2017.10.11 13:00:00.093,12.91011,12.91249,0.00,0.00
2017.10.11 13:00:00.396,12.91011,12.91239,0.00,0.00
2017.10.11 13:00:00.504,12.91011,12.91249,0.00,0.00
2017.10.11 13:00:00.605,12.91012,12.91238,0.00,0.00
2017.10.11 13:00:00.706,12.91011,12.91251,0.00,0.00
2017.10.11 13:00:00.857,12.91011,12.91239,0.00,0.00
2017.10.11 13:00:01.374,12.91011,12.91222,0.00,0.00
2017.10.11 13:00:01.715,12.91011,12.91219,0.00,0.00
2017.10.11 13:00:02.018,12.91011,12.91202,0.00,0.00
2017.10.11 13:00:02.071,12.91011,12.91209,0.00,0.00
2017.10.11 13:00:02.171,12.91011,12.91211,0.00,0.00
2017.10.11 13:00:02.300,12.91012,12.91228,0.00,0.00
2017.10.11 13:00:02.452,12.91011,12.91239,0.00,0.00
2017.10.11 13:00:02.589,12.91011,12.91229,0.00,0.00
2017.10.11 13:00:03.198,12.91012,12.91228,0.00,0.00
2017.10.11 13:00:03.733,12.91011,12.91229,0.00,0.00
2017.10.11 13:00:03.784,12.91011,12.91239,0.00,0.00
2017.10.11 13:00:03.935,12.91011,12.91229,0.00,0.00
2017.10.11 13:00:04.843,12.91011,12.91231,0.00,0.00
2017.10.11 13:00:04.956,12.91011,12.91239,0.00,0.00
2017.10.11 13:00:05.214,12.91011,12.91209,0.00,0.00
2017.10.11 13:00:05.315,12.91011,12.91219,0.00,0.00
2017.10.11 13:00:05.555,12.91012,12.91222,0.00,0.00
2017.10.11 13:00:05.686,12.91011,12.91219,0.00,0.00
2017.10.11 13:00:06.005,12.91012,12.91222,0.00,0.00
2017.10.11 13:00:06.056,12.91072,12.91222,0.00,0.00
2017.10.11 13:00:06.106,12.91071,12.91239,0.00,0.00
2017.10.11 13:00:06.157,12.91012,12.91251,0.00,0.00
2017.10.11 13:00:06.258,12.91011,12.91239,0.00,0.00
2017.10.11 13:00:06.308,12.91022,12.91252,0.00,0.00
2017.10.11 13:00:06.409,12.91021,12.91222,0.00,0.00
2017.10.11 13:00:06.510,12.91031,12.91259,0.00,0.00
2017.10.11 13:00:06.561,12.91021,12.91259,0.00,0.00
2017.10.11 13:00:06.662,12.91041,12.91222,0.00,0.00
2017.10.11 13:00:06.782,12.91041,12.91259,0.00,0.00
2017.10.11 13:00:07.075,12.91031,12.91259,0.00,0.00
2017.10.11 13:00:07.125,12.91072,12.91262,0.00,0.00
2017.10.11 13:00:07.277,12.91098,12.91319,0.00,0.00
2017.10.11 13:00:07.428,12.91039,12.91238,0.00,0.00
2017.10.11 13:00:07.478,12.91012,12.91238,0.00,0.00
2017.10.11 13:00:07.529,12.91011,12.91259,0.00,0.00
2017.10.11 13:00:07.579,12.91011,12.91222,0.00,0.00
2017.10.11 13:00:07.781,12.91011,12.91229,0.00,0.00
2017.10.11 13:00:07.886,12.91012,12.91212,0.00,0.00
2017.10.11 13:00:08.165,12.91011,12.91229,0.00,0.00
2017.10.11 13:00:08.378,12.91012,12.91211,0.00,0.00
2017.10.11 13:00:08.479,12.91012,12.91228,0.00,0.00
2017.10.11 13:00:08.782,12.91021,12.91229,0.00,0.00
2017.10.11 13:00:08.987,12.91012,12.91228,0.00,0.00
2017.10.11 13:00:09.485,12.91012,12.91211,0.00,0.00
2017.10.11 13:00:09.815,12.91012,12.91208,0.00,0.00
2017.10.11 13:00:10.147,12.90929,12.91142,0.00,0.00
2017.10.11 13:00:10.197,12.90941,12.91142,0.00,0.00
2017.10.11 13:00:10.434,12.91011,12.91219,0.00,0.00
2017.10.11 13:00:10.485,12.90972,12.91218,0.00,0.00
2017.10.11 13:00:10.636,12.91012,12.91228,0.00,0.00
2017.10.11 13:00:10.938,12.90971,12.91219,0.00,0.00
2017.10.11 13:00:10.989,12.90928,12.91142,0.00,0.00
2017.10.11 13:00:11.090,12.90912,12.91132,0.00,0.00
2017.10.11 13:00:11.291,12.90921,12.91132,0.00,0.00
2017.10.11 13:00:11.392,12.90911,12.91132,0.00,0.00
2017.10.11 13:00:11.603,12.90941,12.91132,0.00,0.00
2017.10.11 13:00:11.705,12.90942,12.91142,0.00,0.00
2017.10.11 13:00:11.756,12.90911,12.91142,0.00,0.00
2017.10.11 13:00:11.907,12.90922,12.91131,0.00,0.00
2017.10.11 13:00:12.071,12.90922,12.91142,0.00,0.00
2017.10.11 13:00:12.354,12.91011,12.91162,0.00,0.00
2017.10.11 13:00:12.404,12.90971,12.91132,0.00,0.00
2017.10.11 13:00:12.505,12.90971,12.91179,0.00,0.00
2017.10.11 13:00:12.556,12.91012,12.91192,0.00,0.00
2017.10.11 13:00:12.607,12.91012,12.91211,0.00,0.00
2017.10.11 13:00:12.708,12.91011,12.91229,0.00,0.00
2017.10.11 13:00:12.763,12.91011,12.91219,0.00,0.00
2017.10.11 13:00:13.585,12.91011,12.91212,0.00,0.00
2017.10.11 13:00:13.774,12.91012,12.91218,0.00,0.00
2017.10.11 13:00:13.875,12.91011,12.91209,0.00,0.00
2017.10.11 13:00:14.144,12.90972,12.91178,0.00,0.00
2017.10.11 13:00:14.275,12.90971,12.91172,0.00,0.00
2017.10.11 13:00:14.575,12.90971,12.91179,0.00,0.00
2017.10.11 13:00:14.815,12.90971,12.91171,0.00,0.00
2017.10.11 13:00:14.876,12.90971,12.91179,0.00,0.00
2017.10.11 13:00:15.018,12.91011,12.91192,0.00,0.00
2017.10.11 13:00:15.069,12.91011,12.91202,0.00,0.00
2017.10.11 13:00:15.221,12.91012,12.91218,0.00,0.00
2017.10.11 13:00:15.303,12.91012,12.91208,0.00,0.00
2017.10.11 13:00:15.428,12.90971,12.91211,0.00,0.00
2017.10.11 13:00:15.606,12.90971,12.91202,0.00,0.00
2017.10.11 13:00:15.954,12.91011,12.91141,0.00,0.00
2017.10.11 13:00:16.005,12.91011,12.91162,0.00,0.00
2017.10.11 13:00:16.106,12.91011,12.91229,0.00,0.00
2017.10.11 13:00:16.296,12.91012,12.91211,0.00,0.00
2017.10.11 13:00:16.605,12.91012,12.91198,0.00,0.00
2017.10.11 13:00:16.656,12.91012,12.91208,0.00,0.00
2017.10.11 13:00:17.063,12.91012,12.91188,0.00,0.00
2017.10.11 13:00:17.382,12.91011,12.91199,0.00,0.00
2017.10.11 13:00:17.703,12.91012,12.91178,0.00,0.00
2017.10.11 13:00:17.804,12.91011,12.91199,0.00,0.00
2017.10.11 13:00:18.282,12.91012,12.91188,0.00,0.00
2017.10.11 13:00:18.383,12.91011,12.91199,0.00,0.00
2017.10.11 13:00:18.491,12.91012,12.91208,0.00,0.00
2017.10.11 13:00:18.543,12.91011,12.91189,0.00,0.00
2017.10.11 13:00:18.981,12.91012,12.91178,0.00,0.00
2017.10.11 13:00:19.312,12.91012,12.91168,0.00,0.00
2017.10.11 13:00:19.362,12.91012,12.91198,0.00,0.00
2017.10.11 13:00:19.413,12.90968,12.91212,0.00,0.00
2017.10.11 13:00:19.463,12.91011,12.91199,0.00,0.00
2017.10.11 13:00:19.514,12.91011,12.91209,0.00,0.00
2017.10.11 13:00:19.715,12.91012,12.91218,0.00,0.00
2017.10.11 13:00:19.823,12.91012,12.91198,0.00,0.00
2017.10.11 13:00:20.284,12.91012,12.91188,0.00,0.00
2017.10.11 13:00:20.905,12.90971,12.91189,0.00,0.00
2017.10.11 13:00:20.956,12.90928,12.91142,0.00,0.00
2017.10.11 13:00:21.006,12.90922,12.91141,0.00,0.00
2017.10.11 13:00:21.057,12.91011,12.91141,0.00,0.00
2017.10.11 13:00:21.208,12.91012,12.91218,0.00,0.00
2017.10.11 13:00:21.537,12.91011,12.91229,0.00,0.00
2017.10.11 13:00:22.724,12.91012,12.91228,0.00,0.00
2017.10.11 13:00:22.790,12.91012,12.91222,0.00,0.00
2017.10.11 13:00:23.090,12.91011,12.91229,0.00,0.00
2017.10.11 13:00:23.431,12.91011,12.91209,0.00,0.00
2017.10.11 13:00:23.942,12.91012,12.91208,0.00,0.00
2017.10.11 13:00:23.993,12.91011,12.91219,0.00,0.00
2017.10.11 13:00:24.176,12.91011,12.91229,0.00,0.00
2017.10.11 13:00:24.730,12.91012,12.91228,0.00,0.00
2017.10.11 13:00:25.245,12.91011,12.91229,0.00,0.00
2017.10.11 13:00:26.598,12.91012,12.91228,0.00,0.00
2017.10.11 13:00:27.039,12.91021,12.91229,0.00,0.00
2017.10.11 13:00:27.600,12.91012,12.91228,0.00,0.00
2017.10.11 13:00:27.776,12.91112,12.91272,0.00,0.00
2017.10.11 13:00:27.827,12.91112,12.91291,0.00,0.00
2017.10.11 13:00:27.930,12.91111,12.91329,0.00,0.00
2017.10.11 13:00:28.186,12.91111,12.91309,0.00,0.00
2017.10.11 13:00:28.287,12.91112,12.91322,0.00,0.00
2017.10.11 13:00:28.813,12.91112,12.91328,0.00,0.00
2017.10.11 13:00:28.914,12.91112,12.91321,0.00,0.00
2017.10.11 13:00:29.455,12.91111,12.91321,0.00,0.00
2017.10.11 13:00:29.506,12.91111,12.91329,0.00,0.00
2017.10.11 13:00:29.643,12.91111,12.91321,0.00,0.00
2017.10.11 13:00:29.904,12.91111,12.91329,0.00,0.00
2017.10.11 13:00:30.105,12.91112,12.91322,0.00,0.00
2017.10.11 13:00:30.627,12.91111,12.91329,0.00,0.00
2017.10.11 13:00:31.106,12.91112,12.91321,0.00,0.00
2017.10.11 13:00:31.333,12.91111,12.91329,0.00,0.00
2017.10.11 13:00:31.805,12.91069,12.91249,0.00,0.00
2017.10.11 13:00:31.856,12.91019,12.91228,0.00,0.00
2017.10.11 13:00:32.032,12.91011,12.91229,0.00,0.00
2017.10.11 13:00:32.909,12.91011,12.91221,0.00,0.00
2017.10.11 13:00:33.109,12.91011,12.91229,0.00,0.00
2017.10.11 13:00:33.659,12.91012,12.91222,0.00,0.00
2017.10.11 13:00:34.011,12.91012,12.91228,0.00,0.00
2017.10.11 13:00:34.688,12.91011,12.91229,0.00,0.00
2017.10.11 13:00:35.217,12.91011,12.91228,0.00,0.00
2017.10.11 13:00:35.268,12.91011,12.91218,0.00,0.00
2017.10.11 13:00:35.368,12.91011,12.91229,0.00,0.00
2017.10.11 13:00:36.065,12.91011,12.91228,0.00,0.00
2017.10.11 13:00:36.274,12.91011,12.91219,0.00,0.00
2017.10.11 13:00:36.375,12.91011,12.91228,0.00,0.00
2017.10.11 13:00:36.824,12.91011,12.91219,0.00,0.00
2017.10.11 13:00:37.119,12.91012,12.91228,0.00,0.00
2017.10.11 13:00:37.175,12.91012,12.91218,0.00,0.00
2017.10.11 13:00:37.490,12.91012,12.91228,0.00,0.00
2017.10.11 13:00:37.592,12.91021,12.91229,0.00,0.00
2017.10.11 13:00:38.049,12.91011,12.91229,0.00,0.00
2017.10.11 13:00:38.200,12.91021,12.91229,0.00,0.00
2017.10.11 13:00:38.300,12.91011,12.91229,0.00,0.00
2017.10.11 13:00:38.451,12.91011,12.91221,0.00,0.00
2017.10.11 13:00:39.021,12.91011,12.91229,0.00,0.00
2017.10.11 13:00:39.822,12.91011,12.91221,0.00,0.00
2017.10.11 13:00:40.135,12.91011,12.91229,0.00,0.00
2017.10.11 13:00:40.263,12.91022,12.91228,0.00,0.00
2017.10.11 13:00:40.497,12.91011,12.91229,0.00,0.00
2017.10.11 13:00:40.630,12.91012,12.91222,0.00,0.00
2017.10.11 13:00:40.826,12.91011,12.91229,0.00,0.00
2017.10.11 13:00:42.107,12.91012,12.91228,0.00,0.00
2017.10.11 13:00:42.157,12.91012,12.91222,0.00,0.00
2017.10.11 13:00:42.208,12.90938,12.91158,0.00,0.00
2017.10.11 13:00:42.259,12.90918,12.91128,0.00,0.00
2017.10.11 13:00:42.561,12.90931,12.91129,0.00,0.00
2017.10.11 13:00:42.865,12.90971,12.91129,0.00,0.00
2017.10.11 13:00:42.916,12.90961,12.91129,0.00,0.00
2017.10.11 13:00:43.156,12.90969,12.91179,0.00,0.00
2017.10.11 13:00:43.207,12.90972,12.91128,0.00,0.00
2017.10.11 13:00:43.724,12.91041,12.91171,0.00,0.00
2017.10.11 13:00:43.875,12.91042,12.91228,0.00,0.00
2017.10.11 13:00:43.926,12.91021,12.91229,0.00,0.00
2017.10.11 13:00:43.992,12.91012,12.91228,0.00,0.00
2017.10.11 13:00:44.043,12.91011,12.91222,0.00,0.00
2017.10.11 13:00:44.345,12.91041,12.91229,0.00,0.00
2017.10.11 13:00:45.052,12.91032,12.91228,0.00,0.00
2017.10.11 13:00:45.283,12.91042,12.91228,0.00,0.00
2017.10.11 13:00:45.574,12.91072,12.91281,0.00,0.00
2017.10.11 13:00:45.674,12.91012,12.91242,0.00,0.00
2017.10.11 13:00:45.775,12.91011,12.91231,0.00,0.00
2017.10.11 13:00:46.414,12.91012,12.91231,0.00,0.00
2017.10.11 13:00:46.884,12.91022,12.91221,0.00,0.00
2017.10.11 13:00:46.934,12.91011,12.91221,0.00,0.00
2017.10.11 13:00:46.985,12.91011,12.91242,0.00,0.00
2017.10.11 13:00:47.086,12.91011,12.91221,0.00,0.00
2017.10.11 13:00:47.253,12.91012,12.91242,0.00,0.00
2017.10.11 13:00:47.573,12.91011,12.91222,0.00,0.00
2017.10.11 13:00:48.147,12.91011,12.91231,0.00,0.00
2017.10.11 13:00:48.654,12.91012,12.91231,0.00,0.00
2017.10.11 13:00:48.755,12.91012,12.91241,0.00,0.00
2017.10.11 13:00:49.382,12.91011,12.91242,0.00,0.00
2017.10.11 13:00:49.783,12.91011,12.91222,0.00,0.00
2017.10.11 13:00:50.583,12.91012,12.91222,0.00,0.00
2017.10.11 13:00:51.212,12.91011,12.91221,0.00,0.00
2017.10.11 13:00:51.566,12.90941,12.91142,0.00,0.00
2017.10.11 13:00:51.616,12.90939,12.91142,0.00,0.00
2017.10.11 13:00:51.667,12.90922,12.91141,0.00,0.00
2017.10.11 13:00:51.718,12.90912,12.91141,0.00,0.00
2017.10.11 13:00:51.768,12.90922,12.91132,0.00,0.00
2017.10.11 13:00:52.006,12.90911,12.91132,0.00,0.00
2017.10.11 13:00:52.890,12.90911,12.91142,0.00,0.00
2017.10.11 13:00:53.496,12.90921,12.91142,0.00,0.00
2017.10.11 13:00:53.798,12.90932,12.91132,0.00,0.00
2017.10.11 13:00:53.899,12.90931,12.91142,0.00,0.00
2017.10.11 13:00:54.000,12.90911,12.91131,0.00,0.00
2017.10.11 13:00:54.115,12.90932,12.91131,0.00,0.00
2017.10.11 13:00:54.166,12.90931,12.91142,0.00,0.00
2017.10.11 13:00:54.267,12.90941,12.91142,0.00,0.00
2017.10.11 13:00:54.449,12.90922,12.91142,0.00,0.00
2017.10.11 13:00:54.500,12.90922,12.91131,0.00,0.00
2017.10.11 13:00:54.550,12.90912,12.91131,0.00,0.00
2017.10.11 13:00:54.601,12.90922,12.91131,0.00,0.00
2017.10.11 13:00:54.651,12.90911,12.91131,0.00,0.00
2017.10.11 13:00:54.760,12.91011,12.91131,0.00,0.00
2017.10.11 13:00:54.810,12.91011,12.91161,0.00,0.00
2017.10.11 13:00:54.861,12.90982,12.91161,0.00,0.00
2017.10.11 13:00:54.964,12.90981,12.91179,0.00,0.00
2017.10.11 13:00:55.030,12.91011,12.91179,0.00,0.00
2017.10.11 13:00:55.081,12.91011,12.91211,0.00,0.00
2017.10.11 13:00:55.182,12.91011,12.91229,0.00,0.00
2017.10.11 13:00:55.855,12.91012,12.91228,0.00,0.00
2017.10.11 13:00:56.286,12.91011,12.91222,0.00,0.00
2017.10.11 13:00:56.594,12.91011,12.91211,0.00,0.00
2017.10.11 13:00:56.773,12.91011,12.91219,0.00,0.00
2017.10.11 13:00:56.823,12.91011,12.91209,0.00,0.00
2017.10.11 13:00:57.217,12.90992,12.91212,0.00,0.00
2017.10.11 13:00:57.267,12.90991,12.91179,0.00,0.00
2017.10.11 13:00:57.368,12.90928,12.91129,0.00,0.00
2017.10.11 13:00:57.419,12.90911,12.91129,0.00,0.00
2017.10.11 13:00:57.470,12.91012,12.91142,0.00,0.00
2017.10.11 13:00:57.583,12.91011,12.91229,0.00,0.00
2017.10.11 13:00:58.098,12.91012,12.91228,0.00,0.00
2017.10.11 13:00:58.503,12.91011,12.91209,0.00,0.00
2017.10.11 13:00:58.694,12.90928,12.91179,0.00,0.00
2017.10.11 13:00:58.745,12.90928,12.91129,0.00,0.00
2017.10.11 13:00:58.796,12.90921,12.91129,0.00,0.00
2017.10.11 13:00:59.263,12.90911,12.91129,0.00,0.00
2017.10.11 13:00:59.314,12.90961,12.91129,0.00,0.00
2017.10.11 13:00:59.496,12.90972,12.91188,0.00,0.00
2017.10.11 13:00:59.547,12.91002,12.91178,0.00,0.00
2017.10.11 13:00:59.884,12.91001,12.91172,0.00,0.00
2017.10.11 13:00:59.984,12.91012,12.91228,0.00,0.00
2017.10.11 13:01:00.760,12.91011,12.91229,0.00,0.00
2017.10.11 13:01:01.315,12.91011,12.91211,0.00,0.00
2017.10.11 13:01:01.933,12.90942,12.91128,0.00,0.00
2017.10.11 13:01:01.983,12.90919,12.91129,0.00,0.00
2017.10.11 13:01:02.034,12.90911,12.91129,0.00,0.00
2017.10.11 13:01:02.587,12.90912,12.91128,0.00,0.00
2017.10.11 13:01:02.637,12.90972,12.91128,0.00,0.00
2017.10.11 13:01:02.688,12.91011,12.91172,0.00,0.00
2017.10.11 13:01:02.789,12.90949,12.91169,0.00,0.00
2017.10.11 13:01:02.895,12.90931,12.91142,0.00,0.00
2017.10.11 13:01:02.996,12.91012,12.91228,0.00,0.00
2017.10.11 13:01:03.147,12.91012,12.91218,0.00,0.00
2017.10.11 13:01:03.198,12.91011,12.91229,0.00,0.00
2017.10.11 13:01:03.308,12.91012,12.91211,0.00,0.00
2017.10.11 13:01:03.409,12.91011,12.91229,0.00,0.00
2017.10.11 13:01:03.563,12.91011,12.91219,0.00,0.00
2017.10.11 13:01:04.016,12.91011,12.91191,0.00,0.00
2017.10.11 13:01:04.143,12.90921,12.91152,0.00,0.00
2017.10.11 13:01:04.194,12.90921,12.91129,0.00,0.00
2017.10.11 13:01:04.515,12.90971,12.91129,0.00,0.00
2017.10.11 13:01:04.803,12.90961,12.91129,0.00,0.00
2017.10.11 13:01:05.465,12.90962,12.91128,0.00,0.00
2017.10.11 13:01:05.644,12.90932,12.91128,0.00,0.00
2017.10.11 13:01:05.846,12.90932,12.91141,0.00,0.00
2017.10.11 13:01:05.995,12.90932,12.91178,0.00,0.00
2017.10.11 13:01:06.090,12.90931,12.91169,0.00,0.00
2017.10.11 13:01:06.297,12.90918,12.91158,0.00,0.00
2017.10.11 13:01:06.348,12.90921,12.91162,0.00,0.00
2017.10.11 13:01:06.899,12.90921,12.91161,0.00,0.00
2017.10.11 13:01:06.950,12.90941,12.91161,0.00,0.00
2017.10.11 13:01:07.048,12.90931,12.91161,0.00,0.00
2017.10.11 13:01:07.168,12.90918,12.91138,0.00,0.00
2017.10.11 13:01:07.497,12.90918,12.91132,0.00,0.00
2017.10.11 13:01:07.649,12.90918,12.91151,0.00,0.00
2017.10.11 13:01:07.749,12.90918,12.91132,0.00,0.00
2017.10.11 13:01:08.020,12.90918,12.91159,0.00,0.00
2017.10.11 13:01:08.121,12.90921,12.91162,0.00,0.00
2017.10.11 13:01:08.465,12.90962,12.91171,0.00,0.00
2017.10.11 13:01:08.515,12.90961,12.91181,0.00,0.00
2017.10.11 13:01:08.876,12.90961,12.91161,0.00,0.00
2017.10.11 13:01:09.028,12.90962,12.91182,0.00,0.00
2017.10.11 13:01:09.128,12.90941,12.91152,0.00,0.00
2017.10.11 13:01:09.373,12.90932,12.91152,0.00,0.00
2017.10.11 13:01:09.424,12.90922,12.91152,0.00,0.00
2017.10.11 13:01:09.525,12.90922,12.91132,0.00,0.00
2017.10.11 13:01:09.809,12.90922,12.91142,0.00,0.00
2017.10.11 13:01:10.228,12.90941,12.91142,0.00,0.00
2017.10.11 13:01:10.329,12.90941,12.91152,0.00,0.00
2017.10.11 13:01:10.713,12.90941,12.91162,0.00,0.00
2017.10.11 13:01:10.764,12.90922,12.91158,0.00,0.00
2017.10.11 13:01:10.814,12.90922,12.91141,0.00,0.00
2017.10.11 13:01:11.314,12.90921,12.91132,0.00,0.00
2017.10.11 13:01:11.815,12.90921,12.91151,0.00,0.00
2017.10.11 13:01:12.077,12.90931,12.91151,0.00,0.00
2017.10.11 13:01:12.128,12.90931,12.91171,0.00,0.00
2017.10.11 13:01:12.229,12.90942,12.91171,0.00,0.00
2017.10.11 13:01:12.430,12.90931,12.91182,0.00,0.00
2017.10.11 13:01:12.531,12.90932,12.91178,0.00,0.00
2017.10.11 13:01:12.870,12.90931,12.91141,0.00,0.00
2017.10.11 13:01:13.030,12.90932,12.91152,0.00,0.00
2017.10.11 13:01:13.081,12.90921,12.91152,0.00,0.00
2017.10.11 13:01:13.131,12.90921,12.91141,0.00,0.00
2017.10.11 13:01:13.232,12.90921,12.91159,0.00,0.00
2017.10.11 13:01:13.413,12.90931,12.91171,0.00,0.00
2017.10.11 13:01:13.520,12.90931,12.91142,0.00,0.00
2017.10.11 13:01:13.774,12.90921,12.91142,0.00,0.00
2017.10.11 13:01:14.246,12.90931,12.91142,0.00,0.00
2017.10.11 13:01:14.577,12.90921,12.91142,0.00,0.00
2017.10.11 13:01:15.253,12.90922,12.91142,0.00,0.00
2017.10.11 13:01:15.819,12.90921,12.91142,0.00,0.00
2017.10.11 13:01:16.333,12.90921,12.91161,0.00,0.00
2017.10.11 13:01:16.559,12.90921,12.91159,0.00,0.00
2017.10.11 13:01:17.144,12.90921,12.91081,0.00,0.00
2017.10.11 13:01:17.195,12.90848,12.91068,0.00,0.00
2017.10.11 13:01:17.292,12.90822,12.91068,0.00,0.00
2017.10.11 13:01:17.343,12.90828,12.91041,0.00,0.00
2017.10.11 13:01:17.791,12.90831,12.91042,0.00,0.00
2017.10.11 13:01:17.841,12.90841,12.91072,0.00,0.00
2017.10.11 13:01:17.943,12.90851,12.91072,0.00,0.00
2017.10.11 13:01:18.384,12.90851,12.91061,0.00,0.00
2017.10.11 13:01:18.775,12.90842,12.91061,0.00,0.00
2017.10.11 13:01:18.876,12.90841,12.91042,0.00,0.00
2017.10.11 13:01:18.977,12.90831,12.91042,0.00,0.00
2017.10.11 13:01:19.124,12.90828,12.91042,0.00,0.00
2017.10.11 13:01:19.375,12.90828,12.91032,0.00,0.00
2017.10.11 13:01:19.933,12.90828,12.91052,0.00,0.00
2017.10.11 13:01:20.034,12.90828,12.91042,0.00,0.00
2017.10.11 13:01:20.185,12.90802,12.91018,0.00,0.00
2017.10.11 13:01:20.235,12.90801,12.90999,0.00,0.00
2017.10.11 13:01:20.287,12.90762,12.90988,0.00,0.00
2017.10.11 13:01:20.645,12.90751,12.90989,0.00,0.00
2017.10.11 13:01:20.746,12.90762,12.90988,0.00,0.00
2017.10.11 13:01:21.066,12.90822,12.91038,0.00,0.00
2017.10.11 13:01:21.385,12.90828,12.91029,0.00,0.00
2017.10.11 13:01:21.486,12.90828,12.91039,0.00,0.00
2017.10.11 13:01:21.882,12.90828,12.91029,0.00,0.00
2017.10.11 13:01:22.226,12.90828,12.91022,0.00,0.00
2017.10.11 13:01:22.451,12.90752,12.90988,0.00,0.00
2017.10.11 13:01:22.552,12.90741,12.90982,0.00,0.00
2017.10.11 13:01:22.603,12.90812,12.90982,0.00,0.00
2017.10.11 13:01:22.754,12.90829,12.91039,0.00,0.00
2017.10.11 13:01:22.889,12.90829,12.91028,0.00,0.00
2017.10.11 13:01:22.990,12.90829,12.91042,0.00,0.00
2017.10.11 13:01:23.041,12.90829,12.91018,0.00,0.00
2017.10.11 13:01:23.233,12.90829,12.91029,0.00,0.00
2017.10.11 13:01:23.284,12.90829,12.91039,0.00,0.00
2017.10.11 13:01:23.424,12.90829,12.91028,0.00,0.00
2017.10.11 13:01:23.749,12.90811,12.91032,0.00,0.00
2017.10.11 13:01:23.800,12.90811,12.91029,0.00,0.00
2017.10.11 13:01:23.850,12.90782,12.91021,0.00,0.00
2017.10.11 13:01:23.951,12.90771,12.90992,0.00,0.00
2017.10.11 13:01:24.263,12.90781,12.91012,0.00,0.00
2017.10.11 13:01:24.346,12.90781,12.91002,0.00,0.00
2017.10.11 13:01:24.647,12.90781,12.91011,0.00,0.00
2017.10.11 13:01:24.847,12.90781,12.91031,0.00,0.00
2017.10.11 13:01:25.283,12.90782,12.91011,0.00,0.00
2017.10.11 13:01:25.758,12.90731,12.90942,0.00,0.00
2017.10.11 13:01:25.858,12.90731,12.90972,0.00,0.00
2017.10.11 13:01:25.909,12.90742,12.90972,0.00,0.00
2017.10.11 13:01:26.060,12.90732,12.90972,0.00,0.00
2017.10.11 13:01:26.161,12.90732,12.90952,0.00,0.00
2017.10.11 13:01:26.451,12.90731,12.90959,0.00,0.00
2017.10.11 13:01:26.602,12.90688,12.90889,0.00,0.00
2017.10.11 13:01:26.653,12.90642,12.90871,0.00,0.00
2017.10.11 13:01:26.804,12.90811,12.90911,0.00,0.00
2017.10.11 13:01:26.854,12.90812,12.90941,0.00,0.00
2017.10.11 13:01:26.905,12.90861,12.90961,0.00,0.00
2017.10.11 13:01:26.956,12.90861,12.91082,0.00,0.00
2017.10.11 13:01:27.006,12.90911,12.91082,0.00,0.00
2017.10.11 13:01:27.057,12.90931,12.91139,0.00,0.00
2017.10.11 13:01:27.108,12.90941,12.91149,0.00,0.00
2017.10.11 13:01:27.419,12.90872,12.91088,0.00,0.00
2017.10.11 13:01:27.470,12.90852,12.91058,0.00,0.00
2017.10.11 13:01:27.814,12.90851,12.91041,0.00,0.00
2017.10.11 13:01:27.865,12.90831,12.91041,0.00,0.00
2017.10.11 13:01:27.966,12.90831,12.91032,0.00,0.00
2017.10.11 13:01:28.377,12.90831,12.91022,0.00,0.00
2017.10.11 13:01:28.763,12.90811,12.91039,0.00,0.00
2017.10.11 13:01:28.814,12.90811,12.91042,0.00,0.00
2017.10.11 13:01:28.865,12.90831,12.91012,0.00,0.00
2017.10.11 13:01:28.966,12.90831,12.91032,0.00,0.00
2017.10.11 13:01:29.067,12.90832,12.91052,0.00,0.00
2017.10.11 13:01:29.357,12.90831,12.91062,0.00,0.00
2017.10.11 13:01:29.599,12.90831,12.91042,0.00,0.00
2017.10.11 13:01:30.384,12.90832,12.91042,0.00,0.00
2017.10.11 13:01:30.804,12.90831,12.91052,0.00,0.00
2017.10.11 13:01:31.249,12.90878,12.91052,0.00,0.00
2017.10.11 13:01:31.299,12.90878,12.91081,0.00,0.00
2017.10.11 13:01:31.400,12.90878,12.91102,0.00,0.00
2017.10.11 13:01:31.451,12.90892,12.91102,0.00,0.00
2017.10.11 13:01:32.162,12.90892,12.91072,0.00,0.00
2017.10.11 13:01:32.802,12.90871,12.91072,0.00,0.00
2017.10.11 13:01:32.903,12.90878,12.91072,0.00,0.00
2017.10.11 13:01:33.064,12.90878,12.91081,0.00,0.00
2017.10.11 13:01:33.114,12.90911,12.91081,0.00,0.00
2017.10.11 13:01:33.316,12.90928,12.91152,0.00,0.00
2017.10.11 13:01:33.467,12.90928,12.91121,0.00,0.00
2017.10.11 13:01:33.772,12.91022,12.91122,0.00,0.00
2017.10.11 13:01:33.873,12.90968,12.91202,0.00,0.00
2017.10.11 13:01:33.924,12.91031,12.91202,0.00,0.00
2017.10.11 13:01:33.975,12.91031,12.91261,0.00,0.00
2017.10.11 13:01:34.126,12.91041,12.91261,0.00,0.00
2017.10.11 13:01:34.655,12.91042,12.91262,0.00,0.00
2017.10.11 13:01:34.971,12.91042,12.91251,0.00,0.00
2017.10.11 13:01:35.393,12.91051,12.91231,0.00,0.00
2017.10.11 13:01:35.874,12.91051,12.91251,0.00,0.00
2017.10.11 13:01:36.336,12.91101,12.91251,0.00,0.00
2017.10.11 13:01:36.386,12.91082,12.91291,0.00,0.00
2017.10.11 13:01:36.487,12.91082,12.91311,0.00,0.00
2017.10.11 13:01:36.538,12.91121,12.91311,0.00,0.00
2017.10.11 13:01:36.589,12.91122,12.91341,0.00,0.00
2017.10.11 13:01:36.855,12.91121,12.91339,0.00,0.00
2017.10.11 13:01:37.025,12.91082,12.91318,0.00,0.00
2017.10.11 13:01:37.078,12.91082,12.91292,0.00,0.00
2017.10.11 13:01:37.286,12.91068,12.91289,0.00,0.00
2017.10.11 13:01:37.337,12.91021,12.91282,0.00,0.00
2017.10.11 13:01:37.387,12.91021,12.91242,0.00,0.00
2017.10.11 13:01:37.690,12.91142,12.91358,0.00,0.00
2017.10.11 13:01:37.992,12.91122,12.91321,0.00,0.00
2017.10.11 13:01:38.084,12.91122,12.91332,0.00,0.00
2017.10.11 13:01:38.185,12.91122,12.91351,0.00,0.00
2017.10.11 13:01:38.282,12.91122,12.91332,0.00,0.00
2017.10.11 13:01:38.383,12.91122,12.91358,0.00,0.00
2017.10.11 13:01:38.434,12.91142,12.91358,0.00,0.00
2017.10.11 13:01:38.884,12.91142,12.91352,0.00,0.00
2017.10.11 13:01:39.504,12.91141,12.91352,0.00,0.00
2017.10.11 13:01:39.555,12.91132,12.91352,0.00,0.00
2017.10.11 13:01:39.605,12.91131,12.91332,0.00,0.00
2017.10.11 13:01:40.144,12.91121,12.91332,0.00,0.00
2017.10.11 13:01:40.195,12.91121,12.91322,0.00,0.00
2017.10.11 13:01:40.324,12.91121,12.91342,0.00,0.00
2017.10.11 13:01:40.861,12.91122,12.91342,0.00,0.00
2017.10.11 13:01:40.962,12.91122,12.91338,0.00,0.00
2017.10.11 13:01:41.281,12.91122,12.91321,0.00,0.00
2017.10.11 13:01:41.769,12.91118,12.91288,0.00,0.00
2017.10.11 13:01:41.819,12.91078,12.91278,0.00,0.00
2017.10.11 13:01:41.870,12.91078,12.91269,0.00,0.00
2017.10.11 13:01:42.300,12.91061,12.91271,0.00,0.00
2017.10.11 13:01:42.351,12.91119,12.91271,0.00,0.00
2017.10.11 13:01:42.401,12.91071,12.91302,0.00,0.00
2017.10.11 13:01:42.553,12.91102,12.91288,0.00,0.00
2017.10.11 13:01:42.823,12.91072,12.91281,0.00,0.00
2017.10.11 13:01:42.964,12.91042,12.91281,0.00,0.00
2017.10.11 13:01:43.015,12.91021,12.91242,0.00,0.00
2017.10.11 13:01:43.303,12.91022,12.91262,0.00,0.00
2017.10.11 13:01:43.404,12.91022,12.91232,0.00,0.00
2017.10.11 13:01:43.733,12.91021,12.91251,0.00,0.00
2017.10.11 13:01:43.843,12.91022,12.91232,0.00,0.00
2017.10.11 13:01:44.344,12.91021,12.91232,0.00,0.00
2017.10.11 13:01:44.447,12.91022,12.91252,0.00,0.00
2017.10.11 13:01:44.603,12.91022,12.91272,0.00,0.00
2017.10.11 13:01:44.765,12.91041,12.91272,0.00,0.00
2017.10.11 13:01:45.419,12.91041,12.91269,0.00,0.00
2017.10.11 13:01:45.734,12.91021,12.91269,0.00,0.00
2017.10.11 13:01:45.785,12.91021,12.91259,0.00,0.00
2017.10.11 13:01:46.265,12.91041,12.91272,0.00,0.00
2017.10.11 13:01:46.517,12.91091,12.91331,0.00,0.00
2017.10.11 13:01:46.719,12.91091,12.91302,0.00,0.00
2017.10.11 13:01:47.044,12.91071,12.91282,0.00,0.00
2017.10.11 13:01:47.518,12.91102,12.91298,0.00,0.00
2017.10.11 13:01:47.569,12.91081,12.91302,0.00,0.00
2017.10.11 13:01:47.670,12.91041,12.91282,0.00,0.00
2017.10.11 13:01:47.720,12.91041,12.91262,0.00,0.00
2017.10.11 13:01:48.033,12.91021,12.91262,0.00,0.00
2017.10.11 13:01:48.084,12.91021,12.91259,0.00,0.00
2017.10.11 13:01:48.498,12.91022,12.91242,0.00,0.00
2017.10.11 13:01:48.964,12.91022,12.91258,0.00,0.00
2017.10.11 13:01:49.065,12.91021,12.91241,0.00,0.00
2017.10.11 13:01:49.352,12.91022,12.91261,0.00,0.00
2017.10.11 13:01:49.427,12.91022,12.91241,0.00,0.00
2017.10.11 13:01:49.729,12.91022,12.91262,0.00,0.00
2017.10.11 13:01:49.980,12.91022,12.91241,0.00,0.00
2017.10.11 13:01:50.031,12.91022,12.91262,0.00,0.00
2017.10.11 13:01:50.164,12.91021,12.91242,0.00,0.00
2017.10.11 13:01:50.265,12.91021,12.91269,0.00,0.00
2017.10.11 13:01:50.398,12.91041,12.91282,0.00,0.00
2017.10.11 13:01:50.845,12.91032,12.91282,0.00,0.00
2017.10.11 13:01:50.965,12.91022,12.91282,0.00,0.00
2017.10.11 13:01:51.264,12.91021,12.91269,0.00,0.00
2017.10.11 13:01:51.575,12.91021,12.91242,0.00,0.00
2017.10.11 13:01:51.841,12.91022,12.91261,0.00,0.00
2017.10.11 13:01:52.387,12.91032,12.91261,0.00,0.00
2017.10.11 13:01:52.449,12.91032,12.91281,0.00,0.00
2017.10.11 13:01:52.749,12.91051,12.91281,0.00,0.00
2017.10.11 13:01:53.053,12.91062,12.91282,0.00,0.00
2017.10.11 13:01:53.555,12.91061,12.91282,0.00,0.00
2017.10.11 13:01:53.827,12.91031,12.91269,0.00,0.00
2017.10.11 13:01:53.878,12.91032,12.91252,0.00,0.00
2017.10.11 13:01:54.110,12.91081,12.91332,0.00,0.00
2017.10.11 13:01:54.164,12.91048,12.91279,0.00,0.00
2017.10.11 13:01:54.466,12.91121,12.91329,0.00,0.00
2017.10.11 13:01:54.567,12.91121,12.91339,0.00,0.00
2017.10.11 13:01:55.503,12.91121,12.91329,0.00,0.00
2017.10.11 13:01:55.778,12.91122,12.91332,0.00,0.00
2017.10.11 13:01:56.284,12.91121,12.91339,0.00,0.00
2017.10.11 13:01:56.376,12.91121,12.91332,0.00,0.00
2017.10.11 13:01:56.714,12.91121,12.91339,0.00,0.00
2017.10.11 13:01:56.779,12.91121,12.91332,0.00,0.00
2017.10.11 13:01:56.949,12.91061,12.91282,0.00,0.00
2017.10.11 13:01:57.364,12.91071,12.91282,0.00,0.00
2017.10.11 13:01:57.952,12.91119,12.91301,0.00,0.00
2017.10.11 13:01:58.103,12.91119,12.91318,0.00,0.00
2017.10.11 13:01:58.584,12.91119,12.91309,0.00,0.00
2017.10.11 13:01:58.685,12.91088,12.91288,0.00,0.00
2017.10.11 13:01:58.736,12.91041,12.91281,0.00,0.00
2017.10.11 13:01:58.787,12.91042,12.91268,0.00,0.00
2017.10.11 13:01:59.336,12.91042,12.91252,0.00,0.00
2017.10.11 13:01:59.597,12.91041,12.91269,0.00,0.00
2017.10.11 13:02:00.025,12.91041,12.91252,0.00,0.00
2017.10.11 13:02:00.557,12.91041,12.91251,0.00,0.00
2017.10.11 13:02:00.608,12.91042,12.91258,0.00,0.00
2017.10.11 13:02:00.784,12.91042,12.91268,0.00,0.00
2017.10.11 13:02:00.835,12.91042,12.91251,0.00,0.00
2017.10.11 13:02:01.404,12.91041,12.91251,0.00,0.00
2017.10.11 13:02:01.928,12.91041,12.91249,0.00,0.00
2017.10.11 13:02:02.652,12.91042,12.91248,0.00,0.00
2017.10.11 13:02:03.372,12.91041,12.91269,0.00,0.00
2017.10.11 13:02:03.524,12.91041,12.91279,0.00,0.00
2017.10.11 13:02:03.857,12.91041,12.91269,0.00,0.00
2017.10.11 13:02:03.958,12.91041,12.91279,0.00,0.00
2017.10.11 13:02:04.059,12.91041,12.91269,0.00,0.00
2017.10.11 13:02:05.063,12.91041,12.91271,0.00,0.00
2017.10.11 13:02:05.265,12.91041,12.91281,0.00,0.00
2017.10.11 13:02:05.553,12.91042,12.91271,0.00,0.00
2017.10.11 13:02:05.896,12.91042,12.91261,0.00,0.00
2017.10.11 13:02:06.370,12.91041,12.91281,0.00,0.00
2017.10.11 13:02:06.657,12.91052,12.91281,0.00,0.00
2017.10.11 13:02:06.963,12.91061,12.91281,0.00,0.00
2017.10.11 13:02:07.463,12.91051,12.91281,0.00,0.00
2017.10.11 13:02:07.564,12.91051,12.91262,0.00,0.00
2017.10.11 13:02:07.665,12.91052,12.91281,0.00,0.00
2017.10.11 13:02:08.995,12.91051,12.91281,0.00,0.00
2017.10.11 13:02:09.615,12.91052,12.91281,0.00,0.00
2017.10.11 13:02:09.813,12.91042,12.91281,0.00,0.00
2017.10.11 13:02:09.966,12.91071,12.91262,0.00,0.00
2017.10.11 13:02:10.040,12.91071,12.91281,0.00,0.00
2017.10.11 13:02:10.223,12.91042,12.91281,0.00,0.00
2017.10.11 13:02:10.274,12.91041,12.91272,0.00,0.00
2017.10.11 13:02:10.584,12.91121,12.91329,0.00,0.00
2017.10.11 13:02:10.896,12.91121,12.91339,0.00,0.00
2017.10.11 13:02:10.997,12.91121,12.91329,0.00,0.00
2017.10.11 13:02:11.548,12.91122,12.91318,0.00,0.00
2017.10.11 13:02:11.947,12.91121,12.91329,0.00,0.00
2017.10.11 13:02:12.502,12.91122,12.91328,0.00,0.00
2017.10.11 13:02:12.784,12.91122,12.91262,0.00,0.00
2017.10.11 13:02:12.835,12.91019,12.91262,0.00,0.00
2017.10.11 13:02:12.885,12.91032,12.91238,0.00,0.00
2017.10.11 13:02:13.267,12.91031,12.91229,0.00,0.00
2017.10.11 13:02:13.318,12.91032,12.91238,0.00,0.00
2017.10.11 13:02:13.476,12.91071,12.91252,0.00,0.00
2017.10.11 13:02:13.577,12.91071,12.91281,0.00,0.00
2017.10.11 13:02:13.678,12.91031,12.91279,0.00,0.00
2017.10.11 13:02:13.783,12.91031,12.91261,0.00,0.00
2017.10.11 13:02:14.258,12.91032,12.91252,0.00,0.00
2017.10.11 13:02:14.592,12.90981,12.91189,0.00,0.00
2017.10.11 13:02:14.643,12.91021,12.91239,0.00,0.00
2017.10.11 13:02:14.693,12.91021,12.91209,0.00,0.00
2017.10.11 13:02:14.744,12.91028,12.91229,0.00,0.00
2017.10.11 13:02:14.794,12.91028,12.91222,0.00,0.00
2017.10.11 13:02:14.902,12.91022,12.91228,0.00,0.00
2017.10.11 13:02:14.953,12.91021,12.91232,0.00,0.00
2017.10.11 13:02:15.004,12.91028,12.91258,0.00,0.00
2017.10.11 13:02:15.223,12.91001,12.91189,0.00,0.00
2017.10.11 13:02:15.273,12.90989,12.91228,0.00,0.00
2017.10.11 13:02:15.374,12.90981,12.91182,0.00,0.00
2017.10.11 13:02:15.425,12.90979,12.91182,0.00,0.00
2017.10.11 13:02:15.476,12.90931,12.91179,0.00,0.00
2017.10.11 13:02:15.577,12.90932,12.91162,0.00,0.00
2017.10.11 13:02:16.014,12.90931,12.91159,0.00,0.00
2017.10.11 13:02:16.139,12.90932,12.91162,0.00,0.00
2017.10.11 13:02:16.190,12.90931,12.91159,0.00,0.00
2017.10.11 13:02:16.503,12.90932,12.91148,0.00,0.00
2017.10.11 13:02:17.013,12.90932,12.91168,0.00,0.00
2017.10.11 13:02:17.525,12.90931,12.91169,0.00,0.00
2017.10.11 13:02:19.264,12.90932,12.91168,0.00,0.00
2017.10.11 13:02:19.365,12.90941,12.91171,0.00,0.00
2017.10.11 13:02:19.415,12.90941,12.91181,0.00,0.00
2017.10.11 13:02:19.466,12.90942,12.91158,0.00,0.00
2017.10.11 13:02:19.667,12.90942,12.91162,0.00,0.00
2017.10.11 13:02:19.818,12.90942,12.91178,0.00,0.00
2017.10.11 13:02:19.868,12.90942,12.91168,0.00,0.00
2017.10.11 13:02:20.193,12.90942,12.91152,0.00,0.00
2017.10.11 13:02:20.972,12.90941,12.91152,0.00,0.00
2017.10.11 13:02:21.023,12.90941,12.91169,0.00,0.00
2017.10.11 13:02:21.576,12.90972,12.91182,0.00,0.00
2017.10.11 13:02:21.626,12.90971,12.91192,0.00,0.00
2017.10.11 13:02:22.033,12.90972,12.91188,0.00,0.00
2017.10.11 13:02:22.134,12.90941,12.91172,0.00,0.00
2017.10.11 13:02:22.184,12.90941,12.91162,0.00,0.00
2017.10.11 13:02:22.515,12.90941,12.91159,0.00,0.00
2017.10.11 13:02:23.176,12.90942,12.91158,0.00,0.00
2017.10.11 13:02:23.682,12.90941,12.91159,0.00,0.00
2017.10.11 13:02:23.974,12.90942,12.91168,0.00,0.00
2017.10.11 13:02:24.033,12.90941,12.91179,0.00,0.00
2017.10.11 13:02:24.083,12.90981,12.91219,0.00,0.00
2017.10.11 13:02:24.392,12.90971,12.91172,0.00,0.00
2017.10.11 13:02:24.563,12.90961,12.91172,0.00,0.00
2017.10.11 13:02:25.026,12.90961,12.91161,0.00,0.00
2017.10.11 13:02:25.356,12.91028,12.91161,0.00,0.00
2017.10.11 13:02:25.406,12.91028,12.91259,0.00,0.00
2017.10.11 13:02:25.507,12.91028,12.91261,0.00,0.00
2017.10.11 13:02:25.559,12.91028,12.91258,0.00,0.00
2017.10.11 13:02:25.907,12.90941,12.91162,0.00,0.00
2017.10.11 13:02:26.209,12.90941,12.91152,0.00,0.00
2017.10.11 13:02:27.046,12.90942,12.91152,0.00,0.00
2017.10.11 13:02:27.197,12.90941,12.91179,0.00,0.00
2017.10.11 13:02:27.725,12.90941,12.91169,0.00,0.00
2017.10.11 13:02:28.074,12.90942,12.91142,0.00,0.00
2017.10.11 13:02:28.226,12.90941,12.91162,0.00,0.00
2017.10.11 13:02:28.290,12.90941,12.91179,0.00,0.00
2017.10.11 13:02:28.491,12.90941,12.91141,0.00,0.00
2017.10.11 13:02:28.991,12.90941,12.91161,0.00,0.00
2017.10.11 13:02:29.492,12.90942,12.91142,0.00,0.00
2017.10.11 13:02:29.595,12.90942,12.91178,0.00,0.00
2017.10.11 13:02:30.194,12.90941,12.91179,0.00,0.00
2017.10.11 13:02:30.432,12.90941,12.91169,0.00,0.00
2017.10.11 13:02:30.735,12.90942,12.91152,0.00,0.00
2017.10.11 13:02:31.075,12.90942,12.91142,0.00,0.00
2017.10.11 13:02:31.126,12.90942,12.91158,0.00,0.00
2017.10.11 13:02:31.227,12.90942,12.91142,0.00,0.00
2017.10.11 13:02:31.395,12.90941,12.91169,0.00,0.00
2017.10.11 13:02:31.902,12.90941,12.91172,0.00,0.00
2017.10.11 13:02:32.003,12.90951,12.91172,0.00,0.00
2017.10.11 13:02:32.104,12.90942,12.91181,0.00,0.00
2017.10.11 13:02:32.297,12.90942,12.91151,0.00,0.00
2017.10.11 13:02:32.614,12.90941,12.91172,0.00,0.00
2017.10.11 13:02:32.797,12.90942,12.91142,0.00,0.00
2017.10.11 13:02:33.100,12.91038,12.91231,0.00,0.00
2017.10.11 13:02:33.225,12.91038,12.91249,0.00,0.00
2017.10.11 13:02:33.305,12.91038,12.91239,0.00,0.00
2017.10.11 13:02:33.807,12.91022,12.91202,0.00,0.00
2017.10.11 13:02:33.858,12.90971,12.91189,0.00,0.00
2017.10.11 13:02:33.958,12.91012,12.91222,0.00,0.00
2017.10.11 13:02:34.210,12.91039,12.91252,0.00,0.00
2017.10.11 13:02:34.447,12.91039,12.91221,0.00,0.00
2017.10.11 13:02:34.548,12.91039,12.91251,0.00,0.00
2017.10.11 13:02:34.943,12.91039,12.91189,0.00,0.00
2017.10.11 13:02:34.994,12.91011,12.91251,0.00,0.00
2017.10.11 13:02:35.044,12.91011,12.91239,0.00,0.00
2017.10.11 13:02:35.347,12.91039,12.91251,0.00,0.00
2017.10.11 13:02:35.402,12.91039,12.91261,0.00,0.00
2017.10.11 13:02:35.903,12.91039,12.91251,0.00,0.00
2017.10.11 13:02:36.233,12.91039,12.91231,0.00,0.00
2017.10.11 13:02:36.524,12.91039,12.91252,0.00,0.00
2017.10.11 13:02:36.904,12.91039,12.91231,0.00,0.00
2017.10.11 13:02:37.629,12.91039,12.91251,0.00,0.00
2017.10.11 13:02:37.730,12.91039,12.91258,0.00,0.00
2017.10.11 13:02:38.006,12.91039,12.91252,0.00,0.00
2017.10.11 13:02:38.713,12.91039,12.91239,0.00,0.00
2017.10.11 13:02:39.134,12.91039,12.91231,0.00,0.00
2017.10.11 13:02:39.308,12.91039,12.91239,0.00,0.00
2017.10.11 13:02:39.544,12.91039,12.91231,0.00,0.00
2017.10.11 13:02:39.608,12.91039,12.91238,0.00,0.00
2017.10.11 13:02:39.787,12.91039,12.91242,0.00,0.00
2017.10.11 13:02:39.838,12.91039,12.91221,0.00,0.00
2017.10.11 13:02:39.939,12.91039,12.91231,0.00,0.00
2017.10.11 13:02:40.410,12.91039,12.91241,0.00,0.00
2017.10.11 13:02:41.149,12.91039,12.91231,0.00,0.00
2017.10.11 13:02:41.330,12.91039,12.91258,0.00,0.00
2017.10.11 13:02:41.381,12.91039,12.91261,0.00,0.00
2017.10.11 13:02:41.532,12.91071,12.91232,0.00,0.00
2017.10.11 13:02:41.633,12.91072,12.91288,0.00,0.00
2017.10.11 13:02:41.734,12.91062,12.91288,0.00,0.00
2017.10.11 13:02:41.865,12.91061,12.91251,0.00,0.00
2017.10.11 13:02:41.938,12.91042,12.91251,0.00,0.00
2017.10.11 13:02:42.456,12.91041,12.91252,0.00,0.00
2017.10.11 13:02:42.507,12.91032,12.91218,0.00,0.00
2017.10.11 13:02:42.759,12.90961,12.91169,0.00,0.00
2017.10.11 13:02:42.886,12.90961,12.91152,0.00,0.00
2017.10.11 13:02:42.936,12.90942,12.91152,0.00,0.00
2017.10.11 13:02:42.987,12.90942,12.91148,0.00,0.00
2017.10.11 13:02:43.088,12.90941,12.91152,0.00,0.00
2017.10.11 13:02:43.918,12.90942,12.91168,0.00,0.00
2017.10.11 13:02:43.995,12.90941,12.91159,0.00,0.00
2017.10.11 13:02:44.147,12.90941,12.91169,0.00,0.00
2017.10.11 13:02:44.514,12.90942,12.91158,0.00,0.00
2017.10.11 13:02:44.821,12.90938,12.91141,0.00,0.00
2017.10.11 13:02:45.155,12.90938,12.91132,0.00,0.00
2017.10.11 13:02:45.547,12.90938,12.91139,0.00,0.00
2017.10.11 13:02:45.713,12.90938,12.91149,0.00,0.00
2017.10.11 13:02:45.788,12.90938,12.91152,0.00,0.00
2017.10.11 13:02:45.839,12.90938,12.91158,0.00,0.00
2017.10.11 13:02:46.154,12.90938,12.91149,0.00,0.00
2017.10.11 13:02:46.538,12.90938,12.91132,0.00,0.00
2017.10.11 13:02:47.426,12.90938,12.91131,0.00,0.00
2017.10.11 13:02:47.726,12.90938,12.91159,0.00,0.00
2017.10.11 13:02:47.831,12.90938,12.91162,0.00,0.00
2017.10.11 13:02:47.932,12.90938,12.91152,0.00,0.00
2017.10.11 13:02:48.261,12.90938,12.91131,0.00,0.00
2017.10.11 13:02:48.930,12.90938,12.91142,0.00,0.00
2017.10.11 13:02:49.095,12.90871,12.91089,0.00,0.00
2017.10.11 13:02:49.196,12.90861,12.91069,0.00,0.00
2017.10.11 13:02:49.297,12.90861,12.91072,0.00,0.00
2017.10.11 13:02:49.348,12.90861,12.91052,0.00,0.00
2017.10.11 13:02:49.549,12.90861,12.91061,0.00,0.00
2017.10.11 13:02:49.734,12.90861,12.91052,0.00,0.00
2017.10.11 13:02:50.286,12.90861,12.91052,0.00,0.00
2017.10.11 13:02:50.337,12.90861,12.91079,0.00,0.00
2017.10.11 13:02:50.667,12.90861,12.91061,0.00,0.00
2017.10.11 13:02:51.073,12.90841,12.91061,0.00,0.00
2017.10.11 13:02:51.173,12.90838,12.91039,0.00,0.00
2017.10.11 13:02:51.627,12.90838,12.91049,0.00,0.00
2017.10.11 13:02:51.728,12.90838,12.91038,0.00,0.00
2017.10.11 13:02:52.513,12.90838,12.91039,0.00,0.00
2017.10.11 13:02:52.803,12.90838,12.91041,0.00,0.00
2017.10.11 13:02:52.904,12.90838,12.91049,0.00,0.00
2017.10.11 13:02:53.287,12.90867,12.91071,0.00,0.00
2017.10.11 13:02:53.388,12.90861,12.91071,0.00,0.00
2017.10.11 13:02:53.489,12.90861,12.91079,0.00,0.00
2017.10.11 13:02:53.656,12.90861,12.91052,0.00,0.00
2017.10.11 13:02:53.756,12.90841,12.91052,0.00,0.00
2017.10.11 13:02:53.988,12.90841,12.91079,0.00,0.00
2017.10.11 13:02:54.038,12.90867,12.91081,0.00,0.00
2017.10.11 13:02:54.341,12.90861,12.91089,0.00,0.00
2017.10.11 13:02:54.391,12.90861,12.91071,0.00,0.00
2017.10.11 13:02:54.651,12.90861,12.91089,0.00,0.00
2017.10.11 13:02:54.782,12.90841,12.91089,0.00,0.00
2017.10.11 13:02:54.883,12.90841,12.91061,0.00,0.00
2017.10.11 13:02:55.259,12.90866,12.91089,0.00,0.00
2017.10.11 13:02:55.968,12.90867,12.91088,0.00,0.00
2017.10.11 13:02:56.019,12.90862,12.91088,0.00,0.00
2017.10.11 13:02:56.150,12.90862,12.91072,0.00,0.00
2017.10.11 13:02:56.360,12.90842,12.91072,0.00,0.00
2017.10.11 13:02:56.410,12.90841,12.91059,0.00,0.00
2017.10.11 13:02:56.820,12.90838,12.91039,0.00,0.00
2017.10.11 13:02:56.972,12.90866,12.91102,0.00,0.00
2017.10.11 13:02:57.022,12.90867,12.91088,0.00,0.00
2017.10.11 13:02:57.073,12.90862,12.91088,0.00,0.00
2017.10.11 13:02:57.154,12.90862,12.91071,0.00,0.00
2017.10.11 13:02:57.368,12.90871,12.91089,0.00,0.00
2017.10.11 13:02:57.533,12.90861,12.91089,0.00,0.00
2017.10.11 13:02:57.584,12.90861,12.91072,0.00,0.00
2017.10.11 13:02:58.092,12.90861,12.91071,0.00,0.00
2017.10.11 13:02:58.589,12.90862,12.91062,0.00,0.00
2017.10.11 13:02:59.544,12.90872,12.91062,0.00,0.00
2017.10.11 13:02:59.595,12.90872,12.91101,0.00,0.00
2017.10.11 13:02:59.696,12.90888,12.91112,0.00,0.00
2017.10.11 13:02:59.797,12.90888,12.91122,0.00,0.00
2017.10.11 13:02:59.933,12.90938,12.91122,0.00,0.00
2017.10.11 13:02:59.984,12.90938,12.91131,0.00,0.00
2017.10.11 13:03:00.035,12.90938,12.91089,0.00,0.00
2017.10.11 13:03:00.085,12.90861,12.91082,0.00,0.00
2017.10.11 13:03:00.231,12.90841,12.91079,0.00,0.00
2017.10.11 13:03:00.282,12.90842,12.91058,0.00,0.00
2017.10.11 13:03:00.786,12.90871,12.91069,0.00,0.00
2017.10.11 13:03:00.836,12.90862,12.91071,0.00,0.00
2017.10.11 13:03:00.887,12.90861,12.91089,0.00,0.00
2017.10.11 13:03:00.938,12.90861,12.91069,0.00,0.00
2017.10.11 13:03:00.988,12.90842,12.91068,0.00,0.00
2017.10.11 13:03:01.115,12.90842,12.91062,0.00,0.00
2017.10.11 13:03:01.455,12.90841,12.91059,0.00,0.00
2017.10.11 13:03:01.825,12.90838,12.91048,0.00,0.00
2017.10.11 13:03:01.876,12.90838,12.91051,0.00,0.00
2017.10.11 13:03:01.977,12.90838,12.91078,0.00,0.00
2017.10.11 13:03:02.889,12.90842,12.91078,0.00,0.00
2017.10.11 13:03:03.193,12.90841,12.91069,0.00,0.00
2017.10.11 13:03:05.026,12.90841,12.91079,0.00,0.00
2017.10.11 13:03:05.181,12.90841,12.91089,0.00,0.00
2017.10.11 13:03:05.282,12.90842,12.91071,0.00,0.00
2017.10.11 13:03:05.634,12.90838,12.91059,0.00,0.00
2017.10.11 13:03:05.686,12.90838,12.91061,0.00,0.00
2017.10.11 13:03:05.736,12.90842,12.91061,0.00,0.00
2017.10.11 13:03:05.787,12.90842,12.91088,0.00,0.00
2017.10.11 13:03:06.295,12.90841,12.91089,0.00,0.00
2017.10.11 13:03:06.613,12.90851,12.91089,0.00,0.00
2017.10.11 13:03:07.034,12.90871,12.91089,0.00,0.00
2017.10.11 13:03:07.085,12.90861,12.91089,0.00,0.00
2017.10.11 13:03:07.278,12.90872,12.91088,0.00,0.00
2017.10.11 13:03:07.785,12.90871,12.91089,0.00,0.00
2017.10.11 13:03:07.973,12.90861,12.91082,0.00,0.00
2017.10.11 13:03:08.024,12.90842,12.91078,0.00,0.00
2017.10.11 13:03:08.125,12.90842,12.91061,0.00,0.00
2017.10.11 13:03:08.586,12.90841,12.91069,0.00,0.00
2017.10.11 13:03:09.056,12.90838,12.91092,0.00,0.00
2017.10.11 13:03:09.382,12.90841,12.91069,0.00,0.00
2017.10.11 13:03:09.742,12.90841,12.91062,0.00,0.00
2017.10.11 13:03:11.384,12.90842,12.91062,0.00,0.00
2017.10.11 13:03:11.435,12.90842,12.91068,0.00,0.00
2017.10.11 13:03:11.536,12.90841,12.91089,0.00,0.00
2017.10.11 13:03:11.653,12.90851,12.91089,0.00,0.00
2017.10.11 13:03:12.272,12.90852,12.91088,0.00,0.00
2017.10.11 13:03:12.875,12.90851,12.91089,0.00,0.00
2017.10.11 13:03:13.188,12.90841,12.91089,0.00,0.00
2017.10.11 13:03:13.410,12.90888,12.91088,0.00,0.00
2017.10.11 13:03:13.511,12.90922,12.91138,0.00,0.00
2017.10.11 13:03:13.562,12.90939,12.91139,0.00,0.00
2017.10.11 13:03:14.248,12.90939,12.91149,0.00,0.00
2017.10.11 13:03:14.886,12.90921,12.91149,0.00,0.00
2017.10.11 13:03:15.563,12.90922,12.91148,0.00,0.00
2017.10.11 13:03:16.227,12.90921,12.91149,0.00,0.00
2017.10.11 13:03:16.803,12.90922,12.91148,0.00,0.00
2017.10.11 13:03:18.009,12.90921,12.91149,0.00,0.00
2017.10.11 13:03:18.059,12.90922,12.91138,0.00,0.00
2017.10.11 13:03:18.853,12.90921,12.91119,0.00,0.00
2017.10.11 13:03:19.054,12.90871,12.91099,0.00,0.00
2017.10.11 13:03:19.105,12.90882,12.91098,0.00,0.00
2017.10.11 13:03:19.598,12.90881,12.91061,0.00,0.00
2017.10.11 13:03:19.649,12.90861,12.91049,0.00,0.00
2017.10.11 13:03:20.013,12.90872,12.91048,0.00,0.00
2017.10.11 13:03:20.064,12.90911,12.91102,0.00,0.00
2017.10.11 13:03:20.164,12.90912,12.91138,0.00,0.00
2017.10.11 13:03:20.265,12.90888,12.91098,0.00,0.00
2017.10.11 13:03:20.417,12.90872,12.91098,0.00,0.00
2017.10.11 13:03:20.803,12.90881,12.91099,0.00,0.00
2017.10.11 13:03:21.545,12.90882,12.91098,0.00,0.00
2017.10.11 13:03:21.932,12.90902,12.91102,0.00,0.00
2017.10.11 13:03:22.034,12.90912,12.91138,0.00,0.00
2017.10.11 13:03:22.085,12.90892,12.91098,0.00,0.00
2017.10.11 13:03:22.186,12.90911,12.91149,0.00,0.00
2017.10.11 13:03:22.236,12.90911,12.91139,0.00,0.00
2017.10.11 13:03:22.561,12.90912,12.91128,0.00,0.00
2017.10.11 13:03:22.825,12.90901,12.91139,0.00,0.00
2017.10.11 13:03:22.875,12.90871,12.91049,0.00,0.00
2017.10.11 13:03:22.976,12.90881,12.91099,0.00,0.00
2017.10.11 13:03:23.605,12.90882,12.91088,0.00,0.00
2017.10.11 13:03:24.118,12.90842,12.91048,0.00,0.00
2017.10.11 13:03:24.419,12.90882,12.91098,0.00,0.00
2017.10.11 13:03:24.883,12.90892,12.91098,0.00,0.00
2017.10.11 13:03:25.204,12.90871,12.91049,0.00,0.00
2017.10.11 13:03:25.554,12.90882,12.91092,0.00,0.00
2017.10.11 13:03:25.655,12.90881,12.91099,0.00,0.00
2017.10.11 13:03:26.184,12.90882,12.91098,0.00,0.00
2017.10.11 13:03:26.734,12.90881,12.91062,0.00,0.00
2017.10.11 13:03:26.784,12.90862,12.91048,0.00,0.00
2017.10.11 13:03:26.994,12.90841,12.91049,0.00,0.00
2017.10.11 13:03:27.297,12.90871,12.91049,0.00,0.00
2017.10.11 13:03:27.348,12.90882,12.91098,0.00,0.00
2017.10.11 13:03:27.993,12.90881,12.91099,0.00,0.00
2017.10.11 13:03:28.499,12.90882,12.91088,0.00,0.00
2017.10.11 13:03:28.550,12.90841,12.91049,0.00,0.00
2017.10.11 13:03:29.214,12.90842,12.91048,0.00,0.00
2017.10.11 13:03:30.116,12.90841,12.91049,0.00,0.00
2017.10.11 13:03:30.388,12.90861,12.91049,0.00,0.00
2017.10.11 13:03:30.918,12.90862,12.91048,0.00,0.00
2017.10.11 13:03:31.204,12.90842,12.91048,0.00,0.00
2017.10.11 13:03:31.255,12.90822,12.91048,0.00,0.00
2017.10.11 13:03:31.824,12.90821,12.91049,0.00,0.00
2017.10.11 13:03:32.339,12.90822,12.91048,0.00,0.00
2017.10.11 13:03:32.390,12.90821,12.91042,0.00,0.00
2017.10.11 13:03:32.491,12.90822,12.91048,0.00,0.00
2017.10.11 13:03:33.104,12.90821,12.91049,0.00,0.00
2017.10.11 13:03:33.609,12.90822,12.91048,0.00,0.00
2017.10.11 13:03:34.219,12.90821,12.91049,0.00,0.00
2017.10.11 13:03:34.272,12.90832,12.91048,0.00,0.00
2017.10.11 13:03:34.585,12.90842,12.91048,0.00,0.00
2017.10.11 13:03:35.150,12.90841,12.91049,0.00,0.00
2017.10.11 13:03:35.464,12.90872,12.91048,0.00,0.00
2017.10.11 13:03:35.514,12.90861,12.91049,0.00,0.00
2017.10.11 13:03:36.045,12.90842,12.91048,0.00,0.00
2017.10.11 13:03:37.744,12.90821,12.91049,0.00,0.00
2017.10.11 13:03:38.592,12.90831,12.91049,0.00,0.00
2017.10.11 13:03:38.643,12.90821,12.91049,0.00,0.00
2017.10.11 13:03:39.013,12.90872,12.91048,0.00,0.00
2017.10.11 13:03:39.186,12.90862,12.91048,0.00,0.00
2017.10.11 13:03:39.503,12.90842,12.91048,0.00,0.00
2017.10.11 13:03:40.195,12.90841,12.91049,0.00,0.00
2017.10.11 13:03:40.443,12.90821,12.91049,0.00,0.00
2017.10.11 13:03:41.093,12.90822,12.91048,0.00,0.00
2017.10.11 13:03:41.731,12.90821,12.91049,0.00,0.00
2017.10.11 13:03:41.782,12.90822,12.90988,0.00,0.00
2017.10.11 13:03:42.018,12.90762,12.90961,0.00,0.00
2017.10.11 13:03:42.314,12.90771,12.90961,0.00,0.00
2017.10.11 13:03:42.516,12.90821,12.91012,0.00,0.00
2017.10.11 13:03:42.567,12.90821,12.91029,0.00,0.00
2017.10.11 13:03:42.668,12.90822,12.91048,0.00,0.00
2017.10.11 13:03:43.106,12.90821,12.91042,0.00,0.00
2017.10.11 13:03:43.469,12.90821,12.91049,0.00,0.00
2017.10.11 13:03:43.715,12.90811,12.91049,0.00,0.00
2017.10.11 13:03:43.766,12.90811,12.91019,0.00,0.00
2017.10.11 13:03:43.816,12.90811,12.91029,0.00,0.00
2017.10.11 13:03:44.477,12.90811,12.91039,0.00,0.00
2017.10.11 13:03:44.578,12.90812,12.91048,0.00,0.00
2017.10.11 13:03:45.172,12.90811,12.91049,0.00,0.00
2017.10.11 13:03:45.273,12.90811,12.91031,0.00,0.00
2017.10.11 13:03:45.573,12.90811,12.91049,0.00,0.00
2017.10.11 13:03:46.162,12.90812,12.91048,0.00,0.00
2017.10.11 13:03:47.223,12.90811,12.91039,0.00,0.00
2017.10.11 13:03:47.653,12.90812,12.91031,0.00,0.00
2017.10.11 13:03:47.777,12.90811,12.91049,0.00,0.00
2017.10.11 13:03:49.242,12.90811,12.91039,0.00,0.00
2017.10.11 13:03:49.785,12.90811,12.91032,0.00,0.00
2017.10.11 13:03:50.087,12.90811,12.91039,0.00,0.00
2017.10.11 13:03:50.332,12.90811,12.91049,0.00,0.00
2017.10.11 13:03:50.847,12.90812,12.91048,0.00,0.00
2017.10.11 13:03:51.383,12.90811,12.91049,0.00,0.00
2017.10.11 13:03:51.984,12.90812,12.91048,0.00,0.00
2017.10.11 13:03:52.502,12.90811,12.91049,0.00,0.00
2017.10.11 13:03:54.062,12.90812,12.91048,0.00,0.00
2017.10.11 13:03:54.654,12.90811,12.91049,0.00,0.00
2017.10.11 13:03:54.815,12.90812,12.90988,0.00,0.00
2017.10.11 13:03:54.865,12.90761,12.90949,0.00,0.00
2017.10.11 13:03:54.916,12.90742,12.90948,0.00,0.00
2017.10.11 13:03:55.153,12.90771,12.90949,0.00,0.00
2017.10.11 13:03:56.353,12.90772,12.90948,0.00,0.00
2017.10.11 13:03:56.605,12.90761,12.90949,0.00,0.00
2017.10.11 13:03:57.003,12.90741,12.90949,0.00,0.00
2017.10.11 13:03:57.073,12.90762,12.90948,0.00,0.00
2017.10.11 13:03:57.382,12.90742,12.90948,0.00,0.00
2017.10.11 13:03:57.735,12.90761,12.90949,0.00,0.00
2017.10.11 13:03:58.225,12.90741,12.90949,0.00,0.00
2017.10.11 13:04:00.626,12.90742,12.90948,0.00,0.00
2017.10.11 13:04:01.191,12.90741,12.90949,0.00,0.00
2017.10.11 13:04:01.761,12.90742,12.90948,0.00,0.00
2017.10.11 13:04:02.363,12.90741,12.90949,0.00,0.00
2017.10.11 13:04:03.053,12.90742,12.90948,0.00,0.00
2017.10.11 13:04:03.663,12.90741,12.90949,0.00,0.00
2017.10.11 13:04:04.763,12.90741,12.90948,0.00,0.00
2017.10.11 13:04:05.277,12.90741,12.90961,0.00,0.00
2017.10.11 13:04:05.479,12.90741,12.90958,0.00,0.00
2017.10.11 13:04:05.580,12.90741,12.90961,0.00,0.00
2017.10.11 13:04:06.139,12.90741,12.90961,0.00,0.00
2017.10.11 13:04:06.799,12.90741,12.90961,0.00,0.00
2017.10.11 13:04:07.214,12.90742,12.90958,0.00,0.00
2017.10.11 13:04:07.797,12.90741,12.90961,0.00,0.00
2017.10.11 13:04:08.753,12.90742,12.90961,0.00,0.00
2017.10.11 13:04:10.302,12.90741,12.90961,0.00,0.00
2017.10.11 13:04:10.833,12.90812,12.90991,0.00,0.00
2017.10.11 13:04:10.934,12.90811,12.91011,0.00,0.00
2017.10.11 13:04:10.985,12.90811,12.91029,0.00,0.00
2017.10.11 13:04:11.035,12.90811,12.91009,0.00,0.00
2017.10.11 13:04:11.354,12.90771,12.90962,0.00,0.00
2017.10.11 13:04:12.131,12.90772,12.90978,0.00,0.00
2017.10.11 13:04:12.282,12.90771,12.90962,0.00,0.00
2017.10.11 13:04:12.785,12.90772,12.90962,0.00,0.00
2017.10.11 13:04:13.342,12.90771,12.90962,0.00,0.00
2017.10.11 13:04:13.493,12.90741,12.90962,0.00,0.00
2017.10.11 13:04:13.687,12.90799,12.90962,0.00,0.00
2017.10.11 13:04:13.737,12.90812,12.91028,0.00,0.00
2017.10.11 13:04:13.788,12.90812,12.91048,0.00,0.00
2017.10.11 13:04:13.838,12.90811,12.90979,0.00,0.00
2017.10.11 13:04:13.889,12.90811,12.91039,0.00,0.00
2017.10.11 13:04:13.940,12.90811,12.91022,0.00,0.00
2017.10.11 13:04:14.138,12.90812,12.91038,0.00,0.00
2017.10.11 13:04:14.255,12.90811,12.91029,0.00,0.00
2017.10.11 13:04:14.305,12.90801,12.91029,0.00,0.00
2017.10.11 13:04:14.682,12.90812,12.91028,0.00,0.00
2017.10.11 13:04:15.333,12.90812,12.91038,0.00,0.00
2017.10.11 13:04:15.705,12.90812,12.91028,0.00,0.00
2017.10.11 13:04:16.225,12.90811,12.91029,0.00,0.00
2017.10.11 13:04:16.276,12.90812,12.91031,0.00,0.00
2017.10.11 13:04:16.376,12.90811,12.91039,0.00,0.00
2017.10.11 13:04:16.477,12.90811,12.91029,0.00,0.00
2017.10.11 13:04:16.780,12.90771,12.90961,0.00,0.00
2017.10.11 13:04:17.213,12.90761,12.90961,0.00,0.00
2017.10.11 13:04:17.781,12.90762,12.90961,0.00,0.00
2017.10.11 13:04:18.595,12.90761,12.90961,0.00,0.00
2017.10.11 13:04:19.325,12.90762,12.90961,0.00,0.00
2017.10.11 13:04:19.883,12.90761,12.90961,0.00,0.00
2017.10.11 13:04:20.034,12.90741,12.90961,0.00,0.00
2017.10.11 13:04:20.246,12.90761,12.90961,0.00,0.00
2017.10.11 13:04:22.822,12.90742,12.90961,0.00,0.00
2017.10.11 13:04:22.873,12.90742,12.90952,0.00,0.00
2017.10.11 13:04:23.081,12.90742,12.90961,0.00,0.00
2017.10.11 13:04:24.558,12.90741,12.90951,0.00,0.00
2017.10.11 13:04:25.253,12.90742,12.90951,0.00,0.00
2017.10.11 13:04:25.303,12.90742,12.90958,0.00,0.00
2017.10.11 13:04:25.473,12.90741,12.90961,0.00,0.00
2017.10.11 13:04:26.001,12.90742,12.90961,0.00,0.00
2017.10.11 13:04:27.092,12.90742,12.90952,0.00,0.00
2017.10.11 13:04:27.624,12.90741,12.90952,0.00,0.00
2017.10.11 13:04:27.675,12.90741,12.90959,0.00,0.00
2017.10.11 13:04:27.963,12.90741,12.90952,0.00,0.00
2017.10.11 13:04:28.263,12.90511,12.90759,0.00,0.00
2017.10.11 13:04:28.314,12.90511,12.90739,0.00,0.00
2017.10.11 13:04:28.863,12.90512,12.90738,0.00,0.00
2017.10.11 13:04:29.373,12.90511,12.90739,0.00,0.00
2017.10.11 13:04:30.349,12.90512,12.90738,0.00,0.00
2017.10.11 13:04:30.958,12.90511,12.90739,0.00,0.00
2017.10.11 13:04:31.544,12.90512,12.90738,0.00,0.00
2017.10.11 13:04:31.885,12.90512,12.90728,0.00,0.00
2017.10.11 13:04:32.164,12.90512,12.90738,0.00,0.00
2017.10.11 13:04:32.415,12.90511,12.90729,0.00,0.00
2017.10.11 13:04:32.548,12.90511,12.90739,0.00,0.00
2017.10.11 13:04:32.910,12.90512,12.90728,0.00,0.00
2017.10.11 13:04:33.650,12.90511,12.90739,0.00,0.00
2017.10.11 13:04:34.258,12.90512,12.90738,0.00,0.00
2017.10.11 13:04:34.437,12.90511,12.90729,0.00,0.00
2017.10.11 13:04:34.487,12.90512,12.90738,0.00,0.00
2017.10.11 13:04:34.538,12.90501,12.90689,0.00,0.00
2017.10.11 13:04:34.791,12.90512,12.90728,0.00,0.00
2017.10.11 13:04:34.981,12.90472,12.90678,0.00,0.00
2017.10.11 13:04:35.032,12.90471,12.90692,0.00,0.00
2017.10.11 13:04:35.082,12.90499,12.90702,0.00,0.00
2017.10.11 13:04:35.184,12.90478,12.90688,0.00,0.00
2017.10.11 13:04:35.285,12.90461,12.90669,0.00,0.00
2017.10.11 13:04:35.385,12.90422,12.90658,0.00,0.00
2017.10.11 13:04:35.750,12.90422,12.90662,0.00,0.00
2017.10.11 13:04:35.897,12.90412,12.90651,0.00,0.00
2017.10.11 13:04:36.253,12.90411,12.90639,0.00,0.00
2017.10.11 13:04:37.080,12.90412,12.90612,0.00,0.00
2017.10.11 13:04:37.180,12.90401,12.90622,0.00,0.00
2017.10.11 13:04:37.231,12.90402,12.90638,0.00,0.00
2017.10.11 13:04:37.282,12.90402,12.90648,0.00,0.00
2017.10.11 13:04:37.354,12.90412,12.90648,0.00,0.00
2017.10.11 13:04:37.506,12.90411,12.90659,0.00,0.00
2017.10.11 13:04:38.083,12.90411,12.90651,0.00,0.00
2017.10.11 13:04:38.562,12.90412,12.90648,0.00,0.00
2017.10.11 13:04:39.222,12.90411,12.90649,0.00,0.00
2017.10.11 13:04:39.605,12.90411,12.90629,0.00,0.00
2017.10.11 13:04:40.272,12.90411,12.90649,0.00,0.00
2017.10.11 13:04:41.002,12.90412,12.90648,0.00,0.00
2017.10.11 13:04:41.539,12.90411,12.90649,0.00,0.00
2017.10.11 13:04:41.783,12.90411,12.90639,0.00,0.00
2017.10.11 13:04:41.934,12.90412,12.90648,0.00,0.00
2017.10.11 13:04:42.043,12.90422,12.90652,0.00,0.00
2017.10.11 13:04:42.128,12.90422,12.90662,0.00,0.00
2017.10.11 13:04:42.179,12.90498,12.90682,0.00,0.00
2017.10.11 13:04:42.280,12.90441,12.90661,0.00,0.00
2017.10.11 13:04:42.431,12.90442,12.90652,0.00,0.00
2017.10.11 13:04:42.591,12.90441,12.90661,0.00,0.00
2017.10.11 13:04:42.934,12.90412,12.90661,0.00,0.00
2017.10.11 13:04:42.984,12.90412,12.90638,0.00,0.00
2017.10.11 13:04:43.035,12.90411,12.90642,0.00,0.00
2017.10.11 13:04:43.168,12.90411,12.90639,0.00,0.00
2017.10.11 13:04:43.472,12.90361,12.90582,0.00,0.00
2017.10.11 13:04:43.855,12.90351,12.90561,0.00,0.00
2017.10.11 13:04:43.905,12.90342,12.90561,0.00,0.00
2017.10.11 13:04:44.054,12.90351,12.90561,0.00,0.00
2017.10.11 13:04:44.155,12.90411,12.90632,0.00,0.00
2017.10.11 13:04:44.206,12.90398,12.90649,0.00,0.00
2017.10.11 13:04:44.257,12.90368,12.90562,0.00,0.00
2017.10.11 13:04:44.307,12.90341,12.90561,0.00,0.00
2017.10.11 13:04:44.733,12.90342,12.90552,0.00,0.00
2017.10.11 13:04:44.934,12.90341,12.90562,0.00,0.00
2017.10.11 13:04:45.301,12.90341,12.90542,0.00,0.00
2017.10.11 13:04:45.849,12.90341,12.90541,0.00,0.00
2017.10.11 13:04:45.899,12.90341,12.90562,0.00,0.00
2017.10.11 13:04:46.894,12.90357,12.90562,0.00,0.00
2017.10.11 13:04:47.197,12.90367,12.90562,0.00,0.00
2017.10.11 13:04:47.247,12.90361,12.90562,0.00,0.00
2017.10.11 13:04:47.526,12.90352,12.90562,0.00,0.00
2017.10.11 13:04:47.576,12.90321,12.90512,0.00,0.00
2017.10.11 13:04:47.627,12.90312,12.90511,0.00,0.00
2017.10.11 13:04:47.678,12.90311,12.90509,0.00,0.00
2017.10.11 13:04:47.809,12.90311,12.90529,0.00,0.00
2017.10.11 13:04:47.957,12.90311,12.90539,0.00,0.00
2017.10.11 13:04:48.125,12.90302,12.90511,0.00,0.00
2017.10.11 13:04:48.176,12.90272,12.90511,0.00,0.00
2017.10.11 13:04:48.226,12.90271,12.90481,0.00,0.00
2017.10.11 13:04:48.537,12.90271,12.90472,0.00,0.00
2017.10.11 13:04:48.638,12.90271,12.90512,0.00,0.00
2017.10.11 13:04:48.777,12.90298,12.90512,0.00,0.00
2017.10.11 13:04:48.828,12.90312,12.90548,0.00,0.00
2017.10.11 13:04:48.878,12.90312,12.90538,0.00,0.00
2017.10.11 13:04:49.224,12.90312,12.90528,0.00,0.00
2017.10.11 13:04:49.526,12.90272,12.90462,0.00,0.00
2017.10.11 13:04:49.926,12.90301,12.90511,0.00,0.00
2017.10.11 13:04:49.977,12.90271,12.90512,0.00,0.00
2017.10.11 13:04:50.209,12.90271,12.90502,0.00,0.00
2017.10.11 13:04:50.606,12.90312,12.90502,0.00,0.00
2017.10.11 13:04:50.657,12.90312,12.90541,0.00,0.00
2017.10.11 13:04:50.758,12.90311,12.90562,0.00,0.00
2017.10.11 13:04:51.115,12.90371,12.90579,0.00,0.00
2017.10.11 13:04:51.480,12.90371,12.90562,0.00,0.00
2017.10.11 13:04:51.816,12.90341,12.90561,0.00,0.00
2017.10.11 13:04:52.360,12.90341,12.90562,0.00,0.00
2017.10.11 13:04:52.758,12.90311,12.90512,0.00,0.00
2017.10.11 13:04:52.909,12.90311,12.90532,0.00,0.00
2017.10.11 13:04:53.024,12.90311,12.90559,0.00,0.00
2017.10.11 13:04:53.139,12.90302,12.90508,0.00,0.00
2017.10.11 13:04:53.201,12.90272,12.90512,0.00,0.00
2017.10.11 13:04:53.252,12.90272,12.90502,0.00,0.00
2017.10.11 13:04:53.624,12.90271,12.90492,0.00,0.00
2017.10.11 13:04:53.725,12.90311,12.90551,0.00,0.00
2017.10.11 13:04:53.826,12.90312,12.90558,0.00,0.00
2017.10.11 13:04:53.912,12.90302,12.90548,0.00,0.00
2017.10.11 13:04:54.228,12.90302,12.90521,0.00,0.00
2017.10.11 13:04:54.717,12.90302,12.90532,0.00,0.00
2017.10.11 13:04:55.045,12.90271,12.90489,0.00,0.00
2017.10.11 13:04:55.347,12.90271,12.90461,0.00,0.00
2017.10.11 13:04:55.469,12.90242,12.90461,0.00,0.00
2017.10.11 13:04:55.570,12.90222,12.90461,0.00,0.00
2017.10.11 13:04:55.620,12.90221,12.90451,0.00,0.00
2017.10.11 13:04:55.844,12.90211,12.90461,0.00,0.00
2017.10.11 13:04:55.895,12.90261,12.90471,0.00,0.00
2017.10.11 13:04:55.946,12.90261,12.90479,0.00,0.00
2017.10.11 13:04:56.047,12.90211,12.90442,0.00,0.00
2017.10.11 13:04:56.198,12.90271,12.90442,0.00,0.00
2017.10.11 13:04:56.248,12.90271,12.90462,0.00,0.00
2017.10.11 13:04:56.399,12.90219,12.90458,0.00,0.00
2017.10.11 13:04:56.450,12.90212,12.90442,0.00,0.00
2017.10.11 13:04:56.621,12.90211,12.90462,0.00,0.00
2017.10.11 13:04:56.721,12.90211,12.90432,0.00,0.00
2017.10.11 13:04:57.233,12.90212,12.90431,0.00,0.00
2017.10.11 13:04:57.334,12.90211,12.90449,0.00,0.00
2017.10.11 13:04:57.473,12.90211,12.90459,0.00,0.00
2017.10.11 13:04:57.524,12.90211,12.90452,0.00,0.00
2017.10.11 13:04:57.836,12.90212,12.90462,0.00,0.00
2017.10.11 13:04:58.452,12.90211,12.90459,0.00,0.00
2017.10.11 13:04:58.755,12.90211,12.90442,0.00,0.00
2017.10.11 13:04:58.856,12.90212,12.90448,0.00,0.00
2017.10.11 13:04:58.975,12.90211,12.90429,0.00,0.00
2017.10.11 13:04:59.126,12.90211,12.90449,0.00,0.00
2017.10.11 13:04:59.177,12.90211,12.90431,0.00,0.00
2017.10.11 13:04:59.328,12.90211,12.90459,0.00,0.00
2017.10.11 13:04:59.573,12.90212,12.90438,0.00,0.00
2017.10.11 13:04:59.724,12.90211,12.90451,0.00,0.00
2017.10.11 13:04:59.775,12.90211,12.90411,0.00,0.00
2017.10.11 13:04:59.876,12.90211,12.90462,0.00,0.00
2017.10.11 13:05:00.065,12.90221,12.90462,0.00,0.00
2017.10.11 13:05:00.432,12.90211,12.90439,0.00,0.00
2017.10.11 13:05:00.732,12.90221,12.90459,0.00,0.00
2017.10.11 13:05:00.928,12.90221,12.90429,0.00,0.00
2017.10.11 13:05:01.180,12.90222,12.90432,0.00,0.00
2017.10.11 13:05:01.281,12.90222,12.90441,0.00,0.00
2017.10.11 13:05:01.382,12.90222,12.90448,0.00,0.00
2017.10.11 13:05:01.592,12.90222,12.90441,0.00,0.00
2017.10.11 13:05:02.165,12.90221,12.90441,0.00,0.00
2017.10.11 13:05:02.665,12.90221,12.90459,0.00,0.00
2017.10.11 13:05:04.200,12.90222,12.90458,0.00,0.00
2017.10.11 13:05:04.447,12.90222,12.90448,0.00,0.00
2017.10.11 13:05:04.892,12.90222,12.90438,0.00,0.00
2017.10.11 13:05:05.263,12.90178,12.90379,0.00,0.00
2017.10.11 13:05:05.436,12.90141,12.90361,0.00,0.00
2017.10.11 13:05:06.429,12.90099,12.90361,0.00,0.00
2017.10.11 13:05:06.490,12.90141,12.90361,0.00,0.00
2017.10.11 13:05:07.351,12.90142,12.90361,0.00,0.00
2017.10.11 13:05:07.476,12.90121,12.90349,0.00,0.00
2017.10.11 13:05:07.903,12.90121,12.90352,0.00,0.00
2017.10.11 13:05:07.959,12.90121,12.90359,0.00,0.00
2017.10.11 13:05:08.656,12.90122,12.90358,0.00,0.00
2017.10.11 13:05:08.706,12.90122,12.90351,0.00,0.00
2017.10.11 13:05:08.961,12.90121,12.90359,0.00,0.00
2017.10.11 13:05:09.210,12.90122,12.90361,0.00,0.00
2017.10.11 13:05:09.261,12.90121,12.90349,0.00,0.00
2017.10.11 13:05:09.836,12.90122,12.90348,0.00,0.00
2017.10.11 13:05:10.050,12.90122,12.90358,0.00,0.00
2017.10.11 13:05:10.547,12.90121,12.90349,0.00,0.00
2017.10.11 13:05:10.916,12.90122,12.90352,0.00,0.00
2017.10.11 13:05:11.064,12.90121,12.90359,0.00,0.00
2017.10.11 13:05:11.310,12.90121,12.90349,0.00,0.00
2017.10.11 13:05:11.360,12.90122,12.90358,0.00,0.00
2017.10.11 13:05:11.619,12.90132,12.90361,0.00,0.00
2017.10.11 13:05:11.965,12.90172,12.90361,0.00,0.00
2017.10.11 13:05:12.116,12.90142,12.90361,0.00,0.00
2017.10.11 13:05:12.167,12.90131,12.90361,0.00,0.00
2017.10.11 13:05:12.218,12.90131,12.90359,0.00,0.00
2017.10.11 13:05:12.552,12.90132,12.90342,0.00,0.00
2017.10.11 13:05:12.720,12.90121,12.90342,0.00,0.00
2017.10.11 13:05:12.771,12.90121,12.90361,0.00,0.00
2017.10.11 13:05:13.289,12.90122,12.90361,0.00,0.00
2017.10.11 13:05:13.390,12.90121,12.90359,0.00,0.00
2017.10.11 13:05:13.798,12.90121,12.90341,0.00,0.00
2017.10.11 13:05:14.510,12.90122,12.90341,0.00,0.00
2017.10.11 13:05:14.791,12.90122,12.90361,0.00,0.00
2017.10.11 13:05:15.274,12.90121,12.90342,0.00,0.00
2017.10.11 13:05:15.611,12.90132,12.90342,0.00,0.00
2017.10.11 13:05:15.661,12.90121,12.90342,0.00,0.00
2017.10.11 13:05:15.712,12.90121,12.90361,0.00,0.00
2017.10.11 13:05:15.913,12.90122,12.90342,0.00,0.00
2017.10.11 13:05:16.250,12.90132,12.90342,0.00,0.00
2017.10.11 13:05:16.401,12.90131,12.90361,0.00,0.00
2017.10.11 13:05:16.631,12.90122,12.90358,0.00,0.00
2017.10.11 13:05:16.731,12.90121,12.90349,0.00,0.00
2017.10.11 13:05:17.077,12.90121,12.90361,0.00,0.00
2017.10.11 13:05:17.680,12.90122,12.90332,0.00,0.00
2017.10.11 13:05:17.777,12.90122,12.90361,0.00,0.00
2017.10.11 13:05:17.956,12.90132,12.90361,0.00,0.00
2017.10.11 13:05:18.107,12.90121,12.90361,0.00,0.00
2017.10.11 13:05:18.578,12.90121,12.90341,0.00,0.00
2017.10.11 13:05:18.923,12.90121,12.90361,0.00,0.00
2017.10.11 13:05:18.979,12.90121,12.90341,0.00,0.00
2017.10.11 13:05:19.181,12.90122,12.90358,0.00,0.00
2017.10.11 13:05:19.289,12.90121,12.90331,0.00,0.00
2017.10.11 13:05:19.620,12.90122,12.90322,0.00,0.00
2017.10.11 13:05:19.680,12.90122,12.90361,0.00,0.00
2017.10.11 13:05:19.781,12.90122,12.90358,0.00,0.00
2017.10.11 13:05:20.089,12.90121,12.90331,0.00,0.00
2017.10.11 13:05:20.190,12.90051,12.90279,0.00,0.00
2017.10.11 13:05:20.241,12.90049,12.90278,0.00,0.00
2017.10.11 13:05:20.291,12.90041,12.90261,0.00,0.00
2017.10.11 13:05:20.692,12.90041,12.90251,0.00,0.00
2017.10.11 13:05:20.883,12.90041,12.90261,0.00,0.00
2017.10.11 13:05:21.290,12.90041,12.90252,0.00,0.00
2017.10.11 13:05:21.500,12.90041,12.90261,0.00,0.00
2017.10.11 13:05:21.792,12.90041,12.90252,0.00,0.00
2017.10.11 13:05:22.142,12.90093,12.90252,0.00,0.00
2017.10.11 13:05:22.247,12.90072,12.90252,0.00,0.00
2017.10.11 13:05:22.348,12.90071,12.90262,0.00,0.00
2017.10.11 13:05:22.549,12.90061,12.90261,0.00,0.00
2017.10.11 13:05:22.686,12.90061,12.90252,0.00,0.00
2017.10.11 13:05:22.988,12.90061,12.90262,0.00,0.00
2017.10.11 13:05:23.494,12.90041,12.90262,0.00,0.00
2017.10.11 13:05:23.634,12.90041,12.90251,0.00,0.00
2017.10.11 13:05:24.053,12.90067,12.90262,0.00,0.00
2017.10.11 13:05:24.432,12.90106,12.90302,0.00,0.00
2017.10.11 13:05:24.533,12.90107,12.90312,0.00,0.00
2017.10.11 13:05:24.634,12.90107,12.90352,0.00,0.00
2017.10.11 13:05:24.735,12.90101,12.90332,0.00,0.00
2017.10.11 13:05:24.890,12.90101,12.90352,0.00,0.00
2017.10.11 13:05:25.094,12.90101,12.90322,0.00,0.00
2017.10.11 13:05:25.441,12.90061,12.90262,0.00,0.00
2017.10.11 13:05:25.743,12.90042,12.90252,0.00,0.00
2017.10.11 13:05:25.992,12.90042,12.90262,0.00,0.00
2017.10.11 13:05:26.328,12.90061,12.90262,0.00,0.00
2017.10.11 13:05:26.555,12.90042,12.90262,0.00,0.00
2017.10.11 13:05:26.687,12.90042,12.90278,0.00,0.00
2017.10.11 13:05:26.944,12.90041,12.90261,0.00,0.00
2017.10.11 13:05:27.295,12.90041,12.90279,0.00,0.00
2017.10.11 13:05:27.398,12.90051,12.90279,0.00,0.00
2017.10.11 13:05:27.569,12.90041,12.90279,0.00,0.00
2017.10.11 13:05:27.619,12.90041,12.90252,0.00,0.00
2017.10.11 13:05:28.010,12.90041,12.90271,0.00,0.00
2017.10.11 13:05:28.061,12.90141,12.90271,0.00,0.00
2017.10.11 13:05:28.161,12.90111,12.90271,0.00,0.00
2017.10.11 13:05:28.212,12.90138,12.90328,0.00,0.00
2017.10.11 13:05:28.313,12.90088,12.90319,0.00,0.00
2017.10.11 13:05:28.422,12.90088,12.90278,0.00,0.00
2017.10.11 13:05:28.472,12.90071,12.90279,0.00,0.00
2017.10.11 13:05:29.000,12.90072,12.90278,0.00,0.00
2017.10.11 13:05:29.596,12.90071,12.90279,0.00,0.00
2017.10.11 13:05:29.802,12.90071,12.90271,0.00,0.00
2017.10.11 13:05:30.383,12.90072,12.90271,0.00,0.00
2017.10.11 13:05:30.434,12.90072,12.90278,0.00,0.00
2017.10.11 13:05:30.586,12.90088,12.90278,0.00,0.00
2017.10.11 13:05:30.637,12.90088,12.90282,0.00,0.00
2017.10.11 13:05:30.738,12.90088,12.90318,0.00,0.00
2017.10.11 13:05:31.054,12.90051,12.90279,0.00,0.00
2017.10.11 13:05:31.104,12.90048,12.90278,0.00,0.00
2017.10.11 13:05:31.155,12.90042,12.90278,0.00,0.00
2017.10.11 13:05:31.205,12.90042,12.90252,0.00,0.00
2017.10.11 13:05:31.508,12.90072,12.90252,0.00,0.00
2017.10.11 13:05:31.629,12.90072,12.90278,0.00,0.00
2017.10.11 13:05:31.680,12.90111,12.90312,0.00,0.00
2017.10.11 13:05:31.730,12.90138,12.90359,0.00,0.00
2017.10.11 13:05:31.781,12.90138,12.90318,0.00,0.00
2017.10.11 13:05:31.832,12.90139,12.90348,0.00,0.00
2017.10.11 13:05:31.933,12.90139,12.90302,0.00,0.00
2017.10.11 13:05:32.134,12.90139,12.90352,0.00,0.00
2017.10.11 13:05:32.608,12.90139,12.90332,0.00,0.00
2017.10.11 13:05:32.910,12.90139,12.90311,0.00,0.00
2017.10.11 13:05:33.111,12.90139,12.90361,0.00,0.00
2017.10.11 13:05:33.660,12.90139,12.90362,0.00,0.00
2017.10.11 13:05:33.912,12.90142,12.90362,0.00,0.00
2017.10.11 13:05:34.078,12.90139,12.90362,0.00,0.00
2017.10.11 13:05:34.130,12.90112,12.90318,0.00,0.00
2017.10.11 13:05:34.412,12.90138,12.90349,0.00,0.00
2017.10.11 13:05:34.563,12.90138,12.90351,0.00,0.00
2017.10.11 13:05:34.790,12.90141,12.90351,0.00,0.00
2017.10.11 13:05:34.841,12.90138,12.90351,0.00,0.00
2017.10.11 13:05:34.914,12.90138,12.90362,0.00,0.00
2017.10.11 13:05:35.051,12.90142,12.90362,0.00,0.00
2017.10.11 13:05:35.152,12.90141,12.90369,0.00,0.00
2017.10.11 13:05:35.203,12.90151,12.90369,0.00,0.00
2017.10.11 13:05:35.527,12.90072,12.90288,0.00,0.00
2017.10.11 13:05:35.832,12.90061,12.90262,0.00,0.00
2017.10.11 13:05:36.269,12.90072,12.90262,0.00,0.00
2017.10.11 13:05:36.420,12.90071,12.90289,0.00,0.00
2017.10.11 13:05:36.622,12.90071,12.90252,0.00,0.00
2017.10.11 13:05:36.750,12.90062,12.90252,0.00,0.00
2017.10.11 13:05:37.140,12.90072,12.90252,0.00,0.00
2017.10.11 13:05:37.240,12.90071,12.90281,0.00,0.00
2017.10.11 13:05:37.560,12.90072,12.90272,0.00,0.00
2017.10.11 13:05:37.812,12.90041,12.90262,0.00,0.00
2017.10.11 13:05:37.863,12.90061,12.90282,0.00,0.00
2017.10.11 13:05:38.176,12.90139,12.90292,0.00,0.00
2017.10.11 13:05:38.229,12.90139,12.90338,0.00,0.00
2017.10.11 13:05:38.312,12.90112,12.90328,0.00,0.00
2017.10.11 13:05:38.363,12.90088,12.90321,0.00,0.00
2017.10.11 13:05:38.464,12.90088,12.90292,0.00,0.00
2017.10.11 13:05:38.622,12.90088,12.90322,0.00,0.00
2017.10.11 13:05:38.741,12.90139,12.90292,0.00,0.00
2017.10.11 13:05:38.842,12.90139,12.90302,0.00,0.00
2017.10.11 13:05:38.923,12.90139,12.90369,0.00,0.00
2017.10.11 13:05:38.991,12.90139,12.90358,0.00,0.00
2017.10.11 13:05:39.334,12.90139,12.90348,0.00,0.00
2017.10.11 13:05:39.479,12.90139,12.90369,0.00,0.00
2017.10.11 13:05:40.025,12.90139,12.90352,0.00,0.00
2017.10.11 13:05:40.493,12.90139,12.90361,0.00,0.00
2017.10.11 13:05:40.850,12.90139,12.90348,0.00,0.00
2017.10.11 13:05:41.174,12.90139,12.90332,0.00,0.00
2017.10.11 13:05:41.227,12.90139,12.90349,0.00,0.00
2017.10.11 13:05:41.529,12.90139,12.90332,0.00,0.00
2017.10.11 13:05:41.952,12.90139,12.90351,0.00,0.00
2017.10.11 13:05:42.060,12.90139,12.90361,0.00,0.00
2017.10.11 13:05:42.495,12.90112,12.90361,0.00,0.00
2017.10.11 13:05:42.546,12.90111,12.90349,0.00,0.00
2017.10.11 13:05:42.940,12.90122,12.90331,0.00,0.00
2017.10.11 13:05:43.174,12.90121,12.90349,0.00,0.00
2017.10.11 13:05:43.455,12.90162,12.90348,0.00,0.00
2017.10.11 13:05:43.505,12.90152,12.90348,0.00,0.00
2017.10.11 13:05:43.556,12.90131,12.90349,0.00,0.00
2017.10.11 13:05:44.134,12.90132,12.90348,0.00,0.00
2017.10.11 13:05:44.640,12.90131,12.90342,0.00,0.00
2017.10.11 13:05:44.691,12.90121,12.90342,0.00,0.00
2017.10.11 13:05:45.236,12.90122,12.90348,0.00,0.00
2017.10.11 13:05:45.910,12.90121,12.90349,0.00,0.00
2017.10.11 13:05:46.134,12.90131,12.90349,0.00,0.00
2017.10.11 13:05:47.509,12.90132,12.90348,0.00,0.00
2017.10.11 13:05:47.860,12.90141,12.90349,0.00,0.00
2017.10.11 13:05:47.911,12.90131,12.90349,0.00,0.00
2017.10.11 13:05:48.065,12.90121,12.90349,0.00,0.00
2017.10.11 13:05:48.730,12.90122,12.90348,0.00,0.00
2017.10.11 13:05:48.781,12.90132,12.90348,0.00,0.00
2017.10.11 13:05:48.982,12.90211,12.90449,0.00,0.00
2017.10.11 13:05:49.033,12.90231,12.90449,0.00,0.00
2017.10.11 13:05:49.234,12.90221,12.90449,0.00,0.00
2017.10.11 13:05:49.551,12.90222,12.90432,0.00,0.00
2017.10.11 13:05:49.853,12.90161,12.90349,0.00,0.00
2017.10.11 13:05:49.954,12.90141,12.90349,0.00,0.00
2017.10.11 13:05:50.357,12.90131,12.90349,0.00,0.00
2017.10.11 13:05:50.407,12.90132,12.90338,0.00,0.00
2017.10.11 13:05:50.613,12.90131,12.90342,0.00,0.00
2017.10.11 13:05:50.664,12.90131,12.90349,0.00,0.00
2017.10.11 13:05:51.189,12.90132,12.90342,0.00,0.00
2017.10.11 13:05:51.467,12.90132,12.90348,0.00,0.00
2017.10.11 13:05:52.021,12.90131,12.90349,0.00,0.00
2017.10.11 13:05:52.550,12.90131,12.90352,0.00,0.00
2017.10.11 13:05:52.651,12.90138,12.90378,0.00,0.00
2017.10.11 13:05:52.802,12.90138,12.90368,0.00,0.00
2017.10.11 13:05:53.832,12.90138,12.90358,0.00,0.00
2017.10.11 13:05:54.316,12.90138,12.90368,0.00,0.00
2017.10.11 13:05:54.822,12.90138,12.90369,0.00,0.00
2017.10.11 13:05:55.291,12.90138,12.90362,0.00,0.00
2017.10.11 13:05:55.392,12.90138,12.90369,0.00,0.00
2017.10.11 13:05:55.489,12.90142,12.90378,0.00,0.00
2017.10.11 13:05:55.590,12.90141,12.90389,0.00,0.00
2017.10.11 13:05:55.788,12.90138,12.90389,0.00,0.00
2017.10.11 13:05:55.867,12.90138,12.90372,0.00,0.00
2017.10.11 13:05:56.090,12.90138,12.90389,0.00,0.00
2017.10.11 13:05:56.444,12.90188,12.90389,0.00,0.00
2017.10.11 13:05:56.545,12.90142,12.90388,0.00,0.00
2017.10.11 13:05:56.696,12.90141,12.90379,0.00,0.00
2017.10.11 13:05:57.031,12.90141,12.90361,0.00,0.00
2017.10.11 13:05:58.559,12.90138,12.90358,0.00,0.00
2017.10.11 13:05:59.122,12.90138,12.90359,0.00,0.00
2017.10.11 13:05:59.694,12.90138,12.90358,0.00,0.00
2017.10.11 13:05:59.949,12.90138,12.90368,0.00,0.00
2017.10.11 13:06:00.290,12.90138,12.90359,0.00,0.00
2017.10.11 13:06:00.606,12.90078,12.90288,0.00,0.00
2017.10.11 13:06:00.898,12.90061,12.90289,0.00,0.00
2017.10.11 13:06:01.099,12.90062,12.90281,0.00,0.00
2017.10.11 13:06:01.825,12.90111,12.90281,0.00,0.00
2017.10.11 13:06:01.926,12.90139,12.90312,0.00,0.00
2017.10.11 13:06:01.985,12.90139,12.90348,0.00,0.00
2017.10.11 13:06:02.291,12.90139,12.90342,0.00,0.00
2017.10.11 13:06:02.511,12.90139,12.90349,0.00,0.00
2017.10.11 13:06:02.713,12.90139,12.90359,0.00,0.00
2017.10.11 13:06:03.090,12.90139,12.90368,0.00,0.00
2017.10.11 13:06:03.140,12.90139,12.90358,0.00,0.00
2017.10.11 13:06:03.840,12.90139,12.90359,0.00,0.00
2017.10.11 13:06:04.189,12.90139,12.90348,0.00,0.00
2017.10.11 13:06:04.632,12.90139,12.90358,0.00,0.00
2017.10.11 13:06:05.306,12.90139,12.90359,0.00,0.00
2017.10.11 13:06:05.833,12.90139,12.90361,0.00,0.00
2017.10.11 13:06:05.934,12.90139,12.90369,0.00,0.00
2017.10.11 13:06:06.091,12.90139,12.90349,0.00,0.00
2017.10.11 13:06:06.422,12.90139,12.90341,0.00,0.00
2017.10.11 13:06:06.524,12.90139,12.90348,0.00,0.00
2017.10.11 13:06:06.575,12.90139,12.90378,0.00,0.00
2017.10.11 13:06:07.006,12.90141,12.90379,0.00,0.00
2017.10.11 13:06:07.057,12.90139,12.90379,0.00,0.00
2017.10.11 13:06:07.196,12.90139,12.90401,0.00,0.00
2017.10.11 13:06:07.393,12.90139,12.90369,0.00,0.00
2017.10.11 13:06:07.689,12.90211,12.90442,0.00,0.00
2017.10.11 13:06:07.740,12.90211,12.90451,0.00,0.00
2017.10.11 13:06:07.790,12.90238,12.90472,0.00,0.00
2017.10.11 13:06:08.112,12.90198,12.90398,0.00,0.00
2017.10.11 13:06:08.288,12.90158,12.90359,0.00,0.00
2017.10.11 13:06:08.339,12.90128,12.90358,0.00,0.00
2017.10.11 13:06:08.514,12.90128,12.90361,0.00,0.00
2017.10.11 13:06:08.565,12.90128,12.90369,0.00,0.00
2017.10.11 13:06:08.917,12.90128,12.90362,0.00,0.00
2017.10.11 13:06:09.230,12.90128,12.90352,0.00,0.00
2017.10.11 13:06:09.861,12.90128,12.90379,0.00,0.00
2017.10.11 13:06:09.964,12.90128,12.90369,0.00,0.00
2017.10.11 13:06:10.384,12.90161,12.90389,0.00,0.00
2017.10.11 13:06:10.695,12.90138,12.90342,0.00,0.00
2017.10.11 13:06:10.947,12.90138,12.90348,0.00,0.00
2017.10.11 13:06:11.048,12.90138,12.90359,0.00,0.00
2017.10.11 13:06:11.099,12.90138,12.90378,0.00,0.00
2017.10.11 13:06:11.170,12.90138,12.90359,0.00,0.00
2017.10.11 13:06:12.137,12.90138,12.90351,0.00,0.00
2017.10.11 13:06:12.629,12.90138,12.90338,0.00,0.00
2017.10.11 13:06:12.763,12.90111,12.90339,0.00,0.00
2017.10.11 13:06:12.863,12.90089,12.90339,0.00,0.00
2017.10.11 13:06:12.964,12.90089,12.90322,0.00,0.00
2017.10.11 13:06:13.502,12.90128,12.90358,0.00,0.00
2017.10.11 13:06:13.846,12.90128,12.90368,0.00,0.00
2017.10.11 13:06:14.493,12.90128,12.90369,0.00,0.00
2017.10.11 13:06:14.852,12.90089,12.90228,0.00,0.00
2017.10.11 13:06:14.904,12.90089,12.90291,0.00,0.00
2017.10.11 13:06:14.955,12.90029,12.90272,0.00,0.00
2017.10.11 13:06:15.005,12.89988,12.90202,0.00,0.00
2017.10.11 13:06:15.167,12.89889,12.90142,0.00,0.00
2017.10.11 13:06:15.271,12.89828,12.90002,0.00,0.00
2017.10.11 13:06:15.336,12.89738,12.89982,0.00,0.00
2017.10.11 13:06:15.386,12.89698,12.89902,0.00,0.00
2017.10.11 13:06:15.753,12.89538,12.89802,0.00,0.00
2017.10.11 13:06:15.803,12.89541,12.89769,0.00,0.00
2017.10.11 13:06:15.905,12.89638,12.89902,0.00,0.00
2017.10.11 13:06:15.956,12.89662,12.89888,0.00,0.00
2017.10.11 13:06:16.006,12.89638,12.89888,0.00,0.00
2017.10.11 13:06:16.057,12.89638,12.89902,0.00,0.00
2017.10.11 13:06:16.107,12.89638,12.89868,0.00,0.00
2017.10.11 13:06:16.421,12.89662,12.89878,0.00,0.00
2017.10.11 13:06:16.673,12.89658,12.89889,0.00,0.00
2017.10.11 13:06:16.723,12.89658,12.89849,0.00,0.00
2017.10.11 13:06:16.774,12.89611,12.89852,0.00,0.00
2017.10.11 13:06:16.875,12.89621,12.89852,0.00,0.00
2017.10.11 13:06:17.242,12.89618,12.89851,0.00,0.00
2017.10.11 13:06:17.296,12.89618,12.89849,0.00,0.00
2017.10.11 13:06:17.448,12.89542,12.89788,0.00,0.00
2017.10.11 13:06:17.603,12.89572,12.89788,0.00,0.00
2017.10.11 13:06:17.864,12.89558,12.89789,0.00,0.00
2017.10.11 13:06:17.965,12.89542,12.89788,0.00,0.00
2017.10.11 13:06:18.071,12.89552,12.89788,0.00,0.00
2017.10.11 13:06:18.291,12.89542,12.89788,0.00,0.00
2017.10.11 13:06:18.342,12.89589,12.89799,0.00,0.00
2017.10.11 13:06:18.493,12.89578,12.89799,0.00,0.00
2017.10.11 13:06:18.544,12.89612,12.89802,0.00,0.00
2017.10.11 13:06:18.644,12.89639,12.89852,0.00,0.00
2017.10.11 13:06:18.695,12.89639,12.89879,0.00,0.00
2017.10.11 13:06:18.825,12.89639,12.89889,0.00,0.00
2017.10.11 13:06:18.926,12.89639,12.89879,0.00,0.00
2017.10.11 13:06:19.271,12.89671,12.89889,0.00,0.00
2017.10.11 13:06:19.322,12.89649,12.89869,0.00,0.00
2017.10.11 13:06:19.423,12.89639,12.89858,0.00,0.00
2017.10.11 13:06:19.648,12.89639,12.89862,0.00,0.00
2017.10.11 13:06:19.749,12.89639,12.89868,0.00,0.00
2017.10.11 13:06:19.799,12.89639,12.89858,0.00,0.00
2017.10.11 13:06:19.850,12.89591,12.89829,0.00,0.00
2017.10.11 13:06:19.900,12.89712,12.89851,0.00,0.00
2017.10.11 13:06:19.951,12.89738,12.89902,0.00,0.00
2017.10.11 13:06:20.002,12.89812,12.89912,0.00,0.00
2017.10.11 13:06:20.168,12.89738,12.89889,0.00,0.00
2017.10.11 13:06:20.269,12.89662,12.89888,0.00,0.00
2017.10.11 13:06:20.369,12.89672,12.89881,0.00,0.00
2017.10.11 13:06:20.471,12.89639,12.89889,0.00,0.00
2017.10.11 13:06:20.522,12.89608,12.89789,0.00,0.00
2017.10.11 13:06:20.572,12.89578,12.89788,0.00,0.00
2017.10.11 13:06:20.673,12.89562,12.89788,0.00,0.00
2017.10.11 13:06:20.750,12.89562,12.89781,0.00,0.00
2017.10.11 13:06:20.811,12.89538,12.89781,0.00,0.00
2017.10.11 13:06:20.861,12.89562,12.89781,0.00,0.00
2017.10.11 13:06:20.912,12.89541,12.89781,0.00,0.00
2017.10.11 13:06:21.182,12.89542,12.89788,0.00,0.00
2017.10.11 13:06:21.348,12.89528,12.89689,0.00,0.00
2017.10.11 13:06:21.399,12.89508,12.89689,0.00,0.00
2017.10.11 13:06:21.500,12.89441,12.89689,0.00,0.00
2017.10.11 13:06:21.550,12.89472,12.89688,0.00,0.00
2017.10.11 13:06:21.702,12.89539,12.89779,0.00,0.00
2017.10.11 13:06:21.752,12.89539,12.89769,0.00,0.00
2017.10.11 13:06:21.936,12.89539,12.89792,0.00,0.00
2017.10.11 13:06:22.002,12.89539,12.89769,0.00,0.00
2017.10.11 13:06:22.194,12.89539,12.89778,0.00,0.00
2017.10.11 13:06:22.570,12.89539,12.89751,0.00,0.00
2017.10.11 13:06:22.906,12.89562,12.89788,0.00,0.00
2017.10.11 13:06:23.007,12.89571,12.89789,0.00,0.00
2017.10.11 13:06:23.304,12.89639,12.89871,0.00,0.00
2017.10.11 13:06:23.609,12.89689,12.89871,0.00,0.00
2017.10.11 13:06:23.660,12.89689,12.89888,0.00,0.00
2017.10.11 13:06:23.761,12.89641,12.89889,0.00,0.00
2017.10.11 13:06:23.985,12.89641,12.89872,0.00,0.00
2017.10.11 13:06:24.035,12.89638,12.89872,0.00,0.00
2017.10.11 13:06:24.187,12.89638,12.89861,0.00,0.00
2017.10.11 13:06:24.534,12.89656,12.89851,0.00,0.00
2017.10.11 13:06:24.635,12.89592,12.89851,0.00,0.00
2017.10.11 13:06:24.685,12.89614,12.89852,0.00,0.00
2017.10.11 13:06:25.017,12.89539,12.89689,0.00,0.00
2017.10.11 13:06:25.069,12.89557,12.89771,0.00,0.00
2017.10.11 13:06:25.170,12.89557,12.89789,0.00,0.00
2017.10.11 13:06:25.606,12.89552,12.89788,0.00,0.00
2017.10.11 13:06:25.894,12.89542,12.89788,0.00,0.00
2017.10.11 13:06:26.108,12.89541,12.89772,0.00,0.00
2017.10.11 13:06:26.486,12.89541,12.89789,0.00,0.00
2017.10.11 13:06:26.537,12.89566,12.89789,0.00,0.00
2017.10.11 13:06:26.788,12.89566,12.89799,0.00,0.00
2017.10.11 13:06:26.839,12.89607,12.89801,0.00,0.00
2017.10.11 13:06:26.890,12.89633,12.89851,0.00,0.00
2017.10.11 13:06:26.991,12.89633,12.89859,0.00,0.00
2017.10.11 13:06:27.277,12.89633,12.89862,0.00,0.00
2017.10.11 13:06:27.378,12.89633,12.89882,0.00,0.00
2017.10.11 13:06:27.479,12.89638,12.89882,0.00,0.00
2017.10.11 13:06:27.990,12.89638,12.89889,0.00,0.00
2017.10.11 13:06:28.392,12.89638,12.89868,0.00,0.00
2017.10.11 13:06:28.694,12.89706,12.89922,0.00,0.00
2017.10.11 13:06:28.896,12.89641,12.89872,0.00,0.00
2017.10.11 13:06:29.706,12.89641,12.89881,0.00,0.00
2017.10.11 13:06:30.251,12.89641,12.89881,0.00,0.00
2017.10.11 13:06:30.402,12.89641,12.89889,0.00,0.00
2017.10.11 13:06:30.473,12.89641,12.89882,0.00,0.00
2017.10.11 13:06:30.790,12.89733,12.89959,0.00,0.00
2017.10.11 13:06:31.326,12.89733,12.89932,0.00,0.00
2017.10.11 13:06:31.378,12.89733,12.89958,0.00,0.00
2017.10.11 13:06:31.718,12.89733,12.89951,0.00,0.00
2017.10.11 13:06:31.883,12.89711,12.89939,0.00,0.00
2017.10.11 13:06:31.933,12.89688,12.89889,0.00,0.00
2017.10.11 13:06:32.185,12.89688,12.89891,0.00,0.00
2017.10.11 13:06:32.301,12.89688,12.89921,0.00,0.00
2017.10.11 13:06:32.481,12.89688,12.89911,0.00,0.00
2017.10.11 13:06:32.830,12.89642,12.89861,0.00,0.00
2017.10.11 13:06:33.297,12.89641,12.89872,0.00,0.00
2017.10.11 13:06:33.399,12.89641,12.89852,0.00,0.00
2017.10.11 13:06:33.501,12.89641,12.89881,0.00,0.00
2017.10.11 13:06:33.684,12.89641,12.89871,0.00,0.00
2017.10.11 13:06:33.986,12.89738,12.89938,0.00,0.00
2017.10.11 13:06:34.037,12.89738,12.89949,0.00,0.00
2017.10.11 13:06:34.157,12.89689,12.89949,0.00,0.00
2017.10.11 13:06:34.208,12.89739,12.89912,0.00,0.00
2017.10.11 13:06:34.420,12.89739,12.89951,0.00,0.00
2017.10.11 13:06:35.032,12.89739,12.89942,0.00,0.00
2017.10.11 13:06:35.133,12.89739,12.89972,0.00,0.00
2017.10.11 13:06:35.539,12.89739,12.89942,0.00,0.00
2017.10.11 13:06:35.831,12.89739,12.89981,0.00,0.00
2017.10.11 13:06:35.889,12.89739,12.89961,0.00,0.00
2017.10.11 13:06:36.265,12.89739,12.89942,0.00,0.00
2017.10.11 13:06:36.490,12.89739,12.89972,0.00,0.00
2017.10.11 13:06:36.891,12.89739,12.89961,0.00,0.00
2017.10.11 13:06:37.257,12.89739,12.89941,0.00,0.00
2017.10.11 13:06:37.392,12.89739,12.89971,0.00,0.00
2017.10.11 13:06:37.511,12.89739,12.89969,0.00,0.00
2017.10.11 13:06:37.562,12.89711,12.89949,0.00,0.00
2017.10.11 13:06:37.612,12.89711,12.89942,0.00,0.00
2017.10.11 13:06:37.943,12.89721,12.89949,0.00,0.00
2017.10.11 13:06:38.279,12.89738,12.89962,0.00,0.00
2017.10.11 13:06:38.430,12.89741,12.89982,0.00,0.00
2017.10.11 13:06:38.715,12.89742,12.89952,0.00,0.00
2017.10.11 13:06:39.102,12.89738,12.89952,0.00,0.00
2017.10.11 13:06:39.980,12.89742,12.89952,0.00,0.00
2017.10.11 13:06:40.031,12.89742,12.89988,0.00,0.00
2017.10.11 13:06:40.181,12.89738,12.89988,0.00,0.00
2017.10.11 13:06:40.231,12.89738,12.89981,0.00,0.00
2017.10.11 13:06:40.579,12.89738,12.89941,0.00,0.00
2017.10.11 13:06:41.804,12.89738,12.89962,0.00,0.00
2017.10.11 13:06:42.061,12.89742,12.89962,0.00,0.00
2017.10.11 13:06:42.467,12.89771,12.89989,0.00,0.00
2017.10.11 13:06:42.619,12.89751,12.89989,0.00,0.00
2017.10.11 13:06:42.731,12.89761,12.89962,0.00,0.00
2017.10.11 13:06:42.984,12.89742,12.89952,0.00,0.00
2017.10.11 13:06:43.131,12.89741,12.89969,0.00,0.00
2017.10.11 13:06:43.690,12.89742,12.89968,0.00,0.00
2017.10.11 13:06:43.741,12.89741,12.89979,0.00,0.00
2017.10.11 13:06:43.822,12.89772,12.89982,0.00,0.00
2017.10.11 13:06:43.923,12.89762,12.89978,0.00,0.00
2017.10.11 13:06:44.125,12.89761,12.89952,0.00,0.00
2017.10.11 13:06:44.175,12.89742,12.89952,0.00,0.00
2017.10.11 13:06:44.511,12.89741,12.89982,0.00,0.00
2017.10.11 13:06:44.937,12.89741,12.89962,0.00,0.00
2017.10.11 13:06:45.314,12.89741,12.89952,0.00,0.00
2017.10.11 13:06:45.366,12.89738,12.89952,0.00,0.00
2017.10.11 13:06:46.040,12.89738,12.89942,0.00,0.00
2017.10.11 13:06:46.520,12.89738,12.89972,0.00,0.00
2017.10.11 13:06:47.082,12.89738,12.89969,0.00,0.00
2017.10.11 13:06:47.486,12.89738,12.89951,0.00,0.00
2017.10.11 13:06:47.537,12.89738,12.89961,0.00,0.00
2017.10.11 13:06:47.719,12.89741,12.89961,0.00,0.00
2017.10.11 13:06:47.834,12.89741,12.89982,0.00,0.00
2017.10.11 13:06:47.972,12.89752,12.89982,0.00,0.00
2017.10.11 13:06:48.340,12.89752,12.89961,0.00,0.00
2017.10.11 13:06:48.687,12.89839,12.90042,0.00,0.00
2017.10.11 13:06:48.738,12.89839,12.90069,0.00,0.00
2017.10.11 13:06:48.889,12.89839,12.90059,0.00,0.00
2017.10.11 13:06:49.205,12.89839,12.90041,0.00,0.00
2017.10.11 13:06:49.629,12.89839,12.90048,0.00,0.00
2017.10.11 13:06:49.730,12.89839,12.90042,0.00,0.00
2017.10.11 13:06:50.181,12.89839,12.90028,0.00,0.00
2017.10.11 13:06:50.282,12.89839,12.90038,0.00,0.00
2017.10.11 13:06:51.932,12.89839,12.90029,0.00,0.00
2017.10.11 13:06:52.130,12.89839,12.90042,0.00,0.00
2017.10.11 13:06:52.281,12.89839,12.90028,0.00,0.00
2017.10.11 13:06:52.873,12.89839,12.90029,0.00,0.00
2017.10.11 13:06:53.439,12.89839,12.90028,0.00,0.00
2017.10.11 13:06:53.629,12.89839,12.90039,0.00,0.00
2017.10.11 13:06:54.580,12.89839,12.90048,0.00,0.00
2017.10.11 13:06:54.842,12.89839,12.90042,0.00,0.00
2017.10.11 13:06:54.943,12.89839,12.90049,0.00,0.00
2017.10.11 13:06:55.344,12.89839,12.90041,0.00,0.00
2017.10.11 13:06:55.896,12.89839,12.90049,0.00,0.00
2017.10.11 13:06:56.046,12.89839,12.90042,0.00,0.00
2017.10.11 13:06:56.479,12.89839,12.90039,0.00,0.00
2017.10.11 13:06:56.689,12.89812,12.90038,0.00,0.00
2017.10.11 13:06:57.049,12.89811,12.90032,0.00,0.00
2017.10.11 13:06:57.595,12.89812,12.90048,0.00,0.00
2017.10.11 13:06:58.654,12.89832,12.90048,0.00,0.00
2017.10.11 13:06:59.082,12.89861,12.90049,0.00,0.00
2017.10.11 13:06:59.195,12.89871,12.90061,0.00,0.00
2017.10.11 13:06:59.365,12.89842,12.90062,0.00,0.00
2017.10.11 13:06:59.908,12.89872,12.90082,0.00,0.00
2017.10.11 13:07:00.160,12.89871,12.90099,0.00,0.00
2017.10.11 13:07:00.261,12.89872,12.90111,0.00,0.00
2017.10.11 13:07:00.376,12.89912,12.90098,0.00,0.00
2017.10.11 13:07:00.427,12.89861,12.90049,0.00,0.00
2017.10.11 13:07:00.528,12.89822,12.90048,0.00,0.00
2017.10.11 13:07:00.679,12.89862,12.90042,0.00,0.00
2017.10.11 13:07:00.730,12.89851,12.90042,0.00,0.00
2017.10.11 13:07:00.781,12.89851,12.90049,0.00,0.00
2017.10.11 13:07:01.015,12.89862,12.90048,0.00,0.00
2017.10.11 13:07:01.330,12.89891,12.90049,0.00,0.00
2017.10.11 13:07:01.543,12.89891,12.90061,0.00,0.00
2017.10.11 13:07:01.643,12.89921,12.90101,0.00,0.00
2017.10.11 13:07:01.694,12.89921,12.90149,0.00,0.00
2017.10.11 13:07:02.286,12.89922,12.90148,0.00,0.00
2017.10.11 13:07:02.387,12.89921,12.90142,0.00,0.00
2017.10.11 13:07:02.667,12.89921,12.90149,0.00,0.00
2017.10.11 13:07:03.541,12.89922,12.90148,0.00,0.00
2017.10.11 13:07:03.870,12.89921,12.90142,0.00,0.00
2017.10.11 13:07:04.180,12.89921,12.90149,0.00,0.00
2017.10.11 13:07:04.508,12.89922,12.90142,0.00,0.00
2017.10.11 13:07:05.274,12.89922,12.90148,0.00,0.00
2017.10.11 13:07:05.374,12.89921,12.90141,0.00,0.00
2017.10.11 13:07:05.677,12.89941,12.90149,0.00,0.00
2017.10.11 13:07:05.979,12.89971,12.90149,0.00,0.00
2017.10.11 13:07:06.229,12.89952,12.90148,0.00,0.00
2017.10.11 13:07:06.330,12.89941,12.90149,0.00,0.00
2017.10.11 13:07:07.094,12.89942,12.90148,0.00,0.00
2017.10.11 13:07:07.612,12.89941,12.90149,0.00,0.00
2017.10.11 13:07:08.111,12.89951,12.90149,0.00,0.00
2017.10.11 13:07:08.214,12.89941,12.90149,0.00,0.00
2017.10.11 13:07:08.783,12.89942,12.90148,0.00,0.00
2017.10.11 13:07:09.854,12.89941,12.90149,0.00,0.00
2017.10.11 13:07:09.905,12.90061,12.90172,0.00,0.00
2017.10.11 13:07:10.029,12.90041,12.90211,0.00,0.00
2017.10.11 13:07:10.079,12.90072,12.90242,0.00,0.00
2017.10.11 13:07:10.130,12.90072,12.90248,0.00,0.00
2017.10.11 13:07:10.490,12.90062,12.90248,0.00,0.00
2017.10.11 13:07:11.160,12.90061,12.90249,0.00,0.00
2017.10.11 13:07:11.211,12.90052,12.90248,0.00,0.00
2017.10.11 13:07:11.411,12.90041,12.90249,0.00,0.00
2017.10.11 13:07:11.663,12.90052,12.90248,0.00,0.00
2017.10.11 13:07:12.211,12.90041,12.90249,0.00,0.00
2017.10.11 13:07:13.222,12.90042,12.90248,0.00,0.00
2017.10.11 13:07:13.755,12.90041,12.90249,0.00,0.00
2017.10.11 13:07:14.500,12.90042,12.90248,0.00,0.00
2017.10.11 13:07:15.329,12.90041,12.90249,0.00,0.00
2017.10.11 13:07:16.101,12.90021,12.90249,0.00,0.00
2017.10.11 13:07:16.963,12.90022,12.90248,0.00,0.00
2017.10.11 13:07:17.014,12.90022,12.90242,0.00,0.00
2017.10.11 13:07:17.421,12.89942,12.90148,0.00,0.00
2017.10.11 13:07:17.639,12.89921,12.90149,0.00,0.00
2017.10.11 13:07:18.230,12.89922,12.90148,0.00,0.00
2017.10.11 13:07:18.787,12.89921,12.90149,0.00,0.00
2017.10.11 13:07:19.399,12.89951,12.90149,0.00,0.00
2017.10.11 13:07:19.550,12.89942,12.90148,0.00,0.00
2017.10.11 13:07:19.800,12.89921,12.90149,0.00,0.00
2017.10.11 13:07:20.440,12.89922,12.90148,0.00,0.00
2017.10.11 13:07:21.495,12.89911,12.90112,0.00,0.00
2017.10.11 13:07:21.596,12.89921,12.90149,0.00,0.00
2017.10.11 13:07:21.646,12.89922,12.90141,0.00,0.00
2017.10.11 13:07:21.747,12.89922,12.90148,0.00,0.00
2017.10.11 13:07:22.279,12.89921,12.90149,0.00,0.00
2017.10.11 13:07:22.567,12.89931,12.90149,0.00,0.00
2017.10.11 13:07:23.644,12.89932,12.90148,0.00,0.00
2017.10.11 13:07:23.824,12.89921,12.90149,0.00,0.00
2017.10.11 13:07:24.153,12.89941,12.90149,0.00,0.00
2017.10.11 13:07:24.722,12.89942,12.90148,0.00,0.00
2017.10.11 13:07:25.350,12.89941,12.90149,0.00,0.00
2017.10.11 13:07:26.376,12.89942,12.90148,0.00,0.00
2017.10.11 13:07:26.870,12.89952,12.90148,0.00,0.00
2017.10.11 13:07:27.381,12.89941,12.90149,0.00,0.00
2017.10.11 13:07:29.059,12.89942,12.90148,0.00,0.00
2017.10.11 13:07:29.636,12.89941,12.90149,0.00,0.00
2017.10.11 13:07:31.850,12.89921,12.90139,0.00,0.00
2017.10.11 13:07:31.951,12.89921,12.90129,0.00,0.00
2017.10.11 13:07:32.153,12.89911,12.90131,0.00,0.00
2017.10.11 13:07:32.447,12.89911,12.90149,0.00,0.00
2017.10.11 13:07:32.548,12.89912,12.90141,0.00,0.00
2017.10.11 13:07:32.648,12.89912,12.90148,0.00,0.00
2017.10.11 13:07:33.043,12.89912,12.90142,0.00,0.00
2017.10.11 13:07:33.461,12.89912,12.90148,0.00,0.00
2017.10.11 13:07:33.678,12.89911,12.90129,0.00,0.00
2017.10.11 13:07:35.521,12.89911,12.90119,0.00,0.00
2017.10.11 13:07:36.340,12.89912,12.90128,0.00,0.00
2017.10.11 13:07:36.441,12.89911,12.90139,0.00,0.00
2017.10.11 13:07:36.752,12.89911,12.90089,0.00,0.00
2017.10.11 13:07:36.802,12.89871,12.90089,0.00,0.00
2017.10.11 13:07:36.903,12.89912,12.90092,0.00,0.00
2017.10.11 13:07:37.054,12.89942,12.90148,0.00,0.00
2017.10.11 13:07:38.539,12.89941,12.90149,0.00,0.00
2017.10.11 13:07:39.613,12.89888,12.90162,0.00,0.00
2017.10.11 13:07:39.759,12.89921,12.90149,0.00,0.00
2017.10.11 13:07:39.810,12.89911,12.90149,0.00,0.00
2017.10.11 13:07:39.861,12.89912,12.90141,0.00,0.00
2017.10.11 13:07:40.253,12.89911,12.90149,0.00,0.00
2017.10.11 13:07:40.303,12.89921,12.90149,0.00,0.00
2017.10.11 13:07:40.646,12.89941,12.90149,0.00,0.00
2017.10.11 13:07:41.191,12.89931,12.90149,0.00,0.00
2017.10.11 13:07:42.571,12.89931,12.90142,0.00,0.00
2017.10.11 13:07:42.957,12.89931,12.90149,0.00,0.00
2017.10.11 13:07:43.450,12.89921,12.90149,0.00,0.00
2017.10.11 13:07:43.501,12.89922,12.90142,0.00,0.00
2017.10.11 13:07:44.473,12.89921,12.90142,0.00,0.00
2017.10.11 13:07:44.859,12.89961,12.90149,0.00,0.00
2017.10.11 13:07:44.979,12.89931,12.90149,0.00,0.00
2017.10.11 13:07:45.756,12.89922,12.90148,0.00,0.00
2017.10.11 13:07:46.358,12.89921,12.90149,0.00,0.00
2017.10.11 13:07:46.409,12.89872,12.90098,0.00,0.00
2017.10.11 13:07:46.910,12.89871,12.90099,0.00,0.00
2017.10.11 13:07:47.413,12.89911,12.90149,0.00,0.00
2017.10.11 13:07:48.745,12.89912,12.90148,0.00,0.00
2017.10.11 13:07:49.332,12.89911,12.90149,0.00,0.00
2017.10.11 13:07:49.546,12.89931,12.90149,0.00,0.00
2017.10.11 13:07:49.931,12.89972,12.90148,0.00,0.00
2017.10.11 13:07:50.032,12.89961,12.90189,0.00,0.00
2017.10.11 13:07:50.083,12.89961,12.90149,0.00,0.00
2017.10.11 13:07:50.133,12.89958,12.90149,0.00,0.00
2017.10.11 13:07:50.184,12.89942,12.90148,0.00,0.00
2017.10.11 13:07:50.630,12.89971,12.90192,0.00,0.00
2017.10.11 13:07:50.731,12.89982,12.90181,0.00,0.00
2017.10.11 13:07:50.781,12.89981,12.90199,0.00,0.00
2017.10.11 13:07:50.911,12.89958,12.90149,0.00,0.00
2017.10.11 13:07:51.012,12.89941,12.90149,0.00,0.00
2017.10.11 13:07:51.619,12.89972,12.90148,0.00,0.00
2017.10.11 13:07:51.921,12.89981,12.90199,0.00,0.00
2017.10.11 13:07:52.022,12.89971,12.90149,0.00,0.00
2017.10.11 13:07:52.123,12.89972,12.90162,0.00,0.00
2017.10.11 13:07:52.224,12.89982,12.90182,0.00,0.00
2017.10.11 13:07:52.324,12.89982,12.90198,0.00,0.00
2017.10.11 13:07:52.543,12.90011,12.90231,0.00,0.00
2017.10.11 13:07:52.594,12.89991,12.90199,0.00,0.00
2017.10.11 13:07:52.696,12.89978,12.90198,0.00,0.00
2017.10.11 13:07:52.797,12.89971,12.90199,0.00,0.00
2017.10.11 13:07:52.971,12.89991,12.90199,0.00,0.00
2017.10.11 13:07:53.576,12.89992,12.90198,0.00,0.00
2017.10.11 13:07:54.391,12.90012,12.90198,0.00,0.00
2017.10.11 13:07:54.441,12.90012,12.90212,0.00,0.00
2017.10.11 13:07:54.492,12.90012,12.90231,0.00,0.00
2017.10.11 13:07:54.542,12.89971,12.90162,0.00,0.00
2017.10.11 13:07:54.791,12.89941,12.90149,0.00,0.00
2017.10.11 13:07:54.843,12.89971,12.90189,0.00,0.00
2017.10.11 13:07:54.945,12.89971,12.90162,0.00,0.00
2017.10.11 13:07:55.097,12.90012,12.90248,0.00,0.00
2017.10.11 13:07:55.510,12.90012,12.90241,0.00,0.00
2017.10.11 13:07:55.578,12.90012,12.90248,0.00,0.00
2017.10.11 13:07:55.759,12.90021,12.90249,0.00,0.00
2017.10.11 13:07:56.748,12.90011,12.90249,0.00,0.00
2017.10.11 13:07:56.799,12.90011,12.90241,0.00,0.00
2017.10.11 13:07:57.229,12.90012,12.90228,0.00,0.00
2017.10.11 13:07:57.569,12.90012,12.90208,0.00,0.00
2017.10.11 13:07:57.619,12.90011,12.90239,0.00,0.00
2017.10.11 13:07:57.682,12.90011,12.90231,0.00,0.00
2017.10.11 13:07:57.900,12.90012,12.90248,0.00,0.00
2017.10.11 13:07:58.102,12.89988,12.90262,0.00,0.00
2017.10.11 13:07:58.483,12.89979,12.90261,0.00,0.00
2017.10.11 13:07:59.132,12.89979,12.90211,0.00,0.00
2017.10.11 13:07:59.434,12.89981,12.90181,0.00,0.00
2017.10.11 13:07:59.535,12.89982,12.90198,0.00,0.00
2017.10.11 13:07:59.636,12.89991,12.90199,0.00,0.00
2017.10.11 13:08:00.135,12.89992,12.90162,0.00,0.00
2017.10.11 13:08:00.186,12.89951,12.90162,0.00,0.00
2017.10.11 13:08:00.236,12.89962,12.90162,0.00,0.00
2017.10.11 13:08:00.287,12.89971,12.90199,0.00,0.00
2017.10.11 13:08:00.337,12.89972,12.90148,0.00,0.00
2017.10.11 13:08:00.657,12.90021,12.90191,0.00,0.00
2017.10.11 13:08:00.707,12.90022,12.90211,0.00,0.00
2017.10.11 13:08:00.758,12.90022,12.90238,0.00,0.00
2017.10.11 13:08:00.870,12.90012,12.90238,0.00,0.00
2017.10.11 13:08:01.318,12.90011,12.90241,0.00,0.00
2017.10.11 13:08:01.420,12.90022,12.90248,0.00,0.00
2017.10.11 13:08:02.329,12.90021,12.90249,0.00,0.00
2017.10.11 13:08:02.670,12.90022,12.90238,0.00,0.00
2017.10.11 13:08:03.140,12.90022,12.90248,0.00,0.00
2017.10.11 13:08:03.730,12.90031,12.90249,0.00,0.00
2017.10.11 13:08:04.077,12.90008,12.90262,0.00,0.00
2017.10.11 13:08:04.127,12.90022,12.90248,0.00,0.00
2017.10.11 13:08:04.602,12.90032,12.90248,0.00,0.00
2017.10.11 13:08:05.014,12.90042,12.90248,0.00,0.00
2017.10.11 13:08:05.402,12.90061,12.90249,0.00,0.00
2017.10.11 13:08:05.990,12.90062,12.90248,0.00,0.00
2017.10.11 13:08:06.368,12.90072,12.90248,0.00,0.00
2017.10.11 13:08:06.866,12.90021,12.90249,0.00,0.00
2017.10.11 13:08:07.460,12.90012,12.90248,0.00,0.00
2017.10.11 13:08:07.511,12.90012,12.90238,0.00,0.00
2017.10.11 13:08:07.740,12.90011,12.90242,0.00,0.00
2017.10.11 13:08:07.841,12.90011,12.90249,0.00,0.00
2017.10.11 13:08:07.891,12.90022,12.90248,0.00,0.00
2017.10.11 13:08:08.223,12.90032,12.90248,0.00,0.00
2017.10.11 13:08:08.683,12.90021,12.90249,0.00,0.00
2017.10.11 13:08:09.521,12.90022,12.90248,0.00,0.00
2017.10.11 13:08:09.990,12.90021,12.90239,0.00,0.00
2017.10.11 13:08:10.140,12.90012,12.90238,0.00,0.00
2017.10.11 13:08:10.402,12.90011,12.90229,0.00,0.00
2017.10.11 13:08:10.453,12.90011,12.90241,0.00,0.00
2017.10.11 13:08:10.554,12.90011,12.90249,0.00,0.00
2017.10.11 13:08:10.947,12.90022,12.90248,0.00,0.00
2017.10.11 13:08:11.521,12.90031,12.90249,0.00,0.00
2017.10.11 13:08:12.251,12.90032,12.90248,0.00,0.00
2017.10.11 13:08:12.842,12.90031,12.90249,0.00,0.00
2017.10.11 13:08:13.501,12.90032,12.90248,0.00,0.00
2017.10.11 13:08:13.611,12.90022,12.90248,0.00,0.00
2017.10.11 13:08:14.390,12.90021,12.90249,0.00,0.00
2017.10.11 13:08:15.002,12.90022,12.90248,0.00,0.00
2017.10.11 13:08:15.826,12.90021,12.90249,0.00,0.00
2017.10.11 13:08:16.312,12.90031,12.90249,0.00,0.00
2017.10.11 13:08:16.413,12.90022,12.90248,0.00,0.00
2017.10.11 13:08:16.961,12.90021,12.90249,0.00,0.00
2017.10.11 13:08:17.322,12.89998,12.90149,0.00,0.00
2017.10.11 13:08:17.423,12.89971,12.90149,0.00,0.00
2017.10.11 13:08:17.813,12.90021,12.90192,0.00,0.00
2017.10.11 13:08:17.864,12.90021,12.90211,0.00,0.00
2017.10.11 13:08:17.914,12.90022,12.90198,0.00,0.00
2017.10.11 13:08:17.965,12.90022,12.90238,0.00,0.00
2017.10.11 13:08:18.116,12.90021,12.90249,0.00,0.00
2017.10.11 13:08:18.217,12.89988,12.90161,0.00,0.00
2017.10.11 13:08:18.267,12.89942,12.90148,0.00,0.00
2017.10.11 13:08:18.368,12.89971,12.90162,0.00,0.00
2017.10.11 13:08:18.570,12.89978,12.90189,0.00,0.00
2017.10.11 13:08:18.620,12.89978,12.90149,0.00,0.00
2017.10.11 13:08:18.671,12.89971,12.90149,0.00,0.00
2017.10.11 13:08:19.353,12.89942,12.90148,0.00,0.00
2017.10.11 13:08:20.169,12.89961,12.90149,0.00,0.00
2017.10.11 13:08:21.262,12.89962,12.90148,0.00,0.00
2017.10.11 13:08:21.313,12.89942,12.90148,0.00,0.00
2017.10.11 13:08:21.831,12.89941,12.90149,0.00,0.00
2017.10.11 13:08:22.369,12.89942,12.90148,0.00,0.00
2017.10.11 13:08:22.877,12.89941,12.90149,0.00,0.00
2017.10.11 13:08:23.489,12.89942,12.90148,0.00,0.00
2017.10.11 13:08:25.189,12.89941,12.90149,0.00,0.00
2017.10.11 13:08:25.730,12.89942,12.90148,0.00,0.00
2017.10.11 13:08:26.900,12.89961,12.90149,0.00,0.00
2017.10.11 13:08:27.103,12.90011,12.90212,0.00,0.00
2017.10.11 13:08:27.249,12.90011,12.90239,0.00,0.00
2017.10.11 13:08:27.300,12.90001,12.90189,0.00,0.00
2017.10.11 13:08:27.350,12.89971,12.90162,0.00,0.00
2017.10.11 13:08:27.401,12.89942,12.90162,0.00,0.00
2017.10.11 13:08:27.548,12.89971,12.90161,0.00,0.00
2017.10.11 13:08:27.649,12.90001,12.90249,0.00,0.00
2017.10.11 13:08:28.139,12.89991,12.90199,0.00,0.00
2017.10.11 13:08:28.873,12.89961,12.90149,0.00,0.00
2017.10.11 13:08:30.233,12.89942,12.90148,0.00,0.00
2017.10.11 13:08:30.792,12.89972,12.90198,0.00,0.00
2017.10.11 13:08:31.196,12.89972,12.90162,0.00,0.00
2017.10.11 13:08:31.246,12.89941,12.90149,0.00,0.00
2017.10.11 13:08:31.749,12.89942,12.90148,0.00,0.00
2017.10.11 13:08:32.372,12.89941,12.90149,0.00,0.00
2017.10.11 13:08:35.171,12.89942,12.90148,0.00,0.00
2017.10.11 13:08:35.731,12.89972,12.90148,0.00,0.00
2017.10.11 13:08:36.411,12.89971,12.90162,0.00,0.00
2017.10.11 13:08:36.463,12.90011,12.90212,0.00,0.00
2017.10.11 13:08:36.564,12.90012,12.90238,0.00,0.00
2017.10.11 13:08:36.680,12.90011,12.90189,0.00,0.00
2017.10.11 13:08:36.781,12.89972,12.90162,0.00,0.00
2017.10.11 13:08:36.831,12.90011,12.90191,0.00,0.00
2017.10.11 13:08:36.882,12.89991,12.90212,0.00,0.00
2017.10.11 13:08:36.932,12.89992,12.90198,0.00,0.00
2017.10.11 13:08:37.468,12.90011,12.90212,0.00,0.00
2017.10.11 13:08:37.569,12.90012,12.90248,0.00,0.00
2017.10.11 13:08:37.619,12.89978,12.90149,0.00,0.00
2017.10.11 13:08:37.670,12.89972,12.90148,0.00,0.00
2017.10.11 13:08:37.945,12.89971,12.90191,0.00,0.00
2017.10.11 13:08:37.998,12.89971,12.90149,0.00,0.00
2017.10.11 13:08:38.049,12.89961,12.90149,0.00,0.00
2017.10.11 13:08:38.150,12.89972,12.90148,0.00,0.00
2017.10.11 13:08:38.250,12.89982,12.90192,0.00,0.00
2017.10.11 13:08:38.301,12.89981,12.90199,0.00,0.00
2017.10.11 13:08:38.452,12.90011,12.90231,0.00,0.00
2017.10.11 13:08:38.590,12.90011,12.90249,0.00,0.00
2017.10.11 13:08:39.148,12.90012,12.90248,0.00,0.00
2017.10.11 13:08:39.579,12.90022,12.90248,0.00,0.00
2017.10.11 13:08:40.650,12.90021,12.90249,0.00,0.00
2017.10.11 13:08:41.208,12.90022,12.90248,0.00,0.00
2017.10.11 13:08:41.380,12.90011,12.90249,0.00,0.00
2017.10.11 13:08:41.481,12.90012,12.90242,0.00,0.00
2017.10.11 13:08:42.253,12.90011,12.90242,0.00,0.00
2017.10.11 13:08:43.161,12.90011,12.90249,0.00,0.00
2017.10.11 13:08:43.212,12.90022,12.90248,0.00,0.00
2017.10.11 13:08:43.749,12.90021,12.90249,0.00,0.00
2017.10.11 13:08:45.000,12.90022,12.90248,0.00,0.00
2017.10.11 13:08:45.612,12.90061,12.90249,0.00,0.00
2017.10.11 13:08:46.174,12.90071,12.90249,0.00,0.00
2017.10.11 13:08:46.481,12.90061,12.90249,0.00,0.00
2017.10.11 13:08:46.668,12.90041,12.90249,0.00,0.00
2017.10.11 13:08:47.234,12.90042,12.90248,0.00,0.00
2017.10.11 13:08:47.873,12.90041,12.90249,0.00,0.00
2017.10.11 13:08:48.393,12.90042,12.90248,0.00,0.00
2017.10.11 13:08:49.009,12.90041,12.90249,0.00,0.00
2017.10.11 13:08:49.109,12.90061,12.90249,0.00,0.00
2017.10.11 13:08:49.713,12.90062,12.90248,0.00,0.00
2017.10.11 13:08:49.764,12.90041,12.90249,0.00,0.00
2017.10.11 13:08:50.387,12.90042,12.90248,0.00,0.00
2017.10.11 13:08:50.762,12.90062,12.90248,0.00,0.00
2017.10.11 13:08:50.963,12.90042,12.90248,0.00,0.00
2017.10.11 13:08:51.465,12.90041,12.90249,0.00,0.00
2017.10.11 13:08:52.036,12.90042,12.90248,0.00,0.00
2017.10.11 13:08:52.820,12.90041,12.90249,0.00,0.00
2017.10.11 13:08:53.579,12.90041,12.90239,0.00,0.00
2017.10.11 13:08:53.931,12.90071,12.90249,0.00,0.00
2017.10.11 13:08:53.982,12.90072,12.90282,0.00,0.00
2017.10.11 13:08:54.082,12.90071,12.90262,0.00,0.00
2017.10.11 13:08:54.234,12.90041,12.90249,0.00,0.00
2017.10.11 13:08:54.773,12.90042,12.90248,0.00,0.00
2017.10.11 13:08:55.344,12.90041,12.90249,0.00,0.00
2017.10.11 13:08:57.103,12.90041,12.90249,0.00,0.00
2017.10.11 13:08:57.612,12.90031,12.90249,0.00,0.00
2017.10.11 13:08:59.210,12.89982,12.90162,0.00,0.00
2017.10.11 13:08:59.361,12.90021,12.90239,0.00,0.00
2017.10.11 13:09:00.015,12.90022,12.90238,0.00,0.00
2017.10.11 13:09:00.151,12.90022,12.90228,0.00,0.00
2017.10.11 13:09:00.201,12.90022,12.90238,0.00,0.00
2017.10.11 13:09:00.252,12.90011,12.90249,0.00,0.00
2017.10.11 13:09:00.303,12.90011,12.90212,0.00,0.00
2017.10.11 13:09:00.503,12.90011,12.90249,0.00,0.00
2017.10.11 13:09:00.919,12.90021,12.90249,0.00,0.00
2017.10.11 13:09:01.263,12.89999,12.90179,0.00,0.00
2017.10.11 13:09:01.616,12.89972,12.90138,0.00,0.00
2017.10.11 13:09:01.832,12.89741,12.89949,0.00,0.00
2017.10.11 13:09:01.884,12.89742,12.89952,0.00,0.00
2017.10.11 13:09:01.985,12.89742,12.89948,0.00,0.00
2017.10.11 13:09:02.088,12.89698,12.89952,0.00,0.00
2017.10.11 13:09:02.139,12.89742,12.89952,0.00,0.00
2017.10.11 13:09:02.446,12.89741,12.89949,0.00,0.00
2017.10.11 13:09:02.761,12.89771,12.89939,0.00,0.00
2017.10.11 13:09:32.729,12.89922,12.90128,0.00,0.00
2017.10.11 13:09:33.671,12.89921,12.90119,0.00,0.00
2017.10.11 13:09:34.193,12.89921,12.90129,0.00,0.00
2017.10.11 13:09:35.510,12.89921,12.90119,0.00,0.00
2017.10.11 13:09:35.561,12.89911,12.90119,0.00,0.00
2017.10.11 13:09:35.780,12.89912,12.90108,0.00,0.00
2017.10.11 13:09:36.231,12.89881,12.90089,0.00,0.00
2017.10.11 13:09:36.281,12.89871,12.90039,0.00,0.00
2017.10.11 13:09:36.382,12.89872,12.90088,0.00,0.00
2017.10.11 13:09:36.433,12.89892,12.90088,0.00,0.00
2017.10.11 13:09:36.780,12.89922,12.90128,0.00,0.00
2017.10.11 13:09:36.831,12.89922,12.90111,0.00,0.00
2017.10.11 13:09:36.910,12.89922,12.90128,0.00,0.00
2017.10.11 13:09:37.451,12.89922,12.90118,0.00,0.00
2017.10.11 13:09:37.780,12.89921,12.90051,0.00,0.00
2017.10.11 13:09:37.904,12.89861,12.90039,0.00,0.00
2017.10.11 13:09:38.560,12.89841,12.90039,0.00,0.00
2017.10.11 13:09:39.208,12.89912,12.90051,0.00,0.00
2017.10.11 13:09:39.284,12.89912,12.90088,0.00,0.00
2017.10.11 13:09:39.335,12.89911,12.90102,0.00,0.00
2017.10.11 13:09:39.402,12.89912,12.90138,0.00,0.00
2017.10.11 13:09:39.545,12.89911,12.90101,0.00,0.00
2017.10.11 13:09:39.747,12.89842,12.90038,0.00,0.00
2017.10.11 13:09:40.284,12.89841,12.90039,0.00,0.00
2017.10.11 13:09:40.595,12.89872,12.90072,0.00,0.00
2017.10.11 13:09:40.646,12.89912,12.90111,0.00,0.00
2017.10.11 13:09:40.769,12.89881,12.90089,0.00,0.00
2017.10.11 13:09:41.094,12.89902,12.90088,0.00,0.00
2017.10.11 13:09:41.624,12.89901,12.90089,0.00,0.00
2017.10.11 13:09:41.833,12.89842,12.90038,0.00,0.00
2017.10.11 13:09:42.229,12.89871,12.90089,0.00,0.00
2017.10.11 13:09:42.660,12.89921,12.90139,0.00,0.00
2017.10.11 13:09:43.106,12.89898,12.90152,0.00,0.00
2017.10.11 13:09:43.157,12.89888,12.90152,0.00,0.00
2017.10.11 13:09:43.224,12.89869,12.90151,0.00,0.00
2017.10.11 13:09:43.725,12.89869,12.90102,0.00,0.00
2017.10.11 13:09:44.123,12.89886,12.90089,0.00,0.00
2017.10.11 13:09:44.532,12.89881,12.90089,0.00,0.00
2017.10.11 13:09:44.584,12.89841,12.90052,0.00,0.00
2017.10.11 13:09:44.634,12.89843,12.90052,0.00,0.00
2017.10.11 13:09:44.751,12.89841,12.90052,0.00,0.00
2017.10.11 13:09:47.586,12.89842,12.90052,0.00,0.00
2017.10.11 13:09:48.520,12.89841,12.90052,0.00,0.00
2017.10.11 13:09:49.250,12.89842,12.90052,0.00,0.00
2017.10.11 13:09:49.934,12.89841,12.90052,0.00,0.00
2017.10.11 13:09:50.472,12.89842,12.90052,0.00,0.00
2017.10.11 13:09:51.894,12.89841,12.90052,0.00,0.00
2017.10.11 13:09:52.453,12.89829,12.90052,0.00,0.00
2017.10.11 13:09:52.545,12.89839,12.90052,0.00,0.00
2017.10.11 13:09:52.747,12.89921,12.90139,0.00,0.00
2017.10.11 13:09:53.303,12.89922,12.90128,0.00,0.00
2017.10.11 13:09:53.532,12.89921,12.90139,0.00,0.00
2017.10.11 13:09:54.404,12.89922,12.90138,0.00,0.00
2017.10.11 13:09:55.001,12.89921,12.90139,0.00,0.00
2017.10.11 13:09:55.163,12.89878,12.90039,0.00,0.00
2017.10.11 13:09:55.264,12.89832,12.90038,0.00,0.00
2017.10.11 13:09:55.490,12.89832,12.90028,0.00,0.00
2017.10.11 13:09:55.541,12.89821,12.90029,0.00,0.00
2017.10.11 13:09:56.040,12.89831,12.90019,0.00,0.00
2017.10.11 13:09:56.090,12.89822,12.90018,0.00,0.00
2017.10.11 13:09:56.173,12.89822,12.90028,0.00,0.00
2017.10.11 13:09:56.535,12.89821,12.90001,0.00,0.00
2017.10.11 13:09:56.636,12.89778,12.89988,0.00,0.00
2017.10.11 13:09:56.686,12.89778,12.89939,0.00,0.00
2017.10.11 13:09:56.787,12.89741,12.89939,0.00,0.00
2017.10.11 13:09:57.555,12.89742,12.89938,0.00,0.00
2017.10.11 13:09:58.106,12.89741,12.89939,0.00,0.00
2017.10.11 13:09:58.566,12.89762,12.89938,0.00,0.00
2017.10.11 13:09:59.178,12.89761,12.89939,0.00,0.00
2017.10.11 13:09:59.758,12.89762,12.89938,0.00,0.00
2017.10.11 13:09:59.809,12.89742,12.89938,0.00,0.00
2017.10.11 13:10:00.052,12.89731,12.89939,0.00,0.00
2017.10.11 13:10:00.153,12.89751,12.89939,0.00,0.00
2017.10.11 13:10:00.312,12.89741,12.89939,0.00,0.00
2017.10.11 13:10:00.891,12.89742,12.89938,0.00,0.00
2017.10.11 13:10:01.202,12.89761,12.89939,0.00,0.00
2017.10.11 13:10:01.303,12.89821,12.90002,0.00,0.00
2017.10.11 13:10:01.354,12.89822,12.90038,0.00,0.00
2017.10.11 13:10:01.805,12.89798,12.89951,0.00,0.00
2017.10.11 13:10:01.855,12.89781,12.89951,0.00,0.00
2017.10.11 13:10:01.906,12.89821,12.90002,0.00,0.00
2017.10.11 13:10:01.957,12.89832,12.90038,0.00,0.00
2017.10.11 13:10:02.460,12.89831,12.90039,0.00,0.00
2017.10.11 13:10:02.911,12.89832,12.89951,0.00,0.00
2017.10.11 13:10:02.961,12.89771,12.89939,0.00,0.00
2017.10.11 13:10:03.012,12.89772,12.89988,0.00,0.00
2017.10.11 13:10:03.062,12.89791,12.89989,0.00,0.00
2017.10.11 13:10:03.113,12.89761,12.89999,0.00,0.00
2017.10.11 13:10:03.164,12.89761,12.89952,0.00,0.00
2017.10.11 13:10:03.893,12.89742,12.89952,0.00,0.00
2017.10.11 13:10:04.472,12.89741,12.89952,0.00,0.00
2017.10.11 13:10:05.092,12.89742,12.89952,0.00,0.00
2017.10.11 13:10:05.383,12.89742,12.89978,0.00,0.00
2017.10.11 13:10:05.434,12.89801,12.89989,0.00,0.00
2017.10.11 13:10:05.485,12.89781,12.89989,0.00,0.00
2017.10.11 13:10:05.945,12.89769,12.89951,0.00,0.00
2017.10.11 13:10:05.996,12.89741,12.89951,0.00,0.00
2017.10.11 13:10:06.148,12.89731,12.89949,0.00,0.00
2017.10.11 13:10:06.249,12.89731,12.89951,0.00,0.00
2017.10.11 13:10:06.903,12.89731,12.89951,0.00,0.00
2017.10.11 13:10:07.005,12.89711,12.89951,0.00,0.00
2017.10.11 13:10:07.266,12.89723,12.89951,0.00,0.00
2017.10.11 13:10:08.074,12.89728,12.89951,0.00,0.00
2017.10.11 13:10:09.049,12.89728,12.89951,0.00,0.00
2017.10.11 13:10:09.312,12.89721,12.89949,0.00,0.00
2017.10.11 13:10:09.372,12.89711,12.89949,0.00,0.00
2017.10.11 13:10:09.425,12.89688,12.89859,0.00,0.00
2017.10.11 13:10:09.476,12.89622,12.89838,0.00,0.00
2017.10.11 13:10:10.514,12.89626,12.89839,0.00,0.00
2017.10.11 13:10:10.565,12.89622,12.89838,0.00,0.00
2017.10.11 13:10:10.616,12.89623,12.89839,0.00,0.00
2017.10.11 13:10:10.921,12.89623,12.89788,0.00,0.00
2017.10.11 13:10:10.971,12.89623,12.89799,0.00,0.00
2017.10.11 13:10:11.022,12.89558,12.89749,0.00,0.00
2017.10.11 13:10:11.123,12.89531,12.89749,0.00,0.00
2017.10.11 13:10:11.274,12.89617,12.89801,0.00,0.00
2017.10.11 13:10:11.325,12.89617,12.89821,0.00,0.00
2017.10.11 13:10:11.401,12.89629,12.89849,0.00,0.00
2017.10.11 13:10:11.452,12.89629,12.89799,0.00,0.00
2017.10.11 13:10:11.502,12.89582,12.89798,0.00,0.00
2017.10.11 13:10:11.672,12.89622,12.89842,0.00,0.00
2017.10.11 13:10:11.723,12.89621,12.89849,0.00,0.00
2017.10.11 13:10:11.824,12.89628,12.89849,0.00,0.00
2017.10.11 13:10:12.181,12.89622,12.89848,0.00,0.00
2017.10.11 13:10:12.698,12.89622,12.89838,0.00,0.00
2017.10.11 13:10:12.933,12.89621,12.89849,0.00,0.00
2017.10.11 13:10:13.393,12.89638,12.89848,0.00,0.00
2017.10.11 13:10:13.684,12.89621,12.89849,0.00,0.00
2017.10.11 13:10:14.631,12.89622,12.89848,0.00,0.00
2017.10.11 13:10:15.183,12.89621,12.89849,0.00,0.00
2017.10.11 13:10:15.519,12.89671,12.89849,0.00,0.00
2017.10.11 13:10:15.857,12.89691,12.89849,0.00,0.00
2017.10.11 13:10:15.958,12.89671,12.89849,0.00,0.00
2017.10.11 13:10:16.009,12.89688,12.89899,0.00,0.00
2017.10.11 13:10:16.110,12.89652,12.89862,0.00,0.00
2017.10.11 13:10:16.161,12.89632,12.89862,0.00,0.00
2017.10.11 13:10:16.263,12.89637,12.89862,0.00,0.00
2017.10.11 13:10:16.596,12.89723,12.89898,0.00,0.00
2017.10.11 13:10:16.705,12.89662,12.89861,0.00,0.00
2017.10.11 13:10:16.756,12.89632,12.89861,0.00,0.00
2017.10.11 13:10:17.073,12.89667,12.89861,0.00,0.00
2017.10.11 13:10:17.736,12.89667,12.89861,0.00,0.00
2017.10.11 13:10:18.294,12.89667,12.89861,0.00,0.00
2017.10.11 13:10:18.403,12.89707,12.89948,0.00,0.00
2017.10.11 13:10:18.454,12.89716,12.89949,0.00,0.00
2017.10.11 13:10:18.801,12.89723,12.89948,0.00,0.00
2017.10.11 13:10:19.103,12.89727,12.89948,0.00,0.00
2017.10.11 13:10:19.438,12.89742,12.89948,0.00,0.00
2017.10.11 13:10:19.762,12.89751,12.89949,0.00,0.00
2017.10.11 13:10:20.523,12.89741,12.89949,0.00,0.00
2017.10.11 13:10:20.624,12.89751,12.89949,0.00,0.00
2017.10.11 13:10:21.155,12.89752,12.89948,0.00,0.00
2017.10.11 13:10:21.595,12.89762,12.89948,0.00,0.00
2017.10.11 13:10:22.361,12.89761,12.89949,0.00,0.00
2017.10.11 13:10:22.521,12.89751,12.89949,0.00,0.00
2017.10.11 13:10:23.054,12.89752,12.89948,0.00,0.00
2017.10.11 13:10:23.654,12.89751,12.89949,0.00,0.00
2017.10.11 13:10:24.153,12.89741,12.89949,0.00,0.00
2017.10.11 13:10:24.797,12.89742,12.89948,0.00,0.00
2017.10.11 13:10:25.624,12.89741,12.89949,0.00,0.00
2017.10.11 13:10:25.725,12.89752,12.89948,0.00,0.00
2017.10.11 13:10:26.314,12.89751,12.89949,0.00,0.00
2017.10.11 13:10:27.182,12.89752,12.89948,0.00,0.00
2017.10.11 13:10:27.779,12.89741,12.89949,0.00,0.00
2017.10.11 13:10:28.070,12.89731,12.89949,0.00,0.00
2017.10.11 13:10:28.234,12.89742,12.89948,0.00,0.00
2017.10.11 13:10:28.678,12.89772,12.89948,0.00,0.00
2017.10.11 13:10:28.804,12.89758,12.89948,0.00,0.00
2017.10.11 13:10:28.855,12.89732,12.89948,0.00,0.00
2017.10.11 13:10:29.184,12.89722,12.89948,0.00,0.00
2017.10.11 13:10:29.313,12.89712,12.89948,0.00,0.00
2017.10.11 13:10:29.514,12.89712,12.89938,0.00,0.00
2017.10.11 13:10:29.666,12.89631,12.89861,0.00,0.00
2017.10.11 13:10:30.331,12.89632,12.89862,0.00,0.00
2017.10.11 13:10:30.836,12.89631,12.89862,0.00,0.00
2017.10.11 13:10:31.693,12.89632,12.89862,0.00,0.00
2017.10.11 13:10:32.230,12.89648,12.89862,0.00,0.00
2017.10.11 13:10:32.535,12.89571,12.89749,0.00,0.00
2017.10.11 13:10:32.787,12.89628,12.89849,0.00,0.00
2017.10.11 13:10:32.939,12.89621,12.89849,0.00,0.00
2017.10.11 13:10:33.514,12.89622,12.89848,0.00,0.00
2017.10.11 13:10:34.053,12.89621,12.89849,0.00,0.00
2017.10.11 13:10:34.638,12.89621,12.89848,0.00,0.00
2017.10.11 13:10:34.862,12.89626,12.89849,0.00,0.00
2017.10.11 13:10:34.963,12.89626,12.89849,0.00,0.00
2017.10.11 13:10:35.139,12.89622,12.89848,0.00,0.00
2017.10.11 13:10:35.190,12.89636,12.89849,0.00,0.00
2017.10.11 13:10:35.240,12.89629,12.89849,0.00,0.00
2017.10.11 13:10:35.950,12.89629,12.89848,0.00,0.00
2017.10.11 13:10:36.051,12.89621,12.89859,0.00,0.00
2017.10.11 13:10:36.813,12.89622,12.89858,0.00,0.00
2017.10.11 13:10:36.864,12.89628,12.89808,0.00,0.00
2017.10.11 13:10:36.972,12.89591,12.89809,0.00,0.00
2017.10.11 13:10:37.402,12.89581,12.89809,0.00,0.00
2017.10.11 13:10:37.581,12.89591,12.89809,0.00,0.00
2017.10.11 13:10:38.010,12.89598,12.89809,0.00,0.00
2017.10.11 13:10:38.161,12.89581,12.89809,0.00,0.00
2017.10.11 13:10:38.514,12.89558,12.89822,0.00,0.00
2017.10.11 13:10:38.565,12.89581,12.89809,0.00,0.00
2017.10.11 13:10:38.922,12.89581,12.89772,0.00,0.00
2017.10.11 13:10:38.973,12.89571,12.89772,0.00,0.00
2017.10.11 13:10:39.073,12.89542,12.89772,0.00,0.00
2017.10.11 13:10:39.124,12.89551,12.89772,0.00,0.00
2017.10.11 13:10:39.661,12.89552,12.89772,0.00,0.00
2017.10.11 13:10:39.711,12.89541,12.89772,0.00,0.00
2017.10.11 13:10:39.812,12.89552,12.89772,0.00,0.00
2017.10.11 13:10:40.767,12.89551,12.89772,0.00,0.00
2017.10.11 13:10:41.172,12.89561,12.89772,0.00,0.00
2017.10.11 13:10:41.749,12.89562,12.89772,0.00,0.00
2017.10.11 13:10:42.282,12.89551,12.89772,0.00,0.00
2017.10.11 13:10:42.333,12.89541,12.89772,0.00,0.00
2017.10.11 13:10:42.384,12.89552,12.89772,0.00,0.00
2017.10.11 13:10:42.585,12.89541,12.89772,0.00,0.00
2017.10.11 13:10:42.801,12.89551,12.89772,0.00,0.00
2017.10.11 13:10:42.852,12.89542,12.89772,0.00,0.00
2017.10.11 13:10:43.358,12.89541,12.89772,0.00,0.00
2017.10.11 13:10:43.861,12.89551,12.89772,0.00,0.00
2017.10.11 13:10:44.307,12.89561,12.89772,0.00,0.00
2017.10.11 13:10:44.358,12.89551,12.89772,0.00,0.00
2017.10.11 13:10:44.651,12.89541,12.89772,0.00,0.00
2017.10.11 13:10:44.780,12.89551,12.89772,0.00,0.00
2017.10.11 13:10:45.441,12.89552,12.89772,0.00,0.00
2017.10.11 13:10:45.770,12.89542,12.89772,0.00,0.00
2017.10.11 13:10:46.291,12.89541,12.89772,0.00,0.00
2017.10.11 13:10:46.621,12.89552,12.89772,0.00,0.00
2017.10.11 13:10:46.680,12.89541,12.89772,0.00,0.00
2017.10.11 13:10:46.781,12.89541,12.89769,0.00,0.00
2017.10.11 13:10:47.491,12.89541,12.89772,0.00,0.00
2017.10.11 13:10:48.029,12.89541,12.89772,0.00,0.00
2017.10.11 13:10:48.080,12.89541,12.89769,0.00,0.00
2017.10.11 13:10:48.231,12.89541,12.89772,0.00,0.00
2017.10.11 13:10:48.282,12.89557,12.89772,0.00,0.00
2017.10.11 13:10:48.463,12.89542,12.89772,0.00,0.00
2017.10.11 13:10:49.071,12.89541,12.89772,0.00,0.00
2017.10.11 13:10:49.642,12.89541,12.89772,0.00,0.00
2017.10.11 13:10:50.793,12.89541,12.89772,0.00,0.00
2017.10.11 13:10:51.510,12.89541,12.89772,0.00,0.00
2017.10.11 13:10:51.881,12.89546,12.89772,0.00,0.00
2017.10.11 13:10:52.231,12.89541,12.89772,0.00,0.00
2017.10.11 13:10:52.681,12.89532,12.89758,0.00,0.00
2017.10.11 13:10:52.883,12.89498,12.89772,0.00,0.00
2017.10.11 13:10:52.934,12.89532,12.89758,0.00,0.00
2017.10.11 13:10:53.035,12.89531,12.89769,0.00,0.00
2017.10.11 13:10:53.343,12.89531,12.89772,0.00,0.00
2017.10.11 13:10:53.431,12.89541,12.89772,0.00,0.00
2017.10.11 13:10:53.532,12.89531,12.89772,0.00,0.00
2017.10.11 13:10:53.633,12.89538,12.89772,0.00,0.00
2017.10.11 13:10:53.973,12.89581,12.89772,0.00,0.00
2017.10.11 13:10:54.191,12.89571,12.89772,0.00,0.00
2017.10.11 13:10:54.540,12.89582,12.89772,0.00,0.00
2017.10.11 13:10:54.691,12.89531,12.89769,0.00,0.00
2017.10.11 13:10:54.755,12.89532,12.89758,0.00,0.00
2017.10.11 13:10:54.856,12.89532,12.89771,0.00,0.00
2017.10.11 13:10:55.121,12.89571,12.89772,0.00,0.00
2017.10.11 13:10:55.171,12.89562,12.89772,0.00,0.00
2017.10.11 13:10:55.272,12.89541,12.89772,0.00,0.00
2017.10.11 13:10:55.581,12.89531,12.89769,0.00,0.00
2017.10.11 13:10:55.682,12.89532,12.89772,0.00,0.00
2017.10.11 13:10:55.944,12.89541,12.89772,0.00,0.00
2017.10.11 13:10:56.089,12.89531,12.89772,0.00,0.00
2017.10.11 13:10:56.642,12.89532,12.89772,0.00,0.00
2017.10.11 13:10:57.002,12.89531,12.89769,0.00,0.00
2017.10.11 13:10:57.334,12.89521,12.89749,0.00,0.00
2017.10.11 13:10:57.978,12.89522,12.89748,0.00,0.00
2017.10.11 13:10:58.954,12.89521,12.89749,0.00,0.00
2017.10.11 13:10:59.155,12.89521,12.89759,0.00,0.00
2017.10.11 13:10:59.536,12.89521,12.89749,0.00,0.00
2017.10.11 13:10:59.873,12.89471,12.89709,0.00,0.00
2017.10.11 13:10:59.924,12.89512,12.89672,0.00,0.00
2017.10.11 13:11:00.025,12.89531,12.89759,0.00,0.00
2017.10.11 13:11:00.075,12.89542,12.89758,0.00,0.00
2017.10.11 13:11:00.482,12.89532,12.89758,0.00,0.00
2017.10.11 13:11:00.633,12.89521,12.89759,0.00,0.00
2017.10.11 13:11:00.834,12.89531,12.89759,0.00,0.00
2017.10.11 13:11:01.058,12.89522,12.89758,0.00,0.00
2017.10.11 13:11:01.364,12.89522,12.89698,0.00,0.00
2017.10.11 13:11:01.461,12.89498,12.89698,0.00,0.00
2017.10.11 13:11:01.512,12.89452,12.89658,0.00,0.00
2017.10.11 13:11:02.084,12.89451,12.89659,0.00,0.00
2017.10.11 13:11:03.026,12.89441,12.89659,0.00,0.00
2017.10.11 13:11:03.159,12.89446,12.89659,0.00,0.00
2017.10.11 13:11:03.661,12.89447,12.89658,0.00,0.00
2017.10.11 13:11:04.043,12.89467,12.89658,0.00,0.00
2017.10.11 13:11:04.094,12.89462,12.89658,0.00,0.00
2017.10.11 13:11:04.245,12.89451,12.89659,0.00,0.00
2017.10.11 13:11:04.346,12.89456,12.89659,0.00,0.00
2017.10.11 13:11:04.673,12.89466,12.89659,0.00,0.00
2017.10.11 13:11:04.970,12.89452,12.89658,0.00,0.00
2017.10.11 13:11:05.491,12.89451,12.89659,0.00,0.00
2017.10.11 13:11:05.631,12.89441,12.89659,0.00,0.00
2017.10.11 13:11:06.322,12.89442,12.89658,0.00,0.00
2017.10.11 13:11:06.383,12.89471,12.89659,0.00,0.00
2017.10.11 13:11:06.503,12.89462,12.89658,0.00,0.00
2017.10.11 13:11:06.705,12.89452,12.89658,0.00,0.00
2017.10.11 13:11:07.008,12.89461,12.89659,0.00,0.00
2017.10.11 13:11:07.359,12.89451,12.89659,0.00,0.00
2017.10.11 13:11:07.811,12.89442,12.89658,0.00,0.00
2017.10.11 13:11:08.162,12.89448,12.89658,0.00,0.00
2017.10.11 13:11:08.484,12.89451,12.89659,0.00,0.00
2017.10.11 13:11:09.089,12.89452,12.89658,0.00,0.00
2017.10.11 13:11:09.139,12.89441,12.89659,0.00,0.00
2017.10.11 13:11:09.805,12.89442,12.89658,0.00,0.00
2017.10.11 13:11:10.606,12.89441,12.89659,0.00,0.00
2017.10.11 13:11:11.586,12.89441,12.89658,0.00,0.00
2017.10.11 13:11:12.101,12.89441,12.89659,0.00,0.00
2017.10.11 13:11:12.661,12.89441,12.89658,0.00,0.00
2017.10.11 13:11:13.273,12.89457,12.89658,0.00,0.00
2017.10.11 13:11:13.949,12.89461,12.89659,0.00,0.00
2017.10.11 13:11:14.065,12.89471,12.89699,0.00,0.00
2017.10.11 13:11:14.165,12.89471,12.89671,0.00,0.00
2017.10.11 13:11:14.660,12.89471,12.89729,0.00,0.00
2017.10.11 13:11:14.710,12.89471,12.89699,0.00,0.00
2017.10.11 13:11:15.032,12.89482,12.89708,0.00,0.00
2017.10.11 13:11:15.334,12.89472,12.89658,0.00,0.00
2017.10.11 13:11:15.818,12.89472,12.89698,0.00,0.00
2017.10.11 13:11:15.981,12.89489,12.89722,0.00,0.00
2017.10.11 13:11:16.082,12.89489,12.89759,0.00,0.00
2017.10.11 13:11:16.714,12.89489,12.89699,0.00,0.00
2017.10.11 13:11:16.765,12.89479,12.89698,0.00,0.00
2017.10.11 13:11:16.866,12.89488,12.89702,0.00,0.00
2017.10.11 13:11:16.967,12.89488,12.89722,0.00,0.00
2017.10.11 13:11:17.067,12.89538,12.89768,0.00,0.00
2017.10.11 13:11:17.369,12.89538,12.89779,0.00,0.00
2017.10.11 13:11:17.913,12.89538,12.89778,0.00,0.00
2017.10.11 13:11:18.167,12.89538,12.89799,0.00,0.00
2017.10.11 13:11:18.823,12.89538,12.89789,0.00,0.00
2017.10.11 13:11:19.030,12.89538,12.89798,0.00,0.00
2017.10.11 13:11:19.140,12.89538,12.89792,0.00,0.00
2017.10.11 13:11:19.340,12.89538,12.89798,0.00,0.00
2017.10.11 13:11:19.647,12.89541,12.89799,0.00,0.00
2017.10.11 13:11:20.221,12.89542,12.89798,0.00,0.00
2017.10.11 13:11:20.544,12.89542,12.89781,0.00,0.00
2017.10.11 13:11:20.931,12.89538,12.89749,0.00,0.00
2017.10.11 13:11:21.095,12.89468,12.89699,0.00,0.00
2017.10.11 13:11:21.211,12.89461,12.89699,0.00,0.00
2017.10.11 13:11:21.861,12.89472,12.89698,0.00,0.00
2017.10.11 13:11:22.187,12.89482,12.89698,0.00,0.00
2017.10.11 13:11:22.635,12.89471,12.89699,0.00,0.00
2017.10.11 13:11:22.685,12.89521,12.89721,0.00,0.00
2017.10.11 13:11:22.786,12.89541,12.89792,0.00,0.00
2017.10.11 13:11:22.837,12.89552,12.89792,0.00,0.00
2017.10.11 13:11:23.151,12.89562,12.89798,0.00,0.00
2017.10.11 13:11:23.632,12.89571,12.89799,0.00,0.00
2017.10.11 13:11:23.702,12.89551,12.89799,0.00,0.00
2017.10.11 13:11:23.884,12.89551,12.89772,0.00,0.00
2017.10.11 13:11:24.153,12.89552,12.89782,0.00,0.00
2017.10.11 13:11:24.681,12.89551,12.89782,0.00,0.00
2017.10.11 13:11:24.754,12.89551,12.89799,0.00,0.00
2017.10.11 13:11:25.280,12.89552,12.89798,0.00,0.00
2017.10.11 13:11:25.355,12.89552,12.89791,0.00,0.00
2017.10.11 13:11:25.441,12.89541,12.89789,0.00,0.00
2017.10.11 13:11:25.656,12.89542,12.89772,0.00,0.00
2017.10.11 13:11:25.863,12.89541,12.89789,0.00,0.00
2017.10.11 13:11:26.587,12.89542,12.89788,0.00,0.00
2017.10.11 13:11:26.638,12.89539,12.89769,0.00,0.00
2017.10.11 13:11:26.961,12.89539,12.89778,0.00,0.00
2017.10.11 13:11:27.961,12.89539,12.89779,0.00,0.00
2017.10.11 13:11:28.362,12.89539,12.89771,0.00,0.00
2017.10.11 13:11:28.764,12.89539,12.89778,0.00,0.00
2017.10.11 13:11:28.902,12.89541,12.89789,0.00,0.00
2017.10.11 13:11:29.342,12.89552,12.89798,0.00,0.00
2017.10.11 13:11:29.644,12.89591,12.89799,0.00,0.00
2017.10.11 13:11:29.695,12.89571,12.89799,0.00,0.00
2017.10.11 13:11:30.052,12.89561,12.89799,0.00,0.00
2017.10.11 13:11:31.210,12.89562,12.89798,0.00,0.00
2017.10.11 13:11:31.270,12.89562,12.89782,0.00,0.00
2017.10.11 13:11:31.771,12.89562,12.89792,0.00,0.00
2017.10.11 13:11:32.481,12.89561,12.89792,0.00,0.00
2017.10.11 13:11:32.601,12.89572,12.89792,0.00,0.00
2017.10.11 13:11:32.950,12.89591,12.89792,0.00,0.00
2017.10.11 13:11:33.001,12.89571,12.89799,0.00,0.00
2017.10.11 13:11:33.522,12.89581,12.89799,0.00,0.00
2017.10.11 13:11:33.698,12.89588,12.89812,0.00,0.00
2017.10.11 13:11:33.748,12.89632,12.89812,0.00,0.00
2017.10.11 13:11:33.799,12.89638,12.89878,0.00,0.00
2017.10.11 13:11:33.969,12.89642,12.89878,0.00,0.00
2017.10.11 13:11:34.279,12.89642,12.89851,0.00,0.00
2017.10.11 13:11:34.626,12.89641,12.89859,0.00,0.00
2017.10.11 13:11:34.680,12.89641,12.89852,0.00,0.00
2017.10.11 13:11:35.001,12.89638,12.89849,0.00,0.00
2017.10.11 13:11:35.131,12.89638,12.89852,0.00,0.00
2017.10.11 13:11:35.285,12.89641,12.89869,0.00,0.00
2017.10.11 13:11:35.532,12.89641,12.89879,0.00,0.00
2017.10.11 13:11:35.583,12.89641,12.89852,0.00,0.00
2017.10.11 13:11:35.683,12.89641,12.89872,0.00,0.00
2017.10.11 13:11:35.835,12.89612,12.89798,0.00,0.00
2017.10.11 13:11:35.886,12.89588,12.89798,0.00,0.00
2017.10.11 13:11:35.987,12.89538,12.89698,0.00,0.00
2017.10.11 13:11:36.088,12.89471,12.89699,0.00,0.00
2017.10.11 13:11:36.398,12.89471,12.89702,0.00,0.00
2017.10.11 13:11:36.462,12.89489,12.89698,0.00,0.00
2017.10.11 13:11:36.563,12.89461,12.89699,0.00,0.00
2017.10.11 13:11:36.614,12.89461,12.89691,0.00,0.00
2017.10.11 13:11:36.913,12.89488,12.89732,0.00,0.00
2017.10.11 13:11:36.989,12.89488,12.89752,0.00,0.00
2017.10.11 13:11:37.289,12.89488,12.89742,0.00,0.00
2017.10.11 13:11:38.166,12.89472,12.89698,0.00,0.00
2017.10.11 13:11:38.422,12.89488,12.89721,0.00,0.00
2017.10.11 13:11:38.523,12.89488,12.89752,0.00,0.00
2017.10.11 13:11:38.681,12.89538,12.89752,0.00,0.00
2017.10.11 13:11:38.833,12.89538,12.89769,0.00,0.00
2017.10.11 13:11:38.883,12.89538,12.89758,0.00,0.00
2017.10.11 13:11:39.266,12.89538,12.89752,0.00,0.00
2017.10.11 13:11:39.391,12.89492,12.89748,0.00,0.00
2017.10.11 13:11:39.542,12.89491,12.89731,0.00,0.00
2017.10.11 13:11:39.901,12.89538,12.89731,0.00,0.00
2017.10.11 13:11:40.003,12.89538,12.89759,0.00,0.00
2017.10.11 13:11:40.104,12.89538,12.89792,0.00,0.00
2017.10.11 13:11:40.162,12.89538,12.89758,0.00,0.00
2017.10.11 13:11:40.462,12.89538,12.89771,0.00,0.00
2017.10.11 13:11:40.622,12.89538,12.89791,0.00,0.00
2017.10.11 13:11:40.944,12.89538,12.89781,0.00,0.00
2017.10.11 13:11:41.601,12.89538,12.89791,0.00,0.00
2017.10.11 13:11:41.902,12.89538,12.89761,0.00,0.00
2017.10.11 13:11:42.041,12.89538,12.89781,0.00,0.00
2017.10.11 13:11:42.331,12.89538,12.89778,0.00,0.00
2017.10.11 13:11:42.737,12.89538,12.89762,0.00,0.00
2017.10.11 13:11:43.118,12.89538,12.89769,0.00,0.00
2017.10.11 13:11:44.050,12.89538,12.89768,0.00,0.00
2017.10.11 13:11:44.362,12.89521,12.89762,0.00,0.00
2017.10.11 13:11:44.413,12.89491,12.89749,0.00,0.00
2017.10.11 13:11:44.464,12.89488,12.89719,0.00,0.00
2017.10.11 13:11:44.514,12.89488,12.89722,0.00,0.00
2017.10.11 13:11:44.615,12.89488,12.89732,0.00,0.00
2017.10.11 13:11:45.609,12.89488,12.89758,0.00,0.00
2017.10.11 13:11:46.210,12.89488,12.89732,0.00,0.00
2017.10.11 13:11:46.552,12.89471,12.89699,0.00,0.00
2017.10.11 13:11:46.854,12.89488,12.89692,0.00,0.00
2017.10.11 13:11:46.905,12.89461,12.89692,0.00,0.00
2017.10.11 13:11:47.012,12.89461,12.89699,0.00,0.00
2017.10.11 13:11:47.062,12.89489,12.89711,0.00,0.00
2017.10.11 13:11:47.232,12.89471,12.89699,0.00,0.00
2017.10.11 13:11:47.435,12.89489,12.89692,0.00,0.00
2017.10.11 13:11:47.536,12.89489,12.89699,0.00,0.00
2017.10.11 13:11:47.587,12.89472,12.89698,0.00,0.00
2017.10.11 13:11:47.813,12.89472,12.89692,0.00,0.00
2017.10.11 13:11:48.014,12.89472,12.89698,0.00,0.00
2017.10.11 13:11:48.219,12.89471,12.89692,0.00,0.00
2017.10.11 13:11:48.988,12.89472,12.89692,0.00,0.00
2017.10.11 13:11:49.316,12.89538,12.89771,0.00,0.00
2017.10.11 13:11:49.417,12.89522,12.89758,0.00,0.00
2017.10.11 13:11:49.468,12.89491,12.89759,0.00,0.00
2017.10.11 13:11:49.518,12.89491,12.89732,0.00,0.00
2017.10.11 13:11:50.079,12.89491,12.89731,0.00,0.00
2017.10.11 13:11:50.131,12.89491,12.89741,0.00,0.00
2017.10.11 13:11:50.885,12.89492,12.89741,0.00,0.00
2017.10.11 13:11:51.320,12.89492,12.89752,0.00,0.00
2017.10.11 13:11:51.442,12.89522,12.89752,0.00,0.00
2017.10.11 13:11:51.543,12.89539,12.89772,0.00,0.00
2017.10.11 13:11:51.644,12.89539,12.89789,0.00,0.00
2017.10.11 13:11:51.745,12.89539,12.89791,0.00,0.00
2017.10.11 13:11:51.796,12.89541,12.89791,0.00,0.00
2017.10.11 13:11:51.846,12.89539,12.89791,0.00,0.00
2017.10.11 13:11:51.947,12.89539,12.89778,0.00,0.00
2017.10.11 13:11:52.317,12.89539,12.89759,0.00,0.00
2017.10.11 13:11:52.863,12.89539,12.89768,0.00,0.00
2017.10.11 13:11:52.964,12.89539,12.89761,0.00,0.00
2017.10.11 13:11:53.137,12.89539,12.89769,0.00,0.00
2017.10.11 13:11:54.065,12.89539,12.89778,0.00,0.00
2017.10.11 13:11:54.166,12.89539,12.89781,0.00,0.00
2017.10.11 13:11:54.267,12.89551,12.89799,0.00,0.00
2017.10.11 13:11:54.483,12.89572,12.89798,0.00,0.00
2017.10.11 13:11:54.565,12.89561,12.89799,0.00,0.00
2017.10.11 13:11:54.616,12.89561,12.89772,0.00,0.00
2017.10.11 13:11:54.666,12.89561,12.89799,0.00,0.00
2017.10.11 13:11:55.384,12.89541,12.89799,0.00,0.00
2017.10.11 13:11:55.608,12.89572,12.89798,0.00,0.00
2017.10.11 13:11:55.786,12.89549,12.89788,0.00,0.00
2017.10.11 13:11:55.886,12.89541,12.89789,0.00,0.00
2017.10.11 13:11:55.937,12.89541,12.89782,0.00,0.00
2017.10.11 13:11:56.272,12.89572,12.89782,0.00,0.00
2017.10.11 13:11:56.373,12.89571,12.89799,0.00,0.00
2017.10.11 13:11:57.331,12.89572,12.89798,0.00,0.00
2017.10.11 13:11:57.438,12.89572,12.89792,0.00,0.00
2017.10.11 13:11:57.672,12.89572,12.89798,0.00,0.00
2017.10.11 13:11:58.453,12.89571,12.89799,0.00,0.00
2017.10.11 13:11:58.507,12.89541,12.89799,0.00,0.00
2017.10.11 13:11:58.558,12.89541,12.89779,0.00,0.00
2017.10.11 13:11:58.659,12.89541,12.89782,0.00,0.00
2017.10.11 13:11:58.709,12.89542,12.89758,0.00,0.00
2017.10.11 13:11:58.857,12.89541,12.89761,0.00,0.00
2017.10.11 13:11:59.064,12.89542,12.89778,0.00,0.00
2017.10.11 13:11:59.115,12.89542,12.89768,0.00,0.00
2017.10.11 13:11:59.677,12.89541,12.89769,0.00,0.00
2017.10.11 13:11:59.923,12.89542,12.89778,0.00,0.00
2017.10.11 13:12:00.545,12.89572,12.89788,0.00,0.00
2017.10.11 13:12:00.696,12.89541,12.89789,0.00,0.00
2017.10.11 13:12:00.797,12.89542,12.89778,0.00,0.00
2017.10.11 13:12:01.173,12.89542,12.89771,0.00,0.00
2017.10.11 13:12:01.485,12.89541,12.89779,0.00,0.00
2017.10.11 13:12:01.996,12.89542,12.89778,0.00,0.00
2017.10.11 13:12:02.127,12.89542,12.89788,0.00,0.00
2017.10.11 13:12:02.178,12.89542,12.89772,0.00,0.00
2017.10.11 13:12:02.278,12.89561,12.89799,0.00,0.00
2017.10.11 13:12:02.379,12.89541,12.89789,0.00,0.00
2017.10.11 13:12:02.553,12.89541,12.89781,0.00,0.00
2017.10.11 13:12:02.753,12.89542,12.89788,0.00,0.00
2017.10.11 13:12:03.602,12.89552,12.89791,0.00,0.00
2017.10.11 13:12:03.703,12.89551,12.89799,0.00,0.00
2017.10.11 13:12:03.754,12.89541,12.89789,0.00,0.00
2017.10.11 13:12:04.731,12.89542,12.89788,0.00,0.00
2017.10.11 13:12:05.407,12.89571,12.89791,0.00,0.00
2017.10.11 13:12:05.457,12.89562,12.89791,0.00,0.00
2017.10.11 13:12:05.508,12.89551,12.89791,0.00,0.00
2017.10.11 13:12:05.609,12.89552,12.89788,0.00,0.00
2017.10.11 13:12:05.956,12.89551,12.89779,0.00,0.00
2017.10.11 13:12:06.617,12.89552,12.89778,0.00,0.00
2017.10.11 13:12:07.416,12.89552,12.89788,0.00,0.00
2017.10.11 13:12:07.517,12.89551,12.89799,0.00,0.00
2017.10.11 13:12:07.567,12.89552,12.89781,0.00,0.00
2017.10.11 13:12:07.716,12.89552,12.89798,0.00,0.00
2017.10.11 13:12:08.088,12.89571,12.89799,0.00,0.00
2017.10.11 13:12:08.189,12.89589,12.89828,0.00,0.00
2017.10.11 13:12:08.289,12.89591,12.89849,0.00,0.00
2017.10.11 13:12:08.541,12.89579,12.89799,0.00,0.00
2017.10.11 13:12:08.592,12.89551,12.89799,0.00,0.00
2017.10.11 13:12:08.692,12.89551,12.89782,0.00,0.00
2017.10.11 13:12:09.261,12.89551,12.89779,0.00,0.00
2017.10.11 13:12:09.642,12.89551,12.89782,0.00,0.00
2017.10.11 13:12:09.810,12.89552,12.89798,0.00,0.00
2017.10.11 13:12:10.002,12.89571,12.89809,0.00,0.00
2017.10.11 13:12:10.343,12.89639,12.89868,0.00,0.00
2017.10.11 13:12:10.551,12.89639,12.89878,0.00,0.00
2017.10.11 13:12:10.874,12.89639,12.89861,0.00,0.00
2017.10.11 13:12:11.625,12.89639,12.89879,0.00,0.00
2017.10.11 13:12:11.877,12.89639,12.89862,0.00,0.00
2017.10.11 13:12:12.478,12.89639,12.89879,0.00,0.00
2017.10.11 13:12:12.716,12.89639,12.89861,0.00,0.00
2017.10.11 13:12:12.992,12.89639,12.89878,0.00,0.00
2017.10.11 13:12:13.098,12.89639,12.89889,0.00,0.00
2017.10.11 13:12:13.480,12.89639,12.89871,0.00,0.00
2017.10.11 13:12:13.582,12.89639,12.89881,0.00,0.00
2017.10.11 13:12:13.776,12.89631,12.89812,0.00,0.00
2017.10.11 13:12:13.827,12.89599,12.89799,0.00,0.00
2017.10.11 13:12:13.928,12.89551,12.89799,0.00,0.00
2017.10.11 13:12:14.029,12.89551,12.89791,0.00,0.00
2017.10.11 13:12:14.130,12.89551,12.89799,0.00,0.00
2017.10.11 13:12:14.281,12.89551,12.89789,0.00,0.00
2017.10.11 13:12:14.470,12.89538,12.89781,0.00,0.00
2017.10.11 13:12:14.521,12.89542,12.89781,0.00,0.00
2017.10.11 13:12:14.672,12.89538,12.89781,0.00,0.00
2017.10.11 13:12:14.723,12.89538,12.89789,0.00,0.00
2017.10.11 13:12:14.773,12.89561,12.89789,0.00,0.00
2017.10.11 13:12:14.874,12.89552,12.89788,0.00,0.00
2017.10.11 13:12:14.975,12.89541,12.89789,0.00,0.00
2017.10.11 13:12:15.126,12.89542,12.89782,0.00,0.00
2017.10.11 13:12:15.360,12.89538,12.89779,0.00,0.00
2017.10.11 13:12:15.521,12.89538,12.89781,0.00,0.00
2017.10.11 13:12:16.301,12.89542,12.89788,0.00,0.00
2017.10.11 13:12:16.563,12.89551,12.89789,0.00,0.00
2017.10.11 13:12:16.865,12.89561,12.89789,0.00,0.00
2017.10.11 13:12:16.916,12.89551,12.89789,0.00,0.00
2017.10.11 13:12:17.017,12.89538,12.89781,0.00,0.00
2017.10.11 13:12:17.236,12.89541,12.89781,0.00,0.00
2017.10.11 13:12:17.289,12.89541,12.89789,0.00,0.00
2017.10.11 13:12:17.356,12.89611,12.89812,0.00,0.00
2017.10.11 13:12:17.557,12.89651,12.89889,0.00,0.00
2017.10.11 13:12:17.608,12.89639,12.89878,0.00,0.00
2017.10.11 13:12:17.709,12.89639,12.89872,0.00,0.00
2017.10.11 13:12:17.911,12.89639,12.89889,0.00,0.00
2017.10.11 13:12:18.032,12.89652,12.89888,0.00,0.00
2017.10.11 13:12:18.363,12.89672,12.89888,0.00,0.00
2017.10.11 13:12:18.783,12.89681,12.89889,0.00,0.00
2017.10.11 13:12:18.935,12.89671,12.89889,0.00,0.00
2017.10.11 13:12:19.602,12.89692,12.89888,0.00,0.00
2017.10.11 13:12:19.822,12.89672,12.89888,0.00,0.00
2017.10.11 13:12:19.923,12.89682,12.89888,0.00,0.00
2017.10.11 13:12:20.032,12.89671,12.89882,0.00,0.00
2017.10.11 13:12:20.360,12.89692,12.89882,0.00,0.00
2017.10.11 13:12:20.512,12.89692,12.89898,0.00,0.00
2017.10.11 13:12:20.909,12.89692,12.89892,0.00,0.00
2017.10.11 13:12:20.960,12.89651,12.89892,0.00,0.00
2017.10.11 13:12:21.010,12.89652,12.89881,0.00,0.00
2017.10.11 13:12:21.242,12.89651,12.89899,0.00,0.00
2017.10.11 13:12:21.296,12.89651,12.89881,0.00,0.00
2017.10.11 13:12:21.622,12.89652,12.89891,0.00,0.00
2017.10.11 13:12:22.137,12.89651,12.89891,0.00,0.00
2017.10.11 13:12:22.187,12.89662,12.89891,0.00,0.00
2017.10.11 13:12:22.353,12.89651,12.89891,0.00,0.00
2017.10.11 13:12:22.812,12.89642,12.89888,0.00,0.00
2017.10.11 13:12:22.942,12.89651,12.89882,0.00,0.00
2017.10.11 13:12:23.049,12.89641,12.89882,0.00,0.00
2017.10.11 13:12:23.100,12.89641,12.89889,0.00,0.00
2017.10.11 13:12:23.200,12.89641,12.89882,0.00,0.00
2017.10.11 13:12:23.552,12.89642,12.89871,0.00,0.00
2017.10.11 13:12:23.605,12.89641,12.89889,0.00,0.00
2017.10.11 13:12:23.862,12.89639,12.89878,0.00,0.00
2017.10.11 13:12:24.213,12.89651,12.89872,0.00,0.00
2017.10.11 13:12:24.302,12.89651,12.89892,0.00,0.00
2017.10.11 13:12:24.393,12.89642,12.89888,0.00,0.00
2017.10.11 13:12:24.444,12.89642,12.89882,0.00,0.00
2017.10.11 13:12:24.925,12.89641,12.89862,0.00,0.00
2017.10.11 13:12:25.504,12.89641,12.89882,0.00,0.00
2017.10.11 13:12:25.605,12.89651,12.89882,0.00,0.00
2017.10.11 13:12:25.916,12.89652,12.89861,0.00,0.00
2017.10.11 13:12:26.051,12.89641,12.89861,0.00,0.00
2017.10.11 13:12:26.474,12.89601,12.89799,0.00,0.00
2017.10.11 13:12:26.525,12.89588,12.89831,0.00,0.00
2017.10.11 13:12:26.626,12.89589,12.89811,0.00,0.00
2017.10.11 13:12:26.727,12.89589,12.89849,0.00,0.00
2017.10.11 13:12:26.777,12.89591,12.89849,0.00,0.00
2017.10.11 13:12:27.079,12.89639,12.89888,0.00,0.00
2017.10.11 13:12:27.582,12.89642,12.89888,0.00,0.00
2017.10.11 13:12:27.633,12.89639,12.89888,0.00,0.00
2017.10.11 13:12:27.733,12.89639,12.89862,0.00,0.00
2017.10.11 13:12:28.048,12.89652,12.89888,0.00,0.00
2017.10.11 13:12:28.412,12.89651,12.89882,0.00,0.00
2017.10.11 13:12:28.657,12.89651,12.89889,0.00,0.00
2017.10.11 13:12:28.708,12.89662,12.89888,0.00,0.00
2017.10.11 13:12:28.809,12.89641,12.89889,0.00,0.00
2017.10.11 13:12:29.012,12.89642,12.89871,0.00,0.00
2017.10.11 13:12:29.522,12.89641,12.89862,0.00,0.00
2017.10.11 13:12:29.611,12.89639,12.89862,0.00,0.00
2017.10.11 13:12:29.951,12.89639,12.89889,0.00,0.00
2017.10.11 13:12:30.258,12.89639,12.89861,0.00,0.00
2017.10.11 13:12:30.615,12.89639,12.89872,0.00,0.00
2017.10.11 13:12:30.916,12.89639,12.89862,0.00,0.00
2017.10.11 13:12:31.120,12.89641,12.89889,0.00,0.00
2017.10.11 13:12:31.221,12.89639,12.89869,0.00,0.00
2017.10.11 13:12:31.671,12.89639,12.89862,0.00,0.00
2017.10.11 13:12:32.518,12.89651,12.89862,0.00,0.00
2017.10.11 13:12:32.669,12.89661,12.89889,0.00,0.00
2017.10.11 13:12:33.128,12.89662,12.89862,0.00,0.00
2017.10.11 13:12:33.621,12.89642,12.89862,0.00,0.00
2017.10.11 13:12:34.051,12.89651,12.89861,0.00,0.00
2017.10.11 13:12:34.168,12.89651,12.89889,0.00,0.00
2017.10.11 13:12:34.218,12.89661,12.89889,0.00,0.00
2017.10.11 13:12:34.413,12.89652,12.89888,0.00,0.00
2017.10.11 13:12:34.464,12.89662,12.89888,0.00,0.00
2017.10.11 13:12:34.675,12.89641,12.89889,0.00,0.00
2017.10.11 13:12:34.726,12.89641,12.89879,0.00,0.00
2017.10.11 13:12:35.109,12.89641,12.89871,0.00,0.00
2017.10.11 13:12:35.442,12.89651,12.89871,0.00,0.00
2017.10.11 13:12:35.543,12.89651,12.89889,0.00,0.00
2017.10.11 13:12:35.611,12.89681,12.89889,0.00,0.00
2017.10.11 13:12:35.662,12.89661,12.89889,0.00,0.00
2017.10.11 13:12:35.927,12.89661,12.89881,0.00,0.00
2017.10.11 13:12:36.148,12.89662,12.89888,0.00,0.00
2017.10.11 13:12:36.434,12.89661,12.89871,0.00,0.00
2017.10.11 13:12:36.521,12.89651,12.89871,0.00,0.00
2017.10.11 13:12:36.611,12.89661,12.89871,0.00,0.00
2017.10.11 13:12:36.662,12.89661,12.89889,0.00,0.00
2017.10.11 13:12:36.728,12.89661,12.89881,0.00,0.00
2017.10.11 13:12:36.829,12.89652,12.89881,0.00,0.00
2017.10.11 13:12:36.928,12.89652,12.89888,0.00,0.00
2017.10.11 13:12:36.979,12.89671,12.89889,0.00,0.00
2017.10.11 13:12:37.231,12.89671,12.89899,0.00,0.00
2017.10.11 13:12:37.282,12.89681,12.89911,0.00,0.00
2017.10.11 13:12:37.332,12.89691,12.89911,0.00,0.00
2017.10.11 13:12:37.383,12.89691,12.89939,0.00,0.00
2017.10.11 13:12:37.664,12.89691,12.89922,0.00,0.00
2017.10.11 13:12:37.985,12.89739,12.89968,0.00,0.00
2017.10.11 13:12:38.287,12.89702,12.89938,0.00,0.00
2017.10.11 13:12:38.338,12.89692,12.89921,0.00,0.00
2017.10.11 13:12:38.539,12.89691,12.89939,0.00,0.00
2017.10.11 13:12:39.015,12.89668,12.89912,0.00,0.00
2017.10.11 13:12:39.317,12.89689,12.89881,0.00,0.00
2017.10.11 13:12:39.368,12.89689,12.89899,0.00,0.00
2017.10.11 13:12:39.419,12.89671,12.89899,0.00,0.00
2017.10.11 13:12:39.533,12.89672,12.89881,0.00,0.00
2017.10.11 13:12:39.633,12.89672,12.89898,0.00,0.00
2017.10.11 13:12:40.034,12.89672,12.89892,0.00,0.00
2017.10.11 13:12:40.288,12.89671,12.89899,0.00,0.00
2017.10.11 13:12:40.861,12.89672,12.89898,0.00,0.00
2017.10.11 13:12:41.370,12.89641,12.89899,0.00,0.00
2017.10.11 13:12:41.471,12.89642,12.89878,0.00,0.00
2017.10.11 13:12:41.817,12.89641,12.89869,0.00,0.00
2017.10.11 13:12:41.997,12.89611,12.89859,0.00,0.00
2017.10.11 13:12:42.098,12.89638,12.89861,0.00,0.00
2017.10.11 13:12:42.249,12.89638,12.89889,0.00,0.00
2017.10.11 13:12:42.451,12.89638,12.89882,0.00,0.00
2017.10.11 13:12:42.552,12.89638,12.89889,0.00,0.00
2017.10.11 13:12:43.071,12.89638,12.89888,0.00,0.00
2017.10.11 13:12:43.222,12.89642,12.89888,0.00,0.00
2017.10.11 13:12:43.691,12.89641,12.89879,0.00,0.00
2017.10.11 13:12:43.753,12.89641,12.89889,0.00,0.00
2017.10.11 13:12:43.854,12.89638,12.89889,0.00,0.00
2017.10.11 13:12:44.005,12.89641,12.89889,0.00,0.00
2017.10.11 13:12:44.350,12.89638,12.89872,0.00,0.00
2017.10.11 13:12:45.287,12.89642,12.89872,0.00,0.00
2017.10.11 13:12:45.388,12.89641,12.89889,0.00,0.00
2017.10.11 13:12:45.723,12.89662,12.89888,0.00,0.00
2017.10.11 13:12:45.831,12.89638,12.89879,0.00,0.00
2017.10.11 13:12:45.982,12.89638,12.89872,0.00,0.00
2017.10.11 13:12:46.242,12.89642,12.89888,0.00,0.00
2017.10.11 13:12:46.443,12.89642,12.89872,0.00,0.00
2017.10.11 13:12:46.743,12.89642,12.89888,0.00,0.00
2017.10.11 13:12:48.631,12.89641,12.89889,0.00,0.00
2017.10.11 13:12:48.782,12.89641,12.89871,0.00,0.00
2017.10.11 13:12:48.833,12.89638,12.89871,0.00,0.00
2017.10.11 13:12:49.046,12.89638,12.89881,0.00,0.00
2017.10.11 13:12:49.354,12.89638,12.89888,0.00,0.00
2017.10.11 13:12:49.547,12.89638,12.89881,0.00,0.00
2017.10.11 13:12:50.792,12.89671,12.89881,0.00,0.00
2017.10.11 13:12:50.893,12.89672,12.89888,0.00,0.00
2017.10.11 13:12:51.052,12.89688,12.89898,0.00,0.00
2017.10.11 13:12:51.203,12.89672,12.89898,0.00,0.00
2017.10.11 13:12:51.304,12.89712,12.89931,0.00,0.00
2017.10.11 13:12:51.355,12.89722,12.89962,0.00,0.00
2017.10.11 13:12:51.456,12.89738,12.89969,0.00,0.00
2017.10.11 13:12:52.443,12.89738,12.89968,0.00,0.00
2017.10.11 13:12:53.136,12.89738,12.89979,0.00,0.00
2017.10.11 13:12:53.186,12.89738,12.89968,0.00,0.00
2017.10.11 13:12:53.287,12.89711,12.89949,0.00,0.00
2017.10.11 13:12:53.338,12.89722,12.89961,0.00,0.00
2017.10.11 13:12:53.438,12.89738,12.89971,0.00,0.00
2017.10.11 13:12:53.493,12.89738,12.89979,0.00,0.00
2017.10.11 13:12:53.545,12.89741,12.89989,0.00,0.00
2017.10.11 13:12:54.084,12.89771,12.89989,0.00,0.00
2017.10.11 13:12:54.236,12.89741,12.89989,0.00,0.00
2017.10.11 13:12:54.286,12.89738,12.89959,0.00,0.00
2017.10.11 13:12:55.032,12.89738,12.89958,0.00,0.00
2017.10.11 13:12:55.565,12.89738,12.89959,0.00,0.00
2017.10.11 13:12:56.234,12.89738,12.89958,0.00,0.00
2017.10.11 13:12:56.383,12.89741,12.89969,0.00,0.00
2017.10.11 13:12:56.434,12.89741,12.89989,0.00,0.00
2017.10.11 13:12:56.869,12.89741,12.89981,0.00,0.00
2017.10.11 13:12:56.969,12.89741,12.89989,0.00,0.00
2017.10.11 13:12:57.473,12.89751,12.89989,0.00,0.00
2017.10.11 13:12:57.795,12.89772,12.89988,0.00,0.00
2017.10.11 13:12:58.413,12.89771,12.89989,0.00,0.00
2017.10.11 13:12:59.161,12.89771,12.89999,0.00,0.00
2017.10.11 13:12:59.425,12.89751,12.89979,0.00,0.00
2017.10.11 13:12:59.476,12.89738,12.89979,0.00,0.00
2017.10.11 13:12:59.527,12.89738,12.89949,0.00,0.00
2017.10.11 13:12:59.628,12.89738,12.89959,0.00,0.00
2017.10.11 13:12:59.777,12.89738,12.89949,0.00,0.00
2017.10.11 13:12:59.827,12.89738,12.89968,0.00,0.00
2017.10.11 13:13:00.039,12.89738,12.89978,0.00,0.00
2017.10.11 13:13:00.091,12.89789,12.90009,0.00,0.00
2017.10.11 13:13:00.192,12.89771,12.90009,0.00,0.00
2017.10.11 13:13:00.243,12.89769,12.90012,0.00,0.00
2017.10.11 13:13:00.294,12.89771,12.90009,0.00,0.00
2017.10.11 13:13:00.597,12.89838,12.90059,0.00,0.00
2017.10.11 13:13:01.265,12.89838,12.90069,0.00,0.00
2017.10.11 13:13:01.316,12.89838,12.90061,0.00,0.00
2017.10.11 13:13:01.418,12.89838,12.90078,0.00,0.00
2017.10.11 13:13:01.468,12.89838,12.90068,0.00,0.00
2017.10.11 13:13:01.771,12.89838,12.90079,0.00,0.00
2017.10.11 13:13:01.872,12.89841,12.90089,0.00,0.00
2017.10.11 13:13:02.113,12.89841,12.90091,0.00,0.00
2017.10.11 13:13:02.220,12.89841,12.90099,0.00,0.00
2017.10.11 13:13:02.343,12.89851,12.90099,0.00,0.00
2017.10.11 13:13:02.671,12.89851,12.90081,0.00,0.00
2017.10.11 13:13:02.722,12.89861,12.90099,0.00,0.00
2017.10.11 13:13:02.773,12.89862,12.90088,0.00,0.00
2017.10.11 13:13:03.381,12.89861,12.90089,0.00,0.00
2017.10.11 13:13:03.483,12.89842,12.90078,0.00,0.00
2017.10.11 13:13:03.583,12.89842,12.90098,0.00,0.00
2017.10.11 13:13:03.634,12.89841,12.90082,0.00,0.00
2017.10.11 13:13:03.796,12.89851,12.90099,0.00,0.00
2017.10.11 13:13:03.919,12.89841,12.90082,0.00,0.00
2017.10.11 13:13:04.272,12.89841,12.90079,0.00,0.00
2017.10.11 13:13:04.925,12.89872,12.90082,0.00,0.00
2017.10.11 13:13:05.026,12.89872,12.90098,0.00,0.00
2017.10.11 13:13:05.150,12.89889,12.90128,0.00,0.00
2017.10.11 13:13:05.200,12.89891,12.90129,0.00,0.00
2017.10.11 13:13:05.261,12.89892,12.90148,0.00,0.00
2017.10.11 13:13:05.431,12.89901,12.90149,0.00,0.00
2017.10.11 13:13:05.910,12.89901,12.90132,0.00,0.00
2017.10.11 13:13:06.343,12.89938,12.90138,0.00,0.00
2017.10.11 13:13:06.444,12.89891,12.90121,0.00,0.00
2017.10.11 13:13:06.821,12.89892,12.90148,0.00,0.00
2017.10.11 13:13:07.183,12.89871,12.90099,0.00,0.00
2017.10.11 13:13:07.234,12.89841,12.90082,0.00,0.00
2017.10.11 13:13:07.612,12.89842,12.90092,0.00,0.00
2017.10.11 13:13:07.714,12.89842,12.90098,0.00,0.00
2017.10.11 13:13:07.940,12.89842,12.90092,0.00,0.00
2017.10.11 13:13:08.413,12.89889,12.90092,0.00,0.00
2017.10.11 13:13:08.514,12.89889,12.90099,0.00,0.00
2017.10.11 13:13:08.565,12.89871,12.90099,0.00,0.00
2017.10.11 13:13:08.859,12.89861,12.90099,0.00,0.00
2017.10.11 13:13:08.960,12.89841,12.90082,0.00,0.00
2017.10.11 13:13:09.341,12.89862,12.90082,0.00,0.00
2017.10.11 13:13:09.442,12.89862,12.90098,0.00,0.00
2017.10.11 13:13:10.542,12.89842,12.90086,0.00,0.00
2017.10.11 13:13:10.812,12.89842,12.90088,0.00,0.00
2017.10.11 13:13:11.521,12.89861,12.90092,0.00,0.00
2017.10.11 13:13:11.854,12.89861,12.90087,0.00,0.00
2017.10.11 13:13:12.036,12.89862,12.90088,0.00,0.00
2017.10.11 13:13:12.087,12.89842,12.90088,0.00,0.00
2017.10.11 13:13:13.212,12.89842,12.90098,0.00,0.00
2017.10.11 13:13:13.262,12.89841,12.90097,0.00,0.00
2017.10.11 13:13:13.653,12.89842,12.90098,0.00,0.00
2017.10.11 13:13:13.817,12.89842,12.90097,0.00,0.00
2017.10.11 13:13:14.810,12.89861,12.90097,0.00,0.00
2017.10.11 13:13:14.861,12.89862,12.90098,0.00,0.00
2017.10.11 13:13:15.161,12.89862,12.90087,0.00,0.00
2017.10.11 13:13:15.363,12.89871,12.90109,0.00,0.00
2017.10.11 13:13:15.464,12.89891,12.90111,0.00,0.00
2017.10.11 13:13:15.514,12.89891,12.90131,0.00,0.00
2017.10.11 13:13:15.565,12.89891,12.90149,0.00,0.00
2017.10.11 13:13:15.862,12.89892,12.90126,0.00,0.00
2017.10.11 13:13:16.205,12.89938,12.90126,0.00,0.00
2017.10.11 13:13:16.256,12.89938,12.90148,0.00,0.00
2017.10.11 13:13:16.339,12.89938,12.90114,0.00,0.00
2017.10.11 13:13:16.390,12.89908,12.90112,0.00,0.00
2017.10.11 13:13:16.491,12.89891,12.90142,0.00,0.00
2017.10.11 13:13:16.541,12.89891,12.90126,0.00,0.00
2017.10.11 13:13:16.923,12.89891,12.90142,0.00,0.00
2017.10.11 13:13:17.513,12.89892,12.90142,0.00,0.00
2017.10.11 13:13:17.624,12.89892,12.90148,0.00,0.00
2017.10.11 13:13:17.675,12.89891,12.90112,0.00,0.00
2017.10.11 13:13:17.792,12.89891,12.90139,0.00,0.00
2017.10.11 13:13:17.843,12.89891,12.90102,0.00,0.00
2017.10.11 13:13:17.944,12.89891,12.90122,0.00,0.00
2017.10.11 13:13:18.325,12.89891,12.90139,0.00,0.00
2017.10.11 13:13:19.220,12.89891,12.90111,0.00,0.00
2017.10.11 13:13:19.275,12.89872,12.90098,0.00,0.00
2017.10.11 13:13:19.328,12.89872,12.90092,0.00,0.00
2017.10.11 13:13:19.862,12.89871,12.90099,0.00,0.00
2017.10.11 13:13:20.433,12.89872,12.90098,0.00,0.00
2017.10.11 13:13:20.931,12.89871,12.90091,0.00,0.00
2017.10.11 13:13:21.031,12.89871,12.90099,0.00,0.00
2017.10.11 13:13:21.627,12.89851,12.90099,0.00,0.00
2017.10.11 13:13:21.779,12.89851,12.90089,0.00,0.00
2017.10.11 13:13:22.124,12.89808,12.90062,0.00,0.00
2017.10.11 13:13:22.215,12.89741,12.89991,0.00,0.00
2017.10.11 13:13:22.654,12.89742,12.89972,0.00,0.00
2017.10.11 13:13:22.755,12.89741,12.89979,0.00,0.00
2017.10.11 13:13:22.855,12.89741,12.89972,0.00,0.00
2017.10.11 13:13:23.240,12.89742,12.89958,0.00,0.00
2017.10.11 13:13:24.162,12.89741,12.89959,0.00,0.00
2017.10.11 13:13:24.297,12.89689,12.89919,0.00,0.00
2017.10.11 13:13:24.347,12.89689,12.89898,0.00,0.00
2017.10.11 13:13:24.508,12.89671,12.89899,0.00,0.00
2017.10.11 13:13:24.559,12.89671,12.89911,0.00,0.00
2017.10.11 13:13:24.958,12.89688,12.89919,0.00,0.00
2017.10.11 13:13:25.009,12.89691,12.89952,0.00,0.00
2017.10.11 13:13:25.181,12.89691,12.89959,0.00,0.00
2017.10.11 13:13:25.232,12.89692,12.89912,0.00,0.00
2017.10.11 13:13:25.333,12.89691,12.89959,0.00,0.00
2017.10.11 13:13:25.383,12.89698,12.89959,0.00,0.00
2017.10.11 13:13:25.702,12.89712,12.89958,0.00,0.00
2017.10.11 13:13:26.286,12.89711,12.89959,0.00,0.00
2017.10.11 13:13:26.795,12.89742,12.89988,0.00,0.00
2017.10.11 13:13:26.896,12.89742,12.89998,0.00,0.00
2017.10.11 13:13:27.411,12.89741,12.89999,0.00,0.00
2017.10.11 13:13:28.011,12.89742,12.89998,0.00,0.00
2017.10.11 13:13:28.355,12.89741,12.89982,0.00,0.00
2017.10.11 13:13:29.600,12.89742,12.89982,0.00,0.00
2017.10.11 13:13:30.135,12.89741,12.89982,0.00,0.00
2017.10.11 13:13:30.260,12.89741,12.89999,0.00,0.00
2017.10.11 13:13:31.012,12.89741,12.89969,0.00,0.00
2017.10.11 13:13:31.445,12.89741,12.89961,0.00,0.00
2017.10.11 13:13:31.663,12.89742,12.89968,0.00,0.00
2017.10.11 13:13:31.865,12.89741,12.89961,0.00,0.00
2017.10.11 13:13:32.272,12.89738,12.89948,0.00,0.00
2017.10.11 13:13:32.322,12.89692,12.89948,0.00,0.00
2017.10.11 13:13:32.373,12.89699,12.89949,0.00,0.00
2017.10.11 13:13:32.666,12.89692,12.89948,0.00,0.00
2017.10.11 13:13:32.966,12.89691,12.89942,0.00,0.00
2017.10.11 13:13:33.167,12.89691,12.89949,0.00,0.00
2017.10.11 13:13:33.695,12.89692,12.89948,0.00,0.00
2017.10.11 13:13:34.264,12.89711,12.89952,0.00,0.00
2017.10.11 13:13:34.365,12.89729,12.89971,0.00,0.00
2017.10.11 13:13:34.531,12.89741,12.89979,0.00,0.00
2017.10.11 13:13:34.977,12.89741,12.89999,0.00,0.00
2017.10.11 13:13:35.650,12.89742,12.89998,0.00,0.00
2017.10.11 13:13:36.862,12.89741,12.89999,0.00,0.00
2017.10.11 13:13:37.134,12.89772,12.89998,0.00,0.00
2017.10.11 13:13:37.235,12.89761,12.89999,0.00,0.00
2017.10.11 13:13:37.391,12.89761,12.89972,0.00,0.00
2017.10.11 13:13:37.677,12.89762,12.89992,0.00,0.00
2017.10.11 13:13:37.841,12.89762,12.89978,0.00,0.00
2017.10.11 13:13:38.784,12.89761,12.89979,0.00,0.00
2017.10.11 13:13:39.394,12.89762,12.89978,0.00,0.00
2017.10.11 13:13:39.806,12.89718,12.89848,0.00,0.00
2017.10.11 13:13:39.907,12.89621,12.89851,0.00,0.00
2017.10.11 13:13:39.958,12.89618,12.89851,0.00,0.00
2017.10.11 13:13:40.008,12.89588,12.89799,0.00,0.00
2017.10.11 13:13:40.210,12.89541,12.89789,0.00,0.00
2017.10.11 13:13:40.261,12.89542,12.89798,0.00,0.00
2017.10.11 13:13:40.311,12.89541,12.89789,0.00,0.00
2017.10.11 13:13:40.651,12.89542,12.89768,0.00,0.00
2017.10.11 13:13:40.702,12.89531,12.89769,0.00,0.00
2017.10.11 13:13:40.853,12.89541,12.89769,0.00,0.00
2017.10.11 13:13:40.904,12.89531,12.89769,0.00,0.00
2017.10.11 13:13:40.954,12.89612,12.89782,0.00,0.00
2017.10.11 13:13:41.005,12.89601,12.89802,0.00,0.00
2017.10.11 13:13:41.056,12.89581,12.89789,0.00,0.00
2017.10.11 13:13:41.106,12.89598,12.89789,0.00,0.00
2017.10.11 13:13:41.207,12.89571,12.89789,0.00,0.00
2017.10.11 13:13:41.839,12.89572,12.89788,0.00,0.00
2017.10.11 13:13:42.450,12.89571,12.89789,0.00,0.00
2017.10.11 13:13:42.912,12.89581,12.89789,0.00,0.00
2017.10.11 13:13:42.962,12.89611,12.89829,0.00,0.00
2017.10.11 13:13:43.013,12.89621,12.89839,0.00,0.00
2017.10.11 13:13:43.063,12.89611,12.89841,0.00,0.00
2017.10.11 13:13:43.114,12.89612,12.89848,0.00,0.00
2017.10.11 13:13:43.214,12.89628,12.89878,0.00,0.00
2017.10.11 13:13:43.489,12.89628,12.89859,0.00,0.00
2017.10.11 13:13:44.082,12.89631,12.89859,0.00,0.00
2017.10.11 13:13:44.479,12.89621,12.89801,0.00,0.00
2017.10.11 13:13:44.529,12.89608,12.89801,0.00,0.00
2017.10.11 13:13:44.580,12.89608,12.89849,0.00,0.00
2017.10.11 13:13:44.681,12.89592,12.89852,0.00,0.00
2017.10.11 13:13:44.837,12.89611,12.89852,0.00,0.00
2017.10.11 13:13:45.172,12.89628,12.89852,0.00,0.00
2017.10.11 13:13:45.222,12.89628,12.89879,0.00,0.00
2017.10.11 13:13:45.851,12.89628,12.89858,0.00,0.00
2017.10.11 13:13:46.180,12.89628,12.89862,0.00,0.00
2017.10.11 13:13:46.297,12.89628,12.89871,0.00,0.00
2017.10.11 13:13:46.364,12.89628,12.89858,0.00,0.00
2017.10.11 13:13:47.123,12.89631,12.89859,0.00,0.00
2017.10.11 13:13:47.249,12.89631,12.89879,0.00,0.00
2017.10.11 13:13:47.449,12.89631,12.89869,0.00,0.00
2017.10.11 13:13:47.611,12.89632,12.89888,0.00,0.00
2017.10.11 13:13:47.662,12.89631,12.89892,0.00,0.00
2017.10.11 13:13:47.820,12.89631,12.89899,0.00,0.00
2017.10.11 13:13:48.412,12.89632,12.89898,0.00,0.00
2017.10.11 13:13:48.703,12.89631,12.89882,0.00,0.00
2017.10.11 13:13:49.191,12.89632,12.89878,0.00,0.00
2017.10.11 13:13:49.761,12.89631,12.89859,0.00,0.00
2017.10.11 13:13:50.132,12.89632,12.89872,0.00,0.00
2017.10.11 13:13:50.206,12.89632,12.89878,0.00,0.00
2017.10.11 13:13:50.507,12.89631,12.89872,0.00,0.00
2017.10.11 13:13:50.751,12.89631,12.89879,0.00,0.00
2017.10.11 13:13:51.251,12.89632,12.89871,0.00,0.00
2017.10.11 13:13:51.610,12.89632,12.89878,0.00,0.00
2017.10.11 13:13:52.142,12.89631,12.89879,0.00,0.00
2017.10.11 13:13:52.733,12.89632,12.89878,0.00,0.00
2017.10.11 13:13:53.512,12.89631,12.89879,0.00,0.00
2017.10.11 13:13:53.614,12.89631,12.89871,0.00,0.00
2017.10.11 13:13:53.923,12.89631,12.89879,0.00,0.00
2017.10.11 13:13:54.217,12.89651,12.89892,0.00,0.00
2017.10.11 13:13:54.364,12.89651,12.89899,0.00,0.00
2017.10.11 13:13:54.916,12.89652,12.89898,0.00,0.00
2017.10.11 13:13:55.491,12.89651,12.89899,0.00,0.00
2017.10.11 13:13:55.655,12.89652,12.89882,0.00,0.00
2017.10.11 13:13:56.018,12.89652,12.89898,0.00,0.00
2017.10.11 13:13:56.541,12.89651,12.89899,0.00,0.00
2017.10.11 13:13:57.014,12.89678,12.89899,0.00,0.00
2017.10.11 13:13:57.115,12.89662,12.89888,0.00,0.00
2017.10.11 13:13:57.267,12.89648,12.89889,0.00,0.00
2017.10.11 13:13:57.320,12.89641,12.89889,0.00,0.00
2017.10.11 13:13:57.370,12.89641,12.89879,0.00,0.00
2017.10.11 13:13:57.721,12.89671,12.89889,0.00,0.00
2017.10.11 13:13:57.772,12.89681,12.89922,0.00,0.00
2017.10.11 13:13:57.822,12.89698,12.89889,0.00,0.00
2017.10.11 13:13:57.923,12.89662,12.89888,0.00,0.00
2017.10.11 13:13:59.106,12.89672,12.89888,0.00,0.00
2017.10.11 13:13:59.257,12.89711,12.89932,0.00,0.00
2017.10.11 13:13:59.312,12.89678,12.89932,0.00,0.00
2017.10.11 13:13:59.363,12.89771,12.89999,0.00,0.00
2017.10.11 13:14:00.054,12.89772,12.89998,0.00,0.00
2017.10.11 13:14:00.636,12.89778,12.89999,0.00,0.00
2017.10.11 13:14:00.838,12.89732,12.89978,0.00,0.00
2017.10.11 13:14:01.680,12.89731,12.89979,0.00,0.00
2017.10.11 13:14:02.061,12.89742,12.89978,0.00,0.00
2017.10.11 13:14:02.212,12.89741,12.89989,0.00,0.00
2017.10.11 13:14:05.232,12.89741,12.89981,0.00,0.00
2017.10.11 13:14:05.944,12.89741,12.89979,0.00,0.00
2017.10.11 13:14:06.669,12.89742,12.89978,0.00,0.00
2017.10.11 13:14:07.049,12.89741,12.89989,0.00,0.00
2017.10.11 13:14:07.784,12.89742,12.89988,0.00,0.00
2017.10.11 13:14:07.961,12.89751,12.89989,0.00,0.00
2017.10.11 13:14:08.700,12.89741,12.89989,0.00,0.00
2017.10.11 13:14:08.902,12.89741,12.89979,0.00,0.00
2017.10.11 13:14:09.451,12.89741,12.89969,0.00,0.00
2017.10.11 13:14:09.970,12.89742,12.89968,0.00,0.00
2017.10.11 13:14:10.682,12.89741,12.89969,0.00,0.00
2017.10.11 13:14:12.158,12.89742,12.89968,0.00,0.00
2017.10.11 13:14:12.943,12.89741,12.89969,0.00,0.00
2017.10.11 13:14:13.261,12.89741,12.89989,0.00,0.00
2017.10.11 13:14:13.761,12.89761,12.89989,0.00,0.00
2017.10.11 13:14:14.248,12.89771,12.89989,0.00,0.00
2017.10.11 13:14:16.116,12.89772,12.89988,0.00,0.00
2017.10.11 13:14:16.907,12.89771,12.89989,0.00,0.00
2017.10.11 13:14:17.233,12.89871,12.90101,0.00,0.00
2017.10.11 13:14:17.284,12.89878,12.90101,0.00,0.00
2017.10.11 13:14:17.335,12.89891,12.90151,0.00,0.00
2017.10.11 13:14:17.385,12.89911,12.90151,0.00,0.00
2017.10.11 13:14:17.486,12.89928,12.90172,0.00,0.00
2017.10.11 13:14:17.537,12.89928,12.90169,0.00,0.00
2017.10.11 13:14:17.673,12.89928,12.90178,0.00,0.00
2017.10.11 13:14:17.724,12.89919,12.90088,0.00,0.00
2017.10.11 13:14:17.774,12.89841,12.90069,0.00,0.00
2017.10.11 13:14:17.825,12.89842,12.90088,0.00,0.00
2017.10.11 13:14:18.707,12.89861,12.90089,0.00,0.00
2017.10.11 13:14:19.081,12.89842,12.90088,0.00,0.00
2017.10.11 13:14:19.131,12.89861,12.90089,0.00,0.00
2017.10.11 13:14:19.983,12.89851,12.90089,0.00,0.00
2017.10.11 13:14:20.134,12.89842,12.90088,0.00,0.00
2017.10.11 13:14:20.931,12.89841,12.90089,0.00,0.00
2017.10.11 13:14:21.721,12.89842,12.90088,0.00,0.00
2017.10.11 13:14:22.166,12.89879,12.90092,0.00,0.00
2017.10.11 13:14:22.267,12.89922,12.90138,0.00,0.00
2017.10.11 13:14:22.337,12.89929,12.90138,0.00,0.00
2017.10.11 13:14:22.554,12.89929,12.90149,0.00,0.00
2017.10.11 13:14:22.655,12.89888,12.90109,0.00,0.00
2017.10.11 13:14:22.756,12.89891,12.90121,0.00,0.00
2017.10.11 13:14:22.860,12.89891,12.90149,0.00,0.00
2017.10.11 13:14:24.331,12.89902,12.90148,0.00,0.00
2017.10.11 13:14:24.653,12.89928,12.90141,0.00,0.00
2017.10.11 13:14:24.804,12.89861,12.90089,0.00,0.00
2017.10.11 13:14:25.205,12.89841,12.90089,0.00,0.00
2017.10.11 13:14:26.093,12.89842,12.90088,0.00,0.00
2017.10.11 13:14:26.511,12.89872,12.90098,0.00,0.00
2017.10.11 13:14:26.612,12.89861,12.90089,0.00,0.00
2017.10.11 13:14:26.713,12.89841,12.90089,0.00,0.00
2017.10.11 13:14:27.248,12.89842,12.90088,0.00,0.00
2017.10.11 13:14:27.843,12.89841,12.90089,0.00,0.00
2017.10.11 13:14:29.132,12.89832,12.90068,0.00,0.00
2017.10.11 13:14:29.836,12.89831,12.90069,0.00,0.00
2017.10.11 13:14:30.390,12.89832,12.90069,0.00,0.00
2017.10.11 13:14:30.592,12.89828,12.90069,0.00,0.00
2017.10.11 13:14:30.642,12.89842,12.90056,0.00,0.00
2017.10.11 13:14:30.743,12.89831,12.90079,0.00,0.00
2017.10.11 13:14:30.794,12.89832,12.90063,0.00,0.00
2017.10.11 13:14:31.046,12.89831,12.90079,0.00,0.00
2017.10.11 13:14:31.146,12.89842,12.90088,0.00,0.00
2017.10.11 13:14:31.816,12.89841,12.90089,0.00,0.00
2017.10.11 13:14:32.146,12.89842,12.90087,0.00,0.00
2017.10.11 13:14:32.474,12.89862,12.90088,0.00,0.00
2017.10.11 13:14:32.625,12.89831,12.90061,0.00,0.00
2017.10.11 13:14:32.676,12.89839,12.90061,0.00,0.00
2017.10.11 13:14:33.194,12.89839,12.90061,0.00,0.00
2017.10.11 13:14:33.465,12.89839,12.90069,0.00,0.00
2017.10.11 13:14:33.955,12.89839,12.90048,0.00,0.00
2017.10.11 13:14:34.006,12.89811,12.90049,0.00,0.00
2017.10.11 13:14:34.107,12.89812,12.90042,0.00,0.00
2017.10.11 13:14:34.342,12.89801,12.90042,0.00,0.00
2017.10.11 13:14:34.392,12.89838,12.90078,0.00,0.00
2017.10.11 13:14:34.443,12.89838,12.90089,0.00,0.00
2017.10.11 13:14:34.978,12.89838,12.90088,0.00,0.00
2017.10.11 13:14:35.402,12.89838,12.90069,0.00,0.00
2017.10.11 13:14:35.561,12.89811,12.90059,0.00,0.00
2017.10.11 13:14:35.612,12.89821,12.90049,0.00,0.00
2017.10.11 13:14:36.001,12.89839,12.90059,0.00,0.00
2017.10.11 13:14:36.582,12.89839,12.90058,0.00,0.00
2017.10.11 13:14:36.693,12.89799,12.90048,0.00,0.00
2017.10.11 13:14:36.794,12.89791,12.90041,0.00,0.00
2017.10.11 13:14:37.046,12.89788,12.89989,0.00,0.00
2017.10.11 13:14:37.096,12.89762,12.89988,0.00,0.00
2017.10.11 13:14:37.147,12.89771,12.90001,0.00,0.00
2017.10.11 13:14:37.198,12.89771,12.89989,0.00,0.00
2017.10.11 13:14:37.248,12.89742,12.89988,0.00,0.00
2017.10.11 13:14:37.402,12.89772,12.89988,0.00,0.00
2017.10.11 13:14:37.692,12.89788,12.90009,0.00,0.00
2017.10.11 13:14:37.793,12.89772,12.90008,0.00,0.00
2017.10.11 13:14:38.418,12.89771,12.90009,0.00,0.00
2017.10.11 13:14:39.004,12.89802,12.90008,0.00,0.00
2017.10.11 13:14:39.054,12.89832,12.90042,0.00,0.00
2017.10.11 13:14:39.105,12.89831,12.90049,0.00,0.00
2017.10.11 13:14:39.206,12.89838,12.90059,0.00,0.00
2017.10.11 13:14:39.306,12.89838,12.90079,0.00,0.00
2017.10.11 13:14:39.574,12.89842,12.90078,0.00,0.00
2017.10.11 13:14:39.842,12.89838,12.90079,0.00,0.00
2017.10.11 13:14:40.171,12.89841,12.90079,0.00,0.00
2017.10.11 13:14:41.060,12.89871,12.90089,0.00,0.00
2017.10.11 13:14:41.110,12.89862,12.90088,0.00,0.00
2017.10.11 13:14:41.561,12.89871,12.90089,0.00,0.00
2017.10.11 13:14:41.662,12.89861,12.90082,0.00,0.00
2017.10.11 13:14:41.763,12.89861,12.90089,0.00,0.00
2017.10.11 13:14:41.940,12.89842,12.90088,0.00,0.00
2017.10.11 13:14:42.091,12.89841,12.90079,0.00,0.00
2017.10.11 13:14:42.902,12.89861,12.90079,0.00,0.00
2017.10.11 13:14:43.142,12.89862,12.90088,0.00,0.00
2017.10.11 13:14:43.462,12.89861,12.90079,0.00,0.00
2017.10.11 13:14:43.990,12.89838,12.90078,0.00,0.00
2017.10.11 13:14:44.202,12.89838,12.90089,0.00,0.00
2017.10.11 13:14:44.742,12.89838,12.90088,0.00,0.00
2017.10.11 13:14:45.013,12.89838,12.90078,0.00,0.00
2017.10.11 13:14:45.265,12.89838,12.90089,0.00,0.00
2017.10.11 13:14:46.376,12.89841,12.90089,0.00,0.00
2017.10.11 13:14:47.278,12.89872,12.90088,0.00,0.00
2017.10.11 13:14:47.434,12.89858,12.90079,0.00,0.00
2017.10.11 13:14:47.535,12.89842,12.90078,0.00,0.00
2017.10.11 13:14:48.044,12.89841,12.90079,0.00,0.00
2017.10.11 13:14:48.626,12.89841,12.90089,0.00,0.00
2017.10.11 13:14:49.201,12.89842,12.90088,0.00,0.00
2017.10.11 13:14:49.824,12.89872,12.90098,0.00,0.00
2017.10.11 13:14:50.212,12.89861,12.90089,0.00,0.00
2017.10.11 13:14:51.161,12.89858,12.90079,0.00,0.00
2017.10.11 13:14:51.212,12.89841,12.90079,0.00,0.00
2017.10.11 13:14:51.339,12.89842,12.90068,0.00,0.00
2017.10.11 13:14:51.390,12.89838,12.90078,0.00,0.00
2017.10.11 13:14:51.911,12.89838,12.90079,0.00,0.00
2017.10.11 13:14:52.287,12.89838,12.90058,0.00,0.00
2017.10.11 13:14:52.470,12.89838,12.90069,0.00,0.00
2017.10.11 13:14:52.571,12.89838,12.90059,0.00,0.00
2017.10.11 13:14:53.530,12.89838,12.90058,0.00,0.00
2017.10.11 13:14:54.071,12.89838,12.90069,0.00,0.00
2017.10.11 13:14:54.594,12.89839,12.90078,0.00,0.00
2017.10.11 13:14:54.645,12.89889,12.90088,0.00,0.00
2017.10.11 13:14:54.746,12.89872,12.90088,0.00,0.00
2017.10.11 13:14:54.847,12.89868,12.90089,0.00,0.00
2017.10.11 13:14:54.897,12.89868,12.90078,0.00,0.00
2017.10.11 13:14:55.048,12.89858,12.90079,0.00,0.00
2017.10.11 13:14:55.099,12.89888,12.90088,0.00,0.00
2017.10.11 13:14:55.284,12.89879,12.90089,0.00,0.00
2017.10.11 13:14:55.335,12.89859,12.90089,0.00,0.00
2017.10.11 13:14:55.413,12.89841,12.90089,0.00,0.00
2017.10.11 13:14:55.873,12.89839,12.90079,0.00,0.00
2017.10.11 13:14:56.307,12.89839,12.90059,0.00,0.00
2017.10.11 13:14:56.842,12.89839,12.90068,0.00,0.00
2017.10.11 13:14:57.102,12.89839,12.90058,0.00,0.00
2017.10.11 13:14:57.907,12.89839,12.90029,0.00,0.00
2017.10.11 13:14:57.958,12.89839,12.90058,0.00,0.00
2017.10.11 13:14:58.518,12.89839,12.90059,0.00,0.00
2017.10.11 13:14:59.061,12.89839,12.90069,0.00,0.00
2017.10.11 13:14:59.162,12.89839,12.90079,0.00,0.00
2017.10.11 13:14:59.346,12.89839,12.90089,0.00,0.00
2017.10.11 13:14:59.452,12.89839,12.90069,0.00,0.00
2017.10.11 13:14:59.955,12.89839,12.90058,0.00,0.00
2017.10.11 13:15:00.102,12.89839,12.90068,0.00,0.00
2017.10.11 13:15:00.616,12.89839,12.90069,0.00,0.00
2017.10.11 13:15:00.667,12.89839,12.90059,0.00,0.00
2017.10.11 13:15:02.070,12.89839,12.90069,0.00,0.00
2017.10.11 13:15:02.171,12.89839,12.90059,0.00,0.00
2017.10.11 13:15:02.222,12.89839,12.90069,0.00,0.00
2017.10.11 13:15:02.404,12.89839,12.90058,0.00,0.00
2017.10.11 13:15:02.727,12.89839,12.90049,0.00,0.00
2017.10.11 13:15:03.228,12.89839,12.90048,0.00,0.00
2017.10.11 13:15:04.101,12.89839,12.90039,0.00,0.00
2017.10.11 13:15:05.131,12.89839,12.90049,0.00,0.00
2017.10.11 13:15:05.464,12.89839,12.90028,0.00,0.00
2017.10.11 13:15:05.515,12.89839,12.90048,0.00,0.00
2017.10.11 13:15:05.884,12.89871,12.90089,0.00,0.00
2017.10.11 13:15:06.812,12.89841,12.90089,0.00,0.00
2017.10.11 13:15:08.323,12.89842,12.90088,0.00,0.00
2017.10.11 13:15:08.841,12.89841,12.90089,0.00,0.00
2017.10.11 13:15:09.585,12.89842,12.90088,0.00,0.00
2017.10.11 13:15:10.144,12.89871,12.90089,0.00,0.00
2017.10.11 13:15:11.770,12.89871,12.90109,0.00,0.00
2017.10.11 13:15:12.557,12.89872,12.90108,0.00,0.00
2017.10.11 13:15:13.080,12.89902,12.90108,0.00,0.00
2017.10.11 13:15:13.231,12.89851,12.90089,0.00,0.00
2017.10.11 13:15:13.332,12.89841,12.90079,0.00,0.00
2017.10.11 13:15:13.916,12.89842,12.90078,0.00,0.00
2017.10.11 13:15:14.452,12.89841,12.90082,0.00,0.00
2017.10.11 13:15:14.553,12.89841,12.90089,0.00,0.00
2017.10.11 13:15:15.336,12.89842,12.90088,0.00,0.00
2017.10.11 13:15:15.703,12.89888,12.90089,0.00,0.00
2017.10.11 13:15:15.753,12.89888,12.90102,0.00,0.00
2017.10.11 13:15:15.857,12.89888,12.90149,0.00,0.00
2017.10.11 13:15:16.026,12.89902,12.90148,0.00,0.00
2017.10.11 13:15:16.508,12.89938,12.90169,0.00,0.00
2017.10.11 13:15:16.659,12.89941,12.90179,0.00,0.00
2017.10.11 13:15:16.710,12.89938,12.90168,0.00,0.00
2017.10.11 13:15:17.184,12.89938,12.90158,0.00,0.00
2017.10.11 13:15:17.351,12.89938,12.90169,0.00,0.00
2017.10.11 13:15:17.452,12.89938,12.90159,0.00,0.00
2017.10.11 13:15:17.666,12.89942,12.90168,0.00,0.00
2017.10.11 13:15:17.717,12.89988,12.90181,0.00,0.00
2017.10.11 13:15:17.767,12.89988,12.90189,0.00,0.00
2017.10.11 13:15:17.818,12.89961,12.90189,0.00,0.00
2017.10.11 13:15:17.868,12.89972,12.90188,0.00,0.00
2017.10.11 13:15:18.413,12.89971,12.90189,0.00,0.00
2017.10.11 13:15:18.606,12.89948,12.90212,0.00,0.00
2017.10.11 13:15:18.746,12.89971,12.90189,0.00,0.00
2017.10.11 13:15:18.847,12.89938,12.90202,0.00,0.00
2017.10.11 13:15:18.898,12.89948,12.90212,0.00,0.00
2017.10.11 13:15:19.216,12.89971,12.90189,0.00,0.00
2017.10.11 13:15:19.543,12.90042,12.90232,0.00,0.00
2017.10.11 13:15:19.593,12.90042,12.90268,0.00,0.00
2017.10.11 13:15:19.940,12.90041,12.90262,0.00,0.00
2017.10.11 13:15:20.092,12.90052,12.90278,0.00,0.00
2017.10.11 13:15:20.732,12.90051,12.90269,0.00,0.00
2017.10.11 13:15:21.070,12.89998,12.90189,0.00,0.00
2017.10.11 13:15:21.203,12.89961,12.90179,0.00,0.00
2017.10.11 13:15:21.354,12.89961,12.90189,0.00,0.00
2017.10.11 13:15:21.983,12.89961,12.90179,0.00,0.00
2017.10.11 13:15:22.033,12.89951,12.90179,0.00,0.00
2017.10.11 13:15:22.084,12.89951,12.90169,0.00,0.00
2017.10.11 13:15:22.593,12.89952,12.90168,0.00,0.00
2017.10.11 13:15:23.571,12.89951,12.90159,0.00,0.00
2017.10.11 13:15:24.328,12.89952,12.90158,0.00,0.00
2017.10.11 13:15:24.564,12.89951,12.90169,0.00,0.00
2017.10.11 13:15:25.272,12.89952,12.90158,0.00,0.00
2017.10.11 13:15:25.322,12.89941,12.90159,0.00,0.00
2017.10.11 13:15:25.373,12.89951,12.90159,0.00,0.00
2017.10.11 13:15:25.423,12.89941,12.90159,0.00,0.00
2017.10.11 13:15:25.654,12.89942,12.90161,0.00,0.00
2017.10.11 13:15:25.705,12.89951,12.90179,0.00,0.00
2017.10.11 13:15:25.755,12.89952,12.90168,0.00,0.00
2017.10.11 13:15:26.492,12.89951,12.90169,0.00,0.00
2017.10.11 13:15:26.994,12.89952,12.90162,0.00,0.00
2017.10.11 13:15:27.044,12.89911,12.90149,0.00,0.00
2017.10.11 13:15:27.202,12.89911,12.90131,0.00,0.00
2017.10.11 13:15:27.784,12.89911,12.90132,0.00,0.00
2017.10.11 13:15:28.084,12.89931,12.90162,0.00,0.00
2017.10.11 13:15:30.044,12.89931,12.90149,0.00,0.00
2017.10.11 13:15:30.195,12.89852,12.90088,0.00,0.00
2017.10.11 13:15:30.783,12.89851,12.90089,0.00,0.00
2017.10.11 13:15:31.093,12.89852,12.90082,0.00,0.00
2017.10.11 13:15:31.694,12.89852,12.90088,0.00,0.00
2017.10.11 13:15:31.995,12.89851,12.90082,0.00,0.00
2017.10.11 13:15:32.351,12.89852,12.90078,0.00,0.00
2017.10.11 13:15:32.485,12.89851,12.90082,0.00,0.00
2017.10.11 13:15:32.535,12.89871,12.90082,0.00,0.00
2017.10.11 13:15:32.636,12.89872,12.90088,0.00,0.00
2017.10.11 13:15:33.917,12.89871,12.90089,0.00,0.00
2017.10.11 13:15:34.018,12.89852,12.90078,0.00,0.00
2017.10.11 13:15:34.243,12.89852,12.90088,0.00,0.00
2017.10.11 13:15:34.344,12.89851,12.90079,0.00,0.00
2017.10.11 13:15:34.555,12.89852,12.90088,0.00,0.00
2017.10.11 13:15:35.074,12.89851,12.90089,0.00,0.00
2017.10.11 13:15:36.392,12.89852,12.90088,0.00,0.00
2017.10.11 13:15:36.826,12.89871,12.90089,0.00,0.00
2017.10.11 13:15:37.061,12.89862,12.90088,0.00,0.00
2017.10.11 13:15:37.342,12.89851,12.90089,0.00,0.00
2017.10.11 13:15:37.513,12.89851,12.90082,0.00,0.00
2017.10.11 13:15:37.814,12.89852,12.90088,0.00,0.00
2017.10.11 13:15:38.022,12.89861,12.90089,0.00,0.00
2017.10.11 13:15:38.532,12.89851,12.90089,0.00,0.00
2017.10.11 13:15:38.757,12.89851,12.90082,0.00,0.00
2017.10.11 13:15:38.917,12.89851,12.90089,0.00,0.00
2017.10.11 13:15:39.796,12.89871,12.90089,0.00,0.00
2017.10.11 13:15:40.343,12.89848,12.90112,0.00,0.00
2017.10.11 13:15:40.394,12.89862,12.90088,0.00,0.00
2017.10.11 13:15:40.921,12.89861,12.90089,0.00,0.00
2017.10.11 13:15:42.061,12.89862,12.90088,0.00,0.00
2017.10.11 13:15:43.073,12.89871,12.90089,0.00,0.00
2017.10.11 13:15:43.921,12.89862,12.90088,0.00,0.00
2017.10.11 13:15:43.972,12.89872,12.90088,0.00,0.00
2017.10.11 13:15:44.317,12.89881,12.90089,0.00,0.00
2017.10.11 13:15:44.624,12.89892,12.90088,0.00,0.00
2017.10.11 13:15:44.675,12.89881,12.90089,0.00,0.00
2017.10.11 13:15:45.403,12.89882,12.90088,0.00,0.00
2017.10.11 13:15:45.592,12.89892,12.90088,0.00,0.00
2017.10.11 13:15:45.863,12.89881,12.90089,0.00,0.00
2017.10.11 13:15:45.964,12.89891,12.90089,0.00,0.00
2017.10.11 13:15:46.261,12.89952,12.90178,0.00,0.00
2017.10.11 13:15:46.627,12.89951,12.90189,0.00,0.00
2017.10.11 13:15:46.678,12.89961,12.90189,0.00,0.00
2017.10.11 13:15:46.829,12.89952,12.90188,0.00,0.00
2017.10.11 13:15:47.355,12.89951,12.90189,0.00,0.00
2017.10.11 13:15:48.008,12.89952,12.90188,0.00,0.00
2017.10.11 13:15:48.241,12.89961,12.90189,0.00,0.00
2017.10.11 13:15:48.493,12.89951,12.90189,0.00,0.00
2017.10.11 13:15:48.543,12.89952,12.90158,0.00,0.00
2017.10.11 13:15:48.594,12.89951,12.90169,0.00,0.00
2017.10.11 13:15:49.526,12.89951,12.90189,0.00,0.00
2017.10.11 13:15:49.888,12.89951,12.90181,0.00,0.00
2017.10.11 13:15:50.148,12.89952,12.90188,0.00,0.00
2017.10.11 13:15:50.653,12.89951,12.90189,0.00,0.00
2017.10.11 13:15:51.310,12.89952,12.90188,0.00,0.00
2017.10.11 13:15:51.706,12.89962,12.90188,0.00,0.00
2017.10.11 13:15:52.253,12.89971,12.90189,0.00,0.00
2017.10.11 13:15:52.960,12.89972,12.90188,0.00,0.00
2017.10.11 13:15:53.595,12.89962,12.90188,0.00,0.00
2017.10.11 13:15:53.696,12.89952,12.90178,0.00,0.00
2017.10.11 13:15:54.272,12.89951,12.90179,0.00,0.00
2017.10.11 13:15:54.990,12.89952,12.90178,0.00,0.00
2017.10.11 13:15:55.566,12.89951,12.90179,0.00,0.00
2017.10.11 13:15:56.729,12.89952,12.90168,0.00,0.00
2017.10.11 13:15:57.238,12.89951,12.90179,0.00,0.00
2017.10.11 13:15:57.691,12.89951,12.90189,0.00,0.00
2017.10.11 13:15:57.821,12.89951,12.90179,0.00,0.00
2017.10.11 13:15:58.466,12.89952,12.90178,0.00,0.00
2017.10.11 13:15:58.584,12.89951,12.90189,0.00,0.00
2017.10.11 13:15:58.881,12.89951,12.90179,0.00,0.00
2017.10.11 13:16:00.678,12.89951,12.90159,0.00,0.00
2017.10.11 13:16:01.013,12.89961,12.90179,0.00,0.00
2017.10.11 13:16:01.063,12.89961,12.90169,0.00,0.00
2017.10.11 13:16:01.843,12.89962,12.90168,0.00,0.00
2017.10.11 13:16:01.953,12.89952,12.90168,0.00,0.00
2017.10.11 13:16:02.131,12.89952,12.90178,0.00,0.00
2017.10.11 13:16:02.232,12.89951,12.90189,0.00,0.00
2017.10.11 13:16:02.283,12.89971,12.90189,0.00,0.00
2017.10.11 13:16:02.611,12.89952,12.90188,0.00,0.00
2017.10.11 13:16:02.739,12.89952,12.90168,0.00,0.00
2017.10.11 13:16:03.044,12.89952,12.90178,0.00,0.00
2017.10.11 13:16:03.601,12.89952,12.90188,0.00,0.00
2017.10.11 13:16:03.702,12.89971,12.90189,0.00,0.00
2017.10.11 13:16:04.145,12.89961,12.90189,0.00,0.00
2017.10.11 13:16:04.195,12.89971,12.90189,0.00,0.00
2017.10.11 13:16:04.820,12.89981,12.90189,0.00,0.00
2017.10.11 13:16:05.201,12.89991,12.90189,0.00,0.00
2017.10.11 13:16:05.511,12.89982,12.90188,0.00,0.00
2017.10.11 13:16:05.780,12.89991,12.90189,0.00,0.00
2017.10.11 13:16:05.881,12.89982,12.90188,0.00,0.00
2017.10.11 13:16:06.090,12.89992,12.90188,0.00,0.00
2017.10.11 13:16:06.324,12.89988,12.90211,0.00,0.00
2017.10.11 13:16:06.845,12.89988,12.90179,0.00,0.00
2017.10.11 13:16:06.981,12.89961,12.90169,0.00,0.00
2017.10.11 13:16:07.093,12.89952,12.90168,0.00,0.00
2017.10.11 13:16:07.833,12.89951,12.90159,0.00,0.00
2017.10.11 13:16:08.503,12.89952,12.90158,0.00,0.00
2017.10.11 13:16:09.108,12.89951,12.90159,0.00,0.00
2017.10.11 13:16:09.790,12.89951,12.90149,0.00,0.00
2017.10.11 13:16:10.092,12.89952,12.90158,0.00,0.00
2017.10.11 13:16:10.359,12.89952,12.90178,0.00,0.00
2017.10.11 13:16:10.460,12.89951,12.90189,0.00,0.00
2017.10.11 13:16:10.607,12.89961,12.90189,0.00,0.00
2017.10.11 13:16:11.796,12.89952,12.90178,0.00,0.00
2017.10.11 13:16:12.136,12.89952,12.90138,0.00,0.00
2017.10.11 13:16:12.848,12.89952,12.90148,0.00,0.00
2017.10.11 13:16:13.368,12.89952,12.90168,0.00,0.00
2017.10.11 13:16:13.469,12.89951,12.90189,0.00,0.00
2017.10.11 13:16:13.648,12.89952,12.90178,0.00,0.00
2017.10.11 13:16:13.985,12.89952,12.90158,0.00,0.00
2017.10.11 13:16:14.262,12.90021,12.90261,0.00,0.00
2017.10.11 13:16:14.313,12.90042,12.90258,0.00,0.00
2017.10.11 13:16:14.626,12.90042,12.90248,0.00,0.00
2017.10.11 13:16:15.152,12.90041,12.90249,0.00,0.00
2017.10.11 13:16:15.551,12.90041,12.90239,0.00,0.00
2017.10.11 13:16:16.102,12.89989,12.90188,0.00,0.00
2017.10.11 13:16:16.203,12.89971,12.90189,0.00,0.00
2017.10.11 13:16:16.354,12.89972,12.90208,0.00,0.00
2017.10.11 13:16:16.404,12.89988,12.90212,0.00,0.00
2017.10.11 13:16:16.455,12.89988,12.90219,0.00,0.00
2017.10.11 13:16:16.505,12.89981,12.90212,0.00,0.00
2017.10.11 13:16:16.807,12.89972,12.90188,0.00,0.00
2017.10.11 13:16:17.672,12.89952,12.90188,0.00,0.00
2017.10.11 13:16:17.823,12.89952,12.90178,0.00,0.00
2017.10.11 13:16:18.403,12.89952,12.90148,0.00,0.00
2017.10.11 13:16:18.454,12.89951,12.90169,0.00,0.00
2017.10.11 13:16:18.905,12.89952,12.90178,0.00,0.00
2017.10.11 13:16:18.992,12.89951,12.90169,0.00,0.00
2017.10.11 13:16:19.376,12.89922,12.90088,0.00,0.00
2017.10.11 13:16:19.427,12.89872,12.90088,0.00,0.00
2017.10.11 13:16:19.654,12.89861,12.90089,0.00,0.00
2017.10.11 13:16:19.862,12.89851,12.90089,0.00,0.00
2017.10.11 13:16:20.026,12.89862,12.90088,0.00,0.00
2017.10.11 13:16:20.435,12.89871,12.90089,0.00,0.00
2017.10.11 13:16:20.504,12.89862,12.90088,0.00,0.00
2017.10.11 13:16:20.656,12.89888,12.90089,0.00,0.00
2017.10.11 13:16:20.756,12.89872,12.90088,0.00,0.00
2017.10.11 13:16:21.396,12.89871,12.90089,0.00,0.00
2017.10.11 13:16:21.447,12.89938,12.90138,0.00,0.00
2017.10.11 13:16:21.497,12.89921,12.90159,0.00,0.00
2017.10.11 13:16:21.809,12.89932,12.90158,0.00,0.00
2017.10.11 13:16:22.143,12.89952,12.90158,0.00,0.00
2017.10.11 13:16:22.539,12.89952,12.90148,0.00,0.00
2017.10.11 13:16:22.590,12.89951,12.90159,0.00,0.00
2017.10.11 13:16:22.766,12.89952,12.90168,0.00,0.00
2017.10.11 13:16:22.917,12.89951,12.90159,0.00,0.00
2017.10.11 13:16:24.092,12.89952,12.90158,0.00,0.00
2017.10.11 13:16:24.644,12.89951,12.90159,0.00,0.00
2017.10.11 13:16:25.621,12.89952,12.90158,0.00,0.00
2017.10.11 13:16:26.153,12.89951,12.90159,0.00,0.00
2017.10.11 13:16:26.419,12.89951,12.90169,0.00,0.00
2017.10.11 13:16:26.485,12.89952,12.90178,0.00,0.00
2017.10.11 13:16:26.585,12.89952,12.90188,0.00,0.00
2017.10.11 13:16:27.561,12.89951,12.90179,0.00,0.00
2017.10.11 13:16:27.671,12.89951,12.90189,0.00,0.00
2017.10.11 13:16:28.261,12.89952,12.90182,0.00,0.00
2017.10.11 13:16:28.512,12.89951,12.90189,0.00,0.00
2017.10.11 13:16:28.964,12.89938,12.90212,0.00,0.00
2017.10.11 13:16:29.064,12.89938,12.90171,0.00,0.00
2017.10.11 13:16:29.388,12.89952,12.90178,0.00,0.00
2017.10.11 13:16:29.902,12.89951,12.90189,0.00,0.00
2017.10.11 13:16:30.492,12.89951,12.90179,0.00,0.00
2017.10.11 13:16:30.947,12.89952,12.90188,0.00,0.00
2017.10.11 13:16:31.492,12.89951,12.90189,0.00,0.00
2017.10.11 13:16:32.098,12.89952,12.90188,0.00,0.00
2017.10.11 13:16:33.171,12.89989,12.90188,0.00,0.00
2017.10.11 13:16:33.323,12.89971,12.90189,0.00,0.00
2017.10.11 13:16:33.730,12.89952,12.90188,0.00,0.00
2017.10.11 13:16:33.780,12.89952,12.90182,0.00,0.00
2017.10.11 13:16:34.010,12.89952,12.90188,0.00,0.00
2017.10.11 13:16:34.621,12.89951,12.90189,0.00,0.00
2017.10.11 13:16:35.330,12.89961,12.90189,0.00,0.00
2017.10.11 13:16:35.876,12.89961,12.90181,0.00,0.00
2017.10.11 13:16:36.081,12.89952,12.90181,0.00,0.00
2017.10.11 13:16:36.187,12.89951,12.90179,0.00,0.00
2017.10.11 13:16:36.237,12.89951,12.90181,0.00,0.00
2017.10.11 13:16:36.577,12.89952,12.90188,0.00,0.00
2017.10.11 13:16:36.891,12.89952,12.90171,0.00,0.00
2017.10.11 13:16:37.446,12.89951,12.90189,0.00,0.00
2017.10.11 13:16:38.213,12.89952,12.90188,0.00,0.00
2017.10.11 13:16:38.264,12.89972,12.90188,0.00,0.00
2017.10.11 13:16:38.365,12.89961,12.90189,0.00,0.00
2017.10.11 13:16:38.482,12.89961,12.90172,0.00,0.00
2017.10.11 13:16:38.532,12.89952,12.90168,0.00,0.00
2017.10.11 13:16:38.684,12.89972,12.90188,0.00,0.00
2017.10.11 13:16:38.852,12.89962,12.90188,0.00,0.00
2017.10.11 13:16:39.004,12.89961,12.90182,0.00,0.00
2017.10.11 13:16:39.132,12.89962,12.90188,0.00,0.00
2017.10.11 13:16:39.293,12.89971,12.90189,0.00,0.00
2017.10.11 13:16:39.623,12.89952,12.90188,0.00,0.00
2017.10.11 13:16:39.724,12.89951,12.90182,0.00,0.00
2017.10.11 13:16:40.232,12.89952,12.90182,0.00,0.00
2017.10.11 13:16:41.276,12.89951,12.90182,0.00,0.00
2017.10.11 13:16:41.669,12.89951,12.90171,0.00,0.00
2017.10.11 13:16:42.214,12.89952,12.90171,0.00,0.00
2017.10.11 13:16:42.524,12.89951,12.90179,0.00,0.00
2017.10.11 13:16:42.625,12.89952,12.90182,0.00,0.00
2017.10.11 13:16:43.091,12.89951,12.90189,0.00,0.00
2017.10.11 13:16:43.801,12.89972,12.90188,0.00,0.00
2017.10.11 13:16:44.332,12.89951,12.90189,0.00,0.00
2017.10.11 13:16:44.433,12.89951,12.90182,0.00,0.00
2017.10.11 13:16:44.783,12.89962,12.90182,0.00,0.00
2017.10.11 13:16:45.141,12.89972,12.90188,0.00,0.00
2017.10.11 13:16:45.294,12.89962,12.90188,0.00,0.00
2017.10.11 13:16:45.345,12.89952,12.90181,0.00,0.00
2017.10.11 13:16:45.872,12.89951,12.90181,0.00,0.00
2017.10.11 13:16:46.154,12.89951,12.90179,0.00,0.00
2017.10.11 13:16:46.511,12.89952,12.90168,0.00,0.00
2017.10.11 13:16:47.012,12.89951,12.90169,0.00,0.00
2017.10.11 13:16:47.537,12.89951,12.90172,0.00,0.00
2017.10.11 13:16:47.638,12.89952,12.90188,0.00,0.00
2017.10.11 13:16:48.215,12.89951,12.90189,0.00,0.00
2017.10.11 13:16:48.902,12.89952,12.90178,0.00,0.00
2017.10.11 13:16:49.205,12.89951,12.90169,0.00,0.00
2017.10.11 13:16:49.534,12.89951,12.90159,0.00,0.00
2017.10.11 13:16:50.428,12.89951,12.90149,0.00,0.00
2017.10.11 13:16:50.773,12.89941,12.90139,0.00,0.00
2017.10.11 13:16:51.353,12.89942,12.90138,0.00,0.00
2017.10.11 13:16:51.882,12.89941,12.90139,0.00,0.00
2017.10.11 13:16:52.642,12.89941,12.90129,0.00,0.00
2017.10.11 13:16:52.742,12.89941,12.90139,0.00,0.00
2017.10.11 13:16:52.900,12.89941,12.90129,0.00,0.00
2017.10.11 13:16:53.371,12.89941,12.90139,0.00,0.00
2017.10.11 13:16:53.776,12.89941,12.90159,0.00,0.00
2017.10.11 13:16:53.826,12.89952,12.90158,0.00,0.00
2017.10.11 13:16:53.877,12.89942,12.90178,0.00,0.00
2017.10.11 13:16:53.928,12.89952,12.90178,0.00,0.00
2017.10.11 13:16:54.452,12.89951,12.90179,0.00,0.00
2017.10.11 13:16:54.881,12.89951,12.90189,0.00,0.00
2017.10.11 13:16:56.061,12.89951,12.90179,0.00,0.00
2017.10.11 13:16:56.519,12.89951,12.90172,0.00,0.00
2017.10.11 13:16:56.976,12.89951,12.90179,0.00,0.00
2017.10.11 13:16:57.942,12.89951,12.90189,0.00,0.00
2017.10.11 13:16:59.209,12.89952,12.90188,0.00,0.00
2017.10.11 13:16:59.819,12.89951,12.90189,0.00,0.00
2017.10.11 13:17:00.145,12.89952,12.90178,0.00,0.00
2017.10.11 13:17:00.481,12.89952,12.90168,0.00,0.00
2017.10.11 13:17:00.533,12.89951,12.90179,0.00,0.00
2017.10.11 13:17:00.583,12.89952,12.90168,0.00,0.00
2017.10.11 13:17:00.908,12.89952,12.90178,0.00,0.00
2017.10.11 13:17:00.959,12.89951,12.90169,0.00,0.00
2017.10.11 13:17:01.555,12.89952,12.90168,0.00,0.00
2017.10.11 13:17:03.732,12.89951,12.90179,0.00,0.00
2017.10.11 13:17:03.833,12.89951,12.90189,0.00,0.00
2017.10.11 13:17:04.495,12.89952,12.90188,0.00,0.00
2017.10.11 13:17:04.874,12.89961,12.90189,0.00,0.00
2017.10.11 13:17:05.535,12.89951,12.90189,0.00,0.00
2017.10.11 13:17:05.586,12.89951,12.90171,0.00,0.00
2017.10.11 13:17:06.526,12.89952,12.90148,0.00,0.00
2017.10.11 13:17:06.627,12.89941,12.90139,0.00,0.00
2017.10.11 13:17:06.856,12.89941,12.90149,0.00,0.00
2017.10.11 13:17:07.297,12.89942,12.90138,0.00,0.00
2017.10.11 13:17:07.449,12.89861,12.90059,0.00,0.00
2017.10.11 13:17:07.523,12.89861,12.90049,0.00,0.00
2017.10.11 13:17:07.576,12.89842,12.90048,0.00,0.00
2017.10.11 13:17:08.094,12.89841,12.90049,0.00,0.00
2017.10.11 13:17:08.144,12.89842,12.90038,0.00,0.00
2017.10.11 13:17:08.245,12.89841,12.90049,0.00,0.00
2017.10.11 13:17:09.171,12.89842,12.90048,0.00,0.00
2017.10.11 13:17:09.422,12.89841,12.90039,0.00,0.00
2017.10.11 13:17:09.653,12.89841,12.90049,0.00,0.00
2017.10.11 13:17:09.704,12.89841,12.90079,0.00,0.00
2017.10.11 13:17:10.170,12.89841,12.90069,0.00,0.00
2017.10.11 13:17:10.484,12.89841,12.90049,0.00,0.00
2017.10.11 13:17:10.658,12.89841,12.90059,0.00,0.00
2017.10.11 13:17:11.381,12.89841,12.90069,0.00,0.00
2017.10.11 13:17:12.085,12.89842,12.90068,0.00,0.00
2017.10.11 13:17:12.231,12.89842,12.90078,0.00,0.00
2017.10.11 13:17:12.465,12.89842,12.90068,0.00,0.00
2017.10.11 13:17:13.043,12.89841,12.90069,0.00,0.00
2017.10.11 13:17:13.737,12.89842,12.90068,0.00,0.00
2017.10.11 13:17:14.240,12.89841,12.90069,0.00,0.00
2017.10.11 13:17:14.931,12.89842,12.90068,0.00,0.00
2017.10.11 13:17:15.767,12.89842,12.90058,0.00,0.00
2017.10.11 13:17:16.428,12.89841,12.90069,0.00,0.00
2017.10.11 13:17:17.541,12.89842,12.90068,0.00,0.00
2017.10.11 13:17:18.078,12.89852,12.90078,0.00,0.00
2017.10.11 13:17:18.428,12.89852,12.90088,0.00,0.00
2017.10.11 13:17:18.478,12.89852,12.90078,0.00,0.00
2017.10.11 13:17:19.013,12.89851,12.90079,0.00,0.00
2017.10.11 13:17:19.203,12.89851,12.90081,0.00,0.00
2017.10.11 13:17:19.279,12.89851,12.90089,0.00,0.00
2017.10.11 13:17:19.330,12.89851,12.90092,0.00,0.00
2017.10.11 13:17:19.502,12.89852,12.90098,0.00,0.00
2017.10.11 13:17:20.131,12.89851,12.90099,0.00,0.00
2017.10.11 13:17:21.862,12.89851,12.90089,0.00,0.00
2017.10.11 13:17:22.186,12.89851,12.90079,0.00,0.00
2017.10.11 13:17:22.287,12.89852,12.90088,0.00,0.00
2017.10.11 13:17:22.699,12.89861,12.90082,0.00,0.00
2017.10.11 13:17:22.800,12.89861,12.90099,0.00,0.00
2017.10.11 13:17:22.912,12.89862,12.90088,0.00,0.00
2017.10.11 13:17:23.584,12.89862,12.90078,0.00,0.00
2017.10.11 13:17:24.161,12.89852,12.90078,0.00,0.00
2017.10.11 13:17:24.857,12.89851,12.90079,0.00,0.00
2017.10.11 13:17:25.029,12.89851,12.90089,0.00,0.00
2017.10.11 13:17:25.229,12.89852,12.90081,0.00,0.00
2017.10.11 13:17:25.533,12.89851,12.90079,0.00,0.00
2017.10.11 13:17:25.870,12.89852,12.90068,0.00,0.00
2017.10.11 13:17:26.031,12.89851,12.90079,0.00,0.00
2017.10.11 13:17:26.246,12.89852,12.90068,0.00,0.00
2017.10.11 13:17:27.452,12.89851,12.90069,0.00,0.00
2017.10.11 13:17:27.953,12.89851,12.90059,0.00,0.00
2017.10.11 13:17:28.795,12.89852,12.90058,0.00,0.00
2017.10.11 13:17:29.603,12.89851,12.90059,0.00,0.00
2017.10.11 13:17:30.511,12.89852,12.90058,0.00,0.00
2017.10.11 13:17:31.103,12.89851,12.90059,0.00,0.00
2017.10.11 13:17:32.450,12.89852,12.90058,0.00,0.00
2017.10.11 13:17:32.891,12.89851,12.90079,0.00,0.00
2017.10.11 13:17:33.616,12.89852,12.90078,0.00,0.00
2017.10.11 13:17:33.712,12.89851,12.90059,0.00,0.00
2017.10.11 13:17:34.061,12.89819,12.89988,0.00,0.00
2017.10.11 13:17:34.111,12.89819,12.89999,0.00,0.00
2017.10.11 13:17:34.162,12.89792,12.89991,0.00,0.00
2017.10.11 13:17:34.325,12.89782,12.89998,0.00,0.00
2017.10.11 13:17:34.492,12.89762,12.89978,0.00,0.00
2017.10.11 13:17:34.543,12.89752,12.89978,0.00,0.00
2017.10.11 13:17:35.216,12.89751,12.89979,0.00,0.00
2017.10.11 13:17:35.642,12.89751,12.89969,0.00,0.00
2017.10.11 13:17:36.442,12.89752,12.89968,0.00,0.00
2017.10.11 13:17:36.523,12.89761,12.89989,0.00,0.00
2017.10.11 13:17:36.623,12.89761,12.89999,0.00,0.00
2017.10.11 13:17:36.755,12.89771,12.89999,0.00,0.00
2017.10.11 13:17:37.182,12.89752,12.89978,0.00,0.00
2017.10.11 13:17:37.283,12.89752,12.89988,0.00,0.00
2017.10.11 13:17:37.856,12.89751,12.89989,0.00,0.00
2017.10.11 13:17:38.221,12.89751,12.89999,0.00,0.00
2017.10.11 13:17:38.544,12.89751,12.89991,0.00,0.00
2017.10.11 13:17:38.876,12.89752,12.89988,0.00,0.00
2017.10.11 13:17:39.231,12.89748,12.89979,0.00,0.00
2017.10.11 13:17:39.730,12.89748,12.89969,0.00,0.00
2017.10.11 13:17:40.079,12.89748,12.89949,0.00,0.00
2017.10.11 13:17:40.308,12.89748,12.89958,0.00,0.00
2017.10.11 13:17:40.459,12.89748,12.89948,0.00,0.00
2017.10.11 13:17:40.511,12.89748,12.89969,0.00,0.00
2017.10.11 13:17:40.663,12.89748,12.89959,0.00,0.00
2017.10.11 13:17:41.224,12.89748,12.90002,0.00,0.00
2017.10.11 13:17:41.371,12.89748,12.89959,0.00,0.00
2017.10.11 13:17:41.808,12.89748,12.89982,0.00,0.00
2017.10.11 13:17:42.014,12.89748,12.89958,0.00,0.00
2017.10.11 13:17:42.391,12.89748,12.89982,0.00,0.00
2017.10.11 13:17:42.611,12.89752,12.89982,0.00,0.00
2017.10.11 13:17:42.661,12.89752,12.89998,0.00,0.00
2017.10.11 13:17:42.873,12.89748,12.89978,0.00,0.00
2017.10.11 13:17:43.276,12.89748,12.89968,0.00,0.00
2017.10.11 13:17:43.377,12.89748,12.89972,0.00,0.00
2017.10.11 13:17:43.508,12.89748,12.89982,0.00,0.00
2017.10.11 13:17:43.879,12.89748,12.89988,0.00,0.00
2017.10.11 13:17:43.930,12.89748,12.89979,0.00,0.00
2017.10.11 13:17:44.541,12.89748,12.89978,0.00,0.00
2017.10.11 13:17:45.132,12.89748,12.89959,0.00,0.00
2017.10.11 13:17:45.412,12.89748,12.89969,0.00,0.00
2017.10.11 13:17:45.671,12.89748,12.89979,0.00,0.00
2017.10.11 13:17:46.192,12.89748,12.89978,0.00,0.00
2017.10.11 13:17:47.061,12.89748,12.89979,0.00,0.00
2017.10.11 13:17:48.365,12.89748,12.89968,0.00,0.00
2017.10.11 13:17:48.415,12.89731,12.89969,0.00,0.00
2017.10.11 13:17:48.466,12.89718,12.89899,0.00,0.00
2017.10.11 13:17:48.517,12.89699,12.89899,0.00,0.00
2017.10.11 13:17:48.654,12.89661,12.89899,0.00,0.00
2017.10.11 13:17:48.823,12.89651,12.89899,0.00,0.00
2017.10.11 13:17:48.873,12.89651,12.89891,0.00,0.00
2017.10.11 13:17:48.974,12.89651,12.89899,0.00,0.00
2017.10.11 13:17:49.320,12.89648,12.89889,0.00,0.00
2017.10.11 13:17:49.670,12.89678,12.89889,0.00,0.00
2017.10.11 13:17:49.771,12.89658,12.89889,0.00,0.00
2017.10.11 13:17:49.872,12.89658,12.89899,0.00,0.00
2017.10.11 13:17:50.434,12.89662,12.89898,0.00,0.00
2017.10.11 13:17:50.686,12.89648,12.89889,0.00,0.00
2017.10.11 13:17:50.861,12.89662,12.89898,0.00,0.00
2017.10.11 13:17:51.192,12.89678,12.89899,0.00,0.00
2017.10.11 13:17:51.275,12.89661,12.89899,0.00,0.00
2017.10.11 13:17:51.381,12.89658,12.89889,0.00,0.00
2017.10.11 13:17:51.523,12.89648,12.89889,0.00,0.00
2017.10.11 13:17:52.014,12.89651,12.89899,0.00,0.00
2017.10.11 13:17:52.115,12.89679,12.89898,0.00,0.00
2017.10.11 13:17:52.378,12.89652,12.89898,0.00,0.00
2017.10.11 13:17:52.622,12.89662,12.89898,0.00,0.00
2017.10.11 13:17:52.973,12.89678,12.89889,0.00,0.00
2017.10.11 13:17:53.080,12.89652,12.89888,0.00,0.00
2017.10.11 13:17:53.534,12.89659,12.89888,0.00,0.00
2017.10.11 13:17:53.601,12.89661,12.89899,0.00,0.00
2017.10.11 13:17:53.681,12.89679,12.89899,0.00,0.00
2017.10.11 13:17:53.884,12.89661,12.89899,0.00,0.00
2017.10.11 13:17:54.085,12.89682,12.89898,0.00,0.00
2017.10.11 13:17:54.186,12.89679,12.89898,0.00,0.00
2017.10.11 13:17:54.486,12.89662,12.89898,0.00,0.00
2017.10.11 13:17:54.903,12.89678,12.89898,0.00,0.00
2017.10.11 13:17:55.004,12.89661,12.89899,0.00,0.00
2017.10.11 13:17:55.886,12.89678,12.89899,0.00,0.00
2017.10.11 13:17:56.287,12.89661,12.89899,0.00,0.00
2017.10.11 13:17:56.614,12.89671,12.89899,0.00,0.00
2017.10.11 13:17:56.985,12.89681,12.89899,0.00,0.00
2017.10.11 13:17:57.136,12.89748,12.89969,0.00,0.00
2017.10.11 13:17:57.237,12.89758,12.89969,0.00,0.00
2017.10.11 13:17:57.439,12.89649,12.89889,0.00,0.00
2017.10.11 13:17:59.049,12.89699,12.89889,0.00,0.00
2017.10.11 13:17:59.163,12.89721,12.89919,0.00,0.00
2017.10.11 13:17:59.264,12.89748,12.89909,0.00,0.00
2017.10.11 13:17:59.314,12.89739,12.89909,0.00,0.00
2017.10.11 13:17:59.415,12.89708,12.89909,0.00,0.00
2017.10.11 13:17:59.516,12.89681,12.89909,0.00,0.00
2017.10.11 13:17:59.701,12.89692,12.89898,0.00,0.00
2017.10.11 13:17:59.752,12.89698,12.89909,0.00,0.00
2017.10.11 13:17:59.853,12.89699,12.89899,0.00,0.00
2017.10.11 13:17:59.904,12.89699,12.89909,0.00,0.00
2017.10.11 13:18:00.005,12.89709,12.89909,0.00,0.00
2017.10.11 13:18:00.106,12.89681,12.89909,0.00,0.00
2017.10.11 13:18:00.223,12.89721,12.89959,0.00,0.00
2017.10.11 13:18:00.274,12.89749,12.89989,0.00,0.00
2017.10.11 13:18:00.324,12.89759,12.89988,0.00,0.00
2017.10.11 13:18:00.698,12.89768,12.89988,0.00,0.00
2017.10.11 13:18:01.238,12.89768,12.89989,0.00,0.00
2017.10.11 13:18:01.339,12.89768,12.89998,0.00,0.00
2017.10.11 13:18:01.478,12.89771,12.89999,0.00,0.00
2017.10.11 13:18:01.678,12.89768,12.89999,0.00,0.00
2017.10.11 13:18:02.190,12.89768,12.89998,0.00,0.00
2017.10.11 13:18:02.316,12.89752,12.89998,0.00,0.00
2017.10.11 13:18:02.603,12.89759,12.89998,0.00,0.00
2017.10.11 13:18:02.928,12.89769,12.89998,0.00,0.00
2017.10.11 13:18:03.104,12.89759,12.89998,0.00,0.00
2017.10.11 13:18:03.538,12.89762,12.89998,0.00,0.00
2017.10.11 13:18:03.831,12.89752,12.89998,0.00,0.00
2017.10.11 13:18:04.308,12.89758,12.89998,0.00,0.00
2017.10.11 13:18:04.651,12.89758,12.89978,0.00,0.00
2017.10.11 13:18:04.791,12.89749,12.89978,0.00,0.00
2017.10.11 13:18:06.366,12.89749,12.89989,0.00,0.00
2017.10.11 13:18:06.416,12.89749,12.89979,0.00,0.00
2017.10.11 13:18:06.962,12.89749,12.89978,0.00,0.00
2017.10.11 13:18:07.777,12.89749,12.89979,0.00,0.00
2017.10.11 13:18:08.107,12.89768,12.89978,0.00,0.00
2017.10.11 13:18:08.158,12.89749,12.89978,0.00,0.00
2017.10.11 13:18:08.321,12.89769,12.89978,0.00,0.00
2017.10.11 13:18:08.423,12.89749,12.89979,0.00,0.00
2017.10.11 13:18:09.099,12.89749,12.89978,0.00,0.00
2017.10.11 13:18:09.272,12.89749,12.89968,0.00,0.00
2017.10.11 13:18:09.781,12.89749,12.89939,0.00,0.00
2017.10.11 13:18:09.912,12.89749,12.89948,0.00,0.00
2017.10.11 13:18:10.727,12.89749,12.89938,0.00,0.00
2017.10.11 13:18:12.484,12.89749,12.89948,0.00,0.00
2017.10.11 13:18:12.565,12.89749,12.89958,0.00,0.00
2017.10.11 13:18:12.666,12.89759,12.89989,0.00,0.00
2017.10.11 13:18:12.911,12.89759,12.89979,0.00,0.00
2017.10.11 13:18:12.962,12.89749,12.89979,0.00,0.00
2017.10.11 13:18:13.075,12.89749,12.89969,0.00,0.00
2017.10.11 13:18:13.413,12.89749,12.89959,0.00,0.00
2017.10.11 13:18:14.373,12.89749,12.89968,0.00,0.00
2017.10.11 13:18:15.062,12.89749,12.89969,0.00,0.00
2017.10.11 13:18:15.683,12.89749,12.89968,0.00,0.00
2017.10.11 13:18:15.962,12.89749,12.89959,0.00,0.00
2017.10.11 13:18:16.292,12.89758,12.89948,0.00,0.00
2017.10.11 13:18:16.784,12.89758,12.89958,0.00,0.00
2017.10.11 13:18:16.835,12.89758,12.89979,0.00,0.00
2017.10.11 13:18:16.936,12.89759,12.89989,0.00,0.00
2017.10.11 13:18:17.234,12.89759,12.89999,0.00,0.00
2017.10.11 13:18:17.340,12.89751,12.89999,0.00,0.00
2017.10.11 13:18:17.553,12.89749,12.89988,0.00,0.00
2017.10.11 13:18:18.035,12.89748,12.89958,0.00,0.00
2017.10.11 13:18:18.694,12.89748,12.89959,0.00,0.00
2017.10.11 13:18:19.744,12.89748,12.89958,0.00,0.00
2017.10.11 13:18:19.794,12.89748,12.89969,0.00,0.00
2017.10.11 13:18:19.937,12.89748,12.89979,0.00,0.00
2017.10.11 13:18:19.993,12.89761,12.89999,0.00,0.00
2017.10.11 13:18:20.094,12.89769,12.89998,0.00,0.00
2017.10.11 13:18:20.726,12.89769,12.89999,0.00,0.00
2017.10.11 13:18:20.956,12.89762,12.89998,0.00,0.00
2017.10.11 13:18:21.138,12.89752,12.89998,0.00,0.00
2017.10.11 13:18:22.293,12.89751,12.89999,0.00,0.00
2017.10.11 13:18:23.291,12.89758,12.89999,0.00,0.00
2017.10.11 13:18:24.054,12.89751,12.89999,0.00,0.00
2017.10.11 13:18:24.183,12.89762,12.89998,0.00,0.00
2017.10.11 13:18:25.882,12.89759,12.89999,0.00,0.00
2017.10.11 13:18:25.959,12.89751,12.89999,0.00,0.00
2017.10.11 13:18:26.251,12.89761,12.89999,0.00,0.00
2017.10.11 13:18:26.672,12.89768,12.89998,0.00,0.00
2017.10.11 13:18:27.590,12.89768,12.89989,0.00,0.00
2017.10.11 13:18:27.691,12.89748,12.89989,0.00,0.00
2017.10.11 13:18:28.042,12.89748,12.89978,0.00,0.00
2017.10.11 13:18:28.334,12.89748,12.89989,0.00,0.00
2017.10.11 13:18:28.384,12.89758,12.89988,0.00,0.00
2017.10.11 13:18:28.946,12.89758,12.89989,0.00,0.00
2017.10.11 13:18:29.021,12.89758,12.89999,0.00,0.00
2017.10.11 13:18:29.072,12.89748,12.89968,0.00,0.00
2017.10.11 13:18:29.327,12.89748,12.89978,0.00,0.00
2017.10.11 13:18:29.379,12.89758,12.89999,0.00,0.00
2017.10.11 13:18:29.672,12.89751,12.89999,0.00,0.00
2017.10.11 13:18:30.082,12.89768,12.89998,0.00,0.00
2017.10.11 13:18:30.473,12.89752,12.89998,0.00,0.00
2017.10.11 13:18:30.976,12.89751,12.89999,0.00,0.00
2017.10.11 13:18:31.635,12.89748,12.89989,0.00,0.00
2017.10.11 13:18:32.042,12.89751,12.89999,0.00,0.00
2017.10.11 13:18:32.195,12.89769,12.89999,0.00,0.00
2017.10.11 13:18:32.880,12.89751,12.89999,0.00,0.00
2017.10.11 13:18:34.733,12.89748,12.89989,0.00,0.00
2017.10.11 13:18:35.597,12.89769,12.89989,0.00,0.00
2017.10.11 13:18:36.385,12.89749,12.89989,0.00,0.00
2017.10.11 13:18:36.720,12.89768,12.89989,0.00,0.00
2017.10.11 13:18:36.770,12.89768,12.89998,0.00,0.00
2017.10.11 13:18:38.092,12.89768,12.89999,0.00,0.00
2017.10.11 13:18:38.233,12.89779,12.89998,0.00,0.00
2017.10.11 13:18:38.489,12.89752,12.89998,0.00,0.00
2017.10.11 13:18:38.590,12.89761,12.89999,0.00,0.00
2017.10.11 13:18:38.903,12.89772,12.89998,0.00,0.00
2017.10.11 13:18:40.021,12.89768,12.89998,0.00,0.00
2017.10.11 13:18:40.091,12.89762,12.89998,0.00,0.00
2017.10.11 13:18:40.826,12.89761,12.89999,0.00,0.00
2017.10.11 13:18:42.577,12.89771,12.89999,0.00,0.00
2017.10.11 13:18:42.907,12.89761,12.89999,0.00,0.00
2017.10.11 13:18:43.131,12.89771,12.89999,0.00,0.00
2017.10.11 13:18:43.444,12.89768,12.89999,0.00,0.00
2017.10.11 13:18:43.626,12.89778,12.89999,0.00,0.00
2017.10.11 13:18:43.906,12.89748,12.89989,0.00,0.00
2017.10.11 13:18:44.516,12.89748,12.89988,0.00,0.00
2017.10.11 13:18:44.844,12.89751,12.89989,0.00,0.00
2017.10.11 13:18:45.242,12.89769,12.89989,0.00,0.00
2017.10.11 13:18:45.345,12.89758,12.89989,0.00,0.00
2017.10.11 13:18:45.446,12.89758,12.89998,0.00,0.00
2017.10.11 13:18:45.555,12.89771,12.89999,0.00,0.00
2017.10.11 13:18:45.656,12.89769,12.89998,0.00,0.00
2017.10.11 13:18:45.784,12.89771,12.89999,0.00,0.00
2017.10.11 13:18:47.335,12.89772,12.89998,0.00,0.00
2017.10.11 13:18:47.598,12.89761,12.89999,0.00,0.00
2017.10.11 13:18:47.675,12.89771,12.89999,0.00,0.00
2017.10.11 13:18:48.044,12.89782,12.89998,0.00,0.00
2017.10.11 13:18:48.102,12.89771,12.89999,0.00,0.00
2017.10.11 13:18:48.153,12.89778,12.89998,0.00,0.00
2017.10.11 13:18:48.634,12.89771,12.89999,0.00,0.00
2017.10.11 13:18:48.868,12.89852,12.90062,0.00,0.00
2017.10.11 13:18:48.919,12.89848,12.90088,0.00,0.00
2017.10.11 13:18:49.020,12.89859,12.90088,0.00,0.00
2017.10.11 13:18:49.221,12.89848,12.90078,0.00,0.00
2017.10.11 13:18:49.382,12.89852,12.90088,0.00,0.00
2017.10.11 13:18:49.432,12.89859,12.90088,0.00,0.00
2017.10.11 13:18:49.848,12.89851,12.90089,0.00,0.00
2017.10.11 13:18:50.202,12.89848,12.90089,0.00,0.00
2017.10.11 13:18:50.563,12.89852,12.90088,0.00,0.00
2017.10.11 13:18:50.715,12.89861,12.90099,0.00,0.00
2017.10.11 13:18:51.361,12.89872,12.90098,0.00,0.00
2017.10.11 13:18:51.645,12.89869,12.90099,0.00,0.00
2017.10.11 13:18:51.828,12.89852,12.90098,0.00,0.00
2017.10.11 13:18:51.995,12.89861,12.90099,0.00,0.00
2017.10.11 13:18:52.403,12.89872,12.90098,0.00,0.00
2017.10.11 13:18:52.567,12.89869,12.90098,0.00,0.00
2017.10.11 13:18:52.731,12.89872,12.90098,0.00,0.00
2017.10.11 13:18:52.832,12.89862,12.90098,0.00,0.00
2017.10.11 13:18:53.201,12.89852,12.90088,0.00,0.00
2017.10.11 13:18:54.012,12.89862,12.90098,0.00,0.00
2017.10.11 13:18:55.877,12.89852,12.90088,0.00,0.00
2017.10.11 13:18:56.400,12.89851,12.90089,0.00,0.00
2017.10.11 13:18:57.145,12.89852,12.90088,0.00,0.00
2017.10.11 13:18:57.900,12.89851,12.90089,0.00,0.00
2017.10.11 13:18:58.592,12.89861,12.90099,0.00,0.00
2017.10.11 13:18:59.180,12.89871,12.90099,0.00,0.00
2017.10.11 13:18:59.351,12.89858,12.90098,0.00,0.00
2017.10.11 13:18:59.452,12.89851,12.90099,0.00,0.00
2017.10.11 13:18:59.532,12.89851,12.90089,0.00,0.00
2017.10.11 13:18:59.702,12.89852,12.90098,0.00,0.00
2017.10.11 13:18:59.975,12.89862,12.90098,0.00,0.00
2017.10.11 13:19:00.278,12.89871,12.90099,0.00,0.00
2017.10.11 13:19:00.840,12.89871,12.90089,0.00,0.00
2017.10.11 13:19:00.943,12.89861,12.90089,0.00,0.00
2017.10.11 13:19:01.322,12.89871,12.90089,0.00,0.00
2017.10.11 13:19:01.942,12.89861,12.90089,0.00,0.00
2017.10.11 13:19:02.085,12.89872,12.90088,0.00,0.00
2017.10.11 13:19:02.491,12.89861,12.90089,0.00,0.00
2017.10.11 13:19:02.542,12.89871,12.90089,0.00,0.00
2017.10.11 13:19:02.872,12.89862,12.90088,0.00,0.00
2017.10.11 13:19:03.137,12.89858,12.90088,0.00,0.00
2017.10.11 13:19:03.188,12.89858,12.90079,0.00,0.00
2017.10.11 13:19:03.239,12.89861,12.90089,0.00,0.00
2017.10.11 13:19:03.340,12.89852,12.90088,0.00,0.00
2017.10.11 13:19:03.441,12.89861,12.90089,0.00,0.00
2017.10.11 13:19:03.755,12.89879,12.90088,0.00,0.00
2017.10.11 13:19:03.883,12.89871,12.90089,0.00,0.00
2017.10.11 13:19:04.507,12.89892,12.90088,0.00,0.00
2017.10.11 13:19:04.557,12.89928,12.90159,0.00,0.00
2017.10.11 13:19:04.658,12.89949,12.90159,0.00,0.00
2017.10.11 13:19:04.709,12.89949,12.90178,0.00,0.00
2017.10.11 13:19:05.502,12.89949,12.90179,0.00,0.00
2017.10.11 13:19:05.728,12.89949,12.90188,0.00,0.00
2017.10.11 13:19:05.828,12.89951,12.90189,0.00,0.00
2017.10.11 13:19:06.340,12.89952,12.90181,0.00,0.00
2017.10.11 13:19:06.953,12.89961,12.90181,0.00,0.00
2017.10.11 13:19:07.609,12.89958,12.90181,0.00,0.00
2017.10.11 13:19:07.848,12.89952,12.90181,0.00,0.00
2017.10.11 13:19:08.171,12.89942,12.90181,0.00,0.00
2017.10.11 13:19:08.549,12.89959,12.90181,0.00,0.00
2017.10.11 13:19:09.439,12.89961,12.90181,0.00,0.00
2017.10.11 13:19:09.540,12.89959,12.90181,0.00,0.00
2017.10.11 13:19:09.590,12.89968,12.90181,0.00,0.00
2017.10.11 13:19:09.752,12.89952,12.90181,0.00,0.00
2017.10.11 13:19:10.153,12.89968,12.90181,0.00,0.00
2017.10.11 13:19:10.673,12.89979,12.90181,0.00,0.00
2017.10.11 13:19:10.754,12.89972,12.90181,0.00,0.00
2017.10.11 13:19:10.992,12.89982,12.90181,0.00,0.00
2017.10.11 13:19:11.043,12.89962,12.90181,0.00,0.00
2017.10.11 13:19:11.588,12.89961,12.90181,0.00,0.00
2017.10.11 13:19:11.992,12.89971,12.90181,0.00,0.00
2017.10.11 13:19:12.194,12.90022,12.90248,0.00,0.00
2017.10.11 13:19:12.295,12.90048,12.90258,0.00,0.00
2017.10.11 13:19:12.563,12.90021,12.90249,0.00,0.00
2017.10.11 13:19:12.663,12.90038,12.90239,0.00,0.00
2017.10.11 13:19:13.034,12.90038,12.90248,0.00,0.00
2017.10.11 13:19:13.091,12.90038,12.90258,0.00,0.00
2017.10.11 13:19:13.229,12.90038,12.90269,0.00,0.00
2017.10.11 13:19:13.744,12.90038,12.90268,0.00,0.00
2017.10.11 13:19:13.795,12.90032,12.90268,0.00,0.00
2017.10.11 13:19:13.952,12.90032,12.90278,0.00,0.00
2017.10.11 13:19:14.002,12.90038,12.90279,0.00,0.00
2017.10.11 13:19:14.305,12.90058,12.90282,0.00,0.00
2017.10.11 13:19:14.614,12.90061,12.90282,0.00,0.00
2017.10.11 13:19:14.816,12.90042,12.90278,0.00,0.00
2017.10.11 13:19:15.014,12.90052,12.90282,0.00,0.00
2017.10.11 13:19:15.563,12.90051,12.90282,0.00,0.00
2017.10.11 13:19:15.955,12.90058,12.90282,0.00,0.00
2017.10.11 13:19:16.175,12.90051,12.90282,0.00,0.00
2017.10.11 13:19:16.377,12.90042,12.90278,0.00,0.00
2017.10.11 13:19:16.464,12.90049,12.90278,0.00,0.00
2017.10.11 13:19:16.592,12.90042,12.90278,0.00,0.00
2017.10.11 13:19:16.642,12.90051,12.90282,0.00,0.00
2017.10.11 13:19:17.450,12.90052,12.90282,0.00,0.00
2017.10.11 13:19:18.101,12.90061,12.90282,0.00,0.00
2017.10.11 13:19:18.404,12.90121,12.90339,0.00,0.00
2017.10.11 13:19:18.562,12.90121,12.90349,0.00,0.00
2017.10.11 13:19:18.663,12.90122,12.90338,0.00,0.00
2017.10.11 13:19:18.713,12.90121,12.90349,0.00,0.00
2017.10.11 13:19:19.102,12.90121,12.90339,0.00,0.00
2017.10.11 13:19:19.445,12.90121,12.90309,0.00,0.00
2017.10.11 13:19:19.501,12.90122,12.90328,0.00,0.00
2017.10.11 13:19:19.851,12.90088,12.90289,0.00,0.00
2017.10.11 13:19:19.902,12.90059,12.90289,0.00,0.00
2017.10.11 13:19:20.003,12.90051,12.90282,0.00,0.00
2017.10.11 13:19:20.067,12.90051,12.90271,0.00,0.00
2017.10.11 13:19:20.117,12.90041,12.90271,0.00,0.00
2017.10.11 13:19:20.643,12.90031,12.90269,0.00,0.00
2017.10.11 13:19:20.791,12.90042,12.90271,0.00,0.00
2017.10.11 13:19:21.223,12.90022,12.90268,0.00,0.00
2017.10.11 13:19:21.422,12.90021,12.90259,0.00,0.00
2017.10.11 13:19:21.872,12.90051,12.90271,0.00,0.00
2017.10.11 13:19:21.973,12.90041,12.90271,0.00,0.00
2017.10.11 13:19:22.023,12.90048,12.90271,0.00,0.00
2017.10.11 13:19:22.573,12.90052,12.90271,0.00,0.00
2017.10.11 13:19:23.078,12.90051,12.90271,0.00,0.00
2017.10.11 13:19:23.651,12.90041,12.90271,0.00,0.00
2017.10.11 13:19:24.682,12.90052,12.90271,0.00,0.00
2017.10.11 13:19:24.986,12.90139,12.90348,0.00,0.00
2017.10.11 13:19:25.037,12.90139,12.90358,0.00,0.00
2017.10.11 13:19:25.088,12.90139,12.90349,0.00,0.00
2017.10.11 13:19:25.220,12.90092,12.90322,0.00,0.00
2017.10.11 13:19:25.271,12.90121,12.90322,0.00,0.00
2017.10.11 13:19:25.400,12.90138,12.90359,0.00,0.00
2017.10.11 13:19:25.454,12.90138,12.90349,0.00,0.00
2017.10.11 13:19:25.656,12.90122,12.90348,0.00,0.00
2017.10.11 13:19:25.707,12.90138,12.90349,0.00,0.00
2017.10.11 13:19:25.908,12.90092,12.90321,0.00,0.00
2017.10.11 13:19:26.026,12.90092,12.90288,0.00,0.00
2017.10.11 13:19:26.076,12.90091,12.90322,0.00,0.00
2017.10.11 13:19:26.391,12.90099,12.90321,0.00,0.00
2017.10.11 13:19:26.490,12.90092,12.90321,0.00,0.00
2017.10.11 13:19:26.591,12.90139,12.90359,0.00,0.00
2017.10.11 13:19:26.792,12.90121,12.90349,0.00,0.00
2017.10.11 13:19:26.852,12.90121,12.90339,0.00,0.00
2017.10.11 13:19:27.193,12.90138,12.90339,0.00,0.00
2017.10.11 13:19:27.291,12.90121,12.90339,0.00,0.00
2017.10.11 13:19:27.345,12.90118,12.90299,0.00,0.00
2017.10.11 13:19:27.396,12.90048,12.90289,0.00,0.00
2017.10.11 13:19:27.447,12.90048,12.90279,0.00,0.00
2017.10.11 13:19:27.763,12.90041,12.90262,0.00,0.00
2017.10.11 13:19:27.984,12.90122,12.90358,0.00,0.00
2017.10.11 13:19:28.035,12.90138,12.90358,0.00,0.00
2017.10.11 13:19:28.337,12.90062,12.90262,0.00,0.00
2017.10.11 13:19:28.794,12.90069,12.90262,0.00,0.00
2017.10.11 13:19:29.233,12.90078,12.90262,0.00,0.00
2017.10.11 13:19:29.596,12.90068,12.90262,0.00,0.00
2017.10.11 13:19:29.913,12.90049,12.90262,0.00,0.00
2017.10.11 13:19:30.031,12.90029,12.90262,0.00,0.00
2017.10.11 13:19:30.605,12.90091,12.90262,0.00,0.00
2017.10.11 13:19:30.656,12.90092,12.90311,0.00,0.00
2017.10.11 13:19:30.706,12.90122,12.90311,0.00,0.00
2017.10.11 13:19:30.757,12.90121,12.90359,0.00,0.00
2017.10.11 13:19:30.808,12.90138,12.90359,0.00,0.00
2017.10.11 13:19:31.042,12.90138,12.90362,0.00,0.00
2017.10.11 13:19:31.399,12.90121,12.90362,0.00,0.00
2017.10.11 13:19:31.605,12.90139,12.90362,0.00,0.00
2017.10.11 13:19:32.150,12.90138,12.90362,0.00,0.00
2017.10.11 13:19:32.631,12.90148,12.90362,0.00,0.00
2017.10.11 13:19:32.903,12.90132,12.90362,0.00,0.00
2017.10.11 13:19:33.102,12.90138,12.90362,0.00,0.00
2017.10.11 13:19:33.203,12.90131,12.90362,0.00,0.00
2017.10.11 13:19:33.303,12.90148,12.90362,0.00,0.00
2017.10.11 13:19:33.704,12.90138,12.90362,0.00,0.00
2017.10.11 13:19:33.904,12.90149,12.90362,0.00,0.00
2017.10.11 13:19:34.212,12.90138,12.90362,0.00,0.00
2017.10.11 13:19:34.389,12.90141,12.90362,0.00,0.00
2017.10.11 13:19:34.922,12.90149,12.90362,0.00,0.00
2017.10.11 13:19:35.709,12.90139,12.90362,0.00,0.00
2017.10.11 13:19:36.023,12.90132,12.90362,0.00,0.00
2017.10.11 13:19:36.096,12.90141,12.90362,0.00,0.00
2017.10.11 13:19:36.399,12.90169,12.90362,0.00,0.00
2017.10.11 13:19:36.486,12.90169,12.90379,0.00,0.00
2017.10.11 13:19:36.537,12.90221,12.90412,0.00,0.00
2017.10.11 13:19:36.638,12.90238,12.90438,0.00,0.00
2017.10.11 13:19:36.739,12.90238,12.90449,0.00,0.00
2017.10.11 13:19:36.790,12.90238,12.90459,0.00,0.00
2017.10.11 13:19:37.122,12.90238,12.90448,0.00,0.00
2017.10.11 13:19:37.223,12.90228,12.90449,0.00,0.00
2017.10.11 13:19:37.761,12.90249,12.90449,0.00,0.00
2017.10.11 13:19:37.904,12.90249,12.90459,0.00,0.00
2017.10.11 13:19:37.955,12.90228,12.90459,0.00,0.00
2017.10.11 13:19:38.013,12.90249,12.90459,0.00,0.00
2017.10.11 13:19:38.596,12.90249,12.90458,0.00,0.00
2017.10.11 13:19:38.747,12.90228,12.90458,0.00,0.00
2017.10.11 13:19:38.971,12.90228,12.90449,0.00,0.00
2017.10.11 13:19:39.416,12.90248,12.90449,0.00,0.00
2017.10.11 13:19:39.466,12.90248,12.90478,0.00,0.00
2017.10.11 13:19:39.594,12.90248,12.90469,0.00,0.00
2017.10.11 13:19:39.984,12.90228,12.90419,0.00,0.00
2017.10.11 13:19:40.160,12.90228,12.90428,0.00,0.00
2017.10.11 13:19:40.569,12.90228,12.90439,0.00,0.00
2017.10.11 13:19:40.670,12.90228,12.90449,0.00,0.00
2017.10.11 13:19:40.720,12.90238,12.90449,0.00,0.00
2017.10.11 13:19:41.087,12.90238,12.90439,0.00,0.00
2017.10.11 13:19:41.288,12.90228,12.90438,0.00,0.00
2017.10.11 13:19:41.389,12.90228,12.90428,0.00,0.00
2017.10.11 13:19:41.750,12.90228,12.90419,0.00,0.00
2017.10.11 13:19:41.800,12.90228,12.90429,0.00,0.00
2017.10.11 13:19:41.851,12.90228,12.90418,0.00,0.00
2017.10.11 13:19:41.952,12.90228,12.90428,0.00,0.00
2017.10.11 13:19:42.063,12.90228,12.90449,0.00,0.00
2017.10.11 13:19:42.164,12.90238,12.90419,0.00,0.00
2017.10.11 13:19:42.322,12.90228,12.90419,0.00,0.00
2017.10.11 13:19:42.432,12.90228,12.90409,0.00,0.00
2017.10.11 13:19:42.916,12.90228,12.90419,0.00,0.00
2017.10.11 13:19:43.017,12.90228,12.90439,0.00,0.00
2017.10.11 13:19:43.068,12.90238,12.90418,0.00,0.00
2017.10.11 13:19:43.219,12.90238,12.90449,0.00,0.00
2017.10.11 13:19:43.270,12.90191,12.90449,0.00,0.00
2017.10.11 13:19:43.456,12.90228,12.90449,0.00,0.00
2017.10.11 13:19:43.759,12.90219,12.90448,0.00,0.00
2017.10.11 13:19:43.825,12.90202,12.90448,0.00,0.00
2017.10.11 13:19:43.926,12.90182,12.90398,0.00,0.00
2017.10.11 13:19:44.443,12.90181,12.90399,0.00,0.00
2017.10.11 13:19:44.647,12.90229,12.90448,0.00,0.00
2017.10.11 13:19:45.128,12.90238,12.90449,0.00,0.00
2017.10.11 13:19:45.633,12.90202,12.90448,0.00,0.00
2017.10.11 13:19:45.684,12.90201,12.90439,0.00,0.00
2017.10.11 13:19:46.224,12.90191,12.90402,0.00,0.00
2017.10.11 13:19:46.325,12.90192,12.90438,0.00,0.00
2017.10.11 13:19:46.426,12.90191,12.90442,0.00,0.00
2017.10.11 13:19:46.555,12.90198,12.90449,0.00,0.00
2017.10.11 13:19:46.874,12.90238,12.90459,0.00,0.00
2017.10.11 13:19:47.216,12.90238,12.90438,0.00,0.00
2017.10.11 13:19:47.266,12.90228,12.90439,0.00,0.00
2017.10.11 13:19:47.367,12.90228,12.90449,0.00,0.00
2017.10.11 13:19:47.468,12.90239,12.90449,0.00,0.00
2017.10.11 13:19:47.519,12.90239,12.90458,0.00,0.00
2017.10.11 13:19:47.620,12.90239,12.90468,0.00,0.00
2017.10.11 13:19:47.834,12.90239,12.90448,0.00,0.00
2017.10.11 13:19:48.156,12.90228,12.90429,0.00,0.00
2017.10.11 13:19:48.292,12.90228,12.90438,0.00,0.00
2017.10.11 13:19:48.343,12.90228,12.90469,0.00,0.00
2017.10.11 13:19:48.444,12.90238,12.90489,0.00,0.00
2017.10.11 13:19:48.545,12.90238,12.90479,0.00,0.00
2017.10.11 13:19:48.716,12.90238,12.90489,0.00,0.00
2017.10.11 13:19:48.868,12.90249,12.90489,0.00,0.00
2017.10.11 13:19:49.208,12.90258,12.90478,0.00,0.00
2017.10.11 13:19:49.611,12.90258,12.90489,0.00,0.00
2017.10.11 13:19:49.712,12.90239,12.90489,0.00,0.00
2017.10.11 13:19:49.813,12.90239,12.90479,0.00,0.00
2017.10.11 13:19:49.863,12.90232,12.90478,0.00,0.00
2017.10.11 13:19:50.281,12.90232,12.90488,0.00,0.00
2017.10.11 13:19:50.338,12.90258,12.90488,0.00,0.00
2017.10.11 13:19:50.931,12.90258,12.90478,0.00,0.00
2017.10.11 13:19:51.038,12.90232,12.90478,0.00,0.00
2017.10.11 13:19:51.143,12.90231,12.90469,0.00,0.00
2017.10.11 13:19:51.194,12.90228,12.90469,0.00,0.00
2017.10.11 13:19:51.244,12.90238,12.90448,0.00,0.00
2017.10.11 13:19:51.295,12.90238,12.90459,0.00,0.00
2017.10.11 13:19:51.346,12.90228,12.90459,0.00,0.00
2017.10.11 13:19:51.524,12.90228,12.90468,0.00,0.00
2017.10.11 13:19:51.625,12.90228,12.90479,0.00,0.00
2017.10.11 13:19:51.675,12.90258,12.90479,0.00,0.00
2017.10.11 13:19:52.040,12.90238,12.90479,0.00,0.00
2017.10.11 13:19:52.795,12.90238,12.90478,0.00,0.00
2017.10.11 13:19:52.912,12.90238,12.90489,0.00,0.00
2017.10.11 13:19:52.982,12.90242,12.90498,0.00,0.00
2017.10.11 13:19:53.083,12.90241,12.90489,0.00,0.00
2017.10.11 13:19:53.393,12.90259,12.90478,0.00,0.00
2017.10.11 13:19:53.443,12.90241,12.90489,0.00,0.00
2017.10.11 13:19:53.594,12.90232,12.90478,0.00,0.00
2017.10.11 13:19:53.943,12.90248,12.90468,0.00,0.00
2017.10.11 13:19:54.267,12.90231,12.90459,0.00,0.00
2017.10.11 13:19:54.318,12.90231,12.90429,0.00,0.00
2017.10.11 13:19:54.614,12.90231,12.90449,0.00,0.00
2017.10.11 13:19:54.665,12.90232,12.90458,0.00,0.00
2017.10.11 13:19:54.852,12.90239,12.90469,0.00,0.00
2017.10.11 13:19:54.903,12.90239,12.90459,0.00,0.00
2017.10.11 13:19:54.953,12.90241,12.90489,0.00,0.00
2017.10.11 13:19:55.054,12.90248,12.90489,0.00,0.00
2017.10.11 13:19:55.392,12.90232,12.90468,0.00,0.00
2017.10.11 13:19:55.953,12.90232,12.90478,0.00,0.00
2017.10.11 13:19:56.054,12.90258,12.90478,0.00,0.00
2017.10.11 13:19:56.260,12.90228,12.90469,0.00,0.00
2017.10.11 13:19:56.361,12.90231,12.90479,0.00,0.00
2017.10.11 13:19:56.412,12.90241,12.90489,0.00,0.00
2017.10.11 13:19:56.742,12.90232,12.90468,0.00,0.00
2017.10.11 13:19:56.855,12.90232,12.90478,0.00,0.00
2017.10.11 13:19:56.956,12.90242,12.90488,0.00,0.00
2017.10.11 13:19:57.273,12.90231,12.90479,0.00,0.00
2017.10.11 13:19:57.523,12.90242,12.90488,0.00,0.00
2017.10.11 13:19:57.827,12.90228,12.90459,0.00,0.00
2017.10.11 13:19:58.132,12.90238,12.90459,0.00,0.00
2017.10.11 13:19:58.263,12.90238,12.90468,0.00,0.00
2017.10.11 13:19:58.379,12.90248,12.90469,0.00,0.00
2017.10.11 13:19:58.430,12.90248,12.90489,0.00,0.00
2017.10.11 13:19:58.582,12.90258,12.90489,0.00,0.00
2017.10.11 13:19:58.785,12.90241,12.90489,0.00,0.00
2017.10.11 13:19:58.836,12.90228,12.90468,0.00,0.00
2017.10.11 13:19:58.987,12.90231,12.90479,0.00,0.00
2017.10.11 13:19:59.088,12.90228,12.90459,0.00,0.00
2017.10.11 13:19:59.138,12.90228,12.90469,0.00,0.00
2017.10.11 13:19:59.189,12.90252,12.90498,0.00,0.00
2017.10.11 13:19:59.290,12.90258,12.90489,0.00,0.00
2017.10.11 13:19:59.503,12.90251,12.90499,0.00,0.00
2017.10.11 13:19:59.703,12.90258,12.90479,0.00,0.00
2017.10.11 13:19:59.986,12.90241,12.90479,0.00,0.00
2017.10.11 13:20:00.087,12.90268,12.90489,0.00,0.00
2017.10.11 13:20:00.390,12.90269,12.90479,0.00,0.00
2017.10.11 13:20:00.491,12.90242,12.90478,0.00,0.00
2017.10.11 13:20:00.653,12.90302,12.90521,0.00,0.00
2017.10.11 13:20:01.002,12.90231,12.90479,0.00,0.00
2017.10.11 13:20:01.227,12.90231,12.90469,0.00,0.00
2017.10.11 13:20:01.579,12.90232,12.90458,0.00,0.00
2017.10.11 13:20:01.715,12.90231,12.90469,0.00,0.00
2017.10.11 13:20:01.766,12.90232,12.90448,0.00,0.00
2017.10.11 13:20:02.319,12.90232,12.90438,0.00,0.00
2017.10.11 13:20:02.588,12.90231,12.90449,0.00,0.00
2017.10.11 13:20:02.689,12.90231,12.90479,0.00,0.00
2017.10.11 13:20:02.790,12.90248,12.90469,0.00,0.00
2017.10.11 13:20:02.868,12.90231,12.90469,0.00,0.00
2017.10.11 13:20:02.927,12.90232,12.90458,0.00,0.00
2017.10.11 13:20:03.028,12.90232,12.90468,0.00,0.00
2017.10.11 13:20:03.129,12.90241,12.90489,0.00,0.00
2017.10.11 13:20:03.269,12.90259,12.90489,0.00,0.00
2017.10.11 13:20:03.499,12.90238,12.90469,0.00,0.00
2017.10.11 13:20:03.570,12.90231,12.90469,0.00,0.00
2017.10.11 13:20:03.671,12.90258,12.90459,0.00,0.00
2017.10.11 13:20:03.739,12.90258,12.90468,0.00,0.00
2017.10.11 13:20:03.808,12.90232,12.90468,0.00,0.00
2017.10.11 13:20:03.971,12.90258,12.90468,0.00,0.00
2017.10.11 13:20:04.091,12.90258,12.90479,0.00,0.00
2017.10.11 13:20:04.393,12.90259,12.90469,0.00,0.00
2017.10.11 13:20:04.518,12.90238,12.90469,0.00,0.00
2017.10.11 13:20:05.200,12.90231,12.90469,0.00,0.00
2017.10.11 13:20:05.251,12.90232,12.90478,0.00,0.00
2017.10.11 13:20:05.352,12.90251,12.90499,0.00,0.00
2017.10.11 13:20:05.402,12.90259,12.90499,0.00,0.00
2017.10.11 13:20:05.710,12.90298,12.90479,0.00,0.00
2017.10.11 13:20:05.811,12.90232,12.90478,0.00,0.00
2017.10.11 13:20:05.912,12.90261,12.90499,0.00,0.00
2017.10.11 13:20:06.012,12.90251,12.90499,0.00,0.00
2017.10.11 13:20:06.063,12.90242,12.90478,0.00,0.00
2017.10.11 13:20:06.408,12.90231,12.90479,0.00,0.00
2017.10.11 13:20:06.459,12.90231,12.90469,0.00,0.00
2017.10.11 13:20:06.560,12.90232,12.90478,0.00,0.00
2017.10.11 13:20:06.711,12.90248,12.90478,0.00,0.00
2017.10.11 13:20:06.976,12.90239,12.90479,0.00,0.00
2017.10.11 13:20:07.027,12.90239,12.90469,0.00,0.00
2017.10.11 13:20:07.078,12.90231,12.90469,0.00,0.00
2017.10.11 13:20:07.179,12.90232,12.90478,0.00,0.00
2017.10.11 13:20:07.287,12.90231,12.90459,0.00,0.00
2017.10.11 13:20:07.678,12.90238,12.90469,0.00,0.00
2017.10.11 13:20:07.779,12.90238,12.90479,0.00,0.00
2017.10.11 13:20:07.829,12.90238,12.90459,0.00,0.00
2017.10.11 13:20:07.930,12.90238,12.90469,0.00,0.00
2017.10.11 13:20:08.127,12.90259,12.90469,0.00,0.00
2017.10.11 13:20:08.428,12.90239,12.90469,0.00,0.00
2017.10.11 13:20:08.529,12.90231,12.90469,0.00,0.00
2017.10.11 13:20:08.580,12.90232,12.90458,0.00,0.00
2017.10.11 13:20:08.980,12.90239,12.90459,0.00,0.00
2017.10.11 13:20:09.318,12.90438,12.90639,0.00,0.00
2017.10.11 13:20:09.540,12.90438,12.90649,0.00,0.00
2017.10.11 13:20:09.641,12.90438,12.90658,0.00,0.00
2017.10.11 13:20:09.742,12.90438,12.90669,0.00,0.00
2017.10.11 13:20:09.842,12.90438,12.90659,0.00,0.00
2017.10.11 13:20:10.147,12.90438,12.90669,0.00,0.00
2017.10.11 13:20:10.265,12.90438,12.90679,0.00,0.00
2017.10.11 13:20:10.315,12.90449,12.90678,0.00,0.00
2017.10.11 13:20:10.634,12.90448,12.90668,0.00,0.00
2017.10.11 13:20:10.784,12.90438,12.90668,0.00,0.00
2017.10.11 13:20:10.979,12.90441,12.90689,0.00,0.00
2017.10.11 13:20:11.030,12.90438,12.90669,0.00,0.00
2017.10.11 13:20:11.378,12.90448,12.90648,0.00,0.00
2017.10.11 13:20:11.530,12.90431,12.90659,0.00,0.00
2017.10.11 13:20:11.681,12.90431,12.90669,0.00,0.00
2017.10.11 13:20:11.776,12.90432,12.90658,0.00,0.00
2017.10.11 13:20:12.099,12.90448,12.90668,0.00,0.00
2017.10.11 13:20:12.200,12.90432,12.90668,0.00,0.00
2017.10.11 13:20:12.512,12.90431,12.90679,0.00,0.00
2017.10.11 13:20:12.562,12.90431,12.90659,0.00,0.00
2017.10.11 13:20:12.663,12.90432,12.90668,0.00,0.00
2017.10.11 13:20:12.888,12.90449,12.90669,0.00,0.00
2017.10.11 13:20:13.119,12.90431,12.90659,0.00,0.00
2017.10.11 13:20:13.220,12.90432,12.90648,0.00,0.00
2017.10.11 13:20:13.438,12.90432,12.90658,0.00,0.00
2017.10.11 13:20:13.540,12.90461,12.90699,0.00,0.00
2017.10.11 13:20:13.637,12.90432,12.90678,0.00,0.00
2017.10.11 13:20:13.704,12.90482,12.90698,0.00,0.00
2017.10.11 13:20:13.755,12.90459,12.90699,0.00,0.00
2017.10.11 13:20:13.805,12.90468,12.90678,0.00,0.00
2017.10.11 13:20:13.906,12.90449,12.90678,0.00,0.00
2017.10.11 13:20:13.990,12.90432,12.90678,0.00,0.00
2017.10.11 13:20:14.170,12.90442,12.90688,0.00,0.00
2017.10.11 13:20:14.489,12.90459,12.90689,0.00,0.00
2017.10.11 13:20:14.651,12.90448,12.90679,0.00,0.00
2017.10.11 13:20:14.702,12.90441,12.90689,0.00,0.00
2017.10.11 13:20:14.992,12.90458,12.90689,0.00,0.00
2017.10.11 13:20:15.200,12.90431,12.90679,0.00,0.00
2017.10.11 13:20:15.351,12.90441,12.90689,0.00,0.00
2017.10.11 13:20:15.665,12.90428,12.90702,0.00,0.00
2017.10.11 13:20:15.715,12.90452,12.90698,0.00,0.00
2017.10.11 13:20:16.008,12.90441,12.90689,0.00,0.00
2017.10.11 13:20:16.072,12.90431,12.90679,0.00,0.00
2017.10.11 13:20:16.407,12.90432,12.90648,0.00,0.00
2017.10.11 13:20:16.662,12.90431,12.90659,0.00,0.00
2017.10.11 13:20:16.713,12.90439,12.90658,0.00,0.00
2017.10.11 13:20:17.019,12.90448,12.90639,0.00,0.00
2017.10.11 13:20:17.120,12.90431,12.90639,0.00,0.00
2017.10.11 13:20:17.220,12.90431,12.90649,0.00,0.00
2017.10.11 13:20:17.271,12.90431,12.90659,0.00,0.00
2017.10.11 13:20:17.423,12.90449,12.90668,0.00,0.00
2017.10.11 13:20:17.524,12.90449,12.90679,0.00,0.00
2017.10.11 13:20:17.931,12.90431,12.90679,0.00,0.00
2017.10.11 13:20:18.397,12.90438,12.90679,0.00,0.00
2017.10.11 13:20:18.448,12.90441,12.90689,0.00,0.00
2017.10.11 13:20:18.498,12.90448,12.90688,0.00,0.00
2017.10.11 13:20:18.802,12.90538,12.90759,0.00,0.00
2017.10.11 13:20:18.864,12.90538,12.90768,0.00,0.00
2017.10.11 13:20:18.965,12.90538,12.90778,0.00,0.00
2017.10.11 13:20:19.058,12.90538,12.90769,0.00,0.00
2017.10.11 13:20:19.266,12.90548,12.90788,0.00,0.00
2017.10.11 13:20:19.386,12.90561,12.90799,0.00,0.00
2017.10.11 13:20:19.436,12.90541,12.90789,0.00,0.00
2017.10.11 13:20:19.538,12.90559,12.90778,0.00,0.00
2017.10.11 13:20:19.703,12.90542,12.90778,0.00,0.00
2017.10.11 13:20:19.754,12.90538,12.90759,0.00,0.00
2017.10.11 13:20:19.804,12.90531,12.90759,0.00,0.00
2017.10.11 13:20:20.020,12.90532,12.90768,0.00,0.00
2017.10.11 13:20:20.121,12.90559,12.90768,0.00,0.00
2017.10.11 13:20:20.293,12.90559,12.90779,0.00,0.00
2017.10.11 13:20:20.421,12.90532,12.90768,0.00,0.00
2017.10.11 13:20:20.522,12.90548,12.90769,0.00,0.00
2017.10.11 13:20:20.572,12.90548,12.90779,0.00,0.00
2017.10.11 13:20:20.752,12.90538,12.90778,0.00,0.00
2017.10.11 13:20:20.951,12.90541,12.90789,0.00,0.00
2017.10.11 13:20:21.074,12.90532,12.90778,0.00,0.00
2017.10.11 13:20:21.125,12.90541,12.90789,0.00,0.00
2017.10.11 13:20:21.176,12.90532,12.90778,0.00,0.00
2017.10.11 13:20:21.461,12.90541,12.90789,0.00,0.00
2017.10.11 13:20:21.612,12.90549,12.90788,0.00,0.00
2017.10.11 13:20:21.949,12.90549,12.90779,0.00,0.00
2017.10.11 13:20:22.050,12.90539,12.90778,0.00,0.00
2017.10.11 13:20:22.169,12.90532,12.90778,0.00,0.00
2017.10.11 13:20:22.270,12.90561,12.90799,0.00,0.00
2017.10.11 13:20:22.371,12.90552,12.90798,0.00,0.00
2017.10.11 13:20:22.422,12.90549,12.90779,0.00,0.00
2017.10.11 13:20:22.745,12.90531,12.90689,0.00,0.00
2017.10.11 13:20:22.846,12.90468,12.90679,0.00,0.00
2017.10.11 13:20:22.947,12.90441,12.90679,0.00,0.00
2017.10.11 13:20:22.997,12.90431,12.90669,0.00,0.00
2017.10.11 13:20:23.048,12.90431,12.90679,0.00,0.00
2017.10.11 13:20:23.149,12.90439,12.90669,0.00,0.00
2017.10.11 13:20:23.460,12.90481,12.90689,0.00,0.00
2017.10.11 13:20:23.510,12.90478,12.90689,0.00,0.00
2017.10.11 13:20:23.662,12.90468,12.90688,0.00,0.00
2017.10.11 13:20:23.713,12.90542,12.90721,0.00,0.00
2017.10.11 13:20:23.817,12.90541,12.90789,0.00,0.00
2017.10.11 13:20:23.868,12.90538,12.90779,0.00,0.00
2017.10.11 13:20:24.189,12.90558,12.90759,0.00,0.00
2017.10.11 13:20:24.349,12.90532,12.90758,0.00,0.00
2017.10.11 13:20:24.418,12.90531,12.90749,0.00,0.00
2017.10.11 13:20:24.705,12.90531,12.90759,0.00,0.00
2017.10.11 13:20:24.756,12.90541,12.90789,0.00,0.00
2017.10.11 13:20:24.857,12.90548,12.90778,0.00,0.00
2017.10.11 13:20:25.179,12.90558,12.90778,0.00,0.00
2017.10.11 13:20:25.229,12.90531,12.90769,0.00,0.00
2017.10.11 13:20:25.330,12.90531,12.90759,0.00,0.00
2017.10.11 13:20:25.640,12.90528,12.90719,0.00,0.00
2017.10.11 13:20:25.990,12.90528,12.90759,0.00,0.00
2017.10.11 13:20:26.091,12.90528,12.90708,0.00,0.00
2017.10.11 13:20:26.191,12.90548,12.90729,0.00,0.00
2017.10.11 13:20:26.242,12.90538,12.90728,0.00,0.00
2017.10.11 13:20:26.293,12.90538,12.90718,0.00,0.00
2017.10.11 13:20:26.343,12.90528,12.90718,0.00,0.00
2017.10.11 13:20:26.394,12.90528,12.90749,0.00,0.00
2017.10.11 13:20:26.546,12.90548,12.90749,0.00,0.00
2017.10.11 13:20:26.849,12.90528,12.90728,0.00,0.00
2017.10.11 13:20:27.125,12.90431,12.90669,0.00,0.00
2017.10.11 13:20:27.718,12.90432,12.90668,0.00,0.00
2017.10.11 13:20:27.890,12.90431,12.90659,0.00,0.00
2017.10.11 13:20:28.439,12.90438,12.90658,0.00,0.00
2017.10.11 13:20:28.524,12.90432,12.90658,0.00,0.00
2017.10.11 13:20:28.659,12.90481,12.90709,0.00,0.00
2017.10.11 13:20:28.760,12.90498,12.90739,0.00,0.00
2017.10.11 13:20:28.811,12.90498,12.90749,0.00,0.00
2017.10.11 13:20:28.861,12.90529,12.90758,0.00,0.00
2017.10.11 13:20:29.163,12.90548,12.90718,0.00,0.00
2017.10.11 13:20:29.264,12.90529,12.90719,0.00,0.00
2017.10.11 13:20:29.375,12.90549,12.90719,0.00,0.00
2017.10.11 13:20:29.684,12.90509,12.90699,0.00,0.00
2017.10.11 13:20:29.785,12.90482,12.90698,0.00,0.00
2017.10.11 13:20:30.037,12.90449,12.90698,0.00,0.00
2017.10.11 13:20:30.188,12.90449,12.90689,0.00,0.00
2017.10.11 13:20:30.252,12.90431,12.90689,0.00,0.00
2017.10.11 13:20:30.302,12.90432,12.90678,0.00,0.00
2017.10.11 13:20:30.651,12.90431,12.90669,0.00,0.00
2017.10.11 13:20:31.009,12.90432,12.90658,0.00,0.00
2017.10.11 13:20:31.060,12.90431,12.90679,0.00,0.00
2017.10.11 13:20:31.169,12.90439,12.90679,0.00,0.00
2017.10.11 13:20:31.679,12.90458,12.90678,0.00,0.00
2017.10.11 13:20:31.831,12.90432,12.90678,0.00,0.00
2017.10.11 13:20:32.198,12.90442,12.90688,0.00,0.00
2017.10.11 13:20:32.520,12.90431,12.90669,0.00,0.00
2017.10.11 13:20:32.597,12.90431,12.90679,0.00,0.00
2017.10.11 13:20:32.832,12.90448,12.90679,0.00,0.00
2017.10.11 13:20:32.933,12.90438,12.90679,0.00,0.00
2017.10.11 13:20:33.041,12.90432,12.90678,0.00,0.00
2017.10.11 13:20:33.149,12.90432,12.90668,0.00,0.00
2017.10.11 13:20:33.533,12.90439,12.90668,0.00,0.00
2017.10.11 13:20:34.191,12.90439,12.90649,0.00,0.00
2017.10.11 13:20:34.424,12.90439,12.90659,0.00,0.00
2017.10.11 13:20:34.475,12.90439,12.90679,0.00,0.00
2017.10.11 13:20:34.536,12.90459,12.90679,0.00,0.00
2017.10.11 13:20:35.071,12.90459,12.90688,0.00,0.00
2017.10.11 13:20:35.464,12.90441,12.90689,0.00,0.00
2017.10.11 13:20:35.716,12.90438,12.90679,0.00,0.00
2017.10.11 13:20:36.073,12.90471,12.90699,0.00,0.00
2017.10.11 13:20:36.174,12.90458,12.90689,0.00,0.00
2017.10.11 13:20:36.275,12.90469,12.90689,0.00,0.00
2017.10.11 13:20:36.641,12.90441,12.90689,0.00,0.00
2017.10.11 13:20:37.140,12.90448,12.90689,0.00,0.00
2017.10.11 13:20:37.549,12.90469,12.90699,0.00,0.00
2017.10.11 13:20:37.650,12.90451,12.90699,0.00,0.00
2017.10.11 13:20:37.751,12.90468,12.90698,0.00,0.00
2017.10.11 13:20:37.942,12.90452,12.90698,0.00,0.00
2017.10.11 13:20:38.218,12.90448,12.90689,0.00,0.00
2017.10.11 13:20:38.369,12.90452,12.90698,0.00,0.00
2017.10.11 13:20:38.493,12.90441,12.90694,0.00,0.00
2017.10.11 13:20:38.594,12.90432,12.90683,0.00,0.00
2017.10.11 13:20:38.943,12.90448,12.90688,0.00,0.00
2017.10.11 13:20:39.319,12.90432,12.90673,0.00,0.00
2017.10.11 13:20:39.508,12.90451,12.90699,0.00,0.00
2017.10.11 13:20:39.577,12.90442,12.90693,0.00,0.00
2017.10.11 13:20:39.907,12.90459,12.90693,0.00,0.00
2017.10.11 13:20:40.148,12.90442,12.90693,0.00,0.00
2017.10.11 13:20:40.478,12.90451,12.90699,0.00,0.00
2017.10.11 13:20:40.548,12.90442,12.90683,0.00,0.00
2017.10.11 13:20:41.048,12.90458,12.90683,0.00,0.00
2017.10.11 13:20:41.130,12.90458,12.90688,0.00,0.00
2017.10.11 13:20:41.188,12.90458,12.90698,0.00,0.00
2017.10.11 13:20:41.290,12.90458,12.90684,0.00,0.00
2017.10.11 13:20:41.412,12.90431,12.90679,0.00,0.00
2017.10.11 13:20:41.463,12.90432,12.90668,0.00,0.00
2017.10.11 13:20:41.758,12.90431,12.90679,0.00,0.00
2017.10.11 13:20:41.850,12.90449,12.90679,0.00,0.00
2017.10.11 13:20:42.383,12.90449,12.90678,0.00,0.00
2017.10.11 13:20:43.043,12.90449,12.90679,0.00,0.00
2017.10.11 13:20:43.471,12.90439,12.90668,0.00,0.00
2017.10.11 13:20:43.821,12.90463,12.90688,0.00,0.00
2017.10.11 13:20:43.871,12.90442,12.90688,0.00,0.00
2017.10.11 13:20:44.134,12.90431,12.90679,0.00,0.00
2017.10.11 13:20:44.184,12.90434,12.90679,0.00,0.00
2017.10.11 13:20:44.519,12.90479,12.90699,0.00,0.00
2017.10.11 13:20:44.570,12.90479,12.90699,0.00,0.00
2017.10.11 13:20:44.620,12.90496,12.90699,0.00,0.00
2017.10.11 13:20:44.685,12.90482,12.90698,0.00,0.00
2017.10.11 13:20:44.838,12.90482,12.90688,0.00,0.00
2017.10.11 13:20:44.888,12.90449,12.90698,0.00,0.00
2017.10.11 13:20:44.989,12.90441,12.90699,0.00,0.00
2017.10.11 13:20:45.198,12.90431,12.90689,0.00,0.00
2017.10.11 13:20:45.530,12.90487,12.90748,0.00,0.00
2017.10.11 13:20:45.860,12.90523,12.90759,0.00,0.00
2017.10.11 13:20:46.190,12.90524,12.90749,0.00,0.00
2017.10.11 13:20:46.442,12.90481,12.90702,0.00,0.00
2017.10.11 13:20:46.493,12.90481,12.90731,0.00,0.00
2017.10.11 13:20:46.593,12.90503,12.90748,0.00,0.00
2017.10.11 13:20:46.928,12.90534,12.90739,0.00,0.00
2017.10.11 13:20:47.291,12.90529,12.90728,0.00,0.00
2017.10.11 13:20:47.619,12.90529,12.90688,0.00,0.00
2017.10.11 13:20:47.669,12.90509,12.90699,0.00,0.00
2017.10.11 13:20:47.720,12.90509,12.90679,0.00,0.00
2017.10.11 13:20:47.770,12.90438,12.90702,0.00,0.00
2017.10.11 13:20:47.821,12.90461,12.90702,0.00,0.00
2017.10.11 13:20:48.216,12.90491,12.90709,0.00,0.00
2017.10.11 13:20:48.266,12.90492,12.90738,0.00,0.00
2017.10.11 13:20:48.317,12.90501,12.90749,0.00,0.00
2017.10.11 13:20:48.368,12.90521,12.90751,0.00,0.00
2017.10.11 13:20:48.569,12.90502,12.90748,0.00,0.00
2017.10.11 13:20:48.620,12.90498,12.90749,0.00,0.00
2017.10.11 13:20:48.765,12.90509,12.90748,0.00,0.00
2017.10.11 13:20:48.816,12.90529,12.90779,0.00,0.00
2017.10.11 13:20:48.866,12.90529,12.90762,0.00,0.00
2017.10.11 13:20:49.173,12.90509,12.90708,0.00,0.00
2017.10.11 13:20:49.274,12.90491,12.90701,0.00,0.00
2017.10.11 13:20:49.375,12.90512,12.90748,0.00,0.00
2017.10.11 13:20:49.480,12.90519,12.90699,0.00,0.00
2017.10.11 13:20:49.581,12.90461,12.90699,0.00,0.00
2017.10.11 13:20:49.681,12.90481,12.90709,0.00,0.00
2017.10.11 13:20:50.020,12.90528,12.90749,0.00,0.00
2017.10.11 13:20:50.071,12.90502,12.90748,0.00,0.00
2017.10.11 13:20:50.172,12.90501,12.90701,0.00,0.00
2017.10.11 13:20:50.223,12.90478,12.90679,0.00,0.00
2017.10.11 13:20:50.274,12.90459,12.90679,0.00,0.00
2017.10.11 13:20:50.325,12.90522,12.90728,0.00,0.00
2017.10.11 13:20:50.476,12.90528,12.90738,0.00,0.00
2017.10.11 13:20:50.527,12.90528,12.90749,0.00,0.00
2017.10.11 13:20:50.578,12.90538,12.90748,0.00,0.00
2017.10.11 13:20:50.687,12.90539,12.90769,0.00,0.00
2017.10.11 13:20:51.270,12.90549,12.90769,0.00,0.00
2017.10.11 13:20:51.578,12.90532,12.90768,0.00,0.00
2017.10.11 13:20:51.712,12.90532,12.90758,0.00,0.00
2017.10.11 13:20:51.913,12.90431,12.90679,0.00,0.00
2017.10.11 13:20:51.964,12.90431,12.90659,0.00,0.00
2017.10.11 13:20:52.284,12.90431,12.90649,0.00,0.00
2017.10.11 13:20:52.997,12.90431,12.90659,0.00,0.00
2017.10.11 13:20:53.482,12.90432,12.90668,0.00,0.00
2017.10.11 13:20:53.583,12.90448,12.90679,0.00,0.00
2017.10.11 13:20:53.684,12.90448,12.90698,0.00,0.00
2017.10.11 13:20:53.830,12.90478,12.90699,0.00,0.00
2017.10.11 13:20:54.203,12.90528,12.90729,0.00,0.00
2017.10.11 13:20:54.404,12.90482,12.90698,0.00,0.00
2017.10.11 13:20:54.597,12.90521,12.90721,0.00,0.00
2017.10.11 13:20:54.648,12.90502,12.90721,0.00,0.00
2017.10.11 13:20:54.749,12.90519,12.90739,0.00,0.00
2017.10.11 13:20:54.926,12.90508,12.90738,0.00,0.00
2017.10.11 13:20:55.078,12.90508,12.90749,0.00,0.00
2017.10.11 13:20:55.179,12.90492,12.90742,0.00,0.00
2017.10.11 13:20:55.356,12.90528,12.90742,0.00,0.00
2017.10.11 13:20:55.407,12.90528,12.90749,0.00,0.00
2017.10.11 13:20:55.508,12.90508,12.90749,0.00,0.00
2017.10.11 13:20:55.558,12.90508,12.90699,0.00,0.00
2017.10.11 13:20:55.710,12.90431,12.90692,0.00,0.00
2017.10.11 13:20:56.179,12.90432,12.90698,0.00,0.00
2017.10.11 13:20:56.308,12.90439,12.90698,0.00,0.00
2017.10.11 13:20:56.559,12.90431,12.90699,0.00,0.00
2017.10.11 13:20:56.780,12.90438,12.90699,0.00,0.00
2017.10.11 13:20:57.081,12.90432,12.90678,0.00,0.00
2017.10.11 13:20:57.210,12.90432,12.90688,0.00,0.00
2017.10.11 13:20:57.514,12.90432,12.90678,0.00,0.00
2017.10.11 13:20:57.909,12.90432,12.90668,0.00,0.00
2017.10.11 13:20:58.233,12.90449,12.90669,0.00,0.00
2017.10.11 13:20:58.283,12.90428,12.90668,0.00,0.00
2017.10.11 13:20:58.357,12.90428,12.90659,0.00,0.00
2017.10.11 13:20:58.548,12.90431,12.90669,0.00,0.00
2017.10.11 13:20:58.702,12.90449,12.90668,0.00,0.00
2017.10.11 13:20:58.987,12.90431,12.90659,0.00,0.00
2017.10.11 13:20:59.899,12.90431,12.90649,0.00,0.00
2017.10.11 13:21:00.127,12.90528,12.90779,0.00,0.00
2017.10.11 13:21:00.228,12.90528,12.90739,0.00,0.00
2017.10.11 13:21:00.653,12.90528,12.90729,0.00,0.00
2017.10.11 13:21:01.286,12.90528,12.90728,0.00,0.00
2017.10.11 13:21:01.615,12.90479,12.90678,0.00,0.00
2017.10.11 13:21:01.917,12.90469,12.90649,0.00,0.00
2017.10.11 13:21:02.018,12.90428,12.90648,0.00,0.00
2017.10.11 13:21:02.069,12.90428,12.90639,0.00,0.00
2017.10.11 13:21:02.407,12.90438,12.90639,0.00,0.00
2017.10.11 13:21:02.796,12.90449,12.90639,0.00,0.00
2017.10.11 13:21:03.001,12.90428,12.90638,0.00,0.00
2017.10.11 13:21:03.509,12.90429,12.90638,0.00,0.00
2017.10.11 13:21:04.206,12.90428,12.90639,0.00,0.00
2017.10.11 13:21:05.309,12.90428,12.90638,0.00,0.00
2017.10.11 13:21:05.360,12.90428,12.90619,0.00,0.00
2017.10.11 13:21:05.511,12.90391,12.90599,0.00,0.00
2017.10.11 13:21:05.758,12.90429,12.90638,0.00,0.00
2017.10.11 13:21:05.909,12.90428,12.90598,0.00,0.00
2017.10.11 13:21:06.010,12.90392,12.90598,0.00,0.00
2017.10.11 13:21:06.161,12.90429,12.90638,0.00,0.00
2017.10.11 13:21:06.668,12.90429,12.90639,0.00,0.00
2017.10.11 13:21:07.634,12.90429,12.90638,0.00,0.00
2017.10.11 13:21:08.085,12.90429,12.90648,0.00,0.00
2017.10.11 13:21:08.501,12.90528,12.90648,0.00,0.00
2017.10.11 13:21:08.593,12.90528,12.90711,0.00,0.00
2017.10.11 13:21:08.644,12.90519,12.90659,0.00,0.00
2017.10.11 13:21:08.745,12.90448,12.90648,0.00,0.00
2017.10.11 13:21:08.845,12.90431,12.90639,0.00,0.00
2017.10.11 13:21:08.946,12.90431,12.90629,0.00,0.00
2017.10.11 13:21:09.289,12.90431,12.90649,0.00,0.00
2017.10.11 13:21:09.732,12.90432,12.90658,0.00,0.00
2017.10.11 13:21:10.338,12.90431,12.90659,0.00,0.00
2017.10.11 13:21:10.448,12.90432,12.90648,0.00,0.00
2017.10.11 13:21:10.600,12.90438,12.90678,0.00,0.00
2017.10.11 13:21:10.650,12.90452,12.90678,0.00,0.00
2017.10.11 13:21:11.008,12.90438,12.90679,0.00,0.00
2017.10.11 13:21:11.152,12.90432,12.90678,0.00,0.00
2017.10.11 13:21:11.389,12.90451,12.90679,0.00,0.00
2017.10.11 13:21:11.629,12.90448,12.90678,0.00,0.00
2017.10.11 13:21:11.858,12.90442,12.90678,0.00,0.00
2017.10.11 13:21:12.226,12.90452,12.90678,0.00,0.00
2017.10.11 13:21:12.455,12.90449,12.90679,0.00,0.00
2017.10.11 13:21:12.556,12.90441,12.90679,0.00,0.00
2017.10.11 13:21:12.609,12.90462,12.90678,0.00,0.00
2017.10.11 13:21:12.660,12.90441,12.90679,0.00,0.00
2017.10.11 13:21:12.711,12.90441,12.90669,0.00,0.00
2017.10.11 13:21:12.912,12.90428,12.90659,0.00,0.00
2017.10.11 13:21:12.963,12.90428,12.90638,0.00,0.00
2017.10.11 13:21:13.269,12.90428,12.90648,0.00,0.00
2017.10.11 13:21:13.565,12.90428,12.90639,0.00,0.00
2017.10.11 13:21:13.898,12.90428,12.90609,0.00,0.00
2017.10.11 13:21:14.100,12.90428,12.90619,0.00,0.00
2017.10.11 13:21:14.201,12.90421,12.90639,0.00,0.00
2017.10.11 13:21:14.252,12.90429,12.90639,0.00,0.00
2017.10.11 13:21:14.543,12.90429,12.90648,0.00,0.00
2017.10.11 13:21:14.937,12.90422,12.90648,0.00,0.00
2017.10.11 13:21:15.448,12.90421,12.90659,0.00,0.00
2017.10.11 13:21:15.549,12.90439,12.90668,0.00,0.00
2017.10.11 13:21:15.849,12.90432,12.90668,0.00,0.00
2017.10.11 13:21:15.968,12.90422,12.90668,0.00,0.00
2017.10.11 13:21:16.192,12.90431,12.90669,0.00,0.00
2017.10.11 13:21:16.243,12.90438,12.90679,0.00,0.00
2017.10.11 13:21:16.344,12.90449,12.90678,0.00,0.00
2017.10.11 13:21:16.445,12.90441,12.90679,0.00,0.00
2017.10.11 13:21:16.546,12.90432,12.90668,0.00,0.00
2017.10.11 13:21:16.871,12.90431,12.90659,0.00,0.00
2017.10.11 13:21:17.127,12.90439,12.90668,0.00,0.00
2017.10.11 13:21:17.342,12.90431,12.90669,0.00,0.00
2017.10.11 13:21:17.392,12.90421,12.90659,0.00,0.00
2017.10.11 13:21:17.443,12.90422,12.90668,0.00,0.00
2017.10.11 13:21:17.729,12.90421,12.90659,0.00,0.00
2017.10.11 13:21:17.830,12.90422,12.90668,0.00,0.00
2017.10.11 13:21:18.024,12.90432,12.90678,0.00,0.00
2017.10.11 13:21:18.403,12.90438,12.90679,0.00,0.00
2017.10.11 13:21:18.454,12.90431,12.90679,0.00,0.00
2017.10.11 13:21:18.504,12.90442,12.90678,0.00,0.00
2017.10.11 13:21:18.555,12.90432,12.90678,0.00,0.00
2017.10.11 13:21:18.656,12.90461,12.90679,0.00,0.00
2017.10.11 13:21:19.040,12.90492,12.90678,0.00,0.00
2017.10.11 13:21:19.136,12.90469,12.90679,0.00,0.00
2017.10.11 13:21:19.187,12.90449,12.90679,0.00,0.00
2017.10.11 13:21:19.288,12.90442,12.90678,0.00,0.00
2017.10.11 13:21:19.587,12.90431,12.90679,0.00,0.00
2017.10.11 13:21:19.699,12.90462,12.90678,0.00,0.00
2017.10.11 13:21:20.088,12.90448,12.90679,0.00,0.00
2017.10.11 13:21:20.189,12.90431,12.90679,0.00,0.00
2017.10.11 13:21:20.290,12.90421,12.90679,0.00,0.00
2017.10.11 13:21:20.340,12.90432,12.90678,0.00,0.00
2017.10.11 13:21:20.391,12.90421,12.90679,0.00,0.00
2017.10.11 13:21:20.492,12.90439,12.90679,0.00,0.00
2017.10.11 13:21:20.924,12.90439,12.90669,0.00,0.00
2017.10.11 13:21:20.975,12.90421,12.90669,0.00,0.00
2017.10.11 13:21:21.363,12.90422,12.90658,0.00,0.00
2017.10.11 13:21:21.541,12.90421,12.90669,0.00,0.00
2017.10.11 13:21:21.644,12.90421,12.90639,0.00,0.00
2017.10.11 13:21:21.891,12.90421,12.90649,0.00,0.00
2017.10.11 13:21:21.992,12.90421,12.90639,0.00,0.00
2017.10.11 13:21:22.399,12.90438,12.90639,0.00,0.00
2017.10.11 13:21:22.863,12.90421,12.90639,0.00,0.00
2017.10.11 13:21:23.640,12.90422,12.90648,0.00,0.00
2017.10.11 13:21:23.741,12.90422,12.90668,0.00,0.00
2017.10.11 13:21:23.792,12.90438,12.90668,0.00,0.00
2017.10.11 13:21:24.044,12.90448,12.90679,0.00,0.00
2017.10.11 13:21:24.298,12.90442,12.90678,0.00,0.00
2017.10.11 13:21:24.352,12.90451,12.90679,0.00,0.00
2017.10.11 13:21:24.517,12.90441,12.90679,0.00,0.00
2017.10.11 13:21:25.032,12.90432,12.90678,0.00,0.00
2017.10.11 13:21:25.309,12.90441,12.90679,0.00,0.00
2017.10.11 13:21:25.361,12.90432,12.90678,0.00,0.00
2017.10.11 13:21:25.512,12.90442,12.90678,0.00,0.00
2017.10.11 13:21:26.094,12.90431,12.90679,0.00,0.00
2017.10.11 13:21:26.144,12.90431,12.90669,0.00,0.00
2017.10.11 13:21:26.503,12.90432,12.90638,0.00,0.00
2017.10.11 13:21:27.051,12.90431,12.90639,0.00,0.00
2017.10.11 13:21:27.592,12.90432,12.90638,0.00,0.00
2017.10.11 13:21:27.979,12.90431,12.90649,0.00,0.00
2017.10.11 13:21:29.590,12.90431,12.90659,0.00,0.00
2017.10.11 13:21:29.691,12.90439,12.90678,0.00,0.00
2017.10.11 13:21:30.195,12.90431,12.90679,0.00,0.00
2017.10.11 13:21:30.420,12.90439,12.90678,0.00,0.00
2017.10.11 13:21:30.760,12.90521,12.90679,0.00,0.00
2017.10.11 13:21:30.811,12.90522,12.90728,0.00,0.00
2017.10.11 13:21:30.912,12.90528,12.90728,0.00,0.00
2017.10.11 13:21:31.010,12.90528,12.90739,0.00,0.00
2017.10.11 13:21:31.589,12.90522,12.90738,0.00,0.00
2017.10.11 13:21:31.723,12.90522,12.90758,0.00,0.00
2017.10.11 13:21:31.990,12.90529,12.90759,0.00,0.00
2017.10.11 13:21:32.292,12.90521,12.90749,0.00,0.00
2017.10.11 13:21:32.569,12.90521,12.90759,0.00,0.00
2017.10.11 13:21:32.638,12.90529,12.90759,0.00,0.00
2017.10.11 13:21:32.944,12.90521,12.90749,0.00,0.00
2017.10.11 13:21:33.318,12.90522,12.90738,0.00,0.00
2017.10.11 13:21:34.350,12.90521,12.90739,0.00,0.00
2017.10.11 13:21:34.727,12.90522,12.90728,0.00,0.00
2017.10.11 13:21:35.258,12.90521,12.90729,0.00,0.00
2017.10.11 13:21:35.359,12.90521,12.90739,0.00,0.00
2017.10.11 13:21:35.409,12.90528,12.90739,0.00,0.00
2017.10.11 13:21:35.966,12.90528,12.90738,0.00,0.00
2017.10.11 13:21:36.435,12.90528,12.90729,0.00,0.00
2017.10.11 13:21:36.737,12.90422,12.90628,0.00,0.00
2017.10.11 13:21:37.006,12.90421,12.90639,0.00,0.00
2017.10.11 13:21:37.706,12.90428,12.90648,0.00,0.00
2017.10.11 13:21:38.240,12.90421,12.90649,0.00,0.00
2017.10.11 13:21:38.807,12.90422,12.90638,0.00,0.00
2017.10.11 13:21:39.495,12.90422,12.90648,0.00,0.00
2017.10.11 13:21:39.545,12.90492,12.90692,0.00,0.00
2017.10.11 13:21:39.646,12.90522,12.90728,0.00,0.00
2017.10.11 13:21:39.752,12.90521,12.90719,0.00,0.00
2017.10.11 13:21:39.803,12.90522,12.90738,0.00,0.00
2017.10.11 13:21:39.853,12.90521,12.90709,0.00,0.00
2017.10.11 13:21:40.040,12.90522,12.90718,0.00,0.00
2017.10.11 13:21:40.187,12.90521,12.90739,0.00,0.00
2017.10.11 13:21:40.480,12.90521,12.90729,0.00,0.00
2017.10.11 13:21:40.581,12.90519,12.90772,0.00,0.00
2017.10.11 13:21:40.632,12.90521,12.90719,0.00,0.00
2017.10.11 13:21:40.771,12.90521,12.90729,0.00,0.00
2017.10.11 13:21:40.931,12.90521,12.90719,0.00,0.00
2017.10.11 13:21:41.223,12.90482,12.90688,0.00,0.00
2017.10.11 13:21:41.274,12.90432,12.90678,0.00,0.00
2017.10.11 13:21:41.374,12.90491,12.90692,0.00,0.00
2017.10.11 13:21:41.526,12.90461,12.90689,0.00,0.00
2017.10.11 13:21:41.576,12.90481,12.90692,0.00,0.00
2017.10.11 13:21:41.677,12.90481,12.90719,0.00,0.00
2017.10.11 13:21:42.290,12.90522,12.90718,0.00,0.00
2017.10.11 13:21:42.341,12.90518,12.90731,0.00,0.00
2017.10.11 13:21:42.442,12.90518,12.90739,0.00,0.00
2017.10.11 13:21:42.668,12.90521,12.90749,0.00,0.00
2017.10.11 13:21:42.750,12.90521,12.90759,0.00,0.00
2017.10.11 13:21:42.800,12.90518,12.90719,0.00,0.00
2017.10.11 13:21:42.851,12.90491,12.90719,0.00,0.00
2017.10.11 13:21:43.057,12.90481,12.90719,0.00,0.00
2017.10.11 13:21:44.772,12.90469,12.90688,0.00,0.00
2017.10.11 13:21:44.822,12.90461,12.90689,0.00,0.00
2017.10.11 13:21:45.368,12.90462,12.90688,0.00,0.00
2017.10.11 13:21:45.419,12.90481,12.90711,0.00,0.00
2017.10.11 13:21:45.570,12.90481,12.90729,0.00,0.00
2017.10.11 13:21:45.914,12.90521,12.90729,0.00,0.00
2017.10.11 13:21:45.965,12.90521,12.90749,0.00,0.00
2017.10.11 13:21:46.066,12.90521,12.90739,0.00,0.00
2017.10.11 13:21:46.437,12.90522,12.90728,0.00,0.00
2017.10.11 13:21:46.758,12.90522,12.90738,0.00,0.00
2017.10.11 13:21:46.910,12.90521,12.90749,0.00,0.00
2017.10.11 13:21:46.960,12.90521,12.90739,0.00,0.00
2017.10.11 13:21:47.279,12.90481,12.90692,0.00,0.00
2017.10.11 13:21:47.329,12.90481,12.90729,0.00,0.00
2017.10.11 13:21:47.481,12.90522,12.90741,0.00,0.00
2017.10.11 13:21:47.593,12.90521,12.90759,0.00,0.00
2017.10.11 13:21:47.690,12.90519,12.90758,0.00,0.00
2017.10.11 13:21:47.741,12.90521,12.90749,0.00,0.00
2017.10.11 13:21:48.208,12.90521,12.90729,0.00,0.00
2017.10.11 13:21:48.258,12.90512,12.90728,0.00,0.00
2017.10.11 13:21:48.309,12.90498,12.90728,0.00,0.00
2017.10.11 13:21:48.410,12.90492,12.90728,0.00,0.00
2017.10.11 13:21:48.570,12.90481,12.90729,0.00,0.00
2017.10.11 13:21:48.620,12.90481,12.90689,0.00,0.00
2017.10.11 13:21:48.784,12.90491,12.90702,0.00,0.00
2017.10.11 13:21:48.835,12.90491,12.90729,0.00,0.00
2017.10.11 13:21:48.938,12.90488,12.90679,0.00,0.00
2017.10.11 13:21:49.039,12.90431,12.90679,0.00,0.00
2017.10.11 13:21:49.140,12.90432,12.90658,0.00,0.00
2017.10.11 13:21:49.190,12.90432,12.90678,0.00,0.00
2017.10.11 13:21:49.891,12.90431,12.90679,0.00,0.00
2017.10.11 13:21:50.081,12.90431,12.90669,0.00,0.00
2017.10.11 13:21:50.131,12.90431,12.90679,0.00,0.00
2017.10.11 13:21:50.282,12.90438,12.90679,0.00,0.00
2017.10.11 13:21:50.635,12.90431,12.90679,0.00,0.00
2017.10.11 13:21:51.021,12.90522,12.90681,0.00,0.00
2017.10.11 13:21:51.071,12.90521,12.90692,0.00,0.00
2017.10.11 13:21:51.122,12.90521,12.90769,0.00,0.00
2017.10.11 13:21:51.173,12.90528,12.90768,0.00,0.00
2017.10.11 13:21:51.437,12.90522,12.90768,0.00,0.00
2017.10.11 13:21:51.537,12.90529,12.90768,0.00,0.00
2017.10.11 13:21:52.061,12.90529,12.90769,0.00,0.00
2017.10.11 13:21:52.338,12.90521,12.90769,0.00,0.00
2017.10.11 13:21:52.573,12.90531,12.90769,0.00,0.00
2017.10.11 13:21:52.887,12.90532,12.90738,0.00,0.00
2017.10.11 13:21:53.277,12.90521,12.90729,0.00,0.00
2017.10.11 13:21:53.593,12.90521,12.90739,0.00,0.00
2017.10.11 13:21:53.798,12.90521,12.90729,0.00,0.00
2017.10.11 13:21:54.209,12.90521,12.90739,0.00,0.00
2017.10.11 13:21:54.310,12.90521,12.90729,0.00,0.00
2017.10.11 13:21:54.461,12.90529,12.90739,0.00,0.00
2017.10.11 13:21:54.562,12.90529,12.90748,0.00,0.00
2017.10.11 13:21:54.650,12.90522,12.90748,0.00,0.00
2017.10.11 13:21:54.701,12.90521,12.90719,0.00,0.00
2017.10.11 13:21:54.852,12.90468,12.90678,0.00,0.00
2017.10.11 13:21:54.903,12.90461,12.90679,0.00,0.00
2017.10.11 13:21:55.055,12.90481,12.90679,0.00,0.00
2017.10.11 13:21:55.106,12.90492,12.90711,0.00,0.00
2017.10.11 13:21:55.230,12.90498,12.90718,0.00,0.00
2017.10.11 13:21:55.546,12.90491,12.90719,0.00,0.00
2017.10.11 13:21:55.760,12.90489,12.90719,0.00,0.00
2017.10.11 13:21:55.821,12.90489,12.90678,0.00,0.00
2017.10.11 13:21:55.872,12.90481,12.90679,0.00,0.00
2017.10.11 13:21:55.973,12.90461,12.90679,0.00,0.00
2017.10.11 13:21:56.221,12.90521,12.90679,0.00,0.00
2017.10.11 13:21:56.322,12.90521,12.90712,0.00,0.00
2017.10.11 13:21:56.422,12.90528,12.90729,0.00,0.00
2017.10.11 13:21:56.473,12.90528,12.90739,0.00,0.00
2017.10.11 13:21:56.581,12.90521,12.90739,0.00,0.00
2017.10.11 13:21:56.649,12.90528,12.90739,0.00,0.00
2017.10.11 13:21:56.771,12.90528,12.90748,0.00,0.00
2017.10.11 13:21:56.822,12.90528,12.90758,0.00,0.00
2017.10.11 13:21:56.872,12.90539,12.90749,0.00,0.00
2017.10.11 13:21:57.024,12.90519,12.90738,0.00,0.00
2017.10.11 13:21:57.125,12.90488,12.90729,0.00,0.00
2017.10.11 13:21:57.225,12.90481,12.90729,0.00,0.00
2017.10.11 13:21:57.276,12.90469,12.90689,0.00,0.00
2017.10.11 13:21:57.377,12.90491,12.90729,0.00,0.00
2017.10.11 13:21:57.427,12.90522,12.90732,0.00,0.00
2017.10.11 13:21:57.478,12.90528,12.90739,0.00,0.00
2017.10.11 13:21:57.528,12.90528,12.90728,0.00,0.00
2017.10.11 13:21:57.579,12.90521,12.90749,0.00,0.00
2017.10.11 13:21:57.680,12.90538,12.90768,0.00,0.00
2017.10.11 13:21:57.730,12.90538,12.90759,0.00,0.00
2017.10.11 13:21:58.002,12.90522,12.90758,0.00,0.00
2017.10.11 13:21:58.152,12.90539,12.90758,0.00,0.00
2017.10.11 13:21:58.580,12.90521,12.90759,0.00,0.00
2017.10.11 13:21:58.889,12.90522,12.90742,0.00,0.00
2017.10.11 13:21:58.939,12.90518,12.90739,0.00,0.00
2017.10.11 13:21:58.990,12.90511,12.90742,0.00,0.00
2017.10.11 13:21:59.041,12.90521,12.90759,0.00,0.00
2017.10.11 13:21:59.176,12.90499,12.90689,0.00,0.00
2017.10.11 13:21:59.277,12.90481,12.90689,0.00,0.00
2017.10.11 13:21:59.377,12.90491,12.90729,0.00,0.00
2017.10.11 13:21:59.478,12.90508,12.90728,0.00,0.00
2017.10.11 13:21:59.579,12.90498,12.90729,0.00,0.00
2017.10.11 13:21:59.688,12.90481,12.90729,0.00,0.00
2017.10.11 13:21:59.738,12.90481,12.90689,0.00,0.00
2017.10.11 13:21:59.789,12.90462,12.90688,0.00,0.00
2017.10.11 13:22:00.242,12.90449,12.90688,0.00,0.00
2017.10.11 13:22:00.343,12.90481,12.90689,0.00,0.00
2017.10.11 13:22:00.444,12.90442,12.90688,0.00,0.00
2017.10.11 13:22:00.669,12.90432,12.90668,0.00,0.00
2017.10.11 13:22:00.770,12.90431,12.90679,0.00,0.00
2017.10.11 13:22:01.149,12.90431,12.90659,0.00,0.00
2017.10.11 13:22:01.362,12.90431,12.90669,0.00,0.00
2017.10.11 13:22:01.437,12.90432,12.90678,0.00,0.00
2017.10.11 13:22:02.239,12.90431,12.90679,0.00,0.00
2017.10.11 13:22:02.289,12.90439,12.90679,0.00,0.00
2017.10.11 13:22:02.670,12.90432,12.90658,0.00,0.00
2017.10.11 13:22:03.028,12.90431,12.90669,0.00,0.00
2017.10.11 13:22:03.079,12.90438,12.90669,0.00,0.00
2017.10.11 13:22:03.129,12.90438,12.90679,0.00,0.00
2017.10.11 13:22:03.301,12.90441,12.90679,0.00,0.00
2017.10.11 13:22:03.643,12.90431,12.90679,0.00,0.00
2017.10.11 13:22:03.693,12.90449,12.90679,0.00,0.00
2017.10.11 13:22:04.030,12.90458,12.90679,0.00,0.00
2017.10.11 13:22:04.081,12.90432,12.90678,0.00,0.00
2017.10.11 13:22:04.260,12.90431,12.90669,0.00,0.00
2017.10.11 13:22:04.311,12.90431,12.90679,0.00,0.00
2017.10.11 13:22:04.411,12.90449,12.90678,0.00,0.00
2017.10.11 13:22:04.812,12.90458,12.90679,0.00,0.00
2017.10.11 13:22:05.209,12.90442,12.90678,0.00,0.00
2017.10.11 13:22:05.260,12.90431,12.90679,0.00,0.00
2017.10.11 13:22:05.440,12.90441,12.90679,0.00,0.00
2017.10.11 13:22:05.490,12.90431,12.90679,0.00,0.00
2017.10.11 13:22:05.623,12.90461,12.90679,0.00,0.00
2017.10.11 13:22:05.674,12.90431,12.90679,0.00,0.00
2017.10.11 13:22:05.725,12.90458,12.90679,0.00,0.00
2017.10.11 13:22:05.826,12.90432,12.90658,0.00,0.00
2017.10.11 13:22:05.927,12.90431,12.90669,0.00,0.00
2017.10.11 13:22:06.037,12.90431,12.90679,0.00,0.00
2017.10.11 13:22:06.087,12.90448,12.90678,0.00,0.00
2017.10.11 13:22:06.399,12.90451,12.90679,0.00,0.00
2017.10.11 13:22:06.708,12.90492,12.90688,0.00,0.00
2017.10.11 13:22:07.238,12.90452,12.90688,0.00,0.00
2017.10.11 13:22:07.288,12.90468,12.90688,0.00,0.00
2017.10.11 13:22:07.389,12.90442,12.90688,0.00,0.00
2017.10.11 13:22:07.440,12.90431,12.90679,0.00,0.00
2017.10.11 13:22:07.788,12.90448,12.90678,0.00,0.00
2017.10.11 13:22:07.889,12.90432,12.90678,0.00,0.00
2017.10.11 13:22:07.939,12.90468,12.90678,0.00,0.00
2017.10.11 13:22:07.990,12.90521,12.90739,0.00,0.00
2017.10.11 13:22:08.090,12.90529,12.90718,0.00,0.00
2017.10.11 13:22:08.290,12.90522,12.90718,0.00,0.00
2017.10.11 13:22:08.494,12.90528,12.90719,0.00,0.00
2017.10.11 13:22:09.091,12.90522,12.90718,0.00,0.00
2017.10.11 13:22:09.192,12.90529,12.90719,0.00,0.00
2017.10.11 13:22:09.638,12.90529,12.90699,0.00,0.00
2017.10.11 13:22:09.739,12.90522,12.90698,0.00,0.00
2017.10.11 13:22:09.840,12.90521,12.90742,0.00,0.00
2017.10.11 13:22:09.941,12.90529,12.90729,0.00,0.00
2017.10.11 13:22:10.218,12.90521,12.90729,0.00,0.00
2017.10.11 13:22:10.269,12.90531,12.90769,0.00,0.00
2017.10.11 13:22:10.370,12.90531,12.90759,0.00,0.00
2017.10.11 13:22:10.772,12.90531,12.90769,0.00,0.00
2017.10.11 13:22:10.947,12.90519,12.90791,0.00,0.00
2017.10.11 13:22:11.038,12.90532,12.90748,0.00,0.00
2017.10.11 13:22:11.383,12.90531,12.90739,0.00,0.00
2017.10.11 13:22:11.519,12.90531,12.90749,0.00,0.00
2017.10.11 13:22:11.619,12.90531,12.90759,0.00,0.00
2017.10.11 13:22:11.771,12.90532,12.90748,0.00,0.00
2017.10.11 13:22:12.023,12.90521,12.90739,0.00,0.00
2017.10.11 13:22:12.521,12.90528,12.90739,0.00,0.00
2017.10.11 13:22:12.739,12.90528,12.90749,0.00,0.00
2017.10.11 13:22:13.131,12.90521,12.90749,0.00,0.00
2017.10.11 13:22:13.182,12.90522,12.90738,0.00,0.00
2017.10.11 13:22:13.740,12.90521,12.90729,0.00,0.00
2017.10.11 13:22:13.879,12.90521,12.90739,0.00,0.00
2017.10.11 13:22:14.129,12.90521,12.90749,0.00,0.00
2017.10.11 13:22:14.251,12.90521,12.90759,0.00,0.00
2017.10.11 13:22:14.352,12.90528,12.90758,0.00,0.00
2017.10.11 13:22:14.730,12.90522,12.90738,0.00,0.00
2017.10.11 13:22:15.321,12.90528,12.90738,0.00,0.00
2017.10.11 13:22:15.422,12.90521,12.90739,0.00,0.00
2017.10.11 13:22:15.624,12.90528,12.90739,0.00,0.00
2017.10.11 13:22:15.833,12.90521,12.90739,0.00,0.00
2017.10.11 13:22:16.039,12.90532,12.90738,0.00,0.00
2017.10.11 13:22:16.090,12.90532,12.90748,0.00,0.00
2017.10.11 13:22:16.207,12.90531,12.90769,0.00,0.00
2017.10.11 13:22:16.310,12.90531,12.90749,0.00,0.00
2017.10.11 13:22:16.648,12.90528,12.90728,0.00,0.00
2017.10.11 13:22:17.269,12.90528,12.90719,0.00,0.00
2017.10.11 13:22:17.320,12.90521,12.90719,0.00,0.00
2017.10.11 13:22:17.371,12.90521,12.90729,0.00,0.00
2017.10.11 13:22:17.938,12.90522,12.90728,0.00,0.00
2017.10.11 13:22:18.587,12.90521,12.90729,0.00,0.00
2017.10.11 13:22:18.741,12.90538,12.90729,0.00,0.00
2017.10.11 13:22:19.185,12.90538,12.90719,0.00,0.00
2017.10.11 13:22:19.236,12.90522,12.90718,0.00,0.00
2017.10.11 13:22:20.011,12.90521,12.90719,0.00,0.00
2017.10.11 13:22:20.333,12.90521,12.90739,0.00,0.00
2017.10.11 13:22:20.383,12.90518,12.90729,0.00,0.00
2017.10.11 13:22:20.484,12.90518,12.90739,0.00,0.00
2017.10.11 13:22:20.812,12.90518,12.90749,0.00,0.00
2017.10.11 13:22:20.863,12.90521,12.90769,0.00,0.00
2017.10.11 13:22:20.914,12.90532,12.90768,0.00,0.00
2017.10.11 13:22:21.331,12.90538,12.90759,0.00,0.00
2017.10.11 13:22:21.432,12.90528,12.90758,0.00,0.00
2017.10.11 13:22:21.924,12.90521,12.90759,0.00,0.00
2017.10.11 13:22:22.386,12.90521,12.90749,0.00,0.00
2017.10.11 13:22:22.980,12.90522,12.90748,0.00,0.00
2017.10.11 13:22:23.370,12.90522,12.90738,0.00,0.00
2017.10.11 13:22:23.700,12.90522,12.90718,0.00,0.00
2017.10.11 13:22:23.880,12.90522,12.90728,0.00,0.00
2017.10.11 13:22:23.931,12.90521,12.90739,0.00,0.00
2017.10.11 13:22:24.032,12.90538,12.90749,0.00,0.00
2017.10.11 13:22:24.259,12.90521,12.90749,0.00,0.00
2017.10.11 13:22:24.861,12.90539,12.90759,0.00,0.00
2017.10.11 13:22:24.963,12.90539,12.90749,0.00,0.00
2017.10.11 13:22:25.662,12.90521,12.90739,0.00,0.00
2017.10.11 13:22:25.876,12.90522,12.90728,0.00,0.00
2017.10.11 13:22:26.219,12.90521,12.90719,0.00,0.00
2017.10.11 13:22:26.471,12.90468,12.90688,0.00,0.00
2017.10.11 13:22:26.609,12.90441,12.90689,0.00,0.00
2017.10.11 13:22:26.862,12.90432,12.90678,0.00,0.00
2017.10.11 13:22:27.204,12.90431,12.90649,0.00,0.00
2017.10.11 13:22:27.381,12.90431,12.90669,0.00,0.00
2017.10.11 13:22:27.432,12.90432,12.90658,0.00,0.00
2017.10.11 13:22:27.886,12.90539,12.90739,0.00,0.00
2017.10.11 13:22:28.143,12.90521,12.90739,0.00,0.00
2017.10.11 13:22:28.252,12.90538,12.90739,0.00,0.00
2017.10.11 13:22:28.526,12.90521,12.90729,0.00,0.00
2017.10.11 13:22:29.173,12.90522,12.90718,0.00,0.00
2017.10.11 13:22:29.488,12.90518,12.90699,0.00,0.00
2017.10.11 13:22:29.589,12.90491,12.90692,0.00,0.00
2017.10.11 13:22:29.740,12.90492,12.90738,0.00,0.00
2017.10.11 13:22:29.791,12.90508,12.90738,0.00,0.00
2017.10.11 13:22:30.035,12.90461,12.90692,0.00,0.00
2017.10.11 13:22:30.270,12.90521,12.90739,0.00,0.00
2017.10.11 13:22:30.321,12.90522,12.90742,0.00,0.00
2017.10.11 13:22:30.378,12.90538,12.90759,0.00,0.00
2017.10.11 13:22:30.501,12.90538,12.90719,0.00,0.00
2017.10.11 13:22:30.551,12.90522,12.90718,0.00,0.00
2017.10.11 13:22:31.099,12.90521,12.90719,0.00,0.00
2017.10.11 13:22:31.200,12.90518,12.90719,0.00,0.00
2017.10.11 13:22:31.279,12.90499,12.90688,0.00,0.00
2017.10.11 13:22:31.329,12.90469,12.90719,0.00,0.00
2017.10.11 13:22:31.380,12.90461,12.90692,0.00,0.00
2017.10.11 13:22:31.682,12.90478,12.90692,0.00,0.00
2017.10.11 13:22:31.783,12.90462,12.90692,0.00,0.00
2017.10.11 13:22:31.928,12.90469,12.90698,0.00,0.00
2017.10.11 13:22:32.280,12.90539,12.90749,0.00,0.00
2017.10.11 13:22:32.558,12.90521,12.90739,0.00,0.00
2017.10.11 13:22:32.759,12.90538,12.90728,0.00,0.00
2017.10.11 13:22:32.860,12.90521,12.90729,0.00,0.00
2017.10.11 13:22:33.059,12.90528,12.90739,0.00,0.00
2017.10.11 13:22:33.160,12.90528,12.90749,0.00,0.00
2017.10.11 13:22:33.452,12.90538,12.90748,0.00,0.00
2017.10.11 13:22:33.658,12.90521,12.90739,0.00,0.00
2017.10.11 13:22:33.759,12.90521,12.90719,0.00,0.00
2017.10.11 13:22:33.926,12.90522,12.90738,0.00,0.00
2017.10.11 13:22:33.978,12.90522,12.90742,0.00,0.00
2017.10.11 13:22:34.029,12.90522,12.90748,0.00,0.00
2017.10.11 13:22:34.130,12.90532,12.90778,0.00,0.00
2017.10.11 13:22:34.188,12.90531,12.90791,0.00,0.00
2017.10.11 13:22:34.308,12.90531,12.90789,0.00,0.00
2017.10.11 13:22:34.670,12.90531,12.90779,0.00,0.00
2017.10.11 13:22:35.058,12.90531,12.90759,0.00,0.00
2017.10.11 13:22:35.189,12.90531,12.90769,0.00,0.00
2017.10.11 13:22:36.038,12.90532,12.90768,0.00,0.00
2017.10.11 13:22:36.727,12.90531,12.90769,0.00,0.00
2017.10.11 13:22:36.998,12.90531,12.90779,0.00,0.00
2017.10.11 13:22:37.099,12.90539,12.90769,0.00,0.00
2017.10.11 13:22:37.762,12.90531,12.90769,0.00,0.00
2017.10.11 13:22:38.217,12.90532,12.90758,0.00,0.00
2017.10.11 13:22:38.562,12.90532,12.90738,0.00,0.00
2017.10.11 13:22:38.865,12.90538,12.90748,0.00,0.00
2017.10.11 13:22:39.028,12.90538,12.90759,0.00,0.00
2017.10.11 13:22:39.586,12.90539,12.90759,0.00,0.00
2017.10.11 13:22:39.810,12.90539,12.90748,0.00,0.00
2017.10.11 13:22:40.123,12.90531,12.90729,0.00,0.00
2017.10.11 13:22:41.288,12.90532,12.90728,0.00,0.00
2017.10.11 13:22:41.748,12.90531,12.90739,0.00,0.00
2017.10.11 13:22:41.798,12.90539,12.90739,0.00,0.00
2017.10.11 13:22:42.171,12.90531,12.90739,0.00,0.00
2017.10.11 13:22:43.093,12.90531,12.90729,0.00,0.00
2017.10.11 13:22:43.499,12.90531,12.90719,0.00,0.00
2017.10.11 13:22:43.650,12.90531,12.90729,0.00,0.00
2017.10.11 13:22:43.771,12.90539,12.90729,0.00,0.00
2017.10.11 13:22:43.973,12.90531,12.90749,0.00,0.00
2017.10.11 13:22:44.458,12.90532,12.90738,0.00,0.00
2017.10.11 13:22:44.761,12.90498,12.90692,0.00,0.00
2017.10.11 13:22:44.862,12.90521,12.90721,0.00,0.00
2017.10.11 13:22:44.963,12.90521,12.90739,0.00,0.00
2017.10.11 13:22:45.063,12.90528,12.90749,0.00,0.00
2017.10.11 13:22:45.289,12.90528,12.90759,0.00,0.00
2017.10.11 13:22:45.678,12.90521,12.90759,0.00,0.00
2017.10.11 13:22:46.196,12.90539,12.90759,0.00,0.00
2017.10.11 13:22:46.345,12.90539,12.90768,0.00,0.00
2017.10.11 13:22:46.446,12.90521,12.90759,0.00,0.00
2017.10.11 13:22:47.128,12.90522,12.90758,0.00,0.00
2017.10.11 13:22:47.281,12.90538,12.90759,0.00,0.00
2017.10.11 13:22:47.885,12.90538,12.90758,0.00,0.00
2017.10.11 13:22:48.300,12.90522,12.90758,0.00,0.00
2017.10.11 13:22:48.501,12.90539,12.90758,0.00,0.00
2017.10.11 13:22:48.602,12.90539,12.90779,0.00,0.00
2017.10.11 13:22:48.703,12.90539,12.90789,0.00,0.00
2017.10.11 13:22:48.925,12.90539,12.90779,0.00,0.00
2017.10.11 13:22:49.489,12.90541,12.90789,0.00,0.00
2017.10.11 13:22:49.770,12.90539,12.90779,0.00,0.00
2017.10.11 13:22:49.820,12.90531,12.90779,0.00,0.00
2017.10.11 13:22:50.359,12.90542,12.90788,0.00,0.00
2017.10.11 13:22:51.187,12.90541,12.90789,0.00,0.00
2017.10.11 13:22:51.789,12.90551,12.90791,0.00,0.00
2017.10.11 13:22:51.840,12.90521,12.90769,0.00,0.00
2017.10.11 13:22:51.890,12.90521,12.90729,0.00,0.00
2017.10.11 13:22:51.941,12.90521,12.90749,0.00,0.00
2017.10.11 13:22:52.092,12.90521,12.90759,0.00,0.00
2017.10.11 13:22:52.441,12.90522,12.90748,0.00,0.00
2017.10.11 13:22:52.740,12.90522,12.90758,0.00,0.00
2017.10.11 13:22:52.891,12.90521,12.90749,0.00,0.00
2017.10.11 13:22:53.196,12.90522,12.90738,0.00,0.00
2017.10.11 13:22:53.246,12.90521,12.90749,0.00,0.00
2017.10.11 13:22:53.384,12.90521,12.90759,0.00,0.00
2017.10.11 13:22:53.435,12.90528,12.90758,0.00,0.00
2017.10.11 13:22:53.798,12.90528,12.90768,0.00,0.00
2017.10.11 13:22:53.899,12.90522,12.90768,0.00,0.00
2017.10.11 13:22:54.018,12.90529,12.90769,0.00,0.00
2017.10.11 13:22:54.485,12.90522,12.90748,0.00,0.00
2017.10.11 13:22:54.690,12.90521,12.90759,0.00,0.00
2017.10.11 13:22:54.899,12.90521,12.90749,0.00,0.00
2017.10.11 13:22:55.201,12.90621,12.90829,0.00,0.00
2017.10.11 13:22:55.551,12.90621,12.90799,0.00,0.00
2017.10.11 13:22:55.788,12.90591,12.90789,0.00,0.00
2017.10.11 13:22:55.885,12.90588,12.90792,0.00,0.00
2017.10.11 13:22:55.936,12.90581,12.90789,0.00,0.00
2017.10.11 13:22:56.037,12.90561,12.90789,0.00,0.00
2017.10.11 13:22:56.091,12.90621,12.90789,0.00,0.00
2017.10.11 13:22:56.142,12.90581,12.90789,0.00,0.00
2017.10.11 13:22:56.193,12.90582,12.90798,0.00,0.00
2017.10.11 13:22:56.244,12.90608,12.90799,0.00,0.00
2017.10.11 13:22:56.294,12.90608,12.90809,0.00,0.00
2017.10.11 13:22:56.345,12.90589,12.90809,0.00,0.00
2017.10.11 13:22:56.402,12.90581,12.90809,0.00,0.00
2017.10.11 13:22:56.578,12.90581,12.90829,0.00,0.00
2017.10.11 13:22:56.679,12.90618,12.90838,0.00,0.00
2017.10.11 13:22:56.897,12.90621,12.90849,0.00,0.00
2017.10.11 13:22:57.008,12.90629,12.90848,0.00,0.00
2017.10.11 13:22:57.058,12.90629,12.90858,0.00,0.00
2017.10.11 13:22:57.321,12.90621,12.90859,0.00,0.00
2017.10.11 13:22:57.381,12.90621,12.90839,0.00,0.00
2017.10.11 13:22:57.633,12.90622,12.90848,0.00,0.00
2017.10.11 13:22:57.834,12.90629,12.90848,0.00,0.00
2017.10.11 13:22:58.399,12.90629,12.90849,0.00,0.00
2017.10.11 13:22:58.500,12.90629,12.90859,0.00,0.00
2017.10.11 13:22:58.551,12.90622,12.90858,0.00,0.00
2017.10.11 13:22:58.652,12.90638,12.90879,0.00,0.00
2017.10.11 13:22:58.889,12.90638,12.90868,0.00,0.00
2017.10.11 13:22:58.939,12.90629,12.90869,0.00,0.00
2017.10.11 13:22:59.014,12.90621,12.90869,0.00,0.00
2017.10.11 13:22:59.065,12.90631,12.90879,0.00,0.00
2017.10.11 13:22:59.437,12.90638,12.90878,0.00,0.00
2017.10.11 13:22:59.642,12.90632,12.90878,0.00,0.00
2017.10.11 13:22:59.693,12.90621,12.90869,0.00,0.00
2017.10.11 13:22:59.744,12.90638,12.90858,0.00,0.00
2017.10.11 13:22:59.915,12.90622,12.90858,0.00,0.00
2017.10.11 13:22:59.966,12.90621,12.90869,0.00,0.00
2017.10.11 13:23:00.168,12.90622,12.90858,0.00,0.00
2017.10.11 13:23:00.479,12.90621,12.90819,0.00,0.00
2017.10.11 13:23:00.532,12.90622,12.90828,0.00,0.00
2017.10.11 13:23:00.683,12.90622,12.90838,0.00,0.00
2017.10.11 13:23:00.807,12.90621,12.90829,0.00,0.00
2017.10.11 13:23:01.059,12.90621,12.90842,0.00,0.00
2017.10.11 13:23:01.109,12.90622,12.90838,0.00,0.00
2017.10.11 13:23:01.452,12.90599,12.90792,0.00,0.00
2017.10.11 13:23:01.553,12.90581,12.90819,0.00,0.00
2017.10.11 13:23:01.603,12.90621,12.90832,0.00,0.00
2017.10.11 13:23:01.654,12.90621,12.90839,0.00,0.00
2017.10.11 13:23:01.755,12.90638,12.90829,0.00,0.00
2017.10.11 13:23:01.956,12.90588,12.90819,0.00,0.00
2017.10.11 13:23:02.059,12.90581,12.90819,0.00,0.00
2017.10.11 13:23:02.580,12.90559,12.90792,0.00,0.00
2017.10.11 13:23:02.731,12.90522,12.90758,0.00,0.00
2017.10.11 13:23:03.126,12.90522,12.90738,0.00,0.00
2017.10.11 13:23:03.176,12.90522,12.90748,0.00,0.00
2017.10.11 13:23:03.227,12.90522,12.90778,0.00,0.00
2017.10.11 13:23:03.328,12.90538,12.90778,0.00,0.00
2017.10.11 13:23:03.626,12.90521,12.90779,0.00,0.00
2017.10.11 13:23:03.777,12.90522,12.90758,0.00,0.00
2017.10.11 13:23:04.079,12.90598,12.90779,0.00,0.00
2017.10.11 13:23:04.130,12.90559,12.90779,0.00,0.00
2017.10.11 13:23:04.181,12.90581,12.90779,0.00,0.00
2017.10.11 13:23:04.231,12.90548,12.90778,0.00,0.00
2017.10.11 13:23:04.361,12.90521,12.90779,0.00,0.00
2017.10.11 13:23:04.759,12.90582,12.90791,0.00,0.00
2017.10.11 13:23:04.860,12.90581,12.90819,0.00,0.00
2017.10.11 13:23:05.431,12.90621,12.90841,0.00,0.00
2017.10.11 13:23:05.481,12.90631,12.90852,0.00,0.00
2017.10.11 13:23:05.532,12.90691,12.90889,0.00,0.00
2017.10.11 13:23:05.735,12.90628,12.90839,0.00,0.00
2017.10.11 13:23:05.836,12.90621,12.90839,0.00,0.00
2017.10.11 13:23:06.005,12.90691,12.90852,0.00,0.00
2017.10.11 13:23:06.056,12.90691,12.90872,0.00,0.00
2017.10.11 13:23:06.106,12.90721,12.90872,0.00,0.00
2017.10.11 13:23:06.157,12.90721,12.90939,0.00,0.00
2017.10.11 13:23:06.419,12.90708,12.90869,0.00,0.00
2017.10.11 13:23:06.570,12.90622,12.90838,0.00,0.00
2017.10.11 13:23:06.934,12.90629,12.90838,0.00,0.00
2017.10.11 13:23:07.239,12.90622,12.90838,0.00,0.00
2017.10.11 13:23:07.289,12.90661,12.90839,0.00,0.00
2017.10.11 13:23:07.347,12.90622,12.90838,0.00,0.00
2017.10.11 13:23:07.499,12.90628,12.90838,0.00,0.00
2017.10.11 13:23:07.651,12.90622,12.90838,0.00,0.00
2017.10.11 13:23:07.879,12.90639,12.90838,0.00,0.00
2017.10.11 13:23:07.980,12.90628,12.90838,0.00,0.00
2017.10.11 13:23:08.441,12.90621,12.90839,0.00,0.00
2017.10.11 13:23:09.071,12.90622,12.90838,0.00,0.00
2017.10.11 13:23:09.606,12.90621,12.90839,0.00,0.00
2017.10.11 13:23:09.839,12.90629,12.90839,0.00,0.00
2017.10.11 13:23:10.391,12.90629,12.90838,0.00,0.00
2017.10.11 13:23:10.720,12.90638,12.90838,0.00,0.00
2017.10.11 13:23:11.250,12.90598,12.90778,0.00,0.00
2017.10.11 13:23:11.350,12.90528,12.90778,0.00,0.00
2017.10.11 13:23:11.401,12.90528,12.90751,0.00,0.00
2017.10.11 13:23:11.451,12.90522,12.90751,0.00,0.00
2017.10.11 13:23:11.622,12.90621,12.90751,0.00,0.00
2017.10.11 13:23:11.673,12.90621,12.90801,0.00,0.00
2017.10.11 13:23:11.789,12.90629,12.90838,0.00,0.00
2017.10.11 13:23:12.169,12.90621,12.90839,0.00,0.00
2017.10.11 13:23:12.683,12.90628,12.90839,0.00,0.00
2017.10.11 13:23:12.977,12.90621,12.90839,0.00,0.00
2017.10.11 13:23:13.028,12.90599,12.90729,0.00,0.00
2017.10.11 13:23:13.079,12.90521,12.90729,0.00,0.00
2017.10.11 13:23:13.179,12.90521,12.90739,0.00,0.00
2017.10.11 13:23:13.381,12.90528,12.90738,0.00,0.00
2017.10.11 13:23:13.549,12.90522,12.90738,0.00,0.00
2017.10.11 13:23:13.950,12.90521,12.90729,0.00,0.00
2017.10.11 13:23:14.178,12.90499,12.90739,0.00,0.00
2017.10.11 13:23:14.938,12.90499,12.90688,0.00,0.00
2017.10.11 13:23:14.989,12.90492,12.90688,0.00,0.00
2017.10.11 13:23:15.039,12.90562,12.90738,0.00,0.00
2017.10.11 13:23:15.140,12.90522,12.90738,0.00,0.00
2017.10.11 13:23:15.191,12.90539,12.90739,0.00,0.00
2017.10.11 13:23:15.621,12.90532,12.90738,0.00,0.00
2017.10.11 13:23:15.672,12.90548,12.90739,0.00,0.00
2017.10.11 13:23:15.773,12.90581,12.90799,0.00,0.00
2017.10.11 13:23:15.824,12.90621,12.90802,0.00,0.00
2017.10.11 13:23:16.076,12.90591,12.90789,0.00,0.00
2017.10.11 13:23:16.327,12.90588,12.90739,0.00,0.00
2017.10.11 13:23:16.496,12.90561,12.90739,0.00,0.00
2017.10.11 13:23:16.925,12.90538,12.90739,0.00,0.00
2017.10.11 13:23:17.026,12.90582,12.90738,0.00,0.00
2017.10.11 13:23:17.330,12.90559,12.90738,0.00,0.00
2017.10.11 13:23:17.381,12.90532,12.90738,0.00,0.00
2017.10.11 13:23:17.648,12.90582,12.90738,0.00,0.00
2017.10.11 13:23:17.900,12.90548,12.90738,0.00,0.00
2017.10.11 13:23:17.950,12.90561,12.90739,0.00,0.00
2017.10.11 13:23:18.152,12.90558,12.90738,0.00,0.00
2017.10.11 13:23:18.303,12.90532,12.90738,0.00,0.00
2017.10.11 13:23:18.649,12.90521,12.90739,0.00,0.00
2017.10.11 13:23:19.280,12.90521,12.90738,0.00,0.00
2017.10.11 13:23:19.709,12.90533,12.90739,0.00,0.00
2017.10.11 13:23:20.001,12.90522,12.90738,0.00,0.00
2017.10.11 13:23:20.205,12.90523,12.90738,0.00,0.00
2017.10.11 13:23:20.511,12.90529,12.90738,0.00,0.00
2017.10.11 13:23:20.738,12.90522,12.90738,0.00,0.00
2017.10.11 13:23:21.239,12.90521,12.90739,0.00,0.00
2017.10.11 13:23:21.482,12.90536,12.90739,0.00,0.00
2017.10.11 13:23:21.643,12.90536,12.90738,0.00,0.00
2017.10.11 13:23:21.795,12.90522,12.90738,0.00,0.00
2017.10.11 13:23:22.097,12.90509,12.90752,0.00,0.00
2017.10.11 13:23:22.147,12.90516,12.90739,0.00,0.00
2017.10.11 13:23:22.856,12.90522,12.90738,0.00,0.00
2017.10.11 13:23:23.309,12.90528,12.90738,0.00,0.00
2017.10.11 13:23:23.619,12.90521,12.90739,0.00,0.00
2017.10.11 13:23:23.720,12.90528,12.90738,0.00,0.00
2017.10.11 13:23:24.022,12.90522,12.90738,0.00,0.00
2017.10.11 13:23:24.329,12.90538,12.90689,0.00,0.00
2017.10.11 13:23:24.430,12.90491,12.90689,0.00,0.00
2017.10.11 13:23:24.481,12.90471,12.90639,0.00,0.00
2017.10.11 13:23:24.582,12.90481,12.90651,0.00,0.00
2017.10.11 13:23:24.767,12.90438,12.90651,0.00,0.00
2017.10.11 13:23:24.818,12.90428,12.90651,0.00,0.00
2017.10.11 13:23:24.920,12.90421,12.90651,0.00,0.00
2017.10.11 13:23:25.773,12.90422,12.90651,0.00,0.00
2017.10.11 13:23:26.403,12.90461,12.90651,0.00,0.00
2017.10.11 13:23:27.054,12.90462,12.90651,0.00,0.00
2017.10.11 13:23:27.256,12.90521,12.90739,0.00,0.00
2017.10.11 13:23:27.306,12.90529,12.90738,0.00,0.00
2017.10.11 13:23:27.753,12.90529,12.90748,0.00,0.00
2017.10.11 13:23:27.803,12.90529,12.90738,0.00,0.00
2017.10.11 13:23:27.854,12.90522,12.90738,0.00,0.00
2017.10.11 13:23:28.133,12.90519,12.90791,0.00,0.00
2017.10.11 13:23:28.183,12.90521,12.90739,0.00,0.00
2017.10.11 13:23:28.523,12.90529,12.90749,0.00,0.00
2017.10.11 13:23:28.574,12.90529,12.90739,0.00,0.00
2017.10.11 13:23:28.725,12.90422,12.90668,0.00,0.00
2017.10.11 13:23:29.250,12.90421,12.90679,0.00,0.00
2017.10.11 13:23:29.351,12.90438,12.90679,0.00,0.00
2017.10.11 13:23:29.451,12.90422,12.90668,0.00,0.00
2017.10.11 13:23:29.682,12.90461,12.90669,0.00,0.00
2017.10.11 13:23:30.151,12.90461,12.90649,0.00,0.00
2017.10.11 13:23:30.588,12.90461,12.90659,0.00,0.00
2017.10.11 13:23:31.347,12.90462,12.90658,0.00,0.00
2017.10.11 13:23:31.512,12.90461,12.90649,0.00,0.00
2017.10.11 13:23:32.038,12.90492,12.90648,0.00,0.00
2017.10.11 13:23:32.139,12.90482,12.90688,0.00,0.00
2017.10.11 13:23:32.240,12.90468,12.90668,0.00,0.00
2017.10.11 13:23:32.290,12.90468,12.90678,0.00,0.00
2017.10.11 13:23:32.341,12.90462,12.90678,0.00,0.00
2017.10.11 13:23:32.887,12.90461,12.90679,0.00,0.00
2017.10.11 13:23:32.938,12.90461,12.90689,0.00,0.00
2017.10.11 13:23:33.603,12.90482,12.90692,0.00,0.00
2017.10.11 13:23:33.704,12.90501,12.90742,0.00,0.00
2017.10.11 13:23:33.855,12.90528,12.90741,0.00,0.00
2017.10.11 13:23:34.189,12.90488,12.90688,0.00,0.00
2017.10.11 13:23:34.240,12.90462,12.90678,0.00,0.00
2017.10.11 13:23:34.725,12.90512,12.90722,0.00,0.00
2017.10.11 13:23:34.876,12.90519,12.90738,0.00,0.00
2017.10.11 13:23:35.034,12.90511,12.90739,0.00,0.00
2017.10.11 13:23:35.335,12.90518,12.90739,0.00,0.00
2017.10.11 13:23:35.386,12.90518,12.90742,0.00,0.00
2017.10.11 13:23:35.498,12.90518,12.90738,0.00,0.00
2017.10.11 13:23:36.019,12.90518,12.90739,0.00,0.00
2017.10.11 13:23:36.258,12.90462,12.90688,0.00,0.00
2017.10.11 13:23:36.998,12.90461,12.90689,0.00,0.00
2017.10.11 13:23:37.533,12.90519,12.90688,0.00,0.00
2017.10.11 13:23:37.584,12.90541,12.90729,0.00,0.00
2017.10.11 13:23:37.691,12.90542,12.90748,0.00,0.00
2017.10.11 13:23:37.919,12.90542,12.90738,0.00,0.00
2017.10.11 13:23:38.182,12.90592,12.90791,0.00,0.00
2017.10.11 13:23:38.283,12.90559,12.90778,0.00,0.00
2017.10.11 13:23:38.384,12.90568,12.90779,0.00,0.00
2017.10.11 13:23:38.585,12.90552,12.90768,0.00,0.00
2017.10.11 13:23:38.958,12.90558,12.90769,0.00,0.00
2017.10.11 13:23:39.144,12.90558,12.90791,0.00,0.00
2017.10.11 13:23:39.445,12.90538,12.90791,0.00,0.00
2017.10.11 13:23:39.627,12.90551,12.90769,0.00,0.00
2017.10.11 13:23:39.947,12.90551,12.90759,0.00,0.00
2017.10.11 13:23:40.698,12.90551,12.90769,0.00,0.00
2017.10.11 13:23:40.749,12.90551,12.90759,0.00,0.00
2017.10.11 13:23:41.349,12.90552,12.90758,0.00,0.00
2017.10.11 13:23:41.739,12.90552,12.90738,0.00,0.00
2017.10.11 13:23:41.839,12.90549,12.90739,0.00,0.00
2017.10.11 13:23:41.890,12.90528,12.90739,0.00,0.00
2017.10.11 13:23:42.254,12.90529,12.90749,0.00,0.00
2017.10.11 13:23:42.308,12.90542,12.90748,0.00,0.00
2017.10.11 13:23:42.358,12.90542,12.90758,0.00,0.00
2017.10.11 13:23:42.455,12.90559,12.90758,0.00,0.00
2017.10.11 13:23:42.858,12.90559,12.90749,0.00,0.00
2017.10.11 13:23:43.037,12.90559,12.90759,0.00,0.00
2017.10.11 13:23:43.198,12.90541,12.90749,0.00,0.00
2017.10.11 13:23:43.249,12.90541,12.90779,0.00,0.00
2017.10.11 13:23:43.349,12.90542,12.90768,0.00,0.00
2017.10.11 13:23:43.669,12.90558,12.90759,0.00,0.00
2017.10.11 13:23:44.060,12.90541,12.90759,0.00,0.00
2017.10.11 13:23:44.611,12.90541,12.90769,0.00,0.00
2017.10.11 13:23:44.662,12.90558,12.90769,0.00,0.00
2017.10.11 13:23:44.712,12.90558,12.90779,0.00,0.00
2017.10.11 13:23:44.763,12.90558,12.90758,0.00,0.00
2017.10.11 13:23:45.549,12.90558,12.90759,0.00,0.00
2017.10.11 13:23:45.600,12.90558,12.90768,0.00,0.00
2017.10.11 13:23:45.707,12.90558,12.90779,0.00,0.00
2017.10.11 13:23:45.814,12.90559,12.90789,0.00,0.00
2017.10.11 13:23:45.865,12.90559,12.90778,0.00,0.00
2017.10.11 13:23:45.966,12.90542,12.90768,0.00,0.00
2017.10.11 13:23:46.117,12.90541,12.90779,0.00,0.00
2017.10.11 13:23:46.218,12.90542,12.90788,0.00,0.00
2017.10.11 13:23:46.268,12.90559,12.90788,0.00,0.00
2017.10.11 13:23:46.595,12.90559,12.90778,0.00,0.00
2017.10.11 13:23:46.646,12.90559,12.90788,0.00,0.00
2017.10.11 13:23:46.771,12.90541,12.90789,0.00,0.00
2017.10.11 13:23:46.822,12.90542,12.90778,0.00,0.00
2017.10.11 13:23:47.150,12.90559,12.90789,0.00,0.00
2017.10.11 13:23:47.531,12.90559,12.90799,0.00,0.00
2017.10.11 13:23:48.139,12.90558,12.90799,0.00,0.00
2017.10.11 13:23:48.292,12.90558,12.90788,0.00,0.00
2017.10.11 13:23:48.374,12.90548,12.90788,0.00,0.00
2017.10.11 13:23:48.425,12.90548,12.90799,0.00,0.00
2017.10.11 13:23:48.626,12.90548,12.90788,0.00,0.00
2017.10.11 13:23:49.075,12.90549,12.90748,0.00,0.00
2017.10.11 13:23:49.176,12.90528,12.90749,0.00,0.00
2017.10.11 13:23:49.278,12.90548,12.90748,0.00,0.00
2017.10.11 13:23:49.509,12.90548,12.90758,0.00,0.00
2017.10.11 13:23:49.908,12.90528,12.90758,0.00,0.00
2017.10.11 13:23:50.179,12.90528,12.90751,0.00,0.00
2017.10.11 13:23:50.280,12.90478,12.90751,0.00,0.00
2017.10.11 13:23:50.331,12.90409,12.90589,0.00,0.00
2017.10.11 13:23:50.381,12.90371,12.90599,0.00,0.00
2017.10.11 13:23:50.538,12.90371,12.90579,0.00,0.00
2017.10.11 13:23:50.639,12.90372,12.90588,0.00,0.00
2017.10.11 13:23:50.739,12.90371,12.90579,0.00,0.00
2017.10.11 13:23:50.790,12.90361,12.90579,0.00,0.00
2017.10.11 13:23:50.997,12.90361,12.90589,0.00,0.00
2017.10.11 13:23:51.108,12.90368,12.90589,0.00,0.00
2017.10.11 13:23:51.158,12.90368,12.90599,0.00,0.00
2017.10.11 13:23:51.209,12.90362,12.90528,0.00,0.00
2017.10.11 13:23:51.259,12.90361,12.90559,0.00,0.00
2017.10.11 13:23:51.412,12.90361,12.90569,0.00,0.00
2017.10.11 13:23:51.563,12.90361,12.90559,0.00,0.00
2017.10.11 13:23:51.664,12.90361,12.90569,0.00,0.00
2017.10.11 13:23:52.030,12.90361,12.90549,0.00,0.00
2017.10.11 13:23:52.308,12.90279,12.90478,0.00,0.00
2017.10.11 13:23:52.367,12.90262,12.90478,0.00,0.00
2017.10.11 13:23:52.468,12.90301,12.90489,0.00,0.00
2017.10.11 13:23:52.519,12.90299,12.90488,0.00,0.00
2017.10.11 13:23:52.569,12.90299,12.90479,0.00,0.00
2017.10.11 13:23:52.620,12.90261,12.90479,0.00,0.00
2017.10.11 13:23:52.720,12.90262,12.90498,0.00,0.00
2017.10.11 13:23:52.771,12.90262,12.90488,0.00,0.00
2017.10.11 13:23:52.972,12.90269,12.90499,0.00,0.00
2017.10.11 13:23:53.232,12.90268,12.90489,0.00,0.00
2017.10.11 13:23:53.333,12.90261,12.90489,0.00,0.00
2017.10.11 13:23:53.384,12.90262,12.90498,0.00,0.00
2017.10.11 13:23:53.434,12.90268,12.90498,0.00,0.00
2017.10.11 13:23:53.736,12.90261,12.90489,0.00,0.00
2017.10.11 13:23:54.082,12.90262,12.90478,0.00,0.00
2017.10.11 13:23:54.409,12.90338,12.90479,0.00,0.00
2017.10.11 13:23:54.460,12.90338,12.90551,0.00,0.00
2017.10.11 13:23:54.511,12.90358,12.90568,0.00,0.00
2017.10.11 13:23:54.561,12.90358,12.90589,0.00,0.00
2017.10.11 13:23:54.662,12.90358,12.90599,0.00,0.00
2017.10.11 13:23:54.979,12.90358,12.90588,0.00,0.00
2017.10.11 13:23:55.306,12.90428,12.90608,0.00,0.00
2017.10.11 13:23:55.458,12.90389,12.90602,0.00,0.00
2017.10.11 13:23:55.508,12.90419,12.90602,0.00,0.00
2017.10.11 13:23:55.559,12.90419,12.90649,0.00,0.00
2017.10.11 13:23:55.710,12.90438,12.90659,0.00,0.00
2017.10.11 13:23:55.911,12.90438,12.90668,0.00,0.00
2017.10.11 13:23:56.112,12.90448,12.90678,0.00,0.00
2017.10.11 13:23:56.473,12.90448,12.90669,0.00,0.00
2017.10.11 13:23:56.523,12.90429,12.90668,0.00,0.00
2017.10.11 13:23:56.574,12.90429,12.90659,0.00,0.00
2017.10.11 13:23:56.682,12.90429,12.90669,0.00,0.00
2017.10.11 13:23:56.733,12.90458,12.90699,0.00,0.00
2017.10.11 13:23:56.834,12.90452,12.90698,0.00,0.00
2017.10.11 13:23:56.884,12.90462,12.90698,0.00,0.00
2017.10.11 13:23:56.985,12.90451,12.90699,0.00,0.00
2017.10.11 13:23:57.101,12.90451,12.90692,0.00,0.00
2017.10.11 13:23:57.217,12.90442,12.90688,0.00,0.00
2017.10.11 13:23:57.347,12.90461,12.90689,0.00,0.00
2017.10.11 13:23:58.687,12.90462,12.90698,0.00,0.00
2017.10.11 13:23:58.915,12.90462,12.90692,0.00,0.00
2017.10.11 13:23:59.223,12.90472,12.90678,0.00,0.00
2017.10.11 13:23:59.568,12.90472,12.90668,0.00,0.00
2017.10.11 13:23:59.853,12.90471,12.90679,0.00,0.00
2017.10.11 13:24:00.019,12.90471,12.90669,0.00,0.00
2017.10.11 13:24:00.401,12.90471,12.90679,0.00,0.00
2017.10.11 13:24:00.856,12.90472,12.90668,0.00,0.00
2017.10.11 13:24:01.227,12.90472,12.90658,0.00,0.00
2017.10.11 13:24:01.277,12.90461,12.90649,0.00,0.00
2017.10.11 13:24:01.379,12.90462,12.90658,0.00,0.00
2017.10.11 13:24:01.580,12.90461,12.90669,0.00,0.00
2017.10.11 13:24:01.726,12.90461,12.90679,0.00,0.00
2017.10.11 13:24:02.172,12.90461,12.90669,0.00,0.00
2017.10.11 13:24:02.358,12.90461,12.90679,0.00,0.00
2017.10.11 13:24:02.459,12.90462,12.90668,0.00,0.00
2017.10.11 13:24:02.559,12.90461,12.90679,0.00,0.00
2017.10.11 13:24:02.938,12.90461,12.90669,0.00,0.00
2017.10.11 13:24:03.323,12.90461,12.90659,0.00,0.00
2017.10.11 13:24:03.633,12.90462,12.90648,0.00,0.00
2017.10.11 13:24:04.189,12.90461,12.90659,0.00,0.00
2017.10.11 13:24:04.289,12.90461,12.90669,0.00,0.00
2017.10.11 13:24:04.510,12.90462,12.90678,0.00,0.00
2017.10.11 13:24:04.561,12.90511,12.90699,0.00,0.00
2017.10.11 13:24:04.611,12.90512,12.90732,0.00,0.00
2017.10.11 13:24:04.662,12.90512,12.90738,0.00,0.00
2017.10.11 13:24:04.833,12.90512,12.90701,0.00,0.00
2017.10.11 13:24:04.883,12.90512,12.90738,0.00,0.00
2017.10.11 13:24:05.458,12.90511,12.90739,0.00,0.00
2017.10.11 13:24:05.965,12.90512,12.90738,0.00,0.00
2017.10.11 13:24:06.278,12.90512,12.90708,0.00,0.00
2017.10.11 13:24:06.329,12.90462,12.90688,0.00,0.00
2017.10.11 13:24:06.524,12.90462,12.90698,0.00,0.00
2017.10.11 13:24:06.574,12.90469,12.90698,0.00,0.00
2017.10.11 13:24:06.877,12.90528,12.90738,0.00,0.00
2017.10.11 13:24:06.927,12.90518,12.90738,0.00,0.00
2017.10.11 13:24:07.078,12.90512,12.90702,0.00,0.00
2017.10.11 13:24:07.193,12.90511,12.90739,0.00,0.00
2017.10.11 13:24:07.294,12.90551,12.90752,0.00,0.00
2017.10.11 13:24:07.344,12.90551,12.90769,0.00,0.00
2017.10.11 13:24:07.938,12.90552,12.90768,0.00,0.00
2017.10.11 13:24:08.109,12.90551,12.90759,0.00,0.00
2017.10.11 13:24:08.248,12.90488,12.90708,0.00,0.00
2017.10.11 13:24:08.349,12.90512,12.90738,0.00,0.00
2017.10.11 13:24:08.399,12.90489,12.90708,0.00,0.00
2017.10.11 13:24:08.500,12.90471,12.90709,0.00,0.00
2017.10.11 13:24:08.551,12.90471,12.90699,0.00,0.00
2017.10.11 13:24:09.113,12.90471,12.90701,0.00,0.00
2017.10.11 13:24:09.243,12.90471,12.90709,0.00,0.00
2017.10.11 13:24:09.294,12.90471,12.90689,0.00,0.00
2017.10.11 13:24:09.702,12.90472,12.90708,0.00,0.00
2017.10.11 13:24:10.138,12.90472,12.90701,0.00,0.00
2017.10.11 13:24:10.252,12.90472,12.90708,0.00,0.00
2017.10.11 13:24:10.511,12.90472,12.90688,0.00,0.00
2017.10.11 13:24:11.298,12.90471,12.90689,0.00,0.00
2017.10.11 13:24:11.842,12.90472,12.90688,0.00,0.00
2017.10.11 13:24:12.198,12.90471,12.90699,0.00,0.00
2017.10.11 13:24:12.557,12.90471,12.90689,0.00,0.00
2017.10.11 13:24:12.902,12.90471,12.90679,0.00,0.00
2017.10.11 13:24:13.446,12.90472,12.90678,0.00,0.00
2017.10.11 13:24:13.496,12.90461,12.90669,0.00,0.00
2017.10.11 13:24:13.547,12.90461,12.90699,0.00,0.00
2017.10.11 13:24:13.665,12.90462,12.90678,0.00,0.00
2017.10.11 13:24:13.991,12.90538,12.90702,0.00,0.00
2017.10.11 13:24:14.193,12.90538,12.90769,0.00,0.00
2017.10.11 13:24:14.518,12.90538,12.90779,0.00,0.00
2017.10.11 13:24:14.850,12.90538,12.90789,0.00,0.00
2017.10.11 13:24:14.951,12.90542,12.90798,0.00,0.00
2017.10.11 13:24:15.006,12.90561,12.90799,0.00,0.00
2017.10.11 13:24:15.314,12.90572,12.90798,0.00,0.00
2017.10.11 13:24:15.527,12.90562,12.90798,0.00,0.00
2017.10.11 13:24:15.820,12.90561,12.90779,0.00,0.00
2017.10.11 13:24:16.419,12.90539,12.90812,0.00,0.00
2017.10.11 13:24:17.190,12.90561,12.90789,0.00,0.00
2017.10.11 13:24:17.868,12.90562,12.90798,0.00,0.00
2017.10.11 13:24:18.586,12.90561,12.90799,0.00,0.00
2017.10.11 13:24:19.079,12.90562,12.90788,0.00,0.00
2017.10.11 13:24:19.613,12.90561,12.90789,0.00,0.00
2017.10.11 13:24:19.769,12.90561,12.90799,0.00,0.00
2017.10.11 13:24:19.879,12.90562,12.90778,0.00,0.00
2017.10.11 13:24:19.980,12.90561,12.90799,0.00,0.00
2017.10.11 13:24:20.467,12.90518,12.90688,0.00,0.00
2017.10.11 13:24:20.518,12.90521,12.90739,0.00,0.00
2017.10.11 13:24:20.570,12.90512,12.90688,0.00,0.00
2017.10.11 13:24:20.621,12.90491,12.90699,0.00,0.00
2017.10.11 13:24:20.722,12.90461,12.90689,0.00,0.00
2017.10.11 13:24:20.772,12.90502,12.90688,0.00,0.00
2017.10.11 13:24:20.823,12.90522,12.90731,0.00,0.00
2017.10.11 13:24:20.874,12.90539,12.90761,0.00,0.00
2017.10.11 13:24:21.089,12.90539,12.90778,0.00,0.00
2017.10.11 13:24:21.294,12.90539,12.90788,0.00,0.00
2017.10.11 13:24:21.345,12.90539,12.90779,0.00,0.00
2017.10.11 13:24:21.526,12.90539,12.90789,0.00,0.00
2017.10.11 13:24:21.576,12.90548,12.90789,0.00,0.00
2017.10.11 13:24:22.380,12.90539,12.90789,0.00,0.00
2017.10.11 13:24:22.445,12.90539,12.90779,0.00,0.00
2017.10.11 13:24:22.827,12.90539,12.90749,0.00,0.00
2017.10.11 13:24:23.225,12.90539,12.90738,0.00,0.00
2017.10.11 13:24:23.277,12.90539,12.90748,0.00,0.00
2017.10.11 13:24:23.468,12.90539,12.90758,0.00,0.00
2017.10.11 13:24:23.759,12.90539,12.90769,0.00,0.00
2017.10.11 13:24:23.810,12.90539,12.90788,0.00,0.00
2017.10.11 13:24:26.150,12.90539,12.90678,0.00,0.00
2017.10.11 13:24:26.201,12.90528,12.90719,0.00,0.00
2017.10.11 13:24:26.336,12.90528,12.90759,0.00,0.00
2017.10.11 13:24:26.386,12.90538,12.90768,0.00,0.00
2017.10.11 13:24:26.608,12.90501,12.90739,0.00,0.00
2017.10.11 13:24:26.709,12.90539,12.90769,0.00,0.00
2017.10.11 13:24:26.810,12.90539,12.90779,0.00,0.00
2017.10.11 13:24:26.945,12.90539,12.90759,0.00,0.00
2017.10.11 13:24:27.549,12.90539,12.90738,0.00,0.00
2017.10.11 13:24:27.824,12.90539,12.90749,0.00,0.00
2017.10.11 13:24:28.174,12.90539,12.90739,0.00,0.00
2017.10.11 13:24:28.800,12.90539,12.90748,0.00,0.00
2017.10.11 13:24:28.851,12.90539,12.90759,0.00,0.00
2017.10.11 13:24:29.498,12.90548,12.90759,0.00,0.00
2017.10.11 13:24:29.599,12.90548,12.90768,0.00,0.00
2017.10.11 13:24:29.799,12.90539,12.90768,0.00,0.00
2017.10.11 13:24:30.527,12.90539,12.90769,0.00,0.00
2017.10.11 13:24:31.077,12.90542,12.90788,0.00,0.00
2017.10.11 13:24:31.127,12.90539,12.90768,0.00,0.00
2017.10.11 13:24:31.518,12.90539,12.90759,0.00,0.00
2017.10.11 13:24:32.070,12.90539,12.90748,0.00,0.00
2017.10.11 13:24:32.699,12.90539,12.90769,0.00,0.00
2017.10.11 13:24:32.800,12.90539,12.90759,0.00,0.00
2017.10.11 13:24:33.278,12.90539,12.90748,0.00,0.00
2017.10.11 13:24:33.427,12.90539,12.90759,0.00,0.00
2017.10.11 13:24:34.307,12.90539,12.90769,0.00,0.00
2017.10.11 13:24:34.539,12.90539,12.90758,0.00,0.00
2017.10.11 13:24:35.043,12.90539,12.90759,0.00,0.00
2017.10.11 13:24:35.676,12.90539,12.90769,0.00,0.00
2017.10.11 13:24:36.558,12.90539,12.90768,0.00,0.00
2017.10.11 13:24:36.783,12.90539,12.90758,0.00,0.00
2017.10.11 13:24:37.124,12.90539,12.90748,0.00,0.00
2017.10.11 13:24:37.225,12.90539,12.90769,0.00,0.00
2017.10.11 13:24:37.276,12.90539,12.90748,0.00,0.00
2017.10.11 13:24:37.326,12.90539,12.90768,0.00,0.00
2017.10.11 13:24:37.377,12.90539,12.90749,0.00,0.00
2017.10.11 13:24:37.578,12.90549,12.90769,0.00,0.00
2017.10.11 13:24:37.915,12.90549,12.90758,0.00,0.00
2017.10.11 13:24:38.016,12.90549,12.90769,0.00,0.00
2017.10.11 13:24:38.268,12.90549,12.90759,0.00,0.00
2017.10.11 13:24:38.769,12.90549,12.90758,0.00,0.00
2017.10.11 13:24:39.187,12.90549,12.90768,0.00,0.00
2017.10.11 13:24:39.504,12.90549,12.90779,0.00,0.00
2017.10.11 13:24:39.605,12.90549,12.90768,0.00,0.00
2017.10.11 13:24:39.912,12.90549,12.90759,0.00,0.00
2017.10.11 13:24:40.200,12.90549,12.90768,0.00,0.00
2017.10.11 13:24:40.723,12.90549,12.90769,0.00,0.00
2017.10.11 13:24:40.774,12.90549,12.90778,0.00,0.00
2017.10.11 13:24:40.892,12.90549,12.90768,0.00,0.00
2017.10.11 13:24:41.219,12.90549,12.90759,0.00,0.00
2017.10.11 13:24:41.920,12.90549,12.90758,0.00,0.00
2017.10.11 13:24:42.334,12.90549,12.90768,0.00,0.00
2017.10.11 13:24:42.435,12.90549,12.90759,0.00,0.00
2017.10.11 13:24:43.119,12.90549,12.90758,0.00,0.00
2017.10.11 13:24:43.188,12.90549,12.90769,0.00,0.00
2017.10.11 13:24:43.499,12.90549,12.90749,0.00,0.00
2017.10.11 13:24:43.802,12.90549,12.90738,0.00,0.00
2017.10.11 13:24:44.109,12.90549,12.90729,0.00,0.00
2017.10.11 13:24:45.227,12.90549,12.90728,0.00,0.00
2017.10.11 13:24:45.384,12.90499,12.90679,0.00,0.00
2017.10.11 13:24:45.485,12.90452,12.90688,0.00,0.00
2017.10.11 13:24:46.042,12.90522,12.90708,0.00,0.00
2017.10.11 13:24:46.093,12.90521,12.90732,0.00,0.00
2017.10.11 13:24:46.194,12.90548,12.90732,0.00,0.00
2017.10.11 13:24:46.245,12.90548,12.90758,0.00,0.00
2017.10.11 13:24:46.439,12.90548,12.90769,0.00,0.00
2017.10.11 13:24:46.991,12.90548,12.90759,0.00,0.00
2017.10.11 13:24:47.749,12.90548,12.90749,0.00,0.00
2017.10.11 13:24:49.668,12.90548,12.90748,0.00,0.00
2017.10.11 13:24:49.870,12.90451,12.90689,0.00,0.00
2017.10.11 13:24:50.518,12.90452,12.90688,0.00,0.00
2017.10.11 13:24:51.144,12.90451,12.90689,0.00,0.00
2017.10.11 13:24:51.195,12.90449,12.90668,0.00,0.00
2017.10.11 13:24:51.453,12.90449,12.90679,0.00,0.00
2017.10.11 13:24:51.504,12.90449,12.90668,0.00,0.00
2017.10.11 13:24:52.225,12.90449,12.90669,0.00,0.00
2017.10.11 13:24:52.556,12.90449,12.90658,0.00,0.00
2017.10.11 13:24:52.607,12.90449,12.90669,0.00,0.00
2017.10.11 13:24:53.419,12.90449,12.90668,0.00,0.00
2017.10.11 13:24:53.728,12.90449,12.90679,0.00,0.00
2017.10.11 13:24:53.958,12.90449,12.90689,0.00,0.00
2017.10.11 13:24:54.118,12.90449,12.90679,0.00,0.00
2017.10.11 13:24:54.760,12.90449,12.90688,0.00,0.00
2017.10.11 13:24:54.861,12.90449,12.90678,0.00,0.00
2017.10.11 13:24:55.407,12.90449,12.90679,0.00,0.00
2017.10.11 13:24:55.938,12.90449,12.90669,0.00,0.00
2017.10.11 13:24:56.076,12.90449,12.90679,0.00,0.00
2017.10.11 13:24:56.799,12.90449,12.90678,0.00,0.00
2017.10.11 13:24:57.583,12.90449,12.90679,0.00,0.00
2017.10.11 13:24:58.222,12.90449,12.90669,0.00,0.00
2017.10.11 13:24:58.897,12.90449,12.90608,0.00,0.00
2017.10.11 13:24:58.948,12.90429,12.90672,0.00,0.00
2017.10.11 13:24:59.047,12.90429,12.90589,0.00,0.00
2017.10.11 13:24:59.097,12.90362,12.90588,0.00,0.00
2017.10.11 13:24:59.318,12.90351,12.90589,0.00,0.00
2017.10.11 13:24:59.819,12.90352,12.90588,0.00,0.00
2017.10.11 13:25:00.288,12.90352,12.90578,0.00,0.00
2017.10.11 13:25:00.590,12.90351,12.90559,0.00,0.00
2017.10.11 13:25:00.641,12.90328,12.90568,0.00,0.00
2017.10.11 13:25:00.691,12.90328,12.90559,0.00,0.00
2017.10.11 13:25:01.014,12.90349,12.90558,0.00,0.00
2017.10.11 13:25:01.065,12.90338,12.90558,0.00,0.00
2017.10.11 13:25:01.216,12.90298,12.90548,0.00,0.00
2017.10.11 13:25:01.381,12.90298,12.90509,0.00,0.00
2017.10.11 13:25:01.580,12.90252,12.90498,0.00,0.00
2017.10.11 13:25:01.979,12.90269,12.90499,0.00,0.00
2017.10.11 13:25:02.282,12.90251,12.90489,0.00,0.00
2017.10.11 13:25:02.332,12.90301,12.90519,0.00,0.00
2017.10.11 13:25:02.484,12.90348,12.90568,0.00,0.00
2017.10.11 13:25:02.658,12.90348,12.90578,0.00,0.00
2017.10.11 13:25:02.809,12.90348,12.90569,0.00,0.00
2017.10.11 13:25:03.399,12.90348,12.90568,0.00,0.00
2017.10.11 13:25:03.450,12.90348,12.90579,0.00,0.00
2017.10.11 13:25:03.551,12.90348,12.90569,0.00,0.00
2017.10.11 13:25:03.853,12.90348,12.90589,0.00,0.00
2017.10.11 13:25:04.004,12.90348,12.90578,0.00,0.00
2017.10.11 13:25:04.341,12.90348,12.90569,0.00,0.00
2017.10.11 13:25:04.675,12.90348,12.90559,0.00,0.00
2017.10.11 13:25:04.813,12.90348,12.90569,0.00,0.00
2017.10.11 13:25:05.029,12.90348,12.90578,0.00,0.00
2017.10.11 13:25:05.599,12.90348,12.90579,0.00,0.00
2017.10.11 13:25:05.700,12.90348,12.90558,0.00,0.00
2017.10.11 13:25:05.801,12.90348,12.90568,0.00,0.00
2017.10.11 13:25:05.852,12.90348,12.90579,0.00,0.00
2017.10.11 13:25:05.953,12.90348,12.90589,0.00,0.00
2017.10.11 13:25:06.003,12.90348,12.90569,0.00,0.00
2017.10.11 13:25:06.104,12.90348,12.90579,0.00,0.00
2017.10.11 13:25:06.155,12.90348,12.90589,0.00,0.00
2017.10.11 13:25:06.702,12.90349,12.90589,0.00,0.00
2017.10.11 13:25:07.216,12.90348,12.90589,0.00,0.00
2017.10.11 13:25:07.326,12.90352,12.90588,0.00,0.00
2017.10.11 13:25:07.836,12.90351,12.90589,0.00,0.00
2017.10.11 13:25:08.416,12.90348,12.90589,0.00,0.00
2017.10.11 13:25:09.207,12.90348,12.90579,0.00,0.00
2017.10.11 13:25:09.916,12.90348,12.90578,0.00,0.00
2017.10.11 13:25:11.225,12.90348,12.90579,0.00,0.00
2017.10.11 13:25:11.325,12.90348,12.90588,0.00,0.00
2017.10.11 13:25:11.906,12.90348,12.90589,0.00,0.00
2017.10.11 13:25:12.648,12.90348,12.90588,0.00,0.00
2017.10.11 13:25:13.195,12.90349,12.90589,0.00,0.00
2017.10.11 13:25:13.370,12.90349,12.90579,0.00,0.00
2017.10.11 13:25:13.690,12.90348,12.90569,0.00,0.00
2017.10.11 13:25:14.031,12.90349,12.90578,0.00,0.00
2017.10.11 13:25:14.132,12.90349,12.90589,0.00,0.00
2017.10.11 13:25:14.350,12.90351,12.90589,0.00,0.00
2017.10.11 13:25:14.680,12.90349,12.90589,0.00,0.00
2017.10.11 13:25:14.730,12.90359,12.90589,0.00,0.00
2017.10.11 13:25:14.831,12.90348,12.90588,0.00,0.00
2017.10.11 13:25:15.488,12.90348,12.90579,0.00,0.00
2017.10.11 13:25:15.800,12.90348,12.90568,0.00,0.00
2017.10.11 13:25:16.406,12.90348,12.90569,0.00,0.00
2017.10.11 13:25:16.760,12.90348,12.90578,0.00,0.00
2017.10.11 13:25:17.287,12.90348,12.90579,0.00,0.00
2017.10.11 13:25:17.476,12.90349,12.90589,0.00,0.00
2017.10.11 13:25:17.577,12.90361,12.90589,0.00,0.00
2017.10.11 13:25:18.030,12.90351,12.90589,0.00,0.00
2017.10.11 13:25:18.592,12.90352,12.90588,0.00,0.00
2017.10.11 13:25:19.250,12.90351,12.90589,0.00,0.00
2017.10.11 13:25:19.928,12.90361,12.90589,0.00,0.00
2017.10.11 13:25:20.959,12.90362,12.90588,0.00,0.00
2017.10.11 13:25:21.164,12.90399,12.90631,0.00,0.00
2017.10.11 13:25:21.302,12.90418,12.90669,0.00,0.00
2017.10.11 13:25:21.353,12.90408,12.90639,0.00,0.00
2017.10.11 13:25:21.454,12.90398,12.90639,0.00,0.00
2017.10.11 13:25:23.318,12.90398,12.90609,0.00,0.00
2017.10.11 13:25:23.521,12.90352,12.90578,0.00,0.00
2017.10.11 13:25:23.871,12.90351,12.90589,0.00,0.00
2017.10.11 13:25:24.123,12.90358,12.90589,0.00,0.00
2017.10.11 13:25:24.223,12.90351,12.90589,0.00,0.00
2017.10.11 13:25:24.324,12.90359,12.90589,0.00,0.00
2017.10.11 13:25:24.426,12.90351,12.90589,0.00,0.00
2017.10.11 13:25:25.957,12.90352,12.90588,0.00,0.00
2017.10.11 13:25:26.785,12.90361,12.90589,0.00,0.00
2017.10.11 13:25:27.406,12.90359,12.90588,0.00,0.00
2017.10.11 13:25:27.531,12.90352,12.90588,0.00,0.00
2017.10.11 13:25:28.012,12.90351,12.90569,0.00,0.00
2017.10.11 13:25:28.325,12.90351,12.90579,0.00,0.00
2017.10.11 13:25:28.433,12.90359,12.90579,0.00,0.00
2017.10.11 13:25:28.777,12.90351,12.90569,0.00,0.00
2017.10.11 13:25:29.208,12.90352,12.90558,0.00,0.00
2017.10.11 13:25:29.538,12.90352,12.90548,0.00,0.00
2017.10.11 13:25:30.016,12.90352,12.90568,0.00,0.00
2017.10.11 13:25:30.117,12.90351,12.90589,0.00,0.00
2017.10.11 13:25:30.319,12.90361,12.90589,0.00,0.00
2017.10.11 13:25:30.955,12.90352,12.90588,0.00,0.00
2017.10.11 13:25:31.569,12.90361,12.90601,0.00,0.00
2017.10.11 13:25:31.643,12.90361,12.90609,0.00,0.00
2017.10.11 13:25:31.693,12.90361,12.90599,0.00,0.00
2017.10.11 13:25:32.144,12.90372,12.90588,0.00,0.00
2017.10.11 13:25:32.695,12.90361,12.90589,0.00,0.00
2017.10.11 13:25:33.288,12.90362,12.90588,0.00,0.00
2017.10.11 13:25:34.030,12.90361,12.90589,0.00,0.00
2017.10.11 13:25:35.288,12.90371,12.90589,0.00,0.00
2017.10.11 13:25:35.469,12.90361,12.90589,0.00,0.00
2017.10.11 13:25:36.912,12.90371,12.90589,0.00,0.00
2017.10.11 13:25:37.149,12.90362,12.90588,0.00,0.00
2017.10.11 13:25:37.199,12.90368,12.90588,0.00,0.00
2017.10.11 13:25:37.387,12.90361,12.90589,0.00,0.00
2017.10.11 13:25:37.488,12.90351,12.90589,0.00,0.00
2017.10.11 13:25:38.048,12.90352,12.90588,0.00,0.00
2017.10.11 13:25:38.553,12.90351,12.90589,0.00,0.00
2017.10.11 13:25:38.705,12.90368,12.90589,0.00,0.00
2017.10.11 13:25:39.356,12.90368,12.90588,0.00,0.00
2017.10.11 13:25:39.579,12.90362,12.90588,0.00,0.00
2017.10.11 13:25:40.516,12.90361,12.90589,0.00,0.00
2017.10.11 13:25:40.571,12.90368,12.90589,0.00,0.00
2017.10.11 13:25:40.899,12.90371,12.90609,0.00,0.00
2017.10.11 13:25:40.949,12.90378,12.90598,0.00,0.00
2017.10.11 13:25:41.321,12.90389,12.90598,0.00,0.00
2017.10.11 13:25:41.422,12.90361,12.90599,0.00,0.00
2017.10.11 13:25:41.961,12.90351,12.90599,0.00,0.00
2017.10.11 13:25:42.511,12.90352,12.90598,0.00,0.00
2017.10.11 13:25:42.776,12.90352,12.90588,0.00,0.00
2017.10.11 13:25:43.095,12.90371,12.90599,0.00,0.00
2017.10.11 13:25:43.597,12.90432,12.90638,0.00,0.00
2017.10.11 13:25:43.673,12.90431,12.90651,0.00,0.00
2017.10.11 13:25:43.724,12.90378,12.90609,0.00,0.00
2017.10.11 13:25:43.774,12.90378,12.90598,0.00,0.00
2017.10.11 13:25:43.825,12.90351,12.90599,0.00,0.00
2017.10.11 13:25:44.107,12.90361,12.90599,0.00,0.00
2017.10.11 13:25:44.309,12.90418,12.90669,0.00,0.00
2017.10.11 13:25:44.359,12.90418,12.90638,0.00,0.00
2017.10.11 13:25:44.410,12.90399,12.90638,0.00,0.00
2017.10.11 13:25:44.516,12.90418,12.90638,0.00,0.00
2017.10.11 13:25:45.214,12.90418,12.90639,0.00,0.00
2017.10.11 13:25:45.488,12.90399,12.90639,0.00,0.00
2017.10.11 13:25:45.645,12.90399,12.90609,0.00,0.00
2017.10.11 13:25:45.697,12.90378,12.90599,0.00,0.00
2017.10.11 13:25:45.798,12.90351,12.90589,0.00,0.00
2017.10.11 13:25:46.444,12.90391,12.90622,0.00,0.00
2017.10.11 13:25:46.818,12.90448,12.90678,0.00,0.00
2017.10.11 13:25:46.919,12.90448,12.90688,0.00,0.00
2017.10.11 13:25:47.528,12.90448,12.90689,0.00,0.00
2017.10.11 13:25:47.768,12.90449,12.90678,0.00,0.00
2017.10.11 13:25:48.188,12.90448,12.90669,0.00,0.00
2017.10.11 13:25:49.165,12.90448,12.90668,0.00,0.00
2017.10.11 13:25:50.073,12.90448,12.90679,0.00,0.00
2017.10.11 13:25:50.224,12.90449,12.90689,0.00,0.00
2017.10.11 13:25:50.827,12.90448,12.90688,0.00,0.00
2017.10.11 13:25:51.043,12.90448,12.90699,0.00,0.00
2017.10.11 13:25:51.093,12.90448,12.90689,0.00,0.00
2017.10.11 13:25:51.429,12.90448,12.90678,0.00,0.00
2017.10.11 13:25:51.924,12.90448,12.90688,0.00,0.00
2017.10.11 13:25:51.975,12.90532,12.90698,0.00,0.00
2017.10.11 13:25:52.025,12.90531,12.90769,0.00,0.00
2017.10.11 13:25:52.126,12.90549,12.90768,0.00,0.00
2017.10.11 13:25:52.256,12.90538,12.90769,0.00,0.00
2017.10.11 13:25:52.307,12.90538,12.90758,0.00,0.00
2017.10.11 13:25:52.357,12.90522,12.90768,0.00,0.00
2017.10.11 13:25:52.408,12.90548,12.90768,0.00,0.00
2017.10.11 13:25:52.458,12.90548,12.90779,0.00,0.00
2017.10.11 13:25:53.097,12.90548,12.90769,0.00,0.00
2017.10.11 13:25:53.207,12.90548,12.90778,0.00,0.00
2017.10.11 13:25:53.518,12.90548,12.90788,0.00,0.00
2017.10.11 13:25:53.569,12.90548,12.90779,0.00,0.00
2017.10.11 13:25:54.258,12.90548,12.90769,0.00,0.00
2017.10.11 13:25:55.456,12.90548,12.90759,0.00,0.00
2017.10.11 13:25:55.657,12.90458,12.90699,0.00,0.00
2017.10.11 13:25:55.758,12.90448,12.90689,0.00,0.00
2017.10.11 13:25:56.074,12.90548,12.90729,0.00,0.00
2017.10.11 13:25:56.291,12.90548,12.90738,0.00,0.00
2017.10.11 13:25:56.392,12.90499,12.90738,0.00,0.00
2017.10.11 13:25:56.594,12.90499,12.90728,0.00,0.00
2017.10.11 13:25:56.917,12.90508,12.90669,0.00,0.00
2017.10.11 13:25:56.967,12.90461,12.90722,0.00,0.00
2017.10.11 13:25:57.018,12.90449,12.90689,0.00,0.00
2017.10.11 13:25:57.530,12.90448,12.90689,0.00,0.00
2017.10.11 13:25:57.857,12.90448,12.90679,0.00,0.00
2017.10.11 13:25:59.165,12.90448,12.90688,0.00,0.00
2017.10.11 13:25:59.266,12.90458,12.90689,0.00,0.00
2017.10.11 13:25:59.565,12.90458,12.90698,0.00,0.00
2017.10.11 13:25:59.666,12.90468,12.90698,0.00,0.00
2017.10.11 13:26:00.037,12.90448,12.90649,0.00,0.00
2017.10.11 13:26:00.138,12.90448,12.90669,0.00,0.00
2017.10.11 13:26:00.302,12.90448,12.90659,0.00,0.00
2017.10.11 13:26:00.607,12.90431,12.90659,0.00,0.00
2017.10.11 13:26:00.658,12.90428,12.90599,0.00,0.00
2017.10.11 13:26:00.759,12.90361,12.90599,0.00,0.00
2017.10.11 13:26:01.107,12.90351,12.90599,0.00,0.00
2017.10.11 13:26:01.903,12.90352,12.90598,0.00,0.00
2017.10.11 13:26:02.042,12.90359,12.90598,0.00,0.00
2017.10.11 13:26:02.244,12.90351,12.90599,0.00,0.00
2017.10.11 13:26:02.665,12.90359,12.90599,0.00,0.00
2017.10.11 13:26:02.746,12.90351,12.90599,0.00,0.00
2017.10.11 13:26:02.897,12.90352,12.90608,0.00,0.00
2017.10.11 13:26:03.047,12.90368,12.90608,0.00,0.00
2017.10.11 13:26:03.348,12.90361,12.90599,0.00,0.00
2017.10.11 13:26:03.603,12.90358,12.90598,0.00,0.00
2017.10.11 13:26:03.704,12.90348,12.90599,0.00,0.00
2017.10.11 13:26:04.922,12.90351,12.90609,0.00,0.00
2017.10.11 13:26:04.973,12.90368,12.90599,0.00,0.00
2017.10.11 13:26:05.305,12.90348,12.90598,0.00,0.00
2017.10.11 13:26:05.356,12.90348,12.90589,0.00,0.00
2017.10.11 13:26:05.771,12.90348,12.90568,0.00,0.00
2017.10.11 13:26:06.341,12.90321,12.90569,0.00,0.00
2017.10.11 13:26:06.392,12.90321,12.90559,0.00,0.00
2017.10.11 13:26:06.694,12.90249,12.90479,0.00,0.00
2017.10.11 13:26:07.016,12.90258,12.90459,0.00,0.00
2017.10.11 13:26:07.266,12.90249,12.90459,0.00,0.00
2017.10.11 13:26:07.520,12.90249,12.90468,0.00,0.00
2017.10.11 13:26:07.570,12.90249,12.90479,0.00,0.00
2017.10.11 13:26:07.667,12.90269,12.90479,0.00,0.00
2017.10.11 13:26:07.767,12.90249,12.90479,0.00,0.00
2017.10.11 13:26:08.615,12.90249,12.90489,0.00,0.00
2017.10.11 13:26:08.669,12.90268,12.90489,0.00,0.00
2017.10.11 13:26:09.011,12.90298,12.90528,0.00,0.00
2017.10.11 13:26:09.062,12.90298,12.90539,0.00,0.00
2017.10.11 13:26:09.113,12.90319,12.90539,0.00,0.00
2017.10.11 13:26:09.576,12.90308,12.90539,0.00,0.00
2017.10.11 13:26:09.627,12.90308,12.90499,0.00,0.00
2017.10.11 13:26:09.678,12.90248,12.90498,0.00,0.00
2017.10.11 13:26:09.972,12.90258,12.90498,0.00,0.00
2017.10.11 13:26:10.307,12.90349,12.90578,0.00,0.00
2017.10.11 13:26:10.647,12.90358,12.90569,0.00,0.00
2017.10.11 13:26:11.355,12.90358,12.90578,0.00,0.00
2017.10.11 13:26:11.941,12.90349,12.90578,0.00,0.00
2017.10.11 13:26:12.080,12.90359,12.90578,0.00,0.00
2017.10.11 13:26:12.396,12.90359,12.90569,0.00,0.00
2017.10.11 13:26:13.076,12.90359,12.90568,0.00,0.00
2017.10.11 13:26:13.191,12.90349,12.90568,0.00,0.00
2017.10.11 13:26:13.768,12.90349,12.90569,0.00,0.00
2017.10.11 13:26:14.464,12.90349,12.90568,0.00,0.00
2017.10.11 13:26:14.587,12.90358,12.90568,0.00,0.00
2017.10.11 13:26:14.688,12.90349,12.90569,0.00,0.00
2017.10.11 13:26:15.515,12.90349,12.90559,0.00,0.00
2017.10.11 13:26:15.834,12.90349,12.90569,0.00,0.00
2017.10.11 13:26:15.891,12.90358,12.90569,0.00,0.00
2017.10.11 13:26:16.397,12.90358,12.90568,0.00,0.00
2017.10.11 13:26:17.246,12.90358,12.90579,0.00,0.00
2017.10.11 13:26:17.765,12.90358,12.90578,0.00,0.00
2017.10.11 13:26:18.865,12.90358,12.90579,0.00,0.00
2017.10.11 13:26:19.105,12.90349,12.90579,0.00,0.00
2017.10.11 13:26:19.746,12.90349,12.90578,0.00,0.00
2017.10.11 13:26:19.879,12.90349,12.90588,0.00,0.00
2017.10.11 13:26:20.178,12.90349,12.90579,0.00,0.00
2017.10.11 13:26:20.228,12.90349,12.90588,0.00,0.00
2017.10.11 13:26:20.531,12.90349,12.90569,0.00,0.00
2017.10.11 13:26:21.090,12.90349,12.90568,0.00,0.00
2017.10.11 13:26:22.026,12.90349,12.90559,0.00,0.00
2017.10.11 13:26:24.443,12.90349,12.90539,0.00,0.00
2017.10.11 13:26:24.659,12.90249,12.90489,0.00,0.00
2017.10.11 13:26:24.761,12.90249,12.90478,0.00,0.00
2017.10.11 13:26:25.381,12.90249,12.90479,0.00,0.00
2017.10.11 13:26:25.546,12.90249,12.90488,0.00,0.00
2017.10.11 13:26:25.746,12.90268,12.90489,0.00,0.00
2017.10.11 13:26:26.506,12.90268,12.90488,0.00,0.00
2017.10.11 13:26:26.658,12.90249,12.90478,0.00,0.00
2017.10.11 13:26:26.708,12.90249,12.90468,0.00,0.00
2017.10.11 13:26:26.759,12.90249,12.90479,0.00,0.00
2017.10.11 13:26:26.886,12.90249,12.90459,0.00,0.00
2017.10.11 13:26:27.120,12.90249,12.90468,0.00,0.00
2017.10.11 13:26:27.644,12.90249,12.90469,0.00,0.00
2017.10.11 13:26:27.745,12.90258,12.90468,0.00,0.00
2017.10.11 13:26:27.857,12.90249,12.90468,0.00,0.00
2017.10.11 13:26:28.314,12.90249,12.90478,0.00,0.00
2017.10.11 13:26:28.365,12.90258,12.90479,0.00,0.00
2017.10.11 13:26:28.496,12.90258,12.90489,0.00,0.00
2017.10.11 13:26:28.925,12.90249,12.90489,0.00,0.00
2017.10.11 13:26:29.717,12.90249,12.90488,0.00,0.00
2017.10.11 13:26:30.262,12.90249,12.90489,0.00,0.00
2017.10.11 13:26:30.312,12.90251,12.90489,0.00,0.00
2017.10.11 13:26:31.155,12.90249,12.90488,0.00,0.00
2017.10.11 13:26:31.748,12.90269,12.90488,0.00,0.00
2017.10.11 13:26:32.329,12.90269,12.90489,0.00,0.00
2017.10.11 13:26:33.017,12.90269,12.90488,0.00,0.00
2017.10.11 13:26:33.139,12.90262,12.90488,0.00,0.00
2017.10.11 13:26:33.335,12.90252,12.90488,0.00,0.00
2017.10.11 13:26:33.540,12.90271,12.90489,0.00,0.00
2017.10.11 13:26:34.108,12.90261,12.90489,0.00,0.00
2017.10.11 13:26:34.200,12.90249,12.90488,0.00,0.00
2017.10.11 13:26:34.322,12.90249,12.90478,0.00,0.00
2017.10.11 13:26:34.451,12.90238,12.90472,0.00,0.00
2017.10.11 13:26:34.502,12.90238,12.90409,0.00,0.00
2017.10.11 13:26:34.553,12.90229,12.90472,0.00,0.00
2017.10.11 13:26:34.603,12.90249,12.90478,0.00,0.00
2017.10.11 13:26:34.654,12.90249,12.90489,0.00,0.00
2017.10.11 13:26:34.755,12.90258,12.90488,0.00,0.00
2017.10.11 13:26:35.390,12.90268,12.90488,0.00,0.00
2017.10.11 13:26:35.448,12.90249,12.90488,0.00,0.00
2017.10.11 13:26:35.915,12.90252,12.90488,0.00,0.00
2017.10.11 13:26:36.323,12.90268,12.90489,0.00,0.00
2017.10.11 13:26:36.551,12.90259,12.90488,0.00,0.00
2017.10.11 13:26:37.876,12.90259,12.90489,0.00,0.00
2017.10.11 13:26:38.053,12.90269,12.90489,0.00,0.00
2017.10.11 13:26:38.454,12.90252,12.90488,0.00,0.00
2017.10.11 13:26:38.755,12.90258,12.90488,0.00,0.00
2017.10.11 13:26:39.057,12.90251,12.90499,0.00,0.00
2017.10.11 13:26:39.175,12.90262,12.90498,0.00,0.00
2017.10.11 13:26:39.524,12.90268,12.90499,0.00,0.00
2017.10.11 13:26:40.012,12.90272,12.90498,0.00,0.00
2017.10.11 13:26:40.077,12.90268,12.90498,0.00,0.00
2017.10.11 13:26:40.178,12.90268,12.90489,0.00,0.00
2017.10.11 13:26:40.306,12.90248,12.90488,0.00,0.00
2017.10.11 13:26:40.860,12.90248,12.90489,0.00,0.00
2017.10.11 13:26:41.052,12.90248,12.90479,0.00,0.00
2017.10.11 13:26:41.399,12.90251,12.90509,0.00,0.00
2017.10.11 13:26:41.450,12.90248,12.90478,0.00,0.00
2017.10.11 13:26:41.813,12.90248,12.90488,0.00,0.00
2017.10.11 13:26:41.864,12.90258,12.90488,0.00,0.00
2017.10.11 13:26:42.265,12.90269,12.90489,0.00,0.00
2017.10.11 13:26:42.766,12.90251,12.90489,0.00,0.00
2017.10.11 13:26:43.032,12.90248,12.90488,0.00,0.00
2017.10.11 13:26:43.377,12.90248,12.90479,0.00,0.00
2017.10.11 13:26:43.852,12.90248,12.90469,0.00,0.00
2017.10.11 13:26:44.170,12.90258,12.90469,0.00,0.00
2017.10.11 13:26:44.632,12.90258,12.90458,0.00,0.00
2017.10.11 13:26:44.946,12.90258,12.90448,0.00,0.00
2017.10.11 13:26:44.997,12.90248,12.90449,0.00,0.00
2017.10.11 13:26:45.156,12.90248,12.90459,0.00,0.00
2017.10.11 13:26:45.704,12.90248,12.90479,0.00,0.00
2017.10.11 13:26:45.805,12.90251,12.90499,0.00,0.00
2017.10.11 13:26:45.876,12.90268,12.90499,0.00,0.00
2017.10.11 13:26:46.100,12.90252,12.90498,0.00,0.00
2017.10.11 13:26:46.637,12.90251,12.90499,0.00,0.00
2017.10.11 13:26:47.332,12.90248,12.90489,0.00,0.00
2017.10.11 13:26:47.980,12.90248,12.90488,0.00,0.00
2017.10.11 13:26:48.284,12.90249,12.90479,0.00,0.00
2017.10.11 13:26:48.794,12.90248,12.90448,0.00,0.00
2017.10.11 13:26:48.845,12.90248,12.90478,0.00,0.00
2017.10.11 13:26:48.895,12.90268,12.90479,0.00,0.00
2017.10.11 13:26:48.946,12.90268,12.90488,0.00,0.00
2017.10.11 13:26:50.226,12.90268,12.90478,0.00,0.00
2017.10.11 13:26:50.289,12.90249,12.90478,0.00,0.00
2017.10.11 13:26:50.606,12.90269,12.90479,0.00,0.00
2017.10.11 13:26:51.276,12.90269,12.90478,0.00,0.00
2017.10.11 13:26:51.775,12.90269,12.90498,0.00,0.00
2017.10.11 13:26:53.099,12.90248,12.90498,0.00,0.00
2017.10.11 13:26:53.519,12.90248,12.90488,0.00,0.00
2017.10.11 13:26:53.988,12.90269,12.90488,0.00,0.00
2017.10.11 13:26:54.756,12.90249,12.90479,0.00,0.00
2017.10.11 13:26:54.806,12.90249,12.90469,0.00,0.00
2017.10.11 13:26:55.166,12.90248,12.90458,0.00,0.00
2017.10.11 13:26:55.374,12.90268,12.90479,0.00,0.00
2017.10.11 13:26:55.425,12.90248,12.90458,0.00,0.00
2017.10.11 13:26:55.896,12.90248,12.90448,0.00,0.00
2017.10.11 13:26:56.514,12.90248,12.90449,0.00,0.00
2017.10.11 13:26:56.790,12.90248,12.90459,0.00,0.00
2017.10.11 13:26:56.941,12.90258,12.90458,0.00,0.00
2017.10.11 13:26:57.395,12.90258,12.90419,0.00,0.00
2017.10.11 13:26:57.446,12.90228,12.90418,0.00,0.00
2017.10.11 13:26:57.547,12.90182,12.90418,0.00,0.00
2017.10.11 13:26:57.648,12.90181,12.90409,0.00,0.00
2017.10.11 13:26:58.018,12.90189,12.90409,0.00,0.00
2017.10.11 13:26:58.395,12.90231,12.90469,0.00,0.00
2017.10.11 13:26:58.445,12.90238,12.90459,0.00,0.00
2017.10.11 13:26:58.496,12.90238,12.90469,0.00,0.00
2017.10.11 13:26:58.546,12.90248,12.90468,0.00,0.00
2017.10.11 13:26:58.816,12.90248,12.90479,0.00,0.00
2017.10.11 13:26:58.968,12.90258,12.90478,0.00,0.00
2017.10.11 13:26:59.555,12.90258,12.90479,0.00,0.00
2017.10.11 13:26:59.656,12.90248,12.90479,0.00,0.00
2017.10.11 13:26:59.724,12.90259,12.90479,0.00,0.00
2017.10.11 13:26:59.925,12.90248,12.90469,0.00,0.00
2017.10.11 13:27:00.394,12.90248,12.90522,0.00,0.00
2017.10.11 13:27:00.444,12.90248,12.90512,0.00,0.00
2017.10.11 13:27:00.765,12.90248,12.90459,0.00,0.00
2017.10.11 13:27:01.236,12.90258,12.90489,0.00,0.00
2017.10.11 13:27:01.635,12.90249,12.90489,0.00,0.00
2017.10.11 13:27:01.693,12.90258,12.90489,0.00,0.00
2017.10.11 13:27:01.836,12.90249,12.90489,0.00,0.00
2017.10.11 13:27:03.165,12.90249,12.90488,0.00,0.00
2017.10.11 13:27:03.216,12.90249,12.90478,0.00,0.00
2017.10.11 13:27:03.947,12.90249,12.90479,0.00,0.00
2017.10.11 13:27:05.038,12.90249,12.90488,0.00,0.00
2017.10.11 13:27:05.139,12.90249,12.90479,0.00,0.00
2017.10.11 13:27:05.389,12.90248,12.90498,0.00,0.00
2017.10.11 13:27:05.439,12.90252,12.90498,0.00,0.00
2017.10.11 13:27:05.742,12.90279,12.90498,0.00,0.00
2017.10.11 13:27:05.893,12.90248,12.90488,0.00,0.00
2017.10.11 13:27:06.180,12.90248,12.90479,0.00,0.00
2017.10.11 13:27:06.382,12.90248,12.90489,0.00,0.00
2017.10.11 13:27:06.433,12.90248,12.90498,0.00,0.00
2017.10.11 13:27:06.686,12.90251,12.90499,0.00,0.00
2017.10.11 13:27:06.995,12.90278,12.90499,0.00,0.00
2017.10.11 13:27:07.065,12.90258,12.90499,0.00,0.00
2017.10.11 13:27:07.361,12.90331,12.90559,0.00,0.00
2017.10.11 13:27:07.670,12.90349,12.90558,0.00,0.00
2017.10.11 13:27:08.312,12.90349,12.90559,0.00,0.00
2017.10.11 13:27:08.647,12.90358,12.90569,0.00,0.00
2017.10.11 13:27:09.075,12.90349,12.90568,0.00,0.00
2017.10.11 13:27:10.575,12.90349,12.90559,0.00,0.00
2017.10.11 13:27:10.982,12.90359,12.90559,0.00,0.00
2017.10.11 13:27:11.835,12.90359,12.90558,0.00,0.00
2017.10.11 13:27:12.136,12.90349,12.90549,0.00,0.00
2017.10.11 13:27:12.675,12.90349,12.90548,0.00,0.00
2017.10.11 13:27:12.868,12.90349,12.90589,0.00,0.00
2017.10.11 13:27:12.923,12.90349,12.90569,0.00,0.00
2017.10.11 13:27:13.125,12.90358,12.90588,0.00,0.00
2017.10.11 13:27:13.555,12.90358,12.90568,0.00,0.00
2017.10.11 13:27:13.918,12.90349,12.90558,0.00,0.00
2017.10.11 13:27:13.996,12.90349,12.90568,0.00,0.00
2017.10.11 13:27:14.579,12.90349,12.90569,0.00,0.00
2017.10.11 13:27:15.525,12.90349,12.90558,0.00,0.00
2017.10.11 13:27:16.356,12.90349,12.90569,0.00,0.00
2017.10.11 13:27:16.518,12.90349,12.90558,0.00,0.00
2017.10.11 13:27:17.148,12.90349,12.90559,0.00,0.00
2017.10.11 13:27:17.415,12.90349,12.90579,0.00,0.00
2017.10.11 13:27:17.603,12.90349,12.90569,0.00,0.00
2017.10.11 13:27:17.805,12.90349,12.90578,0.00,0.00
2017.10.11 13:27:17.998,12.90349,12.90568,0.00,0.00
2017.10.11 13:27:18.301,12.90349,12.90558,0.00,0.00
2017.10.11 13:27:18.802,12.90349,12.90569,0.00,0.00
2017.10.11 13:27:20.157,12.90349,12.90568,0.00,0.00
2017.10.11 13:27:20.763,12.90349,12.90569,0.00,0.00
2017.10.11 13:27:20.864,12.90349,12.90558,0.00,0.00
2017.10.11 13:27:20.914,12.90349,12.90569,0.00,0.00
2017.10.11 13:27:21.338,12.90349,12.90578,0.00,0.00
2017.10.11 13:27:21.458,12.90358,12.90578,0.00,0.00
2017.10.11 13:27:22.197,12.90358,12.90568,0.00,0.00
2017.10.11 13:27:22.361,12.90349,12.90569,0.00,0.00
2017.10.11 13:27:22.412,12.90359,12.90569,0.00,0.00
2017.10.11 13:27:22.463,12.90359,12.90579,0.00,0.00
2017.10.11 13:27:22.677,12.90359,12.90568,0.00,0.00
2017.10.11 13:27:22.913,12.90349,12.90559,0.00,0.00
2017.10.11 13:27:22.966,12.90349,12.90569,0.00,0.00
2017.10.11 13:27:23.113,12.90358,12.90569,0.00,0.00
2017.10.11 13:27:24.084,12.90358,12.90558,0.00,0.00
2017.10.11 13:27:24.216,12.90349,12.90558,0.00,0.00
2017.10.11 13:27:24.719,12.90349,12.90559,0.00,0.00
2017.10.11 13:27:25.225,12.90349,12.90558,0.00,0.00
2017.10.11 13:27:25.276,12.90349,12.90549,0.00,0.00
2017.10.11 13:27:25.427,12.90358,12.90559,0.00,0.00
2017.10.11 13:27:26.995,12.90358,12.90558,0.00,0.00
2017.10.11 13:27:27.096,12.90358,12.90549,0.00,0.00
2017.10.11 13:27:27.147,12.90349,12.90549,0.00,0.00
2017.10.11 13:27:27.428,12.90349,12.90559,0.00,0.00
2017.10.11 13:27:27.529,12.90358,12.90579,0.00,0.00
2017.10.11 13:27:27.884,12.90358,12.90568,0.00,0.00
2017.10.11 13:27:28.026,12.90349,12.90568,0.00,0.00
2017.10.11 13:27:28.676,12.90349,12.90559,0.00,0.00
2017.10.11 13:27:28.827,12.90349,12.90568,0.00,0.00
2017.10.11 13:27:28.928,12.90358,12.90569,0.00,0.00
2017.10.11 13:27:29.435,12.90358,12.90568,0.00,0.00
2017.10.11 13:27:30.204,12.90358,12.90569,0.00,0.00
2017.10.11 13:27:30.756,12.90349,12.90559,0.00,0.00
2017.10.11 13:27:31.346,12.90349,12.90558,0.00,0.00
2017.10.11 13:27:32.065,12.90349,12.90569,0.00,0.00
2017.10.11 13:27:32.255,12.90349,12.90579,0.00,0.00
2017.10.11 13:27:32.355,12.90359,12.90578,0.00,0.00
2017.10.11 13:27:32.456,12.90359,12.90588,0.00,0.00
2017.10.11 13:27:33.137,12.90349,12.90588,0.00,0.00
2017.10.11 13:27:33.358,12.90349,12.90578,0.00,0.00
2017.10.11 13:27:33.589,12.90358,12.90588,0.00,0.00
2017.10.11 13:27:34.317,12.90358,12.90589,0.00,0.00
2017.10.11 13:27:34.425,12.90362,12.90588,0.00,0.00
2017.10.11 13:27:35.026,12.90361,12.90589,0.00,0.00
2017.10.11 13:27:35.356,12.90351,12.90589,0.00,0.00
2017.10.11 13:27:35.457,12.90358,12.90589,0.00,0.00
2017.10.11 13:27:35.642,12.90351,12.90589,0.00,0.00
2017.10.11 13:27:36.433,12.90352,12.90588,0.00,0.00
2017.10.11 13:27:36.484,12.90358,12.90589,0.00,0.00
2017.10.11 13:27:36.535,12.90358,12.90598,0.00,0.00
2017.10.11 13:27:37.145,12.90352,12.90598,0.00,0.00
2017.10.11 13:27:37.471,12.90358,12.90598,0.00,0.00
2017.10.11 13:27:37.546,12.90352,12.90598,0.00,0.00
2017.10.11 13:27:37.597,12.90349,12.90589,0.00,0.00
2017.10.11 13:27:37.913,12.90359,12.90588,0.00,0.00
2017.10.11 13:27:38.147,12.90349,12.90579,0.00,0.00
2017.10.11 13:27:38.287,12.90349,12.90589,0.00,0.00
2017.10.11 13:27:38.471,12.90359,12.90589,0.00,0.00
2017.10.11 13:27:38.773,12.90349,12.90588,0.00,0.00
2017.10.11 13:27:39.136,12.90349,12.90579,0.00,0.00
2017.10.11 13:27:39.595,12.90349,12.90569,0.00,0.00
2017.10.11 13:27:39.926,12.90349,12.90558,0.00,0.00
2017.10.11 13:27:40.453,12.90349,12.90559,0.00,0.00
2017.10.11 13:27:41.065,12.90349,12.90568,0.00,0.00
2017.10.11 13:27:41.166,12.90349,12.90578,0.00,0.00
2017.10.11 13:27:41.267,12.90352,12.90598,0.00,0.00
2017.10.11 13:27:42.458,12.90362,12.90598,0.00,0.00
2017.10.11 13:27:42.605,12.90351,12.90599,0.00,0.00
2017.10.11 13:27:43.110,12.90361,12.90599,0.00,0.00
2017.10.11 13:27:43.735,12.90362,12.90598,0.00,0.00
2017.10.11 13:27:43.786,12.90352,12.90598,0.00,0.00
2017.10.11 13:27:44.311,12.90351,12.90599,0.00,0.00
2017.10.11 13:27:44.963,12.90352,12.90598,0.00,0.00
2017.10.11 13:27:45.372,12.90349,12.90588,0.00,0.00
2017.10.11 13:27:47.056,12.90349,12.90578,0.00,0.00
2017.10.11 13:27:47.618,12.90349,12.90579,0.00,0.00
2017.10.11 13:27:48.145,12.90349,12.90578,0.00,0.00
2017.10.11 13:27:48.618,12.90349,12.90589,0.00,0.00
2017.10.11 13:27:48.859,12.90351,12.90599,0.00,0.00
2017.10.11 13:27:48.909,12.90448,12.90609,0.00,0.00
2017.10.11 13:27:48.960,12.90448,12.90632,0.00,0.00
2017.10.11 13:27:49.030,12.90431,12.90612,0.00,0.00
2017.10.11 13:27:49.081,12.90428,12.90612,0.00,0.00
2017.10.11 13:27:49.182,12.90432,12.90658,0.00,0.00
2017.10.11 13:27:49.283,12.90439,12.90659,0.00,0.00
2017.10.11 13:27:49.673,12.90439,12.90649,0.00,0.00
2017.10.11 13:27:49.896,12.90439,12.90659,0.00,0.00
2017.10.11 13:27:49.947,12.90439,12.90648,0.00,0.00
2017.10.11 13:27:50.796,12.90439,12.90649,0.00,0.00
2017.10.11 13:27:51.166,12.90439,12.90629,0.00,0.00
2017.10.11 13:27:51.785,12.90439,12.90628,0.00,0.00
2017.10.11 13:27:52.407,12.90439,12.90639,0.00,0.00
2017.10.11 13:27:52.739,12.90439,12.90649,0.00,0.00
2017.10.11 13:27:52.956,12.90439,12.90669,0.00,0.00
2017.10.11 13:27:53.107,12.90439,12.90678,0.00,0.00
2017.10.11 13:27:53.510,12.90439,12.90618,0.00,0.00
2017.10.11 13:27:53.622,12.90389,12.90578,0.00,0.00
2017.10.11 13:27:53.723,12.90338,12.90579,0.00,0.00
2017.10.11 13:27:53.855,12.90338,12.90589,0.00,0.00
2017.10.11 13:27:53.956,12.90338,12.90579,0.00,0.00
2017.10.11 13:27:54.557,12.90338,12.90578,0.00,0.00
2017.10.11 13:27:54.677,12.90342,12.90588,0.00,0.00
2017.10.11 13:27:54.728,12.90349,12.90588,0.00,0.00
2017.10.11 13:27:54.882,12.90352,12.90598,0.00,0.00
2017.10.11 13:27:55.795,12.90351,12.90599,0.00,0.00
2017.10.11 13:27:56.728,12.90388,12.90599,0.00,0.00
2017.10.11 13:27:56.779,12.90388,12.90609,0.00,0.00
2017.10.11 13:27:56.880,12.90359,12.90599,0.00,0.00
2017.10.11 13:27:56.931,12.90378,12.90599,0.00,0.00
2017.10.11 13:27:57.032,12.90358,12.90589,0.00,0.00
2017.10.11 13:27:57.094,12.90351,12.90589,0.00,0.00
2017.10.11 13:27:57.546,12.90341,12.90589,0.00,0.00
2017.10.11 13:27:57.725,12.90352,12.90588,0.00,0.00
2017.10.11 13:27:58.055,12.90358,12.90589,0.00,0.00
2017.10.11 13:27:58.358,12.90368,12.90588,0.00,0.00
2017.10.11 13:27:58.408,12.90352,12.90588,0.00,0.00
2017.10.11 13:27:58.598,12.90362,12.90588,0.00,0.00
2017.10.11 13:27:58.799,12.90351,12.90589,0.00,0.00
2017.10.11 13:27:59.007,12.90342,12.90588,0.00,0.00
2017.10.11 13:27:59.215,12.90338,12.90589,0.00,0.00
2017.10.11 13:27:59.317,12.90338,12.90568,0.00,0.00
2017.10.11 13:27:59.550,12.90338,12.90588,0.00,0.00
2017.10.11 13:28:00.145,12.90338,12.90589,0.00,0.00
2017.10.11 13:28:00.246,12.90341,12.90589,0.00,0.00
2017.10.11 13:28:01.106,12.90351,12.90589,0.00,0.00
2017.10.11 13:28:01.909,12.90361,12.90589,0.00,0.00
2017.10.11 13:28:02.286,12.90352,12.90588,0.00,0.00
2017.10.11 13:28:02.357,12.90349,12.90589,0.00,0.00
2017.10.11 13:28:02.509,12.90341,12.90589,0.00,0.00
2017.10.11 13:28:02.810,12.90359,12.90588,0.00,0.00
2017.10.11 13:28:03.111,12.90352,12.90588,0.00,0.00
2017.10.11 13:28:03.230,12.90361,12.90589,0.00,0.00
2017.10.11 13:28:03.460,12.90391,12.90641,0.00,0.00
2017.10.11 13:28:03.580,12.90392,12.90648,0.00,0.00
2017.10.11 13:28:03.631,12.90399,12.90648,0.00,0.00
2017.10.11 13:28:04.017,12.90439,12.90659,0.00,0.00
2017.10.11 13:28:04.796,12.90439,12.90658,0.00,0.00
2017.10.11 13:28:05.161,12.90439,12.90649,0.00,0.00
2017.10.11 13:28:05.389,12.90499,12.90711,0.00,0.00
2017.10.11 13:28:05.439,12.90518,12.90711,0.00,0.00
2017.10.11 13:28:05.540,12.90461,12.90689,0.00,0.00
2017.10.11 13:28:05.591,12.90481,12.90709,0.00,0.00
2017.10.11 13:28:05.742,12.90469,12.90709,0.00,0.00
2017.10.11 13:28:05.793,12.90481,12.90711,0.00,0.00
2017.10.11 13:28:06.129,12.90439,12.90658,0.00,0.00
2017.10.11 13:28:06.481,12.90439,12.90639,0.00,0.00
2017.10.11 13:28:06.862,12.90441,12.90689,0.00,0.00
2017.10.11 13:28:06.913,12.90451,12.90689,0.00,0.00
2017.10.11 13:28:07.326,12.90441,12.90689,0.00,0.00
2017.10.11 13:28:07.557,12.90451,12.90689,0.00,0.00
2017.10.11 13:28:08.132,12.90452,12.90688,0.00,0.00
2017.10.11 13:28:08.233,12.90442,12.90688,0.00,0.00
2017.10.11 13:28:08.561,12.90439,12.90688,0.00,0.00
2017.10.11 13:28:08.776,12.90442,12.90688,0.00,0.00
2017.10.11 13:28:09.078,12.90451,12.90689,0.00,0.00
2017.10.11 13:28:09.739,12.90452,12.90688,0.00,0.00
2017.10.11 13:28:09.789,12.90441,12.90689,0.00,0.00
2017.10.11 13:28:09.840,12.90458,12.90689,0.00,0.00
2017.10.11 13:28:10.183,12.90439,12.90658,0.00,0.00
2017.10.11 13:28:10.487,12.90459,12.90658,0.00,0.00
2017.10.11 13:28:11.182,12.90459,12.90649,0.00,0.00
2017.10.11 13:28:11.333,12.90439,12.90648,0.00,0.00
2017.10.11 13:28:11.384,12.90439,12.90689,0.00,0.00
2017.10.11 13:28:11.434,12.90451,12.90689,0.00,0.00
2017.10.11 13:28:11.763,12.90439,12.90648,0.00,0.00
2017.10.11 13:28:12.142,12.90452,12.90688,0.00,0.00
2017.10.11 13:28:12.243,12.90458,12.90689,0.00,0.00
2017.10.11 13:28:12.543,12.90442,12.90688,0.00,0.00
2017.10.11 13:28:12.615,12.90439,12.90679,0.00,0.00
2017.10.11 13:28:13.005,12.90451,12.90689,0.00,0.00
2017.10.11 13:28:13.069,12.90458,12.90698,0.00,0.00
2017.10.11 13:28:13.744,12.90458,12.90699,0.00,0.00
2017.10.11 13:28:14.005,12.90458,12.90689,0.00,0.00
2017.10.11 13:28:14.156,12.90441,12.90689,0.00,0.00
2017.10.11 13:28:14.207,12.90439,12.90678,0.00,0.00
2017.10.11 13:28:15.125,12.90439,12.90668,0.00,0.00
2017.10.11 13:28:15.736,12.90459,12.90669,0.00,0.00
2017.10.11 13:28:15.855,12.90459,12.90678,0.00,0.00
2017.10.11 13:28:15.950,12.90439,12.90678,0.00,0.00
2017.10.11 13:28:16.050,12.90458,12.90678,0.00,0.00
2017.10.11 13:28:16.854,12.90458,12.90689,0.00,0.00
2017.10.11 13:28:16.905,12.90458,12.90699,0.00,0.00
2017.10.11 13:28:17.345,12.90458,12.90698,0.00,0.00
2017.10.11 13:28:17.875,12.90458,12.90699,0.00,0.00
2017.10.11 13:28:18.405,12.90458,12.90698,0.00,0.00
2017.10.11 13:28:19.038,12.90458,12.90699,0.00,0.00
2017.10.11 13:28:19.128,12.90458,12.90699,0.00,0.00
2017.10.11 13:28:19.366,12.90448,12.90689,0.00,0.00
2017.10.11 13:28:19.467,12.90441,12.90689,0.00,0.00
2017.10.11 13:28:20.026,12.90441,12.90688,0.00,0.00
2017.10.11 13:28:20.079,12.90453,12.90688,0.00,0.00
2017.10.11 13:28:20.596,12.90453,12.90689,0.00,0.00
2017.10.11 13:28:20.873,12.90439,12.90679,0.00,0.00
2017.10.11 13:28:20.942,12.90439,12.90658,0.00,0.00
2017.10.11 13:28:21.311,12.90438,12.90639,0.00,0.00
2017.10.11 13:28:21.462,12.90379,12.90609,0.00,0.00
2017.10.11 13:28:21.578,12.90361,12.90612,0.00,0.00
2017.10.11 13:28:21.949,12.90361,12.90599,0.00,0.00
2017.10.11 13:28:22.000,12.90351,12.90599,0.00,0.00
2017.10.11 13:28:22.101,12.90341,12.90599,0.00,0.00
2017.10.11 13:28:22.249,12.90352,12.90598,0.00,0.00
2017.10.11 13:28:22.538,12.90342,12.90598,0.00,0.00
2017.10.11 13:28:23.036,12.90338,12.90579,0.00,0.00
2017.10.11 13:28:23.407,12.90358,12.90578,0.00,0.00
2017.10.11 13:28:23.465,12.90338,12.90578,0.00,0.00
2017.10.11 13:28:23.769,12.90348,12.90578,0.00,0.00
2017.10.11 13:28:24.555,12.90348,12.90588,0.00,0.00
2017.10.11 13:28:26.463,12.90348,12.90578,0.00,0.00
2017.10.11 13:28:26.571,12.90339,12.90578,0.00,0.00
2017.10.11 13:28:26.621,12.90339,12.90559,0.00,0.00
2017.10.11 13:28:26.955,12.90339,12.90569,0.00,0.00
2017.10.11 13:28:27.106,12.90368,12.90569,0.00,0.00
2017.10.11 13:28:27.221,12.90338,12.90579,0.00,0.00
2017.10.11 13:28:27.272,12.90342,12.90588,0.00,0.00
2017.10.11 13:28:27.324,12.90358,12.90589,0.00,0.00
2017.10.11 13:28:27.669,12.90338,12.90559,0.00,0.00
2017.10.11 13:28:27.770,12.90352,12.90598,0.00,0.00
2017.10.11 13:28:27.871,12.90338,12.90588,0.00,0.00
2017.10.11 13:28:27.921,12.90368,12.90588,0.00,0.00
2017.10.11 13:28:28.075,12.90339,12.90579,0.00,0.00
2017.10.11 13:28:28.127,12.90342,12.90588,0.00,0.00
2017.10.11 13:28:28.178,12.90368,12.90588,0.00,0.00
2017.10.11 13:28:28.279,12.90368,12.90599,0.00,0.00
2017.10.11 13:28:28.430,12.90371,12.90609,0.00,0.00
2017.10.11 13:28:28.939,12.90372,12.90608,0.00,0.00
2017.10.11 13:28:29.319,12.90369,12.90608,0.00,0.00
2017.10.11 13:28:29.476,12.90361,12.90609,0.00,0.00
2017.10.11 13:28:30.064,12.90371,12.90609,0.00,0.00
2017.10.11 13:28:30.590,12.90372,12.90608,0.00,0.00
2017.10.11 13:28:30.642,12.90361,12.90609,0.00,0.00
2017.10.11 13:28:31.250,12.90362,12.90608,0.00,0.00
2017.10.11 13:28:31.788,12.90352,12.90598,0.00,0.00
2017.10.11 13:28:32.516,12.90361,12.90609,0.00,0.00
2017.10.11 13:28:32.617,12.90378,12.90609,0.00,0.00
2017.10.11 13:28:33.184,12.90361,12.90609,0.00,0.00
2017.10.11 13:28:33.384,12.90379,12.90609,0.00,0.00
2017.10.11 13:28:33.612,12.90361,12.90609,0.00,0.00
2017.10.11 13:28:34.385,12.90368,12.90609,0.00,0.00
2017.10.11 13:28:34.698,12.90342,12.90588,0.00,0.00
2017.10.11 13:28:34.855,12.90338,12.90578,0.00,0.00
2017.10.11 13:28:34.956,12.90342,12.90588,0.00,0.00
2017.10.11 13:28:35.107,12.90358,12.90588,0.00,0.00
2017.10.11 13:28:35.541,12.90368,12.90588,0.00,0.00
2017.10.11 13:28:35.592,12.90368,12.90599,0.00,0.00
2017.10.11 13:28:36.437,12.90359,12.90599,0.00,0.00
2017.10.11 13:28:36.736,12.90359,12.90589,0.00,0.00
2017.10.11 13:28:36.789,12.90341,12.90589,0.00,0.00
2017.10.11 13:28:37.904,12.90342,12.90588,0.00,0.00
2017.10.11 13:28:38.392,12.90358,12.90588,0.00,0.00
2017.10.11 13:28:38.613,12.90339,12.90578,0.00,0.00
2017.10.11 13:28:38.796,12.90341,12.90589,0.00,0.00
2017.10.11 13:28:38.955,12.90339,12.90579,0.00,0.00
2017.10.11 13:28:39.286,12.90339,12.90549,0.00,0.00
2017.10.11 13:28:39.596,12.90338,12.90539,0.00,0.00
2017.10.11 13:28:39.675,12.90338,12.90549,0.00,0.00
2017.10.11 13:28:40.146,12.90338,12.90538,0.00,0.00
2017.10.11 13:28:40.247,12.90338,12.90549,0.00,0.00
2017.10.11 13:28:40.348,12.90338,12.90539,0.00,0.00
2017.10.11 13:28:40.485,12.90338,12.90549,0.00,0.00
2017.10.11 13:28:40.666,12.90338,12.90538,0.00,0.00
2017.10.11 13:28:40.875,12.90338,12.90549,0.00,0.00
2017.10.11 13:28:41.128,12.90338,12.90559,0.00,0.00
2017.10.11 13:28:41.280,12.90351,12.90599,0.00,0.00
2017.10.11 13:28:41.331,12.90368,12.90589,0.00,0.00
2017.10.11 13:28:41.382,12.90368,12.90599,0.00,0.00
2017.10.11 13:28:41.565,12.90368,12.90579,0.00,0.00
2017.10.11 13:28:41.716,12.90338,12.90559,0.00,0.00
2017.10.11 13:28:42.051,12.90338,12.90568,0.00,0.00
2017.10.11 13:28:42.102,12.90368,12.90568,0.00,0.00
2017.10.11 13:28:42.398,12.90338,12.90559,0.00,0.00
2017.10.11 13:28:42.709,12.90338,12.90549,0.00,0.00
2017.10.11 13:28:42.860,12.90338,12.90558,0.00,0.00
2017.10.11 13:28:43.011,12.90368,12.90589,0.00,0.00
2017.10.11 13:28:43.112,12.90368,12.90569,0.00,0.00
2017.10.11 13:28:43.213,12.90338,12.90569,0.00,0.00
2017.10.11 13:28:43.606,12.90338,12.90559,0.00,0.00
2017.10.11 13:28:43.656,12.90338,12.90569,0.00,0.00
2017.10.11 13:28:44.000,12.90348,12.90568,0.00,0.00
2017.10.11 13:28:44.205,12.90338,12.90569,0.00,0.00
2017.10.11 13:28:44.485,12.90338,12.90559,0.00,0.00
2017.10.11 13:28:44.536,12.90338,12.90569,0.00,0.00
2017.10.11 13:28:44.749,12.90338,12.90559,0.00,0.00
2017.10.11 13:28:45.029,12.90338,12.90569,0.00,0.00
2017.10.11 13:28:45.080,12.90338,12.90578,0.00,0.00
2017.10.11 13:28:45.229,12.90358,12.90568,0.00,0.00
2017.10.11 13:28:45.797,12.90358,12.90518,0.00,0.00
2017.10.11 13:28:45.948,12.90278,12.90469,0.00,0.00
2017.10.11 13:28:46.049,12.90249,12.90479,0.00,0.00
2017.10.11 13:28:46.099,12.90249,12.90468,0.00,0.00
2017.10.11 13:28:46.150,12.90249,12.90479,0.00,0.00
2017.10.11 13:28:46.242,12.90272,12.90498,0.00,0.00
2017.10.11 13:28:46.293,12.90272,12.90508,0.00,0.00
2017.10.11 13:28:46.547,12.90272,12.90498,0.00,0.00
2017.10.11 13:28:46.914,12.90262,12.90498,0.00,0.00
2017.10.11 13:28:47.423,12.90261,12.90499,0.00,0.00
2017.10.11 13:28:47.586,12.90259,12.90488,0.00,0.00
2017.10.11 13:28:47.796,12.90251,12.90499,0.00,0.00
2017.10.11 13:28:47.947,12.90269,12.90499,0.00,0.00
2017.10.11 13:28:48.249,12.90281,12.90509,0.00,0.00
2017.10.11 13:28:48.300,12.90271,12.90509,0.00,0.00
2017.10.11 13:28:48.350,12.90288,12.90509,0.00,0.00
2017.10.11 13:28:48.649,12.90261,12.90509,0.00,0.00
2017.10.11 13:28:49.210,12.90262,12.90508,0.00,0.00
2017.10.11 13:28:49.746,12.90261,12.90509,0.00,0.00
2017.10.11 13:28:50.267,12.90258,12.90458,0.00,0.00
2017.10.11 13:28:50.317,12.90249,12.90458,0.00,0.00
2017.10.11 13:28:50.667,12.90249,12.90449,0.00,0.00
2017.10.11 13:28:51.315,12.90258,12.90449,0.00,0.00
2017.10.11 13:28:51.366,12.90258,12.90459,0.00,0.00
2017.10.11 13:28:51.466,12.90249,12.90468,0.00,0.00
2017.10.11 13:28:52.576,12.90228,12.90422,0.00,0.00
2017.10.11 13:28:52.727,12.90182,12.90418,0.00,0.00
2017.10.11 13:28:52.778,12.90232,12.90451,0.00,0.00
2017.10.11 13:28:52.828,12.90232,12.90461,0.00,0.00
2017.10.11 13:28:52.929,12.90259,12.90478,0.00,0.00
2017.10.11 13:28:53.132,12.90248,12.90479,0.00,0.00
2017.10.11 13:28:53.457,12.90258,12.90469,0.00,0.00
2017.10.11 13:28:53.672,12.90219,12.90468,0.00,0.00
2017.10.11 13:28:53.723,12.90221,12.90469,0.00,0.00
2017.10.11 13:28:54.024,12.90258,12.90469,0.00,0.00
2017.10.11 13:28:54.525,12.90258,12.90468,0.00,0.00
2017.10.11 13:28:54.863,12.90258,12.90479,0.00,0.00
2017.10.11 13:28:54.917,12.90258,12.90458,0.00,0.00
2017.10.11 13:28:55.049,12.90258,12.90469,0.00,0.00
2017.10.11 13:28:55.228,12.90248,12.90468,0.00,0.00
2017.10.11 13:28:55.852,12.90248,12.90469,0.00,0.00
2017.10.11 13:28:55.930,12.90269,12.90469,0.00,0.00
2017.10.11 13:28:56.614,12.90269,12.90468,0.00,0.00
2017.10.11 13:28:56.732,12.90259,12.90468,0.00,0.00
2017.10.11 13:28:57.216,12.90259,12.90449,0.00,0.00
2017.10.11 13:28:57.317,12.90259,12.90459,0.00,0.00
2017.10.11 13:28:57.368,12.90248,12.90459,0.00,0.00
2017.10.11 13:28:57.435,12.90268,12.90459,0.00,0.00
2017.10.11 13:28:57.637,12.90248,12.90479,0.00,0.00
2017.10.11 13:28:57.738,12.90279,12.90478,0.00,0.00
2017.10.11 13:28:58.052,12.90279,12.90468,0.00,0.00
2017.10.11 13:28:58.152,12.90249,12.90469,0.00,0.00
2017.10.11 13:28:58.543,12.90278,12.90468,0.00,0.00
2017.10.11 13:28:59.637,12.90278,12.90489,0.00,0.00
2017.10.11 13:28:59.688,12.90278,12.90498,0.00,0.00
2017.10.11 13:29:00.541,12.90259,12.90498,0.00,0.00
2017.10.11 13:29:01.619,12.90259,12.90488,0.00,0.00
2017.10.11 13:29:01.840,12.90268,12.90498,0.00,0.00
2017.10.11 13:29:01.891,12.90248,12.90499,0.00,0.00
2017.10.11 13:29:02.045,12.90268,12.90499,0.00,0.00
2017.10.11 13:29:02.426,12.90268,12.90479,0.00,0.00
2017.10.11 13:29:02.849,12.90248,12.90449,0.00,0.00
2017.10.11 13:29:03.509,12.90249,12.90449,0.00,0.00
2017.10.11 13:29:03.889,12.90248,12.90439,0.00,0.00
2017.10.11 13:29:03.991,12.90248,12.90449,0.00,0.00
2017.10.11 13:29:04.174,12.90248,12.90438,0.00,0.00
2017.10.11 13:29:04.224,12.90248,12.90449,0.00,0.00
2017.10.11 13:29:04.275,12.90248,12.90458,0.00,0.00
2017.10.11 13:29:04.381,12.90259,12.90459,0.00,0.00
2017.10.11 13:29:04.755,12.90259,12.90469,0.00,0.00
2017.10.11 13:29:04.879,12.90249,12.90468,0.00,0.00
2017.10.11 13:29:05.255,12.90259,12.90469,0.00,0.00
2017.10.11 13:29:05.475,12.90248,12.90469,0.00,0.00
2017.10.11 13:29:05.576,12.90258,12.90469,0.00,0.00
2017.10.11 13:29:05.987,12.90258,12.90479,0.00,0.00
2017.10.11 13:29:06.358,12.90248,12.90478,0.00,0.00
2017.10.11 13:29:06.458,12.90268,12.90478,0.00,0.00
2017.10.11 13:29:06.861,12.90268,12.90469,0.00,0.00
2017.10.11 13:29:06.987,12.90248,12.90478,0.00,0.00
2017.10.11 13:29:07.060,12.90259,12.90478,0.00,0.00
2017.10.11 13:29:07.560,12.90268,12.90478,0.00,0.00
2017.10.11 13:29:07.661,12.90248,12.90469,0.00,0.00
2017.10.11 13:29:08.236,12.90248,12.90468,0.00,0.00
2017.10.11 13:29:08.287,12.90248,12.90479,0.00,0.00
2017.10.11 13:29:08.338,12.90248,12.90469,0.00,0.00
2017.10.11 13:29:08.763,12.90259,12.90469,0.00,0.00
2017.10.11 13:29:08.918,12.90259,12.90488,0.00,0.00
2017.10.11 13:29:08.968,12.90259,12.90478,0.00,0.00
2017.10.11 13:29:09.450,12.90259,12.90468,0.00,0.00
2017.10.11 13:29:09.975,12.90259,12.90469,0.00,0.00
2017.10.11 13:29:10.203,12.90249,12.90468,0.00,0.00
2017.10.11 13:29:10.568,12.90259,12.90468,0.00,0.00
2017.10.11 13:29:11.202,12.90259,12.90479,0.00,0.00
2017.10.11 13:29:11.671,12.90239,12.90479,0.00,0.00
2017.10.11 13:29:12.235,12.90239,12.90469,0.00,0.00
2017.10.11 13:29:12.372,12.90231,12.90469,0.00,0.00
2017.10.11 13:29:12.916,12.90232,12.90468,0.00,0.00
2017.10.11 13:29:13.107,12.90231,12.90449,0.00,0.00
2017.10.11 13:29:17.975,12.90231,12.90469,0.00,0.00
2017.10.11 13:29:18.025,12.90272,12.90478,0.00,0.00
2017.10.11 13:29:18.076,12.90251,12.90479,0.00,0.00
2017.10.11 13:29:18.583,12.90259,12.90478,0.00,0.00
2017.10.11 13:29:19.505,12.90271,12.90479,0.00,0.00
2017.10.11 13:29:19.556,12.90261,12.90479,0.00,0.00
2017.10.11 13:29:20.816,12.90262,12.90478,0.00,0.00
2017.10.11 13:29:21.390,12.90261,12.90479,0.00,0.00
2017.10.11 13:29:21.919,12.90251,12.90479,0.00,0.00
2017.10.11 13:29:21.969,12.90231,12.90449,0.00,0.00
2017.10.11 13:29:22.346,12.90231,12.90439,0.00,0.00
2017.10.11 13:29:22.396,12.90231,12.90449,0.00,0.00
2017.10.11 13:29:22.447,12.90231,12.90459,0.00,0.00
2017.10.11 13:29:22.497,12.90238,12.90459,0.00,0.00
2017.10.11 13:29:23.112,12.90228,12.90419,0.00,0.00
2017.10.11 13:29:23.163,12.90228,12.90432,0.00,0.00
2017.10.11 13:29:23.264,12.90232,12.90452,0.00,0.00
2017.10.11 13:29:23.364,12.90232,12.90458,0.00,0.00
2017.10.11 13:29:23.415,12.90249,12.90458,0.00,0.00
2017.10.11 13:29:24.145,12.90249,12.90479,0.00,0.00
2017.10.11 13:29:24.296,12.90249,12.90429,0.00,0.00
2017.10.11 13:29:24.397,12.90189,12.90429,0.00,0.00
2017.10.11 13:29:24.893,12.90182,12.90428,0.00,0.00
2017.10.11 13:29:25.594,12.90189,12.90428,0.00,0.00
2017.10.11 13:29:25.919,12.90151,12.90379,0.00,0.00
2017.10.11 13:29:26.411,12.90159,12.90379,0.00,0.00
2017.10.11 13:29:26.608,12.90148,12.90378,0.00,0.00
2017.10.11 13:29:27.109,12.90148,12.90379,0.00,0.00
2017.10.11 13:29:27.341,12.90151,12.90379,0.00,0.00
2017.10.11 13:29:27.686,12.90158,12.90379,0.00,0.00
2017.10.11 13:29:27.737,12.90142,12.90378,0.00,0.00
2017.10.11 13:29:28.257,12.90141,12.90379,0.00,0.00
2017.10.11 13:29:28.762,12.90142,12.90378,0.00,0.00
2017.10.11 13:29:29.336,12.90141,12.90379,0.00,0.00
2017.10.11 13:29:29.505,12.90158,12.90378,0.00,0.00
2017.10.11 13:29:29.600,12.90142,12.90378,0.00,0.00
2017.10.11 13:29:30.166,12.90141,12.90379,0.00,0.00
2017.10.11 13:29:31.001,12.90169,12.90379,0.00,0.00
2017.10.11 13:29:31.417,12.90142,12.90378,0.00,0.00
2017.10.11 13:29:31.906,12.90151,12.90379,0.00,0.00
2017.10.11 13:29:32.297,12.90158,12.90379,0.00,0.00
2017.10.11 13:29:32.626,12.90152,12.90378,0.00,0.00
2017.10.11 13:29:32.897,12.90141,12.90379,0.00,0.00
2017.10.11 13:29:33.411,12.90142,12.90368,0.00,0.00
2017.10.11 13:29:33.998,12.90141,12.90369,0.00,0.00
2017.10.11 13:29:34.554,12.90141,12.90359,0.00,0.00
2017.10.11 13:29:34.858,12.90141,12.90369,0.00,0.00
2017.10.11 13:29:34.909,12.90158,12.90369,0.00,0.00
2017.10.11 13:29:34.959,12.90158,12.90378,0.00,0.00
2017.10.11 13:29:35.555,12.90158,12.90379,0.00,0.00
2017.10.11 13:29:35.757,12.90141,12.90379,0.00,0.00
2017.10.11 13:29:36.465,12.90142,12.90378,0.00,0.00
2017.10.11 13:29:37.059,12.90141,12.90379,0.00,0.00
2017.10.11 13:29:38.916,12.90158,12.90379,0.00,0.00
2017.10.11 13:29:39.719,12.90158,12.90378,0.00,0.00
2017.10.11 13:29:40.247,12.90142,12.90378,0.00,0.00
2017.10.11 13:29:40.467,12.90142,12.90368,0.00,0.00
2017.10.11 13:29:40.990,12.90141,12.90369,0.00,0.00
2017.10.11 13:29:41.155,12.90131,12.90369,0.00,0.00
2017.10.11 13:29:41.820,12.90131,12.90379,0.00,0.00
2017.10.11 13:29:42.026,12.90132,12.90368,0.00,0.00
2017.10.11 13:29:42.350,12.90132,12.90358,0.00,0.00
2017.10.11 13:29:42.678,12.90138,12.90358,0.00,0.00
2017.10.11 13:29:43.161,12.90131,12.90359,0.00,0.00
2017.10.11 13:29:43.536,12.90131,12.90369,0.00,0.00
2017.10.11 13:29:43.738,12.90149,12.90369,0.00,0.00
2017.10.11 13:29:43.788,12.90149,12.90379,0.00,0.00
2017.10.11 13:29:43.839,12.90158,12.90379,0.00,0.00
2017.10.11 13:29:44.397,12.90158,12.90369,0.00,0.00
2017.10.11 13:29:45.123,12.90148,12.90369,0.00,0.00
2017.10.11 13:29:45.226,12.90148,12.90359,0.00,0.00
2017.10.11 13:29:45.327,12.90141,12.90379,0.00,0.00
2017.10.11 13:29:45.523,12.90158,12.90379,0.00,0.00
2017.10.11 13:29:46.148,12.90158,12.90369,0.00,0.00
2017.10.11 13:29:46.249,12.90131,12.90369,0.00,0.00
2017.10.11 13:29:46.362,12.90122,12.90328,0.00,0.00
2017.10.11 13:29:46.412,12.90121,12.90331,0.00,0.00
2017.10.11 13:29:46.463,12.90122,12.90368,0.00,0.00
2017.10.11 13:29:46.629,12.90149,12.90368,0.00,0.00
2017.10.11 13:29:47.195,12.90149,12.90369,0.00,0.00
2017.10.11 13:29:47.246,12.90121,12.90369,0.00,0.00
2017.10.11 13:29:47.350,12.90129,12.90369,0.00,0.00
2017.10.11 13:29:47.663,12.90048,12.90279,0.00,0.00
2017.10.11 13:29:47.764,12.90041,12.90279,0.00,0.00
2017.10.11 13:29:47.886,12.90041,12.90269,0.00,0.00
2017.10.11 13:29:47.954,12.90042,12.90278,0.00,0.00
2017.10.11 13:29:48.055,12.90059,12.90278,0.00,0.00
2017.10.11 13:29:48.215,12.90059,12.90281,0.00,0.00
2017.10.11 13:29:48.266,12.90049,12.90281,0.00,0.00
2017.10.11 13:29:48.776,12.90051,12.90281,0.00,0.00
2017.10.11 13:29:49.135,12.90072,12.90281,0.00,0.00
2017.10.11 13:29:49.286,12.90092,12.90328,0.00,0.00
2017.10.11 13:29:49.337,12.90118,12.90329,0.00,0.00
2017.10.11 13:29:49.660,12.90092,12.90328,0.00,0.00
2017.10.11 13:29:49.736,12.90118,12.90328,0.00,0.00
2017.10.11 13:29:49.837,12.90091,12.90329,0.00,0.00
2017.10.11 13:29:50.078,12.90098,12.90328,0.00,0.00
2017.10.11 13:29:50.480,12.90098,12.90279,0.00,0.00
2017.10.11 13:29:50.581,12.90049,12.90278,0.00,0.00
2017.10.11 13:29:50.682,12.90051,12.90279,0.00,0.00
2017.10.11 13:29:50.732,12.90041,12.90279,0.00,0.00
2017.10.11 13:29:50.956,12.90099,12.90321,0.00,0.00
2017.10.11 13:29:51.241,12.90091,12.90329,0.00,0.00
2017.10.11 13:29:51.342,12.90082,12.90282,0.00,0.00
2017.10.11 13:29:51.443,12.90059,12.90278,0.00,0.00
2017.10.11 13:29:51.670,12.90091,12.90329,0.00,0.00
2017.10.11 13:29:51.721,12.90131,12.90332,0.00,0.00
2017.10.11 13:29:51.771,12.90149,12.90379,0.00,0.00
2017.10.11 13:29:51.959,12.90131,12.90379,0.00,0.00
2017.10.11 13:29:52.060,12.90158,12.90379,0.00,0.00
2017.10.11 13:29:52.644,12.90142,12.90378,0.00,0.00
2017.10.11 13:29:52.797,12.90139,12.90378,0.00,0.00
2017.10.11 13:29:52.898,12.90131,12.90379,0.00,0.00
2017.10.11 13:29:53.446,12.90138,12.90378,0.00,0.00
2017.10.11 13:29:53.845,12.90158,12.90379,0.00,0.00
2017.10.11 13:29:54.057,12.90138,12.90379,0.00,0.00
2017.10.11 13:29:54.147,12.90131,12.90379,0.00,0.00
2017.10.11 13:29:54.596,12.90158,12.90379,0.00,0.00
2017.10.11 13:29:56.155,12.90158,12.90378,0.00,0.00
2017.10.11 13:29:56.256,12.90142,12.90378,0.00,0.00
2017.10.11 13:29:56.320,12.90138,12.90379,0.00,0.00
2017.10.11 13:29:57.154,12.90131,12.90379,0.00,0.00
2017.10.11 13:29:57.496,12.90141,12.90379,0.00,0.00
2017.10.11 13:29:57.546,12.90131,12.90379,0.00,0.00
2017.10.11 13:29:57.597,12.90159,12.90379,0.00,0.00
2017.10.11 13:29:57.698,12.90131,12.90379,0.00,0.00
2017.10.11 13:29:57.975,12.90159,12.90379,0.00,0.00
2017.10.11 13:29:58.257,12.90131,12.90379,0.00,0.00
2017.10.11 13:29:58.757,12.90158,12.90379,0.00,0.00
2017.10.11 13:29:59.558,12.90131,12.90379,0.00,0.00
2017.10.11 13:29:59.952,12.90131,12.90369,0.00,0.00
2017.10.11 13:30:00.212,12.90131,12.90379,0.00,0.00
2017.10.11 13:30:00.263,12.90158,12.90378,0.00,0.00
2017.10.11 13:30:00.600,12.90131,12.90379,0.00,0.00
2017.10.11 13:30:00.701,12.90131,12.90369,0.00,0.00
2017.10.11 13:30:00.816,12.90131,12.90379,0.00,0.00
2017.10.11 13:30:01.065,12.90141,12.90379,0.00,0.00
2017.10.11 13:30:01.367,12.90159,12.90379,0.00,0.00
2017.10.11 13:30:01.468,12.90142,12.90378,0.00,0.00
2017.10.11 13:30:01.519,12.90132,12.90378,0.00,0.00
2017.10.11 13:30:01.566,12.90138,12.90378,0.00,0.00
2017.10.11 13:30:01.867,12.90162,12.90378,0.00,0.00
2017.10.11 13:30:01.918,12.90159,12.90379,0.00,0.00
2017.10.11 13:30:01.969,12.90131,12.90379,0.00,0.00
2017.10.11 13:30:02.070,12.90131,12.90359,0.00,0.00
2017.10.11 13:30:02.175,12.90131,12.90379,0.00,0.00
2017.10.11 13:30:02.233,12.90141,12.90379,0.00,0.00
2017.10.11 13:30:02.582,12.90161,12.90379,0.00,0.00
2017.10.11 13:30:02.807,12.90151,12.90379,0.00,0.00
2017.10.11 13:30:03.196,12.90161,12.90379,0.00,0.00
2017.10.11 13:30:03.465,12.90232,12.90478,0.00,0.00
2017.10.11 13:30:03.515,12.90232,12.90458,0.00,0.00
2017.10.11 13:30:03.566,12.90198,12.90428,0.00,0.00
2017.10.11 13:30:03.617,12.90239,12.90428,0.00,0.00
2017.10.11 13:30:03.749,12.90181,12.90429,0.00,0.00
2017.10.11 13:30:03.850,12.90181,12.90382,0.00,0.00
2017.10.11 13:30:04.001,12.90238,12.90479,0.00,0.00
2017.10.11 13:30:04.512,12.90232,12.90478,0.00,0.00
2017.10.11 13:30:04.676,12.90262,12.90478,0.00,0.00
2017.10.11 13:30:04.997,12.90272,12.90478,0.00,0.00
2017.10.11 13:30:05.462,12.90262,12.90478,0.00,0.00
2017.10.11 13:30:05.992,12.90272,12.90478,0.00,0.00
2017.10.11 13:30:06.244,12.90338,12.90559,0.00,0.00
2017.10.11 13:30:06.345,12.90328,12.90559,0.00,0.00
2017.10.11 13:30:06.411,12.90321,12.90559,0.00,0.00
2017.10.11 13:30:06.462,12.90332,12.90568,0.00,0.00
2017.10.11 13:30:06.771,12.90331,12.90549,0.00,0.00
2017.10.11 13:30:07.093,12.90338,12.90529,0.00,0.00
2017.10.11 13:30:07.144,12.90338,12.90549,0.00,0.00
2017.10.11 13:30:07.245,12.90338,12.90529,0.00,0.00
2017.10.11 13:30:07.296,12.90298,12.90498,0.00,0.00
2017.10.11 13:30:07.346,12.90298,12.90479,0.00,0.00
2017.10.11 13:30:07.397,12.90292,12.90478,0.00,0.00
2017.10.11 13:30:07.448,12.90292,12.90522,0.00,0.00
2017.10.11 13:30:07.499,12.90291,12.90529,0.00,0.00
2017.10.11 13:30:07.765,12.90291,12.90482,0.00,0.00
2017.10.11 13:30:07.815,12.90278,12.90479,0.00,0.00
2017.10.11 13:30:07.916,12.90231,12.90479,0.00,0.00
2017.10.11 13:30:08.287,12.90248,12.90478,0.00,0.00
2017.10.11 13:30:08.601,12.90241,12.90479,0.00,0.00
2017.10.11 13:30:08.702,12.90272,12.90478,0.00,0.00
2017.10.11 13:30:09.140,12.90282,12.90478,0.00,0.00
2017.10.11 13:30:09.771,12.90281,12.90479,0.00,0.00
2017.10.11 13:30:10.081,12.90271,12.90479,0.00,0.00
2017.10.11 13:30:10.488,12.90262,12.90478,0.00,0.00
2017.10.11 13:30:10.589,12.90231,12.90479,0.00,0.00
2017.10.11 13:30:11.099,12.90232,12.90478,0.00,0.00
2017.10.11 13:30:11.300,12.90248,12.90479,0.00,0.00
2017.10.11 13:30:12.117,12.90251,12.90479,0.00,0.00
2017.10.11 13:30:12.432,12.90261,12.90479,0.00,0.00
2017.10.11 13:30:12.734,12.90271,12.90479,0.00,0.00
2017.10.11 13:30:12.785,12.90258,12.90479,0.00,0.00
2017.10.11 13:30:12.886,12.90298,12.90479,0.00,0.00
2017.10.11 13:30:12.987,12.90312,12.90511,0.00,0.00
2017.10.11 13:30:13.072,12.90332,12.90552,0.00,0.00
2017.10.11 13:30:13.123,12.90339,12.90569,0.00,0.00
2017.10.11 13:30:13.224,12.90339,12.90578,0.00,0.00
2017.10.11 13:30:13.482,12.90339,12.90564,0.00,0.00
2017.10.11 13:30:13.823,12.90331,12.90554,0.00,0.00
2017.10.11 13:30:14.024,12.90232,12.90482,0.00,0.00
2017.10.11 13:30:14.075,12.90241,12.90482,0.00,0.00
2017.10.11 13:30:14.284,12.90231,12.90482,0.00,0.00
2017.10.11 13:30:14.807,12.90232,12.90478,0.00,0.00
2017.10.11 13:30:15.364,12.90231,12.90479,0.00,0.00
2017.10.11 13:30:15.414,12.90248,12.90479,0.00,0.00
2017.10.11 13:30:15.744,12.90231,12.90469,0.00,0.00
2017.10.11 13:30:16.057,12.90232,12.90478,0.00,0.00
2017.10.11 13:30:16.201,12.90231,12.90469,0.00,0.00
2017.10.11 13:30:16.352,12.90231,12.90479,0.00,0.00
2017.10.11 13:30:16.402,12.90231,12.90429,0.00,0.00
2017.10.11 13:30:16.453,12.90232,12.90431,0.00,0.00
2017.10.11 13:30:16.539,12.90231,12.90469,0.00,0.00
2017.10.11 13:30:16.640,12.90231,12.90479,0.00,0.00
2017.10.11 13:30:16.741,12.90238,12.90478,0.00,0.00
2017.10.11 13:30:16.912,12.90231,12.90479,0.00,0.00
2017.10.11 13:30:17.128,12.90248,12.90478,0.00,0.00
2017.10.11 13:30:17.473,12.90261,12.90479,0.00,0.00
2017.10.11 13:30:17.523,12.90248,12.90469,0.00,0.00
2017.10.11 13:30:17.624,12.90231,12.90469,0.00,0.00
2017.10.11 13:30:18.062,12.90248,12.90469,0.00,0.00
2017.10.11 13:30:18.113,12.90248,12.90479,0.00,0.00
2017.10.11 13:30:18.214,12.90231,12.90479,0.00,0.00
2017.10.11 13:30:18.264,12.90248,12.90479,0.00,0.00
2017.10.11 13:30:18.612,12.90281,12.90479,0.00,0.00
2017.10.11 13:30:19.011,12.90262,12.90478,0.00,0.00
2017.10.11 13:30:19.162,12.90272,12.90478,0.00,0.00
2017.10.11 13:30:19.366,12.90261,12.90479,0.00,0.00
2017.10.11 13:30:19.470,12.90241,12.90479,0.00,0.00
2017.10.11 13:30:19.619,12.90252,12.90478,0.00,0.00
2017.10.11 13:30:20.085,12.90232,12.90468,0.00,0.00
2017.10.11 13:30:20.174,12.90238,12.90469,0.00,0.00
2017.10.11 13:30:20.224,12.90232,12.90468,0.00,0.00
2017.10.11 13:30:20.325,12.90231,12.90479,0.00,0.00
2017.10.11 13:30:20.426,12.90252,12.90478,0.00,0.00
2017.10.11 13:30:21.093,12.90261,12.90479,0.00,0.00
2017.10.11 13:30:21.395,12.90272,12.90478,0.00,0.00
2017.10.11 13:30:21.742,12.90291,12.90519,0.00,0.00
2017.10.11 13:30:21.793,12.90331,12.90522,0.00,0.00
2017.10.11 13:30:21.843,12.90332,12.90532,0.00,0.00
2017.10.11 13:30:21.964,12.90338,12.90579,0.00,0.00
2017.10.11 13:30:22.014,12.90338,12.90559,0.00,0.00
2017.10.11 13:30:22.166,12.90322,12.90558,0.00,0.00
2017.10.11 13:30:22.702,12.90321,12.90559,0.00,0.00
2017.10.11 13:30:22.765,12.90321,12.90519,0.00,0.00
2017.10.11 13:30:22.816,12.90332,12.90531,0.00,0.00
2017.10.11 13:30:22.917,12.90331,12.90569,0.00,0.00
2017.10.11 13:30:22.967,12.90318,12.90528,0.00,0.00
2017.10.11 13:30:23.068,12.90291,12.90529,0.00,0.00
2017.10.11 13:30:23.793,12.90292,12.90528,0.00,0.00
2017.10.11 13:30:24.303,12.90299,12.90552,0.00,0.00
2017.10.11 13:30:24.354,12.90299,12.90529,0.00,0.00
2017.10.11 13:30:24.404,12.90291,12.90529,0.00,0.00
2017.10.11 13:30:24.982,12.90292,12.90528,0.00,0.00
2017.10.11 13:30:25.133,12.90288,12.90519,0.00,0.00
2017.10.11 13:30:25.322,12.90241,12.90479,0.00,0.00
2017.10.11 13:30:25.842,12.90242,12.90478,0.00,0.00
2017.10.11 13:30:26.222,12.90251,12.90479,0.00,0.00
2017.10.11 13:30:26.921,12.90261,12.90479,0.00,0.00
2017.10.11 13:30:27.611,12.90242,12.90478,0.00,0.00
2017.10.11 13:30:27.776,12.90232,12.90478,0.00,0.00
2017.10.11 13:30:27.978,12.90281,12.90479,0.00,0.00
2017.10.11 13:30:28.079,12.90291,12.90529,0.00,0.00
2017.10.11 13:30:28.180,12.90309,12.90528,0.00,0.00
2017.10.11 13:30:28.334,12.90321,12.90569,0.00,0.00
2017.10.11 13:30:28.485,12.90328,12.90509,0.00,0.00
2017.10.11 13:30:28.687,12.90232,12.90478,0.00,0.00
2017.10.11 13:30:28.748,12.90239,12.90478,0.00,0.00
2017.10.11 13:30:29.050,12.90282,12.90478,0.00,0.00
2017.10.11 13:30:29.101,12.90269,12.90478,0.00,0.00
2017.10.11 13:30:29.202,12.90258,12.90478,0.00,0.00
2017.10.11 13:30:29.257,12.90232,12.90478,0.00,0.00
2017.10.11 13:30:29.682,12.90258,12.90479,0.00,0.00
2017.10.11 13:30:30.261,12.90232,12.90478,0.00,0.00
2017.10.11 13:30:30.762,12.90231,12.90479,0.00,0.00
2017.10.11 13:30:31.023,12.90242,12.90478,0.00,0.00
2017.10.11 13:30:31.407,12.90291,12.90479,0.00,0.00
2017.10.11 13:30:31.457,12.90281,12.90479,0.00,0.00
2017.10.11 13:30:31.558,12.90272,12.90478,0.00,0.00
2017.10.11 13:30:31.609,12.90281,12.90479,0.00,0.00
2017.10.11 13:30:31.710,12.90258,12.90479,0.00,0.00
2017.10.11 13:30:31.810,12.90308,12.90479,0.00,0.00
2017.10.11 13:30:31.911,12.90268,12.90479,0.00,0.00
2017.10.11 13:30:31.962,12.90268,12.90469,0.00,0.00
2017.10.11 13:30:32.012,12.90231,12.90469,0.00,0.00
2017.10.11 13:30:32.063,12.90231,12.90479,0.00,0.00
2017.10.11 13:30:32.245,12.90231,12.90469,0.00,0.00
2017.10.11 13:30:32.444,12.90232,12.90478,0.00,0.00
2017.10.11 13:30:32.648,12.90231,12.90469,0.00,0.00
2017.10.11 13:30:33.031,12.90231,12.90449,0.00,0.00
2017.10.11 13:30:33.372,12.90181,12.90379,0.00,0.00
2017.10.11 13:30:33.925,12.90182,12.90378,0.00,0.00
2017.10.11 13:30:33.975,12.90191,12.90421,0.00,0.00
2017.10.11 13:30:34.077,12.90208,12.90428,0.00,0.00
2017.10.11 13:30:34.596,12.90198,12.90428,0.00,0.00
2017.10.11 13:30:34.923,12.90191,12.90429,0.00,0.00
2017.10.11 13:30:36.612,12.90192,12.90428,0.00,0.00
2017.10.11 13:30:36.723,12.90182,12.90378,0.00,0.00
2017.10.11 13:30:36.924,12.90238,12.90468,0.00,0.00
2017.10.11 13:30:37.049,12.90238,12.90458,0.00,0.00
2017.10.11 13:30:37.100,12.90222,12.90458,0.00,0.00
2017.10.11 13:30:37.151,12.90232,12.90431,0.00,0.00
2017.10.11 13:30:37.252,12.90231,12.90459,0.00,0.00
2017.10.11 13:30:37.302,12.90238,12.90458,0.00,0.00
2017.10.11 13:30:37.781,12.90238,12.90479,0.00,0.00
2017.10.11 13:30:38.285,12.90248,12.90479,0.00,0.00
2017.10.11 13:30:38.386,12.90231,12.90479,0.00,0.00
2017.10.11 13:30:38.551,12.90232,12.90468,0.00,0.00
2017.10.11 13:30:39.169,12.90231,12.90469,0.00,0.00
2017.10.11 13:30:39.491,12.90231,12.90459,0.00,0.00
2017.10.11 13:30:39.835,12.90191,12.90379,0.00,0.00
2017.10.11 13:30:40.233,12.90192,12.90382,0.00,0.00
2017.10.11 13:30:40.334,12.90238,12.90428,0.00,0.00
2017.10.11 13:30:40.535,12.90191,12.90419,0.00,0.00
2017.10.11 13:30:40.590,12.90198,12.90419,0.00,0.00
2017.10.11 13:30:40.692,12.90239,12.90468,0.00,0.00
2017.10.11 13:30:40.865,12.90239,12.90448,0.00,0.00
2017.10.11 13:30:40.916,12.90222,12.90448,0.00,0.00
2017.10.11 13:30:41.091,12.90231,12.90449,0.00,0.00
2017.10.11 13:30:41.192,12.90231,12.90469,0.00,0.00
2017.10.11 13:30:41.243,12.90238,12.90459,0.00,0.00
2017.10.11 13:30:41.413,12.90221,12.90449,0.00,0.00
2017.10.11 13:30:41.564,12.90232,12.90458,0.00,0.00
2017.10.11 13:30:41.614,12.90231,12.90469,0.00,0.00
2017.10.11 13:30:41.715,12.90248,12.90469,0.00,0.00
2017.10.11 13:30:41.894,12.90231,12.90469,0.00,0.00
2017.10.11 13:30:42.396,12.90248,12.90468,0.00,0.00
2017.10.11 13:30:42.923,12.90248,12.90469,0.00,0.00
2017.10.11 13:30:43.208,12.90192,12.90418,0.00,0.00
2017.10.11 13:30:43.259,12.90148,12.90369,0.00,0.00
2017.10.11 13:30:43.510,12.90142,12.90368,0.00,0.00
2017.10.11 13:30:44.118,12.90141,12.90369,0.00,0.00
2017.10.11 13:30:44.778,12.90142,12.90368,0.00,0.00
2017.10.11 13:30:45.305,12.90158,12.90369,0.00,0.00
2017.10.11 13:30:45.640,12.90131,12.90369,0.00,0.00
2017.10.11 13:30:45.741,12.90141,12.90369,0.00,0.00
2017.10.11 13:30:46.062,12.90151,12.90369,0.00,0.00
2017.10.11 13:30:46.528,12.90158,12.90369,0.00,0.00
2017.10.11 13:30:46.730,12.90141,12.90369,0.00,0.00
2017.10.11 13:30:47.010,12.90148,12.90369,0.00,0.00
2017.10.11 13:30:47.336,12.90142,12.90368,0.00,0.00
2017.10.11 13:30:47.489,12.90149,12.90368,0.00,0.00
2017.10.11 13:30:47.823,12.90152,12.90368,0.00,0.00
2017.10.11 13:30:48.558,12.90151,12.90369,0.00,0.00
2017.10.11 13:30:49.252,12.90152,12.90368,0.00,0.00
2017.10.11 13:30:49.720,12.90171,12.90369,0.00,0.00
2017.10.11 13:30:49.859,12.90202,12.90408,0.00,0.00
2017.10.11 13:30:49.910,12.90169,12.90369,0.00,0.00
2017.10.11 13:30:50.030,12.90151,12.90369,0.00,0.00
2017.10.11 13:30:50.136,12.90142,12.90368,0.00,0.00
2017.10.11 13:30:50.686,12.90161,12.90369,0.00,0.00
2017.10.11 13:30:50.837,12.90151,12.90369,0.00,0.00
2017.10.11 13:30:51.054,12.90141,12.90369,0.00,0.00
2017.10.11 13:30:51.105,12.90162,12.90368,0.00,0.00
2017.10.11 13:30:51.206,12.90148,12.90371,0.00,0.00
2017.10.11 13:30:51.304,12.90161,12.90369,0.00,0.00
2017.10.11 13:30:51.582,12.90152,12.90368,0.00,0.00
2017.10.11 13:30:52.094,12.90231,12.90411,0.00,0.00
2017.10.11 13:30:52.145,12.90238,12.90422,0.00,0.00
2017.10.11 13:30:52.196,12.90238,12.90438,0.00,0.00
2017.10.11 13:30:52.355,12.90232,12.90438,0.00,0.00
2017.10.11 13:30:52.406,12.90231,12.90429,0.00,0.00
2017.10.11 13:30:52.781,12.90239,12.90429,0.00,0.00
2017.10.11 13:30:52.831,12.90239,12.90449,0.00,0.00
2017.10.11 13:30:52.882,12.90239,12.90458,0.00,0.00
2017.10.11 13:30:53.161,12.90232,12.90458,0.00,0.00
2017.10.11 13:30:53.513,12.90231,12.90449,0.00,0.00
2017.10.11 13:30:53.815,12.90158,12.90368,0.00,0.00
2017.10.11 13:30:53.865,12.90142,12.90368,0.00,0.00
2017.10.11 13:30:54.271,12.90232,12.90371,0.00,0.00
2017.10.11 13:30:54.322,12.90232,12.90422,0.00,0.00
2017.10.11 13:30:54.372,12.90248,12.90422,0.00,0.00
2017.10.11 13:30:54.427,12.90248,12.90468,0.00,0.00
2017.10.11 13:30:54.755,12.90248,12.90458,0.00,0.00
2017.10.11 13:30:54.855,12.90232,12.90448,0.00,0.00
2017.10.11 13:30:54.906,12.90231,12.90469,0.00,0.00
2017.10.11 13:30:54.956,12.90248,12.90469,0.00,0.00
2017.10.11 13:30:55.280,12.90209,12.90419,0.00,0.00
2017.10.11 13:30:55.381,12.90191,12.90419,0.00,0.00
2017.10.11 13:30:55.583,12.90199,12.90418,0.00,0.00
2017.10.11 13:30:55.948,12.90192,12.90418,0.00,0.00
2017.10.11 13:30:56.114,12.90221,12.90469,0.00,0.00
2017.10.11 13:30:56.164,12.90238,12.90469,0.00,0.00
2017.10.11 13:30:56.362,12.90221,12.90459,0.00,0.00
2017.10.11 13:30:56.412,12.90199,12.90369,0.00,0.00
2017.10.11 13:30:56.463,12.90162,12.90368,0.00,0.00
2017.10.11 13:30:56.564,12.90181,12.90369,0.00,0.00
2017.10.11 13:30:56.951,12.90192,12.90368,0.00,0.00
2017.10.11 13:30:57.052,12.90182,12.90368,0.00,0.00
2017.10.11 13:30:57.553,12.90181,12.90369,0.00,0.00
2017.10.11 13:30:58.061,12.90182,12.90368,0.00,0.00
2017.10.11 13:30:58.360,12.90179,12.90369,0.00,0.00
2017.10.11 13:30:58.411,12.90181,12.90369,0.00,0.00
2017.10.11 13:30:59.104,12.90182,12.90368,0.00,0.00
2017.10.11 13:30:59.155,12.90192,12.90422,0.00,0.00
2017.10.11 13:30:59.207,12.90231,12.90419,0.00,0.00
2017.10.11 13:30:59.257,12.90231,12.90422,0.00,0.00
2017.10.11 13:30:59.308,12.90249,12.90469,0.00,0.00
2017.10.11 13:30:59.487,12.90231,12.90469,0.00,0.00
2017.10.11 13:30:59.772,12.90248,12.90469,0.00,0.00
2017.10.11 13:30:59.872,12.90239,12.90468,0.00,0.00
2017.10.11 13:30:59.927,12.90239,12.90448,0.00,0.00
2017.10.11 13:30:59.978,12.90198,12.90419,0.00,0.00
2017.10.11 13:31:00.079,12.90182,12.90368,0.00,0.00
2017.10.11 13:31:00.230,12.90192,12.90418,0.00,0.00
2017.10.11 13:31:00.280,12.90199,12.90419,0.00,0.00
2017.10.11 13:31:00.528,12.90141,12.90369,0.00,0.00
2017.10.11 13:31:00.943,12.90192,12.90418,0.00,0.00
2017.10.11 13:31:01.253,12.90161,12.90369,0.00,0.00
2017.10.11 13:31:01.641,12.90331,12.90431,0.00,0.00
2017.10.11 13:31:01.692,12.90331,12.90472,0.00,0.00
2017.10.11 13:31:01.793,12.90332,12.90568,0.00,0.00
2017.10.11 13:31:02.062,12.90331,12.90471,0.00,0.00
2017.10.11 13:31:02.163,12.90332,12.90561,0.00,0.00
2017.10.11 13:31:02.214,12.90332,12.90568,0.00,0.00
2017.10.11 13:31:02.714,12.90332,12.90528,0.00,0.00
2017.10.11 13:31:03.013,12.90331,12.90539,0.00,0.00
2017.10.11 13:31:03.114,12.90331,12.90569,0.00,0.00
2017.10.11 13:31:03.632,12.90332,12.90558,0.00,0.00
2017.10.11 13:31:03.936,12.90291,12.90472,0.00,0.00
2017.10.11 13:31:04.037,12.90331,12.90569,0.00,0.00
2017.10.11 13:31:04.088,12.90341,12.90569,0.00,0.00
2017.10.11 13:31:04.623,12.90342,12.90568,0.00,0.00
2017.10.11 13:31:05.126,12.90332,12.90568,0.00,0.00
2017.10.11 13:31:05.202,12.90341,12.90569,0.00,0.00
2017.10.11 13:31:05.773,12.90342,12.90568,0.00,0.00
2017.10.11 13:31:06.097,12.90361,12.90569,0.00,0.00
2017.10.11 13:31:06.469,12.90349,12.90568,0.00,0.00
2017.10.11 13:31:06.519,12.90332,12.90568,0.00,0.00
2017.10.11 13:31:06.570,12.90332,12.90558,0.00,0.00
2017.10.11 13:31:06.873,12.90349,12.90569,0.00,0.00
2017.10.11 13:31:06.985,12.90331,12.90569,0.00,0.00
2017.10.11 13:31:07.174,12.90362,12.90568,0.00,0.00
2017.10.11 13:31:07.275,12.90331,12.90569,0.00,0.00
2017.10.11 13:31:07.326,12.90338,12.90568,0.00,0.00
2017.10.11 13:31:07.427,12.90332,12.90568,0.00,0.00
2017.10.11 13:31:07.591,12.90332,12.90538,0.00,0.00
2017.10.11 13:31:07.641,12.90332,12.90568,0.00,0.00
2017.10.11 13:31:07.793,12.90301,12.90519,0.00,0.00
2017.10.11 13:31:07.843,12.90292,12.90522,0.00,0.00
2017.10.11 13:31:07.894,12.90292,12.90518,0.00,0.00
2017.10.11 13:31:08.196,12.90241,12.90469,0.00,0.00
2017.10.11 13:31:08.702,12.90242,12.90468,0.00,0.00
2017.10.11 13:31:09.139,12.90231,12.90469,0.00,0.00
2017.10.11 13:31:09.498,12.90261,12.90469,0.00,0.00
2017.10.11 13:31:09.713,12.90242,12.90468,0.00,0.00
2017.10.11 13:31:09.814,12.90251,12.90469,0.00,0.00
2017.10.11 13:31:09.914,12.90242,12.90468,0.00,0.00
2017.10.11 13:31:09.965,12.90231,12.90469,0.00,0.00
2017.10.11 13:31:10.474,12.90232,12.90468,0.00,0.00
2017.10.11 13:31:10.817,12.90238,12.90468,0.00,0.00
2017.10.11 13:31:11.433,12.90232,12.90468,0.00,0.00
2017.10.11 13:31:11.990,12.90231,12.90469,0.00,0.00
2017.10.11 13:31:12.040,12.90248,12.90469,0.00,0.00
2017.10.11 13:31:12.892,12.90231,12.90469,0.00,0.00
2017.10.11 13:31:13.672,12.90241,12.90469,0.00,0.00
2017.10.11 13:31:14.015,12.90252,12.90468,0.00,0.00
2017.10.11 13:31:14.202,12.90241,12.90469,0.00,0.00
2017.10.11 13:31:14.513,12.90252,12.90468,0.00,0.00
2017.10.11 13:31:15.032,12.90251,12.90469,0.00,0.00
2017.10.11 13:31:15.238,12.90241,12.90469,0.00,0.00
2017.10.11 13:31:15.289,12.90208,12.90372,0.00,0.00
2017.10.11 13:31:15.340,12.90188,12.90372,0.00,0.00
2017.10.11 13:31:15.441,12.90131,12.90372,0.00,0.00
2017.10.11 13:31:15.952,12.90131,12.90349,0.00,0.00
2017.10.11 13:31:16.162,12.90132,12.90358,0.00,0.00
2017.10.11 13:31:16.364,12.90131,12.90349,0.00,0.00
2017.10.11 13:31:16.631,12.90131,12.90372,0.00,0.00
2017.10.11 13:31:16.732,12.90158,12.90372,0.00,0.00
2017.10.11 13:31:17.113,12.90142,12.90372,0.00,0.00
2017.10.11 13:31:17.163,12.90152,12.90372,0.00,0.00
2017.10.11 13:31:17.444,12.90141,12.90372,0.00,0.00
2017.10.11 13:31:18.736,12.90158,12.90372,0.00,0.00
2017.10.11 13:31:18.808,12.90132,12.90372,0.00,0.00
2017.10.11 13:31:18.882,12.90142,12.90372,0.00,0.00
2017.10.11 13:31:19.396,12.90141,12.90372,0.00,0.00
2017.10.11 13:31:20.059,12.90142,12.90372,0.00,0.00
2017.10.11 13:31:20.351,12.90139,12.90372,0.00,0.00
2017.10.11 13:31:20.402,12.90131,12.90372,0.00,0.00
2017.10.11 13:31:20.452,12.90152,12.90372,0.00,0.00
2017.10.11 13:31:20.851,12.90158,12.90372,0.00,0.00
2017.10.11 13:31:21.338,12.90132,12.90372,0.00,0.00
2017.10.11 13:31:21.591,12.90132,12.90368,0.00,0.00
2017.10.11 13:31:21.911,12.90132,12.90358,0.00,0.00
2017.10.11 13:31:22.215,12.90158,12.90372,0.00,0.00
2017.10.11 13:31:22.505,12.90142,12.90372,0.00,0.00
2017.10.11 13:31:22.571,12.90131,12.90372,0.00,0.00
2017.10.11 13:31:22.625,12.90142,12.90372,0.00,0.00
2017.10.11 13:31:23.030,12.90158,12.90372,0.00,0.00
2017.10.11 13:31:23.149,12.90151,12.90372,0.00,0.00
2017.10.11 13:31:23.200,12.90149,12.90372,0.00,0.00
2017.10.11 13:31:23.332,12.90132,12.90372,0.00,0.00
2017.10.11 13:31:23.433,12.90158,12.90372,0.00,0.00
2017.10.11 13:31:23.739,12.90142,12.90372,0.00,0.00
2017.10.11 13:31:23.907,12.90158,12.90372,0.00,0.00
2017.10.11 13:31:24.123,12.90151,12.90372,0.00,0.00
2017.10.11 13:31:24.569,12.90131,12.90372,0.00,0.00
2017.10.11 13:31:24.767,12.90131,12.90369,0.00,0.00
2017.10.11 13:31:25.131,12.90158,12.90372,0.00,0.00
2017.10.11 13:31:25.232,12.90142,12.90372,0.00,0.00
2017.10.11 13:31:25.992,12.90152,12.90372,0.00,0.00
2017.10.11 13:31:26.332,12.90158,12.90372,0.00,0.00
2017.10.11 13:31:26.442,12.90149,12.90372,0.00,0.00
2017.10.11 13:31:26.545,12.90131,12.90372,0.00,0.00
2017.10.11 13:31:26.601,12.90152,12.90372,0.00,0.00
2017.10.11 13:31:26.950,12.90141,12.90372,0.00,0.00
2017.10.11 13:31:27.371,12.90132,12.90372,0.00,0.00
2017.10.11 13:31:27.871,12.90141,12.90372,0.00,0.00
2017.10.11 13:31:28.035,12.90131,12.90372,0.00,0.00
2017.10.11 13:31:28.264,12.90132,12.90368,0.00,0.00
2017.10.11 13:31:28.623,12.90158,12.90369,0.00,0.00
2017.10.11 13:31:29.136,12.90159,12.90369,0.00,0.00
2017.10.11 13:31:29.187,12.90159,12.90372,0.00,0.00
2017.10.11 13:31:29.662,12.90142,12.90372,0.00,0.00
2017.10.11 13:31:29.851,12.90131,12.90372,0.00,0.00
2017.10.11 13:31:30.163,12.90159,12.90372,0.00,0.00
2017.10.11 13:31:30.326,12.90131,12.90359,0.00,0.00
2017.10.11 13:31:30.460,12.90151,12.90372,0.00,0.00
2017.10.11 13:31:30.813,12.90158,12.90372,0.00,0.00
2017.10.11 13:31:30.923,12.90151,12.90372,0.00,0.00
2017.10.11 13:31:31.274,12.90142,12.90372,0.00,0.00
2017.10.11 13:31:31.726,12.90158,12.90372,0.00,0.00
2017.10.11 13:31:32.134,12.90152,12.90372,0.00,0.00
2017.10.11 13:31:32.527,12.90158,12.90372,0.00,0.00
2017.10.11 13:31:33.033,12.90151,12.90372,0.00,0.00
2017.10.11 13:31:33.133,12.90142,12.90372,0.00,0.00
2017.10.11 13:31:33.698,12.90141,12.90372,0.00,0.00
2017.10.11 13:31:33.803,12.90151,12.90372,0.00,0.00
2017.10.11 13:31:34.104,12.90161,12.90372,0.00,0.00
2017.10.11 13:31:34.405,12.90171,12.90372,0.00,0.00
2017.10.11 13:31:34.472,12.90158,12.90372,0.00,0.00
2017.10.11 13:31:34.534,12.90151,12.90372,0.00,0.00
2017.10.11 13:31:34.672,12.90162,12.90372,0.00,0.00
2017.10.11 13:31:34.773,12.90151,12.90372,0.00,0.00
2017.10.11 13:31:35.070,12.90158,12.90372,0.00,0.00
2017.10.11 13:31:35.184,12.90141,12.90372,0.00,0.00
2017.10.11 13:31:35.234,12.90151,12.90372,0.00,0.00
2017.10.11 13:31:35.582,12.90081,12.90309,0.00,0.00
2017.10.11 13:31:35.632,12.90131,12.90272,0.00,0.00
2017.10.11 13:31:35.733,12.90131,12.90349,0.00,0.00
2017.10.11 13:31:35.784,12.90149,12.90369,0.00,0.00
2017.10.11 13:31:35.885,12.90138,12.90369,0.00,0.00
2017.10.11 13:31:36.401,12.90138,12.90368,0.00,0.00
2017.10.11 13:31:36.542,12.90132,12.90368,0.00,0.00
2017.10.11 13:31:36.593,12.90131,12.90349,0.00,0.00
2017.10.11 13:31:36.702,12.90131,12.90359,0.00,0.00
2017.10.11 13:31:36.752,12.90148,12.90369,0.00,0.00
2017.10.11 13:31:37.332,12.90148,12.90368,0.00,0.00
2017.10.11 13:31:37.674,12.90168,12.90368,0.00,0.00
2017.10.11 13:31:38.321,12.90168,12.90369,0.00,0.00
2017.10.11 13:31:38.763,12.90171,12.90369,0.00,0.00
2017.10.11 13:31:38.914,12.90252,12.90468,0.00,0.00
2017.10.11 13:31:38.965,12.90258,12.90469,0.00,0.00
2017.10.11 13:31:39.323,12.90261,12.90469,0.00,0.00
2017.10.11 13:31:39.581,12.90252,12.90468,0.00,0.00
2017.10.11 13:31:39.764,12.90242,12.90468,0.00,0.00
2017.10.11 13:31:40.362,12.90241,12.90469,0.00,0.00
2017.10.11 13:31:40.463,12.90232,12.90468,0.00,0.00
2017.10.11 13:31:40.514,12.90292,12.90468,0.00,0.00
2017.10.11 13:31:40.615,12.90279,12.90469,0.00,0.00
2017.10.11 13:31:40.715,12.90269,12.90469,0.00,0.00
2017.10.11 13:31:40.766,12.90241,12.90469,0.00,0.00
2017.10.11 13:31:40.917,12.90292,12.90468,0.00,0.00
2017.10.11 13:31:41.354,12.90301,12.90469,0.00,0.00
2017.10.11 13:31:41.476,12.90282,12.90468,0.00,0.00
2017.10.11 13:31:41.628,12.90331,12.90519,0.00,0.00
2017.10.11 13:31:41.729,12.90331,12.90521,0.00,0.00
2017.10.11 13:31:41.779,12.90339,12.90519,0.00,0.00
2017.10.11 13:31:41.880,12.90291,12.90519,0.00,0.00
2017.10.11 13:31:41.930,12.90282,12.90468,0.00,0.00
2017.10.11 13:31:42.295,12.90291,12.90469,0.00,0.00
2017.10.11 13:31:42.396,12.90312,12.90508,0.00,0.00
2017.10.11 13:31:42.446,12.90281,12.90469,0.00,0.00
2017.10.11 13:31:42.648,12.90271,12.90469,0.00,0.00
2017.10.11 13:31:42.749,12.90261,12.90469,0.00,0.00
2017.10.11 13:31:42.875,12.90291,12.90469,0.00,0.00
2017.10.11 13:31:43.026,12.90292,12.90508,0.00,0.00
2017.10.11 13:31:43.077,12.90308,12.90469,0.00,0.00
2017.10.11 13:31:43.178,12.90292,12.90468,0.00,0.00
2017.10.11 13:31:43.318,12.90331,12.90472,0.00,0.00
2017.10.11 13:31:43.370,12.90318,12.90558,0.00,0.00
2017.10.11 13:31:43.421,12.90331,12.90559,0.00,0.00
2017.10.11 13:31:43.471,12.90331,12.90569,0.00,0.00
2017.10.11 13:31:43.691,12.90321,12.90519,0.00,0.00
2017.10.11 13:31:43.742,12.90301,12.90519,0.00,0.00
2017.10.11 13:31:43.893,12.90289,12.90508,0.00,0.00
2017.10.11 13:31:43.944,12.90291,12.90469,0.00,0.00
2017.10.11 13:31:43.994,12.90292,12.90518,0.00,0.00
2017.10.11 13:31:44.196,12.90299,12.90518,0.00,0.00
2017.10.11 13:31:44.512,12.90291,12.90469,0.00,0.00
2017.10.11 13:31:45.146,12.90248,12.90469,0.00,0.00
2017.10.11 13:31:45.197,12.90238,12.90468,0.00,0.00
2017.10.11 13:31:45.298,12.90231,12.90469,0.00,0.00
2017.10.11 13:31:45.478,12.90291,12.90469,0.00,0.00
2017.10.11 13:31:46.521,12.90292,12.90468,0.00,0.00
2017.10.11 13:31:47.017,12.90258,12.90468,0.00,0.00
2017.10.11 13:31:47.068,12.90232,12.90468,0.00,0.00
2017.10.11 13:31:47.951,12.90231,12.90469,0.00,0.00
2017.10.11 13:31:48.122,12.90231,12.90459,0.00,0.00
2017.10.11 13:31:48.652,12.90239,12.90458,0.00,0.00
2017.10.11 13:31:48.703,12.90248,12.90469,0.00,0.00
2017.10.11 13:31:49.122,12.90248,12.90448,0.00,0.00
2017.10.11 13:31:49.222,12.90248,12.90459,0.00,0.00
2017.10.11 13:31:49.273,12.90232,12.90458,0.00,0.00
2017.10.11 13:31:49.693,12.90231,12.90469,0.00,0.00
2017.10.11 13:31:49.794,12.90239,12.90459,0.00,0.00
2017.10.11 13:31:49.895,12.90232,12.90458,0.00,0.00
2017.10.11 13:31:50.171,12.90231,12.90469,0.00,0.00
2017.10.11 13:31:50.358,12.90249,12.90469,0.00,0.00
2017.10.11 13:31:50.675,12.90181,12.90369,0.00,0.00
2017.10.11 13:31:50.826,12.90209,12.90419,0.00,0.00
2017.10.11 13:31:51.077,12.90208,12.90368,0.00,0.00
2017.10.11 13:31:51.178,12.90181,12.90369,0.00,0.00
2017.10.11 13:31:51.311,12.90189,12.90408,0.00,0.00
2017.10.11 13:31:51.362,12.90189,12.90369,0.00,0.00
2017.10.11 13:31:51.673,12.90152,12.90368,0.00,0.00
2017.10.11 13:31:51.724,12.90161,12.90369,0.00,0.00
2017.10.11 13:31:52.252,12.90141,12.90369,0.00,0.00
2017.10.11 13:31:52.875,12.90148,12.90369,0.00,0.00
2017.10.11 13:31:53.312,12.90141,12.90369,0.00,0.00
2017.10.11 13:31:53.936,12.90142,12.90368,0.00,0.00
2017.10.11 13:31:54.511,12.90141,12.90369,0.00,0.00
2017.10.11 13:31:55.516,12.90142,12.90368,0.00,0.00
2017.10.11 13:31:55.724,12.90149,12.90368,0.00,0.00
2017.10.11 13:31:56.085,12.90162,12.90368,0.00,0.00
2017.10.11 13:31:56.522,12.90158,12.90368,0.00,0.00
2017.10.11 13:31:56.587,12.90152,12.90368,0.00,0.00
2017.10.11 13:31:56.638,12.90142,12.90368,0.00,0.00
2017.10.11 13:31:56.970,12.90151,12.90369,0.00,0.00
2017.10.11 13:31:57.298,12.90168,12.90368,0.00,0.00
2017.10.11 13:31:57.519,12.90161,12.90369,0.00,0.00
2017.10.11 13:31:57.773,12.90151,12.90369,0.00,0.00
2017.10.11 13:31:57.891,12.90159,12.90368,0.00,0.00
2017.10.11 13:31:58.221,12.90152,12.90368,0.00,0.00
2017.10.11 13:31:58.444,12.90161,12.90369,0.00,0.00
2017.10.11 13:31:58.494,12.90191,12.90419,0.00,0.00
2017.10.11 13:31:58.545,12.90189,12.90369,0.00,0.00
2017.10.11 13:31:58.696,12.90182,12.90368,0.00,0.00
2017.10.11 13:31:58.747,12.90178,12.90368,0.00,0.00
2017.10.11 13:31:58.848,12.90142,12.90368,0.00,0.00
2017.10.11 13:31:59.583,12.90141,12.90369,0.00,0.00
2017.10.11 13:31:59.633,12.90321,12.90421,0.00,0.00
2017.10.11 13:31:59.734,12.90342,12.90472,0.00,0.00
2017.10.11 13:31:59.785,12.90332,12.90562,0.00,0.00
2017.10.11 13:31:59.835,12.90339,12.90569,0.00,0.00
2017.10.11 13:32:00.152,12.90332,12.90568,0.00,0.00
2017.10.11 13:32:00.202,12.90362,12.90568,0.00,0.00
2017.10.11 13:32:00.253,12.90351,12.90569,0.00,0.00
2017.10.11 13:32:00.354,12.90361,12.90569,0.00,0.00
2017.10.11 13:32:00.405,12.90349,12.90568,0.00,0.00
2017.10.11 13:32:00.455,12.90351,12.90569,0.00,0.00
2017.10.11 13:32:00.757,12.90431,12.90621,0.00,0.00
2017.10.11 13:32:00.858,12.90448,12.90669,0.00,0.00
2017.10.11 13:32:00.909,12.90438,12.90668,0.00,0.00
2017.10.11 13:32:01.010,12.90432,12.90668,0.00,0.00
2017.10.11 13:32:01.132,12.90438,12.90669,0.00,0.00
2017.10.11 13:32:01.448,12.90431,12.90639,0.00,0.00
2017.10.11 13:32:01.832,12.90439,12.90649,0.00,0.00
2017.10.11 13:32:02.198,12.90432,12.90648,0.00,0.00
2017.10.11 13:32:02.299,12.90431,12.90639,0.00,0.00
2017.10.11 13:32:02.744,12.90431,12.90659,0.00,0.00
2017.10.11 13:32:02.795,12.90432,12.90668,0.00,0.00
2017.10.11 13:32:02.846,12.90438,12.90668,0.00,0.00
2017.10.11 13:32:03.100,12.90432,12.90668,0.00,0.00
2017.10.11 13:32:03.652,12.90442,12.90668,0.00,0.00
2017.10.11 13:32:04.194,12.90451,12.90669,0.00,0.00
2017.10.11 13:32:04.546,12.90462,12.90668,0.00,0.00
2017.10.11 13:32:04.596,12.90448,12.90669,0.00,0.00
2017.10.11 13:32:04.747,12.90441,12.90669,0.00,0.00
2017.10.11 13:32:04.865,12.90421,12.90669,0.00,0.00
2017.10.11 13:32:04.965,12.90421,12.90649,0.00,0.00
2017.10.11 13:32:05.270,12.90428,12.90649,0.00,0.00
2017.10.11 13:32:05.601,12.90422,12.90638,0.00,0.00
2017.10.11 13:32:05.867,12.90422,12.90658,0.00,0.00
2017.10.11 13:32:05.917,12.90439,12.90659,0.00,0.00
2017.10.11 13:32:05.968,12.90439,12.90668,0.00,0.00
2017.10.11 13:32:06.069,12.90439,12.90648,0.00,0.00
2017.10.11 13:32:06.206,12.90431,12.90649,0.00,0.00
2017.10.11 13:32:06.257,12.90421,12.90649,0.00,0.00
2017.10.11 13:32:06.307,12.90429,12.90649,0.00,0.00
2017.10.11 13:32:06.707,12.90422,12.90648,0.00,0.00
2017.10.11 13:32:06.877,12.90421,12.90639,0.00,0.00
2017.10.11 13:32:07.213,12.90429,12.90638,0.00,0.00
2017.10.11 13:32:07.581,12.90448,12.90649,0.00,0.00
2017.10.11 13:32:07.722,12.90429,12.90639,0.00,0.00
2017.10.11 13:32:07.773,12.90429,12.90649,0.00,0.00
2017.10.11 13:32:07.824,12.90429,12.90669,0.00,0.00
2017.10.11 13:32:07.924,12.90448,12.90669,0.00,0.00
2017.10.11 13:32:08.423,12.90448,12.90659,0.00,0.00
2017.10.11 13:32:08.575,12.90432,12.90648,0.00,0.00
2017.10.11 13:32:08.725,12.90461,12.90669,0.00,0.00
2017.10.11 13:32:09.299,12.90459,12.90658,0.00,0.00
2017.10.11 13:32:09.350,12.90432,12.90658,0.00,0.00
2017.10.11 13:32:09.517,12.90431,12.90649,0.00,0.00
2017.10.11 13:32:09.567,12.90429,12.90648,0.00,0.00
2017.10.11 13:32:09.618,12.90422,12.90638,0.00,0.00
2017.10.11 13:32:09.905,12.90421,12.90659,0.00,0.00
2017.10.11 13:32:09.956,12.90421,12.90649,0.00,0.00
2017.10.11 13:32:10.303,12.90438,12.90649,0.00,0.00
2017.10.11 13:32:10.502,12.90438,12.90658,0.00,0.00
2017.10.11 13:32:10.654,12.90449,12.90659,0.00,0.00
2017.10.11 13:32:10.855,12.90421,12.90639,0.00,0.00
2017.10.11 13:32:11.373,12.90422,12.90638,0.00,0.00
2017.10.11 13:32:11.423,12.90438,12.90649,0.00,0.00
2017.10.11 13:32:12.460,12.90438,12.90638,0.00,0.00
2017.10.11 13:32:12.518,12.90422,12.90638,0.00,0.00
2017.10.11 13:32:13.060,12.90421,12.90639,0.00,0.00
2017.10.11 13:32:13.574,12.90422,12.90648,0.00,0.00
2017.10.11 13:32:13.625,12.90438,12.90648,0.00,0.00
2017.10.11 13:32:14.420,12.90422,12.90648,0.00,0.00
2017.10.11 13:32:15.052,12.90421,12.90639,0.00,0.00
2017.10.11 13:32:15.584,12.90421,12.90629,0.00,0.00
2017.10.11 13:32:15.813,12.90419,12.90649,0.00,0.00
2017.10.11 13:32:15.864,12.90422,12.90608,0.00,0.00
2017.10.11 13:32:15.914,12.90422,12.90612,0.00,0.00
2017.10.11 13:32:15.965,12.90421,12.90659,0.00,0.00
2017.10.11 13:32:16.134,12.90428,12.90659,0.00,0.00
2017.10.11 13:32:16.451,12.90448,12.90659,0.00,0.00
2017.10.11 13:32:16.552,12.90432,12.90658,0.00,0.00
2017.10.11 13:32:16.653,12.90442,12.90658,0.00,0.00
2017.10.11 13:32:17.226,12.90441,12.90659,0.00,0.00
2017.10.11 13:32:17.952,12.90442,12.90658,0.00,0.00
2017.10.11 13:32:18.428,12.90452,12.90658,0.00,0.00
2017.10.11 13:32:18.683,12.90441,12.90659,0.00,0.00
2017.10.11 13:32:18.871,12.90451,12.90659,0.00,0.00
2017.10.11 13:32:19.172,12.90491,12.90709,0.00,0.00
2017.10.11 13:32:19.222,12.90491,12.90659,0.00,0.00
2017.10.11 13:32:19.273,12.90468,12.90658,0.00,0.00
2017.10.11 13:32:19.374,12.90448,12.90658,0.00,0.00
2017.10.11 13:32:19.429,12.90422,12.90658,0.00,0.00
2017.10.11 13:32:19.614,12.90431,12.90659,0.00,0.00
2017.10.11 13:32:20.237,12.90438,12.90659,0.00,0.00
2017.10.11 13:32:20.631,12.90431,12.90659,0.00,0.00
2017.10.11 13:32:21.004,12.90421,12.90659,0.00,0.00
2017.10.11 13:32:21.054,12.90428,12.90659,0.00,0.00
2017.10.11 13:32:21.435,12.90421,12.90659,0.00,0.00
2017.10.11 13:32:22.054,12.90422,12.90658,0.00,0.00
2017.10.11 13:32:22.236,12.90428,12.90658,0.00,0.00
2017.10.11 13:32:22.336,12.90421,12.90659,0.00,0.00
2017.10.11 13:32:23.012,12.90422,12.90658,0.00,0.00
2017.10.11 13:32:23.163,12.90429,12.90659,0.00,0.00
2017.10.11 13:32:23.489,12.90422,12.90648,0.00,0.00
2017.10.11 13:32:23.691,12.90428,12.90659,0.00,0.00
2017.10.11 13:32:23.868,12.90422,12.90658,0.00,0.00
2017.10.11 13:32:24.084,12.90428,12.90658,0.00,0.00
2017.10.11 13:32:24.759,12.90429,12.90659,0.00,0.00
2017.10.11 13:32:25.266,12.90421,12.90659,0.00,0.00
2017.10.11 13:32:25.401,12.90421,12.90649,0.00,0.00
2017.10.11 13:32:25.687,12.90422,12.90658,0.00,0.00
2017.10.11 13:32:25.788,12.90428,12.90649,0.00,0.00
2017.10.11 13:32:25.989,12.90421,12.90649,0.00,0.00
2017.10.11 13:32:26.130,12.90421,12.90659,0.00,0.00
2017.10.11 13:32:26.903,12.90431,12.90659,0.00,0.00
2017.10.11 13:32:27.004,12.90429,12.90658,0.00,0.00
2017.10.11 13:32:27.562,12.90428,12.90658,0.00,0.00
2017.10.11 13:32:27.814,12.90422,12.90658,0.00,0.00
2017.10.11 13:32:27.915,12.90431,12.90659,0.00,0.00
2017.10.11 13:32:28.598,12.90442,12.90658,0.00,0.00
2017.10.11 13:32:28.930,12.90399,12.90538,0.00,0.00
2017.10.11 13:32:29.027,12.90321,12.90559,0.00,0.00
2017.10.11 13:32:29.178,12.90328,12.90559,0.00,0.00
2017.10.11 13:32:29.480,12.90331,12.90559,0.00,0.00
2017.10.11 13:32:29.792,12.90321,12.90559,0.00,0.00
2017.10.11 13:32:30.293,12.90342,12.90558,0.00,0.00
2017.10.11 13:32:30.353,12.90338,12.90558,0.00,0.00
2017.10.11 13:32:30.453,12.90341,12.90559,0.00,0.00
2017.10.11 13:32:30.504,12.90339,12.90559,0.00,0.00
2017.10.11 13:32:30.605,12.90321,12.90559,0.00,0.00
2017.10.11 13:32:30.807,12.90321,12.90549,0.00,0.00
2017.10.11 13:32:31.311,12.90322,12.90548,0.00,0.00
2017.10.11 13:32:31.502,12.90321,12.90559,0.00,0.00
2017.10.11 13:32:31.556,12.90339,12.90559,0.00,0.00
2017.10.11 13:32:31.759,12.90322,12.90548,0.00,0.00
2017.10.11 13:32:31.860,12.90322,12.90538,0.00,0.00
2017.10.11 13:32:33.009,12.90321,12.90549,0.00,0.00
2017.10.11 13:32:33.160,12.90321,12.90539,0.00,0.00
2017.10.11 13:32:33.526,12.90321,12.90559,0.00,0.00
2017.10.11 13:32:33.577,12.90339,12.90559,0.00,0.00
2017.10.11 13:32:34.783,12.90321,12.90559,0.00,0.00
2017.10.11 13:32:34.986,12.90321,12.90549,0.00,0.00
2017.10.11 13:32:35.137,12.90321,12.90559,0.00,0.00
2017.10.11 13:32:35.188,12.90329,12.90559,0.00,0.00
2017.10.11 13:32:35.844,12.90329,12.90558,0.00,0.00
2017.10.11 13:32:36.184,12.90321,12.90549,0.00,0.00
2017.10.11 13:32:36.534,12.90322,12.90518,0.00,0.00
2017.10.11 13:32:36.678,12.90308,12.90511,0.00,0.00
2017.10.11 13:32:36.729,12.90308,12.90459,0.00,0.00
2017.10.11 13:32:36.880,12.90261,12.90459,0.00,0.00
2017.10.11 13:32:37.247,12.90291,12.90462,0.00,0.00
2017.10.11 13:32:37.297,12.90321,12.90521,0.00,0.00
2017.10.11 13:32:37.398,12.90321,12.90539,0.00,0.00
2017.10.11 13:32:37.499,12.90328,12.90538,0.00,0.00
2017.10.11 13:32:37.817,12.90288,12.90459,0.00,0.00
2017.10.11 13:32:37.868,12.90281,12.90459,0.00,0.00
2017.10.11 13:32:38.369,12.90282,12.90458,0.00,0.00
2017.10.11 13:32:38.759,12.90321,12.90521,0.00,0.00
2017.10.11 13:32:38.810,12.90321,12.90549,0.00,0.00
2017.10.11 13:32:38.911,12.90328,12.90539,0.00,0.00
2017.10.11 13:32:38.962,12.90328,12.90549,0.00,0.00
2017.10.11 13:32:39.113,12.90292,12.90548,0.00,0.00
2017.10.11 13:32:39.219,12.90301,12.90559,0.00,0.00
2017.10.11 13:32:39.270,12.90342,12.90558,0.00,0.00
2017.10.11 13:32:39.604,12.90348,12.90558,0.00,0.00
2017.10.11 13:32:39.962,12.90359,12.90559,0.00,0.00
2017.10.11 13:32:40.467,12.90359,12.90549,0.00,0.00
2017.10.11 13:32:40.718,12.90311,12.90549,0.00,0.00
2017.10.11 13:32:40.769,12.90312,12.90538,0.00,0.00
2017.10.11 13:32:41.071,12.90328,12.90458,0.00,0.00
2017.10.11 13:32:41.121,12.90229,12.90458,0.00,0.00
2017.10.11 13:32:41.378,12.90291,12.90509,0.00,0.00
2017.10.11 13:32:41.529,12.90321,12.90559,0.00,0.00
2017.10.11 13:32:41.639,12.90338,12.90549,0.00,0.00
2017.10.11 13:32:41.891,12.90321,12.90559,0.00,0.00
2017.10.11 13:32:41.991,12.90338,12.90558,0.00,0.00
2017.10.11 13:32:42.661,12.90338,12.90559,0.00,0.00
2017.10.11 13:32:42.712,12.90329,12.90559,0.00,0.00
2017.10.11 13:32:42.813,12.90321,12.90559,0.00,0.00
2017.10.11 13:32:42.863,12.90321,12.90549,0.00,0.00
2017.10.11 13:32:43.182,12.90291,12.90509,0.00,0.00
2017.10.11 13:32:43.524,12.90298,12.90509,0.00,0.00
2017.10.11 13:32:44.023,12.90321,12.90559,0.00,0.00
2017.10.11 13:32:44.225,12.90339,12.90559,0.00,0.00
2017.10.11 13:32:44.527,12.90321,12.90529,0.00,0.00
2017.10.11 13:32:44.761,12.90322,12.90538,0.00,0.00
2017.10.11 13:32:44.812,12.90321,12.90559,0.00,0.00
2017.10.11 13:32:44.886,12.90338,12.90559,0.00,0.00
2017.10.11 13:32:45.107,12.90282,12.90508,0.00,0.00
2017.10.11 13:32:45.158,12.90282,12.90458,0.00,0.00
2017.10.11 13:32:45.208,12.90238,12.90459,0.00,0.00
2017.10.11 13:32:45.286,12.90231,12.90459,0.00,0.00
2017.10.11 13:32:45.387,12.90241,12.90459,0.00,0.00
2017.10.11 13:32:45.488,12.90231,12.90459,0.00,0.00
2017.10.11 13:32:45.587,12.90238,12.90459,0.00,0.00
2017.10.11 13:32:45.954,12.90259,12.90458,0.00,0.00
2017.10.11 13:32:46.004,12.90222,12.90458,0.00,0.00
2017.10.11 13:32:46.248,12.90291,12.90459,0.00,0.00
2017.10.11 13:32:46.298,12.90291,12.90502,0.00,0.00
2017.10.11 13:32:46.399,12.90291,12.90509,0.00,0.00
2017.10.11 13:32:47.134,12.90292,12.90508,0.00,0.00
2017.10.11 13:32:47.952,12.90291,12.90509,0.00,0.00
2017.10.11 13:32:48.513,12.90292,12.90508,0.00,0.00
2017.10.11 13:32:49.182,12.90291,12.90509,0.00,0.00
2017.10.11 13:32:49.794,12.90292,12.90508,0.00,0.00
2017.10.11 13:32:49.852,12.90288,12.90509,0.00,0.00
2017.10.11 13:32:49.903,12.90288,12.90458,0.00,0.00
2017.10.11 13:32:50.004,12.90232,12.90458,0.00,0.00
2017.10.11 13:32:50.265,12.90291,12.90489,0.00,0.00
2017.10.11 13:32:50.568,12.90299,12.90462,0.00,0.00
2017.10.11 13:32:50.618,12.90248,12.90462,0.00,0.00
2017.10.11 13:32:51.501,12.90231,12.90462,0.00,0.00
2017.10.11 13:32:51.601,12.90228,12.90462,0.00,0.00
2017.10.11 13:32:51.652,12.90231,12.90462,0.00,0.00
2017.10.11 13:32:51.987,12.90239,12.90462,0.00,0.00
2017.10.11 13:32:52.399,12.90249,12.90462,0.00,0.00
2017.10.11 13:32:52.500,12.90232,12.90462,0.00,0.00
2017.10.11 13:32:53.245,12.90249,12.90462,0.00,0.00
2017.10.11 13:32:53.712,12.90229,12.90462,0.00,0.00
2017.10.11 13:32:54.512,12.90231,12.90462,0.00,0.00
2017.10.11 13:32:54.863,12.90248,12.90462,0.00,0.00
2017.10.11 13:32:55.641,12.90228,12.90462,0.00,0.00
2017.10.11 13:32:55.805,12.90248,12.90462,0.00,0.00
2017.10.11 13:32:56.351,12.90232,12.90462,0.00,0.00
2017.10.11 13:32:56.912,12.90231,12.90462,0.00,0.00
2017.10.11 13:32:57.131,12.90241,12.90462,0.00,0.00
2017.10.11 13:32:57.462,12.90248,12.90462,0.00,0.00
2017.10.11 13:32:57.902,12.90259,12.90462,0.00,0.00
2017.10.11 13:32:58.009,12.90251,12.90462,0.00,0.00
2017.10.11 13:32:58.425,12.90262,12.90462,0.00,0.00
2017.10.11 13:32:58.711,12.90239,12.90462,0.00,0.00
2017.10.11 13:32:59.216,12.90248,12.90462,0.00,0.00
2017.10.11 13:32:59.562,12.90268,12.90462,0.00,0.00
2017.10.11 13:32:59.948,12.90229,12.90462,0.00,0.00
2017.10.11 13:33:00.114,12.90249,12.90462,0.00,0.00
2017.10.11 13:33:00.621,12.90228,12.90462,0.00,0.00
2017.10.11 13:33:00.672,12.90228,12.90439,0.00,0.00
2017.10.11 13:33:00.723,12.90221,12.90439,0.00,0.00
2017.10.11 13:33:01.124,12.90238,12.90439,0.00,0.00
2017.10.11 13:33:01.435,12.90131,12.90359,0.00,0.00
2017.10.11 13:33:02.304,12.90132,12.90358,0.00,0.00
2017.10.11 13:33:02.896,12.90131,12.90359,0.00,0.00
2017.10.11 13:33:02.997,12.90122,12.90358,0.00,0.00
2017.10.11 13:33:03.047,12.90148,12.90358,0.00,0.00
2017.10.11 13:33:03.321,12.90121,12.90359,0.00,0.00
2017.10.11 13:33:03.372,12.90122,12.90348,0.00,0.00
2017.10.11 13:33:03.687,12.90092,12.90258,0.00,0.00
2017.10.11 13:33:03.838,12.90081,12.90309,0.00,0.00
2017.10.11 13:33:03.889,12.90081,12.90259,0.00,0.00
2017.10.11 13:33:04.509,12.90062,12.90258,0.00,0.00
2017.10.11 13:33:04.560,12.90082,12.90258,0.00,0.00
2017.10.11 13:33:04.872,12.90051,12.90301,0.00,0.00
2017.10.11 13:33:04.973,12.90068,12.90301,0.00,0.00
2017.10.11 13:33:05.027,12.90051,12.90301,0.00,0.00
2017.10.11 13:33:05.528,12.90078,12.90301,0.00,0.00
2017.10.11 13:33:06.214,12.90078,12.90289,0.00,0.00
2017.10.11 13:33:06.365,12.90051,12.90299,0.00,0.00
2017.10.11 13:33:06.416,12.90048,12.90279,0.00,0.00
2017.10.11 13:33:06.466,12.90038,12.90279,0.00,0.00
2017.10.11 13:33:06.562,12.90069,12.90278,0.00,0.00
2017.10.11 13:33:06.663,12.90039,12.90269,0.00,0.00
2017.10.11 13:33:06.764,12.90039,12.90258,0.00,0.00
2017.10.11 13:33:07.083,12.90048,12.90258,0.00,0.00
2017.10.11 13:33:07.134,12.90029,12.90258,0.00,0.00
2017.10.11 13:33:07.185,12.90028,12.90248,0.00,0.00
2017.10.11 13:33:07.236,12.90028,12.90251,0.00,0.00
2017.10.11 13:33:07.287,12.90028,12.90209,0.00,0.00
2017.10.11 13:33:07.337,12.89978,12.90202,0.00,0.00
2017.10.11 13:33:07.438,12.89962,12.90202,0.00,0.00
2017.10.11 13:33:07.489,12.89971,12.90202,0.00,0.00
2017.10.11 13:33:07.540,12.89958,12.90202,0.00,0.00
2017.10.11 13:33:07.771,12.89939,12.90199,0.00,0.00
2017.10.11 13:33:08.053,12.89969,12.90199,0.00,0.00
2017.10.11 13:33:08.266,12.89938,12.90198,0.00,0.00
2017.10.11 13:33:08.493,12.89938,12.90178,0.00,0.00
2017.10.11 13:33:08.875,12.89948,12.90168,0.00,0.00
2017.10.11 13:33:09.151,12.89948,12.90199,0.00,0.00
2017.10.11 13:33:09.255,12.89939,12.90199,0.00,0.00
2017.10.11 13:33:09.639,12.89969,12.90199,0.00,0.00
2017.10.11 13:33:09.940,12.89948,12.90198,0.00,0.00
2017.10.11 13:33:10.268,12.89948,12.90188,0.00,0.00
2017.10.11 13:33:10.470,12.89958,12.90202,0.00,0.00
2017.10.11 13:33:10.612,12.89958,12.90199,0.00,0.00
2017.10.11 13:33:10.663,12.89931,12.90199,0.00,0.00
2017.10.11 13:33:11.044,12.89949,12.90198,0.00,0.00
2017.10.11 13:33:11.346,12.89768,12.89949,0.00,0.00
2017.10.11 13:33:11.414,12.89738,12.89948,0.00,0.00
2017.10.11 13:33:11.483,12.89781,12.90001,0.00,0.00
2017.10.11 13:33:11.534,12.89742,12.89998,0.00,0.00
2017.10.11 13:33:11.584,12.89798,12.89988,0.00,0.00
2017.10.11 13:33:11.685,12.89778,12.89989,0.00,0.00
2017.10.11 13:33:11.736,12.89778,12.89999,0.00,0.00
2017.10.11 13:33:11.837,12.89791,12.90009,0.00,0.00
2017.10.11 13:33:11.988,12.89848,12.90088,0.00,0.00
2017.10.11 13:33:12.089,12.89858,12.90049,0.00,0.00
2017.10.11 13:33:12.190,12.89822,12.90061,0.00,0.00
2017.10.11 13:33:12.274,12.89839,12.90058,0.00,0.00
2017.10.11 13:33:12.325,12.89839,12.90068,0.00,0.00
2017.10.11 13:33:12.661,12.89839,12.90048,0.00,0.00
2017.10.11 13:33:12.762,12.89809,12.90048,0.00,0.00
2017.10.11 13:33:13.053,12.89829,12.90048,0.00,0.00
2017.10.11 13:33:13.287,12.89772,12.90008,0.00,0.00
2017.10.11 13:33:13.409,12.89782,12.90008,0.00,0.00
2017.10.11 13:33:13.711,12.89771,12.90009,0.00,0.00
2017.10.11 13:33:14.051,12.89782,12.90008,0.00,0.00
2017.10.11 13:33:14.357,12.89772,12.90008,0.00,0.00
2017.10.11 13:33:14.477,12.89781,12.90009,0.00,0.00
2017.10.11 13:33:14.779,12.89839,12.90079,0.00,0.00
2017.10.11 13:33:14.990,12.89848,12.90078,0.00,0.00
2017.10.11 13:33:15.041,12.89848,12.90088,0.00,0.00
2017.10.11 13:33:15.093,12.89848,12.90099,0.00,0.00
2017.10.11 13:33:15.384,12.89851,12.90099,0.00,0.00
2017.10.11 13:33:15.845,12.89882,12.90098,0.00,0.00
2017.10.11 13:33:15.895,12.89881,12.90109,0.00,0.00
2017.10.11 13:33:15.946,12.89872,12.90108,0.00,0.00
2017.10.11 13:33:16.473,12.89871,12.90109,0.00,0.00
2017.10.11 13:33:16.524,12.89882,12.90108,0.00,0.00
2017.10.11 13:33:16.864,12.89859,12.90058,0.00,0.00
2017.10.11 13:33:16.915,12.89859,12.90062,0.00,0.00
2017.10.11 13:33:17.016,12.89838,12.90078,0.00,0.00
2017.10.11 13:33:17.182,12.89838,12.90069,0.00,0.00
2017.10.11 13:33:17.647,12.89838,12.90058,0.00,0.00
2017.10.11 13:33:17.748,12.89838,12.90068,0.00,0.00
2017.10.11 13:33:17.799,12.89838,12.90058,0.00,0.00
2017.10.11 13:33:17.944,12.89838,12.90068,0.00,0.00
2017.10.11 13:33:18.045,12.89839,12.90058,0.00,0.00
2017.10.11 13:33:18.314,12.89838,12.90069,0.00,0.00
2017.10.11 13:33:18.472,12.89838,12.90079,0.00,0.00
2017.10.11 13:33:18.673,12.89838,12.90069,0.00,0.00
2017.10.11 13:33:18.974,12.89838,12.90058,0.00,0.00
2017.10.11 13:33:19.105,12.89838,12.90069,0.00,0.00
2017.10.11 13:33:19.743,12.89838,12.90078,0.00,0.00
2017.10.11 13:33:19.794,12.89892,12.90092,0.00,0.00
2017.10.11 13:33:19.845,12.89888,12.90092,0.00,0.00
2017.10.11 13:33:19.946,12.89862,12.90108,0.00,0.00
2017.10.11 13:33:19.996,12.89898,12.90109,0.00,0.00
2017.10.11 13:33:20.076,12.89851,12.90109,0.00,0.00
2017.10.11 13:33:20.177,12.89861,12.90109,0.00,0.00
2017.10.11 13:33:20.525,12.89879,12.90109,0.00,0.00
2017.10.11 13:33:20.677,12.89869,12.90109,0.00,0.00
2017.10.11 13:33:20.727,12.89869,12.89978,0.00,0.00
2017.10.11 13:33:20.778,12.89838,12.89959,0.00,0.00
2017.10.11 13:33:20.828,12.89838,12.89948,0.00,0.00
2017.10.11 13:33:20.879,12.89798,12.89959,0.00,0.00
2017.10.11 13:33:20.980,12.89738,12.89959,0.00,0.00
2017.10.11 13:33:21.031,12.89738,12.89978,0.00,0.00
2017.10.11 13:33:21.204,12.89748,12.89989,0.00,0.00
2017.10.11 13:33:21.255,12.89748,12.89999,0.00,0.00
2017.10.11 13:33:21.356,12.89762,12.90002,0.00,0.00
2017.10.11 13:33:21.480,12.89762,12.90008,0.00,0.00
2017.10.11 13:33:21.891,12.89751,12.89999,0.00,0.00
2017.10.11 13:33:21.992,12.89738,12.89989,0.00,0.00
2017.10.11 13:33:22.043,12.89738,12.89979,0.00,0.00
2017.10.11 13:33:22.558,12.89738,12.89978,0.00,0.00
2017.10.11 13:33:22.893,12.89738,12.89959,0.00,0.00
2017.10.11 13:33:23.501,12.89738,12.89969,0.00,0.00
2017.10.11 13:33:23.602,12.89752,12.89998,0.00,0.00
2017.10.11 13:33:23.652,12.89772,12.89998,0.00,0.00
2017.10.11 13:33:24.096,12.89792,12.89998,0.00,0.00
2017.10.11 13:33:24.344,12.89782,12.89998,0.00,0.00
2017.10.11 13:33:24.481,12.89792,12.89998,0.00,0.00
2017.10.11 13:33:25.208,12.89791,12.89999,0.00,0.00
2017.10.11 13:33:25.312,12.89782,12.89998,0.00,0.00
2017.10.11 13:33:25.413,12.89771,12.89999,0.00,0.00
2017.10.11 13:33:26.259,12.89761,12.89999,0.00,0.00
2017.10.11 13:33:26.310,12.89758,12.89979,0.00,0.00
2017.10.11 13:33:26.411,12.89738,12.89978,0.00,0.00
2017.10.11 13:33:26.990,12.89741,12.89989,0.00,0.00
2017.10.11 13:33:27.121,12.89759,12.89989,0.00,0.00
2017.10.11 13:33:27.397,12.89738,12.89979,0.00,0.00
2017.10.11 13:33:27.447,12.89738,12.89968,0.00,0.00
2017.10.11 13:33:27.598,12.89738,12.89978,0.00,0.00
2017.10.11 13:33:27.697,12.89748,12.89978,0.00,0.00
2017.10.11 13:33:27.899,12.89738,12.89969,0.00,0.00
2017.10.11 13:33:28.449,12.89738,12.89968,0.00,0.00
2017.10.11 13:33:28.559,12.89738,12.89979,0.00,0.00
2017.10.11 13:33:28.737,12.89789,12.89979,0.00,0.00
2017.10.11 13:33:28.787,12.89789,12.90001,0.00,0.00
2017.10.11 13:33:28.889,12.89738,12.90001,0.00,0.00
2017.10.11 13:33:28.940,12.89808,12.89988,0.00,0.00
2017.10.11 13:33:29.000,12.89769,12.89988,0.00,0.00
2017.10.11 13:33:29.152,12.89738,12.89988,0.00,0.00
2017.10.11 13:33:29.479,12.89738,12.89999,0.00,0.00
2017.10.11 13:33:29.603,12.89758,12.89999,0.00,0.00
2017.10.11 13:33:29.803,12.89748,12.89999,0.00,0.00
2017.10.11 13:33:30.001,12.89748,12.89989,0.00,0.00
2017.10.11 13:33:30.328,12.89761,12.89999,0.00,0.00
2017.10.11 13:33:30.479,12.89748,12.89988,0.00,0.00
2017.10.11 13:33:30.610,12.89759,12.89989,0.00,0.00
2017.10.11 13:33:30.711,12.89738,12.89989,0.00,0.00
2017.10.11 13:33:30.843,12.89738,12.89979,0.00,0.00
2017.10.11 13:33:31.141,12.89738,12.89988,0.00,0.00
2017.10.11 13:33:31.531,12.89738,12.89979,0.00,0.00
2017.10.11 13:33:31.899,12.89722,12.89948,0.00,0.00
2017.10.11 13:33:31.950,12.89738,12.89979,0.00,0.00
2017.10.11 13:33:32.101,12.89738,12.89989,0.00,0.00
2017.10.11 13:33:32.152,12.89748,12.89988,0.00,0.00
2017.10.11 13:33:32.354,12.89738,12.89979,0.00,0.00
2017.10.11 13:33:32.455,12.89742,12.89988,0.00,0.00
2017.10.11 13:33:32.555,12.89738,12.89979,0.00,0.00
2017.10.11 13:33:33.129,12.89739,12.89978,0.00,0.00
2017.10.11 13:33:33.212,12.89742,12.89998,0.00,0.00
2017.10.11 13:33:33.313,12.89751,12.89999,0.00,0.00
2017.10.11 13:33:33.615,12.89738,12.89978,0.00,0.00
2017.10.11 13:33:33.963,12.89738,12.89959,0.00,0.00
2017.10.11 13:33:34.779,12.89738,12.89958,0.00,0.00
2017.10.11 13:33:34.968,12.89739,12.89968,0.00,0.00
2017.10.11 13:33:35.018,12.89759,12.89969,0.00,0.00
2017.10.11 13:33:35.122,12.89739,12.89959,0.00,0.00
2017.10.11 13:33:35.173,12.89739,12.89949,0.00,0.00
2017.10.11 13:33:35.951,12.89739,12.89959,0.00,0.00
2017.10.11 13:33:36.423,12.89758,12.89959,0.00,0.00
2017.10.11 13:33:37.324,12.89738,12.89959,0.00,0.00
2017.10.11 13:33:37.525,12.89738,12.89969,0.00,0.00
2017.10.11 13:33:38.277,12.89738,12.89988,0.00,0.00
2017.10.11 13:33:38.428,12.89759,12.89989,0.00,0.00
2017.10.11 13:33:38.882,12.89759,12.89978,0.00,0.00
2017.10.11 13:33:38.932,12.89738,12.89978,0.00,0.00
2017.10.11 13:33:38.983,12.89738,12.89969,0.00,0.00
2017.10.11 13:33:39.084,12.89761,12.89999,0.00,0.00
2017.10.11 13:33:39.193,12.89762,12.90008,0.00,0.00
2017.10.11 13:33:39.294,12.89781,12.90009,0.00,0.00
2017.10.11 13:33:39.938,12.89839,12.90009,0.00,0.00
2017.10.11 13:33:39.989,12.89839,12.90052,0.00,0.00
2017.10.11 13:33:40.039,12.89839,12.90008,0.00,0.00
2017.10.11 13:33:40.090,12.89778,12.90009,0.00,0.00
2017.10.11 13:33:40.203,12.89798,12.90009,0.00,0.00
2017.10.11 13:33:40.253,12.89779,12.90008,0.00,0.00
2017.10.11 13:33:40.333,12.89752,12.90008,0.00,0.00
2017.10.11 13:33:40.493,12.89749,12.89968,0.00,0.00
2017.10.11 13:33:40.594,12.89761,12.90009,0.00,0.00
2017.10.11 13:33:40.695,12.89772,12.90008,0.00,0.00
2017.10.11 13:33:41.207,12.89771,12.90009,0.00,0.00
2017.10.11 13:33:41.778,12.89781,12.90009,0.00,0.00
2017.10.11 13:33:41.828,12.89761,12.90009,0.00,0.00
2017.10.11 13:33:41.979,12.89789,12.90009,0.00,0.00
2017.10.11 13:33:42.281,12.89781,12.90009,0.00,0.00
2017.10.11 13:33:42.694,12.89821,12.90009,0.00,0.00
2017.10.11 13:33:42.744,12.89789,12.90009,0.00,0.00
2017.10.11 13:33:42.795,12.89789,12.90049,0.00,0.00
2017.10.11 13:33:42.845,12.89798,12.90048,0.00,0.00
2017.10.11 13:33:43.112,12.89841,12.90099,0.00,0.00
2017.10.11 13:33:43.162,12.89878,12.90099,0.00,0.00
2017.10.11 13:33:43.480,12.89868,12.90069,0.00,0.00
2017.10.11 13:33:43.605,12.89839,12.90069,0.00,0.00
2017.10.11 13:33:43.656,12.89841,12.90089,0.00,0.00
2017.10.11 13:33:43.842,12.89858,12.90089,0.00,0.00
2017.10.11 13:33:43.942,12.89841,12.90089,0.00,0.00
2017.10.11 13:33:44.230,12.89862,12.90098,0.00,0.00
2017.10.11 13:33:44.381,12.89852,12.90098,0.00,0.00
2017.10.11 13:33:44.434,12.89849,12.90088,0.00,0.00
2017.10.11 13:33:44.905,12.89849,12.90079,0.00,0.00
2017.10.11 13:33:44.957,12.89841,12.90089,0.00,0.00
2017.10.11 13:33:45.073,12.89861,12.90099,0.00,0.00
2017.10.11 13:33:45.436,12.89858,12.90089,0.00,0.00
2017.10.11 13:33:45.747,12.89748,12.89978,0.00,0.00
2017.10.11 13:33:46.146,12.89739,12.89978,0.00,0.00
2017.10.11 13:33:46.276,12.89748,12.89978,0.00,0.00
2017.10.11 13:33:46.447,12.89739,12.89978,0.00,0.00
2017.10.11 13:33:46.498,12.89739,12.89969,0.00,0.00
2017.10.11 13:33:46.690,12.89772,12.90008,0.00,0.00
2017.10.11 13:33:46.790,12.89751,12.89999,0.00,0.00
2017.10.11 13:33:46.848,12.89768,12.89999,0.00,0.00
2017.10.11 13:33:47.060,12.89752,12.89998,0.00,0.00
2017.10.11 13:33:47.110,12.89748,12.89988,0.00,0.00
2017.10.11 13:33:47.161,12.89751,12.89999,0.00,0.00
2017.10.11 13:33:47.262,12.89758,12.89999,0.00,0.00
2017.10.11 13:33:47.312,12.89761,12.90009,0.00,0.00
2017.10.11 13:33:47.363,12.89771,12.90009,0.00,0.00
2017.10.11 13:33:47.749,12.89791,12.90009,0.00,0.00
2017.10.11 13:33:47.900,12.89839,12.90069,0.00,0.00
2017.10.11 13:33:48.051,12.89828,12.89999,0.00,0.00
2017.10.11 13:33:48.203,12.89758,12.89989,0.00,0.00
2017.10.11 13:33:48.254,12.89742,12.89998,0.00,0.00
2017.10.11 13:33:49.140,12.89738,12.89988,0.00,0.00
2017.10.11 13:33:49.457,12.89758,12.89979,0.00,0.00
2017.10.11 13:33:49.798,12.89739,12.89979,0.00,0.00
2017.10.11 13:33:50.083,12.89781,12.89999,0.00,0.00
2017.10.11 13:33:50.386,12.89778,12.90009,0.00,0.00
2017.10.11 13:33:50.486,12.89779,12.90012,0.00,0.00
2017.10.11 13:33:50.561,12.89771,12.90012,0.00,0.00
2017.10.11 13:33:50.648,12.89761,12.90009,0.00,0.00
2017.10.11 13:33:50.844,12.89841,12.90032,0.00,0.00
2017.10.11 13:33:50.995,12.89851,12.90049,0.00,0.00
2017.10.11 13:33:51.046,12.89851,12.90059,0.00,0.00
2017.10.11 13:33:51.193,12.89851,12.90049,0.00,0.00
2017.10.11 13:33:52.070,12.89862,12.90048,0.00,0.00
2017.10.11 13:33:52.271,12.89768,12.90008,0.00,0.00
2017.10.11 13:33:52.322,12.89768,12.89988,0.00,0.00
2017.10.11 13:33:52.423,12.89769,12.89999,0.00,0.00
2017.10.11 13:33:52.523,12.89812,12.90031,0.00,0.00
2017.10.11 13:33:52.787,12.89771,12.89999,0.00,0.00
2017.10.11 13:33:52.977,12.89771,12.90009,0.00,0.00
2017.10.11 13:33:53.078,12.89778,12.90008,0.00,0.00
2017.10.11 13:33:53.419,12.89771,12.89999,0.00,0.00
2017.10.11 13:33:53.864,12.89771,12.89989,0.00,0.00
2017.10.11 13:33:53.965,12.89771,12.89999,0.00,0.00
2017.10.11 13:33:54.263,12.89771,12.89989,0.00,0.00
2017.10.11 13:33:54.593,12.89771,12.89979,0.00,0.00
2017.10.11 13:33:54.973,12.89771,12.89959,0.00,0.00
2017.10.11 13:33:55.023,12.89772,12.89968,0.00,0.00
2017.10.11 13:33:55.095,12.89772,12.89978,0.00,0.00
2017.10.11 13:33:55.146,12.89772,12.90008,0.00,0.00
2017.10.11 13:33:55.259,12.89792,12.90008,0.00,0.00
2017.10.11 13:33:55.310,12.89838,12.90059,0.00,0.00
2017.10.11 13:33:55.511,12.89879,12.90069,0.00,0.00
2017.10.11 13:33:55.943,12.89879,12.90059,0.00,0.00
2017.10.11 13:33:56.457,12.89879,12.90099,0.00,0.00
2017.10.11 13:33:56.601,12.89879,12.90078,0.00,0.00
2017.10.11 13:33:56.977,12.89879,12.90069,0.00,0.00
2017.10.11 13:33:57.738,12.89879,12.90078,0.00,0.00
2017.10.11 13:33:58.300,12.89879,12.90079,0.00,0.00
2017.10.11 13:33:58.400,12.89879,12.90109,0.00,0.00
2017.10.11 13:33:58.663,12.89879,12.90099,0.00,0.00
2017.10.11 13:33:58.910,12.89879,12.90109,0.00,0.00
2017.10.11 13:33:59.011,12.89879,12.90098,0.00,0.00
2017.10.11 13:33:59.346,12.89879,12.90079,0.00,0.00
2017.10.11 13:33:59.532,12.89879,12.90098,0.00,0.00
2017.10.11 13:33:59.605,12.89879,12.90088,0.00,0.00
2017.10.11 13:33:59.706,12.89879,12.90099,0.00,0.00
2017.10.11 13:33:59.804,12.89879,12.90089,0.00,0.00
2017.10.11 13:34:00.141,12.89879,12.90079,0.00,0.00
2017.10.11 13:34:00.646,12.89879,12.90069,0.00,0.00
2017.10.11 13:34:01.063,12.89879,12.90049,0.00,0.00
2017.10.11 13:34:01.113,12.89829,12.90019,0.00,0.00
2017.10.11 13:34:01.262,12.89828,12.90009,0.00,0.00
2017.10.11 13:34:01.312,12.89791,12.89979,0.00,0.00
2017.10.11 13:34:01.363,12.89792,12.89988,0.00,0.00
2017.10.11 13:34:01.413,12.89791,12.89959,0.00,0.00
2017.10.11 13:34:01.554,12.89792,12.89978,0.00,0.00
2017.10.11 13:34:02.165,12.89778,12.90051,0.00,0.00
2017.10.11 13:34:02.216,12.89792,12.89948,0.00,0.00
2017.10.11 13:34:02.377,12.89792,12.89958,0.00,0.00
2017.10.11 13:34:02.544,12.89791,12.89979,0.00,0.00
2017.10.11 13:34:02.652,12.89791,12.89969,0.00,0.00
2017.10.11 13:34:02.753,12.89792,12.89978,0.00,0.00
2017.10.11 13:34:02.942,12.89792,12.89968,0.00,0.00
2017.10.11 13:34:03.378,12.89791,12.89959,0.00,0.00
2017.10.11 13:34:03.486,12.89791,12.89969,0.00,0.00
2017.10.11 13:34:04.012,12.89792,12.89958,0.00,0.00
2017.10.11 13:34:04.621,12.89791,12.89959,0.00,0.00
2017.10.11 13:34:05.002,12.89792,12.89968,0.00,0.00
2017.10.11 13:34:05.053,12.89792,12.89978,0.00,0.00
2017.10.11 13:34:05.153,12.89759,12.89968,0.00,0.00
2017.10.11 13:34:05.204,12.89759,12.89879,0.00,0.00
2017.10.11 13:34:05.305,12.89668,12.89828,0.00,0.00
2017.10.11 13:34:05.355,12.89668,12.89808,0.00,0.00
2017.10.11 13:34:05.406,12.89642,12.89868,0.00,0.00
2017.10.11 13:34:05.507,12.89691,12.89881,0.00,0.00
2017.10.11 13:34:05.804,12.89591,12.89829,0.00,0.00
2017.10.11 13:34:05.905,12.89591,12.89819,0.00,0.00
2017.10.11 13:34:06.208,12.89591,12.89789,0.00,0.00
2017.10.11 13:34:06.258,12.89592,12.89798,0.00,0.00
2017.10.11 13:34:06.982,12.89591,12.89759,0.00,0.00
2017.10.11 13:34:07.033,12.89592,12.89788,0.00,0.00
2017.10.11 13:34:07.083,12.89591,12.89779,0.00,0.00
2017.10.11 13:34:07.134,12.89591,12.89789,0.00,0.00
2017.10.11 13:34:07.603,12.89591,12.89799,0.00,0.00
2017.10.11 13:34:07.654,12.89592,12.89808,0.00,0.00
2017.10.11 13:34:07.704,12.89592,12.89798,0.00,0.00
2017.10.11 13:34:08.006,12.89628,12.89808,0.00,0.00
2017.10.11 13:34:08.107,12.89651,12.89859,0.00,0.00
2017.10.11 13:34:08.158,12.89679,12.89859,0.00,0.00
2017.10.11 13:34:08.208,12.89679,12.89868,0.00,0.00
2017.10.11 13:34:08.438,12.89679,12.89878,0.00,0.00
2017.10.11 13:34:08.598,12.89679,12.89888,0.00,0.00
2017.10.11 13:34:08.743,12.89679,12.89898,0.00,0.00
2017.10.11 13:34:08.845,12.89679,12.89893,0.00,0.00
2017.10.11 13:34:09.416,12.89679,12.89898,0.00,0.00
2017.10.11 13:34:09.723,12.89679,12.89894,0.00,0.00
2017.10.11 13:34:10.193,12.89679,12.89899,0.00,0.00
2017.10.11 13:34:10.293,12.89679,12.89909,0.00,0.00
2017.10.11 13:34:10.495,12.89751,12.89949,0.00,0.00
2017.10.11 13:34:10.546,12.89751,12.89952,0.00,0.00
2017.10.11 13:34:10.596,12.89779,12.89952,0.00,0.00
2017.10.11 13:34:10.698,12.89779,12.89969,0.00,0.00
2017.10.11 13:34:10.749,12.89779,12.89979,0.00,0.00
2017.10.11 13:34:10.808,12.89779,12.89963,0.00,0.00
2017.10.11 13:34:10.959,12.89692,12.89903,0.00,0.00
2017.10.11 13:34:11.261,12.89691,12.89884,0.00,0.00
2017.10.11 13:34:11.593,12.89688,12.89883,0.00,0.00
2017.10.11 13:34:11.882,12.89688,12.89918,0.00,0.00
2017.10.11 13:34:12.483,12.89689,12.89918,0.00,0.00
2017.10.11 13:34:12.584,12.89689,12.89914,0.00,0.00
2017.10.11 13:34:13.058,12.89688,12.89899,0.00,0.00
2017.10.11 13:34:13.368,12.89709,12.89888,0.00,0.00
2017.10.11 13:34:13.419,12.89702,12.89888,0.00,0.00
2017.10.11 13:34:13.784,12.89701,12.89909,0.00,0.00
2017.10.11 13:34:13.835,12.89738,12.89928,0.00,0.00
2017.10.11 13:34:13.936,12.89702,12.89928,0.00,0.00
2017.10.11 13:34:14.392,12.89738,12.89928,0.00,0.00
2017.10.11 13:34:14.644,12.89728,12.89928,0.00,0.00
2017.10.11 13:34:14.695,12.89681,12.89929,0.00,0.00
2017.10.11 13:34:14.892,12.89679,12.89929,0.00,0.00
2017.10.11 13:34:15.153,12.89729,12.89942,0.00,0.00
2017.10.11 13:34:15.254,12.89729,12.89969,0.00,0.00
2017.10.11 13:34:15.304,12.89779,12.89979,0.00,0.00
2017.10.11 13:34:15.676,12.89779,12.90002,0.00,0.00
2017.10.11 13:34:15.726,12.89779,12.89999,0.00,0.00
2017.10.11 13:34:16.154,12.89779,12.89959,0.00,0.00
2017.10.11 13:34:16.274,12.89779,12.89969,0.00,0.00
2017.10.11 13:34:16.680,12.89779,12.89979,0.00,0.00
2017.10.11 13:34:16.781,12.89779,12.89998,0.00,0.00
2017.10.11 13:34:17.525,12.89779,12.89999,0.00,0.00
2017.10.11 13:34:17.794,12.89779,12.90009,0.00,0.00
2017.10.11 13:34:17.960,12.89782,12.90018,0.00,0.00
2017.10.11 13:34:18.142,12.89791,12.90019,0.00,0.00
2017.10.11 13:34:18.685,12.89782,12.90018,0.00,0.00
2017.10.11 13:34:19.072,12.89791,12.90019,0.00,0.00
2017.10.11 13:34:19.274,12.89788,12.90018,0.00,0.00
2017.10.11 13:34:19.375,12.89778,12.90009,0.00,0.00
2017.10.11 13:34:19.426,12.89778,12.89999,0.00,0.00
2017.10.11 13:34:19.765,12.89829,12.90069,0.00,0.00
2017.10.11 13:34:20.430,12.89829,12.90068,0.00,0.00
2017.10.11 13:34:20.922,12.89832,12.90068,0.00,0.00
2017.10.11 13:34:21.229,12.89878,12.90079,0.00,0.00
2017.10.11 13:34:21.374,12.89859,12.90068,0.00,0.00
2017.10.11 13:34:21.431,12.89832,12.90068,0.00,0.00
2017.10.11 13:34:21.482,12.89879,12.90058,0.00,0.00
2017.10.11 13:34:21.532,12.89879,12.90078,0.00,0.00
2017.10.11 13:34:21.633,12.89879,12.90069,0.00,0.00
2017.10.11 13:34:21.684,12.89879,12.90099,0.00,0.00
2017.10.11 13:34:21.871,12.89879,12.90088,0.00,0.00
2017.10.11 13:34:22.255,12.89879,12.90079,0.00,0.00
2017.10.11 13:34:22.326,12.89879,12.90089,0.00,0.00
2017.10.11 13:34:22.526,12.89879,12.90098,0.00,0.00
2017.10.11 13:34:22.627,12.89879,12.90109,0.00,0.00
2017.10.11 13:34:22.728,12.89881,12.90109,0.00,0.00
2017.10.11 13:34:23.084,12.89879,12.90078,0.00,0.00
2017.10.11 13:34:23.516,12.89879,12.90089,0.00,0.00
2017.10.11 13:34:23.672,12.89879,12.90078,0.00,0.00
2017.10.11 13:34:24.124,12.89879,12.90089,0.00,0.00
2017.10.11 13:34:24.292,12.89879,12.90098,0.00,0.00
2017.10.11 13:34:24.849,12.89879,12.90102,0.00,0.00
2017.10.11 13:34:24.924,12.89879,12.90098,0.00,0.00
2017.10.11 13:34:25.114,12.89892,12.90118,0.00,0.00
2017.10.11 13:34:25.676,12.89932,12.90118,0.00,0.00
2017.10.11 13:34:25.776,12.89978,12.90172,0.00,0.00
2017.10.11 13:34:25.904,12.89978,12.90178,0.00,0.00
2017.10.11 13:34:26.005,12.89978,12.90199,0.00,0.00
2017.10.11 13:34:26.106,12.89978,12.90179,0.00,0.00
2017.10.11 13:34:26.257,12.89978,12.90189,0.00,0.00
2017.10.11 13:34:26.308,12.89978,12.90179,0.00,0.00
2017.10.11 13:34:26.755,12.89978,12.90199,0.00,0.00
2017.10.11 13:34:26.807,12.90032,12.90221,0.00,0.00
2017.10.11 13:34:26.858,12.90031,12.90232,0.00,0.00
2017.10.11 13:34:26.908,12.90028,12.90178,0.00,0.00
2017.10.11 13:34:26.959,12.89991,12.90179,0.00,0.00
2017.10.11 13:34:27.010,12.89992,12.90188,0.00,0.00
2017.10.11 13:34:27.113,12.89969,12.90188,0.00,0.00
2017.10.11 13:34:27.332,12.89968,12.90199,0.00,0.00
2017.10.11 13:34:27.727,12.89968,12.90189,0.00,0.00
2017.10.11 13:34:27.929,12.89968,12.90198,0.00,0.00
2017.10.11 13:34:27.979,12.90051,12.90222,0.00,0.00
2017.10.11 13:34:28.080,12.90068,12.90302,0.00,0.00
2017.10.11 13:34:28.131,12.90068,12.90279,0.00,0.00
2017.10.11 13:34:28.332,12.90001,12.90219,0.00,0.00
2017.10.11 13:34:28.471,12.90068,12.90241,0.00,0.00
2017.10.11 13:34:28.571,12.90068,12.90299,0.00,0.00
2017.10.11 13:34:28.934,12.90068,12.90309,0.00,0.00
2017.10.11 13:34:29.085,12.90068,12.90299,0.00,0.00
2017.10.11 13:34:29.186,12.90068,12.90309,0.00,0.00
2017.10.11 13:34:29.386,12.90068,12.90298,0.00,0.00
2017.10.11 13:34:30.205,12.90068,12.90288,0.00,0.00
2017.10.11 13:34:30.520,12.90068,12.90278,0.00,0.00
2017.10.11 13:34:30.985,12.90068,12.90299,0.00,0.00
2017.10.11 13:34:31.086,12.90068,12.90308,0.00,0.00
2017.10.11 13:34:31.136,12.90028,12.90239,0.00,0.00
2017.10.11 13:34:31.285,12.89988,12.90209,0.00,0.00
2017.10.11 13:34:31.387,12.89968,12.90208,0.00,0.00
2017.10.11 13:34:31.627,12.89968,12.90199,0.00,0.00
2017.10.11 13:34:31.789,12.89968,12.90209,0.00,0.00
2017.10.11 13:34:32.630,12.89968,12.90189,0.00,0.00
2017.10.11 13:34:33.056,12.89968,12.90208,0.00,0.00
2017.10.11 13:34:33.157,12.89969,12.90218,0.00,0.00
2017.10.11 13:34:33.207,12.90018,12.90219,0.00,0.00
2017.10.11 13:34:33.258,12.90018,12.90249,0.00,0.00
2017.10.11 13:34:33.359,12.90019,12.90258,0.00,0.00
2017.10.11 13:34:33.703,12.90022,12.90258,0.00,0.00
2017.10.11 13:34:34.180,12.90068,12.90259,0.00,0.00
2017.10.11 13:34:34.231,12.90068,12.90269,0.00,0.00
2017.10.11 13:34:34.442,12.90029,12.90198,0.00,0.00
2017.10.11 13:34:34.493,12.90029,12.90229,0.00,0.00
2017.10.11 13:34:34.543,12.90029,12.90218,0.00,0.00
2017.10.11 13:34:34.594,12.89992,12.90218,0.00,0.00
2017.10.11 13:34:34.645,12.89981,12.90219,0.00,0.00
2017.10.11 13:34:34.695,12.89971,12.90209,0.00,0.00
2017.10.11 13:34:35.042,12.89971,12.90199,0.00,0.00
2017.10.11 13:34:35.144,12.89972,12.90208,0.00,0.00
2017.10.11 13:34:35.244,12.89971,12.90199,0.00,0.00
2017.10.11 13:34:35.422,12.89972,12.90208,0.00,0.00
2017.10.11 13:34:35.931,12.89972,12.90218,0.00,0.00
2017.10.11 13:34:36.032,12.90068,12.90252,0.00,0.00
2017.10.11 13:34:36.343,12.90068,12.90239,0.00,0.00
2017.10.11 13:34:36.803,12.90068,12.90248,0.00,0.00
2017.10.11 13:34:37.043,12.90068,12.90259,0.00,0.00
2017.10.11 13:34:37.417,12.90068,12.90268,0.00,0.00
2017.10.11 13:34:37.468,12.90068,12.90289,0.00,0.00
2017.10.11 13:34:37.518,12.90068,12.90278,0.00,0.00
2017.10.11 13:34:37.620,12.90068,12.90289,0.00,0.00
2017.10.11 13:34:37.722,12.90068,12.90292,0.00,0.00
2017.10.11 13:34:37.773,12.90119,12.90292,0.00,0.00
2017.10.11 13:34:37.874,12.90119,12.90358,0.00,0.00
2017.10.11 13:34:38.164,12.90101,12.90341,0.00,0.00
2017.10.11 13:34:38.265,12.90111,12.90341,0.00,0.00
2017.10.11 13:34:38.684,12.90169,12.90359,0.00,0.00
2017.10.11 13:34:39.143,12.90169,12.90349,0.00,0.00
2017.10.11 13:34:39.194,12.90119,12.90329,0.00,0.00
2017.10.11 13:34:39.294,12.90082,12.90318,0.00,0.00
2017.10.11 13:34:39.395,12.90069,12.90308,0.00,0.00
2017.10.11 13:34:39.446,12.90069,12.90289,0.00,0.00
2017.10.11 13:34:39.832,12.90072,12.90298,0.00,0.00
2017.10.11 13:34:40.031,12.90071,12.90309,0.00,0.00
2017.10.11 13:34:40.228,12.90071,12.90299,0.00,0.00
2017.10.11 13:34:40.329,12.90072,12.90308,0.00,0.00
2017.10.11 13:34:40.580,12.90069,12.90308,0.00,0.00
2017.10.11 13:34:40.783,12.90118,12.90299,0.00,0.00
2017.10.11 13:34:40.884,12.90099,12.90289,0.00,0.00
2017.10.11 13:34:40.985,12.90071,12.90289,0.00,0.00
2017.10.11 13:34:41.086,12.90071,12.90299,0.00,0.00
2017.10.11 13:34:41.478,12.90071,12.90289,0.00,0.00
2017.10.11 13:34:41.581,12.90072,12.90318,0.00,0.00
2017.10.11 13:34:42.032,12.90072,12.90298,0.00,0.00
2017.10.11 13:34:42.172,12.90071,12.90309,0.00,0.00
2017.10.11 13:34:42.642,12.90071,12.90299,0.00,0.00
2017.10.11 13:34:43.331,12.90072,12.90278,0.00,0.00
2017.10.11 13:34:43.583,12.90071,12.90299,0.00,0.00
2017.10.11 13:34:43.989,12.90072,12.90308,0.00,0.00
2017.10.11 13:34:44.283,12.90071,12.90289,0.00,0.00
2017.10.11 13:34:44.425,12.90072,12.90308,0.00,0.00
2017.10.11 13:34:44.476,12.90071,12.90312,0.00,0.00
2017.10.11 13:34:44.577,12.90071,12.90319,0.00,0.00
2017.10.11 13:34:44.649,12.90072,12.90308,0.00,0.00
2017.10.11 13:34:44.961,12.90071,12.90289,0.00,0.00
2017.10.11 13:34:45.012,12.90071,12.90299,0.00,0.00
2017.10.11 13:34:45.113,12.90072,12.90308,0.00,0.00
2017.10.11 13:34:45.381,12.90072,12.90312,0.00,0.00
2017.10.11 13:34:45.432,12.90168,12.90312,0.00,0.00
2017.10.11 13:34:45.532,12.90168,12.90358,0.00,0.00
2017.10.11 13:34:45.583,12.90168,12.90349,0.00,0.00
2017.10.11 13:34:45.911,12.90168,12.90358,0.00,0.00
2017.10.11 13:34:46.462,12.90168,12.90369,0.00,0.00
2017.10.11 13:34:46.513,12.90168,12.90382,0.00,0.00
2017.10.11 13:34:46.614,12.90269,12.90418,0.00,0.00
2017.10.11 13:34:46.765,12.90212,12.90418,0.00,0.00
2017.10.11 13:34:46.816,12.90231,12.90449,0.00,0.00
2017.10.11 13:34:46.866,12.90268,12.90452,0.00,0.00
2017.10.11 13:34:46.917,12.90268,12.90472,0.00,0.00
2017.10.11 13:34:46.968,12.90271,12.90472,0.00,0.00
2017.10.11 13:34:47.018,12.90272,12.90488,0.00,0.00
2017.10.11 13:34:47.145,12.90271,12.90479,0.00,0.00
2017.10.11 13:34:47.271,12.90271,12.90489,0.00,0.00
2017.10.11 13:34:47.546,12.90271,12.90499,0.00,0.00
2017.10.11 13:34:47.647,12.90281,12.90519,0.00,0.00
2017.10.11 13:34:47.798,12.90281,12.90449,0.00,0.00
2017.10.11 13:34:47.905,12.90268,12.90478,0.00,0.00
2017.10.11 13:34:47.956,12.90268,12.90492,0.00,0.00
2017.10.11 13:34:48.057,12.90268,12.90439,0.00,0.00
2017.10.11 13:34:48.107,12.90268,12.90458,0.00,0.00
2017.10.11 13:34:48.309,12.90268,12.90468,0.00,0.00
2017.10.11 13:34:48.410,12.90268,12.90499,0.00,0.00
2017.10.11 13:34:48.631,12.90268,12.90489,0.00,0.00
2017.10.11 13:34:48.732,12.90268,12.90498,0.00,0.00
2017.10.11 13:34:48.832,12.90268,12.90479,0.00,0.00
2017.10.11 13:34:49.105,12.90268,12.90482,0.00,0.00
2017.10.11 13:34:49.206,12.90268,12.90498,0.00,0.00
2017.10.11 13:34:49.283,12.90268,12.90449,0.00,0.00
2017.10.11 13:34:49.333,12.90268,12.90479,0.00,0.00
2017.10.11 13:34:49.384,12.90268,12.90488,0.00,0.00
2017.10.11 13:34:49.434,12.90268,12.90481,0.00,0.00
2017.10.11 13:34:49.600,12.90268,12.90508,0.00,0.00
2017.10.11 13:34:49.651,12.90271,12.90512,0.00,0.00
2017.10.11 13:34:49.751,12.90268,12.90509,0.00,0.00
2017.10.11 13:34:50.066,12.90268,12.90491,0.00,0.00
2017.10.11 13:34:50.386,12.90268,12.90478,0.00,0.00
2017.10.11 13:34:50.596,12.90268,12.90481,0.00,0.00
2017.10.11 13:34:50.647,12.90268,12.90489,0.00,0.00
2017.10.11 13:34:51.027,12.90268,12.90479,0.00,0.00
2017.10.11 13:34:51.300,12.90268,12.90489,0.00,0.00
2017.10.11 13:34:51.401,12.90331,12.90491,0.00,0.00
2017.10.11 13:34:51.451,12.90351,12.90521,0.00,0.00
2017.10.11 13:34:51.502,12.90369,12.90521,0.00,0.00
2017.10.11 13:34:51.552,12.90369,12.90572,0.00,0.00
2017.10.11 13:34:51.603,12.90371,12.90572,0.00,0.00
2017.10.11 13:34:51.653,12.90372,12.90591,0.00,0.00
2017.10.11 13:34:51.754,12.90371,12.90609,0.00,0.00
2017.10.11 13:34:51.938,12.90369,12.90609,0.00,0.00
2017.10.11 13:34:51.989,12.90369,12.90599,0.00,0.00
2017.10.11 13:34:52.293,12.90369,12.90592,0.00,0.00
2017.10.11 13:34:52.344,12.90369,12.90609,0.00,0.00
2017.10.11 13:34:52.545,12.90369,12.90599,0.00,0.00
2017.10.11 13:34:52.596,12.90369,12.90608,0.00,0.00
2017.10.11 13:34:52.646,12.90369,12.90582,0.00,0.00
2017.10.11 13:34:52.747,12.90369,12.90601,0.00,0.00
2017.10.11 13:34:52.839,12.90371,12.90601,0.00,0.00
2017.10.11 13:34:53.142,12.90369,12.90598,0.00,0.00
2017.10.11 13:34:53.233,12.90369,12.90609,0.00,0.00
2017.10.11 13:34:53.435,12.90369,12.90601,0.00,0.00
2017.10.11 13:34:53.767,12.90369,12.90549,0.00,0.00
2017.10.11 13:34:54.087,12.90369,12.90538,0.00,0.00
2017.10.11 13:34:54.289,12.90309,12.90479,0.00,0.00
2017.10.11 13:34:54.390,12.90268,12.90489,0.00,0.00
2017.10.11 13:34:54.486,12.90301,12.90501,0.00,0.00
2017.10.11 13:34:54.536,12.90332,12.90558,0.00,0.00
2017.10.11 13:34:54.688,12.90368,12.90559,0.00,0.00
2017.10.11 13:34:55.040,12.90368,12.90549,0.00,0.00
2017.10.11 13:34:55.292,12.90368,12.90558,0.00,0.00
2017.10.11 13:34:55.406,12.90368,12.90569,0.00,0.00
2017.10.11 13:34:55.737,12.90368,12.90578,0.00,0.00
2017.10.11 13:34:56.067,12.90368,12.90599,0.00,0.00
2017.10.11 13:34:56.117,12.90402,12.90608,0.00,0.00
2017.10.11 13:34:56.168,12.90391,12.90609,0.00,0.00
2017.10.11 13:34:56.269,12.90381,12.90609,0.00,0.00
2017.10.11 13:34:56.452,12.90368,12.90568,0.00,0.00
2017.10.11 13:34:56.806,12.90368,12.90549,0.00,0.00
2017.10.11 13:34:57.133,12.90368,12.90529,0.00,0.00
2017.10.11 13:34:57.206,12.90368,12.90591,0.00,0.00
2017.10.11 13:34:57.257,12.90338,12.90509,0.00,0.00
2017.10.11 13:34:57.394,12.90279,12.90488,0.00,0.00
2017.10.11 13:34:57.495,12.90352,12.90512,0.00,0.00
2017.10.11 13:34:57.646,12.90369,12.90569,0.00,0.00
2017.10.11 13:34:57.805,12.90369,12.90579,0.00,0.00
2017.10.11 13:34:58.064,12.90369,12.90568,0.00,0.00
2017.10.11 13:34:58.273,12.90331,12.90541,0.00,0.00
2017.10.11 13:34:58.412,12.90368,12.90581,0.00,0.00
2017.10.11 13:34:58.462,12.90368,12.90559,0.00,0.00
2017.10.11 13:34:58.675,12.90368,12.90568,0.00,0.00
2017.10.11 13:34:58.916,12.90368,12.90558,0.00,0.00
2017.10.11 13:34:59.276,12.90368,12.90568,0.00,0.00
2017.10.11 13:34:59.503,12.90352,12.90568,0.00,0.00
2017.10.11 13:34:59.604,12.90328,12.90519,0.00,0.00
2017.10.11 13:34:59.654,12.90278,12.90509,0.00,0.00
2017.10.11 13:34:59.755,12.90269,12.90498,0.00,0.00
2017.10.11 13:34:59.852,12.90269,12.90509,0.00,0.00
2017.10.11 13:34:59.903,12.90281,12.90512,0.00,0.00
2017.10.11 13:35:00.054,12.90269,12.90509,0.00,0.00
2017.10.11 13:35:00.104,12.90269,12.90479,0.00,0.00
2017.10.11 13:35:00.205,12.90262,12.90478,0.00,0.00
2017.10.11 13:35:00.263,12.90262,12.90488,0.00,0.00
2017.10.11 13:35:00.364,12.90262,12.90492,0.00,0.00
2017.10.11 13:35:00.415,12.90272,12.90492,0.00,0.00
2017.10.11 13:35:00.466,12.90261,12.90489,0.00,0.00
2017.10.11 13:35:00.516,12.90262,12.90478,0.00,0.00
2017.10.11 13:35:00.826,12.90261,12.90459,0.00,0.00
2017.10.11 13:35:01.123,12.90262,12.90478,0.00,0.00
2017.10.11 13:35:01.324,12.90261,12.90469,0.00,0.00
2017.10.11 13:35:01.858,12.90262,12.90478,0.00,0.00
2017.10.11 13:35:01.981,12.90261,12.90489,0.00,0.00
2017.10.11 13:35:02.032,12.90261,12.90479,0.00,0.00
2017.10.11 13:35:02.343,12.90261,12.90469,0.00,0.00
2017.10.11 13:35:02.685,12.90261,12.90459,0.00,0.00
2017.10.11 13:35:03.020,12.90261,12.90449,0.00,0.00
2017.10.11 13:35:03.234,12.90261,12.90459,0.00,0.00
2017.10.11 13:35:03.429,12.90262,12.90468,0.00,0.00
2017.10.11 13:35:03.480,12.90262,12.90458,0.00,0.00
2017.10.11 13:35:03.771,12.90239,12.90501,0.00,0.00
2017.10.11 13:35:03.822,12.90261,12.90459,0.00,0.00
2017.10.11 13:35:04.186,12.90261,12.90469,0.00,0.00
2017.10.11 13:35:04.388,12.90261,12.90479,0.00,0.00
2017.10.11 13:35:04.439,12.90261,12.90469,0.00,0.00
2017.10.11 13:35:04.590,12.90261,12.90479,0.00,0.00
2017.10.11 13:35:04.641,12.90261,12.90469,0.00,0.00
2017.10.11 13:35:05.271,12.90262,12.90468,0.00,0.00
2017.10.11 13:35:05.740,12.90262,12.90478,0.00,0.00
2017.10.11 13:35:05.790,12.90262,12.90468,0.00,0.00
2017.10.11 13:35:06.158,12.90261,12.90479,0.00,0.00
2017.10.11 13:35:06.209,12.90261,12.90501,0.00,0.00
2017.10.11 13:35:06.361,12.90281,12.90501,0.00,0.00
2017.10.11 13:35:06.489,12.90271,12.90501,0.00,0.00
2017.10.11 13:35:06.590,12.90281,12.90501,0.00,0.00
2017.10.11 13:35:06.892,12.90262,12.90498,0.00,0.00
2017.10.11 13:35:06.942,12.90262,12.90488,0.00,0.00
2017.10.11 13:35:07.113,12.90262,12.90498,0.00,0.00
2017.10.11 13:35:07.319,12.90271,12.90501,0.00,0.00
2017.10.11 13:35:07.623,12.90271,12.90499,0.00,0.00
2017.10.11 13:35:08.109,12.90278,12.90489,0.00,0.00
2017.10.11 13:35:08.210,12.90278,12.90509,0.00,0.00
2017.10.11 13:35:08.260,12.90289,12.90488,0.00,0.00
2017.10.11 13:35:08.430,12.90262,12.90468,0.00,0.00
2017.10.11 13:35:08.481,12.90261,12.90489,0.00,0.00
2017.10.11 13:35:08.582,12.90271,12.90502,0.00,0.00
2017.10.11 13:35:08.633,12.90269,12.90499,0.00,0.00
2017.10.11 13:35:08.945,12.90251,12.90459,0.00,0.00
2017.10.11 13:35:08.996,12.90251,12.90469,0.00,0.00
2017.10.11 13:35:09.130,12.90252,12.90478,0.00,0.00
2017.10.11 13:35:09.181,12.90251,12.90459,0.00,0.00
2017.10.11 13:35:09.549,12.90251,12.90469,0.00,0.00
2017.10.11 13:35:09.822,12.90252,12.90478,0.00,0.00
2017.10.11 13:35:09.872,12.90259,12.90478,0.00,0.00
2017.10.11 13:35:09.998,12.90259,12.90488,0.00,0.00
2017.10.11 13:35:10.049,12.90279,12.90489,0.00,0.00
2017.10.11 13:35:10.250,12.90269,12.90498,0.00,0.00
2017.10.11 13:35:10.351,12.90329,12.90509,0.00,0.00
2017.10.11 13:35:10.411,12.90329,12.90519,0.00,0.00
2017.10.11 13:35:10.462,12.90351,12.90579,0.00,0.00
2017.10.11 13:35:10.513,12.90361,12.90579,0.00,0.00
2017.10.11 13:35:10.643,12.90369,12.90599,0.00,0.00
2017.10.11 13:35:11.152,12.90361,12.90599,0.00,0.00
2017.10.11 13:35:11.390,12.90361,12.90589,0.00,0.00
2017.10.11 13:35:11.502,12.90361,12.90599,0.00,0.00
2017.10.11 13:35:12.244,12.90372,12.90598,0.00,0.00
2017.10.11 13:35:12.593,12.90361,12.90599,0.00,0.00
2017.10.11 13:35:12.795,12.90361,12.90569,0.00,0.00
2017.10.11 13:35:12.946,12.90361,12.90579,0.00,0.00
2017.10.11 13:35:12.996,12.90401,12.90599,0.00,0.00
2017.10.11 13:35:13.237,12.90381,12.90599,0.00,0.00
2017.10.11 13:35:13.332,12.90371,12.90599,0.00,0.00
2017.10.11 13:35:13.383,12.90369,12.90559,0.00,0.00
2017.10.11 13:35:13.608,12.90369,12.90569,0.00,0.00
2017.10.11 13:35:13.659,12.90361,12.90569,0.00,0.00
2017.10.11 13:35:13.760,12.90361,12.90559,0.00,0.00
2017.10.11 13:35:14.012,12.90362,12.90578,0.00,0.00
2017.10.11 13:35:14.193,12.90361,12.90569,0.00,0.00
2017.10.11 13:35:14.538,12.90361,12.90549,0.00,0.00
2017.10.11 13:35:14.689,12.90268,12.90489,0.00,0.00
2017.10.11 13:35:14.790,12.90261,12.90489,0.00,0.00
2017.10.11 13:35:15.108,12.90268,12.90489,0.00,0.00
2017.10.11 13:35:15.209,12.90261,12.90489,0.00,0.00
2017.10.11 13:35:15.438,12.90261,12.90499,0.00,0.00
2017.10.11 13:35:15.761,12.90361,12.90531,0.00,0.00
2017.10.11 13:35:15.862,12.90371,12.90552,0.00,0.00
2017.10.11 13:35:15.913,12.90371,12.90601,0.00,0.00
2017.10.11 13:35:15.971,12.90382,12.90601,0.00,0.00
2017.10.11 13:35:16.297,12.90392,12.90601,0.00,0.00
2017.10.11 13:35:16.779,12.90391,12.90579,0.00,0.00
2017.10.11 13:35:16.829,12.90379,12.90599,0.00,0.00
2017.10.11 13:35:16.880,12.90382,12.90618,0.00,0.00
2017.10.11 13:35:16.930,12.90381,12.90602,0.00,0.00
2017.10.11 13:35:17.031,12.90372,12.90602,0.00,0.00
2017.10.11 13:35:17.082,12.90378,12.90589,0.00,0.00
2017.10.11 13:35:17.226,12.90378,12.90598,0.00,0.00
2017.10.11 13:35:17.277,12.90361,12.90602,0.00,0.00
2017.10.11 13:35:17.428,12.90362,12.90598,0.00,0.00
2017.10.11 13:35:17.731,12.90381,12.90602,0.00,0.00
2017.10.11 13:35:17.781,12.90429,12.90652,0.00,0.00
2017.10.11 13:35:17.832,12.90431,12.90652,0.00,0.00
2017.10.11 13:35:18.150,12.90461,12.90649,0.00,0.00
2017.10.11 13:35:18.305,12.90461,12.90679,0.00,0.00
2017.10.11 13:35:18.526,12.90461,12.90699,0.00,0.00
2017.10.11 13:35:19.090,12.90462,12.90698,0.00,0.00
2017.10.11 13:35:19.194,12.90461,12.90689,0.00,0.00
2017.10.11 13:35:19.510,12.90461,12.90669,0.00,0.00
2017.10.11 13:35:19.571,12.90451,12.90699,0.00,0.00
2017.10.11 13:35:19.621,12.90478,12.90702,0.00,0.00
2017.10.11 13:35:20.003,12.90492,12.90751,0.00,0.00
2017.10.11 13:35:20.164,12.90632,12.90801,0.00,0.00
2017.10.11 13:35:20.457,12.90592,12.90778,0.00,0.00
2017.10.11 13:35:20.646,12.90562,12.90768,0.00,0.00
2017.10.11 13:35:20.702,12.90591,12.90752,0.00,0.00
2017.10.11 13:35:20.805,12.90619,12.90802,0.00,0.00
2017.10.11 13:35:20.906,12.90551,12.90802,0.00,0.00
2017.10.11 13:35:20.956,12.90551,12.90789,0.00,0.00
2017.10.11 13:35:21.057,12.90552,12.90802,0.00,0.00
2017.10.11 13:35:21.158,12.90552,12.90788,0.00,0.00
2017.10.11 13:35:21.484,12.90591,12.90802,0.00,0.00
2017.10.11 13:35:21.673,12.90591,12.90819,0.00,0.00
2017.10.11 13:35:21.724,12.90579,12.90798,0.00,0.00
2017.10.11 13:35:21.774,12.90571,12.90799,0.00,0.00
2017.10.11 13:35:21.825,12.90571,12.90779,0.00,0.00
2017.10.11 13:35:22.055,12.90561,12.90779,0.00,0.00
2017.10.11 13:35:22.106,12.90561,12.90752,0.00,0.00
2017.10.11 13:35:22.207,12.90551,12.90759,0.00,0.00
2017.10.11 13:35:22.816,12.90552,12.90758,0.00,0.00
2017.10.11 13:35:23.103,12.90551,12.90769,0.00,0.00
2017.10.11 13:35:23.154,12.90551,12.90701,0.00,0.00
2017.10.11 13:35:23.255,12.90551,12.90749,0.00,0.00
2017.10.11 13:35:23.306,12.90552,12.90758,0.00,0.00
2017.10.11 13:35:23.457,12.90551,12.90769,0.00,0.00
2017.10.11 13:35:23.558,12.90551,12.90779,0.00,0.00
2017.10.11 13:35:23.696,12.90551,12.90789,0.00,0.00
2017.10.11 13:35:23.747,12.90552,12.90768,0.00,0.00
2017.10.11 13:35:24.077,12.90551,12.90759,0.00,0.00
2017.10.11 13:35:24.178,12.90552,12.90768,0.00,0.00
2017.10.11 13:35:24.336,12.90552,12.90788,0.00,0.00
2017.10.11 13:35:24.837,12.90551,12.90799,0.00,0.00
2017.10.11 13:35:24.888,12.90551,12.90779,0.00,0.00
2017.10.11 13:35:25.321,12.90551,12.90769,0.00,0.00
2017.10.11 13:35:25.778,12.90552,12.90778,0.00,0.00
2017.10.11 13:35:25.962,12.90552,12.90768,0.00,0.00
2017.10.11 13:35:26.291,12.90481,12.90702,0.00,0.00
2017.10.11 13:35:26.342,12.90479,12.90702,0.00,0.00
2017.10.11 13:35:26.393,12.90492,12.90702,0.00,0.00
2017.10.11 13:35:26.445,12.90482,12.90702,0.00,0.00
2017.10.11 13:35:26.546,12.90462,12.90702,0.00,0.00
2017.10.11 13:35:26.597,12.90452,12.90702,0.00,0.00
2017.10.11 13:35:26.748,12.90451,12.90699,0.00,0.00
2017.10.11 13:35:27.073,12.90539,12.90708,0.00,0.00
2017.10.11 13:35:27.124,12.90518,12.90701,0.00,0.00
2017.10.11 13:35:27.225,12.90462,12.90701,0.00,0.00
2017.10.11 13:35:27.284,12.90478,12.90708,0.00,0.00
2017.10.11 13:35:27.634,12.90551,12.90749,0.00,0.00
2017.10.11 13:35:27.735,12.90552,12.90758,0.00,0.00
2017.10.11 13:35:27.849,12.90551,12.90769,0.00,0.00
2017.10.11 13:35:27.950,12.90551,12.90799,0.00,0.00
2017.10.11 13:35:28.000,12.90552,12.90758,0.00,0.00
2017.10.11 13:35:28.320,12.90552,12.90748,0.00,0.00
2017.10.11 13:35:28.648,12.90561,12.90759,0.00,0.00
2017.10.11 13:35:28.699,12.90561,12.90769,0.00,0.00
2017.10.11 13:35:28.989,12.90561,12.90789,0.00,0.00
2017.10.11 13:35:29.040,12.90561,12.90769,0.00,0.00
2017.10.11 13:35:29.442,12.90561,12.90779,0.00,0.00
2017.10.11 13:35:29.596,12.90541,12.90799,0.00,0.00
2017.10.11 13:35:29.646,12.90549,12.90774,0.00,0.00
2017.10.11 13:35:29.747,12.90531,12.90774,0.00,0.00
2017.10.11 13:35:30.066,12.90538,12.90706,0.00,0.00
2017.10.11 13:35:30.218,12.90531,12.90779,0.00,0.00
2017.10.11 13:35:30.319,12.90531,12.90789,0.00,0.00
2017.10.11 13:35:30.419,12.90558,12.90789,0.00,0.00
2017.10.11 13:35:30.470,12.90558,12.90798,0.00,0.00
2017.10.11 13:35:30.571,12.90561,12.90802,0.00,0.00
2017.10.11 13:35:30.923,12.90568,12.90802,0.00,0.00
2017.10.11 13:35:31.141,12.90561,12.90802,0.00,0.00
2017.10.11 13:35:31.270,12.90562,12.90793,0.00,0.00
2017.10.11 13:35:31.472,12.90552,12.90793,0.00,0.00
2017.10.11 13:35:31.634,12.90551,12.90799,0.00,0.00
2017.10.11 13:35:31.735,12.90559,12.90799,0.00,0.00
2017.10.11 13:35:31.785,12.90561,12.90802,0.00,0.00
2017.10.11 13:35:32.073,12.90559,12.90802,0.00,0.00
2017.10.11 13:35:32.201,12.90559,12.90802,0.00,0.00
2017.10.11 13:35:32.252,12.90562,12.90802,0.00,0.00
2017.10.11 13:35:32.555,12.90562,12.90793,0.00,0.00
2017.10.11 13:35:33.125,12.90551,12.90774,0.00,0.00
2017.10.11 13:35:33.452,12.90542,12.90723,0.00,0.00
2017.10.11 13:35:33.719,12.90551,12.90749,0.00,0.00
2017.10.11 13:35:33.770,12.90552,12.90758,0.00,0.00
2017.10.11 13:35:33.879,12.90551,12.90779,0.00,0.00
2017.10.11 13:35:34.025,12.90551,12.90789,0.00,0.00
2017.10.11 13:35:34.075,12.90571,12.90802,0.00,0.00
2017.10.11 13:35:34.377,12.90552,12.90778,0.00,0.00
2017.10.11 13:35:34.679,12.90551,12.90769,0.00,0.00
2017.10.11 13:35:34.730,12.90552,12.90792,0.00,0.00
2017.10.11 13:35:34.831,12.90551,12.90769,0.00,0.00
2017.10.11 13:35:34.989,12.90538,12.90759,0.00,0.00
2017.10.11 13:35:35.043,12.90531,12.90752,0.00,0.00
2017.10.11 13:35:35.364,12.90542,12.90738,0.00,0.00
2017.10.11 13:35:35.414,12.90542,12.90758,0.00,0.00
2017.10.11 13:35:35.515,12.90542,12.90768,0.00,0.00
2017.10.11 13:35:35.728,12.90542,12.90778,0.00,0.00
2017.10.11 13:35:36.021,12.90541,12.90769,0.00,0.00
2017.10.11 13:35:36.323,12.90541,12.90739,0.00,0.00
2017.10.11 13:35:36.475,12.90521,12.90751,0.00,0.00
2017.10.11 13:35:36.525,12.90548,12.90751,0.00,0.00
2017.10.11 13:35:36.690,12.90482,12.90748,0.00,0.00
2017.10.11 13:35:36.819,12.90481,12.90751,0.00,0.00
2017.10.11 13:35:37.020,12.90532,12.90768,0.00,0.00
2017.10.11 13:35:37.121,12.90538,12.90778,0.00,0.00
2017.10.11 13:35:37.560,12.90532,12.90778,0.00,0.00
2017.10.11 13:35:37.611,12.90531,12.90769,0.00,0.00
2017.10.11 13:35:38.118,12.90538,12.90769,0.00,0.00
2017.10.11 13:35:38.181,12.90538,12.90778,0.00,0.00
2017.10.11 13:35:38.706,12.90538,12.90779,0.00,0.00
2017.10.11 13:35:38.757,12.90538,12.90769,0.00,0.00
2017.10.11 13:35:39.161,12.90532,12.90758,0.00,0.00
2017.10.11 13:35:39.511,12.90531,12.90769,0.00,0.00
2017.10.11 13:35:39.612,12.90539,12.90759,0.00,0.00
2017.10.11 13:35:39.712,12.90539,12.90769,0.00,0.00
2017.10.11 13:35:39.763,12.90532,12.90778,0.00,0.00
2017.10.11 13:35:39.864,12.90548,12.90778,0.00,0.00
2017.10.11 13:35:39.915,12.90548,12.90799,0.00,0.00
2017.10.11 13:35:39.965,12.90541,12.90791,0.00,0.00
2017.10.11 13:35:40.373,12.90531,12.90779,0.00,0.00
2017.10.11 13:35:40.782,12.90541,12.90789,0.00,0.00
2017.10.11 13:35:41.084,12.90532,12.90768,0.00,0.00
2017.10.11 13:35:41.185,12.90531,12.90782,0.00,0.00
2017.10.11 13:35:41.235,12.90539,12.90789,0.00,0.00
2017.10.11 13:35:41.562,12.90562,12.90802,0.00,0.00
2017.10.11 13:35:41.613,12.90551,12.90799,0.00,0.00
2017.10.11 13:35:41.764,12.90582,12.90802,0.00,0.00
2017.10.11 13:35:41.815,12.90542,12.90788,0.00,0.00
2017.10.11 13:35:41.916,12.90552,12.90798,0.00,0.00
2017.10.11 13:35:42.070,12.90541,12.90789,0.00,0.00
2017.10.11 13:35:42.238,12.90551,12.90799,0.00,0.00
2017.10.11 13:35:42.573,12.90542,12.90788,0.00,0.00
2017.10.11 13:35:42.909,12.90532,12.90768,0.00,0.00
2017.10.11 13:35:42.960,12.90532,12.90778,0.00,0.00
2017.10.11 13:35:43.061,12.90548,12.90769,0.00,0.00
2017.10.11 13:35:43.161,12.90531,12.90759,0.00,0.00
2017.10.11 13:35:43.212,12.90531,12.90779,0.00,0.00
2017.10.11 13:35:43.359,12.90549,12.90759,0.00,0.00
2017.10.11 13:35:43.460,12.90532,12.90748,0.00,0.00
2017.10.11 13:35:43.561,12.90531,12.90759,0.00,0.00
2017.10.11 13:35:43.662,12.90532,12.90778,0.00,0.00
2017.10.11 13:35:43.762,12.90548,12.90799,0.00,0.00
2017.10.11 13:35:43.863,12.90551,12.90799,0.00,0.00
2017.10.11 13:35:44.357,12.90561,12.90802,0.00,0.00
2017.10.11 13:35:44.632,12.90599,12.90851,0.00,0.00
2017.10.11 13:35:44.761,12.90599,12.90849,0.00,0.00
2017.10.11 13:35:44.832,12.90591,12.90849,0.00,0.00
2017.10.11 13:35:45.083,12.90592,12.90851,0.00,0.00
2017.10.11 13:35:45.251,12.90599,12.90851,0.00,0.00
2017.10.11 13:35:46.433,12.90591,12.90851,0.00,0.00
2017.10.11 13:35:46.508,12.90632,12.90851,0.00,0.00
2017.10.11 13:35:46.559,12.90632,12.90862,0.00,0.00
2017.10.11 13:35:46.659,12.90631,12.90869,0.00,0.00
2017.10.11 13:35:46.710,12.90632,12.90848,0.00,0.00
2017.10.11 13:35:46.811,12.90631,12.90859,0.00,0.00
2017.10.11 13:35:46.943,12.90631,12.90849,0.00,0.00
2017.10.11 13:35:47.144,12.90632,12.90868,0.00,0.00
2017.10.11 13:35:47.195,12.90632,12.90848,0.00,0.00
2017.10.11 13:35:47.245,12.90632,12.90858,0.00,0.00
2017.10.11 13:35:47.419,12.90632,12.90868,0.00,0.00
2017.10.11 13:35:47.520,12.90631,12.90859,0.00,0.00
2017.10.11 13:35:47.982,12.90632,12.90848,0.00,0.00
2017.10.11 13:35:48.192,12.90632,12.90878,0.00,0.00
2017.10.11 13:35:48.397,12.90631,12.90869,0.00,0.00
2017.10.11 13:35:48.448,12.90632,12.90878,0.00,0.00
2017.10.11 13:35:48.738,12.90632,12.90848,0.00,0.00
2017.10.11 13:35:49.091,12.90632,12.90858,0.00,0.00
2017.10.11 13:35:49.382,12.90639,12.90839,0.00,0.00
2017.10.11 13:35:49.654,12.90608,12.90819,0.00,0.00
2017.10.11 13:35:49.704,12.90592,12.90802,0.00,0.00
2017.10.11 13:35:49.755,12.90581,12.90802,0.00,0.00
2017.10.11 13:35:49.856,12.90562,12.90802,0.00,0.00
2017.10.11 13:35:49.906,12.90579,12.90802,0.00,0.00
2017.10.11 13:35:50.008,12.90552,12.90798,0.00,0.00
2017.10.11 13:35:50.059,12.90538,12.90769,0.00,0.00
2017.10.11 13:35:50.212,12.90538,12.90779,0.00,0.00
2017.10.11 13:35:50.313,12.90632,12.90812,0.00,0.00
2017.10.11 13:35:50.363,12.90631,12.90839,0.00,0.00
2017.10.11 13:35:50.466,12.90629,12.90818,0.00,0.00
2017.10.11 13:35:50.567,12.90588,12.90788,0.00,0.00
2017.10.11 13:35:50.667,12.90531,12.90789,0.00,0.00
2017.10.11 13:35:50.789,12.90531,12.90779,0.00,0.00
2017.10.11 13:35:51.364,12.90549,12.90779,0.00,0.00
2017.10.11 13:35:51.473,12.90549,12.90788,0.00,0.00
2017.10.11 13:35:51.523,12.90549,12.90779,0.00,0.00
2017.10.11 13:35:51.574,12.90531,12.90779,0.00,0.00
2017.10.11 13:35:51.675,12.90538,12.90779,0.00,0.00
2017.10.11 13:35:52.089,12.90559,12.90778,0.00,0.00
2017.10.11 13:35:52.634,12.90559,12.90779,0.00,0.00
2017.10.11 13:35:52.684,12.90539,12.90779,0.00,0.00
2017.10.11 13:35:53.171,12.90559,12.90779,0.00,0.00
2017.10.11 13:35:53.308,12.90561,12.90802,0.00,0.00
2017.10.11 13:35:53.367,12.90559,12.90799,0.00,0.00
2017.10.11 13:35:53.919,12.90559,12.90798,0.00,0.00
2017.10.11 13:35:54.020,12.90562,12.90802,0.00,0.00
2017.10.11 13:35:54.193,12.90571,12.90802,0.00,0.00
2017.10.11 13:35:54.294,12.90562,12.90802,0.00,0.00
2017.10.11 13:35:54.430,12.90559,12.90798,0.00,0.00
2017.10.11 13:35:54.908,12.90532,12.90768,0.00,0.00
2017.10.11 13:35:55.357,12.90532,12.90778,0.00,0.00
2017.10.11 13:35:55.501,12.90551,12.90792,0.00,0.00
2017.10.11 13:35:55.803,12.90582,12.90802,0.00,0.00
2017.10.11 13:35:55.854,12.90558,12.90789,0.00,0.00
2017.10.11 13:35:55.904,12.90569,12.90759,0.00,0.00
2017.10.11 13:35:56.005,12.90531,12.90749,0.00,0.00
2017.10.11 13:35:56.250,12.90531,12.90759,0.00,0.00
2017.10.11 13:35:56.301,12.90531,12.90769,0.00,0.00
2017.10.11 13:35:56.402,12.90558,12.90768,0.00,0.00
2017.10.11 13:35:56.452,12.90558,12.90789,0.00,0.00
2017.10.11 13:35:56.503,12.90548,12.90789,0.00,0.00
2017.10.11 13:35:56.608,12.90541,12.90789,0.00,0.00
2017.10.11 13:35:56.659,12.90532,12.90768,0.00,0.00
2017.10.11 13:35:56.759,12.90532,12.90778,0.00,0.00
2017.10.11 13:35:56.860,12.90541,12.90789,0.00,0.00
2017.10.11 13:35:56.994,12.90551,12.90799,0.00,0.00
2017.10.11 13:35:57.302,12.90558,12.90759,0.00,0.00
2017.10.11 13:35:57.856,12.90558,12.90749,0.00,0.00
2017.10.11 13:35:57.988,12.90531,12.90749,0.00,0.00
2017.10.11 13:35:58.039,12.90532,12.90758,0.00,0.00
2017.10.11 13:35:58.238,12.90531,12.90769,0.00,0.00
2017.10.11 13:35:58.390,12.90558,12.90759,0.00,0.00
2017.10.11 13:35:58.541,12.90558,12.90778,0.00,0.00
2017.10.11 13:35:58.592,12.90541,12.90789,0.00,0.00
2017.10.11 13:35:58.775,12.90558,12.90759,0.00,0.00
2017.10.11 13:35:58.827,12.90538,12.90768,0.00,0.00
2017.10.11 13:35:58.928,12.90571,12.90802,0.00,0.00
2017.10.11 13:35:59.041,12.90582,12.90802,0.00,0.00
2017.10.11 13:35:59.091,12.90561,12.90799,0.00,0.00
2017.10.11 13:35:59.192,12.90572,12.90802,0.00,0.00
2017.10.11 13:35:59.293,12.90578,12.90809,0.00,0.00
2017.10.11 13:35:59.344,12.90578,12.90798,0.00,0.00
2017.10.11 13:35:59.394,12.90568,12.90798,0.00,0.00
2017.10.11 13:35:59.495,12.90561,12.90789,0.00,0.00
2017.10.11 13:35:59.545,12.90562,12.90798,0.00,0.00
2017.10.11 13:35:59.643,12.90609,12.90798,0.00,0.00
2017.10.11 13:35:59.694,12.90611,12.90849,0.00,0.00
2017.10.11 13:35:59.745,12.90628,12.90849,0.00,0.00
2017.10.11 13:36:00.145,12.90591,12.90799,0.00,0.00
2017.10.11 13:36:00.247,12.90631,12.90852,0.00,0.00
2017.10.11 13:36:00.297,12.90632,12.90818,0.00,0.00
2017.10.11 13:36:00.461,12.90591,12.90802,0.00,0.00
2017.10.11 13:36:00.512,12.90591,12.90822,0.00,0.00
2017.10.11 13:36:00.626,12.90598,12.90849,0.00,0.00
2017.10.11 13:36:00.727,12.90631,12.90849,0.00,0.00
2017.10.11 13:36:01.051,12.90631,12.90839,0.00,0.00
2017.10.11 13:36:01.224,12.90632,12.90848,0.00,0.00
2017.10.11 13:36:01.318,12.90632,12.90868,0.00,0.00
2017.10.11 13:36:01.419,12.90629,12.90819,0.00,0.00
2017.10.11 13:36:01.469,12.90631,12.90849,0.00,0.00
2017.10.11 13:36:01.520,12.90631,12.90839,0.00,0.00
2017.10.11 13:36:01.571,12.90632,12.90848,0.00,0.00
2017.10.11 13:36:01.962,12.90632,12.90828,0.00,0.00
2017.10.11 13:36:02.164,12.90632,12.90858,0.00,0.00
2017.10.11 13:36:02.251,12.90632,12.90868,0.00,0.00
2017.10.11 13:36:02.302,12.90631,12.90859,0.00,0.00
2017.10.11 13:36:02.612,12.90631,12.90839,0.00,0.00
2017.10.11 13:36:02.961,12.90632,12.90828,0.00,0.00
2017.10.11 13:36:03.263,12.90632,12.90878,0.00,0.00
2017.10.11 13:36:03.414,12.90631,12.90869,0.00,0.00
2017.10.11 13:36:03.749,12.90632,12.90838,0.00,0.00
2017.10.11 13:36:03.850,12.90632,12.90848,0.00,0.00
2017.10.11 13:36:03.978,12.90632,12.90858,0.00,0.00
2017.10.11 13:36:04.028,12.90638,12.90858,0.00,0.00
2017.10.11 13:36:04.505,12.90638,12.90838,0.00,0.00
2017.10.11 13:36:04.555,12.90638,12.90892,0.00,0.00
2017.10.11 13:36:04.606,12.90638,12.90859,0.00,0.00
2017.10.11 13:36:04.923,12.90638,12.90849,0.00,0.00
2017.10.11 13:36:05.024,12.90631,12.90849,0.00,0.00
2017.10.11 13:36:05.074,12.90631,12.90829,0.00,0.00
2017.10.11 13:36:05.175,12.90632,12.90838,0.00,0.00
2017.10.11 13:36:05.305,12.90631,12.90859,0.00,0.00
2017.10.11 13:36:05.721,12.90631,12.90849,0.00,0.00
2017.10.11 13:36:05.872,12.90632,12.90858,0.00,0.00
2017.10.11 13:36:06.023,12.90631,12.90849,0.00,0.00
2017.10.11 13:36:07.030,12.90631,12.90839,0.00,0.00
2017.10.11 13:36:07.402,12.90619,12.90838,0.00,0.00
2017.10.11 13:36:07.453,12.90628,12.90809,0.00,0.00
2017.10.11 13:36:07.654,12.90531,12.90779,0.00,0.00
2017.10.11 13:36:07.756,12.90531,12.90769,0.00,0.00
2017.10.11 13:36:08.098,12.90559,12.90788,0.00,0.00
2017.10.11 13:36:08.413,12.90548,12.90749,0.00,0.00
2017.10.11 13:36:08.464,12.90581,12.90792,0.00,0.00
2017.10.11 13:36:08.564,12.90568,12.90789,0.00,0.00
2017.10.11 13:36:08.702,12.90568,12.90778,0.00,0.00
2017.10.11 13:36:08.803,12.90591,12.90819,0.00,0.00
2017.10.11 13:36:08.853,12.90591,12.90809,0.00,0.00
2017.10.11 13:36:09.170,12.90592,12.90791,0.00,0.00
2017.10.11 13:36:09.260,12.90591,12.90839,0.00,0.00
2017.10.11 13:36:09.361,12.90599,12.90841,0.00,0.00
2017.10.11 13:36:09.516,12.90591,12.90841,0.00,0.00
2017.10.11 13:36:09.570,12.90591,12.90839,0.00,0.00
2017.10.11 13:36:09.910,12.90532,12.90778,0.00,0.00
2017.10.11 13:36:10.061,12.90532,12.90788,0.00,0.00
2017.10.11 13:36:10.183,12.90592,12.90792,0.00,0.00
2017.10.11 13:36:10.235,12.90592,12.90808,0.00,0.00
2017.10.11 13:36:10.310,12.90592,12.90791,0.00,0.00
2017.10.11 13:36:10.360,12.90581,12.90791,0.00,0.00
2017.10.11 13:36:10.512,12.90528,12.90791,0.00,0.00
2017.10.11 13:36:10.562,12.90531,12.90779,0.00,0.00
2017.10.11 13:36:10.879,12.90559,12.90778,0.00,0.00
2017.10.11 13:36:11.030,12.90548,12.90778,0.00,0.00
2017.10.11 13:36:11.202,12.90548,12.90769,0.00,0.00
2017.10.11 13:36:11.601,12.90631,12.90791,0.00,0.00
2017.10.11 13:36:11.652,12.90631,12.90829,0.00,0.00
2017.10.11 13:36:11.703,12.90632,12.90832,0.00,0.00
2017.10.11 13:36:11.803,12.90632,12.90858,0.00,0.00
2017.10.11 13:36:11.854,12.90659,12.90859,0.00,0.00
2017.10.11 13:36:11.955,12.90632,12.90838,0.00,0.00
2017.10.11 13:36:12.128,12.90631,12.90849,0.00,0.00
2017.10.11 13:36:12.229,12.90648,12.90849,0.00,0.00
2017.10.11 13:36:12.551,12.90648,12.90769,0.00,0.00
2017.10.11 13:36:12.652,12.90538,12.90769,0.00,0.00
2017.10.11 13:36:12.741,12.90581,12.90789,0.00,0.00
2017.10.11 13:36:12.842,12.90569,12.90779,0.00,0.00
2017.10.11 13:36:12.892,12.90569,12.90768,0.00,0.00
2017.10.11 13:36:13.075,12.90531,12.90769,0.00,0.00
2017.10.11 13:36:13.278,12.90531,12.90779,0.00,0.00
2017.10.11 13:36:13.329,12.90532,12.90768,0.00,0.00
2017.10.11 13:36:13.430,12.90531,12.90779,0.00,0.00
2017.10.11 13:36:13.480,12.90541,12.90789,0.00,0.00
2017.10.11 13:36:13.783,12.90532,12.90778,0.00,0.00
2017.10.11 13:36:13.833,12.90541,12.90789,0.00,0.00
2017.10.11 13:36:13.991,12.90531,12.90779,0.00,0.00
2017.10.11 13:36:14.322,12.90568,12.90788,0.00,0.00
2017.10.11 13:36:14.423,12.90568,12.90792,0.00,0.00
2017.10.11 13:36:14.628,12.90551,12.90792,0.00,0.00
2017.10.11 13:36:14.729,12.90542,12.90788,0.00,0.00
2017.10.11 13:36:14.779,12.90531,12.90769,0.00,0.00
2017.10.11 13:36:15.180,12.90531,12.90759,0.00,0.00
2017.10.11 13:36:15.398,12.90531,12.90779,0.00,0.00
2017.10.11 13:36:15.448,12.90568,12.90779,0.00,0.00
2017.10.11 13:36:15.690,12.90568,12.90789,0.00,0.00
2017.10.11 13:36:15.973,12.90548,12.90788,0.00,0.00
2017.10.11 13:36:16.024,12.90551,12.90792,0.00,0.00
2017.10.11 13:36:16.124,12.90548,12.90789,0.00,0.00
2017.10.11 13:36:16.468,12.90558,12.90789,0.00,0.00
2017.10.11 13:36:16.670,12.90539,12.90779,0.00,0.00
2017.10.11 13:36:17.011,12.90541,12.90789,0.00,0.00
2017.10.11 13:36:17.112,12.90539,12.90769,0.00,0.00
2017.10.11 13:36:17.410,12.90541,12.90779,0.00,0.00
2017.10.11 13:36:17.577,12.90538,12.90768,0.00,0.00
2017.10.11 13:36:17.779,12.90531,12.90769,0.00,0.00
2017.10.11 13:36:17.883,12.90558,12.90729,0.00,0.00
2017.10.11 13:36:17.983,12.90558,12.90749,0.00,0.00
2017.10.11 13:36:18.034,12.90558,12.90728,0.00,0.00
2017.10.11 13:36:18.084,12.90531,12.90729,0.00,0.00
2017.10.11 13:36:18.135,12.90531,12.90739,0.00,0.00
2017.10.11 13:36:18.257,12.90531,12.90779,0.00,0.00
2017.10.11 13:36:18.348,12.90548,12.90742,0.00,0.00
2017.10.11 13:36:18.450,12.90491,12.90739,0.00,0.00
2017.10.11 13:36:18.501,12.90492,12.90708,0.00,0.00
2017.10.11 13:36:18.819,12.90482,12.90692,0.00,0.00
2017.10.11 13:36:18.970,12.90472,12.90692,0.00,0.00
2017.10.11 13:36:19.113,12.90461,12.90692,0.00,0.00
2017.10.11 13:36:19.164,12.90478,12.90692,0.00,0.00
2017.10.11 13:36:19.372,12.90492,12.90738,0.00,0.00
2017.10.11 13:36:19.474,12.90491,12.90692,0.00,0.00
2017.10.11 13:36:19.726,12.90488,12.90692,0.00,0.00
2017.10.11 13:36:19.827,12.90482,12.90692,0.00,0.00
2017.10.11 13:36:19.878,12.90448,12.90692,0.00,0.00
2017.10.11 13:36:20.042,12.90448,12.90678,0.00,0.00
2017.10.11 13:36:20.092,12.90448,12.90688,0.00,0.00
2017.10.11 13:36:20.198,12.90451,12.90692,0.00,0.00
2017.10.11 13:36:20.249,12.90469,12.90692,0.00,0.00
2017.10.11 13:36:20.459,12.90459,12.90692,0.00,0.00
2017.10.11 13:36:20.560,12.90468,12.90692,0.00,0.00
2017.10.11 13:36:20.769,12.90442,12.90688,0.00,0.00
2017.10.11 13:36:21.018,12.90438,12.90638,0.00,0.00
2017.10.11 13:36:21.155,12.90431,12.90649,0.00,0.00
2017.10.11 13:36:21.206,12.90451,12.90692,0.00,0.00
2017.10.11 13:36:21.257,12.90461,12.90692,0.00,0.00
2017.10.11 13:36:21.592,12.90478,12.90692,0.00,0.00
2017.10.11 13:36:21.743,12.90462,12.90692,0.00,0.00
2017.10.11 13:36:22.119,12.90451,12.90692,0.00,0.00
2017.10.11 13:36:22.240,12.90441,12.90689,0.00,0.00
2017.10.11 13:36:22.623,12.90451,12.90692,0.00,0.00
2017.10.11 13:36:23.010,12.90468,12.90692,0.00,0.00
2017.10.11 13:36:23.144,12.90458,12.90692,0.00,0.00
2017.10.11 13:36:23.809,12.90458,12.90689,0.00,0.00
2017.10.11 13:36:23.859,12.90441,12.90689,0.00,0.00
2017.10.11 13:36:24.061,12.90439,12.90679,0.00,0.00
2017.10.11 13:36:24.677,12.90438,12.90678,0.00,0.00
2017.10.11 13:36:24.992,12.90449,12.90668,0.00,0.00
2017.10.11 13:36:25.052,12.90449,12.90679,0.00,0.00
2017.10.11 13:36:25.593,12.90449,12.90592,0.00,0.00
2017.10.11 13:36:25.693,12.90428,12.90579,0.00,0.00
2017.10.11 13:36:25.744,12.90428,12.90539,0.00,0.00
2017.10.11 13:36:25.795,12.90349,12.90542,0.00,0.00
2017.10.11 13:36:25.861,12.90331,12.90542,0.00,0.00
2017.10.11 13:36:25.962,12.90331,12.90579,0.00,0.00
2017.10.11 13:36:26.062,12.90369,12.90579,0.00,0.00
2017.10.11 13:36:26.850,12.90348,12.90578,0.00,0.00
2017.10.11 13:36:26.988,12.90348,12.90568,0.00,0.00
2017.10.11 13:36:27.408,12.90348,12.90559,0.00,0.00
2017.10.11 13:36:27.660,12.90331,12.90559,0.00,0.00
2017.10.11 13:36:27.761,12.90331,12.90579,0.00,0.00
2017.10.11 13:36:27.903,12.90368,12.90579,0.00,0.00
2017.10.11 13:36:28.123,12.90339,12.90579,0.00,0.00
2017.10.11 13:36:28.174,12.90368,12.90578,0.00,0.00
2017.10.11 13:36:28.499,12.90331,12.90569,0.00,0.00
2017.10.11 13:36:28.650,12.90331,12.90579,0.00,0.00
2017.10.11 13:36:28.754,12.90358,12.90579,0.00,0.00
2017.10.11 13:36:28.823,12.90358,12.90588,0.00,0.00
2017.10.11 13:36:28.974,12.90358,12.90569,0.00,0.00
2017.10.11 13:36:29.425,12.90358,12.90559,0.00,0.00
2017.10.11 13:36:29.526,12.90358,12.90569,0.00,0.00
2017.10.11 13:36:29.627,12.90332,12.90578,0.00,0.00
2017.10.11 13:36:29.778,12.90358,12.90578,0.00,0.00
2017.10.11 13:36:30.088,12.90338,12.90568,0.00,0.00
2017.10.11 13:36:30.189,12.90358,12.90568,0.00,0.00
2017.10.11 13:36:30.658,12.90338,12.90569,0.00,0.00
2017.10.11 13:36:30.759,12.90359,12.90568,0.00,0.00
2017.10.11 13:36:31.293,12.90332,12.90568,0.00,0.00
2017.10.11 13:36:31.692,12.90359,12.90568,0.00,0.00
2017.10.11 13:36:31.860,12.90331,12.90569,0.00,0.00
2017.10.11 13:36:31.969,12.90349,12.90568,0.00,0.00
2017.10.11 13:36:32.300,12.90358,12.90569,0.00,0.00
2017.10.11 13:36:32.620,12.90358,12.90578,0.00,0.00
2017.10.11 13:36:32.799,12.90349,12.90579,0.00,0.00
2017.10.11 13:36:33.012,12.90358,12.90591,0.00,0.00
2017.10.11 13:36:33.178,12.90348,12.90591,0.00,0.00
2017.10.11 13:36:33.391,12.90341,12.90591,0.00,0.00
2017.10.11 13:36:33.618,12.90351,12.90591,0.00,0.00
2017.10.11 13:36:34.408,12.90372,12.90591,0.00,0.00
2017.10.11 13:36:35.848,12.90352,12.90591,0.00,0.00
2017.10.11 13:36:36.211,12.90372,12.90591,0.00,0.00
2017.10.11 13:36:36.514,12.90532,12.90732,0.00,0.00
2017.10.11 13:36:36.615,12.90538,12.90768,0.00,0.00
2017.10.11 13:36:36.666,12.90538,12.90692,0.00,0.00
2017.10.11 13:36:36.829,12.90531,12.90711,0.00,0.00
2017.10.11 13:36:36.880,12.90531,12.90759,0.00,0.00
2017.10.11 13:36:37.031,12.90532,12.90788,0.00,0.00
2017.10.11 13:36:37.533,12.90531,12.90789,0.00,0.00
2017.10.11 13:36:37.662,12.90531,12.90741,0.00,0.00
2017.10.11 13:36:37.772,12.90491,12.90719,0.00,0.00
2017.10.11 13:36:37.823,12.90491,12.90741,0.00,0.00
2017.10.11 13:36:37.874,12.90531,12.90742,0.00,0.00
2017.10.11 13:36:37.975,12.90531,12.90779,0.00,0.00
2017.10.11 13:36:38.037,12.90531,12.90769,0.00,0.00
2017.10.11 13:36:38.328,12.90519,12.90768,0.00,0.00
2017.10.11 13:36:38.429,12.90519,12.90759,0.00,0.00
2017.10.11 13:36:38.824,12.90532,12.90778,0.00,0.00
2017.10.11 13:36:38.942,12.90531,12.90789,0.00,0.00
2017.10.11 13:36:39.566,12.90532,12.90788,0.00,0.00
2017.10.11 13:36:39.998,12.90532,12.90772,0.00,0.00
2017.10.11 13:36:40.983,12.90531,12.90789,0.00,0.00
2017.10.11 13:36:41.591,12.90532,12.90788,0.00,0.00
2017.10.11 13:36:41.700,12.90532,12.90778,0.00,0.00
2017.10.11 13:36:42.124,12.90531,12.90789,0.00,0.00
2017.10.11 13:36:42.330,12.90532,12.90778,0.00,0.00
2017.10.11 13:36:42.700,12.90531,12.90769,0.00,0.00
2017.10.11 13:36:43.083,12.90531,12.90749,0.00,0.00
2017.10.11 13:36:43.133,12.90532,12.90758,0.00,0.00
2017.10.11 13:36:43.284,12.90532,12.90768,0.00,0.00
2017.10.11 13:36:43.721,12.90509,12.90719,0.00,0.00
2017.10.11 13:36:43.822,12.90531,12.90752,0.00,0.00
2017.10.11 13:36:43.923,12.90531,12.90771,0.00,0.00
2017.10.11 13:36:43.984,12.90531,12.90779,0.00,0.00
2017.10.11 13:36:44.035,12.90531,12.90759,0.00,0.00
2017.10.11 13:36:44.550,12.90531,12.90769,0.00,0.00
2017.10.11 13:36:44.658,12.90531,12.90759,0.00,0.00
2017.10.11 13:36:45.201,12.90531,12.90768,0.00,0.00
2017.10.11 13:36:45.252,12.90531,12.90748,0.00,0.00
2017.10.11 13:36:45.353,12.90531,12.90759,0.00,0.00
2017.10.11 13:36:45.463,12.90531,12.90772,0.00,0.00
2017.10.11 13:36:45.514,12.90536,12.90772,0.00,0.00
2017.10.11 13:36:45.895,12.90531,12.90749,0.00,0.00
2017.10.11 13:36:46.229,12.90531,12.90759,0.00,0.00
2017.10.11 13:36:46.330,12.90531,12.90772,0.00,0.00
2017.10.11 13:36:46.431,12.90532,12.90768,0.00,0.00
2017.10.11 13:36:46.761,12.90531,12.90739,0.00,0.00
2017.10.11 13:36:46.811,12.90531,12.90749,0.00,0.00
2017.10.11 13:36:46.862,12.90541,12.90781,0.00,0.00
2017.10.11 13:36:46.912,12.90498,12.90692,0.00,0.00
2017.10.11 13:36:47.013,12.90491,12.90692,0.00,0.00
2017.10.11 13:36:47.064,12.90491,12.90721,0.00,0.00
2017.10.11 13:36:47.165,12.90531,12.90741,0.00,0.00
2017.10.11 13:36:47.316,12.90532,12.90768,0.00,0.00
2017.10.11 13:36:47.372,12.90531,12.90779,0.00,0.00
2017.10.11 13:36:47.792,12.90532,12.90768,0.00,0.00
2017.10.11 13:36:47.880,12.90531,12.90779,0.00,0.00
2017.10.11 13:36:47.931,12.90532,12.90748,0.00,0.00
2017.10.11 13:36:48.233,12.90531,12.90759,0.00,0.00
2017.10.11 13:36:48.620,12.90531,12.90779,0.00,0.00
2017.10.11 13:36:48.697,12.90541,12.90789,0.00,0.00
2017.10.11 13:36:48.949,12.90542,12.90791,0.00,0.00
2017.10.11 13:36:49.109,12.90531,12.90769,0.00,0.00
2017.10.11 13:36:49.324,12.90532,12.90778,0.00,0.00
2017.10.11 13:36:49.868,12.90531,12.90779,0.00,0.00
2017.10.11 13:36:50.055,12.90531,12.90789,0.00,0.00
2017.10.11 13:36:50.143,12.90531,12.90779,0.00,0.00
2017.10.11 13:36:50.548,12.90531,12.90768,0.00,0.00
2017.10.11 13:36:51.079,12.90531,12.90779,0.00,0.00
2017.10.11 13:36:51.180,12.90536,12.90789,0.00,0.00
2017.10.11 13:36:51.512,12.90532,12.90768,0.00,0.00
2017.10.11 13:36:51.814,12.90531,12.90749,0.00,0.00
2017.10.11 13:36:51.918,12.90531,12.90759,0.00,0.00
2017.10.11 13:36:53.417,12.90532,12.90768,0.00,0.00
2017.10.11 13:36:53.828,12.90531,12.90759,0.00,0.00
2017.10.11 13:36:54.030,12.90531,12.90779,0.00,0.00
2017.10.11 13:36:54.375,12.90531,12.90769,0.00,0.00
2017.10.11 13:36:55.022,12.90541,12.90789,0.00,0.00
2017.10.11 13:36:55.165,12.90551,12.90792,0.00,0.00
2017.10.11 13:36:55.699,12.90551,12.90791,0.00,0.00
2017.10.11 13:36:56.000,12.90572,12.90792,0.00,0.00
2017.10.11 13:36:56.204,12.90561,12.90792,0.00,0.00
2017.10.11 13:36:56.380,12.90572,12.90792,0.00,0.00
2017.10.11 13:36:56.682,12.90631,12.90819,0.00,0.00
2017.10.11 13:36:56.862,12.90599,12.90792,0.00,0.00
2017.10.11 13:36:56.912,12.90631,12.90792,0.00,0.00
2017.10.11 13:36:57.013,12.90631,12.90829,0.00,0.00
2017.10.11 13:36:57.270,12.90618,12.90808,0.00,0.00
2017.10.11 13:36:57.321,12.90568,12.90759,0.00,0.00
2017.10.11 13:36:57.422,12.90551,12.90791,0.00,0.00
2017.10.11 13:36:57.523,12.90542,12.90788,0.00,0.00
2017.10.11 13:36:57.573,12.90548,12.90789,0.00,0.00
2017.10.11 13:36:57.876,12.90532,12.90768,0.00,0.00
2017.10.11 13:36:58.379,12.90531,12.90779,0.00,0.00
2017.10.11 13:36:58.480,12.90551,12.90792,0.00,0.00
2017.10.11 13:36:58.829,12.90548,12.90789,0.00,0.00
2017.10.11 13:36:58.880,12.90542,12.90788,0.00,0.00
2017.10.11 13:36:59.179,12.90559,12.90778,0.00,0.00
2017.10.11 13:36:59.337,12.90532,12.90778,0.00,0.00
2017.10.11 13:36:59.548,12.90542,12.90788,0.00,0.00
2017.10.11 13:36:59.700,12.90541,12.90792,0.00,0.00
2017.10.11 13:36:59.750,12.90558,12.90792,0.00,0.00
2017.10.11 13:37:00.155,12.90558,12.90789,0.00,0.00
2017.10.11 13:37:00.256,12.90531,12.90779,0.00,0.00
2017.10.11 13:37:00.357,12.90532,12.90768,0.00,0.00
2017.10.11 13:37:00.465,12.90531,12.90779,0.00,0.00
2017.10.11 13:37:00.566,12.90558,12.90778,0.00,0.00
2017.10.11 13:37:00.617,12.90558,12.90789,0.00,0.00
2017.10.11 13:37:00.831,12.90558,12.90778,0.00,0.00
2017.10.11 13:37:00.882,12.90532,12.90778,0.00,0.00
2017.10.11 13:37:01.233,12.90542,12.90788,0.00,0.00
2017.10.11 13:37:01.717,12.90531,12.90769,0.00,0.00
2017.10.11 13:37:02.058,12.90539,12.90749,0.00,0.00
2017.10.11 13:37:02.246,12.90531,12.90749,0.00,0.00
2017.10.11 13:37:02.469,12.90548,12.90749,0.00,0.00
2017.10.11 13:37:02.521,12.90548,12.90759,0.00,0.00
2017.10.11 13:37:02.571,12.90532,12.90758,0.00,0.00
2017.10.11 13:37:02.622,12.90531,12.90749,0.00,0.00
2017.10.11 13:37:02.723,12.90531,12.90759,0.00,0.00
2017.10.11 13:37:02.849,12.90538,12.90759,0.00,0.00
2017.10.11 13:37:02.981,12.90531,12.90769,0.00,0.00
2017.10.11 13:37:03.192,12.90539,12.90769,0.00,0.00
2017.10.11 13:37:03.580,12.90538,12.90748,0.00,0.00
2017.10.11 13:37:03.652,12.90532,12.90748,0.00,0.00
2017.10.11 13:37:03.851,12.90532,12.90758,0.00,0.00
2017.10.11 13:37:04.005,12.90532,12.90768,0.00,0.00
2017.10.11 13:37:04.156,12.90539,12.90769,0.00,0.00
2017.10.11 13:37:04.557,12.90531,12.90769,0.00,0.00
2017.10.11 13:37:05.234,12.90531,12.90749,0.00,0.00
2017.10.11 13:37:05.753,12.90531,12.90739,0.00,0.00
2017.10.11 13:37:05.957,12.90531,12.90779,0.00,0.00
2017.10.11 13:37:06.070,12.90548,12.90788,0.00,0.00
2017.10.11 13:37:06.396,12.90532,12.90768,0.00,0.00
2017.10.11 13:37:06.497,12.90532,12.90778,0.00,0.00
2017.10.11 13:37:06.548,12.90551,12.90791,0.00,0.00
2017.10.11 13:37:07.048,12.90572,12.90791,0.00,0.00
2017.10.11 13:37:07.460,12.90581,12.90791,0.00,0.00
2017.10.11 13:37:07.511,12.90561,12.90791,0.00,0.00
2017.10.11 13:37:07.562,12.90561,12.90779,0.00,0.00
2017.10.11 13:37:07.612,12.90559,12.90779,0.00,0.00
2017.10.11 13:37:07.663,12.90559,12.90789,0.00,0.00
2017.10.11 13:37:07.966,12.90541,12.90789,0.00,0.00
2017.10.11 13:37:08.223,12.90552,12.90791,0.00,0.00
2017.10.11 13:37:08.525,12.90542,12.90788,0.00,0.00
2017.10.11 13:37:09.092,12.90552,12.90791,0.00,0.00
2017.10.11 13:37:09.445,12.90558,12.90791,0.00,0.00
2017.10.11 13:37:09.770,12.90541,12.90789,0.00,0.00
2017.10.11 13:37:10.723,12.90551,12.90791,0.00,0.00
2017.10.11 13:37:11.032,12.90518,12.90691,0.00,0.00
2017.10.11 13:37:11.133,12.90538,12.90742,0.00,0.00
2017.10.11 13:37:11.184,12.90491,12.90732,0.00,0.00
2017.10.11 13:37:11.302,12.90491,12.90691,0.00,0.00
2017.10.11 13:37:11.554,12.90481,12.90692,0.00,0.00
2017.10.11 13:37:11.618,12.90462,12.90692,0.00,0.00
2017.10.11 13:37:11.719,12.90491,12.90692,0.00,0.00
2017.10.11 13:37:11.925,12.90478,12.90692,0.00,0.00
2017.10.11 13:37:12.076,12.90461,12.90692,0.00,0.00
2017.10.11 13:37:12.821,12.90482,12.90692,0.00,0.00
2017.10.11 13:37:13.227,12.90531,12.90741,0.00,0.00
2017.10.11 13:37:13.378,12.90538,12.90768,0.00,0.00
2017.10.11 13:37:13.516,12.90538,12.90759,0.00,0.00
2017.10.11 13:37:13.850,12.90538,12.90768,0.00,0.00
2017.10.11 13:37:14.167,12.90538,12.90758,0.00,0.00
2017.10.11 13:37:14.281,12.90532,12.90758,0.00,0.00
2017.10.11 13:37:14.332,12.90531,12.90739,0.00,0.00
2017.10.11 13:37:14.732,12.90508,12.90698,0.00,0.00
2017.10.11 13:37:14.782,12.90508,12.90708,0.00,0.00
2017.10.11 13:37:14.833,12.90482,12.90692,0.00,0.00
2017.10.11 13:37:14.984,12.90492,12.90692,0.00,0.00
2017.10.11 13:37:15.099,12.90518,12.90762,0.00,0.00
2017.10.11 13:37:15.150,12.90531,12.90762,0.00,0.00
2017.10.11 13:37:15.200,12.90532,12.90788,0.00,0.00
2017.10.11 13:37:15.301,12.90538,12.90789,0.00,0.00
2017.10.11 13:37:15.633,12.90538,12.90778,0.00,0.00
2017.10.11 13:37:15.688,12.90532,12.90778,0.00,0.00
2017.10.11 13:37:15.998,12.90531,12.90769,0.00,0.00
2017.10.11 13:37:16.101,12.90531,12.90779,0.00,0.00
2017.10.11 13:37:16.289,12.90538,12.90778,0.00,0.00
2017.10.11 13:37:16.760,12.90538,12.90769,0.00,0.00
2017.10.11 13:37:16.912,12.90531,12.90769,0.00,0.00
2017.10.11 13:37:17.207,12.90532,12.90778,0.00,0.00
2017.10.11 13:37:17.308,12.90541,12.90789,0.00,0.00
2017.10.11 13:37:17.408,12.90548,12.90789,0.00,0.00
2017.10.11 13:37:17.789,12.90551,12.90792,0.00,0.00
2017.10.11 13:37:18.417,12.90562,12.90792,0.00,0.00
2017.10.11 13:37:18.518,12.90551,12.90792,0.00,0.00
2017.10.11 13:37:18.569,12.90531,12.90769,0.00,0.00
2017.10.11 13:37:19.111,12.90508,12.90708,0.00,0.00
2017.10.11 13:37:19.363,12.90481,12.90691,0.00,0.00
2017.10.11 13:37:19.463,12.90492,12.90742,0.00,0.00
2017.10.11 13:37:19.514,12.90492,12.90722,0.00,0.00
2017.10.11 13:37:19.615,12.90498,12.90742,0.00,0.00
2017.10.11 13:37:19.998,12.90491,12.90742,0.00,0.00
2017.10.11 13:37:20.523,12.90492,12.90742,0.00,0.00
2017.10.11 13:37:20.574,12.90531,12.90769,0.00,0.00
2017.10.11 13:37:20.969,12.90531,12.90789,0.00,0.00
2017.10.11 13:37:21.020,12.90539,12.90789,0.00,0.00
2017.10.11 13:37:21.337,12.90561,12.90791,0.00,0.00
2017.10.11 13:37:21.590,12.90542,12.90791,0.00,0.00
2017.10.11 13:37:21.641,12.90532,12.90788,0.00,0.00
2017.10.11 13:37:21.847,12.90542,12.90791,0.00,0.00
2017.10.11 13:37:21.952,12.90539,12.90789,0.00,0.00
2017.10.11 13:37:22.338,12.90531,12.90789,0.00,0.00
2017.10.11 13:37:22.483,12.90508,12.90691,0.00,0.00
2017.10.11 13:37:22.533,12.90492,12.90691,0.00,0.00
2017.10.11 13:37:23.051,12.90491,12.90692,0.00,0.00
2017.10.11 13:37:23.313,12.90491,12.90709,0.00,0.00
2017.10.11 13:37:23.364,12.90531,12.90722,0.00,0.00
2017.10.11 13:37:23.416,12.90532,12.90741,0.00,0.00
2017.10.11 13:37:23.580,12.90548,12.90789,0.00,0.00
2017.10.11 13:37:23.864,12.90548,12.90792,0.00,0.00
2017.10.11 13:37:24.629,12.90538,12.90788,0.00,0.00
2017.10.11 13:37:24.730,12.90532,12.90788,0.00,0.00
2017.10.11 13:37:24.869,12.90531,12.90779,0.00,0.00
2017.10.11 13:37:24.933,12.90532,12.90792,0.00,0.00
2017.10.11 13:37:25.084,12.90532,12.90788,0.00,0.00
2017.10.11 13:37:25.390,12.90542,12.90792,0.00,0.00
2017.10.11 13:37:25.714,12.90558,12.90792,0.00,0.00
2017.10.11 13:37:25.940,12.90538,12.90789,0.00,0.00
2017.10.11 13:37:26.041,12.90532,12.90788,0.00,0.00
2017.10.11 13:37:26.330,12.90538,12.90789,0.00,0.00
2017.10.11 13:37:26.639,12.90559,12.90788,0.00,0.00
2017.10.11 13:37:26.740,12.90531,12.90789,0.00,0.00
2017.10.11 13:37:26.809,12.90532,12.90778,0.00,0.00
2017.10.11 13:37:27.621,12.90539,12.90779,0.00,0.00
2017.10.11 13:37:27.786,12.90539,12.90789,0.00,0.00
2017.10.11 13:37:27.836,12.90562,12.90792,0.00,0.00
2017.10.11 13:37:27.967,12.90551,12.90792,0.00,0.00
2017.10.11 13:37:28.221,12.90549,12.90788,0.00,0.00
2017.10.11 13:37:28.372,12.90532,12.90788,0.00,0.00
2017.10.11 13:37:28.548,12.90531,12.90779,0.00,0.00
2017.10.11 13:37:28.950,12.90532,12.90768,0.00,0.00
2017.10.11 13:37:29.134,12.90518,12.90768,0.00,0.00
2017.10.11 13:37:29.196,12.90532,12.90768,0.00,0.00
2017.10.11 13:37:29.347,12.90532,12.90778,0.00,0.00
2017.10.11 13:37:29.397,12.90498,12.90719,0.00,0.00
2017.10.11 13:37:29.649,12.90522,12.90758,0.00,0.00
2017.10.11 13:37:29.700,12.90522,12.90768,0.00,0.00
2017.10.11 13:37:29.750,12.90528,12.90758,0.00,0.00
2017.10.11 13:37:29.851,12.90491,12.90741,0.00,0.00
2017.10.11 13:37:30.053,12.90518,12.90741,0.00,0.00
2017.10.11 13:37:30.228,12.90531,12.90789,0.00,0.00
2017.10.11 13:37:30.279,12.90548,12.90792,0.00,0.00
2017.10.11 13:37:30.611,12.90559,12.90792,0.00,0.00
2017.10.11 13:37:31.053,12.90551,12.90792,0.00,0.00
2017.10.11 13:37:31.339,12.90558,12.90792,0.00,0.00
2017.10.11 13:37:31.641,12.90569,12.90779,0.00,0.00
2017.10.11 13:37:31.742,12.90559,12.90778,0.00,0.00
2017.10.11 13:37:31.834,12.90532,12.90778,0.00,0.00
2017.10.11 13:37:31.982,12.90532,12.90768,0.00,0.00
2017.10.11 13:37:32.735,12.90548,12.90768,0.00,0.00
2017.10.11 13:37:32.827,12.90548,12.90778,0.00,0.00
2017.10.11 13:37:32.928,12.90548,12.90789,0.00,0.00
2017.10.11 13:37:32.986,12.90548,12.90778,0.00,0.00
2017.10.11 13:37:33.087,12.90548,12.90788,0.00,0.00
2017.10.11 13:37:33.633,12.90548,12.90789,0.00,0.00
2017.10.11 13:37:33.730,12.90551,12.90792,0.00,0.00
2017.10.11 13:37:33.849,12.90548,12.90792,0.00,0.00
2017.10.11 13:37:34.041,12.90542,12.90792,0.00,0.00
2017.10.11 13:37:34.562,12.90532,12.90788,0.00,0.00
2017.10.11 13:37:35.092,12.90531,12.90789,0.00,0.00
2017.10.11 13:37:35.142,12.90552,12.90791,0.00,0.00
2017.10.11 13:37:35.681,12.90549,12.90798,0.00,0.00
2017.10.11 13:37:35.787,12.90539,12.90779,0.00,0.00
2017.10.11 13:37:35.888,12.90539,12.90788,0.00,0.00
2017.10.11 13:37:35.989,12.90541,12.90799,0.00,0.00
2017.10.11 13:37:36.090,12.90559,12.90811,0.00,0.00
2017.10.11 13:37:36.420,12.90551,12.90799,0.00,0.00
2017.10.11 13:37:36.470,12.90542,12.90798,0.00,0.00
2017.10.11 13:37:36.521,12.90539,12.90758,0.00,0.00
2017.10.11 13:37:36.622,12.90559,12.90779,0.00,0.00
2017.10.11 13:37:36.747,12.90539,12.90769,0.00,0.00
2017.10.11 13:37:36.988,12.90539,12.90779,0.00,0.00
2017.10.11 13:37:37.160,12.90549,12.90779,0.00,0.00
2017.10.11 13:37:37.370,12.90539,12.90779,0.00,0.00
2017.10.11 13:37:37.421,12.90541,12.90789,0.00,0.00
2017.10.11 13:37:37.471,12.90548,12.90789,0.00,0.00
2017.10.11 13:37:37.774,12.90539,12.90758,0.00,0.00
2017.10.11 13:37:38.111,12.90539,12.90749,0.00,0.00
2017.10.11 13:37:38.262,12.90539,12.90758,0.00,0.00
2017.10.11 13:37:38.363,12.90549,12.90759,0.00,0.00
2017.10.11 13:37:38.800,12.90539,12.90718,0.00,0.00
2017.10.11 13:37:38.968,12.90548,12.90758,0.00,0.00
2017.10.11 13:37:39.019,12.90548,12.90748,0.00,0.00
2017.10.11 13:37:39.070,12.90548,12.90758,0.00,0.00
2017.10.11 13:37:39.209,12.90548,12.90748,0.00,0.00
2017.10.11 13:37:39.559,12.90548,12.90739,0.00,0.00
2017.10.11 13:37:39.861,12.90508,12.90689,0.00,0.00
2017.10.11 13:37:39.962,12.90461,12.90679,0.00,0.00
2017.10.11 13:37:40.125,12.90532,12.90732,0.00,0.00
2017.10.11 13:37:40.176,12.90531,12.90759,0.00,0.00
2017.10.11 13:37:40.227,12.90548,12.90739,0.00,0.00
2017.10.11 13:37:40.277,12.90549,12.90748,0.00,0.00
2017.10.11 13:37:40.735,12.90499,12.90709,0.00,0.00
2017.10.11 13:37:40.886,12.90462,12.90708,0.00,0.00
2017.10.11 13:37:41.062,12.90479,12.90709,0.00,0.00
2017.10.11 13:37:41.363,12.90462,12.90708,0.00,0.00
2017.10.11 13:37:41.464,12.90461,12.90719,0.00,0.00
2017.10.11 13:37:41.514,12.90462,12.90708,0.00,0.00
2017.10.11 13:37:41.908,12.90478,12.90709,0.00,0.00
2017.10.11 13:37:42.239,12.90478,12.90699,0.00,0.00
2017.10.11 13:37:42.332,12.90451,12.90699,0.00,0.00
2017.10.11 13:37:42.383,12.90461,12.90699,0.00,0.00
2017.10.11 13:37:42.434,12.90461,12.90709,0.00,0.00
2017.10.11 13:37:42.829,12.90461,12.90699,0.00,0.00
2017.10.11 13:37:43.368,12.90461,12.90709,0.00,0.00
2017.10.11 13:37:43.419,12.90532,12.90722,0.00,0.00
2017.10.11 13:37:43.470,12.90532,12.90741,0.00,0.00
2017.10.11 13:37:43.555,12.90521,12.90739,0.00,0.00
2017.10.11 13:37:43.609,12.90529,12.90718,0.00,0.00
2017.10.11 13:37:43.667,12.90482,12.90718,0.00,0.00
2017.10.11 13:37:43.717,12.90478,12.90679,0.00,0.00
2017.10.11 13:37:43.768,12.90448,12.90679,0.00,0.00
2017.10.11 13:37:43.819,12.90448,12.90669,0.00,0.00
2017.10.11 13:37:44.071,12.90349,12.90598,0.00,0.00
2017.10.11 13:37:44.264,12.90349,12.90588,0.00,0.00
2017.10.11 13:37:44.591,12.90349,12.90578,0.00,0.00
2017.10.11 13:37:44.971,12.90369,12.90579,0.00,0.00
2017.10.11 13:37:45.072,12.90348,12.90568,0.00,0.00
2017.10.11 13:37:45.123,12.90348,12.90578,0.00,0.00
2017.10.11 13:37:45.173,12.90378,12.90579,0.00,0.00
2017.10.11 13:37:45.274,12.90348,12.90579,0.00,0.00
2017.10.11 13:37:45.369,12.90348,12.90568,0.00,0.00
2017.10.11 13:37:45.772,12.90358,12.90568,0.00,0.00
2017.10.11 13:37:45.957,12.90368,12.90579,0.00,0.00
2017.10.11 13:37:46.008,12.90388,12.90579,0.00,0.00
2017.10.11 13:37:46.321,12.90378,12.90569,0.00,0.00
2017.10.11 13:37:46.375,12.90358,12.90569,0.00,0.00
2017.10.11 13:37:46.592,12.90399,12.90589,0.00,0.00
2017.10.11 13:37:46.910,12.90409,12.90589,0.00,0.00
2017.10.11 13:37:47.223,12.90388,12.90558,0.00,0.00
2017.10.11 13:37:47.276,12.90378,12.90558,0.00,0.00
2017.10.11 13:37:47.377,12.90378,12.90578,0.00,0.00
2017.10.11 13:37:47.478,12.90378,12.90588,0.00,0.00
2017.10.11 13:37:47.592,12.90378,12.90578,0.00,0.00
2017.10.11 13:37:47.938,12.90429,12.90579,0.00,0.00
2017.10.11 13:37:47.988,12.90429,12.90588,0.00,0.00
2017.10.11 13:37:48.039,12.90429,12.90609,0.00,0.00
2017.10.11 13:37:48.190,12.90429,12.90639,0.00,0.00
2017.10.11 13:37:48.241,12.90429,12.90628,0.00,0.00
2017.10.11 13:37:48.548,12.90409,12.90622,0.00,0.00
2017.10.11 13:37:48.699,12.90409,12.90609,0.00,0.00
2017.10.11 13:37:48.850,12.90451,12.90671,0.00,0.00
2017.10.11 13:37:48.951,12.90451,12.90691,0.00,0.00
2017.10.11 13:37:49.002,12.90518,12.90698,0.00,0.00
2017.10.11 13:37:49.113,12.90518,12.90722,0.00,0.00
2017.10.11 13:37:49.163,12.90518,12.90688,0.00,0.00
2017.10.11 13:37:49.487,12.90478,12.90678,0.00,0.00
2017.10.11 13:37:49.538,12.90478,12.90669,0.00,0.00
2017.10.11 13:37:49.859,12.90478,12.90678,0.00,0.00
2017.10.11 13:37:49.959,12.90478,12.90688,0.00,0.00
2017.10.11 13:37:50.010,12.90509,12.90689,0.00,0.00
2017.10.11 13:37:50.262,12.90518,12.90699,0.00,0.00
2017.10.11 13:37:50.922,12.90518,12.90698,0.00,0.00
2017.10.11 13:37:51.023,12.90518,12.90708,0.00,0.00
2017.10.11 13:37:51.144,12.90518,12.90718,0.00,0.00
2017.10.11 13:37:51.245,12.90518,12.90709,0.00,0.00
2017.10.11 13:37:51.500,12.90488,12.90708,0.00,0.00
2017.10.11 13:37:51.605,12.90528,12.90709,0.00,0.00
2017.10.11 13:37:51.783,12.90531,12.90769,0.00,0.00
2017.10.11 13:37:51.935,12.90588,12.90769,0.00,0.00
2017.10.11 13:37:52.223,12.90558,12.90758,0.00,0.00
2017.10.11 13:37:52.274,12.90558,12.90769,0.00,0.00
2017.10.11 13:37:52.390,12.90599,12.90769,0.00,0.00
2017.10.11 13:37:52.690,12.90558,12.90768,0.00,0.00
2017.10.11 13:37:52.791,12.90558,12.90758,0.00,0.00
2017.10.11 13:37:53.041,12.90558,12.90768,0.00,0.00
2017.10.11 13:37:53.328,12.90598,12.90779,0.00,0.00
2017.10.11 13:37:54.057,12.90598,12.90769,0.00,0.00
2017.10.11 13:37:54.108,12.90568,12.90769,0.00,0.00
2017.10.11 13:37:54.481,12.90568,12.90778,0.00,0.00
2017.10.11 13:37:54.632,12.90589,12.90798,0.00,0.00
2017.10.11 13:37:55.086,12.90589,12.90779,0.00,0.00
2017.10.11 13:37:55.137,12.90568,12.90778,0.00,0.00
2017.10.11 13:37:55.253,12.90568,12.90798,0.00,0.00
2017.10.11 13:37:55.304,12.90598,12.90799,0.00,0.00
2017.10.11 13:37:55.598,12.90588,12.90799,0.00,0.00
2017.10.11 13:37:55.649,12.90588,12.90789,0.00,0.00
2017.10.11 13:37:55.699,12.90568,12.90788,0.00,0.00
2017.10.11 13:37:55.754,12.90568,12.90768,0.00,0.00
2017.10.11 13:37:56.072,12.90568,12.90749,0.00,0.00
2017.10.11 13:37:56.122,12.90559,12.90749,0.00,0.00
2017.10.11 13:37:56.223,12.90559,12.90758,0.00,0.00
2017.10.11 13:37:56.274,12.90559,12.90768,0.00,0.00
2017.10.11 13:37:56.334,12.90589,12.90768,0.00,0.00
2017.10.11 13:37:56.846,12.90578,12.90769,0.00,0.00
2017.10.11 13:37:56.947,12.90598,12.90768,0.00,0.00
2017.10.11 13:37:57.279,12.90598,12.90789,0.00,0.00
2017.10.11 13:37:57.402,12.90569,12.90788,0.00,0.00
2017.10.11 13:37:57.453,12.90569,12.90799,0.00,0.00
2017.10.11 13:37:57.789,12.90558,12.90798,0.00,0.00
2017.10.11 13:37:58.003,12.90569,12.90798,0.00,0.00
2017.10.11 13:37:58.446,12.90588,12.90769,0.00,0.00
2017.10.11 13:37:58.547,12.90569,12.90769,0.00,0.00
2017.10.11 13:37:58.796,12.90569,12.90779,0.00,0.00
2017.10.11 13:37:59.029,12.90569,12.90769,0.00,0.00
2017.10.11 13:37:59.131,12.90558,12.90769,0.00,0.00
2017.10.11 13:37:59.351,12.90589,12.90739,0.00,0.00
2017.10.11 13:37:59.402,12.90589,12.90749,0.00,0.00
2017.10.11 13:37:59.453,12.90549,12.90749,0.00,0.00
2017.10.11 13:37:59.504,12.90549,12.90759,0.00,0.00
2017.10.11 13:37:59.554,12.90549,12.90739,0.00,0.00
2017.10.11 13:37:59.605,12.90549,12.90749,0.00,0.00
2017.10.11 13:37:59.655,12.90579,12.90749,0.00,0.00
2017.10.11 13:37:59.706,12.90579,12.90758,0.00,0.00
2017.10.11 13:37:59.816,12.90589,12.90758,0.00,0.00
2017.10.11 13:37:59.908,12.90568,12.90758,0.00,0.00
2017.10.11 13:38:00.119,12.90578,12.90748,0.00,0.00
2017.10.11 13:38:00.220,12.90549,12.90729,0.00,0.00
2017.10.11 13:38:00.320,12.90549,12.90769,0.00,0.00
2017.10.11 13:38:00.421,12.90588,12.90759,0.00,0.00
2017.10.11 13:38:00.723,12.90549,12.90748,0.00,0.00
2017.10.11 13:38:00.774,12.90549,12.90739,0.00,0.00
2017.10.11 13:38:01.243,12.90579,12.90738,0.00,0.00
2017.10.11 13:38:01.294,12.90579,12.90749,0.00,0.00
2017.10.11 13:38:01.411,12.90549,12.90759,0.00,0.00
2017.10.11 13:38:01.462,12.90549,12.90749,0.00,0.00
2017.10.11 13:38:01.714,12.90461,12.90689,0.00,0.00
2017.10.11 13:38:01.832,12.90449,12.90679,0.00,0.00
2017.10.11 13:38:02.038,12.90449,12.90668,0.00,0.00
2017.10.11 13:38:02.442,12.90488,12.90669,0.00,0.00
2017.10.11 13:38:02.543,12.90449,12.90648,0.00,0.00
2017.10.11 13:38:02.593,12.90449,12.90639,0.00,0.00
2017.10.11 13:38:02.946,12.90468,12.90639,0.00,0.00
2017.10.11 13:38:03.147,12.90442,12.90628,0.00,0.00
2017.10.11 13:38:03.198,12.90439,12.90629,0.00,0.00
2017.10.11 13:38:03.249,12.90439,12.90659,0.00,0.00
2017.10.11 13:38:03.316,12.90428,12.90659,0.00,0.00
2017.10.11 13:38:03.416,12.90439,12.90659,0.00,0.00
2017.10.11 13:38:03.741,12.90478,12.90648,0.00,0.00
2017.10.11 13:38:03.791,12.90478,12.90678,0.00,0.00
2017.10.11 13:38:03.933,12.90499,12.90679,0.00,0.00
2017.10.11 13:38:04.142,12.90478,12.90679,0.00,0.00
2017.10.11 13:38:04.383,12.90478,12.90669,0.00,0.00
2017.10.11 13:38:04.434,12.90468,12.90669,0.00,0.00
2017.10.11 13:38:04.800,12.90468,12.90679,0.00,0.00
2017.10.11 13:38:04.850,12.90468,12.90668,0.00,0.00
2017.10.11 13:38:05.153,12.90508,12.90678,0.00,0.00
2017.10.11 13:38:05.322,12.90489,12.90678,0.00,0.00
2017.10.11 13:38:05.830,12.90489,12.90689,0.00,0.00
2017.10.11 13:38:05.895,12.90511,12.90709,0.00,0.00
2017.10.11 13:38:05.996,12.90549,12.90759,0.00,0.00
2017.10.11 13:38:06.046,12.90558,12.90759,0.00,0.00
2017.10.11 13:38:06.400,12.90568,12.90758,0.00,0.00
2017.10.11 13:38:06.710,12.90568,12.90748,0.00,0.00
2017.10.11 13:38:06.760,12.90588,12.90769,0.00,0.00
2017.10.11 13:38:06.861,12.90588,12.90789,0.00,0.00
2017.10.11 13:38:06.912,12.90588,12.90799,0.00,0.00
2017.10.11 13:38:07.164,12.90589,12.90769,0.00,0.00
2017.10.11 13:38:07.215,12.90589,12.90799,0.00,0.00
2017.10.11 13:38:07.319,12.90558,12.90798,0.00,0.00
2017.10.11 13:38:07.369,12.90558,12.90779,0.00,0.00
2017.10.11 13:38:07.723,12.90569,12.90789,0.00,0.00
2017.10.11 13:38:07.943,12.90558,12.90789,0.00,0.00
2017.10.11 13:38:08.044,12.90558,12.90778,0.00,0.00
2017.10.11 13:38:08.095,12.90558,12.90788,0.00,0.00
2017.10.11 13:38:08.145,12.90599,12.90789,0.00,0.00
2017.10.11 13:38:08.448,12.90599,12.90758,0.00,0.00
2017.10.11 13:38:08.549,12.90568,12.90758,0.00,0.00
2017.10.11 13:38:08.650,12.90578,12.90779,0.00,0.00
2017.10.11 13:38:08.770,12.90598,12.90789,0.00,0.00
2017.10.11 13:38:09.080,12.90598,12.90758,0.00,0.00
2017.10.11 13:38:09.181,12.90588,12.90758,0.00,0.00
2017.10.11 13:38:09.239,12.90569,12.90758,0.00,0.00
2017.10.11 13:38:09.388,12.90569,12.90769,0.00,0.00
2017.10.11 13:38:09.488,12.90578,12.90768,0.00,0.00
2017.10.11 13:38:09.690,12.90568,12.90769,0.00,0.00
2017.10.11 13:38:09.849,12.90568,12.90779,0.00,0.00
2017.10.11 13:38:09.899,12.90568,12.90758,0.00,0.00
2017.10.11 13:38:10.289,12.90598,12.90779,0.00,0.00
2017.10.11 13:38:10.689,12.90569,12.90779,0.00,0.00
2017.10.11 13:38:10.790,12.90588,12.90779,0.00,0.00
2017.10.11 13:38:11.118,12.90598,12.90789,0.00,0.00
2017.10.11 13:38:11.168,12.90598,12.90819,0.00,0.00
2017.10.11 13:38:11.269,12.90609,12.90818,0.00,0.00
2017.10.11 13:38:11.444,12.90598,12.90808,0.00,0.00
2017.10.11 13:38:11.494,12.90598,12.90769,0.00,0.00
2017.10.11 13:38:11.545,12.90579,12.90769,0.00,0.00
2017.10.11 13:38:12.066,12.90579,12.90768,0.00,0.00
2017.10.11 13:38:12.320,12.90579,12.90779,0.00,0.00
2017.10.11 13:38:12.371,12.90632,12.90821,0.00,0.00
2017.10.11 13:38:12.468,12.90642,12.90838,0.00,0.00
2017.10.11 13:38:12.569,12.90649,12.90878,0.00,0.00
2017.10.11 13:38:12.770,12.90678,12.90878,0.00,0.00
2017.10.11 13:38:13.158,12.90668,12.90879,0.00,0.00
2017.10.11 13:38:13.248,12.90678,12.90879,0.00,0.00
2017.10.11 13:38:13.619,12.90668,12.90868,0.00,0.00
2017.10.11 13:38:13.670,12.90658,12.90868,0.00,0.00
2017.10.11 13:38:13.849,12.90678,12.90868,0.00,0.00
2017.10.11 13:38:14.352,12.90649,12.90869,0.00,0.00
2017.10.11 13:38:14.751,12.90678,12.90869,0.00,0.00
2017.10.11 13:38:14.802,12.90678,12.90878,0.00,0.00
2017.10.11 13:38:15.098,12.90679,12.90889,0.00,0.00
2017.10.11 13:38:15.359,12.90668,12.90889,0.00,0.00
2017.10.11 13:38:15.409,12.90668,12.90879,0.00,0.00
2017.10.11 13:38:15.460,12.90658,12.90879,0.00,0.00
2017.10.11 13:38:15.579,12.90658,12.90869,0.00,0.00
2017.10.11 13:38:15.681,12.90649,12.90878,0.00,0.00
2017.10.11 13:38:15.814,12.90649,12.90889,0.00,0.00
2017.10.11 13:38:15.864,12.90688,12.90889,0.00,0.00
2017.10.11 13:38:16.176,12.90678,12.90878,0.00,0.00
2017.10.11 13:38:16.333,12.90658,12.90878,0.00,0.00
2017.10.11 13:38:16.384,12.90812,12.90942,0.00,0.00
2017.10.11 13:38:16.435,12.90741,12.90942,0.00,0.00
2017.10.11 13:38:16.486,12.90779,12.90978,0.00,0.00
2017.10.11 13:38:16.537,12.90779,12.90989,0.00,0.00
2017.10.11 13:38:16.587,12.90789,12.90999,0.00,0.00
2017.10.11 13:38:16.638,12.90841,12.91069,0.00,0.00
2017.10.11 13:38:16.747,12.90849,12.91068,0.00,0.00
2017.10.11 13:38:17.065,12.90859,12.91089,0.00,0.00
2017.10.11 13:38:17.116,12.90859,12.91078,0.00,0.00
2017.10.11 13:38:17.446,12.90818,12.91038,0.00,0.00
2017.10.11 13:38:17.547,12.90808,12.91059,0.00,0.00
2017.10.11 13:38:17.749,12.90831,12.91059,0.00,0.00
2017.10.11 13:38:18.061,12.90858,12.91039,0.00,0.00
2017.10.11 13:38:18.229,12.90858,12.91048,0.00,0.00
2017.10.11 13:38:18.280,12.90878,12.91048,0.00,0.00
2017.10.11 13:38:18.594,12.90889,12.91049,0.00,0.00
2017.10.11 13:38:18.695,12.90868,12.91049,0.00,0.00
2017.10.11 13:38:18.795,12.90858,12.91048,0.00,0.00
2017.10.11 13:38:18.846,12.90858,12.91059,0.00,0.00
2017.10.11 13:38:19.010,12.90869,12.91059,0.00,0.00
2017.10.11 13:38:19.369,12.90869,12.91079,0.00,0.00
2017.10.11 13:38:19.470,12.90899,12.91078,0.00,0.00
2017.10.11 13:38:19.621,12.90899,12.91088,0.00,0.00
2017.10.11 13:38:19.672,12.90909,12.91088,0.00,0.00
2017.10.11 13:38:19.873,12.90861,12.91089,0.00,0.00
2017.10.11 13:38:19.992,12.90908,12.91089,0.00,0.00
2017.10.11 13:38:20.093,12.90908,12.91098,0.00,0.00
2017.10.11 13:38:20.223,12.90942,12.91168,0.00,0.00
2017.10.11 13:38:20.274,12.90958,12.91159,0.00,0.00
2017.10.11 13:38:20.577,12.90948,12.91149,0.00,0.00
2017.10.11 13:38:20.779,12.90858,12.91079,0.00,0.00
2017.10.11 13:38:20.835,12.90858,12.91068,0.00,0.00
2017.10.11 13:38:21.002,12.90858,12.91079,0.00,0.00
2017.10.11 13:38:21.104,12.90898,12.91078,0.00,0.00
2017.10.11 13:38:21.268,12.90859,12.91069,0.00,0.00
2017.10.11 13:38:21.470,12.90889,12.91059,0.00,0.00
2017.10.11 13:38:21.520,12.90889,12.91079,0.00,0.00
2017.10.11 13:38:21.571,12.90859,12.91078,0.00,0.00
2017.10.11 13:38:21.621,12.90859,12.91059,0.00,0.00
2017.10.11 13:38:21.868,12.90868,12.91089,0.00,0.00
2017.10.11 13:38:21.970,12.90889,12.91079,0.00,0.00
2017.10.11 13:38:22.281,12.90889,12.91068,0.00,0.00
2017.10.11 13:38:22.390,12.90849,12.91068,0.00,0.00
2017.10.11 13:38:22.440,12.90849,12.91059,0.00,0.00
2017.10.11 13:38:22.491,12.90849,12.91088,0.00,0.00
2017.10.11 13:38:22.541,12.90849,12.91068,0.00,0.00
2017.10.11 13:38:22.710,12.90851,12.91099,0.00,0.00
2017.10.11 13:38:22.762,12.90849,12.91068,0.00,0.00
2017.10.11 13:38:23.101,12.90899,12.91079,0.00,0.00
2017.10.11 13:38:23.303,12.90858,12.91048,0.00,0.00
2017.10.11 13:38:23.470,12.90858,12.91068,0.00,0.00
2017.10.11 13:38:23.522,12.90888,12.91068,0.00,0.00
2017.10.11 13:38:23.675,12.90848,12.91038,0.00,0.00
2017.10.11 13:38:23.726,12.90861,12.91099,0.00,0.00
2017.10.11 13:38:23.777,12.90861,12.91109,0.00,0.00
2017.10.11 13:38:23.874,12.90898,12.91109,0.00,0.00
2017.10.11 13:38:24.202,12.90882,12.91098,0.00,0.00
2017.10.11 13:38:24.442,12.90881,12.91089,0.00,0.00
2017.10.11 13:38:24.493,12.90869,12.91089,0.00,0.00
2017.10.11 13:38:24.543,12.90869,12.91038,0.00,0.00
2017.10.11 13:38:24.594,12.90859,12.91039,0.00,0.00
2017.10.11 13:38:24.695,12.90849,12.91059,0.00,0.00
2017.10.11 13:38:24.827,12.90849,12.91049,0.00,0.00
2017.10.11 13:38:25.027,12.90849,12.91059,0.00,0.00
2017.10.11 13:38:25.084,12.90849,12.91068,0.00,0.00
2017.10.11 13:38:25.587,12.90849,12.91079,0.00,0.00
2017.10.11 13:38:25.688,12.90889,12.91069,0.00,0.00
2017.10.11 13:38:25.778,12.90879,12.91069,0.00,0.00
2017.10.11 13:38:25.992,12.90879,12.91079,0.00,0.00
2017.10.11 13:38:26.396,12.90879,12.91069,0.00,0.00
2017.10.11 13:38:26.497,12.90848,12.91079,0.00,0.00
2017.10.11 13:38:26.598,12.90878,12.91078,0.00,0.00
2017.10.11 13:38:26.649,12.90878,12.91088,0.00,0.00
2017.10.11 13:38:26.807,12.90889,12.91088,0.00,0.00
2017.10.11 13:38:27.009,12.90858,12.91069,0.00,0.00
2017.10.11 13:38:27.079,12.90858,12.91088,0.00,0.00
2017.10.11 13:38:27.179,12.90848,12.91079,0.00,0.00
2017.10.11 13:38:27.230,12.90888,12.91079,0.00,0.00
2017.10.11 13:38:27.280,12.90849,12.91059,0.00,0.00
2017.10.11 13:38:27.381,12.90849,12.91078,0.00,0.00
2017.10.11 13:38:27.597,12.90859,12.91079,0.00,0.00
2017.10.11 13:38:27.899,12.90889,12.91058,0.00,0.00
2017.10.11 13:38:27.950,12.90889,12.91069,0.00,0.00
2017.10.11 13:38:28.051,12.90849,12.91059,0.00,0.00
2017.10.11 13:38:28.152,12.90851,12.91089,0.00,0.00
2017.10.11 13:38:28.202,12.90941,12.91119,0.00,0.00
2017.10.11 13:38:28.253,12.90941,12.91161,0.00,0.00
2017.10.11 13:38:28.326,12.90958,12.91169,0.00,0.00
2017.10.11 13:38:28.635,12.90948,12.91148,0.00,0.00
2017.10.11 13:38:28.786,12.90859,12.91068,0.00,0.00
2017.10.11 13:38:29.285,12.90869,12.91069,0.00,0.00
2017.10.11 13:38:29.336,12.90869,12.91118,0.00,0.00
2017.10.11 13:38:29.386,12.90889,12.91118,0.00,0.00
2017.10.11 13:38:29.689,12.90968,12.91169,0.00,0.00
2017.10.11 13:38:29.890,12.90949,12.91159,0.00,0.00
2017.10.11 13:38:29.941,12.90949,12.91169,0.00,0.00
2017.10.11 13:38:30.103,12.90968,12.91169,0.00,0.00
2017.10.11 13:38:30.312,12.90949,12.91159,0.00,0.00
2017.10.11 13:38:30.363,12.90949,12.91148,0.00,0.00
2017.10.11 13:38:30.666,12.90938,12.91168,0.00,0.00
2017.10.11 13:38:30.717,12.90931,12.91149,0.00,0.00
2017.10.11 13:38:31.046,12.90958,12.91128,0.00,0.00
2017.10.11 13:38:31.097,12.90958,12.91139,0.00,0.00
2017.10.11 13:38:31.198,12.90958,12.91149,0.00,0.00
2017.10.11 13:38:31.481,12.90958,12.91159,0.00,0.00
2017.10.11 13:38:31.531,12.90969,12.91159,0.00,0.00
2017.10.11 13:38:31.632,12.90969,12.91169,0.00,0.00
2017.10.11 13:38:31.733,12.90969,12.91118,0.00,0.00
2017.10.11 13:38:31.783,12.90969,12.91129,0.00,0.00
2017.10.11 13:38:31.834,12.90951,12.91129,0.00,0.00
2017.10.11 13:38:31.885,12.90951,12.91149,0.00,0.00
2017.10.11 13:38:31.985,12.90951,12.91179,0.00,0.00
2017.10.11 13:38:32.090,12.90952,12.91158,0.00,0.00
2017.10.11 13:38:32.288,12.90968,12.91179,0.00,0.00
2017.10.11 13:38:32.495,12.90978,12.91179,0.00,0.00
2017.10.11 13:38:32.797,12.90951,12.91139,0.00,0.00
2017.10.11 13:38:32.938,12.90952,12.91158,0.00,0.00
2017.10.11 13:38:33.039,12.90968,12.91158,0.00,0.00
2017.10.11 13:38:33.168,12.90952,12.91148,0.00,0.00
2017.10.11 13:38:33.270,12.90951,12.91159,0.00,0.00
2017.10.11 13:38:33.321,12.90969,12.91158,0.00,0.00
2017.10.11 13:38:33.458,12.90969,12.91168,0.00,0.00
2017.10.11 13:38:33.569,12.90969,12.91158,0.00,0.00
2017.10.11 13:38:33.873,12.90951,12.91149,0.00,0.00
2017.10.11 13:38:33.974,12.90951,12.91139,0.00,0.00
2017.10.11 13:38:34.298,12.90952,12.91148,0.00,0.00
2017.10.11 13:38:34.399,12.90952,12.91168,0.00,0.00
2017.10.11 13:38:34.449,12.90968,12.91144,0.00,0.00
2017.10.11 13:38:34.500,12.90968,12.91149,0.00,0.00
2017.10.11 13:38:34.601,12.90908,12.91074,0.00,0.00
2017.10.11 13:38:34.752,12.90868,12.91073,0.00,0.00
2017.10.11 13:38:34.802,12.90932,12.91118,0.00,0.00
2017.10.11 13:38:34.853,12.90931,12.91129,0.00,0.00
2017.10.11 13:38:34.954,12.90959,12.91129,0.00,0.00
2017.10.11 13:38:35.055,12.90978,12.91182,0.00,0.00
2017.10.11 13:38:35.123,12.90978,12.91113,0.00,0.00
2017.10.11 13:38:35.174,12.90939,12.91148,0.00,0.00
2017.10.11 13:38:35.225,12.90968,12.91148,0.00,0.00
2017.10.11 13:38:35.426,12.90938,12.91133,0.00,0.00
2017.10.11 13:38:35.477,12.90938,12.91074,0.00,0.00
2017.10.11 13:38:35.628,12.90869,12.91064,0.00,0.00
2017.10.11 13:38:35.729,12.90861,12.91064,0.00,0.00
2017.10.11 13:38:35.899,12.90861,12.91069,0.00,0.00
2017.10.11 13:38:36.084,12.90931,12.91131,0.00,0.00
2017.10.11 13:38:36.415,12.90969,12.91169,0.00,0.00
2017.10.11 13:38:36.717,12.90978,12.91178,0.00,0.00
2017.10.11 13:38:37.019,12.90961,12.91174,0.00,0.00
2017.10.11 13:38:37.146,12.90962,12.91163,0.00,0.00
2017.10.11 13:38:37.198,12.90962,12.91168,0.00,0.00
2017.10.11 13:38:37.609,12.90962,12.91163,0.00,0.00
2017.10.11 13:38:37.887,12.90949,12.91181,0.00,0.00
2017.10.11 13:38:37.938,12.90962,12.91158,0.00,0.00
2017.10.11 13:38:38.247,12.90961,12.91169,0.00,0.00
2017.10.11 13:38:38.539,12.90979,12.91169,0.00,0.00
2017.10.11 13:38:38.820,12.90961,12.91159,0.00,0.00
2017.10.11 13:38:39.189,12.90961,12.91169,0.00,0.00
2017.10.11 13:38:39.250,12.90978,12.91158,0.00,0.00
2017.10.11 13:38:39.452,12.90939,12.91158,0.00,0.00
2017.10.11 13:38:39.553,12.90949,12.91159,0.00,0.00
2017.10.11 13:38:39.899,12.90979,12.91159,0.00,0.00
2017.10.11 13:38:39.950,12.90968,12.91159,0.00,0.00
2017.10.11 13:38:40.208,12.90948,12.91138,0.00,0.00
2017.10.11 13:38:40.359,12.90931,12.91149,0.00,0.00
2017.10.11 13:38:40.410,12.90932,12.91138,0.00,0.00
2017.10.11 13:38:40.511,12.90939,12.91158,0.00,0.00
2017.10.11 13:38:40.561,12.90969,12.91159,0.00,0.00
2017.10.11 13:38:40.956,12.90948,12.91159,0.00,0.00
2017.10.11 13:38:41.157,12.90979,12.91159,0.00,0.00
2017.10.11 13:38:41.658,12.90938,12.91159,0.00,0.00
2017.10.11 13:38:41.720,12.90938,12.91148,0.00,0.00
2017.10.11 13:38:42.063,12.90861,12.91059,0.00,0.00
2017.10.11 13:38:42.364,12.90889,12.91049,0.00,0.00
2017.10.11 13:38:42.465,12.90851,12.91059,0.00,0.00
2017.10.11 13:38:42.666,12.90878,12.91059,0.00,0.00
2017.10.11 13:38:42.861,12.90852,12.91058,0.00,0.00
2017.10.11 13:38:42.961,12.90859,12.91058,0.00,0.00
2017.10.11 13:38:43.290,12.90878,12.91058,0.00,0.00
2017.10.11 13:38:43.627,12.90868,12.91059,0.00,0.00
2017.10.11 13:38:44.169,12.90868,12.91058,0.00,0.00
2017.10.11 13:38:44.289,12.90852,12.91058,0.00,0.00
2017.10.11 13:38:44.832,12.90879,12.91058,0.00,0.00
2017.10.11 13:38:45.160,12.90852,12.91058,0.00,0.00
2017.10.11 13:38:45.261,12.90879,12.91059,0.00,0.00
2017.10.11 13:38:45.634,12.90868,12.91058,0.00,0.00
2017.10.11 13:38:45.835,12.90878,12.91058,0.00,0.00
2017.10.11 13:38:46.378,12.90861,12.91059,0.00,0.00
2017.10.11 13:38:46.429,12.90852,12.91058,0.00,0.00
2017.10.11 13:38:46.479,12.90852,12.90971,0.00,0.00
2017.10.11 13:38:46.530,12.90848,12.90971,0.00,0.00
2017.10.11 13:38:46.580,12.90941,12.91041,0.00,0.00
2017.10.11 13:38:46.632,12.90941,12.91132,0.00,0.00
2017.10.11 13:38:46.733,12.90941,12.91151,0.00,0.00
2017.10.11 13:38:46.783,12.90968,12.91138,0.00,0.00
2017.10.11 13:38:47.035,12.90968,12.91159,0.00,0.00
2017.10.11 13:38:47.086,12.90952,12.91158,0.00,0.00
2017.10.11 13:38:47.187,12.90979,12.91159,0.00,0.00
2017.10.11 13:38:47.455,12.90951,12.91159,0.00,0.00
2017.10.11 13:38:47.758,12.90959,12.91159,0.00,0.00
2017.10.11 13:38:48.098,12.90939,12.91158,0.00,0.00
2017.10.11 13:38:48.288,12.90968,12.91159,0.00,0.00
2017.10.11 13:38:48.463,12.90938,12.91159,0.00,0.00
2017.10.11 13:38:48.513,12.90938,12.91139,0.00,0.00
2017.10.11 13:38:48.715,12.90931,12.91149,0.00,0.00
2017.10.11 13:38:48.765,12.90938,12.91149,0.00,0.00
2017.10.11 13:38:49.068,12.90968,12.91148,0.00,0.00
2017.10.11 13:38:49.370,12.90968,12.91108,0.00,0.00
2017.10.11 13:38:49.471,12.90891,12.91109,0.00,0.00
2017.10.11 13:38:49.757,12.90931,12.91159,0.00,0.00
2017.10.11 13:38:49.808,12.90918,12.91148,0.00,0.00
2017.10.11 13:38:49.858,12.90959,12.91072,0.00,0.00
2017.10.11 13:38:49.959,12.90859,12.91072,0.00,0.00
2017.10.11 13:38:50.010,12.90859,12.91069,0.00,0.00
2017.10.11 13:38:50.111,12.90881,12.91109,0.00,0.00
2017.10.11 13:38:50.162,12.90892,12.91058,0.00,0.00
2017.10.11 13:38:50.212,12.90931,12.91109,0.00,0.00
2017.10.11 13:38:50.263,12.90931,12.91149,0.00,0.00
2017.10.11 13:38:50.364,12.90968,12.91159,0.00,0.00
2017.10.11 13:38:50.669,12.90968,12.91148,0.00,0.00
2017.10.11 13:38:50.971,12.90848,12.91029,0.00,0.00
2017.10.11 13:38:51.072,12.90848,12.91059,0.00,0.00
2017.10.11 13:38:51.197,12.90878,12.91058,0.00,0.00
2017.10.11 13:38:51.499,12.90848,12.91019,0.00,0.00
2017.10.11 13:38:51.589,12.90848,12.91028,0.00,0.00
2017.10.11 13:38:51.690,12.90848,12.91039,0.00,0.00
2017.10.11 13:38:51.859,12.90848,12.91029,0.00,0.00
2017.10.11 13:38:52.061,12.90838,12.91029,0.00,0.00
2017.10.11 13:38:52.337,12.90838,12.91038,0.00,0.00
2017.10.11 13:38:52.388,12.90869,12.91038,0.00,0.00
2017.10.11 13:38:52.671,12.90858,12.91038,0.00,0.00
2017.10.11 13:38:52.771,12.90879,12.91058,0.00,0.00
2017.10.11 13:38:53.391,12.90878,12.91019,0.00,0.00
2017.10.11 13:38:53.655,12.90758,12.90958,0.00,0.00
2017.10.11 13:38:53.864,12.90769,12.90958,0.00,0.00
2017.10.11 13:38:54.066,12.90759,12.90958,0.00,0.00
2017.10.11 13:38:54.368,12.90778,12.90959,0.00,0.00
2017.10.11 13:38:54.691,12.90769,12.90948,0.00,0.00
2017.10.11 13:38:54.792,12.90748,12.90939,0.00,0.00
2017.10.11 13:38:54.893,12.90768,12.90949,0.00,0.00
2017.10.11 13:38:54.944,12.90768,12.90958,0.00,0.00
2017.10.11 13:38:54.994,12.90779,12.90959,0.00,0.00
2017.10.11 13:38:55.309,12.90752,12.90958,0.00,0.00
2017.10.11 13:38:55.410,12.90779,12.90959,0.00,0.00
2017.10.11 13:38:55.669,12.90752,12.90958,0.00,0.00
2017.10.11 13:38:55.773,12.90791,12.90959,0.00,0.00
2017.10.11 13:38:55.823,12.90781,12.90959,0.00,0.00
2017.10.11 13:38:55.874,12.90828,12.90959,0.00,0.00
2017.10.11 13:38:55.975,12.90809,12.90958,0.00,0.00
2017.10.11 13:38:56.075,12.90759,12.90958,0.00,0.00
2017.10.11 13:38:56.411,12.90781,12.91009,0.00,0.00
2017.10.11 13:38:56.462,12.90781,12.90959,0.00,0.00
2017.10.11 13:38:56.716,12.90758,12.90959,0.00,0.00
2017.10.11 13:38:56.816,12.90789,12.90959,0.00,0.00
2017.10.11 13:38:56.872,12.90759,12.90959,0.00,0.00
2017.10.11 13:38:57.213,12.90748,12.90959,0.00,0.00
2017.10.11 13:38:57.399,12.90788,12.90958,0.00,0.00
2017.10.11 13:38:57.702,12.90778,12.90958,0.00,0.00
2017.10.11 13:38:57.831,12.90799,12.90958,0.00,0.00
2017.10.11 13:38:57.976,12.90769,12.90959,0.00,0.00
2017.10.11 13:38:58.026,12.90769,12.90949,0.00,0.00
2017.10.11 13:38:58.077,12.90758,12.90948,0.00,0.00
2017.10.11 13:38:58.227,12.90758,12.90959,0.00,0.00
2017.10.11 13:38:58.379,12.90749,12.90959,0.00,0.00
2017.10.11 13:38:58.988,12.90749,12.90958,0.00,0.00
2017.10.11 13:38:59.089,12.90779,12.90949,0.00,0.00
2017.10.11 13:38:59.292,12.90658,12.90859,0.00,0.00
2017.10.11 13:38:59.897,12.90658,12.90858,0.00,0.00
2017.10.11 13:38:59.982,12.90668,12.90858,0.00,0.00
2017.10.11 13:39:00.383,12.90658,12.90858,0.00,0.00
2017.10.11 13:39:00.725,12.90669,12.90848,0.00,0.00
2017.10.11 13:39:00.784,12.90658,12.90849,0.00,0.00
2017.10.11 13:39:00.835,12.90658,12.90859,0.00,0.00
2017.10.11 13:39:01.084,12.90688,12.90859,0.00,0.00
2017.10.11 13:39:01.391,12.90658,12.90859,0.00,0.00
2017.10.11 13:39:01.492,12.90661,12.90859,0.00,0.00
2017.10.11 13:39:01.804,12.90658,12.90849,0.00,0.00
2017.10.11 13:39:02.307,12.90658,12.90839,0.00,0.00
2017.10.11 13:39:02.653,12.90588,12.90759,0.00,0.00
2017.10.11 13:39:02.704,12.90579,12.90759,0.00,0.00
2017.10.11 13:39:03.131,12.90608,12.90759,0.00,0.00
2017.10.11 13:39:03.333,12.90578,12.90758,0.00,0.00
2017.10.11 13:39:03.605,12.90558,12.90758,0.00,0.00
2017.10.11 13:39:03.857,12.90581,12.90779,0.00,0.00
2017.10.11 13:39:04.109,12.90608,12.90809,0.00,0.00
2017.10.11 13:39:04.160,12.90608,12.90822,0.00,0.00
2017.10.11 13:39:04.210,12.90638,12.90808,0.00,0.00
2017.10.11 13:39:04.261,12.90638,12.90819,0.00,0.00
2017.10.11 13:39:04.311,12.90638,12.90809,0.00,0.00
2017.10.11 13:39:04.427,12.90598,12.90808,0.00,0.00
2017.10.11 13:39:04.478,12.90631,12.90859,0.00,0.00
2017.10.11 13:39:04.529,12.90668,12.90859,0.00,0.00
2017.10.11 13:39:05.006,12.90638,12.90858,0.00,0.00
2017.10.11 13:39:05.106,12.90678,12.90858,0.00,0.00
2017.10.11 13:39:05.366,12.90678,12.90872,0.00,0.00
2017.10.11 13:39:05.549,12.90678,12.90859,0.00,0.00
2017.10.11 13:39:05.801,12.90659,12.90859,0.00,0.00
2017.10.11 13:39:06.406,12.90678,12.90858,0.00,0.00
2017.10.11 13:39:06.610,12.90658,12.90859,0.00,0.00
2017.10.11 13:39:06.811,12.90678,12.90859,0.00,0.00
2017.10.11 13:39:07.230,12.90658,12.90859,0.00,0.00
2017.10.11 13:39:07.331,12.90678,12.90859,0.00,0.00
2017.10.11 13:39:07.698,12.90648,12.90859,0.00,0.00
2017.10.11 13:39:07.799,12.90639,12.90858,0.00,0.00
2017.10.11 13:39:07.900,12.90658,12.90859,0.00,0.00
2017.10.11 13:39:08.408,12.90658,12.90858,0.00,0.00
2017.10.11 13:39:08.719,12.90631,12.90859,0.00,0.00
2017.10.11 13:39:08.820,12.90639,12.90858,0.00,0.00
2017.10.11 13:39:09.122,12.90669,12.90858,0.00,0.00
2017.10.11 13:39:09.373,12.90658,12.90849,0.00,0.00
2017.10.11 13:39:09.424,12.90638,12.90849,0.00,0.00
2017.10.11 13:39:09.551,12.90658,12.90849,0.00,0.00
2017.10.11 13:39:09.601,12.90658,12.90858,0.00,0.00
2017.10.11 13:39:09.652,12.90638,12.90859,0.00,0.00
2017.10.11 13:39:09.703,12.90668,12.90859,0.00,0.00
2017.10.11 13:39:09.921,12.90658,12.90858,0.00,0.00
2017.10.11 13:39:10.142,12.90669,12.90859,0.00,0.00
2017.10.11 13:39:10.318,12.90638,12.90859,0.00,0.00
2017.10.11 13:39:10.369,12.90638,12.90848,0.00,0.00
2017.10.11 13:39:10.739,12.90648,12.90859,0.00,0.00
2017.10.11 13:39:10.840,12.90669,12.90859,0.00,0.00
2017.10.11 13:39:11.009,12.90638,12.90829,0.00,0.00
2017.10.11 13:39:11.060,12.90638,12.90858,0.00,0.00
2017.10.11 13:39:11.110,12.90668,12.90858,0.00,0.00
2017.10.11 13:39:11.413,12.90638,12.90859,0.00,0.00
2017.10.11 13:39:11.464,12.90638,12.90829,0.00,0.00
2017.10.11 13:39:11.658,12.90638,12.90859,0.00,0.00
2017.10.11 13:39:11.819,12.90668,12.90839,0.00,0.00
2017.10.11 13:39:11.920,12.90639,12.90828,0.00,0.00
2017.10.11 13:39:12.020,12.90639,12.90819,0.00,0.00
2017.10.11 13:39:12.272,12.90631,12.90851,0.00,0.00
2017.10.11 13:39:12.322,12.90668,12.90858,0.00,0.00
2017.10.11 13:39:12.690,12.90668,12.90849,0.00,0.00
2017.10.11 13:39:13.004,12.90581,12.90809,0.00,0.00
2017.10.11 13:39:13.155,12.90588,12.90808,0.00,0.00
2017.10.11 13:39:13.469,12.90561,12.90759,0.00,0.00
2017.10.11 13:39:13.819,12.90589,12.90759,0.00,0.00
2017.10.11 13:39:13.870,12.90592,12.90808,0.00,0.00
2017.10.11 13:39:14.027,12.90618,12.90808,0.00,0.00
2017.10.11 13:39:14.197,12.90618,12.90828,0.00,0.00
2017.10.11 13:39:14.308,12.90608,12.90828,0.00,0.00
2017.10.11 13:39:14.359,12.90648,12.90839,0.00,0.00
2017.10.11 13:39:14.409,12.90648,12.90849,0.00,0.00
2017.10.11 13:39:14.460,12.90648,12.90858,0.00,0.00
2017.10.11 13:39:14.560,12.90659,12.90859,0.00,0.00
2017.10.11 13:39:14.916,12.90668,12.90858,0.00,0.00
2017.10.11 13:39:15.118,12.90649,12.90859,0.00,0.00
2017.10.11 13:39:15.219,12.90668,12.90859,0.00,0.00
2017.10.11 13:39:15.718,12.90649,12.90858,0.00,0.00
2017.10.11 13:39:15.869,12.90649,12.90839,0.00,0.00
2017.10.11 13:39:15.920,12.90638,12.90838,0.00,0.00
2017.10.11 13:39:16.088,12.90638,12.90849,0.00,0.00
2017.10.11 13:39:16.139,12.90638,12.90859,0.00,0.00
2017.10.11 13:39:16.239,12.90668,12.90859,0.00,0.00
2017.10.11 13:39:16.664,12.90649,12.90858,0.00,0.00
2017.10.11 13:39:16.778,12.90629,12.90772,0.00,0.00
2017.10.11 13:39:16.829,12.90631,12.90839,0.00,0.00
2017.10.11 13:39:16.880,12.90631,12.90829,0.00,0.00
2017.10.11 13:39:16.932,12.90629,12.90829,0.00,0.00
2017.10.11 13:39:17.034,12.90648,12.90809,0.00,0.00
2017.10.11 13:39:17.134,12.90609,12.90809,0.00,0.00
2017.10.11 13:39:17.235,12.90589,12.90809,0.00,0.00
2017.10.11 13:39:17.355,12.90581,12.90809,0.00,0.00
2017.10.11 13:39:17.467,12.90608,12.90758,0.00,0.00
2017.10.11 13:39:17.568,12.90599,12.90759,0.00,0.00
2017.10.11 13:39:17.729,12.90549,12.90759,0.00,0.00
2017.10.11 13:39:17.923,12.90579,12.90758,0.00,0.00
2017.10.11 13:39:18.037,12.90548,12.90758,0.00,0.00
2017.10.11 13:39:18.624,12.90568,12.90759,0.00,0.00
2017.10.11 13:39:18.725,12.90548,12.90759,0.00,0.00
2017.10.11 13:39:18.942,12.90578,12.90759,0.00,0.00
2017.10.11 13:39:19.043,12.90549,12.90758,0.00,0.00
2017.10.11 13:39:19.144,12.90579,12.90759,0.00,0.00
2017.10.11 13:39:19.248,12.90558,12.90759,0.00,0.00
2017.10.11 13:39:19.380,12.90549,12.90759,0.00,0.00
2017.10.11 13:39:19.903,12.90549,12.90758,0.00,0.00
2017.10.11 13:39:19.953,12.90578,12.90758,0.00,0.00
2017.10.11 13:39:20.128,12.90548,12.90758,0.00,0.00
2017.10.11 13:39:20.366,12.90568,12.90758,0.00,0.00
2017.10.11 13:39:20.962,12.90559,12.90759,0.00,0.00
2017.10.11 13:39:21.063,12.90579,12.90758,0.00,0.00
2017.10.11 13:39:21.162,12.90549,12.90758,0.00,0.00
2017.10.11 13:39:21.530,12.90558,12.90758,0.00,0.00
2017.10.11 13:39:21.888,12.90558,12.90749,0.00,0.00
2017.10.11 13:39:22.487,12.90558,12.90748,0.00,0.00
2017.10.11 13:39:22.538,12.90558,12.90759,0.00,0.00
2017.10.11 13:39:22.639,12.90578,12.90759,0.00,0.00
2017.10.11 13:39:22.941,12.90548,12.90759,0.00,0.00
2017.10.11 13:39:23.333,12.90578,12.90759,0.00,0.00
2017.10.11 13:39:23.865,12.90579,12.90759,0.00,0.00
2017.10.11 13:39:24.179,12.90548,12.90759,0.00,0.00
2017.10.11 13:39:24.702,12.90548,12.90728,0.00,0.00
2017.10.11 13:39:24.753,12.90531,12.90719,0.00,0.00
2017.10.11 13:39:24.854,12.90532,12.90738,0.00,0.00
2017.10.11 13:39:24.929,12.90531,12.90749,0.00,0.00
2017.10.11 13:39:24.980,12.90569,12.90749,0.00,0.00
2017.10.11 13:39:25.249,12.90532,12.90758,0.00,0.00
2017.10.11 13:39:25.299,12.90541,12.90759,0.00,0.00
2017.10.11 13:39:25.547,12.90538,12.90759,0.00,0.00
2017.10.11 13:39:25.619,12.90538,12.90749,0.00,0.00
2017.10.11 13:39:25.949,12.90548,12.90759,0.00,0.00
2017.10.11 13:39:26.206,12.90539,12.90758,0.00,0.00
2017.10.11 13:39:26.357,12.90568,12.90759,0.00,0.00
2017.10.11 13:39:26.745,12.90538,12.90758,0.00,0.00
2017.10.11 13:39:26.892,12.90538,12.90748,0.00,0.00
2017.10.11 13:39:27.224,12.90538,12.90739,0.00,0.00
2017.10.11 13:39:27.325,12.90538,12.90759,0.00,0.00
2017.10.11 13:39:27.376,12.90558,12.90759,0.00,0.00
2017.10.11 13:39:27.762,12.90569,12.90759,0.00,0.00
2017.10.11 13:39:27.863,12.90558,12.90759,0.00,0.00
2017.10.11 13:39:27.914,12.90558,12.90749,0.00,0.00
2017.10.11 13:39:27.964,12.90539,12.90749,0.00,0.00
2017.10.11 13:39:28.283,12.90539,12.90738,0.00,0.00
2017.10.11 13:39:28.539,12.90532,12.90748,0.00,0.00
2017.10.11 13:39:28.590,12.90531,12.90729,0.00,0.00
2017.10.11 13:39:29.168,12.90532,12.90728,0.00,0.00
2017.10.11 13:39:29.481,12.90559,12.90738,0.00,0.00
2017.10.11 13:39:29.890,12.90549,12.90739,0.00,0.00
2017.10.11 13:39:30.714,12.90548,12.90739,0.00,0.00
2017.10.11 13:39:30.765,12.90538,12.90739,0.00,0.00
2017.10.11 13:39:31.019,12.90538,12.90748,0.00,0.00
2017.10.11 13:39:31.121,12.90538,12.90759,0.00,0.00
2017.10.11 13:39:31.171,12.90568,12.90759,0.00,0.00
2017.10.11 13:39:31.498,12.90558,12.90759,0.00,0.00
2017.10.11 13:39:31.599,12.90578,12.90759,0.00,0.00
2017.10.11 13:39:31.968,12.90538,12.90759,0.00,0.00
2017.10.11 13:39:32.018,12.90541,12.90759,0.00,0.00
2017.10.11 13:39:32.704,12.90542,12.90758,0.00,0.00
2017.10.11 13:39:33.040,12.90551,12.90759,0.00,0.00
2017.10.11 13:39:33.366,12.90558,12.90759,0.00,0.00
2017.10.11 13:39:33.584,12.90549,12.90759,0.00,0.00
2017.10.11 13:39:34.089,12.90549,12.90758,0.00,0.00
2017.10.11 13:39:34.850,12.90549,12.90759,0.00,0.00
2017.10.11 13:39:35.395,12.90554,12.90759,0.00,0.00
2017.10.11 13:39:35.555,12.90549,12.90759,0.00,0.00
2017.10.11 13:39:36.105,12.90553,12.90748,0.00,0.00
2017.10.11 13:39:36.443,12.90549,12.90728,0.00,0.00
2017.10.11 13:39:36.594,12.90549,12.90738,0.00,0.00
2017.10.11 13:39:36.708,12.90563,12.90748,0.00,0.00
2017.10.11 13:39:36.758,12.90563,12.90759,0.00,0.00
2017.10.11 13:39:37.090,12.90538,12.90759,0.00,0.00
2017.10.11 13:39:37.558,12.90553,12.90758,0.00,0.00
2017.10.11 13:39:38.022,12.90579,12.90758,0.00,0.00
2017.10.11 13:39:38.073,12.90559,12.90758,0.00,0.00
2017.10.11 13:39:38.400,12.90568,12.90758,0.00,0.00
2017.10.11 13:39:38.678,12.90539,12.90748,0.00,0.00
2017.10.11 13:39:38.779,12.90539,12.90758,0.00,0.00
2017.10.11 13:39:38.880,12.90539,12.90739,0.00,0.00
2017.10.11 13:39:39.398,12.90553,12.90739,0.00,0.00
2017.10.11 13:39:39.778,12.90564,12.90729,0.00,0.00
2017.10.11 13:39:39.879,12.90539,12.90728,0.00,0.00
2017.10.11 13:39:40.663,12.90554,12.90729,0.00,0.00
2017.10.11 13:39:41.057,12.90554,12.90739,0.00,0.00
2017.10.11 13:39:41.108,12.90564,12.90739,0.00,0.00
2017.10.11 13:39:41.557,12.90564,12.90749,0.00,0.00
2017.10.11 13:39:41.808,12.90564,12.90759,0.00,0.00
2017.10.11 13:39:41.966,12.90538,12.90759,0.00,0.00
2017.10.11 13:39:42.266,12.90553,12.90759,0.00,0.00
2017.10.11 13:39:42.698,12.90553,12.90728,0.00,0.00
2017.10.11 13:39:42.749,12.90553,12.90749,0.00,0.00
2017.10.11 13:39:42.886,12.90538,12.90749,0.00,0.00
2017.10.11 13:39:43.067,12.90553,12.90749,0.00,0.00
2017.10.11 13:39:43.409,12.90553,12.90739,0.00,0.00
2017.10.11 13:39:43.510,12.90538,12.90739,0.00,0.00
2017.10.11 13:39:43.768,12.90553,12.90739,0.00,0.00
2017.10.11 13:39:44.299,12.90558,12.90728,0.00,0.00
2017.10.11 13:39:44.614,12.90558,12.90718,0.00,0.00
2017.10.11 13:39:44.815,12.90538,12.90728,0.00,0.00
2017.10.11 13:39:45.009,12.90558,12.90728,0.00,0.00
2017.10.11 13:39:45.500,12.90558,12.90719,0.00,0.00
2017.10.11 13:39:45.571,12.90538,12.90719,0.00,0.00
2017.10.11 13:39:45.741,12.90538,12.90728,0.00,0.00
2017.10.11 13:39:45.872,12.90569,12.90728,0.00,0.00
2017.10.11 13:39:46.537,12.90569,12.90738,0.00,0.00
2017.10.11 13:39:46.873,12.90538,12.90739,0.00,0.00
2017.10.11 13:39:47.240,12.90538,12.90729,0.00,0.00
2017.10.11 13:39:47.599,12.90559,12.90729,0.00,0.00
2017.10.11 13:39:47.804,12.90559,12.90738,0.00,0.00
2017.10.11 13:39:47.856,12.90559,12.90758,0.00,0.00
2017.10.11 13:39:47.906,12.90569,12.90759,0.00,0.00
2017.10.11 13:39:48.175,12.90538,12.90759,0.00,0.00
2017.10.11 13:39:48.328,12.90538,12.90728,0.00,0.00
2017.10.11 13:39:48.642,12.90538,12.90708,0.00,0.00
2017.10.11 13:39:49.253,12.90538,12.90709,0.00,0.00
2017.10.11 13:39:49.506,12.90448,12.90628,0.00,0.00
2017.10.11 13:39:49.607,12.90448,12.90639,0.00,0.00
2017.10.11 13:39:49.657,12.90448,12.90628,0.00,0.00
2017.10.11 13:39:49.784,12.90448,12.90649,0.00,0.00
2017.10.11 13:39:49.885,12.90439,12.90639,0.00,0.00
2017.10.11 13:39:50.351,12.90439,12.90629,0.00,0.00
2017.10.11 13:39:50.548,12.90439,12.90638,0.00,0.00
2017.10.11 13:39:50.599,12.90439,12.90629,0.00,0.00
2017.10.11 13:39:50.700,12.90431,12.90639,0.00,0.00
2017.10.11 13:39:50.900,12.90469,12.90639,0.00,0.00
2017.10.11 13:39:51.218,12.90469,12.90608,0.00,0.00
2017.10.11 13:39:51.269,12.90438,12.90609,0.00,0.00
2017.10.11 13:39:51.370,12.90419,12.90608,0.00,0.00
2017.10.11 13:39:51.470,12.90408,12.90599,0.00,0.00
2017.10.11 13:39:51.521,12.90428,12.90548,0.00,0.00
2017.10.11 13:39:51.622,12.90359,12.90549,0.00,0.00
2017.10.11 13:39:51.982,12.90368,12.90548,0.00,0.00
2017.10.11 13:39:52.083,12.90348,12.90548,0.00,0.00
2017.10.11 13:39:52.600,12.90348,12.90549,0.00,0.00
2017.10.11 13:39:52.909,12.90364,12.90549,0.00,0.00
2017.10.11 13:39:53.230,12.90373,12.90549,0.00,0.00
2017.10.11 13:39:53.529,12.90358,12.90549,0.00,0.00
2017.10.11 13:39:53.920,12.90383,12.90549,0.00,0.00
2017.10.11 13:39:54.199,12.90358,12.90548,0.00,0.00
2017.10.11 13:39:54.518,12.90384,12.90549,0.00,0.00
2017.10.11 13:39:54.619,12.90348,12.90548,0.00,0.00
2017.10.11 13:39:55.576,12.90348,12.90549,0.00,0.00
2017.10.11 13:39:55.743,12.90348,12.90519,0.00,0.00
2017.10.11 13:39:55.905,12.90348,12.90529,0.00,0.00
2017.10.11 13:39:56.032,12.90348,12.90549,0.00,0.00
2017.10.11 13:39:56.161,12.90364,12.90549,0.00,0.00
2017.10.11 13:39:56.388,12.90348,12.90549,0.00,0.00
2017.10.11 13:39:56.588,12.90354,12.90549,0.00,0.00
2017.10.11 13:39:56.689,12.90349,12.90549,0.00,0.00
2017.10.11 13:39:57.247,12.90349,12.90548,0.00,0.00
2017.10.11 13:39:57.391,12.90379,12.90549,0.00,0.00
2017.10.11 13:39:57.608,12.90359,12.90548,0.00,0.00
2017.10.11 13:39:57.995,12.90378,12.90548,0.00,0.00
2017.10.11 13:39:58.312,12.90388,12.90548,0.00,0.00
2017.10.11 13:39:58.540,12.90351,12.90549,0.00,0.00
2017.10.11 13:39:58.687,12.90349,12.90549,0.00,0.00
2017.10.11 13:39:58.937,12.90351,12.90549,0.00,0.00
2017.10.11 13:39:59.138,12.90459,12.90659,0.00,0.00
2017.10.11 13:39:59.239,12.90468,12.90659,0.00,0.00
2017.10.11 13:39:59.538,12.90438,12.90648,0.00,0.00
2017.10.11 13:39:59.639,12.90438,12.90658,0.00,0.00
2017.10.11 13:39:59.701,12.90468,12.90658,0.00,0.00
2017.10.11 13:39:59.903,12.90431,12.90629,0.00,0.00
2017.10.11 13:40:00.055,12.90431,12.90659,0.00,0.00
2017.10.11 13:40:00.105,12.90468,12.90658,0.00,0.00
2017.10.11 13:40:00.420,12.90468,12.90648,0.00,0.00
2017.10.11 13:40:00.732,12.90439,12.90638,0.00,0.00
2017.10.11 13:40:00.800,12.90439,12.90659,0.00,0.00
2017.10.11 13:40:00.951,12.90468,12.90658,0.00,0.00
2017.10.11 13:40:01.016,12.90449,12.90658,0.00,0.00
2017.10.11 13:40:01.209,12.90468,12.90629,0.00,0.00
2017.10.11 13:40:01.360,12.90468,12.90659,0.00,0.00
2017.10.11 13:40:01.746,12.90459,12.90659,0.00,0.00
2017.10.11 13:40:02.107,12.90459,12.90649,0.00,0.00
2017.10.11 13:40:02.425,12.90459,12.90639,0.00,0.00
2017.10.11 13:40:02.546,12.90438,12.90639,0.00,0.00
2017.10.11 13:40:02.816,12.90438,12.90649,0.00,0.00
2017.10.11 13:40:02.917,12.90468,12.90649,0.00,0.00
2017.10.11 13:40:03.119,12.90438,12.90639,0.00,0.00
2017.10.11 13:40:03.169,12.90438,12.90629,0.00,0.00
2017.10.11 13:40:03.517,12.90458,12.90638,0.00,0.00
2017.10.11 13:40:04.054,12.90458,12.90649,0.00,0.00
2017.10.11 13:40:04.119,12.90439,12.90649,0.00,0.00
2017.10.11 13:40:04.169,12.90439,12.90639,0.00,0.00
2017.10.11 13:40:04.510,12.90438,12.90619,0.00,0.00
2017.10.11 13:40:04.816,12.90449,12.90618,0.00,0.00
2017.10.11 13:40:05.136,12.90468,12.90619,0.00,0.00
2017.10.11 13:40:05.296,12.90438,12.90618,0.00,0.00
2017.10.11 13:40:05.426,12.90438,12.90559,0.00,0.00
2017.10.11 13:40:05.527,12.90359,12.90568,0.00,0.00
2017.10.11 13:40:05.578,12.90348,12.90559,0.00,0.00
2017.10.11 13:40:05.628,12.90348,12.90548,0.00,0.00
2017.10.11 13:40:05.779,12.90348,12.90558,0.00,0.00
2017.10.11 13:40:05.830,12.90378,12.90579,0.00,0.00
2017.10.11 13:40:06.123,12.90349,12.90558,0.00,0.00
2017.10.11 13:40:06.224,12.90349,12.90548,0.00,0.00
2017.10.11 13:40:06.734,12.90369,12.90548,0.00,0.00
2017.10.11 13:40:06.945,12.90348,12.90549,0.00,0.00
2017.10.11 13:40:07.047,12.90348,12.90468,0.00,0.00
2017.10.11 13:40:07.148,12.90258,12.90459,0.00,0.00
2017.10.11 13:40:07.445,12.90283,12.90459,0.00,0.00
2017.10.11 13:40:07.647,12.90258,12.90459,0.00,0.00
2017.10.11 13:40:07.697,12.90258,12.90448,0.00,0.00
2017.10.11 13:40:07.748,12.90258,12.90458,0.00,0.00
2017.10.11 13:40:07.995,12.90258,12.90449,0.00,0.00
2017.10.11 13:40:08.197,12.90264,12.90482,0.00,0.00
2017.10.11 13:40:08.248,12.90284,12.90458,0.00,0.00
2017.10.11 13:40:08.298,12.90284,12.90482,0.00,0.00
2017.10.11 13:40:08.400,12.90289,12.90488,0.00,0.00
2017.10.11 13:40:08.450,12.90293,12.90478,0.00,0.00
2017.10.11 13:40:08.602,12.90289,12.90481,0.00,0.00
2017.10.11 13:40:08.753,12.90261,12.90481,0.00,0.00
2017.10.11 13:40:08.854,12.90261,12.90532,0.00,0.00
2017.10.11 13:40:08.974,12.90326,12.90549,0.00,0.00
2017.10.11 13:40:09.025,12.90347,12.90578,0.00,0.00
2017.10.11 13:40:09.079,12.90363,12.90549,0.00,0.00
2017.10.11 13:40:09.130,12.90363,12.90559,0.00,0.00
2017.10.11 13:40:09.181,12.90363,12.90539,0.00,0.00
2017.10.11 13:40:09.358,12.90339,12.90539,0.00,0.00
2017.10.11 13:40:09.409,12.90339,12.90548,0.00,0.00
2017.10.11 13:40:09.459,12.90353,12.90529,0.00,0.00
2017.10.11 13:40:09.560,12.90339,12.90529,0.00,0.00
2017.10.11 13:40:09.611,12.90339,12.90538,0.00,0.00
2017.10.11 13:40:09.678,12.90339,12.90549,0.00,0.00
2017.10.11 13:40:09.783,12.90363,12.90549,0.00,0.00
2017.10.11 13:40:09.833,12.90363,12.90558,0.00,0.00
2017.10.11 13:40:09.934,12.90363,12.90539,0.00,0.00
2017.10.11 13:40:10.042,12.90339,12.90539,0.00,0.00
2017.10.11 13:40:10.093,12.90339,12.90548,0.00,0.00
2017.10.11 13:40:10.244,12.90363,12.90549,0.00,0.00
2017.10.11 13:40:10.306,12.90363,12.90558,0.00,0.00
2017.10.11 13:40:10.545,12.90339,12.90559,0.00,0.00
2017.10.11 13:40:10.595,12.90339,12.90548,0.00,0.00
2017.10.11 13:40:10.913,12.90339,12.90539,0.00,0.00
2017.10.11 13:40:11.250,12.90364,12.90529,0.00,0.00
2017.10.11 13:40:11.358,12.90339,12.90519,0.00,0.00
2017.10.11 13:40:11.409,12.90339,12.90528,0.00,0.00
2017.10.11 13:40:11.577,12.90343,12.90529,0.00,0.00
2017.10.11 13:40:11.900,12.90373,12.90539,0.00,0.00
2017.10.11 13:40:11.951,12.90358,12.90539,0.00,0.00
2017.10.11 13:40:12.481,12.90358,12.90538,0.00,0.00
2017.10.11 13:40:13.033,12.90358,12.90581,0.00,0.00
2017.10.11 13:40:13.472,12.90348,12.90581,0.00,0.00
2017.10.11 13:40:13.605,12.90348,12.90539,0.00,0.00
2017.10.11 13:40:14.196,12.90348,12.90538,0.00,0.00
2017.10.11 13:40:14.546,12.90349,12.90528,0.00,0.00
2017.10.11 13:40:14.660,12.90339,12.90528,0.00,0.00
2017.10.11 13:40:14.864,12.90332,12.90518,0.00,0.00
2017.10.11 13:40:14.914,12.90331,12.90529,0.00,0.00
2017.10.11 13:40:14.965,12.90348,12.90529,0.00,0.00
2017.10.11 13:40:15.359,12.90369,12.90519,0.00,0.00
2017.10.11 13:40:15.510,12.90331,12.90539,0.00,0.00
2017.10.11 13:40:15.611,12.90339,12.90549,0.00,0.00
2017.10.11 13:40:15.663,12.90378,12.90549,0.00,0.00
2017.10.11 13:40:16.005,12.90378,12.90539,0.00,0.00
2017.10.11 13:40:16.285,12.90359,12.90548,0.00,0.00
2017.10.11 13:40:16.386,12.90379,12.90559,0.00,0.00
2017.10.11 13:40:16.665,12.90369,12.90559,0.00,0.00
2017.10.11 13:40:16.904,12.90369,12.90548,0.00,0.00
2017.10.11 13:40:17.266,12.90349,12.90538,0.00,0.00
2017.10.11 13:40:17.433,12.90349,12.90529,0.00,0.00
2017.10.11 13:40:17.567,12.90349,12.90539,0.00,0.00
2017.10.11 13:40:17.668,12.90378,12.90559,0.00,0.00
2017.10.11 13:40:17.891,12.90338,12.90548,0.00,0.00
2017.10.11 13:40:18.170,12.90378,12.90549,0.00,0.00
2017.10.11 13:40:18.357,12.90378,12.90559,0.00,0.00
2017.10.11 13:40:19.184,12.90378,12.90568,0.00,0.00
2017.10.11 13:40:19.775,12.90358,12.90568,0.00,0.00
2017.10.11 13:40:19.876,12.90378,12.90569,0.00,0.00
2017.10.11 13:40:20.387,12.90378,12.90558,0.00,0.00
2017.10.11 13:40:20.487,12.90348,12.90559,0.00,0.00
2017.10.11 13:40:20.761,12.90348,12.90569,0.00,0.00
2017.10.11 13:40:20.811,12.90378,12.90569,0.00,0.00
2017.10.11 13:40:20.862,12.90378,12.90579,0.00,0.00
2017.10.11 13:40:21.265,12.90378,12.90582,0.00,0.00
2017.10.11 13:40:21.416,12.90378,12.90558,0.00,0.00
2017.10.11 13:40:21.618,12.90348,12.90559,0.00,0.00
2017.10.11 13:40:22.204,12.90378,12.90559,0.00,0.00
2017.10.11 13:40:22.535,12.90349,12.90549,0.00,0.00
2017.10.11 13:40:22.763,12.90349,12.90569,0.00,0.00
2017.10.11 13:40:22.905,12.90379,12.90568,0.00,0.00
2017.10.11 13:40:23.185,12.90359,12.90568,0.00,0.00
2017.10.11 13:40:23.267,12.90359,12.90579,0.00,0.00
2017.10.11 13:40:23.317,12.90432,12.90631,0.00,0.00
2017.10.11 13:40:23.629,12.90348,12.90569,0.00,0.00
2017.10.11 13:40:23.730,12.90389,12.90579,0.00,0.00
2017.10.11 13:40:24.036,12.90359,12.90548,0.00,0.00
2017.10.11 13:40:24.087,12.90359,12.90559,0.00,0.00
2017.10.11 13:40:24.236,12.90359,12.90568,0.00,0.00
2017.10.11 13:40:24.337,12.90378,12.90581,0.00,0.00
2017.10.11 13:40:24.657,12.90369,12.90569,0.00,0.00
2017.10.11 13:40:25.010,12.90348,12.90558,0.00,0.00
2017.10.11 13:40:25.111,12.90348,12.90549,0.00,0.00
2017.10.11 13:40:25.265,12.90348,12.90559,0.00,0.00
2017.10.11 13:40:25.454,12.90348,12.90548,0.00,0.00
2017.10.11 13:40:25.955,12.90348,12.90568,0.00,0.00
2017.10.11 13:40:26.005,12.90389,12.90568,0.00,0.00
2017.10.11 13:40:26.422,12.90389,12.90559,0.00,0.00
2017.10.11 13:40:26.497,12.90368,12.90559,0.00,0.00
2017.10.11 13:40:26.548,12.90368,12.90549,0.00,0.00
2017.10.11 13:40:26.900,12.90368,12.90559,0.00,0.00
2017.10.11 13:40:27.101,12.90368,12.90548,0.00,0.00
2017.10.11 13:40:27.426,12.90368,12.90558,0.00,0.00
2017.10.11 13:40:27.602,12.90389,12.90558,0.00,0.00
2017.10.11 13:40:28.005,12.90369,12.90569,0.00,0.00
2017.10.11 13:40:28.206,12.90369,12.90558,0.00,0.00
2017.10.11 13:40:28.616,12.90319,12.90468,0.00,0.00
2017.10.11 13:40:28.717,12.90259,12.90459,0.00,0.00
2017.10.11 13:40:28.810,12.90259,12.90469,0.00,0.00
2017.10.11 13:40:29.007,12.90288,12.90469,0.00,0.00
2017.10.11 13:40:29.155,12.90288,12.90479,0.00,0.00
2017.10.11 13:40:29.256,12.90299,12.90469,0.00,0.00
2017.10.11 13:40:29.575,12.90299,12.90478,0.00,0.00
2017.10.11 13:40:29.626,12.90259,12.90479,0.00,0.00
2017.10.11 13:40:29.815,12.90259,12.90458,0.00,0.00
2017.10.11 13:40:30.310,12.90289,12.90459,0.00,0.00
2017.10.11 13:40:30.609,12.90279,12.90459,0.00,0.00
2017.10.11 13:40:31.074,12.90331,12.90482,0.00,0.00
2017.10.11 13:40:31.125,12.90358,12.90532,0.00,0.00
2017.10.11 13:40:31.226,12.90378,12.90579,0.00,0.00
2017.10.11 13:40:31.276,12.90378,12.90559,0.00,0.00
2017.10.11 13:40:31.327,12.90378,12.90568,0.00,0.00
2017.10.11 13:40:31.779,12.90378,12.90579,0.00,0.00
2017.10.11 13:40:31.880,12.90378,12.90582,0.00,0.00
2017.10.11 13:40:32.045,12.90378,12.90578,0.00,0.00
2017.10.11 13:40:32.146,12.90348,12.90578,0.00,0.00
2017.10.11 13:40:32.296,12.90348,12.90582,0.00,0.00
2017.10.11 13:40:32.347,12.90369,12.90582,0.00,0.00
2017.10.11 13:40:32.713,12.90348,12.90582,0.00,0.00
2017.10.11 13:40:32.764,12.90348,12.90568,0.00,0.00
2017.10.11 13:40:32.876,12.90348,12.90579,0.00,0.00
2017.10.11 13:40:33.106,12.90348,12.90569,0.00,0.00
2017.10.11 13:40:33.514,12.90368,12.90569,0.00,0.00
2017.10.11 13:40:33.615,12.90369,12.90579,0.00,0.00
2017.10.11 13:40:33.850,12.90369,12.90569,0.00,0.00
2017.10.11 13:40:33.957,12.90331,12.90569,0.00,0.00
2017.10.11 13:40:34.011,12.90331,12.90549,0.00,0.00
2017.10.11 13:40:34.112,12.90331,12.90579,0.00,0.00
2017.10.11 13:40:34.163,12.90359,12.90579,0.00,0.00
2017.10.11 13:40:34.316,12.90338,12.90579,0.00,0.00
2017.10.11 13:40:34.366,12.90338,12.90568,0.00,0.00
2017.10.11 13:40:34.667,12.90368,12.90488,0.00,0.00
2017.10.11 13:40:34.718,12.90259,12.90489,0.00,0.00
2017.10.11 13:40:34.830,12.90249,12.90482,0.00,0.00
2017.10.11 13:40:34.931,12.90251,12.90482,0.00,0.00
2017.10.11 13:40:35.076,12.90249,12.90482,0.00,0.00
2017.10.11 13:40:35.177,12.90249,12.90479,0.00,0.00
2017.10.11 13:40:35.278,12.90249,12.90488,0.00,0.00
2017.10.11 13:40:35.328,12.90289,12.90488,0.00,0.00
2017.10.11 13:40:35.638,12.90289,12.90479,0.00,0.00
2017.10.11 13:40:36.019,12.90258,12.90479,0.00,0.00
2017.10.11 13:40:36.200,12.90258,12.90489,0.00,0.00
2017.10.11 13:40:36.251,12.90288,12.90488,0.00,0.00
2017.10.11 13:40:36.584,12.90296,12.90539,0.00,0.00
2017.10.11 13:40:36.685,12.90323,12.90539,0.00,0.00
2017.10.11 13:40:37.084,12.90344,12.90538,0.00,0.00
2017.10.11 13:40:37.498,12.90339,12.90529,0.00,0.00
2017.10.11 13:40:38.307,12.90339,12.90559,0.00,0.00
2017.10.11 13:40:38.408,12.90339,12.90578,0.00,0.00
2017.10.11 13:40:38.458,12.90354,12.90578,0.00,0.00
2017.10.11 13:40:38.938,12.90364,12.90578,0.00,0.00
2017.10.11 13:40:39.258,12.90338,12.90569,0.00,0.00
2017.10.11 13:40:39.309,12.90338,12.90578,0.00,0.00
2017.10.11 13:40:39.375,12.90341,12.90579,0.00,0.00
2017.10.11 13:40:39.825,12.90359,12.90578,0.00,0.00
2017.10.11 13:40:40.136,12.90369,12.90578,0.00,0.00
2017.10.11 13:40:40.296,12.90358,12.90579,0.00,0.00
2017.10.11 13:40:40.347,12.90368,12.90578,0.00,0.00
2017.10.11 13:40:40.647,12.90338,12.90578,0.00,0.00
2017.10.11 13:40:40.748,12.90358,12.90579,0.00,0.00
2017.10.11 13:40:41.261,12.90378,12.90579,0.00,0.00
2017.10.11 13:40:41.428,12.90348,12.90568,0.00,0.00
2017.10.11 13:40:41.722,12.90348,12.90559,0.00,0.00
2017.10.11 13:40:41.985,12.90339,12.90558,0.00,0.00
2017.10.11 13:40:42.130,12.90359,12.90558,0.00,0.00
2017.10.11 13:40:42.367,12.90359,12.90589,0.00,0.00
2017.10.11 13:40:42.417,12.90359,12.90579,0.00,0.00
2017.10.11 13:40:42.825,12.90349,12.90519,0.00,0.00
2017.10.11 13:40:42.875,12.90339,12.90518,0.00,0.00
2017.10.11 13:40:43.132,12.90358,12.90518,0.00,0.00
2017.10.11 13:40:43.634,12.90358,12.90519,0.00,0.00
2017.10.11 13:40:44.115,12.90358,12.90559,0.00,0.00
2017.10.11 13:40:44.215,12.90358,12.90579,0.00,0.00
2017.10.11 13:40:44.266,12.90339,12.90579,0.00,0.00
2017.10.11 13:40:44.358,12.90378,12.90579,0.00,0.00
2017.10.11 13:40:44.635,12.90359,12.90579,0.00,0.00
2017.10.11 13:40:44.716,12.90359,12.90569,0.00,0.00
2017.10.11 13:40:45.228,12.90349,12.90548,0.00,0.00
2017.10.11 13:40:45.379,12.90349,12.90559,0.00,0.00
2017.10.11 13:40:45.430,12.90349,12.90589,0.00,0.00
2017.10.11 13:40:45.481,12.90358,12.90559,0.00,0.00
2017.10.11 13:40:45.837,12.90338,12.90559,0.00,0.00
2017.10.11 13:40:45.939,12.90338,12.90549,0.00,0.00
2017.10.11 13:40:46.396,12.90338,12.90538,0.00,0.00
2017.10.11 13:40:47.009,12.90338,12.90539,0.00,0.00
2017.10.11 13:40:47.526,12.90338,12.90528,0.00,0.00
2017.10.11 13:40:47.576,12.90338,12.90539,0.00,0.00
2017.10.11 13:40:48.104,12.90338,12.90529,0.00,0.00
2017.10.11 13:40:48.609,12.90338,12.90518,0.00,0.00
2017.10.11 13:40:48.912,12.90338,12.90499,0.00,0.00
2017.10.11 13:40:48.963,12.90268,12.90499,0.00,0.00
2017.10.11 13:40:49.066,12.90292,12.90498,0.00,0.00
2017.10.11 13:40:49.117,12.90279,12.90498,0.00,0.00
2017.10.11 13:40:49.167,12.90308,12.90499,0.00,0.00
2017.10.11 13:40:49.369,12.90259,12.90478,0.00,0.00
2017.10.11 13:40:49.470,12.90269,12.90499,0.00,0.00
2017.10.11 13:40:49.520,12.90271,12.90499,0.00,0.00
2017.10.11 13:40:49.653,12.90259,12.90489,0.00,0.00
2017.10.11 13:40:49.845,12.90259,12.90448,0.00,0.00
2017.10.11 13:40:50.076,12.90259,12.90469,0.00,0.00
2017.10.11 13:40:50.176,12.90289,12.90478,0.00,0.00
2017.10.11 13:40:50.277,12.90258,12.90469,0.00,0.00
2017.10.11 13:40:50.378,12.90258,12.90499,0.00,0.00
2017.10.11 13:40:50.566,12.90299,12.90498,0.00,0.00
2017.10.11 13:40:50.894,12.90258,12.90488,0.00,0.00
2017.10.11 13:40:50.995,12.90262,12.90498,0.00,0.00
2017.10.11 13:40:51.096,12.90298,12.90499,0.00,0.00
2017.10.11 13:40:51.449,12.90278,12.90499,0.00,0.00
2017.10.11 13:40:51.763,12.90271,12.90499,0.00,0.00
2017.10.11 13:40:51.863,12.90268,12.90499,0.00,0.00
2017.10.11 13:40:51.964,12.90299,12.90498,0.00,0.00
2017.10.11 13:40:52.065,12.90268,12.90488,0.00,0.00
2017.10.11 13:40:52.166,12.90258,12.90489,0.00,0.00
2017.10.11 13:40:52.299,12.90258,12.90479,0.00,0.00
2017.10.11 13:40:53.052,12.90278,12.90479,0.00,0.00
2017.10.11 13:40:53.105,12.90278,12.90488,0.00,0.00
2017.10.11 13:40:53.248,12.90288,12.90499,0.00,0.00
2017.10.11 13:40:53.689,12.90288,12.90488,0.00,0.00
2017.10.11 13:40:53.991,12.90261,12.90499,0.00,0.00
2017.10.11 13:40:54.041,12.90259,12.90489,0.00,0.00
2017.10.11 13:40:54.396,12.90258,12.90459,0.00,0.00
2017.10.11 13:40:54.465,12.90258,12.90469,0.00,0.00
2017.10.11 13:40:54.566,12.90278,12.90469,0.00,0.00
2017.10.11 13:40:54.617,12.90278,12.90478,0.00,0.00
2017.10.11 13:40:54.667,12.90288,12.90478,0.00,0.00
2017.10.11 13:40:54.787,12.90288,12.90499,0.00,0.00
2017.10.11 13:40:55.559,12.90261,12.90499,0.00,0.00
2017.10.11 13:40:55.613,12.90258,12.90488,0.00,0.00
2017.10.11 13:40:55.956,12.90258,12.90429,0.00,0.00
2017.10.11 13:40:56.499,12.90259,12.90429,0.00,0.00
2017.10.11 13:40:56.824,12.90259,12.90449,0.00,0.00
2017.10.11 13:40:56.875,12.90248,12.90449,0.00,0.00
2017.10.11 13:40:57.026,12.90248,12.90458,0.00,0.00
2017.10.11 13:40:57.077,12.90248,12.90448,0.00,0.00
2017.10.11 13:40:57.357,12.90281,12.90499,0.00,0.00
2017.10.11 13:40:57.407,12.90338,12.90498,0.00,0.00
2017.10.11 13:40:57.508,12.90308,12.90489,0.00,0.00
2017.10.11 13:40:57.609,12.90268,12.90488,0.00,0.00
2017.10.11 13:40:57.869,12.90268,12.90478,0.00,0.00
2017.10.11 13:40:58.061,12.90258,12.90478,0.00,0.00
2017.10.11 13:40:58.111,12.90258,12.90468,0.00,0.00
2017.10.11 13:40:58.462,12.90248,12.90479,0.00,0.00
2017.10.11 13:40:58.563,12.90238,12.90468,0.00,0.00
2017.10.11 13:40:59.085,12.90238,12.90478,0.00,0.00
2017.10.11 13:40:59.186,12.90278,12.90478,0.00,0.00
2017.10.11 13:40:59.705,12.90278,12.90479,0.00,0.00
2017.10.11 13:40:59.963,12.90248,12.90479,0.00,0.00
2017.10.11 13:41:00.304,12.90251,12.90499,0.00,0.00
2017.10.11 13:41:00.405,12.90278,12.90499,0.00,0.00
2017.10.11 13:41:00.775,12.90278,12.90478,0.00,0.00
2017.10.11 13:41:01.104,12.90248,12.90478,0.00,0.00
2017.10.11 13:41:01.290,12.90248,12.90468,0.00,0.00
2017.10.11 13:41:01.510,12.90248,12.90479,0.00,0.00
2017.10.11 13:41:01.577,12.90248,12.90469,0.00,0.00
2017.10.11 13:41:01.836,12.90249,12.90479,0.00,0.00
2017.10.11 13:41:02.121,12.90249,12.90488,0.00,0.00
2017.10.11 13:41:02.171,12.90278,12.90488,0.00,0.00
2017.10.11 13:41:02.769,12.90278,12.90489,0.00,0.00
2017.10.11 13:41:02.871,12.90248,12.90469,0.00,0.00
2017.10.11 13:41:03.008,12.90248,12.90459,0.00,0.00
2017.10.11 13:41:03.604,12.90248,12.90469,0.00,0.00
2017.10.11 13:41:03.669,12.90273,12.90469,0.00,0.00
2017.10.11 13:41:04.250,12.90273,12.90478,0.00,0.00
2017.10.11 13:41:04.302,12.90273,12.90498,0.00,0.00
2017.10.11 13:41:04.411,12.90283,12.90499,0.00,0.00
2017.10.11 13:41:04.571,12.90269,12.90498,0.00,0.00
2017.10.11 13:41:04.800,12.90258,12.90489,0.00,0.00
2017.10.11 13:41:04.851,12.90258,12.90498,0.00,0.00
2017.10.11 13:41:04.952,12.90258,12.90502,0.00,0.00
2017.10.11 13:41:05.173,12.90263,12.90502,0.00,0.00
2017.10.11 13:41:05.792,12.90263,12.90498,0.00,0.00
2017.10.11 13:41:06.403,12.90259,12.90488,0.00,0.00
2017.10.11 13:41:06.733,12.90259,12.90478,0.00,0.00
2017.10.11 13:41:07.113,12.90259,12.90488,0.00,0.00
2017.10.11 13:41:07.405,12.90268,12.90489,0.00,0.00
2017.10.11 13:41:07.965,12.90268,12.90479,0.00,0.00
2017.10.11 13:41:08.178,12.90248,12.90468,0.00,0.00
2017.10.11 13:41:08.674,12.90248,12.90459,0.00,0.00
2017.10.11 13:41:09.042,12.90238,12.90449,0.00,0.00
2017.10.11 13:41:09.372,12.90238,12.90438,0.00,0.00
2017.10.11 13:41:09.424,12.90238,12.90458,0.00,0.00
2017.10.11 13:41:09.756,12.90238,12.90448,0.00,0.00
2017.10.11 13:41:10.084,12.90238,12.90438,0.00,0.00
2017.10.11 13:41:10.385,12.90238,12.90429,0.00,0.00
2017.10.11 13:41:10.616,12.90238,12.90449,0.00,0.00
2017.10.11 13:41:10.667,12.90238,12.90409,0.00,0.00
2017.10.11 13:41:10.818,12.90169,12.90369,0.00,0.00
2017.10.11 13:41:10.918,12.90158,12.90379,0.00,0.00
2017.10.11 13:41:11.045,12.90148,12.90389,0.00,0.00
2017.10.11 13:41:11.095,12.90148,12.90379,0.00,0.00
2017.10.11 13:41:11.447,12.90173,12.90379,0.00,0.00
2017.10.11 13:41:11.954,12.90173,12.90369,0.00,0.00
2017.10.11 13:41:12.486,12.90148,12.90369,0.00,0.00
2017.10.11 13:41:12.689,12.90148,12.90349,0.00,0.00
2017.10.11 13:41:13.024,12.90138,12.90338,0.00,0.00
2017.10.11 13:41:13.335,12.90168,12.90339,0.00,0.00
2017.10.11 13:41:13.385,12.90168,12.90349,0.00,0.00
2017.10.11 13:41:13.615,12.90168,12.90338,0.00,0.00
2017.10.11 13:41:13.728,12.90148,12.90338,0.00,0.00
2017.10.11 13:41:13.989,12.90148,12.90349,0.00,0.00
2017.10.11 13:41:14.090,12.90132,12.90348,0.00,0.00
2017.10.11 13:41:14.475,12.90131,12.90339,0.00,0.00
2017.10.11 13:41:15.366,12.90131,12.90349,0.00,0.00
2017.10.11 13:41:15.467,12.90132,12.90358,0.00,0.00
2017.10.11 13:41:15.618,12.90138,12.90368,0.00,0.00
2017.10.11 13:41:15.719,12.90159,12.90369,0.00,0.00
2017.10.11 13:41:16.056,12.90159,12.90359,0.00,0.00
2017.10.11 13:41:16.496,12.90132,12.90348,0.00,0.00
2017.10.11 13:41:17.149,12.90131,12.90339,0.00,0.00
2017.10.11 13:41:17.588,12.90132,12.90328,0.00,0.00
2017.10.11 13:41:17.739,12.90089,12.90299,0.00,0.00
2017.10.11 13:41:17.840,12.90061,12.90299,0.00,0.00
2017.10.11 13:41:17.891,12.90061,12.90289,0.00,0.00
2017.10.11 13:41:18.115,12.90059,12.90288,0.00,0.00
2017.10.11 13:41:18.216,12.90048,12.90288,0.00,0.00
2017.10.11 13:41:18.360,12.90061,12.90259,0.00,0.00
2017.10.11 13:41:18.410,12.90061,12.90289,0.00,0.00
2017.10.11 13:41:18.914,12.90061,12.90299,0.00,0.00
2017.10.11 13:41:19.015,12.90078,12.90299,0.00,0.00
2017.10.11 13:41:19.336,12.90049,12.90288,0.00,0.00
2017.10.11 13:41:19.496,12.90051,12.90299,0.00,0.00
2017.10.11 13:41:19.602,12.90079,12.90299,0.00,0.00
2017.10.11 13:41:19.816,12.90049,12.90288,0.00,0.00
2017.10.11 13:41:19.917,12.90051,12.90299,0.00,0.00
2017.10.11 13:41:20.018,12.90078,12.90288,0.00,0.00
2017.10.11 13:41:20.220,12.90048,12.90278,0.00,0.00
2017.10.11 13:41:20.321,12.90051,12.90299,0.00,0.00
2017.10.11 13:41:20.403,12.90058,12.90299,0.00,0.00
2017.10.11 13:41:20.717,12.90078,12.90298,0.00,0.00
2017.10.11 13:41:21.027,12.90129,12.90299,0.00,0.00
2017.10.11 13:41:21.078,12.90082,12.90298,0.00,0.00
2017.10.11 13:41:21.129,12.90098,12.90299,0.00,0.00
2017.10.11 13:41:21.350,12.90081,12.90299,0.00,0.00
2017.10.11 13:41:21.455,12.90092,12.90298,0.00,0.00
2017.10.11 13:41:21.556,12.90091,12.90341,0.00,0.00
2017.10.11 13:41:21.657,12.90092,12.90348,0.00,0.00
2017.10.11 13:41:21.707,12.90129,12.90348,0.00,0.00
2017.10.11 13:41:22.106,12.90108,12.90349,0.00,0.00
2017.10.11 13:41:22.230,12.90119,12.90348,0.00,0.00
2017.10.11 13:41:22.331,12.90108,12.90349,0.00,0.00
2017.10.11 13:41:22.431,12.90132,12.90368,0.00,0.00
2017.10.11 13:41:22.807,12.90131,12.90349,0.00,0.00
2017.10.11 13:41:22.986,12.90118,12.90349,0.00,0.00
2017.10.11 13:41:23.037,12.90149,12.90298,0.00,0.00
2017.10.11 13:41:23.138,12.90061,12.90299,0.00,0.00
2017.10.11 13:41:23.339,12.90078,12.90298,0.00,0.00
2017.10.11 13:41:23.939,12.90078,12.90299,0.00,0.00
2017.10.11 13:41:24.425,12.90062,12.90298,0.00,0.00
2017.10.11 13:41:24.526,12.90058,12.90288,0.00,0.00
2017.10.11 13:41:24.677,12.90058,12.90298,0.00,0.00
2017.10.11 13:41:24.812,12.90088,12.90298,0.00,0.00
2017.10.11 13:41:24.927,12.90068,12.90298,0.00,0.00
2017.10.11 13:41:25.135,12.90079,12.90298,0.00,0.00
2017.10.11 13:41:25.537,12.90062,12.90298,0.00,0.00
2017.10.11 13:41:25.643,12.90068,12.90299,0.00,0.00
2017.10.11 13:41:26.037,12.90061,12.90299,0.00,0.00
2017.10.11 13:41:26.366,12.90069,12.90298,0.00,0.00
2017.10.11 13:41:26.518,12.90062,12.90298,0.00,0.00
2017.10.11 13:41:27.195,12.90058,12.90298,0.00,0.00
2017.10.11 13:41:27.620,12.90052,12.90298,0.00,0.00
2017.10.11 13:41:27.721,12.90069,12.90298,0.00,0.00
2017.10.11 13:41:28.069,12.90078,12.90299,0.00,0.00
2017.10.11 13:41:28.121,12.90051,12.90299,0.00,0.00
2017.10.11 13:41:28.725,12.90061,12.90299,0.00,0.00
2017.10.11 13:41:28.931,12.90051,12.90299,0.00,0.00
2017.10.11 13:41:29.155,12.90062,12.90298,0.00,0.00
2017.10.11 13:41:29.501,12.90078,12.90298,0.00,0.00
2017.10.11 13:41:29.865,12.90081,12.90299,0.00,0.00
2017.10.11 13:41:30.198,12.90091,12.90299,0.00,0.00
2017.10.11 13:41:30.248,12.90081,12.90299,0.00,0.00
2017.10.11 13:41:30.349,12.90091,12.90299,0.00,0.00
2017.10.11 13:41:30.407,12.90081,12.90299,0.00,0.00
2017.10.11 13:41:30.458,12.90089,12.90299,0.00,0.00
2017.10.11 13:41:30.681,12.90082,12.90298,0.00,0.00
2017.10.11 13:41:31.124,12.90071,12.90299,0.00,0.00
2017.10.11 13:41:31.307,12.90062,12.90298,0.00,0.00
2017.10.11 13:41:31.358,12.90072,12.90298,0.00,0.00
2017.10.11 13:41:31.697,12.90088,12.90259,0.00,0.00
2017.10.11 13:41:31.748,12.90088,12.90278,0.00,0.00
2017.10.11 13:41:31.849,12.90051,12.90289,0.00,0.00
2017.10.11 13:41:32.115,12.90041,12.90289,0.00,0.00
2017.10.11 13:41:32.166,12.90069,12.90289,0.00,0.00
2017.10.11 13:41:32.514,12.90088,12.90289,0.00,0.00
2017.10.11 13:41:32.733,12.90068,12.90289,0.00,0.00
2017.10.11 13:41:33.279,12.90068,12.90288,0.00,0.00
2017.10.11 13:41:33.380,12.90081,12.90289,0.00,0.00
2017.10.11 13:41:33.997,12.90078,12.90288,0.00,0.00
2017.10.11 13:41:34.135,12.90072,12.90288,0.00,0.00
2017.10.11 13:41:34.204,12.90061,12.90289,0.00,0.00
2017.10.11 13:41:35.544,12.90062,12.90288,0.00,0.00
2017.10.11 13:41:35.674,12.90081,12.90289,0.00,0.00
2017.10.11 13:41:35.876,12.90082,12.90302,0.00,0.00
2017.10.11 13:41:36.190,12.90061,12.90299,0.00,0.00
2017.10.11 13:41:36.241,12.90071,12.90302,0.00,0.00
2017.10.11 13:41:36.342,12.90061,12.90299,0.00,0.00
2017.10.11 13:41:36.443,12.90078,12.90298,0.00,0.00
2017.10.11 13:41:36.864,12.90079,12.90302,0.00,0.00
2017.10.11 13:41:37.015,12.90079,12.90299,0.00,0.00
2017.10.11 13:41:37.066,12.90079,12.90302,0.00,0.00
2017.10.11 13:41:37.116,12.90132,12.90328,0.00,0.00
2017.10.11 13:41:37.167,12.90131,12.90349,0.00,0.00
2017.10.11 13:41:37.217,12.90132,12.90338,0.00,0.00
2017.10.11 13:41:37.467,12.90132,12.90348,0.00,0.00
2017.10.11 13:41:37.578,12.90139,12.90369,0.00,0.00
2017.10.11 13:41:37.704,12.90141,12.90389,0.00,0.00
2017.10.11 13:41:37.845,12.90142,12.90378,0.00,0.00
2017.10.11 13:41:38.272,12.90149,12.90379,0.00,0.00
2017.10.11 13:41:38.444,12.90131,12.90369,0.00,0.00
2017.10.11 13:41:38.922,12.90131,12.90319,0.00,0.00
2017.10.11 13:41:38.972,12.90132,12.90368,0.00,0.00
2017.10.11 13:41:39.073,12.90131,12.90339,0.00,0.00
2017.10.11 13:41:39.226,12.90131,12.90349,0.00,0.00
2017.10.11 13:41:39.377,12.90128,12.90301,0.00,0.00
2017.10.11 13:41:39.478,12.90109,12.90299,0.00,0.00
2017.10.11 13:41:39.529,12.90109,12.90279,0.00,0.00
2017.10.11 13:41:39.579,12.90062,12.90288,0.00,0.00
2017.10.11 13:41:39.635,12.90062,12.90298,0.00,0.00
2017.10.11 13:41:39.795,12.90048,12.90278,0.00,0.00
2017.10.11 13:41:40.303,12.90048,12.90259,0.00,0.00
2017.10.11 13:41:40.354,12.90032,12.90248,0.00,0.00
2017.10.11 13:41:40.857,12.90031,12.90249,0.00,0.00
2017.10.11 13:41:40.958,12.90058,12.90238,0.00,0.00
2017.10.11 13:41:41.049,12.90049,12.90238,0.00,0.00
2017.10.11 13:41:41.249,12.90032,12.90238,0.00,0.00
2017.10.11 13:41:41.414,12.90032,12.90248,0.00,0.00
2017.10.11 13:41:41.515,12.90032,12.90228,0.00,0.00
2017.10.11 13:41:41.566,12.90031,12.90279,0.00,0.00
2017.10.11 13:41:41.616,12.90041,12.90289,0.00,0.00
2017.10.11 13:41:41.975,12.90058,12.90288,0.00,0.00
2017.10.11 13:41:42.433,12.90058,12.90279,0.00,0.00
2017.10.11 13:41:42.584,12.90031,12.90259,0.00,0.00
2017.10.11 13:41:42.726,12.90032,12.90268,0.00,0.00
2017.10.11 13:41:42.831,12.90031,12.90239,0.00,0.00
2017.10.11 13:41:43.000,12.90032,12.90248,0.00,0.00
2017.10.11 13:41:43.555,12.90029,12.90219,0.00,0.00
2017.10.11 13:41:43.656,12.89949,12.90199,0.00,0.00
2017.10.11 13:41:43.757,12.89938,12.90199,0.00,0.00
2017.10.11 13:41:44.148,12.89938,12.90189,0.00,0.00
2017.10.11 13:41:44.534,12.89938,12.90158,0.00,0.00
2017.10.11 13:41:44.826,12.89938,12.90188,0.00,0.00
2017.10.11 13:41:44.877,12.89969,12.90189,0.00,0.00
2017.10.11 13:41:45.077,12.89931,12.90179,0.00,0.00
2017.10.11 13:41:45.127,12.89932,12.90158,0.00,0.00
2017.10.11 13:41:45.364,12.89941,12.90189,0.00,0.00
2017.10.11 13:41:45.465,12.89958,12.90199,0.00,0.00
2017.10.11 13:41:45.757,12.89952,12.90198,0.00,0.00
2017.10.11 13:41:45.858,12.89969,12.90198,0.00,0.00
2017.10.11 13:41:46.158,12.89952,12.90198,0.00,0.00
2017.10.11 13:41:46.674,12.89949,12.90189,0.00,0.00
2017.10.11 13:41:46.759,12.89941,12.90189,0.00,0.00
2017.10.11 13:41:46.915,12.89951,12.90189,0.00,0.00
2017.10.11 13:41:46.965,12.89951,12.90199,0.00,0.00
2017.10.11 13:41:47.460,12.89958,12.90198,0.00,0.00
2017.10.11 13:41:47.677,12.89932,12.90178,0.00,0.00
2017.10.11 13:41:48.267,12.89936,12.90189,0.00,0.00
2017.10.11 13:41:48.462,12.89953,12.90188,0.00,0.00
2017.10.11 13:41:49.063,12.89948,12.90188,0.00,0.00
2017.10.11 13:41:49.164,12.89941,12.90189,0.00,0.00
2017.10.11 13:41:49.363,12.89943,12.90188,0.00,0.00
2017.10.11 13:41:49.868,12.89943,12.90189,0.00,0.00
2017.10.11 13:41:50.305,12.89942,12.90188,0.00,0.00
2017.10.11 13:41:50.406,12.89954,12.90189,0.00,0.00
2017.10.11 13:41:50.524,12.89954,12.90199,0.00,0.00
2017.10.11 13:41:50.665,12.89951,12.90199,0.00,0.00
2017.10.11 13:41:51.076,12.89948,12.90189,0.00,0.00
2017.10.11 13:41:51.166,12.89941,12.90189,0.00,0.00
2017.10.11 13:41:51.568,12.89931,12.90179,0.00,0.00
2017.10.11 13:41:51.906,12.89931,12.90148,0.00,0.00
2017.10.11 13:41:52.074,12.89931,12.90159,0.00,0.00
2017.10.11 13:41:52.175,12.89954,12.90159,0.00,0.00
2017.10.11 13:41:52.276,12.89938,12.90159,0.00,0.00
2017.10.11 13:41:52.417,12.89938,12.90168,0.00,0.00
2017.10.11 13:41:52.598,12.89954,12.90168,0.00,0.00
2017.10.11 13:41:52.805,12.89954,12.90179,0.00,0.00
2017.10.11 13:41:52.906,12.89958,12.90198,0.00,0.00
2017.10.11 13:41:53.007,12.89963,12.90199,0.00,0.00
2017.10.11 13:41:53.208,12.90029,12.90269,0.00,0.00
2017.10.11 13:41:53.259,12.90029,12.90239,0.00,0.00
2017.10.11 13:41:53.385,12.90043,12.90259,0.00,0.00
2017.10.11 13:41:53.436,12.90043,12.90268,0.00,0.00
2017.10.11 13:41:53.537,12.90032,12.90268,0.00,0.00
2017.10.11 13:41:53.587,12.90043,12.90268,0.00,0.00
2017.10.11 13:41:53.869,12.90038,12.90278,0.00,0.00
2017.10.11 13:41:53.919,12.90043,12.90278,0.00,0.00
2017.10.11 13:41:54.448,12.90058,12.90279,0.00,0.00
2017.10.11 13:41:54.700,12.90031,12.90269,0.00,0.00
2017.10.11 13:41:54.872,12.90031,12.90279,0.00,0.00
2017.10.11 13:41:54.926,12.90052,12.90288,0.00,0.00
2017.10.11 13:41:55.251,12.90059,12.90278,0.00,0.00
2017.10.11 13:41:55.374,12.90032,12.90258,0.00,0.00
2017.10.11 13:41:55.468,12.90032,12.90238,0.00,0.00
2017.10.11 13:41:55.631,12.90031,12.90249,0.00,0.00
2017.10.11 13:41:55.861,12.90031,12.90259,0.00,0.00
2017.10.11 13:41:55.912,12.90041,12.90289,0.00,0.00
2017.10.11 13:41:56.013,12.90051,12.90299,0.00,0.00
2017.10.11 13:41:56.389,12.90058,12.90298,0.00,0.00
2017.10.11 13:41:56.455,12.90061,12.90302,0.00,0.00
2017.10.11 13:41:56.715,12.90058,12.90299,0.00,0.00
2017.10.11 13:41:56.976,12.90051,12.90299,0.00,0.00
2017.10.11 13:41:57.076,12.90061,12.90302,0.00,0.00
2017.10.11 13:41:57.378,12.90032,12.90278,0.00,0.00
2017.10.11 13:41:57.479,12.90031,12.90259,0.00,0.00
2017.10.11 13:41:57.580,12.90031,12.90279,0.00,0.00
2017.10.11 13:41:57.678,12.90058,12.90279,0.00,0.00
2017.10.11 13:41:57.779,12.90058,12.90299,0.00,0.00
2017.10.11 13:41:57.880,12.90058,12.90289,0.00,0.00
2017.10.11 13:41:57.991,12.90041,12.90289,0.00,0.00
2017.10.11 13:41:58.092,12.90059,12.90289,0.00,0.00
2017.10.11 13:41:58.580,12.90048,12.90288,0.00,0.00
2017.10.11 13:41:58.705,12.90058,12.90289,0.00,0.00
2017.10.11 13:41:59.047,12.90031,12.90259,0.00,0.00
2017.10.11 13:41:59.533,12.90052,12.90202,0.00,0.00
2017.10.11 13:41:59.583,12.90061,12.90302,0.00,0.00
2017.10.11 13:41:59.756,12.90058,12.90298,0.00,0.00
2017.10.11 13:42:00.106,12.90061,12.90302,0.00,0.00
2017.10.11 13:42:00.207,12.90069,12.90269,0.00,0.00
2017.10.11 13:42:00.257,12.90069,12.90279,0.00,0.00
2017.10.11 13:42:00.308,12.90041,12.90279,0.00,0.00
2017.10.11 13:42:00.358,12.90041,12.90269,0.00,0.00
2017.10.11 13:42:00.678,12.90042,12.90258,0.00,0.00
2017.10.11 13:42:01.144,12.90041,12.90249,0.00,0.00
2017.10.11 13:42:01.346,12.90042,12.90258,0.00,0.00
2017.10.11 13:42:01.446,12.90051,12.90299,0.00,0.00
2017.10.11 13:42:01.497,12.90048,12.90279,0.00,0.00
2017.10.11 13:42:01.607,12.90048,12.90289,0.00,0.00
2017.10.11 13:42:01.686,12.90059,12.90289,0.00,0.00
2017.10.11 13:42:02.077,12.90059,12.90278,0.00,0.00
2017.10.11 13:42:02.127,12.90042,12.90278,0.00,0.00
2017.10.11 13:42:02.178,12.90042,12.90288,0.00,0.00
2017.10.11 13:42:02.329,12.90058,12.90288,0.00,0.00
2017.10.11 13:42:02.846,12.90058,12.90289,0.00,0.00
2017.10.11 13:42:03.147,12.90131,12.90342,0.00,0.00
2017.10.11 13:42:03.334,12.90151,12.90389,0.00,0.00
2017.10.11 13:42:03.485,12.90138,12.90369,0.00,0.00
2017.10.11 13:42:03.645,12.90138,12.90379,0.00,0.00
2017.10.11 13:42:03.977,12.90132,12.90311,0.00,0.00
2017.10.11 13:42:04.129,12.90051,12.90279,0.00,0.00
2017.10.11 13:42:04.229,12.90051,12.90289,0.00,0.00
2017.10.11 13:42:04.440,12.90051,12.90279,0.00,0.00
2017.10.11 13:42:04.775,12.90051,12.90259,0.00,0.00
2017.10.11 13:42:05.076,12.90052,12.90248,0.00,0.00
2017.10.11 13:42:05.479,12.90041,12.90239,0.00,0.00
2017.10.11 13:42:05.530,12.90041,12.90259,0.00,0.00
2017.10.11 13:42:05.631,12.90061,12.90291,0.00,0.00
2017.10.11 13:42:05.782,12.90048,12.90289,0.00,0.00
2017.10.11 13:42:05.887,12.90048,12.90279,0.00,0.00
2017.10.11 13:42:06.094,12.90042,12.90278,0.00,0.00
2017.10.11 13:42:06.247,12.90042,12.90268,0.00,0.00
2017.10.11 13:42:06.596,12.90041,12.90259,0.00,0.00
2017.10.11 13:42:06.706,12.90042,12.90268,0.00,0.00
2017.10.11 13:42:06.814,12.90058,12.90268,0.00,0.00
2017.10.11 13:42:07.196,12.90048,12.90269,0.00,0.00
2017.10.11 13:42:08.285,12.90048,12.90268,0.00,0.00
2017.10.11 13:42:08.398,12.90042,12.90268,0.00,0.00
2017.10.11 13:42:08.797,12.90042,12.90258,0.00,0.00
2017.10.11 13:42:08.847,12.90042,12.90268,0.00,0.00
2017.10.11 13:42:09.000,12.90068,12.90269,0.00,0.00
2017.10.11 13:42:09.101,12.90068,12.90278,0.00,0.00
2017.10.11 13:42:09.201,12.90068,12.90299,0.00,0.00
2017.10.11 13:42:09.252,12.90068,12.90279,0.00,0.00
2017.10.11 13:42:09.309,12.90068,12.90299,0.00,0.00
2017.10.11 13:42:09.668,12.90068,12.90288,0.00,0.00
2017.10.11 13:42:09.835,12.90042,12.90278,0.00,0.00
2017.10.11 13:42:10.395,12.90041,12.90279,0.00,0.00
2017.10.11 13:42:10.702,12.90044,12.90278,0.00,0.00
2017.10.11 13:42:11.206,12.90044,12.90279,0.00,0.00
2017.10.11 13:42:11.555,12.90044,12.90269,0.00,0.00
2017.10.11 13:42:11.605,12.90041,12.90269,0.00,0.00
2017.10.11 13:42:12.095,12.90041,12.90259,0.00,0.00
2017.10.11 13:42:12.157,12.90041,12.90269,0.00,0.00
2017.10.11 13:42:12.258,12.90041,12.90279,0.00,0.00
2017.10.11 13:42:12.359,12.90041,12.90268,0.00,0.00
2017.10.11 13:42:12.705,12.90041,12.90258,0.00,0.00
2017.10.11 13:42:12.945,12.90041,12.90268,0.00,0.00
2017.10.11 13:42:13.112,12.90058,12.90269,0.00,0.00
2017.10.11 13:42:13.908,12.90041,12.90269,0.00,0.00
2017.10.11 13:42:14.139,12.90041,12.90259,0.00,0.00
2017.10.11 13:42:14.465,12.90054,12.90249,0.00,0.00
2017.10.11 13:42:14.629,12.90009,12.90219,0.00,0.00
2017.10.11 13:42:14.730,12.89972,12.90212,0.00,0.00
2017.10.11 13:42:14.780,12.89976,12.90212,0.00,0.00
2017.10.11 13:42:15.089,12.90037,12.90258,0.00,0.00
2017.10.11 13:42:15.140,12.90038,12.90262,0.00,0.00
2017.10.11 13:42:15.374,12.90039,12.90269,0.00,0.00
2017.10.11 13:42:15.974,12.90039,12.90279,0.00,0.00
2017.10.11 13:42:16.024,12.90043,12.90278,0.00,0.00
2017.10.11 13:42:16.693,12.90043,12.90279,0.00,0.00
2017.10.11 13:42:16.744,12.90048,12.90308,0.00,0.00
2017.10.11 13:42:16.866,12.90056,12.90311,0.00,0.00
2017.10.11 13:42:17.006,12.90048,12.90299,0.00,0.00
2017.10.11 13:42:17.418,12.90048,12.90289,0.00,0.00
2017.10.11 13:42:18.019,12.90041,12.90269,0.00,0.00
2017.10.11 13:42:18.329,12.90048,12.90279,0.00,0.00
2017.10.11 13:42:18.429,12.90058,12.90279,0.00,0.00
2017.10.11 13:42:18.916,12.90042,12.90278,0.00,0.00
2017.10.11 13:42:19.929,12.90041,12.90279,0.00,0.00
2017.10.11 13:42:20.118,12.90058,12.90279,0.00,0.00
2017.10.11 13:42:20.664,12.90058,12.90278,0.00,0.00
2017.10.11 13:42:21.205,12.90058,12.90279,0.00,0.00
2017.10.11 13:42:21.620,12.90058,12.90288,0.00,0.00
2017.10.11 13:42:21.753,12.90048,12.90288,0.00,0.00
2017.10.11 13:42:22.216,12.90051,12.90299,0.00,0.00
2017.10.11 13:42:22.324,12.90058,12.90299,0.00,0.00
2017.10.11 13:42:22.556,12.90061,12.90309,0.00,0.00
2017.10.11 13:42:22.657,12.90071,12.90309,0.00,0.00
2017.10.11 13:42:23.066,12.90078,12.90299,0.00,0.00
2017.10.11 13:42:23.122,12.90061,12.90299,0.00,0.00
2017.10.11 13:42:23.222,12.90079,12.90299,0.00,0.00
2017.10.11 13:42:23.446,12.90061,12.90299,0.00,0.00
2017.10.11 13:42:23.956,12.90062,12.90298,0.00,0.00
2017.10.11 13:42:24.074,12.90052,12.90298,0.00,0.00
2017.10.11 13:42:24.376,12.90041,12.90289,0.00,0.00
2017.10.11 13:42:24.531,12.90041,12.90272,0.00,0.00
2017.10.11 13:42:24.833,12.90051,12.90272,0.00,0.00
2017.10.11 13:42:25.285,12.90041,12.90272,0.00,0.00
2017.10.11 13:42:25.514,12.90031,12.90272,0.00,0.00
2017.10.11 13:42:25.715,12.90041,12.90272,0.00,0.00
2017.10.11 13:42:26.366,12.90042,12.90272,0.00,0.00
2017.10.11 13:42:26.588,12.90032,12.90272,0.00,0.00
2017.10.11 13:42:26.675,12.90041,12.90272,0.00,0.00
2017.10.11 13:42:27.127,12.90031,12.90259,0.00,0.00
2017.10.11 13:42:27.177,12.90038,12.90268,0.00,0.00
2017.10.11 13:42:27.229,12.90032,12.90268,0.00,0.00
2017.10.11 13:42:27.280,12.90032,12.90258,0.00,0.00
2017.10.11 13:42:27.330,12.90041,12.90272,0.00,0.00
2017.10.11 13:42:27.381,12.90008,12.90188,0.00,0.00
2017.10.11 13:42:27.532,12.89931,12.90171,0.00,0.00
2017.10.11 13:42:27.650,12.89932,12.90168,0.00,0.00
2017.10.11 13:42:27.960,12.89908,12.90138,0.00,0.00
2017.10.11 13:42:28.011,12.89891,12.90132,0.00,0.00
2017.10.11 13:42:28.062,12.89932,12.90152,0.00,0.00
2017.10.11 13:42:28.163,12.89939,12.90182,0.00,0.00
2017.10.11 13:42:28.548,12.89931,12.90182,0.00,0.00
2017.10.11 13:42:28.632,12.89948,12.90182,0.00,0.00
2017.10.11 13:42:28.833,12.89931,12.90169,0.00,0.00
2017.10.11 13:42:29.057,12.89931,12.90159,0.00,0.00
2017.10.11 13:42:29.116,12.89931,12.90182,0.00,0.00
2017.10.11 13:42:29.267,12.89948,12.90182,0.00,0.00
2017.10.11 13:42:29.445,12.89932,12.90178,0.00,0.00
2017.10.11 13:42:29.686,12.89932,12.90158,0.00,0.00
2017.10.11 13:42:30.152,12.89908,12.90132,0.00,0.00
2017.10.11 13:42:30.253,12.89892,12.90131,0.00,0.00
2017.10.11 13:42:30.758,12.89899,12.90131,0.00,0.00
2017.10.11 13:42:30.958,12.89842,12.90081,0.00,0.00
2017.10.11 13:42:31.059,12.89839,12.90081,0.00,0.00
2017.10.11 13:42:31.246,12.89862,12.90081,0.00,0.00
2017.10.11 13:42:31.548,12.89868,12.90081,0.00,0.00
2017.10.11 13:42:31.685,12.89851,12.90081,0.00,0.00
2017.10.11 13:42:31.736,12.89832,12.90081,0.00,0.00
2017.10.11 13:42:31.887,12.89832,12.90008,0.00,0.00
2017.10.11 13:42:31.991,12.89792,12.89988,0.00,0.00
2017.10.11 13:42:32.075,12.89792,12.90032,0.00,0.00
2017.10.11 13:42:32.175,12.89809,12.89982,0.00,0.00
2017.10.11 13:42:32.276,12.89751,12.89982,0.00,0.00
2017.10.11 13:42:32.327,12.89791,12.89982,0.00,0.00
2017.10.11 13:42:32.377,12.89782,12.89982,0.00,0.00
2017.10.11 13:42:32.478,12.89788,12.89982,0.00,0.00
2017.10.11 13:42:32.630,12.89831,12.90032,0.00,0.00
2017.10.11 13:42:32.731,12.89832,12.90028,0.00,0.00
2017.10.11 13:42:32.949,12.89782,12.89981,0.00,0.00
2017.10.11 13:42:33.128,12.89762,12.89981,0.00,0.00
2017.10.11 13:42:33.246,12.89841,12.90032,0.00,0.00
2017.10.11 13:42:33.347,12.89849,12.90049,0.00,0.00
2017.10.11 13:42:33.498,12.89849,12.89982,0.00,0.00
2017.10.11 13:42:33.549,12.89762,12.89982,0.00,0.00
2017.10.11 13:42:33.845,12.89786,12.89982,0.00,0.00
2017.10.11 13:42:33.895,12.89787,12.90031,0.00,0.00
2017.10.11 13:42:33.996,12.89793,12.90031,0.00,0.00
2017.10.11 13:42:34.146,12.89792,12.90031,0.00,0.00
2017.10.11 13:42:34.267,12.89778,12.90031,0.00,0.00
2017.10.11 13:42:34.318,12.89778,12.89982,0.00,0.00
2017.10.11 13:42:34.368,12.89762,12.89982,0.00,0.00
2017.10.11 13:42:34.817,12.89738,12.89982,0.00,0.00
2017.10.11 13:42:34.918,12.89747,12.89982,0.00,0.00
2017.10.11 13:42:35.449,12.89747,12.89982,0.00,0.00
2017.10.11 13:42:36.147,12.89742,12.89982,0.00,0.00
2017.10.11 13:42:36.198,12.89746,12.89982,0.00,0.00
2017.10.11 13:42:36.501,12.89848,12.90082,0.00,0.00
2017.10.11 13:42:36.803,12.89859,12.90082,0.00,0.00
2017.10.11 13:42:36.954,12.89841,12.90082,0.00,0.00
2017.10.11 13:42:37.152,12.89848,12.90082,0.00,0.00
2017.10.11 13:42:37.454,12.89858,12.90082,0.00,0.00
2017.10.11 13:42:37.555,12.89842,12.90082,0.00,0.00
2017.10.11 13:42:37.656,12.89861,12.90082,0.00,0.00
2017.10.11 13:42:37.757,12.89859,12.90082,0.00,0.00
2017.10.11 13:42:37.953,12.89841,12.90082,0.00,0.00
2017.10.11 13:42:38.126,12.89831,12.90082,0.00,0.00
2017.10.11 13:42:38.436,12.89867,12.90082,0.00,0.00
2017.10.11 13:42:38.951,12.89876,12.90082,0.00,0.00
2017.10.11 13:42:39.153,12.89859,12.90079,0.00,0.00
2017.10.11 13:42:39.203,12.89893,12.90079,0.00,0.00
2017.10.11 13:42:39.304,12.89851,12.90071,0.00,0.00
2017.10.11 13:42:39.356,12.89851,12.90081,0.00,0.00
2017.10.11 13:42:39.605,12.89841,12.90082,0.00,0.00
2017.10.11 13:42:39.656,12.89887,12.90082,0.00,0.00
2017.10.11 13:42:39.707,12.89887,12.90111,0.00,0.00
2017.10.11 13:42:39.808,12.89887,12.90132,0.00,0.00
2017.10.11 13:42:39.948,12.89882,12.90132,0.00,0.00
2017.10.11 13:42:40.616,12.89881,12.90132,0.00,0.00
2017.10.11 13:42:41.195,12.89881,12.90132,0.00,0.00
2017.10.11 13:42:41.438,12.89871,12.90132,0.00,0.00
2017.10.11 13:42:41.488,12.89861,12.90082,0.00,0.00
2017.10.11 13:42:41.790,12.89851,12.90081,0.00,0.00
2017.10.11 13:42:42.287,12.89841,12.90082,0.00,0.00
2017.10.11 13:42:42.456,12.89832,12.90068,0.00,0.00
2017.10.11 13:42:42.665,12.89881,12.90129,0.00,0.00
2017.10.11 13:42:42.765,12.89881,12.90132,0.00,0.00
2017.10.11 13:42:42.920,12.89931,12.90149,0.00,0.00
2017.10.11 13:42:42.971,12.89912,12.90168,0.00,0.00
2017.10.11 13:42:43.072,12.89908,12.90131,0.00,0.00
2017.10.11 13:42:43.246,12.89882,12.90131,0.00,0.00
2017.10.11 13:42:43.297,12.89882,12.90121,0.00,0.00
2017.10.11 13:42:43.499,12.89831,12.90079,0.00,0.00
2017.10.11 13:42:43.600,12.89932,12.90092,0.00,0.00
2017.10.11 13:42:43.701,12.89932,12.90168,0.00,0.00
2017.10.11 13:42:43.902,12.89931,12.90182,0.00,0.00
2017.10.11 13:42:44.797,12.89931,12.90178,0.00,0.00
2017.10.11 13:42:45.120,12.89956,12.90182,0.00,0.00
2017.10.11 13:42:45.630,12.89952,12.90182,0.00,0.00
2017.10.11 13:42:45.731,12.89941,12.90182,0.00,0.00
2017.10.11 13:42:46.168,12.89956,12.90182,0.00,0.00
2017.10.11 13:42:46.671,12.89957,12.90182,0.00,0.00
2017.10.11 13:42:47.308,12.89957,12.90182,0.00,0.00
2017.10.11 13:42:48.224,12.89987,12.90182,0.00,0.00
2017.10.11 13:42:48.275,12.89993,12.90209,0.00,0.00
2017.10.11 13:42:48.325,12.89993,12.90189,0.00,0.00
2017.10.11 13:42:48.376,12.89931,12.90181,0.00,0.00
2017.10.11 13:42:48.477,12.89936,12.90181,0.00,0.00
2017.10.11 13:42:48.879,12.89946,12.90181,0.00,0.00
2017.10.11 13:42:49.613,12.89952,12.90181,0.00,0.00
2017.10.11 13:42:49.941,12.90031,12.90222,0.00,0.00
2017.10.11 13:42:50.074,12.90042,12.90271,0.00,0.00
2017.10.11 13:42:50.581,12.90032,12.90248,0.00,0.00
2017.10.11 13:42:50.682,12.90032,12.90258,0.00,0.00
2017.10.11 13:42:50.783,12.90031,12.90271,0.00,0.00
2017.10.11 13:42:50.884,12.90042,12.90271,0.00,0.00
2017.10.11 13:42:51.385,12.90071,12.90271,0.00,0.00
2017.10.11 13:42:51.596,12.90042,12.90271,0.00,0.00
2017.10.11 13:42:51.647,12.90031,12.90259,0.00,0.00
2017.10.11 13:42:51.697,12.90032,12.90268,0.00,0.00
2017.10.11 13:42:51.798,12.90031,12.90249,0.00,0.00
2017.10.11 13:42:51.949,12.90032,12.90258,0.00,0.00
2017.10.11 13:42:52.514,12.90031,12.90259,0.00,0.00
2017.10.11 13:42:52.615,12.90032,12.90248,0.00,0.00
2017.10.11 13:42:53.099,12.90031,12.90259,0.00,0.00
2017.10.11 13:42:53.222,12.90031,12.90249,0.00,0.00
2017.10.11 13:42:53.831,12.90032,12.90248,0.00,0.00
2017.10.11 13:42:54.171,12.90031,12.90239,0.00,0.00
2017.10.11 13:42:54.821,12.90032,12.90238,0.00,0.00
2017.10.11 13:42:55.375,12.90031,12.90249,0.00,0.00
2017.10.11 13:42:56.125,12.90032,12.90248,0.00,0.00
2017.10.11 13:42:56.677,12.90031,12.90259,0.00,0.00
2017.10.11 13:42:56.728,12.90031,12.90222,0.00,0.00
2017.10.11 13:42:56.778,12.90028,12.90222,0.00,0.00
2017.10.11 13:42:56.829,12.89991,12.90222,0.00,0.00
2017.10.11 13:42:57.457,12.89992,12.90222,0.00,0.00
2017.10.11 13:42:57.962,12.89991,12.90222,0.00,0.00
2017.10.11 13:42:58.285,12.89999,12.90229,0.00,0.00
2017.10.11 13:42:58.748,12.90031,12.90221,0.00,0.00
2017.10.11 13:42:58.799,12.90032,12.90248,0.00,0.00
2017.10.11 13:42:58.856,12.90032,12.90258,0.00,0.00
2017.10.11 13:42:58.957,12.90031,12.90272,0.00,0.00
2017.10.11 13:42:59.527,12.90032,12.90272,0.00,0.00
2017.10.11 13:43:00.103,12.90031,12.90272,0.00,0.00
2017.10.11 13:43:00.322,12.90032,12.90268,0.00,0.00
2017.10.11 13:43:00.865,12.90031,12.90249,0.00,0.00
2017.10.11 13:43:01.396,12.90032,12.90248,0.00,0.00
2017.10.11 13:43:01.827,12.90031,12.90239,0.00,0.00
2017.10.11 13:43:02.464,12.90032,12.90238,0.00,0.00
2017.10.11 13:43:02.627,12.90031,12.90249,0.00,0.00
2017.10.11 13:43:03.007,12.89988,12.90219,0.00,0.00
2017.10.11 13:43:03.057,12.89988,12.90179,0.00,0.00
2017.10.11 13:43:03.205,12.89941,12.90172,0.00,0.00
2017.10.11 13:43:03.300,12.89949,12.90172,0.00,0.00
2017.10.11 13:43:03.606,12.89942,12.90172,0.00,0.00
2017.10.11 13:43:03.827,12.89942,12.90168,0.00,0.00
2017.10.11 13:43:04.116,12.89941,12.90172,0.00,0.00
2017.10.11 13:43:04.567,12.89938,12.90098,0.00,0.00
2017.10.11 13:43:04.619,12.89932,12.90122,0.00,0.00
2017.10.11 13:43:04.720,12.89932,12.90141,0.00,0.00
2017.10.11 13:43:04.821,12.89931,12.90171,0.00,0.00
2017.10.11 13:43:05.170,12.89938,12.90171,0.00,0.00
2017.10.11 13:43:05.715,12.89939,12.90171,0.00,0.00
2017.10.11 13:43:06.147,12.89931,12.90171,0.00,0.00
2017.10.11 13:43:06.601,12.89942,12.90171,0.00,0.00
2017.10.11 13:43:06.917,12.89961,12.90172,0.00,0.00
2017.10.11 13:43:07.557,12.89962,12.90172,0.00,0.00
2017.10.11 13:43:07.886,12.89969,12.90172,0.00,0.00
2017.10.11 13:43:08.208,12.89969,12.90179,0.00,0.00
2017.10.11 13:43:08.258,12.89988,12.90179,0.00,0.00
2017.10.11 13:43:08.359,12.89942,12.90172,0.00,0.00
2017.10.11 13:43:09.068,12.89941,12.90172,0.00,0.00
2017.10.11 13:43:09.834,12.89942,12.90172,0.00,0.00
2017.10.11 13:43:09.912,12.89949,12.90172,0.00,0.00
2017.10.11 13:43:10.212,12.89942,12.90172,0.00,0.00
2017.10.11 13:43:10.935,12.89941,12.90172,0.00,0.00
2017.10.11 13:43:11.141,12.89948,12.90172,0.00,0.00
2017.10.11 13:43:11.454,12.89951,12.90172,0.00,0.00
2017.10.11 13:43:13.556,12.89978,12.90172,0.00,0.00
2017.10.11 13:43:13.884,12.89982,12.90172,0.00,0.00
2017.10.11 13:43:14.673,12.89981,12.90172,0.00,0.00
2017.10.11 13:43:15.001,12.89992,12.90172,0.00,0.00
2017.10.11 13:43:15.444,12.89982,12.90172,0.00,0.00
2017.10.11 13:43:15.846,12.89942,12.90172,0.00,0.00
2017.10.11 13:43:16.416,12.89941,12.90172,0.00,0.00
2017.10.11 13:43:16.466,12.89942,12.90158,0.00,0.00
2017.10.11 13:43:16.517,12.89941,12.90172,0.00,0.00
2017.10.11 13:43:16.568,12.89958,12.90172,0.00,0.00
2017.10.11 13:43:16.668,12.89941,12.90172,0.00,0.00
2017.10.11 13:43:16.866,12.89941,12.90169,0.00,0.00
2017.10.11 13:43:16.967,12.89942,12.90172,0.00,0.00
2017.10.11 13:43:17.068,12.89959,12.90172,0.00,0.00
2017.10.11 13:43:17.123,12.89948,12.90172,0.00,0.00
2017.10.11 13:43:17.174,12.89948,12.90169,0.00,0.00
2017.10.11 13:43:17.225,12.89941,12.90169,0.00,0.00
2017.10.11 13:43:17.885,12.89942,12.90168,0.00,0.00
2017.10.11 13:43:17.936,12.89949,12.90168,0.00,0.00
2017.10.11 13:43:18.426,12.89941,12.90169,0.00,0.00
2017.10.11 13:43:18.915,12.89938,12.90079,0.00,0.00
2017.10.11 13:43:19.066,12.89931,12.90162,0.00,0.00
2017.10.11 13:43:19.167,12.89958,12.90168,0.00,0.00
2017.10.11 13:43:19.709,12.89958,12.90171,0.00,0.00
2017.10.11 13:43:19.833,12.89958,12.90168,0.00,0.00
2017.10.11 13:43:20.369,12.89958,12.90169,0.00,0.00
2017.10.11 13:43:20.431,12.89938,12.90169,0.00,0.00
2017.10.11 13:43:20.482,12.89951,12.90171,0.00,0.00
2017.10.11 13:43:20.865,12.89941,12.90171,0.00,0.00
2017.10.11 13:43:20.966,12.89968,12.90171,0.00,0.00
2017.10.11 13:43:21.432,12.89959,12.90171,0.00,0.00
2017.10.11 13:43:22.022,12.89982,12.90171,0.00,0.00
2017.10.11 13:43:22.630,12.89981,12.90171,0.00,0.00
2017.10.11 13:43:22.896,12.89969,12.90171,0.00,0.00
2017.10.11 13:43:22.946,12.89962,12.90171,0.00,0.00
2017.10.11 13:43:23.048,12.89969,12.90171,0.00,0.00
2017.10.11 13:43:23.224,12.89991,12.90222,0.00,0.00
2017.10.11 13:43:23.275,12.89989,12.90178,0.00,0.00
2017.10.11 13:43:23.376,12.89982,12.90172,0.00,0.00
2017.10.11 13:43:23.427,12.89961,12.90172,0.00,0.00
2017.10.11 13:43:23.528,12.89948,12.90172,0.00,0.00
2017.10.11 13:43:23.628,12.89942,12.90172,0.00,0.00
2017.10.11 13:43:24.237,12.89941,12.90172,0.00,0.00
2017.10.11 13:43:24.565,12.89941,12.90169,0.00,0.00
2017.10.11 13:43:25.273,12.89942,12.90168,0.00,0.00
2017.10.11 13:43:25.839,12.89941,12.90169,0.00,0.00
2017.10.11 13:43:26.437,12.89942,12.90158,0.00,0.00
2017.10.11 13:43:26.909,12.89941,12.90149,0.00,0.00
2017.10.11 13:43:27.648,12.89949,12.90169,0.00,0.00
2017.10.11 13:43:27.726,12.89949,12.90172,0.00,0.00
2017.10.11 13:43:28.057,12.89942,12.90172,0.00,0.00
2017.10.11 13:43:28.629,12.89941,12.90172,0.00,0.00
2017.10.11 13:43:29.375,12.89942,12.90172,0.00,0.00
2017.10.11 13:43:29.528,12.89951,12.90172,0.00,0.00
2017.10.11 13:43:29.700,12.89941,12.90172,0.00,0.00
2017.10.11 13:43:29.756,12.89971,12.90172,0.00,0.00
2017.10.11 13:43:29.907,12.89941,12.90172,0.00,0.00
2017.10.11 13:43:29.958,12.89988,12.90172,0.00,0.00
2017.10.11 13:43:30.059,12.89958,12.90172,0.00,0.00
2017.10.11 13:43:30.160,12.89932,12.90172,0.00,0.00
2017.10.11 13:43:30.412,12.89931,12.90169,0.00,0.00
2017.10.11 13:43:30.586,12.89931,12.90172,0.00,0.00
2017.10.11 13:43:30.636,12.89931,12.90169,0.00,0.00
2017.10.11 13:43:30.940,12.89948,12.90172,0.00,0.00
2017.10.11 13:43:31.091,12.89932,12.90172,0.00,0.00
2017.10.11 13:43:31.210,12.89942,12.90172,0.00,0.00
2017.10.11 13:43:31.560,12.89961,12.90172,0.00,0.00
2017.10.11 13:43:31.610,12.89951,12.90172,0.00,0.00
2017.10.11 13:43:31.661,12.89958,12.90172,0.00,0.00
2017.10.11 13:43:32.051,12.89951,12.90172,0.00,0.00
2017.10.11 13:43:32.137,12.89941,12.90172,0.00,0.00
2017.10.11 13:43:32.238,12.89952,12.90172,0.00,0.00
2017.10.11 13:43:32.802,12.89951,12.90172,0.00,0.00
2017.10.11 13:43:33.157,12.89931,12.90172,0.00,0.00
2017.10.11 13:43:33.312,12.89937,12.90172,0.00,0.00
2017.10.11 13:43:33.638,12.89956,12.90172,0.00,0.00
2017.10.11 13:43:34.115,12.89966,12.90172,0.00,0.00
2017.10.11 13:43:34.210,12.89961,12.90172,0.00,0.00
2017.10.11 13:43:34.350,12.89951,12.90172,0.00,0.00
2017.10.11 13:43:34.451,12.89931,12.90169,0.00,0.00
2017.10.11 13:43:34.528,12.89931,12.90148,0.00,0.00
2017.10.11 13:43:34.775,12.89947,12.90171,0.00,0.00
2017.10.11 13:43:35.109,12.89932,12.90172,0.00,0.00
2017.10.11 13:43:35.736,12.89936,12.90172,0.00,0.00
2017.10.11 13:43:36.105,12.89956,12.90172,0.00,0.00
2017.10.11 13:43:36.609,12.89966,12.90172,0.00,0.00
2017.10.11 13:43:36.940,12.89977,12.90172,0.00,0.00
2017.10.11 13:43:37.207,12.89971,12.90172,0.00,0.00
2017.10.11 13:43:37.535,12.89961,12.90172,0.00,0.00
2017.10.11 13:43:38.016,12.89951,12.90171,0.00,0.00
2017.10.11 13:43:38.116,12.89961,12.90171,0.00,0.00
2017.10.11 13:43:38.365,12.89942,12.90171,0.00,0.00
2017.10.11 13:43:38.467,12.89962,12.90171,0.00,0.00
2017.10.11 13:43:38.864,12.89951,12.90172,0.00,0.00
2017.10.11 13:43:38.915,12.89962,12.90172,0.00,0.00
2017.10.11 13:43:39.444,12.89952,12.90172,0.00,0.00
2017.10.11 13:43:39.545,12.89961,12.90172,0.00,0.00
2017.10.11 13:43:39.646,12.89942,12.90172,0.00,0.00
2017.10.11 13:43:39.864,12.89962,12.90172,0.00,0.00
2017.10.11 13:43:40.289,12.89971,12.90172,0.00,0.00
2017.10.11 13:43:40.515,12.89961,12.90172,0.00,0.00
2017.10.11 13:43:40.683,12.89941,12.90172,0.00,0.00
2017.10.11 13:43:40.835,12.89957,12.90172,0.00,0.00
2017.10.11 13:43:41.938,12.89957,12.90172,0.00,0.00
2017.10.11 13:43:42.240,12.89966,12.90172,0.00,0.00
2017.10.11 13:43:43.348,12.89976,12.90172,0.00,0.00
2017.10.11 13:43:44.687,12.89987,12.90172,0.00,0.00
2017.10.11 13:43:44.788,12.89981,12.90172,0.00,0.00
2017.10.11 13:43:45.264,12.90032,12.90191,0.00,0.00
2017.10.11 13:43:45.425,12.90031,12.90269,0.00,0.00
2017.10.11 13:43:46.050,12.90031,12.90271,0.00,0.00
2017.10.11 13:43:46.266,12.90031,12.90269,0.00,0.00
2017.10.11 13:43:46.686,12.90032,12.90271,0.00,0.00
2017.10.11 13:43:47.191,12.90031,12.90271,0.00,0.00
2017.10.11 13:43:47.372,12.90032,12.90268,0.00,0.00
2017.10.11 13:43:47.686,12.90031,12.90249,0.00,0.00
2017.10.11 13:43:48.481,12.90032,12.90248,0.00,0.00
2017.10.11 13:43:48.605,12.90032,12.90258,0.00,0.00
2017.10.11 13:43:48.706,12.90031,12.90269,0.00,0.00
2017.10.11 13:43:48.864,12.90052,12.90271,0.00,0.00
2017.10.11 13:43:49.186,12.90071,12.90271,0.00,0.00
2017.10.11 13:43:49.287,12.90052,12.90271,0.00,0.00
2017.10.11 13:43:50.665,12.90051,12.90271,0.00,0.00
2017.10.11 13:43:51.186,12.90052,12.90271,0.00,0.00
2017.10.11 13:43:51.287,12.90042,12.90271,0.00,0.00
2017.10.11 13:43:51.388,12.90052,12.90271,0.00,0.00
2017.10.11 13:43:51.799,12.90061,12.90262,0.00,0.00
2017.10.11 13:43:52.001,12.90061,12.90271,0.00,0.00
2017.10.11 13:43:52.109,12.90051,12.90271,0.00,0.00
2017.10.11 13:43:52.210,12.90041,12.90262,0.00,0.00
2017.10.11 13:43:52.497,12.90031,12.90262,0.00,0.00
2017.10.11 13:43:52.625,12.90042,12.90262,0.00,0.00
2017.10.11 13:43:52.801,12.90042,12.90271,0.00,0.00
2017.10.11 13:43:53.365,12.90051,12.90271,0.00,0.00
2017.10.11 13:43:53.818,12.90082,12.90271,0.00,0.00
2017.10.11 13:43:53.955,12.90072,12.90271,0.00,0.00
2017.10.11 13:43:54.157,12.90062,12.90271,0.00,0.00
2017.10.11 13:43:54.259,12.90031,12.90271,0.00,0.00
2017.10.11 13:43:54.310,12.90031,12.90261,0.00,0.00
2017.10.11 13:43:54.631,12.90061,12.90271,0.00,0.00
2017.10.11 13:43:55.155,12.90042,12.90271,0.00,0.00
2017.10.11 13:43:55.416,12.90032,12.90271,0.00,0.00
2017.10.11 13:43:56.209,12.90032,12.90262,0.00,0.00
2017.10.11 13:43:57.406,12.90031,12.90262,0.00,0.00
2017.10.11 13:43:57.711,12.90031,12.90271,0.00,0.00
2017.10.11 13:43:58.166,12.90041,12.90271,0.00,0.00
2017.10.11 13:43:58.475,12.90071,12.90271,0.00,0.00
2017.10.11 13:43:59.107,12.90072,12.90271,0.00,0.00
2017.10.11 13:43:59.262,12.90062,12.90271,0.00,0.00
2017.10.11 13:44:00.201,12.90061,12.90271,0.00,0.00
2017.10.11 13:44:00.311,12.90041,12.90271,0.00,0.00
2017.10.11 13:44:00.462,12.90041,12.90261,0.00,0.00
2017.10.11 13:44:00.512,12.90031,12.90261,0.00,0.00
2017.10.11 13:44:00.987,12.90042,12.90261,0.00,0.00
2017.10.11 13:44:01.115,12.90042,12.90271,0.00,0.00
2017.10.11 13:44:01.345,12.90031,12.90271,0.00,0.00
2017.10.11 13:44:01.746,12.90031,12.90222,0.00,0.00
2017.10.11 13:44:01.796,12.90031,12.90252,0.00,0.00
2017.10.11 13:44:01.847,12.90032,12.90241,0.00,0.00
2017.10.11 13:44:01.948,12.90032,12.90272,0.00,0.00
2017.10.11 13:44:02.327,12.90041,12.90272,0.00,0.00
2017.10.11 13:44:02.654,12.90022,12.90222,0.00,0.00
2017.10.11 13:44:02.797,12.90022,12.90242,0.00,0.00
2017.10.11 13:44:03.026,12.90032,12.90268,0.00,0.00
2017.10.11 13:44:03.127,12.89948,12.90171,0.00,0.00
2017.10.11 13:44:03.470,12.89998,12.90212,0.00,0.00
2017.10.11 13:44:03.570,12.89952,12.90172,0.00,0.00
2017.10.11 13:44:03.896,12.89942,12.90171,0.00,0.00
2017.10.11 13:44:04.421,12.89941,12.90172,0.00,0.00
2017.10.11 13:44:04.745,12.89952,12.90172,0.00,0.00
2017.10.11 13:44:05.053,12.89982,12.90172,0.00,0.00
2017.10.11 13:44:05.273,12.89942,12.90172,0.00,0.00
2017.10.11 13:44:05.805,12.89941,12.90171,0.00,0.00
2017.10.11 13:44:05.906,12.89931,12.90169,0.00,0.00
2017.10.11 13:44:05.957,12.89898,12.90078,0.00,0.00
2017.10.11 13:44:06.162,12.89891,12.90072,0.00,0.00
2017.10.11 13:44:06.262,12.89841,12.90072,0.00,0.00
2017.10.11 13:44:06.717,12.89852,12.90072,0.00,0.00
2017.10.11 13:44:06.918,12.89848,12.90072,0.00,0.00
2017.10.11 13:44:06.969,12.89841,12.90072,0.00,0.00
2017.10.11 13:44:07.506,12.89842,12.90072,0.00,0.00
2017.10.11 13:44:07.857,12.89862,12.90072,0.00,0.00
2017.10.11 13:44:08.086,12.89842,12.90072,0.00,0.00
2017.10.11 13:44:08.796,12.89841,12.90072,0.00,0.00
2017.10.11 13:44:08.973,12.89798,12.90072,0.00,0.00
2017.10.11 13:44:09.023,12.89861,12.90072,0.00,0.00
2017.10.11 13:44:09.124,12.89841,12.90072,0.00,0.00
2017.10.11 13:44:09.404,12.89851,12.90072,0.00,0.00
2017.10.11 13:44:09.812,12.89861,12.90072,0.00,0.00
2017.10.11 13:44:09.985,12.89852,12.90072,0.00,0.00
2017.10.11 13:44:10.556,12.89861,12.90072,0.00,0.00
2017.10.11 13:44:10.657,12.89931,12.90159,0.00,0.00
2017.10.11 13:44:11.007,12.89931,12.90172,0.00,0.00
2017.10.11 13:44:11.217,12.89942,12.90172,0.00,0.00
2017.10.11 13:44:11.681,12.89951,12.90172,0.00,0.00
2017.10.11 13:44:12.229,12.89942,12.90172,0.00,0.00
2017.10.11 13:44:12.330,12.89951,12.90172,0.00,0.00
2017.10.11 13:44:12.430,12.89942,12.90172,0.00,0.00
2017.10.11 13:44:12.937,12.89941,12.90172,0.00,0.00
2017.10.11 13:44:13.217,12.89932,12.90172,0.00,0.00
2017.10.11 13:44:13.389,12.89931,12.90169,0.00,0.00
2017.10.11 13:44:13.735,12.89931,12.90172,0.00,0.00
2017.10.11 13:44:14.069,12.89941,12.90171,0.00,0.00
2017.10.11 13:44:14.489,12.89961,12.90172,0.00,0.00
2017.10.11 13:44:15.027,12.89962,12.90172,0.00,0.00
2017.10.11 13:44:15.558,12.89961,12.90172,0.00,0.00
2017.10.11 13:44:16.445,12.89962,12.90172,0.00,0.00
2017.10.11 13:44:17.029,12.89961,12.90172,0.00,0.00
2017.10.11 13:44:17.787,12.89962,12.90172,0.00,0.00
2017.10.11 13:44:18.525,12.89961,12.90172,0.00,0.00
2017.10.11 13:44:18.676,12.89951,12.90172,0.00,0.00
2017.10.11 13:44:18.836,12.89941,12.90172,0.00,0.00
2017.10.11 13:44:19.298,12.89932,12.90172,0.00,0.00
2017.10.11 13:44:19.450,12.89932,12.90158,0.00,0.00
2017.10.11 13:44:19.819,12.89932,12.90071,0.00,0.00
2017.10.11 13:44:19.970,12.89931,12.90162,0.00,0.00
2017.10.11 13:44:20.071,12.89932,12.90172,0.00,0.00
2017.10.11 13:44:20.951,12.89932,12.90161,0.00,0.00
2017.10.11 13:44:21.352,12.89932,12.90168,0.00,0.00
2017.10.11 13:44:21.997,12.89921,12.90149,0.00,0.00
2017.10.11 13:44:22.222,12.89842,12.90081,0.00,0.00
2017.10.11 13:44:22.323,12.89842,12.90078,0.00,0.00
2017.10.11 13:44:22.647,12.89842,12.90068,0.00,0.00
2017.10.11 13:44:23.113,12.89841,12.90059,0.00,0.00
2017.10.11 13:44:23.437,12.89841,12.90019,0.00,0.00
2017.10.11 13:44:23.487,12.89832,12.90061,0.00,0.00
2017.10.11 13:44:23.538,12.89841,12.90061,0.00,0.00
2017.10.11 13:44:23.871,12.89851,12.90062,0.00,0.00
2017.10.11 13:44:23.972,12.89862,12.90081,0.00,0.00
2017.10.11 13:44:24.346,12.89871,12.90081,0.00,0.00
2017.10.11 13:44:24.636,12.89862,12.90081,0.00,0.00
2017.10.11 13:44:25.065,12.89852,12.90062,0.00,0.00
2017.10.11 13:44:25.659,12.89852,12.90081,0.00,0.00
2017.10.11 13:44:25.709,12.89861,12.90081,0.00,0.00
2017.10.11 13:44:26.026,12.89891,12.90081,0.00,0.00
2017.10.11 13:44:26.178,12.89921,12.90162,0.00,0.00
2017.10.11 13:44:26.560,12.89921,12.90151,0.00,0.00
2017.10.11 13:44:26.951,12.89862,12.90082,0.00,0.00
2017.10.11 13:44:27.125,12.89851,12.90072,0.00,0.00
2017.10.11 13:44:27.425,12.89841,12.90072,0.00,0.00
2017.10.11 13:44:27.617,12.89851,12.90072,0.00,0.00
2017.10.11 13:44:28.155,12.89861,12.90082,0.00,0.00
2017.10.11 13:44:28.727,12.89862,12.90082,0.00,0.00
2017.10.11 13:44:29.147,12.89862,12.90071,0.00,0.00
2017.10.11 13:44:29.265,12.89862,12.90082,0.00,0.00
2017.10.11 13:44:29.316,12.89932,12.90082,0.00,0.00
2017.10.11 13:44:29.467,12.89922,12.90158,0.00,0.00
2017.10.11 13:44:29.568,12.89921,12.90169,0.00,0.00
2017.10.11 13:44:29.618,12.89889,12.90082,0.00,0.00
2017.10.11 13:44:29.669,12.89861,12.90082,0.00,0.00
2017.10.11 13:44:29.770,12.89862,12.90072,0.00,0.00
2017.10.11 13:44:30.066,12.89862,12.90081,0.00,0.00
2017.10.11 13:44:30.167,12.89852,12.90081,0.00,0.00
2017.10.11 13:44:30.232,12.89841,12.90081,0.00,0.00
2017.10.11 13:44:30.283,12.89842,12.90072,0.00,0.00
2017.10.11 13:44:30.708,12.89841,12.90081,0.00,0.00
2017.10.11 13:44:30.759,12.89841,12.90079,0.00,0.00
2017.10.11 13:44:31.127,12.89841,12.90062,0.00,0.00
2017.10.11 13:44:31.279,12.89841,12.90069,0.00,0.00
2017.10.11 13:44:31.597,12.89831,12.90069,0.00,0.00
2017.10.11 13:44:31.698,12.89831,12.90062,0.00,0.00
2017.10.11 13:44:32.020,12.89831,12.90039,0.00,0.00
2017.10.11 13:44:32.071,12.89832,12.90058,0.00,0.00
2017.10.11 13:44:32.122,12.89842,12.90062,0.00,0.00
2017.10.11 13:44:32.323,12.89831,12.90052,0.00,0.00
2017.10.11 13:44:32.374,12.89831,12.90079,0.00,0.00
2017.10.11 13:44:32.475,12.89832,12.90052,0.00,0.00
2017.10.11 13:44:32.873,12.89832,12.90072,0.00,0.00
2017.10.11 13:44:32.946,12.89832,12.90068,0.00,0.00
2017.10.11 13:44:33.097,12.89831,12.90079,0.00,0.00
2017.10.11 13:44:34.828,12.89842,12.90081,0.00,0.00
2017.10.11 13:44:35.160,12.89861,12.90082,0.00,0.00
2017.10.11 13:44:36.077,12.89861,12.90081,0.00,0.00
2017.10.11 13:44:36.760,12.89862,12.90081,0.00,0.00
2017.10.11 13:44:37.265,12.89861,12.90082,0.00,0.00
2017.10.11 13:44:37.845,12.89862,12.90082,0.00,0.00
2017.10.11 13:44:38.154,12.89861,12.90062,0.00,0.00
2017.10.11 13:44:38.495,12.89872,12.90082,0.00,0.00
2017.10.11 13:44:38.725,12.89892,12.90082,0.00,0.00
2017.10.11 13:44:38.776,12.89881,12.90089,0.00,0.00
2017.10.11 13:44:38.876,12.89851,12.90082,0.00,0.00
2017.10.11 13:44:39.136,12.89831,12.90069,0.00,0.00
2017.10.11 13:44:39.187,12.89831,12.90072,0.00,0.00
2017.10.11 13:44:39.237,12.89831,12.90062,0.00,0.00
2017.10.11 13:44:39.553,12.89871,12.90082,0.00,0.00
2017.10.11 13:44:40.007,12.89891,12.90082,0.00,0.00
2017.10.11 13:44:40.110,12.89881,12.90082,0.00,0.00
2017.10.11 13:44:40.440,12.89841,12.90082,0.00,0.00
2017.10.11 13:44:40.491,12.89841,12.90071,0.00,0.00
2017.10.11 13:44:40.817,12.89872,12.90082,0.00,0.00
2017.10.11 13:44:41.184,12.89882,12.90082,0.00,0.00
2017.10.11 13:44:41.542,12.89872,12.90082,0.00,0.00
2017.10.11 13:44:41.792,12.89861,12.90061,0.00,0.00
2017.10.11 13:44:42.104,12.89861,12.90082,0.00,0.00
2017.10.11 13:44:42.205,12.89861,12.90071,0.00,0.00
2017.10.11 13:44:42.473,12.89871,12.90082,0.00,0.00
2017.10.11 13:44:43.010,12.89881,12.90082,0.00,0.00
2017.10.11 13:44:43.380,12.89891,12.90082,0.00,0.00
2017.10.11 13:44:43.531,12.89932,12.90148,0.00,0.00
2017.10.11 13:44:43.632,12.89931,12.90159,0.00,0.00
2017.10.11 13:44:44.025,12.89921,12.90169,0.00,0.00
2017.10.11 13:44:44.076,12.89888,12.90108,0.00,0.00
2017.10.11 13:44:44.127,12.89862,12.90088,0.00,0.00
2017.10.11 13:44:44.177,12.89882,12.90081,0.00,0.00
2017.10.11 13:44:44.427,12.89851,12.90081,0.00,0.00
2017.10.11 13:44:44.589,12.89831,12.90081,0.00,0.00
2017.10.11 13:44:44.640,12.89831,12.90062,0.00,0.00
2017.10.11 13:44:45.207,12.89831,12.90051,0.00,0.00
2017.10.11 13:44:45.499,12.89852,12.90081,0.00,0.00
2017.10.11 13:44:46.436,12.89832,12.90078,0.00,0.00
2017.10.11 13:44:46.538,12.89831,12.90052,0.00,0.00
2017.10.11 13:44:46.812,12.89832,12.90058,0.00,0.00
2017.10.11 13:44:46.913,12.89832,12.90052,0.00,0.00
2017.10.11 13:44:47.203,12.89832,12.90068,0.00,0.00
2017.10.11 13:44:47.416,12.89831,12.90059,0.00,0.00
2017.10.11 13:44:47.762,12.89831,12.90049,0.00,0.00
2017.10.11 13:44:48.736,12.89832,12.90048,0.00,0.00
2017.10.11 13:44:49.468,12.89831,12.90039,0.00,0.00
2017.10.11 13:44:49.518,12.89792,12.90032,0.00,0.00
2017.10.11 13:44:49.619,12.89792,12.90022,0.00,0.00
2017.10.11 13:44:49.821,12.89831,12.90081,0.00,0.00
2017.10.11 13:44:50.208,12.89831,12.90072,0.00,0.00
2017.10.11 13:44:50.713,12.89832,12.90072,0.00,0.00
2017.10.11 13:44:51.202,12.89841,12.90072,0.00,0.00
2017.10.11 13:44:51.703,12.89842,12.90072,0.00,0.00
2017.10.11 13:44:51.995,12.89831,12.90072,0.00,0.00
2017.10.11 13:44:52.787,12.89832,12.90072,0.00,0.00
2017.10.11 13:44:52.839,12.89851,12.90072,0.00,0.00
2017.10.11 13:44:52.890,12.89841,12.90072,0.00,0.00
2017.10.11 13:44:52.941,12.89841,12.90082,0.00,0.00
2017.10.11 13:44:53.041,12.89831,12.90079,0.00,0.00
2017.10.11 13:44:53.142,12.89831,12.90051,0.00,0.00
2017.10.11 13:44:53.445,12.89781,12.89982,0.00,0.00
2017.10.11 13:44:53.546,12.89761,12.89981,0.00,0.00
2017.10.11 13:44:53.597,12.89751,12.89981,0.00,0.00
2017.10.11 13:44:53.748,12.89751,12.89971,0.00,0.00
2017.10.11 13:44:54.360,12.89752,12.89971,0.00,0.00
2017.10.11 13:44:54.617,12.89752,12.89981,0.00,0.00
2017.10.11 13:44:54.965,12.89762,12.89981,0.00,0.00
2017.10.11 13:44:55.351,12.89762,12.89972,0.00,0.00
2017.10.11 13:44:55.419,12.89762,12.89981,0.00,0.00
2017.10.11 13:44:56.393,12.89761,12.89981,0.00,0.00
2017.10.11 13:44:57.120,12.89762,12.89981,0.00,0.00
2017.10.11 13:44:57.253,12.89831,12.89981,0.00,0.00
2017.10.11 13:44:57.354,12.89841,12.90032,0.00,0.00
2017.10.11 13:44:57.455,12.89832,12.90078,0.00,0.00
2017.10.11 13:44:57.656,12.89831,12.90081,0.00,0.00
2017.10.11 13:44:58.320,12.89832,12.90081,0.00,0.00
2017.10.11 13:44:58.385,12.89832,12.90068,0.00,0.00
2017.10.11 13:44:58.689,12.89782,12.89982,0.00,0.00
2017.10.11 13:44:58.740,12.89772,12.89982,0.00,0.00
2017.10.11 13:44:59.032,12.89782,12.89961,0.00,0.00
2017.10.11 13:44:59.606,12.89792,12.89961,0.00,0.00
2017.10.11 13:44:59.817,12.89782,12.89982,0.00,0.00
2017.10.11 13:44:59.867,12.89782,12.89972,0.00,0.00
2017.10.11 13:45:00.178,12.89782,12.90008,0.00,0.00
2017.10.11 13:45:00.229,12.89782,12.89972,0.00,0.00
2017.10.11 13:45:00.280,12.89749,12.89972,0.00,0.00
2017.10.11 13:45:00.381,12.89751,12.89992,0.00,0.00
2017.10.11 13:45:00.639,12.89762,12.90018,0.00,0.00
2017.10.11 13:45:00.748,12.89752,12.90008,0.00,0.00
2017.10.11 13:45:01.217,12.89761,12.89991,0.00,0.00
2017.10.11 13:45:01.433,12.89772,12.90011,0.00,0.00
2017.10.11 13:45:01.484,12.89761,12.90011,0.00,0.00
2017.10.11 13:45:01.587,12.89752,12.90008,0.00,0.00
2017.10.11 13:45:01.637,12.89708,12.89928,0.00,0.00
2017.10.11 13:45:01.688,12.89742,12.89972,0.00,0.00
2017.10.11 13:45:01.739,12.89742,12.89951,0.00,0.00
2017.10.11 13:45:01.840,12.89748,12.89972,0.00,0.00
2017.10.11 13:45:01.891,12.89752,12.89972,0.00,0.00
2017.10.11 13:45:02.014,12.89761,12.90009,0.00,0.00
2017.10.11 13:45:02.118,12.89772,12.90012,0.00,0.00
2017.10.11 13:45:02.278,12.89772,12.90018,0.00,0.00
2017.10.11 13:45:02.774,12.89781,12.90022,0.00,0.00
2017.10.11 13:45:03.283,12.89781,12.90012,0.00,0.00
2017.10.11 13:45:03.334,12.89771,12.90012,0.00,0.00
2017.10.11 13:45:03.439,12.89771,12.90001,0.00,0.00
2017.10.11 13:45:03.837,12.89782,12.90001,0.00,0.00
2017.10.11 13:45:03.940,12.89782,12.90022,0.00,0.00
2017.10.11 13:45:04.331,12.89791,12.90022,0.00,0.00
2017.10.11 13:45:04.381,12.89799,12.90032,0.00,0.00
2017.10.11 13:45:04.500,12.89801,12.90052,0.00,0.00
2017.10.11 13:45:04.841,12.89801,12.90041,0.00,0.00
2017.10.11 13:45:05.073,12.89802,12.90062,0.00,0.00
2017.10.11 13:45:05.315,12.89848,12.90062,0.00,0.00
2017.10.11 13:45:05.466,12.89848,12.90088,0.00,0.00
2017.10.11 13:45:05.517,12.89848,12.90092,0.00,0.00
2017.10.11 13:45:05.740,12.89851,12.90092,0.00,0.00
2017.10.11 13:45:05.790,12.89851,12.90101,0.00,0.00
2017.10.11 13:45:06.048,12.89851,12.90092,0.00,0.00
2017.10.11 13:45:06.517,12.89851,12.90082,0.00,0.00
2017.10.11 13:45:06.568,12.89851,12.90101,0.00,0.00
2017.10.11 13:45:06.619,12.89848,12.90049,0.00,0.00
2017.10.11 13:45:06.722,12.89798,12.90048,0.00,0.00
2017.10.11 13:45:06.773,12.89801,12.90011,0.00,0.00
2017.10.11 13:45:06.874,12.89802,12.90021,0.00,0.00
2017.10.11 13:45:06.975,12.89801,12.90052,0.00,0.00
2017.10.11 13:45:07.026,12.89848,12.90052,0.00,0.00
2017.10.11 13:45:07.076,12.89848,12.90079,0.00,0.00
2017.10.11 13:45:07.177,12.89848,12.90068,0.00,0.00
2017.10.11 13:45:07.228,12.89819,12.90068,0.00,0.00
2017.10.11 13:45:07.278,12.89802,12.90042,0.00,0.00
2017.10.11 13:45:07.646,12.89782,12.90001,0.00,0.00
2017.10.11 13:45:07.797,12.89762,12.90001,0.00,0.00
2017.10.11 13:45:07.848,12.89748,12.90001,0.00,0.00
2017.10.11 13:45:07.898,12.89761,12.90001,0.00,0.00
2017.10.11 13:45:07.999,12.89761,12.90019,0.00,0.00
2017.10.11 13:45:08.050,12.89761,12.90009,0.00,0.00
2017.10.11 13:45:08.553,12.89762,12.89991,0.00,0.00
2017.10.11 13:45:08.879,12.89761,12.89989,0.00,0.00
2017.10.11 13:45:09.344,12.89762,12.89991,0.00,0.00
2017.10.11 13:45:09.461,12.89762,12.89998,0.00,0.00
2017.10.11 13:45:09.513,12.89761,12.90009,0.00,0.00
2017.10.11 13:45:09.564,12.89771,12.90022,0.00,0.00
2017.10.11 13:45:09.715,12.89761,12.90019,0.00,0.00
2017.10.11 13:45:10.153,12.89762,12.90001,0.00,0.00
2017.10.11 13:45:10.754,12.89762,12.90018,0.00,0.00
2017.10.11 13:45:10.810,12.89761,12.90009,0.00,0.00
2017.10.11 13:45:11.154,12.89781,12.90022,0.00,0.00
2017.10.11 13:45:11.239,12.89771,12.90019,0.00,0.00
2017.10.11 13:45:11.340,12.89762,12.89998,0.00,0.00
2017.10.11 13:45:11.653,12.89762,12.89992,0.00,0.00
2017.10.11 13:45:11.871,12.89851,12.90091,0.00,0.00
2017.10.11 13:45:12.072,12.89849,12.90089,0.00,0.00
2017.10.11 13:45:12.364,12.89851,12.90099,0.00,0.00
2017.10.11 13:45:13.114,12.89849,12.90089,0.00,0.00
2017.10.11 13:45:13.300,12.89851,12.90092,0.00,0.00
2017.10.11 13:45:13.609,12.89851,12.90099,0.00,0.00
2017.10.11 13:45:14.245,12.89852,12.90098,0.00,0.00
2017.10.11 13:45:14.346,12.89852,12.90088,0.00,0.00
2017.10.11 13:45:14.675,12.89851,12.90079,0.00,0.00
2017.10.11 13:45:14.775,12.89851,12.90089,0.00,0.00
2017.10.11 13:45:15.510,12.89852,12.90088,0.00,0.00
2017.10.11 13:45:15.564,12.89852,12.90072,0.00,0.00
2017.10.11 13:45:16.090,12.89861,12.90061,0.00,0.00
2017.10.11 13:45:16.140,12.89851,12.90061,0.00,0.00
2017.10.11 13:45:16.191,12.89851,12.90099,0.00,0.00
2017.10.11 13:45:16.589,12.89851,12.90089,0.00,0.00
2017.10.11 13:45:16.791,12.89861,12.90102,0.00,0.00
2017.10.11 13:45:16.841,12.89852,12.90088,0.00,0.00
2017.10.11 13:45:17.304,12.89851,12.90051,0.00,0.00
2017.10.11 13:45:17.488,12.89851,12.90072,0.00,0.00
2017.10.11 13:45:17.539,12.89871,12.90072,0.00,0.00
2017.10.11 13:45:17.589,12.89871,12.90102,0.00,0.00
2017.10.11 13:45:17.759,12.89881,12.90102,0.00,0.00
2017.10.11 13:45:18.081,12.89882,12.90092,0.00,0.00
2017.10.11 13:45:18.279,12.89871,12.90092,0.00,0.00
2017.10.11 13:45:18.380,12.89872,12.90071,0.00,0.00
2017.10.11 13:45:18.578,12.89862,12.90071,0.00,0.00
2017.10.11 13:45:18.678,12.89861,12.90091,0.00,0.00
2017.10.11 13:45:18.737,12.89872,12.90091,0.00,0.00
2017.10.11 13:45:18.885,12.89861,12.90091,0.00,0.00
2017.10.11 13:45:19.089,12.89871,12.90091,0.00,0.00
2017.10.11 13:45:19.370,12.89882,12.90112,0.00,0.00
2017.10.11 13:45:19.899,12.89892,12.90112,0.00,0.00
2017.10.11 13:45:20.019,12.89892,12.90121,0.00,0.00
2017.10.11 13:45:20.308,12.89949,12.90109,0.00,0.00
2017.10.11 13:45:20.408,12.89861,12.90099,0.00,0.00
2017.10.11 13:45:20.509,12.89862,12.90092,0.00,0.00
2017.10.11 13:45:21.075,12.89862,12.90108,0.00,0.00
2017.10.11 13:45:21.238,12.89862,12.90098,0.00,0.00
2017.10.11 13:45:21.618,12.89862,12.90091,0.00,0.00
2017.10.11 13:45:21.719,12.89862,12.90108,0.00,0.00
2017.10.11 13:45:22.108,12.89862,12.90098,0.00,0.00
2017.10.11 13:45:22.369,12.89861,12.90102,0.00,0.00
2017.10.11 13:45:22.420,12.89861,12.90109,0.00,0.00
2017.10.11 13:45:22.521,12.89861,12.90099,0.00,0.00
2017.10.11 13:45:22.837,12.89862,12.90091,0.00,0.00
2017.10.11 13:45:22.887,12.89862,12.90098,0.00,0.00
2017.10.11 13:45:22.988,12.89861,12.90091,0.00,0.00
2017.10.11 13:45:23.761,12.89862,12.90091,0.00,0.00
2017.10.11 13:45:24.270,12.89861,12.90091,0.00,0.00
2017.10.11 13:45:24.321,12.89861,12.90109,0.00,0.00
2017.10.11 13:45:24.909,12.89862,12.90108,0.00,0.00
2017.10.11 13:45:25.384,12.89861,12.90091,0.00,0.00
2017.10.11 13:45:25.685,12.89861,12.90101,0.00,0.00
2017.10.11 13:45:26.588,12.89871,12.90112,0.00,0.00
2017.10.11 13:45:26.688,12.89871,12.90119,0.00,0.00
2017.10.11 13:45:26.961,12.89882,12.90122,0.00,0.00
2017.10.11 13:45:27.309,12.89861,12.90109,0.00,0.00
2017.10.11 13:45:27.387,12.89861,12.90082,0.00,0.00
2017.10.11 13:45:27.688,12.89862,12.90098,0.00,0.00
2017.10.11 13:45:28.079,12.89861,12.90079,0.00,0.00
2017.10.11 13:45:28.364,12.89861,12.90082,0.00,0.00
2017.10.11 13:45:28.490,12.89862,12.90108,0.00,0.00
2017.10.11 13:45:29.388,12.89862,12.90098,0.00,0.00
2017.10.11 13:45:30.019,12.89861,12.90089,0.00,0.00
2017.10.11 13:45:30.353,12.89862,12.90081,0.00,0.00
2017.10.11 13:45:30.830,12.89861,12.90099,0.00,0.00
2017.10.11 13:45:30.881,12.89862,12.90108,0.00,0.00
2017.10.11 13:45:31.077,12.89871,12.90119,0.00,0.00
2017.10.11 13:45:31.304,12.89881,12.90122,0.00,0.00
2017.10.11 13:45:31.758,12.89891,12.90122,0.00,0.00
2017.10.11 13:45:32.073,12.89898,12.90099,0.00,0.00
2017.10.11 13:45:32.123,12.89862,12.90098,0.00,0.00
2017.10.11 13:45:32.174,12.89872,12.90118,0.00,0.00
2017.10.11 13:45:32.224,12.89861,12.90101,0.00,0.00
2017.10.11 13:45:32.528,12.89862,12.90081,0.00,0.00
2017.10.11 13:45:32.858,12.89862,12.90072,0.00,0.00
2017.10.11 13:45:32.909,12.89852,12.90088,0.00,0.00
2017.10.11 13:45:33.010,12.89862,12.90108,0.00,0.00
2017.10.11 13:45:33.069,12.89852,12.90098,0.00,0.00
2017.10.11 13:45:33.457,12.89851,12.90072,0.00,0.00
2017.10.11 13:45:33.984,12.89852,12.90072,0.00,0.00
2017.10.11 13:45:34.605,12.89851,12.90072,0.00,0.00
2017.10.11 13:45:34.715,12.89861,12.90091,0.00,0.00
2017.10.11 13:45:34.765,12.89872,12.90091,0.00,0.00
2017.10.11 13:45:34.816,12.89851,12.90089,0.00,0.00
2017.10.11 13:45:35.101,12.89851,12.90072,0.00,0.00
2017.10.11 13:45:35.432,12.89852,12.90068,0.00,0.00
2017.10.11 13:45:35.633,12.89851,12.90079,0.00,0.00
2017.10.11 13:45:36.000,12.89851,12.90081,0.00,0.00
2017.10.11 13:45:36.408,12.89852,12.90098,0.00,0.00
2017.10.11 13:45:36.509,12.89852,12.90088,0.00,0.00
2017.10.11 13:45:36.927,12.89851,12.90081,0.00,0.00
2017.10.11 13:45:37.679,12.89852,12.90081,0.00,0.00
2017.10.11 13:45:38.201,12.89851,12.90081,0.00,0.00
2017.10.11 13:45:38.530,12.89899,12.90098,0.00,0.00
2017.10.11 13:45:38.581,12.89899,12.90131,0.00,0.00
2017.10.11 13:45:38.681,12.89862,12.90108,0.00,0.00
2017.10.11 13:45:38.732,12.89861,12.90071,0.00,0.00
2017.10.11 13:45:38.929,12.89851,12.90071,0.00,0.00
2017.10.11 13:45:39.123,12.89848,12.90061,0.00,0.00
2017.10.11 13:45:39.519,12.89848,12.90052,0.00,0.00
2017.10.11 13:45:40.178,12.89899,12.90052,0.00,0.00
2017.10.11 13:45:40.237,12.89899,12.90129,0.00,0.00
2017.10.11 13:45:40.288,12.89858,12.90109,0.00,0.00
2017.10.11 13:45:40.339,12.89851,12.90099,0.00,0.00
2017.10.11 13:45:40.836,12.89851,12.90072,0.00,0.00
2017.10.11 13:45:40.887,12.89848,12.90072,0.00,0.00
2017.10.11 13:45:41.021,12.89848,12.90062,0.00,0.00
2017.10.11 13:45:41.861,12.89848,12.90058,0.00,0.00
2017.10.11 13:45:42.163,12.89842,12.90018,0.00,0.00
2017.10.11 13:45:42.214,12.89781,12.90022,0.00,0.00
2017.10.11 13:45:42.265,12.89772,12.90011,0.00,0.00
2017.10.11 13:45:42.602,12.89772,12.89992,0.00,0.00
2017.10.11 13:45:42.734,12.89781,12.90022,0.00,0.00
2017.10.11 13:45:42.835,12.89782,12.90018,0.00,0.00
2017.10.11 13:45:43.002,12.89781,12.90022,0.00,0.00
2017.10.11 13:45:43.116,12.89801,12.90022,0.00,0.00
2017.10.11 13:45:43.386,12.89789,12.90021,0.00,0.00
2017.10.11 13:45:43.437,12.89751,12.89991,0.00,0.00
2017.10.11 13:45:43.577,12.89752,12.89988,0.00,0.00
2017.10.11 13:45:43.889,12.89751,12.89981,0.00,0.00
2017.10.11 13:45:43.940,12.89751,12.89999,0.00,0.00
2017.10.11 13:45:44.256,12.89751,12.89982,0.00,0.00
2017.10.11 13:45:44.824,12.89751,12.89999,0.00,0.00
2017.10.11 13:45:45.020,12.89751,12.89992,0.00,0.00
2017.10.11 13:45:45.581,12.89761,12.89992,0.00,0.00
2017.10.11 13:45:45.914,12.89848,12.90068,0.00,0.00
2017.10.11 13:45:45.968,12.89848,12.90078,0.00,0.00
2017.10.11 13:45:46.019,12.89842,12.90022,0.00,0.00
2017.10.11 13:45:46.120,12.89809,12.90022,0.00,0.00
2017.10.11 13:45:46.221,12.89758,12.90018,0.00,0.00
2017.10.11 13:45:46.323,12.89751,12.89992,0.00,0.00
2017.10.11 13:45:46.638,12.89762,12.89992,0.00,0.00
2017.10.11 13:45:46.746,12.89772,12.90012,0.00,0.00
2017.10.11 13:45:46.824,12.89772,12.90022,0.00,0.00
2017.10.11 13:45:46.875,12.89792,12.90022,0.00,0.00
2017.10.11 13:45:47.188,12.89801,12.90022,0.00,0.00
2017.10.11 13:45:47.239,12.89792,12.90022,0.00,0.00
2017.10.11 13:45:47.559,12.89791,12.90012,0.00,0.00
2017.10.11 13:45:47.790,12.89762,12.89992,0.00,0.00
2017.10.11 13:45:48.158,12.89761,12.90001,0.00,0.00
2017.10.11 13:45:48.209,12.89832,12.90001,0.00,0.00
2017.10.11 13:45:48.260,12.89841,12.90031,0.00,0.00
2017.10.11 13:45:48.361,12.89848,12.90099,0.00,0.00
2017.10.11 13:45:48.579,12.89851,12.90102,0.00,0.00
2017.10.11 13:45:48.629,12.89851,12.90109,0.00,0.00
2017.10.11 13:45:48.680,12.89848,12.90059,0.00,0.00
2017.10.11 13:45:49.068,12.89848,12.90052,0.00,0.00
2017.10.11 13:45:49.929,12.89848,12.90051,0.00,0.00
2017.10.11 13:45:51.120,12.89852,12.90051,0.00,0.00
2017.10.11 13:45:51.170,12.89848,12.90069,0.00,0.00
2017.10.11 13:45:51.221,12.89819,12.90039,0.00,0.00
2017.10.11 13:45:51.271,12.89798,12.90029,0.00,0.00
2017.10.11 13:45:51.354,12.89798,12.90001,0.00,0.00
2017.10.11 13:45:51.455,12.89801,12.90031,0.00,0.00
2017.10.11 13:45:51.506,12.89791,12.90031,0.00,0.00
2017.10.11 13:45:51.607,12.89768,12.90009,0.00,0.00
2017.10.11 13:45:51.658,12.89761,12.90002,0.00,0.00
2017.10.11 13:45:51.948,12.89772,12.90018,0.00,0.00
2017.10.11 13:45:51.999,12.89761,12.90019,0.00,0.00
2017.10.11 13:45:52.050,12.89762,12.90002,0.00,0.00
2017.10.11 13:45:52.435,12.89761,12.89999,0.00,0.00
2017.10.11 13:45:52.739,12.89761,12.89989,0.00,0.00
2017.10.11 13:45:53.049,12.89762,12.89978,0.00,0.00
2017.10.11 13:45:53.698,12.89761,12.89979,0.00,0.00
2017.10.11 13:45:53.748,12.89759,12.89978,0.00,0.00
2017.10.11 13:45:54.301,12.89759,12.89979,0.00,0.00
2017.10.11 13:45:54.589,12.89759,12.89969,0.00,0.00
2017.10.11 13:45:54.821,12.89759,12.89979,0.00,0.00
2017.10.11 13:45:55.022,12.89759,12.89989,0.00,0.00
2017.10.11 13:45:55.692,12.89759,12.89988,0.00,0.00
2017.10.11 13:45:55.793,12.89842,12.90022,0.00,0.00
2017.10.11 13:45:55.944,12.89858,12.90069,0.00,0.00
2017.10.11 13:45:56.215,12.89858,12.90081,0.00,0.00
2017.10.11 13:45:56.266,12.89858,12.90108,0.00,0.00
2017.10.11 13:45:56.381,12.89861,12.90111,0.00,0.00
2017.10.11 13:45:57.228,12.89862,12.90111,0.00,0.00
2017.10.11 13:45:57.616,12.89871,12.90111,0.00,0.00
2017.10.11 13:45:58.071,12.89872,12.90122,0.00,0.00
2017.10.11 13:45:58.123,12.89861,12.90119,0.00,0.00
2017.10.11 13:45:58.274,12.89861,12.90091,0.00,0.00
2017.10.11 13:45:58.346,12.89861,12.90101,0.00,0.00
2017.10.11 13:45:59.681,12.89858,12.90099,0.00,0.00
2017.10.11 13:45:59.781,12.89858,12.90092,0.00,0.00
2017.10.11 13:46:00.102,12.89958,12.90189,0.00,0.00
2017.10.11 13:46:00.470,12.89958,12.90162,0.00,0.00
2017.10.11 13:46:00.691,12.89958,12.90188,0.00,0.00
2017.10.11 13:46:00.850,12.89961,12.90191,0.00,0.00
2017.10.11 13:46:01.160,12.89958,12.90191,0.00,0.00
2017.10.11 13:46:01.211,12.89961,12.90191,0.00,0.00
2017.10.11 13:46:01.353,12.89971,12.90202,0.00,0.00
2017.10.11 13:46:01.404,12.89961,12.90202,0.00,0.00
2017.10.11 13:46:01.534,12.89958,12.90188,0.00,0.00
2017.10.11 13:46:02.168,12.89958,12.90189,0.00,0.00
2017.10.11 13:46:02.412,12.89958,12.90191,0.00,0.00
2017.10.11 13:46:02.463,12.89958,12.90171,0.00,0.00
2017.10.11 13:46:02.577,12.89958,12.90198,0.00,0.00
2017.10.11 13:46:02.628,12.89962,12.90201,0.00,0.00
2017.10.11 13:46:03.074,12.89962,12.90191,0.00,0.00
2017.10.11 13:46:03.637,12.89972,12.90191,0.00,0.00
2017.10.11 13:46:03.688,12.89958,12.90189,0.00,0.00
2017.10.11 13:46:03.839,12.89958,12.90178,0.00,0.00
2017.10.11 13:46:04.345,12.89958,12.90179,0.00,0.00
2017.10.11 13:46:04.859,12.89958,12.90169,0.00,0.00
2017.10.11 13:46:05.133,12.89958,12.90178,0.00,0.00
2017.10.11 13:46:05.184,12.89971,12.90202,0.00,0.00
2017.10.11 13:46:05.235,12.89961,12.90202,0.00,0.00
2017.10.11 13:46:05.383,12.89958,12.90199,0.00,0.00
2017.10.11 13:46:05.994,12.89958,12.90172,0.00,0.00
2017.10.11 13:46:07.283,12.89958,12.90199,0.00,0.00
2017.10.11 13:46:07.586,12.89958,12.90188,0.00,0.00
2017.10.11 13:46:07.974,12.89958,12.90171,0.00,0.00
2017.10.11 13:46:08.168,12.89958,12.90189,0.00,0.00
2017.10.11 13:46:08.269,12.89958,12.90168,0.00,0.00
2017.10.11 13:46:08.480,12.89958,12.90172,0.00,0.00
2017.10.11 13:46:08.580,12.89958,12.90179,0.00,0.00
2017.10.11 13:46:08.700,12.89958,12.90161,0.00,0.00
2017.10.11 13:46:08.911,12.89962,12.90181,0.00,0.00
2017.10.11 13:46:08.966,12.89962,12.90202,0.00,0.00
2017.10.11 13:46:09.067,12.89958,12.90199,0.00,0.00
2017.10.11 13:46:09.169,12.89958,12.90172,0.00,0.00
2017.10.11 13:46:09.509,12.89958,12.90181,0.00,0.00
2017.10.11 13:46:09.610,12.89958,12.90199,0.00,0.00
2017.10.11 13:46:09.872,12.89961,12.90201,0.00,0.00
2017.10.11 13:46:10.244,12.89958,12.90199,0.00,0.00
2017.10.11 13:46:10.395,12.89972,12.90172,0.00,0.00
2017.10.11 13:46:10.445,12.89958,12.90172,0.00,0.00
2017.10.11 13:46:10.496,12.89958,12.90179,0.00,0.00
2017.10.11 13:46:10.597,12.89958,12.90198,0.00,0.00
2017.10.11 13:46:11.259,12.89958,12.90199,0.00,0.00
2017.10.11 13:46:11.360,12.89958,12.90178,0.00,0.00
2017.10.11 13:46:11.703,12.89958,12.90172,0.00,0.00
2017.10.11 13:46:12.071,12.89958,12.90158,0.00,0.00
2017.10.11 13:46:12.509,12.89958,12.90161,0.00,0.00
2017.10.11 13:46:12.673,12.89958,12.90178,0.00,0.00
2017.10.11 13:46:12.790,12.89958,12.90188,0.00,0.00
2017.10.11 13:46:12.924,12.89958,12.90161,0.00,0.00
2017.10.11 13:46:12.974,12.89958,12.90169,0.00,0.00
2017.10.11 13:46:13.025,12.89958,12.90159,0.00,0.00
2017.10.11 13:46:13.126,12.89958,12.90162,0.00,0.00
2017.10.11 13:46:13.249,12.89958,12.90192,0.00,0.00
2017.10.11 13:46:13.369,12.89958,12.90189,0.00,0.00
2017.10.11 13:46:13.537,12.89958,12.90198,0.00,0.00
2017.10.11 13:46:13.649,12.89962,12.90201,0.00,0.00
2017.10.11 13:46:13.963,12.89958,12.90179,0.00,0.00
2017.10.11 13:46:14.305,12.89958,12.90168,0.00,0.00
2017.10.11 13:46:14.506,12.89962,12.90191,0.00,0.00
2017.10.11 13:46:14.607,12.89961,12.90201,0.00,0.00
2017.10.11 13:46:14.821,12.89962,12.90191,0.00,0.00
2017.10.11 13:46:14.957,12.89958,12.90191,0.00,0.00
2017.10.11 13:46:15.118,12.89958,12.90189,0.00,0.00
2017.10.11 13:46:15.420,12.89958,12.90148,0.00,0.00
2017.10.11 13:46:15.521,12.89958,12.90152,0.00,0.00
2017.10.11 13:46:15.572,12.89908,12.90149,0.00,0.00
2017.10.11 13:46:15.673,12.89881,12.90131,0.00,0.00
2017.10.11 13:46:15.724,12.89861,12.90109,0.00,0.00
2017.10.11 13:46:16.073,12.89861,12.90089,0.00,0.00
2017.10.11 13:46:16.124,12.89861,12.90092,0.00,0.00
2017.10.11 13:46:16.225,12.89862,12.90088,0.00,0.00
2017.10.11 13:46:16.326,12.89862,12.90092,0.00,0.00
2017.10.11 13:46:16.581,12.89861,12.90099,0.00,0.00
2017.10.11 13:46:16.682,12.89862,12.90088,0.00,0.00
2017.10.11 13:46:17.098,12.89859,12.90069,0.00,0.00
2017.10.11 13:46:17.249,12.89809,12.90029,0.00,0.00
2017.10.11 13:46:17.300,12.89809,12.89998,0.00,0.00
2017.10.11 13:46:17.350,12.89779,12.89999,0.00,0.00
2017.10.11 13:46:17.401,12.89761,12.89992,0.00,0.00
2017.10.11 13:46:17.750,12.89761,12.89999,0.00,0.00
2017.10.11 13:46:17.801,12.89761,12.89989,0.00,0.00
2017.10.11 13:46:18.139,12.89758,12.89938,0.00,0.00
2017.10.11 13:46:18.240,12.89758,12.89958,0.00,0.00
2017.10.11 13:46:18.341,12.89761,12.89982,0.00,0.00
2017.10.11 13:46:18.391,12.89761,12.90009,0.00,0.00
2017.10.11 13:46:18.751,12.89758,12.89998,0.00,0.00
2017.10.11 13:46:19.054,12.89708,12.89939,0.00,0.00
2017.10.11 13:46:19.205,12.89682,12.89918,0.00,0.00
2017.10.11 13:46:19.255,12.89691,12.89922,0.00,0.00
2017.10.11 13:46:19.391,12.89691,12.89931,0.00,0.00
2017.10.11 13:46:19.764,12.89681,12.89929,0.00,0.00
2017.10.11 13:46:19.880,12.89691,12.89931,0.00,0.00
2017.10.11 13:46:20.199,12.89709,12.89939,0.00,0.00
2017.10.11 13:46:20.250,12.89701,12.89932,0.00,0.00
2017.10.11 13:46:20.395,12.89712,12.89932,0.00,0.00
2017.10.11 13:46:20.517,12.89701,12.89931,0.00,0.00
2017.10.11 13:46:20.568,12.89758,12.89931,0.00,0.00
2017.10.11 13:46:20.719,12.89759,12.89968,0.00,0.00
2017.10.11 13:46:20.829,12.89759,12.89979,0.00,0.00
2017.10.11 13:46:20.949,12.89759,12.89989,0.00,0.00
2017.10.11 13:46:21.049,12.89759,12.89999,0.00,0.00
2017.10.11 13:46:21.100,12.89759,12.89988,0.00,0.00
2017.10.11 13:46:21.522,12.89759,12.89999,0.00,0.00
2017.10.11 13:46:21.732,12.89759,12.90008,0.00,0.00
2017.10.11 13:46:21.883,12.89759,12.89989,0.00,0.00
2017.10.11 13:46:22.092,12.89762,12.90008,0.00,0.00
2017.10.11 13:46:22.142,12.89761,12.90001,0.00,0.00
2017.10.11 13:46:22.205,12.89761,12.90009,0.00,0.00
2017.10.11 13:46:22.255,12.89759,12.89998,0.00,0.00
2017.10.11 13:46:22.672,12.89759,12.89978,0.00,0.00
2017.10.11 13:46:22.948,12.89759,12.89989,0.00,0.00
2017.10.11 13:46:23.188,12.89759,12.89999,0.00,0.00
2017.10.11 13:46:23.340,12.89761,12.90009,0.00,0.00
2017.10.11 13:46:23.391,12.89792,12.90031,0.00,0.00
2017.10.11 13:46:23.694,12.89812,12.90031,0.00,0.00
2017.10.11 13:46:24.041,12.89821,12.90022,0.00,0.00
2017.10.11 13:46:24.114,12.89821,12.90031,0.00,0.00
2017.10.11 13:46:24.165,12.89811,12.90031,0.00,0.00
2017.10.11 13:46:24.266,12.89802,12.90031,0.00,0.00
2017.10.11 13:46:24.421,12.89811,12.90031,0.00,0.00
2017.10.11 13:46:25.128,12.89821,12.90031,0.00,0.00
2017.10.11 13:46:25.330,12.89841,12.90069,0.00,0.00
2017.10.11 13:46:25.380,12.89809,12.90029,0.00,0.00
2017.10.11 13:46:25.431,12.89798,12.90032,0.00,0.00
2017.10.11 13:46:25.568,12.89791,12.90022,0.00,0.00
2017.10.11 13:46:25.621,12.89791,12.90031,0.00,0.00
2017.10.11 13:46:25.722,12.89791,12.90022,0.00,0.00
2017.10.11 13:46:26.019,12.89772,12.90022,0.00,0.00
2017.10.11 13:46:26.302,12.89772,12.90031,0.00,0.00
2017.10.11 13:46:26.577,12.89781,12.90031,0.00,0.00
2017.10.11 13:46:26.894,12.89781,12.90012,0.00,0.00
2017.10.11 13:46:27.068,12.89782,12.90021,0.00,0.00
2017.10.11 13:46:27.126,12.89782,12.90031,0.00,0.00
2017.10.11 13:46:27.427,12.89782,12.90022,0.00,0.00
2017.10.11 13:46:27.677,12.89771,12.90022,0.00,0.00
2017.10.11 13:46:27.798,12.89762,12.90018,0.00,0.00
2017.10.11 13:46:27.849,12.89762,12.90002,0.00,0.00
2017.10.11 13:46:28.413,12.89761,12.90002,0.00,0.00
2017.10.11 13:46:28.678,12.89771,12.90029,0.00,0.00
2017.10.11 13:46:28.881,12.89859,12.90031,0.00,0.00
2017.10.11 13:46:28.982,12.89791,12.90002,0.00,0.00
2017.10.11 13:46:29.033,12.89781,12.90032,0.00,0.00
2017.10.11 13:46:29.134,12.89792,12.90032,0.00,0.00
2017.10.11 13:46:29.501,12.89791,12.90011,0.00,0.00
2017.10.11 13:46:29.552,12.89791,12.90031,0.00,0.00
2017.10.11 13:46:30.089,12.89791,12.90032,0.00,0.00
2017.10.11 13:46:30.363,12.89782,12.90032,0.00,0.00
2017.10.11 13:46:30.413,12.89791,12.90032,0.00,0.00
2017.10.11 13:46:30.741,12.89858,12.90078,0.00,0.00
2017.10.11 13:46:30.900,12.89842,12.90078,0.00,0.00
2017.10.11 13:46:30.951,12.89809,12.90008,0.00,0.00
2017.10.11 13:46:31.001,12.89809,12.90019,0.00,0.00
2017.10.11 13:46:31.052,12.89762,12.90008,0.00,0.00
2017.10.11 13:46:31.152,12.89762,12.89992,0.00,0.00
2017.10.11 13:46:31.339,12.89761,12.90019,0.00,0.00
2017.10.11 13:46:31.540,12.89762,12.89991,0.00,0.00
2017.10.11 13:46:31.840,12.89761,12.90019,0.00,0.00
2017.10.11 13:46:32.062,12.89761,12.89992,0.00,0.00
2017.10.11 13:46:32.380,12.89808,12.89992,0.00,0.00
2017.10.11 13:46:32.431,12.89808,12.90061,0.00,0.00
2017.10.11 13:46:32.481,12.89779,12.90019,0.00,0.00
2017.10.11 13:46:32.643,12.89761,12.90002,0.00,0.00
2017.10.11 13:46:33.144,12.89761,12.90012,0.00,0.00
2017.10.11 13:46:33.280,12.89761,12.90009,0.00,0.00
2017.10.11 13:46:33.600,12.89761,12.89959,0.00,0.00
2017.10.11 13:46:34.131,12.89761,12.89969,0.00,0.00
2017.10.11 13:46:34.232,12.89762,12.89978,0.00,0.00
2017.10.11 13:46:34.602,12.89762,12.89988,0.00,0.00
2017.10.11 13:46:35.187,12.89761,12.89989,0.00,0.00
2017.10.11 13:46:35.679,12.89762,12.89998,0.00,0.00
2017.10.11 13:46:35.729,12.89761,12.89989,0.00,0.00
2017.10.11 13:46:36.151,12.89761,12.89971,0.00,0.00
2017.10.11 13:46:36.451,12.89761,12.89989,0.00,0.00
2017.10.11 13:46:36.583,12.89761,12.89982,0.00,0.00
2017.10.11 13:46:36.958,12.89761,12.89992,0.00,0.00
2017.10.11 13:46:37.708,12.89762,12.89992,0.00,0.00
2017.10.11 13:46:38.054,12.89761,12.90009,0.00,0.00
2017.10.11 13:46:38.178,12.89761,12.90011,0.00,0.00
2017.10.11 13:46:38.279,12.89762,12.90008,0.00,0.00
2017.10.11 13:46:38.355,12.89762,12.90011,0.00,0.00
2017.10.11 13:46:38.756,12.89761,12.90002,0.00,0.00
2017.10.11 13:46:39.157,12.89761,12.90019,0.00,0.00
2017.10.11 13:46:39.553,12.89771,12.90021,0.00,0.00
2017.10.11 13:46:39.899,12.89762,12.89988,0.00,0.00
2017.10.11 13:46:39.950,12.89762,12.89998,0.00,0.00
2017.10.11 13:46:40.000,12.89762,12.89981,0.00,0.00
2017.10.11 13:46:40.159,12.89762,12.90008,0.00,0.00
2017.10.11 13:46:40.676,12.89761,12.90009,0.00,0.00
2017.10.11 13:46:40.742,12.89771,12.90019,0.00,0.00
2017.10.11 13:46:40.960,12.89781,12.90031,0.00,0.00
2017.10.11 13:46:41.255,12.89792,12.90031,0.00,0.00
2017.10.11 13:46:41.471,12.89808,12.90061,0.00,0.00
2017.10.11 13:46:41.790,12.89858,12.90031,0.00,0.00
2017.10.11 13:46:41.891,12.89858,12.90069,0.00,0.00
2017.10.11 13:46:41.941,12.89809,12.90019,0.00,0.00
2017.10.11 13:46:42.092,12.89759,12.89979,0.00,0.00
2017.10.11 13:46:42.193,12.89759,12.89981,0.00,0.00
2017.10.11 13:46:42.395,12.89759,12.89999,0.00,0.00
2017.10.11 13:46:42.634,12.89759,12.89972,0.00,0.00
2017.10.11 13:46:42.685,12.89759,12.89998,0.00,0.00
2017.10.11 13:46:42.964,12.89759,12.89991,0.00,0.00
2017.10.11 13:46:43.271,12.89759,12.89969,0.00,0.00
2017.10.11 13:46:43.372,12.89759,12.89972,0.00,0.00
2017.10.11 13:46:44.069,12.89759,12.89978,0.00,0.00
2017.10.11 13:46:44.170,12.89759,12.89971,0.00,0.00
2017.10.11 13:46:44.568,12.89759,12.89979,0.00,0.00
2017.10.11 13:46:45.099,12.89759,12.89969,0.00,0.00
2017.10.11 13:46:45.401,12.89759,12.89998,0.00,0.00
2017.10.11 13:46:45.452,12.89759,12.89988,0.00,0.00
2017.10.11 13:46:45.754,12.89759,12.89972,0.00,0.00
2017.10.11 13:46:45.804,12.89759,12.89989,0.00,0.00
2017.10.11 13:46:46.100,12.89759,12.89999,0.00,0.00
2017.10.11 13:46:47.173,12.89759,12.89991,0.00,0.00
2017.10.11 13:46:47.429,12.89759,12.89999,0.00,0.00
2017.10.11 13:46:47.828,12.89759,12.89989,0.00,0.00
2017.10.11 13:46:48.247,12.89759,12.89971,0.00,0.00
2017.10.11 13:46:49.479,12.89759,12.89989,0.00,0.00
2017.10.11 13:46:49.600,12.89759,12.89979,0.00,0.00
2017.10.11 13:46:49.980,12.89759,12.89988,0.00,0.00
2017.10.11 13:46:50.289,12.89761,12.90002,0.00,0.00
2017.10.11 13:46:50.465,12.89771,12.90002,0.00,0.00
2017.10.11 13:46:50.767,12.89759,12.89989,0.00,0.00
2017.10.11 13:46:51.074,12.89759,12.89982,0.00,0.00
2017.10.11 13:46:51.409,12.89759,12.89979,0.00,0.00
2017.10.11 13:46:51.696,12.89759,12.89988,0.00,0.00
2017.10.11 13:46:51.798,12.89759,12.89979,0.00,0.00
2017.10.11 13:46:52.100,12.89759,12.89948,0.00,0.00
2017.10.11 13:46:52.335,12.89698,12.89931,0.00,0.00
2017.10.11 13:46:52.391,12.89692,12.89902,0.00,0.00
2017.10.11 13:46:52.591,12.89691,12.89931,0.00,0.00
2017.10.11 13:46:53.091,12.89681,12.89929,0.00,0.00
2017.10.11 13:46:53.229,12.89682,12.89892,0.00,0.00
2017.10.11 13:46:53.430,12.89682,12.89902,0.00,0.00
2017.10.11 13:46:53.544,12.89661,12.89902,0.00,0.00
2017.10.11 13:46:53.595,12.89661,12.89892,0.00,0.00
2017.10.11 13:46:53.907,12.89672,12.89892,0.00,0.00
2017.10.11 13:46:54.008,12.89681,12.89929,0.00,0.00
2017.10.11 13:46:54.496,12.89659,12.89899,0.00,0.00
2017.10.11 13:46:54.798,12.89758,12.89968,0.00,0.00
2017.10.11 13:46:54.920,12.89758,12.89979,0.00,0.00
2017.10.11 13:46:54.971,12.89708,12.89919,0.00,0.00
2017.10.11 13:46:55.072,12.89681,12.89932,0.00,0.00
2017.10.11 13:46:55.122,12.89681,12.89892,0.00,0.00
2017.10.11 13:46:55.223,12.89682,12.89901,0.00,0.00
2017.10.11 13:46:55.324,12.89682,12.89932,0.00,0.00
2017.10.11 13:46:55.425,12.89682,12.89902,0.00,0.00
2017.10.11 13:46:56.026,12.89681,12.89902,0.00,0.00
2017.10.11 13:46:56.242,12.89708,12.89961,0.00,0.00
2017.10.11 13:46:56.292,12.89741,12.89961,0.00,0.00
2017.10.11 13:46:56.628,12.89758,12.89971,0.00,0.00
2017.10.11 13:46:56.830,12.89758,12.89992,0.00,0.00
2017.10.11 13:46:56.931,12.89758,12.89999,0.00,0.00
2017.10.11 13:46:57.097,12.89758,12.90002,0.00,0.00
2017.10.11 13:46:57.605,12.89758,12.90001,0.00,0.00
2017.10.11 13:46:57.655,12.89758,12.89991,0.00,0.00
2017.10.11 13:46:57.807,12.89761,12.90019,0.00,0.00
2017.10.11 13:46:58.068,12.89758,12.89999,0.00,0.00
2017.10.11 13:46:58.447,12.89758,12.89959,0.00,0.00
2017.10.11 13:46:58.588,12.89758,12.89969,0.00,0.00
2017.10.11 13:46:58.689,12.89758,12.89972,0.00,0.00
2017.10.11 13:46:58.740,12.89758,12.89981,0.00,0.00
2017.10.11 13:46:58.841,12.89758,12.89989,0.00,0.00
2017.10.11 13:46:59.097,12.89758,12.89999,0.00,0.00
2017.10.11 13:46:59.317,12.89758,12.89989,0.00,0.00
2017.10.11 13:46:59.676,12.89758,12.89971,0.00,0.00
2017.10.11 13:46:59.847,12.89758,12.89999,0.00,0.00
2017.10.11 13:47:00.140,12.89758,12.90008,0.00,0.00
2017.10.11 13:47:00.241,12.89762,12.90011,0.00,0.00
2017.10.11 13:47:00.342,12.89758,12.90009,0.00,0.00
2017.10.11 13:47:00.454,12.89758,12.89971,0.00,0.00
2017.10.11 13:47:00.818,12.89758,12.89989,0.00,0.00
2017.10.11 13:47:01.648,12.89758,12.89972,0.00,0.00
2017.10.11 13:47:02.067,12.89758,12.89989,0.00,0.00
2017.10.11 13:47:02.531,12.89758,12.89991,0.00,0.00
2017.10.11 13:47:02.632,12.89758,12.89999,0.00,0.00
2017.10.11 13:47:02.733,12.89761,12.90002,0.00,0.00
2017.10.11 13:47:03.120,12.89761,12.89991,0.00,0.00
2017.10.11 13:47:03.429,12.89758,12.89972,0.00,0.00
2017.10.11 13:47:04.473,12.89758,12.89969,0.00,0.00
2017.10.11 13:47:04.780,12.89758,12.89959,0.00,0.00
2017.10.11 13:47:04.830,12.89762,12.89972,0.00,0.00
2017.10.11 13:47:04.973,12.89758,12.89989,0.00,0.00
2017.10.11 13:47:05.024,12.89758,12.89979,0.00,0.00
2017.10.11 13:47:05.355,12.89758,12.89992,0.00,0.00
2017.10.11 13:47:05.607,12.89758,12.89988,0.00,0.00
2017.10.11 13:47:05.978,12.89758,12.89972,0.00,0.00
2017.10.11 13:47:06.438,12.89758,12.89962,0.00,0.00
2017.10.11 13:47:06.959,12.89758,12.89982,0.00,0.00
2017.10.11 13:47:07.060,12.89761,12.90002,0.00,0.00
2017.10.11 13:47:07.231,12.89761,12.89992,0.00,0.00
2017.10.11 13:47:07.281,12.89758,12.89992,0.00,0.00
2017.10.11 13:47:07.332,12.89758,12.89982,0.00,0.00
2017.10.11 13:47:07.433,12.89758,12.89989,0.00,0.00
2017.10.11 13:47:07.677,12.89758,12.89972,0.00,0.00
2017.10.11 13:47:07.783,12.89762,12.90012,0.00,0.00
2017.10.11 13:47:07.834,12.89771,12.90012,0.00,0.00
2017.10.11 13:47:08.739,12.89782,12.90012,0.00,0.00
2017.10.11 13:47:09.057,12.89809,12.89981,0.00,0.00
2017.10.11 13:47:09.158,12.89761,12.89989,0.00,0.00
2017.10.11 13:47:09.259,12.89762,12.89972,0.00,0.00
2017.10.11 13:47:09.310,12.89759,12.89972,0.00,0.00
2017.10.11 13:47:09.480,12.89759,12.89952,0.00,0.00
2017.10.11 13:47:09.641,12.89759,12.89978,0.00,0.00
2017.10.11 13:47:09.692,12.89759,12.89992,0.00,0.00
2017.10.11 13:47:09.793,12.89759,12.89978,0.00,0.00
2017.10.11 13:47:10.204,12.89759,12.89959,0.00,0.00
2017.10.11 13:47:10.560,12.89759,12.89951,0.00,0.00
2017.10.11 13:47:10.661,12.89759,12.89969,0.00,0.00
2017.10.11 13:47:10.928,12.89759,12.89979,0.00,0.00
2017.10.11 13:47:11.148,12.89759,12.89989,0.00,0.00
2017.10.11 13:47:11.301,12.89759,12.89968,0.00,0.00
2017.10.11 13:47:11.553,12.89678,12.89929,0.00,0.00
2017.10.11 13:47:11.603,12.89682,12.89931,0.00,0.00
2017.10.11 13:47:11.918,12.89701,12.89912,0.00,0.00
2017.10.11 13:47:12.141,12.89691,12.89912,0.00,0.00
2017.10.11 13:47:12.345,12.89681,12.89912,0.00,0.00
2017.10.11 13:47:12.396,12.89671,12.89912,0.00,0.00
2017.10.11 13:47:12.446,12.89681,12.89912,0.00,0.00
2017.10.11 13:47:12.547,12.89681,12.89931,0.00,0.00
2017.10.11 13:47:12.598,12.89701,12.89931,0.00,0.00
2017.10.11 13:47:12.939,12.89711,12.89931,0.00,0.00
2017.10.11 13:47:13.191,12.89702,12.89931,0.00,0.00
2017.10.11 13:47:13.241,12.89708,12.89932,0.00,0.00
2017.10.11 13:47:13.347,12.89708,12.89968,0.00,0.00
2017.10.11 13:47:13.450,12.89708,12.89941,0.00,0.00
2017.10.11 13:47:13.563,12.89661,12.89932,0.00,0.00
2017.10.11 13:47:13.614,12.89691,12.89932,0.00,0.00
2017.10.11 13:47:15.385,12.89692,12.89932,0.00,0.00
2017.10.11 13:47:15.692,12.89758,12.89932,0.00,0.00
2017.10.11 13:47:15.793,12.89759,12.89979,0.00,0.00
2017.10.11 13:47:15.894,12.89759,12.89958,0.00,0.00
2017.10.11 13:47:16.096,12.89759,12.89969,0.00,0.00
2017.10.11 13:47:16.306,12.89759,12.89978,0.00,0.00
2017.10.11 13:47:16.634,12.89759,12.90022,0.00,0.00
2017.10.11 13:47:16.685,12.89759,12.90001,0.00,0.00
2017.10.11 13:47:17.244,12.89759,12.89979,0.00,0.00
2017.10.11 13:47:17.904,12.89759,12.89978,0.00,0.00
2017.10.11 13:47:18.726,12.89759,12.89988,0.00,0.00
2017.10.11 13:47:19.001,12.89759,12.89998,0.00,0.00
2017.10.11 13:47:19.102,12.89771,12.90022,0.00,0.00
2017.10.11 13:47:19.202,12.89762,12.90018,0.00,0.00
2017.10.11 13:47:19.821,12.89759,12.90008,0.00,0.00
2017.10.11 13:47:20.186,12.89759,12.89998,0.00,0.00
2017.10.11 13:47:20.347,12.89759,12.90008,0.00,0.00
2017.10.11 13:47:20.498,12.89762,12.90018,0.00,0.00
2017.10.11 13:47:21.255,12.89759,12.90008,0.00,0.00
2017.10.11 13:47:21.591,12.89761,12.90019,0.00,0.00
2017.10.11 13:47:22.472,12.89761,12.90002,0.00,0.00
2017.10.11 13:47:23.172,12.89761,12.90019,0.00,0.00
2017.10.11 13:47:23.457,12.89759,12.90009,0.00,0.00
2017.10.11 13:47:23.608,12.89761,12.90019,0.00,0.00
2017.10.11 13:47:23.659,12.89759,12.90008,0.00,0.00
2017.10.11 13:47:23.911,12.89661,12.89919,0.00,0.00
2017.10.11 13:47:23.962,12.89658,12.89909,0.00,0.00
2017.10.11 13:47:24.200,12.89662,12.89918,0.00,0.00
2017.10.11 13:47:24.726,12.89658,12.89909,0.00,0.00
2017.10.11 13:47:25.592,12.89662,12.89911,0.00,0.00
2017.10.11 13:47:25.677,12.89662,12.89918,0.00,0.00
2017.10.11 13:47:25.730,12.89658,12.89909,0.00,0.00
2017.10.11 13:47:26.048,12.89658,12.89889,0.00,0.00
2017.10.11 13:47:26.149,12.89658,12.89898,0.00,0.00
2017.10.11 13:47:26.200,12.89658,12.89901,0.00,0.00
2017.10.11 13:47:26.318,12.89658,12.89909,0.00,0.00
2017.10.11 13:47:26.369,12.89671,12.89929,0.00,0.00
2017.10.11 13:47:26.536,12.89658,12.89908,0.00,0.00
2017.10.11 13:47:27.080,12.89658,12.89909,0.00,0.00
2017.10.11 13:47:27.408,12.89658,12.89888,0.00,0.00
2017.10.11 13:47:27.460,12.89681,12.89922,0.00,0.00
2017.10.11 13:47:27.511,12.89681,12.89919,0.00,0.00
2017.10.11 13:47:27.683,12.89691,12.89932,0.00,0.00
2017.10.11 13:47:27.784,12.89691,12.89929,0.00,0.00
2017.10.11 13:47:28.028,12.89678,12.89918,0.00,0.00
2017.10.11 13:47:28.179,12.89678,12.89898,0.00,0.00
2017.10.11 13:47:28.230,12.89658,12.89898,0.00,0.00
2017.10.11 13:47:28.717,12.89682,12.89908,0.00,0.00
2017.10.11 13:47:28.868,12.89682,12.89912,0.00,0.00
2017.10.11 13:47:28.919,12.89682,12.89928,0.00,0.00
2017.10.11 13:47:28.969,12.89681,12.89909,0.00,0.00
2017.10.11 13:47:29.746,12.89671,12.89919,0.00,0.00
2017.10.11 13:47:29.905,12.89679,12.89919,0.00,0.00
2017.10.11 13:47:30.088,12.89682,12.89928,0.00,0.00
2017.10.11 13:47:30.177,12.89692,12.89928,0.00,0.00
2017.10.11 13:47:30.619,12.89692,12.89908,0.00,0.00
2017.10.11 13:47:30.779,12.89691,12.89919,0.00,0.00
2017.10.11 13:47:30.997,12.89692,12.89928,0.00,0.00
2017.10.11 13:47:31.101,12.89758,12.89928,0.00,0.00
2017.10.11 13:47:31.185,12.89758,12.89938,0.00,0.00
2017.10.11 13:47:31.286,12.89702,12.89918,0.00,0.00
2017.10.11 13:47:31.807,12.89682,12.89918,0.00,0.00
2017.10.11 13:47:31.970,12.89681,12.89929,0.00,0.00
2017.10.11 13:47:32.021,12.89681,12.89922,0.00,0.00
2017.10.11 13:47:32.077,12.89671,12.89922,0.00,0.00
2017.10.11 13:47:32.128,12.89672,12.89918,0.00,0.00
2017.10.11 13:47:32.702,12.89671,12.89919,0.00,0.00
2017.10.11 13:47:33.204,12.89672,12.89918,0.00,0.00
2017.10.11 13:47:33.592,12.89672,12.89908,0.00,0.00
2017.10.11 13:47:33.794,12.89671,12.89919,0.00,0.00
2017.10.11 13:47:33.918,12.89671,12.89899,0.00,0.00
2017.10.11 13:47:34.498,12.89668,12.89818,0.00,0.00
2017.10.11 13:47:34.599,12.89668,12.89829,0.00,0.00
2017.10.11 13:47:34.650,12.89638,12.89829,0.00,0.00
2017.10.11 13:47:34.751,12.89572,12.89821,0.00,0.00
2017.10.11 13:47:34.858,12.89582,12.89821,0.00,0.00
2017.10.11 13:47:34.980,12.89582,12.89828,0.00,0.00
2017.10.11 13:47:35.031,12.89571,12.89819,0.00,0.00
2017.10.11 13:47:35.131,12.89581,12.89829,0.00,0.00
2017.10.11 13:47:35.460,12.89608,12.89809,0.00,0.00
2017.10.11 13:47:35.560,12.89561,12.89809,0.00,0.00
2017.10.11 13:47:35.611,12.89598,12.89799,0.00,0.00
2017.10.11 13:47:35.712,12.89558,12.89769,0.00,0.00
2017.10.11 13:47:35.763,12.89558,12.89798,0.00,0.00
2017.10.11 13:47:35.864,12.89561,12.89809,0.00,0.00
2017.10.11 13:47:36.015,12.89568,12.89809,0.00,0.00
2017.10.11 13:47:36.231,12.89562,12.89808,0.00,0.00
2017.10.11 13:47:36.714,12.89568,12.89809,0.00,0.00
2017.10.11 13:47:36.858,12.89562,12.89808,0.00,0.00
2017.10.11 13:47:37.159,12.89571,12.89819,0.00,0.00
2017.10.11 13:47:37.260,12.89602,12.89832,0.00,0.00
2017.10.11 13:47:37.388,12.89572,12.89818,0.00,0.00
2017.10.11 13:47:37.439,12.89601,12.89832,0.00,0.00
2017.10.11 13:47:37.548,12.89592,12.89832,0.00,0.00
2017.10.11 13:47:38.142,12.89602,12.89832,0.00,0.00
2017.10.11 13:47:38.369,12.89591,12.89832,0.00,0.00
2017.10.11 13:47:38.671,12.89632,12.89832,0.00,0.00
2017.10.11 13:47:38.822,12.89662,12.89908,0.00,0.00
2017.10.11 13:47:38.873,12.89671,12.89919,0.00,0.00
2017.10.11 13:47:38.974,12.89682,12.89928,0.00,0.00
2017.10.11 13:47:39.303,12.89659,12.89879,0.00,0.00
2017.10.11 13:47:39.975,12.89659,12.89878,0.00,0.00
2017.10.11 13:47:40.318,12.89661,12.89889,0.00,0.00
2017.10.11 13:47:40.561,12.89659,12.89799,0.00,0.00
2017.10.11 13:47:40.612,12.89618,12.89779,0.00,0.00
2017.10.11 13:47:40.713,12.89561,12.89809,0.00,0.00
2017.10.11 13:47:40.763,12.89562,12.89798,0.00,0.00
2017.10.11 13:47:40.864,12.89569,12.89808,0.00,0.00
2017.10.11 13:47:41.048,12.89569,12.89768,0.00,0.00
2017.10.11 13:47:41.099,12.89569,12.89778,0.00,0.00
2017.10.11 13:47:41.150,12.89562,12.89778,0.00,0.00
2017.10.11 13:47:41.250,12.89561,12.89769,0.00,0.00
2017.10.11 13:47:41.557,12.89561,12.89799,0.00,0.00
2017.10.11 13:47:41.840,12.89562,12.89768,0.00,0.00
2017.10.11 13:47:42.041,12.89511,12.89731,0.00,0.00
2017.10.11 13:47:42.092,12.89511,12.89769,0.00,0.00
2017.10.11 13:47:42.143,12.89509,12.89748,0.00,0.00
2017.10.11 13:47:42.244,12.89489,12.89731,0.00,0.00
2017.10.11 13:47:42.446,12.89479,12.89731,0.00,0.00
2017.10.11 13:47:42.650,12.89471,12.89731,0.00,0.00
2017.10.11 13:47:42.751,12.89502,12.89731,0.00,0.00
2017.10.11 13:47:43.069,12.89512,12.89731,0.00,0.00
2017.10.11 13:47:43.170,12.89502,12.89731,0.00,0.00
2017.10.11 13:47:43.271,12.89499,12.89731,0.00,0.00
2017.10.11 13:47:43.371,12.89508,12.89731,0.00,0.00
2017.10.11 13:47:43.472,12.89478,12.89718,0.00,0.00
2017.10.11 13:47:43.635,12.89472,12.89718,0.00,0.00
2017.10.11 13:47:43.909,12.89469,12.89698,0.00,0.00
2017.10.11 13:47:44.010,12.89469,12.89708,0.00,0.00
2017.10.11 13:47:44.066,12.89491,12.89731,0.00,0.00
2017.10.11 13:47:44.117,12.89461,12.89709,0.00,0.00
2017.10.11 13:47:44.268,12.89479,12.89718,0.00,0.00
2017.10.11 13:47:44.369,12.89472,12.89718,0.00,0.00
2017.10.11 13:47:44.470,12.89478,12.89718,0.00,0.00
2017.10.11 13:47:44.789,12.89459,12.89678,0.00,0.00
2017.10.11 13:47:44.890,12.89459,12.89689,0.00,0.00
2017.10.11 13:47:44.940,12.89478,12.89689,0.00,0.00
2017.10.11 13:47:45.068,12.89479,12.89699,0.00,0.00
2017.10.11 13:47:45.220,12.89479,12.89718,0.00,0.00
2017.10.11 13:47:45.270,12.89479,12.89699,0.00,0.00
2017.10.11 13:47:45.480,12.89478,12.89708,0.00,0.00
2017.10.11 13:47:45.692,12.89478,12.89699,0.00,0.00
2017.10.11 13:47:45.793,12.89478,12.89709,0.00,0.00
2017.10.11 13:47:45.913,12.89478,12.89718,0.00,0.00
2017.10.11 13:47:46.044,12.89472,12.89718,0.00,0.00
2017.10.11 13:47:46.094,12.89478,12.89718,0.00,0.00
2017.10.11 13:47:46.647,12.89472,12.89718,0.00,0.00
2017.10.11 13:47:46.698,12.89468,12.89708,0.00,0.00
2017.10.11 13:47:47.149,12.89468,12.89699,0.00,0.00
2017.10.11 13:47:47.487,12.89459,12.89679,0.00,0.00
2017.10.11 13:47:47.599,12.89459,12.89689,0.00,0.00
2017.10.11 13:47:47.781,12.89469,12.89679,0.00,0.00
2017.10.11 13:47:48.095,12.89459,12.89678,0.00,0.00
2017.10.11 13:47:48.152,12.89478,12.89678,0.00,0.00
2017.10.11 13:47:48.491,12.89478,12.89668,0.00,0.00
2017.10.11 13:47:48.568,12.89478,12.89679,0.00,0.00
2017.10.11 13:47:48.669,12.89508,12.89679,0.00,0.00
2017.10.11 13:47:48.772,12.89478,12.89679,0.00,0.00
2017.10.11 13:47:49.490,12.89489,12.89679,0.00,0.00
2017.10.11 13:47:49.821,12.89489,12.89688,0.00,0.00
2017.10.11 13:47:49.918,12.89489,12.89708,0.00,0.00
2017.10.11 13:47:49.969,12.89508,12.89709,0.00,0.00
2017.10.11 13:47:50.259,12.89478,12.89708,0.00,0.00
2017.10.11 13:47:50.359,12.89499,12.89708,0.00,0.00
2017.10.11 13:47:50.862,12.89508,12.89709,0.00,0.00
2017.10.11 13:47:51.262,12.89498,12.89699,0.00,0.00
2017.10.11 13:47:51.362,12.89479,12.89699,0.00,0.00
2017.10.11 13:47:52.008,12.89479,12.89679,0.00,0.00
2017.10.11 13:47:52.402,12.89462,12.89658,0.00,0.00
2017.10.11 13:47:52.553,12.89461,12.89699,0.00,0.00
2017.10.11 13:47:52.604,12.89508,12.89618,0.00,0.00
2017.10.11 13:47:52.655,12.89508,12.89632,0.00,0.00
2017.10.11 13:47:52.705,12.89498,12.89618,0.00,0.00
2017.10.11 13:47:52.756,12.89498,12.89628,0.00,0.00
2017.10.11 13:47:52.856,12.89409,12.89619,0.00,0.00
2017.10.11 13:47:52.907,12.89401,12.89619,0.00,0.00
2017.10.11 13:47:53.069,12.89419,12.89619,0.00,0.00
2017.10.11 13:47:53.569,12.89401,12.89619,0.00,0.00
2017.10.11 13:47:53.798,12.89401,12.89609,0.00,0.00
2017.10.11 13:47:54.099,12.89391,12.89599,0.00,0.00
2017.10.11 13:47:54.443,12.89399,12.89598,0.00,0.00
2017.10.11 13:47:54.594,12.89391,12.89609,0.00,0.00
2017.10.11 13:47:54.645,12.89391,12.89619,0.00,0.00
2017.10.11 13:47:54.695,12.89391,12.89599,0.00,0.00
2017.10.11 13:47:55.050,12.89392,12.89578,0.00,0.00
2017.10.11 13:47:55.204,12.89408,12.89598,0.00,0.00
2017.10.11 13:47:55.576,12.89392,12.89598,0.00,0.00
2017.10.11 13:47:56.078,12.89418,12.89598,0.00,0.00
2017.10.11 13:47:56.229,12.89391,12.89599,0.00,0.00
2017.10.11 13:47:56.882,12.89398,12.89599,0.00,0.00
2017.10.11 13:47:57.207,12.89391,12.89589,0.00,0.00
2017.10.11 13:47:57.309,12.89391,12.89599,0.00,0.00
2017.10.11 13:47:57.536,12.89391,12.89589,0.00,0.00
2017.10.11 13:47:57.780,12.89391,12.89599,0.00,0.00
2017.10.11 13:47:57.880,12.89392,12.89608,0.00,0.00
2017.10.11 13:47:57.931,12.89408,12.89609,0.00,0.00
2017.10.11 13:47:57.982,12.89408,12.89619,0.00,0.00
2017.10.11 13:47:59.018,12.89408,12.89598,0.00,0.00
2017.10.11 13:47:59.119,12.89392,12.89598,0.00,0.00
2017.10.11 13:47:59.787,12.89392,12.89608,0.00,0.00
2017.10.11 13:47:59.891,12.89409,12.89609,0.00,0.00
2017.10.11 13:48:00.121,12.89409,12.89618,0.00,0.00
2017.10.11 13:48:00.222,12.89409,12.89608,0.00,0.00
2017.10.11 13:48:00.360,12.89409,12.89632,0.00,0.00
2017.10.11 13:48:00.461,12.89401,12.89632,0.00,0.00
2017.10.11 13:48:00.511,12.89418,12.89632,0.00,0.00
2017.10.11 13:48:00.595,12.89401,12.89632,0.00,0.00
2017.10.11 13:48:00.710,12.89418,12.89632,0.00,0.00
2017.10.11 13:48:00.810,12.89401,12.89632,0.00,0.00
2017.10.11 13:48:00.861,12.89402,12.89628,0.00,0.00
2017.10.11 13:48:01.196,12.89408,12.89619,0.00,0.00
2017.10.11 13:48:01.505,12.89408,12.89608,0.00,0.00
2017.10.11 13:48:01.631,12.89402,12.89608,0.00,0.00
2017.10.11 13:48:01.705,12.89401,12.89599,0.00,0.00
2017.10.11 13:48:01.806,12.89409,12.89619,0.00,0.00
2017.10.11 13:48:01.897,12.89418,12.89619,0.00,0.00
2017.10.11 13:48:02.298,12.89408,12.89618,0.00,0.00
2017.10.11 13:48:02.717,12.89402,12.89618,0.00,0.00
2017.10.11 13:48:02.836,12.89409,12.89628,0.00,0.00
2017.10.11 13:48:03.000,12.89419,12.89629,0.00,0.00
2017.10.11 13:48:03.202,12.89409,12.89628,0.00,0.00
2017.10.11 13:48:03.387,12.89409,12.89618,0.00,0.00
2017.10.11 13:48:03.544,12.89401,12.89619,0.00,0.00
2017.10.11 13:48:03.747,12.89401,12.89599,0.00,0.00
2017.10.11 13:48:04.170,12.89401,12.89609,0.00,0.00
2017.10.11 13:48:04.221,12.89418,12.89609,0.00,0.00
2017.10.11 13:48:04.604,12.89401,12.89609,0.00,0.00
2017.10.11 13:48:04.746,12.89401,12.89579,0.00,0.00
2017.10.11 13:48:05.050,12.89391,12.89599,0.00,0.00
2017.10.11 13:48:05.201,12.89402,12.89608,0.00,0.00
2017.10.11 13:48:05.302,12.89401,12.89619,0.00,0.00
2017.10.11 13:48:05.353,12.89408,12.89619,0.00,0.00
2017.10.11 13:48:05.620,12.89391,12.89629,0.00,0.00
2017.10.11 13:48:05.706,12.89418,12.89629,0.00,0.00
2017.10.11 13:48:06.222,12.89418,12.89632,0.00,0.00
2017.10.11 13:48:06.290,12.89431,12.89632,0.00,0.00
2017.10.11 13:48:06.341,12.89459,12.89692,0.00,0.00
2017.10.11 13:48:06.441,12.89478,12.89699,0.00,0.00
2017.10.11 13:48:06.643,12.89488,12.89729,0.00,0.00
2017.10.11 13:48:06.792,12.89498,12.89729,0.00,0.00
2017.10.11 13:48:07.116,12.89508,12.89728,0.00,0.00
2017.10.11 13:48:07.490,12.89508,12.89719,0.00,0.00
2017.10.11 13:48:07.641,12.89488,12.89709,0.00,0.00
2017.10.11 13:48:07.882,12.89488,12.89698,0.00,0.00
2017.10.11 13:48:07.933,12.89468,12.89709,0.00,0.00
2017.10.11 13:48:08.003,12.89468,12.89699,0.00,0.00
2017.10.11 13:48:08.306,12.89471,12.89632,0.00,0.00
2017.10.11 13:48:08.407,12.89471,12.89682,0.00,0.00
2017.10.11 13:48:08.507,12.89472,12.89708,0.00,0.00
2017.10.11 13:48:08.558,12.89479,12.89708,0.00,0.00
2017.10.11 13:48:08.725,12.89479,12.89719,0.00,0.00
2017.10.11 13:48:08.848,12.89479,12.89709,0.00,0.00
2017.10.11 13:48:09.417,12.89479,12.89708,0.00,0.00
2017.10.11 13:48:09.755,12.89508,12.89708,0.00,0.00
2017.10.11 13:48:10.127,12.89521,12.89709,0.00,0.00
2017.10.11 13:48:10.455,12.89522,12.89692,0.00,0.00
2017.10.11 13:48:11.076,12.89521,12.89692,0.00,0.00
2017.10.11 13:48:11.690,12.89522,12.89678,0.00,0.00
2017.10.11 13:48:11.791,12.89521,12.89692,0.00,0.00
2017.10.11 13:48:13.302,12.89522,12.89688,0.00,0.00
2017.10.11 13:48:13.403,12.89522,12.89692,0.00,0.00
2017.10.11 13:48:14.085,12.89521,12.89692,0.00,0.00
2017.10.11 13:48:15.170,12.89522,12.89692,0.00,0.00
2017.10.11 13:48:16.642,12.89521,12.89692,0.00,0.00
2017.10.11 13:48:17.180,12.89522,12.89692,0.00,0.00
2017.10.11 13:48:17.897,12.89521,12.89692,0.00,0.00
2017.10.11 13:48:18.369,12.89522,12.89688,0.00,0.00
2017.10.11 13:48:18.420,12.89522,12.89692,0.00,0.00
2017.10.11 13:48:19.057,12.89521,12.89692,0.00,0.00
2017.10.11 13:48:19.568,12.89522,12.89692,0.00,0.00
2017.10.11 13:48:20.123,12.89521,12.89692,0.00,0.00
2017.10.11 13:48:20.758,12.89522,12.89692,0.00,0.00
2017.10.11 13:48:21.288,12.89521,12.89692,0.00,0.00
2017.10.11 13:48:22.597,12.89522,12.89692,0.00,0.00
2017.10.11 13:48:22.816,12.89521,12.89729,0.00,0.00
2017.10.11 13:48:22.867,12.89521,12.89699,0.00,0.00
2017.10.11 13:48:23.221,12.89522,12.89692,0.00,0.00
2017.10.11 13:48:23.530,12.89522,12.89678,0.00,0.00
2017.10.11 13:48:23.614,12.89522,12.89688,0.00,0.00
2017.10.11 13:48:23.730,12.89521,12.89692,0.00,0.00
2017.10.11 13:48:23.951,12.89522,12.89688,0.00,0.00
2017.10.11 13:48:24.159,12.89521,12.89692,0.00,0.00
2017.10.11 13:48:24.709,12.89512,12.89692,0.00,0.00
2017.10.11 13:48:25.233,12.89511,12.89692,0.00,0.00
2017.10.11 13:48:26.412,12.89512,12.89692,0.00,0.00
2017.10.11 13:48:26.949,12.89511,12.89692,0.00,0.00
2017.10.11 13:48:27.404,12.89512,12.89688,0.00,0.00
2017.10.11 13:48:27.559,12.89511,12.89692,0.00,0.00
2017.10.11 13:48:27.862,12.89512,12.89688,0.00,0.00
2017.10.11 13:48:28.135,12.89512,12.89692,0.00,0.00
2017.10.11 13:48:30.482,12.89512,12.89678,0.00,0.00
2017.10.11 13:48:30.532,12.89511,12.89689,0.00,0.00
2017.10.11 13:48:30.634,12.89459,12.89628,0.00,0.00
2017.10.11 13:48:30.684,12.89411,12.89599,0.00,0.00
2017.10.11 13:48:30.822,12.89412,12.89592,0.00,0.00
2017.10.11 13:48:31.135,12.89401,12.89592,0.00,0.00
2017.10.11 13:48:31.186,12.89392,12.89592,0.00,0.00
2017.10.11 13:48:31.504,12.89382,12.89592,0.00,0.00
2017.10.11 13:48:32.835,12.89381,12.89592,0.00,0.00
2017.10.11 13:48:34.181,12.89382,12.89592,0.00,0.00
2017.10.11 13:48:34.232,12.89401,12.89592,0.00,0.00
2017.10.11 13:48:34.434,12.89388,12.89592,0.00,0.00
2017.10.11 13:48:34.490,12.89381,12.89592,0.00,0.00
2017.10.11 13:48:34.541,12.89391,12.89592,0.00,0.00
2017.10.11 13:48:35.164,12.89392,12.89592,0.00,0.00
2017.10.11 13:48:35.473,12.89372,12.89592,0.00,0.00
2017.10.11 13:48:35.731,12.89382,12.89592,0.00,0.00
2017.10.11 13:48:36.084,12.89391,12.89592,0.00,0.00
2017.10.11 13:48:36.135,12.89381,12.89592,0.00,0.00
2017.10.11 13:48:36.287,12.89372,12.89592,0.00,0.00
2017.10.11 13:48:36.338,12.89379,12.89592,0.00,0.00
2017.10.11 13:48:36.393,12.89372,12.89592,0.00,0.00
2017.10.11 13:48:37.070,12.89371,12.89592,0.00,0.00
2017.10.11 13:48:37.120,12.89378,12.89592,0.00,0.00
2017.10.11 13:48:37.221,12.89372,12.89592,0.00,0.00
2017.10.11 13:48:37.812,12.89371,12.89592,0.00,0.00
2017.10.11 13:48:38.239,12.89379,12.89592,0.00,0.00
2017.10.11 13:48:39.568,12.89372,12.89592,0.00,0.00
2017.10.11 13:48:40.217,12.89371,12.89592,0.00,0.00
2017.10.11 13:48:40.599,12.89378,12.89592,0.00,0.00
2017.10.11 13:48:41.173,12.89372,12.89592,0.00,0.00
2017.10.11 13:48:41.332,12.89371,12.89579,0.00,0.00
2017.10.11 13:48:41.433,12.89372,12.89588,0.00,0.00
2017.10.11 13:48:41.534,12.89372,12.89592,0.00,0.00
2017.10.11 13:48:42.342,12.89382,12.89592,0.00,0.00
2017.10.11 13:48:42.809,12.89372,12.89592,0.00,0.00
2017.10.11 13:48:43.255,12.89378,12.89592,0.00,0.00
2017.10.11 13:48:43.806,12.89379,12.89592,0.00,0.00
2017.10.11 13:48:43.905,12.89371,12.89592,0.00,0.00
2017.10.11 13:48:44.056,12.89381,12.89592,0.00,0.00
2017.10.11 13:48:44.779,12.89391,12.89592,0.00,0.00
2017.10.11 13:48:45.098,12.89412,12.89592,0.00,0.00
2017.10.11 13:48:45.379,12.89412,12.89598,0.00,0.00
2017.10.11 13:48:45.429,12.89472,12.89642,0.00,0.00
2017.10.11 13:48:45.530,12.89481,12.89692,0.00,0.00
2017.10.11 13:48:45.697,12.89478,12.89692,0.00,0.00
2017.10.11 13:48:45.999,12.89502,12.89692,0.00,0.00
2017.10.11 13:48:46.508,12.89501,12.89692,0.00,0.00
2017.10.11 13:48:47.156,12.89502,12.89692,0.00,0.00
2017.10.11 13:48:47.817,12.89501,12.89692,0.00,0.00
2017.10.11 13:48:48.356,12.89502,12.89692,0.00,0.00
2017.10.11 13:48:48.758,12.89501,12.89679,0.00,0.00
2017.10.11 13:48:49.399,12.89501,12.89641,0.00,0.00
2017.10.11 13:48:49.475,12.89469,12.89641,0.00,0.00
2017.10.11 13:48:49.526,12.89452,12.89641,0.00,0.00
2017.10.11 13:48:49.627,12.89418,12.89599,0.00,0.00
2017.10.11 13:48:49.883,12.89451,12.89641,0.00,0.00
2017.10.11 13:48:49.934,12.89449,12.89592,0.00,0.00
2017.10.11 13:48:50.036,12.89441,12.89592,0.00,0.00
2017.10.11 13:48:50.087,12.89452,12.89642,0.00,0.00
2017.10.11 13:48:50.137,12.89461,12.89642,0.00,0.00
2017.10.11 13:48:50.188,12.89462,12.89692,0.00,0.00
2017.10.11 13:48:50.738,12.89461,12.89692,0.00,0.00
2017.10.11 13:48:51.298,12.89462,12.89692,0.00,0.00
2017.10.11 13:48:51.805,12.89461,12.89692,0.00,0.00
2017.10.11 13:48:51.858,12.89472,12.89692,0.00,0.00
2017.10.11 13:48:52.464,12.89471,12.89692,0.00,0.00
2017.10.11 13:48:52.693,12.89468,12.89692,0.00,0.00
2017.10.11 13:48:53.422,12.89482,12.89678,0.00,0.00
2017.10.11 13:48:53.736,12.89481,12.89669,0.00,0.00
2017.10.11 13:48:54.187,12.89428,12.89592,0.00,0.00
2017.10.11 13:48:54.237,12.89398,12.89592,0.00,0.00
2017.10.11 13:48:54.338,12.89391,12.89592,0.00,0.00
2017.10.11 13:48:54.648,12.89419,12.89639,0.00,0.00
2017.10.11 13:48:54.746,12.89419,12.89631,0.00,0.00
2017.10.11 13:48:55.074,12.89392,12.89592,0.00,0.00
2017.10.11 13:48:55.317,12.89371,12.89592,0.00,0.00
2017.10.11 13:48:56.065,12.89372,12.89592,0.00,0.00
2017.10.11 13:48:56.626,12.89378,12.89592,0.00,0.00
2017.10.11 13:48:56.938,12.89392,12.89592,0.00,0.00
2017.10.11 13:48:57.089,12.89381,12.89592,0.00,0.00
2017.10.11 13:48:57.306,12.89392,12.89592,0.00,0.00
2017.10.11 13:48:57.617,12.89452,12.89641,0.00,0.00
2017.10.11 13:48:57.768,12.89459,12.89688,0.00,0.00
2017.10.11 13:48:57.869,12.89471,12.89692,0.00,0.00
2017.10.11 13:48:58.239,12.89488,12.89692,0.00,0.00
2017.10.11 13:48:58.747,12.89489,12.89692,0.00,0.00
2017.10.11 13:48:59.364,12.89488,12.89692,0.00,0.00
2017.10.11 13:48:59.669,12.89491,12.89692,0.00,0.00
2017.10.11 13:48:59.971,12.89538,12.89741,0.00,0.00
2017.10.11 13:49:00.176,12.89531,12.89749,0.00,0.00
2017.10.11 13:49:00.226,12.89541,12.89749,0.00,0.00
2017.10.11 13:49:00.529,12.89491,12.89691,0.00,0.00
2017.10.11 13:49:00.834,12.89508,12.89691,0.00,0.00
2017.10.11 13:49:00.885,12.89491,12.89691,0.00,0.00
2017.10.11 13:49:00.936,12.89481,12.89691,0.00,0.00
2017.10.11 13:49:01.172,12.89488,12.89691,0.00,0.00
2017.10.11 13:49:01.537,12.89491,12.89691,0.00,0.00
2017.10.11 13:49:01.689,12.89482,12.89691,0.00,0.00
2017.10.11 13:49:02.549,12.89481,12.89691,0.00,0.00
2017.10.11 13:49:03.252,12.89482,12.89691,0.00,0.00
2017.10.11 13:49:03.658,12.89488,12.89691,0.00,0.00
2017.10.11 13:49:03.960,12.89481,12.89691,0.00,0.00
2017.10.11 13:49:04.011,12.89471,12.89689,0.00,0.00
2017.10.11 13:49:04.112,12.89471,12.89691,0.00,0.00
2017.10.11 13:49:04.357,12.89489,12.89691,0.00,0.00
2017.10.11 13:49:04.763,12.89491,12.89691,0.00,0.00
2017.10.11 13:49:04.920,12.89478,12.89691,0.00,0.00
2017.10.11 13:49:05.045,12.89471,12.89691,0.00,0.00
2017.10.11 13:49:05.810,12.89471,12.89689,0.00,0.00
2017.10.11 13:49:05.861,12.89472,12.89691,0.00,0.00
2017.10.11 13:49:06.019,12.89481,12.89691,0.00,0.00
2017.10.11 13:49:06.329,12.89488,12.89691,0.00,0.00
2017.10.11 13:49:06.379,12.89472,12.89691,0.00,0.00
2017.10.11 13:49:06.480,12.89491,12.89691,0.00,0.00
2017.10.11 13:49:06.808,12.89471,12.89691,0.00,0.00
2017.10.11 13:49:06.948,12.89478,12.89691,0.00,0.00
2017.10.11 13:49:07.250,12.89471,12.89691,0.00,0.00
2017.10.11 13:49:07.659,12.89478,12.89691,0.00,0.00
2017.10.11 13:49:07.987,12.89511,12.89691,0.00,0.00
2017.10.11 13:49:08.168,12.89471,12.89691,0.00,0.00
2017.10.11 13:49:08.269,12.89488,12.89691,0.00,0.00
2017.10.11 13:49:08.483,12.89562,12.89772,0.00,0.00
2017.10.11 13:49:08.533,12.89571,12.89772,0.00,0.00
2017.10.11 13:49:08.584,12.89561,12.89791,0.00,0.00
2017.10.11 13:49:08.684,12.89571,12.89791,0.00,0.00
2017.10.11 13:49:09.117,12.89571,12.89789,0.00,0.00
2017.10.11 13:49:09.441,12.89572,12.89778,0.00,0.00
2017.10.11 13:49:09.996,12.89571,12.89789,0.00,0.00
2017.10.11 13:49:10.437,12.89571,12.89791,0.00,0.00
2017.10.11 13:49:11.306,12.89572,12.89791,0.00,0.00
2017.10.11 13:49:11.910,12.89571,12.89791,0.00,0.00
2017.10.11 13:49:12.638,12.89572,12.89791,0.00,0.00
2017.10.11 13:49:12.839,12.89582,12.89791,0.00,0.00
2017.10.11 13:49:13.156,12.89571,12.89779,0.00,0.00
2017.10.11 13:49:13.207,12.89571,12.89791,0.00,0.00
2017.10.11 13:49:13.758,12.89572,12.89791,0.00,0.00
2017.10.11 13:49:13.913,12.89602,12.89791,0.00,0.00
2017.10.11 13:49:13.964,12.89618,12.89842,0.00,0.00
2017.10.11 13:49:14.014,12.89618,12.89809,0.00,0.00
2017.10.11 13:49:14.237,12.89631,12.89841,0.00,0.00
2017.10.11 13:49:14.532,12.89628,12.89792,0.00,0.00
2017.10.11 13:49:14.583,12.89581,12.89792,0.00,0.00
2017.10.11 13:49:14.633,12.89591,12.89792,0.00,0.00
2017.10.11 13:49:14.947,12.89599,12.89792,0.00,0.00
2017.10.11 13:49:15.109,12.89582,12.89792,0.00,0.00
2017.10.11 13:49:15.325,12.89592,12.89792,0.00,0.00
2017.10.11 13:49:15.908,12.89591,12.89792,0.00,0.00
2017.10.11 13:49:16.009,12.89581,12.89829,0.00,0.00
2017.10.11 13:49:16.060,12.89581,12.89819,0.00,0.00
2017.10.11 13:49:16.390,12.89581,12.89809,0.00,0.00
2017.10.11 13:49:16.960,12.89581,12.89819,0.00,0.00
2017.10.11 13:49:17.111,12.89591,12.89832,0.00,0.00
2017.10.11 13:49:17.734,12.89582,12.89828,0.00,0.00
2017.10.11 13:49:17.977,12.89591,12.89832,0.00,0.00
2017.10.11 13:49:18.279,12.89591,12.89829,0.00,0.00
2017.10.11 13:49:18.438,12.89592,12.89832,0.00,0.00
2017.10.11 13:49:18.539,12.89589,12.89829,0.00,0.00
2017.10.11 13:49:18.917,12.89582,12.89818,0.00,0.00
2017.10.11 13:49:19.321,12.89582,12.89828,0.00,0.00
2017.10.11 13:49:19.387,12.89588,12.89828,0.00,0.00
2017.10.11 13:49:19.591,12.89581,12.89829,0.00,0.00
2017.10.11 13:49:19.692,12.89582,12.89818,0.00,0.00
2017.10.11 13:49:20.012,12.89589,12.89819,0.00,0.00
2017.10.11 13:49:20.608,12.89589,12.89818,0.00,0.00
2017.10.11 13:49:20.846,12.89592,12.89832,0.00,0.00
2017.10.11 13:49:21.119,12.89612,12.89832,0.00,0.00
2017.10.11 13:49:21.178,12.89601,12.89832,0.00,0.00
2017.10.11 13:49:21.279,12.89581,12.89829,0.00,0.00
2017.10.11 13:49:21.940,12.89582,12.89828,0.00,0.00
2017.10.11 13:49:22.084,12.89592,12.89832,0.00,0.00
2017.10.11 13:49:22.348,12.89581,12.89829,0.00,0.00
2017.10.11 13:49:22.399,12.89589,12.89829,0.00,0.00
2017.10.11 13:49:22.937,12.89589,12.89828,0.00,0.00
2017.10.11 13:49:23.037,12.89592,12.89832,0.00,0.00
2017.10.11 13:49:23.138,12.89681,12.89872,0.00,0.00
2017.10.11 13:49:23.188,12.89682,12.89881,0.00,0.00
2017.10.11 13:49:23.289,12.89681,12.89889,0.00,0.00
2017.10.11 13:49:23.390,12.89682,12.89878,0.00,0.00
2017.10.11 13:49:23.441,12.89682,12.89888,0.00,0.00
2017.10.11 13:49:23.947,12.89681,12.89889,0.00,0.00
2017.10.11 13:49:24.158,12.89681,12.89909,0.00,0.00
2017.10.11 13:49:24.880,12.89689,12.89909,0.00,0.00
2017.10.11 13:49:25.127,12.89691,12.89932,0.00,0.00
2017.10.11 13:49:25.177,12.89741,12.89942,0.00,0.00
2017.10.11 13:49:25.283,12.89708,12.89938,0.00,0.00
2017.10.11 13:49:25.333,12.89708,12.89929,0.00,0.00
2017.10.11 13:49:25.623,12.89681,12.89909,0.00,0.00
2017.10.11 13:49:25.682,12.89699,12.89909,0.00,0.00
2017.10.11 13:49:26.020,12.89698,12.89899,0.00,0.00
2017.10.11 13:49:26.078,12.89698,12.89919,0.00,0.00
2017.10.11 13:49:26.268,12.89691,12.89919,0.00,0.00
2017.10.11 13:49:26.319,12.89708,12.89959,0.00,0.00
2017.10.11 13:49:26.435,12.89788,12.89982,0.00,0.00
2017.10.11 13:49:26.486,12.89788,12.90008,0.00,0.00
2017.10.11 13:49:26.649,12.89788,12.90019,0.00,0.00
2017.10.11 13:49:26.826,12.89788,12.90008,0.00,0.00
2017.10.11 13:49:26.985,12.89782,12.90008,0.00,0.00
2017.10.11 13:49:27.076,12.89781,12.90019,0.00,0.00
2017.10.11 13:49:27.177,12.89881,12.90062,0.00,0.00
2017.10.11 13:49:27.228,12.89882,12.90078,0.00,0.00
2017.10.11 13:49:27.329,12.89881,12.90119,0.00,0.00
2017.10.11 13:49:27.429,12.89882,12.90108,0.00,0.00
2017.10.11 13:49:27.779,12.89881,12.90089,0.00,0.00
2017.10.11 13:49:27.830,12.89882,12.90098,0.00,0.00
2017.10.11 13:49:28.136,12.89881,12.90109,0.00,0.00
2017.10.11 13:49:28.187,12.89892,12.90118,0.00,0.00
2017.10.11 13:49:28.238,12.89891,12.90121,0.00,0.00
2017.10.11 13:49:28.767,12.89891,12.90119,0.00,0.00
2017.10.11 13:49:29.097,12.89892,12.90108,0.00,0.00
2017.10.11 13:49:29.167,12.89891,12.90119,0.00,0.00
2017.10.11 13:49:29.268,12.89891,12.90121,0.00,0.00
2017.10.11 13:49:29.326,12.89891,12.90119,0.00,0.00
2017.10.11 13:49:29.953,12.89892,12.90121,0.00,0.00
2017.10.11 13:49:30.108,12.89901,12.90121,0.00,0.00
2017.10.11 13:49:30.416,12.89892,12.90121,0.00,0.00
2017.10.11 13:49:30.681,12.89901,12.90121,0.00,0.00
2017.10.11 13:49:30.732,12.89892,12.90121,0.00,0.00
2017.10.11 13:49:31.837,12.89891,12.90121,0.00,0.00
2017.10.11 13:49:31.888,12.89902,12.90121,0.00,0.00
2017.10.11 13:49:31.988,12.89891,12.90121,0.00,0.00
2017.10.11 13:49:32.377,12.89901,12.90121,0.00,0.00
2017.10.11 13:49:33.354,12.89901,12.90081,0.00,0.00
2017.10.11 13:49:33.863,12.89902,12.90081,0.00,0.00
2017.10.11 13:49:33.915,12.89892,12.90081,0.00,0.00
2017.10.11 13:49:34.523,12.89891,12.90081,0.00,0.00
2017.10.11 13:49:35.049,12.89892,12.90081,0.00,0.00
2017.10.11 13:49:35.120,12.89902,12.90081,0.00,0.00
2017.10.11 13:49:35.600,12.89892,12.90081,0.00,0.00
2017.10.11 13:49:35.697,12.89881,12.90081,0.00,0.00
2017.10.11 13:49:35.848,12.89882,12.90078,0.00,0.00
2017.10.11 13:49:36.506,12.89881,12.90079,0.00,0.00
2017.10.11 13:49:36.935,12.89881,12.90081,0.00,0.00
2017.10.11 13:49:36.986,12.89882,12.90078,0.00,0.00
2017.10.11 13:49:38.026,12.89881,12.90079,0.00,0.00
2017.10.11 13:49:38.329,12.89881,12.90081,0.00,0.00
2017.10.11 13:49:38.379,12.89892,12.90081,0.00,0.00
2017.10.11 13:49:38.996,12.89891,12.90081,0.00,0.00
2017.10.11 13:49:39.450,12.89881,12.90081,0.00,0.00
2017.10.11 13:49:40.022,12.89882,12.90081,0.00,0.00
2017.10.11 13:49:40.398,12.89891,12.90081,0.00,0.00
2017.10.11 13:49:40.678,12.89882,12.90081,0.00,0.00
2017.10.11 13:49:40.758,12.89902,12.90081,0.00,0.00
2017.10.11 13:49:40.859,12.89891,12.90081,0.00,0.00
2017.10.11 13:49:40.919,12.89881,12.90081,0.00,0.00
2017.10.11 13:49:41.140,12.89891,12.90081,0.00,0.00
2017.10.11 13:49:41.596,12.89882,12.90081,0.00,0.00
2017.10.11 13:49:41.647,12.89891,12.90081,0.00,0.00
2017.10.11 13:49:43.346,12.89892,12.90081,0.00,0.00
2017.10.11 13:49:43.597,12.89881,12.90081,0.00,0.00
2017.10.11 13:49:44.027,12.89891,12.90081,0.00,0.00
2017.10.11 13:49:44.468,12.89902,12.90081,0.00,0.00
2017.10.11 13:49:45.328,12.89901,12.90081,0.00,0.00
2017.10.11 13:49:45.838,12.89881,12.90081,0.00,0.00
2017.10.11 13:49:46.093,12.90041,12.90141,0.00,0.00
2017.10.11 13:49:46.305,12.90081,12.90279,0.00,0.00
2017.10.11 13:49:46.356,12.90081,12.90282,0.00,0.00
2017.10.11 13:49:46.507,12.90092,12.90282,0.00,0.00
2017.10.11 13:49:46.558,12.90081,12.90282,0.00,0.00
2017.10.11 13:49:46.612,12.90121,12.90282,0.00,0.00
2017.10.11 13:49:47.146,12.90081,12.90282,0.00,0.00
2017.10.11 13:49:47.488,12.90121,12.90282,0.00,0.00
2017.10.11 13:49:47.862,12.90059,12.90282,0.00,0.00
2017.10.11 13:49:47.913,12.90121,12.90282,0.00,0.00
2017.10.11 13:49:48.674,12.90122,12.90282,0.00,0.00
2017.10.11 13:49:49.232,12.90121,12.90282,0.00,0.00
2017.10.11 13:49:49.677,12.90122,12.90278,0.00,0.00
2017.10.11 13:49:49.778,12.90081,12.90282,0.00,0.00
2017.10.11 13:49:49.890,12.90082,12.90232,0.00,0.00
2017.10.11 13:49:49.940,12.90038,12.90199,0.00,0.00
2017.10.11 13:49:50.041,12.90022,12.90182,0.00,0.00
2017.10.11 13:49:50.297,12.89982,12.90182,0.00,0.00
2017.10.11 13:49:50.347,12.90021,12.90179,0.00,0.00
2017.10.11 13:49:50.398,12.89961,12.90132,0.00,0.00
2017.10.11 13:49:50.448,12.89971,12.90132,0.00,0.00
2017.10.11 13:49:50.499,12.89972,12.90182,0.00,0.00
2017.10.11 13:49:50.614,12.90011,12.90182,0.00,0.00
2017.10.11 13:49:50.766,12.90061,12.90259,0.00,0.00
2017.10.11 13:49:50.867,12.90049,12.90232,0.00,0.00
2017.10.11 13:49:51.169,12.90002,12.90181,0.00,0.00
2017.10.11 13:49:52.097,12.90001,12.90181,0.00,0.00
2017.10.11 13:49:52.938,12.89992,12.90181,0.00,0.00
2017.10.11 13:49:53.158,12.89991,12.90132,0.00,0.00
2017.10.11 13:49:53.209,12.89981,12.90132,0.00,0.00
2017.10.11 13:49:53.356,12.89981,12.90169,0.00,0.00
2017.10.11 13:49:53.669,12.89982,12.90178,0.00,0.00
2017.10.11 13:49:53.720,12.89972,12.90181,0.00,0.00
2017.10.11 13:49:54.249,12.89971,12.90181,0.00,0.00
2017.10.11 13:49:55.297,12.89972,12.90181,0.00,0.00
2017.10.11 13:49:55.398,12.89971,12.90179,0.00,0.00
2017.10.11 13:49:55.887,12.89971,12.90181,0.00,0.00
2017.10.11 13:49:56.436,12.89972,12.90181,0.00,0.00
2017.10.11 13:49:57.642,12.89972,12.90168,0.00,0.00
2017.10.11 13:49:57.793,12.89961,12.90182,0.00,0.00
2017.10.11 13:49:58.886,12.89962,12.90182,0.00,0.00
2017.10.11 13:49:59.029,12.89971,12.90182,0.00,0.00
2017.10.11 13:50:00.337,12.89981,12.90182,0.00,0.00
2017.10.11 13:50:00.798,12.89958,12.90179,0.00,0.00
2017.10.11 13:50:00.849,12.89951,12.90179,0.00,0.00
2017.10.11 13:50:02.005,12.89952,12.90178,0.00,0.00
2017.10.11 13:50:02.263,12.89951,12.90182,0.00,0.00
2017.10.11 13:50:02.314,12.89952,12.90178,0.00,0.00
2017.10.11 13:50:02.881,12.89951,12.90179,0.00,0.00
2017.10.11 13:50:03.248,12.89958,12.90179,0.00,0.00
2017.10.11 13:50:03.757,12.89958,12.90178,0.00,0.00
2017.10.11 13:50:03.858,12.89952,12.90178,0.00,0.00
2017.10.11 13:50:03.937,12.89972,12.90178,0.00,0.00
2017.10.11 13:50:04.401,12.90001,12.90179,0.00,0.00
2017.10.11 13:50:04.638,12.89969,12.90178,0.00,0.00
2017.10.11 13:50:04.739,12.89971,12.90179,0.00,0.00
2017.10.11 13:50:05.058,12.89982,12.90178,0.00,0.00
2017.10.11 13:50:05.109,12.89971,12.90179,0.00,0.00
2017.10.11 13:50:05.209,12.89992,12.90178,0.00,0.00
2017.10.11 13:50:05.411,12.89991,12.90189,0.00,0.00
2017.10.11 13:50:05.507,12.89979,12.90191,0.00,0.00
2017.10.11 13:50:05.654,12.89949,12.90191,0.00,0.00
2017.10.11 13:50:05.705,12.89981,12.90189,0.00,0.00
2017.10.11 13:50:05.993,12.89991,12.90231,0.00,0.00
2017.10.11 13:50:06.155,12.90009,12.90238,0.00,0.00
2017.10.11 13:50:06.899,12.90009,12.90239,0.00,0.00
2017.10.11 13:50:07.215,12.89961,12.90189,0.00,0.00
2017.10.11 13:50:07.559,12.89952,12.90158,0.00,0.00
2017.10.11 13:50:08.067,12.89951,12.90159,0.00,0.00
2017.10.11 13:50:09.523,12.89952,12.90168,0.00,0.00
2017.10.11 13:50:10.074,12.89951,12.90169,0.00,0.00
2017.10.11 13:50:10.303,12.89952,12.90092,0.00,0.00
2017.10.11 13:50:10.354,12.89928,12.90088,0.00,0.00
2017.10.11 13:50:10.405,12.89909,12.90088,0.00,0.00
2017.10.11 13:50:10.506,12.89871,12.90089,0.00,0.00
2017.10.11 13:50:10.637,12.89861,12.90089,0.00,0.00
2017.10.11 13:50:10.688,12.89851,12.90079,0.00,0.00
2017.10.11 13:50:11.038,12.89858,12.90079,0.00,0.00
2017.10.11 13:50:11.865,12.89858,12.90089,0.00,0.00
2017.10.11 13:50:11.916,12.89871,12.90089,0.00,0.00
2017.10.11 13:50:12.384,12.89861,12.90089,0.00,0.00
2017.10.11 13:50:12.617,12.89851,12.90089,0.00,0.00
2017.10.11 13:50:12.883,12.89852,12.90058,0.00,0.00
2017.10.11 13:50:13.219,12.89869,12.89991,0.00,0.00
2017.10.11 13:50:13.269,12.89792,12.89991,0.00,0.00
2017.10.11 13:50:13.370,12.89781,12.89991,0.00,0.00
2017.10.11 13:50:13.969,12.89788,12.89991,0.00,0.00
2017.10.11 13:50:14.390,12.89781,12.89991,0.00,0.00
2017.10.11 13:50:14.997,12.89782,12.89991,0.00,0.00
2017.10.11 13:50:15.532,12.89781,12.89991,0.00,0.00
2017.10.11 13:50:15.972,12.89788,12.89991,0.00,0.00
2017.10.11 13:50:16.587,12.89782,12.89991,0.00,0.00
2017.10.11 13:50:16.943,12.89841,12.89991,0.00,0.00
2017.10.11 13:50:16.998,12.89842,12.90041,0.00,0.00
2017.10.11 13:50:17.185,12.89858,12.90078,0.00,0.00
2017.10.11 13:50:17.476,12.89851,12.90079,0.00,0.00
2017.10.11 13:50:17.577,12.89859,12.90078,0.00,0.00
2017.10.11 13:50:17.876,12.89841,12.90079,0.00,0.00
2017.10.11 13:50:18.085,12.89869,12.90079,0.00,0.00
2017.10.11 13:50:18.416,12.89899,12.90079,0.00,0.00
2017.10.11 13:50:18.678,12.89879,12.90078,0.00,0.00
2017.10.11 13:50:19.342,12.89879,12.90079,0.00,0.00
2017.10.11 13:50:19.443,12.89859,12.90069,0.00,0.00
2017.10.11 13:50:19.647,12.89859,12.90058,0.00,0.00
2017.10.11 13:50:19.798,12.89848,12.90059,0.00,0.00
2017.10.11 13:50:19.849,12.89848,12.90068,0.00,0.00
2017.10.11 13:50:19.950,12.89851,12.90079,0.00,0.00
2017.10.11 13:50:20.000,12.89878,12.90079,0.00,0.00
2017.10.11 13:50:20.332,12.89848,12.90078,0.00,0.00
2017.10.11 13:50:20.683,12.89878,12.90078,0.00,0.00
2017.10.11 13:50:21.204,12.89879,12.90078,0.00,0.00
2017.10.11 13:50:21.619,12.89849,12.90079,0.00,0.00
2017.10.11 13:50:22.733,12.89849,12.90069,0.00,0.00
2017.10.11 13:50:23.187,12.89878,12.90069,0.00,0.00
2017.10.11 13:50:23.487,12.89858,12.90069,0.00,0.00
2017.10.11 13:50:23.632,12.89858,12.90079,0.00,0.00
2017.10.11 13:50:23.812,12.89878,12.90079,0.00,0.00
2017.10.11 13:50:24.998,12.89848,12.90079,0.00,0.00
2017.10.11 13:50:25.250,12.89848,12.90068,0.00,0.00
2017.10.11 13:50:25.401,12.89848,12.90079,0.00,0.00
2017.10.11 13:50:25.451,12.89852,12.90078,0.00,0.00
2017.10.11 13:50:25.843,12.89878,12.90079,0.00,0.00
2017.10.11 13:50:26.005,12.89849,12.90079,0.00,0.00
2017.10.11 13:50:26.573,12.89849,12.90068,0.00,0.00
2017.10.11 13:50:26.674,12.89849,12.90079,0.00,0.00
2017.10.11 13:50:26.792,12.89851,12.90079,0.00,0.00
2017.10.11 13:50:27.152,12.89878,12.90078,0.00,0.00
2017.10.11 13:50:27.293,12.89852,12.90078,0.00,0.00
2017.10.11 13:50:27.523,12.89861,12.90079,0.00,0.00
2017.10.11 13:50:27.579,12.89851,12.90079,0.00,0.00
2017.10.11 13:50:27.630,12.89889,12.90079,0.00,0.00
2017.10.11 13:50:27.780,12.89889,12.90089,0.00,0.00
2017.10.11 13:50:27.874,12.89889,12.90092,0.00,0.00
2017.10.11 13:50:28.095,12.89859,12.90092,0.00,0.00
2017.10.11 13:50:28.295,12.89889,12.90092,0.00,0.00
2017.10.11 13:50:28.700,12.89869,12.90092,0.00,0.00
2017.10.11 13:50:29.249,12.89888,12.90092,0.00,0.00
2017.10.11 13:50:29.638,12.89901,12.90092,0.00,0.00
2017.10.11 13:50:29.835,12.89892,12.90092,0.00,0.00
2017.10.11 13:50:29.935,12.89889,12.90092,0.00,0.00
2017.10.11 13:50:30.799,12.89869,12.90092,0.00,0.00
2017.10.11 13:50:31.144,12.89871,12.90092,0.00,0.00
2017.10.11 13:50:31.602,12.89889,12.90092,0.00,0.00
2017.10.11 13:50:31.703,12.89869,12.90092,0.00,0.00
2017.10.11 13:50:31.753,12.89872,12.90092,0.00,0.00
2017.10.11 13:50:32.433,12.89871,12.90092,0.00,0.00
2017.10.11 13:50:32.959,12.89872,12.90092,0.00,0.00
2017.10.11 13:50:33.258,12.89862,12.90092,0.00,0.00
2017.10.11 13:50:33.359,12.89851,12.90079,0.00,0.00
2017.10.11 13:50:33.409,12.89852,12.90092,0.00,0.00
2017.10.11 13:50:33.526,12.89878,12.90092,0.00,0.00
2017.10.11 13:50:33.728,12.89861,12.90092,0.00,0.00
2017.10.11 13:50:33.794,12.89852,12.90092,0.00,0.00
2017.10.11 13:50:33.856,12.89861,12.90092,0.00,0.00
2017.10.11 13:50:34.365,12.89852,12.90092,0.00,0.00
2017.10.11 13:50:34.465,12.89852,12.90088,0.00,0.00
2017.10.11 13:50:34.799,12.89848,12.90041,0.00,0.00
2017.10.11 13:50:34.900,12.89852,12.90092,0.00,0.00
2017.10.11 13:50:35.054,12.89858,12.90092,0.00,0.00
2017.10.11 13:50:35.601,12.89888,12.90092,0.00,0.00
2017.10.11 13:50:35.753,12.89802,12.90041,0.00,0.00
2017.10.11 13:50:35.854,12.89808,12.90041,0.00,0.00
2017.10.11 13:50:36.124,12.89852,12.90088,0.00,0.00
2017.10.11 13:50:36.208,12.89878,12.90088,0.00,0.00
2017.10.11 13:50:36.533,12.89868,12.90041,0.00,0.00
2017.10.11 13:50:36.634,12.89821,12.90041,0.00,0.00
2017.10.11 13:50:37.154,12.89822,12.90041,0.00,0.00
2017.10.11 13:50:37.205,12.89841,12.89992,0.00,0.00
2017.10.11 13:50:37.301,12.89851,12.90089,0.00,0.00
2017.10.11 13:50:37.352,12.89878,12.90079,0.00,0.00
2017.10.11 13:50:37.610,12.89821,12.90041,0.00,0.00
2017.10.11 13:50:37.743,12.89821,12.89991,0.00,0.00
2017.10.11 13:50:37.794,12.89819,12.89991,0.00,0.00
2017.10.11 13:50:37.895,12.89808,12.90042,0.00,0.00
2017.10.11 13:50:38.046,12.89839,12.90042,0.00,0.00
2017.10.11 13:50:38.373,12.89791,12.89992,0.00,0.00
2017.10.11 13:50:38.696,12.89851,12.90069,0.00,0.00
2017.10.11 13:50:38.747,12.89878,12.90068,0.00,0.00
2017.10.11 13:50:39.013,12.89848,12.90068,0.00,0.00
2017.10.11 13:50:39.405,12.89848,12.90041,0.00,0.00
2017.10.11 13:50:39.657,12.89778,12.89992,0.00,0.00
2017.10.11 13:50:39.818,12.89809,12.90038,0.00,0.00
2017.10.11 13:50:39.869,12.89809,12.89992,0.00,0.00
2017.10.11 13:50:40.020,12.89792,12.89992,0.00,0.00
2017.10.11 13:50:40.121,12.89818,12.89992,0.00,0.00
2017.10.11 13:50:40.222,12.89791,12.89992,0.00,0.00
2017.10.11 13:50:40.323,12.89791,12.90039,0.00,0.00
2017.10.11 13:50:40.374,12.89792,12.90008,0.00,0.00
2017.10.11 13:50:40.575,12.89852,12.90081,0.00,0.00
2017.10.11 13:50:40.626,12.89869,12.90081,0.00,0.00
2017.10.11 13:50:40.722,12.89859,12.90081,0.00,0.00
2017.10.11 13:50:40.801,12.89859,12.90069,0.00,0.00
2017.10.11 13:50:40.952,12.89818,12.90032,0.00,0.00
2017.10.11 13:50:41.053,12.89791,12.90031,0.00,0.00
2017.10.11 13:50:41.217,12.89828,12.90031,0.00,0.00
2017.10.11 13:50:41.918,12.89821,12.90031,0.00,0.00
2017.10.11 13:50:42.064,12.89809,12.90031,0.00,0.00
2017.10.11 13:50:42.115,12.89809,12.89982,0.00,0.00
2017.10.11 13:50:42.166,12.89791,12.89982,0.00,0.00
2017.10.11 13:50:42.694,12.89792,12.89982,0.00,0.00
2017.10.11 13:50:42.797,12.89851,12.90032,0.00,0.00
2017.10.11 13:50:42.847,12.89841,12.90032,0.00,0.00
2017.10.11 13:50:42.898,12.89851,12.90032,0.00,0.00
2017.10.11 13:50:42.949,12.89859,12.90109,0.00,0.00
2017.10.11 13:50:42.999,12.89859,12.90069,0.00,0.00
2017.10.11 13:50:43.251,12.89801,12.90069,0.00,0.00
2017.10.11 13:50:43.371,12.89798,12.90069,0.00,0.00
2017.10.11 13:50:43.472,12.89829,12.90069,0.00,0.00
2017.10.11 13:50:43.774,12.89809,12.90021,0.00,0.00
2017.10.11 13:50:43.926,12.89791,12.90021,0.00,0.00
2017.10.11 13:50:44.414,12.89778,12.90021,0.00,0.00
2017.10.11 13:50:44.464,12.89808,12.90021,0.00,0.00
2017.10.11 13:50:44.523,12.89762,12.90021,0.00,0.00
2017.10.11 13:50:44.798,12.89792,12.90021,0.00,0.00
2017.10.11 13:50:44.899,12.89799,12.90041,0.00,0.00
2017.10.11 13:50:44.949,12.89858,12.90069,0.00,0.00
2017.10.11 13:50:45.050,12.89848,12.90068,0.00,0.00
2017.10.11 13:50:45.101,12.89839,12.90068,0.00,0.00
2017.10.11 13:50:45.227,12.89821,12.90071,0.00,0.00
2017.10.11 13:50:45.883,12.89822,12.90071,0.00,0.00
2017.10.11 13:50:46.092,12.89851,12.90092,0.00,0.00
2017.10.11 13:50:46.547,12.89851,12.90079,0.00,0.00
2017.10.11 13:50:47.057,12.89852,12.90078,0.00,0.00
2017.10.11 13:50:47.334,12.89851,12.90119,0.00,0.00
2017.10.11 13:50:47.435,12.89878,12.90119,0.00,0.00
2017.10.11 13:50:47.749,12.89948,12.90188,0.00,0.00
2017.10.11 13:50:48.025,12.89968,12.90209,0.00,0.00
2017.10.11 13:50:48.345,12.89968,12.90198,0.00,0.00
2017.10.11 13:50:48.438,12.89952,12.90198,0.00,0.00
2017.10.11 13:50:48.538,12.89978,12.90209,0.00,0.00
2017.10.11 13:50:48.853,12.89951,12.90199,0.00,0.00
2017.10.11 13:50:48.904,12.89951,12.90209,0.00,0.00
2017.10.11 13:50:48.955,12.89958,12.90209,0.00,0.00
2017.10.11 13:50:49.005,12.89961,12.90219,0.00,0.00
2017.10.11 13:50:49.056,12.89989,12.90219,0.00,0.00
2017.10.11 13:50:49.183,12.89989,12.90222,0.00,0.00
2017.10.11 13:50:49.512,12.89989,12.90218,0.00,0.00
2017.10.11 13:50:49.563,12.89962,12.90218,0.00,0.00
2017.10.11 13:50:49.954,12.89969,12.90218,0.00,0.00
2017.10.11 13:50:50.184,12.89951,12.90209,0.00,0.00
2017.10.11 13:50:50.235,12.89951,12.90179,0.00,0.00
2017.10.11 13:50:50.403,12.89951,12.90189,0.00,0.00
2017.10.11 13:50:50.681,12.89951,12.90179,0.00,0.00
2017.10.11 13:50:50.795,12.89951,12.90189,0.00,0.00
2017.10.11 13:50:51.250,12.89978,12.90189,0.00,0.00
2017.10.11 13:50:51.498,12.89879,12.90122,0.00,0.00
2017.10.11 13:50:51.598,12.89868,12.90122,0.00,0.00
2017.10.11 13:50:51.978,12.89878,12.90122,0.00,0.00
2017.10.11 13:50:52.292,12.89878,12.90118,0.00,0.00
2017.10.11 13:50:52.393,12.89861,12.90119,0.00,0.00
2017.10.11 13:50:52.571,12.89899,12.90122,0.00,0.00
2017.10.11 13:50:52.684,12.89879,12.90122,0.00,0.00
2017.10.11 13:50:53.263,12.89898,12.90122,0.00,0.00
2017.10.11 13:50:53.936,12.89898,12.90119,0.00,0.00
2017.10.11 13:50:54.083,12.89861,12.90109,0.00,0.00
2017.10.11 13:50:54.659,12.89879,12.90108,0.00,0.00
2017.10.11 13:50:54.866,12.89861,12.90099,0.00,0.00
2017.10.11 13:50:55.243,12.89862,12.90108,0.00,0.00
2017.10.11 13:50:55.361,12.89889,12.90108,0.00,0.00
2017.10.11 13:50:55.586,12.89861,12.90099,0.00,0.00
2017.10.11 13:50:55.954,12.89861,12.90089,0.00,0.00
2017.10.11 13:50:56.256,12.89898,12.90108,0.00,0.00
2017.10.11 13:50:56.516,12.89961,12.90172,0.00,0.00
2017.10.11 13:50:56.567,12.89981,12.90172,0.00,0.00
2017.10.11 13:50:56.617,12.89981,12.90221,0.00,0.00
2017.10.11 13:50:56.685,12.89998,12.90221,0.00,0.00
2017.10.11 13:50:57.666,12.89982,12.90221,0.00,0.00
2017.10.11 13:50:58.002,12.89978,12.90221,0.00,0.00
2017.10.11 13:50:58.067,12.89972,12.90221,0.00,0.00
2017.10.11 13:50:58.168,12.89961,12.90219,0.00,0.00
2017.10.11 13:50:58.218,12.89962,12.90198,0.00,0.00
2017.10.11 13:50:58.521,12.89971,12.90221,0.00,0.00
2017.10.11 13:50:58.572,12.89988,12.90221,0.00,0.00
2017.10.11 13:50:58.969,12.89971,12.90221,0.00,0.00
2017.10.11 13:50:59.232,12.89969,12.90208,0.00,0.00
2017.10.11 13:50:59.283,12.89962,12.90208,0.00,0.00
2017.10.11 13:50:59.352,12.89971,12.90221,0.00,0.00
2017.10.11 13:50:59.497,12.89978,12.90221,0.00,0.00
2017.10.11 13:50:59.802,12.89982,12.90221,0.00,0.00
2017.10.11 13:50:59.938,12.89978,12.90219,0.00,0.00
2017.10.11 13:51:00.054,12.89961,12.90209,0.00,0.00
2017.10.11 13:51:00.155,12.89972,12.90218,0.00,0.00
2017.10.11 13:51:00.244,12.89971,12.90221,0.00,0.00
2017.10.11 13:51:00.345,12.89991,12.90221,0.00,0.00
2017.10.11 13:51:00.674,12.89998,12.90221,0.00,0.00
2017.10.11 13:51:00.884,12.89981,12.90221,0.00,0.00
2017.10.11 13:51:01.110,12.89972,12.90221,0.00,0.00
2017.10.11 13:51:01.312,12.89991,12.90221,0.00,0.00
2017.10.11 13:51:01.363,12.89981,12.90221,0.00,0.00
2017.10.11 13:51:01.514,12.89988,12.90221,0.00,0.00
2017.10.11 13:51:01.677,12.89971,12.90219,0.00,0.00
2017.10.11 13:51:01.727,12.89972,12.90208,0.00,0.00
2017.10.11 13:51:02.049,12.89982,12.90208,0.00,0.00
2017.10.11 13:51:02.099,12.89981,12.90221,0.00,0.00
2017.10.11 13:51:02.200,12.89989,12.90221,0.00,0.00
2017.10.11 13:51:02.531,12.89992,12.90221,0.00,0.00
2017.10.11 13:51:02.682,12.89962,12.90208,0.00,0.00
2017.10.11 13:51:03.182,12.89969,12.90208,0.00,0.00
2017.10.11 13:51:03.283,12.89961,12.90209,0.00,0.00
2017.10.11 13:51:03.413,12.89978,12.90209,0.00,0.00
2017.10.11 13:51:03.514,12.89961,12.90209,0.00,0.00
2017.10.11 13:51:03.614,12.89961,12.90189,0.00,0.00
2017.10.11 13:51:03.664,12.89951,12.90189,0.00,0.00
2017.10.11 13:51:03.715,12.89968,12.90209,0.00,0.00
2017.10.11 13:51:03.824,12.89962,12.90218,0.00,0.00
2017.10.11 13:51:03.875,12.89971,12.90221,0.00,0.00
2017.10.11 13:51:04.212,12.89988,12.90221,0.00,0.00
2017.10.11 13:51:04.514,12.89998,12.90219,0.00,0.00
2017.10.11 13:51:04.725,12.89981,12.90219,0.00,0.00
2017.10.11 13:51:05.066,12.89981,12.90221,0.00,0.00
2017.10.11 13:51:05.482,12.89982,12.90218,0.00,0.00
2017.10.11 13:51:05.694,12.89982,12.90221,0.00,0.00
2017.10.11 13:51:05.892,12.89981,12.90219,0.00,0.00
2017.10.11 13:51:06.387,12.89972,12.90208,0.00,0.00
2017.10.11 13:51:06.437,12.89968,12.90209,0.00,0.00
2017.10.11 13:51:06.498,12.89961,12.90209,0.00,0.00
2017.10.11 13:51:06.549,12.89971,12.90219,0.00,0.00
2017.10.11 13:51:06.950,12.89962,12.90198,0.00,0.00
2017.10.11 13:51:07.411,12.89951,12.90179,0.00,0.00
2017.10.11 13:51:07.912,12.89952,12.90178,0.00,0.00
2017.10.11 13:51:07.962,12.89952,12.90188,0.00,0.00
2017.10.11 13:51:08.013,12.89989,12.90199,0.00,0.00
2017.10.11 13:51:08.245,12.89958,12.90199,0.00,0.00
2017.10.11 13:51:08.963,12.89958,12.90198,0.00,0.00
2017.10.11 13:51:09.207,12.89968,12.90199,0.00,0.00
2017.10.11 13:51:09.943,12.89968,12.90198,0.00,0.00
2017.10.11 13:51:09.994,12.89968,12.90209,0.00,0.00
2017.10.11 13:51:10.145,12.89988,12.90209,0.00,0.00
2017.10.11 13:51:11.613,12.89988,12.90199,0.00,0.00
2017.10.11 13:51:11.755,12.89979,12.90199,0.00,0.00
2017.10.11 13:51:12.121,12.89979,12.90209,0.00,0.00
2017.10.11 13:51:12.745,12.89961,12.90209,0.00,0.00
2017.10.11 13:51:13.119,12.89978,12.90209,0.00,0.00
2017.10.11 13:51:13.504,12.89978,12.90218,0.00,0.00
2017.10.11 13:51:14.022,12.89978,12.90219,0.00,0.00
2017.10.11 13:51:14.652,12.89978,12.90209,0.00,0.00
2017.10.11 13:51:14.824,12.89962,12.90208,0.00,0.00
2017.10.11 13:51:15.562,12.89961,12.90209,0.00,0.00
2017.10.11 13:51:15.763,12.89978,12.90209,0.00,0.00
2017.10.11 13:51:16.255,12.89978,12.90219,0.00,0.00
2017.10.11 13:51:16.356,12.89972,12.90218,0.00,0.00
2017.10.11 13:51:16.426,12.89998,12.90218,0.00,0.00
2017.10.11 13:51:16.985,12.89998,12.90219,0.00,0.00
2017.10.11 13:51:17.037,12.89979,12.90219,0.00,0.00
2017.10.11 13:51:18.024,12.89979,12.90208,0.00,0.00
2017.10.11 13:51:18.103,12.89979,12.90218,0.00,0.00
2017.10.11 13:51:18.154,12.89998,12.90219,0.00,0.00
2017.10.11 13:51:18.355,12.89968,12.90199,0.00,0.00
2017.10.11 13:51:18.986,12.89968,12.90198,0.00,0.00
2017.10.11 13:51:19.431,12.89988,12.90199,0.00,0.00
2017.10.11 13:51:19.682,12.89998,12.90219,0.00,0.00
2017.10.11 13:51:20.273,12.89998,12.90218,0.00,0.00
2017.10.11 13:51:20.433,12.89972,12.90218,0.00,0.00
2017.10.11 13:51:21.235,12.89988,12.90218,0.00,0.00
2017.10.11 13:51:21.535,12.89968,12.90209,0.00,0.00
2017.10.11 13:51:21.636,12.89968,12.90198,0.00,0.00
2017.10.11 13:51:22.337,12.89968,12.90199,0.00,0.00
2017.10.11 13:51:23.139,12.89989,12.90199,0.00,0.00
2017.10.11 13:51:24.894,12.89989,12.90198,0.00,0.00
2017.10.11 13:51:25.543,12.89998,12.90198,0.00,0.00
2017.10.11 13:51:25.917,12.89998,12.90218,0.00,0.00
2017.10.11 13:51:26.076,12.90008,12.90218,0.00,0.00
2017.10.11 13:51:26.426,12.90008,12.90208,0.00,0.00
2017.10.11 13:51:26.477,12.89999,12.90208,0.00,0.00
2017.10.11 13:51:26.844,12.89999,12.90199,0.00,0.00
2017.10.11 13:51:27.288,12.89968,12.90198,0.00,0.00
2017.10.11 13:51:27.947,12.89968,12.90208,0.00,0.00
2017.10.11 13:51:27.998,12.89971,12.90219,0.00,0.00
2017.10.11 13:51:28.050,12.89998,12.90219,0.00,0.00
2017.10.11 13:51:28.351,12.89989,12.90219,0.00,0.00
2017.10.11 13:51:28.610,12.89989,12.90208,0.00,0.00
2017.10.11 13:51:29.654,12.89969,12.90208,0.00,0.00
2017.10.11 13:51:29.754,12.89988,12.90208,0.00,0.00
2017.10.11 13:51:29.805,12.89988,12.90219,0.00,0.00
2017.10.11 13:51:29.856,12.90052,12.90278,0.00,0.00
2017.10.11 13:51:30.203,12.90088,12.90279,0.00,0.00
2017.10.11 13:51:30.304,12.90059,12.90278,0.00,0.00
2017.10.11 13:51:30.474,12.90098,12.90278,0.00,0.00
2017.10.11 13:51:30.824,12.90098,12.90268,0.00,0.00
2017.10.11 13:51:30.875,12.90051,12.90269,0.00,0.00
2017.10.11 13:51:30.975,12.90051,12.90289,0.00,0.00
2017.10.11 13:51:31.076,12.90088,12.90289,0.00,0.00
2017.10.11 13:51:31.527,12.90088,12.90221,0.00,0.00
2017.10.11 13:51:31.699,12.89999,12.90221,0.00,0.00
2017.10.11 13:51:31.902,12.89999,12.90218,0.00,0.00
2017.10.11 13:51:32.003,12.89979,12.90208,0.00,0.00
2017.10.11 13:51:32.266,12.89968,12.90208,0.00,0.00
2017.10.11 13:51:32.462,12.89988,12.90208,0.00,0.00
2017.10.11 13:51:32.663,12.89968,12.90209,0.00,0.00
2017.10.11 13:51:32.979,12.89989,12.90209,0.00,0.00
2017.10.11 13:51:33.164,12.89969,12.90209,0.00,0.00
2017.10.11 13:51:33.566,12.89989,12.90209,0.00,0.00
2017.10.11 13:51:34.072,12.89989,12.90199,0.00,0.00
2017.10.11 13:51:34.173,12.89968,12.90189,0.00,0.00
2017.10.11 13:51:34.321,12.89968,12.90199,0.00,0.00
2017.10.11 13:51:34.372,12.89998,12.90198,0.00,0.00
2017.10.11 13:51:34.880,12.89998,12.90188,0.00,0.00
2017.10.11 13:51:34.984,12.89968,12.90188,0.00,0.00
2017.10.11 13:51:35.403,12.89999,12.90189,0.00,0.00
2017.10.11 13:51:36.072,12.89978,12.90189,0.00,0.00
2017.10.11 13:51:36.185,12.89998,12.90188,0.00,0.00
2017.10.11 13:51:36.774,12.89998,12.90198,0.00,0.00
2017.10.11 13:51:37.275,12.89968,12.90198,0.00,0.00
2017.10.11 13:51:37.325,12.89968,12.90139,0.00,0.00
2017.10.11 13:51:37.426,12.89968,12.90169,0.00,0.00
2017.10.11 13:51:37.477,12.89912,12.90172,0.00,0.00
2017.10.11 13:51:37.614,12.89929,12.90172,0.00,0.00
2017.10.11 13:51:38.131,12.89958,12.90172,0.00,0.00
2017.10.11 13:51:38.394,12.89898,12.90121,0.00,0.00
2017.10.11 13:51:38.645,12.89902,12.90171,0.00,0.00
2017.10.11 13:51:38.696,12.89938,12.90171,0.00,0.00
2017.10.11 13:51:39.019,12.89949,12.90171,0.00,0.00
2017.10.11 13:51:39.380,12.89918,12.90171,0.00,0.00
2017.10.11 13:51:39.603,12.89918,12.90168,0.00,0.00
2017.10.11 13:51:39.952,12.89898,12.90122,0.00,0.00
2017.10.11 13:51:40.342,12.89928,12.90122,0.00,0.00
2017.10.11 13:51:40.483,12.89898,12.90122,0.00,0.00
2017.10.11 13:51:41.443,12.89898,12.90139,0.00,0.00
2017.10.11 13:51:41.493,12.89941,12.90172,0.00,0.00
2017.10.11 13:51:41.808,12.89979,12.90178,0.00,0.00
2017.10.11 13:51:42.136,12.89898,12.90122,0.00,0.00
2017.10.11 13:51:42.493,12.89939,12.90122,0.00,0.00
2017.10.11 13:51:42.695,12.89892,12.90122,0.00,0.00
2017.10.11 13:51:42.997,12.89928,12.90122,0.00,0.00
2017.10.11 13:51:43.199,12.89898,12.90122,0.00,0.00
2017.10.11 13:51:43.393,12.89918,12.90122,0.00,0.00
2017.10.11 13:51:43.723,12.89908,12.90122,0.00,0.00
2017.10.11 13:51:43.931,12.89891,12.90122,0.00,0.00
2017.10.11 13:51:44.333,12.89888,12.90122,0.00,0.00
2017.10.11 13:51:44.548,12.89888,12.90118,0.00,0.00
2017.10.11 13:51:44.699,12.89878,12.90109,0.00,0.00
2017.10.11 13:51:45.437,12.89878,12.90108,0.00,0.00
2017.10.11 13:51:46.242,12.89878,12.90098,0.00,0.00
2017.10.11 13:51:46.343,12.89878,12.90109,0.00,0.00
2017.10.11 13:51:46.394,12.89878,12.90089,0.00,0.00
2017.10.11 13:51:46.703,12.89918,12.90089,0.00,0.00
2017.10.11 13:51:47.127,12.89918,12.90078,0.00,0.00
2017.10.11 13:51:47.302,12.89878,12.90079,0.00,0.00
2017.10.11 13:51:47.525,12.89878,12.90029,0.00,0.00
2017.10.11 13:51:47.625,12.89909,12.90071,0.00,0.00
2017.10.11 13:51:47.676,12.89909,12.90191,0.00,0.00
2017.10.11 13:51:47.727,12.89768,12.89872,0.00,0.00
2017.10.11 13:51:47.828,12.89759,12.89879,0.00,0.00
2017.10.11 13:51:47.929,12.89759,12.89909,0.00,0.00
2017.10.11 13:51:48.076,12.89651,12.89889,0.00,0.00
2017.10.11 13:51:48.127,12.89699,12.89922,0.00,0.00
2017.10.11 13:51:48.429,12.89708,12.89922,0.00,0.00
2017.10.11 13:51:48.529,12.89699,12.89922,0.00,0.00
2017.10.11 13:51:48.580,12.89699,12.89919,0.00,0.00
2017.10.11 13:51:48.630,12.89688,12.89922,0.00,0.00
2017.10.11 13:51:48.843,12.89688,12.89918,0.00,0.00
2017.10.11 13:51:49.262,12.89698,12.89919,0.00,0.00
2017.10.11 13:51:49.832,12.89708,12.89919,0.00,0.00
2017.10.11 13:51:50.176,12.89708,12.89922,0.00,0.00
2017.10.11 13:51:50.704,12.89708,12.89918,0.00,0.00
2017.10.11 13:51:50.754,12.89678,12.89918,0.00,0.00
2017.10.11 13:51:50.855,12.89678,12.89909,0.00,0.00
2017.10.11 13:51:50.960,12.89689,12.89922,0.00,0.00
2017.10.11 13:51:51.011,12.89678,12.89922,0.00,0.00
2017.10.11 13:51:51.112,12.89708,12.89922,0.00,0.00
2017.10.11 13:51:51.712,12.89699,12.89922,0.00,0.00
2017.10.11 13:51:52.012,12.89689,12.89922,0.00,0.00
2017.10.11 13:51:52.213,12.89698,12.89922,0.00,0.00
2017.10.11 13:51:52.573,12.89698,12.89909,0.00,0.00
2017.10.11 13:51:52.902,12.89678,12.89878,0.00,0.00
2017.10.11 13:51:53.225,12.89698,12.89879,0.00,0.00
2017.10.11 13:51:53.276,12.89698,12.89908,0.00,0.00
2017.10.11 13:51:53.326,12.89709,12.89908,0.00,0.00
2017.10.11 13:51:53.817,12.89688,12.89909,0.00,0.00
2017.10.11 13:51:54.017,12.89678,12.89909,0.00,0.00
2017.10.11 13:51:54.618,12.89688,12.89909,0.00,0.00
2017.10.11 13:51:55.253,12.89688,12.89908,0.00,0.00
2017.10.11 13:51:55.782,12.89688,12.89909,0.00,0.00
2017.10.11 13:51:55.967,12.89688,12.89922,0.00,0.00
2017.10.11 13:51:56.157,12.89688,12.89908,0.00,0.00
2017.10.11 13:51:56.767,12.89688,12.89909,0.00,0.00
2017.10.11 13:51:57.325,12.89679,12.89909,0.00,0.00
2017.10.11 13:51:57.527,12.89679,12.89899,0.00,0.00
2017.10.11 13:51:57.742,12.89668,12.89898,0.00,0.00
2017.10.11 13:51:57.843,12.89668,12.89908,0.00,0.00
2017.10.11 13:51:57.944,12.89699,12.89918,0.00,0.00
2017.10.11 13:51:58.045,12.89699,12.89922,0.00,0.00
2017.10.11 13:51:58.145,12.89709,12.89922,0.00,0.00
2017.10.11 13:51:58.347,12.89751,12.89972,0.00,0.00
2017.10.11 13:51:58.398,12.89761,12.89972,0.00,0.00
2017.10.11 13:51:58.448,12.89761,12.90012,0.00,0.00
2017.10.11 13:51:58.499,12.89751,12.89999,0.00,0.00
2017.10.11 13:51:58.907,12.89798,12.90019,0.00,0.00
2017.10.11 13:51:59.531,12.89779,12.90019,0.00,0.00
2017.10.11 13:51:59.623,12.89781,12.90022,0.00,0.00
2017.10.11 13:51:59.683,12.89779,12.90018,0.00,0.00
2017.10.11 13:52:00.033,12.89768,12.89999,0.00,0.00
2017.10.11 13:52:00.195,12.89781,12.90022,0.00,0.00
2017.10.11 13:52:00.246,12.89798,12.90022,0.00,0.00
2017.10.11 13:52:00.547,12.89798,12.90009,0.00,0.00
2017.10.11 13:52:00.634,12.89788,12.90009,0.00,0.00
2017.10.11 13:52:00.783,12.89781,12.90009,0.00,0.00
2017.10.11 13:52:01.035,12.89789,12.90009,0.00,0.00
2017.10.11 13:52:01.616,12.89789,12.90019,0.00,0.00
2017.10.11 13:52:02.185,12.89789,12.90022,0.00,0.00
2017.10.11 13:52:02.286,12.89799,12.90022,0.00,0.00
2017.10.11 13:52:02.604,12.89798,12.90009,0.00,0.00
2017.10.11 13:52:02.654,12.89791,12.90009,0.00,0.00
2017.10.11 13:52:02.705,12.89791,12.90019,0.00,0.00
2017.10.11 13:52:02.939,12.89799,12.90019,0.00,0.00
2017.10.11 13:52:03.008,12.89799,12.90022,0.00,0.00
2017.10.11 13:52:03.109,12.89799,12.90019,0.00,0.00
2017.10.11 13:52:03.159,12.89791,12.90019,0.00,0.00
2017.10.11 13:52:03.508,12.89792,12.90022,0.00,0.00
2017.10.11 13:52:03.559,12.89799,12.90022,0.00,0.00
2017.10.11 13:52:03.927,12.89852,12.90068,0.00,0.00
2017.10.11 13:52:03.977,12.89869,12.90098,0.00,0.00
2017.10.11 13:52:04.078,12.89869,12.90078,0.00,0.00
2017.10.11 13:52:04.179,12.89801,12.90022,0.00,0.00
2017.10.11 13:52:04.230,12.89801,12.90009,0.00,0.00
2017.10.11 13:52:04.702,12.89801,12.89999,0.00,0.00
2017.10.11 13:52:04.762,12.89791,12.89999,0.00,0.00
2017.10.11 13:52:05.113,12.89782,12.89998,0.00,0.00
2017.10.11 13:52:05.763,12.89781,12.90009,0.00,0.00
2017.10.11 13:52:05.902,12.89791,12.90022,0.00,0.00
2017.10.11 13:52:05.953,12.89808,12.90022,0.00,0.00
2017.10.11 13:52:06.649,12.89798,12.90022,0.00,0.00
2017.10.11 13:52:08.360,12.89782,12.90022,0.00,0.00
2017.10.11 13:52:08.461,12.89781,12.90019,0.00,0.00
2017.10.11 13:52:08.839,12.89781,12.90009,0.00,0.00
2017.10.11 13:52:09.375,12.89781,12.89989,0.00,0.00
2017.10.11 13:52:09.705,12.89788,12.89989,0.00,0.00
2017.10.11 13:52:10.007,12.89771,12.89969,0.00,0.00
2017.10.11 13:52:10.574,12.89771,12.89979,0.00,0.00
2017.10.11 13:52:10.675,12.89788,12.89979,0.00,0.00
2017.10.11 13:52:11.453,12.89788,12.89969,0.00,0.00
2017.10.11 13:52:11.503,12.89771,12.89989,0.00,0.00
2017.10.11 13:52:11.604,12.89772,12.89968,0.00,0.00
2017.10.11 13:52:11.655,12.89771,12.89989,0.00,0.00
2017.10.11 13:52:12.393,12.89772,12.89988,0.00,0.00
2017.10.11 13:52:12.494,12.89789,12.89988,0.00,0.00
2017.10.11 13:52:12.852,12.89789,12.89969,0.00,0.00
2017.10.11 13:52:12.902,12.89771,12.89979,0.00,0.00
2017.10.11 13:52:13.101,12.89779,12.89989,0.00,0.00
2017.10.11 13:52:13.231,12.89779,12.89999,0.00,0.00
2017.10.11 13:52:13.450,12.89778,12.89989,0.00,0.00
2017.10.11 13:52:13.701,12.89772,12.89988,0.00,0.00
2017.10.11 13:52:13.964,12.89788,12.89989,0.00,0.00
2017.10.11 13:52:14.065,12.89771,12.89989,0.00,0.00
2017.10.11 13:52:14.138,12.89772,12.89998,0.00,0.00
2017.10.11 13:52:14.284,12.89771,12.89989,0.00,0.00
2017.10.11 13:52:14.843,12.89772,12.89998,0.00,0.00
2017.10.11 13:52:14.972,12.89772,12.89988,0.00,0.00
2017.10.11 13:52:15.160,12.89772,12.89998,0.00,0.00
2017.10.11 13:52:15.210,12.89778,12.89988,0.00,0.00
2017.10.11 13:52:15.311,12.89771,12.89989,0.00,0.00
2017.10.11 13:52:15.655,12.89771,12.89979,0.00,0.00
2017.10.11 13:52:16.354,12.89772,12.89978,0.00,0.00
2017.10.11 13:52:17.066,12.89771,12.89979,0.00,0.00
2017.10.11 13:52:17.488,12.89771,12.89989,0.00,0.00
2017.10.11 13:52:18.445,12.89791,12.90031,0.00,0.00
2017.10.11 13:52:18.863,12.89788,12.90029,0.00,0.00
2017.10.11 13:52:18.964,12.89782,12.89998,0.00,0.00
2017.10.11 13:52:19.184,12.89782,12.90018,0.00,0.00
2017.10.11 13:52:19.285,12.89798,12.90019,0.00,0.00
2017.10.11 13:52:19.625,12.89781,12.89979,0.00,0.00
2017.10.11 13:52:19.985,12.89782,12.89968,0.00,0.00
2017.10.11 13:52:20.594,12.89781,12.89979,0.00,0.00
2017.10.11 13:52:20.645,12.89782,12.90018,0.00,0.00
2017.10.11 13:52:20.796,12.89809,12.90019,0.00,0.00
2017.10.11 13:52:21.234,12.89809,12.90029,0.00,0.00
2017.10.11 13:52:21.284,12.89819,12.90029,0.00,0.00
2017.10.11 13:52:22.155,12.89819,12.90028,0.00,0.00
2017.10.11 13:52:22.956,12.89819,12.90029,0.00,0.00
2017.10.11 13:52:23.183,12.89809,12.90028,0.00,0.00
2017.10.11 13:52:23.253,12.89809,12.90031,0.00,0.00
2017.10.11 13:52:23.515,12.89872,12.90031,0.00,0.00
2017.10.11 13:52:23.566,12.89821,12.90049,0.00,0.00
2017.10.11 13:52:23.618,12.89848,12.90049,0.00,0.00
2017.10.11 13:52:23.954,12.89791,12.89989,0.00,0.00
2017.10.11 13:52:24.276,12.89809,12.89988,0.00,0.00
2017.10.11 13:52:24.435,12.89782,12.89988,0.00,0.00
2017.10.11 13:52:24.887,12.89808,12.89989,0.00,0.00
2017.10.11 13:52:26.123,12.89808,12.89979,0.00,0.00
2017.10.11 13:52:26.233,12.89781,12.89969,0.00,0.00
2017.10.11 13:52:26.430,12.89789,12.89968,0.00,0.00
2017.10.11 13:52:26.627,12.89769,12.89982,0.00,0.00
2017.10.11 13:52:26.677,12.89771,12.89982,0.00,0.00
2017.10.11 13:52:27.102,12.89772,12.89958,0.00,0.00
2017.10.11 13:52:27.203,12.89771,12.89979,0.00,0.00
2017.10.11 13:52:27.304,12.89788,12.89978,0.00,0.00
2017.10.11 13:52:27.633,12.89772,12.89978,0.00,0.00
2017.10.11 13:52:27.806,12.89799,12.89979,0.00,0.00
2017.10.11 13:52:27.942,12.89799,12.89999,0.00,0.00
2017.10.11 13:52:28.092,12.89778,12.89999,0.00,0.00
2017.10.11 13:52:28.233,12.89778,12.89969,0.00,0.00
2017.10.11 13:52:28.283,12.89778,12.89979,0.00,0.00
2017.10.11 13:52:28.334,12.89771,12.89979,0.00,0.00
2017.10.11 13:52:29.083,12.89772,12.89978,0.00,0.00
2017.10.11 13:52:29.163,12.89759,12.89958,0.00,0.00
2017.10.11 13:52:29.213,12.89729,12.89932,0.00,0.00
2017.10.11 13:52:29.314,12.89691,12.89932,0.00,0.00
2017.10.11 13:52:29.446,12.89691,12.89919,0.00,0.00
2017.10.11 13:52:29.781,12.89691,12.89899,0.00,0.00
2017.10.11 13:52:30.096,12.89691,12.89889,0.00,0.00
2017.10.11 13:52:30.344,12.89691,12.89899,0.00,0.00
2017.10.11 13:52:30.397,12.89719,12.89899,0.00,0.00
2017.10.11 13:52:30.697,12.89709,12.89898,0.00,0.00
2017.10.11 13:52:30.798,12.89691,12.89899,0.00,0.00
2017.10.11 13:52:30.849,12.89691,12.89909,0.00,0.00
2017.10.11 13:52:31.167,12.89691,12.89919,0.00,0.00
2017.10.11 13:52:31.507,12.89719,12.89929,0.00,0.00
2017.10.11 13:52:31.558,12.89719,12.89932,0.00,0.00
2017.10.11 13:52:31.608,12.89759,12.89939,0.00,0.00
2017.10.11 13:52:31.709,12.89689,12.89919,0.00,0.00
2017.10.11 13:52:31.849,12.89689,12.89899,0.00,0.00
2017.10.11 13:52:32.355,12.89689,12.89898,0.00,0.00
2017.10.11 13:52:32.494,12.89689,12.89908,0.00,0.00
2017.10.11 13:52:32.545,12.89719,12.89908,0.00,0.00
2017.10.11 13:52:32.646,12.89682,12.89908,0.00,0.00
2017.10.11 13:52:32.702,12.89718,12.89908,0.00,0.00
2017.10.11 13:52:32.834,12.89718,12.89932,0.00,0.00
2017.10.11 13:52:32.902,12.89699,12.89932,0.00,0.00
2017.10.11 13:52:32.953,12.89699,12.89898,0.00,0.00
2017.10.11 13:52:33.003,12.89699,12.89909,0.00,0.00
2017.10.11 13:52:33.404,12.89698,12.89918,0.00,0.00
2017.10.11 13:52:33.505,12.89718,12.89919,0.00,0.00
2017.10.11 13:52:33.618,12.89718,12.89932,0.00,0.00
2017.10.11 13:52:33.669,12.89731,12.89969,0.00,0.00
2017.10.11 13:52:33.720,12.89759,12.89969,0.00,0.00
2017.10.11 13:52:33.820,12.89698,12.89931,0.00,0.00
2017.10.11 13:52:34.022,12.89728,12.89931,0.00,0.00
2017.10.11 13:52:34.255,12.89732,12.89968,0.00,0.00
2017.10.11 13:52:34.306,12.89758,12.89969,0.00,0.00
2017.10.11 13:52:34.554,12.89748,12.89968,0.00,0.00
2017.10.11 13:52:34.983,12.89748,12.89932,0.00,0.00
2017.10.11 13:52:35.034,12.89699,12.89932,0.00,0.00
2017.10.11 13:52:35.084,12.89699,12.89928,0.00,0.00
2017.10.11 13:52:35.942,12.89699,12.89929,0.00,0.00
2017.10.11 13:52:36.411,12.89709,12.89929,0.00,0.00
2017.10.11 13:52:36.462,12.89709,12.89932,0.00,0.00
2017.10.11 13:52:36.512,12.89729,12.89932,0.00,0.00
2017.10.11 13:52:36.613,12.89708,12.89929,0.00,0.00
2017.10.11 13:52:36.712,12.89689,12.89929,0.00,0.00
2017.10.11 13:52:36.921,12.89709,12.89929,0.00,0.00
2017.10.11 13:52:37.193,12.89709,12.89932,0.00,0.00
2017.10.11 13:52:37.244,12.89692,12.89932,0.00,0.00
2017.10.11 13:52:37.304,12.89701,12.89932,0.00,0.00
2017.10.11 13:52:37.354,12.89728,12.89969,0.00,0.00
2017.10.11 13:52:37.455,12.89748,12.89969,0.00,0.00
2017.10.11 13:52:38.035,12.89738,12.89969,0.00,0.00
2017.10.11 13:52:38.240,12.89758,12.89989,0.00,0.00
2017.10.11 13:52:38.593,12.89771,12.89979,0.00,0.00
2017.10.11 13:52:39.641,12.89771,12.89969,0.00,0.00
2017.10.11 13:52:40.763,12.89778,12.89969,0.00,0.00
2017.10.11 13:52:41.353,12.89778,12.89968,0.00,0.00
2017.10.11 13:52:41.634,12.89772,12.89968,0.00,0.00
2017.10.11 13:52:41.685,12.89771,12.89979,0.00,0.00
2017.10.11 13:52:41.735,12.89778,12.89978,0.00,0.00
2017.10.11 13:52:41.836,12.89778,12.89989,0.00,0.00
2017.10.11 13:52:41.926,12.89771,12.89989,0.00,0.00
2017.10.11 13:52:42.595,12.89749,12.89969,0.00,0.00
2017.10.11 13:52:42.646,12.89738,12.89969,0.00,0.00
2017.10.11 13:52:42.696,12.89738,12.89929,0.00,0.00
2017.10.11 13:52:42.747,12.89698,12.89929,0.00,0.00
2017.10.11 13:52:42.848,12.89698,12.89932,0.00,0.00
2017.10.11 13:52:43.128,12.89709,12.89932,0.00,0.00
2017.10.11 13:52:43.330,12.89698,12.89932,0.00,0.00
2017.10.11 13:52:43.729,12.89709,12.89932,0.00,0.00
2017.10.11 13:52:43.852,12.89698,12.89932,0.00,0.00
2017.10.11 13:52:44.230,12.89708,12.89932,0.00,0.00
2017.10.11 13:52:44.731,12.89709,12.89932,0.00,0.00
2017.10.11 13:52:45.552,12.89689,12.89918,0.00,0.00
2017.10.11 13:52:45.652,12.89689,12.89909,0.00,0.00
2017.10.11 13:52:46.083,12.89699,12.89908,0.00,0.00
2017.10.11 13:52:46.403,12.89699,12.89919,0.00,0.00
2017.10.11 13:52:46.454,12.89718,12.89918,0.00,0.00
2017.10.11 13:52:46.554,12.89689,12.89919,0.00,0.00
2017.10.11 13:52:46.655,12.89689,12.89908,0.00,0.00
2017.10.11 13:52:47.222,12.89689,12.89909,0.00,0.00
2017.10.11 13:52:47.532,12.89698,12.89899,0.00,0.00
2017.10.11 13:52:47.632,12.89698,12.89909,0.00,0.00
2017.10.11 13:52:47.683,12.89718,12.89909,0.00,0.00
2017.10.11 13:52:47.784,12.89718,12.89919,0.00,0.00
2017.10.11 13:52:47.983,12.89718,12.89909,0.00,0.00
2017.10.11 13:52:48.641,12.89688,12.89909,0.00,0.00
2017.10.11 13:52:49.042,12.89698,12.89909,0.00,0.00
2017.10.11 13:52:49.216,12.89698,12.89919,0.00,0.00
2017.10.11 13:52:49.267,12.89719,12.89932,0.00,0.00
2017.10.11 13:52:49.793,12.89728,12.89932,0.00,0.00
2017.10.11 13:52:49.894,12.89709,12.89932,0.00,0.00
2017.10.11 13:52:49.945,12.89692,12.89932,0.00,0.00
2017.10.11 13:52:49.995,12.89688,12.89898,0.00,0.00
2017.10.11 13:52:50.046,12.89682,12.89898,0.00,0.00
2017.10.11 13:52:50.579,12.89681,12.89889,0.00,0.00
2017.10.11 13:52:51.148,12.89708,12.89888,0.00,0.00
2017.10.11 13:52:51.449,12.89689,12.89889,0.00,0.00
2017.10.11 13:52:52.208,12.89689,12.89879,0.00,0.00
2017.10.11 13:52:52.258,12.89671,12.89879,0.00,0.00
2017.10.11 13:52:52.359,12.89709,12.89889,0.00,0.00
2017.10.11 13:52:52.410,12.89709,12.89908,0.00,0.00
2017.10.11 13:52:52.713,12.89709,12.89898,0.00,0.00
2017.10.11 13:52:52.764,12.89688,12.89898,0.00,0.00
2017.10.11 13:52:53.426,12.89751,12.89909,0.00,0.00
2017.10.11 13:52:53.476,12.89749,12.89939,0.00,0.00
2017.10.11 13:52:53.527,12.89749,12.89928,0.00,0.00
2017.10.11 13:52:53.577,12.89718,12.89928,0.00,0.00
2017.10.11 13:52:53.673,12.89688,12.89919,0.00,0.00
2017.10.11 13:52:53.815,12.89688,12.89899,0.00,0.00
2017.10.11 13:52:54.357,12.89681,12.89899,0.00,0.00
2017.10.11 13:52:54.606,12.89681,12.89909,0.00,0.00
2017.10.11 13:52:54.707,12.89709,12.89928,0.00,0.00
2017.10.11 13:52:55.033,12.89682,12.89898,0.00,0.00
2017.10.11 13:52:55.652,12.89681,12.89899,0.00,0.00
2017.10.11 13:52:56.203,12.89681,12.89909,0.00,0.00
2017.10.11 13:52:56.304,12.89709,12.89909,0.00,0.00
2017.10.11 13:52:57.057,12.89709,12.89898,0.00,0.00
2017.10.11 13:52:57.107,12.89681,12.89899,0.00,0.00
2017.10.11 13:52:57.158,12.89681,12.89909,0.00,0.00
2017.10.11 13:52:57.735,12.89709,12.89909,0.00,0.00
2017.10.11 13:52:58.327,12.89708,12.89909,0.00,0.00
2017.10.11 13:52:58.498,12.89681,12.89899,0.00,0.00
2017.10.11 13:52:58.548,12.89682,12.89888,0.00,0.00
2017.10.11 13:52:59.145,12.89681,12.89889,0.00,0.00
2017.10.11 13:52:59.502,12.89699,12.89898,0.00,0.00
2017.10.11 13:53:00.097,12.89689,12.89898,0.00,0.00
2017.10.11 13:53:00.477,12.89698,12.89908,0.00,0.00
2017.10.11 13:53:00.528,12.89781,12.89982,0.00,0.00
2017.10.11 13:53:00.679,12.89792,12.90008,0.00,0.00
2017.10.11 13:53:00.774,12.89791,12.90019,0.00,0.00
2017.10.11 13:53:00.875,12.89791,12.89989,0.00,0.00
2017.10.11 13:53:00.926,12.89792,12.89998,0.00,0.00
2017.10.11 13:53:00.976,12.89792,12.89968,0.00,0.00
2017.10.11 13:53:01.027,12.89791,12.89989,0.00,0.00
2017.10.11 13:53:01.127,12.89791,12.89999,0.00,0.00
2017.10.11 13:53:01.246,12.89791,12.89969,0.00,0.00
2017.10.11 13:53:01.447,12.89791,12.89989,0.00,0.00
2017.10.11 13:53:03.256,12.89792,12.89988,0.00,0.00
2017.10.11 13:53:03.493,12.89791,12.89969,0.00,0.00
2017.10.11 13:53:03.815,12.89791,12.89979,0.00,0.00
2017.10.11 13:53:03.916,12.89791,12.89989,0.00,0.00
2017.10.11 13:53:04.054,12.89792,12.89978,0.00,0.00
2017.10.11 13:53:04.425,12.89791,12.89969,0.00,0.00
2017.10.11 13:53:04.946,12.89792,12.89968,0.00,0.00
2017.10.11 13:53:04.997,12.89708,12.89919,0.00,0.00
2017.10.11 13:53:05.098,12.89701,12.89919,0.00,0.00
2017.10.11 13:53:05.148,12.89702,12.89898,0.00,0.00
2017.10.11 13:53:05.592,12.89702,12.89888,0.00,0.00
2017.10.11 13:53:06.224,12.89701,12.89889,0.00,0.00
2017.10.11 13:53:06.426,12.89702,12.89918,0.00,0.00
2017.10.11 13:53:06.550,12.89758,12.89919,0.00,0.00
2017.10.11 13:53:06.601,12.89758,12.89948,0.00,0.00
2017.10.11 13:53:06.701,12.89719,12.89932,0.00,0.00
2017.10.11 13:53:06.802,12.89702,12.89932,0.00,0.00
2017.10.11 13:53:07.364,12.89701,12.89932,0.00,0.00
2017.10.11 13:53:07.415,12.89719,12.89932,0.00,0.00
2017.10.11 13:53:08.127,12.89719,12.89959,0.00,0.00
2017.10.11 13:53:08.178,12.89741,12.89969,0.00,0.00
2017.10.11 13:53:08.571,12.89758,12.89969,0.00,0.00
2017.10.11 13:53:08.723,12.89701,12.89932,0.00,0.00
2017.10.11 13:53:08.972,12.89718,12.89932,0.00,0.00
2017.10.11 13:53:09.123,12.89701,12.89929,0.00,0.00
2017.10.11 13:53:09.245,12.89758,12.89949,0.00,0.00
2017.10.11 13:53:09.396,12.89718,12.89932,0.00,0.00
2017.10.11 13:53:09.505,12.89702,12.89932,0.00,0.00
2017.10.11 13:53:11.393,12.89701,12.89932,0.00,0.00
2017.10.11 13:53:11.443,12.89719,12.89928,0.00,0.00
2017.10.11 13:53:11.510,12.89702,12.89928,0.00,0.00
2017.10.11 13:53:12.233,12.89702,12.89918,0.00,0.00
2017.10.11 13:53:12.283,12.89698,12.89919,0.00,0.00
2017.10.11 13:53:12.334,12.89692,12.89932,0.00,0.00
2017.10.11 13:53:12.485,12.89691,12.89929,0.00,0.00
2017.10.11 13:53:13.059,12.89708,12.89932,0.00,0.00
2017.10.11 13:53:13.622,12.89698,12.89932,0.00,0.00
2017.10.11 13:53:14.084,12.89751,12.89932,0.00,0.00
2017.10.11 13:53:14.134,12.89788,12.89982,0.00,0.00
2017.10.11 13:53:14.191,12.89788,12.90019,0.00,0.00
2017.10.11 13:53:14.292,12.89788,12.90028,0.00,0.00
2017.10.11 13:53:14.342,12.89788,12.90019,0.00,0.00
2017.10.11 13:53:14.420,12.89781,12.90019,0.00,0.00
2017.10.11 13:53:14.726,12.89798,12.90019,0.00,0.00
2017.10.11 13:53:15.138,12.89781,12.90019,0.00,0.00
2017.10.11 13:53:15.342,12.89798,12.90019,0.00,0.00
2017.10.11 13:53:15.510,12.89798,12.90028,0.00,0.00
2017.10.11 13:53:15.561,12.89798,12.90031,0.00,0.00
2017.10.11 13:53:15.926,12.89792,12.90028,0.00,0.00
2017.10.11 13:53:16.029,12.89791,12.90019,0.00,0.00
2017.10.11 13:53:16.654,12.89791,12.90029,0.00,0.00
2017.10.11 13:53:16.755,12.89793,12.90028,0.00,0.00
2017.10.11 13:53:16.806,12.89793,12.90031,0.00,0.00
2017.10.11 13:53:16.863,12.89793,12.90029,0.00,0.00
2017.10.11 13:53:16.964,12.89791,12.90029,0.00,0.00
2017.10.11 13:53:17.182,12.89791,12.90019,0.00,0.00
2017.10.11 13:53:17.434,12.89708,12.89938,0.00,0.00
2017.10.11 13:53:17.484,12.89701,12.89929,0.00,0.00
2017.10.11 13:53:17.831,12.89701,12.89909,0.00,0.00
2017.10.11 13:53:17.882,12.89701,12.89928,0.00,0.00
2017.10.11 13:53:17.932,12.89704,12.89928,0.00,0.00
2017.10.11 13:53:18.275,12.89704,12.89932,0.00,0.00
2017.10.11 13:53:18.376,12.89719,12.89932,0.00,0.00
2017.10.11 13:53:18.477,12.89708,12.89932,0.00,0.00
2017.10.11 13:53:18.615,12.89708,12.89938,0.00,0.00
2017.10.11 13:53:18.666,12.89851,12.89962,0.00,0.00
2017.10.11 13:53:18.767,12.89819,12.90031,0.00,0.00
2017.10.11 13:53:18.817,12.89819,12.90029,0.00,0.00
2017.10.11 13:53:18.968,12.89792,12.90008,0.00,0.00
2017.10.11 13:53:19.136,12.89791,12.90019,0.00,0.00
2017.10.11 13:53:19.245,12.89792,12.90028,0.00,0.00
2017.10.11 13:53:19.442,12.89801,12.90031,0.00,0.00
2017.10.11 13:53:19.543,12.89791,12.90029,0.00,0.00
2017.10.11 13:53:19.644,12.89791,12.90031,0.00,0.00
2017.10.11 13:53:20.157,12.89808,12.90039,0.00,0.00
2017.10.11 13:53:20.523,12.89802,12.90018,0.00,0.00
2017.10.11 13:53:21.065,12.89801,12.90009,0.00,0.00
2017.10.11 13:53:21.203,12.89802,12.90018,0.00,0.00
2017.10.11 13:53:21.304,12.89801,12.90032,0.00,0.00
2017.10.11 13:53:21.832,12.89801,12.90029,0.00,0.00
2017.10.11 13:53:22.208,12.89802,12.90032,0.00,0.00
2017.10.11 13:53:22.335,12.89851,12.90032,0.00,0.00
2017.10.11 13:53:22.386,12.89892,12.90081,0.00,0.00
2017.10.11 13:53:22.486,12.89891,12.90099,0.00,0.00
2017.10.11 13:53:22.537,12.89891,12.90109,0.00,0.00
2017.10.11 13:53:22.812,12.89891,12.90089,0.00,0.00
2017.10.11 13:53:24.443,12.89891,12.90099,0.00,0.00
2017.10.11 13:53:24.817,12.89892,12.90088,0.00,0.00
2017.10.11 13:53:24.925,12.89891,12.90099,0.00,0.00
2017.10.11 13:53:26.223,12.89892,12.90098,0.00,0.00
2017.10.11 13:53:26.527,12.89892,12.90108,0.00,0.00
2017.10.11 13:53:27.104,12.89892,12.90098,0.00,0.00
2017.10.11 13:53:27.450,12.89891,12.90089,0.00,0.00
2017.10.11 13:53:27.784,12.89891,12.90079,0.00,0.00
2017.10.11 13:53:28.473,12.89892,12.90078,0.00,0.00
2017.10.11 13:53:28.574,12.89839,12.90032,0.00,0.00
2017.10.11 13:53:28.624,12.89839,12.90018,0.00,0.00
2017.10.11 13:53:28.675,12.89802,12.90018,0.00,0.00
2017.10.11 13:53:28.776,12.89781,12.90029,0.00,0.00
2017.10.11 13:53:28.877,12.89798,12.90032,0.00,0.00
2017.10.11 13:53:29.196,12.89771,12.89979,0.00,0.00
2017.10.11 13:53:29.297,12.89772,12.89988,0.00,0.00
2017.10.11 13:53:29.398,12.89789,12.90019,0.00,0.00
2017.10.11 13:53:29.449,12.89789,12.90029,0.00,0.00
2017.10.11 13:53:29.578,12.89808,12.90029,0.00,0.00
2017.10.11 13:53:29.897,12.89779,12.90008,0.00,0.00
2017.10.11 13:53:29.948,12.89791,12.90032,0.00,0.00
2017.10.11 13:53:29.998,12.89809,12.90029,0.00,0.00
2017.10.11 13:53:30.200,12.89779,12.90008,0.00,0.00
2017.10.11 13:53:30.518,12.89791,12.90032,0.00,0.00
2017.10.11 13:53:30.619,12.89798,12.90028,0.00,0.00
2017.10.11 13:53:30.905,12.89779,12.90018,0.00,0.00
2017.10.11 13:53:30.955,12.89779,12.89989,0.00,0.00
2017.10.11 13:53:31.006,12.89771,12.90009,0.00,0.00
2017.10.11 13:53:31.157,12.89792,12.90032,0.00,0.00
2017.10.11 13:53:31.408,12.89788,12.90029,0.00,0.00
2017.10.11 13:53:31.509,12.89782,12.90028,0.00,0.00
2017.10.11 13:53:31.559,12.89791,12.90032,0.00,0.00
2017.10.11 13:53:31.877,12.89802,12.90032,0.00,0.00
2017.10.11 13:53:32.510,12.89801,12.90032,0.00,0.00
2017.10.11 13:53:33.372,12.89858,12.90049,0.00,0.00
2017.10.11 13:53:33.423,12.89862,12.90061,0.00,0.00
2017.10.11 13:53:33.524,12.89862,12.90098,0.00,0.00
2017.10.11 13:53:33.675,12.89878,12.90099,0.00,0.00
2017.10.11 13:53:33.789,12.89878,12.90108,0.00,0.00
2017.10.11 13:53:33.924,12.89869,12.90108,0.00,0.00
2017.10.11 13:53:33.975,12.89869,12.90098,0.00,0.00
2017.10.11 13:53:34.288,12.89861,12.90089,0.00,0.00
2017.10.11 13:53:34.597,12.89859,12.90049,0.00,0.00
2017.10.11 13:53:34.647,12.89859,12.90079,0.00,0.00
2017.10.11 13:53:34.698,12.89878,12.90079,0.00,0.00
2017.10.11 13:53:34.853,12.89878,12.90088,0.00,0.00
2017.10.11 13:53:35.004,12.89859,12.90079,0.00,0.00
2017.10.11 13:53:35.059,12.89851,12.90079,0.00,0.00
2017.10.11 13:53:35.110,12.89848,12.90058,0.00,0.00
2017.10.11 13:53:35.211,12.89781,12.90032,0.00,0.00
2017.10.11 13:53:35.262,12.89778,12.90019,0.00,0.00
2017.10.11 13:53:35.413,12.89771,12.90019,0.00,0.00
2017.10.11 13:53:35.463,12.89772,12.90008,0.00,0.00
2017.10.11 13:53:35.514,12.89771,12.90019,0.00,0.00
2017.10.11 13:53:35.564,12.89792,12.90032,0.00,0.00
2017.10.11 13:53:35.886,12.89809,12.90032,0.00,0.00
2017.10.11 13:53:35.991,12.89788,12.90032,0.00,0.00
2017.10.11 13:53:36.396,12.89779,12.90009,0.00,0.00
2017.10.11 13:53:36.707,12.89791,12.90032,0.00,0.00
2017.10.11 13:53:36.817,12.89771,12.90009,0.00,0.00
2017.10.11 13:53:37.119,12.89808,12.90032,0.00,0.00
2017.10.11 13:53:37.544,12.89781,12.90032,0.00,0.00
2017.10.11 13:53:37.595,12.89791,12.90032,0.00,0.00
2017.10.11 13:53:37.645,12.89771,12.90019,0.00,0.00
2017.10.11 13:53:38.059,12.89781,12.90032,0.00,0.00
2017.10.11 13:53:38.109,12.89799,12.90032,0.00,0.00
2017.10.11 13:53:38.305,12.89778,12.90032,0.00,0.00
2017.10.11 13:53:38.362,12.89778,12.90009,0.00,0.00
2017.10.11 13:53:38.413,12.89771,12.90009,0.00,0.00
2017.10.11 13:53:38.514,12.89798,12.90019,0.00,0.00
2017.10.11 13:53:38.574,12.89798,12.90029,0.00,0.00
2017.10.11 13:53:38.935,12.89781,12.90029,0.00,0.00
2017.10.11 13:53:39.722,12.89782,12.90028,0.00,0.00
2017.10.11 13:53:40.226,12.89791,12.90032,0.00,0.00
2017.10.11 13:53:40.736,12.89859,12.90039,0.00,0.00
2017.10.11 13:53:40.787,12.89861,12.90061,0.00,0.00
2017.10.11 13:53:40.888,12.89859,12.90069,0.00,0.00
2017.10.11 13:53:40.938,12.89879,12.90068,0.00,0.00
2017.10.11 13:53:41.039,12.89858,12.90092,0.00,0.00
2017.10.11 13:53:41.140,12.89888,12.90089,0.00,0.00
2017.10.11 13:53:41.241,12.89888,12.90098,0.00,0.00
2017.10.11 13:53:41.342,12.89859,12.90098,0.00,0.00
2017.10.11 13:53:41.398,12.89861,12.90109,0.00,0.00
2017.10.11 13:53:41.542,12.89888,12.90109,0.00,0.00
2017.10.11 13:53:41.882,12.89888,12.90098,0.00,0.00
2017.10.11 13:53:42.009,12.89868,12.90098,0.00,0.00
2017.10.11 13:53:42.073,12.89868,12.90108,0.00,0.00
2017.10.11 13:53:42.161,12.89871,12.90119,0.00,0.00
2017.10.11 13:53:42.337,12.89868,12.90109,0.00,0.00
2017.10.11 13:53:42.564,12.89872,12.90118,0.00,0.00
2017.10.11 13:53:42.615,12.89888,12.90118,0.00,0.00
2017.10.11 13:53:42.922,12.89872,12.90118,0.00,0.00
2017.10.11 13:53:43.024,12.89881,12.90129,0.00,0.00
2017.10.11 13:53:43.225,12.89888,12.90128,0.00,0.00
2017.10.11 13:53:43.288,12.89891,12.90132,0.00,0.00
2017.10.11 13:53:43.504,12.89881,12.90129,0.00,0.00
2017.10.11 13:53:43.812,12.89889,12.90128,0.00,0.00
2017.10.11 13:53:44.242,12.89889,12.90118,0.00,0.00
2017.10.11 13:53:44.362,12.89872,12.90118,0.00,0.00
2017.10.11 13:53:44.601,12.89861,12.90109,0.00,0.00
2017.10.11 13:53:44.903,12.89861,12.90089,0.00,0.00
2017.10.11 13:53:44.994,12.89862,12.90098,0.00,0.00
2017.10.11 13:53:45.044,12.89868,12.90098,0.00,0.00
2017.10.11 13:53:45.513,12.89862,12.90088,0.00,0.00
2017.10.11 13:53:45.664,12.89862,12.90108,0.00,0.00
2017.10.11 13:53:45.715,12.89861,12.90099,0.00,0.00
2017.10.11 13:53:46.172,12.89888,12.90089,0.00,0.00
2017.10.11 13:53:46.683,12.89888,12.90079,0.00,0.00
2017.10.11 13:53:46.920,12.89858,12.90058,0.00,0.00
2017.10.11 13:53:47.021,12.89818,12.90069,0.00,0.00
2017.10.11 13:53:47.149,12.89862,12.90098,0.00,0.00
2017.10.11 13:53:47.199,12.89861,12.90102,0.00,0.00
2017.10.11 13:53:47.250,12.89889,12.90108,0.00,0.00
2017.10.11 13:53:47.823,12.89888,12.90108,0.00,0.00
2017.10.11 13:53:48.023,12.89869,12.90108,0.00,0.00
2017.10.11 13:53:48.220,12.89869,12.90048,0.00,0.00
2017.10.11 13:53:48.432,12.89772,12.89978,0.00,0.00
2017.10.11 13:53:48.625,12.89789,12.89979,0.00,0.00
2017.10.11 13:53:48.827,12.89788,12.89989,0.00,0.00
2017.10.11 13:53:48.925,12.89758,12.89989,0.00,0.00
2017.10.11 13:53:49.424,12.89758,12.89979,0.00,0.00
2017.10.11 13:53:50.266,12.89791,12.90019,0.00,0.00
2017.10.11 13:53:50.317,12.89832,12.90032,0.00,0.00
2017.10.11 13:53:50.417,12.89761,12.90029,0.00,0.00
2017.10.11 13:53:50.468,12.89838,12.90028,0.00,0.00
2017.10.11 13:53:50.605,12.89808,12.90018,0.00,0.00
2017.10.11 13:53:50.656,12.89778,12.90028,0.00,0.00
2017.10.11 13:53:50.706,12.89791,12.90029,0.00,0.00
2017.10.11 13:53:50.757,12.89778,12.90028,0.00,0.00
2017.10.11 13:53:50.858,12.89768,12.90029,0.00,0.00
2017.10.11 13:53:50.983,12.89768,12.90019,0.00,0.00
2017.10.11 13:53:51.043,12.89768,12.90029,0.00,0.00
2017.10.11 13:53:51.132,12.89789,12.90029,0.00,0.00
2017.10.11 13:53:51.290,12.89782,12.90028,0.00,0.00
2017.10.11 13:53:51.341,12.89799,12.90029,0.00,0.00
2017.10.11 13:53:51.690,12.89808,12.90008,0.00,0.00
2017.10.11 13:53:51.741,12.89778,12.90008,0.00,0.00
2017.10.11 13:53:51.842,12.89778,12.90019,0.00,0.00
2017.10.11 13:53:51.943,12.89798,12.90019,0.00,0.00
2017.10.11 13:53:52.923,12.89788,12.90009,0.00,0.00
2017.10.11 13:53:52.974,12.89769,12.90009,0.00,0.00
2017.10.11 13:53:53.024,12.89769,12.89998,0.00,0.00
2017.10.11 13:53:53.334,12.89769,12.89968,0.00,0.00
2017.10.11 13:53:53.385,12.89769,12.89979,0.00,0.00
2017.10.11 13:53:53.639,12.89762,12.89978,0.00,0.00
2017.10.11 13:53:53.740,12.89798,12.90019,0.00,0.00
2017.10.11 13:53:53.790,12.89798,12.89999,0.00,0.00
2017.10.11 13:53:53.967,12.89789,12.90009,0.00,0.00
2017.10.11 13:53:54.018,12.89789,12.89989,0.00,0.00
2017.10.11 13:53:54.068,12.89769,12.89989,0.00,0.00
2017.10.11 13:53:54.119,12.89769,12.89968,0.00,0.00
2017.10.11 13:53:54.220,12.89769,12.89978,0.00,0.00
2017.10.11 13:53:54.321,12.89759,12.89999,0.00,0.00
2017.10.11 13:53:54.422,12.89802,12.90018,0.00,0.00
2017.10.11 13:53:54.522,12.89798,12.90018,0.00,0.00
2017.10.11 13:53:54.646,12.89808,12.90018,0.00,0.00
2017.10.11 13:53:54.848,12.89781,12.90019,0.00,0.00
2017.10.11 13:53:54.934,12.89791,12.90019,0.00,0.00
2017.10.11 13:53:54.984,12.89769,12.89998,0.00,0.00
2017.10.11 13:53:55.062,12.89772,12.90018,0.00,0.00
2017.10.11 13:53:55.113,12.89782,12.90018,0.00,0.00
2017.10.11 13:53:55.422,12.89808,12.90018,0.00,0.00
2017.10.11 13:53:55.472,12.89769,12.89989,0.00,0.00
2017.10.11 13:53:56.344,12.89779,12.89989,0.00,0.00
2017.10.11 13:53:56.625,12.89781,12.89999,0.00,0.00
2017.10.11 13:53:56.676,12.89782,12.90018,0.00,0.00
2017.10.11 13:53:56.727,12.89781,12.90009,0.00,0.00
2017.10.11 13:53:56.988,12.89768,12.90008,0.00,0.00
2017.10.11 13:53:57.039,12.89768,12.89998,0.00,0.00
2017.10.11 13:53:57.199,12.89761,12.89999,0.00,0.00
2017.10.11 13:53:57.250,12.89762,12.90008,0.00,0.00
2017.10.11 13:53:57.351,12.89799,12.90018,0.00,0.00
2017.10.11 13:53:57.662,12.89768,12.90019,0.00,0.00
2017.10.11 13:53:57.713,12.89768,12.89989,0.00,0.00
2017.10.11 13:53:57.965,12.89999,12.90232,0.00,0.00
2017.10.11 13:53:58.082,12.90019,12.90228,0.00,0.00
2017.10.11 13:53:58.183,12.89981,12.90219,0.00,0.00
2017.10.11 13:53:58.299,12.89969,12.90229,0.00,0.00
2017.10.11 13:53:58.349,12.89969,12.90219,0.00,0.00
2017.10.11 13:53:59.102,12.89961,12.90219,0.00,0.00
2017.10.11 13:53:59.153,12.89961,12.90209,0.00,0.00
2017.10.11 13:53:59.467,12.89962,12.90188,0.00,0.00
2017.10.11 13:53:59.664,12.89962,12.90198,0.00,0.00
2017.10.11 13:53:59.938,12.89961,12.90209,0.00,0.00
2017.10.11 13:53:59.989,12.89978,12.90208,0.00,0.00
2017.10.11 13:54:00.190,12.89968,12.90199,0.00,0.00
2017.10.11 13:54:00.324,12.89958,12.90198,0.00,0.00
2017.10.11 13:54:00.375,12.89958,12.90189,0.00,0.00
2017.10.11 13:54:00.776,12.89969,12.90179,0.00,0.00
2017.10.11 13:54:01.157,12.89958,12.90178,0.00,0.00
2017.10.11 13:54:01.345,12.89958,12.90169,0.00,0.00
2017.10.11 13:54:01.553,12.89958,12.90179,0.00,0.00
2017.10.11 13:54:01.657,12.89968,12.90179,0.00,0.00
2017.10.11 13:54:02.055,12.89958,12.90179,0.00,0.00
2017.10.11 13:54:02.366,12.89969,12.90178,0.00,0.00
2017.10.11 13:54:02.810,12.89971,12.90179,0.00,0.00
2017.10.11 13:54:03.093,12.89968,12.90179,0.00,0.00
2017.10.11 13:54:03.194,12.89958,12.90178,0.00,0.00
2017.10.11 13:54:03.468,12.89968,12.90179,0.00,0.00
2017.10.11 13:54:04.079,12.89972,12.90178,0.00,0.00
2017.10.11 13:54:04.466,12.89968,12.90178,0.00,0.00
2017.10.11 13:54:04.567,12.89958,12.90179,0.00,0.00
2017.10.11 13:54:05.175,12.89968,12.90179,0.00,0.00
2017.10.11 13:54:05.718,12.89968,12.90178,0.00,0.00
2017.10.11 13:54:05.769,12.89952,12.90178,0.00,0.00
2017.10.11 13:54:05.820,12.89959,12.90178,0.00,0.00
2017.10.11 13:54:06.163,12.89968,12.90178,0.00,0.00
2017.10.11 13:54:06.314,12.89959,12.90178,0.00,0.00
2017.10.11 13:54:06.868,12.89959,12.90179,0.00,0.00
2017.10.11 13:54:07.189,12.89958,12.90132,0.00,0.00
2017.10.11 13:54:07.290,12.89951,12.90132,0.00,0.00
2017.10.11 13:54:07.341,12.89958,12.90179,0.00,0.00
2017.10.11 13:54:07.442,12.89958,12.90198,0.00,0.00
2017.10.11 13:54:07.492,12.89968,12.90178,0.00,0.00
2017.10.11 13:54:07.543,12.89968,12.90189,0.00,0.00
2017.10.11 13:54:07.644,12.89968,12.90178,0.00,0.00
2017.10.11 13:54:07.694,12.89958,12.90178,0.00,0.00
2017.10.11 13:54:07.878,12.89968,12.90178,0.00,0.00
2017.10.11 13:54:08.192,12.89968,12.90199,0.00,0.00
2017.10.11 13:54:08.586,12.89961,12.90199,0.00,0.00
2017.10.11 13:54:08.854,12.89971,12.90199,0.00,0.00
2017.10.11 13:54:09.174,12.89962,12.90198,0.00,0.00
2017.10.11 13:54:09.224,12.89972,12.90198,0.00,0.00
2017.10.11 13:54:09.574,12.89978,12.90198,0.00,0.00
2017.10.11 13:54:09.625,12.89968,12.90198,0.00,0.00
2017.10.11 13:54:09.676,12.89979,12.90199,0.00,0.00
2017.10.11 13:54:09.904,12.89972,12.90198,0.00,0.00
2017.10.11 13:54:09.975,12.89978,12.90198,0.00,0.00
2017.10.11 13:54:10.276,12.89972,12.90198,0.00,0.00
2017.10.11 13:54:10.423,12.89962,12.90198,0.00,0.00
2017.10.11 13:54:10.613,12.89969,12.90198,0.00,0.00
2017.10.11 13:54:10.676,12.89962,12.90198,0.00,0.00
2017.10.11 13:54:11.412,12.89971,12.90199,0.00,0.00
2017.10.11 13:54:11.803,12.89961,12.90199,0.00,0.00
2017.10.11 13:54:12.352,12.89958,12.90199,0.00,0.00
2017.10.11 13:54:12.896,12.89958,12.90178,0.00,0.00
2017.10.11 13:54:12.997,12.89972,12.90198,0.00,0.00
2017.10.11 13:54:13.103,12.89978,12.90198,0.00,0.00
2017.10.11 13:54:13.672,12.89978,12.90199,0.00,0.00
2017.10.11 13:54:14.173,12.89979,12.90199,0.00,0.00
2017.10.11 13:54:14.677,12.89978,12.90199,0.00,0.00
2017.10.11 13:54:15.719,12.89961,12.90199,0.00,0.00
2017.10.11 13:54:18.090,12.89958,12.90199,0.00,0.00
2017.10.11 13:54:18.141,12.89962,12.90198,0.00,0.00
2017.10.11 13:54:18.487,12.89978,12.90199,0.00,0.00
2017.10.11 13:54:18.538,12.89971,12.90199,0.00,0.00
2017.10.11 13:54:18.683,12.89961,12.90199,0.00,0.00
2017.10.11 13:54:19.324,12.89978,12.90199,0.00,0.00
2017.10.11 13:54:19.592,12.89961,12.90199,0.00,0.00
2017.10.11 13:54:19.987,12.89958,12.90199,0.00,0.00
2017.10.11 13:54:20.088,12.89958,12.90188,0.00,0.00
2017.10.11 13:54:20.304,12.89958,12.90198,0.00,0.00
2017.10.11 13:54:20.895,12.89959,12.90188,0.00,0.00
2017.10.11 13:54:21.452,12.89958,12.90198,0.00,0.00
2017.10.11 13:54:21.598,12.89958,12.90189,0.00,0.00
2017.10.11 13:54:21.899,12.89968,12.90179,0.00,0.00
2017.10.11 13:54:22.102,12.89968,12.90199,0.00,0.00
2017.10.11 13:54:22.711,12.89969,12.90199,0.00,0.00
2017.10.11 13:54:23.102,12.89961,12.90199,0.00,0.00
2017.10.11 13:54:23.302,12.89979,12.90199,0.00,0.00
2017.10.11 13:54:23.817,12.89961,12.90199,0.00,0.00
2017.10.11 13:54:24.427,12.89962,12.90198,0.00,0.00
2017.10.11 13:54:25.006,12.89961,12.90199,0.00,0.00
2017.10.11 13:54:25.482,12.89972,12.90198,0.00,0.00
2017.10.11 13:54:25.934,12.89978,12.90198,0.00,0.00
2017.10.11 13:54:26.179,12.90032,12.90262,0.00,0.00
2017.10.11 13:54:26.280,12.90058,12.90278,0.00,0.00
2017.10.11 13:54:26.381,12.90058,12.90299,0.00,0.00
2017.10.11 13:54:26.431,12.90062,12.90298,0.00,0.00
2017.10.11 13:54:26.994,12.90061,12.90299,0.00,0.00
2017.10.11 13:54:27.367,12.90071,12.90299,0.00,0.00
2017.10.11 13:54:27.974,12.90062,12.90298,0.00,0.00
2017.10.11 13:54:28.163,12.90058,12.90299,0.00,0.00
2017.10.11 13:54:28.214,12.90058,12.90289,0.00,0.00
2017.10.11 13:54:28.323,12.90058,12.90299,0.00,0.00
2017.10.11 13:54:28.374,12.90058,12.90289,0.00,0.00
2017.10.11 13:54:28.751,12.90058,12.90269,0.00,0.00
2017.10.11 13:54:28.805,12.90058,12.90279,0.00,0.00
2017.10.11 13:54:29.044,12.90058,12.90269,0.00,0.00
2017.10.11 13:54:29.094,12.90052,12.90268,0.00,0.00
2017.10.11 13:54:29.195,12.90058,12.90269,0.00,0.00
2017.10.11 13:54:29.246,12.90058,12.90278,0.00,0.00
2017.10.11 13:54:29.584,12.90059,12.90299,0.00,0.00
2017.10.11 13:54:30.039,12.90058,12.90259,0.00,0.00
2017.10.11 13:54:30.090,12.90058,12.90279,0.00,0.00
2017.10.11 13:54:30.191,12.90058,12.90298,0.00,0.00
2017.10.11 13:54:30.364,12.90059,12.90288,0.00,0.00
2017.10.11 13:54:30.971,12.90058,12.90279,0.00,0.00
2017.10.11 13:54:31.072,12.90062,12.90298,0.00,0.00
2017.10.11 13:54:31.362,12.90062,12.90308,0.00,0.00
2017.10.11 13:54:31.463,12.90058,12.90289,0.00,0.00
2017.10.11 13:54:31.621,12.90061,12.90299,0.00,0.00
2017.10.11 13:54:31.720,12.90068,12.90299,0.00,0.00
2017.10.11 13:54:32.381,12.90069,12.90298,0.00,0.00
2017.10.11 13:54:32.622,12.90058,12.90299,0.00,0.00
2017.10.11 13:54:32.795,12.90062,12.90308,0.00,0.00
2017.10.11 13:54:33.009,12.90069,12.90309,0.00,0.00
2017.10.11 13:54:33.311,12.90062,12.90308,0.00,0.00
2017.10.11 13:54:33.422,12.90058,12.90299,0.00,0.00
2017.10.11 13:54:33.923,12.90061,12.90309,0.00,0.00
2017.10.11 13:54:34.152,12.90061,12.90299,0.00,0.00
2017.10.11 13:54:34.747,12.90062,12.90308,0.00,0.00
2017.10.11 13:54:34.797,12.90082,12.90308,0.00,0.00
2017.10.11 13:54:35.104,12.90071,12.90309,0.00,0.00
2017.10.11 13:54:35.327,12.90068,12.90299,0.00,0.00
2017.10.11 13:54:35.377,12.90062,12.90298,0.00,0.00
2017.10.11 13:54:35.523,12.90058,12.90299,0.00,0.00
2017.10.11 13:54:35.979,12.90058,12.90288,0.00,0.00
2017.10.11 13:54:36.295,12.90069,12.90279,0.00,0.00
2017.10.11 13:54:36.429,12.90059,12.90279,0.00,0.00
2017.10.11 13:54:36.934,12.90058,12.90278,0.00,0.00
2017.10.11 13:54:37.433,12.90058,12.90268,0.00,0.00
2017.10.11 13:54:37.869,12.90058,12.90289,0.00,0.00
2017.10.11 13:54:38.140,12.90068,12.90289,0.00,0.00
2017.10.11 13:54:38.582,12.90068,12.90299,0.00,0.00
2017.10.11 13:54:38.734,12.90078,12.90299,0.00,0.00
2017.10.11 13:54:38.784,12.90078,12.90308,0.00,0.00
2017.10.11 13:54:39.165,12.90251,12.90381,0.00,0.00
2017.10.11 13:54:39.222,12.90259,12.90441,0.00,0.00
2017.10.11 13:54:39.273,12.90259,12.90449,0.00,0.00
2017.10.11 13:54:39.375,12.90259,12.90479,0.00,0.00
2017.10.11 13:54:39.426,12.90259,12.90488,0.00,0.00
2017.10.11 13:54:39.527,12.90248,12.90429,0.00,0.00
2017.10.11 13:54:39.577,12.90208,12.90409,0.00,0.00
2017.10.11 13:54:39.628,12.90189,12.90409,0.00,0.00
2017.10.11 13:54:39.679,12.90161,12.90409,0.00,0.00
2017.10.11 13:54:39.729,12.90161,12.90389,0.00,0.00
2017.10.11 13:54:39.813,12.90161,12.90399,0.00,0.00
2017.10.11 13:54:39.869,12.90168,12.90408,0.00,0.00
2017.10.11 13:54:40.265,12.90171,12.90419,0.00,0.00
2017.10.11 13:54:40.315,12.90162,12.90408,0.00,0.00
2017.10.11 13:54:40.645,12.90159,12.90399,0.00,0.00
2017.10.11 13:54:41.038,12.90178,12.90398,0.00,0.00
2017.10.11 13:54:41.354,12.90159,12.90388,0.00,0.00
2017.10.11 13:54:41.655,12.90159,12.90398,0.00,0.00
2017.10.11 13:54:41.756,12.90178,12.90399,0.00,0.00
2017.10.11 13:54:42.285,12.90178,12.90398,0.00,0.00
2017.10.11 13:54:42.562,12.90161,12.90399,0.00,0.00
2017.10.11 13:54:42.761,12.90159,12.90389,0.00,0.00
2017.10.11 13:54:42.822,12.90159,12.90399,0.00,0.00
2017.10.11 13:54:43.023,12.90159,12.90389,0.00,0.00
2017.10.11 13:54:43.472,12.90159,12.90421,0.00,0.00
2017.10.11 13:54:43.523,12.90159,12.90378,0.00,0.00
2017.10.11 13:54:44.003,12.90159,12.90389,0.00,0.00
2017.10.11 13:54:44.104,12.90159,12.90398,0.00,0.00
2017.10.11 13:54:44.155,12.90178,12.90398,0.00,0.00
2017.10.11 13:54:44.367,12.90159,12.90389,0.00,0.00
2017.10.11 13:54:44.542,12.90159,12.90398,0.00,0.00
2017.10.11 13:54:44.695,12.90178,12.90398,0.00,0.00
2017.10.11 13:54:44.945,12.90159,12.90398,0.00,0.00
2017.10.11 13:54:45.124,12.90159,12.90388,0.00,0.00
2017.10.11 13:54:45.457,12.90159,12.90379,0.00,0.00
2017.10.11 13:54:45.797,12.90159,12.90359,0.00,0.00
2017.10.11 13:54:46.152,12.90159,12.90379,0.00,0.00
2017.10.11 13:54:46.253,12.90169,12.90288,0.00,0.00
2017.10.11 13:54:46.354,12.90109,12.90238,0.00,0.00
2017.10.11 13:54:46.454,12.89998,12.90218,0.00,0.00
2017.10.11 13:54:46.555,12.89969,12.90198,0.00,0.00
2017.10.11 13:54:46.663,12.89959,12.90198,0.00,0.00
2017.10.11 13:54:46.714,12.89959,12.90189,0.00,0.00
2017.10.11 13:54:46.764,12.89959,12.90198,0.00,0.00
2017.10.11 13:54:46.865,12.89959,12.90208,0.00,0.00
2017.10.11 13:54:46.920,12.89959,12.90219,0.00,0.00
2017.10.11 13:54:46.971,12.89988,12.90219,0.00,0.00
2017.10.11 13:54:47.245,12.89988,12.90228,0.00,0.00
2017.10.11 13:54:47.385,12.89968,12.90208,0.00,0.00
2017.10.11 13:54:47.793,12.89999,12.90209,0.00,0.00
2017.10.11 13:54:48.165,12.89999,12.90198,0.00,0.00
2017.10.11 13:54:48.215,12.90052,12.90268,0.00,0.00
2017.10.11 13:54:48.266,12.90058,12.90282,0.00,0.00
2017.10.11 13:54:48.367,12.90088,12.90299,0.00,0.00
2017.10.11 13:54:48.721,12.90059,12.90259,0.00,0.00
2017.10.11 13:54:48.773,12.90059,12.90269,0.00,0.00
2017.10.11 13:54:48.884,12.90089,12.90268,0.00,0.00
2017.10.11 13:54:49.053,12.90069,12.90268,0.00,0.00
2017.10.11 13:54:49.155,12.90069,12.90258,0.00,0.00
2017.10.11 13:54:49.365,12.90069,12.90269,0.00,0.00
2017.10.11 13:54:49.426,12.90069,12.90259,0.00,0.00
2017.10.11 13:54:49.577,12.89989,12.90188,0.00,0.00
2017.10.11 13:54:49.628,12.90059,12.90219,0.00,0.00
2017.10.11 13:54:49.814,12.90009,12.90208,0.00,0.00
2017.10.11 13:54:49.915,12.89979,12.90189,0.00,0.00
2017.10.11 13:54:49.965,12.89979,12.90178,0.00,0.00
2017.10.11 13:54:50.217,12.89979,12.90189,0.00,0.00
2017.10.11 13:54:50.268,12.89998,12.90189,0.00,0.00
2017.10.11 13:54:50.369,12.89998,12.90209,0.00,0.00
2017.10.11 13:54:50.533,12.89998,12.90199,0.00,0.00
2017.10.11 13:54:50.965,12.89979,12.90168,0.00,0.00
2017.10.11 13:54:51.544,12.89979,12.90169,0.00,0.00
2017.10.11 13:54:51.956,12.89979,12.90159,0.00,0.00
2017.10.11 13:54:52.057,12.89979,12.90181,0.00,0.00
2017.10.11 13:54:52.108,12.89948,12.90119,0.00,0.00
2017.10.11 13:54:52.188,12.89952,12.90148,0.00,0.00
2017.10.11 13:54:52.289,12.89919,12.90159,0.00,0.00
2017.10.11 13:54:52.389,12.89948,12.90159,0.00,0.00
2017.10.11 13:54:52.459,12.89919,12.90159,0.00,0.00
2017.10.11 13:54:52.572,12.89938,12.90159,0.00,0.00
2017.10.11 13:54:52.944,12.89948,12.90158,0.00,0.00
2017.10.11 13:54:53.061,12.89939,12.90158,0.00,0.00
2017.10.11 13:54:53.361,12.89918,12.90158,0.00,0.00
2017.10.11 13:54:53.461,12.89938,12.90158,0.00,0.00
2017.10.11 13:54:53.797,12.89949,12.90159,0.00,0.00
2017.10.11 13:54:53.862,12.89938,12.90159,0.00,0.00
2017.10.11 13:54:54.501,12.89938,12.90158,0.00,0.00
2017.10.11 13:54:54.860,12.89951,12.90159,0.00,0.00
2017.10.11 13:54:54.911,12.89958,12.90178,0.00,0.00
2017.10.11 13:54:55.012,12.89989,12.90188,0.00,0.00
2017.10.11 13:54:55.313,12.89989,12.90198,0.00,0.00
2017.10.11 13:54:55.845,12.89988,12.90199,0.00,0.00
2017.10.11 13:54:56.020,12.89961,12.90199,0.00,0.00
2017.10.11 13:54:56.084,12.89959,12.90199,0.00,0.00
2017.10.11 13:54:56.147,12.89961,12.90199,0.00,0.00
2017.10.11 13:54:56.366,12.89959,12.90232,0.00,0.00
2017.10.11 13:54:56.416,12.89959,12.90199,0.00,0.00
2017.10.11 13:54:56.907,12.89979,12.90189,0.00,0.00
2017.10.11 13:54:57.566,12.89979,12.90188,0.00,0.00
2017.10.11 13:54:57.896,12.89999,12.90199,0.00,0.00
2017.10.11 13:54:58.645,12.89999,12.90188,0.00,0.00
2017.10.11 13:54:58.696,12.89969,12.90188,0.00,0.00
2017.10.11 13:54:59.174,12.89998,12.90189,0.00,0.00
2017.10.11 13:54:59.324,12.89998,12.90199,0.00,0.00
2017.10.11 13:54:59.374,12.90049,12.90249,0.00,0.00
2017.10.11 13:54:59.696,12.89969,12.90208,0.00,0.00
2017.10.11 13:54:59.747,12.89969,12.90198,0.00,0.00
2017.10.11 13:55:00.293,12.89969,12.90199,0.00,0.00
2017.10.11 13:55:00.536,12.89969,12.90209,0.00,0.00
2017.10.11 13:55:00.587,12.89989,12.90209,0.00,0.00
2017.10.11 13:55:00.687,12.89978,12.90209,0.00,0.00
2017.10.11 13:55:00.774,12.89989,12.90209,0.00,0.00
2017.10.11 13:55:00.985,12.89958,12.90199,0.00,0.00
2017.10.11 13:55:01.547,12.89958,12.90198,0.00,0.00
2017.10.11 13:55:02.150,12.89959,12.90189,0.00,0.00
2017.10.11 13:55:02.643,12.89978,12.90189,0.00,0.00
2017.10.11 13:55:02.886,12.89958,12.90188,0.00,0.00
2017.10.11 13:55:02.937,12.89958,12.90199,0.00,0.00
2017.10.11 13:55:03.182,12.89969,12.90199,0.00,0.00
2017.10.11 13:55:03.582,12.89979,12.90198,0.00,0.00
2017.10.11 13:55:04.218,12.89959,12.90198,0.00,0.00
2017.10.11 13:55:04.485,12.89978,12.90199,0.00,0.00
2017.10.11 13:55:04.922,12.89989,12.90199,0.00,0.00
2017.10.11 13:55:05.324,12.89958,12.90198,0.00,0.00
2017.10.11 13:55:05.375,12.89958,12.90189,0.00,0.00
2017.10.11 13:55:06.198,12.89958,12.90188,0.00,0.00
2017.10.11 13:55:06.545,12.89958,12.90179,0.00,0.00
2017.10.11 13:55:06.596,12.89958,12.90189,0.00,0.00
2017.10.11 13:55:06.697,12.89958,12.90178,0.00,0.00
2017.10.11 13:55:07.157,12.89962,12.90198,0.00,0.00
2017.10.11 13:55:07.208,12.89999,12.90198,0.00,0.00
2017.10.11 13:55:07.696,12.89958,12.90199,0.00,0.00
2017.10.11 13:55:08.786,12.89958,12.90198,0.00,0.00
2017.10.11 13:55:09.193,12.89979,12.90198,0.00,0.00
2017.10.11 13:55:10.629,12.89979,12.90199,0.00,0.00
2017.10.11 13:55:10.695,12.89959,12.90199,0.00,0.00
2017.10.11 13:55:10.946,12.89959,12.90158,0.00,0.00
2017.10.11 13:55:11.328,12.89979,12.90179,0.00,0.00
2017.10.11 13:55:11.429,12.89988,12.90179,0.00,0.00
2017.10.11 13:55:11.731,12.89898,12.90109,0.00,0.00
2017.10.11 13:55:11.782,12.89878,12.90108,0.00,0.00
2017.10.11 13:55:11.833,12.89881,12.90109,0.00,0.00
2017.10.11 13:55:12.216,12.89908,12.90109,0.00,0.00
2017.10.11 13:55:12.427,12.89882,12.90108,0.00,0.00
2017.10.11 13:55:12.629,12.89878,12.90108,0.00,0.00
2017.10.11 13:55:12.926,12.89888,12.90108,0.00,0.00
2017.10.11 13:55:13.377,12.89951,12.90109,0.00,0.00
2017.10.11 13:55:13.428,12.89968,12.90172,0.00,0.00
2017.10.11 13:55:13.478,12.89968,12.90158,0.00,0.00
2017.10.11 13:55:13.712,12.89878,12.90099,0.00,0.00
2017.10.11 13:55:13.897,12.89881,12.90099,0.00,0.00
2017.10.11 13:55:14.198,12.89909,12.90098,0.00,0.00
2017.10.11 13:55:14.801,12.89889,12.90099,0.00,0.00
2017.10.11 13:55:15.902,12.89891,12.90099,0.00,0.00
2017.10.11 13:55:16.285,12.89952,12.90168,0.00,0.00
2017.10.11 13:55:16.335,12.89949,12.90108,0.00,0.00
2017.10.11 13:55:16.386,12.89889,12.90108,0.00,0.00
2017.10.11 13:55:16.436,12.89959,12.90109,0.00,0.00
2017.10.11 13:55:16.537,12.89918,12.90108,0.00,0.00
2017.10.11 13:55:16.604,12.89882,12.90108,0.00,0.00
2017.10.11 13:55:16.955,12.89878,12.90108,0.00,0.00
2017.10.11 13:55:17.115,12.89869,12.90109,0.00,0.00
2017.10.11 13:55:17.272,12.89869,12.90099,0.00,0.00
2017.10.11 13:55:17.917,12.89869,12.90089,0.00,0.00
2017.10.11 13:55:18.213,12.89869,12.90098,0.00,0.00
2017.10.11 13:55:18.314,12.89908,12.90099,0.00,0.00
2017.10.11 13:55:18.365,12.89908,12.90109,0.00,0.00
2017.10.11 13:55:18.597,12.89908,12.90079,0.00,0.00
2017.10.11 13:55:18.751,12.89868,12.90069,0.00,0.00
2017.10.11 13:55:18.874,12.89868,12.90059,0.00,0.00
2017.10.11 13:55:19.110,12.89858,12.90058,0.00,0.00
2017.10.11 13:55:19.160,12.89858,12.90049,0.00,0.00
2017.10.11 13:55:19.478,12.89859,12.90088,0.00,0.00
2017.10.11 13:55:19.655,12.89878,12.90088,0.00,0.00
2017.10.11 13:55:19.958,12.89809,12.90048,0.00,0.00
2017.10.11 13:55:20.063,12.89848,12.90048,0.00,0.00
2017.10.11 13:55:20.114,12.89851,12.90089,0.00,0.00
2017.10.11 13:55:20.215,12.89878,12.90068,0.00,0.00
2017.10.11 13:55:20.413,12.89868,12.90068,0.00,0.00
2017.10.11 13:55:20.559,12.89868,12.90079,0.00,0.00
2017.10.11 13:55:20.780,12.89879,12.90079,0.00,0.00
2017.10.11 13:55:20.962,12.89879,12.90089,0.00,0.00
2017.10.11 13:55:21.014,12.89868,12.90089,0.00,0.00
2017.10.11 13:55:21.115,12.89878,12.90089,0.00,0.00
2017.10.11 13:55:21.316,12.89851,12.90079,0.00,0.00
2017.10.11 13:55:21.606,12.89851,12.90089,0.00,0.00
2017.10.11 13:55:21.716,12.89879,12.90088,0.00,0.00
2017.10.11 13:55:22.010,12.89879,12.90098,0.00,0.00
2017.10.11 13:55:22.061,12.89888,12.90098,0.00,0.00
2017.10.11 13:55:22.262,12.89858,12.90089,0.00,0.00
2017.10.11 13:55:22.359,12.89858,12.90078,0.00,0.00
2017.10.11 13:55:22.787,12.89858,12.90068,0.00,0.00
2017.10.11 13:55:22.959,12.89861,12.90089,0.00,0.00
2017.10.11 13:55:23.060,12.89872,12.90088,0.00,0.00
2017.10.11 13:55:23.392,12.89889,12.90089,0.00,0.00
2017.10.11 13:55:23.642,12.89869,12.90088,0.00,0.00
2017.10.11 13:55:23.720,12.89858,12.90088,0.00,0.00
2017.10.11 13:55:23.942,12.89868,12.90089,0.00,0.00
2017.10.11 13:55:24.347,12.89858,12.90089,0.00,0.00
2017.10.11 13:55:24.622,12.89869,12.90088,0.00,0.00
2017.10.11 13:55:24.957,12.89869,12.90078,0.00,0.00
2017.10.11 13:55:25.194,12.89859,12.90089,0.00,0.00
2017.10.11 13:55:25.245,12.89871,12.90089,0.00,0.00
2017.10.11 13:55:25.295,12.89861,12.90089,0.00,0.00
2017.10.11 13:55:25.346,12.89889,12.90088,0.00,0.00
2017.10.11 13:55:25.548,12.89852,12.90068,0.00,0.00
2017.10.11 13:55:25.649,12.89852,12.90088,0.00,0.00
2017.10.11 13:55:25.750,12.89878,12.90089,0.00,0.00
2017.10.11 13:55:25.924,12.89859,12.90089,0.00,0.00
2017.10.11 13:55:26.025,12.89878,12.90089,0.00,0.00
2017.10.11 13:55:26.416,12.89888,12.90089,0.00,0.00
2017.10.11 13:55:26.629,12.89852,12.90088,0.00,0.00
2017.10.11 13:55:26.730,12.89859,12.90089,0.00,0.00
2017.10.11 13:55:27.077,12.89899,12.90089,0.00,0.00
2017.10.11 13:55:27.127,12.89858,12.90089,0.00,0.00
2017.10.11 13:55:27.228,12.89878,12.90089,0.00,0.00
2017.10.11 13:55:27.550,12.89858,12.90071,0.00,0.00
2017.10.11 13:55:27.601,12.89858,12.90089,0.00,0.00
2017.10.11 13:55:27.728,12.89898,12.90089,0.00,0.00
2017.10.11 13:55:27.928,12.89869,12.90089,0.00,0.00
2017.10.11 13:55:28.448,12.89878,12.90072,0.00,0.00
2017.10.11 13:55:28.549,12.89851,12.90089,0.00,0.00
2017.10.11 13:55:28.650,12.89858,12.90008,0.00,0.00
2017.10.11 13:55:28.852,12.89789,12.90008,0.00,0.00
2017.10.11 13:55:29.011,12.89778,12.90009,0.00,0.00
2017.10.11 13:55:29.439,12.89808,12.90009,0.00,0.00
2017.10.11 13:55:29.489,12.89808,12.90059,0.00,0.00
2017.10.11 13:55:29.540,12.89818,12.90058,0.00,0.00
2017.10.11 13:55:29.867,12.89851,12.90069,0.00,0.00
2017.10.11 13:55:30.367,12.89858,12.90068,0.00,0.00
2017.10.11 13:55:30.703,12.89858,12.90048,0.00,0.00
2017.10.11 13:55:30.753,12.89819,12.90049,0.00,0.00
2017.10.11 13:55:31.234,12.89838,12.90049,0.00,0.00
2017.10.11 13:55:31.469,12.89828,12.90049,0.00,0.00
2017.10.11 13:55:31.534,12.89848,12.90049,0.00,0.00
2017.10.11 13:55:31.803,12.89851,12.90099,0.00,0.00
2017.10.11 13:55:31.904,12.89851,12.90089,0.00,0.00
2017.10.11 13:55:32.246,12.89858,12.90079,0.00,0.00
2017.10.11 13:55:32.688,12.89888,12.90078,0.00,0.00
2017.10.11 13:55:32.836,12.89879,12.90078,0.00,0.00
2017.10.11 13:55:33.538,12.89858,12.90078,0.00,0.00
2017.10.11 13:55:34.286,12.89858,12.90021,0.00,0.00
2017.10.11 13:55:34.488,12.89779,12.89999,0.00,0.00
2017.10.11 13:55:34.998,12.89779,12.89998,0.00,0.00
2017.10.11 13:55:35.050,12.89779,12.89989,0.00,0.00
2017.10.11 13:55:35.541,12.89789,12.89989,0.00,0.00
2017.10.11 13:55:36.142,12.89789,12.89988,0.00,0.00
2017.10.11 13:55:36.443,12.89798,12.89979,0.00,0.00
2017.10.11 13:55:36.577,12.89798,12.89989,0.00,0.00
2017.10.11 13:55:36.955,12.89788,12.89988,0.00,0.00
2017.10.11 13:55:38.126,12.89788,12.89989,0.00,0.00
2017.10.11 13:55:38.197,12.89788,12.89928,0.00,0.00
2017.10.11 13:55:38.348,12.89738,12.89909,0.00,0.00
2017.10.11 13:55:38.449,12.89699,12.89909,0.00,0.00
2017.10.11 13:55:38.600,12.89699,12.89899,0.00,0.00
2017.10.11 13:55:38.664,12.89678,12.89899,0.00,0.00
2017.10.11 13:55:38.765,12.89678,12.89888,0.00,0.00
2017.10.11 13:55:39.071,12.89669,12.89889,0.00,0.00
2017.10.11 13:55:39.367,12.89688,12.89889,0.00,0.00
2017.10.11 13:55:39.701,12.89698,12.89888,0.00,0.00
2017.10.11 13:55:39.751,12.89669,12.89888,0.00,0.00
2017.10.11 13:55:39.917,12.89669,12.89878,0.00,0.00
2017.10.11 13:55:40.372,12.89689,12.89879,0.00,0.00
2017.10.11 13:55:41.103,12.89689,12.89889,0.00,0.00
2017.10.11 13:55:41.204,12.89689,12.89869,0.00,0.00
2017.10.11 13:55:41.254,12.89668,12.89869,0.00,0.00
2017.10.11 13:55:41.382,12.89668,12.89879,0.00,0.00
2017.10.11 13:55:41.566,12.89668,12.89869,0.00,0.00
2017.10.11 13:55:41.667,12.89658,12.89868,0.00,0.00
2017.10.11 13:55:41.729,12.89658,12.89859,0.00,0.00
2017.10.11 13:55:42.053,12.89688,12.89859,0.00,0.00
2017.10.11 13:55:42.104,12.89688,12.89868,0.00,0.00
2017.10.11 13:55:42.700,12.89678,12.89868,0.00,0.00
2017.10.11 13:55:42.797,12.89678,12.89859,0.00,0.00
2017.10.11 13:55:43.515,12.89678,12.89858,0.00,0.00
2017.10.11 13:55:43.566,12.89668,12.89858,0.00,0.00
2017.10.11 13:55:44.027,12.89668,12.89869,0.00,0.00
2017.10.11 13:55:44.078,12.89668,12.89809,0.00,0.00
2017.10.11 13:55:44.128,12.89668,12.89848,0.00,0.00
2017.10.11 13:55:44.279,12.89628,12.89848,0.00,0.00
2017.10.11 13:55:44.456,12.89659,12.89848,0.00,0.00
2017.10.11 13:55:44.684,12.89649,12.89859,0.00,0.00
2017.10.11 13:55:44.785,12.89628,12.89859,0.00,0.00
2017.10.11 13:55:44.917,12.89649,12.89818,0.00,0.00
2017.10.11 13:55:45.068,12.89609,12.89818,0.00,0.00
2017.10.11 13:55:45.217,12.89621,12.89871,0.00,0.00
2017.10.11 13:55:45.267,12.89639,12.89859,0.00,0.00
2017.10.11 13:55:45.577,12.89629,12.89859,0.00,0.00
2017.10.11 13:55:45.677,12.89658,12.89809,0.00,0.00
2017.10.11 13:55:45.787,12.89618,12.89808,0.00,0.00
2017.10.11 13:55:45.887,12.89609,12.89809,0.00,0.00
2017.10.11 13:55:46.276,12.89638,12.89808,0.00,0.00
2017.10.11 13:55:47.043,12.89638,12.89859,0.00,0.00
2017.10.11 13:55:47.094,12.89651,12.89872,0.00,0.00
2017.10.11 13:55:47.145,12.89648,12.89922,0.00,0.00
2017.10.11 13:55:47.196,12.89659,12.89922,0.00,0.00
2017.10.11 13:55:47.498,12.89659,12.89821,0.00,0.00
2017.10.11 13:55:47.600,12.89651,12.89821,0.00,0.00
2017.10.11 13:55:47.700,12.89651,12.89879,0.00,0.00
2017.10.11 13:55:47.753,12.89652,12.89868,0.00,0.00
2017.10.11 13:55:48.027,12.89651,12.89879,0.00,0.00
2017.10.11 13:55:48.241,12.89652,12.89868,0.00,0.00
2017.10.11 13:55:48.343,12.89649,12.89868,0.00,0.00
2017.10.11 13:55:48.393,12.89638,12.89818,0.00,0.00
2017.10.11 13:55:48.494,12.89608,12.89818,0.00,0.00
2017.10.11 13:55:48.595,12.89598,12.89819,0.00,0.00
2017.10.11 13:55:48.696,12.89628,12.89818,0.00,0.00
2017.10.11 13:55:48.977,12.89588,12.89819,0.00,0.00
2017.10.11 13:55:49.364,12.89598,12.89819,0.00,0.00
2017.10.11 13:55:49.697,12.89679,12.89898,0.00,0.00
2017.10.11 13:55:50.052,12.89698,12.89899,0.00,0.00
2017.10.11 13:55:50.556,12.89698,12.89898,0.00,0.00
2017.10.11 13:55:50.735,12.89668,12.89899,0.00,0.00
2017.10.11 13:55:50.967,12.89688,12.89898,0.00,0.00
2017.10.11 13:55:51.297,12.89648,12.89879,0.00,0.00
2017.10.11 13:55:51.568,12.89669,12.89878,0.00,0.00
2017.10.11 13:55:51.769,12.89648,12.89878,0.00,0.00
2017.10.11 13:55:51.943,12.89648,12.89869,0.00,0.00
2017.10.11 13:55:52.245,12.89678,12.89879,0.00,0.00
2017.10.11 13:55:52.471,12.89659,12.89889,0.00,0.00
2017.10.11 13:55:52.572,12.89659,12.89859,0.00,0.00
2017.10.11 13:55:52.672,12.89618,12.89858,0.00,0.00
2017.10.11 13:55:52.824,12.89618,12.89818,0.00,0.00
2017.10.11 13:55:52.983,12.89608,12.89819,0.00,0.00
2017.10.11 13:55:53.084,12.89588,12.89819,0.00,0.00
2017.10.11 13:55:53.184,12.89618,12.89819,0.00,0.00
2017.10.11 13:55:53.285,12.89588,12.89818,0.00,0.00
2017.10.11 13:55:53.386,12.89568,12.89818,0.00,0.00
2017.10.11 13:55:53.706,12.89588,12.89818,0.00,0.00
2017.10.11 13:55:54.296,12.89588,12.89819,0.00,0.00
2017.10.11 13:55:54.474,12.89568,12.89819,0.00,0.00
2017.10.11 13:55:54.524,12.89568,12.89798,0.00,0.00
2017.10.11 13:55:54.949,12.89568,12.89818,0.00,0.00
2017.10.11 13:55:54.999,12.89651,12.89819,0.00,0.00
2017.10.11 13:55:55.050,12.89652,12.89881,0.00,0.00
2017.10.11 13:55:55.201,12.89679,12.89899,0.00,0.00
2017.10.11 13:55:55.712,12.89678,12.89898,0.00,0.00
2017.10.11 13:55:56.178,12.89652,12.89898,0.00,0.00
2017.10.11 13:55:56.678,12.89663,12.89898,0.00,0.00
2017.10.11 13:55:57.096,12.89663,12.89888,0.00,0.00
2017.10.11 13:55:57.579,12.89684,12.89889,0.00,0.00
2017.10.11 13:55:57.997,12.89668,12.89889,0.00,0.00
2017.10.11 13:55:58.077,12.89668,12.89899,0.00,0.00
2017.10.11 13:55:58.181,12.89683,12.89899,0.00,0.00
2017.10.11 13:55:58.747,12.89683,12.89908,0.00,0.00
2017.10.11 13:55:58.798,12.89668,12.89908,0.00,0.00
2017.10.11 13:55:58.898,12.89683,12.89909,0.00,0.00
2017.10.11 13:55:59.269,12.89693,12.89898,0.00,0.00
2017.10.11 13:55:59.585,12.89678,12.89899,0.00,0.00
2017.10.11 13:56:00.309,12.89659,12.89879,0.00,0.00
2017.10.11 13:56:00.360,12.89659,12.89909,0.00,0.00
2017.10.11 13:56:00.411,12.89659,12.89899,0.00,0.00
2017.10.11 13:56:00.737,12.89693,12.89918,0.00,0.00
2017.10.11 13:56:01.316,12.89693,12.89919,0.00,0.00
2017.10.11 13:56:01.538,12.89668,12.89909,0.00,0.00
2017.10.11 13:56:01.828,12.89668,12.89869,0.00,0.00
2017.10.11 13:56:01.978,12.89668,12.89899,0.00,0.00
2017.10.11 13:56:02.029,12.89672,12.89918,0.00,0.00
2017.10.11 13:56:02.130,12.89688,12.89918,0.00,0.00
2017.10.11 13:56:02.621,12.89661,12.89919,0.00,0.00
2017.10.11 13:56:02.846,12.89659,12.89908,0.00,0.00
2017.10.11 13:56:02.897,12.89662,12.89918,0.00,0.00
2017.10.11 13:56:02.984,12.89668,12.89918,0.00,0.00
2017.10.11 13:56:03.034,12.89662,12.89918,0.00,0.00
2017.10.11 13:56:03.100,12.89669,12.89918,0.00,0.00
2017.10.11 13:56:03.402,12.89662,12.89918,0.00,0.00
2017.10.11 13:56:03.453,12.89671,12.89919,0.00,0.00
2017.10.11 13:56:03.503,12.89658,12.89909,0.00,0.00
2017.10.11 13:56:03.604,12.89672,12.89918,0.00,0.00
2017.10.11 13:56:04.222,12.89671,12.89919,0.00,0.00
2017.10.11 13:56:04.658,12.89658,12.89888,0.00,0.00
2017.10.11 13:56:04.709,12.89658,12.89898,0.00,0.00
2017.10.11 13:56:04.810,12.89658,12.89908,0.00,0.00
2017.10.11 13:56:05.339,12.89658,12.89909,0.00,0.00
2017.10.11 13:56:05.507,12.89658,12.89898,0.00,0.00
2017.10.11 13:56:05.668,12.89658,12.89908,0.00,0.00
2017.10.11 13:56:06.253,12.89658,12.89909,0.00,0.00
2017.10.11 13:56:06.397,12.89658,12.89899,0.00,0.00
2017.10.11 13:56:06.614,12.89652,12.89898,0.00,0.00
2017.10.11 13:56:06.711,12.89651,12.89889,0.00,0.00
2017.10.11 13:56:07.014,12.89559,12.89709,0.00,0.00
2017.10.11 13:56:07.064,12.89528,12.89708,0.00,0.00
2017.10.11 13:56:07.117,12.89468,12.89708,0.00,0.00
2017.10.11 13:56:07.168,12.89468,12.89708,0.00,0.00
2017.10.11 13:56:07.287,12.89461,12.89709,0.00,0.00
2017.10.11 13:56:07.338,12.89464,12.89699,0.00,0.00
2017.10.11 13:56:07.388,12.89464,12.89708,0.00,0.00
2017.10.11 13:56:07.439,12.89493,12.89708,0.00,0.00
2017.10.11 13:56:07.852,12.89513,12.89709,0.00,0.00
2017.10.11 13:56:07.953,12.89546,12.89771,0.00,0.00
2017.10.11 13:56:08.054,12.89574,12.89771,0.00,0.00
2017.10.11 13:56:08.135,12.89574,12.89779,0.00,0.00
2017.10.11 13:56:08.236,12.89552,12.89778,0.00,0.00
2017.10.11 13:56:08.620,12.89553,12.89778,0.00,0.00
2017.10.11 13:56:08.943,12.89549,12.89778,0.00,0.00
2017.10.11 13:56:09.043,12.89549,12.89789,0.00,0.00
2017.10.11 13:56:09.266,12.89481,12.89722,0.00,0.00
2017.10.11 13:56:09.518,12.89478,12.89722,0.00,0.00
2017.10.11 13:56:09.569,12.89472,12.89722,0.00,0.00
2017.10.11 13:56:09.638,12.89469,12.89708,0.00,0.00
2017.10.11 13:56:09.740,12.89461,12.89709,0.00,0.00
2017.10.11 13:56:09.790,12.89466,12.89719,0.00,0.00
2017.10.11 13:56:10.129,12.89478,12.89722,0.00,0.00
2017.10.11 13:56:10.454,12.89469,12.89709,0.00,0.00
2017.10.11 13:56:10.756,12.89499,12.89699,0.00,0.00
2017.10.11 13:56:10.864,12.89469,12.89698,0.00,0.00
2017.10.11 13:56:11.091,12.89469,12.89709,0.00,0.00
2017.10.11 13:56:11.141,12.89499,12.89709,0.00,0.00
2017.10.11 13:56:11.421,12.89461,12.89709,0.00,0.00
2017.10.11 13:56:11.472,12.89511,12.89759,0.00,0.00
2017.10.11 13:56:11.522,12.89499,12.89749,0.00,0.00
2017.10.11 13:56:11.573,12.89509,12.89748,0.00,0.00
2017.10.11 13:56:11.724,12.89509,12.89768,0.00,0.00
2017.10.11 13:56:11.775,12.89538,12.89768,0.00,0.00
2017.10.11 13:56:11.948,12.89538,12.89772,0.00,0.00
2017.10.11 13:56:11.999,12.89551,12.89769,0.00,0.00
2017.10.11 13:56:12.150,12.89511,12.89769,0.00,0.00
2017.10.11 13:56:12.352,12.89498,12.89749,0.00,0.00
2017.10.11 13:56:12.809,12.89492,12.89722,0.00,0.00
2017.10.11 13:56:13.119,12.89551,12.89762,0.00,0.00
2017.10.11 13:56:13.170,12.89559,12.89772,0.00,0.00
2017.10.11 13:56:13.271,12.89578,12.89789,0.00,0.00
2017.10.11 13:56:13.429,12.89551,12.89789,0.00,0.00
2017.10.11 13:56:13.629,12.89579,12.89789,0.00,0.00
2017.10.11 13:56:13.987,12.89579,12.89778,0.00,0.00
2017.10.11 13:56:14.038,12.89551,12.89779,0.00,0.00
2017.10.11 13:56:14.198,12.89551,12.89771,0.00,0.00
2017.10.11 13:56:14.349,12.89468,12.89719,0.00,0.00
2017.10.11 13:56:14.400,12.89468,12.89708,0.00,0.00
2017.10.11 13:56:14.501,12.89481,12.89722,0.00,0.00
2017.10.11 13:56:14.552,12.89488,12.89709,0.00,0.00
2017.10.11 13:56:14.653,12.89461,12.89709,0.00,0.00
2017.10.11 13:56:14.851,12.89489,12.89709,0.00,0.00
2017.10.11 13:56:15.171,12.89561,12.89722,0.00,0.00
2017.10.11 13:56:15.221,12.89561,12.89771,0.00,0.00
2017.10.11 13:56:15.322,12.89561,12.89779,0.00,0.00
2017.10.11 13:56:15.373,12.89578,12.89778,0.00,0.00
2017.10.11 13:56:15.675,12.89578,12.89768,0.00,0.00
2017.10.11 13:56:15.725,12.89578,12.89779,0.00,0.00
2017.10.11 13:56:15.776,12.89589,12.89809,0.00,0.00
2017.10.11 13:56:15.877,12.89599,12.89808,0.00,0.00
2017.10.11 13:56:16.169,12.89599,12.89822,0.00,0.00
2017.10.11 13:56:16.270,12.89648,12.89872,0.00,0.00
2017.10.11 13:56:16.477,12.89609,12.89821,0.00,0.00
2017.10.11 13:56:16.578,12.89572,12.89821,0.00,0.00
2017.10.11 13:56:16.758,12.89582,12.89821,0.00,0.00
2017.10.11 13:56:17.049,12.89628,12.89871,0.00,0.00
2017.10.11 13:56:17.489,12.89661,12.89892,0.00,0.00
2017.10.11 13:56:17.640,12.89681,12.89919,0.00,0.00
2017.10.11 13:56:17.741,12.89688,12.89909,0.00,0.00
2017.10.11 13:56:17.947,12.89662,12.89898,0.00,0.00
2017.10.11 13:56:18.100,12.89661,12.89879,0.00,0.00
2017.10.11 13:56:18.430,12.89661,12.89869,0.00,0.00
2017.10.11 13:56:18.758,12.89662,12.89858,0.00,0.00
2017.10.11 13:56:18.809,12.89681,12.89921,0.00,0.00
2017.10.11 13:56:18.859,12.89678,12.89909,0.00,0.00
2017.10.11 13:56:19.078,12.89662,12.89898,0.00,0.00
2017.10.11 13:56:19.179,12.89678,12.89909,0.00,0.00
2017.10.11 13:56:19.230,12.89678,12.89919,0.00,0.00
2017.10.11 13:56:19.280,12.89691,12.89921,0.00,0.00
2017.10.11 13:56:19.483,12.89661,12.89909,0.00,0.00
2017.10.11 13:56:20.048,12.89662,12.89908,0.00,0.00
2017.10.11 13:56:20.098,12.89691,12.89921,0.00,0.00
2017.10.11 13:56:20.439,12.89721,12.89971,0.00,0.00
2017.10.11 13:56:20.490,12.89749,12.89948,0.00,0.00
2017.10.11 13:56:20.591,12.89709,12.89921,0.00,0.00
2017.10.11 13:56:20.730,12.89691,12.89921,0.00,0.00
2017.10.11 13:56:21.016,12.89682,12.89921,0.00,0.00
2017.10.11 13:56:21.067,12.89662,12.89918,0.00,0.00
2017.10.11 13:56:21.457,12.89661,12.89889,0.00,0.00
2017.10.11 13:56:22.368,12.89668,12.89889,0.00,0.00
2017.10.11 13:56:22.779,12.89699,12.89921,0.00,0.00
2017.10.11 13:56:22.830,12.89711,12.89969,0.00,0.00
2017.10.11 13:56:22.881,12.89779,12.89972,0.00,0.00
2017.10.11 13:56:22.931,12.89779,12.89989,0.00,0.00
2017.10.11 13:56:23.171,12.89751,12.89989,0.00,0.00
2017.10.11 13:56:23.371,12.89779,12.89988,0.00,0.00
2017.10.11 13:56:23.572,12.89758,12.89989,0.00,0.00
2017.10.11 13:56:23.706,12.89779,12.89989,0.00,0.00
2017.10.11 13:56:23.987,12.89751,12.89979,0.00,0.00
2017.10.11 13:56:24.469,12.89752,12.89988,0.00,0.00
2017.10.11 13:56:24.520,12.89778,12.89999,0.00,0.00
2017.10.11 13:56:24.822,12.89778,12.89988,0.00,0.00
2017.10.11 13:56:24.923,12.89751,12.89989,0.00,0.00
2017.10.11 13:56:25.155,12.89751,12.89999,0.00,0.00
2017.10.11 13:56:25.206,12.89758,12.89999,0.00,0.00
2017.10.11 13:56:25.697,12.89778,12.90009,0.00,0.00
2017.10.11 13:56:25.979,12.89752,12.89998,0.00,0.00
2017.10.11 13:56:26.029,12.89751,12.89989,0.00,0.00
2017.10.11 13:56:26.236,12.89751,12.89999,0.00,0.00
2017.10.11 13:56:26.286,12.89778,12.89999,0.00,0.00
2017.10.11 13:56:27.058,12.89778,12.89988,0.00,0.00
2017.10.11 13:56:27.108,12.89751,12.89989,0.00,0.00
2017.10.11 13:56:27.159,12.89751,12.89999,0.00,0.00
2017.10.11 13:56:27.209,12.89779,12.89998,0.00,0.00
2017.10.11 13:56:27.260,12.89779,12.90009,0.00,0.00
2017.10.11 13:56:27.383,12.89779,12.89979,0.00,0.00
2017.10.11 13:56:27.484,12.89751,12.89969,0.00,0.00
2017.10.11 13:56:27.707,12.89752,12.89978,0.00,0.00
2017.10.11 13:56:27.767,12.89751,12.89969,0.00,0.00
2017.10.11 13:56:27.993,12.89768,12.89989,0.00,0.00
2017.10.11 13:56:28.044,12.89768,12.89979,0.00,0.00
2017.10.11 13:56:28.269,12.89768,12.89999,0.00,0.00
2017.10.11 13:56:28.320,12.89779,12.89999,0.00,0.00
2017.10.11 13:56:28.421,12.89778,12.90009,0.00,0.00
2017.10.11 13:56:28.522,12.89778,12.89998,0.00,0.00
2017.10.11 13:56:29.027,12.89778,12.89999,0.00,0.00
2017.10.11 13:56:29.726,12.89779,12.89999,0.00,0.00
2017.10.11 13:56:29.906,12.89779,12.90009,0.00,0.00
2017.10.11 13:56:30.145,12.89778,12.89998,0.00,0.00
2017.10.11 13:56:30.195,12.89751,12.89989,0.00,0.00
2017.10.11 13:56:30.348,12.89751,12.89979,0.00,0.00
2017.10.11 13:56:30.472,12.89752,12.90008,0.00,0.00
2017.10.11 13:56:30.636,12.89761,12.90019,0.00,0.00
2017.10.11 13:56:30.849,12.89781,12.90022,0.00,0.00
2017.10.11 13:56:31.184,12.89791,12.90022,0.00,0.00
2017.10.11 13:56:32.025,12.89778,12.90009,0.00,0.00
2017.10.11 13:56:32.126,12.89761,12.90009,0.00,0.00
2017.10.11 13:56:32.300,12.89759,12.89998,0.00,0.00
2017.10.11 13:56:32.732,12.89768,12.89998,0.00,0.00
2017.10.11 13:56:33.201,12.89758,12.89998,0.00,0.00
2017.10.11 13:56:33.608,12.89762,12.90008,0.00,0.00
2017.10.11 13:56:33.709,12.89768,12.90009,0.00,0.00
2017.10.11 13:56:34.052,12.89788,12.90008,0.00,0.00
2017.10.11 13:56:34.103,12.89798,12.90028,0.00,0.00
2017.10.11 13:56:34.153,12.89818,12.90038,0.00,0.00
2017.10.11 13:56:34.204,12.89798,12.90021,0.00,0.00
2017.10.11 13:56:34.316,12.89798,12.90009,0.00,0.00
2017.10.11 13:56:34.504,12.89761,12.90009,0.00,0.00
2017.10.11 13:56:34.649,12.89772,12.90021,0.00,0.00
2017.10.11 13:56:34.705,12.89788,12.90021,0.00,0.00
2017.10.11 13:56:35.045,12.89788,12.90009,0.00,0.00
2017.10.11 13:56:35.366,12.89788,12.89999,0.00,0.00
2017.10.11 13:56:35.416,12.89762,12.89998,0.00,0.00
2017.10.11 13:56:35.929,12.89769,12.89989,0.00,0.00
2017.10.11 13:56:36.048,12.89761,12.89989,0.00,0.00
2017.10.11 13:56:36.157,12.89761,12.89979,0.00,0.00
2017.10.11 13:56:36.308,12.89752,12.89978,0.00,0.00
2017.10.11 13:56:36.359,12.89751,12.89999,0.00,0.00
2017.10.11 13:56:36.460,12.89788,12.89998,0.00,0.00
2017.10.11 13:56:36.735,12.89769,12.89998,0.00,0.00
2017.10.11 13:56:36.851,12.89759,12.89999,0.00,0.00
2017.10.11 13:56:36.956,12.89759,12.89988,0.00,0.00
2017.10.11 13:56:37.150,12.89759,12.89999,0.00,0.00
2017.10.11 13:56:37.359,12.89759,12.89989,0.00,0.00
2017.10.11 13:56:37.460,12.89751,12.89989,0.00,0.00
2017.10.11 13:56:37.511,12.89772,12.90018,0.00,0.00
2017.10.11 13:56:37.561,12.89789,12.90018,0.00,0.00
2017.10.11 13:56:37.885,12.89789,12.89998,0.00,0.00
2017.10.11 13:56:37.936,12.89762,12.89998,0.00,0.00
2017.10.11 13:56:38.132,12.89789,12.89999,0.00,0.00
2017.10.11 13:56:38.315,12.89768,12.89999,0.00,0.00
2017.10.11 13:56:38.818,12.89769,12.89999,0.00,0.00
2017.10.11 13:56:39.054,12.89769,12.89979,0.00,0.00
2017.10.11 13:56:39.155,12.89761,12.89979,0.00,0.00
2017.10.11 13:56:39.206,12.89762,12.89998,0.00,0.00
2017.10.11 13:56:39.256,12.89761,12.89989,0.00,0.00
2017.10.11 13:56:39.620,12.89789,12.89999,0.00,0.00
2017.10.11 13:56:39.847,12.89762,12.89978,0.00,0.00
2017.10.11 13:56:40.125,12.89768,12.89979,0.00,0.00
2017.10.11 13:56:40.217,12.89768,12.89989,0.00,0.00
2017.10.11 13:56:40.276,12.89768,12.90009,0.00,0.00
2017.10.11 13:56:40.327,12.89788,12.90009,0.00,0.00
2017.10.11 13:56:40.526,12.89761,12.89999,0.00,0.00
2017.10.11 13:56:40.577,12.89761,12.90019,0.00,0.00
2017.10.11 13:56:40.627,12.89768,12.90019,0.00,0.00
2017.10.11 13:56:40.986,12.89762,12.90008,0.00,0.00
2017.10.11 13:56:41.315,12.89788,12.90009,0.00,0.00
2017.10.11 13:56:41.786,12.89788,12.89999,0.00,0.00
2017.10.11 13:56:41.836,12.89761,12.89999,0.00,0.00
2017.10.11 13:56:42.256,12.89762,12.89988,0.00,0.00
2017.10.11 13:56:43.016,12.89761,12.89989,0.00,0.00
2017.10.11 13:56:43.321,12.89789,12.89999,0.00,0.00
2017.10.11 13:56:43.525,12.89758,12.89979,0.00,0.00
2017.10.11 13:56:43.697,12.89758,12.89998,0.00,0.00
2017.10.11 13:56:43.748,12.89788,12.89998,0.00,0.00
2017.10.11 13:56:44.068,12.89779,12.89979,0.00,0.00
2017.10.11 13:56:44.168,12.89751,12.89959,0.00,0.00
2017.10.11 13:56:44.667,12.89751,12.89949,0.00,0.00
2017.10.11 13:56:44.782,12.89751,12.89989,0.00,0.00
2017.10.11 13:56:44.833,12.89788,12.89988,0.00,0.00
2017.10.11 13:56:44.883,12.89788,12.90008,0.00,0.00
2017.10.11 13:56:45.207,12.89788,12.89989,0.00,0.00
2017.10.11 13:56:45.257,12.89751,12.89989,0.00,0.00
2017.10.11 13:56:45.308,12.89751,12.89979,0.00,0.00
2017.10.11 13:56:45.616,12.89778,12.89979,0.00,0.00
2017.10.11 13:56:45.984,12.89778,12.89969,0.00,0.00
2017.10.11 13:56:46.143,12.89751,12.89959,0.00,0.00
2017.10.11 13:56:46.265,12.89751,12.89969,0.00,0.00
2017.10.11 13:56:46.608,12.89751,12.89959,0.00,0.00
2017.10.11 13:56:47.117,12.89752,12.89958,0.00,0.00
2017.10.11 13:56:47.529,12.89752,12.89922,0.00,0.00
2017.10.11 13:56:47.579,12.89748,12.89919,0.00,0.00
2017.10.11 13:56:47.630,12.89748,12.89908,0.00,0.00
2017.10.11 13:56:47.699,12.89728,12.89908,0.00,0.00
2017.10.11 13:56:47.752,12.89668,12.89908,0.00,0.00
2017.10.11 13:56:48.133,12.89699,12.89909,0.00,0.00
2017.10.11 13:56:48.234,12.89689,12.89909,0.00,0.00
2017.10.11 13:56:48.735,12.89689,12.89908,0.00,0.00
2017.10.11 13:56:48.836,12.89678,12.89909,0.00,0.00
2017.10.11 13:56:48.937,12.89661,12.89909,0.00,0.00
2017.10.11 13:56:49.450,12.89679,12.89909,0.00,0.00
2017.10.11 13:56:49.717,12.89691,12.89922,0.00,0.00
2017.10.11 13:56:49.818,12.89751,12.89959,0.00,0.00
2017.10.11 13:56:49.919,12.89752,12.89968,0.00,0.00
2017.10.11 13:56:49.969,12.89778,12.89968,0.00,0.00
2017.10.11 13:56:50.236,12.89778,12.89978,0.00,0.00
2017.10.11 13:56:50.337,12.89778,12.89989,0.00,0.00
2017.10.11 13:56:50.397,12.89778,12.89979,0.00,0.00
2017.10.11 13:56:50.613,12.89738,12.89969,0.00,0.00
2017.10.11 13:56:50.664,12.89709,12.89969,0.00,0.00
2017.10.11 13:56:50.839,12.89739,12.89969,0.00,0.00
2017.10.11 13:56:51.089,12.89691,12.89922,0.00,0.00
2017.10.11 13:56:51.254,12.89752,12.89972,0.00,0.00
2017.10.11 13:56:51.516,12.89779,12.90009,0.00,0.00
2017.10.11 13:56:51.854,12.89789,12.90009,0.00,0.00
2017.10.11 13:56:52.507,12.89789,12.90008,0.00,0.00
2017.10.11 13:56:53.049,12.89788,12.90009,0.00,0.00
2017.10.11 13:56:53.350,12.89788,12.90019,0.00,0.00
2017.10.11 13:56:53.501,12.89789,12.90009,0.00,0.00
2017.10.11 13:56:53.964,12.89781,12.90019,0.00,0.00
2017.10.11 13:56:54.014,12.89791,12.90021,0.00,0.00
2017.10.11 13:56:54.146,12.89771,12.90019,0.00,0.00
2017.10.11 13:56:54.197,12.89789,12.90009,0.00,0.00
2017.10.11 13:56:54.297,12.89761,12.90009,0.00,0.00
2017.10.11 13:56:54.545,12.89761,12.89999,0.00,0.00
2017.10.11 13:56:54.954,12.89761,12.89989,0.00,0.00
2017.10.11 13:56:55.563,12.89762,12.89988,0.00,0.00
2017.10.11 13:56:55.876,12.89762,12.89978,0.00,0.00
2017.10.11 13:56:56.198,12.89761,12.89969,0.00,0.00
2017.10.11 13:56:56.400,12.89709,12.89922,0.00,0.00
2017.10.11 13:56:56.466,12.89692,12.89922,0.00,0.00
2017.10.11 13:56:56.567,12.89708,12.89922,0.00,0.00
2017.10.11 13:56:56.852,12.89692,12.89922,0.00,0.00
2017.10.11 13:56:56.953,12.89682,12.89922,0.00,0.00
2017.10.11 13:56:57.364,12.89698,12.89922,0.00,0.00
2017.10.11 13:56:57.826,12.89708,12.89922,0.00,0.00
2017.10.11 13:56:57.954,12.89702,12.89922,0.00,0.00
2017.10.11 13:56:58.132,12.89712,12.89972,0.00,0.00
2017.10.11 13:56:58.182,12.89711,12.89969,0.00,0.00
2017.10.11 13:56:58.485,12.89758,12.89968,0.00,0.00
2017.10.11 13:56:58.636,12.89768,12.89979,0.00,0.00
2017.10.11 13:56:58.737,12.89768,12.89999,0.00,0.00
2017.10.11 13:56:58.838,12.89752,12.89998,0.00,0.00
2017.10.11 13:56:58.908,12.89778,12.89998,0.00,0.00
2017.10.11 13:56:59.307,12.89778,12.89989,0.00,0.00
2017.10.11 13:56:59.408,12.89778,12.89999,0.00,0.00
2017.10.11 13:56:59.558,12.89768,12.89999,0.00,0.00
2017.10.11 13:56:59.741,12.89768,12.89989,0.00,0.00
2017.10.11 13:56:59.858,12.89758,12.89989,0.00,0.00
2017.10.11 13:56:59.958,12.89779,12.89999,0.00,0.00
2017.10.11 13:57:00.309,12.89792,12.90022,0.00,0.00
2017.10.11 13:57:00.410,12.89781,12.90019,0.00,0.00
2017.10.11 13:57:00.460,12.89798,12.90018,0.00,0.00
2017.10.11 13:57:00.668,12.89771,12.89999,0.00,0.00
2017.10.11 13:57:01.010,12.89771,12.89989,0.00,0.00
2017.10.11 13:57:01.338,12.89771,12.89979,0.00,0.00
2017.10.11 13:57:01.748,12.89771,12.89969,0.00,0.00
2017.10.11 13:57:02.116,12.89771,12.89979,0.00,0.00
2017.10.11 13:57:02.217,12.89771,12.89989,0.00,0.00
2017.10.11 13:57:03.164,12.89783,12.89989,0.00,0.00
2017.10.11 13:57:03.289,12.89783,12.89998,0.00,0.00
2017.10.11 13:57:03.340,12.89783,12.90019,0.00,0.00
2017.10.11 13:57:03.390,12.89788,12.90022,0.00,0.00
2017.10.11 13:57:03.770,12.89814,12.90022,0.00,0.00
2017.10.11 13:57:03.821,12.89814,12.90071,0.00,0.00
2017.10.11 13:57:03.893,12.89843,12.90071,0.00,0.00
2017.10.11 13:57:03.943,12.89849,12.90089,0.00,0.00
2017.10.11 13:57:03.994,12.89894,12.90088,0.00,0.00
2017.10.11 13:57:04.397,12.89894,12.90058,0.00,0.00
2017.10.11 13:57:04.498,12.89868,12.90059,0.00,0.00
2017.10.11 13:57:04.599,12.89858,12.90069,0.00,0.00
2017.10.11 13:57:04.700,12.89858,12.90089,0.00,0.00
2017.10.11 13:57:04.768,12.89888,12.90089,0.00,0.00
2017.10.11 13:57:04.818,12.89888,12.90098,0.00,0.00
2017.10.11 13:57:04.869,12.89888,12.90069,0.00,0.00
2017.10.11 13:57:04.970,12.89858,12.90069,0.00,0.00
2017.10.11 13:57:05.157,12.89858,12.90079,0.00,0.00
2017.10.11 13:57:05.208,12.89888,12.90079,0.00,0.00
2017.10.11 13:57:05.258,12.89888,12.90089,0.00,0.00
2017.10.11 13:57:05.669,12.89879,12.90089,0.00,0.00
2017.10.11 13:57:05.825,12.89879,12.90079,0.00,0.00
2017.10.11 13:57:06.077,12.89798,12.90021,0.00,0.00
2017.10.11 13:57:06.128,12.89821,12.90019,0.00,0.00
2017.10.11 13:57:06.178,12.89818,12.90019,0.00,0.00
2017.10.11 13:57:06.279,12.89778,12.90019,0.00,0.00
2017.10.11 13:57:06.508,12.89778,12.90008,0.00,0.00
2017.10.11 13:57:06.859,12.89778,12.89999,0.00,0.00
2017.10.11 13:57:07.329,12.89778,12.90009,0.00,0.00
2017.10.11 13:57:07.380,12.89799,12.90009,0.00,0.00
2017.10.11 13:57:07.430,12.89799,12.90019,0.00,0.00
2017.10.11 13:57:07.531,12.89799,12.90009,0.00,0.00
2017.10.11 13:57:07.870,12.89788,12.89979,0.00,0.00
2017.10.11 13:57:07.976,12.89788,12.89989,0.00,0.00
2017.10.11 13:57:08.378,12.89788,12.89979,0.00,0.00
2017.10.11 13:57:08.977,12.89798,12.89978,0.00,0.00
2017.10.11 13:57:09.307,12.89798,12.89989,0.00,0.00
2017.10.11 13:57:09.839,12.89798,12.89988,0.00,0.00
2017.10.11 13:57:10.259,12.89798,12.89979,0.00,0.00
2017.10.11 13:57:10.865,12.89798,12.89968,0.00,0.00
2017.10.11 13:57:10.915,12.89798,12.89988,0.00,0.00
2017.10.11 13:57:11.381,12.89789,12.89988,0.00,0.00
2017.10.11 13:57:11.588,12.89818,12.89988,0.00,0.00
2017.10.11 13:57:11.782,12.89799,12.89988,0.00,0.00
2017.10.11 13:57:11.883,12.89789,12.89999,0.00,0.00
2017.10.11 13:57:11.984,12.89818,12.89998,0.00,0.00
2017.10.11 13:57:12.034,12.89818,12.90018,0.00,0.00
2017.10.11 13:57:12.203,12.89818,12.89999,0.00,0.00
2017.10.11 13:57:12.304,12.89788,12.89998,0.00,0.00
2017.10.11 13:57:12.532,12.89788,12.89988,0.00,0.00
2017.10.11 13:57:12.863,12.89788,12.89979,0.00,0.00
2017.10.11 13:57:12.914,12.89778,12.89978,0.00,0.00
2017.10.11 13:57:13.192,12.89788,12.89978,0.00,0.00
2017.10.11 13:57:13.394,12.89718,12.89922,0.00,0.00
2017.10.11 13:57:13.495,12.89709,12.89922,0.00,0.00
2017.10.11 13:57:13.809,12.89748,12.89978,0.00,0.00
2017.10.11 13:57:13.883,12.89738,12.89972,0.00,0.00
2017.10.11 13:57:13.933,12.89779,12.89972,0.00,0.00
2017.10.11 13:57:14.040,12.89779,12.89998,0.00,0.00
2017.10.11 13:57:14.091,12.89751,12.89999,0.00,0.00
2017.10.11 13:57:14.142,12.89752,12.89968,0.00,0.00
2017.10.11 13:57:14.454,12.89668,12.89778,0.00,0.00
2017.10.11 13:57:14.602,12.89588,12.89719,0.00,0.00
2017.10.11 13:57:14.653,12.89588,12.89749,0.00,0.00
2017.10.11 13:57:14.754,12.89528,12.89731,0.00,0.00
2017.10.11 13:57:14.804,12.89539,12.89731,0.00,0.00
2017.10.11 13:57:14.855,12.89539,12.89779,0.00,0.00
2017.10.11 13:57:14.905,12.89569,12.89779,0.00,0.00
2017.10.11 13:57:15.173,12.89569,12.89788,0.00,0.00
2017.10.11 13:57:15.274,12.89558,12.89799,0.00,0.00
2017.10.11 13:57:15.355,12.89618,12.89798,0.00,0.00
2017.10.11 13:57:15.691,12.89588,12.89798,0.00,0.00
2017.10.11 13:57:15.908,12.89618,12.89798,0.00,0.00
2017.10.11 13:57:16.117,12.89588,12.89789,0.00,0.00
2017.10.11 13:57:16.797,12.89588,12.89788,0.00,0.00
2017.10.11 13:57:16.968,12.89588,12.89799,0.00,0.00
2017.10.11 13:57:17.076,12.89588,12.89808,0.00,0.00
2017.10.11 13:57:17.126,12.89618,12.89808,0.00,0.00
2017.10.11 13:57:17.595,12.89608,12.89808,0.00,0.00
2017.10.11 13:57:17.811,12.89628,12.89809,0.00,0.00
2017.10.11 13:57:18.189,12.89628,12.89819,0.00,0.00
2017.10.11 13:57:18.296,12.89618,12.89819,0.00,0.00
2017.10.11 13:57:18.397,12.89628,12.89819,0.00,0.00
2017.10.11 13:57:18.779,12.89618,12.89808,0.00,0.00
2017.10.11 13:57:18.938,12.89618,12.89819,0.00,0.00
2017.10.11 13:57:19.056,12.89629,12.89818,0.00,0.00
2017.10.11 13:57:19.107,12.89629,12.89832,0.00,0.00
2017.10.11 13:57:19.608,12.89629,12.89839,0.00,0.00
2017.10.11 13:57:19.709,12.89669,12.89829,0.00,0.00
2017.10.11 13:57:19.810,12.89609,12.89828,0.00,0.00
2017.10.11 13:57:19.861,12.89609,12.89819,0.00,0.00
2017.10.11 13:57:20.250,12.89618,12.89819,0.00,0.00
2017.10.11 13:57:20.300,12.89608,12.89818,0.00,0.00
2017.10.11 13:57:20.830,12.89608,12.89808,0.00,0.00
2017.10.11 13:57:21.138,12.89618,12.89808,0.00,0.00
2017.10.11 13:57:21.468,12.89639,12.89809,0.00,0.00
2017.10.11 13:57:21.702,12.89619,12.89809,0.00,0.00
2017.10.11 13:57:21.866,12.89619,12.89798,0.00,0.00
2017.10.11 13:57:22.010,12.89609,12.89799,0.00,0.00
2017.10.11 13:57:22.403,12.89618,12.89799,0.00,0.00
2017.10.11 13:57:22.504,12.89608,12.89799,0.00,0.00
2017.10.11 13:57:23.069,12.89608,12.89798,0.00,0.00
2017.10.11 13:57:23.802,12.89608,12.89799,0.00,0.00
2017.10.11 13:57:24.389,12.89609,12.89798,0.00,0.00
2017.10.11 13:57:24.648,12.89609,12.89808,0.00,0.00
2017.10.11 13:57:24.748,12.89609,12.89818,0.00,0.00
2017.10.11 13:57:24.887,12.89609,12.89829,0.00,0.00
2017.10.11 13:57:24.937,12.89639,12.89829,0.00,0.00
2017.10.11 13:57:25.696,12.89639,12.89828,0.00,0.00
2017.10.11 13:57:25.746,12.89618,12.89828,0.00,0.00
2017.10.11 13:57:25.809,12.89618,12.89818,0.00,0.00
2017.10.11 13:57:25.859,12.89609,12.89818,0.00,0.00
2017.10.11 13:57:26.388,12.89609,12.89819,0.00,0.00
2017.10.11 13:57:28.888,12.89609,12.89779,0.00,0.00
2017.10.11 13:57:29.049,12.89598,12.89769,0.00,0.00
2017.10.11 13:57:29.201,12.89598,12.89778,0.00,0.00
2017.10.11 13:57:29.301,12.89578,12.89808,0.00,0.00
2017.10.11 13:57:29.453,12.89628,12.89808,0.00,0.00
2017.10.11 13:57:29.916,12.89618,12.89809,0.00,0.00
2017.10.11 13:57:30.076,12.89618,12.89768,0.00,0.00
2017.10.11 13:57:30.258,12.89508,12.89729,0.00,0.00
2017.10.11 13:57:30.411,12.89508,12.89719,0.00,0.00
2017.10.11 13:57:30.663,12.89518,12.89732,0.00,0.00
2017.10.11 13:57:30.764,12.89539,12.89732,0.00,0.00
2017.10.11 13:57:30.918,12.89529,12.89732,0.00,0.00
2017.10.11 13:57:31.246,12.89552,12.89732,0.00,0.00
2017.10.11 13:57:31.449,12.89598,12.89788,0.00,0.00
2017.10.11 13:57:31.568,12.89598,12.89779,0.00,0.00
2017.10.11 13:57:31.668,12.89559,12.89778,0.00,0.00
2017.10.11 13:57:31.769,12.89559,12.89799,0.00,0.00
2017.10.11 13:57:31.820,12.89618,12.89798,0.00,0.00
2017.10.11 13:57:32.138,12.89588,12.89779,0.00,0.00
2017.10.11 13:57:32.239,12.89558,12.89778,0.00,0.00
2017.10.11 13:57:32.727,12.89578,12.89799,0.00,0.00
2017.10.11 13:57:32.828,12.89609,12.89778,0.00,0.00
2017.10.11 13:57:32.979,12.89619,12.89799,0.00,0.00
2017.10.11 13:57:33.221,12.89608,12.89799,0.00,0.00
2017.10.11 13:57:33.322,12.89618,12.89799,0.00,0.00
2017.10.11 13:57:33.875,12.89618,12.89809,0.00,0.00
2017.10.11 13:57:33.926,12.89629,12.89809,0.00,0.00
2017.10.11 13:57:34.248,12.89629,12.89799,0.00,0.00
2017.10.11 13:57:34.351,12.89599,12.89799,0.00,0.00
2017.10.11 13:57:34.402,12.89599,12.89788,0.00,0.00
2017.10.11 13:57:34.452,12.89599,12.89799,0.00,0.00
2017.10.11 13:57:34.553,12.89628,12.89799,0.00,0.00
2017.10.11 13:57:34.626,12.89628,12.89818,0.00,0.00
2017.10.11 13:57:34.727,12.89628,12.89832,0.00,0.00
2017.10.11 13:57:34.777,12.89628,12.89829,0.00,0.00
2017.10.11 13:57:34.956,12.89598,12.89829,0.00,0.00
2017.10.11 13:57:35.358,12.89609,12.89828,0.00,0.00
2017.10.11 13:57:36.417,12.89609,12.89829,0.00,0.00
2017.10.11 13:57:36.816,12.89629,12.89832,0.00,0.00
2017.10.11 13:57:37.315,12.89629,12.89829,0.00,0.00
2017.10.11 13:57:37.834,12.89609,12.89829,0.00,0.00
2017.10.11 13:57:38.593,12.89609,12.89828,0.00,0.00
2017.10.11 13:57:38.758,12.89619,12.89829,0.00,0.00
2017.10.11 13:57:38.899,12.89619,12.89832,0.00,0.00
2017.10.11 13:57:39.107,12.89619,12.89828,0.00,0.00
2017.10.11 13:57:39.677,12.89619,12.89832,0.00,0.00
2017.10.11 13:57:39.778,12.89619,12.89878,0.00,0.00
2017.10.11 13:57:39.828,12.89652,12.89878,0.00,0.00
2017.10.11 13:57:39.879,12.89659,12.89889,0.00,0.00
2017.10.11 13:57:39.980,12.89688,12.89878,0.00,0.00
2017.10.11 13:57:40.163,12.89658,12.89932,0.00,0.00
2017.10.11 13:57:40.213,12.89658,12.89879,0.00,0.00
2017.10.11 13:57:40.576,12.89588,12.89809,0.00,0.00
2017.10.11 13:57:40.878,12.89588,12.89798,0.00,0.00
2017.10.11 13:57:40.979,12.89588,12.89809,0.00,0.00
2017.10.11 13:57:41.080,12.89629,12.89809,0.00,0.00
2017.10.11 13:57:41.131,12.89629,12.89819,0.00,0.00
2017.10.11 13:57:41.231,12.89629,12.89829,0.00,0.00
2017.10.11 13:57:41.282,12.89639,12.89819,0.00,0.00
2017.10.11 13:57:41.400,12.89608,12.89818,0.00,0.00
2017.10.11 13:57:41.501,12.89588,12.89789,0.00,0.00
2017.10.11 13:57:42.121,12.89588,12.89799,0.00,0.00
2017.10.11 13:57:42.222,12.89609,12.89838,0.00,0.00
2017.10.11 13:57:42.272,12.89638,12.89839,0.00,0.00
2017.10.11 13:57:42.423,12.89638,12.89869,0.00,0.00
2017.10.11 13:57:42.510,12.89659,12.89869,0.00,0.00
2017.10.11 13:57:42.764,12.89598,12.89831,0.00,0.00
2017.10.11 13:57:42.815,12.89598,12.89819,0.00,0.00
2017.10.11 13:57:43.157,12.89589,12.89819,0.00,0.00
2017.10.11 13:57:43.497,12.89588,12.89809,0.00,0.00
2017.10.11 13:57:43.815,12.89588,12.89798,0.00,0.00
2017.10.11 13:57:44.068,12.89558,12.89778,0.00,0.00
2017.10.11 13:57:44.219,12.89558,12.89789,0.00,0.00
2017.10.11 13:57:44.336,12.89589,12.89789,0.00,0.00
2017.10.11 13:57:44.397,12.89589,12.89799,0.00,0.00
2017.10.11 13:57:44.448,12.89589,12.89809,0.00,0.00
2017.10.11 13:57:44.498,12.89619,12.89809,0.00,0.00
2017.10.11 13:57:44.549,12.89619,12.89819,0.00,0.00
2017.10.11 13:57:44.650,12.89598,12.89828,0.00,0.00
2017.10.11 13:57:44.700,12.89619,12.89832,0.00,0.00
2017.10.11 13:57:44.952,12.89608,12.89829,0.00,0.00
2017.10.11 13:57:45.003,12.89652,12.89848,0.00,0.00
2017.10.11 13:57:45.053,12.89659,12.89859,0.00,0.00
2017.10.11 13:57:45.176,12.89718,12.89882,0.00,0.00
2017.10.11 13:57:45.227,12.89718,12.89908,0.00,0.00
2017.10.11 13:57:45.402,12.89718,12.89899,0.00,0.00
2017.10.11 13:57:45.452,12.89718,12.89931,0.00,0.00
2017.10.11 13:57:45.503,12.89718,12.89898,0.00,0.00
2017.10.11 13:57:45.887,12.89718,12.89909,0.00,0.00
2017.10.11 13:57:46.004,12.89718,12.89889,0.00,0.00
2017.10.11 13:57:46.156,12.89689,12.89888,0.00,0.00
2017.10.11 13:57:46.333,12.89689,12.89908,0.00,0.00
2017.10.11 13:57:46.383,12.89719,12.89909,0.00,0.00
2017.10.11 13:57:47.059,12.89719,12.89919,0.00,0.00
2017.10.11 13:57:47.164,12.89739,12.89919,0.00,0.00
2017.10.11 13:57:47.487,12.89718,12.89909,0.00,0.00
2017.10.11 13:57:48.072,12.89718,12.89899,0.00,0.00
2017.10.11 13:57:48.173,12.89699,12.89898,0.00,0.00
2017.10.11 13:57:48.316,12.89699,12.89909,0.00,0.00
2017.10.11 13:57:48.490,12.89699,12.89898,0.00,0.00
2017.10.11 13:57:48.591,12.89699,12.89919,0.00,0.00
2017.10.11 13:57:48.958,12.89699,12.89908,0.00,0.00
2017.10.11 13:57:49.262,12.89719,12.89908,0.00,0.00
2017.10.11 13:57:49.312,12.89719,12.89919,0.00,0.00
2017.10.11 13:57:49.363,12.89729,12.89929,0.00,0.00
2017.10.11 13:57:49.697,12.89708,12.89899,0.00,0.00
2017.10.11 13:57:50.119,12.89708,12.89889,0.00,0.00
2017.10.11 13:57:50.632,12.89708,12.89888,0.00,0.00
2017.10.11 13:57:50.979,12.89688,12.89879,0.00,0.00
2017.10.11 13:57:51.030,12.89688,12.89881,0.00,0.00
2017.10.11 13:57:51.131,12.89669,12.89898,0.00,0.00
2017.10.11 13:57:51.181,12.89739,12.89898,0.00,0.00
2017.10.11 13:57:51.232,12.89739,12.89929,0.00,0.00
2017.10.11 13:57:51.388,12.89739,12.89931,0.00,0.00
2017.10.11 13:57:51.952,12.89739,12.89929,0.00,0.00
2017.10.11 13:57:52.103,12.89698,12.89899,0.00,0.00
2017.10.11 13:57:52.437,12.89698,12.89919,0.00,0.00
2017.10.11 13:57:52.547,12.89698,12.89929,0.00,0.00
2017.10.11 13:57:52.597,12.89728,12.89908,0.00,0.00
2017.10.11 13:57:52.992,12.89728,12.89919,0.00,0.00
2017.10.11 13:57:53.153,12.89728,12.89908,0.00,0.00
2017.10.11 13:57:53.502,12.89699,12.89908,0.00,0.00
2017.10.11 13:57:53.602,12.89718,12.89929,0.00,0.00
2017.10.11 13:57:53.771,12.89729,12.89929,0.00,0.00
2017.10.11 13:57:54.082,12.89729,12.89919,0.00,0.00
2017.10.11 13:57:54.284,12.89719,12.89918,0.00,0.00
2017.10.11 13:57:54.348,12.89719,12.89909,0.00,0.00
2017.10.11 13:57:54.499,12.89678,12.89888,0.00,0.00
2017.10.11 13:57:54.600,12.89678,12.89898,0.00,0.00
2017.10.11 13:57:54.701,12.89728,12.89928,0.00,0.00
2017.10.11 13:57:54.975,12.89688,12.89928,0.00,0.00
2017.10.11 13:57:55.076,12.89718,12.89928,0.00,0.00
2017.10.11 13:57:55.313,12.89698,12.89919,0.00,0.00
2017.10.11 13:57:55.806,12.89728,12.89919,0.00,0.00
2017.10.11 13:57:56.190,12.89728,12.89929,0.00,0.00
2017.10.11 13:57:56.240,12.89728,12.89919,0.00,0.00
2017.10.11 13:57:56.368,12.89728,12.89929,0.00,0.00
2017.10.11 13:57:56.477,12.89708,12.89929,0.00,0.00
2017.10.11 13:57:56.578,12.89738,12.89928,0.00,0.00
2017.10.11 13:57:56.677,12.89708,12.89928,0.00,0.00
2017.10.11 13:57:57.387,12.89708,12.89919,0.00,0.00
2017.10.11 13:57:57.735,12.89708,12.89908,0.00,0.00
2017.10.11 13:57:58.115,12.89728,12.89929,0.00,0.00
2017.10.11 13:57:58.216,12.89728,12.89932,0.00,0.00
2017.10.11 13:57:58.267,12.89728,12.89908,0.00,0.00
2017.10.11 13:57:58.382,12.89698,12.89908,0.00,0.00
2017.10.11 13:57:58.432,12.89698,12.89879,0.00,0.00
2017.10.11 13:57:58.634,12.89698,12.89898,0.00,0.00
2017.10.11 13:57:58.936,12.89698,12.89908,0.00,0.00
2017.10.11 13:57:58.987,12.89719,12.89908,0.00,0.00
2017.10.11 13:57:59.316,12.89718,12.89898,0.00,0.00
2017.10.11 13:57:59.385,12.89698,12.89898,0.00,0.00
2017.10.11 13:57:59.789,12.89739,12.89909,0.00,0.00
2017.10.11 13:58:00.109,12.89738,12.89929,0.00,0.00
2017.10.11 13:58:00.291,12.89738,12.89932,0.00,0.00
2017.10.11 13:58:00.392,12.89749,12.89932,0.00,0.00
2017.10.11 13:58:00.734,12.89718,12.89908,0.00,0.00
2017.10.11 13:58:00.960,12.89718,12.89898,0.00,0.00
2017.10.11 13:58:01.109,12.89718,12.89909,0.00,0.00
2017.10.11 13:58:01.191,12.89739,12.89909,0.00,0.00
2017.10.11 13:58:01.774,12.89739,12.89898,0.00,0.00
2017.10.11 13:58:01.825,12.89739,12.89908,0.00,0.00
2017.10.11 13:58:02.061,12.89751,12.89969,0.00,0.00
2017.10.11 13:58:02.112,12.89798,12.89982,0.00,0.00
2017.10.11 13:58:02.163,12.89798,12.89988,0.00,0.00
2017.10.11 13:58:02.213,12.89818,12.89978,0.00,0.00
2017.10.11 13:58:02.787,12.89818,12.89988,0.00,0.00
2017.10.11 13:58:02.889,12.89818,12.90009,0.00,0.00
2017.10.11 13:58:02.940,12.89818,12.90018,0.00,0.00
2017.10.11 13:58:02.990,12.89818,12.89979,0.00,0.00
2017.10.11 13:58:03.203,12.89788,12.89968,0.00,0.00
2017.10.11 13:58:03.600,12.89809,12.89969,0.00,0.00
2017.10.11 13:58:04.309,12.89809,12.89979,0.00,0.00
2017.10.11 13:58:04.410,12.89828,12.89979,0.00,0.00
2017.10.11 13:58:04.511,12.89798,12.89969,0.00,0.00
2017.10.11 13:58:05.018,12.89798,12.89959,0.00,0.00
2017.10.11 13:58:05.516,12.89798,12.89969,0.00,0.00
2017.10.11 13:58:05.617,12.89818,12.89931,0.00,0.00
2017.10.11 13:58:05.718,12.89759,12.89931,0.00,0.00
2017.10.11 13:58:05.819,12.89778,12.89988,0.00,0.00
2017.10.11 13:58:05.919,12.89819,12.89999,0.00,0.00
2017.10.11 13:58:06.038,12.89819,12.90008,0.00,0.00
2017.10.11 13:58:06.258,12.89799,12.89998,0.00,0.00
2017.10.11 13:58:06.312,12.89799,12.89988,0.00,0.00
2017.10.11 13:58:06.540,12.89799,12.89999,0.00,0.00
2017.10.11 13:58:06.597,12.89799,12.90009,0.00,0.00
2017.10.11 13:58:06.647,12.89808,12.90009,0.00,0.00
2017.10.11 13:58:06.952,12.89828,12.89998,0.00,0.00
2017.10.11 13:58:07.562,12.89828,12.89978,0.00,0.00
2017.10.11 13:58:07.763,12.89798,12.89968,0.00,0.00
2017.10.11 13:58:08.014,12.89828,12.89969,0.00,0.00
2017.10.11 13:58:08.415,12.89798,12.89959,0.00,0.00
2017.10.11 13:58:08.716,12.89808,12.89959,0.00,0.00
2017.10.11 13:58:09.616,12.89808,12.89958,0.00,0.00
2017.10.11 13:58:10.138,12.89808,12.89959,0.00,0.00
2017.10.11 13:58:10.189,12.89808,12.89978,0.00,0.00
2017.10.11 13:58:10.290,12.89758,12.89959,0.00,0.00
2017.10.11 13:58:10.391,12.89749,12.89932,0.00,0.00
2017.10.11 13:58:10.441,12.89729,12.89932,0.00,0.00
2017.10.11 13:58:10.969,12.89758,12.89932,0.00,0.00
2017.10.11 13:58:11.384,12.89758,12.89929,0.00,0.00
2017.10.11 13:58:11.434,12.89728,12.89932,0.00,0.00
2017.10.11 13:58:11.535,12.89708,12.89919,0.00,0.00
2017.10.11 13:58:11.636,12.89708,12.89929,0.00,0.00
2017.10.11 13:58:11.923,12.89729,12.89929,0.00,0.00
2017.10.11 13:58:12.353,12.89761,12.89979,0.00,0.00
2017.10.11 13:58:12.454,12.89808,12.89979,0.00,0.00
2017.10.11 13:58:12.771,12.89798,12.89999,0.00,0.00
2017.10.11 13:58:12.871,12.89819,12.89998,0.00,0.00
2017.10.11 13:58:13.052,12.89819,12.90009,0.00,0.00
2017.10.11 13:58:13.542,12.89789,12.90009,0.00,0.00
2017.10.11 13:58:13.767,12.89818,12.90009,0.00,0.00
2017.10.11 13:58:14.628,12.89819,12.90009,0.00,0.00
2017.10.11 13:58:14.954,12.89808,12.89998,0.00,0.00
2017.10.11 13:58:15.428,12.89818,12.89999,0.00,0.00
2017.10.11 13:58:15.631,12.89809,12.89999,0.00,0.00
2017.10.11 13:58:16.607,12.89809,12.89988,0.00,0.00
2017.10.11 13:58:16.657,12.89789,12.89988,0.00,0.00
2017.10.11 13:58:16.758,12.89789,12.89968,0.00,0.00
2017.10.11 13:58:17.336,12.89789,12.89979,0.00,0.00
2017.10.11 13:58:17.480,12.89819,12.89979,0.00,0.00
2017.10.11 13:58:17.887,12.89819,12.89989,0.00,0.00
2017.10.11 13:58:17.988,12.89819,12.89999,0.00,0.00
2017.10.11 13:58:18.039,12.89819,12.90009,0.00,0.00
2017.10.11 13:58:18.143,12.89839,12.90008,0.00,0.00
2017.10.11 13:58:18.194,12.89839,12.90019,0.00,0.00
2017.10.11 13:58:18.732,12.89839,12.90029,0.00,0.00
2017.10.11 13:58:18.937,12.89839,12.90032,0.00,0.00
2017.10.11 13:58:19.088,12.89839,12.90029,0.00,0.00
2017.10.11 13:58:19.139,12.89829,12.90029,0.00,0.00
2017.10.11 13:58:19.240,12.89808,12.90029,0.00,0.00
2017.10.11 13:58:19.290,12.89808,12.90008,0.00,0.00
2017.10.11 13:58:19.557,12.89808,12.90019,0.00,0.00
2017.10.11 13:58:19.659,12.89808,12.90008,0.00,0.00
2017.10.11 13:58:19.987,12.89839,12.90029,0.00,0.00
2017.10.11 13:58:20.293,12.89839,12.90018,0.00,0.00
2017.10.11 13:58:20.515,12.89839,12.90028,0.00,0.00
2017.10.11 13:58:20.566,12.89808,12.90029,0.00,0.00
2017.10.11 13:58:20.641,12.89838,12.90029,0.00,0.00
2017.10.11 13:58:21.341,12.89838,12.90032,0.00,0.00
2017.10.11 13:58:21.562,12.89858,12.90079,0.00,0.00
2017.10.11 13:58:21.719,12.89909,12.90068,0.00,0.00
2017.10.11 13:58:21.874,12.89808,12.90008,0.00,0.00
2017.10.11 13:58:21.950,12.89808,12.90029,0.00,0.00
2017.10.11 13:58:22.067,12.89838,12.90031,0.00,0.00
2017.10.11 13:58:22.168,12.89808,12.90019,0.00,0.00
2017.10.11 13:58:22.220,12.89808,12.90008,0.00,0.00
2017.10.11 13:58:22.371,12.89809,12.90019,0.00,0.00
2017.10.11 13:58:22.472,12.89809,12.90008,0.00,0.00
2017.10.11 13:58:22.817,12.89809,12.89989,0.00,0.00
2017.10.11 13:58:23.427,12.89809,12.89988,0.00,0.00
2017.10.11 13:58:23.692,12.89809,12.89999,0.00,0.00
2017.10.11 13:58:24.039,12.89809,12.90009,0.00,0.00
2017.10.11 13:58:24.770,12.89818,12.90009,0.00,0.00
2017.10.11 13:58:25.310,12.89818,12.90008,0.00,0.00
2017.10.11 13:58:26.019,12.89818,12.90009,0.00,0.00
2017.10.11 13:58:27.103,12.89818,12.90031,0.00,0.00
2017.10.11 13:58:27.154,12.89849,12.90031,0.00,0.00
2017.10.11 13:58:27.355,12.89798,12.90009,0.00,0.00
2017.10.11 13:58:27.718,12.89798,12.89998,0.00,0.00
2017.10.11 13:58:27.880,12.89798,12.90009,0.00,0.00
2017.10.11 13:58:28.049,12.89798,12.89999,0.00,0.00
2017.10.11 13:58:28.257,12.89798,12.90009,0.00,0.00
2017.10.11 13:58:28.308,12.89828,12.90009,0.00,0.00
2017.10.11 13:58:28.358,12.89828,12.90018,0.00,0.00
2017.10.11 13:58:28.459,12.89828,12.90031,0.00,0.00
2017.10.11 13:58:28.556,12.89828,12.90029,0.00,0.00
2017.10.11 13:58:28.707,12.89808,12.90029,0.00,0.00
2017.10.11 13:58:28.862,12.89839,12.90029,0.00,0.00
2017.10.11 13:58:29.064,12.89809,12.90028,0.00,0.00
2017.10.11 13:58:29.369,12.89809,12.90019,0.00,0.00
2017.10.11 13:58:29.979,12.89818,12.90018,0.00,0.00
2017.10.11 13:58:30.569,12.89809,12.90018,0.00,0.00
2017.10.11 13:58:30.619,12.89809,12.90009,0.00,0.00
2017.10.11 13:58:30.992,12.89809,12.89978,0.00,0.00
2017.10.11 13:58:31.704,12.89809,12.89988,0.00,0.00
2017.10.11 13:58:31.805,12.89828,12.89988,0.00,0.00
2017.10.11 13:58:31.855,12.89828,12.89999,0.00,0.00
2017.10.11 13:58:32.109,12.89828,12.89988,0.00,0.00
2017.10.11 13:58:32.180,12.89798,12.89988,0.00,0.00
2017.10.11 13:58:32.280,12.89808,12.89988,0.00,0.00
2017.10.11 13:58:32.582,12.89828,12.89998,0.00,0.00
2017.10.11 13:58:32.683,12.89808,12.89988,0.00,0.00
2017.10.11 13:58:32.783,12.89798,12.89988,0.00,0.00
2017.10.11 13:58:33.085,12.89809,12.89988,0.00,0.00
2017.10.11 13:58:33.307,12.89768,12.89959,0.00,0.00
2017.10.11 13:58:33.358,12.89768,12.89932,0.00,0.00
2017.10.11 13:58:33.409,12.89729,12.89932,0.00,0.00
2017.10.11 13:58:33.687,12.89738,12.89932,0.00,0.00
2017.10.11 13:58:33.839,12.89708,12.89909,0.00,0.00
2017.10.11 13:58:33.939,12.89708,12.89928,0.00,0.00
2017.10.11 13:58:34.093,12.89738,12.89928,0.00,0.00
2017.10.11 13:58:34.388,12.89719,12.89928,0.00,0.00
2017.10.11 13:58:36.083,12.89719,12.89919,0.00,0.00
2017.10.11 13:58:36.240,12.89699,12.89919,0.00,0.00
2017.10.11 13:58:36.290,12.89699,12.89888,0.00,0.00
2017.10.11 13:58:36.378,12.89699,12.89909,0.00,0.00
2017.10.11 13:58:36.428,12.89729,12.89909,0.00,0.00
2017.10.11 13:58:36.594,12.89699,12.89908,0.00,0.00
2017.10.11 13:58:36.695,12.89729,12.89909,0.00,0.00
2017.10.11 13:58:36.894,12.89719,12.89909,0.00,0.00
2017.10.11 13:58:36.995,12.89719,12.89928,0.00,0.00
2017.10.11 13:58:37.096,12.89738,12.89929,0.00,0.00
2017.10.11 13:58:37.426,12.89738,12.89899,0.00,0.00
2017.10.11 13:58:37.527,12.89698,12.89898,0.00,0.00
2017.10.11 13:58:37.578,12.89698,12.89909,0.00,0.00
2017.10.11 13:58:37.802,12.89698,12.89899,0.00,0.00
2017.10.11 13:58:37.978,12.89698,12.89908,0.00,0.00
2017.10.11 13:58:38.028,12.89718,12.89908,0.00,0.00
2017.10.11 13:58:38.079,12.89718,12.89919,0.00,0.00
2017.10.11 13:58:38.308,12.89718,12.89908,0.00,0.00
2017.10.11 13:58:38.819,12.89718,12.89899,0.00,0.00
2017.10.11 13:58:38.920,12.89698,12.89899,0.00,0.00
2017.10.11 13:58:39.036,12.89698,12.89888,0.00,0.00
2017.10.11 13:58:39.506,12.89698,12.89879,0.00,0.00
2017.10.11 13:58:39.775,12.89698,12.89899,0.00,0.00
2017.10.11 13:58:39.877,12.89679,12.89899,0.00,0.00
2017.10.11 13:58:39.928,12.89718,12.89899,0.00,0.00
2017.10.11 13:58:40.540,12.89718,12.89888,0.00,0.00
2017.10.11 13:58:40.641,12.89698,12.89889,0.00,0.00
2017.10.11 13:58:40.828,12.89698,12.89879,0.00,0.00
2017.10.11 13:58:41.263,12.89728,12.89878,0.00,0.00
2017.10.11 13:58:41.425,12.89728,12.89888,0.00,0.00
2017.10.11 13:58:42.131,12.89728,12.89889,0.00,0.00
2017.10.11 13:58:42.232,12.89728,12.89918,0.00,0.00
2017.10.11 13:58:42.757,12.89728,12.89919,0.00,0.00
2017.10.11 13:58:43.121,12.89728,12.89929,0.00,0.00
2017.10.11 13:58:43.222,12.89738,12.89932,0.00,0.00
2017.10.11 13:58:43.273,12.89738,12.89948,0.00,0.00
2017.10.11 13:58:43.323,12.89749,12.89928,0.00,0.00
2017.10.11 13:58:43.374,12.89749,12.89931,0.00,0.00
2017.10.11 13:58:43.424,12.89759,12.89931,0.00,0.00
2017.10.11 13:58:43.732,12.89748,12.89979,0.00,0.00
2017.10.11 13:58:44.014,12.89769,12.89979,0.00,0.00
2017.10.11 13:58:44.258,12.89771,12.90019,0.00,0.00
2017.10.11 13:58:44.310,12.89769,12.90008,0.00,0.00
2017.10.11 13:58:44.622,12.89829,12.90009,0.00,0.00
2017.10.11 13:58:44.925,12.89798,12.89988,0.00,0.00
2017.10.11 13:58:45.026,12.89798,12.89998,0.00,0.00
2017.10.11 13:58:45.127,12.89798,12.90018,0.00,0.00
2017.10.11 13:58:45.228,12.89828,12.90019,0.00,0.00
2017.10.11 13:58:46.149,12.89828,12.90018,0.00,0.00
2017.10.11 13:58:46.218,12.89808,12.90018,0.00,0.00
2017.10.11 13:58:46.731,12.89818,12.90019,0.00,0.00
2017.10.11 13:58:47.380,12.89818,12.89979,0.00,0.00
2017.10.11 13:58:47.435,12.89788,12.89958,0.00,0.00
2017.10.11 13:58:47.535,12.89738,12.89959,0.00,0.00
2017.10.11 13:58:47.586,12.89738,12.89932,0.00,0.00
2017.10.11 13:58:47.737,12.89719,12.89928,0.00,0.00
2017.10.11 13:58:48.183,12.89719,12.89932,0.00,0.00
2017.10.11 13:58:48.234,12.89778,12.89968,0.00,0.00
2017.10.11 13:58:48.523,12.89758,12.89969,0.00,0.00
2017.10.11 13:58:48.726,12.89779,12.89969,0.00,0.00
2017.10.11 13:58:49.219,12.89779,12.89932,0.00,0.00
2017.10.11 13:58:49.269,12.89729,12.89932,0.00,0.00
2017.10.11 13:58:49.506,12.89729,12.89949,0.00,0.00
2017.10.11 13:58:49.606,12.89729,12.89959,0.00,0.00
2017.10.11 13:58:49.657,12.89769,12.89959,0.00,0.00
2017.10.11 13:58:50.326,12.89768,12.89959,0.00,0.00
2017.10.11 13:58:50.426,12.89749,12.89959,0.00,0.00
2017.10.11 13:58:50.527,12.89768,12.89958,0.00,0.00
2017.10.11 13:58:50.972,12.89758,12.89958,0.00,0.00
2017.10.11 13:58:51.181,12.89758,12.89939,0.00,0.00
2017.10.11 13:58:51.233,12.89728,12.89929,0.00,0.00
2017.10.11 13:58:51.564,12.89728,12.89918,0.00,0.00
2017.10.11 13:58:51.860,12.89711,12.89909,0.00,0.00
2017.10.11 13:58:51.911,12.89711,12.89939,0.00,0.00
2017.10.11 13:58:51.962,12.89749,12.89939,0.00,0.00
2017.10.11 13:58:52.237,12.89718,12.89928,0.00,0.00
2017.10.11 13:58:52.339,12.89712,12.89928,0.00,0.00
2017.10.11 13:58:52.530,12.89748,12.89928,0.00,0.00
2017.10.11 13:58:52.847,12.89719,12.89918,0.00,0.00
2017.10.11 13:58:53.045,12.89719,12.89909,0.00,0.00
2017.10.11 13:58:53.146,12.89711,12.89909,0.00,0.00
2017.10.11 13:58:53.247,12.89711,12.89899,0.00,0.00
2017.10.11 13:58:53.448,12.89718,12.89908,0.00,0.00
2017.10.11 13:58:53.650,12.89738,12.89908,0.00,0.00
2017.10.11 13:58:54.000,12.89711,12.89899,0.00,0.00
2017.10.11 13:58:54.087,12.89712,12.89908,0.00,0.00
2017.10.11 13:58:54.138,12.89738,12.89908,0.00,0.00
2017.10.11 13:58:54.481,12.89711,12.89889,0.00,0.00
2017.10.11 13:58:54.657,12.89739,12.89918,0.00,0.00
2017.10.11 13:58:55.054,12.89711,12.89919,0.00,0.00
2017.10.11 13:58:55.169,12.89728,12.89918,0.00,0.00
2017.10.11 13:58:55.686,12.89718,12.89918,0.00,0.00
2017.10.11 13:58:55.737,12.89749,12.89918,0.00,0.00
2017.10.11 13:58:56.129,12.89749,12.89899,0.00,0.00
2017.10.11 13:58:56.230,12.89749,12.89909,0.00,0.00
2017.10.11 13:58:56.281,12.89711,12.89909,0.00,0.00
2017.10.11 13:58:56.338,12.89729,12.89909,0.00,0.00
2017.10.11 13:58:56.866,12.89749,12.89919,0.00,0.00
2017.10.11 13:58:57.250,12.89711,12.89919,0.00,0.00
2017.10.11 13:58:57.353,12.89738,12.89939,0.00,0.00
2017.10.11 13:58:57.659,12.89738,12.89919,0.00,0.00
2017.10.11 13:58:57.760,12.89718,12.89928,0.00,0.00
2017.10.11 13:58:57.911,12.89718,12.89919,0.00,0.00
2017.10.11 13:58:58.238,12.89749,12.89918,0.00,0.00
2017.10.11 13:58:58.324,12.89738,12.89918,0.00,0.00
2017.10.11 13:58:58.375,12.89739,12.89929,0.00,0.00
2017.10.11 13:58:58.587,12.89712,12.89928,0.00,0.00
2017.10.11 13:58:58.638,12.89711,12.89919,0.00,0.00
2017.10.11 13:58:58.966,12.89711,12.89909,0.00,0.00
2017.10.11 13:58:59.127,12.89711,12.89919,0.00,0.00
2017.10.11 13:58:59.258,12.89738,12.89918,0.00,0.00
2017.10.11 13:58:59.652,12.89719,12.89918,0.00,0.00
2017.10.11 13:59:00.448,12.89719,12.89919,0.00,0.00
2017.10.11 13:59:00.641,12.89719,12.89939,0.00,0.00
2017.10.11 13:59:00.827,12.89748,12.89969,0.00,0.00
2017.10.11 13:59:00.928,12.89749,12.89929,0.00,0.00
2017.10.11 13:59:01.193,12.89711,12.89899,0.00,0.00
2017.10.11 13:59:01.294,12.89712,12.89918,0.00,0.00
2017.10.11 13:59:01.448,12.89739,12.89919,0.00,0.00
2017.10.11 13:59:01.803,12.89739,12.89898,0.00,0.00
2017.10.11 13:59:01.853,12.89712,12.89898,0.00,0.00
2017.10.11 13:59:02.000,12.89711,12.89909,0.00,0.00
2017.10.11 13:59:02.469,12.89709,12.89868,0.00,0.00
2017.10.11 13:59:02.520,12.89709,12.89901,0.00,0.00
2017.10.11 13:59:02.570,12.89699,12.89799,0.00,0.00
2017.10.11 13:59:02.671,12.89629,12.89809,0.00,0.00
2017.10.11 13:59:02.787,12.89612,12.89788,0.00,0.00
2017.10.11 13:59:03.117,12.89639,12.89779,0.00,0.00
2017.10.11 13:59:03.268,12.89628,12.89779,0.00,0.00
2017.10.11 13:59:03.319,12.89628,12.89788,0.00,0.00
2017.10.11 13:59:03.369,12.89638,12.89789,0.00,0.00
2017.10.11 13:59:03.420,12.89638,12.89798,0.00,0.00
2017.10.11 13:59:03.471,12.89648,12.89798,0.00,0.00
2017.10.11 13:59:03.733,12.89611,12.89779,0.00,0.00
2017.10.11 13:59:03.784,12.89611,12.89799,0.00,0.00
2017.10.11 13:59:03.859,12.89638,12.89799,0.00,0.00
2017.10.11 13:59:04.117,12.89638,12.89809,0.00,0.00
2017.10.11 13:59:04.271,12.89611,12.89799,0.00,0.00
2017.10.11 13:59:04.970,12.89611,12.89789,0.00,0.00
2017.10.11 13:59:05.021,12.89611,12.89819,0.00,0.00
2017.10.11 13:59:05.071,12.89659,12.89789,0.00,0.00
2017.10.11 13:59:05.172,12.89659,12.89798,0.00,0.00
2017.10.11 13:59:05.273,12.89618,12.89798,0.00,0.00
2017.10.11 13:59:05.356,12.89618,12.89809,0.00,0.00
2017.10.11 13:59:05.629,12.89618,12.89798,0.00,0.00
2017.10.11 13:59:05.946,12.89628,12.89798,0.00,0.00
2017.10.11 13:59:06.046,12.89618,12.89798,0.00,0.00
2017.10.11 13:59:06.135,12.89618,12.89789,0.00,0.00
2017.10.11 13:59:06.288,12.89618,12.89798,0.00,0.00
2017.10.11 13:59:06.339,12.89618,12.89808,0.00,0.00
2017.10.11 13:59:06.389,12.89628,12.89808,0.00,0.00
2017.10.11 13:59:06.861,12.89639,12.89808,0.00,0.00
2017.10.11 13:59:07.241,12.89639,12.89819,0.00,0.00
2017.10.11 13:59:07.349,12.89648,12.89819,0.00,0.00
2017.10.11 13:59:07.496,12.89639,12.89819,0.00,0.00
2017.10.11 13:59:08.019,12.89639,12.89818,0.00,0.00
2017.10.11 13:59:08.095,12.89639,12.89809,0.00,0.00
2017.10.11 13:59:08.196,12.89629,12.89818,0.00,0.00
2017.10.11 13:59:08.296,12.89611,12.89819,0.00,0.00
2017.10.11 13:59:08.441,12.89611,12.89829,0.00,0.00
2017.10.11 13:59:08.594,12.89638,12.89829,0.00,0.00
2017.10.11 13:59:09.137,12.89638,12.89798,0.00,0.00
2017.10.11 13:59:09.419,12.89649,12.89868,0.00,0.00
2017.10.11 13:59:09.473,12.89688,12.89869,0.00,0.00
2017.10.11 13:59:09.525,12.89699,12.89889,0.00,0.00
2017.10.11 13:59:09.576,12.89699,12.89869,0.00,0.00
2017.10.11 13:59:09.665,12.89699,12.89879,0.00,0.00
2017.10.11 13:59:09.717,12.89728,12.89878,0.00,0.00
2017.10.11 13:59:09.824,12.89728,12.89889,0.00,0.00
2017.10.11 13:59:10.041,12.89688,12.89788,0.00,0.00
2017.10.11 13:59:10.143,12.89679,12.89779,0.00,0.00
2017.10.11 13:59:10.193,12.89599,12.89778,0.00,0.00
2017.10.11 13:59:10.294,12.89599,12.89819,0.00,0.00
2017.10.11 13:59:10.395,12.89639,12.89819,0.00,0.00
2017.10.11 13:59:10.790,12.89629,12.89809,0.00,0.00
2017.10.11 13:59:11.616,12.89629,12.89808,0.00,0.00
2017.10.11 13:59:11.763,12.89608,12.89809,0.00,0.00
2017.10.11 13:59:11.924,12.89608,12.89739,0.00,0.00
2017.10.11 13:59:11.975,12.89548,12.89718,0.00,0.00
2017.10.11 13:59:12.026,12.89518,12.89708,0.00,0.00
2017.10.11 13:59:12.126,12.89519,12.89728,0.00,0.00
2017.10.11 13:59:12.177,12.89519,12.89739,0.00,0.00
2017.10.11 13:59:12.465,12.89548,12.89738,0.00,0.00
2017.10.11 13:59:12.665,12.89518,12.89739,0.00,0.00
2017.10.11 13:59:13.067,12.89549,12.89739,0.00,0.00
2017.10.11 13:59:13.339,12.89551,12.89759,0.00,0.00
2017.10.11 13:59:13.390,12.89562,12.89798,0.00,0.00
2017.10.11 13:59:13.440,12.89568,12.89798,0.00,0.00
2017.10.11 13:59:13.751,12.89629,12.89739,0.00,0.00
2017.10.11 13:59:13.802,12.89529,12.89729,0.00,0.00
2017.10.11 13:59:13.917,12.89519,12.89739,0.00,0.00
2017.10.11 13:59:14.088,12.89559,12.89738,0.00,0.00
2017.10.11 13:59:14.399,12.89529,12.89738,0.00,0.00
2017.10.11 13:59:14.617,12.89539,12.89739,0.00,0.00
2017.10.11 13:59:14.671,12.89528,12.89739,0.00,0.00
2017.10.11 13:59:14.772,12.89549,12.89739,0.00,0.00
2017.10.11 13:59:14.873,12.89561,12.89779,0.00,0.00
2017.10.11 13:59:14.997,12.89638,12.89789,0.00,0.00
2017.10.11 13:59:15.048,12.89638,12.89799,0.00,0.00
2017.10.11 13:59:15.239,12.89638,12.89808,0.00,0.00
2017.10.11 13:59:15.717,12.89628,12.89808,0.00,0.00
2017.10.11 13:59:15.768,12.89628,12.89789,0.00,0.00
2017.10.11 13:59:15.919,12.89609,12.89778,0.00,0.00
2017.10.11 13:59:16.074,12.89618,12.89778,0.00,0.00
2017.10.11 13:59:16.429,12.89618,12.89769,0.00,0.00
2017.10.11 13:59:16.816,12.89609,12.89769,0.00,0.00
2017.10.11 13:59:17.577,12.89618,12.89769,0.00,0.00
2017.10.11 13:59:17.745,12.89618,12.89828,0.00,0.00
2017.10.11 13:59:17.795,12.89638,12.89809,0.00,0.00
2017.10.11 13:59:18.128,12.89638,12.89778,0.00,0.00
2017.10.11 13:59:18.279,12.89629,12.89778,0.00,0.00
2017.10.11 13:59:18.602,12.89629,12.89768,0.00,0.00
2017.10.11 13:59:18.703,12.89608,12.89769,0.00,0.00
2017.10.11 13:59:18.928,12.89608,12.89739,0.00,0.00
2017.10.11 13:59:18.979,12.89608,12.89778,0.00,0.00
2017.10.11 13:59:19.030,12.89599,12.89778,0.00,0.00
2017.10.11 13:59:19.080,12.89599,12.89769,0.00,0.00
2017.10.11 13:59:19.181,12.89599,12.89808,0.00,0.00
2017.10.11 13:59:19.232,12.89599,12.89769,0.00,0.00
2017.10.11 13:59:19.283,12.89578,12.89769,0.00,0.00
2017.10.11 13:59:19.334,12.89599,12.89829,0.00,0.00
2017.10.11 13:59:19.384,12.89618,12.89828,0.00,0.00
2017.10.11 13:59:19.711,12.89599,12.89809,0.00,0.00
2017.10.11 13:59:19.912,12.89599,12.89819,0.00,0.00
2017.10.11 13:59:20.019,12.89608,12.89819,0.00,0.00
2017.10.11 13:59:20.329,12.89599,12.89789,0.00,0.00
2017.10.11 13:59:20.430,12.89599,12.89799,0.00,0.00
2017.10.11 13:59:21.019,12.89599,12.89798,0.00,0.00
2017.10.11 13:59:21.120,12.89599,12.89789,0.00,0.00
2017.10.11 13:59:21.221,12.89599,12.89798,0.00,0.00
2017.10.11 13:59:21.322,12.89608,12.89808,0.00,0.00
2017.10.11 13:59:21.608,12.89608,12.89799,0.00,0.00
2017.10.11 13:59:22.236,12.89608,12.89798,0.00,0.00
2017.10.11 13:59:22.558,12.89608,12.89789,0.00,0.00
2017.10.11 13:59:22.609,12.89599,12.89789,0.00,0.00
2017.10.11 13:59:22.710,12.89558,12.89778,0.00,0.00
2017.10.11 13:59:22.810,12.89599,12.89779,0.00,0.00
2017.10.11 13:59:22.861,12.89599,12.89789,0.00,0.00
2017.10.11 13:59:23.041,12.89569,12.89738,0.00,0.00
2017.10.11 13:59:23.180,12.89519,12.89739,0.00,0.00
2017.10.11 13:59:23.281,12.89511,12.89739,0.00,0.00
2017.10.11 13:59:23.592,12.89529,12.89738,0.00,0.00
2017.10.11 13:59:23.900,12.89551,12.89739,0.00,0.00
2017.10.11 13:59:23.951,12.89548,12.89799,0.00,0.00
2017.10.11 13:59:24.001,12.89598,12.89778,0.00,0.00
2017.10.11 13:59:24.102,12.89599,12.89788,0.00,0.00
2017.10.11 13:59:24.153,12.89599,12.89819,0.00,0.00
2017.10.11 13:59:24.344,12.89608,12.89818,0.00,0.00
2017.10.11 13:59:24.655,12.89599,12.89828,0.00,0.00
2017.10.11 13:59:24.705,12.89618,12.89829,0.00,0.00
2017.10.11 13:59:24.907,12.89599,12.89818,0.00,0.00
2017.10.11 13:59:25.077,12.89629,12.89828,0.00,0.00
2017.10.11 13:59:25.307,12.89599,12.89829,0.00,0.00
2017.10.11 13:59:25.449,12.89629,12.89829,0.00,0.00
2017.10.11 13:59:25.902,12.89599,12.89829,0.00,0.00
2017.10.11 13:59:25.952,12.89599,12.89788,0.00,0.00
2017.10.11 13:59:26.173,12.89599,12.89799,0.00,0.00
2017.10.11 13:59:26.705,12.89599,12.89798,0.00,0.00
2017.10.11 13:59:26.988,12.89599,12.89809,0.00,0.00
2017.10.11 13:59:27.208,12.89599,12.89799,0.00,0.00
2017.10.11 13:59:27.359,12.89599,12.89809,0.00,0.00
2017.10.11 13:59:27.410,12.89599,12.89818,0.00,0.00
2017.10.11 13:59:27.512,12.89618,12.89839,0.00,0.00
2017.10.11 13:59:27.562,12.89618,12.89818,0.00,0.00
2017.10.11 13:59:28.068,12.89599,12.89769,0.00,0.00
2017.10.11 13:59:28.169,12.89599,12.89779,0.00,0.00
2017.10.11 13:59:28.219,12.89608,12.89779,0.00,0.00
2017.10.11 13:59:28.706,12.89599,12.89778,0.00,0.00
2017.10.11 13:59:28.859,12.89608,12.89778,0.00,0.00
2017.10.11 13:59:29.113,12.89599,12.89778,0.00,0.00
2017.10.11 13:59:29.521,12.89599,12.89818,0.00,0.00
2017.10.11 13:59:29.623,12.89619,12.89819,0.00,0.00
2017.10.11 13:59:29.850,12.89599,12.89818,0.00,0.00
2017.10.11 13:59:30.328,12.89599,12.89808,0.00,0.00
2017.10.11 13:59:30.817,12.89608,12.89809,0.00,0.00
2017.10.11 13:59:31.142,12.89619,12.89809,0.00,0.00
2017.10.11 13:59:31.243,12.89599,12.89809,0.00,0.00
2017.10.11 13:59:31.317,12.89599,12.89829,0.00,0.00
2017.10.11 13:59:31.368,12.89619,12.89829,0.00,0.00
2017.10.11 13:59:32.089,12.89619,12.89819,0.00,0.00
2017.10.11 13:59:32.254,12.89599,12.89819,0.00,0.00
2017.10.11 13:59:33.042,12.89618,12.89819,0.00,0.00
2017.10.11 13:59:33.386,12.89618,12.89808,0.00,0.00
2017.10.11 13:59:33.436,12.89599,12.89819,0.00,0.00
2017.10.11 13:59:33.811,12.89599,12.89829,0.00,0.00
2017.10.11 13:59:33.912,12.89599,12.89818,0.00,0.00
2017.10.11 13:59:34.278,12.89619,12.89809,0.00,0.00
2017.10.11 13:59:34.793,12.89619,12.89808,0.00,0.00
2017.10.11 13:59:35.387,12.89619,12.89819,0.00,0.00
2017.10.11 13:59:36.077,12.89619,12.89818,0.00,0.00
2017.10.11 13:59:36.639,12.89618,12.89818,0.00,0.00
2017.10.11 13:59:36.940,12.89599,12.89818,0.00,0.00
2017.10.11 13:59:37.081,12.89599,12.89828,0.00,0.00
2017.10.11 13:59:37.182,12.89618,12.89829,0.00,0.00
2017.10.11 13:59:37.297,12.89618,12.89839,0.00,0.00
2017.10.11 13:59:37.373,12.89698,12.89839,0.00,0.00
2017.10.11 13:59:37.475,12.89618,12.89812,0.00,0.00
2017.10.11 13:59:37.525,12.89651,12.89812,0.00,0.00
2017.10.11 13:59:37.626,12.89669,12.89898,0.00,0.00
2017.10.11 13:59:37.677,12.89688,12.89899,0.00,0.00
2017.10.11 13:59:37.727,12.89688,12.89909,0.00,0.00
2017.10.11 13:59:37.828,12.89688,12.89911,0.00,0.00
2017.10.11 13:59:38.151,12.89698,12.89911,0.00,0.00
2017.10.11 13:59:38.252,12.89671,12.89911,0.00,0.00
2017.10.11 13:59:38.353,12.89668,12.89908,0.00,0.00
2017.10.11 13:59:38.670,12.89689,12.89909,0.00,0.00
2017.10.11 13:59:38.748,12.89668,12.89909,0.00,0.00
2017.10.11 13:59:38.849,12.89668,12.89911,0.00,0.00
2017.10.11 13:59:38.997,12.89668,12.89909,0.00,0.00
2017.10.11 13:59:39.315,12.89669,12.89898,0.00,0.00
2017.10.11 13:59:39.366,12.89678,12.89909,0.00,0.00
2017.10.11 13:59:39.467,12.89699,12.89909,0.00,0.00
2017.10.11 13:59:39.952,12.89678,12.89909,0.00,0.00
2017.10.11 13:59:40.306,12.89678,12.89911,0.00,0.00
2017.10.11 13:59:40.356,12.89699,12.89908,0.00,0.00
2017.10.11 13:59:40.513,12.89699,12.89911,0.00,0.00
2017.10.11 13:59:40.618,12.89668,12.89911,0.00,0.00
2017.10.11 13:59:41.398,12.89672,12.89911,0.00,0.00
2017.10.11 13:59:41.764,12.89708,12.89911,0.00,0.00
2017.10.11 13:59:42.265,12.89691,12.89911,0.00,0.00
2017.10.11 13:59:42.315,12.89688,12.89879,0.00,0.00
2017.10.11 13:59:42.366,12.89668,12.89889,0.00,0.00
2017.10.11 13:59:42.797,12.89659,12.89879,0.00,0.00
2017.10.11 13:59:43.153,12.89659,12.89869,0.00,0.00
2017.10.11 13:59:43.372,12.89668,12.89879,0.00,0.00
2017.10.11 13:59:43.510,12.89688,12.89879,0.00,0.00
2017.10.11 13:59:43.805,12.89598,12.89811,0.00,0.00
2017.10.11 13:59:43.868,12.89588,12.89811,0.00,0.00
2017.10.11 13:59:43.969,12.89578,12.89811,0.00,0.00
2017.10.11 13:59:44.669,12.89588,12.89811,0.00,0.00
2017.10.11 13:59:44.821,12.89579,12.89811,0.00,0.00
2017.10.11 13:59:44.922,12.89579,12.89798,0.00,0.00
2017.10.11 13:59:45.257,12.89599,12.89789,0.00,0.00
2017.10.11 13:59:45.308,12.89568,12.89799,0.00,0.00
2017.10.11 13:59:45.575,12.89609,12.89798,0.00,0.00
2017.10.11 13:59:45.719,12.89609,12.89809,0.00,0.00
2017.10.11 13:59:45.820,12.89608,12.89789,0.00,0.00
2017.10.11 13:59:45.971,12.89608,12.89799,0.00,0.00
2017.10.11 13:59:46.071,12.89588,12.89799,0.00,0.00
2017.10.11 13:59:46.122,12.89578,12.89799,0.00,0.00
2017.10.11 13:59:46.273,12.89588,12.89799,0.00,0.00
2017.10.11 13:59:46.574,12.89608,12.89799,0.00,0.00
2017.10.11 13:59:46.971,12.89608,12.89808,0.00,0.00
2017.10.11 13:59:47.323,12.89579,12.89809,0.00,0.00
2017.10.11 13:59:47.374,12.89581,12.89811,0.00,0.00
2017.10.11 13:59:47.712,12.89508,12.89711,0.00,0.00
2017.10.11 13:59:47.914,12.89499,12.89711,0.00,0.00
2017.10.11 13:59:47.964,12.89501,12.89711,0.00,0.00
2017.10.11 13:59:48.298,12.89539,12.89711,0.00,0.00
2017.10.11 13:59:48.579,12.89518,12.89711,0.00,0.00
2017.10.11 13:59:48.757,12.89518,12.89739,0.00,0.00
2017.10.11 13:59:48.807,12.89538,12.89728,0.00,0.00
2017.10.11 13:59:49.009,12.89499,12.89712,0.00,0.00
2017.10.11 13:59:49.260,12.89501,12.89712,0.00,0.00
2017.10.11 13:59:49.608,12.89599,12.89762,0.00,0.00
2017.10.11 13:59:49.659,12.89599,12.89798,0.00,0.00
2017.10.11 13:59:49.710,12.89618,12.89808,0.00,0.00
2017.10.11 13:59:49.812,12.89598,12.89809,0.00,0.00
2017.10.11 13:59:49.882,12.89609,12.89809,0.00,0.00
2017.10.11 13:59:50.111,12.89578,12.89809,0.00,0.00
2017.10.11 13:59:50.212,12.89578,12.89811,0.00,0.00
2017.10.11 13:59:50.337,12.89578,12.89808,0.00,0.00
2017.10.11 13:59:50.766,12.89578,12.89789,0.00,0.00
2017.10.11 13:59:50.816,12.89568,12.89789,0.00,0.00
2017.10.11 13:59:50.984,12.89588,12.89789,0.00,0.00
2017.10.11 13:59:51.085,12.89588,12.89799,0.00,0.00
2017.10.11 13:59:51.136,12.89588,12.89811,0.00,0.00
2017.10.11 13:59:51.186,12.89599,12.89811,0.00,0.00
2017.10.11 13:59:51.586,12.89588,12.89811,0.00,0.00
2017.10.11 13:59:52.223,12.89568,12.89811,0.00,0.00
2017.10.11 13:59:52.431,12.89568,12.89808,0.00,0.00
2017.10.11 13:59:52.767,12.89569,12.89811,0.00,0.00
2017.10.11 13:59:52.817,12.89579,12.89811,0.00,0.00
2017.10.11 13:59:53.141,12.89578,12.89809,0.00,0.00
2017.10.11 13:59:53.242,12.89552,12.89798,0.00,0.00
2017.10.11 13:59:53.536,12.89552,12.89808,0.00,0.00
2017.10.11 13:59:53.876,12.89552,12.89798,0.00,0.00
2017.10.11 13:59:54.179,12.89551,12.89795,0.00,0.00
2017.10.11 13:59:54.465,12.89541,12.89809,0.00,0.00
2017.10.11 13:59:54.590,12.89542,12.89785,0.00,0.00
2017.10.11 13:59:54.641,12.89489,12.89755,0.00,0.00
2017.10.11 13:59:54.742,12.89471,12.89712,0.00,0.00
2017.10.11 13:59:55.088,12.89461,12.89712,0.00,0.00
2017.10.11 13:59:55.239,12.89471,12.89712,0.00,0.00
2017.10.11 13:59:55.350,12.89461,12.89712,0.00,0.00
2017.10.11 13:59:55.927,12.89471,12.89712,0.00,0.00
2017.10.11 13:59:56.186,12.89461,12.89712,0.00,0.00
2017.10.11 13:59:56.236,12.89472,12.89712,0.00,0.00
2017.10.11 13:59:56.408,12.89461,12.89712,0.00,0.00
2017.10.11 13:59:57.076,12.89462,12.89712,0.00,0.00
2017.10.11 13:59:57.277,12.89462,12.89708,0.00,0.00
2017.10.11 13:59:57.878,12.89461,12.89709,0.00,0.00
2017.10.11 13:59:57.929,12.89462,12.89712,0.00,0.00
2017.10.11 13:59:58.207,12.89482,12.89712,0.00,0.00
2017.10.11 13:59:58.727,12.89481,12.89712,0.00,0.00
2017.10.11 13:59:58.957,12.89462,12.89712,0.00,0.00
2017.10.11 13:59:59.008,12.89461,12.89702,0.00,0.00
2017.10.11 13:59:59.109,12.89462,12.89712,0.00,0.00
2017.10.11 13:59:59.233,12.89472,12.89712,0.00,0.00
2017.10.11 13:59:59.547,12.89462,12.89712,0.00,0.00
