2014.09.17 15:00:00.158,12.35921,12.36215,0.00,0.00
2014.09.17 15:00:00.558,12.35921,12.36225,0.00,0.00
2014.09.17 15:00:00.609,12.35971,12.36225,0.00,0.00
2014.09.17 15:00:00.860,12.35971,12.36236,0.00,0.00
2014.09.17 15:00:00.961,12.35971,12.36261,0.00,0.00
2014.09.17 15:00:01.062,12.35971,12.36273,0.00,0.00
2014.09.17 15:00:01.213,12.35971,12.36292,0.00,0.00
2014.09.17 15:00:01.570,12.35971,12.36303,0.00,0.00
2014.09.17 15:00:02.003,12.36001,12.36303,0.00,0.00
2014.09.17 15:00:04.562,12.36001,12.36317,0.00,0.00
2014.09.17 15:00:04.613,12.36001,12.36299,0.00,0.00
2014.09.17 15:00:06.286,12.36001,12.36269,0.00,0.00
2014.09.17 15:00:06.336,12.35962,12.36269,0.00,0.00
2014.09.17 15:00:06.387,12.35951,12.36224,0.00,0.00
2014.09.17 15:00:06.738,12.35951,12.36204,0.00,0.00
2014.09.17 15:00:06.892,12.35951,12.36234,0.00,0.00
2014.09.17 15:00:07.313,12.35951,12.3621,0.00,0.00
2014.09.17 15:00:07.642,12.35951,12.36235,0.00,0.00
2014.09.17 15:00:07.743,12.35902,12.36235,0.00,0.00
2014.09.17 15:00:08.033,12.35902,12.36216,0.00,0.00
2014.09.17 15:00:08.346,12.35902,12.36201,0.00,0.00
2014.09.17 15:00:08.793,12.35902,12.36234,0.00,0.00
2014.09.17 15:00:08.843,12.35902,12.36219,0.00,0.00
2014.09.17 15:00:08.945,12.35902,12.36234,0.00,0.00
2014.09.17 15:00:09.401,12.35902,12.36218,0.00,0.00
2014.09.17 15:00:09.623,12.35902,12.36238,0.00,0.00
2014.09.17 15:00:09.724,12.35902,12.36212,0.00,0.00
2014.09.17 15:00:09.824,12.35902,12.36215,0.00,0.00
2014.09.17 15:00:10.004,12.35902,12.36201,0.00,0.00
2014.09.17 15:00:10.621,12.35902,12.36198,0.00,0.00
2014.09.17 15:00:10.722,12.35902,12.36232,0.00,0.00
2014.09.17 15:00:10.922,12.35902,12.36203,0.00,0.00
2014.09.17 15:00:11.425,12.35902,12.36233,0.00,0.00
2014.09.17 15:00:11.929,12.35902,12.36204,0.00,0.00
2014.09.17 15:00:12.230,12.35902,12.36213,0.00,0.00
2014.09.17 15:00:12.346,12.35902,12.36199,0.00,0.00
2014.09.17 15:00:12.732,12.35902,12.36203,0.00,0.00
2014.09.17 15:00:13.436,12.35902,12.36222,0.00,0.00
2014.09.17 15:00:13.537,12.35902,12.36238,0.00,0.00
2014.09.17 15:00:13.638,12.35902,12.3621,0.00,0.00
2014.09.17 15:00:14.740,12.35902,12.36199,0.00,0.00
2014.09.17 15:00:15.344,12.35902,12.36235,0.00,0.00
2014.09.17 15:00:15.542,12.35902,12.36221,0.00,0.00
2014.09.17 15:00:16.124,12.35902,12.36206,0.00,0.00
2014.09.17 15:00:16.267,12.35902,12.36235,0.00,0.00
2014.09.17 15:00:16.782,12.35902,12.36198,0.00,0.00
2014.09.17 15:00:17.166,12.35902,12.36226,0.00,0.00
2014.09.17 15:00:17.547,12.35902,12.36212,0.00,0.00
2014.09.17 15:00:18.105,12.35902,12.36199,0.00,0.00
2014.09.17 15:00:18.854,12.35902,12.36198,0.00,0.00
2014.09.17 15:00:19.934,12.35861,12.36198,0.00,0.00
2014.09.17 15:00:19.985,12.35861,12.36071,0.00,0.00
2014.09.17 15:00:20.143,12.3573,12.36058,0.00,0.00
2014.09.17 15:00:20.255,12.35702,12.36041,0.00,0.00
2014.09.17 15:00:26.783,12.35802,12.36041,0.00,0.00
2014.09.17 15:00:28.472,12.35802,12.36135,0.00,0.00
2014.09.17 15:00:28.691,12.35802,12.36124,0.00,0.00
2014.09.17 15:00:29.574,12.35802,12.36139,0.00,0.00
2014.09.17 15:00:32.694,12.35802,12.3614,0.00,0.00
2014.09.17 15:00:33.483,12.35802,12.36123,0.00,0.00
2014.09.17 15:00:34.003,12.35802,12.36135,0.00,0.00
2014.09.17 15:00:34.085,12.35802,12.36119,0.00,0.00
2014.09.17 15:00:34.787,12.35802,12.36143,0.00,0.00
2014.09.17 15:00:35.388,12.35802,12.36127,0.00,0.00
2014.09.17 15:00:36.991,12.35802,12.36143,0.00,0.00
2014.09.17 15:00:39.700,12.35802,12.36132,0.00,0.00
2014.09.17 15:00:40.101,12.35802,12.36143,0.00,0.00
2014.09.17 15:00:41.090,12.35902,12.36143,0.00,0.00
2014.09.17 15:00:41.141,12.35902,12.36168,0.00,0.00
2014.09.17 15:00:41.191,12.35929,12.36168,0.00,0.00
2014.09.17 15:00:41.242,12.35972,12.36258,0.00,0.00
2014.09.17 15:00:41.343,12.35994,12.36258,0.00,0.00
2014.09.17 15:00:41.742,12.36051,12.36338,0.00,0.00
2014.09.17 15:00:41.843,12.36051,12.36363,0.00,0.00
2014.09.17 15:00:42.013,12.36051,12.3634,0.00,0.00
2014.09.17 15:00:42.408,12.36051,12.36363,0.00,0.00
2014.09.17 15:00:43.611,12.36051,12.36346,0.00,0.00
2014.09.17 15:00:44.433,12.36051,12.36362,0.00,0.00
2014.09.17 15:00:45.115,12.36051,12.36342,0.00,0.00
2014.09.17 15:00:46.252,12.36022,12.36342,0.00,0.00
2014.09.17 15:00:46.362,12.36001,12.36359,0.00,0.00
2014.09.17 15:00:54.422,12.36062,12.36392,0.00,0.00
2014.09.17 15:00:54.472,12.36062,12.36408,0.00,0.00
2014.09.17 15:00:55.516,12.36072,12.36408,0.00,0.00
2014.09.17 15:00:55.713,12.36101,12.36459,0.00,0.00
2014.09.17 15:00:59.437,12.3611,12.36459,0.00,0.00
2014.09.17 15:00:59.591,12.36151,12.36509,0.00,0.00
2014.09.17 15:01:00.756,12.36151,12.36471,0.00,0.00
2014.09.17 15:01:00.807,12.36102,12.36458,0.00,0.00
2014.09.17 15:01:03.012,12.36301,12.36479,0.00,0.00
2014.09.17 15:01:03.113,12.36301,12.36578,0.00,0.00
2014.09.17 15:01:03.165,12.36301,12.36621,0.00,0.00
2014.09.17 15:01:03.676,12.36301,12.3662,0.00,0.00
2014.09.17 15:01:04.425,12.36301,12.36621,0.00,0.00
2014.09.17 15:01:04.578,12.36301,12.36607,0.00,0.00
2014.09.17 15:01:04.628,12.36232,12.36559,0.00,0.00
2014.09.17 15:01:04.729,12.36201,12.36559,0.00,0.00
2014.09.17 15:01:04.830,12.36201,12.36557,0.00,0.00
2014.09.17 15:01:05.096,12.36201,12.36559,0.00,0.00
2014.09.17 15:01:05.655,12.36201,12.36558,0.00,0.00
2014.09.17 15:01:06.282,12.36201,12.36559,0.00,0.00
2014.09.17 15:01:06.332,12.36201,12.36556,0.00,0.00
2014.09.17 15:01:06.641,12.36201,12.36559,0.00,0.00
2014.09.17 15:01:07.027,12.36201,12.36529,0.00,0.00
2014.09.17 15:01:07.361,12.36152,12.36468,0.00,0.00
2014.09.17 15:01:07.514,12.36152,12.36471,0.00,0.00
2014.09.17 15:01:08.172,12.36152,12.36508,0.00,0.00
2014.09.17 15:01:08.275,12.36161,12.36508,0.00,0.00
2014.09.17 15:01:08.376,12.36201,12.36559,0.00,0.00
2014.09.17 15:01:09.271,12.36248,12.36559,0.00,0.00
2014.09.17 15:01:09.372,12.3624,12.36559,0.00,0.00
2014.09.17 15:01:09.736,12.36227,12.36559,0.00,0.00
2014.09.17 15:01:09.837,12.36251,12.36569,0.00,0.00
2014.09.17 15:01:10.277,12.36251,12.36518,0.00,0.00
2014.09.17 15:01:10.658,12.36251,12.36532,0.00,0.00
2014.09.17 15:01:11.112,12.36201,12.36532,0.00,0.00
2014.09.17 15:01:12.047,12.36201,12.36542,0.00,0.00
2014.09.17 15:01:13.356,12.36201,12.36526,0.00,0.00
2014.09.17 15:01:14.863,12.36201,12.36541,0.00,0.00
2014.09.17 15:01:15.164,12.36201,12.36522,0.00,0.00
2014.09.17 15:01:15.364,12.36201,12.36535,0.00,0.00
2014.09.17 15:01:15.611,12.36201,12.36521,0.00,0.00
2014.09.17 15:01:15.892,12.36131,12.36457,0.00,0.00
2014.09.17 15:01:15.993,12.36101,12.36435,0.00,0.00
2014.09.17 15:01:18.402,12.36101,12.36417,0.00,0.00
2014.09.17 15:01:19.673,12.36101,12.36364,0.00,0.00
2014.09.17 15:01:19.724,12.36061,12.36364,0.00,0.00
2014.09.17 15:01:19.831,12.36052,12.36364,0.00,0.00
2014.09.17 15:01:19.881,12.36052,12.36343,0.00,0.00
2014.09.17 15:01:21.011,12.36001,12.36343,0.00,0.00
2014.09.17 15:01:23.195,12.3602,12.36359,0.00,0.00
2014.09.17 15:01:23.396,12.36102,12.36443,0.00,0.00
2014.09.17 15:01:23.782,12.36119,12.36458,0.00,0.00
2014.09.17 15:01:24.784,12.36102,12.36441,0.00,0.00
2014.09.17 15:01:25.286,12.36114,12.36456,0.00,0.00
2014.09.17 15:01:26.612,12.36102,12.36441,0.00,0.00
2014.09.17 15:01:28.593,12.36119,12.36458,0.00,0.00
2014.09.17 15:01:31.487,12.36152,12.36463,0.00,0.00
2014.09.17 15:01:31.538,12.36166,12.36478,0.00,0.00
2014.09.17 15:01:31.639,12.36171,12.36508,0.00,0.00
2014.09.17 15:01:31.739,12.36179,12.36508,0.00,0.00
2014.09.17 15:01:32.097,12.362,12.36508,0.00,0.00
2014.09.17 15:01:32.300,12.36174,12.36508,0.00,0.00
2014.09.17 15:01:32.604,12.362,12.36508,0.00,0.00
2014.09.17 15:01:32.714,12.36174,12.36508,0.00,0.00
2014.09.17 15:01:32.891,12.36202,12.36518,0.00,0.00
2014.09.17 15:01:33.206,12.36202,12.36434,0.00,0.00
2014.09.17 15:01:33.551,12.36101,12.36434,0.00,0.00
2014.09.17 15:01:34.434,12.36125,12.36459,0.00,0.00
2014.09.17 15:01:34.605,12.3614,12.36459,0.00,0.00
2014.09.17 15:01:34.807,12.36201,12.36543,0.00,0.00
2014.09.17 15:01:34.953,12.36201,12.36521,0.00,0.00
2014.09.17 15:01:35.255,12.36201,12.36428,0.00,0.00
2014.09.17 15:01:35.355,12.36102,12.36428,0.00,0.00
2014.09.17 15:01:35.708,12.36102,12.36444,0.00,0.00
2014.09.17 15:01:35.809,12.36102,12.36426,0.00,0.00
2014.09.17 15:01:36.846,12.36102,12.36444,0.00,0.00
2014.09.17 15:01:37.256,12.36102,12.36428,0.00,0.00
2014.09.17 15:01:37.812,12.36102,12.36442,0.00,0.00
2014.09.17 15:01:37.913,12.36102,12.36428,0.00,0.00
2014.09.17 15:01:38.614,12.36102,12.36443,0.00,0.00
2014.09.17 15:01:39.115,12.36102,12.36426,0.00,0.00
2014.09.17 15:01:39.758,12.36102,12.36442,0.00,0.00
2014.09.17 15:01:41.225,12.36102,12.36429,0.00,0.00
2014.09.17 15:01:42.130,12.36102,12.36444,0.00,0.00
2014.09.17 15:01:44.771,12.36152,12.36444,0.00,0.00
2014.09.17 15:01:44.871,12.36152,12.36458,0.00,0.00
2014.09.17 15:01:44.922,12.36161,12.36458,0.00,0.00
2014.09.17 15:01:44.972,12.36174,12.36508,0.00,0.00
2014.09.17 15:01:45.073,12.362,12.36508,0.00,0.00
2014.09.17 15:01:46.200,12.36201,12.36542,0.00,0.00
2014.09.17 15:01:46.748,12.36214,12.36558,0.00,0.00
2014.09.17 15:01:46.799,12.36219,12.36558,0.00,0.00
2014.09.17 15:01:47.298,12.36302,12.36617,0.00,0.00
2014.09.17 15:01:47.951,12.36302,12.3659,0.00,0.00
2014.09.17 15:01:48.961,12.36302,12.36618,0.00,0.00
2014.09.17 15:01:49.754,12.36302,12.36578,0.00,0.00
2014.09.17 15:01:49.981,12.36302,12.36618,0.00,0.00
2014.09.17 15:01:50.290,12.36302,12.36588,0.00,0.00
2014.09.17 15:01:50.601,12.36302,12.36576,0.00,0.00
2014.09.17 15:01:50.651,12.36262,12.36576,0.00,0.00
2014.09.17 15:01:50.752,12.36252,12.36576,0.00,0.00
2014.09.17 15:01:50.803,12.36252,12.36565,0.00,0.00
2014.09.17 15:01:53.160,12.36252,12.36589,0.00,0.00
2014.09.17 15:01:53.763,12.36252,12.36574,0.00,0.00
2014.09.17 15:01:53.867,12.36252,12.36591,0.00,0.00
2014.09.17 15:01:54.372,12.36302,12.36591,0.00,0.00
2014.09.17 15:01:54.682,12.36302,12.36608,0.00,0.00
2014.09.17 15:01:55.766,12.36302,12.36583,0.00,0.00
2014.09.17 15:01:56.167,12.36302,12.36608,0.00,0.00
2014.09.17 15:01:56.469,12.36302,12.3658,0.00,0.00
2014.09.17 15:01:56.570,12.36262,12.3658,0.00,0.00
2014.09.17 15:01:56.620,12.36262,12.36542,0.00,0.00
2014.09.17 15:01:56.670,12.36252,12.36542,0.00,0.00
2014.09.17 15:01:56.721,12.36252,12.36521,0.00,0.00
2014.09.17 15:01:57.372,12.36252,12.36544,0.00,0.00
2014.09.17 15:01:57.911,12.36202,12.36544,0.00,0.00
2014.09.17 15:01:59.276,12.36221,12.36558,0.00,0.00
2014.09.17 15:01:59.536,12.36252,12.36592,0.00,0.00
2014.09.17 15:01:59.778,12.36252,12.36577,0.00,0.00
2014.09.17 15:02:00.221,12.36252,12.36543,0.00,0.00
2014.09.17 15:02:00.535,12.36252,12.36522,0.00,0.00
2014.09.17 15:02:00.654,12.36201,12.36522,0.00,0.00
2014.09.17 15:02:00.981,12.36201,12.36543,0.00,0.00
2014.09.17 15:02:02.083,12.36201,12.36532,0.00,0.00
2014.09.17 15:02:02.384,12.36266,12.36549,0.00,0.00
2014.09.17 15:02:02.485,12.36301,12.36608,0.00,0.00
2014.09.17 15:02:02.584,12.36301,12.36629,0.00,0.00
2014.09.17 15:02:03.033,12.36301,12.36611,0.00,0.00
2014.09.17 15:02:03.191,12.36301,12.36627,0.00,0.00
2014.09.17 15:02:03.288,12.36301,12.36629,0.00,0.00
2014.09.17 15:02:03.390,12.36301,12.36611,0.00,0.00
2014.09.17 15:02:04.193,12.36301,12.36627,0.00,0.00
2014.09.17 15:02:05.323,12.36301,12.36629,0.00,0.00
2014.09.17 15:02:05.542,12.36301,12.3661,0.00,0.00
2014.09.17 15:02:05.725,12.36301,12.36629,0.00,0.00
2014.09.17 15:02:06.026,12.36301,12.36608,0.00,0.00
2014.09.17 15:02:06.228,12.36301,12.36613,0.00,0.00
2014.09.17 15:02:07.484,12.36269,12.36559,0.00,0.00
2014.09.17 15:02:07.585,12.36203,12.36545,0.00,0.00
2014.09.17 15:02:07.635,12.36201,12.36528,0.00,0.00
2014.09.17 15:02:08.043,12.36201,12.36544,0.00,0.00
2014.09.17 15:02:08.862,12.36201,12.36525,0.00,0.00
2014.09.17 15:02:09.238,12.36201,12.36513,0.00,0.00
2014.09.17 15:02:09.941,12.36201,12.36529,0.00,0.00
2014.09.17 15:02:10.147,12.36201,12.36543,0.00,0.00
2014.09.17 15:02:10.452,12.36201,12.36508,0.00,0.00
2014.09.17 15:02:10.552,12.36201,12.3654,0.00,0.00
2014.09.17 15:02:10.844,12.36201,12.36511,0.00,0.00
2014.09.17 15:02:15.266,12.36167,12.36509,0.00,0.00
2014.09.17 15:02:15.331,12.36167,12.36468,0.00,0.00
2014.09.17 15:02:15.684,12.36151,12.36402,0.00,0.00
2014.09.17 15:02:15.965,12.36151,12.36427,0.00,0.00
2014.09.17 15:02:16.724,12.36101,12.36427,0.00,0.00
2014.09.17 15:02:17.074,12.36101,12.36403,0.00,0.00
2014.09.17 15:02:17.175,12.36101,12.36414,0.00,0.00
2014.09.17 15:02:17.276,12.36101,12.3643,0.00,0.00
2014.09.17 15:02:19.034,12.36101,12.36406,0.00,0.00
2014.09.17 15:02:19.817,12.36101,12.36429,0.00,0.00
2014.09.17 15:02:20.122,12.36101,12.36403,0.00,0.00
2014.09.17 15:02:21.145,12.36101,12.36432,0.00,0.00
2014.09.17 15:02:21.343,12.36101,12.36442,0.00,0.00
2014.09.17 15:02:21.503,12.36101,12.36411,0.00,0.00
2014.09.17 15:02:21.901,12.36101,12.36425,0.00,0.00
2014.09.17 15:02:22.333,12.36101,12.3641,0.00,0.00
2014.09.17 15:02:22.603,12.36101,12.36425,0.00,0.00
2014.09.17 15:02:23.624,12.36101,12.3644,0.00,0.00
2014.09.17 15:02:24.034,12.36101,12.36411,0.00,0.00
2014.09.17 15:02:25.130,12.36101,12.36442,0.00,0.00
2014.09.17 15:02:25.517,12.36101,12.36427,0.00,0.00
2014.09.17 15:02:25.845,12.36101,12.36411,0.00,0.00
2014.09.17 15:02:26.150,12.36101,12.36408,0.00,0.00
2014.09.17 15:02:26.219,12.36101,12.3644,0.00,0.00
2014.09.17 15:02:28.033,12.36101,12.36413,0.00,0.00
2014.09.17 15:02:28.340,12.36101,12.36429,0.00,0.00
2014.09.17 15:02:28.444,12.36101,12.36411,0.00,0.00
2014.09.17 15:02:28.647,12.36101,12.36426,0.00,0.00
2014.09.17 15:02:28.934,12.36101,12.36442,0.00,0.00
2014.09.17 15:02:29.567,12.36101,12.36427,0.00,0.00
2014.09.17 15:02:30.333,12.36101,12.36411,0.00,0.00
2014.09.17 15:02:31.735,12.36101,12.36441,0.00,0.00
2014.09.17 15:02:33.277,12.36101,12.36425,0.00,0.00
2014.09.17 15:02:33.547,12.36062,12.36392,0.00,0.00
2014.09.17 15:02:33.598,12.36062,12.36369,0.00,0.00
2014.09.17 15:02:33.912,12.36052,12.36271,0.00,0.00
2014.09.17 15:02:33.963,12.35972,12.36259,0.00,0.00
2014.09.17 15:02:34.063,12.35901,12.36239,0.00,0.00
2014.09.17 15:02:39.240,12.35952,12.36239,0.00,0.00
2014.09.17 15:02:39.359,12.35952,12.36253,0.00,0.00
2014.09.17 15:02:39.410,12.35961,12.36253,0.00,0.00
2014.09.17 15:02:39.461,12.35961,12.36293,0.00,0.00
2014.09.17 15:02:39.554,12.35965,12.36307,0.00,0.00
2014.09.17 15:02:39.879,12.35995,12.36308,0.00,0.00
2014.09.17 15:02:40.696,12.36002,12.36339,0.00,0.00
2014.09.17 15:02:40.800,12.36002,12.36313,0.00,0.00
2014.09.17 15:02:40.904,12.36002,12.36343,0.00,0.00
2014.09.17 15:02:40.957,12.36002,12.36312,0.00,0.00
2014.09.17 15:02:41.109,12.36002,12.36343,0.00,0.00
2014.09.17 15:02:41.159,12.36002,12.36313,0.00,0.00
2014.09.17 15:02:41.267,12.36002,12.36343,0.00,0.00
2014.09.17 15:02:41.860,12.36002,12.36315,0.00,0.00
2014.09.17 15:02:42.362,12.36002,12.3633,0.00,0.00
2014.09.17 15:02:43.164,12.36002,12.36317,0.00,0.00
2014.09.17 15:02:43.900,12.36002,12.36298,0.00,0.00
2014.09.17 15:02:44.213,12.35951,12.36284,0.00,0.00
2014.09.17 15:02:44.313,12.35951,12.36267,0.00,0.00
2014.09.17 15:02:44.782,12.35951,12.36248,0.00,0.00
2014.09.17 15:02:44.969,12.35951,12.36288,0.00,0.00
2014.09.17 15:02:45.111,12.35986,12.36309,0.00,0.00
2014.09.17 15:02:45.620,12.36001,12.36328,0.00,0.00
2014.09.17 15:02:45.771,12.36001,12.36306,0.00,0.00
2014.09.17 15:02:46.101,12.36001,12.36321,0.00,0.00
2014.09.17 15:02:46.472,12.36001,12.36337,0.00,0.00
2014.09.17 15:02:47.374,12.36001,12.3632,0.00,0.00
2014.09.17 15:02:48.515,12.36001,12.36336,0.00,0.00
2014.09.17 15:02:48.877,12.36001,12.3632,0.00,0.00
2014.09.17 15:02:48.977,12.36001,12.36335,0.00,0.00
2014.09.17 15:02:49.078,12.36001,12.36303,0.00,0.00
2014.09.17 15:02:49.378,12.36001,12.36306,0.00,0.00
2014.09.17 15:02:49.679,12.36001,12.36322,0.00,0.00
2014.09.17 15:02:50.981,12.36001,12.36305,0.00,0.00
2014.09.17 15:02:52.114,12.36001,12.3634,0.00,0.00
2014.09.17 15:02:52.408,12.36001,12.36311,0.00,0.00
2014.09.17 15:02:53.687,12.36001,12.36341,0.00,0.00
2014.09.17 15:02:54.791,12.36001,12.36313,0.00,0.00
2014.09.17 15:02:54.991,12.36001,12.36329,0.00,0.00
2014.09.17 15:02:55.091,12.36051,12.36343,0.00,0.00
2014.09.17 15:02:55.192,12.36068,12.36379,0.00,0.00
2014.09.17 15:02:55.243,12.36071,12.36409,0.00,0.00
2014.09.17 15:02:55.293,12.36095,12.36409,0.00,0.00
2014.09.17 15:02:55.702,12.36071,12.36406,0.00,0.00
2014.09.17 15:02:55.754,12.36064,12.36406,0.00,0.00
2014.09.17 15:02:55.893,12.36077,12.36409,0.00,0.00
2014.09.17 15:02:56.194,12.36092,12.36409,0.00,0.00
2014.09.17 15:02:56.509,12.36101,12.36436,0.00,0.00
2014.09.17 15:02:56.623,12.36101,12.3642,0.00,0.00
2014.09.17 15:02:56.724,12.36101,12.36435,0.00,0.00
2014.09.17 15:02:57.241,12.36101,12.36419,0.00,0.00
2014.09.17 15:02:57.652,12.36101,12.36404,0.00,0.00
2014.09.17 15:02:57.703,12.36101,12.36436,0.00,0.00
2014.09.17 15:02:59.023,12.36101,12.36421,0.00,0.00
2014.09.17 15:02:59.601,12.36101,12.36437,0.00,0.00
2014.09.17 15:02:59.890,12.36101,12.36406,0.00,0.00
2014.09.17 15:03:00.426,12.36101,12.36419,0.00,0.00
2014.09.17 15:03:00.504,12.36101,12.36391,0.00,0.00
2014.09.17 15:03:01.336,12.36101,12.36405,0.00,0.00
2014.09.17 15:03:01.656,12.36101,12.36424,0.00,0.00
2014.09.17 15:03:02.408,12.36101,12.36403,0.00,0.00
2014.09.17 15:03:02.910,12.36101,12.36405,0.00,0.00
2014.09.17 15:03:03.570,12.36063,12.36405,0.00,0.00
2014.09.17 15:03:03.671,12.36063,12.36371,0.00,0.00
2014.09.17 15:03:04.068,12.36052,12.36318,0.00,0.00
2014.09.17 15:03:04.213,12.36052,12.36343,0.00,0.00
2014.09.17 15:03:04.559,12.35999,12.36308,0.00,0.00
2014.09.17 15:03:04.660,12.35971,12.36274,0.00,0.00
2014.09.17 15:03:04.711,12.35952,12.36274,0.00,0.00
2014.09.17 15:03:05.625,12.35956,12.36298,0.00,0.00
2014.09.17 15:03:05.857,12.35952,12.36283,0.00,0.00
2014.09.17 15:03:06.058,12.35925,12.36258,0.00,0.00
2014.09.17 15:03:06.268,12.35974,12.36258,0.00,0.00
2014.09.17 15:03:06.622,12.35961,12.36258,0.00,0.00
2014.09.17 15:03:06.819,12.35945,12.36258,0.00,0.00
2014.09.17 15:03:06.919,12.35902,12.36236,0.00,0.00
2014.09.17 15:03:09.124,12.35905,12.36247,0.00,0.00
2014.09.17 15:03:10.427,12.35902,12.36234,0.00,0.00
2014.09.17 15:03:15.136,12.35905,12.36247,0.00,0.00
2014.09.17 15:03:16.439,12.35902,12.36237,0.00,0.00
2014.09.17 15:03:20.948,12.35904,12.36248,0.00,0.00
2014.09.17 15:03:22.884,12.35902,12.36234,0.00,0.00
2014.09.17 15:03:42.982,12.35902,12.36243,0.00,0.00
2014.09.17 15:03:50.222,12.35902,12.36229,0.00,0.00
2014.09.17 15:03:50.395,12.35902,12.36243,0.00,0.00
2014.09.17 15:03:50.796,12.35902,12.3623,0.00,0.00
2014.09.17 15:03:51.211,12.35902,12.36242,0.00,0.00
2014.09.17 15:03:52.700,12.35902,12.36229,0.00,0.00
2014.09.17 15:03:54.703,12.35902,12.36243,0.00,0.00
2014.09.17 15:03:55.705,12.35902,12.36228,0.00,0.00
2014.09.17 15:03:56.244,12.35902,12.36243,0.00,0.00
2014.09.17 15:04:01.143,12.35902,12.36242,0.00,0.00
2014.09.17 15:04:01.515,12.35902,12.36225,0.00,0.00
2014.09.17 15:04:01.715,12.35902,12.3624,0.00,0.00
2014.09.17 15:04:02.138,12.35902,12.36223,0.00,0.00
2014.09.17 15:04:02.967,12.35902,12.3624,0.00,0.00
2014.09.17 15:04:06.048,12.35896,12.3624,0.00,0.00
2014.09.17 15:04:07.540,12.35882,12.36224,0.00,0.00
2014.09.17 15:04:07.743,12.35899,12.36243,0.00,0.00
2014.09.17 15:04:09.126,12.35882,12.36224,0.00,0.00
2014.09.17 15:04:11.830,12.35896,12.36238,0.00,0.00
2014.09.17 15:04:12.761,12.35882,12.36223,0.00,0.00
2014.09.17 15:04:12.862,12.35896,12.36238,0.00,0.00
2014.09.17 15:04:23.850,12.35882,12.36224,0.00,0.00
2014.09.17 15:04:24.211,12.35896,12.36238,0.00,0.00
2014.09.17 15:04:24.752,12.35882,12.36222,0.00,0.00
2014.09.17 15:04:25.253,12.35899,12.36243,0.00,0.00
2014.09.17 15:04:26.403,12.35882,12.36224,0.00,0.00
2014.09.17 15:04:27.456,12.359,12.36242,0.00,0.00
2014.09.17 15:04:28.884,12.35882,12.36223,0.00,0.00
2014.09.17 15:04:29.961,12.35895,12.36239,0.00,0.00
2014.09.17 15:04:32.448,12.35951,12.36239,0.00,0.00
2014.09.17 15:04:32.498,12.35974,12.36271,0.00,0.00
2014.09.17 15:04:32.549,12.35974,12.36309,0.00,0.00
2014.09.17 15:04:32.599,12.36,12.36309,0.00,0.00
2014.09.17 15:04:33.116,12.35999,12.36309,0.00,0.00
2014.09.17 15:04:33.768,12.35972,12.36309,0.00,0.00
2014.09.17 15:04:33.818,12.36002,12.36312,0.00,0.00
2014.09.17 15:04:33.869,12.36002,12.36341,0.00,0.00
2014.09.17 15:04:34.495,12.36002,12.36323,0.00,0.00
2014.09.17 15:04:34.821,12.36002,12.36308,0.00,0.00
2014.09.17 15:04:35.172,12.36002,12.36339,0.00,0.00
2014.09.17 15:04:36.375,12.36002,12.36323,0.00,0.00
2014.09.17 15:04:36.976,12.36002,12.36306,0.00,0.00
2014.09.17 15:04:39.481,12.36002,12.36336,0.00,0.00
2014.09.17 15:04:39.531,12.36102,12.36336,0.00,0.00
2014.09.17 15:04:39.582,12.36102,12.364,0.00,0.00
2014.09.17 15:04:39.700,12.36102,12.36418,0.00,0.00
2014.09.17 15:04:40.282,12.36102,12.3642,0.00,0.00
2014.09.17 15:04:40.489,12.36102,12.36403,0.00,0.00
2014.09.17 15:04:40.583,12.36102,12.36422,0.00,0.00
2014.09.17 15:04:40.984,12.36102,12.36402,0.00,0.00
2014.09.17 15:04:41.185,12.36102,12.36423,0.00,0.00
2014.09.17 15:04:41.286,12.36102,12.36407,0.00,0.00
2014.09.17 15:04:53.809,12.36102,12.36421,0.00,0.00
2014.09.17 15:04:53.910,12.36151,12.36449,0.00,0.00
2014.09.17 15:04:53.960,12.36151,12.36488,0.00,0.00
2014.09.17 15:04:54.099,12.36172,12.36488,0.00,0.00
2014.09.17 15:04:54.150,12.36172,12.36507,0.00,0.00
2014.09.17 15:04:54.406,12.36165,12.36507,0.00,0.00
2014.09.17 15:04:54.831,12.36172,12.36507,0.00,0.00
2014.09.17 15:04:55.342,12.36201,12.36507,0.00,0.00
2014.09.17 15:05:09.959,12.36201,12.36488,0.00,0.00
2014.09.17 15:05:13.048,12.36162,12.36488,0.00,0.00
2014.09.17 15:05:13.098,12.36161,12.36412,0.00,0.00
2014.09.17 15:05:13.199,12.36161,12.36421,0.00,0.00
2014.09.17 15:05:13.299,12.36151,12.36403,0.00,0.00
2014.09.17 15:05:13.472,12.36151,12.36413,0.00,0.00
2014.09.17 15:05:14.380,12.36151,12.36427,0.00,0.00
2014.09.17 15:05:14.480,12.36102,12.36427,0.00,0.00
2014.09.17 15:05:14.685,12.36102,12.36412,0.00,0.00
2014.09.17 15:05:17.984,12.36102,12.36426,0.00,0.00
2014.09.17 15:05:18.285,12.36102,12.36402,0.00,0.00
2014.09.17 15:05:20.494,12.36102,12.36424,0.00,0.00
2014.09.17 15:05:22.300,12.36102,12.36403,0.00,0.00
2014.09.17 15:05:23.433,12.36102,12.36387,0.00,0.00
2014.09.17 15:05:23.534,12.36102,12.36403,0.00,0.00
2014.09.17 15:05:24.707,12.36102,12.36387,0.00,0.00
2014.09.17 15:05:24.910,12.36102,12.36419,0.00,0.00
2014.09.17 15:05:25.813,12.36102,12.36406,0.00,0.00
2014.09.17 15:05:26.319,12.36102,12.36392,0.00,0.00
2014.09.17 15:05:26.420,12.36102,12.36421,0.00,0.00
2014.09.17 15:05:26.650,12.36102,12.36403,0.00,0.00
2014.09.17 15:05:27.030,12.36102,12.36387,0.00,0.00
2014.09.17 15:05:27.219,12.36102,12.36422,0.00,0.00
2014.09.17 15:05:27.557,12.36102,12.36403,0.00,0.00
2014.09.17 15:05:27.658,12.36102,12.36418,0.00,0.00
2014.09.17 15:05:27.819,12.36102,12.36407,0.00,0.00
2014.09.17 15:05:27.919,12.36102,12.36439,0.00,0.00
2014.09.17 15:05:28.154,12.36102,12.36406,0.00,0.00
2014.09.17 15:05:28.322,12.36102,12.3644,0.00,0.00
2014.09.17 15:05:28.910,12.36102,12.36441,0.00,0.00
2014.09.17 15:05:29.126,12.36102,12.3641,0.00,0.00
2014.09.17 15:05:29.427,12.36102,12.36442,0.00,0.00
2014.09.17 15:05:29.628,12.36102,12.36426,0.00,0.00
2014.09.17 15:05:29.729,12.36102,12.36442,0.00,0.00
2014.09.17 15:05:30.034,12.36102,12.36411,0.00,0.00
2014.09.17 15:05:32.035,12.36102,12.36428,0.00,0.00
2014.09.17 15:05:32.262,12.36102,12.36413,0.00,0.00
2014.09.17 15:05:33.137,12.36102,12.36443,0.00,0.00
2014.09.17 15:05:33.462,12.36102,12.36412,0.00,0.00
2014.09.17 15:05:35.344,12.36102,12.36428,0.00,0.00
2014.09.17 15:05:35.651,12.36102,12.36412,0.00,0.00
2014.09.17 15:05:36.143,12.36102,12.36442,0.00,0.00
2014.09.17 15:05:42.186,12.36102,12.3642,0.00,0.00
2014.09.17 15:05:43.485,12.36102,12.36443,0.00,0.00
2014.09.17 15:05:46.061,12.36102,12.36423,0.00,0.00
2014.09.17 15:05:46.262,12.36102,12.36442,0.00,0.00
2014.09.17 15:05:47.264,12.36102,12.3644,0.00,0.00
2014.09.17 15:05:47.726,12.36102,12.36424,0.00,0.00
2014.09.17 15:05:47.868,12.36102,12.36439,0.00,0.00
2014.09.17 15:05:48.378,12.36102,12.36422,0.00,0.00
2014.09.17 15:05:49.094,12.36102,12.3641,0.00,0.00
2014.09.17 15:05:49.606,12.36102,12.36423,0.00,0.00
2014.09.17 15:05:49.709,12.36102,12.36403,0.00,0.00
2014.09.17 15:05:49.810,12.36056,12.364,0.00,0.00
2014.09.17 15:05:50.885,12.36056,12.36391,0.00,0.00
2014.09.17 15:05:51.191,12.36051,12.36369,0.00,0.00
2014.09.17 15:05:51.241,12.36026,12.36359,0.00,0.00
2014.09.17 15:05:52.537,12.36052,12.3637,0.00,0.00
2014.09.17 15:05:54.737,12.36101,12.3637,0.00,0.00
2014.09.17 15:05:54.892,12.36101,12.364,0.00,0.00
2014.09.17 15:05:55.368,12.36101,12.36371,0.00,0.00
2014.09.17 15:05:55.519,12.36022,12.36359,0.00,0.00
2014.09.17 15:05:55.620,12.36002,12.36344,0.00,0.00
2014.09.17 15:06:00.678,12.36052,12.36344,0.00,0.00
2014.09.17 15:06:00.833,12.36076,12.36408,0.00,0.00
2014.09.17 15:06:00.990,12.36102,12.36408,0.00,0.00
2014.09.17 15:06:01.311,12.3609,12.36408,0.00,0.00
2014.09.17 15:06:02.092,12.36102,12.36408,0.00,0.00
2014.09.17 15:06:02.142,12.36102,12.36444,0.00,0.00
2014.09.17 15:06:03.695,12.36101,12.36434,0.00,0.00
2014.09.17 15:06:03.939,12.36101,12.36445,0.00,0.00
2014.09.17 15:06:04.140,12.36101,12.36433,0.00,0.00
2014.09.17 15:06:05.398,12.36101,12.36445,0.00,0.00
2014.09.17 15:06:10.208,12.36101,12.36432,0.00,0.00
2014.09.17 15:06:10.809,12.36102,12.36444,0.00,0.00
2014.09.17 15:06:11.009,12.36101,12.36432,0.00,0.00
2014.09.17 15:06:12.011,12.36101,12.36445,0.00,0.00
2014.09.17 15:06:14.167,12.36152,12.36445,0.00,0.00
2014.09.17 15:06:14.318,12.36177,12.36478,0.00,0.00
2014.09.17 15:06:14.419,12.36201,12.36508,0.00,0.00
2014.09.17 15:06:14.549,12.36161,12.36501,0.00,0.00
2014.09.17 15:06:14.716,12.36186,12.36508,0.00,0.00
2014.09.17 15:06:15.063,12.36201,12.36508,0.00,0.00
2014.09.17 15:06:15.596,12.36201,12.36545,0.00,0.00
2014.09.17 15:06:15.717,12.36201,12.36533,0.00,0.00
2014.09.17 15:06:16.418,12.36201,12.36516,0.00,0.00
2014.09.17 15:06:17.057,12.36201,12.36514,0.00,0.00
2014.09.17 15:06:17.266,12.36201,12.36528,0.00,0.00
2014.09.17 15:06:17.526,12.36201,12.36545,0.00,0.00
2014.09.17 15:06:17.624,12.36201,12.36529,0.00,0.00
2014.09.17 15:06:17.856,12.36202,12.36544,0.00,0.00
2014.09.17 15:06:18.123,12.36201,12.36521,0.00,0.00
2014.09.17 15:06:18.325,12.36287,12.36609,0.00,0.00
2014.09.17 15:06:18.375,12.36287,12.36571,0.00,0.00
2014.09.17 15:06:18.526,12.36251,12.36538,0.00,0.00
2014.09.17 15:06:18.627,12.36251,12.36568,0.00,0.00
2014.09.17 15:06:18.725,12.36251,12.3657,0.00,0.00
2014.09.17 15:06:18.926,12.36251,12.36586,0.00,0.00
2014.09.17 15:06:19.027,12.36283,12.36609,0.00,0.00
2014.09.17 15:06:19.377,12.36401,12.36643,0.00,0.00
2014.09.17 15:06:19.427,12.36401,12.36692,0.00,0.00
2014.09.17 15:06:19.528,12.36401,12.36698,0.00,0.00
2014.09.17 15:06:20.258,12.36401,12.36713,0.00,0.00
2014.09.17 15:06:20.879,12.36401,12.36725,0.00,0.00
2014.09.17 15:06:22.032,12.36401,12.36706,0.00,0.00
2014.09.17 15:06:22.735,12.36401,12.36724,0.00,0.00
2014.09.17 15:06:22.935,12.36401,12.36708,0.00,0.00
2014.09.17 15:06:26.840,12.36401,12.36694,0.00,0.00
2014.09.17 15:06:28.089,12.36401,12.36716,0.00,0.00
2014.09.17 15:06:28.247,12.36451,12.36716,0.00,0.00
2014.09.17 15:06:28.348,12.36462,12.36788,0.00,0.00
2014.09.17 15:06:28.545,12.36462,12.3674,0.00,0.00
2014.09.17 15:06:28.595,12.36451,12.3674,0.00,0.00
2014.09.17 15:06:28.954,12.36451,12.36706,0.00,0.00
2014.09.17 15:06:29.263,12.36451,12.36726,0.00,0.00
2014.09.17 15:06:29.468,12.36451,12.36706,0.00,0.00
2014.09.17 15:06:29.573,12.36451,12.36724,0.00,0.00
2014.09.17 15:06:29.675,12.36462,12.36767,0.00,0.00
2014.09.17 15:06:29.776,12.36451,12.36767,0.00,0.00
2014.09.17 15:06:29.917,12.36502,12.36767,0.00,0.00
2014.09.17 15:06:29.967,12.36502,12.36791,0.00,0.00
2014.09.17 15:06:30.139,12.36549,12.36791,0.00,0.00
2014.09.17 15:06:30.189,12.36549,12.36858,0.00,0.00
2014.09.17 15:06:30.240,12.36571,12.36858,0.00,0.00
2014.09.17 15:06:30.667,12.36601,12.3688,0.00,0.00
2014.09.17 15:06:32.868,12.36561,12.3688,0.00,0.00
2014.09.17 15:06:32.969,12.36561,12.36866,0.00,0.00
2014.09.17 15:06:33.069,12.36561,12.3688,0.00,0.00
2014.09.17 15:06:33.760,12.36562,12.3688,0.00,0.00
2014.09.17 15:06:33.876,12.36551,12.3683,0.00,0.00
2014.09.17 15:06:34.198,12.36471,12.36758,0.00,0.00
2014.09.17 15:06:34.298,12.36421,12.36731,0.00,0.00
2014.09.17 15:06:34.349,12.36402,12.36731,0.00,0.00
2014.09.17 15:06:34.399,12.36402,12.36706,0.00,0.00
2014.09.17 15:06:35.060,12.36402,12.36721,0.00,0.00
2014.09.17 15:06:35.369,12.36402,12.36706,0.00,0.00
2014.09.17 15:06:35.461,12.36402,12.36723,0.00,0.00
2014.09.17 15:06:35.562,12.36402,12.36706,0.00,0.00
2014.09.17 15:06:35.662,12.36402,12.36722,0.00,0.00
2014.09.17 15:06:35.761,12.36402,12.36706,0.00,0.00
2014.09.17 15:06:37.165,12.36402,12.3672,0.00,0.00
2014.09.17 15:06:37.572,12.36402,12.36705,0.00,0.00
2014.09.17 15:06:37.623,12.36363,12.36679,0.00,0.00
2014.09.17 15:06:37.673,12.36351,12.36631,0.00,0.00
2014.09.17 15:06:37.989,12.36351,12.36635,0.00,0.00
2014.09.17 15:06:38.195,12.36351,12.36606,0.00,0.00
2014.09.17 15:06:38.402,12.36351,12.36618,0.00,0.00
2014.09.17 15:06:38.505,12.36351,12.36636,0.00,0.00
2014.09.17 15:06:38.915,12.36351,12.3662,0.00,0.00
2014.09.17 15:06:38.965,12.36302,12.3662,0.00,0.00
2014.09.17 15:06:39.016,12.36302,12.36605,0.00,0.00
2014.09.17 15:06:39.069,12.36302,12.36621,0.00,0.00
2014.09.17 15:06:39.170,12.36302,12.36606,0.00,0.00
2014.09.17 15:06:39.571,12.36302,12.36634,0.00,0.00
2014.09.17 15:06:39.672,12.36302,12.36617,0.00,0.00
2014.09.17 15:06:40.072,12.36302,12.36606,0.00,0.00
2014.09.17 15:06:40.906,12.36302,12.36632,0.00,0.00
2014.09.17 15:06:41.211,12.36302,12.36606,0.00,0.00
2014.09.17 15:06:41.517,12.36302,12.36617,0.00,0.00
2014.09.17 15:06:42.280,12.36302,12.36606,0.00,0.00
2014.09.17 15:06:42.776,12.36302,12.36617,0.00,0.00
2014.09.17 15:06:43.600,12.36302,12.36633,0.00,0.00
2014.09.17 15:06:44.480,12.36302,12.36606,0.00,0.00
2014.09.17 15:06:45.896,12.36302,12.36617,0.00,0.00
2014.09.17 15:06:46.509,12.36302,12.36632,0.00,0.00
2014.09.17 15:06:47.320,12.36302,12.36606,0.00,0.00
2014.09.17 15:06:47.833,12.36302,12.36633,0.00,0.00
2014.09.17 15:06:49.792,12.36302,12.36636,0.00,0.00
2014.09.17 15:06:50.296,12.36302,12.36606,0.00,0.00
2014.09.17 15:06:50.597,12.36302,12.36618,0.00,0.00
2014.09.17 15:06:50.999,12.36302,12.36605,0.00,0.00
2014.09.17 15:06:51.676,12.36271,12.36605,0.00,0.00
2014.09.17 15:06:51.806,12.36261,12.3659,0.00,0.00
2014.09.17 15:06:51.960,12.36251,12.36583,0.00,0.00
2014.09.17 15:06:52.112,12.36251,12.36609,0.00,0.00
2014.09.17 15:06:52.212,12.36251,12.36593,0.00,0.00
2014.09.17 15:06:52.512,12.36251,12.36609,0.00,0.00
2014.09.17 15:06:52.855,12.36251,12.36603,0.00,0.00
2014.09.17 15:06:53.009,12.36251,12.36609,0.00,0.00
2014.09.17 15:06:53.766,12.36301,12.3662,0.00,0.00
2014.09.17 15:06:54.101,12.36301,12.36586,0.00,0.00
2014.09.17 15:06:54.442,12.36301,12.36541,0.00,0.00
2014.09.17 15:06:54.660,12.36301,12.36565,0.00,0.00
2014.09.17 15:06:54.918,12.36301,12.36577,0.00,0.00
2014.09.17 15:06:55.153,12.36301,12.36591,0.00,0.00
2014.09.17 15:06:55.204,12.36262,12.36591,0.00,0.00
2014.09.17 15:06:55.254,12.36262,12.3657,0.00,0.00
2014.09.17 15:06:55.355,12.36251,12.3657,0.00,0.00
2014.09.17 15:06:55.420,12.36251,12.36541,0.00,0.00
2014.09.17 15:06:55.622,12.36251,12.36552,0.00,0.00
2014.09.17 15:06:56.200,12.36262,12.36552,0.00,0.00
2014.09.17 15:06:56.251,12.36275,12.36609,0.00,0.00
2014.09.17 15:06:56.626,12.36301,12.36617,0.00,0.00
2014.09.17 15:06:57.630,12.36301,12.36606,0.00,0.00
2014.09.17 15:06:59.774,12.36301,12.36621,0.00,0.00
2014.09.17 15:07:00.696,12.36277,12.36608,0.00,0.00
2014.09.17 15:07:00.746,12.36272,12.36566,0.00,0.00
2014.09.17 15:07:00.847,12.36252,12.36566,0.00,0.00
2014.09.17 15:07:03.757,12.36252,12.36584,0.00,0.00
2014.09.17 15:07:03.807,12.36301,12.36584,0.00,0.00
2014.09.17 15:07:04.108,12.36301,12.36523,0.00,0.00
2014.09.17 15:07:04.310,12.36301,12.36528,0.00,0.00
2014.09.17 15:07:04.436,12.36202,12.36528,0.00,0.00
2014.09.17 15:07:04.663,12.36202,12.36512,0.00,0.00
2014.09.17 15:07:04.863,12.36202,12.36527,0.00,0.00
2014.09.17 15:07:05.464,12.36202,12.36512,0.00,0.00
2014.09.17 15:07:06.866,12.36202,12.36541,0.00,0.00
2014.09.17 15:07:10.997,12.36202,12.36511,0.00,0.00
2014.09.17 15:07:12.877,12.36202,12.3651,0.00,0.00
2014.09.17 15:07:12.978,12.36202,12.36542,0.00,0.00
2014.09.17 15:07:15.979,12.36202,12.36546,0.00,0.00
2014.09.17 15:07:16.680,12.36202,12.3653,0.00,0.00
2014.09.17 15:07:17.081,12.36202,12.36546,0.00,0.00
2014.09.17 15:07:18.484,12.36202,12.36515,0.00,0.00
2014.09.17 15:07:18.591,12.36202,12.36531,0.00,0.00
2014.09.17 15:07:19.631,12.36202,12.36514,0.00,0.00
2014.09.17 15:07:19.732,12.36202,12.3653,0.00,0.00
2014.09.17 15:07:19.911,12.36202,12.36546,0.00,0.00
2014.09.17 15:07:21.489,12.36202,12.36531,0.00,0.00
2014.09.17 15:07:22.171,12.36202,12.3653,0.00,0.00
2014.09.17 15:07:23.541,12.36203,12.36545,0.00,0.00
2014.09.17 15:07:23.694,12.36202,12.36531,0.00,0.00
2014.09.17 15:07:29.153,12.36202,12.36542,0.00,0.00
2014.09.17 15:07:30.506,12.36202,12.36527,0.00,0.00
2014.09.17 15:07:30.607,12.36202,12.36543,0.00,0.00
2014.09.17 15:07:30.657,12.36249,12.36543,0.00,0.00
2014.09.17 15:07:30.708,12.36261,12.36558,0.00,0.00
2014.09.17 15:07:30.808,12.36301,12.36624,0.00,0.00
2014.09.17 15:07:31.415,12.36301,12.36623,0.00,0.00
2014.09.17 15:07:31.623,12.36301,12.36608,0.00,0.00
2014.09.17 15:07:32.032,12.36301,12.36591,0.00,0.00
2014.09.17 15:07:33.057,12.36301,12.36622,0.00,0.00
2014.09.17 15:07:33.261,12.36301,12.36608,0.00,0.00
2014.09.17 15:07:33.712,12.36301,12.36623,0.00,0.00
2014.09.17 15:07:35.216,12.36301,12.36606,0.00,0.00
2014.09.17 15:07:36.466,12.36301,12.36624,0.00,0.00
2014.09.17 15:07:37.420,12.36301,12.36606,0.00,0.00
2014.09.17 15:07:39.224,12.36301,12.36624,0.00,0.00
2014.09.17 15:07:39.825,12.36301,12.36609,0.00,0.00
2014.09.17 15:07:44.669,12.36301,12.36625,0.00,0.00
2014.09.17 15:07:44.878,12.36301,12.36606,0.00,0.00
2014.09.17 15:07:45.269,12.36301,12.36624,0.00,0.00
2014.09.17 15:07:45.938,12.36301,12.36608,0.00,0.00
2014.09.17 15:07:48.442,12.36301,12.36624,0.00,0.00
2014.09.17 15:07:49.290,12.36301,12.36605,0.00,0.00
2014.09.17 15:07:52.150,12.36301,12.36623,0.00,0.00
2014.09.17 15:07:52.450,12.36301,12.36608,0.00,0.00
2014.09.17 15:07:54.615,12.36266,12.36608,0.00,0.00
2014.09.17 15:07:54.665,12.36261,12.3653,0.00,0.00
2014.09.17 15:07:55.034,12.36251,12.36512,0.00,0.00
2014.09.17 15:07:55.456,12.36251,12.36527,0.00,0.00
2014.09.17 15:07:55.563,12.36251,12.36544,0.00,0.00
2014.09.17 15:07:55.940,12.36202,12.36544,0.00,0.00
2014.09.17 15:07:55.991,12.36202,12.36511,0.00,0.00
2014.09.17 15:07:57.667,12.36207,12.36551,0.00,0.00
2014.09.17 15:07:58.204,12.36202,12.36524,0.00,0.00
2014.09.17 15:07:58.372,12.36207,12.36551,0.00,0.00
2014.09.17 15:07:59.576,12.36202,12.36525,0.00,0.00
2014.09.17 15:07:59.877,12.36208,12.3655,0.00,0.00
2014.09.17 15:08:00.695,12.36202,12.36524,0.00,0.00
2014.09.17 15:08:01.504,12.36207,12.36551,0.00,0.00
2014.09.17 15:08:01.610,12.36202,12.36523,0.00,0.00
2014.09.17 15:08:02.023,12.36202,12.36533,0.00,0.00
2014.09.17 15:08:02.085,12.36202,12.36517,0.00,0.00
2014.09.17 15:08:02.187,12.36205,12.36549,0.00,0.00
2014.09.17 15:08:02.388,12.36202,12.36534,0.00,0.00
2014.09.17 15:08:02.991,12.36207,12.36549,0.00,0.00
2014.09.17 15:08:03.192,12.36202,12.36519,0.00,0.00
2014.09.17 15:08:03.293,12.36208,12.3655,0.00,0.00
2014.09.17 15:08:03.814,12.36202,12.36539,0.00,0.00
2014.09.17 15:08:04.423,12.36207,12.36551,0.00,0.00
2014.09.17 15:08:04.722,12.36202,12.36525,0.00,0.00
2014.09.17 15:08:04.896,12.36207,12.36551,0.00,0.00
2014.09.17 15:08:05.027,12.36202,12.3654,0.00,0.00
2014.09.17 15:08:05.637,12.36202,12.36524,0.00,0.00
2014.09.17 15:08:06.202,12.36208,12.3655,0.00,0.00
2014.09.17 15:08:08.212,12.36202,12.36526,0.00,0.00
2014.09.17 15:08:09.015,12.36208,12.3655,0.00,0.00
2014.09.17 15:08:09.065,12.36302,12.3655,0.00,0.00
2014.09.17 15:08:09.116,12.36302,12.36579,0.00,0.00
2014.09.17 15:08:09.217,12.36302,12.36614,0.00,0.00
2014.09.17 15:08:09.317,12.36302,12.36605,0.00,0.00
2014.09.17 15:08:09.707,12.36302,12.36524,0.00,0.00
2014.09.17 15:08:09.808,12.36202,12.36524,0.00,0.00
2014.09.17 15:08:09.859,12.36202,12.36546,0.00,0.00
2014.09.17 15:08:11.823,12.36202,12.36519,0.00,0.00
2014.09.17 15:08:12.225,12.36202,12.36546,0.00,0.00
2014.09.17 15:08:13.058,12.36202,12.36519,0.00,0.00
2014.09.17 15:08:13.570,12.36202,12.36546,0.00,0.00
2014.09.17 15:08:14.047,12.36202,12.36519,0.00,0.00
2014.09.17 15:08:14.233,12.36202,12.36535,0.00,0.00
2014.09.17 15:08:14.835,12.36202,12.3652,0.00,0.00
2014.09.17 15:08:16.038,12.36202,12.36538,0.00,0.00
2014.09.17 15:08:24.954,12.36202,12.36522,0.00,0.00
2014.09.17 15:08:25.885,12.36202,12.36532,0.00,0.00
2014.09.17 15:08:26.188,12.36202,12.36517,0.00,0.00
2014.09.17 15:08:26.957,12.36202,12.36532,0.00,0.00
2014.09.17 15:08:27.158,12.36203,12.36545,0.00,0.00
2014.09.17 15:08:27.583,12.36202,12.36516,0.00,0.00
2014.09.17 15:08:27.859,12.36202,12.36532,0.00,0.00
2014.09.17 15:08:28.660,12.36202,12.36533,0.00,0.00
2014.09.17 15:08:28.961,12.36202,12.36516,0.00,0.00
2014.09.17 15:08:30.463,12.36202,12.36532,0.00,0.00
2014.09.17 15:08:31.665,12.36202,12.36516,0.00,0.00
2014.09.17 15:08:32.694,12.36202,12.36529,0.00,0.00
2014.09.17 15:08:34.571,12.36202,12.36514,0.00,0.00
2014.09.17 15:08:34.872,12.36202,12.36534,0.00,0.00
2014.09.17 15:08:34.972,12.36202,12.36519,0.00,0.00
2014.09.17 15:08:36.877,12.36202,12.36533,0.00,0.00
2014.09.17 15:08:38.377,12.36202,12.3646,0.00,0.00
2014.09.17 15:08:38.428,12.36162,12.3646,0.00,0.00
2014.09.17 15:08:38.528,12.36151,12.3646,0.00,0.00
2014.09.17 15:08:38.579,12.36151,12.36434,0.00,0.00
2014.09.17 15:08:39.089,12.36151,12.36433,0.00,0.00
2014.09.17 15:08:39.212,12.36151,12.36446,0.00,0.00
2014.09.17 15:08:39.825,12.36102,12.36446,0.00,0.00
2014.09.17 15:08:42.785,12.36101,12.36431,0.00,0.00
2014.09.17 15:08:43.390,12.36103,12.36445,0.00,0.00
2014.09.17 15:08:45.394,12.36101,12.3643,0.00,0.00
2014.09.17 15:08:45.730,12.36102,12.36446,0.00,0.00
2014.09.17 15:08:49.495,12.36101,12.36434,0.00,0.00
2014.09.17 15:08:49.709,12.36102,12.36446,0.00,0.00
2014.09.17 15:08:52.542,12.36101,12.3643,0.00,0.00
2014.09.17 15:08:54.654,12.36102,12.36446,0.00,0.00
2014.09.17 15:08:55.206,12.36101,12.36423,0.00,0.00
2014.09.17 15:08:57.010,12.36102,12.36446,0.00,0.00
2014.09.17 15:08:57.321,12.36101,12.36442,0.00,0.00
2014.09.17 15:08:57.623,12.36102,12.36446,0.00,0.00
2014.09.17 15:08:57.811,12.36101,12.36427,0.00,0.00
2014.09.17 15:08:58.312,12.36103,12.36445,0.00,0.00
2014.09.17 15:08:58.413,12.36101,12.36426,0.00,0.00
2014.09.17 15:09:00.266,12.36101,12.36441,0.00,0.00
2014.09.17 15:09:08.129,12.36101,12.36442,0.00,0.00
2014.09.17 15:09:09.030,12.36101,12.36426,0.00,0.00
2014.09.17 15:09:09.841,12.36101,12.36444,0.00,0.00
2014.09.17 15:09:12.257,12.36101,12.36428,0.00,0.00
2014.09.17 15:09:13.902,12.36101,12.36443,0.00,0.00
2014.09.17 15:09:14.145,12.36101,12.36409,0.00,0.00
2014.09.17 15:09:14.470,12.36051,12.36336,0.00,0.00
2014.09.17 15:09:15.463,12.36001,12.36336,0.00,0.00
2014.09.17 15:09:20.410,12.36051,12.36351,0.00,0.00
2014.09.17 15:09:20.511,12.36078,12.36409,0.00,0.00
2014.09.17 15:09:20.612,12.36102,12.36409,0.00,0.00
2014.09.17 15:09:20.972,12.36082,12.36409,0.00,0.00
2014.09.17 15:09:21.073,12.36094,12.36409,0.00,0.00
2014.09.17 15:09:21.674,12.36078,12.36409,0.00,0.00
2014.09.17 15:09:21.864,12.36101,12.36422,0.00,0.00
2014.09.17 15:09:21.915,12.36101,12.36437,0.00,0.00
2014.09.17 15:09:23.798,12.36101,12.3636,0.00,0.00
2014.09.17 15:09:23.849,12.36061,12.36359,0.00,0.00
2014.09.17 15:09:23.978,12.36001,12.36336,0.00,0.00
2014.09.17 15:09:31.626,12.36004,12.36346,0.00,0.00
2014.09.17 15:09:32.122,12.36052,12.36346,0.00,0.00
2014.09.17 15:09:32.223,12.36052,12.36372,0.00,0.00
2014.09.17 15:09:32.704,12.36052,12.36347,0.00,0.00
2014.09.17 15:09:33.523,12.36003,12.36347,0.00,0.00
2014.09.17 15:09:45.207,12.36052,12.36347,0.00,0.00
2014.09.17 15:09:45.258,12.36079,12.36379,0.00,0.00
2014.09.17 15:09:45.433,12.36103,12.36408,0.00,0.00
2014.09.17 15:09:46.614,12.36103,12.36447,0.00,0.00
2014.09.17 15:09:46.665,12.36101,12.3643,0.00,0.00
2014.09.17 15:09:46.992,12.36101,12.36342,0.00,0.00
2014.09.17 15:09:47.272,12.36001,12.36342,0.00,0.00
2014.09.17 15:09:51.342,12.35998,12.36309,0.00,0.00
2014.09.17 15:09:51.519,12.35951,12.36271,0.00,0.00
2014.09.17 15:09:51.770,12.35951,12.36247,0.00,0.00
2014.09.17 15:09:52.773,12.35903,12.36247,0.00,0.00
2014.09.17 15:09:59.618,12.35902,12.36233,0.00,0.00
2014.09.17 15:09:59.919,12.35902,12.36246,0.00,0.00
2014.09.17 15:10:00.534,12.35902,12.36231,0.00,0.00
2014.09.17 15:10:01.924,12.35903,12.36247,0.00,0.00
2014.09.17 15:10:03.828,12.35902,12.3623,0.00,0.00
2014.09.17 15:10:05.367,12.35904,12.36246,0.00,0.00
2014.09.17 15:10:11.246,12.35902,12.36235,0.00,0.00
2014.09.17 15:10:11.748,12.35904,12.36246,0.00,0.00
2014.09.17 15:10:14.598,12.35902,12.36236,0.00,0.00
2014.09.17 15:10:14.699,12.35904,12.36246,0.00,0.00
2014.09.17 15:10:24.833,12.35951,12.36246,0.00,0.00
2014.09.17 15:10:24.984,12.35978,12.36309,0.00,0.00
2014.09.17 15:10:25.034,12.36004,12.36309,0.00,0.00
2014.09.17 15:10:25.310,12.35983,12.36309,0.00,0.00
2014.09.17 15:10:25.488,12.36004,12.36309,0.00,0.00
2014.09.17 15:10:25.921,12.35983,12.36309,0.00,0.00
2014.09.17 15:10:26.203,12.36004,12.36309,0.00,0.00
2014.09.17 15:10:26.253,12.36004,12.36346,0.00,0.00
2014.09.17 15:10:29.010,12.36001,12.36327,0.00,0.00
2014.09.17 15:10:29.612,12.36001,12.36342,0.00,0.00
2014.09.17 15:10:33.056,12.36052,12.36342,0.00,0.00
2014.09.17 15:10:33.157,12.36078,12.36378,0.00,0.00
2014.09.17 15:10:33.257,12.36103,12.36408,0.00,0.00
2014.09.17 15:10:33.530,12.36074,12.36408,0.00,0.00
2014.09.17 15:10:33.631,12.36091,12.36408,0.00,0.00
2014.09.17 15:10:34.233,12.36075,12.36408,0.00,0.00
2014.09.17 15:10:34.384,12.36101,12.36419,0.00,0.00
2014.09.17 15:10:34.534,12.36101,12.36434,0.00,0.00
2014.09.17 15:10:34.656,12.36104,12.36446,0.00,0.00
2014.09.17 15:10:34.813,12.3614,12.36446,0.00,0.00
2014.09.17 15:10:35.123,12.36195,12.36459,0.00,0.00
2014.09.17 15:10:35.174,12.36201,12.36539,0.00,0.00
2014.09.17 15:10:35.362,12.36201,12.36507,0.00,0.00
2014.09.17 15:10:35.690,12.36201,12.36461,0.00,0.00
2014.09.17 15:10:35.790,12.36201,12.36487,0.00,0.00
2014.09.17 15:10:35.995,12.36201,12.36497,0.00,0.00
2014.09.17 15:10:36.095,12.36201,12.36471,0.00,0.00
2014.09.17 15:10:36.400,12.36201,12.36467,0.00,0.00
2014.09.17 15:10:36.451,12.36151,12.36467,0.00,0.00
2014.09.17 15:10:36.632,12.36153,12.36497,0.00,0.00
2014.09.17 15:10:36.683,12.36151,12.36483,0.00,0.00
2014.09.17 15:10:37.014,12.36151,12.36468,0.00,0.00
2014.09.17 15:10:37.495,12.36151,12.36426,0.00,0.00
2014.09.17 15:10:37.874,12.36101,12.36426,0.00,0.00
2014.09.17 15:10:39.772,12.36101,12.36437,0.00,0.00
2014.09.17 15:10:40.415,12.36101,12.36423,0.00,0.00
2014.09.17 15:10:40.765,12.36202,12.36514,0.00,0.00
2014.09.17 15:10:40.815,12.36202,12.36538,0.00,0.00
2014.09.17 15:10:41.081,12.36202,12.36511,0.00,0.00
2014.09.17 15:10:41.182,12.36202,12.36542,0.00,0.00
2014.09.17 15:10:41.692,12.36202,12.36527,0.00,0.00
2014.09.17 15:10:42.250,12.36202,12.3651,0.00,0.00
2014.09.17 15:10:42.389,12.36202,12.36526,0.00,0.00
2014.09.17 15:10:42.490,12.36202,12.36541,0.00,0.00
2014.09.17 15:10:42.690,12.36202,12.36526,0.00,0.00
2014.09.17 15:10:43.209,12.36202,12.3651,0.00,0.00
2014.09.17 15:10:44.331,12.36202,12.36541,0.00,0.00
2014.09.17 15:10:44.997,12.36202,12.3651,0.00,0.00
2014.09.17 15:10:45.108,12.36202,12.36526,0.00,0.00
2014.09.17 15:10:45.929,12.36202,12.36541,0.00,0.00
2014.09.17 15:10:46.335,12.36202,12.3651,0.00,0.00
2014.09.17 15:10:46.400,12.36202,12.36541,0.00,0.00
2014.09.17 15:10:48.104,12.36202,12.3651,0.00,0.00
2014.09.17 15:10:49.007,12.36202,12.36541,0.00,0.00
2014.09.17 15:10:49.308,12.36202,12.36507,0.00,0.00
2014.09.17 15:10:49.608,12.36202,12.36522,0.00,0.00
2014.09.17 15:10:49.709,12.36202,12.36537,0.00,0.00
2014.09.17 15:10:49.909,12.36202,12.36507,0.00,0.00
2014.09.17 15:10:50.553,12.36202,12.36537,0.00,0.00
2014.09.17 15:10:51.112,12.36202,12.36507,0.00,0.00
2014.09.17 15:10:51.434,12.36202,12.36537,0.00,0.00
2014.09.17 15:10:52.935,12.36202,12.36512,0.00,0.00
2014.09.17 15:10:54.052,12.36202,12.36527,0.00,0.00
2014.09.17 15:10:54.464,12.36202,12.36543,0.00,0.00
2014.09.17 15:10:55.119,12.36202,12.36515,0.00,0.00
2014.09.17 15:10:55.833,12.36202,12.36531,0.00,0.00
2014.09.17 15:10:56.970,12.36203,12.36547,0.00,0.00
2014.09.17 15:10:57.523,12.36202,12.36514,0.00,0.00
2014.09.17 15:11:00.165,12.36203,12.36545,0.00,0.00
2014.09.17 15:11:03.334,12.36202,12.36522,0.00,0.00
2014.09.17 15:11:03.636,12.36202,12.36518,0.00,0.00
2014.09.17 15:11:03.739,12.36204,12.36546,0.00,0.00
2014.09.17 15:11:04.242,12.36203,12.36547,0.00,0.00
2014.09.17 15:11:04.543,12.36202,12.36519,0.00,0.00
2014.09.17 15:11:04.795,12.36204,12.36546,0.00,0.00
2014.09.17 15:11:05.663,12.36202,12.36519,0.00,0.00
2014.09.17 15:11:06.147,12.36202,12.36535,0.00,0.00
2014.09.17 15:11:06.248,12.36202,12.36518,0.00,0.00
2014.09.17 15:11:07.624,12.36202,12.3647,0.00,0.00
2014.09.17 15:11:07.969,12.36151,12.36406,0.00,0.00
2014.09.17 15:11:08.256,12.36151,12.36419,0.00,0.00
2014.09.17 15:11:08.388,12.36051,12.36389,0.00,0.00
2014.09.17 15:11:10.233,12.36101,12.36389,0.00,0.00
2014.09.17 15:11:10.390,12.36104,12.36446,0.00,0.00
2014.09.17 15:11:13.076,12.36101,12.36429,0.00,0.00
2014.09.17 15:11:14.580,12.36101,12.36445,0.00,0.00
2014.09.17 15:11:15.483,12.36101,12.36429,0.00,0.00
2014.09.17 15:11:15.688,12.36103,12.36447,0.00,0.00
2014.09.17 15:11:16.322,12.36101,12.36426,0.00,0.00
2014.09.17 15:11:17.090,12.36104,12.36446,0.00,0.00
2014.09.17 15:11:17.695,12.36101,12.36423,0.00,0.00
2014.09.17 15:11:19.212,12.36104,12.36446,0.00,0.00
2014.09.17 15:11:20.704,12.36101,12.36422,0.00,0.00
2014.09.17 15:11:21.015,12.36051,12.36351,0.00,0.00
2014.09.17 15:11:21.823,12.36051,12.36361,0.00,0.00
2014.09.17 15:11:22.112,12.36019,12.36359,0.00,0.00
2014.09.17 15:11:26.733,12.36005,12.36349,0.00,0.00
2014.09.17 15:11:27.033,12.36018,12.36359,0.00,0.00
2014.09.17 15:11:29.482,12.36018,12.36308,0.00,0.00
2014.09.17 15:11:29.683,12.35952,12.36246,0.00,0.00
2014.09.17 15:11:30.802,12.35904,12.36246,0.00,0.00
2014.09.17 15:11:34.108,12.35952,12.36246,0.00,0.00
2014.09.17 15:11:34.208,12.35978,12.36278,0.00,0.00
2014.09.17 15:11:34.259,12.36003,12.36308,0.00,0.00
2014.09.17 15:11:34.745,12.3599,12.36308,0.00,0.00
2014.09.17 15:11:34.846,12.36003,12.36308,0.00,0.00
2014.09.17 15:11:35.422,12.36003,12.36347,0.00,0.00
2014.09.17 15:11:38.770,12.36002,12.36335,0.00,0.00
2014.09.17 15:11:39.280,12.36004,12.36346,0.00,0.00
2014.09.17 15:11:44.443,12.36051,12.36346,0.00,0.00
2014.09.17 15:11:44.493,12.36051,12.3637,0.00,0.00
2014.09.17 15:11:44.544,12.36051,12.36377,0.00,0.00
2014.09.17 15:11:44.594,12.36084,12.36409,0.00,0.00
2014.09.17 15:11:44.961,12.36092,12.36409,0.00,0.00
2014.09.17 15:11:45.395,12.36107,12.36409,0.00,0.00
2014.09.17 15:11:45.873,12.36107,12.36449,0.00,0.00
2014.09.17 15:11:46.664,12.36101,12.36434,0.00,0.00
2014.09.17 15:11:46.765,12.36109,12.36449,0.00,0.00
2014.09.17 15:11:46.865,12.36101,12.36435,0.00,0.00
2014.09.17 15:11:47.165,12.36107,12.36449,0.00,0.00
2014.09.17 15:11:48.802,12.36101,12.36434,0.00,0.00
2014.09.17 15:11:49.615,12.36109,12.36449,0.00,0.00
2014.09.17 15:11:49.870,12.36101,12.3643,0.00,0.00
2014.09.17 15:11:50.171,12.3611,12.36449,0.00,0.00
2014.09.17 15:11:51.874,12.36109,12.36449,0.00,0.00
2014.09.17 15:11:52.275,12.36101,12.36431,0.00,0.00
2014.09.17 15:11:52.375,12.36103,12.36447,0.00,0.00
2014.09.17 15:11:53.193,12.36101,12.36432,0.00,0.00
2014.09.17 15:11:54.378,12.36109,12.36449,0.00,0.00
2014.09.17 15:11:54.520,12.36109,12.36453,0.00,0.00
2014.09.17 15:11:56.381,12.36101,12.36431,0.00,0.00
2014.09.17 15:11:56.781,12.36109,12.36453,0.00,0.00
2014.09.17 15:11:57.182,12.36101,12.36359,0.00,0.00
2014.09.17 15:11:57.233,12.36071,12.36359,0.00,0.00
2014.09.17 15:11:57.334,12.36051,12.36341,0.00,0.00
2014.09.17 15:11:57.683,12.36051,12.36338,0.00,0.00
2014.09.17 15:11:57.784,12.36051,12.36352,0.00,0.00
2014.09.17 15:11:58.523,12.3601,12.36352,0.00,0.00
2014.09.17 15:11:58.686,12.36001,12.36341,0.00,0.00
2014.09.17 15:11:59.054,12.36001,12.36329,0.00,0.00
2014.09.17 15:11:59.689,12.36001,12.3634,0.00,0.00
2014.09.17 15:11:59.989,12.36001,12.36324,0.00,0.00
2014.09.17 15:12:00.190,12.36001,12.36343,0.00,0.00
2014.09.17 15:12:00.291,12.35972,12.36259,0.00,0.00
2014.09.17 15:12:00.341,12.35952,12.36259,0.00,0.00
2014.09.17 15:12:00.392,12.35952,12.36241,0.00,0.00
2014.09.17 15:12:01.241,12.35952,12.36252,0.00,0.00
2014.09.17 15:12:01.621,12.3591,12.36252,0.00,0.00
2014.09.17 15:12:02.331,12.35901,12.36242,0.00,0.00
2014.09.17 15:12:02.595,12.35909,12.36253,0.00,0.00
2014.09.17 15:12:02.745,12.35901,12.36241,0.00,0.00
2014.09.17 15:12:02.797,12.35909,12.36253,0.00,0.00
2014.09.17 15:12:03.298,12.35901,12.36241,0.00,0.00
2014.09.17 15:12:03.598,12.35909,12.36253,0.00,0.00
2014.09.17 15:12:07.231,12.35907,12.36221,0.00,0.00
2014.09.17 15:12:07.324,12.35907,12.36251,0.00,0.00
2014.09.17 15:12:10.012,12.35901,12.36237,0.00,0.00
2014.09.17 15:12:10.293,12.35865,12.36207,0.00,0.00
2014.09.17 15:12:10.343,12.35851,12.3617,0.00,0.00
2014.09.17 15:12:10.722,12.35851,12.36132,0.00,0.00
2014.09.17 15:12:11.300,12.35851,12.36133,0.00,0.00
2014.09.17 15:12:11.653,12.35801,12.36132,0.00,0.00
2014.09.17 15:12:11.916,12.35804,12.36148,0.00,0.00
2014.09.17 15:12:15.222,12.35801,12.36133,0.00,0.00
2014.09.17 15:12:15.623,12.35801,12.36105,0.00,0.00
2014.09.17 15:12:15.724,12.35801,12.36133,0.00,0.00
2014.09.17 15:12:15.825,12.35805,12.36147,0.00,0.00
2014.09.17 15:12:16.225,12.35809,12.36153,0.00,0.00
2014.09.17 15:12:16.325,12.35801,12.36132,0.00,0.00
2014.09.17 15:12:16.714,12.35801,12.36107,0.00,0.00
2014.09.17 15:12:16.877,12.35801,12.36142,0.00,0.00
2014.09.17 15:12:17.227,12.35801,12.36108,0.00,0.00
2014.09.17 15:12:17.438,12.35801,12.36138,0.00,0.00
2014.09.17 15:12:18.519,12.35852,12.36138,0.00,0.00
2014.09.17 15:12:18.570,12.35852,12.36153,0.00,0.00
2014.09.17 15:12:18.671,12.35852,12.36178,0.00,0.00
2014.09.17 15:12:19.034,12.3586,12.36202,0.00,0.00
2014.09.17 15:12:19.141,12.35874,12.36208,0.00,0.00
2014.09.17 15:12:19.448,12.35862,12.36184,0.00,0.00
2014.09.17 15:12:19.533,12.35875,12.36208,0.00,0.00
2014.09.17 15:12:19.735,12.35862,12.36206,0.00,0.00
2014.09.17 15:12:19.861,12.35874,12.36208,0.00,0.00
2014.09.17 15:12:20.065,12.35902,12.36243,0.00,0.00
2014.09.17 15:12:20.221,12.35902,12.36229,0.00,0.00
2014.09.17 15:12:20.532,12.35902,12.36137,0.00,0.00
2014.09.17 15:12:20.583,12.35801,12.36137,0.00,0.00
2014.09.17 15:12:20.736,12.3581,12.36152,0.00,0.00
2014.09.17 15:12:20.837,12.35801,12.36131,0.00,0.00
2014.09.17 15:12:21.056,12.3581,12.36152,0.00,0.00
2014.09.17 15:12:22.240,12.35801,12.36137,0.00,0.00
2014.09.17 15:12:22.541,12.3581,12.36152,0.00,0.00
2014.09.17 15:12:22.741,12.35801,12.36137,0.00,0.00
2014.09.17 15:12:23.142,12.3581,12.36152,0.00,0.00
2014.09.17 15:12:23.443,12.35801,12.36125,0.00,0.00
2014.09.17 15:12:23.844,12.35801,12.3614,0.00,0.00
2014.09.17 15:12:24.245,12.35801,12.36124,0.00,0.00
2014.09.17 15:12:24.346,12.35809,12.36153,0.00,0.00
2014.09.17 15:12:24.850,12.35834,12.36159,0.00,0.00
2014.09.17 15:12:25.001,12.35859,12.36203,0.00,0.00
2014.09.17 15:12:25.052,12.35869,12.36209,0.00,0.00
2014.09.17 15:12:25.360,12.35851,12.36165,0.00,0.00
2014.09.17 15:12:25.448,12.35851,12.36177,0.00,0.00
2014.09.17 15:12:25.551,12.35851,12.36141,0.00,0.00
2014.09.17 15:12:26.081,12.35851,12.36152,0.00,0.00
2014.09.17 15:12:26.183,12.3581,12.36152,0.00,0.00
2014.09.17 15:12:26.491,12.35802,12.36139,0.00,0.00
2014.09.17 15:12:28.755,12.3581,12.36152,0.00,0.00
2014.09.17 15:12:31.891,12.35851,12.36152,0.00,0.00
2014.09.17 15:12:31.992,12.35852,12.36178,0.00,0.00
2014.09.17 15:12:32.043,12.35862,12.36178,0.00,0.00
2014.09.17 15:12:32.143,12.35851,12.36179,0.00,0.00
2014.09.17 15:12:32.294,12.35851,12.36164,0.00,0.00
2014.09.17 15:12:33.320,12.3582,12.36159,0.00,0.00
2014.09.17 15:12:35.767,12.35809,12.36153,0.00,0.00
2014.09.17 15:12:55.879,12.35805,12.36147,0.00,0.00
2014.09.17 15:13:07.802,12.35801,12.36125,0.00,0.00
2014.09.17 15:13:07.903,12.35801,12.36136,0.00,0.00
2014.09.17 15:13:08.004,12.35811,12.36153,0.00,0.00
2014.09.17 15:13:09.919,12.35801,12.36134,0.00,0.00
2014.09.17 15:13:11.252,12.35811,12.36153,0.00,0.00
2014.09.17 15:13:12.635,12.35801,12.36133,0.00,0.00
2014.09.17 15:13:12.939,12.35801,12.36118,0.00,0.00
2014.09.17 15:13:13.057,12.35801,12.36131,0.00,0.00
2014.09.17 15:13:13.269,12.35811,12.36153,0.00,0.00
2014.09.17 15:13:17.266,12.35801,12.36135,0.00,0.00
2014.09.17 15:13:18.902,12.3581,12.36154,0.00,0.00
2014.09.17 15:13:19.876,12.35801,12.36135,0.00,0.00
2014.09.17 15:13:20.191,12.35801,12.36118,0.00,0.00
2014.09.17 15:13:20.282,12.35801,12.36121,0.00,0.00
2014.09.17 15:13:20.383,12.35801,12.36118,0.00,0.00
2014.09.17 15:13:20.484,12.35801,12.36139,0.00,0.00
2014.09.17 15:13:20.585,12.3581,12.36154,0.00,0.00
2014.09.17 15:13:20.990,12.35801,12.36124,0.00,0.00
2014.09.17 15:13:21.128,12.3581,12.36154,0.00,0.00
2014.09.17 15:13:21.999,12.35801,12.36123,0.00,0.00
2014.09.17 15:13:22.911,12.3581,12.36154,0.00,0.00
2014.09.17 15:13:23.813,12.35811,12.36153,0.00,0.00
2014.09.17 15:13:24.114,12.35801,12.36139,0.00,0.00
2014.09.17 15:13:24.694,12.35801,12.36123,0.00,0.00
2014.09.17 15:13:25.317,12.35811,12.36153,0.00,0.00
2014.09.17 15:13:28.480,12.35801,12.36124,0.00,0.00
2014.09.17 15:13:29.049,12.3581,12.36154,0.00,0.00
2014.09.17 15:13:29.836,12.35801,12.36141,0.00,0.00
2014.09.17 15:13:30.540,12.35801,12.36124,0.00,0.00
2014.09.17 15:13:30.750,12.35801,12.3614,0.00,0.00
2014.09.17 15:13:30.946,12.3581,12.36154,0.00,0.00
2014.09.17 15:13:32.364,12.35801,12.36142,0.00,0.00
2014.09.17 15:13:33.634,12.35798,12.36142,0.00,0.00
2014.09.17 15:13:33.685,12.35781,12.36125,0.00,0.00
2014.09.17 15:13:34.202,12.35797,12.36139,0.00,0.00
2014.09.17 15:13:34.676,12.35811,12.36153,0.00,0.00
2014.09.17 15:13:36.088,12.35797,12.36139,0.00,0.00
2014.09.17 15:13:36.606,12.35781,12.36123,0.00,0.00
2014.09.17 15:13:37.218,12.35797,12.36141,0.00,0.00
2014.09.17 15:13:37.318,12.3581,12.36154,0.00,0.00
2014.09.17 15:13:39.189,12.35799,12.36141,0.00,0.00
2014.09.17 15:13:40.493,12.3581,12.36154,0.00,0.00
2014.09.17 15:13:41.197,12.35835,12.36171,0.00,0.00
2014.09.17 15:13:41.558,12.35885,12.36208,0.00,0.00
2014.09.17 15:13:41.700,12.35871,12.36206,0.00,0.00
2014.09.17 15:13:42.001,12.35878,12.36208,0.00,0.00
2014.09.17 15:13:42.115,12.35871,12.36206,0.00,0.00
2014.09.17 15:13:42.218,12.35878,12.36208,0.00,0.00
2014.09.17 15:13:42.529,12.35902,12.3622,0.00,0.00
2014.09.17 15:13:43.119,12.35902,12.36155,0.00,0.00
2014.09.17 15:13:43.344,12.35802,12.36137,0.00,0.00
2014.09.17 15:13:43.652,12.35809,12.36153,0.00,0.00
2014.09.17 15:13:44.115,12.35802,12.36137,0.00,0.00
2014.09.17 15:13:45.821,12.3581,12.36154,0.00,0.00
2014.09.17 15:13:45.922,12.35802,12.36142,0.00,0.00
2014.09.17 15:13:47.269,12.3581,12.36154,0.00,0.00
2014.09.17 15:13:49.466,12.35802,12.36139,0.00,0.00
2014.09.17 15:13:49.977,12.35811,12.36153,0.00,0.00
2014.09.17 15:13:56.792,12.35802,12.36134,0.00,0.00
2014.09.17 15:13:57.862,12.3581,12.36154,0.00,0.00
2014.09.17 15:13:58.492,12.35802,12.36139,0.00,0.00
2014.09.17 15:13:58.670,12.35811,12.36153,0.00,0.00
2014.09.17 15:13:59.566,12.35802,12.3614,0.00,0.00
2014.09.17 15:14:00.568,12.3581,12.36154,0.00,0.00
2014.09.17 15:14:00.900,12.35851,12.36154,0.00,0.00
2014.09.17 15:14:01.059,12.35886,12.36209,0.00,0.00
2014.09.17 15:14:01.110,12.35907,12.36209,0.00,0.00
2014.09.17 15:14:01.412,12.3588,12.36209,0.00,0.00
2014.09.17 15:14:02.077,12.35894,12.36209,0.00,0.00
2014.09.17 15:14:02.329,12.35902,12.36238,0.00,0.00
2014.09.17 15:14:02.978,12.35902,12.36221,0.00,0.00
2014.09.17 15:14:04.982,12.35902,12.36204,0.00,0.00
2014.09.17 15:14:06.085,12.35902,12.36221,0.00,0.00
2014.09.17 15:14:06.186,12.35907,12.36221,0.00,0.00
2014.09.17 15:14:06.237,12.35907,12.36249,0.00,0.00
2014.09.17 15:14:06.890,12.35902,12.36235,0.00,0.00
2014.09.17 15:14:06.996,12.3591,12.36252,0.00,0.00
2014.09.17 15:14:07.099,12.35952,12.36252,0.00,0.00
2014.09.17 15:14:07.200,12.35964,12.36308,0.00,0.00
2014.09.17 15:14:07.307,12.35995,12.36308,0.00,0.00
2014.09.17 15:14:07.609,12.35979,12.36308,0.00,0.00
2014.09.17 15:14:07.710,12.35995,12.36308,0.00,0.00
2014.09.17 15:14:08.015,12.35971,12.36308,0.00,0.00
2014.09.17 15:14:08.232,12.35997,12.36308,0.00,0.00
2014.09.17 15:14:08.335,12.35971,12.36308,0.00,0.00
2014.09.17 15:14:08.512,12.36001,12.36313,0.00,0.00
2014.09.17 15:14:09.911,12.36001,12.36336,0.00,0.00
2014.09.17 15:14:10.910,12.35992,12.36259,0.00,0.00
2014.09.17 15:14:10.961,12.35976,12.36259,0.00,0.00
2014.09.17 15:14:11.062,12.35901,12.36242,0.00,0.00
2014.09.17 15:14:11.116,12.35901,12.36218,0.00,0.00
2014.09.17 15:14:11.418,12.35902,12.36244,0.00,0.00
2014.09.17 15:14:11.519,12.35901,12.36213,0.00,0.00
2014.09.17 15:14:11.720,12.35903,12.36245,0.00,0.00
2014.09.17 15:14:12.846,12.35903,12.36247,0.00,0.00
2014.09.17 15:14:14.212,12.35951,12.36247,0.00,0.00
2014.09.17 15:14:14.262,12.35981,12.36298,0.00,0.00
2014.09.17 15:14:14.312,12.35981,12.36309,0.00,0.00
2014.09.17 15:14:14.440,12.35998,12.36309,0.00,0.00
2014.09.17 15:14:14.844,12.35971,12.36309,0.00,0.00
2014.09.17 15:14:15.449,12.35997,12.36309,0.00,0.00
2014.09.17 15:14:15.549,12.36001,12.36341,0.00,0.00
2014.09.17 15:14:15.750,12.36001,12.36326,0.00,0.00
2014.09.17 15:14:16.052,12.36001,12.36341,0.00,0.00
2014.09.17 15:14:16.153,12.36052,12.36359,0.00,0.00
2014.09.17 15:14:16.356,12.36101,12.36427,0.00,0.00
2014.09.17 15:14:16.558,12.36101,12.36413,0.00,0.00
2014.09.17 15:14:16.658,12.36101,12.3643,0.00,0.00
2014.09.17 15:14:17.067,12.36101,12.36413,0.00,0.00
2014.09.17 15:14:17.375,12.36101,12.36437,0.00,0.00
2014.09.17 15:14:17.563,12.36101,12.36413,0.00,0.00
2014.09.17 15:14:18.193,12.36101,12.36424,0.00,0.00
2014.09.17 15:14:18.705,12.36101,12.36412,0.00,0.00
2014.09.17 15:14:19.115,12.36101,12.36439,0.00,0.00
2014.09.17 15:14:19.218,12.36101,12.36424,0.00,0.00
2014.09.17 15:14:19.319,12.36101,12.36439,0.00,0.00
2014.09.17 15:14:21.076,12.36101,12.36412,0.00,0.00
2014.09.17 15:14:22.024,12.36101,12.36394,0.00,0.00
2014.09.17 15:14:22.251,12.36062,12.36394,0.00,0.00
2014.09.17 15:14:22.301,12.36062,12.3638,0.00,0.00
2014.09.17 15:14:22.603,12.36052,12.36368,0.00,0.00
2014.09.17 15:14:22.684,12.36052,12.36384,0.00,0.00
2014.09.17 15:14:22.787,12.36052,12.36369,0.00,0.00
2014.09.17 15:14:22.992,12.36052,12.36384,0.00,0.00
2014.09.17 15:14:23.095,12.36052,12.36368,0.00,0.00
2014.09.17 15:14:23.401,12.36052,12.36347,0.00,0.00
2014.09.17 15:14:23.670,12.36001,12.36326,0.00,0.00
2014.09.17 15:14:23.791,12.3601,12.36354,0.00,0.00
2014.09.17 15:14:24.094,12.36001,12.36343,0.00,0.00
2014.09.17 15:14:24.440,12.36101,12.36353,0.00,0.00
2014.09.17 15:14:24.541,12.36101,12.36379,0.00,0.00
2014.09.17 15:14:24.642,12.36101,12.3644,0.00,0.00
2014.09.17 15:14:24.802,12.36101,12.36426,0.00,0.00
2014.09.17 15:14:25.054,12.36101,12.36441,0.00,0.00
2014.09.17 15:14:25.222,12.36101,12.36427,0.00,0.00
2014.09.17 15:14:25.910,12.36101,12.36413,0.00,0.00
2014.09.17 15:14:26.413,12.36101,12.3643,0.00,0.00
2014.09.17 15:14:27.219,12.36101,12.36414,0.00,0.00
2014.09.17 15:14:27.621,12.36101,12.3643,0.00,0.00
2014.09.17 15:14:28.344,12.36101,12.36415,0.00,0.00
2014.09.17 15:14:29.129,12.36101,12.3643,0.00,0.00
2014.09.17 15:14:29.392,12.36086,12.36389,0.00,0.00
2014.09.17 15:14:29.667,12.36082,12.36389,0.00,0.00
2014.09.17 15:14:29.735,12.3607,12.36389,0.00,0.00
2014.09.17 15:14:30.975,12.36062,12.36389,0.00,0.00
2014.09.17 15:14:31.165,12.36089,12.36389,0.00,0.00
2014.09.17 15:14:31.844,12.36072,12.36389,0.00,0.00
2014.09.17 15:14:32.646,12.36088,12.36389,0.00,0.00
2014.09.17 15:14:33.148,12.36102,12.36389,0.00,0.00
2014.09.17 15:14:34.859,12.36071,12.36389,0.00,0.00
2014.09.17 15:14:36.079,12.36085,12.36389,0.00,0.00
2014.09.17 15:14:36.901,12.36068,12.36389,0.00,0.00
2014.09.17 15:14:37.004,12.36101,12.36389,0.00,0.00
2014.09.17 15:14:38.371,12.36068,12.36389,0.00,0.00
2014.09.17 15:14:39.274,12.361,12.36389,0.00,0.00
2014.09.17 15:14:39.374,12.36085,12.36389,0.00,0.00
2014.09.17 15:14:39.676,12.36099,12.36389,0.00,0.00
2014.09.17 15:14:40.106,12.36085,12.36389,0.00,0.00
2014.09.17 15:14:41.273,12.36085,12.36339,0.00,0.00
2014.09.17 15:14:41.424,12.36026,12.36339,0.00,0.00
2014.09.17 15:14:41.525,12.36006,12.36339,0.00,0.00
2014.09.17 15:14:41.625,12.3603,12.36339,0.00,0.00
2014.09.17 15:14:42.055,12.3606,12.36339,0.00,0.00
2014.09.17 15:14:43.108,12.36025,12.36339,0.00,0.00
2014.09.17 15:14:43.377,12.36025,12.36289,0.00,0.00
2014.09.17 15:14:43.427,12.3601,12.36289,0.00,0.00
2014.09.17 15:14:43.478,12.3604,12.36289,0.00,0.00
2014.09.17 15:14:43.797,12.36086,12.36289,0.00,0.00
2014.09.17 15:14:44.037,12.3611,12.36389,0.00,0.00
2014.09.17 15:14:44.144,12.36082,12.36389,0.00,0.00
2014.09.17 15:14:44.907,12.36111,12.36389,0.00,0.00
2014.09.17 15:14:45.614,12.36095,12.36389,0.00,0.00
2014.09.17 15:14:45.816,12.36111,12.36389,0.00,0.00
2014.09.17 15:14:46.042,12.36095,12.36389,0.00,0.00
2014.09.17 15:14:46.419,12.3611,12.36389,0.00,0.00
2014.09.17 15:14:47.126,12.36097,12.36389,0.00,0.00
2014.09.17 15:14:47.829,12.36111,12.36389,0.00,0.00
2014.09.17 15:14:49.079,12.36092,12.36389,0.00,0.00
2014.09.17 15:14:50.149,12.36077,12.36389,0.00,0.00
2014.09.17 15:14:50.199,12.36077,12.36339,0.00,0.00
2014.09.17 15:14:50.250,12.3604,12.36339,0.00,0.00
2014.09.17 15:14:50.350,12.35996,12.36339,0.00,0.00
2014.09.17 15:14:50.678,12.36011,12.36339,0.00,0.00
2014.09.17 15:14:51.553,12.35996,12.36339,0.00,0.00
2014.09.17 15:14:51.604,12.35996,12.36288,0.00,0.00
2014.09.17 15:14:52.055,12.36011,12.36288,0.00,0.00
2014.09.17 15:14:52.156,12.35996,12.36288,0.00,0.00
2014.09.17 15:14:52.762,12.3601,12.36288,0.00,0.00
2014.09.17 15:14:53.161,12.35992,12.36288,0.00,0.00
2014.09.17 15:14:53.667,12.35981,12.36288,0.00,0.00
2014.09.17 15:14:54.686,12.35998,12.36288,0.00,0.00
2014.09.17 15:14:55.072,12.3604,12.36288,0.00,0.00
2014.09.17 15:14:55.122,12.36057,12.36339,0.00,0.00
2014.09.17 15:14:55.173,12.36062,12.36339,0.00,0.00
2014.09.17 15:14:55.626,12.36104,12.36339,0.00,0.00
2014.09.17 15:14:55.780,12.36062,12.36339,0.00,0.00
2014.09.17 15:14:55.881,12.36061,12.36398,0.00,0.00
2014.09.17 15:14:56.120,12.36091,12.36398,0.00,0.00
2014.09.17 15:14:56.682,12.3608,12.36398,0.00,0.00
2014.09.17 15:14:57.985,12.3608,12.36349,0.00,0.00
2014.09.17 15:14:58.035,12.36039,12.36349,0.00,0.00
2014.09.17 15:14:58.136,12.35995,12.36339,0.00,0.00
2014.09.17 15:14:58.799,12.35994,12.36336,0.00,0.00
2014.09.17 15:14:59.256,12.35994,12.36319,0.00,0.00
2014.09.17 15:14:59.586,12.3601,12.36319,0.00,0.00
2014.09.17 15:15:00.391,12.35996,12.36319,0.00,0.00
2014.09.17 15:15:00.468,12.35996,12.36268,0.00,0.00
2014.09.17 15:15:00.519,12.35971,12.36258,0.00,0.00
2014.09.17 15:15:00.620,12.35892,12.3619,0.00,0.00
2014.09.17 15:15:00.720,12.35892,12.36154,0.00,0.00
2014.09.17 15:15:00.926,12.3581,12.36118,0.00,0.00
2014.09.17 15:15:01.311,12.35865,12.36118,0.00,0.00
2014.09.17 15:15:01.465,12.35862,12.36118,0.00,0.00
2014.09.17 15:15:01.566,12.35855,12.36118,0.00,0.00
2014.09.17 15:15:01.617,12.35855,12.36171,0.00,0.00
2014.09.17 15:15:01.717,12.35891,12.36218,0.00,0.00
2014.09.17 15:15:04.311,12.35905,12.36218,0.00,0.00
2014.09.17 15:15:05.842,12.35892,12.36218,0.00,0.00
2014.09.17 15:15:05.893,12.35892,12.36169,0.00,0.00
2014.09.17 15:15:07.230,12.35892,12.36218,0.00,0.00
2014.09.17 15:15:08.118,12.3591,12.36218,0.00,0.00
2014.09.17 15:15:10.724,12.35898,12.36218,0.00,0.00
2014.09.17 15:15:11.154,12.3591,12.36218,0.00,0.00
2014.09.17 15:15:11.426,12.35899,12.36218,0.00,0.00
2014.09.17 15:15:12.790,12.35899,12.36168,0.00,0.00
2014.09.17 15:15:12.841,12.35867,12.36168,0.00,0.00
2014.09.17 15:15:13.031,12.3583,12.36168,0.00,0.00
2014.09.17 15:15:14.221,12.3583,12.36118,0.00,0.00
2014.09.17 15:15:16.041,12.35811,12.36118,0.00,0.00
2014.09.17 15:15:16.092,12.35841,12.36153,0.00,0.00
2014.09.17 15:15:16.142,12.3591,12.36179,0.00,0.00
2014.09.17 15:15:16.193,12.3591,12.36219,0.00,0.00
2014.09.17 15:15:17.048,12.35898,12.36219,0.00,0.00
2014.09.17 15:15:17.584,12.35909,12.36219,0.00,0.00
2014.09.17 15:15:18.783,12.35893,12.36219,0.00,0.00
2014.09.17 15:15:19.057,12.35911,12.36219,0.00,0.00
2014.09.17 15:15:19.861,12.35893,12.36219,0.00,0.00
2014.09.17 15:15:20.162,12.3591,12.36219,0.00,0.00
2014.09.17 15:15:21.366,12.35894,12.36219,0.00,0.00
2014.09.17 15:15:21.770,12.35883,12.36219,0.00,0.00
2014.09.17 15:15:22.472,12.3591,12.36219,0.00,0.00
2014.09.17 15:15:26.789,12.35898,12.36219,0.00,0.00
2014.09.17 15:15:26.893,12.3591,12.36219,0.00,0.00
2014.09.17 15:15:27.819,12.3589,12.36219,0.00,0.00
2014.09.17 15:15:28.583,12.3591,12.36219,0.00,0.00
2014.09.17 15:15:30.724,12.3591,12.36254,0.00,0.00
2014.09.17 15:15:30.825,12.35986,12.36269,0.00,0.00
2014.09.17 15:15:31.026,12.35971,12.36269,0.00,0.00
2014.09.17 15:15:31.127,12.35961,12.36269,0.00,0.00
2014.09.17 15:15:31.227,12.35985,12.36269,0.00,0.00
2014.09.17 15:15:32.150,12.35985,12.36319,0.00,0.00
2014.09.17 15:15:32.311,12.35971,12.36309,0.00,0.00
2014.09.17 15:15:32.491,12.35971,12.36298,0.00,0.00
2014.09.17 15:15:32.621,12.35962,12.36298,0.00,0.00
2014.09.17 15:15:32.721,12.35962,12.36266,0.00,0.00
2014.09.17 15:15:32.826,12.35902,12.36219,0.00,0.00
2014.09.17 15:15:32.931,12.35887,12.36219,0.00,0.00
2014.09.17 15:15:33.339,12.35901,12.36219,0.00,0.00
2014.09.17 15:15:33.442,12.35885,12.36219,0.00,0.00
2014.09.17 15:15:33.493,12.359,12.36219,0.00,0.00
2014.09.17 15:15:33.593,12.35882,12.36219,0.00,0.00
2014.09.17 15:15:33.894,12.35896,12.36219,0.00,0.00
2014.09.17 15:15:34.293,12.3591,12.36219,0.00,0.00
2014.09.17 15:15:34.623,12.35898,12.36219,0.00,0.00
2014.09.17 15:15:34.724,12.35888,12.36219,0.00,0.00
2014.09.17 15:15:34.895,12.35872,12.36214,0.00,0.00
2014.09.17 15:15:34.996,12.35906,12.36219,0.00,0.00
2014.09.17 15:15:35.047,12.35906,12.36248,0.00,0.00
2014.09.17 15:15:35.097,12.35971,12.36268,0.00,0.00
2014.09.17 15:15:35.396,12.35962,12.36268,0.00,0.00
2014.09.17 15:15:35.697,12.35968,12.36268,0.00,0.00
2014.09.17 15:15:36.062,12.35972,12.36268,0.00,0.00
2014.09.17 15:15:36.367,12.35846,12.36119,0.00,0.00
2014.09.17 15:15:36.418,12.35821,12.36119,0.00,0.00
2014.09.17 15:15:36.569,12.35802,12.36119,0.00,0.00
2014.09.17 15:15:36.707,12.35819,12.36119,0.00,0.00
2014.09.17 15:15:36.800,12.35802,12.36119,0.00,0.00
2014.09.17 15:15:37.250,12.35822,12.36119,0.00,0.00
2014.09.17 15:15:37.592,12.35885,12.36178,0.00,0.00
2014.09.17 15:15:37.643,12.35909,12.36218,0.00,0.00
2014.09.17 15:15:37.903,12.35893,12.36218,0.00,0.00
2014.09.17 15:15:38.103,12.35875,12.36218,0.00,0.00
2014.09.17 15:15:39.149,12.35906,12.36218,0.00,0.00
2014.09.17 15:15:39.506,12.35893,12.36218,0.00,0.00
2014.09.17 15:15:39.607,12.35908,12.36218,0.00,0.00
2014.09.17 15:15:39.709,12.35893,12.36218,0.00,0.00
2014.09.17 15:15:39.807,12.35876,12.36218,0.00,0.00
2014.09.17 15:15:41.021,12.35901,12.36218,0.00,0.00
2014.09.17 15:15:41.551,12.35879,12.36218,0.00,0.00
2014.09.17 15:15:42.412,12.3591,12.36218,0.00,0.00
2014.09.17 15:15:43.014,12.35915,12.36218,0.00,0.00
2014.09.17 15:15:43.315,12.35887,12.36218,0.00,0.00
2014.09.17 15:15:43.816,12.35903,12.36218,0.00,0.00
2014.09.17 15:15:44.117,12.35886,12.36218,0.00,0.00
2014.09.17 15:15:44.517,12.35899,12.36218,0.00,0.00
2014.09.17 15:15:44.618,12.35882,12.36218,0.00,0.00
2014.09.17 15:15:45.319,12.35899,12.36218,0.00,0.00
2014.09.17 15:15:45.744,12.35911,12.36218,0.00,0.00
2014.09.17 15:15:45.847,12.35898,12.36218,0.00,0.00
2014.09.17 15:15:45.952,12.35884,12.36218,0.00,0.00
2014.09.17 15:15:47.022,12.3591,12.36218,0.00,0.00
2014.09.17 15:15:47.123,12.35882,12.36218,0.00,0.00
2014.09.17 15:15:47.824,12.35898,12.36218,0.00,0.00
2014.09.17 15:15:50.369,12.3591,12.36218,0.00,0.00
2014.09.17 15:15:51.732,12.35898,12.36218,0.00,0.00
2014.09.17 15:15:51.931,12.35911,12.36218,0.00,0.00
2014.09.17 15:15:52.168,12.35899,12.36218,0.00,0.00
2014.09.17 15:15:52.231,12.35883,12.36218,0.00,0.00
2014.09.17 15:15:53.175,12.3591,12.36218,0.00,0.00
2014.09.17 15:15:53.735,12.35886,12.36218,0.00,0.00
2014.09.17 15:15:53.836,12.35911,12.36218,0.00,0.00
2014.09.17 15:15:54.151,12.35886,12.36218,0.00,0.00
2014.09.17 15:15:54.762,12.35882,12.36218,0.00,0.00
2014.09.17 15:15:55.684,12.35879,12.36218,0.00,0.00
2014.09.17 15:15:56.740,12.35909,12.36218,0.00,0.00
2014.09.17 15:15:57.543,12.35886,12.36218,0.00,0.00
2014.09.17 15:15:57.785,12.35905,12.36218,0.00,0.00
2014.09.17 15:16:03.282,12.35905,12.36247,0.00,0.00
2014.09.17 15:16:03.333,12.35949,12.36247,0.00,0.00
2014.09.17 15:16:03.675,12.35985,12.36268,0.00,0.00
2014.09.17 15:16:04.104,12.36045,12.36378,0.00,0.00
2014.09.17 15:16:04.154,12.36062,12.36388,0.00,0.00
2014.09.17 15:16:04.502,12.36099,12.36388,0.00,0.00
2014.09.17 15:16:04.808,12.36105,12.36388,0.00,0.00
2014.09.17 15:16:04.859,12.36077,12.36388,0.00,0.00
2014.09.17 15:16:04.960,12.36092,12.36388,0.00,0.00
2014.09.17 15:16:05.373,12.36092,12.3642,0.00,0.00
2014.09.17 15:16:06.033,12.36092,12.36421,0.00,0.00
2014.09.17 15:16:06.084,12.36062,12.36399,0.00,0.00
2014.09.17 15:16:06.185,12.3607,12.36414,0.00,0.00
2014.09.17 15:16:06.489,12.36098,12.36438,0.00,0.00
2014.09.17 15:16:06.899,12.3607,12.36414,0.00,0.00
2014.09.17 15:16:07.163,12.36096,12.36438,0.00,0.00
2014.09.17 15:16:07.683,12.3608,12.36424,0.00,0.00
2014.09.17 15:16:08.012,12.36062,12.36398,0.00,0.00
2014.09.17 15:16:08.265,12.36082,12.3642,0.00,0.00
2014.09.17 15:16:09.003,12.36069,12.36411,0.00,0.00
2014.09.17 15:16:09.467,12.36086,12.36421,0.00,0.00
2014.09.17 15:16:09.568,12.36072,12.36414,0.00,0.00
2014.09.17 15:16:09.776,12.36088,12.36421,0.00,0.00
2014.09.17 15:16:09.879,12.36068,12.36412,0.00,0.00
2014.09.17 15:16:10.086,12.3609,12.3642,0.00,0.00
2014.09.17 15:16:10.762,12.3609,12.36421,0.00,0.00
2014.09.17 15:16:10.812,12.3607,12.36412,0.00,0.00
2014.09.17 15:16:11.173,12.36086,12.36421,0.00,0.00
2014.09.17 15:16:11.373,12.36063,12.36407,0.00,0.00
2014.09.17 15:16:11.474,12.36079,12.36421,0.00,0.00
2014.09.17 15:16:11.974,12.36091,12.36421,0.00,0.00
2014.09.17 15:16:12.584,12.36091,12.3642,0.00,0.00
2014.09.17 15:16:13.893,12.36091,12.36421,0.00,0.00
2014.09.17 15:16:15.837,12.36091,12.3642,0.00,0.00
2014.09.17 15:16:16.453,12.3619,12.36433,0.00,0.00
2014.09.17 15:16:16.604,12.36301,12.36578,0.00,0.00
2014.09.17 15:16:16.709,12.36301,12.36636,0.00,0.00
2014.09.17 15:16:16.917,12.36301,12.36608,0.00,0.00
2014.09.17 15:16:17.121,12.36301,12.36639,0.00,0.00
2014.09.17 15:16:17.391,12.36301,12.36614,0.00,0.00
2014.09.17 15:16:17.785,12.36301,12.36639,0.00,0.00
2014.09.17 15:16:18.085,12.36301,12.36627,0.00,0.00
2014.09.17 15:16:18.386,12.36301,12.36639,0.00,0.00
2014.09.17 15:16:18.687,12.36301,12.36614,0.00,0.00
2014.09.17 15:16:18.888,12.36301,12.36639,0.00,0.00
2014.09.17 15:16:18.989,12.36301,12.36627,0.00,0.00
2014.09.17 15:16:19.190,12.36301,12.36639,0.00,0.00
2014.09.17 15:16:20.199,12.36301,12.36614,0.00,0.00
2014.09.17 15:16:21.150,12.3627,12.36559,0.00,0.00
2014.09.17 15:16:21.301,12.36262,12.36559,0.00,0.00
2014.09.17 15:16:21.452,12.36256,12.36559,0.00,0.00
2014.09.17 15:16:21.636,12.36234,12.36559,0.00,0.00
2014.09.17 15:16:21.739,12.36221,12.36559,0.00,0.00
2014.09.17 15:16:22.094,12.36249,12.36559,0.00,0.00
2014.09.17 15:16:22.295,12.36221,12.36554,0.00,0.00
2014.09.17 15:16:22.396,12.36221,12.36522,0.00,0.00
2014.09.17 15:16:22.446,12.36201,12.36522,0.00,0.00
2014.09.17 15:16:22.696,12.36201,12.36536,0.00,0.00
2014.09.17 15:16:22.797,12.36201,12.36539,0.00,0.00
2014.09.17 15:16:22.898,12.3621,12.36552,0.00,0.00
2014.09.17 15:16:23.698,12.36227,12.36559,0.00,0.00
2014.09.17 15:16:23.798,12.3621,12.36554,0.00,0.00
2014.09.17 15:16:24.099,12.36201,12.36523,0.00,0.00
2014.09.17 15:16:25.905,12.36201,12.36535,0.00,0.00
2014.09.17 15:16:26.253,12.36201,12.36518,0.00,0.00
2014.09.17 15:16:26.628,12.36201,12.36545,0.00,0.00
2014.09.17 15:16:28.924,12.36224,12.36559,0.00,0.00
2014.09.17 15:16:29.025,12.36272,12.36609,0.00,0.00
2014.09.17 15:16:29.176,12.36289,12.36609,0.00,0.00
2014.09.17 15:16:30.031,12.36271,12.36609,0.00,0.00
2014.09.17 15:16:30.137,12.36271,12.36538,0.00,0.00
2014.09.17 15:16:30.238,12.36262,12.36538,0.00,0.00
2014.09.17 15:16:30.288,12.36262,12.36514,0.00,0.00
2014.09.17 15:16:30.339,12.36201,12.36514,0.00,0.00
2014.09.17 15:16:30.475,12.36201,12.3653,0.00,0.00
2014.09.17 15:16:30.576,12.36201,12.36514,0.00,0.00
2014.09.17 15:16:31.656,12.36201,12.36525,0.00,0.00
2014.09.17 15:16:31.857,12.36201,12.36514,0.00,0.00
2014.09.17 15:16:32.998,12.36201,12.36478,0.00,0.00
2014.09.17 15:16:33.049,12.36171,12.36478,0.00,0.00
2014.09.17 15:16:33.099,12.36171,12.36442,0.00,0.00
2014.09.17 15:16:33.200,12.36151,12.36442,0.00,0.00
2014.09.17 15:16:33.301,12.36151,12.36416,0.00,0.00
2014.09.17 15:16:33.402,12.36151,12.36441,0.00,0.00
2014.09.17 15:16:33.503,12.36151,12.36378,0.00,0.00
2014.09.17 15:16:33.553,12.36071,12.36359,0.00,0.00
2014.09.17 15:16:33.604,12.36071,12.36351,0.00,0.00
2014.09.17 15:16:33.654,12.36007,12.36351,0.00,0.00
2014.09.17 15:16:33.705,12.36027,12.36359,0.00,0.00
2014.09.17 15:16:33.806,12.36009,12.36351,0.00,0.00
2014.09.17 15:16:36.349,12.36052,12.36351,0.00,0.00
2014.09.17 15:16:36.399,12.36052,12.36363,0.00,0.00
2014.09.17 15:16:36.619,12.36052,12.36349,0.00,0.00
2014.09.17 15:16:37.619,12.36005,12.36349,0.00,0.00
2014.09.17 15:16:42.087,12.36002,12.36337,0.00,0.00
2014.09.17 15:16:42.288,12.36005,12.36349,0.00,0.00
2014.09.17 15:16:43.098,12.36021,12.36358,0.00,0.00
2014.09.17 15:16:43.630,12.36051,12.36379,0.00,0.00
2014.09.17 15:16:45.209,12.36101,12.36379,0.00,0.00
2014.09.17 15:16:45.310,12.36101,12.36408,0.00,0.00
2014.09.17 15:16:45.411,12.36106,12.36448,0.00,0.00
2014.09.17 15:16:45.595,12.36101,12.36435,0.00,0.00
2014.09.17 15:16:45.696,12.3611,12.36449,0.00,0.00
2014.09.17 15:16:45.927,12.36101,12.36437,0.00,0.00
2014.09.17 15:16:46.028,12.3611,12.36449,0.00,0.00
2014.09.17 15:16:46.239,12.36101,12.36435,0.00,0.00
2014.09.17 15:16:46.931,12.36101,12.36436,0.00,0.00
2014.09.17 15:16:47.000,12.36111,12.36449,0.00,0.00
2014.09.17 15:16:47.101,12.36101,12.36434,0.00,0.00
2014.09.17 15:16:47.312,12.36111,12.36449,0.00,0.00
2014.09.17 15:16:48.909,12.36101,12.36433,0.00,0.00
2014.09.17 15:16:50.039,12.36105,12.36447,0.00,0.00
2014.09.17 15:16:50.450,12.36101,12.36426,0.00,0.00
2014.09.17 15:16:51.148,12.3611,12.36449,0.00,0.00
2014.09.17 15:16:51.272,12.36101,12.3643,0.00,0.00
2014.09.17 15:16:51.379,12.36108,12.36449,0.00,0.00
2014.09.17 15:16:51.483,12.36111,12.36449,0.00,0.00
2014.09.17 15:16:53.748,12.36104,12.36446,0.00,0.00
2014.09.17 15:16:54.779,12.36101,12.36427,0.00,0.00
2014.09.17 15:16:54.880,12.36101,12.36444,0.00,0.00
2014.09.17 15:16:55.990,12.361,12.36409,0.00,0.00
2014.09.17 15:16:56.058,12.36081,12.36409,0.00,0.00
2014.09.17 15:16:56.109,12.36081,12.36369,0.00,0.00
2014.09.17 15:16:56.159,12.36051,12.36367,0.00,0.00
2014.09.17 15:16:56.261,12.36051,12.36344,0.00,0.00
2014.09.17 15:16:56.666,12.36051,12.36332,0.00,0.00
2014.09.17 15:16:56.884,12.36051,12.36346,0.00,0.00
2014.09.17 15:16:56.985,12.35986,12.36258,0.00,0.00
2014.09.17 15:16:57.085,12.35971,12.36258,0.00,0.00
2014.09.17 15:16:57.136,12.3592,12.36258,0.00,0.00
2014.09.17 15:16:57.493,12.35903,12.36245,0.00,0.00
2014.09.17 15:16:57.544,12.35903,12.36171,0.00,0.00
2014.09.17 15:16:57.645,12.35835,12.36159,0.00,0.00
2014.09.17 15:16:57.778,12.3581,12.36154,0.00,0.00
2014.09.17 15:17:07.036,12.35885,12.36159,0.00,0.00
2014.09.17 15:17:07.087,12.35885,12.36178,0.00,0.00
2014.09.17 15:17:07.188,12.3591,12.36208,0.00,0.00
2014.09.17 15:17:08.369,12.3591,12.36249,0.00,0.00
2014.09.17 15:17:09.071,12.36001,12.36249,0.00,0.00
2014.09.17 15:17:09.121,12.36001,12.36329,0.00,0.00
2014.09.17 15:17:09.172,12.3601,12.36349,0.00,0.00
2014.09.17 15:17:11.097,12.36001,12.3634,0.00,0.00
2014.09.17 15:17:11.685,12.36011,12.36349,0.00,0.00
2014.09.17 15:17:14.868,12.36001,12.36338,0.00,0.00
2014.09.17 15:17:15.187,12.35963,12.36305,0.00,0.00
2014.09.17 15:17:15.288,12.35951,12.36288,0.00,0.00
2014.09.17 15:17:15.771,12.3597,12.36309,0.00,0.00
2014.09.17 15:17:16.837,12.3597,12.36258,0.00,0.00
2014.09.17 15:17:17.296,12.3601,12.36258,0.00,0.00
2014.09.17 15:17:17.607,12.3601,12.36348,0.00,0.00
2014.09.17 15:17:18.551,12.36001,12.3634,0.00,0.00
2014.09.17 15:17:18.998,12.3601,12.36348,0.00,0.00
2014.09.17 15:17:22.106,12.36001,12.36339,0.00,0.00
2014.09.17 15:17:22.710,12.36008,12.36348,0.00,0.00
2014.09.17 15:17:23.011,12.36001,12.3634,0.00,0.00
2014.09.17 15:17:23.826,12.36008,12.36348,0.00,0.00
2014.09.17 15:17:26.519,12.36001,12.36341,0.00,0.00
2014.09.17 15:17:26.828,12.36108,12.36439,0.00,0.00
2014.09.17 15:17:28.157,12.36101,12.36416,0.00,0.00
2014.09.17 15:17:28.258,12.36101,12.3643,0.00,0.00
2014.09.17 15:17:28.324,12.36108,12.36439,0.00,0.00
2014.09.17 15:17:29.025,12.36101,12.3643,0.00,0.00
2014.09.17 15:17:30.541,12.36108,12.36439,0.00,0.00
2014.09.17 15:17:35.858,12.36101,12.36431,0.00,0.00
2014.09.17 15:17:38.868,12.36101,12.36439,0.00,0.00
2014.09.17 15:17:39.271,12.36101,12.3642,0.00,0.00
2014.09.17 15:17:39.420,12.36101,12.36429,0.00,0.00
2014.09.17 15:17:39.521,12.36102,12.36439,0.00,0.00
2014.09.17 15:17:39.795,12.36101,12.36413,0.00,0.00
2014.09.17 15:17:40.674,12.36104,12.36439,0.00,0.00
2014.09.17 15:17:40.725,12.36104,12.36418,0.00,0.00
2014.09.17 15:17:45.206,12.36074,12.36418,0.00,0.00
2014.09.17 15:17:46.335,12.36103,12.36418,0.00,0.00
2014.09.17 15:17:48.097,12.36087,12.36418,0.00,0.00
2014.09.17 15:17:48.598,12.36103,12.36418,0.00,0.00
2014.09.17 15:17:49.201,12.36071,12.36415,0.00,0.00
2014.09.17 15:17:49.501,12.36062,12.36375,0.00,0.00
2014.09.17 15:17:49.945,12.36061,12.36369,0.00,0.00
2014.09.17 15:17:50.215,12.36031,12.36369,0.00,0.00
2014.09.17 15:17:52.037,12.36031,12.36319,0.00,0.00
2014.09.17 15:17:52.107,12.36021,12.36319,0.00,0.00
2014.09.17 15:17:52.231,12.36009,12.36319,0.00,0.00
2014.09.17 15:17:52.436,12.36023,12.36319,0.00,0.00
2014.09.17 15:17:52.806,12.36108,12.36419,0.00,0.00
2014.09.17 15:17:52.911,12.36104,12.36419,0.00,0.00
2014.09.17 15:17:54.068,12.36104,12.36408,0.00,0.00
2014.09.17 15:17:54.118,12.36064,12.36406,0.00,0.00
2014.09.17 15:17:54.169,12.36064,12.36369,0.00,0.00
2014.09.17 15:17:54.471,12.36109,12.36369,0.00,0.00
2014.09.17 15:17:55.557,12.36109,12.36418,0.00,0.00
2014.09.17 15:17:56.225,12.36086,12.36418,0.00,0.00
2014.09.17 15:17:56.326,12.36109,12.36418,0.00,0.00
2014.09.17 15:17:56.663,12.36085,12.36418,0.00,0.00
2014.09.17 15:17:57.131,12.36108,12.36418,0.00,0.00
2014.09.17 15:17:57.231,12.36082,12.36418,0.00,0.00
2014.09.17 15:17:57.673,12.36094,12.36418,0.00,0.00
2014.09.17 15:17:58.970,12.36094,12.36319,0.00,0.00
2014.09.17 15:17:59.071,12.36059,12.36319,0.00,0.00
2014.09.17 15:17:59.172,12.36022,12.36319,0.00,0.00
2014.09.17 15:18:00.237,12.3601,12.36319,0.00,0.00
2014.09.17 15:18:00.347,12.36024,12.36319,0.00,0.00
2014.09.17 15:18:01.149,12.36048,12.36319,0.00,0.00
2014.09.17 15:18:01.300,12.36083,12.36379,0.00,0.00
2014.09.17 15:18:01.400,12.36108,12.36419,0.00,0.00
2014.09.17 15:18:02.150,12.36079,12.36419,0.00,0.00
2014.09.17 15:18:02.451,12.36108,12.36419,0.00,0.00
2014.09.17 15:18:03.253,12.36097,12.36419,0.00,0.00
2014.09.17 15:18:03.355,12.36109,12.36419,0.00,0.00
2014.09.17 15:18:23.821,12.36183,12.36419,0.00,0.00
2014.09.17 15:18:23.871,12.36183,12.36468,0.00,0.00
2014.09.17 15:18:24.073,12.36209,12.36468,0.00,0.00
2014.09.17 15:18:24.816,12.36209,12.36539,0.00,0.00
2014.09.17 15:18:25.019,12.36209,12.36521,0.00,0.00
2014.09.17 15:18:25.069,12.36193,12.36521,0.00,0.00
2014.09.17 15:18:25.170,12.36208,12.36521,0.00,0.00
2014.09.17 15:18:25.221,12.36208,12.36539,0.00,0.00
2014.09.17 15:18:25.844,12.36171,12.36515,0.00,0.00
2014.09.17 15:18:26.130,12.36203,12.36539,0.00,0.00
2014.09.17 15:18:27.064,12.36186,12.3653,0.00,0.00
2014.09.17 15:18:27.555,12.36203,12.36539,0.00,0.00
2014.09.17 15:18:27.939,12.36209,12.36539,0.00,0.00
2014.09.17 15:18:28.040,12.36175,12.36519,0.00,0.00
2014.09.17 15:18:29.237,12.36207,12.36539,0.00,0.00
2014.09.17 15:18:29.971,12.36176,12.36518,0.00,0.00
2014.09.17 15:18:32.442,12.36189,12.36531,0.00,0.00
2014.09.17 15:18:33.044,12.36173,12.36515,0.00,0.00
2014.09.17 15:18:33.730,12.36173,12.36439,0.00,0.00
2014.09.17 15:18:33.781,12.36161,12.36439,0.00,0.00
2014.09.17 15:18:33.932,12.36098,12.36439,0.00,0.00
2014.09.17 15:18:33.983,12.36083,12.36427,0.00,0.00
2014.09.17 15:18:34.166,12.3607,12.36414,0.00,0.00
2014.09.17 15:18:34.590,12.36108,12.36439,0.00,0.00
2014.09.17 15:18:36.151,12.36097,12.36439,0.00,0.00
2014.09.17 15:18:36.252,12.36108,12.36439,0.00,0.00
2014.09.17 15:18:36.953,12.36083,12.36427,0.00,0.00
2014.09.17 15:18:37.758,12.36084,12.36426,0.00,0.00
2014.09.17 15:18:38.155,12.361,12.36439,0.00,0.00
2014.09.17 15:18:38.455,12.36084,12.36426,0.00,0.00
2014.09.17 15:18:38.756,12.36099,12.36439,0.00,0.00
2014.09.17 15:18:39.079,12.36084,12.36426,0.00,0.00
2014.09.17 15:18:39.757,12.36108,12.36439,0.00,0.00
2014.09.17 15:18:40.200,12.36098,12.36439,0.00,0.00
2014.09.17 15:18:40.259,12.36082,12.36424,0.00,0.00
2014.09.17 15:18:41.662,12.36108,12.36439,0.00,0.00
2014.09.17 15:18:41.962,12.36082,12.36426,0.00,0.00
2014.09.17 15:18:42.063,12.36061,12.36389,0.00,0.00
2014.09.17 15:18:42.164,12.36058,12.36389,0.00,0.00
2014.09.17 15:18:42.463,12.36074,12.36389,0.00,0.00
2014.09.17 15:18:42.564,12.36059,12.36389,0.00,0.00
2014.09.17 15:18:42.977,12.36021,12.36259,0.00,0.00
2014.09.17 15:18:43.027,12.36,12.36259,0.00,0.00
2014.09.17 15:18:43.128,12.35917,12.36259,0.00,0.00
2014.09.17 15:18:43.477,12.35917,12.36239,0.00,0.00
2014.09.17 15:18:49.386,12.35882,12.36226,0.00,0.00
2014.09.17 15:18:49.436,12.35882,12.36189,0.00,0.00
2014.09.17 15:18:49.763,12.35908,12.36189,0.00,0.00
2014.09.17 15:18:49.814,12.35892,12.36189,0.00,0.00
2014.09.17 15:18:50.279,12.35908,12.36189,0.00,0.00
2014.09.17 15:18:50.517,12.35911,12.36252,0.00,0.00
2014.09.17 15:18:50.618,12.35969,12.36268,0.00,0.00
2014.09.17 15:18:50.825,12.35988,12.36289,0.00,0.00
2014.09.17 15:18:51.514,12.36003,12.36289,0.00,0.00
2014.09.17 15:18:51.946,12.36003,12.36339,0.00,0.00
2014.09.17 15:18:55.425,12.35984,12.36328,0.00,0.00
2014.09.17 15:18:55.526,12.36008,12.36339,0.00,0.00
2014.09.17 15:18:55.583,12.35986,12.36328,0.00,0.00
2014.09.17 15:18:55.783,12.36001,12.36339,0.00,0.00
2014.09.17 15:18:55.888,12.35985,12.36327,0.00,0.00
2014.09.17 15:18:59.288,12.36001,12.36339,0.00,0.00
2014.09.17 15:19:00.590,12.35982,12.36326,0.00,0.00
2014.09.17 15:19:00.708,12.35999,12.36339,0.00,0.00
2014.09.17 15:19:00.891,12.35981,12.36325,0.00,0.00
2014.09.17 15:19:01.698,12.35993,12.36335,0.00,0.00
2014.09.17 15:19:02.093,12.36008,12.36339,0.00,0.00
2014.09.17 15:19:04.098,12.35984,12.36328,0.00,0.00
2014.09.17 15:19:04.398,12.36,12.36339,0.00,0.00
2014.09.17 15:19:08.349,12.35983,12.36327,0.00,0.00
2014.09.17 15:19:09.807,12.36009,12.36339,0.00,0.00
2014.09.17 15:19:10.115,12.36106,12.36389,0.00,0.00
2014.09.17 15:19:10.612,12.36076,12.36389,0.00,0.00
2014.09.17 15:19:10.809,12.36094,12.36389,0.00,0.00
2014.09.17 15:19:11.195,12.36094,12.36436,0.00,0.00
2014.09.17 15:19:11.610,12.36109,12.36439,0.00,0.00
2014.09.17 15:19:11.912,12.36162,12.36439,0.00,0.00
2014.09.17 15:19:12.113,12.36133,12.36439,0.00,0.00
2014.09.17 15:19:12.214,12.36112,12.36436,0.00,0.00
2014.09.17 15:19:12.316,12.36112,12.36425,0.00,0.00
2014.09.17 15:19:12.425,12.36083,12.36425,0.00,0.00
2014.09.17 15:19:12.921,12.36096,12.36439,0.00,0.00
2014.09.17 15:19:13.550,12.36081,12.36423,0.00,0.00
2014.09.17 15:19:14.058,12.36096,12.36438,0.00,0.00
2014.09.17 15:19:14.816,12.36108,12.36439,0.00,0.00
2014.09.17 15:19:17.920,12.36092,12.36436,0.00,0.00
2014.09.17 15:19:19.455,12.36107,12.36439,0.00,0.00
2014.09.17 15:19:21.455,12.36091,12.36435,0.00,0.00
2014.09.17 15:19:25.631,12.36077,12.36419,0.00,0.00
2014.09.17 15:19:26.072,12.36091,12.36435,0.00,0.00
2014.09.17 15:19:26.934,12.36074,12.36418,0.00,0.00
2014.09.17 15:19:27.408,12.3609,12.36434,0.00,0.00
2014.09.17 15:19:28.685,12.36111,12.36434,0.00,0.00
2014.09.17 15:19:28.988,12.36193,12.36489,0.00,0.00
2014.09.17 15:19:29.239,12.36179,12.36489,0.00,0.00
2014.09.17 15:19:29.948,12.36162,12.36489,0.00,0.00
2014.09.17 15:19:30.710,12.36162,12.3649,0.00,0.00
2014.09.17 15:19:31.090,12.36161,12.36505,0.00,0.00
2014.09.17 15:19:31.143,12.36161,12.36484,0.00,0.00
2014.09.17 15:19:31.546,12.36161,12.36438,0.00,0.00
2014.09.17 15:19:31.725,12.3614,12.36438,0.00,0.00
2014.09.17 15:19:31.785,12.36162,12.36438,0.00,0.00
2014.09.17 15:19:32.248,12.3617,12.36438,0.00,0.00
2014.09.17 15:19:32.314,12.3617,12.36514,0.00,0.00
2014.09.17 15:19:33.949,12.36161,12.36482,0.00,0.00
2014.09.17 15:19:34.100,12.36111,12.36435,0.00,0.00
2014.09.17 15:19:34.151,12.36111,12.36422,0.00,0.00
2014.09.17 15:19:34.550,12.36111,12.36452,0.00,0.00
2014.09.17 15:19:34.751,12.36111,12.36421,0.00,0.00
2014.09.17 15:19:35.285,12.36079,12.36421,0.00,0.00
2014.09.17 15:19:35.452,12.36094,12.36436,0.00,0.00
2014.09.17 15:19:35.553,12.36077,12.36421,0.00,0.00
2014.09.17 15:19:36.053,12.36093,12.36437,0.00,0.00
2014.09.17 15:19:36.367,12.36078,12.3642,0.00,0.00
2014.09.17 15:19:37.485,12.36108,12.36439,0.00,0.00
2014.09.17 15:19:38.909,12.36095,12.36437,0.00,0.00
2014.09.17 15:19:40.005,12.36073,12.36417,0.00,0.00
2014.09.17 15:19:41.192,12.36092,12.36436,0.00,0.00
2014.09.17 15:19:41.581,12.36081,12.36425,0.00,0.00
2014.09.17 15:19:41.905,12.36071,12.36412,0.00,0.00
2014.09.17 15:19:42.214,12.36081,12.36423,0.00,0.00
2014.09.17 15:19:43.687,12.36071,12.36412,0.00,0.00
2014.09.17 15:19:44.039,12.36069,12.36411,0.00,0.00
2014.09.17 15:19:44.189,12.36088,12.36432,0.00,0.00
2014.09.17 15:19:44.690,12.36068,12.36412,0.00,0.00
2014.09.17 15:19:45.239,12.36096,12.36438,0.00,0.00
2014.09.17 15:19:46.495,12.36068,12.36412,0.00,0.00
2014.09.17 15:19:47.600,12.361,12.36439,0.00,0.00
2014.09.17 15:19:47.702,12.36084,12.36428,0.00,0.00
2014.09.17 15:19:47.806,12.36069,12.36411,0.00,0.00
2014.09.17 15:19:48.209,12.36011,12.3633,0.00,0.00
2014.09.17 15:19:49.255,12.35986,12.3633,0.00,0.00
2014.09.17 15:19:49.307,12.36,12.36339,0.00,0.00
2014.09.17 15:19:50.716,12.35985,12.36327,0.00,0.00
2014.09.17 15:19:51.320,12.36,12.36339,0.00,0.00
2014.09.17 15:19:51.665,12.35911,12.36242,0.00,0.00
2014.09.17 15:19:52.000,12.36009,12.36289,0.00,0.00
2014.09.17 15:19:52.124,12.35983,12.36289,0.00,0.00
2014.09.17 15:19:52.774,12.35983,12.36325,0.00,0.00
2014.09.17 15:19:53.328,12.36008,12.36338,0.00,0.00
2014.09.17 15:19:54.031,12.35983,12.36325,0.00,0.00
2014.09.17 15:19:54.757,12.35998,12.36338,0.00,0.00
2014.09.17 15:19:58.874,12.35983,12.36327,0.00,0.00
2014.09.17 15:19:59.864,12.36006,12.36338,0.00,0.00
2014.09.17 15:20:00.357,12.35995,12.36337,0.00,0.00
2014.09.17 15:20:00.407,12.35995,12.36288,0.00,0.00
2014.09.17 15:20:00.458,12.35961,12.3627,0.00,0.00
2014.09.17 15:20:00.559,12.35934,12.36276,0.00,0.00
2014.09.17 15:20:00.609,12.35941,12.36276,0.00,0.00
2014.09.17 15:20:00.710,12.35912,12.36252,0.00,0.00
2014.09.17 15:20:01.551,12.35939,12.36252,0.00,0.00
2014.09.17 15:20:01.601,12.35961,12.36276,0.00,0.00
2014.09.17 15:20:01.704,12.35964,12.36288,0.00,0.00
2014.09.17 15:20:01.805,12.35993,12.36328,0.00,0.00
2014.09.17 15:20:01.886,12.36009,12.36338,0.00,0.00
2014.09.17 15:20:02.165,12.35996,12.36338,0.00,0.00
2014.09.17 15:20:02.365,12.36008,12.36338,0.00,0.00
2014.09.17 15:20:04.570,12.35996,12.36338,0.00,0.00
2014.09.17 15:20:05.205,12.36012,12.3634,0.00,0.00
2014.09.17 15:20:05.632,12.36108,12.36388,0.00,0.00
2014.09.17 15:20:05.973,12.36095,12.36388,0.00,0.00
2014.09.17 15:20:06.089,12.36102,12.36439,0.00,0.00
2014.09.17 15:20:06.787,12.36102,12.36423,0.00,0.00
2014.09.17 15:20:07.817,12.36102,12.36438,0.00,0.00
2014.09.17 15:20:08.878,12.36102,12.36423,0.00,0.00
2014.09.17 15:20:09.390,12.36108,12.36452,0.00,0.00
2014.09.17 15:20:10.181,12.36102,12.3642,0.00,0.00
2014.09.17 15:20:11.184,12.36109,12.36451,0.00,0.00
2014.09.17 15:20:12.088,12.36102,12.3642,0.00,0.00
2014.09.17 15:20:12.406,12.36202,12.36527,0.00,0.00
2014.09.17 15:20:12.507,12.36202,12.36546,0.00,0.00
2014.09.17 15:20:13.196,12.36202,12.36535,0.00,0.00
2014.09.17 15:20:13.403,12.36206,12.36548,0.00,0.00
2014.09.17 15:20:13.600,12.36202,12.36519,0.00,0.00
2014.09.17 15:20:13.804,12.36206,12.36548,0.00,0.00
2014.09.17 15:20:14.009,12.36202,12.36518,0.00,0.00
2014.09.17 15:20:14.507,12.36202,12.36531,0.00,0.00
2014.09.17 15:20:17.210,12.36202,12.36512,0.00,0.00
2014.09.17 15:20:18.415,12.36202,12.36536,0.00,0.00
2014.09.17 15:20:19.635,12.36202,12.3652,0.00,0.00
2014.09.17 15:20:21.521,12.36202,12.36539,0.00,0.00
2014.09.17 15:20:21.716,12.36301,12.36539,0.00,0.00
2014.09.17 15:20:21.768,12.36301,12.36548,0.00,0.00
2014.09.17 15:20:21.819,12.36301,12.36563,0.00,0.00
2014.09.17 15:20:21.921,12.36301,12.36642,0.00,0.00
2014.09.17 15:20:22.222,12.36301,12.36626,0.00,0.00
2014.09.17 15:20:23.144,12.36284,12.36609,0.00,0.00
2014.09.17 15:20:23.472,12.36251,12.36537,0.00,0.00
2014.09.17 15:20:23.776,12.36251,12.36489,0.00,0.00
2014.09.17 15:20:23.826,12.36101,12.36439,0.00,0.00
2014.09.17 15:20:23.936,12.36101,12.36427,0.00,0.00
2014.09.17 15:20:24.953,12.36101,12.36439,0.00,0.00
2014.09.17 15:20:25.028,12.36109,12.36451,0.00,0.00
2014.09.17 15:20:25.372,12.36101,12.36424,0.00,0.00
2014.09.17 15:20:25.475,12.36108,12.36452,0.00,0.00
2014.09.17 15:20:25.943,12.36101,12.3644,0.00,0.00
2014.09.17 15:20:26.273,12.36101,12.36423,0.00,0.00
2014.09.17 15:20:26.934,12.36108,12.36452,0.00,0.00
2014.09.17 15:20:27.264,12.36101,12.36424,0.00,0.00
2014.09.17 15:20:27.632,12.36101,12.3644,0.00,0.00
2014.09.17 15:20:28.033,12.36109,12.36451,0.00,0.00
2014.09.17 15:20:28.734,12.36101,12.36439,0.00,0.00
2014.09.17 15:20:30.137,12.36109,12.36451,0.00,0.00
2014.09.17 15:20:30.938,12.36101,12.36426,0.00,0.00
2014.09.17 15:20:31.283,12.36109,12.36451,0.00,0.00
2014.09.17 15:20:31.940,12.36101,12.3644,0.00,0.00
2014.09.17 15:20:32.241,12.36108,12.36452,0.00,0.00
2014.09.17 15:20:32.741,12.36101,12.3644,0.00,0.00
2014.09.17 15:20:33.282,12.36101,12.36439,0.00,0.00
2014.09.17 15:20:34.048,12.36108,12.36452,0.00,0.00
2014.09.17 15:20:34.150,12.36152,12.36452,0.00,0.00
2014.09.17 15:20:34.301,12.36179,12.36508,0.00,0.00
2014.09.17 15:20:34.352,12.36203,12.36508,0.00,0.00
2014.09.17 15:20:34.659,12.36183,12.36508,0.00,0.00
2014.09.17 15:20:35.048,12.36199,12.36508,0.00,0.00
2014.09.17 15:20:35.283,12.36183,12.36508,0.00,0.00
2014.09.17 15:20:35.575,12.36202,12.36527,0.00,0.00
2014.09.17 15:20:35.680,12.36202,12.36546,0.00,0.00
2014.09.17 15:20:37.573,12.36202,12.36522,0.00,0.00
2014.09.17 15:20:37.877,12.36208,12.36552,0.00,0.00
2014.09.17 15:20:38.365,12.36202,12.36538,0.00,0.00
2014.09.17 15:20:38.764,12.36196,12.36509,0.00,0.00
2014.09.17 15:20:38.815,12.36178,12.36509,0.00,0.00
2014.09.17 15:20:38.916,12.3616,12.36504,0.00,0.00
2014.09.17 15:20:39.271,12.36172,12.36509,0.00,0.00
2014.09.17 15:20:39.418,12.36156,12.36498,0.00,0.00
2014.09.17 15:20:39.724,12.36167,12.36509,0.00,0.00
2014.09.17 15:20:40.130,12.36167,12.36458,0.00,0.00
2014.09.17 15:20:40.180,12.36151,12.36458,0.00,0.00
2014.09.17 15:20:40.281,12.36104,12.36448,0.00,0.00
2014.09.17 15:20:40.680,12.36122,12.36458,0.00,0.00
2014.09.17 15:20:41.183,12.36102,12.36444,0.00,0.00
2014.09.17 15:20:41.906,12.36106,12.36448,0.00,0.00
2014.09.17 15:20:42.447,12.36118,12.36458,0.00,0.00
2014.09.17 15:20:44.008,12.36102,12.36439,0.00,0.00
2014.09.17 15:20:47.921,12.36112,12.36456,0.00,0.00
2014.09.17 15:20:52.486,12.36102,12.36439,0.00,0.00
2014.09.17 15:20:53.859,12.36108,12.3645,0.00,0.00
2014.09.17 15:20:54.711,12.36102,12.36431,0.00,0.00
2014.09.17 15:20:55.763,12.36103,12.36447,0.00,0.00
2014.09.17 15:21:02.088,12.36102,12.36431,0.00,0.00
2014.09.17 15:21:02.600,12.36103,12.36445,0.00,0.00
2014.09.17 15:21:08.084,12.36118,12.36458,0.00,0.00
2014.09.17 15:21:09.889,12.36102,12.36443,0.00,0.00
2014.09.17 15:21:14.894,12.36119,12.36458,0.00,0.00
2014.09.17 15:21:17.200,12.36106,12.3645,0.00,0.00
2014.09.17 15:21:18.908,12.36122,12.36458,0.00,0.00
2014.09.17 15:21:19.510,12.36106,12.36448,0.00,0.00
2014.09.17 15:21:20.501,12.36106,12.36379,0.00,0.00
2014.09.17 15:21:20.551,12.36052,12.36357,0.00,0.00
2014.09.17 15:21:20.652,12.36052,12.36355,0.00,0.00
2014.09.17 15:21:20.704,12.36052,12.36375,0.00,0.00
2014.09.17 15:21:20.831,12.36052,12.36355,0.00,0.00
2014.09.17 15:21:21.143,12.36052,12.36381,0.00,0.00
2014.09.17 15:21:21.247,12.36053,12.36379,0.00,0.00
2014.09.17 15:21:21.553,12.36052,12.36381,0.00,0.00
2014.09.17 15:21:22.150,12.36052,12.36355,0.00,0.00
2014.09.17 15:21:23.315,12.36021,12.36355,0.00,0.00
2014.09.17 15:21:23.417,12.36021,12.36328,0.00,0.00
2014.09.17 15:21:23.467,12.36002,12.36328,0.00,0.00
2014.09.17 15:21:23.811,12.36002,12.36341,0.00,0.00
2014.09.17 15:21:23.911,12.36002,12.36323,0.00,0.00
2014.09.17 15:21:25.641,12.36008,12.3635,0.00,0.00
2014.09.17 15:21:26.163,12.36002,12.36325,0.00,0.00
2014.09.17 15:21:26.308,12.36007,12.36351,0.00,0.00
2014.09.17 15:21:26.503,12.36052,12.36351,0.00,0.00
2014.09.17 15:21:26.554,12.36052,12.36376,0.00,0.00
2014.09.17 15:21:26.654,12.36079,12.36408,0.00,0.00
2014.09.17 15:21:26.764,12.36097,12.36408,0.00,0.00
2014.09.17 15:21:27.824,12.36102,12.36441,0.00,0.00
2014.09.17 15:21:28.019,12.36102,12.36425,0.00,0.00
2014.09.17 15:21:28.520,12.36102,12.36441,0.00,0.00
2014.09.17 15:21:29.463,12.36102,12.36418,0.00,0.00
2014.09.17 15:21:29.565,12.36114,12.36458,0.00,0.00
2014.09.17 15:21:30.733,12.36102,12.36429,0.00,0.00
2014.09.17 15:21:31.954,12.36102,12.36417,0.00,0.00
2014.09.17 15:21:33.349,12.36102,12.3643,0.00,0.00
2014.09.17 15:21:34.163,12.36102,12.36414,0.00,0.00
2014.09.17 15:21:37.738,12.36102,12.36444,0.00,0.00
2014.09.17 15:21:38.442,12.36102,12.36428,0.00,0.00
2014.09.17 15:21:38.645,12.36102,12.36444,0.00,0.00
2014.09.17 15:21:38.851,12.36102,12.36417,0.00,0.00
2014.09.17 15:21:38.951,12.36102,12.36432,0.00,0.00
2014.09.17 15:21:42.668,12.36104,12.36448,0.00,0.00
2014.09.17 15:21:44.390,12.36102,12.36432,0.00,0.00
2014.09.17 15:21:47.454,12.36102,12.36417,0.00,0.00
2014.09.17 15:21:49.290,12.36102,12.36431,0.00,0.00
2014.09.17 15:21:50.210,12.36102,12.36417,0.00,0.00
2014.09.17 15:21:52.696,12.36103,12.36447,0.00,0.00
2014.09.17 15:21:54.269,12.36102,12.36431,0.00,0.00
2014.09.17 15:21:59.739,12.36161,12.36431,0.00,0.00
2014.09.17 15:21:59.792,12.36202,12.36489,0.00,0.00
2014.09.17 15:21:59.892,12.36202,12.36508,0.00,0.00
2014.09.17 15:22:00.010,12.36202,12.36529,0.00,0.00
2014.09.17 15:22:00.217,12.36202,12.3651,0.00,0.00
2014.09.17 15:22:00.979,12.36202,12.36526,0.00,0.00
2014.09.17 15:22:01.380,12.36202,12.3651,0.00,0.00
2014.09.17 15:22:01.580,12.36202,12.36527,0.00,0.00
2014.09.17 15:22:02.181,12.36202,12.36512,0.00,0.00
2014.09.17 15:22:03.062,12.36301,12.36512,0.00,0.00
2014.09.17 15:22:03.112,12.36301,12.36529,0.00,0.00
2014.09.17 15:22:03.213,12.36301,12.36632,0.00,0.00
2014.09.17 15:22:03.483,12.36305,12.36647,0.00,0.00
2014.09.17 15:22:03.584,12.3632,12.36659,0.00,0.00
2014.09.17 15:22:03.884,12.36304,12.36648,0.00,0.00
2014.09.17 15:22:03.984,12.3632,12.36659,0.00,0.00
2014.09.17 15:22:04.693,12.36301,12.3663,0.00,0.00
2014.09.17 15:22:04.844,12.36262,12.36599,0.00,0.00
2014.09.17 15:22:04.895,12.36262,12.36571,0.00,0.00
2014.09.17 15:22:04.945,12.36252,12.36571,0.00,0.00
2014.09.17 15:22:04.996,12.36252,12.36557,0.00,0.00
2014.09.17 15:22:05.308,12.36252,12.36543,0.00,0.00
2014.09.17 15:22:05.788,12.36252,12.36566,0.00,0.00
2014.09.17 15:22:06.133,12.36224,12.36558,0.00,0.00
2014.09.17 15:22:07.391,12.36208,12.36552,0.00,0.00
2014.09.17 15:22:07.491,12.36202,12.36535,0.00,0.00
2014.09.17 15:22:11.398,12.36204,12.36546,0.00,0.00
2014.09.17 15:22:11.733,12.36202,12.36527,0.00,0.00
2014.09.17 15:22:12.701,12.36208,12.3655,0.00,0.00
2014.09.17 15:22:13.803,12.36202,12.36536,0.00,0.00
2014.09.17 15:22:15.707,12.36207,12.36551,0.00,0.00
2014.09.17 15:22:17.355,12.36252,12.36551,0.00,0.00
2014.09.17 15:22:17.455,12.36263,12.3659,0.00,0.00
2014.09.17 15:22:17.506,12.36263,12.36605,0.00,0.00
2014.09.17 15:22:17.556,12.3629,12.36608,0.00,0.00
2014.09.17 15:22:17.712,12.36274,12.36608,0.00,0.00
2014.09.17 15:22:18.024,12.3629,12.36608,0.00,0.00
2014.09.17 15:22:18.212,12.3627,12.36608,0.00,0.00
2014.09.17 15:22:18.783,12.36301,12.3661,0.00,0.00
2014.09.17 15:22:21.719,12.36301,12.36627,0.00,0.00
2014.09.17 15:22:21.920,12.36301,12.36612,0.00,0.00
2014.09.17 15:22:24.825,12.36301,12.36628,0.00,0.00
2014.09.17 15:22:25.026,12.36301,12.36613,0.00,0.00
2014.09.17 15:22:26.128,12.36301,12.36628,0.00,0.00
2014.09.17 15:22:26.729,12.36301,12.36614,0.00,0.00
2014.09.17 15:22:27.874,12.36301,12.36629,0.00,0.00
2014.09.17 15:22:28.332,12.36301,12.36614,0.00,0.00
2014.09.17 15:22:28.938,12.36301,12.36627,0.00,0.00
2014.09.17 15:22:30.877,12.36301,12.36611,0.00,0.00
2014.09.17 15:22:31.742,12.36301,12.36629,0.00,0.00
2014.09.17 15:22:31.991,12.36301,12.36615,0.00,0.00
2014.09.17 15:22:32.645,12.36301,12.36631,0.00,0.00
2014.09.17 15:22:33.251,12.36301,12.36611,0.00,0.00
2014.09.17 15:22:34.256,12.36301,12.36614,0.00,0.00
2014.09.17 15:22:35.803,12.36301,12.3663,0.00,0.00
2014.09.17 15:22:35.905,12.36301,12.36613,0.00,0.00
2014.09.17 15:22:38.192,12.36262,12.36585,0.00,0.00
2014.09.17 15:22:38.297,12.36252,12.36585,0.00,0.00
2014.09.17 15:22:39.463,12.36302,12.36585,0.00,0.00
2014.09.17 15:22:39.513,12.36302,12.36615,0.00,0.00
2014.09.17 15:22:39.614,12.36302,12.36625,0.00,0.00
2014.09.17 15:22:41.105,12.36302,12.36612,0.00,0.00
2014.09.17 15:22:41.209,12.36302,12.36629,0.00,0.00
2014.09.17 15:22:42.280,12.36302,12.36611,0.00,0.00
2014.09.17 15:22:43.883,12.36302,12.3663,0.00,0.00
2014.09.17 15:22:44.483,12.36302,12.3661,0.00,0.00
2014.09.17 15:22:45.185,12.36302,12.3663,0.00,0.00
2014.09.17 15:22:45.593,12.36302,12.3661,0.00,0.00
2014.09.17 15:22:46.592,12.36302,12.3657,0.00,0.00
2014.09.17 15:22:46.643,12.36262,12.3657,0.00,0.00
2014.09.17 15:22:46.744,12.36252,12.36536,0.00,0.00
2014.09.17 15:22:47.196,12.36252,12.3651,0.00,0.00
2014.09.17 15:22:47.975,12.36202,12.3651,0.00,0.00
2014.09.17 15:22:48.515,12.36202,12.36527,0.00,0.00
2014.09.17 15:22:48.615,12.36202,12.36511,0.00,0.00
2014.09.17 15:22:48.916,12.36202,12.36476,0.00,0.00
2014.09.17 15:22:48.966,12.36161,12.36458,0.00,0.00
2014.09.17 15:22:49.017,12.36102,12.36436,0.00,0.00
2014.09.17 15:22:49.117,12.36102,12.36411,0.00,0.00
2014.09.17 15:22:50.420,12.36102,12.36427,0.00,0.00
2014.09.17 15:22:51.018,12.36085,12.36408,0.00,0.00
2014.09.17 15:22:51.069,12.36082,12.36408,0.00,0.00
2014.09.17 15:22:51.622,12.36094,12.36408,0.00,0.00
2014.09.17 15:22:51.734,12.36077,12.36408,0.00,0.00
2014.09.17 15:22:51.836,12.36095,12.36408,0.00,0.00
2014.09.17 15:22:52.143,12.36071,12.36408,0.00,0.00
2014.09.17 15:22:52.339,12.36102,12.36411,0.00,0.00
2014.09.17 15:22:52.525,12.36102,12.36417,0.00,0.00
2014.09.17 15:22:53.392,12.36102,12.3643,0.00,0.00
2014.09.17 15:22:53.443,12.36102,12.36415,0.00,0.00
2014.09.17 15:22:53.873,12.36102,12.36439,0.00,0.00
2014.09.17 15:22:53.976,12.36107,12.36451,0.00,0.00
2014.09.17 15:22:54.130,12.36102,12.36419,0.00,0.00
2014.09.17 15:22:54.330,12.36102,12.36434,0.00,0.00
2014.09.17 15:22:54.432,12.36102,12.36419,0.00,0.00
2014.09.17 15:22:54.832,12.36102,12.36433,0.00,0.00
2014.09.17 15:22:55.032,12.36106,12.36448,0.00,0.00
2014.09.17 15:22:55.133,12.36102,12.36433,0.00,0.00
2014.09.17 15:22:55.467,12.36102,12.36421,0.00,0.00
2014.09.17 15:22:55.834,12.36102,12.36437,0.00,0.00
2014.09.17 15:22:56.238,12.36102,12.36422,0.00,0.00
2014.09.17 15:22:56.957,12.36105,12.36449,0.00,0.00
2014.09.17 15:22:58.604,12.36102,12.36419,0.00,0.00
2014.09.17 15:22:59.160,12.36102,12.36434,0.00,0.00
2014.09.17 15:22:59.360,12.36105,12.36449,0.00,0.00
2014.09.17 15:22:59.599,12.36102,12.36433,0.00,0.00
2014.09.17 15:23:00.209,12.36102,12.36417,0.00,0.00
2014.09.17 15:23:00.464,12.36106,12.36448,0.00,0.00
2014.09.17 15:23:00.564,12.36102,12.36431,0.00,0.00
2014.09.17 15:23:00.665,12.36103,12.36447,0.00,0.00
2014.09.17 15:23:00.766,12.36102,12.36431,0.00,0.00
2014.09.17 15:23:02.697,12.36102,12.36418,0.00,0.00
2014.09.17 15:23:04.584,12.36106,12.36448,0.00,0.00
2014.09.17 15:23:04.772,12.36102,12.36434,0.00,0.00
2014.09.17 15:23:04.973,12.36105,12.36449,0.00,0.00
2014.09.17 15:23:05.373,12.36102,12.36433,0.00,0.00
2014.09.17 15:23:12.609,12.36104,12.36448,0.00,0.00
2014.09.17 15:23:13.891,12.36102,12.36432,0.00,0.00
2014.09.17 15:23:17.145,12.36103,12.36447,0.00,0.00
2014.09.17 15:23:19.621,12.36102,12.36423,0.00,0.00
2014.09.17 15:23:19.946,12.36102,12.36411,0.00,0.00
2014.09.17 15:23:19.997,12.36067,12.36409,0.00,0.00
2014.09.17 15:23:20.048,12.36062,12.36386,0.00,0.00
2014.09.17 15:23:20.358,12.36051,12.36318,0.00,0.00
2014.09.17 15:23:20.664,12.36051,12.36336,0.00,0.00
2014.09.17 15:23:20.974,12.36051,12.36316,0.00,0.00
2014.09.17 15:23:21.074,12.36051,12.36348,0.00,0.00
2014.09.17 15:23:21.385,12.36051,12.36378,0.00,0.00
2014.09.17 15:23:21.435,12.36101,12.36378,0.00,0.00
2014.09.17 15:23:21.536,12.36101,12.36417,0.00,0.00
2014.09.17 15:23:21.587,12.36101,12.36436,0.00,0.00
2014.09.17 15:23:21.643,12.36101,12.36386,0.00,0.00
2014.09.17 15:23:22.647,12.36101,12.36376,0.00,0.00
2014.09.17 15:23:22.847,12.36101,12.36392,0.00,0.00
2014.09.17 15:23:22.898,12.36051,12.36392,0.00,0.00
2014.09.17 15:23:22.998,12.36064,12.36408,0.00,0.00
2014.09.17 15:23:23.548,12.36051,12.36376,0.00,0.00
2014.09.17 15:23:25.491,12.36032,12.36359,0.00,0.00
2014.09.17 15:23:25.592,12.36021,12.36359,0.00,0.00
2014.09.17 15:23:25.756,12.36007,12.36351,0.00,0.00
2014.09.17 15:23:26.396,12.36001,12.3634,0.00,0.00
2014.09.17 15:23:26.905,12.36022,12.36359,0.00,0.00
2014.09.17 15:23:27.464,12.36001,12.3633,0.00,0.00
2014.09.17 15:23:27.866,12.36019,12.36359,0.00,0.00
2014.09.17 15:23:28.469,12.36001,12.36331,0.00,0.00
2014.09.17 15:23:29.307,12.36018,12.36359,0.00,0.00
2014.09.17 15:23:29.573,12.36001,12.36318,0.00,0.00
2014.09.17 15:23:29.874,12.36001,12.36332,0.00,0.00
2014.09.17 15:23:33.721,12.36004,12.36348,0.00,0.00
2014.09.17 15:23:33.983,12.36001,12.36317,0.00,0.00
2014.09.17 15:23:34.590,12.36004,12.36348,0.00,0.00
2014.09.17 15:23:34.784,12.36001,12.36333,0.00,0.00
2014.09.17 15:23:37.231,12.36001,12.36317,0.00,0.00
2014.09.17 15:23:38.090,12.36005,12.36347,0.00,0.00
2014.09.17 15:23:38.710,12.36001,12.36335,0.00,0.00
2014.09.17 15:23:39.015,12.36007,12.36351,0.00,0.00
2014.09.17 15:23:41.103,12.3602,12.36359,0.00,0.00
2014.09.17 15:23:41.605,12.36005,12.36349,0.00,0.00
2014.09.17 15:23:42.342,12.36001,12.36336,0.00,0.00
2014.09.17 15:23:43.512,12.3602,12.36359,0.00,0.00
2014.09.17 15:23:44.544,12.36052,12.36362,0.00,0.00
2014.09.17 15:23:44.918,12.36052,12.36381,0.00,0.00
2014.09.17 15:23:46.323,12.36052,12.3634,0.00,0.00
2014.09.17 15:23:47.028,12.36052,12.36326,0.00,0.00
2014.09.17 15:23:47.079,12.36011,12.36326,0.00,0.00
2014.09.17 15:23:47.129,12.36011,12.36312,0.00,0.00
2014.09.17 15:23:47.180,12.36001,12.36312,0.00,0.00
2014.09.17 15:23:47.631,12.36008,12.3635,0.00,0.00
2014.09.17 15:23:50.445,12.36019,12.36359,0.00,0.00
2014.09.17 15:23:50.747,12.36051,12.36377,0.00,0.00
2014.09.17 15:23:51.065,12.36109,12.36409,0.00,0.00
2014.09.17 15:23:52.111,12.36109,12.36453,0.00,0.00
2014.09.17 15:23:56.510,12.36109,12.36358,0.00,0.00
2014.09.17 15:23:56.611,12.3608,12.36358,0.00,0.00
2014.09.17 15:23:56.712,12.36024,12.36358,0.00,0.00
2014.09.17 15:23:58.223,12.36012,12.36356,0.00,0.00
2014.09.17 15:23:59.398,12.36002,12.36334,0.00,0.00
2014.09.17 15:23:59.579,12.36009,12.36353,0.00,0.00
2014.09.17 15:24:00.681,12.36002,12.36343,0.00,0.00
2014.09.17 15:24:01.000,12.36009,12.36353,0.00,0.00
2014.09.17 15:24:01.050,12.36009,12.36348,0.00,0.00
2014.09.17 15:24:02.307,12.36002,12.36341,0.00,0.00
2014.09.17 15:24:02.713,12.3601,12.36348,0.00,0.00
2014.09.17 15:24:03.424,12.36002,12.3634,0.00,0.00
2014.09.17 15:24:03.730,12.36009,12.36348,0.00,0.00
2014.09.17 15:24:04.629,12.36002,12.36338,0.00,0.00
2014.09.17 15:24:05.290,12.36009,12.36348,0.00,0.00
2014.09.17 15:24:13.902,12.36009,12.36353,0.00,0.00
2014.09.17 15:24:24.535,12.3601,12.36352,0.00,0.00
2014.09.17 15:24:25.640,12.36002,12.36343,0.00,0.00
2014.09.17 15:24:25.841,12.36009,12.36353,0.00,0.00
2014.09.17 15:24:26.773,12.36024,12.36358,0.00,0.00
2014.09.17 15:24:27.075,12.36208,12.36458,0.00,0.00
2014.09.17 15:24:27.251,12.36177,12.36458,0.00,0.00
2014.09.17 15:24:27.362,12.36209,12.36458,0.00,0.00
2014.09.17 15:24:27.530,12.36209,12.36553,0.00,0.00
2014.09.17 15:24:28.382,12.36201,12.36537,0.00,0.00
2014.09.17 15:24:30.563,12.36201,12.36523,0.00,0.00
2014.09.17 15:24:33.983,12.3621,12.36552,0.00,0.00
2014.09.17 15:24:35.027,12.36201,12.36539,0.00,0.00
2014.09.17 15:24:35.338,12.36201,12.36523,0.00,0.00
2014.09.17 15:24:38.303,12.36209,12.36553,0.00,0.00
2014.09.17 15:24:38.815,12.36201,12.36538,0.00,0.00
2014.09.17 15:24:39.122,12.36209,12.36553,0.00,0.00
2014.09.17 15:24:39.737,12.36201,12.36539,0.00,0.00
2014.09.17 15:24:41.116,12.36209,12.36553,0.00,0.00
2014.09.17 15:24:43.729,12.36201,12.3654,0.00,0.00
2014.09.17 15:24:43.829,12.36207,12.36551,0.00,0.00
2014.09.17 15:24:44.533,12.36201,12.36533,0.00,0.00
2014.09.17 15:24:45.659,12.36206,12.3655,0.00,0.00
2014.09.17 15:24:46.201,12.36207,12.36549,0.00,0.00
2014.09.17 15:24:47.437,12.36201,12.36519,0.00,0.00
2014.09.17 15:24:47.738,12.36207,12.36549,0.00,0.00
2014.09.17 15:24:48.239,12.36201,12.36519,0.00,0.00
2014.09.17 15:24:49.040,12.36201,12.36533,0.00,0.00
2014.09.17 15:24:49.141,12.36201,12.36515,0.00,0.00
2014.09.17 15:24:49.442,12.36161,12.36478,0.00,0.00
2014.09.17 15:24:49.492,12.36161,12.3647,0.00,0.00
2014.09.17 15:24:49.543,12.36151,12.36469,0.00,0.00
2014.09.17 15:24:49.644,12.36151,12.36458,0.00,0.00
2014.09.17 15:24:50.861,12.36102,12.3644,0.00,0.00
2014.09.17 15:24:51.044,12.36109,12.36453,0.00,0.00
2014.09.17 15:24:52.300,12.36201,12.36453,0.00,0.00
2014.09.17 15:24:52.451,12.36201,12.36479,0.00,0.00
2014.09.17 15:24:52.552,12.36206,12.36549,0.00,0.00
2014.09.17 15:24:52.747,12.36201,12.36531,0.00,0.00
2014.09.17 15:24:54.197,12.36204,12.36548,0.00,0.00
2014.09.17 15:24:54.886,12.36201,12.36531,0.00,0.00
2014.09.17 15:24:56.163,12.36204,12.36548,0.00,0.00
2014.09.17 15:24:58.287,12.36201,12.36518,0.00,0.00
2014.09.17 15:24:59.202,12.36201,12.36533,0.00,0.00
2014.09.17 15:24:59.306,12.36201,12.36516,0.00,0.00
2014.09.17 15:25:00.059,12.36201,12.36531,0.00,0.00
2014.09.17 15:25:00.160,12.36201,12.36515,0.00,0.00
2014.09.17 15:25:00.467,12.36202,12.36546,0.00,0.00
2014.09.17 15:25:00.798,12.36201,12.36515,0.00,0.00
2014.09.17 15:25:02.118,12.36202,12.36546,0.00,0.00
2014.09.17 15:25:02.368,12.36201,12.36514,0.00,0.00
2014.09.17 15:25:02.867,12.3617,12.36509,0.00,0.00
2014.09.17 15:25:02.977,12.36151,12.36458,0.00,0.00
2014.09.17 15:25:03.389,12.36151,12.36447,0.00,0.00
2014.09.17 15:25:03.471,12.36151,12.36463,0.00,0.00
2014.09.17 15:25:04.221,12.36178,12.36479,0.00,0.00
2014.09.17 15:25:04.271,12.36178,12.36509,0.00,0.00
2014.09.17 15:25:04.322,12.36201,12.3652,0.00,0.00
2014.09.17 15:25:04.423,12.36201,12.36539,0.00,0.00
2014.09.17 15:25:04.579,12.36201,12.36512,0.00,0.00
2014.09.17 15:25:05.089,12.36201,12.36539,0.00,0.00
2014.09.17 15:25:05.404,12.36201,12.36512,0.00,0.00
2014.09.17 15:25:05.811,12.36201,12.36539,0.00,0.00
2014.09.17 15:25:05.913,12.36201,12.36513,0.00,0.00
2014.09.17 15:25:06.777,12.36201,12.36491,0.00,0.00
2014.09.17 15:25:07.095,12.36151,12.36414,0.00,0.00
2014.09.17 15:25:07.278,12.36151,12.36421,0.00,0.00
2014.09.17 15:25:07.801,12.36151,12.3642,0.00,0.00
2014.09.17 15:25:07.879,12.36151,12.36413,0.00,0.00
2014.09.17 15:25:08.137,12.36101,12.36413,0.00,0.00
2014.09.17 15:25:08.238,12.36101,12.36421,0.00,0.00
2014.09.17 15:25:08.781,12.36101,12.36413,0.00,0.00
2014.09.17 15:25:09.082,12.36101,12.36421,0.00,0.00
2014.09.17 15:25:09.662,12.36101,12.3642,0.00,0.00
2014.09.17 15:25:09.841,12.36101,12.36371,0.00,0.00
2014.09.17 15:25:09.942,12.36061,12.36359,0.00,0.00
2014.09.17 15:25:10.043,12.3602,12.36359,0.00,0.00
2014.09.17 15:25:10.284,12.36033,12.36359,0.00,0.00
2014.09.17 15:25:10.385,12.36001,12.3634,0.00,0.00
2014.09.17 15:25:11.586,12.3601,12.36352,0.00,0.00
2014.09.17 15:25:12.690,12.36001,12.36337,0.00,0.00
2014.09.17 15:25:12.891,12.36009,12.36353,0.00,0.00
2014.09.17 15:25:13.492,12.36001,12.36341,0.00,0.00
2014.09.17 15:25:13.837,12.35951,12.3627,0.00,0.00
2014.09.17 15:25:14.212,12.35951,12.36251,0.00,0.00
2014.09.17 15:25:15.065,12.35909,12.36251,0.00,0.00
2014.09.17 15:25:27.795,12.35909,12.36171,0.00,0.00
2014.09.17 15:25:27.845,12.35884,12.36171,0.00,0.00
2014.09.17 15:25:27.947,12.35852,12.36168,0.00,0.00
2014.09.17 15:25:28.048,12.35852,12.36152,0.00,0.00
2014.09.17 15:25:29.173,12.3581,12.36152,0.00,0.00
2014.09.17 15:25:38.036,12.35825,12.36159,0.00,0.00
2014.09.17 15:25:38.337,12.35894,12.36209,0.00,0.00
2014.09.17 15:25:38.639,12.35909,12.36209,0.00,0.00
2014.09.17 15:25:39.375,12.35909,12.36249,0.00,0.00
2014.09.17 15:25:40.214,12.35909,12.36221,0.00,0.00
2014.09.17 15:25:40.264,12.35902,12.36221,0.00,0.00
2014.09.17 15:25:40.316,12.35939,12.36237,0.00,0.00
2014.09.17 15:25:40.417,12.36002,12.36328,0.00,0.00
2014.09.17 15:25:40.523,12.36009,12.36339,0.00,0.00
2014.09.17 15:25:41.444,12.36002,12.36339,0.00,0.00
2014.09.17 15:25:42.345,12.36002,12.36323,0.00,0.00
2014.09.17 15:25:42.446,12.36002,12.36337,0.00,0.00
2014.09.17 15:25:42.497,12.36002,12.36321,0.00,0.00
2014.09.17 15:25:43.949,12.3601,12.36321,0.00,0.00
2014.09.17 15:25:44.060,12.3601,12.36339,0.00,0.00
2014.09.17 15:25:45.654,12.36002,12.36317,0.00,0.00
2014.09.17 15:25:46.156,12.36002,12.36328,0.00,0.00
2014.09.17 15:25:47.159,12.36002,12.36339,0.00,0.00
2014.09.17 15:25:47.559,12.36009,12.36339,0.00,0.00
2014.09.17 15:25:48.161,12.36002,12.36338,0.00,0.00
2014.09.17 15:25:48.763,12.36009,12.36339,0.00,0.00
2014.09.17 15:25:49.098,12.35951,12.36252,0.00,0.00
2014.09.17 15:25:49.867,12.35951,12.36217,0.00,0.00
2014.09.17 15:25:50.168,12.35951,12.3622,0.00,0.00
2014.09.17 15:25:50.219,12.35951,12.36233,0.00,0.00
2014.09.17 15:25:50.332,12.35901,12.36233,0.00,0.00
2014.09.17 15:25:50.569,12.35909,12.36253,0.00,0.00
2014.09.17 15:25:51.845,12.35909,12.36208,0.00,0.00
2014.09.17 15:25:51.896,12.35899,12.36208,0.00,0.00
2014.09.17 15:25:51.996,12.35866,12.36208,0.00,0.00
2014.09.17 15:25:52.375,12.3591,12.36208,0.00,0.00
2014.09.17 15:25:53.301,12.3591,12.36252,0.00,0.00
2014.09.17 15:25:55.282,12.35902,12.36234,0.00,0.00
2014.09.17 15:25:55.835,12.35902,12.36221,0.00,0.00
2014.09.17 15:25:56.760,12.35902,12.3622,0.00,0.00
2014.09.17 15:25:57.295,12.35902,12.36221,0.00,0.00
2014.09.17 15:25:59.948,12.35902,12.3622,0.00,0.00
2014.09.17 15:26:00.512,12.35902,12.36221,0.00,0.00
2014.09.17 15:26:01.802,12.35902,12.3622,0.00,0.00
2014.09.17 15:26:02.395,12.35902,12.36221,0.00,0.00
2014.09.17 15:26:03.554,12.35902,12.3622,0.00,0.00
2014.09.17 15:26:05.294,12.35902,12.36221,0.00,0.00
2014.09.17 15:26:05.842,12.35902,12.3622,0.00,0.00
2014.09.17 15:26:06.420,12.35902,12.36221,0.00,0.00
2014.09.17 15:26:07.647,12.35902,12.3622,0.00,0.00
2014.09.17 15:26:08.546,12.35902,12.36203,0.00,0.00
2014.09.17 15:26:08.647,12.35834,12.36158,0.00,0.00
2014.09.17 15:26:08.747,12.35809,12.36153,0.00,0.00
2014.09.17 15:26:18.388,12.35851,12.36153,0.00,0.00
2014.09.17 15:26:18.439,12.35851,12.3617,0.00,0.00
2014.09.17 15:26:18.489,12.359,12.36178,0.00,0.00
2014.09.17 15:26:18.590,12.35884,12.36209,0.00,0.00
2014.09.17 15:26:19.784,12.35902,12.3622,0.00,0.00
2014.09.17 15:26:20.429,12.35902,12.36221,0.00,0.00
2014.09.17 15:26:22.285,12.35902,12.3622,0.00,0.00
2014.09.17 15:26:22.734,12.35909,12.36221,0.00,0.00
2014.09.17 15:26:22.785,12.35909,12.36253,0.00,0.00
2014.09.17 15:26:22.939,12.35902,12.36242,0.00,0.00
2014.09.17 15:26:23.040,12.3591,12.36252,0.00,0.00
2014.09.17 15:26:25.651,12.35902,12.3624,0.00,0.00
2014.09.17 15:26:26.790,12.35902,12.36229,0.00,0.00
2014.09.17 15:26:28.370,12.35909,12.36253,0.00,0.00
2014.09.17 15:26:29.392,12.35902,12.36238,0.00,0.00
2014.09.17 15:26:32.582,12.35909,12.36253,0.00,0.00
2014.09.17 15:26:37.104,12.35951,12.36273,0.00,0.00
2014.09.17 15:26:37.473,12.35951,12.3627,0.00,0.00
2014.09.17 15:26:41.163,12.36001,12.3627,0.00,0.00
2014.09.17 15:26:41.264,12.36001,12.36321,0.00,0.00
2014.09.17 15:26:41.672,12.36001,12.36314,0.00,0.00
2014.09.17 15:26:41.809,12.36001,12.3632,0.00,0.00
2014.09.17 15:26:42.433,12.36001,12.36321,0.00,0.00
2014.09.17 15:26:42.675,12.36001,12.36317,0.00,0.00
2014.09.17 15:26:44.586,12.36001,12.36321,0.00,0.00
2014.09.17 15:26:44.844,12.36001,12.36338,0.00,0.00
2014.09.17 15:26:44.895,12.36009,12.36353,0.00,0.00
2014.09.17 15:26:45.231,12.36001,12.36326,0.00,0.00
2014.09.17 15:26:45.282,12.36009,12.36353,0.00,0.00
2014.09.17 15:26:45.481,12.36001,12.36325,0.00,0.00
2014.09.17 15:26:45.915,12.36001,12.3634,0.00,0.00
2014.09.17 15:26:46.020,12.36001,12.36325,0.00,0.00
2014.09.17 15:26:46.984,12.36001,12.36338,0.00,0.00
2014.09.17 15:26:47.284,12.36009,12.36353,0.00,0.00
2014.09.17 15:26:48.286,12.36001,12.36322,0.00,0.00
2014.09.17 15:26:48.704,12.36001,12.36307,0.00,0.00
2014.09.17 15:26:49.438,12.36001,12.3632,0.00,0.00
2014.09.17 15:26:49.489,12.36102,12.3632,0.00,0.00
2014.09.17 15:26:49.593,12.36102,12.3642,0.00,0.00
2014.09.17 15:26:49.697,12.36107,12.36451,0.00,0.00
2014.09.17 15:26:49.751,12.36139,12.36451,0.00,0.00
2014.09.17 15:26:50.074,12.36185,12.36458,0.00,0.00
2014.09.17 15:26:50.125,12.3617,12.36458,0.00,0.00
2014.09.17 15:26:50.226,12.36201,12.36535,0.00,0.00
2014.09.17 15:26:50.405,12.36201,12.36513,0.00,0.00
2014.09.17 15:26:50.934,12.36201,12.36533,0.00,0.00
2014.09.17 15:26:50.988,12.36201,12.3652,0.00,0.00
2014.09.17 15:26:51.296,12.36201,12.36497,0.00,0.00
2014.09.17 15:26:51.602,12.36162,12.36463,0.00,0.00
2014.09.17 15:26:51.653,12.36162,12.36421,0.00,0.00
2014.09.17 15:26:51.703,12.36151,12.36421,0.00,0.00
2014.09.17 15:26:51.804,12.36151,12.36396,0.00,0.00
2014.09.17 15:26:52.345,12.36151,12.36414,0.00,0.00
2014.09.17 15:26:53.003,12.36101,12.36414,0.00,0.00
2014.09.17 15:26:53.197,12.36101,12.36421,0.00,0.00
2014.09.17 15:26:55.734,12.36101,12.3642,0.00,0.00
2014.09.17 15:26:56.102,12.36101,12.36409,0.00,0.00
2014.09.17 15:26:56.302,12.36109,12.3642,0.00,0.00
2014.09.17 15:26:56.353,12.36152,12.36453,0.00,0.00
2014.09.17 15:26:56.403,12.3617,12.36479,0.00,0.00
2014.09.17 15:26:56.504,12.36172,12.36508,0.00,0.00
2014.09.17 15:26:56.724,12.36172,12.36498,0.00,0.00
2014.09.17 15:26:57.304,12.36172,12.36508,0.00,0.00
2014.09.17 15:26:57.605,12.36172,12.36499,0.00,0.00
2014.09.17 15:26:57.991,12.36202,12.36499,0.00,0.00
2014.09.17 15:27:02.411,12.36202,12.3651,0.00,0.00
2014.09.17 15:27:02.717,12.36202,12.36497,0.00,0.00
2014.09.17 15:27:04.820,12.36202,12.36523,0.00,0.00
2014.09.17 15:27:05.021,12.36202,12.36513,0.00,0.00
2014.09.17 15:27:07.264,12.36202,12.36526,0.00,0.00
2014.09.17 15:27:07.520,12.36202,12.36515,0.00,0.00
2014.09.17 15:27:07.827,12.36202,12.36487,0.00,0.00
2014.09.17 15:27:07.947,12.36202,12.36497,0.00,0.00
2014.09.17 15:27:08.123,12.36202,12.36516,0.00,0.00
2014.09.17 15:27:08.997,12.36172,12.36509,0.00,0.00
2014.09.17 15:27:09.048,12.36171,12.36498,0.00,0.00
2014.09.17 15:27:09.349,12.36161,12.36497,0.00,0.00
2014.09.17 15:27:09.538,12.36167,12.36509,0.00,0.00
2014.09.17 15:27:09.805,12.36171,12.36509,0.00,0.00
2014.09.17 15:27:10.198,12.36171,12.36498,0.00,0.00
2014.09.17 15:27:10.357,12.36162,12.36498,0.00,0.00
2014.09.17 15:27:10.462,12.36201,12.36498,0.00,0.00
2014.09.17 15:27:10.763,12.36201,12.36495,0.00,0.00
2014.09.17 15:27:11.992,12.36171,12.36459,0.00,0.00
2014.09.17 15:27:12.148,12.36101,12.36421,0.00,0.00
2014.09.17 15:27:12.248,12.36101,12.36412,0.00,0.00
2014.09.17 15:27:12.588,12.36101,12.36416,0.00,0.00
2014.09.17 15:27:12.949,12.36101,12.36403,0.00,0.00
2014.09.17 15:27:14.855,12.36101,12.36418,0.00,0.00
2014.09.17 15:27:15.359,12.36101,12.36401,0.00,0.00
2014.09.17 15:27:15.570,12.36101,12.36414,0.00,0.00
2014.09.17 15:27:15.660,12.36101,12.36399,0.00,0.00
2014.09.17 15:27:16.963,12.36101,12.36419,0.00,0.00
2014.09.17 15:27:17.769,12.36161,12.36459,0.00,0.00
2014.09.17 15:27:18.078,12.36202,12.36512,0.00,0.00
2014.09.17 15:27:18.492,12.36202,12.36497,0.00,0.00
2014.09.17 15:27:18.594,12.36202,12.36514,0.00,0.00
2014.09.17 15:27:18.897,12.36202,12.36497,0.00,0.00
2014.09.17 15:27:19.972,12.36202,12.36519,0.00,0.00
2014.09.17 15:27:20.072,12.36202,12.36498,0.00,0.00
2014.09.17 15:27:21.781,12.36202,12.36509,0.00,0.00
2014.09.17 15:27:23.954,12.36167,12.36508,0.00,0.00
2014.09.17 15:27:24.005,12.36162,12.36421,0.00,0.00
2014.09.17 15:27:24.055,12.36152,12.36421,0.00,0.00
2014.09.17 15:27:24.106,12.36152,12.36398,0.00,0.00
2014.09.17 15:27:24.282,12.36152,12.36412,0.00,0.00
2014.09.17 15:27:24.983,12.36152,12.36421,0.00,0.00
2014.09.17 15:27:25.273,12.36101,12.3642,0.00,0.00
2014.09.17 15:27:26.186,12.36101,12.36409,0.00,0.00
2014.09.17 15:27:27.188,12.36101,12.36419,0.00,0.00
2014.09.17 15:27:27.698,12.36101,12.36421,0.00,0.00
2014.09.17 15:27:28.721,12.36101,12.36418,0.00,0.00
2014.09.17 15:27:28.992,12.36101,12.36421,0.00,0.00
2014.09.17 15:27:29.333,12.36101,12.36417,0.00,0.00
2014.09.17 15:27:29.539,12.36101,12.3642,0.00,0.00
2014.09.17 15:27:30.910,12.36101,12.36421,0.00,0.00
2014.09.17 15:27:33.458,12.36101,12.3642,0.00,0.00
2014.09.17 15:27:35.894,12.36101,12.36421,0.00,0.00
2014.09.17 15:27:38.625,12.36101,12.36419,0.00,0.00
2014.09.17 15:27:39.342,12.36101,12.36421,0.00,0.00
2014.09.17 15:27:41.746,12.36101,12.36418,0.00,0.00
2014.09.17 15:27:43.643,12.36101,12.36407,0.00,0.00
2014.09.17 15:27:43.887,12.36101,12.36421,0.00,0.00
2014.09.17 15:27:45.553,12.36101,12.36402,0.00,0.00
2014.09.17 15:27:47.063,12.36101,12.36421,0.00,0.00
2014.09.17 15:27:48.397,12.36101,12.3641,0.00,0.00
2014.09.17 15:27:50.281,12.36101,12.36419,0.00,0.00
2014.09.17 15:27:50.385,12.36101,12.36403,0.00,0.00
2014.09.17 15:27:50.599,12.36101,12.3642,0.00,0.00
2014.09.17 15:27:50.999,12.36101,12.36399,0.00,0.00
2014.09.17 15:27:51.304,12.36101,12.3642,0.00,0.00
2014.09.17 15:27:51.608,12.36101,12.36404,0.00,0.00
2014.09.17 15:27:51.912,12.36101,12.36415,0.00,0.00
2014.09.17 15:27:52.547,12.36101,12.36395,0.00,0.00
2014.09.17 15:27:53.537,12.36101,12.36415,0.00,0.00
2014.09.17 15:27:53.869,12.36101,12.36394,0.00,0.00
2014.09.17 15:27:54.625,12.36101,12.36418,0.00,0.00
2014.09.17 15:27:54.929,12.36101,12.36396,0.00,0.00
2014.09.17 15:27:56.044,12.36101,12.36413,0.00,0.00
2014.09.17 15:27:56.195,12.36101,12.3642,0.00,0.00
2014.09.17 15:27:56.348,12.36101,12.36394,0.00,0.00
2014.09.17 15:27:56.553,12.36101,12.36421,0.00,0.00
2014.09.17 15:27:56.654,12.3608,12.36371,0.00,0.00
2014.09.17 15:27:57.121,12.36052,12.36305,0.00,0.00
2014.09.17 15:27:57.942,12.36001,12.36305,0.00,0.00
2014.09.17 15:27:57.993,12.36001,12.36315,0.00,0.00
2014.09.17 15:28:04.542,12.35973,12.36309,0.00,0.00
2014.09.17 15:28:04.593,12.35971,12.36214,0.00,0.00
2014.09.17 15:28:04.758,12.35852,12.36149,0.00,0.00
2014.09.17 15:28:04.859,12.35861,12.36163,0.00,0.00
2014.09.17 15:28:04.909,12.35861,12.36139,0.00,0.00
2014.09.17 15:28:04.960,12.35851,12.36139,0.00,0.00
2014.09.17 15:28:05.111,12.35801,12.36139,0.00,0.00
2014.09.17 15:28:05.590,12.35801,12.36125,0.00,0.00
2014.09.17 15:28:05.895,12.35801,12.36121,0.00,0.00
2014.09.17 15:28:06.745,12.35801,12.3612,0.00,0.00
2014.09.17 15:28:07.753,12.35801,12.36121,0.00,0.00
2014.09.17 15:28:08.346,12.35801,12.3612,0.00,0.00
2014.09.17 15:28:09.007,12.35801,12.36121,0.00,0.00
2014.09.17 15:28:12.564,12.35801,12.3612,0.00,0.00
2014.09.17 15:28:13.081,12.35801,12.36121,0.00,0.00
2014.09.17 15:28:13.288,12.35801,12.36139,0.00,0.00
2014.09.17 15:28:13.338,12.35902,12.36139,0.00,0.00
2014.09.17 15:28:13.389,12.35902,12.36179,0.00,0.00
2014.09.17 15:28:13.439,12.35902,12.36169,0.00,0.00
2014.09.17 15:28:14.612,12.35851,12.36169,0.00,0.00
2014.09.17 15:28:15.388,12.35856,12.36198,0.00,0.00
2014.09.17 15:28:15.439,12.35862,12.36198,0.00,0.00
2014.09.17 15:28:15.939,12.35876,12.36209,0.00,0.00
2014.09.17 15:28:16.269,12.35901,12.36218,0.00,0.00
2014.09.17 15:28:18.073,12.35901,12.36205,0.00,0.00
2014.09.17 15:28:18.573,12.35862,12.36205,0.00,0.00
2014.09.17 15:28:18.624,12.35862,12.36179,0.00,0.00
2014.09.17 15:28:18.926,12.35852,12.36121,0.00,0.00
2014.09.17 15:28:19.677,12.35852,12.36144,0.00,0.00
2014.09.17 15:28:20.002,12.35801,12.36144,0.00,0.00
2014.09.17 15:28:21.519,12.35801,12.36132,0.00,0.00
2014.09.17 15:28:23.184,12.35801,12.36113,0.00,0.00
2014.09.17 15:28:23.785,12.35801,12.36125,0.00,0.00
2014.09.17 15:28:24.295,12.35801,12.36108,0.00,0.00
2014.09.17 15:28:24.586,12.35801,12.36125,0.00,0.00
2014.09.17 15:28:25.472,12.35801,12.3612,0.00,0.00
2014.09.17 15:28:25.779,12.35801,12.36095,0.00,0.00
2014.09.17 15:28:25.891,12.35801,12.36107,0.00,0.00
2014.09.17 15:28:26.089,12.35801,12.36089,0.00,0.00
2014.09.17 15:28:26.190,12.35801,12.3612,0.00,0.00
2014.09.17 15:28:26.690,12.35801,12.36089,0.00,0.00
2014.09.17 15:28:27.212,12.35801,12.36119,0.00,0.00
2014.09.17 15:28:28.595,12.35801,12.36105,0.00,0.00
2014.09.17 15:28:29.797,12.35801,12.36121,0.00,0.00
2014.09.17 15:28:30.197,12.35801,12.3611,0.00,0.00
2014.09.17 15:28:30.843,12.35801,12.36094,0.00,0.00
2014.09.17 15:28:32.901,12.35801,12.36121,0.00,0.00
2014.09.17 15:28:33.412,12.35801,12.36137,0.00,0.00
2014.09.17 15:28:33.602,12.35801,12.3611,0.00,0.00
2014.09.17 15:28:34.092,12.35851,12.36141,0.00,0.00
2014.09.17 15:28:34.143,12.35851,12.3615,0.00,0.00
2014.09.17 15:28:35.074,12.35901,12.3615,0.00,0.00
2014.09.17 15:28:35.125,12.35901,12.36171,0.00,0.00
2014.09.17 15:28:35.407,12.35901,12.36141,0.00,0.00
2014.09.17 15:28:35.742,12.35901,12.36104,0.00,0.00
2014.09.17 15:28:35.851,12.35802,12.36066,0.00,0.00
2014.09.17 15:28:36.122,12.35802,12.3611,0.00,0.00
2014.09.17 15:28:36.713,12.35802,12.36068,0.00,0.00
2014.09.17 15:28:37.016,12.35762,12.35928,0.00,0.00
2014.09.17 15:28:37.066,12.35701,12.35928,0.00,0.00
2014.09.17 15:28:37.216,12.35701,12.35904,0.00,0.00
2014.09.17 15:28:37.317,12.35561,12.35863,0.00,0.00
2014.09.17 15:28:37.418,12.35551,12.3586,0.00,0.00
2014.09.17 15:28:37.519,12.35551,12.3584,0.00,0.00
2014.09.17 15:28:38.702,12.35502,12.3584,0.00,0.00
2014.09.17 15:28:39.437,12.35502,12.35829,0.00,0.00
2014.09.17 15:28:39.825,12.35502,12.35843,0.00,0.00
2014.09.17 15:28:40.227,12.35502,12.35781,0.00,0.00
2014.09.17 15:28:40.278,12.35461,12.35771,0.00,0.00
2014.09.17 15:28:40.328,12.35461,12.35743,0.00,0.00
2014.09.17 15:28:40.379,12.35452,12.35743,0.00,0.00
2014.09.17 15:28:40.430,12.35452,12.35768,0.00,0.00
2014.09.17 15:28:40.580,12.35452,12.35773,0.00,0.00
2014.09.17 15:28:40.631,12.35452,12.35771,0.00,0.00
2014.09.17 15:28:40.965,12.35452,12.35764,0.00,0.00
2014.09.17 15:28:41.171,12.35373,12.35709,0.00,0.00
2014.09.17 15:28:41.221,12.35373,12.35669,0.00,0.00
2014.09.17 15:28:41.272,12.35351,12.35658,0.00,0.00
2014.09.17 15:28:41.373,12.35501,12.35699,0.00,0.00
2014.09.17 15:28:41.423,12.35501,12.35719,0.00,0.00
2014.09.17 15:28:41.595,12.35501,12.3582,0.00,0.00
2014.09.17 15:28:42.252,12.35501,12.35821,0.00,0.00
2014.09.17 15:28:43.488,12.35501,12.3582,0.00,0.00
2014.09.17 15:28:43.641,12.35501,12.35769,0.00,0.00
2014.09.17 15:28:43.692,12.35452,12.35769,0.00,0.00
2014.09.17 15:28:43.743,12.35451,12.35743,0.00,0.00
2014.09.17 15:28:44.312,12.35401,12.35708,0.00,0.00
2014.09.17 15:28:44.415,12.3537,12.35671,0.00,0.00
2014.09.17 15:28:44.466,12.35361,12.35668,0.00,0.00
2014.09.17 15:28:44.566,12.35352,12.35663,0.00,0.00
2014.09.17 15:28:44.667,12.35352,12.35648,0.00,0.00
2014.09.17 15:28:44.983,12.35352,12.3565,0.00,0.00
2014.09.17 15:28:45.083,12.35352,12.35671,0.00,0.00
2014.09.17 15:28:45.742,12.35332,12.35659,0.00,0.00
2014.09.17 15:28:46.066,12.35312,12.35656,0.00,0.00
2014.09.17 15:28:51.492,12.35269,12.35608,0.00,0.00
2014.09.17 15:28:51.918,12.35252,12.35557,0.00,0.00
2014.09.17 15:28:52.782,12.35215,12.35557,0.00,0.00
2014.09.17 15:28:54.279,12.35255,12.35559,0.00,0.00
2014.09.17 15:28:54.430,12.35302,12.35632,0.00,0.00
2014.09.17 15:28:54.608,12.35315,12.35649,0.00,0.00
2014.09.17 15:28:55.215,12.35315,12.3562,0.00,0.00
2014.09.17 15:28:55.316,12.35304,12.3562,0.00,0.00
2014.09.17 15:28:55.416,12.35302,12.35621,0.00,0.00
2014.09.17 15:28:55.525,12.35302,12.35629,0.00,0.00
2014.09.17 15:28:55.626,12.35315,12.35649,0.00,0.00
2014.09.17 15:28:55.777,12.35302,12.35643,0.00,0.00
2014.09.17 15:28:56.077,12.35314,12.35649,0.00,0.00
2014.09.17 15:28:57.981,12.35302,12.35646,0.00,0.00
2014.09.17 15:28:58.082,12.35302,12.35631,0.00,0.00
2014.09.17 15:28:58.403,12.35252,12.35558,0.00,0.00
2014.09.17 15:28:59.491,12.35214,12.35538,0.00,0.00
2014.09.17 15:28:59.889,12.3523,12.35538,0.00,0.00
2014.09.17 15:29:00.001,12.35214,12.35538,0.00,0.00
2014.09.17 15:29:00.258,12.35231,12.35538,0.00,0.00
2014.09.17 15:29:00.488,12.35311,12.35632,0.00,0.00
2014.09.17 15:29:00.706,12.35314,12.35638,0.00,0.00
2014.09.17 15:29:00.880,12.35412,12.35638,0.00,0.00
2014.09.17 15:29:01.190,12.35414,12.35638,0.00,0.00
2014.09.17 15:29:01.291,12.35412,12.35739,0.00,0.00
2014.09.17 15:29:01.492,12.35415,12.35739,0.00,0.00
2014.09.17 15:29:04.652,12.35415,12.35689,0.00,0.00
2014.09.17 15:29:04.702,12.35394,12.35689,0.00,0.00
2014.09.17 15:29:04.803,12.35359,12.35689,0.00,0.00
2014.09.17 15:29:04.904,12.3534,12.35682,0.00,0.00
2014.09.17 15:29:05.280,12.35361,12.35682,0.00,0.00
2014.09.17 15:29:05.534,12.3541,12.35752,0.00,0.00
2014.09.17 15:29:06.554,12.35401,12.35738,0.00,0.00
2014.09.17 15:29:06.864,12.35501,12.35771,0.00,0.00
2014.09.17 15:29:07.166,12.35501,12.35768,0.00,0.00
2014.09.17 15:29:07.420,12.35509,12.35853,0.00,0.00
2014.09.17 15:29:08.775,12.35509,12.35808,0.00,0.00
2014.09.17 15:29:08.825,12.35452,12.35771,0.00,0.00
2014.09.17 15:29:08.954,12.35452,12.35758,0.00,0.00
2014.09.17 15:29:10.196,12.35414,12.35758,0.00,0.00
2014.09.17 15:29:14.883,12.35451,12.35758,0.00,0.00
2014.09.17 15:29:14.933,12.35451,12.35771,0.00,0.00
2014.09.17 15:29:15.208,12.35451,12.35773,0.00,0.00
2014.09.17 15:29:15.258,12.35515,12.35809,0.00,0.00
2014.09.17 15:29:16.311,12.35515,12.35857,0.00,0.00
2014.09.17 15:29:16.362,12.35502,12.35846,0.00,0.00
2014.09.17 15:29:16.539,12.35514,12.35858,0.00,0.00
2014.09.17 15:29:17.441,12.35502,12.35846,0.00,0.00
2014.09.17 15:29:18.060,12.35514,12.35858,0.00,0.00
2014.09.17 15:29:19.849,12.35589,12.35869,0.00,0.00
2014.09.17 15:29:19.950,12.35589,12.35933,0.00,0.00
2014.09.17 15:29:20.051,12.35614,12.35938,0.00,0.00
2014.09.17 15:29:20.101,12.35614,12.35958,0.00,0.00
2014.09.17 15:29:23.073,12.35589,12.35871,0.00,0.00
2014.09.17 15:29:23.174,12.35539,12.35871,0.00,0.00
2014.09.17 15:29:23.286,12.35514,12.35858,0.00,0.00
2014.09.17 15:29:23.387,12.3553,12.35871,0.00,0.00
2014.09.17 15:29:23.488,12.35515,12.35857,0.00,0.00
2014.09.17 15:29:27.520,12.35534,12.3587,0.00,0.00
2014.09.17 15:29:27.621,12.3552,12.35862,0.00,0.00
2014.09.17 15:29:34.350,12.3552,12.35858,0.00,0.00
2014.09.17 15:29:35.717,12.3554,12.35858,0.00,0.00
2014.09.17 15:29:35.818,12.35551,12.3587,0.00,0.00
2014.09.17 15:29:35.869,12.35574,12.35909,0.00,0.00
2014.09.17 15:29:36.224,12.35589,12.35909,0.00,0.00
2014.09.17 15:29:36.929,12.35577,12.35909,0.00,0.00
2014.09.17 15:29:37.100,12.35601,12.35921,0.00,0.00
2014.09.17 15:29:37.679,12.35601,12.3592,0.00,0.00
2014.09.17 15:29:38.478,12.35601,12.35921,0.00,0.00
2014.09.17 15:29:39.087,12.35601,12.35933,0.00,0.00
2014.09.17 15:29:39.188,12.35614,12.35958,0.00,0.00
2014.09.17 15:29:40.257,12.35601,12.3594,0.00,0.00
2014.09.17 15:29:40.462,12.35611,12.35955,0.00,0.00
2014.09.17 15:29:43.850,12.35601,12.35941,0.00,0.00
2014.09.17 15:29:44.158,12.35615,12.35957,0.00,0.00
2014.09.17 15:29:46.357,12.35601,12.3594,0.00,0.00
2014.09.17 15:29:46.659,12.35614,12.35958,0.00,0.00
2014.09.17 15:29:48.260,12.35614,12.35858,0.00,0.00
2014.09.17 15:29:48.311,12.35596,12.35858,0.00,0.00
2014.09.17 15:29:48.362,12.35539,12.35858,0.00,0.00
2014.09.17 15:29:48.463,12.35502,12.35833,0.00,0.00
2014.09.17 15:29:48.513,12.35502,12.35788,0.00,0.00
2014.09.17 15:29:48.666,12.35502,12.35807,0.00,0.00
2014.09.17 15:29:49.089,12.35502,12.35823,0.00,0.00
2014.09.17 15:29:49.365,12.35502,12.35828,0.00,0.00
2014.09.17 15:29:49.466,12.35514,12.35828,0.00,0.00
2014.09.17 15:29:49.517,12.35514,12.35858,0.00,0.00
2014.09.17 15:29:50.741,12.35552,12.35858,0.00,0.00
2014.09.17 15:29:50.792,12.35552,12.35869,0.00,0.00
2014.09.17 15:29:50.893,12.35574,12.35879,0.00,0.00
2014.09.17 15:29:50.943,12.35574,12.35908,0.00,0.00
2014.09.17 15:29:52.170,12.35602,12.35918,0.00,0.00
2014.09.17 15:29:52.901,12.35602,12.35904,0.00,0.00
2014.09.17 15:29:53.225,12.35559,12.35859,0.00,0.00
2014.09.17 15:29:53.276,12.35514,12.35858,0.00,0.00
2014.09.17 15:29:53.887,12.3559,12.35859,0.00,0.00
2014.09.17 15:29:53.937,12.35602,12.35932,0.00,0.00
2014.09.17 15:29:53.988,12.35609,12.35953,0.00,0.00
2014.09.17 15:29:56.486,12.35602,12.3594,0.00,0.00
2014.09.17 15:29:56.586,12.35612,12.35954,0.00,0.00
2014.09.17 15:29:58.113,12.35651,12.35954,0.00,0.00
2014.09.17 15:29:58.215,12.35689,12.36009,0.00,0.00
2014.09.17 15:29:58.319,12.35715,12.36009,0.00,0.00
2014.09.17 15:29:59.540,12.35715,12.36057,0.00,0.00
2014.09.17 15:30:00.196,12.35714,12.36058,0.00,0.00
2014.09.17 15:30:00.297,12.35701,12.36038,0.00,0.00
2014.09.17 15:30:00.615,12.35653,12.35958,0.00,0.00
2014.09.17 15:30:00.666,12.35615,12.35957,0.00,0.00
2014.09.17 15:30:00.716,12.35627,12.35958,0.00,0.00
2014.09.17 15:30:01.852,12.35627,12.35858,0.00,0.00
2014.09.17 15:30:01.902,12.35605,12.35858,0.00,0.00
2014.09.17 15:30:02.003,12.35561,12.35858,0.00,0.00
2014.09.17 15:30:02.054,12.3554,12.35858,0.00,0.00
2014.09.17 15:30:02.503,12.35514,12.35858,0.00,0.00
2014.09.17 15:30:02.842,12.35529,12.35858,0.00,0.00
2014.09.17 15:30:03.503,12.35514,12.35858,0.00,0.00
2014.09.17 15:30:03.704,12.3553,12.35858,0.00,0.00
2014.09.17 15:30:04.006,12.35601,12.3587,0.00,0.00
2014.09.17 15:30:04.057,12.35601,12.35879,0.00,0.00
2014.09.17 15:30:04.107,12.35615,12.35879,0.00,0.00
2014.09.17 15:30:04.375,12.35615,12.35957,0.00,0.00
2014.09.17 15:30:10.887,12.35701,12.35957,0.00,0.00
2014.09.17 15:30:10.937,12.35701,12.3597,0.00,0.00
2014.09.17 15:30:10.988,12.35701,12.35978,0.00,0.00
2014.09.17 15:30:11.088,12.35701,12.36023,0.00,0.00
2014.09.17 15:30:11.139,12.35704,12.36048,0.00,0.00
2014.09.17 15:30:13.166,12.35705,12.36047,0.00,0.00
2014.09.17 15:30:17.489,12.35705,12.36009,0.00,0.00
2014.09.17 15:30:17.539,12.35661,12.36004,0.00,0.00
2014.09.17 15:30:17.592,12.35661,12.35971,0.00,0.00
2014.09.17 15:30:17.642,12.35651,12.35971,0.00,0.00
2014.09.17 15:30:17.743,12.35651,12.35937,0.00,0.00
2014.09.17 15:30:17.844,12.35651,12.35952,0.00,0.00
2014.09.17 15:30:18.367,12.35608,12.35909,0.00,0.00
2014.09.17 15:30:18.521,12.35582,12.35909,0.00,0.00
2014.09.17 15:30:18.779,12.35569,12.35879,0.00,0.00
2014.09.17 15:30:18.880,12.35551,12.35879,0.00,0.00
2014.09.17 15:30:18.932,12.35551,12.35871,0.00,0.00
2014.09.17 15:30:19.405,12.35551,12.35858,0.00,0.00
2014.09.17 15:30:19.835,12.35514,12.35858,0.00,0.00
2014.09.17 15:30:23.748,12.35539,12.35859,0.00,0.00
2014.09.17 15:30:23.799,12.35551,12.35879,0.00,0.00
2014.09.17 15:30:23.849,12.35589,12.35909,0.00,0.00
2014.09.17 15:30:24.250,12.35639,12.35909,0.00,0.00
2014.09.17 15:30:24.351,12.35621,12.35909,0.00,0.00
2014.09.17 15:30:24.452,12.35651,12.35954,0.00,0.00
2014.09.17 15:30:24.553,12.35651,12.35935,0.00,0.00
2014.09.17 15:30:24.792,12.35651,12.35954,0.00,0.00
2014.09.17 15:30:24.893,12.35661,12.36003,0.00,0.00
2014.09.17 15:30:25.846,12.35701,12.36003,0.00,0.00
2014.09.17 15:30:27.482,12.35701,12.3598,0.00,0.00
2014.09.17 15:30:29.835,12.35701,12.36028,0.00,0.00
2014.09.17 15:30:30.195,12.35701,12.36016,0.00,0.00
2014.09.17 15:30:31.098,12.35701,12.36039,0.00,0.00
2014.09.17 15:30:31.736,12.35701,12.36021,0.00,0.00
2014.09.17 15:30:32.246,12.35652,12.35942,0.00,0.00
2014.09.17 15:30:33.109,12.35601,12.35942,0.00,0.00
2014.09.17 15:30:34.336,12.35601,12.35941,0.00,0.00
2014.09.17 15:30:35.113,12.35639,12.35941,0.00,0.00
2014.09.17 15:30:35.163,12.35639,12.35954,0.00,0.00
2014.09.17 15:30:35.214,12.35651,12.35954,0.00,0.00
2014.09.17 15:30:35.264,12.35651,12.35974,0.00,0.00
2014.09.17 15:30:36.521,12.35656,12.36,0.00,0.00
2014.09.17 15:30:36.822,12.35651,12.35987,0.00,0.00
2014.09.17 15:30:37.378,12.35651,12.3597,0.00,0.00
2014.09.17 15:30:37.428,12.35622,12.35943,0.00,0.00
2014.09.17 15:30:37.479,12.35601,12.35943,0.00,0.00
2014.09.17 15:30:38.446,12.35631,12.35959,0.00,0.00
2014.09.17 15:30:38.907,12.35651,12.35975,0.00,0.00
2014.09.17 15:30:41.649,12.35657,12.35999,0.00,0.00
2014.09.17 15:30:42.016,12.35657,12.35959,0.00,0.00
2014.09.17 15:30:42.066,12.35639,12.35959,0.00,0.00
2014.09.17 15:30:42.167,12.35622,12.35943,0.00,0.00
2014.09.17 15:30:42.218,12.35601,12.35943,0.00,0.00
2014.09.17 15:30:48.646,12.35651,12.35959,0.00,0.00
2014.09.17 15:30:48.772,12.35701,12.36025,0.00,0.00
2014.09.17 15:30:48.873,12.35707,12.36049,0.00,0.00
2014.09.17 15:30:49.449,12.35701,12.36038,0.00,0.00
2014.09.17 15:30:50.651,12.35707,12.36049,0.00,0.00
2014.09.17 15:30:52.164,12.35701,12.36021,0.00,0.00
2014.09.17 15:30:52.495,12.35701,12.36033,0.00,0.00
2014.09.17 15:30:53.235,12.35689,12.35999,0.00,0.00
2014.09.17 15:30:53.485,12.35672,12.35999,0.00,0.00
2014.09.17 15:30:53.536,12.35672,12.35971,0.00,0.00
2014.09.17 15:30:53.636,12.35621,12.3594,0.00,0.00
2014.09.17 15:30:54.475,12.35602,12.3594,0.00,0.00
2014.09.17 15:31:00.867,12.35621,12.35958,0.00,0.00
2014.09.17 15:31:00.992,12.35606,12.35948,0.00,0.00
2014.09.17 15:31:01.468,12.3562,12.35958,0.00,0.00
2014.09.17 15:31:02.169,12.35602,12.35936,0.00,0.00
2014.09.17 15:31:02.469,12.35607,12.35949,0.00,0.00
2014.09.17 15:31:02.619,12.35602,12.35935,0.00,0.00
2014.09.17 15:31:02.670,12.35606,12.3595,0.00,0.00
2014.09.17 15:31:03.271,12.35602,12.35935,0.00,0.00
2014.09.17 15:31:03.872,12.35606,12.3595,0.00,0.00
2014.09.17 15:31:04.573,12.35602,12.35934,0.00,0.00
2014.09.17 15:31:05.089,12.35602,12.35932,0.00,0.00
2014.09.17 15:31:05.987,12.35607,12.35949,0.00,0.00
2014.09.17 15:31:08.195,12.35701,12.35949,0.00,0.00
2014.09.17 15:31:08.327,12.35701,12.35965,0.00,0.00
2014.09.17 15:31:08.428,12.35701,12.36,0.00,0.00
2014.09.17 15:31:08.529,12.35701,12.36021,0.00,0.00
2014.09.17 15:31:09.330,12.35701,12.3602,0.00,0.00
2014.09.17 15:31:09.785,12.35701,12.36014,0.00,0.00
2014.09.17 15:31:10.231,12.35701,12.36001,0.00,0.00
2014.09.17 15:31:10.487,12.35701,12.36021,0.00,0.00
2014.09.17 15:31:10.590,12.35701,12.36006,0.00,0.00
2014.09.17 15:31:11.187,12.35701,12.3602,0.00,0.00
2014.09.17 15:31:12.077,12.35701,12.36021,0.00,0.00
2014.09.17 15:31:12.634,12.35701,12.3599,0.00,0.00
2014.09.17 15:31:12.891,12.35701,12.36004,0.00,0.00
2014.09.17 15:31:13.241,12.35701,12.3602,0.00,0.00
2014.09.17 15:31:14.629,12.35701,12.36021,0.00,0.00
2014.09.17 15:31:14.795,12.35701,12.36003,0.00,0.00
2014.09.17 15:31:15.096,12.35701,12.3602,0.00,0.00
2014.09.17 15:31:17.996,12.35701,12.36021,0.00,0.00
2014.09.17 15:31:18.147,12.35701,12.36005,0.00,0.00
2014.09.17 15:31:18.248,12.35661,12.35991,0.00,0.00
2014.09.17 15:31:18.359,12.35651,12.35991,0.00,0.00
2014.09.17 15:31:18.502,12.35651,12.35965,0.00,0.00
2014.09.17 15:31:18.702,12.35651,12.3598,0.00,0.00
2014.09.17 15:31:18.911,12.35651,12.35944,0.00,0.00
2014.09.17 15:31:19.403,12.35651,12.35965,0.00,0.00
2014.09.17 15:31:19.504,12.35662,12.35925,0.00,0.00
2014.09.17 15:31:19.605,12.35622,12.35925,0.00,0.00
2014.09.17 15:31:20.125,12.35592,12.3591,0.00,0.00
2014.09.17 15:31:20.955,12.35572,12.3591,0.00,0.00
2014.09.17 15:31:25.224,12.35576,12.35918,0.00,0.00
2014.09.17 15:31:25.858,12.3559,12.35918,0.00,0.00
2014.09.17 15:31:26.224,12.35579,12.35918,0.00,0.00
2014.09.17 15:31:26.325,12.35572,12.35908,0.00,0.00
2014.09.17 15:31:27.049,12.35566,12.35908,0.00,0.00
2014.09.17 15:31:27.251,12.35591,12.35918,0.00,0.00
2014.09.17 15:31:27.651,12.35571,12.35906,0.00,0.00
2014.09.17 15:31:27.868,12.35593,12.35918,0.00,0.00
2014.09.17 15:31:29.541,12.35579,12.35918,0.00,0.00
2014.09.17 15:31:30.944,12.35578,12.35918,0.00,0.00
2014.09.17 15:31:31.246,12.35595,12.35918,0.00,0.00
2014.09.17 15:31:31.376,12.35595,12.35937,0.00,0.00
2014.09.17 15:31:31.426,12.35639,12.35937,0.00,0.00
2014.09.17 15:31:31.477,12.35661,12.35968,0.00,0.00
2014.09.17 15:31:32.697,12.35661,12.35997,0.00,0.00
2014.09.17 15:31:34.235,12.35691,12.35997,0.00,0.00
2014.09.17 15:31:34.386,12.35761,12.36069,0.00,0.00
2014.09.17 15:31:35.666,12.35761,12.36102,0.00,0.00
2014.09.17 15:31:36.011,12.35761,12.36088,0.00,0.00
2014.09.17 15:31:36.346,12.35741,12.36022,0.00,0.00
2014.09.17 15:31:36.397,12.35741,12.3604,0.00,0.00
2014.09.17 15:31:36.556,12.35749,12.3604,0.00,0.00
2014.09.17 15:31:36.607,12.35749,12.36074,0.00,0.00
2014.09.17 15:31:36.707,12.35755,12.36097,0.00,0.00
2014.09.17 15:31:36.758,12.35761,12.36097,0.00,0.00
2014.09.17 15:31:37.527,12.35762,12.36097,0.00,0.00
2014.09.17 15:31:37.831,12.35724,12.36068,0.00,0.00
2014.09.17 15:31:37.931,12.35711,12.36053,0.00,0.00
2014.09.17 15:31:37.982,12.35709,12.36053,0.00,0.00
2014.09.17 15:31:38.033,12.35692,12.35998,0.00,0.00
2014.09.17 15:31:39.074,12.35672,12.35998,0.00,0.00
2014.09.17 15:31:40.395,12.35675,12.36019,0.00,0.00
2014.09.17 15:31:41.099,12.35672,12.35998,0.00,0.00
2014.09.17 15:31:41.314,12.35691,12.36024,0.00,0.00
2014.09.17 15:31:41.364,12.35711,12.36024,0.00,0.00
2014.09.17 15:31:41.415,12.35749,12.36069,0.00,0.00
2014.09.17 15:31:41.465,12.35762,12.36069,0.00,0.00
2014.09.17 15:31:42.706,12.35762,12.36098,0.00,0.00
2014.09.17 15:31:44.025,12.35761,12.36098,0.00,0.00
2014.09.17 15:31:45.200,12.35762,12.36098,0.00,0.00
2014.09.17 15:31:47.349,12.35761,12.36098,0.00,0.00
2014.09.17 15:31:49.530,12.35794,12.36118,0.00,0.00
2014.09.17 15:31:51.433,12.35762,12.36106,0.00,0.00
2014.09.17 15:31:55.134,12.35762,12.36069,0.00,0.00
2014.09.17 15:31:55.184,12.3572,12.36037,0.00,0.00
2014.09.17 15:31:55.285,12.35691,12.36026,0.00,0.00
2014.09.17 15:31:55.341,12.35691,12.36013,0.00,0.00
2014.09.17 15:31:55.692,12.35691,12.35997,0.00,0.00
2014.09.17 15:31:55.742,12.35691,12.36012,0.00,0.00
2014.09.17 15:31:55.843,12.35699,12.36041,0.00,0.00
2014.09.17 15:31:56.143,12.35691,12.36013,0.00,0.00
2014.09.17 15:31:56.243,12.3572,12.36064,0.00,0.00
2014.09.17 15:31:56.344,12.35699,12.36043,0.00,0.00
2014.09.17 15:31:56.745,12.35661,12.35968,0.00,0.00
2014.09.17 15:31:57.470,12.35649,12.35968,0.00,0.00
2014.09.17 15:31:58.049,12.35633,12.35968,0.00,0.00
2014.09.17 15:31:58.491,12.35684,12.35968,0.00,0.00
2014.09.17 15:31:59.552,12.35667,12.35968,0.00,0.00
2014.09.17 15:32:00.854,12.35684,12.35968,0.00,0.00
2014.09.17 15:32:01.656,12.35668,12.35968,0.00,0.00
2014.09.17 15:32:04.475,12.35629,12.35965,0.00,0.00
2014.09.17 15:32:04.525,12.35642,12.35965,0.00,0.00
2014.09.17 15:32:04.576,12.35689,12.36018,0.00,0.00
2014.09.17 15:32:04.964,12.35663,12.36005,0.00,0.00
2014.09.17 15:32:05.914,12.35663,12.35969,0.00,0.00
2014.09.17 15:32:06.714,12.35685,12.35969,0.00,0.00
2014.09.17 15:32:07.063,12.35696,12.35969,0.00,0.00
2014.09.17 15:32:07.282,12.35671,12.36008,0.00,0.00
2014.09.17 15:32:07.368,12.35664,12.36008,0.00,0.00
2014.09.17 15:32:11.077,12.35677,12.36019,0.00,0.00
2014.09.17 15:32:11.179,12.35662,12.36006,0.00,0.00
2014.09.17 15:32:11.230,12.35671,12.36006,0.00,0.00
2014.09.17 15:32:11.634,12.35693,12.36037,0.00,0.00
2014.09.17 15:32:11.685,12.35758,12.36068,0.00,0.00
2014.09.17 15:32:12.013,12.35778,12.36068,0.00,0.00
2014.09.17 15:32:12.114,12.35762,12.36068,0.00,0.00
2014.09.17 15:32:12.180,12.35776,12.36068,0.00,0.00
2014.09.17 15:32:12.394,12.35762,12.36068,0.00,0.00
2014.09.17 15:32:12.611,12.35777,12.36068,0.00,0.00
2014.09.17 15:32:12.919,12.35762,12.36068,0.00,0.00
2014.09.17 15:32:13.064,12.35762,12.36106,0.00,0.00
2014.09.17 15:32:13.783,12.35785,12.36118,0.00,0.00
2014.09.17 15:32:14.084,12.35769,12.36113,0.00,0.00
2014.09.17 15:32:14.705,12.35761,12.361,0.00,0.00
2014.09.17 15:32:14.886,12.35772,12.36114,0.00,0.00
2014.09.17 15:32:15.487,12.35788,12.36118,0.00,0.00
2014.09.17 15:32:15.888,12.35771,12.36115,0.00,0.00
2014.09.17 15:32:18.493,12.35762,12.36037,0.00,0.00
2014.09.17 15:32:18.594,12.3572,12.36037,0.00,0.00
2014.09.17 15:32:18.645,12.35711,12.36037,0.00,0.00
2014.09.17 15:32:18.695,12.35711,12.36019,0.00,0.00
2014.09.17 15:32:18.745,12.35692,12.36019,0.00,0.00
2014.09.17 15:32:19.396,12.35692,12.36018,0.00,0.00
2014.09.17 15:32:19.797,12.35692,12.36035,0.00,0.00
2014.09.17 15:32:19.897,12.35702,12.36018,0.00,0.00
2014.09.17 15:32:22.538,12.35703,12.36018,0.00,0.00
2014.09.17 15:32:22.743,12.35682,12.36018,0.00,0.00
2014.09.17 15:32:23.804,12.35693,12.36018,0.00,0.00
2014.09.17 15:32:25.107,12.35682,12.36018,0.00,0.00
2014.09.17 15:32:25.408,12.35693,12.36018,0.00,0.00
2014.09.17 15:32:26.258,12.35682,12.36018,0.00,0.00
2014.09.17 15:32:27.958,12.35693,12.36018,0.00,0.00
2014.09.17 15:32:30.418,12.35682,12.36018,0.00,0.00
2014.09.17 15:32:30.931,12.35702,12.36018,0.00,0.00
2014.09.17 15:32:31.275,12.35803,12.36069,0.00,0.00
2014.09.17 15:32:31.932,12.35789,12.36069,0.00,0.00
2014.09.17 15:32:32.138,12.35803,12.36069,0.00,0.00
2014.09.17 15:32:32.424,12.35803,12.36119,0.00,0.00
2014.09.17 15:32:39.365,12.35785,12.36119,0.00,0.00
2014.09.17 15:32:40.585,12.35803,12.36119,0.00,0.00
2014.09.17 15:32:43.641,12.35828,12.36119,0.00,0.00
2014.09.17 15:32:43.692,12.35828,12.36169,0.00,0.00
2014.09.17 15:32:43.742,12.35878,12.36169,0.00,0.00
2014.09.17 15:32:44.085,12.35888,12.36169,0.00,0.00
2014.09.17 15:32:44.344,12.35863,12.36169,0.00,0.00
2014.09.17 15:32:44.677,12.35937,12.36269,0.00,0.00
2014.09.17 15:32:44.728,12.35961,12.36269,0.00,0.00
2014.09.17 15:32:45.036,12.36061,12.36269,0.00,0.00
2014.09.17 15:32:45.087,12.36061,12.364,0.00,0.00
2014.09.17 15:32:47.161,12.36067,12.36411,0.00,0.00
2014.09.17 15:32:50.206,12.36071,12.36411,0.00,0.00
2014.09.17 15:32:53.545,12.36091,12.36411,0.00,0.00
2014.09.17 15:32:53.849,12.36151,12.36469,0.00,0.00
2014.09.17 15:32:54.891,12.36151,12.36465,0.00,0.00
2014.09.17 15:32:55.042,12.36091,12.36419,0.00,0.00
2014.09.17 15:32:55.093,12.36091,12.36405,0.00,0.00
2014.09.17 15:32:55.219,12.36071,12.36405,0.00,0.00
2014.09.17 15:32:55.269,12.36071,12.36371,0.00,0.00
2014.09.17 15:32:55.320,12.36061,12.36371,0.00,0.00
2014.09.17 15:32:55.420,12.36061,12.3633,0.00,0.00
2014.09.17 15:32:55.471,12.36041,12.3633,0.00,0.00
2014.09.17 15:32:55.572,12.36041,12.3635,0.00,0.00
2014.09.17 15:32:55.622,12.36041,12.36325,0.00,0.00
2014.09.17 15:32:55.673,12.35982,12.36319,0.00,0.00
2014.09.17 15:32:55.723,12.35982,12.36304,0.00,0.00
2014.09.17 15:32:56.200,12.35982,12.36319,0.00,0.00
2014.09.17 15:32:56.301,12.36022,12.36319,0.00,0.00
2014.09.17 15:32:56.633,12.36061,12.36355,0.00,0.00
2014.09.17 15:32:56.734,12.36061,12.364,0.00,0.00
2014.09.17 15:32:58.759,12.36061,12.36329,0.00,0.00
2014.09.17 15:32:58.809,12.36031,12.36329,0.00,0.00
2014.09.17 15:32:58.860,12.35992,12.36329,0.00,0.00
2014.09.17 15:32:59.217,12.35992,12.36319,0.00,0.00
2014.09.17 15:32:59.525,12.35992,12.36305,0.00,0.00
2014.09.17 15:32:59.929,12.35992,12.3632,0.00,0.00
2014.09.17 15:33:00.085,12.35982,12.36319,0.00,0.00
2014.09.17 15:33:00.259,12.35976,12.36319,0.00,0.00
2014.09.17 15:33:00.519,12.35972,12.36305,0.00,0.00
2014.09.17 15:33:01.198,12.35971,12.36305,0.00,0.00
2014.09.17 15:33:01.622,12.35976,12.36319,0.00,0.00
2014.09.17 15:33:02.550,12.3598,12.36319,0.00,0.00
2014.09.17 15:33:02.856,12.36062,12.36369,0.00,0.00
2014.09.17 15:33:03.914,12.36062,12.36405,0.00,0.00
2014.09.17 15:33:04.128,12.36072,12.36405,0.00,0.00
2014.09.17 15:33:04.849,12.36072,12.36404,0.00,0.00
2014.09.17 15:33:07.454,12.36062,12.36404,0.00,0.00
2014.09.17 15:33:08.272,12.36061,12.36394,0.00,0.00
2014.09.17 15:33:08.816,12.36052,12.36369,0.00,0.00
2014.09.17 15:33:11.338,12.36029,12.36369,0.00,0.00
2014.09.17 15:33:11.439,12.36026,12.36369,0.00,0.00
2014.09.17 15:33:16.603,12.36029,12.36369,0.00,0.00
2014.09.17 15:33:17.070,12.36042,12.36369,0.00,0.00
2014.09.17 15:33:21.745,12.36042,12.36319,0.00,0.00
2014.09.17 15:33:21.795,12.35999,12.36319,0.00,0.00
2014.09.17 15:33:21.846,12.3598,12.36319,0.00,0.00
2014.09.17 15:33:22.073,12.35988,12.36319,0.00,0.00
2014.09.17 15:33:22.405,12.36041,12.3633,0.00,0.00
2014.09.17 15:33:22.506,12.36062,12.3638,0.00,0.00
2014.09.17 15:33:22.668,12.36062,12.36404,0.00,0.00
2014.09.17 15:33:23.922,12.36062,12.36369,0.00,0.00
2014.09.17 15:33:24.073,12.36042,12.36369,0.00,0.00
2014.09.17 15:33:26.233,12.36042,12.36319,0.00,0.00
2014.09.17 15:33:26.283,12.36021,12.36319,0.00,0.00
2014.09.17 15:33:26.359,12.36011,12.36319,0.00,0.00
2014.09.17 15:33:26.460,12.3598,12.36319,0.00,0.00
2014.09.17 15:33:26.868,12.35987,12.36319,0.00,0.00
2014.09.17 15:33:27.175,12.36071,12.36405,0.00,0.00
2014.09.17 15:33:28.217,12.36072,12.36405,0.00,0.00
2014.09.17 15:33:33.717,12.36071,12.36405,0.00,0.00
2014.09.17 15:33:36.296,12.36071,12.36379,0.00,0.00
2014.09.17 15:33:36.503,12.36051,12.36368,0.00,0.00
2014.09.17 15:33:38.153,12.36022,12.36319,0.00,0.00
2014.09.17 15:33:38.254,12.35972,12.36304,0.00,0.00
2014.09.17 15:33:38.932,12.35989,12.36319,0.00,0.00
2014.09.17 15:33:39.253,12.36072,12.36416,0.00,0.00
2014.09.17 15:33:39.918,12.36072,12.36404,0.00,0.00
2014.09.17 15:33:40.243,12.36075,12.36417,0.00,0.00
2014.09.17 15:33:40.344,12.36086,12.36428,0.00,0.00
2014.09.17 15:33:40.626,12.36074,12.36418,0.00,0.00
2014.09.17 15:33:40.828,12.36072,12.36405,0.00,0.00
2014.09.17 15:33:41.130,12.36086,12.3643,0.00,0.00
2014.09.17 15:33:41.357,12.36072,12.36404,0.00,0.00
2014.09.17 15:33:42.737,12.36083,12.36425,0.00,0.00
2014.09.17 15:33:44.052,12.36072,12.36405,0.00,0.00
2014.09.17 15:33:44.243,12.36061,12.36405,0.00,0.00
2014.09.17 15:33:44.362,12.3608,12.36424,0.00,0.00
2014.09.17 15:33:45.691,12.36067,12.36409,0.00,0.00
2014.09.17 15:33:45.995,12.36082,12.36424,0.00,0.00
2014.09.17 15:33:46.962,12.36061,12.36405,0.00,0.00
2014.09.17 15:33:48.974,12.36078,12.36422,0.00,0.00
2014.09.17 15:33:49.475,12.36062,12.36404,0.00,0.00
2014.09.17 15:33:50.009,12.36077,12.36421,0.00,0.00
2014.09.17 15:33:50.314,12.36074,12.36418,0.00,0.00
2014.09.17 15:33:50.795,12.36072,12.36404,0.00,0.00
2014.09.17 15:33:50.930,12.36085,12.36429,0.00,0.00
2014.09.17 15:33:51.034,12.36061,12.36405,0.00,0.00
2014.09.17 15:33:52.083,12.36061,12.36389,0.00,0.00
2014.09.17 15:33:52.234,12.36041,12.36385,0.00,0.00
2014.09.17 15:33:52.395,12.3603,12.36357,0.00,0.00
2014.09.17 15:33:52.446,12.36022,12.36357,0.00,0.00
2014.09.17 15:33:52.775,12.36027,12.36369,0.00,0.00
2014.09.17 15:33:53.905,12.36044,12.36386,0.00,0.00
2014.09.17 15:33:55.137,12.36076,12.36389,0.00,0.00
2014.09.17 15:33:55.651,12.36042,12.36384,0.00,0.00
2014.09.17 15:33:56.224,12.36032,12.36376,0.00,0.00
2014.09.17 15:33:56.726,12.36046,12.36389,0.00,0.00
2014.09.17 15:33:57.327,12.36031,12.36373,0.00,0.00
2014.09.17 15:33:57.718,12.36061,12.36373,0.00,0.00
2014.09.17 15:33:57.828,12.36081,12.36419,0.00,0.00
2014.09.17 15:33:57.929,12.36061,12.36405,0.00,0.00
2014.09.17 15:33:57.979,12.36061,12.36391,0.00,0.00
2014.09.17 15:33:58.281,12.36061,12.36349,0.00,0.00
2014.09.17 15:33:58.332,12.36061,12.3637,0.00,0.00
2014.09.17 15:33:58.560,12.36061,12.36385,0.00,0.00
2014.09.17 15:33:58.630,12.36061,12.36404,0.00,0.00
2014.09.17 15:33:59.148,12.36045,12.36388,0.00,0.00
2014.09.17 15:34:00.052,12.36082,12.36388,0.00,0.00
2014.09.17 15:34:00.471,12.36082,12.36426,0.00,0.00
2014.09.17 15:34:00.571,12.36062,12.36404,0.00,0.00
2014.09.17 15:34:01.231,12.36062,12.36371,0.00,0.00
2014.09.17 15:34:01.382,12.36,12.36339,0.00,0.00
2014.09.17 15:34:01.487,12.35978,12.3632,0.00,0.00
2014.09.17 15:34:01.795,12.35994,12.36336,0.00,0.00
2014.09.17 15:34:02.261,12.36092,12.36434,0.00,0.00
2014.09.17 15:34:03.092,12.36079,12.36423,0.00,0.00
2014.09.17 15:34:03.194,12.36095,12.36439,0.00,0.00
2014.09.17 15:34:03.513,12.3619,12.36534,0.00,0.00
2014.09.17 15:34:03.834,12.36176,12.36518,0.00,0.00
2014.09.17 15:34:03.885,12.3619,12.36534,0.00,0.00
2014.09.17 15:34:03.989,12.36162,12.3648,0.00,0.00
2014.09.17 15:34:04.299,12.36161,12.36459,0.00,0.00
2014.09.17 15:34:04.400,12.36183,12.36527,0.00,0.00
2014.09.17 15:34:04.457,12.36166,12.3651,0.00,0.00
2014.09.17 15:34:04.957,12.36169,12.36511,0.00,0.00
2014.09.17 15:34:06.962,12.36162,12.36496,0.00,0.00
2014.09.17 15:34:07.801,12.36162,12.3648,0.00,0.00
2014.09.17 15:34:08.202,12.3619,12.36532,0.00,0.00
2014.09.17 15:34:08.366,12.36177,12.36519,0.00,0.00
2014.09.17 15:34:08.467,12.36195,12.36539,0.00,0.00
2014.09.17 15:34:09.068,12.36169,12.36513,0.00,0.00
2014.09.17 15:34:09.504,12.362,12.36539,0.00,0.00
2014.09.17 15:34:09.570,12.36185,12.36529,0.00,0.00
2014.09.17 15:34:11.193,12.36202,12.36539,0.00,0.00
2014.09.17 15:34:11.705,12.36181,12.36525,0.00,0.00
2014.09.17 15:34:12.377,12.3617,12.36512,0.00,0.00
2014.09.17 15:34:12.685,12.36196,12.36538,0.00,0.00
2014.09.17 15:34:13.039,12.36162,12.36504,0.00,0.00
2014.09.17 15:34:13.089,12.36187,12.36531,0.00,0.00
2014.09.17 15:34:13.496,12.36161,12.36505,0.00,0.00
2014.09.17 15:34:13.822,12.36161,12.36489,0.00,0.00
2014.09.17 15:34:14.023,12.36111,12.36446,0.00,0.00
2014.09.17 15:34:14.422,12.36111,12.36431,0.00,0.00
2014.09.17 15:34:15.204,12.36089,12.36431,0.00,0.00
2014.09.17 15:34:15.786,12.36109,12.36439,0.00,0.00
2014.09.17 15:34:15.987,12.36091,12.36433,0.00,0.00
2014.09.17 15:34:16.388,12.3611,12.36439,0.00,0.00
2014.09.17 15:34:16.488,12.36094,12.36438,0.00,0.00
2014.09.17 15:34:17.918,12.36112,12.36439,0.00,0.00
2014.09.17 15:34:18.738,12.36094,12.36438,0.00,0.00
2014.09.17 15:34:18.993,12.36116,12.36439,0.00,0.00
2014.09.17 15:34:19.898,12.36101,12.36439,0.00,0.00
2014.09.17 15:34:19.999,12.36084,12.36428,0.00,0.00
2014.09.17 15:34:20.481,12.36084,12.36389,0.00,0.00
2014.09.17 15:34:20.632,12.36072,12.36389,0.00,0.00
2014.09.17 15:34:20.733,12.36063,12.36389,0.00,0.00
2014.09.17 15:34:20.897,12.3605,12.36389,0.00,0.00
2014.09.17 15:34:21.421,12.36068,12.36389,0.00,0.00
2014.09.17 15:34:21.829,12.36102,12.36389,0.00,0.00
2014.09.17 15:34:21.911,12.36102,12.36439,0.00,0.00
2014.09.17 15:34:22.040,12.36072,12.36413,0.00,0.00
2014.09.17 15:34:23.304,12.36083,12.36427,0.00,0.00
2014.09.17 15:34:23.533,12.36099,12.36439,0.00,0.00
2014.09.17 15:34:27.415,12.36075,12.36419,0.00,0.00
2014.09.17 15:34:28.723,12.36092,12.36434,0.00,0.00
2014.09.17 15:34:28.937,12.36065,12.36409,0.00,0.00
2014.09.17 15:34:29.088,12.36065,12.36388,0.00,0.00
2014.09.17 15:34:29.241,12.36055,12.36388,0.00,0.00
2014.09.17 15:34:29.523,12.36042,12.36384,0.00,0.00
2014.09.17 15:34:30.225,12.36035,12.36379,0.00,0.00
2014.09.17 15:34:31.467,12.36049,12.36388,0.00,0.00
2014.09.17 15:34:31.933,12.36072,12.36388,0.00,0.00
2014.09.17 15:34:32.331,12.36087,12.36388,0.00,0.00
2014.09.17 15:34:34.891,12.36087,12.36408,0.00,0.00
2014.09.17 15:34:35.459,12.36088,12.36408,0.00,0.00
2014.09.17 15:34:35.560,12.36062,12.36404,0.00,0.00
2014.09.17 15:34:36.148,12.36048,12.36338,0.00,0.00
2014.09.17 15:34:36.249,12.36031,12.36338,0.00,0.00
2014.09.17 15:34:36.455,12.36072,12.36338,0.00,0.00
2014.09.17 15:34:37.421,12.36072,12.36388,0.00,0.00
2014.09.17 15:34:42.455,12.36088,12.36388,0.00,0.00
2014.09.17 15:34:43.361,12.36088,12.36408,0.00,0.00
2014.09.17 15:34:43.412,12.36088,12.3643,0.00,0.00
2014.09.17 15:34:43.462,12.36105,12.36438,0.00,0.00
2014.09.17 15:34:44.005,12.36086,12.3643,0.00,0.00
2014.09.17 15:34:44.106,12.36102,12.36438,0.00,0.00
2014.09.17 15:34:44.207,12.36087,12.36429,0.00,0.00
2014.09.17 15:34:45.489,12.36101,12.36438,0.00,0.00
2014.09.17 15:34:46.551,12.36112,12.36445,0.00,0.00
2014.09.17 15:34:46.865,12.36207,12.36488,0.00,0.00
2014.09.17 15:34:47.866,12.36177,12.36488,0.00,0.00
2014.09.17 15:34:47.980,12.36177,12.36519,0.00,0.00
2014.09.17 15:34:48.769,12.36191,12.36535,0.00,0.00
2014.09.17 15:34:49.371,12.36176,12.3652,0.00,0.00
2014.09.17 15:34:50.098,12.36174,12.36518,0.00,0.00
2014.09.17 15:34:51.378,12.36198,12.36539,0.00,0.00
2014.09.17 15:34:51.679,12.36185,12.36529,0.00,0.00
2014.09.17 15:34:52.382,12.36203,12.36539,0.00,0.00
2014.09.17 15:34:53.184,12.36182,12.36526,0.00,0.00
2014.09.17 15:34:53.717,12.36207,12.36539,0.00,0.00
2014.09.17 15:34:54.488,12.36183,12.36525,0.00,0.00
2014.09.17 15:34:55.220,12.36207,12.36539,0.00,0.00
2014.09.17 15:34:56.292,12.36194,12.36538,0.00,0.00
2014.09.17 15:34:57.094,12.36207,12.36539,0.00,0.00
2014.09.17 15:34:57.552,12.36207,12.36488,0.00,0.00
2014.09.17 15:34:57.602,12.36195,12.36488,0.00,0.00
2014.09.17 15:34:57.730,12.36184,12.36488,0.00,0.00
2014.09.17 15:34:57.897,12.36166,12.36488,0.00,0.00
2014.09.17 15:34:59.530,12.36166,12.3651,0.00,0.00
2014.09.17 15:34:59.631,12.36161,12.36496,0.00,0.00
2014.09.17 15:34:59.945,12.36207,12.36539,0.00,0.00
2014.09.17 15:35:01.070,12.36207,12.36489,0.00,0.00
2014.09.17 15:35:01.121,12.36197,12.36489,0.00,0.00
2014.09.17 15:35:01.205,12.36186,12.36489,0.00,0.00
2014.09.17 15:35:01.544,12.36156,12.36489,0.00,0.00
2014.09.17 15:35:01.697,12.36156,12.36469,0.00,0.00
2014.09.17 15:35:01.747,12.36137,12.36469,0.00,0.00
2014.09.17 15:35:01.848,12.36111,12.3645,0.00,0.00
2014.09.17 15:35:02.152,12.36111,12.36441,0.00,0.00
2014.09.17 15:35:02.461,12.36022,12.36366,0.00,0.00
2014.09.17 15:35:02.512,12.36011,12.3635,0.00,0.00
2014.09.17 15:35:03.609,12.36008,12.36339,0.00,0.00
2014.09.17 15:35:03.660,12.35994,12.36338,0.00,0.00
2014.09.17 15:35:04.329,12.35979,12.36323,0.00,0.00
2014.09.17 15:35:05.046,12.35983,12.36327,0.00,0.00
2014.09.17 15:35:05.565,12.35962,12.36304,0.00,0.00
2014.09.17 15:35:05.921,12.35961,12.36259,0.00,0.00
2014.09.17 15:35:05.971,12.35915,12.36259,0.00,0.00
2014.09.17 15:35:06.022,12.35911,12.36238,0.00,0.00
2014.09.17 15:35:06.624,12.35911,12.36248,0.00,0.00
2014.09.17 15:35:07.024,12.35911,12.36236,0.00,0.00
2014.09.17 15:35:07.232,12.35894,12.36236,0.00,0.00
2014.09.17 15:35:08.474,12.35908,12.36239,0.00,0.00
2014.09.17 15:35:10.279,12.35891,12.36235,0.00,0.00
2014.09.17 15:35:10.536,12.35886,12.3623,0.00,0.00
2014.09.17 15:35:11.016,12.35907,12.36239,0.00,0.00
2014.09.17 15:35:11.332,12.35884,12.36228,0.00,0.00
2014.09.17 15:35:12.005,12.35885,12.36229,0.00,0.00
2014.09.17 15:35:12.056,12.35898,12.36239,0.00,0.00
2014.09.17 15:35:12.234,12.35883,12.36225,0.00,0.00
2014.09.17 15:35:12.734,12.35899,12.36239,0.00,0.00
2014.09.17 15:35:14.479,12.35887,12.36231,0.00,0.00
2014.09.17 15:35:14.644,12.35907,12.36239,0.00,0.00
2014.09.17 15:35:14.978,12.35886,12.36188,0.00,0.00
2014.09.17 15:35:15.095,12.35869,12.36188,0.00,0.00
2014.09.17 15:35:15.358,12.35847,12.36188,0.00,0.00
2014.09.17 15:35:15.449,12.35875,12.36188,0.00,0.00
2014.09.17 15:35:15.851,12.35861,12.36188,0.00,0.00
2014.09.17 15:35:16.142,12.35862,12.36203,0.00,0.00
2014.09.17 15:35:16.298,12.35888,12.36232,0.00,0.00
2014.09.17 15:35:16.789,12.35895,12.36238,0.00,0.00
2014.09.17 15:35:16.956,12.35879,12.36223,0.00,0.00
2014.09.17 15:35:17.056,12.35872,12.3621,0.00,0.00
2014.09.17 15:35:17.958,12.35868,12.3621,0.00,0.00
2014.09.17 15:35:20.973,12.35878,12.36222,0.00,0.00
2014.09.17 15:35:21.073,12.35878,12.36171,0.00,0.00
2014.09.17 15:35:21.224,12.35811,12.36145,0.00,0.00
2014.09.17 15:35:21.324,12.35811,12.36125,0.00,0.00
2014.09.17 15:35:21.630,12.35811,12.3615,0.00,0.00
2014.09.17 15:35:22.432,12.35808,12.36139,0.00,0.00
2014.09.17 15:35:22.705,12.35783,12.36127,0.00,0.00
2014.09.17 15:35:23.046,12.35773,12.36115,0.00,0.00
2014.09.17 15:35:25.921,12.35793,12.36137,0.00,0.00
2014.09.17 15:35:26.143,12.35767,12.36111,0.00,0.00
2014.09.17 15:35:26.531,12.35781,12.36123,0.00,0.00
2014.09.17 15:35:26.861,12.35768,12.3611,0.00,0.00
2014.09.17 15:35:27.241,12.35761,12.36091,0.00,0.00
2014.09.17 15:35:27.571,12.35792,12.36088,0.00,0.00
2014.09.17 15:35:27.622,12.35789,12.36088,0.00,0.00
2014.09.17 15:35:28.564,12.35768,12.36088,0.00,0.00
2014.09.17 15:35:30.721,12.35748,12.36088,0.00,0.00
2014.09.17 15:35:30.789,12.35748,12.36071,0.00,0.00
2014.09.17 15:35:30.840,12.3568,12.36022,0.00,0.00
2014.09.17 15:35:31.145,12.35707,12.36038,0.00,0.00
2014.09.17 15:35:31.246,12.35677,12.36021,0.00,0.00
2014.09.17 15:35:31.653,12.35707,12.36038,0.00,0.00
2014.09.17 15:35:31.823,12.35692,12.36036,0.00,0.00
2014.09.17 15:35:33.727,12.35706,12.36038,0.00,0.00
2014.09.17 15:35:33.927,12.35676,12.36018,0.00,0.00
2014.09.17 15:35:34.128,12.35661,12.35988,0.00,0.00
2014.09.17 15:35:34.229,12.35651,12.35988,0.00,0.00
2014.09.17 15:35:34.280,12.3563,12.35988,0.00,0.00
2014.09.17 15:35:34.551,12.35651,12.35988,0.00,0.00
2014.09.17 15:35:34.909,12.35662,12.35988,0.00,0.00
2014.09.17 15:35:35.521,12.35662,12.36039,0.00,0.00
2014.09.17 15:35:36.648,12.35661,12.36039,0.00,0.00
2014.09.17 15:35:44.665,12.35687,12.36031,0.00,0.00
2014.09.17 15:35:45.768,12.35671,12.36015,0.00,0.00
2014.09.17 15:35:46.354,12.35702,12.36039,0.00,0.00
2014.09.17 15:35:49.602,12.35702,12.36046,0.00,0.00
2014.09.17 15:35:49.703,12.35701,12.36014,0.00,0.00
2014.09.17 15:35:49.982,12.35701,12.36045,0.00,0.00
2014.09.17 15:35:54.050,12.35701,12.36011,0.00,0.00
2014.09.17 15:35:55.871,12.35667,12.36009,0.00,0.00
2014.09.17 15:35:56.446,12.35668,12.36009,0.00,0.00
2014.09.17 15:35:56.715,12.35668,12.35871,0.00,0.00
2014.09.17 15:35:56.816,12.35622,12.3585,0.00,0.00
2014.09.17 15:35:56.887,12.35508,12.3585,0.00,0.00
2014.09.17 15:35:56.938,12.35501,12.35799,0.00,0.00
2014.09.17 15:35:58.673,12.35501,12.35826,0.00,0.00
2014.09.17 15:36:01.541,12.35501,12.35804,0.00,0.00
2014.09.17 15:36:02.252,12.35501,12.35826,0.00,0.00
2014.09.17 15:36:03.750,12.35501,12.35805,0.00,0.00
2014.09.17 15:36:06.162,12.35501,12.35794,0.00,0.00
2014.09.17 15:36:07.915,12.35508,12.3585,0.00,0.00
2014.09.17 15:36:08.069,12.35501,12.35837,0.00,0.00
2014.09.17 15:36:09.292,12.35551,12.35837,0.00,0.00
2014.09.17 15:36:09.396,12.35581,12.35869,0.00,0.00
2014.09.17 15:36:09.497,12.35551,12.35824,0.00,0.00
2014.09.17 15:36:09.879,12.35551,12.35799,0.00,0.00
2014.09.17 15:36:10.720,12.35501,12.35799,0.00,0.00
2014.09.17 15:36:10.821,12.35501,12.35816,0.00,0.00
2014.09.17 15:36:10.922,12.35507,12.35851,0.00,0.00
2014.09.17 15:36:11.636,12.35501,12.35836,0.00,0.00
2014.09.17 15:36:12.992,12.35501,12.35819,0.00,0.00
2014.09.17 15:36:13.393,12.35501,12.35835,0.00,0.00
2014.09.17 15:36:15.504,12.35501,12.3582,0.00,0.00
2014.09.17 15:36:16.005,12.35501,12.35834,0.00,0.00
2014.09.17 15:36:16.110,12.35508,12.3585,0.00,0.00
2014.09.17 15:36:17.110,12.35501,12.35816,0.00,0.00
2014.09.17 15:36:18.058,12.35503,12.35847,0.00,0.00
2014.09.17 15:36:18.212,12.35501,12.35832,0.00,0.00
2014.09.17 15:36:19.421,12.35501,12.35811,0.00,0.00
2014.09.17 15:36:19.751,12.35501,12.35826,0.00,0.00
2014.09.17 15:36:20.317,12.35501,12.35811,0.00,0.00
2014.09.17 15:36:22.722,12.35501,12.35829,0.00,0.00
2014.09.17 15:36:24.826,12.35501,12.35814,0.00,0.00
2014.09.17 15:36:26.731,12.35501,12.3583,0.00,0.00
2014.09.17 15:36:27.080,12.35501,12.3581,0.00,0.00
2014.09.17 15:36:31.967,12.35501,12.35834,0.00,0.00
2014.09.17 15:36:32.387,12.35501,12.35811,0.00,0.00
2014.09.17 15:36:33.286,12.35501,12.35827,0.00,0.00
2014.09.17 15:36:33.946,12.35501,12.35811,0.00,0.00
2014.09.17 15:36:34.482,12.3553,12.35811,0.00,0.00
2014.09.17 15:36:34.583,12.3553,12.35848,0.00,0.00
2014.09.17 15:36:34.686,12.35504,12.35848,0.00,0.00
2014.09.17 15:36:34.787,12.35501,12.35811,0.00,0.00
2014.09.17 15:36:36.350,12.35467,12.35809,0.00,0.00
2014.09.17 15:36:36.418,12.35467,12.35771,0.00,0.00
2014.09.17 15:36:36.519,12.35451,12.35765,0.00,0.00
2014.09.17 15:36:36.569,12.35451,12.35735,0.00,0.00
2014.09.17 15:36:36.875,12.35451,12.35712,0.00,0.00
2014.09.17 15:36:37.453,12.35451,12.35738,0.00,0.00
2014.09.17 15:36:37.791,12.35402,12.3571,0.00,0.00
2014.09.17 15:36:37.891,12.35402,12.35721,0.00,0.00
2014.09.17 15:36:37.992,12.35402,12.3571,0.00,0.00
2014.09.17 15:36:38.154,12.35402,12.35737,0.00,0.00
2014.09.17 15:36:38.897,12.35402,12.35722,0.00,0.00
2014.09.17 15:36:39.266,12.35402,12.35711,0.00,0.00
2014.09.17 15:36:39.357,12.35402,12.35721,0.00,0.00
2014.09.17 15:36:39.458,12.35402,12.35711,0.00,0.00
2014.09.17 15:36:41.463,12.35402,12.35736,0.00,0.00
2014.09.17 15:36:41.906,12.35402,12.3572,0.00,0.00
2014.09.17 15:36:43.513,12.35402,12.35736,0.00,0.00
2014.09.17 15:36:43.874,12.35402,12.35711,0.00,0.00
2014.09.17 15:36:44.177,12.35402,12.35737,0.00,0.00
2014.09.17 15:36:44.507,12.35402,12.35711,0.00,0.00
2014.09.17 15:36:45.980,12.35402,12.35722,0.00,0.00
2014.09.17 15:36:47.889,12.35402,12.3574,0.00,0.00
2014.09.17 15:36:48.390,12.35402,12.3571,0.00,0.00
2014.09.17 15:36:50.601,12.35402,12.35742,0.00,0.00
2014.09.17 15:36:50.652,12.35502,12.35742,0.00,0.00
2014.09.17 15:36:50.702,12.35502,12.35799,0.00,0.00
2014.09.17 15:36:50.810,12.35502,12.3582,0.00,0.00
2014.09.17 15:36:52.346,12.35502,12.35811,0.00,0.00
2014.09.17 15:36:53.119,12.35508,12.3585,0.00,0.00
2014.09.17 15:36:53.550,12.35541,12.3585,0.00,0.00
2014.09.17 15:36:53.811,12.35541,12.35863,0.00,0.00
2014.09.17 15:36:56.615,12.35541,12.35859,0.00,0.00
2014.09.17 15:36:58.733,12.35541,12.35841,0.00,0.00
2014.09.17 15:36:58.946,12.35541,12.35857,0.00,0.00
2014.09.17 15:37:01.641,12.35541,12.35841,0.00,0.00
2014.09.17 15:37:03.895,12.35541,12.35857,0.00,0.00
2014.09.17 15:37:05.461,12.35541,12.35859,0.00,0.00
2014.09.17 15:37:07.067,12.35541,12.35841,0.00,0.00
2014.09.17 15:37:07.870,12.35541,12.35857,0.00,0.00
2014.09.17 15:37:08.072,12.35541,12.35841,0.00,0.00
2014.09.17 15:37:09.076,12.35541,12.35857,0.00,0.00
2014.09.17 15:37:09.188,12.35541,12.35842,0.00,0.00
2014.09.17 15:37:09.392,12.35541,12.35859,0.00,0.00
2014.09.17 15:37:13.186,12.35541,12.35839,0.00,0.00
2014.09.17 15:37:13.388,12.35541,12.35859,0.00,0.00
2014.09.17 15:37:13.624,12.35541,12.35836,0.00,0.00
2014.09.17 15:37:14.198,12.35541,12.35859,0.00,0.00
2014.09.17 15:37:14.749,12.35541,12.35827,0.00,0.00
2014.09.17 15:37:15.304,12.35541,12.35859,0.00,0.00
2014.09.17 15:37:16.708,12.35541,12.35844,0.00,0.00
2014.09.17 15:37:17.128,12.35541,12.35835,0.00,0.00
2014.09.17 15:37:17.411,12.35541,12.35852,0.00,0.00
2014.09.17 15:37:17.511,12.35541,12.35836,0.00,0.00
2014.09.17 15:37:18.245,12.35541,12.35859,0.00,0.00
2014.09.17 15:37:18.815,12.35541,12.35833,0.00,0.00
2014.09.17 15:37:20.019,12.35541,12.35859,0.00,0.00
2014.09.17 15:37:20.733,12.35541,12.3583,0.00,0.00
2014.09.17 15:37:21.924,12.35541,12.35848,0.00,0.00
2014.09.17 15:37:23.440,12.35541,12.35832,0.00,0.00
2014.09.17 15:37:23.859,12.35541,12.35847,0.00,0.00
2014.09.17 15:37:25.840,12.35541,12.35859,0.00,0.00
2014.09.17 15:37:26.169,12.35541,12.35845,0.00,0.00
2014.09.17 15:37:26.881,12.35501,12.35845,0.00,0.00
2014.09.17 15:37:26.934,12.35491,12.3581,0.00,0.00
2014.09.17 15:37:27.385,12.35491,12.35755,0.00,0.00
2014.09.17 15:37:28.309,12.35441,12.35755,0.00,0.00
2014.09.17 15:37:33.063,12.35541,12.35769,0.00,0.00
2014.09.17 15:37:33.113,12.35541,12.35828,0.00,0.00
2014.09.17 15:37:33.164,12.35541,12.35858,0.00,0.00
2014.09.17 15:37:33.884,12.35541,12.35845,0.00,0.00
2014.09.17 15:37:34.292,12.35541,12.35829,0.00,0.00
2014.09.17 15:37:34.756,12.35541,12.35859,0.00,0.00
2014.09.17 15:37:35.351,12.35541,12.35829,0.00,0.00
2014.09.17 15:37:36.254,12.35541,12.35859,0.00,0.00
2014.09.17 15:37:36.955,12.35541,12.3584,0.00,0.00
2014.09.17 15:37:37.067,12.35541,12.35859,0.00,0.00
2014.09.17 15:37:37.171,12.35541,12.35836,0.00,0.00
2014.09.17 15:37:37.658,12.35541,12.35841,0.00,0.00
2014.09.17 15:37:37.709,12.35497,12.35841,0.00,0.00
2014.09.17 15:37:37.759,12.35491,12.35758,0.00,0.00
2014.09.17 15:37:38.060,12.35491,12.35753,0.00,0.00
2014.09.17 15:37:38.261,12.35341,12.35669,0.00,0.00
2014.09.17 15:37:38.377,12.35341,12.35657,0.00,0.00
2014.09.17 15:37:39.377,12.35341,12.35647,0.00,0.00
2014.09.17 15:37:40.266,12.35341,12.35652,0.00,0.00
2014.09.17 15:37:40.367,12.35341,12.35635,0.00,0.00
2014.09.17 15:37:40.596,12.35341,12.3565,0.00,0.00
2014.09.17 15:37:41.079,12.35341,12.35635,0.00,0.00
2014.09.17 15:37:41.690,12.35341,12.35658,0.00,0.00
2014.09.17 15:37:42.272,12.35341,12.35648,0.00,0.00
2014.09.17 15:37:42.423,12.35292,12.35619,0.00,0.00
2014.09.17 15:37:42.473,12.35292,12.35579,0.00,0.00
2014.09.17 15:37:42.960,12.35292,12.35559,0.00,0.00
2014.09.17 15:37:43.380,12.35221,12.35559,0.00,0.00
2014.09.17 15:37:44.483,12.3527,12.35569,0.00,0.00
2014.09.17 15:37:44.662,12.35321,12.35637,0.00,0.00
2014.09.17 15:37:44.763,12.35321,12.35663,0.00,0.00
2014.09.17 15:37:45.492,12.35321,12.35642,0.00,0.00
2014.09.17 15:37:45.793,12.35321,12.35658,0.00,0.00
2014.09.17 15:37:46.095,12.35321,12.3564,0.00,0.00
2014.09.17 15:37:46.923,12.35321,12.35663,0.00,0.00
2014.09.17 15:37:47.633,12.35321,12.3564,0.00,0.00
2014.09.17 15:37:48.840,12.35321,12.35663,0.00,0.00
2014.09.17 15:37:50.825,12.35321,12.35638,0.00,0.00
2014.09.17 15:37:51.264,12.35321,12.35653,0.00,0.00
2014.09.17 15:38:05.181,12.35272,12.35583,0.00,0.00
2014.09.17 15:38:05.739,12.35271,12.35563,0.00,0.00
2014.09.17 15:38:06.277,12.35271,12.35502,0.00,0.00
2014.09.17 15:38:06.390,12.35171,12.35471,0.00,0.00
2014.09.17 15:38:06.491,12.35121,12.35462,0.00,0.00
2014.09.17 15:38:07.669,12.3512,12.35448,0.00,0.00
2014.09.17 15:38:07.832,12.35099,12.35429,0.00,0.00
2014.09.17 15:38:07.933,12.35084,12.35428,0.00,0.00
2014.09.17 15:38:08.855,12.35105,12.35447,0.00,0.00
2014.09.17 15:38:09.164,12.35221,12.35563,0.00,0.00
2014.09.17 15:38:09.474,12.35221,12.35541,0.00,0.00
2014.09.17 15:38:09.529,12.35221,12.35562,0.00,0.00
2014.09.17 15:38:10.440,12.35221,12.35548,0.00,0.00
2014.09.17 15:38:10.633,12.35221,12.35563,0.00,0.00
2014.09.17 15:38:11.015,12.35221,12.35529,0.00,0.00
2014.09.17 15:38:11.116,12.35183,12.35527,0.00,0.00
2014.09.17 15:38:11.167,12.35199,12.35541,0.00,0.00
2014.09.17 15:38:11.521,12.35177,12.35519,0.00,0.00
2014.09.17 15:38:12.335,12.35177,12.35479,0.00,0.00
2014.09.17 15:38:12.537,12.35122,12.35461,0.00,0.00
2014.09.17 15:38:13.068,12.35122,12.35459,0.00,0.00
2014.09.17 15:38:13.415,12.3511,12.35398,0.00,0.00
2014.09.17 15:38:13.940,12.35122,12.35454,0.00,0.00
2014.09.17 15:38:14.091,12.35169,12.35479,0.00,0.00
2014.09.17 15:38:14.393,12.3522,12.35498,0.00,0.00
2014.09.17 15:38:14.599,12.35221,12.35562,0.00,0.00
2014.09.17 15:38:15.495,12.35221,12.35546,0.00,0.00
2014.09.17 15:38:15.598,12.35221,12.35561,0.00,0.00
2014.09.17 15:38:15.699,12.35221,12.35544,0.00,0.00
2014.09.17 15:38:16.005,12.35221,12.35563,0.00,0.00
2014.09.17 15:38:18.072,12.35221,12.35538,0.00,0.00
2014.09.17 15:38:18.574,12.35221,12.35554,0.00,0.00
2014.09.17 15:38:18.875,12.35221,12.35538,0.00,0.00
2014.09.17 15:38:18.978,12.35221,12.35562,0.00,0.00
2014.09.17 15:38:22.294,12.35221,12.35538,0.00,0.00
2014.09.17 15:38:22.690,12.35221,12.35527,0.00,0.00
2014.09.17 15:38:22.912,12.35135,12.35471,0.00,0.00
2014.09.17 15:38:23.013,12.35122,12.35458,0.00,0.00
2014.09.17 15:38:23.642,12.35122,12.35445,0.00,0.00
2014.09.17 15:38:23.894,12.35122,12.35462,0.00,0.00
2014.09.17 15:38:23.944,12.3515,12.35478,0.00,0.00
2014.09.17 15:38:24.204,12.35122,12.35463,0.00,0.00
2014.09.17 15:38:24.857,12.35122,12.35464,0.00,0.00
2014.09.17 15:38:25.609,12.35134,12.35478,0.00,0.00
2014.09.17 15:38:25.725,12.35122,12.35458,0.00,0.00
2014.09.17 15:38:27.249,12.35122,12.35446,0.00,0.00
2014.09.17 15:38:27.513,12.35122,12.35458,0.00,0.00
2014.09.17 15:38:29.816,12.35122,12.35444,0.00,0.00
2014.09.17 15:38:30.321,12.35122,12.3546,0.00,0.00
2014.09.17 15:38:32.321,12.35122,12.35445,0.00,0.00
2014.09.17 15:38:32.926,12.35122,12.3546,0.00,0.00
2014.09.17 15:38:33.026,12.35122,12.35444,0.00,0.00
2014.09.17 15:38:33.427,12.35122,12.35463,0.00,0.00
2014.09.17 15:38:35.236,12.35122,12.35448,0.00,0.00
2014.09.17 15:38:35.881,12.35122,12.35463,0.00,0.00
2014.09.17 15:38:36.458,12.35134,12.35468,0.00,0.00
2014.09.17 15:38:36.559,12.35134,12.35471,0.00,0.00
2014.09.17 15:38:36.973,12.35122,12.35457,0.00,0.00
2014.09.17 15:38:38.188,12.35171,12.3548,0.00,0.00
2014.09.17 15:38:38.239,12.35171,12.35512,0.00,0.00
2014.09.17 15:38:38.289,12.35189,12.35519,0.00,0.00
2014.09.17 15:38:38.598,12.35171,12.35509,0.00,0.00
2014.09.17 15:38:38.698,12.35179,12.35519,0.00,0.00
2014.09.17 15:38:38.962,12.35171,12.35508,0.00,0.00
2014.09.17 15:38:39.414,12.35219,12.35549,0.00,0.00
2014.09.17 15:38:39.664,12.35221,12.35562,0.00,0.00
2014.09.17 15:38:41.774,12.35249,12.35562,0.00,0.00
2014.09.17 15:38:41.825,12.35249,12.35579,0.00,0.00
2014.09.17 15:38:41.925,12.35321,12.35637,0.00,0.00
2014.09.17 15:38:42.027,12.35321,12.3566,0.00,0.00
2014.09.17 15:38:42.331,12.35361,12.35645,0.00,0.00
2014.09.17 15:38:42.432,12.35361,12.35683,0.00,0.00
2014.09.17 15:38:42.533,12.35361,12.35699,0.00,0.00
2014.09.17 15:38:42.685,12.35361,12.35633,0.00,0.00
2014.09.17 15:38:42.785,12.35321,12.35633,0.00,0.00
2014.09.17 15:38:43.425,12.35321,12.35663,0.00,0.00
2014.09.17 15:38:43.608,12.3533,12.3567,0.00,0.00
2014.09.17 15:38:43.659,12.3533,12.35674,0.00,0.00
2014.09.17 15:38:43.810,12.35321,12.35644,0.00,0.00
2014.09.17 15:38:44.111,12.35422,12.35679,0.00,0.00
2014.09.17 15:38:44.413,12.35422,12.35718,0.00,0.00
2014.09.17 15:38:44.514,12.35422,12.35737,0.00,0.00
2014.09.17 15:38:45.519,12.35422,12.35727,0.00,0.00
2014.09.17 15:38:45.621,12.35422,12.35743,0.00,0.00
2014.09.17 15:38:45.919,12.35422,12.35732,0.00,0.00
2014.09.17 15:38:46.394,12.35402,12.35698,0.00,0.00
2014.09.17 15:38:46.545,12.35369,12.35698,0.00,0.00
2014.09.17 15:38:46.622,12.3535,12.35692,0.00,0.00
2014.09.17 15:38:46.723,12.3535,12.35679,0.00,0.00
2014.09.17 15:38:46.773,12.35322,12.35662,0.00,0.00
2014.09.17 15:38:47.056,12.35352,12.35679,0.00,0.00
2014.09.17 15:38:47.279,12.35363,12.35698,0.00,0.00
2014.09.17 15:38:47.435,12.35369,12.35698,0.00,0.00
2014.09.17 15:38:47.765,12.35389,12.35698,0.00,0.00
2014.09.17 15:38:47.818,12.35389,12.35708,0.00,0.00
2014.09.17 15:38:48.045,12.35351,12.35558,0.00,0.00
2014.09.17 15:38:48.095,12.35321,12.35558,0.00,0.00
2014.09.17 15:38:48.146,12.35224,12.35558,0.00,0.00
2014.09.17 15:38:48.246,12.35206,12.35548,0.00,0.00
2014.09.17 15:38:48.547,12.35219,12.35558,0.00,0.00
2014.09.17 15:38:48.648,12.35205,12.35549,0.00,0.00
2014.09.17 15:38:48.852,12.3522,12.35558,0.00,0.00
2014.09.17 15:38:49.363,12.35205,12.35549,0.00,0.00
2014.09.17 15:38:49.670,12.35219,12.35558,0.00,0.00
2014.09.17 15:38:50.685,12.35206,12.3555,0.00,0.00
2014.09.17 15:38:51.152,12.35219,12.35558,0.00,0.00
2014.09.17 15:38:52.456,12.35205,12.35549,0.00,0.00
2014.09.17 15:38:53.063,12.35219,12.35558,0.00,0.00
2014.09.17 15:38:58.879,12.35244,12.35558,0.00,0.00
2014.09.17 15:38:58.929,12.35252,12.35579,0.00,0.00
2014.09.17 15:38:58.980,12.35294,12.35579,0.00,0.00
2014.09.17 15:38:59.030,12.35294,12.35608,0.00,0.00
2014.09.17 15:38:59.081,12.35335,12.35608,0.00,0.00
2014.09.17 15:38:59.418,12.35392,12.35608,0.00,0.00
2014.09.17 15:38:59.477,12.35392,12.35679,0.00,0.00
2014.09.17 15:38:59.784,12.35392,12.35729,0.00,0.00
2014.09.17 15:38:59.983,12.35372,12.35707,0.00,0.00
2014.09.17 15:39:00.418,12.35372,12.35665,0.00,0.00
2014.09.17 15:39:00.774,12.35372,12.35655,0.00,0.00
2014.09.17 15:39:00.919,12.35321,12.35655,0.00,0.00
2014.09.17 15:39:01.188,12.35328,12.3567,0.00,0.00
2014.09.17 15:39:01.289,12.3534,12.35678,0.00,0.00
2014.09.17 15:39:01.590,12.35327,12.35671,0.00,0.00
2014.09.17 15:39:01.834,12.35339,12.35678,0.00,0.00
2014.09.17 15:39:01.985,12.35359,12.35699,0.00,0.00
2014.09.17 15:39:02.036,12.35375,12.35699,0.00,0.00
2014.09.17 15:39:02.239,12.35343,12.35687,0.00,0.00
2014.09.17 15:39:02.340,12.35371,12.35702,0.00,0.00
2014.09.17 15:39:09.115,12.35403,12.35728,0.00,0.00
2014.09.17 15:39:09.334,12.35421,12.35757,0.00,0.00
2014.09.17 15:39:09.535,12.35421,12.35731,0.00,0.00
2014.09.17 15:39:10.224,12.35421,12.35762,0.00,0.00
2014.09.17 15:39:12.140,12.35421,12.35737,0.00,0.00
2014.09.17 15:39:13.131,12.35421,12.35763,0.00,0.00
2014.09.17 15:39:13.232,12.35421,12.35754,0.00,0.00
2014.09.17 15:39:13.582,12.35421,12.35738,0.00,0.00
2014.09.17 15:39:14.535,12.35421,12.35726,0.00,0.00
2014.09.17 15:39:16.143,12.35421,12.3574,0.00,0.00
2014.09.17 15:39:17.093,12.35421,12.35726,0.00,0.00
2014.09.17 15:39:17.469,12.35421,12.35746,0.00,0.00
2014.09.17 15:39:17.546,12.35421,12.35758,0.00,0.00
2014.09.17 15:39:17.846,12.35421,12.35715,0.00,0.00
2014.09.17 15:39:17.897,12.35373,12.35715,0.00,0.00
2014.09.17 15:39:18.147,12.35372,12.35711,0.00,0.00
2014.09.17 15:39:18.248,12.35383,12.35727,0.00,0.00
2014.09.17 15:39:18.786,12.35372,12.35647,0.00,0.00
2014.09.17 15:39:19.293,12.35321,12.35647,0.00,0.00
2014.09.17 15:39:19.450,12.35321,12.35627,0.00,0.00
2014.09.17 15:39:19.650,12.35321,12.35659,0.00,0.00
2014.09.17 15:39:20.452,12.35321,12.35632,0.00,0.00
2014.09.17 15:39:21.383,12.35321,12.35661,0.00,0.00
2014.09.17 15:39:23.363,12.35321,12.35645,0.00,0.00
2014.09.17 15:39:23.467,12.35321,12.35663,0.00,0.00
2014.09.17 15:39:23.693,12.35321,12.3565,0.00,0.00
2014.09.17 15:39:24.035,12.35321,12.35648,0.00,0.00
2014.09.17 15:39:24.086,12.35321,12.35663,0.00,0.00
2014.09.17 15:39:25.310,12.35321,12.35647,0.00,0.00
2014.09.17 15:39:26.003,12.35321,12.35662,0.00,0.00
2014.09.17 15:39:26.062,12.35321,12.35647,0.00,0.00
2014.09.17 15:39:26.381,12.35321,12.35662,0.00,0.00
2014.09.17 15:39:26.994,12.35321,12.35645,0.00,0.00
2014.09.17 15:39:27.764,12.35321,12.3566,0.00,0.00
2014.09.17 15:39:28.313,12.35321,12.35645,0.00,0.00
2014.09.17 15:39:28.365,12.35321,12.3566,0.00,0.00
2014.09.17 15:39:28.973,12.35321,12.35645,0.00,0.00
2014.09.17 15:39:29.867,12.35321,12.35663,0.00,0.00
2014.09.17 15:39:30.769,12.35321,12.35643,0.00,0.00
2014.09.17 15:39:30.999,12.35321,12.35662,0.00,0.00
2014.09.17 15:39:31.680,12.35321,12.35642,0.00,0.00
2014.09.17 15:39:31.782,12.35321,12.35657,0.00,0.00
2014.09.17 15:39:31.972,12.35321,12.35646,0.00,0.00
2014.09.17 15:39:32.398,12.35321,12.35662,0.00,0.00
2014.09.17 15:39:32.934,12.35321,12.35646,0.00,0.00
2014.09.17 15:39:33.109,12.35321,12.35663,0.00,0.00
2014.09.17 15:39:33.923,12.35321,12.35647,0.00,0.00
2014.09.17 15:39:36.780,12.35321,12.35663,0.00,0.00
2014.09.17 15:39:38.000,12.35372,12.35663,0.00,0.00
2014.09.17 15:39:38.100,12.35394,12.3569,0.00,0.00
2014.09.17 15:39:38.151,12.35394,12.35738,0.00,0.00
2014.09.17 15:39:38.302,12.35419,12.35748,0.00,0.00
2014.09.17 15:39:38.929,12.35407,12.35748,0.00,0.00
2014.09.17 15:39:39.104,12.35419,12.35748,0.00,0.00
2014.09.17 15:39:39.427,12.35422,12.35763,0.00,0.00
2014.09.17 15:39:39.932,12.35422,12.35735,0.00,0.00
2014.09.17 15:39:40.035,12.35422,12.35763,0.00,0.00
2014.09.17 15:39:40.789,12.35422,12.35736,0.00,0.00
2014.09.17 15:39:41.792,12.35422,12.35751,0.00,0.00
2014.09.17 15:39:41.892,12.35422,12.35763,0.00,0.00
2014.09.17 15:39:43.998,12.35422,12.35744,0.00,0.00
2014.09.17 15:39:44.599,12.35422,12.35763,0.00,0.00
2014.09.17 15:39:45.900,12.35422,12.35745,0.00,0.00
2014.09.17 15:39:46.138,12.35422,12.35761,0.00,0.00
2014.09.17 15:39:47.128,12.35422,12.35748,0.00,0.00
2014.09.17 15:39:47.303,12.35422,12.35762,0.00,0.00
2014.09.17 15:39:48.117,12.35422,12.3574,0.00,0.00
2014.09.17 15:39:48.905,12.35422,12.35756,0.00,0.00
2014.09.17 15:39:49.908,12.35422,12.35742,0.00,0.00
2014.09.17 15:39:50.809,12.35422,12.35762,0.00,0.00
2014.09.17 15:39:52.613,12.35422,12.35742,0.00,0.00
2014.09.17 15:39:53.214,12.35422,12.35762,0.00,0.00
2014.09.17 15:39:53.615,12.35455,12.3577,0.00,0.00
2014.09.17 15:39:53.817,12.35522,12.35858,0.00,0.00
2014.09.17 15:39:54.116,12.35522,12.35843,0.00,0.00
2014.09.17 15:39:54.228,12.35522,12.35858,0.00,0.00
2014.09.17 15:39:55.345,12.35522,12.35827,0.00,0.00
2014.09.17 15:39:56.157,12.35522,12.35855,0.00,0.00
2014.09.17 15:39:58.022,12.35522,12.35823,0.00,0.00
2014.09.17 15:39:58.350,12.35522,12.3584,0.00,0.00
2014.09.17 15:39:58.451,12.35522,12.35853,0.00,0.00
2014.09.17 15:39:59.439,12.35522,12.35838,0.00,0.00
2014.09.17 15:40:00.127,12.35522,12.35822,0.00,0.00
2014.09.17 15:40:00.331,12.35522,12.35854,0.00,0.00
2014.09.17 15:40:00.408,12.35529,12.35854,0.00,0.00
2014.09.17 15:40:00.559,12.35621,12.35955,0.00,0.00
2014.09.17 15:40:00.660,12.35621,12.3594,0.00,0.00
2014.09.17 15:40:00.761,12.35621,12.35957,0.00,0.00
2014.09.17 15:40:01.472,12.35621,12.35959,0.00,0.00
2014.09.17 15:40:02.034,12.35621,12.3593,0.00,0.00
2014.09.17 15:40:02.643,12.35621,12.35946,0.00,0.00
2014.09.17 15:40:04.137,12.35621,12.35931,0.00,0.00
2014.09.17 15:40:05.039,12.35621,12.35867,0.00,0.00
2014.09.17 15:40:05.089,12.35571,12.35867,0.00,0.00
2014.09.17 15:40:05.247,12.35571,12.35847,0.00,0.00
2014.09.17 15:40:06.378,12.35521,12.35847,0.00,0.00
2014.09.17 15:40:06.842,12.35521,12.35863,0.00,0.00
2014.09.17 15:40:07.388,12.35521,12.35849,0.00,0.00
2014.09.17 15:40:07.743,12.35521,12.35862,0.00,0.00
2014.09.17 15:40:10.047,12.35521,12.3585,0.00,0.00
2014.09.17 15:40:10.447,12.35521,12.35863,0.00,0.00
2014.09.17 15:40:10.669,12.35519,12.35849,0.00,0.00
2014.09.17 15:40:10.971,12.35471,12.35762,0.00,0.00
2014.09.17 15:40:11.988,12.35421,12.35762,0.00,0.00
2014.09.17 15:40:12.233,12.35421,12.35671,0.00,0.00
2014.09.17 15:40:12.534,12.35421,12.35662,0.00,0.00
2014.09.17 15:40:12.790,12.35321,12.35662,0.00,0.00
2014.09.17 15:40:29.390,12.35372,12.35671,0.00,0.00
2014.09.17 15:40:29.491,12.35421,12.3574,0.00,0.00
2014.09.17 15:40:29.592,12.35422,12.35748,0.00,0.00
2014.09.17 15:40:30.799,12.35422,12.35764,0.00,0.00
2014.09.17 15:40:40.147,12.35422,12.35749,0.00,0.00
2014.09.17 15:40:40.197,12.35391,12.35735,0.00,0.00
2014.09.17 15:40:40.248,12.35391,12.35729,0.00,0.00
2014.09.17 15:40:40.298,12.35372,12.35714,0.00,0.00
2014.09.17 15:40:40.559,12.35372,12.3567,0.00,0.00
2014.09.17 15:40:40.891,12.35371,12.35665,0.00,0.00
2014.09.17 15:40:41.601,12.35321,12.35665,0.00,0.00
2014.09.17 15:40:42.349,12.35421,12.35665,0.00,0.00
2014.09.17 15:40:42.449,12.35421,12.3574,0.00,0.00
2014.09.17 15:40:42.600,12.35422,12.35764,0.00,0.00
2014.09.17 15:40:51.409,12.35472,12.35764,0.00,0.00
2014.09.17 15:40:51.560,12.35497,12.35839,0.00,0.00
2014.09.17 15:40:51.617,12.35522,12.35848,0.00,0.00
2014.09.17 15:40:52.825,12.35522,12.35864,0.00,0.00
2014.09.17 15:40:58.517,12.35522,12.35848,0.00,0.00
2014.09.17 15:40:58.567,12.35496,12.3584,0.00,0.00
2014.09.17 15:40:58.618,12.35496,12.35829,0.00,0.00
2014.09.17 15:41:00.125,12.35496,12.3584,0.00,0.00
2014.09.17 15:41:00.392,12.35496,12.35829,0.00,0.00
2014.09.17 15:41:01.246,12.35471,12.35809,0.00,0.00
2014.09.17 15:41:01.297,12.35467,12.3577,0.00,0.00
2014.09.17 15:41:01.347,12.35442,12.3577,0.00,0.00
2014.09.17 15:41:02.016,12.35442,12.35771,0.00,0.00
2014.09.17 15:41:02.711,12.35442,12.3577,0.00,0.00
2014.09.17 15:41:05.050,12.35442,12.35771,0.00,0.00
2014.09.17 15:41:07.080,12.35442,12.3577,0.00,0.00
2014.09.17 15:41:07.627,12.35441,12.3577,0.00,0.00
2014.09.17 15:41:10.848,12.35441,12.35771,0.00,0.00
2014.09.17 15:41:11.588,12.35441,12.3577,0.00,0.00
2014.09.17 15:41:12.475,12.35441,12.35771,0.00,0.00
2014.09.17 15:41:14.713,12.35441,12.3577,0.00,0.00
2014.09.17 15:41:15.531,12.35441,12.35771,0.00,0.00
2014.09.17 15:41:16.754,12.35441,12.3577,0.00,0.00
2014.09.17 15:41:17.531,12.35441,12.35771,0.00,0.00
2014.09.17 15:41:18.079,12.35441,12.3577,0.00,0.00
2014.09.17 15:41:19.810,12.35441,12.35771,0.00,0.00
2014.09.17 15:41:20.621,12.35441,12.3577,0.00,0.00
2014.09.17 15:41:21.874,12.35441,12.35771,0.00,0.00
2014.09.17 15:41:22.552,12.35441,12.3577,0.00,0.00
2014.09.17 15:41:23.672,12.35441,12.35771,0.00,0.00
2014.09.17 15:41:26.104,12.35441,12.3577,0.00,0.00
2014.09.17 15:41:26.204,12.3545,12.35774,0.00,0.00
2014.09.17 15:41:26.355,12.35541,12.35871,0.00,0.00
2014.09.17 15:41:26.881,12.35541,12.35862,0.00,0.00
2014.09.17 15:41:27.158,12.35541,12.3587,0.00,0.00
2014.09.17 15:41:27.486,12.35541,12.35858,0.00,0.00
2014.09.17 15:41:28.347,12.35541,12.35871,0.00,0.00
2014.09.17 15:41:29.651,12.35541,12.3586,0.00,0.00
2014.09.17 15:41:30.953,12.35541,12.35871,0.00,0.00
2014.09.17 15:41:32.154,12.35541,12.35869,0.00,0.00
2014.09.17 15:41:32.517,12.35541,12.35859,0.00,0.00
2014.09.17 15:41:32.568,12.35541,12.35869,0.00,0.00
2014.09.17 15:41:34.139,12.35527,12.35771,0.00,0.00
2014.09.17 15:41:34.189,12.35492,12.35771,0.00,0.00
2014.09.17 15:41:35.536,12.35441,12.35771,0.00,0.00
2014.09.17 15:41:36.071,12.35441,12.3577,0.00,0.00
2014.09.17 15:41:39.700,12.35447,12.3577,0.00,0.00
2014.09.17 15:41:39.801,12.35497,12.35829,0.00,0.00
2014.09.17 15:41:39.901,12.35521,12.35829,0.00,0.00
2014.09.17 15:41:40.177,12.35506,12.35829,0.00,0.00
2014.09.17 15:41:40.277,12.35532,12.35829,0.00,0.00
2014.09.17 15:41:40.328,12.35532,12.35868,0.00,0.00
2014.09.17 15:41:40.972,12.35532,12.35869,0.00,0.00
2014.09.17 15:41:41.036,12.35541,12.35871,0.00,0.00
2014.09.17 15:41:42.139,12.35541,12.3587,0.00,0.00
2014.09.17 15:41:42.683,12.35541,12.35861,0.00,0.00
2014.09.17 15:41:43.184,12.35541,12.3587,0.00,0.00
2014.09.17 15:41:43.621,12.35541,12.3586,0.00,0.00
2014.09.17 15:41:44.109,12.35541,12.35871,0.00,0.00
2014.09.17 15:41:44.488,12.35541,12.35863,0.00,0.00
2014.09.17 15:41:45.239,12.35541,12.3587,0.00,0.00
2014.09.17 15:41:45.290,12.35541,12.35862,0.00,0.00
2014.09.17 15:41:45.791,12.35541,12.3587,0.00,0.00
2014.09.17 15:41:49.246,12.35541,12.35871,0.00,0.00
2014.09.17 15:41:53.329,12.35541,12.3587,0.00,0.00
2014.09.17 15:41:53.435,12.35606,12.3587,0.00,0.00
2014.09.17 15:41:53.536,12.35641,12.35971,0.00,0.00
2014.09.17 15:41:54.134,12.35641,12.35959,0.00,0.00
2014.09.17 15:41:54.285,12.35641,12.35971,0.00,0.00
2014.09.17 15:41:54.838,12.35641,12.35961,0.00,0.00
2014.09.17 15:41:55.440,12.35641,12.35971,0.00,0.00
2014.09.17 15:41:58.017,12.35641,12.3597,0.00,0.00
2014.09.17 15:41:59.136,12.35641,12.35971,0.00,0.00
2014.09.17 15:42:01.809,12.35641,12.3597,0.00,0.00
2014.09.17 15:42:03.842,12.35641,12.35971,0.00,0.00
2014.09.17 15:42:04.549,12.35641,12.3597,0.00,0.00
2014.09.17 15:42:06.379,12.35641,12.35971,0.00,0.00
2014.09.17 15:42:08.916,12.35641,12.3597,0.00,0.00
2014.09.17 15:42:10.335,12.35641,12.3587,0.00,0.00
2014.09.17 15:42:10.442,12.35592,12.35871,0.00,0.00
2014.09.17 15:42:11.053,12.35592,12.3587,0.00,0.00
2014.09.17 15:42:11.763,12.35541,12.35871,0.00,0.00
2014.09.17 15:42:16.054,12.35541,12.3587,0.00,0.00
2014.09.17 15:42:18.188,12.35541,12.35871,0.00,0.00
2014.09.17 15:42:18.795,12.35541,12.3587,0.00,0.00
2014.09.17 15:42:19.940,12.35541,12.35871,0.00,0.00
2014.09.17 15:42:24.970,12.35541,12.3587,0.00,0.00
2014.09.17 15:42:26.879,12.35541,12.35871,0.00,0.00
2014.09.17 15:42:27.492,12.35541,12.3587,0.00,0.00
2014.09.17 15:42:28.219,12.35541,12.35871,0.00,0.00
2014.09.17 15:42:28.730,12.35541,12.3587,0.00,0.00
2014.09.17 15:42:29.556,12.35541,12.35871,0.00,0.00
2014.09.17 15:42:29.606,12.35541,12.35869,0.00,0.00
2014.09.17 15:42:30.579,12.35541,12.35871,0.00,0.00
2014.09.17 15:42:43.645,12.35541,12.3587,0.00,0.00
2014.09.17 15:42:44.175,12.35541,12.35869,0.00,0.00
2014.09.17 15:42:45.636,12.35541,12.35868,0.00,0.00
2014.09.17 15:43:04.536,12.35541,12.35859,0.00,0.00
2014.09.17 15:43:04.800,12.35541,12.35871,0.00,0.00
2014.09.17 15:43:09.607,12.35541,12.35859,0.00,0.00
2014.09.17 15:43:09.808,12.35541,12.35868,0.00,0.00
2014.09.17 15:43:09.909,12.35541,12.35871,0.00,0.00
2014.09.17 15:43:10.894,12.35541,12.3587,0.00,0.00
2014.09.17 15:43:11.244,12.35527,12.35869,0.00,0.00
2014.09.17 15:43:11.356,12.35525,12.35869,0.00,0.00
2014.09.17 15:43:12.674,12.35541,12.35869,0.00,0.00
2014.09.17 15:43:19.033,12.35606,12.3587,0.00,0.00
2014.09.17 15:43:19.184,12.35641,12.3595,0.00,0.00
2014.09.17 15:43:19.235,12.35641,12.35971,0.00,0.00
2014.09.17 15:43:19.534,12.35641,12.35954,0.00,0.00
2014.09.17 15:43:19.850,12.35641,12.35969,0.00,0.00
2014.09.17 15:43:20.663,12.35641,12.35955,0.00,0.00
2014.09.17 15:43:22.382,12.35641,12.3597,0.00,0.00
2014.09.17 15:43:23.069,12.35641,12.35971,0.00,0.00
2014.09.17 15:43:24.153,12.35641,12.3597,0.00,0.00
2014.09.17 15:43:26.050,12.35647,12.3597,0.00,0.00
2014.09.17 15:43:26.151,12.35692,12.36035,0.00,0.00
2014.09.17 15:43:26.451,12.35692,12.36025,0.00,0.00
2014.09.17 15:43:26.774,12.35692,12.35967,0.00,0.00
2014.09.17 15:43:27.414,12.35641,12.35967,0.00,0.00
2014.09.17 15:43:35.488,12.35641,12.35956,0.00,0.00
2014.09.17 15:43:35.767,12.35641,12.35968,0.00,0.00
2014.09.17 15:43:37.269,12.35641,12.35957,0.00,0.00
2014.09.17 15:43:37.599,12.35641,12.35968,0.00,0.00
2014.09.17 15:43:38.539,12.35641,12.35971,0.00,0.00
2014.09.17 15:43:39.073,12.35641,12.35963,0.00,0.00
2014.09.17 15:43:39.586,12.35641,12.35971,0.00,0.00
2014.09.17 15:43:40.189,12.35641,12.3597,0.00,0.00
2014.09.17 15:43:41.075,12.35641,12.35963,0.00,0.00
2014.09.17 15:43:43.880,12.35641,12.3597,0.00,0.00
2014.09.17 15:43:44.687,12.35641,12.35971,0.00,0.00
2014.09.17 15:43:45.988,12.35641,12.3596,0.00,0.00
2014.09.17 15:43:47.290,12.35641,12.35943,0.00,0.00
2014.09.17 15:43:47.513,12.35641,12.35965,0.00,0.00
2014.09.17 15:43:51.799,12.35641,12.35897,0.00,0.00
2014.09.17 15:43:51.850,12.35591,12.35871,0.00,0.00
2014.09.17 15:43:52.274,12.35531,12.35818,0.00,0.00
2014.09.17 15:43:52.324,12.35531,12.3577,0.00,0.00
2014.09.17 15:43:52.425,12.35456,12.35771,0.00,0.00
2014.09.17 15:43:52.501,12.35442,12.35771,0.00,0.00
2014.09.17 15:43:52.714,12.35442,12.35769,0.00,0.00
2014.09.17 15:43:52.814,12.35442,12.35771,0.00,0.00
2014.09.17 15:43:54.645,12.35442,12.3577,0.00,0.00
2014.09.17 15:43:56.785,12.35442,12.35771,0.00,0.00
2014.09.17 15:43:57.396,12.35442,12.3577,0.00,0.00
2014.09.17 15:43:58.005,12.35442,12.35771,0.00,0.00
2014.09.17 15:43:58.573,12.35442,12.35769,0.00,0.00
2014.09.17 15:44:00.634,12.35431,12.35769,0.00,0.00
2014.09.17 15:44:00.746,12.35391,12.357,0.00,0.00
2014.09.17 15:44:01.258,12.35391,12.3567,0.00,0.00
2014.09.17 15:44:02.066,12.35341,12.3567,0.00,0.00
2014.09.17 15:44:03.056,12.35341,12.35671,0.00,0.00
2014.09.17 15:44:04.455,12.35341,12.3567,0.00,0.00
2014.09.17 15:44:04.505,12.35391,12.3567,0.00,0.00
2014.09.17 15:44:04.707,12.35461,12.35769,0.00,0.00
2014.09.17 15:44:04.757,12.35526,12.35769,0.00,0.00
2014.09.17 15:44:04.923,12.35542,12.35849,0.00,0.00
2014.09.17 15:44:17.959,12.35542,12.35868,0.00,0.00
2014.09.17 15:44:30.923,12.35542,12.35864,0.00,0.00
2014.09.17 15:44:31.310,12.35542,12.3577,0.00,0.00
2014.09.17 15:44:31.413,12.35542,12.35821,0.00,0.00
2014.09.17 15:44:33.238,12.35542,12.3585,0.00,0.00
2014.09.17 15:44:33.326,12.35542,12.35865,0.00,0.00
2014.09.17 15:44:51.955,12.35521,12.35865,0.00,0.00
2014.09.17 15:44:52.005,12.3551,12.35829,0.00,0.00
2014.09.17 15:44:52.310,12.3551,12.35819,0.00,0.00
2014.09.17 15:44:57.896,12.35492,12.35819,0.00,0.00
2014.09.17 15:44:57.997,12.35505,12.35819,0.00,0.00
2014.09.17 15:44:58.097,12.35492,12.35819,0.00,0.00
2014.09.17 15:45:00.206,12.35491,12.35819,0.00,0.00
2014.09.17 15:45:00.257,12.35491,12.3577,0.00,0.00
2014.09.17 15:45:00.307,12.3547,12.3577,0.00,0.00
2014.09.17 15:45:00.408,12.35441,12.3577,0.00,0.00
2014.09.17 15:45:01.276,12.35441,12.35771,0.00,0.00
2014.09.17 15:45:02.193,12.35441,12.3577,0.00,0.00
2014.09.17 15:45:03.313,12.35441,12.35771,0.00,0.00
2014.09.17 15:45:04.436,12.35441,12.3577,0.00,0.00
2014.09.17 15:45:05.109,12.35441,12.35771,0.00,0.00
2014.09.17 15:45:05.300,12.3543,12.3577,0.00,0.00
2014.09.17 15:45:06.167,12.3543,12.35671,0.00,0.00
2014.09.17 15:45:06.217,12.35421,12.35671,0.00,0.00
2014.09.17 15:45:06.268,12.35405,12.35659,0.00,0.00
2014.09.17 15:45:06.368,12.35355,12.35659,0.00,0.00
2014.09.17 15:45:06.419,12.35331,12.35659,0.00,0.00
2014.09.17 15:45:08.300,12.35331,12.35571,0.00,0.00
2014.09.17 15:45:08.451,12.35271,12.3557,0.00,0.00
2014.09.17 15:45:08.502,12.35255,12.3557,0.00,0.00
2014.09.17 15:45:08.742,12.35251,12.3557,0.00,0.00
2014.09.17 15:45:09.315,12.35251,12.35571,0.00,0.00
2014.09.17 15:45:09.665,12.35231,12.35559,0.00,0.00
2014.09.17 15:45:17.438,12.35256,12.35559,0.00,0.00
2014.09.17 15:45:17.640,12.35305,12.3562,0.00,0.00
2014.09.17 15:45:18.356,12.35331,12.3562,0.00,0.00
2014.09.17 15:45:18.407,12.35331,12.35658,0.00,0.00
2014.09.17 15:45:21.279,12.35331,12.3562,0.00,0.00
2014.09.17 15:45:21.381,12.3529,12.35608,0.00,0.00
2014.09.17 15:45:21.481,12.35265,12.35608,0.00,0.00
2014.09.17 15:45:21.582,12.3528,12.35608,0.00,0.00
2014.09.17 15:45:21.943,12.3533,12.35608,0.00,0.00
2014.09.17 15:45:22.654,12.3533,12.35658,0.00,0.00
2014.09.17 15:45:25.035,12.3533,12.35629,0.00,0.00
2014.09.17 15:45:25.236,12.35251,12.35571,0.00,0.00
2014.09.17 15:45:29.555,12.35251,12.35594,0.00,0.00
2014.09.17 15:45:29.606,12.35256,12.35559,0.00,0.00
2014.09.17 15:45:30.907,12.35256,12.35598,0.00,0.00
2014.09.17 15:45:32.640,12.35255,12.35599,0.00,0.00
2014.09.17 15:45:32.808,12.35252,12.35548,0.00,0.00
2014.09.17 15:45:33.095,12.35232,12.35548,0.00,0.00
2014.09.17 15:45:33.351,12.35232,12.35513,0.00,0.00
2014.09.17 15:45:33.401,12.35192,12.35513,0.00,0.00
2014.09.17 15:45:33.711,12.35192,12.35524,0.00,0.00
2014.09.17 15:45:33.811,12.35182,12.35524,0.00,0.00
2014.09.17 15:45:33.862,12.35171,12.35513,0.00,0.00
2014.09.17 15:45:34.423,12.3517,12.35514,0.00,0.00
2014.09.17 15:45:34.766,12.35208,12.35552,0.00,0.00
2014.09.17 15:45:35.374,12.35208,12.35519,0.00,0.00
2014.09.17 15:45:37.354,12.35208,12.35539,0.00,0.00
2014.09.17 15:45:38.564,12.35208,12.35538,0.00,0.00
2014.09.17 15:45:40.562,12.35208,12.35552,0.00,0.00
2014.09.17 15:45:41.235,12.35208,12.35539,0.00,0.00
2014.09.17 15:45:43.939,12.35209,12.35539,0.00,0.00
2014.09.17 15:45:50.716,12.35209,12.35489,0.00,0.00
2014.09.17 15:45:50.767,12.35172,12.35471,0.00,0.00
2014.09.17 15:45:50.867,12.35171,12.35452,0.00,0.00
2014.09.17 15:45:50.944,12.35111,12.35452,0.00,0.00
2014.09.17 15:45:52.124,12.35108,12.35438,0.00,0.00
2014.09.17 15:46:03.566,12.35108,12.35388,0.00,0.00
2014.09.17 15:46:03.616,12.35084,12.35371,0.00,0.00
2014.09.17 15:46:03.717,12.35028,12.3537,0.00,0.00
2014.09.17 15:46:03.781,12.35012,12.35351,0.00,0.00
2014.09.17 15:46:04.994,12.35009,12.35339,0.00,0.00
2014.09.17 15:46:05.335,12.34994,12.35336,0.00,0.00
2014.09.17 15:46:06.799,12.35008,12.35339,0.00,0.00
2014.09.17 15:46:09.434,12.35001,12.35289,0.00,0.00
2014.09.17 15:46:10.606,12.34989,12.35289,0.00,0.00
2014.09.17 15:46:11.704,12.34989,12.35309,0.00,0.00
2014.09.17 15:46:11.847,12.34958,12.35302,0.00,0.00
2014.09.17 15:46:12.109,12.34983,12.35309,0.00,0.00
2014.09.17 15:46:12.443,12.34951,12.35248,0.00,0.00
2014.09.17 15:46:13.024,12.34908,12.35248,0.00,0.00
2014.09.17 15:46:13.612,12.34923,12.35248,0.00,0.00
2014.09.17 15:46:14.156,12.34958,12.35258,0.00,0.00
2014.09.17 15:46:14.454,12.34958,12.35288,0.00,0.00
2014.09.17 15:46:15.526,12.34983,12.35288,0.00,0.00
2014.09.17 15:46:17.425,12.35001,12.35288,0.00,0.00
2014.09.17 15:46:17.526,12.35001,12.35327,0.00,0.00
2014.09.17 15:46:17.837,12.35001,12.35309,0.00,0.00
2014.09.17 15:46:18.743,12.34983,12.35308,0.00,0.00
2014.09.17 15:46:20.837,12.34983,12.35288,0.00,0.00
2014.09.17 15:46:23.814,12.34983,12.35269,0.00,0.00
2014.09.17 15:46:24.952,12.34958,12.35269,0.00,0.00
2014.09.17 15:46:25.458,12.34983,12.35269,0.00,0.00
2014.09.17 15:46:27.187,12.35003,12.35269,0.00,0.00
2014.09.17 15:46:28.214,12.35003,12.35319,0.00,0.00
2014.09.17 15:46:28.365,12.34987,12.35319,0.00,0.00
2014.09.17 15:46:28.466,12.34972,12.35316,0.00,0.00
2014.09.17 15:46:29.686,12.34972,12.35269,0.00,0.00
2014.09.17 15:46:30.461,12.34993,12.35269,0.00,0.00
2014.09.17 15:46:30.963,12.34993,12.35319,0.00,0.00
2014.09.17 15:46:31.374,12.35008,12.35319,0.00,0.00
2014.09.17 15:46:32.408,12.34971,12.35269,0.00,0.00
2014.09.17 15:46:32.509,12.34907,12.35251,0.00,0.00
2014.09.17 15:46:33.713,12.34907,12.35219,0.00,0.00
2014.09.17 15:46:37.987,12.34932,12.35219,0.00,0.00
2014.09.17 15:46:38.375,12.34907,12.35219,0.00,0.00
2014.09.17 15:46:46.372,12.34907,12.35251,0.00,0.00
2014.09.17 15:46:46.422,12.34932,12.35269,0.00,0.00
2014.09.17 15:46:46.837,12.35008,12.35269,0.00,0.00
2014.09.17 15:46:47.683,12.35008,12.35319,0.00,0.00
2014.09.17 15:46:50.545,12.35008,12.35348,0.00,0.00
2014.09.17 15:46:50.646,12.35022,12.35348,0.00,0.00
2014.09.17 15:46:50.747,12.35033,12.35368,0.00,0.00
2014.09.17 15:46:50.797,12.35052,12.35368,0.00,0.00
2014.09.17 15:46:50.898,12.35023,12.35367,0.00,0.00
2014.09.17 15:46:51.036,12.35067,12.35368,0.00,0.00
2014.09.17 15:46:51.383,12.35078,12.35368,0.00,0.00
2014.09.17 15:46:51.641,12.35057,12.35368,0.00,0.00
2014.09.17 15:46:55.205,12.35048,12.35368,0.00,0.00
2014.09.17 15:46:56.594,12.35048,12.35318,0.00,0.00
2014.09.17 15:46:56.645,12.35032,12.35318,0.00,0.00
2014.09.17 15:46:56.746,12.34992,12.35318,0.00,0.00
2014.09.17 15:46:57.010,12.35009,12.35318,0.00,0.00
2014.09.17 15:46:57.339,12.34992,12.35318,0.00,0.00
2014.09.17 15:46:57.856,12.35009,12.35318,0.00,0.00
2014.09.17 15:46:58.212,12.34993,12.35318,0.00,0.00
2014.09.17 15:46:59.126,12.35006,12.35318,0.00,0.00
2014.09.17 15:47:01.159,12.3499,12.35318,0.00,0.00
2014.09.17 15:47:03.625,12.35003,12.35318,0.00,0.00
2014.09.17 15:47:18.652,12.34972,12.35318,0.00,0.00
2014.09.17 15:47:18.706,12.34972,12.35269,0.00,0.00
2014.09.17 15:47:18.806,12.34932,12.35269,0.00,0.00
2014.09.17 15:47:18.857,12.34908,12.35252,0.00,0.00
2014.09.17 15:47:20.034,12.34908,12.35219,0.00,0.00
2014.09.17 15:47:36.199,12.34908,12.35119,0.00,0.00
2014.09.17 15:47:36.250,12.34872,12.35119,0.00,0.00
2014.09.17 15:47:36.350,12.34808,12.35119,0.00,0.00
2014.09.17 15:47:36.502,12.34771,12.35069,0.00,0.00
2014.09.17 15:47:36.613,12.34741,12.35052,0.00,0.00
2014.09.17 15:47:36.663,12.34708,12.34968,0.00,0.00
2014.09.17 15:47:36.982,12.34719,12.34968,0.00,0.00
2014.09.17 15:47:38.063,12.34719,12.35019,0.00,0.00
2014.09.17 15:47:38.827,12.34693,12.35019,0.00,0.00
2014.09.17 15:47:38.927,12.34708,12.35019,0.00,0.00
2014.09.17 15:47:45.213,12.34708,12.34969,0.00,0.00
2014.09.17 15:47:45.264,12.34693,12.34969,0.00,0.00
2014.09.17 15:47:45.364,12.34723,12.34969,0.00,0.00
2014.09.17 15:47:45.466,12.34708,12.34969,0.00,0.00
2014.09.17 15:47:46.533,12.34708,12.35019,0.00,0.00
2014.09.17 15:47:48.430,12.34672,12.34977,0.00,0.00
2014.09.17 15:47:48.586,12.34654,12.34969,0.00,0.00
2014.09.17 15:47:48.687,12.34629,12.34969,0.00,0.00
2014.09.17 15:47:48.832,12.34609,12.34951,0.00,0.00
2014.09.17 15:47:49.852,12.34609,12.34919,0.00,0.00
2014.09.17 15:47:50.736,12.34641,12.34951,0.00,0.00
2014.09.17 15:47:51.038,12.34709,12.35019,0.00,0.00
2014.09.17 15:47:51.540,12.34685,12.35019,0.00,0.00
2014.09.17 15:47:52.651,12.34697,12.35019,0.00,0.00
2014.09.17 15:47:52.993,12.34708,12.35019,0.00,0.00
2014.09.17 15:47:53.143,12.34684,12.35019,0.00,0.00
2014.09.17 15:47:53.244,12.34708,12.35019,0.00,0.00
2014.09.17 15:47:54.847,12.3469,12.35019,0.00,0.00
2014.09.17 15:47:55.197,12.34708,12.35019,0.00,0.00
2014.09.17 15:47:55.648,12.34686,12.35019,0.00,0.00
2014.09.17 15:47:56.149,12.34701,12.35019,0.00,0.00
2014.09.17 15:47:57.604,12.34702,12.35019,0.00,0.00
2014.09.17 15:47:58.600,12.34707,12.35019,0.00,0.00
2014.09.17 15:48:01.260,12.34702,12.35019,0.00,0.00
2014.09.17 15:48:01.567,12.3471,12.35019,0.00,0.00
2014.09.17 15:48:01.668,12.34702,12.35019,0.00,0.00
2014.09.17 15:48:02.061,12.3471,12.35019,0.00,0.00
2014.09.17 15:48:03.669,12.34702,12.35019,0.00,0.00
2014.09.17 15:48:03.898,12.34711,12.35019,0.00,0.00
2014.09.17 15:48:04.366,12.34702,12.35019,0.00,0.00
2014.09.17 15:48:05.668,12.34711,12.35019,0.00,0.00
2014.09.17 15:48:06.369,12.34702,12.35019,0.00,0.00
2014.09.17 15:48:06.420,12.34694,12.35019,0.00,0.00
2014.09.17 15:48:06.770,12.3471,12.35019,0.00,0.00
2014.09.17 15:48:07.342,12.3471,12.35054,0.00,0.00
2014.09.17 15:48:07.392,12.34766,12.35068,0.00,0.00
2014.09.17 15:48:07.701,12.34807,12.35068,0.00,0.00
2014.09.17 15:48:08.675,12.34778,12.35068,0.00,0.00
2014.09.17 15:48:08.776,12.34778,12.35119,0.00,0.00
2014.09.17 15:48:09.077,12.34806,12.35119,0.00,0.00
2014.09.17 15:48:09.377,12.34788,12.35119,0.00,0.00
2014.09.17 15:48:09.878,12.34772,12.35116,0.00,0.00
2014.09.17 15:48:10.680,12.34805,12.35119,0.00,0.00
2014.09.17 15:48:10.780,12.34788,12.35119,0.00,0.00
2014.09.17 15:48:10.980,12.34802,12.35119,0.00,0.00
2014.09.17 15:48:11.287,12.34774,12.35118,0.00,0.00
2014.09.17 15:48:11.982,12.34809,12.35119,0.00,0.00
2014.09.17 15:48:12.204,12.34793,12.35119,0.00,0.00
2014.09.17 15:48:12.527,12.34808,12.35119,0.00,0.00
2014.09.17 15:48:12.628,12.34792,12.35119,0.00,0.00
2014.09.17 15:48:12.984,12.3478,12.35119,0.00,0.00
2014.09.17 15:48:13.385,12.34796,12.35119,0.00,0.00
2014.09.17 15:48:13.586,12.34772,12.35112,0.00,0.00
2014.09.17 15:48:14.129,12.34771,12.35098,0.00,0.00
2014.09.17 15:48:14.888,12.34789,12.35119,0.00,0.00
2014.09.17 15:48:16.191,12.34803,12.35119,0.00,0.00
2014.09.17 15:48:16.441,12.34787,12.35119,0.00,0.00
2014.09.17 15:48:19.132,12.34772,12.35115,0.00,0.00
2014.09.17 15:48:20.192,12.34771,12.35115,0.00,0.00
2014.09.17 15:48:21.291,12.34772,12.35115,0.00,0.00
2014.09.17 15:48:21.499,12.34786,12.35119,0.00,0.00
2014.09.17 15:48:22.099,12.34774,12.35116,0.00,0.00
2014.09.17 15:48:25.028,12.34809,12.35119,0.00,0.00
2014.09.17 15:48:25.180,12.34821,12.35165,0.00,0.00
2014.09.17 15:48:25.230,12.34861,12.35165,0.00,0.00
2014.09.17 15:48:25.636,12.34911,12.35169,0.00,0.00
2014.09.17 15:48:25.750,12.34942,12.35279,0.00,0.00
2014.09.17 15:48:25.801,12.34961,12.35279,0.00,0.00
2014.09.17 15:48:25.851,12.34987,12.35318,0.00,0.00
2014.09.17 15:48:25.955,12.35007,12.35318,0.00,0.00
2014.09.17 15:48:26.056,12.34979,12.35318,0.00,0.00
2014.09.17 15:48:26.157,12.34994,12.35318,0.00,0.00
2014.09.17 15:48:26.208,12.34978,12.35318,0.00,0.00
2014.09.17 15:48:26.309,12.35009,12.35318,0.00,0.00
2014.09.17 15:48:26.408,12.34995,12.35318,0.00,0.00
2014.09.17 15:48:26.609,12.35011,12.35318,0.00,0.00
2014.09.17 15:48:26.809,12.34998,12.35318,0.00,0.00
2014.09.17 15:48:26.910,12.35011,12.35318,0.00,0.00
2014.09.17 15:48:27.110,12.3499,12.35318,0.00,0.00
2014.09.17 15:48:27.352,12.35006,12.35318,0.00,0.00
2014.09.17 15:48:27.412,12.3499,12.35318,0.00,0.00
2014.09.17 15:48:28.514,12.35007,12.35318,0.00,0.00
2014.09.17 15:48:28.814,12.3499,12.35318,0.00,0.00
2014.09.17 15:48:29.442,12.34976,12.35318,0.00,0.00
2014.09.17 15:48:29.561,12.35001,12.35318,0.00,0.00
2014.09.17 15:48:29.848,12.35028,12.35359,0.00,0.00
2014.09.17 15:48:29.949,12.35051,12.35359,0.00,0.00
2014.09.17 15:48:30.100,12.35045,12.35359,0.00,0.00
2014.09.17 15:48:30.217,12.35061,12.35359,0.00,0.00
2014.09.17 15:48:30.441,12.35101,12.35405,0.00,0.00
2014.09.17 15:48:30.541,12.35101,12.35428,0.00,0.00
2014.09.17 15:48:31.018,12.35101,12.3543,0.00,0.00
2014.09.17 15:48:31.319,12.35101,12.35414,0.00,0.00
2014.09.17 15:48:32.339,12.35101,12.35433,0.00,0.00
2014.09.17 15:48:32.722,12.35101,12.35415,0.00,0.00
2014.09.17 15:48:35.263,12.35101,12.3543,0.00,0.00
2014.09.17 15:48:36.029,12.35101,12.35433,0.00,0.00
2014.09.17 15:48:37.333,12.35101,12.35415,0.00,0.00
2014.09.17 15:48:37.957,12.35061,12.35359,0.00,0.00
2014.09.17 15:48:38.108,12.35001,12.3534,0.00,0.00
2014.09.17 15:48:38.158,12.35001,12.35318,0.00,0.00
2014.09.17 15:48:39.275,12.35001,12.35331,0.00,0.00
2014.09.17 15:48:39.750,12.35001,12.35316,0.00,0.00
2014.09.17 15:48:40.051,12.35001,12.35332,0.00,0.00
2014.09.17 15:48:40.177,12.35001,12.35317,0.00,0.00
2014.09.17 15:48:41.304,12.35005,12.35349,0.00,0.00
2014.09.17 15:48:41.405,12.35019,12.35359,0.00,0.00
2014.09.17 15:48:41.707,12.35095,12.35408,0.00,0.00
2014.09.17 15:48:42.066,12.35097,12.35408,0.00,0.00
2014.09.17 15:48:42.368,12.35152,12.35441,0.00,0.00
2014.09.17 15:48:42.670,12.35152,12.35416,0.00,0.00
2014.09.17 15:48:43.261,12.35152,12.3544,0.00,0.00
2014.09.17 15:48:43.531,12.35102,12.3544,0.00,0.00
2014.09.17 15:48:43.763,12.35102,12.35415,0.00,0.00
2014.09.17 15:48:44.064,12.35102,12.35334,0.00,0.00
2014.09.17 15:48:44.266,12.35102,12.35356,0.00,0.00
2014.09.17 15:48:44.366,12.35012,12.35356,0.00,0.00
2014.09.17 15:48:44.473,12.35002,12.35332,0.00,0.00
2014.09.17 15:48:44.578,12.35009,12.35351,0.00,0.00
2014.09.17 15:48:47.274,12.35101,12.35351,0.00,0.00
2014.09.17 15:48:47.404,12.35101,12.35378,0.00,0.00
2014.09.17 15:48:47.505,12.35113,12.35457,0.00,0.00
2014.09.17 15:48:47.811,12.35138,12.35459,0.00,0.00
2014.09.17 15:48:48.073,12.35213,12.35557,0.00,0.00
2014.09.17 15:48:48.330,12.35203,12.35545,0.00,0.00
2014.09.17 15:48:48.491,12.35213,12.35557,0.00,0.00
2014.09.17 15:48:48.992,12.35202,12.35546,0.00,0.00
2014.09.17 15:48:49.408,12.35214,12.35556,0.00,0.00
2014.09.17 15:48:50.500,12.35202,12.35544,0.00,0.00
2014.09.17 15:48:51.109,12.35214,12.35556,0.00,0.00
2014.09.17 15:48:52.820,12.35201,12.35543,0.00,0.00
2014.09.17 15:48:54.507,12.35201,12.35541,0.00,0.00
2014.09.17 15:48:54.810,12.35123,12.35459,0.00,0.00
2014.09.17 15:48:56.059,12.35139,12.35459,0.00,0.00
2014.09.17 15:48:56.110,12.35151,12.35478,0.00,0.00
2014.09.17 15:48:56.160,12.35189,12.35478,0.00,0.00
2014.09.17 15:48:56.211,12.35189,12.35509,0.00,0.00
2014.09.17 15:48:56.261,12.35214,12.35509,0.00,0.00
2014.09.17 15:48:56.517,12.35202,12.35509,0.00,0.00
2014.09.17 15:48:56.618,12.35214,12.35509,0.00,0.00
2014.09.17 15:48:57.392,12.35214,12.35558,0.00,0.00
2014.09.17 15:48:58.470,12.3523,12.35559,0.00,0.00
2014.09.17 15:48:58.852,12.35251,12.35578,0.00,0.00
2014.09.17 15:48:59.340,12.35251,12.35542,0.00,0.00
2014.09.17 15:49:00.175,12.35201,12.35542,0.00,0.00
2014.09.17 15:49:00.234,12.35201,12.3553,0.00,0.00
2014.09.17 15:49:00.435,12.35214,12.35558,0.00,0.00
2014.09.17 15:49:01.369,12.35201,12.35537,0.00,0.00
2014.09.17 15:49:01.638,12.35215,12.35557,0.00,0.00
2014.09.17 15:49:02.841,12.35201,12.35532,0.00,0.00
2014.09.17 15:49:04.260,12.35204,12.35548,0.00,0.00
2014.09.17 15:49:10.282,12.35201,12.3553,0.00,0.00
2014.09.17 15:49:10.396,12.35205,12.35547,0.00,0.00
2014.09.17 15:49:10.980,12.35201,12.35535,0.00,0.00
2014.09.17 15:49:15.202,12.35214,12.35558,0.00,0.00
2014.09.17 15:49:15.422,12.35201,12.35536,0.00,0.00
2014.09.17 15:49:16.928,12.35204,12.35546,0.00,0.00
2014.09.17 15:49:17.826,12.35204,12.3554,0.00,0.00
2014.09.17 15:49:18.027,12.35171,12.35508,0.00,0.00
2014.09.17 15:49:18.078,12.35171,12.35478,0.00,0.00
2014.09.17 15:49:18.128,12.35152,12.35477,0.00,0.00
2014.09.17 15:49:18.541,12.35165,12.35507,0.00,0.00
2014.09.17 15:49:19.949,12.35152,12.35493,0.00,0.00
2014.09.17 15:49:24.075,12.35164,12.35508,0.00,0.00
2014.09.17 15:49:25.212,12.35201,12.35508,0.00,0.00
2014.09.17 15:49:25.263,12.35201,12.35527,0.00,0.00
2014.09.17 15:49:25.364,12.35214,12.35558,0.00,0.00
2014.09.17 15:49:34.120,12.35214,12.35538,0.00,0.00
2014.09.17 15:49:34.318,12.35181,12.35517,0.00,0.00
2014.09.17 15:49:34.670,12.35181,12.35498,0.00,0.00
2014.09.17 15:49:34.975,12.35181,12.35492,0.00,0.00
2014.09.17 15:49:35.075,12.35172,12.35492,0.00,0.00
2014.09.17 15:49:35.126,12.35162,12.35492,0.00,0.00
2014.09.17 15:49:35.176,12.35171,12.35492,0.00,0.00
2014.09.17 15:49:35.645,12.35162,12.35492,0.00,0.00
2014.09.17 15:49:35.696,12.35141,12.35398,0.00,0.00
2014.09.17 15:49:35.746,12.35122,12.35398,0.00,0.00
2014.09.17 15:49:35.797,12.35101,12.35398,0.00,0.00
2014.09.17 15:49:36.377,12.35102,12.35398,0.00,0.00
2014.09.17 15:49:37.077,12.35101,12.35398,0.00,0.00
2014.09.17 15:49:38.085,12.35103,12.35398,0.00,0.00
2014.09.17 15:49:38.664,12.35104,12.35398,0.00,0.00
2014.09.17 15:49:40.023,12.35101,12.35398,0.00,0.00
2014.09.17 15:49:40.584,12.35102,12.35398,0.00,0.00
2014.09.17 15:49:41.306,12.35101,12.35398,0.00,0.00
2014.09.17 15:49:41.687,12.35061,12.35367,0.00,0.00
2014.09.17 15:49:41.787,12.35022,12.35339,0.00,0.00
2014.09.17 15:49:41.838,12.35002,12.35299,0.00,0.00
2014.09.17 15:49:45.179,12.34997,12.35299,0.00,0.00
2014.09.17 15:49:45.230,12.34976,12.35299,0.00,0.00
2014.09.17 15:49:45.280,12.34976,12.35249,0.00,0.00
2014.09.17 15:49:45.393,12.34961,12.35249,0.00,0.00
2014.09.17 15:49:45.594,12.35004,12.35249,0.00,0.00
2014.09.17 15:49:46.590,12.35004,12.35299,0.00,0.00
2014.09.17 15:49:52.269,12.35004,12.35348,0.00,0.00
2014.09.17 15:49:52.320,12.3506,12.35349,0.00,0.00
2014.09.17 15:49:52.679,12.35104,12.35349,0.00,0.00
2014.09.17 15:49:52.911,12.35083,12.35349,0.00,0.00
2014.09.17 15:49:53.106,12.35102,12.35349,0.00,0.00
2014.09.17 15:49:53.589,12.35102,12.35399,0.00,0.00
2014.09.17 15:49:53.707,12.35086,12.35399,0.00,0.00
2014.09.17 15:49:53.808,12.35083,12.35399,0.00,0.00
2014.09.17 15:49:53.908,12.35104,12.35399,0.00,0.00
2014.09.17 15:49:54.229,12.35087,12.35399,0.00,0.00
2014.09.17 15:49:55.009,12.35098,12.35399,0.00,0.00
2014.09.17 15:49:55.499,12.35104,12.35399,0.00,0.00
2014.09.17 15:50:01.021,12.35134,12.35399,0.00,0.00
2014.09.17 15:50:01.071,12.35134,12.3547,0.00,0.00
2014.09.17 15:50:01.122,12.35178,12.35479,0.00,0.00
2014.09.17 15:50:01.172,12.35178,12.35499,0.00,0.00
2014.09.17 15:50:01.223,12.35202,12.35499,0.00,0.00
2014.09.17 15:50:02.049,12.35187,12.35499,0.00,0.00
2014.09.17 15:50:02.563,12.352,12.35499,0.00,0.00
2014.09.17 15:50:03.853,12.35176,12.35499,0.00,0.00
2014.09.17 15:50:05.051,12.35203,12.35499,0.00,0.00
2014.09.17 15:50:05.864,12.35175,12.35499,0.00,0.00
2014.09.17 15:50:06.376,12.35192,12.35499,0.00,0.00
2014.09.17 15:50:06.477,12.35176,12.35499,0.00,0.00
2014.09.17 15:50:06.579,12.35192,12.35499,0.00,0.00
2014.09.17 15:50:06.881,12.35202,12.35499,0.00,0.00
2014.09.17 15:50:07.766,12.35177,12.35499,0.00,0.00
2014.09.17 15:50:08.329,12.35177,12.35521,0.00,0.00
2014.09.17 15:50:08.432,12.35266,12.35549,0.00,0.00
2014.09.17 15:50:08.659,12.35292,12.35618,0.00,0.00
2014.09.17 15:50:08.935,12.35264,12.35608,0.00,0.00
2014.09.17 15:50:09.036,12.35293,12.35618,0.00,0.00
2014.09.17 15:50:09.336,12.35276,12.35618,0.00,0.00
2014.09.17 15:50:09.437,12.35264,12.35608,0.00,0.00
2014.09.17 15:50:11.068,12.35291,12.35618,0.00,0.00
2014.09.17 15:50:11.239,12.35276,12.35618,0.00,0.00
2014.09.17 15:50:11.453,12.35292,12.35618,0.00,0.00
2014.09.17 15:50:11.778,12.35264,12.35608,0.00,0.00
2014.09.17 15:50:12.175,12.35275,12.35618,0.00,0.00
2014.09.17 15:50:12.521,12.35265,12.35607,0.00,0.00
2014.09.17 15:50:13.049,12.3529,12.35618,0.00,0.00
2014.09.17 15:50:13.180,12.35276,12.35618,0.00,0.00
2014.09.17 15:50:13.594,12.35264,12.35608,0.00,0.00
2014.09.17 15:50:13.644,12.35264,12.35518,0.00,0.00
2014.09.17 15:50:13.695,12.35262,12.35518,0.00,0.00
2014.09.17 15:50:13.795,12.35174,12.35518,0.00,0.00
2014.09.17 15:50:14.555,12.35175,12.35517,0.00,0.00
2014.09.17 15:50:16.091,12.35204,12.35518,0.00,0.00
2014.09.17 15:50:16.359,12.35174,12.35518,0.00,0.00
2014.09.17 15:50:16.731,12.35174,12.35468,0.00,0.00
2014.09.17 15:50:16.781,12.35161,12.35468,0.00,0.00
2014.09.17 15:50:17.211,12.35166,12.35468,0.00,0.00
2014.09.17 15:50:17.532,12.35179,12.35468,0.00,0.00
2014.09.17 15:50:17.950,12.35194,12.35468,0.00,0.00
2014.09.17 15:50:18.050,12.35194,12.35519,0.00,0.00
2014.09.17 15:50:18.169,12.35182,12.35519,0.00,0.00
2014.09.17 15:50:19.985,12.35204,12.35519,0.00,0.00
2014.09.17 15:50:23.008,12.35179,12.35519,0.00,0.00
2014.09.17 15:50:23.619,12.35179,12.35469,0.00,0.00
2014.09.17 15:50:23.790,12.35122,12.35462,0.00,0.00
2014.09.17 15:50:23.850,12.35118,12.35462,0.00,0.00
2014.09.17 15:50:23.900,12.35101,12.35445,0.00,0.00
2014.09.17 15:50:25.049,12.35101,12.35418,0.00,0.00
2014.09.17 15:50:26.797,12.35089,12.35418,0.00,0.00
2014.09.17 15:50:26.998,12.35104,12.35418,0.00,0.00
2014.09.17 15:50:27.247,12.35093,12.35418,0.00,0.00
2014.09.17 15:50:27.800,12.35091,12.35418,0.00,0.00
2014.09.17 15:50:28.003,12.3508,12.35418,0.00,0.00
2014.09.17 15:50:28.104,12.35096,12.35418,0.00,0.00
2014.09.17 15:50:29.749,12.35081,12.35418,0.00,0.00
2014.09.17 15:50:29.959,12.35105,12.35418,0.00,0.00
2014.09.17 15:50:30.717,12.3508,12.35418,0.00,0.00
2014.09.17 15:50:31.119,12.35104,12.35418,0.00,0.00
2014.09.17 15:50:32.425,12.35081,12.35418,0.00,0.00
2014.09.17 15:50:33.033,12.35087,12.35418,0.00,0.00
2014.09.17 15:50:33.335,12.35101,12.35418,0.00,0.00
2014.09.17 15:50:33.650,12.3507,12.35414,0.00,0.00
2014.09.17 15:50:33.949,12.35101,12.35418,0.00,0.00
2014.09.17 15:50:35.076,12.35101,12.35445,0.00,0.00
2014.09.17 15:50:35.127,12.35112,12.35445,0.00,0.00
2014.09.17 15:50:35.442,12.35201,12.35469,0.00,0.00
2014.09.17 15:50:35.493,12.35171,12.35469,0.00,0.00
2014.09.17 15:50:35.698,12.352,12.35469,0.00,0.00
2014.09.17 15:50:36.464,12.35174,12.35469,0.00,0.00
2014.09.17 15:50:36.515,12.35174,12.35518,0.00,0.00
2014.09.17 15:50:36.876,12.35205,12.35519,0.00,0.00
2014.09.17 15:50:37.283,12.35176,12.35519,0.00,0.00
2014.09.17 15:50:38.096,12.35191,12.35519,0.00,0.00
2014.09.17 15:50:38.604,12.35176,12.35519,0.00,0.00
2014.09.17 15:50:38.705,12.35191,12.35519,0.00,0.00
2014.09.17 15:50:39.790,12.35205,12.35519,0.00,0.00
2014.09.17 15:50:40.380,12.35191,12.35519,0.00,0.00
2014.09.17 15:50:40.481,12.35176,12.35519,0.00,0.00
2014.09.17 15:50:43.167,12.35191,12.35519,0.00,0.00
2014.09.17 15:50:43.710,12.35174,12.35518,0.00,0.00
2014.09.17 15:50:46.477,12.35186,12.35519,0.00,0.00
2014.09.17 15:50:48.182,12.35172,12.35512,0.00,0.00
2014.09.17 15:50:49.746,12.3517,12.35512,0.00,0.00
2014.09.17 15:50:50.088,12.35186,12.35519,0.00,0.00
2014.09.17 15:50:50.424,12.3517,12.35514,0.00,0.00
2014.09.17 15:50:51.291,12.35186,12.35519,0.00,0.00
2014.09.17 15:50:51.792,12.35171,12.35513,0.00,0.00
2014.09.17 15:50:52.494,12.35188,12.35519,0.00,0.00
2014.09.17 15:50:53.401,12.35168,12.35512,0.00,0.00
2014.09.17 15:50:54.645,12.35183,12.35519,0.00,0.00
2014.09.17 15:50:56.848,12.35168,12.3551,0.00,0.00
2014.09.17 15:50:56.949,12.35183,12.35519,0.00,0.00
2014.09.17 15:50:57.306,12.352,12.35519,0.00,0.00
2014.09.17 15:50:57.619,12.35168,12.3551,0.00,0.00
2014.09.17 15:50:59.412,12.35182,12.35519,0.00,0.00
2014.09.17 15:51:00.347,12.35198,12.35519,0.00,0.00
2014.09.17 15:51:01.715,12.35182,12.35519,0.00,0.00
2014.09.17 15:51:02.291,12.35182,12.35469,0.00,0.00
2014.09.17 15:51:02.342,12.35162,12.35453,0.00,0.00
2014.09.17 15:51:02.445,12.35111,12.35453,0.00,0.00
2014.09.17 15:51:02.519,12.35091,12.3543,0.00,0.00
2014.09.17 15:51:03.337,12.35104,12.35448,0.00,0.00
2014.09.17 15:51:03.679,12.35104,12.35418,0.00,0.00
2014.09.17 15:51:04.767,12.35086,12.35418,0.00,0.00
2014.09.17 15:51:05.171,12.351,12.35418,0.00,0.00
2014.09.17 15:51:05.782,12.35084,12.35418,0.00,0.00
2014.09.17 15:51:05.883,12.35084,12.35368,0.00,0.00
2014.09.17 15:51:05.983,12.35073,12.35368,0.00,0.00
2014.09.17 15:51:06.036,12.35105,12.35368,0.00,0.00
2014.09.17 15:51:06.638,12.35084,12.35368,0.00,0.00
2014.09.17 15:51:07.198,12.35084,12.35418,0.00,0.00
2014.09.17 15:51:07.857,12.35098,12.35418,0.00,0.00
2014.09.17 15:51:09.246,12.35082,12.35418,0.00,0.00
2014.09.17 15:51:09.347,12.35097,12.35418,0.00,0.00
2014.09.17 15:51:10.480,12.35083,12.35418,0.00,0.00
2014.09.17 15:51:10.651,12.35097,12.35418,0.00,0.00
2014.09.17 15:51:12.794,12.35085,12.35418,0.00,0.00
2014.09.17 15:51:12.999,12.35101,12.35418,0.00,0.00
2014.09.17 15:51:15.368,12.35085,12.35418,0.00,0.00
2014.09.17 15:51:15.869,12.351,12.35418,0.00,0.00
2014.09.17 15:51:18.780,12.35086,12.35418,0.00,0.00
2014.09.17 15:51:18.894,12.35104,12.35418,0.00,0.00
2014.09.17 15:51:20.825,12.35087,12.35418,0.00,0.00
2014.09.17 15:51:21.130,12.35104,12.35418,0.00,0.00
2014.09.17 15:51:21.434,12.3509,12.35418,0.00,0.00
2014.09.17 15:51:22.393,12.35104,12.35418,0.00,0.00
2014.09.17 15:51:24.097,12.35087,12.35418,0.00,0.00
2014.09.17 15:51:24.900,12.35103,12.35418,0.00,0.00
2014.09.17 15:51:25.602,12.35087,12.35418,0.00,0.00
2014.09.17 15:51:26.054,12.35087,12.35368,0.00,0.00
2014.09.17 15:51:26.105,12.35074,12.35368,0.00,0.00
2014.09.17 15:51:26.334,12.35063,12.35368,0.00,0.00
2014.09.17 15:51:26.619,12.35074,12.35368,0.00,0.00
2014.09.17 15:51:26.722,12.35064,12.35368,0.00,0.00
2014.09.17 15:51:26.926,12.35075,12.35368,0.00,0.00
2014.09.17 15:51:28.462,12.35075,12.35417,0.00,0.00
2014.09.17 15:51:28.562,12.35094,12.35419,0.00,0.00
2014.09.17 15:51:31.041,12.35061,12.35367,0.00,0.00
2014.09.17 15:51:31.192,12.35009,12.35351,0.00,0.00
2014.09.17 15:51:31.293,12.34994,12.35336,0.00,0.00
2014.09.17 15:51:31.650,12.35005,12.35347,0.00,0.00
2014.09.17 15:51:32.388,12.35005,12.35318,0.00,0.00
2014.09.17 15:51:32.853,12.3502,12.35318,0.00,0.00
2014.09.17 15:51:32.954,12.35004,12.35318,0.00,0.00
2014.09.17 15:51:33.075,12.34993,12.35318,0.00,0.00
2014.09.17 15:51:33.454,12.35005,12.35318,0.00,0.00
2014.09.17 15:51:33.687,12.34993,12.35318,0.00,0.00
2014.09.17 15:51:35.057,12.35005,12.35318,0.00,0.00
2014.09.17 15:51:35.358,12.34993,12.35318,0.00,0.00
2014.09.17 15:51:35.759,12.35004,12.35318,0.00,0.00
2014.09.17 15:51:38.686,12.34992,12.35318,0.00,0.00
2014.09.17 15:51:39.566,12.35005,12.35318,0.00,0.00
2014.09.17 15:51:39.667,12.34991,12.35318,0.00,0.00
2014.09.17 15:51:40.979,12.35004,12.35318,0.00,0.00
2014.09.17 15:51:42.509,12.34991,12.35318,0.00,0.00
2014.09.17 15:51:43.689,12.35004,12.35318,0.00,0.00
2014.09.17 15:51:44.160,12.35041,12.35348,0.00,0.00
2014.09.17 15:51:44.362,12.3508,12.35419,0.00,0.00
2014.09.17 15:51:44.412,12.35129,12.35419,0.00,0.00
2014.09.17 15:51:45.530,12.35078,12.35419,0.00,0.00
2014.09.17 15:51:45.800,12.35104,12.35419,0.00,0.00
2014.09.17 15:51:46.068,12.35026,12.35369,0.00,0.00
2014.09.17 15:51:46.119,12.35003,12.35345,0.00,0.00
2014.09.17 15:51:47.348,12.35003,12.35319,0.00,0.00
2014.09.17 15:51:50.216,12.34991,12.35319,0.00,0.00
2014.09.17 15:51:50.944,12.34992,12.35319,0.00,0.00
2014.09.17 15:51:51.839,12.35005,12.35319,0.00,0.00
2014.09.17 15:51:57.033,12.35005,12.35347,0.00,0.00
2014.09.17 15:51:57.084,12.3505,12.35362,0.00,0.00
2014.09.17 15:51:57.642,12.35104,12.35369,0.00,0.00
2014.09.17 15:51:57.743,12.3508,12.35369,0.00,0.00
2014.09.17 15:51:58.145,12.35105,12.35369,0.00,0.00
2014.09.17 15:51:58.248,12.3508,12.35369,0.00,0.00
2014.09.17 15:51:58.457,12.3508,12.35418,0.00,0.00
2014.09.17 15:51:59.773,12.35095,12.35418,0.00,0.00
2014.09.17 15:52:00.586,12.35082,12.35418,0.00,0.00
2014.09.17 15:52:01.206,12.35082,12.35368,0.00,0.00
2014.09.17 15:52:01.257,12.35069,12.35368,0.00,0.00
2014.09.17 15:52:01.358,12.35031,12.35368,0.00,0.00
2014.09.17 15:52:01.442,12.35061,12.35368,0.00,0.00
2014.09.17 15:52:01.862,12.35105,12.35368,0.00,0.00
2014.09.17 15:52:02.648,12.35105,12.35419,0.00,0.00
2014.09.17 15:52:03.451,12.35098,12.35419,0.00,0.00
2014.09.17 15:52:03.552,12.3508,12.35419,0.00,0.00
2014.09.17 15:52:03.703,12.35098,12.35419,0.00,0.00
2014.09.17 15:52:03.969,12.35082,12.35419,0.00,0.00
2014.09.17 15:52:04.264,12.35105,12.35419,0.00,0.00
2014.09.17 15:52:05.192,12.35105,12.35447,0.00,0.00
2014.09.17 15:52:05.293,12.3518,12.35468,0.00,0.00
2014.09.17 15:52:05.668,12.35204,12.35468,0.00,0.00
2014.09.17 15:52:06.085,12.35188,12.35468,0.00,0.00
2014.09.17 15:52:06.608,12.35188,12.35518,0.00,0.00
2014.09.17 15:52:06.787,12.35204,12.35518,0.00,0.00
2014.09.17 15:52:07.089,12.35232,12.35518,0.00,0.00
2014.09.17 15:52:07.291,12.35302,12.35618,0.00,0.00
2014.09.17 15:52:07.599,12.35277,12.35618,0.00,0.00
2014.09.17 15:52:08.799,12.35264,12.35608,0.00,0.00
2014.09.17 15:52:08.920,12.35282,12.35618,0.00,0.00
2014.09.17 15:52:10.102,12.35267,12.35611,0.00,0.00
2014.09.17 15:52:10.152,12.35267,12.35569,0.00,0.00
2014.09.17 15:52:10.203,12.35261,12.35569,0.00,0.00
2014.09.17 15:52:10.367,12.35247,12.35569,0.00,0.00
2014.09.17 15:52:10.804,12.35266,12.35569,0.00,0.00
2014.09.17 15:52:11.340,12.35251,12.35569,0.00,0.00
2014.09.17 15:52:11.699,12.35251,12.35519,0.00,0.00
2014.09.17 15:52:11.749,12.35222,12.35519,0.00,0.00
2014.09.17 15:52:11.850,12.35187,12.35519,0.00,0.00
2014.09.17 15:52:14.717,12.35197,12.35519,0.00,0.00
2014.09.17 15:52:19.746,12.35171,12.35509,0.00,0.00
2014.09.17 15:52:20.199,12.35167,12.35509,0.00,0.00
2014.09.17 15:52:21.466,12.35167,12.35468,0.00,0.00
2014.09.17 15:52:21.569,12.35162,12.35468,0.00,0.00
2014.09.17 15:52:21.747,12.35147,12.35468,0.00,0.00
2014.09.17 15:52:21.797,12.35179,12.35468,0.00,0.00
2014.09.17 15:52:21.985,12.35147,12.35468,0.00,0.00
2014.09.17 15:52:22.786,12.35162,12.35468,0.00,0.00
2014.09.17 15:52:23.119,12.35162,12.35506,0.00,0.00
2014.09.17 15:52:23.169,12.35179,12.35518,0.00,0.00
2014.09.17 15:52:23.727,12.35198,12.35518,0.00,0.00
2014.09.17 15:52:23.854,12.35184,12.35518,0.00,0.00
2014.09.17 15:52:25.610,12.35229,12.35518,0.00,0.00
2014.09.17 15:52:25.917,12.35253,12.35518,0.00,0.00
2014.09.17 15:52:25.967,12.35229,12.35518,0.00,0.00
2014.09.17 15:52:26.223,12.35192,12.35518,0.00,0.00
2014.09.17 15:52:26.659,12.35207,12.35518,0.00,0.00
2014.09.17 15:52:26.959,12.35193,12.35518,0.00,0.00
2014.09.17 15:52:27.600,12.35204,12.35518,0.00,0.00
2014.09.17 15:52:27.704,12.35187,12.35518,0.00,0.00
2014.09.17 15:52:27.808,12.35204,12.35518,0.00,0.00
2014.09.17 15:52:27.910,12.35171,12.35511,0.00,0.00
2014.09.17 15:52:28.778,12.35183,12.35518,0.00,0.00
2014.09.17 15:52:33.798,12.35172,12.35516,0.00,0.00
2014.09.17 15:52:35.909,12.35187,12.35518,0.00,0.00
2014.09.17 15:52:36.319,12.35171,12.35513,0.00,0.00
2014.09.17 15:52:39.068,12.35171,12.35469,0.00,0.00
2014.09.17 15:52:39.119,12.35124,12.35468,0.00,0.00
2014.09.17 15:52:39.629,12.35093,12.35437,0.00,0.00
2014.09.17 15:52:40.004,12.35104,12.35448,0.00,0.00
2014.09.17 15:52:40.396,12.35093,12.35419,0.00,0.00
2014.09.17 15:52:40.783,12.35104,12.35419,0.00,0.00
2014.09.17 15:52:41.685,12.35087,12.35419,0.00,0.00
2014.09.17 15:52:41.736,12.35087,12.35368,0.00,0.00
2014.09.17 15:52:41.786,12.34923,12.35229,0.00,0.00
2014.09.17 15:52:41.887,12.34909,12.35253,0.00,0.00
2014.09.17 15:52:42.366,12.34909,12.35218,0.00,0.00
2014.09.17 15:52:43.989,12.34924,12.35218,0.00,0.00
2014.09.17 15:52:44.039,12.34941,12.35268,0.00,0.00
2014.09.17 15:52:44.090,12.34941,12.35273,0.00,0.00
2014.09.17 15:52:44.289,12.34954,12.35298,0.00,0.00
2014.09.17 15:52:44.390,12.34969,12.35313,0.00,0.00
2014.09.17 15:52:44.906,12.34954,12.35298,0.00,0.00
2014.09.17 15:52:45.336,12.34925,12.35267,0.00,0.00
2014.09.17 15:52:45.894,12.34949,12.35269,0.00,0.00
2014.09.17 15:52:46.293,12.34929,12.35269,0.00,0.00
2014.09.17 15:52:46.428,12.34909,12.35253,0.00,0.00
2014.09.17 15:52:46.807,12.34909,12.35218,0.00,0.00
2014.09.17 15:52:55.118,12.34896,12.35218,0.00,0.00
2014.09.17 15:52:55.566,12.34896,12.35238,0.00,0.00
2014.09.17 15:53:00.890,12.34896,12.35139,0.00,0.00
2014.09.17 15:53:00.941,12.34882,12.35139,0.00,0.00
2014.09.17 15:53:01.041,12.3483,12.35139,0.00,0.00
2014.09.17 15:53:01.149,12.34804,12.35139,0.00,0.00
2014.09.17 15:53:07.062,12.34781,12.35092,0.00,0.00
2014.09.17 15:53:07.317,12.34704,12.35039,0.00,0.00
2014.09.17 15:53:16.021,12.34733,12.35039,0.00,0.00
2014.09.17 15:53:16.071,12.34741,12.35069,0.00,0.00
2014.09.17 15:53:16.122,12.34784,12.35078,0.00,0.00
2014.09.17 15:53:16.527,12.34809,12.35088,0.00,0.00
2014.09.17 15:53:17.345,12.34809,12.35139,0.00,0.00
2014.09.17 15:53:29.335,12.34809,12.35151,0.00,0.00
2014.09.17 15:53:50.381,12.34802,12.35127,0.00,0.00
2014.09.17 15:53:50.696,12.34744,12.35059,0.00,0.00
2014.09.17 15:53:50.884,12.34728,12.35059,0.00,0.00
2014.09.17 15:53:50.984,12.34708,12.35052,0.00,0.00
2014.09.17 15:54:12.602,12.34688,12.35009,0.00,0.00
2014.09.17 15:54:12.765,12.34651,12.34976,0.00,0.00
2014.09.17 15:54:12.865,12.34651,12.34952,0.00,0.00
2014.09.17 15:54:13.069,12.34673,12.35009,0.00,0.00
2014.09.17 15:54:13.278,12.34709,12.35009,0.00,0.00
2014.09.17 15:54:13.999,12.34709,12.35051,0.00,0.00
2014.09.17 15:54:14.100,12.34702,12.35031,0.00,0.00
2014.09.17 15:54:14.655,12.34658,12.34958,0.00,0.00
2014.09.17 15:54:14.705,12.34633,12.34958,0.00,0.00
2014.09.17 15:54:14.806,12.34608,12.34952,0.00,0.00
2014.09.17 15:54:15.975,12.34608,12.34858,0.00,0.00
2014.09.17 15:54:16.026,12.34571,12.34858,0.00,0.00
2014.09.17 15:54:16.126,12.34524,12.34858,0.00,0.00
2014.09.17 15:54:16.188,12.34509,12.34851,0.00,0.00
2014.09.17 15:54:19.164,12.34552,12.34851,0.00,0.00
2014.09.17 15:54:19.365,12.34583,12.34908,0.00,0.00
2014.09.17 15:54:19.533,12.34609,12.34908,0.00,0.00
2014.09.17 15:54:20.614,12.34609,12.34951,0.00,0.00
2014.09.17 15:54:20.913,12.34624,12.34958,0.00,0.00
2014.09.17 15:54:21.214,12.34609,12.34951,0.00,0.00
2014.09.17 15:54:22.496,12.34651,12.34951,0.00,0.00
2014.09.17 15:54:22.547,12.34662,12.34977,0.00,0.00
2014.09.17 15:54:22.648,12.34683,12.35009,0.00,0.00
2014.09.17 15:54:22.717,12.34708,12.35009,0.00,0.00
2014.09.17 15:54:23.894,12.34708,12.35052,0.00,0.00
2014.09.17 15:54:29.254,12.34708,12.35039,0.00,0.00
2014.09.17 15:54:29.574,12.34761,12.35039,0.00,0.00
2014.09.17 15:54:29.842,12.34808,12.35152,0.00,0.00
2014.09.17 15:54:30.036,12.34802,12.35141,0.00,0.00
2014.09.17 15:54:30.875,12.34809,12.35151,0.00,0.00
2014.09.17 15:54:31.371,12.34802,12.35137,0.00,0.00
2014.09.17 15:54:31.882,12.34808,12.35152,0.00,0.00
2014.09.17 15:54:34.757,12.34802,12.35141,0.00,0.00
2014.09.17 15:54:34.860,12.34808,12.35152,0.00,0.00
2014.09.17 15:54:35.460,12.34802,12.35141,0.00,0.00
2014.09.17 15:54:35.660,12.34808,12.35152,0.00,0.00
2014.09.17 15:54:36.366,12.34824,12.35158,0.00,0.00
2014.09.17 15:54:36.977,12.34803,12.35147,0.00,0.00
2014.09.17 15:54:41.129,12.34823,12.35158,0.00,0.00
2014.09.17 15:54:41.488,12.34868,12.35158,0.00,0.00
2014.09.17 15:54:41.575,12.34868,12.35169,0.00,0.00
2014.09.17 15:54:41.625,12.34884,12.35179,0.00,0.00
2014.09.17 15:54:41.676,12.34884,12.35208,0.00,0.00
2014.09.17 15:54:41.727,12.34908,12.35208,0.00,0.00
2014.09.17 15:54:42.120,12.3489,12.35208,0.00,0.00
2014.09.17 15:54:42.696,12.34908,12.35208,0.00,0.00
2014.09.17 15:54:42.894,12.34908,12.35252,0.00,0.00
2014.09.17 15:54:43.440,12.34901,12.35236,0.00,0.00
2014.09.17 15:54:43.641,12.34816,12.35159,0.00,0.00
2014.09.17 15:54:43.742,12.34834,12.35159,0.00,0.00
2014.09.17 15:54:44.050,12.34864,12.35159,0.00,0.00
2014.09.17 15:54:44.985,12.34864,12.35206,0.00,0.00
2014.09.17 15:54:46.414,12.34901,12.35206,0.00,0.00
2014.09.17 15:54:46.465,12.34901,12.35225,0.00,0.00
2014.09.17 15:54:48.924,12.34901,12.35236,0.00,0.00
2014.09.17 15:54:49.053,12.34908,12.35252,0.00,0.00
2014.09.17 15:54:50.428,12.34901,12.3523,0.00,0.00
2014.09.17 15:54:50.865,12.34909,12.35251,0.00,0.00
2014.09.17 15:54:51.532,12.34901,12.35226,0.00,0.00
2014.09.17 15:54:51.917,12.34882,12.35208,0.00,0.00
2014.09.17 15:54:51.967,12.34852,12.35161,0.00,0.00
2014.09.17 15:54:52.304,12.34852,12.35146,0.00,0.00
2014.09.17 15:54:53.233,12.34802,12.35146,0.00,0.00
2014.09.17 15:54:54.794,12.34823,12.35158,0.00,0.00
2014.09.17 15:54:54.895,12.34808,12.35152,0.00,0.00
2014.09.17 15:55:06.219,12.34808,12.35109,0.00,0.00
2014.09.17 15:55:06.521,12.34751,12.35052,0.00,0.00
2014.09.17 15:55:07.540,12.34708,12.35052,0.00,0.00
2014.09.17 15:55:08.739,12.34709,12.35051,0.00,0.00
2014.09.17 15:55:16.179,12.3473,12.35051,0.00,0.00
2014.09.17 15:55:16.280,12.34752,12.35077,0.00,0.00
2014.09.17 15:55:16.350,12.34783,12.35079,0.00,0.00
2014.09.17 15:55:16.401,12.34783,12.35108,0.00,0.00
2014.09.17 15:55:16.451,12.34809,12.35108,0.00,0.00
2014.09.17 15:55:16.722,12.34782,12.35108,0.00,0.00
2014.09.17 15:55:16.773,12.348,12.35108,0.00,0.00
2014.09.17 15:55:17.544,12.34801,12.35142,0.00,0.00
2014.09.17 15:55:25.574,12.34851,12.35142,0.00,0.00
2014.09.17 15:55:25.675,12.34868,12.35179,0.00,0.00
2014.09.17 15:55:25.744,12.34868,12.35209,0.00,0.00
2014.09.17 15:55:27.016,12.34901,12.35212,0.00,0.00
2014.09.17 15:55:27.768,12.34901,12.35201,0.00,0.00
2014.09.17 15:55:28.697,12.34901,12.35216,0.00,0.00
2014.09.17 15:55:29.071,12.34901,12.3522,0.00,0.00
2014.09.17 15:55:30.172,12.34901,12.35219,0.00,0.00
2014.09.17 15:55:31.201,12.34901,12.35221,0.00,0.00
2014.09.17 15:55:32.473,12.34901,12.3522,0.00,0.00
2014.09.17 15:55:32.523,12.34901,12.35202,0.00,0.00
2014.09.17 15:55:32.625,12.34909,12.35251,0.00,0.00
2014.09.17 15:55:35.120,12.34901,12.3523,0.00,0.00
2014.09.17 15:55:35.602,12.34888,12.35209,0.00,0.00
2014.09.17 15:55:35.703,12.34865,12.35209,0.00,0.00
2014.09.17 15:55:36.985,12.34883,12.35209,0.00,0.00
2014.09.17 15:55:37.085,12.34908,12.35252,0.00,0.00
2014.09.17 15:55:37.385,12.34902,12.35233,0.00,0.00
2014.09.17 15:55:37.686,12.34909,12.35251,0.00,0.00
2014.09.17 15:55:40.090,12.34902,12.35224,0.00,0.00
2014.09.17 15:55:41.342,12.3488,12.35209,0.00,0.00
2014.09.17 15:55:41.393,12.34867,12.35209,0.00,0.00
2014.09.17 15:55:41.794,12.34884,12.35209,0.00,0.00
2014.09.17 15:55:42.205,12.34869,12.35209,0.00,0.00
2014.09.17 15:55:42.294,12.34908,12.35209,0.00,0.00
2014.09.17 15:55:42.734,12.34908,12.35252,0.00,0.00
2014.09.17 15:55:43.997,12.34902,12.35236,0.00,0.00
2014.09.17 15:55:44.714,12.34894,12.35209,0.00,0.00
2014.09.17 15:55:44.847,12.34875,12.35209,0.00,0.00
2014.09.17 15:55:54.284,12.34875,12.35158,0.00,0.00
2014.09.17 15:55:54.335,12.34813,12.35157,0.00,0.00
2014.09.17 15:56:02.425,12.34813,12.35108,0.00,0.00
2014.09.17 15:56:02.528,12.34789,12.35108,0.00,0.00
2014.09.17 15:56:03.853,12.34801,12.35131,0.00,0.00
2014.09.17 15:56:07.599,12.34789,12.35109,0.00,0.00
2014.09.17 15:56:07.714,12.34776,12.35109,0.00,0.00
2014.09.17 15:56:07.765,12.34761,12.35056,0.00,0.00
2014.09.17 15:56:07.900,12.34751,12.35056,0.00,0.00
2014.09.17 15:56:08.914,12.34714,12.35056,0.00,0.00
2014.09.17 15:56:13.987,12.34701,12.35044,0.00,0.00
2014.09.17 15:56:30.240,12.34701,12.35021,0.00,0.00
2014.09.17 15:56:30.341,12.34651,12.34978,0.00,0.00
2014.09.17 15:56:30.623,12.34689,12.35009,0.00,0.00
2014.09.17 15:56:31.015,12.34708,12.35009,0.00,0.00
2014.09.17 15:56:31.344,12.34677,12.35009,0.00,0.00
2014.09.17 15:56:31.573,12.34701,12.35021,0.00,0.00
2014.09.17 15:56:31.724,12.34708,12.35052,0.00,0.00
2014.09.17 15:56:34.387,12.34701,12.35041,0.00,0.00
2014.09.17 15:56:34.688,12.34709,12.35051,0.00,0.00
2014.09.17 15:56:39.282,12.34709,12.35021,0.00,0.00
2014.09.17 15:56:39.333,12.34701,12.35021,0.00,0.00
2014.09.17 15:56:39.433,12.34701,12.34979,0.00,0.00
2014.09.17 15:56:39.493,12.34637,12.34959,0.00,0.00
2014.09.17 15:56:39.688,12.34612,12.34956,0.00,0.00
2014.09.17 15:56:41.558,12.34612,12.3491,0.00,0.00
2014.09.17 15:56:41.709,12.34537,12.34858,0.00,0.00
2014.09.17 15:56:42.928,12.34557,12.34878,0.00,0.00
2014.09.17 15:56:43.316,12.34612,12.34908,0.00,0.00
2014.09.17 15:56:44.357,12.34612,12.34956,0.00,0.00
2014.09.17 15:56:55.436,12.34627,12.34958,0.00,0.00
2014.09.17 15:57:00.348,12.34612,12.34956,0.00,0.00
2014.09.17 15:57:09.568,12.34602,12.34941,0.00,0.00
2014.09.17 15:57:10.057,12.34551,12.34879,0.00,0.00
2014.09.17 15:57:10.717,12.34551,12.34878,0.00,0.00
2014.09.17 15:57:11.047,12.34537,12.34859,0.00,0.00
2014.09.17 15:57:25.837,12.34551,12.34879,0.00,0.00
2014.09.17 15:57:25.888,12.34551,12.34881,0.00,0.00
2014.09.17 15:57:25.988,12.34581,12.34905,0.00,0.00
2014.09.17 15:57:26.301,12.34612,12.34909,0.00,0.00
2014.09.17 15:57:26.595,12.34702,12.3503,0.00,0.00
2014.09.17 15:57:26.795,12.34713,12.35055,0.00,0.00
2014.09.17 15:57:34.911,12.34702,12.35031,0.00,0.00
2014.09.17 15:57:35.225,12.34652,12.34966,0.00,0.00
2014.09.17 15:57:36.252,12.34622,12.34959,0.00,0.00
2014.09.17 15:57:56.038,12.34614,12.34958,0.00,0.00
2014.09.17 15:57:56.352,12.34644,12.34959,0.00,0.00
2014.09.17 15:57:57.675,12.34615,12.34957,0.00,0.00
2014.09.17 15:58:03.657,12.34601,12.34932,0.00,0.00
2014.09.17 15:58:04.196,12.34651,12.34932,0.00,0.00
2014.09.17 15:58:04.297,12.34661,12.34983,0.00,0.00
2014.09.17 15:58:04.398,12.34661,12.35002,0.00,0.00
2014.09.17 15:58:04.687,12.34671,12.35002,0.00,0.00
2014.09.17 15:58:04.980,12.34671,12.35009,0.00,0.00
2014.09.17 15:58:05.079,12.34671,12.34999,0.00,0.00
2014.09.17 15:58:05.498,12.34669,12.35009,0.00,0.00
2014.09.17 15:58:05.549,12.34702,12.35013,0.00,0.00
2014.09.17 15:58:06.693,12.34702,12.35001,0.00,0.00
2014.09.17 15:58:07.699,12.34702,12.35013,0.00,0.00
2014.09.17 15:58:08.101,12.34702,12.35001,0.00,0.00
2014.09.17 15:58:08.504,12.34702,12.35012,0.00,0.00
2014.09.17 15:58:08.925,12.34702,12.35002,0.00,0.00
2014.09.17 15:58:09.026,12.34702,12.35012,0.00,0.00
2014.09.17 15:58:11.642,12.34672,12.34959,0.00,0.00
2014.09.17 15:58:11.746,12.34662,12.34959,0.00,0.00
2014.09.17 15:58:11.835,12.34616,12.34959,0.00,0.00
2014.09.17 15:58:11.936,12.34601,12.34937,0.00,0.00
2014.09.17 15:58:14.129,12.34609,12.34953,0.00,0.00
2014.09.17 15:58:14.179,12.34701,12.34953,0.00,0.00
2014.09.17 15:58:14.230,12.34701,12.35038,0.00,0.00
2014.09.17 15:58:14.331,12.34701,12.35033,0.00,0.00
2014.09.17 15:58:14.672,12.34701,12.35008,0.00,0.00
2014.09.17 15:58:14.737,12.34701,12.35028,0.00,0.00
2014.09.17 15:58:15.142,12.34709,12.35029,0.00,0.00
2014.09.17 15:58:15.476,12.34761,12.35059,0.00,0.00
2014.09.17 15:58:15.526,12.34761,12.35105,0.00,0.00
2014.09.17 15:58:16.350,12.34775,12.35109,0.00,0.00
2014.09.17 15:58:16.678,12.34814,12.35109,0.00,0.00
2014.09.17 15:58:16.912,12.34814,12.35158,0.00,0.00
2014.09.17 15:58:17.086,12.34801,12.35132,0.00,0.00
2014.09.17 15:58:17.496,12.34814,12.35158,0.00,0.00
2014.09.17 15:58:17.774,12.34801,12.35142,0.00,0.00
2014.09.17 15:58:19.988,12.34815,12.35157,0.00,0.00
2014.09.17 15:58:20.292,12.34801,12.35126,0.00,0.00
2014.09.17 15:58:20.394,12.34801,12.35141,0.00,0.00
2014.09.17 15:58:20.496,12.34815,12.35157,0.00,0.00
2014.09.17 15:58:20.914,12.34801,12.35083,0.00,0.00
2014.09.17 15:58:21.232,12.34801,12.35067,0.00,0.00
2014.09.17 15:58:21.333,12.34801,12.35082,0.00,0.00
2014.09.17 15:58:22.633,12.34761,12.35058,0.00,0.00
2014.09.17 15:58:22.749,12.34725,12.35058,0.00,0.00
2014.09.17 15:58:22.854,12.34707,12.35051,0.00,0.00
2014.09.17 15:58:23.326,12.34729,12.35051,0.00,0.00
2014.09.17 15:58:23.730,12.34802,12.35103,0.00,0.00
2014.09.17 15:58:24.037,12.34802,12.35073,0.00,0.00
2014.09.17 15:58:24.769,12.34751,12.35073,0.00,0.00
2014.09.17 15:58:25.839,12.34751,12.35087,0.00,0.00
2014.09.17 15:58:26.141,12.34751,12.35084,0.00,0.00
2014.09.17 15:58:28.751,12.34751,12.35069,0.00,0.00
2014.09.17 15:58:29.856,12.34751,12.35083,0.00,0.00
2014.09.17 15:58:30.111,12.34741,12.35059,0.00,0.00
2014.09.17 15:58:30.161,12.34722,12.35049,0.00,0.00
2014.09.17 15:58:30.212,12.34705,12.35049,0.00,0.00
2014.09.17 15:58:30.376,12.34724,12.35059,0.00,0.00
2014.09.17 15:58:30.477,12.34706,12.3505,0.00,0.00
2014.09.17 15:58:31.761,12.34718,12.35059,0.00,0.00
2014.09.17 15:58:32.764,12.34702,12.35046,0.00,0.00
2014.09.17 15:58:34.169,12.34715,12.35059,0.00,0.00
2014.09.17 15:58:37.078,12.34701,12.35039,0.00,0.00
2014.09.17 15:58:37.411,12.34772,12.35103,0.00,0.00
2014.09.17 15:58:38.739,12.34801,12.35103,0.00,0.00
2014.09.17 15:58:39.183,12.34801,12.35081,0.00,0.00
2014.09.17 15:58:39.384,12.34801,12.35102,0.00,0.00
2014.09.17 15:58:40.185,12.34801,12.35081,0.00,0.00
2014.09.17 15:58:40.386,12.34801,12.35102,0.00,0.00
2014.09.17 15:58:42.188,12.34801,12.35081,0.00,0.00
2014.09.17 15:58:43.920,12.34801,12.35103,0.00,0.00
2014.09.17 15:58:44.021,12.34801,12.35113,0.00,0.00
2014.09.17 15:58:44.335,12.34801,12.35086,0.00,0.00
2014.09.17 15:58:44.692,12.34801,12.35102,0.00,0.00
2014.09.17 15:58:45.794,12.34801,12.35086,0.00,0.00
2014.09.17 15:58:49.001,12.34801,12.35061,0.00,0.00
2014.09.17 15:58:49.052,12.34762,12.35061,0.00,0.00
2014.09.17 15:58:49.103,12.34762,12.3504,0.00,0.00
2014.09.17 15:58:49.153,12.34751,12.3504,0.00,0.00
2014.09.17 15:58:49.532,12.34751,12.35059,0.00,0.00
2014.09.17 15:58:49.633,12.34751,12.35043,0.00,0.00
2014.09.17 15:58:49.905,12.34751,12.35059,0.00,0.00
2014.09.17 15:58:50.207,12.34751,12.35043,0.00,0.00
2014.09.17 15:58:50.351,12.34702,12.35043,0.00,0.00
2014.09.17 15:58:51.141,12.3473,12.35058,0.00,0.00
2014.09.17 15:58:51.411,12.34702,12.35041,0.00,0.00
2014.09.17 15:58:51.730,12.34714,12.35058,0.00,0.00
2014.09.17 15:58:51.831,12.34702,12.3504,0.00,0.00
2014.09.17 15:58:52.452,12.34729,12.35058,0.00,0.00
2014.09.17 15:58:53.050,12.34714,12.35058,0.00,0.00
2014.09.17 15:58:53.152,12.34702,12.35042,0.00,0.00
2014.09.17 15:58:53.460,12.3468,12.35008,0.00,0.00
2014.09.17 15:58:53.772,12.34698,12.35008,0.00,0.00
2014.09.17 15:58:54.521,12.34714,12.35008,0.00,0.00
2014.09.17 15:58:54.861,12.34714,12.35028,0.00,0.00
2014.09.17 15:58:54.923,12.34728,12.35028,0.00,0.00
2014.09.17 15:58:54.973,12.34728,12.35059,0.00,0.00
2014.09.17 15:58:55.023,12.34744,12.35059,0.00,0.00
2014.09.17 15:58:55.474,12.3473,12.35059,0.00,0.00
2014.09.17 15:58:55.525,12.34745,12.35059,0.00,0.00
2014.09.17 15:58:56.133,12.34732,12.35059,0.00,0.00
2014.09.17 15:58:56.290,12.34751,12.35074,0.00,0.00
2014.09.17 15:58:57.173,12.34751,12.35087,0.00,0.00
2014.09.17 15:58:57.342,12.34751,12.35075,0.00,0.00
2014.09.17 15:58:57.661,12.34801,12.35097,0.00,0.00
2014.09.17 15:58:57.761,12.34801,12.35112,0.00,0.00
2014.09.17 15:58:58.393,12.34801,12.35113,0.00,0.00
2014.09.17 15:58:58.858,12.34801,12.35101,0.00,0.00
2014.09.17 15:58:59.164,12.34801,12.35113,0.00,0.00
2014.09.17 15:58:59.369,12.34801,12.35086,0.00,0.00
2014.09.17 15:58:59.874,12.34801,12.351,0.00,0.00
2014.09.17 15:59:01.246,12.34801,12.35112,0.00,0.00
2014.09.17 15:59:01.447,12.34801,12.35084,0.00,0.00
2014.09.17 15:59:01.497,12.34772,12.35084,0.00,0.00
2014.09.17 15:59:01.548,12.34772,12.35062,0.00,0.00
2014.09.17 15:59:01.598,12.34751,12.35062,0.00,0.00
2014.09.17 15:59:02.059,12.34751,12.35088,0.00,0.00
2014.09.17 15:59:03.181,12.34751,12.35075,0.00,0.00
2014.09.17 15:59:03.790,12.34751,12.35059,0.00,0.00
2014.09.17 15:59:04.431,12.34722,12.35058,0.00,0.00
2014.09.17 15:59:04.482,12.34722,12.35048,0.00,0.00
2014.09.17 15:59:04.532,12.34704,12.35048,0.00,0.00
2014.09.17 15:59:06.467,12.3473,12.35058,0.00,0.00
2014.09.17 15:59:07.168,12.34702,12.35043,0.00,0.00
2014.09.17 15:59:08.069,12.34729,12.35058,0.00,0.00
2014.09.17 15:59:09.295,12.34715,12.35058,0.00,0.00
2014.09.17 15:59:09.902,12.34702,12.35042,0.00,0.00
2014.09.17 15:59:10.410,12.34702,12.35041,0.00,0.00
2014.09.17 15:59:11.584,12.34727,12.35058,0.00,0.00
2014.09.17 15:59:11.885,12.34711,12.35055,0.00,0.00
2014.09.17 15:59:13.089,12.34702,12.35041,0.00,0.00
2014.09.17 15:59:13.593,12.34702,12.35038,0.00,0.00
2014.09.17 15:59:14.555,12.34694,12.34959,0.00,0.00
2014.09.17 15:59:14.706,12.34621,12.34959,0.00,0.00
2014.09.17 15:59:14.759,12.34617,12.34959,0.00,0.00
2014.09.17 15:59:14.809,12.34601,12.34943,0.00,0.00
2014.09.17 15:59:15.227,12.34612,12.34954,0.00,0.00
2014.09.17 15:59:19.530,12.34702,12.34979,0.00,0.00
2014.09.17 15:59:19.633,12.34704,12.35048,0.00,0.00
2014.09.17 15:59:20.708,12.34702,12.35036,0.00,0.00
2014.09.17 15:59:20.808,12.34705,12.35047,0.00,0.00
2014.09.17 15:59:22.412,12.34702,12.35036,0.00,0.00
2014.09.17 15:59:22.914,12.34704,12.35048,0.00,0.00
2014.09.17 15:59:25.989,12.34751,12.35048,0.00,0.00
2014.09.17 15:59:26.140,12.34751,12.35078,0.00,0.00
2014.09.17 15:59:26.567,12.34751,12.3505,0.00,0.00
2014.09.17 15:59:26.669,12.34751,12.35078,0.00,0.00
2014.09.17 15:59:29.926,12.34757,12.35099,0.00,0.00
2014.09.17 15:59:29.977,12.34802,12.35099,0.00,0.00
2014.09.17 15:59:30.027,12.34802,12.35116,0.00,0.00
2014.09.17 15:59:30.439,12.34802,12.35085,0.00,0.00
2014.09.17 15:59:31.666,12.34802,12.35117,0.00,0.00
2014.09.17 15:59:33.875,12.34802,12.35092,0.00,0.00
2014.09.17 15:59:34.183,12.34802,12.35108,0.00,0.00
2014.09.17 15:59:35.139,12.34802,12.35122,0.00,0.00
2014.09.17 15:59:35.769,12.34802,12.3511,0.00,0.00
2014.09.17 15:59:36.942,12.34802,12.35098,0.00,0.00
2014.09.17 15:59:39.385,12.34802,12.35111,0.00,0.00
2014.09.17 15:59:40.852,12.34802,12.35123,0.00,0.00
2014.09.17 15:59:41.855,12.34802,12.35112,0.00,0.00
2014.09.17 15:59:43.361,12.34802,12.35096,0.00,0.00
2014.09.17 15:59:43.763,12.34802,12.35112,0.00,0.00
2014.09.17 15:59:48.480,12.34802,12.35096,0.00,0.00
2014.09.17 15:59:49.784,12.34802,12.35112,0.00,0.00
2014.09.17 15:59:50.687,12.34802,12.35098,0.00,0.00
2014.09.17 15:59:54.059,12.34761,12.35098,0.00,0.00
2014.09.17 15:59:54.110,12.34752,12.35085,0.00,0.00
2014.09.17 15:59:54.800,12.34755,12.35097,0.00,0.00
2014.09.17 15:59:55.947,12.34752,12.35091,0.00,0.00
2014.09.17 15:59:57.910,12.34801,12.35091,0.00,0.00
2014.09.17 15:59:57.960,12.34801,12.35103,0.00,0.00
2014.09.17 15:59:58.061,12.34801,12.35123,0.00,0.00
2014.09.17 15:59:58.617,12.34801,12.35095,0.00,0.00
2014.09.17 15:59:59.230,12.34761,12.35095,0.00,0.00
2014.09.17 15:59:59.468,12.34742,12.35077,0.00,0.00
