2012.05.24 17:00:00.258,15.63973,15.64292,0.00,0.00
2012.05.24 17:00:00.735,15.64108,15.64472,0.00,0.00
2012.05.24 17:00:01.051,15.64092,15.64456,0.00,0.00
2012.05.24 17:00:01.352,15.64094,15.64457,0.00,0.00
2012.05.24 17:00:01.737,15.64097,15.6446,0.00,0.00
2012.05.24 17:00:02.042,15.64067,15.64433,0.00,0.00
2012.05.24 17:00:02.639,15.64292,15.64592,0.00,0.00
2012.05.24 17:00:03.128,15.64323,15.64623,0.00,0.00
2012.05.24 17:00:03.190,15.64243,15.64544,0.00,0.00
2012.05.24 17:00:03.254,15.64323,15.64623,0.00,0.00
2012.05.24 17:00:03.575,15.64493,15.64793,0.00,0.00
2012.05.24 17:00:03.951,15.64532,15.64832,0.00,0.00
2012.05.24 17:00:04.020,15.64516,15.6482,0.00,0.00
2012.05.24 17:00:04.115,15.64603,15.64904,0.00,0.00
2012.05.24 17:00:04.245,15.64573,15.64874,0.00,0.00
2012.05.24 17:00:04.371,15.64543,15.64844,0.00,0.00
2012.05.24 17:00:04.440,15.64538,15.64839,0.00,0.00
2012.05.24 17:00:04.669,15.64583,15.64883,0.00,0.00
2012.05.24 17:00:04.783,15.64573,15.64874,0.00,0.00
2012.05.24 17:00:04.909,15.64523,15.64848,0.00,0.00
2012.05.24 17:00:05.092,15.64523,15.64848,0.00,0.00
2012.05.24 17:00:05.204,15.64523,15.64835,0.00,0.00
2012.05.24 17:00:05.680,15.64523,15.64862,0.00,0.00
2012.05.24 17:00:06.032,15.64473,15.64837,0.00,0.00
2012.05.24 17:00:06.360,15.64423,15.64756,0.00,0.00
2012.05.24 17:00:06.980,15.64393,15.6474,0.00,0.00
2012.05.24 17:00:07.363,15.64393,15.64717,0.00,0.00
2012.05.24 17:00:07.669,15.64252,15.64552,0.00,0.00
2012.05.24 17:00:07.999,15.64323,15.64623,0.00,0.00
2012.05.24 17:00:08.126,15.64293,15.64593,0.00,0.00
2012.05.24 17:00:08.315,15.64099,15.64403,0.00,0.00
2012.05.24 17:00:09.213,15.64263,15.64564,0.00,0.00
2012.05.24 17:00:09.295,15.64081,15.64385,0.00,0.00
2012.05.24 17:00:09.552,15.64243,15.64543,0.00,0.00
2012.05.24 17:00:09.681,15.64065,15.64369,0.00,0.00
2012.05.24 17:00:10.487,15.64047,15.64351,0.00,0.00
2012.05.24 17:00:10.805,15.64082,15.64386,0.00,0.00
2012.05.24 17:00:10.875,15.64243,15.64544,0.00,0.00
2012.05.24 17:00:10.944,15.64103,15.64407,0.00,0.00
2012.05.24 17:00:11.015,15.64283,15.64583,0.00,0.00
2012.05.24 17:00:11.144,15.64119,15.64423,0.00,0.00
2012.05.24 17:00:11.847,15.64303,15.64604,0.00,0.00
2012.05.24 17:00:12.775,15.64135,15.64439,0.00,0.00
2012.05.24 17:00:13.054,15.64112,15.64416,0.00,0.00
2012.05.24 17:00:13.204,15.64273,15.64574,0.00,0.00
2012.05.24 17:00:13.331,15.64253,15.64553,0.00,0.00
2012.05.24 17:00:13.633,15.64223,15.64523,0.00,0.00
2012.05.24 17:00:13.772,15.64263,15.64563,0.00,0.00
2012.05.24 17:00:14.264,15.64162,15.64463,0.00,0.00
2012.05.24 17:00:14.336,15.64111,15.64415,0.00,0.00
2012.05.24 17:00:14.406,15.6409,15.64394,0.00,0.00
2012.05.24 17:00:15.543,15.6407,15.64374,0.00,0.00
2012.05.24 17:00:15.815,15.641,15.64404,0.00,0.00
2012.05.24 17:00:16.143,15.64263,15.64563,0.00,0.00
2012.05.24 17:00:17.066,15.64123,15.64427,0.00,0.00
2012.05.24 17:00:17.133,15.64173,15.64473,0.00,0.00
2012.05.24 17:00:17.207,15.63952,15.64256,0.00,0.00
2012.05.24 17:00:17.282,15.64113,15.64414,0.00,0.00
2012.05.24 17:00:17.351,15.6389,15.64256,0.00,0.00
2012.05.24 17:00:17.424,15.64071,15.64434,0.00,0.00
2012.05.24 17:00:18.081,15.64046,15.6441,0.00,0.00
2012.05.24 17:00:19.111,15.64046,15.64348,0.00,0.00
2012.05.24 17:00:19.351,15.64015,15.64379,0.00,0.00
2012.05.24 17:00:20.621,15.64036,15.64399,0.00,0.00
2012.05.24 17:00:21.169,15.64012,15.64348,0.00,0.00
2012.05.24 17:00:25.302,15.64036,15.64399,0.00,0.00
2012.05.24 17:00:26.671,15.63941,15.64307,0.00,0.00
2012.05.24 17:00:26.979,15.63907,15.64207,0.00,0.00
2012.05.24 17:00:27.042,15.63925,15.64288,0.00,0.00
2012.05.24 17:00:27.471,15.63887,15.64187,0.00,0.00
2012.05.24 17:00:27.917,15.63827,15.64127,0.00,0.00
2012.05.24 17:00:28.103,15.638,15.64163,0.00,0.00
2012.05.24 17:00:28.329,15.63816,15.64179,0.00,0.00
2012.05.24 17:00:29.060,15.63576,15.63942,0.00,0.00
2012.05.24 17:00:29.234,15.63778,15.64141,0.00,0.00
2012.05.24 17:00:29.540,15.63756,15.64057,0.00,0.00
2012.05.24 17:00:29.839,15.63786,15.64086,0.00,0.00
2012.05.24 17:00:30.563,15.63802,15.64102,0.00,0.00
2012.05.24 17:00:31.334,15.63739,15.64057,0.00,0.00
2012.05.24 17:00:31.400,15.63721,15.64057,0.00,0.00
2012.05.24 17:00:32.431,15.63704,15.6407,0.00,0.00
2012.05.24 17:00:33.347,15.63761,15.64077,0.00,0.00
2012.05.24 17:00:34.067,15.63674,15.64047,0.00,0.00
2012.05.24 17:00:34.130,15.63572,15.63938,0.00,0.00
2012.05.24 17:00:34.278,15.63543,15.63909,0.00,0.00
2012.05.24 17:00:34.340,15.63569,15.63935,0.00,0.00
2012.05.24 17:00:35.470,15.63782,15.64085,0.00,0.00
2012.05.24 17:00:35.929,15.6357,15.63936,0.00,0.00
2012.05.24 17:00:36.701,15.63784,15.64085,0.00,0.00
2012.05.24 17:00:36.847,15.63584,15.6395,0.00,0.00
2012.05.24 17:00:37.052,15.63812,15.64127,0.00,0.00
2012.05.24 17:00:37.372,15.63777,15.64148,0.00,0.00
2012.05.24 17:00:37.679,15.63799,15.64148,0.00,0.00
2012.05.24 17:00:37.740,15.63886,15.6419,0.00,0.00
2012.05.24 17:00:37.959,15.63865,15.64207,0.00,0.00
2012.05.24 17:00:38.159,15.63849,15.64167,0.00,0.00
2012.05.24 17:00:38.519,15.63865,15.64197,0.00,0.00
2012.05.24 17:00:40.438,15.63893,15.64197,0.00,0.00
2012.05.24 17:00:41.636,15.63806,15.64187,0.00,0.00
2012.05.24 17:00:41.791,15.63861,15.64187,0.00,0.00
2012.05.24 17:00:42.399,15.63879,15.64245,0.00,0.00
2012.05.24 17:00:44.022,15.63855,15.64221,0.00,0.00
2012.05.24 17:00:44.421,15.6388,15.64235,0.00,0.00
2012.05.24 17:00:44.750,15.63863,15.64229,0.00,0.00
2012.05.24 17:00:45.080,15.63889,15.64235,0.00,0.00
2012.05.24 17:00:45.558,15.63862,15.64228,0.00,0.00
2012.05.24 17:00:45.899,15.63882,15.64235,0.00,0.00
2012.05.24 17:00:46.242,15.63874,15.64235,0.00,0.00
2012.05.24 17:00:47.936,15.63894,15.64235,0.00,0.00
2012.05.24 17:00:48.629,15.63875,15.64235,0.00,0.00
2012.05.24 17:00:49.180,15.63898,15.64235,0.00,0.00
2012.05.24 17:00:49.840,15.63898,15.64262,0.00,0.00
2012.05.24 17:00:50.218,15.63916,15.64248,0.00,0.00
2012.05.24 17:00:50.711,15.63894,15.64257,0.00,0.00
2012.05.24 17:00:51.257,15.63871,15.64235,0.00,0.00
2012.05.24 17:00:52.590,15.6393,15.64248,0.00,0.00
2012.05.24 17:00:52.979,15.63947,15.64248,0.00,0.00
2012.05.24 17:00:53.464,15.63947,15.64248,0.00,0.00
2012.05.24 17:00:53.531,15.63925,15.64288,0.00,0.00
2012.05.24 17:00:55.190,15.63943,15.64248,0.00,0.00
2012.05.24 17:00:56.030,15.63796,15.64162,0.00,0.00
2012.05.24 17:00:59.193,15.63849,15.64212,0.00,0.00
2012.05.24 17:00:59.261,15.63849,15.64213,0.00,0.00
2012.05.24 17:00:59.704,15.63833,15.64197,0.00,0.00
2012.05.24 17:01:00.607,15.63851,15.64215,0.00,0.00
2012.05.24 17:01:00.921,15.6389,15.64254,0.00,0.00
2012.05.24 17:01:01.110,15.63833,15.64197,0.00,0.00
2012.05.24 17:01:01.391,15.6381,15.64173,0.00,0.00
2012.05.24 17:01:01.699,15.63793,15.64148,0.00,0.00
2012.05.24 17:01:02.720,15.63708,15.64074,0.00,0.00
2012.05.24 17:01:03.088,15.63786,15.6415,0.00,0.00
2012.05.24 17:01:03.570,15.63816,15.6418,0.00,0.00
2012.05.24 17:01:05.021,15.63796,15.6416,0.00,0.00
2012.05.24 17:01:05.396,15.63684,15.63988,0.00,0.00
2012.05.24 17:01:05.911,15.63673,15.63988,0.00,0.00
2012.05.24 17:01:06.693,15.63731,15.64097,0.00,0.00
2012.05.24 17:01:07.083,15.63748,15.64048,0.00,0.00
2012.05.24 17:01:07.509,15.63736,15.64048,0.00,0.00
2012.05.24 17:01:07.569,15.63594,15.63898,0.00,0.00
2012.05.24 17:01:07.868,15.63562,15.63898,0.00,0.00
2012.05.24 17:01:07.931,15.63639,15.64005,0.00,0.00
2012.05.24 17:01:08.250,15.63616,15.63935,0.00,0.00
2012.05.24 17:01:08.612,15.63636,15.63999,0.00,0.00
2012.05.24 17:01:09.030,15.63396,15.63762,0.00,0.00
2012.05.24 17:01:09.164,15.63373,15.63722,0.00,0.00
2012.05.24 17:01:09.516,15.63655,15.64018,0.00,0.00
2012.05.24 17:01:09.702,15.63596,15.6396,0.00,0.00
2012.05.24 17:01:09.836,15.6358,15.63944,0.00,0.00
2012.05.24 17:01:10.091,15.63536,15.639,0.00,0.00
2012.05.24 17:01:10.160,15.63544,15.63908,0.00,0.00
2012.05.24 17:01:10.339,15.63534,15.63835,0.00,0.00
2012.05.24 17:01:10.400,15.63527,15.63848,0.00,0.00
2012.05.24 17:01:10.845,15.63506,15.63869,0.00,0.00
2012.05.24 17:01:11.169,15.63496,15.63848,0.00,0.00
2012.05.24 17:01:11.777,15.63363,15.63698,0.00,0.00
2012.05.24 17:01:12.200,15.63496,15.63859,0.00,0.00
2012.05.24 17:01:12.775,15.62278,15.62929,0.00,0.00
2012.05.24 17:01:12.931,15.62815,15.63848,0.00,0.00
2012.05.24 17:01:13.063,15.62371,15.6283,0.00,0.00
2012.05.24 17:01:13.310,15.62403,15.6283,0.00,0.00
2012.05.24 17:01:13.374,15.62403,15.628,0.00,0.00
2012.05.24 17:01:13.561,15.62183,15.62638,0.00,0.00
2012.05.24 17:01:13.629,15.62152,15.62591,0.00,0.00
2012.05.24 17:01:13.689,15.62152,15.62569,0.00,0.00
2012.05.24 17:01:14.051,15.62152,15.62527,0.00,0.00
2012.05.24 17:01:14.232,15.62152,15.62622,0.00,0.00
2012.05.24 17:01:14.299,15.62152,15.6254,0.00,0.00
2012.05.24 17:01:14.595,15.62042,15.62535,0.00,0.00
2012.05.24 17:01:14.659,15.62108,15.62535,0.00,0.00
2012.05.24 17:01:14.779,15.62003,15.62535,0.00,0.00
2012.05.24 17:01:14.954,15.62003,15.62535,0.00,0.00
2012.05.24 17:01:15.261,15.62109,15.62548,0.00,0.00
2012.05.24 17:01:16.576,15.62123,15.62531,0.00,0.00
2012.05.24 17:01:16.925,15.62033,15.62469,0.00,0.00
2012.05.24 17:01:17.359,15.62033,15.62448,0.00,0.00
2012.05.24 17:01:17.789,15.62033,15.6243,0.00,0.00
2012.05.24 17:01:17.850,15.62013,15.6243,0.00,0.00
2012.05.24 17:01:17.910,15.61952,15.6243,0.00,0.00
2012.05.24 17:01:17.969,15.61952,15.62288,0.00,0.00
2012.05.24 17:01:18.289,15.61916,15.62237,0.00,0.00
2012.05.24 17:01:18.350,15.61952,15.62267,0.00,0.00
2012.05.24 17:01:18.471,15.61952,15.62267,0.00,0.00
2012.05.24 17:01:18.820,15.61952,15.62267,0.00,0.00
2012.05.24 17:01:18.883,15.61852,15.62267,0.00,0.00
2012.05.24 17:01:18.950,15.61852,15.62217,0.00,0.00
2012.05.24 17:01:19.143,15.61819,15.62217,0.00,0.00
2012.05.24 17:01:19.315,15.61927,15.6229,0.00,0.00
2012.05.24 17:01:19.460,15.61852,15.62268,0.00,0.00
2012.05.24 17:01:19.579,15.61852,15.62297,0.00,0.00
2012.05.24 17:01:19.704,15.6207,15.62433,0.00,0.00
2012.05.24 17:01:20.025,15.62192,15.62556,0.00,0.00
2012.05.24 17:01:20.109,15.62016,15.62317,0.00,0.00
2012.05.24 17:01:20.233,15.61977,15.62277,0.00,0.00
2012.05.24 17:01:20.363,15.62089,15.62452,0.00,0.00
2012.05.24 17:01:20.634,15.62032,15.62395,0.00,0.00
2012.05.24 17:01:20.762,15.62088,15.62388,0.00,0.00
2012.05.24 17:01:20.892,15.62026,15.62327,0.00,0.00
2012.05.24 17:01:21.023,15.62124,15.62487,0.00,0.00
2012.05.24 17:01:21.095,15.62201,15.62564,0.00,0.00
2012.05.24 17:01:21.164,15.62076,15.62377,0.00,0.00
2012.05.24 17:01:21.232,15.62106,15.62407,0.00,0.00
2012.05.24 17:01:21.360,15.62264,15.62627,0.00,0.00
2012.05.24 17:01:21.524,15.62231,15.62594,0.00,0.00
2012.05.24 17:01:21.779,15.62167,15.62467,0.00,0.00
2012.05.24 17:01:22.012,15.62197,15.62497,0.00,0.00
2012.05.24 17:01:22.078,15.62105,15.62471,0.00,0.00
2012.05.24 17:01:22.380,15.62083,15.62449,0.00,0.00
2012.05.24 17:01:22.721,15.62017,15.62383,0.00,0.00
2012.05.24 17:01:23.156,15.62234,15.62597,0.00,0.00
2012.05.24 17:01:23.220,15.62234,15.62577,0.00,0.00
2012.05.24 17:01:23.509,15.62159,15.62525,0.00,0.00
2012.05.24 17:01:23.838,15.62038,15.62404,0.00,0.00
2012.05.24 17:01:24.224,15.61959,15.62325,0.00,0.00
2012.05.24 17:01:24.607,15.62252,15.62615,0.00,0.00
2012.05.24 17:01:24.952,15.62391,15.62755,0.00,0.00
2012.05.24 17:01:25.271,15.62443,15.62757,0.00,0.00
2012.05.24 17:01:25.399,15.62443,15.6279,0.00,0.00
2012.05.24 17:01:25.969,15.62483,15.62807,0.00,0.00
2012.05.24 17:01:26.294,15.62553,15.62854,0.00,0.00
2012.05.24 17:01:26.519,15.62553,15.62911,0.00,0.00
2012.05.24 17:01:26.740,15.62533,15.62871,0.00,0.00
2012.05.24 17:01:27.244,15.62759,15.63123,0.00,0.00
2012.05.24 17:01:27.312,15.62759,15.63123,0.00,0.00
2012.05.24 17:01:27.571,15.62779,15.63142,0.00,0.00
2012.05.24 17:01:27.685,15.62763,15.63127,0.00,0.00
2012.05.24 17:01:28.107,15.62763,15.63129,0.00,0.00
2012.05.24 17:01:28.172,15.62663,15.63015,0.00,0.00
2012.05.24 17:01:28.751,15.62836,15.63148,0.00,0.00
2012.05.24 17:01:28.892,15.62819,15.63183,0.00,0.00
2012.05.24 17:01:28.959,15.62703,15.63011,0.00,0.00
2012.05.24 17:01:29.282,15.62703,15.6303,0.00,0.00
2012.05.24 17:01:29.665,15.62733,15.63061,0.00,0.00
2012.05.24 17:01:30.989,15.6242,15.62724,0.00,0.00
2012.05.24 17:01:31.089,15.62426,15.6273,0.00,0.00
2012.05.24 17:01:31.209,15.62423,15.6273,0.00,0.00
2012.05.24 17:01:31.440,15.62407,15.62711,0.00,0.00
2012.05.24 17:01:31.499,15.62363,15.62674,0.00,0.00
2012.05.24 17:01:32.121,15.62433,15.62794,0.00,0.00
2012.05.24 17:01:32.436,15.62453,15.62761,0.00,0.00
2012.05.24 17:01:32.782,15.62453,15.62767,0.00,0.00
2012.05.24 17:01:33.084,15.62382,15.62736,0.00,0.00
2012.05.24 17:01:33.470,15.62393,15.62694,0.00,0.00
2012.05.24 17:01:33.561,15.62363,15.62682,0.00,0.00
2012.05.24 17:01:33.901,15.62403,15.62704,0.00,0.00
2012.05.24 17:01:34.029,15.62399,15.62703,0.00,0.00
2012.05.24 17:01:34.863,15.62374,15.62678,0.00,0.00
2012.05.24 17:01:34.930,15.62373,15.62678,0.00,0.00
2012.05.24 17:01:35.400,15.62458,15.62822,0.00,0.00
2012.05.24 17:01:35.520,15.62293,15.62604,0.00,0.00
2012.05.24 17:01:35.579,15.6228,15.62584,0.00,0.00
2012.05.24 17:01:35.651,15.62223,15.62584,0.00,0.00
2012.05.24 17:01:38.272,15.62234,15.626,0.00,0.00
2012.05.24 17:01:39.045,15.62459,15.62822,0.00,0.00
2012.05.24 17:01:39.209,15.62243,15.62587,0.00,0.00
2012.05.24 17:01:39.330,15.62319,15.62685,0.00,0.00
2012.05.24 17:01:39.784,15.62103,15.62454,0.00,0.00
2012.05.24 17:01:40.671,15.62103,15.62433,0.00,0.00
2012.05.24 17:01:41.040,15.62083,15.62416,0.00,0.00
2012.05.24 17:01:41.460,15.62075,15.62441,0.00,0.00
2012.05.24 17:01:41.792,15.62042,15.62384,0.00,0.00
2012.05.24 17:01:42.269,15.61996,15.62362,0.00,0.00
2012.05.24 17:01:42.630,15.62031,15.62397,0.00,0.00
2012.05.24 17:01:42.945,15.61964,15.6233,0.00,0.00
2012.05.24 17:01:43.950,15.61986,15.62352,0.00,0.00
2012.05.24 17:01:44.560,15.62139,15.62448,0.00,0.00
2012.05.24 17:01:45.097,15.62179,15.62542,0.00,0.00
2012.05.24 17:01:45.162,15.62179,15.62543,0.00,0.00
2012.05.24 17:01:45.640,15.62099,15.62465,0.00,0.00
2012.05.24 17:01:46.406,15.62119,15.62482,0.00,0.00
2012.05.24 17:01:48.233,15.62099,15.62462,0.00,0.00
2012.05.24 17:01:48.574,15.62108,15.62474,0.00,0.00
2012.05.24 17:01:49.295,15.62126,15.62492,0.00,0.00
2012.05.24 17:01:49.664,15.62196,15.62559,0.00,0.00
2012.05.24 17:01:50.589,15.62216,15.6258,0.00,0.00
2012.05.24 17:01:51.275,15.62085,15.62451,0.00,0.00
2012.05.24 17:01:52.419,15.62116,15.62482,0.00,0.00
2012.05.24 17:01:52.739,15.61978,15.62344,0.00,0.00
2012.05.24 17:01:53.052,15.62017,15.62383,0.00,0.00
2012.05.24 17:01:53.923,15.62003,15.62369,0.00,0.00
2012.05.24 17:01:55.618,15.62116,15.62479,0.00,0.00
2012.05.24 17:01:55.681,15.62116,15.62479,0.00,0.00
2012.05.24 17:01:55.750,15.6213,15.62493,0.00,0.00
2012.05.24 17:01:56.152,15.62113,15.62477,0.00,0.00
2012.05.24 17:01:56.511,15.62166,15.62532,0.00,0.00
2012.05.24 17:01:57.259,15.62125,15.62491,0.00,0.00
2012.05.24 17:01:59.270,15.62141,15.62507,0.00,0.00
2012.05.24 17:02:00.031,15.6212,15.62486,0.00,0.00
2012.05.24 17:02:00.763,15.62136,15.62502,0.00,0.00
2012.05.24 17:02:01.094,15.62098,15.62464,0.00,0.00
2012.05.24 17:02:01.690,15.62069,15.62435,0.00,0.00
2012.05.24 17:02:02.029,15.62085,15.62451,0.00,0.00
2012.05.24 17:02:02.549,15.62062,15.62428,0.00,0.00
2012.05.24 17:02:02.882,15.62082,15.62448,0.00,0.00
2012.05.24 17:02:03.434,15.621,15.62466,0.00,0.00
2012.05.24 17:02:03.762,15.62262,15.62625,0.00,0.00
2012.05.24 17:02:03.829,15.6209,15.62456,0.00,0.00
2012.05.24 17:02:04.743,15.62112,15.62478,0.00,0.00
2012.05.24 17:02:06.050,15.6209,15.62456,0.00,0.00
2012.05.24 17:02:06.399,15.6211,15.62476,0.00,0.00
2012.05.24 17:02:06.716,15.62248,15.62548,0.00,0.00
2012.05.24 17:02:06.779,15.62037,15.62403,0.00,0.00
2012.05.24 17:02:06.839,15.62124,15.6249,0.00,0.00
2012.05.24 17:02:07.182,15.62131,15.62497,0.00,0.00
2012.05.24 17:02:07.651,15.6219,15.62554,0.00,0.00
2012.05.24 17:02:07.986,15.62353,15.6271,0.00,0.00
2012.05.24 17:02:08.231,15.62303,15.6266,0.00,0.00
2012.05.24 17:02:08.371,15.62243,15.62543,0.00,0.00
2012.05.24 17:02:08.471,15.62167,15.62533,0.00,0.00
2012.05.24 17:02:08.530,15.62382,15.62745,0.00,0.00
2012.05.24 17:02:08.590,15.62382,15.62735,0.00,0.00
2012.05.24 17:02:08.711,15.62482,15.62845,0.00,0.00
2012.05.24 17:02:08.980,15.62373,15.62721,0.00,0.00
2012.05.24 17:02:09.205,15.62582,15.62946,0.00,0.00
2012.05.24 17:02:09.399,15.62423,15.62728,0.00,0.00
2012.05.24 17:02:09.734,15.62502,15.62865,0.00,0.00
2012.05.24 17:02:10.041,15.62233,15.62559,0.00,0.00
2012.05.24 17:02:10.994,15.62233,15.62579,0.00,0.00
2012.05.24 17:02:11.983,15.6225,15.62616,0.00,0.00
2012.05.24 17:02:12.542,15.62263,15.62614,0.00,0.00
2012.05.24 17:02:12.912,15.62274,15.62578,0.00,0.00
2012.05.24 17:02:13.014,15.62293,15.62601,0.00,0.00
2012.05.24 17:02:13.503,15.6224,15.62544,0.00,0.00
2012.05.24 17:02:13.751,15.62243,15.62544,0.00,0.00
2012.05.24 17:02:14.432,15.62233,15.62537,0.00,0.00
2012.05.24 17:02:14.562,15.62243,15.62554,0.00,0.00
2012.05.24 17:02:14.690,15.62273,15.62574,0.00,0.00
2012.05.24 17:02:14.749,15.62273,15.62603,0.00,0.00
2012.05.24 17:02:14.810,15.62273,15.62619,0.00,0.00
2012.05.24 17:02:15.129,15.62354,15.62658,0.00,0.00
2012.05.24 17:02:15.621,15.62383,15.62684,0.00,0.00
2012.05.24 17:02:15.956,15.62363,15.62664,0.00,0.00
2012.05.24 17:02:16.020,15.62317,15.62621,0.00,0.00
2012.05.24 17:02:16.080,15.62343,15.62643,0.00,0.00
2012.05.24 17:02:16.330,15.62298,15.62602,0.00,0.00
2012.05.24 17:02:16.449,15.62293,15.62602,0.00,0.00
2012.05.24 17:02:16.513,15.62373,15.62673,0.00,0.00
2012.05.24 17:02:16.580,15.62485,15.62849,0.00,0.00
2012.05.24 17:02:16.640,15.62503,15.62867,0.00,0.00
2012.05.24 17:02:16.948,15.62413,15.62713,0.00,0.00
2012.05.24 17:02:17.391,15.62503,15.62804,0.00,0.00
2012.05.24 17:02:17.460,15.62413,15.62717,0.00,0.00
2012.05.24 17:02:17.783,15.62432,15.62736,0.00,0.00
2012.05.24 17:02:18.593,15.62387,15.62691,0.00,0.00
2012.05.24 17:02:18.661,15.62483,15.62783,0.00,0.00
2012.05.24 17:02:19.093,15.62255,15.62559,0.00,0.00
2012.05.24 17:02:19.161,15.62383,15.62684,0.00,0.00
2012.05.24 17:02:19.254,15.62193,15.62559,0.00,0.00
2012.05.24 17:02:19.613,15.62233,15.62537,0.00,0.00
2012.05.24 17:02:19.679,15.62171,15.62537,0.00,0.00
2012.05.24 17:02:19.739,15.62151,15.62517,0.00,0.00
2012.05.24 17:02:21.380,15.62168,15.62534,0.00,0.00
2012.05.24 17:02:21.710,15.62185,15.62551,0.00,0.00
2012.05.24 17:02:22.060,15.62201,15.62567,0.00,0.00
2012.05.24 17:02:22.477,15.62252,15.62611,0.00,0.00
2012.05.24 17:02:24.072,15.62417,15.62718,0.00,0.00
2012.05.24 17:02:24.331,15.62198,15.62564,0.00,0.00
2012.05.24 17:02:24.570,15.62174,15.6254,0.00,0.00
2012.05.24 17:02:25.142,15.62074,15.6244,0.00,0.00
2012.05.24 17:02:25.503,15.62221,15.62587,0.00,0.00
2012.05.24 17:02:26.111,15.62348,15.62711,0.00,0.00
2012.05.24 17:02:26.280,15.62174,15.6254,0.00,0.00
2012.05.24 17:02:26.793,15.62344,15.62707,0.00,0.00
2012.05.24 17:02:27.317,15.62276,15.62577,0.00,0.00
2012.05.24 17:02:27.378,15.6213,15.62496,0.00,0.00
2012.05.24 17:02:27.439,15.62147,15.62513,0.00,0.00
2012.05.24 17:02:27.810,15.62186,15.62552,0.00,0.00
2012.05.24 17:02:28.274,15.62161,15.62527,0.00,0.00
2012.05.24 17:02:28.689,15.62316,15.62679,0.00,0.00
2012.05.24 17:02:28.753,15.62089,15.62455,0.00,0.00
2012.05.24 17:02:30.711,15.62118,15.62484,0.00,0.00
2012.05.24 17:02:31.545,15.62159,15.62463,0.00,0.00
2012.05.24 17:02:32.729,15.62133,15.62463,0.00,0.00
2012.05.24 17:02:32.789,15.62289,15.62653,0.00,0.00
2012.05.24 17:02:33.365,15.62093,15.62433,0.00,0.00
2012.05.24 17:02:33.736,15.62073,15.62391,0.00,0.00
2012.05.24 17:02:34.759,15.62144,15.6251,0.00,0.00
2012.05.24 17:02:35.177,15.62127,15.6249,0.00,0.00
2012.05.24 17:02:35.616,15.62056,15.6236,0.00,0.00
2012.05.24 17:02:35.951,15.62125,15.62488,0.00,0.00
2012.05.24 17:02:36.167,15.6219,15.62554,0.00,0.00
2012.05.24 17:02:36.722,15.6213,15.62493,0.00,0.00
2012.05.24 17:02:36.881,15.62103,15.62466,0.00,0.00
2012.05.24 17:02:37.435,15.62173,15.62473,0.00,0.00
2012.05.24 17:02:37.591,15.6218,15.62543,0.00,0.00
2012.05.24 17:02:37.661,15.62253,15.62554,0.00,0.00
2012.05.24 17:02:38.123,15.62293,15.62593,0.00,0.00
2012.05.24 17:02:38.562,15.62293,15.62594,0.00,0.00
2012.05.24 17:02:39.307,15.62343,15.62644,0.00,0.00
2012.05.24 17:02:39.439,15.62296,15.626,0.00,0.00
2012.05.24 17:02:39.524,15.62303,15.62604,0.00,0.00
2012.05.24 17:02:39.612,15.62261,15.62565,0.00,0.00
2012.05.24 17:02:40.751,15.62323,15.62623,0.00,0.00
2012.05.24 17:02:40.820,15.62303,15.62607,0.00,0.00
2012.05.24 17:02:41.202,15.62342,15.62643,0.00,0.00
2012.05.24 17:02:41.269,15.62342,15.62654,0.00,0.00
2012.05.24 17:02:41.337,15.62393,15.62694,0.00,0.00
2012.05.24 17:02:41.421,15.62393,15.62703,0.00,0.00
2012.05.24 17:02:41.502,15.62433,15.62733,0.00,0.00
2012.05.24 17:02:41.751,15.62425,15.62729,0.00,0.00
2012.05.24 17:02:42.048,15.62463,15.62763,0.00,0.00
2012.05.24 17:02:42.462,15.62412,15.62713,0.00,0.00
2012.05.24 17:02:42.595,15.62433,15.62733,0.00,0.00
2012.05.24 17:02:42.671,15.62374,15.62678,0.00,0.00
2012.05.24 17:02:42.739,15.62403,15.62704,0.00,0.00
2012.05.24 17:02:42.799,15.62344,15.62648,0.00,0.00
2012.05.24 17:02:43.805,15.62352,15.62652,0.00,0.00
2012.05.24 17:02:43.892,15.62352,15.6266,0.00,0.00
2012.05.24 17:02:44.268,15.62256,15.6256,0.00,0.00
2012.05.24 17:02:44.333,15.62262,15.62562,0.00,0.00
2012.05.24 17:02:45.786,15.62283,15.62584,0.00,0.00
2012.05.24 17:02:47.312,15.62283,15.6264,0.00,0.00
2012.05.24 17:02:49.100,15.62303,15.62669,0.00,0.00
2012.05.24 17:02:49.160,15.62326,15.62735,0.00,0.00
2012.05.24 17:02:49.382,15.62475,15.62838,0.00,0.00
2012.05.24 17:02:49.509,15.62415,15.62779,0.00,0.00
2012.05.24 17:02:49.593,15.62395,15.62758,0.00,0.00
2012.05.24 17:02:49.658,15.62385,15.62685,0.00,0.00
2012.05.24 17:02:50.006,15.62415,15.62778,0.00,0.00
2012.05.24 17:02:50.080,15.62343,15.62706,0.00,0.00
2012.05.24 17:02:50.139,15.62343,15.62707,0.00,0.00
2012.05.24 17:02:50.720,15.6237,15.62748,0.00,0.00
2012.05.24 17:02:51.004,15.62323,15.62715,0.00,0.00
2012.05.24 17:02:51.798,15.62403,15.62715,0.00,0.00
2012.05.24 17:02:52.185,15.62353,15.62653,0.00,0.00
2012.05.24 17:02:52.249,15.6228,15.62676,0.00,0.00
2012.05.24 17:02:52.483,15.62274,15.62655,0.00,0.00
2012.05.24 17:02:52.832,15.62271,15.62637,0.00,0.00
2012.05.24 17:02:53.750,15.62324,15.6269,0.00,0.00
2012.05.24 17:02:55.169,15.62303,15.62669,0.00,0.00
2012.05.24 17:02:56.234,15.62328,15.62694,0.00,0.00
2012.05.24 17:02:57.820,15.62345,15.62711,0.00,0.00
2012.05.24 17:02:58.411,15.62352,15.62691,0.00,0.00
2012.05.24 17:02:59.809,15.62351,15.62717,0.00,0.00
2012.05.24 17:03:00.420,15.62268,15.62634,0.00,0.00
2012.05.24 17:03:02.232,15.62252,15.62616,0.00,0.00
2012.05.24 17:03:02.573,15.62377,15.62743,0.00,0.00
2012.05.24 17:03:03.369,15.62352,15.62717,0.00,0.00
2012.05.24 17:03:03.700,15.62319,15.62685,0.00,0.00
2012.05.24 17:03:04.039,15.62363,15.62717,0.00,0.00
2012.05.24 17:03:04.361,15.62504,15.62867,0.00,0.00
2012.05.24 17:03:04.719,15.62683,15.62987,0.00,0.00
2012.05.24 17:03:04.780,15.62431,15.62797,0.00,0.00
2012.05.24 17:03:05.033,15.62625,15.62988,0.00,0.00
2012.05.24 17:03:05.359,15.6248,15.62846,0.00,0.00
2012.05.24 17:03:05.682,15.62429,15.62795,0.00,0.00
2012.05.24 17:03:06.124,15.62697,15.62997,0.00,0.00
2012.05.24 17:03:06.437,15.62731,15.63037,0.00,0.00
2012.05.24 17:03:06.565,15.62748,15.63085,0.00,0.00
2012.05.24 17:03:07.130,15.62748,15.63048,0.00,0.00
2012.05.24 17:03:07.191,15.62748,15.63048,0.00,0.00
2012.05.24 17:03:07.623,15.62777,15.6314,0.00,0.00
2012.05.24 17:03:07.692,15.62734,15.63097,0.00,0.00
2012.05.24 17:03:07.905,15.62718,15.63082,0.00,0.00
2012.05.24 17:03:08.455,15.62691,15.63054,0.00,0.00
2012.05.24 17:03:09.425,15.62733,15.63096,0.00,0.00
2012.05.24 17:03:09.959,15.62753,15.63117,0.00,0.00
2012.05.24 17:03:10.522,15.62747,15.63048,0.00,0.00
2012.05.24 17:03:10.590,15.62772,15.63135,0.00,0.00
2012.05.24 17:03:11.022,15.62604,15.62908,0.00,0.00
2012.05.24 17:03:11.306,15.62588,15.62892,0.00,0.00
2012.05.24 17:03:12.061,15.62741,15.63104,0.00,0.00
2012.05.24 17:03:12.591,15.62772,15.63135,0.00,0.00
2012.05.24 17:03:13.610,15.62653,15.62991,0.00,0.00
2012.05.24 17:03:13.740,15.62657,15.63023,0.00,0.00
2012.05.24 17:03:14.080,15.62677,15.63043,0.00,0.00
2012.05.24 17:03:19.610,15.62723,15.63027,0.00,0.00
2012.05.24 17:03:20.216,15.62733,15.63054,0.00,0.00
2012.05.24 17:03:20.781,15.62753,15.63054,0.00,0.00
2012.05.24 17:03:21.110,15.6289,15.63253,0.00,0.00
2012.05.24 17:03:21.250,15.62749,15.63053,0.00,0.00
2012.05.24 17:03:21.371,15.6283,15.63194,0.00,0.00
2012.05.24 17:03:21.438,15.62833,15.63197,0.00,0.00
2012.05.24 17:03:22.300,15.62901,15.63265,0.00,0.00
2012.05.24 17:03:22.462,15.62821,15.63184,0.00,0.00
2012.05.24 17:03:22.530,15.62693,15.63042,0.00,0.00
2012.05.24 17:03:22.654,15.62693,15.63042,0.00,0.00
2012.05.24 17:03:23.166,15.62693,15.63051,0.00,0.00
2012.05.24 17:03:23.581,15.62944,15.63307,0.00,0.00
2012.05.24 17:03:23.649,15.6278,15.63122,0.00,0.00
2012.05.24 17:03:24.150,15.62789,15.63138,0.00,0.00
2012.05.24 17:03:24.212,15.6296,15.63324,0.00,0.00
2012.05.24 17:03:24.531,15.63039,15.63402,0.00,0.00
2012.05.24 17:03:24.852,15.63197,15.63561,0.00,0.00
2012.05.24 17:03:24.981,15.63197,15.63535,0.00,0.00
2012.05.24 17:03:25.070,15.63166,15.63535,0.00,0.00
2012.05.24 17:03:25.601,15.63173,15.63537,0.00,0.00
2012.05.24 17:03:25.949,15.63201,15.63548,0.00,0.00
2012.05.24 17:03:26.383,15.63233,15.63548,0.00,0.00
2012.05.24 17:03:26.971,15.63229,15.63593,0.00,0.00
2012.05.24 17:03:27.410,15.6316,15.63526,0.00,0.00
2012.05.24 17:03:27.719,15.63148,15.63448,0.00,0.00
2012.05.24 17:03:27.779,15.63142,15.63506,0.00,0.00
2012.05.24 17:03:28.291,15.63119,15.63482,0.00,0.00
2012.05.24 17:03:28.731,15.63103,15.63466,0.00,0.00
2012.05.24 17:03:29.088,15.63043,15.63409,0.00,0.00
2012.05.24 17:03:29.648,15.63047,15.63348,0.00,0.00
2012.05.24 17:03:30.522,15.63071,15.63435,0.00,0.00
2012.05.24 17:03:31.513,15.6311,15.63474,0.00,0.00
2012.05.24 17:03:31.840,15.63139,15.63448,0.00,0.00
2012.05.24 17:03:31.972,15.63139,15.63448,0.00,0.00
2012.05.24 17:03:32.771,15.63163,15.63527,0.00,0.00
2012.05.24 17:03:32.840,15.63163,15.63527,0.00,0.00
2012.05.24 17:03:32.901,15.63223,15.63587,0.00,0.00
2012.05.24 17:03:33.361,15.63241,15.63548,0.00,0.00
2012.05.24 17:03:33.700,15.63248,15.63548,0.00,0.00
2012.05.24 17:03:33.988,15.63278,15.63585,0.00,0.00
2012.05.24 17:03:34.050,15.6326,15.63623,0.00,0.00
2012.05.24 17:03:34.253,15.6326,15.63623,0.00,0.00
2012.05.24 17:03:34.318,15.63183,15.6352,0.00,0.00
2012.05.24 17:03:34.813,15.63176,15.6348,0.00,0.00
2012.05.24 17:03:35.795,15.63233,15.63534,0.00,0.00
2012.05.24 17:03:35.995,15.63216,15.6352,0.00,0.00
2012.05.24 17:03:36.059,15.63233,15.6354,0.00,0.00
2012.05.24 17:03:36.193,15.63216,15.6352,0.00,0.00
2012.05.24 17:03:38.161,15.63233,15.6354,0.00,0.00
2012.05.24 17:03:38.231,15.63363,15.63727,0.00,0.00
2012.05.24 17:03:38.301,15.63363,15.63727,0.00,0.00
2012.05.24 17:03:38.822,15.63256,15.6356,0.00,0.00
2012.05.24 17:03:39.975,15.63313,15.63614,0.00,0.00
2012.05.24 17:03:40.040,15.63276,15.6358,0.00,0.00
2012.05.24 17:03:40.100,15.6333,15.63696,0.00,0.00
2012.05.24 17:03:41.010,15.63223,15.6354,0.00,0.00
2012.05.24 17:03:41.648,15.63416,15.63779,0.00,0.00
2012.05.24 17:03:41.745,15.63416,15.63779,0.00,0.00
2012.05.24 17:03:41.811,15.63273,15.63602,0.00,0.00
2012.05.24 17:03:41.941,15.63343,15.63644,0.00,0.00
2012.05.24 17:03:42.102,15.63458,15.63821,0.00,0.00
2012.05.24 17:03:42.237,15.63336,15.6364,0.00,0.00
2012.05.24 17:03:42.688,15.63383,15.63684,0.00,0.00
2012.05.24 17:03:44.086,15.63332,15.6364,0.00,0.00
2012.05.24 17:03:44.155,15.63197,15.63501,0.00,0.00
2012.05.24 17:03:44.353,15.63296,15.636,0.00,0.00
2012.05.24 17:03:44.420,15.63283,15.636,0.00,0.00
2012.05.24 17:03:44.512,15.63283,15.6364,0.00,0.00
2012.05.24 17:03:44.851,15.63463,15.63764,0.00,0.00
2012.05.24 17:03:45.736,15.63393,15.6374,0.00,0.00
2012.05.24 17:03:45.843,15.6344,15.63806,0.00,0.00
2012.05.24 17:03:46.487,15.63423,15.63748,0.00,0.00
2012.05.24 17:03:46.905,15.63376,15.63742,0.00,0.00
2012.05.24 17:03:47.581,15.6336,15.63726,0.00,0.00
2012.05.24 17:03:47.985,15.63376,15.63739,0.00,0.00
2012.05.24 17:03:48.426,15.63167,15.63471,0.00,0.00
2012.05.24 17:03:48.589,15.63155,15.63459,0.00,0.00
2012.05.24 17:03:48.650,15.63238,15.63604,0.00,0.00
2012.05.24 17:03:49.679,15.63222,15.63585,0.00,0.00
2012.05.24 17:03:49.991,15.63248,15.63548,0.00,0.00
2012.05.24 17:03:50.186,15.63023,15.63323,0.00,0.00
2012.05.24 17:03:50.328,15.63009,15.63313,0.00,0.00
2012.05.24 17:03:50.403,15.63003,15.63313,0.00,0.00
2012.05.24 17:03:50.549,15.63113,15.63476,0.00,0.00
2012.05.24 17:03:52.271,15.62997,15.63301,0.00,0.00
2012.05.24 17:03:52.329,15.63026,15.6333,0.00,0.00
2012.05.24 17:03:53.418,15.63008,15.63312,0.00,0.00
2012.05.24 17:03:53.479,15.63003,15.63312,0.00,0.00
2012.05.24 17:03:53.539,15.63125,15.63488,0.00,0.00
2012.05.24 17:03:56.114,15.63003,15.63318,0.00,0.00
2012.05.24 17:03:56.646,15.6307,15.63374,0.00,0.00
2012.05.24 17:03:56.833,15.63073,15.63391,0.00,0.00
2012.05.24 17:03:56.960,15.63093,15.63393,0.00,0.00
2012.05.24 17:03:57.021,15.63221,15.63584,0.00,0.00
2012.05.24 17:03:57.091,15.63093,15.63421,0.00,0.00
2012.05.24 17:03:57.442,15.63288,15.63652,0.00,0.00
2012.05.24 17:03:57.660,15.63143,15.63465,0.00,0.00
2012.05.24 17:03:57.722,15.63183,15.63483,0.00,0.00
2012.05.24 17:03:57.871,15.63183,15.63509,0.00,0.00
2012.05.24 17:03:59.235,15.63203,15.63537,0.00,0.00
2012.05.24 17:03:59.549,15.63273,15.63598,0.00,0.00
2012.05.24 17:03:59.976,15.63447,15.63748,0.00,0.00
2012.05.24 17:04:00.224,15.63447,15.63748,0.00,0.00
2012.05.24 17:04:00.520,15.63485,15.63785,0.00,0.00
2012.05.24 17:04:00.835,15.63508,15.63872,0.00,0.00
2012.05.24 17:04:01.215,15.63548,15.63848,0.00,0.00
2012.05.24 17:04:01.281,15.63548,15.63848,0.00,0.00
2012.05.24 17:04:01.754,15.63543,15.63906,0.00,0.00
2012.05.24 17:04:01.975,15.63559,15.63922,0.00,0.00
2012.05.24 17:04:02.829,15.63517,15.6388,0.00,0.00
2012.05.24 17:04:03.390,15.63469,15.63835,0.00,0.00
2012.05.24 17:04:03.733,15.63447,15.63748,0.00,0.00
2012.05.24 17:04:03.959,15.63489,15.63853,0.00,0.00
2012.05.24 17:04:04.610,15.6337,15.63674,0.00,0.00
2012.05.24 17:04:05.741,15.63393,15.63694,0.00,0.00
2012.05.24 17:04:06.064,15.63433,15.63737,0.00,0.00
2012.05.24 17:04:06.562,15.63463,15.63763,0.00,0.00
2012.05.24 17:04:06.760,15.63412,15.63716,0.00,0.00
2012.05.24 17:04:06.879,15.63403,15.63704,0.00,0.00
2012.05.24 17:04:07.175,15.63373,15.63692,0.00,0.00
2012.05.24 17:04:07.380,15.63484,15.63847,0.00,0.00
2012.05.24 17:04:07.733,15.63464,15.6383,0.00,0.00
2012.05.24 17:04:08.151,15.63397,15.6376,0.00,0.00
2012.05.24 17:04:09.030,15.63414,15.63777,0.00,0.00
2012.05.24 17:04:10.540,15.63235,15.63601,0.00,0.00
2012.05.24 17:04:10.962,15.63259,15.63625,0.00,0.00
2012.05.24 17:04:11.281,15.63429,15.63735,0.00,0.00
2012.05.24 17:04:11.884,15.63305,15.63609,0.00,0.00
2012.05.24 17:04:12.564,15.63313,15.63653,0.00,0.00
2012.05.24 17:04:13.167,15.63333,15.63698,0.00,0.00
2012.05.24 17:04:13.501,15.63403,15.63729,0.00,0.00
2012.05.24 17:04:13.963,15.63403,15.63745,0.00,0.00
2012.05.24 17:04:14.302,15.63433,15.63777,0.00,0.00
2012.05.24 17:04:14.601,15.63433,15.63796,0.00,0.00
2012.05.24 17:04:16.232,15.63453,15.63778,0.00,0.00
2012.05.24 17:04:17.706,15.63453,15.63809,0.00,0.00
2012.05.24 17:04:18.304,15.6365,15.64014,0.00,0.00
2012.05.24 17:04:18.499,15.63503,15.63865,0.00,0.00
2012.05.24 17:04:19.224,15.63593,15.63894,0.00,0.00
2012.05.24 17:04:19.537,15.63768,15.64131,0.00,0.00
2012.05.24 17:04:20.433,15.63748,15.64048,0.00,0.00
2012.05.24 17:04:20.560,15.63543,15.63909,0.00,0.00
2012.05.24 17:04:20.620,15.63523,15.63872,0.00,0.00
2012.05.24 17:04:21.063,15.63564,15.6393,0.00,0.00
2012.05.24 17:04:21.531,15.6358,15.63946,0.00,0.00
2012.05.24 17:04:21.898,15.63747,15.64048,0.00,0.00
2012.05.24 17:04:22.282,15.63747,15.64048,0.00,0.00
2012.05.24 17:04:22.844,15.63603,15.63939,0.00,0.00
2012.05.24 17:04:23.074,15.63553,15.63895,0.00,0.00
2012.05.24 17:04:23.381,15.63661,15.64027,0.00,0.00
2012.05.24 17:04:23.884,15.63677,15.64041,0.00,0.00
2012.05.24 17:04:24.262,15.63635,15.63935,0.00,0.00
2012.05.24 17:04:24.391,15.63554,15.6392,0.00,0.00
2012.05.24 17:04:24.682,15.63508,15.63874,0.00,0.00
2012.05.24 17:04:25.001,15.63489,15.63855,0.00,0.00
2012.05.24 17:04:25.447,15.63663,15.64027,0.00,0.00
2012.05.24 17:04:25.730,15.63498,15.63909,0.00,0.00
2012.05.24 17:04:25.950,15.63518,15.63929,0.00,0.00
2012.05.24 17:04:26.609,15.63534,15.63945,0.00,0.00
2012.05.24 17:04:27.100,15.63519,15.63923,0.00,0.00
2012.05.24 17:04:27.554,15.63528,15.63939,0.00,0.00
2012.05.24 17:04:28.518,15.63782,15.64145,0.00,0.00
2012.05.24 17:04:28.581,15.63776,15.64077,0.00,0.00
2012.05.24 17:04:28.662,15.63776,15.64077,0.00,0.00
2012.05.24 17:04:28.731,15.63782,15.64085,0.00,0.00
2012.05.24 17:04:28.790,15.63596,15.63999,0.00,0.00
2012.05.24 17:04:29.203,15.63563,15.63966,0.00,0.00
2012.05.24 17:04:29.816,15.63571,15.63948,0.00,0.00
2012.05.24 17:04:30.392,15.63782,15.64146,0.00,0.00
2012.05.24 17:04:30.779,15.63782,15.64085,0.00,0.00
2012.05.24 17:04:30.854,15.63802,15.64165,0.00,0.00
2012.05.24 17:04:30.922,15.63822,15.64185,0.00,0.00
2012.05.24 17:04:31.293,15.6387,15.64234,0.00,0.00
2012.05.24 17:04:31.710,15.63848,15.64148,0.00,0.00
2012.05.24 17:04:31.773,15.63895,15.64258,0.00,0.00
2012.05.24 17:04:31.842,15.63881,15.64244,0.00,0.00
2012.05.24 17:04:31.935,15.63896,15.64259,0.00,0.00
2012.05.24 17:04:32.260,15.63848,15.64148,0.00,0.00
2012.05.24 17:04:32.646,15.63929,15.64293,0.00,0.00
2012.05.24 17:04:33.084,15.63929,15.64292,0.00,0.00
2012.05.24 17:04:33.524,15.63847,15.64148,0.00,0.00
2012.05.24 17:04:33.803,15.63882,15.64246,0.00,0.00
2012.05.24 17:04:34.132,15.63847,15.64148,0.00,0.00
2012.05.24 17:04:34.500,15.63802,15.64165,0.00,0.00
2012.05.24 17:04:34.681,15.63598,15.64009,0.00,0.00
2012.05.24 17:04:34.810,15.63782,15.64146,0.00,0.00
2012.05.24 17:04:35.176,15.63748,15.64048,0.00,0.00
2012.05.24 17:04:35.669,15.63862,15.64225,0.00,0.00
2012.05.24 17:04:35.731,15.63862,15.64225,0.00,0.00
2012.05.24 17:04:36.014,15.63748,15.64048,0.00,0.00
2012.05.24 17:04:36.736,15.63842,15.64206,0.00,0.00
2012.05.24 17:04:36.863,15.63802,15.64102,0.00,0.00
2012.05.24 17:04:36.974,15.63897,15.6426,0.00,0.00
2012.05.24 17:04:37.099,15.63923,15.6426,0.00,0.00
2012.05.24 17:04:37.160,15.63924,15.64287,0.00,0.00
2012.05.24 17:04:37.579,15.63923,15.64269,0.00,0.00
2012.05.24 17:04:37.701,15.63885,15.64185,0.00,0.00
2012.05.24 17:04:38.024,15.63953,15.64285,0.00,0.00
2012.05.24 17:04:38.096,15.63953,15.64284,0.00,0.00
2012.05.24 17:04:38.167,15.64166,15.64514,0.00,0.00
2012.05.24 17:04:38.290,15.64073,15.64374,0.00,0.00
2012.05.24 17:04:38.364,15.64043,15.64344,0.00,0.00
2012.05.24 17:04:38.717,15.64043,15.64446,0.00,0.00
2012.05.24 17:04:38.976,15.64043,15.6443,0.00,0.00
2012.05.24 17:04:39.623,15.64043,15.64414,0.00,0.00
2012.05.24 17:04:40.106,15.63993,15.64404,0.00,0.00
2012.05.24 17:04:41.071,15.64094,15.64457,0.00,0.00
2012.05.24 17:04:41.143,15.6398,15.64391,0.00,0.00
2012.05.24 17:04:41.450,15.64003,15.64414,0.00,0.00
2012.05.24 17:04:41.772,15.64084,15.64485,0.00,0.00
2012.05.24 17:04:42.216,15.64282,15.64646,0.00,0.00
2012.05.24 17:04:42.605,15.64382,15.64727,0.00,0.00
2012.05.24 17:04:42.675,15.64248,15.64548,0.00,0.00
2012.05.24 17:04:42.882,15.64382,15.64685,0.00,0.00
2012.05.24 17:04:43.162,15.64497,15.64907,0.00,0.00
2012.05.24 17:04:43.665,15.64534,15.64835,0.00,0.00
2012.05.24 17:04:43.957,15.6456,15.64923,0.00,0.00
2012.05.24 17:04:44.615,15.64561,15.64925,0.00,0.00
2012.05.24 17:04:45.191,15.64483,15.64847,0.00,0.00
2012.05.24 17:04:45.632,15.64483,15.64785,0.00,0.00
2012.05.24 17:04:45.789,15.64413,15.64785,0.00,0.00
2012.05.24 17:04:46.009,15.64582,15.64945,0.00,0.00
2012.05.24 17:04:46.623,15.64602,15.64965,0.00,0.00
2012.05.24 17:04:46.690,15.64582,15.64945,0.00,0.00
2012.05.24 17:04:46.840,15.64542,15.64905,0.00,0.00
2012.05.24 17:04:46.983,15.64579,15.64942,0.00,0.00
2012.05.24 17:04:47.424,15.64547,15.64848,0.00,0.00
2012.05.24 17:04:48.049,15.64513,15.64876,0.00,0.00
2012.05.24 17:04:48.111,15.64502,15.64865,0.00,0.00
2012.05.24 17:04:48.247,15.64448,15.64748,0.00,0.00
2012.05.24 17:04:48.565,15.64482,15.64845,0.00,0.00
2012.05.24 17:04:49.042,15.64499,15.64862,0.00,0.00
2012.05.24 17:04:49.260,15.64448,15.64812,0.00,0.00
2012.05.24 17:04:49.404,15.64431,15.64794,0.00,0.00
2012.05.24 17:04:49.655,15.64385,15.64685,0.00,0.00
2012.05.24 17:04:50.087,15.64348,15.64648,0.00,0.00
2012.05.24 17:04:50.343,15.64363,15.64726,0.00,0.00
2012.05.24 17:04:51.387,15.64408,15.64771,0.00,0.00
2012.05.24 17:04:51.807,15.64425,15.64788,0.00,0.00
2012.05.24 17:04:51.991,15.64348,15.64648,0.00,0.00
2012.05.24 17:04:52.180,15.64354,15.64717,0.00,0.00
2012.05.24 17:04:52.672,15.64334,15.64635,0.00,0.00
2012.05.24 17:04:53.682,15.64143,15.6451,0.00,0.00
2012.05.24 17:04:53.754,15.64144,15.64548,0.00,0.00
2012.05.24 17:04:54.541,15.64105,15.64446,0.00,0.00
2012.05.24 17:04:54.642,15.64133,15.64446,0.00,0.00
2012.05.24 17:04:54.753,15.64104,15.64453,0.00,0.00
2012.05.24 17:04:54.821,15.64083,15.64453,0.00,0.00
2012.05.24 17:04:55.032,15.64083,15.64435,0.00,0.00
2012.05.24 17:04:55.372,15.64043,15.64343,0.00,0.00
2012.05.24 17:04:55.521,15.63923,15.64301,0.00,0.00
2012.05.24 17:04:55.841,15.63923,15.64323,0.00,0.00
2012.05.24 17:04:57.203,15.64086,15.6445,0.00,0.00
2012.05.24 17:04:57.394,15.64044,15.64408,0.00,0.00
2012.05.24 17:04:57.620,15.64034,15.64335,0.00,0.00
2012.05.24 17:04:57.945,15.64044,15.64408,0.00,0.00
2012.05.24 17:04:58.493,15.64048,15.64348,0.00,0.00
2012.05.24 17:04:58.695,15.63923,15.64308,0.00,0.00
2012.05.24 17:04:58.762,15.63923,15.64328,0.00,0.00
2012.05.24 17:04:59.259,15.64014,15.64378,0.00,0.00
2012.05.24 17:04:59.326,15.64013,15.64354,0.00,0.00
2012.05.24 17:04:59.572,15.64478,15.64778,0.00,0.00
2012.05.24 17:04:59.700,15.64414,15.64825,0.00,0.00
2012.05.24 17:04:59.763,15.64185,15.64485,0.00,0.00
2012.05.24 17:05:00.151,15.64409,15.64757,0.00,0.00
2012.05.24 17:05:00.283,15.64405,15.64768,0.00,0.00
2012.05.24 17:05:00.352,15.64348,15.64648,0.00,0.00
2012.05.24 17:05:00.574,15.6443,15.64793,0.00,0.00
2012.05.24 17:05:00.692,15.6443,15.64735,0.00,0.00
2012.05.24 17:05:00.820,15.6443,15.64735,0.00,0.00
2012.05.24 17:05:00.883,15.64416,15.64717,0.00,0.00
2012.05.24 17:05:00.950,15.64275,15.64679,0.00,0.00
2012.05.24 17:05:01.203,15.64103,15.64486,0.00,0.00
2012.05.24 17:05:01.384,15.64024,15.64373,0.00,0.00
2012.05.24 17:05:01.449,15.64043,15.64373,0.00,0.00
2012.05.24 17:05:01.726,15.63993,15.64373,0.00,0.00
2012.05.24 17:05:02.158,15.63993,15.64355,0.00,0.00
2012.05.24 17:05:02.459,15.63943,15.64344,0.00,0.00
2012.05.24 17:05:02.521,15.63913,15.64304,0.00,0.00
2012.05.24 17:05:02.589,15.63913,15.64284,0.00,0.00
2012.05.24 17:05:02.936,15.64075,15.64437,0.00,0.00
2012.05.24 17:05:03.192,15.64064,15.64427,0.00,0.00
2012.05.24 17:05:03.261,15.63982,15.64345,0.00,0.00
2012.05.24 17:05:03.532,15.64009,15.64372,0.00,0.00
2012.05.24 17:05:03.924,15.64048,15.64407,0.00,0.00
2012.05.24 17:05:04.052,15.64029,15.64393,0.00,0.00
2012.05.24 17:05:04.201,15.64052,15.64416,0.00,0.00
2012.05.24 17:05:04.755,15.64036,15.644,0.00,0.00
2012.05.24 17:05:04.822,15.63947,15.64248,0.00,0.00
2012.05.24 17:05:04.890,15.63997,15.64361,0.00,0.00
2012.05.24 17:05:05.161,15.63986,15.64349,0.00,0.00
2012.05.24 17:05:05.550,15.63883,15.64248,0.00,0.00
2012.05.24 17:05:05.712,15.6392,15.64285,0.00,0.00
2012.05.24 17:05:05.781,15.63952,15.64363,0.00,0.00
2012.05.24 17:05:06.925,15.63943,15.6432,0.00,0.00
2012.05.24 17:05:07.385,15.63943,15.64303,0.00,0.00
2012.05.24 17:05:07.715,15.63943,15.6432,0.00,0.00
2012.05.24 17:05:07.781,15.63943,15.64339,0.00,0.00
2012.05.24 17:05:07.910,15.63983,15.64348,0.00,0.00
2012.05.24 17:05:08.225,15.64023,15.64385,0.00,0.00
2012.05.24 17:05:08.661,15.64023,15.64385,0.00,0.00
2012.05.24 17:05:09.900,15.64023,15.64408,0.00,0.00
2012.05.24 17:05:10.322,15.64023,15.64394,0.00,0.00
2012.05.24 17:05:14.603,15.64023,15.64414,0.00,0.00
2012.05.24 17:05:16.018,15.64023,15.64397,0.00,0.00
2012.05.24 17:05:16.378,15.63993,15.64357,0.00,0.00
2012.05.24 17:05:17.244,15.64027,15.6443,0.00,0.00
2012.05.24 17:05:17.364,15.64045,15.64435,0.00,0.00
2012.05.24 17:05:19.223,15.63993,15.64394,0.00,0.00
2012.05.24 17:05:21.183,15.64,15.64411,0.00,0.00
2012.05.24 17:05:21.686,15.64206,15.64569,0.00,0.00
2012.05.24 17:05:21.753,15.64206,15.64548,0.00,0.00
2012.05.24 17:05:21.823,15.64262,15.64626,0.00,0.00
2012.05.24 17:05:21.955,15.64221,15.64585,0.00,0.00
2012.05.24 17:05:22.921,15.64245,15.64608,0.00,0.00
2012.05.24 17:05:23.251,15.64258,15.64621,0.00,0.00
2012.05.24 17:05:23.561,15.64261,15.64635,0.00,0.00
2012.05.24 17:05:23.870,15.64244,15.64635,0.00,0.00
2012.05.24 17:05:24.525,15.64173,15.64564,0.00,0.00
2012.05.24 17:05:26.002,15.64173,15.64543,0.00,0.00
2012.05.24 17:05:28.974,15.64336,15.647,0.00,0.00
2012.05.24 17:05:29.421,15.64352,15.64716,0.00,0.00
2012.05.24 17:05:29.551,15.64348,15.64648,0.00,0.00
2012.05.24 17:05:29.978,15.64399,15.64762,0.00,0.00
2012.05.24 17:05:30.507,15.64408,15.64772,0.00,0.00
2012.05.24 17:05:32.095,15.64426,15.6479,0.00,0.00
2012.05.24 17:05:32.421,15.64426,15.64787,0.00,0.00
2012.05.24 17:05:33.063,15.64437,15.64801,0.00,0.00
2012.05.24 17:05:33.711,15.64437,15.64748,0.00,0.00
2012.05.24 17:05:33.789,15.64448,15.64748,0.00,0.00
2012.05.24 17:05:34.482,15.64448,15.64748,0.00,0.00
2012.05.24 17:05:34.551,15.64461,15.64825,0.00,0.00
2012.05.24 17:05:34.702,15.64433,15.64797,0.00,0.00
2012.05.24 17:05:34.829,15.64353,15.64748,0.00,0.00
2012.05.24 17:05:35.309,15.64347,15.64648,0.00,0.00
2012.05.24 17:05:35.865,15.64369,15.64733,0.00,0.00
2012.05.24 17:05:36.073,15.6435,15.64714,0.00,0.00
2012.05.24 17:05:36.200,15.64322,15.64685,0.00,0.00
2012.05.24 17:05:36.420,15.64314,15.64677,0.00,0.00
2012.05.24 17:05:36.540,15.64314,15.64635,0.00,0.00
2012.05.24 17:05:37.431,15.64328,15.64692,0.00,0.00
2012.05.24 17:05:38.719,15.64183,15.64635,0.00,0.00
2012.05.24 17:05:38.781,15.6437,15.64734,0.00,0.00
2012.05.24 17:05:38.853,15.64361,15.64724,0.00,0.00
2012.05.24 17:05:40.492,15.64344,15.64707,0.00,0.00
2012.05.24 17:05:42.610,15.64327,15.6469,0.00,0.00
2012.05.24 17:05:43.071,15.64336,15.647,0.00,0.00
2012.05.24 17:05:43.944,15.64353,15.64716,0.00,0.00
2012.05.24 17:05:45.091,15.6433,15.64694,0.00,0.00
2012.05.24 17:05:45.449,15.64248,15.64548,0.00,0.00
2012.05.24 17:05:47.192,15.64295,15.64658,0.00,0.00
2012.05.24 17:05:47.744,15.64218,15.64581,0.00,0.00
2012.05.24 17:05:47.996,15.64069,15.64418,0.00,0.00
2012.05.24 17:05:48.060,15.64069,15.64418,0.00,0.00
2012.05.24 17:05:48.225,15.64056,15.64398,0.00,0.00
2012.05.24 17:05:48.290,15.64178,15.64548,0.00,0.00
2012.05.24 17:05:48.513,15.64198,15.64561,0.00,0.00
2012.05.24 17:05:48.979,15.64155,15.64519,0.00,0.00
2012.05.24 17:05:49.651,15.64152,15.64515,0.00,0.00
2012.05.24 17:05:49.729,15.64193,15.64556,0.00,0.00
2012.05.24 17:05:50.122,15.64231,15.64594,0.00,0.00
2012.05.24 17:05:50.490,15.64234,15.64535,0.00,0.00
2012.05.24 17:05:51.184,15.64224,15.64587,0.00,0.00
2012.05.24 17:05:52.052,15.64235,15.64599,0.00,0.00
2012.05.24 17:05:52.848,15.64214,15.64578,0.00,0.00
2012.05.24 17:05:53.508,15.64222,15.64586,0.00,0.00
2012.05.24 17:05:54.000,15.64204,15.64568,0.00,0.00
2012.05.24 17:05:54.659,15.64213,15.64577,0.00,0.00
2012.05.24 17:05:54.881,15.64119,15.6453,0.00,0.00
2012.05.24 17:05:55.016,15.64153,15.64535,0.00,0.00
2012.05.24 17:05:55.453,15.64223,15.64535,0.00,0.00
2012.05.24 17:05:55.700,15.64209,15.64558,0.00,0.00
2012.05.24 17:05:56.119,15.64223,15.64567,0.00,0.00
2012.05.24 17:05:56.623,15.64209,15.64558,0.00,0.00
2012.05.24 17:05:57.116,15.64195,15.64537,0.00,0.00
2012.05.24 17:05:57.322,15.64193,15.64537,0.00,0.00
2012.05.24 17:05:58.932,15.64193,15.64554,0.00,0.00
2012.05.24 17:05:59.590,15.64193,15.64572,0.00,0.00
2012.05.24 17:05:59.950,15.64471,15.64834,0.00,0.00
2012.05.24 17:06:00.009,15.64471,15.64785,0.00,0.00
2012.05.24 17:06:00.130,15.64457,15.6482,0.00,0.00
2012.05.24 17:06:00.365,15.64439,15.64802,0.00,0.00
2012.05.24 17:06:00.429,15.64439,15.64748,0.00,0.00
2012.05.24 17:06:00.889,15.64456,15.64819,0.00,0.00
2012.05.24 17:06:01.105,15.64487,15.6485,0.00,0.00
2012.05.24 17:06:01.174,15.64654,15.65017,0.00,0.00
2012.05.24 17:06:01.302,15.64552,15.64871,0.00,0.00
2012.05.24 17:06:01.395,15.64603,15.64903,0.00,0.00
2012.05.24 17:06:01.723,15.64583,15.64883,0.00,0.00
2012.05.24 17:06:01.991,15.64567,15.64908,0.00,0.00
2012.05.24 17:06:02.470,15.6457,15.64919,0.00,0.00
2012.05.24 17:06:02.603,15.64603,15.64919,0.00,0.00
2012.05.24 17:06:02.757,15.64645,15.65035,0.00,0.00
2012.05.24 17:06:02.911,15.64696,15.65059,0.00,0.00
2012.05.24 17:06:03.237,15.64566,15.64915,0.00,0.00
2012.05.24 17:06:03.786,15.64568,15.64931,0.00,0.00
2012.05.24 17:06:03.995,15.64571,15.64912,0.00,0.00
2012.05.24 17:06:04.151,15.64568,15.64931,0.00,0.00
2012.05.24 17:06:04.673,15.64974,15.65337,0.00,0.00
2012.05.24 17:06:04.952,15.64974,15.65335,0.00,0.00
2012.05.24 17:06:05.640,15.64983,15.65347,0.00,0.00
2012.05.24 17:06:05.699,15.64858,15.65221,0.00,0.00
2012.05.24 17:06:05.819,15.64968,15.65335,0.00,0.00
2012.05.24 17:06:06.131,15.64948,15.65248,0.00,0.00
2012.05.24 17:06:06.190,15.64955,15.65319,0.00,0.00
2012.05.24 17:06:06.501,15.64755,15.65104,0.00,0.00
2012.05.24 17:06:06.618,15.64803,15.65104,0.00,0.00
2012.05.24 17:06:06.679,15.64783,15.65104,0.00,0.00
2012.05.24 17:06:07.489,15.64723,15.65104,0.00,0.00
2012.05.24 17:06:07.653,15.64806,15.65169,0.00,0.00
2012.05.24 17:06:08.029,15.64806,15.65135,0.00,0.00
2012.05.24 17:06:08.244,15.64792,15.65156,0.00,0.00
2012.05.24 17:06:08.902,15.64808,15.65171,0.00,0.00
2012.05.24 17:06:09.139,15.64686,15.65035,0.00,0.00
2012.05.24 17:06:09.358,15.64723,15.65084,0.00,0.00
2012.05.24 17:06:09.481,15.64863,15.65164,0.00,0.00
2012.05.24 17:06:09.789,15.64935,15.65299,0.00,0.00
2012.05.24 17:06:09.851,15.64926,15.6529,0.00,0.00
2012.05.24 17:06:09.980,15.64926,15.65248,0.00,0.00
2012.05.24 17:06:10.272,15.64918,15.65282,0.00,0.00
2012.05.24 17:06:10.739,15.64954,15.65317,0.00,0.00
2012.05.24 17:06:11.051,15.64935,15.65239,0.00,0.00
2012.05.24 17:06:11.533,15.65003,15.65303,0.00,0.00
2012.05.24 17:06:11.971,15.65003,15.65339,0.00,0.00
2012.05.24 17:06:12.693,15.65083,15.65448,0.00,0.00
2012.05.24 17:06:13.040,15.65033,15.65339,0.00,0.00
2012.05.24 17:06:13.498,15.65103,15.65403,0.00,0.00
2012.05.24 17:06:13.621,15.65158,15.65521,0.00,0.00
2012.05.24 17:06:13.845,15.65158,15.65521,0.00,0.00
2012.05.24 17:06:13.911,15.6508,15.65384,0.00,0.00
2012.05.24 17:06:14.120,15.65109,15.65475,0.00,0.00
2012.05.24 17:06:14.916,15.65047,15.65348,0.00,0.00
2012.05.24 17:06:16.752,15.65109,15.65475,0.00,0.00
2012.05.24 17:06:16.880,15.65156,15.65519,0.00,0.00
2012.05.24 17:06:17.254,15.65031,15.65335,0.00,0.00
2012.05.24 17:06:17.342,15.65053,15.65353,0.00,0.00
2012.05.24 17:06:17.451,15.65033,15.65335,0.00,0.00
2012.05.24 17:06:19.798,15.65013,15.65335,0.00,0.00
2012.05.24 17:06:20.391,15.65013,15.65351,0.00,0.00
2012.05.24 17:06:21.971,15.64983,15.65335,0.00,0.00
2012.05.24 17:06:22.294,15.65113,15.65413,0.00,0.00
2012.05.24 17:06:22.361,15.65128,15.65491,0.00,0.00
2012.05.24 17:06:22.420,15.65113,15.65435,0.00,0.00
2012.05.24 17:06:22.791,15.65199,15.65563,0.00,0.00
2012.05.24 17:06:23.050,15.65199,15.65565,0.00,0.00
2012.05.24 17:06:23.660,15.65131,15.65435,0.00,0.00
2012.05.24 17:06:23.990,15.65163,15.65463,0.00,0.00
2012.05.24 17:06:24.304,15.65523,15.65823,0.00,0.00
2012.05.24 17:06:24.980,15.65491,15.65795,0.00,0.00
2012.05.24 17:06:26.903,15.65493,15.65795,0.00,0.00
2012.05.24 17:06:26.971,15.65442,15.65743,0.00,0.00
2012.05.24 17:06:27.161,15.65443,15.65743,0.00,0.00
2012.05.24 17:06:27.300,15.65481,15.65847,0.00,0.00
2012.05.24 17:06:29.849,15.65497,15.65848,0.00,0.00
2012.05.24 17:06:30.254,15.65407,15.65711,0.00,0.00
2012.05.24 17:06:30.550,15.65213,15.65558,0.00,0.00
2012.05.24 17:06:30.610,15.65193,15.65558,0.00,0.00
2012.05.24 17:06:30.684,15.65187,15.65491,0.00,0.00
2012.05.24 17:06:30.921,15.65152,15.65471,0.00,0.00
2012.05.24 17:06:31.083,15.65152,15.65491,0.00,0.00
2012.05.24 17:06:31.432,15.65109,15.65472,0.00,0.00
2012.05.24 17:06:32.321,15.65087,15.6545,0.00,0.00
2012.05.24 17:06:32.710,15.65071,15.65437,0.00,0.00
2012.05.24 17:06:33.020,15.65063,15.65429,0.00,0.00
2012.05.24 17:06:33.800,15.65115,15.65448,0.00,0.00
2012.05.24 17:06:34.210,15.65091,15.65454,0.00,0.00
2012.05.24 17:06:34.535,15.65073,15.65439,0.00,0.00
2012.05.24 17:06:34.973,15.64962,15.65328,0.00,0.00
2012.05.24 17:06:35.310,15.64828,15.65132,0.00,0.00
2012.05.24 17:06:35.392,15.64845,15.65149,0.00,0.00
2012.05.24 17:06:35.460,15.64863,15.65167,0.00,0.00
2012.05.24 17:06:35.523,15.64893,15.65193,0.00,0.00
2012.05.24 17:06:35.650,15.64999,15.65362,0.00,0.00
2012.05.24 17:06:36.351,15.65003,15.65332,0.00,0.00
2012.05.24 17:06:36.683,15.65023,15.65324,0.00,0.00
2012.05.24 17:06:36.750,15.65008,15.65312,0.00,0.00
2012.05.24 17:06:38.281,15.65003,15.65312,0.00,0.00
2012.05.24 17:06:38.352,15.64953,15.65257,0.00,0.00
2012.05.24 17:06:38.839,15.64968,15.65272,0.00,0.00
2012.05.24 17:06:39.075,15.64947,15.65251,0.00,0.00
2012.05.24 17:06:39.203,15.64973,15.65273,0.00,0.00
2012.05.24 17:06:39.273,15.64945,15.65249,0.00,0.00
2012.05.24 17:06:39.405,15.64973,15.65294,0.00,0.00
2012.05.24 17:06:39.532,15.65013,15.65314,0.00,0.00
2012.05.24 17:06:40.375,15.65113,15.65413,0.00,0.00
2012.05.24 17:06:40.468,15.65008,15.65312,0.00,0.00
2012.05.24 17:06:40.532,15.65113,15.65435,0.00,0.00
2012.05.24 17:06:40.921,15.65143,15.65443,0.00,0.00
2012.05.24 17:06:42.153,15.65115,15.65419,0.00,0.00
2012.05.24 17:06:42.433,15.65143,15.65503,0.00,0.00
2012.05.24 17:06:42.564,15.64979,15.65283,0.00,0.00
2012.05.24 17:06:42.633,15.64956,15.6526,0.00,0.00
2012.05.24 17:06:42.730,15.64956,15.6526,0.00,0.00
2012.05.24 17:06:43.182,15.65063,15.65364,0.00,0.00
2012.05.24 17:06:43.870,15.65046,15.6535,0.00,0.00
2012.05.24 17:06:44.002,15.65083,15.65384,0.00,0.00
2012.05.24 17:06:44.161,15.65064,15.65368,0.00,0.00
2012.05.24 17:06:45.043,15.65045,15.65349,0.00,0.00
2012.05.24 17:06:46.075,15.65083,15.65412,0.00,0.00
2012.05.24 17:06:47.262,15.64974,15.65278,0.00,0.00
2012.05.24 17:06:47.329,15.64983,15.65284,0.00,0.00
2012.05.24 17:06:47.450,15.64956,15.6526,0.00,0.00
2012.05.24 17:06:47.584,15.64979,15.65283,0.00,0.00
2012.05.24 17:06:47.741,15.65013,15.65313,0.00,0.00
2012.05.24 17:06:47.904,15.64996,15.653,0.00,0.00
2012.05.24 17:06:49.752,15.64977,15.65281,0.00,0.00
2012.05.24 17:06:51.042,15.64993,15.65293,0.00,0.00
2012.05.24 17:06:52.706,15.64993,15.65312,0.00,0.00
2012.05.24 17:06:52.802,15.65013,15.65314,0.00,0.00
2012.05.24 17:06:52.869,15.65013,15.65332,0.00,0.00
2012.05.24 17:06:54.451,15.65063,15.65364,0.00,0.00
2012.05.24 17:06:54.518,15.65056,15.6536,0.00,0.00
2012.05.24 17:06:54.579,15.65063,15.65381,0.00,0.00
2012.05.24 17:06:54.709,15.65179,15.65543,0.00,0.00
2012.05.24 17:06:55.113,15.65059,15.65363,0.00,0.00
2012.05.24 17:06:55.451,15.65143,15.65458,0.00,0.00
2012.05.24 17:06:55.662,15.65183,15.65484,0.00,0.00
2012.05.24 17:07:04.630,15.6517,15.65474,0.00,0.00
2012.05.24 17:07:06.699,15.65262,15.65585,0.00,0.00
2012.05.24 17:07:06.934,15.6502,15.65324,0.00,0.00
2012.05.24 17:07:06.999,15.65023,15.65324,0.00,0.00
2012.05.24 17:07:07.151,15.65023,15.65347,0.00,0.00
2012.05.24 17:07:08.391,15.6518,15.65544,0.00,0.00
2012.05.24 17:07:08.461,15.6518,15.65543,0.00,0.00
2012.05.24 17:07:08.561,15.65043,15.65354,0.00,0.00
2012.05.24 17:07:10.963,15.65043,15.6537,0.00,0.00
2012.05.24 17:07:11.290,15.65083,15.65415,0.00,0.00
2012.05.24 17:07:11.899,15.65113,15.65415,0.00,0.00
2012.05.24 17:07:13.061,15.65062,15.65415,0.00,0.00
2012.05.24 17:07:13.399,15.64893,15.65214,0.00,0.00
2012.05.24 17:07:14.250,15.65028,15.65391,0.00,0.00
2012.05.24 17:07:14.579,15.64882,15.65248,0.00,0.00
2012.05.24 17:07:15.339,15.64873,15.65199,0.00,0.00
2012.05.24 17:07:17.528,15.64873,15.65215,0.00,0.00
2012.05.24 17:07:18.066,15.64873,15.65233,0.00,0.00
2012.05.24 17:07:22.516,15.6489,15.65256,0.00,0.00
2012.05.24 17:07:22.869,15.64959,15.65325,0.00,0.00
2012.05.24 17:07:23.179,15.65052,15.65353,0.00,0.00
2012.05.24 17:07:23.772,15.64944,15.65248,0.00,0.00
2012.05.24 17:07:24.155,15.64961,15.65265,0.00,0.00
2012.05.24 17:07:24.310,15.64978,15.65282,0.00,0.00
2012.05.24 17:07:24.435,15.65117,15.65481,0.00,0.00
2012.05.24 17:07:24.503,15.65149,15.65513,0.00,0.00
2012.05.24 17:07:24.720,15.65163,15.6551,0.00,0.00
2012.05.24 17:07:25.192,15.65163,15.65467,0.00,0.00
2012.05.24 17:07:25.381,15.65235,15.65599,0.00,0.00
2012.05.24 17:07:25.450,15.65235,15.65535,0.00,0.00
2012.05.24 17:07:26.760,15.65073,15.6538,0.00,0.00
2012.05.24 17:07:28.205,15.65053,15.65364,0.00,0.00
2012.05.24 17:07:28.572,15.65033,15.65344,0.00,0.00
2012.05.24 17:07:29.174,15.65033,15.6536,0.00,0.00
2012.05.24 17:07:29.818,15.65188,15.65552,0.00,0.00
2012.05.24 17:07:30.813,15.65172,15.65535,0.00,0.00
2012.05.24 17:07:31.527,15.65201,15.65565,0.00,0.00
2012.05.24 17:07:31.592,15.65201,15.65565,0.00,0.00
2012.05.24 17:07:31.660,15.65201,15.65535,0.00,0.00
2012.05.24 17:07:37.152,15.65236,15.65548,0.00,0.00
2012.05.24 17:07:39.957,15.65213,15.65577,0.00,0.00
2012.05.24 17:07:43.979,15.65233,15.65597,0.00,0.00
2012.05.24 17:07:44.040,15.65213,15.65577,0.00,0.00
2012.05.24 17:07:45.714,15.65229,15.65593,0.00,0.00
2012.05.24 17:07:47.397,15.65109,15.65413,0.00,0.00
2012.05.24 17:07:47.557,15.65232,15.65595,0.00,0.00
2012.05.24 17:07:48.989,15.65113,15.65438,0.00,0.00
2012.05.24 17:07:49.477,15.65143,15.65444,0.00,0.00
2012.05.24 17:07:50.098,15.65173,15.65474,0.00,0.00
2012.05.24 17:07:51.718,15.6515,15.65454,0.00,0.00
2012.05.24 17:07:52.517,15.65167,15.65471,0.00,0.00
2012.05.24 17:07:52.580,15.65193,15.65493,0.00,0.00
2012.05.24 17:08:00.182,15.65166,15.6547,0.00,0.00
2012.05.24 17:08:00.675,15.65183,15.65487,0.00,0.00
2012.05.24 17:08:03.703,15.65193,15.65559,0.00,0.00
2012.05.24 17:08:05.114,15.65239,15.65543,0.00,0.00
2012.05.24 17:08:05.323,15.65253,15.65564,0.00,0.00
2012.05.24 17:08:05.478,15.65395,15.65759,0.00,0.00
2012.05.24 17:08:05.887,15.65281,15.65647,0.00,0.00
2012.05.24 17:08:06.960,15.65253,15.65557,0.00,0.00
2012.05.24 17:08:08.338,15.65359,15.65663,0.00,0.00
2012.05.24 17:08:08.402,15.65533,15.65835,0.00,0.00
2012.05.24 17:08:08.780,15.65533,15.65837,0.00,0.00
2012.05.24 17:08:09.560,15.65651,15.66017,0.00,0.00
2012.05.24 17:08:10.370,15.65779,15.66142,0.00,0.00
2012.05.24 17:08:10.435,15.65766,15.6613,0.00,0.00
2012.05.24 17:08:10.593,15.6595,15.66313,0.00,0.00
2012.05.24 17:08:10.761,15.6595,15.66316,0.00,0.00
2012.05.24 17:08:11.633,15.65834,15.66138,0.00,0.00
2012.05.24 17:08:11.697,15.65965,15.66331,0.00,0.00
2012.05.24 17:08:11.942,15.65828,15.66132,0.00,0.00
2012.05.24 17:08:12.294,15.65853,15.66154,0.00,0.00
2012.05.24 17:08:12.361,15.65853,15.66215,0.00,0.00
2012.05.24 17:08:12.588,15.65853,15.66198,0.00,0.00
2012.05.24 17:08:12.931,15.65604,15.65908,0.00,0.00
2012.05.24 17:08:13.099,15.65623,15.65928,0.00,0.00
2012.05.24 17:08:15.568,15.65643,15.65944,0.00,0.00
2012.05.24 17:08:16.643,15.65739,15.66103,0.00,0.00
2012.05.24 17:08:16.861,15.65756,15.66119,0.00,0.00
2012.05.24 17:08:17.322,15.65645,15.65949,0.00,0.00
2012.05.24 17:08:17.742,15.65665,15.65969,0.00,0.00
2012.05.24 17:08:17.808,15.65685,15.65989,0.00,0.00
2012.05.24 17:08:17.958,15.65723,15.66023,0.00,0.00
2012.05.24 17:08:18.288,15.65683,15.65989,0.00,0.00
2012.05.24 17:08:18.409,15.65748,15.66114,0.00,0.00
2012.05.24 17:08:19.392,15.65625,15.65929,0.00,0.00
2012.05.24 17:08:19.558,15.65759,15.66125,0.00,0.00
2012.05.24 17:08:20.121,15.65625,15.65929,0.00,0.00
2012.05.24 17:08:20.371,15.65613,15.65913,0.00,0.00
2012.05.24 17:08:20.508,15.65563,15.65889,0.00,0.00
2012.05.24 17:08:20.569,15.65525,15.65829,0.00,0.00
2012.05.24 17:08:21.041,15.65563,15.65864,0.00,0.00
2012.05.24 17:08:21.979,15.65512,15.65816,0.00,0.00
2012.05.24 17:08:24.359,15.6553,15.65834,0.00,0.00
2012.05.24 17:08:25.439,15.65546,15.6585,0.00,0.00
2012.05.24 17:08:25.502,15.65563,15.65912,0.00,0.00
2012.05.24 17:08:25.779,15.65673,15.65973,0.00,0.00
2012.05.24 17:08:25.871,15.65633,15.65933,0.00,0.00
2012.05.24 17:08:26.050,15.65625,15.65929,0.00,0.00
2012.05.24 17:08:26.318,15.65663,15.65963,0.00,0.00
2012.05.24 17:08:26.600,15.65663,15.66028,0.00,0.00
2012.05.24 17:08:26.721,15.65625,15.65929,0.00,0.00
2012.05.24 17:08:27.090,15.65537,15.65841,0.00,0.00
2012.05.24 17:08:27.190,15.65583,15.65883,0.00,0.00
2012.05.24 17:08:29.118,15.65732,15.66098,0.00,0.00
2012.05.24 17:08:29.291,15.65618,15.65922,0.00,0.00
2012.05.24 17:08:30.298,15.65653,15.65954,0.00,0.00
2012.05.24 17:08:31.052,15.65625,15.65929,0.00,0.00
2012.05.24 17:08:31.178,15.65673,15.65973,0.00,0.00
2012.05.24 17:08:35.541,15.65759,15.66125,0.00,0.00
2012.05.24 17:08:36.566,15.65701,15.66067,0.00,0.00
2012.05.24 17:08:37.055,15.65761,15.66127,0.00,0.00
2012.05.24 17:08:37.931,15.65533,15.65837,0.00,0.00
2012.05.24 17:08:38.000,15.65633,15.65933,0.00,0.00
2012.05.24 17:08:38.210,15.65563,15.65863,0.00,0.00
2012.05.24 17:08:38.980,15.65543,15.65843,0.00,0.00
2012.05.24 17:08:39.092,15.65583,15.65883,0.00,0.00
2012.05.24 17:08:40.496,15.65525,15.65829,0.00,0.00
2012.05.24 17:08:40.969,15.65563,15.65863,0.00,0.00
2012.05.24 17:08:41.029,15.65639,15.66005,0.00,0.00
2012.05.24 17:08:41.090,15.65525,15.65829,0.00,0.00
2012.05.24 17:08:41.332,15.65623,15.65989,0.00,0.00
2012.05.24 17:08:41.714,15.65607,15.65973,0.00,0.00
2012.05.24 17:08:42.210,15.65525,15.65829,0.00,0.00
2012.05.24 17:08:42.800,15.65541,15.65845,0.00,0.00
2012.05.24 17:08:42.858,15.65603,15.65903,0.00,0.00
2012.05.24 17:08:43.129,15.65678,15.66041,0.00,0.00
2012.05.24 17:08:43.327,15.65603,15.65929,0.00,0.00
2012.05.24 17:08:43.706,15.65753,15.66119,0.00,0.00
2012.05.24 17:08:44.329,15.65614,15.65918,0.00,0.00
2012.05.24 17:08:44.700,15.65603,15.65904,0.00,0.00
2012.05.24 17:08:45.148,15.65583,15.65883,0.00,0.00
2012.05.24 17:08:47.349,15.65603,15.65903,0.00,0.00
2012.05.24 17:08:47.408,15.65565,15.65869,0.00,0.00
2012.05.24 17:08:50.179,15.65585,15.65889,0.00,0.00
2012.05.24 17:08:50.282,15.65603,15.65909,0.00,0.00
2012.05.24 17:08:52.124,15.65549,15.65853,0.00,0.00
2012.05.24 17:08:52.188,15.65573,15.65873,0.00,0.00
2012.05.24 17:08:54.334,15.65529,15.65833,0.00,0.00
2012.05.24 17:08:54.702,15.65553,15.65853,0.00,0.00
2012.05.24 17:08:55.599,15.65533,15.65833,0.00,0.00
2012.05.24 17:08:55.658,15.65533,15.65866,0.00,0.00
2012.05.24 17:08:55.717,15.65626,15.65992,0.00,0.00
2012.05.24 17:08:56.130,15.65608,15.65974,0.00,0.00
2012.05.24 17:08:56.476,15.65627,15.65985,0.00,0.00
2012.05.24 17:08:57.582,15.65607,15.65973,0.00,0.00
2012.05.24 17:08:57.931,15.65383,15.65746,0.00,0.00
2012.05.24 17:09:00.043,15.65577,15.65941,0.00,0.00
2012.05.24 17:09:01.682,15.65449,15.65753,0.00,0.00
2012.05.24 17:09:03.713,15.65463,15.65788,0.00,0.00
2012.05.24 17:09:05.008,15.65483,15.6583,0.00,0.00
2012.05.24 17:09:05.537,15.65463,15.65778,0.00,0.00
2012.05.24 17:09:07.279,15.65449,15.65753,0.00,0.00
2012.05.24 17:09:10.400,15.65463,15.65769,0.00,0.00
2012.05.24 17:09:12.079,15.65329,15.65695,0.00,0.00
2012.05.24 17:09:12.911,15.65313,15.65677,0.00,0.00
2012.05.24 17:09:14.333,15.65297,15.65661,0.00,0.00
2012.05.24 17:09:14.776,15.65155,15.65521,0.00,0.00
2012.05.24 17:09:15.230,15.65127,15.65435,0.00,0.00
2012.05.24 17:09:15.574,15.65145,15.65509,0.00,0.00
2012.05.24 17:09:15.639,15.65126,15.65489,0.00,0.00
2012.05.24 17:09:16.240,15.65119,15.65483,0.00,0.00
2012.05.24 17:09:16.579,15.64883,15.65243,0.00,0.00
2012.05.24 17:09:16.910,15.64966,15.65332,0.00,0.00
2012.05.24 17:09:17.268,15.64982,15.65348,0.00,0.00
2012.05.24 17:09:17.579,15.65002,15.65366,0.00,0.00
2012.05.24 17:09:17.638,15.64843,15.65205,0.00,0.00
2012.05.24 17:09:18.077,15.64863,15.65226,0.00,0.00
2012.05.24 17:09:18.457,15.64893,15.65243,0.00,0.00
2012.05.24 17:09:19.729,15.64899,15.65265,0.00,0.00
2012.05.24 17:09:20.061,15.65135,15.65499,0.00,0.00
2012.05.24 17:09:20.127,15.65135,15.65435,0.00,0.00
2012.05.24 17:09:25.342,15.64934,15.65238,0.00,0.00
2012.05.24 17:09:25.408,15.64913,15.65238,0.00,0.00
2012.05.24 17:09:26.701,15.64913,15.65263,0.00,0.00
2012.05.24 17:09:27.608,15.64863,15.65218,0.00,0.00
2012.05.24 17:09:27.935,15.64983,15.65347,0.00,0.00
2012.05.24 17:09:28.873,15.64967,15.65331,0.00,0.00
2012.05.24 17:09:29.136,15.64988,15.65352,0.00,0.00
2012.05.24 17:09:29.669,15.65134,15.65435,0.00,0.00
2012.05.24 17:09:30.563,15.65158,15.65522,0.00,0.00
2012.05.24 17:09:34.184,15.6513,15.65493,0.00,0.00
2012.05.24 17:09:35.677,15.64908,15.65274,0.00,0.00
2012.05.24 17:09:37.276,15.64883,15.65215,0.00,0.00
2012.05.24 17:09:48.816,15.64913,15.65215,0.00,0.00
2012.05.24 17:09:48.877,15.64913,15.6524,0.00,0.00
2012.05.24 17:09:50.199,15.65115,15.65479,0.00,0.00
2012.05.24 17:09:50.437,15.65134,15.65435,0.00,0.00
2012.05.24 17:09:50.498,15.65033,15.65374,0.00,0.00
2012.05.24 17:09:50.558,15.65193,15.65557,0.00,0.00
2012.05.24 17:09:51.361,15.65213,15.65577,0.00,0.00
2012.05.24 17:09:51.510,15.65185,15.65485,0.00,0.00
2012.05.24 17:09:52.385,15.65213,15.65535,0.00,0.00
2012.05.24 17:09:53.078,15.65083,15.65409,0.00,0.00
2012.05.24 17:09:53.383,15.6524,15.65604,0.00,0.00
2012.05.24 17:09:53.951,15.65113,15.65432,0.00,0.00
2012.05.24 17:09:54.730,15.65242,15.65605,0.00,0.00
2012.05.24 17:09:55.410,15.6518,15.65535,0.00,0.00
2012.05.24 17:09:55.791,15.654,15.65763,0.00,0.00
2012.05.24 17:09:56.262,15.65383,15.65747,0.00,0.00
2012.05.24 17:09:56.329,15.65114,15.65418,0.00,0.00
2012.05.24 17:09:56.401,15.65173,15.65474,0.00,0.00
2012.05.24 17:09:56.567,15.65083,15.65418,0.00,0.00
2012.05.24 17:09:58.049,15.65113,15.65435,0.00,0.00
2012.05.24 17:09:59.156,15.65133,15.65435,0.00,0.00
2012.05.24 17:10:00.368,15.65093,15.65435,0.00,0.00
2012.05.24 17:10:00.675,15.65155,15.65521,0.00,0.00
2012.05.24 17:10:01.389,15.65103,15.65469,0.00,0.00
2012.05.24 17:10:02.435,15.65107,15.65471,0.00,0.00
2012.05.24 17:10:02.615,15.65107,15.65435,0.00,0.00
2012.05.24 17:10:04.711,15.65123,15.65487,0.00,0.00
2012.05.24 17:10:11.451,15.65166,15.65529,0.00,0.00
2012.05.24 17:10:11.606,15.64973,15.65329,0.00,0.00
2012.05.24 17:10:11.727,15.65032,15.65398,0.00,0.00
2012.05.24 17:10:12.319,15.65118,15.65481,0.00,0.00
2012.05.24 17:10:15.101,15.64872,15.65176,0.00,0.00
2012.05.24 17:10:15.157,15.64843,15.65176,0.00,0.00
2012.05.24 17:10:15.218,15.6481,15.65114,0.00,0.00
2012.05.24 17:10:15.367,15.64773,15.65114,0.00,0.00
2012.05.24 17:10:15.760,15.64773,15.6509,0.00,0.00
2012.05.24 17:10:16.087,15.64817,15.65183,0.00,0.00
2012.05.24 17:10:16.417,15.64798,15.65164,0.00,0.00
2012.05.24 17:10:16.790,15.6482,15.65186,0.00,0.00
2012.05.24 17:10:17.379,15.64653,15.65008,0.00,0.00
2012.05.24 17:10:17.966,15.64773,15.65116,0.00,0.00
2012.05.24 17:10:18.300,15.64773,15.65132,0.00,0.00
2012.05.24 17:10:18.612,15.65039,15.65403,0.00,0.00
2012.05.24 17:10:19.059,15.65035,15.65335,0.00,0.00
2012.05.24 17:10:19.477,15.64918,15.65222,0.00,0.00
2012.05.24 17:10:19.839,15.64923,15.6524,0.00,0.00
2012.05.24 17:10:19.901,15.64936,15.65302,0.00,0.00
2012.05.24 17:10:20.219,15.65092,15.65456,0.00,0.00
2012.05.24 17:10:20.489,15.64963,15.65303,0.00,0.00
2012.05.24 17:10:20.668,15.65003,15.65303,0.00,0.00
2012.05.24 17:10:21.039,15.65095,15.65435,0.00,0.00
2012.05.24 17:10:21.098,15.65076,15.65439,0.00,0.00
2012.05.24 17:10:21.530,15.64983,15.65291,0.00,0.00
2012.05.24 17:10:21.947,15.6506,15.65426,0.00,0.00
2012.05.24 17:10:23.498,15.64991,15.65357,0.00,0.00
2012.05.24 17:10:24.987,15.65019,15.65385,0.00,0.00
2012.05.24 17:10:25.649,15.64803,15.65166,0.00,0.00
2012.05.24 17:10:25.707,15.64803,15.65103,0.00,0.00
2012.05.24 17:10:26.749,15.64729,15.65095,0.00,0.00
2012.05.24 17:10:26.810,15.64772,15.65138,0.00,0.00
2012.05.24 17:10:27.303,15.64689,15.65053,0.00,0.00
2012.05.24 17:10:27.681,15.64731,15.65095,0.00,0.00
2012.05.24 17:10:28.483,15.64708,15.65071,0.00,0.00
2012.05.24 17:10:29.392,15.64692,15.65055,0.00,0.00
2012.05.24 17:10:29.730,15.6481,15.65174,0.00,0.00
2012.05.24 17:10:30.118,15.6481,15.65135,0.00,0.00
2012.05.24 17:10:31.108,15.64793,15.65157,0.00,0.00
2012.05.24 17:10:31.863,15.64812,15.65175,0.00,0.00
2012.05.24 17:10:34.428,15.64792,15.65155,0.00,0.00
2012.05.24 17:10:35.101,15.64747,15.65113,0.00,0.00
2012.05.24 17:10:35.592,15.64706,15.65072,0.00,0.00
2012.05.24 17:10:36.020,15.64684,15.64985,0.00,0.00
2012.05.24 17:10:37.005,15.64706,15.65035,0.00,0.00
2012.05.24 17:10:40.701,15.64737,15.65101,0.00,0.00
2012.05.24 17:10:40.828,15.64616,15.64982,0.00,0.00
2012.05.24 17:10:40.888,15.64653,15.65,0.00,0.00
2012.05.24 17:10:41.423,15.64793,15.65093,0.00,0.00
2012.05.24 17:10:41.490,15.64971,15.65335,0.00,0.00
2012.05.24 17:10:41.550,15.64979,15.65343,0.00,0.00
2012.05.24 17:10:42.065,15.64979,15.65335,0.00,0.00
2012.05.24 17:10:45.641,15.64961,15.65327,0.00,0.00
2012.05.24 17:10:46.025,15.64703,15.65005,0.00,0.00
2012.05.24 17:10:47.011,15.64679,15.64983,0.00,0.00
2012.05.24 17:10:47.067,15.64673,15.64983,0.00,0.00
2012.05.24 17:10:47.127,15.64667,15.64971,0.00,0.00
2012.05.24 17:10:47.741,15.64915,15.65278,0.00,0.00
2012.05.24 17:10:48.061,15.64982,15.65335,0.00,0.00
2012.05.24 17:10:48.649,15.64943,15.65309,0.00,0.00
2012.05.24 17:10:49.049,15.64886,15.65235,0.00,0.00
2012.05.24 17:10:49.728,15.64733,15.6504,0.00,0.00
2012.05.24 17:10:50.068,15.64719,15.65023,0.00,0.00
2012.05.24 17:10:51.259,15.64733,15.65084,0.00,0.00
2012.05.24 17:10:52.323,15.64621,15.64987,0.00,0.00
2012.05.24 17:10:53.105,15.64622,15.64988,0.00,0.00
2012.05.24 17:10:54.071,15.64495,15.64861,0.00,0.00
2012.05.24 17:10:54.568,15.64472,15.64838,0.00,0.00
2012.05.24 17:10:54.945,15.64448,15.64814,0.00,0.00
2012.05.24 17:10:55.650,15.64484,15.64848,0.00,0.00
2012.05.24 17:10:56.102,15.64547,15.6491,0.00,0.00
2012.05.24 17:10:56.643,15.6449,15.64854,0.00,0.00
2012.05.24 17:10:56.848,15.64415,15.64781,0.00,0.00
2012.05.24 17:10:58.309,15.64273,15.64595,0.00,0.00
2012.05.24 17:10:58.681,15.64433,15.64797,0.00,0.00
2012.05.24 17:10:59.437,15.64433,15.64785,0.00,0.00
2012.05.24 17:11:01.791,15.64404,15.6477,0.00,0.00
2012.05.24 17:11:03.800,15.64446,15.6481,0.00,0.00
2012.05.24 17:11:04.158,15.64446,15.64785,0.00,0.00
2012.05.24 17:11:04.354,15.64466,15.64829,0.00,0.00
2012.05.24 17:11:04.768,15.64601,15.64965,0.00,0.00
2012.05.24 17:11:05.148,15.64601,15.64935,0.00,0.00
2012.05.24 17:11:06.200,15.64483,15.64807,0.00,0.00
2012.05.24 17:11:06.758,15.64503,15.64823,0.00,0.00
2012.05.24 17:11:07.090,15.64494,15.64798,0.00,0.00
2012.05.24 17:11:07.147,15.64608,15.64974,0.00,0.00
2012.05.24 17:11:09.419,15.64591,15.64955,0.00,0.00
2012.05.24 17:11:10.528,15.64481,15.64785,0.00,0.00
2012.05.24 17:11:10.589,15.64602,15.64965,0.00,0.00
2012.05.24 17:11:10.683,15.64687,15.6505,0.00,0.00
2012.05.24 17:11:10.994,15.64687,15.65035,0.00,0.00
2012.05.24 17:11:11.118,15.64703,15.65067,0.00,0.00
2012.05.24 17:11:11.903,15.64555,15.64859,0.00,0.00
2012.05.24 17:11:12.030,15.64553,15.64854,0.00,0.00
2012.05.24 17:11:12.090,15.64683,15.65047,0.00,0.00
2012.05.24 17:11:12.459,15.64556,15.6486,0.00,0.00
2012.05.24 17:11:13.100,15.64623,15.64924,0.00,0.00
2012.05.24 17:11:13.221,15.64596,15.649,0.00,0.00
2012.05.24 17:11:13.278,15.64593,15.649,0.00,0.00
2012.05.24 17:11:13.374,15.64643,15.64944,0.00,0.00
2012.05.24 17:11:14.300,15.64543,15.64906,0.00,0.00
2012.05.24 17:11:14.365,15.64613,15.64914,0.00,0.00
2012.05.24 17:11:14.618,15.64613,15.6493,0.00,0.00
2012.05.24 17:11:14.806,15.64663,15.64964,0.00,0.00
2012.05.24 17:11:15.441,15.64609,15.64913,0.00,0.00
2012.05.24 17:11:15.499,15.64633,15.64933,0.00,0.00
2012.05.24 17:11:16.032,15.64593,15.64897,0.00,0.00
2012.05.24 17:11:17.336,15.64663,15.64963,0.00,0.00
2012.05.24 17:11:17.398,15.6461,15.64914,0.00,0.00
2012.05.24 17:11:17.537,15.64593,15.64897,0.00,0.00
2012.05.24 17:11:17.598,15.64633,15.64933,0.00,0.00
2012.05.24 17:11:18.779,15.64609,15.64913,0.00,0.00
2012.05.24 17:11:19.207,15.64673,15.64973,0.00,0.00
2012.05.24 17:11:19.268,15.64673,15.64986,0.00,0.00
2012.05.24 17:11:19.630,15.64809,15.65173,0.00,0.00
2012.05.24 17:11:19.983,15.64515,15.64819,0.00,0.00
2012.05.24 17:11:20.139,15.64513,15.64819,0.00,0.00
2012.05.24 17:11:20.518,15.64538,15.64904,0.00,0.00
2012.05.24 17:11:20.869,15.64564,15.6493,0.00,0.00
2012.05.24 17:11:21.233,15.64573,15.64888,0.00,0.00
2012.05.24 17:11:21.568,15.64528,15.64832,0.00,0.00
2012.05.24 17:11:21.685,15.64503,15.64832,0.00,0.00
2012.05.24 17:11:21.749,15.64503,15.64807,0.00,0.00
2012.05.24 17:11:22.858,15.64619,15.64985,0.00,0.00
2012.05.24 17:11:23.375,15.64595,15.64935,0.00,0.00
2012.05.24 17:11:23.694,15.64413,15.64779,0.00,0.00
2012.05.24 17:11:24.490,15.64344,15.6471,0.00,0.00
2012.05.24 17:11:25.127,15.64343,15.64709,0.00,0.00
2012.05.24 17:11:25.778,15.64273,15.64578,0.00,0.00
2012.05.24 17:11:26.148,15.64243,15.64546,0.00,0.00
2012.05.24 17:11:26.477,15.64268,15.64634,0.00,0.00
2012.05.24 17:11:27.034,15.64316,15.64682,0.00,0.00
2012.05.24 17:11:27.478,15.64261,15.64565,0.00,0.00
2012.05.24 17:11:28.944,15.64253,15.64565,0.00,0.00
2012.05.24 17:11:29.107,15.64223,15.64544,0.00,0.00
2012.05.24 17:11:29.486,15.64304,15.6467,0.00,0.00
2012.05.24 17:11:31.751,15.64288,15.64651,0.00,0.00
2012.05.24 17:11:32.208,15.64307,15.64671,0.00,0.00
2012.05.24 17:11:32.848,15.64278,15.64641,0.00,0.00
2012.05.24 17:11:33.230,15.64324,15.64687,0.00,0.00
2012.05.24 17:11:33.600,15.6434,15.64703,0.00,0.00
2012.05.24 17:11:34.128,15.64417,15.64781,0.00,0.00
2012.05.24 17:11:34.350,15.64417,15.64783,0.00,0.00
2012.05.24 17:11:35.528,15.64229,15.64533,0.00,0.00
2012.05.24 17:11:35.985,15.64223,15.64533,0.00,0.00
2012.05.24 17:11:36.188,15.64324,15.6469,0.00,0.00
2012.05.24 17:11:37.500,15.64414,15.64777,0.00,0.00
2012.05.24 17:11:38.419,15.64414,15.6478,0.00,0.00
2012.05.24 17:11:38.858,15.64253,15.64564,0.00,0.00
2012.05.24 17:11:39.710,15.64235,15.64539,0.00,0.00
2012.05.24 17:11:41.471,15.6437,15.64735,0.00,0.00
2012.05.24 17:11:41.633,15.6434,15.64706,0.00,0.00
2012.05.24 17:11:42.087,15.64321,15.64687,0.00,0.00
2012.05.24 17:11:43.000,15.64297,15.64661,0.00,0.00
2012.05.24 17:11:43.502,15.64279,15.64643,0.00,0.00
2012.05.24 17:11:44.291,15.64298,15.64661,0.00,0.00
2012.05.24 17:11:45.480,15.64282,15.64645,0.00,0.00
2012.05.24 17:11:46.988,15.64266,15.64632,0.00,0.00
2012.05.24 17:11:48.688,15.64243,15.64607,0.00,0.00
2012.05.24 17:11:48.998,15.64181,15.64547,0.00,0.00
2012.05.24 17:11:49.319,15.64204,15.6457,0.00,0.00
2012.05.24 17:11:50.467,15.64033,15.64365,0.00,0.00
2012.05.24 17:11:50.918,15.64178,15.64541,0.00,0.00
2012.05.24 17:11:51.820,15.64288,15.64651,0.00,0.00
2012.05.24 17:11:52.040,15.64264,15.64627,0.00,0.00
2012.05.24 17:11:52.389,15.64264,15.64585,0.00,0.00
2012.05.24 17:11:53.549,15.64284,15.64648,0.00,0.00
2012.05.24 17:11:53.932,15.64324,15.64688,0.00,0.00
2012.05.24 17:11:54.263,15.64288,15.64652,0.00,0.00
2012.05.24 17:11:54.369,15.64288,15.64635,0.00,0.00
2012.05.24 17:11:54.429,15.64198,15.64564,0.00,0.00
2012.05.24 17:11:55.819,15.63986,15.6429,0.00,0.00
2012.05.24 17:11:55.987,15.64006,15.6431,0.00,0.00
2012.05.24 17:11:56.449,15.63952,15.64256,0.00,0.00
2012.05.24 17:11:56.621,15.63963,15.64264,0.00,0.00
2012.05.24 17:11:56.690,15.63936,15.6424,0.00,0.00
2012.05.24 17:11:58.462,15.6412,15.64484,0.00,0.00
2012.05.24 17:11:59.350,15.63973,15.64286,0.00,0.00
2012.05.24 17:11:59.468,15.63957,15.64261,0.00,0.00
2012.05.24 17:11:59.528,15.63953,15.64261,0.00,0.00
2012.05.24 17:12:00.789,15.6394,15.64244,0.00,0.00
2012.05.24 17:12:01.291,15.63953,15.6426,0.00,0.00
2012.05.24 17:12:03.005,15.64003,15.64304,0.00,0.00
2012.05.24 17:12:03.338,15.64385,15.64749,0.00,0.00
2012.05.24 17:12:03.401,15.64135,15.64435,0.00,0.00
2012.05.24 17:12:03.545,15.64313,15.64677,0.00,0.00
2012.05.24 17:12:04.040,15.64205,15.64569,0.00,0.00
2012.05.24 17:12:04.100,15.64272,15.64636,0.00,0.00
2012.05.24 17:12:04.381,15.64272,15.64585,0.00,0.00
2012.05.24 17:12:04.497,15.6419,15.64556,0.00,0.00
2012.05.24 17:12:04.819,15.64066,15.64432,0.00,0.00
2012.05.24 17:12:05.369,15.63943,15.64261,0.00,0.00
2012.05.24 17:12:05.750,15.64126,15.6449,0.00,0.00
2012.05.24 17:12:06.311,15.64126,15.64435,0.00,0.00
2012.05.24 17:12:07.330,15.63974,15.6434,0.00,0.00
2012.05.24 17:12:07.980,15.63973,15.64302,0.00,0.00
2012.05.24 17:12:08.311,15.63953,15.64264,0.00,0.00
2012.05.24 17:12:08.691,15.64126,15.6449,0.00,0.00
2012.05.24 17:12:09.273,15.64126,15.64435,0.00,0.00
2012.05.24 17:12:10.360,15.63983,15.6432,0.00,0.00
2012.05.24 17:12:11.615,15.63983,15.64336,0.00,0.00
2012.05.24 17:12:12.136,15.64093,15.64394,0.00,0.00
2012.05.24 17:12:12.209,15.64093,15.64406,0.00,0.00
2012.05.24 17:12:13.089,15.64148,15.64511,0.00,0.00
2012.05.24 17:12:13.400,15.64134,15.64435,0.00,0.00
2012.05.24 17:12:13.795,15.63993,15.64327,0.00,0.00
2012.05.24 17:12:14.126,15.64138,15.64502,0.00,0.00
2012.05.24 17:12:16.573,15.63963,15.64303,0.00,0.00
2012.05.24 17:12:16.695,15.63957,15.64261,0.00,0.00
2012.05.24 17:12:17.503,15.63963,15.64278,0.00,0.00
2012.05.24 17:12:17.569,15.64129,15.64493,0.00,0.00
2012.05.24 17:12:17.711,15.6396,15.64264,0.00,0.00
2012.05.24 17:12:17.768,15.63953,15.64264,0.00,0.00
2012.05.24 17:12:21.753,15.63953,15.64286,0.00,0.00
2012.05.24 17:12:22.470,15.64023,15.64378,0.00,0.00
2012.05.24 17:12:22.802,15.64063,15.64397,0.00,0.00
2012.05.24 17:12:23.225,15.64322,15.64685,0.00,0.00
2012.05.24 17:12:23.449,15.64302,15.64666,0.00,0.00
2012.05.24 17:12:23.794,15.64302,15.64635,0.00,0.00
2012.05.24 17:12:24.508,15.64203,15.64514,0.00,0.00
2012.05.24 17:12:28.192,15.64223,15.64524,0.00,0.00
2012.05.24 17:12:28.378,15.64223,15.64555,0.00,0.00
2012.05.24 17:12:29.433,15.64263,15.64563,0.00,0.00
2012.05.24 17:12:30.975,15.64233,15.64555,0.00,0.00
2012.05.24 17:12:31.038,15.64393,15.64757,0.00,0.00
2012.05.24 17:12:31.715,15.64233,15.64551,0.00,0.00
2012.05.24 17:12:32.067,15.6406,15.64364,0.00,0.00
2012.05.24 17:12:32.128,15.64073,15.64374,0.00,0.00
2012.05.24 17:12:32.578,15.64073,15.64382,0.00,0.00
2012.05.24 17:12:32.639,15.64003,15.64366,0.00,0.00
2012.05.24 17:12:32.819,15.64073,15.64385,0.00,0.00
2012.05.24 17:12:33.019,15.64191,15.64555,0.00,0.00
2012.05.24 17:12:33.489,15.64124,15.6449,0.00,0.00
2012.05.24 17:12:33.822,15.64017,15.64321,0.00,0.00
2012.05.24 17:12:34.494,15.64003,15.64321,0.00,0.00
2012.05.24 17:12:34.558,15.64139,15.64505,0.00,0.00
2012.05.24 17:12:35.830,15.64003,15.64312,0.00,0.00
2012.05.24 17:12:37.135,15.64053,15.64354,0.00,0.00
2012.05.24 17:12:37.251,15.64053,15.64388,0.00,0.00
2012.05.24 17:12:37.310,15.63993,15.64356,0.00,0.00
2012.05.24 17:12:37.795,15.64073,15.64374,0.00,0.00
2012.05.24 17:12:37.862,15.64073,15.64377,0.00,0.00
2012.05.24 17:12:38.178,15.64053,15.64359,0.00,0.00
2012.05.24 17:12:38.487,15.64016,15.6432,0.00,0.00
2012.05.24 17:12:39.773,15.63993,15.6432,0.00,0.00
2012.05.24 17:12:39.838,15.63993,15.64307,0.00,0.00
2012.05.24 17:12:40.256,15.63993,15.64327,0.00,0.00
2012.05.24 17:12:40.584,15.64162,15.64525,0.00,0.00
2012.05.24 17:12:40.906,15.64113,15.64479,0.00,0.00
2012.05.24 17:12:41.499,15.64155,15.64519,0.00,0.00
2012.05.24 17:12:42.316,15.63993,15.64343,0.00,0.00
2012.05.24 17:12:43.305,15.6416,15.64526,0.00,0.00
2012.05.24 17:12:45.099,15.64043,15.64354,0.00,0.00
2012.05.24 17:12:46.624,15.64073,15.64374,0.00,0.00
2012.05.24 17:12:46.688,15.64066,15.6437,0.00,0.00
2012.05.24 17:12:48.998,15.64049,15.64353,0.00,0.00
2012.05.24 17:12:49.154,15.64023,15.64353,0.00,0.00
2012.05.24 17:12:49.218,15.64166,15.64532,0.00,0.00
2012.05.24 17:12:49.743,15.64104,15.64467,0.00,0.00
2012.05.24 17:12:50.785,15.63641,15.63941,0.00,0.00
2012.05.24 17:12:51.090,15.63623,15.63941,0.00,0.00
2012.05.24 17:12:51.273,15.63619,15.63923,0.00,0.00
2012.05.24 17:12:51.728,15.63738,15.64101,0.00,0.00
2012.05.24 17:12:51.847,15.63716,15.64082,0.00,0.00
2012.05.24 17:12:52.177,15.63687,15.64053,0.00,0.00
2012.05.24 17:12:52.617,15.63685,15.63985,0.00,0.00
2012.05.24 17:12:53.412,15.63667,15.64031,0.00,0.00
2012.05.24 17:12:54.322,15.63687,15.64051,0.00,0.00
2012.05.24 17:12:56.578,15.63752,15.64116,0.00,0.00
2012.05.24 17:12:57.019,15.63734,15.64035,0.00,0.00
2012.05.24 17:12:57.712,15.63623,15.63937,0.00,0.00
2012.05.24 17:12:59.441,15.63745,15.64109,0.00,0.00
2012.05.24 17:13:00.029,15.63735,15.64035,0.00,0.00
2012.05.24 17:13:00.100,15.63623,15.63927,0.00,0.00
2012.05.24 17:13:00.309,15.63613,15.63979,0.00,0.00
2012.05.24 17:13:00.648,15.63643,15.63961,0.00,0.00
2012.05.24 17:13:00.982,15.63573,15.63905,0.00,0.00
2012.05.24 17:13:01.371,15.63573,15.63887,0.00,0.00
2012.05.24 17:13:02.990,15.63724,15.64087,0.00,0.00
2012.05.24 17:13:03.375,15.63741,15.64105,0.00,0.00
2012.05.24 17:13:03.438,15.63678,15.64041,0.00,0.00
2012.05.24 17:13:03.576,15.63547,15.63847,0.00,0.00
2012.05.24 17:13:03.652,15.63354,15.63658,0.00,0.00
2012.05.24 17:13:03.718,15.63293,15.63629,0.00,0.00
2012.05.24 17:13:04.098,15.6336,15.63726,0.00,0.00
2012.05.24 17:13:04.482,15.63524,15.63887,0.00,0.00
2012.05.24 17:13:05.178,15.63548,15.63912,0.00,0.00
2012.05.24 17:13:05.243,15.63383,15.63728,0.00,0.00
2012.05.24 17:13:05.309,15.63383,15.63699,0.00,0.00
2012.05.24 17:13:05.693,15.63528,15.63891,0.00,0.00
2012.05.24 17:13:06.110,15.63548,15.63912,0.00,0.00
2012.05.24 17:13:08.434,15.63225,15.63529,0.00,0.00
2012.05.24 17:13:08.559,15.63163,15.63529,0.00,0.00
2012.05.24 17:13:08.858,15.63004,15.6337,0.00,0.00
2012.05.24 17:13:09.463,15.63163,15.63527,0.00,0.00
2012.05.24 17:13:09.982,15.63135,15.63435,0.00,0.00
2012.05.24 17:13:11.643,15.63063,15.63429,0.00,0.00
2012.05.24 17:13:12.519,15.63047,15.63411,0.00,0.00
2012.05.24 17:13:12.839,15.63259,15.63623,0.00,0.00
2012.05.24 17:13:13.392,15.63263,15.63625,0.00,0.00
2012.05.24 17:13:13.754,15.63459,15.63823,0.00,0.00
2012.05.24 17:13:13.825,15.63301,15.63667,0.00,0.00
2012.05.24 17:13:13.912,15.63263,15.63624,0.00,0.00
2012.05.24 17:13:14.395,15.63385,15.63685,0.00,0.00
2012.05.24 17:13:14.520,15.63107,15.63473,0.00,0.00
2012.05.24 17:13:14.712,15.63259,15.63622,0.00,0.00
2012.05.24 17:13:15.094,15.63074,15.6344,0.00,0.00
2012.05.24 17:13:15.922,15.63135,15.63435,0.00,0.00
2012.05.24 17:13:17.035,15.63179,15.63543,0.00,0.00
2012.05.24 17:13:17.359,15.63017,15.63383,0.00,0.00
2012.05.24 17:13:17.425,15.63199,15.63562,0.00,0.00
2012.05.24 17:13:17.572,15.63159,15.63523,0.00,0.00
2012.05.24 17:13:19.310,15.63119,15.63483,0.00,0.00
2012.05.24 17:13:19.427,15.63059,15.63425,0.00,0.00
2012.05.24 17:13:20.482,15.62915,15.63281,0.00,0.00
2012.05.24 17:13:20.932,15.62759,15.63125,0.00,0.00
2012.05.24 17:13:21.370,15.62379,15.62745,0.00,0.00
2012.05.24 17:13:21.896,15.62459,15.62823,0.00,0.00
2012.05.24 17:13:24.394,15.62435,15.62735,0.00,0.00
2012.05.24 17:13:25.325,15.62499,15.62863,0.00,0.00
2012.05.24 17:13:25.450,15.62459,15.62823,0.00,0.00
2012.05.24 17:13:25.580,15.62519,15.62883,0.00,0.00
2012.05.24 17:13:26.202,15.6257,15.62934,0.00,0.00
2012.05.24 17:13:26.564,15.62482,15.62846,0.00,0.00
2012.05.24 17:13:26.631,15.62482,15.62848,0.00,0.00
2012.05.24 17:13:26.688,15.62383,15.62726,0.00,0.00
2012.05.24 17:13:27.065,15.62487,15.6285,0.00,0.00
2012.05.24 17:13:27.472,15.62435,15.62735,0.00,0.00
2012.05.24 17:13:28.000,15.62379,15.62743,0.00,0.00
2012.05.24 17:13:29.300,15.62368,15.62734,0.00,0.00
2012.05.24 17:13:31.931,15.62352,15.62718,0.00,0.00
2012.05.24 17:13:32.442,15.62331,15.62685,0.00,0.00
2012.05.24 17:13:33.882,15.62356,15.62719,0.00,0.00
2012.05.24 17:13:34.651,15.62314,15.6268,0.00,0.00
2012.05.24 17:13:34.972,15.62463,15.62826,0.00,0.00
2012.05.24 17:13:35.082,15.62435,15.62735,0.00,0.00
2012.05.24 17:13:35.360,15.62358,15.62724,0.00,0.00
2012.05.24 17:13:35.518,15.6234,15.62706,0.00,0.00
2012.05.24 17:13:36.442,15.62357,15.62721,0.00,0.00
2012.05.24 17:13:40.609,15.62443,15.62807,0.00,0.00
2012.05.24 17:13:40.801,15.62362,15.62728,0.00,0.00
2012.05.24 17:13:41.081,15.62483,15.62847,0.00,0.00
2012.05.24 17:13:41.405,15.62583,15.62947,0.00,0.00
2012.05.24 17:13:41.750,15.62697,15.62997,0.00,0.00
2012.05.24 17:13:41.844,15.62571,15.62935,0.00,0.00
2012.05.24 17:13:42.064,15.62538,15.62902,0.00,0.00
2012.05.24 17:13:42.128,15.62538,15.62904,0.00,0.00
2012.05.24 17:13:42.390,15.62554,15.6292,0.00,0.00
2012.05.24 17:13:44.240,15.62534,15.629,0.00,0.00
2012.05.24 17:13:45.244,15.62683,15.63047,0.00,0.00
2012.05.24 17:13:46.081,15.62683,15.62985,0.00,0.00
2012.05.24 17:13:46.941,15.62663,15.63027,0.00,0.00
2012.05.24 17:13:47.011,15.62683,15.63047,0.00,0.00
2012.05.24 17:13:47.409,15.62763,15.63127,0.00,0.00
2012.05.24 17:13:48.014,15.62783,15.63137,0.00,0.00
2012.05.24 17:13:48.080,15.62735,15.63035,0.00,0.00
2012.05.24 17:13:48.307,15.62803,15.63166,0.00,0.00
2012.05.24 17:13:48.511,15.62783,15.63146,0.00,0.00
2012.05.24 17:13:48.632,15.62743,15.63107,0.00,0.00
2012.05.24 17:13:48.814,15.62763,15.63126,0.00,0.00
2012.05.24 17:13:49.730,15.62649,15.63015,0.00,0.00
2012.05.24 17:13:50.689,15.62633,15.62999,0.00,0.00
2012.05.24 17:13:51.088,15.62654,15.6302,0.00,0.00
2012.05.24 17:13:51.462,15.62704,15.6307,0.00,0.00
2012.05.24 17:13:53.278,15.62763,15.63127,0.00,0.00
2012.05.24 17:13:54.036,15.62495,15.62861,0.00,0.00
2012.05.24 17:13:55.169,15.62497,15.62863,0.00,0.00
2012.05.24 17:13:55.520,15.62359,15.62725,0.00,0.00
2012.05.24 17:13:56.672,15.62455,15.62819,0.00,0.00
2012.05.24 17:13:57.009,15.62542,15.62906,0.00,0.00
2012.05.24 17:13:57.140,15.62542,15.62908,0.00,0.00
2012.05.24 17:13:57.259,15.62659,15.63022,0.00,0.00
2012.05.24 17:13:57.629,15.62512,15.62878,0.00,0.00
2012.05.24 17:13:57.932,15.6251,15.62847,0.00,0.00
2012.05.24 17:13:58.476,15.62434,15.62735,0.00,0.00
2012.05.24 17:14:00.517,15.62535,15.62898,0.00,0.00
2012.05.24 17:14:00.809,15.62475,15.62839,0.00,0.00
2012.05.24 17:14:00.957,15.62495,15.62858,0.00,0.00
2012.05.24 17:14:04.484,15.62475,15.62838,0.00,0.00
2012.05.24 17:14:05.853,15.62495,15.62858,0.00,0.00
2012.05.24 17:14:06.342,15.62515,15.62878,0.00,0.00
2012.05.24 17:14:06.730,15.62595,15.62917,0.00,0.00
2012.05.24 17:14:06.789,15.62575,15.62939,0.00,0.00
2012.05.24 17:14:07.150,15.62535,15.62835,0.00,0.00
2012.05.24 17:14:07.685,15.62551,15.62915,0.00,0.00
2012.05.24 17:14:08.054,15.62527,15.62827,0.00,0.00
2012.05.24 17:14:08.119,15.6232,15.62686,0.00,0.00
2012.05.24 17:14:08.335,15.62302,15.62668,0.00,0.00
2012.05.24 17:14:09.462,15.62117,15.62421,0.00,0.00
2012.05.24 17:14:09.528,15.62029,15.62395,0.00,0.00
2012.05.24 17:14:09.785,15.62092,15.62458,0.00,0.00
2012.05.24 17:14:10.119,15.62034,15.624,0.00,0.00
2012.05.24 17:14:10.912,15.62053,15.62419,0.00,0.00
2012.05.24 17:14:11.237,15.62072,15.62438,0.00,0.00
2012.05.24 17:14:12.669,15.62027,15.62331,0.00,0.00
2012.05.24 17:14:12.733,15.61843,15.62209,0.00,0.00
2012.05.24 17:14:12.799,15.61764,15.62182,0.00,0.00
2012.05.24 17:14:13.271,15.61795,15.62166,0.00,0.00
2012.05.24 17:14:13.783,15.61851,15.62215,0.00,0.00
2012.05.24 17:14:14.103,15.61817,15.62185,0.00,0.00
2012.05.24 17:14:14.430,15.61714,15.62085,0.00,0.00
2012.05.24 17:14:14.871,15.61811,15.62147,0.00,0.00
2012.05.24 17:14:15.203,15.61771,15.62137,0.00,0.00
2012.05.24 17:14:15.673,15.61699,15.62065,0.00,0.00
2012.05.24 17:14:15.751,15.61751,15.62115,0.00,0.00
2012.05.24 17:14:16.687,15.61651,15.62022,0.00,0.00
2012.05.24 17:14:16.748,15.61647,15.62018,0.00,0.00
2012.05.24 17:14:17.359,15.61753,15.62117,0.00,0.00
2012.05.24 17:14:17.843,15.61912,15.62247,0.00,0.00
2012.05.24 17:14:18.141,15.61834,15.6214,0.00,0.00
2012.05.24 17:14:18.322,15.61912,15.62276,0.00,0.00
2012.05.24 17:14:18.912,15.61817,15.62183,0.00,0.00
2012.05.24 17:14:19.401,15.61772,15.62143,0.00,0.00
2012.05.24 17:14:19.738,15.61752,15.62123,0.00,0.00
2012.05.24 17:14:20.119,15.61734,15.6204,0.00,0.00
2012.05.24 17:14:20.178,15.61617,15.61988,0.00,0.00
2012.05.24 17:14:20.238,15.61665,15.62031,0.00,0.00
2012.05.24 17:14:20.558,15.61732,15.62098,0.00,0.00
2012.05.24 17:14:21.052,15.61892,15.62255,0.00,0.00
2012.05.24 17:14:21.220,15.61834,15.6214,0.00,0.00
2012.05.24 17:14:21.278,15.61832,15.62198,0.00,0.00
2012.05.24 17:14:21.490,15.61889,15.62253,0.00,0.00
2012.05.24 17:14:21.862,15.6187,15.62234,0.00,0.00
2012.05.24 17:14:22.029,15.61735,15.62106,0.00,0.00
2012.05.24 17:14:22.792,15.61788,15.62151,0.00,0.00
2012.05.24 17:14:23.255,15.61932,15.62298,0.00,0.00
2012.05.24 17:14:23.651,15.61872,15.62235,0.00,0.00
2012.05.24 17:14:24.031,15.61808,15.62174,0.00,0.00
2012.05.24 17:14:24.420,15.61912,15.62275,0.00,0.00
2012.05.24 17:14:24.479,15.61833,15.62197,0.00,0.00
2012.05.24 17:14:24.751,15.61849,15.62213,0.00,0.00
2012.05.24 17:14:25.131,15.61909,15.62273,0.00,0.00
2012.05.24 17:14:25.358,15.61743,15.62107,0.00,0.00
2012.05.24 17:14:25.618,15.61775,15.62141,0.00,0.00
2012.05.24 17:14:26.881,15.61793,15.62157,0.00,0.00
2012.05.24 17:14:27.268,15.61782,15.62148,0.00,0.00
2012.05.24 17:14:27.881,15.61864,15.6223,0.00,0.00
2012.05.24 17:14:28.286,15.61949,15.62313,0.00,0.00
2012.05.24 17:14:28.351,15.61945,15.62309,0.00,0.00
2012.05.24 17:14:28.589,15.61965,15.62328,0.00,0.00
2012.05.24 17:14:28.964,15.62058,15.62421,0.00,0.00
2012.05.24 17:14:29.203,15.62052,15.62415,0.00,0.00
2012.05.24 17:14:29.270,15.62034,15.62335,0.00,0.00
2012.05.24 17:14:29.601,15.62145,15.62509,0.00,0.00
2012.05.24 17:14:30.059,15.61973,15.62328,0.00,0.00
2012.05.24 17:14:30.389,15.62078,15.62441,0.00,0.00
2012.05.24 17:14:30.780,15.62145,15.62509,0.00,0.00
2012.05.24 17:14:31.048,15.62084,15.62447,0.00,0.00
2012.05.24 17:14:31.478,15.61983,15.62349,0.00,0.00
2012.05.24 17:14:32.108,15.62007,15.62373,0.00,0.00
2012.05.24 17:14:33.938,15.62016,15.62382,0.00,0.00
2012.05.24 17:14:34.261,15.62036,15.62402,0.00,0.00
2012.05.24 17:14:34.800,15.62087,15.62453,0.00,0.00
2012.05.24 17:14:35.461,15.62234,15.62535,0.00,0.00
2012.05.24 17:14:36.550,15.62077,15.62443,0.00,0.00
2012.05.24 17:14:36.670,15.62268,15.62632,0.00,0.00
2012.05.24 17:14:38.480,15.62252,15.62616,0.00,0.00
2012.05.24 17:14:39.484,15.62101,15.62467,0.00,0.00
2012.05.24 17:14:39.549,15.62085,15.62385,0.00,0.00
2012.05.24 17:14:39.895,15.61993,15.6231,0.00,0.00
2012.05.24 17:14:41.105,15.62064,15.6243,0.00,0.00
2012.05.24 17:14:41.979,15.62141,15.62505,0.00,0.00
2012.05.24 17:14:42.680,15.61993,15.62342,0.00,0.00
2012.05.24 17:14:43.237,15.62013,15.62361,0.00,0.00
2012.05.24 17:14:44.205,15.6209,15.62456,0.00,0.00
2012.05.24 17:14:46.305,15.62013,15.6236,0.00,0.00
2012.05.24 17:14:50.292,15.62013,15.62376,0.00,0.00
2012.05.24 17:14:50.618,15.62135,15.62501,0.00,0.00
2012.05.24 17:14:50.993,15.62222,15.62585,0.00,0.00
2012.05.24 17:14:51.309,15.6228,15.62644,0.00,0.00
2012.05.24 17:14:51.501,15.6226,15.62624,0.00,0.00
2012.05.24 17:14:51.557,15.6226,15.62626,0.00,0.00
2012.05.24 17:14:52.153,15.62288,15.62651,0.00,0.00
2012.05.24 17:14:52.510,15.62143,15.62488,0.00,0.00
2012.05.24 17:14:54.401,15.62212,15.62578,0.00,0.00
2012.05.24 17:14:54.953,15.62293,15.62593,0.00,0.00
2012.05.24 17:14:55.019,15.62286,15.62587,0.00,0.00
2012.05.24 17:14:55.079,15.62243,15.62587,0.00,0.00
2012.05.24 17:14:55.353,15.62243,15.62589,0.00,0.00
2012.05.24 17:14:56.226,15.62337,15.62703,0.00,0.00
2012.05.24 17:14:57.460,15.62335,15.62635,0.00,0.00
2012.05.24 17:15:00.028,15.62271,15.62635,0.00,0.00
2012.05.24 17:15:00.828,15.62263,15.62629,0.00,0.00
2012.05.24 17:15:01.134,15.62337,15.62701,0.00,0.00
2012.05.24 17:15:01.461,15.62386,15.62749,0.00,0.00
2012.05.24 17:15:01.681,15.62202,15.62568,0.00,0.00
2012.05.24 17:15:01.800,15.62397,15.62761,0.00,0.00
2012.05.24 17:15:02.019,15.62266,15.62632,0.00,0.00
2012.05.24 17:15:02.231,15.62253,15.626,0.00,0.00
2012.05.24 17:15:02.830,15.62253,15.62616,0.00,0.00
2012.05.24 17:15:03.189,15.6239,15.62753,0.00,0.00
2012.05.24 17:15:03.524,15.62421,15.62785,0.00,0.00
2012.05.24 17:15:03.825,15.62656,15.6302,0.00,0.00
2012.05.24 17:15:04.560,15.62673,15.63022,0.00,0.00
2012.05.24 17:15:05.282,15.62777,15.63141,0.00,0.00
2012.05.24 17:15:06.161,15.62797,15.63161,0.00,0.00
2012.05.24 17:15:06.441,15.62777,15.63141,0.00,0.00
2012.05.24 17:15:06.600,15.62797,15.63161,0.00,0.00
2012.05.24 17:15:06.969,15.62836,15.632,0.00,0.00
2012.05.24 17:15:07.310,15.62691,15.63057,0.00,0.00
2012.05.24 17:15:07.420,15.62837,15.63201,0.00,0.00
2012.05.24 17:15:07.537,15.62673,15.63012,0.00,0.00
2012.05.24 17:15:07.768,15.62703,15.63028,0.00,0.00
2012.05.24 17:15:08.263,15.62846,15.6321,0.00,0.00
2012.05.24 17:15:08.328,15.62733,15.63072,0.00,0.00
2012.05.24 17:15:08.629,15.62733,15.63089,0.00,0.00
2012.05.24 17:15:08.987,15.62747,15.63113,0.00,0.00
2012.05.24 17:15:09.309,15.62753,15.63101,0.00,0.00
2012.05.24 17:15:09.621,15.6288,15.63184,0.00,0.00
2012.05.24 17:15:10.773,15.62883,15.63206,0.00,0.00
2012.05.24 17:15:12.379,15.62886,15.6319,0.00,0.00
2012.05.24 17:15:13.062,15.62903,15.63262,0.00,0.00
2012.05.24 17:15:13.324,15.62973,15.63274,0.00,0.00
2012.05.24 17:15:13.658,15.63043,15.63344,0.00,0.00
2012.05.24 17:15:13.762,15.63052,15.63418,0.00,0.00
2012.05.24 17:15:13.877,15.63153,15.63453,0.00,0.00
2012.05.24 17:15:14.315,15.63293,15.63593,0.00,0.00
2012.05.24 17:15:14.588,15.63343,15.63675,0.00,0.00
2012.05.24 17:15:14.652,15.63433,15.63733,0.00,0.00
2012.05.24 17:15:14.720,15.6339,15.63691,0.00,0.00
2012.05.24 17:15:14.919,15.63415,15.63717,0.00,0.00
2012.05.24 17:15:15.477,15.63343,15.63685,0.00,0.00
2012.05.24 17:15:15.658,15.63324,15.6369,0.00,0.00
2012.05.24 17:15:16.329,15.63375,15.63741,0.00,0.00
2012.05.24 17:15:17.202,15.63394,15.63757,0.00,0.00
2012.05.24 17:15:17.870,15.63259,15.63563,0.00,0.00
2012.05.24 17:15:18.495,15.63293,15.63593,0.00,0.00
2012.05.24 17:15:19.302,15.63243,15.63547,0.00,0.00
2012.05.24 17:15:19.791,15.63223,15.63527,0.00,0.00
2012.05.24 17:15:19.923,15.63263,15.63563,0.00,0.00
2012.05.24 17:15:19.988,15.6336,15.63726,0.00,0.00
2012.05.24 17:15:20.503,15.63219,15.63523,0.00,0.00
2012.05.24 17:15:20.907,15.63283,15.63613,0.00,0.00
2012.05.24 17:15:20.970,15.63323,15.63623,0.00,0.00
2012.05.24 17:15:21.161,15.63354,15.6372,0.00,0.00
2012.05.24 17:15:21.232,15.63455,15.63819,0.00,0.00
2012.05.24 17:15:21.564,15.63593,15.63893,0.00,0.00
2012.05.24 17:15:22.088,15.63562,15.63866,0.00,0.00
2012.05.24 17:15:22.444,15.63643,15.63944,0.00,0.00
2012.05.24 17:15:22.508,15.636,15.63904,0.00,0.00
2012.05.24 17:15:22.989,15.63603,15.63903,0.00,0.00
2012.05.24 17:15:23.048,15.63575,15.63879,0.00,0.00
2012.05.24 17:15:23.153,15.63583,15.63883,0.00,0.00
2012.05.24 17:15:23.219,15.63556,15.6386,0.00,0.00
2012.05.24 17:15:23.591,15.63553,15.63853,0.00,0.00
2012.05.24 17:15:23.649,15.63534,15.63838,0.00,0.00
2012.05.24 17:15:24.033,15.63583,15.63884,0.00,0.00
2012.05.24 17:15:24.120,15.63587,15.63953,0.00,0.00
2012.05.24 17:15:24.178,15.63654,15.64017,0.00,0.00
2012.05.24 17:15:24.999,15.63583,15.63924,0.00,0.00
2012.05.24 17:15:25.327,15.63613,15.63979,0.00,0.00
2012.05.24 17:15:25.871,15.63483,15.63846,0.00,0.00
2012.05.24 17:15:26.089,15.63558,15.63862,0.00,0.00
2012.05.24 17:15:26.287,15.63573,15.63883,0.00,0.00
2012.05.24 17:15:26.408,15.63529,15.63833,0.00,0.00
2012.05.24 17:15:26.795,15.63545,15.63849,0.00,0.00
2012.05.24 17:15:26.891,15.63583,15.63883,0.00,0.00
2012.05.24 17:15:26.960,15.63583,15.63893,0.00,0.00
2012.05.24 17:15:27.350,15.63623,15.63923,0.00,0.00
2012.05.24 17:15:27.513,15.63611,15.63915,0.00,0.00
2012.05.24 17:15:27.681,15.63603,15.63915,0.00,0.00
2012.05.24 17:15:27.851,15.63675,15.64039,0.00,0.00
2012.05.24 17:15:28.393,15.63671,15.64035,0.00,0.00
2012.05.24 17:15:28.728,15.63573,15.63904,0.00,0.00
2012.05.24 17:15:29.062,15.63589,15.63955,0.00,0.00
2012.05.24 17:15:29.365,15.63609,15.63975,0.00,0.00
2012.05.24 17:15:31.074,15.63593,15.63957,0.00,0.00
2012.05.24 17:15:31.681,15.63614,15.63977,0.00,0.00
2012.05.24 17:15:32.064,15.63679,15.64043,0.00,0.00
2012.05.24 17:15:32.219,15.63679,15.64035,0.00,0.00
2012.05.24 17:15:33.052,15.63696,15.64059,0.00,0.00
2012.05.24 17:15:33.513,15.63583,15.63884,0.00,0.00
2012.05.24 17:15:33.783,15.63614,15.6398,0.00,0.00
2012.05.24 17:15:34.598,15.63632,15.63998,0.00,0.00
2012.05.24 17:15:35.219,15.6365,15.63985,0.00,0.00
2012.05.24 17:15:35.852,15.63583,15.63889,0.00,0.00
2012.05.24 17:15:36.163,15.63583,15.63913,0.00,0.00
2012.05.24 17:15:36.492,15.63545,15.63849,0.00,0.00
2012.05.24 17:15:36.813,15.63553,15.63868,0.00,0.00
2012.05.24 17:15:36.929,15.63649,15.64015,0.00,0.00
2012.05.24 17:15:37.362,15.63619,15.63985,0.00,0.00
2012.05.24 17:15:37.920,15.63637,15.64001,0.00,0.00
2012.05.24 17:15:38.301,15.63607,15.63971,0.00,0.00
2012.05.24 17:15:38.791,15.63696,15.6406,0.00,0.00
2012.05.24 17:15:39.159,15.63889,15.64253,0.00,0.00
2012.05.24 17:15:39.219,15.63872,15.64236,0.00,0.00
2012.05.24 17:15:39.358,15.63943,15.64306,0.00,0.00
2012.05.24 17:15:39.881,15.63987,15.6435,0.00,0.00
2012.05.24 17:15:40.139,15.63985,15.64285,0.00,0.00
2012.05.24 17:15:40.319,15.63801,15.64105,0.00,0.00
2012.05.24 17:15:41.390,15.63743,15.64105,0.00,0.00
2012.05.24 17:15:41.448,15.63743,15.64085,0.00,0.00
2012.05.24 17:15:42.280,15.63653,15.63954,0.00,0.00
2012.05.24 17:15:43.671,15.63797,15.64161,0.00,0.00
2012.05.24 17:15:43.788,15.63664,15.63968,0.00,0.00
2012.05.24 17:15:46.712,15.63643,15.63968,0.00,0.00
2012.05.24 17:15:46.838,15.63613,15.63949,0.00,0.00
2012.05.24 17:15:47.180,15.63746,15.64112,0.00,0.00
2012.05.24 17:15:47.670,15.63613,15.63927,0.00,0.00
2012.05.24 17:15:48.155,15.63756,15.64122,0.00,0.00
2012.05.24 17:15:48.535,15.63778,15.64141,0.00,0.00
2012.05.24 17:15:48.959,15.63794,15.64157,0.00,0.00
2012.05.24 17:15:49.279,15.63778,15.64141,0.00,0.00
2012.05.24 17:15:49.929,15.63761,15.64127,0.00,0.00
2012.05.24 17:15:50.519,15.63739,15.64103,0.00,0.00
2012.05.24 17:15:53.329,15.63775,15.64138,0.00,0.00
2012.05.24 17:15:53.649,15.63791,15.64155,0.00,0.00
2012.05.24 17:15:54.675,15.63791,15.64135,0.00,0.00
2012.05.24 17:15:54.742,15.63683,15.64003,0.00,0.00
2012.05.24 17:15:55.241,15.63683,15.63987,0.00,0.00
2012.05.24 17:15:56.480,15.63653,15.63987,0.00,0.00
2012.05.24 17:15:56.544,15.63693,15.64059,0.00,0.00
2012.05.24 17:15:56.908,15.63635,15.63935,0.00,0.00
2012.05.24 17:15:56.973,15.63513,15.63839,0.00,0.00
2012.05.24 17:15:57.422,15.63513,15.63856,0.00,0.00
2012.05.24 17:15:58.349,15.63513,15.63817,0.00,0.00
2012.05.24 17:15:58.439,15.63513,15.63817,0.00,0.00
2012.05.24 17:15:59.122,15.63549,15.63915,0.00,0.00
2012.05.24 17:16:02.736,15.63636,15.64,0.00,0.00
2012.05.24 17:16:02.859,15.63493,15.63799,0.00,0.00
2012.05.24 17:16:02.974,15.63405,15.63709,0.00,0.00
2012.05.24 17:16:03.039,15.63373,15.63709,0.00,0.00
2012.05.24 17:16:03.098,15.63373,15.63687,0.00,0.00
2012.05.24 17:16:03.729,15.63373,15.63708,0.00,0.00
2012.05.24 17:16:04.120,15.63388,15.63754,0.00,0.00
2012.05.24 17:16:04.490,15.63409,15.63775,0.00,0.00
2012.05.24 17:16:04.850,15.63566,15.6393,0.00,0.00
2012.05.24 17:16:05.418,15.63549,15.63913,0.00,0.00
2012.05.24 17:16:05.859,15.63532,15.63898,0.00,0.00
2012.05.24 17:16:06.130,15.63449,15.63815,0.00,0.00
2012.05.24 17:16:06.589,15.63263,15.63601,0.00,0.00
2012.05.24 17:16:08.003,15.63263,15.63619,0.00,0.00
2012.05.24 17:16:10.129,15.63276,15.63642,0.00,0.00
2012.05.24 17:16:11.703,15.63263,15.63625,0.00,0.00
2012.05.24 17:16:12.070,15.63449,15.63813,0.00,0.00
2012.05.24 17:16:12.802,15.63272,15.63638,0.00,0.00
2012.05.24 17:16:13.118,15.63373,15.63726,0.00,0.00
2012.05.24 17:16:13.453,15.63433,15.63797,0.00,0.00
2012.05.24 17:16:13.888,15.63455,15.63821,0.00,0.00
2012.05.24 17:16:14.228,15.63443,15.63802,0.00,0.00
2012.05.24 17:16:14.633,15.63393,15.63759,0.00,0.00
2012.05.24 17:16:14.990,15.63433,15.63785,0.00,0.00
2012.05.24 17:16:15.344,15.6346,15.63826,0.00,0.00
2012.05.24 17:16:15.712,15.63465,15.63831,0.00,0.00
2012.05.24 17:16:16.572,15.63453,15.63809,0.00,0.00
2012.05.24 17:16:16.910,15.63362,15.63728,0.00,0.00
2012.05.24 17:16:17.250,15.63587,15.63951,0.00,0.00
2012.05.24 17:16:17.588,15.63513,15.63828,0.00,0.00
2012.05.24 17:16:18.300,15.63478,15.63844,0.00,0.00
2012.05.24 17:16:18.819,15.63462,15.63828,0.00,0.00
2012.05.24 17:16:19.183,15.6339,15.63756,0.00,0.00
2012.05.24 17:16:19.605,15.63373,15.63739,0.00,0.00
2012.05.24 17:16:21.800,15.63481,15.63847,0.00,0.00
2012.05.24 17:16:24.155,15.63817,15.6418,0.00,0.00
2012.05.24 17:16:24.220,15.63861,15.64207,0.00,0.00
2012.05.24 17:16:24.542,15.63817,15.64122,0.00,0.00
2012.05.24 17:16:24.624,15.63838,15.64202,0.00,0.00
2012.05.24 17:16:24.823,15.6375,15.64117,0.00,0.00
2012.05.24 17:16:25.022,15.63734,15.6404,0.00,0.00
2012.05.24 17:16:26.473,15.63771,15.64134,0.00,0.00
2012.05.24 17:16:26.823,15.63795,15.64159,0.00,0.00
2012.05.24 17:16:27.011,15.63861,15.64185,0.00,0.00
2012.05.24 17:16:27.068,15.63711,15.64082,0.00,0.00
2012.05.24 17:16:27.380,15.63803,15.64158,0.00,0.00
2012.05.24 17:16:27.765,15.6381,15.64176,0.00,0.00
2012.05.24 17:16:28.151,15.63826,15.64192,0.00,0.00
2012.05.24 17:16:28.525,15.63842,15.64208,0.00,0.00
2012.05.24 17:16:29.369,15.63759,15.64125,0.00,0.00
2012.05.24 17:16:30.048,15.63762,15.64128,0.00,0.00
2012.05.24 17:16:31.230,15.63778,15.64144,0.00,0.00
2012.05.24 17:16:33.335,15.63762,15.64128,0.00,0.00
2012.05.24 17:16:34.101,15.63734,15.64035,0.00,0.00
2012.05.24 17:16:34.361,15.6375,15.64114,0.00,0.00
2012.05.24 17:16:34.550,15.6373,15.64093,0.00,0.00
2012.05.24 17:16:34.609,15.6377,15.64134,0.00,0.00
2012.05.24 17:16:34.950,15.63881,15.64227,0.00,0.00
2012.05.24 17:16:35.081,15.6385,15.64214,0.00,0.00
2012.05.24 17:16:35.138,15.63834,15.64135,0.00,0.00
2012.05.24 17:16:35.401,15.6383,15.64193,0.00,0.00
2012.05.24 17:16:35.862,15.63922,15.64285,0.00,0.00
2012.05.24 17:16:36.020,15.63884,15.64185,0.00,0.00
2012.05.24 17:16:36.568,15.63723,15.64086,0.00,0.00
2012.05.24 17:16:36.629,15.63902,15.64237,0.00,0.00
2012.05.24 17:16:36.734,15.63844,15.64207,0.00,0.00
2012.05.24 17:16:36.800,15.63671,15.64037,0.00,0.00
2012.05.24 17:16:37.108,15.63616,15.63982,0.00,0.00
2012.05.24 17:16:37.649,15.63647,15.64013,0.00,0.00
2012.05.24 17:16:38.109,15.63682,15.64048,0.00,0.00
2012.05.24 17:16:38.639,15.63704,15.6407,0.00,0.00
2012.05.24 17:16:39.174,15.6389,15.64253,0.00,0.00
2012.05.24 17:16:39.550,15.6387,15.64235,0.00,0.00
2012.05.24 17:16:39.696,15.6385,15.64216,0.00,0.00
2012.05.24 17:16:40.359,15.6387,15.64233,0.00,0.00
2012.05.24 17:16:41.377,15.6389,15.64253,0.00,0.00
2012.05.24 17:16:42.435,15.63908,15.64271,0.00,0.00
2012.05.24 17:16:43.149,15.63795,15.64159,0.00,0.00
2012.05.24 17:16:47.059,15.63233,15.63601,0.00,0.00
2012.05.24 17:16:47.370,15.63334,15.63635,0.00,0.00
2012.05.24 17:16:47.460,15.63259,15.63625,0.00,0.00
2012.05.24 17:16:47.845,15.63261,15.63627,0.00,0.00
2012.05.24 17:16:48.179,15.63242,15.63608,0.00,0.00
2012.05.24 17:16:48.592,15.63026,15.63392,0.00,0.00
2012.05.24 17:16:48.962,15.62903,15.63269,0.00,0.00
2012.05.24 17:16:49.361,15.62944,15.6331,0.00,0.00
2012.05.24 17:16:49.829,15.62928,15.63294,0.00,0.00
2012.05.24 17:16:53.481,15.62944,15.6331,0.00,0.00
2012.05.24 17:16:54.042,15.63035,15.63399,0.00,0.00
2012.05.24 17:16:54.373,15.63057,15.63421,0.00,0.00
2012.05.24 17:16:54.560,15.63129,15.63493,0.00,0.00
2012.05.24 17:16:54.813,15.63157,15.63521,0.00,0.00
2012.05.24 17:16:55.402,15.63266,15.63629,0.00,0.00
2012.05.24 17:16:55.518,15.63234,15.63535,0.00,0.00
2012.05.24 17:16:58.511,15.63306,15.63669,0.00,0.00
2012.05.24 17:17:00.353,15.63286,15.63649,0.00,0.00
2012.05.24 17:17:01.162,15.63181,15.63545,0.00,0.00
2012.05.24 17:17:02.160,15.63286,15.63649,0.00,0.00
2012.05.24 17:17:02.726,15.63306,15.63669,0.00,0.00
2012.05.24 17:17:05.381,15.6317,15.63535,0.00,0.00
2012.05.24 17:17:05.444,15.63192,15.63555,0.00,0.00
2012.05.24 17:17:05.972,15.63263,15.63564,0.00,0.00
2012.05.24 17:17:06.064,15.63297,15.63661,0.00,0.00
2012.05.24 17:17:08.400,15.63321,15.63687,0.00,0.00
2012.05.24 17:17:08.850,15.63267,15.63633,0.00,0.00
2012.05.24 17:17:09.609,15.63332,15.63695,0.00,0.00
2012.05.24 17:17:10.972,15.63292,15.63658,0.00,0.00
2012.05.24 17:17:11.589,15.63334,15.637,0.00,0.00
2012.05.24 17:17:13.179,15.63351,15.63717,0.00,0.00
2012.05.24 17:17:13.620,15.63335,15.63701,0.00,0.00
2012.05.24 17:17:13.941,15.63374,15.6374,0.00,0.00
2012.05.24 17:17:14.300,15.63274,15.6364,0.00,0.00
2012.05.24 17:17:14.991,15.63294,15.6366,0.00,0.00
2012.05.24 17:17:15.950,15.63278,15.63644,0.00,0.00
2012.05.24 17:17:16.300,15.63246,15.63612,0.00,0.00
2012.05.24 17:17:16.799,15.63203,15.63569,0.00,0.00
2012.05.24 17:17:17.137,15.63226,15.6359,0.00,0.00
2012.05.24 17:17:17.512,15.63146,15.63467,0.00,0.00
2012.05.24 17:17:17.942,15.62954,15.6332,0.00,0.00
2012.05.24 17:17:18.743,15.62976,15.63342,0.00,0.00
2012.05.24 17:17:19.909,15.63146,15.63509,0.00,0.00
2012.05.24 17:17:20.730,15.63166,15.6353,0.00,0.00
2012.05.24 17:17:21.009,15.63134,15.63435,0.00,0.00
2012.05.24 17:17:21.070,15.63206,15.6357,0.00,0.00
2012.05.24 17:17:21.612,15.63226,15.63589,0.00,0.00
2012.05.24 17:17:21.678,15.6303,15.63396,0.00,0.00
2012.05.24 17:17:21.810,15.63013,15.6336,0.00,0.00
2012.05.24 17:17:22.251,15.62983,15.63336,0.00,0.00
2012.05.24 17:17:22.603,15.62877,15.63243,0.00,0.00
2012.05.24 17:17:22.910,15.62886,15.63252,0.00,0.00
2012.05.24 17:17:23.229,15.6291,15.63276,0.00,0.00
2012.05.24 17:17:24.189,15.62932,15.63298,0.00,0.00
2012.05.24 17:17:24.588,15.63027,15.63391,0.00,0.00
2012.05.24 17:17:27.173,15.63044,15.6341,0.00,0.00
2012.05.24 17:17:27.923,15.63023,15.63389,0.00,0.00
2012.05.24 17:17:28.407,15.63093,15.63457,0.00,0.00
2012.05.24 17:17:28.740,15.63286,15.6365,0.00,0.00
2012.05.24 17:17:28.928,15.63189,15.63555,0.00,0.00
2012.05.24 17:17:29.015,15.63123,15.63472,0.00,0.00
2012.05.24 17:17:30.004,15.63129,15.63495,0.00,0.00
2012.05.24 17:17:30.340,15.63153,15.63519,0.00,0.00
2012.05.24 17:17:30.950,15.63152,15.63518,0.00,0.00
2012.05.24 17:17:31.380,15.63168,15.63534,0.00,0.00
2012.05.24 17:17:31.760,15.63163,15.63518,0.00,0.00
2012.05.24 17:17:32.080,15.63246,15.63609,0.00,0.00
2012.05.24 17:17:33.109,15.63266,15.63629,0.00,0.00
2012.05.24 17:17:33.438,15.63183,15.63529,0.00,0.00
2012.05.24 17:17:33.875,15.63203,15.63568,0.00,0.00
2012.05.24 17:17:34.253,15.63203,15.63547,0.00,0.00
2012.05.24 17:17:34.758,15.63112,15.63478,0.00,0.00
2012.05.24 17:17:35.069,15.63089,15.63455,0.00,0.00
2012.05.24 17:17:35.830,15.63166,15.63532,0.00,0.00
2012.05.24 17:17:36.489,15.62999,15.63365,0.00,0.00
2012.05.24 17:17:36.820,15.63041,15.63407,0.00,0.00
2012.05.24 17:17:37.369,15.63045,15.63411,0.00,0.00
2012.05.24 17:17:37.779,15.63103,15.63453,0.00,0.00
2012.05.24 17:17:38.239,15.63106,15.63472,0.00,0.00
2012.05.24 17:17:40.423,15.63129,15.63495,0.00,0.00
2012.05.24 17:17:41.133,15.63058,15.63424,0.00,0.00
2012.05.24 17:17:41.640,15.62935,15.63301,0.00,0.00
2012.05.24 17:17:43.163,15.62958,15.63324,0.00,0.00
2012.05.24 17:17:43.502,15.63074,15.63437,0.00,0.00
2012.05.24 17:17:43.874,15.63148,15.63512,0.00,0.00
2012.05.24 17:17:44.151,15.63134,15.63435,0.00,0.00
2012.05.24 17:17:44.803,15.63168,15.63532,0.00,0.00
2012.05.24 17:17:45.352,15.63148,15.63512,0.00,0.00
2012.05.24 17:17:46.160,15.62953,15.63295,0.00,0.00
2012.05.24 17:17:46.278,15.62913,15.63277,0.00,0.00
2012.05.24 17:17:46.690,15.62883,15.63249,0.00,0.00
2012.05.24 17:17:47.231,15.62934,15.63235,0.00,0.00
2012.05.24 17:17:48.390,15.62793,15.63128,0.00,0.00
2012.05.24 17:17:48.648,15.6283,15.63196,0.00,0.00
2012.05.24 17:17:50.110,15.62793,15.63111,0.00,0.00
2012.05.24 17:17:50.789,15.62703,15.63069,0.00,0.00
2012.05.24 17:17:52.168,15.62733,15.6309,0.00,0.00
2012.05.24 17:17:53.138,15.62773,15.63135,0.00,0.00
2012.05.24 17:17:54.962,15.62798,15.63102,0.00,0.00
2012.05.24 17:17:55.020,15.62736,15.63102,0.00,0.00
2012.05.24 17:17:55.085,15.6268,15.62984,0.00,0.00
2012.05.24 17:17:55.181,15.62618,15.62984,0.00,0.00
2012.05.24 17:17:56.558,15.62573,15.62902,0.00,0.00
2012.05.24 17:17:57.138,15.62533,15.62877,0.00,0.00
2012.05.24 17:17:57.490,15.62588,15.62954,0.00,0.00
2012.05.24 17:17:58.178,15.62534,15.62835,0.00,0.00
2012.05.24 17:17:58.288,15.62548,15.62912,0.00,0.00
2012.05.24 17:17:58.429,15.62588,15.62952,0.00,0.00
2012.05.24 17:17:58.970,15.62459,15.62825,0.00,0.00
2012.05.24 17:17:59.101,15.62494,15.62857,0.00,0.00
2012.05.24 17:17:59.768,15.62512,15.62878,0.00,0.00
2012.05.24 17:18:00.157,15.62536,15.62902,0.00,0.00
2012.05.24 17:18:00.582,15.62516,15.62817,0.00,0.00
2012.05.24 17:18:00.649,15.62341,15.62707,0.00,0.00
2012.05.24 17:18:00.708,15.62448,15.62814,0.00,0.00
2012.05.24 17:18:01.349,15.62449,15.62815,0.00,0.00
2012.05.24 17:18:01.670,15.6251,15.62876,0.00,0.00
2012.05.24 17:18:02.039,15.62548,15.62911,0.00,0.00
2012.05.24 17:18:02.907,15.62534,15.62835,0.00,0.00
2012.05.24 17:18:03.058,15.62344,15.6271,0.00,0.00
2012.05.24 17:18:03.180,15.62334,15.62635,0.00,0.00
2012.05.24 17:18:03.932,15.62324,15.62687,0.00,0.00
2012.05.24 17:18:03.998,15.62244,15.6261,0.00,0.00
2012.05.24 17:18:04.471,15.62264,15.62627,0.00,0.00
2012.05.24 17:18:05.079,15.62244,15.6261,0.00,0.00
2012.05.24 17:18:05.497,15.62224,15.62587,0.00,0.00
2012.05.24 17:18:05.859,15.62244,15.62608,0.00,0.00
2012.05.24 17:18:06.222,15.62364,15.62728,0.00,0.00
2012.05.24 17:18:06.279,15.62334,15.62635,0.00,0.00
2012.05.24 17:18:06.377,15.62384,15.62747,0.00,0.00
2012.05.24 17:18:06.578,15.62304,15.62667,0.00,0.00
2012.05.24 17:18:06.802,15.62344,15.62707,0.00,0.00
2012.05.24 17:18:07.019,15.62304,15.62667,0.00,0.00
2012.05.24 17:18:07.251,15.62284,15.62585,0.00,0.00
2012.05.24 17:18:08.221,15.62284,15.62648,0.00,0.00
2012.05.24 17:18:08.326,15.62264,15.62627,0.00,0.00
2012.05.24 17:18:08.564,15.62284,15.62648,0.00,0.00
2012.05.24 17:18:09.922,15.62246,15.62609,0.00,0.00
2012.05.24 17:18:11.579,15.62263,15.62627,0.00,0.00
2012.05.24 17:18:11.879,15.62346,15.62709,0.00,0.00
2012.05.24 17:18:11.938,15.62334,15.62635,0.00,0.00
2012.05.24 17:18:12.188,15.62246,15.62612,0.00,0.00
2012.05.24 17:18:12.518,15.62102,15.62468,0.00,0.00
2012.05.24 17:18:12.904,15.62091,15.62457,0.00,0.00
2012.05.24 17:18:13.445,15.62107,15.62473,0.00,0.00
2012.05.24 17:18:14.234,15.62089,15.62455,0.00,0.00
2012.05.24 17:18:16.519,15.62033,15.62399,0.00,0.00
2012.05.24 17:18:17.063,15.62266,15.62629,0.00,0.00
2012.05.24 17:18:17.438,15.62246,15.6261,0.00,0.00
2012.05.24 17:18:17.651,15.62226,15.62589,0.00,0.00
2012.05.24 17:18:18.353,15.62266,15.6263,0.00,0.00
2012.05.24 17:18:19.518,15.62266,15.62585,0.00,0.00
2012.05.24 17:18:19.580,15.62286,15.6265,0.00,0.00
2012.05.24 17:18:19.909,15.62306,15.6267,0.00,0.00
2012.05.24 17:18:20.238,15.62226,15.62589,0.00,0.00
2012.05.24 17:18:21.260,15.62206,15.62572,0.00,0.00
2012.05.24 17:18:21.821,15.62074,15.6244,0.00,0.00
2012.05.24 17:18:22.214,15.62056,15.62422,0.00,0.00
2012.05.24 17:18:24.121,15.62076,15.62442,0.00,0.00
2012.05.24 17:18:24.550,15.62126,15.62489,0.00,0.00
2012.05.24 17:18:25.017,15.61996,15.62362,0.00,0.00
2012.05.24 17:18:27.612,15.61951,15.62317,0.00,0.00
2012.05.24 17:18:28.550,15.61935,15.62301,0.00,0.00
2012.05.24 17:18:31.120,15.61926,15.62292,0.00,0.00
2012.05.24 17:18:31.549,15.61813,15.6216,0.00,0.00
2012.05.24 17:18:32.020,15.61886,15.62252,0.00,0.00
2012.05.24 17:18:32.469,15.61884,15.62185,0.00,0.00
2012.05.24 17:18:33.139,15.61768,15.62072,0.00,0.00
2012.05.24 17:18:33.198,15.61706,15.62072,0.00,0.00
2012.05.24 17:18:33.529,15.61646,15.62012,0.00,0.00
2012.05.24 17:18:34.120,15.61626,15.61935,0.00,0.00
2012.05.24 17:18:35.430,15.61586,15.61949,0.00,0.00
2012.05.24 17:18:35.805,15.61646,15.6201,0.00,0.00
2012.05.24 17:18:35.995,15.61626,15.6199,0.00,0.00
2012.05.24 17:18:36.859,15.61413,15.61752,0.00,0.00
2012.05.24 17:18:37.240,15.61346,15.61709,0.00,0.00
2012.05.24 17:18:38.076,15.61326,15.61689,0.00,0.00
2012.05.24 17:18:38.393,15.61526,15.61889,0.00,0.00
2012.05.24 17:18:38.940,15.61486,15.6185,0.00,0.00
2012.05.24 17:18:39.059,15.61466,15.6183,0.00,0.00
2012.05.24 17:18:39.122,15.61526,15.6189,0.00,0.00
2012.05.24 17:18:39.380,15.61506,15.61869,0.00,0.00
2012.05.24 17:18:39.819,15.61526,15.61889,0.00,0.00
2012.05.24 17:18:40.250,15.61506,15.61872,0.00,0.00
2012.05.24 17:18:40.731,15.61526,15.61889,0.00,0.00
2012.05.24 17:18:41.165,15.61786,15.62149,0.00,0.00
2012.05.24 17:18:41.382,15.61766,15.6213,0.00,0.00
2012.05.24 17:18:41.561,15.61786,15.6215,0.00,0.00
2012.05.24 17:18:41.715,15.61603,15.61967,0.00,0.00
2012.05.24 17:18:41.900,15.61626,15.6199,0.00,0.00
2012.05.24 17:18:42.018,15.61626,15.61992,0.00,0.00
2012.05.24 17:18:43.181,15.61643,15.62008,0.00,0.00
2012.05.24 17:18:43.970,15.61668,15.62034,0.00,0.00
2012.05.24 17:18:44.297,15.61772,15.62135,0.00,0.00
2012.05.24 17:18:44.661,15.61902,15.62265,0.00,0.00
2012.05.24 17:18:44.729,15.61886,15.6225,0.00,0.00
2012.05.24 17:18:44.882,15.61822,15.62185,0.00,0.00
2012.05.24 17:18:45.312,15.61758,15.62124,0.00,0.00
2012.05.24 17:18:45.832,15.61718,15.62084,0.00,0.00
2012.05.24 17:18:46.545,15.61698,15.62061,0.00,0.00
2012.05.24 17:18:46.858,15.61678,15.62041,0.00,0.00
2012.05.24 17:18:48.270,15.61698,15.62062,0.00,0.00
2012.05.24 17:18:49.029,15.61734,15.62035,0.00,0.00
2012.05.24 17:18:49.701,15.61818,15.62181,0.00,0.00
2012.05.24 17:18:49.862,15.61798,15.62161,0.00,0.00
2012.05.24 17:18:50.024,15.61818,15.62181,0.00,0.00
2012.05.24 17:18:50.470,15.61838,15.62201,0.00,0.00
2012.05.24 17:18:50.613,15.61804,15.62168,0.00,0.00
2012.05.24 17:18:50.736,15.61858,15.62222,0.00,0.00
2012.05.24 17:18:51.012,15.61834,15.62135,0.00,0.00
2012.05.24 17:18:51.505,15.61878,15.62241,0.00,0.00
2012.05.24 17:18:51.569,15.61732,15.62098,0.00,0.00
2012.05.24 17:18:53.123,15.61723,15.62082,0.00,0.00
2012.05.24 17:18:53.633,15.61961,15.62324,0.00,0.00
2012.05.24 17:18:54.030,15.61989,15.62355,0.00,0.00
2012.05.24 17:18:54.208,15.61973,15.62336,0.00,0.00
2012.05.24 17:18:54.580,15.61859,15.62225,0.00,0.00
2012.05.24 17:18:55.233,15.61877,15.62243,0.00,0.00
2012.05.24 17:18:56.381,15.61861,15.62227,0.00,0.00
2012.05.24 17:18:59.272,15.61873,15.62239,0.00,0.00
2012.05.24 17:19:01.354,15.62177,15.6254,0.00,0.00
2012.05.24 17:19:01.682,15.62043,15.62407,0.00,0.00
2012.05.24 17:19:01.918,15.62167,15.62531,0.00,0.00
2012.05.24 17:19:02.069,15.62135,15.62435,0.00,0.00
2012.05.24 17:19:02.461,15.6215,15.62514,0.00,0.00
2012.05.24 17:19:03.050,15.62077,15.62441,0.00,0.00
2012.05.24 17:19:03.170,15.62115,15.62479,0.00,0.00
2012.05.24 17:19:03.509,15.62113,15.62425,0.00,0.00
2012.05.24 17:19:03.821,15.62203,15.62549,0.00,0.00
2012.05.24 17:19:04.399,15.62233,15.62551,0.00,0.00
2012.05.24 17:19:05.181,15.6235,15.62713,0.00,0.00
2012.05.24 17:19:05.720,15.62203,15.62522,0.00,0.00
2012.05.24 17:19:06.235,15.62199,15.62503,0.00,0.00
2012.05.24 17:19:06.301,15.622,15.62566,0.00,0.00
2012.05.24 17:19:06.400,15.62088,15.62392,0.00,0.00
2012.05.24 17:19:06.462,15.62083,15.62392,0.00,0.00
2012.05.24 17:19:09.399,15.62103,15.62404,0.00,0.00
2012.05.24 17:19:10.649,15.62063,15.62392,0.00,0.00
2012.05.24 17:19:10.846,15.62045,15.62411,0.00,0.00
2012.05.24 17:19:11.300,15.62156,15.62519,0.00,0.00
2012.05.24 17:19:12.247,15.62172,15.62535,0.00,0.00
2012.05.24 17:19:19.035,15.62043,15.6239,0.00,0.00
2012.05.24 17:19:19.365,15.61683,15.61983,0.00,0.00
2012.05.24 17:19:19.429,15.61643,15.61966,0.00,0.00
2012.05.24 17:19:19.520,15.61634,15.61938,0.00,0.00
2012.05.24 17:19:19.578,15.61613,15.61938,0.00,0.00
2012.05.24 17:19:19.698,15.61757,15.62123,0.00,0.00
2012.05.24 17:19:21.496,15.61593,15.61959,0.00,0.00
2012.05.24 17:19:22.920,15.61623,15.6198,0.00,0.00
2012.05.24 17:19:23.261,15.61645,15.62011,0.00,0.00
2012.05.24 17:19:24.177,15.61683,15.62034,0.00,0.00
2012.05.24 17:19:25.089,15.61643,15.61991,0.00,0.00
2012.05.24 17:19:25.510,15.61603,15.61935,0.00,0.00
2012.05.24 17:19:27.243,15.61555,15.61921,0.00,0.00
2012.05.24 17:19:27.787,15.61535,15.61835,0.00,0.00
2012.05.24 17:19:29.932,15.61537,15.61901,0.00,0.00
2012.05.24 17:19:30.007,15.61562,15.61926,0.00,0.00
2012.05.24 17:19:30.072,15.61557,15.61921,0.00,0.00
2012.05.24 17:19:30.422,15.61457,15.61823,0.00,0.00
2012.05.24 17:19:33.127,15.6162,15.61983,0.00,0.00
2012.05.24 17:19:33.542,15.6162,15.61935,0.00,0.00
2012.05.24 17:19:34.335,15.61705,15.62068,0.00,0.00
2012.05.24 17:19:34.532,15.61705,15.62035,0.00,0.00
2012.05.24 17:19:35.143,15.61722,15.62085,0.00,0.00
2012.05.24 17:19:36.942,15.61706,15.62072,0.00,0.00
2012.05.24 17:19:38.198,15.61696,15.61997,0.00,0.00
2012.05.24 17:19:40.398,15.61666,15.61967,0.00,0.00
2012.05.24 17:19:40.531,15.61681,15.62045,0.00,0.00
2012.05.24 17:19:41.025,15.61698,15.62061,0.00,0.00
2012.05.24 17:19:42.223,15.61678,15.62042,0.00,0.00
2012.05.24 17:19:42.289,15.61646,15.61947,0.00,0.00
2012.05.24 17:19:42.349,15.61628,15.61991,0.00,0.00
2012.05.24 17:19:43.323,15.61699,15.62062,0.00,0.00
2012.05.24 17:19:43.802,15.61627,15.61927,0.00,0.00
2012.05.24 17:19:43.871,15.6168,15.62043,0.00,0.00
2012.05.24 17:19:43.931,15.61638,15.62001,0.00,0.00
2012.05.24 17:19:44.471,15.61606,15.61907,0.00,0.00
2012.05.24 17:19:44.761,15.61621,15.61984,0.00,0.00
2012.05.24 17:19:44.909,15.61547,15.61847,0.00,0.00
2012.05.24 17:19:44.972,15.616,15.61963,0.00,0.00
2012.05.24 17:19:45.201,15.61576,15.6194,0.00,0.00
2012.05.24 17:19:45.962,15.61556,15.61919,0.00,0.00
2012.05.24 17:19:46.341,15.61556,15.61897,0.00,0.00
2012.05.24 17:19:46.401,15.61596,15.61959,0.00,0.00
2012.05.24 17:19:46.816,15.61634,15.61935,0.00,0.00
2012.05.24 17:19:48.109,15.61634,15.61935,0.00,0.00
2012.05.24 17:19:48.261,15.6165,15.62014,0.00,0.00
2012.05.24 17:19:49.651,15.61634,15.61998,0.00,0.00
2012.05.24 17:19:51.041,15.61651,15.62015,0.00,0.00
2012.05.24 17:19:51.389,15.61487,15.61853,0.00,0.00
2012.05.24 17:19:51.504,15.61555,15.61921,0.00,0.00
2012.05.24 17:19:52.296,15.61603,15.61926,0.00,0.00
2012.05.24 17:19:52.661,15.61603,15.61946,0.00,0.00
2012.05.24 17:19:53.022,15.61705,15.62071,0.00,0.00
2012.05.24 17:19:53.561,15.61635,15.61935,0.00,0.00
2012.05.24 17:19:54.006,15.61661,15.62025,0.00,0.00
2012.05.24 17:19:54.544,15.61641,15.62005,0.00,0.00
2012.05.24 17:19:56.210,15.6162,15.61983,0.00,0.00
2012.05.24 17:19:56.476,15.61584,15.61885,0.00,0.00
2012.05.24 17:19:56.769,15.61597,15.61961,0.00,0.00
2012.05.24 17:19:57.308,15.61433,15.61767,0.00,0.00
2012.05.24 17:19:59.430,15.61551,15.61915,0.00,0.00
2012.05.24 17:19:59.882,15.61535,15.61835,0.00,0.00
2012.05.24 17:20:00.237,15.61353,15.61697,0.00,0.00
2012.05.24 17:20:00.859,15.61273,15.61638,0.00,0.00
2012.05.24 17:20:01.229,15.61541,15.61904,0.00,0.00
2012.05.24 17:20:01.590,15.61535,15.61835,0.00,0.00
2012.05.24 17:20:01.932,15.61567,15.6193,0.00,0.00
2012.05.24 17:20:02.000,15.61551,15.61914,0.00,0.00
2012.05.24 17:20:02.262,15.61533,15.61897,0.00,0.00
2012.05.24 17:20:03.392,15.61556,15.61919,0.00,0.00
2012.05.24 17:20:04.015,15.61574,15.61937,0.00,0.00
2012.05.24 17:20:04.386,15.61439,15.61805,0.00,0.00
2012.05.24 17:20:04.544,15.6142,15.61786,0.00,0.00
2012.05.24 17:20:04.899,15.61568,15.61932,0.00,0.00
2012.05.24 17:20:05.699,15.61456,15.61822,0.00,0.00
2012.05.24 17:20:06.248,15.61438,15.61804,0.00,0.00
2012.05.24 17:20:07.217,15.61456,15.61819,0.00,0.00
2012.05.24 17:20:07.755,15.61389,15.61755,0.00,0.00
2012.05.24 17:20:08.473,15.61385,15.61685,0.00,0.00
2012.05.24 17:20:09.061,15.61282,15.61648,0.00,0.00
2012.05.24 17:20:12.409,15.61299,15.61665,0.00,0.00
2012.05.24 17:20:17.024,15.61332,15.61698,0.00,0.00
2012.05.24 17:20:17.376,15.61417,15.61781,0.00,0.00
2012.05.24 17:20:18.355,15.61385,15.61685,0.00,0.00
2012.05.24 17:20:21.192,15.61253,15.61615,0.00,0.00
2012.05.24 17:20:21.690,15.61413,15.61777,0.00,0.00
2012.05.24 17:20:22.316,15.61385,15.61685,0.00,0.00
2012.05.24 17:20:23.693,15.61433,15.61797,0.00,0.00
2012.05.24 17:20:23.838,15.6127,15.61636,0.00,0.00
2012.05.24 17:20:24.621,15.61433,15.61797,0.00,0.00
2012.05.24 17:20:24.839,15.61409,15.61772,0.00,0.00
2012.05.24 17:20:25.059,15.61413,15.61777,0.00,0.00
2012.05.24 17:20:25.658,15.61385,15.61685,0.00,0.00
2012.05.24 17:20:27.458,15.61433,15.61735,0.00,0.00
2012.05.24 17:20:27.519,15.61263,15.61616,0.00,0.00
2012.05.24 17:20:27.579,15.61253,15.61619,0.00,0.00
2012.05.24 17:20:28.319,15.61123,15.61489,0.00,0.00
2012.05.24 17:20:29.072,15.61371,15.61734,0.00,0.00
2012.05.24 17:20:29.291,15.61251,15.61615,0.00,0.00
2012.05.24 17:20:30.112,15.61393,15.61757,0.00,0.00
2012.05.24 17:20:30.762,15.61393,15.61757,0.00,0.00
2012.05.24 17:20:30.920,15.61365,15.61729,0.00,0.00
2012.05.24 17:20:31.336,15.61335,15.61635,0.00,0.00
2012.05.24 17:20:31.399,15.61349,15.61713,0.00,0.00
2012.05.24 17:20:33.041,15.61369,15.61733,0.00,0.00
2012.05.24 17:20:33.739,15.61235,15.61601,0.00,0.00
2012.05.24 17:20:33.850,15.61183,15.61547,0.00,0.00
2012.05.24 17:20:34.259,15.61443,15.61806,0.00,0.00
2012.05.24 17:20:34.319,15.61253,15.61602,0.00,0.00
2012.05.24 17:20:34.993,15.61453,15.61816,0.00,0.00
2012.05.24 17:20:35.350,15.61453,15.61785,0.00,0.00
2012.05.24 17:20:35.552,15.61326,15.61692,0.00,0.00
2012.05.24 17:20:35.916,15.61303,15.61669,0.00,0.00
2012.05.24 17:20:36.341,15.6132,15.61635,0.00,0.00
2012.05.24 17:20:37.239,15.61137,15.61437,0.00,0.00
2012.05.24 17:20:37.303,15.60953,15.61319,0.00,0.00
2012.05.24 17:20:37.369,15.6102,15.61386,0.00,0.00
2012.05.24 17:20:37.676,15.61189,15.61555,0.00,0.00
2012.05.24 17:20:38.060,15.61249,15.61615,0.00,0.00
2012.05.24 17:20:38.375,15.61235,15.6154,0.00,0.00
2012.05.24 17:20:38.736,15.61229,15.61593,0.00,0.00
2012.05.24 17:20:38.963,15.61249,15.61613,0.00,0.00
2012.05.24 17:20:39.475,15.61209,15.61574,0.00,0.00
2012.05.24 17:20:39.542,15.61105,15.61476,0.00,0.00
2012.05.24 17:20:39.931,15.60943,15.61311,0.00,0.00
2012.05.24 17:20:40.355,15.60963,15.6129,0.00,0.00
2012.05.24 17:20:40.747,15.60941,15.61307,0.00,0.00
2012.05.24 17:20:41.410,15.60803,15.61152,0.00,0.00
2012.05.24 17:20:42.010,15.60823,15.61189,0.00,0.00
2012.05.24 17:20:42.800,15.60803,15.61169,0.00,0.00
2012.05.24 17:20:43.147,15.60814,15.6118,0.00,0.00
2012.05.24 17:20:43.643,15.60861,15.61227,0.00,0.00
2012.05.24 17:20:44.080,15.60858,15.61229,0.00,0.00
2012.05.24 17:20:44.434,15.61009,15.61375,0.00,0.00
2012.05.24 17:20:44.954,15.61166,15.6153,0.00,0.00
2012.05.24 17:20:45.278,15.61258,15.61622,0.00,0.00
2012.05.24 17:20:45.401,15.61185,15.61485,0.00,0.00
2012.05.24 17:20:45.549,15.61279,15.61643,0.00,0.00
2012.05.24 17:20:46.295,15.61279,15.61585,0.00,0.00
2012.05.24 17:20:48.947,15.61342,15.61706,0.00,0.00
2012.05.24 17:20:49.160,15.60983,15.61283,0.00,0.00
2012.05.24 17:20:49.231,15.60895,15.61266,0.00,0.00
2012.05.24 17:20:49.909,15.60903,15.61263,0.00,0.00
2012.05.24 17:20:50.388,15.6093,15.61296,0.00,0.00
2012.05.24 17:20:50.770,15.61033,15.61371,0.00,0.00
2012.05.24 17:20:51.118,15.61003,15.6133,0.00,0.00
2012.05.24 17:20:51.928,15.60929,15.61295,0.00,0.00
2012.05.24 17:20:52.345,15.60876,15.61242,0.00,0.00
2012.05.24 17:20:53.279,15.60894,15.6126,0.00,0.00
2012.05.24 17:20:53.619,15.60893,15.61213,0.00,0.00
2012.05.24 17:20:55.029,15.60893,15.61229,0.00,0.00
2012.05.24 17:20:55.382,15.61162,15.61525,0.00,0.00
2012.05.24 17:20:55.512,15.61142,15.61508,0.00,0.00
2012.05.24 17:20:55.744,15.6118,15.61544,0.00,0.00
2012.05.24 17:20:55.956,15.61162,15.61528,0.00,0.00
2012.05.24 17:20:56.360,15.61162,15.6149,0.00,0.00
2012.05.24 17:20:57.266,15.61296,15.6166,0.00,0.00
2012.05.24 17:20:57.424,15.61114,15.61485,0.00,0.00
2012.05.24 17:20:57.753,15.61133,15.61497,0.00,0.00
2012.05.24 17:20:58.242,15.61319,15.61683,0.00,0.00
2012.05.24 17:20:58.310,15.61286,15.61649,0.00,0.00
2012.05.24 17:20:58.461,15.61242,15.61608,0.00,0.00
2012.05.24 17:20:58.776,15.61261,15.61627,0.00,0.00
2012.05.24 17:20:59.440,15.61235,15.61535,0.00,0.00
2012.05.24 17:20:59.694,15.61242,15.61606,0.00,0.00
2012.05.24 17:21:01.712,15.61202,15.61565,0.00,0.00
2012.05.24 17:21:02.410,15.61184,15.61485,0.00,0.00
2012.05.24 17:21:03.503,15.61182,15.61548,0.00,0.00
2012.05.24 17:21:04.977,15.61202,15.61566,0.00,0.00
2012.05.24 17:21:05.301,15.61242,15.61606,0.00,0.00
2012.05.24 17:21:05.358,15.61234,15.61535,0.00,0.00
2012.05.24 17:21:08.580,15.61073,15.61421,0.00,0.00
2012.05.24 17:21:08.640,15.61222,15.61585,0.00,0.00
2012.05.24 17:21:09.272,15.61093,15.61447,0.00,0.00
2012.05.24 17:21:09.999,15.61097,15.61463,0.00,0.00
2012.05.24 17:21:10.811,15.61242,15.61605,0.00,0.00
2012.05.24 17:21:11.596,15.61234,15.61535,0.00,0.00
2012.05.24 17:21:13.176,15.61092,15.61458,0.00,0.00
2012.05.24 17:21:14.939,15.6113,15.61434,0.00,0.00
2012.05.24 17:21:14.998,15.61103,15.61434,0.00,0.00
2012.05.24 17:21:17.238,15.61103,15.61418,0.00,0.00
2012.05.24 17:21:17.677,15.61237,15.61601,0.00,0.00
2012.05.24 17:21:18.524,15.61235,15.61535,0.00,0.00
2012.05.24 17:21:24.829,15.61142,15.61508,0.00,0.00
2012.05.24 17:21:25.137,15.61233,15.61597,0.00,0.00
2012.05.24 17:21:26.071,15.61233,15.61535,0.00,0.00
2012.05.24 17:21:26.800,15.61083,15.61418,0.00,0.00
2012.05.24 17:21:28.715,15.61228,15.61591,0.00,0.00
2012.05.24 17:21:29.065,15.61103,15.61421,0.00,0.00
2012.05.24 17:21:30.218,15.61238,15.61601,0.00,0.00
2012.05.24 17:21:30.755,15.61103,15.61411,0.00,0.00
2012.05.24 17:21:31.395,15.61226,15.61589,0.00,0.00
2012.05.24 17:21:32.055,15.61073,15.61412,0.00,0.00
2012.05.24 17:21:33.356,15.61143,15.61444,0.00,0.00
2012.05.24 17:21:33.419,15.61242,15.61605,0.00,0.00
2012.05.24 17:21:33.526,15.61203,15.61569,0.00,0.00
2012.05.24 17:21:34.445,15.61277,15.61641,0.00,0.00
2012.05.24 17:21:35.028,15.61233,15.61575,0.00,0.00
2012.05.24 17:21:36.082,15.61404,15.61767,0.00,0.00
2012.05.24 17:21:37.153,15.61388,15.61751,0.00,0.00
2012.05.24 17:21:39.129,15.61429,15.61793,0.00,0.00
2012.05.24 17:21:39.472,15.61445,15.61809,0.00,0.00
2012.05.24 17:21:39.771,15.61445,15.61785,0.00,0.00
2012.05.24 17:21:39.900,15.61465,15.61829,0.00,0.00
2012.05.24 17:21:40.281,15.61621,15.61985,0.00,0.00
2012.05.24 17:21:40.613,15.61588,15.61952,0.00,0.00
2012.05.24 17:21:40.714,15.61572,15.61936,0.00,0.00
2012.05.24 17:21:40.779,15.61572,15.61935,0.00,0.00
2012.05.24 17:21:41.895,15.61447,15.61751,0.00,0.00
2012.05.24 17:21:42.266,15.61503,15.61803,0.00,0.00
2012.05.24 17:21:42.390,15.61467,15.61771,0.00,0.00
2012.05.24 17:21:42.819,15.61533,15.61833,0.00,0.00
2012.05.24 17:21:42.940,15.61484,15.61788,0.00,0.00
2012.05.24 17:21:43.870,15.615,15.61804,0.00,0.00
2012.05.24 17:21:44.027,15.61583,15.61884,0.00,0.00
2012.05.24 17:21:44.089,15.61536,15.6184,0.00,0.00
2012.05.24 17:21:44.148,15.61583,15.61915,0.00,0.00
2012.05.24 17:21:44.208,15.61583,15.61939,0.00,0.00
2012.05.24 17:21:44.719,15.61623,15.61955,0.00,0.00
2012.05.24 17:21:45.066,15.61673,15.61973,0.00,0.00
2012.05.24 17:21:45.132,15.61826,15.62189,0.00,0.00
2012.05.24 17:21:45.190,15.61808,15.62171,0.00,0.00
2012.05.24 17:21:45.534,15.61968,15.62331,0.00,0.00
2012.05.24 17:21:45.824,15.61968,15.62334,0.00,0.00
2012.05.24 17:21:46.772,15.61947,15.62313,0.00,0.00
2012.05.24 17:21:47.111,15.61992,15.62355,0.00,0.00
2012.05.24 17:21:47.436,15.62033,15.62397,0.00,0.00
2012.05.24 17:21:48.022,15.62033,15.62399,0.00,0.00
2012.05.24 17:21:48.344,15.62085,15.62449,0.00,0.00
2012.05.24 17:21:48.976,15.62157,15.62523,0.00,0.00
2012.05.24 17:21:49.554,15.62141,15.62507,0.00,0.00
2012.05.24 17:21:50.609,15.62093,15.62394,0.00,0.00
2012.05.24 17:21:51.109,15.62113,15.62414,0.00,0.00
2012.05.24 17:21:51.440,15.62163,15.62463,0.00,0.00
2012.05.24 17:21:52.098,15.62104,15.62408,0.00,0.00
2012.05.24 17:21:52.361,15.62143,15.62443,0.00,0.00
2012.05.24 17:21:52.778,15.62163,15.62463,0.00,0.00
2012.05.24 17:21:52.859,15.62104,15.62408,0.00,0.00
2012.05.24 17:21:52.920,15.6212,15.62424,0.00,0.00
2012.05.24 17:21:53.546,15.62143,15.62444,0.00,0.00
2012.05.24 17:21:53.621,15.62095,15.62399,0.00,0.00
2012.05.24 17:21:54.225,15.62173,15.62474,0.00,0.00
2012.05.24 17:21:54.755,15.62083,15.62408,0.00,0.00
2012.05.24 17:21:54.818,15.62203,15.62569,0.00,0.00
2012.05.24 17:21:56.669,15.62123,15.62423,0.00,0.00
2012.05.24 17:21:57.051,15.62064,15.62368,0.00,0.00
2012.05.24 17:21:58.739,15.62048,15.62352,0.00,0.00
2012.05.24 17:22:00.456,15.62064,15.62368,0.00,0.00
2012.05.24 17:22:01.004,15.62088,15.62392,0.00,0.00
2012.05.24 17:22:01.284,15.62104,15.62408,0.00,0.00
2012.05.24 17:22:01.470,15.62153,15.62454,0.00,0.00
2012.05.24 17:22:01.531,15.6212,15.62424,0.00,0.00
2012.05.24 17:22:02.543,15.62099,15.62403,0.00,0.00
2012.05.24 17:22:04.165,15.62123,15.62423,0.00,0.00
2012.05.24 17:22:04.230,15.62055,15.62359,0.00,0.00
2012.05.24 17:22:05.153,15.62079,15.62383,0.00,0.00
2012.05.24 17:22:05.222,15.62153,15.62453,0.00,0.00
2012.05.24 17:22:05.281,15.6212,15.62424,0.00,0.00
2012.05.24 17:22:05.772,15.62104,15.62408,0.00,0.00
2012.05.24 17:22:06.089,15.62123,15.62424,0.00,0.00
2012.05.24 17:22:06.255,15.62064,15.62368,0.00,0.00
2012.05.24 17:22:06.319,15.62103,15.62404,0.00,0.00
2012.05.24 17:22:06.854,15.62039,15.62343,0.00,0.00
2012.05.24 17:22:06.920,15.62083,15.62383,0.00,0.00
2012.05.24 17:22:09.565,15.62055,15.62359,0.00,0.00
2012.05.24 17:22:09.790,15.62073,15.62377,0.00,0.00
2012.05.24 17:22:10.665,15.62113,15.62413,0.00,0.00
2012.05.24 17:22:10.730,15.62113,15.62441,0.00,0.00
2012.05.24 17:22:10.789,15.62183,15.62483,0.00,0.00
2012.05.24 17:22:11.207,15.62093,15.62397,0.00,0.00
2012.05.24 17:22:11.269,15.62133,15.62433,0.00,0.00
2012.05.24 17:22:11.535,15.62113,15.62413,0.00,0.00
2012.05.24 17:22:11.599,15.62071,15.62375,0.00,0.00
2012.05.24 17:22:12.040,15.62088,15.62392,0.00,0.00
2012.05.24 17:22:12.110,15.62071,15.62375,0.00,0.00
2012.05.24 17:22:12.435,15.62052,15.62356,0.00,0.00
2012.05.24 17:22:12.967,15.62093,15.62394,0.00,0.00
2012.05.24 17:22:14.617,15.62113,15.62414,0.00,0.00
2012.05.24 17:22:14.680,15.62073,15.62377,0.00,0.00
2012.05.24 17:22:15.284,15.62057,15.62361,0.00,0.00
2012.05.24 17:22:15.601,15.61963,15.62263,0.00,0.00
2012.05.24 17:22:16.265,15.61923,15.62233,0.00,0.00
2012.05.24 17:22:16.345,15.6191,15.62214,0.00,0.00
2012.05.24 17:22:16.792,15.61905,15.62209,0.00,0.00
2012.05.24 17:22:17.282,15.61903,15.62209,0.00,0.00
2012.05.24 17:22:17.341,15.6198,15.62346,0.00,0.00
2012.05.24 17:22:17.764,15.61841,15.62145,0.00,0.00
2012.05.24 17:22:18.026,15.61843,15.62145,0.00,0.00
2012.05.24 17:22:18.089,15.61969,15.62335,0.00,0.00
2012.05.24 17:22:18.162,15.61826,15.6213,0.00,0.00
2012.05.24 17:22:18.684,15.62073,15.62373,0.00,0.00
2012.05.24 17:22:18.750,15.62073,15.62425,0.00,0.00
2012.05.24 17:22:18.887,15.62041,15.62343,0.00,0.00
2012.05.24 17:22:19.069,15.61933,15.62257,0.00,0.00
2012.05.24 17:22:19.251,15.61889,15.62193,0.00,0.00
2012.05.24 17:22:19.369,15.61923,15.62224,0.00,0.00
2012.05.24 17:22:19.585,15.61893,15.6221,0.00,0.00
2012.05.24 17:22:19.648,15.61887,15.62191,0.00,0.00
2012.05.24 17:22:20.143,15.61871,15.62175,0.00,0.00
2012.05.24 17:22:20.232,15.61893,15.62231,0.00,0.00
2012.05.24 17:22:20.289,15.61933,15.62233,0.00,0.00
2012.05.24 17:22:20.393,15.61933,15.62251,0.00,0.00
2012.05.24 17:22:20.461,15.61983,15.62283,0.00,0.00
2012.05.24 17:22:20.570,15.61953,15.62253,0.00,0.00
2012.05.24 17:22:20.673,15.61931,15.62235,0.00,0.00
2012.05.24 17:22:22.482,15.61953,15.62292,0.00,0.00
2012.05.24 17:22:22.554,15.62003,15.62304,0.00,0.00
2012.05.24 17:22:22.650,15.62003,15.62354,0.00,0.00
2012.05.24 17:22:22.812,15.62003,15.62348,0.00,0.00
2012.05.24 17:22:23.167,15.62093,15.62394,0.00,0.00
2012.05.24 17:22:23.229,15.62063,15.62367,0.00,0.00
2012.05.24 17:22:23.545,15.62123,15.62423,0.00,0.00
2012.05.24 17:22:23.610,15.62087,15.62391,0.00,0.00
2012.05.24 17:22:24.316,15.62143,15.62443,0.00,0.00
2012.05.24 17:22:24.789,15.62083,15.62391,0.00,0.00
2012.05.24 17:22:24.850,15.61983,15.62346,0.00,0.00
2012.05.24 17:22:24.972,15.61933,15.62234,0.00,0.00
2012.05.24 17:22:25.525,15.61913,15.62214,0.00,0.00
2012.05.24 17:22:25.632,15.61884,15.62188,0.00,0.00
2012.05.24 17:22:26.184,15.61822,15.62188,0.00,0.00
2012.05.24 17:22:26.249,15.6174,15.62044,0.00,0.00
2012.05.24 17:22:26.309,15.61723,15.62086,0.00,0.00
2012.05.24 17:22:26.511,15.61823,15.62124,0.00,0.00
2012.05.24 17:22:26.731,15.61965,15.62331,0.00,0.00
2012.05.24 17:22:27.229,15.61985,15.62349,0.00,0.00
2012.05.24 17:22:28.900,15.61965,15.62331,0.00,0.00
2012.05.24 17:22:32.152,15.61944,15.6231,0.00,0.00
2012.05.24 17:22:32.461,15.61783,15.62084,0.00,0.00
2012.05.24 17:22:33.554,15.61763,15.62064,0.00,0.00
2012.05.24 17:22:34.545,15.61676,15.62042,0.00,0.00
2012.05.24 17:22:34.614,15.61509,15.61813,0.00,0.00
2012.05.24 17:22:34.680,15.61653,15.61998,0.00,0.00
2012.05.24 17:22:34.811,15.61541,15.61845,0.00,0.00
2012.05.24 17:22:34.872,15.61553,15.61853,0.00,0.00
2012.05.24 17:22:36.523,15.61524,15.61828,0.00,0.00
2012.05.24 17:22:36.590,15.61637,15.62001,0.00,0.00
2012.05.24 17:22:37.303,15.61635,15.61935,0.00,0.00
2012.05.24 17:22:37.833,15.61621,15.61985,0.00,0.00
2012.05.24 17:22:38.449,15.61518,15.61822,0.00,0.00
2012.05.24 17:22:40.704,15.61503,15.61822,0.00,0.00
2012.05.24 17:22:41.243,15.61646,15.62009,0.00,0.00
2012.05.24 17:22:41.662,15.61473,15.61792,0.00,0.00
2012.05.24 17:22:42.311,15.61401,15.61767,0.00,0.00
2012.05.24 17:22:43.006,15.61549,15.61913,0.00,0.00
2012.05.24 17:22:43.175,15.61428,15.61791,0.00,0.00
2012.05.24 17:22:43.323,15.61461,15.61827,0.00,0.00
2012.05.24 17:22:43.750,15.61629,15.61993,0.00,0.00
2012.05.24 17:22:44.233,15.61629,15.61935,0.00,0.00
2012.05.24 17:22:44.501,15.61645,15.62009,0.00,0.00
2012.05.24 17:22:46.262,15.61622,15.61985,0.00,0.00
2012.05.24 17:22:46.402,15.61407,15.61711,0.00,0.00
2012.05.24 17:22:46.461,15.61537,15.61903,0.00,0.00
2012.05.24 17:22:46.589,15.61553,15.61919,0.00,0.00
2012.05.24 17:22:46.921,15.61599,15.61963,0.00,0.00
2012.05.24 17:22:47.261,15.61585,15.61885,0.00,0.00
2012.05.24 17:22:47.607,15.61638,15.62002,0.00,0.00
2012.05.24 17:22:48.361,15.61634,15.61935,0.00,0.00
2012.05.24 17:22:48.433,15.61622,15.61985,0.00,0.00
2012.05.24 17:22:48.732,15.61563,15.61929,0.00,0.00
2012.05.24 17:22:50.250,15.61579,15.61943,0.00,0.00
2012.05.24 17:22:53.922,15.61602,15.61966,0.00,0.00
2012.05.24 17:22:56.030,15.61489,15.61855,0.00,0.00
2012.05.24 17:22:56.149,15.61565,15.61929,0.00,0.00
2012.05.24 17:22:57.393,15.61613,15.61956,0.00,0.00
2012.05.24 17:23:00.041,15.61953,15.62316,0.00,0.00
2012.05.24 17:23:00.351,15.62073,15.62373,0.00,0.00
2012.05.24 17:23:00.550,15.62073,15.62657,0.00,0.00
2012.05.24 17:23:00.682,15.61913,15.62527,0.00,0.00
2012.05.24 17:23:00.766,15.61728,15.62032,0.00,0.00
2012.05.24 17:23:00.902,15.61873,15.62173,0.00,0.00
2012.05.24 17:23:00.968,15.61976,15.62342,0.00,0.00
2012.05.24 17:23:01.256,15.62033,15.62369,0.00,0.00
2012.05.24 17:23:01.745,15.62113,15.62444,0.00,0.00
2012.05.24 17:23:01.810,15.62113,15.6242,0.00,0.00
2012.05.24 17:23:01.869,15.62113,15.62439,0.00,0.00
2012.05.24 17:23:02.053,15.62113,15.62435,0.00,0.00
2012.05.24 17:23:03.401,15.62263,15.62564,0.00,0.00
2012.05.24 17:23:03.892,15.62263,15.62624,0.00,0.00
2012.05.24 17:23:04.034,15.6228,15.62635,0.00,0.00
2012.05.24 17:23:04.100,15.62263,15.62606,0.00,0.00
2012.05.24 17:23:04.819,15.62273,15.62627,0.00,0.00
2012.05.24 17:23:05.162,15.62123,15.62423,0.00,0.00
2012.05.24 17:23:05.322,15.62029,15.62333,0.00,0.00
2012.05.24 17:23:05.380,15.62195,15.62561,0.00,0.00
2012.05.24 17:23:05.782,15.6217,15.62536,0.00,0.00
2012.05.24 17:23:06.120,15.62083,15.62446,0.00,0.00
2012.05.24 17:23:06.476,15.62026,15.62327,0.00,0.00
2012.05.24 17:23:06.537,15.61773,15.62327,0.00,0.00
2012.05.24 17:23:06.598,15.61916,15.62282,0.00,0.00
2012.05.24 17:23:06.914,15.61679,15.61983,0.00,0.00
2012.05.24 17:23:07.023,15.61633,15.61983,0.00,0.00
2012.05.24 17:23:07.090,15.61628,15.61932,0.00,0.00
2012.05.24 17:23:07.242,15.61623,15.61932,0.00,0.00
2012.05.24 17:23:07.461,15.61653,15.61954,0.00,0.00
2012.05.24 17:23:07.519,15.61792,15.62156,0.00,0.00
2012.05.24 17:23:08.042,15.61792,15.62135,0.00,0.00
2012.05.24 17:23:10.489,15.61578,15.61882,0.00,0.00
2012.05.24 17:23:10.761,15.61563,15.61882,0.00,0.00
2012.05.24 17:23:10.819,15.6164,15.62006,0.00,0.00
2012.05.24 17:23:11.187,15.61336,15.61636,0.00,0.00
2012.05.24 17:23:11.255,15.61183,15.61636,0.00,0.00
2012.05.24 17:23:11.321,15.61236,15.61602,0.00,0.00
2012.05.24 17:23:13.500,15.61094,15.6146,0.00,0.00
2012.05.24 17:23:15.660,15.61126,15.61492,0.00,0.00
2012.05.24 17:23:16.073,15.61329,15.61635,0.00,0.00
2012.05.24 17:23:17.960,15.6127,15.61635,0.00,0.00
2012.05.24 17:23:18.299,15.61176,15.61542,0.00,0.00
2012.05.24 17:23:18.852,15.61096,15.61462,0.00,0.00
2012.05.24 17:23:19.160,15.61056,15.61419,0.00,0.00
2012.05.24 17:23:19.854,15.61116,15.6148,0.00,0.00
2012.05.24 17:23:20.173,15.61196,15.6156,0.00,0.00
2012.05.24 17:23:21.191,15.61184,15.61485,0.00,0.00
2012.05.24 17:23:21.310,15.61236,15.616,0.00,0.00
2012.05.24 17:23:21.654,15.61303,15.61667,0.00,0.00
2012.05.24 17:23:21.819,15.61299,15.61663,0.00,0.00
2012.05.24 17:23:22.122,15.61299,15.61635,0.00,0.00
2012.05.24 17:23:22.189,15.61322,15.61685,0.00,0.00
2012.05.24 17:23:23.828,15.61296,15.61659,0.00,0.00
2012.05.24 17:23:24.128,15.61284,15.61585,0.00,0.00
2012.05.24 17:23:24.631,15.61316,15.6168,0.00,0.00
2012.05.24 17:23:25.188,15.61236,15.61599,0.00,0.00
2012.05.24 17:23:25.270,15.61307,15.61671,0.00,0.00
2012.05.24 17:23:25.615,15.61351,15.61715,0.00,0.00
2012.05.24 17:23:26.038,15.61408,15.61772,0.00,0.00
2012.05.24 17:23:26.141,15.61384,15.61685,0.00,0.00
2012.05.24 17:23:26.257,15.61391,15.61755,0.00,0.00
2012.05.24 17:23:26.477,15.61359,15.61723,0.00,0.00
2012.05.24 17:23:26.814,15.61339,15.61703,0.00,0.00
2012.05.24 17:23:27.137,15.61358,15.61721,0.00,0.00
2012.05.24 17:23:27.467,15.61381,15.61745,0.00,0.00
2012.05.24 17:23:27.790,15.61425,15.61789,0.00,0.00
2012.05.24 17:23:28.007,15.61415,15.61779,0.00,0.00
2012.05.24 17:23:28.069,15.61415,15.61781,0.00,0.00
2012.05.24 17:23:28.771,15.61501,15.61864,0.00,0.00
2012.05.24 17:23:29.958,15.61476,15.61839,0.00,0.00
2012.05.24 17:23:31.376,15.61459,15.61823,0.00,0.00
2012.05.24 17:23:32.015,15.6142,15.61785,0.00,0.00
2012.05.24 17:23:32.483,15.61336,15.61687,0.00,0.00
2012.05.24 17:23:32.811,15.61233,15.61597,0.00,0.00
2012.05.24 17:23:33.403,15.61233,15.61535,0.00,0.00
2012.05.24 17:23:34.532,15.61181,15.61545,0.00,0.00
2012.05.24 17:23:35.112,15.61135,15.61435,0.00,0.00
2012.05.24 17:23:35.184,15.61023,15.61382,0.00,0.00
2012.05.24 17:23:35.339,15.61194,15.61558,0.00,0.00
2012.05.24 17:23:35.680,15.61229,15.61593,0.00,0.00
2012.05.24 17:23:35.949,15.61091,15.61455,0.00,0.00
2012.05.24 17:23:36.068,15.61073,15.61435,0.00,0.00
2012.05.24 17:23:36.814,15.61073,15.61436,0.00,0.00
2012.05.24 17:23:37.158,15.61283,15.61647,0.00,0.00
2012.05.24 17:23:37.530,15.61103,15.61442,0.00,0.00
2012.05.24 17:23:37.592,15.6126,15.61623,0.00,0.00
2012.05.24 17:23:38.072,15.61292,15.61635,0.00,0.00
2012.05.24 17:23:38.754,15.6122,15.61586,0.00,0.00
2012.05.24 17:23:39.121,15.61285,15.61585,0.00,0.00
2012.05.24 17:23:39.534,15.61316,15.61679,0.00,0.00
2012.05.24 17:23:40.122,15.61368,15.61731,0.00,0.00
2012.05.24 17:23:40.833,15.61243,15.61548,0.00,0.00
2012.05.24 17:23:41.593,15.61365,15.61729,0.00,0.00
2012.05.24 17:23:42.045,15.6045,15.60754,0.00,0.00
2012.05.24 17:23:42.153,15.60423,15.60754,0.00,0.00
2012.05.24 17:23:42.220,15.60428,15.60791,0.00,0.00
2012.05.24 17:23:42.842,15.60313,15.60679,0.00,0.00
2012.05.24 17:23:43.180,15.60292,15.60658,0.00,0.00
2012.05.24 17:23:43.499,15.6029,15.60656,0.00,0.00
2012.05.24 17:23:44.103,15.60442,15.60806,0.00,0.00
2012.05.24 17:23:44.270,15.60319,15.60685,0.00,0.00
2012.05.24 17:23:44.532,15.60301,15.60667,0.00,0.00
2012.05.24 17:23:44.892,15.60342,15.60705,0.00,0.00
2012.05.24 17:23:45.230,15.60242,15.60608,0.00,0.00
2012.05.24 17:23:45.849,15.60162,15.60528,0.00,0.00
2012.05.24 17:23:46.190,15.59961,15.60327,0.00,0.00
2012.05.24 17:23:46.682,15.59784,15.6015,0.00,0.00
2012.05.24 17:23:47.002,15.59881,15.60247,0.00,0.00
2012.05.24 17:23:47.335,15.59952,15.60285,0.00,0.00
2012.05.24 17:23:47.679,15.59876,15.60242,0.00,0.00
2012.05.24 17:23:48.002,15.59794,15.6016,0.00,0.00
2012.05.24 17:23:48.664,15.59835,15.60201,0.00,0.00
2012.05.24 17:23:49.012,15.59943,15.60307,0.00,0.00
2012.05.24 17:23:49.069,15.59842,15.60208,0.00,0.00
2012.05.24 17:23:49.360,15.59923,15.60287,0.00,0.00
2012.05.24 17:23:49.710,15.59927,15.60291,0.00,0.00
2012.05.24 17:23:50.085,15.59971,15.60335,0.00,0.00
2012.05.24 17:23:50.413,15.60002,15.60368,0.00,0.00
2012.05.24 17:23:50.759,15.60051,15.60415,0.00,0.00
2012.05.24 17:23:52.033,15.60256,15.60619,0.00,0.00
2012.05.24 17:23:52.101,15.60184,15.60485,0.00,0.00
2012.05.24 17:23:52.680,15.60045,15.60349,0.00,0.00
2012.05.24 17:23:52.739,15.59983,15.60349,0.00,0.00
2012.05.24 17:23:52.838,15.60028,15.60394,0.00,0.00
2012.05.24 17:23:53.161,15.60236,15.606,0.00,0.00
2012.05.24 17:23:54.022,15.60234,15.60535,0.00,0.00
2012.05.24 17:23:54.384,15.60176,15.60539,0.00,0.00
2012.05.24 17:23:54.604,15.60196,15.60559,0.00,0.00
2012.05.24 17:23:55.045,15.60216,15.60579,0.00,0.00
2012.05.24 17:23:55.791,15.60184,15.60485,0.00,0.00
2012.05.24 17:23:58.022,15.60196,15.6056,0.00,0.00
2012.05.24 17:23:58.422,15.60216,15.6058,0.00,0.00
2012.05.24 17:23:58.980,15.60236,15.60599,0.00,0.00
2012.05.24 17:23:59.082,15.60234,15.60535,0.00,0.00
2012.05.24 17:24:00.531,15.60196,15.60559,0.00,0.00
2012.05.24 17:24:00.591,15.60176,15.60539,0.00,0.00
2012.05.24 17:24:01.120,15.60156,15.60485,0.00,0.00
2012.05.24 17:24:01.961,15.60013,15.60374,0.00,0.00
2012.05.24 17:24:02.567,15.60112,15.60477,0.00,0.00
2012.05.24 17:24:02.993,15.60012,15.60378,0.00,0.00
2012.05.24 17:24:03.305,15.59911,15.60277,0.00,0.00
2012.05.24 17:24:03.646,15.59966,15.60329,0.00,0.00
2012.05.24 17:24:03.967,15.59906,15.60272,0.00,0.00
2012.05.24 17:24:04.946,15.60012,15.60367,0.00,0.00
2012.05.24 17:24:05.039,15.59992,15.60356,0.00,0.00
2012.05.24 17:24:05.239,15.59972,15.60335,0.00,0.00
2012.05.24 17:24:05.301,15.59992,15.60356,0.00,0.00
2012.05.24 17:24:05.820,15.60012,15.60367,0.00,0.00
2012.05.24 17:24:05.939,15.59992,15.60356,0.00,0.00
2012.05.24 17:24:06.030,15.60012,15.60375,0.00,0.00
2012.05.24 17:24:06.350,15.59973,15.60337,0.00,0.00
2012.05.24 17:24:06.470,15.60032,15.60396,0.00,0.00
2012.05.24 17:24:06.576,15.59989,15.60353,0.00,0.00
2012.05.24 17:24:06.819,15.59905,15.60271,0.00,0.00
2012.05.24 17:24:07.006,15.59885,15.60251,0.00,0.00
2012.05.24 17:24:07.340,15.59772,15.60138,0.00,0.00
2012.05.24 17:24:07.722,15.59774,15.6014,0.00,0.00
2012.05.24 17:24:08.040,15.59752,15.60118,0.00,0.00
2012.05.24 17:24:08.654,15.59768,15.60134,0.00,0.00
2012.05.24 17:24:09.043,15.59803,15.60169,0.00,0.00
2012.05.24 17:24:09.993,15.59932,15.60296,0.00,0.00
2012.05.24 17:24:10.082,15.59932,15.60235,0.00,0.00
2012.05.24 17:24:10.250,15.59952,15.60316,0.00,0.00
2012.05.24 17:24:10.540,15.59894,15.60257,0.00,0.00
2012.05.24 17:24:10.602,15.60032,15.60395,0.00,0.00
2012.05.24 17:24:10.761,15.59887,15.60251,0.00,0.00
2012.05.24 17:24:11.140,15.59869,15.60235,0.00,0.00
2012.05.24 17:24:12.281,15.60012,15.60375,0.00,0.00
2012.05.24 17:24:13.053,15.59984,15.60285,0.00,0.00
2012.05.24 17:24:13.553,15.59992,15.60356,0.00,0.00
2012.05.24 17:24:14.631,15.60012,15.60376,0.00,0.00
2012.05.24 17:24:15.591,15.59972,15.60335,0.00,0.00
2012.05.24 17:24:15.649,15.59932,15.60295,0.00,0.00
2012.05.24 17:24:16.135,15.59952,15.60315,0.00,0.00
2012.05.24 17:24:16.682,15.59972,15.60335,0.00,0.00
2012.05.24 17:24:17.754,15.59952,15.60315,0.00,0.00
2012.05.24 17:24:18.091,15.60052,15.60415,0.00,0.00
2012.05.24 17:24:18.559,15.60072,15.60436,0.00,0.00
2012.05.24 17:24:18.640,15.59903,15.60263,0.00,0.00
2012.05.24 17:24:19.082,15.60072,15.60436,0.00,0.00
2012.05.24 17:24:19.183,15.59903,15.60266,0.00,0.00
2012.05.24 17:24:19.460,15.59923,15.60289,0.00,0.00
2012.05.24 17:24:19.823,15.59982,15.60348,0.00,0.00
2012.05.24 17:24:21.315,15.59998,15.60364,0.00,0.00
2012.05.24 17:24:21.841,15.60172,15.60485,0.00,0.00
2012.05.24 17:24:23.013,15.60232,15.60595,0.00,0.00
2012.05.24 17:24:23.179,15.60232,15.60535,0.00,0.00
2012.05.24 17:24:24.422,15.60053,15.60408,0.00,0.00
2012.05.24 17:24:24.974,15.60132,15.60498,0.00,0.00
2012.05.24 17:24:25.329,15.60038,15.60404,0.00,0.00
2012.05.24 17:24:26.510,15.60013,15.60355,0.00,0.00
2012.05.24 17:24:27.992,15.6006,15.60426,0.00,0.00
2012.05.24 17:24:29.059,15.60102,15.60468,0.00,0.00
2012.05.24 17:24:29.901,15.60214,15.60578,0.00,0.00
2012.05.24 17:24:30.453,15.60154,15.60517,0.00,0.00
2012.05.24 17:24:31.722,15.60134,15.60497,0.00,0.00
2012.05.24 17:24:32.244,15.59891,15.60257,0.00,0.00
2012.05.24 17:24:33.180,15.59907,15.60273,0.00,0.00
2012.05.24 17:24:35.300,15.59936,15.60302,0.00,0.00
2012.05.24 17:24:35.863,15.59952,15.60318,0.00,0.00
2012.05.24 17:24:37.014,15.59963,15.60301,0.00,0.00
2012.05.24 17:24:37.519,15.59963,15.6032,0.00,0.00
2012.05.24 17:24:38.198,15.59963,15.60299,0.00,0.00
2012.05.24 17:24:39.481,15.59963,15.60318,0.00,0.00
2012.05.24 17:24:40.005,15.59969,15.60335,0.00,0.00
2012.05.24 17:24:41.528,15.59948,15.60314,0.00,0.00
2012.05.24 17:24:41.860,15.5996,15.60264,0.00,0.00
2012.05.24 17:24:42.423,15.59943,15.60243,0.00,0.00
2012.05.24 17:24:43.235,15.59943,15.60261,0.00,0.00
2012.05.24 17:24:43.413,15.59963,15.60263,0.00,0.00
2012.05.24 17:24:44.200,15.59963,15.60277,0.00,0.00
2012.05.24 17:24:45.310,15.60122,15.60485,0.00,0.00
2012.05.24 17:24:45.644,15.60424,15.60788,0.00,0.00
2012.05.24 17:24:46.183,15.60405,15.60769,0.00,0.00
2012.05.24 17:24:46.250,15.60253,15.6059,0.00,0.00
2012.05.24 17:24:46.394,15.60418,15.60781,0.00,0.00
2012.05.24 17:24:46.749,15.60353,15.60654,0.00,0.00
2012.05.24 17:24:46.810,15.60435,15.60799,0.00,0.00
2012.05.24 17:24:46.871,15.60543,15.60843,0.00,0.00
2012.05.24 17:24:47.141,15.60543,15.60844,0.00,0.00
2012.05.24 17:24:47.199,15.60543,15.60858,0.00,0.00
2012.05.24 17:24:47.292,15.60583,15.60884,0.00,0.00
2012.05.24 17:24:47.647,15.60513,15.60876,0.00,0.00
2012.05.24 17:24:47.732,15.60543,15.60876,0.00,0.00
2012.05.24 17:24:47.811,15.60479,15.60783,0.00,0.00
2012.05.24 17:24:48.061,15.60503,15.60803,0.00,0.00
2012.05.24 17:24:48.119,15.60451,15.60755,0.00,0.00
2012.05.24 17:24:48.181,15.60463,15.60763,0.00,0.00
2012.05.24 17:24:48.422,15.60435,15.60739,0.00,0.00
2012.05.24 17:24:48.502,15.60433,15.60739,0.00,0.00
2012.05.24 17:24:48.559,15.60433,15.60799,0.00,0.00
2012.05.24 17:24:49.127,15.60343,15.6066,0.00,0.00
2012.05.24 17:24:49.496,15.60393,15.60732,0.00,0.00
2012.05.24 17:24:50.033,15.60443,15.60744,0.00,0.00
2012.05.24 17:24:50.372,15.60372,15.60676,0.00,0.00
2012.05.24 17:24:50.491,15.60373,15.60676,0.00,0.00
2012.05.24 17:24:50.859,15.60356,15.6066,0.00,0.00
2012.05.24 17:24:51.070,15.60361,15.60665,0.00,0.00
2012.05.24 17:24:51.610,15.60373,15.60688,0.00,0.00
2012.05.24 17:24:51.776,15.60324,15.60628,0.00,0.00
2012.05.24 17:24:51.841,15.60353,15.60654,0.00,0.00
2012.05.24 17:24:51.912,15.60363,15.60664,0.00,0.00
2012.05.24 17:24:51.979,15.60363,15.60704,0.00,0.00
2012.05.24 17:24:52.039,15.60403,15.60704,0.00,0.00
2012.05.24 17:24:52.160,15.60403,15.60709,0.00,0.00
2012.05.24 17:24:52.721,15.60341,15.60645,0.00,0.00
2012.05.24 17:24:53.375,15.60415,15.60781,0.00,0.00
2012.05.24 17:24:54.059,15.60338,15.60704,0.00,0.00
2012.05.24 17:24:56.148,15.60163,15.60501,0.00,0.00
2012.05.24 17:24:56.581,15.60163,15.60519,0.00,0.00
2012.05.24 17:24:56.970,15.60338,15.60701,0.00,0.00
2012.05.24 17:24:59.739,15.60191,15.60495,0.00,0.00
2012.05.24 17:25:00.091,15.60153,15.60454,0.00,0.00
2012.05.24 17:25:00.151,15.60053,15.60388,0.00,0.00
2012.05.24 17:25:00.276,15.60053,15.60367,0.00,0.00
2012.05.24 17:25:00.606,15.60033,15.60344,0.00,0.00
2012.05.24 17:25:00.949,15.59963,15.6028,0.00,0.00
2012.05.24 17:25:01.283,15.59949,15.60315,0.00,0.00
2012.05.24 17:25:01.592,15.59943,15.60271,0.00,0.00
2012.05.24 17:25:02.212,15.59863,15.60198,0.00,0.00
2012.05.24 17:25:02.941,15.59931,15.60297,0.00,0.00
2012.05.24 17:25:03.488,15.59993,15.60316,0.00,0.00
2012.05.24 17:25:03.800,15.60013,15.60371,0.00,0.00
2012.05.24 17:25:04.192,15.60163,15.60469,0.00,0.00
2012.05.24 17:25:05.793,15.60311,15.60675,0.00,0.00
2012.05.24 17:25:05.860,15.60163,15.60474,0.00,0.00
2012.05.24 17:25:06.209,15.60093,15.60456,0.00,0.00
2012.05.24 17:25:07.251,15.6009,15.60394,0.00,0.00
2012.05.24 17:25:07.310,15.60143,15.60444,0.00,0.00
2012.05.24 17:25:07.371,15.60013,15.60317,0.00,0.00
2012.05.24 17:25:07.492,15.59993,15.60317,0.00,0.00
2012.05.24 17:25:07.989,15.59973,15.60297,0.00,0.00
2012.05.24 17:25:08.323,15.59888,15.60192,0.00,0.00
2012.05.24 17:25:09.001,15.59893,15.60222,0.00,0.00
2012.05.24 17:25:09.309,15.59893,15.60238,0.00,0.00
2012.05.24 17:25:09.803,15.59953,15.60275,0.00,0.00
2012.05.24 17:25:10.236,15.59953,15.60291,0.00,0.00
2012.05.24 17:25:10.682,15.59893,15.60248,0.00,0.00
2012.05.24 17:25:11.231,15.59893,15.60231,0.00,0.00
2012.05.24 17:25:11.580,15.59893,15.60235,0.00,0.00
2012.05.24 17:25:12.669,15.59913,15.60258,0.00,0.00
2012.05.24 17:25:15.582,15.59913,15.60241,0.00,0.00
2012.05.24 17:25:17.260,15.59883,15.60207,0.00,0.00
2012.05.24 17:25:18.119,15.59863,15.60224,0.00,0.00
2012.05.24 17:25:19.548,15.60025,15.60389,0.00,0.00
2012.05.24 17:25:20.087,15.59938,15.60304,0.00,0.00
2012.05.24 17:25:20.471,15.59977,15.60285,0.00,0.00
2012.05.24 17:25:20.949,15.59933,15.60297,0.00,0.00
2012.05.24 17:25:21.352,15.59838,15.60204,0.00,0.00
2012.05.24 17:25:23.225,15.595,15.59804,0.00,0.00
2012.05.24 17:25:23.332,15.59438,15.59804,0.00,0.00
2012.05.24 17:25:23.389,15.59607,15.59973,0.00,0.00
2012.05.24 17:25:23.720,15.59523,15.59836,0.00,0.00
2012.05.24 17:25:23.872,15.59452,15.59816,0.00,0.00
2012.05.24 17:25:24.090,15.59519,15.59883,0.00,0.00
2012.05.24 17:25:24.421,15.59593,15.59957,0.00,0.00
2012.05.24 17:25:24.491,15.59593,15.59959,0.00,0.00
2012.05.24 17:25:24.855,15.59613,15.59979,0.00,0.00
2012.05.24 17:25:25.798,15.59595,15.59961,0.00,0.00
2012.05.24 17:25:26.340,15.59579,15.59945,0.00,0.00
2012.05.24 17:25:26.793,15.5956,15.59926,0.00,0.00
2012.05.24 17:25:28.266,15.59593,15.59944,0.00,0.00
2012.05.24 17:25:28.600,15.5969,15.60053,0.00,0.00
2012.05.24 17:25:29.203,15.59785,15.60085,0.00,0.00
2012.05.24 17:25:29.369,15.59703,15.60054,0.00,0.00
2012.05.24 17:25:29.919,15.59743,15.60093,0.00,0.00
2012.05.24 17:25:30.285,15.59803,15.60112,0.00,0.00
2012.05.24 17:25:30.701,15.59803,15.60134,0.00,0.00
2012.05.24 17:25:31.576,15.59803,15.60118,0.00,0.00
2012.05.24 17:25:32.422,15.59803,15.60144,0.00,0.00
2012.05.24 17:25:33.001,15.59803,15.6016,0.00,0.00
2012.05.24 17:25:33.550,15.59823,15.60144,0.00,0.00
2012.05.24 17:25:34.165,15.59793,15.60117,0.00,0.00
2012.05.24 17:25:36.310,15.59773,15.60098,0.00,0.00
2012.05.24 17:25:37.292,15.59901,15.60265,0.00,0.00
2012.05.24 17:25:37.604,15.59753,15.60108,0.00,0.00
2012.05.24 17:25:37.990,15.59793,15.60145,0.00,0.00
2012.05.24 17:25:38.450,15.59903,15.6021,0.00,0.00
2012.05.24 17:25:38.761,15.59933,15.60251,0.00,0.00
2012.05.24 17:25:39.101,15.60175,15.60539,0.00,0.00
2012.05.24 17:25:39.201,15.60141,15.60505,0.00,0.00
2012.05.24 17:25:39.489,15.59993,15.60314,0.00,0.00
2012.05.24 17:25:39.750,15.60132,15.60498,0.00,0.00
2012.05.24 17:25:40.127,15.59993,15.60307,0.00,0.00
2012.05.24 17:25:40.691,15.59953,15.60257,0.00,0.00
2012.05.24 17:25:40.752,15.59943,15.60257,0.00,0.00
2012.05.24 17:25:40.851,15.5987,15.60174,0.00,0.00
2012.05.24 17:25:40.971,15.59823,15.60174,0.00,0.00
2012.05.24 17:25:42.247,15.59791,15.60095,0.00,0.00
2012.05.24 17:25:42.310,15.59803,15.60103,0.00,0.00
2012.05.24 17:25:42.370,15.5989,15.60256,0.00,0.00
2012.05.24 17:25:42.502,15.59713,15.60019,0.00,0.00
2012.05.24 17:25:43.111,15.59671,15.60037,0.00,0.00
2012.05.24 17:25:43.734,15.59887,15.60237,0.00,0.00
2012.05.24 17:25:44.162,15.59904,15.60267,0.00,0.00
2012.05.24 17:25:44.500,15.59884,15.60185,0.00,0.00
2012.05.24 17:25:45.370,15.59886,15.6025,0.00,0.00
2012.05.24 17:25:45.429,15.59765,15.60131,0.00,0.00
2012.05.24 17:25:45.670,15.59745,15.60109,0.00,0.00
2012.05.24 17:25:46.569,15.59735,15.60035,0.00,0.00
2012.05.24 17:25:47.029,15.59545,15.59911,0.00,0.00
2012.05.24 17:25:47.519,15.59517,15.59883,0.00,0.00
2012.05.24 17:25:48.461,15.59467,15.59833,0.00,0.00
2012.05.24 17:25:49.071,15.59541,15.59905,0.00,0.00
2012.05.24 17:25:49.409,15.59579,15.59943,0.00,0.00
2012.05.24 17:25:49.780,15.59563,15.59925,0.00,0.00
2012.05.24 17:25:50.110,15.59805,15.60167,0.00,0.00
2012.05.24 17:25:50.441,15.59785,15.60085,0.00,0.00
2012.05.24 17:25:50.531,15.59785,15.60149,0.00,0.00
2012.05.24 17:25:51.039,15.59745,15.60109,0.00,0.00
2012.05.24 17:25:51.451,15.59785,15.60148,0.00,0.00
2012.05.24 17:25:51.862,15.59805,15.60169,0.00,0.00
2012.05.24 17:25:51.993,15.59785,15.60149,0.00,0.00
2012.05.24 17:25:52.161,15.59765,15.60129,0.00,0.00
2012.05.24 17:25:52.311,15.59745,15.60109,0.00,0.00
2012.05.24 17:25:52.702,15.59765,15.60129,0.00,0.00
2012.05.24 17:25:53.460,15.59877,15.60241,0.00,0.00
2012.05.24 17:25:54.382,15.59857,15.60221,0.00,0.00
2012.05.24 17:25:54.510,15.59835,15.60135,0.00,0.00
2012.05.24 17:25:56.502,15.59879,15.60242,0.00,0.00
2012.05.24 17:25:56.981,15.59855,15.60219,0.00,0.00
2012.05.24 17:25:57.532,15.59877,15.60241,0.00,0.00
2012.05.24 17:25:59.280,15.59693,15.60001,0.00,0.00
2012.05.24 17:25:59.929,15.59623,15.59984,0.00,0.00
2012.05.24 17:26:00.620,15.59803,15.60167,0.00,0.00
2012.05.24 17:26:01.290,15.59786,15.60147,0.00,0.00
2012.05.24 17:26:01.521,15.59766,15.6013,0.00,0.00
2012.05.24 17:26:03.188,15.5963,15.59996,0.00,0.00
2012.05.24 17:26:03.299,15.59775,15.60139,0.00,0.00
2012.05.24 17:26:03.755,15.59775,15.60085,0.00,0.00
2012.05.24 17:26:03.851,15.59745,15.60109,0.00,0.00
2012.05.24 17:26:04.388,15.59762,15.60126,0.00,0.00
2012.05.24 17:26:04.740,15.59734,15.60035,0.00,0.00
2012.05.24 17:26:05.157,15.59783,15.60147,0.00,0.00
2012.05.24 17:26:05.460,15.59809,15.60167,0.00,0.00
2012.05.24 17:26:05.892,15.59785,15.60085,0.00,0.00
2012.05.24 17:26:06.273,15.59835,15.60198,0.00,0.00
2012.05.24 17:26:06.340,15.59634,15.6,0.00,0.00
2012.05.24 17:26:07.109,15.59842,15.60206,0.00,0.00
2012.05.24 17:26:07.561,15.59858,15.60222,0.00,0.00
2012.05.24 17:26:08.152,15.59959,15.60323,0.00,0.00
2012.05.24 17:26:08.540,15.59941,15.60305,0.00,0.00
2012.05.24 17:26:08.699,15.59935,15.60235,0.00,0.00
2012.05.24 17:26:08.763,15.59793,15.60112,0.00,0.00
2012.05.24 17:26:10.014,15.5982,15.60186,0.00,0.00
2012.05.24 17:26:10.673,15.59773,15.60135,0.00,0.00
2012.05.24 17:26:11.106,15.5981,15.60176,0.00,0.00
2012.05.24 17:26:11.545,15.59829,15.60195,0.00,0.00
2012.05.24 17:26:12.112,15.5994,15.60287,0.00,0.00
2012.05.24 17:26:12.169,15.59743,15.60053,0.00,0.00
2012.05.24 17:26:12.499,15.59673,15.59991,0.00,0.00
2012.05.24 17:26:12.945,15.59645,15.59949,0.00,0.00
2012.05.24 17:26:13.010,15.59583,15.59949,0.00,0.00
2012.05.24 17:26:13.112,15.59735,15.60101,0.00,0.00
2012.05.24 17:26:13.650,15.59735,15.60035,0.00,0.00
2012.05.24 17:26:14.707,15.59758,15.60122,0.00,0.00
2012.05.24 17:26:15.039,15.59703,15.60025,0.00,0.00
2012.05.24 17:26:15.146,15.59857,15.60221,0.00,0.00
2012.05.24 17:26:15.631,15.59845,15.60209,0.00,0.00
2012.05.24 17:26:15.791,15.59835,15.60135,0.00,0.00
2012.05.24 17:26:17.335,15.59865,15.60228,0.00,0.00
2012.05.24 17:26:17.460,15.59845,15.60209,0.00,0.00
2012.05.24 17:26:17.830,15.59845,15.60185,0.00,0.00
2012.05.24 17:26:18.762,15.59835,15.60135,0.00,0.00
2012.05.24 17:26:20.022,15.59829,15.60193,0.00,0.00
2012.05.24 17:26:23.270,15.59804,15.60167,0.00,0.00
2012.05.24 17:26:23.739,15.59808,15.60171,0.00,0.00
2012.05.24 17:26:27.902,15.5978,15.60143,0.00,0.00
2012.05.24 17:26:28.391,15.59685,15.59985,0.00,0.00
2012.05.24 17:26:28.452,15.59665,15.60029,0.00,0.00
2012.05.24 17:26:29.371,15.59679,15.60043,0.00,0.00
2012.05.24 17:26:30.062,15.59702,15.60066,0.00,0.00
2012.05.24 17:26:30.485,15.59517,15.59817,0.00,0.00
2012.05.24 17:26:30.552,15.59451,15.59817,0.00,0.00
2012.05.24 17:26:30.870,15.59485,15.59851,0.00,0.00
2012.05.24 17:26:31.251,15.59485,15.59785,0.00,0.00
2012.05.24 17:26:31.710,15.59432,15.59795,0.00,0.00
2012.05.24 17:26:33.276,15.59415,15.59779,0.00,0.00
2012.05.24 17:26:33.816,15.59341,15.59707,0.00,0.00
2012.05.24 17:26:34.212,15.59335,15.59635,0.00,0.00
2012.05.24 17:26:34.331,15.59321,15.59685,0.00,0.00
2012.05.24 17:26:34.505,15.59278,15.59641,0.00,0.00
2012.05.24 17:26:34.926,15.59318,15.59681,0.00,0.00
2012.05.24 17:26:35.236,15.59284,15.59585,0.00,0.00
2012.05.24 17:26:36.023,15.59336,15.597,0.00,0.00
2012.05.24 17:26:36.094,15.59316,15.5968,0.00,0.00
2012.05.24 17:26:36.160,15.59316,15.59635,0.00,0.00
2012.05.24 17:26:36.637,15.59296,15.59659,0.00,0.00
2012.05.24 17:26:37.133,15.59276,15.59585,0.00,0.00
2012.05.24 17:26:37.554,15.59123,15.5944,0.00,0.00
2012.05.24 17:26:38.231,15.59234,15.59535,0.00,0.00
2012.05.24 17:26:38.404,15.59132,15.59498,0.00,0.00
2012.05.24 17:26:38.956,15.59336,15.597,0.00,0.00
2012.05.24 17:26:39.202,15.59463,15.59827,0.00,0.00
2012.05.24 17:26:39.411,15.5944,15.59804,0.00,0.00
2012.05.24 17:26:39.802,15.59462,15.59817,0.00,0.00
2012.05.24 17:26:39.864,15.59392,15.59756,0.00,0.00
2012.05.24 17:26:40.130,15.59431,15.59795,0.00,0.00
2012.05.24 17:26:40.468,15.59449,15.59813,0.00,0.00
2012.05.24 17:26:41.269,15.59435,15.59735,0.00,0.00
2012.05.24 17:26:41.585,15.59509,15.59872,0.00,0.00
2012.05.24 17:26:41.915,15.59532,15.59896,0.00,0.00
2012.05.24 17:26:42.078,15.59508,15.59872,0.00,0.00
2012.05.24 17:26:42.142,15.59508,15.59835,0.00,0.00
2012.05.24 17:26:42.283,15.59526,15.59889,0.00,0.00
2012.05.24 17:26:42.981,15.59443,15.59809,0.00,0.00
2012.05.24 17:26:43.309,15.59493,15.59857,0.00,0.00
2012.05.24 17:26:43.650,15.59513,15.59877,0.00,0.00
2012.05.24 17:26:43.988,15.59534,15.59898,0.00,0.00
2012.05.24 17:26:44.050,15.59448,15.59812,0.00,0.00
2012.05.24 17:26:44.110,15.59414,15.59777,0.00,0.00
2012.05.24 17:26:45.280,15.59436,15.598,0.00,0.00
2012.05.24 17:26:45.539,15.59143,15.59501,0.00,0.00
2012.05.24 17:26:45.599,15.5931,15.59676,0.00,0.00
2012.05.24 17:26:46.061,15.59143,15.59482,0.00,0.00
2012.05.24 17:26:46.564,15.59185,15.59551,0.00,0.00
2012.05.24 17:26:46.943,15.59336,15.597,0.00,0.00
2012.05.24 17:26:47.140,15.59426,15.59735,0.00,0.00
2012.05.24 17:26:47.312,15.59398,15.59761,0.00,0.00
2012.05.24 17:26:48.654,15.59472,15.59836,0.00,0.00
2012.05.24 17:26:49.181,15.59472,15.59835,0.00,0.00
2012.05.24 17:26:49.959,15.59455,15.59821,0.00,0.00
2012.05.24 17:26:50.311,15.59207,15.59573,0.00,0.00
2012.05.24 17:26:50.861,15.59197,15.59563,0.00,0.00
2012.05.24 17:26:51.179,15.59216,15.59582,0.00,0.00
2012.05.24 17:26:52.375,15.59198,15.59564,0.00,0.00
2012.05.24 17:26:52.713,15.59183,15.59492,0.00,0.00
2012.05.24 17:26:53.151,15.59195,15.59561,0.00,0.00
2012.05.24 17:26:54.236,15.59183,15.59543,0.00,0.00
2012.05.24 17:26:54.648,15.59304,15.59667,0.00,0.00
2012.05.24 17:26:57.492,15.59141,15.59445,0.00,0.00
2012.05.24 17:26:57.549,15.59123,15.59445,0.00,0.00
2012.05.24 17:26:58.465,15.59052,15.59356,0.00,0.00
2012.05.24 17:26:58.933,15.59103,15.59404,0.00,0.00
2012.05.24 17:26:59.375,15.59073,15.59374,0.00,0.00
2012.05.24 17:26:59.442,15.59023,15.59332,0.00,0.00
2012.05.24 17:26:59.633,15.59078,15.59441,0.00,0.00
2012.05.24 17:27:00.289,15.58946,15.59312,0.00,0.00
2012.05.24 17:27:00.671,15.59015,15.59335,0.00,0.00
2012.05.24 17:27:01.190,15.59134,15.59497,0.00,0.00
2012.05.24 17:27:01.250,15.59096,15.5946,0.00,0.00
2012.05.24 17:27:01.409,15.58983,15.59295,0.00,0.00
2012.05.24 17:27:01.471,15.59117,15.59481,0.00,0.00
2012.05.24 17:27:01.630,15.59063,15.59379,0.00,0.00
2012.05.24 17:27:01.911,15.59003,15.59366,0.00,0.00
2012.05.24 17:27:02.733,15.58995,15.59299,0.00,0.00
2012.05.24 17:27:02.926,15.59097,15.59463,0.00,0.00
2012.05.24 17:27:03.449,15.59078,15.59444,0.00,0.00
2012.05.24 17:27:04.414,15.59094,15.59457,0.00,0.00
2012.05.24 17:27:05.297,15.59084,15.59385,0.00,0.00
2012.05.24 17:27:05.620,15.59094,15.59435,0.00,0.00
2012.05.24 17:27:07.180,15.58998,15.59302,0.00,0.00
2012.05.24 17:27:07.835,15.59079,15.59445,0.00,0.00
2012.05.24 17:27:08.006,15.59033,15.59345,0.00,0.00
2012.05.24 17:27:08.373,15.59103,15.59439,0.00,0.00
2012.05.24 17:27:08.732,15.59093,15.59456,0.00,0.00
2012.05.24 17:27:09.043,15.59188,15.59492,0.00,0.00
2012.05.24 17:27:11.312,15.59173,15.59492,0.00,0.00
2012.05.24 17:27:11.369,15.59276,15.59642,0.00,0.00
2012.05.24 17:27:12.361,15.5906,15.59364,0.00,0.00
2012.05.24 17:27:12.420,15.59093,15.59394,0.00,0.00
2012.05.24 17:27:14.110,15.59044,15.59348,0.00,0.00
2012.05.24 17:27:14.169,15.59073,15.59374,0.00,0.00
2012.05.24 17:27:15.811,15.59179,15.59543,0.00,0.00
2012.05.24 17:27:16.363,15.59003,15.59366,0.00,0.00
2012.05.24 17:27:17.032,15.59113,15.59413,0.00,0.00
2012.05.24 17:27:18.170,15.5909,15.59394,0.00,0.00
2012.05.24 17:27:18.343,15.59033,15.59396,0.00,0.00
2012.05.24 17:27:18.409,15.59133,15.59438,0.00,0.00
2012.05.24 17:27:19.011,15.59153,15.59454,0.00,0.00
2012.05.24 17:27:19.564,15.59099,15.59403,0.00,0.00
2012.05.24 17:27:20.085,15.59093,15.59393,0.00,0.00
2012.05.24 17:27:20.150,15.59077,15.59381,0.00,0.00
2012.05.24 17:27:20.261,15.59093,15.5941,0.00,0.00
2012.05.24 17:27:20.322,15.59123,15.59424,0.00,0.00
2012.05.24 17:27:20.754,15.59087,15.59391,0.00,0.00
2012.05.24 17:27:20.981,15.59083,15.59391,0.00,0.00
2012.05.24 17:27:21.241,15.59123,15.59423,0.00,0.00
2012.05.24 17:27:21.349,15.59123,15.59442,0.00,0.00
2012.05.24 17:27:21.570,15.59173,15.59474,0.00,0.00
2012.05.24 17:27:21.889,15.59122,15.59426,0.00,0.00
2012.05.24 17:27:23.032,15.59139,15.59443,0.00,0.00
2012.05.24 17:27:23.622,15.59183,15.59483,0.00,0.00
2012.05.24 17:27:23.741,15.59159,15.59463,0.00,0.00
2012.05.24 17:27:23.915,15.59488,15.59851,0.00,0.00
2012.05.24 17:27:23.981,15.59317,15.59681,0.00,0.00
2012.05.24 17:27:24.133,15.59403,15.59704,0.00,0.00
2012.05.24 17:27:24.450,15.59373,15.59674,0.00,0.00
2012.05.24 17:27:24.718,15.59344,15.59648,0.00,0.00
2012.05.24 17:27:24.903,15.59492,15.59858,0.00,0.00
2012.05.24 17:27:25.125,15.594,15.59704,0.00,0.00
2012.05.24 17:27:25.563,15.59378,15.59682,0.00,0.00
2012.05.24 17:27:26.852,15.59456,15.59822,0.00,0.00
2012.05.24 17:27:26.977,15.59393,15.59739,0.00,0.00
2012.05.24 17:27:27.390,15.59373,15.59727,0.00,0.00
2012.05.24 17:27:27.745,15.59342,15.59646,0.00,0.00
2012.05.24 17:27:28.403,15.59423,15.59724,0.00,0.00
2012.05.24 17:27:29.627,15.59359,15.59663,0.00,0.00
2012.05.24 17:27:29.792,15.59379,15.59683,0.00,0.00
2012.05.24 17:27:29.978,15.5936,15.59664,0.00,0.00
2012.05.24 17:27:30.398,15.59341,15.59645,0.00,0.00
2012.05.24 17:27:30.575,15.59359,15.59663,0.00,0.00
2012.05.24 17:27:30.781,15.59378,15.59682,0.00,0.00
2012.05.24 17:27:31.717,15.59362,15.59666,0.00,0.00
2012.05.24 17:27:32.202,15.59338,15.59642,0.00,0.00
2012.05.24 17:27:32.691,15.59353,15.59654,0.00,0.00
2012.05.24 17:27:32.756,15.5939,15.59756,0.00,0.00
2012.05.24 17:27:33.357,15.59413,15.59722,0.00,0.00
2012.05.24 17:27:33.685,15.59443,15.59744,0.00,0.00
2012.05.24 17:27:34.142,15.5936,15.59664,0.00,0.00
2012.05.24 17:27:34.505,15.59376,15.5968,0.00,0.00
2012.05.24 17:27:34.883,15.59443,15.59744,0.00,0.00
2012.05.24 17:27:35.641,15.59418,15.59722,0.00,0.00
2012.05.24 17:27:35.716,15.59393,15.59697,0.00,0.00
2012.05.24 17:27:36.541,15.59423,15.59727,0.00,0.00
2012.05.24 17:27:36.978,15.59458,15.59762,0.00,0.00
2012.05.24 17:27:37.042,15.59543,15.59844,0.00,0.00
2012.05.24 17:27:37.141,15.59644,15.60008,0.00,0.00
2012.05.24 17:27:37.681,15.59644,15.6001,0.00,0.00
2012.05.24 17:27:37.913,15.59802,15.60165,0.00,0.00
2012.05.24 17:27:37.982,15.59767,15.60131,0.00,0.00
2012.05.24 17:27:38.192,15.59788,15.60152,0.00,0.00
2012.05.24 17:27:38.522,15.59772,15.60135,0.00,0.00
2012.05.24 17:27:38.701,15.59723,15.60089,0.00,0.00
2012.05.24 17:27:39.064,15.59704,15.6007,0.00,0.00
2012.05.24 17:27:39.400,15.59743,15.60082,0.00,0.00
2012.05.24 17:27:39.904,15.59823,15.60124,0.00,0.00
2012.05.24 17:27:40.235,15.59863,15.60163,0.00,0.00
2012.05.24 17:27:40.334,15.59778,15.60082,0.00,0.00
2012.05.24 17:27:41.330,15.59843,15.60144,0.00,0.00
2012.05.24 17:27:41.389,15.59883,15.60249,0.00,0.00
2012.05.24 17:27:42.551,15.59863,15.60229,0.00,0.00
2012.05.24 17:27:43.625,15.5969,15.59994,0.00,0.00
2012.05.24 17:27:43.691,15.59773,15.60074,0.00,0.00
2012.05.24 17:27:43.850,15.59668,15.59972,0.00,0.00
2012.05.24 17:27:43.910,15.59733,15.60034,0.00,0.00
2012.05.24 17:27:43.970,15.59648,15.59952,0.00,0.00
2012.05.24 17:27:44.703,15.59678,15.59982,0.00,0.00
2012.05.24 17:27:45.401,15.59763,15.60064,0.00,0.00
2012.05.24 17:27:47.050,15.59723,15.60024,0.00,0.00
2012.05.24 17:27:47.110,15.59643,15.59947,0.00,0.00
2012.05.24 17:27:47.194,15.59661,15.59965,0.00,0.00
2012.05.24 17:27:47.412,15.59678,15.59982,0.00,0.00
2012.05.24 17:27:47.600,15.59753,15.60054,0.00,0.00
2012.05.24 17:27:49.042,15.59659,15.59963,0.00,0.00
2012.05.24 17:27:49.243,15.59673,15.59973,0.00,0.00
2012.05.24 17:27:49.309,15.59673,15.59979,0.00,0.00
2012.05.24 17:27:49.371,15.59713,15.60013,0.00,0.00
2012.05.24 17:27:49.800,15.59753,15.60053,0.00,0.00
2012.05.24 17:27:50.674,15.59723,15.60023,0.00,0.00
2012.05.24 17:27:50.741,15.59723,15.60084,0.00,0.00
2012.05.24 17:27:50.921,15.59633,15.59937,0.00,0.00
2012.05.24 17:27:51.236,15.59703,15.60003,0.00,0.00
2012.05.24 17:27:51.334,15.59622,15.59926,0.00,0.00
2012.05.24 17:27:51.714,15.59598,15.59902,0.00,0.00
2012.05.24 17:27:52.221,15.59663,15.59964,0.00,0.00
2012.05.24 17:27:52.632,15.59582,15.59886,0.00,0.00
2012.05.24 17:27:53.809,15.59663,15.59982,0.00,0.00
2012.05.24 17:27:53.871,15.59693,15.59994,0.00,0.00
2012.05.24 17:27:54.202,15.59723,15.60024,0.00,0.00
2012.05.24 17:27:55.049,15.59763,15.60064,0.00,0.00
2012.05.24 17:27:55.116,15.5987,15.60233,0.00,0.00
2012.05.24 17:27:55.240,15.59816,15.60182,0.00,0.00
2012.05.24 17:27:55.552,15.59653,15.59954,0.00,0.00
2012.05.24 17:27:56.247,15.59653,15.59953,0.00,0.00
2012.05.24 17:27:58.969,15.59583,15.59897,0.00,0.00
2012.05.24 17:27:59.090,15.59518,15.59822,0.00,0.00
2012.05.24 17:27:59.421,15.59521,15.59825,0.00,0.00
2012.05.24 17:27:59.631,15.59603,15.59903,0.00,0.00
2012.05.24 17:28:00.181,15.59543,15.59843,0.00,0.00
2012.05.24 17:28:00.255,15.59483,15.59787,0.00,0.00
2012.05.24 17:28:00.321,15.59501,15.59805,0.00,0.00
2012.05.24 17:28:00.403,15.59593,15.59894,0.00,0.00
2012.05.24 17:28:00.470,15.59517,15.59821,0.00,0.00
2012.05.24 17:28:01.942,15.59563,15.59863,0.00,0.00
2012.05.24 17:28:02.220,15.59425,15.59729,0.00,0.00
2012.05.24 17:28:02.283,15.59425,15.59729,0.00,0.00
2012.05.24 17:28:02.604,15.59523,15.59824,0.00,0.00
2012.05.24 17:28:02.674,15.59443,15.59747,0.00,0.00
2012.05.24 17:28:02.976,15.59422,15.59726,0.00,0.00
2012.05.24 17:28:03.921,15.59503,15.59804,0.00,0.00
2012.05.24 17:28:04.586,15.59483,15.59784,0.00,0.00
2012.05.24 17:28:05.492,15.59379,15.59683,0.00,0.00
2012.05.24 17:28:05.569,15.59363,15.59683,0.00,0.00
2012.05.24 17:28:05.630,15.59264,15.59568,0.00,0.00
2012.05.24 17:28:05.691,15.59313,15.59614,0.00,0.00
2012.05.24 17:28:05.790,15.59293,15.59594,0.00,0.00
2012.05.24 17:28:06.430,15.59246,15.5955,0.00,0.00
2012.05.24 17:28:06.541,15.59321,15.59687,0.00,0.00
2012.05.24 17:28:06.659,15.593,15.59666,0.00,0.00
2012.05.24 17:28:06.990,15.5925,15.59616,0.00,0.00
2012.05.24 17:28:07.380,15.59216,15.59582,0.00,0.00
2012.05.24 17:28:08.177,15.59076,15.5938,0.00,0.00
2012.05.24 17:28:08.319,15.59216,15.59582,0.00,0.00
2012.05.24 17:28:08.473,15.59201,15.59505,0.00,0.00
2012.05.24 17:28:08.854,15.59238,15.59542,0.00,0.00
2012.05.24 17:28:09.642,15.59183,15.59542,0.00,0.00
2012.05.24 17:28:09.699,15.59283,15.59649,0.00,0.00
2012.05.24 17:28:10.130,15.59143,15.59453,0.00,0.00
2012.05.24 17:28:10.537,15.59264,15.5963,0.00,0.00
2012.05.24 17:28:11.003,15.59176,15.59542,0.00,0.00
2012.05.24 17:28:11.331,15.59077,15.59443,0.00,0.00
2012.05.24 17:28:11.671,15.59016,15.59382,0.00,0.00
2012.05.24 17:28:12.425,15.58956,15.59322,0.00,0.00
2012.05.24 17:28:12.891,15.58976,15.59342,0.00,0.00
2012.05.24 17:28:13.241,15.59011,15.59375,0.00,0.00
2012.05.24 17:28:13.306,15.58974,15.59337,0.00,0.00
2012.05.24 17:28:13.633,15.58916,15.59282,0.00,0.00
2012.05.24 17:28:14.683,15.58803,15.59124,0.00,0.00
2012.05.24 17:28:15.102,15.58897,15.59235,0.00,0.00
2012.05.24 17:28:15.607,15.58914,15.59277,0.00,0.00
2012.05.24 17:28:17.182,15.58896,15.59262,0.00,0.00
2012.05.24 17:28:17.780,15.58827,15.59193,0.00,0.00
2012.05.24 17:28:18.165,15.58593,15.58932,0.00,0.00
2012.05.24 17:28:18.499,15.58716,15.59082,0.00,0.00
2012.05.24 17:28:19.171,15.58543,15.58856,0.00,0.00
2012.05.24 17:28:19.662,15.58656,15.59022,0.00,0.00
2012.05.24 17:28:20.094,15.58632,15.58998,0.00,0.00
2012.05.24 17:28:20.440,15.5872,15.59024,0.00,0.00
2012.05.24 17:28:20.670,15.58739,15.59041,0.00,0.00
2012.05.24 17:28:20.811,15.58763,15.59064,0.00,0.00
2012.05.24 17:28:20.923,15.58761,15.59063,0.00,0.00
2012.05.24 17:28:21.316,15.58763,15.59067,0.00,0.00
2012.05.24 17:28:21.382,15.58898,15.59261,0.00,0.00
2012.05.24 17:28:21.769,15.58703,15.59066,0.00,0.00
2012.05.24 17:28:21.831,15.58773,15.59074,0.00,0.00
2012.05.24 17:28:22.459,15.58743,15.59066,0.00,0.00
2012.05.24 17:28:22.520,15.58737,15.59041,0.00,0.00
2012.05.24 17:28:22.903,15.58777,15.59143,0.00,0.00
2012.05.24 17:28:23.320,15.58616,15.58982,0.00,0.00
2012.05.24 17:28:23.780,15.58596,15.58962,0.00,0.00
2012.05.24 17:28:24.103,15.58516,15.58882,0.00,0.00
2012.05.24 17:28:25.100,15.58484,15.58785,0.00,0.00
2012.05.24 17:28:26.053,15.58516,15.58835,0.00,0.00
2012.05.24 17:28:26.624,15.58496,15.58859,0.00,0.00
2012.05.24 17:28:27.013,15.58416,15.58782,0.00,0.00
2012.05.24 17:28:28.571,15.58536,15.589,0.00,0.00
2012.05.24 17:28:28.901,15.58554,15.58918,0.00,0.00
2012.05.24 17:28:29.215,15.58534,15.58835,0.00,0.00
2012.05.24 17:28:30.062,15.58616,15.58935,0.00,0.00
2012.05.24 17:28:30.596,15.58576,15.58939,0.00,0.00
2012.05.24 17:28:31.340,15.58435,15.58801,0.00,0.00
2012.05.24 17:28:31.642,15.58455,15.58821,0.00,0.00
2012.05.24 17:28:31.991,15.58435,15.58785,0.00,0.00
2012.05.24 17:28:32.893,15.58415,15.58781,0.00,0.00
2012.05.24 17:28:36.231,15.58435,15.58799,0.00,0.00
2012.05.24 17:28:36.572,15.58415,15.58781,0.00,0.00
2012.05.24 17:28:48.855,15.58436,15.58799,0.00,0.00
2012.05.24 17:28:49.254,15.58415,15.58781,0.00,0.00
2012.05.24 17:28:50.573,15.58436,15.58799,0.00,0.00
2012.05.24 17:28:51.166,15.58415,15.58781,0.00,0.00
2012.05.24 17:28:52.069,15.58435,15.58799,0.00,0.00
2012.05.24 17:28:52.780,15.58455,15.58819,0.00,0.00
2012.05.24 17:28:54.266,15.58415,15.58781,0.00,0.00
2012.05.24 17:28:57.870,15.58375,15.58741,0.00,0.00
2012.05.24 17:28:58.737,15.58385,15.58685,0.00,0.00
2012.05.24 17:28:59.355,15.58355,15.58719,0.00,0.00
2012.05.24 17:28:59.774,15.58314,15.5868,0.00,0.00
2012.05.24 17:29:00.601,15.57923,15.58289,0.00,0.00
2012.05.24 17:29:00.930,15.57796,15.58162,0.00,0.00
2012.05.24 17:29:01.252,15.57881,15.58247,0.00,0.00
2012.05.24 17:29:01.575,15.57734,15.581,0.00,0.00
2012.05.24 17:29:01.904,15.57714,15.58035,0.00,0.00
2012.05.24 17:29:02.513,15.57774,15.58138,0.00,0.00
2012.05.24 17:29:02.575,15.57756,15.5812,0.00,0.00
2012.05.24 17:29:02.734,15.578,15.58164,0.00,0.00
2012.05.24 17:29:02.800,15.578,15.58166,0.00,0.00
2012.05.24 17:29:02.953,15.57883,15.58247,0.00,0.00
2012.05.24 17:29:03.443,15.57995,15.58359,0.00,0.00
2012.05.24 17:29:03.560,15.57798,15.58164,0.00,0.00
2012.05.24 17:29:03.882,15.57824,15.5819,0.00,0.00
2012.05.24 17:29:04.219,15.57861,15.58227,0.00,0.00
2012.05.24 17:29:04.546,15.57799,15.58165,0.00,0.00
2012.05.24 17:29:04.919,15.57815,15.58181,0.00,0.00
2012.05.24 17:29:05.259,15.57763,15.58116,0.00,0.00
2012.05.24 17:29:05.584,15.57763,15.58112,0.00,0.00
2012.05.24 17:29:06.700,15.57789,15.58155,0.00,0.00
2012.05.24 17:29:07.042,15.57874,15.58237,0.00,0.00
2012.05.24 17:29:07.701,15.57903,15.58261,0.00,0.00
2012.05.24 17:29:07.759,15.57903,15.58263,0.00,0.00
2012.05.24 17:29:07.899,15.57879,15.58245,0.00,0.00
2012.05.24 17:29:08.236,15.57895,15.58261,0.00,0.00
2012.05.24 17:29:08.701,15.57864,15.5823,0.00,0.00
2012.05.24 17:29:09.083,15.57905,15.58271,0.00,0.00
2012.05.24 17:29:09.413,15.58181,15.58544,0.00,0.00
2012.05.24 17:29:09.599,15.57983,15.58333,0.00,0.00
2012.05.24 17:29:10.100,15.58171,15.58535,0.00,0.00
2012.05.24 17:29:10.512,15.58003,15.58331,0.00,0.00
2012.05.24 17:29:10.691,15.58175,15.58539,0.00,0.00
2012.05.24 17:29:11.739,15.58175,15.58485,0.00,0.00
2012.05.24 17:29:11.835,15.58141,15.58505,0.00,0.00
2012.05.24 17:29:12.171,15.58043,15.58404,0.00,0.00
2012.05.24 17:29:12.505,15.58181,15.58545,0.00,0.00
2012.05.24 17:29:12.888,15.58043,15.58394,0.00,0.00
2012.05.24 17:29:13.312,15.58121,15.58485,0.00,0.00
2012.05.24 17:29:13.642,15.58043,15.58403,0.00,0.00
2012.05.24 17:29:13.980,15.58063,15.58419,0.00,0.00
2012.05.24 17:29:14.313,15.5818,15.58543,0.00,0.00
2012.05.24 17:29:14.653,15.5816,15.58523,0.00,0.00
2012.05.24 17:29:15.482,15.5814,15.58503,0.00,0.00
2012.05.24 17:29:15.801,15.5812,15.58485,0.00,0.00
2012.05.24 17:29:16.931,15.5815,15.58513,0.00,0.00
2012.05.24 17:29:17.300,15.58129,15.58493,0.00,0.00
2012.05.24 17:29:17.640,15.58141,15.58445,0.00,0.00
2012.05.24 17:29:17.727,15.58083,15.58445,0.00,0.00
2012.05.24 17:29:17.802,15.58083,15.58429,0.00,0.00
2012.05.24 17:29:19.673,15.58161,15.58527,0.00,0.00
2012.05.24 17:29:20.062,15.5814,15.58503,0.00,0.00
2012.05.24 17:29:20.889,15.5812,15.58485,0.00,0.00
2012.05.24 17:29:21.412,15.57963,15.58278,0.00,0.00
2012.05.24 17:29:22.189,15.57953,15.5829,0.00,0.00
2012.05.24 17:29:22.569,15.57953,15.58307,0.00,0.00
2012.05.24 17:29:22.900,15.58023,15.58323,0.00,0.00
2012.05.24 17:29:23.019,15.58073,15.58387,0.00,0.00
2012.05.24 17:29:23.371,15.58073,15.58413,0.00,0.00
2012.05.24 17:29:24.188,15.58063,15.5838,0.00,0.00
2012.05.24 17:29:24.549,15.5818,15.58546,0.00,0.00
2012.05.24 17:29:24.859,15.5816,15.58523,0.00,0.00
2012.05.24 17:29:25.412,15.5814,15.58503,0.00,0.00
2012.05.24 17:29:25.749,15.5812,15.58485,0.00,0.00
2012.05.24 17:29:26.230,15.5814,15.58503,0.00,0.00
2012.05.24 17:29:26.561,15.5812,15.58485,0.00,0.00
2012.05.24 17:29:26.890,15.5814,15.58503,0.00,0.00
2012.05.24 17:29:27.240,15.58193,15.58519,0.00,0.00
2012.05.24 17:29:29.017,15.58213,15.58539,0.00,0.00
2012.05.24 17:29:29.498,15.58253,15.58553,0.00,0.00
2012.05.24 17:29:29.562,15.58253,15.58578,0.00,0.00
2012.05.24 17:29:29.777,15.58253,15.58561,0.00,0.00
2012.05.24 17:29:30.165,15.584,15.58764,0.00,0.00
2012.05.24 17:29:30.408,15.5838,15.58743,0.00,0.00
2012.05.24 17:29:30.631,15.584,15.58764,0.00,0.00
2012.05.24 17:29:30.802,15.5838,15.58743,0.00,0.00
2012.05.24 17:29:30.961,15.5836,15.58723,0.00,0.00
2012.05.24 17:29:31.424,15.5834,15.58703,0.00,0.00
2012.05.24 17:29:31.895,15.5836,15.58723,0.00,0.00
2012.05.24 17:29:32.485,15.5838,15.58743,0.00,0.00
2012.05.24 17:29:32.815,15.58398,15.58762,0.00,0.00
2012.05.24 17:29:33.463,15.5838,15.58743,0.00,0.00
2012.05.24 17:29:33.531,15.5836,15.58723,0.00,0.00
2012.05.24 17:29:33.872,15.5834,15.58703,0.00,0.00
2012.05.24 17:29:34.210,15.5832,15.58685,0.00,0.00
2012.05.24 17:29:34.854,15.5838,15.58743,0.00,0.00
2012.05.24 17:29:35.220,15.58258,15.58624,0.00,0.00
2012.05.24 17:29:35.560,15.58311,15.58677,0.00,0.00
2012.05.24 17:29:35.872,15.58153,15.58455,0.00,0.00
2012.05.24 17:29:36.212,15.58073,15.58436,0.00,0.00
2012.05.24 17:29:36.319,15.58123,15.58436,0.00,0.00
2012.05.24 17:29:37.617,15.58103,15.58407,0.00,0.00
2012.05.24 17:29:37.680,15.58103,15.58407,0.00,0.00
2012.05.24 17:29:37.740,15.58135,15.58501,0.00,0.00
2012.05.24 17:29:38.286,15.5818,15.58543,0.00,0.00
2012.05.24 17:29:38.737,15.5812,15.58485,0.00,0.00
2012.05.24 17:29:39.140,15.57991,15.58357,0.00,0.00
2012.05.24 17:29:39.611,15.5812,15.58485,0.00,0.00
2012.05.24 17:29:39.931,15.57923,15.58286,0.00,0.00
2012.05.24 17:29:40.272,15.5812,15.58484,0.00,0.00
2012.05.24 17:29:40.659,15.57983,15.58302,0.00,0.00
2012.05.24 17:29:41.111,15.57983,15.5834,0.00,0.00
2012.05.24 17:29:41.495,15.5812,15.58483,0.00,0.00
2012.05.24 17:29:41.824,15.58013,15.58349,0.00,0.00
2012.05.24 17:29:42.151,15.5812,15.58485,0.00,0.00
2012.05.24 17:29:42.589,15.58013,15.58347,0.00,0.00
2012.05.24 17:29:44.180,15.58113,15.58479,0.00,0.00
2012.05.24 17:29:44.599,15.58013,15.58349,0.00,0.00
2012.05.24 17:29:45.103,15.5812,15.58485,0.00,0.00
2012.05.24 17:29:45.761,15.58013,15.58347,0.00,0.00
2012.05.24 17:29:46.936,15.57952,15.58256,0.00,0.00
2012.05.24 17:29:47.242,15.57943,15.58256,0.00,0.00
2012.05.24 17:29:47.870,15.57805,15.58109,0.00,0.00
2012.05.24 17:29:48.112,15.57773,15.58109,0.00,0.00
2012.05.24 17:29:48.281,15.57773,15.58085,0.00,0.00
2012.05.24 17:29:49.442,15.57819,15.58185,0.00,0.00
2012.05.24 17:29:49.781,15.57643,15.5798,0.00,0.00
2012.05.24 17:29:50.208,15.57536,15.57902,0.00,0.00
2012.05.24 17:29:50.529,15.57522,15.57888,0.00,0.00
2012.05.24 17:29:51.022,15.57528,15.57891,0.00,0.00
2012.05.24 17:29:51.351,15.57507,15.57873,0.00,0.00
2012.05.24 17:29:51.661,15.57462,15.57825,0.00,0.00
2012.05.24 17:29:51.985,15.57502,15.57866,0.00,0.00
2012.05.24 17:29:52.304,15.57473,15.57837,0.00,0.00
2012.05.24 17:29:52.432,15.57556,15.5792,0.00,0.00
2012.05.24 17:29:52.548,15.57556,15.57922,0.00,0.00
2012.05.24 17:29:52.730,15.5755,15.57916,0.00,0.00
2012.05.24 17:29:53.072,15.57503,15.57857,0.00,0.00
2012.05.24 17:29:53.434,15.57503,15.57865,0.00,0.00
2012.05.24 17:29:53.749,15.57369,15.57735,0.00,0.00
2012.05.24 17:29:54.189,15.57442,15.57805,0.00,0.00
2012.05.24 17:29:54.611,15.57482,15.57848,0.00,0.00
2012.05.24 17:29:54.949,15.57501,15.57847,0.00,0.00
2012.05.24 17:29:55.140,15.57441,15.57805,0.00,0.00
2012.05.24 17:29:55.349,15.57402,15.57768,0.00,0.00
2012.05.24 17:29:55.680,15.57521,15.57885,0.00,0.00
2012.05.24 17:29:56.048,15.57435,15.57801,0.00,0.00
2012.05.24 17:29:56.421,15.57413,15.57779,0.00,0.00
2012.05.24 17:29:56.741,15.57435,15.57801,0.00,0.00
2012.05.24 17:29:57.070,15.57454,15.5782,0.00,0.00
2012.05.24 17:29:57.421,15.573,15.57666,0.00,0.00
2012.05.24 17:29:57.830,15.57234,15.576,0.00,0.00
2012.05.24 17:29:58.160,15.5715,15.57553,0.00,0.00
2012.05.24 17:29:58.741,15.57288,15.57654,0.00,0.00
2012.05.24 17:29:59.519,15.57304,15.5767,0.00,0.00
2012.05.24 17:30:00.001,15.5721,15.57576,0.00,0.00
2012.05.24 17:30:00.329,15.57175,15.57541,0.00,0.00
2012.05.24 17:30:00.661,15.5713,15.57496,0.00,0.00
2012.05.24 17:30:00.998,15.57173,15.57473,0.00,0.00
2012.05.24 17:30:01.060,15.57173,15.57527,0.00,0.00
2012.05.24 17:30:01.391,15.57213,15.57564,0.00,0.00
2012.05.24 17:30:01.743,15.57436,15.578,0.00,0.00
2012.05.24 17:30:01.812,15.57396,15.57759,0.00,0.00
2012.05.24 17:30:01.936,15.57424,15.57787,0.00,0.00
2012.05.24 17:30:02.393,15.57353,15.57667,0.00,0.00
2012.05.24 17:30:02.833,15.57446,15.57812,0.00,0.00
2012.05.24 17:30:03.259,15.57405,15.57771,0.00,0.00
2012.05.24 17:30:03.580,15.57385,15.57751,0.00,0.00
2012.05.24 17:30:03.923,15.57425,15.57789,0.00,0.00
2012.05.24 17:30:04.472,15.57445,15.57809,0.00,0.00
2012.05.24 17:30:04.591,15.57445,15.57785,0.00,0.00
2012.05.24 17:30:04.731,15.57505,15.57869,0.00,0.00
2012.05.24 17:30:04.849,15.57373,15.57697,0.00,0.00
2012.05.24 17:30:04.970,15.57463,15.57827,0.00,0.00
2012.05.24 17:30:05.443,15.57423,15.57752,0.00,0.00
2012.05.24 17:30:05.821,15.57414,15.57718,0.00,0.00
2012.05.24 17:30:05.986,15.57423,15.57735,0.00,0.00
2012.05.24 17:30:06.162,15.57343,15.57706,0.00,0.00
2012.05.24 17:30:06.221,15.57403,15.57706,0.00,0.00
2012.05.24 17:30:06.281,15.57403,15.57722,0.00,0.00
2012.05.24 17:30:06.602,15.57443,15.57744,0.00,0.00
2012.05.24 17:30:06.661,15.57443,15.5775,0.00,0.00
2012.05.24 17:30:06.819,15.57423,15.57728,0.00,0.00
2012.05.24 17:30:07.340,15.57423,15.5775,0.00,0.00
2012.05.24 17:30:07.865,15.57403,15.57711,0.00,0.00
2012.05.24 17:30:08.304,15.57373,15.57704,0.00,0.00
2012.05.24 17:30:08.650,15.57393,15.57714,0.00,0.00
2012.05.24 17:30:10.165,15.57455,15.57821,0.00,0.00
2012.05.24 17:30:10.593,15.57365,15.57731,0.00,0.00
2012.05.24 17:30:11.143,15.57385,15.57749,0.00,0.00
2012.05.24 17:30:11.611,15.57385,15.57685,0.00,0.00
2012.05.24 17:30:12.275,15.57365,15.57729,0.00,0.00
2012.05.24 17:30:12.655,15.57325,15.57689,0.00,0.00
2012.05.24 17:30:12.953,15.57345,15.57709,0.00,0.00
2012.05.24 17:30:13.293,15.57403,15.57767,0.00,0.00
2012.05.24 17:30:13.558,15.57385,15.57685,0.00,0.00
2012.05.24 17:30:14.141,15.57273,15.57586,0.00,0.00
2012.05.24 17:30:14.203,15.57405,15.57769,0.00,0.00
2012.05.24 17:30:14.468,15.57385,15.57749,0.00,0.00
2012.05.24 17:30:14.607,15.57335,15.57635,0.00,0.00
2012.05.24 17:30:14.736,15.57369,15.57733,0.00,0.00
2012.05.24 17:30:15.346,15.57352,15.57716,0.00,0.00
2012.05.24 17:30:15.684,15.57285,15.57649,0.00,0.00
2012.05.24 17:30:15.904,15.57123,15.57486,0.00,0.00
2012.05.24 17:30:16.032,15.57283,15.57619,0.00,0.00
2012.05.24 17:30:16.435,15.57333,15.57633,0.00,0.00
2012.05.24 17:30:16.587,15.57455,15.57785,0.00,0.00
2012.05.24 17:30:17.353,15.57479,15.57843,0.00,0.00
2012.05.24 17:30:17.922,15.57445,15.57809,0.00,0.00
2012.05.24 17:30:19.438,15.57465,15.57829,0.00,0.00
2012.05.24 17:30:20.104,15.5749,15.57854,0.00,0.00
2012.05.24 17:30:21.196,15.57373,15.57706,0.00,0.00
2012.05.24 17:30:21.263,15.57413,15.57714,0.00,0.00
2012.05.24 17:30:21.904,15.57413,15.57728,0.00,0.00
2012.05.24 17:30:23.051,15.57413,15.57749,0.00,0.00
2012.05.24 17:30:23.483,15.57493,15.57806,0.00,0.00
2012.05.24 17:30:23.792,15.57653,15.57953,0.00,0.00
2012.05.24 17:30:23.851,15.57651,15.57955,0.00,0.00
2012.05.24 17:30:24.377,15.57755,15.58119,0.00,0.00
2012.05.24 17:30:24.505,15.57722,15.58086,0.00,0.00
2012.05.24 17:30:24.631,15.57722,15.58085,0.00,0.00
2012.05.24 17:30:25.041,15.57669,15.58035,0.00,0.00
2012.05.24 17:30:25.423,15.57693,15.58059,0.00,0.00
2012.05.24 17:30:25.794,15.57677,15.58035,0.00,0.00
2012.05.24 17:30:26.113,15.57493,15.57807,0.00,0.00
2012.05.24 17:30:26.460,15.57473,15.57791,0.00,0.00
2012.05.24 17:30:26.764,15.57443,15.57764,0.00,0.00
2012.05.24 17:30:27.173,15.57463,15.57764,0.00,0.00
2012.05.24 17:30:27.232,15.57463,15.5779,0.00,0.00
2012.05.24 17:30:27.623,15.57463,15.57806,0.00,0.00
2012.05.24 17:30:28.405,15.57477,15.57781,0.00,0.00
2012.05.24 17:30:28.905,15.57473,15.57781,0.00,0.00
2012.05.24 17:30:29.592,15.57461,15.57765,0.00,0.00
2012.05.24 17:30:29.742,15.57473,15.57804,0.00,0.00
2012.05.24 17:30:29.992,15.57493,15.57822,0.00,0.00
2012.05.24 17:30:30.425,15.57571,15.57935,0.00,0.00
2012.05.24 17:30:30.777,15.57493,15.57798,0.00,0.00
2012.05.24 17:30:31.264,15.57473,15.57802,0.00,0.00
2012.05.24 17:30:31.572,15.57473,15.57785,0.00,0.00
2012.05.24 17:30:31.881,15.57473,15.57802,0.00,0.00
2012.05.24 17:30:32.231,15.57473,15.57781,0.00,0.00
2012.05.24 17:30:32.692,15.57459,15.57763,0.00,0.00
2012.05.24 17:30:32.873,15.57525,15.57891,0.00,0.00
2012.05.24 17:30:33.416,15.57383,15.57696,0.00,0.00
2012.05.24 17:30:33.884,15.57413,15.57714,0.00,0.00
2012.05.24 17:30:33.957,15.5755,15.57914,0.00,0.00
2012.05.24 17:30:34.298,15.57393,15.57697,0.00,0.00
2012.05.24 17:30:34.362,15.57393,15.57697,0.00,0.00
2012.05.24 17:30:34.486,15.57535,15.57899,0.00,0.00
2012.05.24 17:30:34.874,15.57485,15.57785,0.00,0.00
2012.05.24 17:30:35.054,15.57393,15.57711,0.00,0.00
2012.05.24 17:30:35.129,15.57413,15.57713,0.00,0.00
2012.05.24 17:30:35.536,15.57556,15.5792,0.00,0.00
2012.05.24 17:30:35.665,15.57534,15.57835,0.00,0.00
2012.05.24 17:30:35.823,15.57438,15.57804,0.00,0.00
2012.05.24 17:30:36.003,15.57573,15.57937,0.00,0.00
2012.05.24 17:30:36.206,15.57554,15.57918,0.00,0.00
2012.05.24 17:30:36.314,15.57405,15.57709,0.00,0.00
2012.05.24 17:30:36.594,15.57413,15.57726,0.00,0.00
2012.05.24 17:30:36.779,15.57343,15.57706,0.00,0.00
2012.05.24 17:30:37.332,15.57443,15.57781,0.00,0.00
2012.05.24 17:30:37.393,15.57443,15.57759,0.00,0.00
2012.05.24 17:30:37.769,15.57413,15.57729,0.00,0.00
2012.05.24 17:30:38.952,15.574,15.57704,0.00,0.00
2012.05.24 17:30:39.019,15.57485,15.57849,0.00,0.00
2012.05.24 17:30:39.368,15.57363,15.577,0.00,0.00
2012.05.24 17:30:39.762,15.57363,15.5768,0.00,0.00
2012.05.24 17:30:40.255,15.57363,15.57719,0.00,0.00
2012.05.24 17:30:40.674,15.57353,15.57661,0.00,0.00
2012.05.24 17:30:41.003,15.57386,15.5769,0.00,0.00
2012.05.24 17:30:41.421,15.57393,15.57724,0.00,0.00
2012.05.24 17:30:41.633,15.57413,15.57742,0.00,0.00
2012.05.24 17:30:42.935,15.57443,15.57744,0.00,0.00
2012.05.24 17:30:44.149,15.57413,15.57742,0.00,0.00
2012.05.24 17:30:44.478,15.57453,15.57754,0.00,0.00
2012.05.24 17:30:44.805,15.57825,15.58189,0.00,0.00
2012.05.24 17:30:44.872,15.57778,15.58144,0.00,0.00
2012.05.24 17:30:45.067,15.57643,15.57962,0.00,0.00
2012.05.24 17:30:45.409,15.57781,15.58147,0.00,0.00
2012.05.24 17:30:45.725,15.57653,15.57969,0.00,0.00
2012.05.24 17:30:46.055,15.57772,15.58138,0.00,0.00
2012.05.24 17:30:46.365,15.57766,15.58132,0.00,0.00
2012.05.24 17:30:46.671,15.57673,15.58001,0.00,0.00
2012.05.24 17:30:47.145,15.57673,15.57982,0.00,0.00
2012.05.24 17:30:47.702,15.57653,15.57954,0.00,0.00
2012.05.24 17:30:47.999,15.57633,15.57952,0.00,0.00
2012.05.24 17:30:48.062,15.57762,15.58128,0.00,0.00
2012.05.24 17:30:48.381,15.5772,15.58086,0.00,0.00
2012.05.24 17:30:48.720,15.5769,15.58056,0.00,0.00
2012.05.24 17:30:49.212,15.57566,15.5787,0.00,0.00
2012.05.24 17:30:50.433,15.5755,15.57854,0.00,0.00
2012.05.24 17:30:50.587,15.57682,15.58048,0.00,0.00
2012.05.24 17:30:52.372,15.57537,15.57841,0.00,0.00
2012.05.24 17:30:52.704,15.57672,15.58035,0.00,0.00
2012.05.24 17:30:52.774,15.57694,15.58058,0.00,0.00
2012.05.24 17:30:53.447,15.57694,15.5806,0.00,0.00
2012.05.24 17:30:54.293,15.5757,15.57874,0.00,0.00
2012.05.24 17:30:54.675,15.57766,15.58129,0.00,0.00
2012.05.24 17:30:54.742,15.57688,15.57992,0.00,0.00
2012.05.24 17:30:54.964,15.57703,15.58059,0.00,0.00
2012.05.24 17:30:55.114,15.57773,15.58073,0.00,0.00
2012.05.24 17:30:55.890,15.57793,15.58093,0.00,0.00
2012.05.24 17:30:56.316,15.57856,15.58222,0.00,0.00
2012.05.24 17:30:56.963,15.57872,15.58235,0.00,0.00
2012.05.24 17:30:57.673,15.57855,15.58221,0.00,0.00
2012.05.24 17:30:59.543,15.57731,15.58031,0.00,0.00
2012.05.24 17:31:01.296,15.57747,15.58047,0.00,0.00
2012.05.24 17:31:01.612,15.57843,15.58194,0.00,0.00
2012.05.24 17:31:01.672,15.57833,15.58136,0.00,0.00
2012.05.24 17:31:01.946,15.57843,15.58153,0.00,0.00
2012.05.24 17:31:02.381,15.57863,15.5824,0.00,0.00
2012.05.24 17:31:02.583,15.57863,15.58173,0.00,0.00
2012.05.24 17:31:02.865,15.57903,15.5826,0.00,0.00
2012.05.24 17:31:02.931,15.57895,15.58199,0.00,0.00
2012.05.24 17:31:03.226,15.57882,15.58182,0.00,0.00
2012.05.24 17:31:03.347,15.57903,15.58208,0.00,0.00
2012.05.24 17:31:03.412,15.57923,15.58295,0.00,0.00
2012.05.24 17:31:03.474,15.57923,15.58253,0.00,0.00
2012.05.24 17:31:03.614,15.57983,15.5834,0.00,0.00
2012.05.24 17:31:03.682,15.57983,15.58304,0.00,0.00
2012.05.24 17:31:03.744,15.58033,15.58385,0.00,0.00
2012.05.24 17:31:04.635,15.57972,15.58304,0.00,0.00
2012.05.24 17:31:04.703,15.57949,15.58249,0.00,0.00
2012.05.24 17:31:05.126,15.57917,15.58217,0.00,0.00
2012.05.24 17:31:05.651,15.57923,15.58304,0.00,0.00
2012.05.24 17:31:07.912,15.57943,15.58304,0.00,0.00
2012.05.24 17:31:09.229,15.57923,15.58304,0.00,0.00
2012.05.24 17:31:10.229,15.57943,15.58304,0.00,0.00
2012.05.24 17:31:11.303,15.57861,15.58161,0.00,0.00
2012.05.24 17:31:11.483,15.57893,15.58248,0.00,0.00
2012.05.24 17:31:11.542,15.57883,15.58185,0.00,0.00
2012.05.24 17:31:11.884,15.57923,15.58272,0.00,0.00
2012.05.24 17:31:12.013,15.57904,15.58204,0.00,0.00
2012.05.24 17:31:13.120,15.57943,15.58291,0.00,0.00
2012.05.24 17:31:13.561,15.57943,15.58245,0.00,0.00
2012.05.24 17:31:13.891,15.57973,15.58332,0.00,0.00
2012.05.24 17:31:15.066,15.58063,15.58429,0.00,0.00
2012.05.24 17:31:15.383,15.57934,15.58234,0.00,0.00
2012.05.24 17:31:15.981,15.57951,15.58251,0.00,0.00
2012.05.24 17:31:16.041,15.57964,15.58268,0.00,0.00
2012.05.24 17:31:16.101,15.57973,15.58296,0.00,0.00
2012.05.24 17:31:16.323,15.57933,15.58296,0.00,0.00
2012.05.24 17:31:16.632,15.58091,15.58455,0.00,0.00
2012.05.24 17:31:16.754,15.57993,15.58349,0.00,0.00
2012.05.24 17:31:16.914,15.58091,15.58455,0.00,0.00
2012.05.24 17:31:16.981,15.58091,15.58435,0.00,0.00
2012.05.24 17:31:17.918,15.57993,15.58354,0.00,0.00
2012.05.24 17:31:18.404,15.58102,15.58465,0.00,0.00
2012.05.24 17:31:18.695,15.58023,15.58332,0.00,0.00
2012.05.24 17:31:19.034,15.58053,15.58382,0.00,0.00
2012.05.24 17:31:19.374,15.57953,15.58316,0.00,0.00
2012.05.24 17:31:20.323,15.58053,15.58389,0.00,0.00
2012.05.24 17:31:20.686,15.58014,15.58318,0.00,0.00
2012.05.24 17:31:21.528,15.5803,15.58334,0.00,0.00
2012.05.24 17:31:22.215,15.58177,15.58541,0.00,0.00
2012.05.24 17:31:22.891,15.58193,15.58557,0.00,0.00
2012.05.24 17:31:23.511,15.58147,15.58513,0.00,0.00
2012.05.24 17:31:23.843,15.57873,15.58213,0.00,0.00
2012.05.24 17:31:24.832,15.57891,15.58195,0.00,0.00
2012.05.24 17:31:25.357,15.57864,15.58385,0.00,0.00
2012.05.24 17:31:25.427,15.58043,15.58401,0.00,0.00
2012.05.24 17:31:25.804,15.58043,15.58364,0.00,0.00
2012.05.24 17:31:26.132,15.58093,15.58401,0.00,0.00
2012.05.24 17:31:26.965,15.58113,15.58414,0.00,0.00
2012.05.24 17:31:27.158,15.58113,15.58421,0.00,0.00
2012.05.24 17:31:31.078,15.582,15.58566,0.00,0.00
2012.05.24 17:31:31.431,15.58073,15.58374,0.00,0.00
2012.05.24 17:31:31.491,15.58043,15.58353,0.00,0.00
2012.05.24 17:31:31.827,15.58043,15.58375,0.00,0.00
2012.05.24 17:31:32.152,15.58083,15.58391,0.00,0.00
2012.05.24 17:31:33.476,15.58063,15.58375,0.00,0.00
2012.05.24 17:31:34.453,15.58083,15.58383,0.00,0.00
2012.05.24 17:31:34.511,15.58083,15.58394,0.00,0.00
2012.05.24 17:31:35.000,15.58103,15.58404,0.00,0.00
2012.05.24 17:31:35.532,15.58103,15.58417,0.00,0.00
2012.05.24 17:31:38.352,15.58083,15.584,0.00,0.00
2012.05.24 17:31:39.258,15.58013,15.58376,0.00,0.00
2012.05.24 17:31:42.504,15.58063,15.58376,0.00,0.00
2012.05.24 17:31:44.636,15.58063,15.58393,0.00,0.00
2012.05.24 17:31:46.220,15.58093,15.58393,0.00,0.00
2012.05.24 17:31:53.091,15.58113,15.58413,0.00,0.00
2012.05.24 17:31:56.006,15.58109,15.58413,0.00,0.00
2012.05.24 17:31:56.281,15.58143,15.58443,0.00,0.00
2012.05.24 17:31:56.342,15.58127,15.58431,0.00,0.00
2012.05.24 17:31:56.472,15.58143,15.58471,0.00,0.00
2012.05.24 17:31:56.862,15.58183,15.58483,0.00,0.00
2012.05.24 17:31:58.259,15.58213,15.58513,0.00,0.00
2012.05.24 17:31:58.322,15.58213,15.58518,0.00,0.00
2012.05.24 17:31:58.384,15.58213,15.5857,0.00,0.00
2012.05.24 17:31:59.444,15.58253,15.58584,0.00,0.00
2012.05.24 17:32:00.155,15.58293,15.58594,0.00,0.00
2012.05.24 17:32:00.484,15.58293,15.58644,0.00,0.00
2012.05.24 17:32:00.995,15.58293,15.58628,0.00,0.00
2012.05.24 17:32:01.812,15.58293,15.58608,0.00,0.00
2012.05.24 17:32:02.257,15.58333,15.58696,0.00,0.00
2012.05.24 17:32:03.041,15.58303,15.58605,0.00,0.00
2012.05.24 17:32:03.171,15.58303,15.58622,0.00,0.00
2012.05.24 17:32:03.258,15.58353,15.58654,0.00,0.00
2012.05.24 17:32:03.422,15.58345,15.58649,0.00,0.00
2012.05.24 17:32:03.573,15.58353,15.58683,0.00,0.00
2012.05.24 17:32:03.832,15.58353,15.58699,0.00,0.00
2012.05.24 17:32:04.410,15.58373,15.58698,0.00,0.00
2012.05.24 17:32:05.925,15.58373,15.58678,0.00,0.00
2012.05.24 17:32:06.733,15.58353,15.58658,0.00,0.00
2012.05.24 17:32:07.493,15.58333,15.58642,0.00,0.00
2012.05.24 17:32:08.333,15.58333,15.5866,0.00,0.00
2012.05.24 17:32:08.682,15.58423,15.5875,0.00,0.00
2012.05.24 17:32:09.044,15.58503,15.58805,0.00,0.00
2012.05.24 17:32:09.529,15.58533,15.58834,0.00,0.00
2012.05.24 17:32:09.832,15.58525,15.58829,0.00,0.00
2012.05.24 17:32:10.069,15.58504,15.58808,0.00,0.00
2012.05.24 17:32:10.709,15.58523,15.58827,0.00,0.00
2012.05.24 17:32:11.619,15.58593,15.58893,0.00,0.00
2012.05.24 17:32:11.769,15.58593,15.5891,0.00,0.00
2012.05.24 17:32:12.213,15.58507,15.58811,0.00,0.00
2012.05.24 17:32:12.389,15.58473,15.58811,0.00,0.00
2012.05.24 17:32:12.582,15.58473,15.5878,0.00,0.00
2012.05.24 17:32:12.926,15.58438,15.58742,0.00,0.00
2012.05.24 17:32:13.524,15.58459,15.58763,0.00,0.00
2012.05.24 17:32:13.734,15.58383,15.58746,0.00,0.00
2012.05.24 17:32:14.367,15.58453,15.58754,0.00,0.00
2012.05.24 17:32:14.443,15.58426,15.5873,0.00,0.00
2012.05.24 17:32:14.920,15.58533,15.58834,0.00,0.00
2012.05.24 17:32:15.045,15.58533,15.5888,0.00,0.00
2012.05.24 17:32:15.306,15.58593,15.58897,0.00,0.00
2012.05.24 17:32:15.373,15.58603,15.58903,0.00,0.00
2012.05.24 17:32:15.449,15.58513,15.58876,0.00,0.00
2012.05.24 17:32:15.711,15.58583,15.58884,0.00,0.00
2012.05.24 17:32:15.989,15.58545,15.58849,0.00,0.00
2012.05.24 17:32:16.051,15.58566,15.5887,0.00,0.00
2012.05.24 17:32:16.130,15.58653,15.58954,0.00,0.00
2012.05.24 17:32:16.193,15.58589,15.58893,0.00,0.00
2012.05.24 17:32:16.331,15.58635,15.58939,0.00,0.00
2012.05.24 17:32:16.714,15.58523,15.58824,0.00,0.00
2012.05.24 17:32:17.715,15.58503,15.5881,0.00,0.00
2012.05.24 17:32:17.788,15.58473,15.58787,0.00,0.00
2012.05.24 17:32:18.097,15.58438,15.58742,0.00,0.00
2012.05.24 17:32:18.573,15.58454,15.58758,0.00,0.00
2012.05.24 17:32:19.115,15.58473,15.58783,0.00,0.00
2012.05.24 17:32:20.927,15.5843,15.58734,0.00,0.00
2012.05.24 17:32:20.993,15.58422,15.58734,0.00,0.00
2012.05.24 17:32:21.054,15.58407,15.58711,0.00,0.00
2012.05.24 17:32:21.123,15.58403,15.58746,0.00,0.00
2012.05.24 17:32:21.584,15.58443,15.58769,0.00,0.00
2012.05.24 17:32:22.174,15.58473,15.58773,0.00,0.00
2012.05.24 17:32:23.723,15.58443,15.58743,0.00,0.00
2012.05.24 17:32:23.938,15.58423,15.58731,0.00,0.00
2012.05.24 17:32:24.722,15.58463,15.58763,0.00,0.00
2012.05.24 17:32:25.192,15.58444,15.58748,0.00,0.00
2012.05.24 17:32:25.394,15.58393,15.58694,0.00,0.00
2012.05.24 17:32:25.905,15.58393,15.58707,0.00,0.00
2012.05.24 17:32:26.033,15.58413,15.58713,0.00,0.00
2012.05.24 17:32:26.100,15.58413,15.58739,0.00,0.00
2012.05.24 17:32:26.164,15.58445,15.58811,0.00,0.00
2012.05.24 17:32:26.488,15.58593,15.58894,0.00,0.00
2012.05.24 17:32:26.792,15.58576,15.5888,0.00,0.00
2012.05.24 17:32:26.854,15.58613,15.58914,0.00,0.00
2012.05.24 17:32:27.372,15.58597,15.58901,0.00,0.00
2012.05.24 17:32:27.619,15.58643,15.58943,0.00,0.00
2012.05.24 17:32:27.753,15.58616,15.5892,0.00,0.00
2012.05.24 17:32:28.422,15.58582,15.58886,0.00,0.00
2012.05.24 17:32:28.552,15.58583,15.58886,0.00,0.00
2012.05.24 17:32:28.611,15.58565,15.58869,0.00,0.00
2012.05.24 17:32:29.292,15.58639,15.59005,0.00,0.00
2012.05.24 17:32:29.493,15.58513,15.58827,0.00,0.00
2012.05.24 17:32:30.037,15.58553,15.58853,0.00,0.00
2012.05.24 17:32:30.919,15.58523,15.58827,0.00,0.00
2012.05.24 17:32:30.981,15.58523,15.58858,0.00,0.00
2012.05.24 17:32:31.747,15.58536,15.5884,0.00,0.00
2012.05.24 17:32:32.685,15.58513,15.58823,0.00,0.00
2012.05.24 17:32:32.753,15.5849,15.58794,0.00,0.00
2012.05.24 17:32:33.778,15.58473,15.58794,0.00,0.00
2012.05.24 17:32:33.903,15.58473,15.58777,0.00,0.00
2012.05.24 17:32:34.554,15.58456,15.5876,0.00,0.00
2012.05.24 17:32:37.597,15.58473,15.58779,0.00,0.00
2012.05.24 17:32:38.232,15.58411,15.58715,0.00,0.00
2012.05.24 17:32:38.293,15.58403,15.58715,0.00,0.00
2012.05.24 17:32:38.384,15.58403,15.58717,0.00,0.00
2012.05.24 17:32:38.840,15.58463,15.58764,0.00,0.00
2012.05.24 17:32:38.903,15.58463,15.58778,0.00,0.00
2012.05.24 17:32:39.198,15.58457,15.58761,0.00,0.00
2012.05.24 17:32:39.322,15.58403,15.58713,0.00,0.00
2012.05.24 17:32:39.502,15.58383,15.58696,0.00,0.00
2012.05.24 17:32:39.885,15.58383,15.58713,0.00,0.00
2012.05.24 17:32:40.186,15.58463,15.58786,0.00,0.00
2012.05.24 17:32:40.562,15.58503,15.58804,0.00,0.00
2012.05.24 17:32:40.963,15.58458,15.58762,0.00,0.00
2012.05.24 17:32:41.830,15.58473,15.58778,0.00,0.00
2012.05.24 17:32:45.878,15.58493,15.58794,0.00,0.00
2012.05.24 17:32:52.387,15.58453,15.58757,0.00,0.00
2012.05.24 17:32:52.699,15.58311,15.58615,0.00,0.00
2012.05.24 17:32:52.766,15.58333,15.58633,0.00,0.00
2012.05.24 17:32:52.834,15.58328,15.58632,0.00,0.00
2012.05.24 17:32:53.395,15.58306,15.5861,0.00,0.00
2012.05.24 17:32:53.534,15.5833,15.58634,0.00,0.00
2012.05.24 17:32:55.668,15.58303,15.58634,0.00,0.00
2012.05.24 17:32:55.914,15.58283,15.58601,0.00,0.00
2012.05.24 17:32:56.234,15.58233,15.58534,0.00,0.00
2012.05.24 17:32:56.554,15.58153,15.58467,0.00,0.00
2012.05.24 17:32:56.622,15.58153,15.58496,0.00,0.00
2012.05.24 17:32:56.972,15.58203,15.58504,0.00,0.00
2012.05.24 17:32:57.416,15.58203,15.58512,0.00,0.00
2012.05.24 17:32:57.486,15.58233,15.58534,0.00,0.00
2012.05.24 17:32:57.552,15.58229,15.58533,0.00,0.00
2012.05.24 17:32:57.611,15.58233,15.58574,0.00,0.00
2012.05.24 17:32:58.113,15.58263,15.5859,0.00,0.00
2012.05.24 17:32:58.548,15.58293,15.58594,0.00,0.00
2012.05.24 17:32:58.612,15.58293,15.58606,0.00,0.00
2012.05.24 17:32:59.703,15.58283,15.58587,0.00,0.00
2012.05.24 17:33:00.318,15.58293,15.58606,0.00,0.00
2012.05.24 17:33:00.444,15.58313,15.58614,0.00,0.00
2012.05.24 17:33:00.515,15.58313,15.58642,0.00,0.00
2012.05.24 17:33:00.582,15.58314,15.5868,0.00,0.00
2012.05.24 17:33:01.524,15.58393,15.58694,0.00,0.00
2012.05.24 17:33:01.872,15.58393,15.587,0.00,0.00
2012.05.24 17:33:02.124,15.58363,15.58679,0.00,0.00
2012.05.24 17:33:02.434,15.58293,15.58643,0.00,0.00
2012.05.24 17:33:02.764,15.58233,15.58577,0.00,0.00
2012.05.24 17:33:03.272,15.58223,15.58527,0.00,0.00
2012.05.24 17:33:03.744,15.58173,15.58477,0.00,0.00
2012.05.24 17:33:03.871,15.58143,15.58477,0.00,0.00
2012.05.24 17:33:03.931,15.58173,15.58539,0.00,0.00
2012.05.24 17:33:04.281,15.58063,15.58399,0.00,0.00
2012.05.24 17:33:05.091,15.58052,15.58364,0.00,0.00
2012.05.24 17:33:05.614,15.58133,15.58448,0.00,0.00
2012.05.24 17:33:07.195,15.58153,15.58516,0.00,0.00
2012.05.24 17:33:07.263,15.58133,15.58496,0.00,0.00
2012.05.24 17:33:08.295,15.58173,15.58537,0.00,0.00
2012.05.24 17:33:08.657,15.58172,15.58535,0.00,0.00
2012.05.24 17:33:10.546,15.58193,15.58557,0.00,0.00
2012.05.24 17:33:10.920,15.58133,15.58496,0.00,0.00
2012.05.24 17:33:10.987,15.58093,15.58448,0.00,0.00
2012.05.24 17:33:11.324,15.58047,15.58348,0.00,0.00
2012.05.24 17:33:11.392,15.58085,15.58385,0.00,0.00
2012.05.24 17:33:11.663,15.58188,15.58552,0.00,0.00
2012.05.24 17:33:11.805,15.58165,15.58529,0.00,0.00
2012.05.24 17:33:12.192,15.58003,15.58341,0.00,0.00
2012.05.24 17:33:14.942,15.58003,15.58325,0.00,0.00
2012.05.24 17:33:15.445,15.58134,15.58435,0.00,0.00
2012.05.24 17:33:18.908,15.58136,15.58499,0.00,0.00
2012.05.24 17:33:19.111,15.57968,15.58334,0.00,0.00
2012.05.24 17:33:22.074,15.57973,15.58339,0.00,0.00
2012.05.24 17:33:22.380,15.57947,15.58248,0.00,0.00
2012.05.24 17:33:22.654,15.57953,15.58316,0.00,0.00
2012.05.24 17:33:23.154,15.57933,15.58296,0.00,0.00
2012.05.24 17:33:23.603,15.57993,15.58357,0.00,0.00
2012.05.24 17:33:23.981,15.57966,15.58329,0.00,0.00
2012.05.24 17:33:24.044,15.57985,15.58349,0.00,0.00
2012.05.24 17:33:24.115,15.57985,15.58349,0.00,0.00
2012.05.24 17:33:24.635,15.5807,15.58434,0.00,0.00
2012.05.24 17:33:25.199,15.58092,15.58456,0.00,0.00
2012.05.24 17:33:25.267,15.58027,15.58391,0.00,0.00
2012.05.24 17:33:25.567,15.57983,15.58307,0.00,0.00
2012.05.24 17:33:25.634,15.58096,15.5846,0.00,0.00
2012.05.24 17:33:25.936,15.5812,15.58484,0.00,0.00
2012.05.24 17:33:26.273,15.58023,15.58332,0.00,0.00
2012.05.24 17:33:27.428,15.58023,15.5835,0.00,0.00
2012.05.24 17:33:27.754,15.58024,15.5839,0.00,0.00
2012.05.24 17:33:28.127,15.57991,15.58357,0.00,0.00
2012.05.24 17:33:28.479,15.58137,15.585,0.00,0.00
2012.05.24 17:33:28.810,15.58119,15.58482,0.00,0.00
2012.05.24 17:33:29.410,15.58094,15.5846,0.00,0.00
2012.05.24 17:33:29.754,15.58091,15.58454,0.00,0.00
2012.05.24 17:33:31.173,15.58109,15.58472,0.00,0.00
2012.05.24 17:33:31.495,15.5803,15.58396,0.00,0.00
2012.05.24 17:33:31.939,15.58014,15.58377,0.00,0.00
2012.05.24 17:33:33.359,15.57991,15.58354,0.00,0.00
2012.05.24 17:33:33.678,15.58011,15.58374,0.00,0.00
2012.05.24 17:33:34.094,15.58027,15.58348,0.00,0.00
2012.05.24 17:33:34.774,15.57998,15.58362,0.00,0.00
2012.05.24 17:33:37.239,15.5802,15.58383,0.00,0.00
2012.05.24 17:33:39.060,15.58041,15.58405,0.00,0.00
2012.05.24 17:33:39.457,15.58081,15.58445,0.00,0.00
2012.05.24 17:33:39.784,15.5806,15.58423,0.00,0.00
2012.05.24 17:33:40.134,15.5808,15.58435,0.00,0.00
2012.05.24 17:33:41.004,15.58062,15.58425,0.00,0.00
2012.05.24 17:33:41.312,15.58048,15.58348,0.00,0.00
2012.05.24 17:33:42.263,15.58084,15.58448,0.00,0.00
2012.05.24 17:33:42.777,15.5817,15.58534,0.00,0.00
2012.05.24 17:33:43.213,15.58033,15.58355,0.00,0.00
2012.05.24 17:33:43.693,15.58063,15.58363,0.00,0.00
2012.05.24 17:33:43.751,15.58063,15.58371,0.00,0.00
2012.05.24 17:33:47.820,15.58213,15.58514,0.00,0.00
2012.05.24 17:33:47.896,15.58114,15.58418,0.00,0.00
2012.05.24 17:33:47.964,15.58213,15.58536,0.00,0.00
2012.05.24 17:33:48.154,15.58303,15.58604,0.00,0.00
2012.05.24 17:33:48.223,15.58303,15.58633,0.00,0.00
2012.05.24 17:33:48.660,15.58303,15.58669,0.00,0.00
2012.05.24 17:33:49.045,15.58323,15.58689,0.00,0.00
2012.05.24 17:33:50.279,15.58303,15.58627,0.00,0.00
2012.05.24 17:33:50.612,15.58303,15.58609,0.00,0.00
2012.05.24 17:33:51.044,15.58263,15.5859,0.00,0.00
2012.05.24 17:33:51.404,15.58256,15.5856,0.00,0.00
2012.05.24 17:33:51.968,15.5836,15.58723,0.00,0.00
2012.05.24 17:33:52.272,15.58093,15.58401,0.00,0.00
2012.05.24 17:33:52.822,15.58113,15.58428,0.00,0.00
2012.05.24 17:33:53.274,15.58113,15.58447,0.00,0.00
2012.05.24 17:33:53.612,15.58093,15.58408,0.00,0.00
2012.05.24 17:33:54.059,15.5812,15.58486,0.00,0.00
2012.05.24 17:33:54.362,15.58053,15.58419,0.00,0.00
2012.05.24 17:33:54.718,15.58134,15.585,0.00,0.00
2012.05.24 17:33:55.466,15.58291,15.58655,0.00,0.00
2012.05.24 17:33:56.243,15.58194,15.58558,0.00,0.00
2012.05.24 17:33:56.521,15.58283,15.58647,0.00,0.00
2012.05.24 17:33:56.583,15.58206,15.58572,0.00,0.00
2012.05.24 17:33:57.252,15.5818,15.58546,0.00,0.00
2012.05.24 17:33:57.680,15.58231,15.58548,0.00,0.00
2012.05.24 17:33:58.085,15.58248,15.58548,0.00,0.00
2012.05.24 17:33:58.543,15.58234,15.58535,0.00,0.00
2012.05.24 17:33:58.673,15.58073,15.58427,0.00,0.00
2012.05.24 17:33:58.825,15.58228,15.58591,0.00,0.00
2012.05.24 17:33:59.164,15.58208,15.58548,0.00,0.00
2012.05.24 17:33:59.486,15.5819,15.58553,0.00,0.00
2012.05.24 17:34:00.154,15.58184,15.58485,0.00,0.00
2012.05.24 17:34:00.217,15.58171,15.58535,0.00,0.00
2012.05.24 17:34:00.286,15.58132,15.58495,0.00,0.00
2012.05.24 17:34:01.035,15.58168,15.58532,0.00,0.00
2012.05.24 17:34:01.361,15.58134,15.58435,0.00,0.00
2012.05.24 17:34:01.984,15.58125,15.58489,0.00,0.00
2012.05.24 17:34:02.052,15.5806,15.58426,0.00,0.00
2012.05.24 17:34:02.412,15.58039,15.58348,0.00,0.00
2012.05.24 17:34:03.094,15.58055,15.58419,0.00,0.00
2012.05.24 17:34:03.163,15.58033,15.58396,0.00,0.00
2012.05.24 17:34:04.042,15.5801,15.58374,0.00,0.00
2012.05.24 17:34:04.425,15.57928,15.58248,0.00,0.00
2012.05.24 17:34:04.777,15.57963,15.58327,0.00,0.00
2012.05.24 17:34:04.844,15.57963,15.58327,0.00,0.00
2012.05.24 17:34:04.998,15.57942,15.58305,0.00,0.00
2012.05.24 17:34:05.349,15.57916,15.58282,0.00,0.00
2012.05.24 17:34:06.847,15.57964,15.58327,0.00,0.00
2012.05.24 17:34:07.165,15.57964,15.58327,0.00,0.00
2012.05.24 17:34:07.285,15.58025,15.58389,0.00,0.00
2012.05.24 17:34:07.925,15.58044,15.58408,0.00,0.00
2012.05.24 17:34:08.046,15.58044,15.58385,0.00,0.00
2012.05.24 17:34:09.173,15.5806,15.58423,0.00,0.00
2012.05.24 17:34:10.449,15.5808,15.58444,0.00,0.00
2012.05.24 17:34:10.572,15.58048,15.58348,0.00,0.00
2012.05.24 17:34:11.545,15.58078,15.58441,0.00,0.00
2012.05.24 17:34:14.364,15.5806,15.58423,0.00,0.00
2012.05.24 17:34:16.081,15.57992,15.58356,0.00,0.00
2012.05.24 17:34:16.239,15.57948,15.58248,0.00,0.00
2012.05.24 17:34:16.922,15.57992,15.58358,0.00,0.00
2012.05.24 17:34:17.045,15.58012,15.58375,0.00,0.00
2012.05.24 17:34:17.384,15.57948,15.58248,0.00,0.00
2012.05.24 17:34:21.882,15.57878,15.58244,0.00,0.00
2012.05.24 17:34:22.736,15.57823,15.58149,0.00,0.00
2012.05.24 17:34:23.671,15.57871,15.58237,0.00,0.00
2012.05.24 17:34:24.092,15.57849,15.58215,0.00,0.00
2012.05.24 17:34:24.443,15.57948,15.58248,0.00,0.00
2012.05.24 17:34:25.033,15.57962,15.58325,0.00,0.00
2012.05.24 17:34:25.102,15.57901,15.58267,0.00,0.00
2012.05.24 17:34:25.521,15.57883,15.58221,0.00,0.00
2012.05.24 17:34:28.945,15.57883,15.5824,0.00,0.00
2012.05.24 17:34:29.334,15.57903,15.58218,0.00,0.00
2012.05.24 17:34:29.753,15.57923,15.58236,0.00,0.00
2012.05.24 17:34:30.903,15.57923,15.58252,0.00,0.00
2012.05.24 17:34:31.504,15.57923,15.58231,0.00,0.00
2012.05.24 17:34:34.812,15.57943,15.58247,0.00,0.00
2012.05.24 17:34:35.133,15.58052,15.58376,0.00,0.00
2012.05.24 17:34:40.211,15.58125,15.58491,0.00,0.00
2012.05.24 17:34:40.623,15.58143,15.58448,0.00,0.00
2012.05.24 17:34:41.925,15.58113,15.58477,0.00,0.00
2012.05.24 17:34:41.992,15.58042,15.58408,0.00,0.00
2012.05.24 17:34:42.403,15.57984,15.58285,0.00,0.00
2012.05.24 17:34:42.759,15.58022,15.58385,0.00,0.00
2012.05.24 17:34:42.907,15.58044,15.58408,0.00,0.00
2012.05.24 17:34:43.239,15.58022,15.58385,0.00,0.00
2012.05.24 17:34:43.473,15.57982,15.58348,0.00,0.00
2012.05.24 17:34:43.714,15.57948,15.58248,0.00,0.00
2012.05.24 17:34:44.793,15.58002,15.58366,0.00,0.00
2012.05.24 17:34:48.795,15.57982,15.58345,0.00,0.00
2012.05.24 17:34:48.863,15.58002,15.58366,0.00,0.00
2012.05.24 17:34:49.747,15.58042,15.58406,0.00,0.00
2012.05.24 17:34:49.899,15.57982,15.58345,0.00,0.00
2012.05.24 17:34:50.825,15.57962,15.58326,0.00,0.00
2012.05.24 17:34:51.274,15.57982,15.58345,0.00,0.00
2012.05.24 17:34:52.205,15.57962,15.58326,0.00,0.00
2012.05.24 17:34:59.783,15.57982,15.58345,0.00,0.00
2012.05.24 17:35:01.275,15.57962,15.58326,0.00,0.00
2012.05.24 17:35:01.466,15.57982,15.58345,0.00,0.00
2012.05.24 17:35:01.772,15.58002,15.58366,0.00,0.00
2012.05.24 17:35:01.953,15.57962,15.58326,0.00,0.00
2012.05.24 17:35:04.334,15.57982,15.58345,0.00,0.00
2012.05.24 17:35:04.452,15.58002,15.58366,0.00,0.00
2012.05.24 17:35:04.513,15.58056,15.5842,0.00,0.00
2012.05.24 17:35:06.242,15.58022,15.58385,0.00,0.00
2012.05.24 17:35:06.556,15.58053,15.58417,0.00,0.00
2012.05.24 17:35:07.138,15.58002,15.58366,0.00,0.00
2012.05.24 17:35:07.203,15.58022,15.58385,0.00,0.00
2012.05.24 17:35:07.463,15.57982,15.58348,0.00,0.00
2012.05.24 17:35:07.743,15.57962,15.58325,0.00,0.00
2012.05.24 17:35:08.359,15.57948,15.58248,0.00,0.00
2012.05.24 17:35:12.045,15.57994,15.58358,0.00,0.00
2012.05.24 17:35:13.145,15.57974,15.58338,0.00,0.00
2012.05.24 17:35:15.365,15.57994,15.58358,0.00,0.00
2012.05.24 17:35:15.554,15.57974,15.58338,0.00,0.00
2012.05.24 17:35:18.015,15.57954,15.58317,0.00,0.00
2012.05.24 17:35:21.754,15.57946,15.58247,0.00,0.00
2012.05.24 17:35:21.829,15.57878,15.58244,0.00,0.00
2012.05.24 17:35:25.961,15.57801,15.58167,0.00,0.00
2012.05.24 17:35:27.091,15.5782,15.58185,0.00,0.00
2012.05.24 17:35:27.724,15.57884,15.58248,0.00,0.00
2012.05.24 17:35:28.656,15.57878,15.58241,0.00,0.00
2012.05.24 17:35:31.022,15.57882,15.58247,0.00,0.00
2012.05.24 17:35:32.324,15.57863,15.58227,0.00,0.00
2012.05.24 17:35:32.649,15.57929,15.58292,0.00,0.00
2012.05.24 17:35:33.254,15.57929,15.58248,0.00,0.00
2012.05.24 17:35:33.517,15.57794,15.5816,0.00,0.00
2012.05.24 17:35:33.822,15.5785,15.58216,0.00,0.00
2012.05.24 17:35:34.144,15.57834,15.58198,0.00,0.00
2012.05.24 17:35:34.456,15.57857,15.58221,0.00,0.00
2012.05.24 17:35:34.985,15.57873,15.58237,0.00,0.00
2012.05.24 17:35:35.164,15.57855,15.58219,0.00,0.00
2012.05.24 17:35:35.235,15.57847,15.58148,0.00,0.00
2012.05.24 17:35:36.132,15.57832,15.58196,0.00,0.00
2012.05.24 17:35:36.645,15.57809,15.58172,0.00,0.00
2012.05.24 17:35:36.985,15.5783,15.58187,0.00,0.00
2012.05.24 17:35:37.395,15.57773,15.58085,0.00,0.00
2012.05.24 17:35:37.715,15.57754,15.58117,0.00,0.00
2012.05.24 17:35:38.263,15.57748,15.58048,0.00,0.00
2012.05.24 17:35:39.004,15.57735,15.58099,0.00,0.00
2012.05.24 17:35:39.142,15.57735,15.58035,0.00,0.00
2012.05.24 17:35:39.868,15.57654,15.5802,0.00,0.00
2012.05.24 17:35:40.147,15.57648,15.57948,0.00,0.00
2012.05.24 17:35:40.813,15.5743,15.57734,0.00,0.00
2012.05.24 17:35:41.184,15.57423,15.57734,0.00,0.00
2012.05.24 17:35:41.254,15.57393,15.57707,0.00,0.00
2012.05.24 17:35:41.804,15.57454,15.5782,0.00,0.00
2012.05.24 17:35:42.125,15.57434,15.578,0.00,0.00
2012.05.24 17:35:42.484,15.57327,15.57631,0.00,0.00
2012.05.24 17:35:42.612,15.57265,15.57631,0.00,0.00
2012.05.24 17:35:42.688,15.57263,15.57597,0.00,0.00
2012.05.24 17:35:42.992,15.57283,15.57625,0.00,0.00
2012.05.24 17:35:43.334,15.57454,15.57817,0.00,0.00
2012.05.24 17:35:43.732,15.57263,15.57626,0.00,0.00
2012.05.24 17:35:43.792,15.57454,15.57817,0.00,0.00
2012.05.24 17:35:44.902,15.57263,15.57594,0.00,0.00
2012.05.24 17:35:45.522,15.57243,15.57565,0.00,0.00
2012.05.24 17:35:45.861,15.57173,15.57505,0.00,0.00
2012.05.24 17:35:46.332,15.57239,15.57605,0.00,0.00
2012.05.24 17:35:46.754,15.57256,15.57622,0.00,0.00
2012.05.24 17:35:47.062,15.57193,15.57519,0.00,0.00
2012.05.24 17:35:47.438,15.57252,15.57618,0.00,0.00
2012.05.24 17:35:47.800,15.57209,15.57575,0.00,0.00
2012.05.24 17:35:48.134,15.5724,15.57606,0.00,0.00
2012.05.24 17:35:48.475,15.57233,15.57554,0.00,0.00
2012.05.24 17:35:49.404,15.57203,15.57531,0.00,0.00
2012.05.24 17:35:49.803,15.57183,15.57503,0.00,0.00
2012.05.24 17:35:50.144,15.57247,15.57548,0.00,0.00
2012.05.24 17:35:50.416,15.57285,15.57585,0.00,0.00
2012.05.24 17:35:50.564,15.57143,15.57472,0.00,0.00
2012.05.24 17:35:50.632,15.57181,15.57547,0.00,0.00
2012.05.24 17:35:50.995,15.57275,15.57639,0.00,0.00
2012.05.24 17:35:51.302,15.5724,15.57603,0.00,0.00
2012.05.24 17:35:51.924,15.57127,15.57493,0.00,0.00
2012.05.24 17:35:52.284,15.56673,15.5702,0.00,0.00
2012.05.24 17:35:52.672,15.56648,15.56948,0.00,0.00
2012.05.24 17:35:52.912,15.56652,15.57018,0.00,0.00
2012.05.24 17:35:53.112,15.56672,15.57035,0.00,0.00
2012.05.24 17:35:53.550,15.56732,15.57095,0.00,0.00
2012.05.24 17:35:53.617,15.56692,15.57055,0.00,0.00
2012.05.24 17:35:53.695,15.56672,15.57038,0.00,0.00
2012.05.24 17:35:53.821,15.56563,15.56892,0.00,0.00
2012.05.24 17:35:53.993,15.56672,15.57035,0.00,0.00
2012.05.24 17:35:54.051,15.56612,15.56978,0.00,0.00
2012.05.24 17:35:54.242,15.56592,15.56958,0.00,0.00
2012.05.24 17:35:54.483,15.56592,15.56958,0.00,0.00
2012.05.24 17:35:54.543,15.56508,15.56874,0.00,0.00
2012.05.24 17:35:54.878,15.56526,15.56892,0.00,0.00
2012.05.24 17:35:55.702,15.56729,15.57092,0.00,0.00
2012.05.24 17:35:55.921,15.56676,15.57042,0.00,0.00
2012.05.24 17:35:55.992,15.56693,15.57057,0.00,0.00
2012.05.24 17:35:56.211,15.56689,15.57055,0.00,0.00
2012.05.24 17:35:56.606,15.56647,15.56948,0.00,0.00
2012.05.24 17:35:56.732,15.56672,15.57035,0.00,0.00
2012.05.24 17:35:56.964,15.56647,15.56948,0.00,0.00
2012.05.24 17:35:57.154,15.56665,15.57027,0.00,0.00
2012.05.24 17:35:57.234,15.56729,15.57092,0.00,0.00
2012.05.24 17:35:57.784,15.56747,15.57048,0.00,0.00
2012.05.24 17:35:58.093,15.56709,15.57072,0.00,0.00
2012.05.24 17:35:58.223,15.56573,15.56927,0.00,0.00
2012.05.24 17:35:58.988,15.56689,15.57052,0.00,0.00
2012.05.24 17:35:59.315,15.56649,15.57012,0.00,0.00
2012.05.24 17:35:59.381,15.56513,15.56863,0.00,0.00
2012.05.24 17:35:59.535,15.56749,15.57112,0.00,0.00
2012.05.24 17:36:00.983,15.56648,15.56948,0.00,0.00
2012.05.24 17:36:01.507,15.56628,15.56991,0.00,0.00
2012.05.24 17:36:01.573,15.56648,15.57011,0.00,0.00
2012.05.24 17:36:01.724,15.56628,15.56991,0.00,0.00
2012.05.24 17:36:02.211,15.56628,15.56935,0.00,0.00
2012.05.24 17:36:02.551,15.56608,15.56971,0.00,0.00
2012.05.24 17:36:02.672,15.56628,15.56991,0.00,0.00
2012.05.24 17:36:02.996,15.56648,15.56987,0.00,0.00
2012.05.24 17:36:03.107,15.56608,15.56971,0.00,0.00
2012.05.24 17:36:03.355,15.56588,15.56954,0.00,0.00
2012.05.24 17:36:03.694,15.56548,15.56914,0.00,0.00
2012.05.24 17:36:03.822,15.56461,15.56827,0.00,0.00
2012.05.24 17:36:04.132,15.56286,15.56652,0.00,0.00
2012.05.24 17:36:04.543,15.56265,15.56631,0.00,0.00
2012.05.24 17:36:04.908,15.56648,15.56948,0.00,0.00
2012.05.24 17:36:05.019,15.56552,15.56908,0.00,0.00
2012.05.24 17:36:05.087,15.56708,15.57071,0.00,0.00
2012.05.24 17:36:05.153,15.56684,15.56985,0.00,0.00
2012.05.24 17:36:05.294,15.56586,15.56952,0.00,0.00
2012.05.24 17:36:05.912,15.56563,15.56911,0.00,0.00
2012.05.24 17:36:06.514,15.56565,15.56931,0.00,0.00
2012.05.24 17:36:07.831,15.56552,15.56914,0.00,0.00
2012.05.24 17:36:08.231,15.56573,15.5693,0.00,0.00
2012.05.24 17:36:09.055,15.56573,15.5691,0.00,0.00
2012.05.24 17:36:12.889,15.56573,15.5691,0.00,0.00
2012.05.24 17:36:14.171,15.56573,15.56931,0.00,0.00
2012.05.24 17:36:14.505,15.56603,15.56947,0.00,0.00
2012.05.24 17:36:15.619,15.56588,15.56954,0.00,0.00
2012.05.24 17:36:15.946,15.56689,15.57053,0.00,0.00
2012.05.24 17:36:16.357,15.56688,15.57052,0.00,0.00
2012.05.24 17:36:16.485,15.56668,15.57032,0.00,0.00
2012.05.24 17:36:16.936,15.56588,15.56952,0.00,0.00
2012.05.24 17:36:17.005,15.56568,15.56932,0.00,0.00
2012.05.24 17:36:17.496,15.56584,15.56885,0.00,0.00
2012.05.24 17:36:17.813,15.56648,15.57012,0.00,0.00
2012.05.24 17:36:18.074,15.56628,15.56991,0.00,0.00
2012.05.24 17:36:18.451,15.56648,15.57011,0.00,0.00
2012.05.24 17:36:18.568,15.56628,15.56991,0.00,0.00
2012.05.24 17:36:18.907,15.5669,15.57053,0.00,0.00
2012.05.24 17:36:19.008,15.56648,15.57012,0.00,0.00
2012.05.24 17:36:19.161,15.56628,15.56991,0.00,0.00
2012.05.24 17:36:19.327,15.56659,15.57023,0.00,0.00
2012.05.24 17:36:20.226,15.56608,15.56971,0.00,0.00
2012.05.24 17:36:20.354,15.56648,15.57011,0.00,0.00
2012.05.24 17:36:20.623,15.56628,15.56991,0.00,0.00
2012.05.24 17:36:21.073,15.56608,15.56972,0.00,0.00
2012.05.24 17:36:21.299,15.56628,15.56991,0.00,0.00
2012.05.24 17:36:21.899,15.56608,15.56972,0.00,0.00
2012.05.24 17:36:22.096,15.56588,15.56948,0.00,0.00
2012.05.24 17:36:22.297,15.56608,15.56972,0.00,0.00
2012.05.24 17:36:22.578,15.56548,15.56911,0.00,0.00
2012.05.24 17:36:23.006,15.56548,15.56848,0.00,0.00
2012.05.24 17:36:23.609,15.56568,15.56932,0.00,0.00
2012.05.24 17:36:23.998,15.56552,15.56915,0.00,0.00
2012.05.24 17:36:24.183,15.56508,15.56872,0.00,0.00
2012.05.24 17:36:24.363,15.56488,15.56852,0.00,0.00
2012.05.24 17:36:24.784,15.56448,15.56748,0.00,0.00
2012.05.24 17:36:25.176,15.56448,15.56811,0.00,0.00
2012.05.24 17:36:25.313,15.5641,15.56774,0.00,0.00
2012.05.24 17:36:25.673,15.56428,15.56792,0.00,0.00
2012.05.24 17:36:26.526,15.56384,15.56685,0.00,0.00
2012.05.24 17:36:27.110,15.56448,15.56748,0.00,0.00
2012.05.24 17:36:27.374,15.56428,15.56791,0.00,0.00
2012.05.24 17:36:27.466,15.56253,15.56609,0.00,0.00
2012.05.24 17:36:27.538,15.56153,15.56516,0.00,0.00
2012.05.24 17:36:28.188,15.5615,15.56516,0.00,0.00
2012.05.24 17:36:28.594,15.56248,15.56611,0.00,0.00
2012.05.24 17:36:28.995,15.56152,15.56471,0.00,0.00
2012.05.24 17:36:30.085,15.56123,15.56489,0.00,0.00
2012.05.24 17:36:30.422,15.56149,15.56515,0.00,0.00
2012.05.24 17:36:31.082,15.56152,15.56475,0.00,0.00
2012.05.24 17:36:31.404,15.56268,15.56632,0.00,0.00
2012.05.24 17:36:31.643,15.56177,15.56541,0.00,0.00
2012.05.24 17:36:31.844,15.562,15.56563,0.00,0.00
2012.05.24 17:36:32.237,15.56251,15.56615,0.00,0.00
2012.05.24 17:36:32.455,15.56251,15.56617,0.00,0.00
2012.05.24 17:36:33.323,15.56269,15.56635,0.00,0.00
2012.05.24 17:36:33.763,15.56407,15.56771,0.00,0.00
2012.05.24 17:36:34.364,15.56448,15.56748,0.00,0.00
2012.05.24 17:36:34.422,15.56448,15.56748,0.00,0.00
2012.05.24 17:36:34.484,15.56252,15.56615,0.00,0.00
2012.05.24 17:36:35.087,15.56267,15.56633,0.00,0.00
2012.05.24 17:36:35.632,15.56448,15.56748,0.00,0.00
2012.05.24 17:36:36.429,15.56448,15.56748,0.00,0.00
2012.05.24 17:36:36.612,15.56448,15.56785,0.00,0.00
2012.05.24 17:36:37.002,15.56582,15.56946,0.00,0.00
2012.05.24 17:36:37.353,15.56548,15.56848,0.00,0.00
2012.05.24 17:36:37.647,15.56627,15.5699,0.00,0.00
2012.05.24 17:36:37.715,15.56627,15.56987,0.00,0.00
2012.05.24 17:36:37.867,15.56606,15.5697,0.00,0.00
2012.05.24 17:36:38.146,15.56627,15.5699,0.00,0.00
2012.05.24 17:36:38.483,15.56634,15.56935,0.00,0.00
2012.05.24 17:36:38.741,15.56501,15.56867,0.00,0.00
2012.05.24 17:36:39.086,15.56542,15.56846,0.00,0.00
2012.05.24 17:36:39.152,15.56552,15.56862,0.00,0.00
2012.05.24 17:36:39.366,15.56647,15.5701,0.00,0.00
2012.05.24 17:36:39.494,15.56647,15.56985,0.00,0.00
2012.05.24 17:36:39.563,15.56627,15.56948,0.00,0.00
2012.05.24 17:36:40.062,15.56604,15.56968,0.00,0.00
2012.05.24 17:36:40.486,15.56548,15.56848,0.00,0.00
2012.05.24 17:36:40.552,15.56584,15.56885,0.00,0.00
2012.05.24 17:36:40.727,15.56548,15.56848,0.00,0.00
2012.05.24 17:36:41.155,15.56587,15.56951,0.00,0.00
2012.05.24 17:36:42.306,15.56603,15.56967,0.00,0.00
2012.05.24 17:36:42.525,15.56603,15.56967,0.00,0.00
2012.05.24 17:36:42.934,15.56641,15.57004,0.00,0.00
2012.05.24 17:36:43.054,15.56624,15.56987,0.00,0.00
2012.05.24 17:36:43.447,15.56601,15.56965,0.00,0.00
2012.05.24 17:36:43.515,15.56601,15.56948,0.00,0.00
2012.05.24 17:36:43.586,15.56588,15.56948,0.00,0.00
2012.05.24 17:36:43.978,15.56548,15.56848,0.00,0.00
2012.05.24 17:36:44.784,15.56555,15.56918,0.00,0.00
2012.05.24 17:36:45.513,15.56536,15.56899,0.00,0.00
2012.05.24 17:36:46.371,15.56534,15.56835,0.00,0.00
2012.05.24 17:36:48.351,15.56536,15.56848,0.00,0.00
2012.05.24 17:36:48.512,15.56415,15.56781,0.00,0.00
2012.05.24 17:36:48.852,15.56443,15.56784,0.00,0.00
2012.05.24 17:36:49.244,15.56423,15.56768,0.00,0.00
2012.05.24 17:36:50.093,15.56452,15.56786,0.00,0.00
2012.05.24 17:36:50.694,15.56602,15.56965,0.00,0.00
2012.05.24 17:36:51.172,15.56563,15.56929,0.00,0.00
2012.05.24 17:36:51.496,15.56548,15.56848,0.00,0.00
2012.05.24 17:36:52.076,15.56568,15.56932,0.00,0.00
2012.05.24 17:36:52.239,15.56552,15.56915,0.00,0.00
2012.05.24 17:36:52.945,15.56452,15.56764,0.00,0.00
2012.05.24 17:36:53.159,15.56452,15.56788,0.00,0.00
2012.05.24 17:36:53.632,15.56475,15.56841,0.00,0.00
2012.05.24 17:36:54.074,15.56565,15.56928,0.00,0.00
2012.05.24 17:36:54.382,15.56619,15.56923,0.00,0.00
2012.05.24 17:36:54.564,15.56643,15.56943,0.00,0.00
2012.05.24 17:36:54.842,15.56643,15.56945,0.00,0.00
2012.05.24 17:36:55.132,15.56582,15.56882,0.00,0.00
2012.05.24 17:36:55.191,15.56593,15.56969,0.00,0.00
2012.05.24 17:36:55.343,15.56593,15.5694,0.00,0.00
2012.05.24 17:36:55.531,15.56653,15.57027,0.00,0.00
2012.05.24 17:36:55.613,15.56653,15.56982,0.00,0.00
2012.05.24 17:36:56.162,15.56653,15.56999,0.00,0.00
2012.05.24 17:36:56.512,15.56752,15.57086,0.00,0.00
2012.05.24 17:36:56.573,15.56752,15.57054,0.00,0.00
2012.05.24 17:36:56.643,15.56783,15.57141,0.00,0.00
2012.05.24 17:36:57.045,15.56775,15.57079,0.00,0.00
2012.05.24 17:36:57.113,15.56803,15.57166,0.00,0.00
2012.05.24 17:36:57.220,15.56793,15.57096,0.00,0.00
2012.05.24 17:36:57.284,15.56753,15.57056,0.00,0.00
2012.05.24 17:36:57.715,15.56783,15.57143,0.00,0.00
2012.05.24 17:36:57.842,15.56758,15.57058,0.00,0.00
2012.05.24 17:36:57.962,15.56773,15.57076,0.00,0.00
2012.05.24 17:36:58.182,15.56783,15.57095,0.00,0.00
2012.05.24 17:36:58.242,15.56823,15.57182,0.00,0.00
2012.05.24 17:37:00.211,15.56783,15.57095,0.00,0.00
2012.05.24 17:37:00.271,15.56783,15.57144,0.00,0.00
2012.05.24 17:37:00.716,15.56753,15.57103,0.00,0.00
2012.05.24 17:37:01.703,15.56733,15.57103,0.00,0.00
2012.05.24 17:37:02.643,15.56693,15.57071,0.00,0.00
2012.05.24 17:37:03.186,15.56668,15.56968,0.00,0.00
2012.05.24 17:37:03.255,15.56673,15.57055,0.00,0.00
2012.05.24 17:37:03.324,15.56718,15.57084,0.00,0.00
2012.05.24 17:37:03.392,15.56589,15.56889,0.00,0.00
2012.05.24 17:37:03.512,15.56623,15.56976,0.00,0.00
2012.05.24 17:37:03.664,15.56567,15.56867,0.00,0.00
2012.05.24 17:37:03.732,15.56593,15.56954,0.00,0.00
2012.05.24 17:37:04.353,15.5655,15.5685,0.00,0.00
2012.05.24 17:37:04.612,15.56573,15.56937,0.00,0.00
2012.05.24 17:37:04.673,15.56564,15.56868,0.00,0.00
2012.05.24 17:37:05.163,15.56593,15.56955,0.00,0.00
2012.05.24 17:37:05.232,15.56585,15.56889,0.00,0.00
2012.05.24 17:37:05.547,15.56561,15.56861,0.00,0.00
2012.05.24 17:37:05.666,15.56583,15.56886,0.00,0.00
2012.05.24 17:37:06.037,15.5654,15.5684,0.00,0.00
2012.05.24 17:37:06.162,15.56573,15.56927,0.00,0.00
2012.05.24 17:37:07.483,15.56499,15.56799,0.00,0.00
2012.05.24 17:37:07.612,15.56553,15.56886,0.00,0.00
2012.05.24 17:37:07.801,15.56533,15.56886,0.00,0.00
2012.05.24 17:37:12.022,15.56503,15.56886,0.00,0.00
2012.05.24 17:37:12.190,15.56616,15.56982,0.00,0.00
2012.05.24 17:37:12.500,15.56616,15.56935,0.00,0.00
2012.05.24 17:37:14.072,15.56498,15.56802,0.00,0.00
2012.05.24 17:37:14.131,15.56523,15.56889,0.00,0.00
2012.05.24 17:37:14.191,15.56523,15.56834,0.00,0.00
2012.05.24 17:37:14.480,15.56552,15.56921,0.00,0.00
2012.05.24 17:37:15.008,15.56552,15.56889,0.00,0.00
2012.05.24 17:37:15.413,15.56633,15.56933,0.00,0.00
2012.05.24 17:37:15.763,15.56613,15.56925,0.00,0.00
2012.05.24 17:37:15.833,15.56597,15.56901,0.00,0.00
2012.05.24 17:37:15.982,15.56583,15.56901,0.00,0.00
2012.05.24 17:37:16.930,15.56563,15.56885,0.00,0.00
2012.05.24 17:37:17.323,15.56631,15.56935,0.00,0.00
2012.05.24 17:37:18.253,15.56651,15.56955,0.00,0.00
2012.05.24 17:37:20.043,15.56653,15.57015,0.00,0.00
2012.05.24 17:37:20.304,15.56752,15.57053,0.00,0.00
2012.05.24 17:37:20.371,15.56752,15.57105,0.00,0.00
2012.05.24 17:37:20.825,15.56833,15.57133,0.00,0.00
2012.05.24 17:37:21.042,15.56782,15.57105,0.00,0.00
2012.05.24 17:37:21.109,15.5656,15.56864,0.00,0.00
2012.05.24 17:37:21.220,15.5656,15.56864,0.00,0.00
2012.05.24 17:37:21.284,15.56846,15.57209,0.00,0.00
2012.05.24 17:37:21.412,15.56703,15.57017,0.00,0.00
2012.05.24 17:37:22.093,15.56635,15.57001,0.00,0.00
2012.05.24 17:37:22.461,15.56613,15.56922,0.00,0.00
2012.05.24 17:37:24.181,15.56601,15.56905,0.00,0.00
2012.05.24 17:37:24.564,15.56535,15.56839,0.00,0.00
2012.05.24 17:37:24.663,15.56563,15.56863,0.00,0.00
2012.05.24 17:37:25.443,15.56513,15.56839,0.00,0.00
2012.05.24 17:37:25.515,15.56453,15.56816,0.00,0.00
2012.05.24 17:37:25.822,15.5647,15.56774,0.00,0.00
2012.05.24 17:37:25.882,15.56578,15.56944,0.00,0.00
2012.05.24 17:37:26.025,15.56449,15.56753,0.00,0.00
2012.05.24 17:37:26.271,15.56483,15.56787,0.00,0.00
2012.05.24 17:37:26.334,15.56523,15.56823,0.00,0.00
2012.05.24 17:37:26.472,15.5665,15.57014,0.00,0.00
2012.05.24 17:37:26.534,15.5665,15.57013,0.00,0.00
2012.05.24 17:37:26.884,15.56516,15.5682,0.00,0.00
2012.05.24 17:37:26.954,15.56608,15.56948,0.00,0.00
2012.05.24 17:37:27.153,15.56473,15.56796,0.00,0.00
2012.05.24 17:37:27.528,15.56503,15.56816,0.00,0.00
2012.05.24 17:37:27.866,15.56553,15.56867,0.00,0.00
2012.05.24 17:37:28.193,15.56573,15.56873,0.00,0.00
2012.05.24 17:37:28.263,15.56573,15.56887,0.00,0.00
2012.05.24 17:37:28.511,15.5659,15.56956,0.00,0.00
2012.05.24 17:37:28.881,15.56673,15.56974,0.00,0.00
2012.05.24 17:37:29.374,15.56653,15.56956,0.00,0.00
2012.05.24 17:37:30.173,15.56653,15.56972,0.00,0.00
2012.05.24 17:37:32.512,15.56625,15.56991,0.00,0.00
2012.05.24 17:37:34.133,15.56642,15.57007,0.00,0.00
2012.05.24 17:37:34.502,15.56616,15.56982,0.00,0.00
2012.05.24 17:37:35.122,15.566,15.56966,0.00,0.00
2012.05.24 17:37:35.446,15.56545,15.56849,0.00,0.00
2012.05.24 17:37:35.512,15.56483,15.56837,0.00,0.00
2012.05.24 17:37:35.571,15.56463,15.56829,0.00,0.00
2012.05.24 17:37:36.875,15.5655,15.56913,0.00,0.00
2012.05.24 17:37:37.607,15.56457,15.56757,0.00,0.00
2012.05.24 17:37:37.682,15.56589,15.56952,0.00,0.00
2012.05.24 17:37:38.046,15.56524,15.56887,0.00,0.00
2012.05.24 17:37:38.213,15.56524,15.56887,0.00,0.00
2012.05.24 17:37:38.334,15.56565,15.56929,0.00,0.00
2012.05.24 17:37:38.825,15.56589,15.56955,0.00,0.00
2012.05.24 17:37:39.291,15.56606,15.56972,0.00,0.00
2012.05.24 17:37:40.201,15.56583,15.56949,0.00,0.00
2012.05.24 17:37:40.652,15.56555,15.56921,0.00,0.00
2012.05.24 17:37:41.555,15.56552,15.56897,0.00,0.00
2012.05.24 17:37:41.862,15.56484,15.5685,0.00,0.00
2012.05.24 17:37:42.761,15.56555,15.56921,0.00,0.00
2012.05.24 17:37:43.182,15.56707,15.57071,0.00,0.00
2012.05.24 17:37:43.413,15.56707,15.57073,0.00,0.00
2012.05.24 17:37:43.564,15.56954,15.57317,0.00,0.00
2012.05.24 17:37:43.634,15.56896,15.57259,0.00,0.00
2012.05.24 17:37:43.704,15.56886,15.57187,0.00,0.00
2012.05.24 17:37:44.581,15.56896,15.57197,0.00,0.00
2012.05.24 17:37:44.641,15.56743,15.57047,0.00,0.00
2012.05.24 17:37:44.772,15.56752,15.57111,0.00,0.00
2012.05.24 17:37:44.891,15.56752,15.5709,0.00,0.00
2012.05.24 17:37:45.403,15.56774,15.5714,0.00,0.00
2012.05.24 17:37:46.333,15.56852,15.57152,0.00,0.00
2012.05.24 17:37:47.172,15.56826,15.5713,0.00,0.00
2012.05.24 17:37:47.232,15.56764,15.5713,0.00,0.00
2012.05.24 17:37:47.355,15.56898,15.57261,0.00,0.00
2012.05.24 17:37:47.858,15.56875,15.57238,0.00,0.00
2012.05.24 17:37:48.074,15.56891,15.57255,0.00,0.00
2012.05.24 17:37:48.677,15.56907,15.5727,0.00,0.00
2012.05.24 17:37:52.345,15.56891,15.57254,0.00,0.00
2012.05.24 17:37:53.481,15.56885,15.57185,0.00,0.00
2012.05.24 17:37:54.484,15.56867,15.57167,0.00,0.00
2012.05.24 17:37:55.678,15.56845,15.57208,0.00,0.00
2012.05.24 17:37:55.743,15.56817,15.57117,0.00,0.00
2012.05.24 17:37:55.802,15.56641,15.56945,0.00,0.00
2012.05.24 17:37:55.962,15.56579,15.56945,0.00,0.00
2012.05.24 17:37:57.205,15.56714,15.57077,0.00,0.00
2012.05.24 17:37:57.552,15.56569,15.56935,0.00,0.00
2012.05.24 17:37:57.933,15.56652,15.56972,0.00,0.00
2012.05.24 17:37:58.744,15.56647,15.56951,0.00,0.00
2012.05.24 17:37:58.813,15.56545,15.56911,0.00,0.00
2012.05.24 17:38:02.541,15.5673,15.57093,0.00,0.00
2012.05.24 17:38:02.661,15.56552,15.5691,0.00,0.00
2012.05.24 17:38:03.941,15.56552,15.56894,0.00,0.00
2012.05.24 17:38:19.206,15.56713,15.57077,0.00,0.00
2012.05.24 17:38:19.948,15.56685,15.56985,0.00,0.00
2012.05.24 17:38:20.935,15.56713,15.57035,0.00,0.00
2012.05.24 17:38:21.022,15.56573,15.56887,0.00,0.00
2012.05.24 17:38:21.937,15.56573,15.56906,0.00,0.00
2012.05.24 17:38:23.195,15.56714,15.57077,0.00,0.00
2012.05.24 17:38:23.902,15.56684,15.56985,0.00,0.00
2012.05.24 17:38:24.004,15.56573,15.56885,0.00,0.00
2012.05.24 17:38:25.181,15.56552,15.56869,0.00,0.00
2012.05.24 17:38:26.852,15.56543,15.56885,0.00,0.00
2012.05.24 17:38:32.684,15.56543,15.56869,0.00,0.00
2012.05.24 17:38:34.526,15.56483,15.56846,0.00,0.00
2012.05.24 17:38:34.853,15.56637,15.57001,0.00,0.00
2012.05.24 17:38:35.614,15.56632,15.56935,0.00,0.00
2012.05.24 17:38:36.244,15.5661,15.56974,0.00,0.00
2012.05.24 17:38:37.783,15.56632,15.56995,0.00,0.00
2012.05.24 17:38:39.761,15.5657,15.56935,0.00,0.00
2012.05.24 17:38:40.141,15.56548,15.56848,0.00,0.00
2012.05.24 17:38:41.614,15.56554,15.56917,0.00,0.00
2012.05.24 17:38:42.283,15.5657,15.56933,0.00,0.00
2012.05.24 17:38:42.426,15.56536,15.56899,0.00,0.00
2012.05.24 17:38:42.754,15.56583,15.56919,0.00,0.00
2012.05.24 17:38:43.155,15.56583,15.56921,0.00,0.00
2012.05.24 17:38:43.736,15.5673,15.57093,0.00,0.00
2012.05.24 17:38:44.663,15.56764,15.57128,0.00,0.00
2012.05.24 17:38:45.348,15.56792,15.57155,0.00,0.00
2012.05.24 17:38:45.581,15.56784,15.57085,0.00,0.00
2012.05.24 17:38:46.074,15.56799,15.57101,0.00,0.00
2012.05.24 17:38:46.632,15.56783,15.57103,0.00,0.00
2012.05.24 17:38:46.775,15.56775,15.57079,0.00,0.00
2012.05.24 17:38:47.511,15.56823,15.57123,0.00,0.00
2012.05.24 17:38:47.572,15.56885,15.57185,0.00,0.00
2012.05.24 17:38:47.634,15.56823,15.57185,0.00,0.00
2012.05.24 17:38:47.926,15.57009,15.57373,0.00,0.00
2012.05.24 17:38:48.540,15.57009,15.57335,0.00,0.00
2012.05.24 17:38:48.602,15.57035,15.57399,0.00,0.00
2012.05.24 17:38:48.768,15.57026,15.57389,0.00,0.00
2012.05.24 17:38:48.977,15.56995,15.57359,0.00,0.00
2012.05.24 17:38:49.418,15.57054,15.57418,0.00,0.00
2012.05.24 17:38:49.571,15.56903,15.57236,0.00,0.00
2012.05.24 17:38:49.799,15.56933,15.57256,0.00,0.00
2012.05.24 17:38:50.152,15.56973,15.57304,0.00,0.00
2012.05.24 17:38:50.521,15.56973,15.57324,0.00,0.00
2012.05.24 17:38:51.333,15.56963,15.57267,0.00,0.00
2012.05.24 17:38:52.131,15.56952,15.57267,0.00,0.00
2012.05.24 17:38:52.447,15.56963,15.57329,0.00,0.00
2012.05.24 17:38:52.972,15.56813,15.57174,0.00,0.00
2012.05.24 17:38:53.325,15.56852,15.5719,0.00,0.00
2012.05.24 17:38:53.674,15.56938,15.57304,0.00,0.00
2012.05.24 17:38:54.022,15.56856,15.57222,0.00,0.00
2012.05.24 17:38:54.562,15.56852,15.57199,0.00,0.00
2012.05.24 17:38:54.995,15.56987,15.57353,0.00,0.00
2012.05.24 17:38:55.356,15.56892,15.57255,0.00,0.00
2012.05.24 17:38:55.693,15.56952,15.57307,0.00,0.00
2012.05.24 17:38:56.936,15.57083,15.57446,0.00,0.00
2012.05.24 17:38:57.269,15.57067,15.5743,0.00,0.00
2012.05.24 17:38:57.647,15.57047,15.57348,0.00,0.00
2012.05.24 17:38:58.393,15.56864,15.57168,0.00,0.00
2012.05.24 17:38:58.454,15.56986,15.57297,0.00,0.00
2012.05.24 17:38:58.663,15.56976,15.57277,0.00,0.00
2012.05.24 17:38:58.992,15.56986,15.57297,0.00,0.00
2012.05.24 17:38:59.163,15.56894,15.5726,0.00,0.00
2012.05.24 17:38:59.503,15.57006,15.57369,0.00,0.00
2012.05.24 17:38:59.812,15.56936,15.573,0.00,0.00
2012.05.24 17:39:00.176,15.56969,15.57335,0.00,0.00
2012.05.24 17:39:00.642,15.56985,15.57351,0.00,0.00
2012.05.24 17:39:00.998,15.57063,15.57427,0.00,0.00
2012.05.24 17:39:01.604,15.57024,15.57335,0.00,0.00
2012.05.24 17:39:02.239,15.56879,15.57183,0.00,0.00
2012.05.24 17:39:02.854,15.56988,15.57351,0.00,0.00
2012.05.24 17:39:03.007,15.57006,15.57369,0.00,0.00
2012.05.24 17:39:03.951,15.57013,15.57317,0.00,0.00
2012.05.24 17:39:04.500,15.57133,15.57445,0.00,0.00
2012.05.24 17:39:04.561,15.57133,15.57447,0.00,0.00
2012.05.24 17:39:05.821,15.57173,15.57487,0.00,0.00
2012.05.24 17:39:06.152,15.57252,15.57552,0.00,0.00
2012.05.24 17:39:06.802,15.57233,15.57534,0.00,0.00
2012.05.24 17:39:06.861,15.57201,15.57505,0.00,0.00
2012.05.24 17:39:09.001,15.57183,15.57505,0.00,0.00
2012.05.24 17:39:09.064,15.57151,15.57455,0.00,0.00
2012.05.24 17:39:09.333,15.57169,15.57473,0.00,0.00
2012.05.24 17:39:09.552,15.57213,15.57513,0.00,0.00
2012.05.24 17:39:09.613,15.57199,15.57503,0.00,0.00
2012.05.24 17:39:09.879,15.57162,15.57503,0.00,0.00
2012.05.24 17:39:10.552,15.57367,15.5773,0.00,0.00
2012.05.24 17:39:10.952,15.57252,15.57553,0.00,0.00
2012.05.24 17:39:11.803,15.57271,15.57637,0.00,0.00
2012.05.24 17:39:12.186,15.57393,15.57693,0.00,0.00
2012.05.24 17:39:12.371,15.57483,15.57849,0.00,0.00
2012.05.24 17:39:13.243,15.57413,15.57717,0.00,0.00
2012.05.24 17:39:13.305,15.57363,15.57726,0.00,0.00
2012.05.24 17:39:14.205,15.57438,15.57742,0.00,0.00
2012.05.24 17:39:14.272,15.57453,15.57757,0.00,0.00
2012.05.24 17:39:14.453,15.57483,15.57783,0.00,0.00
2012.05.24 17:39:14.694,15.57511,15.57877,0.00,0.00
2012.05.24 17:39:14.822,15.57491,15.57857,0.00,0.00
2012.05.24 17:39:15.128,15.57583,15.57883,0.00,0.00
2012.05.24 17:39:15.350,15.57611,15.57977,0.00,0.00
2012.05.24 17:39:15.472,15.57633,15.57937,0.00,0.00
2012.05.24 17:39:15.847,15.57713,15.58013,0.00,0.00
2012.05.24 17:39:16.180,15.57662,15.57963,0.00,0.00
2012.05.24 17:39:16.622,15.57752,15.58053,0.00,0.00
2012.05.24 17:39:16.684,15.57653,15.57957,0.00,0.00
2012.05.24 17:39:16.813,15.57636,15.5794,0.00,0.00
2012.05.24 17:39:16.883,15.57693,15.57994,0.00,0.00
2012.05.24 17:39:16.955,15.57572,15.57935,0.00,0.00
2012.05.24 17:39:17.173,15.57651,15.57955,0.00,0.00
2012.05.24 17:39:17.234,15.57782,15.58148,0.00,0.00
2012.05.24 17:39:17.797,15.57783,15.58147,0.00,0.00
2012.05.24 17:39:18.589,15.57613,15.57917,0.00,0.00
2012.05.24 17:39:18.695,15.57643,15.57943,0.00,0.00
2012.05.24 17:39:18.816,15.57964,15.58327,0.00,0.00
2012.05.24 17:39:19.208,15.57933,15.58235,0.00,0.00
2012.05.24 17:39:19.413,15.58021,15.58387,0.00,0.00
2012.05.24 17:39:19.584,15.58004,15.5837,0.00,0.00
2012.05.24 17:39:19.922,15.5802,15.58386,0.00,0.00
2012.05.24 17:39:20.249,15.58103,15.58417,0.00,0.00
2012.05.24 17:39:20.881,15.5805,15.58416,0.00,0.00
2012.05.24 17:39:21.297,15.58033,15.58399,0.00,0.00
2012.05.24 17:39:21.700,15.58039,15.58405,0.00,0.00
2012.05.24 17:39:22.112,15.5806,15.58426,0.00,0.00
2012.05.24 17:39:22.650,15.57905,15.58209,0.00,0.00
2012.05.24 17:39:23.174,15.58078,15.58382,0.00,0.00
2012.05.24 17:39:23.304,15.58083,15.58447,0.00,0.00
2012.05.24 17:39:23.434,15.58183,15.58484,0.00,0.00
2012.05.24 17:39:23.984,15.58183,15.58483,0.00,0.00
2012.05.24 17:39:24.375,15.58085,15.58389,0.00,0.00
2012.05.24 17:39:24.946,15.58163,15.58463,0.00,0.00
2012.05.24 17:39:25.143,15.58181,15.58547,0.00,0.00
2012.05.24 17:39:25.322,15.58105,15.58409,0.00,0.00
2012.05.24 17:39:25.804,15.58143,15.58449,0.00,0.00
2012.05.24 17:39:25.871,15.58173,15.58473,0.00,0.00
2012.05.24 17:39:26.248,15.58213,15.58513,0.00,0.00
2012.05.24 17:39:26.566,15.58125,15.58429,0.00,0.00
2012.05.24 17:39:26.905,15.58182,15.58483,0.00,0.00
2012.05.24 17:39:26.973,15.58213,15.58513,0.00,0.00
2012.05.24 17:39:27.114,15.58137,15.58441,0.00,0.00
2012.05.24 17:39:27.244,15.58162,15.58463,0.00,0.00
2012.05.24 17:39:27.654,15.58125,15.58429,0.00,0.00
2012.05.24 17:39:27.775,15.58145,15.58449,0.00,0.00
2012.05.24 17:39:27.845,15.58243,15.58544,0.00,0.00
2012.05.24 17:39:27.973,15.58149,15.58449,0.00,0.00
2012.05.24 17:39:28.161,15.5819,15.5849,0.00,0.00
2012.05.24 17:39:28.270,15.5821,15.5851,0.00,0.00
2012.05.24 17:39:28.800,15.58263,15.58597,0.00,0.00
2012.05.24 17:39:28.971,15.58315,15.58681,0.00,0.00
2012.05.24 17:39:29.093,15.58335,15.58701,0.00,0.00
2012.05.24 17:39:29.212,15.58335,15.58701,0.00,0.00
2012.05.24 17:39:29.303,15.58313,15.58657,0.00,0.00
2012.05.24 17:39:30.077,15.58203,15.58503,0.00,0.00
2012.05.24 17:39:30.143,15.58263,15.5859,0.00,0.00
2012.05.24 17:39:30.205,15.58143,15.58443,0.00,0.00
2012.05.24 17:39:30.272,15.58183,15.58483,0.00,0.00
2012.05.24 17:39:30.465,15.58163,15.58463,0.00,0.00
2012.05.24 17:39:30.780,15.58293,15.58593,0.00,0.00
2012.05.24 17:39:31.237,15.5818,15.5848,0.00,0.00
2012.05.24 17:39:31.434,15.58313,15.58613,0.00,0.00
2012.05.24 17:39:31.601,15.58283,15.58583,0.00,0.00
2012.05.24 17:39:31.987,15.58283,15.58583,0.00,0.00
2012.05.24 17:39:32.113,15.58206,15.58506,0.00,0.00
2012.05.24 17:39:32.211,15.58303,15.58603,0.00,0.00
2012.05.24 17:39:32.271,15.58303,15.58735,0.00,0.00
2012.05.24 17:39:32.334,15.58248,15.58548,0.00,0.00
2012.05.24 17:39:32.462,15.57853,15.58407,0.00,0.00
2012.05.24 17:39:32.587,15.57803,15.58103,0.00,0.00
2012.05.24 17:39:32.652,15.57737,15.58103,0.00,0.00
2012.05.24 17:39:32.831,15.57724,15.5809,0.00,0.00
2012.05.24 17:39:33.162,15.5774,15.58106,0.00,0.00
2012.05.24 17:39:33.543,15.57693,15.58022,0.00,0.00
2012.05.24 17:39:33.821,15.57753,15.58119,0.00,0.00
2012.05.24 17:39:34.181,15.57689,15.58055,0.00,0.00
2012.05.24 17:39:34.559,15.57745,15.58111,0.00,0.00
2012.05.24 17:39:35.640,15.57701,15.58067,0.00,0.00
2012.05.24 17:39:36.166,15.57612,15.57978,0.00,0.00
2012.05.24 17:39:36.781,15.57636,15.58002,0.00,0.00
2012.05.24 17:39:37.419,15.57673,15.58022,0.00,0.00
2012.05.24 17:39:38.244,15.57703,15.58003,0.00,0.00
2012.05.24 17:39:39.140,15.57693,15.58003,0.00,0.00
2012.05.24 17:39:39.203,15.57623,15.57923,0.00,0.00
2012.05.24 17:39:40.027,15.57643,15.57943,0.00,0.00
2012.05.24 17:39:41.225,15.57604,15.57904,0.00,0.00
2012.05.24 17:39:41.560,15.57743,15.58043,0.00,0.00
2012.05.24 17:39:41.621,15.57704,15.58004,0.00,0.00
2012.05.24 17:39:41.681,15.57783,15.58091,0.00,0.00
2012.05.24 17:39:42.314,15.57852,15.58152,0.00,0.00
2012.05.24 17:39:42.408,15.5772,15.5802,0.00,0.00
2012.05.24 17:39:42.723,15.57772,15.58107,0.00,0.00
2012.05.24 17:39:42.791,15.57823,15.58138,0.00,0.00
2012.05.24 17:39:43.540,15.57853,15.58153,0.00,0.00
2012.05.24 17:39:43.791,15.57853,15.58168,0.00,0.00
2012.05.24 17:39:44.362,15.57823,15.58147,0.00,0.00
2012.05.24 17:39:44.749,15.57793,15.5811,0.00,0.00
2012.05.24 17:39:45.032,15.57743,15.58043,0.00,0.00
2012.05.24 17:39:45.092,15.57833,15.58133,0.00,0.00
2012.05.24 17:39:45.471,15.57833,15.58157,0.00,0.00
2012.05.24 17:39:45.538,15.57892,15.58248,0.00,0.00
2012.05.24 17:39:45.620,15.57833,15.58192,0.00,0.00
2012.05.24 17:39:46.756,15.57803,15.58103,0.00,0.00
2012.05.24 17:39:46.823,15.5783,15.58196,0.00,0.00
2012.05.24 17:39:47.026,15.57818,15.58118,0.00,0.00
2012.05.24 17:39:47.387,15.57893,15.58205,0.00,0.00
2012.05.24 17:39:47.610,15.57852,15.58205,0.00,0.00
2012.05.24 17:39:47.674,15.57735,15.58035,0.00,0.00
2012.05.24 17:39:47.825,15.57768,15.58068,0.00,0.00
2012.05.24 17:39:48.036,15.57843,15.58155,0.00,0.00
2012.05.24 17:39:48.173,15.57787,15.58091,0.00,0.00
2012.05.24 17:39:48.377,15.57803,15.58107,0.00,0.00
2012.05.24 17:39:48.446,15.57863,15.58163,0.00,0.00
2012.05.24 17:39:48.513,15.57833,15.58133,0.00,0.00
2012.05.24 17:39:48.599,15.57802,15.58107,0.00,0.00
2012.05.24 17:39:48.723,15.57782,15.58087,0.00,0.00
2012.05.24 17:39:49.299,15.57713,15.58017,0.00,0.00
2012.05.24 17:39:49.923,15.57763,15.58063,0.00,0.00
2012.05.24 17:39:50.351,15.57752,15.5812,0.00,0.00
2012.05.24 17:39:50.800,15.57752,15.5812,0.00,0.00
2012.05.24 17:39:50.863,15.57822,15.58188,0.00,0.00
2012.05.24 17:39:50.968,15.57703,15.58003,0.00,0.00
2012.05.24 17:39:51.333,15.57723,15.58023,0.00,0.00
2012.05.24 17:39:51.723,15.57705,15.58005,0.00,0.00
2012.05.24 17:39:52.105,15.57723,15.58023,0.00,0.00
2012.05.24 17:39:52.172,15.57742,15.58042,0.00,0.00
2012.05.24 17:39:52.907,15.57708,15.58008,0.00,0.00
2012.05.24 17:39:55.200,15.57752,15.58095,0.00,0.00
2012.05.24 17:39:55.545,15.57684,15.57984,0.00,0.00
2012.05.24 17:39:55.613,15.57707,15.58007,0.00,0.00
2012.05.24 17:39:55.792,15.5773,15.5803,0.00,0.00
2012.05.24 17:39:56.027,15.57852,15.58152,0.00,0.00
2012.05.24 17:39:58.690,15.5778,15.58084,0.00,0.00
2012.05.24 17:39:58.754,15.57753,15.58084,0.00,0.00
2012.05.24 17:39:58.821,15.57793,15.58171,0.00,0.00
2012.05.24 17:39:59.073,15.57793,15.58104,0.00,0.00
2012.05.24 17:39:59.132,15.57852,15.58191,0.00,0.00
2012.05.24 17:39:59.191,15.57852,15.582,0.00,0.00
2012.05.24 17:39:59.833,15.57804,15.58104,0.00,0.00
2012.05.24 17:40:00.213,15.57902,15.58268,0.00,0.00
2012.05.24 17:40:02.451,15.57902,15.58268,0.00,0.00
2012.05.24 17:40:02.512,15.57953,15.58319,0.00,0.00
2012.05.24 17:40:03.602,15.57921,15.58285,0.00,0.00
2012.05.24 17:40:03.826,15.57921,15.58248,0.00,0.00
2012.05.24 17:40:05.164,15.57921,15.58285,0.00,0.00
2012.05.24 17:40:05.851,15.57952,15.58303,0.00,0.00
2012.05.24 17:40:06.201,15.57952,15.58285,0.00,0.00
2012.05.24 17:40:06.779,15.57952,15.58301,0.00,0.00
2012.05.24 17:40:07.008,15.57952,15.58285,0.00,0.00
2012.05.24 17:40:07.079,15.57708,15.58008,0.00,0.00
2012.05.24 17:40:07.611,15.57727,15.58027,0.00,0.00
2012.05.24 17:40:10.082,15.57706,15.58006,0.00,0.00
2012.05.24 17:40:10.413,15.57719,15.58023,0.00,0.00
2012.05.24 17:40:10.912,15.577,15.58004,0.00,0.00
2012.05.24 17:40:11.218,15.57952,15.58252,0.00,0.00
2012.05.24 17:40:13.090,15.57681,15.57985,0.00,0.00
2012.05.24 17:40:14.315,15.57681,15.57985,0.00,0.00
2012.05.24 17:40:14.937,15.57952,15.58252,0.00,0.00
2012.05.24 17:40:16.454,15.57665,15.57969,0.00,0.00
2012.05.24 17:40:18.703,15.57682,15.57986,0.00,0.00
2012.05.24 17:40:19.944,15.57704,15.58008,0.00,0.00
2012.05.24 17:40:21.221,15.57723,15.58027,0.00,0.00
2012.05.24 17:40:21.865,15.57783,15.58235,0.00,0.00
2012.05.24 17:40:22.083,15.57786,15.5809,0.00,0.00
2012.05.24 17:40:22.688,15.57812,15.58116,0.00,0.00
2012.05.24 17:40:22.812,15.57831,15.58135,0.00,0.00
2012.05.24 17:40:23.107,15.57847,15.58151,0.00,0.00
2012.05.24 17:40:23.217,15.57827,15.58131,0.00,0.00
2012.05.24 17:40:23.463,15.57888,15.58192,0.00,0.00
2012.05.24 17:40:23.577,15.58052,15.58353,0.00,0.00
2012.05.24 17:40:24.397,15.57853,15.58157,0.00,0.00
2012.05.24 17:40:24.786,15.57921,15.58225,0.00,0.00
2012.05.24 17:40:24.971,15.57896,15.582,0.00,0.00
2012.05.24 17:40:25.313,15.58052,15.58353,0.00,0.00
2012.05.24 17:40:28.355,15.58052,15.58352,0.00,0.00
2012.05.24 17:40:28.777,15.57816,15.5812,0.00,0.00
2012.05.24 17:40:29.006,15.579,15.58204,0.00,0.00
2012.05.24 17:40:31.942,15.57864,15.58168,0.00,0.00
2012.05.24 17:40:32.273,15.57844,15.58148,0.00,0.00
2012.05.24 17:40:32.382,15.57907,15.58211,0.00,0.00
2012.05.24 17:40:32.501,15.57796,15.581,0.00,0.00
2012.05.24 17:40:33.322,15.57793,15.58094,0.00,0.00
2012.05.24 17:40:33.487,15.57793,15.58094,0.00,0.00
2012.05.24 17:40:33.554,15.57843,15.58144,0.00,0.00
2012.05.24 17:40:33.622,15.578,15.58104,0.00,0.00
2012.05.24 17:40:33.681,15.57843,15.58148,0.00,0.00
2012.05.24 17:40:33.816,15.57852,15.58152,0.00,0.00
2012.05.24 17:40:34.218,15.57828,15.58132,0.00,0.00
2012.05.24 17:40:34.641,15.57863,15.58164,0.00,0.00
2012.05.24 17:40:35.142,15.57852,15.58153,0.00,0.00
2012.05.24 17:40:35.592,15.57825,15.58129,0.00,0.00
2012.05.24 17:40:36.055,15.57806,15.5811,0.00,0.00
2012.05.24 17:40:36.730,15.57852,15.58152,0.00,0.00
2012.05.24 17:40:36.792,15.57799,15.58103,0.00,0.00
2012.05.24 17:40:36.854,15.57653,15.58016,0.00,0.00
2012.05.24 17:40:37.077,15.57713,15.58016,0.00,0.00
2012.05.24 17:40:37.204,15.57689,15.57993,0.00,0.00
2012.05.24 17:40:37.754,15.57709,15.58013,0.00,0.00
2012.05.24 17:40:37.882,15.57733,15.58033,0.00,0.00
2012.05.24 17:40:37.945,15.57733,15.58053,0.00,0.00
2012.05.24 17:40:38.071,15.57773,15.58073,0.00,0.00
2012.05.24 17:40:40.092,15.57766,15.5807,0.00,0.00
2012.05.24 17:40:41.460,15.57803,15.58104,0.00,0.00
2012.05.24 17:40:43.479,15.57952,15.58252,0.00,0.00
2012.05.24 17:40:43.832,15.57785,15.58089,0.00,0.00
2012.05.24 17:40:43.891,15.57823,15.58156,0.00,0.00
2012.05.24 17:40:44.093,15.57863,15.58164,0.00,0.00
2012.05.24 17:40:44.483,15.57852,15.58152,0.00,0.00
2012.05.24 17:40:45.107,15.57817,15.58121,0.00,0.00
2012.05.24 17:40:46.639,15.57767,15.58071,0.00,0.00
2012.05.24 17:40:48.776,15.57749,15.58053,0.00,0.00
2012.05.24 17:40:49.475,15.57673,15.58036,0.00,0.00
2012.05.24 17:40:50.940,15.57952,15.58252,0.00,0.00
2012.05.24 17:40:53.176,15.57952,15.58252,0.00,0.00
2012.05.24 17:40:53.242,15.57711,15.58015,0.00,0.00
2012.05.24 17:40:56.507,15.57952,15.58252,0.00,0.00
2012.05.24 17:41:00.195,15.57952,15.58252,0.00,0.00
2012.05.24 17:41:00.323,15.57756,15.5806,0.00,0.00
2012.05.24 17:41:01.629,15.57952,15.58252,0.00,0.00
2012.05.24 17:41:03.454,15.57761,15.58065,0.00,0.00
2012.05.24 17:41:04.540,15.57783,15.58087,0.00,0.00
2012.05.24 17:41:05.484,15.57765,15.58069,0.00,0.00
2012.05.24 17:41:06.557,15.57781,15.58085,0.00,0.00
2012.05.24 17:41:11.063,15.57703,15.58066,0.00,0.00
2012.05.24 17:41:11.185,15.57788,15.58092,0.00,0.00
2012.05.24 17:41:13.554,15.58108,15.58471,0.00,0.00
2012.05.24 17:41:13.622,15.57982,15.58348,0.00,0.00
2012.05.24 17:41:13.815,15.57992,15.58305,0.00,0.00
2012.05.24 17:41:14.245,15.58052,15.58352,0.00,0.00
2012.05.24 17:41:14.455,15.5803,15.58334,0.00,0.00
2012.05.24 17:41:14.522,15.58063,15.58364,0.00,0.00
2012.05.24 17:41:14.808,15.58052,15.58352,0.00,0.00
2012.05.24 17:41:14.873,15.58052,15.58352,0.00,0.00
2012.05.24 17:41:14.931,15.58052,15.58414,0.00,0.00
2012.05.24 17:41:15.196,15.58052,15.58405,0.00,0.00
2012.05.24 17:41:15.582,15.58016,15.58382,0.00,0.00
2012.05.24 17:41:16.517,15.58,15.58364,0.00,0.00
2012.05.24 17:41:17.222,15.58019,15.58382,0.00,0.00
2012.05.24 17:41:18.072,15.58038,15.58401,0.00,0.00
2012.05.24 17:41:20.653,15.58,15.58366,0.00,0.00
2012.05.24 17:41:21.514,15.5802,15.58386,0.00,0.00
2012.05.24 17:41:22.166,15.58072,15.58435,0.00,0.00
2012.05.24 17:41:26.381,15.5796,15.58264,0.00,0.00
2012.05.24 17:41:27.184,15.58052,15.58353,0.00,0.00
2012.05.24 17:41:27.531,15.57978,15.58282,0.00,0.00
2012.05.24 17:41:29.970,15.57994,15.58298,0.00,0.00
2012.05.24 17:41:31.910,15.57977,15.58281,0.00,0.00
2012.05.24 17:41:34.125,15.57997,15.58301,0.00,0.00
2012.05.24 17:41:35.328,15.57977,15.58281,0.00,0.00
2012.05.24 17:41:35.623,15.58063,15.58429,0.00,0.00
2012.05.24 17:41:36.453,15.58089,15.58453,0.00,0.00
2012.05.24 17:41:36.861,15.58073,15.58437,0.00,0.00
2012.05.24 17:41:38.121,15.58055,15.58421,0.00,0.00
2012.05.24 17:41:38.451,15.58033,15.58335,0.00,0.00
2012.05.24 17:41:38.835,15.57747,15.58113,0.00,0.00
2012.05.24 17:41:38.901,15.57767,15.58133,0.00,0.00
2012.05.24 17:41:39.373,15.57747,15.58048,0.00,0.00
2012.05.24 17:41:39.983,15.57742,15.58105,0.00,0.00
2012.05.24 17:41:40.102,15.57722,15.58085,0.00,0.00
2012.05.24 17:41:40.475,15.57692,15.58048,0.00,0.00
2012.05.24 17:41:41.008,15.57711,15.58074,0.00,0.00
2012.05.24 17:41:41.337,15.57574,15.5794,0.00,0.00
2012.05.24 17:41:41.658,15.57612,15.57978,0.00,0.00
2012.05.24 17:41:41.981,15.57593,15.57922,0.00,0.00
2012.05.24 17:41:42.295,15.5771,15.58048,0.00,0.00
2012.05.24 17:41:42.844,15.57613,15.57921,0.00,0.00
2012.05.24 17:41:43.181,15.57613,15.5794,0.00,0.00
2012.05.24 17:41:44.009,15.57643,15.57944,0.00,0.00
2012.05.24 17:41:44.605,15.57643,15.57961,0.00,0.00
2012.05.24 17:41:47.694,15.57663,15.57963,0.00,0.00
2012.05.24 17:41:47.756,15.57752,15.58076,0.00,0.00
2012.05.24 17:41:48.972,15.5774,15.58044,0.00,0.00
2012.05.24 17:41:49.284,15.57752,15.58052,0.00,0.00
2012.05.24 17:41:49.467,15.57733,15.58044,0.00,0.00
2012.05.24 17:41:49.591,15.57713,15.5802,0.00,0.00
2012.05.24 17:41:50.057,15.57713,15.58042,0.00,0.00
2012.05.24 17:41:50.430,15.57783,15.58083,0.00,0.00
2012.05.24 17:41:51.817,15.57763,15.58077,0.00,0.00
2012.05.24 17:41:52.015,15.57733,15.58037,0.00,0.00
2012.05.24 17:41:52.081,15.57733,15.58037,0.00,0.00
2012.05.24 17:41:52.342,15.57733,15.58037,0.00,0.00
2012.05.24 17:41:52.808,15.57753,15.58053,0.00,0.00
2012.05.24 17:41:52.932,15.57693,15.58056,0.00,0.00
2012.05.24 17:41:53.464,15.57773,15.58074,0.00,0.00
2012.05.24 17:41:53.532,15.5777,15.58074,0.00,0.00
2012.05.24 17:41:56.211,15.57773,15.58101,0.00,0.00
2012.05.24 17:41:56.272,15.57805,15.58171,0.00,0.00
2012.05.24 17:41:56.768,15.57883,15.58183,0.00,0.00
2012.05.24 17:41:56.833,15.57883,15.58189,0.00,0.00
2012.05.24 17:41:57.154,15.58021,15.58385,0.00,0.00
2012.05.24 17:41:57.475,15.58102,15.58402,0.00,0.00
2012.05.24 17:41:57.809,15.58148,15.58448,0.00,0.00
2012.05.24 17:41:58.337,15.58135,15.58435,0.00,0.00
2012.05.24 17:41:59.604,15.58105,15.58409,0.00,0.00
2012.05.24 17:41:59.925,15.58072,15.58372,0.00,0.00
2012.05.24 17:42:01.499,15.57923,15.58227,0.00,0.00
2012.05.24 17:42:01.566,15.57736,15.5804,0.00,0.00
2012.05.24 17:42:01.633,15.57808,15.58112,0.00,0.00
2012.05.24 17:42:01.826,15.58043,15.58343,0.00,0.00
2012.05.24 17:42:02.835,15.58073,15.58373,0.00,0.00
2012.05.24 17:42:03.163,15.58055,15.58356,0.00,0.00
2012.05.24 17:42:03.370,15.58103,15.58403,0.00,0.00
2012.05.24 17:42:03.432,15.58085,15.58385,0.00,0.00
2012.05.24 17:42:04.058,15.58034,15.58338,0.00,0.00
2012.05.24 17:42:04.123,15.58056,15.58358,0.00,0.00
2012.05.24 17:42:04.615,15.58042,15.58358,0.00,0.00
2012.05.24 17:42:04.751,15.57803,15.58107,0.00,0.00
2012.05.24 17:42:04.819,15.57932,15.58232,0.00,0.00
2012.05.24 17:42:04.946,15.58033,15.58334,0.00,0.00
2012.05.24 17:42:06.088,15.57899,15.58203,0.00,0.00
2012.05.24 17:42:06.152,15.57837,15.58203,0.00,0.00
2012.05.24 17:42:06.213,15.57923,15.58223,0.00,0.00
2012.05.24 17:42:06.306,15.57923,15.58228,0.00,0.00
2012.05.24 17:42:06.530,15.57732,15.58036,0.00,0.00
2012.05.24 17:42:07.097,15.57893,15.58193,0.00,0.00
2012.05.24 17:42:07.224,15.57873,15.58173,0.00,0.00
2012.05.24 17:42:07.424,15.57873,15.58173,0.00,0.00
2012.05.24 17:42:07.861,15.57903,15.58204,0.00,0.00
2012.05.24 17:42:08.630,15.57842,15.58142,0.00,0.00
2012.05.24 17:42:08.796,15.5757,15.57874,0.00,0.00
2012.05.24 17:42:08.865,15.57672,15.57972,0.00,0.00
2012.05.24 17:42:09.008,15.57713,15.58014,0.00,0.00
2012.05.24 17:42:09.354,15.57586,15.5789,0.00,0.00
2012.05.24 17:42:09.425,15.57743,15.58043,0.00,0.00
2012.05.24 17:42:09.494,15.57605,15.57909,0.00,0.00
2012.05.24 17:42:11.163,15.57803,15.58103,0.00,0.00
2012.05.24 17:42:11.283,15.57744,15.58045,0.00,0.00
2012.05.24 17:42:11.402,15.57765,15.58067,0.00,0.00
2012.05.24 17:42:11.524,15.57903,15.58203,0.00,0.00
2012.05.24 17:42:12.184,15.57746,15.5805,0.00,0.00
2012.05.24 17:42:12.464,15.57835,15.58139,0.00,0.00
2012.05.24 17:42:12.584,15.57773,15.58139,0.00,0.00
2012.05.24 17:42:12.653,15.57792,15.58158,0.00,0.00
2012.05.24 17:42:13.488,15.57808,15.58171,0.00,0.00
2012.05.24 17:42:16.293,15.57581,15.57885,0.00,0.00
2012.05.24 17:42:16.352,15.57581,15.57885,0.00,0.00
2012.05.24 17:42:16.471,15.57533,15.57885,0.00,0.00
2012.05.24 17:42:17.391,15.57563,15.57901,0.00,0.00
2012.05.24 17:42:21.592,15.57574,15.57878,0.00,0.00
2012.05.24 17:42:21.653,15.57553,15.57878,0.00,0.00
2012.05.24 17:42:22.768,15.57553,15.57898,0.00,0.00
2012.05.24 17:42:23.981,15.57584,15.57888,0.00,0.00
2012.05.24 17:42:24.293,15.57553,15.57855,0.00,0.00
2012.05.24 17:42:24.355,15.57552,15.57853,0.00,0.00
2012.05.24 17:42:25.492,15.57552,15.57853,0.00,0.00
2012.05.24 17:42:27.342,15.57553,15.57853,0.00,0.00
2012.05.24 17:42:27.539,15.57553,15.57872,0.00,0.00
2012.05.24 17:42:27.967,15.57546,15.5785,0.00,0.00
2012.05.24 17:42:28.291,15.57381,15.57685,0.00,0.00
2012.05.24 17:42:28.363,15.57353,15.57685,0.00,0.00
2012.05.24 17:42:28.453,15.57353,15.57702,0.00,0.00
2012.05.24 17:42:28.776,15.57353,15.57719,0.00,0.00
2012.05.24 17:42:30.565,15.57353,15.57702,0.00,0.00
2012.05.24 17:42:30.874,15.574,15.57763,0.00,0.00
2012.05.24 17:42:31.229,15.57484,15.57797,0.00,0.00
2012.05.24 17:42:31.354,15.574,15.57748,0.00,0.00
2012.05.24 17:42:31.502,15.57283,15.57611,0.00,0.00
2012.05.24 17:42:31.716,15.57283,15.57643,0.00,0.00
2012.05.24 17:42:32.421,15.57354,15.5772,0.00,0.00
2012.05.24 17:42:32.879,15.57541,15.57848,0.00,0.00
2012.05.24 17:42:32.943,15.57535,15.57835,0.00,0.00
2012.05.24 17:42:33.585,15.57383,15.57738,0.00,0.00
2012.05.24 17:42:35.967,15.57383,15.5772,0.00,0.00
2012.05.24 17:42:36.782,15.57333,15.57697,0.00,0.00
2012.05.24 17:42:38.095,15.57352,15.57681,0.00,0.00
2012.05.24 17:42:38.703,15.57352,15.57665,0.00,0.00
2012.05.24 17:42:39.141,15.57333,15.57637,0.00,0.00
2012.05.24 17:42:39.842,15.57437,15.57748,0.00,0.00
2012.05.24 17:42:40.156,15.57511,15.57875,0.00,0.00
2012.05.24 17:42:40.222,15.57352,15.57708,0.00,0.00
2012.05.24 17:42:40.542,15.57452,15.57752,0.00,0.00
2012.05.24 17:42:40.645,15.57353,15.57708,0.00,0.00
2012.05.24 17:42:42.163,15.57383,15.57729,0.00,0.00
2012.05.24 17:42:42.491,15.57456,15.57822,0.00,0.00
2012.05.24 17:42:43.552,15.57543,15.57844,0.00,0.00
2012.05.24 17:42:43.862,15.57497,15.57801,0.00,0.00
2012.05.24 17:42:43.926,15.57483,15.57846,0.00,0.00
2012.05.24 17:42:44.141,15.57543,15.57866,0.00,0.00
2012.05.24 17:42:44.467,15.57543,15.5785,0.00,0.00
2012.05.24 17:42:44.824,15.57812,15.58175,0.00,0.00
2012.05.24 17:42:45.197,15.57832,15.58135,0.00,0.00
2012.05.24 17:42:45.517,15.57814,15.58177,0.00,0.00
2012.05.24 17:42:46.006,15.5779,15.58153,0.00,0.00
2012.05.24 17:42:46.801,15.57603,15.57949,0.00,0.00
2012.05.24 17:42:47.812,15.57623,15.57975,0.00,0.00
2012.05.24 17:42:48.331,15.57663,15.57996,0.00,0.00
2012.05.24 17:42:49.308,15.57428,15.57728,0.00,0.00
2012.05.24 17:42:49.375,15.57343,15.57728,0.00,0.00
2012.05.24 17:42:49.441,15.57343,15.57699,0.00,0.00
2012.05.24 17:42:49.759,15.57433,15.57799,0.00,0.00
2012.05.24 17:42:50.343,15.57433,15.57735,0.00,0.00
2012.05.24 17:42:51.794,15.57377,15.57677,0.00,0.00
2012.05.24 17:42:51.862,15.57361,15.57727,0.00,0.00
2012.05.24 17:42:52.138,15.57379,15.57743,0.00,0.00
2012.05.24 17:42:53.214,15.57223,15.57587,0.00,0.00
2012.05.24 17:42:53.991,15.57268,15.57634,0.00,0.00
2012.05.24 17:42:54.333,15.57253,15.57606,0.00,0.00
2012.05.24 17:42:54.666,15.57388,15.57748,0.00,0.00
2012.05.24 17:42:55.193,15.57223,15.57572,0.00,0.00
2012.05.24 17:42:55.734,15.57223,15.57573,0.00,0.00
2012.05.24 17:42:57.837,15.5713,15.57434,0.00,0.00
2012.05.24 17:42:57.902,15.57093,15.57434,0.00,0.00
2012.05.24 17:42:58.267,15.57073,15.57418,0.00,0.00
2012.05.24 17:43:01.556,15.57165,15.57529,0.00,0.00
2012.05.24 17:43:01.997,15.56939,15.57243,0.00,0.00
2012.05.24 17:43:02.529,15.56952,15.57253,0.00,0.00
2012.05.24 17:43:02.959,15.56903,15.57243,0.00,0.00
2012.05.24 17:43:03.203,15.56883,15.57221,0.00,0.00
2012.05.24 17:43:03.682,15.56883,15.57241,0.00,0.00
2012.05.24 17:43:04.016,15.56825,15.57191,0.00,0.00
2012.05.24 17:43:04.442,15.56845,15.57211,0.00,0.00
2012.05.24 17:43:04.824,15.5663,15.56996,0.00,0.00
2012.05.24 17:43:05.129,15.56622,15.56988,0.00,0.00
2012.05.24 17:43:05.453,15.56702,15.57068,0.00,0.00
2012.05.24 17:43:05.797,15.56597,15.56963,0.00,0.00
2012.05.24 17:43:06.125,15.56565,15.56927,0.00,0.00
2012.05.24 17:43:06.494,15.56517,15.56883,0.00,0.00
2012.05.24 17:43:06.845,15.56705,15.57008,0.00,0.00
2012.05.24 17:43:06.913,15.56211,15.56515,0.00,0.00
2012.05.24 17:43:07.006,15.56149,15.56515,0.00,0.00
2012.05.24 17:43:07.126,15.56201,15.56567,0.00,0.00
2012.05.24 17:43:07.435,15.56265,15.56629,0.00,0.00
2012.05.24 17:43:07.874,15.56225,15.5655,0.00,0.00
2012.05.24 17:43:08.193,15.56125,15.56491,0.00,0.00
2012.05.24 17:43:08.769,15.56165,15.56529,0.00,0.00
2012.05.24 17:43:09.127,15.56185,15.56549,0.00,0.00
2012.05.24 17:43:09.197,15.56162,15.56528,0.00,0.00
2012.05.24 17:43:09.499,15.562,15.56564,0.00,0.00
2012.05.24 17:43:09.573,15.562,15.56566,0.00,0.00
2012.05.24 17:43:09.645,15.56182,15.56548,0.00,0.00
2012.05.24 17:43:10.021,15.56131,15.56497,0.00,0.00
2012.05.24 17:43:10.579,15.56225,15.56588,0.00,0.00
2012.05.24 17:43:11.525,15.56205,15.56568,0.00,0.00
2012.05.24 17:43:11.855,15.56124,15.56487,0.00,0.00
2012.05.24 17:43:12.165,15.56169,15.56533,0.00,0.00
2012.05.24 17:43:12.467,15.56182,15.56548,0.00,0.00
2012.05.24 17:43:13.776,15.56107,15.56478,0.00,0.00
2012.05.24 17:43:14.295,15.56206,15.56548,0.00,0.00
2012.05.24 17:43:14.766,15.56186,15.56549,0.00,0.00
2012.05.24 17:43:15.074,15.56146,15.56509,0.00,0.00
2012.05.24 17:43:16.034,15.56186,15.5655,0.00,0.00
2012.05.24 17:43:16.610,15.56166,15.56529,0.00,0.00
2012.05.24 17:43:16.677,15.56146,15.56509,0.00,0.00
2012.05.24 17:43:17.004,15.56148,15.56448,0.00,0.00
2012.05.24 17:43:17.315,15.56146,15.56509,0.00,0.00
2012.05.24 17:43:17.442,15.56182,15.56548,0.00,0.00
2012.05.24 17:43:17.647,15.56117,15.56485,0.00,0.00
2012.05.24 17:43:17.963,15.56176,15.56539,0.00,0.00
2012.05.24 17:43:18.483,15.56195,15.56561,0.00,0.00
2012.05.24 17:43:19.242,15.56174,15.56545,0.00,0.00
2012.05.24 17:43:19.564,15.56202,15.56568,0.00,0.00
2012.05.24 17:43:20.863,15.56186,15.56557,0.00,0.00
2012.05.24 17:43:21.383,15.56209,15.56575,0.00,0.00
2012.05.24 17:43:22.406,15.56225,15.56589,0.00,0.00
2012.05.24 17:43:23.763,15.56203,15.56569,0.00,0.00
2012.05.24 17:43:24.078,15.56182,15.56548,0.00,0.00
2012.05.24 17:43:24.669,15.56142,15.56513,0.00,0.00
2012.05.24 17:43:25.074,15.56182,15.56546,0.00,0.00
2012.05.24 17:43:25.357,15.56022,15.56393,0.00,0.00
2012.05.24 17:43:32.660,15.55907,15.56207,0.00,0.00
2012.05.24 17:43:32.782,15.5568,15.56098,0.00,0.00
2012.05.24 17:43:32.856,15.55737,15.56103,0.00,0.00
2012.05.24 17:43:33.167,15.55782,15.56145,0.00,0.00
2012.05.24 17:43:33.606,15.5579,15.56153,0.00,0.00
2012.05.24 17:43:34.033,15.55758,15.56129,0.00,0.00
2012.05.24 17:43:34.367,15.55748,15.56053,0.00,0.00
2012.05.24 17:43:34.587,15.55778,15.56144,0.00,0.00
2012.05.24 17:43:34.654,15.55838,15.56187,0.00,0.00
2012.05.24 17:43:35.527,15.55748,15.56049,0.00,0.00
2012.05.24 17:43:35.686,15.55738,15.56102,0.00,0.00
2012.05.24 17:43:35.753,15.55718,15.56083,0.00,0.00
2012.05.24 17:43:36.402,15.55555,15.55926,0.00,0.00
2012.05.24 17:43:36.725,15.55618,15.55984,0.00,0.00
2012.05.24 17:43:37.208,15.55514,15.5588,0.00,0.00
2012.05.24 17:43:37.522,15.55493,15.5584,0.00,0.00
2012.05.24 17:43:37.837,15.55552,15.55877,0.00,0.00
2012.05.24 17:43:38.868,15.55552,15.55856,0.00,0.00
2012.05.24 17:43:39.368,15.55517,15.55883,0.00,0.00
2012.05.24 17:43:40.500,15.55533,15.55899,0.00,0.00
2012.05.24 17:43:40.803,15.55555,15.55921,0.00,0.00
2012.05.24 17:43:41.234,15.55552,15.55875,0.00,0.00
2012.05.24 17:43:41.793,15.55612,15.55978,0.00,0.00
2012.05.24 17:43:43.223,15.55685,15.56049,0.00,0.00
2012.05.24 17:43:43.852,15.55673,15.5601,0.00,0.00
2012.05.24 17:43:44.249,15.5571,15.56048,0.00,0.00
2012.05.24 17:43:45.516,15.55607,15.55973,0.00,0.00
2012.05.24 17:43:45.927,15.5571,15.56048,0.00,0.00
2012.05.24 17:43:46.555,15.5567,15.56035,0.00,0.00
2012.05.24 17:43:46.868,15.5553,15.55896,0.00,0.00
2012.05.24 17:43:47.248,15.55613,15.55976,0.00,0.00
2012.05.24 17:43:47.754,15.5571,15.56035,0.00,0.00
2012.05.24 17:43:48.436,15.55595,15.55961,0.00,0.00
2012.05.24 17:43:48.748,15.55569,15.55935,0.00,0.00
2012.05.24 17:43:49.069,15.55546,15.55912,0.00,0.00
2012.05.24 17:43:49.500,15.55522,15.55888,0.00,0.00
2012.05.24 17:43:50.262,15.55506,15.55872,0.00,0.00
2012.05.24 17:43:51.565,15.55585,15.55948,0.00,0.00
2012.05.24 17:43:52.233,15.5557,15.55935,0.00,0.00
2012.05.24 17:43:52.557,15.55545,15.55911,0.00,0.00
2012.05.24 17:43:52.884,15.55564,15.5593,0.00,0.00
2012.05.24 17:43:54.656,15.55543,15.55907,0.00,0.00
2012.05.24 17:43:55.326,15.55557,15.55923,0.00,0.00
2012.05.24 17:43:55.672,15.55479,15.55845,0.00,0.00
2012.05.24 17:43:57.645,15.55453,15.55796,0.00,0.00
2012.05.24 17:43:58.285,15.55453,15.55768,0.00,0.00
2012.05.24 17:43:58.759,15.55452,15.5581,0.00,0.00
2012.05.24 17:44:00.155,15.55513,15.55876,0.00,0.00
2012.05.24 17:44:02.263,15.55536,15.55902,0.00,0.00
2012.05.24 17:44:02.745,15.55509,15.55875,0.00,0.00
2012.05.24 17:44:03.673,15.55513,15.55879,0.00,0.00
2012.05.24 17:44:04.022,15.55513,15.55861,0.00,0.00
2012.05.24 17:44:04.559,15.55511,15.55877,0.00,0.00
2012.05.24 17:44:04.877,15.55712,15.56048,0.00,0.00
2012.05.24 17:44:04.944,15.55684,15.55985,0.00,0.00
2012.05.24 17:44:05.745,15.55712,15.56035,0.00,0.00
2012.05.24 17:44:06.105,15.55553,15.55865,0.00,0.00
2012.05.24 17:44:06.771,15.55493,15.55845,0.00,0.00
2012.05.24 17:44:07.147,15.55564,15.5593,0.00,0.00
2012.05.24 17:44:07.489,15.55615,15.55979,0.00,0.00
2012.05.24 17:44:07.804,15.55523,15.55883,0.00,0.00
2012.05.24 17:44:08.195,15.55543,15.55906,0.00,0.00
2012.05.24 17:44:08.685,15.55543,15.55868,0.00,0.00
2012.05.24 17:44:09.014,15.55553,15.55889,0.00,0.00
2012.05.24 17:44:09.662,15.55483,15.55846,0.00,0.00
2012.05.24 17:44:09.843,15.55493,15.55817,0.00,0.00
2012.05.24 17:44:10.034,15.55473,15.55795,0.00,0.00
2012.05.24 17:44:10.571,15.55452,15.55816,0.00,0.00
2012.05.24 17:44:10.902,15.55499,15.55865,0.00,0.00
2012.05.24 17:44:11.336,15.5555,15.55913,0.00,0.00
2012.05.24 17:44:11.646,15.55673,15.56033,0.00,0.00
2012.05.24 17:44:11.835,15.55669,15.56035,0.00,0.00
2012.05.24 17:44:11.994,15.55721,15.56087,0.00,0.00
2012.05.24 17:44:12.316,15.55875,15.56239,0.00,0.00
2012.05.24 17:44:12.435,15.55706,15.56072,0.00,0.00
2012.05.24 17:44:12.757,15.55723,15.56089,0.00,0.00
2012.05.24 17:44:13.152,15.55912,15.56275,0.00,0.00
2012.05.24 17:44:14.544,15.55869,15.56235,0.00,0.00
2012.05.24 17:44:14.863,15.55835,15.56135,0.00,0.00
2012.05.24 17:44:15.047,15.55847,15.56211,0.00,0.00
2012.05.24 17:44:15.311,15.55867,15.56231,0.00,0.00
2012.05.24 17:44:15.680,15.55849,15.56213,0.00,0.00
2012.05.24 17:44:15.757,15.55693,15.56056,0.00,0.00
2012.05.24 17:44:16.523,15.55713,15.56077,0.00,0.00
2012.05.24 17:44:16.884,15.55713,15.56059,0.00,0.00
2012.05.24 17:44:18.736,15.55714,15.5608,0.00,0.00
2012.05.24 17:44:19.093,15.55734,15.561,0.00,0.00
2012.05.24 17:44:19.693,15.55711,15.56077,0.00,0.00
2012.05.24 17:44:20.051,15.55587,15.55953,0.00,0.00
2012.05.24 17:44:21.544,15.55633,15.55971,0.00,0.00
2012.05.24 17:44:21.887,15.55633,15.55994,0.00,0.00
2012.05.24 17:44:22.585,15.55671,15.56037,0.00,0.00
2012.05.24 17:44:22.936,15.55714,15.5608,0.00,0.00
2012.05.24 17:44:23.472,15.55772,15.56138,0.00,0.00
2012.05.24 17:44:23.897,15.55748,15.56048,0.00,0.00
2012.05.24 17:44:24.738,15.55712,15.56076,0.00,0.00
2012.05.24 17:44:25.417,15.55696,15.5606,0.00,0.00
2012.05.24 17:44:26.052,15.55611,15.55977,0.00,0.00
2012.05.24 17:44:26.553,15.55483,15.55808,0.00,0.00
2012.05.24 17:44:27.323,15.55483,15.55842,0.00,0.00
2012.05.24 17:44:28.755,15.55483,15.55817,0.00,0.00
2012.05.24 17:44:29.083,15.55483,15.55833,0.00,0.00
2012.05.24 17:44:29.514,15.55553,15.55908,0.00,0.00
2012.05.24 17:44:30.036,15.55707,15.56035,0.00,0.00
2012.05.24 17:44:30.660,15.55712,15.56075,0.00,0.00
2012.05.24 17:44:31.028,15.55603,15.55936,0.00,0.00
2012.05.24 17:44:31.896,15.55653,15.56019,0.00,0.00
2012.05.24 17:44:32.231,15.5553,15.55834,0.00,0.00
2012.05.24 17:44:32.319,15.55493,15.55834,0.00,0.00
2012.05.24 17:44:32.693,15.55493,15.55815,0.00,0.00
2012.05.24 17:44:33.401,15.55473,15.55799,0.00,0.00
2012.05.24 17:44:33.967,15.55473,15.55783,0.00,0.00
2012.05.24 17:44:34.947,15.55383,15.55746,0.00,0.00
2012.05.24 17:44:35.017,15.55442,15.55746,0.00,0.00
2012.05.24 17:44:39.352,15.55452,15.55762,0.00,0.00
2012.05.24 17:44:39.424,15.55438,15.55742,0.00,0.00
2012.05.24 17:44:41.133,15.55452,15.55772,0.00,0.00
2012.05.24 17:44:42.186,15.55392,15.55755,0.00,0.00
2012.05.24 17:44:42.572,15.55452,15.55753,0.00,0.00
2012.05.24 17:44:43.972,15.55452,15.55777,0.00,0.00
2012.05.24 17:44:44.472,15.55436,15.5574,0.00,0.00
2012.05.24 17:44:44.534,15.55452,15.55778,0.00,0.00
2012.05.24 17:44:48.312,15.55432,15.55796,0.00,0.00
2012.05.24 17:44:48.694,15.55412,15.55748,0.00,0.00
2012.05.24 17:44:48.996,15.55283,15.55644,0.00,0.00
2012.05.24 17:44:49.549,15.55271,15.55634,0.00,0.00
2012.05.24 17:44:49.770,15.55231,15.55594,0.00,0.00
2012.05.24 17:44:50.089,15.5518,15.55574,0.00,0.00
2012.05.24 17:44:50.567,15.55231,15.55548,0.00,0.00
2012.05.24 17:44:51.059,15.55163,15.55472,0.00,0.00
2012.05.24 17:44:51.396,15.55312,15.55676,0.00,0.00
2012.05.24 17:44:51.745,15.55402,15.55766,0.00,0.00
2012.05.24 17:44:52.212,15.55402,15.55735,0.00,0.00
2012.05.24 17:44:52.272,15.55379,15.55743,0.00,0.00
2012.05.24 17:44:52.752,15.55361,15.55727,0.00,0.00
2012.05.24 17:44:53.103,15.55344,15.55708,0.00,0.00
2012.05.24 17:44:53.977,15.55344,15.55648,0.00,0.00
2012.05.24 17:44:54.100,15.5537,15.55733,0.00,0.00
2012.05.24 17:44:54.528,15.55352,15.55715,0.00,0.00
2012.05.24 17:44:54.785,15.55368,15.55732,0.00,0.00
2012.05.24 17:44:55.361,15.55368,15.55731,0.00,0.00
2012.05.24 17:44:55.424,15.55403,15.55767,0.00,0.00
2012.05.24 17:44:55.954,15.55403,15.55769,0.00,0.00
2012.05.24 17:44:56.169,15.55444,15.55808,0.00,0.00
2012.05.24 17:44:56.494,15.55482,15.55848,0.00,0.00
2012.05.24 17:44:57.065,15.55412,15.55748,0.00,0.00
2012.05.24 17:45:00.076,15.55388,15.55752,0.00,0.00
2012.05.24 17:45:00.403,15.55369,15.55735,0.00,0.00
2012.05.24 17:45:02.239,15.5535,15.55713,0.00,0.00
2012.05.24 17:45:02.611,15.55183,15.55484,0.00,0.00
2012.05.24 17:45:03.024,15.55133,15.5545,0.00,0.00
2012.05.24 17:45:05.536,15.55151,15.55517,0.00,0.00
2012.05.24 17:45:05.854,15.55147,15.55448,0.00,0.00
2012.05.24 17:45:07.620,15.55147,15.55448,0.00,0.00
2012.05.24 17:45:07.838,15.55171,15.55535,0.00,0.00
2012.05.24 17:45:07.945,15.55192,15.55556,0.00,0.00
2012.05.24 17:45:08.284,15.55172,15.55535,0.00,0.00
2012.05.24 17:45:08.544,15.55148,15.55448,0.00,0.00
2012.05.24 17:45:11.151,15.55152,15.55515,0.00,0.00
2012.05.24 17:45:12.337,15.55172,15.55535,0.00,0.00
2012.05.24 17:45:12.805,15.55192,15.55556,0.00,0.00
2012.05.24 17:45:13.004,15.55192,15.55548,0.00,0.00
2012.05.24 17:45:13.063,15.55073,15.55408,0.00,0.00
2012.05.24 17:45:14.475,15.55073,15.55385,0.00,0.00
2012.05.24 17:45:14.813,15.55206,15.55548,0.00,0.00
2012.05.24 17:45:15.565,15.55175,15.55535,0.00,0.00
2012.05.24 17:45:15.896,15.55191,15.55554,0.00,0.00
2012.05.24 17:45:16.284,15.55132,15.55448,0.00,0.00
2012.05.24 17:45:17.456,15.55151,15.55515,0.00,0.00
2012.05.24 17:45:18.124,15.55147,15.55448,0.00,0.00
2012.05.24 17:45:18.623,15.55171,15.55534,0.00,0.00
2012.05.24 17:45:18.766,15.55152,15.55515,0.00,0.00
2012.05.24 17:45:19.062,15.55,15.55378,0.00,0.00
2012.05.24 17:45:19.302,15.55042,15.55385,0.00,0.00
2012.05.24 17:45:19.612,15.55063,15.55379,0.00,0.00
2012.05.24 17:45:20.155,15.55103,15.55403,0.00,0.00
2012.05.24 17:45:20.893,15.55103,15.55418,0.00,0.00
2012.05.24 17:45:21.013,15.5534,15.55677,0.00,0.00
2012.05.24 17:45:21.072,15.55146,15.55512,0.00,0.00
2012.05.24 17:45:21.335,15.5534,15.55703,0.00,0.00
2012.05.24 17:45:21.953,15.55233,15.55534,0.00,0.00
2012.05.24 17:45:22.012,15.55233,15.55558,0.00,0.00
2012.05.24 17:45:22.879,15.55233,15.55537,0.00,0.00
2012.05.24 17:45:23.185,15.55263,15.55588,0.00,0.00
2012.05.24 17:45:23.736,15.55283,15.55605,0.00,0.00
2012.05.24 17:45:24.064,15.55271,15.55637,0.00,0.00
2012.05.24 17:45:24.617,15.55305,15.55668,0.00,0.00
2012.05.24 17:45:25.038,15.55324,15.55648,0.00,0.00
2012.05.24 17:45:25.392,15.55193,15.55513,0.00,0.00
2012.05.24 17:45:26.113,15.55324,15.55687,0.00,0.00
2012.05.24 17:45:26.465,15.55265,15.55631,0.00,0.00
2012.05.24 17:45:26.883,15.55213,15.55579,0.00,0.00
2012.05.24 17:45:29.938,15.55197,15.5556,0.00,0.00
2012.05.24 17:45:32.483,15.55185,15.55485,0.00,0.00
2012.05.24 17:45:32.826,15.55147,15.55448,0.00,0.00
2012.05.24 17:45:34.379,15.55177,15.5554,0.00,0.00
2012.05.24 17:45:34.498,15.55131,15.55494,0.00,0.00
2012.05.24 17:45:36.907,15.55163,15.55527,0.00,0.00
2012.05.24 17:45:37.229,15.55047,15.55348,0.00,0.00
2012.05.24 17:45:37.543,15.55163,15.55467,0.00,0.00
2012.05.24 17:45:39.238,15.5518,15.55484,0.00,0.00
2012.05.24 17:45:39.463,15.5518,15.55485,0.00,0.00
2012.05.24 17:45:39.581,15.55093,15.55448,0.00,0.00
2012.05.24 17:45:39.969,15.55246,15.55546,0.00,0.00
2012.05.24 17:45:40.034,15.55246,15.5555,0.00,0.00
2012.05.24 17:45:40.573,15.5526,15.5556,0.00,0.00
2012.05.24 17:45:40.684,15.5526,15.55564,0.00,0.00
2012.05.24 17:45:44.042,15.55076,15.55439,0.00,0.00
2012.05.24 17:45:44.977,15.5526,15.55564,0.00,0.00
2012.05.24 17:45:45.407,15.55066,15.55429,0.00,0.00
2012.05.24 17:45:46.377,15.55257,15.55561,0.00,0.00
2012.05.24 17:45:47.577,15.55059,15.55422,0.00,0.00
2012.05.24 17:45:50.305,15.55257,15.55561,0.00,0.00
2012.05.24 17:45:50.491,15.55159,15.55525,0.00,0.00
2012.05.24 17:45:50.811,15.55072,15.55448,0.00,0.00
2012.05.24 17:45:53.582,15.55088,15.55448,0.00,0.00
2012.05.24 17:45:54.492,15.55196,15.55496,0.00,0.00
2012.05.24 17:45:57.588,15.55196,15.5556,0.00,0.00
2012.05.24 17:45:58.534,15.55175,15.55539,0.00,0.00
2012.05.24 17:45:59.874,15.55191,15.55555,0.00,0.00
2012.05.24 17:46:01.295,15.55171,15.55534,0.00,0.00
2012.05.24 17:46:01.516,15.55151,15.55515,0.00,0.00
2012.05.24 17:46:02.243,15.5517,15.55533,0.00,0.00
2012.05.24 17:46:02.475,15.55145,15.55508,0.00,0.00
2012.05.24 17:46:04.263,15.55135,15.55435,0.00,0.00
2012.05.24 17:46:06.131,15.55162,15.55526,0.00,0.00
2012.05.24 17:46:06.273,15.55148,15.55448,0.00,0.00
2012.05.24 17:46:09.003,15.55181,15.55545,0.00,0.00
2012.05.24 17:46:12.114,15.55181,15.55535,0.00,0.00
2012.05.24 17:46:13.991,15.55033,15.55387,0.00,0.00
2012.05.24 17:46:15.784,15.55083,15.5541,0.00,0.00
2012.05.24 17:46:16.463,15.55083,15.55429,0.00,0.00
2012.05.24 17:46:16.846,15.55233,15.55596,0.00,0.00
2012.05.24 17:46:17.417,15.55233,15.55535,0.00,0.00
2012.05.24 17:46:17.486,15.55228,15.55591,0.00,0.00
2012.05.24 17:46:18.057,15.55212,15.55575,0.00,0.00
2012.05.24 17:46:20.722,15.5507,15.55436,0.00,0.00
2012.05.24 17:46:21.712,15.55133,15.55492,0.00,0.00
2012.05.24 17:46:22.032,15.55173,15.5552,0.00,0.00
2012.05.24 17:46:22.663,15.55191,15.55557,0.00,0.00
2012.05.24 17:46:22.965,15.55213,15.55576,0.00,0.00
2012.05.24 17:46:23.525,15.55293,15.55594,0.00,0.00
2012.05.24 17:46:23.766,15.55357,15.55721,0.00,0.00
2012.05.24 17:46:23.975,15.55443,15.55743,0.00,0.00
2012.05.24 17:46:24.076,15.55383,15.55723,0.00,0.00
2012.05.24 17:46:24.480,15.55444,15.55744,0.00,0.00
2012.05.24 17:46:24.545,15.55061,15.55427,0.00,0.00
2012.05.24 17:46:24.614,15.55081,15.55447,0.00,0.00
2012.05.24 17:46:24.963,15.55047,15.55348,0.00,0.00
2012.05.24 17:46:25.440,15.55101,15.55465,0.00,0.00
2012.05.24 17:46:25.749,15.55061,15.55424,0.00,0.00
2012.05.24 17:46:25.873,15.55081,15.55445,0.00,0.00
2012.05.24 17:46:26.151,15.55061,15.55424,0.00,0.00
2012.05.24 17:46:28.525,15.55081,15.55445,0.00,0.00
2012.05.24 17:46:28.829,15.55121,15.55485,0.00,0.00
2012.05.24 17:46:31.881,15.55141,15.55505,0.00,0.00
2012.05.24 17:46:32.778,15.55121,15.55485,0.00,0.00
2012.05.24 17:46:33.368,15.55101,15.55465,0.00,0.00
2012.05.24 17:46:33.744,15.55081,15.55445,0.00,0.00
2012.05.24 17:46:34.492,15.55061,15.55424,0.00,0.00
2012.05.24 17:46:47.971,15.5498,15.55346,0.00,0.00
2012.05.24 17:46:48.093,15.55021,15.55384,0.00,0.00
2012.05.24 17:46:48.533,15.54985,15.55285,0.00,0.00
2012.05.24 17:46:48.712,15.55061,15.55361,0.00,0.00
2012.05.24 17:46:49.336,15.54974,15.55335,0.00,0.00
2012.05.24 17:46:50.551,15.55018,15.55335,0.00,0.00
2012.05.24 17:46:50.962,15.55038,15.55342,0.00,0.00
2012.05.24 17:46:51.942,15.54951,15.55257,0.00,0.00
2012.05.24 17:46:52.003,15.54911,15.55257,0.00,0.00
2012.05.24 17:46:52.152,15.54663,15.55257,0.00,0.00
2012.05.24 17:46:52.417,15.54281,15.54644,0.00,0.00
2012.05.24 17:46:52.485,15.54264,15.5463,0.00,0.00
2012.05.24 17:46:52.763,15.54062,15.54475,0.00,0.00
2012.05.24 17:46:53.072,15.54265,15.54631,0.00,0.00
2012.05.24 17:46:53.405,15.54071,15.54484,0.00,0.00
2012.05.24 17:46:53.713,15.53809,15.54175,0.00,0.00
2012.05.24 17:46:54.052,15.53995,15.54348,0.00,0.00
2012.05.24 17:46:54.113,15.53828,15.54194,0.00,0.00
2012.05.24 17:46:54.425,15.53853,15.54153,0.00,0.00
2012.05.24 17:46:54.762,15.5396,15.54264,0.00,0.00
2012.05.24 17:46:55.072,15.54031,15.54335,0.00,0.00
2012.05.24 17:46:55.252,15.53937,15.54241,0.00,0.00
2012.05.24 17:46:55.332,15.53937,15.54303,0.00,0.00
2012.05.24 17:46:55.749,15.53875,15.54241,0.00,0.00
2012.05.24 17:46:56.108,15.53825,15.54191,0.00,0.00
2012.05.24 17:46:56.433,15.53844,15.54185,0.00,0.00
2012.05.24 17:46:56.748,15.53872,15.54185,0.00,0.00
2012.05.24 17:46:56.927,15.5389,15.54194,0.00,0.00
2012.05.24 17:46:57.340,15.53803,15.54148,0.00,0.00
2012.05.24 17:46:57.581,15.53631,15.53985,0.00,0.00
2012.05.24 17:46:57.762,15.53751,15.54051,0.00,0.00
2012.05.24 17:46:58.073,15.53553,15.53919,0.00,0.00
2012.05.24 17:46:58.253,15.53811,15.54115,0.00,0.00
2012.05.24 17:46:58.432,15.53731,15.54035,0.00,0.00
2012.05.24 17:46:58.654,15.53788,15.54092,0.00,0.00
2012.05.24 17:46:58.849,15.53771,15.54075,0.00,0.00
2012.05.24 17:46:59.182,15.5375,15.5405,0.00,0.00
2012.05.24 17:46:59.246,15.53522,15.53888,0.00,0.00
2012.05.24 17:46:59.682,15.53598,15.53947,0.00,0.00
2012.05.24 17:46:59.844,15.53478,15.53844,0.00,0.00
2012.05.24 17:46:59.915,15.5353,15.53887,0.00,0.00
2012.05.24 17:47:00.439,15.5363,15.53935,0.00,0.00
2012.05.24 17:47:00.766,15.5377,15.54074,0.00,0.00
2012.05.24 17:47:00.833,15.53669,15.53973,0.00,0.00
2012.05.24 17:47:01.182,15.5375,15.5405,0.00,0.00
2012.05.24 17:47:01.272,15.53663,15.54035,0.00,0.00
2012.05.24 17:47:01.333,15.5373,15.54035,0.00,0.00
2012.05.24 17:47:01.757,15.5377,15.5407,0.00,0.00
2012.05.24 17:47:01.926,15.53654,15.5402,0.00,0.00
2012.05.24 17:47:02.083,15.53607,15.53973,0.00,0.00
2012.05.24 17:47:02.433,15.5375,15.5405,0.00,0.00
2012.05.24 17:47:02.847,15.53774,15.54074,0.00,0.00
2012.05.24 17:47:03.294,15.53754,15.54054,0.00,0.00
2012.05.24 17:47:03.412,15.53714,15.54018,0.00,0.00
2012.05.24 17:47:03.648,15.53754,15.54054,0.00,0.00
2012.05.24 17:47:03.784,15.53698,15.54002,0.00,0.00
2012.05.24 17:47:03.843,15.53716,15.5402,0.00,0.00
2012.05.24 17:47:04.185,15.53796,15.541,0.00,0.00
2012.05.24 17:47:04.404,15.538,15.54157,0.00,0.00
2012.05.24 17:47:04.683,15.53861,15.54217,0.00,0.00
2012.05.24 17:47:05.025,15.53729,15.54095,0.00,0.00
2012.05.24 17:47:05.552,15.53689,15.54052,0.00,0.00
2012.05.24 17:47:05.674,15.53763,15.54085,0.00,0.00
2012.05.24 17:47:05.853,15.53784,15.54085,0.00,0.00
2012.05.24 17:47:06.213,15.53881,15.54185,0.00,0.00
2012.05.24 17:47:06.403,15.53898,15.54264,0.00,0.00
2012.05.24 17:47:06.523,15.53911,15.54277,0.00,0.00
2012.05.24 17:47:06.844,15.53906,15.54272,0.00,0.00
2012.05.24 17:47:07.175,15.53887,15.54253,0.00,0.00
2012.05.24 17:47:07.484,15.53928,15.54294,0.00,0.00
2012.05.24 17:47:07.852,15.53818,15.54167,0.00,0.00
2012.05.24 17:47:08.162,15.53795,15.54127,0.00,0.00
2012.05.24 17:47:08.483,15.53756,15.54122,0.00,0.00
2012.05.24 17:47:08.924,15.53736,15.541,0.00,0.00
2012.05.24 17:47:09.294,15.53685,15.54051,0.00,0.00
2012.05.24 17:47:09.724,15.53747,15.54087,0.00,0.00
2012.05.24 17:47:10.775,15.53864,15.54228,0.00,0.00
2012.05.24 17:47:11.285,15.53864,15.5423,0.00,0.00
2012.05.24 17:47:11.922,15.53713,15.5407,0.00,0.00
2012.05.24 17:47:12.264,15.5394,15.54303,0.00,0.00
2012.05.24 17:47:12.512,15.53748,15.54111,0.00,0.00
2012.05.24 17:47:12.994,15.5378,15.54144,0.00,0.00
2012.05.24 17:47:13.322,15.53796,15.54162,0.00,0.00
2012.05.24 17:47:13.533,15.53796,15.54162,0.00,0.00
2012.05.24 17:47:13.877,15.53752,15.54106,0.00,0.00
2012.05.24 17:47:14.224,15.53717,15.54083,0.00,0.00
2012.05.24 17:47:14.596,15.53677,15.54043,0.00,0.00
2012.05.24 17:47:15.185,15.53681,15.54047,0.00,0.00
2012.05.24 17:47:15.496,15.53606,15.53907,0.00,0.00
2012.05.24 17:47:15.813,15.53597,15.53897,0.00,0.00
2012.05.24 17:47:15.948,15.53471,15.53837,0.00,0.00
2012.05.24 17:47:16.147,15.53639,15.54002,0.00,0.00
2012.05.24 17:47:16.274,15.53477,15.53843,0.00,0.00
2012.05.24 17:47:16.496,15.53459,15.53825,0.00,0.00
2012.05.24 17:47:16.954,15.53739,15.54102,0.00,0.00
2012.05.24 17:47:17.017,15.5361,15.53973,0.00,0.00
2012.05.24 17:47:17.376,15.5369,15.54053,0.00,0.00
2012.05.24 17:47:17.503,15.5369,15.54017,0.00,0.00
2012.05.24 17:47:17.565,15.5367,15.54033,0.00,0.00
2012.05.24 17:47:17.634,15.5367,15.54035,0.00,0.00
2012.05.24 17:47:18.026,15.53688,15.54054,0.00,0.00
2012.05.24 17:47:18.372,15.53688,15.54054,0.00,0.00
2012.05.24 17:47:18.432,15.53479,15.53845,0.00,0.00
2012.05.24 17:47:18.792,15.53499,15.53865,0.00,0.00
2012.05.24 17:47:19.103,15.53599,15.53965,0.00,0.00
2012.05.24 17:47:19.412,15.53539,15.53885,0.00,0.00
2012.05.24 17:47:19.748,15.53647,15.53948,0.00,0.00
2012.05.24 17:47:20.077,15.53647,15.53948,0.00,0.00
2012.05.24 17:47:20.304,15.53635,15.53935,0.00,0.00
2012.05.24 17:47:20.364,15.53719,15.54082,0.00,0.00
2012.05.24 17:47:20.625,15.53699,15.54062,0.00,0.00
2012.05.24 17:47:20.783,15.53579,15.53945,0.00,0.00
2012.05.24 17:47:21.085,15.53547,15.53848,0.00,0.00
2012.05.24 17:47:21.232,15.53599,15.53962,0.00,0.00
2012.05.24 17:47:21.292,15.53553,15.53864,0.00,0.00
2012.05.24 17:47:21.357,15.53535,15.53835,0.00,0.00
2012.05.24 17:47:21.733,15.53761,15.54077,0.00,0.00
2012.05.24 17:47:21.792,15.53723,15.54086,0.00,0.00
2012.05.24 17:47:22.242,15.53702,15.54048,0.00,0.00
2012.05.24 17:47:22.305,15.53634,15.53935,0.00,0.00
2012.05.24 17:47:22.372,15.53682,15.54048,0.00,0.00
2012.05.24 17:47:22.553,15.53604,15.5397,0.00,0.00
2012.05.24 17:47:22.675,15.53566,15.53932,0.00,0.00
2012.05.24 17:47:22.924,15.53592,15.53958,0.00,0.00
2012.05.24 17:47:23.254,15.53542,15.53908,0.00,0.00
2012.05.24 17:47:23.586,15.53542,15.53848,0.00,0.00
2012.05.24 17:47:24.432,15.53534,15.53835,0.00,0.00
2012.05.24 17:47:25.208,15.53522,15.53885,0.00,0.00
2012.05.24 17:47:25.836,15.53542,15.53905,0.00,0.00
2012.05.24 17:47:26.433,15.53357,15.53657,0.00,0.00
2012.05.24 17:47:26.553,15.53086,15.53452,0.00,0.00
2012.05.24 17:47:26.763,15.53157,15.53523,0.00,0.00
2012.05.24 17:47:27.160,15.53341,15.53704,0.00,0.00
2012.05.24 17:47:27.588,15.53129,15.535,0.00,0.00
2012.05.24 17:47:27.655,15.53119,15.53487,0.00,0.00
2012.05.24 17:47:27.992,15.53231,15.53594,0.00,0.00
2012.05.24 17:47:28.346,15.53347,15.53648,0.00,0.00
2012.05.24 17:47:28.416,15.53347,15.53648,0.00,0.00
2012.05.24 17:47:28.565,15.53297,15.53602,0.00,0.00
2012.05.24 17:47:28.675,15.53391,15.53754,0.00,0.00
2012.05.24 17:47:28.807,15.53247,15.53552,0.00,0.00
2012.05.24 17:47:28.877,15.53341,15.53704,0.00,0.00
2012.05.24 17:47:28.947,15.53401,15.53764,0.00,0.00
2012.05.24 17:47:29.314,15.53381,15.53745,0.00,0.00
2012.05.24 17:47:29.447,15.53401,15.53764,0.00,0.00
2012.05.24 17:47:29.806,15.53381,15.53745,0.00,0.00
2012.05.24 17:47:29.893,15.52957,15.53262,0.00,0.00
2012.05.24 17:47:30.157,15.52863,15.53234,0.00,0.00
2012.05.24 17:47:30.223,15.52863,15.53202,0.00,0.00
2012.05.24 17:47:30.523,15.52593,15.53011,0.00,0.00
2012.05.24 17:47:30.660,15.52721,15.53084,0.00,0.00
2012.05.24 17:47:30.984,15.52689,15.5306,0.00,0.00
2012.05.24 17:47:31.116,15.52817,15.53117,0.00,0.00
2012.05.24 17:47:31.442,15.52921,15.53287,0.00,0.00
2012.05.24 17:47:31.759,15.52712,15.53078,0.00,0.00
2012.05.24 17:47:31.993,15.52842,15.53208,0.00,0.00
2012.05.24 17:47:32.376,15.52834,15.53135,0.00,0.00
2012.05.24 17:47:32.445,15.52713,15.53062,0.00,0.00
2012.05.24 17:47:32.624,15.52817,15.53183,0.00,0.00
2012.05.24 17:47:33.284,15.53002,15.53365,0.00,0.00
2012.05.24 17:47:33.414,15.52984,15.53285,0.00,0.00
2012.05.24 17:47:33.533,15.52908,15.53274,0.00,0.00
2012.05.24 17:47:33.593,15.52954,15.53317,0.00,0.00
2012.05.24 17:47:34.024,15.53063,15.53364,0.00,0.00
2012.05.24 17:47:34.364,15.5312,15.53486,0.00,0.00
2012.05.24 17:47:34.424,15.53142,15.53508,0.00,0.00
2012.05.24 17:47:34.767,15.53133,15.53483,0.00,0.00
2012.05.24 17:47:35.177,15.53322,15.53647,0.00,0.00
2012.05.24 17:47:35.307,15.53284,15.53585,0.00,0.00
2012.05.24 17:47:35.652,15.53134,15.535,0.00,0.00
2012.05.24 17:47:35.843,15.53094,15.5346,0.00,0.00
2012.05.24 17:47:36.442,15.53035,15.53401,0.00,0.00
2012.05.24 17:47:37.068,15.52983,15.53325,0.00,0.00
2012.05.24 17:47:37.384,15.52979,15.53345,0.00,0.00
2012.05.24 17:47:37.767,15.53001,15.53367,0.00,0.00
2012.05.24 17:47:38.313,15.53094,15.53457,0.00,0.00
2012.05.24 17:47:38.682,15.53171,15.53534,0.00,0.00
2012.05.24 17:47:39.213,15.53087,15.5345,0.00,0.00
2012.05.24 17:47:39.425,15.53085,15.53385,0.00,0.00
2012.05.24 17:47:39.760,15.53142,15.53505,0.00,0.00
2012.05.24 17:47:40.227,15.53022,15.53348,0.00,0.00
2012.05.24 17:47:40.293,15.52964,15.5333,0.00,0.00
2012.05.24 17:47:40.656,15.52842,15.53208,0.00,0.00
2012.05.24 17:47:41.007,15.52742,15.53048,0.00,0.00
2012.05.24 17:47:41.323,15.5267,15.53036,0.00,0.00
2012.05.24 17:47:41.656,15.52648,15.52948,0.00,0.00
2012.05.24 17:47:41.757,15.5266,15.53023,0.00,0.00
2012.05.24 17:47:41.878,15.52722,15.53085,0.00,0.00
2012.05.24 17:47:42.197,15.52782,15.53145,0.00,0.00
2012.05.24 17:47:42.265,15.52759,15.53122,0.00,0.00
2012.05.24 17:47:42.458,15.52922,15.53285,0.00,0.00
2012.05.24 17:47:42.524,15.52828,15.53192,0.00,0.00
2012.05.24 17:47:42.980,15.52847,15.53211,0.00,0.00
2012.05.24 17:47:43.188,15.52831,15.53195,0.00,0.00
2012.05.24 17:47:43.393,15.52831,15.53148,0.00,0.00
2012.05.24 17:47:43.453,15.52847,15.5321,0.00,0.00
2012.05.24 17:47:43.789,15.52848,15.53148,0.00,0.00
2012.05.24 17:47:43.914,15.53007,15.53307,0.00,0.00
2012.05.24 17:47:44.365,15.52985,15.53285,0.00,0.00
2012.05.24 17:47:44.510,15.52947,15.53248,0.00,0.00
2012.05.24 17:47:44.818,15.53027,15.53391,0.00,0.00
2012.05.24 17:47:45.043,15.53044,15.53408,0.00,0.00
2012.05.24 17:47:45.492,15.53044,15.53348,0.00,0.00
2012.05.24 17:47:45.566,15.53118,15.53481,0.00,0.00
2012.05.24 17:47:45.635,15.53118,15.53448,0.00,0.00
2012.05.24 17:47:46.291,15.53118,15.53448,0.00,0.00
2012.05.24 17:47:46.492,15.5314,15.53503,0.00,0.00
2012.05.24 17:47:46.852,15.53145,15.53509,0.00,0.00
2012.05.24 17:47:47.153,15.53153,15.53517,0.00,0.00
2012.05.24 17:47:47.537,15.53112,15.53478,0.00,0.00
2012.05.24 17:47:47.933,15.53206,15.53569,0.00,0.00
2012.05.24 17:47:48.327,15.53335,15.53635,0.00,0.00
2012.05.24 17:47:48.394,15.53227,15.53593,0.00,0.00
2012.05.24 17:47:48.455,15.53162,15.53528,0.00,0.00
2012.05.24 17:47:48.858,15.52807,15.53107,0.00,0.00
2012.05.24 17:47:48.927,15.52867,15.53167,0.00,0.00
2012.05.24 17:47:48.993,15.52741,15.53107,0.00,0.00
2012.05.24 17:47:49.087,15.52741,15.53077,0.00,0.00
2012.05.24 17:47:49.484,15.52821,15.53184,0.00,0.00
2012.05.24 17:47:50.030,15.52627,15.52928,0.00,0.00
2012.05.24 17:47:50.094,15.52063,15.52627,0.00,0.00
2012.05.24 17:47:50.153,15.52221,15.52587,0.00,0.00
2012.05.24 17:47:50.774,15.52334,15.52635,0.00,0.00
2012.05.24 17:47:50.811,15.52217,15.52517,0.00,0.00
2012.05.24 17:47:50.877,15.52,15.52406,0.00,0.00
2012.05.24 17:47:51.015,15.52032,15.52395,0.00,0.00
2012.05.24 17:47:51.409,15.52034,15.52335,0.00,0.00
2012.05.24 17:47:51.956,15.52118,15.52481,0.00,0.00
2012.05.24 17:47:52.298,15.52002,15.52365,0.00,0.00
2012.05.24 17:47:52.368,15.52098,15.52461,0.00,0.00
2012.05.24 17:47:52.717,15.52086,15.52387,0.00,0.00
2012.05.24 17:47:52.785,15.52062,15.52425,0.00,0.00
2012.05.24 17:47:52.877,15.52015,15.52379,0.00,0.00
2012.05.24 17:47:53.263,15.52055,15.52418,0.00,0.00
2012.05.24 17:47:53.444,15.52035,15.52335,0.00,0.00
2012.05.24 17:47:54.322,15.52047,15.52348,0.00,0.00
2012.05.24 17:47:54.480,15.51906,15.52207,0.00,0.00
2012.05.24 17:47:54.545,15.51899,15.52262,0.00,0.00
2012.05.24 17:47:54.696,15.51899,15.5231,0.00,0.00
2012.05.24 17:47:54.763,15.51918,15.52329,0.00,0.00
2012.05.24 17:47:55.135,15.5196,15.52277,0.00,0.00
2012.05.24 17:47:55.202,15.51845,15.52256,0.00,0.00
2012.05.24 17:47:55.362,15.52053,15.52416,0.00,0.00
2012.05.24 17:47:55.686,15.51993,15.52348,0.00,0.00
2012.05.24 17:47:56.240,15.52278,15.52641,0.00,0.00
2012.05.24 17:47:56.308,15.52244,15.52607,0.00,0.00
2012.05.24 17:47:56.372,15.52234,15.52535,0.00,0.00
2012.05.24 17:47:56.893,15.52173,15.52537,0.00,0.00
2012.05.24 17:47:57.014,15.52173,15.52535,0.00,0.00
2012.05.24 17:47:57.662,15.52173,15.52581,0.00,0.00
2012.05.24 17:47:58.074,15.52186,15.5259,0.00,0.00
2012.05.24 17:47:58.424,15.52213,15.52612,0.00,0.00
2012.05.24 17:47:58.695,15.52265,15.52648,0.00,0.00
2012.05.24 17:47:59.805,15.52252,15.52648,0.00,0.00
2012.05.24 17:48:00.235,15.52278,15.52648,0.00,0.00
2012.05.24 17:48:00.673,15.52294,15.52658,0.00,0.00
2012.05.24 17:48:01.140,15.52353,15.52717,0.00,0.00
2012.05.24 17:48:01.684,15.52333,15.52697,0.00,0.00
2012.05.24 17:48:02.391,15.52282,15.52685,0.00,0.00
2012.05.24 17:48:02.810,15.52275,15.52685,0.00,0.00
2012.05.24 17:48:03.124,15.5221,15.52621,0.00,0.00
2012.05.24 17:48:03.495,15.52182,15.52585,0.00,0.00
2012.05.24 17:48:03.832,15.52154,15.52517,0.00,0.00
2012.05.24 17:48:04.024,15.52162,15.52526,0.00,0.00
2012.05.24 17:48:04.329,15.52122,15.52517,0.00,0.00
2012.05.24 17:48:04.645,15.52347,15.52647,0.00,0.00
2012.05.24 17:48:05.052,15.52301,15.52664,0.00,0.00
2012.05.24 17:48:05.254,15.52317,15.5268,0.00,0.00
2012.05.24 17:48:05.315,15.52273,15.52575,0.00,0.00
2012.05.24 17:48:05.462,15.52273,15.52623,0.00,0.00
2012.05.24 17:48:05.522,15.52168,15.52579,0.00,0.00
2012.05.24 17:48:05.881,15.52234,15.52548,0.00,0.00
2012.05.24 17:48:06.267,15.52142,15.52545,0.00,0.00
2012.05.24 17:48:06.476,15.52162,15.52535,0.00,0.00
2012.05.24 17:48:06.782,15.52172,15.52535,0.00,0.00
2012.05.24 17:48:06.909,15.52254,15.52618,0.00,0.00
2012.05.24 17:48:07.406,15.52254,15.52635,0.00,0.00
2012.05.24 17:48:08.534,15.52256,15.52648,0.00,0.00
2012.05.24 17:48:08.893,15.52294,15.52658,0.00,0.00
2012.05.24 17:48:09.384,15.52294,15.52635,0.00,0.00
2012.05.24 17:48:09.582,15.52277,15.52641,0.00,0.00
2012.05.24 17:48:09.643,15.52267,15.52635,0.00,0.00
2012.05.24 17:48:10.184,15.52276,15.52639,0.00,0.00
2012.05.24 17:48:10.253,15.52314,15.52677,0.00,0.00
2012.05.24 17:48:10.320,15.52314,15.52685,0.00,0.00
2012.05.24 17:48:10.580,15.5247,15.52833,0.00,0.00
2012.05.24 17:48:10.701,15.52326,15.52689,0.00,0.00
2012.05.24 17:48:10.893,15.52351,15.52714,0.00,0.00
2012.05.24 17:48:11.794,15.52372,15.52736,0.00,0.00
2012.05.24 17:48:12.334,15.52293,15.52685,0.00,0.00
2012.05.24 17:48:12.612,15.52306,15.52669,0.00,0.00
2012.05.24 17:48:12.673,15.52306,15.52685,0.00,0.00
2012.05.24 17:48:12.939,15.52327,15.52691,0.00,0.00
2012.05.24 17:48:14.268,15.523,15.52685,0.00,0.00
2012.05.24 17:48:14.707,15.52284,15.52648,0.00,0.00
2012.05.24 17:48:15.624,15.52312,15.52685,0.00,0.00
2012.05.24 17:48:16.413,15.52295,15.52685,0.00,0.00
2012.05.24 17:48:17.000,15.52311,15.52675,0.00,0.00
2012.05.24 17:48:17.154,15.52311,15.52685,0.00,0.00
2012.05.24 17:48:17.320,15.5232,15.52685,0.00,0.00
2012.05.24 17:48:17.546,15.52312,15.52685,0.00,0.00
2012.05.24 17:48:17.938,15.52418,15.52781,0.00,0.00
2012.05.24 17:48:18.065,15.5239,15.52753,0.00,0.00
2012.05.24 17:48:18.134,15.52274,15.52685,0.00,0.00
2012.05.24 17:48:18.324,15.52223,15.52634,0.00,0.00
2012.05.24 17:48:18.683,15.52255,15.52635,0.00,0.00
2012.05.24 17:48:19.003,15.5229,15.52653,0.00,0.00
2012.05.24 17:48:19.317,15.52321,15.52684,0.00,0.00
2012.05.24 17:48:19.382,15.52321,15.52685,0.00,0.00
2012.05.24 17:48:19.585,15.52305,15.52685,0.00,0.00
2012.05.24 17:48:19.905,15.52283,15.52678,0.00,0.00
2012.05.24 17:48:21.242,15.5224,15.52648,0.00,0.00
2012.05.24 17:48:21.578,15.52232,15.52635,0.00,0.00
2012.05.24 17:48:21.643,15.52264,15.52635,0.00,0.00
2012.05.24 17:48:22.916,15.52418,15.52781,0.00,0.00
2012.05.24 17:48:23.052,15.52264,15.52635,0.00,0.00
2012.05.24 17:48:23.486,15.52275,15.52639,0.00,0.00
2012.05.24 17:48:24.056,15.52258,15.52635,0.00,0.00
2012.05.24 17:48:24.122,15.52253,15.52635,0.00,0.00
2012.05.24 17:48:24.303,15.5237,15.52733,0.00,0.00
2012.05.24 17:48:24.766,15.52398,15.52761,0.00,0.00
2012.05.24 17:48:24.835,15.52236,15.52635,0.00,0.00
2012.05.24 17:48:25.338,15.5239,15.52754,0.00,0.00
2012.05.24 17:48:25.493,15.52247,15.52635,0.00,0.00
2012.05.24 17:48:25.553,15.52233,15.52635,0.00,0.00
2012.05.24 17:48:26.024,15.52247,15.52635,0.00,0.00
2012.05.24 17:48:26.245,15.52229,15.52635,0.00,0.00
2012.05.24 17:48:27.024,15.52311,15.52674,0.00,0.00
2012.05.24 17:48:27.284,15.52292,15.52655,0.00,0.00
2012.05.24 17:48:27.554,15.5231,15.52685,0.00,0.00
2012.05.24 17:48:28.000,15.5229,15.52685,0.00,0.00
2012.05.24 17:48:28.312,15.52273,15.52684,0.00,0.00
2012.05.24 17:48:28.676,15.52254,15.52648,0.00,0.00
2012.05.24 17:48:28.993,15.5227,15.52648,0.00,0.00
2012.05.24 17:48:29.685,15.52279,15.52648,0.00,0.00
2012.05.24 17:48:30.019,15.52256,15.52648,0.00,0.00
2012.05.24 17:48:30.428,15.52287,15.52685,0.00,0.00
2012.05.24 17:48:31.827,15.52253,15.52663,0.00,0.00
2012.05.24 17:48:32.168,15.52249,15.52652,0.00,0.00
2012.05.24 17:48:32.552,15.52228,15.52635,0.00,0.00
2012.05.24 17:48:32.612,15.52247,15.52635,0.00,0.00
2012.05.24 17:48:32.943,15.52229,15.52633,0.00,0.00
2012.05.24 17:48:33.283,15.52176,15.52477,0.00,0.00
2012.05.24 17:48:33.405,15.52032,15.52443,0.00,0.00
2012.05.24 17:48:33.676,15.52018,15.52429,0.00,0.00
2012.05.24 17:48:33.983,15.52099,15.52447,0.00,0.00
2012.05.24 17:48:34.155,15.5206,15.52423,0.00,0.00
2012.05.24 17:48:34.223,15.52019,15.52423,0.00,0.00
2012.05.24 17:48:34.374,15.52019,15.52335,0.00,0.00
2012.05.24 17:48:34.734,15.52039,15.52348,0.00,0.00
2012.05.24 17:48:35.083,15.5211,15.52473,0.00,0.00
2012.05.24 17:48:35.334,15.52112,15.52476,0.00,0.00
2012.05.24 17:48:36.075,15.52019,15.52385,0.00,0.00
2012.05.24 17:48:36.280,15.52019,15.52335,0.00,0.00
2012.05.24 17:48:37.380,15.52019,15.52348,0.00,0.00
2012.05.24 17:48:37.503,15.52139,15.52502,0.00,0.00
2012.05.24 17:48:37.814,15.52159,15.52523,0.00,0.00
2012.05.24 17:48:38.196,15.52132,15.52496,0.00,0.00
2012.05.24 17:48:38.427,15.52159,15.52522,0.00,0.00
2012.05.24 17:48:39.142,15.52134,15.52435,0.00,0.00
2012.05.24 17:48:39.228,15.52058,15.52435,0.00,0.00
2012.05.24 17:48:39.362,15.52129,15.52492,0.00,0.00
2012.05.24 17:48:39.933,15.5213,15.52494,0.00,0.00
2012.05.24 17:48:40.095,15.52114,15.52477,0.00,0.00
2012.05.24 17:48:40.350,15.52114,15.52525,0.00,0.00
2012.05.24 17:48:40.795,15.52089,15.52492,0.00,0.00
2012.05.24 17:48:41.073,15.52172,15.52547,0.00,0.00
2012.05.24 17:48:41.134,15.51964,15.52313,0.00,0.00
2012.05.24 17:48:41.194,15.51962,15.52313,0.00,0.00
2012.05.24 17:48:41.252,15.51999,15.52403,0.00,0.00
2012.05.24 17:48:41.670,15.51947,15.52248,0.00,0.00
2012.05.24 17:48:42.054,15.52019,15.52382,0.00,0.00
2012.05.24 17:48:42.124,15.51999,15.52362,0.00,0.00
2012.05.24 17:48:43.004,15.52012,15.52376,0.00,0.00
2012.05.24 17:48:43.373,15.52099,15.52463,0.00,0.00
2012.05.24 17:48:43.435,15.52035,15.52335,0.00,0.00
2012.05.24 17:48:43.580,15.52179,15.52542,0.00,0.00
2012.05.24 17:48:43.647,15.52152,15.52515,0.00,0.00
2012.05.24 17:48:43.760,15.52179,15.52542,0.00,0.00
2012.05.24 17:48:44.367,15.52135,15.52435,0.00,0.00
2012.05.24 17:48:44.437,15.52199,15.52562,0.00,0.00
2012.05.24 17:48:44.528,15.52192,15.52555,0.00,0.00
2012.05.24 17:48:44.594,15.52139,15.52502,0.00,0.00
2012.05.24 17:48:44.837,15.52212,15.52575,0.00,0.00
2012.05.24 17:48:44.963,15.52179,15.52543,0.00,0.00
2012.05.24 17:48:45.751,15.52199,15.52562,0.00,0.00
2012.05.24 17:48:46.200,15.52212,15.52548,0.00,0.00
2012.05.24 17:48:46.347,15.52184,15.52485,0.00,0.00
2012.05.24 17:48:48.314,15.52192,15.52556,0.00,0.00
2012.05.24 17:48:48.659,15.52048,15.52348,0.00,0.00
2012.05.24 17:48:48.725,15.52059,15.52423,0.00,0.00
2012.05.24 17:48:49.171,15.52059,15.52463,0.00,0.00
2012.05.24 17:48:49.234,15.52152,15.52515,0.00,0.00
2012.05.24 17:48:49.646,15.52072,15.52435,0.00,0.00
2012.05.24 17:48:49.917,15.52048,15.52348,0.00,0.00
2012.05.24 17:48:50.563,15.52119,15.52482,0.00,0.00
2012.05.24 17:48:50.625,15.52172,15.52535,0.00,0.00
2012.05.24 17:48:51.613,15.52192,15.52555,0.00,0.00
2012.05.24 17:48:52.340,15.52184,15.52485,0.00,0.00
2012.05.24 17:48:53.137,15.51974,15.52323,0.00,0.00
2012.05.24 17:48:53.204,15.51974,15.52323,0.00,0.00
2012.05.24 17:48:53.287,15.51796,15.52145,0.00,0.00
2012.05.24 17:48:53.353,15.51697,15.52145,0.00,0.00
2012.05.24 17:48:53.467,15.51733,15.52123,0.00,0.00
2012.05.24 17:48:53.819,15.51733,15.52133,0.00,0.00
2012.05.24 17:48:53.943,15.51703,15.52091,0.00,0.00
2012.05.24 17:48:54.114,15.51703,15.52101,0.00,0.00
2012.05.24 17:48:54.353,15.51679,15.5209,0.00,0.00
2012.05.24 17:48:54.619,15.51676,15.5208,0.00,0.00
2012.05.24 17:48:55.162,15.51613,15.51969,0.00,0.00
2012.05.24 17:48:55.312,15.51672,15.52083,0.00,0.00
2012.05.24 17:48:55.673,15.51679,15.52042,0.00,0.00
2012.05.24 17:48:55.734,15.51679,15.52043,0.00,0.00
2012.05.24 17:48:55.863,15.51779,15.52107,0.00,0.00
2012.05.24 17:48:55.922,15.5161,15.51985,0.00,0.00
2012.05.24 17:48:56.163,15.51557,15.51985,0.00,0.00
2012.05.24 17:48:56.524,15.51716,15.52085,0.00,0.00
2012.05.24 17:48:56.598,15.51646,15.52085,0.00,0.00
2012.05.24 17:48:56.952,15.51572,15.52013,0.00,0.00
2012.05.24 17:48:57.303,15.51573,15.51961,0.00,0.00
2012.05.24 17:48:57.645,15.51613,15.51961,0.00,0.00
2012.05.24 17:48:57.964,15.51613,15.51936,0.00,0.00
2012.05.24 17:48:58.033,15.51613,15.52004,0.00,0.00
2012.05.24 17:48:58.811,15.51664,15.52035,0.00,0.00
2012.05.24 17:48:59.114,15.51686,15.5205,0.00,0.00
2012.05.24 17:48:59.456,15.51809,15.52185,0.00,0.00
2012.05.24 17:48:59.774,15.52042,15.52405,0.00,0.00
2012.05.24 17:48:59.963,15.51919,15.52282,0.00,0.00
2012.05.24 17:49:00.082,15.51975,15.52338,0.00,0.00
2012.05.24 17:49:00.425,15.52,15.52385,0.00,0.00
2012.05.24 17:49:00.622,15.51952,15.5235,0.00,0.00
2012.05.24 17:49:01.222,15.51993,15.52366,0.00,0.00
2012.05.24 17:49:01.729,15.51993,15.52373,0.00,0.00
2012.05.24 17:49:02.443,15.52042,15.52448,0.00,0.00
2012.05.24 17:49:03.689,15.52083,15.52462,0.00,0.00
2012.05.24 17:49:03.963,15.52142,15.52535,0.00,0.00
2012.05.24 17:49:04.124,15.52233,15.52535,0.00,0.00
2012.05.24 17:49:04.244,15.52223,15.52535,0.00,0.00
2012.05.24 17:49:04.517,15.52231,15.5258,0.00,0.00
2012.05.24 17:49:04.874,15.52319,15.52682,0.00,0.00
2012.05.24 17:49:05.065,15.52225,15.52636,0.00,0.00
2012.05.24 17:49:05.195,15.52269,15.52648,0.00,0.00
2012.05.24 17:49:05.265,15.52231,15.52642,0.00,0.00
2012.05.24 17:49:05.393,15.52231,15.52535,0.00,0.00
2012.05.24 17:49:05.454,15.52093,15.52459,0.00,0.00
2012.05.24 17:49:05.577,15.52272,15.52635,0.00,0.00
2012.05.24 17:49:06.056,15.52249,15.52613,0.00,0.00
2012.05.24 17:49:06.883,15.52123,15.52488,0.00,0.00
2012.05.24 17:49:07.044,15.52123,15.52497,0.00,0.00
2012.05.24 17:49:07.383,15.52093,15.52481,0.00,0.00
2012.05.24 17:49:07.986,15.52093,15.52457,0.00,0.00
2012.05.24 17:49:08.186,15.52211,15.52574,0.00,0.00
2012.05.24 17:49:08.737,15.52229,15.52593,0.00,0.00
2012.05.24 17:49:09.192,15.52219,15.52582,0.00,0.00
2012.05.24 17:49:09.520,15.52419,15.52782,0.00,0.00
2012.05.24 17:49:09.744,15.52396,15.52759,0.00,0.00
2012.05.24 17:49:10.435,15.52384,15.52685,0.00,0.00
2012.05.24 17:49:10.804,15.52367,15.5273,0.00,0.00
2012.05.24 17:49:11.125,15.52357,15.52657,0.00,0.00
2012.05.24 17:49:11.285,15.52113,15.52512,0.00,0.00
2012.05.24 17:49:11.358,15.52231,15.52594,0.00,0.00
2012.05.24 17:49:11.626,15.52211,15.52575,0.00,0.00
2012.05.24 17:49:12.077,15.52219,15.52548,0.00,0.00
2012.05.24 17:49:12.293,15.52202,15.52566,0.00,0.00
2012.05.24 17:49:12.527,15.52222,15.52585,0.00,0.00
2012.05.24 17:49:12.594,15.52195,15.52548,0.00,0.00
2012.05.24 17:49:13.351,15.52185,15.52485,0.00,0.00
2012.05.24 17:49:14.026,15.52182,15.52546,0.00,0.00
2012.05.24 17:49:14.094,15.52148,15.52448,0.00,0.00
2012.05.24 17:49:14.189,15.52182,15.52546,0.00,0.00
2012.05.24 17:49:14.285,15.52195,15.52558,0.00,0.00
2012.05.24 17:49:15.273,15.52128,15.52491,0.00,0.00
2012.05.24 17:49:15.335,15.51985,15.52285,0.00,0.00
2012.05.24 17:49:15.403,15.52052,15.52373,0.00,0.00
2012.05.24 17:49:16.357,15.51994,15.52357,0.00,0.00
2012.05.24 17:49:17.068,15.51955,15.52318,0.00,0.00
2012.05.24 17:49:17.397,15.51947,15.52248,0.00,0.00
2012.05.24 17:49:18.019,15.51972,15.52335,0.00,0.00
2012.05.24 17:49:18.459,15.52005,15.52368,0.00,0.00
2012.05.24 17:49:18.646,15.52022,15.52386,0.00,0.00
2012.05.24 17:49:18.714,15.52005,15.52368,0.00,0.00
2012.05.24 17:49:18.774,15.51995,15.52359,0.00,0.00
2012.05.24 17:49:19.314,15.51947,15.52248,0.00,0.00
2012.05.24 17:49:19.436,15.5183,15.52241,0.00,0.00
2012.05.24 17:49:19.656,15.51859,15.52248,0.00,0.00
2012.05.24 17:49:20.552,15.51913,15.52317,0.00,0.00
2012.05.24 17:49:20.934,15.52057,15.52357,0.00,0.00
2012.05.24 17:49:20.995,15.52128,15.52491,0.00,0.00
2012.05.24 17:49:21.064,15.52086,15.52387,0.00,0.00
2012.05.24 17:49:21.127,15.52114,15.52477,0.00,0.00
2012.05.24 17:49:21.234,15.52114,15.52414,0.00,0.00
2012.05.24 17:49:21.374,15.52114,15.52414,0.00,0.00
2012.05.24 17:49:21.643,15.52123,15.52423,0.00,0.00
2012.05.24 17:49:22.026,15.52106,15.52467,0.00,0.00
2012.05.24 17:49:22.093,15.52026,15.5243,0.00,0.00
2012.05.24 17:49:22.508,15.52267,15.52567,0.00,0.00
2012.05.24 17:49:22.634,15.5218,15.52557,0.00,0.00
2012.05.24 17:49:23.355,15.5218,15.52557,0.00,0.00
2012.05.24 17:49:23.762,15.5218,15.52527,0.00,0.00
2012.05.24 17:49:23.831,15.52263,15.52563,0.00,0.00
2012.05.24 17:49:23.957,15.52241,15.52541,0.00,0.00
2012.05.24 17:49:24.024,15.52137,15.52497,0.00,0.00
2012.05.24 17:49:24.303,15.52215,15.52515,0.00,0.00
2012.05.24 17:49:25.145,15.52029,15.5244,0.00,0.00
2012.05.24 17:49:25.217,15.52129,15.52497,0.00,0.00
2012.05.24 17:49:25.551,15.52174,15.52474,0.00,0.00
2012.05.24 17:49:25.827,15.52078,15.52437,0.00,0.00
2012.05.24 17:49:26.226,15.52176,15.52476,0.00,0.00
2012.05.24 17:49:26.661,15.52089,15.52407,0.00,0.00
2012.05.24 17:49:26.755,15.52126,15.52426,0.00,0.00
2012.05.24 17:49:26.884,15.52126,15.52485,0.00,0.00
2012.05.24 17:49:26.944,15.52155,15.52485,0.00,0.00
2012.05.24 17:49:27.004,15.52095,15.52485,0.00,0.00
2012.05.24 17:49:27.197,15.52249,15.52549,0.00,0.00
2012.05.24 17:49:27.690,15.52325,15.52685,0.00,0.00
2012.05.24 17:49:27.756,15.52262,15.52647,0.00,0.00
2012.05.24 17:49:28.162,15.52244,15.52648,0.00,0.00
2012.05.24 17:49:28.363,15.52216,15.52617,0.00,0.00
2012.05.24 17:49:28.427,15.52105,15.52485,0.00,0.00
2012.05.24 17:49:28.626,15.5207,15.52481,0.00,0.00
2012.05.24 17:49:28.892,15.52211,15.52548,0.00,0.00
2012.05.24 17:49:29.353,15.52243,15.52635,0.00,0.00
2012.05.24 17:49:29.743,15.52133,15.5249,0.00,0.00
2012.05.24 17:49:29.867,15.52291,15.52635,0.00,0.00
2012.05.24 17:49:30.303,15.52274,15.52635,0.00,0.00
2012.05.24 17:49:30.453,15.52212,15.52623,0.00,0.00
2012.05.24 17:49:30.871,15.52317,15.52635,0.00,0.00
2012.05.24 17:49:33.424,15.5229,15.52635,0.00,0.00
2012.05.24 17:49:33.853,15.52308,15.52635,0.00,0.00
2012.05.24 17:49:34.312,15.52222,15.52585,0.00,0.00
2012.05.24 17:49:34.523,15.52222,15.52548,0.00,0.00
2012.05.24 17:49:34.780,15.52206,15.52548,0.00,0.00
2012.05.24 17:49:35.114,15.52188,15.52548,0.00,0.00
2012.05.24 17:49:35.242,15.52172,15.52548,0.00,0.00
2012.05.24 17:49:36.613,15.52102,15.52505,0.00,0.00
2012.05.24 17:49:37.380,15.52102,15.52435,0.00,0.00
2012.05.24 17:49:38.268,15.52118,15.52435,0.00,0.00
2012.05.24 17:49:38.602,15.52149,15.52485,0.00,0.00
2012.05.24 17:49:38.662,15.52111,15.52448,0.00,0.00
2012.05.24 17:49:38.766,15.52048,15.52448,0.00,0.00
2012.05.24 17:49:39.359,15.52048,15.52385,0.00,0.00
2012.05.24 17:49:41.120,15.5203,15.52385,0.00,0.00
2012.05.24 17:49:41.287,15.5203,15.52393,0.00,0.00
2012.05.24 17:49:41.666,15.52001,15.52348,0.00,0.00
2012.05.24 17:49:42.333,15.52001,15.52335,0.00,0.00
2012.05.24 17:49:43.677,15.52018,15.52381,0.00,0.00
2012.05.24 17:49:44.255,15.51991,15.52354,0.00,0.00
2012.05.24 17:49:44.452,15.51963,15.52335,0.00,0.00
2012.05.24 17:49:44.963,15.51967,15.52335,0.00,0.00
2012.05.24 17:49:45.218,15.51973,15.52335,0.00,0.00
2012.05.24 17:49:45.291,15.52154,15.52518,0.00,0.00
2012.05.24 17:49:45.355,15.52154,15.52517,0.00,0.00
2012.05.24 17:49:45.654,15.52053,15.52391,0.00,0.00
2012.05.24 17:49:45.775,15.52252,15.52552,0.00,0.00
2012.05.24 17:49:45.844,15.52242,15.52543,0.00,0.00
2012.05.24 17:49:45.983,15.52252,15.52603,0.00,0.00
2012.05.24 17:49:46.290,15.52304,15.52685,0.00,0.00
2012.05.24 17:49:46.352,15.52252,15.52626,0.00,0.00
2012.05.24 17:49:47.014,15.52252,15.52646,0.00,0.00
2012.05.24 17:49:47.615,15.52203,15.52552,0.00,0.00
2012.05.24 17:49:47.934,15.5219,15.52531,0.00,0.00
2012.05.24 17:49:47.993,15.52252,15.52615,0.00,0.00
2012.05.24 17:49:48.263,15.52287,15.52685,0.00,0.00
2012.05.24 17:49:48.593,15.52278,15.52681,0.00,0.00
2012.05.24 17:49:48.869,15.52252,15.52623,0.00,0.00
2012.05.24 17:49:49.427,15.52234,15.52535,0.00,0.00
2012.05.24 17:49:51.152,15.52252,15.5256,0.00,0.00
2012.05.24 17:49:51.273,15.52252,15.52572,0.00,0.00
2012.05.24 17:49:51.405,15.52252,15.52585,0.00,0.00
2012.05.24 17:49:51.474,15.52252,15.52585,0.00,0.00
2012.05.24 17:49:53.024,15.52252,15.52585,0.00,0.00
2012.05.24 17:49:53.242,15.52245,15.52585,0.00,0.00
2012.05.24 17:49:53.589,15.52182,15.52485,0.00,0.00
2012.05.24 17:49:53.988,15.52252,15.52553,0.00,0.00
2012.05.24 17:49:55.625,15.52252,15.52552,0.00,0.00
2012.05.24 17:49:55.695,15.52252,15.52566,0.00,0.00
2012.05.24 17:49:55.764,15.52252,15.52585,0.00,0.00
2012.05.24 17:49:55.900,15.52313,15.52677,0.00,0.00
2012.05.24 17:49:56.047,15.52181,15.5253,0.00,0.00
2012.05.24 17:49:56.114,15.52181,15.5253,0.00,0.00
2012.05.24 17:49:56.174,15.52223,15.5253,0.00,0.00
2012.05.24 17:49:56.374,15.52181,15.52544,0.00,0.00
2012.05.24 17:49:56.499,15.52352,15.52653,0.00,0.00
2012.05.24 17:49:57.077,15.52211,15.5256,0.00,0.00
2012.05.24 17:49:57.233,15.52356,15.52719,0.00,0.00
2012.05.24 17:49:57.356,15.52395,15.52758,0.00,0.00
2012.05.24 17:49:57.422,15.52352,15.52714,0.00,0.00
2012.05.24 17:49:57.530,15.52352,15.52748,0.00,0.00
2012.05.24 17:49:57.594,15.52493,15.52878,0.00,0.00
2012.05.24 17:49:58.055,15.52652,15.52952,0.00,0.00
2012.05.24 17:49:58.194,15.52586,15.52928,0.00,0.00
2012.05.24 17:49:58.516,15.52577,15.52926,0.00,0.00
2012.05.24 17:49:58.704,15.52453,15.52799,0.00,0.00
2012.05.24 17:49:58.787,15.52423,15.52799,0.00,0.00
2012.05.24 17:49:58.897,15.52424,15.52835,0.00,0.00
2012.05.24 17:49:59.204,15.52552,15.52853,0.00,0.00
2012.05.24 17:49:59.515,15.52552,15.52852,0.00,0.00
2012.05.24 17:49:59.585,15.52508,15.5285,0.00,0.00
2012.05.24 17:49:59.726,15.52552,15.52905,0.00,0.00
2012.05.24 17:49:59.806,15.52292,15.52641,0.00,0.00
2012.05.24 17:49:59.877,15.52445,15.52786,0.00,0.00
2012.05.24 17:49:59.944,15.52423,15.52786,0.00,0.00
2012.05.24 17:50:00.162,15.52549,15.5296,0.00,0.00
2012.05.24 17:50:00.494,15.52399,15.52748,0.00,0.00
2012.05.24 17:50:00.738,15.52452,15.52827,0.00,0.00
2012.05.24 17:50:00.945,15.52582,15.52993,0.00,0.00
2012.05.24 17:50:01.383,15.52599,15.52948,0.00,0.00
2012.05.24 17:50:02.332,15.52611,15.52985,0.00,0.00
2012.05.24 17:50:02.512,15.52627,15.52991,0.00,0.00
2012.05.24 17:50:03.086,15.52291,15.5264,0.00,0.00
2012.05.24 17:50:03.157,15.52352,15.52652,0.00,0.00
2012.05.24 17:50:03.483,15.52252,15.52593,0.00,0.00
2012.05.24 17:50:03.544,15.52352,15.52652,0.00,0.00
2012.05.24 17:50:03.729,15.52281,15.5263,0.00,0.00
2012.05.24 17:50:04.056,15.52297,15.52639,0.00,0.00
2012.05.24 17:50:04.263,15.52317,15.52658,0.00,0.00
2012.05.24 17:50:04.384,15.52278,15.52627,0.00,0.00
2012.05.24 17:50:04.717,15.52294,15.52636,0.00,0.00
2012.05.24 17:50:05.049,15.52274,15.52623,0.00,0.00
2012.05.24 17:50:05.116,15.52353,15.52687,0.00,0.00
2012.05.24 17:50:05.208,15.52384,15.52747,0.00,0.00
2012.05.24 17:50:05.489,15.5243,15.52735,0.00,0.00
2012.05.24 17:50:05.821,15.52486,15.52835,0.00,0.00
2012.05.24 17:50:06.003,15.52486,15.52889,0.00,0.00
2012.05.24 17:50:06.064,15.52483,15.52793,0.00,0.00
2012.05.24 17:50:06.575,15.52433,15.52775,0.00,0.00
2012.05.24 17:50:06.904,15.52449,15.52791,0.00,0.00
2012.05.24 17:50:07.506,15.52611,15.52974,0.00,0.00
2012.05.24 17:50:07.949,15.52636,15.52999,0.00,0.00
2012.05.24 17:50:08.582,15.52638,15.53001,0.00,0.00
2012.05.24 17:50:08.644,15.52592,15.52985,0.00,0.00
2012.05.24 17:50:08.718,15.52415,15.52764,0.00,0.00
2012.05.24 17:50:08.997,15.52453,15.52764,0.00,0.00
2012.05.24 17:50:09.272,15.52453,15.5283,0.00,0.00
2012.05.24 17:50:09.332,15.52523,15.5283,0.00,0.00
2012.05.24 17:50:09.593,15.52523,15.52909,0.00,0.00
2012.05.24 17:50:09.835,15.52483,15.52804,0.00,0.00
2012.05.24 17:50:10.166,15.52453,15.52787,0.00,0.00
2012.05.24 17:50:10.366,15.52408,15.52771,0.00,0.00
2012.05.24 17:50:10.918,15.52476,15.5288,0.00,0.00
2012.05.24 17:50:11.413,15.52337,15.52679,0.00,0.00
2012.05.24 17:50:11.725,15.52383,15.52683,0.00,0.00
2012.05.24 17:50:11.792,15.52383,15.52728,0.00,0.00
2012.05.24 17:50:11.854,15.52348,15.52711,0.00,0.00
2012.05.24 17:50:12.074,15.52363,15.5274,0.00,0.00
2012.05.24 17:50:12.194,15.52526,15.52889,0.00,0.00
2012.05.24 17:50:12.568,15.52452,15.52785,0.00,0.00
2012.05.24 17:50:12.979,15.52452,15.52772,0.00,0.00
2012.05.24 17:50:13.354,15.52483,15.52784,0.00,0.00
2012.05.24 17:50:13.693,15.52457,15.52806,0.00,0.00
2012.05.24 17:50:14.234,15.52462,15.52762,0.00,0.00
2012.05.24 17:50:14.454,15.52483,15.52798,0.00,0.00
2012.05.24 17:50:14.583,15.5245,15.52792,0.00,0.00
2012.05.24 17:50:14.845,15.52598,15.52961,0.00,0.00
2012.05.24 17:50:14.975,15.52434,15.52783,0.00,0.00
2012.05.24 17:50:15.284,15.52622,15.52985,0.00,0.00
2012.05.24 17:50:15.405,15.5264,15.53003,0.00,0.00
2012.05.24 17:50:15.592,15.5266,15.52985,0.00,0.00
2012.05.24 17:50:16.053,15.52652,15.53005,0.00,0.00
2012.05.24 17:50:16.255,15.52527,15.52868,0.00,0.00
2012.05.24 17:50:16.324,15.52527,15.52868,0.00,0.00
2012.05.24 17:50:16.396,15.52642,15.53005,0.00,0.00
2012.05.24 17:50:16.466,15.52518,15.52867,0.00,0.00
2012.05.24 17:50:16.561,15.5265,15.53013,0.00,0.00
2012.05.24 17:50:16.622,15.5265,15.53035,0.00,0.00
2012.05.24 17:50:17.260,15.52752,15.53053,0.00,0.00
2012.05.24 17:50:17.857,15.52652,15.52988,0.00,0.00
2012.05.24 17:50:17.935,15.52568,15.52931,0.00,0.00
2012.05.24 17:50:18.154,15.526,15.52949,0.00,0.00
2012.05.24 17:50:18.223,15.52652,15.53035,0.00,0.00
2012.05.24 17:50:19.125,15.52652,15.53035,0.00,0.00
2012.05.24 17:50:19.254,15.52549,15.52898,0.00,0.00
2012.05.24 17:50:19.466,15.52591,15.5294,0.00,0.00
2012.05.24 17:50:19.689,15.52235,15.52584,0.00,0.00
2012.05.24 17:50:19.755,15.52235,15.52584,0.00,0.00
2012.05.24 17:50:19.835,15.52283,15.52584,0.00,0.00
2012.05.24 17:50:19.902,15.52275,15.52624,0.00,0.00
2012.05.24 17:50:20.024,15.52582,15.52945,0.00,0.00
2012.05.24 17:50:20.092,15.52582,15.52958,0.00,0.00
2012.05.24 17:50:20.258,15.52557,15.52958,0.00,0.00
2012.05.24 17:50:21.004,15.52552,15.52865,0.00,0.00
2012.05.24 17:50:21.306,15.52392,15.52741,0.00,0.00
2012.05.24 17:50:21.886,15.52363,15.52705,0.00,0.00
2012.05.24 17:50:21.953,15.52353,15.52705,0.00,0.00
2012.05.24 17:50:22.014,15.52352,15.52659,0.00,0.00
2012.05.24 17:50:22.215,15.52399,15.5281,0.00,0.00
2012.05.24 17:50:22.284,15.52301,15.52664,0.00,0.00
2012.05.24 17:50:22.667,15.52452,15.52753,0.00,0.00
2012.05.24 17:50:23.011,15.52452,15.52752,0.00,0.00
2012.05.24 17:50:23.118,15.52333,15.52639,0.00,0.00
2012.05.24 17:50:23.287,15.52277,15.52626,0.00,0.00
2012.05.24 17:50:23.354,15.52352,15.52762,0.00,0.00
2012.05.24 17:50:23.873,15.52352,15.52741,0.00,0.00
2012.05.24 17:50:24.226,15.52101,15.52442,0.00,0.00
2012.05.24 17:50:24.295,15.52039,15.52437,0.00,0.00
2012.05.24 17:50:24.543,15.52002,15.52413,0.00,0.00
2012.05.24 17:50:24.603,15.52051,15.52455,0.00,0.00
2012.05.24 17:50:25.024,15.51933,15.52274,0.00,0.00
2012.05.24 17:50:25.402,15.51983,15.52284,0.00,0.00
2012.05.24 17:50:25.467,15.51982,15.52297,0.00,0.00
2012.05.24 17:50:25.557,15.52033,15.52333,0.00,0.00
2012.05.24 17:50:25.625,15.52033,15.52349,0.00,0.00
2012.05.24 17:50:26.220,15.52028,15.52377,0.00,0.00
2012.05.24 17:50:26.331,15.51982,15.52377,0.00,0.00
2012.05.24 17:50:26.454,15.52059,15.52435,0.00,0.00
2012.05.24 17:50:26.990,15.52071,15.52434,0.00,0.00
2012.05.24 17:50:27.112,15.51946,15.52295,0.00,0.00
2012.05.24 17:50:27.761,15.52003,15.52303,0.00,0.00
2012.05.24 17:50:28.089,15.5214,15.52503,0.00,0.00
2012.05.24 17:50:28.405,15.51928,15.52291,0.00,0.00
2012.05.24 17:50:28.534,15.52085,15.52448,0.00,0.00
2012.05.24 17:50:28.907,15.52118,15.52481,0.00,0.00
2012.05.24 17:50:29.388,15.52005,15.52346,0.00,0.00
2012.05.24 17:50:29.453,15.52033,15.52346,0.00,0.00
2012.05.24 17:50:29.643,15.52073,15.52437,0.00,0.00
2012.05.24 17:50:29.773,15.51947,15.52358,0.00,0.00
2012.05.24 17:50:29.962,15.51993,15.52396,0.00,0.00
2012.05.24 17:50:30.165,15.51975,15.52386,0.00,0.00
2012.05.24 17:50:30.604,15.51963,15.52367,0.00,0.00
2012.05.24 17:50:31.159,15.51979,15.52343,0.00,0.00
2012.05.24 17:50:31.348,15.52112,15.52475,0.00,0.00
2012.05.24 17:50:31.545,15.51962,15.52311,0.00,0.00
2012.05.24 17:50:31.615,15.51983,15.52311,0.00,0.00
2012.05.24 17:50:31.891,15.5198,15.52321,0.00,0.00
2012.05.24 17:50:32.042,15.51963,15.52321,0.00,0.00
2012.05.24 17:50:32.196,15.51956,15.52305,0.00,0.00
2012.05.24 17:50:32.366,15.51952,15.52305,0.00,0.00
2012.05.24 17:50:32.434,15.52041,15.52445,0.00,0.00
2012.05.24 17:50:32.905,15.52007,15.5241,0.00,0.00
2012.05.24 17:50:33.251,15.52007,15.52335,0.00,0.00
2012.05.24 17:50:33.723,15.51984,15.52347,0.00,0.00
2012.05.24 17:50:33.887,15.52001,15.52364,0.00,0.00
2012.05.24 17:50:34.207,15.51988,15.52351,0.00,0.00
2012.05.24 17:50:34.473,15.5205,15.52413,0.00,0.00
2012.05.24 17:50:34.804,15.51983,15.52335,0.00,0.00
2012.05.24 17:50:34.950,15.52052,15.52352,0.00,0.00
2012.05.24 17:50:35.094,15.52005,15.52335,0.00,0.00
2012.05.24 17:50:35.223,15.52119,15.52482,0.00,0.00
2012.05.24 17:50:35.589,15.52118,15.52485,0.00,0.00
2012.05.24 17:50:35.733,15.52052,15.52353,0.00,0.00
2012.05.24 17:50:35.854,15.52104,15.52485,0.00,0.00
2012.05.24 17:50:35.914,15.51936,15.52285,0.00,0.00
2012.05.24 17:50:35.975,15.51936,15.52285,0.00,0.00
2012.05.24 17:50:36.405,15.52075,15.52478,0.00,0.00
2012.05.24 17:50:37.039,15.51904,15.52246,0.00,0.00
2012.05.24 17:50:37.163,15.51933,15.52246,0.00,0.00
2012.05.24 17:50:37.355,15.51933,15.52289,0.00,0.00
2012.05.24 17:50:37.423,15.51973,15.52289,0.00,0.00
2012.05.24 17:50:37.604,15.52075,15.52485,0.00,0.00
2012.05.24 17:50:38.252,15.52003,15.5232,0.00,0.00
2012.05.24 17:50:38.567,15.52003,15.52359,0.00,0.00
2012.05.24 17:50:38.693,15.52053,15.52359,0.00,0.00
2012.05.24 17:50:39.106,15.51947,15.5231,0.00,0.00
2012.05.24 17:50:39.172,15.52023,15.52324,0.00,0.00
2012.05.24 17:50:39.236,15.52223,15.52523,0.00,0.00
2012.05.24 17:50:39.303,15.52223,15.52548,0.00,0.00
2012.05.24 17:50:39.363,15.52093,15.52393,0.00,0.00
2012.05.24 17:50:39.487,15.52193,15.52493,0.00,0.00
2012.05.24 17:50:39.555,15.52142,15.52443,0.00,0.00
2012.05.24 17:50:39.707,15.5212,15.52461,0.00,0.00
2012.05.24 17:50:40.291,15.52168,15.5251,0.00,0.00
2012.05.24 17:50:40.354,15.52143,15.5251,0.00,0.00
2012.05.24 17:50:40.483,15.52143,15.52534,0.00,0.00
2012.05.24 17:50:40.543,15.52221,15.52625,0.00,0.00
2012.05.24 17:50:40.602,15.52333,15.52633,0.00,0.00
2012.05.24 17:50:41.178,15.52276,15.52625,0.00,0.00
2012.05.24 17:50:41.654,15.52433,15.52734,0.00,0.00
2012.05.24 17:50:41.714,15.52397,15.52746,0.00,0.00
2012.05.24 17:50:42.014,15.52452,15.52752,0.00,0.00
2012.05.24 17:50:42.531,15.52403,15.52725,0.00,0.00
2012.05.24 17:50:43.141,15.52282,15.52606,0.00,0.00
2012.05.24 17:50:43.741,15.52383,15.52684,0.00,0.00
2012.05.24 17:50:43.836,15.52317,15.52658,0.00,0.00
2012.05.24 17:50:43.903,15.52383,15.52728,0.00,0.00
2012.05.24 17:50:43.963,15.52463,15.52764,0.00,0.00
2012.05.24 17:50:44.023,15.52395,15.52744,0.00,0.00
2012.05.24 17:50:44.083,15.52363,15.52744,0.00,0.00
2012.05.24 17:50:44.213,15.52287,15.52636,0.00,0.00
2012.05.24 17:50:44.453,15.52323,15.52664,0.00,0.00
2012.05.24 17:50:44.646,15.52452,15.52753,0.00,0.00
2012.05.24 17:50:44.838,15.52355,15.52704,0.00,0.00
2012.05.24 17:50:44.905,15.52452,15.52753,0.00,0.00
2012.05.24 17:50:45.447,15.52283,15.52632,0.00,0.00
2012.05.24 17:50:45.517,15.52353,15.52654,0.00,0.00
2012.05.24 17:50:46.004,15.52336,15.52677,0.00,0.00
2012.05.24 17:50:46.064,15.52373,15.52677,0.00,0.00
2012.05.24 17:50:46.367,15.52352,15.52667,0.00,0.00
2012.05.24 17:50:46.433,15.52353,15.52667,0.00,0.00
2012.05.24 17:50:46.497,15.52428,15.52839,0.00,0.00
2012.05.24 17:50:47.173,15.52363,15.52663,0.00,0.00
2012.05.24 17:50:47.234,15.5233,15.52671,0.00,0.00
2012.05.24 17:50:47.638,15.52339,15.52688,0.00,0.00
2012.05.24 17:50:47.705,15.52393,15.52694,0.00,0.00
2012.05.24 17:50:47.835,15.52353,15.52688,0.00,0.00
2012.05.24 17:50:47.906,15.52436,15.52835,0.00,0.00
2012.05.24 17:50:49.025,15.523,15.52649,0.00,0.00
2012.05.24 17:50:49.217,15.52318,15.5266,0.00,0.00
2012.05.24 17:50:49.284,15.52343,15.52692,0.00,0.00
2012.05.24 17:50:49.437,15.5231,15.52652,0.00,0.00
2012.05.24 17:50:50.494,15.52329,15.5267,0.00,0.00
2012.05.24 17:50:50.886,15.52313,15.52662,0.00,0.00
2012.05.24 17:50:51.250,15.5229,15.52639,0.00,0.00
2012.05.24 17:50:51.579,15.52414,15.52825,0.00,0.00
2012.05.24 17:50:52.026,15.52398,15.52809,0.00,0.00
2012.05.24 17:50:52.395,15.52301,15.52643,0.00,0.00
2012.05.24 17:50:53.034,15.5238,15.52785,0.00,0.00
2012.05.24 17:50:53.605,15.52236,15.52577,0.00,0.00
2012.05.24 17:50:53.674,15.52362,15.52735,0.00,0.00
2012.05.24 17:50:54.184,15.52346,15.52735,0.00,0.00
2012.05.24 17:50:54.599,15.52346,15.52685,0.00,0.00
2012.05.24 17:50:54.663,15.52273,15.52667,0.00,0.00
2012.05.24 17:50:54.793,15.52383,15.52746,0.00,0.00
2012.05.24 17:50:54.853,15.52366,15.52729,0.00,0.00
2012.05.24 17:50:55.587,15.52366,15.52735,0.00,0.00
2012.05.24 17:50:57.214,15.5229,15.52631,0.00,0.00
2012.05.24 17:50:57.583,15.52306,15.52647,0.00,0.00
2012.05.24 17:50:57.731,15.52352,15.52653,0.00,0.00
2012.05.24 17:50:58.034,15.52321,15.5267,0.00,0.00
2012.05.24 17:50:58.155,15.52441,15.52835,0.00,0.00
2012.05.24 17:50:58.225,15.52355,15.52704,0.00,0.00
2012.05.24 17:50:58.485,15.52374,15.52715,0.00,0.00
2012.05.24 17:50:58.704,15.52434,15.52835,0.00,0.00
2012.05.24 17:50:58.937,15.52403,15.52806,0.00,0.00
2012.05.24 17:50:59.492,15.5233,15.52679,0.00,0.00
2012.05.24 17:50:59.751,15.52393,15.5279,0.00,0.00
2012.05.24 17:50:59.927,15.52332,15.52673,0.00,0.00
2012.05.24 17:50:59.992,15.52393,15.52773,0.00,0.00
2012.05.24 17:51:00.245,15.52393,15.52784,0.00,0.00
2012.05.24 17:51:00.424,15.52393,15.52783,0.00,0.00
2012.05.24 17:51:00.851,15.52345,15.52694,0.00,0.00
2012.05.24 17:51:00.965,15.52461,15.52835,0.00,0.00
2012.05.24 17:51:01.442,15.52363,15.52761,0.00,0.00
2012.05.24 17:51:01.563,15.52343,15.52743,0.00,0.00
2012.05.24 17:51:01.836,15.52303,15.52652,0.00,0.00
2012.05.24 17:51:02.424,15.52305,15.52654,0.00,0.00
2012.05.24 17:51:02.484,15.52462,15.52835,0.00,0.00
2012.05.24 17:51:02.974,15.52452,15.52835,0.00,0.00
2012.05.24 17:51:04.203,15.52344,15.52693,0.00,0.00
2012.05.24 17:51:04.792,15.52383,15.52693,0.00,0.00
2012.05.24 17:51:04.857,15.52329,15.5267,0.00,0.00
2012.05.24 17:51:05.204,15.52395,15.52744,0.00,0.00
2012.05.24 17:51:05.375,15.52417,15.52758,0.00,0.00
2012.05.24 17:51:05.449,15.52382,15.52727,0.00,0.00
2012.05.24 17:51:05.540,15.52382,15.52731,0.00,0.00
2012.05.24 17:51:05.712,15.52452,15.52753,0.00,0.00
2012.05.24 17:51:06.094,15.52446,15.52747,0.00,0.00
2012.05.24 17:51:08.123,15.52423,15.52747,0.00,0.00
2012.05.24 17:51:08.515,15.52452,15.5278,0.00,0.00
2012.05.24 17:51:08.925,15.52552,15.52852,0.00,0.00
2012.05.24 17:51:09.333,15.52284,15.52695,0.00,0.00
2012.05.24 17:51:09.399,15.52296,15.52597,0.00,0.00
2012.05.24 17:51:10.283,15.52279,15.52667,0.00,0.00
2012.05.24 17:51:10.422,15.52527,15.5289,0.00,0.00
2012.05.24 17:51:10.488,15.52507,15.52807,0.00,0.00
2012.05.24 17:51:10.615,15.5236,15.52764,0.00,0.00
2012.05.24 17:51:10.929,15.52333,15.52744,0.00,0.00
2012.05.24 17:51:11.114,15.52452,15.52752,0.00,0.00
2012.05.24 17:51:11.576,15.52379,15.52728,0.00,0.00
2012.05.24 17:51:12.456,15.52462,15.52826,0.00,0.00
2012.05.24 17:51:12.564,15.52462,15.52787,0.00,0.00
2012.05.24 17:51:12.877,15.52298,15.52647,0.00,0.00
2012.05.24 17:51:12.942,15.52236,15.52647,0.00,0.00
2012.05.24 17:51:14.050,15.52449,15.52812,0.00,0.00
2012.05.24 17:51:14.122,15.52432,15.52795,0.00,0.00
2012.05.24 17:51:16.140,15.52466,15.52829,0.00,0.00
2012.05.24 17:51:16.204,15.52446,15.52747,0.00,0.00
2012.05.24 17:51:16.308,15.52466,15.52767,0.00,0.00
2012.05.24 17:51:16.373,15.52475,15.52838,0.00,0.00
2012.05.24 17:51:17.237,15.52352,15.52709,0.00,0.00
2012.05.24 17:51:17.305,15.52452,15.52753,0.00,0.00
2012.05.24 17:51:17.373,15.52376,15.52725,0.00,0.00
2012.05.24 17:51:18.264,15.52414,15.52755,0.00,0.00
2012.05.24 17:51:18.830,15.52591,15.52954,0.00,0.00
2012.05.24 17:51:18.963,15.52587,15.52887,0.00,0.00
2012.05.24 17:51:19.399,15.52587,15.52887,0.00,0.00
2012.05.24 17:51:19.502,15.52591,15.52935,0.00,0.00
2012.05.24 17:51:19.693,15.52452,15.52828,0.00,0.00
2012.05.24 17:51:19.874,15.52481,15.52892,0.00,0.00
2012.05.24 17:51:20.348,15.52498,15.52909,0.00,0.00
2012.05.24 17:51:20.676,15.5264,15.53003,0.00,0.00
2012.05.24 17:51:21.143,15.52721,15.53063,0.00,0.00
2012.05.24 17:51:21.385,15.52739,15.53088,0.00,0.00
2012.05.24 17:51:21.595,15.52852,15.53152,0.00,0.00
2012.05.24 17:51:21.996,15.52708,15.5305,0.00,0.00
2012.05.24 17:51:22.064,15.52626,15.53037,0.00,0.00
2012.05.24 17:51:22.282,15.52814,15.53177,0.00,0.00
2012.05.24 17:51:22.724,15.52811,15.53175,0.00,0.00
2012.05.24 17:51:23.174,15.52768,15.53137,0.00,0.00
2012.05.24 17:51:23.558,15.52799,15.53162,0.00,0.00
2012.05.24 17:51:24.054,15.52789,15.53153,0.00,0.00
2012.05.24 17:51:29.197,15.52802,15.53165,0.00,0.00
2012.05.24 17:51:29.535,15.52669,15.53018,0.00,0.00
2012.05.24 17:51:29.684,15.52781,15.53177,0.00,0.00
2012.05.24 17:51:30.294,15.52654,15.53003,0.00,0.00
2012.05.24 17:51:30.788,15.52603,15.53003,0.00,0.00
2012.05.24 17:51:32.002,15.52752,15.53053,0.00,0.00
2012.05.24 17:51:34.094,15.52688,15.53029,0.00,0.00
2012.05.24 17:51:34.205,15.52801,15.53165,0.00,0.00
2012.05.24 17:51:34.274,15.52801,15.53177,0.00,0.00
2012.05.24 17:51:34.635,15.52685,15.53026,0.00,0.00
2012.05.24 17:51:35.243,15.52811,15.53177,0.00,0.00
2012.05.24 17:51:37.228,15.52797,15.53167,0.00,0.00
2012.05.24 17:51:37.294,15.5278,15.53167,0.00,0.00
2012.05.24 17:51:38.361,15.52652,15.53027,0.00,0.00
2012.05.24 17:51:38.695,15.52789,15.53167,0.00,0.00
2012.05.24 17:51:39.153,15.52689,15.53031,0.00,0.00
2012.05.24 17:51:39.297,15.52708,15.53057,0.00,0.00
2012.05.24 17:51:41.605,15.52726,15.53068,0.00,0.00
2012.05.24 17:51:42.730,15.52709,15.53058,0.00,0.00
2012.05.24 17:51:43.138,15.52752,15.53101,0.00,0.00
2012.05.24 17:51:43.339,15.52744,15.53086,0.00,0.00
2012.05.24 17:51:44.119,15.52752,15.53162,0.00,0.00
2012.05.24 17:51:44.590,15.52774,15.53177,0.00,0.00
2012.05.24 17:51:45.174,15.52852,15.53177,0.00,0.00
2012.05.24 17:51:47.232,15.52973,15.53273,0.00,0.00
2012.05.24 17:51:47.294,15.53025,15.53388,0.00,0.00
2012.05.24 17:51:47.362,15.53025,15.53389,0.00,0.00
2012.05.24 17:51:47.484,15.53133,15.53434,0.00,0.00
2012.05.24 17:51:48.445,15.53152,15.53452,0.00,0.00
2012.05.24 17:51:49.648,15.53059,15.53408,0.00,0.00
2012.05.24 17:51:49.776,15.53087,15.53428,0.00,0.00
2012.05.24 17:51:50.323,15.52936,15.53285,0.00,0.00
2012.05.24 17:51:50.756,15.53003,15.53304,0.00,0.00
2012.05.24 17:51:50.825,15.52904,15.53253,0.00,0.00
2012.05.24 17:51:51.014,15.52943,15.53253,0.00,0.00
2012.05.24 17:51:51.074,15.53017,15.53485,0.00,0.00
2012.05.24 17:51:51.405,15.52873,15.53214,0.00,0.00
2012.05.24 17:51:51.500,15.52889,15.53238,0.00,0.00
2012.05.24 17:51:51.744,15.52952,15.53252,0.00,0.00
2012.05.24 17:51:51.864,15.52923,15.53238,0.00,0.00
2012.05.24 17:51:51.925,15.52873,15.53197,0.00,0.00
2012.05.24 17:51:52.014,15.52799,15.53148,0.00,0.00
2012.05.24 17:51:52.433,15.52774,15.53123,0.00,0.00
2012.05.24 17:51:52.497,15.52853,15.53153,0.00,0.00
2012.05.24 17:51:53.300,15.52725,15.53074,0.00,0.00
2012.05.24 17:51:53.366,15.52813,15.53114,0.00,0.00
2012.05.24 17:51:53.447,15.52853,15.53154,0.00,0.00
2012.05.24 17:51:53.516,15.52772,15.53114,0.00,0.00
2012.05.24 17:51:53.736,15.52789,15.53131,0.00,0.00
2012.05.24 17:51:53.899,15.52757,15.5312,0.00,0.00
2012.05.24 17:51:54.567,15.52883,15.53184,0.00,0.00
2012.05.24 17:51:54.640,15.53033,15.53333,0.00,0.00
2012.05.24 17:51:55.023,15.52908,15.53249,0.00,0.00
2012.05.24 17:51:55.088,15.53003,15.53303,0.00,0.00
2012.05.24 17:51:55.197,15.52983,15.53283,0.00,0.00
2012.05.24 17:51:56.748,15.53093,15.53393,0.00,0.00
2012.05.24 17:51:56.817,15.52936,15.53278,0.00,0.00
2012.05.24 17:51:56.955,15.53033,15.53334,0.00,0.00
2012.05.24 17:51:57.039,15.53052,15.53352,0.00,0.00
2012.05.24 17:51:57.188,15.52945,15.53294,0.00,0.00
2012.05.24 17:51:57.405,15.52974,15.53323,0.00,0.00
2012.05.24 17:51:57.845,15.52958,15.53307,0.00,0.00
2012.05.24 17:51:58.774,15.52926,15.53275,0.00,0.00
2012.05.24 17:51:58.836,15.52879,15.53228,0.00,0.00
2012.05.24 17:51:58.987,15.52897,15.53238,0.00,0.00
2012.05.24 17:51:59.536,15.52881,15.5323,0.00,0.00
2012.05.24 17:51:59.938,15.52862,15.53211,0.00,0.00
2012.05.24 17:52:01.139,15.52903,15.53211,0.00,0.00
2012.05.24 17:52:02.244,15.52878,15.53219,0.00,0.00
2012.05.24 17:52:02.363,15.52861,15.5321,0.00,0.00
2012.05.24 17:52:02.743,15.52992,15.53395,0.00,0.00
2012.05.24 17:52:02.805,15.52861,15.5321,0.00,0.00
2012.05.24 17:52:02.954,15.53,15.53404,0.00,0.00
2012.05.24 17:52:03.014,15.52879,15.53228,0.00,0.00
2012.05.24 17:52:03.166,15.52897,15.53238,0.00,0.00
2012.05.24 17:52:03.233,15.52963,15.53264,0.00,0.00
2012.05.24 17:52:03.385,15.52953,15.53256,0.00,0.00
2012.05.24 17:52:04.879,15.52983,15.53343,0.00,0.00
2012.05.24 17:52:04.966,15.52972,15.53272,0.00,0.00
2012.05.24 17:52:05.869,15.53023,15.53359,0.00,0.00
2012.05.24 17:52:05.933,15.53003,15.53303,0.00,0.00
2012.05.24 17:52:06.165,15.52981,15.53281,0.00,0.00
2012.05.24 17:52:07.793,15.53003,15.53368,0.00,0.00
2012.05.24 17:52:08.579,15.52968,15.53268,0.00,0.00
2012.05.24 17:52:09.346,15.52958,15.53258,0.00,0.00
2012.05.24 17:52:09.475,15.52983,15.53345,0.00,0.00
2012.05.24 17:52:11.589,15.52953,15.53258,0.00,0.00
2012.05.24 17:52:11.654,15.52941,15.53241,0.00,0.00
2012.05.24 17:52:13.897,15.52983,15.53328,0.00,0.00
2012.05.24 17:52:16.152,15.52957,15.53257,0.00,0.00
2012.05.24 17:52:16.328,15.53137,15.535,0.00,0.00
2012.05.24 17:52:16.645,15.53332,15.53743,0.00,0.00
2012.05.24 17:52:16.706,15.53249,15.53549,0.00,0.00
2012.05.24 17:52:16.870,15.53313,15.53613,0.00,0.00
2012.05.24 17:52:17.466,15.53313,15.53654,0.00,0.00
2012.05.24 17:52:17.736,15.53276,15.53576,0.00,0.00
2012.05.24 17:52:18.012,15.53333,15.53663,0.00,0.00
2012.05.24 17:52:18.563,15.53265,15.53565,0.00,0.00
2012.05.24 17:52:18.627,15.53303,15.53652,0.00,0.00
2012.05.24 17:52:20.388,15.53283,15.53652,0.00,0.00
2012.05.24 17:52:20.537,15.53273,15.53578,0.00,0.00
2012.05.24 17:52:20.610,15.53363,15.53665,0.00,0.00
2012.05.24 17:52:20.673,15.5335,15.5365,0.00,0.00
2012.05.24 17:52:20.793,15.53363,15.5369,0.00,0.00
2012.05.24 17:52:20.853,15.53403,15.53735,0.00,0.00
2012.05.24 17:52:21.174,15.53339,15.53639,0.00,0.00
2012.05.24 17:52:21.296,15.53355,15.53655,0.00,0.00
2012.05.24 17:52:21.625,15.53413,15.53742,0.00,0.00
2012.05.24 17:52:21.790,15.53403,15.5371,0.00,0.00
2012.05.24 17:52:22.345,15.53452,15.53797,0.00,0.00
2012.05.24 17:52:22.662,15.53413,15.53731,0.00,0.00
2012.05.24 17:52:23.372,15.53382,15.53731,0.00,0.00
2012.05.24 17:52:23.921,15.53368,15.5371,0.00,0.00
2012.05.24 17:52:24.530,15.5338,15.53729,0.00,0.00
2012.05.24 17:52:25.568,15.5336,15.53709,0.00,0.00
2012.05.24 17:52:26.774,15.5336,15.53709,0.00,0.00
2012.05.24 17:52:26.832,15.53383,15.53709,0.00,0.00
2012.05.24 17:52:26.955,15.53299,15.53662,0.00,0.00
2012.05.24 17:52:27.373,15.5334,15.53689,0.00,0.00
2012.05.24 17:52:27.433,15.5336,15.53709,0.00,0.00
2012.05.24 17:52:27.492,15.53403,15.53709,0.00,0.00
2012.05.24 17:52:28.526,15.53452,15.53753,0.00,0.00
2012.05.24 17:52:31.949,15.53473,15.53773,0.00,0.00
2012.05.24 17:52:32.353,15.53428,15.53769,0.00,0.00
2012.05.24 17:52:32.515,15.53408,15.53749,0.00,0.00
2012.05.24 17:52:34.368,15.53453,15.53753,0.00,0.00
2012.05.24 17:52:40.638,15.53473,15.53773,0.00,0.00
2012.05.24 17:52:43.278,15.53453,15.53753,0.00,0.00
2012.05.24 17:52:44.757,15.53368,15.53709,0.00,0.00
2012.05.24 17:52:44.822,15.53383,15.53709,0.00,0.00
2012.05.24 17:52:44.907,15.53383,15.53709,0.00,0.00
2012.05.24 17:52:44.974,15.53375,15.53786,0.00,0.00
2012.05.24 17:52:45.033,15.53428,15.53839,0.00,0.00
2012.05.24 17:52:45.893,15.53352,15.53666,0.00,0.00
2012.05.24 17:52:46.358,15.53383,15.53684,0.00,0.00
2012.05.24 17:52:46.423,15.53325,15.53667,0.00,0.00
2012.05.24 17:52:48.140,15.53334,15.53683,0.00,0.00
2012.05.24 17:52:48.402,15.53309,15.53658,0.00,0.00
2012.05.24 17:52:50.534,15.53414,15.53825,0.00,0.00
2012.05.24 17:52:51.012,15.53371,15.53782,0.00,0.00
2012.05.24 17:52:51.317,15.53369,15.53735,0.00,0.00
2012.05.24 17:52:51.888,15.53308,15.53657,0.00,0.00
2012.05.24 17:52:52.109,15.5337,15.53735,0.00,0.00
2012.05.24 17:52:53.247,15.53388,15.53751,0.00,0.00
2012.05.24 17:52:53.574,15.53246,15.53595,0.00,0.00
2012.05.24 17:52:54.213,15.5323,15.53579,0.00,0.00
2012.05.24 17:52:55.503,15.53293,15.53593,0.00,0.00
2012.05.24 17:52:56.504,15.53293,15.53679,0.00,0.00
2012.05.24 17:52:56.567,15.53275,15.53624,0.00,0.00
2012.05.24 17:52:57.006,15.53297,15.53646,0.00,0.00
2012.05.24 17:52:58.177,15.53285,15.53627,0.00,0.00
2012.05.24 17:52:58.433,15.53398,15.53785,0.00,0.00
2012.05.24 17:52:58.566,15.53398,15.53735,0.00,0.00
2012.05.24 17:52:59.068,15.53237,15.53586,0.00,0.00
2012.05.24 17:52:59.395,15.53252,15.53581,0.00,0.00
2012.05.24 17:53:00.649,15.53303,15.53666,0.00,0.00
2012.05.24 17:53:00.806,15.53235,15.53576,0.00,0.00
2012.05.24 17:53:01.691,15.53278,15.53641,0.00,0.00
2012.05.24 17:53:02.024,15.53362,15.53735,0.00,0.00
2012.05.24 17:53:04.004,15.53303,15.53685,0.00,0.00
2012.05.24 17:53:04.338,15.53303,15.53682,0.00,0.00
2012.05.24 17:53:04.475,15.53303,15.53682,0.00,0.00
2012.05.24 17:53:04.695,15.53303,15.53706,0.00,0.00
2012.05.24 17:53:05.299,15.53303,15.53684,0.00,0.00
2012.05.24 17:53:05.409,15.53303,15.53681,0.00,0.00
2012.05.24 17:53:06.170,15.53364,15.53735,0.00,0.00
2012.05.24 17:53:06.616,15.53303,15.53671,0.00,0.00
2012.05.24 17:53:07.278,15.53449,15.53813,0.00,0.00
2012.05.24 17:53:07.351,15.5344,15.53803,0.00,0.00
2012.05.24 17:53:07.564,15.53377,15.53741,0.00,0.00
2012.05.24 17:53:08.005,15.53247,15.53588,0.00,0.00
2012.05.24 17:53:08.165,15.53293,15.53691,0.00,0.00
2012.05.24 17:53:08.324,15.53372,15.53735,0.00,0.00
2012.05.24 17:53:08.664,15.53273,15.53581,0.00,0.00
2012.05.24 17:53:09.008,15.53252,15.53571,0.00,0.00
2012.05.24 17:53:09.218,15.53381,15.53744,0.00,0.00
2012.05.24 17:53:09.794,15.53381,15.53735,0.00,0.00
2012.05.24 17:53:09.868,15.53293,15.53685,0.00,0.00
2012.05.24 17:53:10.239,15.53372,15.53735,0.00,0.00
2012.05.24 17:53:11.057,15.53293,15.53666,0.00,0.00
2012.05.24 17:53:11.455,15.53365,15.53735,0.00,0.00
2012.05.24 17:53:12.015,15.53335,15.53635,0.00,0.00
2012.05.24 17:53:12.235,15.53173,15.53481,0.00,0.00
2012.05.24 17:53:12.429,15.53149,15.5349,0.00,0.00
2012.05.24 17:53:13.399,15.53128,15.5347,0.00,0.00
2012.05.24 17:53:13.465,15.53152,15.5347,0.00,0.00
2012.05.24 17:53:14.348,15.53091,15.53454,0.00,0.00
2012.05.24 17:53:15.613,15.53116,15.53457,0.00,0.00
2012.05.24 17:53:16.273,15.53135,15.53484,0.00,0.00
2012.05.24 17:53:16.333,15.53152,15.53503,0.00,0.00
2012.05.24 17:53:16.452,15.53213,15.53513,0.00,0.00
2012.05.24 17:53:16.512,15.53201,15.53543,0.00,0.00
2012.05.24 17:53:16.639,15.53253,15.53553,0.00,0.00
2012.05.24 17:53:16.705,15.53214,15.53563,0.00,0.00
2012.05.24 17:53:17.013,15.53231,15.53573,0.00,0.00
2012.05.24 17:53:17.586,15.53253,15.53649,0.00,0.00
2012.05.24 17:53:17.653,15.53313,15.53681,0.00,0.00
2012.05.24 17:53:17.957,15.53363,15.53701,0.00,0.00
2012.05.24 17:53:18.080,15.53363,15.53721,0.00,0.00
2012.05.24 17:53:19.384,15.53383,15.53721,0.00,0.00
2012.05.24 17:53:19.687,15.53555,15.53918,0.00,0.00
2012.05.24 17:53:20.063,15.53572,15.53936,0.00,0.00
2012.05.24 17:53:20.122,15.53572,15.53976,0.00,0.00
2012.05.24 17:53:20.463,15.53552,15.53962,0.00,0.00
2012.05.24 17:53:21.336,15.53398,15.53761,0.00,0.00
2012.05.24 17:53:21.403,15.53398,15.53761,0.00,0.00
2012.05.24 17:53:21.474,15.53433,15.53761,0.00,0.00
2012.05.24 17:53:21.644,15.53452,15.53761,0.00,0.00
2012.05.24 17:53:23.912,15.53326,15.53675,0.00,0.00
2012.05.24 17:53:24.096,15.53363,15.53664,0.00,0.00
2012.05.24 17:53:24.170,15.53363,15.53767,0.00,0.00
2012.05.24 17:53:24.235,15.53224,15.53573,0.00,0.00
2012.05.24 17:53:24.474,15.53273,15.53672,0.00,0.00
2012.05.24 17:53:24.534,15.53313,15.53716,0.00,0.00
2012.05.24 17:53:24.693,15.53413,15.53817,0.00,0.00
2012.05.24 17:53:25.027,15.53413,15.53735,0.00,0.00
2012.05.24 17:53:26.236,15.53257,15.53606,0.00,0.00
2012.05.24 17:53:26.705,15.53239,15.53588,0.00,0.00
2012.05.24 17:53:27.912,15.53244,15.53586,0.00,0.00
2012.05.24 17:53:28.049,15.53243,15.53586,0.00,0.00
2012.05.24 17:53:28.205,15.53166,15.53515,0.00,0.00
2012.05.24 17:53:28.273,15.53183,15.53515,0.00,0.00
2012.05.24 17:53:31.303,15.53183,15.53542,0.00,0.00
2012.05.24 17:53:31.363,15.53213,15.53542,0.00,0.00
2012.05.24 17:53:31.677,15.53183,15.53483,0.00,0.00
2012.05.24 17:53:31.803,15.53133,15.53467,0.00,0.00
2012.05.24 17:53:31.863,15.53133,15.53481,0.00,0.00
2012.05.24 17:53:32.176,15.53111,15.53452,0.00,0.00
2012.05.24 17:53:32.379,15.53083,15.53444,0.00,0.00
2012.05.24 17:53:32.528,15.53058,15.53407,0.00,0.00
2012.05.24 17:53:32.747,15.53083,15.53432,0.00,0.00
2012.05.24 17:53:33.138,15.53083,15.53462,0.00,0.00
2012.05.24 17:53:33.356,15.531,15.53511,0.00,0.00
2012.05.24 17:53:33.790,15.5335,15.53713,0.00,0.00
2012.05.24 17:53:34.047,15.5335,15.53713,0.00,0.00
2012.05.24 17:53:34.184,15.53453,15.53753,0.00,0.00
2012.05.24 17:53:34.254,15.53453,15.53761,0.00,0.00
2012.05.24 17:53:36.054,15.5344,15.53781,0.00,0.00
2012.05.24 17:53:36.118,15.53473,15.53781,0.00,0.00
2012.05.24 17:53:36.197,15.53435,15.53784,0.00,0.00
2012.05.24 17:53:36.472,15.53412,15.53761,0.00,0.00
2012.05.24 17:53:36.777,15.53289,15.53638,0.00,0.00
2012.05.24 17:53:36.843,15.53333,15.53638,0.00,0.00
2012.05.24 17:53:36.902,15.53303,15.53638,0.00,0.00
2012.05.24 17:53:37.162,15.53303,15.53646,0.00,0.00
2012.05.24 17:53:37.603,15.53268,15.53631,0.00,0.00
2012.05.24 17:53:37.768,15.53283,15.53631,0.00,0.00
2012.05.24 17:53:38.050,15.53255,15.53597,0.00,0.00
2012.05.24 17:53:38.114,15.53252,15.53597,0.00,0.00
2012.05.24 17:53:38.173,15.53359,15.5377,0.00,0.00
2012.05.24 17:53:39.045,15.53359,15.53685,0.00,0.00
2012.05.24 17:53:39.659,15.53387,15.5375,0.00,0.00
2012.05.24 17:53:39.974,15.53229,15.5357,0.00,0.00
2012.05.24 17:53:40.093,15.53193,15.5357,0.00,0.00
2012.05.24 17:53:40.154,15.53341,15.53745,0.00,0.00
2012.05.24 17:53:40.708,15.53323,15.53734,0.00,0.00
2012.05.24 17:53:46.142,15.53185,15.53526,0.00,0.00
2012.05.24 17:53:48.216,15.53213,15.53526,0.00,0.00
2012.05.24 17:53:48.413,15.53201,15.5355,0.00,0.00
2012.05.24 17:53:48.732,15.53342,15.53705,0.00,0.00
2012.05.24 17:53:49.056,15.532,15.53549,0.00,0.00
2012.05.24 17:53:49.536,15.53173,15.53549,0.00,0.00
2012.05.24 17:53:49.603,15.53173,15.53525,0.00,0.00
2012.05.24 17:53:50.623,15.53175,15.53579,0.00,0.00
2012.05.24 17:53:51.766,15.53173,15.53533,0.00,0.00
2012.05.24 17:53:51.895,15.53173,15.53525,0.00,0.00
2012.05.24 17:53:53.533,15.53333,15.53697,0.00,0.00
2012.05.24 17:53:53.965,15.53173,15.53529,0.00,0.00
2012.05.24 17:53:54.406,15.53153,15.53512,0.00,0.00
2012.05.24 17:53:55.624,15.53153,15.53523,0.00,0.00
2012.05.24 17:53:56.088,15.53183,15.53542,0.00,0.00
2012.05.24 17:53:56.198,15.53183,15.53531,0.00,0.00
2012.05.24 17:53:56.641,15.53173,15.53515,0.00,0.00
2012.05.24 17:53:56.704,15.53189,15.536,0.00,0.00
2012.05.24 17:53:56.885,15.53351,15.53715,0.00,0.00
2012.05.24 17:53:59.968,15.53233,15.53583,0.00,0.00
2012.05.24 17:54:00.033,15.53252,15.53583,0.00,0.00
2012.05.24 17:54:01.066,15.53253,15.53583,0.00,0.00
2012.05.24 17:54:01.133,15.53253,15.53634,0.00,0.00
2012.05.24 17:54:01.193,15.53253,15.53645,0.00,0.00
2012.05.24 17:54:01.506,15.53353,15.53706,0.00,0.00
2012.05.24 17:54:01.816,15.53345,15.53694,0.00,0.00
2012.05.24 17:54:03.006,15.5346,15.53835,0.00,0.00
2012.05.24 17:54:03.454,15.5346,15.53785,0.00,0.00
2012.05.24 17:54:03.774,15.53335,15.53684,0.00,0.00
2012.05.24 17:54:04.087,15.53373,15.53741,0.00,0.00
2012.05.24 17:54:04.346,15.53371,15.53713,0.00,0.00
2012.05.24 17:54:04.956,15.53353,15.53713,0.00,0.00
2012.05.24 17:54:05.026,15.53349,15.53698,0.00,0.00
2012.05.24 17:54:05.381,15.5334,15.53681,0.00,0.00
2012.05.24 17:54:05.680,15.53346,15.53688,0.00,0.00
2012.05.24 17:54:07.304,15.53353,15.53729,0.00,0.00
2012.05.24 17:54:09.296,15.53338,15.53687,0.00,0.00
2012.05.24 17:54:10.235,15.53352,15.53695,0.00,0.00
2012.05.24 17:54:11.213,15.53352,15.53722,0.00,0.00
2012.05.24 17:54:11.654,15.53352,15.53736,0.00,0.00
2012.05.24 17:54:12.092,15.53363,15.53721,0.00,0.00
2012.05.24 17:54:12.395,15.53507,15.5387,0.00,0.00
2012.05.24 17:54:12.462,15.53363,15.53752,0.00,0.00
2012.05.24 17:54:12.665,15.53452,15.53752,0.00,0.00
2012.05.24 17:54:13.593,15.5326,15.53609,0.00,0.00
2012.05.24 17:54:13.653,15.53263,15.53609,0.00,0.00
2012.05.24 17:54:13.872,15.53294,15.53705,0.00,0.00
2012.05.24 17:54:15.143,15.53319,15.5373,0.00,0.00
2012.05.24 17:54:15.595,15.535,15.53863,0.00,0.00
2012.05.24 17:54:15.669,15.53383,15.53752,0.00,0.00
2012.05.24 17:54:15.759,15.53452,15.53752,0.00,0.00
2012.05.24 17:54:16.473,15.53391,15.53732,0.00,0.00
2012.05.24 17:54:16.551,15.53507,15.53885,0.00,0.00
2012.05.24 17:54:16.826,15.53391,15.53732,0.00,0.00
2012.05.24 17:54:17.000,15.53507,15.53885,0.00,0.00
2012.05.24 17:54:17.212,15.53383,15.53732,0.00,0.00
2012.05.24 17:54:19.643,15.53411,15.53752,0.00,0.00
2012.05.24 17:54:20.023,15.53428,15.53777,0.00,0.00
2012.05.24 17:54:20.403,15.53418,15.53759,0.00,0.00
2012.05.24 17:54:21.116,15.53383,15.53738,0.00,0.00
2012.05.24 17:54:21.183,15.53353,15.53707,0.00,0.00
2012.05.24 17:54:21.562,15.5334,15.53681,0.00,0.00
2012.05.24 17:54:21.782,15.53323,15.53681,0.00,0.00
2012.05.24 17:54:21.843,15.53283,15.53641,0.00,0.00
2012.05.24 17:54:22.583,15.53303,15.53641,0.00,0.00
2012.05.24 17:54:22.644,15.53303,15.53654,0.00,0.00
2012.05.24 17:54:22.703,15.53303,15.53676,0.00,0.00
2012.05.24 17:54:22.916,15.53352,15.53676,0.00,0.00
2012.05.24 17:54:23.839,15.53303,15.53676,0.00,0.00
2012.05.24 17:54:24.153,15.53323,15.53672,0.00,0.00
2012.05.24 17:54:24.553,15.53352,15.53672,0.00,0.00
2012.05.24 17:54:25.932,15.53307,15.53656,0.00,0.00
2012.05.24 17:54:28.332,15.53391,15.53785,0.00,0.00
2012.05.24 17:54:29.055,15.53404,15.53785,0.00,0.00
2012.05.24 17:54:29.214,15.53466,15.5383,0.00,0.00
2012.05.24 17:54:29.600,15.5345,15.53813,0.00,0.00
2012.05.24 17:54:30.276,15.5345,15.53785,0.00,0.00
2012.05.24 17:54:30.365,15.53438,15.53801,0.00,0.00
2012.05.24 17:54:30.458,15.53419,15.53785,0.00,0.00
2012.05.24 17:54:31.264,15.53419,15.53735,0.00,0.00
2012.05.24 17:54:31.783,15.53403,15.53766,0.00,0.00
2012.05.24 17:54:32.325,15.53419,15.53782,0.00,0.00
2012.05.24 17:54:32.418,15.53402,15.53765,0.00,0.00
2012.05.24 17:54:32.542,15.53263,15.53615,0.00,0.00
2012.05.24 17:54:32.733,15.5338,15.53743,0.00,0.00
2012.05.24 17:54:32.794,15.53397,15.53761,0.00,0.00
2012.05.24 17:54:33.737,15.53359,15.53735,0.00,0.00
2012.05.24 17:54:33.963,15.53376,15.53739,0.00,0.00
2012.05.24 17:54:34.246,15.5336,15.53735,0.00,0.00
2012.05.24 17:54:34.344,15.5336,15.53685,0.00,0.00
2012.05.24 17:54:34.844,15.53391,15.53755,0.00,0.00
2012.05.24 17:54:34.963,15.53183,15.53557,0.00,0.00
2012.05.24 17:54:35.928,15.53183,15.53543,0.00,0.00
2012.05.24 17:54:36.044,15.53181,15.53522,0.00,0.00
2012.05.24 17:54:36.162,15.53143,15.53493,0.00,0.00
2012.05.24 17:54:36.302,15.53123,15.53511,0.00,0.00
2012.05.24 17:54:36.492,15.53163,15.53519,0.00,0.00
2012.05.24 17:54:37.110,15.53148,15.53497,0.00,0.00
2012.05.24 17:54:37.347,15.53113,15.53497,0.00,0.00
2012.05.24 17:54:37.413,15.53113,15.53476,0.00,0.00
2012.05.24 17:54:37.704,15.53113,15.53468,0.00,0.00
2012.05.24 17:54:37.883,15.53088,15.53451,0.00,0.00
2012.05.24 17:54:37.944,15.53083,15.53451,0.00,0.00
2012.05.24 17:54:38.395,15.53083,15.53435,0.00,0.00
2012.05.24 17:54:38.462,15.53053,15.53426,0.00,0.00
2012.05.24 17:54:38.588,15.53053,15.53403,0.00,0.00
2012.05.24 17:54:38.924,15.53053,15.53411,0.00,0.00
2012.05.24 17:54:39.237,15.53158,15.53535,0.00,0.00
2012.05.24 17:54:39.848,15.52868,15.53279,0.00,0.00
2012.05.24 17:54:40.202,15.52927,15.53338,0.00,0.00
2012.05.24 17:54:40.531,15.52793,15.53161,0.00,0.00
2012.05.24 17:54:41.038,15.52946,15.53309,0.00,0.00
2012.05.24 17:54:41.106,15.52793,15.53157,0.00,0.00
2012.05.24 17:54:41.975,15.52928,15.53291,0.00,0.00
2012.05.24 17:54:42.314,15.52928,15.53235,0.00,0.00
2012.05.24 17:54:43.173,15.52753,15.53133,0.00,0.00
2012.05.24 17:54:43.304,15.52829,15.53233,0.00,0.00
2012.05.24 17:54:43.641,15.52703,15.53069,0.00,0.00
2012.05.24 17:54:43.705,15.52683,15.53044,0.00,0.00
2012.05.24 17:54:43.861,15.52683,15.53041,0.00,0.00
2012.05.24 17:54:44.267,15.52648,15.52997,0.00,0.00
2012.05.24 17:54:44.908,15.52613,15.52997,0.00,0.00
2012.05.24 17:54:44.973,15.52613,15.52981,0.00,0.00
2012.05.24 17:54:45.338,15.52563,15.52927,0.00,0.00
2012.05.24 17:54:45.832,15.5255,15.52899,0.00,0.00
2012.05.24 17:54:46.437,15.52552,15.52925,0.00,0.00
2012.05.24 17:54:46.656,15.52552,15.52915,0.00,0.00
2012.05.24 17:54:47.379,15.52549,15.52891,0.00,0.00
2012.05.24 17:54:47.750,15.52677,15.5304,0.00,0.00
2012.05.24 17:54:47.875,15.52563,15.5292,0.00,0.00
2012.05.24 17:54:48.026,15.52563,15.52929,0.00,0.00
2012.05.24 17:54:48.389,15.5271,15.53074,0.00,0.00
2012.05.24 17:54:48.971,15.52473,15.52831,0.00,0.00
2012.05.24 17:54:49.035,15.52622,15.52948,0.00,0.00
2012.05.24 17:54:49.150,15.52586,15.5295,0.00,0.00
2012.05.24 17:54:49.291,15.52536,15.52837,0.00,0.00
2012.05.24 17:54:49.473,15.52361,15.52772,0.00,0.00
2012.05.24 17:54:50.289,15.52467,15.5283,0.00,0.00
2012.05.24 17:54:50.743,15.52452,15.52937,0.00,0.00
2012.05.24 17:54:50.805,15.52393,15.52719,0.00,0.00
2012.05.24 17:54:50.865,15.52393,15.5274,0.00,0.00
2012.05.24 17:54:51.336,15.52584,15.52885,0.00,0.00
2012.05.24 17:54:53.245,15.52849,15.53213,0.00,0.00
2012.05.24 17:54:53.717,15.52858,15.53221,0.00,0.00
2012.05.24 17:54:53.848,15.53009,15.53372,0.00,0.00
2012.05.24 17:54:54.185,15.5303,15.53393,0.00,0.00
2012.05.24 17:54:54.315,15.5282,15.53135,0.00,0.00
2012.05.24 17:54:54.453,15.52813,15.53169,0.00,0.00
2012.05.24 17:54:54.937,15.52926,15.53335,0.00,0.00
2012.05.24 17:54:55.373,15.52926,15.53235,0.00,0.00
2012.05.24 17:54:58.681,15.52793,15.53165,0.00,0.00
2012.05.24 17:55:00.239,15.52773,15.53122,0.00,0.00
2012.05.24 17:55:00.968,15.527,15.53047,0.00,0.00
2012.05.24 17:55:01.339,15.52717,15.53017,0.00,0.00
2012.05.24 17:55:02.770,15.5279,15.53153,0.00,0.00
2012.05.24 17:55:02.886,15.5279,15.53153,0.00,0.00
2012.05.24 17:55:02.954,15.52818,15.53182,0.00,0.00
2012.05.24 17:55:03.250,15.52801,15.53164,0.00,0.00
2012.05.24 17:55:03.936,15.52852,15.53204,0.00,0.00
2012.05.24 17:55:04.243,15.52852,15.53257,0.00,0.00
2012.05.24 17:55:05.124,15.52852,15.53239,0.00,0.00
2012.05.24 17:55:09.204,15.52852,15.53249,0.00,0.00
2012.05.24 17:55:10.565,15.52903,15.53314,0.00,0.00
2012.05.24 17:55:10.761,15.53295,15.53595,0.00,0.00
2012.05.24 17:55:11.003,15.53356,15.53697,0.00,0.00
2012.05.24 17:55:11.063,15.53229,15.53578,0.00,0.00
2012.05.24 17:55:11.283,15.53098,15.53501,0.00,0.00
2012.05.24 17:55:11.713,15.53041,15.53445,0.00,0.00
2012.05.24 17:55:11.868,15.53025,15.53436,0.00,0.00
2012.05.24 17:55:12.088,15.53052,15.53452,0.00,0.00
2012.05.24 17:55:12.662,15.53063,15.53467,0.00,0.00
2012.05.24 17:55:13.393,15.53075,15.53486,0.00,0.00
2012.05.24 17:55:13.837,15.53067,15.5347,0.00,0.00
2012.05.24 17:55:14.362,15.53052,15.53455,0.00,0.00
2012.05.24 17:55:14.608,15.53064,15.53468,0.00,0.00
2012.05.24 17:55:14.741,15.53052,15.53458,0.00,0.00
2012.05.24 17:55:15.119,15.53067,15.53471,0.00,0.00
2012.05.24 17:55:15.393,15.53052,15.53462,0.00,0.00
2012.05.24 17:55:15.525,15.532,15.53563,0.00,0.00
2012.05.24 17:55:15.686,15.53178,15.53541,0.00,0.00
2012.05.24 17:55:17.356,15.53166,15.53467,0.00,0.00
2012.05.24 17:55:17.540,15.53156,15.53519,0.00,0.00
2012.05.24 17:55:17.606,15.53178,15.53541,0.00,0.00
2012.05.24 17:55:17.824,15.53014,15.53363,0.00,0.00
2012.05.24 17:55:17.964,15.52952,15.53363,0.00,0.00
2012.05.24 17:55:18.569,15.52896,15.53197,0.00,0.00
2012.05.24 17:55:18.635,15.52861,15.53224,0.00,0.00
2012.05.24 17:55:18.788,15.52857,15.53157,0.00,0.00
2012.05.24 17:55:19.684,15.52837,15.53137,0.00,0.00
2012.05.24 17:55:19.916,15.52842,15.53205,0.00,0.00
2012.05.24 17:55:20.015,15.52834,15.53135,0.00,0.00
2012.05.24 17:55:20.546,15.52826,15.5319,0.00,0.00
2012.05.24 17:55:20.932,15.52806,15.53107,0.00,0.00
2012.05.24 17:55:20.998,15.52804,15.53137,0.00,0.00
2012.05.24 17:55:21.278,15.5282,15.53183,0.00,0.00
2012.05.24 17:55:21.575,15.52837,15.53148,0.00,0.00
2012.05.24 17:55:21.645,15.52652,15.53049,0.00,0.00
2012.05.24 17:55:22.305,15.52825,15.53188,0.00,0.00
2012.05.24 17:55:22.375,15.52652,15.53046,0.00,0.00
2012.05.24 17:55:22.737,15.52652,15.53062,0.00,0.00
2012.05.24 17:55:23.127,15.52652,15.53057,0.00,0.00
2012.05.24 17:55:23.718,15.52752,15.53081,0.00,0.00
2012.05.24 17:55:25.113,15.52752,15.53112,0.00,0.00
2012.05.24 17:55:26.105,15.52752,15.5314,0.00,0.00
2012.05.24 17:55:26.543,15.52752,15.53157,0.00,0.00
2012.05.24 17:55:26.857,15.52852,15.53171,0.00,0.00
2012.05.24 17:55:27.371,15.52768,15.53171,0.00,0.00
2012.05.24 17:55:27.481,15.52852,15.53171,0.00,0.00
2012.05.24 17:55:28.538,15.52852,15.5324,0.00,0.00
2012.05.24 17:55:28.856,15.52852,15.53219,0.00,0.00
2012.05.24 17:55:29.447,15.52913,15.53224,0.00,0.00
2012.05.24 17:55:29.841,15.52906,15.5321,0.00,0.00
2012.05.24 17:55:29.998,15.52883,15.5321,0.00,0.00
2012.05.24 17:55:30.066,15.52883,15.53215,0.00,0.00
2012.05.24 17:55:30.806,15.52913,15.53215,0.00,0.00
2012.05.24 17:55:32.066,15.53065,15.53429,0.00,0.00
2012.05.24 17:55:32.264,15.53108,15.53435,0.00,0.00
2012.05.24 17:55:32.328,15.53124,15.53487,0.00,0.00
2012.05.24 17:55:34.246,15.53104,15.53468,0.00,0.00
2012.05.24 17:55:34.559,15.52995,15.53361,0.00,0.00
2012.05.24 17:55:34.957,15.52983,15.53312,0.00,0.00
2012.05.24 17:55:35.397,15.53063,15.53427,0.00,0.00
2012.05.24 17:55:35.785,15.53021,15.53385,0.00,0.00
2012.05.24 17:55:37.037,15.52893,15.53256,0.00,0.00
2012.05.24 17:55:37.103,15.52943,15.53256,0.00,0.00
2012.05.24 17:55:38.134,15.52963,15.53329,0.00,0.00
2012.05.24 17:55:38.650,15.52993,15.5331,0.00,0.00
2012.05.24 17:55:38.998,15.53096,15.5346,0.00,0.00
2012.05.24 17:55:39.204,15.53096,15.53435,0.00,0.00
2012.05.24 17:55:39.576,15.52953,15.53273,0.00,0.00
2012.05.24 17:55:39.877,15.53076,15.53439,0.00,0.00
2012.05.24 17:55:40.284,15.52946,15.5325,0.00,0.00
2012.05.24 17:55:41.465,15.52923,15.5325,0.00,0.00
2012.05.24 17:55:41.545,15.53069,15.53435,0.00,0.00
2012.05.24 17:55:41.884,15.52923,15.53251,0.00,0.00
2012.05.24 17:55:42.318,15.53071,15.53385,0.00,0.00
2012.05.24 17:55:43.130,15.5305,15.53413,0.00,0.00
2012.05.24 17:55:43.558,15.52943,15.53244,0.00,0.00
2012.05.24 17:55:43.630,15.52943,15.53266,0.00,0.00
2012.05.24 17:55:43.699,15.53102,15.53466,0.00,0.00
2012.05.24 17:55:44.091,15.53137,15.53501,0.00,0.00
2012.05.24 17:55:44.155,15.53137,15.53485,0.00,0.00
2012.05.24 17:55:44.213,15.53116,15.53482,0.00,0.00
2012.05.24 17:55:47.694,15.53099,15.53465,0.00,0.00
2012.05.24 17:55:48.024,15.5295,15.53254,0.00,0.00
2012.05.24 17:55:50.325,15.52952,15.53254,0.00,0.00
2012.05.24 17:55:50.393,15.52933,15.53237,0.00,0.00
2012.05.24 17:55:51.046,15.5307,15.53434,0.00,0.00
2012.05.24 17:55:51.114,15.53046,15.53347,0.00,0.00
2012.05.24 17:55:51.173,15.52848,15.53214,0.00,0.00
2012.05.24 17:55:51.543,15.52793,15.53122,0.00,0.00
2012.05.24 17:55:51.995,15.52934,15.53257,0.00,0.00
2012.05.24 17:55:52.345,15.52951,15.53285,0.00,0.00
2012.05.24 17:55:52.807,15.52876,15.53177,0.00,0.00
2012.05.24 17:55:52.936,15.5291,15.53274,0.00,0.00
2012.05.24 17:55:53.048,15.52663,15.53029,0.00,0.00
2012.05.24 17:55:53.116,15.52872,15.53235,0.00,0.00
2012.05.24 17:55:54.469,15.52674,15.5304,0.00,0.00
2012.05.24 17:55:55.396,15.52869,15.53232,0.00,0.00
2012.05.24 17:55:56.662,15.52848,15.53211,0.00,0.00
2012.05.24 17:55:57.554,15.52673,15.53039,0.00,0.00
2012.05.24 17:55:57.675,15.52722,15.53088,0.00,0.00
2012.05.24 17:55:59.114,15.52774,15.53137,0.00,0.00
2012.05.24 17:56:01.586,15.52716,15.53017,0.00,0.00
2012.05.24 17:56:01.756,15.52603,15.52966,0.00,0.00
2012.05.24 17:56:01.823,15.52544,15.5291,0.00,0.00
2012.05.24 17:56:02.305,15.52378,15.52744,0.00,0.00
2012.05.24 17:56:02.686,15.52418,15.52784,0.00,0.00
2012.05.24 17:56:03.637,15.52393,15.52759,0.00,0.00
2012.05.24 17:56:05.173,15.52564,15.52927,0.00,0.00
2012.05.24 17:56:05.297,15.52541,15.52904,0.00,0.00
2012.05.24 17:56:05.426,15.52512,15.52875,0.00,0.00
2012.05.24 17:56:05.745,15.52498,15.52798,0.00,0.00
2012.05.24 17:56:06.195,15.52435,15.52735,0.00,0.00
2012.05.24 17:56:06.749,15.52427,15.52727,0.00,0.00
2012.05.24 17:56:07.116,15.52452,15.52815,0.00,0.00
2012.05.24 17:56:09.288,15.52396,15.52697,0.00,0.00
2012.05.24 17:56:09.725,15.52426,15.52727,0.00,0.00
2012.05.24 17:56:10.921,15.52472,15.52835,0.00,0.00
2012.05.24 17:56:13.775,15.52307,15.52607,0.00,0.00
2012.05.24 17:56:13.847,15.52405,15.52768,0.00,0.00
2012.05.24 17:56:14.253,15.52349,15.52712,0.00,0.00
2012.05.24 17:56:15.920,15.52329,15.52692,0.00,0.00
2012.05.24 17:56:15.983,15.52252,15.52607,0.00,0.00
2012.05.24 17:56:16.241,15.52404,15.52767,0.00,0.00
2012.05.24 17:56:17.057,15.52368,15.52668,0.00,0.00
2012.05.24 17:56:17.239,15.52252,15.5265,0.00,0.00
2012.05.24 17:56:17.364,15.52387,15.5275,0.00,0.00
2012.05.24 17:56:17.587,15.52387,15.52798,0.00,0.00
2012.05.24 17:56:17.713,15.52365,15.52776,0.00,0.00
2012.05.24 17:56:18.046,15.52352,15.52758,0.00,0.00
2012.05.24 17:56:18.496,15.52402,15.52813,0.00,0.00
2012.05.24 17:56:18.827,15.52352,15.52757,0.00,0.00
2012.05.24 17:56:19.171,15.52352,15.52707,0.00,0.00
2012.05.24 17:56:19.609,15.52337,15.52686,0.00,0.00
2012.05.24 17:56:19.793,15.52352,15.52703,0.00,0.00
2012.05.24 17:56:19.867,15.52496,15.52859,0.00,0.00
2012.05.24 17:56:20.212,15.52518,15.52881,0.00,0.00
2012.05.24 17:56:20.557,15.5258,15.52885,0.00,0.00
2012.05.24 17:56:20.687,15.52602,15.52965,0.00,0.00
2012.05.24 17:56:20.814,15.52596,15.52897,0.00,0.00
2012.05.24 17:56:20.878,15.52611,15.52974,0.00,0.00
2012.05.24 17:56:21.126,15.52594,15.52907,0.00,0.00
2012.05.24 17:56:21.194,15.52573,15.52936,0.00,0.00
2012.05.24 17:56:21.297,15.52635,15.52998,0.00,0.00
2012.05.24 17:56:21.424,15.52635,15.52935,0.00,0.00
2012.05.24 17:56:22.402,15.52502,15.52913,0.00,0.00
2012.05.24 17:56:22.943,15.52552,15.52922,0.00,0.00
2012.05.24 17:56:25.287,15.52534,15.52883,0.00,0.00
2012.05.24 17:56:25.628,15.52552,15.5286,0.00,0.00
2012.05.24 17:56:25.940,15.52503,15.52852,0.00,0.00
2012.05.24 17:56:26.295,15.52524,15.52873,0.00,0.00
2012.05.24 17:56:26.367,15.52552,15.5291,0.00,0.00
2012.05.24 17:56:26.554,15.52552,15.52912,0.00,0.00
2012.05.24 17:56:26.793,15.52552,15.52903,0.00,0.00
2012.05.24 17:56:26.987,15.52703,15.53066,0.00,0.00
2012.05.24 17:56:27.287,15.52703,15.53067,0.00,0.00
2012.05.24 17:56:27.415,15.52778,15.53141,0.00,0.00
2012.05.24 17:56:27.485,15.52778,15.53135,0.00,0.00
2012.05.24 17:56:27.673,15.5263,15.52971,0.00,0.00
2012.05.24 17:56:27.927,15.52776,15.53139,0.00,0.00
2012.05.24 17:56:28.007,15.52776,15.53138,0.00,0.00
2012.05.24 17:56:28.074,15.52795,15.53159,0.00,0.00
2012.05.24 17:56:28.945,15.52811,15.53174,0.00,0.00
2012.05.24 17:56:29.274,15.52827,15.53191,0.00,0.00
2012.05.24 17:56:29.513,15.52808,15.53171,0.00,0.00
2012.05.24 17:56:29.663,15.528,15.53163,0.00,0.00
2012.05.24 17:56:31.476,15.5278,15.53143,0.00,0.00
2012.05.24 17:56:31.716,15.52614,15.52955,0.00,0.00
2012.05.24 17:56:31.981,15.52583,15.52926,0.00,0.00
2012.05.24 17:56:32.303,15.52583,15.52943,0.00,0.00
2012.05.24 17:56:34.323,15.52613,15.52943,0.00,0.00
2012.05.24 17:56:34.393,15.52613,15.52959,0.00,0.00
2012.05.24 17:56:35.317,15.52623,15.52959,0.00,0.00
2012.05.24 17:56:35.428,15.52623,15.52973,0.00,0.00
2012.05.24 17:56:36.468,15.52643,15.52973,0.00,0.00
2012.05.24 17:56:36.998,15.52773,15.53135,0.00,0.00
2012.05.24 17:56:37.065,15.52789,15.53153,0.00,0.00
2012.05.24 17:56:39.274,15.52593,15.52977,0.00,0.00
2012.05.24 17:56:39.376,15.52593,15.52944,0.00,0.00
2012.05.24 17:56:39.732,15.52593,15.52953,0.00,0.00
2012.05.24 17:56:40.795,15.52593,15.52943,0.00,0.00
2012.05.24 17:56:42.739,15.52561,15.52924,0.00,0.00
2012.05.24 17:56:43.377,15.52401,15.52743,0.00,0.00
2012.05.24 17:56:43.443,15.52535,15.52939,0.00,0.00
2012.05.24 17:56:44.144,15.52535,15.52835,0.00,0.00
2012.05.24 17:56:44.464,15.52643,15.53006,0.00,0.00
2012.05.24 17:56:44.663,15.52463,15.52835,0.00,0.00
2012.05.24 17:56:44.725,15.52644,15.53007,0.00,0.00
2012.05.24 17:56:45.076,15.52678,15.53041,0.00,0.00
2012.05.24 17:56:45.145,15.52678,15.52985,0.00,0.00
2012.05.24 17:56:45.748,15.52694,15.53058,0.00,0.00
2012.05.24 17:56:47.837,15.52533,15.52894,0.00,0.00
2012.05.24 17:56:47.905,15.52693,15.53056,0.00,0.00
2012.05.24 17:56:48.094,15.52553,15.52948,0.00,0.00
2012.05.24 17:56:49.288,15.52553,15.52931,0.00,0.00
2012.05.24 17:56:49.835,15.52638,15.53035,0.00,0.00
2012.05.24 17:56:49.989,15.5268,15.53043,0.00,0.00
2012.05.24 17:56:50.305,15.5268,15.52985,0.00,0.00
2012.05.24 17:56:51.481,15.52672,15.53035,0.00,0.00
2012.05.24 17:56:51.854,15.52625,15.52989,0.00,0.00
2012.05.24 17:56:51.923,15.52347,15.52688,0.00,0.00
2012.05.24 17:56:51.988,15.52493,15.52793,0.00,0.00
2012.05.24 17:56:52.055,15.52493,15.5288,0.00,0.00
2012.05.24 17:56:52.313,15.52477,15.52785,0.00,0.00
2012.05.24 17:56:52.810,15.52337,15.52637,0.00,0.00
2012.05.24 17:56:52.876,15.52044,15.52455,0.00,0.00
2012.05.24 17:56:53.003,15.52071,15.52448,0.00,0.00
2012.05.24 17:56:53.062,15.52084,15.52448,0.00,0.00
2012.05.24 17:56:53.196,15.52111,15.52475,0.00,0.00
2012.05.24 17:56:53.263,15.51969,15.5238,0.00,0.00
2012.05.24 17:56:53.545,15.52151,15.52514,0.00,0.00
2012.05.24 17:56:53.875,15.51984,15.52385,0.00,0.00
2012.05.24 17:56:54.203,15.51984,15.52285,0.00,0.00
2012.05.24 17:56:54.414,15.51944,15.52307,0.00,0.00
2012.05.24 17:56:55.344,15.51914,15.52285,0.00,0.00
2012.05.24 17:56:55.679,15.51982,15.52345,0.00,0.00
2012.05.24 17:56:56.045,15.51958,15.52321,0.00,0.00
2012.05.24 17:56:56.187,15.51952,15.52295,0.00,0.00
2012.05.24 17:56:56.333,15.51952,15.52285,0.00,0.00
2012.05.24 17:56:56.671,15.52044,15.52407,0.00,0.00
2012.05.24 17:56:57.038,15.51879,15.5229,0.00,0.00
2012.05.24 17:56:57.163,15.51896,15.52307,0.00,0.00
2012.05.24 17:56:57.597,15.52044,15.52407,0.00,0.00
2012.05.24 17:56:58.273,15.52034,15.52335,0.00,0.00
2012.05.24 17:56:58.575,15.51991,15.52355,0.00,0.00
2012.05.24 17:56:58.794,15.52004,15.52367,0.00,0.00
2012.05.24 17:56:59.374,15.51801,15.5215,0.00,0.00
2012.05.24 17:56:59.432,15.51891,15.52285,0.00,0.00
2012.05.24 17:56:59.979,15.51944,15.52308,0.00,0.00
2012.05.24 17:57:00.123,15.51944,15.52307,0.00,0.00
2012.05.24 17:57:00.268,15.51934,15.52235,0.00,0.00
2012.05.24 17:57:01.876,15.52018,15.52381,0.00,0.00
2012.05.24 17:57:01.945,15.51877,15.52241,0.00,0.00
2012.05.24 17:57:02.224,15.52051,15.52415,0.00,0.00
2012.05.24 17:57:02.286,15.52051,15.52385,0.00,0.00
2012.05.24 17:57:03.075,15.52063,15.52426,0.00,0.00
2012.05.24 17:57:03.393,15.52113,15.52448,0.00,0.00
2012.05.24 17:57:04.012,15.52131,15.52495,0.00,0.00
2012.05.24 17:57:04.165,15.52111,15.52475,0.00,0.00
2012.05.24 17:57:05.843,15.52064,15.52427,0.00,0.00
2012.05.24 17:57:05.974,15.51952,15.52305,0.00,0.00
2012.05.24 17:57:06.846,15.51893,15.52287,0.00,0.00
2012.05.24 17:57:07.211,15.51952,15.52299,0.00,0.00
2012.05.24 17:57:07.334,15.51953,15.52329,0.00,0.00
2012.05.24 17:57:07.396,15.51993,15.52329,0.00,0.00
2012.05.24 17:57:07.465,15.51993,15.52345,0.00,0.00
2012.05.24 17:57:07.895,15.51991,15.5234,0.00,0.00
2012.05.24 17:57:08.023,15.51993,15.52356,0.00,0.00
2012.05.24 17:57:08.498,15.51993,15.52342,0.00,0.00
2012.05.24 17:57:08.842,15.51977,15.52326,0.00,0.00
2012.05.24 17:57:08.975,15.51973,15.52326,0.00,0.00
2012.05.24 17:57:09.043,15.51968,15.52309,0.00,0.00
2012.05.24 17:57:09.483,15.51952,15.52301,0.00,0.00
2012.05.24 17:57:09.862,15.51952,15.52301,0.00,0.00
2012.05.24 17:57:09.923,15.52041,15.52404,0.00,0.00
2012.05.24 17:57:10.285,15.52035,15.52335,0.00,0.00
2012.05.24 17:57:10.354,15.51944,15.52335,0.00,0.00
2012.05.24 17:57:10.476,15.51652,15.51975,0.00,0.00
2012.05.24 17:57:10.543,15.51764,15.52175,0.00,0.00
2012.05.24 17:57:10.744,15.51805,15.52177,0.00,0.00
2012.05.24 17:57:11.083,15.51816,15.52179,0.00,0.00
2012.05.24 17:57:11.508,15.51784,15.52085,0.00,0.00
2012.05.24 17:57:12.083,15.51842,15.52206,0.00,0.00
2012.05.24 17:57:12.599,15.51858,15.52221,0.00,0.00
2012.05.24 17:57:12.893,15.51654,15.52003,0.00,0.00
2012.05.24 17:57:12.954,15.51623,15.52003,0.00,0.00
2012.05.24 17:57:13.014,15.51787,15.5215,0.00,0.00
2012.05.24 17:57:13.495,15.51784,15.52085,0.00,0.00
2012.05.24 17:57:14.375,15.51766,15.52129,0.00,0.00
2012.05.24 17:57:15.217,15.51734,15.52035,0.00,0.00
2012.05.24 17:57:15.536,15.51623,15.52003,0.00,0.00
2012.05.24 17:57:15.694,15.51793,15.52156,0.00,0.00
2012.05.24 17:57:15.975,15.51773,15.52136,0.00,0.00
2012.05.24 17:57:16.613,15.51791,15.52154,0.00,0.00
2012.05.24 17:57:17.017,15.51835,15.52148,0.00,0.00
2012.05.24 17:57:17.302,15.51843,15.52185,0.00,0.00
2012.05.24 17:57:17.424,15.51894,15.52257,0.00,0.00
2012.05.24 17:57:17.787,15.51884,15.52248,0.00,0.00
2012.05.24 17:57:17.855,15.51904,15.52268,0.00,0.00
2012.05.24 17:57:17.935,15.51904,15.52267,0.00,0.00
2012.05.24 17:57:18.064,15.51945,15.52308,0.00,0.00
2012.05.24 17:57:18.343,15.5197,15.52285,0.00,0.00
2012.05.24 17:57:20.080,15.52003,15.52366,0.00,0.00
2012.05.24 17:57:20.273,15.52003,15.52335,0.00,0.00
2012.05.24 17:57:21.383,15.51919,15.5233,0.00,0.00
2012.05.24 17:57:21.798,15.51919,15.52248,0.00,0.00
2012.05.24 17:57:22.304,15.51919,15.52235,0.00,0.00
2012.05.24 17:57:23.030,15.51936,15.52299,0.00,0.00
2012.05.24 17:57:23.455,15.51944,15.52307,0.00,0.00
2012.05.24 17:57:23.945,15.52019,15.52383,0.00,0.00
2012.05.24 17:57:24.233,15.52035,15.52335,0.00,0.00
2012.05.24 17:57:26.534,15.52055,15.52466,0.00,0.00
2012.05.24 17:57:26.594,15.5216,15.52523,0.00,0.00
2012.05.24 17:57:26.795,15.5216,15.52564,0.00,0.00
2012.05.24 17:57:26.863,15.52043,15.52402,0.00,0.00
2012.05.24 17:57:27.312,15.52043,15.52432,0.00,0.00
2012.05.24 17:57:27.651,15.52152,15.52462,0.00,0.00
2012.05.24 17:57:27.954,15.52335,15.52698,0.00,0.00
2012.05.24 17:57:28.014,15.52268,15.52631,0.00,0.00
2012.05.24 17:57:28.189,15.52286,15.52649,0.00,0.00
2012.05.24 17:57:28.482,15.52286,15.52635,0.00,0.00
2012.05.24 17:57:28.627,15.52296,15.52659,0.00,0.00
2012.05.24 17:57:29.005,15.52323,15.52686,0.00,0.00
2012.05.24 17:57:29.353,15.52342,15.52706,0.00,0.00
2012.05.24 17:57:29.472,15.52342,15.52685,0.00,0.00
2012.05.24 17:57:29.546,15.52314,15.52685,0.00,0.00
2012.05.24 17:57:29.615,15.52217,15.52558,0.00,0.00
2012.05.24 17:57:29.684,15.52155,15.52558,0.00,0.00
2012.05.24 17:57:29.803,15.52033,15.52421,0.00,0.00
2012.05.24 17:57:30.096,15.52052,15.52433,0.00,0.00
2012.05.24 17:57:30.464,15.52016,15.52317,0.00,0.00
2012.05.24 17:57:30.651,15.51933,15.52296,0.00,0.00
2012.05.24 17:57:30.777,15.51886,15.52248,0.00,0.00
2012.05.24 17:57:30.965,15.51903,15.52266,0.00,0.00
2012.05.24 17:57:31.204,15.51736,15.52167,0.00,0.00
2012.05.24 17:57:31.377,15.51924,15.52287,0.00,0.00
2012.05.24 17:57:32.124,15.51952,15.52315,0.00,0.00
2012.05.24 17:57:32.394,15.51947,15.5231,0.00,0.00
2012.05.24 17:57:32.515,15.51963,15.52327,0.00,0.00
2012.05.24 17:57:34.564,15.51783,15.52235,0.00,0.00
2012.05.24 17:57:34.624,15.51803,15.52235,0.00,0.00
2012.05.24 17:57:34.953,15.52047,15.52348,0.00,0.00
2012.05.24 17:57:35.522,15.52035,15.52335,0.00,0.00
2012.05.24 17:57:37.535,15.52041,15.52404,0.00,0.00
2012.05.24 17:57:37.765,15.52024,15.52387,0.00,0.00
2012.05.24 17:57:37.976,15.52042,15.52405,0.00,0.00
2012.05.24 17:57:39.243,15.52019,15.52383,0.00,0.00
2012.05.24 17:57:39.946,15.52039,15.52402,0.00,0.00
2012.05.24 17:57:40.881,15.52016,15.52379,0.00,0.00
2012.05.24 17:57:41.212,15.52025,15.52389,0.00,0.00
2012.05.24 17:57:43.216,15.52015,15.52378,0.00,0.00
2012.05.24 17:57:43.940,15.52069,15.52433,0.00,0.00
2012.05.24 17:57:44.204,15.52084,15.52385,0.00,0.00
2012.05.24 17:57:44.793,15.52122,15.52486,0.00,0.00
2012.05.24 17:57:45.147,15.52122,15.52435,0.00,0.00
2012.05.24 17:57:45.891,15.52124,15.52488,0.00,0.00
2012.05.24 17:57:46.117,15.52104,15.52468,0.00,0.00
2012.05.24 17:57:46.338,15.5212,15.52483,0.00,0.00
2012.05.24 17:57:46.771,15.52131,15.52495,0.00,0.00
2012.05.24 17:57:46.994,15.52118,15.52481,0.00,0.00
2012.05.24 17:57:50.876,15.52104,15.52468,0.00,0.00
2012.05.24 17:57:51.067,15.52121,15.52484,0.00,0.00
2012.05.24 17:57:51.867,15.52104,15.52468,0.00,0.00
2012.05.24 17:57:51.935,15.51963,15.52333,0.00,0.00
2012.05.24 17:57:51.996,15.52023,15.52333,0.00,0.00
2012.05.24 17:57:52.479,15.51993,15.5236,0.00,0.00
2012.05.24 17:57:52.647,15.52023,15.5236,0.00,0.00
2012.05.24 17:57:52.787,15.52052,15.52402,0.00,0.00
2012.05.24 17:57:52.914,15.52174,15.52537,0.00,0.00
2012.05.24 17:57:53.056,15.52038,15.5238,0.00,0.00
2012.05.24 17:57:53.243,15.52043,15.5238,0.00,0.00
2012.05.24 17:57:53.303,15.52043,15.52417,0.00,0.00
2012.05.24 17:57:53.456,15.51993,15.5236,0.00,0.00
2012.05.24 17:57:53.758,15.52028,15.52369,0.00,0.00
2012.05.24 17:57:54.801,15.5214,15.52535,0.00,0.00
2012.05.24 17:57:54.868,15.52053,15.52402,0.00,0.00
2012.05.24 17:57:55.388,15.5223,15.52593,0.00,0.00
2012.05.24 17:57:55.514,15.52088,15.52451,0.00,0.00
2012.05.24 17:57:56.049,15.52072,15.52421,0.00,0.00
2012.05.24 17:57:57.354,15.52126,15.52475,0.00,0.00
2012.05.24 17:57:57.796,15.52058,15.52421,0.00,0.00
2012.05.24 17:57:58.108,15.52124,15.52473,0.00,0.00
2012.05.24 17:57:58.177,15.52209,15.52613,0.00,0.00
2012.05.24 17:57:58.305,15.52291,15.52655,0.00,0.00
2012.05.24 17:57:58.676,15.5215,15.52499,0.00,0.00
2012.05.24 17:57:59.698,15.52383,15.52683,0.00,0.00
2012.05.24 17:57:59.823,15.52383,15.52732,0.00,0.00
2012.05.24 17:57:59.995,15.52383,15.52715,0.00,0.00
2012.05.24 17:58:00.064,15.52453,15.52763,0.00,0.00
2012.05.24 17:58:00.183,15.52453,15.52856,0.00,0.00
2012.05.24 17:58:00.245,15.52553,15.52856,0.00,0.00
2012.05.24 17:58:00.738,15.52553,15.52854,0.00,0.00
2012.05.24 17:58:00.924,15.52498,15.5284,0.00,0.00
2012.05.24 17:58:01.566,15.52552,15.52852,0.00,0.00
2012.05.24 17:58:01.659,15.52523,15.5284,0.00,0.00
2012.05.24 17:58:01.727,15.52446,15.52795,0.00,0.00
2012.05.24 17:58:02.564,15.52493,15.52835,0.00,0.00
2012.05.24 17:58:02.627,15.52433,15.52782,0.00,0.00
2012.05.24 17:58:03.005,15.52443,15.52756,0.00,0.00
2012.05.24 17:58:03.064,15.52428,15.52777,0.00,0.00
2012.05.24 17:58:03.278,15.52445,15.52787,0.00,0.00
2012.05.24 17:58:03.611,15.52473,15.52787,0.00,0.00
2012.05.24 17:58:03.857,15.52425,15.52774,0.00,0.00
2012.05.24 17:58:04.333,15.52453,15.52774,0.00,0.00
2012.05.24 17:58:04.443,15.5239,15.52739,0.00,0.00
2012.05.24 17:58:04.856,15.52539,15.52935,0.00,0.00
2012.05.24 17:58:04.925,15.52413,15.52755,0.00,0.00
2012.05.24 17:58:05.766,15.52463,15.52763,0.00,0.00
2012.05.24 17:58:06.384,15.52386,15.52735,0.00,0.00
2012.05.24 17:58:06.447,15.52452,15.52753,0.00,0.00
2012.05.24 17:58:06.804,15.52281,15.5263,0.00,0.00
2012.05.24 17:58:07.124,15.52263,15.52591,0.00,0.00
2012.05.24 17:58:07.280,15.52248,15.52597,0.00,0.00
2012.05.24 17:58:07.344,15.52303,15.52603,0.00,0.00
2012.05.24 17:58:07.498,15.52253,15.52602,0.00,0.00
2012.05.24 17:58:07.715,15.52289,15.52631,0.00,0.00
2012.05.24 17:58:07.786,15.52236,15.52578,0.00,0.00
2012.05.24 17:58:07.853,15.52253,15.52578,0.00,0.00
2012.05.24 17:58:08.048,15.5222,15.52569,0.00,0.00
2012.05.24 17:58:08.680,15.52209,15.52551,0.00,0.00
2012.05.24 17:58:09.197,15.52191,15.5254,0.00,0.00
2012.05.24 17:58:09.648,15.52209,15.5255,0.00,0.00
2012.05.24 17:58:10.355,15.52241,15.52583,0.00,0.00
2012.05.24 17:58:10.438,15.52293,15.52593,0.00,0.00
2012.05.24 17:58:10.547,15.52253,15.52583,0.00,0.00
2012.05.24 17:58:10.615,15.52224,15.52565,0.00,0.00
2012.05.24 17:58:10.937,15.52252,15.52553,0.00,0.00
2012.05.24 17:58:12.446,15.52343,15.52735,0.00,0.00
2012.05.24 17:58:12.513,15.5222,15.52569,0.00,0.00
2012.05.24 17:58:12.833,15.52204,15.52553,0.00,0.00
2012.05.24 17:58:13.981,15.5219,15.52531,0.00,0.00
2012.05.24 17:58:14.793,15.52253,15.52603,0.00,0.00
2012.05.24 17:58:14.956,15.52327,15.52735,0.00,0.00
2012.05.24 17:58:15.665,15.52253,15.52615,0.00,0.00
2012.05.24 17:58:16.041,15.52253,15.52634,0.00,0.00
2012.05.24 17:58:17.732,15.52253,15.52643,0.00,0.00
2012.05.24 17:58:19.335,15.52268,15.52679,0.00,0.00
2012.05.24 17:58:19.515,15.52238,15.52601,0.00,0.00
2012.05.24 17:58:19.655,15.52275,15.52616,0.00,0.00
2012.05.24 17:58:19.716,15.52333,15.52634,0.00,0.00
2012.05.24 17:58:20.056,15.52352,15.52652,0.00,0.00
2012.05.24 17:58:24.375,15.52363,15.52664,0.00,0.00
2012.05.24 17:58:24.493,15.52363,15.52715,0.00,0.00
2012.05.24 17:58:24.695,15.52403,15.52715,0.00,0.00
2012.05.24 17:58:25.011,15.52452,15.52753,0.00,0.00
2012.05.24 17:58:25.323,15.52452,15.52785,0.00,0.00
2012.05.24 17:58:25.467,15.52523,15.52823,0.00,0.00
2012.05.24 17:58:25.862,15.52438,15.52787,0.00,0.00
2012.05.24 17:58:26.538,15.52493,15.52793,0.00,0.00
2012.05.24 17:58:26.605,15.52423,15.52738,0.00,0.00
2012.05.24 17:58:26.747,15.52409,15.5275,0.00,0.00
2012.05.24 17:58:27.115,15.52378,15.52741,0.00,0.00
2012.05.24 17:58:27.602,15.52452,15.52753,0.00,0.00
2012.05.24 17:58:28.315,15.52408,15.52757,0.00,0.00
2012.05.24 17:58:28.754,15.52428,15.5277,0.00,0.00
2012.05.24 17:58:29.365,15.52439,15.52788,0.00,0.00
2012.05.24 17:58:29.433,15.52473,15.52788,0.00,0.00
2012.05.24 17:58:29.494,15.52455,15.52797,0.00,0.00
2012.05.24 17:58:29.635,15.52473,15.52855,0.00,0.00
2012.05.24 17:58:29.764,15.52533,15.52855,0.00,0.00
2012.05.24 17:58:30.189,15.52573,15.52873,0.00,0.00
2012.05.24 17:58:30.315,15.52643,15.52983,0.00,0.00
2012.05.24 17:58:30.419,15.5282,15.53183,0.00,0.00
2012.05.24 17:58:30.485,15.52643,15.5297,0.00,0.00
2012.05.24 17:58:30.545,15.52723,15.53023,0.00,0.00
2012.05.24 17:58:30.603,15.52723,15.53024,0.00,0.00
2012.05.24 17:58:30.663,15.52703,15.5301,0.00,0.00
2012.05.24 17:58:30.726,15.52632,15.52973,0.00,0.00
2012.05.24 17:58:30.926,15.52667,15.53016,0.00,0.00
2012.05.24 17:58:31.355,15.52733,15.53034,0.00,0.00
2012.05.24 17:58:32.100,15.52685,15.53027,0.00,0.00
2012.05.24 17:58:32.238,15.52752,15.53053,0.00,0.00
2012.05.24 17:58:33.001,15.52817,15.53221,0.00,0.00
2012.05.24 17:58:33.267,15.52678,15.5302,0.00,0.00
2012.05.24 17:58:33.867,15.52813,15.53224,0.00,0.00
2012.05.24 17:58:34.004,15.5283,15.53234,0.00,0.00
2012.05.24 17:58:34.492,15.52783,15.53083,0.00,0.00
2012.05.24 17:58:34.797,15.52682,15.52983,0.00,0.00
2012.05.24 17:58:34.865,15.52691,15.53032,0.00,0.00
2012.05.24 17:58:34.934,15.52683,15.53032,0.00,0.00
2012.05.24 17:58:35.159,15.52587,15.5295,0.00,0.00
2012.05.24 17:58:36.027,15.52653,15.52954,0.00,0.00
2012.05.24 17:58:36.902,15.52543,15.52884,0.00,0.00
2012.05.24 17:58:36.965,15.52603,15.52904,0.00,0.00
2012.05.24 17:58:37.119,15.52525,15.52874,0.00,0.00
2012.05.24 17:58:37.465,15.52643,15.52944,0.00,0.00
2012.05.24 17:58:37.532,15.52643,15.52984,0.00,0.00
2012.05.24 17:58:37.594,15.52693,15.52994,0.00,0.00
2012.05.24 17:58:38.234,15.52713,15.53014,0.00,0.00
2012.05.24 17:58:38.908,15.52626,15.52975,0.00,0.00
2012.05.24 17:58:39.112,15.52673,15.52974,0.00,0.00
2012.05.24 17:58:39.315,15.52582,15.52931,0.00,0.00
2012.05.24 17:58:39.677,15.52673,15.53055,0.00,0.00
2012.05.24 17:58:39.883,15.52793,15.53094,0.00,0.00
2012.05.24 17:58:39.957,15.5274,15.53085,0.00,0.00
2012.05.24 17:58:40.104,15.52852,15.53152,0.00,0.00
2012.05.24 17:58:40.503,15.52852,15.53167,0.00,0.00
2012.05.24 17:58:40.564,15.52863,15.53215,0.00,0.00
2012.05.24 17:58:40.755,15.52923,15.53223,0.00,0.00
2012.05.24 17:58:41.216,15.52952,15.53253,0.00,0.00
2012.05.24 17:58:41.771,15.52953,15.53253,0.00,0.00
2012.05.24 17:58:42.080,15.5273,15.53079,0.00,0.00
2012.05.24 17:58:42.146,15.52813,15.53113,0.00,0.00
2012.05.24 17:58:42.300,15.52746,15.53095,0.00,0.00
2012.05.24 17:58:42.461,15.52852,15.53153,0.00,0.00
2012.05.24 17:58:43.767,15.52793,15.53135,0.00,0.00
2012.05.24 17:58:46.265,15.52753,15.53095,0.00,0.00
2012.05.24 17:58:46.737,15.52753,15.53095,0.00,0.00
2012.05.24 17:58:46.803,15.52743,15.53095,0.00,0.00
2012.05.24 17:58:46.889,15.5269,15.53031,0.00,0.00
2012.05.24 17:58:47.839,15.52752,15.53053,0.00,0.00
2012.05.24 17:58:47.978,15.52713,15.53055,0.00,0.00
2012.05.24 17:58:48.103,15.52752,15.53055,0.00,0.00
2012.05.24 17:58:48.280,15.52852,15.53152,0.00,0.00
2012.05.24 17:58:48.403,15.52773,15.53079,0.00,0.00
2012.05.24 17:58:48.464,15.52773,15.53119,0.00,0.00
2012.05.24 17:58:49.943,15.52799,15.53099,0.00,0.00
2012.05.24 17:58:51.297,15.52813,15.53142,0.00,0.00
2012.05.24 17:58:51.554,15.52799,15.53099,0.00,0.00
2012.05.24 17:58:52.344,15.52799,15.53099,0.00,0.00
2012.05.24 17:58:52.405,15.52763,15.53084,0.00,0.00
2012.05.24 17:58:52.462,15.52826,15.53237,0.00,0.00
2012.05.24 17:58:52.702,15.52763,15.53087,0.00,0.00
2012.05.24 17:58:52.773,15.52763,15.53106,0.00,0.00
2012.05.24 17:58:53.086,15.52852,15.53193,0.00,0.00
2012.05.24 17:58:55.473,15.52775,15.53117,0.00,0.00
2012.05.24 17:58:55.634,15.52763,15.53102,0.00,0.00
2012.05.24 17:58:55.695,15.52852,15.5325,0.00,0.00
2012.05.24 17:58:57.220,15.52763,15.53083,0.00,0.00
2012.05.24 17:58:59.031,15.52763,15.53082,0.00,0.00
2012.05.24 17:58:59.093,15.52733,15.53082,0.00,0.00
2012.05.24 17:58:59.466,15.52852,15.53169,0.00,0.00
2012.05.24 17:59:00.067,15.52733,15.53082,0.00,0.00
2012.05.24 17:59:00.177,15.52865,15.53276,0.00,0.00
2012.05.24 17:59:00.343,15.52886,15.53285,0.00,0.00
2012.05.24 17:59:00.403,15.52733,15.53122,0.00,0.00
2012.05.24 17:59:00.623,15.52852,15.53209,0.00,0.00
2012.05.24 17:59:00.896,15.52852,15.53162,0.00,0.00
2012.05.24 17:59:05.234,15.52918,15.53285,0.00,0.00
2012.05.24 17:59:05.352,15.52902,15.53259,0.00,0.00
2012.05.24 17:59:05.412,15.52913,15.53259,0.00,0.00
2012.05.24 17:59:05.918,15.52953,15.53276,0.00,0.00
2012.05.24 17:59:05.982,15.52953,15.53286,0.00,0.00
2012.05.24 17:59:06.063,15.52983,15.53286,0.00,0.00
2012.05.24 17:59:06.124,15.52983,15.53302,0.00,0.00
2012.05.24 17:59:06.186,15.53072,15.53422,0.00,0.00
2012.05.24 17:59:06.387,15.53123,15.53435,0.00,0.00
2012.05.24 17:59:06.695,15.53152,15.53509,0.00,0.00
2012.05.24 17:59:06.766,15.53152,15.53464,0.00,0.00
2012.05.24 17:59:06.834,15.53163,15.53464,0.00,0.00
2012.05.24 17:59:07.971,15.53101,15.53464,0.00,0.00
2012.05.24 17:59:08.593,15.53193,15.53494,0.00,0.00
2012.05.24 17:59:09.035,15.53163,15.53464,0.00,0.00
2012.05.24 17:59:09.156,15.53102,15.53451,0.00,0.00
2012.05.24 17:59:09.505,15.53123,15.53423,0.00,0.00
2012.05.24 17:59:10.374,15.53036,15.53377,0.00,0.00
2012.05.24 17:59:10.791,15.53052,15.53377,0.00,0.00
2012.05.24 17:59:10.914,15.53023,15.53377,0.00,0.00
2012.05.24 17:59:10.982,15.52958,15.53307,0.00,0.00
2012.05.24 17:59:11.343,15.52958,15.53307,0.00,0.00
2012.05.24 17:59:11.566,15.52972,15.53326,0.00,0.00
2012.05.24 17:59:12.947,15.53094,15.53457,0.00,0.00
2012.05.24 17:59:13.075,15.52927,15.53269,0.00,0.00
2012.05.24 17:59:13.196,15.52952,15.53294,0.00,0.00
2012.05.24 17:59:13.786,15.53081,15.53444,0.00,0.00
2012.05.24 17:59:14.336,15.53091,15.53454,0.00,0.00
2012.05.24 17:59:14.525,15.53013,15.53376,0.00,0.00
2012.05.24 17:59:15.225,15.52963,15.53357,0.00,0.00
2012.05.24 17:59:15.616,15.53029,15.53392,0.00,0.00
2012.05.24 17:59:16.074,15.53007,15.53307,0.00,0.00
2012.05.24 17:59:16.138,15.52784,15.53195,0.00,0.00
2012.05.24 17:59:16.273,15.52985,15.53348,0.00,0.00
2012.05.24 17:59:16.588,15.52994,15.53357,0.00,0.00
2012.05.24 17:59:17.449,15.52993,15.53357,0.00,0.00
2012.05.24 17:59:17.832,15.52987,15.53287,0.00,0.00
2012.05.24 17:59:17.945,15.52976,15.53339,0.00,0.00
2012.05.24 17:59:19.517,15.52899,15.53287,0.00,0.00
2012.05.24 17:59:19.585,15.52834,15.53183,0.00,0.00
2012.05.24 17:59:19.774,15.52852,15.53209,0.00,0.00
2012.05.24 17:59:20.092,15.52952,15.53253,0.00,0.00
2012.05.24 17:59:21.117,15.52901,15.53242,0.00,0.00
2012.05.24 17:59:21.504,15.52952,15.53304,0.00,0.00
2012.05.24 17:59:21.574,15.52993,15.53304,0.00,0.00
2012.05.24 17:59:21.668,15.52993,15.53353,0.00,0.00
2012.05.24 17:59:23.047,15.52966,15.53308,0.00,0.00
2012.05.24 17:59:23.637,15.52944,15.53293,0.00,0.00
2012.05.24 17:59:23.975,15.52948,15.53311,0.00,0.00
2012.05.24 17:59:24.076,15.52944,15.53293,0.00,0.00
2012.05.24 17:59:24.530,15.5297,15.53311,0.00,0.00
2012.05.24 17:59:24.686,15.52955,15.53297,0.00,0.00
2012.05.24 17:59:24.871,15.52963,15.53297,0.00,0.00
2012.05.24 17:59:25.015,15.5291,15.53273,0.00,0.00
2012.05.24 17:59:25.372,15.52983,15.53325,0.00,0.00
2012.05.24 17:59:25.583,15.53001,15.5335,0.00,0.00
2012.05.24 17:59:25.645,15.53043,15.5335,0.00,0.00
2012.05.24 17:59:26.134,15.52992,15.5335,0.00,0.00
2012.05.24 17:59:26.195,15.52983,15.53367,0.00,0.00
2012.05.24 17:59:26.496,15.5296,15.53309,0.00,0.00
2012.05.24 17:59:26.723,15.52983,15.53363,0.00,0.00
2012.05.24 17:59:26.944,15.52964,15.53305,0.00,0.00
2012.05.24 17:59:27.796,15.52945,15.53294,0.00,0.00
2012.05.24 17:59:27.947,15.52964,15.53313,0.00,0.00
2012.05.24 17:59:28.098,15.52981,15.53323,0.00,0.00
2012.05.24 17:59:28.563,15.5304,15.53435,0.00,0.00
2012.05.24 17:59:28.783,15.53035,15.53435,0.00,0.00
2012.05.24 17:59:29.125,15.53069,15.53435,0.00,0.00
2012.05.24 17:59:29.185,15.53003,15.53307,0.00,0.00
2012.05.24 17:59:29.415,15.52978,15.5332,0.00,0.00
2012.05.24 17:59:29.993,15.53003,15.53363,0.00,0.00
2012.05.24 17:59:30.133,15.53023,15.53406,0.00,0.00
2012.05.24 17:59:30.735,15.53043,15.53395,0.00,0.00
2012.05.24 17:59:30.854,15.5303,15.53379,0.00,0.00
2012.05.24 17:59:31.025,15.53043,15.5339,0.00,0.00
2012.05.24 17:59:31.171,15.53101,15.53512,0.00,0.00
2012.05.24 17:59:31.296,15.53041,15.5339,0.00,0.00
2012.05.24 17:59:31.852,15.52993,15.5339,0.00,0.00
2012.05.24 17:59:32.267,15.52946,15.53287,0.00,0.00
2012.05.24 17:59:32.603,15.52953,15.53273,0.00,0.00
2012.05.24 17:59:32.944,15.52903,15.53214,0.00,0.00
2012.05.24 17:59:33.004,15.52997,15.53408,0.00,0.00
2012.05.24 17:59:33.204,15.52865,15.53214,0.00,0.00
2012.05.24 17:59:33.532,15.52883,15.53214,0.00,0.00
2012.05.24 17:59:33.921,15.52863,15.53214,0.00,0.00
2012.05.24 17:59:35.510,15.52895,15.53306,0.00,0.00
2012.05.24 17:59:35.867,15.52893,15.533,0.00,0.00
2012.05.24 17:59:36.527,15.52853,15.53202,0.00,0.00
2012.05.24 17:59:37.242,15.52892,15.53295,0.00,0.00
2012.05.24 17:59:37.466,15.52903,15.53314,0.00,0.00
2012.05.24 17:59:38.448,15.53003,15.53314,0.00,0.00
2012.05.24 17:59:38.514,15.52984,15.53333,0.00,0.00
2012.05.24 17:59:38.943,15.53105,15.53469,0.00,0.00
2012.05.24 17:59:39.004,15.53083,15.53447,0.00,0.00
2012.05.24 17:59:39.525,15.53083,15.53385,0.00,0.00
2012.05.24 17:59:40.513,15.53101,15.53465,0.00,0.00
2012.05.24 17:59:40.833,15.52934,15.53283,0.00,0.00
2012.05.24 17:59:40.902,15.52923,15.53283,0.00,0.00
2012.05.24 17:59:41.024,15.53036,15.53399,0.00,0.00
2012.05.24 17:59:41.505,15.53034,15.53335,0.00,0.00
2012.05.24 17:59:42.415,15.52899,15.53248,0.00,0.00
2012.05.24 17:59:42.616,15.52821,15.5317,0.00,0.00
2012.05.24 17:59:43.111,15.52952,15.53252,0.00,0.00
2012.05.24 17:59:43.540,15.52952,15.53337,0.00,0.00
2012.05.24 17:59:44.577,15.52992,15.53355,0.00,0.00
2012.05.24 17:59:44.888,15.53006,15.53369,0.00,0.00
2012.05.24 17:59:45.195,15.52979,15.53343,0.00,0.00
2012.05.24 17:59:45.348,15.52995,15.53359,0.00,0.00
2012.05.24 17:59:45.416,15.52979,15.53343,0.00,0.00
2012.05.24 17:59:45.484,15.52979,15.53285,0.00,0.00
2012.05.24 17:59:45.566,15.52885,15.53285,0.00,0.00
2012.05.24 17:59:45.636,15.52883,15.53232,0.00,0.00
2012.05.24 17:59:46.309,15.52969,15.53332,0.00,0.00
2012.05.24 17:59:46.415,15.52927,15.53291,0.00,0.00
2012.05.24 17:59:46.569,15.52756,15.53097,0.00,0.00
2012.05.24 17:59:46.754,15.5263,15.53033,0.00,0.00
2012.05.24 17:59:47.274,15.52613,15.52987,0.00,0.00
2012.05.24 17:59:47.506,15.52692,15.53055,0.00,0.00
2012.05.24 17:59:47.758,15.52626,15.53035,0.00,0.00
2012.05.24 17:59:48.384,15.52626,15.52935,0.00,0.00
2012.05.24 17:59:49.538,15.52563,15.52935,0.00,0.00
2012.05.24 17:59:49.809,15.52419,15.52768,0.00,0.00
2012.05.24 17:59:49.875,15.52589,15.52953,0.00,0.00
2012.05.24 17:59:50.473,15.52564,15.52935,0.00,0.00
2012.05.24 17:59:50.532,15.52393,15.5276,0.00,0.00
2012.05.24 17:59:50.807,15.52393,15.52777,0.00,0.00
2012.05.24 17:59:51.260,15.52403,15.52755,0.00,0.00
2012.05.24 17:59:51.648,15.52363,15.52712,0.00,0.00
2012.05.24 17:59:51.713,15.52386,15.5279,0.00,0.00
2012.05.24 17:59:51.846,15.52273,15.5263,0.00,0.00
2012.05.24 17:59:52.246,15.52063,15.52468,0.00,0.00
2012.05.24 17:59:52.826,15.52134,15.52545,0.00,0.00
2012.05.24 17:59:53.250,15.52013,15.52393,0.00,0.00
2012.05.24 17:59:53.597,15.52043,15.52409,0.00,0.00
2012.05.24 17:59:54.105,15.52193,15.52557,0.00,0.00
2012.05.24 17:59:54.409,15.52033,15.52411,0.00,0.00
2012.05.24 17:59:54.809,15.52033,15.52394,0.00,0.00
2012.05.24 17:59:55.094,15.52165,15.52528,0.00,0.00
2012.05.24 17:59:55.508,15.52135,15.52435,0.00,0.00
2012.05.24 17:59:56.672,15.52149,15.52512,0.00,0.00
2012.05.24 17:59:56.854,15.5212,15.52483,0.00,0.00
2012.05.24 17:59:57.124,15.52099,15.52462,0.00,0.00
2012.05.24 17:59:57.640,15.52072,15.52435,0.00,0.00
2012.05.24 17:59:58.004,15.51963,15.52319,0.00,0.00
2012.05.24 17:59:59.637,15.51963,15.52339,0.00,0.00
