2012.05.04 02:00:01.911,16.3653,16.36896,0.00,0.00
2012.05.04 02:00:02.288,16.36561,16.36927,0.00,0.00
2012.05.04 02:00:02.769,16.36592,16.36958,0.00,0.00
2012.05.04 02:00:03.306,16.3661,16.36976,0.00,0.00
2012.05.04 02:00:04.722,16.36593,16.36959,0.00,0.00
2012.05.04 02:00:06.181,16.3661,16.36976,0.00,0.00
2012.05.04 02:00:06.512,16.36627,16.36993,0.00,0.00
2012.05.04 02:00:09.279,16.36601,16.36967,0.00,0.00
2012.05.04 02:00:12.637,16.36427,16.36793,0.00,0.00
2012.05.04 02:00:13.089,16.36445,16.36811,0.00,0.00
2012.05.04 02:00:13.415,16.36416,16.36782,0.00,0.00
2012.05.04 02:00:13.738,16.36467,16.36833,0.00,0.00
2012.05.04 02:00:14.078,16.36507,16.36873,0.00,0.00
2012.05.04 02:00:25.126,16.36528,16.36894,0.00,0.00
2012.05.04 02:00:25.457,16.36594,16.3696,0.00,0.00
2012.05.04 02:00:31.163,16.36564,16.3693,0.00,0.00
2012.05.04 02:00:32.142,16.36594,16.3696,0.00,0.00
2012.05.04 02:00:34.929,16.36611,16.36977,0.00,0.00
2012.05.04 02:00:35.436,16.36595,16.36961,0.00,0.00
2012.05.04 02:00:43.097,16.36665,16.37031,0.00,0.00
2012.05.04 02:00:51.606,16.36646,16.37012,0.00,0.00
2012.05.04 02:00:51.926,16.3653,16.36896,0.00,0.00
2012.05.04 02:00:54.807,16.36463,16.36829,0.00,0.00
2012.05.04 02:00:55.146,16.36484,16.3685,0.00,0.00
2012.05.04 02:00:55.597,16.36467,16.36833,0.00,0.00
2012.05.04 02:01:04.261,16.36491,16.36857,0.00,0.00
2012.05.04 02:01:13.605,16.36475,16.36841,0.00,0.00
2012.05.04 02:01:13.667,16.36452,16.36818,0.00,0.00
2012.05.04 02:01:14.296,16.36402,16.36768,0.00,0.00
2012.05.04 02:01:17.407,16.3637,16.36736,0.00,0.00
2012.05.04 02:01:21.218,16.36539,16.36905,0.00,0.00
2012.05.04 02:01:22.891,16.36521,16.36887,0.00,0.00
2012.05.04 02:01:26.056,16.36462,16.36828,0.00,0.00
2012.05.04 02:01:28.007,16.36479,16.36845,0.00,0.00
2012.05.04 02:01:30.039,16.36458,16.36824,0.00,0.00
2012.05.04 02:01:32.027,16.3648,16.36846,0.00,0.00
2012.05.04 02:01:36.581,16.36459,16.36825,0.00,0.00
2012.05.04 02:01:43.385,16.36485,16.36851,0.00,0.00
2012.05.04 02:01:52.817,16.36506,16.36872,0.00,0.00
2012.05.04 02:01:53.230,16.36569,16.36935,0.00,0.00
2012.05.04 02:02:18.762,16.36544,16.3691,0.00,0.00
2012.05.04 02:02:23.459,16.36569,16.36935,0.00,0.00
2012.05.04 02:02:28.607,16.36592,16.36958,0.00,0.00
2012.05.04 02:02:30.913,16.36576,16.36942,0.00,0.00
2012.05.04 02:02:31.758,16.36516,16.36882,0.00,0.00
2012.05.04 02:02:36.208,16.36535,16.36901,0.00,0.00
2012.05.04 02:02:36.761,16.36562,16.36928,0.00,0.00
2012.05.04 02:02:50.536,16.36578,16.36944,0.00,0.00
2012.05.04 02:02:50.876,16.36601,16.36967,0.00,0.00
2012.05.04 02:02:55.085,16.36512,16.37048,0.00,0.00
2012.05.04 02:02:55.148,16.36533,16.36899,0.00,0.00
2012.05.04 02:02:58.687,16.36604,16.3697,0.00,0.00
2012.05.04 02:02:59.297,16.36652,16.37018,0.00,0.00
2012.05.04 02:03:01.706,16.36731,16.37097,0.00,0.00
2012.05.04 02:03:04.707,16.36674,16.3704,0.00,0.00
2012.05.04 02:03:05.037,16.36627,16.36993,0.00,0.00
2012.05.04 02:03:12.558,16.36643,16.37009,0.00,0.00
2012.05.04 02:03:15.898,16.36722,16.37088,0.00,0.00
2012.05.04 02:03:17.240,16.36752,16.37104,0.00,0.00
2012.05.04 02:03:23.809,16.3676,16.37126,0.00,0.00
2012.05.04 02:03:24.671,16.36798,16.37164,0.00,0.00
2012.05.04 02:03:25.680,16.36816,16.37182,0.00,0.00
2012.05.04 02:03:31.529,16.36791,16.37157,0.00,0.00
2012.05.04 02:03:36.769,16.36773,16.37139,0.00,0.00
2012.05.04 02:03:45.687,16.36806,16.37172,0.00,0.00
2012.05.04 02:04:04.241,16.3679,16.37156,0.00,0.00
2012.05.04 02:04:09.069,16.36768,16.37134,0.00,0.00
2012.05.04 02:04:09.387,16.36751,16.37117,0.00,0.00
2012.05.04 02:04:10.114,16.36732,16.37098,0.00,0.00
2012.05.04 02:04:11.943,16.36752,16.37118,0.00,0.00
2012.05.04 02:04:22.348,16.36792,16.37158,0.00,0.00
2012.05.04 02:04:22.727,16.36819,16.37185,0.00,0.00
2012.05.04 02:04:44.291,16.36879,16.37245,0.00,0.00
2012.05.04 02:04:51.289,16.36852,16.37205,0.00,0.00
2012.05.04 02:04:55.608,16.3686,16.37226,0.00,0.00
2012.05.04 02:04:56.994,16.36879,16.37245,0.00,0.00
2012.05.04 02:04:57.355,16.36898,16.37264,0.00,0.00
2012.05.04 02:04:58.357,16.36944,16.3731,0.00,0.00
2012.05.04 02:04:59.322,16.36961,16.37327,0.00,0.00
2012.05.04 02:04:59.705,16.36952,16.373,0.00,0.00
2012.05.04 02:05:01.296,16.36915,16.37281,0.00,0.00
2012.05.04 02:05:03.045,16.36952,16.37298,0.00,0.00
2012.05.04 02:05:06.365,16.36916,16.37282,0.00,0.00
2012.05.04 02:05:11.673,16.36937,16.37303,0.00,0.00
2012.05.04 02:05:14.382,16.36898,16.37264,0.00,0.00
2012.05.04 02:05:15.463,16.36881,16.37247,0.00,0.00
2012.05.04 02:05:16.433,16.36904,16.3727,0.00,0.00
2012.05.04 02:05:18.336,16.36902,16.37268,0.00,0.00
2012.05.04 02:05:25.080,16.3693,16.37296,0.00,0.00
2012.05.04 02:05:25.410,16.36958,16.37324,0.00,0.00
2012.05.04 02:05:25.982,16.36974,16.3734,0.00,0.00
2012.05.04 02:05:28.077,16.37087,16.37453,0.00,0.00
2012.05.04 02:05:28.694,16.37071,16.37437,0.00,0.00
2012.05.04 02:05:30.451,16.37087,16.37453,0.00,0.00
2012.05.04 02:05:31.489,16.37153,16.37519,0.00,0.00
2012.05.04 02:05:32.387,16.37127,16.37493,0.00,0.00
2012.05.04 02:05:32.739,16.37146,16.37512,0.00,0.00
2012.05.04 02:05:33.089,16.37033,16.37399,0.00,0.00
2012.05.04 02:05:33.428,16.37016,16.37382,0.00,0.00
2012.05.04 02:05:35.813,16.36989,16.37355,0.00,0.00
2012.05.04 02:05:36.969,16.37009,16.37375,0.00,0.00
2012.05.04 02:05:37.349,16.3708,16.37446,0.00,0.00
2012.05.04 02:05:40.567,16.37063,16.37429,0.00,0.00
2012.05.04 02:05:43.795,16.37087,16.37453,0.00,0.00
2012.05.04 02:05:44.344,16.37131,16.37497,0.00,0.00
2012.05.04 02:05:44.828,16.37188,16.37554,0.00,0.00
2012.05.04 02:05:45.179,16.37213,16.37579,0.00,0.00
2012.05.04 02:05:46.185,16.37197,16.37563,0.00,0.00
2012.05.04 02:05:46.743,16.37179,16.37545,0.00,0.00
2012.05.04 02:05:47.738,16.37162,16.37528,0.00,0.00
2012.05.04 02:06:05.588,16.37152,16.37512,0.00,0.00
2012.05.04 02:06:10.815,16.37215,16.37581,0.00,0.00
2012.05.04 02:06:11.399,16.37152,16.37502,0.00,0.00
2012.05.04 02:06:13.237,16.37063,16.37429,0.00,0.00
2012.05.04 02:06:13.628,16.37044,16.3741,0.00,0.00
2012.05.04 02:06:14.918,16.37074,16.3744,0.00,0.00
2012.05.04 02:06:18.229,16.37058,16.37424,0.00,0.00
2012.05.04 02:06:19.258,16.37079,16.37445,0.00,0.00
2012.05.04 02:06:20.638,16.37058,16.37424,0.00,0.00
2012.05.04 02:06:21.335,16.37022,16.37388,0.00,0.00
2012.05.04 02:06:21.827,16.37039,16.37405,0.00,0.00
2012.05.04 02:06:23.507,16.3701,16.37376,0.00,0.00
2012.05.04 02:06:23.839,16.37035,16.37401,0.00,0.00
2012.05.04 02:06:28.077,16.37058,16.37424,0.00,0.00
2012.05.04 02:06:30.707,16.37039,16.37405,0.00,0.00
2012.05.04 02:06:31.207,16.37,16.37366,0.00,0.00
2012.05.04 02:06:31.545,16.3702,16.37386,0.00,0.00
2012.05.04 02:06:33.529,16.37002,16.37368,0.00,0.00
2012.05.04 02:06:38.755,16.36979,16.37345,0.00,0.00
2012.05.04 02:06:39.637,16.37027,16.37393,0.00,0.00
2012.05.04 02:06:40.121,16.37047,16.37413,0.00,0.00
2012.05.04 02:06:44.419,16.37028,16.37394,0.00,0.00
2012.05.04 02:06:45.074,16.37026,16.37392,0.00,0.00
2012.05.04 02:06:48.839,16.37001,16.37367,0.00,0.00
2012.05.04 02:06:53.287,16.37017,16.37383,0.00,0.00
2012.05.04 02:06:53.810,16.37059,16.37425,0.00,0.00
2012.05.04 02:06:54.605,16.37075,16.37441,0.00,0.00
2012.05.04 02:06:55.452,16.37093,16.37459,0.00,0.00
2012.05.04 02:07:04.971,16.37071,16.37437,0.00,0.00
2012.05.04 02:07:09.760,16.37052,16.37418,0.00,0.00
2012.05.04 02:07:11.983,16.3707,16.37436,0.00,0.00
2012.05.04 02:07:12.521,16.37141,16.37507,0.00,0.00
2012.05.04 02:07:16.534,16.37119,16.37485,0.00,0.00
2012.05.04 02:07:16.880,16.37076,16.37442,0.00,0.00
2012.05.04 02:07:17.193,16.37052,16.37418,0.00,0.00
2012.05.04 02:07:17.703,16.37076,16.37442,0.00,0.00
2012.05.04 02:07:41.771,16.37056,16.37422,0.00,0.00
2012.05.04 02:07:42.136,16.37018,16.37384,0.00,0.00
2012.05.04 02:07:42.491,16.37043,16.37409,0.00,0.00
2012.05.04 02:08:18.802,16.37061,16.37427,0.00,0.00
2012.05.04 02:08:20.693,16.37042,16.37408,0.00,0.00
2012.05.04 02:08:23.374,16.37061,16.37427,0.00,0.00
2012.05.04 02:08:25.695,16.37034,16.374,0.00,0.00
2012.05.04 02:08:28.643,16.37067,16.37433,0.00,0.00
2012.05.04 02:08:28.980,16.37049,16.37415,0.00,0.00
2012.05.04 02:08:37.061,16.37101,16.37467,0.00,0.00
2012.05.04 02:08:39.062,16.37043,16.37409,0.00,0.00
2012.05.04 02:08:58.896,16.37034,16.374,0.00,0.00
2012.05.04 02:08:59.802,16.37064,16.3743,0.00,0.00
2012.05.04 02:09:01.342,16.37043,16.37409,0.00,0.00
2012.05.04 02:09:01.673,16.37071,16.37437,0.00,0.00
2012.05.04 02:09:02.521,16.37043,16.37409,0.00,0.00
2012.05.04 02:09:04.203,16.37071,16.37437,0.00,0.00
2012.05.04 02:09:05.991,16.37041,16.37407,0.00,0.00
2012.05.04 02:09:12.664,16.37068,16.37434,0.00,0.00
2012.05.04 02:09:17.992,16.37039,16.37405,0.00,0.00
2012.05.04 02:09:21.772,16.37067,16.37433,0.00,0.00
2012.05.04 02:09:22.804,16.37038,16.37404,0.00,0.00
2012.05.04 02:09:23.165,16.36986,16.37352,0.00,0.00
2012.05.04 02:09:26.071,16.37002,16.37368,0.00,0.00
2012.05.04 02:09:46.371,16.36969,16.37335,0.00,0.00
2012.05.04 02:09:47.862,16.36945,16.37311,0.00,0.00
2012.05.04 02:09:55.743,16.36975,16.37339,0.00,0.00
2012.05.04 02:09:58.118,16.37059,16.37423,0.00,0.00
2012.05.04 02:10:11.604,16.37081,16.37445,0.00,0.00
2012.05.04 02:10:21.700,16.37055,16.37419,0.00,0.00
2012.05.04 02:10:25.164,16.37136,16.375,0.00,0.00
2012.05.04 02:10:25.686,16.37155,16.37519,0.00,0.00
2012.05.04 02:10:31.320,16.37132,16.37496,0.00,0.00
2012.05.04 02:10:38.253,16.37164,16.37528,0.00,0.00
2012.05.04 02:10:44.057,16.37184,16.37548,0.00,0.00
2012.05.04 02:10:49.975,16.37204,16.37568,0.00,0.00
2012.05.04 02:10:53.194,16.37225,16.37589,0.00,0.00
2012.05.04 02:10:53.593,16.37205,16.37569,0.00,0.00
2012.05.04 02:10:55.013,16.37184,16.37548,0.00,0.00
2012.05.04 02:10:55.464,16.37248,16.37612,0.00,0.00
2012.05.04 02:10:58.185,16.37192,16.37556,0.00,0.00
2012.05.04 02:11:08.003,16.37172,16.37536,0.00,0.00
2012.05.04 02:11:08.631,16.37201,16.37565,0.00,0.00
2012.05.04 02:11:10.053,16.37183,16.37547,0.00,0.00
2012.05.04 02:11:10.810,16.37202,16.37566,0.00,0.00
2012.05.04 02:11:12.105,16.37184,16.37548,0.00,0.00
2012.05.04 02:11:12.496,16.372,16.37564,0.00,0.00
2012.05.04 02:11:14.176,16.37183,16.37547,0.00,0.00
2012.05.04 02:11:18.143,16.37204,16.37568,0.00,0.00
2012.05.04 02:11:23.617,16.37185,16.37549,0.00,0.00
2012.05.04 02:11:24.167,16.37226,16.3759,0.00,0.00
2012.05.04 02:11:25.513,16.37303,16.37667,0.00,0.00
2012.05.04 02:11:25.882,16.37321,16.37685,0.00,0.00
2012.05.04 02:11:27.213,16.373,16.37664,0.00,0.00
2012.05.04 02:11:28.816,16.37316,16.3768,0.00,0.00
2012.05.04 02:11:29.238,16.373,16.37664,0.00,0.00
2012.05.04 02:11:33.555,16.37322,16.37686,0.00,0.00
2012.05.04 02:11:38.333,16.37303,16.37667,0.00,0.00
2012.05.04 02:11:45.692,16.37286,16.3765,0.00,0.00
2012.05.04 02:11:48.344,16.37302,16.37666,0.00,0.00
2012.05.04 02:11:50.115,16.37284,16.37648,0.00,0.00
2012.05.04 02:11:51.663,16.3725,16.37614,0.00,0.00
2012.05.04 02:11:52.003,16.37335,16.37699,0.00,0.00
2012.05.04 02:11:53.025,16.37317,16.37681,0.00,0.00
2012.05.04 02:11:56.193,16.37304,16.37668,0.00,0.00
2012.05.04 02:11:58.026,16.37288,16.37652,0.00,0.00
2012.05.04 02:12:01.475,16.37304,16.37668,0.00,0.00
2012.05.04 02:12:06.173,16.37285,16.37649,0.00,0.00
2012.05.04 02:12:12.725,16.37266,16.3763,0.00,0.00
2012.05.04 02:12:24.294,16.37252,16.37614,0.00,0.00
2012.05.04 02:12:25.227,16.37268,16.37632,0.00,0.00
2012.05.04 02:12:26.192,16.37252,16.3761,0.00,0.00
2012.05.04 02:12:30.321,16.37266,16.3763,0.00,0.00
2012.05.04 02:12:34.859,16.37283,16.37647,0.00,0.00
2012.05.04 02:12:36.091,16.37267,16.37631,0.00,0.00
2012.05.04 02:12:37.249,16.37284,16.37648,0.00,0.00
2012.05.04 02:12:50.783,16.37279,16.37643,0.00,0.00
2012.05.04 02:12:56.173,16.37361,16.37725,0.00,0.00
2012.05.04 02:12:56.589,16.3729,16.37654,0.00,0.00
2012.05.04 02:12:56.923,16.37254,16.37618,0.00,0.00
2012.05.04 02:12:57.789,16.37252,16.37599,0.00,0.00
2012.05.04 02:13:02.224,16.37254,16.37618,0.00,0.00
2012.05.04 02:13:04.773,16.37252,16.37594,0.00,0.00
2012.05.04 02:13:09.908,16.37252,16.37611,0.00,0.00
2012.05.04 02:13:10.238,16.37252,16.37592,0.00,0.00
2012.05.04 02:13:15.153,16.37257,16.37621,0.00,0.00
2012.05.04 02:13:16.200,16.37252,16.37604,0.00,0.00
2012.05.04 02:13:20.905,16.37252,16.37588,0.00,0.00
2012.05.04 02:13:22.865,16.37136,16.375,0.00,0.00
2012.05.04 02:13:23.920,16.37109,16.37473,0.00,0.00
2012.05.04 02:13:25.379,16.37091,16.37455,0.00,0.00
2012.05.04 02:13:36.864,16.37122,16.37486,0.00,0.00
2012.05.04 02:13:39.096,16.37102,16.37466,0.00,0.00
2012.05.04 02:13:58.920,16.37121,16.37485,0.00,0.00
2012.05.04 02:14:05.160,16.37146,16.3751,0.00,0.00
2012.05.04 02:14:22.393,16.37129,16.37493,0.00,0.00
2012.05.04 02:14:28.633,16.37112,16.37476,0.00,0.00
2012.05.04 02:14:29.773,16.37047,16.37411,0.00,0.00
2012.05.04 02:14:30.781,16.37023,16.37387,0.00,0.00
2012.05.04 02:14:34.184,16.36995,16.37359,0.00,0.00
2012.05.04 02:14:35.081,16.36966,16.3733,0.00,0.00
2012.05.04 02:14:35.484,16.36945,16.37309,0.00,0.00
2012.05.04 02:14:36.631,16.36924,16.37288,0.00,0.00
2012.05.04 02:14:36.963,16.36965,16.37329,0.00,0.00
2012.05.04 02:14:42.033,16.36987,16.37351,0.00,0.00
2012.05.04 02:14:42.385,16.36967,16.37331,0.00,0.00
2012.05.04 02:14:42.721,16.36947,16.37311,0.00,0.00
2012.05.04 02:14:44.184,16.36923,16.37287,0.00,0.00
2012.05.04 02:14:46.776,16.36891,16.37255,0.00,0.00
2012.05.04 02:14:54.745,16.36956,16.3732,0.00,0.00
2012.05.04 02:14:58.563,16.36973,16.37337,0.00,0.00
2012.05.04 02:15:00.655,16.36953,16.37317,0.00,0.00
2012.05.04 02:15:06.008,16.36984,16.37348,0.00,0.00
2012.05.04 02:15:09.053,16.37076,16.3744,0.00,0.00
2012.05.04 02:15:09.961,16.37036,16.374,0.00,0.00
2012.05.04 02:15:12.598,16.36972,16.37299,0.00,0.00
2012.05.04 02:15:14.793,16.36905,16.37269,0.00,0.00
2012.05.04 02:15:16.754,16.36889,16.37253,0.00,0.00
2012.05.04 02:15:24.908,16.36905,16.37269,0.00,0.00
2012.05.04 02:15:32.205,16.3688,16.37244,0.00,0.00
2012.05.04 02:15:33.653,16.36884,16.37248,0.00,0.00
2012.05.04 02:15:34.067,16.36849,16.37213,0.00,0.00
2012.05.04 02:15:36.646,16.36907,16.37271,0.00,0.00
2012.05.04 02:15:56.394,16.36881,16.37245,0.00,0.00
2012.05.04 02:16:07.325,16.3684,16.37204,0.00,0.00
2012.05.04 02:16:14.543,16.36817,16.37181,0.00,0.00
2012.05.04 02:16:30.682,16.36794,16.37158,0.00,0.00
2012.05.04 02:16:36.185,16.36812,16.37176,0.00,0.00
2012.05.04 02:16:47.787,16.36796,16.3716,0.00,0.00
2012.05.04 02:17:06.344,16.3678,16.37144,0.00,0.00
2012.05.04 02:17:22.298,16.36763,16.37127,0.00,0.00
2012.05.04 02:17:22.615,16.36788,16.37152,0.00,0.00
2012.05.04 02:17:24.385,16.36784,16.37148,0.00,0.00
2012.05.04 02:17:40.054,16.36767,16.37131,0.00,0.00
2012.05.04 02:17:58.846,16.3675,16.37114,0.00,0.00
2012.05.04 02:18:05.148,16.36725,16.37089,0.00,0.00
2012.05.04 02:18:52.876,16.36719,16.37083,0.00,0.00
2012.05.04 02:18:53.423,16.36696,16.3706,0.00,0.00
2012.05.04 02:18:53.886,16.36715,16.37079,0.00,0.00
2012.05.04 02:18:55.395,16.36698,16.37062,0.00,0.00
2012.05.04 02:18:55.897,16.36728,16.37092,0.00,0.00
2012.05.04 02:18:56.249,16.36751,16.37115,0.00,0.00
2012.05.04 02:18:57.904,16.3679,16.37154,0.00,0.00
2012.05.04 02:18:58.484,16.3683,16.37194,0.00,0.00
2012.05.04 02:18:59.734,16.36791,16.37155,0.00,0.00
2012.05.04 02:19:02.720,16.36815,16.37179,0.00,0.00
2012.05.04 02:19:03.272,16.36789,16.37153,0.00,0.00
2012.05.04 02:19:06.078,16.36805,16.37169,0.00,0.00
2012.05.04 02:19:07.704,16.36779,16.37143,0.00,0.00
2012.05.04 02:19:08.073,16.36824,16.37188,0.00,0.00
2012.05.04 02:19:08.613,16.36841,16.37205,0.00,0.00
2012.05.04 02:19:11.643,16.36813,16.37177,0.00,0.00
2012.05.04 02:19:14.032,16.36795,16.37159,0.00,0.00
2012.05.04 02:19:14.594,16.36813,16.37177,0.00,0.00
2012.05.04 02:19:24.349,16.36861,16.37225,0.00,0.00
2012.05.04 02:19:26.946,16.36886,16.3725,0.00,0.00
2012.05.04 02:19:31.098,16.36925,16.37289,0.00,0.00
2012.05.04 02:19:31.417,16.36961,16.37325,0.00,0.00
2012.05.04 02:19:34.267,16.36927,16.37291,0.00,0.00
2012.05.04 02:19:38.385,16.36868,16.37232,0.00,0.00
2012.05.04 02:20:32.231,16.36852,16.37214,0.00,0.00
2012.05.04 02:20:44.334,16.36866,16.3723,0.00,0.00
2012.05.04 02:20:55.300,16.36852,16.37211,0.00,0.00
2012.05.04 02:20:58.286,16.36868,16.37232,0.00,0.00
2012.05.04 02:21:03.244,16.36852,16.37211,0.00,0.00
2012.05.04 02:21:08.851,16.36852,16.37184,0.00,0.00
2012.05.04 02:21:09.523,16.36801,16.37165,0.00,0.00
2012.05.04 02:21:09.832,16.36759,16.37123,0.00,0.00
2012.05.04 02:21:10.434,16.36724,16.37088,0.00,0.00
2012.05.04 02:21:10.937,16.36712,16.37076,0.00,0.00
2012.05.04 02:21:15.866,16.36696,16.3706,0.00,0.00
2012.05.04 02:21:23.550,16.36678,16.37042,0.00,0.00
2012.05.04 02:21:24.919,16.367,16.37064,0.00,0.00
2012.05.04 02:21:25.299,16.3672,16.37084,0.00,0.00
2012.05.04 02:21:34.545,16.3675,16.37114,0.00,0.00
2012.05.04 02:21:47.005,16.36896,16.3726,0.00,0.00
2012.05.04 02:21:51.887,16.36929,16.37293,0.00,0.00
2012.05.04 02:21:52.214,16.36919,16.37283,0.00,0.00
2012.05.04 02:21:52.566,16.36932,16.37296,0.00,0.00
2012.05.04 02:21:55.042,16.36879,16.37243,0.00,0.00
2012.05.04 02:21:56.322,16.369,16.37264,0.00,0.00
2012.05.04 02:21:58.414,16.36872,16.37236,0.00,0.00
2012.05.04 02:21:59.514,16.36819,16.37183,0.00,0.00
2012.05.04 02:22:00.062,16.36752,16.37116,0.00,0.00
2012.05.04 02:22:01.694,16.36751,16.37115,0.00,0.00
2012.05.04 02:22:03.461,16.3681,16.37174,0.00,0.00
2012.05.04 02:22:03.964,16.36883,16.37247,0.00,0.00
2012.05.04 02:23:03.810,16.36852,16.37448,0.00,0.00
2012.05.04 02:23:05.148,16.36752,16.37438,0.00,0.00
2012.05.04 02:23:05.214,16.3686,16.37224,0.00,0.00
2012.05.04 02:23:05.545,16.36897,16.37261,0.00,0.00
2012.05.04 02:23:46.124,16.36845,16.37209,0.00,0.00
2012.05.04 02:23:46.494,16.36847,16.37211,0.00,0.00
2012.05.04 02:24:02.727,16.36822,16.37186,0.00,0.00
2012.05.04 02:24:07.751,16.36805,16.37169,0.00,0.00
2012.05.04 02:24:20.959,16.36825,16.37189,0.00,0.00
2012.05.04 02:24:55.737,16.36826,16.3719,0.00,0.00
2012.05.04 02:24:56.168,16.36844,16.37208,0.00,0.00
2012.05.04 02:24:56.744,16.36875,16.37239,0.00,0.00
2012.05.04 02:24:58.662,16.36857,16.37221,0.00,0.00
2012.05.04 02:25:14.184,16.36915,16.37279,0.00,0.00
2012.05.04 02:25:27.642,16.36945,16.37247,0.00,0.00
2012.05.04 02:25:27.708,16.36883,16.37247,0.00,0.00
2012.05.04 02:25:51.294,16.36912,16.37276,0.00,0.00
2012.05.04 02:26:17.802,16.36952,16.37293,0.00,0.00
2012.05.04 02:26:23.406,16.36957,16.37321,0.00,0.00
2012.05.04 02:26:32.408,16.3706,16.37424,0.00,0.00
2012.05.04 02:26:32.725,16.37109,16.37473,0.00,0.00
2012.05.04 02:26:33.707,16.37129,16.37493,0.00,0.00
2012.05.04 02:26:34.058,16.37145,16.37509,0.00,0.00
2012.05.04 02:26:39.426,16.37166,16.3753,0.00,0.00
2012.05.04 02:26:39.972,16.37144,16.37508,0.00,0.00
2012.05.04 02:26:59.117,16.37127,16.37491,0.00,0.00
2012.05.04 02:27:06.066,16.37145,16.37509,0.00,0.00
2012.05.04 02:27:10.057,16.37127,16.37491,0.00,0.00
2012.05.04 02:27:11.368,16.37111,16.37475,0.00,0.00
2012.05.04 02:27:11.707,16.37091,16.37455,0.00,0.00
2012.05.04 02:27:14.459,16.37109,16.37473,0.00,0.00
2012.05.04 02:27:18.108,16.37093,16.37457,0.00,0.00
2012.05.04 02:27:19.046,16.37061,16.37425,0.00,0.00
2012.05.04 02:27:30.371,16.37094,16.37458,0.00,0.00
2012.05.04 02:27:32.320,16.3711,16.37474,0.00,0.00
2012.05.04 02:27:42.536,16.37094,16.37458,0.00,0.00
2012.05.04 02:27:54.066,16.37093,16.37457,0.00,0.00
2012.05.04 02:28:13.546,16.37112,16.37476,0.00,0.00
2012.05.04 02:28:30.873,16.37096,16.3746,0.00,0.00
2012.05.04 02:28:50.950,16.37082,16.37425,0.00,0.00
2012.05.04 02:29:05.996,16.37081,16.37445,0.00,0.00
2012.05.04 02:29:20.014,16.37063,16.37427,0.00,0.00
2012.05.04 02:29:45.859,16.37079,16.37443,0.00,0.00
2012.05.04 02:30:01.142,16.37058,16.37422,0.00,0.00
2012.05.04 02:30:04.245,16.37037,16.37401,0.00,0.00
2012.05.04 02:30:04.784,16.36921,16.37285,0.00,0.00
2012.05.04 02:30:05.355,16.36866,16.3723,0.00,0.00
2012.05.04 02:30:05.698,16.36876,16.3724,0.00,0.00
2012.05.04 02:30:06.001,16.36847,16.37211,0.00,0.00
2012.05.04 02:30:06.381,16.36923,16.37287,0.00,0.00
2012.05.04 02:30:07.099,16.36939,16.37303,0.00,0.00
2012.05.04 02:30:10.517,16.36919,16.37283,0.00,0.00
2012.05.04 02:30:10.836,16.36867,16.37231,0.00,0.00
2012.05.04 02:30:11.165,16.36887,16.37251,0.00,0.00
2012.05.04 02:30:11.905,16.36905,16.37269,0.00,0.00
2012.05.04 02:30:12.427,16.36929,16.37293,0.00,0.00
2012.05.04 02:30:16.556,16.36947,16.37311,0.00,0.00
2012.05.04 02:30:19.956,16.3701,16.37374,0.00,0.00
2012.05.04 02:30:29.907,16.36992,16.37356,0.00,0.00
2012.05.04 02:30:32.587,16.37011,16.37375,0.00,0.00
2012.05.04 02:30:32.970,16.36994,16.37358,0.00,0.00
2012.05.04 02:30:34.888,16.3701,16.37374,0.00,0.00
2012.05.04 02:30:36.528,16.36992,16.37356,0.00,0.00
2012.05.04 02:30:36.960,16.37011,16.37375,0.00,0.00
2012.05.04 02:30:40.612,16.37027,16.37391,0.00,0.00
2012.05.04 02:30:41.821,16.37049,16.37413,0.00,0.00
2012.05.04 02:30:42.221,16.37088,16.37451,0.00,0.00
2012.05.04 02:30:42.557,16.37064,16.37428,0.00,0.00
2012.05.04 02:30:43.040,16.37048,16.37412,0.00,0.00
2012.05.04 02:30:43.545,16.37069,16.37433,0.00,0.00
2012.05.04 02:30:46.986,16.37043,16.37407,0.00,0.00
2012.05.04 02:30:47.429,16.37059,16.37423,0.00,0.00
2012.05.04 02:30:49.572,16.37043,16.37407,0.00,0.00
2012.05.04 02:30:50.121,16.37064,16.37428,0.00,0.00
2012.05.04 02:30:50.489,16.37029,16.37393,0.00,0.00
2012.05.04 02:30:50.931,16.37075,16.37439,0.00,0.00
2012.05.04 02:30:52.666,16.37091,16.37455,0.00,0.00
2012.05.04 02:31:01.859,16.37066,16.3743,0.00,0.00
2012.05.04 02:31:04.206,16.37052,16.37407,0.00,0.00
2012.05.04 02:31:10.386,16.37027,16.37391,0.00,0.00
2012.05.04 02:31:15.056,16.37009,16.37373,0.00,0.00
2012.05.04 02:31:19.587,16.3703,16.37394,0.00,0.00
2012.05.04 02:31:26.236,16.36971,16.37335,0.00,0.00
2012.05.04 02:31:31.476,16.36948,16.37312,0.00,0.00
2012.05.04 02:31:38.309,16.36968,16.37332,0.00,0.00
2012.05.04 02:32:05.832,16.37039,16.37403,0.00,0.00
2012.05.04 02:32:06.167,16.37076,16.3744,0.00,0.00
2012.05.04 02:32:11.742,16.37092,16.37456,0.00,0.00
2012.05.04 02:32:12.235,16.37059,16.37423,0.00,0.00
2012.05.04 02:32:22.078,16.37077,16.37441,0.00,0.00
2012.05.04 02:32:25.388,16.37061,16.37425,0.00,0.00
2012.05.04 02:32:31.741,16.37077,16.37441,0.00,0.00
2012.05.04 02:32:39.146,16.37058,16.37422,0.00,0.00
2012.05.04 02:32:48.946,16.37023,16.37387,0.00,0.00
2012.05.04 02:32:49.279,16.36913,16.37277,0.00,0.00
2012.05.04 02:32:50.606,16.36932,16.37296,0.00,0.00
2012.05.04 02:33:03.357,16.3695,16.37314,0.00,0.00
2012.05.04 02:33:11.333,16.36747,16.37048,0.00,0.00
2012.05.04 02:33:11.397,16.36747,16.37048,0.00,0.00
2012.05.04 02:33:11.458,16.36761,16.37124,0.00,0.00
2012.05.04 02:33:11.855,16.36747,16.37048,0.00,0.00
2012.05.04 02:33:12.238,16.36652,16.36952,0.00,0.00
2012.05.04 02:33:12.489,16.36763,16.37063,0.00,0.00
2012.05.04 02:33:15.252,16.36652,16.36952,0.00,0.00
2012.05.04 02:33:15.622,16.36742,16.37105,0.00,0.00
2012.05.04 02:33:16.063,16.36652,16.36952,0.00,0.00
2012.05.04 02:33:16.142,16.36678,16.36978,0.00,0.00
2012.05.04 02:33:19.286,16.36652,16.36952,0.00,0.00
2012.05.04 02:33:19.351,16.36788,16.37151,0.00,0.00
2012.05.04 02:33:19.501,16.36788,16.37088,0.00,0.00
2012.05.04 02:33:19.769,16.36771,16.37071,0.00,0.00
2012.05.04 02:33:21.790,16.36794,16.37157,0.00,0.00
2012.05.04 02:33:22.447,16.36767,16.3713,0.00,0.00
2012.05.04 02:33:24.608,16.36784,16.37148,0.00,0.00
2012.05.04 02:33:25.394,16.36765,16.37128,0.00,0.00
2012.05.04 02:33:27.549,16.36765,16.37065,0.00,0.00
2012.05.04 02:33:27.875,16.36765,16.37066,0.00,0.00
2012.05.04 02:33:31.994,16.36652,16.36952,0.00,0.00
2012.05.04 02:33:35.805,16.36747,16.3711,0.00,0.00
2012.05.04 02:33:39.588,16.36746,16.37109,0.00,0.00
2012.05.04 02:33:47.290,16.36783,16.37147,0.00,0.00
2012.05.04 02:33:47.357,16.36652,16.36952,0.00,0.00
2012.05.04 02:33:47.620,16.36755,16.37118,0.00,0.00
2012.05.04 02:33:48.041,16.36726,16.3709,0.00,0.00
2012.05.04 02:33:50.269,16.36748,16.37111,0.00,0.00
2012.05.04 02:33:59.142,16.36729,16.37093,0.00,0.00
2012.05.04 02:34:08.694,16.36706,16.37069,0.00,0.00
2012.05.04 02:34:08.790,16.36652,16.36952,0.00,0.00
2012.05.04 02:34:24.838,16.36626,16.36928,0.00,0.00
2012.05.04 02:34:24.898,16.36534,16.36898,0.00,0.00
2012.05.04 02:34:25.853,16.36452,16.36752,0.00,0.00
2012.05.04 02:34:25.919,16.36452,16.36752,0.00,0.00
2012.05.04 02:34:26.670,16.36452,16.36752,0.00,0.00
2012.05.04 02:34:34.861,16.36479,16.36842,0.00,0.00
2012.05.04 02:34:42.240,16.36352,16.36652,0.00,0.00
2012.05.04 02:34:42.369,16.36435,16.36798,0.00,0.00
2012.05.04 02:34:42.490,16.36337,16.36638,0.00,0.00
2012.05.04 02:34:42.648,16.36435,16.36738,0.00,0.00
2012.05.04 02:34:42.707,16.36458,16.36821,0.00,0.00
2012.05.04 02:34:43.096,16.36437,16.36738,0.00,0.00
2012.05.04 02:34:43.595,16.36454,16.36818,0.00,0.00
2012.05.04 02:34:43.959,16.3643,16.36758,0.00,0.00
2012.05.04 02:34:55.467,16.36447,16.3681,0.00,0.00
2012.05.04 02:35:03.566,16.36465,16.36829,0.00,0.00
2012.05.04 02:35:05.999,16.36492,16.36856,0.00,0.00
2012.05.04 02:35:06.767,16.36494,16.36858,0.00,0.00
2012.05.04 02:35:14.126,16.36465,16.36829,0.00,0.00
2012.05.04 02:35:14.586,16.36494,16.36857,0.00,0.00
2012.05.04 02:35:19.845,16.36565,16.36928,0.00,0.00
2012.05.04 02:35:48.577,16.36548,16.36912,0.00,0.00
2012.05.04 02:35:48.880,16.36576,16.3694,0.00,0.00
2012.05.04 02:35:57.817,16.36671,16.37035,0.00,0.00
2012.05.04 02:35:58.195,16.36653,16.37017,0.00,0.00
2012.05.04 02:35:59.647,16.36629,16.36993,0.00,0.00
2012.05.04 02:36:03.505,16.36657,16.37021,0.00,0.00
2012.05.04 02:36:03.819,16.36677,16.37041,0.00,0.00
2012.05.04 02:36:07.612,16.36659,16.37023,0.00,0.00
2012.05.04 02:36:09.209,16.36638,16.37002,0.00,0.00
2012.05.04 02:36:19.578,16.36656,16.3702,0.00,0.00
2012.05.04 02:36:29.458,16.36636,16.37,0.00,0.00
2012.05.04 02:36:29.861,16.36579,16.36943,0.00,0.00
2012.05.04 02:36:56.452,16.36561,16.36925,0.00,0.00
2012.05.04 02:36:57.168,16.36552,16.36907,0.00,0.00
2012.05.04 02:37:17.310,16.36564,16.36928,0.00,0.00
2012.05.04 02:37:18.377,16.36548,16.36912,0.00,0.00
2012.05.04 02:37:20.315,16.36568,16.36932,0.00,0.00
2012.05.04 02:37:26.517,16.36586,16.3695,0.00,0.00
2012.05.04 02:37:39.720,16.36565,16.36929,0.00,0.00
2012.05.04 02:37:52.847,16.36552,16.36899,0.00,0.00
2012.05.04 02:37:53.191,16.36513,16.36877,0.00,0.00
2012.05.04 02:38:09.891,16.36533,16.36897,0.00,0.00
2012.05.04 02:38:13.113,16.36552,16.36916,0.00,0.00
2012.05.04 02:38:21.781,16.36533,16.36897,0.00,0.00
2012.05.04 02:38:22.127,16.36487,16.36851,0.00,0.00
2012.05.04 02:38:25.866,16.3648,16.36844,0.00,0.00
2012.05.04 02:38:29.297,16.36463,16.36827,0.00,0.00
2012.05.04 02:38:29.617,16.36445,16.36809,0.00,0.00
2012.05.04 02:38:31.198,16.36467,16.36831,0.00,0.00
2012.05.04 02:38:31.607,16.36561,16.36925,0.00,0.00
2012.05.04 02:38:33.148,16.36552,16.36907,0.00,0.00
2012.05.04 02:38:40.638,16.36563,16.36927,0.00,0.00
2012.05.04 02:38:41.868,16.36545,16.36909,0.00,0.00
2012.05.04 02:38:43.679,16.36526,16.3689,0.00,0.00
2012.05.04 02:38:44.064,16.36507,16.36871,0.00,0.00
2012.05.04 02:38:45.860,16.36527,16.36891,0.00,0.00
2012.05.04 02:38:48.297,16.36503,16.36867,0.00,0.00
2012.05.04 02:38:48.637,16.36479,16.36843,0.00,0.00
2012.05.04 02:38:50.659,16.3657,16.36934,0.00,0.00
2012.05.04 02:38:51.027,16.36552,16.36915,0.00,0.00
2012.05.04 02:38:51.400,16.36552,16.36877,0.00,0.00
2012.05.04 02:38:52.059,16.3652,16.36884,0.00,0.00
2012.05.04 02:38:52.438,16.36458,16.36822,0.00,0.00
2012.05.04 02:38:54.224,16.36492,16.36856,0.00,0.00
2012.05.04 02:38:59.499,16.36475,16.36839,0.00,0.00
2012.05.04 02:39:04.239,16.36523,16.36887,0.00,0.00
2012.05.04 02:39:05.242,16.36552,16.36907,0.00,0.00
2012.05.04 02:39:08.568,16.36552,16.36886,0.00,0.00
2012.05.04 02:39:10.249,16.3662,16.36984,0.00,0.00
2012.05.04 02:39:11.708,16.36603,16.36967,0.00,0.00
2012.05.04 02:39:20.258,16.36625,16.36989,0.00,0.00
2012.05.04 02:39:20.816,16.36675,16.37039,0.00,0.00
2012.05.04 02:39:26.167,16.36694,16.37058,0.00,0.00
2012.05.04 02:39:30.167,16.36674,16.37038,0.00,0.00
2012.05.04 02:39:30.537,16.36634,16.36998,0.00,0.00
2012.05.04 02:39:35.348,16.36707,16.37071,0.00,0.00
2012.05.04 02:39:36.230,16.36689,16.37053,0.00,0.00
2012.05.04 02:39:49.268,16.36658,16.37022,0.00,0.00
2012.05.04 02:39:54.097,16.36652,16.37006,0.00,0.00
2012.05.04 02:39:55.197,16.36672,16.37036,0.00,0.00
2012.05.04 02:40:04.455,16.36652,16.37011,0.00,0.00
2012.05.04 02:40:04.777,16.36552,16.36911,0.00,0.00
2012.05.04 02:40:05.915,16.36565,16.36929,0.00,0.00
2012.05.04 02:40:06.314,16.36552,16.36897,0.00,0.00
2012.05.04 02:40:06.798,16.36552,16.36875,0.00,0.00
2012.05.04 02:40:07.929,16.36494,16.36858,0.00,0.00
2012.05.04 02:40:08.882,16.36511,16.36875,0.00,0.00
2012.05.04 02:40:09.278,16.36492,16.36856,0.00,0.00
2012.05.04 02:40:10.363,16.36516,16.3688,0.00,0.00
2012.05.04 02:40:11.362,16.36497,16.36861,0.00,0.00
2012.05.04 02:40:14.577,16.36453,16.36817,0.00,0.00
2012.05.04 02:40:15.538,16.36402,16.36766,0.00,0.00
2012.05.04 02:40:16.172,16.36384,16.36748,0.00,0.00
2012.05.04 02:40:20.370,16.36405,16.36769,0.00,0.00
2012.05.04 02:40:20.717,16.36499,16.36863,0.00,0.00
2012.05.04 02:40:25.529,16.36492,16.36856,0.00,0.00
2012.05.04 02:40:26.146,16.36475,16.36839,0.00,0.00
2012.05.04 02:40:27.197,16.36452,16.36816,0.00,0.00
2012.05.04 02:40:27.517,16.36387,16.36751,0.00,0.00
2012.05.04 02:40:28.537,16.36405,16.36769,0.00,0.00
2012.05.04 02:40:29.023,16.36379,16.36743,0.00,0.00
2012.05.04 02:40:29.486,16.36402,16.36766,0.00,0.00
2012.05.04 02:40:29.919,16.36386,16.3675,0.00,0.00
2012.05.04 02:40:30.311,16.36406,16.3677,0.00,0.00
2012.05.04 02:40:31.277,16.36466,16.3683,0.00,0.00
2012.05.04 02:40:47.250,16.36448,16.36812,0.00,0.00
2012.05.04 02:40:47.560,16.36352,16.36678,0.00,0.00
2012.05.04 02:40:53.219,16.36352,16.36696,0.00,0.00
2012.05.04 02:40:53.528,16.36352,16.36714,0.00,0.00
2012.05.04 02:40:56.461,16.36334,16.36636,0.00,0.00
2012.05.04 02:40:56.531,16.36272,16.36636,0.00,0.00
2012.05.04 02:41:04.503,16.36256,16.3662,0.00,0.00
2012.05.04 02:41:06.358,16.36292,16.36656,0.00,0.00
2012.05.04 02:41:07.540,16.36272,16.36636,0.00,0.00
2012.05.04 02:41:13.788,16.36252,16.36616,0.00,0.00
2012.05.04 02:41:14.960,16.36236,16.366,0.00,0.00
2012.05.04 02:41:15.729,16.36218,16.36582,0.00,0.00
2012.05.04 02:41:17.547,16.36235,16.36599,0.00,0.00
2012.05.04 02:41:37.399,16.36213,16.36577,0.00,0.00
2012.05.04 02:41:46.050,16.36229,16.36593,0.00,0.00
2012.05.04 02:41:51.268,16.36233,16.36597,0.00,0.00
2012.05.04 02:41:51.668,16.36298,16.36662,0.00,0.00
2012.05.04 02:41:52.189,16.36269,16.36633,0.00,0.00
2012.05.04 02:41:54.129,16.36298,16.36662,0.00,0.00
2012.05.04 02:41:58.097,16.36319,16.36683,0.00,0.00
2012.05.04 02:42:03.264,16.36383,16.36747,0.00,0.00
2012.05.04 02:42:04.968,16.36364,16.36728,0.00,0.00
2012.05.04 02:42:09.068,16.36386,16.3675,0.00,0.00
2012.05.04 02:42:09.655,16.36368,16.36732,0.00,0.00
2012.05.04 02:42:10.838,16.36352,16.36715,0.00,0.00
2012.05.04 02:42:12.698,16.36324,16.36688,0.00,0.00
2012.05.04 02:42:16.571,16.3634,16.36704,0.00,0.00
2012.05.04 02:42:16.899,16.36377,16.36741,0.00,0.00
2012.05.04 02:42:18.360,16.36304,16.36668,0.00,0.00
2012.05.04 02:42:18.688,16.36287,16.36651,0.00,0.00
2012.05.04 02:42:19.593,16.36333,16.36697,0.00,0.00
2012.05.04 02:42:20.298,16.36357,16.36721,0.00,0.00
2012.05.04 02:42:42.067,16.36333,16.36697,0.00,0.00
2012.05.04 02:42:43.048,16.36358,16.36722,0.00,0.00
2012.05.04 02:42:43.378,16.36377,16.36741,0.00,0.00
2012.05.04 02:42:45.516,16.36354,16.36718,0.00,0.00
2012.05.04 02:42:45.846,16.3632,16.36684,0.00,0.00
2012.05.04 02:42:49.013,16.36303,16.36667,0.00,0.00
2012.05.04 02:42:57.238,16.36335,16.36699,0.00,0.00
2012.05.04 02:43:00.440,16.36354,16.36718,0.00,0.00
2012.05.04 02:43:03.538,16.36338,16.36702,0.00,0.00
2012.05.04 02:43:05.450,16.3632,16.36684,0.00,0.00
2012.05.04 02:43:10.318,16.36284,16.36648,0.00,0.00
2012.05.04 02:43:14.569,16.36264,16.36628,0.00,0.00
2012.05.04 02:43:15.198,16.36244,16.36608,0.00,0.00
2012.05.04 02:43:15.697,16.3622,16.36584,0.00,0.00
2012.05.04 02:43:17.108,16.36236,16.366,0.00,0.00
2012.05.04 02:43:17.969,16.36171,16.36535,0.00,0.00
2012.05.04 02:43:19.695,16.36189,16.36553,0.00,0.00
2012.05.04 02:43:20.179,16.36212,16.36576,0.00,0.00
2012.05.04 02:43:20.520,16.36228,16.36592,0.00,0.00
2012.05.04 02:43:20.850,16.3631,16.36674,0.00,0.00
2012.05.04 02:43:21.178,16.36266,16.3663,0.00,0.00
2012.05.04 02:43:21.669,16.36207,16.36571,0.00,0.00
2012.05.04 02:43:22.039,16.36415,16.36778,0.00,0.00
2012.05.04 02:43:22.347,16.36347,16.36648,0.00,0.00
2012.05.04 02:43:22.440,16.36176,16.3654,0.00,0.00
2012.05.04 02:43:22.757,16.36205,16.36569,0.00,0.00
2012.05.04 02:43:23.092,16.36221,16.36585,0.00,0.00
2012.05.04 02:43:24.129,16.36237,16.36601,0.00,0.00
2012.05.04 02:43:24.523,16.36218,16.36582,0.00,0.00
2012.05.04 02:43:25.049,16.36156,16.3652,0.00,0.00
2012.05.04 02:43:25.658,16.36347,16.36648,0.00,0.00
2012.05.04 02:43:26.773,16.36415,16.36778,0.00,0.00
2012.05.04 02:43:26.838,16.36215,16.36579,0.00,0.00
2012.05.04 02:43:27.496,16.36192,16.36556,0.00,0.00
2012.05.04 02:43:27.826,16.36212,16.36576,0.00,0.00
2012.05.04 02:43:28.298,16.36228,16.36592,0.00,0.00
2012.05.04 02:43:29.080,16.36247,16.36611,0.00,0.00
2012.05.04 02:43:34.025,16.36219,16.36583,0.00,0.00
2012.05.04 02:43:35.239,16.36239,16.36603,0.00,0.00
2012.05.04 02:43:35.564,16.36256,16.3662,0.00,0.00
2012.05.04 02:43:36.121,16.36239,16.36603,0.00,0.00
2012.05.04 02:43:36.891,16.36211,16.36575,0.00,0.00
2012.05.04 02:43:37.204,16.36469,16.36833,0.00,0.00
2012.05.04 02:43:38.854,16.36229,16.36593,0.00,0.00
2012.05.04 02:43:39.282,16.36274,16.36638,0.00,0.00
2012.05.04 02:43:41.228,16.36255,16.36619,0.00,0.00
2012.05.04 02:43:42.791,16.36221,16.36585,0.00,0.00
2012.05.04 02:43:45.101,16.36244,16.36608,0.00,0.00
2012.05.04 02:43:50.760,16.36265,16.36629,0.00,0.00
2012.05.04 02:43:56.989,16.36245,16.36609,0.00,0.00
2012.05.04 02:43:57.289,16.36226,16.3659,0.00,0.00
2012.05.04 02:44:03.779,16.36458,16.36822,0.00,0.00
2012.05.04 02:44:04.328,16.36348,16.36648,0.00,0.00
2012.05.04 02:44:05.968,16.36192,16.36556,0.00,0.00
2012.05.04 02:44:12.698,16.36163,16.36527,0.00,0.00
2012.05.04 02:44:13.144,16.36148,16.36512,0.00,0.00
2012.05.04 02:44:17.487,16.36592,16.36956,0.00,0.00
2012.05.04 02:44:18.802,16.36135,16.36499,0.00,0.00
2012.05.04 02:44:19.026,16.36183,16.36547,0.00,0.00
2012.05.04 02:44:19.333,16.36235,16.36599,0.00,0.00
2012.05.04 02:44:19.709,16.36258,16.36622,0.00,0.00
2012.05.04 02:44:22.030,16.36266,16.3663,0.00,0.00
2012.05.04 02:44:22.441,16.36323,16.36687,0.00,0.00
2012.05.04 02:44:23.212,16.36342,16.36706,0.00,0.00
2012.05.04 02:44:23.541,16.36323,16.36687,0.00,0.00
2012.05.04 02:44:23.883,16.36305,16.36669,0.00,0.00
2012.05.04 02:44:24.213,16.36322,16.36686,0.00,0.00
2012.05.04 02:44:25.031,16.36306,16.3667,0.00,0.00
2012.05.04 02:44:25.495,16.3635,16.36714,0.00,0.00
2012.05.04 02:44:27.032,16.36323,16.36687,0.00,0.00
2012.05.04 02:44:27.361,16.3634,16.36704,0.00,0.00
2012.05.04 02:44:27.749,16.36321,16.36685,0.00,0.00
2012.05.04 02:44:35.171,16.3626,16.36624,0.00,0.00
2012.05.04 02:44:35.519,16.36206,16.3657,0.00,0.00
2012.05.04 02:44:37.199,16.36183,16.36547,0.00,0.00
2012.05.04 02:44:37.616,16.36208,16.36572,0.00,0.00
2012.05.04 02:44:45.148,16.36189,16.36553,0.00,0.00
2012.05.04 02:44:48.617,16.36422,16.36785,0.00,0.00
2012.05.04 02:44:50.689,16.36167,16.36531,0.00,0.00
2012.05.04 02:44:51.678,16.36187,16.36551,0.00,0.00
2012.05.04 02:44:53.110,16.36171,16.36535,0.00,0.00
2012.05.04 02:44:58.380,16.36155,16.36519,0.00,0.00
2012.05.04 02:44:59.559,16.36174,16.36538,0.00,0.00
2012.05.04 02:45:02.662,16.36125,16.36489,0.00,0.00
2012.05.04 02:45:03.212,16.36143,16.36507,0.00,0.00
2012.05.04 02:45:04.102,16.36166,16.3653,0.00,0.00
2012.05.04 02:45:05.033,16.36188,16.36552,0.00,0.00
2012.05.04 02:45:07.271,16.36169,16.36533,0.00,0.00
2012.05.04 02:45:10.050,16.36152,16.36511,0.00,0.00
2012.05.04 02:45:13.750,16.36152,16.36491,0.00,0.00
2012.05.04 02:45:24.114,16.36108,16.36472,0.00,0.00
2012.05.04 02:45:24.554,16.3611,16.36474,0.00,0.00
2012.05.04 02:45:31.030,16.36127,16.36491,0.00,0.00
2012.05.04 02:45:31.506,16.36167,16.36531,0.00,0.00
2012.05.04 02:46:02.840,16.36152,16.36515,0.00,0.00
2012.05.04 02:46:07.934,16.3617,16.36534,0.00,0.00
2012.05.04 02:46:13.539,16.36189,16.36553,0.00,0.00
2012.05.04 02:46:20.133,16.36219,16.36583,0.00,0.00
2012.05.04 02:46:20.508,16.36298,16.36662,0.00,0.00
2012.05.04 02:46:47.252,16.36314,16.36678,0.00,0.00
2012.05.04 02:46:48.125,16.3633,16.36694,0.00,0.00
2012.05.04 02:46:48.981,16.36352,16.3671,0.00,0.00
2012.05.04 02:46:51.469,16.36352,16.36691,0.00,0.00
2012.05.04 02:46:55.470,16.36307,16.36671,0.00,0.00
2012.05.04 02:47:02.319,16.36289,16.36653,0.00,0.00
2012.05.04 02:47:05.199,16.36268,16.36632,0.00,0.00
2012.05.04 02:47:20.108,16.36284,16.36648,0.00,0.00
2012.05.04 02:47:22.276,16.36301,16.36665,0.00,0.00
2012.05.04 02:48:22.446,16.36262,16.36848,0.00,0.00
2012.05.04 02:48:25.858,16.36262,16.36748,0.00,0.00
2012.05.04 02:48:36.599,16.36252,16.36748,0.00,0.00
2012.05.04 02:48:41.559,16.36282,16.36646,0.00,0.00
2012.05.04 02:49:05.024,16.36266,16.3663,0.00,0.00
2012.05.04 02:49:06.690,16.36285,16.36649,0.00,0.00
2012.05.04 02:49:22.000,16.36307,16.36671,0.00,0.00
2012.05.04 02:49:26.642,16.36327,16.36691,0.00,0.00
2012.05.04 02:49:26.958,16.36349,16.36713,0.00,0.00
2012.05.04 02:49:27.696,16.36373,16.36737,0.00,0.00
2012.05.04 02:49:28.989,16.36354,16.36718,0.00,0.00
2012.05.04 02:49:35.429,16.36375,16.36739,0.00,0.00
2012.05.04 02:49:36.421,16.36391,16.36755,0.00,0.00
2012.05.04 02:49:36.725,16.36413,16.36777,0.00,0.00
2012.05.04 02:49:37.336,16.36439,16.36803,0.00,0.00
2012.05.04 02:49:38.738,16.3641,16.36774,0.00,0.00
2012.05.04 02:49:42.652,16.36394,16.36758,0.00,0.00
2012.05.04 02:49:47.050,16.36411,16.36775,0.00,0.00
2012.05.04 02:49:49.343,16.36429,16.36793,0.00,0.00
2012.05.04 02:49:53.110,16.36407,16.36771,0.00,0.00
2012.05.04 02:49:58.089,16.36427,16.36791,0.00,0.00
2012.05.04 02:49:59.749,16.36452,16.36816,0.00,0.00
2012.05.04 02:50:00.125,16.36481,16.36845,0.00,0.00
2012.05.04 02:50:01.372,16.36513,16.36877,0.00,0.00
2012.05.04 02:50:01.707,16.36527,16.36891,0.00,0.00
2012.05.04 02:50:02.188,16.36563,16.36927,0.00,0.00
2012.05.04 02:50:02.512,16.36532,16.36896,0.00,0.00
2012.05.04 02:50:14.211,16.36516,16.3688,0.00,0.00
2012.05.04 02:50:17.469,16.36498,16.36862,0.00,0.00
2012.05.04 02:50:17.939,16.3652,16.36884,0.00,0.00
2012.05.04 02:50:18.439,16.36538,16.36902,0.00,0.00
2012.05.04 02:50:45.271,16.36522,16.36886,0.00,0.00
2012.05.04 02:50:51.946,16.36502,16.36866,0.00,0.00
2012.05.04 02:51:04.381,16.36484,16.36848,0.00,0.00
2012.05.04 02:51:05.360,16.36508,16.36872,0.00,0.00
2012.05.04 02:51:08.609,16.36532,16.36896,0.00,0.00
2012.05.04 02:51:11.319,16.36511,16.36875,0.00,0.00
2012.05.04 02:51:15.640,16.36539,16.36903,0.00,0.00
2012.05.04 02:51:16.149,16.36514,16.36878,0.00,0.00
2012.05.04 02:51:17.510,16.36495,16.36859,0.00,0.00
2012.05.04 02:51:17.849,16.36474,16.36838,0.00,0.00
2012.05.04 02:51:18.370,16.36469,16.36833,0.00,0.00
2012.05.04 02:51:21.209,16.36496,16.3686,0.00,0.00
2012.05.04 02:51:22.581,16.3648,16.36844,0.00,0.00
2012.05.04 02:51:23.369,16.36482,16.36846,0.00,0.00
2012.05.04 02:51:25.517,16.36427,16.36791,0.00,0.00
2012.05.04 02:51:26.012,16.36443,16.36807,0.00,0.00
2012.05.04 02:51:27.318,16.36476,16.3684,0.00,0.00
2012.05.04 02:51:30.193,16.36534,16.36898,0.00,0.00
2012.05.04 02:51:31.331,16.36515,16.36879,0.00,0.00
2012.05.04 02:51:33.551,16.36496,16.3686,0.00,0.00
2012.05.04 02:51:34.432,16.36418,16.36782,0.00,0.00
2012.05.04 02:51:34.812,16.36438,16.36802,0.00,0.00
2012.05.04 02:51:35.144,16.36457,16.36821,0.00,0.00
2012.05.04 02:51:35.600,16.36475,16.36839,0.00,0.00
2012.05.04 02:51:36.400,16.36499,16.36863,0.00,0.00
2012.05.04 02:51:38.413,16.36481,16.36845,0.00,0.00
2012.05.04 02:51:40.381,16.36497,16.36861,0.00,0.00
2012.05.04 02:51:41.302,16.36481,16.36845,0.00,0.00
2012.05.04 02:51:42.475,16.36463,16.36827,0.00,0.00
2012.05.04 02:51:45.101,16.36446,16.3681,0.00,0.00
2012.05.04 02:51:45.479,16.36427,16.36791,0.00,0.00
2012.05.04 02:51:47.692,16.36446,16.3681,0.00,0.00
2012.05.04 02:51:48.280,16.36465,16.36829,0.00,0.00
2012.05.04 02:51:48.607,16.36492,16.36856,0.00,0.00
2012.05.04 02:51:50.690,16.36456,16.3682,0.00,0.00
2012.05.04 02:51:55.199,16.36488,16.36852,0.00,0.00
2012.05.04 02:52:01.519,16.36505,16.36869,0.00,0.00
2012.05.04 02:52:20.722,16.36541,16.36905,0.00,0.00
2012.05.04 02:52:29.911,16.3669,16.37054,0.00,0.00
2012.05.04 02:52:31.759,16.36646,16.3701,0.00,0.00
2012.05.04 02:52:32.119,16.36617,16.36981,0.00,0.00
2012.05.04 02:52:33.085,16.36647,16.37011,0.00,0.00
2012.05.04 02:52:33.503,16.36679,16.37043,0.00,0.00
2012.05.04 02:52:33.828,16.367,16.37064,0.00,0.00
2012.05.04 02:52:39.161,16.36679,16.37043,0.00,0.00
2012.05.04 02:52:46.338,16.36675,16.37039,0.00,0.00
2012.05.04 02:52:46.685,16.36572,16.36936,0.00,0.00
2012.05.04 02:52:47.339,16.36599,16.36963,0.00,0.00
2012.05.04 02:52:47.759,16.36622,16.36986,0.00,0.00
2012.05.04 02:52:49.377,16.36578,16.36942,0.00,0.00
2012.05.04 02:52:50.721,16.36595,16.36959,0.00,0.00
2012.05.04 02:52:51.589,16.36661,16.37025,0.00,0.00
2012.05.04 02:52:51.991,16.367,16.37064,0.00,0.00
2012.05.04 02:52:56.641,16.3668,16.37044,0.00,0.00
2012.05.04 02:53:07.593,16.36651,16.37015,0.00,0.00
2012.05.04 02:53:09.232,16.36627,16.36991,0.00,0.00
2012.05.04 02:53:09.710,16.36608,16.36972,0.00,0.00
2012.05.04 02:53:11.430,16.36583,16.36947,0.00,0.00
2012.05.04 02:53:11.760,16.3649,16.36854,0.00,0.00
2012.05.04 02:53:12.079,16.36469,16.36833,0.00,0.00
2012.05.04 02:53:12.510,16.36499,16.36863,0.00,0.00
2012.05.04 02:53:14.193,16.36483,16.36847,0.00,0.00
2012.05.04 02:53:14.586,16.36442,16.36806,0.00,0.00
2012.05.04 02:53:15.111,16.36461,16.36825,0.00,0.00
2012.05.04 02:53:15.435,16.36543,16.36907,0.00,0.00
2012.05.04 02:53:15.889,16.3656,16.36924,0.00,0.00
2012.05.04 02:53:19.751,16.36552,16.36904,0.00,0.00
2012.05.04 02:53:21.581,16.36523,16.36887,0.00,0.00
2012.05.04 02:53:21.909,16.36544,16.36908,0.00,0.00
2012.05.04 02:53:24.079,16.36569,16.36933,0.00,0.00
2012.05.04 02:53:33.636,16.36516,16.3688,0.00,0.00
2012.05.04 02:53:35.489,16.36497,16.36861,0.00,0.00
2012.05.04 02:53:47.880,16.36452,16.36791,0.00,0.00
2012.05.04 02:53:51.406,16.36452,16.36807,0.00,0.00
2012.05.04 02:53:53.656,16.36463,16.36827,0.00,0.00
2012.05.04 02:53:57.063,16.36488,16.36852,0.00,0.00
2012.05.04 02:53:59.209,16.36471,16.36835,0.00,0.00
2012.05.04 02:54:04.598,16.36452,16.36816,0.00,0.00
2012.05.04 02:54:11.498,16.36436,16.368,0.00,0.00
2012.05.04 02:54:13.810,16.36452,16.36816,0.00,0.00
2012.05.04 02:54:14.310,16.36433,16.36797,0.00,0.00
2012.05.04 02:54:17.105,16.36467,16.36831,0.00,0.00
2012.05.04 02:54:21.979,16.36487,16.36851,0.00,0.00
2012.05.04 02:54:28.090,16.3647,16.36834,0.00,0.00
2012.05.04 02:54:29.357,16.36486,16.3685,0.00,0.00
2012.05.04 02:54:36.160,16.36518,16.36882,0.00,0.00
2012.05.04 02:54:36.633,16.36556,16.3692,0.00,0.00
2012.05.04 02:54:37.430,16.36644,16.37008,0.00,0.00
2012.05.04 02:54:38.020,16.36667,16.37031,0.00,0.00
2012.05.04 02:54:38.833,16.36648,16.37012,0.00,0.00
2012.05.04 02:54:39.524,16.36669,16.37033,0.00,0.00
2012.05.04 02:54:40.500,16.3665,16.37014,0.00,0.00
2012.05.04 02:54:44.770,16.36627,16.36991,0.00,0.00
2012.05.04 02:54:45.090,16.36535,16.36899,0.00,0.00
2012.05.04 02:54:46.608,16.36516,16.3688,0.00,0.00
2012.05.04 02:54:50.087,16.36538,16.36902,0.00,0.00
2012.05.04 02:54:53.541,16.36494,16.36858,0.00,0.00
2012.05.04 02:54:53.979,16.36433,16.36797,0.00,0.00
2012.05.04 02:55:17.311,16.36357,16.36721,0.00,0.00
2012.05.04 02:55:28.151,16.3633,16.36694,0.00,0.00
2012.05.04 02:55:29.599,16.36305,16.36669,0.00,0.00
2012.05.04 02:55:33.619,16.36333,16.36697,0.00,0.00
2012.05.04 02:55:34.667,16.36305,16.36669,0.00,0.00
2012.05.04 02:55:37.396,16.36321,16.36685,0.00,0.00
2012.05.04 02:56:02.710,16.36303,16.36667,0.00,0.00
2012.05.04 02:56:11.700,16.3632,16.36684,0.00,0.00
2012.05.04 02:56:28.462,16.36289,16.36653,0.00,0.00
2012.05.04 02:56:34.079,16.36245,16.36609,0.00,0.00
2012.05.04 02:56:34.462,16.36347,16.36648,0.00,0.00
2012.05.04 02:56:34.679,16.36205,16.36569,0.00,0.00
2012.05.04 02:56:39.311,16.36447,16.36811,0.00,0.00
2012.05.04 02:56:41.140,16.36194,16.36558,0.00,0.00
2012.05.04 02:57:03.834,16.36227,16.36591,0.00,0.00
2012.05.04 02:57:04.152,16.36256,16.3662,0.00,0.00
2012.05.04 02:57:04.640,16.36309,16.36673,0.00,0.00
2012.05.04 02:57:08.181,16.36289,16.36653,0.00,0.00
2012.05.04 02:57:15.532,16.36268,16.36632,0.00,0.00
2012.05.04 02:57:30.535,16.36237,16.36601,0.00,0.00
2012.05.04 02:57:32.081,16.36265,16.36629,0.00,0.00
2012.05.04 02:57:40.608,16.36297,16.36661,0.00,0.00
2012.05.04 02:57:48.470,16.36209,16.36573,0.00,0.00
2012.05.04 02:57:48.840,16.36227,16.36591,0.00,0.00
2012.05.04 02:57:49.183,16.36246,16.3661,0.00,0.00
2012.05.04 02:57:49.743,16.36264,16.36628,0.00,0.00
2012.05.04 02:57:57.211,16.36239,16.36603,0.00,0.00
2012.05.04 02:58:00.250,16.3629,16.36654,0.00,0.00
2012.05.04 02:58:06.637,16.36262,16.36626,0.00,0.00
2012.05.04 02:58:25.631,16.36214,16.36578,0.00,0.00
2012.05.04 02:58:26.074,16.36424,16.36748,0.00,0.00
2012.05.04 02:58:26.469,16.36214,16.36578,0.00,0.00
2012.05.04 02:58:28.993,16.36234,16.36598,0.00,0.00
2012.05.04 02:59:06.323,16.36215,16.36579,0.00,0.00
2012.05.04 02:59:50.556,16.35932,16.36678,0.00,0.00
2012.05.04 02:59:50.633,16.35998,16.36362,0.00,0.00
2012.05.04 02:59:51.002,16.36425,16.36748,0.00,0.00
2012.05.04 02:59:51.398,16.36167,16.36531,0.00,0.00
2012.05.04 02:59:51.709,16.36165,16.36529,0.00,0.00
2012.05.04 02:59:52.013,16.36145,16.36509,0.00,0.00
2012.05.04 02:59:53.384,16.36378,16.36741,0.00,0.00
2012.05.04 02:59:53.719,16.36028,16.36392,0.00,0.00
2012.05.04 02:59:54.051,16.36122,16.36486,0.00,0.00
