2017.05.15 03:00:00.279,12.29669,12.29929,0.00,0.00
2017.05.15 03:00:00.527,12.29651,12.29929,0.00,0.00
2017.05.15 03:00:00.628,12.29668,12.29928,0.00,0.00
2017.05.15 03:00:00.681,12.29652,12.29921,0.00,0.00
2017.05.15 03:00:01.130,12.29651,12.29912,0.00,0.00
2017.05.15 03:00:01.181,12.29651,12.29922,0.00,0.00
2017.05.15 03:00:01.282,12.29659,12.29929,0.00,0.00
2017.05.15 03:00:01.618,12.29651,12.29929,0.00,0.00
2017.05.15 03:00:01.783,12.29651,12.29912,0.00,0.00
2017.05.15 03:00:01.981,12.29659,12.29929,0.00,0.00
2017.05.15 03:00:02.197,12.29651,12.29912,0.00,0.00
2017.05.15 03:00:02.381,12.29659,12.29929,0.00,0.00
2017.05.15 03:00:02.581,12.29651,12.29912,0.00,0.00
2017.05.15 03:00:02.681,12.29651,12.29929,0.00,0.00
2017.05.15 03:00:02.782,12.29651,12.29912,0.00,0.00
2017.05.15 03:00:03.182,12.29658,12.29929,0.00,0.00
2017.05.15 03:00:03.383,12.29651,12.29929,0.00,0.00
2017.05.15 03:00:03.594,12.29651,12.29911,0.00,0.00
2017.05.15 03:00:03.683,12.29651,12.29929,0.00,0.00
2017.05.15 03:00:03.900,12.29652,12.29922,0.00,0.00
2017.05.15 03:00:04.384,12.29658,12.29928,0.00,0.00
2017.05.15 03:00:04.484,12.29652,12.29928,0.00,0.00
2017.05.15 03:00:04.585,12.29659,12.29928,0.00,0.00
2017.05.15 03:00:04.685,12.29652,12.29928,0.00,0.00
2017.05.15 03:00:04.785,12.29652,12.29922,0.00,0.00
2017.05.15 03:00:05.504,12.29661,12.29922,0.00,0.00
2017.05.15 03:00:05.605,12.29661,12.29929,0.00,0.00
2017.05.15 03:00:05.686,12.29669,12.29929,0.00,0.00
2017.05.15 03:00:06.287,12.29661,12.29929,0.00,0.00
2017.05.15 03:00:06.826,12.29661,12.29928,0.00,0.00
2017.05.15 03:00:06.997,12.29661,12.29922,0.00,0.00
2017.05.15 03:00:08.425,12.29661,12.29912,0.00,0.00
2017.05.15 03:00:09.927,12.29661,12.29928,0.00,0.00
2017.05.15 03:00:11.999,12.29661,12.29912,0.00,0.00
2017.05.15 03:00:13.202,12.29661,12.29928,0.00,0.00
2017.05.15 03:00:13.302,12.29661,12.29912,0.00,0.00
2017.05.15 03:00:15.860,12.29771,12.29912,0.00,0.00
2017.05.15 03:00:16.011,12.29782,12.30022,0.00,0.00
2017.05.15 03:00:16.113,12.29782,12.30028,0.00,0.00
2017.05.15 03:00:16.706,12.29782,12.30029,0.00,0.00
2017.05.15 03:00:17.317,12.29782,12.30028,0.00,0.00
2017.05.15 03:00:17.448,12.29782,12.30011,0.00,0.00
2017.05.15 03:00:19.666,12.29771,12.30011,0.00,0.00
2017.05.15 03:00:19.717,12.29771,12.30029,0.00,0.00
2017.05.15 03:00:19.820,12.29771,12.30002,0.00,0.00
2017.05.15 03:00:20.915,12.29772,12.30002,0.00,0.00
2017.05.15 03:00:21.017,12.29771,12.30022,0.00,0.00
2017.05.15 03:00:21.155,12.29771,12.30002,0.00,0.00
2017.05.15 03:00:22.214,12.29771,12.30022,0.00,0.00
2017.05.15 03:00:25.017,12.29771,12.30021,0.00,0.00
2017.05.15 03:00:25.218,12.29771,12.30001,0.00,0.00
2017.05.15 03:00:25.318,12.29771,12.30029,0.00,0.00
2017.05.15 03:00:26.545,12.29772,12.30028,0.00,0.00
2017.05.15 03:00:26.620,12.29772,12.30022,0.00,0.00
2017.05.15 03:00:26.720,12.29772,12.30028,0.00,0.00
2017.05.15 03:00:32.925,12.29771,12.30029,0.00,0.00
2017.05.15 03:00:33.028,12.29771,12.30022,0.00,0.00
2017.05.15 03:00:33.129,12.29771,12.30029,0.00,0.00
2017.05.15 03:00:33.227,12.29771,12.30021,0.00,0.00
2017.05.15 03:00:35.454,12.29771,12.30029,0.00,0.00
2017.05.15 03:00:36.155,12.29771,12.30022,0.00,0.00
2017.05.15 03:00:36.717,12.29772,12.30022,0.00,0.00
2017.05.15 03:00:36.768,12.29772,12.30031,0.00,0.00
2017.05.15 03:00:37.903,12.29871,12.30042,0.00,0.00
2017.05.15 03:00:38.054,12.29871,12.30101,0.00,0.00
2017.05.15 03:00:38.155,12.29871,12.30122,0.00,0.00
2017.05.15 03:00:38.916,12.29872,12.30122,0.00,0.00
2017.05.15 03:00:38.967,12.29871,12.30102,0.00,0.00
2017.05.15 03:00:39.301,12.29871,12.30082,0.00,0.00
2017.05.15 03:00:44.341,12.29871,12.30101,0.00,0.00
2017.05.15 03:00:48.214,12.29872,12.30101,0.00,0.00
2017.05.15 03:00:48.265,12.29871,12.30082,0.00,0.00
2017.05.15 03:00:50.950,12.29871,12.30092,0.00,0.00
2017.05.15 03:00:55.665,12.29871,12.30112,0.00,0.00
2017.05.15 03:00:55.766,12.29872,12.30082,0.00,0.00
2017.05.15 03:00:55.855,12.29872,12.30121,0.00,0.00
2017.05.15 03:00:56.275,12.29871,12.30101,0.00,0.00
2017.05.15 03:00:56.896,12.29871,12.30091,0.00,0.00
2017.05.15 03:00:58.586,12.29871,12.30112,0.00,0.00
2017.05.15 03:00:58.687,12.29871,12.30092,0.00,0.00
2017.05.15 03:00:59.205,12.29872,12.30092,0.00,0.00
2017.05.15 03:01:00.634,12.29871,12.30092,0.00,0.00
2017.05.15 03:01:00.684,12.29871,12.30112,0.00,0.00
2017.05.15 03:01:05.854,12.29872,12.30112,0.00,0.00
2017.05.15 03:01:05.905,12.29872,12.30101,0.00,0.00
2017.05.15 03:01:06.208,12.29829,12.30059,0.00,0.00
2017.05.15 03:01:06.310,12.29771,12.30031,0.00,0.00
2017.05.15 03:01:06.411,12.29772,12.30011,0.00,0.00
2017.05.15 03:01:07.169,12.29772,12.30021,0.00,0.00
2017.05.15 03:01:08.759,12.29772,12.30032,0.00,0.00
2017.05.15 03:01:08.917,12.29772,12.30012,0.00,0.00
2017.05.15 03:01:08.971,12.29772,12.30022,0.00,0.00
2017.05.15 03:01:09.171,12.29772,12.30032,0.00,0.00
2017.05.15 03:01:09.472,12.29772,12.30012,0.00,0.00
2017.05.15 03:01:09.578,12.29772,12.30022,0.00,0.00
2017.05.15 03:01:09.673,12.29772,12.30032,0.00,0.00
2017.05.15 03:01:10.085,12.29771,12.30012,0.00,0.00
2017.05.15 03:01:10.174,12.29771,12.30022,0.00,0.00
2017.05.15 03:01:10.275,12.29771,12.30011,0.00,0.00
2017.05.15 03:01:10.941,12.29772,12.30011,0.00,0.00
2017.05.15 03:01:12.407,12.29772,12.30032,0.00,0.00
2017.05.15 03:01:12.476,12.29772,12.30021,0.00,0.00
2017.05.15 03:01:13.235,12.29771,12.30021,0.00,0.00
2017.05.15 03:01:13.286,12.29771,12.30032,0.00,0.00
2017.05.15 03:01:13.794,12.29772,12.30032,0.00,0.00
2017.05.15 03:01:13.878,12.29772,12.30022,0.00,0.00
2017.05.15 03:01:14.028,12.29772,12.30032,0.00,0.00
2017.05.15 03:01:14.281,12.29772,12.30021,0.00,0.00
2017.05.15 03:01:14.382,12.29771,12.30032,0.00,0.00
2017.05.15 03:01:15.016,12.29778,12.30032,0.00,0.00
2017.05.15 03:01:15.332,12.29872,12.30121,0.00,0.00
2017.05.15 03:01:18.886,12.29872,12.30102,0.00,0.00
2017.05.15 03:01:19.435,12.29818,12.30059,0.00,0.00
2017.05.15 03:01:19.585,12.29789,12.30032,0.00,0.00
2017.05.15 03:01:19.636,12.29781,12.30032,0.00,0.00
2017.05.15 03:01:19.687,12.29781,12.30012,0.00,0.00
2017.05.15 03:01:19.794,12.29781,12.30032,0.00,0.00
2017.05.15 03:01:19.908,12.29771,12.30032,0.00,0.00
2017.05.15 03:01:20.009,12.29771,12.30011,0.00,0.00
2017.05.15 03:01:20.388,12.29772,12.30032,0.00,0.00
2017.05.15 03:01:20.630,12.29772,12.30022,0.00,0.00
2017.05.15 03:01:20.738,12.29772,12.30032,0.00,0.00
2017.05.15 03:01:20.788,12.29772,12.30012,0.00,0.00
2017.05.15 03:01:20.890,12.29772,12.30032,0.00,0.00
2017.05.15 03:01:21.569,12.29771,12.30032,0.00,0.00
2017.05.15 03:01:21.690,12.29771,12.30012,0.00,0.00
2017.05.15 03:01:21.895,12.29771,12.30022,0.00,0.00
2017.05.15 03:01:21.996,12.29772,12.30011,0.00,0.00
2017.05.15 03:01:22.561,12.29771,12.30011,0.00,0.00
2017.05.15 03:01:23.094,12.29771,12.30032,0.00,0.00
2017.05.15 03:01:24.595,12.29771,12.30012,0.00,0.00
2017.05.15 03:01:25.096,12.29771,12.30032,0.00,0.00
2017.05.15 03:01:25.197,12.29772,12.30011,0.00,0.00
2017.05.15 03:01:25.904,12.29771,12.30032,0.00,0.00
2017.05.15 03:01:26.902,12.29771,12.30021,0.00,0.00
2017.05.15 03:01:27.499,12.29771,12.30032,0.00,0.00
2017.05.15 03:01:28.237,12.29772,12.30032,0.00,0.00
2017.05.15 03:01:28.300,12.29772,12.30011,0.00,0.00
2017.05.15 03:01:28.600,12.29772,12.30032,0.00,0.00
2017.05.15 03:01:28.700,12.29772,12.30022,0.00,0.00
2017.05.15 03:01:29.101,12.29771,12.30032,0.00,0.00
2017.05.15 03:01:29.201,12.29771,12.30022,0.00,0.00
2017.05.15 03:01:29.577,12.29771,12.30012,0.00,0.00
2017.05.15 03:01:29.802,12.29771,12.30032,0.00,0.00
2017.05.15 03:01:30.028,12.29771,12.30022,0.00,0.00
2017.05.15 03:01:31.104,12.29771,12.30032,0.00,0.00
2017.05.15 03:01:31.706,12.29771,12.30012,0.00,0.00
2017.05.15 03:01:31.806,12.29771,12.30032,0.00,0.00
2017.05.15 03:01:31.939,12.29771,12.30012,0.00,0.00
2017.05.15 03:01:32.209,12.29771,12.30032,0.00,0.00
2017.05.15 03:01:32.310,12.29771,12.30021,0.00,0.00
2017.05.15 03:01:32.448,12.29772,12.30032,0.00,0.00
2017.05.15 03:01:32.549,12.29772,12.30022,0.00,0.00
2017.05.15 03:01:32.878,12.29772,12.30002,0.00,0.00
2017.05.15 03:01:33.183,12.29871,12.30002,0.00,0.00
2017.05.15 03:01:33.234,12.29872,12.30052,0.00,0.00
2017.05.15 03:01:33.285,12.29881,12.30052,0.00,0.00
2017.05.15 03:01:33.336,12.29881,12.30102,0.00,0.00
2017.05.15 03:01:33.437,12.29881,12.30112,0.00,0.00
2017.05.15 03:01:34.247,12.29881,12.30121,0.00,0.00
2017.05.15 03:01:34.714,12.29881,12.30102,0.00,0.00
2017.05.15 03:01:35.515,12.29881,12.30111,0.00,0.00
2017.05.15 03:01:35.617,12.29881,12.30121,0.00,0.00
2017.05.15 03:01:36.559,12.29881,12.30101,0.00,0.00
2017.05.15 03:01:36.718,12.29881,12.30111,0.00,0.00
2017.05.15 03:01:36.818,12.29881,12.30121,0.00,0.00
2017.05.15 03:01:37.019,12.29881,12.30101,0.00,0.00
2017.05.15 03:01:37.548,12.29881,12.30121,0.00,0.00
2017.05.15 03:01:38.422,12.29881,12.30111,0.00,0.00
2017.05.15 03:01:38.540,12.29881,12.30121,0.00,0.00
2017.05.15 03:01:39.223,12.29881,12.30111,0.00,0.00
2017.05.15 03:01:41.036,12.29881,12.30102,0.00,0.00
2017.05.15 03:01:41.526,12.29881,12.30111,0.00,0.00
2017.05.15 03:01:41.727,12.29881,12.30121,0.00,0.00
2017.05.15 03:01:42.528,12.29881,12.30101,0.00,0.00
2017.05.15 03:01:43.229,12.29881,12.30121,0.00,0.00
2017.05.15 03:01:43.630,12.29881,12.30102,0.00,0.00
2017.05.15 03:01:43.730,12.29881,12.30121,0.00,0.00
2017.05.15 03:01:45.472,12.29881,12.30122,0.00,0.00
2017.05.15 03:01:45.532,12.29881,12.30101,0.00,0.00
2017.05.15 03:01:46.233,12.29881,12.30122,0.00,0.00
2017.05.15 03:01:46.934,12.29881,12.30102,0.00,0.00
2017.05.15 03:01:47.135,12.29881,12.30112,0.00,0.00
2017.05.15 03:01:47.235,12.29881,12.30121,0.00,0.00
2017.05.15 03:01:49.539,12.29881,12.30102,0.00,0.00
2017.05.15 03:01:50.039,12.29881,12.30111,0.00,0.00
2017.05.15 03:01:50.573,12.29881,12.30091,0.00,0.00
2017.05.15 03:01:51.032,12.29881,12.30082,0.00,0.00
2017.05.15 03:01:51.255,12.29871,12.30082,0.00,0.00
2017.05.15 03:01:51.356,12.29872,12.30112,0.00,0.00
2017.05.15 03:01:51.457,12.29872,12.30102,0.00,0.00
2017.05.15 03:01:51.543,12.29872,12.30112,0.00,0.00
2017.05.15 03:01:51.745,12.29871,12.30102,0.00,0.00
2017.05.15 03:01:57.051,12.29871,12.30082,0.00,0.00
2017.05.15 03:01:59.253,12.29871,12.30102,0.00,0.00
2017.05.15 03:02:00.176,12.29871,12.30111,0.00,0.00
2017.05.15 03:02:00.284,12.29871,12.30081,0.00,0.00
2017.05.15 03:02:01.595,12.29872,12.30081,0.00,0.00
2017.05.15 03:02:01.758,12.29872,12.30102,0.00,0.00
2017.05.15 03:02:08.255,12.29871,12.30102,0.00,0.00
2017.05.15 03:02:08.407,12.29871,12.30112,0.00,0.00
2017.05.15 03:02:08.514,12.29871,12.30092,0.00,0.00
2017.05.15 03:02:09.369,12.29871,12.30121,0.00,0.00
2017.05.15 03:02:13.317,12.29872,12.30121,0.00,0.00
2017.05.15 03:02:13.868,12.29871,12.30121,0.00,0.00
2017.05.15 03:02:17.303,12.29871,12.30139,0.00,0.00
2017.05.15 03:02:18.474,12.29872,12.30138,0.00,0.00
2017.05.15 03:02:18.626,12.29872,12.30122,0.00,0.00
2017.05.15 03:02:19.197,12.29872,12.30131,0.00,0.00
2017.05.15 03:02:20.274,12.29871,12.30131,0.00,0.00
2017.05.15 03:02:20.520,12.29872,12.30112,0.00,0.00
2017.05.15 03:02:20.624,12.29871,12.30139,0.00,0.00
2017.05.15 03:02:24.506,12.29872,12.30138,0.00,0.00
2017.05.15 03:02:30.102,12.29871,12.30139,0.00,0.00
2017.05.15 03:02:30.197,12.29871,12.30122,0.00,0.00
2017.05.15 03:02:30.297,12.29871,12.30131,0.00,0.00
2017.05.15 03:02:30.597,12.29871,12.30122,0.00,0.00
2017.05.15 03:02:30.797,12.29872,12.30138,0.00,0.00
2017.05.15 03:02:30.897,12.29872,12.30131,0.00,0.00
2017.05.15 03:02:31.424,12.29871,12.30131,0.00,0.00
2017.05.15 03:02:32.299,12.29871,12.30139,0.00,0.00
2017.05.15 03:02:36.714,12.29872,12.30138,0.00,0.00
2017.05.15 03:02:36.832,12.29872,12.30122,0.00,0.00
2017.05.15 03:02:39.208,12.29872,12.30132,0.00,0.00
2017.05.15 03:02:41.658,12.29872,12.30122,0.00,0.00
2017.05.15 03:02:42.268,12.29871,12.30122,0.00,0.00
2017.05.15 03:02:45.474,12.29872,12.30122,0.00,0.00
2017.05.15 03:02:45.896,12.29871,12.30112,0.00,0.00
2017.05.15 03:02:46.817,12.29871,12.30129,0.00,0.00
2017.05.15 03:02:49.523,12.29871,12.30112,0.00,0.00
2017.05.15 03:02:49.846,12.29871,12.30132,0.00,0.00
2017.05.15 03:02:49.947,12.29871,12.30139,0.00,0.00
2017.05.15 03:02:50.664,12.29872,12.30138,0.00,0.00
2017.05.15 03:02:51.558,12.29872,12.30132,0.00,0.00
2017.05.15 03:02:51.827,12.29872,12.30138,0.00,0.00
2017.05.15 03:02:54.113,12.29872,12.30152,0.00,0.00
2017.05.15 03:02:54.264,12.29868,12.30152,0.00,0.00
2017.05.15 03:02:54.315,12.29871,12.30152,0.00,0.00
2017.05.15 03:02:54.617,12.29871,12.30141,0.00,0.00
2017.05.15 03:02:54.768,12.29878,12.30158,0.00,0.00
2017.05.15 03:02:55.132,12.29872,12.30132,0.00,0.00
2017.05.15 03:02:55.333,12.29878,12.30158,0.00,0.00
2017.05.15 03:02:55.433,12.29872,12.30142,0.00,0.00
2017.05.15 03:02:55.880,12.29872,12.30132,0.00,0.00
2017.05.15 03:02:56.494,12.29871,12.30132,0.00,0.00
2017.05.15 03:02:56.645,12.29878,12.30158,0.00,0.00
2017.05.15 03:02:56.835,12.29878,12.30132,0.00,0.00
2017.05.15 03:02:56.936,12.29879,12.30159,0.00,0.00
2017.05.15 03:02:58.715,12.29879,12.30139,0.00,0.00
2017.05.15 03:02:59.138,12.29878,12.30132,0.00,0.00
2017.05.15 03:02:59.514,12.29878,12.30122,0.00,0.00
2017.05.15 03:02:59.839,12.29878,12.30112,0.00,0.00
2017.05.15 03:03:00.240,12.29878,12.30121,0.00,0.00
2017.05.15 03:03:02.442,12.29878,12.30112,0.00,0.00
2017.05.15 03:03:02.543,12.29878,12.30122,0.00,0.00
2017.05.15 03:03:02.644,12.29878,12.30112,0.00,0.00
2017.05.15 03:03:02.743,12.29878,12.30132,0.00,0.00
2017.05.15 03:03:03.291,12.29878,12.30111,0.00,0.00
2017.05.15 03:03:03.345,12.29878,12.30122,0.00,0.00
2017.05.15 03:03:04.647,12.29878,12.30131,0.00,0.00
2017.05.15 03:03:04.793,12.29878,12.30121,0.00,0.00
2017.05.15 03:03:04.894,12.29878,12.30139,0.00,0.00
2017.05.15 03:03:04.947,12.29878,12.30121,0.00,0.00
2017.05.15 03:03:05.050,12.29878,12.30138,0.00,0.00
2017.05.15 03:03:05.805,12.29878,12.30139,0.00,0.00
2017.05.15 03:03:06.523,12.29878,12.30138,0.00,0.00
2017.05.15 03:03:17.471,12.29878,12.30139,0.00,0.00
2017.05.15 03:03:19.187,12.29878,12.30132,0.00,0.00
2017.05.15 03:03:19.614,12.29878,12.30111,0.00,0.00
2017.05.15 03:03:20.115,12.29871,12.30111,0.00,0.00
2017.05.15 03:03:20.216,12.29871,12.30152,0.00,0.00
2017.05.15 03:03:20.867,12.29872,12.30152,0.00,0.00
2017.05.15 03:03:20.917,12.29878,12.30152,0.00,0.00
2017.05.15 03:03:24.371,12.29871,12.30152,0.00,0.00
2017.05.15 03:03:28.997,12.29872,12.30152,0.00,0.00
2017.05.15 03:03:29.104,12.29898,12.30152,0.00,0.00
2017.05.15 03:03:29.205,12.29878,12.30152,0.00,0.00
2017.05.15 03:03:29.277,12.29888,12.30152,0.00,0.00
2017.05.15 03:03:29.525,12.29872,12.30142,0.00,0.00
2017.05.15 03:03:33.884,12.29889,12.30152,0.00,0.00
2017.05.15 03:03:33.984,12.29879,12.30152,0.00,0.00
2017.05.15 03:03:35.805,12.29871,12.30142,0.00,0.00
2017.05.15 03:03:36.655,12.29872,12.30142,0.00,0.00
2017.05.15 03:03:37.371,12.29868,12.30142,0.00,0.00
2017.05.15 03:03:39.190,12.29879,12.30152,0.00,0.00
2017.05.15 03:03:40.892,12.29888,12.30152,0.00,0.00
2017.05.15 03:03:40.993,12.29878,12.30152,0.00,0.00
2017.05.15 03:03:41.094,12.29868,12.30132,0.00,0.00
2017.05.15 03:03:43.022,12.29922,12.30132,0.00,0.00
2017.05.15 03:03:43.123,12.29869,12.30151,0.00,0.00
2017.05.15 03:03:43.195,12.29888,12.30152,0.00,0.00
2017.05.15 03:03:43.296,12.29878,12.30152,0.00,0.00
2017.05.15 03:03:48.437,12.29879,12.30152,0.00,0.00
2017.05.15 03:03:50.755,12.29868,12.30132,0.00,0.00
2017.05.15 03:03:50.809,12.29868,12.30142,0.00,0.00
2017.05.15 03:03:50.910,12.29869,12.30151,0.00,0.00
2017.05.15 03:03:51.011,12.29888,12.30152,0.00,0.00
2017.05.15 03:03:52.856,12.29869,12.30151,0.00,0.00
2017.05.15 03:03:55.149,12.29872,12.30148,0.00,0.00
2017.05.15 03:04:03.755,12.29872,12.30141,0.00,0.00
2017.05.15 03:04:03.856,12.29872,12.30148,0.00,0.00
2017.05.15 03:04:04.266,12.29872,12.30141,0.00,0.00
2017.05.15 03:04:04.326,12.29872,12.30148,0.00,0.00
2017.05.15 03:04:06.628,12.29872,12.30142,0.00,0.00
2017.05.15 03:04:07.175,12.29879,12.30148,0.00,0.00
2017.05.15 03:04:07.766,12.29872,12.30148,0.00,0.00
2017.05.15 03:04:07.830,12.29878,12.30148,0.00,0.00
2017.05.15 03:04:08.174,12.29888,12.30148,0.00,0.00
2017.05.15 03:04:08.231,12.29872,12.30141,0.00,0.00
2017.05.15 03:04:08.332,12.29889,12.30148,0.00,0.00
2017.05.15 03:04:08.485,12.29872,12.30142,0.00,0.00
2017.05.15 03:04:08.631,12.29889,12.30148,0.00,0.00
2017.05.15 03:04:08.732,12.29872,12.30148,0.00,0.00
2017.05.15 03:04:09.132,12.29889,12.30148,0.00,0.00
2017.05.15 03:04:10.734,12.29872,12.30148,0.00,0.00
2017.05.15 03:04:11.746,12.29872,12.30142,0.00,0.00
2017.05.15 03:04:13.838,12.29879,12.30148,0.00,0.00
2017.05.15 03:04:17.244,12.29888,12.30148,0.00,0.00
2017.05.15 03:04:17.735,12.29872,12.30132,0.00,0.00
2017.05.15 03:04:19.146,12.29872,12.30148,0.00,0.00
2017.05.15 03:04:21.349,12.29872,12.30131,0.00,0.00
2017.05.15 03:04:21.450,12.29872,12.30148,0.00,0.00
2017.05.15 03:04:22.097,12.29872,12.30132,0.00,0.00
2017.05.15 03:04:23.856,12.29872,12.30148,0.00,0.00
2017.05.15 03:04:23.957,12.29879,12.30148,0.00,0.00
2017.05.15 03:04:24.785,12.29872,12.30148,0.00,0.00
2017.05.15 03:04:24.852,12.29872,12.30132,0.00,0.00
2017.05.15 03:04:24.953,12.29879,12.30148,0.00,0.00
2017.05.15 03:04:25.255,12.29872,12.30148,0.00,0.00
2017.05.15 03:04:25.378,12.29872,12.30131,0.00,0.00
2017.05.15 03:04:25.554,12.29879,12.30148,0.00,0.00
2017.05.15 03:04:25.760,12.29872,12.30131,0.00,0.00
2017.05.15 03:04:25.954,12.29872,12.30148,0.00,0.00
2017.05.15 03:04:27.056,12.29872,12.30132,0.00,0.00
2017.05.15 03:04:27.556,12.29872,12.30141,0.00,0.00
2017.05.15 03:04:28.105,12.29872,12.30148,0.00,0.00
2017.05.15 03:04:28.257,12.29872,12.30142,0.00,0.00
2017.05.15 03:04:33.796,12.29872,12.30148,0.00,0.00
2017.05.15 03:04:34.405,12.29878,12.30148,0.00,0.00
2017.05.15 03:04:34.754,12.29872,12.30132,0.00,0.00
2017.05.15 03:04:34.865,12.29872,12.30142,0.00,0.00
2017.05.15 03:04:34.966,12.29872,12.30132,0.00,0.00
2017.05.15 03:04:35.585,12.29872,12.30141,0.00,0.00
2017.05.15 03:04:35.704,12.29879,12.30148,0.00,0.00
2017.05.15 03:04:36.105,12.29872,12.30131,0.00,0.00
2017.05.15 03:04:36.206,12.29872,12.30148,0.00,0.00
2017.05.15 03:04:36.307,12.29878,12.30148,0.00,0.00
2017.05.15 03:04:38.874,12.29872,12.30141,0.00,0.00
2017.05.15 03:04:39.195,12.29872,12.30148,0.00,0.00
2017.05.15 03:04:39.310,12.29872,12.30132,0.00,0.00
2017.05.15 03:04:40.301,12.29879,12.30148,0.00,0.00
2017.05.15 03:04:40.402,12.29872,12.30122,0.00,0.00
2017.05.15 03:04:40.571,12.29872,12.30132,0.00,0.00
2017.05.15 03:04:41.196,12.29879,12.30148,0.00,0.00
2017.05.15 03:04:45.076,12.29872,12.30132,0.00,0.00
2017.05.15 03:04:45.177,12.29872,12.30142,0.00,0.00
2017.05.15 03:04:45.676,12.29878,12.30148,0.00,0.00
2017.05.15 03:04:46.196,12.29872,12.30148,0.00,0.00
2017.05.15 03:04:46.277,12.29872,12.30131,0.00,0.00
2017.05.15 03:04:47.805,12.29878,12.30148,0.00,0.00
2017.05.15 03:04:47.906,12.29872,12.30132,0.00,0.00
2017.05.15 03:04:49.781,12.29872,12.30141,0.00,0.00
2017.05.15 03:04:51.226,12.29879,12.30148,0.00,0.00
2017.05.15 03:04:51.614,12.29872,12.30148,0.00,0.00
2017.05.15 03:04:51.715,12.29872,12.30141,0.00,0.00
2017.05.15 03:04:52.896,12.29878,12.30148,0.00,0.00
2017.05.15 03:04:52.997,12.29872,12.30132,0.00,0.00
2017.05.15 03:04:55.289,12.29872,12.30141,0.00,0.00
2017.05.15 03:04:56.549,12.29878,12.30148,0.00,0.00
2017.05.15 03:04:56.600,12.29888,12.30148,0.00,0.00
2017.05.15 03:04:57.133,12.29872,12.30148,0.00,0.00
2017.05.15 03:04:58.395,12.29872,12.30142,0.00,0.00
2017.05.15 03:04:58.729,12.29872,12.30148,0.00,0.00
2017.05.15 03:04:59.294,12.29872,12.30132,0.00,0.00
2017.05.15 03:05:02.999,12.29872,12.30148,0.00,0.00
2017.05.15 03:05:03.100,12.29879,12.30148,0.00,0.00
2017.05.15 03:05:03.499,12.29872,12.30141,0.00,0.00
2017.05.15 03:05:04.724,12.29872,12.30148,0.00,0.00
2017.05.15 03:05:04.825,12.29872,12.30131,0.00,0.00
2017.05.15 03:05:08.114,12.29879,12.30148,0.00,0.00
2017.05.15 03:05:09.826,12.29872,12.30132,0.00,0.00
2017.05.15 03:05:09.907,12.29879,12.30148,0.00,0.00
2017.05.15 03:05:10.355,12.29872,12.30148,0.00,0.00
2017.05.15 03:05:11.655,12.29889,12.30148,0.00,0.00
2017.05.15 03:05:11.756,12.29872,12.30141,0.00,0.00
2017.05.15 03:05:11.857,12.29872,12.30132,0.00,0.00
2017.05.15 03:05:12.214,12.29872,12.30142,0.00,0.00
2017.05.15 03:05:12.615,12.29872,12.30148,0.00,0.00
2017.05.15 03:05:13.755,12.29872,12.30131,0.00,0.00
2017.05.15 03:05:13.817,12.29872,12.30142,0.00,0.00
2017.05.15 03:05:14.865,12.29878,12.30148,0.00,0.00
2017.05.15 03:05:14.919,12.29872,12.30148,0.00,0.00
2017.05.15 03:05:15.245,12.29872,12.30131,0.00,0.00
2017.05.15 03:05:16.923,12.29878,12.30148,0.00,0.00
2017.05.15 03:05:17.024,12.29872,12.30148,0.00,0.00
2017.05.15 03:05:17.125,12.29878,12.30148,0.00,0.00
2017.05.15 03:05:17.524,12.29872,12.30148,0.00,0.00
2017.05.15 03:05:18.326,12.29872,12.30132,0.00,0.00
2017.05.15 03:05:18.426,12.29872,12.30148,0.00,0.00
2017.05.15 03:05:21.455,12.29879,12.30148,0.00,0.00
2017.05.15 03:05:25.054,12.29872,12.30132,0.00,0.00
2017.05.15 03:05:25.155,12.29878,12.30148,0.00,0.00
2017.05.15 03:05:31.785,12.29872,12.30131,0.00,0.00
2017.05.15 03:05:32.866,12.29872,12.30148,0.00,0.00
2017.05.15 03:05:32.967,12.29872,12.30132,0.00,0.00
2017.05.15 03:05:33.270,12.29872,12.30148,0.00,0.00
2017.05.15 03:05:37.452,12.29872,12.30132,0.00,0.00
2017.05.15 03:05:37.561,12.29872,12.30148,0.00,0.00
2017.05.15 03:05:37.662,12.29872,12.30131,0.00,0.00
2017.05.15 03:05:37.753,12.29872,12.30142,0.00,0.00
2017.05.15 03:05:38.675,12.29878,12.30148,0.00,0.00
2017.05.15 03:05:39.154,12.29872,12.30148,0.00,0.00
2017.05.15 03:05:39.922,12.29981,12.30152,0.00,0.00
2017.05.15 03:05:40.074,12.30002,12.30242,0.00,0.00
2017.05.15 03:05:40.175,12.30002,12.30251,0.00,0.00
2017.05.15 03:05:40.957,12.30002,12.30241,0.00,0.00
2017.05.15 03:05:41.558,12.30002,12.30251,0.00,0.00
2017.05.15 03:05:43.761,12.30002,12.30242,0.00,0.00
2017.05.15 03:05:46.565,12.30002,12.30251,0.00,0.00
2017.05.15 03:05:46.966,12.30002,12.30242,0.00,0.00
2017.05.15 03:05:47.514,12.30002,12.30251,0.00,0.00
2017.05.15 03:05:47.567,12.30002,12.30232,0.00,0.00
2017.05.15 03:05:48.585,12.30002,12.30251,0.00,0.00
2017.05.15 03:05:48.686,12.30002,12.30242,0.00,0.00
2017.05.15 03:05:48.768,12.30002,12.30251,0.00,0.00
2017.05.15 03:05:48.870,12.30002,12.30242,0.00,0.00
2017.05.15 03:05:54.534,12.29981,12.30242,0.00,0.00
2017.05.15 03:05:55.535,12.29982,12.30242,0.00,0.00
2017.05.15 03:05:55.679,12.29988,12.30251,0.00,0.00
2017.05.15 03:05:55.812,12.29981,12.30251,0.00,0.00
2017.05.15 03:05:58.785,12.29981,12.30231,0.00,0.00
2017.05.15 03:05:59.286,12.29981,12.30241,0.00,0.00
2017.05.15 03:06:00.103,12.29982,12.30251,0.00,0.00
2017.05.15 03:06:00.204,12.29982,12.30231,0.00,0.00
2017.05.15 03:06:00.434,12.29969,12.30231,0.00,0.00
2017.05.15 03:06:00.806,12.29969,12.30222,0.00,0.00
2017.05.15 03:06:02.415,12.29969,12.30231,0.00,0.00
2017.05.15 03:06:02.566,12.29969,12.30222,0.00,0.00
2017.05.15 03:06:03.035,12.29969,12.30251,0.00,0.00
2017.05.15 03:06:04.396,12.29969,12.30231,0.00,0.00
2017.05.15 03:06:05.107,12.29969,12.30221,0.00,0.00
2017.05.15 03:06:05.197,12.29969,12.30251,0.00,0.00
2017.05.15 03:06:05.298,12.29969,12.30231,0.00,0.00
2017.05.15 03:06:06.100,12.29969,12.30251,0.00,0.00
2017.05.15 03:06:06.244,12.29969,12.30232,0.00,0.00
2017.05.15 03:06:07.210,12.29969,12.30222,0.00,0.00
2017.05.15 03:06:07.311,12.29969,12.30242,0.00,0.00
2017.05.15 03:06:08.636,12.29969,12.30251,0.00,0.00
2017.05.15 03:06:08.814,12.29969,12.30232,0.00,0.00
2017.05.15 03:06:10.555,12.29969,12.30251,0.00,0.00
2017.05.15 03:06:11.056,12.29969,12.30242,0.00,0.00
2017.05.15 03:06:11.369,12.29969,12.30231,0.00,0.00
2017.05.15 03:06:12.917,12.29978,12.30251,0.00,0.00
2017.05.15 03:06:13.018,12.29969,12.30251,0.00,0.00
2017.05.15 03:06:13.114,12.29978,12.30251,0.00,0.00
2017.05.15 03:06:14.317,12.29969,12.30241,0.00,0.00
2017.05.15 03:06:14.755,12.29978,12.30251,0.00,0.00
2017.05.15 03:06:15.218,12.29969,12.30251,0.00,0.00
2017.05.15 03:06:15.906,12.30143,12.30252,0.00,0.00
2017.05.15 03:06:15.956,12.30141,12.30262,0.00,0.00
2017.05.15 03:06:16.058,12.30141,12.30319,0.00,0.00
2017.05.15 03:06:16.695,12.30142,12.30319,0.00,0.00
2017.05.15 03:06:16.872,12.30142,12.30352,0.00,0.00
2017.05.15 03:06:16.973,12.30142,12.30341,0.00,0.00
2017.05.15 03:06:17.074,12.30142,12.30352,0.00,0.00
2017.05.15 03:06:17.628,12.30142,12.30342,0.00,0.00
2017.05.15 03:06:17.729,12.30141,12.30352,0.00,0.00
2017.05.15 03:06:17.830,12.30151,12.30359,0.00,0.00
2017.05.15 03:06:17.880,12.30141,12.30359,0.00,0.00
2017.05.15 03:06:17.931,12.30141,12.30352,0.00,0.00
2017.05.15 03:06:18.497,12.30142,12.30352,0.00,0.00
2017.05.15 03:06:22.505,12.30099,12.30352,0.00,0.00
2017.05.15 03:06:22.556,12.30071,12.30351,0.00,0.00
2017.05.15 03:06:23.298,12.30072,12.30351,0.00,0.00
2017.05.15 03:06:24.244,12.30071,12.30351,0.00,0.00
2017.05.15 03:06:24.345,12.30088,12.30352,0.00,0.00
2017.05.15 03:06:24.747,12.30078,12.30352,0.00,0.00
2017.05.15 03:06:24.848,12.30071,12.30342,0.00,0.00
2017.05.15 03:06:25.265,12.30079,12.30352,0.00,0.00
2017.05.15 03:06:27.603,12.30088,12.30352,0.00,0.00
2017.05.15 03:06:27.848,12.30078,12.30352,0.00,0.00
2017.05.15 03:06:27.948,12.30088,12.30352,0.00,0.00
2017.05.15 03:06:30.452,12.30089,12.30352,0.00,0.00
2017.05.15 03:06:31.265,12.30071,12.30351,0.00,0.00
2017.05.15 03:06:31.354,12.30071,12.30341,0.00,0.00
2017.05.15 03:06:32.166,12.30089,12.30352,0.00,0.00
2017.05.15 03:06:32.665,12.30071,12.30332,0.00,0.00
2017.05.15 03:06:32.756,12.30089,12.30352,0.00,0.00
2017.05.15 03:06:33.000,12.30071,12.30351,0.00,0.00
2017.05.15 03:06:33.057,12.30099,12.30352,0.00,0.00
2017.05.15 03:06:34.181,12.30071,12.30342,0.00,0.00
2017.05.15 03:06:34.283,12.30072,12.30321,0.00,0.00
2017.05.15 03:06:34.388,12.30071,12.30332,0.00,0.00
2017.05.15 03:06:34.573,12.30072,12.30352,0.00,0.00
2017.05.15 03:06:34.675,12.30078,12.30352,0.00,0.00
2017.05.15 03:06:35.163,12.30088,12.30352,0.00,0.00
2017.05.15 03:06:36.367,12.30071,12.30342,0.00,0.00
2017.05.15 03:06:36.885,12.30071,12.30332,0.00,0.00
2017.05.15 03:06:36.969,12.30089,12.30352,0.00,0.00
2017.05.15 03:06:37.588,12.30071,12.30342,0.00,0.00
2017.05.15 03:06:37.876,12.30079,12.30352,0.00,0.00
2017.05.15 03:06:38.907,12.30072,12.30352,0.00,0.00
2017.05.15 03:06:41.495,12.30071,12.30352,0.00,0.00
2017.05.15 03:06:41.596,12.30078,12.30352,0.00,0.00
2017.05.15 03:06:42.194,12.30072,12.30352,0.00,0.00
2017.05.15 03:06:42.276,12.30078,12.30352,0.00,0.00
2017.05.15 03:06:43.678,12.30072,12.30351,0.00,0.00
2017.05.15 03:06:43.778,12.30072,12.30332,0.00,0.00
2017.05.15 03:06:45.509,12.30072,12.30342,0.00,0.00
2017.05.15 03:06:45.627,12.30072,12.30321,0.00,0.00
2017.05.15 03:06:45.829,12.30079,12.30352,0.00,0.00
2017.05.15 03:06:49.995,12.30072,12.30321,0.00,0.00
2017.05.15 03:06:50.386,12.30071,12.30332,0.00,0.00
2017.05.15 03:06:50.487,12.30071,12.30342,0.00,0.00
2017.05.15 03:06:52.032,12.30071,12.30341,0.00,0.00
2017.05.15 03:06:52.133,12.30071,12.30321,0.00,0.00
2017.05.15 03:06:52.189,12.30071,12.30341,0.00,0.00
2017.05.15 03:06:52.526,12.30071,12.30322,0.00,0.00
2017.05.15 03:06:53.291,12.30071,12.30332,0.00,0.00
2017.05.15 03:06:53.814,12.30071,12.30312,0.00,0.00
2017.05.15 03:06:53.892,12.30071,12.30322,0.00,0.00
2017.05.15 03:06:55.580,12.30062,12.30322,0.00,0.00
2017.05.15 03:06:55.681,12.30059,12.30341,0.00,0.00
2017.05.15 03:06:55.732,12.30059,12.30302,0.00,0.00
2017.05.15 03:06:56.598,12.30059,12.30312,0.00,0.00
2017.05.15 03:06:57.774,12.30069,12.30312,0.00,0.00
2017.05.15 03:06:58.201,12.30069,12.30321,0.00,0.00
2017.05.15 03:06:58.305,12.30069,12.30302,0.00,0.00
2017.05.15 03:06:58.406,12.30069,12.30322,0.00,0.00
2017.05.15 03:06:58.709,12.30069,12.30339,0.00,0.00
2017.05.15 03:06:58.926,12.30069,12.30322,0.00,0.00
2017.05.15 03:06:59.114,12.30069,12.30339,0.00,0.00
2017.05.15 03:07:00.621,12.30069,12.30322,0.00,0.00
2017.05.15 03:07:00.722,12.30069,12.30339,0.00,0.00
2017.05.15 03:07:05.347,12.30078,12.30339,0.00,0.00
2017.05.15 03:07:09.255,12.30069,12.30339,0.00,0.00
2017.05.15 03:07:09.356,12.30088,12.30339,0.00,0.00
2017.05.15 03:07:10.245,12.30122,12.30339,0.00,0.00
2017.05.15 03:07:10.462,12.30121,12.30348,0.00,0.00
2017.05.15 03:07:10.828,12.30169,12.30382,0.00,0.00
2017.05.15 03:07:10.980,12.30169,12.30421,0.00,0.00
2017.05.15 03:07:11.081,12.30169,12.30402,0.00,0.00
2017.05.15 03:07:11.380,12.30169,12.30432,0.00,0.00
2017.05.15 03:07:11.533,12.30169,12.30421,0.00,0.00
2017.05.15 03:07:11.660,12.30169,12.30432,0.00,0.00
2017.05.15 03:07:11.761,12.30169,12.30401,0.00,0.00
2017.05.15 03:07:12.372,12.30141,12.30359,0.00,0.00
2017.05.15 03:07:12.604,12.30068,12.30352,0.00,0.00
2017.05.15 03:07:12.655,12.30068,12.30342,0.00,0.00
2017.05.15 03:07:13.838,12.30089,12.30352,0.00,0.00
2017.05.15 03:07:14.956,12.30068,12.30341,0.00,0.00
2017.05.15 03:07:15.372,12.30088,12.30352,0.00,0.00
2017.05.15 03:07:15.928,12.30151,12.30372,0.00,0.00
2017.05.15 03:07:15.979,12.30151,12.30382,0.00,0.00
2017.05.15 03:07:16.080,12.30168,12.30429,0.00,0.00
2017.05.15 03:07:16.131,12.30168,12.30431,0.00,0.00
2017.05.15 03:07:16.262,12.30168,12.30439,0.00,0.00
2017.05.15 03:07:16.794,12.30168,12.30441,0.00,0.00
2017.05.15 03:07:17.185,12.30168,12.30411,0.00,0.00
2017.05.15 03:07:17.246,12.30168,12.30449,0.00,0.00
2017.05.15 03:07:17.455,12.30168,12.30431,0.00,0.00
2017.05.15 03:07:17.684,12.30168,12.30442,0.00,0.00
2017.05.15 03:07:17.747,12.30168,12.30421,0.00,0.00
2017.05.15 03:07:18.575,12.30168,12.30412,0.00,0.00
2017.05.15 03:07:18.649,12.30168,12.30441,0.00,0.00
2017.05.15 03:07:19.348,12.30168,12.30358,0.00,0.00
2017.05.15 03:07:19.399,12.30159,12.30351,0.00,0.00
2017.05.15 03:07:19.450,12.30139,12.30351,0.00,0.00
2017.05.15 03:07:19.551,12.30069,12.30351,0.00,0.00
2017.05.15 03:07:19.653,12.30069,12.30331,0.00,0.00
2017.05.15 03:07:19.996,12.30069,12.30322,0.00,0.00
2017.05.15 03:07:20.052,12.30069,12.30331,0.00,0.00
2017.05.15 03:07:20.185,12.30069,12.30351,0.00,0.00
2017.05.15 03:07:21.855,12.30069,12.30331,0.00,0.00
2017.05.15 03:07:22.758,12.30069,12.30341,0.00,0.00
2017.05.15 03:07:26.363,12.30069,12.30351,0.00,0.00
2017.05.15 03:07:27.169,12.30069,12.30331,0.00,0.00
2017.05.15 03:07:27.509,12.30069,12.30322,0.00,0.00
2017.05.15 03:07:27.666,12.30069,12.30342,0.00,0.00
2017.05.15 03:07:27.890,12.30069,12.30332,0.00,0.00
2017.05.15 03:07:28.168,12.30069,12.30342,0.00,0.00
2017.05.15 03:07:29.115,12.30069,12.30321,0.00,0.00
2017.05.15 03:07:29.488,12.30069,12.30312,0.00,0.00
2017.05.15 03:07:29.571,12.30069,12.30318,0.00,0.00
2017.05.15 03:07:29.711,12.30069,12.30301,0.00,0.00
2017.05.15 03:07:29.812,12.30069,12.30318,0.00,0.00
2017.05.15 03:07:29.913,12.30041,12.30251,0.00,0.00
2017.05.15 03:07:29.964,12.30018,12.30251,0.00,0.00
2017.05.15 03:07:30.015,12.29998,12.30251,0.00,0.00
2017.05.15 03:07:30.116,12.29969,12.30251,0.00,0.00
2017.05.15 03:07:31.304,12.29978,12.30251,0.00,0.00
2017.05.15 03:07:31.801,12.29969,12.30242,0.00,0.00
2017.05.15 03:07:32.577,12.29969,12.30251,0.00,0.00
2017.05.15 03:07:32.733,12.29969,12.30242,0.00,0.00
2017.05.15 03:07:35.081,12.29969,12.30231,0.00,0.00
2017.05.15 03:07:36.005,12.29978,12.30251,0.00,0.00
2017.05.15 03:07:39.235,12.29969,12.30242,0.00,0.00
2017.05.15 03:07:43.504,12.29969,12.30231,0.00,0.00
2017.05.15 03:07:45.716,12.29969,12.30241,0.00,0.00
2017.05.15 03:07:45.817,12.29979,12.30251,0.00,0.00
2017.05.15 03:07:48.339,12.29969,12.30232,0.00,0.00
2017.05.15 03:07:49.229,12.29969,12.30241,0.00,0.00
2017.05.15 03:07:50.505,12.29969,12.30232,0.00,0.00
2017.05.15 03:07:51.052,12.29969,12.30231,0.00,0.00
2017.05.15 03:07:51.855,12.29969,12.30251,0.00,0.00
2017.05.15 03:07:52.040,12.29969,12.30222,0.00,0.00
2017.05.15 03:07:52.646,12.29969,12.30241,0.00,0.00
2017.05.15 03:07:52.831,12.29969,12.30251,0.00,0.00
2017.05.15 03:07:53.512,12.29969,12.30242,0.00,0.00
2017.05.15 03:07:56.116,12.29969,12.30232,0.00,0.00
2017.05.15 03:07:56.809,12.29969,12.30242,0.00,0.00
2017.05.15 03:07:56.860,12.29988,12.30251,0.00,0.00
2017.05.15 03:07:57.117,12.29969,12.30251,0.00,0.00
2017.05.15 03:07:57.218,12.29969,12.30232,0.00,0.00
2017.05.15 03:08:00.518,12.29948,12.30151,0.00,0.00
2017.05.15 03:08:00.670,12.29918,12.30151,0.00,0.00
2017.05.15 03:08:00.723,12.29879,12.30151,0.00,0.00
2017.05.15 03:08:00.829,12.29871,12.30151,0.00,0.00
2017.05.15 03:08:01.124,12.29888,12.30151,0.00,0.00
2017.05.15 03:08:01.224,12.29871,12.30151,0.00,0.00
2017.05.15 03:08:03.527,12.29878,12.30151,0.00,0.00
2017.05.15 03:08:03.924,12.29888,12.30151,0.00,0.00
2017.05.15 03:08:04.075,12.29879,12.30151,0.00,0.00
2017.05.15 03:08:04.128,12.29888,12.30151,0.00,0.00
2017.05.15 03:08:05.129,12.29871,12.30141,0.00,0.00
2017.05.15 03:08:08.034,12.29871,12.30151,0.00,0.00
2017.05.15 03:08:15.710,12.29888,12.30151,0.00,0.00
2017.05.15 03:08:16.450,12.29871,12.30151,0.00,0.00
2017.05.15 03:08:17.560,12.29878,12.30151,0.00,0.00
2017.05.15 03:08:21.105,12.29888,12.30151,0.00,0.00
2017.05.15 03:08:21.156,12.29871,12.30141,0.00,0.00
2017.05.15 03:08:22.202,12.29889,12.30151,0.00,0.00
2017.05.15 03:08:23.192,12.29871,12.30151,0.00,0.00
2017.05.15 03:08:23.293,12.29898,12.30151,0.00,0.00
2017.05.15 03:08:23.822,12.29871,12.30151,0.00,0.00
2017.05.15 03:08:23.873,12.29898,12.30151,0.00,0.00
2017.05.15 03:08:24.863,12.29888,12.30151,0.00,0.00
2017.05.15 03:08:29.093,12.29879,12.30151,0.00,0.00
2017.05.15 03:08:29.194,12.29888,12.30151,0.00,0.00
2017.05.15 03:08:30.676,12.29942,12.30151,0.00,0.00
2017.05.15 03:08:30.777,12.29968,12.30181,0.00,0.00
2017.05.15 03:08:30.878,12.29968,12.30219,0.00,0.00
2017.05.15 03:08:30.929,12.29942,12.30158,0.00,0.00
2017.05.15 03:08:31.404,12.29941,12.30152,0.00,0.00
2017.05.15 03:08:33.174,12.29941,12.30142,0.00,0.00
2017.05.15 03:08:33.274,12.29941,12.30152,0.00,0.00
2017.05.15 03:08:35.695,12.29942,12.30152,0.00,0.00
2017.05.15 03:08:38.244,12.29969,12.30161,0.00,0.00
2017.05.15 03:08:38.295,12.29969,12.30202,0.00,0.00
2017.05.15 03:08:38.396,12.29969,12.30241,0.00,0.00
2017.05.15 03:08:38.497,12.29969,12.30251,0.00,0.00
2017.05.15 03:08:39.185,12.29969,12.30242,0.00,0.00
2017.05.15 03:08:41.988,12.29969,12.30232,0.00,0.00
2017.05.15 03:08:42.735,12.29969,12.30251,0.00,0.00
2017.05.15 03:08:45.104,12.29969,12.30242,0.00,0.00
2017.05.15 03:08:45.694,12.29969,12.30231,0.00,0.00
2017.05.15 03:08:46.496,12.29969,12.30251,0.00,0.00
2017.05.15 03:08:47.813,12.29969,12.30221,0.00,0.00
2017.05.15 03:08:47.914,12.29979,12.30251,0.00,0.00
2017.05.15 03:08:48.319,12.29969,12.30251,0.00,0.00
2017.05.15 03:08:48.420,12.29978,12.30251,0.00,0.00
2017.05.15 03:08:49.455,12.30051,12.30262,0.00,0.00
2017.05.15 03:08:49.759,12.30042,12.30242,0.00,0.00
2017.05.15 03:08:50.343,12.30041,12.30242,0.00,0.00
2017.05.15 03:08:51.457,12.29998,12.30242,0.00,0.00
2017.05.15 03:08:51.559,12.29988,12.30242,0.00,0.00
2017.05.15 03:08:51.610,12.29972,12.30242,0.00,0.00
2017.05.15 03:08:52.315,12.29972,12.30231,0.00,0.00
2017.05.15 03:08:52.626,12.29972,12.30241,0.00,0.00
2017.05.15 03:08:55.727,12.29972,12.30242,0.00,0.00
2017.05.15 03:09:04.020,12.29978,12.30242,0.00,0.00
2017.05.15 03:09:04.258,12.29972,12.30242,0.00,0.00
2017.05.15 03:09:04.321,12.29988,12.30242,0.00,0.00
2017.05.15 03:09:07.235,12.29972,12.30242,0.00,0.00
2017.05.15 03:09:07.827,12.29988,12.30242,0.00,0.00
2017.05.15 03:09:11.347,12.29978,12.30242,0.00,0.00
2017.05.15 03:09:11.434,12.29989,12.30242,0.00,0.00
2017.05.15 03:09:13.556,12.29998,12.30242,0.00,0.00
2017.05.15 03:09:14.375,12.30041,12.30242,0.00,0.00
2017.05.15 03:09:21.305,12.30042,12.30242,0.00,0.00
2017.05.15 03:09:22.118,12.30041,12.30242,0.00,0.00
2017.05.15 03:09:25.470,12.30042,12.30242,0.00,0.00
2017.05.15 03:09:26.535,12.30041,12.30242,0.00,0.00
2017.05.15 03:09:26.713,12.29998,12.30242,0.00,0.00
2017.05.15 03:09:26.764,12.29972,12.30242,0.00,0.00
2017.05.15 03:09:27.399,12.29972,12.30241,0.00,0.00
2017.05.15 03:09:28.786,12.29978,12.30242,0.00,0.00
2017.05.15 03:09:32.960,12.29988,12.30242,0.00,0.00
2017.05.15 03:09:33.061,12.29978,12.30242,0.00,0.00
2017.05.15 03:09:36.411,12.29972,12.30241,0.00,0.00
2017.05.15 03:09:38.605,12.29988,12.30242,0.00,0.00
2017.05.15 03:09:39.814,12.29972,12.30242,0.00,0.00
2017.05.15 03:09:39.870,12.29989,12.30242,0.00,0.00
2017.05.15 03:09:42.973,12.29978,12.30242,0.00,0.00
2017.05.15 03:09:48.215,12.29989,12.30242,0.00,0.00
2017.05.15 03:09:48.480,12.29972,12.30242,0.00,0.00
2017.05.15 03:09:48.580,12.29989,12.30242,0.00,0.00
2017.05.15 03:09:49.625,12.29989,12.30259,0.00,0.00
2017.05.15 03:09:54.497,12.29989,12.30258,0.00,0.00
2017.05.15 03:09:55.105,12.30022,12.30258,0.00,0.00
2017.05.15 03:09:55.621,12.29999,12.30259,0.00,0.00
2017.05.15 03:09:55.722,12.29972,12.30251,0.00,0.00
2017.05.15 03:09:56.928,12.29972,12.30232,0.00,0.00
2017.05.15 03:09:57.029,12.29972,12.30251,0.00,0.00
2017.05.15 03:09:58.596,12.29988,12.30258,0.00,0.00
2017.05.15 03:09:58.794,12.29979,12.30258,0.00,0.00
2017.05.15 03:09:59.196,12.29972,12.30242,0.00,0.00
2017.05.15 03:10:00.108,12.29972,12.30251,0.00,0.00
2017.05.15 03:10:00.396,12.29988,12.30259,0.00,0.00
2017.05.15 03:10:00.497,12.29972,12.30251,0.00,0.00
2017.05.15 03:10:00.599,12.29988,12.30258,0.00,0.00
2017.05.15 03:10:00.905,12.29972,12.30242,0.00,0.00
2017.05.15 03:10:01.937,12.29989,12.30259,0.00,0.00
2017.05.15 03:10:02.044,12.29969,12.30251,0.00,0.00
2017.05.15 03:10:02.098,12.29962,12.30242,0.00,0.00
2017.05.15 03:10:02.504,12.29962,12.30232,0.00,0.00
2017.05.15 03:10:02.724,12.29978,12.30258,0.00,0.00
2017.05.15 03:10:03.214,12.29961,12.30232,0.00,0.00
2017.05.15 03:10:03.438,12.29968,12.30252,0.00,0.00
2017.05.15 03:10:03.543,12.29979,12.30259,0.00,0.00
2017.05.15 03:10:03.905,12.29962,12.30242,0.00,0.00
2017.05.15 03:10:04.454,12.29962,12.30232,0.00,0.00
2017.05.15 03:10:04.505,12.29969,12.30251,0.00,0.00
2017.05.15 03:10:05.245,12.29962,12.30231,0.00,0.00
2017.05.15 03:10:05.804,12.29961,12.30231,0.00,0.00
2017.05.15 03:10:07.505,12.29962,12.30231,0.00,0.00
2017.05.15 03:10:07.606,12.29989,12.30259,0.00,0.00
2017.05.15 03:10:08.024,12.29961,12.30231,0.00,0.00
2017.05.15 03:10:08.607,12.29969,12.30251,0.00,0.00
2017.05.15 03:10:08.823,12.29962,12.30232,0.00,0.00
2017.05.15 03:10:09.307,12.29978,12.30259,0.00,0.00
2017.05.15 03:10:09.408,12.29961,12.30242,0.00,0.00
2017.05.15 03:10:09.714,12.29962,12.30231,0.00,0.00
2017.05.15 03:10:09.815,12.29978,12.30258,0.00,0.00
2017.05.15 03:10:14.216,12.29969,12.30251,0.00,0.00
2017.05.15 03:10:15.825,12.29961,12.30231,0.00,0.00
2017.05.15 03:10:15.918,12.29979,12.30259,0.00,0.00
2017.05.15 03:10:16.919,12.29961,12.30231,0.00,0.00
2017.05.15 03:10:17.019,12.29969,12.30251,0.00,0.00
2017.05.15 03:10:17.457,12.29961,12.30242,0.00,0.00
2017.05.15 03:10:17.904,12.29988,12.30259,0.00,0.00
2017.05.15 03:10:17.955,12.29968,12.30252,0.00,0.00
2017.05.15 03:10:18.056,12.29988,12.30259,0.00,0.00
2017.05.15 03:10:19.122,12.29969,12.30251,0.00,0.00
2017.05.15 03:10:19.645,12.29962,12.30242,0.00,0.00
2017.05.15 03:10:19.995,12.29988,12.30258,0.00,0.00
2017.05.15 03:10:23.348,12.29962,12.30242,0.00,0.00
2017.05.15 03:10:23.957,12.29961,12.30242,0.00,0.00
2017.05.15 03:10:25.129,12.29988,12.30259,0.00,0.00
2017.05.15 03:10:27.962,12.29968,12.30252,0.00,0.00
2017.05.15 03:10:28.063,12.29988,12.30259,0.00,0.00
2017.05.15 03:10:28.754,12.29961,12.30232,0.00,0.00
2017.05.15 03:10:29.241,12.29989,12.30259,0.00,0.00
2017.05.15 03:10:31.454,12.30062,12.30271,0.00,0.00
2017.05.15 03:10:31.555,12.30051,12.30268,0.00,0.00
2017.05.15 03:10:31.606,12.30052,12.30242,0.00,0.00
2017.05.15 03:10:31.819,12.30058,12.30311,0.00,0.00
2017.05.15 03:10:31.870,12.30059,12.30341,0.00,0.00
2017.05.15 03:10:32.466,12.30058,12.30332,0.00,0.00
2017.05.15 03:10:32.873,12.30068,12.30342,0.00,0.00
2017.05.15 03:10:33.245,12.30058,12.30321,0.00,0.00
2017.05.15 03:10:33.545,12.30059,12.30341,0.00,0.00
2017.05.15 03:10:35.945,12.30069,12.30342,0.00,0.00
2017.05.15 03:10:36.046,12.30058,12.30342,0.00,0.00
2017.05.15 03:10:36.819,12.30122,12.30342,0.00,0.00
2017.05.15 03:10:36.870,12.30108,12.30352,0.00,0.00
2017.05.15 03:10:36.971,12.30099,12.30341,0.00,0.00
2017.05.15 03:10:37.161,12.30122,12.30392,0.00,0.00
2017.05.15 03:10:37.798,12.30118,12.30358,0.00,0.00
2017.05.15 03:10:37.849,12.30089,12.30342,0.00,0.00
2017.05.15 03:10:37.950,12.30071,12.30342,0.00,0.00
2017.05.15 03:10:38.383,12.30071,12.30332,0.00,0.00
2017.05.15 03:10:39.150,12.30071,12.30341,0.00,0.00
2017.05.15 03:10:39.570,12.30072,12.30322,0.00,0.00
2017.05.15 03:10:40.220,12.30071,12.30322,0.00,0.00
2017.05.15 03:10:40.271,12.30072,12.30332,0.00,0.00
2017.05.15 03:10:40.372,12.30071,12.30312,0.00,0.00
2017.05.15 03:10:40.600,12.30071,12.30322,0.00,0.00
2017.05.15 03:10:42.302,12.30071,12.30312,0.00,0.00
2017.05.15 03:10:42.644,12.30041,12.30241,0.00,0.00
2017.05.15 03:10:43.654,12.30042,12.30241,0.00,0.00
2017.05.15 03:10:44.067,12.30042,12.30202,0.00,0.00
2017.05.15 03:10:44.932,12.30041,12.30202,0.00,0.00
2017.05.15 03:10:45.500,12.30042,12.30202,0.00,0.00
2017.05.15 03:10:46.034,12.29978,12.30202,0.00,0.00
2017.05.15 03:10:46.135,12.29968,12.30202,0.00,0.00
2017.05.15 03:10:46.186,12.29962,12.30202,0.00,0.00
2017.05.15 03:10:46.287,12.29978,12.30202,0.00,0.00
2017.05.15 03:10:46.481,12.29962,12.30202,0.00,0.00
2017.05.15 03:10:47.007,12.29969,12.30202,0.00,0.00
2017.05.15 03:10:47.063,12.29961,12.30202,0.00,0.00
2017.05.15 03:10:47.615,12.29962,12.30202,0.00,0.00
2017.05.15 03:10:47.665,12.29968,12.30202,0.00,0.00
2017.05.15 03:10:47.764,12.29962,12.30202,0.00,0.00
2017.05.15 03:10:49.904,12.29961,12.30202,0.00,0.00
2017.05.15 03:10:50.409,12.29962,12.30202,0.00,0.00
2017.05.15 03:10:51.907,12.29968,12.30202,0.00,0.00
2017.05.15 03:10:54.284,12.29961,12.30202,0.00,0.00
2017.05.15 03:10:55.295,12.29951,12.30202,0.00,0.00
2017.05.15 03:10:55.977,12.29958,12.30202,0.00,0.00
2017.05.15 03:10:56.078,12.29951,12.30202,0.00,0.00
2017.05.15 03:10:56.308,12.29958,12.30202,0.00,0.00
2017.05.15 03:10:56.678,12.29968,12.30202,0.00,0.00
2017.05.15 03:10:58.982,12.29952,12.30202,0.00,0.00
2017.05.15 03:10:59.583,12.29958,12.30202,0.00,0.00
2017.05.15 03:11:01.693,12.29978,12.30202,0.00,0.00
2017.05.15 03:11:02.434,12.29958,12.30202,0.00,0.00
2017.05.15 03:11:03.952,12.29958,12.30242,0.00,0.00
2017.05.15 03:11:04.003,12.29988,12.30242,0.00,0.00
2017.05.15 03:11:04.090,12.29968,12.30242,0.00,0.00
2017.05.15 03:11:05.338,12.29959,12.30241,0.00,0.00
2017.05.15 03:11:05.600,12.29958,12.30232,0.00,0.00
2017.05.15 03:11:10.803,12.29959,12.30241,0.00,0.00
2017.05.15 03:11:10.908,12.29958,12.30232,0.00,0.00
2017.05.15 03:11:11.281,12.29979,12.30242,0.00,0.00
2017.05.15 03:11:11.332,12.29958,12.30242,0.00,0.00
2017.05.15 03:11:11.404,12.29958,12.30231,0.00,0.00
2017.05.15 03:11:11.937,12.29978,12.30242,0.00,0.00
2017.05.15 03:11:12.038,12.29958,12.30232,0.00,0.00
2017.05.15 03:11:15.601,12.29958,12.30242,0.00,0.00
2017.05.15 03:11:19.416,12.29968,12.30242,0.00,0.00
2017.05.15 03:11:20.218,12.29958,12.30242,0.00,0.00
2017.05.15 03:11:20.825,12.29978,12.30242,0.00,0.00
2017.05.15 03:11:20.919,12.29958,12.30242,0.00,0.00
2017.05.15 03:11:33.249,12.29978,12.30242,0.00,0.00
2017.05.15 03:11:33.350,12.29958,12.30242,0.00,0.00
2017.05.15 03:11:36.391,12.29958,12.30232,0.00,0.00
2017.05.15 03:11:37.048,12.29968,12.30242,0.00,0.00
2017.05.15 03:11:37.144,12.29958,12.30242,0.00,0.00
2017.05.15 03:11:37.258,12.29958,12.30231,0.00,0.00
2017.05.15 03:11:38.167,12.29959,12.30241,0.00,0.00
2017.05.15 03:11:38.308,12.29958,12.30231,0.00,0.00
2017.05.15 03:11:38.359,12.29958,12.30242,0.00,0.00
2017.05.15 03:11:39.677,12.29969,12.30242,0.00,0.00
2017.05.15 03:11:39.748,12.29958,12.30242,0.00,0.00
2017.05.15 03:11:43.087,12.29968,12.30242,0.00,0.00
2017.05.15 03:11:48.574,12.29958,12.30242,0.00,0.00
2017.05.15 03:11:48.660,12.29968,12.30242,0.00,0.00
2017.05.15 03:11:49.962,12.29958,12.30242,0.00,0.00
2017.05.15 03:11:50.484,12.29968,12.30242,0.00,0.00
2017.05.15 03:11:50.895,12.29959,12.30241,0.00,0.00
2017.05.15 03:11:50.996,12.29978,12.30242,0.00,0.00
2017.05.15 03:11:51.315,12.30021,12.30242,0.00,0.00
2017.05.15 03:11:51.466,12.30051,12.30291,0.00,0.00
2017.05.15 03:11:51.517,12.30058,12.30291,0.00,0.00
2017.05.15 03:11:51.567,12.30058,12.30312,0.00,0.00
2017.05.15 03:11:51.669,12.30058,12.30318,0.00,0.00
2017.05.15 03:11:51.871,12.30058,12.30301,0.00,0.00
2017.05.15 03:11:52.211,12.30061,12.30329,0.00,0.00
2017.05.15 03:11:52.676,12.30061,12.30321,0.00,0.00
2017.05.15 03:11:53.085,12.30058,12.30279,0.00,0.00
2017.05.15 03:11:53.514,12.30068,12.30279,0.00,0.00
2017.05.15 03:11:53.621,12.30058,12.30279,0.00,0.00
2017.05.15 03:11:54.916,12.30069,12.30279,0.00,0.00
2017.05.15 03:11:55.018,12.30058,12.30279,0.00,0.00
2017.05.15 03:11:55.068,12.30058,12.30189,0.00,0.00
2017.05.15 03:11:55.119,12.30018,12.30189,0.00,0.00
2017.05.15 03:11:55.272,12.29959,12.30189,0.00,0.00
2017.05.15 03:11:56.703,12.29959,12.30159,0.00,0.00
2017.05.15 03:12:30.891,12.29938,12.30069,0.00,0.00
2017.05.15 03:12:31.042,12.29918,12.30069,0.00,0.00
2017.05.15 03:12:31.144,12.29859,12.30069,0.00,0.00
2017.05.15 03:12:31.215,12.29879,12.30069,0.00,0.00
2017.05.15 03:12:31.316,12.29859,12.30069,0.00,0.00
2017.05.15 03:13:30.925,12.29838,12.30069,0.00,0.00
2017.05.15 03:13:31.497,12.29828,12.30069,0.00,0.00
2017.05.15 03:13:31.598,12.29848,12.30069,0.00,0.00
2017.05.15 03:13:33.700,12.29838,12.30069,0.00,0.00
2017.05.15 03:13:34.000,12.29849,12.30069,0.00,0.00
2017.05.15 03:13:36.635,12.29838,12.30069,0.00,0.00
2017.05.15 03:13:36.736,12.29828,12.30069,0.00,0.00
2017.05.15 03:13:36.837,12.29849,12.30069,0.00,0.00
2017.05.15 03:13:36.938,12.29829,12.30069,0.00,0.00
2017.05.15 03:13:37.249,12.29838,12.30069,0.00,0.00
2017.05.15 03:13:39.415,12.29829,12.30069,0.00,0.00
2017.05.15 03:13:39.516,12.29859,12.30069,0.00,0.00
2017.05.15 03:13:39.608,12.29848,12.30069,0.00,0.00
2017.05.15 03:13:39.827,12.29829,12.30069,0.00,0.00
2017.05.15 03:13:40.220,12.29838,12.30069,0.00,0.00
2017.05.15 03:13:42.794,12.29838,12.30078,0.00,0.00
2017.05.15 03:13:42.845,12.29829,12.30078,0.00,0.00
2017.05.15 03:13:42.946,12.29858,12.30078,0.00,0.00
2017.05.15 03:13:43.243,12.29849,12.30078,0.00,0.00
2017.05.15 03:13:43.344,12.29838,12.30078,0.00,0.00
2017.05.15 03:13:43.445,12.29858,12.30078,0.00,0.00
2017.05.15 03:13:44.515,12.29848,12.30078,0.00,0.00
2017.05.15 03:13:48.019,12.29828,12.30078,0.00,0.00
2017.05.15 03:13:49.255,12.29858,12.30078,0.00,0.00
2017.05.15 03:13:50.496,12.29848,12.30078,0.00,0.00
2017.05.15 03:13:54.928,12.29838,12.30078,0.00,0.00
2017.05.15 03:13:55.029,12.29848,12.30078,0.00,0.00
2017.05.15 03:13:56.445,12.29859,12.30078,0.00,0.00
2017.05.15 03:13:56.531,12.29849,12.30078,0.00,0.00
2017.05.15 03:14:02.485,12.29858,12.30078,0.00,0.00
2017.05.15 03:14:06.448,12.29869,12.30078,0.00,0.00
2017.05.15 03:14:06.546,12.29849,12.30078,0.00,0.00
2017.05.15 03:14:11.453,12.29858,12.30078,0.00,0.00
2017.05.15 03:14:11.854,12.29869,12.30078,0.00,0.00
2017.05.15 03:14:17.594,12.29869,12.30088,0.00,0.00
2017.05.15 03:14:17.695,12.29959,12.30088,0.00,0.00
2017.05.15 03:14:17.746,12.29959,12.30131,0.00,0.00
2017.05.15 03:14:17.797,12.29959,12.30162,0.00,0.00
2017.05.15 03:14:17.898,12.29959,12.30189,0.00,0.00
2017.05.15 03:14:18.375,12.29959,12.30209,0.00,0.00
2017.05.15 03:14:18.704,12.29959,12.30219,0.00,0.00
2017.05.15 03:14:21.445,12.29959,12.30209,0.00,0.00
2017.05.15 03:14:21.748,12.29952,12.30158,0.00,0.00
2017.05.15 03:14:21.985,12.29908,12.30139,0.00,0.00
2017.05.15 03:14:22.035,12.29908,12.30119,0.00,0.00
2017.05.15 03:14:22.234,12.29868,12.30119,0.00,0.00
2017.05.15 03:14:22.285,12.29859,12.30119,0.00,0.00
2017.05.15 03:14:22.601,12.29868,12.30119,0.00,0.00
2017.05.15 03:14:24.372,12.29859,12.30119,0.00,0.00
2017.05.15 03:14:25.082,12.29859,12.30098,0.00,0.00
2017.05.15 03:14:45.736,12.29879,12.30098,0.00,0.00
2017.05.15 03:14:47.611,12.29859,12.30098,0.00,0.00
2017.05.15 03:14:55.030,12.29869,12.30098,0.00,0.00
2017.05.15 03:14:55.178,12.29859,12.30098,0.00,0.00
2017.05.15 03:14:59.429,12.29869,12.30098,0.00,0.00
2017.05.15 03:15:12.579,12.29859,12.30098,0.00,0.00
2017.05.15 03:15:13.779,12.29869,12.30098,0.00,0.00
2017.05.15 03:15:14.289,12.29859,12.30098,0.00,0.00
2017.05.15 03:15:14.356,12.29869,12.30098,0.00,0.00
2017.05.15 03:15:17.562,12.29859,12.30098,0.00,0.00
2017.05.15 03:15:20.087,12.29859,12.30099,0.00,0.00
2017.05.15 03:15:21.998,12.29839,12.30099,0.00,0.00
2017.05.15 03:15:29.207,12.29858,12.30099,0.00,0.00
2017.05.15 03:15:30.487,12.29868,12.30099,0.00,0.00
2017.05.15 03:15:30.989,12.29879,12.30099,0.00,0.00
2017.05.15 03:15:32.592,12.29848,12.30099,0.00,0.00
2017.05.15 03:15:33.194,12.29878,12.30099,0.00,0.00
2017.05.15 03:15:33.295,12.29858,12.30099,0.00,0.00
2017.05.15 03:15:36.407,12.29848,12.30099,0.00,0.00
2017.05.15 03:15:36.709,12.29878,12.30099,0.00,0.00
2017.05.15 03:15:36.809,12.29848,12.30099,0.00,0.00
2017.05.15 03:15:38.712,12.29859,12.30099,0.00,0.00
2017.05.15 03:15:39.017,12.29849,12.30099,0.00,0.00
2017.05.15 03:15:39.214,12.29859,12.30099,0.00,0.00
2017.05.15 03:15:40.215,12.29878,12.30099,0.00,0.00
2017.05.15 03:15:40.317,12.29859,12.30099,0.00,0.00
2017.05.15 03:15:48.558,12.29849,12.30099,0.00,0.00
2017.05.15 03:15:52.336,12.29858,12.30099,0.00,0.00
2017.05.15 03:15:52.436,12.29848,12.30099,0.00,0.00
2017.05.15 03:15:53.543,12.29838,12.30099,0.00,0.00
2017.05.15 03:15:53.644,12.29859,12.30099,0.00,0.00
2017.05.15 03:15:53.745,12.29821,12.30099,0.00,0.00
2017.05.15 03:15:54.535,12.29822,12.30099,0.00,0.00
2017.05.15 03:15:54.585,12.29828,12.30099,0.00,0.00
2017.05.15 03:15:55.101,12.29839,12.30119,0.00,0.00
2017.05.15 03:15:56.641,12.29849,12.30119,0.00,0.00
2017.05.15 03:15:56.741,12.29822,12.30102,0.00,0.00
2017.05.15 03:15:57.242,12.29839,12.30118,0.00,0.00
2017.05.15 03:15:59.546,12.29822,12.30102,0.00,0.00
2017.05.15 03:15:59.646,12.29838,12.30118,0.00,0.00
2017.05.15 03:16:01.450,12.29848,12.30118,0.00,0.00
2017.05.15 03:16:01.551,12.29839,12.30118,0.00,0.00
2017.05.15 03:16:08.965,12.29839,12.30119,0.00,0.00
2017.05.15 03:16:15.986,12.29839,12.30118,0.00,0.00
2017.05.15 03:16:18.247,12.29839,12.30108,0.00,0.00
2017.05.15 03:16:18.398,12.29822,12.30101,0.00,0.00
2017.05.15 03:16:18.615,12.29829,12.30109,0.00,0.00
2017.05.15 03:16:18.675,12.29822,12.30102,0.00,0.00
2017.05.15 03:16:19.225,12.29828,12.30109,0.00,0.00
2017.05.15 03:16:20.236,12.29828,12.30108,0.00,0.00
2017.05.15 03:16:20.287,12.29839,12.30109,0.00,0.00
2017.05.15 03:16:20.377,12.29821,12.30102,0.00,0.00
2017.05.15 03:16:21.154,12.29822,12.30102,0.00,0.00
2017.05.15 03:16:21.296,12.29809,12.30069,0.00,0.00
2017.05.15 03:16:21.746,12.29759,12.30019,0.00,0.00
2017.05.15 03:16:23.077,12.29759,12.30018,0.00,0.00
2017.05.15 03:16:23.782,12.29759,12.30019,0.00,0.00
2017.05.15 03:16:28.158,12.29759,12.30018,0.00,0.00
2017.05.15 03:16:28.747,12.29759,12.30019,0.00,0.00
2017.05.15 03:16:37.557,12.29759,12.30018,0.00,0.00
2017.05.15 03:16:39.747,12.29759,12.30011,0.00,0.00
2017.05.15 03:16:40.310,12.29759,12.30018,0.00,0.00
2017.05.15 03:16:49.975,12.29759,12.30019,0.00,0.00
2017.05.15 03:16:50.526,12.29768,12.30018,0.00,0.00
2017.05.15 03:16:50.838,12.29759,12.30019,0.00,0.00
2017.05.15 03:16:51.377,12.29759,12.30018,0.00,0.00
2017.05.15 03:16:54.596,12.29759,12.30019,0.00,0.00
2017.05.15 03:16:57.006,12.29759,12.30018,0.00,0.00
2017.05.15 03:16:57.258,12.29769,12.30019,0.00,0.00
2017.05.15 03:16:57.460,12.29751,12.30011,0.00,0.00
2017.05.15 03:16:58.205,12.29752,12.30011,0.00,0.00
2017.05.15 03:16:58.667,12.29751,12.30029,0.00,0.00
2017.05.15 03:16:58.739,12.29751,12.30002,0.00,0.00
2017.05.15 03:16:59.245,12.29751,12.30022,0.00,0.00
2017.05.15 03:17:00.339,12.29752,12.30022,0.00,0.00
2017.05.15 03:17:00.474,12.29752,12.30002,0.00,0.00
2017.05.15 03:17:03.946,12.29752,12.30028,0.00,0.00
2017.05.15 03:17:04.046,12.29752,12.30022,0.00,0.00
2017.05.15 03:17:04.346,12.29751,12.30029,0.00,0.00
2017.05.15 03:17:04.647,12.29751,12.30002,0.00,0.00
2017.05.15 03:17:05.156,12.29718,12.29929,0.00,0.00
2017.05.15 03:17:05.257,12.29708,12.29928,0.00,0.00
2017.05.15 03:17:05.358,12.29658,12.29928,0.00,0.00
2017.05.15 03:17:05.448,12.29649,12.29928,0.00,0.00
2017.05.15 03:17:05.549,12.29751,12.29931,0.00,0.00
2017.05.15 03:17:05.650,12.29751,12.29992,0.00,0.00
2017.05.15 03:17:05.751,12.29751,12.30009,0.00,0.00
2017.05.15 03:17:06.156,12.29752,12.30011,0.00,0.00
2017.05.15 03:17:06.338,12.29748,12.30008,0.00,0.00
2017.05.15 03:17:06.389,12.29729,12.29932,0.00,0.00
2017.05.15 03:17:06.509,12.29698,12.29931,0.00,0.00
2017.05.15 03:17:06.560,12.29688,12.29931,0.00,0.00
2017.05.15 03:17:06.662,12.29658,12.29931,0.00,0.00
2017.05.15 03:17:06.952,12.29669,12.29931,0.00,0.00
2017.05.15 03:17:07.053,12.29659,12.29931,0.00,0.00
2017.05.15 03:17:07.753,12.29668,12.29931,0.00,0.00
2017.05.15 03:17:09.250,12.29668,12.29929,0.00,0.00
2017.05.15 03:17:09.301,12.29658,12.29928,0.00,0.00
2017.05.15 03:17:09.402,12.29649,12.29928,0.00,0.00
2017.05.15 03:17:09.556,12.29668,12.29928,0.00,0.00
2017.05.15 03:17:10.190,12.29668,12.29931,0.00,0.00
2017.05.15 03:17:10.257,12.29658,12.29931,0.00,0.00
2017.05.15 03:17:10.358,12.29669,12.29931,0.00,0.00
2017.05.15 03:17:10.759,12.29659,12.29931,0.00,0.00
2017.05.15 03:17:11.168,12.29659,12.29928,0.00,0.00
2017.05.15 03:17:11.260,12.29649,12.29928,0.00,0.00
2017.05.15 03:17:12.361,12.29669,12.29928,0.00,0.00
2017.05.15 03:17:15.142,12.29669,12.29931,0.00,0.00
2017.05.15 03:17:15.293,12.29658,12.29929,0.00,0.00
2017.05.15 03:17:15.366,12.29668,12.29929,0.00,0.00
2017.05.15 03:17:15.467,12.29649,12.29928,0.00,0.00
2017.05.15 03:17:19.319,12.29658,12.29928,0.00,0.00
2017.05.15 03:17:21.414,12.29679,12.29928,0.00,0.00
2017.05.15 03:17:21.573,12.29658,12.29929,0.00,0.00
2017.05.15 03:17:21.674,12.29649,12.29929,0.00,0.00
2017.05.15 03:17:24.716,12.29669,12.29929,0.00,0.00
2017.05.15 03:17:25.247,12.29669,12.29928,0.00,0.00
2017.05.15 03:17:25.399,12.29649,12.29928,0.00,0.00
2017.05.15 03:17:25.707,12.29659,12.29928,0.00,0.00
2017.05.15 03:17:26.288,12.29649,12.29919,0.00,0.00
2017.05.15 03:17:26.389,12.29649,12.29911,0.00,0.00
2017.05.15 03:17:26.617,12.29649,12.29922,0.00,0.00
2017.05.15 03:17:26.719,12.29659,12.29929,0.00,0.00
2017.05.15 03:17:27.306,12.29669,12.29929,0.00,0.00
2017.05.15 03:17:28.366,12.29669,12.29928,0.00,0.00
2017.05.15 03:17:28.607,12.29659,12.29928,0.00,0.00
2017.05.15 03:17:28.718,12.29678,12.29928,0.00,0.00
2017.05.15 03:17:29.685,12.29649,12.29928,0.00,0.00
2017.05.15 03:17:35.097,12.29649,12.29929,0.00,0.00
2017.05.15 03:17:35.492,12.29669,12.29928,0.00,0.00
2017.05.15 03:17:35.593,12.29649,12.29919,0.00,0.00
2017.05.15 03:17:35.793,12.29649,12.29912,0.00,0.00
2017.05.15 03:17:39.197,12.29649,12.29919,0.00,0.00
2017.05.15 03:17:39.699,12.29659,12.29919,0.00,0.00
2017.05.15 03:17:39.799,12.29649,12.29912,0.00,0.00
2017.05.15 03:17:41.370,12.29649,12.29918,0.00,0.00
2017.05.15 03:17:41.421,12.29649,12.29911,0.00,0.00
2017.05.15 03:17:41.615,12.29649,12.29918,0.00,0.00
2017.05.15 03:17:44.708,12.29649,12.29911,0.00,0.00
2017.05.15 03:17:45.196,12.29659,12.29918,0.00,0.00
2017.05.15 03:17:47.410,12.29649,12.29912,0.00,0.00
2017.05.15 03:17:48.958,12.29649,12.29902,0.00,0.00
2017.05.15 03:17:49.229,12.29649,12.29929,0.00,0.00
2017.05.15 03:17:49.330,12.29659,12.29929,0.00,0.00
2017.05.15 03:17:50.667,12.29649,12.29929,0.00,0.00
2017.05.15 03:17:52.752,12.29649,12.29928,0.00,0.00
2017.05.15 03:17:53.047,12.29659,12.29928,0.00,0.00
2017.05.15 03:17:53.451,12.29668,12.29928,0.00,0.00
2017.05.15 03:17:54.641,12.29658,12.29928,0.00,0.00
2017.05.15 03:17:54.754,12.29668,12.29928,0.00,0.00
2017.05.15 03:17:54.855,12.29658,12.29919,0.00,0.00
2017.05.15 03:17:54.921,12.29649,12.29919,0.00,0.00
2017.05.15 03:17:58.343,12.29659,12.29919,0.00,0.00
2017.05.15 03:17:59.229,12.29649,12.29919,0.00,0.00
2017.05.15 03:18:00.152,12.29671,12.29919,0.00,0.00
2017.05.15 03:18:00.712,12.29671,12.29918,0.00,0.00
2017.05.15 03:18:01.037,12.29671,12.29912,0.00,0.00
2017.05.15 03:18:01.232,12.29671,12.29919,0.00,0.00
2017.05.15 03:18:03.839,12.29671,12.29918,0.00,0.00
2017.05.15 03:18:04.029,12.29671,12.29928,0.00,0.00
2017.05.15 03:18:06.180,12.29721,12.29928,0.00,0.00
2017.05.15 03:18:06.382,12.29761,12.30021,0.00,0.00
2017.05.15 03:18:06.443,12.29761,12.30028,0.00,0.00
2017.05.15 03:18:06.697,12.29772,12.30029,0.00,0.00
2017.05.15 03:18:07.321,12.29772,12.30019,0.00,0.00
2017.05.15 03:18:10.086,12.29772,12.30011,0.00,0.00
2017.05.15 03:18:12.554,12.29772,12.30018,0.00,0.00
2017.05.15 03:18:12.854,12.29772,12.30012,0.00,0.00
2017.05.15 03:18:13.718,12.29772,12.29999,0.00,0.00
2017.05.15 03:18:14.406,12.29772,12.30012,0.00,0.00
2017.05.15 03:18:14.558,12.29772,12.30019,0.00,0.00
2017.05.15 03:18:15.197,12.29772,12.30018,0.00,0.00
2017.05.15 03:18:15.978,12.29772,12.30019,0.00,0.00
2017.05.15 03:18:17.106,12.29772,12.30018,0.00,0.00
2017.05.15 03:18:17.575,12.29861,12.30032,0.00,0.00
2017.05.15 03:18:17.776,12.29861,12.30119,0.00,0.00
2017.05.15 03:18:18.531,12.29861,12.30122,0.00,0.00
2017.05.15 03:18:19.665,12.29861,12.30129,0.00,0.00
2017.05.15 03:18:21.567,12.29861,12.30122,0.00,0.00
2017.05.15 03:18:23.596,12.29861,12.30128,0.00,0.00
2017.05.15 03:18:23.702,12.29861,12.30122,0.00,0.00
2017.05.15 03:18:24.350,12.29861,12.30111,0.00,0.00
2017.05.15 03:18:24.914,12.29861,12.30088,0.00,0.00
2017.05.15 03:18:25.015,12.29861,12.30101,0.00,0.00
2017.05.15 03:18:25.173,12.29861,12.30122,0.00,0.00
2017.05.15 03:18:27.081,12.29861,12.30111,0.00,0.00
2017.05.15 03:18:27.657,12.29861,12.30102,0.00,0.00
2017.05.15 03:18:28.279,12.29861,12.30112,0.00,0.00
2017.05.15 03:18:29.328,12.29861,12.30102,0.00,0.00
2017.05.15 03:18:29.806,12.29861,12.30088,0.00,0.00
2017.05.15 03:18:29.958,12.29861,12.30099,0.00,0.00
2017.05.15 03:18:30.081,12.29861,12.30092,0.00,0.00
2017.05.15 03:18:30.482,12.29861,12.30099,0.00,0.00
2017.05.15 03:18:31.496,12.29861,12.30098,0.00,0.00
2017.05.15 03:18:32.617,12.29861,12.30099,0.00,0.00
2017.05.15 03:18:32.785,12.29861,12.30092,0.00,0.00
2017.05.15 03:18:33.286,12.29861,12.30098,0.00,0.00
2017.05.15 03:18:33.394,12.29861,12.30092,0.00,0.00
2017.05.15 03:18:33.706,12.29838,12.30032,0.00,0.00
2017.05.15 03:18:33.807,12.29781,12.30028,0.00,0.00
2017.05.15 03:18:34.312,12.29781,12.30029,0.00,0.00
2017.05.15 03:18:35.277,12.29862,12.30051,0.00,0.00
2017.05.15 03:18:35.429,12.29862,12.30082,0.00,0.00
2017.05.15 03:18:35.491,12.29862,12.30122,0.00,0.00
2017.05.15 03:18:37.293,12.29862,12.30102,0.00,0.00
2017.05.15 03:18:37.395,12.29862,12.30129,0.00,0.00
2017.05.15 03:18:37.694,12.29862,12.30111,0.00,0.00
2017.05.15 03:18:38.912,12.29862,12.30128,0.00,0.00
2017.05.15 03:18:39.013,12.29862,12.30122,0.00,0.00
2017.05.15 03:18:39.198,12.29862,12.30128,0.00,0.00
2017.05.15 03:18:39.757,12.29862,12.30129,0.00,0.00
2017.05.15 03:18:42.403,12.29862,12.30121,0.00,0.00
2017.05.15 03:18:42.704,12.29862,12.30129,0.00,0.00
2017.05.15 03:18:44.087,12.29862,12.30118,0.00,0.00
2017.05.15 03:18:44.407,12.29862,12.30092,0.00,0.00
2017.05.15 03:18:47.261,12.29862,12.30112,0.00,0.00
2017.05.15 03:18:47.313,12.29862,12.30122,0.00,0.00
2017.05.15 03:18:47.614,12.29862,12.30112,0.00,0.00
2017.05.15 03:18:50.231,12.29862,12.30102,0.00,0.00
2017.05.15 03:18:50.841,12.29862,12.30101,0.00,0.00
2017.05.15 03:18:53.422,12.29862,12.30118,0.00,0.00
2017.05.15 03:18:54.034,12.29862,12.30129,0.00,0.00
2017.05.15 03:18:54.223,12.29862,12.30122,0.00,0.00
2017.05.15 03:18:55.725,12.29862,12.30112,0.00,0.00
2017.05.15 03:18:59.307,12.29862,12.30122,0.00,0.00
2017.05.15 03:19:03.936,12.29862,12.30128,0.00,0.00
2017.05.15 03:19:04.036,12.29862,12.30121,0.00,0.00
2017.05.15 03:19:10.176,12.29862,12.30119,0.00,0.00
2017.05.15 03:19:10.495,12.29862,12.30112,0.00,0.00
2017.05.15 03:19:10.896,12.29862,12.30101,0.00,0.00
2017.05.15 03:19:10.946,12.29851,12.30101,0.00,0.00
2017.05.15 03:19:11.048,12.29851,12.30091,0.00,0.00
2017.05.15 03:19:11.308,12.29789,12.30031,0.00,0.00
2017.05.15 03:19:11.359,12.29778,12.30031,0.00,0.00
2017.05.15 03:19:11.460,12.29768,12.30031,0.00,0.00
2017.05.15 03:19:11.549,12.29761,12.30031,0.00,0.00
2017.05.15 03:19:12.256,12.29779,12.30031,0.00,0.00
2017.05.15 03:19:12.779,12.29768,12.30031,0.00,0.00
2017.05.15 03:19:12.880,12.29761,12.30031,0.00,0.00
2017.05.15 03:19:13.091,12.29841,12.30041,0.00,0.00
2017.05.15 03:19:13.347,12.29849,12.30072,0.00,0.00
2017.05.15 03:19:13.401,12.29849,12.30119,0.00,0.00
2017.05.15 03:19:13.668,12.29849,12.30101,0.00,0.00
2017.05.15 03:19:13.769,12.29849,12.30118,0.00,0.00
2017.05.15 03:19:13.886,12.29849,12.30091,0.00,0.00
2017.05.15 03:19:14.378,12.29849,12.30102,0.00,0.00
2017.05.15 03:19:14.428,12.29851,12.30102,0.00,0.00
2017.05.15 03:19:14.479,12.29851,12.30122,0.00,0.00
2017.05.15 03:19:14.555,12.29851,12.30128,0.00,0.00
2017.05.15 03:19:14.755,12.29851,12.30122,0.00,0.00
2017.05.15 03:19:14.857,12.29851,12.30129,0.00,0.00
2017.05.15 03:19:15.156,12.29858,12.30128,0.00,0.00
2017.05.15 03:19:15.985,12.29858,12.30129,0.00,0.00
2017.05.15 03:19:16.259,12.29852,12.30129,0.00,0.00
2017.05.15 03:19:16.365,12.29858,12.30129,0.00,0.00
2017.05.15 03:19:16.975,12.29852,12.30121,0.00,0.00
2017.05.15 03:19:19.005,12.29852,12.30129,0.00,0.00
2017.05.15 03:19:20.565,12.29858,12.30129,0.00,0.00
2017.05.15 03:19:22.087,12.29858,12.30128,0.00,0.00
2017.05.15 03:19:29.866,12.29858,12.30129,0.00,0.00
2017.05.15 03:19:30.269,12.29858,12.30119,0.00,0.00
2017.05.15 03:19:30.597,12.29858,12.30111,0.00,0.00
2017.05.15 03:19:33.289,12.29858,12.30129,0.00,0.00
2017.05.15 03:19:33.451,12.29858,12.30112,0.00,0.00
2017.05.15 03:19:33.502,12.29858,12.30129,0.00,0.00
2017.05.15 03:19:33.617,12.29858,12.30122,0.00,0.00
2017.05.15 03:19:38.727,12.29858,12.30128,0.00,0.00
2017.05.15 03:19:38.788,12.29869,12.30128,0.00,0.00
2017.05.15 03:19:38.989,12.29858,12.30128,0.00,0.00
2017.05.15 03:19:39.560,12.29858,12.30129,0.00,0.00
2017.05.15 03:19:39.610,12.29869,12.30129,0.00,0.00
2017.05.15 03:19:40.591,12.29858,12.30129,0.00,0.00
2017.05.15 03:19:41.092,12.29859,12.30128,0.00,0.00
2017.05.15 03:19:41.853,12.29859,12.30129,0.00,0.00
2017.05.15 03:19:51.807,12.29859,12.30128,0.00,0.00
2017.05.15 03:19:52.487,12.29859,12.30129,0.00,0.00
2017.05.15 03:19:56.557,12.29868,12.30129,0.00,0.00
2017.05.15 03:19:58.586,12.29868,12.30128,0.00,0.00
2017.05.15 03:19:58.717,12.29858,12.30129,0.00,0.00
2017.05.15 03:19:58.818,12.29858,12.30122,0.00,0.00
2017.05.15 03:19:59.620,12.29859,12.30129,0.00,0.00
2017.05.15 03:20:00.153,12.29858,12.30128,0.00,0.00
2017.05.15 03:20:01.587,12.29858,12.30129,0.00,0.00
2017.05.15 03:20:02.137,12.29858,12.30128,0.00,0.00
2017.05.15 03:20:04.526,12.29858,12.30122,0.00,0.00
2017.05.15 03:20:05.076,12.29868,12.30129,0.00,0.00
2017.05.15 03:20:06.005,12.29868,12.30128,0.00,0.00
2017.05.15 03:20:06.156,12.29858,12.30122,0.00,0.00
2017.05.15 03:20:06.257,12.29858,12.30112,0.00,0.00
2017.05.15 03:20:06.776,12.29858,12.30122,0.00,0.00
2017.05.15 03:20:06.829,12.29858,12.30128,0.00,0.00
2017.05.15 03:20:06.929,12.29858,12.30121,0.00,0.00
2017.05.15 03:20:07.156,12.29858,12.30129,0.00,0.00
2017.05.15 03:20:07.730,12.29858,12.30112,0.00,0.00
2017.05.15 03:20:10.145,12.29858,12.30102,0.00,0.00
2017.05.15 03:20:10.233,12.29858,12.30122,0.00,0.00
2017.05.15 03:20:15.762,12.29868,12.30111,0.00,0.00
2017.05.15 03:20:17.145,12.29868,12.30128,0.00,0.00
2017.05.15 03:20:17.791,12.29868,12.30129,0.00,0.00
2017.05.15 03:20:18.345,12.29868,12.30122,0.00,0.00
2017.05.15 03:20:19.247,12.29868,12.30129,0.00,0.00
2017.05.15 03:20:22.790,12.29868,12.30128,0.00,0.00
2017.05.15 03:20:22.851,12.29868,12.30121,0.00,0.00
2017.05.15 03:20:23.154,12.29969,12.30219,0.00,0.00
2017.05.15 03:20:23.563,12.30031,12.30269,0.00,0.00
2017.05.15 03:20:23.981,12.30069,12.30292,0.00,0.00
2017.05.15 03:20:24.194,12.30069,12.30318,0.00,0.00
2017.05.15 03:20:24.629,12.30069,12.30302,0.00,0.00
2017.05.15 03:20:25.459,12.30069,12.30291,0.00,0.00
2017.05.15 03:20:27.162,12.30069,12.30318,0.00,0.00
2017.05.15 03:20:27.395,12.30069,12.30301,0.00,0.00
2017.05.15 03:20:27.497,12.30069,12.30318,0.00,0.00
2017.05.15 03:20:27.887,12.30069,12.30302,0.00,0.00
2017.05.15 03:20:28.206,12.30069,12.30291,0.00,0.00
2017.05.15 03:20:30.469,12.30069,12.30282,0.00,0.00
2017.05.15 03:20:32.700,12.30069,12.30292,0.00,0.00
2017.05.15 03:20:32.772,12.30069,12.30312,0.00,0.00
2017.05.15 03:20:33.373,12.30069,12.30301,0.00,0.00
2017.05.15 03:20:33.558,12.30069,12.30312,0.00,0.00
2017.05.15 03:20:34.306,12.30069,12.30291,0.00,0.00
2017.05.15 03:20:34.676,12.30069,12.30301,0.00,0.00
2017.05.15 03:20:36.480,12.30069,12.30312,0.00,0.00
2017.05.15 03:20:36.980,12.30069,12.30302,0.00,0.00
2017.05.15 03:20:37.420,12.30069,12.30312,0.00,0.00
2017.05.15 03:20:37.481,12.30069,12.30318,0.00,0.00
2017.05.15 03:20:37.782,12.30069,12.30312,0.00,0.00
2017.05.15 03:20:38.209,12.30069,12.30302,0.00,0.00
2017.05.15 03:20:38.591,12.30069,12.30311,0.00,0.00
2017.05.15 03:20:40.426,12.30069,12.30292,0.00,0.00
2017.05.15 03:20:40.847,12.30069,12.30289,0.00,0.00
2017.05.15 03:20:41.180,12.30022,12.30229,0.00,0.00
2017.05.15 03:20:42.118,12.30041,12.30242,0.00,0.00
2017.05.15 03:20:42.219,12.30058,12.30271,0.00,0.00
2017.05.15 03:20:42.320,12.30058,12.30298,0.00,0.00
2017.05.15 03:20:42.564,12.30058,12.30309,0.00,0.00
2017.05.15 03:20:44.129,12.30058,12.30291,0.00,0.00
2017.05.15 03:20:50.402,12.30058,12.30281,0.00,0.00
2017.05.15 03:20:52.648,12.30058,12.30309,0.00,0.00
2017.05.15 03:20:52.850,12.30058,12.30291,0.00,0.00
2017.05.15 03:20:53.218,12.30058,12.30281,0.00,0.00
2017.05.15 03:20:55.309,12.30058,12.30291,0.00,0.00
2017.05.15 03:21:01.446,12.30068,12.30291,0.00,0.00
2017.05.15 03:21:01.547,12.30068,12.30309,0.00,0.00
2017.05.15 03:21:07.658,12.30068,12.30292,0.00,0.00
2017.05.15 03:21:07.930,12.30068,12.30309,0.00,0.00
2017.05.15 03:21:08.031,12.30068,12.30282,0.00,0.00
2017.05.15 03:21:08.132,12.30068,12.30302,0.00,0.00
2017.05.15 03:21:08.233,12.30068,12.30281,0.00,0.00
2017.05.15 03:21:08.842,12.30068,12.30309,0.00,0.00
2017.05.15 03:21:09.233,12.30068,12.30301,0.00,0.00
2017.05.15 03:21:09.534,12.30078,12.30269,0.00,0.00
2017.05.15 03:21:09.635,12.30031,12.30269,0.00,0.00
2017.05.15 03:21:09.733,12.30031,12.30262,0.00,0.00
2017.05.15 03:21:10.248,12.30031,12.30269,0.00,0.00
2017.05.15 03:21:10.664,12.30021,12.30261,0.00,0.00
2017.05.15 03:21:10.715,12.30021,12.30228,0.00,0.00
2017.05.15 03:21:11.206,12.30028,12.30242,0.00,0.00
2017.05.15 03:21:11.257,12.30028,12.30252,0.00,0.00
2017.05.15 03:21:11.358,12.30028,12.30269,0.00,0.00
2017.05.15 03:21:11.408,12.30042,12.30262,0.00,0.00
2017.05.15 03:21:11.763,12.30079,12.30299,0.00,0.00
2017.05.15 03:21:12.068,12.30079,12.30281,0.00,0.00
2017.05.15 03:21:12.169,12.30079,12.30292,0.00,0.00
2017.05.15 03:21:14.419,12.30031,12.30268,0.00,0.00
2017.05.15 03:21:14.520,12.30028,12.30268,0.00,0.00
2017.05.15 03:21:14.571,12.30031,12.30251,0.00,0.00
2017.05.15 03:21:15.010,12.30029,12.30251,0.00,0.00
2017.05.15 03:21:15.146,12.30022,12.30218,0.00,0.00
2017.05.15 03:21:15.520,12.30031,12.30218,0.00,0.00
2017.05.15 03:21:15.570,12.30031,12.30232,0.00,0.00
2017.05.15 03:21:15.671,12.30031,12.30259,0.00,0.00
2017.05.15 03:21:16.806,12.30041,12.30279,0.00,0.00
2017.05.15 03:21:16.862,12.30079,12.30271,0.00,0.00
2017.05.15 03:21:16.963,12.30079,12.30298,0.00,0.00
2017.05.15 03:21:17.166,12.30079,12.30292,0.00,0.00
2017.05.15 03:21:17.353,12.30079,12.30299,0.00,0.00
2017.05.15 03:21:17.455,12.30029,12.30268,0.00,0.00
2017.05.15 03:21:17.556,12.30048,12.30268,0.00,0.00
2017.05.15 03:21:17.657,12.30029,12.30262,0.00,0.00
2017.05.15 03:21:17.758,12.30029,12.30252,0.00,0.00
2017.05.15 03:21:18.061,12.30089,12.30291,0.00,0.00
2017.05.15 03:21:18.178,12.30089,12.30299,0.00,0.00
2017.05.15 03:21:18.416,12.30041,12.30299,0.00,0.00
2017.05.15 03:21:18.467,12.30042,12.30289,0.00,0.00
2017.05.15 03:21:18.518,12.30042,12.30298,0.00,0.00
2017.05.15 03:21:18.603,12.30042,12.30282,0.00,0.00
2017.05.15 03:21:19.119,12.30079,12.30299,0.00,0.00
2017.05.15 03:21:19.456,12.30079,12.30282,0.00,0.00
2017.05.15 03:21:22.306,12.30089,12.30282,0.00,0.00
2017.05.15 03:21:22.508,12.30089,12.30292,0.00,0.00
2017.05.15 03:21:25.667,12.30089,12.30299,0.00,0.00
2017.05.15 03:21:28.079,12.30089,12.30298,0.00,0.00
2017.05.15 03:21:28.215,12.30089,12.30282,0.00,0.00
2017.05.15 03:21:28.471,12.30089,12.30299,0.00,0.00
2017.05.15 03:21:29.379,12.30089,12.30291,0.00,0.00
2017.05.15 03:21:29.480,12.30089,12.30299,0.00,0.00
2017.05.15 03:21:32.077,12.30089,12.30308,0.00,0.00
2017.05.15 03:21:32.279,12.30089,12.30282,0.00,0.00
2017.05.15 03:21:32.380,12.30089,12.30308,0.00,0.00
2017.05.15 03:21:36.329,12.30089,12.30291,0.00,0.00
2017.05.15 03:21:39.188,12.30089,12.30308,0.00,0.00
2017.05.15 03:21:40.013,12.30089,12.30292,0.00,0.00
2017.05.15 03:21:41.491,12.30089,12.30308,0.00,0.00
2017.05.15 03:21:41.726,12.30089,12.30291,0.00,0.00
2017.05.15 03:21:41.828,12.30089,12.30319,0.00,0.00
2017.05.15 03:21:51.171,12.30089,12.30339,0.00,0.00
2017.05.15 03:21:53.336,12.30089,12.30328,0.00,0.00
2017.05.15 03:21:54.010,12.30089,12.30321,0.00,0.00
2017.05.15 03:21:55.038,12.30089,12.30328,0.00,0.00
2017.05.15 03:21:55.113,12.30089,12.30322,0.00,0.00
2017.05.15 03:21:55.215,12.30089,12.30328,0.00,0.00
2017.05.15 03:21:55.316,12.30089,12.30322,0.00,0.00
2017.05.15 03:21:55.565,12.30078,12.30322,0.00,0.00
2017.05.15 03:21:55.616,12.30078,12.30338,0.00,0.00
2017.05.15 03:21:55.667,12.30078,12.30329,0.00,0.00
2017.05.15 03:21:56.174,12.30078,12.30328,0.00,0.00
2017.05.15 03:21:57.136,12.30078,12.30329,0.00,0.00
2017.05.15 03:21:57.544,12.30132,12.30352,0.00,0.00
2017.05.15 03:21:57.746,12.30179,12.30402,0.00,0.00
2017.05.15 03:21:57.847,12.30179,12.30422,0.00,0.00
2017.05.15 03:21:58.057,12.30179,12.30412,0.00,0.00
2017.05.15 03:21:58.320,12.30179,12.30422,0.00,0.00
2017.05.15 03:21:58.620,12.30179,12.30412,0.00,0.00
2017.05.15 03:21:59.122,12.30179,12.30422,0.00,0.00
2017.05.15 03:21:59.223,12.30179,12.30401,0.00,0.00
2017.05.15 03:21:59.353,12.30179,12.30421,0.00,0.00
2017.05.15 03:21:59.404,12.30179,12.30418,0.00,0.00
2017.05.15 03:21:59.808,12.30179,12.30391,0.00,0.00
2017.05.15 03:22:00.136,12.30179,12.30401,0.00,0.00
2017.05.15 03:22:00.237,12.30179,12.30381,0.00,0.00
2017.05.15 03:22:00.288,12.30132,12.30381,0.00,0.00
2017.05.15 03:22:00.338,12.30141,12.30352,0.00,0.00
2017.05.15 03:22:00.641,12.30179,12.30398,0.00,0.00
2017.05.15 03:22:01.127,12.30179,12.30371,0.00,0.00
2017.05.15 03:22:01.847,12.30179,12.30392,0.00,0.00
2017.05.15 03:22:01.948,12.30179,12.30399,0.00,0.00
2017.05.15 03:22:02.229,12.30179,12.30381,0.00,0.00
2017.05.15 03:22:03.331,12.30179,12.30399,0.00,0.00
2017.05.15 03:22:03.833,12.30179,12.30391,0.00,0.00
2017.05.15 03:22:04.945,12.30179,12.30398,0.00,0.00
2017.05.15 03:22:05.236,12.30179,12.30391,0.00,0.00
2017.05.15 03:22:05.726,12.30179,12.30381,0.00,0.00
2017.05.15 03:22:06.476,12.30179,12.30372,0.00,0.00
2017.05.15 03:22:09.068,12.30138,12.30372,0.00,0.00
2017.05.15 03:22:09.119,12.30141,12.30372,0.00,0.00
2017.05.15 03:22:09.169,12.30141,12.30391,0.00,0.00
2017.05.15 03:22:09.220,12.30189,12.30391,0.00,0.00
2017.05.15 03:22:09.271,12.30189,12.30412,0.00,0.00
2017.05.15 03:22:09.451,12.30189,12.30422,0.00,0.00
2017.05.15 03:22:09.782,12.30189,12.30412,0.00,0.00
2017.05.15 03:22:11.250,12.30189,12.30421,0.00,0.00
2017.05.15 03:22:11.852,12.30189,12.30402,0.00,0.00
2017.05.15 03:22:12.177,12.30189,12.30411,0.00,0.00
2017.05.15 03:22:12.466,12.30189,12.30428,0.00,0.00
2017.05.15 03:22:12.854,12.30189,12.30411,0.00,0.00
2017.05.15 03:22:12.954,12.30189,12.30422,0.00,0.00
2017.05.15 03:22:13.486,12.30189,12.30429,0.00,0.00
2017.05.15 03:22:13.556,12.30189,12.30412,0.00,0.00
2017.05.15 03:22:14.257,12.30189,12.30421,0.00,0.00
2017.05.15 03:22:14.958,12.30189,12.30402,0.00,0.00
2017.05.15 03:22:15.259,12.30189,12.30429,0.00,0.00
2017.05.15 03:22:16.495,12.30189,12.30401,0.00,0.00
2017.05.15 03:22:16.562,12.30189,12.30412,0.00,0.00
2017.05.15 03:22:16.662,12.30189,12.30429,0.00,0.00
2017.05.15 03:22:18.413,12.30189,12.30421,0.00,0.00
2017.05.15 03:22:18.866,12.30189,12.30412,0.00,0.00
2017.05.15 03:22:19.073,12.30189,12.30422,0.00,0.00
2017.05.15 03:22:19.167,12.30189,12.30429,0.00,0.00
2017.05.15 03:22:19.276,12.30189,12.30421,0.00,0.00
2017.05.15 03:22:19.568,12.30189,12.30429,0.00,0.00
2017.05.15 03:22:20.834,12.30189,12.30428,0.00,0.00
2017.05.15 03:22:21.556,12.30189,12.30429,0.00,0.00
2017.05.15 03:22:21.708,12.30189,12.30421,0.00,0.00
2017.05.15 03:22:21.849,12.30189,12.30428,0.00,0.00
2017.05.15 03:22:22.469,12.30189,12.30429,0.00,0.00
2017.05.15 03:22:22.978,12.30189,12.30412,0.00,0.00
2017.05.15 03:22:23.458,12.30189,12.30421,0.00,0.00
2017.05.15 03:22:23.509,12.30169,12.30412,0.00,0.00
2017.05.15 03:22:23.610,12.30169,12.30429,0.00,0.00
2017.05.15 03:22:23.711,12.30169,12.30402,0.00,0.00
2017.05.15 03:22:23.781,12.30169,12.30429,0.00,0.00
2017.05.15 03:22:23.882,12.30169,12.30402,0.00,0.00
2017.05.15 03:22:23.984,12.30169,12.30429,0.00,0.00
2017.05.15 03:22:24.636,12.30169,12.30428,0.00,0.00
2017.05.15 03:22:25.190,12.30169,12.30429,0.00,0.00
2017.05.15 03:22:25.957,12.30169,12.30428,0.00,0.00
2017.05.15 03:22:26.617,12.30169,12.30429,0.00,0.00
2017.05.15 03:22:27.415,12.30169,12.30428,0.00,0.00
2017.05.15 03:22:28.369,12.30169,12.30429,0.00,0.00
2017.05.15 03:22:28.420,12.30169,12.30422,0.00,0.00
2017.05.15 03:22:29.993,12.30169,12.30429,0.00,0.00
2017.05.15 03:22:30.298,12.30169,12.30412,0.00,0.00
2017.05.15 03:22:30.695,12.30169,12.30429,0.00,0.00
2017.05.15 03:22:31.697,12.30169,12.30411,0.00,0.00
2017.05.15 03:22:32.498,12.30169,12.30429,0.00,0.00
2017.05.15 03:22:32.665,12.30169,12.30418,0.00,0.00
2017.05.15 03:22:33.080,12.30169,12.30421,0.00,0.00
2017.05.15 03:22:33.300,12.30169,12.30402,0.00,0.00
2017.05.15 03:22:33.801,12.30169,12.30412,0.00,0.00
2017.05.15 03:22:33.931,12.30169,12.30419,0.00,0.00
2017.05.15 03:22:34.742,12.30169,12.30418,0.00,0.00
2017.05.15 03:22:34.894,12.30169,12.30421,0.00,0.00
2017.05.15 03:22:35.618,12.30169,12.30402,0.00,0.00
2017.05.15 03:22:36.108,12.30169,12.30421,0.00,0.00
2017.05.15 03:22:36.710,12.30169,12.30429,0.00,0.00
2017.05.15 03:22:36.810,12.30169,12.30422,0.00,0.00
2017.05.15 03:22:37.111,12.30169,12.30429,0.00,0.00
2017.05.15 03:22:37.231,12.30169,12.30402,0.00,0.00
2017.05.15 03:22:37.312,12.30169,12.30422,0.00,0.00
2017.05.15 03:22:37.562,12.30169,12.30429,0.00,0.00
2017.05.15 03:22:37.713,12.30169,12.30422,0.00,0.00
2017.05.15 03:22:38.413,12.30169,12.30429,0.00,0.00
2017.05.15 03:22:38.553,12.30169,12.30422,0.00,0.00
2017.05.15 03:22:38.815,12.30169,12.30428,0.00,0.00
2017.05.15 03:22:39.215,12.30169,12.30422,0.00,0.00
2017.05.15 03:22:39.584,12.30138,12.30412,0.00,0.00
2017.05.15 03:22:39.635,12.30132,12.30401,0.00,0.00
2017.05.15 03:22:40.105,12.30132,12.30392,0.00,0.00
2017.05.15 03:22:40.217,12.30132,12.30402,0.00,0.00
2017.05.15 03:22:40.318,12.30132,12.30391,0.00,0.00
2017.05.15 03:22:42.520,12.30138,12.30412,0.00,0.00
2017.05.15 03:22:43.065,12.30131,12.30401,0.00,0.00
2017.05.15 03:22:44.266,12.30132,12.30401,0.00,0.00
2017.05.15 03:22:44.623,12.30121,12.30311,0.00,0.00
2017.05.15 03:22:45.428,12.30129,12.30339,0.00,0.00
2017.05.15 03:22:45.479,12.30131,12.30351,0.00,0.00
2017.05.15 03:22:45.580,12.30131,12.30372,0.00,0.00
2017.05.15 03:22:45.767,12.30131,12.30399,0.00,0.00
2017.05.15 03:22:46.046,12.30132,12.30391,0.00,0.00
2017.05.15 03:22:46.147,12.30131,12.30411,0.00,0.00
2017.05.15 03:22:46.538,12.30131,12.30382,0.00,0.00
2017.05.15 03:22:46.726,12.30131,12.30411,0.00,0.00
2017.05.15 03:22:47.226,12.30132,12.30401,0.00,0.00
2017.05.15 03:22:47.567,12.30129,12.30328,0.00,0.00
2017.05.15 03:22:47.618,12.30109,12.30311,0.00,0.00
2017.05.15 03:22:47.669,12.30088,12.30311,0.00,0.00
2017.05.15 03:22:47.769,12.30078,12.30311,0.00,0.00
2017.05.15 03:22:47.870,12.30068,12.30311,0.00,0.00
2017.05.15 03:22:47.927,12.30058,12.30311,0.00,0.00
2017.05.15 03:22:50.247,12.30049,12.30311,0.00,0.00
2017.05.15 03:22:50.931,12.30068,12.30311,0.00,0.00
2017.05.15 03:22:52.533,12.30048,12.30311,0.00,0.00
2017.05.15 03:22:52.634,12.30068,12.30311,0.00,0.00
2017.05.15 03:22:52.834,12.30058,12.30311,0.00,0.00
2017.05.15 03:22:55.154,12.30048,12.30311,0.00,0.00
2017.05.15 03:22:57.553,12.30068,12.30311,0.00,0.00
2017.05.15 03:22:59.241,12.30058,12.30311,0.00,0.00
2017.05.15 03:23:03.966,12.30069,12.30311,0.00,0.00
2017.05.15 03:23:04.067,12.30042,12.30311,0.00,0.00
2017.05.15 03:23:04.590,12.30041,12.30311,0.00,0.00
2017.05.15 03:23:05.320,12.30042,12.30311,0.00,0.00
2017.05.15 03:23:05.651,12.30041,12.30301,0.00,0.00
2017.05.15 03:23:05.752,12.30049,12.30311,0.00,0.00
2017.05.15 03:23:06.076,12.30058,12.30311,0.00,0.00
2017.05.15 03:23:08.554,12.30042,12.30311,0.00,0.00
2017.05.15 03:23:10.379,12.30041,12.30311,0.00,0.00
2017.05.15 03:23:10.657,12.30059,12.30311,0.00,0.00
2017.05.15 03:23:12.590,12.30041,12.30311,0.00,0.00
2017.05.15 03:23:12.659,12.30059,12.30311,0.00,0.00
2017.05.15 03:23:13.059,12.30041,12.30311,0.00,0.00
2017.05.15 03:23:15.662,12.30058,12.30311,0.00,0.00
2017.05.15 03:23:19.166,12.30049,12.30311,0.00,0.00
2017.05.15 03:23:20.568,12.30041,12.30311,0.00,0.00
2017.05.15 03:23:20.668,12.30058,12.30311,0.00,0.00
2017.05.15 03:23:21.496,12.30041,12.30311,0.00,0.00
2017.05.15 03:23:22.034,12.30068,12.30311,0.00,0.00
2017.05.15 03:23:22.186,12.30068,12.30328,0.00,0.00
2017.05.15 03:23:22.287,12.30068,12.30311,0.00,0.00
2017.05.15 03:23:22.370,12.30068,12.30328,0.00,0.00
2017.05.15 03:23:23.145,12.30068,12.30329,0.00,0.00
2017.05.15 03:23:24.889,12.30068,12.30328,0.00,0.00
2017.05.15 03:23:25.446,12.30068,12.30329,0.00,0.00
2017.05.15 03:23:27.259,12.30068,12.30328,0.00,0.00
2017.05.15 03:23:27.309,12.30068,12.30311,0.00,0.00
2017.05.15 03:23:27.496,12.30068,12.30321,0.00,0.00
2017.05.15 03:23:28.378,12.30068,12.30329,0.00,0.00
2017.05.15 03:23:28.579,12.30068,12.30322,0.00,0.00
2017.05.15 03:23:30.382,12.30068,12.30329,0.00,0.00
2017.05.15 03:23:33.385,12.30068,12.30322,0.00,0.00
2017.05.15 03:23:33.486,12.30068,12.30329,0.00,0.00
2017.05.15 03:23:33.836,12.30068,12.30322,0.00,0.00
2017.05.15 03:23:33.887,12.30068,12.30329,0.00,0.00
2017.05.15 03:23:34.194,12.30068,12.30321,0.00,0.00
2017.05.15 03:23:34.286,12.30068,12.30329,0.00,0.00
2017.05.15 03:23:34.887,12.30068,12.30322,0.00,0.00
2017.05.15 03:23:34.987,12.30068,12.30329,0.00,0.00
2017.05.15 03:23:36.883,12.30068,12.30321,0.00,0.00
2017.05.15 03:23:36.933,12.30068,12.30329,0.00,0.00
2017.05.15 03:23:37.390,12.30068,12.30322,0.00,0.00
2017.05.15 03:23:38.194,12.30068,12.30329,0.00,0.00
2017.05.15 03:23:39.900,12.30068,12.30321,0.00,0.00
2017.05.15 03:23:40.141,12.30068,12.30329,0.00,0.00
2017.05.15 03:23:41.106,12.30061,12.30329,0.00,0.00
2017.05.15 03:23:41.201,12.30061,12.30311,0.00,0.00
2017.05.15 03:23:42.702,12.30061,12.30329,0.00,0.00
2017.05.15 03:23:43.804,12.30069,12.30329,0.00,0.00
2017.05.15 03:23:44.518,12.30061,12.30321,0.00,0.00
2017.05.15 03:23:47.486,12.30062,12.30321,0.00,0.00
2017.05.15 03:23:47.537,12.30062,12.30328,0.00,0.00
2017.05.15 03:23:48.085,12.30061,12.30329,0.00,0.00
2017.05.15 03:23:48.136,12.30061,12.30321,0.00,0.00
2017.05.15 03:23:49.913,12.30061,12.30329,0.00,0.00
2017.05.15 03:23:51.235,12.30062,12.30328,0.00,0.00
2017.05.15 03:23:52.375,12.30059,12.30318,0.00,0.00
2017.05.15 03:23:52.717,12.30059,12.30312,0.00,0.00
2017.05.15 03:23:53.392,12.30059,12.30311,0.00,0.00
2017.05.15 03:23:54.756,12.30059,12.30319,0.00,0.00
2017.05.15 03:23:54.807,12.30059,12.30329,0.00,0.00
2017.05.15 03:23:55.751,12.30059,12.30312,0.00,0.00
2017.05.15 03:23:55.821,12.30059,12.30322,0.00,0.00
2017.05.15 03:23:57.424,12.30059,12.30311,0.00,0.00
2017.05.15 03:23:58.157,12.30059,12.30321,0.00,0.00
2017.05.15 03:23:59.727,12.30059,12.30329,0.00,0.00
2017.05.15 03:23:59.937,12.30059,12.30321,0.00,0.00
2017.05.15 03:24:00.038,12.30059,12.30328,0.00,0.00
2017.05.15 03:24:01.035,12.30059,12.30322,0.00,0.00
2017.05.15 03:24:01.499,12.30059,12.30312,0.00,0.00
2017.05.15 03:24:01.630,12.30059,12.30328,0.00,0.00
2017.05.15 03:24:02.031,12.30059,12.30311,0.00,0.00
2017.05.15 03:24:02.358,12.30059,12.30328,0.00,0.00
2017.05.15 03:24:02.531,12.30059,12.30321,0.00,0.00
2017.05.15 03:24:03.132,12.30059,12.30312,0.00,0.00
2017.05.15 03:24:03.834,12.30059,12.30329,0.00,0.00
2017.05.15 03:24:03.896,12.30059,12.30319,0.00,0.00
2017.05.15 03:24:05.405,12.30059,12.30318,0.00,0.00
2017.05.15 03:24:05.557,12.30068,12.30328,0.00,0.00
2017.05.15 03:24:10.497,12.30068,12.30329,0.00,0.00
2017.05.15 03:24:11.313,12.30069,12.30329,0.00,0.00
2017.05.15 03:24:12.851,12.30068,12.30329,0.00,0.00
2017.05.15 03:24:20.561,12.30069,12.30329,0.00,0.00
2017.05.15 03:24:21.382,12.30068,12.30329,0.00,0.00
2017.05.15 03:24:25.469,12.30069,12.30329,0.00,0.00
2017.05.15 03:24:26.061,12.30068,12.30329,0.00,0.00
2017.05.15 03:24:29.278,12.30068,12.30328,0.00,0.00
2017.05.15 03:24:31.617,12.30068,12.30289,0.00,0.00
2017.05.15 03:24:31.668,12.30048,12.30298,0.00,0.00
2017.05.15 03:24:31.769,12.30069,12.30298,0.00,0.00
2017.05.15 03:24:32.132,12.30048,12.30259,0.00,0.00
2017.05.15 03:24:32.183,12.30028,12.30258,0.00,0.00
2017.05.15 03:24:32.284,12.30022,12.30251,0.00,0.00
2017.05.15 03:24:35.556,12.30022,12.30238,0.00,0.00
2017.05.15 03:24:36.370,12.30021,12.30239,0.00,0.00
2017.05.15 03:24:37.499,12.30022,12.30251,0.00,0.00
2017.05.15 03:24:37.618,12.30001,12.30229,0.00,0.00
2017.05.15 03:24:42.903,12.30002,12.30228,0.00,0.00
2017.05.15 03:24:43.754,12.30001,12.30229,0.00,0.00
2017.05.15 03:24:50.467,12.29978,12.30229,0.00,0.00
2017.05.15 03:24:50.617,12.29969,12.30228,0.00,0.00
2017.05.15 03:24:57.696,12.29969,12.30229,0.00,0.00
2017.05.15 03:24:57.828,12.29978,12.30229,0.00,0.00
2017.05.15 03:24:58.596,12.29978,12.30228,0.00,0.00
2017.05.15 03:24:58.729,12.29969,12.30228,0.00,0.00
2017.05.15 03:24:59.230,12.29978,12.30228,0.00,0.00
2017.05.15 03:25:00.641,12.29978,12.30229,0.00,0.00
2017.05.15 03:25:00.732,12.29969,12.30229,0.00,0.00
2017.05.15 03:25:00.832,12.29979,12.30229,0.00,0.00
2017.05.15 03:25:04.795,12.29979,12.30228,0.00,0.00
2017.05.15 03:25:10.077,12.29969,12.30229,0.00,0.00
2017.05.15 03:25:11.775,12.29969,12.30228,0.00,0.00
2017.05.15 03:25:11.876,12.29989,12.30228,0.00,0.00
2017.05.15 03:25:12.150,12.29978,12.30228,0.00,0.00
2017.05.15 03:25:12.351,12.29988,12.30228,0.00,0.00
2017.05.15 03:25:12.451,12.29978,12.30228,0.00,0.00
2017.05.15 03:25:12.577,12.29969,12.30228,0.00,0.00
2017.05.15 03:25:13.099,12.29978,12.30228,0.00,0.00
2017.05.15 03:25:21.775,12.29969,12.30228,0.00,0.00
2017.05.15 03:25:24.669,12.29978,12.30228,0.00,0.00
2017.05.15 03:25:24.976,12.29988,12.30228,0.00,0.00
2017.05.15 03:25:25.645,12.29988,12.30229,0.00,0.00
2017.05.15 03:25:29.298,12.29978,12.30229,0.00,0.00
2017.05.15 03:25:30.977,12.29969,12.30229,0.00,0.00
2017.05.15 03:25:32.545,12.29968,12.30229,0.00,0.00
2017.05.15 03:25:35.694,12.29968,12.30228,0.00,0.00
2017.05.15 03:25:36.205,12.29968,12.30229,0.00,0.00
2017.05.15 03:25:36.588,12.29958,12.30229,0.00,0.00
2017.05.15 03:25:39.230,12.29968,12.30229,0.00,0.00
2017.05.15 03:25:41.964,12.29968,12.30228,0.00,0.00
2017.05.15 03:25:44.598,12.29968,12.30229,0.00,0.00
2017.05.15 03:25:47.645,12.29968,12.30228,0.00,0.00
2017.05.15 03:25:50.203,12.29978,12.30229,0.00,0.00
2017.05.15 03:25:50.601,12.29959,12.30229,0.00,0.00
2017.05.15 03:25:50.801,12.29979,12.30229,0.00,0.00
2017.05.15 03:25:53.404,12.29958,12.30229,0.00,0.00
2017.05.15 03:25:53.505,12.29968,12.30229,0.00,0.00
2017.05.15 03:25:55.206,12.29958,12.30229,0.00,0.00
2017.05.15 03:25:55.307,12.29969,12.30229,0.00,0.00
2017.05.15 03:25:55.608,12.29958,12.30229,0.00,0.00
2017.05.15 03:25:56.008,12.29978,12.30229,0.00,0.00
2017.05.15 03:25:56.309,12.29958,12.30229,0.00,0.00
2017.05.15 03:25:57.005,12.29958,12.30228,0.00,0.00
2017.05.15 03:25:57.510,12.29978,12.30228,0.00,0.00
2017.05.15 03:25:58.071,12.29978,12.30229,0.00,0.00
2017.05.15 03:25:58.121,12.29958,12.30229,0.00,0.00
2017.05.15 03:25:58.211,12.29968,12.30229,0.00,0.00
2017.05.15 03:25:59.013,12.29969,12.30229,0.00,0.00
2017.05.15 03:25:59.442,12.29958,12.30229,0.00,0.00
2017.05.15 03:25:59.513,12.29978,12.30229,0.00,0.00
2017.05.15 03:25:59.613,12.29968,12.30229,0.00,0.00
2017.05.15 03:26:00.315,12.29958,12.30229,0.00,0.00
2017.05.15 03:26:00.416,12.29969,12.30228,0.00,0.00
2017.05.15 03:26:01.044,12.29969,12.30229,0.00,0.00
2017.05.15 03:26:01.752,12.29959,12.30229,0.00,0.00
2017.05.15 03:26:02.444,12.29959,12.30228,0.00,0.00
2017.05.15 03:26:02.618,12.29978,12.30228,0.00,0.00
2017.05.15 03:26:02.743,12.29969,12.30228,0.00,0.00
2017.05.15 03:26:03.520,12.29978,12.30228,0.00,0.00
2017.05.15 03:26:03.620,12.29969,12.30228,0.00,0.00
2017.05.15 03:26:04.521,12.29979,12.30228,0.00,0.00
2017.05.15 03:26:04.822,12.29959,12.30228,0.00,0.00
2017.05.15 03:26:05.478,12.29959,12.30229,0.00,0.00
2017.05.15 03:26:05.993,12.29959,12.30228,0.00,0.00
2017.05.15 03:26:06.615,12.29959,12.30229,0.00,0.00
2017.05.15 03:26:09.665,12.29959,12.30228,0.00,0.00
2017.05.15 03:26:13.375,12.29959,12.30229,0.00,0.00
2017.05.15 03:26:13.476,12.29949,12.30219,0.00,0.00
2017.05.15 03:26:13.527,12.29949,12.30229,0.00,0.00
2017.05.15 03:26:13.685,12.29942,12.30212,0.00,0.00
2017.05.15 03:26:13.738,12.29942,12.30222,0.00,0.00
2017.05.15 03:26:13.873,12.29958,12.30222,0.00,0.00
2017.05.15 03:26:14.038,12.29958,12.30229,0.00,0.00
2017.05.15 03:26:16.349,12.29958,12.30228,0.00,0.00
2017.05.15 03:26:16.958,12.29958,12.30229,0.00,0.00
2017.05.15 03:26:22.175,12.29958,12.30228,0.00,0.00
2017.05.15 03:26:22.286,12.29968,12.30228,0.00,0.00
2017.05.15 03:26:22.350,12.29959,12.30228,0.00,0.00
2017.05.15 03:26:22.897,12.29959,12.30229,0.00,0.00
2017.05.15 03:26:22.951,12.29969,12.30229,0.00,0.00
2017.05.15 03:26:27.155,12.29969,12.30228,0.00,0.00
2017.05.15 03:26:27.959,12.29958,12.30222,0.00,0.00
2017.05.15 03:26:28.059,12.29958,12.30228,0.00,0.00
2017.05.15 03:26:33.265,12.29958,12.30229,0.00,0.00
2017.05.15 03:26:33.366,12.29969,12.30229,0.00,0.00
2017.05.15 03:26:34.466,12.29969,12.30228,0.00,0.00
2017.05.15 03:26:34.784,12.29978,12.30229,0.00,0.00
2017.05.15 03:26:37.066,12.29978,12.30228,0.00,0.00
2017.05.15 03:26:39.784,12.29978,12.30238,0.00,0.00
2017.05.15 03:26:39.886,12.29988,12.30238,0.00,0.00
2017.05.15 03:26:40.361,12.30058,12.30272,0.00,0.00
2017.05.15 03:26:40.512,12.30058,12.30282,0.00,0.00
2017.05.15 03:26:40.576,12.30068,12.30329,0.00,0.00
2017.05.15 03:26:40.676,12.30088,12.30329,0.00,0.00
2017.05.15 03:26:40.776,12.30058,12.30329,0.00,0.00
2017.05.15 03:26:40.827,12.30101,12.30329,0.00,0.00
2017.05.15 03:26:43.879,12.30122,12.30338,0.00,0.00
2017.05.15 03:26:44.132,12.30079,12.30328,0.00,0.00
2017.05.15 03:26:44.334,12.30058,12.30328,0.00,0.00
2017.05.15 03:26:44.481,12.30079,12.30328,0.00,0.00
2017.05.15 03:26:45.095,12.30079,12.30329,0.00,0.00
2017.05.15 03:26:45.645,12.30079,12.30328,0.00,0.00
2017.05.15 03:26:45.797,12.30058,12.30329,0.00,0.00
2017.05.15 03:26:47.105,12.30058,12.30328,0.00,0.00
2017.05.15 03:26:47.819,12.30058,12.30329,0.00,0.00
2017.05.15 03:26:51.334,12.30058,12.30328,0.00,0.00
2017.05.15 03:26:51.505,12.30068,12.30329,0.00,0.00
2017.05.15 03:26:51.892,12.30058,12.30328,0.00,0.00
2017.05.15 03:26:54.315,12.30058,12.30329,0.00,0.00
2017.05.15 03:26:59.750,12.30058,12.30328,0.00,0.00
2017.05.15 03:27:00.740,12.30058,12.30329,0.00,0.00
2017.05.15 03:27:06.394,12.30058,12.30328,0.00,0.00
2017.05.15 03:27:06.545,12.30068,12.30328,0.00,0.00
2017.05.15 03:27:07.294,12.30068,12.30329,0.00,0.00
2017.05.15 03:27:07.953,12.30068,12.30328,0.00,0.00
2017.05.15 03:27:08.614,12.30068,12.30329,0.00,0.00
2017.05.15 03:27:08.918,12.30058,12.30329,0.00,0.00
2017.05.15 03:27:09.603,12.30059,12.30329,0.00,0.00
2017.05.15 03:27:10.130,12.30058,12.30328,0.00,0.00
2017.05.15 03:27:10.261,12.30078,12.30328,0.00,0.00
2017.05.15 03:27:10.421,12.30068,12.30329,0.00,0.00
2017.05.15 03:27:12.011,12.30059,12.30329,0.00,0.00
2017.05.15 03:27:12.217,12.30059,12.30318,0.00,0.00
2017.05.15 03:27:12.577,12.30058,12.30312,0.00,0.00
2017.05.15 03:27:12.735,12.30058,12.30318,0.00,0.00
2017.05.15 03:27:12.908,12.30058,12.30328,0.00,0.00
2017.05.15 03:27:12.958,12.30069,12.30328,0.00,0.00
2017.05.15 03:27:13.624,12.30069,12.30329,0.00,0.00
2017.05.15 03:27:13.947,12.30058,12.30328,0.00,0.00
2017.05.15 03:27:14.027,12.30058,12.30321,0.00,0.00
2017.05.15 03:27:14.557,12.30069,12.30328,0.00,0.00
2017.05.15 03:27:19.233,12.30058,12.30328,0.00,0.00
2017.05.15 03:27:21.835,12.30058,12.30329,0.00,0.00
2017.05.15 03:27:21.885,12.30058,12.30318,0.00,0.00
2017.05.15 03:27:22.600,12.30058,12.30319,0.00,0.00
2017.05.15 03:27:23.262,12.30058,12.30318,0.00,0.00
2017.05.15 03:27:23.640,12.30058,12.30329,0.00,0.00
2017.05.15 03:27:23.971,12.30058,12.30322,0.00,0.00
2017.05.15 03:27:24.343,12.30069,12.30329,0.00,0.00
2017.05.15 03:27:24.545,12.30058,12.30319,0.00,0.00
2017.05.15 03:27:24.775,12.30058,12.30311,0.00,0.00
2017.05.15 03:27:29.951,12.30058,12.30319,0.00,0.00
2017.05.15 03:27:30.694,12.30058,12.30318,0.00,0.00
2017.05.15 03:27:31.052,12.30058,12.30312,0.00,0.00
2017.05.15 03:27:31.754,12.30058,12.30319,0.00,0.00
2017.05.15 03:27:31.954,12.30058,12.30312,0.00,0.00
2017.05.15 03:27:33.657,12.30058,12.30319,0.00,0.00
2017.05.15 03:27:34.764,12.30058,12.30318,0.00,0.00
2017.05.15 03:27:34.916,12.30058,12.30328,0.00,0.00
2017.05.15 03:27:35.110,12.30062,12.30328,0.00,0.00
2017.05.15 03:27:35.663,12.30061,12.30329,0.00,0.00
2017.05.15 03:27:36.563,12.30061,12.30322,0.00,0.00
2017.05.15 03:27:37.363,12.30061,12.30329,0.00,0.00
2017.05.15 03:27:38.594,12.30062,12.30328,0.00,0.00
2017.05.15 03:27:38.714,12.30068,12.30328,0.00,0.00
2017.05.15 03:27:38.766,12.30062,12.30328,0.00,0.00
2017.05.15 03:27:38.867,12.30061,12.30322,0.00,0.00
2017.05.15 03:27:39.167,12.30061,12.30329,0.00,0.00
2017.05.15 03:27:40.346,12.30061,12.30319,0.00,0.00
2017.05.15 03:27:44.124,12.30061,12.30329,0.00,0.00
2017.05.15 03:27:44.474,12.30062,12.30322,0.00,0.00
2017.05.15 03:27:48.300,12.30069,12.30329,0.00,0.00
2017.05.15 03:27:50.684,12.30069,12.30328,0.00,0.00
2017.05.15 03:27:53.687,12.30062,12.30328,0.00,0.00
2017.05.15 03:27:54.373,12.30081,12.30328,0.00,0.00
2017.05.15 03:27:54.990,12.30081,12.30321,0.00,0.00
2017.05.15 03:27:55.639,12.30081,12.30329,0.00,0.00
2017.05.15 03:27:58.005,12.30081,12.30328,0.00,0.00
2017.05.15 03:28:09.375,12.30081,12.30329,0.00,0.00
2017.05.15 03:28:14.078,12.30081,12.30328,0.00,0.00
2017.05.15 03:28:14.605,12.30081,12.30329,0.00,0.00
2017.05.15 03:28:18.208,12.30081,12.30328,0.00,0.00
2017.05.15 03:28:18.895,12.30081,12.30329,0.00,0.00
2017.05.15 03:28:26.355,12.30081,12.30322,0.00,0.00
2017.05.15 03:28:26.738,12.30081,12.30329,0.00,0.00
2017.05.15 03:28:26.871,12.30081,12.30321,0.00,0.00
2017.05.15 03:28:27.339,12.30081,12.30329,0.00,0.00
2017.05.15 03:28:37.864,12.30081,12.30328,0.00,0.00
2017.05.15 03:28:38.365,12.30081,12.30329,0.00,0.00
2017.05.15 03:28:39.144,12.30081,12.30328,0.00,0.00
2017.05.15 03:28:41.552,12.30081,12.30329,0.00,0.00
2017.05.15 03:28:41.660,12.30081,12.30322,0.00,0.00
2017.05.15 03:28:41.761,12.30081,12.30328,0.00,0.00
2017.05.15 03:28:43.635,12.30081,12.30329,0.00,0.00
2017.05.15 03:28:45.576,12.30081,12.30328,0.00,0.00
2017.05.15 03:28:49.374,12.30082,12.30328,0.00,0.00
2017.05.15 03:28:55.301,12.30082,12.30329,0.00,0.00
2017.05.15 03:28:56.015,12.30082,12.30328,0.00,0.00
2017.05.15 03:29:00.150,12.30082,12.30329,0.00,0.00
2017.05.15 03:29:00.201,12.30082,12.30322,0.00,0.00
2017.05.15 03:29:00.376,12.30082,12.30329,0.00,0.00
2017.05.15 03:29:13.796,12.30082,12.30328,0.00,0.00
2017.05.15 03:29:16.726,12.30082,12.30329,0.00,0.00
2017.05.15 03:29:17.401,12.30082,12.30328,0.00,0.00
2017.05.15 03:29:21.083,12.30082,12.30329,0.00,0.00
2017.05.15 03:29:25.545,12.30082,12.30328,0.00,0.00
2017.05.15 03:29:26.119,12.30089,12.30328,0.00,0.00
2017.05.15 03:29:26.219,12.30082,12.30328,0.00,0.00
2017.05.15 03:29:31.035,12.30082,12.30329,0.00,0.00
2017.05.15 03:29:32.090,12.30082,12.30328,0.00,0.00
2017.05.15 03:29:32.891,12.30082,12.30329,0.00,0.00
2017.05.15 03:29:34.865,12.30082,12.30328,0.00,0.00
2017.05.15 03:29:35.694,12.30082,12.30329,0.00,0.00
2017.05.15 03:29:36.312,12.30082,12.30328,0.00,0.00
2017.05.15 03:29:39.534,12.30082,12.30329,0.00,0.00
2017.05.15 03:29:43.893,12.30082,12.30328,0.00,0.00
2017.05.15 03:29:44.426,12.30081,12.30328,0.00,0.00
2017.05.15 03:29:45.893,12.30081,12.30329,0.00,0.00
2017.05.15 03:29:45.943,12.30121,12.30339,0.00,0.00
2017.05.15 03:29:46.287,12.30121,12.30329,0.00,0.00
2017.05.15 03:29:46.948,12.30122,12.30328,0.00,0.00
2017.05.15 03:29:48.420,12.30121,12.30329,0.00,0.00
2017.05.15 03:29:51.085,12.30081,12.30329,0.00,0.00
2017.05.15 03:29:51.910,12.30101,12.30329,0.00,0.00
2017.05.15 03:29:52.637,12.30102,12.30328,0.00,0.00
2017.05.15 03:29:52.745,12.30101,12.30332,0.00,0.00
2017.05.15 03:29:55.101,12.30131,12.30372,0.00,0.00
2017.05.15 03:29:55.202,12.30132,12.30381,0.00,0.00
2017.05.15 03:29:55.936,12.30131,12.30381,0.00,0.00
2017.05.15 03:29:57.666,12.30152,12.30411,0.00,0.00
2017.05.15 03:29:57.717,12.30152,12.30418,0.00,0.00
2017.05.15 03:29:57.768,12.30152,12.30429,0.00,0.00
2017.05.15 03:29:57.869,12.30158,12.30429,0.00,0.00
2017.05.15 03:29:58.176,12.30152,12.30412,0.00,0.00
2017.05.15 03:29:58.388,12.30152,12.30422,0.00,0.00
2017.05.15 03:29:58.795,12.30158,12.30428,0.00,0.00
2017.05.15 03:29:59.169,12.30152,12.30429,0.00,0.00
2017.05.15 03:30:00.108,12.30201,12.30429,0.00,0.00
2017.05.15 03:30:00.835,12.30202,12.30428,0.00,0.00
2017.05.15 03:30:01.736,12.30201,12.30429,0.00,0.00
2017.05.15 03:30:03.464,12.30178,12.30429,0.00,0.00
2017.05.15 03:30:03.574,12.30171,12.30422,0.00,0.00
2017.05.15 03:30:03.675,12.30171,12.30428,0.00,0.00
2017.05.15 03:30:05.323,12.30222,12.30431,0.00,0.00
2017.05.15 03:30:06.996,12.30221,12.30431,0.00,0.00
2017.05.15 03:30:07.298,12.30221,12.30429,0.00,0.00
2017.05.15 03:30:07.824,12.30222,12.30428,0.00,0.00
2017.05.15 03:30:08.216,12.30211,12.30472,0.00,0.00
2017.05.15 03:30:08.317,12.30211,12.30432,0.00,0.00
2017.05.15 03:30:08.380,12.30211,12.30482,0.00,0.00
2017.05.15 03:30:08.682,12.30211,12.30472,0.00,0.00
2017.05.15 03:30:08.892,12.30162,12.30428,0.00,0.00
2017.05.15 03:30:09.222,12.30162,12.30431,0.00,0.00
2017.05.15 03:30:09.323,12.30169,12.30431,0.00,0.00
2017.05.15 03:30:10.166,12.30169,12.30429,0.00,0.00
2017.05.15 03:30:10.217,12.30161,12.30429,0.00,0.00
2017.05.15 03:30:16.368,12.30162,12.30428,0.00,0.00
2017.05.15 03:30:16.520,12.30162,12.30422,0.00,0.00
2017.05.15 03:30:16.974,12.30201,12.30422,0.00,0.00
2017.05.15 03:30:17.025,12.30201,12.30429,0.00,0.00
2017.05.15 03:30:17.076,12.30179,12.30429,0.00,0.00
2017.05.15 03:30:17.127,12.30161,12.30429,0.00,0.00
2017.05.15 03:30:17.738,12.30169,12.30429,0.00,0.00
2017.05.15 03:30:18.247,12.30169,12.30428,0.00,0.00
2017.05.15 03:30:18.348,12.30162,12.30428,0.00,0.00
2017.05.15 03:30:18.402,12.30168,12.30428,0.00,0.00
2017.05.15 03:30:19.203,12.30162,12.30428,0.00,0.00
2017.05.15 03:30:19.638,12.30162,12.30422,0.00,0.00
2017.05.15 03:30:19.936,12.30161,12.30429,0.00,0.00
2017.05.15 03:30:20.976,12.30148,12.30329,0.00,0.00
2017.05.15 03:30:21.127,12.30068,12.30329,0.00,0.00
2017.05.15 03:30:21.229,12.30061,12.30329,0.00,0.00
2017.05.15 03:30:21.487,12.30052,12.30328,0.00,0.00
2017.05.15 03:30:21.538,12.30051,12.30322,0.00,0.00
2017.05.15 03:30:22.064,12.30052,12.30322,0.00,0.00
2017.05.15 03:30:22.511,12.30058,12.30328,0.00,0.00
2017.05.15 03:30:22.712,12.30052,12.30328,0.00,0.00
2017.05.15 03:30:24.726,12.30051,12.30329,0.00,0.00
2017.05.15 03:30:24.827,12.30049,12.30321,0.00,0.00
2017.05.15 03:30:25.439,12.30049,12.30302,0.00,0.00
2017.05.15 03:30:26.361,12.30049,12.30328,0.00,0.00
2017.05.15 03:30:26.530,12.30059,12.30328,0.00,0.00
2017.05.15 03:30:26.724,12.30049,12.30328,0.00,0.00
2017.05.15 03:30:26.825,12.30059,12.30329,0.00,0.00
2017.05.15 03:30:27.347,12.30069,12.30328,0.00,0.00
2017.05.15 03:30:27.529,12.30049,12.30328,0.00,0.00
2017.05.15 03:30:29.538,12.30049,12.30329,0.00,0.00
2017.05.15 03:30:30.135,12.30059,12.30329,0.00,0.00
2017.05.15 03:30:30.635,12.30049,12.30328,0.00,0.00
2017.05.15 03:30:35.751,12.30068,12.30328,0.00,0.00
2017.05.15 03:30:37.655,12.30132,12.30352,0.00,0.00
2017.05.15 03:30:37.857,12.30148,12.30399,0.00,0.00
2017.05.15 03:30:38.247,12.30148,12.30392,0.00,0.00
2017.05.15 03:30:39.149,12.30148,12.30398,0.00,0.00
2017.05.15 03:30:50.604,12.30148,12.30399,0.00,0.00
2017.05.15 03:30:51.215,12.30148,12.30398,0.00,0.00
2017.05.15 03:30:51.484,12.30148,12.30419,0.00,0.00
2017.05.15 03:30:51.585,12.30148,12.30412,0.00,0.00
2017.05.15 03:30:51.686,12.30148,12.30421,0.00,0.00
2017.05.15 03:30:51.769,12.30149,12.30428,0.00,0.00
2017.05.15 03:30:54.956,12.30149,12.30429,0.00,0.00
2017.05.15 03:30:55.074,12.30148,12.30411,0.00,0.00
2017.05.15 03:30:56.790,12.30158,12.30429,0.00,0.00
2017.05.15 03:30:57.076,12.30149,12.30429,0.00,0.00
2017.05.15 03:30:57.224,12.30148,12.30411,0.00,0.00
2017.05.15 03:30:57.277,12.30148,12.30428,0.00,0.00
2017.05.15 03:30:57.377,12.30148,12.30411,0.00,0.00
2017.05.15 03:30:58.481,12.30149,12.30428,0.00,0.00
2017.05.15 03:30:58.827,12.30148,12.30412,0.00,0.00
2017.05.15 03:30:59.206,12.30148,12.30422,0.00,0.00
2017.05.15 03:31:01.126,12.30148,12.30412,0.00,0.00
2017.05.15 03:31:01.285,12.30148,12.30422,0.00,0.00
2017.05.15 03:31:02.086,12.30158,12.30429,0.00,0.00
2017.05.15 03:31:02.187,12.30148,12.30421,0.00,0.00
2017.05.15 03:31:02.386,12.30148,12.30429,0.00,0.00
2017.05.15 03:31:02.810,12.30148,12.30421,0.00,0.00
2017.05.15 03:31:02.911,12.30148,12.30429,0.00,0.00
2017.05.15 03:31:03.416,12.30148,12.30422,0.00,0.00
2017.05.15 03:31:04.339,12.30159,12.30428,0.00,0.00
2017.05.15 03:31:04.512,12.30148,12.30422,0.00,0.00
2017.05.15 03:31:04.591,12.30149,12.30428,0.00,0.00
2017.05.15 03:31:04.842,12.30148,12.30422,0.00,0.00
2017.05.15 03:31:05.116,12.30148,12.30429,0.00,0.00
2017.05.15 03:31:05.231,12.30148,12.30421,0.00,0.00
2017.05.15 03:31:05.834,12.30148,12.30428,0.00,0.00
2017.05.15 03:31:07.815,12.30148,12.30429,0.00,0.00
2017.05.15 03:31:07.916,12.30158,12.30428,0.00,0.00
2017.05.15 03:31:08.018,12.30148,12.30421,0.00,0.00
2017.05.15 03:31:08.955,12.30158,12.30421,0.00,0.00
2017.05.15 03:31:09.500,12.30158,12.30429,0.00,0.00
2017.05.15 03:31:10.846,12.30159,12.30429,0.00,0.00
2017.05.15 03:31:11.307,12.30158,12.30421,0.00,0.00
2017.05.15 03:31:14.339,12.30158,12.30429,0.00,0.00
2017.05.15 03:31:14.958,12.30158,12.30428,0.00,0.00
2017.05.15 03:31:15.010,12.30158,12.30422,0.00,0.00
2017.05.15 03:31:15.811,12.30158,12.30428,0.00,0.00
2017.05.15 03:31:16.594,12.30158,12.30429,0.00,0.00
2017.05.15 03:31:22.585,12.30158,12.30428,0.00,0.00
2017.05.15 03:31:22.635,12.30158,12.30422,0.00,0.00
2017.05.15 03:31:23.020,12.30158,12.30428,0.00,0.00
2017.05.15 03:31:23.737,12.30158,12.30422,0.00,0.00
2017.05.15 03:31:24.122,12.30159,12.30428,0.00,0.00
2017.05.15 03:31:25.424,12.30158,12.30421,0.00,0.00
2017.05.15 03:31:25.524,12.30158,12.30428,0.00,0.00
2017.05.15 03:31:25.575,12.30168,12.30428,0.00,0.00
2017.05.15 03:31:25.954,12.30168,12.30421,0.00,0.00
2017.05.15 03:31:26.786,12.30139,12.30338,0.00,0.00
2017.05.15 03:31:26.837,12.30129,12.30339,0.00,0.00
2017.05.15 03:31:26.938,12.30121,12.30339,0.00,0.00
2017.05.15 03:31:27.245,12.30079,12.30338,0.00,0.00
2017.05.15 03:31:27.296,12.30079,12.30329,0.00,0.00
2017.05.15 03:31:27.347,12.30069,12.30329,0.00,0.00
2017.05.15 03:31:28.012,12.30068,12.30329,0.00,0.00
2017.05.15 03:31:28.631,12.30069,12.30329,0.00,0.00
2017.05.15 03:31:29.254,12.30069,12.30328,0.00,0.00
2017.05.15 03:31:30.036,12.30068,12.30328,0.00,0.00
2017.05.15 03:31:31.234,12.30068,12.30329,0.00,0.00
2017.05.15 03:31:31.355,12.30079,12.30329,0.00,0.00
2017.05.15 03:31:33.953,12.30079,12.30328,0.00,0.00
2017.05.15 03:31:34.058,12.30068,12.30328,0.00,0.00
2017.05.15 03:31:34.844,12.30068,12.30329,0.00,0.00
2017.05.15 03:31:39.146,12.30069,12.30329,0.00,0.00
2017.05.15 03:31:40.678,12.30079,12.30329,0.00,0.00
2017.05.15 03:31:41.026,12.30088,12.30328,0.00,0.00
2017.05.15 03:31:41.076,12.30079,12.30328,0.00,0.00
2017.05.15 03:31:41.355,12.30068,12.30329,0.00,0.00
2017.05.15 03:31:42.425,12.30068,12.30328,0.00,0.00
2017.05.15 03:31:42.475,12.30089,12.30329,0.00,0.00
2017.05.15 03:31:45.471,12.30068,12.30329,0.00,0.00
2017.05.15 03:31:47.265,12.30078,12.30329,0.00,0.00
2017.05.15 03:31:49.654,12.30078,12.30328,0.00,0.00
2017.05.15 03:31:50.305,12.30068,12.30328,0.00,0.00
2017.05.15 03:31:50.406,12.30078,12.30329,0.00,0.00
2017.05.15 03:31:50.465,12.30068,12.30329,0.00,0.00
2017.05.15 03:31:51.462,12.30068,12.30331,0.00,0.00
2017.05.15 03:31:51.513,12.30078,12.30348,0.00,0.00
2017.05.15 03:31:51.614,12.30089,12.30348,0.00,0.00
2017.05.15 03:31:52.685,12.30089,12.30338,0.00,0.00
2017.05.15 03:31:52.781,12.30068,12.30329,0.00,0.00
2017.05.15 03:31:54.085,12.30068,12.30328,0.00,0.00
2017.05.15 03:31:54.812,12.30068,12.30329,0.00,0.00
2017.05.15 03:31:55.374,12.30068,12.30328,0.00,0.00
2017.05.15 03:31:57.025,12.30068,12.30329,0.00,0.00
2017.05.15 03:31:57.177,12.30078,12.30329,0.00,0.00
2017.05.15 03:31:57.806,12.30068,12.30328,0.00,0.00
2017.05.15 03:31:58.445,12.30068,12.30329,0.00,0.00
2017.05.15 03:31:59.986,12.30079,12.30329,0.00,0.00
2017.05.15 03:32:00.081,12.30068,12.30329,0.00,0.00
2017.05.15 03:32:00.182,12.30078,12.30329,0.00,0.00
2017.05.15 03:32:00.819,12.30068,12.30329,0.00,0.00
2017.05.15 03:32:03.514,12.30131,12.30332,0.00,0.00
2017.05.15 03:32:03.565,12.30122,12.30332,0.00,0.00
2017.05.15 03:32:03.616,12.30122,12.30338,0.00,0.00
2017.05.15 03:32:03.717,12.30099,12.30339,0.00,0.00
2017.05.15 03:32:03.818,12.30069,12.30339,0.00,0.00
2017.05.15 03:32:04.391,12.30069,12.30338,0.00,0.00
2017.05.15 03:32:04.443,12.30101,12.30349,0.00,0.00
2017.05.15 03:32:04.770,12.30089,12.30339,0.00,0.00
2017.05.15 03:32:04.821,12.30069,12.30331,0.00,0.00
2017.05.15 03:32:05.101,12.30078,12.30349,0.00,0.00
2017.05.15 03:32:05.342,12.30088,12.30348,0.00,0.00
2017.05.15 03:32:06.008,12.30088,12.30302,0.00,0.00
2017.05.15 03:32:06.191,12.30069,12.30302,0.00,0.00
2017.05.15 03:32:06.291,12.30052,12.30302,0.00,0.00
2017.05.15 03:32:09.395,12.30058,12.30302,0.00,0.00
2017.05.15 03:32:09.495,12.30051,12.30302,0.00,0.00
2017.05.15 03:32:12.028,12.30059,12.30302,0.00,0.00
2017.05.15 03:32:12.129,12.30051,12.30302,0.00,0.00
2017.05.15 03:32:12.230,12.30069,12.30302,0.00,0.00
2017.05.15 03:32:13.008,12.30051,12.30302,0.00,0.00
2017.05.15 03:32:13.109,12.30078,12.30302,0.00,0.00
2017.05.15 03:32:17.385,12.30151,12.30352,0.00,0.00
2017.05.15 03:32:17.486,12.30152,12.30382,0.00,0.00
2017.05.15 03:32:17.537,12.30152,12.30402,0.00,0.00
2017.05.15 03:32:18.404,12.30151,12.30402,0.00,0.00
2017.05.15 03:32:18.917,12.30152,12.30402,0.00,0.00
2017.05.15 03:32:20.050,12.30151,12.30402,0.00,0.00
2017.05.15 03:32:20.885,12.30152,12.30402,0.00,0.00
2017.05.15 03:32:23.594,12.30151,12.30402,0.00,0.00
2017.05.15 03:32:27.044,12.30152,12.30402,0.00,0.00
2017.05.15 03:32:27.829,12.30151,12.30402,0.00,0.00
2017.05.15 03:32:29.158,12.30152,12.30402,0.00,0.00
2017.05.15 03:32:31.074,12.30151,12.30402,0.00,0.00
2017.05.15 03:32:33.657,12.30132,12.30402,0.00,0.00
2017.05.15 03:32:34.047,12.30149,12.30402,0.00,0.00
2017.05.15 03:32:35.445,12.30151,12.30402,0.00,0.00
2017.05.15 03:32:35.546,12.30132,12.30402,0.00,0.00
2017.05.15 03:32:35.647,12.30149,12.30402,0.00,0.00
2017.05.15 03:32:35.748,12.30132,12.30402,0.00,0.00
2017.05.15 03:32:35.857,12.30148,12.30402,0.00,0.00
2017.05.15 03:32:35.935,12.30132,12.30402,0.00,0.00
2017.05.15 03:32:37.178,12.30132,12.30401,0.00,0.00
2017.05.15 03:32:37.279,12.30148,12.30401,0.00,0.00
2017.05.15 03:32:37.705,12.30152,12.30402,0.00,0.00
2017.05.15 03:32:38.334,12.30151,12.30402,0.00,0.00
2017.05.15 03:32:38.637,12.30118,12.30301,0.00,0.00
2017.05.15 03:32:38.687,12.30101,12.30301,0.00,0.00
2017.05.15 03:32:39.034,12.30069,12.30301,0.00,0.00
2017.05.15 03:32:39.085,12.30078,12.30301,0.00,0.00
2017.05.15 03:32:39.141,12.30068,12.30301,0.00,0.00
2017.05.15 03:32:39.242,12.30051,12.30301,0.00,0.00
2017.05.15 03:32:40.643,12.30052,12.30301,0.00,0.00
2017.05.15 03:32:40.694,12.30059,12.30301,0.00,0.00
2017.05.15 03:32:43.669,12.30051,12.30301,0.00,0.00
2017.05.15 03:32:43.861,12.30058,12.30301,0.00,0.00
2017.05.15 03:32:44.749,12.30051,12.30301,0.00,0.00
2017.05.15 03:32:45.867,12.30052,12.30301,0.00,0.00
2017.05.15 03:32:46.540,12.30051,12.30301,0.00,0.00
2017.05.15 03:32:49.454,12.30052,12.30301,0.00,0.00
2017.05.15 03:32:49.606,12.30152,12.30321,0.00,0.00
2017.05.15 03:32:49.707,12.30152,12.30342,0.00,0.00
2017.05.15 03:32:49.808,12.30119,12.30328,0.00,0.00
2017.05.15 03:32:49.858,12.30139,12.30301,0.00,0.00
2017.05.15 03:32:49.959,12.30062,12.30312,0.00,0.00
2017.05.15 03:32:50.234,12.30132,12.30312,0.00,0.00
2017.05.15 03:32:50.284,12.30132,12.30322,0.00,0.00
2017.05.15 03:32:50.335,12.30101,12.30322,0.00,0.00
2017.05.15 03:32:50.386,12.30061,12.30311,0.00,0.00
2017.05.15 03:32:50.487,12.30079,12.30311,0.00,0.00
2017.05.15 03:32:50.662,12.30069,12.30311,0.00,0.00
2017.05.15 03:32:50.784,12.30088,12.30311,0.00,0.00
2017.05.15 03:32:50.885,12.30061,12.30311,0.00,0.00
2017.05.15 03:32:50.962,12.30089,12.30311,0.00,0.00
2017.05.15 03:32:51.062,12.30079,12.30311,0.00,0.00
2017.05.15 03:32:54.115,12.30132,12.30311,0.00,0.00
2017.05.15 03:32:54.166,12.30121,12.30311,0.00,0.00
2017.05.15 03:32:54.217,12.30108,12.30311,0.00,0.00
2017.05.15 03:32:54.268,12.30078,12.30311,0.00,0.00
2017.05.15 03:32:54.369,12.30062,12.30311,0.00,0.00
2017.05.15 03:32:54.567,12.30079,12.30312,0.00,0.00
2017.05.15 03:32:55.121,12.30078,12.30312,0.00,0.00
2017.05.15 03:32:55.269,12.30062,12.30312,0.00,0.00
2017.05.15 03:32:55.370,12.30079,12.30312,0.00,0.00
2017.05.15 03:32:55.502,12.30062,12.30312,0.00,0.00
2017.05.15 03:32:57.674,12.30079,12.30312,0.00,0.00
2017.05.15 03:32:57.914,12.30062,12.30312,0.00,0.00
2017.05.15 03:32:57.965,12.30102,12.30312,0.00,0.00
2017.05.15 03:32:58.304,12.30108,12.30312,0.00,0.00
2017.05.15 03:32:58.405,12.30101,12.30312,0.00,0.00
2017.05.15 03:32:58.507,12.30108,12.30312,0.00,0.00
2017.05.15 03:32:58.804,12.30101,12.30312,0.00,0.00
2017.05.15 03:33:00.184,12.30102,12.30312,0.00,0.00
2017.05.15 03:33:00.292,12.30142,12.30361,0.00,0.00
2017.05.15 03:33:00.393,12.30141,12.30412,0.00,0.00
2017.05.15 03:33:00.495,12.30159,12.30388,0.00,0.00
2017.05.15 03:33:00.596,12.30131,12.30361,0.00,0.00
2017.05.15 03:33:00.875,12.30122,12.30361,0.00,0.00
2017.05.15 03:33:00.925,12.30129,12.30311,0.00,0.00
2017.05.15 03:33:01.026,12.30121,12.30311,0.00,0.00
2017.05.15 03:33:01.374,12.30101,12.30311,0.00,0.00
2017.05.15 03:33:02.052,12.30102,12.30311,0.00,0.00
2017.05.15 03:33:04.206,12.30078,12.30311,0.00,0.00
2017.05.15 03:33:07.386,12.30132,12.30311,0.00,0.00
2017.05.15 03:33:07.965,12.30131,12.30311,0.00,0.00
2017.05.15 03:33:08.587,12.30131,12.30312,0.00,0.00
2017.05.15 03:33:08.638,12.30121,12.30312,0.00,0.00
2017.05.15 03:33:08.739,12.30079,12.30312,0.00,0.00
2017.05.15 03:33:09.706,12.30089,12.30312,0.00,0.00
2017.05.15 03:33:09.807,12.30078,12.30312,0.00,0.00
2017.05.15 03:33:12.202,12.30099,12.30312,0.00,0.00
2017.05.15 03:33:12.337,12.30088,12.30312,0.00,0.00
2017.05.15 03:33:12.402,12.30098,12.30312,0.00,0.00
2017.05.15 03:33:14.505,12.30069,12.30312,0.00,0.00
2017.05.15 03:33:16.208,12.30088,12.30312,0.00,0.00
2017.05.15 03:33:17.244,12.30068,12.30312,0.00,0.00
2017.05.15 03:33:17.611,12.30078,12.30312,0.00,0.00
2017.05.15 03:33:18.148,12.30078,12.30311,0.00,0.00
2017.05.15 03:33:18.249,12.30068,12.30311,0.00,0.00
2017.05.15 03:33:18.350,12.30098,12.30311,0.00,0.00
2017.05.15 03:33:18.451,12.30052,12.30311,0.00,0.00
2017.05.15 03:33:18.712,12.30058,12.30312,0.00,0.00
2017.05.15 03:33:19.042,12.30051,12.30312,0.00,0.00
2017.05.15 03:33:19.112,12.30068,12.30312,0.00,0.00
2017.05.15 03:33:19.613,12.30052,12.30312,0.00,0.00
2017.05.15 03:33:21.506,12.30051,12.30312,0.00,0.00
2017.05.15 03:33:21.557,12.30069,12.30312,0.00,0.00
2017.05.15 03:33:21.916,12.30059,12.30312,0.00,0.00
2017.05.15 03:33:22.017,12.30078,12.30312,0.00,0.00
2017.05.15 03:33:22.344,12.30058,12.30312,0.00,0.00
2017.05.15 03:33:22.820,12.30052,12.30312,0.00,0.00
2017.05.15 03:33:23.640,12.30051,12.30312,0.00,0.00
2017.05.15 03:33:24.454,12.30052,12.30312,0.00,0.00
2017.05.15 03:33:24.523,12.30059,12.30312,0.00,0.00
2017.05.15 03:33:24.623,12.30052,12.30312,0.00,0.00
2017.05.15 03:33:25.671,12.30058,12.30312,0.00,0.00
2017.05.15 03:33:25.926,12.30052,12.30312,0.00,0.00
2017.05.15 03:33:26.486,12.30051,12.30312,0.00,0.00
2017.05.15 03:33:26.537,12.30058,12.30312,0.00,0.00
2017.05.15 03:33:27.979,12.30051,12.30312,0.00,0.00
2017.05.15 03:33:28.644,12.30052,12.30312,0.00,0.00
2017.05.15 03:33:28.830,12.30059,12.30312,0.00,0.00
2017.05.15 03:33:29.135,12.30052,12.30312,0.00,0.00
2017.05.15 03:33:29.431,12.30059,12.30312,0.00,0.00
2017.05.15 03:33:29.939,12.30051,12.30311,0.00,0.00
2017.05.15 03:33:30.040,12.30068,12.30311,0.00,0.00
2017.05.15 03:33:30.141,12.30051,12.30311,0.00,0.00
2017.05.15 03:33:30.232,12.30058,12.30311,0.00,0.00
2017.05.15 03:33:30.333,12.30051,12.30311,0.00,0.00
2017.05.15 03:33:30.432,12.30058,12.30311,0.00,0.00
2017.05.15 03:33:30.645,12.30052,12.30312,0.00,0.00
2017.05.15 03:33:31.334,12.30058,12.30312,0.00,0.00
2017.05.15 03:33:32.135,12.30052,12.30312,0.00,0.00
2017.05.15 03:33:34.014,12.30051,12.30312,0.00,0.00
2017.05.15 03:33:34.138,12.30058,12.30312,0.00,0.00
2017.05.15 03:33:36.741,12.30051,12.30312,0.00,0.00
2017.05.15 03:33:37.277,12.30058,12.30312,0.00,0.00
2017.05.15 03:33:37.378,12.30042,12.30311,0.00,0.00
2017.05.15 03:33:37.429,12.30051,12.30311,0.00,0.00
2017.05.15 03:33:37.964,12.30052,12.30311,0.00,0.00
2017.05.15 03:33:38.491,12.30058,12.30311,0.00,0.00
2017.05.15 03:33:39.144,12.30051,12.30311,0.00,0.00
2017.05.15 03:33:39.914,12.30052,12.30311,0.00,0.00
2017.05.15 03:33:39.965,12.30058,12.30311,0.00,0.00
2017.05.15 03:33:40.066,12.30051,12.30311,0.00,0.00
2017.05.15 03:33:43.184,12.30052,12.30311,0.00,0.00
2017.05.15 03:33:43.496,12.30059,12.30311,0.00,0.00
2017.05.15 03:33:45.152,12.30051,12.30311,0.00,0.00
2017.05.15 03:33:46.200,12.30058,12.30311,0.00,0.00
2017.05.15 03:33:48.621,12.30061,12.30311,0.00,0.00
2017.05.15 03:34:17.169,12.30048,12.30239,0.00,0.00
2017.05.15 03:34:17.220,12.30038,12.30239,0.00,0.00
2017.05.15 03:34:17.271,12.30061,12.30289,0.00,0.00
2017.05.15 03:34:17.321,12.30061,12.30262,0.00,0.00
2017.05.15 03:34:17.422,12.30061,12.30291,0.00,0.00
2017.05.15 03:34:17.523,12.30061,12.30311,0.00,0.00
2017.05.15 03:34:29.805,12.30061,12.30312,0.00,0.00
2017.05.15 03:34:30.007,12.30068,12.30239,0.00,0.00
2017.05.15 03:34:30.108,12.30038,12.30211,0.00,0.00
2017.05.15 03:34:30.159,12.30051,12.30211,0.00,0.00
2017.05.15 03:34:30.260,12.30062,12.30262,0.00,0.00
2017.05.15 03:34:30.311,12.30062,12.30252,0.00,0.00
2017.05.15 03:34:30.412,12.30062,12.30311,0.00,0.00
2017.05.15 03:34:30.945,12.30062,12.30312,0.00,0.00
2017.05.15 03:34:33.095,12.30062,12.30238,0.00,0.00
2017.05.15 03:34:33.145,12.30028,12.30238,0.00,0.00
2017.05.15 03:34:33.247,12.30021,12.30211,0.00,0.00
2017.05.15 03:34:33.461,12.29972,12.30211,0.00,0.00
2017.05.15 03:34:36.146,12.30051,12.30242,0.00,0.00
2017.05.15 03:34:36.247,12.30052,12.30271,0.00,0.00
2017.05.15 03:34:36.349,12.30051,12.30312,0.00,0.00
2017.05.15 03:34:36.724,12.30052,12.30302,0.00,0.00
2017.05.15 03:34:36.815,12.30052,12.30312,0.00,0.00
2017.05.15 03:34:37.576,12.30051,12.30312,0.00,0.00
2017.05.15 03:34:38.319,12.30052,12.30312,0.00,0.00
2017.05.15 03:34:39.298,12.30051,12.30312,0.00,0.00
2017.05.15 03:34:42.225,12.30052,12.30312,0.00,0.00
2017.05.15 03:34:42.427,12.30058,12.30312,0.00,0.00
2017.05.15 03:34:42.722,12.30052,12.30312,0.00,0.00
2017.05.15 03:34:45.426,12.30058,12.30312,0.00,0.00
2017.05.15 03:34:46.529,12.30052,12.30312,0.00,0.00
2017.05.15 03:34:50.432,12.30059,12.30312,0.00,0.00
2017.05.15 03:34:50.583,12.30052,12.30312,0.00,0.00
2017.05.15 03:34:50.833,12.30058,12.30312,0.00,0.00
2017.05.15 03:34:51.634,12.30052,12.30312,0.00,0.00
2017.05.15 03:34:53.165,12.30051,12.30312,0.00,0.00
2017.05.15 03:34:53.266,12.30058,12.30312,0.00,0.00
2017.05.15 03:34:53.555,12.30051,12.30312,0.00,0.00
2017.05.15 03:34:57.341,12.30058,12.30312,0.00,0.00
2017.05.15 03:34:59.169,12.30051,12.30312,0.00,0.00
2017.05.15 03:35:00.224,12.30052,12.30312,0.00,0.00
2017.05.15 03:35:00.769,12.30051,12.30311,0.00,0.00
2017.05.15 03:35:02.004,12.30052,12.30311,0.00,0.00
2017.05.15 03:35:02.155,12.30059,12.30312,0.00,0.00
2017.05.15 03:35:02.847,12.30052,12.30312,0.00,0.00
2017.05.15 03:35:03.648,12.30058,12.30312,0.00,0.00
2017.05.15 03:35:04.780,12.30051,12.30311,0.00,0.00
2017.05.15 03:35:05.390,12.30051,12.30312,0.00,0.00
2017.05.15 03:35:06.094,12.30059,12.30312,0.00,0.00
2017.05.15 03:35:07.053,12.30052,12.30312,0.00,0.00
2017.05.15 03:35:08.855,12.30052,12.30311,0.00,0.00
2017.05.15 03:35:09.656,12.30059,12.30312,0.00,0.00
2017.05.15 03:35:09.778,12.30052,12.30312,0.00,0.00
2017.05.15 03:35:12.660,12.30059,12.30312,0.00,0.00
2017.05.15 03:35:12.995,12.30052,12.30312,0.00,0.00
2017.05.15 03:35:13.261,12.30058,12.30312,0.00,0.00
2017.05.15 03:35:13.573,12.30052,12.30312,0.00,0.00
2017.05.15 03:35:13.897,12.30058,12.30312,0.00,0.00
2017.05.15 03:35:16.099,12.30051,12.30312,0.00,0.00
2017.05.15 03:35:18.167,12.30058,12.30312,0.00,0.00
2017.05.15 03:35:19.169,12.30051,12.30312,0.00,0.00
2017.05.15 03:35:19.960,12.30051,12.30311,0.00,0.00
2017.05.15 03:35:20.673,12.30058,12.30312,0.00,0.00
2017.05.15 03:35:20.771,12.30051,12.30312,0.00,0.00
2017.05.15 03:35:22.072,12.30059,12.30312,0.00,0.00
2017.05.15 03:35:22.273,12.30051,12.30311,0.00,0.00
2017.05.15 03:35:22.934,12.30051,12.30312,0.00,0.00
2017.05.15 03:35:24.474,12.30062,12.30312,0.00,0.00
2017.05.15 03:35:29.082,12.30052,12.30312,0.00,0.00
2017.05.15 03:35:36.297,12.30052,12.30318,0.00,0.00
2017.05.15 03:35:41.295,12.30068,12.30318,0.00,0.00
2017.05.15 03:35:41.396,12.30052,12.30318,0.00,0.00
2017.05.15 03:35:48.249,12.30052,12.30322,0.00,0.00
2017.05.15 03:35:50.406,12.30052,12.30321,0.00,0.00
2017.05.15 03:35:55.615,12.30052,12.30331,0.00,0.00
2017.05.15 03:35:59.520,12.30052,12.30312,0.00,0.00
2017.05.15 03:35:59.621,12.30052,12.30331,0.00,0.00
2017.05.15 03:36:01.603,12.30051,12.30331,0.00,0.00
2017.05.15 03:36:01.824,12.30059,12.30339,0.00,0.00
2017.05.15 03:36:02.431,12.30051,12.30331,0.00,0.00
2017.05.15 03:36:03.142,12.30052,12.30331,0.00,0.00
2017.05.15 03:36:03.243,12.30059,12.30339,0.00,0.00
2017.05.15 03:36:08.265,12.30051,12.30322,0.00,0.00
2017.05.15 03:36:08.935,12.30052,12.30332,0.00,0.00
2017.05.15 03:36:09.034,12.30052,12.30322,0.00,0.00
2017.05.15 03:36:14.054,12.30051,12.30322,0.00,0.00
2017.05.15 03:36:14.440,12.30052,12.30332,0.00,0.00
2017.05.15 03:36:17.814,12.30051,12.30332,0.00,0.00
2017.05.15 03:36:17.865,12.30058,12.30339,0.00,0.00
2017.05.15 03:36:19.146,12.30051,12.30332,0.00,0.00
2017.05.15 03:36:23.252,12.30068,12.30339,0.00,0.00
2017.05.15 03:36:23.917,12.30068,12.30338,0.00,0.00
2017.05.15 03:36:27.884,12.30068,12.30339,0.00,0.00
2017.05.15 03:36:27.985,12.30051,12.30331,0.00,0.00
2017.05.15 03:36:28.105,12.30052,12.30321,0.00,0.00
2017.05.15 03:36:30.123,12.30039,12.30321,0.00,0.00
2017.05.15 03:36:38.272,12.30048,12.30332,0.00,0.00
2017.05.15 03:36:47.994,12.30048,12.30319,0.00,0.00
2017.05.15 03:36:48.095,12.30038,12.30318,0.00,0.00
2017.05.15 03:36:48.196,12.30032,12.30311,0.00,0.00
2017.05.15 03:36:48.387,12.30038,12.30319,0.00,0.00
2017.05.15 03:36:48.499,12.30031,12.30311,0.00,0.00
2017.05.15 03:36:48.608,12.30038,12.30319,0.00,0.00
2017.05.15 03:36:48.688,12.30031,12.30312,0.00,0.00
2017.05.15 03:36:55.102,12.30059,12.30338,0.00,0.00
2017.05.15 03:36:55.715,12.30051,12.30331,0.00,0.00
2017.05.15 03:36:55.816,12.30059,12.30338,0.00,0.00
2017.05.15 03:36:56.497,12.30051,12.30321,0.00,0.00
2017.05.15 03:36:56.597,12.30051,12.30332,0.00,0.00
2017.05.15 03:36:56.934,12.30059,12.30338,0.00,0.00
2017.05.15 03:36:57.498,12.30051,12.30322,0.00,0.00
2017.05.15 03:36:59.000,12.30059,12.30338,0.00,0.00
2017.05.15 03:36:59.200,12.30051,12.30331,0.00,0.00
2017.05.15 03:37:00.502,12.30051,12.30322,0.00,0.00
2017.05.15 03:37:01.344,12.30058,12.30338,0.00,0.00
2017.05.15 03:37:01.403,12.30051,12.30332,0.00,0.00
2017.05.15 03:37:01.503,12.30051,12.30322,0.00,0.00
2017.05.15 03:37:02.705,12.30051,12.30331,0.00,0.00
2017.05.15 03:37:03.113,12.30051,12.30322,0.00,0.00
2017.05.15 03:37:03.884,12.30052,12.30322,0.00,0.00
2017.05.15 03:37:04.016,12.30059,12.30338,0.00,0.00
2017.05.15 03:37:05.909,12.30051,12.30322,0.00,0.00
2017.05.15 03:37:11.043,12.30059,12.30338,0.00,0.00
2017.05.15 03:37:12.918,12.30051,12.30322,0.00,0.00
2017.05.15 03:37:13.119,12.30051,12.30332,0.00,0.00
2017.05.15 03:37:13.219,12.30059,12.30338,0.00,0.00
2017.05.15 03:37:13.519,12.30051,12.30331,0.00,0.00
2017.05.15 03:37:13.619,12.30051,12.30321,0.00,0.00
2017.05.15 03:37:14.120,12.30051,12.30331,0.00,0.00
2017.05.15 03:37:14.234,12.30058,12.30338,0.00,0.00
2017.05.15 03:37:14.713,12.30052,12.30321,0.00,0.00
2017.05.15 03:37:15.527,12.30051,12.30321,0.00,0.00
2017.05.15 03:37:15.922,12.30052,12.30332,0.00,0.00
2017.05.15 03:37:20.184,12.30051,12.30332,0.00,0.00
2017.05.15 03:37:20.984,12.30052,12.30332,0.00,0.00
2017.05.15 03:37:21.377,12.30052,12.30322,0.00,0.00
2017.05.15 03:37:21.973,12.30051,12.30319,0.00,0.00
2017.05.15 03:37:22.416,12.30052,12.30322,0.00,0.00
2017.05.15 03:37:22.567,12.30058,12.30338,0.00,0.00
2017.05.15 03:37:22.731,12.30051,12.30321,0.00,0.00
2017.05.15 03:37:24.934,12.30051,12.30331,0.00,0.00
2017.05.15 03:37:26.644,12.30052,12.30331,0.00,0.00
2017.05.15 03:37:26.745,12.30052,12.30321,0.00,0.00
2017.05.15 03:37:27.311,12.30051,12.30321,0.00,0.00
2017.05.15 03:37:28.155,12.30052,12.30318,0.00,0.00
2017.05.15 03:37:28.632,12.30052,12.30311,0.00,0.00
2017.05.15 03:37:30.334,12.30051,12.30311,0.00,0.00
2017.05.15 03:37:30.385,12.30051,12.30319,0.00,0.00
2017.05.15 03:37:30.541,12.30058,12.30319,0.00,0.00
2017.05.15 03:37:31.274,12.30058,12.30318,0.00,0.00
2017.05.15 03:37:31.534,12.30058,12.30338,0.00,0.00
2017.05.15 03:37:33.694,12.30058,12.30312,0.00,0.00
2017.05.15 03:37:34.045,12.30052,12.30312,0.00,0.00
2017.05.15 03:37:35.616,12.30051,12.30261,0.00,0.00
2017.05.15 03:37:35.768,12.30051,12.30291,0.00,0.00
2017.05.15 03:37:35.869,12.30051,12.30312,0.00,0.00
2017.05.15 03:37:35.970,12.30058,12.30312,0.00,0.00
2017.05.15 03:37:38.255,12.30051,12.30312,0.00,0.00
2017.05.15 03:37:39.853,12.30058,12.30312,0.00,0.00
2017.05.15 03:37:40.053,12.30051,12.30312,0.00,0.00
2017.05.15 03:37:40.844,12.30052,12.30312,0.00,0.00
2017.05.15 03:37:40.954,12.30059,12.30312,0.00,0.00
2017.05.15 03:37:41.355,12.30051,12.30312,0.00,0.00
2017.05.15 03:37:41.800,12.30059,12.30312,0.00,0.00
2017.05.15 03:37:42.256,12.30051,12.30312,0.00,0.00
2017.05.15 03:37:42.878,12.30059,12.30312,0.00,0.00
2017.05.15 03:37:43.057,12.30051,12.30312,0.00,0.00
2017.05.15 03:37:44.659,12.30058,12.30312,0.00,0.00
2017.05.15 03:37:45.059,12.30051,12.30312,0.00,0.00
2017.05.15 03:37:46.126,12.30052,12.30312,0.00,0.00
2017.05.15 03:37:46.261,12.30059,12.30312,0.00,0.00
2017.05.15 03:37:47.062,12.30052,12.30312,0.00,0.00
2017.05.15 03:37:48.664,12.30058,12.30312,0.00,0.00
2017.05.15 03:37:48.879,12.30052,12.30312,0.00,0.00
2017.05.15 03:37:50.970,12.30058,12.30312,0.00,0.00
2017.05.15 03:37:53.120,12.30052,12.30312,0.00,0.00
2017.05.15 03:37:53.674,12.30059,12.30312,0.00,0.00
2017.05.15 03:37:53.974,12.30052,12.30312,0.00,0.00
2017.05.15 03:37:54.575,12.30058,12.30312,0.00,0.00
2017.05.15 03:37:56.478,12.30051,12.30312,0.00,0.00
2017.05.15 03:37:58.582,12.30058,12.30312,0.00,0.00
2017.05.15 03:37:58.818,12.30052,12.30312,0.00,0.00
2017.05.15 03:37:59.183,12.30058,12.30312,0.00,0.00
2017.05.15 03:37:59.391,12.30052,12.30312,0.00,0.00
2017.05.15 03:38:00.325,12.30051,12.30312,0.00,0.00
2017.05.15 03:38:00.426,12.30058,12.30312,0.00,0.00
2017.05.15 03:38:00.486,12.30051,12.30312,0.00,0.00
2017.05.15 03:38:00.585,12.30059,12.30312,0.00,0.00
2017.05.15 03:38:00.712,12.30051,12.30312,0.00,0.00
2017.05.15 03:38:02.234,12.30052,12.30312,0.00,0.00
2017.05.15 03:38:02.288,12.30068,12.30312,0.00,0.00
2017.05.15 03:38:02.389,12.30052,12.30312,0.00,0.00
2017.05.15 03:38:03.691,12.30058,12.30312,0.00,0.00
2017.05.15 03:38:03.791,12.30052,12.30312,0.00,0.00
2017.05.15 03:38:04.621,12.30051,12.30312,0.00,0.00
2017.05.15 03:38:05.905,12.30082,12.30312,0.00,0.00
2017.05.15 03:38:57.880,12.30082,12.30311,0.00,0.00
2017.05.15 03:38:59.312,12.30048,12.30212,0.00,0.00
2017.05.15 03:38:59.413,12.30018,12.30212,0.00,0.00
2017.05.15 03:38:59.514,12.29969,12.30212,0.00,0.00
2017.05.15 03:38:59.581,12.29962,12.30212,0.00,0.00
2017.05.15 03:39:03.104,12.29968,12.30212,0.00,0.00
2017.05.15 03:39:05.095,12.29962,12.30212,0.00,0.00
2017.05.15 03:39:05.234,12.29969,12.30212,0.00,0.00
2017.05.15 03:39:06.094,12.29962,12.30212,0.00,0.00
2017.05.15 03:39:08.094,12.29968,12.30212,0.00,0.00
2017.05.15 03:39:09.095,12.29962,12.30212,0.00,0.00
2017.05.15 03:39:10.176,12.29968,12.30212,0.00,0.00
2017.05.15 03:39:11.145,12.29962,12.30212,0.00,0.00
2017.05.15 03:39:11.196,12.29968,12.30212,0.00,0.00
2017.05.15 03:39:12.095,12.29971,12.30212,0.00,0.00
2017.05.15 03:39:24.326,12.29988,12.30212,0.00,0.00
2017.05.15 03:39:24.417,12.29971,12.30212,0.00,0.00
2017.05.15 03:39:26.844,12.30062,12.30252,0.00,0.00
2017.05.15 03:39:26.945,12.30062,12.30261,0.00,0.00
2017.05.15 03:39:27.047,12.30062,12.30312,0.00,0.00
2017.05.15 03:39:35.637,12.30059,12.30239,0.00,0.00
2017.05.15 03:39:35.839,12.29972,12.30221,0.00,0.00
2017.05.15 03:39:36.136,12.29978,12.30221,0.00,0.00
2017.05.15 03:39:36.231,12.29972,12.30221,0.00,0.00
2017.05.15 03:39:43.945,12.29962,12.30219,0.00,0.00
2017.05.15 03:39:44.046,12.29968,12.30219,0.00,0.00
2017.05.15 03:39:44.097,12.29968,12.30222,0.00,0.00
2017.05.15 03:39:44.148,12.29938,12.30168,0.00,0.00
2017.05.15 03:39:44.450,12.29932,12.30171,0.00,0.00
2017.05.15 03:39:44.551,12.29929,12.30139,0.00,0.00
2017.05.15 03:39:44.653,12.29899,12.30121,0.00,0.00
2017.05.15 03:39:44.754,12.29879,12.30121,0.00,0.00
2017.05.15 03:39:44.908,12.29951,12.30121,0.00,0.00
2017.05.15 03:39:44.959,12.29962,12.30161,0.00,0.00
2017.05.15 03:39:45.141,12.29961,12.30121,0.00,0.00
2017.05.15 03:39:45.191,12.29961,12.30218,0.00,0.00
2017.05.15 03:39:45.292,12.29961,12.30192,0.00,0.00
2017.05.15 03:39:45.394,12.29961,12.30212,0.00,0.00
2017.05.15 03:39:45.444,12.29969,12.30219,0.00,0.00
2017.05.15 03:39:45.672,12.29961,12.30222,0.00,0.00
2017.05.15 03:39:47.068,12.29969,12.30222,0.00,0.00
2017.05.15 03:39:48.648,12.29961,12.30222,0.00,0.00
2017.05.15 03:39:48.949,12.29968,12.30222,0.00,0.00
2017.05.15 03:39:50.150,12.29961,12.30222,0.00,0.00
2017.05.15 03:39:50.681,12.29968,12.30222,0.00,0.00
2017.05.15 03:39:50.785,12.29961,12.30222,0.00,0.00
2017.05.15 03:39:50.851,12.29969,12.30222,0.00,0.00
2017.05.15 03:39:51.275,12.29961,12.30222,0.00,0.00
2017.05.15 03:39:51.752,12.29968,12.30222,0.00,0.00
2017.05.15 03:39:51.852,12.29961,12.30222,0.00,0.00
2017.05.15 03:39:52.052,12.29968,12.30222,0.00,0.00
2017.05.15 03:39:52.153,12.29961,12.30222,0.00,0.00
2017.05.15 03:39:52.553,12.29968,12.30222,0.00,0.00
2017.05.15 03:39:52.854,12.29961,12.30222,0.00,0.00
2017.05.15 03:39:52.954,12.29968,12.30222,0.00,0.00
2017.05.15 03:39:53.693,12.29961,12.30222,0.00,0.00
2017.05.15 03:39:53.744,12.29961,12.30212,0.00,0.00
2017.05.15 03:39:54.354,12.29969,12.30212,0.00,0.00
2017.05.15 03:39:54.956,12.29961,12.30212,0.00,0.00
2017.05.15 03:39:58.605,12.29952,12.30212,0.00,0.00
2017.05.15 03:39:59.160,12.29959,12.30212,0.00,0.00
2017.05.15 03:40:00.055,12.29968,12.30212,0.00,0.00
2017.05.15 03:40:00.106,12.29952,12.30212,0.00,0.00
2017.05.15 03:40:00.565,12.29969,12.30212,0.00,0.00
2017.05.15 03:40:00.666,12.29952,12.30212,0.00,0.00
2017.05.15 03:40:01.003,12.29969,12.30212,0.00,0.00
2017.05.15 03:40:01.063,12.29952,12.30212,0.00,0.00
2017.05.15 03:40:01.363,12.29969,12.30212,0.00,0.00
2017.05.15 03:40:01.664,12.29952,12.30212,0.00,0.00
2017.05.15 03:40:01.864,12.29968,12.30212,0.00,0.00
2017.05.15 03:40:01.965,12.29952,12.30212,0.00,0.00
2017.05.15 03:40:03.366,12.29968,12.30212,0.00,0.00
2017.05.15 03:40:04.617,12.29952,12.30212,0.00,0.00
2017.05.15 03:40:04.668,12.29969,12.30212,0.00,0.00
2017.05.15 03:40:07.016,12.29952,12.30212,0.00,0.00
2017.05.15 03:40:07.272,12.29959,12.30212,0.00,0.00
2017.05.15 03:40:12.983,12.29952,12.30212,0.00,0.00
2017.05.15 03:40:13.746,12.29958,12.30212,0.00,0.00
2017.05.15 03:40:16.089,12.29969,12.30212,0.00,0.00
2017.05.15 03:40:19.223,12.29959,12.30212,0.00,0.00
2017.05.15 03:40:27.623,12.29952,12.30212,0.00,0.00
2017.05.15 03:40:27.945,12.29959,12.30212,0.00,0.00
2017.05.15 03:40:28.714,12.29969,12.30212,0.00,0.00
2017.05.15 03:40:28.915,12.29958,12.30212,0.00,0.00
2017.05.15 03:40:30.826,12.29952,12.30212,0.00,0.00
2017.05.15 03:40:31.320,12.29968,12.30212,0.00,0.00
2017.05.15 03:40:31.766,12.29952,12.30212,0.00,0.00
2017.05.15 03:40:34.625,12.29958,12.30212,0.00,0.00
2017.05.15 03:40:37.065,12.29969,12.30212,0.00,0.00
2017.05.15 03:40:37.635,12.29952,12.30212,0.00,0.00
2017.05.15 03:40:37.833,12.29958,12.30212,0.00,0.00
2017.05.15 03:40:38.134,12.29968,12.30212,0.00,0.00
2017.05.15 03:40:39.235,12.29959,12.30212,0.00,0.00
2017.05.15 03:40:42.240,12.29952,12.30212,0.00,0.00
2017.05.15 03:40:42.342,12.29958,12.30212,0.00,0.00
2017.05.15 03:40:42.585,12.29952,12.30212,0.00,0.00
2017.05.15 03:40:43.785,12.29951,12.30212,0.00,0.00
2017.05.15 03:40:48.987,12.29952,12.30212,0.00,0.00
2017.05.15 03:40:49.274,12.29959,12.30212,0.00,0.00
2017.05.15 03:40:50.276,12.29968,12.30212,0.00,0.00
2017.05.15 03:40:53.846,12.29968,12.30239,0.00,0.00
2017.05.15 03:40:55.485,12.29968,12.30238,0.00,0.00
2017.05.15 03:40:55.586,12.29959,12.30238,0.00,0.00
2017.05.15 03:40:55.962,12.29969,12.30239,0.00,0.00
2017.05.15 03:40:56.484,12.29969,12.30238,0.00,0.00
2017.05.15 03:40:56.585,12.29951,12.30222,0.00,0.00
2017.05.15 03:40:56.764,12.29958,12.30239,0.00,0.00
2017.05.15 03:40:57.477,12.29958,12.30238,0.00,0.00
2017.05.15 03:40:57.765,12.29969,12.30238,0.00,0.00
2017.05.15 03:40:58.137,12.29952,12.30221,0.00,0.00
2017.05.15 03:40:59.102,12.29968,12.30221,0.00,0.00
2017.05.15 03:40:59.203,12.29969,12.30238,0.00,0.00
2017.05.15 03:40:59.788,12.29968,12.30238,0.00,0.00
2017.05.15 03:41:00.633,12.29968,12.30239,0.00,0.00
2017.05.15 03:41:00.879,12.29968,12.30231,0.00,0.00
2017.05.15 03:41:02.520,12.29968,12.30239,0.00,0.00
2017.05.15 03:41:02.622,12.30052,12.30262,0.00,0.00
2017.05.15 03:41:02.723,12.30052,12.30282,0.00,0.00
2017.05.15 03:41:02.774,12.30069,12.30282,0.00,0.00
2017.05.15 03:41:02.825,12.30069,12.30319,0.00,0.00
2017.05.15 03:41:03.477,12.30069,12.30328,0.00,0.00
2017.05.15 03:41:03.681,12.30069,12.30321,0.00,0.00
2017.05.15 03:41:03.929,12.30069,12.30328,0.00,0.00
2017.05.15 03:41:07.492,12.30069,12.30321,0.00,0.00
2017.05.15 03:41:08.294,12.30069,12.30328,0.00,0.00
2017.05.15 03:41:11.601,12.30069,12.30321,0.00,0.00
2017.05.15 03:41:12.002,12.30069,12.30328,0.00,0.00
2017.05.15 03:41:12.803,12.30069,12.30321,0.00,0.00
2017.05.15 03:41:14.305,12.30069,12.30328,0.00,0.00
2017.05.15 03:41:19.614,12.30069,12.30322,0.00,0.00
2017.05.15 03:41:20.432,12.30069,12.30328,0.00,0.00
2017.05.15 03:41:21.317,12.30069,12.30322,0.00,0.00
2017.05.15 03:41:21.617,12.30069,12.30328,0.00,0.00
2017.05.15 03:41:22.018,12.30069,12.30321,0.00,0.00
2017.05.15 03:41:22.119,12.30069,12.30328,0.00,0.00
2017.05.15 03:41:30.735,12.30069,12.30322,0.00,0.00
2017.05.15 03:41:30.935,12.30069,12.30328,0.00,0.00
2017.05.15 03:41:31.236,12.30069,12.30321,0.00,0.00
2017.05.15 03:41:31.437,12.30069,12.30328,0.00,0.00
2017.05.15 03:41:32.066,12.30069,12.30321,0.00,0.00
2017.05.15 03:41:32.439,12.30069,12.30328,0.00,0.00
2017.05.15 03:41:33.542,12.30069,12.30321,0.00,0.00
2017.05.15 03:41:33.691,12.30069,12.30328,0.00,0.00
2017.05.15 03:41:35.146,12.30069,12.30322,0.00,0.00
2017.05.15 03:41:35.948,12.30069,12.30328,0.00,0.00
2017.05.15 03:41:36.350,12.30069,12.30321,0.00,0.00
2017.05.15 03:41:36.751,12.30069,12.30328,0.00,0.00
2017.05.15 03:41:38.254,12.30069,12.30322,0.00,0.00
2017.05.15 03:41:38.655,12.30069,12.30328,0.00,0.00
2017.05.15 03:41:41.759,12.30069,12.30322,0.00,0.00
2017.05.15 03:41:41.859,12.30069,12.30328,0.00,0.00
2017.05.15 03:41:42.961,12.30069,12.30322,0.00,0.00
2017.05.15 03:41:43.356,12.30069,12.30328,0.00,0.00
2017.05.15 03:41:44.280,12.30069,12.30322,0.00,0.00
2017.05.15 03:41:44.663,12.30069,12.30328,0.00,0.00
2017.05.15 03:41:45.613,12.30069,12.30322,0.00,0.00
2017.05.15 03:41:45.765,12.30069,12.30328,0.00,0.00
2017.05.15 03:41:46.667,12.30069,12.30322,0.00,0.00
2017.05.15 03:41:46.767,12.30069,12.30328,0.00,0.00
2017.05.15 03:41:47.670,12.30069,12.30322,0.00,0.00
2017.05.15 03:41:50.174,12.30069,12.30341,0.00,0.00
2017.05.15 03:41:50.275,12.30069,12.30348,0.00,0.00
2017.05.15 03:41:50.574,12.30069,12.30342,0.00,0.00
2017.05.15 03:41:51.175,12.30069,12.30322,0.00,0.00
2017.05.15 03:41:51.276,12.30069,12.30349,0.00,0.00
2017.05.15 03:41:51.477,12.30069,12.30321,0.00,0.00
2017.05.15 03:41:51.578,12.30069,12.30342,0.00,0.00
2017.05.15 03:41:52.278,12.30069,12.30322,0.00,0.00
2017.05.15 03:41:52.779,12.30069,12.30349,0.00,0.00
2017.05.15 03:41:52.979,12.30069,12.30321,0.00,0.00
2017.05.15 03:41:53.589,12.30069,12.30349,0.00,0.00
2017.05.15 03:41:53.680,12.30069,12.30342,0.00,0.00
2017.05.15 03:41:56.785,12.30069,12.30349,0.00,0.00
2017.05.15 03:41:56.985,12.30069,12.30342,0.00,0.00
2017.05.15 03:41:57.223,12.30069,12.30349,0.00,0.00
2017.05.15 03:41:57.385,12.30069,12.30322,0.00,0.00
2017.05.15 03:41:58.787,12.30069,12.30349,0.00,0.00
2017.05.15 03:41:58.889,12.30069,12.30342,0.00,0.00
2017.05.15 03:41:59.191,12.30069,12.30349,0.00,0.00
2017.05.15 03:41:59.789,12.30069,12.30341,0.00,0.00
2017.05.15 03:42:00.391,12.30069,12.30321,0.00,0.00
2017.05.15 03:42:00.492,12.30069,12.30342,0.00,0.00
2017.05.15 03:42:00.593,12.30069,12.30349,0.00,0.00
2017.05.15 03:42:00.792,12.30069,12.30321,0.00,0.00
2017.05.15 03:42:00.898,12.30069,12.30342,0.00,0.00
2017.05.15 03:42:00.992,12.30069,12.30322,0.00,0.00
2017.05.15 03:42:01.093,12.30069,12.30342,0.00,0.00
2017.05.15 03:42:01.493,12.30069,12.30321,0.00,0.00
2017.05.15 03:42:01.694,12.30069,12.30342,0.00,0.00
2017.05.15 03:42:01.994,12.30069,12.30322,0.00,0.00
2017.05.15 03:42:02.831,12.30051,12.30322,0.00,0.00
2017.05.15 03:42:02.934,12.30068,12.30348,0.00,0.00
2017.05.15 03:42:03.035,12.30058,12.30342,0.00,0.00
2017.05.15 03:42:03.096,12.30052,12.30322,0.00,0.00
2017.05.15 03:42:04.698,12.30068,12.30348,0.00,0.00
2017.05.15 03:42:04.798,12.30058,12.30342,0.00,0.00
2017.05.15 03:42:04.899,12.30069,12.30348,0.00,0.00
2017.05.15 03:42:05.299,12.30052,12.30321,0.00,0.00
2017.05.15 03:42:06.201,12.30069,12.30348,0.00,0.00
2017.05.15 03:42:06.300,12.30058,12.30342,0.00,0.00
2017.05.15 03:42:07.503,12.30068,12.30348,0.00,0.00
2017.05.15 03:42:08.004,12.30052,12.30321,0.00,0.00
2017.05.15 03:42:08.104,12.30059,12.30341,0.00,0.00
2017.05.15 03:42:08.926,12.30068,12.30349,0.00,0.00
2017.05.15 03:42:14.849,12.30051,12.30321,0.00,0.00
2017.05.15 03:42:15.616,12.30069,12.30349,0.00,0.00
2017.05.15 03:42:15.716,12.30058,12.30342,0.00,0.00
2017.05.15 03:42:16.119,12.30068,12.30349,0.00,0.00
2017.05.15 03:42:16.216,12.30058,12.30342,0.00,0.00
2017.05.15 03:42:16.817,12.30051,12.30322,0.00,0.00
2017.05.15 03:42:18.218,12.30068,12.30349,0.00,0.00
2017.05.15 03:42:18.919,12.30051,12.30321,0.00,0.00
2017.05.15 03:42:19.019,12.30059,12.30341,0.00,0.00
2017.05.15 03:42:19.220,12.30069,12.30349,0.00,0.00
2017.05.15 03:42:21.223,12.30051,12.30321,0.00,0.00
2017.05.15 03:42:22.624,12.30068,12.30349,0.00,0.00
2017.05.15 03:42:23.726,12.30051,12.30321,0.00,0.00
2017.05.15 03:42:23.826,12.30059,12.30341,0.00,0.00
2017.05.15 03:42:24.828,12.30051,12.30321,0.00,0.00
2017.05.15 03:42:25.129,12.30058,12.30342,0.00,0.00
2017.05.15 03:42:25.931,12.30051,12.30322,0.00,0.00
2017.05.15 03:42:26.232,12.30068,12.30349,0.00,0.00
2017.05.15 03:42:26.432,12.30058,12.30342,0.00,0.00
2017.05.15 03:42:26.533,12.30051,12.30321,0.00,0.00
2017.05.15 03:42:26.933,12.30068,12.30349,0.00,0.00
2017.05.15 03:42:27.134,12.30059,12.30341,0.00,0.00
2017.05.15 03:42:27.434,12.30051,12.30322,0.00,0.00
2017.05.15 03:42:27.936,12.30068,12.30349,0.00,0.00
2017.05.15 03:42:28.155,12.30051,12.30322,0.00,0.00
2017.05.15 03:42:28.663,12.30068,12.30349,0.00,0.00
2017.05.15 03:42:28.738,12.30058,12.30342,0.00,0.00
2017.05.15 03:42:28.938,12.30068,12.30349,0.00,0.00
2017.05.15 03:42:29.239,12.30051,12.30322,0.00,0.00
2017.05.15 03:42:29.652,12.30068,12.30349,0.00,0.00
2017.05.15 03:42:30.415,12.30068,12.30348,0.00,0.00
2017.05.15 03:42:30.465,12.30051,12.30321,0.00,0.00
2017.05.15 03:42:31.253,12.30052,12.30321,0.00,0.00
2017.05.15 03:42:33.284,12.30051,12.30321,0.00,0.00
2017.05.15 03:42:33.445,12.30058,12.30342,0.00,0.00
2017.05.15 03:42:35.447,12.30051,12.30332,0.00,0.00
2017.05.15 03:42:36.257,12.30051,12.30322,0.00,0.00
2017.05.15 03:42:36.348,12.30059,12.30341,0.00,0.00
2017.05.15 03:42:37.182,12.30052,12.30321,0.00,0.00
2017.05.15 03:42:37.283,12.30052,12.30332,0.00,0.00
2017.05.15 03:42:37.575,12.30052,12.30322,0.00,0.00
2017.05.15 03:42:37.751,12.30059,12.30341,0.00,0.00
2017.05.15 03:42:37.851,12.30052,12.30321,0.00,0.00
2017.05.15 03:42:38.652,12.30058,12.30342,0.00,0.00
2017.05.15 03:42:38.897,12.30052,12.30331,0.00,0.00
2017.05.15 03:42:39.353,12.30052,12.30322,0.00,0.00
2017.05.15 03:42:39.558,12.30052,12.30332,0.00,0.00
2017.05.15 03:42:39.653,12.30059,12.30341,0.00,0.00
2017.05.15 03:42:40.254,12.30052,12.30321,0.00,0.00
2017.05.15 03:42:40.492,12.30052,12.30332,0.00,0.00
2017.05.15 03:42:40.593,12.30059,12.30341,0.00,0.00
2017.05.15 03:42:43.563,12.30052,12.30332,0.00,0.00
2017.05.15 03:42:43.720,12.30059,12.30341,0.00,0.00
2017.05.15 03:42:43.960,12.30051,12.30322,0.00,0.00
2017.05.15 03:42:44.178,12.30058,12.30342,0.00,0.00
2017.05.15 03:42:44.509,12.30052,12.30322,0.00,0.00
2017.05.15 03:42:44.560,12.30052,12.30331,0.00,0.00
2017.05.15 03:42:44.709,12.30058,12.30342,0.00,0.00
2017.05.15 03:42:44.861,12.30051,12.30322,0.00,0.00
2017.05.15 03:42:44.961,12.30068,12.30349,0.00,0.00
2017.05.15 03:42:45.780,12.30068,12.30348,0.00,0.00
2017.05.15 03:42:47.310,12.30068,12.30349,0.00,0.00
2017.05.15 03:42:47.361,12.30152,12.30352,0.00,0.00
2017.05.15 03:42:47.613,12.30169,12.30421,0.00,0.00
2017.05.15 03:42:47.667,12.30169,12.30441,0.00,0.00
2017.05.15 03:42:47.818,12.30178,12.30441,0.00,0.00
2017.05.15 03:42:48.169,12.30178,12.30448,0.00,0.00
2017.05.15 03:42:48.268,12.30178,12.30442,0.00,0.00
2017.05.15 03:42:48.586,12.30178,12.30448,0.00,0.00
2017.05.15 03:42:50.119,12.30178,12.30442,0.00,0.00
2017.05.15 03:42:50.571,12.30178,12.30448,0.00,0.00
2017.05.15 03:42:59.184,12.30178,12.30442,0.00,0.00
2017.05.15 03:43:00.207,12.30178,12.30448,0.00,0.00
2017.05.15 03:43:00.286,12.30178,12.30432,0.00,0.00
2017.05.15 03:43:02.738,12.30178,12.30422,0.00,0.00
2017.05.15 03:43:04.291,12.30178,12.30432,0.00,0.00
2017.05.15 03:43:04.392,12.30178,12.30422,0.00,0.00
2017.05.15 03:43:07.898,12.30178,12.30432,0.00,0.00
2017.05.15 03:43:09.001,12.30178,12.30439,0.00,0.00
2017.05.15 03:43:09.201,12.30178,12.30431,0.00,0.00
2017.05.15 03:43:10.403,12.30178,12.30439,0.00,0.00
2017.05.15 03:43:11.013,12.30169,12.30338,0.00,0.00
2017.05.15 03:43:11.063,12.30169,12.30349,0.00,0.00
2017.05.15 03:43:11.114,12.30178,12.30411,0.00,0.00
2017.05.15 03:43:11.215,12.30178,12.30361,0.00,0.00
2017.05.15 03:43:11.316,12.30178,12.30401,0.00,0.00
2017.05.15 03:43:11.417,12.30178,12.30438,0.00,0.00
2017.05.15 03:43:11.738,12.30178,12.30422,0.00,0.00
2017.05.15 03:43:12.107,12.30178,12.30438,0.00,0.00
2017.05.15 03:43:12.369,12.30178,12.30422,0.00,0.00
2017.05.15 03:43:12.421,12.30178,12.30438,0.00,0.00
2017.05.15 03:43:12.847,12.30169,12.30358,0.00,0.00
2017.05.15 03:43:12.948,12.30138,12.30348,0.00,0.00
2017.05.15 03:43:13.049,12.30101,12.30339,0.00,0.00
2017.05.15 03:43:13.100,12.30178,12.30362,0.00,0.00
2017.05.15 03:43:13.356,12.30178,12.30421,0.00,0.00
2017.05.15 03:43:13.410,12.30178,12.30439,0.00,0.00
2017.05.15 03:43:13.789,12.30178,12.30421,0.00,0.00
2017.05.15 03:43:14.812,12.30178,12.30439,0.00,0.00
2017.05.15 03:43:15.213,12.30178,12.30421,0.00,0.00
2017.05.15 03:43:16.025,12.30178,12.30438,0.00,0.00
2017.05.15 03:43:16.145,12.30189,12.30439,0.00,0.00
2017.05.15 03:43:16.514,12.30189,12.30432,0.00,0.00
2017.05.15 03:43:16.714,12.30189,12.30438,0.00,0.00
2017.05.15 03:43:18.447,12.30189,12.30422,0.00,0.00
2017.05.15 03:43:19.118,12.30189,12.30431,0.00,0.00
2017.05.15 03:43:19.218,12.30189,12.30438,0.00,0.00
2017.05.15 03:43:19.818,12.30189,12.30421,0.00,0.00
2017.05.15 03:43:19.918,12.30189,12.30438,0.00,0.00
2017.05.15 03:43:21.220,12.30189,12.30422,0.00,0.00
2017.05.15 03:43:21.366,12.30189,12.30438,0.00,0.00
2017.05.15 03:43:22.027,12.30189,12.30421,0.00,0.00
2017.05.15 03:43:22.723,12.30189,12.30438,0.00,0.00
2017.05.15 03:43:23.023,12.30189,12.30422,0.00,0.00
2017.05.15 03:43:23.224,12.30189,12.30438,0.00,0.00
2017.05.15 03:43:23.725,12.30189,12.30421,0.00,0.00
2017.05.15 03:43:23.825,12.30189,12.30439,0.00,0.00
2017.05.15 03:43:25.127,12.30189,12.30422,0.00,0.00
2017.05.15 03:43:25.227,12.30189,12.30439,0.00,0.00
2017.05.15 03:43:25.658,12.30189,12.30422,0.00,0.00
2017.05.15 03:43:25.928,12.30189,12.30439,0.00,0.00
2017.05.15 03:43:29.836,12.30189,12.30422,0.00,0.00
2017.05.15 03:43:30.537,12.30189,12.30438,0.00,0.00
2017.05.15 03:43:30.837,12.30189,12.30422,0.00,0.00
2017.05.15 03:43:30.939,12.30189,12.30438,0.00,0.00
2017.05.15 03:43:31.315,12.30189,12.30421,0.00,0.00
2017.05.15 03:43:31.439,12.30189,12.30438,0.00,0.00
2017.05.15 03:43:32.259,12.30189,12.30431,0.00,0.00
2017.05.15 03:43:32.343,12.30189,12.30438,0.00,0.00
2017.05.15 03:43:32.689,12.30189,12.30432,0.00,0.00
2017.05.15 03:43:32.744,12.30189,12.30439,0.00,0.00
2017.05.15 03:43:32.946,12.30189,12.30432,0.00,0.00
2017.05.15 03:43:33.044,12.30189,12.30439,0.00,0.00
2017.05.15 03:43:34.174,12.30189,12.30438,0.00,0.00
2017.05.15 03:43:34.347,12.30189,12.30432,0.00,0.00
2017.05.15 03:43:39.254,12.30189,12.30439,0.00,0.00
2017.05.15 03:43:40.259,12.30179,12.30439,0.00,0.00
2017.05.15 03:43:41.758,12.30179,12.30431,0.00,0.00
2017.05.15 03:43:41.859,12.30179,12.30439,0.00,0.00
2017.05.15 03:43:42.555,12.30179,12.30438,0.00,0.00
2017.05.15 03:43:43.163,12.30179,12.30439,0.00,0.00
2017.05.15 03:43:46.725,12.30179,12.30438,0.00,0.00
2017.05.15 03:43:47.455,12.30179,12.30439,0.00,0.00
2017.05.15 03:43:49.270,12.30179,12.30429,0.00,0.00
2017.05.15 03:44:00.145,12.30179,12.30428,0.00,0.00
2017.05.15 03:44:02.944,12.30179,12.30419,0.00,0.00
2017.05.15 03:44:33.696,12.30179,12.30328,0.00,0.00
2017.05.15 03:44:33.747,12.30168,12.30328,0.00,0.00
2017.05.15 03:44:33.848,12.30158,12.30328,0.00,0.00
2017.05.15 03:44:33.949,12.30089,12.30328,0.00,0.00
2017.05.15 03:44:45.797,12.30121,12.30328,0.00,0.00
2017.05.15 03:44:45.999,12.30098,12.30329,0.00,0.00
2017.05.15 03:44:46.153,12.30089,12.30329,0.00,0.00
2017.05.15 03:44:54.815,12.30121,12.30329,0.00,0.00
2017.05.15 03:44:54.866,12.30138,12.30351,0.00,0.00
2017.05.15 03:44:54.967,12.30121,12.30329,0.00,0.00
2017.05.15 03:44:55.505,12.30122,12.30329,0.00,0.00
2017.05.15 03:44:56.027,12.30121,12.30329,0.00,0.00
2017.05.15 03:44:57.517,12.30151,12.30329,0.00,0.00
2017.05.15 03:44:57.568,12.30152,12.30381,0.00,0.00
2017.05.15 03:44:57.669,12.30138,12.30379,0.00,0.00
2017.05.15 03:44:57.719,12.30141,12.30379,0.00,0.00
2017.05.15 03:44:57.770,12.30158,12.30419,0.00,0.00
2017.05.15 03:44:57.821,12.30188,12.30419,0.00,0.00
2017.05.15 03:44:58.174,12.30188,12.30412,0.00,0.00
2017.05.15 03:44:58.275,12.30188,12.30419,0.00,0.00
2017.05.15 03:45:35.873,12.30188,12.30428,0.00,0.00
2017.05.15 03:45:46.609,12.30188,12.30431,0.00,0.00
2017.05.15 03:45:49.336,12.30251,12.30431,0.00,0.00
2017.05.15 03:45:49.387,12.30242,12.30431,0.00,0.00
2017.05.15 03:45:49.437,12.30188,12.30439,0.00,0.00
2017.05.15 03:45:49.539,12.30198,12.30438,0.00,0.00
2017.05.15 03:45:49.640,12.30188,12.30439,0.00,0.00
2017.05.15 03:45:49.744,12.30188,12.30432,0.00,0.00
2017.05.15 03:45:50.055,12.30188,12.30439,0.00,0.00
2017.05.15 03:45:50.138,12.30188,12.30432,0.00,0.00
2017.05.15 03:45:55.096,12.30188,12.30438,0.00,0.00
2017.05.15 03:45:55.197,12.30188,12.30421,0.00,0.00
2017.05.15 03:45:55.649,12.30188,12.30439,0.00,0.00
2017.05.15 03:45:59.709,12.30188,12.30438,0.00,0.00
2017.05.15 03:45:59.955,12.30188,12.30421,0.00,0.00
2017.05.15 03:46:03.260,12.30188,12.30438,0.00,0.00
2017.05.15 03:46:03.855,12.30188,12.30439,0.00,0.00
2017.05.15 03:46:03.975,12.30188,12.30421,0.00,0.00
2017.05.15 03:46:04.460,12.30188,12.30431,0.00,0.00
2017.05.15 03:46:04.561,12.30188,12.30439,0.00,0.00
2017.05.15 03:46:05.086,12.30188,12.30438,0.00,0.00
2017.05.15 03:46:05.363,12.30188,12.30421,0.00,0.00
2017.05.15 03:46:06.106,12.30188,12.30439,0.00,0.00
2017.05.15 03:46:06.664,12.30188,12.30438,0.00,0.00
2017.05.15 03:46:06.765,12.30188,12.30421,0.00,0.00
2017.05.15 03:46:07.076,12.30188,12.30439,0.00,0.00
2017.05.15 03:46:07.960,12.30188,12.30438,0.00,0.00
2017.05.15 03:46:08.545,12.30188,12.30439,0.00,0.00
2017.05.15 03:46:10.294,12.30188,12.30438,0.00,0.00
2017.05.15 03:46:10.604,12.30188,12.30422,0.00,0.00
2017.05.15 03:46:10.870,12.30188,12.30439,0.00,0.00
2017.05.15 03:46:10.971,12.30188,12.30421,0.00,0.00
2017.05.15 03:46:11.597,12.30188,12.30439,0.00,0.00
2017.05.15 03:46:13.615,12.30188,12.30421,0.00,0.00
2017.05.15 03:46:13.726,12.30188,12.30439,0.00,0.00
2017.05.15 03:46:16.826,12.30188,12.30438,0.00,0.00
2017.05.15 03:46:17.377,12.30188,12.30439,0.00,0.00
2017.05.15 03:46:17.896,12.30188,12.30438,0.00,0.00
2017.05.15 03:46:21.934,12.30188,12.30439,0.00,0.00
2017.05.15 03:46:21.985,12.30239,12.30442,0.00,0.00
2017.05.15 03:46:22.187,12.30289,12.30521,0.00,0.00
2017.05.15 03:46:22.284,12.30289,12.30538,0.00,0.00
2017.05.15 03:46:23.188,12.30289,12.30532,0.00,0.00
2017.05.15 03:46:24.587,12.30289,12.30538,0.00,0.00
2017.05.15 03:46:25.254,12.30289,12.30539,0.00,0.00
2017.05.15 03:46:25.414,12.30289,12.30522,0.00,0.00
2017.05.15 03:46:26.289,12.30289,12.30538,0.00,0.00
2017.05.15 03:46:26.490,12.30289,12.30532,0.00,0.00
2017.05.15 03:46:28.217,12.30289,12.30539,0.00,0.00
2017.05.15 03:46:29.994,12.30289,12.30532,0.00,0.00
2017.05.15 03:46:30.095,12.30289,12.30539,0.00,0.00
2017.05.15 03:46:30.196,12.30289,12.30532,0.00,0.00
2017.05.15 03:46:30.995,12.30289,12.30521,0.00,0.00
2017.05.15 03:46:31.097,12.30289,12.30532,0.00,0.00
2017.05.15 03:46:31.196,12.30289,12.30538,0.00,0.00
2017.05.15 03:46:31.596,12.30289,12.30531,0.00,0.00
2017.05.15 03:46:31.897,12.30289,12.30539,0.00,0.00
2017.05.15 03:46:33.398,12.30289,12.30531,0.00,0.00
2017.05.15 03:46:36.615,12.30279,12.30531,0.00,0.00
2017.05.15 03:46:36.716,12.30279,12.30538,0.00,0.00
2017.05.15 03:46:37.002,12.30279,12.30522,0.00,0.00
2017.05.15 03:46:39.208,12.30279,12.30531,0.00,0.00
2017.05.15 03:46:39.406,12.30279,12.30522,0.00,0.00
2017.05.15 03:46:40.307,12.30279,12.30531,0.00,0.00
2017.05.15 03:46:40.526,12.30279,12.30538,0.00,0.00
2017.05.15 03:46:40.846,12.30279,12.30532,0.00,0.00
2017.05.15 03:46:41.208,12.30279,12.30522,0.00,0.00
2017.05.15 03:46:42.509,12.30279,12.30539,0.00,0.00
2017.05.15 03:46:45.213,12.30279,12.30521,0.00,0.00
2017.05.15 03:46:45.313,12.30279,12.30531,0.00,0.00
2017.05.15 03:46:45.815,12.30279,12.30539,0.00,0.00
2017.05.15 03:46:46.014,12.30279,12.30521,0.00,0.00
2017.05.15 03:46:46.182,12.30279,12.30531,0.00,0.00
2017.05.15 03:46:47.129,12.30279,12.30521,0.00,0.00
2017.05.15 03:46:47.216,12.30279,12.30531,0.00,0.00
2017.05.15 03:46:48.448,12.30279,12.30522,0.00,0.00
2017.05.15 03:46:48.518,12.30279,12.30531,0.00,0.00
2017.05.15 03:46:48.818,12.30279,12.30522,0.00,0.00
2017.05.15 03:46:49.119,12.30279,12.30539,0.00,0.00
2017.05.15 03:46:49.731,12.30279,12.30538,0.00,0.00
2017.05.15 03:46:50.621,12.30279,12.30522,0.00,0.00
2017.05.15 03:46:50.721,12.30279,12.30532,0.00,0.00
2017.05.15 03:46:50.921,12.30279,12.30521,0.00,0.00
2017.05.15 03:46:51.222,12.30279,12.30532,0.00,0.00
2017.05.15 03:46:51.322,12.30279,12.30539,0.00,0.00
2017.05.15 03:46:52.038,12.30279,12.30538,0.00,0.00
2017.05.15 03:46:52.139,12.30279,12.30531,0.00,0.00
2017.05.15 03:46:52.223,12.30279,12.30538,0.00,0.00
2017.05.15 03:46:52.905,12.30279,12.30539,0.00,0.00
2017.05.15 03:46:53.006,12.30268,12.30539,0.00,0.00
2017.05.15 03:46:53.057,12.30268,12.30522,0.00,0.00
2017.05.15 03:46:53.158,12.30268,12.30539,0.00,0.00
2017.05.15 03:46:53.325,12.30268,12.30521,0.00,0.00
2017.05.15 03:46:53.743,12.30268,12.30539,0.00,0.00
2017.05.15 03:46:53.926,12.30268,12.30521,0.00,0.00
2017.05.15 03:46:54.427,12.30268,12.30539,0.00,0.00
2017.05.15 03:46:55.015,12.30268,12.30538,0.00,0.00
2017.05.15 03:46:55.594,12.30268,12.30539,0.00,0.00
2017.05.15 03:46:55.746,12.30268,12.30532,0.00,0.00
2017.05.15 03:46:56.056,12.30269,12.30538,0.00,0.00
2017.05.15 03:46:56.620,12.30268,12.30538,0.00,0.00
2017.05.15 03:46:58.924,12.30268,12.30539,0.00,0.00
2017.05.15 03:46:59.495,12.30268,12.30538,0.00,0.00
2017.05.15 03:46:59.546,12.30268,12.30521,0.00,0.00
2017.05.15 03:46:59.976,12.30268,12.30539,0.00,0.00
2017.05.15 03:47:01.535,12.30268,12.30532,0.00,0.00
2017.05.15 03:47:04.465,12.30268,12.30538,0.00,0.00
2017.05.15 03:47:04.540,12.30268,12.30521,0.00,0.00
2017.05.15 03:47:06.056,12.30268,12.30532,0.00,0.00
2017.05.15 03:47:06.157,12.30268,12.30541,0.00,0.00
2017.05.15 03:47:06.543,12.30268,12.30532,0.00,0.00
2017.05.15 03:47:06.644,12.30268,12.30542,0.00,0.00
2017.05.15 03:47:10.448,12.30268,12.30541,0.00,0.00
2017.05.15 03:47:11.902,12.30268,12.30519,0.00,0.00
2017.05.15 03:47:12.155,12.30268,12.30542,0.00,0.00
2017.05.15 03:47:12.889,12.30268,12.30521,0.00,0.00
2017.05.15 03:47:12.995,12.30268,12.30541,0.00,0.00
2017.05.15 03:47:15.033,12.30268,12.30531,0.00,0.00
2017.05.15 03:47:19.063,12.30268,12.30512,0.00,0.00
2017.05.15 03:47:19.164,12.30268,12.30532,0.00,0.00
2017.05.15 03:47:19.364,12.30268,12.30511,0.00,0.00
2017.05.15 03:47:19.965,12.30268,12.30521,0.00,0.00
2017.05.15 03:47:20.395,12.30268,12.30512,0.00,0.00
2017.05.15 03:47:20.666,12.30268,12.30521,0.00,0.00
2017.05.15 03:47:21.067,12.30268,12.30512,0.00,0.00
2017.05.15 03:47:21.168,12.30268,12.30521,0.00,0.00
2017.05.15 03:47:21.268,12.30268,12.30512,0.00,0.00
2017.05.15 03:47:21.915,12.30268,12.30541,0.00,0.00
2017.05.15 03:47:30.796,12.30268,12.30532,0.00,0.00
2017.05.15 03:47:31.363,12.30268,12.30512,0.00,0.00
2017.05.15 03:47:34.109,12.30268,12.30511,0.00,0.00
2017.05.15 03:47:34.327,12.30268,12.30541,0.00,0.00
2017.05.15 03:47:36.827,12.30268,12.30512,0.00,0.00
2017.05.15 03:47:37.626,12.30268,12.30531,0.00,0.00
2017.05.15 03:47:37.727,12.30268,12.30512,0.00,0.00
2017.05.15 03:47:37.924,12.30268,12.30532,0.00,0.00
2017.05.15 03:47:38.025,12.30268,12.30512,0.00,0.00
2017.05.15 03:47:39.201,12.30268,12.30532,0.00,0.00
2017.05.15 03:47:40.345,12.30268,12.30512,0.00,0.00
2017.05.15 03:47:42.805,12.30268,12.30522,0.00,0.00
2017.05.15 03:47:42.905,12.30268,12.30542,0.00,0.00
2017.05.15 03:47:44.167,12.30342,12.30542,0.00,0.00
2017.05.15 03:47:44.218,12.30342,12.30551,0.00,0.00
2017.05.15 03:47:44.319,12.30368,12.30602,0.00,0.00
2017.05.15 03:47:44.420,12.30368,12.30612,0.00,0.00
2017.05.15 03:47:44.521,12.30368,12.30632,0.00,0.00
2017.05.15 03:47:44.622,12.30368,12.30602,0.00,0.00
2017.05.15 03:47:44.723,12.30332,12.30598,0.00,0.00
2017.05.15 03:47:44.824,12.30331,12.30592,0.00,0.00
2017.05.15 03:47:45.145,12.30321,12.30582,0.00,0.00
2017.05.15 03:47:45.643,12.30321,12.30589,0.00,0.00
2017.05.15 03:47:46.055,12.30321,12.30581,0.00,0.00
2017.05.15 03:47:46.110,12.30321,12.30589,0.00,0.00
2017.05.15 03:47:46.369,12.30321,12.30582,0.00,0.00
2017.05.15 03:47:46.915,12.30322,12.30582,0.00,0.00
2017.05.15 03:47:48.125,12.30321,12.30582,0.00,0.00
2017.05.15 03:47:48.764,12.30321,12.30589,0.00,0.00
2017.05.15 03:47:48.945,12.30321,12.30581,0.00,0.00
2017.05.15 03:47:49.215,12.30328,12.30589,0.00,0.00
2017.05.15 03:47:49.565,12.30321,12.30589,0.00,0.00
2017.05.15 03:47:49.936,12.30349,12.30539,0.00,0.00
2017.05.15 03:47:50.087,12.30299,12.30538,0.00,0.00
2017.05.15 03:47:50.765,12.30299,12.30539,0.00,0.00
2017.05.15 03:47:52.176,12.30299,12.30538,0.00,0.00
2017.05.15 03:47:54.835,12.30299,12.30539,0.00,0.00
2017.05.15 03:47:55.327,12.30299,12.30522,0.00,0.00
2017.05.15 03:47:59.031,12.30299,12.30539,0.00,0.00
2017.05.15 03:48:00.015,12.30299,12.30538,0.00,0.00
2017.05.15 03:48:00.066,12.30299,12.30522,0.00,0.00
2017.05.15 03:48:00.176,12.30299,12.30538,0.00,0.00
2017.05.15 03:48:00.687,12.30301,12.30539,0.00,0.00
2017.05.15 03:48:00.738,12.30299,12.30538,0.00,0.00
2017.05.15 03:48:01.385,12.30299,12.30539,0.00,0.00
2017.05.15 03:48:01.827,12.30302,12.30538,0.00,0.00
2017.05.15 03:48:02.437,12.30301,12.30539,0.00,0.00
2017.05.15 03:48:03.039,12.30302,12.30538,0.00,0.00
2017.05.15 03:48:03.997,12.30301,12.30539,0.00,0.00
2017.05.15 03:48:04.148,12.30299,12.30539,0.00,0.00
2017.05.15 03:48:07.048,12.30299,12.30532,0.00,0.00
2017.05.15 03:48:08.350,12.30299,12.30539,0.00,0.00
2017.05.15 03:48:13.669,12.30299,12.30522,0.00,0.00
2017.05.15 03:48:15.305,12.30299,12.30539,0.00,0.00
2017.05.15 03:48:16.165,12.30299,12.30531,0.00,0.00
2017.05.15 03:48:17.675,12.30299,12.30522,0.00,0.00
2017.05.15 03:48:18.469,12.30299,12.30532,0.00,0.00
2017.05.15 03:48:22.995,12.30299,12.30538,0.00,0.00
2017.05.15 03:48:24.896,12.30299,12.30532,0.00,0.00
2017.05.15 03:48:25.269,12.30299,12.30522,0.00,0.00
2017.05.15 03:48:25.485,12.30299,12.30539,0.00,0.00
2017.05.15 03:48:26.004,12.30299,12.30538,0.00,0.00
2017.05.15 03:48:26.415,12.30299,12.30522,0.00,0.00
2017.05.15 03:48:26.693,12.30299,12.30531,0.00,0.00
2017.05.15 03:48:30.326,12.30289,12.30531,0.00,0.00
2017.05.15 03:48:30.427,12.30289,12.30539,0.00,0.00
2017.05.15 03:48:33.185,12.30289,12.30548,0.00,0.00
2017.05.15 03:48:33.795,12.30289,12.30542,0.00,0.00
2017.05.15 03:48:35.097,12.30289,12.30549,0.00,0.00
2017.05.15 03:48:39.557,12.30269,12.30532,0.00,0.00
2017.05.15 03:48:39.709,12.30278,12.30532,0.00,0.00
2017.05.15 03:48:39.810,12.30258,12.30532,0.00,0.00
2017.05.15 03:48:40.506,12.30278,12.30532,0.00,0.00
2017.05.15 03:48:44.715,12.30249,12.30531,0.00,0.00
2017.05.15 03:48:45.435,12.30242,12.30521,0.00,0.00
2017.05.15 03:48:47.013,12.30258,12.30532,0.00,0.00
2017.05.15 03:48:47.313,12.30242,12.30521,0.00,0.00
2017.05.15 03:48:48.014,12.30269,12.30532,0.00,0.00
2017.05.15 03:48:48.158,12.30242,12.30522,0.00,0.00
2017.05.15 03:48:49.746,12.30248,12.30532,0.00,0.00
2017.05.15 03:48:53.048,12.30258,12.30532,0.00,0.00
2017.05.15 03:48:53.422,12.30242,12.30502,0.00,0.00
2017.05.15 03:48:53.835,12.30242,12.30491,0.00,0.00
2017.05.15 03:48:55.625,12.30242,12.30521,0.00,0.00
2017.05.15 03:48:56.926,12.30242,12.30501,0.00,0.00
2017.05.15 03:48:57.068,12.30242,12.30522,0.00,0.00
2017.05.15 03:48:57.528,12.30242,12.30492,0.00,0.00
2017.05.15 03:48:58.429,12.30242,12.30521,0.00,0.00
2017.05.15 03:48:59.130,12.30242,12.30501,0.00,0.00
2017.05.15 03:49:03.836,12.30242,12.30521,0.00,0.00
2017.05.15 03:49:04.138,12.30248,12.30532,0.00,0.00
2017.05.15 03:49:04.255,12.30242,12.30522,0.00,0.00
2017.05.15 03:49:04.610,12.30242,12.30502,0.00,0.00
2017.05.15 03:49:04.661,12.30242,12.30521,0.00,0.00
2017.05.15 03:49:04.762,12.30242,12.30501,0.00,0.00
2017.05.15 03:49:05.270,12.30242,12.30502,0.00,0.00
2017.05.15 03:49:13.151,12.30242,12.30492,0.00,0.00
2017.05.15 03:49:14.566,12.30242,12.30501,0.00,0.00
2017.05.15 03:49:15.455,12.30242,12.30492,0.00,0.00
2017.05.15 03:49:15.556,12.30242,12.30502,0.00,0.00
2017.05.15 03:49:15.885,12.30242,12.30492,0.00,0.00
2017.05.15 03:49:19.187,12.30242,12.30502,0.00,0.00
2017.05.15 03:49:19.961,12.30242,12.30521,0.00,0.00
2017.05.15 03:49:20.506,12.30242,12.30501,0.00,0.00
2017.05.15 03:49:21.404,12.30242,12.30521,0.00,0.00
2017.05.15 03:49:21.779,12.30242,12.30492,0.00,0.00
2017.05.15 03:49:21.880,12.30242,12.30522,0.00,0.00
2017.05.15 03:49:23.668,12.30242,12.30512,0.00,0.00
2017.05.15 03:49:23.905,12.30242,12.30522,0.00,0.00
2017.05.15 03:49:24.168,12.30242,12.30511,0.00,0.00
2017.05.15 03:49:24.971,12.30242,12.30521,0.00,0.00
2017.05.15 03:49:26.195,12.30242,12.30512,0.00,0.00
2017.05.15 03:49:26.727,12.30242,12.30492,0.00,0.00
2017.05.15 03:49:29.191,12.30242,12.30512,0.00,0.00
2017.05.15 03:49:29.292,12.30242,12.30491,0.00,0.00
2017.05.15 03:49:29.777,12.30242,12.30521,0.00,0.00
2017.05.15 03:49:29.878,12.30242,12.30501,0.00,0.00
2017.05.15 03:49:29.978,12.30242,12.30521,0.00,0.00
2017.05.15 03:49:30.079,12.30242,12.30491,0.00,0.00
2017.05.15 03:49:30.579,12.30242,12.30501,0.00,0.00
2017.05.15 03:49:30.679,12.30242,12.30491,0.00,0.00
2017.05.15 03:49:33.114,12.30242,12.30521,0.00,0.00
2017.05.15 03:49:35.084,12.30242,12.30491,0.00,0.00
2017.05.15 03:49:35.185,12.30242,12.30512,0.00,0.00
2017.05.15 03:49:35.585,12.30242,12.30491,0.00,0.00
2017.05.15 03:49:37.087,12.30242,12.30521,0.00,0.00
2017.05.15 03:49:38.330,12.30242,12.30491,0.00,0.00
2017.05.15 03:49:38.589,12.30242,12.30511,0.00,0.00
2017.05.15 03:49:38.992,12.30242,12.30492,0.00,0.00
2017.05.15 03:49:39.090,12.30242,12.30502,0.00,0.00
2017.05.15 03:49:39.190,12.30242,12.30511,0.00,0.00
2017.05.15 03:49:39.415,12.30242,12.30502,0.00,0.00
2017.05.15 03:49:39.791,12.30242,12.30511,0.00,0.00
2017.05.15 03:49:39.891,12.30242,12.30492,0.00,0.00
2017.05.15 03:49:39.992,12.30242,12.30511,0.00,0.00
2017.05.15 03:49:40.092,12.30242,12.30502,0.00,0.00
2017.05.15 03:49:40.793,12.30242,12.30511,0.00,0.00
2017.05.15 03:49:41.695,12.30242,12.30492,0.00,0.00
2017.05.15 03:49:41.795,12.30242,12.30502,0.00,0.00
2017.05.15 03:49:43.998,12.30242,12.30511,0.00,0.00
2017.05.15 03:49:44.098,12.30242,12.30502,0.00,0.00
2017.05.15 03:49:44.199,12.30242,12.30511,0.00,0.00
2017.05.15 03:49:44.300,12.30271,12.30511,0.00,0.00
2017.05.15 03:49:44.603,12.30271,12.30502,0.00,0.00
2017.05.15 03:49:44.704,12.30271,12.30511,0.00,0.00
2017.05.15 03:49:44.935,12.30271,12.30502,0.00,0.00
2017.05.15 03:49:45.301,12.30271,12.30511,0.00,0.00
2017.05.15 03:49:45.601,12.30271,12.30492,0.00,0.00
2017.05.15 03:49:45.702,12.30271,12.30502,0.00,0.00
2017.05.15 03:49:47.404,12.30271,12.30492,0.00,0.00
2017.05.15 03:49:47.505,12.30271,12.30511,0.00,0.00
2017.05.15 03:49:48.006,12.30271,12.30492,0.00,0.00
2017.05.15 03:49:48.126,12.30272,12.30502,0.00,0.00
2017.05.15 03:49:49.309,12.30272,12.30491,0.00,0.00
2017.05.15 03:49:52.582,12.30261,12.30491,0.00,0.00
2017.05.15 03:49:52.713,12.30261,12.30482,0.00,0.00
2017.05.15 03:49:52.814,12.30261,12.30491,0.00,0.00
2017.05.15 03:49:54.317,12.30261,12.30482,0.00,0.00
2017.05.15 03:49:54.918,12.30261,12.30491,0.00,0.00
2017.05.15 03:49:57.321,12.30261,12.30482,0.00,0.00
2017.05.15 03:49:58.438,12.30261,12.30491,0.00,0.00
2017.05.15 03:49:59.168,12.30261,12.30482,0.00,0.00
2017.05.15 03:49:59.225,12.30261,12.30491,0.00,0.00
2017.05.15 03:50:00.259,12.30261,12.30482,0.00,0.00
2017.05.15 03:50:00.540,12.30261,12.30491,0.00,0.00
2017.05.15 03:50:00.827,12.30261,12.30482,0.00,0.00
2017.05.15 03:50:00.928,12.30261,12.30491,0.00,0.00
2017.05.15 03:50:01.029,12.30261,12.30482,0.00,0.00
2017.05.15 03:50:01.327,12.30261,12.30491,0.00,0.00
2017.05.15 03:50:02.029,12.30261,12.30482,0.00,0.00
2017.05.15 03:50:02.129,12.30261,12.30491,0.00,0.00
2017.05.15 03:50:02.230,12.30261,12.30481,0.00,0.00
2017.05.15 03:50:02.329,12.30261,12.30491,0.00,0.00
2017.05.15 03:50:02.931,12.30261,12.30481,0.00,0.00
2017.05.15 03:50:03.131,12.30261,12.30491,0.00,0.00
2017.05.15 03:50:03.233,12.30261,12.30481,0.00,0.00
2017.05.15 03:50:03.331,12.30261,12.30491,0.00,0.00
2017.05.15 03:50:03.931,12.30261,12.30481,0.00,0.00
2017.05.15 03:50:04.532,12.30261,12.30491,0.00,0.00
2017.05.15 03:50:04.933,12.30261,12.30482,0.00,0.00
2017.05.15 03:50:05.162,12.30261,12.30491,0.00,0.00
2017.05.15 03:50:05.233,12.30261,12.30482,0.00,0.00
2017.05.15 03:50:05.410,12.30261,12.30491,0.00,0.00
2017.05.15 03:50:05.534,12.30261,12.30481,0.00,0.00
2017.05.15 03:50:05.734,12.30261,12.30491,0.00,0.00
2017.05.15 03:50:06.035,12.30261,12.30481,0.00,0.00
2017.05.15 03:50:06.154,12.30261,12.30491,0.00,0.00
2017.05.15 03:50:07.636,12.30261,12.30482,0.00,0.00
2017.05.15 03:50:07.837,12.30261,12.30491,0.00,0.00
2017.05.15 03:50:08.638,12.30261,12.30481,0.00,0.00
2017.05.15 03:50:08.982,12.30199,12.30392,0.00,0.00
2017.05.15 03:50:09.184,12.30172,12.30392,0.00,0.00
2017.05.15 03:50:09.239,12.30172,12.30381,0.00,0.00
2017.05.15 03:50:09.289,12.30161,12.30381,0.00,0.00
2017.05.15 03:50:09.340,12.30161,12.30392,0.00,0.00
2017.05.15 03:50:09.441,12.30161,12.30382,0.00,0.00
2017.05.15 03:50:09.757,12.30161,12.30392,0.00,0.00
2017.05.15 03:50:10.443,12.30161,12.30382,0.00,0.00
2017.05.15 03:50:10.544,12.30161,12.30392,0.00,0.00
2017.05.15 03:50:10.843,12.30161,12.30382,0.00,0.00
2017.05.15 03:50:11.194,12.30161,12.30392,0.00,0.00
2017.05.15 03:50:11.347,12.30161,12.30382,0.00,0.00
2017.05.15 03:50:13.948,12.30161,12.30392,0.00,0.00
2017.05.15 03:50:22.258,12.30161,12.30381,0.00,0.00
2017.05.15 03:50:22.559,12.30161,12.30392,0.00,0.00
2017.05.15 03:50:22.705,12.30161,12.30382,0.00,0.00
2017.05.15 03:50:23.888,12.30161,12.30391,0.00,0.00
2017.05.15 03:50:24.089,12.30161,12.30382,0.00,0.00
2017.05.15 03:50:25.265,12.30161,12.30391,0.00,0.00
2017.05.15 03:50:25.967,12.30161,12.30392,0.00,0.00
2017.05.15 03:50:26.678,12.30161,12.30391,0.00,0.00
2017.05.15 03:50:28.573,12.30161,12.30392,0.00,0.00
2017.05.15 03:50:31.872,12.30161,12.30381,0.00,0.00
2017.05.15 03:50:33.908,12.30161,12.30392,0.00,0.00
2017.05.15 03:50:34.476,12.30161,12.30381,0.00,0.00
2017.05.15 03:50:36.626,12.30161,12.30392,0.00,0.00
2017.05.15 03:50:37.621,12.30161,12.30382,0.00,0.00
2017.05.15 03:50:37.722,12.30161,12.30392,0.00,0.00
2017.05.15 03:50:50.245,12.30161,12.30391,0.00,0.00
2017.05.15 03:50:50.774,12.30161,12.30392,0.00,0.00
2017.05.15 03:50:54.003,12.30251,12.30412,0.00,0.00
2017.05.15 03:50:54.104,12.30251,12.30442,0.00,0.00
2017.05.15 03:50:54.205,12.30251,12.30491,0.00,0.00
2017.05.15 03:50:55.325,12.30251,12.30482,0.00,0.00
2017.05.15 03:50:55.444,12.30251,12.30491,0.00,0.00
2017.05.15 03:50:55.708,12.30251,12.30482,0.00,0.00
2017.05.15 03:50:59.212,12.30251,12.30491,0.00,0.00
2017.05.15 03:50:59.313,12.30251,12.30482,0.00,0.00
2017.05.15 03:51:00.714,12.30251,12.30491,0.00,0.00
2017.05.15 03:51:01.615,12.30251,12.30481,0.00,0.00
2017.05.15 03:51:02.446,12.30251,12.30491,0.00,0.00
2017.05.15 03:51:02.617,12.30251,12.30481,0.00,0.00
2017.05.15 03:51:02.817,12.30251,12.30491,0.00,0.00
2017.05.15 03:51:04.019,12.30251,12.30482,0.00,0.00
2017.05.15 03:51:04.754,12.30251,12.30491,0.00,0.00
2017.05.15 03:51:04.923,12.30251,12.30481,0.00,0.00
2017.05.15 03:51:05.335,12.30251,12.30491,0.00,0.00
2017.05.15 03:51:07.830,12.30251,12.30482,0.00,0.00
2017.05.15 03:51:09.433,12.30251,12.30491,0.00,0.00
2017.05.15 03:51:09.864,12.30251,12.30481,0.00,0.00
2017.05.15 03:51:10.042,12.30251,12.30491,0.00,0.00
2017.05.15 03:51:10.135,12.30251,12.30481,0.00,0.00
2017.05.15 03:51:10.235,12.30251,12.30491,0.00,0.00
2017.05.15 03:51:10.537,12.30251,12.30482,0.00,0.00
2017.05.15 03:51:10.637,12.30251,12.30491,0.00,0.00
2017.05.15 03:51:12.755,12.30251,12.30481,0.00,0.00
2017.05.15 03:51:12.840,12.30251,12.30491,0.00,0.00
2017.05.15 03:51:13.271,12.30251,12.30481,0.00,0.00
2017.05.15 03:51:13.442,12.30251,12.30491,0.00,0.00
2017.05.15 03:51:17.058,12.30251,12.30481,0.00,0.00
2017.05.15 03:51:19.250,12.30251,12.30491,0.00,0.00
2017.05.15 03:51:19.551,12.30251,12.30482,0.00,0.00
2017.05.15 03:51:19.652,12.30251,12.30491,0.00,0.00
2017.05.15 03:51:19.852,12.30251,12.30482,0.00,0.00
2017.05.15 03:51:20.053,12.30251,12.30491,0.00,0.00
2017.05.15 03:51:20.153,12.30251,12.30482,0.00,0.00
2017.05.15 03:51:20.358,12.30251,12.30491,0.00,0.00
2017.05.15 03:51:22.656,12.30251,12.30481,0.00,0.00
2017.05.15 03:51:22.757,12.30251,12.30491,0.00,0.00
2017.05.15 03:51:23.422,12.30261,12.30491,0.00,0.00
2017.05.15 03:51:40.627,12.30351,12.30511,0.00,0.00
2017.05.15 03:51:40.728,12.30351,12.30542,0.00,0.00
2017.05.15 03:51:40.779,12.30351,12.30591,0.00,0.00
2017.05.15 03:51:41.322,12.30351,12.30592,0.00,0.00
2017.05.15 03:51:44.524,12.30352,12.30592,0.00,0.00
2017.05.15 03:51:45.085,12.30352,12.30582,0.00,0.00
2017.05.15 03:51:45.585,12.30352,12.30592,0.00,0.00
2017.05.15 03:51:49.142,12.30401,12.30612,0.00,0.00
2017.05.15 03:51:49.193,12.30402,12.30618,0.00,0.00
2017.05.15 03:51:49.244,12.30379,12.30592,0.00,0.00
2017.05.15 03:51:49.295,12.30358,12.30592,0.00,0.00
2017.05.15 03:51:49.396,12.30351,12.30592,0.00,0.00
2017.05.15 03:51:49.497,12.30351,12.30581,0.00,0.00
2017.05.15 03:51:49.705,12.30351,12.30592,0.00,0.00
2017.05.15 03:51:49.806,12.30351,12.30582,0.00,0.00
2017.05.15 03:51:50.019,12.30351,12.30591,0.00,0.00
2017.05.15 03:51:52.697,12.30351,12.30582,0.00,0.00
2017.05.15 03:51:56.003,12.30351,12.30591,0.00,0.00
2017.05.15 03:52:01.785,12.30369,12.30612,0.00,0.00
2017.05.15 03:52:01.836,12.30432,12.30622,0.00,0.00
2017.05.15 03:52:01.937,12.30389,12.30591,0.00,0.00
2017.05.15 03:52:02.038,12.30352,12.30591,0.00,0.00
2017.05.15 03:52:03.255,12.30352,12.30581,0.00,0.00
2017.05.15 03:52:03.915,12.30352,12.30591,0.00,0.00
2017.05.15 03:52:14.231,12.30352,12.30582,0.00,0.00
2017.05.15 03:52:14.332,12.30352,12.30591,0.00,0.00
2017.05.15 03:52:24.644,12.30352,12.30581,0.00,0.00
2017.05.15 03:52:25.054,12.30352,12.30591,0.00,0.00
2017.05.15 03:52:30.454,12.30431,12.30601,0.00,0.00
2017.05.15 03:52:30.656,12.30431,12.30692,0.00,0.00
2017.05.15 03:52:31.153,12.30431,12.30681,0.00,0.00
2017.05.15 03:52:31.268,12.30432,12.30701,0.00,0.00
2017.05.15 03:52:31.353,12.30432,12.30682,0.00,0.00
2017.05.15 03:52:31.654,12.30432,12.30692,0.00,0.00
2017.05.15 03:52:31.787,12.30432,12.30681,0.00,0.00
2017.05.15 03:52:32.494,12.30431,12.30681,0.00,0.00
2017.05.15 03:52:32.856,12.30431,12.30702,0.00,0.00
2017.05.15 03:52:32.956,12.30431,12.30692,0.00,0.00
2017.05.15 03:52:33.459,12.30431,12.30682,0.00,0.00
2017.05.15 03:52:33.958,12.30431,12.30702,0.00,0.00
2017.05.15 03:52:34.098,12.30431,12.30692,0.00,0.00
2017.05.15 03:52:34.158,12.30431,12.30701,0.00,0.00
2017.05.15 03:52:34.258,12.30431,12.30691,0.00,0.00
2017.05.15 03:52:34.358,12.30431,12.30711,0.00,0.00
2017.05.15 03:52:35.100,12.30432,12.30711,0.00,0.00
2017.05.15 03:52:35.561,12.30432,12.30692,0.00,0.00
2017.05.15 03:52:36.661,12.30432,12.30711,0.00,0.00
2017.05.15 03:52:36.862,12.30432,12.30701,0.00,0.00
2017.05.15 03:52:37.263,12.30432,12.30692,0.00,0.00
2017.05.15 03:52:37.791,12.30432,12.30711,0.00,0.00
2017.05.15 03:52:37.864,12.30432,12.30702,0.00,0.00
2017.05.15 03:52:37.964,12.30432,12.30711,0.00,0.00
2017.05.15 03:52:38.265,12.30432,12.30691,0.00,0.00
2017.05.15 03:52:38.365,12.30432,12.30701,0.00,0.00
2017.05.15 03:52:38.509,12.30432,12.30711,0.00,0.00
2017.05.15 03:52:38.866,12.30432,12.30692,0.00,0.00
2017.05.15 03:52:38.966,12.30432,12.30702,0.00,0.00
2017.05.15 03:52:39.166,12.30432,12.30691,0.00,0.00
2017.05.15 03:52:39.367,12.30432,12.30702,0.00,0.00
2017.05.15 03:52:39.468,12.30432,12.30711,0.00,0.00
2017.05.15 03:52:39.867,12.30431,12.30692,0.00,0.00
2017.05.15 03:52:40.268,12.30431,12.30711,0.00,0.00
2017.05.15 03:52:40.416,12.30431,12.30702,0.00,0.00
2017.05.15 03:52:40.974,12.30432,12.30691,0.00,0.00
2017.05.15 03:52:41.075,12.30432,12.30711,0.00,0.00
2017.05.15 03:52:41.588,12.30448,12.30721,0.00,0.00
2017.05.15 03:52:41.689,12.30439,12.30721,0.00,0.00
2017.05.15 03:52:42.286,12.30499,12.30721,0.00,0.00
2017.05.15 03:52:42.488,12.30542,12.30791,0.00,0.00
2017.05.15 03:52:42.589,12.30542,12.30811,0.00,0.00
2017.05.15 03:52:42.772,12.30542,12.30792,0.00,0.00
2017.05.15 03:52:42.873,12.30542,12.30801,0.00,0.00
2017.05.15 03:52:42.974,12.30542,12.30791,0.00,0.00
2017.05.15 03:52:44.073,12.30542,12.30802,0.00,0.00
2017.05.15 03:52:46.176,12.30542,12.30792,0.00,0.00
2017.05.15 03:52:46.594,12.30542,12.30812,0.00,0.00
2017.05.15 03:52:47.007,12.30542,12.30791,0.00,0.00
2017.05.15 03:52:47.108,12.30542,12.30818,0.00,0.00
2017.05.15 03:52:47.209,12.30542,12.30781,0.00,0.00
2017.05.15 03:52:47.379,12.30542,12.30792,0.00,0.00
2017.05.15 03:52:47.480,12.30542,12.30782,0.00,0.00
2017.05.15 03:52:47.579,12.30542,12.30791,0.00,0.00
2017.05.15 03:52:47.787,12.30542,12.30801,0.00,0.00
2017.05.15 03:52:47.879,12.30542,12.30782,0.00,0.00
2017.05.15 03:52:47.980,12.30542,12.30812,0.00,0.00
2017.05.15 03:52:48.116,12.30542,12.30802,0.00,0.00
2017.05.15 03:52:48.180,12.30542,12.30812,0.00,0.00
2017.05.15 03:52:48.280,12.30542,12.30802,0.00,0.00
2017.05.15 03:52:49.121,12.30542,12.30811,0.00,0.00
2017.05.15 03:52:49.482,12.30542,12.30781,0.00,0.00
2017.05.15 03:52:49.884,12.30542,12.30812,0.00,0.00
2017.05.15 03:52:50.215,12.30528,12.30739,0.00,0.00
2017.05.15 03:52:50.417,12.30452,12.30722,0.00,0.00
2017.05.15 03:52:50.484,12.30452,12.30692,0.00,0.00
2017.05.15 03:52:51.434,12.30452,12.30712,0.00,0.00
2017.05.15 03:52:51.485,12.30452,12.30691,0.00,0.00
2017.05.15 03:52:51.835,12.30452,12.30722,0.00,0.00
2017.05.15 03:52:52.373,12.30452,12.30721,0.00,0.00
2017.05.15 03:52:52.787,12.30452,12.30691,0.00,0.00
2017.05.15 03:52:52.887,12.30452,12.30711,0.00,0.00
2017.05.15 03:52:53.187,12.30452,12.30722,0.00,0.00
2017.05.15 03:52:53.515,12.30452,12.30692,0.00,0.00
2017.05.15 03:52:53.616,12.30452,12.30711,0.00,0.00
2017.05.15 03:52:53.689,12.30452,12.30691,0.00,0.00
2017.05.15 03:52:54.489,12.30452,12.30722,0.00,0.00
2017.05.15 03:52:55.140,12.30452,12.30691,0.00,0.00
2017.05.15 03:52:55.591,12.30452,12.30721,0.00,0.00
2017.05.15 03:52:55.792,12.30452,12.30692,0.00,0.00
2017.05.15 03:52:55.892,12.30452,12.30722,0.00,0.00
2017.05.15 03:52:56.214,12.30452,12.30702,0.00,0.00
2017.05.15 03:52:56.315,12.30452,12.30722,0.00,0.00
2017.05.15 03:52:56.992,12.30452,12.30721,0.00,0.00
2017.05.15 03:52:58.895,12.30452,12.30711,0.00,0.00
2017.05.15 03:53:00.196,12.30452,12.30722,0.00,0.00
2017.05.15 03:53:00.597,12.30452,12.30712,0.00,0.00
2017.05.15 03:53:00.804,12.30452,12.30722,0.00,0.00
2017.05.15 03:53:00.898,12.30452,12.30711,0.00,0.00
2017.05.15 03:53:01.398,12.30452,12.30721,0.00,0.00
2017.05.15 03:53:02.500,12.30452,12.30712,0.00,0.00
2017.05.15 03:53:02.600,12.30452,12.30722,0.00,0.00
2017.05.15 03:53:04.947,12.30452,12.30711,0.00,0.00
2017.05.15 03:53:05.574,12.30452,12.30692,0.00,0.00
2017.05.15 03:53:05.804,12.30452,12.30721,0.00,0.00
2017.05.15 03:53:06.004,12.30452,12.30712,0.00,0.00
2017.05.15 03:53:06.306,12.30452,12.30691,0.00,0.00
2017.05.15 03:53:06.616,12.30452,12.30711,0.00,0.00
2017.05.15 03:53:06.706,12.30452,12.30691,0.00,0.00
2017.05.15 03:53:06.807,12.30452,12.30722,0.00,0.00
2017.05.15 03:53:08.012,12.30452,12.30691,0.00,0.00
2017.05.15 03:53:08.647,12.30452,12.30711,0.00,0.00
2017.05.15 03:53:09.206,12.30452,12.30712,0.00,0.00
2017.05.15 03:53:09.926,12.30452,12.30701,0.00,0.00
2017.05.15 03:53:10.655,12.30452,12.30712,0.00,0.00
2017.05.15 03:53:10.712,12.30452,12.30701,0.00,0.00
2017.05.15 03:53:12.326,12.30452,12.30712,0.00,0.00
2017.05.15 03:53:14.564,12.30452,12.30701,0.00,0.00
2017.05.15 03:53:15.319,12.30452,12.30711,0.00,0.00
2017.05.15 03:53:16.821,12.30452,12.30692,0.00,0.00
2017.05.15 03:53:18.017,12.30542,12.30692,0.00,0.00
2017.05.15 03:53:18.068,12.30542,12.30752,0.00,0.00
2017.05.15 03:53:18.169,12.30542,12.30792,0.00,0.00
2017.05.15 03:53:18.223,12.30542,12.30811,0.00,0.00
2017.05.15 03:53:18.856,12.30542,12.30781,0.00,0.00
2017.05.15 03:53:18.924,12.30542,12.30802,0.00,0.00
2017.05.15 03:53:19.324,12.30542,12.30781,0.00,0.00
2017.05.15 03:53:19.425,12.30542,12.30801,0.00,0.00
2017.05.15 03:53:25.775,12.30542,12.30811,0.00,0.00
2017.05.15 03:53:28.035,12.30542,12.30792,0.00,0.00
2017.05.15 03:53:29.445,12.30542,12.30811,0.00,0.00
2017.05.15 03:53:29.495,12.30542,12.30761,0.00,0.00
2017.05.15 03:53:29.800,12.30521,12.30712,0.00,0.00
2017.05.15 03:53:29.851,12.30501,12.30712,0.00,0.00
2017.05.15 03:53:32.224,12.30502,12.30712,0.00,0.00
2017.05.15 03:53:37.834,12.30501,12.30712,0.00,0.00
2017.05.15 03:53:38.749,12.30502,12.30712,0.00,0.00
2017.05.15 03:53:41.294,12.30501,12.30712,0.00,0.00
2017.05.15 03:53:41.515,12.30451,12.30712,0.00,0.00
2017.05.15 03:53:42.154,12.30459,12.30712,0.00,0.00
2017.05.15 03:53:43.681,12.30449,12.30712,0.00,0.00
2017.05.15 03:53:43.856,12.30441,12.30712,0.00,0.00
2017.05.15 03:53:44.357,12.30459,12.30712,0.00,0.00
2017.05.15 03:53:44.684,12.30449,12.30712,0.00,0.00
2017.05.15 03:53:44.757,12.30441,12.30712,0.00,0.00
2017.05.15 03:53:45.458,12.30459,12.30712,0.00,0.00
2017.05.15 03:53:45.559,12.30442,12.30712,0.00,0.00
2017.05.15 03:53:45.660,12.30442,12.30702,0.00,0.00
2017.05.15 03:53:49.895,12.30442,12.30712,0.00,0.00
2017.05.15 03:53:50.020,12.30448,12.30712,0.00,0.00
2017.05.15 03:53:50.071,12.30442,12.30712,0.00,0.00
2017.05.15 03:53:51.866,12.30442,12.30692,0.00,0.00
2017.05.15 03:53:52.067,12.30442,12.30712,0.00,0.00
2017.05.15 03:53:54.515,12.30441,12.30712,0.00,0.00
2017.05.15 03:53:54.616,12.30441,12.30691,0.00,0.00
2017.05.15 03:53:54.772,12.30441,12.30712,0.00,0.00
2017.05.15 03:53:55.385,12.30442,12.30712,0.00,0.00
2017.05.15 03:53:57.002,12.30441,12.30712,0.00,0.00
2017.05.15 03:53:57.205,12.30442,12.30692,0.00,0.00
2017.05.15 03:53:57.476,12.30441,12.30712,0.00,0.00
2017.05.15 03:53:57.994,12.30442,12.30712,0.00,0.00
2017.05.15 03:53:58.095,12.30442,12.30691,0.00,0.00
2017.05.15 03:53:58.176,12.30442,12.30702,0.00,0.00
2017.05.15 03:53:58.625,12.30442,12.30692,0.00,0.00
2017.05.15 03:53:58.726,12.30448,12.30712,0.00,0.00
2017.05.15 03:53:58.778,12.30442,12.30712,0.00,0.00
2017.05.15 03:53:59.194,12.30441,12.30702,0.00,0.00
2017.05.15 03:53:59.665,12.30441,12.30692,0.00,0.00
2017.05.15 03:54:00.615,12.30442,12.30712,0.00,0.00
2017.05.15 03:54:00.716,12.30442,12.30692,0.00,0.00
2017.05.15 03:54:00.781,12.30442,12.30712,0.00,0.00
2017.05.15 03:54:00.882,12.30442,12.30692,0.00,0.00
2017.05.15 03:54:01.505,12.30441,12.30692,0.00,0.00
2017.05.15 03:54:01.606,12.30441,12.30712,0.00,0.00
2017.05.15 03:54:01.792,12.30441,12.30692,0.00,0.00
2017.05.15 03:54:02.698,12.30442,12.30692,0.00,0.00
2017.05.15 03:54:02.799,12.30442,12.30712,0.00,0.00
2017.05.15 03:54:03.198,12.30442,12.30692,0.00,0.00
2017.05.15 03:54:03.724,12.30441,12.30692,0.00,0.00
2017.05.15 03:54:03.825,12.30442,12.30712,0.00,0.00
2017.05.15 03:54:04.477,12.30441,12.30712,0.00,0.00
2017.05.15 03:54:04.589,12.30441,12.30702,0.00,0.00
2017.05.15 03:54:04.704,12.30441,12.30711,0.00,0.00
2017.05.15 03:54:04.805,12.30442,12.30702,0.00,0.00
2017.05.15 03:54:05.208,12.30442,12.30712,0.00,0.00
2017.05.15 03:54:05.309,12.30441,12.30701,0.00,0.00
2017.05.15 03:54:06.096,12.30441,12.30711,0.00,0.00
2017.05.15 03:54:06.660,12.30442,12.30711,0.00,0.00
2017.05.15 03:54:07.874,12.30441,12.30711,0.00,0.00
2017.05.15 03:54:10.400,12.30441,12.30712,0.00,0.00
2017.05.15 03:54:11.174,12.30442,12.30712,0.00,0.00
2017.05.15 03:54:11.225,12.30442,12.30692,0.00,0.00
2017.05.15 03:54:11.804,12.30441,12.30692,0.00,0.00
2017.05.15 03:54:11.902,12.30441,12.30702,0.00,0.00
2017.05.15 03:54:12.003,12.30441,12.30712,0.00,0.00
2017.05.15 03:54:17.356,12.30442,12.30712,0.00,0.00
2017.05.15 03:54:17.510,12.30441,12.30692,0.00,0.00
2017.05.15 03:54:17.611,12.30441,12.30701,0.00,0.00
2017.05.15 03:54:18.042,12.30442,12.30692,0.00,0.00
2017.05.15 03:54:18.545,12.30441,12.30692,0.00,0.00
2017.05.15 03:54:19.254,12.30441,12.30702,0.00,0.00
2017.05.15 03:54:19.626,12.30442,12.30712,0.00,0.00
2017.05.15 03:54:19.713,12.30442,12.30691,0.00,0.00
2017.05.15 03:54:19.814,12.30442,12.30712,0.00,0.00
2017.05.15 03:54:20.514,12.30442,12.30701,0.00,0.00
2017.05.15 03:54:23.923,12.30442,12.30712,0.00,0.00
2017.05.15 03:54:26.514,12.30441,12.30712,0.00,0.00
2017.05.15 03:54:26.623,12.30441,12.30701,0.00,0.00
2017.05.15 03:54:28.032,12.30442,12.30701,0.00,0.00
2017.05.15 03:54:28.596,12.30441,12.30701,0.00,0.00
2017.05.15 03:54:29.102,12.30441,12.30692,0.00,0.00
2017.05.15 03:54:29.731,12.30441,12.30702,0.00,0.00
2017.05.15 03:54:30.332,12.30442,12.30712,0.00,0.00
2017.05.15 03:54:33.195,12.30441,12.30712,0.00,0.00
2017.05.15 03:54:33.337,12.30441,12.30692,0.00,0.00
2017.05.15 03:54:36.231,12.30442,12.30692,0.00,0.00
2017.05.15 03:54:36.330,12.30442,12.30702,0.00,0.00
2017.05.15 03:54:36.381,12.30441,12.30691,0.00,0.00
2017.05.15 03:54:36.943,12.30441,12.30712,0.00,0.00
2017.05.15 03:54:37.044,12.30441,12.30691,0.00,0.00
2017.05.15 03:54:37.343,12.30441,12.30702,0.00,0.00
2017.05.15 03:54:37.545,12.30441,12.30711,0.00,0.00
2017.05.15 03:54:38.764,12.30441,12.30692,0.00,0.00
2017.05.15 03:54:39.372,12.30442,12.30692,0.00,0.00
2017.05.15 03:54:39.449,12.30442,12.30702,0.00,0.00
2017.05.15 03:54:39.649,12.30442,12.30712,0.00,0.00
2017.05.15 03:54:39.946,12.30428,12.30611,0.00,0.00
2017.05.15 03:54:39.997,12.30408,12.30611,0.00,0.00
2017.05.15 03:54:40.099,12.30352,12.30611,0.00,0.00
2017.05.15 03:54:40.151,12.30352,12.30602,0.00,0.00
2017.05.15 03:54:40.693,12.30351,12.30602,0.00,0.00
2017.05.15 03:54:43.096,12.30341,12.30539,0.00,0.00
2017.05.15 03:54:43.298,12.30308,12.30511,0.00,0.00
2017.05.15 03:54:43.400,12.30242,12.30511,0.00,0.00
2017.05.15 03:54:43.501,12.30242,12.30491,0.00,0.00
2017.05.15 03:54:43.646,12.30231,12.30489,0.00,0.00
2017.05.15 03:54:43.747,12.30231,12.30491,0.00,0.00
2017.05.15 03:54:43.798,12.30231,12.30471,0.00,0.00
2017.05.15 03:54:43.899,12.30231,12.30491,0.00,0.00
2017.05.15 03:54:43.950,12.30231,12.30489,0.00,0.00
2017.05.15 03:54:44.253,12.30168,12.30412,0.00,0.00
2017.05.15 03:54:44.358,12.30152,12.30412,0.00,0.00
2017.05.15 03:54:45.086,12.30151,12.30412,0.00,0.00
2017.05.15 03:54:45.673,12.30152,12.30412,0.00,0.00
2017.05.15 03:54:47.803,12.30201,12.30412,0.00,0.00
2017.05.15 03:54:50.225,12.30151,12.30412,0.00,0.00
2017.05.15 03:54:50.275,12.30158,12.30412,0.00,0.00
2017.05.15 03:54:50.376,12.30151,12.30412,0.00,0.00
2017.05.15 03:54:50.957,12.30152,12.30412,0.00,0.00
2017.05.15 03:54:51.617,12.30151,12.30412,0.00,0.00
2017.05.15 03:54:51.767,12.30168,12.30412,0.00,0.00
2017.05.15 03:54:55.299,12.30152,12.30412,0.00,0.00
2017.05.15 03:54:55.364,12.30202,12.30412,0.00,0.00
2017.05.15 03:54:58.134,12.30159,12.30412,0.00,0.00
2017.05.15 03:54:58.185,12.30159,12.30402,0.00,0.00
2017.05.15 03:54:58.286,12.30151,12.30402,0.00,0.00
2017.05.15 03:54:58.880,12.30152,12.30402,0.00,0.00
2017.05.15 03:54:59.673,12.30151,12.30402,0.00,0.00
2017.05.15 03:55:00.546,12.30152,12.30402,0.00,0.00
2017.05.15 03:55:01.192,12.30151,12.30402,0.00,0.00
2017.05.15 03:55:02.064,12.30152,12.30402,0.00,0.00
2017.05.15 03:55:02.584,12.30151,12.30402,0.00,0.00
2017.05.15 03:55:03.194,12.30152,12.30402,0.00,0.00
2017.05.15 03:55:05.035,12.30151,12.30402,0.00,0.00
2017.05.15 03:55:05.085,12.30152,12.30388,0.00,0.00
2017.05.15 03:55:05.187,12.30151,12.30402,0.00,0.00
2017.05.15 03:55:05.237,12.30152,12.30392,0.00,0.00
2017.05.15 03:55:05.816,12.30151,12.30392,0.00,0.00
2017.05.15 03:55:06.277,12.30108,12.30329,0.00,0.00
2017.05.15 03:55:06.389,12.30059,12.30301,0.00,0.00
2017.05.15 03:55:06.490,12.30051,12.30301,0.00,0.00
2017.05.15 03:55:06.645,12.30048,12.30301,0.00,0.00
2017.05.15 03:55:06.824,12.30031,12.30301,0.00,0.00
2017.05.15 03:55:07.026,12.30048,12.30301,0.00,0.00
2017.05.15 03:55:07.376,12.30048,12.30288,0.00,0.00
2017.05.15 03:55:07.427,12.30031,12.30289,0.00,0.00
2017.05.15 03:55:07.478,12.30031,12.30301,0.00,0.00
2017.05.15 03:55:07.528,12.30032,12.30292,0.00,0.00
2017.05.15 03:55:07.730,12.30038,12.30301,0.00,0.00
2017.05.15 03:55:08.595,12.30038,12.30289,0.00,0.00
2017.05.15 03:55:08.697,12.30031,12.30292,0.00,0.00
2017.05.15 03:55:08.852,12.30031,12.30281,0.00,0.00
2017.05.15 03:55:08.902,12.30032,12.30292,0.00,0.00
2017.05.15 03:55:08.993,12.30039,12.30301,0.00,0.00
2017.05.15 03:55:10.915,12.30032,12.30292,0.00,0.00
2017.05.15 03:55:11.915,12.30031,12.30292,0.00,0.00
2017.05.15 03:55:12.227,12.30032,12.30301,0.00,0.00
2017.05.15 03:55:12.599,12.30032,12.30292,0.00,0.00
2017.05.15 03:55:12.915,12.30049,12.30301,0.00,0.00
2017.05.15 03:55:14.402,12.30032,12.30301,0.00,0.00
2017.05.15 03:55:15.936,12.30031,12.30291,0.00,0.00
2017.05.15 03:55:16.004,12.30031,12.30301,0.00,0.00
2017.05.15 03:55:16.565,12.30032,12.30301,0.00,0.00
2017.05.15 03:55:16.615,12.30038,12.30301,0.00,0.00
2017.05.15 03:55:17.173,12.30032,12.30291,0.00,0.00
2017.05.15 03:55:17.554,12.30032,12.30301,0.00,0.00
2017.05.15 03:55:18.590,12.30031,12.30301,0.00,0.00
2017.05.15 03:55:18.642,12.30039,12.30301,0.00,0.00
2017.05.15 03:55:18.708,12.30031,12.30301,0.00,0.00
2017.05.15 03:55:19.709,12.30031,12.30291,0.00,0.00
2017.05.15 03:55:20.911,12.30031,12.30301,0.00,0.00
2017.05.15 03:55:21.514,12.30038,12.30301,0.00,0.00
2017.05.15 03:55:23.445,12.30031,12.30301,0.00,0.00
2017.05.15 03:55:23.515,12.30031,12.30292,0.00,0.00
2017.05.15 03:55:25.384,12.30032,12.30292,0.00,0.00
2017.05.15 03:55:25.517,12.30039,12.30301,0.00,0.00
2017.05.15 03:55:25.654,12.30031,12.30292,0.00,0.00
2017.05.15 03:55:27.365,12.30032,12.30292,0.00,0.00
2017.05.15 03:55:27.521,12.30039,12.30301,0.00,0.00
2017.05.15 03:55:31.928,12.30031,12.30301,0.00,0.00
2017.05.15 03:55:32.468,12.30131,12.30311,0.00,0.00
2017.05.15 03:55:32.569,12.30132,12.30321,0.00,0.00
2017.05.15 03:55:32.631,12.30132,12.30392,0.00,0.00
2017.05.15 03:55:32.732,12.30132,12.30401,0.00,0.00
2017.05.15 03:55:33.036,12.30131,12.30391,0.00,0.00
2017.05.15 03:55:33.333,12.30131,12.30402,0.00,0.00
2017.05.15 03:55:33.564,12.30131,12.30392,0.00,0.00
2017.05.15 03:55:33.790,12.30131,12.30402,0.00,0.00
2017.05.15 03:55:34.335,12.30132,12.30392,0.00,0.00
2017.05.15 03:55:37.364,12.30131,12.30392,0.00,0.00
2017.05.15 03:55:37.539,12.30138,12.30402,0.00,0.00
2017.05.15 03:55:37.940,12.30149,12.30402,0.00,0.00
2017.05.15 03:55:38.041,12.30139,12.30402,0.00,0.00
2017.05.15 03:55:39.042,12.30131,12.30402,0.00,0.00
2017.05.15 03:55:39.486,12.30131,12.30391,0.00,0.00
2017.05.15 03:55:39.992,12.30132,12.30391,0.00,0.00
2017.05.15 03:55:40.043,12.30132,12.30401,0.00,0.00
2017.05.15 03:55:40.544,12.30132,12.30391,0.00,0.00
2017.05.15 03:55:42.364,12.30131,12.30391,0.00,0.00
2017.05.15 03:55:42.590,12.30132,12.30401,0.00,0.00
2017.05.15 03:55:42.691,12.30138,12.30401,0.00,0.00
2017.05.15 03:55:43.196,12.30131,12.30391,0.00,0.00
2017.05.15 03:55:44.024,12.30132,12.30391,0.00,0.00
2017.05.15 03:55:45.151,12.30132,12.30401,0.00,0.00
2017.05.15 03:55:45.967,12.30132,12.30392,0.00,0.00
2017.05.15 03:55:46.476,12.30132,12.30401,0.00,0.00
2017.05.15 03:55:46.553,12.30132,12.30391,0.00,0.00
2017.05.15 03:55:47.154,12.30132,12.30401,0.00,0.00
2017.05.15 03:55:47.935,12.30132,12.30391,0.00,0.00
2017.05.15 03:55:47.987,12.30132,12.30401,0.00,0.00
2017.05.15 03:55:48.156,12.30132,12.30391,0.00,0.00
2017.05.15 03:55:48.256,12.30132,12.30401,0.00,0.00
2017.05.15 03:55:48.456,12.30132,12.30391,0.00,0.00
2017.05.15 03:55:48.787,12.30139,12.30401,0.00,0.00
2017.05.15 03:55:49.257,12.30132,12.30392,0.00,0.00
2017.05.15 03:55:49.457,12.30139,12.30401,0.00,0.00
2017.05.15 03:55:49.558,12.30132,12.30401,0.00,0.00
2017.05.15 03:55:49.959,12.30132,12.30392,0.00,0.00
2017.05.15 03:55:50.259,12.30138,12.30401,0.00,0.00
2017.05.15 03:55:50.560,12.30132,12.30392,0.00,0.00
2017.05.15 03:55:50.660,12.30138,12.30401,0.00,0.00
2017.05.15 03:55:51.161,12.30132,12.30392,0.00,0.00
2017.05.15 03:55:51.262,12.30139,12.30401,0.00,0.00
2017.05.15 03:55:51.794,12.30132,12.30392,0.00,0.00
2017.05.15 03:55:52.663,12.30138,12.30401,0.00,0.00
2017.05.15 03:55:52.766,12.30132,12.30401,0.00,0.00
2017.05.15 03:55:53.139,12.30139,12.30401,0.00,0.00
2017.05.15 03:55:53.190,12.30132,12.30401,0.00,0.00
2017.05.15 03:55:53.264,12.30138,12.30401,0.00,0.00
2017.05.15 03:55:53.565,12.30132,12.30392,0.00,0.00
2017.05.15 03:55:53.765,12.30132,12.30401,0.00,0.00
2017.05.15 03:55:53.866,12.30139,12.30401,0.00,0.00
2017.05.15 03:55:53.966,12.30132,12.30401,0.00,0.00
2017.05.15 03:55:54.767,12.30132,12.30391,0.00,0.00
2017.05.15 03:55:54.867,12.30132,12.30401,0.00,0.00
2017.05.15 03:55:55.268,12.30132,12.30391,0.00,0.00
2017.05.15 03:55:55.390,12.30132,12.30401,0.00,0.00
2017.05.15 03:55:55.669,12.30132,12.30392,0.00,0.00
2017.05.15 03:55:55.770,12.30139,12.30401,0.00,0.00
2017.05.15 03:55:56.086,12.30132,12.30392,0.00,0.00
2017.05.15 03:55:56.169,12.30132,12.30401,0.00,0.00
2017.05.15 03:55:56.812,12.30151,12.30401,0.00,0.00
2017.05.15 03:55:57.121,12.30152,12.30392,0.00,0.00
2017.05.15 03:55:57.977,12.30152,12.30302,0.00,0.00
2017.05.15 03:55:58.028,12.30108,12.30302,0.00,0.00
2017.05.15 03:55:58.129,12.30099,12.30302,0.00,0.00
2017.05.15 03:55:58.180,12.30052,12.30302,0.00,0.00
2017.05.15 03:55:59.105,12.30102,12.30302,0.00,0.00
2017.05.15 03:55:59.664,12.30101,12.30302,0.00,0.00
2017.05.15 03:56:00.806,12.30152,12.30302,0.00,0.00
2017.05.15 03:56:00.857,12.30151,12.30352,0.00,0.00
2017.05.15 03:56:00.907,12.30151,12.30332,0.00,0.00
2017.05.15 03:56:01.008,12.30152,12.30402,0.00,0.00
2017.05.15 03:56:05.935,12.30151,12.30402,0.00,0.00
2017.05.15 03:56:08.605,12.30152,12.30402,0.00,0.00
2017.05.15 03:56:10.974,12.30151,12.30402,0.00,0.00
2017.05.15 03:56:11.672,12.30152,12.30402,0.00,0.00
2017.05.15 03:56:12.126,12.30151,12.30392,0.00,0.00
2017.05.15 03:56:12.662,12.30152,12.30392,0.00,0.00
2017.05.15 03:56:13.995,12.30151,12.30392,0.00,0.00
2017.05.15 03:56:14.046,12.30151,12.30402,0.00,0.00
2017.05.15 03:56:14.147,12.30152,12.30391,0.00,0.00
2017.05.15 03:56:15.504,12.30152,12.30401,0.00,0.00
2017.05.15 03:56:18.365,12.30151,12.30401,0.00,0.00
2017.05.15 03:56:18.933,12.30152,12.30401,0.00,0.00
2017.05.15 03:56:19.595,12.30151,12.30401,0.00,0.00
2017.05.15 03:56:19.914,12.30151,12.30392,0.00,0.00
2017.05.15 03:56:20.215,12.30151,12.30402,0.00,0.00
2017.05.15 03:56:20.965,12.30151,12.30392,0.00,0.00
2017.05.15 03:56:21.955,12.30151,12.30402,0.00,0.00
2017.05.15 03:56:22.418,12.30151,12.30391,0.00,0.00
2017.05.15 03:56:22.619,12.30151,12.30402,0.00,0.00
2017.05.15 03:56:22.946,12.30151,12.30392,0.00,0.00
2017.05.15 03:56:23.120,12.30151,12.30402,0.00,0.00
2017.05.15 03:56:23.821,12.30151,12.30392,0.00,0.00
2017.05.15 03:56:24.038,12.30151,12.30402,0.00,0.00
2017.05.15 03:56:24.139,12.30151,12.30392,0.00,0.00
2017.05.15 03:56:24.623,12.30151,12.30402,0.00,0.00
2017.05.15 03:56:24.723,12.30151,12.30391,0.00,0.00
2017.05.15 03:56:24.825,12.30151,12.30402,0.00,0.00
2017.05.15 03:56:25.426,12.30151,12.30391,0.00,0.00
2017.05.15 03:56:25.526,12.30151,12.30402,0.00,0.00
2017.05.15 03:56:26.906,12.30152,12.30402,0.00,0.00
2017.05.15 03:56:27.028,12.30152,12.30391,0.00,0.00
2017.05.15 03:56:27.128,12.30152,12.30402,0.00,0.00
2017.05.15 03:56:27.565,12.30151,12.30392,0.00,0.00
2017.05.15 03:56:27.775,12.30152,12.30402,0.00,0.00
2017.05.15 03:56:30.834,12.30152,12.30391,0.00,0.00
2017.05.15 03:56:31.035,12.30152,12.30402,0.00,0.00
2017.05.15 03:56:32.737,12.30152,12.30392,0.00,0.00
2017.05.15 03:56:33.725,12.30151,12.30392,0.00,0.00
2017.05.15 03:56:34.455,12.30151,12.30402,0.00,0.00
2017.05.15 03:56:34.841,12.30151,12.30391,0.00,0.00
2017.05.15 03:56:35.615,12.30152,12.30391,0.00,0.00
2017.05.15 03:56:35.855,12.30151,12.30402,0.00,0.00
2017.05.15 03:56:36.893,12.30151,12.30391,0.00,0.00
2017.05.15 03:56:36.945,12.30151,12.30402,0.00,0.00
2017.05.15 03:56:37.246,12.30152,12.30392,0.00,0.00
2017.05.15 03:56:37.346,12.30152,12.30402,0.00,0.00
2017.05.15 03:56:37.746,12.30151,12.30392,0.00,0.00
2017.05.15 03:56:39.148,12.30151,12.30402,0.00,0.00
2017.05.15 03:56:39.813,12.30151,12.30401,0.00,0.00
2017.05.15 03:56:40.550,12.30151,12.30402,0.00,0.00
2017.05.15 03:56:42.122,12.30152,12.30402,0.00,0.00
2017.05.15 03:56:42.675,12.30151,12.30402,0.00,0.00
2017.05.15 03:56:42.752,12.30151,12.30392,0.00,0.00
2017.05.15 03:56:43.553,12.30151,12.30402,0.00,0.00
2017.05.15 03:56:44.624,12.30152,12.30402,0.00,0.00
2017.05.15 03:56:44.855,12.30151,12.30392,0.00,0.00
2017.05.15 03:56:45.155,12.30151,12.30402,0.00,0.00
2017.05.15 03:56:45.477,12.30151,12.30391,0.00,0.00
2017.05.15 03:56:45.696,12.30151,12.30402,0.00,0.00
2017.05.15 03:56:47.658,12.30151,12.30392,0.00,0.00
2017.05.15 03:56:47.759,12.30151,12.30402,0.00,0.00
2017.05.15 03:56:47.859,12.30151,12.30391,0.00,0.00
2017.05.15 03:56:48.259,12.30151,12.30402,0.00,0.00
2017.05.15 03:56:50.844,12.30152,12.30402,0.00,0.00
2017.05.15 03:56:50.985,12.30151,12.30392,0.00,0.00
2017.05.15 03:56:51.064,12.30151,12.30402,0.00,0.00
2017.05.15 03:56:51.165,12.30151,12.30391,0.00,0.00
2017.05.15 03:56:51.265,12.30151,12.30402,0.00,0.00
2017.05.15 03:56:52.014,12.30151,12.30392,0.00,0.00
2017.05.15 03:56:52.267,12.30151,12.30402,0.00,0.00
2017.05.15 03:56:52.698,12.30151,12.30391,0.00,0.00
2017.05.15 03:56:52.799,12.30151,12.30402,0.00,0.00
2017.05.15 03:56:52.868,12.30151,12.30392,0.00,0.00
2017.05.15 03:56:52.968,12.30151,12.30402,0.00,0.00
2017.05.15 03:56:54.170,12.30151,12.30391,0.00,0.00
2017.05.15 03:56:54.470,12.30151,12.30402,0.00,0.00
2017.05.15 03:56:55.264,12.30152,12.30402,0.00,0.00
2017.05.15 03:56:55.451,12.30152,12.30392,0.00,0.00
2017.05.15 03:56:56.373,12.30152,12.30402,0.00,0.00
2017.05.15 03:56:56.875,12.30152,12.30392,0.00,0.00
2017.05.15 03:56:56.975,12.30152,12.30402,0.00,0.00
2017.05.15 03:56:57.286,12.30152,12.30392,0.00,0.00
2017.05.15 03:56:57.576,12.30152,12.30401,0.00,0.00
2017.05.15 03:56:57.676,12.30152,12.30392,0.00,0.00
2017.05.15 03:56:57.815,12.30152,12.30402,0.00,0.00
2017.05.15 03:56:57.876,12.30152,12.30391,0.00,0.00
2017.05.15 03:56:57.976,12.30152,12.30402,0.00,0.00
2017.05.15 03:56:58.377,12.30152,12.30391,0.00,0.00
2017.05.15 03:56:58.478,12.30152,12.30412,0.00,0.00
2017.05.15 03:56:58.578,12.30152,12.30402,0.00,0.00
2017.05.15 03:56:58.679,12.30152,12.30412,0.00,0.00
2017.05.15 03:56:59.229,12.30152,12.30411,0.00,0.00
2017.05.15 03:56:59.748,12.30152,12.30412,0.00,0.00
2017.05.15 03:57:00.510,12.30152,12.30401,0.00,0.00
2017.05.15 03:57:00.682,12.30152,12.30412,0.00,0.00
2017.05.15 03:57:01.584,12.30152,12.30401,0.00,0.00
2017.05.15 03:57:01.685,12.30152,12.30412,0.00,0.00
2017.05.15 03:57:01.987,12.30152,12.30402,0.00,0.00
2017.05.15 03:57:02.187,12.30152,12.30412,0.00,0.00
2017.05.15 03:57:02.688,12.30152,12.30402,0.00,0.00
2017.05.15 03:57:02.888,12.30152,12.30412,0.00,0.00
2017.05.15 03:57:03.189,12.30152,12.30402,0.00,0.00
2017.05.15 03:57:03.430,12.30152,12.30412,0.00,0.00
2017.05.15 03:57:03.596,12.30152,12.30402,0.00,0.00
2017.05.15 03:57:03.891,12.30152,12.30412,0.00,0.00
2017.05.15 03:57:04.420,12.30152,12.30402,0.00,0.00
2017.05.15 03:57:04.492,12.30152,12.30412,0.00,0.00
2017.05.15 03:57:04.693,12.30152,12.30402,0.00,0.00
2017.05.15 03:57:04.895,12.30152,12.30412,0.00,0.00
2017.05.15 03:57:05.096,12.30152,12.30402,0.00,0.00
2017.05.15 03:57:05.797,12.30152,12.30412,0.00,0.00
2017.05.15 03:57:06.402,12.30152,12.30401,0.00,0.00
2017.05.15 03:57:06.799,12.30152,12.30412,0.00,0.00
2017.05.15 03:57:06.899,12.30152,12.30401,0.00,0.00
2017.05.15 03:57:07.105,12.30152,12.30412,0.00,0.00
2017.05.15 03:57:08.054,12.30152,12.30402,0.00,0.00
2017.05.15 03:57:08.104,12.30152,12.30412,0.00,0.00
2017.05.15 03:57:08.304,12.30152,12.30402,0.00,0.00
2017.05.15 03:57:08.405,12.30152,12.30412,0.00,0.00
2017.05.15 03:57:08.505,12.30152,12.30402,0.00,0.00
2017.05.15 03:57:08.605,12.30152,12.30411,0.00,0.00
2017.05.15 03:57:10.031,12.30152,12.30402,0.00,0.00
2017.05.15 03:57:10.407,12.30152,12.30412,0.00,0.00
2017.05.15 03:57:11.209,12.30152,12.30411,0.00,0.00
2017.05.15 03:57:12.811,12.30152,12.30402,0.00,0.00
2017.05.15 03:57:12.911,12.30152,12.30411,0.00,0.00
2017.05.15 03:57:13.417,12.30152,12.30412,0.00,0.00
2017.05.15 03:57:13.612,12.30152,12.30402,0.00,0.00
2017.05.15 03:57:13.813,12.30152,12.30412,0.00,0.00
2017.05.15 03:57:15.015,12.30152,12.30411,0.00,0.00
2017.05.15 03:57:15.936,12.30152,12.30402,0.00,0.00
2017.05.15 03:57:16.117,12.30152,12.30411,0.00,0.00
2017.05.15 03:57:16.633,12.30152,12.30402,0.00,0.00
2017.05.15 03:57:16.718,12.30152,12.30411,0.00,0.00
2017.05.15 03:57:16.819,12.30152,12.30402,0.00,0.00
2017.05.15 03:57:16.920,12.30152,12.30412,0.00,0.00
2017.05.15 03:57:18.620,12.30152,12.30402,0.00,0.00
2017.05.15 03:57:18.720,12.30152,12.30412,0.00,0.00
2017.05.15 03:57:19.321,12.30152,12.30402,0.00,0.00
2017.05.15 03:57:19.521,12.30152,12.30412,0.00,0.00
2017.05.15 03:57:20.723,12.30152,12.30402,0.00,0.00
2017.05.15 03:57:21.324,12.30152,12.30412,0.00,0.00
2017.05.15 03:57:21.864,12.30152,12.30411,0.00,0.00
2017.05.15 03:57:22.527,12.30152,12.30412,0.00,0.00
2017.05.15 03:57:23.126,12.30152,12.30401,0.00,0.00
2017.05.15 03:57:23.236,12.30152,12.30412,0.00,0.00
2017.05.15 03:57:23.427,12.30152,12.30401,0.00,0.00
2017.05.15 03:57:24.028,12.30152,12.30412,0.00,0.00
2017.05.15 03:57:25.029,12.30152,12.30402,0.00,0.00
2017.05.15 03:57:25.430,12.30152,12.30412,0.00,0.00
2017.05.15 03:57:26.331,12.30152,12.30402,0.00,0.00
2017.05.15 03:57:26.431,12.30152,12.30412,0.00,0.00
2017.05.15 03:57:26.732,12.30152,12.30402,0.00,0.00
2017.05.15 03:57:26.869,12.30152,12.30412,0.00,0.00
2017.05.15 03:57:28.634,12.30152,12.30402,0.00,0.00
2017.05.15 03:57:28.847,12.30152,12.30412,0.00,0.00
2017.05.15 03:57:29.936,12.30152,12.30402,0.00,0.00
2017.05.15 03:57:30.036,12.30152,12.30411,0.00,0.00
2017.05.15 03:57:30.437,12.30152,12.30401,0.00,0.00
2017.05.15 03:57:31.639,12.30152,12.30412,0.00,0.00
2017.05.15 03:57:32.150,12.30152,12.30401,0.00,0.00
2017.05.15 03:57:32.340,12.30152,12.30411,0.00,0.00
2017.05.15 03:57:32.640,12.30152,12.30401,0.00,0.00
2017.05.15 03:57:32.841,12.30152,12.30412,0.00,0.00
2017.05.15 03:57:32.941,12.30152,12.30401,0.00,0.00
2017.05.15 03:57:33.563,12.30151,12.30401,0.00,0.00
2017.05.15 03:57:33.642,12.30151,12.30412,0.00,0.00
2017.05.15 03:57:34.788,12.30151,12.30401,0.00,0.00
2017.05.15 03:57:34.943,12.30151,12.30412,0.00,0.00
2017.05.15 03:57:35.448,12.30151,12.30401,0.00,0.00
2017.05.15 03:57:35.845,12.30152,12.30412,0.00,0.00
2017.05.15 03:57:36.381,12.30151,12.30412,0.00,0.00
2017.05.15 03:57:36.546,12.30151,12.30402,0.00,0.00
2017.05.15 03:57:37.048,12.30152,12.30402,0.00,0.00
2017.05.15 03:57:37.148,12.30152,12.30412,0.00,0.00
2017.05.15 03:57:37.348,12.30152,12.30402,0.00,0.00
2017.05.15 03:57:37.648,12.30152,12.30412,0.00,0.00
2017.05.15 03:57:37.848,12.30152,12.30402,0.00,0.00
2017.05.15 03:57:38.089,12.30152,12.30412,0.00,0.00
2017.05.15 03:57:38.349,12.30151,12.30402,0.00,0.00
2017.05.15 03:57:38.750,12.30151,12.30412,0.00,0.00
2017.05.15 03:57:39.165,12.30151,12.30391,0.00,0.00
2017.05.15 03:57:39.451,12.30151,12.30411,0.00,0.00
2017.05.15 03:57:39.651,12.30151,12.30391,0.00,0.00
2017.05.15 03:57:39.852,12.30151,12.30411,0.00,0.00
2017.05.15 03:57:40.667,12.30152,12.30411,0.00,0.00
2017.05.15 03:57:40.874,12.30152,12.30392,0.00,0.00
2017.05.15 03:57:40.976,12.30151,12.30411,0.00,0.00
2017.05.15 03:57:41.388,12.30151,12.30391,0.00,0.00
2017.05.15 03:57:41.489,12.30151,12.30411,0.00,0.00
2017.05.15 03:57:41.855,12.30151,12.30391,0.00,0.00
2017.05.15 03:57:42.156,12.30151,12.30411,0.00,0.00
2017.05.15 03:57:43.774,12.30152,12.30411,0.00,0.00
2017.05.15 03:57:44.258,12.30152,12.30392,0.00,0.00
2017.05.15 03:57:44.559,12.30152,12.30411,0.00,0.00
2017.05.15 03:57:46.060,12.30152,12.30392,0.00,0.00
2017.05.15 03:57:46.160,12.30152,12.30411,0.00,0.00
2017.05.15 03:57:46.460,12.30152,12.30391,0.00,0.00
2017.05.15 03:57:46.561,12.30152,12.30411,0.00,0.00
2017.05.15 03:57:46.761,12.30152,12.30392,0.00,0.00
2017.05.15 03:57:46.861,12.30152,12.30411,0.00,0.00
2017.05.15 03:57:49.363,12.30152,12.30391,0.00,0.00
2017.05.15 03:57:49.463,12.30152,12.30411,0.00,0.00
2017.05.15 03:57:51.166,12.30152,12.30391,0.00,0.00
2017.05.15 03:57:51.567,12.30152,12.30411,0.00,0.00
2017.05.15 03:57:51.967,12.30152,12.30392,0.00,0.00
2017.05.15 03:57:52.168,12.30152,12.30411,0.00,0.00
2017.05.15 03:57:52.468,12.30152,12.30392,0.00,0.00
2017.05.15 03:57:54.561,12.30108,12.30311,0.00,0.00
2017.05.15 03:57:54.612,12.30098,12.30311,0.00,0.00
2017.05.15 03:57:54.805,12.30062,12.30301,0.00,0.00
2017.05.15 03:57:55.473,12.30062,12.30311,0.00,0.00
2017.05.15 03:57:55.775,12.30062,12.30302,0.00,0.00
2017.05.15 03:57:56.075,12.30062,12.30311,0.00,0.00
2017.05.15 03:57:56.776,12.30062,12.30302,0.00,0.00
2017.05.15 03:57:56.906,12.30062,12.30311,0.00,0.00
2017.05.15 03:57:57.125,12.30052,12.30301,0.00,0.00
2017.05.15 03:57:57.484,12.30052,12.30291,0.00,0.00
2017.05.15 03:57:57.677,12.30052,12.30301,0.00,0.00
2017.05.15 03:57:58.487,12.30052,12.30292,0.00,0.00
2017.05.15 03:57:59.191,12.30052,12.30301,0.00,0.00
2017.05.15 03:58:00.685,12.30052,12.30291,0.00,0.00
2017.05.15 03:58:04.529,12.30052,12.30301,0.00,0.00
2017.05.15 03:58:09.903,12.30052,12.30292,0.00,0.00
2017.05.15 03:58:10.828,12.30052,12.30301,0.00,0.00
2017.05.15 03:58:15.625,12.30052,12.30292,0.00,0.00
2017.05.15 03:58:15.911,12.30052,12.30301,0.00,0.00
2017.05.15 03:58:47.073,12.30052,12.30321,0.00,0.00
2017.05.15 03:58:47.281,12.30052,12.30328,0.00,0.00
2017.05.15 03:58:47.352,12.30052,12.30322,0.00,0.00
2017.05.15 03:58:48.887,12.30052,12.30301,0.00,0.00
2017.05.15 03:58:49.205,12.30052,12.30318,0.00,0.00
2017.05.15 03:58:49.342,12.30052,12.30322,0.00,0.00
2017.05.15 03:58:49.404,12.30052,12.30328,0.00,0.00
2017.05.15 03:58:49.505,12.30052,12.30321,0.00,0.00
2017.05.15 03:58:49.798,12.30052,12.30328,0.00,0.00
2017.05.15 03:58:50.259,12.30052,12.30301,0.00,0.00
2017.05.15 03:58:51.565,12.30052,12.30311,0.00,0.00
2017.05.15 03:58:52.139,12.30051,12.30311,0.00,0.00
2017.05.15 03:58:52.800,12.30051,12.30329,0.00,0.00
2017.05.15 03:58:56.075,12.30051,12.30302,0.00,0.00
2017.05.15 03:58:56.176,12.30051,12.30329,0.00,0.00
2017.05.15 03:58:56.267,12.30051,12.30322,0.00,0.00
2017.05.15 03:58:57.168,12.30051,12.30329,0.00,0.00
2017.05.15 03:58:58.114,12.30051,12.30301,0.00,0.00
2017.05.15 03:58:58.675,12.30051,12.30329,0.00,0.00
2017.05.15 03:58:58.971,12.30051,12.30312,0.00,0.00
2017.05.15 03:58:59.685,12.30051,12.30329,0.00,0.00
2017.05.15 03:59:00.605,12.30051,12.30322,0.00,0.00
2017.05.15 03:59:00.673,12.30051,12.30329,0.00,0.00
2017.05.15 03:59:00.873,12.30051,12.30321,0.00,0.00
2017.05.15 03:59:01.363,12.30051,12.30302,0.00,0.00
2017.05.15 03:59:02.175,12.30051,12.30329,0.00,0.00
2017.05.15 03:59:02.776,12.30051,12.30321,0.00,0.00
2017.05.15 03:59:03.026,12.30051,12.30329,0.00,0.00
2017.05.15 03:59:03.395,12.30051,12.30312,0.00,0.00
2017.05.15 03:59:05.379,12.30051,12.30329,0.00,0.00
2017.05.15 03:59:05.726,12.30051,12.30311,0.00,0.00
2017.05.15 03:59:05.981,12.30051,12.30329,0.00,0.00
2017.05.15 03:59:06.382,12.30051,12.30321,0.00,0.00
2017.05.15 03:59:06.884,12.30051,12.30311,0.00,0.00
2017.05.15 03:59:07.025,12.30051,12.30329,0.00,0.00
2017.05.15 03:59:07.185,12.30051,12.30311,0.00,0.00
2017.05.15 03:59:07.285,12.30051,12.30322,0.00,0.00
2017.05.15 03:59:07.386,12.30051,12.30312,0.00,0.00
2017.05.15 03:59:08.224,12.30051,12.30329,0.00,0.00
2017.05.15 03:59:08.738,12.30051,12.30311,0.00,0.00
2017.05.15 03:59:08.890,12.30051,12.30322,0.00,0.00
2017.05.15 03:59:09.009,12.30059,12.30329,0.00,0.00
2017.05.15 03:59:09.110,12.30051,12.30322,0.00,0.00
2017.05.15 03:59:09.228,12.30058,12.30329,0.00,0.00
2017.05.15 03:59:09.542,12.30051,12.30311,0.00,0.00
2017.05.15 03:59:09.592,12.30051,12.30322,0.00,0.00
2017.05.15 03:59:09.693,12.30051,12.30311,0.00,0.00
2017.05.15 03:59:10.435,12.30051,12.30322,0.00,0.00
2017.05.15 03:59:10.493,12.30051,12.30329,0.00,0.00
2017.05.15 03:59:10.694,12.30051,12.30321,0.00,0.00
2017.05.15 03:59:11.202,12.30051,12.30311,0.00,0.00
2017.05.15 03:59:12.231,12.30051,12.30321,0.00,0.00
2017.05.15 03:59:12.332,12.30058,12.30329,0.00,0.00
2017.05.15 03:59:12.640,12.30051,12.30329,0.00,0.00
2017.05.15 03:59:12.691,12.30048,12.30238,0.00,0.00
2017.05.15 03:59:12.742,12.30028,12.30238,0.00,0.00
2017.05.15 03:59:12.860,12.30022,12.30238,0.00,0.00
2017.05.15 03:59:12.911,12.30001,12.30231,0.00,0.00
2017.05.15 03:59:12.963,12.29962,12.30231,0.00,0.00
2017.05.15 03:59:13.500,12.29969,12.30231,0.00,0.00
2017.05.15 03:59:13.815,12.29962,12.30221,0.00,0.00
2017.05.15 03:59:14.301,12.29962,12.30231,0.00,0.00
2017.05.15 03:59:14.927,12.29969,12.30231,0.00,0.00
2017.05.15 03:59:15.253,12.29962,12.30222,0.00,0.00
2017.05.15 03:59:15.304,12.29962,12.30231,0.00,0.00
2017.05.15 03:59:16.346,12.29969,12.30231,0.00,0.00
2017.05.15 03:59:16.515,12.29962,12.30231,0.00,0.00
2017.05.15 03:59:16.616,12.29962,12.30221,0.00,0.00
2017.05.15 03:59:16.931,12.29968,12.30231,0.00,0.00
2017.05.15 03:59:18.308,12.29962,12.30231,0.00,0.00
2017.05.15 03:59:18.509,12.29962,12.30222,0.00,0.00
2017.05.15 03:59:19.241,12.29962,12.30231,0.00,0.00
2017.05.15 03:59:21.346,12.29969,12.30231,0.00,0.00
2017.05.15 03:59:21.908,12.29962,12.30222,0.00,0.00
2017.05.15 03:59:22.714,12.29962,12.30231,0.00,0.00
2017.05.15 03:59:23.857,12.29962,12.30222,0.00,0.00
2017.05.15 03:59:23.958,12.29968,12.30231,0.00,0.00
2017.05.15 03:59:25.145,12.29962,12.30231,0.00,0.00
2017.05.15 03:59:25.262,12.29962,12.30222,0.00,0.00
2017.05.15 03:59:26.346,12.29968,12.30231,0.00,0.00
2017.05.15 03:59:26.629,12.29962,12.30231,0.00,0.00
2017.05.15 03:59:26.680,12.29962,12.30238,0.00,0.00
2017.05.15 03:59:26.731,12.29962,12.30222,0.00,0.00
2017.05.15 03:59:26.821,12.29962,12.30231,0.00,0.00
2017.05.15 03:59:28.335,12.29962,12.30221,0.00,0.00
2017.05.15 03:59:31.253,12.29968,12.30238,0.00,0.00
2017.05.15 03:59:31.327,12.29962,12.30222,0.00,0.00
2017.05.15 03:59:32.851,12.29962,12.30232,0.00,0.00
2017.05.15 03:59:32.952,12.29962,12.30222,0.00,0.00
2017.05.15 03:59:34.355,12.29962,12.30232,0.00,0.00
2017.05.15 03:59:34.434,12.29962,12.30222,0.00,0.00
2017.05.15 03:59:38.339,12.29962,12.30231,0.00,0.00
2017.05.15 03:59:39.369,12.29962,12.30238,0.00,0.00
2017.05.15 03:59:39.640,12.29962,12.30221,0.00,0.00
2017.05.15 03:59:40.866,12.29962,12.30232,0.00,0.00
2017.05.15 03:59:40.967,12.29962,12.30222,0.00,0.00
2017.05.15 03:59:41.695,12.29959,12.30222,0.00,0.00
2017.05.15 03:59:41.842,12.29959,12.30232,0.00,0.00
2017.05.15 03:59:44.144,12.29959,12.30222,0.00,0.00
2017.05.15 03:59:44.545,12.29959,12.30231,0.00,0.00
2017.05.15 03:59:44.768,12.29959,12.30211,0.00,0.00
2017.05.15 03:59:44.846,12.29959,12.30232,0.00,0.00
2017.05.15 03:59:46.448,12.29959,12.30239,0.00,0.00
2017.05.15 03:59:46.499,12.29959,12.30229,0.00,0.00
2017.05.15 03:59:46.824,12.29959,12.30218,0.00,0.00
2017.05.15 03:59:47.987,12.29959,12.30219,0.00,0.00
2017.05.15 03:59:49.165,12.29959,12.30218,0.00,0.00
2017.05.15 03:59:49.706,12.29959,12.30219,0.00,0.00
2017.05.15 03:59:56.436,12.29959,12.30218,0.00,0.00
2017.05.15 03:59:58.903,12.29959,12.30219,0.00,0.00
