2018.04.12 18:00:00.061,13.37721,13.37941,0.00,0.00
2018.04.12 18:00:00.112,13.37742,13.37952,0.00,0.00
2018.04.12 18:00:00.192,13.37742,13.37961,0.00,0.00
2018.04.12 18:00:00.718,13.37741,13.37961,0.00,0.00
2018.04.12 18:00:02.631,13.37761,13.37961,0.00,0.00
2018.04.12 18:00:03.071,13.37742,13.37961,0.00,0.00
2018.04.12 18:00:05.038,13.37741,13.37961,0.00,0.00
2018.04.12 18:00:09.710,13.37742,13.37961,0.00,0.00
2018.04.12 18:00:13.749,13.37862,13.38042,0.00,0.00
2018.04.12 18:00:14.027,13.37851,13.38041,0.00,0.00
2018.04.12 18:00:14.498,13.37832,13.38041,0.00,0.00
2018.04.12 18:00:14.549,13.37832,13.38021,0.00,0.00
2018.04.12 18:00:14.608,13.37802,13.38021,0.00,0.00
2018.04.12 18:00:15.199,13.37801,13.38021,0.00,0.00
2018.04.12 18:00:17.267,13.37801,13.38002,0.00,0.00
2018.04.12 18:00:17.572,13.37802,13.38021,0.00,0.00
2018.04.12 18:00:18.388,13.37811,13.38021,0.00,0.00
2018.04.12 18:00:18.707,13.37802,13.38021,0.00,0.00
2018.04.12 18:00:19.108,13.37811,13.38021,0.00,0.00
2018.04.12 18:00:19.279,13.37791,13.38021,0.00,0.00
2018.04.12 18:00:19.329,13.37791,13.38002,0.00,0.00
2018.04.12 18:00:19.380,13.37781,13.38002,0.00,0.00
2018.04.12 18:00:19.431,13.37761,13.38012,0.00,0.00
2018.04.12 18:00:19.481,13.37802,13.38012,0.00,0.00
2018.04.12 18:00:20.047,13.37802,13.38031,0.00,0.00
2018.04.12 18:00:20.097,13.37822,13.38012,0.00,0.00
2018.04.12 18:00:20.148,13.37802,13.38001,0.00,0.00
2018.04.12 18:00:20.199,13.37781,13.38001,0.00,0.00
2018.04.12 18:00:20.300,13.37772,13.37981,0.00,0.00
2018.04.12 18:00:20.350,13.37771,13.37992,0.00,0.00
2018.04.12 18:00:20.686,13.37781,13.37992,0.00,0.00
2018.04.12 18:00:20.954,13.37801,13.38031,0.00,0.00
2018.04.12 18:00:23.252,13.37801,13.38002,0.00,0.00
2018.04.12 18:00:23.303,13.37782,13.38002,0.00,0.00
2018.04.12 18:00:23.569,13.37718,13.37952,0.00,0.00
2018.04.12 18:00:23.620,13.37702,13.37952,0.00,0.00
2018.04.12 18:00:23.977,13.37721,13.37952,0.00,0.00
2018.04.12 18:00:24.478,13.37722,13.37952,0.00,0.00
2018.04.12 18:00:25.820,13.37702,13.37952,0.00,0.00
2018.04.12 18:00:25.922,13.37701,13.37942,0.00,0.00
2018.04.12 18:00:26.479,13.37681,13.37942,0.00,0.00
2018.04.12 18:00:26.530,13.37682,13.37872,0.00,0.00
2018.04.12 18:00:26.581,13.37661,13.37872,0.00,0.00
2018.04.12 18:00:26.912,13.37631,13.37872,0.00,0.00
2018.04.12 18:00:26.963,13.37642,13.37872,0.00,0.00
2018.04.12 18:00:27.209,13.37522,13.37762,0.00,0.00
2018.04.12 18:00:27.260,13.37522,13.37752,0.00,0.00
2018.04.12 18:00:27.595,13.37401,13.37652,0.00,0.00
2018.04.12 18:00:27.697,13.37412,13.37652,0.00,0.00
2018.04.12 18:00:28.001,13.37431,13.37602,0.00,0.00
2018.04.12 18:00:28.102,13.37431,13.37642,0.00,0.00
2018.04.12 18:00:28.153,13.37452,13.37652,0.00,0.00
2018.04.12 18:00:28.254,13.37431,13.37652,0.00,0.00
2018.04.12 18:00:28.815,13.37432,13.37642,0.00,0.00
2018.04.12 18:00:28.868,13.37431,13.37651,0.00,0.00
2018.04.12 18:00:28.919,13.37452,13.37651,0.00,0.00
2018.04.12 18:00:29.073,13.37431,13.37652,0.00,0.00
2018.04.12 18:00:30.381,13.37431,13.37622,0.00,0.00
2018.04.12 18:00:30.431,13.37341,13.37552,0.00,0.00
2018.04.12 18:00:30.482,13.37341,13.37582,0.00,0.00
2018.04.12 18:00:30.533,13.37366,13.37589,0.00,0.00
2018.04.12 18:00:30.584,13.37361,13.37589,0.00,0.00
2018.04.12 18:00:30.685,13.37341,13.37589,0.00,0.00
2018.04.12 18:00:30.807,13.37341,13.37572,0.00,0.00
2018.04.12 18:00:31.074,13.37321,13.37561,0.00,0.00
2018.04.12 18:00:31.125,13.37291,13.37481,0.00,0.00
2018.04.12 18:00:31.178,13.37261,13.37489,0.00,0.00
2018.04.12 18:00:31.329,13.37261,13.37479,0.00,0.00
2018.04.12 18:00:31.565,13.37212,13.37478,0.00,0.00
2018.04.12 18:00:31.616,13.37226,13.37479,0.00,0.00
2018.04.12 18:00:32.080,13.37227,13.37488,0.00,0.00
2018.04.12 18:00:32.131,13.37247,13.37488,0.00,0.00
2018.04.12 18:00:32.232,13.37232,13.37478,0.00,0.00
2018.04.12 18:00:32.662,13.37252,13.37478,0.00,0.00
2018.04.12 18:00:32.713,13.37252,13.37488,0.00,0.00
2018.04.12 18:00:32.765,13.37301,13.37532,0.00,0.00
2018.04.12 18:00:32.816,13.37302,13.37538,0.00,0.00
2018.04.12 18:00:32.968,13.37331,13.37539,0.00,0.00
2018.04.12 18:00:33.100,13.37331,13.37561,0.00,0.00
2018.04.12 18:00:33.408,13.37331,13.37579,0.00,0.00
2018.04.12 18:00:33.510,13.37342,13.37582,0.00,0.00
2018.04.12 18:00:33.979,13.37322,13.37582,0.00,0.00
2018.04.12 18:00:34.097,13.37342,13.37581,0.00,0.00
2018.04.12 18:00:36.022,13.37321,13.37581,0.00,0.00
2018.04.12 18:00:36.119,13.37321,13.37572,0.00,0.00
2018.04.12 18:00:36.221,13.37281,13.37559,0.00,0.00
2018.04.12 18:00:36.372,13.37301,13.37559,0.00,0.00
2018.04.12 18:00:36.891,13.37311,13.37561,0.00,0.00
2018.04.12 18:00:36.942,13.37302,13.37561,0.00,0.00
2018.04.12 18:00:36.992,13.37311,13.37561,0.00,0.00
2018.04.12 18:00:37.355,13.37311,13.37579,0.00,0.00
2018.04.12 18:00:37.405,13.37332,13.37578,0.00,0.00
2018.04.12 18:00:37.502,13.37311,13.37579,0.00,0.00
2018.04.12 18:00:37.878,13.37311,13.37582,0.00,0.00
2018.04.12 18:00:37.928,13.37336,13.37582,0.00,0.00
2018.04.12 18:00:39.250,13.37337,13.37582,0.00,0.00
2018.04.12 18:00:39.443,13.37321,13.37582,0.00,0.00
2018.04.12 18:00:39.653,13.37302,13.37582,0.00,0.00
2018.04.12 18:00:40.120,13.37302,13.37578,0.00,0.00
2018.04.12 18:00:40.438,13.37306,13.37569,0.00,0.00
2018.04.12 18:00:41.002,13.37301,13.37579,0.00,0.00
2018.04.12 18:00:41.300,13.37301,13.37562,0.00,0.00
2018.04.12 18:00:41.892,13.37341,13.37579,0.00,0.00
2018.04.12 18:00:42.130,13.37322,13.37578,0.00,0.00
2018.04.12 18:00:42.231,13.37302,13.37578,0.00,0.00
2018.04.12 18:00:42.509,13.37282,13.37548,0.00,0.00
2018.04.12 18:00:42.884,13.37251,13.37479,0.00,0.00
2018.04.12 18:00:42.987,13.37222,13.37458,0.00,0.00
2018.04.12 18:00:43.038,13.37241,13.37489,0.00,0.00
2018.04.12 18:00:43.176,13.37271,13.37489,0.00,0.00
2018.04.12 18:00:43.227,13.37251,13.37489,0.00,0.00
2018.04.12 18:00:43.328,13.37232,13.37488,0.00,0.00
2018.04.12 18:00:43.388,13.37241,13.37489,0.00,0.00
2018.04.12 18:00:43.501,13.37232,13.37488,0.00,0.00
2018.04.12 18:00:43.603,13.37241,13.37489,0.00,0.00
2018.04.12 18:00:43.755,13.37211,13.37479,0.00,0.00
2018.04.12 18:00:43.857,13.37231,13.37479,0.00,0.00
2018.04.12 18:00:44.184,13.37251,13.37479,0.00,0.00
2018.04.12 18:00:44.306,13.37188,13.37502,0.00,0.00
2018.04.12 18:00:44.650,13.37252,13.37478,0.00,0.00
2018.04.12 18:00:45.267,13.37251,13.37479,0.00,0.00
2018.04.12 18:00:46.927,13.37231,13.37479,0.00,0.00
2018.04.12 18:00:47.219,13.37211,13.37479,0.00,0.00
2018.04.12 18:00:47.578,13.37226,13.37469,0.00,0.00
2018.04.12 18:00:47.989,13.37222,13.37468,0.00,0.00
2018.04.12 18:00:48.040,13.37222,13.37458,0.00,0.00
2018.04.12 18:00:48.118,13.37201,13.37459,0.00,0.00
2018.04.12 18:00:48.358,13.37221,13.37479,0.00,0.00
2018.04.12 18:00:48.774,13.37272,13.37478,0.00,0.00
2018.04.12 18:00:48.825,13.37311,13.37529,0.00,0.00
2018.04.12 18:00:49.078,13.37312,13.37548,0.00,0.00
2018.04.12 18:00:49.589,13.37311,13.37549,0.00,0.00
2018.04.12 18:00:50.890,13.37291,13.37501,0.00,0.00
2018.04.12 18:00:50.941,13.37271,13.37501,0.00,0.00
2018.04.12 18:00:51.068,13.37261,13.37539,0.00,0.00
2018.04.12 18:00:51.616,13.37262,13.37498,0.00,0.00
2018.04.12 18:00:51.952,13.37262,13.37478,0.00,0.00
2018.04.12 18:00:52.088,13.37242,13.37478,0.00,0.00
2018.04.12 18:00:52.687,13.37262,13.37478,0.00,0.00
2018.04.12 18:00:52.829,13.37242,13.37478,0.00,0.00
2018.04.12 18:00:53.335,13.37188,13.37491,0.00,0.00
2018.04.12 18:00:53.402,13.37262,13.37478,0.00,0.00
2018.04.12 18:00:53.452,13.37262,13.37488,0.00,0.00
2018.04.12 18:00:54.196,13.37241,13.37489,0.00,0.00
2018.04.12 18:00:54.247,13.37242,13.37478,0.00,0.00
2018.04.12 18:00:54.398,13.37242,13.37488,0.00,0.00
2018.04.12 18:00:54.449,13.37262,13.37488,0.00,0.00
2018.04.12 18:00:54.702,13.37241,13.37489,0.00,0.00
2018.04.12 18:00:55.503,13.37242,13.37488,0.00,0.00
2018.04.12 18:00:55.555,13.37331,13.37572,0.00,0.00
2018.04.12 18:00:55.844,13.37332,13.37578,0.00,0.00
2018.04.12 18:00:56.520,13.37331,13.37579,0.00,0.00
2018.04.12 18:00:56.948,13.37312,13.37548,0.00,0.00
2018.04.12 18:00:57.150,13.37331,13.37579,0.00,0.00
2018.04.12 18:00:57.619,13.37312,13.37578,0.00,0.00
2018.04.12 18:00:58.387,13.37311,13.37579,0.00,0.00
2018.04.12 18:00:58.558,13.37331,13.37579,0.00,0.00
2018.04.12 18:00:58.609,13.37331,13.37589,0.00,0.00
2018.04.12 18:00:58.660,13.37351,13.37589,0.00,0.00
2018.04.12 18:00:59.249,13.37352,13.37588,0.00,0.00
2018.04.12 18:00:59.655,13.37309,13.37601,0.00,0.00
2018.04.12 18:01:00.053,13.37308,13.37582,0.00,0.00
2018.04.12 18:01:00.103,13.37201,13.37491,0.00,0.00
2018.04.12 18:01:00.154,13.37211,13.37469,0.00,0.00
2018.04.12 18:01:00.719,13.37212,13.37468,0.00,0.00
2018.04.12 18:01:01.020,13.37211,13.37461,0.00,0.00
2018.04.12 18:01:03.068,13.37222,13.37461,0.00,0.00
2018.04.12 18:01:03.119,13.37221,13.37469,0.00,0.00
2018.04.12 18:01:03.327,13.37221,13.37462,0.00,0.00
2018.04.12 18:01:03.379,13.37212,13.37462,0.00,0.00
2018.04.12 18:01:03.897,13.37211,13.37462,0.00,0.00
2018.04.12 18:01:03.948,13.37182,13.37462,0.00,0.00
2018.04.12 18:01:04.152,13.37182,13.37449,0.00,0.00
2018.04.12 18:01:04.503,13.37112,13.37348,0.00,0.00
2018.04.12 18:01:04.834,13.37262,13.37348,0.00,0.00
2018.04.12 18:01:05.488,13.37262,13.37378,0.00,0.00
2018.04.12 18:01:06.202,13.37262,13.37379,0.00,0.00
2018.04.12 18:01:06.472,13.37262,13.37348,0.00,0.00
2018.04.12 18:01:07.001,13.37262,13.37349,0.00,0.00
2018.04.12 18:01:07.397,13.37262,13.37378,0.00,0.00
2018.04.12 18:01:07.681,13.37262,13.37389,0.00,0.00
2018.04.12 18:01:07.985,13.37262,13.37401,0.00,0.00
2018.04.12 18:01:08.746,13.37262,13.37379,0.00,0.00
2018.04.12 18:01:09.068,13.37262,13.37389,0.00,0.00
2018.04.12 18:01:09.214,13.37262,13.37451,0.00,0.00
2018.04.12 18:01:09.265,13.37262,13.37489,0.00,0.00
2018.04.12 18:01:10.624,13.37262,13.37479,0.00,0.00
2018.04.12 18:01:11.587,13.37262,13.37478,0.00,0.00
2018.04.12 18:01:11.670,13.37262,13.37489,0.00,0.00
2018.04.12 18:01:12.473,13.37262,13.37488,0.00,0.00
2018.04.12 18:01:12.882,13.37262,13.37479,0.00,0.00
2018.04.12 18:01:12.932,13.37262,13.37489,0.00,0.00
2018.04.12 18:01:13.301,13.37262,13.37479,0.00,0.00
2018.04.12 18:01:13.923,13.37262,13.37472,0.00,0.00
2018.04.12 18:01:14.468,13.37262,13.37389,0.00,0.00
2018.04.12 18:01:14.894,13.37262,13.37379,0.00,0.00
2018.04.12 18:01:14.945,13.37262,13.37389,0.00,0.00
2018.04.12 18:01:15.468,13.37262,13.37388,0.00,0.00
2018.04.12 18:01:15.569,13.37262,13.37379,0.00,0.00
2018.04.12 18:01:16.118,13.37262,13.37349,0.00,0.00
2018.04.12 18:01:17.328,13.37262,13.37348,0.00,0.00
2018.04.12 18:01:17.531,13.37262,13.37379,0.00,0.00
2018.04.12 18:01:17.749,13.37262,13.37388,0.00,0.00
2018.04.12 18:01:17.800,13.37262,13.37378,0.00,0.00
2018.04.12 18:01:18.575,13.37262,13.37389,0.00,0.00
2018.04.12 18:01:20.356,13.37262,13.37388,0.00,0.00
2018.04.12 18:01:21.678,13.37262,13.37379,0.00,0.00
2018.04.12 18:01:22.431,13.37262,13.37378,0.00,0.00
2018.04.12 18:01:23.360,13.37262,13.37349,0.00,0.00
2018.04.12 18:01:23.412,13.37262,13.37379,0.00,0.00
2018.04.12 18:01:23.802,13.37262,13.37389,0.00,0.00
2018.04.12 18:01:24.273,13.37262,13.37379,0.00,0.00
2018.04.12 18:01:24.891,13.37262,13.37349,0.00,0.00
2018.04.12 18:01:25.978,13.37262,13.37379,0.00,0.00
2018.04.12 18:01:26.080,13.37262,13.37388,0.00,0.00
2018.04.12 18:01:26.763,13.37262,13.37389,0.00,0.00
2018.04.12 18:01:27.591,13.37262,13.37388,0.00,0.00
2018.04.12 18:01:27.703,13.37262,13.37379,0.00,0.00
2018.04.12 18:01:28.052,13.37262,13.37348,0.00,0.00
2018.04.12 18:01:28.104,13.37262,13.37378,0.00,0.00
2018.04.12 18:01:28.794,13.37262,13.37379,0.00,0.00
2018.04.12 18:01:29.590,13.37262,13.37388,0.00,0.00
2018.04.12 18:01:29.641,13.37262,13.37378,0.00,0.00
2018.04.12 18:01:30.050,13.37262,13.37388,0.00,0.00
2018.04.12 18:01:30.727,13.37262,13.37389,0.00,0.00
2018.04.12 18:01:32.207,13.37262,13.37388,0.00,0.00
2018.04.12 18:01:32.632,13.37262,13.37452,0.00,0.00
2018.04.12 18:01:32.734,13.37262,13.37479,0.00,0.00
2018.04.12 18:01:34.047,13.37262,13.37489,0.00,0.00
2018.04.12 18:01:34.270,13.37262,13.37479,0.00,0.00
2018.04.12 18:01:36.108,13.37262,13.37478,0.00,0.00
2018.04.12 18:01:36.210,13.37262,13.37488,0.00,0.00
2018.04.12 18:01:36.654,13.37278,13.37489,0.00,0.00
2018.04.12 18:01:36.963,13.37351,13.37589,0.00,0.00
2018.04.12 18:01:37.014,13.37358,13.37588,0.00,0.00
2018.04.12 18:01:37.380,13.37431,13.37652,0.00,0.00
2018.04.12 18:01:37.518,13.37459,13.37688,0.00,0.00
2018.04.12 18:01:38.513,13.37479,13.37688,0.00,0.00
2018.04.12 18:01:39.232,13.37479,13.37689,0.00,0.00
2018.04.12 18:01:39.550,13.37479,13.37702,0.00,0.00
2018.04.12 18:01:39.601,13.37479,13.37689,0.00,0.00
2018.04.12 18:01:41.497,13.37519,13.37749,0.00,0.00
2018.04.12 18:01:41.707,13.37519,13.37701,0.00,0.00
2018.04.12 18:01:41.757,13.37488,13.37689,0.00,0.00
2018.04.12 18:01:42.326,13.37518,13.37688,0.00,0.00
2018.04.12 18:01:42.377,13.37549,13.37789,0.00,0.00
2018.04.12 18:01:42.917,13.37568,13.37789,0.00,0.00
2018.04.12 18:01:43.537,13.37568,13.37788,0.00,0.00
2018.04.12 18:01:45.176,13.37568,13.37789,0.00,0.00
2018.04.12 18:01:46.710,13.37568,13.37788,0.00,0.00
2018.04.12 18:01:47.126,13.37659,13.37852,0.00,0.00
2018.04.12 18:01:47.227,13.37668,13.37889,0.00,0.00
2018.04.12 18:01:47.567,13.37668,13.37902,0.00,0.00
2018.04.12 18:01:47.625,13.37668,13.37888,0.00,0.00
2018.04.12 18:01:48.148,13.37669,13.37888,0.00,0.00
2018.04.12 18:01:48.584,13.37679,13.37888,0.00,0.00
2018.04.12 18:01:49.384,13.37679,13.37889,0.00,0.00
2018.04.12 18:01:50.598,13.37679,13.37888,0.00,0.00
2018.04.12 18:01:51.331,13.37659,13.37888,0.00,0.00
2018.04.12 18:01:51.383,13.37569,13.37788,0.00,0.00
2018.04.12 18:01:51.905,13.37569,13.37789,0.00,0.00
2018.04.12 18:01:58.477,13.37569,13.37788,0.00,0.00
2018.04.12 18:01:58.794,13.37583,13.37788,0.00,0.00
2018.04.12 18:01:58.846,13.37679,13.37889,0.00,0.00
2018.04.12 18:01:58.977,13.37668,13.37889,0.00,0.00
2018.04.12 18:01:59.620,13.37668,13.37888,0.00,0.00
2018.04.12 18:02:00.220,13.37668,13.37889,0.00,0.00
2018.04.12 18:02:01.828,13.37668,13.37818,0.00,0.00
2018.04.12 18:02:01.879,13.37608,13.37789,0.00,0.00
2018.04.12 18:02:01.980,13.37588,13.37789,0.00,0.00
2018.04.12 18:02:03.415,13.37588,13.37788,0.00,0.00
2018.04.12 18:02:04.310,13.37588,13.37789,0.00,0.00
2018.04.12 18:02:05.114,13.37588,13.37788,0.00,0.00
2018.04.12 18:02:05.708,13.37568,13.37788,0.00,0.00
2018.04.12 18:02:05.776,13.37588,13.37788,0.00,0.00
2018.04.12 18:02:06.566,13.37568,13.37788,0.00,0.00
2018.04.12 18:02:06.669,13.37548,13.37689,0.00,0.00
2018.04.12 18:02:06.929,13.37598,13.37782,0.00,0.00
2018.04.12 18:02:06.981,13.37598,13.37789,0.00,0.00
2018.04.12 18:02:07.133,13.37579,13.37789,0.00,0.00
2018.04.12 18:02:07.266,13.37598,13.37789,0.00,0.00
2018.04.12 18:02:07.317,13.37568,13.37788,0.00,0.00
2018.04.12 18:02:07.571,13.37579,13.37739,0.00,0.00
2018.04.12 18:02:07.622,13.37579,13.37782,0.00,0.00
2018.04.12 18:02:09.282,13.37589,13.37782,0.00,0.00
2018.04.12 18:02:09.332,13.37568,13.37782,0.00,0.00
2018.04.12 18:02:09.613,13.37599,13.37779,0.00,0.00
2018.04.12 18:02:10.116,13.37599,13.37788,0.00,0.00
2018.04.12 18:02:10.884,13.37599,13.37789,0.00,0.00
2018.04.12 18:02:11.441,13.37599,13.37788,0.00,0.00
2018.04.12 18:02:12.670,13.37599,13.37759,0.00,0.00
2018.04.12 18:02:12.757,13.37589,13.37759,0.00,0.00
2018.04.12 18:02:13.168,13.37589,13.37782,0.00,0.00
2018.04.12 18:02:15.100,13.37589,13.37759,0.00,0.00
2018.04.12 18:02:15.151,13.37568,13.37759,0.00,0.00
2018.04.12 18:02:15.630,13.37508,13.37688,0.00,0.00
2018.04.12 18:02:15.681,13.37498,13.37688,0.00,0.00
2018.04.12 18:02:16.001,13.37479,13.37688,0.00,0.00
2018.04.12 18:02:16.810,13.37479,13.37689,0.00,0.00
2018.04.12 18:02:18.007,13.37479,13.37688,0.00,0.00
2018.04.12 18:02:18.530,13.37479,13.37689,0.00,0.00
2018.04.12 18:02:21.653,13.37479,13.37688,0.00,0.00
2018.04.12 18:02:22.857,13.37468,13.37638,0.00,0.00
2018.04.12 18:02:22.908,13.37389,13.37588,0.00,0.00
2018.04.12 18:02:23.167,13.37329,13.37489,0.00,0.00
2018.04.12 18:02:23.470,13.37363,13.37549,0.00,0.00
2018.04.12 18:02:23.521,13.37374,13.37549,0.00,0.00
2018.04.12 18:02:23.572,13.37374,13.37579,0.00,0.00
2018.04.12 18:02:24.127,13.37374,13.37578,0.00,0.00
2018.04.12 18:02:24.629,13.37374,13.37579,0.00,0.00
2018.04.12 18:02:25.424,13.37374,13.37579,0.00,0.00
2018.04.12 18:02:26.108,13.37378,13.37578,0.00,0.00
2018.04.12 18:02:27.478,13.37378,13.37579,0.00,0.00
2018.04.12 18:02:30.386,13.37378,13.37578,0.00,0.00
2018.04.12 18:02:31.441,13.37379,13.37578,0.00,0.00
2018.04.12 18:02:32.482,13.37379,13.37579,0.00,0.00
2018.04.12 18:02:34.221,13.37379,13.37578,0.00,0.00
2018.04.12 18:02:35.043,13.37458,13.37639,0.00,0.00
2018.04.12 18:02:35.254,13.37479,13.37679,0.00,0.00
2018.04.12 18:02:36.010,13.37479,13.37678,0.00,0.00
2018.04.12 18:02:37.411,13.37479,13.37679,0.00,0.00
2018.04.12 18:02:38.818,13.37479,13.37678,0.00,0.00
2018.04.12 18:02:39.468,13.37479,13.37679,0.00,0.00
2018.04.12 18:02:40.269,13.37479,13.37678,0.00,0.00
2018.04.12 18:02:41.109,13.37479,13.37679,0.00,0.00
2018.04.12 18:02:42.468,13.37479,13.37678,0.00,0.00
2018.04.12 18:02:44.172,13.37479,13.37639,0.00,0.00
2018.04.12 18:02:44.324,13.37399,13.37579,0.00,0.00
2018.04.12 18:02:44.936,13.37399,13.37578,0.00,0.00
2018.04.12 18:02:45.400,13.37468,13.37678,0.00,0.00
2018.04.12 18:02:45.501,13.37489,13.37679,0.00,0.00
2018.04.12 18:02:45.647,13.37458,13.37679,0.00,0.00
2018.04.12 18:02:46.301,13.37478,13.37679,0.00,0.00
2018.04.12 18:02:48.121,13.37478,13.37678,0.00,0.00
2018.04.12 18:02:48.456,13.37499,13.37679,0.00,0.00
2018.04.12 18:02:51.753,13.37499,13.37678,0.00,0.00
2018.04.12 18:02:52.281,13.37499,13.37679,0.00,0.00
2018.04.12 18:02:54.202,13.37499,13.37678,0.00,0.00
2018.04.12 18:02:56.034,13.37499,13.37679,0.00,0.00
2018.04.12 18:02:56.255,13.37538,13.37768,0.00,0.00
2018.04.12 18:02:56.306,13.37538,13.37779,0.00,0.00
2018.04.12 18:02:58.077,13.37558,13.37779,0.00,0.00
2018.04.12 18:03:00.539,13.37558,13.37778,0.00,0.00
2018.04.12 18:03:00.850,13.37489,13.37678,0.00,0.00
2018.04.12 18:03:01.429,13.37489,13.37679,0.00,0.00
2018.04.12 18:03:02.191,13.37489,13.37678,0.00,0.00
2018.04.12 18:03:03.162,13.37489,13.37679,0.00,0.00
2018.04.12 18:03:03.414,13.37458,13.37679,0.00,0.00
2018.04.12 18:03:04.154,13.37458,13.37678,0.00,0.00
2018.04.12 18:03:05.847,13.37458,13.37649,0.00,0.00
2018.04.12 18:03:05.897,13.37428,13.37649,0.00,0.00
2018.04.12 18:03:06.638,13.37448,13.37649,0.00,0.00
2018.04.12 18:03:06.689,13.37449,13.37678,0.00,0.00
2018.04.12 18:03:06.871,13.37439,13.37678,0.00,0.00
2018.04.12 18:03:07.397,13.37439,13.37679,0.00,0.00
2018.04.12 18:03:08.322,13.37469,13.37679,0.00,0.00
2018.04.12 18:03:09.049,13.37469,13.37678,0.00,0.00
2018.04.12 18:03:09.382,13.37469,13.37661,0.00,0.00
2018.04.12 18:03:10.958,13.37428,13.37661,0.00,0.00
2018.04.12 18:03:11.009,13.37399,13.37562,0.00,0.00
2018.04.12 18:03:11.153,13.37379,13.37591,0.00,0.00
2018.04.12 18:03:11.204,13.37399,13.37591,0.00,0.00
2018.04.12 18:03:11.568,13.37399,13.37589,0.00,0.00
2018.04.12 18:03:11.837,13.37399,13.37591,0.00,0.00
2018.04.12 18:03:11.888,13.37399,13.37599,0.00,0.00
2018.04.12 18:03:12.092,13.37399,13.37589,0.00,0.00
2018.04.12 18:03:12.394,13.37399,13.37582,0.00,0.00
2018.04.12 18:03:13.834,13.37399,13.37561,0.00,0.00
2018.04.12 18:03:14.727,13.37329,13.37472,0.00,0.00
2018.04.12 18:03:14.778,13.37311,13.37539,0.00,0.00
2018.04.12 18:03:14.829,13.37371,13.37552,0.00,0.00
2018.04.12 18:03:14.879,13.37321,13.37552,0.00,0.00
2018.04.12 18:03:14.930,13.37311,13.37552,0.00,0.00
2018.04.12 18:03:15.109,13.37321,13.37552,0.00,0.00
2018.04.12 18:03:16.074,13.37342,13.37552,0.00,0.00
2018.04.12 18:03:16.125,13.37342,13.37572,0.00,0.00
2018.04.12 18:03:16.870,13.37331,13.37559,0.00,0.00
2018.04.12 18:03:17.046,13.37339,13.37572,0.00,0.00
2018.04.12 18:03:18.130,13.37339,13.37558,0.00,0.00
2018.04.12 18:03:18.192,13.37339,13.37569,0.00,0.00
2018.04.12 18:03:18.243,13.37339,13.37572,0.00,0.00
2018.04.12 18:03:19.423,13.37332,13.37572,0.00,0.00
2018.04.12 18:03:19.474,13.37318,13.37539,0.00,0.00
2018.04.12 18:03:19.575,13.37339,13.37572,0.00,0.00
2018.04.12 18:03:22.040,13.37262,13.37422,0.00,0.00
2018.04.12 18:03:22.091,13.37262,13.37451,0.00,0.00
2018.04.12 18:03:24.572,13.37262,13.37371,0.00,0.00
2018.04.12 18:03:25.006,13.37262,13.37362,0.00,0.00
2018.04.12 18:03:25.337,13.37262,13.37372,0.00,0.00
2018.04.12 18:03:34.048,13.37262,13.37381,0.00,0.00
2018.04.12 18:03:34.156,13.37262,13.37448,0.00,0.00
2018.04.12 18:03:34.207,13.37262,13.37451,0.00,0.00
2018.04.12 18:03:34.259,13.37262,13.37482,0.00,0.00
2018.04.12 18:03:34.310,13.37268,13.37482,0.00,0.00
2018.04.12 18:03:34.687,13.37268,13.37469,0.00,0.00
2018.04.12 18:03:34.737,13.37268,13.37482,0.00,0.00
2018.04.12 18:03:39.774,13.37262,13.37458,0.00,0.00
2018.04.12 18:03:40.092,13.37262,13.37389,0.00,0.00
2018.04.12 18:03:40.673,13.37262,13.37388,0.00,0.00
2018.04.12 18:03:42.203,13.37262,13.37389,0.00,0.00
2018.04.12 18:03:42.433,13.37262,13.37399,0.00,0.00
2018.04.12 18:03:42.484,13.37262,13.37448,0.00,0.00
2018.04.12 18:03:42.585,13.37262,13.37472,0.00,0.00
2018.04.12 18:03:42.686,13.37262,13.37489,0.00,0.00
2018.04.12 18:03:44.999,13.37262,13.37458,0.00,0.00
2018.04.12 18:03:45.238,13.37262,13.37489,0.00,0.00
2018.04.12 18:03:45.769,13.37262,13.37488,0.00,0.00
2018.04.12 18:03:46.329,13.37262,13.37489,0.00,0.00
2018.04.12 18:03:48.584,13.37262,13.37488,0.00,0.00
2018.04.12 18:03:48.686,13.37282,13.37488,0.00,0.00
2018.04.12 18:03:48.799,13.37262,13.37489,0.00,0.00
2018.04.12 18:03:49.729,13.37262,13.37488,0.00,0.00
2018.04.12 18:03:50.120,13.37268,13.37488,0.00,0.00
2018.04.12 18:03:50.222,13.37329,13.37552,0.00,0.00
2018.04.12 18:03:50.273,13.37329,13.37559,0.00,0.00
2018.04.12 18:03:50.409,13.37329,13.37529,0.00,0.00
2018.04.12 18:03:51.560,13.37329,13.37528,0.00,0.00
2018.04.12 18:03:51.898,13.37329,13.37559,0.00,0.00
2018.04.12 18:03:51.996,13.37338,13.37559,0.00,0.00
2018.04.12 18:03:52.047,13.37388,13.37629,0.00,0.00
2018.04.12 18:03:52.099,13.37399,13.37629,0.00,0.00
2018.04.12 18:03:52.201,13.37399,13.37652,0.00,0.00
2018.04.12 18:03:52.252,13.37399,13.37659,0.00,0.00
2018.04.12 18:03:52.304,13.37399,13.37578,0.00,0.00
2018.04.12 18:03:52.355,13.37378,13.37578,0.00,0.00
2018.04.12 18:03:52.456,13.37368,13.37578,0.00,0.00
2018.04.12 18:03:52.906,13.37368,13.37589,0.00,0.00
2018.04.12 18:03:53.563,13.37368,13.37588,0.00,0.00
2018.04.12 18:03:54.671,13.37368,13.37589,0.00,0.00
2018.04.12 18:03:55.575,13.37429,13.37649,0.00,0.00
2018.04.12 18:03:55.676,13.37448,13.37669,0.00,0.00
2018.04.12 18:03:55.977,13.37448,13.37678,0.00,0.00
2018.04.12 18:03:57.148,13.37448,13.37679,0.00,0.00
2018.04.12 18:03:57.209,13.37448,13.37688,0.00,0.00
2018.04.12 18:03:58.609,13.37468,13.37688,0.00,0.00
2018.04.12 18:03:59.154,13.37468,13.37689,0.00,0.00
2018.04.12 18:03:59.670,13.37468,13.37688,0.00,0.00
2018.04.12 18:04:00.368,13.37512,13.37702,0.00,0.00
2018.04.12 18:04:00.418,13.37519,13.37749,0.00,0.00
2018.04.12 18:04:00.469,13.37549,13.37751,0.00,0.00
2018.04.12 18:04:00.520,13.37549,13.37789,0.00,0.00
2018.04.12 18:04:00.710,13.37478,13.37689,0.00,0.00
2018.04.12 18:04:00.760,13.37458,13.37688,0.00,0.00
2018.04.12 18:04:01.270,13.37458,13.37689,0.00,0.00
2018.04.12 18:04:01.509,13.37438,13.37688,0.00,0.00
2018.04.12 18:04:01.559,13.37419,13.37639,0.00,0.00
2018.04.12 18:04:01.671,13.37438,13.37669,0.00,0.00
2018.04.12 18:04:01.721,13.37469,13.37678,0.00,0.00
2018.04.12 18:04:01.780,13.37469,13.37689,0.00,0.00
2018.04.12 18:04:02.314,13.37469,13.37688,0.00,0.00
2018.04.12 18:04:03.462,13.37469,13.37689,0.00,0.00
2018.04.12 18:04:03.648,13.37439,13.37668,0.00,0.00
2018.04.12 18:04:03.870,13.37439,13.37689,0.00,0.00
2018.04.12 18:04:04.678,13.37459,13.37689,0.00,0.00
2018.04.12 18:04:05.373,13.37459,13.37688,0.00,0.00
2018.04.12 18:04:05.876,13.37468,13.37689,0.00,0.00
2018.04.12 18:04:06.277,13.37468,13.37698,0.00,0.00
2018.04.12 18:04:06.379,13.37538,13.37788,0.00,0.00
2018.04.12 18:04:07.031,13.37498,13.37689,0.00,0.00
2018.04.12 18:04:07.081,13.37469,13.37688,0.00,0.00
2018.04.12 18:04:07.132,13.37469,13.37699,0.00,0.00
2018.04.12 18:04:07.234,13.37508,13.37699,0.00,0.00
2018.04.12 18:04:07.285,13.37509,13.37738,0.00,0.00
2018.04.12 18:04:07.386,13.37528,13.37789,0.00,0.00
2018.04.12 18:04:07.829,13.37528,13.37779,0.00,0.00
2018.04.12 18:04:07.930,13.37519,13.37778,0.00,0.00
2018.04.12 18:04:07.980,13.37498,13.37702,0.00,0.00
2018.04.12 18:04:08.031,13.37488,13.37702,0.00,0.00
2018.04.12 18:04:08.159,13.37488,13.37688,0.00,0.00
2018.04.12 18:04:08.329,13.37469,13.37688,0.00,0.00
2018.04.12 18:04:08.756,13.37528,13.37749,0.00,0.00
2018.04.12 18:04:08.807,13.37549,13.37752,0.00,0.00
2018.04.12 18:04:08.860,13.37549,13.37788,0.00,0.00
2018.04.12 18:04:09.391,13.37549,13.37778,0.00,0.00
2018.04.12 18:04:09.598,13.37549,13.37788,0.00,0.00
2018.04.12 18:04:10.003,13.37529,13.37738,0.00,0.00
2018.04.12 18:04:10.283,13.37548,13.37788,0.00,0.00
2018.04.12 18:04:10.334,13.37552,13.37788,0.00,0.00
2018.04.12 18:04:10.713,13.37588,13.37788,0.00,0.00
2018.04.12 18:04:11.269,13.37588,13.37789,0.00,0.00
2018.04.12 18:04:11.930,13.37588,13.37788,0.00,0.00
2018.04.12 18:04:12.593,13.37588,13.37789,0.00,0.00
2018.04.12 18:04:12.644,13.37679,13.37888,0.00,0.00
2018.04.12 18:04:12.705,13.37719,13.37898,0.00,0.00
2018.04.12 18:04:12.825,13.37748,13.37989,0.00,0.00
2018.04.12 18:04:12.977,13.37698,13.37888,0.00,0.00
2018.04.12 18:04:13.281,13.37609,13.37789,0.00,0.00
2018.04.12 18:04:13.332,13.37659,13.37878,0.00,0.00
2018.04.12 18:04:13.383,13.37659,13.37888,0.00,0.00
2018.04.12 18:04:13.689,13.37662,13.37888,0.00,0.00
2018.04.12 18:04:14.069,13.37689,13.37889,0.00,0.00
2018.04.12 18:04:14.471,13.37659,13.37889,0.00,0.00
2018.04.12 18:04:14.595,13.37679,13.37889,0.00,0.00
2018.04.12 18:04:15.124,13.37679,13.37888,0.00,0.00
2018.04.12 18:04:15.174,13.37758,13.37969,0.00,0.00
2018.04.12 18:04:15.225,13.37728,13.37889,0.00,0.00
2018.04.12 18:04:15.277,13.37689,13.37889,0.00,0.00
2018.04.12 18:04:15.940,13.37689,13.37888,0.00,0.00
2018.04.12 18:04:16.128,13.37669,13.37889,0.00,0.00
2018.04.12 18:04:16.739,13.37669,13.37888,0.00,0.00
2018.04.12 18:04:17.458,13.37669,13.37889,0.00,0.00
2018.04.12 18:04:17.618,13.37678,13.37889,0.00,0.00
2018.04.12 18:04:18.749,13.37678,13.37888,0.00,0.00
2018.04.12 18:04:19.837,13.37678,13.37889,0.00,0.00
2018.04.12 18:04:20.724,13.37678,13.37888,0.00,0.00
2018.04.12 18:04:21.808,13.37678,13.37889,0.00,0.00
2018.04.12 18:04:22.556,13.37678,13.37888,0.00,0.00
2018.04.12 18:04:24.478,13.37699,13.37888,0.00,0.00
2018.04.12 18:04:24.816,13.37669,13.37888,0.00,0.00
2018.04.12 18:04:24.866,13.37669,13.37879,0.00,0.00
2018.04.12 18:04:25.187,13.37679,13.37888,0.00,0.00
2018.04.12 18:04:25.581,13.37668,13.37889,0.00,0.00
2018.04.12 18:04:27.887,13.37668,13.37888,0.00,0.00
2018.04.12 18:04:29.686,13.37678,13.37889,0.00,0.00
2018.04.12 18:04:31.862,13.37678,13.37869,0.00,0.00
2018.04.12 18:04:32.178,13.37678,13.37879,0.00,0.00
2018.04.12 18:04:32.305,13.37649,13.37879,0.00,0.00
2018.04.12 18:04:32.356,13.37598,13.37788,0.00,0.00
2018.04.12 18:04:32.508,13.37598,13.37798,0.00,0.00
2018.04.12 18:04:33.652,13.37598,13.37789,0.00,0.00
2018.04.12 18:04:35.189,13.37598,13.37788,0.00,0.00
2018.04.12 18:04:35.331,13.37598,13.37799,0.00,0.00
2018.04.12 18:04:35.779,13.37598,13.37789,0.00,0.00
2018.04.12 18:04:35.830,13.37578,13.37788,0.00,0.00
2018.04.12 18:04:36.020,13.37499,13.37689,0.00,0.00
2018.04.12 18:04:37.720,13.37499,13.37688,0.00,0.00
2018.04.12 18:04:37.926,13.37499,13.37702,0.00,0.00
2018.04.12 18:04:38.551,13.37478,13.37702,0.00,0.00
2018.04.12 18:04:38.602,13.37418,13.37588,0.00,0.00
2018.04.12 18:04:38.863,13.37398,13.37589,0.00,0.00
2018.04.12 18:04:39.510,13.37399,13.37588,0.00,0.00
2018.04.12 18:04:39.692,13.37418,13.37588,0.00,0.00
2018.04.12 18:04:39.743,13.37468,13.37688,0.00,0.00
2018.04.12 18:04:40.509,13.37448,13.37688,0.00,0.00
2018.04.12 18:04:40.560,13.37468,13.37689,0.00,0.00
2018.04.12 18:04:41.176,13.37488,13.37688,0.00,0.00
2018.04.12 18:04:41.696,13.37469,13.37688,0.00,0.00
2018.04.12 18:04:41.884,13.37488,13.37688,0.00,0.00
2018.04.12 18:04:42.434,13.37468,13.37689,0.00,0.00
2018.04.12 18:04:45.718,13.37468,13.37658,0.00,0.00
2018.04.12 18:04:46.039,13.37409,13.37589,0.00,0.00
2018.04.12 18:04:46.688,13.37409,13.37588,0.00,0.00
2018.04.12 18:04:46.963,13.37449,13.37679,0.00,0.00
2018.04.12 18:04:47.808,13.37449,13.37689,0.00,0.00
2018.04.12 18:04:48.719,13.37468,13.37689,0.00,0.00
2018.04.12 18:04:49.418,13.37468,13.37688,0.00,0.00
2018.04.12 18:04:49.994,13.37468,13.37689,0.00,0.00
2018.04.12 18:04:50.810,13.37468,13.37688,0.00,0.00
2018.04.12 18:04:51.200,13.37489,13.37688,0.00,0.00
2018.04.12 18:04:52.088,13.37469,13.37689,0.00,0.00
2018.04.12 18:04:54.883,13.37469,13.37688,0.00,0.00
2018.04.12 18:04:55.193,13.37448,13.37688,0.00,0.00
2018.04.12 18:04:55.243,13.37408,13.37589,0.00,0.00
2018.04.12 18:04:56.020,13.37408,13.37588,0.00,0.00
2018.04.12 18:04:56.581,13.37408,13.37589,0.00,0.00
2018.04.12 18:04:56.837,13.37408,13.37598,0.00,0.00
2018.04.12 18:04:56.888,13.37408,13.37589,0.00,0.00
2018.04.12 18:04:58.167,13.37408,13.37599,0.00,0.00
2018.04.12 18:04:58.284,13.37428,13.37679,0.00,0.00
2018.04.12 18:04:58.449,13.37438,13.37679,0.00,0.00
2018.04.12 18:04:59.151,13.37438,13.37689,0.00,0.00
2018.04.12 18:04:59.267,13.37438,13.37692,0.00,0.00
2018.04.12 18:04:59.638,13.37438,13.37658,0.00,0.00
2018.04.12 18:05:00.064,13.37429,13.37599,0.00,0.00
2018.04.12 18:05:00.680,13.37408,13.37598,0.00,0.00
2018.04.12 18:05:01.387,13.37409,13.37598,0.00,0.00
2018.04.12 18:05:01.438,13.37449,13.37688,0.00,0.00
2018.04.12 18:05:02.455,13.37449,13.37698,0.00,0.00
2018.04.12 18:05:03.531,13.37478,13.37698,0.00,0.00
2018.04.12 18:05:04.014,13.37488,13.37698,0.00,0.00
2018.04.12 18:05:04.217,13.37478,13.37699,0.00,0.00
2018.04.12 18:05:05.518,13.37478,13.37698,0.00,0.00
2018.04.12 18:05:06.062,13.37478,13.37699,0.00,0.00
2018.04.12 18:05:10.188,13.37489,13.37699,0.00,0.00
2018.04.12 18:05:10.493,13.37519,13.37729,0.00,0.00
2018.04.12 18:05:10.682,13.37528,13.37739,0.00,0.00
2018.04.12 18:05:10.826,13.37519,13.37739,0.00,0.00
2018.04.12 18:05:10.939,13.37498,13.37709,0.00,0.00
2018.04.12 18:05:11.288,13.37498,13.37698,0.00,0.00
2018.04.12 18:05:11.851,13.37498,13.37699,0.00,0.00
2018.04.12 18:05:13.402,13.37498,13.37708,0.00,0.00
2018.04.12 18:05:14.117,13.37498,13.37698,0.00,0.00
2018.04.12 18:05:14.735,13.37498,13.37709,0.00,0.00
2018.04.12 18:05:15.229,13.37498,13.37698,0.00,0.00
2018.04.12 18:05:15.851,13.37529,13.37699,0.00,0.00
2018.04.12 18:05:15.902,13.37549,13.37799,0.00,0.00
2018.04.12 18:05:17.495,13.37569,13.37798,0.00,0.00
2018.04.12 18:05:18.267,13.37569,13.37799,0.00,0.00
2018.04.12 18:05:19.690,13.37569,13.37798,0.00,0.00
2018.04.12 18:05:20.358,13.37569,13.37799,0.00,0.00
2018.04.12 18:05:21.421,13.37598,13.37799,0.00,0.00
2018.04.12 18:05:21.557,13.37629,13.37838,0.00,0.00
2018.04.12 18:05:21.608,13.37629,13.37809,0.00,0.00
2018.04.12 18:05:21.658,13.37598,13.37798,0.00,0.00
2018.04.12 18:05:21.972,13.37578,13.37798,0.00,0.00
2018.04.12 18:05:22.666,13.37578,13.37799,0.00,0.00
2018.04.12 18:05:22.993,13.37598,13.37799,0.00,0.00
2018.04.12 18:05:23.045,13.37598,13.37808,0.00,0.00
2018.04.12 18:05:23.146,13.37598,13.37799,0.00,0.00
2018.04.12 18:05:23.248,13.37639,13.37878,0.00,0.00
2018.04.12 18:05:23.451,13.37639,13.37838,0.00,0.00
2018.04.12 18:05:23.501,13.37609,13.37809,0.00,0.00
2018.04.12 18:05:23.552,13.37609,13.37799,0.00,0.00
2018.04.12 18:05:23.696,13.37668,13.37878,0.00,0.00
2018.04.12 18:05:24.077,13.37668,13.37898,0.00,0.00
2018.04.12 18:05:24.145,13.37639,13.37898,0.00,0.00
2018.04.12 18:05:24.196,13.37619,13.37808,0.00,0.00
2018.04.12 18:05:24.699,13.37649,13.37838,0.00,0.00
2018.04.12 18:05:24.850,13.37669,13.37888,0.00,0.00
2018.04.12 18:05:24.901,13.37669,13.37899,0.00,0.00
2018.04.12 18:05:25.666,13.37669,13.37898,0.00,0.00
2018.04.12 18:05:26.277,13.37669,13.37889,0.00,0.00
2018.04.12 18:05:26.429,13.37669,13.37898,0.00,0.00
2018.04.12 18:05:28.624,13.37669,13.37899,0.00,0.00
2018.04.12 18:05:29.242,13.37669,13.37839,0.00,0.00
2018.04.12 18:05:29.293,13.37608,13.37809,0.00,0.00
2018.04.12 18:05:29.344,13.37608,13.37799,0.00,0.00
2018.04.12 18:05:33.165,13.37608,13.37798,0.00,0.00
2018.04.12 18:05:33.468,13.37619,13.37808,0.00,0.00
2018.04.12 18:05:33.519,13.37619,13.37838,0.00,0.00
2018.04.12 18:05:33.570,13.37629,13.37838,0.00,0.00
2018.04.12 18:05:33.771,13.37629,13.37898,0.00,0.00
2018.04.12 18:05:33.822,13.37659,13.37898,0.00,0.00
2018.04.12 18:05:34.377,13.37639,13.37898,0.00,0.00
2018.04.12 18:05:34.428,13.37639,13.37848,0.00,0.00
2018.04.12 18:05:34.961,13.37669,13.37849,0.00,0.00
2018.04.12 18:05:36.062,13.37669,13.37899,0.00,0.00
2018.04.12 18:05:38.438,13.37669,13.37898,0.00,0.00
2018.04.12 18:05:39.252,13.37669,13.37899,0.00,0.00
2018.04.12 18:05:42.940,13.37669,13.37889,0.00,0.00
2018.04.12 18:05:43.297,13.37669,13.37899,0.00,0.00
2018.04.12 18:05:43.780,13.37749,13.37928,0.00,0.00
2018.04.12 18:05:44.003,13.37749,13.37998,0.00,0.00
2018.04.12 18:05:44.479,13.37788,13.37999,0.00,0.00
2018.04.12 18:05:45.530,13.37788,13.37998,0.00,0.00
2018.04.12 18:05:47.955,13.37809,13.37998,0.00,0.00
2018.04.12 18:05:48.458,13.37809,13.37999,0.00,0.00
2018.04.12 18:05:49.631,13.37788,13.37998,0.00,0.00
2018.04.12 18:05:49.805,13.37808,13.37998,0.00,0.00
2018.04.12 18:05:53.037,13.37808,13.37999,0.00,0.00
2018.04.12 18:05:53.361,13.37854,13.38099,0.00,0.00
2018.04.12 18:05:54.192,13.37838,13.38099,0.00,0.00
2018.04.12 18:05:54.243,13.37818,13.38039,0.00,0.00
2018.04.12 18:05:54.533,13.37869,13.38098,0.00,0.00
2018.04.12 18:05:54.916,13.37838,13.38098,0.00,0.00
2018.04.12 18:05:54.966,13.37818,13.38009,0.00,0.00
2018.04.12 18:05:55.017,13.37808,13.38009,0.00,0.00
2018.04.12 18:05:55.068,13.37808,13.37999,0.00,0.00
2018.04.12 18:05:55.790,13.37808,13.37998,0.00,0.00
2018.04.12 18:05:55.896,13.37788,13.37999,0.00,0.00
2018.04.12 18:05:55.947,13.37788,13.37988,0.00,0.00
2018.04.12 18:05:56.150,13.37798,13.37999,0.00,0.00
2018.04.12 18:05:56.877,13.37798,13.37998,0.00,0.00
2018.04.12 18:05:57.394,13.37798,13.37999,0.00,0.00
2018.04.12 18:05:57.445,13.37768,13.37998,0.00,0.00
2018.04.12 18:05:58.510,13.37768,13.37999,0.00,0.00
2018.04.12 18:05:59.069,13.37768,13.37998,0.00,0.00
2018.04.12 18:05:59.586,13.37768,13.37999,0.00,0.00
2018.04.12 18:06:00.638,13.37768,13.37998,0.00,0.00
2018.04.12 18:06:00.906,13.37718,13.37909,0.00,0.00
2018.04.12 18:06:00.957,13.37698,13.37908,0.00,0.00
2018.04.12 18:06:01.008,13.37698,13.37889,0.00,0.00
2018.04.12 18:06:01.109,13.37688,13.37889,0.00,0.00
2018.04.12 18:06:01.650,13.37688,13.37888,0.00,0.00
2018.04.12 18:06:01.902,13.37698,13.37908,0.00,0.00
2018.04.12 18:06:02.305,13.37698,13.37889,0.00,0.00
2018.04.12 18:06:02.357,13.37668,13.37889,0.00,0.00
2018.04.12 18:06:02.920,13.37688,13.37889,0.00,0.00
2018.04.12 18:06:03.318,13.37668,13.37888,0.00,0.00
2018.04.12 18:06:03.597,13.37688,13.37888,0.00,0.00
2018.04.12 18:06:04.653,13.37688,13.37889,0.00,0.00
2018.04.12 18:06:06.023,13.37669,13.37888,0.00,0.00
2018.04.12 18:06:07.104,13.37688,13.37888,0.00,0.00
2018.04.12 18:06:08.337,13.37688,13.37889,0.00,0.00
2018.04.12 18:06:08.882,13.37688,13.37888,0.00,0.00
2018.04.12 18:06:10.437,13.37688,13.37889,0.00,0.00
2018.04.12 18:06:10.887,13.37698,13.37889,0.00,0.00
2018.04.12 18:06:11.398,13.37698,13.37888,0.00,0.00
2018.04.12 18:06:11.976,13.37698,13.37889,0.00,0.00
2018.04.12 18:06:13.125,13.37699,13.37851,0.00,0.00
2018.04.12 18:06:13.176,13.37699,13.37889,0.00,0.00
2018.04.12 18:06:13.859,13.37699,13.37888,0.00,0.00
2018.04.12 18:06:15.122,13.37699,13.37839,0.00,0.00
2018.04.12 18:06:15.234,13.37608,13.37808,0.00,0.00
2018.04.12 18:06:15.292,13.37628,13.37839,0.00,0.00
2018.04.12 18:06:15.342,13.37658,13.37839,0.00,0.00
2018.04.12 18:06:15.463,13.37658,13.37889,0.00,0.00
2018.04.12 18:06:15.733,13.37639,13.37889,0.00,0.00
2018.04.12 18:06:15.784,13.37619,13.37788,0.00,0.00
2018.04.12 18:06:16.937,13.37589,13.37788,0.00,0.00
2018.04.12 18:06:17.547,13.37589,13.37789,0.00,0.00
2018.04.12 18:06:20.063,13.37589,13.37788,0.00,0.00
2018.04.12 18:06:23.212,13.37589,13.37789,0.00,0.00
2018.04.12 18:06:24.963,13.37589,13.37788,0.00,0.00
2018.04.12 18:06:25.472,13.37589,13.37789,0.00,0.00
2018.04.12 18:06:26.132,13.37589,13.37788,0.00,0.00
2018.04.12 18:06:27.291,13.37589,13.37789,0.00,0.00
2018.04.12 18:06:27.858,13.37589,13.37788,0.00,0.00
2018.04.12 18:06:30.462,13.37589,13.37789,0.00,0.00
2018.04.12 18:06:31.214,13.37589,13.37788,0.00,0.00
2018.04.12 18:06:32.680,13.37589,13.37789,0.00,0.00
2018.04.12 18:06:33.480,13.37589,13.37788,0.00,0.00
2018.04.12 18:06:33.724,13.37589,13.37758,0.00,0.00
2018.04.12 18:06:33.775,13.37488,13.37688,0.00,0.00
2018.04.12 18:06:33.826,13.37478,13.37689,0.00,0.00
2018.04.12 18:06:33.877,13.37438,13.37689,0.00,0.00
2018.04.12 18:06:34.006,13.37458,13.37689,0.00,0.00
2018.04.12 18:06:34.310,13.37579,13.37788,0.00,0.00
2018.04.12 18:06:34.898,13.37579,13.37789,0.00,0.00
2018.04.12 18:06:35.409,13.37579,13.37779,0.00,0.00
2018.04.12 18:06:35.729,13.37579,13.37788,0.00,0.00
2018.04.12 18:06:37.478,13.37579,13.37789,0.00,0.00
2018.04.12 18:06:37.586,13.37558,13.37789,0.00,0.00
2018.04.12 18:06:38.197,13.37558,13.37788,0.00,0.00
2018.04.12 18:06:38.247,13.37578,13.37789,0.00,0.00
2018.04.12 18:06:38.588,13.37578,13.37779,0.00,0.00
2018.04.12 18:06:38.723,13.37578,13.37789,0.00,0.00
2018.04.12 18:06:39.086,13.37559,13.37789,0.00,0.00
2018.04.12 18:06:39.803,13.37578,13.37788,0.00,0.00
2018.04.12 18:06:41.324,13.37578,13.37789,0.00,0.00
2018.04.12 18:06:41.528,13.37558,13.37788,0.00,0.00
2018.04.12 18:06:43.166,13.37628,13.37859,0.00,0.00
2018.04.12 18:06:43.217,13.37609,13.37859,0.00,0.00
2018.04.12 18:06:43.268,13.37598,13.37829,0.00,0.00
2018.04.12 18:06:43.319,13.37588,13.37828,0.00,0.00
2018.04.12 18:06:43.483,13.37588,13.37819,0.00,0.00
2018.04.12 18:06:43.647,13.37588,13.37828,0.00,0.00
2018.04.12 18:06:44.508,13.37588,13.37829,0.00,0.00
2018.04.12 18:06:45.058,13.37588,13.37818,0.00,0.00
2018.04.12 18:06:45.311,13.37588,13.37829,0.00,0.00
2018.04.12 18:06:45.364,13.37629,13.37829,0.00,0.00
2018.04.12 18:06:45.414,13.37638,13.37888,0.00,0.00
2018.04.12 18:06:45.970,13.37638,13.37889,0.00,0.00
2018.04.12 18:06:46.430,13.37658,13.37889,0.00,0.00
2018.04.12 18:06:50.156,13.37689,13.37919,0.00,0.00
2018.04.12 18:06:51.006,13.37689,13.37888,0.00,0.00
2018.04.12 18:06:51.212,13.37689,13.37918,0.00,0.00
2018.04.12 18:06:51.771,13.37689,13.37919,0.00,0.00
2018.04.12 18:06:53.037,13.37689,13.37918,0.00,0.00
2018.04.12 18:06:54.542,13.37689,13.37889,0.00,0.00
2018.04.12 18:06:54.665,13.37738,13.37978,0.00,0.00
2018.04.12 18:06:54.716,13.37738,13.37989,0.00,0.00
2018.04.12 18:06:54.767,13.37738,13.37958,0.00,0.00
2018.04.12 18:06:55.167,13.37738,13.37988,0.00,0.00
2018.04.12 18:06:55.906,13.37768,13.37988,0.00,0.00
2018.04.12 18:06:55.960,13.37799,13.38029,0.00,0.00
2018.04.12 18:06:56.011,13.37818,13.38089,0.00,0.00
2018.04.12 18:06:56.062,13.37829,13.38088,0.00,0.00
2018.04.12 18:06:56.501,13.37849,13.38089,0.00,0.00
2018.04.12 18:06:56.831,13.37868,13.38088,0.00,0.00
2018.04.12 18:06:57.429,13.37848,13.38089,0.00,0.00
2018.04.12 18:06:58.042,13.37868,13.38088,0.00,0.00
2018.04.12 18:06:58.598,13.37868,13.38089,0.00,0.00
2018.04.12 18:06:58.761,13.37848,13.38089,0.00,0.00
2018.04.12 18:06:58.813,13.37798,13.37989,0.00,0.00
2018.04.12 18:06:59.356,13.37798,13.37988,0.00,0.00
2018.04.12 18:07:00.085,13.37798,13.37989,0.00,0.00
2018.04.12 18:07:00.205,13.37798,13.38019,0.00,0.00
2018.04.12 18:07:00.452,13.37798,13.37989,0.00,0.00
2018.04.12 18:07:01.081,13.37798,13.37988,0.00,0.00
2018.04.12 18:07:01.582,13.37798,13.37989,0.00,0.00
2018.04.12 18:07:05.039,13.37798,13.37988,0.00,0.00
2018.04.12 18:07:07.811,13.37798,13.37989,0.00,0.00
2018.04.12 18:07:08.385,13.37798,13.37988,0.00,0.00
2018.04.12 18:07:09.142,13.37798,13.37989,0.00,0.00
2018.04.12 18:07:12.961,13.37798,13.37988,0.00,0.00
2018.04.12 18:07:13.721,13.37798,13.37989,0.00,0.00
2018.04.12 18:07:22.100,13.37798,13.37988,0.00,0.00
2018.04.12 18:07:22.773,13.37798,13.37989,0.00,0.00
2018.04.12 18:07:25.465,13.37798,13.37988,0.00,0.00
2018.04.12 18:07:29.512,13.37798,13.37989,0.00,0.00
2018.04.12 18:07:31.668,13.37798,13.37988,0.00,0.00
2018.04.12 18:07:32.346,13.37798,13.37989,0.00,0.00
2018.04.12 18:07:34.440,13.37819,13.37989,0.00,0.00
2018.04.12 18:07:34.490,13.37828,13.38059,0.00,0.00
2018.04.12 18:07:34.541,13.37859,13.38059,0.00,0.00
2018.04.12 18:07:34.592,13.37859,13.38088,0.00,0.00
2018.04.12 18:07:35.178,13.37859,13.38089,0.00,0.00
2018.04.12 18:07:35.398,13.37879,13.38088,0.00,0.00
2018.04.12 18:07:37.133,13.37979,13.38189,0.00,0.00
2018.04.12 18:07:37.768,13.37968,13.38189,0.00,0.00
2018.04.12 18:07:39.037,13.37968,13.38188,0.00,0.00
2018.04.12 18:07:39.666,13.37968,13.38189,0.00,0.00
2018.04.12 18:07:40.292,13.37968,13.38188,0.00,0.00
2018.04.12 18:07:40.511,13.37998,13.38188,0.00,0.00
2018.04.12 18:07:41.179,13.37998,13.38189,0.00,0.00
2018.04.12 18:07:41.980,13.37998,13.38188,0.00,0.00
2018.04.12 18:07:42.747,13.37998,13.38189,0.00,0.00
2018.04.12 18:07:43.124,13.37918,13.38088,0.00,0.00
2018.04.12 18:07:43.175,13.37888,13.38088,0.00,0.00
2018.04.12 18:07:43.453,13.37888,13.38128,0.00,0.00
2018.04.12 18:07:43.503,13.37928,13.38088,0.00,0.00
2018.04.12 18:07:43.554,13.37928,13.38119,0.00,0.00
2018.04.12 18:07:43.655,13.37889,13.38119,0.00,0.00
2018.04.12 18:07:43.746,13.37889,13.38089,0.00,0.00
2018.04.12 18:07:44.093,13.37889,13.38118,0.00,0.00
2018.04.12 18:07:44.602,13.37889,13.38089,0.00,0.00
2018.04.12 18:07:44.788,13.37879,13.38089,0.00,0.00
2018.04.12 18:07:47.645,13.37944,13.38188,0.00,0.00
2018.04.12 18:07:48.330,13.37944,13.38189,0.00,0.00
2018.04.12 18:07:49.492,13.37949,13.38188,0.00,0.00
2018.04.12 18:07:49.543,13.37978,13.38189,0.00,0.00
2018.04.12 18:07:51.197,13.37978,13.38188,0.00,0.00
2018.04.12 18:07:52.954,13.37978,13.38189,0.00,0.00
2018.04.12 18:07:53.459,13.37998,13.38189,0.00,0.00
2018.04.12 18:07:55.478,13.37998,13.38188,0.00,0.00
2018.04.12 18:07:56.250,13.37998,13.38189,0.00,0.00
2018.04.12 18:07:56.780,13.37998,13.38188,0.00,0.00
2018.04.12 18:07:57.509,13.37998,13.38189,0.00,0.00
2018.04.12 18:07:57.957,13.37998,13.38159,0.00,0.00
2018.04.12 18:07:58.007,13.37998,13.38188,0.00,0.00
2018.04.12 18:07:58.520,13.37998,13.38189,0.00,0.00
2018.04.12 18:07:58.777,13.37998,13.38182,0.00,0.00
2018.04.12 18:07:59.592,13.37998,13.38189,0.00,0.00
2018.04.12 18:07:59.977,13.37998,13.38119,0.00,0.00
2018.04.12 18:08:00.029,13.37998,13.38158,0.00,0.00
2018.04.12 18:08:00.130,13.37908,13.38088,0.00,0.00
2018.04.12 18:08:00.181,13.37908,13.38062,0.00,0.00
2018.04.12 18:08:00.231,13.37889,13.38062,0.00,0.00
2018.04.12 18:08:00.282,13.37878,13.38062,0.00,0.00
2018.04.12 18:08:01.902,13.37829,13.38028,0.00,0.00
2018.04.12 18:08:02.185,13.37831,13.38031,0.00,0.00
2018.04.12 18:08:02.236,13.37848,13.38031,0.00,0.00
2018.04.12 18:08:02.287,13.37848,13.38041,0.00,0.00
2018.04.12 18:08:02.339,13.37848,13.38052,0.00,0.00
2018.04.12 18:08:02.393,13.37848,13.38058,0.00,0.00
2018.04.12 18:08:02.449,13.37848,13.38062,0.00,0.00
2018.04.12 18:08:02.795,13.37848,13.38038,0.00,0.00
2018.04.12 18:08:02.846,13.37779,13.37988,0.00,0.00
2018.04.12 18:08:03.065,13.37778,13.37982,0.00,0.00
2018.04.12 18:08:03.116,13.37722,13.37948,0.00,0.00
2018.04.12 18:08:03.168,13.37721,13.37951,0.00,0.00
2018.04.12 18:08:03.298,13.37708,13.37929,0.00,0.00
2018.04.12 18:08:03.611,13.37679,13.37888,0.00,0.00
2018.04.12 18:08:03.662,13.37658,13.37888,0.00,0.00
2018.04.12 18:08:04.242,13.37658,13.37889,0.00,0.00
2018.04.12 18:08:04.394,13.37658,13.37872,0.00,0.00
2018.04.12 18:08:07.193,13.37598,13.37842,0.00,0.00
2018.04.12 18:08:07.244,13.37598,13.37822,0.00,0.00
2018.04.12 18:08:08.373,13.37588,13.37789,0.00,0.00
2018.04.12 18:08:08.425,13.37558,13.37772,0.00,0.00
2018.04.12 18:08:08.476,13.37529,13.37772,0.00,0.00
2018.04.12 18:08:08.938,13.37529,13.37758,0.00,0.00
2018.04.12 18:08:08.989,13.37529,13.37771,0.00,0.00
2018.04.12 18:08:12.870,13.37529,13.37758,0.00,0.00
2018.04.12 18:08:12.992,13.37529,13.37771,0.00,0.00
2018.04.12 18:08:13.060,13.37539,13.37728,0.00,0.00
2018.04.12 18:08:13.211,13.37539,13.37742,0.00,0.00
2018.04.12 18:08:13.586,13.37539,13.37751,0.00,0.00
2018.04.12 18:08:13.851,13.37539,13.37689,0.00,0.00
2018.04.12 18:08:13.925,13.37478,13.37689,0.00,0.00
2018.04.12 18:08:13.976,13.37472,13.37688,0.00,0.00
2018.04.12 18:08:14.119,13.37491,13.37689,0.00,0.00
2018.04.12 18:08:14.239,13.37471,13.37689,0.00,0.00
2018.04.12 18:08:14.340,13.37441,13.37689,0.00,0.00
2018.04.12 18:08:14.478,13.37441,13.37659,0.00,0.00
2018.04.12 18:08:14.695,13.37446,13.37682,0.00,0.00
2018.04.12 18:08:14.853,13.37431,13.37682,0.00,0.00
2018.04.12 18:08:15.789,13.37429,13.37682,0.00,0.00
2018.04.12 18:08:16.612,13.37429,13.37681,0.00,0.00
2018.04.12 18:08:16.663,13.37429,13.37662,0.00,0.00
2018.04.12 18:08:16.992,13.37429,13.37659,0.00,0.00
2018.04.12 18:08:17.576,13.37429,13.37639,0.00,0.00
2018.04.12 18:08:17.679,13.37351,13.37589,0.00,0.00
2018.04.12 18:08:17.794,13.37349,13.37588,0.00,0.00
2018.04.12 18:08:18.389,13.37349,13.37589,0.00,0.00
2018.04.12 18:08:18.952,13.37349,13.37559,0.00,0.00
2018.04.12 18:08:19.199,13.37328,13.37559,0.00,0.00
2018.04.12 18:08:19.522,13.37361,13.37589,0.00,0.00
2018.04.12 18:08:19.573,13.37352,13.37588,0.00,0.00
2018.04.12 18:08:19.624,13.37379,13.37588,0.00,0.00
2018.04.12 18:08:19.877,13.37428,13.37659,0.00,0.00
2018.04.12 18:08:20.071,13.37451,13.37689,0.00,0.00
2018.04.12 18:08:20.172,13.37452,13.37638,0.00,0.00
2018.04.12 18:08:20.223,13.37439,13.37639,0.00,0.00
2018.04.12 18:08:20.323,13.37439,13.37689,0.00,0.00
2018.04.12 18:08:20.408,13.37439,13.37659,0.00,0.00
2018.04.12 18:08:20.509,13.37439,13.37689,0.00,0.00
2018.04.12 18:08:20.560,13.37462,13.37698,0.00,0.00
2018.04.12 18:08:20.903,13.37489,13.37719,0.00,0.00
2018.04.12 18:08:21.509,13.37489,13.37712,0.00,0.00
2018.04.12 18:08:21.616,13.37489,13.37712,0.00,0.00
2018.04.12 18:08:21.944,13.37488,13.37659,0.00,0.00
2018.04.12 18:08:22.187,13.37488,13.37719,0.00,0.00
2018.04.12 18:08:22.603,13.37499,13.37719,0.00,0.00
2018.04.12 18:08:23.111,13.37498,13.37718,0.00,0.00
2018.04.12 18:08:23.579,13.37518,13.37719,0.00,0.00
2018.04.12 18:08:23.719,13.37578,13.37789,0.00,0.00
2018.04.12 18:08:23.913,13.37578,13.37729,0.00,0.00
2018.04.12 18:08:24.015,13.37548,13.37728,0.00,0.00
2018.04.12 18:08:24.187,13.37578,13.37789,0.00,0.00
2018.04.12 18:08:24.859,13.37578,13.37788,0.00,0.00
2018.04.12 18:08:24.990,13.37582,13.37788,0.00,0.00
2018.04.12 18:08:25.430,13.37708,13.37888,0.00,0.00
2018.04.12 18:08:25.780,13.37738,13.37899,0.00,0.00
2018.04.12 18:08:25.831,13.37768,13.37959,0.00,0.00
2018.04.12 18:08:26.045,13.37799,13.37958,0.00,0.00
2018.04.12 18:08:26.350,13.37799,13.37928,0.00,0.00
2018.04.12 18:08:26.401,13.37739,13.37928,0.00,0.00
2018.04.12 18:08:26.611,13.37729,13.37929,0.00,0.00
2018.04.12 18:08:26.731,13.37729,13.37919,0.00,0.00
2018.04.12 18:08:27.281,13.37729,13.37918,0.00,0.00
2018.04.12 18:08:28.457,13.37729,13.37888,0.00,0.00
2018.04.12 18:08:28.997,13.37729,13.37889,0.00,0.00
2018.04.12 18:08:29.649,13.37729,13.37888,0.00,0.00
2018.04.12 18:08:30.084,13.37709,13.37889,0.00,0.00
2018.04.12 18:08:31.876,13.37709,13.37888,0.00,0.00
2018.04.12 18:08:32.366,13.37619,13.37788,0.00,0.00
2018.04.12 18:08:32.518,13.37588,13.37759,0.00,0.00
2018.04.12 18:08:32.619,13.37558,13.37759,0.00,0.00
2018.04.12 18:08:33.020,13.37558,13.37788,0.00,0.00
2018.04.12 18:08:33.798,13.37558,13.37789,0.00,0.00
2018.04.12 18:08:34.321,13.37558,13.37788,0.00,0.00
2018.04.12 18:08:35.041,13.37558,13.37789,0.00,0.00
2018.04.12 18:08:35.092,13.37579,13.37789,0.00,0.00
2018.04.12 18:08:35.389,13.37599,13.37819,0.00,0.00
2018.04.12 18:08:35.439,13.37599,13.37788,0.00,0.00
2018.04.12 18:08:36.172,13.37588,13.37788,0.00,0.00
2018.04.12 18:08:36.788,13.37588,13.37789,0.00,0.00
2018.04.12 18:08:37.590,13.37579,13.37788,0.00,0.00
2018.04.12 18:08:37.640,13.37598,13.37788,0.00,0.00
2018.04.12 18:08:37.981,13.37598,13.37818,0.00,0.00
2018.04.12 18:08:38.450,13.37658,13.37859,0.00,0.00
2018.04.12 18:08:38.705,13.37658,13.37889,0.00,0.00
2018.04.12 18:08:39.679,13.37659,13.37889,0.00,0.00
2018.04.12 18:08:40.510,13.37659,13.37859,0.00,0.00
2018.04.12 18:08:41.184,13.37658,13.37859,0.00,0.00
2018.04.12 18:08:41.639,13.37658,13.37788,0.00,0.00
2018.04.12 18:08:41.690,13.37599,13.37788,0.00,0.00
2018.04.12 18:08:42.503,13.37598,13.37789,0.00,0.00
2018.04.12 18:08:43.140,13.37598,13.37788,0.00,0.00
2018.04.12 18:08:43.845,13.37598,13.37789,0.00,0.00
2018.04.12 18:08:49.245,13.37598,13.37788,0.00,0.00
2018.04.12 18:08:53.004,13.37598,13.37759,0.00,0.00
2018.04.12 18:08:53.079,13.37568,13.37759,0.00,0.00
2018.04.12 18:08:53.232,13.37569,13.37769,0.00,0.00
2018.04.12 18:08:53.283,13.37568,13.37788,0.00,0.00
2018.04.12 18:08:53.470,13.37589,13.37788,0.00,0.00
2018.04.12 18:08:54.169,13.37589,13.37789,0.00,0.00
2018.04.12 18:08:54.220,13.37639,13.37849,0.00,0.00
2018.04.12 18:08:54.779,13.37639,13.37878,0.00,0.00
2018.04.12 18:08:54.831,13.37661,13.37889,0.00,0.00
2018.04.12 18:08:55.179,13.37749,13.37988,0.00,0.00
2018.04.12 18:08:55.820,13.37749,13.37989,0.00,0.00
2018.04.12 18:08:55.871,13.37749,13.37949,0.00,0.00
2018.04.12 18:08:56.482,13.37749,13.37948,0.00,0.00
2018.04.12 18:08:57.522,13.37749,13.37949,0.00,0.00
2018.04.12 18:08:59.202,13.37749,13.37939,0.00,0.00
2018.04.12 18:08:59.253,13.37688,13.37889,0.00,0.00
2018.04.12 18:08:59.304,13.37678,13.37918,0.00,0.00
2018.04.12 18:08:59.355,13.37649,13.37879,0.00,0.00
2018.04.12 18:08:59.856,13.37649,13.37878,0.00,0.00
2018.04.12 18:09:00.203,13.37648,13.37849,0.00,0.00
2018.04.12 18:09:00.757,13.37648,13.37848,0.00,0.00
2018.04.12 18:09:01.087,13.37589,13.37799,0.00,0.00
2018.04.12 18:09:01.189,13.37578,13.37799,0.00,0.00
2018.04.12 18:09:01.764,13.37578,13.37798,0.00,0.00
2018.04.12 18:09:02.587,13.37578,13.37799,0.00,0.00
2018.04.12 18:09:03.130,13.37578,13.37798,0.00,0.00
2018.04.12 18:09:07.368,13.37578,13.37799,0.00,0.00
2018.04.12 18:09:07.419,13.37589,13.37799,0.00,0.00
2018.04.12 18:09:08.084,13.37589,13.37798,0.00,0.00
2018.04.12 18:09:08.270,13.37589,13.37829,0.00,0.00
2018.04.12 18:09:09.209,13.37648,13.37849,0.00,0.00
2018.04.12 18:09:09.734,13.37648,13.37848,0.00,0.00
2018.04.12 18:09:10.495,13.37648,13.37839,0.00,0.00
2018.04.12 18:09:10.546,13.37579,13.37799,0.00,0.00
2018.04.12 18:09:11.146,13.37578,13.37799,0.00,0.00
2018.04.12 18:09:11.813,13.37578,13.37798,0.00,0.00
2018.04.12 18:09:13.784,13.37578,13.37778,0.00,0.00
2018.04.12 18:09:13.835,13.37558,13.37779,0.00,0.00
2018.04.12 18:09:15.461,13.37558,13.37778,0.00,0.00
2018.04.12 18:09:15.512,13.37558,13.37749,0.00,0.00
2018.04.12 18:09:17.688,13.37558,13.37779,0.00,0.00
2018.04.12 18:09:19.677,13.37558,13.37778,0.00,0.00
2018.04.12 18:09:19.759,13.37558,13.37798,0.00,0.00
2018.04.12 18:09:19.810,13.37558,13.37779,0.00,0.00
2018.04.12 18:09:20.009,13.37558,13.37799,0.00,0.00
2018.04.12 18:09:20.615,13.37559,13.37799,0.00,0.00
2018.04.12 18:09:21.148,13.37559,13.37779,0.00,0.00
2018.04.12 18:09:21.199,13.37559,13.37799,0.00,0.00
2018.04.12 18:09:22.441,13.37559,13.37798,0.00,0.00
2018.04.12 18:09:26.919,13.37559,13.37799,0.00,0.00
2018.04.12 18:09:30.645,13.37559,13.37798,0.00,0.00
2018.04.12 18:09:31.239,13.37559,13.37799,0.00,0.00
2018.04.12 18:09:35.678,13.37559,13.37798,0.00,0.00
2018.04.12 18:09:36.338,13.37488,13.37699,0.00,0.00
2018.04.12 18:09:36.389,13.37478,13.37699,0.00,0.00
2018.04.12 18:09:36.440,13.37469,13.37699,0.00,0.00
2018.04.12 18:09:36.629,13.37459,13.37698,0.00,0.00
2018.04.12 18:09:37.130,13.37459,13.37699,0.00,0.00
2018.04.12 18:09:38.655,13.37459,13.37698,0.00,0.00
2018.04.12 18:09:45.951,13.37459,13.37699,0.00,0.00
2018.04.12 18:09:50.117,13.37459,13.37698,0.00,0.00
2018.04.12 18:09:53.944,13.37459,13.37689,0.00,0.00
2018.04.12 18:09:53.995,13.37459,13.37699,0.00,0.00
2018.04.12 18:09:55.429,13.37459,13.37689,0.00,0.00
2018.04.12 18:09:55.949,13.37459,13.37688,0.00,0.00
2018.04.12 18:09:56.559,13.37459,13.37699,0.00,0.00
2018.04.12 18:09:57.158,13.37459,13.37698,0.00,0.00
2018.04.12 18:09:57.803,13.37459,13.37699,0.00,0.00
2018.04.12 18:10:01.228,13.37459,13.37698,0.00,0.00
2018.04.12 18:10:03.508,13.37459,13.37699,0.00,0.00
2018.04.12 18:10:04.217,13.37459,13.37698,0.00,0.00
2018.04.12 18:10:05.306,13.37459,13.37699,0.00,0.00
2018.04.12 18:10:06.606,13.37459,13.37698,0.00,0.00
2018.04.12 18:10:07.566,13.37468,13.37698,0.00,0.00
2018.04.12 18:10:08.176,13.37468,13.37699,0.00,0.00
2018.04.12 18:10:10.959,13.37468,13.37698,0.00,0.00
2018.04.12 18:10:11.539,13.37468,13.37699,0.00,0.00
2018.04.12 18:10:12.637,13.37468,13.37698,0.00,0.00
2018.04.12 18:10:13.903,13.37468,13.37699,0.00,0.00
2018.04.12 18:10:14.620,13.37381,13.37651,0.00,0.00
2018.04.12 18:10:14.688,13.37379,13.37628,0.00,0.00
2018.04.12 18:10:15.503,13.37378,13.37629,0.00,0.00
2018.04.12 18:10:16.160,13.37378,13.37628,0.00,0.00
2018.04.12 18:10:16.831,13.37378,13.37629,0.00,0.00
2018.04.12 18:10:19.578,13.37378,13.37628,0.00,0.00
2018.04.12 18:10:20.187,13.37378,13.37629,0.00,0.00
2018.04.12 18:10:20.492,13.37321,13.37529,0.00,0.00
2018.04.12 18:10:20.780,13.37319,13.37529,0.00,0.00
2018.04.12 18:10:20.831,13.37271,13.37529,0.00,0.00
2018.04.12 18:10:20.933,13.37269,13.37529,0.00,0.00
2018.04.12 18:10:23.290,13.37268,13.37529,0.00,0.00
2018.04.12 18:10:24.655,13.37268,13.37499,0.00,0.00
2018.04.12 18:10:25.101,13.37268,13.37529,0.00,0.00
2018.04.12 18:10:27.501,13.37369,13.37559,0.00,0.00
2018.04.12 18:10:27.835,13.37369,13.37628,0.00,0.00
2018.04.12 18:10:28.994,13.37369,13.37629,0.00,0.00
2018.04.12 18:10:32.878,13.37369,13.37609,0.00,0.00
2018.04.12 18:10:33.107,13.37369,13.37629,0.00,0.00
2018.04.12 18:10:35.172,13.37369,13.37628,0.00,0.00
2018.04.12 18:10:36.974,13.37379,13.37628,0.00,0.00
2018.04.12 18:10:37.126,13.37389,13.37639,0.00,0.00
2018.04.12 18:10:37.260,13.37389,13.37628,0.00,0.00
2018.04.12 18:10:37.543,13.37369,13.37628,0.00,0.00
2018.04.12 18:10:38.810,13.37369,13.37629,0.00,0.00
2018.04.12 18:10:38.962,13.37372,13.37628,0.00,0.00
2018.04.12 18:10:39.287,13.37369,13.37628,0.00,0.00
2018.04.12 18:10:39.806,13.37369,13.37629,0.00,0.00
2018.04.12 18:10:40.310,13.37369,13.37628,0.00,0.00
2018.04.12 18:10:40.428,13.37372,13.37628,0.00,0.00
2018.04.12 18:10:41.073,13.37369,13.37628,0.00,0.00
2018.04.12 18:10:41.227,13.37371,13.37628,0.00,0.00
2018.04.12 18:10:45.425,13.37369,13.37628,0.00,0.00
2018.04.12 18:10:47.152,13.37349,13.37578,0.00,0.00
2018.04.12 18:10:47.407,13.37368,13.37628,0.00,0.00
2018.04.12 18:10:47.611,13.37368,13.37619,0.00,0.00
2018.04.12 18:10:48.224,13.37368,13.37628,0.00,0.00
2018.04.12 18:10:48.675,13.37388,13.37648,0.00,0.00
2018.04.12 18:10:49.017,13.37379,13.37629,0.00,0.00
2018.04.12 18:10:50.480,13.37379,13.37628,0.00,0.00
2018.04.12 18:10:51.150,13.37379,13.37629,0.00,0.00
2018.04.12 18:10:51.702,13.37379,13.37628,0.00,0.00
2018.04.12 18:10:51.753,13.37368,13.37618,0.00,0.00
2018.04.12 18:10:52.760,13.37372,13.37618,0.00,0.00
2018.04.12 18:10:52.811,13.37368,13.37618,0.00,0.00
2018.04.12 18:10:53.202,13.37368,13.37629,0.00,0.00
2018.04.12 18:10:53.998,13.37368,13.37628,0.00,0.00
2018.04.12 18:10:54.769,13.37368,13.37578,0.00,0.00
2018.04.12 18:10:54.838,13.37368,13.37628,0.00,0.00
2018.04.12 18:10:55.236,13.37368,13.37578,0.00,0.00
2018.04.12 18:10:55.287,13.37348,13.37579,0.00,0.00
2018.04.12 18:10:56.048,13.37348,13.37578,0.00,0.00
2018.04.12 18:10:56.178,13.37338,13.37578,0.00,0.00
2018.04.12 18:10:56.837,13.37338,13.37579,0.00,0.00
2018.04.12 18:10:57.690,13.37279,13.37529,0.00,0.00
2018.04.12 18:10:58.789,13.37279,13.37528,0.00,0.00
2018.04.12 18:11:00.221,13.37279,13.37529,0.00,0.00
2018.04.12 18:11:00.800,13.37279,13.37528,0.00,0.00
2018.04.12 18:11:01.462,13.37279,13.37529,0.00,0.00
2018.04.12 18:11:03.334,13.37334,13.37579,0.00,0.00
2018.04.12 18:11:03.872,13.37334,13.37578,0.00,0.00
2018.04.12 18:11:04.174,13.37334,13.37549,0.00,0.00
2018.04.12 18:11:04.579,13.37334,13.37579,0.00,0.00
2018.04.12 18:11:05.144,13.37334,13.37578,0.00,0.00
2018.04.12 18:11:05.507,13.37363,13.37579,0.00,0.00
2018.04.12 18:11:05.558,13.37363,13.37628,0.00,0.00
2018.04.12 18:11:06.049,13.37371,13.37629,0.00,0.00
2018.04.12 18:11:08.871,13.37372,13.37628,0.00,0.00
2018.04.12 18:11:09.236,13.37388,13.37629,0.00,0.00
2018.04.12 18:11:09.386,13.37459,13.37719,0.00,0.00
2018.04.12 18:11:10.752,13.37459,13.37728,0.00,0.00
2018.04.12 18:11:11.789,13.37459,13.37729,0.00,0.00
2018.04.12 18:11:12.549,13.37459,13.37649,0.00,0.00
2018.04.12 18:11:12.599,13.37388,13.37628,0.00,0.00
2018.04.12 18:11:12.700,13.37378,13.37629,0.00,0.00
2018.04.12 18:11:13.799,13.37378,13.37628,0.00,0.00
2018.04.12 18:11:19.098,13.37381,13.37628,0.00,0.00
2018.04.12 18:11:19.777,13.37382,13.37628,0.00,0.00
2018.04.12 18:11:23.137,13.37381,13.37628,0.00,0.00
2018.04.12 18:11:23.333,13.37378,13.37628,0.00,0.00
2018.04.12 18:11:25.524,13.37382,13.37628,0.00,0.00
2018.04.12 18:11:25.798,13.37379,13.37628,0.00,0.00
2018.04.12 18:11:26.078,13.37398,13.37629,0.00,0.00
2018.04.12 18:11:26.280,13.37462,13.37728,0.00,0.00
2018.04.12 18:11:26.331,13.37461,13.37679,0.00,0.00
2018.04.12 18:11:26.382,13.37459,13.37679,0.00,0.00
2018.04.12 18:11:26.483,13.37468,13.37729,0.00,0.00
2018.04.12 18:11:26.838,13.37491,13.37729,0.00,0.00
2018.04.12 18:11:27.396,13.37472,13.37728,0.00,0.00
2018.04.12 18:11:29.160,13.37468,13.37729,0.00,0.00
2018.04.12 18:11:33.054,13.37459,13.37728,0.00,0.00
2018.04.12 18:11:33.520,13.37461,13.37729,0.00,0.00
2018.04.12 18:11:33.900,13.37459,13.37729,0.00,0.00
2018.04.12 18:11:35.190,13.37459,13.37728,0.00,0.00
2018.04.12 18:11:35.958,13.37459,13.37729,0.00,0.00
2018.04.12 18:11:36.441,13.37459,13.37649,0.00,0.00
2018.04.12 18:11:36.492,13.37361,13.37629,0.00,0.00
2018.04.12 18:11:36.542,13.37361,13.37579,0.00,0.00
2018.04.12 18:11:36.593,13.37298,13.37529,0.00,0.00
2018.04.12 18:11:36.644,13.37282,13.37528,0.00,0.00
2018.04.12 18:11:36.695,13.37278,13.37528,0.00,0.00
2018.04.12 18:11:36.746,13.37269,13.37528,0.00,0.00
2018.04.12 18:11:38.477,13.37269,13.37479,0.00,0.00
2018.04.12 18:11:38.908,13.37269,13.37529,0.00,0.00
2018.04.12 18:11:39.268,13.37269,13.37478,0.00,0.00
2018.04.12 18:11:39.370,13.37249,13.37479,0.00,0.00
2018.04.12 18:11:39.769,13.37238,13.37452,0.00,0.00
2018.04.12 18:11:40.111,13.37221,13.37428,0.00,0.00
2018.04.12 18:11:41.082,13.37171,13.37428,0.00,0.00
2018.04.12 18:11:41.203,13.37171,13.37412,0.00,0.00
2018.04.12 18:11:41.408,13.37211,13.37471,0.00,0.00
2018.04.12 18:11:41.509,13.37229,13.37471,0.00,0.00
2018.04.12 18:11:41.996,13.37229,13.37449,0.00,0.00
2018.04.12 18:11:42.158,13.37161,13.37402,0.00,0.00
2018.04.12 18:11:42.548,13.37152,13.37402,0.00,0.00
2018.04.12 18:11:43.058,13.37149,13.37402,0.00,0.00
2018.04.12 18:11:43.669,13.37149,13.37369,0.00,0.00
2018.04.12 18:11:43.720,13.37129,13.37368,0.00,0.00
2018.04.12 18:11:43.872,13.37091,13.37348,0.00,0.00
2018.04.12 18:11:43.923,13.37129,13.37348,0.00,0.00
2018.04.12 18:11:44.362,13.37129,13.37372,0.00,0.00
2018.04.12 18:11:44.823,13.37141,13.37381,0.00,0.00
2018.04.12 18:11:45.268,13.37149,13.37381,0.00,0.00
2018.04.12 18:11:45.723,13.37168,13.37381,0.00,0.00
2018.04.12 18:11:45.774,13.37148,13.37378,0.00,0.00
2018.04.12 18:11:46.018,13.37148,13.37381,0.00,0.00
2018.04.12 18:11:46.069,13.37163,13.37381,0.00,0.00
2018.04.12 18:11:46.492,13.37163,13.37369,0.00,0.00
2018.04.12 18:11:46.943,13.37183,13.37401,0.00,0.00
2018.04.12 18:11:48.608,13.37224,13.37458,0.00,0.00
2018.04.12 18:11:48.930,13.37228,13.37472,0.00,0.00
2018.04.12 18:11:49.500,13.37198,13.37442,0.00,0.00
2018.04.12 18:11:50.027,13.37214,13.37442,0.00,0.00
2018.04.12 18:11:50.077,13.37223,13.37472,0.00,0.00
2018.04.12 18:11:50.838,13.37228,13.37449,0.00,0.00
2018.04.12 18:11:50.889,13.37219,13.37442,0.00,0.00
2018.04.12 18:11:51.777,13.37228,13.37442,0.00,0.00
2018.04.12 18:11:51.829,13.37239,13.37462,0.00,0.00
2018.04.12 18:11:52.347,13.37239,13.37478,0.00,0.00
2018.04.12 18:11:52.772,13.37258,13.37478,0.00,0.00
2018.04.12 18:11:52.823,13.37258,13.37482,0.00,0.00
2018.04.12 18:11:53.575,13.37258,13.37492,0.00,0.00
2018.04.12 18:11:54.242,13.37239,13.37492,0.00,0.00
2018.04.12 18:11:54.394,13.37239,13.37479,0.00,0.00
2018.04.12 18:11:54.822,13.37269,13.37479,0.00,0.00
2018.04.12 18:11:54.873,13.37269,13.37492,0.00,0.00
2018.04.12 18:11:54.946,13.37248,13.37492,0.00,0.00
2018.04.12 18:11:54.996,13.37248,13.37479,0.00,0.00
2018.04.12 18:11:56.023,13.37278,13.37479,0.00,0.00
2018.04.12 18:11:56.075,13.37318,13.37549,0.00,0.00
2018.04.12 18:11:56.131,13.37331,13.37571,0.00,0.00
2018.04.12 18:11:56.267,13.37262,13.37441,0.00,0.00
2018.04.12 18:11:56.327,13.37228,13.37449,0.00,0.00
2018.04.12 18:11:56.491,13.37229,13.37462,0.00,0.00
2018.04.12 18:11:56.542,13.37268,13.37471,0.00,0.00
2018.04.12 18:11:56.869,13.37278,13.37471,0.00,0.00
2018.04.12 18:11:57.011,13.37238,13.37471,0.00,0.00
2018.04.12 18:11:57.656,13.37238,13.37441,0.00,0.00
2018.04.12 18:11:57.707,13.37218,13.37441,0.00,0.00
2018.04.12 18:11:58.615,13.37238,13.37441,0.00,0.00
2018.04.12 18:11:58.665,13.37238,13.37472,0.00,0.00
2018.04.12 18:12:00.150,13.37238,13.37479,0.00,0.00
2018.04.12 18:12:00.957,13.37238,13.37478,0.00,0.00
2018.04.12 18:12:01.233,13.37258,13.37478,0.00,0.00
2018.04.12 18:12:01.922,13.37258,13.37479,0.00,0.00
2018.04.12 18:12:02.185,13.37229,13.37479,0.00,0.00
2018.04.12 18:12:02.236,13.37229,13.37449,0.00,0.00
2018.04.12 18:12:02.699,13.37188,13.37428,0.00,0.00
2018.04.12 18:12:03.354,13.37188,13.37429,0.00,0.00
2018.04.12 18:12:03.929,13.37188,13.37428,0.00,0.00
2018.04.12 18:12:04.040,13.37148,13.37379,0.00,0.00
2018.04.12 18:12:04.586,13.37148,13.37378,0.00,0.00
2018.04.12 18:12:04.975,13.37188,13.37378,0.00,0.00
2018.04.12 18:12:05.025,13.37188,13.37412,0.00,0.00
2018.04.12 18:12:05.168,13.37188,13.37421,0.00,0.00
2018.04.12 18:12:05.456,13.37169,13.37422,0.00,0.00
2018.04.12 18:12:05.506,13.37158,13.37402,0.00,0.00
2018.04.12 18:12:05.844,13.37189,13.37402,0.00,0.00
2018.04.12 18:12:05.982,13.37169,13.37402,0.00,0.00
2018.04.12 18:12:06.033,13.37169,13.37378,0.00,0.00
2018.04.12 18:12:06.257,13.37188,13.37422,0.00,0.00
2018.04.12 18:12:06.897,13.37188,13.37421,0.00,0.00
2018.04.12 18:12:10.284,13.37203,13.37432,0.00,0.00
2018.04.12 18:12:10.335,13.37203,13.37449,0.00,0.00
2018.04.12 18:12:10.387,13.37223,13.37478,0.00,0.00
2018.04.12 18:12:10.908,13.37223,13.37479,0.00,0.00
2018.04.12 18:12:12.265,13.37228,13.37469,0.00,0.00
2018.04.12 18:12:12.597,13.37258,13.37469,0.00,0.00
2018.04.12 18:12:12.650,13.37279,13.37491,0.00,0.00
2018.04.12 18:12:12.707,13.37289,13.37491,0.00,0.00
2018.04.12 18:12:12.850,13.37289,13.37502,0.00,0.00
2018.04.12 18:12:15.237,13.37289,13.37522,0.00,0.00
2018.04.12 18:12:18.632,13.37289,13.37529,0.00,0.00
2018.04.12 18:12:20.236,13.37289,13.37528,0.00,0.00
2018.04.12 18:12:20.852,13.37289,13.37529,0.00,0.00
2018.04.12 18:12:21.505,13.37289,13.37528,0.00,0.00
2018.04.12 18:12:22.362,13.37289,13.37529,0.00,0.00
2018.04.12 18:12:23.081,13.37289,13.37528,0.00,0.00
2018.04.12 18:12:23.132,13.37289,13.37511,0.00,0.00
2018.04.12 18:12:23.328,13.37289,13.37529,0.00,0.00
2018.04.12 18:12:25.388,13.37289,13.37528,0.00,0.00
2018.04.12 18:12:26.583,13.37289,13.37529,0.00,0.00
2018.04.12 18:12:27.697,13.37289,13.37528,0.00,0.00
2018.04.12 18:12:28.215,13.37289,13.37529,0.00,0.00
2018.04.12 18:12:28.716,13.37289,13.37511,0.00,0.00
2018.04.12 18:12:28.992,13.37288,13.37522,0.00,0.00
2018.04.12 18:12:29.187,13.37288,13.37511,0.00,0.00
2018.04.12 18:12:29.649,13.37288,13.37528,0.00,0.00
2018.04.12 18:12:29.700,13.37288,13.37522,0.00,0.00
2018.04.12 18:12:31.598,13.37288,13.37521,0.00,0.00
2018.04.12 18:12:32.617,13.37319,13.37578,0.00,0.00
2018.04.12 18:12:32.719,13.37328,13.37579,0.00,0.00
2018.04.12 18:12:33.168,13.37328,13.37549,0.00,0.00
2018.04.12 18:12:33.806,13.37328,13.37548,0.00,0.00
2018.04.12 18:12:34.224,13.37329,13.37578,0.00,0.00
2018.04.12 18:12:34.879,13.37329,13.37579,0.00,0.00
2018.04.12 18:12:35.969,13.37368,13.37612,0.00,0.00
2018.04.12 18:12:36.020,13.37368,13.37621,0.00,0.00
2018.04.12 18:12:36.579,13.37348,13.37579,0.00,0.00
2018.04.12 18:12:37.127,13.37368,13.37578,0.00,0.00
2018.04.12 18:12:37.177,13.37368,13.37612,0.00,0.00
2018.04.12 18:12:37.228,13.37368,13.37618,0.00,0.00
2018.04.12 18:12:37.279,13.37389,13.37618,0.00,0.00
2018.04.12 18:12:37.622,13.37469,13.37702,0.00,0.00
2018.04.12 18:12:39.336,13.37469,13.37712,0.00,0.00
2018.04.12 18:12:39.685,13.37529,13.37749,0.00,0.00
2018.04.12 18:12:39.837,13.37498,13.37728,0.00,0.00
2018.04.12 18:12:40.199,13.37518,13.37762,0.00,0.00
2018.04.12 18:12:40.312,13.37558,13.37802,0.00,0.00
2018.04.12 18:12:40.534,13.37558,13.37812,0.00,0.00
2018.04.12 18:12:40.586,13.37579,13.37812,0.00,0.00
2018.04.12 18:12:41.388,13.37579,13.37828,0.00,0.00
2018.04.12 18:12:41.832,13.37588,13.37828,0.00,0.00
2018.04.12 18:12:41.985,13.37569,13.37819,0.00,0.00
2018.04.12 18:12:42.555,13.37569,13.37818,0.00,0.00
2018.04.12 18:12:43.218,13.37569,13.37819,0.00,0.00
2018.04.12 18:12:43.798,13.37569,13.37822,0.00,0.00
2018.04.12 18:12:45.291,13.37569,13.37811,0.00,0.00
2018.04.12 18:12:45.617,13.37488,13.37749,0.00,0.00
2018.04.12 18:12:45.719,13.37488,13.37739,0.00,0.00
2018.04.12 18:12:46.229,13.37488,13.37729,0.00,0.00
2018.04.12 18:12:46.662,13.37468,13.37652,0.00,0.00
2018.04.12 18:12:47.918,13.37458,13.37652,0.00,0.00
2018.04.12 18:12:48.260,13.37469,13.37652,0.00,0.00
2018.04.12 18:12:49.702,13.37451,13.37652,0.00,0.00
2018.04.12 18:12:49.753,13.37448,13.37652,0.00,0.00
2018.04.12 18:12:51.568,13.37479,13.37702,0.00,0.00
2018.04.12 18:12:51.669,13.37479,13.37651,0.00,0.00
2018.04.12 18:12:52.557,13.37458,13.37651,0.00,0.00
2018.04.12 18:12:53.386,13.37478,13.37651,0.00,0.00
2018.04.12 18:12:53.476,13.37511,13.37702,0.00,0.00
2018.04.12 18:12:53.583,13.37532,13.37752,0.00,0.00
2018.04.12 18:12:53.743,13.37512,13.37752,0.00,0.00
2018.04.12 18:12:55.088,13.37511,13.37752,0.00,0.00
2018.04.12 18:12:55.638,13.37522,13.37752,0.00,0.00
2018.04.12 18:12:56.504,13.37461,13.37702,0.00,0.00
2018.04.12 18:12:56.605,13.37461,13.37652,0.00,0.00
2018.04.12 18:12:56.765,13.37459,13.37652,0.00,0.00
2018.04.12 18:12:57.957,13.37472,13.37652,0.00,0.00
2018.04.12 18:12:58.460,13.37471,13.37652,0.00,0.00
2018.04.12 18:12:59.582,13.37472,13.37652,0.00,0.00
2018.04.12 18:13:00.142,13.37471,13.37652,0.00,0.00
2018.04.12 18:13:00.316,13.37459,13.37652,0.00,0.00
2018.04.12 18:13:00.459,13.37471,13.37652,0.00,0.00
2018.04.12 18:13:00.899,13.37482,13.37652,0.00,0.00
2018.04.12 18:13:00.949,13.37469,13.37701,0.00,0.00
2018.04.12 18:13:01.000,13.37488,13.37701,0.00,0.00
2018.04.12 18:13:01.627,13.37479,13.37701,0.00,0.00
2018.04.12 18:13:01.677,13.37478,13.37651,0.00,0.00
2018.04.12 18:13:02.084,13.37458,13.37651,0.00,0.00
2018.04.12 18:13:02.196,13.37449,13.37651,0.00,0.00
2018.04.12 18:13:03.003,13.37458,13.37651,0.00,0.00
2018.04.12 18:13:04.768,13.37472,13.37651,0.00,0.00
2018.04.12 18:13:04.994,13.37458,13.37651,0.00,0.00
2018.04.12 18:13:05.135,13.37462,13.37651,0.00,0.00
2018.04.12 18:13:06.698,13.37461,13.37651,0.00,0.00
2018.04.12 18:13:07.658,13.37458,13.37651,0.00,0.00
2018.04.12 18:13:07.709,13.37472,13.37651,0.00,0.00
2018.04.12 18:13:09.015,13.37458,13.37651,0.00,0.00
2018.04.12 18:13:09.144,13.37471,13.37651,0.00,0.00
2018.04.12 18:13:11.997,13.37458,13.37651,0.00,0.00
2018.04.12 18:13:14.234,13.37478,13.37651,0.00,0.00
2018.04.12 18:13:14.538,13.37481,13.37651,0.00,0.00
2018.04.12 18:13:15.431,13.37512,13.37702,0.00,0.00
2018.04.12 18:13:15.481,13.37531,13.37702,0.00,0.00
2018.04.12 18:13:15.534,13.37512,13.37752,0.00,0.00
2018.04.12 18:13:16.101,13.37511,13.37752,0.00,0.00
2018.04.12 18:13:16.762,13.37512,13.37752,0.00,0.00
2018.04.12 18:13:18.501,13.37518,13.37752,0.00,0.00
2018.04.12 18:13:19.032,13.37521,13.37752,0.00,0.00
2018.04.12 18:13:19.405,13.37542,13.37752,0.00,0.00
2018.04.12 18:13:19.594,13.37521,13.37752,0.00,0.00
2018.04.12 18:13:19.765,13.37512,13.37752,0.00,0.00
2018.04.12 18:13:20.899,13.37512,13.37778,0.00,0.00
2018.04.12 18:13:23.136,13.37539,13.37778,0.00,0.00
2018.04.12 18:13:23.696,13.37562,13.37782,0.00,0.00
2018.04.12 18:13:24.746,13.37561,13.37782,0.00,0.00
2018.04.12 18:13:25.029,13.37609,13.37878,0.00,0.00
2018.04.12 18:13:25.873,13.37572,13.37828,0.00,0.00
2018.04.12 18:13:25.923,13.37558,13.37828,0.00,0.00
2018.04.12 18:13:25.974,13.37548,13.37782,0.00,0.00
2018.04.12 18:13:26.442,13.37538,13.37782,0.00,0.00
2018.04.12 18:13:29.457,13.37541,13.37782,0.00,0.00
2018.04.12 18:13:30.145,13.37538,13.37782,0.00,0.00
2018.04.12 18:13:30.211,13.37551,13.37782,0.00,0.00
2018.04.12 18:13:30.348,13.37538,13.37782,0.00,0.00
2018.04.12 18:13:30.550,13.37542,13.37782,0.00,0.00
2018.04.12 18:13:30.682,13.37538,13.37782,0.00,0.00
2018.04.12 18:13:31.076,13.37541,13.37782,0.00,0.00
2018.04.12 18:13:31.168,13.37538,13.37782,0.00,0.00
2018.04.12 18:13:31.741,13.37541,13.37782,0.00,0.00
2018.04.12 18:13:32.098,13.37538,13.37782,0.00,0.00
2018.04.12 18:13:32.660,13.37542,13.37782,0.00,0.00
2018.04.12 18:13:34.412,13.37538,13.37782,0.00,0.00
2018.04.12 18:13:35.588,13.37541,13.37782,0.00,0.00
2018.04.12 18:13:37.474,13.37551,13.37782,0.00,0.00
2018.04.12 18:13:37.869,13.37538,13.37782,0.00,0.00
2018.04.12 18:13:39.863,13.37581,13.37832,0.00,0.00
2018.04.12 18:13:40.321,13.37579,13.37832,0.00,0.00
2018.04.12 18:13:41.294,13.37579,13.37781,0.00,0.00
2018.04.12 18:13:41.600,13.37559,13.37781,0.00,0.00
2018.04.12 18:13:41.738,13.37549,13.37781,0.00,0.00
2018.04.12 18:13:42.177,13.37539,13.37781,0.00,0.00
2018.04.12 18:13:43.519,13.37542,13.37781,0.00,0.00
2018.04.12 18:13:43.883,13.37591,13.37781,0.00,0.00
2018.04.12 18:13:43.983,13.37572,13.37781,0.00,0.00
2018.04.12 18:13:44.063,13.37542,13.37781,0.00,0.00
2018.04.12 18:13:44.264,13.37539,13.37781,0.00,0.00
2018.04.12 18:13:44.315,13.37542,13.37781,0.00,0.00
2018.04.12 18:13:44.619,13.37539,13.37781,0.00,0.00
2018.04.12 18:13:46.825,13.37561,13.37781,0.00,0.00
2018.04.12 18:13:47.568,13.37562,13.37781,0.00,0.00
2018.04.12 18:13:47.789,13.37551,13.37781,0.00,0.00
2018.04.12 18:13:47.858,13.37549,13.37781,0.00,0.00
2018.04.12 18:13:50.009,13.37539,13.37781,0.00,0.00
2018.04.12 18:13:52.571,13.37542,13.37781,0.00,0.00
2018.04.12 18:13:54.220,13.37562,13.37781,0.00,0.00
2018.04.12 18:13:54.325,13.37539,13.37781,0.00,0.00
2018.04.12 18:13:55.794,13.37561,13.37781,0.00,0.00
2018.04.12 18:13:56.963,13.37562,13.37781,0.00,0.00
2018.04.12 18:13:57.465,13.37551,13.37781,0.00,0.00
2018.04.12 18:13:58.233,13.37539,13.37781,0.00,0.00
2018.04.12 18:13:58.789,13.37552,13.37781,0.00,0.00
2018.04.12 18:13:58.942,13.37539,13.37781,0.00,0.00
2018.04.12 18:14:00.056,13.37548,13.37781,0.00,0.00
2018.04.12 18:14:00.433,13.37539,13.37781,0.00,0.00
2018.04.12 18:14:02.218,13.37541,13.37781,0.00,0.00
2018.04.12 18:14:02.546,13.37551,13.37781,0.00,0.00
2018.04.12 18:14:03.069,13.37552,13.37781,0.00,0.00
2018.04.12 18:14:03.588,13.37551,13.37781,0.00,0.00
2018.04.12 18:14:04.049,13.37539,13.37781,0.00,0.00
2018.04.12 18:14:09.656,13.37512,13.37681,0.00,0.00
2018.04.12 18:14:09.707,13.37472,13.37681,0.00,0.00
2018.04.12 18:14:10.169,13.37452,13.37682,0.00,0.00
2018.04.12 18:14:10.371,13.37449,13.37682,0.00,0.00
2018.04.12 18:14:11.847,13.37431,13.37682,0.00,0.00
2018.04.12 18:14:11.898,13.37428,13.37682,0.00,0.00
2018.04.12 18:14:12.055,13.37418,13.37682,0.00,0.00
2018.04.12 18:14:13.412,13.37422,13.37682,0.00,0.00
2018.04.12 18:14:13.767,13.37418,13.37682,0.00,0.00
2018.04.12 18:14:23.215,13.37381,13.37629,0.00,0.00
2018.04.12 18:14:23.266,13.37358,13.37628,0.00,0.00
2018.04.12 18:14:23.317,13.37358,13.37581,0.00,0.00
2018.04.12 18:14:26.515,13.37362,13.37581,0.00,0.00
2018.04.12 18:14:26.937,13.37382,13.37581,0.00,0.00
2018.04.12 18:14:27.344,13.37362,13.37581,0.00,0.00
2018.04.12 18:14:27.446,13.37358,13.37581,0.00,0.00
2018.04.12 18:14:41.086,13.37358,13.37602,0.00,0.00
2018.04.12 18:14:51.090,13.37361,13.37602,0.00,0.00
2018.04.12 18:14:51.141,13.37358,13.37602,0.00,0.00
2018.04.12 18:14:51.941,13.37358,13.37599,0.00,0.00
2018.04.12 18:14:52.340,13.37358,13.37602,0.00,0.00
2018.04.12 18:14:54.549,13.37268,13.37529,0.00,0.00
2018.04.12 18:14:54.600,13.37261,13.37519,0.00,0.00
2018.04.12 18:14:55.010,13.37248,13.37498,0.00,0.00
2018.04.12 18:14:55.887,13.37248,13.37499,0.00,0.00
2018.04.12 18:14:55.938,13.37248,13.37502,0.00,0.00
2018.04.12 18:14:57.148,13.37248,13.37498,0.00,0.00
2018.04.12 18:14:57.850,13.37251,13.37502,0.00,0.00
2018.04.12 18:14:59.420,13.37248,13.37502,0.00,0.00
2018.04.12 18:15:00.926,13.37271,13.37502,0.00,0.00
2018.04.12 18:15:02.301,13.37371,13.37559,0.00,0.00
2018.04.12 18:15:02.623,13.37371,13.37602,0.00,0.00
2018.04.12 18:15:03.400,13.37351,13.37602,0.00,0.00
2018.04.12 18:15:06.909,13.37352,13.37602,0.00,0.00
2018.04.12 18:15:07.598,13.37351,13.37602,0.00,0.00
2018.04.12 18:15:09.448,13.37372,13.37602,0.00,0.00
2018.04.12 18:15:11.448,13.37351,13.37602,0.00,0.00
2018.04.12 18:15:12.115,13.37392,13.37602,0.00,0.00
2018.04.12 18:15:12.678,13.37351,13.37602,0.00,0.00
2018.04.12 18:15:12.969,13.37391,13.37602,0.00,0.00
2018.04.12 18:15:13.473,13.37351,13.37602,0.00,0.00
2018.04.12 18:15:14.776,13.37339,13.37602,0.00,0.00
2018.04.12 18:15:14.827,13.37341,13.37602,0.00,0.00
2018.04.12 18:15:15.250,13.37371,13.37602,0.00,0.00
2018.04.12 18:15:15.514,13.37351,13.37602,0.00,0.00
2018.04.12 18:15:15.637,13.37372,13.37602,0.00,0.00
2018.04.12 18:15:15.718,13.37352,13.37602,0.00,0.00
2018.04.12 18:15:16.294,13.37339,13.37602,0.00,0.00
2018.04.12 18:15:16.382,13.37352,13.37602,0.00,0.00
2018.04.12 18:15:16.484,13.37339,13.37602,0.00,0.00
2018.04.12 18:15:16.558,13.37351,13.37602,0.00,0.00
2018.04.12 18:15:17.230,13.37352,13.37602,0.00,0.00
2018.04.12 18:15:17.562,13.37372,13.37602,0.00,0.00
2018.04.12 18:15:19.130,13.37371,13.37602,0.00,0.00
2018.04.12 18:15:21.045,13.37372,13.37602,0.00,0.00
2018.04.12 18:15:22.050,13.37351,13.37589,0.00,0.00
2018.04.12 18:15:22.650,13.37372,13.37588,0.00,0.00
2018.04.12 18:15:23.111,13.37412,13.37628,0.00,0.00
2018.04.12 18:15:23.213,13.37411,13.37659,0.00,0.00
2018.04.12 18:15:23.264,13.37432,13.37678,0.00,0.00
2018.04.12 18:15:23.603,13.37461,13.37698,0.00,0.00
2018.04.12 18:15:24.162,13.37462,13.37698,0.00,0.00
2018.04.12 18:15:24.956,13.37461,13.37689,0.00,0.00
2018.04.12 18:15:25.007,13.37448,13.37689,0.00,0.00
2018.04.12 18:15:27.040,13.37448,13.37699,0.00,0.00
2018.04.12 18:15:27.125,13.37448,13.37688,0.00,0.00
2018.04.12 18:15:27.697,13.37448,13.37689,0.00,0.00
2018.04.12 18:15:28.442,13.37428,13.37689,0.00,0.00
2018.04.12 18:15:28.493,13.37368,13.37628,0.00,0.00
2018.04.12 18:15:28.810,13.37368,13.37602,0.00,0.00
2018.04.12 18:15:28.968,13.37361,13.37602,0.00,0.00
2018.04.12 18:15:29.019,13.37342,13.37602,0.00,0.00
2018.04.12 18:15:29.070,13.37338,13.37588,0.00,0.00
2018.04.12 18:15:29.538,13.37339,13.37578,0.00,0.00
2018.04.12 18:15:30.200,13.37339,13.37579,0.00,0.00
2018.04.12 18:15:31.207,13.37338,13.37602,0.00,0.00
2018.04.12 18:15:31.868,13.37358,13.37602,0.00,0.00
2018.04.12 18:15:32.978,13.37358,13.37599,0.00,0.00
2018.04.12 18:15:33.029,13.37358,13.37602,0.00,0.00
2018.04.12 18:15:33.351,13.37338,13.37559,0.00,0.00
2018.04.12 18:15:34.028,13.37338,13.37589,0.00,0.00
2018.04.12 18:15:34.940,13.37338,13.37529,0.00,0.00
2018.04.12 18:15:34.991,13.37328,13.37559,0.00,0.00
2018.04.12 18:15:36.467,13.37328,13.37529,0.00,0.00
2018.04.12 18:15:36.644,13.37329,13.37559,0.00,0.00
2018.04.12 18:15:36.891,13.37329,13.37529,0.00,0.00
2018.04.12 18:15:37.250,13.37329,13.37559,0.00,0.00
2018.04.12 18:15:37.302,13.37349,13.37598,0.00,0.00
2018.04.12 18:15:37.465,13.37351,13.37602,0.00,0.00
2018.04.12 18:15:37.600,13.37348,13.37602,0.00,0.00
2018.04.12 18:15:38.384,13.37351,13.37602,0.00,0.00
2018.04.12 18:15:38.940,13.37352,13.37602,0.00,0.00
2018.04.12 18:15:38.990,13.37348,13.37602,0.00,0.00
2018.04.12 18:15:39.855,13.37348,13.37529,0.00,0.00
2018.04.12 18:15:39.905,13.37318,13.37551,0.00,0.00
2018.04.12 18:15:39.956,13.37339,13.37551,0.00,0.00
2018.04.12 18:15:40.007,13.37339,13.37599,0.00,0.00
2018.04.12 18:15:40.208,13.37359,13.37602,0.00,0.00
2018.04.12 18:15:40.729,13.37279,13.37499,0.00,0.00
2018.04.12 18:15:41.142,13.37259,13.37501,0.00,0.00
2018.04.12 18:15:49.430,13.37269,13.37519,0.00,0.00
2018.04.12 18:15:49.481,13.37321,13.37601,0.00,0.00
2018.04.12 18:15:49.532,13.37338,13.37601,0.00,0.00
2018.04.12 18:15:50.089,13.37338,13.37551,0.00,0.00
2018.04.12 18:15:50.140,13.37301,13.37519,0.00,0.00
2018.04.12 18:15:50.191,13.37271,13.37519,0.00,0.00
2018.04.12 18:15:50.242,13.37271,13.37502,0.00,0.00
2018.04.12 18:15:50.307,13.37268,13.37502,0.00,0.00
2018.04.12 18:15:54.822,13.37249,13.37502,0.00,0.00
2018.04.12 18:15:55.879,13.37252,13.37502,0.00,0.00
2018.04.12 18:15:58.767,13.37268,13.37502,0.00,0.00
2018.04.12 18:15:59.033,13.37338,13.37592,0.00,0.00
2018.04.12 18:15:59.221,13.37338,13.37559,0.00,0.00
2018.04.12 18:15:59.999,13.37338,13.37558,0.00,0.00
2018.04.12 18:16:00.050,13.37338,13.37592,0.00,0.00
2018.04.12 18:16:00.526,13.37338,13.37559,0.00,0.00
2018.04.12 18:16:01.263,13.37338,13.37558,0.00,0.00
2018.04.12 18:16:01.371,13.37338,13.37592,0.00,0.00
2018.04.12 18:16:06.298,13.37338,13.37568,0.00,0.00
2018.04.12 18:16:06.646,13.37338,13.37592,0.00,0.00
2018.04.12 18:16:10.371,13.37338,13.37558,0.00,0.00
2018.04.12 18:16:10.422,13.37338,13.37592,0.00,0.00
2018.04.12 18:16:13.174,13.37338,13.37602,0.00,0.00
2018.04.12 18:16:13.225,13.37358,13.37602,0.00,0.00
2018.04.12 18:16:13.878,13.37359,13.37602,0.00,0.00
2018.04.12 18:16:14.207,13.37361,13.37602,0.00,0.00
2018.04.12 18:16:14.585,13.37381,13.37602,0.00,0.00
2018.04.12 18:16:14.961,13.37361,13.37602,0.00,0.00
2018.04.12 18:16:15.113,13.37359,13.37602,0.00,0.00
2018.04.12 18:16:18.358,13.37361,13.37602,0.00,0.00
2018.04.12 18:16:18.460,13.37359,13.37602,0.00,0.00
2018.04.12 18:16:23.807,13.37381,13.37602,0.00,0.00
2018.04.12 18:16:24.278,13.37362,13.37588,0.00,0.00
2018.04.12 18:16:24.380,13.37359,13.37588,0.00,0.00
2018.04.12 18:16:24.548,13.37359,13.37591,0.00,0.00
2018.04.12 18:16:24.619,13.37338,13.37591,0.00,0.00
2018.04.12 18:16:25.743,13.37338,13.37592,0.00,0.00
2018.04.12 18:16:30.157,13.37338,13.37602,0.00,0.00
2018.04.12 18:16:30.963,13.37338,13.37599,0.00,0.00
2018.04.12 18:16:31.427,13.37269,13.37502,0.00,0.00
2018.04.12 18:16:34.431,13.37249,13.37502,0.00,0.00
2018.04.12 18:16:35.062,13.37248,13.37502,0.00,0.00
2018.04.12 18:16:40.525,13.37239,13.37502,0.00,0.00
2018.04.12 18:16:41.803,13.37239,13.37512,0.00,0.00
2018.04.12 18:16:58.697,13.37282,13.37512,0.00,0.00
2018.04.12 18:16:58.968,13.37259,13.37512,0.00,0.00
2018.04.12 18:17:00.010,13.37248,13.37479,0.00,0.00
2018.04.12 18:17:00.111,13.37248,13.37519,0.00,0.00
2018.04.12 18:17:01.024,13.37248,13.37518,0.00,0.00
2018.04.12 18:17:02.102,13.37248,13.37519,0.00,0.00
2018.04.12 18:17:02.529,13.37251,13.37519,0.00,0.00
2018.04.12 18:17:04.067,13.37248,13.37518,0.00,0.00
2018.04.12 18:17:05.222,13.37248,13.37519,0.00,0.00
2018.04.12 18:17:05.921,13.37249,13.37518,0.00,0.00
2018.04.12 18:17:15.499,13.37249,13.37519,0.00,0.00
2018.04.12 18:17:16.060,13.37248,13.37519,0.00,0.00
2018.04.12 18:17:18.558,13.37252,13.37518,0.00,0.00
2018.04.12 18:17:19.509,13.37248,13.37519,0.00,0.00
2018.04.12 18:17:19.661,13.37259,13.37519,0.00,0.00
2018.04.12 18:17:23.234,13.37328,13.37572,0.00,0.00
2018.04.12 18:17:23.386,13.37331,13.37609,0.00,0.00
2018.04.12 18:17:23.437,13.37349,13.37609,0.00,0.00
2018.04.12 18:17:24.277,13.37339,13.37609,0.00,0.00
2018.04.12 18:17:24.694,13.37339,13.37612,0.00,0.00
2018.04.12 18:17:36.388,13.37339,13.37592,0.00,0.00
2018.04.12 18:17:36.785,13.37339,13.37558,0.00,0.00
2018.04.12 18:17:37.032,13.37338,13.37612,0.00,0.00
2018.04.12 18:17:38.009,13.37338,13.37592,0.00,0.00
2018.04.12 18:17:38.162,13.37319,13.37612,0.00,0.00
2018.04.12 18:17:41.727,13.37319,13.37592,0.00,0.00
2018.04.12 18:17:41.963,13.37319,13.37612,0.00,0.00
2018.04.12 18:17:42.264,13.37319,13.37592,0.00,0.00
2018.04.12 18:17:42.736,13.37319,13.37559,0.00,0.00
2018.04.12 18:17:43.017,13.37319,13.37612,0.00,0.00
2018.04.12 18:17:43.068,13.37319,13.37558,0.00,0.00
2018.04.12 18:17:44.687,13.37262,13.37518,0.00,0.00
2018.04.12 18:17:44.738,13.37258,13.37518,0.00,0.00
2018.04.12 18:17:46.248,13.37258,13.37519,0.00,0.00
2018.04.12 18:17:48.111,13.37258,13.37518,0.00,0.00
2018.04.12 18:17:48.162,13.37239,13.37518,0.00,0.00
2018.04.12 18:17:48.269,13.37239,13.37509,0.00,0.00
2018.04.12 18:17:48.634,13.37161,13.37419,0.00,0.00
2018.04.12 18:17:49.169,13.37162,13.37418,0.00,0.00
2018.04.12 18:17:51.255,13.37161,13.37419,0.00,0.00
2018.04.12 18:17:52.780,13.37162,13.37418,0.00,0.00
2018.04.12 18:17:55.586,13.37161,13.37419,0.00,0.00
2018.04.12 18:17:56.053,13.37158,13.37401,0.00,0.00
2018.04.12 18:17:57.757,13.37158,13.37418,0.00,0.00
2018.04.12 18:17:57.903,13.37162,13.37419,0.00,0.00
2018.04.12 18:17:58.109,13.37162,13.37422,0.00,0.00
2018.04.12 18:17:58.160,13.37162,13.37419,0.00,0.00
2018.04.12 18:17:58.211,13.37159,13.37418,0.00,0.00
2018.04.12 18:17:58.832,13.37159,13.37419,0.00,0.00
2018.04.12 18:17:59.162,13.37159,13.37411,0.00,0.00
2018.04.12 18:17:59.810,13.37079,13.37318,0.00,0.00
2018.04.12 18:17:59.861,13.37072,13.37318,0.00,0.00
2018.04.12 18:18:00.044,13.37071,13.37309,0.00,0.00
2018.04.12 18:18:00.213,13.37071,13.37319,0.00,0.00
2018.04.12 18:18:00.283,13.37071,13.37309,0.00,0.00
2018.04.12 18:18:00.578,13.37058,13.37319,0.00,0.00
2018.04.12 18:18:02.108,13.37058,13.37318,0.00,0.00
2018.04.12 18:18:02.206,13.37061,13.37318,0.00,0.00
2018.04.12 18:18:02.508,13.37118,13.37328,0.00,0.00
2018.04.12 18:18:02.786,13.37068,13.37329,0.00,0.00
2018.04.12 18:18:02.912,13.37068,13.37318,0.00,0.00
2018.04.12 18:18:03.258,13.37058,13.37298,0.00,0.00
2018.04.12 18:18:04.051,13.37058,13.37318,0.00,0.00
2018.04.12 18:18:06.133,13.37058,13.37319,0.00,0.00
2018.04.12 18:18:06.724,13.37058,13.37318,0.00,0.00
2018.04.12 18:18:07.068,13.37121,13.37359,0.00,0.00
2018.04.12 18:18:07.254,13.37072,13.37328,0.00,0.00
2018.04.12 18:18:07.355,13.37071,13.37322,0.00,0.00
2018.04.12 18:18:07.406,13.37068,13.37322,0.00,0.00
2018.04.12 18:18:07.678,13.37068,13.37319,0.00,0.00
2018.04.12 18:18:07.984,13.37071,13.37319,0.00,0.00
2018.04.12 18:18:08.268,13.37072,13.37322,0.00,0.00
2018.04.12 18:18:08.318,13.37088,13.37329,0.00,0.00
2018.04.12 18:18:09.032,13.37088,13.37328,0.00,0.00
2018.04.12 18:18:10.529,13.37088,13.37319,0.00,0.00
2018.04.12 18:18:10.580,13.37069,13.37319,0.00,0.00
2018.04.12 18:18:11.144,13.37069,13.37318,0.00,0.00
2018.04.12 18:18:11.648,13.37058,13.37319,0.00,0.00
2018.04.12 18:18:12.382,13.37058,13.37318,0.00,0.00
2018.04.12 18:18:13.008,13.37058,13.37319,0.00,0.00
2018.04.12 18:18:13.873,13.37039,13.37259,0.00,0.00
2018.04.12 18:18:13.924,13.37022,13.37258,0.00,0.00
2018.04.12 18:18:14.238,13.37022,13.37278,0.00,0.00
2018.04.12 18:18:14.412,13.37021,13.37289,0.00,0.00
2018.04.12 18:18:14.643,13.37022,13.37259,0.00,0.00
2018.04.12 18:18:14.694,13.36972,13.37218,0.00,0.00
2018.04.12 18:18:15.353,13.36971,13.37219,0.00,0.00
2018.04.12 18:18:15.455,13.36988,13.37229,0.00,0.00
2018.04.12 18:18:16.013,13.36989,13.37229,0.00,0.00
2018.04.12 18:18:16.829,13.36981,13.37231,0.00,0.00
2018.04.12 18:18:16.881,13.36989,13.37231,0.00,0.00
2018.04.12 18:18:16.932,13.36989,13.37249,0.00,0.00
2018.04.12 18:18:16.983,13.37008,13.37229,0.00,0.00
2018.04.12 18:18:17.033,13.37008,13.37259,0.00,0.00
2018.04.12 18:18:17.084,13.37008,13.37229,0.00,0.00
2018.04.12 18:18:17.738,13.37008,13.37228,0.00,0.00
2018.04.12 18:18:17.857,13.36988,13.37228,0.00,0.00
2018.04.12 18:18:18.009,13.36998,13.37229,0.00,0.00
2018.04.12 18:18:18.227,13.37019,13.37259,0.00,0.00
2018.04.12 18:18:18.278,13.37029,13.37318,0.00,0.00
2018.04.12 18:18:18.773,13.37042,13.37318,0.00,0.00
2018.04.12 18:18:19.330,13.37049,13.37319,0.00,0.00
2018.04.12 18:18:19.654,13.37028,13.37258,0.00,0.00
2018.04.12 18:18:20.498,13.37028,13.37259,0.00,0.00
2018.04.12 18:18:20.918,13.37028,13.37299,0.00,0.00
2018.04.12 18:18:21.159,13.37028,13.37289,0.00,0.00
2018.04.12 18:18:21.707,13.37029,13.37308,0.00,0.00
2018.04.12 18:18:22.305,13.37029,13.37259,0.00,0.00
2018.04.12 18:18:22.760,13.37029,13.37289,0.00,0.00
2018.04.12 18:18:23.573,13.37029,13.37318,0.00,0.00
2018.04.12 18:18:23.624,13.37038,13.37318,0.00,0.00
2018.04.12 18:18:25.129,13.37041,13.37319,0.00,0.00
2018.04.12 18:18:25.292,13.37039,13.37319,0.00,0.00
2018.04.12 18:18:25.393,13.37028,13.37309,0.00,0.00
2018.04.12 18:18:25.444,13.37028,13.37289,0.00,0.00
2018.04.12 18:18:25.962,13.37028,13.37288,0.00,0.00
2018.04.12 18:18:26.843,13.37028,13.37299,0.00,0.00
2018.04.12 18:18:27.654,13.37019,13.37259,0.00,0.00
2018.04.12 18:18:27.756,13.36971,13.37229,0.00,0.00
2018.04.12 18:18:28.307,13.36989,13.37228,0.00,0.00
2018.04.12 18:18:28.691,13.37029,13.37301,0.00,0.00
2018.04.12 18:18:28.850,13.37028,13.37309,0.00,0.00
2018.04.12 18:18:29.071,13.37049,13.37308,0.00,0.00
2018.04.12 18:18:29.322,13.37028,13.37308,0.00,0.00
2018.04.12 18:18:29.937,13.37028,13.37318,0.00,0.00
2018.04.12 18:18:31.759,13.37048,13.37318,0.00,0.00
2018.04.12 18:18:32.277,13.37051,13.37319,0.00,0.00
2018.04.12 18:18:32.985,13.37052,13.37318,0.00,0.00
2018.04.12 18:18:33.599,13.37071,13.37319,0.00,0.00
2018.04.12 18:18:34.305,13.37051,13.37319,0.00,0.00
2018.04.12 18:18:34.407,13.37049,13.37319,0.00,0.00
2018.04.12 18:18:34.954,13.37051,13.37319,0.00,0.00
2018.04.12 18:18:35.560,13.37049,13.37318,0.00,0.00
2018.04.12 18:18:35.661,13.36982,13.37228,0.00,0.00
2018.04.12 18:18:35.713,13.36971,13.37219,0.00,0.00
2018.04.12 18:18:36.389,13.36972,13.37208,0.00,0.00
2018.04.12 18:18:37.048,13.36972,13.37218,0.00,0.00
2018.04.12 18:18:37.657,13.36971,13.37219,0.00,0.00
2018.04.12 18:18:38.458,13.36972,13.37218,0.00,0.00
2018.04.12 18:18:39.271,13.36982,13.37228,0.00,0.00
2018.04.12 18:18:39.498,13.36971,13.37219,0.00,0.00
2018.04.12 18:18:39.739,13.37021,13.37229,0.00,0.00
2018.04.12 18:18:40.044,13.37029,13.37258,0.00,0.00
2018.04.12 18:18:40.598,13.37029,13.37259,0.00,0.00
2018.04.12 18:18:40.756,13.37021,13.37259,0.00,0.00
2018.04.12 18:18:41.316,13.37022,13.37258,0.00,0.00
2018.04.12 18:18:41.975,13.37021,13.37259,0.00,0.00
2018.04.12 18:18:42.177,13.36971,13.37192,0.00,0.00
2018.04.12 18:18:43.206,13.36941,13.37192,0.00,0.00
2018.04.12 18:18:43.670,13.36962,13.37192,0.00,0.00
2018.04.12 18:18:43.771,13.36951,13.37192,0.00,0.00
2018.04.12 18:18:44.097,13.36961,13.37192,0.00,0.00
2018.04.12 18:18:44.538,13.36941,13.37192,0.00,0.00
2018.04.12 18:18:44.690,13.36962,13.37192,0.00,0.00
2018.04.12 18:18:44.792,13.36941,13.37192,0.00,0.00
2018.04.12 18:18:44.843,13.36962,13.37192,0.00,0.00
2018.04.12 18:18:44.944,13.36941,13.37192,0.00,0.00
2018.04.12 18:18:45.092,13.36928,13.37192,0.00,0.00
2018.04.12 18:18:45.144,13.36922,13.37191,0.00,0.00
2018.04.12 18:18:45.197,13.36911,13.37191,0.00,0.00
2018.04.12 18:18:45.939,13.36912,13.37191,0.00,0.00
2018.04.12 18:18:46.427,13.36921,13.37191,0.00,0.00
2018.04.12 18:18:46.926,13.36942,13.37191,0.00,0.00
2018.04.12 18:18:47.465,13.36921,13.37171,0.00,0.00
2018.04.12 18:18:47.668,13.36941,13.37171,0.00,0.00
2018.04.12 18:18:47.719,13.36941,13.37181,0.00,0.00
2018.04.12 18:18:48.158,13.36922,13.37181,0.00,0.00
2018.04.12 18:18:48.908,13.36921,13.37181,0.00,0.00
2018.04.12 18:18:49.022,13.36921,13.37172,0.00,0.00
2018.04.12 18:18:49.456,13.36911,13.37159,0.00,0.00
2018.04.12 18:18:50.078,13.36911,13.37152,0.00,0.00
2018.04.12 18:18:50.437,13.36909,13.37152,0.00,0.00
2018.04.12 18:18:51.147,13.36899,13.37152,0.00,0.00
2018.04.12 18:18:51.198,13.36908,13.37152,0.00,0.00
2018.04.12 18:18:51.549,13.36921,13.37152,0.00,0.00
2018.04.12 18:18:52.008,13.36908,13.37152,0.00,0.00
2018.04.12 18:18:52.592,13.36921,13.37162,0.00,0.00
2018.04.12 18:18:52.919,13.36932,13.37181,0.00,0.00
2018.04.12 18:18:53.821,13.36931,13.37159,0.00,0.00
2018.04.12 18:18:53.872,13.36922,13.37158,0.00,0.00
2018.04.12 18:18:54.440,13.36909,13.37129,0.00,0.00
2018.04.12 18:18:54.917,13.36878,13.37158,0.00,0.00
2018.04.12 18:18:54.968,13.36878,13.37129,0.00,0.00
2018.04.12 18:18:55.307,13.36921,13.37141,0.00,0.00
2018.04.12 18:18:55.408,13.36898,13.37141,0.00,0.00
2018.04.12 18:18:55.561,13.36871,13.37129,0.00,0.00
2018.04.12 18:18:55.612,13.36861,13.37102,0.00,0.00
2018.04.12 18:18:55.713,13.36828,13.37102,0.00,0.00
2018.04.12 18:18:55.973,13.36822,13.37082,0.00,0.00
2018.04.12 18:18:56.501,13.36822,13.37048,0.00,0.00
2018.04.12 18:18:56.822,13.36822,13.37031,0.00,0.00
2018.04.12 18:18:56.873,13.36772,13.37022,0.00,0.00
2018.04.12 18:18:56.924,13.36771,13.37029,0.00,0.00
2018.04.12 18:18:57.112,13.36758,13.37029,0.00,0.00
2018.04.12 18:18:57.163,13.36751,13.36982,0.00,0.00
2018.04.12 18:18:57.214,13.36778,13.37029,0.00,0.00
2018.04.12 18:18:57.315,13.36778,13.37022,0.00,0.00
2018.04.12 18:18:57.679,13.36772,13.37001,0.00,0.00
2018.04.12 18:18:57.730,13.36741,13.37001,0.00,0.00
2018.04.12 18:18:57.964,13.36761,13.37001,0.00,0.00
2018.04.12 18:18:58.014,13.36739,13.37001,0.00,0.00
2018.04.12 18:18:58.528,13.36761,13.37001,0.00,0.00
2018.04.12 18:18:59.105,13.36761,13.37001,0.00,0.00
2018.04.12 18:18:59.156,13.36741,13.37002,0.00,0.00
2018.04.12 18:18:59.263,13.36741,13.36989,0.00,0.00
2018.04.12 18:18:59.534,13.36741,13.37002,0.00,0.00
2018.04.12 18:18:59.585,13.36756,13.37002,0.00,0.00
2018.04.12 18:18:59.686,13.36721,13.36972,0.00,0.00
2018.04.12 18:18:59.741,13.36737,13.36972,0.00,0.00
2018.04.12 18:18:59.855,13.36737,13.36981,0.00,0.00
2018.04.12 18:18:59.906,13.36846,13.37061,0.00,0.00
2018.04.12 18:18:59.957,13.36832,13.37061,0.00,0.00
2018.04.12 18:19:00.059,13.36837,13.37071,0.00,0.00
2018.04.12 18:19:00.263,13.36844,13.37118,0.00,0.00
2018.04.12 18:19:00.314,13.36866,13.37118,0.00,0.00
2018.04.12 18:19:00.651,13.36831,13.37091,0.00,0.00
2018.04.12 18:19:00.702,13.36831,13.37081,0.00,0.00
2018.04.12 18:19:01.044,13.36831,13.37072,0.00,0.00
2018.04.12 18:19:01.095,13.36822,13.37072,0.00,0.00
2018.04.12 18:19:01.511,13.36821,13.37059,0.00,0.00
2018.04.12 18:19:02.206,13.36799,13.37028,0.00,0.00
2018.04.12 18:19:02.545,13.36821,13.37029,0.00,0.00
2018.04.12 18:19:02.662,13.36821,13.37059,0.00,0.00
2018.04.12 18:19:02.713,13.36799,13.37029,0.00,0.00
2018.04.12 18:19:03.115,13.36822,13.37062,0.00,0.00
2018.04.12 18:19:03.622,13.36821,13.37062,0.00,0.00
2018.04.12 18:19:03.754,13.36821,13.37069,0.00,0.00
2018.04.12 18:19:03.805,13.36822,13.37072,0.00,0.00
2018.04.12 18:19:03.906,13.36832,13.37072,0.00,0.00
2018.04.12 18:19:04.237,13.36821,13.37051,0.00,0.00
2018.04.12 18:19:04.491,13.36799,13.37051,0.00,0.00
2018.04.12 18:19:04.691,13.36821,13.37051,0.00,0.00
2018.04.12 18:19:04.914,13.36799,13.37051,0.00,0.00
2018.04.12 18:19:05.460,13.36821,13.37052,0.00,0.00
2018.04.12 18:19:05.511,13.36821,13.37072,0.00,0.00
2018.04.12 18:19:05.709,13.36842,13.37072,0.00,0.00
2018.04.12 18:19:05.762,13.36821,13.37072,0.00,0.00
2018.04.12 18:19:06.143,13.36828,13.37072,0.00,0.00
2018.04.12 18:19:06.449,13.36822,13.37058,0.00,0.00
2018.04.12 18:19:06.650,13.36821,13.37062,0.00,0.00
2018.04.12 18:19:06.888,13.36828,13.37062,0.00,0.00
2018.04.12 18:19:07.169,13.36821,13.37062,0.00,0.00
2018.04.12 18:19:07.550,13.36821,13.37059,0.00,0.00
2018.04.12 18:19:08.100,13.36822,13.37062,0.00,0.00
2018.04.12 18:19:08.376,13.36821,13.37059,0.00,0.00
2018.04.12 18:19:08.760,13.36821,13.37062,0.00,0.00
2018.04.12 18:19:08.872,13.36828,13.37062,0.00,0.00
2018.04.12 18:19:09.034,13.36799,13.37059,0.00,0.00
2018.04.12 18:19:09.202,13.36771,13.37022,0.00,0.00
2018.04.12 18:19:09.253,13.36791,13.37049,0.00,0.00
2018.04.12 18:19:09.363,13.36798,13.37029,0.00,0.00
2018.04.12 18:19:09.627,13.36789,13.37049,0.00,0.00
2018.04.12 18:19:09.679,13.36821,13.37051,0.00,0.00
2018.04.12 18:19:09.938,13.36771,13.37021,0.00,0.00
2018.04.12 18:19:09.989,13.36751,13.37021,0.00,0.00
2018.04.12 18:19:10.039,13.36751,13.37002,0.00,0.00
2018.04.12 18:19:10.555,13.36749,13.37012,0.00,0.00
2018.04.12 18:19:10.657,13.36741,13.37012,0.00,0.00
2018.04.12 18:19:10.779,13.36762,13.37012,0.00,0.00
2018.04.12 18:19:11.220,13.36762,13.36992,0.00,0.00
2018.04.12 18:19:11.528,13.36741,13.36992,0.00,0.00
2018.04.12 18:19:12.140,13.36741,13.36989,0.00,0.00
2018.04.12 18:19:12.386,13.36741,13.36992,0.00,0.00
2018.04.12 18:19:13.125,13.36722,13.36992,0.00,0.00
2018.04.12 18:19:13.548,13.36722,13.36988,0.00,0.00
2018.04.12 18:19:13.989,13.36722,13.36958,0.00,0.00
2018.04.12 18:19:14.338,13.36721,13.36949,0.00,0.00
2018.04.12 18:19:14.563,13.36721,13.36969,0.00,0.00
2018.04.12 18:19:14.826,13.36721,13.36959,0.00,0.00
2018.04.12 18:19:14.876,13.36721,13.36981,0.00,0.00
2018.04.12 18:19:15.997,13.36722,13.36958,0.00,0.00
2018.04.12 18:19:16.330,13.36671,13.36929,0.00,0.00
2018.04.12 18:19:16.381,13.36721,13.36959,0.00,0.00
2018.04.12 18:19:16.696,13.36721,13.36929,0.00,0.00
2018.04.12 18:19:16.799,13.36722,13.36952,0.00,0.00
2018.04.12 18:19:16.861,13.36678,13.36952,0.00,0.00
2018.04.12 18:19:16.912,13.36721,13.36951,0.00,0.00
2018.04.12 18:19:17.114,13.36721,13.36959,0.00,0.00
2018.04.12 18:19:17.447,13.36722,13.36982,0.00,0.00
2018.04.12 18:19:19.159,13.36741,13.36982,0.00,0.00
2018.04.12 18:19:19.260,13.36721,13.36982,0.00,0.00
2018.04.12 18:19:19.850,13.36741,13.36982,0.00,0.00
2018.04.12 18:19:20.918,13.36721,13.36982,0.00,0.00
2018.04.12 18:19:21.619,13.36722,13.36968,0.00,0.00
2018.04.12 18:19:21.879,13.36721,13.36982,0.00,0.00
2018.04.12 18:19:21.930,13.36722,13.36922,0.00,0.00
2018.04.12 18:19:21.980,13.36709,13.36922,0.00,0.00
2018.04.12 18:19:22.031,13.36722,13.36922,0.00,0.00
2018.04.12 18:19:22.082,13.36722,13.36958,0.00,0.00
2018.04.12 18:19:24.579,13.36698,13.36929,0.00,0.00
2018.04.12 18:19:24.630,13.36721,13.36959,0.00,0.00
2018.04.12 18:19:25.158,13.36709,13.36928,0.00,0.00
2018.04.12 18:19:25.329,13.36721,13.36959,0.00,0.00
2018.04.12 18:19:25.432,13.36722,13.36928,0.00,0.00
2018.04.12 18:19:27.441,13.36681,13.36929,0.00,0.00
2018.04.12 18:19:27.784,13.36672,13.36928,0.00,0.00
2018.04.12 18:19:28.016,13.36688,13.36928,0.00,0.00
2018.04.12 18:19:28.319,13.36721,13.36929,0.00,0.00
2018.04.12 18:19:28.369,13.36721,13.36959,0.00,0.00
2018.04.12 18:19:28.627,13.36708,13.36929,0.00,0.00
2018.04.12 18:19:28.678,13.36682,13.36928,0.00,0.00
2018.04.12 18:19:28.829,13.36668,13.36929,0.00,0.00
2018.04.12 18:19:29.020,13.36661,13.36929,0.00,0.00
2018.04.12 18:19:29.071,13.36641,13.36921,0.00,0.00
2018.04.12 18:19:29.240,13.36638,13.36919,0.00,0.00
2018.04.12 18:19:29.484,13.36659,13.36921,0.00,0.00
2018.04.12 18:19:29.824,13.36722,13.36958,0.00,0.00
2018.04.12 18:19:30.153,13.36709,13.36929,0.00,0.00
2018.04.12 18:19:30.263,13.36721,13.36952,0.00,0.00
2018.04.12 18:19:30.387,13.36722,13.36962,0.00,0.00
2018.04.12 18:19:30.483,13.36722,13.36959,0.00,0.00
2018.04.12 18:19:30.587,13.36678,13.36959,0.00,0.00
2018.04.12 18:19:30.717,13.36731,13.36959,0.00,0.00
2018.04.12 18:19:30.857,13.36721,13.36959,0.00,0.00
2018.04.12 18:19:31.399,13.36721,13.36929,0.00,0.00
2018.04.12 18:19:31.658,13.36722,13.36948,0.00,0.00
2018.04.12 18:19:31.959,13.36709,13.36929,0.00,0.00
2018.04.12 18:19:32.063,13.36682,13.36912,0.00,0.00
2018.04.12 18:19:32.114,13.36658,13.36912,0.00,0.00
2018.04.12 18:19:32.214,13.36642,13.36912,0.00,0.00
2018.04.12 18:19:32.366,13.36722,13.36958,0.00,0.00
2018.04.12 18:19:32.689,13.36708,13.36929,0.00,0.00
2018.04.12 18:19:33.020,13.36661,13.36911,0.00,0.00
2018.04.12 18:19:33.121,13.36651,13.36911,0.00,0.00
2018.04.12 18:19:33.172,13.36722,13.36922,0.00,0.00
2018.04.12 18:19:33.273,13.36722,13.36959,0.00,0.00
2018.04.12 18:19:33.351,13.36722,13.36961,0.00,0.00
2018.04.12 18:19:33.409,13.36721,13.36959,0.00,0.00
2018.04.12 18:19:33.661,13.36721,13.36971,0.00,0.00
2018.04.12 18:19:33.858,13.36731,13.36971,0.00,0.00
2018.04.12 18:19:34.459,13.36742,13.36982,0.00,0.00
2018.04.12 18:19:35.919,13.36761,13.36982,0.00,0.00
2018.04.12 18:19:37.264,13.36742,13.36982,0.00,0.00
2018.04.12 18:19:40.288,13.36741,13.36982,0.00,0.00
2018.04.12 18:19:40.450,13.36721,13.36959,0.00,0.00
2018.04.12 18:19:41.019,13.36722,13.36958,0.00,0.00
2018.04.12 18:19:41.458,13.36721,13.36982,0.00,0.00
2018.04.12 18:19:41.510,13.36751,13.36959,0.00,0.00
2018.04.12 18:19:41.568,13.36721,13.36959,0.00,0.00
2018.04.12 18:19:41.900,13.36731,13.36969,0.00,0.00
2018.04.12 18:19:43.424,13.36721,13.36969,0.00,0.00
2018.04.12 18:19:43.642,13.36822,13.37072,0.00,0.00
2018.04.12 18:19:43.760,13.36852,13.37089,0.00,0.00
2018.04.12 18:19:44.012,13.36852,13.37098,0.00,0.00
2018.04.12 18:19:44.164,13.36832,13.37098,0.00,0.00
2018.04.12 18:19:44.388,13.36832,13.37101,0.00,0.00
2018.04.12 18:19:45.030,13.36831,13.37101,0.00,0.00
2018.04.12 18:19:45.191,13.36822,13.37101,0.00,0.00
2018.04.12 18:19:45.393,13.36839,13.37101,0.00,0.00
2018.04.12 18:19:45.444,13.36842,13.37108,0.00,0.00
2018.04.12 18:19:45.495,13.36852,13.37111,0.00,0.00
2018.04.12 18:19:46.401,13.36921,13.37159,0.00,0.00
2018.04.12 18:19:47.458,13.36922,13.37158,0.00,0.00
2018.04.12 18:19:48.050,13.36921,13.37159,0.00,0.00
2018.04.12 18:19:48.683,13.36922,13.37158,0.00,0.00
2018.04.12 18:19:49.949,13.36921,13.37159,0.00,0.00
2018.04.12 18:19:54.659,13.36921,13.37129,0.00,0.00
2018.04.12 18:19:54.784,13.36921,13.37159,0.00,0.00
2018.04.12 18:19:55.593,13.36922,13.37158,0.00,0.00
2018.04.12 18:19:57.278,13.36921,13.37159,0.00,0.00
2018.04.12 18:19:57.908,13.36922,13.37158,0.00,0.00
2018.04.12 18:19:59.172,13.36918,13.37129,0.00,0.00
2018.04.12 18:19:59.274,13.36921,13.37172,0.00,0.00
2018.04.12 18:20:00.381,13.36922,13.37172,0.00,0.00
2018.04.12 18:20:00.499,13.36932,13.37172,0.00,0.00
2018.04.12 18:20:01.160,13.36931,13.37172,0.00,0.00
2018.04.12 18:20:01.211,13.36928,13.37181,0.00,0.00
2018.04.12 18:20:02.256,13.36928,13.37182,0.00,0.00
2018.04.12 18:20:02.914,13.36931,13.37182,0.00,0.00
2018.04.12 18:20:03.015,13.36928,13.37182,0.00,0.00
2018.04.12 18:20:03.177,13.36932,13.37182,0.00,0.00
2018.04.12 18:20:03.417,13.36928,13.37182,0.00,0.00
2018.04.12 18:20:03.574,13.36931,13.37181,0.00,0.00
2018.04.12 18:20:04.168,13.36921,13.37159,0.00,0.00
2018.04.12 18:20:05.641,13.36922,13.37158,0.00,0.00
2018.04.12 18:20:06.430,13.36921,13.37129,0.00,0.00
2018.04.12 18:20:06.480,13.36918,13.37128,0.00,0.00
2018.04.12 18:20:06.796,13.36821,13.37059,0.00,0.00
2018.04.12 18:20:06.847,13.36818,13.37029,0.00,0.00
2018.04.12 18:20:06.949,13.36758,13.37012,0.00,0.00
2018.04.12 18:20:07.204,13.36732,13.36998,0.00,0.00
2018.04.12 18:20:07.298,13.36721,13.36999,0.00,0.00
2018.04.12 18:20:07.348,13.36721,13.36969,0.00,0.00
2018.04.12 18:20:07.703,13.36721,13.36959,0.00,0.00
2018.04.12 18:20:07.754,13.36722,13.36982,0.00,0.00
2018.04.12 18:20:08.480,13.36721,13.36982,0.00,0.00
2018.04.12 18:20:09.200,13.36721,13.36959,0.00,0.00
2018.04.12 18:20:09.897,13.36738,13.36982,0.00,0.00
2018.04.12 18:20:11.351,13.36738,13.37001,0.00,0.00
2018.04.12 18:20:11.401,13.36751,13.37001,0.00,0.00
2018.04.12 18:20:11.565,13.36738,13.37001,0.00,0.00
2018.04.12 18:20:11.769,13.36738,13.36998,0.00,0.00
2018.04.12 18:20:12.556,13.36738,13.37001,0.00,0.00
2018.04.12 18:20:13.563,13.36821,13.37059,0.00,0.00
2018.04.12 18:20:13.881,13.36821,13.37029,0.00,0.00
2018.04.12 18:20:16.585,13.36842,13.37058,0.00,0.00
2018.04.12 18:20:17.046,13.36819,13.37062,0.00,0.00
2018.04.12 18:20:17.118,13.36821,13.37059,0.00,0.00
2018.04.12 18:20:17.908,13.36821,13.37062,0.00,0.00
2018.04.12 18:20:18.500,13.36822,13.37058,0.00,0.00
2018.04.12 18:20:18.947,13.36821,13.37062,0.00,0.00
2018.04.12 18:20:19.017,13.36821,13.37059,0.00,0.00
2018.04.12 18:20:19.363,13.36828,13.37058,0.00,0.00
2018.04.12 18:20:19.414,13.36822,13.37071,0.00,0.00
2018.04.12 18:20:19.560,13.36831,13.37071,0.00,0.00
2018.04.12 18:20:20.546,13.36829,13.37071,0.00,0.00
2018.04.12 18:20:20.876,13.36829,13.37068,0.00,0.00
2018.04.12 18:20:21.487,13.36829,13.37059,0.00,0.00
2018.04.12 18:20:22.200,13.36839,13.37059,0.00,0.00
2018.04.12 18:20:22.359,13.36822,13.37058,0.00,0.00
2018.04.12 18:20:22.610,13.36771,13.37029,0.00,0.00
2018.04.12 18:20:22.711,13.36819,13.37029,0.00,0.00
2018.04.12 18:20:23.469,13.36821,13.37059,0.00,0.00
2018.04.12 18:20:23.520,13.36821,13.37071,0.00,0.00
2018.04.12 18:20:24.257,13.36829,13.37071,0.00,0.00
2018.04.12 18:20:24.617,13.36821,13.37059,0.00,0.00
2018.04.12 18:20:25.506,13.36828,13.37059,0.00,0.00
2018.04.12 18:20:25.557,13.36828,13.37071,0.00,0.00
2018.04.12 18:20:25.656,13.36838,13.37071,0.00,0.00
2018.04.12 18:20:25.707,13.36822,13.37058,0.00,0.00
2018.04.12 18:20:25.758,13.36821,13.37071,0.00,0.00
2018.04.12 18:20:25.910,13.36822,13.37058,0.00,0.00
2018.04.12 18:20:27.379,13.36821,13.37059,0.00,0.00
2018.04.12 18:20:30.555,13.36821,13.37071,0.00,0.00
2018.04.12 18:20:30.605,13.36822,13.37058,0.00,0.00
2018.04.12 18:20:31.141,13.36821,13.37059,0.00,0.00
2018.04.12 18:20:31.453,13.36772,13.37028,0.00,0.00
2018.04.12 18:20:31.567,13.36818,13.37029,0.00,0.00
2018.04.12 18:20:31.735,13.36772,13.37028,0.00,0.00
2018.04.12 18:20:31.911,13.36768,13.37028,0.00,0.00
2018.04.12 18:20:32.049,13.36758,13.37028,0.00,0.00
2018.04.12 18:20:32.146,13.36738,13.37011,0.00,0.00
2018.04.12 18:20:32.197,13.36728,13.37011,0.00,0.00
2018.04.12 18:20:33.105,13.36722,13.37001,0.00,0.00
2018.04.12 18:20:33.461,13.36722,13.36991,0.00,0.00
2018.04.12 18:20:34.940,13.36722,13.37002,0.00,0.00
2018.04.12 18:20:34.991,13.36752,13.37002,0.00,0.00
2018.04.12 18:20:35.378,13.36822,13.37051,0.00,0.00
2018.04.12 18:20:35.646,13.36821,13.37059,0.00,0.00
2018.04.12 18:20:36.071,13.36822,13.37028,0.00,0.00
2018.04.12 18:20:36.589,13.36821,13.37059,0.00,0.00
2018.04.12 18:20:36.640,13.36831,13.37071,0.00,0.00
2018.04.12 18:20:36.817,13.36821,13.37059,0.00,0.00
2018.04.12 18:20:37.645,13.36822,13.37058,0.00,0.00
2018.04.12 18:20:38.235,13.36821,13.37059,0.00,0.00
2018.04.12 18:20:38.749,13.36822,13.37058,0.00,0.00
2018.04.12 18:20:39.550,13.36832,13.37058,0.00,0.00
2018.04.12 18:20:39.803,13.36822,13.37058,0.00,0.00
2018.04.12 18:20:40.397,13.36821,13.37059,0.00,0.00
2018.04.12 18:20:40.957,13.36822,13.37058,0.00,0.00
2018.04.12 18:20:41.853,13.36821,13.37059,0.00,0.00
2018.04.12 18:20:42.280,13.36821,13.37052,0.00,0.00
2018.04.12 18:20:42.331,13.36771,13.37029,0.00,0.00
2018.04.12 18:20:42.382,13.36818,13.37029,0.00,0.00
2018.04.12 18:20:42.623,13.36771,13.37029,0.00,0.00
2018.04.12 18:20:42.702,13.36818,13.37029,0.00,0.00
2018.04.12 18:20:43.366,13.36818,13.37028,0.00,0.00
2018.04.12 18:20:43.417,13.36768,13.37028,0.00,0.00
2018.04.12 18:20:43.739,13.36818,13.37029,0.00,0.00
2018.04.12 18:20:43.790,13.36821,13.37051,0.00,0.00
2018.04.12 18:20:43.841,13.36821,13.37059,0.00,0.00
2018.04.12 18:20:44.693,13.36769,13.37009,0.00,0.00
2018.04.12 18:20:45.224,13.36768,13.37008,0.00,0.00
2018.04.12 18:20:45.580,13.36781,13.37029,0.00,0.00
2018.04.12 18:20:45.631,13.36771,13.37029,0.00,0.00
2018.04.12 18:20:46.137,13.36819,13.37029,0.00,0.00
2018.04.12 18:20:46.522,13.36821,13.37059,0.00,0.00
2018.04.12 18:20:47.187,13.36822,13.37058,0.00,0.00
2018.04.12 18:20:47.779,13.36821,13.37059,0.00,0.00
2018.04.12 18:20:47.830,13.36821,13.37029,0.00,0.00
2018.04.12 18:20:48.156,13.36782,13.37028,0.00,0.00
2018.04.12 18:20:48.271,13.36821,13.37029,0.00,0.00
2018.04.12 18:20:48.373,13.36778,13.37029,0.00,0.00
2018.04.12 18:20:49.039,13.36778,13.37028,0.00,0.00
2018.04.12 18:20:49.090,13.36772,13.37041,0.00,0.00
2018.04.12 18:20:49.191,13.36778,13.37059,0.00,0.00
2018.04.12 18:20:49.293,13.36779,13.37061,0.00,0.00
2018.04.12 18:20:49.407,13.36779,13.37052,0.00,0.00
2018.04.12 18:20:50.631,13.36779,13.37029,0.00,0.00
2018.04.12 18:20:51.280,13.36779,13.37052,0.00,0.00
2018.04.12 18:20:51.382,13.36792,13.37052,0.00,0.00
2018.04.12 18:20:52.064,13.36791,13.37052,0.00,0.00
2018.04.12 18:20:53.103,13.36831,13.37052,0.00,0.00
2018.04.12 18:20:53.153,13.36832,13.37081,0.00,0.00
2018.04.12 18:20:53.618,13.36801,13.37081,0.00,0.00
2018.04.12 18:20:54.373,13.36782,13.37081,0.00,0.00
2018.04.12 18:20:54.424,13.36782,13.37058,0.00,0.00
2018.04.12 18:20:54.533,13.36781,13.37079,0.00,0.00
2018.04.12 18:20:54.619,13.36781,13.37059,0.00,0.00
2018.04.12 18:20:55.659,13.36779,13.37059,0.00,0.00
2018.04.12 18:20:55.899,13.36782,13.37081,0.00,0.00
2018.04.12 18:20:55.950,13.36788,13.37081,0.00,0.00
2018.04.12 18:20:56.369,13.36801,13.37081,0.00,0.00
2018.04.12 18:20:57.212,13.36788,13.37081,0.00,0.00
2018.04.12 18:20:59.098,13.36801,13.37081,0.00,0.00
2018.04.12 18:20:59.718,13.36802,13.37081,0.00,0.00
2018.04.12 18:21:00.080,13.36821,13.37081,0.00,0.00
2018.04.12 18:21:00.200,13.36801,13.37081,0.00,0.00
2018.04.12 18:21:00.497,13.36802,13.37078,0.00,0.00
2018.04.12 18:21:00.733,13.36799,13.37078,0.00,0.00
2018.04.12 18:21:00.962,13.36799,13.37081,0.00,0.00
2018.04.12 18:21:01.016,13.36881,13.37092,0.00,0.00
2018.04.12 18:21:01.067,13.36872,13.37128,0.00,0.00
2018.04.12 18:21:01.168,13.36878,13.37128,0.00,0.00
2018.04.12 18:21:01.550,13.36912,13.37142,0.00,0.00
2018.04.12 18:21:01.700,13.36881,13.37142,0.00,0.00
2018.04.12 18:21:02.659,13.36881,13.37159,0.00,0.00
2018.04.12 18:21:03.412,13.36902,13.37158,0.00,0.00
2018.04.12 18:21:04.036,13.36882,13.37158,0.00,0.00
2018.04.12 18:21:05.427,13.36901,13.37159,0.00,0.00
2018.04.12 18:21:06.033,13.36922,13.37158,0.00,0.00
2018.04.12 18:21:06.333,13.36921,13.37171,0.00,0.00
2018.04.12 18:21:06.477,13.36902,13.37168,0.00,0.00
2018.04.12 18:21:06.528,13.36901,13.37171,0.00,0.00
2018.04.12 18:21:07.303,13.36902,13.37171,0.00,0.00
2018.04.12 18:21:07.354,13.36902,13.37181,0.00,0.00
2018.04.12 18:21:07.877,13.36922,13.37181,0.00,0.00
2018.04.12 18:21:08.169,13.36911,13.37181,0.00,0.00
2018.04.12 18:21:08.369,13.36931,13.37181,0.00,0.00
2018.04.12 18:21:09.268,13.36911,13.37181,0.00,0.00
2018.04.12 18:21:10.477,13.36911,13.37192,0.00,0.00
2018.04.12 18:21:10.715,13.36898,13.37158,0.00,0.00
2018.04.12 18:21:10.766,13.36898,13.37178,0.00,0.00
2018.04.12 18:21:10.817,13.36901,13.37179,0.00,0.00
2018.04.12 18:21:11.249,13.36921,13.37179,0.00,0.00
2018.04.12 18:21:11.299,13.36898,13.37158,0.00,0.00
2018.04.12 18:21:12.469,13.36898,13.37182,0.00,0.00
2018.04.12 18:21:12.826,13.36901,13.37182,0.00,0.00
2018.04.12 18:21:13.449,13.36911,13.37182,0.00,0.00
2018.04.12 18:21:13.826,13.36898,13.37178,0.00,0.00
2018.04.12 18:21:14.388,13.36898,13.37179,0.00,0.00
2018.04.12 18:21:15.126,13.36902,13.37181,0.00,0.00
2018.04.12 18:21:15.710,13.36901,13.37182,0.00,0.00
2018.04.12 18:21:16.998,13.36901,13.37191,0.00,0.00
2018.04.12 18:21:18.228,13.36902,13.37191,0.00,0.00
2018.04.12 18:21:19.410,13.36901,13.37191,0.00,0.00
2018.04.12 18:21:19.698,13.36921,13.37191,0.00,0.00
2018.04.12 18:21:21.533,13.36922,13.37191,0.00,0.00
2018.04.12 18:21:21.889,13.36919,13.37192,0.00,0.00
2018.04.12 18:21:22.225,13.36909,13.37192,0.00,0.00
2018.04.12 18:21:22.447,13.36922,13.37192,0.00,0.00
2018.04.12 18:21:22.719,13.36909,13.37192,0.00,0.00
2018.04.12 18:21:27.222,13.36922,13.37192,0.00,0.00
2018.04.12 18:21:27.374,13.36979,13.37258,0.00,0.00
2018.04.12 18:21:27.425,13.36979,13.37232,0.00,0.00
2018.04.12 18:21:27.627,13.36918,13.37192,0.00,0.00
2018.04.12 18:21:27.678,13.36941,13.37192,0.00,0.00
2018.04.12 18:21:27.831,13.36928,13.37192,0.00,0.00
2018.04.12 18:21:27.939,13.36921,13.37192,0.00,0.00
2018.04.12 18:21:27.990,13.36941,13.37192,0.00,0.00
2018.04.12 18:21:28.181,13.36922,13.37192,0.00,0.00
2018.04.12 18:21:28.580,13.36918,13.37192,0.00,0.00
2018.04.12 18:21:28.716,13.36921,13.37191,0.00,0.00
2018.04.12 18:21:28.778,13.36918,13.37191,0.00,0.00
2018.04.12 18:21:30.310,13.36921,13.37191,0.00,0.00
2018.04.12 18:21:30.895,13.36918,13.37192,0.00,0.00
2018.04.12 18:21:31.145,13.36922,13.37191,0.00,0.00
2018.04.12 18:21:32.398,13.36918,13.37191,0.00,0.00
2018.04.12 18:21:34.007,13.36932,13.37191,0.00,0.00
2018.04.12 18:21:35.008,13.36918,13.37191,0.00,0.00
2018.04.12 18:21:35.768,13.36918,13.37181,0.00,0.00
2018.04.12 18:21:37.482,13.36918,13.37192,0.00,0.00
2018.04.12 18:21:38.025,13.36918,13.37191,0.00,0.00
2018.04.12 18:21:44.436,13.36931,13.37191,0.00,0.00
2018.04.12 18:21:44.960,13.36932,13.37191,0.00,0.00
2018.04.12 18:21:45.097,13.36918,13.37188,0.00,0.00
2018.04.12 18:21:45.295,13.36918,13.37182,0.00,0.00
2018.04.12 18:21:46.674,13.36922,13.37182,0.00,0.00
2018.04.12 18:21:46.788,13.36918,13.37182,0.00,0.00
2018.04.12 18:21:48.706,13.36908,13.37182,0.00,0.00
2018.04.12 18:21:51.304,13.36929,13.37182,0.00,0.00
2018.04.12 18:21:52.526,13.36901,13.37121,0.00,0.00
2018.04.12 18:21:52.627,13.36819,13.37089,0.00,0.00
2018.04.12 18:21:52.729,13.36831,13.37091,0.00,0.00
2018.04.12 18:21:53.178,13.36841,13.37092,0.00,0.00
2018.04.12 18:21:53.723,13.36832,13.37092,0.00,0.00
2018.04.12 18:21:53.774,13.36842,13.37092,0.00,0.00
2018.04.12 18:21:54.439,13.36852,13.37108,0.00,0.00
2018.04.12 18:21:54.496,13.36851,13.37099,0.00,0.00
2018.04.12 18:21:54.547,13.36841,13.37092,0.00,0.00
2018.04.12 18:21:54.598,13.36831,13.37092,0.00,0.00
2018.04.12 18:21:54.803,13.36821,13.37092,0.00,0.00
2018.04.12 18:21:54.854,13.36842,13.37092,0.00,0.00
2018.04.12 18:21:54.905,13.36821,13.37089,0.00,0.00
2018.04.12 18:21:55.133,13.36831,13.37092,0.00,0.00
2018.04.12 18:21:56.489,13.36832,13.37092,0.00,0.00
2018.04.12 18:21:57.031,13.36811,13.37092,0.00,0.00
2018.04.12 18:21:58.128,13.36812,13.37092,0.00,0.00
2018.04.12 18:21:58.361,13.36852,13.37098,0.00,0.00
2018.04.12 18:21:58.413,13.36842,13.37098,0.00,0.00
2018.04.12 18:21:58.561,13.36842,13.37092,0.00,0.00
2018.04.12 18:22:00.061,13.36829,13.37092,0.00,0.00
2018.04.12 18:22:00.605,13.36818,13.37091,0.00,0.00
2018.04.12 18:22:00.710,13.36818,13.37088,0.00,0.00
2018.04.12 18:22:01.418,13.36818,13.37091,0.00,0.00
2018.04.12 18:22:01.850,13.36818,13.37039,0.00,0.00
2018.04.12 18:22:01.901,13.36792,13.37038,0.00,0.00
2018.04.12 18:22:01.952,13.36778,13.37008,0.00,0.00
2018.04.12 18:22:02.005,13.36778,13.37028,0.00,0.00
2018.04.12 18:22:02.770,13.36788,13.37028,0.00,0.00
2018.04.12 18:22:02.821,13.36791,13.37069,0.00,0.00
2018.04.12 18:22:03.838,13.36788,13.37039,0.00,0.00
2018.04.12 18:22:04.328,13.36788,13.37028,0.00,0.00
2018.04.12 18:22:04.429,13.36781,13.37029,0.00,0.00
2018.04.12 18:22:04.988,13.36782,13.37028,0.00,0.00
2018.04.12 18:22:05.227,13.36782,13.37038,0.00,0.00
2018.04.12 18:22:05.278,13.36779,13.37039,0.00,0.00
2018.04.12 18:22:06.898,13.36778,13.37039,0.00,0.00
2018.04.12 18:22:07.626,13.36778,13.37038,0.00,0.00
2018.04.12 18:22:08.290,13.36778,13.37039,0.00,0.00
2018.04.12 18:22:08.697,13.36781,13.37039,0.00,0.00
2018.04.12 18:22:11.757,13.36782,13.37038,0.00,0.00
2018.04.12 18:22:12.377,13.36781,13.37039,0.00,0.00
2018.04.12 18:22:12.651,13.36788,13.37069,0.00,0.00
2018.04.12 18:22:13.213,13.36788,13.37068,0.00,0.00
2018.04.12 18:22:14.745,13.36788,13.37039,0.00,0.00
2018.04.12 18:22:15.069,13.36741,13.36992,0.00,0.00
2018.04.12 18:22:15.819,13.36742,13.36992,0.00,0.00
2018.04.12 18:22:16.657,13.36741,13.36992,0.00,0.00
2018.04.12 18:22:17.157,13.36721,13.36992,0.00,0.00
2018.04.12 18:22:17.635,13.36788,13.37041,0.00,0.00
2018.04.12 18:22:17.736,13.36788,13.37052,0.00,0.00
2018.04.12 18:22:19.201,13.36788,13.37062,0.00,0.00
2018.04.12 18:22:19.252,13.36942,13.37082,0.00,0.00
2018.04.12 18:22:19.346,13.36971,13.37142,0.00,0.00
2018.04.12 18:22:19.398,13.36979,13.37262,0.00,0.00
2018.04.12 18:22:19.449,13.36981,13.37262,0.00,0.00
2018.04.12 18:22:20.000,13.36992,13.37262,0.00,0.00
2018.04.12 18:22:21.229,13.36979,13.37262,0.00,0.00
2018.04.12 18:22:21.859,13.36992,13.37262,0.00,0.00
2018.04.12 18:22:21.910,13.36992,13.37278,0.00,0.00
2018.04.12 18:22:22.997,13.36991,13.37279,0.00,0.00
2018.04.12 18:22:23.048,13.36962,13.37208,0.00,0.00
2018.04.12 18:22:23.099,13.36978,13.37239,0.00,0.00
2018.04.12 18:22:23.421,13.36979,13.37242,0.00,0.00
2018.04.12 18:22:23.850,13.36972,13.37238,0.00,0.00
2018.04.12 18:22:23.952,13.36979,13.37238,0.00,0.00
2018.04.12 18:22:24.002,13.36979,13.37242,0.00,0.00
2018.04.12 18:22:26.494,13.36979,13.37258,0.00,0.00
2018.04.12 18:22:26.545,13.36988,13.37262,0.00,0.00
2018.04.12 18:22:27.479,13.36928,13.37198,0.00,0.00
2018.04.12 18:22:27.837,13.36931,13.37191,0.00,0.00
2018.04.12 18:22:28.661,13.36911,13.37191,0.00,0.00
2018.04.12 18:22:29.022,13.36908,13.37188,0.00,0.00
2018.04.12 18:22:29.485,13.36901,13.37161,0.00,0.00
2018.04.12 18:22:30.772,13.36889,13.37161,0.00,0.00
2018.04.12 18:22:31.225,13.36889,13.37139,0.00,0.00
2018.04.12 18:22:31.467,13.36879,13.37151,0.00,0.00
2018.04.12 18:22:32.127,13.36879,13.37152,0.00,0.00
2018.04.12 18:22:32.292,13.36879,13.37169,0.00,0.00
2018.04.12 18:22:37.333,13.36881,13.37169,0.00,0.00
2018.04.12 18:22:37.384,13.36881,13.37172,0.00,0.00
2018.04.12 18:22:37.434,13.36882,13.37168,0.00,0.00
2018.04.12 18:22:37.814,13.36901,13.37169,0.00,0.00
2018.04.12 18:22:38.255,13.36901,13.37172,0.00,0.00
2018.04.12 18:22:39.066,13.36902,13.37172,0.00,0.00
2018.04.12 18:22:40.019,13.36921,13.37172,0.00,0.00
2018.04.12 18:22:41.062,13.36979,13.37231,0.00,0.00
2018.04.12 18:22:41.113,13.36979,13.37239,0.00,0.00
2018.04.12 18:22:41.707,13.36979,13.37238,0.00,0.00
2018.04.12 18:22:42.090,13.36979,13.37242,0.00,0.00
2018.04.12 18:22:42.167,13.36979,13.37239,0.00,0.00
2018.04.12 18:22:45.954,13.36989,13.37268,0.00,0.00
2018.04.12 18:22:46.031,13.36989,13.37251,0.00,0.00
2018.04.12 18:22:46.369,13.36979,13.37238,0.00,0.00
2018.04.12 18:22:46.700,13.36991,13.37239,0.00,0.00
2018.04.12 18:22:47.259,13.36981,13.37271,0.00,0.00
2018.04.12 18:22:47.752,13.36969,13.37208,0.00,0.00
2018.04.12 18:22:48.069,13.36911,13.37141,0.00,0.00
2018.04.12 18:22:49.193,13.36912,13.37141,0.00,0.00
2018.04.12 18:22:50.469,13.36899,13.37139,0.00,0.00
2018.04.12 18:22:50.581,13.36891,13.37141,0.00,0.00
2018.04.12 18:22:51.041,13.36911,13.37141,0.00,0.00
2018.04.12 18:22:51.648,13.36912,13.37141,0.00,0.00
2018.04.12 18:22:51.978,13.36931,13.37141,0.00,0.00
2018.04.12 18:22:54.060,13.36932,13.37141,0.00,0.00
2018.04.12 18:22:54.463,13.36951,13.37141,0.00,0.00
2018.04.12 18:22:54.897,13.36941,13.37141,0.00,0.00
2018.04.12 18:22:55.130,13.36912,13.37141,0.00,0.00
2018.04.12 18:22:55.707,13.36898,13.37141,0.00,0.00
2018.04.12 18:22:59.041,13.36911,13.37141,0.00,0.00
2018.04.12 18:22:59.529,13.36898,13.37141,0.00,0.00
2018.04.12 18:23:00.444,13.36898,13.37121,0.00,0.00
2018.04.12 18:23:00.494,13.36871,13.37109,0.00,0.00
2018.04.12 18:23:00.545,13.36861,13.37091,0.00,0.00
2018.04.12 18:23:00.826,13.36808,13.37041,0.00,0.00
2018.04.12 18:23:01.088,13.36781,13.37041,0.00,0.00
2018.04.12 18:23:01.138,13.36799,13.37041,0.00,0.00
2018.04.12 18:23:03.198,13.36779,13.37041,0.00,0.00
2018.04.12 18:23:03.674,13.36791,13.37041,0.00,0.00
2018.04.12 18:23:04.002,13.36799,13.37041,0.00,0.00
2018.04.12 18:23:04.343,13.36788,13.37041,0.00,0.00
2018.04.12 18:23:07.244,13.36751,13.36941,0.00,0.00
2018.04.12 18:23:07.295,13.36722,13.36941,0.00,0.00
2018.04.12 18:23:07.472,13.36741,13.36941,0.00,0.00
2018.04.12 18:23:10.659,13.36722,13.36941,0.00,0.00
2018.04.12 18:23:10.998,13.36731,13.36941,0.00,0.00
2018.04.12 18:23:11.173,13.36721,13.36941,0.00,0.00
2018.04.12 18:23:11.459,13.36702,13.36941,0.00,0.00
2018.04.12 18:23:11.510,13.36679,13.36912,0.00,0.00
2018.04.12 18:23:12.000,13.36641,13.36842,0.00,0.00
2018.04.12 18:23:13.194,13.36628,13.36842,0.00,0.00
2018.04.12 18:23:13.475,13.36622,13.36842,0.00,0.00
2018.04.12 18:23:13.928,13.36642,13.36842,0.00,0.00
2018.04.12 18:23:14.412,13.36622,13.36842,0.00,0.00
2018.04.12 18:23:14.514,13.36598,13.36842,0.00,0.00
2018.04.12 18:23:14.611,13.36589,13.36842,0.00,0.00
2018.04.12 18:23:18.653,13.36551,13.36761,0.00,0.00
2018.04.12 18:23:18.816,13.36511,13.36759,0.00,0.00
2018.04.12 18:23:18.867,13.36532,13.36742,0.00,0.00
2018.04.12 18:23:18.969,13.36512,13.36742,0.00,0.00
2018.04.12 18:23:19.070,13.36532,13.36742,0.00,0.00
2018.04.12 18:23:19.273,13.36421,13.36641,0.00,0.00
2018.04.12 18:23:19.324,13.36461,13.36641,0.00,0.00
2018.04.12 18:23:19.375,13.36461,13.36652,0.00,0.00
2018.04.12 18:23:19.576,13.36441,13.36652,0.00,0.00
2018.04.12 18:23:19.868,13.36421,13.36652,0.00,0.00
2018.04.12 18:23:20.446,13.36379,13.36551,0.00,0.00
2018.04.12 18:23:20.549,13.36421,13.36639,0.00,0.00
2018.04.12 18:23:20.684,13.36432,13.36639,0.00,0.00
2018.04.12 18:23:20.736,13.36401,13.36639,0.00,0.00
2018.04.12 18:23:20.787,13.36368,13.36599,0.00,0.00
2018.04.12 18:23:21.128,13.36421,13.36671,0.00,0.00
2018.04.12 18:23:21.179,13.36431,13.36691,0.00,0.00
2018.04.12 18:23:21.332,13.36451,13.36691,0.00,0.00
2018.04.12 18:23:21.679,13.36431,13.36689,0.00,0.00
2018.04.12 18:23:22.282,13.36451,13.36691,0.00,0.00
2018.04.12 18:23:22.776,13.36451,13.36682,0.00,0.00
2018.04.12 18:23:22.832,13.36422,13.36668,0.00,0.00
2018.04.12 18:23:22.884,13.36422,13.36672,0.00,0.00
2018.04.12 18:23:23.057,13.36422,13.36678,0.00,0.00
2018.04.12 18:23:23.108,13.36431,13.36679,0.00,0.00
2018.04.12 18:23:23.288,13.36431,13.36681,0.00,0.00
2018.04.12 18:23:23.567,13.36451,13.36682,0.00,0.00
2018.04.12 18:23:23.718,13.36431,13.36682,0.00,0.00
2018.04.12 18:23:23.819,13.36431,13.36669,0.00,0.00
2018.04.12 18:23:23.870,13.36421,13.36672,0.00,0.00
2018.04.12 18:23:23.971,13.36431,13.36672,0.00,0.00
2018.04.12 18:23:24.022,13.36422,13.36668,0.00,0.00
2018.04.12 18:23:24.160,13.36422,13.36672,0.00,0.00
2018.04.12 18:23:24.210,13.36432,13.36672,0.00,0.00
2018.04.12 18:23:24.482,13.36422,13.36672,0.00,0.00
2018.04.12 18:23:24.557,13.36422,13.36658,0.00,0.00
2018.04.12 18:23:25.223,13.36421,13.36659,0.00,0.00
2018.04.12 18:23:25.274,13.36422,13.36678,0.00,0.00
2018.04.12 18:23:25.891,13.36422,13.36682,0.00,0.00
2018.04.12 18:23:26.754,13.36418,13.36598,0.00,0.00
2018.04.12 18:23:26.805,13.36341,13.36599,0.00,0.00
2018.04.12 18:23:26.856,13.36341,13.36592,0.00,0.00
2018.04.12 18:23:27.409,13.36342,13.36592,0.00,0.00
2018.04.12 18:23:28.652,13.36341,13.36592,0.00,0.00
2018.04.12 18:23:28.790,13.36328,13.36592,0.00,0.00
2018.04.12 18:23:28.841,13.36321,13.36592,0.00,0.00
2018.04.12 18:23:29.379,13.36341,13.36592,0.00,0.00
2018.04.12 18:23:29.700,13.36361,13.36592,0.00,0.00
2018.04.12 18:23:30.028,13.36381,13.36592,0.00,0.00
2018.04.12 18:23:30.256,13.36362,13.36592,0.00,0.00
2018.04.12 18:23:30.357,13.36341,13.36569,0.00,0.00
2018.04.12 18:23:30.408,13.36321,13.36589,0.00,0.00
2018.04.12 18:23:30.509,13.36322,13.36578,0.00,0.00
2018.04.12 18:23:30.913,13.36341,13.36579,0.00,0.00
2018.04.12 18:23:31.298,13.36361,13.36579,0.00,0.00
2018.04.12 18:23:31.349,13.36361,13.36591,0.00,0.00
2018.04.12 18:23:31.902,13.36361,13.36592,0.00,0.00
2018.04.12 18:23:32.278,13.36442,13.36678,0.00,0.00
2018.04.12 18:23:32.329,13.36442,13.36688,0.00,0.00
2018.04.12 18:23:32.473,13.36452,13.36691,0.00,0.00
2018.04.12 18:23:32.953,13.36471,13.36691,0.00,0.00
2018.04.12 18:23:33.054,13.36511,13.36741,0.00,0.00
2018.04.12 18:23:33.105,13.36511,13.36762,0.00,0.00
2018.04.12 18:23:33.606,13.36511,13.36771,0.00,0.00
2018.04.12 18:23:33.657,13.36551,13.36791,0.00,0.00
2018.04.12 18:23:33.963,13.36561,13.36792,0.00,0.00
2018.04.12 18:23:34.946,13.36581,13.36792,0.00,0.00
2018.04.12 18:23:34.997,13.36562,13.36792,0.00,0.00
2018.04.12 18:23:35.148,13.36582,13.36798,0.00,0.00
2018.04.12 18:23:35.199,13.36551,13.36799,0.00,0.00
2018.04.12 18:23:35.250,13.36551,13.36792,0.00,0.00
2018.04.12 18:23:35.607,13.36572,13.36792,0.00,0.00
2018.04.12 18:23:35.659,13.36571,13.36809,0.00,0.00
2018.04.12 18:23:35.740,13.36581,13.36809,0.00,0.00
2018.04.12 18:23:36.269,13.36582,13.36808,0.00,0.00
2018.04.12 18:23:36.592,13.36551,13.36792,0.00,0.00
2018.04.12 18:23:36.858,13.36552,13.36788,0.00,0.00
2018.04.12 18:23:36.909,13.36431,13.36691,0.00,0.00
2018.04.12 18:23:37.528,13.36458,13.36691,0.00,0.00
2018.04.12 18:23:37.629,13.36532,13.36792,0.00,0.00
2018.04.12 18:23:37.680,13.36521,13.36792,0.00,0.00
2018.04.12 18:23:37.781,13.36531,13.36792,0.00,0.00
2018.04.12 18:23:38.432,13.36522,13.36792,0.00,0.00
2018.04.12 18:23:38.939,13.36521,13.36792,0.00,0.00
2018.04.12 18:23:38.992,13.36532,13.36792,0.00,0.00
2018.04.12 18:23:39.528,13.36551,13.36792,0.00,0.00
2018.04.12 18:23:39.739,13.36521,13.36792,0.00,0.00
2018.04.12 18:23:41.220,13.36542,13.36792,0.00,0.00
2018.04.12 18:23:41.531,13.36522,13.36792,0.00,0.00
2018.04.12 18:23:41.689,13.36541,13.36792,0.00,0.00
2018.04.12 18:23:42.454,13.36522,13.36792,0.00,0.00
2018.04.12 18:23:42.692,13.36541,13.36792,0.00,0.00
2018.04.12 18:23:43.289,13.36542,13.36792,0.00,0.00
2018.04.12 18:23:44.139,13.36541,13.36792,0.00,0.00
2018.04.12 18:23:44.851,13.36542,13.36792,0.00,0.00
2018.04.12 18:23:45.272,13.36521,13.36739,0.00,0.00
2018.04.12 18:23:45.323,13.36522,13.36781,0.00,0.00
2018.04.12 18:23:45.880,13.36521,13.36781,0.00,0.00
2018.04.12 18:23:46.872,13.36522,13.36781,0.00,0.00
2018.04.12 18:23:47.688,13.36521,13.36739,0.00,0.00
2018.04.12 18:23:48.100,13.36521,13.36782,0.00,0.00
2018.04.12 18:23:48.242,13.36552,13.36792,0.00,0.00
2018.04.12 18:23:49.249,13.36531,13.36792,0.00,0.00
2018.04.12 18:23:49.401,13.36522,13.36792,0.00,0.00
2018.04.12 18:23:50.170,13.36521,13.36792,0.00,0.00
2018.04.12 18:23:52.330,13.36521,13.36782,0.00,0.00
2018.04.12 18:23:53.821,13.36521,13.36792,0.00,0.00
2018.04.12 18:23:54.898,13.36531,13.36792,0.00,0.00
2018.04.12 18:23:56.898,13.36522,13.36792,0.00,0.00
2018.04.12 18:23:57.171,13.36521,13.36789,0.00,0.00
2018.04.12 18:23:57.745,13.36522,13.36788,0.00,0.00
2018.04.12 18:23:59.199,13.36521,13.36792,0.00,0.00
2018.04.12 18:23:59.592,13.36521,13.36789,0.00,0.00
2018.04.12 18:23:59.920,13.36531,13.36789,0.00,0.00
2018.04.12 18:24:00.127,13.36522,13.36792,0.00,0.00
2018.04.12 18:24:00.178,13.36521,13.36769,0.00,0.00
2018.04.12 18:24:00.561,13.36531,13.36792,0.00,0.00
2018.04.12 18:24:00.612,13.36551,13.36792,0.00,0.00
2018.04.12 18:24:00.663,13.36551,13.36799,0.00,0.00
2018.04.12 18:24:00.713,13.36562,13.36808,0.00,0.00
2018.04.12 18:24:01.161,13.36561,13.36801,0.00,0.00
2018.04.12 18:24:01.262,13.36561,13.36809,0.00,0.00
2018.04.12 18:24:01.637,13.36562,13.36801,0.00,0.00
2018.04.12 18:24:01.739,13.36542,13.36798,0.00,0.00
2018.04.12 18:24:02.386,13.36541,13.36799,0.00,0.00
2018.04.12 18:24:03.052,13.36542,13.36798,0.00,0.00
2018.04.12 18:24:03.798,13.36571,13.36799,0.00,0.00
2018.04.12 18:24:03.950,13.36562,13.36808,0.00,0.00
2018.04.12 18:24:04.052,13.36561,13.36799,0.00,0.00
2018.04.12 18:24:04.103,13.36539,13.36798,0.00,0.00
2018.04.12 18:24:04.154,13.36532,13.36798,0.00,0.00
2018.04.12 18:24:04.780,13.36531,13.36799,0.00,0.00
2018.04.12 18:24:04.856,13.36538,13.36799,0.00,0.00
2018.04.12 18:24:04.957,13.36558,13.36838,0.00,0.00
2018.04.12 18:24:05.058,13.36571,13.36852,0.00,0.00
2018.04.12 18:24:05.109,13.36621,13.36852,0.00,0.00
2018.04.12 18:24:05.210,13.36622,13.36878,0.00,0.00
2018.04.12 18:24:05.722,13.36622,13.36881,0.00,0.00
2018.04.12 18:24:05.773,13.36621,13.36839,0.00,0.00
2018.04.12 18:24:05.874,13.36621,13.36861,0.00,0.00
2018.04.12 18:24:06.211,13.36589,13.36861,0.00,0.00
2018.04.12 18:24:06.313,13.36561,13.36839,0.00,0.00
2018.04.12 18:24:06.364,13.36621,13.36852,0.00,0.00
2018.04.12 18:24:06.415,13.36621,13.36869,0.00,0.00
2018.04.12 18:24:06.895,13.36622,13.36871,0.00,0.00
2018.04.12 18:24:08.148,13.36631,13.36871,0.00,0.00
2018.04.12 18:24:08.861,13.36721,13.36929,0.00,0.00
2018.04.12 18:24:09.089,13.36722,13.36938,0.00,0.00
2018.04.12 18:24:10.875,13.36621,13.36892,0.00,0.00
2018.04.12 18:24:11.443,13.36622,13.36892,0.00,0.00
2018.04.12 18:24:12.099,13.36621,13.36892,0.00,0.00
2018.04.12 18:24:12.149,13.36621,13.36882,0.00,0.00
2018.04.12 18:24:12.951,13.36621,13.36899,0.00,0.00
2018.04.12 18:24:13.752,13.36622,13.36898,0.00,0.00
2018.04.12 18:24:14.992,13.36622,13.36881,0.00,0.00
2018.04.12 18:24:15.730,13.36621,13.36881,0.00,0.00
2018.04.12 18:24:19.308,13.36622,13.36881,0.00,0.00
2018.04.12 18:24:19.358,13.36622,13.36898,0.00,0.00
2018.04.12 18:24:19.889,13.36621,13.36899,0.00,0.00
2018.04.12 18:24:20.161,13.36651,13.36899,0.00,0.00
2018.04.12 18:24:21.012,13.36632,13.36898,0.00,0.00
2018.04.12 18:24:21.113,13.36622,13.36898,0.00,0.00
2018.04.12 18:24:21.215,13.36631,13.36899,0.00,0.00
2018.04.12 18:24:22.038,13.36632,13.36898,0.00,0.00
2018.04.12 18:24:22.369,13.36651,13.36899,0.00,0.00
2018.04.12 18:24:25.059,13.36631,13.36899,0.00,0.00
2018.04.12 18:24:25.938,13.36632,13.36898,0.00,0.00
2018.04.12 18:24:31.246,13.36631,13.36899,0.00,0.00
2018.04.12 18:24:31.941,13.36632,13.36898,0.00,0.00
2018.04.12 18:24:32.158,13.36621,13.36899,0.00,0.00
2018.04.12 18:24:32.750,13.36631,13.36899,0.00,0.00
2018.04.12 18:24:33.190,13.36721,13.36951,0.00,0.00
2018.04.12 18:24:33.610,13.36821,13.37051,0.00,0.00
2018.04.12 18:24:34.782,13.36821,13.37061,0.00,0.00
2018.04.12 18:24:34.833,13.36821,13.37081,0.00,0.00
2018.04.12 18:24:35.349,13.36821,13.37082,0.00,0.00
2018.04.12 18:24:36.333,13.36822,13.37078,0.00,0.00
2018.04.12 18:24:37.001,13.36821,13.37079,0.00,0.00
2018.04.12 18:24:37.619,13.36821,13.37069,0.00,0.00
2018.04.12 18:24:38.509,13.36822,13.37078,0.00,0.00
2018.04.12 18:24:39.260,13.36821,13.37079,0.00,0.00
2018.04.12 18:24:39.970,13.36822,13.37078,0.00,0.00
2018.04.12 18:24:40.553,13.36822,13.37082,0.00,0.00
2018.04.12 18:24:41.733,13.36821,13.37092,0.00,0.00
2018.04.12 18:24:43.988,13.36822,13.37092,0.00,0.00
2018.04.12 18:24:44.067,13.36829,13.37092,0.00,0.00
2018.04.12 18:24:44.595,13.36921,13.37182,0.00,0.00
2018.04.12 18:24:45.157,13.36922,13.37182,0.00,0.00
2018.04.12 18:24:46.573,13.36921,13.37199,0.00,0.00
2018.04.12 18:24:47.118,13.36922,13.37198,0.00,0.00
2018.04.12 18:24:47.168,13.36922,13.37181,0.00,0.00
2018.04.12 18:24:47.897,13.36921,13.37181,0.00,0.00
2018.04.12 18:24:48.405,13.36922,13.37181,0.00,0.00
2018.04.12 18:24:48.752,13.36922,13.37138,0.00,0.00
2018.04.12 18:24:49.108,13.36898,13.37159,0.00,0.00
2018.04.12 18:24:49.159,13.36828,13.37082,0.00,0.00
2018.04.12 18:24:49.261,13.36789,13.37078,0.00,0.00
2018.04.12 18:24:49.312,13.36788,13.37082,0.00,0.00
2018.04.12 18:24:49.419,13.36788,13.37079,0.00,0.00
2018.04.12 18:24:49.470,13.36788,13.37082,0.00,0.00
2018.04.12 18:24:49.521,13.36788,13.37072,0.00,0.00
2018.04.12 18:24:49.949,13.36792,13.37072,0.00,0.00
2018.04.12 18:24:50.067,13.36788,13.37072,0.00,0.00
2018.04.12 18:24:50.167,13.36791,13.37072,0.00,0.00
2018.04.12 18:24:50.471,13.36811,13.37072,0.00,0.00
2018.04.12 18:24:50.849,13.36821,13.37072,0.00,0.00
2018.04.12 18:24:50.951,13.36789,13.37071,0.00,0.00
2018.04.12 18:24:51.001,13.36789,13.37059,0.00,0.00
2018.04.12 18:24:51.153,13.36761,13.37032,0.00,0.00
2018.04.12 18:24:51.204,13.36749,13.37039,0.00,0.00
2018.04.12 18:24:51.255,13.36801,13.37039,0.00,0.00
2018.04.12 18:24:51.558,13.36711,13.36962,0.00,0.00
2018.04.12 18:24:51.609,13.36702,13.36961,0.00,0.00
2018.04.12 18:24:51.778,13.36721,13.36961,0.00,0.00
2018.04.12 18:24:51.830,13.36638,13.36881,0.00,0.00
2018.04.12 18:24:51.881,13.36638,13.36862,0.00,0.00
2018.04.12 18:24:51.982,13.36602,13.36862,0.00,0.00
2018.04.12 18:24:52.128,13.36612,13.36862,0.00,0.00
2018.04.12 18:24:52.178,13.36602,13.36862,0.00,0.00
2018.04.12 18:24:52.590,13.36538,13.36762,0.00,0.00
2018.04.12 18:24:52.692,13.36511,13.36741,0.00,0.00
2018.04.12 18:24:52.999,13.36491,13.36741,0.00,0.00
2018.04.12 18:24:53.112,13.36438,13.36662,0.00,0.00
2018.04.12 18:24:53.163,13.36431,13.36662,0.00,0.00
2018.04.12 18:24:54.034,13.36488,13.36709,0.00,0.00
2018.04.12 18:24:54.135,13.36489,13.36731,0.00,0.00
2018.04.12 18:24:54.983,13.36461,13.36721,0.00,0.00
2018.04.12 18:24:55.085,13.36488,13.36722,0.00,0.00
2018.04.12 18:24:55.393,13.36488,13.36742,0.00,0.00
2018.04.12 18:24:55.444,13.36501,13.36742,0.00,0.00
2018.04.12 18:24:56.040,13.36501,13.36732,0.00,0.00
2018.04.12 18:24:56.141,13.36452,13.36702,0.00,0.00
2018.04.12 18:24:56.664,13.36451,13.36702,0.00,0.00
2018.04.12 18:24:57.618,13.36531,13.36742,0.00,0.00
2018.04.12 18:24:58.528,13.36561,13.36742,0.00,0.00
2018.04.12 18:24:59.130,13.36522,13.36742,0.00,0.00
2018.04.12 18:24:59.686,13.36522,13.36751,0.00,0.00
2018.04.12 18:25:00.078,13.36501,13.36751,0.00,0.00
2018.04.12 18:25:00.129,13.36502,13.36761,0.00,0.00
2018.04.12 18:25:00.230,13.36489,13.36761,0.00,0.00
2018.04.12 18:25:00.281,13.36489,13.36759,0.00,0.00
2018.04.12 18:25:01.129,13.36489,13.36739,0.00,0.00
2018.04.12 18:25:02.077,13.36489,13.36741,0.00,0.00
2018.04.12 18:25:03.579,13.36489,13.36738,0.00,0.00
2018.04.12 18:25:03.903,13.36461,13.36701,0.00,0.00
2018.04.12 18:25:04.223,13.36489,13.36729,0.00,0.00
2018.04.12 18:25:04.528,13.36489,13.36738,0.00,0.00
2018.04.12 18:25:05.201,13.36461,13.36709,0.00,0.00
2018.04.12 18:25:05.547,13.36482,13.36708,0.00,0.00
2018.04.12 18:25:05.598,13.36462,13.36708,0.00,0.00
2018.04.12 18:25:06.368,13.36462,13.36712,0.00,0.00
2018.04.12 18:25:06.419,13.36488,13.36739,0.00,0.00
2018.04.12 18:25:06.470,13.36488,13.36709,0.00,0.00
2018.04.12 18:25:06.521,13.36461,13.36709,0.00,0.00
2018.04.12 18:25:07.048,13.36442,13.36688,0.00,0.00
2018.04.12 18:25:07.701,13.36462,13.36688,0.00,0.00
2018.04.12 18:25:07.807,13.36441,13.36689,0.00,0.00
2018.04.12 18:25:08.378,13.36421,13.36689,0.00,0.00
2018.04.12 18:25:08.885,13.36422,13.36688,0.00,0.00
2018.04.12 18:25:08.936,13.36441,13.36689,0.00,0.00
2018.04.12 18:25:09.003,13.36421,13.36689,0.00,0.00
2018.04.12 18:25:09.539,13.36422,13.36688,0.00,0.00
2018.04.12 18:25:09.861,13.36441,13.36689,0.00,0.00
2018.04.12 18:25:10.258,13.36421,13.36689,0.00,0.00
2018.04.12 18:25:10.980,13.36421,13.36671,0.00,0.00
2018.04.12 18:25:11.561,13.36402,13.36672,0.00,0.00
2018.04.12 18:25:11.612,13.36388,13.36639,0.00,0.00
2018.04.12 18:25:11.663,13.36388,13.36652,0.00,0.00
2018.04.12 18:25:11.998,13.36388,13.36639,0.00,0.00
2018.04.12 18:25:12.175,13.36388,13.36649,0.00,0.00
2018.04.12 18:25:12.359,13.36388,13.36639,0.00,0.00
2018.04.12 18:25:12.953,13.36388,13.36652,0.00,0.00
2018.04.12 18:25:13.287,13.36362,13.36608,0.00,0.00
2018.04.12 18:25:13.439,13.36381,13.36629,0.00,0.00
2018.04.12 18:25:13.540,13.36388,13.36629,0.00,0.00
2018.04.12 18:25:13.857,13.36388,13.36639,0.00,0.00
2018.04.12 18:25:13.908,13.36361,13.36609,0.00,0.00
2018.04.12 18:25:14.009,13.36389,13.36639,0.00,0.00
2018.04.12 18:25:14.161,13.36362,13.36608,0.00,0.00
2018.04.12 18:25:14.500,13.36362,13.36628,0.00,0.00
2018.04.12 18:25:14.604,13.36389,13.36591,0.00,0.00
2018.04.12 18:25:14.755,13.36361,13.36591,0.00,0.00
2018.04.12 18:25:14.960,13.36342,13.36588,0.00,0.00
2018.04.12 18:25:15.588,13.36341,13.36589,0.00,0.00
2018.04.12 18:25:16.346,13.36361,13.36589,0.00,0.00
2018.04.12 18:25:16.667,13.36341,13.36589,0.00,0.00
2018.04.12 18:25:17.199,13.36342,13.36588,0.00,0.00
2018.04.12 18:25:17.517,13.36331,13.36589,0.00,0.00
2018.04.12 18:25:17.719,13.36331,13.36571,0.00,0.00
2018.04.12 18:25:17.946,13.36321,13.36571,0.00,0.00
2018.04.12 18:25:18.293,13.36342,13.36572,0.00,0.00
2018.04.12 18:25:18.943,13.36341,13.36572,0.00,0.00
2018.04.12 18:25:18.994,13.36322,13.36572,0.00,0.00
2018.04.12 18:25:19.390,13.36341,13.36572,0.00,0.00
2018.04.12 18:25:20.637,13.36321,13.36572,0.00,0.00
2018.04.12 18:25:21.241,13.36322,13.36572,0.00,0.00
2018.04.12 18:25:21.757,13.36321,13.36572,0.00,0.00
2018.04.12 18:25:21.936,13.36321,13.36579,0.00,0.00
2018.04.12 18:25:22.143,13.36332,13.36578,0.00,0.00
2018.04.12 18:25:22.451,13.36421,13.36639,0.00,0.00
2018.04.12 18:25:22.603,13.36421,13.36689,0.00,0.00
2018.04.12 18:25:22.653,13.36448,13.36689,0.00,0.00
2018.04.12 18:25:22.990,13.36481,13.36689,0.00,0.00
2018.04.12 18:25:23.304,13.36671,13.36889,0.00,0.00
2018.04.12 18:25:23.354,13.36652,13.36858,0.00,0.00
2018.04.12 18:25:23.412,13.36638,13.36858,0.00,0.00
2018.04.12 18:25:23.534,13.36638,13.36872,0.00,0.00
2018.04.12 18:25:23.636,13.36748,13.36938,0.00,0.00
2018.04.12 18:25:23.686,13.36768,13.36989,0.00,0.00
2018.04.12 18:25:23.737,13.36828,13.36989,0.00,0.00
2018.04.12 18:25:23.789,13.36839,13.37089,0.00,0.00
2018.04.12 18:25:24.331,13.36838,13.37089,0.00,0.00
2018.04.12 18:25:24.694,13.36859,13.37089,0.00,0.00
2018.04.12 18:25:25.552,13.36779,13.36989,0.00,0.00
2018.04.12 18:25:25.653,13.36769,13.36989,0.00,0.00
2018.04.12 18:25:26.743,13.36769,13.36958,0.00,0.00
2018.04.12 18:25:26.838,13.36759,13.36958,0.00,0.00
2018.04.12 18:25:26.889,13.36759,13.36989,0.00,0.00
2018.04.12 18:25:27.109,13.36759,13.36959,0.00,0.00
2018.04.12 18:25:27.261,13.36759,13.36989,0.00,0.00
2018.04.12 18:25:27.542,13.36759,13.36978,0.00,0.00
2018.04.12 18:25:27.752,13.36658,13.36888,0.00,0.00
2018.04.12 18:25:29.032,13.36658,13.36889,0.00,0.00
2018.04.12 18:25:29.184,13.36718,13.36929,0.00,0.00
2018.04.12 18:25:29.344,13.36748,13.36988,0.00,0.00
2018.04.12 18:25:30.469,13.36739,13.36939,0.00,0.00
2018.04.12 18:25:30.921,13.36739,13.36989,0.00,0.00
2018.04.12 18:25:31.207,13.36838,13.37079,0.00,0.00
2018.04.12 18:25:31.258,13.36838,13.37088,0.00,0.00
2018.04.12 18:25:32.076,13.36838,13.37089,0.00,0.00
2018.04.12 18:25:32.180,13.36838,13.37068,0.00,0.00
2018.04.12 18:25:32.349,13.36838,13.37089,0.00,0.00
2018.04.12 18:25:32.701,13.36838,13.37079,0.00,0.00
2018.04.12 18:25:33.218,13.36838,13.37089,0.00,0.00
2018.04.12 18:25:34.027,13.36838,13.37079,0.00,0.00
2018.04.12 18:25:34.277,13.36838,13.37089,0.00,0.00
2018.04.12 18:25:34.740,13.36838,13.37058,0.00,0.00
2018.04.12 18:25:34.840,13.36838,13.37089,0.00,0.00
2018.04.12 18:25:35.027,13.36838,13.37079,0.00,0.00
2018.04.12 18:25:35.381,13.36839,13.37039,0.00,0.00
2018.04.12 18:25:35.482,13.36839,13.37089,0.00,0.00
2018.04.12 18:25:35.976,13.36879,13.37119,0.00,0.00
2018.04.12 18:25:36.278,13.36929,13.37179,0.00,0.00
2018.04.12 18:25:36.329,13.36929,13.37139,0.00,0.00
2018.04.12 18:25:37.870,13.36929,13.37138,0.00,0.00
2018.04.12 18:25:38.323,13.36929,13.37188,0.00,0.00
2018.04.12 18:25:38.429,13.36949,13.37189,0.00,0.00
2018.04.12 18:25:40.247,13.36949,13.37188,0.00,0.00
2018.04.12 18:25:43.898,13.36949,13.37189,0.00,0.00
2018.04.12 18:25:47.596,13.36949,13.37168,0.00,0.00
2018.04.12 18:25:47.698,13.36949,13.37189,0.00,0.00
2018.04.12 18:25:48.386,13.36938,13.37139,0.00,0.00
2018.04.12 18:25:48.437,13.36938,13.37188,0.00,0.00
2018.04.12 18:25:49.324,13.36938,13.37189,0.00,0.00
2018.04.12 18:25:50.643,13.36944,13.37189,0.00,0.00
2018.04.12 18:25:51.255,13.36944,13.37188,0.00,0.00
2018.04.12 18:25:51.912,13.36944,13.37189,0.00,0.00
2018.04.12 18:25:52.194,13.36938,13.37188,0.00,0.00
2018.04.12 18:25:52.295,13.36938,13.37178,0.00,0.00
2018.04.12 18:25:52.431,13.37038,13.37288,0.00,0.00
2018.04.12 18:25:53.240,13.37038,13.37289,0.00,0.00
2018.04.12 18:25:57.580,13.37038,13.37258,0.00,0.00
2018.04.12 18:25:58.127,13.37038,13.37288,0.00,0.00
2018.04.12 18:26:00.152,13.37028,13.37288,0.00,0.00
2018.04.12 18:26:01.638,13.37028,13.37269,0.00,0.00
2018.04.12 18:26:02.690,13.37028,13.37288,0.00,0.00
2018.04.12 18:26:03.468,13.37028,13.37289,0.00,0.00
2018.04.12 18:26:07.708,13.37028,13.37288,0.00,0.00
2018.04.12 18:26:08.389,13.37029,13.37288,0.00,0.00
2018.04.12 18:26:09.136,13.37029,13.37289,0.00,0.00
2018.04.12 18:26:10.425,13.37029,13.37288,0.00,0.00
2018.04.12 18:26:10.527,13.37079,13.37288,0.00,0.00
2018.04.12 18:26:10.578,13.37101,13.37339,0.00,0.00
2018.04.12 18:26:10.629,13.37109,13.37382,0.00,0.00
2018.04.12 18:26:10.679,13.37129,13.37382,0.00,0.00
2018.04.12 18:26:11.007,13.37129,13.37378,0.00,0.00
2018.04.12 18:26:11.322,13.37129,13.37349,0.00,0.00
2018.04.12 18:26:11.372,13.37129,13.37359,0.00,0.00
2018.04.12 18:26:11.423,13.37129,13.37388,0.00,0.00
2018.04.12 18:26:12.111,13.37129,13.37389,0.00,0.00
2018.04.12 18:26:12.699,13.37129,13.37388,0.00,0.00
2018.04.12 18:26:13.198,13.37152,13.37388,0.00,0.00
2018.04.12 18:26:13.350,13.37129,13.37389,0.00,0.00
2018.04.12 18:26:14.000,13.37129,13.37379,0.00,0.00
2018.04.12 18:26:14.469,13.37129,13.37359,0.00,0.00
2018.04.12 18:26:15.126,13.37129,13.37358,0.00,0.00
2018.04.12 18:26:15.454,13.37129,13.37379,0.00,0.00
2018.04.12 18:26:15.667,13.37129,13.37388,0.00,0.00
2018.04.12 18:26:16.449,13.37129,13.37389,0.00,0.00
2018.04.12 18:26:19.189,13.37129,13.37388,0.00,0.00
2018.04.12 18:26:19.730,13.37129,13.37389,0.00,0.00
2018.04.12 18:26:20.247,13.37129,13.37378,0.00,0.00
2018.04.12 18:26:20.298,13.37129,13.37389,0.00,0.00
2018.04.12 18:26:23.578,13.37129,13.37388,0.00,0.00
2018.04.12 18:26:24.912,13.37129,13.37378,0.00,0.00
2018.04.12 18:26:24.980,13.37129,13.37389,0.00,0.00
2018.04.12 18:26:25.774,13.37078,13.37289,0.00,0.00
2018.04.12 18:26:25.875,13.37028,13.37269,0.00,0.00
2018.04.12 18:26:25.964,13.37028,13.37282,0.00,0.00
2018.04.12 18:26:26.367,13.37028,13.37289,0.00,0.00
2018.04.12 18:26:27.704,13.37028,13.37259,0.00,0.00
2018.04.12 18:26:27.755,13.36951,13.37189,0.00,0.00
2018.04.12 18:26:28.259,13.36952,13.37188,0.00,0.00
2018.04.12 18:26:28.934,13.36951,13.37189,0.00,0.00
2018.04.12 18:26:29.437,13.36952,13.37188,0.00,0.00
2018.04.12 18:26:30.167,13.36951,13.37189,0.00,0.00
2018.04.12 18:26:32.632,13.36951,13.37188,0.00,0.00
2018.04.12 18:26:33.432,13.36951,13.37189,0.00,0.00
2018.04.12 18:26:33.882,13.37023,13.37209,0.00,0.00
2018.04.12 18:26:33.985,13.37024,13.37238,0.00,0.00
2018.04.12 18:26:34.266,13.36979,13.37239,0.00,0.00
2018.04.12 18:26:34.508,13.37024,13.37279,0.00,0.00
2018.04.12 18:26:34.816,13.36988,13.37239,0.00,0.00
2018.04.12 18:26:35.500,13.36988,13.37262,0.00,0.00
2018.04.12 18:26:35.550,13.37023,13.37269,0.00,0.00
2018.04.12 18:26:35.838,13.37028,13.37289,0.00,0.00
2018.04.12 18:26:36.368,13.37029,13.37288,0.00,0.00
2018.04.12 18:26:37.192,13.37029,13.37289,0.00,0.00
2018.04.12 18:26:38.707,13.37028,13.37289,0.00,0.00
2018.04.12 18:26:38.994,13.37034,13.37289,0.00,0.00
2018.04.12 18:26:39.044,13.37028,13.37289,0.00,0.00
2018.04.12 18:26:39.095,13.36988,13.37239,0.00,0.00
2018.04.12 18:26:39.949,13.36988,13.37189,0.00,0.00
2018.04.12 18:26:39.999,13.36958,13.37189,0.00,0.00
2018.04.12 18:26:40.684,13.36958,13.37188,0.00,0.00
2018.04.12 18:26:40.974,13.36963,13.37199,0.00,0.00
2018.04.12 18:26:41.025,13.37023,13.37239,0.00,0.00
2018.04.12 18:26:41.126,13.36978,13.37238,0.00,0.00
2018.04.12 18:26:41.648,13.36959,13.37188,0.00,0.00
2018.04.12 18:26:42.336,13.36958,13.37188,0.00,0.00
2018.04.12 18:26:42.996,13.36958,13.37189,0.00,0.00
2018.04.12 18:26:44.919,13.36958,13.37188,0.00,0.00
2018.04.12 18:26:45.720,13.36958,13.37189,0.00,0.00
2018.04.12 18:26:46.796,13.36938,13.37189,0.00,0.00
2018.04.12 18:26:46.847,13.36928,13.37188,0.00,0.00
2018.04.12 18:26:46.958,13.36928,13.37139,0.00,0.00
2018.04.12 18:26:47.478,13.36928,13.37138,0.00,0.00
2018.04.12 18:26:50.299,13.36878,13.37089,0.00,0.00
2018.04.12 18:26:50.403,13.36838,13.37089,0.00,0.00
2018.04.12 18:26:51.306,13.36838,13.37088,0.00,0.00
2018.04.12 18:26:51.910,13.36838,13.37088,0.00,0.00
2018.04.12 18:26:52.645,13.36838,13.37038,0.00,0.00
2018.04.12 18:26:52.696,13.36802,13.37038,0.00,0.00
2018.04.12 18:26:52.747,13.36824,13.37038,0.00,0.00
2018.04.12 18:26:53.000,13.36824,13.37088,0.00,0.00
2018.04.12 18:26:53.449,13.36833,13.37089,0.00,0.00
2018.04.12 18:26:55.019,13.36829,13.37089,0.00,0.00
2018.04.12 18:26:55.171,13.36801,13.37049,0.00,0.00
2018.04.12 18:26:55.221,13.36788,13.37078,0.00,0.00
2018.04.12 18:26:55.272,13.36788,13.37039,0.00,0.00
2018.04.12 18:26:55.876,13.36788,13.37038,0.00,0.00
2018.04.12 18:26:56.331,13.36748,13.36988,0.00,0.00
2018.04.12 18:26:56.872,13.36748,13.36989,0.00,0.00
2018.04.12 18:26:57.149,13.36778,13.37038,0.00,0.00
2018.04.12 18:26:57.251,13.36823,13.37078,0.00,0.00
2018.04.12 18:26:57.770,13.36828,13.37078,0.00,0.00
2018.04.12 18:26:57.821,13.36829,13.37088,0.00,0.00
2018.04.12 18:26:57.922,13.36846,13.37089,0.00,0.00
2018.04.12 18:26:58.567,13.36838,13.37088,0.00,0.00
2018.04.12 18:26:59.758,13.36851,13.37089,0.00,0.00
2018.04.12 18:27:00.008,13.36841,13.37089,0.00,0.00
2018.04.12 18:27:00.447,13.36838,13.37088,0.00,0.00
2018.04.12 18:27:01.752,13.36829,13.37088,0.00,0.00
2018.04.12 18:27:02.254,13.36828,13.37089,0.00,0.00
2018.04.12 18:27:02.772,13.36779,13.37038,0.00,0.00
2018.04.12 18:27:03.350,13.36779,13.37039,0.00,0.00
2018.04.12 18:27:03.729,13.36779,13.37009,0.00,0.00
2018.04.12 18:27:03.780,13.36759,13.37008,0.00,0.00
2018.04.12 18:27:04.495,13.36789,13.37089,0.00,0.00
2018.04.12 18:27:04.546,13.36798,13.37089,0.00,0.00
2018.04.12 18:27:04.849,13.36779,13.37039,0.00,0.00
2018.04.12 18:27:11.820,13.36828,13.37069,0.00,0.00
2018.04.12 18:27:11.972,13.36829,13.37089,0.00,0.00
2018.04.12 18:27:12.256,13.36829,13.37039,0.00,0.00
2018.04.12 18:27:13.335,13.36779,13.36989,0.00,0.00
2018.04.12 18:27:13.440,13.36751,13.36989,0.00,0.00
2018.04.12 18:27:13.491,13.36762,13.36988,0.00,0.00
2018.04.12 18:27:14.478,13.36761,13.36989,0.00,0.00
2018.04.12 18:27:14.601,13.36748,13.36988,0.00,0.00
2018.04.12 18:27:15.880,13.36748,13.36989,0.00,0.00
2018.04.12 18:27:17.258,13.36748,13.36988,0.00,0.00
2018.04.12 18:27:19.413,13.36761,13.36989,0.00,0.00
2018.04.12 18:27:20.076,13.36748,13.36989,0.00,0.00
2018.04.12 18:27:21.843,13.36748,13.36968,0.00,0.00
2018.04.12 18:27:21.945,13.36689,13.36969,0.00,0.00
2018.04.12 18:27:21.996,13.36689,13.36908,0.00,0.00
2018.04.12 18:27:22.047,13.36662,13.36909,0.00,0.00
2018.04.12 18:27:22.231,13.36658,13.36909,0.00,0.00
2018.04.12 18:27:22.282,13.36658,13.36889,0.00,0.00
2018.04.12 18:27:23.092,13.36661,13.36899,0.00,0.00
2018.04.12 18:27:23.193,13.36672,13.36898,0.00,0.00
2018.04.12 18:27:23.289,13.36658,13.36888,0.00,0.00
2018.04.12 18:27:23.340,13.36649,13.36888,0.00,0.00
2018.04.12 18:27:26.557,13.36649,13.36889,0.00,0.00
2018.04.12 18:27:28.705,13.36662,13.36888,0.00,0.00
2018.04.12 18:27:28.775,13.36649,13.36929,0.00,0.00
2018.04.12 18:27:30.017,13.36662,13.36888,0.00,0.00
2018.04.12 18:27:30.191,13.36649,13.36888,0.00,0.00
2018.04.12 18:27:32.000,13.36649,13.36889,0.00,0.00
2018.04.12 18:27:32.400,13.36641,13.36889,0.00,0.00
2018.04.12 18:27:32.451,13.36628,13.36878,0.00,0.00
2018.04.12 18:27:32.502,13.36591,13.36809,0.00,0.00
2018.04.12 18:27:32.553,13.36591,13.36839,0.00,0.00
2018.04.12 18:27:32.604,13.36579,13.36838,0.00,0.00
2018.04.12 18:27:32.655,13.36578,13.36789,0.00,0.00
2018.04.12 18:27:32.756,13.36548,13.36788,0.00,0.00
2018.04.12 18:27:33.164,13.36551,13.36789,0.00,0.00
2018.04.12 18:27:33.250,13.36548,13.36788,0.00,0.00
2018.04.12 18:27:33.828,13.36548,13.36789,0.00,0.00
2018.04.12 18:27:33.879,13.36541,13.36789,0.00,0.00
2018.04.12 18:27:34.529,13.36539,13.36788,0.00,0.00
2018.04.12 18:27:35.098,13.36539,13.36789,0.00,0.00
2018.04.12 18:27:35.302,13.36552,13.36788,0.00,0.00
2018.04.12 18:27:36.537,13.36551,13.36789,0.00,0.00
2018.04.12 18:27:37.153,13.36552,13.36788,0.00,0.00
2018.04.12 18:27:37.890,13.36551,13.36789,0.00,0.00
2018.04.12 18:27:38.205,13.36651,13.36859,0.00,0.00
2018.04.12 18:27:38.306,13.36718,13.36942,0.00,0.00
2018.04.12 18:27:38.357,13.36728,13.36979,0.00,0.00
2018.04.12 18:27:38.408,13.36732,13.36979,0.00,0.00
2018.04.12 18:27:38.964,13.36732,13.36988,0.00,0.00
2018.04.12 18:27:39.079,13.36752,13.36988,0.00,0.00
2018.04.12 18:27:39.904,13.36751,13.36989,0.00,0.00
2018.04.12 18:27:40.563,13.36752,13.36988,0.00,0.00
2018.04.12 18:27:41.345,13.36751,13.36989,0.00,0.00
2018.04.12 18:27:41.965,13.36738,13.36989,0.00,0.00
2018.04.12 18:27:42.776,13.36752,13.36988,0.00,0.00
2018.04.12 18:27:43.280,13.36928,13.37138,0.00,0.00
2018.04.12 18:27:43.919,13.36928,13.37139,0.00,0.00
2018.04.12 18:27:44.059,13.36928,13.37189,0.00,0.00
2018.04.12 18:27:44.267,13.36942,13.37188,0.00,0.00
2018.04.12 18:27:46.716,13.36928,13.37188,0.00,0.00
2018.04.12 18:27:46.830,13.36918,13.37139,0.00,0.00
2018.04.12 18:27:46.883,13.36902,13.37168,0.00,0.00
2018.04.12 18:27:46.985,13.36928,13.37169,0.00,0.00
2018.04.12 18:27:47.291,13.36928,13.37189,0.00,0.00
2018.04.12 18:27:51.670,13.36879,13.37139,0.00,0.00
2018.04.12 18:27:52.148,13.36928,13.37179,0.00,0.00
2018.04.12 18:27:52.199,13.36928,13.37189,0.00,0.00
2018.04.12 18:27:53.168,13.36928,13.37188,0.00,0.00
2018.04.12 18:27:53.269,13.36928,13.37181,0.00,0.00
2018.04.12 18:27:53.602,13.36928,13.37139,0.00,0.00
2018.04.12 18:27:55.778,13.36878,13.37088,0.00,0.00
2018.04.12 18:27:55.940,13.36848,13.37088,0.00,0.00
2018.04.12 18:27:56.570,13.36848,13.37089,0.00,0.00
2018.04.12 18:27:58.038,13.36848,13.37088,0.00,0.00
2018.04.12 18:27:58.139,13.36839,13.37088,0.00,0.00
2018.04.12 18:27:58.824,13.36839,13.37089,0.00,0.00
2018.04.12 18:28:00.727,13.36829,13.37089,0.00,0.00
2018.04.12 18:28:02.458,13.36829,13.37088,0.00,0.00
2018.04.12 18:28:03.261,13.36829,13.37089,0.00,0.00
2018.04.12 18:28:03.846,13.36829,13.37088,0.00,0.00
2018.04.12 18:28:04.080,13.36838,13.37089,0.00,0.00
2018.04.12 18:28:04.511,13.36849,13.37089,0.00,0.00
2018.04.12 18:28:05.045,13.36849,13.37088,0.00,0.00
2018.04.12 18:28:05.097,13.36838,13.37088,0.00,0.00
2018.04.12 18:28:05.200,13.36779,13.36999,0.00,0.00
2018.04.12 18:28:05.302,13.36762,13.36989,0.00,0.00
2018.04.12 18:28:05.454,13.36749,13.36989,0.00,0.00
2018.04.12 18:28:05.579,13.36749,13.36999,0.00,0.00
2018.04.12 18:28:05.708,13.36749,13.36989,0.00,0.00
2018.04.12 18:28:06.492,13.36749,13.36988,0.00,0.00
2018.04.12 18:28:08.024,13.36749,13.36989,0.00,0.00
2018.04.12 18:28:08.798,13.36749,13.36988,0.00,0.00
2018.04.12 18:28:10.428,13.36749,13.36989,0.00,0.00
2018.04.12 18:28:12.344,13.36729,13.36989,0.00,0.00
2018.04.12 18:28:13.305,13.36729,13.36988,0.00,0.00
2018.04.12 18:28:13.364,13.36718,13.36908,0.00,0.00
2018.04.12 18:28:13.465,13.36679,13.36888,0.00,0.00
2018.04.12 18:28:13.605,13.36661,13.36888,0.00,0.00
2018.04.12 18:28:13.656,13.36658,13.36888,0.00,0.00
2018.04.12 18:28:14.429,13.36658,13.36889,0.00,0.00
2018.04.12 18:28:14.692,13.36658,13.36909,0.00,0.00
2018.04.12 18:28:15.145,13.36658,13.36898,0.00,0.00
2018.04.12 18:28:15.196,13.36648,13.36889,0.00,0.00
2018.04.12 18:28:15.473,13.36648,13.36898,0.00,0.00
2018.04.12 18:28:15.524,13.36648,13.36889,0.00,0.00
2018.04.12 18:28:16.057,13.36648,13.36889,0.00,0.00
2018.04.12 18:28:16.412,13.36657,13.36888,0.00,0.00
2018.04.12 18:28:16.985,13.36649,13.36889,0.00,0.00
2018.04.12 18:28:17.163,13.36723,13.36989,0.00,0.00
2018.04.12 18:28:17.314,13.36737,13.36988,0.00,0.00
2018.04.12 18:28:17.982,13.36737,13.36989,0.00,0.00
2018.04.12 18:28:18.033,13.36729,13.36988,0.00,0.00
2018.04.12 18:28:18.616,13.36729,13.36989,0.00,0.00
2018.04.12 18:28:19.178,13.36729,13.36988,0.00,0.00
2018.04.12 18:28:19.229,13.36679,13.36939,0.00,0.00
2018.04.12 18:28:19.331,13.36679,13.36909,0.00,0.00
2018.04.12 18:28:19.382,13.36658,13.36908,0.00,0.00
2018.04.12 18:28:19.592,13.36658,13.36899,0.00,0.00
2018.04.12 18:28:20.137,13.36658,13.36898,0.00,0.00
2018.04.12 18:28:20.303,13.36659,13.36909,0.00,0.00
2018.04.12 18:28:20.354,13.36697,13.36929,0.00,0.00
2018.04.12 18:28:20.516,13.36728,13.36988,0.00,0.00
2018.04.12 18:28:20.669,13.36728,13.36939,0.00,0.00
2018.04.12 18:28:21.005,13.36728,13.36989,0.00,0.00
2018.04.12 18:28:21.055,13.36728,13.36989,0.00,0.00
2018.04.12 18:28:21.678,13.36736,13.36989,0.00,0.00
2018.04.12 18:28:22.783,13.36756,13.36989,0.00,0.00
2018.04.12 18:28:22.890,13.36804,13.37089,0.00,0.00
2018.04.12 18:28:22.991,13.36823,13.37089,0.00,0.00
2018.04.12 18:28:23.344,13.36823,13.37028,0.00,0.00
2018.04.12 18:28:23.472,13.36823,13.37068,0.00,0.00
2018.04.12 18:28:23.573,13.36823,13.37088,0.00,0.00
2018.04.12 18:28:24.097,13.36823,13.37089,0.00,0.00
2018.04.12 18:28:24.480,13.36842,13.37088,0.00,0.00
2018.04.12 18:28:24.797,13.36851,13.37089,0.00,0.00
2018.04.12 18:28:24.848,13.36851,13.37099,0.00,0.00
2018.04.12 18:28:25.160,13.36848,13.37099,0.00,0.00
2018.04.12 18:28:25.212,13.36918,13.37189,0.00,0.00
2018.04.12 18:28:25.330,13.36929,13.37109,0.00,0.00
2018.04.12 18:28:25.431,13.36849,13.37108,0.00,0.00
2018.04.12 18:28:25.650,13.36849,13.37089,0.00,0.00
2018.04.12 18:28:25.701,13.36828,13.37089,0.00,0.00
2018.04.12 18:28:25.802,13.36828,13.37058,0.00,0.00
2018.04.12 18:28:25.905,13.36828,13.37079,0.00,0.00
2018.04.12 18:28:26.568,13.36839,13.37079,0.00,0.00
2018.04.12 18:28:26.619,13.36828,13.37069,0.00,0.00
2018.04.12 18:28:26.888,13.36828,13.37059,0.00,0.00
2018.04.12 18:28:27.340,13.36828,13.37078,0.00,0.00
2018.04.12 18:28:27.926,13.36828,13.37088,0.00,0.00
2018.04.12 18:28:28.027,13.36839,13.37089,0.00,0.00
2018.04.12 18:28:29.559,13.36839,13.37088,0.00,0.00
2018.04.12 18:28:30.079,13.36848,13.37089,0.00,0.00
2018.04.12 18:28:30.996,13.36848,13.37088,0.00,0.00
2018.04.12 18:28:31.522,13.36848,13.37089,0.00,0.00
2018.04.12 18:28:31.700,13.36828,13.37089,0.00,0.00
2018.04.12 18:28:32.108,13.36819,13.37051,0.00,0.00
2018.04.12 18:28:32.820,13.36821,13.37051,0.00,0.00
2018.04.12 18:28:33.179,13.36842,13.37051,0.00,0.00
2018.04.12 18:28:33.229,13.36839,13.37051,0.00,0.00
2018.04.12 18:28:33.492,13.36821,13.37051,0.00,0.00
2018.04.12 18:28:33.685,13.36841,13.37051,0.00,0.00
2018.04.12 18:28:34.030,13.36851,13.37101,0.00,0.00
2018.04.12 18:28:34.678,13.36879,13.37102,0.00,0.00
2018.04.12 18:28:34.729,13.36901,13.37152,0.00,0.00
2018.04.12 18:28:35.192,13.36828,13.37102,0.00,0.00
2018.04.12 18:28:35.244,13.36851,13.37099,0.00,0.00
2018.04.12 18:28:35.396,13.36821,13.37089,0.00,0.00
2018.04.12 18:28:35.447,13.36812,13.37051,0.00,0.00
2018.04.12 18:28:35.924,13.36801,13.37051,0.00,0.00
2018.04.12 18:28:36.448,13.36802,13.37051,0.00,0.00
2018.04.12 18:28:37.200,13.36779,13.37051,0.00,0.00
2018.04.12 18:28:38.009,13.36801,13.37051,0.00,0.00
2018.04.12 18:28:38.520,13.36732,13.36988,0.00,0.00
2018.04.12 18:28:38.571,13.36708,13.36989,0.00,0.00
2018.04.12 18:28:38.621,13.36708,13.36952,0.00,0.00
2018.04.12 18:28:40.829,13.36751,13.36952,0.00,0.00
2018.04.12 18:28:41.448,13.36751,13.37002,0.00,0.00
2018.04.12 18:28:41.499,13.36751,13.36951,0.00,0.00
2018.04.12 18:28:41.600,13.36742,13.36951,0.00,0.00
2018.04.12 18:28:41.700,13.36731,13.36951,0.00,0.00
2018.04.12 18:28:41.835,13.36718,13.36951,0.00,0.00
2018.04.12 18:28:44.367,13.36721,13.36951,0.00,0.00
2018.04.12 18:28:44.696,13.36728,13.36951,0.00,0.00
2018.04.12 18:28:44.747,13.36771,13.37042,0.00,0.00
2018.04.12 18:28:44.798,13.36801,13.37052,0.00,0.00
2018.04.12 18:28:48.451,13.36732,13.36988,0.00,0.00
2018.04.12 18:28:48.553,13.36732,13.36952,0.00,0.00
2018.04.12 18:28:49.087,13.36731,13.36952,0.00,0.00
2018.04.12 18:28:49.289,13.36671,13.36951,0.00,0.00
2018.04.12 18:28:49.466,13.36651,13.36902,0.00,0.00
2018.04.12 18:28:49.887,13.36638,13.36851,0.00,0.00
2018.04.12 18:28:51.216,13.36632,13.36851,0.00,0.00
2018.04.12 18:28:51.267,13.36668,13.36902,0.00,0.00
2018.04.12 18:28:51.369,13.36668,13.36939,0.00,0.00
2018.04.12 18:28:51.420,13.36652,13.36888,0.00,0.00
2018.04.12 18:28:51.726,13.36631,13.36852,0.00,0.00
2018.04.12 18:28:51.777,13.36611,13.36852,0.00,0.00
2018.04.12 18:28:51.828,13.36609,13.36852,0.00,0.00
2018.04.12 18:28:51.879,13.36611,13.36852,0.00,0.00
2018.04.12 18:28:51.980,13.36609,13.36852,0.00,0.00
2018.04.12 18:28:52.113,13.36611,13.36852,0.00,0.00
2018.04.12 18:28:52.767,13.36611,13.36852,0.00,0.00
2018.04.12 18:28:53.682,13.36627,13.36852,0.00,0.00
2018.04.12 18:28:54.330,13.36627,13.36852,0.00,0.00
2018.04.12 18:28:54.757,13.36657,13.36852,0.00,0.00
2018.04.12 18:28:56.632,13.36702,13.36952,0.00,0.00
2018.04.12 18:28:56.742,13.36732,13.36952,0.00,0.00
2018.04.12 18:28:57.108,13.36762,13.36952,0.00,0.00
2018.04.12 18:28:58.339,13.36741,13.36952,0.00,0.00
2018.04.12 18:28:59.806,13.36742,13.36952,0.00,0.00
2018.04.12 18:29:00.045,13.36761,13.36952,0.00,0.00
2018.04.12 18:29:02.085,13.36802,13.37051,0.00,0.00
2018.04.12 18:29:02.136,13.36821,13.37051,0.00,0.00
2018.04.12 18:29:02.461,13.36802,13.36951,0.00,0.00
2018.04.12 18:29:02.512,13.36802,13.37029,0.00,0.00
2018.04.12 18:29:02.704,13.36802,13.37052,0.00,0.00
2018.04.12 18:29:03.379,13.36801,13.37052,0.00,0.00
2018.04.12 18:29:04.311,13.36801,13.36952,0.00,0.00
2018.04.12 18:29:04.362,13.36762,13.36952,0.00,0.00
2018.04.12 18:29:04.413,13.36721,13.36952,0.00,0.00
2018.04.12 18:29:04.464,13.36731,13.36952,0.00,0.00
2018.04.12 18:29:06.377,13.36732,13.36952,0.00,0.00
2018.04.12 18:29:06.479,13.36751,13.37002,0.00,0.00
2018.04.12 18:29:07.984,13.36768,13.37002,0.00,0.00
2018.04.12 18:29:08.034,13.36771,13.37051,0.00,0.00
2018.04.12 18:29:08.085,13.36778,13.37051,0.00,0.00
2018.04.12 18:29:08.391,13.36801,13.37051,0.00,0.00
2018.04.12 18:29:08.701,13.36821,13.37051,0.00,0.00
2018.04.12 18:29:11.143,13.36828,13.37051,0.00,0.00
2018.04.12 18:29:11.575,13.36801,13.37051,0.00,0.00
2018.04.12 18:29:11.626,13.36772,13.37042,0.00,0.00
2018.04.12 18:29:11.837,13.36771,13.37012,0.00,0.00
2018.04.12 18:29:12.197,13.36768,13.37002,0.00,0.00
2018.04.12 18:29:14.069,13.36768,13.36951,0.00,0.00
2018.04.12 18:29:14.119,13.36722,13.36951,0.00,0.00
2018.04.12 18:29:14.260,13.36718,13.36951,0.00,0.00
2018.04.12 18:29:14.730,13.36731,13.36951,0.00,0.00
2018.04.12 18:29:14.883,13.36718,13.36951,0.00,0.00
2018.04.12 18:29:15.762,13.36718,13.36942,0.00,0.00
2018.04.12 18:29:17.749,13.36722,13.36942,0.00,0.00
2018.04.12 18:29:18.070,13.36741,13.36942,0.00,0.00
2018.04.12 18:29:18.705,13.36742,13.36942,0.00,0.00
2018.04.12 18:29:19.867,13.36741,13.36942,0.00,0.00
2018.04.12 18:29:21.463,13.36722,13.36942,0.00,0.00
2018.04.12 18:29:22.490,13.36721,13.36942,0.00,0.00
2018.04.12 18:29:23.880,13.36742,13.36942,0.00,0.00
2018.04.12 18:29:24.728,13.36741,13.36942,0.00,0.00
2018.04.12 18:29:25.723,13.36721,13.36942,0.00,0.00
2018.04.12 18:29:25.843,13.36718,13.36942,0.00,0.00
2018.04.12 18:29:27.512,13.36709,13.36942,0.00,0.00
2018.04.12 18:29:28.909,13.36709,13.36939,0.00,0.00
2018.04.12 18:29:29.809,13.36688,13.36932,0.00,0.00
2018.04.12 18:29:29.918,13.36702,13.36932,0.00,0.00
2018.04.12 18:29:30.611,13.36668,13.36891,0.00,0.00
2018.04.12 18:29:30.748,13.36688,13.36931,0.00,0.00
2018.04.12 18:29:32.060,13.36702,13.36892,0.00,0.00
2018.04.12 18:29:32.161,13.36702,13.36941,0.00,0.00
2018.04.12 18:29:32.794,13.36701,13.36941,0.00,0.00
2018.04.12 18:29:33.003,13.36638,13.36879,0.00,0.00
2018.04.12 18:29:33.109,13.36638,13.36841,0.00,0.00
2018.04.12 18:29:33.858,13.36618,13.36841,0.00,0.00
2018.04.12 18:29:34.118,13.36621,13.36841,0.00,0.00
2018.04.12 18:29:35.620,13.36618,13.36841,0.00,0.00
2018.04.12 18:29:37.340,13.36651,13.36841,0.00,0.00
2018.04.12 18:29:37.539,13.36819,13.37031,0.00,0.00
2018.04.12 18:29:38.568,13.36831,13.37031,0.00,0.00
2018.04.12 18:29:38.659,13.36819,13.37031,0.00,0.00
2018.04.12 18:29:38.974,13.36812,13.37031,0.00,0.00
2018.04.12 18:29:39.075,13.36808,13.37031,0.00,0.00
2018.04.12 18:29:39.670,13.36809,13.37031,0.00,0.00
2018.04.12 18:29:40.927,13.36809,13.37042,0.00,0.00
2018.04.12 18:29:40.978,13.36801,13.36992,0.00,0.00
2018.04.12 18:29:41.079,13.36801,13.37032,0.00,0.00
2018.04.12 18:29:41.620,13.36802,13.37032,0.00,0.00
2018.04.12 18:29:41.750,13.36811,13.37032,0.00,0.00
2018.04.12 18:29:42.190,13.36838,13.37088,0.00,0.00
2018.04.12 18:29:42.312,13.36838,13.37042,0.00,0.00
2018.04.12 18:29:42.559,13.36819,13.37042,0.00,0.00
2018.04.12 18:29:44.063,13.36831,13.37042,0.00,0.00
2018.04.12 18:29:44.190,13.36819,13.37042,0.00,0.00
2018.04.12 18:29:46.905,13.36812,13.37042,0.00,0.00
2018.04.12 18:29:46.956,13.36801,13.37042,0.00,0.00
2018.04.12 18:29:47.007,13.36808,13.37042,0.00,0.00
2018.04.12 18:29:47.197,13.36812,13.37042,0.00,0.00
2018.04.12 18:29:47.248,13.36808,13.37042,0.00,0.00
2018.04.12 18:29:47.350,13.36812,13.37042,0.00,0.00
2018.04.12 18:29:47.890,13.36811,13.37042,0.00,0.00
2018.04.12 18:29:48.396,13.36812,13.37042,0.00,0.00
2018.04.12 18:29:49.198,13.36802,13.37042,0.00,0.00
2018.04.12 18:29:49.350,13.36808,13.37042,0.00,0.00
2018.04.12 18:29:49.911,13.36811,13.37042,0.00,0.00
2018.04.12 18:29:50.124,13.36809,13.37042,0.00,0.00
2018.04.12 18:29:50.175,13.36801,13.37042,0.00,0.00
2018.04.12 18:29:50.277,13.36812,13.37042,0.00,0.00
2018.04.12 18:29:50.402,13.36802,13.37042,0.00,0.00
2018.04.12 18:29:50.898,13.36822,13.37042,0.00,0.00
2018.04.12 18:29:51.682,13.36802,13.37042,0.00,0.00
2018.04.12 18:29:52.220,13.36801,13.37042,0.00,0.00
2018.04.12 18:29:53.170,13.36802,13.37042,0.00,0.00
2018.04.12 18:29:53.733,13.36801,13.37042,0.00,0.00
2018.04.12 18:29:53.963,13.36819,13.37042,0.00,0.00
2018.04.12 18:29:54.410,13.36821,13.37042,0.00,0.00
2018.04.12 18:29:54.461,13.36819,13.37042,0.00,0.00
2018.04.12 18:29:55.021,13.36822,13.37042,0.00,0.00
2018.04.12 18:29:55.601,13.36821,13.37042,0.00,0.00
2018.04.12 18:29:55.934,13.36831,13.37042,0.00,0.00
2018.04.12 18:29:56.596,13.36831,13.37041,0.00,0.00
2018.04.12 18:29:57.109,13.36832,13.37041,0.00,0.00
2018.04.12 18:29:59.287,13.36838,13.37089,0.00,0.00
2018.04.12 18:29:59.390,13.36839,13.37079,0.00,0.00
2018.04.12 18:29:59.760,13.36859,13.37042,0.00,0.00
2018.04.12 18:29:59.811,13.36832,13.37042,0.00,0.00
2018.04.12 18:29:59.962,13.36819,13.37042,0.00,0.00
2018.04.12 18:30:02.456,13.36818,13.37042,0.00,0.00
2018.04.12 18:30:02.507,13.36808,13.37042,0.00,0.00
2018.04.12 18:30:02.968,13.36808,13.37038,0.00,0.00
2018.04.12 18:30:03.019,13.36728,13.36978,0.00,0.00
2018.04.12 18:30:03.190,13.36767,13.36991,0.00,0.00
2018.04.12 18:30:03.522,13.36738,13.36942,0.00,0.00
2018.04.12 18:30:04.233,13.36729,13.36942,0.00,0.00
2018.04.12 18:30:06.769,13.36718,13.36942,0.00,0.00
2018.04.12 18:30:19.640,13.36681,13.36842,0.00,0.00
2018.04.12 18:30:19.691,13.36612,13.36842,0.00,0.00
2018.04.12 18:30:19.912,13.36609,13.36842,0.00,0.00
2018.04.12 18:30:21.460,13.36611,13.36842,0.00,0.00
2018.04.12 18:30:21.876,13.36631,13.36842,0.00,0.00
2018.04.12 18:30:22.222,13.36528,13.36741,0.00,0.00
2018.04.12 18:30:22.528,13.36537,13.36741,0.00,0.00
2018.04.12 18:30:22.735,13.36528,13.36741,0.00,0.00
2018.04.12 18:30:22.785,13.36528,13.36741,0.00,0.00
2018.04.12 18:30:24.071,13.36546,13.36741,0.00,0.00
2018.04.12 18:30:25.038,13.36528,13.36741,0.00,0.00
2018.04.12 18:30:25.623,13.36528,13.36741,0.00,0.00
2018.04.12 18:30:26.399,13.36528,13.36741,0.00,0.00
2018.04.12 18:30:26.540,13.36596,13.36839,0.00,0.00
2018.04.12 18:30:26.645,13.36596,13.36842,0.00,0.00
2018.04.12 18:30:26.707,13.36606,13.36842,0.00,0.00
2018.04.12 18:30:28.797,13.36612,13.36842,0.00,0.00
2018.04.12 18:30:29.642,13.36601,13.36842,0.00,0.00
2018.04.12 18:30:30.195,13.36602,13.36842,0.00,0.00
2018.04.12 18:30:30.757,13.36601,13.36842,0.00,0.00
2018.04.12 18:30:31.288,13.36602,13.36842,0.00,0.00
2018.04.12 18:30:31.841,13.36601,13.36842,0.00,0.00
2018.04.12 18:30:34.227,13.36607,13.36842,0.00,0.00
2018.04.12 18:30:34.607,13.36617,13.36842,0.00,0.00
2018.04.12 18:30:35.143,13.36637,13.36842,0.00,0.00
2018.04.12 18:30:36.182,13.36746,13.36892,0.00,0.00
2018.04.12 18:30:36.334,13.36746,13.36941,0.00,0.00
2018.04.12 18:30:36.871,13.36771,13.36941,0.00,0.00
2018.04.12 18:30:36.922,13.36801,13.36992,0.00,0.00
2018.04.12 18:30:37.068,13.36801,13.37042,0.00,0.00
2018.04.12 18:30:37.169,13.36779,13.37038,0.00,0.00
2018.04.12 18:30:38.419,13.36802,13.37042,0.00,0.00
2018.04.12 18:30:38.822,13.36802,13.37038,0.00,0.00
2018.04.12 18:30:39.165,13.36741,13.36942,0.00,0.00
2018.04.12 18:30:39.333,13.36729,13.36942,0.00,0.00
2018.04.12 18:30:40.278,13.36728,13.36942,0.00,0.00
2018.04.12 18:30:41.756,13.36749,13.36942,0.00,0.00
2018.04.12 18:30:44.248,13.36712,13.36942,0.00,0.00
2018.04.12 18:30:44.455,13.36732,13.36942,0.00,0.00
2018.04.12 18:30:44.901,13.36741,13.36942,0.00,0.00
2018.04.12 18:30:45.530,13.36742,13.36942,0.00,0.00
2018.04.12 18:30:45.643,13.36721,13.36942,0.00,0.00
2018.04.12 18:30:46.385,13.36722,13.36942,0.00,0.00
2018.04.12 18:30:48.227,13.36721,13.36942,0.00,0.00
2018.04.12 18:30:48.364,13.36702,13.36942,0.00,0.00
2018.04.12 18:30:51.668,13.36721,13.36942,0.00,0.00
2018.04.12 18:30:51.999,13.36742,13.36942,0.00,0.00
2018.04.12 18:30:52.762,13.36721,13.36942,0.00,0.00
2018.04.12 18:30:53.302,13.36741,13.36942,0.00,0.00
2018.04.12 18:30:54.570,13.36721,13.36942,0.00,0.00
2018.04.12 18:30:59.121,13.36701,13.36942,0.00,0.00
2018.04.12 18:30:59.411,13.36721,13.36942,0.00,0.00
2018.04.12 18:31:00.078,13.36741,13.36942,0.00,0.00
2018.04.12 18:31:01.677,13.36742,13.36942,0.00,0.00
2018.04.12 18:31:02.238,13.36741,13.36942,0.00,0.00
2018.04.12 18:31:02.546,13.36741,13.36952,0.00,0.00
2018.04.12 18:31:02.671,13.36731,13.36952,0.00,0.00
2018.04.12 18:31:05.704,13.36741,13.36952,0.00,0.00
2018.04.12 18:31:07.465,13.36762,13.37002,0.00,0.00
2018.04.12 18:31:07.566,13.36761,13.37039,0.00,0.00
2018.04.12 18:31:07.668,13.36792,13.37038,0.00,0.00
2018.04.12 18:31:08.178,13.36831,13.37051,0.00,0.00
2018.04.12 18:31:08.247,13.36801,13.37051,0.00,0.00
2018.04.12 18:31:08.944,13.36802,13.37051,0.00,0.00
2018.04.12 18:31:09.548,13.36801,13.37051,0.00,0.00
2018.04.12 18:31:09.657,13.36802,13.37038,0.00,0.00
2018.04.12 18:31:09.765,13.36801,13.37051,0.00,0.00
2018.04.12 18:31:10.983,13.36701,13.36932,0.00,0.00
2018.04.12 18:31:11.307,13.36741,13.36952,0.00,0.00
2018.04.12 18:31:11.964,13.36771,13.37002,0.00,0.00
2018.04.12 18:31:12.015,13.36742,13.36971,0.00,0.00
2018.04.12 18:31:12.330,13.36721,13.36951,0.00,0.00
2018.04.12 18:31:13.136,13.36741,13.36951,0.00,0.00
2018.04.12 18:31:13.187,13.36752,13.37001,0.00,0.00
2018.04.12 18:31:13.238,13.36761,13.37001,0.00,0.00
2018.04.12 18:31:13.440,13.36781,13.37031,0.00,0.00
2018.04.12 18:31:13.857,13.36781,13.37039,0.00,0.00
2018.04.12 18:31:13.943,13.36801,13.37051,0.00,0.00
2018.04.12 18:31:14.256,13.36802,13.37038,0.00,0.00
2018.04.12 18:31:14.527,13.36761,13.37039,0.00,0.00
2018.04.12 18:31:14.578,13.36751,13.37002,0.00,0.00
2018.04.12 18:31:14.844,13.36731,13.37002,0.00,0.00
2018.04.12 18:31:14.895,13.36731,13.36952,0.00,0.00
2018.04.12 18:31:15.020,13.36722,13.36952,0.00,0.00
2018.04.12 18:31:15.188,13.36731,13.36952,0.00,0.00
2018.04.12 18:31:15.499,13.36751,13.36952,0.00,0.00
2018.04.12 18:31:16.769,13.36731,13.36952,0.00,0.00
2018.04.12 18:31:16.983,13.36701,13.36952,0.00,0.00
2018.04.12 18:31:17.034,13.36712,13.36952,0.00,0.00
2018.04.12 18:31:17.555,13.36751,13.36952,0.00,0.00
2018.04.12 18:31:17.612,13.36731,13.36952,0.00,0.00
2018.04.12 18:31:17.716,13.36752,13.36981,0.00,0.00
2018.04.12 18:31:17.767,13.36752,13.37002,0.00,0.00
2018.04.12 18:31:17.994,13.36772,13.37038,0.00,0.00
2018.04.12 18:31:18.210,13.36751,13.37009,0.00,0.00
2018.04.12 18:31:18.614,13.36751,13.37002,0.00,0.00
2018.04.12 18:31:20.930,13.36801,13.37039,0.00,0.00
2018.04.12 18:31:22.456,13.36769,13.37038,0.00,0.00
2018.04.12 18:31:22.570,13.36801,13.37039,0.00,0.00
2018.04.12 18:31:23.715,13.36901,13.37072,0.00,0.00
2018.04.12 18:31:23.826,13.36901,13.37101,0.00,0.00
2018.04.12 18:31:23.879,13.36902,13.37128,0.00,0.00
2018.04.12 18:31:23.978,13.36902,13.37138,0.00,0.00
2018.04.12 18:31:24.637,13.36901,13.37139,0.00,0.00
2018.04.12 18:31:25.168,13.36901,13.37141,0.00,0.00
2018.04.12 18:31:26.570,13.36901,13.37139,0.00,0.00
2018.04.12 18:31:27.119,13.36901,13.37141,0.00,0.00
2018.04.12 18:31:27.589,13.36901,13.37139,0.00,0.00
2018.04.12 18:31:27.830,13.36901,13.37141,0.00,0.00
2018.04.12 18:31:27.881,13.36902,13.37151,0.00,0.00
2018.04.12 18:31:28.048,13.36902,13.37138,0.00,0.00
2018.04.12 18:31:28.415,13.36901,13.37151,0.00,0.00
2018.04.12 18:31:28.517,13.36911,13.37151,0.00,0.00
2018.04.12 18:31:29.325,13.36912,13.37151,0.00,0.00
2018.04.12 18:31:30.518,13.36911,13.37151,0.00,0.00
2018.04.12 18:31:31.121,13.36912,13.37151,0.00,0.00
2018.04.12 18:31:31.507,13.37001,13.37239,0.00,0.00
2018.04.12 18:31:33.118,13.37002,13.37238,0.00,0.00
2018.04.12 18:31:33.717,13.37001,13.37239,0.00,0.00
2018.04.12 18:31:34.229,13.37002,13.37238,0.00,0.00
2018.04.12 18:31:37.474,13.37002,13.37251,0.00,0.00
2018.04.12 18:31:37.528,13.37002,13.37238,0.00,0.00
2018.04.12 18:31:37.818,13.37002,13.37251,0.00,0.00
2018.04.12 18:31:38.531,13.37001,13.37251,0.00,0.00
2018.04.12 18:31:40.317,13.37002,13.37251,0.00,0.00
2018.04.12 18:31:40.718,13.37002,13.37261,0.00,0.00
2018.04.12 18:31:41.541,13.37001,13.37262,0.00,0.00
2018.04.12 18:31:41.768,13.37001,13.37251,0.00,0.00
2018.04.12 18:31:42.142,13.37002,13.37238,0.00,0.00
2018.04.12 18:31:42.278,13.36968,13.37239,0.00,0.00
2018.04.12 18:31:42.329,13.36921,13.37179,0.00,0.00
2018.04.12 18:31:42.732,13.36952,13.37178,0.00,0.00
2018.04.12 18:31:43.147,13.36922,13.37178,0.00,0.00
2018.04.12 18:31:43.589,13.36951,13.37178,0.00,0.00
2018.04.12 18:31:43.643,13.36958,13.37209,0.00,0.00
2018.04.12 18:31:43.694,13.37002,13.37232,0.00,0.00
2018.04.12 18:31:43.746,13.37002,13.37238,0.00,0.00
2018.04.12 18:31:44.065,13.37002,13.37252,0.00,0.00
2018.04.12 18:31:44.660,13.37002,13.37238,0.00,0.00
2018.04.12 18:31:44.966,13.37002,13.37252,0.00,0.00
2018.04.12 18:31:45.187,13.37001,13.37261,0.00,0.00
2018.04.12 18:31:45.883,13.37002,13.37261,0.00,0.00
2018.04.12 18:31:46.548,13.37001,13.37261,0.00,0.00
2018.04.12 18:31:47.203,13.37002,13.37261,0.00,0.00
2018.04.12 18:31:47.612,13.37022,13.37261,0.00,0.00
2018.04.12 18:31:47.772,13.37001,13.37261,0.00,0.00
2018.04.12 18:31:48.417,13.37002,13.37261,0.00,0.00
2018.04.12 18:31:49.064,13.37021,13.37261,0.00,0.00
2018.04.12 18:31:49.845,13.37022,13.37262,0.00,0.00
2018.04.12 18:31:50.563,13.37041,13.37262,0.00,0.00
2018.04.12 18:31:50.788,13.37101,13.37339,0.00,0.00
2018.04.12 18:31:52.541,13.37102,13.37338,0.00,0.00
2018.04.12 18:31:53.356,13.37101,13.37351,0.00,0.00
2018.04.12 18:31:54.156,13.37002,13.37278,0.00,0.00
2018.04.12 18:31:54.370,13.37022,13.37278,0.00,0.00
2018.04.12 18:31:54.472,13.37008,13.37278,0.00,0.00
2018.04.12 18:31:54.529,13.37011,13.37278,0.00,0.00
2018.04.12 18:31:55.197,13.37011,13.37279,0.00,0.00
2018.04.12 18:31:55.948,13.37001,13.37279,0.00,0.00
2018.04.12 18:31:56.132,13.37001,13.37249,0.00,0.00
2018.04.12 18:31:56.350,13.37002,13.37268,0.00,0.00
2018.04.12 18:31:56.451,13.37002,13.37278,0.00,0.00
2018.04.12 18:31:56.830,13.37011,13.37279,0.00,0.00
2018.04.12 18:31:58.469,13.37001,13.37279,0.00,0.00
2018.04.12 18:31:59.155,13.37002,13.37278,0.00,0.00
2018.04.12 18:31:59.503,13.36968,13.37189,0.00,0.00
2018.04.12 18:31:59.795,13.36928,13.37179,0.00,0.00
2018.04.12 18:32:00.056,13.36911,13.37179,0.00,0.00
2018.04.12 18:32:00.107,13.37002,13.37238,0.00,0.00
2018.04.12 18:32:00.208,13.36969,13.37239,0.00,0.00
2018.04.12 18:32:00.615,13.36978,13.37239,0.00,0.00
2018.04.12 18:32:00.666,13.37011,13.37279,0.00,0.00
2018.04.12 18:32:00.717,13.37002,13.37278,0.00,0.00
2018.04.12 18:32:01.185,13.37042,13.37278,0.00,0.00
2018.04.12 18:32:01.353,13.37102,13.37361,0.00,0.00
2018.04.12 18:32:01.870,13.37101,13.37339,0.00,0.00
2018.04.12 18:32:03.829,13.37102,13.37338,0.00,0.00
2018.04.12 18:32:05.066,13.37101,13.37379,0.00,0.00
2018.04.12 18:32:05.687,13.37102,13.37378,0.00,0.00
2018.04.12 18:32:06.111,13.37111,13.37379,0.00,0.00
2018.04.12 18:32:07.163,13.37138,13.37379,0.00,0.00
2018.04.12 18:32:07.214,13.37201,13.37451,0.00,0.00
2018.04.12 18:32:09.770,13.37201,13.37479,0.00,0.00
2018.04.12 18:32:10.230,13.37221,13.37479,0.00,0.00
2018.04.12 18:32:10.758,13.37202,13.37478,0.00,0.00
2018.04.12 18:32:10.931,13.37201,13.37469,0.00,0.00
2018.04.12 18:32:11.181,13.37201,13.37479,0.00,0.00
2018.04.12 18:32:11.839,13.37221,13.37479,0.00,0.00
2018.04.12 18:32:11.890,13.37212,13.37478,0.00,0.00
2018.04.12 18:32:12.119,13.37221,13.37479,0.00,0.00
2018.04.12 18:32:12.246,13.37201,13.37479,0.00,0.00
2018.04.12 18:32:13.132,13.37212,13.37478,0.00,0.00
2018.04.12 18:32:13.679,13.37221,13.37479,0.00,0.00
2018.04.12 18:32:14.390,13.37202,13.37478,0.00,0.00
2018.04.12 18:32:15.555,13.37209,13.37478,0.00,0.00
2018.04.12 18:32:16.040,13.37301,13.37539,0.00,0.00
2018.04.12 18:32:16.091,13.37301,13.37561,0.00,0.00
2018.04.12 18:32:16.512,13.37302,13.37572,0.00,0.00
2018.04.12 18:32:16.802,13.37301,13.37569,0.00,0.00
2018.04.12 18:32:16.885,13.37301,13.37572,0.00,0.00
2018.04.12 18:32:17.025,13.37402,13.37632,0.00,0.00
2018.04.12 18:32:17.126,13.37402,13.37638,0.00,0.00
2018.04.12 18:32:18.124,13.37401,13.37639,0.00,0.00
2018.04.12 18:32:19.067,13.37401,13.37649,0.00,0.00
2018.04.12 18:32:19.728,13.37401,13.37671,0.00,0.00
2018.04.12 18:32:20.119,13.37401,13.37639,0.00,0.00
2018.04.12 18:32:21.317,13.37402,13.37638,0.00,0.00
2018.04.12 18:32:22.550,13.37401,13.37639,0.00,0.00
2018.04.12 18:32:23.077,13.37402,13.37638,0.00,0.00
2018.04.12 18:32:23.628,13.37401,13.37609,0.00,0.00
2018.04.12 18:32:23.848,13.37401,13.37639,0.00,0.00
2018.04.12 18:32:24.106,13.37319,13.37559,0.00,0.00
2018.04.12 18:32:24.157,13.37319,13.37539,0.00,0.00
2018.04.12 18:32:24.208,13.37311,13.37539,0.00,0.00
2018.04.12 18:32:24.259,13.37311,13.37549,0.00,0.00
2018.04.12 18:32:24.338,13.37312,13.37538,0.00,0.00
2018.04.12 18:32:24.439,13.37301,13.37539,0.00,0.00
2018.04.12 18:32:24.603,13.37301,13.37572,0.00,0.00
2018.04.12 18:32:25.129,13.37301,13.37569,0.00,0.00
2018.04.12 18:32:25.484,13.37301,13.37539,0.00,0.00
2018.04.12 18:32:25.583,13.37268,13.37509,0.00,0.00
2018.04.12 18:32:25.634,13.37301,13.37539,0.00,0.00
2018.04.12 18:32:26.489,13.37268,13.37509,0.00,0.00
2018.04.12 18:32:26.540,13.37301,13.37482,0.00,0.00
2018.04.12 18:32:26.642,13.37301,13.37539,0.00,0.00
2018.04.12 18:32:27.391,13.37268,13.37539,0.00,0.00
2018.04.12 18:32:27.816,13.37268,13.37528,0.00,0.00
2018.04.12 18:32:28.404,13.37301,13.37539,0.00,0.00
2018.04.12 18:32:28.965,13.37302,13.37538,0.00,0.00
2018.04.12 18:32:30.864,13.37301,13.37539,0.00,0.00
2018.04.12 18:32:31.996,13.37301,13.37538,0.00,0.00
2018.04.12 18:32:32.047,13.37228,13.37481,0.00,0.00
2018.04.12 18:32:32.097,13.37228,13.37479,0.00,0.00
2018.04.12 18:32:32.168,13.37228,13.37481,0.00,0.00
2018.04.12 18:32:32.438,13.37209,13.37478,0.00,0.00
2018.04.12 18:32:32.779,13.37209,13.37481,0.00,0.00
2018.04.12 18:32:34.151,13.37201,13.37479,0.00,0.00
2018.04.12 18:32:35.189,13.37208,13.37479,0.00,0.00
2018.04.12 18:32:35.787,13.37297,13.37538,0.00,0.00
2018.04.12 18:32:36.443,13.37297,13.37539,0.00,0.00
2018.04.12 18:32:36.777,13.37251,13.37481,0.00,0.00
2018.04.12 18:32:36.955,13.37263,13.37509,0.00,0.00
2018.04.12 18:32:37.286,13.37261,13.37509,0.00,0.00
2018.04.12 18:32:37.337,13.37252,13.37508,0.00,0.00
2018.04.12 18:32:37.458,13.37263,13.37509,0.00,0.00
2018.04.12 18:32:38.147,13.37263,13.37531,0.00,0.00
2018.04.12 18:32:39.082,13.37228,13.37498,0.00,0.00
2018.04.12 18:32:39.205,13.37222,13.37482,0.00,0.00
2018.04.12 18:32:40.131,13.37218,13.37479,0.00,0.00
2018.04.12 18:32:40.181,13.37221,13.37482,0.00,0.00
2018.04.12 18:32:40.399,13.37218,13.37482,0.00,0.00
2018.04.12 18:32:40.450,13.37218,13.37478,0.00,0.00
2018.04.12 18:32:41.069,13.37218,13.37479,0.00,0.00
2018.04.12 18:32:41.141,13.37218,13.37482,0.00,0.00
2018.04.12 18:32:41.348,13.37221,13.37482,0.00,0.00
2018.04.12 18:32:41.779,13.37202,13.37471,0.00,0.00
2018.04.12 18:32:41.830,13.37202,13.37468,0.00,0.00
2018.04.12 18:32:42.248,13.37201,13.37471,0.00,0.00
2018.04.12 18:32:42.928,13.37201,13.37472,0.00,0.00
2018.04.12 18:32:43.598,13.37201,13.37472,0.00,0.00
2018.04.12 18:32:44.145,13.37201,13.37472,0.00,0.00
2018.04.12 18:32:44.702,13.37201,13.37472,0.00,0.00
2018.04.12 18:32:45.081,13.37209,13.37479,0.00,0.00
2018.04.12 18:32:45.392,13.37213,13.37478,0.00,0.00
2018.04.12 18:32:45.968,13.37213,13.37479,0.00,0.00
2018.04.12 18:32:46.557,13.37213,13.37478,0.00,0.00
2018.04.12 18:32:47.392,13.37242,13.37479,0.00,0.00
2018.04.12 18:32:47.590,13.37301,13.37539,0.00,0.00
2018.04.12 18:32:51.185,13.37269,13.37561,0.00,0.00
2018.04.12 18:32:52.308,13.37302,13.37538,0.00,0.00
2018.04.12 18:32:52.809,13.37301,13.37539,0.00,0.00
2018.04.12 18:32:53.437,13.37302,13.37538,0.00,0.00
2018.04.12 18:32:55.478,13.37301,13.37539,0.00,0.00
2018.04.12 18:32:57.575,13.37301,13.37482,0.00,0.00
2018.04.12 18:32:57.627,13.37252,13.37482,0.00,0.00
2018.04.12 18:32:57.728,13.37269,13.37508,0.00,0.00
2018.04.12 18:32:58.250,13.37301,13.37539,0.00,0.00
2018.04.12 18:33:00.606,13.37269,13.37509,0.00,0.00
2018.04.12 18:33:01.108,13.37301,13.37539,0.00,0.00
2018.04.12 18:33:01.747,13.37259,13.37488,0.00,0.00
2018.04.12 18:33:01.798,13.37221,13.37491,0.00,0.00
2018.04.12 18:33:01.901,13.37222,13.37481,0.00,0.00
2018.04.12 18:33:02.455,13.37221,13.37481,0.00,0.00
2018.04.12 18:33:02.830,13.37209,13.37479,0.00,0.00
2018.04.12 18:33:05.424,13.37209,13.37481,0.00,0.00
2018.04.12 18:33:05.481,13.37221,13.37481,0.00,0.00
2018.04.12 18:33:06.049,13.37209,13.37481,0.00,0.00
2018.04.12 18:33:06.100,13.37209,13.37479,0.00,0.00
2018.04.12 18:33:06.276,13.37201,13.37479,0.00,0.00
2018.04.12 18:33:06.791,13.37201,13.37478,0.00,0.00
2018.04.12 18:33:07.218,13.37214,13.37481,0.00,0.00
2018.04.12 18:33:07.552,13.37219,13.37481,0.00,0.00
2018.04.12 18:33:08.118,13.37219,13.37481,0.00,0.00
2018.04.12 18:33:08.579,13.37219,13.37481,0.00,0.00
2018.04.12 18:33:08.630,13.37219,13.37479,0.00,0.00
2018.04.12 18:33:10.709,13.37219,13.37478,0.00,0.00
2018.04.12 18:33:11.322,13.37219,13.37479,0.00,0.00
2018.04.12 18:33:11.795,13.37201,13.37479,0.00,0.00
2018.04.12 18:33:12.639,13.37201,13.37469,0.00,0.00
2018.04.12 18:33:13.036,13.37201,13.37449,0.00,0.00
2018.04.12 18:33:13.176,13.37201,13.37451,0.00,0.00
2018.04.12 18:33:13.227,13.37168,13.37378,0.00,0.00
2018.04.12 18:33:13.278,13.37168,13.37379,0.00,0.00
2018.04.12 18:33:13.329,13.37132,13.37378,0.00,0.00
2018.04.12 18:33:13.380,13.37118,13.37379,0.00,0.00
2018.04.12 18:33:13.609,13.37129,13.37379,0.00,0.00
2018.04.12 18:33:13.762,13.37202,13.37472,0.00,0.00
2018.04.12 18:33:13.813,13.37202,13.37478,0.00,0.00
2018.04.12 18:33:14.053,13.37211,13.37479,0.00,0.00
2018.04.12 18:33:14.865,13.37202,13.37478,0.00,0.00
2018.04.12 18:33:15.707,13.37201,13.37479,0.00,0.00
2018.04.12 18:33:16.708,13.37202,13.37478,0.00,0.00
2018.04.12 18:33:18.107,13.37202,13.37468,0.00,0.00
2018.04.12 18:33:19.676,13.37201,13.37472,0.00,0.00
2018.04.12 18:33:25.413,13.37201,13.37479,0.00,0.00
2018.04.12 18:33:25.516,13.37201,13.37471,0.00,0.00
2018.04.12 18:33:26.286,13.37201,13.37479,0.00,0.00
2018.04.12 18:33:28.948,13.37202,13.37478,0.00,0.00
2018.04.12 18:33:35.597,13.37162,13.37431,0.00,0.00
2018.04.12 18:33:35.698,13.37169,13.37452,0.00,0.00
2018.04.12 18:33:36.013,13.37268,13.37482,0.00,0.00
2018.04.12 18:33:36.165,13.37221,13.37468,0.00,0.00
2018.04.12 18:33:36.465,13.37179,13.37469,0.00,0.00
2018.04.12 18:33:36.768,13.37179,13.37472,0.00,0.00
2018.04.12 18:33:36.818,13.37178,13.37462,0.00,0.00
2018.04.12 18:33:36.869,13.37169,13.37461,0.00,0.00
2018.04.12 18:33:37.422,13.37169,13.37452,0.00,0.00
2018.04.12 18:33:37.904,13.37131,13.37382,0.00,0.00
2018.04.12 18:33:38.056,13.37118,13.37379,0.00,0.00
2018.04.12 18:33:38.157,13.37112,13.37378,0.00,0.00
2018.04.12 18:33:38.831,13.37131,13.37382,0.00,0.00
2018.04.12 18:33:39.747,13.37111,13.37379,0.00,0.00
2018.04.12 18:33:40.292,13.37132,13.37382,0.00,0.00
2018.04.12 18:33:41.088,13.37131,13.37382,0.00,0.00
2018.04.12 18:33:41.139,13.37118,13.37382,0.00,0.00
2018.04.12 18:33:41.577,13.37118,13.37378,0.00,0.00
2018.04.12 18:33:41.910,13.37112,13.37378,0.00,0.00
2018.04.12 18:33:42.633,13.37111,13.37379,0.00,0.00
2018.04.12 18:33:43.437,13.37108,13.37379,0.00,0.00
2018.04.12 18:33:44.024,13.37108,13.37378,0.00,0.00
2018.04.12 18:33:44.075,13.37088,13.37379,0.00,0.00
2018.04.12 18:33:44.282,13.37088,13.37372,0.00,0.00
2018.04.12 18:33:44.388,13.37089,13.37378,0.00,0.00
2018.04.12 18:33:44.441,13.37089,13.37369,0.00,0.00
2018.04.12 18:33:44.558,13.37089,13.37371,0.00,0.00
2018.04.12 18:33:45.967,13.37078,13.37288,0.00,0.00
2018.04.12 18:33:46.168,13.37018,13.37279,0.00,0.00
2018.04.12 18:33:46.219,13.37009,13.37279,0.00,0.00
2018.04.12 18:33:47.381,13.36989,13.37279,0.00,0.00
2018.04.12 18:33:47.818,13.37001,13.37279,0.00,0.00
2018.04.12 18:33:48.829,13.37021,13.37279,0.00,0.00
2018.04.12 18:33:50.812,13.37011,13.37279,0.00,0.00
2018.04.12 18:33:50.863,13.36992,13.37278,0.00,0.00
2018.04.12 18:33:51.038,13.37012,13.37278,0.00,0.00
2018.04.12 18:33:51.757,13.36989,13.37279,0.00,0.00
2018.04.12 18:33:52.327,13.37011,13.37279,0.00,0.00
2018.04.12 18:33:52.831,13.37031,13.37279,0.00,0.00
2018.04.12 18:33:53.847,13.37011,13.37279,0.00,0.00
2018.04.12 18:33:54.378,13.36992,13.37278,0.00,0.00
2018.04.12 18:33:54.992,13.36991,13.37279,0.00,0.00
2018.04.12 18:33:55.536,13.36989,13.37279,0.00,0.00
2018.04.12 18:33:55.639,13.37011,13.37279,0.00,0.00
2018.04.12 18:33:56.112,13.36991,13.37279,0.00,0.00
2018.04.12 18:33:56.175,13.36989,13.37278,0.00,0.00
2018.04.12 18:33:56.323,13.36992,13.37278,0.00,0.00
2018.04.12 18:33:56.932,13.37011,13.37279,0.00,0.00
2018.04.12 18:33:57.889,13.37031,13.37279,0.00,0.00
2018.04.12 18:33:58.057,13.37011,13.37279,0.00,0.00
2018.04.12 18:33:58.859,13.37012,13.37278,0.00,0.00
2018.04.12 18:33:59.778,13.36991,13.37279,0.00,0.00
2018.04.12 18:34:00.319,13.36991,13.37271,0.00,0.00
2018.04.12 18:34:00.421,13.36978,13.37272,0.00,0.00
2018.04.12 18:34:00.648,13.36981,13.37272,0.00,0.00
2018.04.12 18:34:01.527,13.36978,13.37272,0.00,0.00
2018.04.12 18:34:02.089,13.36999,13.37279,0.00,0.00
2018.04.12 18:34:02.643,13.37031,13.37279,0.00,0.00
2018.04.12 18:34:03.052,13.37012,13.37278,0.00,0.00
2018.04.12 18:34:03.249,13.37032,13.37278,0.00,0.00
2018.04.12 18:34:05.125,13.37031,13.37279,0.00,0.00
2018.04.12 18:34:05.334,13.37011,13.37279,0.00,0.00
2018.04.12 18:34:07.822,13.37031,13.37279,0.00,0.00
2018.04.12 18:34:08.022,13.37072,13.37338,0.00,0.00
2018.04.12 18:34:08.198,13.37071,13.37361,0.00,0.00
2018.04.12 18:34:08.248,13.37078,13.37361,0.00,0.00
2018.04.12 18:34:08.583,13.37091,13.37361,0.00,0.00
2018.04.12 18:34:08.634,13.37078,13.37361,0.00,0.00
2018.04.12 18:34:09.014,13.37071,13.37309,0.00,0.00
2018.04.12 18:34:09.065,13.37068,13.37309,0.00,0.00
2018.04.12 18:34:09.228,13.37068,13.37339,0.00,0.00
2018.04.12 18:34:09.422,13.37081,13.37352,0.00,0.00
2018.04.12 18:34:09.473,13.37081,13.37369,0.00,0.00
2018.04.12 18:34:09.682,13.37071,13.37339,0.00,0.00
2018.04.12 18:34:09.795,13.37069,13.37338,0.00,0.00
2018.04.12 18:34:10.042,13.37072,13.37372,0.00,0.00
2018.04.12 18:34:10.509,13.37072,13.37338,0.00,0.00
2018.04.12 18:34:10.810,13.37068,13.37332,0.00,0.00
2018.04.12 18:34:11.420,13.37079,13.37361,0.00,0.00
2018.04.12 18:34:12.228,13.37091,13.37361,0.00,0.00
2018.04.12 18:34:12.393,13.37098,13.37379,0.00,0.00
2018.04.12 18:34:12.494,13.37121,13.37379,0.00,0.00
2018.04.12 18:34:12.682,13.37128,13.37389,0.00,0.00
2018.04.12 18:34:12.733,13.37122,13.37388,0.00,0.00
2018.04.12 18:34:12.908,13.37122,13.37381,0.00,0.00
2018.04.12 18:34:13.259,13.37122,13.37378,0.00,0.00
2018.04.12 18:34:15.901,13.37108,13.37379,0.00,0.00
2018.04.12 18:34:16.274,13.37117,13.37378,0.00,0.00
2018.04.12 18:34:16.594,13.37108,13.37378,0.00,0.00
2018.04.12 18:34:16.708,13.37116,13.37379,0.00,0.00
2018.04.12 18:34:18.373,13.37178,13.37439,0.00,0.00
2018.04.12 18:34:18.425,13.37191,13.37472,0.00,0.00
2018.04.12 18:34:18.476,13.37218,13.37472,0.00,0.00
2018.04.12 18:34:18.747,13.37169,13.37439,0.00,0.00
2018.04.12 18:34:19.115,13.37169,13.37432,0.00,0.00
2018.04.12 18:34:19.216,13.37158,13.37431,0.00,0.00
2018.04.12 18:34:19.862,13.37161,13.37431,0.00,0.00
2018.04.12 18:34:20.175,13.37101,13.37331,0.00,0.00
2018.04.12 18:34:21.045,13.37121,13.37331,0.00,0.00
2018.04.12 18:34:21.146,13.37101,13.37331,0.00,0.00
2018.04.12 18:34:21.776,13.37112,13.37331,0.00,0.00
2018.04.12 18:34:21.827,13.37091,13.37331,0.00,0.00
2018.04.12 18:34:21.989,13.37111,13.37331,0.00,0.00
2018.04.12 18:34:22.091,13.37092,13.37331,0.00,0.00
2018.04.12 18:34:22.254,13.37072,13.37322,0.00,0.00
2018.04.12 18:34:22.415,13.37092,13.37322,0.00,0.00
2018.04.12 18:34:22.516,13.37082,13.37322,0.00,0.00
2018.04.12 18:34:23.277,13.37061,13.37322,0.00,0.00
2018.04.12 18:34:23.328,13.37071,13.37322,0.00,0.00
2018.04.12 18:34:23.453,13.37061,13.37322,0.00,0.00
2018.04.12 18:34:23.504,13.37071,13.37322,0.00,0.00
2018.04.12 18:34:26.249,13.37072,13.37322,0.00,0.00
2018.04.12 18:34:26.903,13.37062,13.37231,0.00,0.00
2018.04.12 18:34:27.135,13.36962,13.37232,0.00,0.00
2018.04.12 18:34:27.186,13.36971,13.37232,0.00,0.00
2018.04.12 18:34:28.998,13.36972,13.37232,0.00,0.00
2018.04.12 18:34:29.546,13.36981,13.37232,0.00,0.00
2018.04.12 18:34:30.141,13.37002,13.37232,0.00,0.00
2018.04.12 18:34:30.429,13.36981,13.37232,0.00,0.00
2018.04.12 18:34:30.530,13.36997,13.37232,0.00,0.00
2018.04.12 18:34:30.581,13.36981,13.37232,0.00,0.00
2018.04.12 18:34:30.632,13.36972,13.37232,0.00,0.00
2018.04.12 18:34:31.715,13.36977,13.37232,0.00,0.00
2018.04.12 18:34:32.434,13.36972,13.37232,0.00,0.00
2018.04.12 18:34:32.536,13.36977,13.37232,0.00,0.00
2018.04.12 18:34:33.179,13.36962,13.37232,0.00,0.00
2018.04.12 18:34:33.719,13.36977,13.37232,0.00,0.00
2018.04.12 18:34:34.890,13.36961,13.37232,0.00,0.00
2018.04.12 18:34:35.438,13.36962,13.37232,0.00,0.00
2018.04.12 18:34:35.869,13.36962,13.37179,0.00,0.00
2018.04.12 18:34:35.920,13.36882,13.37138,0.00,0.00
2018.04.12 18:34:35.971,13.36868,13.37121,0.00,0.00
2018.04.12 18:34:36.021,13.36859,13.37121,0.00,0.00
2018.04.12 18:34:36.087,13.36871,13.37121,0.00,0.00
2018.04.12 18:34:36.644,13.36881,13.37121,0.00,0.00
2018.04.12 18:34:37.422,13.36882,13.37121,0.00,0.00
2018.04.12 18:34:37.957,13.36901,13.37121,0.00,0.00
2018.04.12 18:34:38.460,13.36902,13.37121,0.00,0.00
2018.04.12 18:34:38.785,13.36852,13.37051,0.00,0.00
2018.04.12 18:34:38.836,13.36821,13.37031,0.00,0.00
2018.04.12 18:34:38.910,13.36841,13.37031,0.00,0.00
2018.04.12 18:34:39.588,13.36842,13.37031,0.00,0.00
2018.04.12 18:34:39.639,13.36821,13.37031,0.00,0.00
2018.04.12 18:34:40.044,13.36801,13.37031,0.00,0.00
2018.04.12 18:34:40.094,13.36821,13.37031,0.00,0.00
2018.04.12 18:34:40.387,13.36801,13.37031,0.00,0.00
2018.04.12 18:34:40.951,13.36772,13.37031,0.00,0.00
2018.04.12 18:34:41.179,13.36772,13.37009,0.00,0.00
2018.04.12 18:34:41.478,13.36792,13.37031,0.00,0.00
2018.04.12 18:34:41.583,13.36851,13.37031,0.00,0.00
2018.04.12 18:34:41.633,13.36812,13.37031,0.00,0.00
2018.04.12 18:34:41.684,13.36841,13.37022,0.00,0.00
2018.04.12 18:34:42.009,13.36861,13.37022,0.00,0.00
2018.04.12 18:34:42.183,13.36862,13.37081,0.00,0.00
2018.04.12 18:34:42.234,13.36868,13.37081,0.00,0.00
2018.04.12 18:34:42.335,13.36911,13.37132,0.00,0.00
2018.04.12 18:34:42.454,13.36911,13.37152,0.00,0.00
2018.04.12 18:34:42.541,13.36932,13.37152,0.00,0.00
2018.04.12 18:34:42.592,13.36911,13.37161,0.00,0.00
2018.04.12 18:34:42.795,13.36962,13.37161,0.00,0.00
2018.04.12 18:34:42.845,13.36931,13.37171,0.00,0.00
2018.04.12 18:34:43.108,13.36992,13.37222,0.00,0.00
2018.04.12 18:34:43.209,13.36978,13.37238,0.00,0.00
2018.04.12 18:34:43.260,13.37042,13.37262,0.00,0.00
2018.04.12 18:34:43.311,13.37021,13.37272,0.00,0.00
2018.04.12 18:34:43.362,13.36998,13.37272,0.00,0.00
2018.04.12 18:34:43.500,13.37002,13.37272,0.00,0.00
2018.04.12 18:34:43.718,13.36998,13.37272,0.00,0.00
2018.04.12 18:34:43.974,13.37051,13.37289,0.00,0.00
2018.04.12 18:34:44.024,13.37028,13.37279,0.00,0.00
2018.04.12 18:34:44.075,13.37028,13.37289,0.00,0.00
2018.04.12 18:34:44.126,13.37029,13.37272,0.00,0.00
2018.04.12 18:34:45.260,13.37048,13.37309,0.00,0.00
2018.04.12 18:34:45.310,13.37048,13.37298,0.00,0.00
2018.04.12 18:34:45.714,13.37049,13.37271,0.00,0.00
2018.04.12 18:34:45.888,13.37049,13.37308,0.00,0.00
2018.04.12 18:34:46.009,13.37049,13.37271,0.00,0.00
2018.04.12 18:34:46.203,13.37048,13.37309,0.00,0.00
2018.04.12 18:34:46.704,13.37048,13.37308,0.00,0.00
2018.04.12 18:34:47.084,13.37108,13.37372,0.00,0.00
2018.04.12 18:34:47.972,13.37108,13.37339,0.00,0.00
2018.04.12 18:34:48.022,13.37099,13.37339,0.00,0.00
2018.04.12 18:34:48.073,13.37099,13.37372,0.00,0.00
2018.04.12 18:34:48.124,13.37131,13.37372,0.00,0.00
2018.04.12 18:34:48.561,13.37148,13.37372,0.00,0.00
2018.04.12 18:34:49.146,13.37129,13.37372,0.00,0.00
2018.04.12 18:34:49.408,13.37118,13.37372,0.00,0.00
2018.04.12 18:34:49.510,13.37121,13.37372,0.00,0.00
2018.04.12 18:34:49.847,13.37149,13.37372,0.00,0.00
2018.04.12 18:34:51.961,13.37178,13.37422,0.00,0.00
2018.04.12 18:34:52.012,13.37148,13.37389,0.00,0.00
2018.04.12 18:34:52.394,13.37139,13.37372,0.00,0.00
2018.04.12 18:34:53.557,13.37152,13.37372,0.00,0.00
2018.04.12 18:34:54.098,13.37139,13.37372,0.00,0.00
2018.04.12 18:34:57.125,13.37128,13.37372,0.00,0.00
2018.04.12 18:35:01.492,13.37188,13.37459,0.00,0.00
2018.04.12 18:35:01.593,13.37188,13.37469,0.00,0.00
2018.04.12 18:35:01.776,13.37188,13.37438,0.00,0.00
2018.04.12 18:35:02.713,13.37188,13.37458,0.00,0.00
2018.04.12 18:35:02.764,13.37188,13.37469,0.00,0.00
2018.04.12 18:35:03.624,13.37188,13.37471,0.00,0.00
2018.04.12 18:35:04.935,13.37188,13.37469,0.00,0.00
2018.04.12 18:35:05.265,13.37132,13.37371,0.00,0.00
2018.04.12 18:35:05.388,13.37128,13.37371,0.00,0.00
2018.04.12 18:35:05.445,13.37139,13.37372,0.00,0.00
2018.04.12 18:35:09.306,13.37149,13.37372,0.00,0.00
2018.04.12 18:35:09.360,13.37189,13.37421,0.00,0.00
2018.04.12 18:35:09.461,13.37168,13.37422,0.00,0.00
2018.04.12 18:35:09.874,13.37199,13.37469,0.00,0.00
2018.04.12 18:35:09.925,13.37168,13.37462,0.00,0.00
2018.04.12 18:35:10.045,13.37168,13.37422,0.00,0.00
2018.04.12 18:35:10.228,13.37171,13.37471,0.00,0.00
2018.04.12 18:35:10.670,13.37121,13.37379,0.00,0.00
2018.04.12 18:35:10.824,13.37182,13.37471,0.00,0.00
2018.04.12 18:35:11.189,13.37198,13.37471,0.00,0.00
2018.04.12 18:35:12.545,13.37248,13.37489,0.00,0.00
2018.04.12 18:35:12.864,13.37232,13.37471,0.00,0.00
2018.04.12 18:35:13.907,13.37231,13.37471,0.00,0.00
2018.04.12 18:35:17.417,13.37232,13.37471,0.00,0.00
2018.04.12 18:35:17.908,13.37228,13.37471,0.00,0.00
2018.04.12 18:35:28.072,13.37172,13.37388,0.00,0.00
2018.04.12 18:35:28.122,13.37161,13.37379,0.00,0.00
2018.04.12 18:35:28.223,13.37161,13.37371,0.00,0.00
2018.04.12 18:35:28.375,13.37128,13.37371,0.00,0.00
2018.04.12 18:35:28.998,13.37131,13.37371,0.00,0.00
2018.04.12 18:35:29.701,13.37128,13.37371,0.00,0.00
2018.04.12 18:35:32.041,13.37119,13.37371,0.00,0.00
2018.04.12 18:35:32.143,13.37108,13.37371,0.00,0.00
2018.04.12 18:35:32.205,13.37108,13.37369,0.00,0.00
2018.04.12 18:35:33.033,13.37108,13.37371,0.00,0.00
2018.04.12 18:35:33.084,13.37122,13.37371,0.00,0.00
2018.04.12 18:35:33.235,13.37118,13.37371,0.00,0.00
2018.04.12 18:35:33.419,13.37108,13.37371,0.00,0.00
2018.04.12 18:35:33.521,13.37111,13.37371,0.00,0.00
2018.04.12 18:35:33.916,13.37129,13.37371,0.00,0.00
2018.04.12 18:35:35.083,13.37128,13.37371,0.00,0.00
2018.04.12 18:35:35.717,13.37128,13.37362,0.00,0.00
2018.04.12 18:35:36.862,13.37142,13.37362,0.00,0.00
2018.04.12 18:35:37.357,13.37128,13.37362,0.00,0.00
2018.04.12 18:35:38.213,13.37142,13.37362,0.00,0.00
2018.04.12 18:35:38.885,13.37141,13.37362,0.00,0.00
2018.04.12 18:35:39.112,13.37128,13.37362,0.00,0.00
2018.04.12 18:35:43.505,13.37132,13.37362,0.00,0.00
2018.04.12 18:35:43.968,13.37128,13.37362,0.00,0.00
2018.04.12 18:35:46.716,13.37178,13.37439,0.00,0.00
2018.04.12 18:35:46.868,13.37198,13.37439,0.00,0.00
2018.04.12 18:35:47.038,13.37198,13.37462,0.00,0.00
2018.04.12 18:35:47.720,13.37219,13.37462,0.00,0.00
2018.04.12 18:35:48.792,13.37218,13.37462,0.00,0.00
2018.04.12 18:35:49.399,13.37228,13.37462,0.00,0.00
2018.04.12 18:35:50.030,13.37231,13.37462,0.00,0.00
2018.04.12 18:35:50.081,13.37278,13.37511,0.00,0.00
2018.04.12 18:35:50.183,13.37288,13.37539,0.00,0.00
2018.04.12 18:35:50.284,13.37288,13.37561,0.00,0.00
2018.04.12 18:35:50.334,13.37288,13.37538,0.00,0.00
2018.04.12 18:35:51.100,13.37288,13.37561,0.00,0.00
2018.04.12 18:35:51.549,13.37288,13.37539,0.00,0.00
2018.04.12 18:35:52.423,13.37288,13.37538,0.00,0.00
2018.04.12 18:35:53.160,13.37288,13.37539,0.00,0.00
2018.04.12 18:35:53.871,13.37268,13.37509,0.00,0.00
2018.04.12 18:35:53.942,13.37238,13.37489,0.00,0.00
2018.04.12 18:35:54.052,13.37238,13.37479,0.00,0.00
2018.04.12 18:35:54.480,13.37229,13.37462,0.00,0.00
2018.04.12 18:35:55.712,13.37208,13.37462,0.00,0.00
2018.04.12 18:35:57.204,13.37248,13.37489,0.00,0.00
2018.04.12 18:35:57.406,13.37218,13.37462,0.00,0.00
2018.04.12 18:35:59.437,13.37219,13.37489,0.00,0.00
2018.04.12 18:35:59.488,13.37288,13.37508,0.00,0.00
2018.04.12 18:36:00.164,13.37288,13.37509,0.00,0.00
2018.04.12 18:36:00.293,13.37288,13.37538,0.00,0.00
2018.04.12 18:36:01.804,13.37288,13.37539,0.00,0.00
2018.04.12 18:36:02.574,13.37288,13.37538,0.00,0.00
2018.04.12 18:36:02.952,13.37228,13.37509,0.00,0.00
2018.04.12 18:36:03.070,13.37228,13.37461,0.00,0.00
2018.04.12 18:36:04.281,13.37198,13.37461,0.00,0.00
2018.04.12 18:36:05.250,13.37188,13.37461,0.00,0.00
2018.04.12 18:36:06.549,13.37188,13.37461,0.00,0.00
2018.04.12 18:36:07.427,13.37188,13.37458,0.00,0.00
2018.04.12 18:36:07.549,13.37188,13.37461,0.00,0.00
2018.04.12 18:36:11.468,13.37189,13.37448,0.00,0.00
2018.04.12 18:36:12.069,13.37189,13.37449,0.00,0.00
2018.04.12 18:36:12.780,13.37189,13.37411,0.00,0.00
2018.04.12 18:36:12.831,13.37158,13.37409,0.00,0.00
2018.04.12 18:36:12.882,13.37119,13.37379,0.00,0.00
2018.04.12 18:36:12.932,13.37119,13.37361,0.00,0.00
2018.04.12 18:36:13.341,13.37119,13.37361,0.00,0.00
2018.04.12 18:36:13.391,13.37112,13.37361,0.00,0.00
2018.04.12 18:36:13.508,13.37111,13.37372,0.00,0.00
2018.04.12 18:36:13.560,13.37109,13.37372,0.00,0.00
2018.04.12 18:36:13.878,13.37078,13.37309,0.00,0.00
2018.04.12 18:36:14.100,13.37078,13.37358,0.00,0.00
2018.04.12 18:36:14.287,13.37078,13.37359,0.00,0.00
2018.04.12 18:36:14.711,13.37116,13.37372,0.00,0.00
2018.04.12 18:36:18.615,13.37101,13.37372,0.00,0.00
2018.04.12 18:36:18.716,13.37098,13.37372,0.00,0.00
2018.04.12 18:36:18.817,13.37101,13.37372,0.00,0.00
2018.04.12 18:36:19.334,13.37132,13.37372,0.00,0.00
2018.04.12 18:36:20.086,13.37131,13.37372,0.00,0.00
2018.04.12 18:36:20.252,13.37112,13.37372,0.00,0.00
2018.04.12 18:36:21.005,13.37099,13.37372,0.00,0.00
2018.04.12 18:36:21.057,13.37092,13.37372,0.00,0.00
2018.04.12 18:36:21.109,13.37088,13.37368,0.00,0.00
2018.04.12 18:36:21.458,13.37079,13.37359,0.00,0.00
2018.04.12 18:36:21.509,13.37079,13.37371,0.00,0.00
2018.04.12 18:36:21.684,13.37079,13.37339,0.00,0.00
2018.04.12 18:36:21.992,13.37042,13.37271,0.00,0.00
2018.04.12 18:36:22.728,13.37041,13.37271,0.00,0.00
2018.04.12 18:36:24.335,13.37042,13.37271,0.00,0.00
2018.04.12 18:36:25.398,13.37041,13.37271,0.00,0.00
2018.04.12 18:36:28.223,13.37042,13.37271,0.00,0.00
2018.04.12 18:36:28.754,13.37041,13.37271,0.00,0.00
2018.04.12 18:36:29.346,13.37042,13.37271,0.00,0.00
2018.04.12 18:36:29.927,13.37041,13.37271,0.00,0.00
2018.04.12 18:36:30.034,13.37041,13.37279,0.00,0.00
2018.04.12 18:36:33.837,13.37042,13.37278,0.00,0.00
2018.04.12 18:36:35.308,13.37057,13.37278,0.00,0.00
2018.04.12 18:36:36.013,13.37057,13.37279,0.00,0.00
2018.04.12 18:36:37.077,13.37041,13.37279,0.00,0.00
2018.04.12 18:36:37.662,13.37041,13.37278,0.00,0.00
2018.04.12 18:36:37.897,13.37021,13.37269,0.00,0.00
2018.04.12 18:36:37.948,13.37021,13.37279,0.00,0.00
2018.04.12 18:36:37.998,13.37036,13.37279,0.00,0.00
2018.04.12 18:36:38.638,13.37021,13.37279,0.00,0.00
2018.04.12 18:36:39.158,13.37046,13.37279,0.00,0.00
2018.04.12 18:36:39.698,13.37031,13.37279,0.00,0.00
2018.04.12 18:36:42.716,13.37071,13.37331,0.00,0.00
2018.04.12 18:36:42.767,13.37098,13.37331,0.00,0.00
2018.04.12 18:36:42.861,13.37098,13.37339,0.00,0.00
2018.04.12 18:36:42.963,13.37099,13.37379,0.00,0.00
2018.04.12 18:36:43.774,13.37099,13.37378,0.00,0.00
2018.04.12 18:36:43.876,13.37141,13.37379,0.00,0.00
2018.04.12 18:36:44.068,13.37151,13.37432,0.00,0.00
2018.04.12 18:36:44.118,13.37152,13.37378,0.00,0.00
2018.04.12 18:36:44.169,13.37131,13.37379,0.00,0.00
2018.04.12 18:36:44.220,13.37132,13.37381,0.00,0.00
2018.04.12 18:36:44.877,13.37179,13.37431,0.00,0.00
2018.04.12 18:36:44.928,13.37182,13.37431,0.00,0.00
2018.04.12 18:36:44.979,13.37182,13.37458,0.00,0.00
2018.04.12 18:36:45.139,13.37181,13.37471,0.00,0.00
2018.04.12 18:36:45.883,13.37182,13.37471,0.00,0.00
2018.04.12 18:36:45.933,13.37168,13.37431,0.00,0.00
2018.04.12 18:36:46.006,13.37161,13.37431,0.00,0.00
2018.04.12 18:36:46.057,13.37151,13.37431,0.00,0.00
2018.04.12 18:36:46.185,13.37169,13.37439,0.00,0.00
2018.04.12 18:36:46.287,13.37179,13.37461,0.00,0.00
2018.04.12 18:36:47.462,13.37199,13.37478,0.00,0.00
2018.04.12 18:36:47.765,13.37212,13.37478,0.00,0.00
2018.04.12 18:36:48.099,13.37141,13.37381,0.00,0.00
2018.04.12 18:36:48.727,13.37142,13.37378,0.00,0.00
2018.04.12 18:36:48.838,13.37128,13.37378,0.00,0.00
2018.04.12 18:36:49.359,13.37128,13.37379,0.00,0.00
2018.04.12 18:36:49.879,13.37128,13.37378,0.00,0.00
2018.04.12 18:36:50.498,13.37121,13.37379,0.00,0.00
2018.04.12 18:36:51.252,13.37119,13.37378,0.00,0.00
2018.04.12 18:36:51.863,13.37118,13.37378,0.00,0.00
2018.04.12 18:36:52.519,13.37108,13.37378,0.00,0.00
2018.04.12 18:36:52.725,13.37062,13.37279,0.00,0.00
2018.04.12 18:36:52.928,13.37011,13.37279,0.00,0.00
2018.04.12 18:36:59.551,13.37032,13.37278,0.00,0.00
2018.04.12 18:37:00.373,13.37068,13.37289,0.00,0.00
2018.04.12 18:37:00.474,13.37048,13.37282,0.00,0.00
2018.04.12 18:37:00.857,13.37048,13.37278,0.00,0.00
2018.04.12 18:37:01.032,13.37089,13.37329,0.00,0.00
2018.04.12 18:37:01.290,13.37089,13.37338,0.00,0.00
2018.04.12 18:37:02.108,13.37089,13.37339,0.00,0.00
2018.04.12 18:37:02.167,13.37089,13.37362,0.00,0.00
2018.04.12 18:37:02.919,13.37089,13.37378,0.00,0.00
2018.04.12 18:37:03.491,13.37089,13.37338,0.00,0.00
2018.04.12 18:37:03.635,13.37089,13.37379,0.00,0.00
2018.04.12 18:37:03.779,13.37098,13.37378,0.00,0.00
2018.04.12 18:37:05.597,13.37098,13.37338,0.00,0.00
2018.04.12 18:37:05.800,13.37098,13.37378,0.00,0.00
2018.04.12 18:37:06.400,13.37098,13.37379,0.00,0.00
2018.04.12 18:37:07.024,13.37098,13.37339,0.00,0.00
2018.04.12 18:37:08.104,13.37098,13.37379,0.00,0.00
2018.04.12 18:37:08.291,13.37098,13.37339,0.00,0.00
2018.04.12 18:37:09.512,13.37098,13.37338,0.00,0.00
2018.04.12 18:37:09.872,13.37098,13.37379,0.00,0.00
2018.04.12 18:37:09.928,13.37098,13.37339,0.00,0.00
2018.04.12 18:37:10.707,13.37098,13.37338,0.00,0.00
2018.04.12 18:37:11.414,13.37098,13.37379,0.00,0.00
2018.04.12 18:37:13.088,13.37119,13.37378,0.00,0.00
2018.04.12 18:37:13.675,13.37119,13.37379,0.00,0.00
2018.04.12 18:37:13.992,13.37069,13.37309,0.00,0.00
2018.04.12 18:37:14.043,13.37098,13.37358,0.00,0.00
2018.04.12 18:37:14.276,13.37098,13.37371,0.00,0.00
2018.04.12 18:37:14.716,13.37199,13.37389,0.00,0.00
2018.04.12 18:37:14.767,13.37199,13.37428,0.00,0.00
2018.04.12 18:37:14.886,13.37199,13.37439,0.00,0.00
2018.04.12 18:37:15.431,13.37199,13.37438,0.00,0.00
2018.04.12 18:37:16.228,13.37199,13.37439,0.00,0.00
2018.04.12 18:37:16.329,13.37178,13.37382,0.00,0.00
2018.04.12 18:37:16.380,13.37132,13.37378,0.00,0.00
2018.04.12 18:37:16.431,13.37128,13.37379,0.00,0.00
2018.04.12 18:37:16.800,13.37128,13.37338,0.00,0.00
2018.04.12 18:37:16.851,13.37098,13.37339,0.00,0.00
2018.04.12 18:37:17.190,13.37099,13.37348,0.00,0.00
2018.04.12 18:37:17.241,13.37098,13.37379,0.00,0.00
2018.04.12 18:37:17.342,13.37088,13.37281,0.00,0.00
2018.04.12 18:37:17.443,13.37088,13.37339,0.00,0.00
2018.04.12 18:37:17.956,13.37088,13.37331,0.00,0.00
2018.04.12 18:37:18.006,13.37048,13.37328,0.00,0.00
2018.04.12 18:37:18.134,13.37098,13.37339,0.00,0.00
2018.04.12 18:37:18.659,13.37099,13.37368,0.00,0.00
2018.04.12 18:37:18.900,13.37099,13.37339,0.00,0.00
2018.04.12 18:37:21.894,13.37099,13.37338,0.00,0.00
2018.04.12 18:37:22.096,13.37118,13.37369,0.00,0.00
2018.04.12 18:37:22.368,13.37108,13.37369,0.00,0.00
2018.04.12 18:37:22.419,13.37108,13.37338,0.00,0.00
2018.04.12 18:37:22.470,13.37098,13.37338,0.00,0.00
2018.04.12 18:37:22.720,13.37098,13.37369,0.00,0.00
2018.04.12 18:37:23.338,13.37098,13.37338,0.00,0.00
2018.04.12 18:37:23.841,13.37098,13.37339,0.00,0.00
2018.04.12 18:37:24.171,13.37098,13.37368,0.00,0.00
2018.04.12 18:37:24.222,13.37098,13.37339,0.00,0.00
2018.04.12 18:37:24.737,13.37048,13.37279,0.00,0.00
2018.04.12 18:37:24.788,13.37084,13.37328,0.00,0.00
2018.04.12 18:37:24.839,13.37084,13.37338,0.00,0.00
2018.04.12 18:37:25.626,13.37084,13.37339,0.00,0.00
2018.04.12 18:37:26.117,13.37069,13.37309,0.00,0.00
2018.04.12 18:37:26.269,13.37093,13.37339,0.00,0.00
2018.04.12 18:37:26.782,13.37079,13.37361,0.00,0.00
2018.04.12 18:37:26.884,13.37083,13.37361,0.00,0.00
2018.04.12 18:37:27.217,13.37069,13.37309,0.00,0.00
2018.04.12 18:37:27.602,13.37079,13.37309,0.00,0.00
2018.04.12 18:37:27.659,13.37079,13.37359,0.00,0.00
2018.04.12 18:37:28.150,13.37098,13.37359,0.00,0.00
2018.04.12 18:37:28.201,13.37098,13.37368,0.00,0.00
2018.04.12 18:37:28.252,13.37089,13.37338,0.00,0.00
2018.04.12 18:37:28.303,13.37078,13.37339,0.00,0.00
2018.04.12 18:37:29.133,13.37078,13.37362,0.00,0.00
2018.04.12 18:37:29.235,13.37081,13.37339,0.00,0.00
2018.04.12 18:37:29.561,13.37078,13.37362,0.00,0.00
2018.04.12 18:37:29.611,13.37108,13.37362,0.00,0.00
2018.04.12 18:37:29.713,13.37069,13.37332,0.00,0.00
2018.04.12 18:37:29.763,13.37098,13.37332,0.00,0.00
2018.04.12 18:37:29.814,13.37098,13.37342,0.00,0.00
2018.04.12 18:37:29.915,13.37098,13.37369,0.00,0.00
2018.04.12 18:37:30.572,13.37098,13.37368,0.00,0.00
2018.04.12 18:37:30.720,13.37088,13.37308,0.00,0.00
2018.04.12 18:37:30.821,13.37088,13.37339,0.00,0.00
2018.04.12 18:37:31.567,13.37088,13.37338,0.00,0.00
2018.04.12 18:37:32.789,13.37088,13.37339,0.00,0.00
2018.04.12 18:37:33.417,13.37088,13.37362,0.00,0.00
2018.04.12 18:37:33.468,13.37069,13.37308,0.00,0.00
2018.04.12 18:37:34.069,13.37069,13.37309,0.00,0.00
2018.04.12 18:37:34.671,13.37068,13.37308,0.00,0.00
2018.04.12 18:37:35.018,13.37089,13.37338,0.00,0.00
2018.04.12 18:37:35.069,13.37089,13.37308,0.00,0.00
2018.04.12 18:37:35.120,13.37068,13.37309,0.00,0.00
2018.04.12 18:37:35.858,13.37069,13.37309,0.00,0.00
2018.04.12 18:37:38.105,13.37048,13.37282,0.00,0.00
2018.04.12 18:37:38.294,13.37048,13.37309,0.00,0.00
2018.04.12 18:37:38.713,13.37068,13.37309,0.00,0.00
2018.04.12 18:37:39.489,13.37068,13.37308,0.00,0.00
2018.04.12 18:37:40.001,13.37068,13.37331,0.00,0.00
2018.04.12 18:37:40.052,13.37099,13.37338,0.00,0.00
2018.04.12 18:37:41.239,13.37101,13.37359,0.00,0.00
2018.04.12 18:37:41.290,13.37098,13.37369,0.00,0.00
2018.04.12 18:37:41.470,13.37118,13.37368,0.00,0.00
2018.04.12 18:37:42.130,13.37118,13.37369,0.00,0.00
2018.04.12 18:37:43.568,13.37099,13.37369,0.00,0.00
2018.04.12 18:37:43.619,13.37098,13.37338,0.00,0.00
2018.04.12 18:37:43.951,13.37088,13.37338,0.00,0.00
2018.04.12 18:37:44.488,13.37088,13.37359,0.00,0.00
2018.04.12 18:37:44.538,13.37108,13.37359,0.00,0.00
2018.04.12 18:37:44.881,13.37069,13.37282,0.00,0.00
2018.04.12 18:37:44.942,13.37069,13.37308,0.00,0.00
2018.04.12 18:37:45.486,13.37049,13.37282,0.00,0.00
2018.04.12 18:37:46.364,13.37049,13.37269,0.00,0.00
2018.04.12 18:37:47.084,13.37049,13.37268,0.00,0.00
2018.04.12 18:37:47.135,13.37089,13.37331,0.00,0.00
2018.04.12 18:37:47.238,13.37089,13.37339,0.00,0.00
2018.04.12 18:37:48.791,13.37088,13.37369,0.00,0.00
2018.04.12 18:37:48.842,13.37088,13.37362,0.00,0.00
2018.04.12 18:37:49.299,13.37098,13.37358,0.00,0.00
2018.04.12 18:37:49.938,13.37098,13.37359,0.00,0.00
2018.04.12 18:37:50.591,13.37099,13.37359,0.00,0.00
2018.04.12 18:37:50.951,13.37119,13.37358,0.00,0.00
2018.04.12 18:37:51.313,13.37109,13.37359,0.00,0.00
2018.04.12 18:37:51.464,13.37099,13.37308,0.00,0.00
2018.04.12 18:37:51.515,13.37099,13.37339,0.00,0.00
2018.04.12 18:37:51.644,13.37099,13.37359,0.00,0.00
2018.04.12 18:37:51.923,13.37099,13.37339,0.00,0.00
2018.04.12 18:37:54.003,13.37108,13.37359,0.00,0.00
2018.04.12 18:37:54.657,13.37108,13.37358,0.00,0.00
2018.04.12 18:37:55.547,13.37111,13.37359,0.00,0.00
2018.04.12 18:37:56.122,13.37108,13.37359,0.00,0.00
2018.04.12 18:37:56.783,13.37108,13.37339,0.00,0.00
2018.04.12 18:37:56.834,13.37098,13.37339,0.00,0.00
2018.04.12 18:37:56.885,13.37098,13.37309,0.00,0.00
2018.04.12 18:37:56.936,13.37098,13.37339,0.00,0.00
2018.04.12 18:37:57.139,13.37098,13.37369,0.00,0.00
2018.04.12 18:37:57.191,13.37098,13.37339,0.00,0.00
2018.04.12 18:37:57.419,13.37098,13.37369,0.00,0.00
2018.04.12 18:37:58.075,13.37099,13.37369,0.00,0.00
2018.04.12 18:37:58.929,13.37099,13.37339,0.00,0.00
2018.04.12 18:37:58.980,13.37099,13.37369,0.00,0.00
2018.04.12 18:37:59.590,13.37099,13.37339,0.00,0.00
2018.04.12 18:38:00.421,13.37119,13.37368,0.00,0.00
2018.04.12 18:38:00.523,13.37108,13.37368,0.00,0.00
2018.04.12 18:38:00.781,13.37112,13.37368,0.00,0.00
2018.04.12 18:38:01.070,13.37109,13.37368,0.00,0.00
2018.04.12 18:38:01.588,13.37108,13.37369,0.00,0.00
2018.04.12 18:38:02.361,13.37108,13.37368,0.00,0.00
2018.04.12 18:38:03.523,13.37108,13.37369,0.00,0.00
2018.04.12 18:38:04.972,13.37109,13.37368,0.00,0.00
2018.04.12 18:38:05.496,13.37109,13.37369,0.00,0.00
2018.04.12 18:38:06.325,13.37108,13.37368,0.00,0.00
2018.04.12 18:38:06.376,13.37098,13.37338,0.00,0.00
2018.04.12 18:38:06.763,13.37098,13.37352,0.00,0.00
2018.04.12 18:38:07.366,13.37098,13.37369,0.00,0.00
2018.04.12 18:38:07.688,13.37119,13.37369,0.00,0.00
2018.04.12 18:38:08.340,13.37119,13.37368,0.00,0.00
2018.04.12 18:38:09.001,13.37119,13.37369,0.00,0.00
2018.04.12 18:38:09.745,13.37119,13.37368,0.00,0.00
2018.04.12 18:38:10.447,13.37119,13.37369,0.00,0.00
2018.04.12 18:38:10.867,13.37109,13.37339,0.00,0.00
2018.04.12 18:38:11.394,13.37109,13.37338,0.00,0.00
2018.04.12 18:38:12.022,13.37109,13.37339,0.00,0.00
2018.04.12 18:38:13.730,13.37109,13.37338,0.00,0.00
2018.04.12 18:38:14.058,13.37049,13.37279,0.00,0.00
2018.04.12 18:38:14.590,13.37049,13.37278,0.00,0.00
2018.04.12 18:38:15.768,13.37049,13.37279,0.00,0.00
2018.04.12 18:38:16.283,13.37039,13.37279,0.00,0.00
2018.04.12 18:38:17.262,13.37039,13.37278,0.00,0.00
2018.04.12 18:38:20.740,13.37039,13.37279,0.00,0.00
2018.04.12 18:38:24.316,13.37039,13.37278,0.00,0.00
2018.04.12 18:38:27.941,13.37039,13.37279,0.00,0.00
2018.04.12 18:38:29.379,13.37039,13.37278,0.00,0.00
2018.04.12 18:38:29.951,13.37038,13.37278,0.00,0.00
2018.04.12 18:38:33.809,13.37038,13.37279,0.00,0.00
2018.04.12 18:38:34.493,13.37039,13.37279,0.00,0.00
2018.04.12 18:38:35.617,13.37039,13.37278,0.00,0.00
2018.04.12 18:38:36.342,13.37039,13.37279,0.00,0.00
2018.04.12 18:38:36.668,13.37039,13.37282,0.00,0.00
2018.04.12 18:38:36.824,13.37039,13.37278,0.00,0.00
2018.04.12 18:38:37.241,13.37021,13.37279,0.00,0.00
2018.04.12 18:38:39.071,13.37018,13.37278,0.00,0.00
2018.04.12 18:38:39.865,13.36972,13.37178,0.00,0.00
2018.04.12 18:38:39.995,13.36962,13.37179,0.00,0.00
2018.04.12 18:38:40.097,13.36919,13.37179,0.00,0.00
2018.04.12 18:38:40.670,13.36919,13.37178,0.00,0.00
2018.04.12 18:38:42.817,13.36919,13.37179,0.00,0.00
2018.04.12 18:38:44.355,13.36919,13.37178,0.00,0.00
2018.04.12 18:38:46.393,13.36919,13.37179,0.00,0.00
2018.04.12 18:38:48.670,13.36919,13.37178,0.00,0.00
2018.04.12 18:38:49.252,13.36918,13.37179,0.00,0.00
2018.04.12 18:38:49.915,13.36918,13.37178,0.00,0.00
2018.04.12 18:38:50.544,13.36918,13.37179,0.00,0.00
2018.04.12 18:38:50.595,13.36918,13.37139,0.00,0.00
2018.04.12 18:38:51.471,13.36918,13.37138,0.00,0.00
2018.04.12 18:38:51.521,13.36908,13.37139,0.00,0.00
2018.04.12 18:38:52.222,13.36908,13.37138,0.00,0.00
2018.04.12 18:38:55.548,13.36908,13.37158,0.00,0.00
2018.04.12 18:38:55.599,13.36909,13.37178,0.00,0.00
2018.04.12 18:38:56.863,13.36909,13.37179,0.00,0.00
2018.04.12 18:38:57.538,13.36848,13.37079,0.00,0.00
2018.04.12 18:38:58.255,13.36809,13.37069,0.00,0.00
2018.04.12 18:38:58.359,13.36809,13.37079,0.00,0.00
2018.04.12 18:38:58.410,13.36809,13.37038,0.00,0.00
2018.04.12 18:38:58.664,13.36798,13.37039,0.00,0.00
2018.04.12 18:38:58.792,13.36798,13.37079,0.00,0.00
2018.04.12 18:38:59.103,13.36809,13.37079,0.00,0.00
2018.04.12 18:38:59.554,13.36809,13.37072,0.00,0.00
2018.04.12 18:38:59.898,13.36798,13.37079,0.00,0.00
2018.04.12 18:39:00.220,13.36819,13.37078,0.00,0.00
2018.04.12 18:39:00.777,13.36819,13.37079,0.00,0.00
2018.04.12 18:39:01.996,13.36819,13.37078,0.00,0.00
2018.04.12 18:39:02.575,13.36821,13.37078,0.00,0.00
2018.04.12 18:39:02.901,13.36898,13.37138,0.00,0.00
2018.04.12 18:39:03.470,13.36898,13.37139,0.00,0.00
2018.04.12 18:39:04.098,13.37009,13.37232,0.00,0.00
2018.04.12 18:39:04.204,13.37028,13.37259,0.00,0.00
2018.04.12 18:39:04.333,13.37028,13.37278,0.00,0.00
2018.04.12 18:39:06.120,13.36952,13.37178,0.00,0.00
2018.04.12 18:39:06.171,13.36949,13.37178,0.00,0.00
2018.04.12 18:39:06.468,13.36949,13.37139,0.00,0.00
2018.04.12 18:39:06.520,13.36921,13.37139,0.00,0.00
2018.04.12 18:39:07.084,13.36921,13.37179,0.00,0.00
2018.04.12 18:39:07.193,13.36939,13.37178,0.00,0.00
2018.04.12 18:39:07.244,13.36922,13.37178,0.00,0.00
2018.04.12 18:39:07.446,13.36939,13.37179,0.00,0.00
2018.04.12 18:39:07.562,13.36929,13.37178,0.00,0.00
2018.04.12 18:39:08.340,13.36929,13.37179,0.00,0.00
2018.04.12 18:39:10.657,13.36929,13.37139,0.00,0.00
2018.04.12 18:39:13.793,13.36929,13.37138,0.00,0.00
2018.04.12 18:39:13.873,13.36922,13.37138,0.00,0.00
2018.04.12 18:39:14.613,13.36921,13.37139,0.00,0.00
2018.04.12 18:39:16.219,13.36921,13.37179,0.00,0.00
2018.04.12 18:39:19.665,13.36922,13.37178,0.00,0.00
2018.04.12 18:39:21.569,13.36921,13.37179,0.00,0.00
2018.04.12 18:39:24.074,13.36921,13.37172,0.00,0.00
2018.04.12 18:39:24.412,13.36899,13.37139,0.00,0.00
2018.04.12 18:39:28.982,13.36899,13.37138,0.00,0.00
2018.04.12 18:39:30.948,13.36899,13.37172,0.00,0.00
2018.04.12 18:39:31.253,13.36918,13.37172,0.00,0.00
2018.04.12 18:39:31.670,13.36938,13.37178,0.00,0.00
2018.04.12 18:39:32.178,13.36938,13.37179,0.00,0.00
2018.04.12 18:39:32.229,13.36918,13.37178,0.00,0.00
2018.04.12 18:39:32.330,13.36931,13.37179,0.00,0.00
2018.04.12 18:39:32.504,13.36918,13.37179,0.00,0.00
2018.04.12 18:39:32.656,13.36919,13.37139,0.00,0.00
2018.04.12 18:39:32.707,13.36919,13.37162,0.00,0.00
2018.04.12 18:39:34.108,13.36918,13.37162,0.00,0.00
2018.04.12 18:39:34.159,13.36918,13.37139,0.00,0.00
2018.04.12 18:39:34.671,13.36918,13.37138,0.00,0.00
2018.04.12 18:39:35.301,13.36918,13.37139,0.00,0.00
2018.04.12 18:39:38.323,13.36918,13.37138,0.00,0.00
2018.04.12 18:39:40.330,13.36918,13.37178,0.00,0.00
2018.04.12 18:39:40.523,13.36932,13.37178,0.00,0.00
2018.04.12 18:39:41.177,13.36918,13.37179,0.00,0.00
2018.04.12 18:39:41.387,13.36918,13.37162,0.00,0.00
2018.04.12 18:39:41.696,13.36909,13.37139,0.00,0.00
2018.04.12 18:39:42.659,13.36909,13.37162,0.00,0.00
2018.04.12 18:39:42.760,13.36908,13.37179,0.00,0.00
2018.04.12 18:39:43.173,13.36908,13.37162,0.00,0.00
2018.04.12 18:39:43.410,13.36918,13.37179,0.00,0.00
2018.04.12 18:39:43.507,13.36909,13.37179,0.00,0.00
2018.04.12 18:39:43.558,13.36909,13.37161,0.00,0.00
2018.04.12 18:39:43.845,13.36909,13.37178,0.00,0.00
2018.04.12 18:39:45.828,13.36909,13.37179,0.00,0.00
2018.04.12 18:39:45.879,13.36928,13.37179,0.00,0.00
2018.04.12 18:39:46.280,13.36919,13.37178,0.00,0.00
2018.04.12 18:39:46.732,13.36929,13.37179,0.00,0.00
2018.04.12 18:39:49.021,13.36929,13.37178,0.00,0.00
2018.04.12 18:39:49.072,13.36919,13.37178,0.00,0.00
2018.04.12 18:39:49.480,13.36918,13.37171,0.00,0.00
2018.04.12 18:39:50.567,13.36922,13.37171,0.00,0.00
2018.04.12 18:39:51.499,13.36918,13.37171,0.00,0.00
2018.04.12 18:39:53.799,13.36938,13.37171,0.00,0.00
2018.04.12 18:39:54.660,13.36928,13.37171,0.00,0.00
2018.04.12 18:39:57.857,13.36958,13.37198,0.00,0.00
2018.04.12 18:39:58.252,13.36999,13.37269,0.00,0.00
2018.04.12 18:39:58.303,13.36999,13.37272,0.00,0.00
2018.04.12 18:39:58.493,13.36938,13.37178,0.00,0.00
2018.04.12 18:39:58.544,13.36929,13.37179,0.00,0.00
2018.04.12 18:39:58.595,13.36929,13.37171,0.00,0.00
2018.04.12 18:39:58.847,13.36909,13.37171,0.00,0.00
2018.04.12 18:40:00.149,13.36929,13.37171,0.00,0.00
2018.04.12 18:40:00.388,13.36919,13.37171,0.00,0.00
2018.04.12 18:40:00.438,13.36919,13.37159,0.00,0.00
2018.04.12 18:40:00.489,13.36919,13.37171,0.00,0.00
2018.04.12 18:40:09.937,13.36919,13.37179,0.00,0.00
2018.04.12 18:40:11.960,13.36919,13.37178,0.00,0.00
2018.04.12 18:40:12.697,13.36919,13.37179,0.00,0.00
2018.04.12 18:40:13.504,13.36941,13.37179,0.00,0.00
2018.04.12 18:40:13.882,13.36929,13.37178,0.00,0.00
2018.04.12 18:40:15.757,13.36941,13.37179,0.00,0.00
2018.04.12 18:40:15.917,13.36928,13.37178,0.00,0.00
2018.04.12 18:40:17.374,13.36919,13.37179,0.00,0.00
2018.04.12 18:40:18.336,13.36919,13.37178,0.00,0.00
2018.04.12 18:40:19.681,13.36938,13.37178,0.00,0.00
2018.04.12 18:40:20.491,13.36938,13.37179,0.00,0.00
2018.04.12 18:40:21.004,13.36938,13.37178,0.00,0.00
2018.04.12 18:40:21.841,13.36938,13.37179,0.00,0.00
2018.04.12 18:40:23.868,13.36938,13.37178,0.00,0.00
2018.04.12 18:40:24.185,13.36989,13.37238,0.00,0.00
2018.04.12 18:40:24.236,13.37001,13.37238,0.00,0.00
2018.04.12 18:40:24.478,13.37018,13.37279,0.00,0.00
2018.04.12 18:40:25.721,13.37098,13.37279,0.00,0.00
2018.04.12 18:40:25.771,13.37098,13.37338,0.00,0.00
2018.04.12 18:40:26.699,13.37098,13.37369,0.00,0.00
2018.04.12 18:40:27.087,13.37098,13.37378,0.00,0.00
2018.04.12 18:40:27.766,13.37098,13.37379,0.00,0.00
2018.04.12 18:40:30.122,13.37028,13.37279,0.00,0.00
2018.04.12 18:40:31.014,13.37028,13.37258,0.00,0.00
2018.04.12 18:40:31.208,13.37028,13.37279,0.00,0.00
2018.04.12 18:40:36.028,13.37028,13.37278,0.00,0.00
2018.04.12 18:40:36.638,13.37028,13.37279,0.00,0.00
2018.04.12 18:40:37.960,13.37028,13.37278,0.00,0.00
2018.04.12 18:40:38.573,13.37028,13.37279,0.00,0.00
2018.04.12 18:40:41.010,13.37028,13.37278,0.00,0.00
2018.04.12 18:40:41.673,13.37028,13.37279,0.00,0.00
2018.04.12 18:40:42.224,13.37029,13.37279,0.00,0.00
2018.04.12 18:40:42.438,13.37018,13.37279,0.00,0.00
2018.04.12 18:40:43.518,13.37018,13.37278,0.00,0.00
2018.04.12 18:40:44.707,13.37018,13.37279,0.00,0.00
2018.04.12 18:40:44.858,13.37038,13.37279,0.00,0.00
2018.04.12 18:40:45.391,13.37038,13.37278,0.00,0.00
2018.04.12 18:40:46.319,13.37038,13.37279,0.00,0.00
2018.04.12 18:40:48.922,13.37028,13.37269,0.00,0.00
2018.04.12 18:40:48.973,13.37028,13.37279,0.00,0.00
2018.04.12 18:40:49.024,13.37009,13.37278,0.00,0.00
2018.04.12 18:40:49.638,13.37008,13.37278,0.00,0.00
2018.04.12 18:40:49.823,13.37028,13.37279,0.00,0.00
2018.04.12 18:40:50.138,13.37088,13.37338,0.00,0.00
2018.04.12 18:40:50.189,13.37088,13.37341,0.00,0.00
2018.04.12 18:40:50.240,13.37079,13.37308,0.00,0.00
2018.04.12 18:40:50.291,13.37088,13.37372,0.00,0.00
2018.04.12 18:40:50.431,13.37088,13.37358,0.00,0.00
2018.04.12 18:40:50.768,13.37088,13.37372,0.00,0.00
2018.04.12 18:40:50.879,13.37088,13.37338,0.00,0.00
2018.04.12 18:40:51.198,13.37088,13.37319,0.00,0.00
2018.04.12 18:40:51.249,13.37088,13.37349,0.00,0.00
2018.04.12 18:40:51.445,13.37088,13.37379,0.00,0.00
2018.04.12 18:40:51.968,13.37099,13.37379,0.00,0.00
2018.04.12 18:40:54.306,13.37108,13.37379,0.00,0.00
2018.04.12 18:40:54.927,13.37109,13.37379,0.00,0.00
2018.04.12 18:40:55.698,13.37109,13.37378,0.00,0.00
2018.04.12 18:40:59.070,13.37109,13.37348,0.00,0.00
2018.04.12 18:40:59.120,13.37109,13.37379,0.00,0.00
2018.04.12 18:40:59.226,13.37109,13.37359,0.00,0.00
2018.04.12 18:40:59.912,13.37109,13.37339,0.00,0.00
2018.04.12 18:41:00.361,13.37109,13.37378,0.00,0.00
2018.04.12 18:41:01.033,13.37109,13.37379,0.00,0.00
2018.04.12 18:41:02.188,13.37109,13.37339,0.00,0.00
2018.04.12 18:41:02.238,13.37109,13.37379,0.00,0.00
2018.04.12 18:41:03.828,13.37109,13.37359,0.00,0.00
2018.04.12 18:41:04.139,13.37109,13.37339,0.00,0.00
2018.04.12 18:41:04.739,13.37109,13.37338,0.00,0.00
2018.04.12 18:41:05.573,13.37109,13.37339,0.00,0.00
2018.04.12 18:41:06.257,13.37109,13.37338,0.00,0.00
2018.04.12 18:41:07.557,13.37109,13.37339,0.00,0.00
2018.04.12 18:41:08.298,13.37109,13.37359,0.00,0.00
2018.04.12 18:41:08.423,13.37109,13.37379,0.00,0.00
2018.04.12 18:41:08.979,13.37109,13.37378,0.00,0.00
2018.04.12 18:41:11.008,13.37109,13.37379,0.00,0.00
2018.04.12 18:41:16.531,13.37109,13.37378,0.00,0.00
2018.04.12 18:41:16.581,13.37129,13.37378,0.00,0.00
2018.04.12 18:41:18.459,13.37129,13.37379,0.00,0.00
2018.04.12 18:41:20.409,13.37129,13.37359,0.00,0.00
2018.04.12 18:41:20.460,13.37118,13.37358,0.00,0.00
2018.04.12 18:41:20.659,13.37118,13.37379,0.00,0.00
2018.04.12 18:41:21.366,13.37118,13.37378,0.00,0.00
2018.04.12 18:41:22.039,13.37118,13.37379,0.00,0.00
2018.04.12 18:41:22.585,13.37118,13.37378,0.00,0.00
2018.04.12 18:41:23.245,13.37118,13.37379,0.00,0.00
2018.04.12 18:41:35.148,13.37122,13.37379,0.00,0.00
2018.04.12 18:41:35.569,13.37149,13.37389,0.00,0.00
2018.04.12 18:41:35.621,13.37188,13.37439,0.00,0.00
2018.04.12 18:41:35.722,13.37188,13.37459,0.00,0.00
2018.04.12 18:41:35.842,13.37189,13.37478,0.00,0.00
2018.04.12 18:41:35.999,13.37208,13.37478,0.00,0.00
2018.04.12 18:41:37.784,13.37128,13.37379,0.00,0.00
2018.04.12 18:41:38.039,13.37128,13.37388,0.00,0.00
2018.04.12 18:41:38.090,13.37129,13.37379,0.00,0.00
2018.04.12 18:41:38.419,13.37129,13.37391,0.00,0.00
2018.04.12 18:41:38.470,13.37148,13.37379,0.00,0.00
2018.04.12 18:41:38.571,13.37148,13.37389,0.00,0.00
2018.04.12 18:41:38.622,13.37138,13.37379,0.00,0.00
2018.04.12 18:41:39.240,13.37139,13.37378,0.00,0.00
2018.04.12 18:41:40.141,13.37148,13.37378,0.00,0.00
2018.04.12 18:41:40.192,13.37189,13.37439,0.00,0.00
2018.04.12 18:41:40.558,13.37208,13.37438,0.00,0.00
2018.04.12 18:41:40.609,13.37208,13.37478,0.00,0.00
2018.04.12 18:41:41.623,13.37208,13.37479,0.00,0.00
2018.04.12 18:41:42.638,13.37208,13.37479,0.00,0.00
2018.04.12 18:41:43.157,13.37208,13.37479,0.00,0.00
2018.04.12 18:41:44.528,13.37208,13.37479,0.00,0.00
2018.04.12 18:41:45.254,13.37208,13.37479,0.00,0.00
2018.04.12 18:41:48.130,13.37208,13.37478,0.00,0.00
2018.04.12 18:41:49.506,13.37208,13.37479,0.00,0.00
2018.04.12 18:41:50.169,13.37208,13.37478,0.00,0.00
2018.04.12 18:41:50.874,13.37208,13.37479,0.00,0.00
2018.04.12 18:41:51.481,13.37208,13.37478,0.00,0.00
2018.04.12 18:41:53.777,13.37222,13.37478,0.00,0.00
2018.04.12 18:41:54.044,13.37208,13.37478,0.00,0.00
2018.04.12 18:41:54.604,13.37208,13.37479,0.00,0.00
2018.04.12 18:41:55.609,13.37208,13.37478,0.00,0.00
2018.04.12 18:41:56.219,13.37208,13.37479,0.00,0.00
2018.04.12 18:41:56.630,13.37338,13.37539,0.00,0.00
2018.04.12 18:41:56.764,13.37319,13.37539,0.00,0.00
2018.04.12 18:41:56.916,13.37319,13.37579,0.00,0.00
2018.04.12 18:41:57.314,13.37319,13.37558,0.00,0.00
2018.04.12 18:41:57.802,13.37319,13.37549,0.00,0.00
2018.04.12 18:41:57.852,13.37319,13.37569,0.00,0.00
2018.04.12 18:41:58.084,13.37319,13.37579,0.00,0.00
2018.04.12 18:41:58.453,13.37312,13.37578,0.00,0.00
2018.04.12 18:41:59.126,13.37311,13.37579,0.00,0.00
2018.04.12 18:41:59.420,13.37308,13.37579,0.00,0.00
2018.04.12 18:42:00.878,13.37351,13.37589,0.00,0.00
2018.04.12 18:42:00.929,13.37329,13.37589,0.00,0.00
2018.04.12 18:42:01.385,13.37328,13.37579,0.00,0.00
2018.04.12 18:42:01.783,13.37318,13.37579,0.00,0.00
2018.04.12 18:42:01.834,13.37309,13.37579,0.00,0.00
2018.04.12 18:42:02.491,13.37309,13.37578,0.00,0.00
2018.04.12 18:42:04.382,13.37309,13.37579,0.00,0.00
2018.04.12 18:42:08.357,13.37309,13.37578,0.00,0.00
2018.04.12 18:42:11.460,13.37309,13.37579,0.00,0.00
2018.04.12 18:42:11.595,13.37308,13.37569,0.00,0.00
2018.04.12 18:42:11.694,13.37308,13.37579,0.00,0.00
2018.04.12 18:42:16.707,13.37308,13.37578,0.00,0.00
2018.04.12 18:42:18.834,13.37308,13.37568,0.00,0.00
2018.04.12 18:42:19.201,13.37308,13.37578,0.00,0.00
2018.04.12 18:42:20.101,13.37308,13.37579,0.00,0.00
2018.04.12 18:42:20.796,13.37308,13.37578,0.00,0.00
2018.04.12 18:42:21.607,13.37308,13.37579,0.00,0.00
2018.04.12 18:42:22.114,13.37308,13.37578,0.00,0.00
2018.04.12 18:42:25.877,13.37308,13.37579,0.00,0.00
2018.04.12 18:42:26.587,13.37308,13.37578,0.00,0.00
2018.04.12 18:42:27.128,13.37308,13.37579,0.00,0.00
2018.04.12 18:42:27.726,13.37308,13.37578,0.00,0.00
2018.04.12 18:42:30.159,13.37308,13.37579,0.00,0.00
2018.04.12 18:42:30.494,13.37308,13.37569,0.00,0.00
2018.04.12 18:42:30.630,13.37308,13.37579,0.00,0.00
2018.04.12 18:42:31.794,13.37308,13.37578,0.00,0.00
2018.04.12 18:42:33.450,13.37308,13.37569,0.00,0.00
2018.04.12 18:42:34.825,13.37228,13.37411,0.00,0.00
2018.04.12 18:42:34.978,13.37118,13.37378,0.00,0.00
2018.04.12 18:42:35.360,13.37109,13.37378,0.00,0.00
2018.04.12 18:42:35.959,13.37121,13.37379,0.00,0.00
2018.04.12 18:42:36.553,13.37109,13.37379,0.00,0.00
2018.04.12 18:42:36.604,13.37111,13.37379,0.00,0.00
2018.04.12 18:42:36.803,13.37098,13.37368,0.00,0.00
2018.04.12 18:42:36.854,13.37089,13.37369,0.00,0.00
2018.04.12 18:42:37.358,13.37089,13.37371,0.00,0.00
2018.04.12 18:42:37.797,13.37109,13.37379,0.00,0.00
2018.04.12 18:42:38.377,13.37109,13.37378,0.00,0.00
2018.04.12 18:42:38.944,13.37109,13.37379,0.00,0.00
2018.04.12 18:42:39.459,13.37109,13.37378,0.00,0.00
2018.04.12 18:42:40.053,13.37109,13.37379,0.00,0.00
2018.04.12 18:42:40.738,13.37109,13.37378,0.00,0.00
2018.04.12 18:42:44.909,13.37109,13.37379,0.00,0.00
2018.04.12 18:42:45.558,13.37109,13.37378,0.00,0.00
2018.04.12 18:42:45.737,13.37099,13.37378,0.00,0.00
2018.04.12 18:42:47.094,13.37099,13.37379,0.00,0.00
2018.04.12 18:42:47.749,13.37101,13.37379,0.00,0.00
2018.04.12 18:42:48.068,13.37201,13.37469,0.00,0.00
2018.04.12 18:42:48.119,13.37202,13.37471,0.00,0.00
2018.04.12 18:42:48.283,13.37191,13.37471,0.00,0.00
2018.04.12 18:42:50.373,13.37189,13.37471,0.00,0.00
2018.04.12 18:42:50.687,13.37209,13.37471,0.00,0.00
2018.04.12 18:42:54.240,13.37209,13.37469,0.00,0.00
2018.04.12 18:42:54.342,13.37099,13.37379,0.00,0.00
2018.04.12 18:42:54.998,13.37099,13.37378,0.00,0.00
2018.04.12 18:42:55.140,13.37099,13.37338,0.00,0.00
2018.04.12 18:42:55.263,13.37099,13.37379,0.00,0.00
2018.04.12 18:42:55.988,13.37099,13.37378,0.00,0.00
2018.04.12 18:42:58.241,13.37099,13.37379,0.00,0.00
2018.04.12 18:43:02.188,13.37112,13.37378,0.00,0.00
2018.04.12 18:43:05.056,13.37099,13.37379,0.00,0.00
2018.04.12 18:43:05.925,13.37099,13.37331,0.00,0.00
2018.04.12 18:43:06.028,13.37062,13.37299,0.00,0.00
2018.04.12 18:43:06.079,13.37078,13.37341,0.00,0.00
2018.04.12 18:43:06.130,13.37098,13.37342,0.00,0.00
2018.04.12 18:43:06.181,13.37098,13.37361,0.00,0.00
2018.04.12 18:43:06.238,13.37098,13.37339,0.00,0.00
2018.04.12 18:43:06.943,13.37098,13.37361,0.00,0.00
2018.04.12 18:43:07.044,13.37099,13.37378,0.00,0.00
2018.04.12 18:43:07.095,13.37101,13.37379,0.00,0.00
2018.04.12 18:43:07.420,13.37121,13.37379,0.00,0.00
2018.04.12 18:43:08.302,13.37099,13.37369,0.00,0.00
2018.04.12 18:43:08.403,13.37099,13.37379,0.00,0.00
2018.04.12 18:43:08.752,13.37131,13.37379,0.00,0.00
2018.04.12 18:43:09.066,13.37118,13.37378,0.00,0.00
2018.04.12 18:43:09.484,13.37132,13.37378,0.00,0.00
2018.04.12 18:43:09.651,13.37118,13.37379,0.00,0.00
2018.04.12 18:43:09.702,13.37102,13.37378,0.00,0.00
2018.04.12 18:43:09.851,13.37098,13.37378,0.00,0.00
2018.04.12 18:43:10.381,13.37098,13.37379,0.00,0.00
2018.04.12 18:43:11.435,13.37098,13.37378,0.00,0.00
2018.04.12 18:43:11.638,13.37098,13.37372,0.00,0.00
2018.04.12 18:43:12.580,13.37098,13.37379,0.00,0.00
2018.04.12 18:43:12.681,13.37108,13.37379,0.00,0.00
2018.04.12 18:43:14.445,13.37108,13.37378,0.00,0.00
2018.04.12 18:43:14.546,13.37098,13.37372,0.00,0.00
2018.04.12 18:43:16.158,13.37098,13.37379,0.00,0.00
2018.04.12 18:43:16.209,13.37111,13.37379,0.00,0.00
2018.04.12 18:43:16.600,13.37108,13.37379,0.00,0.00
2018.04.12 18:43:18.466,13.37098,13.37378,0.00,0.00
2018.04.12 18:43:18.516,13.37098,13.37338,0.00,0.00
2018.04.12 18:43:18.989,13.37098,13.37378,0.00,0.00
2018.04.12 18:43:19.160,13.37111,13.37379,0.00,0.00
2018.04.12 18:43:20.052,13.37112,13.37338,0.00,0.00
2018.04.12 18:43:20.204,13.37098,13.37358,0.00,0.00
2018.04.12 18:43:20.519,13.37098,13.37372,0.00,0.00
2018.04.12 18:43:22.223,13.37111,13.37372,0.00,0.00
2018.04.12 18:43:22.438,13.37098,13.37372,0.00,0.00
2018.04.12 18:43:22.748,13.37098,13.37378,0.00,0.00
2018.04.12 18:43:22.799,13.37102,13.37378,0.00,0.00
2018.04.12 18:43:23.280,13.37098,13.37379,0.00,0.00
2018.04.12 18:43:23.331,13.37098,13.37338,0.00,0.00
2018.04.12 18:43:23.381,13.37098,13.37379,0.00,0.00
2018.04.12 18:43:24.439,13.37098,13.37378,0.00,0.00
2018.04.12 18:43:24.490,13.37108,13.37379,0.00,0.00
2018.04.12 18:43:25.301,13.37099,13.37379,0.00,0.00
2018.04.12 18:43:26.221,13.37099,13.37378,0.00,0.00
2018.04.12 18:43:27.027,13.37099,13.37379,0.00,0.00
2018.04.12 18:43:27.529,13.37101,13.37379,0.00,0.00
2018.04.12 18:43:27.863,13.37099,13.37378,0.00,0.00
2018.04.12 18:43:28.072,13.37098,13.37371,0.00,0.00
2018.04.12 18:43:28.123,13.37098,13.37379,0.00,0.00
2018.04.12 18:43:28.174,13.37109,13.37379,0.00,0.00
2018.04.12 18:43:30.195,13.37109,13.37359,0.00,0.00
2018.04.12 18:43:30.297,13.37109,13.37378,0.00,0.00
2018.04.12 18:43:30.839,13.37109,13.37379,0.00,0.00
2018.04.12 18:43:31.369,13.37109,13.37378,0.00,0.00
2018.04.12 18:43:31.919,13.37109,13.37358,0.00,0.00
2018.04.12 18:43:32.181,13.37109,13.37378,0.00,0.00
2018.04.12 18:43:35.099,13.37109,13.37359,0.00,0.00
2018.04.12 18:43:35.149,13.37109,13.37378,0.00,0.00
2018.04.12 18:43:36.397,13.37109,13.37379,0.00,0.00
2018.04.12 18:43:37.065,13.37109,13.37378,0.00,0.00
2018.04.12 18:43:39.578,13.37109,13.37379,0.00,0.00
2018.04.12 18:43:40.156,13.37109,13.37378,0.00,0.00
2018.04.12 18:43:40.300,13.37098,13.37339,0.00,0.00
2018.04.12 18:43:40.410,13.37098,13.37378,0.00,0.00
2018.04.12 18:43:41.062,13.37098,13.37379,0.00,0.00
2018.04.12 18:43:41.569,13.37099,13.37379,0.00,0.00
2018.04.12 18:43:42.313,13.37098,13.37378,0.00,0.00
2018.04.12 18:43:42.980,13.37098,13.37379,0.00,0.00
2018.04.12 18:43:43.081,13.37108,13.37359,0.00,0.00
2018.04.12 18:43:43.133,13.37098,13.37378,0.00,0.00
2018.04.12 18:43:43.400,13.37112,13.37378,0.00,0.00
2018.04.12 18:43:44.349,13.37111,13.37379,0.00,0.00
2018.04.12 18:43:49.314,13.37108,13.37378,0.00,0.00
2018.04.12 18:43:57.577,13.37108,13.37379,0.00,0.00
2018.04.12 18:43:58.117,13.37108,13.37378,0.00,0.00
2018.04.12 18:44:00.146,13.37128,13.37378,0.00,0.00
2018.04.12 18:44:00.681,13.37129,13.37378,0.00,0.00
2018.04.12 18:44:01.533,13.37129,13.37379,0.00,0.00
2018.04.12 18:44:02.309,13.37188,13.37399,0.00,0.00
2018.04.12 18:44:02.365,13.37208,13.37438,0.00,0.00
2018.04.12 18:44:02.416,13.37208,13.37468,0.00,0.00
2018.04.12 18:44:02.683,13.37208,13.37478,0.00,0.00
2018.04.12 18:44:03.239,13.37208,13.37479,0.00,0.00
2018.04.12 18:44:06.309,13.37239,13.37492,0.00,0.00
2018.04.12 18:44:06.760,13.37239,13.37478,0.00,0.00
2018.04.12 18:44:07.252,13.37239,13.37492,0.00,0.00
2018.04.12 18:44:07.916,13.37288,13.37542,0.00,0.00
2018.04.12 18:44:08.017,13.37288,13.37579,0.00,0.00
2018.04.12 18:44:08.347,13.37249,13.37479,0.00,0.00
2018.04.12 18:44:08.398,13.37238,13.37479,0.00,0.00
2018.04.12 18:44:10.212,13.37209,13.37478,0.00,0.00
2018.04.12 18:44:10.930,13.37209,13.37479,0.00,0.00
2018.04.12 18:44:12.213,13.37209,13.37478,0.00,0.00
2018.04.12 18:44:12.424,13.37162,13.37379,0.00,0.00
2018.04.12 18:44:12.647,13.37119,13.37379,0.00,0.00
2018.04.12 18:44:13.019,13.37109,13.37378,0.00,0.00
2018.04.12 18:44:15.009,13.37109,13.37379,0.00,0.00
2018.04.12 18:44:18.830,13.37109,13.37349,0.00,0.00
2018.04.12 18:44:19.169,13.37109,13.37339,0.00,0.00
2018.04.12 18:44:19.588,13.37109,13.37378,0.00,0.00
2018.04.12 18:44:19.917,13.37109,13.37339,0.00,0.00
2018.04.12 18:44:20.522,13.37109,13.37338,0.00,0.00
2018.04.12 18:44:20.848,13.37109,13.37378,0.00,0.00
2018.04.12 18:44:21.393,13.37109,13.37379,0.00,0.00
2018.04.12 18:44:22.174,13.37109,13.37378,0.00,0.00
2018.04.12 18:44:22.708,13.37109,13.37379,0.00,0.00
2018.04.12 18:44:22.893,13.37111,13.37379,0.00,0.00
2018.04.12 18:44:23.220,13.37109,13.37338,0.00,0.00
2018.04.12 18:44:24.029,13.37109,13.37379,0.00,0.00
2018.04.12 18:44:27.208,13.37109,13.37338,0.00,0.00
2018.04.12 18:44:27.811,13.37109,13.37339,0.00,0.00
2018.04.12 18:44:28.292,13.37109,13.37378,0.00,0.00
2018.04.12 18:44:28.388,13.37109,13.37338,0.00,0.00
2018.04.12 18:44:28.524,13.37108,13.37378,0.00,0.00
2018.04.12 18:44:28.575,13.37112,13.37378,0.00,0.00
2018.04.12 18:44:29.134,13.37108,13.37339,0.00,0.00
2018.04.12 18:44:29.261,13.37108,13.37379,0.00,0.00
2018.04.12 18:44:29.311,13.37108,13.37339,0.00,0.00
2018.04.12 18:44:29.413,13.37108,13.37358,0.00,0.00
2018.04.12 18:44:30.173,13.37108,13.37339,0.00,0.00
2018.04.12 18:44:30.784,13.37108,13.37338,0.00,0.00
2018.04.12 18:44:31.039,13.37108,13.37378,0.00,0.00
2018.04.12 18:44:31.188,13.37108,13.37338,0.00,0.00
2018.04.12 18:44:31.369,13.37108,13.37378,0.00,0.00
2018.04.12 18:44:32.299,13.37108,13.37379,0.00,0.00
2018.04.12 18:44:36.201,13.37108,13.37378,0.00,0.00
2018.04.12 18:44:36.664,13.37108,13.37339,0.00,0.00
2018.04.12 18:44:39.269,13.37108,13.37338,0.00,0.00
2018.04.12 18:44:39.320,13.37098,13.37338,0.00,0.00
2018.04.12 18:44:40.078,13.37098,13.37339,0.00,0.00
2018.04.12 18:44:41.090,13.37098,13.37338,0.00,0.00
2018.04.12 18:44:41.699,13.37098,13.37339,0.00,0.00
2018.04.12 18:44:42.508,13.37098,13.37338,0.00,0.00
2018.04.12 18:44:44.218,13.37098,13.37348,0.00,0.00
2018.04.12 18:44:44.429,13.37098,13.37378,0.00,0.00
2018.04.12 18:44:45.086,13.37098,13.37359,0.00,0.00
2018.04.12 18:44:45.499,13.37109,13.37359,0.00,0.00
2018.04.12 18:44:45.549,13.37109,13.37379,0.00,0.00
2018.04.12 18:44:46.911,13.37108,13.37378,0.00,0.00
2018.04.12 18:44:47.665,13.37108,13.37379,0.00,0.00
2018.04.12 18:44:48.268,13.37108,13.37378,0.00,0.00
2018.04.12 18:44:49.036,13.37108,13.37379,0.00,0.00
2018.04.12 18:44:49.570,13.37112,13.37378,0.00,0.00
2018.04.12 18:44:49.671,13.37108,13.37378,0.00,0.00
2018.04.12 18:44:49.823,13.37112,13.37378,0.00,0.00
2018.04.12 18:44:50.259,13.37108,13.37378,0.00,0.00
2018.04.12 18:44:50.570,13.37111,13.37379,0.00,0.00
2018.04.12 18:44:51.165,13.37108,13.37378,0.00,0.00
2018.04.12 18:44:51.670,13.37109,13.37378,0.00,0.00
2018.04.12 18:44:52.332,13.37109,13.37379,0.00,0.00
2018.04.12 18:44:56.280,13.37118,13.37378,0.00,0.00
2018.04.12 18:44:56.619,13.37198,13.37438,0.00,0.00
2018.04.12 18:44:56.670,13.37198,13.37468,0.00,0.00
2018.04.12 18:44:56.962,13.37198,13.37471,0.00,0.00
2018.04.12 18:44:57.156,13.37198,13.37479,0.00,0.00
2018.04.12 18:44:58.676,13.37198,13.37459,0.00,0.00
2018.04.12 18:44:59.026,13.37169,13.37408,0.00,0.00
2018.04.12 18:44:59.156,13.37139,13.37388,0.00,0.00
2018.04.12 18:44:59.209,13.37139,13.37391,0.00,0.00
2018.04.12 18:44:59.280,13.37139,13.37389,0.00,0.00
2018.04.12 18:44:59.431,13.37179,13.37439,0.00,0.00
2018.04.12 18:44:59.482,13.37188,13.37438,0.00,0.00
2018.04.12 18:45:00.092,13.37188,13.37439,0.00,0.00
2018.04.12 18:45:00.148,13.37188,13.37468,0.00,0.00
2018.04.12 18:45:00.329,13.37188,13.37438,0.00,0.00
2018.04.12 18:45:00.936,13.37188,13.37439,0.00,0.00
2018.04.12 18:45:02.086,13.37138,13.37379,0.00,0.00
2018.04.12 18:45:02.629,13.37138,13.37378,0.00,0.00
2018.04.12 18:45:02.874,13.37119,13.37379,0.00,0.00
2018.04.12 18:45:03.022,13.37121,13.37379,0.00,0.00
2018.04.12 18:45:03.323,13.37161,13.37379,0.00,0.00
2018.04.12 18:45:03.374,13.37128,13.37378,0.00,0.00
2018.04.12 18:45:04.155,13.37118,13.37378,0.00,0.00
2018.04.12 18:45:04.306,13.37121,13.37379,0.00,0.00
2018.04.12 18:45:06.025,13.37179,13.37439,0.00,0.00
2018.04.12 18:45:06.076,13.37188,13.37439,0.00,0.00
2018.04.12 18:45:06.127,13.37188,13.37441,0.00,0.00
2018.04.12 18:45:06.253,13.37188,13.37469,0.00,0.00
2018.04.12 18:45:06.304,13.37188,13.37472,0.00,0.00
2018.04.12 18:45:06.550,13.37198,13.37472,0.00,0.00
2018.04.12 18:45:06.900,13.37229,13.37479,0.00,0.00
2018.04.12 18:45:07.495,13.37209,13.37479,0.00,0.00
2018.04.12 18:45:07.546,13.37198,13.37478,0.00,0.00
2018.04.12 18:45:08.068,13.37198,13.37479,0.00,0.00
2018.04.12 18:45:08.119,13.37209,13.37478,0.00,0.00
2018.04.12 18:45:08.222,13.37199,13.37478,0.00,0.00
2018.04.12 18:45:08.351,13.37199,13.37468,0.00,0.00
2018.04.12 18:45:08.452,13.37199,13.37479,0.00,0.00
2018.04.12 18:45:08.963,13.37201,13.37479,0.00,0.00
2018.04.12 18:45:09.067,13.37198,13.37478,0.00,0.00
2018.04.12 18:45:09.777,13.37198,13.37479,0.00,0.00
2018.04.12 18:45:10.850,13.37229,13.37478,0.00,0.00
2018.04.12 18:45:11.536,13.37229,13.37479,0.00,0.00
2018.04.12 18:45:12.022,13.37232,13.37478,0.00,0.00
2018.04.12 18:45:16.442,13.37279,13.37539,0.00,0.00
2018.04.12 18:45:17.733,13.37238,13.37489,0.00,0.00
2018.04.12 18:45:18.199,13.37238,13.37479,0.00,0.00
2018.04.12 18:45:18.913,13.37238,13.37478,0.00,0.00
2018.04.12 18:45:21.392,13.37238,13.37479,0.00,0.00
2018.04.12 18:45:21.443,13.37228,13.37479,0.00,0.00
2018.04.12 18:45:21.754,13.37218,13.37478,0.00,0.00
2018.04.12 18:45:22.838,13.37218,13.37479,0.00,0.00
2018.04.12 18:45:23.476,13.37222,13.37479,0.00,0.00
2018.04.12 18:45:23.623,13.37308,13.37578,0.00,0.00
2018.04.12 18:45:24.369,13.37308,13.37579,0.00,0.00
2018.04.12 18:45:25.648,13.37308,13.37578,0.00,0.00
2018.04.12 18:45:26.199,13.37308,13.37579,0.00,0.00
2018.04.12 18:45:26.915,13.37309,13.37579,0.00,0.00
2018.04.12 18:45:27.500,13.37308,13.37578,0.00,0.00
2018.04.12 18:45:27.778,13.37308,13.37558,0.00,0.00
2018.04.12 18:45:27.879,13.37308,13.37578,0.00,0.00
2018.04.12 18:45:27.930,13.37329,13.37578,0.00,0.00
2018.04.12 18:45:28.489,13.37329,13.37579,0.00,0.00
2018.04.12 18:45:28.542,13.37318,13.37578,0.00,0.00
2018.04.12 18:45:29.568,13.37379,13.37578,0.00,0.00
2018.04.12 18:45:29.618,13.37398,13.37638,0.00,0.00
2018.04.12 18:45:29.669,13.37409,13.37672,0.00,0.00
2018.04.12 18:45:29.720,13.37409,13.37679,0.00,0.00
2018.04.12 18:45:30.288,13.37408,13.37679,0.00,0.00
2018.04.12 18:45:31.381,13.37408,13.37672,0.00,0.00
2018.04.12 18:45:31.684,13.37308,13.37539,0.00,0.00
2018.04.12 18:45:32.416,13.37308,13.37538,0.00,0.00
2018.04.12 18:45:33.515,13.37309,13.37538,0.00,0.00
2018.04.12 18:45:34.212,13.37309,13.37539,0.00,0.00
2018.04.12 18:45:35.442,13.37308,13.37539,0.00,0.00
2018.04.12 18:45:36.430,13.37312,13.37578,0.00,0.00
2018.04.12 18:45:36.532,13.37309,13.37578,0.00,0.00
2018.04.12 18:45:37.196,13.37308,13.37578,0.00,0.00
2018.04.12 18:45:37.871,13.37308,13.37579,0.00,0.00
2018.04.12 18:45:38.611,13.37308,13.37578,0.00,0.00
2018.04.12 18:45:39.192,13.37308,13.37579,0.00,0.00
2018.04.12 18:45:39.267,13.37319,13.37579,0.00,0.00
2018.04.12 18:45:39.571,13.37332,13.37578,0.00,0.00
2018.04.12 18:45:39.692,13.37318,13.37579,0.00,0.00
2018.04.12 18:45:41.500,13.37318,13.37578,0.00,0.00
2018.04.12 18:45:43.909,13.37321,13.37579,0.00,0.00
2018.04.12 18:45:44.481,13.37328,13.37579,0.00,0.00
2018.04.12 18:45:46.185,13.37318,13.37578,0.00,0.00
2018.04.12 18:45:48.076,13.37338,13.37578,0.00,0.00
2018.04.12 18:45:48.228,13.37408,13.37671,0.00,0.00
2018.04.12 18:45:48.278,13.37408,13.37659,0.00,0.00
2018.04.12 18:45:48.524,13.37408,13.37668,0.00,0.00
2018.04.12 18:45:49.045,13.37408,13.37669,0.00,0.00
2018.04.12 18:45:50.292,13.37408,13.37671,0.00,0.00
2018.04.12 18:45:53.608,13.37408,13.37668,0.00,0.00
2018.04.12 18:45:54.580,13.37408,13.37671,0.00,0.00
2018.04.12 18:45:57.412,13.37408,13.37678,0.00,0.00
2018.04.12 18:45:57.748,13.37408,13.37668,0.00,0.00
2018.04.12 18:45:58.152,13.37418,13.37679,0.00,0.00
2018.04.12 18:45:58.203,13.37408,13.37668,0.00,0.00
2018.04.12 18:45:58.887,13.37408,13.37678,0.00,0.00
2018.04.12 18:45:59.257,13.37508,13.37699,0.00,0.00
2018.04.12 18:45:59.359,13.37508,13.37739,0.00,0.00
2018.04.12 18:46:00.043,13.37508,13.37738,0.00,0.00
2018.04.12 18:46:00.186,13.37508,13.37771,0.00,0.00
2018.04.12 18:46:00.287,13.37508,13.37778,0.00,0.00
2018.04.12 18:46:01.360,13.37508,13.37739,0.00,0.00
2018.04.12 18:46:03.407,13.37428,13.37679,0.00,0.00
2018.04.12 18:46:03.559,13.37409,13.37679,0.00,0.00
2018.04.12 18:46:04.485,13.37409,13.37671,0.00,0.00
2018.04.12 18:46:04.855,13.37409,13.37639,0.00,0.00
2018.04.12 18:46:06.477,13.37409,13.37638,0.00,0.00
2018.04.12 18:46:06.937,13.37409,13.37679,0.00,0.00
2018.04.12 18:46:07.531,13.37409,13.37678,0.00,0.00
2018.04.12 18:46:07.582,13.37419,13.37679,0.00,0.00
2018.04.12 18:46:08.604,13.37409,13.37679,0.00,0.00
2018.04.12 18:46:08.655,13.37409,13.37668,0.00,0.00
2018.04.12 18:46:09.968,13.37409,13.37639,0.00,0.00
2018.04.12 18:46:10.123,13.37329,13.37579,0.00,0.00
2018.04.12 18:46:11.419,13.37329,13.37578,0.00,0.00
2018.04.12 18:46:12.156,13.37329,13.37579,0.00,0.00
2018.04.12 18:46:12.428,13.37332,13.37578,0.00,0.00
2018.04.12 18:46:12.479,13.37329,13.37578,0.00,0.00
2018.04.12 18:46:13.418,13.37329,13.37579,0.00,0.00
2018.04.12 18:46:14.539,13.37389,13.37579,0.00,0.00
2018.04.12 18:46:14.590,13.37389,13.37639,0.00,0.00
2018.04.12 18:46:14.641,13.37409,13.37639,0.00,0.00
2018.04.12 18:46:19.771,13.37329,13.37578,0.00,0.00
2018.04.12 18:46:20.301,13.37329,13.37579,0.00,0.00
2018.04.12 18:46:21.227,13.37329,13.37578,0.00,0.00
2018.04.12 18:46:21.278,13.37319,13.37579,0.00,0.00
2018.04.12 18:46:22.068,13.37319,13.37578,0.00,0.00
2018.04.12 18:46:23.268,13.37319,13.37579,0.00,0.00
2018.04.12 18:46:23.980,13.37318,13.37579,0.00,0.00
2018.04.12 18:46:24.649,13.37288,13.37538,0.00,0.00
2018.04.12 18:46:25.050,13.37329,13.37578,0.00,0.00
2018.04.12 18:46:27.040,13.37329,13.37579,0.00,0.00
2018.04.12 18:46:27.551,13.37329,13.37549,0.00,0.00
2018.04.12 18:46:27.936,13.37262,13.37478,0.00,0.00
2018.04.12 18:46:30.109,13.37261,13.37479,0.00,0.00
2018.04.12 18:46:30.800,13.37262,13.37478,0.00,0.00
2018.04.12 18:46:31.570,13.37261,13.37479,0.00,0.00
2018.04.12 18:46:32.229,13.37262,13.37478,0.00,0.00
2018.04.12 18:46:33.069,13.37261,13.37479,0.00,0.00
2018.04.12 18:46:33.728,13.37262,13.37478,0.00,0.00
2018.04.12 18:46:34.634,13.37261,13.37479,0.00,0.00
2018.04.12 18:46:35.340,13.37262,13.37478,0.00,0.00
2018.04.12 18:46:37.041,13.37261,13.37479,0.00,0.00
2018.04.12 18:46:37.869,13.37262,13.37478,0.00,0.00
2018.04.12 18:46:38.678,13.37261,13.37479,0.00,0.00
2018.04.12 18:46:41.142,13.37262,13.37478,0.00,0.00
2018.04.12 18:46:41.960,13.37261,13.37479,0.00,0.00
2018.04.12 18:46:44.211,13.37262,13.37478,0.00,0.00
2018.04.12 18:46:45.184,13.37261,13.37479,0.00,0.00
2018.04.12 18:46:48.930,13.37262,13.37478,0.00,0.00
2018.04.12 18:46:49.455,13.37261,13.37479,0.00,0.00
2018.04.12 18:46:53.355,13.37219,13.37478,0.00,0.00
2018.04.12 18:46:54.140,13.37219,13.37479,0.00,0.00
2018.04.12 18:46:56.864,13.37218,13.37479,0.00,0.00
2018.04.12 18:46:56.929,13.37209,13.37479,0.00,0.00
2018.04.12 18:46:56.982,13.37169,13.37379,0.00,0.00
2018.04.12 18:46:57.034,13.37158,13.37378,0.00,0.00
2018.04.12 18:46:57.085,13.37128,13.37378,0.00,0.00
2018.04.12 18:47:01.528,13.37128,13.37379,0.00,0.00
2018.04.12 18:47:04.808,13.37141,13.37379,0.00,0.00
2018.04.12 18:47:05.010,13.37179,13.37422,0.00,0.00
2018.04.12 18:47:05.111,13.37208,13.37439,0.00,0.00
2018.04.12 18:47:05.509,13.37208,13.37471,0.00,0.00
2018.04.12 18:47:05.611,13.37218,13.37479,0.00,0.00
2018.04.12 18:47:05.951,13.37239,13.37479,0.00,0.00
2018.04.12 18:47:08.053,13.37308,13.37538,0.00,0.00
2018.04.12 18:47:08.822,13.37308,13.37539,0.00,0.00
2018.04.12 18:47:10.184,13.37308,13.37538,0.00,0.00
2018.04.12 18:47:10.700,13.37249,13.37499,0.00,0.00
2018.04.12 18:47:10.904,13.37249,13.37509,0.00,0.00
2018.04.12 18:47:11.136,13.37298,13.37572,0.00,0.00
2018.04.12 18:47:11.187,13.37309,13.37578,0.00,0.00
2018.04.12 18:47:11.721,13.37309,13.37579,0.00,0.00
2018.04.12 18:47:12.812,13.37318,13.37579,0.00,0.00
2018.04.12 18:47:13.628,13.37318,13.37578,0.00,0.00
2018.04.12 18:47:15.444,13.37322,13.37578,0.00,0.00
2018.04.12 18:47:15.807,13.37229,13.37438,0.00,0.00
2018.04.12 18:47:15.858,13.37229,13.37479,0.00,0.00
2018.04.12 18:47:16.106,13.37231,13.37479,0.00,0.00
2018.04.12 18:47:16.356,13.37229,13.37479,0.00,0.00
2018.04.12 18:47:16.548,13.37239,13.37479,0.00,0.00
2018.04.12 18:47:18.448,13.37239,13.37478,0.00,0.00
2018.04.12 18:47:18.994,13.37252,13.37478,0.00,0.00
2018.04.12 18:47:19.474,13.37291,13.37539,0.00,0.00
2018.04.12 18:47:19.525,13.37298,13.37538,0.00,0.00
2018.04.12 18:47:19.868,13.37309,13.37539,0.00,0.00
2018.04.12 18:47:20.095,13.37309,13.37579,0.00,0.00
2018.04.12 18:47:20.223,13.37309,13.37539,0.00,0.00
2018.04.12 18:47:20.484,13.37309,13.37579,0.00,0.00
2018.04.12 18:47:21.699,13.37309,13.37578,0.00,0.00
2018.04.12 18:47:22.299,13.37309,13.37579,0.00,0.00
2018.04.12 18:47:22.950,13.37309,13.37478,0.00,0.00
2018.04.12 18:47:23.001,13.37238,13.37478,0.00,0.00
2018.04.12 18:47:23.573,13.37199,13.37409,0.00,0.00
2018.04.12 18:47:23.624,13.37199,13.37471,0.00,0.00
2018.04.12 18:47:23.675,13.37219,13.37439,0.00,0.00
2018.04.12 18:47:23.901,13.37219,13.37479,0.00,0.00
2018.04.12 18:47:23.951,13.37219,13.37438,0.00,0.00
2018.04.12 18:47:24.694,13.37219,13.37478,0.00,0.00
2018.04.12 18:47:25.087,13.37219,13.37439,0.00,0.00
2018.04.12 18:47:25.714,13.37219,13.37479,0.00,0.00
2018.04.12 18:47:26.294,13.37219,13.37478,0.00,0.00
2018.04.12 18:47:26.840,13.37219,13.37479,0.00,0.00
2018.04.12 18:47:26.891,13.37219,13.37439,0.00,0.00
2018.04.12 18:47:27.804,13.37219,13.37438,0.00,0.00
2018.04.12 18:47:29.035,13.37219,13.37479,0.00,0.00
2018.04.12 18:47:29.507,13.37219,13.37439,0.00,0.00
2018.04.12 18:47:29.557,13.37219,13.37479,0.00,0.00
2018.04.12 18:47:29.608,13.37219,13.37439,0.00,0.00
2018.04.12 18:47:29.987,13.37219,13.37479,0.00,0.00
2018.04.12 18:47:30.088,13.37219,13.37439,0.00,0.00
2018.04.12 18:47:30.533,13.37219,13.37478,0.00,0.00
2018.04.12 18:47:30.634,13.37219,13.37439,0.00,0.00
2018.04.12 18:47:31.956,13.37219,13.37479,0.00,0.00
2018.04.12 18:47:36.369,13.37218,13.37479,0.00,0.00
2018.04.12 18:47:36.420,13.37222,13.37478,0.00,0.00
2018.04.12 18:47:36.528,13.37218,13.37479,0.00,0.00
2018.04.12 18:47:37.214,13.37218,13.37478,0.00,0.00
2018.04.12 18:47:41.228,13.37221,13.37479,0.00,0.00
2018.04.12 18:47:52.484,13.37218,13.37478,0.00,0.00
2018.04.12 18:47:52.816,13.37231,13.37479,0.00,0.00
2018.04.12 18:47:53.511,13.37218,13.37479,0.00,0.00
2018.04.12 18:47:56.248,13.37231,13.37479,0.00,0.00
2018.04.12 18:47:56.338,13.37218,13.37478,0.00,0.00
2018.04.12 18:47:56.670,13.37218,13.37438,0.00,0.00
2018.04.12 18:47:57.455,13.37218,13.37478,0.00,0.00
2018.04.12 18:47:58.160,13.37218,13.37438,0.00,0.00
2018.04.12 18:47:58.521,13.37218,13.37478,0.00,0.00
2018.04.12 18:47:58.708,13.37221,13.37479,0.00,0.00
2018.04.12 18:47:58.809,13.37218,13.37479,0.00,0.00
2018.04.12 18:47:59.338,13.37218,13.37478,0.00,0.00
2018.04.12 18:48:00.060,13.37218,13.37479,0.00,0.00
2018.04.12 18:48:00.111,13.37238,13.37479,0.00,0.00
2018.04.12 18:48:00.714,13.37238,13.37439,0.00,0.00
2018.04.12 18:48:01.376,13.37238,13.37438,0.00,0.00
2018.04.12 18:48:01.908,13.37238,13.37439,0.00,0.00
2018.04.12 18:48:02.089,13.37158,13.37379,0.00,0.00
2018.04.12 18:48:02.190,13.37149,13.37379,0.00,0.00
2018.04.12 18:48:02.700,13.37148,13.37378,0.00,0.00
2018.04.12 18:48:03.359,13.37148,13.37379,0.00,0.00
2018.04.12 18:48:04.068,13.37158,13.37378,0.00,0.00
2018.04.12 18:48:04.170,13.37148,13.37379,0.00,0.00
2018.04.12 18:48:05.266,13.37128,13.37379,0.00,0.00
2018.04.12 18:48:05.707,13.37132,13.37378,0.00,0.00
2018.04.12 18:48:06.590,13.37129,13.37379,0.00,0.00
2018.04.12 18:48:07.585,13.37129,13.37378,0.00,0.00
2018.04.12 18:48:08.141,13.37129,13.37379,0.00,0.00
2018.04.12 18:48:08.779,13.37129,13.37378,0.00,0.00
2018.04.12 18:48:09.449,13.37129,13.37379,0.00,0.00
2018.04.12 18:48:10.047,13.37129,13.37378,0.00,0.00
2018.04.12 18:48:10.608,13.37129,13.37379,0.00,0.00
2018.04.12 18:48:11.465,13.37129,13.37378,0.00,0.00
2018.04.12 18:48:11.982,13.37129,13.37379,0.00,0.00
2018.04.12 18:48:12.578,13.37129,13.37378,0.00,0.00
2018.04.12 18:48:13.087,13.37129,13.37379,0.00,0.00
2018.04.12 18:48:13.849,13.37129,13.37378,0.00,0.00
2018.04.12 18:48:14.237,13.37061,13.37279,0.00,0.00
2018.04.12 18:48:14.740,13.37029,13.37239,0.00,0.00
2018.04.12 18:48:15.218,13.37029,13.37269,0.00,0.00
2018.04.12 18:48:15.278,13.37029,13.37239,0.00,0.00
2018.04.12 18:48:16.197,13.37029,13.37268,0.00,0.00
2018.04.12 18:48:16.707,13.37029,13.37279,0.00,0.00
2018.04.12 18:48:17.446,13.37029,13.37269,0.00,0.00
2018.04.12 18:48:18.738,13.37029,13.37239,0.00,0.00
2018.04.12 18:48:20.517,13.37029,13.37238,0.00,0.00
2018.04.12 18:48:21.015,13.37018,13.37209,0.00,0.00
2018.04.12 18:48:21.248,13.37018,13.37269,0.00,0.00
2018.04.12 18:48:21.909,13.36998,13.37208,0.00,0.00
2018.04.12 18:48:21.960,13.36991,13.37239,0.00,0.00
2018.04.12 18:48:22.062,13.37009,13.37238,0.00,0.00
2018.04.12 18:48:22.112,13.37018,13.37279,0.00,0.00
2018.04.12 18:48:22.216,13.37032,13.37278,0.00,0.00
2018.04.12 18:48:22.530,13.37038,13.37279,0.00,0.00
2018.04.12 18:48:23.739,13.37048,13.37278,0.00,0.00
2018.04.12 18:48:23.993,13.37019,13.37259,0.00,0.00
2018.04.12 18:48:24.989,13.37019,13.37268,0.00,0.00
2018.04.12 18:48:25.100,13.37019,13.37259,0.00,0.00
2018.04.12 18:48:25.405,13.37109,13.37338,0.00,0.00
2018.04.12 18:48:26.021,13.37109,13.37339,0.00,0.00
2018.04.12 18:48:26.674,13.37109,13.37338,0.00,0.00
2018.04.12 18:48:27.046,13.37128,13.37359,0.00,0.00
2018.04.12 18:48:27.097,13.37128,13.37339,0.00,0.00
2018.04.12 18:48:27.199,13.37128,13.37358,0.00,0.00
2018.04.12 18:48:27.549,13.37128,13.37339,0.00,0.00
2018.04.12 18:48:29.418,13.37128,13.37338,0.00,0.00
2018.04.12 18:48:29.711,13.37118,13.37339,0.00,0.00
2018.04.12 18:48:30.455,13.37119,13.37338,0.00,0.00
2018.04.12 18:48:31.248,13.37119,13.37359,0.00,0.00
2018.04.12 18:48:32.876,13.37119,13.37339,0.00,0.00
2018.04.12 18:48:34.659,13.37119,13.37359,0.00,0.00
2018.04.12 18:48:34.791,13.37119,13.37338,0.00,0.00
2018.04.12 18:48:36.519,13.37119,13.37339,0.00,0.00
2018.04.12 18:48:38.516,13.37119,13.37338,0.00,0.00
2018.04.12 18:48:39.315,13.37108,13.37308,0.00,0.00
2018.04.12 18:48:39.417,13.37099,13.37339,0.00,0.00
2018.04.12 18:48:39.468,13.37109,13.37338,0.00,0.00
2018.04.12 18:48:39.813,13.37109,13.37358,0.00,0.00
2018.04.12 18:48:40.355,13.37108,13.37359,0.00,0.00
2018.04.12 18:48:40.530,13.37108,13.37369,0.00,0.00
2018.04.12 18:48:41.011,13.37129,13.37369,0.00,0.00
2018.04.12 18:48:42.093,13.37129,13.37359,0.00,0.00
2018.04.12 18:48:42.413,13.37129,13.37339,0.00,0.00
2018.04.12 18:48:42.778,13.37029,13.37239,0.00,0.00
2018.04.12 18:48:43.353,13.37029,13.37238,0.00,0.00
2018.04.12 18:48:43.589,13.37028,13.37259,0.00,0.00
2018.04.12 18:48:43.640,13.37028,13.37238,0.00,0.00
2018.04.12 18:48:43.691,13.37028,13.37259,0.00,0.00
2018.04.12 18:48:44.931,13.37028,13.37239,0.00,0.00
2018.04.12 18:48:51.348,13.37028,13.37238,0.00,0.00
2018.04.12 18:48:51.635,13.36988,13.37208,0.00,0.00
2018.04.12 18:48:51.749,13.37019,13.37209,0.00,0.00
2018.04.12 18:48:51.851,13.37019,13.37239,0.00,0.00
2018.04.12 18:48:51.945,13.37019,13.37208,0.00,0.00
2018.04.12 18:48:51.996,13.37008,13.37209,0.00,0.00
2018.04.12 18:48:52.148,13.37021,13.37279,0.00,0.00
2018.04.12 18:48:52.249,13.37038,13.37279,0.00,0.00
2018.04.12 18:48:52.668,13.37038,13.37288,0.00,0.00
2018.04.12 18:48:53.181,13.37038,13.37279,0.00,0.00
2018.04.12 18:48:53.787,13.37038,13.37268,0.00,0.00
2018.04.12 18:48:54.133,13.37021,13.37249,0.00,0.00
2018.04.12 18:48:54.285,13.37021,13.37269,0.00,0.00
2018.04.12 18:48:56.373,13.37021,13.37259,0.00,0.00
2018.04.12 18:48:57.154,13.37021,13.37239,0.00,0.00
2018.04.12 18:48:59.087,13.37022,13.37238,0.00,0.00
2018.04.12 18:48:59.226,13.37018,13.37239,0.00,0.00
2018.04.12 18:48:59.926,13.37018,13.37238,0.00,0.00
2018.04.12 18:49:00.359,13.37009,13.37208,0.00,0.00
2018.04.12 18:49:00.510,13.37028,13.37238,0.00,0.00
2018.04.12 18:49:00.801,13.36978,13.37209,0.00,0.00
2018.04.12 18:49:00.852,13.36978,13.37199,0.00,0.00
2018.04.12 18:49:01.797,13.36978,13.37189,0.00,0.00
2018.04.12 18:49:02.188,13.36971,13.37169,0.00,0.00
2018.04.12 18:49:02.239,13.36908,13.37109,0.00,0.00
2018.04.12 18:49:02.289,13.36908,13.37098,0.00,0.00
2018.04.12 18:49:02.340,13.36861,13.37089,0.00,0.00
2018.04.12 18:49:02.503,13.36858,13.37089,0.00,0.00
2018.04.12 18:49:03.098,13.36918,13.37099,0.00,0.00
2018.04.12 18:49:03.149,13.36919,13.37108,0.00,0.00
2018.04.12 18:49:03.657,13.36919,13.37109,0.00,0.00
2018.04.12 18:49:03.708,13.36878,13.37109,0.00,0.00
2018.04.12 18:49:04.243,13.36899,13.37109,0.00,0.00
2018.04.12 18:49:04.775,13.36922,13.37108,0.00,0.00
2018.04.12 18:49:05.358,13.36922,13.37138,0.00,0.00
2018.04.12 18:49:05.921,13.36921,13.37139,0.00,0.00
2018.04.12 18:49:07.973,13.36922,13.37138,0.00,0.00
2018.04.12 18:49:08.024,13.36918,13.37109,0.00,0.00
2018.04.12 18:49:08.861,13.36918,13.37139,0.00,0.00
2018.04.12 18:49:08.912,13.36921,13.37139,0.00,0.00
2018.04.12 18:49:10.495,13.36922,13.37138,0.00,0.00
2018.04.12 18:49:11.321,13.36921,13.37139,0.00,0.00
2018.04.12 18:49:12.709,13.36922,13.37138,0.00,0.00
2018.04.12 18:49:13.353,13.36921,13.37139,0.00,0.00
2018.04.12 18:49:13.404,13.36922,13.37198,0.00,0.00
2018.04.12 18:49:16.059,13.36938,13.37198,0.00,0.00
2018.04.12 18:49:16.470,13.36938,13.37159,0.00,0.00
2018.04.12 18:49:16.814,13.36938,13.37179,0.00,0.00
2018.04.12 18:49:17.642,13.36928,13.37139,0.00,0.00
2018.04.12 18:49:18.138,13.36928,13.37179,0.00,0.00
2018.04.12 18:49:19.382,13.36928,13.37189,0.00,0.00
2018.04.12 18:49:20.219,13.36928,13.37199,0.00,0.00
2018.04.12 18:49:20.269,13.36938,13.37199,0.00,0.00
2018.04.12 18:49:21.004,13.36942,13.37198,0.00,0.00
2018.04.12 18:49:21.950,13.36941,13.37199,0.00,0.00
2018.04.12 18:49:22.059,13.36938,13.37199,0.00,0.00
2018.04.12 18:49:22.324,13.36938,13.37158,0.00,0.00
2018.04.12 18:49:22.590,13.36938,13.37178,0.00,0.00
2018.04.12 18:49:25.670,13.36938,13.37199,0.00,0.00
2018.04.12 18:49:25.722,13.36928,13.37199,0.00,0.00
2018.04.12 18:49:25.774,13.36928,13.37139,0.00,0.00
2018.04.12 18:49:26.551,13.36928,13.37198,0.00,0.00
2018.04.12 18:49:26.653,13.36939,13.37199,0.00,0.00
2018.04.12 18:49:27.159,13.36949,13.37199,0.00,0.00
2018.04.12 18:49:28.269,13.36949,13.37198,0.00,0.00
2018.04.12 18:49:29.853,13.36939,13.37198,0.00,0.00
2018.04.12 18:49:29.986,13.36918,13.37108,0.00,0.00
2018.04.12 18:49:30.038,13.36888,13.37108,0.00,0.00
2018.04.12 18:49:30.586,13.36888,13.37109,0.00,0.00
2018.04.12 18:49:30.922,13.36879,13.37099,0.00,0.00
2018.04.12 18:49:30.973,13.36868,13.37098,0.00,0.00
2018.04.12 18:49:31.416,13.36918,13.37139,0.00,0.00
2018.04.12 18:49:31.517,13.36918,13.37159,0.00,0.00
2018.04.12 18:49:31.568,13.36921,13.37159,0.00,0.00
2018.04.12 18:49:32.331,13.36939,13.37168,0.00,0.00
2018.04.12 18:49:32.800,13.36939,13.37179,0.00,0.00
2018.04.12 18:49:37.671,13.36939,13.37178,0.00,0.00
2018.04.12 18:49:38.529,13.36939,13.37179,0.00,0.00
2018.04.12 18:49:38.747,13.36939,13.37199,0.00,0.00
2018.04.12 18:49:38.859,13.36949,13.37199,0.00,0.00
2018.04.12 18:49:39.195,13.36951,13.37199,0.00,0.00
2018.04.12 18:49:40.310,13.36969,13.37199,0.00,0.00
2018.04.12 18:49:40.479,13.37021,13.37279,0.00,0.00
2018.04.12 18:49:42.399,13.37022,13.37278,0.00,0.00
2018.04.12 18:49:43.178,13.37021,13.37279,0.00,0.00
2018.04.12 18:49:46.306,13.37022,13.37278,0.00,0.00
2018.04.12 18:49:46.414,13.37038,13.37278,0.00,0.00
2018.04.12 18:49:50.021,13.37038,13.37279,0.00,0.00
2018.04.12 18:49:50.610,13.37028,13.37239,0.00,0.00
2018.04.12 18:49:50.661,13.36982,13.37238,0.00,0.00
2018.04.12 18:49:50.711,13.36999,13.37239,0.00,0.00
2018.04.12 18:49:51.120,13.37018,13.37239,0.00,0.00
2018.04.12 18:49:51.171,13.36969,13.37209,0.00,0.00
2018.04.12 18:49:51.221,13.36969,13.37199,0.00,0.00
2018.04.12 18:49:51.631,13.36972,13.37198,0.00,0.00
2018.04.12 18:49:51.957,13.36971,13.37179,0.00,0.00
2018.04.12 18:49:52.511,13.36972,13.37178,0.00,0.00
2018.04.12 18:49:54.685,13.36978,13.37178,0.00,0.00
2018.04.12 18:49:54.735,13.37039,13.37279,0.00,0.00
2018.04.12 18:49:56.418,13.37039,13.37278,0.00,0.00
2018.04.12 18:49:57.239,13.37039,13.37279,0.00,0.00
2018.04.12 18:50:01.892,13.36971,13.37179,0.00,0.00
2018.04.12 18:50:01.943,13.36969,13.37178,0.00,0.00
2018.04.12 18:50:02.094,13.36972,13.37178,0.00,0.00
2018.04.12 18:50:02.708,13.36971,13.37179,0.00,0.00
2018.04.12 18:50:03.389,13.36972,13.37178,0.00,0.00
2018.04.12 18:50:04.304,13.36971,13.37179,0.00,0.00
2018.04.12 18:50:08.357,13.36972,13.37178,0.00,0.00
2018.04.12 18:50:09.001,13.36971,13.37179,0.00,0.00
2018.04.12 18:50:09.619,13.36972,13.37178,0.00,0.00
2018.04.12 18:50:11.333,13.36978,13.37199,0.00,0.00
2018.04.12 18:50:11.393,13.36978,13.37178,0.00,0.00
2018.04.12 18:50:11.445,13.36972,13.37178,0.00,0.00
2018.04.12 18:50:12.204,13.36971,13.37179,0.00,0.00
2018.04.12 18:50:12.854,13.36971,13.37199,0.00,0.00
2018.04.12 18:50:12.906,13.36972,13.37208,0.00,0.00
2018.04.12 18:50:13.092,13.37029,13.37261,0.00,0.00
2018.04.12 18:50:13.422,13.37028,13.37238,0.00,0.00
2018.04.12 18:50:14.113,13.37028,13.37239,0.00,0.00
2018.04.12 18:50:15.438,13.37028,13.37238,0.00,0.00
2018.04.12 18:50:16.149,13.37028,13.37239,0.00,0.00
2018.04.12 18:50:16.740,13.37052,13.37298,0.00,0.00
2018.04.12 18:50:16.791,13.37078,13.37298,0.00,0.00
2018.04.12 18:50:17.131,13.37069,13.37279,0.00,0.00
2018.04.12 18:50:17.235,13.37058,13.37279,0.00,0.00
2018.04.12 18:50:17.753,13.37061,13.37309,0.00,0.00
2018.04.12 18:50:17.803,13.37068,13.37279,0.00,0.00
2018.04.12 18:50:18.230,13.37062,13.37278,0.00,0.00
2018.04.12 18:50:18.281,13.37062,13.37298,0.00,0.00
2018.04.12 18:50:18.490,13.37061,13.37279,0.00,0.00
2018.04.12 18:50:18.541,13.37061,13.37299,0.00,0.00
2018.04.12 18:50:19.591,13.37058,13.37278,0.00,0.00
2018.04.12 18:50:20.140,13.37058,13.37279,0.00,0.00
2018.04.12 18:50:20.341,13.37058,13.37299,0.00,0.00
2018.04.12 18:50:20.392,13.37062,13.37298,0.00,0.00
2018.04.12 18:50:21.080,13.37062,13.37278,0.00,0.00
2018.04.12 18:50:21.131,13.37058,13.37279,0.00,0.00
2018.04.12 18:50:21.192,13.37062,13.37278,0.00,0.00
2018.04.12 18:50:21.395,13.37058,13.37278,0.00,0.00
2018.04.12 18:50:22.083,13.37058,13.37279,0.00,0.00
2018.04.12 18:50:22.794,13.37039,13.37239,0.00,0.00
2018.04.12 18:50:23.059,13.37062,13.37278,0.00,0.00
2018.04.12 18:50:23.211,13.37049,13.37279,0.00,0.00
2018.04.12 18:50:23.609,13.37061,13.37279,0.00,0.00
2018.04.12 18:50:23.721,13.37049,13.37278,0.00,0.00
2018.04.12 18:50:24.673,13.37048,13.37278,0.00,0.00
2018.04.12 18:50:24.728,13.37059,13.37278,0.00,0.00
2018.04.12 18:50:24.829,13.37129,13.37379,0.00,0.00
2018.04.12 18:50:25.384,13.37129,13.37378,0.00,0.00
2018.04.12 18:50:26.028,13.37129,13.37379,0.00,0.00
2018.04.12 18:50:26.558,13.37129,13.37378,0.00,0.00
2018.04.12 18:50:27.400,13.37129,13.37379,0.00,0.00
2018.04.12 18:50:28.350,13.37132,13.37379,0.00,0.00
2018.04.12 18:50:28.705,13.37149,13.37378,0.00,0.00
2018.04.12 18:50:29.050,13.37159,13.37379,0.00,0.00
2018.04.12 18:50:29.579,13.37159,13.37398,0.00,0.00
2018.04.12 18:50:29.634,13.37228,13.37429,0.00,0.00
2018.04.12 18:50:29.802,13.37229,13.37479,0.00,0.00
2018.04.12 18:50:31.449,13.37159,13.37398,0.00,0.00
2018.04.12 18:50:31.499,13.37149,13.37399,0.00,0.00
2018.04.12 18:50:31.561,13.37149,13.37368,0.00,0.00
2018.04.12 18:50:31.683,13.37148,13.37389,0.00,0.00
2018.04.12 18:50:32.148,13.37149,13.37399,0.00,0.00
2018.04.12 18:50:32.401,13.37149,13.37389,0.00,0.00
2018.04.12 18:50:32.949,13.37149,13.37399,0.00,0.00
2018.04.12 18:50:33.573,13.37149,13.37398,0.00,0.00
2018.04.12 18:50:33.674,13.37179,13.37409,0.00,0.00
2018.04.12 18:50:33.924,13.37229,13.37461,0.00,0.00
2018.04.12 18:50:36.026,13.37229,13.37478,0.00,0.00
2018.04.12 18:50:36.138,13.37229,13.37489,0.00,0.00
2018.04.12 18:50:36.188,13.37239,13.37489,0.00,0.00
2018.04.12 18:50:36.519,13.37229,13.37439,0.00,0.00
2018.04.12 18:50:36.990,13.37229,13.37499,0.00,0.00
2018.04.12 18:50:37.091,13.37229,13.37488,0.00,0.00
2018.04.12 18:50:37.405,13.37238,13.37489,0.00,0.00
2018.04.12 18:50:37.778,13.37238,13.37498,0.00,0.00
2018.04.12 18:50:38.391,13.37229,13.37488,0.00,0.00
2018.04.12 18:50:39.485,13.37229,13.37489,0.00,0.00
2018.04.12 18:50:42.009,13.37229,13.37482,0.00,0.00
2018.04.12 18:50:42.583,13.37229,13.37439,0.00,0.00
2018.04.12 18:50:44.059,13.37229,13.37479,0.00,0.00
2018.04.12 18:50:44.346,13.37229,13.37439,0.00,0.00
2018.04.12 18:50:46.118,13.37229,13.37438,0.00,0.00
2018.04.12 18:50:46.398,13.37158,13.37409,0.00,0.00
2018.04.12 18:50:46.448,13.37158,13.37398,0.00,0.00
2018.04.12 18:50:46.876,13.37029,13.37308,0.00,0.00
2018.04.12 18:50:46.927,13.37029,13.37289,0.00,0.00
2018.04.12 18:50:47.288,13.37029,13.37238,0.00,0.00
2018.04.12 18:50:47.585,13.37029,13.37278,0.00,0.00
2018.04.12 18:50:47.636,13.37031,13.37279,0.00,0.00
2018.04.12 18:50:48.380,13.37029,13.37289,0.00,0.00
2018.04.12 18:50:49.696,13.37048,13.37289,0.00,0.00
2018.04.12 18:50:50.478,13.37038,13.37289,0.00,0.00
2018.04.12 18:50:50.529,13.37029,13.37289,0.00,0.00
2018.04.12 18:50:50.835,13.37029,13.37299,0.00,0.00
2018.04.12 18:50:50.961,13.37038,13.37299,0.00,0.00
2018.04.12 18:50:52.066,13.37038,13.37298,0.00,0.00
2018.04.12 18:50:52.820,13.37038,13.37299,0.00,0.00
2018.04.12 18:50:53.360,13.37038,13.37298,0.00,0.00
2018.04.12 18:50:54.148,13.37038,13.37299,0.00,0.00
2018.04.12 18:50:54.614,13.37038,13.37268,0.00,0.00
2018.04.12 18:50:54.857,13.37038,13.37289,0.00,0.00
2018.04.12 18:50:54.962,13.37038,13.37241,0.00,0.00
2018.04.12 18:50:55.013,13.36962,13.37199,0.00,0.00
2018.04.12 18:50:55.244,13.36971,13.37199,0.00,0.00
2018.04.12 18:50:55.936,13.36972,13.37198,0.00,0.00
2018.04.12 18:50:56.291,13.36979,13.37198,0.00,0.00
2018.04.12 18:50:56.342,13.36971,13.37199,0.00,0.00
2018.04.12 18:50:58.116,13.36972,13.37198,0.00,0.00
2018.04.12 18:50:58.790,13.36971,13.37199,0.00,0.00
2018.04.12 18:51:01.245,13.36972,13.37198,0.00,0.00
2018.04.12 18:51:01.434,13.37028,13.37251,0.00,0.00
2018.04.12 18:51:01.485,13.37038,13.37298,0.00,0.00
2018.04.12 18:51:01.594,13.37038,13.37288,0.00,0.00
2018.04.12 18:51:02.130,13.37038,13.37289,0.00,0.00
2018.04.12 18:51:02.199,13.37038,13.37299,0.00,0.00
2018.04.12 18:51:02.742,13.37038,13.37298,0.00,0.00
2018.04.12 18:51:03.520,13.37039,13.37298,0.00,0.00
2018.04.12 18:51:04.089,13.36979,13.37209,0.00,0.00
2018.04.12 18:51:04.190,13.36959,13.37199,0.00,0.00
2018.04.12 18:51:04.241,13.36971,13.37199,0.00,0.00
2018.04.12 18:51:04.770,13.36972,13.37198,0.00,0.00
2018.04.12 18:51:05.319,13.36971,13.37199,0.00,0.00
2018.04.12 18:51:06.120,13.37039,13.37199,0.00,0.00
2018.04.12 18:51:06.171,13.37039,13.37291,0.00,0.00
2018.04.12 18:51:06.223,13.37039,13.37299,0.00,0.00
2018.04.12 18:51:08.498,13.37039,13.37259,0.00,0.00
2018.04.12 18:51:08.842,13.37039,13.37238,0.00,0.00
2018.04.12 18:51:11.109,13.37039,13.37289,0.00,0.00
2018.04.12 18:51:14.352,13.37039,13.37299,0.00,0.00
2018.04.12 18:51:15.213,13.37041,13.37299,0.00,0.00
2018.04.12 18:51:16.194,13.37102,13.37308,0.00,0.00
2018.04.12 18:51:16.245,13.37121,13.37378,0.00,0.00
2018.04.12 18:51:16.296,13.37128,13.37378,0.00,0.00
2018.04.12 18:51:17.073,13.37128,13.37388,0.00,0.00
2018.04.12 18:51:17.509,13.37128,13.37379,0.00,0.00
2018.04.12 18:51:17.610,13.37129,13.37399,0.00,0.00
2018.04.12 18:51:17.711,13.37138,13.37399,0.00,0.00
2018.04.12 18:51:18.048,13.37141,13.37399,0.00,0.00
2018.04.12 18:51:19.502,13.37138,13.37399,0.00,0.00
2018.04.12 18:51:20.633,13.37138,13.37398,0.00,0.00
2018.04.12 18:51:22.091,13.37138,13.37399,0.00,0.00
2018.04.12 18:51:23.687,13.37138,13.37398,0.00,0.00
2018.04.12 18:51:24.704,13.37138,13.37399,0.00,0.00
2018.04.12 18:51:26.652,13.37138,13.37398,0.00,0.00
2018.04.12 18:51:27.468,13.37138,13.37399,0.00,0.00
2018.04.12 18:51:31.072,13.37138,13.37398,0.00,0.00
2018.04.12 18:51:31.821,13.37138,13.37399,0.00,0.00
2018.04.12 18:51:32.481,13.37138,13.37398,0.00,0.00
2018.04.12 18:51:33.040,13.37138,13.37399,0.00,0.00
2018.04.12 18:51:33.091,13.37229,13.37438,0.00,0.00
2018.04.12 18:51:33.351,13.37228,13.37489,0.00,0.00
2018.04.12 18:51:34.251,13.37228,13.37498,0.00,0.00
2018.04.12 18:51:34.799,13.37228,13.37489,0.00,0.00
2018.04.12 18:51:35.267,13.37228,13.37479,0.00,0.00
2018.04.12 18:51:35.778,13.37228,13.37478,0.00,0.00
2018.04.12 18:51:36.761,13.37239,13.37489,0.00,0.00
2018.04.12 18:51:37.626,13.37239,13.37499,0.00,0.00
2018.04.12 18:51:37.695,13.37229,13.37499,0.00,0.00
2018.04.12 18:51:38.421,13.37229,13.37498,0.00,0.00
2018.04.12 18:51:40.906,13.37229,13.37499,0.00,0.00
2018.04.12 18:51:40.957,13.37248,13.37498,0.00,0.00
2018.04.12 18:51:41.263,13.37259,13.37499,0.00,0.00
2018.04.12 18:51:42.262,13.37248,13.37499,0.00,0.00
2018.04.12 18:51:43.237,13.37248,13.37498,0.00,0.00
2018.04.12 18:51:44.860,13.37249,13.37498,0.00,0.00
2018.04.12 18:51:44.911,13.37239,13.37488,0.00,0.00
2018.04.12 18:51:47.244,13.37239,13.37489,0.00,0.00
2018.04.12 18:51:48.311,13.37239,13.37498,0.00,0.00
2018.04.12 18:51:48.858,13.37239,13.37499,0.00,0.00
2018.04.12 18:51:50.037,13.37239,13.37498,0.00,0.00
2018.04.12 18:51:52.444,13.37239,13.37491,0.00,0.00
2018.04.12 18:51:52.823,13.37258,13.37499,0.00,0.00
2018.04.12 18:51:53.048,13.37249,13.37499,0.00,0.00
2018.04.12 18:51:53.350,13.37259,13.37499,0.00,0.00
2018.04.12 18:51:53.850,13.37248,13.37499,0.00,0.00
2018.04.12 18:51:56.440,13.37248,13.37498,0.00,0.00
2018.04.12 18:51:57.239,13.37248,13.37499,0.00,0.00
2018.04.12 18:51:57.391,13.37278,13.37509,0.00,0.00
2018.04.12 18:51:57.524,13.37268,13.37509,0.00,0.00
2018.04.12 18:51:57.574,13.37268,13.37499,0.00,0.00
2018.04.12 18:51:58.319,13.37268,13.37498,0.00,0.00
2018.04.12 18:51:59.090,13.37268,13.37499,0.00,0.00
2018.04.12 18:51:59.248,13.37329,13.37572,0.00,0.00
2018.04.12 18:51:59.705,13.37329,13.37578,0.00,0.00
2018.04.12 18:51:59.756,13.37278,13.37498,0.00,0.00
2018.04.12 18:51:59.807,13.37311,13.37539,0.00,0.00
2018.04.12 18:51:59.858,13.37328,13.37539,0.00,0.00
2018.04.12 18:52:00.018,13.37338,13.37589,0.00,0.00
2018.04.12 18:52:00.461,13.37338,13.37578,0.00,0.00
2018.04.12 18:52:00.962,13.37338,13.37599,0.00,0.00
2018.04.12 18:52:01.123,13.37338,13.37589,0.00,0.00
2018.04.12 18:52:01.877,13.37279,13.37508,0.00,0.00
2018.04.12 18:52:01.978,13.37248,13.37489,0.00,0.00
2018.04.12 18:52:02.110,13.37258,13.37498,0.00,0.00
2018.04.12 18:52:02.649,13.37258,13.37499,0.00,0.00
2018.04.12 18:52:03.432,13.37279,13.37509,0.00,0.00
2018.04.12 18:52:03.586,13.37259,13.37499,0.00,0.00
2018.04.12 18:52:04.449,13.37259,13.37498,0.00,0.00
2018.04.12 18:52:06.648,13.37239,13.37498,0.00,0.00
2018.04.12 18:52:07.002,13.37241,13.37499,0.00,0.00
2018.04.12 18:52:07.723,13.37242,13.37498,0.00,0.00
2018.04.12 18:52:09.079,13.37241,13.37499,0.00,0.00
2018.04.12 18:52:09.643,13.37248,13.37499,0.00,0.00
2018.04.12 18:52:11.840,13.37239,13.37499,0.00,0.00
2018.04.12 18:52:11.990,13.37239,13.37489,0.00,0.00
2018.04.12 18:52:12.041,13.37228,13.37489,0.00,0.00
2018.04.12 18:52:12.577,13.37228,13.37479,0.00,0.00
2018.04.12 18:52:14.220,13.37259,13.37479,0.00,0.00
2018.04.12 18:52:14.271,13.37229,13.37488,0.00,0.00
2018.04.12 18:52:14.372,13.37222,13.37429,0.00,0.00
2018.04.12 18:52:14.436,13.37161,13.37399,0.00,0.00
2018.04.12 18:52:14.488,13.37228,13.37429,0.00,0.00
2018.04.12 18:52:14.690,13.37228,13.37489,0.00,0.00
2018.04.12 18:52:15.363,13.37228,13.37499,0.00,0.00
2018.04.12 18:52:16.418,13.37228,13.37488,0.00,0.00
2018.04.12 18:52:16.732,13.37228,13.37439,0.00,0.00
2018.04.12 18:52:17.228,13.37171,13.37409,0.00,0.00
2018.04.12 18:52:17.279,13.37171,13.37399,0.00,0.00
2018.04.12 18:52:17.330,13.37158,13.37399,0.00,0.00
2018.04.12 18:52:18.051,13.37158,13.37441,0.00,0.00
2018.04.12 18:52:18.249,13.37158,13.37399,0.00,0.00
2018.04.12 18:52:18.392,13.37149,13.37399,0.00,0.00
2018.04.12 18:52:18.879,13.37151,13.37399,0.00,0.00
2018.04.12 18:52:19.031,13.37149,13.37398,0.00,0.00
2018.04.12 18:52:20.206,13.37162,13.37398,0.00,0.00
2018.04.12 18:52:20.592,13.37178,13.37409,0.00,0.00
2018.04.12 18:52:21.434,13.37228,13.37409,0.00,0.00
2018.04.12 18:52:21.586,13.37228,13.37439,0.00,0.00
2018.04.12 18:52:22.100,13.37228,13.37462,0.00,0.00
2018.04.12 18:52:22.151,13.37228,13.37499,0.00,0.00
2018.04.12 18:52:22.483,13.37228,13.37439,0.00,0.00
2018.04.12 18:52:22.679,13.37228,13.37459,0.00,0.00
2018.04.12 18:52:22.871,13.37228,13.37479,0.00,0.00
2018.04.12 18:52:23.461,13.37228,13.37478,0.00,0.00
2018.04.12 18:52:23.533,13.37228,13.37439,0.00,0.00
2018.04.12 18:52:24.053,13.37228,13.37438,0.00,0.00
2018.04.12 18:52:24.205,13.37249,13.37499,0.00,0.00
2018.04.12 18:52:24.716,13.37249,13.37498,0.00,0.00
2018.04.12 18:52:25.116,13.37229,13.37479,0.00,0.00
2018.04.12 18:52:25.217,13.37229,13.37439,0.00,0.00
2018.04.12 18:52:25.309,13.37229,13.37479,0.00,0.00
2018.04.12 18:52:25.602,13.37229,13.37439,0.00,0.00
2018.04.12 18:52:28.377,13.37178,13.37389,0.00,0.00
2018.04.12 18:52:28.478,13.37162,13.37399,0.00,0.00
2018.04.12 18:52:28.653,13.37158,13.37398,0.00,0.00
2018.04.12 18:52:28.834,13.37158,13.37409,0.00,0.00
2018.04.12 18:52:28.885,13.37171,13.37389,0.00,0.00
2018.04.12 18:52:29.856,13.37171,13.37399,0.00,0.00
2018.04.12 18:52:29.937,13.37172,13.37388,0.00,0.00
2018.04.12 18:52:30.172,13.37151,13.37389,0.00,0.00
2018.04.12 18:52:30.403,13.37149,13.37388,0.00,0.00
2018.04.12 18:52:30.618,13.37139,13.37388,0.00,0.00
2018.04.12 18:52:30.799,13.37158,13.37389,0.00,0.00
2018.04.12 18:52:30.852,13.37151,13.37389,0.00,0.00
2018.04.12 18:52:30.909,13.37149,13.37389,0.00,0.00
2018.04.12 18:52:31.531,13.37149,13.37388,0.00,0.00
2018.04.12 18:52:31.586,13.37138,13.37388,0.00,0.00
2018.04.12 18:52:32.268,13.37138,13.37389,0.00,0.00
2018.04.12 18:52:32.803,13.37092,13.37288,0.00,0.00
2018.04.12 18:52:32.935,13.37029,13.37288,0.00,0.00
2018.04.12 18:52:33.144,13.36971,13.37209,0.00,0.00
2018.04.12 18:52:33.537,13.36958,13.37188,0.00,0.00
2018.04.12 18:52:40.243,13.36958,13.37189,0.00,0.00
2018.04.12 18:52:41.390,13.36958,13.37188,0.00,0.00
2018.04.12 18:52:41.447,13.36949,13.37189,0.00,0.00
2018.04.12 18:52:41.765,13.36962,13.37188,0.00,0.00
2018.04.12 18:52:42.503,13.36961,13.37189,0.00,0.00
2018.04.12 18:52:44.922,13.36949,13.37188,0.00,0.00
2018.04.12 18:52:45.563,13.36962,13.37188,0.00,0.00
2018.04.12 18:52:46.843,13.37019,13.37279,0.00,0.00
2018.04.12 18:52:46.963,13.37028,13.37278,0.00,0.00
2018.04.12 18:52:47.542,13.37028,13.37272,0.00,0.00
2018.04.12 18:52:47.701,13.36972,13.37232,0.00,0.00
2018.04.12 18:52:47.752,13.37028,13.37239,0.00,0.00
2018.04.12 18:52:48.852,13.37028,13.37238,0.00,0.00
2018.04.12 18:52:49.218,13.37028,13.37272,0.00,0.00
2018.04.12 18:52:49.319,13.37028,13.37279,0.00,0.00
2018.04.12 18:52:49.510,13.37028,13.37238,0.00,0.00
2018.04.12 18:52:49.817,13.37028,13.37288,0.00,0.00
2018.04.12 18:52:49.868,13.37038,13.37289,0.00,0.00
2018.04.12 18:52:52.407,13.36958,13.37188,0.00,0.00
2018.04.12 18:52:52.458,13.36948,13.37189,0.00,0.00
2018.04.12 18:52:53.132,13.36948,13.37188,0.00,0.00
2018.04.12 18:52:53.605,13.36968,13.37188,0.00,0.00
2018.04.12 18:52:53.656,13.37018,13.37239,0.00,0.00
2018.04.12 18:52:53.758,13.37028,13.37239,0.00,0.00
2018.04.12 18:52:54.264,13.36978,13.37188,0.00,0.00
2018.04.12 18:52:54.315,13.36972,13.37188,0.00,0.00
2018.04.12 18:52:54.416,13.36972,13.37198,0.00,0.00
2018.04.12 18:52:54.831,13.36971,13.37209,0.00,0.00
2018.04.12 18:52:54.883,13.36988,13.37209,0.00,0.00
2018.04.12 18:52:55.290,13.36971,13.37189,0.00,0.00
2018.04.12 18:52:55.958,13.36972,13.37198,0.00,0.00
2018.04.12 18:52:56.078,13.36971,13.37189,0.00,0.00
2018.04.12 18:52:56.482,13.36989,13.37209,0.00,0.00
2018.04.12 18:52:56.732,13.36989,13.37239,0.00,0.00
2018.04.12 18:52:56.783,13.37028,13.37239,0.00,0.00
2018.04.12 18:52:57.611,13.37028,13.37238,0.00,0.00
2018.04.12 18:52:59.125,13.37028,13.37269,0.00,0.00
2018.04.12 18:52:59.226,13.37029,13.37288,0.00,0.00
2018.04.12 18:52:59.456,13.37028,13.37238,0.00,0.00
2018.04.12 18:53:00.107,13.37028,13.37239,0.00,0.00
2018.04.12 18:53:00.643,13.37028,13.37258,0.00,0.00
2018.04.12 18:53:01.542,13.37028,13.37259,0.00,0.00
2018.04.12 18:53:02.196,13.37029,13.37259,0.00,0.00
2018.04.12 18:53:02.247,13.37029,13.37288,0.00,0.00
2018.04.12 18:53:02.848,13.37028,13.37288,0.00,0.00
2018.04.12 18:53:03.064,13.37028,13.37239,0.00,0.00
2018.04.12 18:53:03.911,13.37028,13.37269,0.00,0.00
2018.04.12 18:53:03.967,13.37032,13.37268,0.00,0.00
2018.04.12 18:53:04.349,13.37028,13.37269,0.00,0.00
2018.04.12 18:53:04.700,13.37039,13.37288,0.00,0.00
2018.04.12 18:53:04.751,13.37052,13.37288,0.00,0.00
2018.04.12 18:53:04.960,13.37039,13.37289,0.00,0.00
2018.04.12 18:53:05.765,13.37039,13.37288,0.00,0.00
2018.04.12 18:53:06.282,13.37039,13.37289,0.00,0.00
2018.04.12 18:53:06.333,13.37029,13.37288,0.00,0.00
2018.04.12 18:53:06.383,13.37029,13.37238,0.00,0.00
2018.04.12 18:53:06.484,13.37029,13.37288,0.00,0.00
2018.04.12 18:53:06.535,13.37031,13.37289,0.00,0.00
2018.04.12 18:53:07.082,13.37029,13.37239,0.00,0.00
2018.04.12 18:53:07.183,13.37029,13.37259,0.00,0.00
2018.04.12 18:53:07.334,13.37028,13.37289,0.00,0.00
2018.04.12 18:53:08.070,13.37028,13.37288,0.00,0.00
2018.04.12 18:53:08.242,13.37028,13.37278,0.00,0.00
2018.04.12 18:53:08.615,13.37028,13.37238,0.00,0.00
2018.04.12 18:53:08.780,13.37028,13.37288,0.00,0.00
2018.04.12 18:53:09.394,13.37028,13.37289,0.00,0.00
2018.04.12 18:53:12.419,13.37028,13.37288,0.00,0.00
2018.04.12 18:53:13.409,13.37028,13.37289,0.00,0.00
2018.04.12 18:53:13.738,13.37028,13.37239,0.00,0.00
2018.04.12 18:53:13.840,13.37028,13.37288,0.00,0.00
2018.04.12 18:53:14.131,13.37032,13.37288,0.00,0.00
2018.04.12 18:53:14.510,13.37038,13.37269,0.00,0.00
2018.04.12 18:53:14.942,13.37038,13.37289,0.00,0.00
2018.04.12 18:53:17.587,13.37058,13.37289,0.00,0.00
2018.04.12 18:53:19.588,13.37058,13.37288,0.00,0.00
2018.04.12 18:53:22.226,13.37058,13.37289,0.00,0.00
2018.04.12 18:53:22.928,13.37058,13.37288,0.00,0.00
2018.04.12 18:53:23.872,13.37058,13.37289,0.00,0.00
2018.04.12 18:53:29.310,13.37038,13.37289,0.00,0.00
2018.04.12 18:53:29.813,13.37038,13.37259,0.00,0.00
2018.04.12 18:53:29.864,13.37038,13.37288,0.00,0.00
2018.04.12 18:53:30.401,13.37038,13.37289,0.00,0.00
2018.04.12 18:53:31.049,13.37038,13.37288,0.00,0.00
2018.04.12 18:53:31.232,13.37059,13.37288,0.00,0.00
2018.04.12 18:53:31.842,13.37058,13.37288,0.00,0.00
2018.04.12 18:53:34.920,13.37058,13.37289,0.00,0.00
2018.04.12 18:53:37.699,13.37058,13.37288,0.00,0.00
2018.04.12 18:53:38.271,13.37058,13.37289,0.00,0.00
2018.04.12 18:53:38.609,13.37058,13.37309,0.00,0.00
2018.04.12 18:53:38.660,13.37089,13.37308,0.00,0.00
2018.04.12 18:53:39.819,13.37048,13.37288,0.00,0.00
2018.04.12 18:53:40.462,13.37048,13.37289,0.00,0.00
2018.04.12 18:53:41.125,13.37049,13.37289,0.00,0.00
2018.04.12 18:53:43.317,13.37049,13.37299,0.00,0.00
2018.04.12 18:53:43.369,13.37128,13.37328,0.00,0.00
2018.04.12 18:53:43.420,13.37128,13.37359,0.00,0.00
2018.04.12 18:53:44.894,13.37128,13.37358,0.00,0.00
2018.04.12 18:53:45.924,13.37128,13.37369,0.00,0.00
2018.04.12 18:53:48.107,13.37128,13.37298,0.00,0.00
2018.04.12 18:53:48.157,13.37079,13.37289,0.00,0.00
2018.04.12 18:53:48.289,13.37071,13.37289,0.00,0.00
2018.04.12 18:53:48.549,13.37111,13.37329,0.00,0.00
2018.04.12 18:53:48.600,13.37111,13.37339,0.00,0.00
2018.04.12 18:53:48.651,13.37118,13.37339,0.00,0.00
2018.04.12 18:53:49.045,13.37128,13.37339,0.00,0.00
2018.04.12 18:53:49.480,13.37128,13.37368,0.00,0.00
2018.04.12 18:53:49.689,13.37128,13.37338,0.00,0.00
2018.04.12 18:53:50.110,13.37128,13.37259,0.00,0.00
2018.04.12 18:53:50.162,13.37048,13.37289,0.00,0.00
2018.04.12 18:53:50.315,13.37071,13.37289,0.00,0.00
2018.04.12 18:53:51.029,13.37072,13.37288,0.00,0.00
2018.04.12 18:53:51.244,13.37089,13.37309,0.00,0.00
2018.04.12 18:53:51.295,13.37119,13.37368,0.00,0.00
2018.04.12 18:53:51.345,13.37129,13.37369,0.00,0.00
2018.04.12 18:53:51.396,13.37129,13.37381,0.00,0.00
2018.04.12 18:53:51.620,13.37138,13.37381,0.00,0.00
2018.04.12 18:53:52.651,13.37129,13.37359,0.00,0.00
2018.04.12 18:53:52.702,13.37139,13.37378,0.00,0.00
2018.04.12 18:53:53.379,13.37138,13.37379,0.00,0.00
2018.04.12 18:53:53.629,13.37138,13.37389,0.00,0.00
2018.04.12 18:53:54.242,13.37138,13.37388,0.00,0.00
2018.04.12 18:53:54.527,13.37158,13.37389,0.00,0.00
2018.04.12 18:53:55.217,13.37158,13.37398,0.00,0.00
2018.04.12 18:53:55.268,13.37222,13.37438,0.00,0.00
2018.04.12 18:53:55.369,13.37229,13.37461,0.00,0.00
2018.04.12 18:53:58.054,13.37229,13.37479,0.00,0.00
2018.04.12 18:53:58.105,13.37229,13.37468,0.00,0.00
2018.04.12 18:53:58.745,13.37229,13.37469,0.00,0.00
2018.04.12 18:53:59.410,13.37229,13.37468,0.00,0.00
2018.04.12 18:54:00.064,13.37229,13.37469,0.00,0.00
2018.04.12 18:54:00.167,13.37139,13.37389,0.00,0.00
2018.04.12 18:54:00.319,13.37158,13.37408,0.00,0.00
2018.04.12 18:54:00.538,13.37159,13.37438,0.00,0.00
2018.04.12 18:54:00.589,13.37189,13.37439,0.00,0.00
2018.04.12 18:54:01.390,13.37189,13.37438,0.00,0.00
2018.04.12 18:54:01.728,13.37229,13.37438,0.00,0.00
2018.04.12 18:54:02.013,13.37229,13.37469,0.00,0.00
2018.04.12 18:54:02.315,13.37179,13.37389,0.00,0.00
2018.04.12 18:54:02.366,13.37158,13.37389,0.00,0.00
2018.04.12 18:54:03.086,13.37139,13.37389,0.00,0.00
2018.04.12 18:54:06.251,13.37139,13.37388,0.00,0.00
2018.04.12 18:54:06.999,13.37139,13.37389,0.00,0.00
2018.04.12 18:54:07.534,13.37139,13.37388,0.00,0.00
2018.04.12 18:54:09.389,13.37139,13.37389,0.00,0.00
2018.04.12 18:54:11.699,13.37139,13.37388,0.00,0.00
2018.04.12 18:54:13.806,13.37138,13.37389,0.00,0.00
2018.04.12 18:54:14.569,13.37138,13.37379,0.00,0.00
2018.04.12 18:54:14.671,13.37138,13.37388,0.00,0.00
2018.04.12 18:54:15.264,13.37138,13.37389,0.00,0.00
2018.04.12 18:54:16.323,13.37138,13.37388,0.00,0.00
2018.04.12 18:54:16.595,13.37138,13.37379,0.00,0.00
2018.04.12 18:54:17.286,13.37138,13.37388,0.00,0.00
2018.04.12 18:54:17.337,13.37148,13.37388,0.00,0.00
2018.04.12 18:54:17.981,13.37152,13.37388,0.00,0.00
2018.04.12 18:54:18.088,13.37148,13.37388,0.00,0.00
2018.04.12 18:54:18.435,13.37139,13.37389,0.00,0.00
2018.04.12 18:54:19.033,13.37139,13.37388,0.00,0.00
2018.04.12 18:54:19.185,13.37139,13.37379,0.00,0.00
2018.04.12 18:54:19.284,13.37139,13.37389,0.00,0.00
2018.04.12 18:54:19.386,13.37142,13.37388,0.00,0.00
2018.04.12 18:54:20.674,13.37141,13.37389,0.00,0.00
2018.04.12 18:54:21.389,13.37139,13.37389,0.00,0.00
2018.04.12 18:54:25.875,13.37141,13.37389,0.00,0.00
2018.04.12 18:54:26.836,13.37139,13.37388,0.00,0.00
2018.04.12 18:54:27.416,13.37139,13.37389,0.00,0.00
2018.04.12 18:54:27.467,13.37171,13.37389,0.00,0.00
2018.04.12 18:54:27.970,13.37172,13.37388,0.00,0.00
2018.04.12 18:54:28.729,13.37151,13.37389,0.00,0.00
2018.04.12 18:54:29.290,13.37152,13.37388,0.00,0.00
2018.04.12 18:54:30.129,13.37139,13.37388,0.00,0.00
2018.04.12 18:54:33.673,13.37151,13.37389,0.00,0.00
2018.04.12 18:54:33.724,13.37139,13.37389,0.00,0.00
2018.04.12 18:54:35.169,13.37158,13.37389,0.00,0.00
2018.04.12 18:54:35.321,13.37171,13.37409,0.00,0.00
2018.04.12 18:54:37.147,13.37172,13.37388,0.00,0.00
2018.04.12 18:54:37.942,13.37171,13.37389,0.00,0.00
2018.04.12 18:54:37.994,13.37149,13.37388,0.00,0.00
2018.04.12 18:54:38.079,13.37149,13.37368,0.00,0.00
2018.04.12 18:54:38.131,13.37138,13.37368,0.00,0.00
2018.04.12 18:54:38.650,13.37138,13.37369,0.00,0.00
2018.04.12 18:54:38.717,13.37129,13.37369,0.00,0.00
2018.04.12 18:54:38.768,13.37129,13.37358,0.00,0.00
2018.04.12 18:54:39.313,13.37129,13.37359,0.00,0.00
2018.04.12 18:54:39.465,13.37129,13.37369,0.00,0.00
2018.04.12 18:54:40.395,13.37129,13.37368,0.00,0.00
2018.04.12 18:54:41.079,13.37129,13.37359,0.00,0.00
2018.04.12 18:54:41.664,13.37129,13.37358,0.00,0.00
2018.04.12 18:54:41.856,13.37129,13.37369,0.00,0.00
2018.04.12 18:54:41.907,13.37149,13.37368,0.00,0.00
2018.04.12 18:54:41.986,13.37149,13.37388,0.00,0.00
2018.04.12 18:54:42.087,13.37138,13.37389,0.00,0.00
2018.04.12 18:54:42.142,13.37138,13.37378,0.00,0.00
2018.04.12 18:54:42.654,13.37138,13.37379,0.00,0.00
2018.04.12 18:54:43.035,13.37129,13.37369,0.00,0.00
2018.04.12 18:54:43.432,13.37129,13.37359,0.00,0.00
2018.04.12 18:54:43.676,13.37129,13.37368,0.00,0.00
2018.04.12 18:54:43.869,13.37129,13.37389,0.00,0.00
2018.04.12 18:54:43.920,13.37129,13.37369,0.00,0.00
2018.04.12 18:54:44.179,13.37129,13.37378,0.00,0.00
2018.04.12 18:54:44.230,13.37148,13.37378,0.00,0.00
2018.04.12 18:54:44.281,13.37129,13.37369,0.00,0.00
2018.04.12 18:54:44.491,13.37129,13.37358,0.00,0.00
2018.04.12 18:54:44.887,13.37131,13.37359,0.00,0.00
2018.04.12 18:54:46.337,13.37132,13.37368,0.00,0.00
2018.04.12 18:54:46.390,13.37138,13.37368,0.00,0.00
2018.04.12 18:54:48.680,13.37138,13.37389,0.00,0.00
2018.04.12 18:54:48.781,13.37152,13.37388,0.00,0.00
2018.04.12 18:54:49.281,13.37138,13.37388,0.00,0.00
2018.04.12 18:54:49.478,13.37151,13.37389,0.00,0.00
2018.04.12 18:54:53.021,13.37152,13.37398,0.00,0.00
2018.04.12 18:54:53.072,13.37231,13.37439,0.00,0.00
2018.04.12 18:54:53.879,13.37232,13.37438,0.00,0.00
2018.04.12 18:54:54.090,13.37228,13.37482,0.00,0.00
2018.04.12 18:54:54.198,13.37232,13.37482,0.00,0.00
2018.04.12 18:54:54.533,13.37172,13.37388,0.00,0.00
2018.04.12 18:54:54.584,13.37139,13.37389,0.00,0.00
2018.04.12 18:54:54.635,13.37172,13.37378,0.00,0.00
2018.04.12 18:54:55.200,13.37211,13.37379,0.00,0.00
2018.04.12 18:54:55.422,13.37172,13.37388,0.00,0.00
2018.04.12 18:54:56.015,13.37171,13.37389,0.00,0.00
2018.04.12 18:54:56.917,13.37171,13.37369,0.00,0.00
2018.04.12 18:54:57.068,13.37171,13.37379,0.00,0.00
2018.04.12 18:54:57.608,13.37211,13.37389,0.00,0.00
2018.04.12 18:54:57.659,13.37181,13.37389,0.00,0.00
2018.04.12 18:54:57.710,13.37211,13.37389,0.00,0.00
2018.04.12 18:54:58.268,13.37182,13.37398,0.00,0.00
2018.04.12 18:54:58.818,13.37181,13.37399,0.00,0.00
2018.04.12 18:54:59.268,13.37169,13.37442,0.00,0.00
2018.04.12 18:54:59.320,13.37181,13.37399,0.00,0.00
2018.04.12 18:54:59.878,13.37212,13.37398,0.00,0.00
2018.04.12 18:55:00.099,13.37192,13.37398,0.00,0.00
2018.04.12 18:55:00.716,13.37232,13.37438,0.00,0.00
2018.04.12 18:55:02.400,13.37231,13.37469,0.00,0.00
2018.04.12 18:55:02.992,13.37232,13.37438,0.00,0.00
2018.04.12 18:55:04.527,13.37231,13.37439,0.00,0.00
2018.04.12 18:55:05.157,13.37239,13.37479,0.00,0.00
2018.04.12 18:55:05.677,13.37332,13.37558,0.00,0.00
2018.04.12 18:55:06.003,13.37331,13.37579,0.00,0.00
2018.04.12 18:55:06.155,13.37348,13.37578,0.00,0.00
2018.04.12 18:55:06.206,13.37331,13.37569,0.00,0.00
2018.04.12 18:55:06.763,13.37331,13.37539,0.00,0.00
2018.04.12 18:55:07.217,13.37331,13.37599,0.00,0.00
2018.04.12 18:55:07.268,13.37341,13.37579,0.00,0.00
2018.04.12 18:55:07.630,13.37332,13.37508,0.00,0.00
2018.04.12 18:55:07.681,13.37329,13.37548,0.00,0.00
2018.04.12 18:55:07.874,13.37319,13.37508,0.00,0.00
2018.04.12 18:55:07.925,13.37281,13.37499,0.00,0.00
2018.04.12 18:55:07.975,13.37331,13.37539,0.00,0.00
2018.04.12 18:55:08.207,13.37332,13.37568,0.00,0.00
2018.04.12 18:55:08.461,13.37331,13.37529,0.00,0.00
2018.04.12 18:55:08.512,13.37331,13.37539,0.00,0.00
2018.04.12 18:55:08.563,13.37332,13.37568,0.00,0.00
2018.04.12 18:55:08.614,13.37341,13.37569,0.00,0.00
2018.04.12 18:55:09.145,13.37342,13.37568,0.00,0.00
2018.04.12 18:55:09.530,13.37341,13.37579,0.00,0.00
2018.04.12 18:55:09.638,13.37332,13.37578,0.00,0.00
2018.04.12 18:55:10.418,13.37332,13.37588,0.00,0.00
2018.04.12 18:55:11.091,13.37331,13.37589,0.00,0.00
2018.04.12 18:55:11.596,13.37331,13.37579,0.00,0.00
2018.04.12 18:55:12.116,13.37332,13.37578,0.00,0.00
2018.04.12 18:55:19.910,13.37331,13.37579,0.00,0.00
2018.04.12 18:55:21.261,13.37342,13.37578,0.00,0.00
2018.04.12 18:55:22.759,13.37332,13.37578,0.00,0.00
2018.04.12 18:55:23.315,13.37332,13.37588,0.00,0.00
2018.04.12 18:55:23.597,13.37331,13.37579,0.00,0.00
2018.04.12 18:55:24.356,13.37332,13.37588,0.00,0.00
2018.04.12 18:55:26.380,13.37331,13.37579,0.00,0.00
2018.04.12 18:55:31.740,13.37332,13.37578,0.00,0.00
2018.04.12 18:55:31.799,13.37331,13.37589,0.00,0.00
2018.04.12 18:55:31.851,13.37341,13.37589,0.00,0.00
2018.04.12 18:55:32.162,13.37361,13.37589,0.00,0.00
2018.04.12 18:55:32.425,13.37352,13.37588,0.00,0.00
2018.04.12 18:55:32.476,13.37428,13.37608,0.00,0.00
2018.04.12 18:55:32.601,13.37368,13.37588,0.00,0.00
2018.04.12 18:55:32.652,13.37349,13.37588,0.00,0.00
2018.04.12 18:55:33.367,13.37349,13.37578,0.00,0.00
2018.04.12 18:55:34.192,13.37349,13.37589,0.00,0.00
2018.04.12 18:55:34.484,13.37341,13.37589,0.00,0.00
2018.04.12 18:55:34.535,13.37338,13.37578,0.00,0.00
2018.04.12 18:55:35.558,13.37338,13.37568,0.00,0.00
2018.04.12 18:55:36.089,13.37338,13.37569,0.00,0.00
2018.04.12 18:55:36.415,13.37338,13.37588,0.00,0.00
2018.04.12 18:55:38.799,13.37339,13.37579,0.00,0.00
2018.04.12 18:55:39.131,13.37339,13.37588,0.00,0.00
2018.04.12 18:55:39.199,13.37339,13.37579,0.00,0.00
2018.04.12 18:55:39.250,13.37332,13.37578,0.00,0.00
2018.04.12 18:55:39.352,13.37341,13.37579,0.00,0.00
2018.04.12 18:55:39.738,13.37331,13.37559,0.00,0.00
2018.04.12 18:55:40.166,13.37332,13.37568,0.00,0.00
2018.04.12 18:55:40.969,13.37331,13.37579,0.00,0.00
2018.04.12 18:55:41.122,13.37331,13.37569,0.00,0.00
2018.04.12 18:55:41.261,13.37332,13.37578,0.00,0.00
2018.04.12 18:55:41.529,13.37341,13.37579,0.00,0.00
2018.04.12 18:55:43.632,13.37341,13.37569,0.00,0.00
2018.04.12 18:55:43.683,13.37331,13.37569,0.00,0.00
2018.04.12 18:55:43.734,13.37338,13.37569,0.00,0.00
2018.04.12 18:55:44.933,13.37348,13.37569,0.00,0.00
2018.04.12 18:55:44.984,13.37331,13.37579,0.00,0.00
2018.04.12 18:55:45.521,13.37332,13.37578,0.00,0.00
2018.04.12 18:55:46.281,13.37332,13.37588,0.00,0.00
2018.04.12 18:55:46.588,13.37331,13.37579,0.00,0.00
2018.04.12 18:55:47.121,13.37338,13.37578,0.00,0.00
2018.04.12 18:55:47.222,13.37338,13.37589,0.00,0.00
2018.04.12 18:55:47.421,13.37338,13.37578,0.00,0.00
2018.04.12 18:55:47.892,13.37342,13.37578,0.00,0.00
2018.04.12 18:55:48.194,13.37341,13.37589,0.00,0.00
2018.04.12 18:55:48.295,13.37351,13.37589,0.00,0.00
2018.04.12 18:55:48.625,13.37361,13.37589,0.00,0.00
2018.04.12 18:55:49.245,13.37362,13.37588,0.00,0.00
2018.04.12 18:55:52.486,13.37328,13.37538,0.00,0.00
2018.04.12 18:55:53.174,13.37328,13.37539,0.00,0.00
2018.04.12 18:55:54.809,13.37328,13.37559,0.00,0.00
2018.04.12 18:55:54.860,13.37342,13.37558,0.00,0.00
2018.04.12 18:55:55.275,13.37341,13.37579,0.00,0.00
2018.04.12 18:55:55.326,13.37341,13.37569,0.00,0.00
2018.04.12 18:55:56.058,13.37342,13.37558,0.00,0.00
2018.04.12 18:55:57.197,13.37341,13.37509,0.00,0.00
2018.04.12 18:55:57.248,13.37328,13.37529,0.00,0.00
2018.04.12 18:55:57.863,13.37328,13.37528,0.00,0.00
2018.04.12 18:55:59.207,13.37328,13.37539,0.00,0.00
2018.04.12 18:55:59.257,13.37342,13.37538,0.00,0.00
2018.04.12 18:55:59.740,13.37279,13.37498,0.00,0.00
2018.04.12 18:55:59.843,13.37259,13.37498,0.00,0.00
2018.04.12 18:56:00.344,13.37259,13.37499,0.00,0.00
2018.04.12 18:56:01.812,13.37249,13.37499,0.00,0.00
2018.04.12 18:56:01.863,13.37249,13.37469,0.00,0.00
2018.04.12 18:56:01.914,13.37242,13.37468,0.00,0.00
2018.04.12 18:56:01.965,13.37241,13.37489,0.00,0.00
2018.04.12 18:56:02.016,13.37262,13.37488,0.00,0.00
2018.04.12 18:56:02.204,13.37261,13.37499,0.00,0.00
2018.04.12 18:56:02.306,13.37241,13.37499,0.00,0.00
2018.04.12 18:56:03.980,13.37259,13.37499,0.00,0.00
2018.04.12 18:56:04.448,13.37262,13.37498,0.00,0.00
2018.04.12 18:56:04.550,13.37259,13.37498,0.00,0.00
2018.04.12 18:56:04.660,13.37252,13.37498,0.00,0.00
2018.04.12 18:56:04.712,13.37251,13.37479,0.00,0.00
2018.04.12 18:56:04.762,13.37249,13.37478,0.00,0.00
2018.04.12 18:56:05.335,13.37249,13.37489,0.00,0.00
2018.04.12 18:56:05.926,13.37249,13.37488,0.00,0.00
2018.04.12 18:56:08.479,13.37249,13.37498,0.00,0.00
2018.04.12 18:56:09.603,13.37242,13.37492,0.00,0.00
2018.04.12 18:56:09.654,13.37181,13.37399,0.00,0.00
2018.04.12 18:56:09.705,13.37178,13.37399,0.00,0.00
2018.04.12 18:56:09.756,13.37171,13.37399,0.00,0.00
2018.04.12 18:56:10.104,13.37191,13.37399,0.00,0.00
2018.04.12 18:56:10.278,13.37172,13.37398,0.00,0.00
2018.04.12 18:56:10.659,13.37201,13.37399,0.00,0.00
2018.04.12 18:56:11.107,13.37221,13.37422,0.00,0.00
2018.04.12 18:56:11.187,13.37228,13.37422,0.00,0.00
2018.04.12 18:56:12.179,13.37221,13.37422,0.00,0.00
2018.04.12 18:56:12.230,13.37178,13.37399,0.00,0.00
2018.04.12 18:56:12.281,13.37202,13.37398,0.00,0.00
2018.04.12 18:56:12.749,13.37171,13.37399,0.00,0.00
2018.04.12 18:56:13.303,13.37202,13.37399,0.00,0.00
2018.04.12 18:56:13.800,13.37241,13.37439,0.00,0.00
2018.04.12 18:56:14.317,13.37222,13.37408,0.00,0.00
2018.04.12 18:56:14.867,13.37221,13.37409,0.00,0.00
2018.04.12 18:56:15.317,13.37222,13.37398,0.00,0.00
2018.04.12 18:56:16.348,13.37221,13.37399,0.00,0.00
2018.04.12 18:56:16.609,13.37222,13.37408,0.00,0.00
2018.04.12 18:56:17.565,13.37222,13.37398,0.00,0.00
2018.04.12 18:56:18.170,13.37221,13.37399,0.00,0.00
2018.04.12 18:56:20.770,13.37222,13.37398,0.00,0.00
2018.04.12 18:56:21.728,13.37221,13.37399,0.00,0.00
2018.04.12 18:56:22.729,13.37222,13.37398,0.00,0.00
2018.04.12 18:56:23.447,13.37221,13.37399,0.00,0.00
2018.04.12 18:56:25.007,13.37222,13.37398,0.00,0.00
2018.04.12 18:56:26.325,13.37242,13.37489,0.00,0.00
2018.04.12 18:56:27.112,13.37241,13.37489,0.00,0.00
2018.04.12 18:56:27.169,13.37241,13.37499,0.00,0.00
2018.04.12 18:56:28.898,13.37242,13.37498,0.00,0.00
2018.04.12 18:56:32.445,13.37241,13.37499,0.00,0.00
2018.04.12 18:56:34.043,13.37232,13.37482,0.00,0.00
2018.04.12 18:56:34.264,13.37231,13.37489,0.00,0.00
2018.04.12 18:56:34.315,13.37241,13.37499,0.00,0.00
2018.04.12 18:56:36.823,13.37242,13.37498,0.00,0.00
2018.04.12 18:56:38.842,13.37241,13.37499,0.00,0.00
2018.04.12 18:56:42.719,13.37242,13.37498,0.00,0.00
2018.04.12 18:56:43.536,13.37242,13.37491,0.00,0.00
2018.04.12 18:56:43.950,13.37221,13.37399,0.00,0.00
2018.04.12 18:56:44.016,13.37221,13.37409,0.00,0.00
2018.04.12 18:56:44.125,13.37222,13.37398,0.00,0.00
2018.04.12 18:56:44.680,13.37221,13.37399,0.00,0.00
2018.04.12 18:56:45.351,13.37222,13.37398,0.00,0.00
2018.04.12 18:56:48.199,13.37221,13.37399,0.00,0.00
2018.04.12 18:56:50.246,13.37222,13.37398,0.00,0.00
2018.04.12 18:56:58.773,13.37231,13.37399,0.00,0.00
2018.04.12 18:56:58.871,13.37221,13.37399,0.00,0.00
2018.04.12 18:56:59.900,13.37222,13.37398,0.00,0.00
2018.04.12 18:57:00.763,13.37221,13.37399,0.00,0.00
2018.04.12 18:57:01.920,13.37222,13.37398,0.00,0.00
2018.04.12 18:57:04.364,13.37141,13.37369,0.00,0.00
2018.04.12 18:57:04.466,13.37138,13.37338,0.00,0.00
2018.04.12 18:57:04.568,13.37138,13.37392,0.00,0.00
2018.04.12 18:57:04.841,13.37149,13.37399,0.00,0.00
2018.04.12 18:57:05.404,13.37149,13.37398,0.00,0.00
2018.04.12 18:57:05.730,13.37149,13.37389,0.00,0.00
2018.04.12 18:57:06.489,13.37149,13.37299,0.00,0.00
2018.04.12 18:57:06.540,13.37091,13.37299,0.00,0.00
2018.04.12 18:57:06.849,13.37071,13.37299,0.00,0.00
2018.04.12 18:57:07.479,13.37072,13.37298,0.00,0.00
2018.04.12 18:57:07.772,13.37081,13.37319,0.00,0.00
2018.04.12 18:57:09.456,13.37082,13.37298,0.00,0.00
2018.04.12 18:57:10.774,13.37071,13.37259,0.00,0.00
2018.04.12 18:57:10.825,13.37071,13.37289,0.00,0.00
2018.04.12 18:57:11.412,13.37128,13.37299,0.00,0.00
2018.04.12 18:57:11.514,13.37069,13.37298,0.00,0.00
2018.04.12 18:57:12.069,13.37069,13.37299,0.00,0.00
2018.04.12 18:57:12.730,13.37069,13.37241,0.00,0.00
2018.04.12 18:57:12.781,13.37001,13.37199,0.00,0.00
2018.04.12 18:57:12.948,13.36971,13.37199,0.00,0.00
2018.04.12 18:57:13.370,13.36981,13.37199,0.00,0.00
2018.04.12 18:57:14.364,13.36982,13.37198,0.00,0.00
2018.04.12 18:57:16.440,13.36981,13.37199,0.00,0.00
2018.04.12 18:57:17.308,13.36982,13.37198,0.00,0.00
2018.04.12 18:57:18.618,13.36981,13.37199,0.00,0.00
2018.04.12 18:57:18.669,13.36972,13.37198,0.00,0.00
2018.04.12 18:57:19.497,13.36971,13.37199,0.00,0.00
2018.04.12 18:57:20.543,13.36982,13.37198,0.00,0.00
2018.04.12 18:57:21.149,13.36981,13.37199,0.00,0.00
2018.04.12 18:57:22.652,13.36972,13.37198,0.00,0.00
2018.04.12 18:57:22.866,13.36981,13.37199,0.00,0.00
2018.04.12 18:57:23.101,13.36972,13.37198,0.00,0.00
2018.04.12 18:57:23.576,13.36981,13.37199,0.00,0.00
2018.04.12 18:57:23.888,13.36972,13.37188,0.00,0.00
2018.04.12 18:57:24.791,13.36982,13.37198,0.00,0.00
2018.04.12 18:57:25.046,13.36971,13.37189,0.00,0.00
2018.04.12 18:57:25.097,13.36982,13.37188,0.00,0.00
2018.04.12 18:57:25.913,13.36972,13.37188,0.00,0.00
2018.04.12 18:57:25.964,13.36971,13.37199,0.00,0.00
2018.04.12 18:57:26.176,13.36971,13.37189,0.00,0.00
2018.04.12 18:57:26.617,13.36971,13.37199,0.00,0.00
2018.04.12 18:57:27.119,13.36958,13.37241,0.00,0.00
2018.04.12 18:57:28.312,13.36971,13.37199,0.00,0.00
2018.04.12 18:57:28.793,13.36981,13.37199,0.00,0.00
2018.04.12 18:57:30.364,13.36991,13.37199,0.00,0.00
2018.04.12 18:57:31.026,13.36902,13.37098,0.00,0.00
2018.04.12 18:57:31.241,13.36862,13.37098,0.00,0.00
2018.04.12 18:57:31.702,13.36872,13.37098,0.00,0.00
2018.04.12 18:57:33.134,13.36878,13.37098,0.00,0.00
2018.04.12 18:57:33.286,13.36871,13.37099,0.00,0.00
2018.04.12 18:57:33.337,13.36861,13.37099,0.00,0.00
2018.04.12 18:57:36.701,13.36861,13.37091,0.00,0.00
2018.04.12 18:57:36.752,13.36852,13.37091,0.00,0.00
2018.04.12 18:57:36.853,13.36851,13.37099,0.00,0.00
2018.04.12 18:57:37.754,13.36852,13.37098,0.00,0.00
2018.04.12 18:57:37.898,13.36849,13.37099,0.00,0.00
2018.04.12 18:57:40.160,13.36849,13.37058,0.00,0.00
2018.04.12 18:57:40.276,13.36841,13.37059,0.00,0.00
2018.04.12 18:57:40.327,13.36848,13.37078,0.00,0.00
2018.04.12 18:57:40.479,13.36829,13.36998,0.00,0.00
2018.04.12 18:57:40.531,13.36829,13.37078,0.00,0.00
2018.04.12 18:57:40.874,13.36829,13.37099,0.00,0.00
2018.04.12 18:57:40.925,13.36848,13.37098,0.00,0.00
2018.04.12 18:57:41.767,13.36848,13.37099,0.00,0.00
2018.04.12 18:57:42.301,13.36848,13.37098,0.00,0.00
2018.04.12 18:57:43.422,13.36848,13.37099,0.00,0.00
2018.04.12 18:57:44.538,13.36848,13.37098,0.00,0.00
2018.04.12 18:57:45.078,13.36848,13.37099,0.00,0.00
2018.04.12 18:57:45.630,13.36848,13.37098,0.00,0.00
2018.04.12 18:57:46.385,13.36848,13.37099,0.00,0.00
2018.04.12 18:57:48.909,13.36848,13.37098,0.00,0.00
2018.04.12 18:57:49.458,13.36848,13.37099,0.00,0.00
2018.04.12 18:57:49.980,13.36848,13.37098,0.00,0.00
2018.04.12 18:57:50.690,13.36848,13.37099,0.00,0.00
2018.04.12 18:57:52.063,13.36848,13.37098,0.00,0.00
2018.04.12 18:57:53.197,13.36848,13.37099,0.00,0.00
2018.04.12 18:57:53.942,13.36848,13.37098,0.00,0.00
2018.04.12 18:57:55.617,13.36839,13.37059,0.00,0.00
2018.04.12 18:57:56.138,13.36839,13.37058,0.00,0.00
2018.04.12 18:57:58.663,13.36839,13.37059,0.00,0.00
2018.04.12 18:57:59.855,13.36839,13.37058,0.00,0.00
2018.04.12 18:58:00.180,13.36839,13.37098,0.00,0.00
2018.04.12 18:58:00.231,13.36839,13.37058,0.00,0.00
2018.04.12 18:58:00.282,13.36858,13.37098,0.00,0.00
2018.04.12 18:58:00.871,13.36858,13.37099,0.00,0.00
2018.04.12 18:58:00.923,13.36858,13.37059,0.00,0.00
2018.04.12 18:58:01.532,13.36858,13.37058,0.00,0.00
2018.04.12 18:58:02.298,13.36858,13.37099,0.00,0.00
2018.04.12 18:58:02.578,13.36858,13.37059,0.00,0.00
2018.04.12 18:58:03.008,13.36858,13.37099,0.00,0.00
2018.04.12 18:58:03.895,13.36858,13.37098,0.00,0.00
2018.04.12 18:58:04.605,13.36858,13.37099,0.00,0.00
2018.04.12 18:58:05.164,13.36858,13.37098,0.00,0.00
2018.04.12 18:58:06.468,13.36858,13.37099,0.00,0.00
2018.04.12 18:58:07.527,13.36858,13.37098,0.00,0.00
2018.04.12 18:58:09.290,13.36858,13.37099,0.00,0.00
2018.04.12 18:58:10.265,13.36858,13.37132,0.00,0.00
2018.04.12 18:58:10.931,13.36858,13.37098,0.00,0.00
2018.04.12 18:58:16.055,13.36858,13.37099,0.00,0.00
2018.04.12 18:58:16.767,13.36949,13.37172,0.00,0.00
2018.04.12 18:58:16.818,13.36949,13.37192,0.00,0.00
2018.04.12 18:58:16.919,13.36949,13.37199,0.00,0.00
2018.04.12 18:58:17.719,13.36949,13.37198,0.00,0.00
2018.04.12 18:58:18.470,13.36949,13.37199,0.00,0.00
2018.04.12 18:58:25.120,13.36949,13.37198,0.00,0.00
2018.04.12 18:58:25.730,13.36949,13.37199,0.00,0.00
2018.04.12 18:58:26.441,13.36949,13.37198,0.00,0.00
2018.04.12 18:58:27.053,13.36949,13.37199,0.00,0.00
2018.04.12 18:58:30.002,13.36949,13.37198,0.00,0.00
2018.04.12 18:58:30.900,13.36949,13.37199,0.00,0.00
2018.04.12 18:58:32.291,13.36949,13.37168,0.00,0.00
2018.04.12 18:58:32.385,13.36949,13.37199,0.00,0.00
2018.04.12 18:58:33.081,13.36949,13.37119,0.00,0.00
2018.04.12 18:58:33.133,13.36938,13.37119,0.00,0.00
2018.04.12 18:58:33.234,13.36858,13.37099,0.00,0.00
2018.04.12 18:58:33.384,13.36879,13.37098,0.00,0.00
2018.04.12 18:58:33.930,13.36879,13.37099,0.00,0.00
2018.04.12 18:58:34.701,13.36871,13.37099,0.00,0.00
2018.04.12 18:58:36.111,13.36848,13.37099,0.00,0.00
2018.04.12 18:58:36.162,13.36839,13.37098,0.00,0.00
2018.04.12 18:58:36.769,13.36839,13.37099,0.00,0.00
2018.04.12 18:58:36.820,13.36871,13.37099,0.00,0.00
2018.04.12 18:58:37.478,13.36851,13.37099,0.00,0.00
2018.04.12 18:58:37.529,13.36839,13.37098,0.00,0.00
2018.04.12 18:58:37.580,13.36861,13.37099,0.00,0.00
2018.04.12 18:58:38.088,13.36868,13.37098,0.00,0.00
2018.04.12 18:58:38.469,13.36859,13.37099,0.00,0.00
2018.04.12 18:58:39.485,13.36878,13.37099,0.00,0.00
2018.04.12 18:58:40.055,13.36878,13.37098,0.00,0.00
2018.04.12 18:58:40.734,13.36878,13.37099,0.00,0.00
2018.04.12 18:58:41.315,13.36859,13.37058,0.00,0.00
2018.04.12 18:58:41.469,13.36848,13.37058,0.00,0.00
2018.04.12 18:58:41.740,13.36848,13.37099,0.00,0.00
2018.04.12 18:58:41.865,13.36869,13.37098,0.00,0.00
2018.04.12 18:58:42.303,13.36849,13.37099,0.00,0.00
2018.04.12 18:58:42.354,13.36849,13.37059,0.00,0.00
2018.04.12 18:58:42.889,13.36758,13.36989,0.00,0.00
2018.04.12 18:58:43.132,13.36758,13.36979,0.00,0.00
2018.04.12 18:58:43.284,13.36758,13.36998,0.00,0.00
2018.04.12 18:58:43.390,13.36758,13.36989,0.00,0.00
2018.04.12 18:58:43.970,13.36758,13.36958,0.00,0.00
2018.04.12 18:58:44.022,13.36758,13.36979,0.00,0.00
2018.04.12 18:58:44.123,13.36758,13.36969,0.00,0.00
2018.04.12 18:58:44.224,13.36739,13.36959,0.00,0.00
2018.04.12 18:58:45.210,13.36739,13.36969,0.00,0.00
2018.04.12 18:58:45.311,13.36739,13.36958,0.00,0.00
2018.04.12 18:58:45.599,13.36738,13.36988,0.00,0.00
2018.04.12 18:58:45.650,13.36741,13.36979,0.00,0.00
2018.04.12 18:58:45.701,13.36738,13.36979,0.00,0.00
2018.04.12 18:58:45.956,13.36741,13.36979,0.00,0.00
2018.04.12 18:58:46.561,13.36738,13.36959,0.00,0.00
2018.04.12 18:58:47.169,13.36738,13.36958,0.00,0.00
2018.04.12 18:58:47.221,13.36728,13.36958,0.00,0.00
2018.04.12 18:58:47.735,13.36729,13.36958,0.00,0.00
2018.04.12 18:58:47.839,13.36738,13.36958,0.00,0.00
2018.04.12 18:58:48.454,13.36738,13.36959,0.00,0.00
2018.04.12 18:58:51.197,13.36738,13.36958,0.00,0.00
2018.04.12 18:58:51.603,13.36729,13.36928,0.00,0.00
2018.04.12 18:58:51.887,13.36729,13.36958,0.00,0.00
2018.04.12 18:58:52.888,13.36729,13.36959,0.00,0.00
2018.04.12 18:58:53.529,13.36729,13.36929,0.00,0.00
2018.04.12 18:58:54.028,13.36729,13.36959,0.00,0.00
2018.04.12 18:58:54.079,13.36679,13.36899,0.00,0.00
2018.04.12 18:58:54.130,13.36679,13.36919,0.00,0.00
2018.04.12 18:58:54.231,13.36679,13.36899,0.00,0.00
2018.04.12 18:58:54.556,13.36708,13.36929,0.00,0.00
2018.04.12 18:58:54.608,13.36729,13.36929,0.00,0.00
2018.04.12 18:58:55.736,13.36678,13.36928,0.00,0.00
2018.04.12 18:58:55.787,13.36678,13.36919,0.00,0.00
2018.04.12 18:58:56.182,13.36738,13.36928,0.00,0.00
2018.04.12 18:58:56.391,13.36738,13.36959,0.00,0.00
2018.04.12 18:58:56.492,13.36738,13.36929,0.00,0.00
2018.04.12 18:58:56.543,13.36688,13.36929,0.00,0.00
2018.04.12 18:58:56.695,13.36692,13.36928,0.00,0.00
2018.04.12 18:58:56.746,13.36718,13.36959,0.00,0.00
2018.04.12 18:58:56.797,13.36738,13.36958,0.00,0.00
2018.04.12 18:58:57.105,13.36711,13.36929,0.00,0.00
2018.04.12 18:58:57.245,13.36688,13.36919,0.00,0.00
2018.04.12 18:58:57.971,13.36688,13.36898,0.00,0.00
2018.04.12 18:58:58.022,13.36671,13.36899,0.00,0.00
2018.04.12 18:58:58.648,13.36672,13.36898,0.00,0.00
2018.04.12 18:58:59.467,13.36671,13.36899,0.00,0.00
2018.04.12 18:59:00.480,13.36671,13.36889,0.00,0.00
2018.04.12 18:59:00.838,13.36672,13.36878,0.00,0.00
2018.04.12 18:59:01.362,13.36671,13.36879,0.00,0.00
2018.04.12 18:59:01.835,13.36671,13.36859,0.00,0.00
2018.04.12 18:59:02.051,13.36671,13.36879,0.00,0.00
2018.04.12 18:59:02.230,13.36668,13.36858,0.00,0.00
2018.04.12 18:59:02.390,13.36668,13.36878,0.00,0.00
2018.04.12 18:59:02.557,13.36668,13.36869,0.00,0.00
2018.04.12 18:59:02.812,13.36668,13.36898,0.00,0.00
2018.04.12 18:59:03.357,13.36668,13.36899,0.00,0.00
2018.04.12 18:59:03.879,13.36668,13.36898,0.00,0.00
2018.04.12 18:59:04.487,13.36668,13.36899,0.00,0.00
2018.04.12 18:59:04.598,13.36668,13.36889,0.00,0.00
2018.04.12 18:59:05.147,13.36668,13.36878,0.00,0.00
2018.04.12 18:59:05.430,13.36668,13.36898,0.00,0.00
2018.04.12 18:59:06.197,13.36668,13.36899,0.00,0.00
2018.04.12 18:59:07.170,13.36668,13.36898,0.00,0.00
2018.04.12 18:59:07.283,13.36672,13.36898,0.00,0.00
2018.04.12 18:59:07.759,13.36672,13.36858,0.00,0.00
2018.04.12 18:59:08.091,13.36671,13.36849,0.00,0.00
2018.04.12 18:59:08.210,13.36658,13.36849,0.00,0.00
2018.04.12 18:59:08.359,13.36658,13.36859,0.00,0.00
2018.04.12 18:59:09.131,13.36658,13.36858,0.00,0.00
2018.04.12 18:59:09.802,13.36658,13.36859,0.00,0.00
2018.04.12 18:59:09.853,13.36601,13.36799,0.00,0.00
2018.04.12 18:59:09.903,13.36648,13.36879,0.00,0.00
2018.04.12 18:59:10.056,13.36668,13.36898,0.00,0.00
2018.04.12 18:59:10.380,13.36678,13.36899,0.00,0.00
2018.04.12 18:59:10.809,13.36668,13.36878,0.00,0.00
2018.04.12 18:59:11.388,13.36668,13.36898,0.00,0.00
2018.04.12 18:59:12.399,13.36668,13.36858,0.00,0.00
2018.04.12 18:59:14.818,13.36668,13.36899,0.00,0.00
2018.04.12 18:59:15.749,13.36668,13.36898,0.00,0.00
2018.04.12 18:59:16.898,13.36668,13.36899,0.00,0.00
2018.04.12 18:59:17.055,13.36668,13.36858,0.00,0.00
2018.04.12 18:59:17.106,13.36668,13.36889,0.00,0.00
2018.04.12 18:59:17.692,13.36668,13.36899,0.00,0.00
2018.04.12 18:59:18.413,13.36668,13.36898,0.00,0.00
2018.04.12 18:59:19.086,13.36648,13.36859,0.00,0.00
2018.04.12 18:59:19.244,13.36668,13.36899,0.00,0.00
2018.04.12 18:59:19.410,13.36668,13.36888,0.00,0.00
2018.04.12 18:59:19.727,13.36659,13.36858,0.00,0.00
2018.04.12 18:59:19.778,13.36659,13.36888,0.00,0.00
2018.04.12 18:59:19.829,13.36659,13.36858,0.00,0.00
2018.04.12 18:59:20.395,13.36659,13.36859,0.00,0.00
2018.04.12 18:59:20.632,13.36658,13.36898,0.00,0.00
2018.04.12 18:59:20.684,13.36658,13.36858,0.00,0.00
2018.04.12 18:59:20.786,13.36658,13.36889,0.00,0.00
2018.04.12 18:59:20.837,13.36679,13.36899,0.00,0.00
2018.04.12 18:59:22.148,13.36679,13.36898,0.00,0.00
2018.04.12 18:59:22.710,13.36679,13.36899,0.00,0.00
2018.04.12 18:59:22.861,13.36658,13.36879,0.00,0.00
2018.04.12 18:59:23.139,13.36658,13.36859,0.00,0.00
2018.04.12 18:59:23.673,13.36659,13.36848,0.00,0.00
2018.04.12 18:59:23.724,13.36611,13.36829,0.00,0.00
2018.04.12 18:59:23.825,13.36609,13.36828,0.00,0.00
2018.04.12 18:59:23.927,13.36622,13.36841,0.00,0.00
2018.04.12 18:59:24.251,13.36658,13.36878,0.00,0.00
2018.04.12 18:59:24.912,13.36658,13.36879,0.00,0.00
2018.04.12 18:59:24.964,13.36659,13.36898,0.00,0.00
2018.04.12 18:59:25.659,13.36659,13.36889,0.00,0.00
2018.04.12 18:59:26.114,13.36659,13.36899,0.00,0.00
2018.04.12 18:59:26.284,13.36659,13.36859,0.00,0.00
2018.04.12 18:59:26.602,13.36658,13.36899,0.00,0.00
2018.04.12 18:59:27.080,13.36658,13.36889,0.00,0.00
2018.04.12 18:59:27.861,13.36658,13.36888,0.00,0.00
2018.04.12 18:59:28.279,13.36658,13.36898,0.00,0.00
2018.04.12 18:59:29.150,13.36658,13.36899,0.00,0.00
2018.04.12 18:59:29.869,13.36658,13.36889,0.00,0.00
2018.04.12 18:59:30.183,13.36629,13.36858,0.00,0.00
2018.04.12 18:59:30.487,13.36598,13.36799,0.00,0.00
2018.04.12 18:59:31.421,13.36589,13.36799,0.00,0.00
2018.04.12 18:59:32.202,13.36589,13.36798,0.00,0.00
2018.04.12 18:59:32.994,13.36589,13.36799,0.00,0.00
2018.04.12 18:59:33.615,13.36589,13.36798,0.00,0.00
2018.04.12 18:59:34.160,13.36629,13.36828,0.00,0.00
2018.04.12 18:59:34.605,13.36649,13.36829,0.00,0.00
2018.04.12 18:59:34.792,13.36649,13.36859,0.00,0.00
2018.04.12 18:59:34.845,13.36649,13.36889,0.00,0.00
2018.04.12 18:59:34.896,13.36671,13.36889,0.00,0.00
2018.04.12 18:59:35.149,13.36658,13.36879,0.00,0.00
2018.04.12 18:59:35.528,13.36658,13.36888,0.00,0.00
2018.04.12 18:59:35.578,13.36658,13.36858,0.00,0.00
2018.04.12 18:59:35.680,13.36658,13.36879,0.00,0.00
2018.04.12 18:59:35.730,13.36658,13.36829,0.00,0.00
2018.04.12 18:59:35.781,13.36658,13.36859,0.00,0.00
2018.04.12 18:59:35.941,13.36658,13.36889,0.00,0.00
2018.04.12 18:59:36.428,13.36658,13.36859,0.00,0.00
2018.04.12 18:59:36.531,13.36658,13.36869,0.00,0.00
2018.04.12 18:59:36.977,13.36658,13.36859,0.00,0.00
2018.04.12 18:59:37.086,13.36658,13.36879,0.00,0.00
2018.04.12 18:59:37.417,13.36658,13.36858,0.00,0.00
2018.04.12 18:59:37.901,13.36658,13.36829,0.00,0.00
2018.04.12 18:59:37.952,13.36658,13.36858,0.00,0.00
2018.04.12 18:59:38.003,13.36658,13.36878,0.00,0.00
2018.04.12 18:59:38.106,13.36658,13.36859,0.00,0.00
2018.04.12 18:59:38.502,13.36629,13.36829,0.00,0.00
2018.04.12 18:59:38.655,13.36658,13.36859,0.00,0.00
2018.04.12 18:59:38.706,13.36658,13.36828,0.00,0.00
2018.04.12 18:59:38.823,13.36658,13.36859,0.00,0.00
2018.04.12 18:59:39.333,13.36658,13.36858,0.00,0.00
2018.04.12 18:59:39.384,13.36658,13.36888,0.00,0.00
2018.04.12 18:59:39.570,13.36658,13.36858,0.00,0.00
2018.04.12 18:59:40.447,13.36629,13.36828,0.00,0.00
2018.04.12 18:59:41.078,13.36629,13.36829,0.00,0.00
2018.04.12 18:59:41.791,13.36659,13.36858,0.00,0.00
2018.04.12 18:59:42.142,13.36659,13.36829,0.00,0.00
2018.04.12 18:59:42.243,13.36659,13.36858,0.00,0.00
2018.04.12 18:59:42.781,13.36659,13.36828,0.00,0.00
2018.04.12 18:59:42.883,13.36659,13.36859,0.00,0.00
2018.04.12 18:59:43.221,13.36659,13.36829,0.00,0.00
2018.04.12 18:59:43.568,13.36659,13.36858,0.00,0.00
2018.04.12 18:59:44.108,13.36659,13.36798,0.00,0.00
2018.04.12 18:59:44.159,13.36598,13.36798,0.00,0.00
2018.04.12 18:59:44.392,13.36589,13.36799,0.00,0.00
2018.04.12 18:59:45.044,13.36588,13.36799,0.00,0.00
2018.04.12 18:59:45.451,13.36588,13.36842,0.00,0.00
2018.04.12 18:59:46.198,13.36588,13.36798,0.00,0.00
2018.04.12 18:59:47.172,13.36588,13.36799,0.00,0.00
2018.04.12 18:59:47.704,13.36589,13.36798,0.00,0.00
2018.04.12 18:59:48.241,13.36601,13.36799,0.00,0.00
2018.04.12 18:59:48.291,13.36589,13.36842,0.00,0.00
2018.04.12 18:59:48.414,13.36589,13.36799,0.00,0.00
2018.04.12 18:59:48.592,13.36572,13.36788,0.00,0.00
2018.04.12 18:59:49.074,13.36572,13.36798,0.00,0.00
2018.04.12 18:59:49.628,13.36571,13.36799,0.00,0.00
2018.04.12 18:59:49.679,13.36588,13.36799,0.00,0.00
2018.04.12 18:59:49.780,13.36578,13.36798,0.00,0.00
2018.04.12 18:59:50.411,13.36578,13.36799,0.00,0.00
2018.04.12 18:59:51.065,13.36578,13.36798,0.00,0.00
2018.04.12 18:59:51.612,13.36591,13.36799,0.00,0.00
2018.04.12 18:59:51.721,13.36578,13.36799,0.00,0.00
2018.04.12 18:59:52.252,13.36659,13.36899,0.00,0.00
2018.04.12 18:59:53.550,13.36659,13.36898,0.00,0.00
2018.04.12 18:59:53.600,13.36679,13.36898,0.00,0.00
2018.04.12 18:59:54.209,13.36678,13.36899,0.00,0.00
2018.04.12 18:59:54.515,13.36838,13.37058,0.00,0.00
2018.04.12 18:59:54.908,13.36838,13.37028,0.00,0.00
2018.04.12 18:59:55.707,13.36838,13.37029,0.00,0.00
2018.04.12 18:59:56.192,13.36789,13.37018,0.00,0.00
2018.04.12 18:59:56.243,13.36789,13.36998,0.00,0.00
2018.04.12 18:59:56.539,13.36779,13.36999,0.00,0.00
2018.04.12 18:59:56.965,13.36779,13.36959,0.00,0.00
2018.04.12 18:59:57.218,13.36758,13.36959,0.00,0.00
2018.04.12 18:59:57.539,13.36758,13.36978,0.00,0.00
2018.04.12 18:59:58.131,13.36758,13.36979,0.00,0.00
2018.04.12 18:59:58.182,13.36758,13.36959,0.00,0.00
2018.04.12 18:59:58.233,13.36758,13.36989,0.00,0.00
2018.04.12 18:59:58.519,13.36758,13.36979,0.00,0.00
2018.04.12 18:59:58.870,13.36758,13.36959,0.00,0.00
2018.04.12 18:59:59.123,13.36739,13.36959,0.00,0.00
2018.04.12 18:59:59.225,13.36758,13.36968,0.00,0.00
2018.04.12 18:59:59.361,13.36772,13.36988,0.00,0.00
2018.04.12 18:59:59.792,13.36788,13.36998,0.00,0.00
2018.04.12 18:59:59.843,13.36788,13.37029,0.00,0.00
2018.04.12 18:59:59.894,13.36798,13.36998,0.00,0.00
