2014.04.25 02:00:00.212,12.91746,12.92006,0.00,0.00
2014.04.25 02:00:01.008,12.91749,12.92009,0.00,0.00
2014.04.25 02:00:01.394,12.91728,12.91988,0.00,0.00
2014.04.25 02:00:01.715,12.91747,12.92007,0.00,0.00
2014.04.25 02:00:02.266,12.91735,12.91995,0.00,0.00
2014.04.25 02:00:05.508,12.91746,12.92006,0.00,0.00
2014.04.25 02:00:06.409,12.91763,12.92006,0.00,0.00
2014.04.25 02:00:06.654,12.91788,12.92048,0.00,0.00
2014.04.25 02:00:06.973,12.91786,12.92046,0.00,0.00
2014.04.25 02:00:07.963,12.91774,12.92034,0.00,0.00
2014.04.25 02:00:09.049,12.91786,12.92046,0.00,0.00
2014.04.25 02:00:09.494,12.91731,12.91991,0.00,0.00
2014.04.25 02:00:10.023,12.91749,12.92009,0.00,0.00
2014.04.25 02:00:10.574,12.91728,12.91988,0.00,0.00
2014.04.25 02:00:11.003,12.91745,12.92005,0.00,0.00
2014.04.25 02:00:12.313,12.91761,12.92021,0.00,0.00
2014.04.25 02:00:12.742,12.91787,12.92047,0.00,0.00
2014.04.25 02:00:13.043,12.91823,12.92055,0.00,0.00
2014.04.25 02:00:13.922,12.91823,12.92066,0.00,0.00
2014.04.25 02:00:14.031,12.91823,12.92038,0.00,0.00
2014.04.25 02:00:14.132,12.91778,12.92038,0.00,0.00
2014.04.25 02:00:15.431,12.91797,12.92057,0.00,0.00
2014.04.25 02:00:15.762,12.91742,12.91998,0.00,0.00
2014.04.25 02:00:16.859,12.91763,12.91998,0.00,0.00
2014.04.25 02:00:16.960,12.91763,12.92015,0.00,0.00
2014.04.25 02:00:17.061,12.91794,12.92054,0.00,0.00
2014.04.25 02:00:17.161,12.91778,12.92038,0.00,0.00
2014.04.25 02:00:17.490,12.91794,12.92054,0.00,0.00
2014.04.25 02:00:17.953,12.91778,12.92038,0.00,0.00
2014.04.25 02:00:19.000,12.91795,12.92055,0.00,0.00
2014.04.25 02:00:19.330,12.91768,12.92028,0.00,0.00
2014.04.25 02:00:20.202,12.91748,12.92008,0.00,0.00
2014.04.25 02:00:21.390,12.91769,12.92029,0.00,0.00
2014.04.25 02:00:24.556,12.9177,12.9203,0.00,0.00
2014.04.25 02:00:24.909,12.91748,12.92008,0.00,0.00
2014.04.25 02:00:25.212,12.91776,12.92036,0.00,0.00
2014.04.25 02:00:25.519,12.91796,12.92056,0.00,0.00
2014.04.25 02:00:26.076,12.91778,12.92038,0.00,0.00
2014.04.25 02:00:26.529,12.91758,12.92018,0.00,0.00
2014.04.25 02:00:26.834,12.91742,12.91993,0.00,0.00
2014.04.25 02:00:26.884,12.91756,12.92016,0.00,0.00
2014.04.25 02:00:26.993,12.91763,12.92016,0.00,0.00
2014.04.25 02:00:27.094,12.91778,12.92038,0.00,0.00
2014.04.25 02:00:27.388,12.91796,12.92056,0.00,0.00
2014.04.25 02:00:29.738,12.91778,12.92038,0.00,0.00
2014.04.25 02:00:32.437,12.91763,12.92018,0.00,0.00
2014.04.25 02:00:32.487,12.91758,12.92018,0.00,0.00
2014.04.25 02:00:32.547,12.91743,12.91998,0.00,0.00
2014.04.25 02:00:33.022,12.91752,12.92012,0.00,0.00
2014.04.25 02:00:34.239,12.91763,12.92012,0.00,0.00
2014.04.25 02:00:34.434,12.91778,12.92038,0.00,0.00
2014.04.25 02:00:34.737,12.91792,12.92052,0.00,0.00
2014.04.25 02:00:35.166,12.91773,12.92033,0.00,0.00
2014.04.25 02:00:35.936,12.91763,12.92008,0.00,0.00
2014.04.25 02:00:36.108,12.91742,12.91993,0.00,0.00
2014.04.25 02:00:36.486,12.91748,12.92008,0.00,0.00
2014.04.25 02:00:36.596,12.91742,12.91996,0.00,0.00
2014.04.25 02:00:38.456,12.91748,12.92008,0.00,0.00
2014.04.25 02:00:42.093,12.91763,12.92008,0.00,0.00
2014.04.25 02:00:42.292,12.91778,12.92038,0.00,0.00
2014.04.25 02:00:42.600,12.91796,12.92056,0.00,0.00
2014.04.25 02:00:43.005,12.91778,12.92038,0.00,0.00
2014.04.25 02:00:45.339,12.91758,12.92018,0.00,0.00
2014.04.25 02:00:45.790,12.91763,12.92017,0.00,0.00
2014.04.25 02:00:45.890,12.9177,12.9203,0.00,0.00
2014.04.25 02:00:46.173,12.91782,12.92042,0.00,0.00
2014.04.25 02:00:46.784,12.91795,12.92055,0.00,0.00
2014.04.25 02:00:47.114,12.91778,12.92038,0.00,0.00
2014.04.25 02:00:47.849,12.91763,12.92018,0.00,0.00
2014.04.25 02:00:47.900,12.91758,12.92018,0.00,0.00
2014.04.25 02:00:47.950,12.91742,12.91998,0.00,0.00
2014.04.25 02:00:48.363,12.91755,12.92015,0.00,0.00
2014.04.25 02:00:48.429,12.91763,12.92015,0.00,0.00
2014.04.25 02:00:48.683,12.91778,12.92038,0.00,0.00
2014.04.25 02:00:49.003,12.91795,12.92055,0.00,0.00
2014.04.25 02:00:49.317,12.91778,12.92038,0.00,0.00
2014.04.25 02:00:49.634,12.91776,12.92036,0.00,0.00
2014.04.25 02:00:50.760,12.91787,12.92047,0.00,0.00
2014.04.25 02:00:51.513,12.91768,12.92028,0.00,0.00
2014.04.25 02:00:51.832,12.91742,12.91999,0.00,0.00
2014.04.25 02:00:52.077,12.91755,12.92015,0.00,0.00
2014.04.25 02:00:52.177,12.91795,12.92055,0.00,0.00
2014.04.25 02:00:52.489,12.91778,12.92038,0.00,0.00
2014.04.25 02:00:53.037,12.91795,12.92055,0.00,0.00
2014.04.25 02:00:54.641,12.91778,12.92038,0.00,0.00
2014.04.25 02:01:01.542,12.918,12.9206,0.00,0.00
2014.04.25 02:01:01.901,12.91788,12.92048,0.00,0.00
2014.04.25 02:01:02.993,12.91763,12.91996,0.00,0.00
2014.04.25 02:01:03.094,12.91798,12.92058,0.00,0.00
2014.04.25 02:01:03.489,12.91787,12.92047,0.00,0.00
2014.04.25 02:01:04.314,12.91792,12.92047,0.00,0.00
2014.04.25 02:01:04.364,12.91809,12.92069,0.00,0.00
2014.04.25 02:01:04.415,12.91823,12.92069,0.00,0.00
2014.04.25 02:01:04.465,12.91841,12.92101,0.00,0.00
2014.04.25 02:01:05.548,12.91823,12.92076,0.00,0.00
2014.04.25 02:01:06.319,12.91831,12.92091,0.00,0.00
2014.04.25 02:01:06.911,12.91823,12.9207,0.00,0.00
2014.04.25 02:01:07.088,12.91823,12.92081,0.00,0.00
2014.04.25 02:01:07.199,12.91823,12.92069,0.00,0.00
2014.04.25 02:01:09.767,12.91823,12.92057,0.00,0.00
2014.04.25 02:01:09.894,12.91786,12.92046,0.00,0.00
2014.04.25 02:01:10.097,12.9181,12.9207,0.00,0.00
2014.04.25 02:01:15.177,12.91798,12.92058,0.00,0.00
2014.04.25 02:01:16.050,12.91786,12.92046,0.00,0.00
2014.04.25 02:01:16.371,12.91842,12.92102,0.00,0.00
2014.04.25 02:01:16.686,12.9183,12.9209,0.00,0.00
2014.04.25 02:01:16.990,12.91823,12.92056,0.00,0.00
2014.04.25 02:01:17.041,12.91777,12.92037,0.00,0.00
2014.04.25 02:01:17.336,12.91806,12.92066,0.00,0.00
2014.04.25 02:01:18.448,12.91823,12.92066,0.00,0.00
2014.04.25 02:01:18.570,12.91823,12.92081,0.00,0.00
2014.04.25 02:01:18.976,12.91823,12.92069,0.00,0.00
2014.04.25 02:01:19.076,12.91848,12.92108,0.00,0.00
2014.04.25 02:01:20.165,12.91859,12.92119,0.00,0.00
2014.04.25 02:01:21.483,12.91834,12.92094,0.00,0.00
2014.04.25 02:01:23.974,12.91823,12.92083,0.00,0.00
2014.04.25 02:01:24.328,12.91788,12.92048,0.00,0.00
2014.04.25 02:01:24.691,12.91776,12.92036,0.00,0.00
2014.04.25 02:01:25.015,12.91799,12.92059,0.00,0.00
2014.04.25 02:01:25.542,12.91798,12.92058,0.00,0.00
2014.04.25 02:01:26.638,12.91755,12.92015,0.00,0.00
2014.04.25 02:01:27.022,12.91758,12.92018,0.00,0.00
2014.04.25 02:01:27.719,12.91745,12.92005,0.00,0.00
2014.04.25 02:01:28.023,12.91769,12.92029,0.00,0.00
2014.04.25 02:01:28.353,12.91796,12.92056,0.00,0.00
2014.04.25 02:01:28.911,12.9182,12.9208,0.00,0.00
2014.04.25 02:01:29.773,12.91788,12.92048,0.00,0.00
2014.04.25 02:01:36.262,12.91803,12.92063,0.00,0.00
2014.04.25 02:01:37.355,12.91788,12.92048,0.00,0.00
2014.04.25 02:01:37.684,12.918,12.9206,0.00,0.00
2014.04.25 02:01:40.130,12.91821,12.92081,0.00,0.00
2014.04.25 02:01:41.553,12.91806,12.92066,0.00,0.00
2014.04.25 02:01:43.625,12.91819,12.92079,0.00,0.00
2014.04.25 02:01:47.460,12.91795,12.92055,0.00,0.00
2014.04.25 02:01:48.113,12.91777,12.92037,0.00,0.00
2014.04.25 02:01:48.438,12.91755,12.92015,0.00,0.00
2014.04.25 02:01:49.298,12.91769,12.92029,0.00,0.00
2014.04.25 02:01:49.771,12.91786,12.92046,0.00,0.00
2014.04.25 02:01:50.327,12.91798,12.92058,0.00,0.00
2014.04.25 02:01:50.709,12.91818,12.92078,0.00,0.00
2014.04.25 02:01:51.107,12.91793,12.92053,0.00,0.00
2014.04.25 02:01:57.831,12.91808,12.92068,0.00,0.00
2014.04.25 02:01:58.536,12.91832,12.92092,0.00,0.00
2014.04.25 02:01:59.992,12.91811,12.92071,0.00,0.00
2014.04.25 02:02:00.402,12.91799,12.92059,0.00,0.00
2014.04.25 02:02:01.095,12.91871,12.92117,0.00,0.00
2014.04.25 02:02:01.146,12.91871,12.92131,0.00,0.00
2014.04.25 02:02:02.612,12.91852,12.92112,0.00,0.00
2014.04.25 02:02:03.161,12.91864,12.92124,0.00,0.00
2014.04.25 02:02:03.557,12.91852,12.92112,0.00,0.00
2014.04.25 02:02:03.969,12.91854,12.92114,0.00,0.00
2014.04.25 02:02:05.233,12.91841,12.92101,0.00,0.00
2014.04.25 02:02:06.408,12.91841,12.92087,0.00,0.00
2014.04.25 02:02:06.509,12.91777,12.92037,0.00,0.00
2014.04.25 02:02:06.604,12.91766,12.92026,0.00,0.00
2014.04.25 02:02:06.934,12.91779,12.92039,0.00,0.00
2014.04.25 02:02:07.804,12.91795,12.92055,0.00,0.00
2014.04.25 02:02:08.133,12.9182,12.9208,0.00,0.00
2014.04.25 02:02:09.433,12.91808,12.92068,0.00,0.00
2014.04.25 02:02:10.367,12.91823,12.92068,0.00,0.00
2014.04.25 02:02:10.418,12.91882,12.92142,0.00,0.00
2014.04.25 02:02:10.833,12.9187,12.9213,0.00,0.00
2014.04.25 02:02:11.173,12.91882,12.92142,0.00,0.00
2014.04.25 02:02:12.362,12.9187,12.9213,0.00,0.00
2014.04.25 02:02:13.615,12.91858,12.92118,0.00,0.00
2014.04.25 02:02:14.248,12.91844,12.92104,0.00,0.00
2014.04.25 02:02:14.777,12.91856,12.92116,0.00,0.00
2014.04.25 02:02:15.998,12.91813,12.92072,0.00,0.00
2014.04.25 02:02:16.099,12.91822,12.92082,0.00,0.00
2014.04.25 02:02:16.181,12.91834,12.92094,0.00,0.00
2014.04.25 02:02:17.521,12.91813,12.92073,0.00,0.00
2014.04.25 02:02:19.010,12.91828,12.92088,0.00,0.00
2014.04.25 02:02:23.232,12.91803,12.92063,0.00,0.00
2014.04.25 02:02:23.589,12.91816,12.92076,0.00,0.00
2014.04.25 02:02:24.061,12.91832,12.92092,0.00,0.00
2014.04.25 02:02:32.242,12.91864,12.92124,0.00,0.00
2014.04.25 02:02:32.579,12.91859,12.92119,0.00,0.00
2014.04.25 02:02:32.929,12.91797,12.92057,0.00,0.00
2014.04.25 02:02:33.299,12.9178,12.9204,0.00,0.00
2014.04.25 02:02:33.710,12.91807,12.92067,0.00,0.00
2014.04.25 02:02:34.048,12.91818,12.92078,0.00,0.00
2014.04.25 02:02:34.357,12.91807,12.92067,0.00,0.00
2014.04.25 02:02:34.862,12.91819,12.92079,0.00,0.00
2014.04.25 02:02:39.086,12.91807,12.92067,0.00,0.00
2014.04.25 02:02:42.364,12.91819,12.92079,0.00,0.00
2014.04.25 02:02:48.304,12.91803,12.92063,0.00,0.00
2014.04.25 02:02:51.082,12.91814,12.92074,0.00,0.00
2014.04.25 02:02:57.401,12.91836,12.92096,0.00,0.00
2014.04.25 02:02:57.730,12.9182,12.9208,0.00,0.00
2014.04.25 02:02:59.231,12.91807,12.92067,0.00,0.00
2014.04.25 02:02:59.677,12.91764,12.92024,0.00,0.00
2014.04.25 02:03:00.520,12.91776,12.92036,0.00,0.00
2014.04.25 02:03:01.040,12.91763,12.92023,0.00,0.00
2014.04.25 02:03:01.680,12.91764,12.92024,0.00,0.00
2014.04.25 02:03:02.089,12.91775,12.92035,0.00,0.00
2014.04.25 02:03:10.218,12.91787,12.92047,0.00,0.00
2014.04.25 02:03:12.941,12.9177,12.9203,0.00,0.00
2014.04.25 02:03:14.338,12.91791,12.92051,0.00,0.00
2014.04.25 02:03:15.650,12.91834,12.92094,0.00,0.00
2014.04.25 02:03:15.976,12.91783,12.92043,0.00,0.00
2014.04.25 02:03:16.864,12.91795,12.92055,0.00,0.00
2014.04.25 02:03:21.775,12.91764,12.92024,0.00,0.00
2014.04.25 02:03:24.114,12.91787,12.92047,0.00,0.00
2014.04.25 02:03:41.176,12.91792,12.92047,0.00,0.00
2014.04.25 02:03:41.341,12.91836,12.92096,0.00,0.00
2014.04.25 02:03:41.392,12.91878,12.92138,0.00,0.00
2014.04.25 02:03:41.727,12.91861,12.92121,0.00,0.00
2014.04.25 02:03:42.297,12.91862,12.92122,0.00,0.00
2014.04.25 02:03:47.987,12.91853,12.92113,0.00,0.00
2014.04.25 02:03:48.318,12.91744,12.92004,0.00,0.00
2014.04.25 02:03:53.817,12.91733,12.91993,0.00,0.00
2014.04.25 02:03:57.077,12.91791,12.92037,0.00,0.00
2014.04.25 02:04:02.077,12.91791,12.92051,0.00,0.00
2014.04.25 02:04:04.812,12.91773,12.92033,0.00,0.00
2014.04.25 02:04:13.132,12.91791,12.92051,0.00,0.00
2014.04.25 02:04:15.418,12.91786,12.92046,0.00,0.00
2014.04.25 02:04:19.545,12.91812,12.92072,0.00,0.00
2014.04.25 02:04:19.850,12.91824,12.92084,0.00,0.00
2014.04.25 02:04:21.492,12.91836,12.92096,0.00,0.00
2014.04.25 02:04:22.999,12.91813,12.92073,0.00,0.00
2014.04.25 02:04:25.617,12.91795,12.92055,0.00,0.00
2014.04.25 02:04:25.929,12.91784,12.92044,0.00,0.00
2014.04.25 02:04:27.259,12.91801,12.92061,0.00,0.00
2014.04.25 02:04:29.334,12.91786,12.92046,0.00,0.00
2014.04.25 02:04:29.858,12.91773,12.92033,0.00,0.00
2014.04.25 02:04:47.973,12.91769,12.92029,0.00,0.00
2014.04.25 02:04:51.962,12.91791,12.92051,0.00,0.00
2014.04.25 02:04:52.279,12.91888,12.92147,0.00,0.00
2014.04.25 02:04:52.612,12.91876,12.92136,0.00,0.00
2014.04.25 02:04:52.722,12.91889,12.92147,0.00,0.00
2014.04.25 02:04:53.922,12.91859,12.92119,0.00,0.00
2014.04.25 02:04:54.191,12.91841,12.92101,0.00,0.00
2014.04.25 02:04:54.507,12.91829,12.92089,0.00,0.00
2014.04.25 02:04:58.880,12.91851,12.92111,0.00,0.00
2014.04.25 02:04:59.217,12.9183,12.9209,0.00,0.00
2014.04.25 02:05:02.990,12.91851,12.92111,0.00,0.00
2014.04.25 02:05:05.159,12.9183,12.9209,0.00,0.00
2014.04.25 02:05:05.602,12.91813,12.92073,0.00,0.00
2014.04.25 02:05:05.958,12.91781,12.92041,0.00,0.00
2014.04.25 02:05:06.267,12.91811,12.92071,0.00,0.00
2014.04.25 02:05:06.581,12.91795,12.92055,0.00,0.00
2014.04.25 02:05:07.116,12.91821,12.92081,0.00,0.00
2014.04.25 02:05:07.423,12.91833,12.92093,0.00,0.00
2014.04.25 02:05:07.829,12.91821,12.92081,0.00,0.00
2014.04.25 02:05:09.567,12.91783,12.92043,0.00,0.00
2014.04.25 02:05:10.117,12.91782,12.92042,0.00,0.00
2014.04.25 02:05:10.448,12.91836,12.92096,0.00,0.00
2014.04.25 02:05:10.751,12.91851,12.92111,0.00,0.00
2014.04.25 02:05:11.079,12.91832,12.92092,0.00,0.00
2014.04.25 02:05:11.739,12.91851,12.92111,0.00,0.00
2014.04.25 02:05:12.197,12.91832,12.92092,0.00,0.00
2014.04.25 02:05:18.087,12.91819,12.92079,0.00,0.00
2014.04.25 02:05:18.807,12.91831,12.92091,0.00,0.00
2014.04.25 02:05:21.966,12.91819,12.92079,0.00,0.00
2014.04.25 02:05:22.307,12.91782,12.92042,0.00,0.00
2014.04.25 02:05:22.777,12.91811,12.92071,0.00,0.00
2014.04.25 02:05:23.840,12.91829,12.92089,0.00,0.00
2014.04.25 02:05:25.087,12.9186,12.9212,0.00,0.00
2014.04.25 02:05:27.205,12.91849,12.92109,0.00,0.00
2014.04.25 02:05:28.514,12.91869,12.92129,0.00,0.00
2014.04.25 02:05:28.946,12.91857,12.92117,0.00,0.00
2014.04.25 02:05:29.359,12.91884,12.92137,0.00,0.00
2014.04.25 02:05:29.410,12.9187,12.9213,0.00,0.00
2014.04.25 02:05:30.015,12.91845,12.92105,0.00,0.00
2014.04.25 02:05:31.346,12.91861,12.92121,0.00,0.00
2014.04.25 02:05:31.897,12.91819,12.92079,0.00,0.00
2014.04.25 02:05:32.198,12.91841,12.92101,0.00,0.00
2014.04.25 02:05:34.883,12.91819,12.92079,0.00,0.00
2014.04.25 02:05:41.416,12.91823,12.92079,0.00,0.00
2014.04.25 02:05:41.843,12.91886,12.92137,0.00,0.00
2014.04.25 02:05:41.894,12.91874,12.92134,0.00,0.00
2014.04.25 02:05:43.204,12.91861,12.92121,0.00,0.00
2014.04.25 02:05:43.546,12.9182,12.9208,0.00,0.00
2014.04.25 02:05:43.892,12.91832,12.92092,0.00,0.00
2014.04.25 02:05:44.285,12.9182,12.9208,0.00,0.00
2014.04.25 02:05:45.910,12.91851,12.92111,0.00,0.00
2014.04.25 02:05:46.244,12.91831,12.92091,0.00,0.00
2014.04.25 02:05:46.899,12.91819,12.92079,0.00,0.00
2014.04.25 02:05:47.215,12.91831,12.92091,0.00,0.00
2014.04.25 02:05:49.499,12.91782,12.92042,0.00,0.00
2014.04.25 02:05:50.081,12.9177,12.9203,0.00,0.00
2014.04.25 02:05:50.661,12.91751,12.92011,0.00,0.00
2014.04.25 02:05:56.539,12.91739,12.91999,0.00,0.00
2014.04.25 02:05:57.129,12.91761,12.92021,0.00,0.00
2014.04.25 02:05:57.484,12.91814,12.92074,0.00,0.00
2014.04.25 02:05:57.957,12.91827,12.92087,0.00,0.00
2014.04.25 02:05:58.396,12.91805,12.92065,0.00,0.00
2014.04.25 02:05:58.750,12.91788,12.92048,0.00,0.00
2014.04.25 02:05:59.266,12.91774,12.92034,0.00,0.00
2014.04.25 02:06:05.165,12.91791,12.92051,0.00,0.00
2014.04.25 02:06:18.487,12.91775,12.92035,0.00,0.00
2014.04.25 02:06:18.892,12.91788,12.92048,0.00,0.00
2014.04.25 02:06:19.211,12.918,12.9206,0.00,0.00
2014.04.25 02:06:20.862,12.9182,12.9208,0.00,0.00
2014.04.25 02:06:21.301,12.91839,12.92099,0.00,0.00
2014.04.25 02:06:25.990,12.9184,12.921,0.00,0.00
2014.04.25 02:06:26.320,12.91829,12.92089,0.00,0.00
2014.04.25 02:06:27.369,12.91817,12.92077,0.00,0.00
2014.04.25 02:06:28.879,12.91829,12.92089,0.00,0.00
2014.04.25 02:06:29.384,12.91817,12.92077,0.00,0.00
2014.04.25 02:06:31.539,12.91829,12.92089,0.00,0.00
2014.04.25 02:06:33.835,12.91807,12.92067,0.00,0.00
2014.04.25 02:06:34.238,12.91841,12.92101,0.00,0.00
2014.04.25 02:06:36.728,12.91816,12.92076,0.00,0.00
2014.04.25 02:06:40.246,12.91772,12.92032,0.00,0.00
2014.04.25 02:06:40.682,12.91791,12.92051,0.00,0.00
2014.04.25 02:06:42.416,12.91782,12.92042,0.00,0.00
2014.04.25 02:06:45.506,12.9177,12.9203,0.00,0.00
2014.04.25 02:06:45.844,12.9179,12.9205,0.00,0.00
2014.04.25 02:06:46.596,12.91778,12.92038,0.00,0.00
2014.04.25 02:06:48.349,12.91766,12.92026,0.00,0.00
2014.04.25 02:06:50.214,12.91786,12.92046,0.00,0.00
2014.04.25 02:06:51.324,12.91834,12.92094,0.00,0.00
2014.04.25 02:06:51.637,12.91771,12.92031,0.00,0.00
2014.04.25 02:06:52.045,12.91867,12.92127,0.00,0.00
2014.04.25 02:06:52.496,12.91812,12.92072,0.00,0.00
2014.04.25 02:06:52.933,12.91823,12.92083,0.00,0.00
2014.04.25 02:06:53.479,12.91845,12.92105,0.00,0.00
2014.04.25 02:06:54.071,12.91834,12.92094,0.00,0.00
2014.04.25 02:06:54.386,12.91836,12.92096,0.00,0.00
2014.04.25 02:06:54.692,12.91811,12.92071,0.00,0.00
2014.04.25 02:06:55.007,12.91823,12.92083,0.00,0.00
2014.04.25 02:06:58.452,12.91801,12.92061,0.00,0.00
2014.04.25 02:06:58.873,12.91822,12.92082,0.00,0.00
2014.04.25 02:06:59.335,12.9181,12.9207,0.00,0.00
2014.04.25 02:06:59.662,12.9182,12.9208,0.00,0.00
2014.04.25 02:07:00.211,12.91799,12.92059,0.00,0.00
2014.04.25 02:07:01.077,12.91768,12.92028,0.00,0.00
2014.04.25 02:07:03.591,12.91791,12.92051,0.00,0.00
2014.04.25 02:07:03.921,12.91816,12.92076,0.00,0.00
2014.04.25 02:07:04.225,12.91825,12.92085,0.00,0.00
2014.04.25 02:07:07.077,12.91799,12.92059,0.00,0.00
2014.04.25 02:07:07.381,12.91782,12.92042,0.00,0.00
2014.04.25 02:07:08.260,12.91778,12.92038,0.00,0.00
2014.04.25 02:07:13.823,12.91764,12.92024,0.00,0.00
2014.04.25 02:07:16.048,12.9178,12.9204,0.00,0.00
2014.04.25 02:07:17.774,12.91805,12.92065,0.00,0.00
2014.04.25 02:07:18.127,12.91792,12.92052,0.00,0.00
2014.04.25 02:07:18.937,12.91808,12.92068,0.00,0.00
2014.04.25 02:07:19.377,12.91819,12.92079,0.00,0.00
2014.04.25 02:07:20.036,12.91831,12.92091,0.00,0.00
2014.04.25 02:07:20.587,12.91764,12.92024,0.00,0.00
2014.04.25 02:07:21.166,12.91779,12.92039,0.00,0.00
2014.04.25 02:07:23.007,12.91768,12.92028,0.00,0.00
2014.04.25 02:07:23.546,12.9178,12.9204,0.00,0.00
2014.04.25 02:07:24.024,12.91768,12.92028,0.00,0.00
2014.04.25 02:07:24.376,12.9178,12.9204,0.00,0.00
2014.04.25 02:07:24.686,12.91753,12.92013,0.00,0.00
2014.04.25 02:07:27.255,12.91786,12.92046,0.00,0.00
2014.04.25 02:07:28.025,12.91774,12.92034,0.00,0.00
2014.04.25 02:07:28.395,12.91787,12.92047,0.00,0.00
2014.04.25 02:07:29.324,12.91758,12.92018,0.00,0.00
2014.04.25 02:07:30.315,12.91783,12.92043,0.00,0.00
2014.04.25 02:07:32.211,12.91764,12.92024,0.00,0.00
2014.04.25 02:07:34.687,12.91784,12.92044,0.00,0.00
2014.04.25 02:07:35.453,12.9177,12.9203,0.00,0.00
2014.04.25 02:07:38.430,12.91758,12.92018,0.00,0.00
2014.04.25 02:07:43.771,12.91769,12.92029,0.00,0.00
2014.04.25 02:07:44.972,12.91781,12.92041,0.00,0.00
2014.04.25 02:07:49.685,12.91761,12.92021,0.00,0.00
2014.04.25 02:07:51.156,12.91736,12.91996,0.00,0.00
2014.04.25 02:07:51.479,12.91753,12.92013,0.00,0.00
2014.04.25 02:07:53.968,12.91766,12.92026,0.00,0.00
2014.04.25 02:07:59.437,12.91769,12.92029,0.00,0.00
2014.04.25 02:08:00.466,12.91781,12.92041,0.00,0.00
2014.04.25 02:08:01.240,12.91758,12.92018,0.00,0.00
2014.04.25 02:08:01.770,12.91757,12.92017,0.00,0.00
2014.04.25 02:08:02.549,12.91779,12.92039,0.00,0.00
2014.04.25 02:08:03.386,12.9175,12.9201,0.00,0.00
2014.04.25 02:08:03.696,12.91762,12.92022,0.00,0.00
2014.04.25 02:08:07.625,12.91738,12.91998,0.00,0.00
2014.04.25 02:08:10.037,12.91726,12.91986,0.00,0.00
2014.04.25 02:08:10.526,12.91674,12.91934,0.00,0.00
2014.04.25 02:08:11.040,12.91691,12.91951,0.00,0.00
2014.04.25 02:08:12.206,12.91672,12.91932,0.00,0.00
2014.04.25 02:08:14.003,12.91684,12.91944,0.00,0.00
2014.04.25 02:08:14.801,12.9167,12.9193,0.00,0.00
2014.04.25 02:08:16.520,12.91691,12.91951,0.00,0.00
2014.04.25 02:08:16.824,12.91659,12.91919,0.00,0.00
2014.04.25 02:08:17.372,12.91681,12.91941,0.00,0.00
2014.04.25 02:08:26.914,12.91663,12.91923,0.00,0.00
2014.04.25 02:08:27.786,12.91681,12.91941,0.00,0.00
2014.04.25 02:08:28.106,12.91665,12.91925,0.00,0.00
2014.04.25 02:08:28.650,12.91651,12.91911,0.00,0.00
2014.04.25 02:08:29.180,12.9165,12.9191,0.00,0.00
2014.04.25 02:08:29.954,12.91684,12.91944,0.00,0.00
2014.04.25 02:08:30.566,12.91672,12.91932,0.00,0.00
2014.04.25 02:08:31.232,12.91685,12.91945,0.00,0.00
2014.04.25 02:08:33.848,12.91664,12.91924,0.00,0.00
2014.04.25 02:08:34.268,12.91666,12.91926,0.00,0.00
2014.04.25 02:08:41.939,12.91654,12.91914,0.00,0.00
2014.04.25 02:08:43.686,12.91674,12.91934,0.00,0.00
2014.04.25 02:08:46.522,12.91663,12.91923,0.00,0.00
2014.04.25 02:08:49.184,12.91676,12.91936,0.00,0.00
2014.04.25 02:08:52.684,12.91665,12.91925,0.00,0.00
2014.04.25 02:08:53.233,12.91677,12.91937,0.00,0.00
2014.04.25 02:08:59.208,12.91653,12.91913,0.00,0.00
2014.04.25 02:08:59.711,12.91664,12.91924,0.00,0.00
2014.04.25 02:09:01.244,12.91677,12.91937,0.00,0.00
2014.04.25 02:09:04.261,12.91665,12.91925,0.00,0.00
2014.04.25 02:09:12.364,12.91713,12.91925,0.00,0.00
2014.04.25 02:09:12.476,12.91721,12.91981,0.00,0.00
2014.04.25 02:09:12.559,12.91764,12.92024,0.00,0.00
2014.04.25 02:09:13.548,12.91741,12.92001,0.00,0.00
2014.04.25 02:09:14.033,12.91765,12.92025,0.00,0.00
2014.04.25 02:09:15.177,12.91776,12.92036,0.00,0.00
2014.04.25 02:09:15.478,12.91873,12.92133,0.00,0.00
2014.04.25 02:09:16.257,12.91851,12.92111,0.00,0.00
2014.04.25 02:09:16.688,12.91859,12.92119,0.00,0.00
2014.04.25 02:09:17.075,12.91871,12.92131,0.00,0.00
2014.04.25 02:09:17.677,12.91852,12.92112,0.00,0.00
2014.04.25 02:09:18.685,12.91813,12.92059,0.00,0.00
2014.04.25 02:09:18.793,12.91823,12.92083,0.00,0.00
2014.04.25 02:09:18.879,12.91798,12.92058,0.00,0.00
2014.04.25 02:09:20.076,12.91797,12.92057,0.00,0.00
2014.04.25 02:09:20.517,12.91822,12.92082,0.00,0.00
2014.04.25 02:09:24.296,12.91796,12.92056,0.00,0.00
2014.04.25 02:09:24.835,12.91821,12.92081,0.00,0.00
2014.04.25 02:09:25.234,12.91796,12.92056,0.00,0.00
2014.04.25 02:09:25.675,12.91765,12.92025,0.00,0.00
2014.04.25 02:09:25.976,12.91793,12.92053,0.00,0.00
2014.04.25 02:09:26.295,12.91768,12.92028,0.00,0.00
2014.04.25 02:09:26.754,12.91752,12.92012,0.00,0.00
2014.04.25 02:09:27.461,12.91775,12.92035,0.00,0.00
2014.04.25 02:09:28.065,12.91776,12.92036,0.00,0.00
2014.04.25 02:09:28.374,12.91764,12.92024,0.00,0.00
2014.04.25 02:09:28.677,12.91752,12.92012,0.00,0.00
2014.04.25 02:09:29.195,12.91764,12.92024,0.00,0.00
2014.04.25 02:09:30.497,12.91777,12.92037,0.00,0.00
2014.04.25 02:09:30.827,12.91806,12.92066,0.00,0.00
2014.04.25 02:09:31.264,12.91794,12.92054,0.00,0.00
2014.04.25 02:09:33.481,12.91818,12.92078,0.00,0.00
2014.04.25 02:09:33.783,12.91795,12.92055,0.00,0.00
2014.04.25 02:09:34.465,12.91806,12.92066,0.00,0.00
2014.04.25 02:09:34.934,12.91794,12.92054,0.00,0.00
2014.04.25 02:09:36.262,12.91818,12.92078,0.00,0.00
2014.04.25 02:09:36.592,12.91794,12.92054,0.00,0.00
2014.04.25 02:09:40.931,12.91763,12.92008,0.00,0.00
2014.04.25 02:09:41.072,12.91748,12.92008,0.00,0.00
2014.04.25 02:09:41.371,12.9176,12.9202,0.00,0.00
2014.04.25 02:09:41.768,12.91822,12.92082,0.00,0.00
2014.04.25 02:09:42.384,12.91823,12.92083,0.00,0.00
2014.04.25 02:09:43.033,12.91798,12.92058,0.00,0.00
2014.04.25 02:09:44.861,12.91832,12.92092,0.00,0.00
2014.04.25 02:09:45.190,12.91811,12.92071,0.00,0.00
2014.04.25 02:09:45.683,12.91798,12.92058,0.00,0.00
2014.04.25 02:09:46.010,12.9181,12.9207,0.00,0.00
2014.04.25 02:09:46.388,12.91822,12.92082,0.00,0.00
2014.04.25 02:09:46.689,12.91798,12.92058,0.00,0.00
2014.04.25 02:09:47.200,12.91823,12.92083,0.00,0.00
2014.04.25 02:09:47.531,12.91811,12.92071,0.00,0.00
2014.04.25 02:09:49.576,12.91856,12.92116,0.00,0.00
2014.04.25 02:09:50.016,12.91844,12.92104,0.00,0.00
2014.04.25 02:09:50.339,12.91855,12.92115,0.00,0.00
2014.04.25 02:09:50.889,12.91867,12.92127,0.00,0.00
2014.04.25 02:09:51.210,12.91844,12.92104,0.00,0.00
2014.04.25 02:09:53.421,12.91855,12.92115,0.00,0.00
2014.04.25 02:09:56.129,12.91841,12.92101,0.00,0.00
2014.04.25 02:09:56.887,12.91852,12.92112,0.00,0.00
2014.04.25 02:09:57.952,12.91876,12.92136,0.00,0.00
2014.04.25 02:10:02.545,12.91863,12.92123,0.00,0.00
2014.04.25 02:10:06.870,12.91851,12.92111,0.00,0.00
2014.04.25 02:10:27.527,12.91841,12.92101,0.00,0.00
2014.04.25 02:10:27.899,12.91852,12.92112,0.00,0.00
2014.04.25 02:10:28.363,12.91794,12.92054,0.00,0.00
2014.04.25 02:10:30.502,12.91805,12.92065,0.00,0.00
2014.04.25 02:10:35.501,12.91791,12.92051,0.00,0.00
2014.04.25 02:10:36.040,12.91852,12.92112,0.00,0.00
2014.04.25 02:10:36.554,12.91841,12.92101,0.00,0.00
2014.04.25 02:10:42.938,12.91823,12.92051,0.00,0.00
2014.04.25 02:10:43.457,12.91758,12.92018,0.00,0.00
2014.04.25 02:10:43.927,12.91774,12.92034,0.00,0.00
2014.04.25 02:10:44.257,12.9175,12.9201,0.00,0.00
2014.04.25 02:10:48.306,12.91823,12.92033,0.00,0.00
2014.04.25 02:10:48.408,12.91824,12.92084,0.00,0.00
2014.04.25 02:10:48.518,12.91801,12.92061,0.00,0.00
2014.04.25 02:10:48.819,12.91814,12.92074,0.00,0.00
2014.04.25 02:10:51.586,12.91763,12.92013,0.00,0.00
2014.04.25 02:10:51.637,12.91753,12.92013,0.00,0.00
2014.04.25 02:10:51.687,12.91742,12.92001,0.00,0.00
2014.04.25 02:10:51.865,12.91763,12.92023,0.00,0.00
2014.04.25 02:10:51.975,12.91751,12.92011,0.00,0.00
2014.04.25 02:10:53.165,12.91763,12.92023,0.00,0.00
2014.04.25 02:10:53.716,12.91791,12.92051,0.00,0.00
2014.04.25 02:10:55.068,12.91808,12.92068,0.00,0.00
2014.04.25 02:10:56.786,12.91795,12.92055,0.00,0.00
2014.04.25 02:10:59.843,12.91823,12.92055,0.00,0.00
2014.04.25 02:10:59.944,12.91823,12.92077,0.00,0.00
2014.04.25 02:11:01.421,12.91817,12.92077,0.00,0.00
2014.04.25 02:11:01.471,12.91751,12.92011,0.00,0.00
2014.04.25 02:11:02.263,12.91763,12.92011,0.00,0.00
2014.04.25 02:11:02.364,12.91764,12.92024,0.00,0.00
2014.04.25 02:11:02.443,12.91809,12.92069,0.00,0.00
2014.04.25 02:11:02.772,12.91813,12.92073,0.00,0.00
2014.04.25 02:11:03.752,12.91801,12.92061,0.00,0.00
2014.04.25 02:11:05.162,12.91813,12.92073,0.00,0.00
2014.04.25 02:11:05.872,12.91791,12.92051,0.00,0.00
2014.04.25 02:11:11.111,12.91813,12.92073,0.00,0.00
2014.04.25 02:11:12.170,12.91801,12.92061,0.00,0.00
2014.04.25 02:11:12.610,12.91821,12.92081,0.00,0.00
2014.04.25 02:11:13.105,12.91797,12.92057,0.00,0.00
2014.04.25 02:11:13.410,12.91817,12.92077,0.00,0.00
2014.04.25 02:11:14.119,12.91797,12.92057,0.00,0.00
2014.04.25 02:11:16.213,12.91821,12.92081,0.00,0.00
2014.04.25 02:11:17.078,12.91809,12.92069,0.00,0.00
2014.04.25 02:11:21.693,12.91791,12.92051,0.00,0.00
2014.04.25 02:11:22.188,12.91804,12.92064,0.00,0.00
2014.04.25 02:11:22.609,12.91823,12.92073,0.00,0.00
2014.04.25 02:11:24.153,12.91813,12.92073,0.00,0.00
2014.04.25 02:11:24.417,12.91792,12.92052,0.00,0.00
2014.04.25 02:11:25.167,12.91791,12.92051,0.00,0.00
2014.04.25 02:11:25.607,12.91828,12.92088,0.00,0.00
2014.04.25 02:11:25.914,12.91807,12.92067,0.00,0.00
2014.04.25 02:11:26.603,12.91806,12.92066,0.00,0.00
2014.04.25 02:11:27.485,12.91794,12.92054,0.00,0.00
2014.04.25 02:11:28.039,12.91806,12.92066,0.00,0.00
2014.04.25 02:11:28.530,12.91794,12.92054,0.00,0.00
2014.04.25 02:11:28.880,12.91806,12.92066,0.00,0.00
2014.04.25 02:11:29.437,12.91794,12.92054,0.00,0.00
2014.04.25 02:11:30.922,12.91806,12.92066,0.00,0.00
2014.04.25 02:11:32.955,12.91818,12.92078,0.00,0.00
2014.04.25 02:11:34.154,12.91806,12.92066,0.00,0.00
2014.04.25 02:11:34.924,12.91818,12.92078,0.00,0.00
2014.04.25 02:11:35.253,12.91796,12.92056,0.00,0.00
2014.04.25 02:11:35.677,12.9178,12.9204,0.00,0.00
2014.04.25 02:11:35.984,12.91792,12.92052,0.00,0.00
2014.04.25 02:11:36.424,12.9178,12.9204,0.00,0.00
2014.04.25 02:11:37.556,12.91808,12.92068,0.00,0.00
2014.04.25 02:11:37.908,12.91788,12.92048,0.00,0.00
2014.04.25 02:11:38.284,12.91763,12.92023,0.00,0.00
2014.04.25 02:11:39.176,12.91787,12.92047,0.00,0.00
2014.04.25 02:11:40.257,12.91752,12.92012,0.00,0.00
2014.04.25 02:11:40.602,12.91775,12.92035,0.00,0.00
2014.04.25 02:11:44.083,12.91821,12.92081,0.00,0.00
2014.04.25 02:11:46.193,12.91838,12.92098,0.00,0.00
2014.04.25 02:11:46.534,12.91804,12.92064,0.00,0.00
2014.04.25 02:11:46.842,12.918,12.9206,0.00,0.00
2014.04.25 02:11:47.161,12.91812,12.92072,0.00,0.00
2014.04.25 02:11:47.473,12.91823,12.92072,0.00,0.00
2014.04.25 02:11:47.523,12.91834,12.92094,0.00,0.00
2014.04.25 02:11:47.624,12.91823,12.9207,0.00,0.00
2014.04.25 02:11:47.725,12.91845,12.92105,0.00,0.00
2014.04.25 02:11:48.031,12.91861,12.92121,0.00,0.00
2014.04.25 02:11:48.463,12.91848,12.92108,0.00,0.00
2014.04.25 02:11:48.962,12.91798,12.92058,0.00,0.00
2014.04.25 02:11:51.013,12.91829,12.92089,0.00,0.00
2014.04.25 02:11:51.325,12.91796,12.92056,0.00,0.00
2014.04.25 02:11:51.650,12.91792,12.92052,0.00,0.00
2014.04.25 02:11:51.963,12.91787,12.92047,0.00,0.00
2014.04.25 02:11:52.290,12.91785,12.92045,0.00,0.00
2014.04.25 02:11:52.620,12.918,12.9206,0.00,0.00
2014.04.25 02:11:52.962,12.91811,12.92071,0.00,0.00
2014.04.25 02:11:55.833,12.91823,12.92083,0.00,0.00
2014.04.25 02:11:56.142,12.91758,12.92018,0.00,0.00
2014.04.25 02:11:56.663,12.91791,12.92051,0.00,0.00
2014.04.25 02:11:59.248,12.91767,12.92027,0.00,0.00
2014.04.25 02:12:00.093,12.91754,12.92014,0.00,0.00
2014.04.25 02:12:00.568,12.91774,12.92034,0.00,0.00
2014.04.25 02:12:01.218,12.9175,12.9201,0.00,0.00
2014.04.25 02:12:01.998,12.91775,12.92035,0.00,0.00
2014.04.25 02:12:02.417,12.91763,12.92023,0.00,0.00
2014.04.25 02:12:02.747,12.91776,12.92036,0.00,0.00
2014.04.25 02:12:03.164,12.91804,12.92064,0.00,0.00
2014.04.25 02:12:03.475,12.91816,12.92076,0.00,0.00
2014.04.25 02:12:03.781,12.91803,12.92063,0.00,0.00
2014.04.25 02:12:04.159,12.91829,12.92089,0.00,0.00
2014.04.25 02:12:04.662,12.91828,12.92088,0.00,0.00
2014.04.25 02:12:05.682,12.91804,12.92064,0.00,0.00
2014.04.25 02:12:09.586,12.91816,12.92076,0.00,0.00
2014.04.25 02:12:14.312,12.91823,12.92076,0.00,0.00
2014.04.25 02:12:14.422,12.91794,12.92054,0.00,0.00
2014.04.25 02:12:15.854,12.91814,12.92074,0.00,0.00
2014.04.25 02:12:21.063,12.91826,12.92086,0.00,0.00
2014.04.25 02:12:23.164,12.91827,12.92087,0.00,0.00
2014.04.25 02:12:23.902,12.91803,12.92063,0.00,0.00
2014.04.25 02:12:24.263,12.91808,12.92068,0.00,0.00
2014.04.25 02:12:24.622,12.91827,12.92087,0.00,0.00
2014.04.25 02:12:27.501,12.91815,12.92075,0.00,0.00
2014.04.25 02:12:27.941,12.91807,12.92067,0.00,0.00
2014.04.25 02:12:28.252,12.91795,12.92055,0.00,0.00
2014.04.25 02:12:28.569,12.91814,12.92074,0.00,0.00
2014.04.25 02:12:29.582,12.91801,12.92061,0.00,0.00
2014.04.25 02:12:37.389,12.91784,12.92044,0.00,0.00
2014.04.25 02:12:37.851,12.91752,12.92012,0.00,0.00
2014.04.25 02:12:38.274,12.91763,12.92023,0.00,0.00
2014.04.25 02:12:39.028,12.91751,12.92011,0.00,0.00
2014.04.25 02:12:41.011,12.91775,12.92035,0.00,0.00
2014.04.25 02:12:41.753,12.9175,12.9201,0.00,0.00
2014.04.25 02:12:42.223,12.91774,12.92034,0.00,0.00
2014.04.25 02:12:42.776,12.9175,12.9201,0.00,0.00
2014.04.25 02:12:43.281,12.91775,12.92035,0.00,0.00
2014.04.25 02:12:44.237,12.91762,12.92022,0.00,0.00
2014.04.25 02:12:44.567,12.9175,12.9201,0.00,0.00
2014.04.25 02:12:45.049,12.91762,12.92022,0.00,0.00
2014.04.25 02:12:45.556,12.91775,12.92035,0.00,0.00
2014.04.25 02:12:45.986,12.91789,12.92049,0.00,0.00
2014.04.25 02:12:46.966,12.91808,12.92068,0.00,0.00
2014.04.25 02:12:47.764,12.9182,12.9208,0.00,0.00
2014.04.25 02:12:48.156,12.91813,12.92073,0.00,0.00
2014.04.25 02:12:51.322,12.91823,12.92073,0.00,0.00
2014.04.25 02:12:51.372,12.91864,12.92124,0.00,0.00
2014.04.25 02:12:52.087,12.91848,12.92108,0.00,0.00
2014.04.25 02:12:54.854,12.91873,12.92133,0.00,0.00
2014.04.25 02:12:58.391,12.91892,12.92133,0.00,0.00
2014.04.25 02:12:58.541,12.91923,12.92183,0.00,0.00
2014.04.25 02:12:58.624,12.91942,12.92202,0.00,0.00
2014.04.25 02:12:58.942,12.91965,12.92225,0.00,0.00
2014.04.25 02:12:59.243,12.91932,12.92192,0.00,0.00
2014.04.25 02:12:59.603,12.91893,12.92146,0.00,0.00
2014.04.25 02:12:59.933,12.91893,12.92114,0.00,0.00
2014.04.25 02:13:00.034,12.91854,12.92114,0.00,0.00
2014.04.25 02:13:01.042,12.91878,12.92138,0.00,0.00
2014.04.25 02:13:01.563,12.91881,12.92141,0.00,0.00
2014.04.25 02:13:02.552,12.91869,12.92129,0.00,0.00
2014.04.25 02:13:05.063,12.91855,12.92115,0.00,0.00
2014.04.25 02:13:07.113,12.91884,12.92144,0.00,0.00
2014.04.25 02:13:07.633,12.91855,12.92115,0.00,0.00
2014.04.25 02:13:07.943,12.91913,12.92171,0.00,0.00
2014.04.25 02:13:07.993,12.91922,12.92182,0.00,0.00
2014.04.25 02:13:08.094,12.91965,12.92225,0.00,0.00
2014.04.25 02:13:09.131,12.91954,12.92214,0.00,0.00
2014.04.25 02:13:09.631,12.91966,12.92226,0.00,0.00
2014.04.25 02:13:09.991,12.91956,12.92216,0.00,0.00
2014.04.25 02:13:10.311,12.91969,12.92229,0.00,0.00
2014.04.25 02:13:11.863,12.91944,12.92204,0.00,0.00
2014.04.25 02:13:12.283,12.91968,12.92228,0.00,0.00
2014.04.25 02:13:13.042,12.92013,12.92228,0.00,0.00
2014.04.25 02:13:13.093,12.92022,12.92267,0.00,0.00
2014.04.25 02:13:13.193,12.92059,12.92319,0.00,0.00
2014.04.25 02:13:13.747,12.92042,12.92302,0.00,0.00
2014.04.25 02:13:14.779,12.92022,12.92282,0.00,0.00
2014.04.25 02:13:15.114,12.91953,12.92213,0.00,0.00
2014.04.25 02:13:15.415,12.91977,12.92237,0.00,0.00
2014.04.25 02:13:15.740,12.91992,12.92252,0.00,0.00
2014.04.25 02:13:16.131,12.92003,12.92263,0.00,0.00
2014.04.25 02:13:16.540,12.92028,12.92288,0.00,0.00
2014.04.25 02:13:16.842,12.91999,12.92259,0.00,0.00
2014.04.25 02:13:17.949,12.92026,12.92286,0.00,0.00
2014.04.25 02:13:18.267,12.91993,12.92253,0.00,0.00
2014.04.25 02:13:19.468,12.91999,12.92259,0.00,0.00
2014.04.25 02:13:19.841,12.91987,12.92247,0.00,0.00
2014.04.25 02:13:20.302,12.91964,12.92224,0.00,0.00
2014.04.25 02:13:20.619,12.91963,12.92211,0.00,0.00
2014.04.25 02:13:20.779,12.91951,12.92211,0.00,0.00
2014.04.25 02:13:21.448,12.91966,12.92226,0.00,0.00
2014.04.25 02:13:21.787,12.91979,12.92239,0.00,0.00
2014.04.25 02:13:22.539,12.91958,12.92218,0.00,0.00
2014.04.25 02:13:22.867,12.91946,12.92206,0.00,0.00
2014.04.25 02:13:24.262,12.91963,12.92206,0.00,0.00
2014.04.25 02:13:24.313,12.91969,12.92229,0.00,0.00
2014.04.25 02:13:24.387,12.92011,12.92271,0.00,0.00
2014.04.25 02:13:26.116,12.91999,12.92259,0.00,0.00
2014.04.25 02:13:26.999,12.92011,12.92271,0.00,0.00
2014.04.25 02:13:27.646,12.92012,12.92272,0.00,0.00
2014.04.25 02:13:28.188,12.92,12.9226,0.00,0.00
2014.04.25 02:13:28.736,12.92024,12.92284,0.00,0.00
2014.04.25 02:13:30.633,12.92028,12.92287,0.00,0.00
2014.04.25 02:13:30.734,12.91984,12.92244,0.00,0.00
2014.04.25 02:13:30.834,12.92034,12.92294,0.00,0.00
2014.04.25 02:13:31.410,12.92004,12.92264,0.00,0.00
2014.04.25 02:13:35.187,12.92025,12.92285,0.00,0.00
2014.04.25 02:13:36.172,12.92013,12.92273,0.00,0.00
2014.04.25 02:13:37.293,12.9199,12.9225,0.00,0.00
2014.04.25 02:13:37.809,12.91992,12.92252,0.00,0.00
2014.04.25 02:13:38.453,12.92019,12.92279,0.00,0.00
2014.04.25 02:13:42.299,12.92055,12.92315,0.00,0.00
2014.04.25 02:13:42.622,12.92043,12.92303,0.00,0.00
2014.04.25 02:13:43.682,12.92013,12.92259,0.00,0.00
2014.04.25 02:13:43.733,12.91999,12.92259,0.00,0.00
2014.04.25 02:13:44.040,12.92011,12.92271,0.00,0.00
2014.04.25 02:13:44.542,12.9199,12.9225,0.00,0.00
2014.04.25 02:13:44.890,12.92011,12.92271,0.00,0.00
2014.04.25 02:13:45.625,12.91998,12.92258,0.00,0.00
2014.04.25 02:13:45.934,12.92011,12.92271,0.00,0.00
2014.04.25 02:13:46.611,12.92024,12.92284,0.00,0.00
2014.04.25 02:13:46.942,12.91999,12.92259,0.00,0.00
2014.04.25 02:13:47.506,12.91959,12.92219,0.00,0.00
2014.04.25 02:13:48.500,12.91961,12.92221,0.00,0.00
2014.04.25 02:13:48.909,12.91949,12.92209,0.00,0.00
2014.04.25 02:13:50.310,12.9196,12.9222,0.00,0.00
2014.04.25 02:13:50.659,12.91948,12.92208,0.00,0.00
2014.04.25 02:13:51.942,12.91932,12.92192,0.00,0.00
2014.04.25 02:13:52.243,12.91913,12.92151,0.00,0.00
2014.04.25 02:13:52.294,12.91955,12.92215,0.00,0.00
2014.04.25 02:13:52.394,12.91932,12.92192,0.00,0.00
2014.04.25 02:13:53.150,12.91956,12.92216,0.00,0.00
2014.04.25 02:13:54.622,12.91963,12.92216,0.00,0.00
2014.04.25 02:13:54.672,12.91966,12.92226,0.00,0.00
2014.04.25 02:13:55.089,12.91956,12.92216,0.00,0.00
2014.04.25 02:13:55.960,12.91968,12.92228,0.00,0.00
2014.04.25 02:13:56.901,12.91944,12.92204,0.00,0.00
2014.04.25 02:13:59.315,12.91955,12.92215,0.00,0.00
2014.04.25 02:13:59.766,12.91942,12.92202,0.00,0.00
2014.04.25 02:14:03.409,12.91923,12.92183,0.00,0.00
2014.04.25 02:14:04.147,12.91942,12.92202,0.00,0.00
2014.04.25 02:14:05.457,12.91962,12.92222,0.00,0.00
2014.04.25 02:14:06.878,12.91942,12.92202,0.00,0.00
2014.04.25 02:14:13.601,12.91964,12.92224,0.00,0.00
2014.04.25 02:14:15.539,12.91942,12.92202,0.00,0.00
2014.04.25 02:14:16.764,12.91942,12.92178,0.00,0.00
2014.04.25 02:14:16.834,12.91913,12.92153,0.00,0.00
2014.04.25 02:14:16.940,12.91893,12.92153,0.00,0.00
2014.04.25 02:14:17.005,12.91823,12.92082,0.00,0.00
2014.04.25 02:14:17.319,12.91834,12.92094,0.00,0.00
2014.04.25 02:14:17.383,12.91823,12.92081,0.00,0.00
2014.04.25 02:14:18.431,12.91833,12.92093,0.00,0.00
2014.04.25 02:14:18.532,12.91845,12.92105,0.00,0.00
2014.04.25 02:14:19.281,12.91823,12.9208,0.00,0.00
2014.04.25 02:14:19.382,12.91875,12.92135,0.00,0.00
2014.04.25 02:14:19.684,12.91853,12.92113,0.00,0.00
2014.04.25 02:14:23.492,12.91869,12.92129,0.00,0.00
2014.04.25 02:14:25.362,12.91857,12.92117,0.00,0.00
2014.04.25 02:14:27.010,12.91869,12.92129,0.00,0.00
2014.04.25 02:14:27.764,12.91892,12.92152,0.00,0.00
2014.04.25 02:14:28.501,12.91913,12.92157,0.00,0.00
2014.04.25 02:14:36.031,12.91924,12.92157,0.00,0.00
2014.04.25 02:14:36.132,12.91924,12.92184,0.00,0.00
2014.04.25 02:14:36.249,12.91967,12.92227,0.00,0.00
2014.04.25 02:14:36.589,12.91969,12.92229,0.00,0.00
2014.04.25 02:14:37.879,12.91957,12.92217,0.00,0.00
2014.04.25 02:14:38.193,12.91971,12.92231,0.00,0.00
2014.04.25 02:14:38.598,12.91965,12.92225,0.00,0.00
2014.04.25 02:14:42.967,12.91951,12.92211,0.00,0.00
2014.04.25 02:14:47.109,12.91963,12.92223,0.00,0.00
2014.04.25 02:14:47.489,12.91975,12.92235,0.00,0.00
2014.04.25 02:14:48.256,12.91992,12.92252,0.00,0.00
2014.04.25 02:14:52.485,12.92016,12.92276,0.00,0.00
2014.04.25 02:14:52.806,12.92065,12.92325,0.00,0.00
2014.04.25 02:14:53.575,12.92042,12.92302,0.00,0.00
2014.04.25 02:14:53.918,12.92053,12.92313,0.00,0.00
2014.04.25 02:14:54.399,12.92066,12.92326,0.00,0.00
2014.04.25 02:14:54.796,12.92042,12.92302,0.00,0.00
2014.04.25 02:15:00.045,12.92064,12.92324,0.00,0.00
2014.04.25 02:15:00.549,12.92042,12.92302,0.00,0.00
2014.04.25 02:15:02.929,12.9206,12.9232,0.00,0.00
2014.04.25 02:15:05.571,12.92048,12.92308,0.00,0.00
2014.04.25 02:15:07.184,12.92059,12.92319,0.00,0.00
2014.04.25 02:15:13.931,12.92045,12.92305,0.00,0.00
2014.04.25 02:15:15.258,12.92042,12.92302,0.00,0.00
2014.04.25 02:15:15.635,12.92058,12.92318,0.00,0.00
2014.04.25 02:15:16.369,12.92047,12.92307,0.00,0.00
2014.04.25 02:15:23.019,12.9206,12.9232,0.00,0.00
2014.04.25 02:15:24.958,12.92049,12.92309,0.00,0.00
2014.04.25 02:15:32.366,12.92062,12.92322,0.00,0.00
2014.04.25 02:15:32.797,12.92042,12.92302,0.00,0.00
2014.04.25 02:15:33.775,12.92059,12.92319,0.00,0.00
2014.04.25 02:15:34.642,12.92071,12.92331,0.00,0.00
2014.04.25 02:15:36.409,12.92059,12.92319,0.00,0.00
2014.04.25 02:15:40.384,12.92047,12.92307,0.00,0.00
2014.04.25 02:15:44.293,12.92061,12.92321,0.00,0.00
2014.04.25 02:15:44.723,12.9205,12.9231,0.00,0.00
2014.04.25 02:16:05.567,12.92051,12.92311,0.00,0.00
2014.04.25 02:16:16.606,12.92092,12.92352,0.00,0.00
2014.04.25 02:16:20.760,12.92103,12.92363,0.00,0.00
2014.04.25 02:16:21.499,12.92092,12.92352,0.00,0.00
2014.04.25 02:16:21.904,12.92113,12.92373,0.00,0.00
2014.04.25 02:16:22.214,12.92127,12.92377,0.00,0.00
2014.04.25 02:16:22.863,12.92112,12.92372,0.00,0.00
2014.04.25 02:16:23.094,12.92172,12.92377,0.00,0.00
2014.04.25 02:16:23.195,12.92155,12.92415,0.00,0.00
2014.04.25 02:16:24.173,12.92142,12.92402,0.00,0.00
2014.04.25 02:16:32.697,12.92122,12.92382,0.00,0.00
2014.04.25 02:16:32.999,12.91963,12.92121,0.00,0.00
2014.04.25 02:16:33.049,12.91901,12.92161,0.00,0.00
2014.04.25 02:16:33.121,12.91862,12.92122,0.00,0.00
2014.04.25 02:16:33.444,12.9185,12.9211,0.00,0.00
2014.04.25 02:16:33.790,12.91874,12.92134,0.00,0.00
2014.04.25 02:16:34.091,12.91886,12.92146,0.00,0.00
2014.04.25 02:16:34.452,12.91861,12.92121,0.00,0.00
2014.04.25 02:16:35.158,12.91884,12.92144,0.00,0.00
2014.04.25 02:16:35.876,12.9186,12.9212,0.00,0.00
2014.04.25 02:16:36.578,12.91877,12.92137,0.00,0.00
2014.04.25 02:16:39.229,12.91888,12.92148,0.00,0.00
2014.04.25 02:16:39.560,12.9199,12.9225,0.00,0.00
2014.04.25 02:16:40.111,12.92002,12.92262,0.00,0.00
2014.04.25 02:16:40.448,12.92013,12.92273,0.00,0.00
2014.04.25 02:16:41.435,12.92025,12.92285,0.00,0.00
2014.04.25 02:16:47.641,12.91962,12.92222,0.00,0.00
2014.04.25 02:16:48.081,12.91976,12.92236,0.00,0.00
2014.04.25 02:16:48.759,12.91963,12.92223,0.00,0.00
2014.04.25 02:16:51.756,12.9195,12.9221,0.00,0.00
2014.04.25 02:16:54.904,12.91981,12.92241,0.00,0.00
2014.04.25 02:16:55.266,12.92,12.9226,0.00,0.00
2014.04.25 02:16:55.900,12.92024,12.92284,0.00,0.00
2014.04.25 02:17:00.734,12.91963,12.92222,0.00,0.00
2014.04.25 02:17:00.847,12.91976,12.92236,0.00,0.00
2014.04.25 02:17:00.998,12.91952,12.92212,0.00,0.00
2014.04.25 02:17:01.579,12.91964,12.92224,0.00,0.00
2014.04.25 02:17:02.268,12.91951,12.92211,0.00,0.00
2014.04.25 02:17:03.763,12.91963,12.92223,0.00,0.00
2014.04.25 02:17:04.099,12.91977,12.92237,0.00,0.00
2014.04.25 02:17:04.527,12.9195,12.9221,0.00,0.00
2014.04.25 02:17:06.263,12.91964,12.92224,0.00,0.00
2014.04.25 02:17:07.015,12.91978,12.92238,0.00,0.00
2014.04.25 02:17:14.781,12.91959,12.92219,0.00,0.00
2014.04.25 02:17:15.210,12.91948,12.92208,0.00,0.00
2014.04.25 02:17:24.487,12.91948,12.92197,0.00,0.00
2014.04.25 02:17:24.538,12.91917,12.92177,0.00,0.00
2014.04.25 02:17:24.609,12.91851,12.92111,0.00,0.00
2014.04.25 02:17:24.938,12.91863,12.92123,0.00,0.00
2014.04.25 02:17:28.634,12.91877,12.92137,0.00,0.00
2014.04.25 02:17:28.938,12.91894,12.92154,0.00,0.00
2014.04.25 02:17:29.928,12.91907,12.92167,0.00,0.00
2014.04.25 02:17:32.787,12.91956,12.92216,0.00,0.00
2014.04.25 02:17:33.217,12.91936,12.92196,0.00,0.00
2014.04.25 02:17:33.745,12.91949,12.92209,0.00,0.00
2014.04.25 02:17:42.663,12.9197,12.9223,0.00,0.00
2014.04.25 02:17:42.973,12.91958,12.92218,0.00,0.00
2014.04.25 02:17:44.173,12.91971,12.92231,0.00,0.00
2014.04.25 02:17:46.001,12.91989,12.92249,0.00,0.00
2014.04.25 02:17:50.481,12.91955,12.92215,0.00,0.00
2014.04.25 02:18:02.829,12.91977,12.92237,0.00,0.00
2014.04.25 02:18:11.556,12.91958,12.92218,0.00,0.00
2014.04.25 02:18:11.976,12.91969,12.92229,0.00,0.00
2014.04.25 02:18:12.357,12.91957,12.92217,0.00,0.00
2014.04.25 02:18:16.162,12.91972,12.92232,0.00,0.00
2014.04.25 02:18:23.913,12.91983,12.92243,0.00,0.00
2014.04.25 02:18:26.983,12.91971,12.92231,0.00,0.00
2014.04.25 02:18:38.620,12.91983,12.92243,0.00,0.00
2014.04.25 02:18:39.076,12.91958,12.92218,0.00,0.00
2014.04.25 02:18:42.298,12.9197,12.9223,0.00,0.00
2014.04.25 02:18:42.848,12.92008,12.92268,0.00,0.00
2014.04.25 02:18:43.182,12.92077,12.92337,0.00,0.00
2014.04.25 02:18:43.509,12.92068,12.92328,0.00,0.00
2014.04.25 02:18:43.838,12.92055,12.92315,0.00,0.00
2014.04.25 02:18:44.268,12.92079,12.92339,0.00,0.00
2014.04.25 02:18:45.338,12.92068,12.92328,0.00,0.00
2014.04.25 02:18:48.599,12.9208,12.9234,0.00,0.00
2014.04.25 02:18:49.007,12.92068,12.92328,0.00,0.00
2014.04.25 02:18:49.976,12.92069,12.92329,0.00,0.00
2014.04.25 02:18:52.315,12.92081,12.92341,0.00,0.00
2014.04.25 02:18:52.917,12.92069,12.92329,0.00,0.00
2014.04.25 02:18:53.346,12.92081,12.92341,0.00,0.00
2014.04.25 02:19:01.694,12.92069,12.92329,0.00,0.00
2014.04.25 02:19:06.249,12.92056,12.92316,0.00,0.00
2014.04.25 02:19:13.521,12.92056,12.92298,0.00,0.00
2014.04.25 02:19:13.621,12.92003,12.92256,0.00,0.00
2014.04.25 02:19:13.672,12.91996,12.92256,0.00,0.00
2014.04.25 02:19:13.722,12.91957,12.92217,0.00,0.00
2014.04.25 02:19:14.558,12.91958,12.92218,0.00,0.00
2014.04.25 02:19:15.054,12.91969,12.92229,0.00,0.00
2014.04.25 02:19:25.178,12.91981,12.92241,0.00,0.00
2014.04.25 02:19:25.551,12.9197,12.9223,0.00,0.00
2014.04.25 02:19:41.734,12.91957,12.92217,0.00,0.00
2014.04.25 02:19:50.142,12.91968,12.92228,0.00,0.00
2014.04.25 02:20:10.578,12.91975,12.92235,0.00,0.00
2014.04.25 02:20:13.307,12.91962,12.92222,0.00,0.00
2014.04.25 02:20:15.787,12.91973,12.92233,0.00,0.00
2014.04.25 02:20:16.966,12.9198,12.9224,0.00,0.00
2014.04.25 02:20:22.515,12.91992,12.92252,0.00,0.00
2014.04.25 02:20:22.885,12.91982,12.92242,0.00,0.00
2014.04.25 02:20:23.205,12.91969,12.92229,0.00,0.00
2014.04.25 02:20:24.474,12.91981,12.92241,0.00,0.00
2014.04.25 02:20:27.584,12.91994,12.92254,0.00,0.00
2014.04.25 02:20:27.925,12.92008,12.92268,0.00,0.00
2014.04.25 02:20:29.443,12.91992,12.92252,0.00,0.00
2014.04.25 02:20:29.761,12.9197,12.9223,0.00,0.00
2014.04.25 02:20:32.382,12.91988,12.92248,0.00,0.00
2014.04.25 02:20:34.306,12.92004,12.92264,0.00,0.00
2014.04.25 02:20:35.711,12.92005,12.92265,0.00,0.00
2014.04.25 02:20:37.006,12.91993,12.92253,0.00,0.00
2014.04.25 02:20:42.450,12.9198,12.9224,0.00,0.00
2014.04.25 02:20:42.884,12.91993,12.92253,0.00,0.00
2014.04.25 02:20:45.388,12.9198,12.9224,0.00,0.00
2014.04.25 02:20:47.858,12.91991,12.92251,0.00,0.00
2014.04.25 02:20:51.346,12.92004,12.92264,0.00,0.00
2014.04.25 02:20:54.447,12.91991,12.92251,0.00,0.00
2014.04.25 02:21:06.034,12.92008,12.92268,0.00,0.00
2014.04.25 02:21:16.191,12.91988,12.92248,0.00,0.00
2014.04.25 02:21:16.530,12.92,12.9226,0.00,0.00
2014.04.25 02:21:22.240,12.91987,12.92247,0.00,0.00
2014.04.25 02:21:25.599,12.91998,12.92258,0.00,0.00
2014.04.25 02:21:27.239,12.92018,12.92278,0.00,0.00
2014.04.25 02:21:27.824,12.92037,12.92297,0.00,0.00
2014.04.25 02:21:30.688,12.92013,12.92273,0.00,0.00
2014.04.25 02:21:33.407,12.92024,12.92284,0.00,0.00
2014.04.25 02:21:41.145,12.92012,12.92272,0.00,0.00
2014.04.25 02:21:44.265,12.92036,12.92296,0.00,0.00
2014.04.25 02:21:47.584,12.92012,12.92272,0.00,0.00
2014.04.25 02:22:01.600,12.92036,12.92296,0.00,0.00
2014.04.25 02:22:02.590,12.92047,12.92307,0.00,0.00
2014.04.25 02:22:03.064,12.92014,12.92274,0.00,0.00
2014.04.25 02:22:03.568,12.92025,12.92285,0.00,0.00
2014.04.25 02:22:04.485,12.92038,12.92298,0.00,0.00
2014.04.25 02:22:11.622,12.92014,12.92274,0.00,0.00
2014.04.25 02:22:13.437,12.92037,12.92297,0.00,0.00
2014.04.25 02:22:15.287,12.92025,12.92285,0.00,0.00
2014.04.25 02:22:22.846,12.92036,12.92296,0.00,0.00
2014.04.25 02:22:32.433,12.92024,12.92284,0.00,0.00
2014.04.25 02:22:47.128,12.92086,12.92337,0.00,0.00
2014.04.25 02:22:47.179,12.92086,12.92346,0.00,0.00
2014.04.25 02:22:47.229,12.92132,12.92387,0.00,0.00
2014.04.25 02:22:47.368,12.92132,12.92392,0.00,0.00
2014.04.25 02:22:47.558,12.92121,12.92381,0.00,0.00
2014.04.25 02:22:47.953,12.92133,12.92393,0.00,0.00
2014.04.25 02:22:50.131,12.92121,12.92381,0.00,0.00
2014.04.25 02:22:55.007,12.92108,12.92368,0.00,0.00
2014.04.25 02:22:56.528,12.92133,12.92393,0.00,0.00
2014.04.25 02:22:57.437,12.9211,12.9237,0.00,0.00
2014.04.25 02:23:01.915,12.92121,12.92381,0.00,0.00
2014.04.25 02:23:04.068,12.92064,12.92324,0.00,0.00
2014.04.25 02:23:04.465,12.92088,12.92348,0.00,0.00
2014.04.25 02:23:05.004,12.92063,12.92323,0.00,0.00
2014.04.25 02:23:05.444,12.92076,12.92336,0.00,0.00
2014.04.25 02:23:07.222,12.92089,12.92349,0.00,0.00
2014.04.25 02:23:07.581,12.92104,12.92364,0.00,0.00
2014.04.25 02:23:10.258,12.92092,12.92352,0.00,0.00
2014.04.25 02:23:13.293,12.92104,12.92364,0.00,0.00
2014.04.25 02:23:14.162,12.9208,12.9234,0.00,0.00
2014.04.25 02:23:19.207,12.92092,12.92352,0.00,0.00
2014.04.25 02:23:20.236,12.92113,12.92369,0.00,0.00
2014.04.25 02:23:20.541,12.92161,12.92421,0.00,0.00
2014.04.25 02:23:20.748,12.92185,12.92437,0.00,0.00
2014.04.25 02:23:20.898,12.92172,12.92432,0.00,0.00
2014.04.25 02:23:20.962,12.9216,12.9242,0.00,0.00
2014.04.25 02:23:21.288,12.92173,12.92433,0.00,0.00
2014.04.25 02:23:24.540,12.92185,12.92437,0.00,0.00
2014.04.25 02:23:24.645,12.92185,12.92445,0.00,0.00
2014.04.25 02:23:27.498,12.92204,12.92464,0.00,0.00
2014.04.25 02:23:27.889,12.9224,12.925,0.00,0.00
2014.04.25 02:23:28.227,12.92226,12.92486,0.00,0.00
2014.04.25 02:23:28.674,12.92279,12.92517,0.00,0.00
2014.04.25 02:23:28.724,12.92279,12.92539,0.00,0.00
2014.04.25 02:23:28.980,12.92259,12.92519,0.00,0.00
2014.04.25 02:23:29.308,12.92284,12.92544,0.00,0.00
2014.04.25 02:23:29.641,12.92271,12.92531,0.00,0.00
2014.04.25 02:23:31.058,12.92259,12.92519,0.00,0.00
2014.04.25 02:23:32.733,12.9227,12.9253,0.00,0.00
2014.04.25 02:23:33.043,12.92258,12.92518,0.00,0.00
2014.04.25 02:23:41.537,12.9229,12.92547,0.00,0.00
2014.04.25 02:23:42.195,12.92273,12.92533,0.00,0.00
2014.04.25 02:23:42.803,12.92286,12.92546,0.00,0.00
2014.04.25 02:23:43.495,12.92274,12.92534,0.00,0.00
2014.04.25 02:23:43.824,12.92286,12.92546,0.00,0.00
2014.04.25 02:23:44.156,12.92254,12.92514,0.00,0.00
2014.04.25 02:23:44.461,12.92242,12.92502,0.00,0.00
2014.04.25 02:23:46.159,12.92229,12.92489,0.00,0.00
2014.04.25 02:23:46.559,12.9224,12.925,0.00,0.00
2014.04.25 02:23:50.357,12.92293,12.92553,0.00,0.00
2014.04.25 02:23:50.755,12.92281,12.92541,0.00,0.00
2014.04.25 02:23:58.751,12.92268,12.92528,0.00,0.00
2014.04.25 02:23:59.291,12.9229,12.9255,0.00,0.00
2014.04.25 02:24:00.060,12.92267,12.92527,0.00,0.00
2014.04.25 02:24:00.382,12.92219,12.92479,0.00,0.00
2014.04.25 02:24:00.721,12.92182,12.92442,0.00,0.00
2014.04.25 02:24:01.064,12.92204,12.92464,0.00,0.00
2014.04.25 02:24:01.431,12.92178,12.92438,0.00,0.00
2014.04.25 02:24:02.470,12.92204,12.92457,0.00,0.00
2014.04.25 02:24:03.037,12.92182,12.92442,0.00,0.00
2014.04.25 02:24:03.350,12.92194,12.92454,0.00,0.00
2014.04.25 02:24:03.790,12.92212,12.92457,0.00,0.00
2014.04.25 02:24:04.550,12.92199,12.92457,0.00,0.00
2014.04.25 02:24:05.242,12.92185,12.92445,0.00,0.00
2014.04.25 02:24:07.765,12.92195,12.92455,0.00,0.00
2014.04.25 02:24:12.687,12.92183,12.92443,0.00,0.00
2014.04.25 02:24:17.626,12.92195,12.92455,0.00,0.00
2014.04.25 02:24:21.305,12.92236,12.92487,0.00,0.00
2014.04.25 02:24:21.552,12.92224,12.92484,0.00,0.00
2014.04.25 02:24:21.773,12.92237,12.92487,0.00,0.00
2014.04.25 02:24:21.979,12.92215,12.92475,0.00,0.00
2014.04.25 02:24:22.080,12.92181,12.92441,0.00,0.00
2014.04.25 02:24:23.505,12.92194,12.92454,0.00,0.00
2014.04.25 02:24:26.224,12.92234,12.92487,0.00,0.00
2014.04.25 02:24:26.274,12.92234,12.92494,0.00,0.00
2014.04.25 02:24:26.325,12.92291,12.92537,0.00,0.00
2014.04.25 02:24:26.654,12.92267,12.92527,0.00,0.00
2014.04.25 02:24:27.954,12.92278,12.92537,0.00,0.00
2014.04.25 02:24:29.254,12.92292,12.92537,0.00,0.00
2014.04.25 02:24:31.413,12.92279,12.92537,0.00,0.00
2014.04.25 02:24:32.294,12.92293,12.92537,0.00,0.00
2014.04.25 02:24:32.345,12.92293,12.92553,0.00,0.00
2014.04.25 02:24:32.403,12.92329,12.92577,0.00,0.00
2014.04.25 02:24:32.623,12.92317,12.92577,0.00,0.00
2014.04.25 02:24:32.733,12.92329,12.92577,0.00,0.00
2014.04.25 02:24:35.627,12.9235,12.92577,0.00,0.00
2014.04.25 02:24:35.677,12.9235,12.9261,0.00,0.00
2014.04.25 02:24:35.727,12.92387,12.92647,0.00,0.00
2014.04.25 02:24:36.032,12.92336,12.92596,0.00,0.00
2014.04.25 02:24:36.346,12.92334,12.92594,0.00,0.00
2014.04.25 02:24:36.684,12.92277,12.92537,0.00,0.00
2014.04.25 02:24:36.991,12.92294,12.92554,0.00,0.00
2014.04.25 02:24:37.300,12.92305,12.92565,0.00,0.00
2014.04.25 02:24:37.771,12.92339,12.92577,0.00,0.00
2014.04.25 02:24:37.882,12.92305,12.92565,0.00,0.00
2014.04.25 02:24:38.321,12.92317,12.92577,0.00,0.00
2014.04.25 02:24:38.641,12.92339,12.92577,0.00,0.00
2014.04.25 02:24:39.015,12.92381,12.92577,0.00,0.00
2014.04.25 02:24:39.411,12.92358,12.92577,0.00,0.00
2014.04.25 02:24:39.569,12.92358,12.92618,0.00,0.00
2014.04.25 02:24:40.176,12.92369,12.92627,0.00,0.00
2014.04.25 02:24:41.370,12.92382,12.92627,0.00,0.00
2014.04.25 02:24:41.520,12.92382,12.92642,0.00,0.00
2014.04.25 02:24:41.700,12.9236,12.9262,0.00,0.00
2014.04.25 02:24:42.460,12.92371,12.92631,0.00,0.00
2014.04.25 02:24:44.299,12.92394,12.92654,0.00,0.00
2014.04.25 02:24:45.929,12.92372,12.92632,0.00,0.00
2014.04.25 02:24:46.712,12.92394,12.92654,0.00,0.00
2014.04.25 02:24:51.808,12.92383,12.92643,0.00,0.00
2014.04.25 02:24:52.477,12.92394,12.92654,0.00,0.00
2014.04.25 02:24:54.728,12.92373,12.92633,0.00,0.00
2014.04.25 02:24:56.247,12.92394,12.92654,0.00,0.00
2014.04.25 02:24:56.944,12.92373,12.92633,0.00,0.00
2014.04.25 02:24:57.934,12.92394,12.92654,0.00,0.00
2014.04.25 02:25:04.206,12.92374,12.92634,0.00,0.00
2014.04.25 02:25:05.096,12.92394,12.92654,0.00,0.00
2014.04.25 02:25:22.867,12.92413,12.92654,0.00,0.00
2014.04.25 02:25:22.917,12.92439,12.92699,0.00,0.00
2014.04.25 02:25:23.040,12.92488,12.92737,0.00,0.00
2014.04.25 02:25:24.310,12.92477,12.92737,0.00,0.00
2014.04.25 02:25:24.730,12.92489,12.92749,0.00,0.00
2014.04.25 02:25:25.190,12.92478,12.92738,0.00,0.00
2014.04.25 02:25:28.664,12.92492,12.92738,0.00,0.00
2014.04.25 02:25:28.870,12.92534,12.92794,0.00,0.00
2014.04.25 02:25:28.930,12.92591,12.92851,0.00,0.00
2014.04.25 02:25:29.777,12.92592,12.92852,0.00,0.00
2014.04.25 02:25:30.079,12.92579,12.92839,0.00,0.00
2014.04.25 02:25:30.772,12.92567,12.92827,0.00,0.00
2014.04.25 02:25:31.148,12.92579,12.92839,0.00,0.00
2014.04.25 02:25:31.669,12.92591,12.92851,0.00,0.00
2014.04.25 02:25:33.020,12.92565,12.92825,0.00,0.00
2014.04.25 02:25:33.419,12.92483,12.92743,0.00,0.00
2014.04.25 02:25:33.898,12.92481,12.92741,0.00,0.00
2014.04.25 02:25:36.358,12.92492,12.92752,0.00,0.00
2014.04.25 02:25:36.741,12.92503,12.92763,0.00,0.00
2014.04.25 02:25:37.068,12.92481,12.92741,0.00,0.00
2014.04.25 02:25:37.398,12.92504,12.92764,0.00,0.00
2014.04.25 02:25:43.538,12.92491,12.92751,0.00,0.00
2014.04.25 02:25:46.457,12.92466,12.92726,0.00,0.00
2014.04.25 02:25:47.623,12.92492,12.92752,0.00,0.00
2014.04.25 02:25:51.211,12.92471,12.92731,0.00,0.00
2014.04.25 02:25:54.346,12.92494,12.92754,0.00,0.00
2014.04.25 02:25:55.561,12.92471,12.92731,0.00,0.00
2014.04.25 02:25:59.732,12.9246,12.9272,0.00,0.00
2014.04.25 02:26:06.976,12.9246,12.92697,0.00,0.00
2014.04.25 02:26:07.026,12.92444,12.92697,0.00,0.00
2014.04.25 02:26:07.100,12.92364,12.92624,0.00,0.00
2014.04.25 02:26:07.430,12.9238,12.9264,0.00,0.00
2014.04.25 02:26:07.793,12.92367,12.92627,0.00,0.00
2014.04.25 02:26:08.143,12.92315,12.92575,0.00,0.00
2014.04.25 02:26:08.452,12.92327,12.92587,0.00,0.00
2014.04.25 02:26:10.139,12.92315,12.92575,0.00,0.00
2014.04.25 02:26:15.529,12.92327,12.92587,0.00,0.00
2014.04.25 02:26:18.128,12.92314,12.92574,0.00,0.00
2014.04.25 02:26:18.508,12.92268,12.92528,0.00,0.00
2014.04.25 02:26:19.117,12.92269,12.92529,0.00,0.00
2014.04.25 02:26:27.439,12.92282,12.92542,0.00,0.00
2014.04.25 02:26:27.766,12.9226,12.9252,0.00,0.00
2014.04.25 02:26:28.130,12.92283,12.92543,0.00,0.00
2014.04.25 02:26:29.319,12.92271,12.92531,0.00,0.00
2014.04.25 02:26:29.970,12.92285,12.92545,0.00,0.00
2014.04.25 02:26:30.384,12.92324,12.92584,0.00,0.00
2014.04.25 02:26:30.956,12.92336,12.92596,0.00,0.00
2014.04.25 02:26:35.466,12.92336,12.92587,0.00,0.00
2014.04.25 02:26:35.516,12.92303,12.92563,0.00,0.00
2014.04.25 02:26:35.913,12.92314,12.92574,0.00,0.00
2014.04.25 02:26:40.063,12.92301,12.92561,0.00,0.00
2014.04.25 02:26:41.241,12.92279,12.92539,0.00,0.00
2014.04.25 02:26:41.683,12.92304,12.92564,0.00,0.00
2014.04.25 02:26:43.191,12.92291,12.92551,0.00,0.00
2014.04.25 02:26:44.270,12.92279,12.92539,0.00,0.00
2014.04.25 02:26:45.419,12.92264,12.92524,0.00,0.00
2014.04.25 02:26:47.540,12.92283,12.92543,0.00,0.00
2014.04.25 02:26:47.850,12.92316,12.92576,0.00,0.00
2014.04.25 02:26:50.599,12.92304,12.92564,0.00,0.00
2014.04.25 02:26:51.139,12.92265,12.92525,0.00,0.00
2014.04.25 02:26:59.786,12.92223,12.92483,0.00,0.00
2014.04.25 02:27:00.105,12.92235,12.92495,0.00,0.00
2014.04.25 02:27:02.525,12.9221,12.9247,0.00,0.00
2014.04.25 02:27:02.903,12.92222,12.92482,0.00,0.00
2014.04.25 02:27:03.310,12.92235,12.92495,0.00,0.00
2014.04.25 02:27:03.856,12.92223,12.92483,0.00,0.00
2014.04.25 02:27:07.438,12.92223,12.92457,0.00,0.00
2014.04.25 02:27:07.490,12.92161,12.92421,0.00,0.00
2014.04.25 02:27:07.700,12.92189,12.92449,0.00,0.00
2014.04.25 02:27:08.525,12.92177,12.92437,0.00,0.00
2014.04.25 02:27:08.965,12.9219,12.9245,0.00,0.00
2014.04.25 02:27:09.359,12.92208,12.92468,0.00,0.00
2014.04.25 02:27:10.090,12.9222,12.9248,0.00,0.00
2014.04.25 02:27:11.393,12.92208,12.92468,0.00,0.00
2014.04.25 02:27:12.866,12.9222,12.9248,0.00,0.00
2014.04.25 02:27:13.358,12.92278,12.92507,0.00,0.00
2014.04.25 02:27:13.408,12.92278,12.92518,0.00,0.00
2014.04.25 02:27:13.744,12.92285,12.92518,0.00,0.00
2014.04.25 02:27:13.921,12.92285,12.92537,0.00,0.00
2014.04.25 02:27:13.972,12.92262,12.92522,0.00,0.00
2014.04.25 02:27:14.081,12.92248,12.92508,0.00,0.00
2014.04.25 02:27:14.513,12.92287,12.92537,0.00,0.00
2014.04.25 02:27:14.614,12.92287,12.92547,0.00,0.00
2014.04.25 02:27:16.266,12.92268,12.92528,0.00,0.00
2014.04.25 02:27:16.892,12.9228,12.9254,0.00,0.00
2014.04.25 02:27:22.118,12.92323,12.9254,0.00,0.00
2014.04.25 02:27:22.169,12.92339,12.92599,0.00,0.00
2014.04.25 02:27:22.277,12.92389,12.92649,0.00,0.00
2014.04.25 02:27:23.012,12.9237,12.9263,0.00,0.00
2014.04.25 02:27:23.399,12.9237,12.92627,0.00,0.00
2014.04.25 02:27:23.450,12.9236,12.9262,0.00,0.00
2014.04.25 02:27:23.599,12.92317,12.92577,0.00,0.00
2014.04.25 02:27:23.901,12.92326,12.92586,0.00,0.00
2014.04.25 02:27:24.258,12.92314,12.92574,0.00,0.00
2014.04.25 02:27:24.654,12.92338,12.92598,0.00,0.00
2014.04.25 02:27:25.851,12.92317,12.92577,0.00,0.00
2014.04.25 02:27:26.399,12.92303,12.92563,0.00,0.00
2014.04.25 02:27:26.983,12.92315,12.92575,0.00,0.00
2014.04.25 02:27:29.235,12.92304,12.92564,0.00,0.00
2014.04.25 02:27:30.839,12.92316,12.92576,0.00,0.00
2014.04.25 02:27:33.045,12.92267,12.92527,0.00,0.00
2014.04.25 02:27:33.691,12.92268,12.92528,0.00,0.00
2014.04.25 02:27:53.143,12.92289,12.92549,0.00,0.00
2014.04.25 02:27:53.518,12.92276,12.92536,0.00,0.00
2014.04.25 02:27:54.123,12.92289,12.92549,0.00,0.00
2014.04.25 02:27:54.729,12.92276,12.92536,0.00,0.00
2014.04.25 02:28:00.172,12.92263,12.92523,0.00,0.00
2014.04.25 02:28:07.850,12.92275,12.92535,0.00,0.00
2014.04.25 02:28:08.245,12.92287,12.92547,0.00,0.00
2014.04.25 02:28:08.588,12.92275,12.92535,0.00,0.00
2014.04.25 02:28:09.821,12.92263,12.92523,0.00,0.00
2014.04.25 02:28:10.948,12.92243,12.92503,0.00,0.00
2014.04.25 02:28:11.255,12.92264,12.92524,0.00,0.00
2014.04.25 02:28:12.005,12.92251,12.92511,0.00,0.00
2014.04.25 02:28:16.047,12.92273,12.92533,0.00,0.00
2014.04.25 02:28:23.036,12.92254,12.92514,0.00,0.00
2014.04.25 02:28:26.198,12.92265,12.92525,0.00,0.00
2014.04.25 02:28:30.348,12.92253,12.92513,0.00,0.00
2014.04.25 02:28:31.764,12.92264,12.92524,0.00,0.00
2014.04.25 02:28:37.952,12.92279,12.92539,0.00,0.00
2014.04.25 02:28:38.700,12.92262,12.92522,0.00,0.00
2014.04.25 02:28:45.870,12.92274,12.92534,0.00,0.00
2014.04.25 02:29:15.141,12.92262,12.92522,0.00,0.00
2014.04.25 02:29:16.098,12.92274,12.92534,0.00,0.00
2014.04.25 02:29:17.116,12.92287,12.92547,0.00,0.00
2014.04.25 02:29:23.077,12.92273,12.92533,0.00,0.00
2014.04.25 02:29:27.951,12.92261,12.92521,0.00,0.00
2014.04.25 02:29:28.393,12.92272,12.92532,0.00,0.00
2014.04.25 02:29:30.670,12.92285,12.92545,0.00,0.00
2014.04.25 02:29:32.206,12.92263,12.92523,0.00,0.00
2014.04.25 02:29:32.519,12.92275,12.92535,0.00,0.00
2014.04.25 02:29:49.284,12.92289,12.92549,0.00,0.00
2014.04.25 02:29:49.614,12.92264,12.92524,0.00,0.00
2014.04.25 02:29:51.156,12.92275,12.92535,0.00,0.00
2014.04.25 02:29:52.884,12.92263,12.92523,0.00,0.00
2014.04.25 02:29:53.443,12.92286,12.92546,0.00,0.00
2014.04.25 02:29:56.294,12.92261,12.92521,0.00,0.00
2014.04.25 02:29:58.496,12.92247,12.92507,0.00,0.00
2014.04.25 02:30:00.924,12.92247,12.92447,0.00,0.00
2014.04.25 02:30:01.025,12.92206,12.92447,0.00,0.00
2014.04.25 02:30:01.125,12.92207,12.92467,0.00,0.00
2014.04.25 02:30:01.226,12.92232,12.92492,0.00,0.00
2014.04.25 02:30:01.529,12.92272,12.92527,0.00,0.00
2014.04.25 02:30:01.743,12.92366,12.92626,0.00,0.00
2014.04.25 02:30:01.844,12.92366,12.92587,0.00,0.00
2014.04.25 02:30:01.895,12.92355,12.92587,0.00,0.00
2014.04.25 02:30:01.962,12.9229,12.9255,0.00,0.00
2014.04.25 02:30:02.072,12.92266,12.92526,0.00,0.00
2014.04.25 02:30:02.394,12.923,12.9256,0.00,0.00
2014.04.25 02:30:02.751,12.92288,12.92548,0.00,0.00
2014.04.25 02:30:03.495,12.92299,12.92559,0.00,0.00
2014.04.25 02:30:04.042,12.92311,12.92571,0.00,0.00
2014.04.25 02:30:04.363,12.923,12.9256,0.00,0.00
2014.04.25 02:30:09.010,12.923,12.92478,0.00,0.00
2014.04.25 02:30:09.061,12.92223,12.92464,0.00,0.00
2014.04.25 02:30:09.162,12.92163,12.92423,0.00,0.00
2014.04.25 02:30:09.681,12.9215,12.9241,0.00,0.00
2014.04.25 02:30:10.019,12.92174,12.92434,0.00,0.00
2014.04.25 02:30:10.447,12.92162,12.92422,0.00,0.00
2014.04.25 02:30:11.000,12.9215,12.9241,0.00,0.00
2014.04.25 02:30:11.319,12.92162,12.92422,0.00,0.00
2014.04.25 02:30:11.675,12.92179,12.92439,0.00,0.00
2014.04.25 02:30:11.980,12.92156,12.92416,0.00,0.00
2014.04.25 02:30:12.677,12.92176,12.92436,0.00,0.00
2014.04.25 02:30:13.520,12.92156,12.92416,0.00,0.00
2014.04.25 02:30:14.179,12.92167,12.92427,0.00,0.00
2014.04.25 02:30:17.419,12.92187,12.92447,0.00,0.00
2014.04.25 02:30:17.721,12.92209,12.92447,0.00,0.00
2014.04.25 02:30:18.056,12.92209,12.92469,0.00,0.00
2014.04.25 02:30:18.106,12.92233,12.92493,0.00,0.00
2014.04.25 02:30:19.378,12.92221,12.92481,0.00,0.00
2014.04.25 02:30:19.817,12.92219,12.92479,0.00,0.00
2014.04.25 02:30:20.165,12.92233,12.92493,0.00,0.00
2014.04.25 02:30:21.036,12.92243,12.92503,0.00,0.00
2014.04.25 02:30:21.430,12.92224,12.92484,0.00,0.00
2014.04.25 02:30:22.044,12.92212,12.92472,0.00,0.00
2014.04.25 02:30:22.857,12.92245,12.92505,0.00,0.00
2014.04.25 02:30:23.254,12.9229,12.9255,0.00,0.00
2014.04.25 02:30:23.857,12.92285,12.92545,0.00,0.00
2014.04.25 02:30:24.453,12.92286,12.92546,0.00,0.00
2014.04.25 02:30:24.770,12.92274,12.92534,0.00,0.00
2014.04.25 02:30:25.166,12.92212,12.92472,0.00,0.00
2014.04.25 02:30:25.471,12.92237,12.92497,0.00,0.00
2014.04.25 02:30:25.772,12.92278,12.92538,0.00,0.00
2014.04.25 02:30:26.077,12.92254,12.92514,0.00,0.00
2014.04.25 02:30:26.474,12.92212,12.92472,0.00,0.00
2014.04.25 02:30:26.786,12.92173,12.92433,0.00,0.00
2014.04.25 02:30:30.704,12.92173,12.92387,0.00,0.00
2014.04.25 02:30:30.755,12.92153,12.92387,0.00,0.00
2014.04.25 02:30:30.855,12.92107,12.92367,0.00,0.00
2014.04.25 02:30:31.165,12.92119,12.92379,0.00,0.00
2014.04.25 02:30:32.074,12.92141,12.92401,0.00,0.00
2014.04.25 02:30:32.533,12.92153,12.92407,0.00,0.00
2014.04.25 02:30:32.584,12.92153,12.92413,0.00,0.00
2014.04.25 02:30:32.705,12.9217,12.9243,0.00,0.00
2014.04.25 02:30:33.035,12.9218,12.9244,0.00,0.00
2014.04.25 02:30:33.627,12.92164,12.92424,0.00,0.00
2014.04.25 02:30:35.573,12.92141,12.92401,0.00,0.00
2014.04.25 02:30:35.974,12.92119,12.92379,0.00,0.00
2014.04.25 02:30:36.555,12.9218,12.92438,0.00,0.00
2014.04.25 02:30:36.765,12.9218,12.9244,0.00,0.00
2014.04.25 02:30:37.064,12.92165,12.92425,0.00,0.00
2014.04.25 02:30:37.620,12.92162,12.92422,0.00,0.00
2014.04.25 02:30:37.972,12.92149,12.92409,0.00,0.00
2014.04.25 02:30:38.576,12.92162,12.92422,0.00,0.00
2014.04.25 02:30:40.153,12.92182,12.92442,0.00,0.00
2014.04.25 02:30:40.483,12.92191,12.92447,0.00,0.00
2014.04.25 02:30:40.593,12.92154,12.92414,0.00,0.00
2014.04.25 02:30:42.794,12.92138,12.92398,0.00,0.00
2014.04.25 02:30:43.132,12.92119,12.92379,0.00,0.00
2014.04.25 02:30:43.637,12.92131,12.92391,0.00,0.00
2014.04.25 02:30:45.164,12.92118,12.92378,0.00,0.00
2014.04.25 02:30:45.517,12.92072,12.92332,0.00,0.00
2014.04.25 02:30:46.068,12.92081,12.92341,0.00,0.00
2014.04.25 02:30:48.254,12.92094,12.92354,0.00,0.00
2014.04.25 02:30:48.595,12.92116,12.92376,0.00,0.00
2014.04.25 02:30:48.938,12.9214,12.924,0.00,0.00
2014.04.25 02:30:54.040,12.92128,12.92388,0.00,0.00
2014.04.25 02:30:59.467,12.9214,12.924,0.00,0.00
2014.04.25 02:30:59.770,12.92118,12.92378,0.00,0.00
2014.04.25 02:31:05.032,12.92099,12.92359,0.00,0.00
2014.04.25 02:31:05.390,12.92085,12.92345,0.00,0.00
2014.04.25 02:31:06.126,12.92109,12.92369,0.00,0.00
2014.04.25 02:31:11.616,12.92084,12.92344,0.00,0.00
2014.04.25 02:31:12.084,12.92109,12.92369,0.00,0.00
2014.04.25 02:31:13.445,12.92084,12.92344,0.00,0.00
2014.04.25 02:31:16.254,12.92073,12.92333,0.00,0.00
2014.04.25 02:31:16.669,12.92094,12.92354,0.00,0.00
2014.04.25 02:31:17.014,12.92073,12.92333,0.00,0.00
2014.04.25 02:31:18.026,12.92094,12.92354,0.00,0.00
2014.04.25 02:31:22.463,12.92073,12.92333,0.00,0.00
2014.04.25 02:31:22.791,12.92084,12.92344,0.00,0.00
2014.04.25 02:31:27.111,12.92071,12.92331,0.00,0.00
2014.04.25 02:31:29.800,12.92091,12.92351,0.00,0.00
2014.04.25 02:31:31.312,12.92079,12.92339,0.00,0.00
2014.04.25 02:31:31.640,12.92091,12.92351,0.00,0.00
2014.04.25 02:31:31.972,12.92079,12.92339,0.00,0.00
2014.04.25 02:31:32.954,12.92067,12.92327,0.00,0.00
2014.04.25 02:31:33.280,12.92079,12.92339,0.00,0.00
2014.04.25 02:31:33.686,12.92091,12.92351,0.00,0.00
2014.04.25 02:31:35.990,12.92081,12.92341,0.00,0.00
2014.04.25 02:31:51.947,12.92093,12.92353,0.00,0.00
2014.04.25 02:31:55.594,12.92069,12.92329,0.00,0.00
2014.04.25 02:31:55.927,12.9208,12.9234,0.00,0.00
2014.04.25 02:31:56.285,12.92068,12.92328,0.00,0.00
2014.04.25 02:31:56.804,12.9208,12.9234,0.00,0.00
2014.04.25 02:31:58.543,12.92092,12.92352,0.00,0.00
2014.04.25 02:31:59.047,12.92081,12.92341,0.00,0.00
2014.04.25 02:32:07.591,12.92094,12.92354,0.00,0.00
2014.04.25 02:32:09.165,12.92069,12.92329,0.00,0.00
2014.04.25 02:32:10.970,12.92081,12.92341,0.00,0.00
2014.04.25 02:32:11.753,12.92069,12.92329,0.00,0.00
2014.04.25 02:32:12.083,12.92081,12.92341,0.00,0.00
2014.04.25 02:32:16.119,12.92093,12.92353,0.00,0.00
2014.04.25 02:32:20.528,12.92068,12.92328,0.00,0.00
2014.04.25 02:32:28.436,12.9208,12.9234,0.00,0.00
2014.04.25 02:32:30.614,12.92092,12.92352,0.00,0.00
2014.04.25 02:32:33.953,12.92064,12.92324,0.00,0.00
2014.04.25 02:32:35.404,12.92075,12.92335,0.00,0.00
2014.04.25 02:32:36.474,12.92087,12.92347,0.00,0.00
2014.04.25 02:32:41.712,12.92062,12.92322,0.00,0.00
2014.04.25 02:32:42.803,12.92081,12.92341,0.00,0.00
2014.04.25 02:32:43.106,12.92069,12.92329,0.00,0.00
2014.04.25 02:32:43.508,12.92082,12.92342,0.00,0.00
2014.04.25 02:32:43.826,12.92062,12.92322,0.00,0.00
2014.04.25 02:32:45.181,12.92087,12.92347,0.00,0.00
2014.04.25 02:32:50.025,12.92075,12.92335,0.00,0.00
2014.04.25 02:32:51.340,12.92088,12.92348,0.00,0.00
2014.04.25 02:32:55.601,12.92064,12.92324,0.00,0.00
2014.04.25 02:33:01.168,12.92082,12.92342,0.00,0.00
2014.04.25 02:33:01.498,12.92058,12.92318,0.00,0.00
2014.04.25 02:33:08.676,12.9208,12.9234,0.00,0.00
2014.04.25 02:33:10.247,12.92059,12.92319,0.00,0.00
2014.04.25 02:33:12.155,12.92082,12.92342,0.00,0.00
2014.04.25 02:33:16.116,12.92071,12.92331,0.00,0.00
2014.04.25 02:33:18.943,12.9206,12.9232,0.00,0.00
2014.04.25 02:33:20.223,12.92071,12.92331,0.00,0.00
2014.04.25 02:33:38.608,12.92084,12.92344,0.00,0.00
2014.04.25 02:33:39.078,12.92072,12.92332,0.00,0.00
2014.04.25 02:33:40.110,12.9206,12.9232,0.00,0.00
2014.04.25 02:33:49.316,12.92085,12.92345,0.00,0.00
2014.04.25 02:33:51.145,12.92065,12.92325,0.00,0.00
2014.04.25 02:33:52.322,12.92076,12.92336,0.00,0.00
2014.04.25 02:34:01.007,12.92089,12.92349,0.00,0.00
2014.04.25 02:34:04.363,12.92067,12.92327,0.00,0.00
2014.04.25 02:34:04.829,12.9209,12.9235,0.00,0.00
2014.04.25 02:34:05.784,12.92078,12.92338,0.00,0.00
2014.04.25 02:34:08.251,12.92093,12.92353,0.00,0.00
2014.04.25 02:34:12.290,12.9207,12.9233,0.00,0.00
2014.04.25 02:34:14.608,12.92094,12.92354,0.00,0.00
2014.04.25 02:34:15.029,12.92071,12.92331,0.00,0.00
2014.04.25 02:34:19.029,12.92093,12.92353,0.00,0.00
2014.04.25 02:34:26.003,12.9207,12.9233,0.00,0.00
2014.04.25 02:34:33.336,12.92089,12.92349,0.00,0.00
2014.04.25 02:34:40.243,12.92068,12.92328,0.00,0.00
2014.04.25 02:34:53.603,12.92091,12.92351,0.00,0.00
2014.04.25 02:34:54.622,12.92071,12.92331,0.00,0.00
2014.04.25 02:34:59.159,12.92091,12.92351,0.00,0.00
2014.04.25 02:35:01.133,12.92071,12.92331,0.00,0.00
2014.04.25 02:35:01.450,12.92094,12.92354,0.00,0.00
2014.04.25 02:35:03.648,12.92023,12.92275,0.00,0.00
2014.04.25 02:35:03.749,12.92015,12.92275,0.00,0.00
2014.04.25 02:35:03.904,12.91994,12.92254,0.00,0.00
2014.04.25 02:35:04.371,12.91971,12.92231,0.00,0.00
2014.04.25 02:35:04.683,12.91994,12.92254,0.00,0.00
2014.04.25 02:35:05.171,12.91972,12.92232,0.00,0.00
2014.04.25 02:35:05.673,12.91983,12.92243,0.00,0.00
2014.04.25 02:35:06.147,12.91994,12.92254,0.00,0.00
2014.04.25 02:35:08.862,12.91983,12.92243,0.00,0.00
2014.04.25 02:35:16.835,12.9197,12.9223,0.00,0.00
2014.04.25 02:35:21.036,12.91994,12.92254,0.00,0.00
2014.04.25 02:35:21.403,12.91983,12.92243,0.00,0.00
2014.04.25 02:35:26.123,12.9197,12.9223,0.00,0.00
2014.04.25 02:35:30.687,12.91994,12.92254,0.00,0.00
2014.04.25 02:35:30.988,12.9202,12.9228,0.00,0.00
2014.04.25 02:35:32.845,12.92044,12.92304,0.00,0.00
2014.04.25 02:35:33.942,12.92032,12.92292,0.00,0.00
2014.04.25 02:35:34.481,12.9201,12.9227,0.00,0.00
2014.04.25 02:35:34.917,12.92044,12.92304,0.00,0.00
2014.04.25 02:35:35.570,12.92033,12.92293,0.00,0.00
2014.04.25 02:35:39.030,12.9202,12.9228,0.00,0.00
2014.04.25 02:35:39.336,12.92044,12.92304,0.00,0.00
2014.04.25 02:35:40.019,12.92032,12.92292,0.00,0.00
2014.04.25 02:35:44.139,12.92044,12.92304,0.00,0.00
2014.04.25 02:35:45.052,12.92031,12.92291,0.00,0.00
2014.04.25 02:35:45.559,12.9203,12.9229,0.00,0.00
2014.04.25 02:35:45.902,12.9203,12.92287,0.00,0.00
2014.04.25 02:35:46.161,12.91974,12.92234,0.00,0.00
2014.04.25 02:35:46.379,12.91994,12.92254,0.00,0.00
2014.04.25 02:35:46.797,12.92017,12.92277,0.00,0.00
2014.04.25 02:35:47.115,12.92029,12.92289,0.00,0.00
2014.04.25 02:35:47.622,12.9203,12.9229,0.00,0.00
2014.04.25 02:35:50.517,12.92043,12.92303,0.00,0.00
2014.04.25 02:35:54.486,12.92017,12.92277,0.00,0.00
2014.04.25 02:35:55.573,12.91972,12.92232,0.00,0.00
2014.04.25 02:35:56.129,12.91979,12.92239,0.00,0.00
2014.04.25 02:35:59.574,12.91991,12.92251,0.00,0.00
2014.04.25 02:36:01.304,12.91979,12.92239,0.00,0.00
2014.04.25 02:36:03.373,12.91967,12.92227,0.00,0.00
2014.04.25 02:36:14.980,12.91985,12.92245,0.00,0.00
2014.04.25 02:36:17.191,12.91963,12.92223,0.00,0.00
2014.04.25 02:36:17.517,12.92008,12.92268,0.00,0.00
2014.04.25 02:36:18.659,12.92032,12.92292,0.00,0.00
2014.04.25 02:36:19.068,12.92007,12.92267,0.00,0.00
2014.04.25 02:36:19.840,12.9202,12.9228,0.00,0.00
2014.04.25 02:36:22.593,12.9201,12.9227,0.00,0.00
2014.04.25 02:36:22.946,12.91998,12.92258,0.00,0.00
2014.04.25 02:36:23.529,12.92026,12.92286,0.00,0.00
2014.04.25 02:36:25.712,12.92001,12.92261,0.00,0.00
2014.04.25 02:36:26.019,12.91982,12.92242,0.00,0.00
2014.04.25 02:36:26.415,12.92016,12.92276,0.00,0.00
2014.04.25 02:36:27.853,12.92004,12.92264,0.00,0.00
2014.04.25 02:36:28.193,12.92025,12.92285,0.00,0.00
2014.04.25 02:36:28.529,12.92073,12.92317,0.00,0.00
2014.04.25 02:36:28.650,12.92073,12.92333,0.00,0.00
2014.04.25 02:36:28.858,12.92071,12.92331,0.00,0.00
2014.04.25 02:36:29.187,12.92057,12.92317,0.00,0.00
2014.04.25 02:36:29.500,12.92069,12.92329,0.00,0.00
2014.04.25 02:36:30.103,12.92035,12.92295,0.00,0.00
2014.04.25 02:36:30.497,12.92016,12.92276,0.00,0.00
2014.04.25 02:36:31.202,12.92028,12.92288,0.00,0.00
2014.04.25 02:36:32.593,12.92016,12.92276,0.00,0.00
2014.04.25 02:36:33.146,12.91976,12.92236,0.00,0.00
2014.04.25 02:36:33.473,12.91973,12.92233,0.00,0.00
2014.04.25 02:36:34.035,12.91987,12.92247,0.00,0.00
2014.04.25 02:36:35.671,12.91962,12.92222,0.00,0.00
2014.04.25 02:36:37.045,12.91987,12.92247,0.00,0.00
2014.04.25 02:36:42.044,12.91974,12.92234,0.00,0.00
2014.04.25 02:36:43.574,12.91986,12.92246,0.00,0.00
2014.04.25 02:36:43.886,12.92031,12.92291,0.00,0.00
2014.04.25 02:36:44.286,12.92028,12.92288,0.00,0.00
2014.04.25 02:36:44.610,12.92016,12.92276,0.00,0.00
2014.04.25 02:36:45.463,12.91986,12.92246,0.00,0.00
2014.04.25 02:36:48.493,12.91961,12.92221,0.00,0.00
2014.04.25 02:36:49.582,12.91985,12.92245,0.00,0.00
2014.04.25 02:36:50.023,12.91998,12.92258,0.00,0.00
2014.04.25 02:36:50.519,12.92046,12.92306,0.00,0.00
2014.04.25 02:36:51.232,12.92031,12.92291,0.00,0.00
2014.04.25 02:36:51.694,12.92011,12.92271,0.00,0.00
2014.04.25 02:36:52.965,12.92023,12.92283,0.00,0.00
2014.04.25 02:36:53.363,12.92035,12.92295,0.00,0.00
2014.04.25 02:36:54.232,12.92024,12.92284,0.00,0.00
2014.04.25 02:36:59.260,12.92012,12.92272,0.00,0.00
2014.04.25 02:36:59.592,12.92019,12.92279,0.00,0.00
2014.04.25 02:37:00.129,12.92011,12.92271,0.00,0.00
2014.04.25 02:37:00.582,12.92018,12.92278,0.00,0.00
2014.04.25 02:37:01.010,12.92006,12.92266,0.00,0.00
2014.04.25 02:37:01.339,12.92022,12.92282,0.00,0.00
2014.04.25 02:37:01.669,12.92011,12.92271,0.00,0.00
2014.04.25 02:37:02.114,12.92019,12.92279,0.00,0.00
2014.04.25 02:37:02.590,12.92006,12.92266,0.00,0.00
2014.04.25 02:37:02.919,12.92021,12.92281,0.00,0.00
2014.04.25 02:37:03.408,12.92031,12.92291,0.00,0.00
2014.04.25 02:37:05.148,12.92019,12.92279,0.00,0.00
2014.04.25 02:37:06.133,12.92032,12.92292,0.00,0.00
2014.04.25 02:37:07.098,12.92044,12.92304,0.00,0.00
2014.04.25 02:37:07.538,12.92023,12.92283,0.00,0.00
2014.04.25 02:37:07.954,12.9201,12.9227,0.00,0.00
2014.04.25 02:37:12.021,12.92036,12.92296,0.00,0.00
2014.04.25 02:37:12.326,12.92012,12.92272,0.00,0.00
2014.04.25 02:37:12.639,12.92024,12.92284,0.00,0.00
2014.04.25 02:37:13.536,12.92036,12.92296,0.00,0.00
2014.04.25 02:37:14.107,12.92016,12.92276,0.00,0.00
2014.04.25 02:37:14.956,12.9204,12.923,0.00,0.00
2014.04.25 02:37:17.445,12.92016,12.92276,0.00,0.00
2014.04.25 02:37:27.589,12.92035,12.92295,0.00,0.00
2014.04.25 02:37:27.982,12.92011,12.92271,0.00,0.00
2014.04.25 02:37:28.312,12.92023,12.92283,0.00,0.00
2014.04.25 02:37:29.482,12.92035,12.92295,0.00,0.00
2014.04.25 02:37:30.727,12.92024,12.92284,0.00,0.00
2014.04.25 02:37:33.941,12.92035,12.92295,0.00,0.00
2014.04.25 02:37:36.890,12.92024,12.92284,0.00,0.00
2014.04.25 02:37:37.200,12.92037,12.92297,0.00,0.00
2014.04.25 02:37:37.540,12.92054,12.92314,0.00,0.00
2014.04.25 02:37:37.841,12.9203,12.9229,0.00,0.00
2014.04.25 02:37:38.491,12.92024,12.92284,0.00,0.00
2014.04.25 02:37:42.440,12.91978,12.92238,0.00,0.00
2014.04.25 02:37:42.751,12.92034,12.92294,0.00,0.00
2014.04.25 02:37:43.520,12.92035,12.92295,0.00,0.00
2014.04.25 02:37:44.718,12.92023,12.92283,0.00,0.00
2014.04.25 02:37:45.048,12.92035,12.92295,0.00,0.00
2014.04.25 02:37:46.352,12.92023,12.92283,0.00,0.00
2014.04.25 02:37:47.658,12.92045,12.92305,0.00,0.00
2014.04.25 02:37:48.087,12.92051,12.92311,0.00,0.00
2014.04.25 02:37:48.398,12.92039,12.92299,0.00,0.00
2014.04.25 02:37:49.432,12.92051,12.92311,0.00,0.00
2014.04.25 02:37:50.307,12.92031,12.92291,0.00,0.00
2014.04.25 02:37:55.591,12.92031,12.92287,0.00,0.00
2014.04.25 02:37:55.641,12.92015,12.92275,0.00,0.00
2014.04.25 02:37:55.742,12.91993,12.92253,0.00,0.00
2014.04.25 02:37:56.163,12.92016,12.92276,0.00,0.00
2014.04.25 02:37:56.695,12.91991,12.92251,0.00,0.00
2014.04.25 02:37:58.985,12.92018,12.92278,0.00,0.00
2014.04.25 02:37:59.448,12.91993,12.92253,0.00,0.00
2014.04.25 02:38:00.092,12.91979,12.92239,0.00,0.00
2014.04.25 02:38:00.540,12.92013,12.92239,0.00,0.00
2014.04.25 02:38:00.640,12.92074,12.92318,0.00,0.00
2014.04.25 02:38:00.691,12.92074,12.92334,0.00,0.00
2014.04.25 02:38:01.077,12.92056,12.92316,0.00,0.00
2014.04.25 02:38:01.635,12.9204,12.923,0.00,0.00
2014.04.25 02:38:04.940,12.9204,12.92287,0.00,0.00
2014.04.25 02:38:05.103,12.92023,12.92283,0.00,0.00
2014.04.25 02:38:05.204,12.91966,12.92226,0.00,0.00
2014.04.25 02:38:05.544,12.91977,12.92237,0.00,0.00
2014.04.25 02:38:06.218,12.91989,12.92249,0.00,0.00
2014.04.25 02:38:20.119,12.91969,12.92229,0.00,0.00
2014.04.25 02:38:22.189,12.91981,12.92241,0.00,0.00
2014.04.25 02:38:22.906,12.91994,12.92254,0.00,0.00
2014.04.25 02:38:23.314,12.91969,12.92229,0.00,0.00
2014.04.25 02:38:24.018,12.91984,12.92244,0.00,0.00
2014.04.25 02:38:24.500,12.9196,12.9222,0.00,0.00
2014.04.25 02:38:24.811,12.91985,12.92245,0.00,0.00
2014.04.25 02:38:25.135,12.91973,12.92233,0.00,0.00
2014.04.25 02:38:25.596,12.91985,12.92245,0.00,0.00
2014.04.25 02:38:27.707,12.91965,12.92225,0.00,0.00
2014.04.25 02:38:28.503,12.91977,12.92237,0.00,0.00
2014.04.25 02:38:29.529,12.92023,12.92237,0.00,0.00
2014.04.25 02:38:29.579,12.92029,12.92289,0.00,0.00
2014.04.25 02:38:29.680,12.92081,12.92341,0.00,0.00
2014.04.25 02:38:30.075,12.92068,12.92328,0.00,0.00
2014.04.25 02:38:30.547,12.92056,12.92316,0.00,0.00
2014.04.25 02:38:31.538,12.92068,12.92328,0.00,0.00
2014.04.25 02:38:31.867,12.92056,12.92316,0.00,0.00
2014.04.25 02:38:32.197,12.92068,12.92328,0.00,0.00
2014.04.25 02:38:32.661,12.92056,12.92316,0.00,0.00
2014.04.25 02:38:33.641,12.92068,12.92328,0.00,0.00
2014.04.25 02:38:33.968,12.91986,12.92246,0.00,0.00
2014.04.25 02:38:34.310,12.91971,12.92231,0.00,0.00
2014.04.25 02:38:34.627,12.91973,12.92233,0.00,0.00
2014.04.25 02:38:35.116,12.91985,12.92245,0.00,0.00
2014.04.25 02:38:36.449,12.91973,12.92233,0.00,0.00
2014.04.25 02:38:37.402,12.91986,12.92246,0.00,0.00
2014.04.25 02:38:37.825,12.91997,12.92257,0.00,0.00
2014.04.25 02:38:38.155,12.92014,12.92274,0.00,0.00
2014.04.25 02:38:38.485,12.91972,12.92232,0.00,0.00
2014.04.25 02:38:39.529,12.91984,12.92244,0.00,0.00
2014.04.25 02:38:39.841,12.91972,12.92232,0.00,0.00
2014.04.25 02:38:40.984,12.91996,12.92256,0.00,0.00
2014.04.25 02:38:41.577,12.91972,12.92232,0.00,0.00
2014.04.25 02:38:41.979,12.91984,12.92244,0.00,0.00
2014.04.25 02:38:43.084,12.92033,12.92293,0.00,0.00
2014.04.25 02:38:43.503,12.92013,12.92273,0.00,0.00
2014.04.25 02:38:44.703,12.92037,12.92297,0.00,0.00
2014.04.25 02:38:51.702,12.92025,12.92285,0.00,0.00
2014.04.25 02:38:54.659,12.91994,12.92254,0.00,0.00
2014.04.25 02:38:55.119,12.91981,12.92241,0.00,0.00
2014.04.25 02:38:55.450,12.92005,12.92265,0.00,0.00
2014.04.25 02:38:56.351,12.91976,12.92236,0.00,0.00
2014.04.25 02:38:58.117,12.91993,12.92253,0.00,0.00
2014.04.25 02:38:58.443,12.91982,12.92242,0.00,0.00
2014.04.25 02:38:58.916,12.91967,12.92227,0.00,0.00
2014.04.25 02:39:00.291,12.91971,12.92231,0.00,0.00
2014.04.25 02:39:01.099,12.91973,12.92231,0.00,0.00
2014.04.25 02:39:01.150,12.91984,12.92244,0.00,0.00
2014.04.25 02:39:01.282,12.92028,12.92288,0.00,0.00
2014.04.25 02:39:02.349,12.92024,12.92284,0.00,0.00
2014.04.25 02:39:02.684,12.92036,12.92296,0.00,0.00
2014.04.25 02:39:03.092,12.92064,12.92324,0.00,0.00
2014.04.25 02:39:03.479,12.92031,12.92291,0.00,0.00
2014.04.25 02:39:03.819,12.92036,12.92296,0.00,0.00
2014.04.25 02:39:04.347,12.92003,12.92263,0.00,0.00
2014.04.25 02:39:04.759,12.92018,12.92278,0.00,0.00
2014.04.25 02:39:11.597,12.92006,12.92266,0.00,0.00
2014.04.25 02:39:14.096,12.91994,12.92254,0.00,0.00
2014.04.25 02:39:17.865,12.92016,12.92276,0.00,0.00
2014.04.25 02:39:18.191,12.92027,12.92287,0.00,0.00
2014.04.25 02:39:18.557,12.92003,12.92263,0.00,0.00
2014.04.25 02:39:23.039,12.92036,12.92296,0.00,0.00
2014.04.25 02:39:23.494,12.92025,12.92285,0.00,0.00
2014.04.25 02:39:23.984,12.92013,12.92273,0.00,0.00
2014.04.25 02:39:24.533,12.91984,12.92244,0.00,0.00
2014.04.25 02:39:24.927,12.91972,12.92232,0.00,0.00
2014.04.25 02:39:26.726,12.91985,12.92245,0.00,0.00
2014.04.25 02:39:27.033,12.91973,12.92233,0.00,0.00
2014.04.25 02:39:28.112,12.91985,12.92245,0.00,0.00
2014.04.25 02:39:28.553,12.92021,12.92281,0.00,0.00
2014.04.25 02:39:31.622,12.91999,12.92259,0.00,0.00
2014.04.25 02:39:32.529,12.92028,12.92288,0.00,0.00
2014.04.25 02:39:32.934,12.92004,12.92264,0.00,0.00
2014.04.25 02:39:33.443,12.92029,12.92289,0.00,0.00
2014.04.25 02:39:34.564,12.91999,12.92259,0.00,0.00
2014.04.25 02:39:35.435,12.92065,12.92325,0.00,0.00
2014.04.25 02:39:35.749,12.92076,12.92336,0.00,0.00
2014.04.25 02:39:36.090,12.92004,12.92264,0.00,0.00
2014.04.25 02:39:36.420,12.92016,12.92276,0.00,0.00
2014.04.25 02:39:37.566,12.92062,12.92322,0.00,0.00
2014.04.25 02:39:38.223,12.92061,12.92321,0.00,0.00
2014.04.25 02:39:38.549,12.92049,12.92309,0.00,0.00
2014.04.25 02:39:39.200,12.92029,12.92289,0.00,0.00
2014.04.25 02:39:40.079,12.92009,12.92269,0.00,0.00
2014.04.25 02:39:42.924,12.92016,12.92276,0.00,0.00
2014.04.25 02:39:43.907,12.91995,12.92255,0.00,0.00
2014.04.25 02:39:44.426,12.92017,12.92277,0.00,0.00
2014.04.25 02:39:48.829,12.92028,12.92288,0.00,0.00
2014.04.25 02:39:49.357,12.92006,12.92266,0.00,0.00
2014.04.25 02:39:50.777,12.92018,12.92278,0.00,0.00
2014.04.25 02:39:51.344,12.91996,12.92256,0.00,0.00
2014.04.25 02:39:51.877,12.9202,12.9228,0.00,0.00
2014.04.25 02:39:52.255,12.91996,12.92256,0.00,0.00
2014.04.25 02:39:52.557,12.92007,12.92267,0.00,0.00
2014.04.25 02:39:59.215,12.91995,12.92255,0.00,0.00
2014.04.25 02:40:01.067,12.92032,12.92287,0.00,0.00
2014.04.25 02:40:01.117,12.92032,12.92292,0.00,0.00
2014.04.25 02:40:01.274,12.92037,12.92297,0.00,0.00
2014.04.25 02:40:01.617,12.92012,12.92272,0.00,0.00
2014.04.25 02:40:03.274,12.92023,12.92283,0.00,0.00
2014.04.25 02:40:03.581,12.92036,12.92296,0.00,0.00
2014.04.25 02:40:03.904,12.92051,12.92311,0.00,0.00
2014.04.25 02:40:04.316,12.9203,12.9229,0.00,0.00
2014.04.25 02:40:04.699,12.92011,12.92271,0.00,0.00
2014.04.25 02:40:06.605,12.92024,12.92284,0.00,0.00
2014.04.25 02:40:10.103,12.92011,12.92271,0.00,0.00
2014.04.25 02:40:10.660,12.91969,12.92229,0.00,0.00
2014.04.25 02:40:11.093,12.91989,12.92249,0.00,0.00
2014.04.25 02:40:11.789,12.92031,12.92291,0.00,0.00
2014.04.25 02:40:13.036,12.92019,12.92279,0.00,0.00
2014.04.25 02:40:13.556,12.92031,12.92291,0.00,0.00
2014.04.25 02:40:13.861,12.92006,12.92266,0.00,0.00
2014.04.25 02:40:14.309,12.92018,12.92278,0.00,0.00
2014.04.25 02:40:15.010,12.9203,12.9229,0.00,0.00
2014.04.25 02:40:15.551,12.92006,12.92266,0.00,0.00
2014.04.25 02:40:16.126,12.92018,12.92278,0.00,0.00
2014.04.25 02:40:16.651,12.92006,12.92266,0.00,0.00
2014.04.25 02:40:17.071,12.92031,12.92291,0.00,0.00
2014.04.25 02:40:18.106,12.92049,12.92309,0.00,0.00
2014.04.25 02:40:18.487,12.92027,12.92287,0.00,0.00
2014.04.25 02:40:19.029,12.92039,12.92299,0.00,0.00
2014.04.25 02:40:21.080,12.92027,12.92287,0.00,0.00
2014.04.25 02:40:21.520,12.92039,12.92299,0.00,0.00
2014.04.25 02:40:21.933,12.92015,12.92275,0.00,0.00
2014.04.25 02:40:22.290,12.92039,12.92299,0.00,0.00
2014.04.25 02:40:22.668,12.91983,12.92243,0.00,0.00
2014.04.25 02:40:22.999,12.91995,12.92255,0.00,0.00
2014.04.25 02:40:28.039,12.91972,12.92232,0.00,0.00
2014.04.25 02:40:28.369,12.91984,12.92244,0.00,0.00
2014.04.25 02:40:29.697,12.91973,12.92233,0.00,0.00
2014.04.25 02:40:32.347,12.91985,12.92245,0.00,0.00
2014.04.25 02:40:32.898,12.91972,12.92232,0.00,0.00
2014.04.25 02:40:35.849,12.91993,12.92253,0.00,0.00
2014.04.25 02:40:36.386,12.9202,12.9228,0.00,0.00
2014.04.25 02:40:36.926,12.91995,12.92255,0.00,0.00
2014.04.25 02:40:37.479,12.91979,12.92239,0.00,0.00
2014.04.25 02:40:37.807,12.91991,12.92251,0.00,0.00
2014.04.25 02:40:38.346,12.9198,12.9224,0.00,0.00
2014.04.25 02:40:39.116,12.91992,12.92252,0.00,0.00
2014.04.25 02:40:39.556,12.91981,12.92241,0.00,0.00
2014.04.25 02:40:43.765,12.91969,12.92229,0.00,0.00
2014.04.25 02:40:44.209,12.91991,12.92251,0.00,0.00
2014.04.25 02:40:50.805,12.91972,12.92232,0.00,0.00
2014.04.25 02:40:52.772,12.91984,12.92244,0.00,0.00
2014.04.25 02:40:56.527,12.91972,12.92232,0.00,0.00
2014.04.25 02:41:02.131,12.91991,12.92251,0.00,0.00
2014.04.25 02:41:04.097,12.91966,12.92226,0.00,0.00
2014.04.25 02:41:06.050,12.91993,12.92253,0.00,0.00
2014.04.25 02:41:07.249,12.91983,12.92243,0.00,0.00
2014.04.25 02:41:07.738,12.91971,12.92231,0.00,0.00
2014.04.25 02:41:09.133,12.91982,12.92242,0.00,0.00
2014.04.25 02:41:15.001,12.91966,12.92226,0.00,0.00
2014.04.25 02:41:17.384,12.91978,12.92238,0.00,0.00
2014.04.25 02:41:22.445,12.9199,12.9225,0.00,0.00
2014.04.25 02:41:23.169,12.91978,12.92238,0.00,0.00
2014.04.25 02:41:23.526,12.9199,12.9225,0.00,0.00
2014.04.25 02:41:25.940,12.91966,12.92226,0.00,0.00
2014.04.25 02:41:29.144,12.91978,12.92238,0.00,0.00
2014.04.25 02:41:29.546,12.91966,12.92226,0.00,0.00
2014.04.25 02:41:33.292,12.91977,12.92237,0.00,0.00
2014.04.25 02:41:34.419,12.91965,12.92225,0.00,0.00
2014.04.25 02:41:35.132,12.91985,12.92245,0.00,0.00
2014.04.25 02:41:36.910,12.91966,12.92226,0.00,0.00
2014.04.25 02:41:37.907,12.91978,12.92238,0.00,0.00
2014.04.25 02:41:40.770,12.91964,12.92224,0.00,0.00
2014.04.25 02:41:41.081,12.91913,12.92173,0.00,0.00
2014.04.25 02:41:41.586,12.91912,12.92172,0.00,0.00
2014.04.25 02:41:42.087,12.91924,12.92184,0.00,0.00
2014.04.25 02:41:42.510,12.91937,12.92197,0.00,0.00
2014.04.25 02:41:42.834,12.91913,12.92173,0.00,0.00
2014.04.25 02:41:43.590,12.91929,12.92189,0.00,0.00
2014.04.25 02:41:46.029,12.91917,12.92177,0.00,0.00
2014.04.25 02:41:46.429,12.91935,12.92195,0.00,0.00
2014.04.25 02:41:46.869,12.91924,12.92184,0.00,0.00
2014.04.25 02:41:52.118,12.91878,12.92138,0.00,0.00
2014.04.25 02:41:52.455,12.91867,12.92127,0.00,0.00
2014.04.25 02:41:53.184,12.91889,12.92149,0.00,0.00
2014.04.25 02:41:54.628,12.91866,12.92126,0.00,0.00
2014.04.25 02:41:55.431,12.91882,12.92142,0.00,0.00
2014.04.25 02:41:55.967,12.91869,12.92129,0.00,0.00
2014.04.25 02:41:58.086,12.91893,12.92153,0.00,0.00
2014.04.25 02:41:58.506,12.91881,12.92141,0.00,0.00
2014.04.25 02:42:03.298,12.9186,12.9212,0.00,0.00
2014.04.25 02:42:03.609,12.91884,12.92144,0.00,0.00
2014.04.25 02:42:05.324,12.9186,12.9212,0.00,0.00
2014.04.25 02:42:06.124,12.91884,12.92144,0.00,0.00
2014.04.25 02:42:06.746,12.91871,12.92131,0.00,0.00
2014.04.25 02:42:10.849,12.9186,12.9212,0.00,0.00
2014.04.25 02:42:11.189,12.91776,12.92036,0.00,0.00
2014.04.25 02:42:11.510,12.91781,12.92041,0.00,0.00
2014.04.25 02:42:11.855,12.91804,12.92064,0.00,0.00
2014.04.25 02:42:12.167,12.91786,12.92046,0.00,0.00
2014.04.25 02:42:13.827,12.91804,12.92064,0.00,0.00
2014.04.25 02:42:14.149,12.91888,12.92148,0.00,0.00
2014.04.25 02:42:14.604,12.91865,12.92125,0.00,0.00
2014.04.25 02:42:15.214,12.91877,12.92137,0.00,0.00
2014.04.25 02:42:16.121,12.9189,12.9215,0.00,0.00
2014.04.25 02:42:16.428,12.91936,12.92196,0.00,0.00
2014.04.25 02:42:20.460,12.91924,12.92184,0.00,0.00
2014.04.25 02:42:23.060,12.91938,12.92198,0.00,0.00
2014.04.25 02:42:25.849,12.91913,12.92173,0.00,0.00
2014.04.25 02:42:26.192,12.91925,12.92185,0.00,0.00
2014.04.25 02:42:28.469,12.91938,12.92198,0.00,0.00
2014.04.25 02:42:29.445,12.91926,12.92186,0.00,0.00
2014.04.25 02:42:37.562,12.91938,12.92198,0.00,0.00
2014.04.25 02:42:45.144,12.91917,12.92177,0.00,0.00
2014.04.25 02:42:46.104,12.91929,12.92189,0.00,0.00
2014.04.25 02:42:50.358,12.91979,12.92239,0.00,0.00
2014.04.25 02:42:50.790,12.91958,12.92218,0.00,0.00
2014.04.25 02:42:52.837,12.91979,12.92239,0.00,0.00
2014.04.25 02:43:00.820,12.9199,12.9225,0.00,0.00
2014.04.25 02:43:01.614,12.91965,12.92225,0.00,0.00
2014.04.25 02:43:02.348,12.91988,12.92248,0.00,0.00
2014.04.25 02:43:02.928,12.91976,12.92236,0.00,0.00
2014.04.25 02:43:03.262,12.91994,12.92254,0.00,0.00
2014.04.25 02:43:03.594,12.91967,12.92227,0.00,0.00
2014.04.25 02:43:04.124,12.9199,12.9225,0.00,0.00
2014.04.25 02:43:06.459,12.91966,12.92226,0.00,0.00
2014.04.25 02:43:06.789,12.9199,12.9225,0.00,0.00
2014.04.25 02:43:07.329,12.91967,12.92227,0.00,0.00
2014.04.25 02:43:07.650,12.91979,12.92239,0.00,0.00
2014.04.25 02:43:08.714,12.91978,12.92238,0.00,0.00
2014.04.25 02:43:09.865,12.91979,12.92239,0.00,0.00
2014.04.25 02:43:12.858,12.91967,12.92227,0.00,0.00
2014.04.25 02:43:24.509,12.91985,12.92245,0.00,0.00
2014.04.25 02:43:39.861,12.91971,12.92231,0.00,0.00
2014.04.25 02:43:40.181,12.91959,12.92219,0.00,0.00
2014.04.25 02:43:42.670,12.91983,12.92243,0.00,0.00
2014.04.25 02:43:43.000,12.91972,12.92232,0.00,0.00
2014.04.25 02:43:44.070,12.91984,12.92244,0.00,0.00
2014.04.25 02:43:46.149,12.91969,12.92229,0.00,0.00
2014.04.25 02:43:46.472,12.91981,12.92241,0.00,0.00
2014.04.25 02:43:47.875,12.91969,12.92229,0.00,0.00
2014.04.25 02:43:48.529,12.9198,12.9224,0.00,0.00
2014.04.25 02:43:49.509,12.91981,12.92241,0.00,0.00
2014.04.25 02:43:55.257,12.91967,12.92227,0.00,0.00
2014.04.25 02:43:55.846,12.91953,12.92213,0.00,0.00
2014.04.25 02:43:56.459,12.91989,12.92247,0.00,0.00
2014.04.25 02:44:02.075,12.91977,12.92237,0.00,0.00
2014.04.25 02:44:04.125,12.91989,12.92247,0.00,0.00
2014.04.25 02:44:04.575,12.91968,12.92228,0.00,0.00
2014.04.25 02:44:07.024,12.91989,12.92247,0.00,0.00
2014.04.25 02:44:11.363,12.91968,12.92228,0.00,0.00
2014.04.25 02:44:28.379,12.91954,12.92214,0.00,0.00
2014.04.25 02:44:29.579,12.91968,12.92228,0.00,0.00
2014.04.25 02:44:30.585,12.91957,12.92217,0.00,0.00
2014.04.25 02:44:39.186,12.91938,12.92198,0.00,0.00
2014.04.25 02:44:39.517,12.91935,12.92195,0.00,0.00
2014.04.25 02:44:39.818,12.91933,12.92193,0.00,0.00
2014.04.25 02:44:40.242,12.91908,12.92168,0.00,0.00
2014.04.25 02:44:40.589,12.91872,12.92132,0.00,0.00
2014.04.25 02:44:40.895,12.91924,12.92184,0.00,0.00
2014.04.25 02:44:41.206,12.91904,12.92164,0.00,0.00
2014.04.25 02:44:45.664,12.91916,12.92176,0.00,0.00
2014.04.25 02:44:54.972,12.91902,12.92162,0.00,0.00
2014.04.25 02:44:55.455,12.91857,12.92117,0.00,0.00
2014.04.25 02:44:55.765,12.91855,12.92115,0.00,0.00
2014.04.25 02:44:59.073,12.91871,12.92131,0.00,0.00
2014.04.25 02:44:59.440,12.91883,12.92143,0.00,0.00
2014.04.25 02:45:02.352,12.91872,12.92132,0.00,0.00
2014.04.25 02:45:08.420,12.91838,12.92098,0.00,0.00
2014.04.25 02:45:08.721,12.91793,12.92053,0.00,0.00
2014.04.25 02:45:09.159,12.91769,12.92029,0.00,0.00
2014.04.25 02:45:09.482,12.91794,12.92054,0.00,0.00
2014.04.25 02:45:09.790,12.91769,12.92029,0.00,0.00
2014.04.25 02:45:10.120,12.9182,12.9208,0.00,0.00
2014.04.25 02:45:10.480,12.91866,12.92126,0.00,0.00
2014.04.25 02:45:10.961,12.91879,12.92139,0.00,0.00
2014.04.25 02:45:11.300,12.91869,12.92077,0.00,0.00
2014.04.25 02:45:11.401,12.91883,12.92143,0.00,0.00
2014.04.25 02:45:11.599,12.91858,12.92118,0.00,0.00
2014.04.25 02:45:12.471,12.91883,12.92143,0.00,0.00
2014.04.25 02:45:15.808,12.91864,12.92124,0.00,0.00
2014.04.25 02:45:18.687,12.91875,12.92135,0.00,0.00
2014.04.25 02:45:20.686,12.91875,12.92128,0.00,0.00
2014.04.25 02:45:20.737,12.91862,12.92122,0.00,0.00
2014.04.25 02:45:20.788,12.91862,12.92108,0.00,0.00
2014.04.25 02:45:20.838,12.91828,12.92087,0.00,0.00
2014.04.25 02:45:20.938,12.91778,12.92038,0.00,0.00
2014.04.25 02:45:21.192,12.91789,12.92049,0.00,0.00
2014.04.25 02:45:21.537,12.91832,12.92092,0.00,0.00
2014.04.25 02:45:21.847,12.91884,12.92097,0.00,0.00
2014.04.25 02:45:21.949,12.91884,12.92144,0.00,0.00
2014.04.25 02:45:26.193,12.91863,12.92123,0.00,0.00
2014.04.25 02:45:32.529,12.91874,12.92134,0.00,0.00
2014.04.25 02:45:49.560,12.91886,12.92146,0.00,0.00
2014.04.25 02:45:50.134,12.91875,12.92135,0.00,0.00
2014.04.25 02:45:55.877,12.91862,12.92122,0.00,0.00
2014.04.25 02:45:56.230,12.91886,12.92146,0.00,0.00
2014.04.25 02:45:58.997,12.91862,12.92122,0.00,0.00
2014.04.25 02:46:00.207,12.91884,12.92144,0.00,0.00
2014.04.25 02:46:01.296,12.91865,12.92125,0.00,0.00
2014.04.25 02:46:09.016,12.9189,12.9215,0.00,0.00
2014.04.25 02:46:09.535,12.9197,12.9223,0.00,0.00
2014.04.25 02:46:10.074,12.91959,12.92219,0.00,0.00
2014.04.25 02:46:10.435,12.9197,12.9223,0.00,0.00
2014.04.25 02:46:11.494,12.91983,12.92243,0.00,0.00
2014.04.25 02:46:12.144,12.91999,12.92247,0.00,0.00
2014.04.25 02:46:12.295,12.92042,12.92302,0.00,0.00
2014.04.25 02:46:12.396,12.92091,12.92351,0.00,0.00
2014.04.25 02:46:12.697,12.92118,12.92378,0.00,0.00
2014.04.25 02:46:13.024,12.92129,12.92389,0.00,0.00
2014.04.25 02:46:13.326,12.92104,12.92364,0.00,0.00
2014.04.25 02:46:13.954,12.92128,12.92388,0.00,0.00
2014.04.25 02:46:14.342,12.92116,12.92376,0.00,0.00
2014.04.25 02:46:15.034,12.92129,12.92389,0.00,0.00
2014.04.25 02:46:20.802,12.92175,12.92435,0.00,0.00
2014.04.25 02:46:21.238,12.92163,12.92423,0.00,0.00
2014.04.25 02:46:21.575,12.92178,12.92438,0.00,0.00
2014.04.25 02:46:21.906,12.92193,12.92438,0.00,0.00
2014.04.25 02:46:22.071,12.92197,12.92457,0.00,0.00
2014.04.25 02:46:22.313,12.92209,12.92469,0.00,0.00
2014.04.25 02:46:25.121,12.92193,12.92422,0.00,0.00
2014.04.25 02:46:25.221,12.92162,12.92422,0.00,0.00
2014.04.25 02:46:25.572,12.92181,12.92441,0.00,0.00
2014.04.25 02:46:26.443,12.92155,12.92415,0.00,0.00
2014.04.25 02:46:26.842,12.92167,12.92427,0.00,0.00
2014.04.25 02:46:27.190,12.9218,12.9244,0.00,0.00
2014.04.25 02:46:27.521,12.92169,12.92429,0.00,0.00
2014.04.25 02:46:27.999,12.92156,12.92416,0.00,0.00
2014.04.25 02:46:29.150,12.9218,12.9244,0.00,0.00
2014.04.25 02:46:29.700,12.92169,12.92429,0.00,0.00
2014.04.25 02:46:30.437,12.92156,12.92416,0.00,0.00
2014.04.25 02:46:32.839,12.92153,12.924,0.00,0.00
2014.04.25 02:46:33.441,12.92139,12.92399,0.00,0.00
2014.04.25 02:46:33.656,12.92149,12.92409,0.00,0.00
2014.04.25 02:46:34.209,12.92163,12.92423,0.00,0.00
2014.04.25 02:46:34.538,12.9215,12.9241,0.00,0.00
2014.04.25 02:46:34.922,12.92209,12.92469,0.00,0.00
2014.04.25 02:46:35.224,12.92214,12.92474,0.00,0.00
2014.04.25 02:46:36.594,12.92202,12.92462,0.00,0.00
2014.04.25 02:46:37.227,12.92193,12.92449,0.00,0.00
2014.04.25 02:46:37.658,12.92193,12.92438,0.00,0.00
2014.04.25 02:46:37.708,12.92178,12.92438,0.00,0.00
2014.04.25 02:46:37.877,12.92212,12.92472,0.00,0.00
2014.04.25 02:46:38.642,12.92178,12.92438,0.00,0.00
2014.04.25 02:46:39.084,12.922,12.9246,0.00,0.00
2014.04.25 02:46:39.517,12.92212,12.92472,0.00,0.00
2014.04.25 02:46:40.057,12.92213,12.92473,0.00,0.00
2014.04.25 02:46:40.516,12.92181,12.92441,0.00,0.00
2014.04.25 02:46:40.979,12.92156,12.92416,0.00,0.00
2014.04.25 02:46:42.007,12.92155,12.92415,0.00,0.00
2014.04.25 02:46:42.411,12.92143,12.92403,0.00,0.00
2014.04.25 02:46:43.748,12.9216,12.9242,0.00,0.00
2014.04.25 02:46:46.116,12.92149,12.92409,0.00,0.00
2014.04.25 02:46:48.284,12.92153,12.92409,0.00,0.00
2014.04.25 02:46:48.335,12.92174,12.92434,0.00,0.00
2014.04.25 02:46:48.921,12.92193,12.92434,0.00,0.00
2014.04.25 02:46:52.036,12.92213,12.92434,0.00,0.00
2014.04.25 02:46:52.104,12.92213,12.92446,0.00,0.00
2014.04.25 02:46:52.155,12.92193,12.92446,0.00,0.00
2014.04.25 02:46:52.324,12.92193,12.92434,0.00,0.00
2014.04.25 02:46:53.743,12.92193,12.92423,0.00,0.00
2014.04.25 02:46:54.456,12.92163,12.92423,0.00,0.00
2014.04.25 02:46:54.507,12.92163,12.92402,0.00,0.00
2014.04.25 02:46:54.715,12.92163,12.92414,0.00,0.00
2014.04.25 02:46:54.836,12.92166,12.92426,0.00,0.00
2014.04.25 02:46:54.956,12.92173,12.92426,0.00,0.00
2014.04.25 02:46:55.066,12.92166,12.92426,0.00,0.00
2014.04.25 02:46:55.263,12.92184,12.92444,0.00,0.00
2014.04.25 02:46:56.033,12.92196,12.92456,0.00,0.00
2014.04.25 02:46:56.836,12.9221,12.9247,0.00,0.00
2014.04.25 02:46:57.180,12.92198,12.92458,0.00,0.00
2014.04.25 02:46:57.782,12.92211,12.92471,0.00,0.00
2014.04.25 02:46:58.345,12.92222,12.92482,0.00,0.00
2014.04.25 02:46:58.647,12.92235,12.92495,0.00,0.00
2014.04.25 02:46:58.982,12.92283,12.92543,0.00,0.00
2014.04.25 02:46:59.576,12.92307,12.92567,0.00,0.00
2014.04.25 02:47:00.324,12.92289,12.92549,0.00,0.00
2014.04.25 02:47:00.722,12.92283,12.92511,0.00,0.00
2014.04.25 02:47:00.772,12.92297,12.92557,0.00,0.00
2014.04.25 02:47:00.884,12.92283,12.92526,0.00,0.00
2014.04.25 02:47:01.062,12.92283,12.92543,0.00,0.00
2014.04.25 02:47:01.172,12.92309,12.92569,0.00,0.00
2014.04.25 02:47:01.806,12.92295,12.92555,0.00,0.00
2014.04.25 02:47:02.309,12.92307,12.92567,0.00,0.00
2014.04.25 02:47:02.914,12.92296,12.92556,0.00,0.00
2014.04.25 02:47:04.061,12.9231,12.9257,0.00,0.00
2014.04.25 02:47:05.791,12.92286,12.92546,0.00,0.00
2014.04.25 02:47:06.201,12.9231,12.9257,0.00,0.00
2014.04.25 02:47:10.700,12.92297,12.92557,0.00,0.00
2014.04.25 02:47:14.118,12.92285,12.92545,0.00,0.00
2014.04.25 02:47:14.638,12.9231,12.9257,0.00,0.00
2014.04.25 02:47:17.482,12.92298,12.92558,0.00,0.00
2014.04.25 02:47:27.707,12.9231,12.9257,0.00,0.00
2014.04.25 02:47:28.015,12.92299,12.92559,0.00,0.00
2014.04.25 02:47:35.183,12.92283,12.9254,0.00,0.00
2014.04.25 02:47:37.604,12.92283,12.92503,0.00,0.00
2014.04.25 02:47:39.420,12.92263,12.92503,0.00,0.00
2014.04.25 02:47:40.424,12.92262,12.92503,0.00,0.00
2014.04.25 02:47:40.478,12.92243,12.92503,0.00,0.00
2014.04.25 02:47:40.529,12.9219,12.9245,0.00,0.00
2014.04.25 02:47:40.881,12.92143,12.92402,0.00,0.00
2014.04.25 02:47:40.932,12.92155,12.92415,0.00,0.00
2014.04.25 02:47:41.032,12.92143,12.924,0.00,0.00
2014.04.25 02:47:41.141,12.92165,12.92425,0.00,0.00
2014.04.25 02:47:42.575,12.92174,12.92434,0.00,0.00
2014.04.25 02:47:42.907,12.92192,12.92452,0.00,0.00
2014.04.25 02:47:43.461,12.92254,12.92514,0.00,0.00
2014.04.25 02:47:43.769,12.92211,12.92471,0.00,0.00
2014.04.25 02:47:44.081,12.92249,12.92509,0.00,0.00
2014.04.25 02:47:44.411,12.92236,12.92496,0.00,0.00
2014.04.25 02:47:44.836,12.92262,12.92496,0.00,0.00
2014.04.25 02:47:44.886,12.92262,12.92522,0.00,0.00
2014.04.25 02:47:44.937,12.92273,12.92522,0.00,0.00
2014.04.25 02:47:45.069,12.92297,12.92557,0.00,0.00
2014.04.25 02:47:45.541,12.92309,12.92569,0.00,0.00
2014.04.25 02:47:46.178,12.92297,12.92557,0.00,0.00
2014.04.25 02:47:46.933,12.9231,12.9257,0.00,0.00
2014.04.25 02:47:51.580,12.9232,12.9258,0.00,0.00
2014.04.25 02:47:52.096,12.92356,12.92616,0.00,0.00
2014.04.25 02:47:52.552,12.9235,12.9261,0.00,0.00
2014.04.25 02:48:01.317,12.92361,12.92621,0.00,0.00
2014.04.25 02:48:03.072,12.92392,12.92621,0.00,0.00
2014.04.25 02:48:03.147,12.92418,12.92678,0.00,0.00
2014.04.25 02:48:03.367,12.92458,12.92718,0.00,0.00
2014.04.25 02:48:04.139,12.92443,12.92698,0.00,0.00
2014.04.25 02:48:04.466,12.9245,12.9271,0.00,0.00
2014.04.25 02:48:05.445,12.92462,12.92722,0.00,0.00
2014.04.25 02:48:07.526,12.92443,12.92695,0.00,0.00
2014.04.25 02:48:07.626,12.92435,12.92695,0.00,0.00
2014.04.25 02:48:07.677,12.92384,12.92644,0.00,0.00
2014.04.25 02:48:08.015,12.92396,12.92656,0.00,0.00
2014.04.25 02:48:08.508,12.92384,12.92644,0.00,0.00
2014.04.25 02:48:09.933,12.92343,12.92603,0.00,0.00
2014.04.25 02:48:10.307,12.92335,12.92595,0.00,0.00
2014.04.25 02:48:10.868,12.9236,12.9262,0.00,0.00
2014.04.25 02:48:11.625,12.92337,12.92597,0.00,0.00
2014.04.25 02:48:14.026,12.92348,12.92608,0.00,0.00
2014.04.25 02:48:16.223,12.92323,12.92569,0.00,0.00
2014.04.25 02:48:16.273,12.92309,12.92569,0.00,0.00
2014.04.25 02:48:16.333,12.92293,12.92553,0.00,0.00
2014.04.25 02:48:16.663,12.92262,12.92522,0.00,0.00
2014.04.25 02:48:16.969,12.92274,12.92534,0.00,0.00
2014.04.25 02:48:17.602,12.92273,12.92533,0.00,0.00
2014.04.25 02:48:19.301,12.92248,12.92508,0.00,0.00
2014.04.25 02:48:38.617,12.92253,12.92513,0.00,0.00
2014.04.25 02:48:45.196,12.92241,12.92501,0.00,0.00
2014.04.25 02:48:45.735,12.92241,12.92497,0.00,0.00
2014.04.25 02:48:45.785,12.92228,12.92488,0.00,0.00
2014.04.25 02:48:45.928,12.92202,12.92462,0.00,0.00
2014.04.25 02:48:46.286,12.92146,12.92406,0.00,0.00
2014.04.25 02:48:46.615,12.92131,12.92391,0.00,0.00
2014.04.25 02:48:46.943,12.92113,12.92372,0.00,0.00
2014.04.25 02:48:46.994,12.92142,12.92402,0.00,0.00
2014.04.25 02:48:47.055,12.92154,12.92414,0.00,0.00
2014.04.25 02:48:47.605,12.92142,12.92402,0.00,0.00
2014.04.25 02:48:48.035,12.92154,12.92414,0.00,0.00
2014.04.25 02:48:48.612,12.92142,12.92402,0.00,0.00
2014.04.25 02:48:48.961,12.92172,12.92432,0.00,0.00
2014.04.25 02:48:49.435,12.92148,12.92408,0.00,0.00
2014.04.25 02:48:50.794,12.92223,12.92408,0.00,0.00
2014.04.25 02:48:50.966,12.92223,12.92475,0.00,0.00
2014.04.25 02:48:51.066,12.92263,12.92523,0.00,0.00
2014.04.25 02:48:51.418,12.92242,12.92502,0.00,0.00
2014.04.25 02:48:53.234,12.92264,12.92524,0.00,0.00
2014.04.25 02:48:53.994,12.92267,12.92527,0.00,0.00
2014.04.25 02:48:54.426,12.92273,12.92527,0.00,0.00
2014.04.25 02:48:54.669,12.92309,12.92569,0.00,0.00
2014.04.25 02:48:54.769,12.92285,12.92545,0.00,0.00
2014.04.25 02:48:55.842,12.92297,12.92557,0.00,0.00
2014.04.25 02:48:59.425,12.92285,12.92545,0.00,0.00
2014.04.25 02:49:03.987,12.92297,12.92557,0.00,0.00
2014.04.25 02:49:08.556,12.92285,12.92545,0.00,0.00
2014.04.25 02:49:08.960,12.92274,12.92534,0.00,0.00
2014.04.25 02:49:09.360,12.92248,12.92508,0.00,0.00
2014.04.25 02:49:14.422,12.92267,12.92527,0.00,0.00
2014.04.25 02:49:14.828,12.92309,12.92569,0.00,0.00
2014.04.25 02:49:15.156,12.92284,12.92544,0.00,0.00
2014.04.25 02:49:15.505,12.92297,12.92557,0.00,0.00
2014.04.25 02:49:26.631,12.92309,12.92569,0.00,0.00
2014.04.25 02:49:46.611,12.9231,12.9257,0.00,0.00
2014.04.25 02:49:53.357,12.92285,12.92545,0.00,0.00
2014.04.25 02:49:56.268,12.92298,12.92558,0.00,0.00
2014.04.25 02:50:04.974,12.9231,12.9257,0.00,0.00
2014.04.25 02:50:10.655,12.92323,12.9257,0.00,0.00
2014.04.25 02:50:10.705,12.92358,12.92618,0.00,0.00
2014.04.25 02:50:10.806,12.92365,12.92625,0.00,0.00
2014.04.25 02:50:11.159,12.92353,12.92613,0.00,0.00
2014.04.25 02:50:11.567,12.92357,12.92617,0.00,0.00
2014.04.25 02:50:14.305,12.92392,12.92652,0.00,0.00
2014.04.25 02:50:14.616,12.9238,12.9264,0.00,0.00
2014.04.25 02:50:14.945,12.92384,12.92644,0.00,0.00
2014.04.25 02:50:15.284,12.9234,12.926,0.00,0.00
2014.04.25 02:50:16.475,12.92353,12.92613,0.00,0.00
2014.04.25 02:50:16.848,12.92336,12.92596,0.00,0.00
2014.04.25 02:50:18.874,12.92354,12.92614,0.00,0.00
2014.04.25 02:50:26.435,12.9234,12.926,0.00,0.00
2014.04.25 02:50:27.792,12.92324,12.92584,0.00,0.00
2014.04.25 02:50:28.161,12.92332,12.92592,0.00,0.00
2014.04.25 02:50:28.491,12.92344,12.92604,0.00,0.00
2014.04.25 02:50:32.360,12.92332,12.92592,0.00,0.00
2014.04.25 02:50:32.868,12.92356,12.92616,0.00,0.00
2014.04.25 02:50:33.169,12.92373,12.92616,0.00,0.00
2014.04.25 02:50:33.270,12.924,12.9266,0.00,0.00
2014.04.25 02:50:34.332,12.92401,12.92661,0.00,0.00
2014.04.25 02:50:34.400,12.92389,12.92649,0.00,0.00
2014.04.25 02:50:37.528,12.92392,12.92649,0.00,0.00
2014.04.25 02:50:37.679,12.9245,12.9271,0.00,0.00
2014.04.25 02:50:38.136,12.92454,12.92714,0.00,0.00
2014.04.25 02:50:38.439,12.92434,12.92694,0.00,0.00
2014.04.25 02:50:38.742,12.92413,12.92671,0.00,0.00
2014.04.25 02:50:38.792,12.92427,12.92687,0.00,0.00
2014.04.25 02:50:38.893,12.92439,12.92699,0.00,0.00
2014.04.25 02:50:39.233,12.92452,12.92712,0.00,0.00
2014.04.25 02:50:39.639,12.92434,12.92694,0.00,0.00
2014.04.25 02:50:44.077,12.92413,12.92658,0.00,0.00
2014.04.25 02:50:44.180,12.9242,12.9268,0.00,0.00
2014.04.25 02:50:44.267,12.92454,12.92714,0.00,0.00
2014.04.25 02:50:44.814,12.92442,12.92702,0.00,0.00
2014.04.25 02:50:45.838,12.92455,12.92715,0.00,0.00
2014.04.25 02:50:49.206,12.92423,12.92676,0.00,0.00
2014.04.25 02:50:49.513,12.92429,12.92689,0.00,0.00
2014.04.25 02:50:49.614,12.9245,12.9271,0.00,0.00
2014.04.25 02:50:50.135,12.9243,12.9269,0.00,0.00
2014.04.25 02:50:50.499,12.92442,12.92702,0.00,0.00
2014.04.25 02:50:55.778,12.92413,12.92668,0.00,0.00
2014.04.25 02:50:55.828,12.92408,12.92668,0.00,0.00
2014.04.25 02:50:57.747,12.92355,12.92615,0.00,0.00
2014.04.25 02:50:58.052,12.92349,12.92609,0.00,0.00
2014.04.25 02:50:58.380,12.92343,12.92599,0.00,0.00
2014.04.25 02:50:58.464,12.92351,12.92611,0.00,0.00
2014.04.25 02:50:58.573,12.92343,12.92598,0.00,0.00
2014.04.25 02:50:58.624,12.92338,12.92598,0.00,0.00
2014.04.25 02:50:58.825,12.92291,12.92551,0.00,0.00
2014.04.25 02:50:59.174,12.92315,12.92575,0.00,0.00
2014.04.25 02:51:01.090,12.92303,12.92563,0.00,0.00
2014.04.25 02:51:01.462,12.92325,12.92585,0.00,0.00
2014.04.25 02:51:01.783,12.92323,12.92579,0.00,0.00
2014.04.25 02:51:05.494,12.92319,12.92579,0.00,0.00
2014.04.25 02:51:05.628,12.92311,12.92571,0.00,0.00
2014.04.25 02:51:05.943,12.92292,12.92552,0.00,0.00
2014.04.25 02:51:06.319,12.92304,12.92564,0.00,0.00
2014.04.25 02:51:09.014,12.92323,12.92564,0.00,0.00
2014.04.25 02:51:09.101,12.92326,12.92586,0.00,0.00
2014.04.25 02:51:09.321,12.92343,12.92603,0.00,0.00
2014.04.25 02:51:10.539,12.92344,12.92604,0.00,0.00
2014.04.25 02:51:10.919,12.92402,12.92662,0.00,0.00
2014.04.25 02:51:11.330,12.9239,12.9265,0.00,0.00
2014.04.25 02:51:11.644,12.92422,12.92682,0.00,0.00
2014.04.25 02:51:12.007,12.92434,12.92694,0.00,0.00
2014.04.25 02:51:12.356,12.92404,12.92664,0.00,0.00
2014.04.25 02:51:12.949,12.92384,12.92644,0.00,0.00
2014.04.25 02:51:14.166,12.92403,12.92663,0.00,0.00
2014.04.25 02:51:14.669,12.92384,12.92644,0.00,0.00
2014.04.25 02:51:17.479,12.92403,12.92663,0.00,0.00
2014.04.25 02:51:18.119,12.92391,12.92651,0.00,0.00
2014.04.25 02:51:22.608,12.92403,12.92663,0.00,0.00
2014.04.25 02:51:22.969,12.92384,12.92644,0.00,0.00
2014.04.25 02:51:26.554,12.92373,12.92624,0.00,0.00
2014.04.25 02:51:26.658,12.92339,12.92599,0.00,0.00
2014.04.25 02:51:26.763,12.92337,12.92597,0.00,0.00
2014.04.25 02:51:27.071,12.92391,12.92651,0.00,0.00
2014.04.25 02:51:31.055,12.92402,12.92662,0.00,0.00
2014.04.25 02:51:37.063,12.92423,12.92662,0.00,0.00
2014.04.25 02:51:37.114,12.92435,12.92695,0.00,0.00
2014.04.25 02:51:37.215,12.92445,12.92705,0.00,0.00
2014.04.25 02:51:37.518,12.92433,12.92693,0.00,0.00
2014.04.25 02:51:37.847,12.92403,12.92663,0.00,0.00
2014.04.25 02:51:38.225,12.92384,12.92644,0.00,0.00
2014.04.25 02:51:38.776,12.92402,12.92662,0.00,0.00
2014.04.25 02:51:44.232,12.9239,12.9265,0.00,0.00
2014.04.25 02:51:50.237,12.92402,12.92662,0.00,0.00
2014.04.25 02:51:50.564,12.9239,12.9265,0.00,0.00
2014.04.25 02:51:51.532,12.92423,12.92672,0.00,0.00
2014.04.25 02:51:51.734,12.9243,12.9269,0.00,0.00
2014.04.25 02:51:51.840,12.92423,12.92678,0.00,0.00
2014.04.25 02:51:51.951,12.92442,12.92702,0.00,0.00
2014.04.25 02:51:55.299,12.92404,12.92664,0.00,0.00
2014.04.25 02:51:55.920,12.92384,12.92644,0.00,0.00
2014.04.25 02:52:15.595,12.92383,12.92643,0.00,0.00
2014.04.25 02:52:34.002,12.92364,12.92624,0.00,0.00
2014.04.25 02:52:34.454,12.9235,12.9261,0.00,0.00
2014.04.25 02:52:41.557,12.92382,12.92642,0.00,0.00
2014.04.25 02:52:41.894,12.92352,12.92612,0.00,0.00
2014.04.25 02:52:49.848,12.92352,12.92608,0.00,0.00
2014.04.25 02:52:50.276,12.92257,12.92517,0.00,0.00
2014.04.25 02:52:50.401,12.92254,12.92514,0.00,0.00
2014.04.25 02:52:50.825,12.92278,12.92538,0.00,0.00
2014.04.25 02:52:52.015,12.92266,12.92526,0.00,0.00
2014.04.25 02:52:52.895,12.92279,12.92539,0.00,0.00
2014.04.25 02:52:57.954,12.92257,12.92517,0.00,0.00
2014.04.25 02:52:59.093,12.92278,12.92538,0.00,0.00
2014.04.25 02:52:59.813,12.92267,12.92527,0.00,0.00
2014.04.25 02:53:00.413,12.92281,12.92541,0.00,0.00
2014.04.25 02:53:01.327,12.92273,12.92533,0.00,0.00
2014.04.25 02:53:02.115,12.92257,12.92517,0.00,0.00
2014.04.25 02:53:02.763,12.92266,12.92526,0.00,0.00
2014.04.25 02:53:03.113,12.92278,12.92538,0.00,0.00
2014.04.25 02:53:03.776,12.92266,12.92526,0.00,0.00
2014.04.25 02:53:04.555,12.92234,12.92494,0.00,0.00
2014.04.25 02:53:05.512,12.92265,12.92525,0.00,0.00
2014.04.25 02:53:05.987,12.92284,12.92544,0.00,0.00
2014.04.25 02:53:08.332,12.92264,12.92524,0.00,0.00
2014.04.25 02:53:12.123,12.92212,12.92472,0.00,0.00
2014.04.25 02:53:12.471,12.92234,12.92494,0.00,0.00
2014.04.25 02:53:12.920,12.92212,12.92472,0.00,0.00
2014.04.25 02:53:15.443,12.92224,12.92484,0.00,0.00
2014.04.25 02:53:21.178,12.92211,12.92471,0.00,0.00
2014.04.25 02:53:22.912,12.92213,12.92471,0.00,0.00
2014.04.25 02:53:22.963,12.92224,12.92484,0.00,0.00
2014.04.25 02:53:23.038,12.92269,12.92529,0.00,0.00
2014.04.25 02:53:25.653,12.92284,12.92544,0.00,0.00
2014.04.25 02:53:27.896,12.92261,12.92521,0.00,0.00
2014.04.25 02:53:28.215,12.9222,12.9248,0.00,0.00
2014.04.25 02:53:28.556,12.92234,12.92494,0.00,0.00
2014.04.25 02:53:37.840,12.92219,12.92479,0.00,0.00
2014.04.25 02:53:42.033,12.92208,12.92468,0.00,0.00
2014.04.25 02:53:42.703,12.92184,12.92444,0.00,0.00
2014.04.25 02:53:43.051,12.92233,12.92493,0.00,0.00
2014.04.25 02:53:43.453,12.92223,12.92483,0.00,0.00
2014.04.25 02:53:43.892,12.92231,12.92491,0.00,0.00
2014.04.25 02:53:44.209,12.92219,12.92479,0.00,0.00
2014.04.25 02:53:44.556,12.92207,12.92467,0.00,0.00
2014.04.25 02:53:44.882,12.9222,12.9248,0.00,0.00
2014.04.25 02:53:46.654,12.92207,12.92467,0.00,0.00
2014.04.25 02:53:48.504,12.92219,12.92479,0.00,0.00
2014.04.25 02:53:53.558,12.92207,12.92467,0.00,0.00
2014.04.25 02:53:53.935,12.92218,12.92478,0.00,0.00
2014.04.25 02:53:54.260,12.92233,12.92493,0.00,0.00
2014.04.25 02:53:54.590,12.92208,12.92468,0.00,0.00
2014.04.25 02:53:55.060,12.9222,12.9248,0.00,0.00
2014.04.25 02:53:55.362,12.92182,12.92442,0.00,0.00
2014.04.25 02:53:55.967,12.92157,12.92417,0.00,0.00
2014.04.25 02:53:56.722,12.92176,12.92436,0.00,0.00
2014.04.25 02:53:57.159,12.92152,12.92412,0.00,0.00
2014.04.25 02:53:59.120,12.92177,12.92437,0.00,0.00
2014.04.25 02:53:59.438,12.92165,12.92425,0.00,0.00
2014.04.25 02:53:59.927,12.92177,12.92437,0.00,0.00
2014.04.25 02:54:01.648,12.92165,12.92425,0.00,0.00
2014.04.25 02:54:04.642,12.92204,12.92464,0.00,0.00
2014.04.25 02:54:05.030,12.92219,12.92479,0.00,0.00
2014.04.25 02:54:05.744,12.9222,12.9248,0.00,0.00
2014.04.25 02:54:06.067,12.92207,12.92467,0.00,0.00
2014.04.25 02:54:06.455,12.92155,12.92415,0.00,0.00
2014.04.25 02:54:07.663,12.92154,12.92414,0.00,0.00
2014.04.25 02:54:08.295,12.92167,12.92427,0.00,0.00
2014.04.25 02:54:08.626,12.92177,12.92437,0.00,0.00
2014.04.25 02:54:08.956,12.92153,12.92413,0.00,0.00
2014.04.25 02:54:11.986,12.92174,12.92434,0.00,0.00
2014.04.25 02:54:14.155,12.92228,12.92488,0.00,0.00
2014.04.25 02:54:14.494,12.92216,12.92476,0.00,0.00
2014.04.25 02:54:16.133,12.92238,12.92498,0.00,0.00
2014.04.25 02:54:16.474,12.92224,12.92484,0.00,0.00
2014.04.25 02:54:16.795,12.92205,12.92465,0.00,0.00
2014.04.25 02:54:21.202,12.92213,12.92465,0.00,0.00
2014.04.25 02:54:21.312,12.92238,12.92498,0.00,0.00
2014.04.25 02:54:21.393,12.92224,12.92484,0.00,0.00
2014.04.25 02:54:21.733,12.92205,12.92465,0.00,0.00
2014.04.25 02:54:25.082,12.92217,12.92477,0.00,0.00
2014.04.25 02:54:36.917,12.92204,12.92464,0.00,0.00
2014.04.25 02:54:37.372,12.92215,12.92475,0.00,0.00
2014.04.25 02:54:38.356,12.92227,12.92487,0.00,0.00
2014.04.25 02:54:43.648,12.92238,12.92498,0.00,0.00
2014.04.25 02:54:44.094,12.92278,12.92538,0.00,0.00
2014.04.25 02:54:44.565,12.92258,12.92518,0.00,0.00
2014.04.25 02:54:44.956,12.9227,12.9253,0.00,0.00
2014.04.25 02:54:48.217,12.92319,12.92579,0.00,0.00
2014.04.25 02:54:48.551,12.92372,12.92632,0.00,0.00
2014.04.25 02:54:49.242,12.92348,12.92608,0.00,0.00
2014.04.25 02:54:49.587,12.9233,12.9259,0.00,0.00
2014.04.25 02:54:49.976,12.92318,12.92578,0.00,0.00
2014.04.25 02:54:59.063,12.92375,12.92635,0.00,0.00
2014.04.25 02:54:59.484,12.9236,12.9262,0.00,0.00
2014.04.25 02:55:00.243,12.92384,12.92644,0.00,0.00
2014.04.25 02:55:00.549,12.92415,12.92675,0.00,0.00
2014.04.25 02:55:00.953,12.92474,12.92734,0.00,0.00
2014.04.25 02:55:01.256,12.92397,12.92657,0.00,0.00
2014.04.25 02:55:01.564,12.92384,12.92644,0.00,0.00
2014.04.25 02:55:01.878,12.92382,12.92642,0.00,0.00
2014.04.25 02:55:02.237,12.92369,12.92629,0.00,0.00
2014.04.25 02:55:02.628,12.92316,12.92576,0.00,0.00
2014.04.25 02:55:06.577,12.92283,12.9254,0.00,0.00
2014.04.25 02:55:06.628,12.9228,12.9254,0.00,0.00
2014.04.25 02:55:06.678,12.92265,12.92525,0.00,0.00
2014.04.25 02:55:06.997,12.92215,12.92475,0.00,0.00
2014.04.25 02:55:08.014,12.92234,12.92494,0.00,0.00
2014.04.25 02:55:09.197,12.92213,12.92473,0.00,0.00
2014.04.25 02:55:09.506,12.92223,12.92483,0.00,0.00
2014.04.25 02:55:10.152,12.9221,12.9247,0.00,0.00
2014.04.25 02:55:10.498,12.92222,12.92482,0.00,0.00
2014.04.25 02:55:10.985,12.92274,12.92534,0.00,0.00
2014.04.25 02:55:12.897,12.92263,12.92523,0.00,0.00
2014.04.25 02:55:13.359,12.92284,12.92544,0.00,0.00
2014.04.25 02:55:14.759,12.92264,12.92524,0.00,0.00
2014.04.25 02:55:16.507,12.92276,12.92536,0.00,0.00
2014.04.25 02:55:21.317,12.92264,12.92524,0.00,0.00
2014.04.25 02:55:21.719,12.92275,12.92535,0.00,0.00
2014.04.25 02:55:23.788,12.92264,12.92524,0.00,0.00
2014.04.25 02:55:25.742,12.92276,12.92536,0.00,0.00
2014.04.25 02:55:27.042,12.92334,12.92594,0.00,0.00
2014.04.25 02:55:27.365,12.92328,12.92588,0.00,0.00
2014.04.25 02:55:30.247,12.92315,12.92575,0.00,0.00
2014.04.25 02:55:30.550,12.92328,12.92588,0.00,0.00
2014.04.25 02:55:35.318,12.92328,12.92587,0.00,0.00
2014.04.25 02:55:35.419,12.92306,12.92566,0.00,0.00
2014.04.25 02:55:35.730,12.92317,12.92577,0.00,0.00
2014.04.25 02:55:36.640,12.92305,12.92565,0.00,0.00
2014.04.25 02:55:39.111,12.92334,12.92587,0.00,0.00
2014.04.25 02:55:39.167,12.92334,12.92594,0.00,0.00
2014.04.25 02:55:39.792,12.92354,12.92614,0.00,0.00
2014.04.25 02:55:40.197,12.92372,12.92632,0.00,0.00
2014.04.25 02:55:41.849,12.92384,12.92644,0.00,0.00
2014.04.25 02:55:44.028,12.92371,12.92631,0.00,0.00
2014.04.25 02:55:45.019,12.92384,12.92644,0.00,0.00
2014.04.25 02:55:47.657,12.92369,12.92629,0.00,0.00
2014.04.25 02:55:53.795,12.92383,12.92643,0.00,0.00
2014.04.25 02:56:14.511,12.92381,12.92641,0.00,0.00
2014.04.25 02:56:34.497,12.92379,12.92639,0.00,0.00
2014.04.25 02:56:35.245,12.92429,12.92689,0.00,0.00
2014.04.25 02:56:35.560,12.92478,12.92738,0.00,0.00
2014.04.25 02:56:35.863,12.92453,12.92713,0.00,0.00
2014.04.25 02:56:36.168,12.92367,12.92627,0.00,0.00
2014.04.25 02:56:36.809,12.92382,12.92642,0.00,0.00
2014.04.25 02:56:37.248,12.92357,12.92617,0.00,0.00
2014.04.25 02:56:37.844,12.92342,12.92602,0.00,0.00
2014.04.25 02:56:38.325,12.92374,12.92634,0.00,0.00
2014.04.25 02:56:38.626,12.92356,12.92616,0.00,0.00
2014.04.25 02:56:38.973,12.92379,12.92639,0.00,0.00
2014.04.25 02:56:39.335,12.92352,12.92612,0.00,0.00
2014.04.25 02:56:41.644,12.92341,12.92601,0.00,0.00
2014.04.25 02:56:41.967,12.92301,12.92561,0.00,0.00
2014.04.25 02:56:42.412,12.92293,12.9252,0.00,0.00
2014.04.25 02:56:42.550,12.92263,12.9252,0.00,0.00
2014.04.25 02:56:42.657,12.9226,12.9252,0.00,0.00
2014.04.25 02:56:45.657,12.92234,12.92494,0.00,0.00
2014.04.25 02:56:45.989,12.92217,12.92477,0.00,0.00
2014.04.25 02:56:48.932,12.92244,12.92504,0.00,0.00
2014.04.25 02:56:49.442,12.92274,12.92534,0.00,0.00
2014.04.25 02:56:49.788,12.92258,12.92518,0.00,0.00
2014.04.25 02:56:51.521,12.92282,12.92542,0.00,0.00
2014.04.25 02:56:52.621,12.92325,12.92585,0.00,0.00
2014.04.25 02:56:56.520,12.92313,12.92573,0.00,0.00
2014.04.25 02:56:58.039,12.92291,12.92551,0.00,0.00
2014.04.25 02:56:58.589,12.92303,12.92563,0.00,0.00
2014.04.25 02:56:59.159,12.92291,12.92551,0.00,0.00
2014.04.25 02:57:02.705,12.92257,12.92517,0.00,0.00
2014.04.25 02:57:03.028,12.92268,12.92528,0.00,0.00
2014.04.25 02:57:03.696,12.92256,12.92516,0.00,0.00
2014.04.25 02:57:06.613,12.92268,12.92528,0.00,0.00
2014.04.25 02:57:10.447,12.92256,12.92516,0.00,0.00
2014.04.25 02:57:10.918,12.92238,12.92498,0.00,0.00
2014.04.25 02:57:11.886,12.92226,12.92486,0.00,0.00
2014.04.25 02:57:12.206,12.92207,12.92467,0.00,0.00
2014.04.25 02:57:15.200,12.92232,12.92492,0.00,0.00
2014.04.25 02:57:19.044,12.92207,12.92467,0.00,0.00
2014.04.25 02:57:19.464,12.92205,12.92465,0.00,0.00
2014.04.25 02:57:20.058,12.92217,12.92477,0.00,0.00
2014.04.25 02:57:20.610,12.92205,12.92465,0.00,0.00
2014.04.25 02:57:21.848,12.92217,12.92477,0.00,0.00
2014.04.25 02:57:24.485,12.92203,12.92463,0.00,0.00
2014.04.25 02:57:24.793,12.92168,12.92428,0.00,0.00
2014.04.25 02:57:26.312,12.92142,12.92401,0.00,0.00
2014.04.25 02:57:29.603,12.92142,12.92354,0.00,0.00
2014.04.25 02:57:29.754,12.9204,12.923,0.00,0.00
2014.04.25 02:57:30.012,12.92052,12.92312,0.00,0.00
2014.04.25 02:57:30.328,12.92039,12.92299,0.00,0.00
2014.04.25 02:57:30.630,12.92018,12.92278,0.00,0.00
2014.04.25 02:57:30.993,12.92033,12.92293,0.00,0.00
2014.04.25 02:57:32.661,12.92021,12.92281,0.00,0.00
2014.04.25 02:57:34.216,12.92046,12.92306,0.00,0.00
2014.04.25 02:57:35.621,12.92061,12.92321,0.00,0.00
2014.04.25 02:57:35.996,12.92076,12.92336,0.00,0.00
2014.04.25 02:57:39.116,12.92058,12.92318,0.00,0.00
2014.04.25 02:57:39.505,12.92073,12.92318,0.00,0.00
2014.04.25 02:57:39.555,12.92073,12.92331,0.00,0.00
2014.04.25 02:57:39.759,12.92085,12.92345,0.00,0.00
2014.04.25 02:57:39.998,12.92097,12.92357,0.00,0.00
2014.04.25 02:57:40.319,12.92128,12.92388,0.00,0.00
2014.04.25 02:57:40.773,12.92112,12.92372,0.00,0.00
2014.04.25 02:57:41.375,12.92113,12.92373,0.00,0.00
2014.04.25 02:57:42.402,12.92101,12.92361,0.00,0.00
2014.04.25 02:57:42.805,12.92123,12.92361,0.00,0.00
2014.04.25 02:57:42.856,12.92146,12.92406,0.00,0.00
2014.04.25 02:57:43.063,12.92162,12.92422,0.00,0.00
2014.04.25 02:57:43.365,12.92151,12.92411,0.00,0.00
2014.04.25 02:57:43.713,12.92163,12.92423,0.00,0.00
2014.04.25 02:57:44.115,12.92151,12.92411,0.00,0.00
2014.04.25 02:57:47.737,12.92139,12.92399,0.00,0.00
2014.04.25 02:57:48.499,12.92125,12.92385,0.00,0.00
2014.04.25 02:57:48.827,12.92121,12.92381,0.00,0.00
2014.04.25 02:57:49.169,12.92109,12.92369,0.00,0.00
2014.04.25 02:57:53.247,12.92121,12.92381,0.00,0.00
2014.04.25 02:57:59.776,12.92088,12.92348,0.00,0.00
2014.04.25 02:58:02.604,12.92062,12.92322,0.00,0.00
2014.04.25 02:58:04.874,12.92113,12.92373,0.00,0.00
2014.04.25 02:58:05.207,12.92093,12.92353,0.00,0.00
2014.04.25 02:58:06.116,12.92105,12.92365,0.00,0.00
2014.04.25 02:58:06.937,12.92093,12.92353,0.00,0.00
2014.04.25 02:58:07.272,12.92117,12.92377,0.00,0.00
2014.04.25 02:58:07.583,12.92128,12.92388,0.00,0.00
2014.04.25 02:58:08.775,12.92116,12.92376,0.00,0.00
2014.04.25 02:58:12.960,12.92128,12.92388,0.00,0.00
2014.04.25 02:58:21.392,12.92116,12.92376,0.00,0.00
2014.04.25 02:58:23.988,12.92104,12.92364,0.00,0.00
2014.04.25 02:58:25.197,12.92116,12.92376,0.00,0.00
2014.04.25 02:58:31.195,12.92094,12.92354,0.00,0.00
2014.04.25 02:58:31.708,12.92105,12.92365,0.00,0.00
2014.04.25 02:58:33.026,12.92093,12.92353,0.00,0.00
2014.04.25 02:58:35.205,12.92061,12.92321,0.00,0.00
2014.04.25 02:58:36.305,12.92081,12.92341,0.00,0.00
2014.04.25 02:58:44.044,12.92062,12.92322,0.00,0.00
2014.04.25 02:58:55.029,12.92062,12.92308,0.00,0.00
2014.04.25 02:58:55.130,12.92003,12.92261,0.00,0.00
2014.04.25 02:58:55.231,12.91958,12.92218,0.00,0.00
2014.04.25 02:58:55.331,12.91956,12.92216,0.00,0.00
2014.04.25 02:58:56.050,12.91977,12.92237,0.00,0.00
2014.04.25 02:58:56.388,12.91965,12.92225,0.00,0.00
2014.04.25 02:58:57.307,12.91977,12.92237,0.00,0.00
2014.04.25 02:58:58.875,12.91952,12.92212,0.00,0.00
2014.04.25 02:59:02.544,12.91952,12.92197,0.00,0.00
2014.04.25 02:59:02.709,12.91855,12.92115,0.00,0.00
2014.04.25 02:59:02.910,12.9183,12.9209,0.00,0.00
2014.04.25 02:59:03.212,12.91805,12.92065,0.00,0.00
2014.04.25 02:59:03.545,12.91808,12.92068,0.00,0.00
2014.04.25 02:59:04.185,12.9183,12.92087,0.00,0.00
2014.04.25 02:59:05.118,12.91808,12.92068,0.00,0.00
2014.04.25 02:59:07.537,12.91795,12.92055,0.00,0.00
2014.04.25 02:59:07.886,12.91876,12.92136,0.00,0.00
2014.04.25 02:59:08.334,12.91877,12.92117,0.00,0.00
2014.04.25 02:59:10.237,12.91854,12.92114,0.00,0.00
2014.04.25 02:59:10.457,12.91839,12.92099,0.00,0.00
2014.04.25 02:59:10.887,12.91828,12.92088,0.00,0.00
2014.04.25 02:59:11.195,12.91833,12.92087,0.00,0.00
2014.04.25 02:59:11.246,12.91809,12.92069,0.00,0.00
2014.04.25 02:59:11.346,12.91833,12.92087,0.00,0.00
2014.04.25 02:59:12.126,12.91821,12.92081,0.00,0.00
2014.04.25 02:59:12.187,12.91835,12.92087,0.00,0.00
2014.04.25 02:59:13.166,12.91847,12.92087,0.00,0.00
2014.04.25 02:59:13.418,12.91843,12.92087,0.00,0.00
2014.04.25 02:59:13.496,12.91831,12.92087,0.00,0.00
2014.04.25 02:59:13.721,12.91846,12.92087,0.00,0.00
2014.04.25 02:59:14.156,12.91864,12.92087,0.00,0.00
2014.04.25 02:59:14.965,12.91846,12.92057,0.00,0.00
2014.04.25 02:59:15.065,12.91818,12.92057,0.00,0.00
2014.04.25 02:59:15.116,12.91823,12.92057,0.00,0.00
2014.04.25 02:59:15.266,12.91849,12.92097,0.00,0.00
2014.04.25 02:59:15.466,12.91883,12.92097,0.00,0.00
2014.04.25 02:59:17.185,12.91862,12.92097,0.00,0.00
2014.04.25 02:59:17.595,12.91888,12.92097,0.00,0.00
2014.04.25 02:59:18.593,12.91864,12.92097,0.00,0.00
2014.04.25 02:59:18.966,12.91864,12.92088,0.00,0.00
2014.04.25 02:59:19.484,12.91864,12.92077,0.00,0.00
2014.04.25 02:59:19.534,12.91852,12.92077,0.00,0.00
2014.04.25 02:59:20.301,12.91877,12.92077,0.00,0.00
2014.04.25 02:59:20.615,12.91853,12.92077,0.00,0.00
2014.04.25 02:59:20.665,12.91853,12.92058,0.00,0.00
2014.04.25 02:59:20.834,12.91823,12.92047,0.00,0.00
2014.04.25 02:59:20.944,12.91835,12.92047,0.00,0.00
2014.04.25 02:59:21.054,12.91811,12.92047,0.00,0.00
2014.04.25 02:59:21.164,12.91835,12.92047,0.00,0.00
2014.04.25 02:59:21.274,12.91823,12.92047,0.00,0.00
2014.04.25 02:59:22.565,12.91838,12.92047,0.00,0.00
2014.04.25 02:59:23.024,12.91874,12.92047,0.00,0.00
2014.04.25 02:59:23.075,12.91874,12.92067,0.00,0.00
2014.04.25 02:59:23.554,12.91857,12.92067,0.00,0.00
2014.04.25 02:59:23.664,12.91869,12.92067,0.00,0.00
2014.04.25 02:59:23.883,12.91858,12.92067,0.00,0.00
2014.04.25 02:59:30.144,12.91858,12.92047,0.00,0.00
2014.04.25 02:59:30.195,12.91814,12.92047,0.00,0.00
2014.04.25 02:59:30.271,12.91838,12.92047,0.00,0.00
2014.04.25 02:59:30.399,12.91814,12.92047,0.00,0.00
2014.04.25 02:59:30.500,12.91826,12.92047,0.00,0.00
2014.04.25 02:59:30.602,12.91814,12.92047,0.00,0.00
2014.04.25 02:59:32.025,12.91823,12.92047,0.00,0.00
2014.04.25 02:59:32.835,12.91869,12.92047,0.00,0.00
2014.04.25 02:59:33.434,12.91869,12.92067,0.00,0.00
2014.04.25 02:59:33.484,12.91881,12.92067,0.00,0.00
2014.04.25 02:59:34.631,12.91855,12.92067,0.00,0.00
2014.04.25 02:59:37.386,12.91871,12.92067,0.00,0.00
2014.04.25 02:59:38.220,12.91847,12.92067,0.00,0.00
2014.04.25 02:59:39.006,12.91859,12.92067,0.00,0.00
2014.04.25 02:59:39.504,12.91873,12.92067,0.00,0.00
2014.04.25 02:59:40.234,12.91873,12.92097,0.00,0.00
2014.04.25 02:59:41.939,12.91851,12.92097,0.00,0.00
2014.04.25 02:59:47.048,12.91875,12.92097,0.00,0.00
2014.04.25 02:59:47.199,12.9198,12.92227,0.00,0.00
2014.04.25 02:59:47.529,12.91957,12.92217,0.00,0.00
2014.04.25 02:59:47.630,12.91979,12.92227,0.00,0.00
2014.04.25 02:59:47.680,12.91979,12.92239,0.00,0.00
2014.04.25 02:59:47.731,12.91998,12.92258,0.00,0.00
2014.04.25 02:59:48.856,12.9201,12.9227,0.00,0.00
2014.04.25 02:59:49.181,12.92065,12.92307,0.00,0.00
2014.04.25 02:59:49.509,12.92049,12.92307,0.00,0.00
2014.04.25 02:59:50.024,12.9205,12.92307,0.00,0.00
2014.04.25 02:59:50.685,12.9205,12.92287,0.00,0.00
2014.04.25 02:59:50.735,12.92036,12.92287,0.00,0.00
2014.04.25 02:59:50.786,12.92036,12.92268,0.00,0.00
2014.04.25 02:59:50.836,12.92002,12.92262,0.00,0.00
2014.04.25 02:59:51.014,12.92013,12.92262,0.00,0.00
2014.04.25 02:59:51.165,12.92072,12.92327,0.00,0.00
2014.04.25 02:59:51.404,12.92072,12.92332,0.00,0.00
2014.04.25 02:59:51.697,12.92065,12.92325,0.00,0.00
2014.04.25 02:59:52.164,12.92051,12.92311,0.00,0.00
2014.04.25 02:59:54.397,12.92048,12.92308,0.00,0.00
2014.04.25 02:59:58.677,12.92048,12.92297,0.00,0.00
2014.04.25 02:59:58.735,12.92017,12.92277,0.00,0.00
2014.04.25 02:59:58.845,12.9203,12.9229,0.00,0.00
2014.04.25 02:59:59.186,12.91961,12.92221,0.00,0.00
