2016.06.17 17:00:00.091,12.9023,12.90592,0.00,0.00
2016.06.17 17:00:00.192,12.9023,12.90621,0.00,0.00
2016.06.17 17:00:00.292,12.90248,12.9064,0.00,0.00
2016.06.17 17:00:00.832,12.90248,12.90641,0.00,0.00
2016.06.17 17:00:00.933,12.90309,12.90621,0.00,0.00
2016.06.17 17:00:00.994,12.90309,12.90651,0.00,0.00
2016.06.17 17:00:01.344,12.9039,12.9068,0.00,0.00
2016.06.17 17:00:01.680,12.9034,12.90662,0.00,0.00
2016.06.17 17:00:01.731,12.9034,12.90671,0.00,0.00
2016.06.17 17:00:01.898,12.90339,12.90651,0.00,0.00
2016.06.17 17:00:01.948,12.90289,12.90651,0.00,0.00
2016.06.17 17:00:02.100,12.90289,12.90641,0.00,0.00
2016.06.17 17:00:02.434,12.90389,12.90741,0.00,0.00
2016.06.17 17:00:03.266,12.90389,12.90721,0.00,0.00
2016.06.17 17:00:03.401,12.9039,12.9073,0.00,0.00
2016.06.17 17:00:03.518,12.9039,12.90722,0.00,0.00
2016.06.17 17:00:03.739,12.90389,12.90741,0.00,0.00
2016.06.17 17:00:05.321,12.9039,12.90712,0.00,0.00
2016.06.17 17:00:06.022,12.90389,12.90722,0.00,0.00
2016.06.17 17:00:06.823,12.9039,12.9074,0.00,0.00
2016.06.17 17:00:07.882,12.90389,12.90741,0.00,0.00
2016.06.17 17:00:07.933,12.90389,12.90712,0.00,0.00
2016.06.17 17:00:08.125,12.90389,12.90741,0.00,0.00
2016.06.17 17:00:08.928,12.9039,12.9074,0.00,0.00
2016.06.17 17:00:09.725,12.90389,12.90741,0.00,0.00
2016.06.17 17:00:10.028,12.9039,12.90721,0.00,0.00
2016.06.17 17:00:10.375,12.9039,12.90701,0.00,0.00
2016.06.17 17:00:11.035,12.90389,12.90701,0.00,0.00
2016.06.17 17:00:11.229,12.90389,12.90731,0.00,0.00
2016.06.17 17:00:11.330,12.90439,12.90741,0.00,0.00
2016.06.17 17:00:12.495,12.90439,12.90751,0.00,0.00
2016.06.17 17:00:12.596,12.90489,12.90781,0.00,0.00
2016.06.17 17:00:12.646,12.90489,12.90792,0.00,0.00
2016.06.17 17:00:12.747,12.9049,12.9081,0.00,0.00
2016.06.17 17:00:13.032,12.9049,12.90802,0.00,0.00
2016.06.17 17:00:13.246,12.90489,12.90821,0.00,0.00
2016.06.17 17:00:13.347,12.90489,12.90801,0.00,0.00
2016.06.17 17:00:13.453,12.90489,12.90821,0.00,0.00
2016.06.17 17:00:14.537,12.90489,12.9082,0.00,0.00
2016.06.17 17:00:15.099,12.90489,12.90821,0.00,0.00
2016.06.17 17:00:15.935,12.90489,12.90812,0.00,0.00
2016.06.17 17:00:16.385,12.90489,12.9082,0.00,0.00
2016.06.17 17:00:16.938,12.90489,12.90821,0.00,0.00
2016.06.17 17:00:17.606,12.90489,12.9082,0.00,0.00
2016.06.17 17:00:18.050,12.90489,12.90802,0.00,0.00
2016.06.17 17:00:18.101,12.90489,12.90812,0.00,0.00
2016.06.17 17:00:18.850,12.90489,12.90822,0.00,0.00
2016.06.17 17:00:18.961,12.90489,12.90831,0.00,0.00
2016.06.17 17:00:19.180,12.90489,12.90822,0.00,0.00
2016.06.17 17:00:19.382,12.9049,12.9083,0.00,0.00
2016.06.17 17:00:19.848,12.90489,12.90822,0.00,0.00
2016.06.17 17:00:20.263,12.90489,12.90831,0.00,0.00
2016.06.17 17:00:21.096,12.90489,12.90822,0.00,0.00
2016.06.17 17:00:21.415,12.9049,12.9078,0.00,0.00
2016.06.17 17:00:21.467,12.90489,12.90802,0.00,0.00
2016.06.17 17:00:22.054,12.9049,12.90811,0.00,0.00
2016.06.17 17:00:23.201,12.9049,12.9081,0.00,0.00
2016.06.17 17:00:23.252,12.90489,12.90822,0.00,0.00
2016.06.17 17:00:23.303,12.90489,12.90831,0.00,0.00
2016.06.17 17:00:23.921,12.9049,12.9083,0.00,0.00
2016.06.17 17:00:25.456,12.90489,12.90831,0.00,0.00
2016.06.17 17:00:25.557,12.9049,12.9082,0.00,0.00
2016.06.17 17:00:26.116,12.90489,12.90802,0.00,0.00
2016.06.17 17:00:27.579,12.90489,12.90821,0.00,0.00
2016.06.17 17:00:28.107,12.9049,12.9082,0.00,0.00
2016.06.17 17:00:28.258,12.90589,12.90851,0.00,0.00
2016.06.17 17:00:28.777,12.9059,12.9085,0.00,0.00
2016.06.17 17:00:29.939,12.90539,12.90851,0.00,0.00
2016.06.17 17:00:30.680,12.9049,12.9085,0.00,0.00
2016.06.17 17:00:30.787,12.90489,12.90842,0.00,0.00
2016.06.17 17:00:31.212,12.90489,12.90851,0.00,0.00
2016.06.17 17:00:31.513,12.90489,12.90832,0.00,0.00
2016.06.17 17:00:31.790,12.90489,12.9085,0.00,0.00
2016.06.17 17:00:31.891,12.90489,12.90832,0.00,0.00
2016.06.17 17:00:32.760,12.90489,12.9085,0.00,0.00
2016.06.17 17:00:32.977,12.90489,12.90832,0.00,0.00
2016.06.17 17:00:33.566,12.90489,12.90832,0.00,0.00
2016.06.17 17:00:33.616,12.90489,12.90851,0.00,0.00
2016.06.17 17:00:33.667,12.90489,12.90841,0.00,0.00
2016.06.17 17:00:34.029,12.90489,12.90822,0.00,0.00
2016.06.17 17:00:34.080,12.90489,12.90832,0.00,0.00
2016.06.17 17:00:34.195,12.90489,12.90811,0.00,0.00
2016.06.17 17:00:35.282,12.90489,12.90832,0.00,0.00
2016.06.17 17:00:36.764,12.9049,12.90832,0.00,0.00
2016.06.17 17:00:37.351,12.90489,12.90832,0.00,0.00
2016.06.17 17:00:37.952,12.9049,12.90832,0.00,0.00
2016.06.17 17:00:38.204,12.90489,12.90812,0.00,0.00
2016.06.17 17:00:38.966,12.9049,12.90812,0.00,0.00
2016.06.17 17:00:39.206,12.90489,12.90821,0.00,0.00
2016.06.17 17:00:39.307,12.9049,12.9084,0.00,0.00
2016.06.17 17:00:39.408,12.90489,12.90802,0.00,0.00
2016.06.17 17:00:39.592,12.90489,12.90812,0.00,0.00
2016.06.17 17:00:40.459,12.9049,12.90812,0.00,0.00
2016.06.17 17:00:40.567,12.9044,12.9074,0.00,0.00
2016.06.17 17:00:40.718,12.904,12.90732,0.00,0.00
2016.06.17 17:00:40.819,12.904,12.9074,0.00,0.00
2016.06.17 17:00:41.279,12.9039,12.90731,0.00,0.00
2016.06.17 17:00:41.411,12.9039,12.9075,0.00,0.00
2016.06.17 17:00:41.462,12.90389,12.90741,0.00,0.00
2016.06.17 17:00:42.122,12.90389,12.90732,0.00,0.00
2016.06.17 17:00:42.667,12.9039,12.90732,0.00,0.00
2016.06.17 17:00:43.099,12.9039,12.9074,0.00,0.00
2016.06.17 17:00:43.773,12.90389,12.90741,0.00,0.00
2016.06.17 17:00:44.245,12.9039,12.90732,0.00,0.00
2016.06.17 17:00:44.723,12.90389,12.90741,0.00,0.00
2016.06.17 17:00:44.824,12.90389,12.90721,0.00,0.00
2016.06.17 17:00:45.203,12.90389,12.90741,0.00,0.00
2016.06.17 17:00:46.508,12.90389,12.90722,0.00,0.00
2016.06.17 17:00:47.117,12.9039,12.90722,0.00,0.00
2016.06.17 17:00:51.218,12.9039,12.90712,0.00,0.00
2016.06.17 17:00:51.544,12.9039,12.907,0.00,0.00
2016.06.17 17:00:52.114,12.90389,12.90701,0.00,0.00
2016.06.17 17:00:52.545,12.90389,12.90731,0.00,0.00
2016.06.17 17:00:53.057,12.90389,12.90721,0.00,0.00
2016.06.17 17:00:53.551,12.9039,12.9074,0.00,0.00
2016.06.17 17:00:54.124,12.90389,12.90732,0.00,0.00
2016.06.17 17:00:55.937,12.90389,12.90741,0.00,0.00
2016.06.17 17:00:56.051,12.90489,12.90751,0.00,0.00
2016.06.17 17:00:56.722,12.9049,12.9075,0.00,0.00
2016.06.17 17:00:57.241,12.90489,12.90751,0.00,0.00
2016.06.17 17:00:57.768,12.9049,12.9075,0.00,0.00
2016.06.17 17:01:00.122,12.90489,12.90781,0.00,0.00
2016.06.17 17:01:00.422,12.9049,12.90802,0.00,0.00
2016.06.17 17:01:00.473,12.9049,12.9081,0.00,0.00
2016.06.17 17:01:01.726,12.90489,12.90811,0.00,0.00
2016.06.17 17:01:02.073,12.90489,12.90771,0.00,0.00
2016.06.17 17:01:02.830,12.90489,12.90801,0.00,0.00
2016.06.17 17:01:02.881,12.90489,12.90791,0.00,0.00
2016.06.17 17:01:02.982,12.90489,12.90832,0.00,0.00
2016.06.17 17:01:03.083,12.90489,12.90841,0.00,0.00
2016.06.17 17:01:03.878,12.90489,12.90802,0.00,0.00
2016.06.17 17:01:04.435,12.9049,12.90802,0.00,0.00
2016.06.17 17:01:04.866,12.9049,12.9082,0.00,0.00
2016.06.17 17:01:04.967,12.90439,12.90761,0.00,0.00
2016.06.17 17:01:05.638,12.9044,12.9078,0.00,0.00
2016.06.17 17:01:05.689,12.9044,12.90762,0.00,0.00
2016.06.17 17:01:06.569,12.90389,12.90741,0.00,0.00
2016.06.17 17:01:06.670,12.90389,12.90722,0.00,0.00
2016.06.17 17:01:07.053,12.9039,12.9074,0.00,0.00
2016.06.17 17:01:07.593,12.9039,12.90721,0.00,0.00
2016.06.17 17:01:07.694,12.90389,12.90741,0.00,0.00
2016.06.17 17:01:07.998,12.9039,12.90731,0.00,0.00
2016.06.17 17:01:08.659,12.9039,12.9074,0.00,0.00
2016.06.17 17:01:09.197,12.90389,12.90721,0.00,0.00
2016.06.17 17:01:09.976,12.9039,12.90721,0.00,0.00
2016.06.17 17:01:10.199,12.90389,12.90741,0.00,0.00
2016.06.17 17:01:11.321,12.9039,12.9074,0.00,0.00
2016.06.17 17:01:11.943,12.90389,12.90741,0.00,0.00
2016.06.17 17:01:14.763,12.9039,12.9074,0.00,0.00
2016.06.17 17:01:15.265,12.90389,12.90741,0.00,0.00
2016.06.17 17:01:16.026,12.90389,12.9074,0.00,0.00
2016.06.17 17:01:16.586,12.90484,12.90782,0.00,0.00
2016.06.17 17:01:16.687,12.90485,12.9081,0.00,0.00
2016.06.17 17:01:16.767,12.90485,12.90832,0.00,0.00
2016.06.17 17:01:16.818,12.90485,12.90841,0.00,0.00
2016.06.17 17:01:17.218,12.90485,12.90831,0.00,0.00
2016.06.17 17:01:17.681,12.90485,12.90821,0.00,0.00
2016.06.17 17:01:18.022,12.90485,12.90811,0.00,0.00
2016.06.17 17:01:18.480,12.90489,12.90821,0.00,0.00
2016.06.17 17:01:18.531,12.90489,12.90812,0.00,0.00
2016.06.17 17:01:18.582,12.90489,12.90821,0.00,0.00
2016.06.17 17:01:19.188,12.9049,12.9082,0.00,0.00
2016.06.17 17:01:19.239,12.90489,12.90811,0.00,0.00
2016.06.17 17:01:19.586,12.90489,12.90821,0.00,0.00
2016.06.17 17:01:19.898,12.90489,12.90812,0.00,0.00
2016.06.17 17:01:20.492,12.9049,12.90812,0.00,0.00
2016.06.17 17:01:21.221,12.90489,12.90821,0.00,0.00
2016.06.17 17:01:22.182,12.9049,12.9082,0.00,0.00
2016.06.17 17:01:22.334,12.9049,12.90811,0.00,0.00
2016.06.17 17:01:22.835,12.90489,12.90811,0.00,0.00
2016.06.17 17:01:23.034,12.9049,12.9082,0.00,0.00
2016.06.17 17:01:23.447,12.90489,12.90812,0.00,0.00
2016.06.17 17:01:23.813,12.90439,12.90761,0.00,0.00
2016.06.17 17:01:24.699,12.90389,12.90741,0.00,0.00
2016.06.17 17:01:24.750,12.90389,12.90731,0.00,0.00
2016.06.17 17:01:26.034,12.90389,12.90741,0.00,0.00
2016.06.17 17:01:26.599,12.9039,12.9074,0.00,0.00
2016.06.17 17:01:26.649,12.9039,12.90732,0.00,0.00
2016.06.17 17:01:27.558,12.9039,12.9074,0.00,0.00
2016.06.17 17:01:28.297,12.90389,12.90741,0.00,0.00
2016.06.17 17:01:28.748,12.90479,12.90762,0.00,0.00
2016.06.17 17:01:28.849,12.90489,12.90811,0.00,0.00
2016.06.17 17:01:28.900,12.90489,12.90841,0.00,0.00
2016.06.17 17:01:30.653,12.90489,12.90832,0.00,0.00
2016.06.17 17:01:31.008,12.90489,12.90791,0.00,0.00
2016.06.17 17:01:31.204,12.90439,12.90781,0.00,0.00
2016.06.17 17:01:32.277,12.9049,12.90811,0.00,0.00
2016.06.17 17:01:32.379,12.90489,12.90821,0.00,0.00
2016.06.17 17:01:32.880,12.9049,12.9082,0.00,0.00
2016.06.17 17:01:33.597,12.90489,12.90821,0.00,0.00
2016.06.17 17:01:34.270,12.90519,12.90821,0.00,0.00
2016.06.17 17:01:34.424,12.90529,12.90871,0.00,0.00
2016.06.17 17:01:34.525,12.90539,12.90931,0.00,0.00
2016.06.17 17:01:35.069,12.90538,12.90932,0.00,0.00
2016.06.17 17:01:35.271,12.90558,12.9094,0.00,0.00
2016.06.17 17:01:35.372,12.9053,12.90922,0.00,0.00
2016.06.17 17:01:35.473,12.90619,12.90951,0.00,0.00
2016.06.17 17:01:35.528,12.9057,12.9094,0.00,0.00
2016.06.17 17:01:35.730,12.9057,12.9093,0.00,0.00
2016.06.17 17:01:36.032,12.90569,12.90901,0.00,0.00
2016.06.17 17:01:36.082,12.90569,12.90931,0.00,0.00
2016.06.17 17:01:36.421,12.90538,12.90932,0.00,0.00
2016.06.17 17:01:36.578,12.90529,12.90922,0.00,0.00
2016.06.17 17:01:37.164,12.90529,12.90902,0.00,0.00
2016.06.17 17:01:37.476,12.9053,12.90921,0.00,0.00
2016.06.17 17:01:37.581,12.9053,12.90902,0.00,0.00
2016.06.17 17:01:38.010,12.9053,12.90922,0.00,0.00
2016.06.17 17:01:38.527,12.90529,12.90922,0.00,0.00
2016.06.17 17:01:38.578,12.90529,12.90901,0.00,0.00
2016.06.17 17:01:38.878,12.90529,12.90911,0.00,0.00
2016.06.17 17:01:39.178,12.9053,12.90922,0.00,0.00
2016.06.17 17:01:39.234,12.90569,12.90922,0.00,0.00
2016.06.17 17:01:39.285,12.90569,12.90941,0.00,0.00
2016.06.17 17:01:39.386,12.90549,12.9094,0.00,0.00
2016.06.17 17:01:39.486,12.90559,12.9094,0.00,0.00
2016.06.17 17:01:39.797,12.9054,12.90932,0.00,0.00
2016.06.17 17:01:40.095,12.90539,12.90921,0.00,0.00
2016.06.17 17:01:40.145,12.90529,12.90921,0.00,0.00
2016.06.17 17:01:40.196,12.90529,12.90902,0.00,0.00
2016.06.17 17:01:40.734,12.90529,12.90901,0.00,0.00
2016.06.17 17:01:41.035,12.90529,12.90892,0.00,0.00
2016.06.17 17:01:41.743,12.9053,12.90892,0.00,0.00
2016.06.17 17:01:42.049,12.90529,12.90881,0.00,0.00
2016.06.17 17:01:42.298,12.90529,12.90911,0.00,0.00
2016.06.17 17:01:42.500,12.90549,12.9092,0.00,0.00
2016.06.17 17:01:42.600,12.90539,12.9092,0.00,0.00
2016.06.17 17:01:43.577,12.9053,12.90892,0.00,0.00
2016.06.17 17:01:44.402,12.9053,12.9091,0.00,0.00
2016.06.17 17:01:44.453,12.9053,12.9092,0.00,0.00
2016.06.17 17:01:44.697,12.9053,12.90911,0.00,0.00
2016.06.17 17:01:45.600,12.9053,12.9092,0.00,0.00
2016.06.17 17:01:45.903,12.90538,12.9092,0.00,0.00
2016.06.17 17:01:45.954,12.90538,12.90932,0.00,0.00
2016.06.17 17:01:46.015,12.90548,12.90941,0.00,0.00
2016.06.17 17:01:46.353,12.90569,12.90941,0.00,0.00
2016.06.17 17:01:47.006,12.90569,12.90921,0.00,0.00
2016.06.17 17:01:47.056,12.90529,12.90921,0.00,0.00
2016.06.17 17:01:47.398,12.90529,12.90912,0.00,0.00
2016.06.17 17:01:47.726,12.9053,12.90891,0.00,0.00
2016.06.17 17:01:48.123,12.90529,12.90921,0.00,0.00
2016.06.17 17:01:48.174,12.9053,12.90892,0.00,0.00
2016.06.17 17:01:48.308,12.90529,12.90922,0.00,0.00
2016.06.17 17:01:48.409,12.9053,12.90912,0.00,0.00
2016.06.17 17:01:48.672,12.9053,12.90922,0.00,0.00
2016.06.17 17:01:49.210,12.90529,12.90902,0.00,0.00
2016.06.17 17:01:49.611,12.90538,12.90932,0.00,0.00
2016.06.17 17:01:50.513,12.90548,12.9094,0.00,0.00
2016.06.17 17:01:50.855,12.90639,12.9094,0.00,0.00
2016.06.17 17:01:50.906,12.9069,12.9101,0.00,0.00
2016.06.17 17:01:50.964,12.9069,12.91031,0.00,0.00
2016.06.17 17:01:51.315,12.90689,12.91021,0.00,0.00
2016.06.17 17:01:51.616,12.90689,12.91001,0.00,0.00
2016.06.17 17:01:52.218,12.9069,12.9102,0.00,0.00
2016.06.17 17:01:52.286,12.907,12.91012,0.00,0.00
2016.06.17 17:01:52.418,12.90699,12.91021,0.00,0.00
2016.06.17 17:01:52.469,12.90689,12.91021,0.00,0.00
2016.06.17 17:01:52.668,12.9069,12.9101,0.00,0.00
2016.06.17 17:01:53.028,12.90689,12.90992,0.00,0.00
2016.06.17 17:01:53.280,12.90689,12.91011,0.00,0.00
2016.06.17 17:01:54.102,12.9069,12.9101,0.00,0.00
2016.06.17 17:01:54.153,12.9069,12.9103,0.00,0.00
2016.06.17 17:01:54.722,12.90689,12.91022,0.00,0.00
2016.06.17 17:01:55.073,12.90689,12.90981,0.00,0.00
2016.06.17 17:01:55.273,12.90689,12.91001,0.00,0.00
2016.06.17 17:01:56.074,12.9069,12.91,0.00,0.00
2016.06.17 17:01:56.475,12.90689,12.91011,0.00,0.00
2016.06.17 17:01:56.877,12.90689,12.91022,0.00,0.00
2016.06.17 17:01:57.287,12.90689,12.91002,0.00,0.00
2016.06.17 17:01:57.882,12.90689,12.90981,0.00,0.00
2016.06.17 17:01:58.227,12.90689,12.91001,0.00,0.00
2016.06.17 17:01:58.828,12.9069,12.91032,0.00,0.00
2016.06.17 17:01:58.929,12.90739,12.91052,0.00,0.00
2016.06.17 17:01:59.131,12.9079,12.91111,0.00,0.00
2016.06.17 17:01:59.234,12.9079,12.91092,0.00,0.00
2016.06.17 17:01:59.334,12.9079,12.91101,0.00,0.00
2016.06.17 17:01:59.797,12.90789,12.91091,0.00,0.00
2016.06.17 17:01:59.892,12.90789,12.91111,0.00,0.00
2016.06.17 17:02:00.031,12.9079,12.91102,0.00,0.00
2016.06.17 17:02:00.632,12.9079,12.91091,0.00,0.00
2016.06.17 17:02:00.693,12.9079,12.91102,0.00,0.00
2016.06.17 17:02:00.794,12.90789,12.91112,0.00,0.00
2016.06.17 17:02:01.038,12.90789,12.91131,0.00,0.00
2016.06.17 17:02:01.139,12.90789,12.91121,0.00,0.00
2016.06.17 17:02:01.625,12.90789,12.91091,0.00,0.00
2016.06.17 17:02:01.675,12.90789,12.91112,0.00,0.00
2016.06.17 17:02:01.726,12.90789,12.91121,0.00,0.00
2016.06.17 17:02:01.834,12.90789,12.91131,0.00,0.00
2016.06.17 17:02:01.890,12.9079,12.9114,0.00,0.00
2016.06.17 17:02:01.941,12.9079,12.91132,0.00,0.00
2016.06.17 17:02:02.285,12.90789,12.91122,0.00,0.00
2016.06.17 17:02:02.442,12.90789,12.91132,0.00,0.00
2016.06.17 17:02:02.492,12.90799,12.91132,0.00,0.00
2016.06.17 17:02:02.793,12.908,12.91111,0.00,0.00
2016.06.17 17:02:03.202,12.90799,12.91122,0.00,0.00
2016.06.17 17:02:03.746,12.908,12.91112,0.00,0.00
2016.06.17 17:02:03.847,12.908,12.91131,0.00,0.00
2016.06.17 17:02:04.338,12.90789,12.91141,0.00,0.00
2016.06.17 17:02:05.040,12.9079,12.9114,0.00,0.00
2016.06.17 17:02:05.240,12.90789,12.91121,0.00,0.00
2016.06.17 17:02:06.342,12.90789,12.91141,0.00,0.00
2016.06.17 17:02:07.544,12.90789,12.91131,0.00,0.00
2016.06.17 17:02:08.018,12.90789,12.91141,0.00,0.00
2016.06.17 17:02:08.119,12.9084,12.9115,0.00,0.00
2016.06.17 17:02:08.220,12.9079,12.9115,0.00,0.00
2016.06.17 17:02:08.308,12.9079,12.91131,0.00,0.00
2016.06.17 17:02:08.731,12.9079,12.91122,0.00,0.00
2016.06.17 17:02:09.110,12.9079,12.91131,0.00,0.00
2016.06.17 17:02:09.246,12.908,12.91112,0.00,0.00
2016.06.17 17:02:09.747,12.908,12.91122,0.00,0.00
2016.06.17 17:02:10.147,12.908,12.91112,0.00,0.00
2016.06.17 17:02:10.261,12.90789,12.91102,0.00,0.00
2016.06.17 17:02:10.448,12.90789,12.91131,0.00,0.00
2016.06.17 17:02:10.787,12.90789,12.91102,0.00,0.00
2016.06.17 17:02:10.839,12.9079,12.91132,0.00,0.00
2016.06.17 17:02:11.013,12.9079,12.91102,0.00,0.00
2016.06.17 17:02:11.444,12.90789,12.91092,0.00,0.00
2016.06.17 17:02:11.514,12.90789,12.91102,0.00,0.00
2016.06.17 17:02:12.105,12.9079,12.91102,0.00,0.00
2016.06.17 17:02:12.515,12.9079,12.9111,0.00,0.00
2016.06.17 17:02:12.845,12.90789,12.91101,0.00,0.00
2016.06.17 17:02:13.116,12.90789,12.91122,0.00,0.00
2016.06.17 17:02:14.117,12.90789,12.91102,0.00,0.00
2016.06.17 17:02:14.818,12.9079,12.91102,0.00,0.00
2016.06.17 17:02:15.199,12.90789,12.91112,0.00,0.00
2016.06.17 17:02:15.478,12.9079,12.91131,0.00,0.00
2016.06.17 17:02:16.220,12.9079,12.91122,0.00,0.00
2016.06.17 17:02:16.540,12.90789,12.91101,0.00,0.00
2016.06.17 17:02:16.621,12.90789,12.91121,0.00,0.00
2016.06.17 17:02:17.268,12.90789,12.91122,0.00,0.00
2016.06.17 17:02:17.422,12.90789,12.91141,0.00,0.00
2016.06.17 17:02:18.125,12.90789,12.91132,0.00,0.00
2016.06.17 17:02:18.326,12.90789,12.91141,0.00,0.00
2016.06.17 17:02:18.735,12.9089,12.912,0.00,0.00
2016.06.17 17:02:19.343,12.90889,12.91201,0.00,0.00
2016.06.17 17:02:19.943,12.9089,12.9118,0.00,0.00
2016.06.17 17:02:19.995,12.9089,12.912,0.00,0.00
2016.06.17 17:02:20.597,12.90889,12.91201,0.00,0.00
2016.06.17 17:02:21.394,12.90889,12.91168,0.00,0.00
2016.06.17 17:02:21.495,12.90799,12.91141,0.00,0.00
2016.06.17 17:02:21.545,12.90789,12.91121,0.00,0.00
2016.06.17 17:02:21.762,12.90789,12.91141,0.00,0.00
2016.06.17 17:02:21.867,12.9079,12.91132,0.00,0.00
2016.06.17 17:02:22.248,12.90789,12.91112,0.00,0.00
2016.06.17 17:02:22.299,12.90789,12.91132,0.00,0.00
2016.06.17 17:02:22.540,12.90789,12.91141,0.00,0.00
2016.06.17 17:02:22.641,12.9079,12.91112,0.00,0.00
2016.06.17 17:02:23.148,12.9079,12.9114,0.00,0.00
2016.06.17 17:02:23.370,12.9079,12.91132,0.00,0.00
2016.06.17 17:02:23.742,12.90789,12.91112,0.00,0.00
2016.06.17 17:02:24.721,12.9079,12.91112,0.00,0.00
2016.06.17 17:02:24.772,12.9079,12.91131,0.00,0.00
2016.06.17 17:02:25.331,12.90789,12.91131,0.00,0.00
2016.06.17 17:02:25.793,12.9079,12.91122,0.00,0.00
2016.06.17 17:02:26.143,12.90789,12.91141,0.00,0.00
2016.06.17 17:02:26.614,12.9084,12.9115,0.00,0.00
2016.06.17 17:02:26.890,12.90789,12.91141,0.00,0.00
2016.06.17 17:02:27.051,12.90789,12.91111,0.00,0.00
2016.06.17 17:02:27.253,12.9079,12.91121,0.00,0.00
2016.06.17 17:02:27.452,12.9079,12.9114,0.00,0.00
2016.06.17 17:02:28.454,12.9079,12.91112,0.00,0.00
2016.06.17 17:02:28.656,12.90789,12.91122,0.00,0.00
2016.06.17 17:02:28.754,12.90789,12.91102,0.00,0.00
2016.06.17 17:02:28.955,12.90789,12.91112,0.00,0.00
2016.06.17 17:02:29.813,12.9079,12.91112,0.00,0.00
2016.06.17 17:02:30.097,12.90789,12.91132,0.00,0.00
2016.06.17 17:02:30.199,12.90789,12.91141,0.00,0.00
2016.06.17 17:02:30.611,12.90789,12.91061,0.00,0.00
2016.06.17 17:02:30.712,12.9079,12.9108,0.00,0.00
2016.06.17 17:02:30.813,12.90789,12.91102,0.00,0.00
2016.06.17 17:02:30.962,12.9079,12.9114,0.00,0.00
2016.06.17 17:02:31.400,12.9079,12.91112,0.00,0.00
2016.06.17 17:02:31.766,12.90789,12.91122,0.00,0.00
2016.06.17 17:02:32.685,12.90789,12.91111,0.00,0.00
2016.06.17 17:02:32.736,12.9079,12.91121,0.00,0.00
2016.06.17 17:02:32.787,12.9079,12.91102,0.00,0.00
2016.06.17 17:02:33.157,12.90789,12.91122,0.00,0.00
2016.06.17 17:02:33.208,12.90789,12.91111,0.00,0.00
2016.06.17 17:02:33.572,12.90789,12.91121,0.00,0.00
2016.06.17 17:02:33.664,12.90789,12.91131,0.00,0.00
2016.06.17 17:02:34.074,12.9079,12.91122,0.00,0.00
2016.06.17 17:02:34.175,12.9079,12.9114,0.00,0.00
2016.06.17 17:02:34.225,12.9084,12.91141,0.00,0.00
2016.06.17 17:02:34.276,12.9084,12.9115,0.00,0.00
2016.06.17 17:02:34.779,12.90839,12.91151,0.00,0.00
2016.06.17 17:02:35.300,12.9084,12.9115,0.00,0.00
2016.06.17 17:02:35.455,12.90789,12.91141,0.00,0.00
2016.06.17 17:02:35.606,12.90789,12.91122,0.00,0.00
2016.06.17 17:02:35.949,12.90839,12.91112,0.00,0.00
2016.06.17 17:02:36.007,12.90839,12.91131,0.00,0.00
2016.06.17 17:02:36.112,12.90839,12.91151,0.00,0.00
2016.06.17 17:02:36.162,12.9089,12.91172,0.00,0.00
2016.06.17 17:02:36.543,12.90889,12.91181,0.00,0.00
2016.06.17 17:02:37.084,12.9089,12.9118,0.00,0.00
2016.06.17 17:02:37.670,12.90889,12.91181,0.00,0.00
2016.06.17 17:02:39.037,12.9089,12.9118,0.00,0.00
2016.06.17 17:02:39.738,12.90889,12.91181,0.00,0.00
2016.06.17 17:02:40.335,12.9089,12.9118,0.00,0.00
2016.06.17 17:02:40.841,12.90889,12.91201,0.00,0.00
2016.06.17 17:02:41.043,12.9089,12.9116,0.00,0.00
2016.06.17 17:02:41.144,12.9089,12.912,0.00,0.00
2016.06.17 17:02:41.877,12.90889,12.91201,0.00,0.00
2016.06.17 17:02:42.645,12.9089,12.912,0.00,0.00
2016.06.17 17:02:43.246,12.90889,12.91201,0.00,0.00
2016.06.17 17:02:43.748,12.9089,12.912,0.00,0.00
2016.06.17 17:02:44.475,12.90829,12.91151,0.00,0.00
2016.06.17 17:02:44.576,12.90839,12.91151,0.00,0.00
2016.06.17 17:02:45.233,12.9084,12.91121,0.00,0.00
2016.06.17 17:02:45.284,12.9079,12.91121,0.00,0.00
2016.06.17 17:02:45.603,12.90789,12.91141,0.00,0.00
2016.06.17 17:02:45.694,12.90789,12.91132,0.00,0.00
2016.06.17 17:02:46.029,12.9079,12.91122,0.00,0.00
2016.06.17 17:02:46.131,12.9079,12.9114,0.00,0.00
2016.06.17 17:02:46.232,12.9079,12.91122,0.00,0.00
2016.06.17 17:02:46.902,12.9079,12.9114,0.00,0.00
2016.06.17 17:02:47.331,12.9079,12.91132,0.00,0.00
2016.06.17 17:02:47.670,12.9079,12.91122,0.00,0.00
2016.06.17 17:02:48.208,12.9079,12.91132,0.00,0.00
2016.06.17 17:02:48.309,12.90789,12.91122,0.00,0.00
2016.06.17 17:02:49.484,12.90789,12.91061,0.00,0.00
2016.06.17 17:02:49.805,12.90739,12.91081,0.00,0.00
2016.06.17 17:02:50.314,12.9074,12.91078,0.00,0.00
2016.06.17 17:02:50.529,12.9074,12.9111,0.00,0.00
2016.06.17 17:02:50.580,12.90789,12.91119,0.00,0.00
2016.06.17 17:02:50.901,12.90889,12.91121,0.00,0.00
2016.06.17 17:02:50.951,12.90889,12.91181,0.00,0.00
2016.06.17 17:02:51.466,12.9089,12.9118,0.00,0.00
2016.06.17 17:02:51.967,12.90889,12.91181,0.00,0.00
2016.06.17 17:02:52.459,12.90889,12.91191,0.00,0.00
2016.06.17 17:02:52.510,12.90949,12.91201,0.00,0.00
2016.06.17 17:02:52.560,12.90949,12.91262,0.00,0.00
2016.06.17 17:02:52.611,12.9099,12.91262,0.00,0.00
2016.06.17 17:02:52.662,12.9099,12.9134,0.00,0.00
2016.06.17 17:02:52.763,12.90989,12.91311,0.00,0.00
2016.06.17 17:02:52.917,12.9099,12.91331,0.00,0.00
2016.06.17 17:02:53.526,12.90989,12.91341,0.00,0.00
2016.06.17 17:02:53.677,12.91039,12.91341,0.00,0.00
2016.06.17 17:02:53.728,12.91039,12.91352,0.00,0.00
2016.06.17 17:02:53.779,12.9109,12.91352,0.00,0.00
2016.06.17 17:02:53.829,12.9109,12.91411,0.00,0.00
2016.06.17 17:02:53.880,12.9109,12.9136,0.00,0.00
2016.06.17 17:02:54.261,12.9109,12.9144,0.00,0.00
2016.06.17 17:02:54.312,12.91129,12.91451,0.00,0.00
2016.06.17 17:02:54.413,12.9109,12.9144,0.00,0.00
2016.06.17 17:02:54.564,12.91089,12.91421,0.00,0.00
2016.06.17 17:02:55.043,12.9109,12.9144,0.00,0.00
2016.06.17 17:02:55.094,12.9112,12.9145,0.00,0.00
2016.06.17 17:02:55.296,12.91089,12.91422,0.00,0.00
2016.06.17 17:02:56.437,12.91089,12.91451,0.00,0.00
2016.06.17 17:02:56.488,12.91189,12.91451,0.00,0.00
2016.06.17 17:02:56.639,12.91189,12.91521,0.00,0.00
2016.06.17 17:02:56.790,12.91189,12.91451,0.00,0.00
2016.06.17 17:02:56.891,12.91121,12.91451,0.00,0.00
2016.06.17 17:02:56.942,12.91121,12.91431,0.00,0.00
2016.06.17 17:02:57.228,12.91089,12.91431,0.00,0.00
2016.06.17 17:02:57.927,12.91089,12.91441,0.00,0.00
2016.06.17 17:02:59.032,12.91089,12.91431,0.00,0.00
2016.06.17 17:02:59.335,12.9119,12.9146,0.00,0.00
2016.06.17 17:02:59.385,12.91189,12.91511,0.00,0.00
2016.06.17 17:02:59.486,12.9119,12.91521,0.00,0.00
2016.06.17 17:02:59.537,12.9119,12.91532,0.00,0.00
2016.06.17 17:03:00.414,12.9119,12.91511,0.00,0.00
2016.06.17 17:03:00.464,12.9119,12.91532,0.00,0.00
2016.06.17 17:03:00.566,12.91189,12.91541,0.00,0.00
2016.06.17 17:03:00.667,12.91189,12.91522,0.00,0.00
2016.06.17 17:03:00.974,12.91189,12.91499,0.00,0.00
2016.06.17 17:03:01.025,12.91119,12.91441,0.00,0.00
2016.06.17 17:03:01.076,12.91148,12.91441,0.00,0.00
2016.06.17 17:03:01.177,12.91089,12.91441,0.00,0.00
2016.06.17 17:03:01.279,12.9109,12.91431,0.00,0.00
2016.06.17 17:03:01.481,12.9109,12.9144,0.00,0.00
2016.06.17 17:03:02.002,12.91059,12.9135,0.00,0.00
2016.06.17 17:03:02.053,12.9104,12.9135,0.00,0.00
2016.06.17 17:03:02.104,12.91038,12.91351,0.00,0.00
2016.06.17 17:03:02.155,12.91022,12.91351,0.00,0.00
2016.06.17 17:03:02.205,12.91022,12.91341,0.00,0.00
2016.06.17 17:03:02.357,12.90989,12.91322,0.00,0.00
2016.06.17 17:03:03.222,12.9099,12.91322,0.00,0.00
2016.06.17 17:03:03.273,12.9099,12.9134,0.00,0.00
2016.06.17 17:03:03.617,12.90999,12.91341,0.00,0.00
2016.06.17 17:03:03.718,12.90989,12.91341,0.00,0.00
2016.06.17 17:03:04.239,12.9099,12.9134,0.00,0.00
2016.06.17 17:03:04.783,12.90989,12.91331,0.00,0.00
2016.06.17 17:03:05.096,12.91,12.91331,0.00,0.00
2016.06.17 17:03:05.146,12.91,12.9134,0.00,0.00
2016.06.17 17:03:05.296,12.90989,12.91341,0.00,0.00
2016.06.17 17:03:07.301,12.9099,12.9134,0.00,0.00
2016.06.17 17:03:07.652,12.9103,12.9136,0.00,0.00
2016.06.17 17:03:07.703,12.91029,12.91381,0.00,0.00
2016.06.17 17:03:08.106,12.9104,12.9134,0.00,0.00
2016.06.17 17:03:08.207,12.91022,12.91341,0.00,0.00
2016.06.17 17:03:08.308,12.90989,12.91332,0.00,0.00
2016.06.17 17:03:08.454,12.90989,12.91341,0.00,0.00
2016.06.17 17:03:08.648,12.9099,12.91332,0.00,0.00
2016.06.17 17:03:08.955,12.9099,12.9134,0.00,0.00
2016.06.17 17:03:09.264,12.9099,12.91332,0.00,0.00
2016.06.17 17:03:09.366,12.90989,12.91341,0.00,0.00
2016.06.17 17:03:09.907,12.9099,12.9134,0.00,0.00
2016.06.17 17:03:10.059,12.91018,12.91341,0.00,0.00
2016.06.17 17:03:10.210,12.91119,12.91451,0.00,0.00
2016.06.17 17:03:10.311,12.9114,12.9145,0.00,0.00
2016.06.17 17:03:10.618,12.91089,12.91441,0.00,0.00
2016.06.17 17:03:10.669,12.91089,12.91432,0.00,0.00
2016.06.17 17:03:11.448,12.9109,12.91422,0.00,0.00
2016.06.17 17:03:11.498,12.91089,12.91441,0.00,0.00
2016.06.17 17:03:11.982,12.9109,12.91418,0.00,0.00
2016.06.17 17:03:12.083,12.91008,12.91351,0.00,0.00
2016.06.17 17:03:12.133,12.91008,12.9134,0.00,0.00
2016.06.17 17:03:12.184,12.9099,12.9134,0.00,0.00
2016.06.17 17:03:12.974,12.91049,12.9134,0.00,0.00
2016.06.17 17:03:13.025,12.91089,12.91431,0.00,0.00
2016.06.17 17:03:13.416,12.91089,12.91441,0.00,0.00
2016.06.17 17:03:13.567,12.91089,12.91421,0.00,0.00
2016.06.17 17:03:13.917,12.9104,12.9135,0.00,0.00
2016.06.17 17:03:14.125,12.9099,12.9135,0.00,0.00
2016.06.17 17:03:14.175,12.91018,12.9135,0.00,0.00
2016.06.17 17:03:14.518,12.9109,12.91352,0.00,0.00
2016.06.17 17:03:14.569,12.91089,12.91441,0.00,0.00
2016.06.17 17:03:15.180,12.9109,12.9144,0.00,0.00
2016.06.17 17:03:16.622,12.91089,12.91441,0.00,0.00
2016.06.17 17:03:17.257,12.91039,12.91351,0.00,0.00
2016.06.17 17:03:17.459,12.90989,12.91351,0.00,0.00
2016.06.17 17:03:17.631,12.90989,12.91341,0.00,0.00
2016.06.17 17:03:18.201,12.9099,12.9134,0.00,0.00
2016.06.17 17:03:19.049,12.90989,12.91341,0.00,0.00
2016.06.17 17:03:19.379,12.9099,12.91309,0.00,0.00
2016.06.17 17:03:19.581,12.9089,12.91221,0.00,0.00
2016.06.17 17:03:19.682,12.9089,12.91212,0.00,0.00
2016.06.17 17:03:19.783,12.90889,12.91241,0.00,0.00
2016.06.17 17:03:19.883,12.90889,12.91232,0.00,0.00
2016.06.17 17:03:20.331,12.90889,12.91221,0.00,0.00
2016.06.17 17:03:20.905,12.90889,12.91211,0.00,0.00
2016.06.17 17:03:21.483,12.90889,12.91212,0.00,0.00
2016.06.17 17:03:21.834,12.90808,12.9114,0.00,0.00
2016.06.17 17:03:21.935,12.90789,12.91141,0.00,0.00
2016.06.17 17:03:22.287,12.9079,12.91132,0.00,0.00
2016.06.17 17:03:23.284,12.90799,12.91141,0.00,0.00
2016.06.17 17:03:23.357,12.9079,12.9114,0.00,0.00
2016.06.17 17:03:23.609,12.9079,12.91132,0.00,0.00
2016.06.17 17:03:23.930,12.90789,12.91122,0.00,0.00
2016.06.17 17:03:23.980,12.90789,12.91132,0.00,0.00
2016.06.17 17:03:24.091,12.9079,12.9114,0.00,0.00
2016.06.17 17:03:24.654,12.90789,12.91141,0.00,0.00
2016.06.17 17:03:25.257,12.9079,12.9114,0.00,0.00
2016.06.17 17:03:25.785,12.90789,12.91141,0.00,0.00
2016.06.17 17:03:26.445,12.9079,12.9114,0.00,0.00
2016.06.17 17:03:27.054,12.90789,12.91141,0.00,0.00
2016.06.17 17:03:29.102,12.9079,12.9114,0.00,0.00
2016.06.17 17:03:29.203,12.90829,12.91171,0.00,0.00
2016.06.17 17:03:29.309,12.90858,12.91241,0.00,0.00
2016.06.17 17:03:29.624,12.90878,12.91241,0.00,0.00
2016.06.17 17:03:29.725,12.90848,12.91241,0.00,0.00
2016.06.17 17:03:30.253,12.90848,12.9124,0.00,0.00
2016.06.17 17:03:30.411,12.90838,12.91232,0.00,0.00
2016.06.17 17:03:30.495,12.90849,12.91241,0.00,0.00
2016.06.17 17:03:31.063,12.90849,12.9124,0.00,0.00
2016.06.17 17:03:31.455,12.90869,12.9124,0.00,0.00
2016.06.17 17:03:31.863,12.90849,12.91161,0.00,0.00
2016.06.17 17:03:31.914,12.90839,12.91161,0.00,0.00
2016.06.17 17:03:32.164,12.9084,12.91232,0.00,0.00
2016.06.17 17:03:32.216,12.9084,12.91212,0.00,0.00
2016.06.17 17:03:32.317,12.90839,12.91232,0.00,0.00
2016.06.17 17:03:32.418,12.90868,12.91241,0.00,0.00
2016.06.17 17:03:33.957,12.90859,12.9124,0.00,0.00
2016.06.17 17:03:34.565,12.90859,12.91241,0.00,0.00
2016.06.17 17:03:34.711,12.90868,12.91241,0.00,0.00
2016.06.17 17:03:35.061,12.90889,12.91241,0.00,0.00
2016.06.17 17:03:35.391,12.90989,12.91281,0.00,0.00
2016.06.17 17:03:35.442,12.90989,12.91331,0.00,0.00
2016.06.17 17:03:35.492,12.9099,12.9131,0.00,0.00
2016.06.17 17:03:35.593,12.9099,12.9134,0.00,0.00
2016.06.17 17:03:36.423,12.90989,12.91341,0.00,0.00
2016.06.17 17:03:37.108,12.90948,12.91251,0.00,0.00
2016.06.17 17:03:37.433,12.90889,12.91241,0.00,0.00
2016.06.17 17:03:37.816,12.90909,12.91241,0.00,0.00
2016.06.17 17:03:37.883,12.9089,12.9124,0.00,0.00
2016.06.17 17:03:37.933,12.90898,12.9124,0.00,0.00
2016.06.17 17:03:38.417,12.90889,12.91241,0.00,0.00
2016.06.17 17:03:38.511,12.90899,12.91241,0.00,0.00
2016.06.17 17:03:38.917,12.90889,12.91241,0.00,0.00
2016.06.17 17:03:39.136,12.90899,12.91241,0.00,0.00
2016.06.17 17:03:39.487,12.90889,12.91241,0.00,0.00
2016.06.17 17:03:39.639,12.90898,12.9124,0.00,0.00
2016.06.17 17:03:39.791,12.9089,12.9124,0.00,0.00
2016.06.17 17:03:39.841,12.9089,12.91232,0.00,0.00
2016.06.17 17:03:39.915,12.9089,12.9124,0.00,0.00
2016.06.17 17:03:40.470,12.90889,12.91241,0.00,0.00
2016.06.17 17:03:40.521,12.9089,12.91231,0.00,0.00
2016.06.17 17:03:41.141,12.90889,12.91241,0.00,0.00
2016.06.17 17:03:41.746,12.90889,12.91231,0.00,0.00
2016.06.17 17:03:41.847,12.90889,12.91241,0.00,0.00
2016.06.17 17:03:42.145,12.9089,12.9123,0.00,0.00
2016.06.17 17:03:42.697,12.90889,12.91241,0.00,0.00
2016.06.17 17:03:43.251,12.90889,12.91231,0.00,0.00
2016.06.17 17:03:43.926,12.9089,12.9124,0.00,0.00
2016.06.17 17:03:44.327,12.90889,12.91231,0.00,0.00
2016.06.17 17:03:45.003,12.9089,12.91221,0.00,0.00
2016.06.17 17:03:45.459,12.90889,12.91231,0.00,0.00
2016.06.17 17:03:46.312,12.9089,12.91231,0.00,0.00
2016.06.17 17:03:46.803,12.9079,12.91132,0.00,0.00
2016.06.17 17:03:46.854,12.90789,12.91141,0.00,0.00
2016.06.17 17:03:46.964,12.9079,12.91132,0.00,0.00
2016.06.17 17:03:47.667,12.9079,12.9114,0.00,0.00
2016.06.17 17:03:47.769,12.90789,12.91122,0.00,0.00
2016.06.17 17:03:48.521,12.9079,12.91122,0.00,0.00
2016.06.17 17:03:49.536,12.90789,12.91061,0.00,0.00
2016.06.17 17:03:49.642,12.9079,12.9113,0.00,0.00
2016.06.17 17:03:49.724,12.9079,12.9112,0.00,0.00
2016.06.17 17:03:50.082,12.9079,12.91012,0.00,0.00
2016.06.17 17:03:50.157,12.9069,12.90982,0.00,0.00
2016.06.17 17:03:50.239,12.9069,12.90992,0.00,0.00
2016.06.17 17:03:50.440,12.90709,12.91001,0.00,0.00
2016.06.17 17:03:50.579,12.9071,12.9104,0.00,0.00
2016.06.17 17:03:50.680,12.9069,12.9104,0.00,0.00
2016.06.17 17:03:51.394,12.90689,12.91041,0.00,0.00
2016.06.17 17:03:51.906,12.9069,12.9104,0.00,0.00
2016.06.17 17:03:53.038,12.90689,12.91041,0.00,0.00
2016.06.17 17:03:53.946,12.90689,12.91022,0.00,0.00
2016.06.17 17:03:54.255,12.90689,12.91032,0.00,0.00
2016.06.17 17:03:54.393,12.9069,12.91021,0.00,0.00
2016.06.17 17:03:54.587,12.90689,12.91032,0.00,0.00
2016.06.17 17:03:55.288,12.90718,12.91032,0.00,0.00
2016.06.17 17:03:56.031,12.90729,12.91111,0.00,0.00
2016.06.17 17:03:56.299,12.90739,12.91131,0.00,0.00
2016.06.17 17:03:56.350,12.90748,12.9114,0.00,0.00
2016.06.17 17:03:56.701,12.90779,12.91141,0.00,0.00
2016.06.17 17:03:56.851,12.90739,12.91131,0.00,0.00
2016.06.17 17:03:56.952,12.90729,12.91112,0.00,0.00
2016.06.17 17:03:57.152,12.90739,12.91131,0.00,0.00
2016.06.17 17:03:57.253,12.90749,12.9114,0.00,0.00
2016.06.17 17:03:57.753,12.90729,12.91112,0.00,0.00
2016.06.17 17:03:58.103,12.9073,12.9106,0.00,0.00
2016.06.17 17:03:58.205,12.90729,12.91121,0.00,0.00
2016.06.17 17:03:58.256,12.90759,12.91131,0.00,0.00
2016.06.17 17:03:58.381,12.90729,12.91122,0.00,0.00
2016.06.17 17:03:58.455,12.90759,12.91131,0.00,0.00
2016.06.17 17:03:58.758,12.90759,12.91141,0.00,0.00
2016.06.17 17:03:59.151,12.90748,12.91141,0.00,0.00
2016.06.17 17:03:59.202,12.90759,12.91141,0.00,0.00
2016.06.17 17:03:59.457,12.90749,12.9114,0.00,0.00
2016.06.17 17:03:59.558,12.90778,12.9114,0.00,0.00
2016.06.17 17:04:00.144,12.90778,12.91141,0.00,0.00
2016.06.17 17:04:00.259,12.90768,12.91141,0.00,0.00
2016.06.17 17:04:00.619,12.90749,12.9114,0.00,0.00
2016.06.17 17:04:00.988,12.90889,12.91121,0.00,0.00
2016.06.17 17:04:01.089,12.9089,12.9124,0.00,0.00
2016.06.17 17:04:01.609,12.90889,12.91241,0.00,0.00
2016.06.17 17:04:02.369,12.9089,12.9124,0.00,0.00
2016.06.17 17:04:03.116,12.90889,12.91241,0.00,0.00
2016.06.17 17:04:03.776,12.9089,12.9124,0.00,0.00
2016.06.17 17:04:04.675,12.90889,12.91241,0.00,0.00
2016.06.17 17:04:05.446,12.9089,12.9124,0.00,0.00
2016.06.17 17:04:06.180,12.90889,12.91241,0.00,0.00
2016.06.17 17:04:08.486,12.9089,12.9124,0.00,0.00
2016.06.17 17:04:08.698,12.9089,12.91231,0.00,0.00
2016.06.17 17:04:09.099,12.9089,12.9124,0.00,0.00
2016.06.17 17:04:10.493,12.90889,12.91241,0.00,0.00
2016.06.17 17:04:10.594,12.9094,12.91281,0.00,0.00
2016.06.17 17:04:10.645,12.90948,12.9131,0.00,0.00
2016.06.17 17:04:10.696,12.9099,12.9134,0.00,0.00
2016.06.17 17:04:11.015,12.9099,12.91331,0.00,0.00
2016.06.17 17:04:11.128,12.9099,12.9134,0.00,0.00
2016.06.17 17:04:11.586,12.9099,12.91331,0.00,0.00
2016.06.17 17:04:11.908,12.9099,12.9132,0.00,0.00
2016.06.17 17:04:12.425,12.90989,12.91341,0.00,0.00
2016.06.17 17:04:13.021,12.90989,12.91332,0.00,0.00
2016.06.17 17:04:13.665,12.9099,12.9134,0.00,0.00
2016.06.17 17:04:14.206,12.90989,12.91341,0.00,0.00
2016.06.17 17:04:14.257,12.90989,12.91332,0.00,0.00
2016.06.17 17:04:15.004,12.9099,12.91332,0.00,0.00
2016.06.17 17:04:16.228,12.9099,12.91321,0.00,0.00
2016.06.17 17:04:16.730,12.9099,12.91332,0.00,0.00
2016.06.17 17:04:18.218,12.90989,12.91332,0.00,0.00
2016.06.17 17:04:18.269,12.90989,12.91341,0.00,0.00
2016.06.17 17:04:18.370,12.90989,12.91332,0.00,0.00
2016.06.17 17:04:18.763,12.9099,12.91322,0.00,0.00
2016.06.17 17:04:19.144,12.9099,12.9134,0.00,0.00
2016.06.17 17:04:20.056,12.90989,12.91341,0.00,0.00
2016.06.17 17:04:20.588,12.90989,12.91312,0.00,0.00
2016.06.17 17:04:20.740,12.9099,12.9134,0.00,0.00
2016.06.17 17:04:20.928,12.9104,12.9134,0.00,0.00
2016.06.17 17:04:21.029,12.9099,12.9134,0.00,0.00
2016.06.17 17:04:21.179,12.90989,12.91321,0.00,0.00
2016.06.17 17:04:21.813,12.9099,12.91321,0.00,0.00
2016.06.17 17:04:21.864,12.9099,12.9134,0.00,0.00
2016.06.17 17:04:21.982,12.9099,12.91331,0.00,0.00
2016.06.17 17:04:22.184,12.9099,12.9134,0.00,0.00
2016.06.17 17:04:22.335,12.90989,12.91281,0.00,0.00
2016.06.17 17:04:22.436,12.9099,12.91312,0.00,0.00
2016.06.17 17:04:22.785,12.9099,12.9133,0.00,0.00
2016.06.17 17:04:23.266,12.90989,12.91312,0.00,0.00
2016.06.17 17:04:23.929,12.9099,12.91312,0.00,0.00
2016.06.17 17:04:23.979,12.9099,12.91322,0.00,0.00
2016.06.17 17:04:24.090,12.90989,12.91311,0.00,0.00
2016.06.17 17:04:24.388,12.90989,12.91321,0.00,0.00
2016.06.17 17:04:24.491,12.9099,12.91311,0.00,0.00
2016.06.17 17:04:24.651,12.9099,12.91321,0.00,0.00
2016.06.17 17:04:24.793,12.90989,12.91341,0.00,0.00
2016.06.17 17:04:25.640,12.9099,12.9134,0.00,0.00
2016.06.17 17:04:26.246,12.90989,12.91341,0.00,0.00
2016.06.17 17:04:26.960,12.9099,12.9134,0.00,0.00
2016.06.17 17:04:27.085,12.9099,12.91321,0.00,0.00
2016.06.17 17:04:27.199,12.9099,12.9134,0.00,0.00
2016.06.17 17:04:27.499,12.90989,12.91332,0.00,0.00
2016.06.17 17:04:28.497,12.90989,12.91341,0.00,0.00
2016.06.17 17:04:28.891,12.9099,12.91331,0.00,0.00
2016.06.17 17:04:29.252,12.9099,12.91322,0.00,0.00
2016.06.17 17:04:29.302,12.9099,12.9134,0.00,0.00
2016.06.17 17:04:29.394,12.9099,12.91321,0.00,0.00
2016.06.17 17:04:29.695,12.9099,12.91331,0.00,0.00
2016.06.17 17:04:29.796,12.9099,12.9134,0.00,0.00
2016.06.17 17:04:30.004,12.90989,12.91332,0.00,0.00
2016.06.17 17:04:30.341,12.90989,12.91312,0.00,0.00
2016.06.17 17:04:30.599,12.90989,12.91321,0.00,0.00
2016.06.17 17:04:30.814,12.90989,12.91341,0.00,0.00
2016.06.17 17:04:30.915,12.90989,12.91282,0.00,0.00
2016.06.17 17:04:31.594,12.90989,12.91312,0.00,0.00
2016.06.17 17:04:32.017,12.90989,12.91332,0.00,0.00
2016.06.17 17:04:32.217,12.90989,12.91312,0.00,0.00
2016.06.17 17:04:32.318,12.9099,12.9134,0.00,0.00
2016.06.17 17:04:32.609,12.90989,12.91332,0.00,0.00
2016.06.17 17:04:33.224,12.9099,12.91312,0.00,0.00
2016.06.17 17:04:33.564,12.91021,12.9134,0.00,0.00
2016.06.17 17:04:33.615,12.91029,12.91351,0.00,0.00
2016.06.17 17:04:33.666,12.91029,12.91371,0.00,0.00
2016.06.17 17:04:33.767,12.91049,12.91441,0.00,0.00
2016.06.17 17:04:33.868,12.91039,12.91431,0.00,0.00
2016.06.17 17:04:34.220,12.91029,12.91382,0.00,0.00
2016.06.17 17:04:34.333,12.91029,12.91402,0.00,0.00
2016.06.17 17:04:35.479,12.91008,12.91351,0.00,0.00
2016.06.17 17:04:35.581,12.90989,12.91341,0.00,0.00
2016.06.17 17:04:35.638,12.90989,12.91332,0.00,0.00
2016.06.17 17:04:36.018,12.90989,12.91322,0.00,0.00
2016.06.17 17:04:36.069,12.9099,12.9134,0.00,0.00
2016.06.17 17:04:36.271,12.90989,12.91312,0.00,0.00
2016.06.17 17:04:37.226,12.9099,12.91312,0.00,0.00
2016.06.17 17:04:37.277,12.9099,12.91322,0.00,0.00
2016.06.17 17:04:37.827,12.90989,12.91322,0.00,0.00
2016.06.17 17:04:38.345,12.90989,12.91312,0.00,0.00
2016.06.17 17:04:39.430,12.90989,12.91331,0.00,0.00
2016.06.17 17:04:39.861,12.90989,12.91321,0.00,0.00
2016.06.17 17:04:40.379,12.90989,12.91312,0.00,0.00
2016.06.17 17:04:40.462,12.90989,12.91341,0.00,0.00
2016.06.17 17:04:40.563,12.9099,12.91321,0.00,0.00
2016.06.17 17:04:41.038,12.9099,12.91311,0.00,0.00
2016.06.17 17:04:41.383,12.90989,12.91282,0.00,0.00
2016.06.17 17:04:41.964,12.9099,12.91311,0.00,0.00
2016.06.17 17:04:42.065,12.9099,12.9134,0.00,0.00
2016.06.17 17:04:45.522,12.90989,12.91341,0.00,0.00
2016.06.17 17:04:46.205,12.9099,12.9134,0.00,0.00
2016.06.17 17:04:47.019,12.90989,12.91341,0.00,0.00
2016.06.17 17:04:48.138,12.9099,12.9134,0.00,0.00
2016.06.17 17:04:49.626,12.90989,12.91312,0.00,0.00
2016.06.17 17:04:50.413,12.9099,12.91312,0.00,0.00
2016.06.17 17:04:50.617,12.9099,12.9134,0.00,0.00
2016.06.17 17:04:51.259,12.90989,12.91341,0.00,0.00
2016.06.17 17:04:51.805,12.90989,12.91331,0.00,0.00
2016.06.17 17:04:51.884,12.90989,12.91341,0.00,0.00
2016.06.17 17:04:52.206,12.90989,12.91332,0.00,0.00
2016.06.17 17:04:52.307,12.90989,12.91341,0.00,0.00
2016.06.17 17:04:56.425,12.9099,12.9134,0.00,0.00
2016.06.17 17:04:57.465,12.90989,12.91341,0.00,0.00
2016.06.17 17:04:57.825,12.90989,12.91312,0.00,0.00
2016.06.17 17:04:58.193,12.90989,12.91322,0.00,0.00
2016.06.17 17:04:58.293,12.90989,12.91341,0.00,0.00
2016.06.17 17:04:58.507,12.90989,12.91321,0.00,0.00
2016.06.17 17:04:58.913,12.9099,12.91312,0.00,0.00
2016.06.17 17:04:59.286,12.9099,12.91281,0.00,0.00
2016.06.17 17:04:59.638,12.9099,12.91292,0.00,0.00
2016.06.17 17:05:00.232,12.90989,12.91292,0.00,0.00
2016.06.17 17:05:01.079,12.90989,12.91311,0.00,0.00
2016.06.17 17:05:01.130,12.90989,12.91341,0.00,0.00
2016.06.17 17:05:01.499,12.90989,12.91332,0.00,0.00
2016.06.17 17:05:01.940,12.9099,12.9132,0.00,0.00
2016.06.17 17:05:02.499,12.9099,12.9131,0.00,0.00
2016.06.17 17:05:02.642,12.9099,12.91312,0.00,0.00
2016.06.17 17:05:03.142,12.9099,12.91322,0.00,0.00
2016.06.17 17:05:03.442,12.9099,12.9133,0.00,0.00
2016.06.17 17:05:03.692,12.90989,12.91341,0.00,0.00
2016.06.17 17:05:03.843,12.9099,12.91312,0.00,0.00
2016.06.17 17:05:05.059,12.90989,12.91312,0.00,0.00
2016.06.17 17:05:06.269,12.9099,12.91312,0.00,0.00
2016.06.17 17:05:06.320,12.90989,12.91332,0.00,0.00
2016.06.17 17:05:06.978,12.90989,12.91321,0.00,0.00
2016.06.17 17:05:07.553,12.90989,12.91322,0.00,0.00
2016.06.17 17:05:08.534,12.90989,12.91331,0.00,0.00
2016.06.17 17:05:08.585,12.90989,12.91341,0.00,0.00
2016.06.17 17:05:09.149,12.9099,12.9134,0.00,0.00
2016.06.17 17:05:09.351,12.90989,12.91332,0.00,0.00
2016.06.17 17:05:09.800,12.90989,12.91341,0.00,0.00
2016.06.17 17:05:10.403,12.9099,12.91332,0.00,0.00
2016.06.17 17:05:10.752,12.91039,12.91342,0.00,0.00
2016.06.17 17:05:10.853,12.91089,12.91431,0.00,0.00
2016.06.17 17:05:12.064,12.9109,12.9144,0.00,0.00
2016.06.17 17:05:12.565,12.91089,12.91441,0.00,0.00
2016.06.17 17:05:13.005,12.9109,12.91432,0.00,0.00
2016.06.17 17:05:13.056,12.9109,12.9144,0.00,0.00
2016.06.17 17:05:13.566,12.91089,12.91441,0.00,0.00
2016.06.17 17:05:14.158,12.91089,12.91431,0.00,0.00
2016.06.17 17:05:14.569,12.91089,12.91441,0.00,0.00
2016.06.17 17:05:15.161,12.9109,12.9144,0.00,0.00
2016.06.17 17:05:16.060,12.9109,12.91421,0.00,0.00
2016.06.17 17:05:16.561,12.91089,12.91441,0.00,0.00
2016.06.17 17:05:17.401,12.91089,12.91422,0.00,0.00
2016.06.17 17:05:18.265,12.91089,12.91441,0.00,0.00
2016.06.17 17:05:18.787,12.9109,12.9144,0.00,0.00
2016.06.17 17:05:20.220,12.91089,12.91441,0.00,0.00
2016.06.17 17:05:20.278,12.91089,12.91431,0.00,0.00
2016.06.17 17:05:21.047,12.9109,12.91431,0.00,0.00
2016.06.17 17:05:22.086,12.91089,12.91431,0.00,0.00
2016.06.17 17:05:22.623,12.91089,12.91441,0.00,0.00
2016.06.17 17:05:23.355,12.9109,12.91411,0.00,0.00
2016.06.17 17:05:23.406,12.9099,12.91332,0.00,0.00
2016.06.17 17:05:23.526,12.90989,12.91341,0.00,0.00
2016.06.17 17:05:23.733,12.90989,12.91351,0.00,0.00
2016.06.17 17:05:23.784,12.90989,12.91341,0.00,0.00
2016.06.17 17:05:23.884,12.9099,12.9135,0.00,0.00
2016.06.17 17:05:24.392,12.90989,12.91351,0.00,0.00
2016.06.17 17:05:24.855,12.91039,12.91381,0.00,0.00
2016.06.17 17:05:25.464,12.9104,12.9138,0.00,0.00
2016.06.17 17:05:25.794,12.91039,12.91371,0.00,0.00
2016.06.17 17:05:26.387,12.91039,12.91392,0.00,0.00
2016.06.17 17:05:26.438,12.9104,12.91412,0.00,0.00
2016.06.17 17:05:27.000,12.91039,12.91412,0.00,0.00
2016.06.17 17:05:27.105,12.91039,12.91392,0.00,0.00
2016.06.17 17:05:27.232,12.91039,12.91402,0.00,0.00
2016.06.17 17:05:28.389,12.9109,12.9144,0.00,0.00
2016.06.17 17:05:28.906,12.91089,12.91441,0.00,0.00
2016.06.17 17:05:30.156,12.9109,12.9144,0.00,0.00
2016.06.17 17:05:30.461,12.9109,12.91432,0.00,0.00
2016.06.17 17:05:31.096,12.91089,12.91432,0.00,0.00
2016.06.17 17:05:31.690,12.91089,12.91441,0.00,0.00
2016.06.17 17:05:33.542,12.9109,12.9144,0.00,0.00
2016.06.17 17:05:33.593,12.9109,12.91422,0.00,0.00
2016.06.17 17:05:34.225,12.91089,12.91422,0.00,0.00
2016.06.17 17:05:34.652,12.91039,12.91351,0.00,0.00
2016.06.17 17:05:34.753,12.90989,12.91341,0.00,0.00
2016.06.17 17:05:35.376,12.90989,12.91321,0.00,0.00
2016.06.17 17:05:36.196,12.90989,12.91341,0.00,0.00
2016.06.17 17:05:36.714,12.9099,12.9134,0.00,0.00
2016.06.17 17:05:36.765,12.9099,12.91332,0.00,0.00
2016.06.17 17:05:37.255,12.9099,12.9126,0.00,0.00
2016.06.17 17:05:37.456,12.90989,12.91302,0.00,0.00
2016.06.17 17:05:37.507,12.90989,12.91311,0.00,0.00
2016.06.17 17:05:38.596,12.9099,12.9131,0.00,0.00
2016.06.17 17:05:39.107,12.90989,12.91311,0.00,0.00
2016.06.17 17:05:39.208,12.9099,12.9133,0.00,0.00
2016.06.17 17:05:39.858,12.90938,12.9125,0.00,0.00
2016.06.17 17:05:39.908,12.90918,12.9125,0.00,0.00
2016.06.17 17:05:39.959,12.90918,12.91241,0.00,0.00
2016.06.17 17:05:40.011,12.90889,12.91241,0.00,0.00
2016.06.17 17:05:40.525,12.9089,12.9124,0.00,0.00
2016.06.17 17:05:41.255,12.90889,12.91241,0.00,0.00
2016.06.17 17:05:42.061,12.9089,12.9116,0.00,0.00
2016.06.17 17:05:42.362,12.90889,12.91212,0.00,0.00
2016.06.17 17:05:42.413,12.90889,12.91241,0.00,0.00
2016.06.17 17:05:43.163,12.9089,12.9124,0.00,0.00
2016.06.17 17:05:43.714,12.90889,12.91241,0.00,0.00
2016.06.17 17:05:44.866,12.9089,12.9124,0.00,0.00
2016.06.17 17:05:44.925,12.9089,12.91221,0.00,0.00
2016.06.17 17:05:45.308,12.9089,12.9124,0.00,0.00
2016.06.17 17:05:45.358,12.9089,12.91221,0.00,0.00
2016.06.17 17:05:45.837,12.9089,12.9124,0.00,0.00
2016.06.17 17:05:46.833,12.9089,12.91231,0.00,0.00
2016.06.17 17:05:47.443,12.90889,12.91231,0.00,0.00
2016.06.17 17:05:47.759,12.90889,12.91241,0.00,0.00
2016.06.17 17:05:47.872,12.90889,12.91222,0.00,0.00
2016.06.17 17:05:48.232,12.9089,12.9124,0.00,0.00
2016.06.17 17:05:48.764,12.90889,12.91241,0.00,0.00
2016.06.17 17:05:49.498,12.9089,12.9124,0.00,0.00
2016.06.17 17:05:49.549,12.9089,12.91231,0.00,0.00
2016.06.17 17:05:50.209,12.90889,12.91231,0.00,0.00
2016.06.17 17:05:50.819,12.9089,12.91231,0.00,0.00
2016.06.17 17:05:50.870,12.9089,12.9124,0.00,0.00
2016.06.17 17:05:51.595,12.9089,12.91232,0.00,0.00
2016.06.17 17:05:51.912,12.90889,12.91221,0.00,0.00
2016.06.17 17:05:52.020,12.90889,12.91232,0.00,0.00
2016.06.17 17:05:52.122,12.90889,12.91221,0.00,0.00
2016.06.17 17:05:52.471,12.90889,12.91212,0.00,0.00
2016.06.17 17:05:53.399,12.9089,12.91212,0.00,0.00
2016.06.17 17:05:53.450,12.9089,12.9124,0.00,0.00
2016.06.17 17:05:53.506,12.9089,12.91222,0.00,0.00
2016.06.17 17:05:53.825,12.9079,12.91112,0.00,0.00
2016.06.17 17:05:54.126,12.9079,12.9114,0.00,0.00
2016.06.17 17:05:54.227,12.9079,12.91131,0.00,0.00
2016.06.17 17:05:54.732,12.90789,12.91141,0.00,0.00
2016.06.17 17:05:55.327,12.90789,12.91122,0.00,0.00
2016.06.17 17:05:55.429,12.90789,12.91141,0.00,0.00
2016.06.17 17:05:56.714,12.9079,12.9114,0.00,0.00
2016.06.17 17:05:56.981,12.90789,12.91121,0.00,0.00
2016.06.17 17:05:57.872,12.9079,12.91122,0.00,0.00
2016.06.17 17:05:58.283,12.9079,12.91131,0.00,0.00
2016.06.17 17:05:58.384,12.90789,12.91122,0.00,0.00
2016.06.17 17:05:58.584,12.90789,12.91132,0.00,0.00
2016.06.17 17:05:59.141,12.90789,12.91141,0.00,0.00
2016.06.17 17:06:00.440,12.90799,12.91131,0.00,0.00
2016.06.17 17:06:00.545,12.90799,12.91141,0.00,0.00
2016.06.17 17:06:01.899,12.908,12.9114,0.00,0.00
2016.06.17 17:06:02.527,12.90799,12.91141,0.00,0.00
2016.06.17 17:06:02.601,12.9079,12.9106,0.00,0.00
2016.06.17 17:06:02.702,12.90789,12.91081,0.00,0.00
2016.06.17 17:06:02.811,12.90789,12.91141,0.00,0.00
2016.06.17 17:06:03.620,12.90869,12.91171,0.00,0.00
2016.06.17 17:06:03.780,12.90889,12.91231,0.00,0.00
2016.06.17 17:06:04.915,12.9089,12.9123,0.00,0.00
2016.06.17 17:06:05.016,12.9089,12.9124,0.00,0.00
2016.06.17 17:06:05.576,12.90889,12.91241,0.00,0.00
2016.06.17 17:06:06.411,12.9089,12.9124,0.00,0.00
2016.06.17 17:06:07.657,12.90889,12.91231,0.00,0.00
2016.06.17 17:06:07.964,12.90889,12.91241,0.00,0.00
2016.06.17 17:06:08.596,12.9089,12.9124,0.00,0.00
2016.06.17 17:06:09.115,12.90889,12.91241,0.00,0.00
2016.06.17 17:06:09.616,12.9089,12.9124,0.00,0.00
2016.06.17 17:06:10.014,12.9089,12.9116,0.00,0.00
2016.06.17 17:06:10.094,12.90889,12.91211,0.00,0.00
2016.06.17 17:06:10.145,12.90839,12.91151,0.00,0.00
2016.06.17 17:06:10.296,12.9079,12.9112,0.00,0.00
2016.06.17 17:06:10.347,12.9079,12.9111,0.00,0.00
2016.06.17 17:06:10.649,12.9079,12.9105,0.00,0.00
2016.06.17 17:06:10.750,12.9074,12.9105,0.00,0.00
2016.06.17 17:06:11.253,12.90698,12.91051,0.00,0.00
2016.06.17 17:06:11.304,12.90689,12.91051,0.00,0.00
2016.06.17 17:06:12.243,12.90739,12.91072,0.00,0.00
2016.06.17 17:06:12.294,12.90739,12.91092,0.00,0.00
2016.06.17 17:06:12.344,12.9079,12.91092,0.00,0.00
2016.06.17 17:06:12.395,12.9079,12.91132,0.00,0.00
2016.06.17 17:06:12.574,12.90789,12.91141,0.00,0.00
2016.06.17 17:06:12.628,12.90789,12.91122,0.00,0.00
2016.06.17 17:06:12.730,12.90739,12.91112,0.00,0.00
2016.06.17 17:06:12.832,12.90739,12.91091,0.00,0.00
2016.06.17 17:06:13.584,12.9074,12.91091,0.00,0.00
2016.06.17 17:06:13.827,12.90689,12.91041,0.00,0.00
2016.06.17 17:06:13.878,12.90689,12.91031,0.00,0.00
2016.06.17 17:06:13.979,12.90689,12.91041,0.00,0.00
2016.06.17 17:06:14.030,12.90689,12.91021,0.00,0.00
2016.06.17 17:06:14.628,12.9069,12.91021,0.00,0.00
2016.06.17 17:06:14.878,12.90689,12.91032,0.00,0.00
2016.06.17 17:06:14.979,12.90689,12.91021,0.00,0.00
2016.06.17 17:06:15.868,12.90689,12.91041,0.00,0.00
2016.06.17 17:06:16.520,12.9069,12.9104,0.00,0.00
2016.06.17 17:06:16.783,12.90689,12.91032,0.00,0.00
2016.06.17 17:06:16.983,12.90689,12.91041,0.00,0.00
2016.06.17 17:06:18.539,12.9069,12.9104,0.00,0.00
2016.06.17 17:06:20.038,12.9069,12.91031,0.00,0.00
2016.06.17 17:06:20.798,12.9069,12.91019,0.00,0.00
2016.06.17 17:06:21.100,12.9069,12.9098,0.00,0.00
2016.06.17 17:06:21.750,12.90639,12.90951,0.00,0.00
2016.06.17 17:06:22.789,12.90589,12.90931,0.00,0.00
2016.06.17 17:06:22.840,12.90589,12.90941,0.00,0.00
2016.06.17 17:06:23.373,12.9059,12.9094,0.00,0.00
2016.06.17 17:06:23.782,12.9059,12.9095,0.00,0.00
2016.06.17 17:06:23.883,12.9059,12.9088,0.00,0.00
2016.06.17 17:06:24.068,12.9059,12.90921,0.00,0.00
2016.06.17 17:06:24.318,12.90589,12.90931,0.00,0.00
2016.06.17 17:06:24.729,12.9059,12.90922,0.00,0.00
2016.06.17 17:06:25.064,12.9059,12.9093,0.00,0.00
2016.06.17 17:06:25.165,12.9059,12.90932,0.00,0.00
2016.06.17 17:06:25.221,12.9059,12.90921,0.00,0.00
2016.06.17 17:06:25.627,12.9059,12.9094,0.00,0.00
2016.06.17 17:06:25.677,12.90589,12.90931,0.00,0.00
2016.06.17 17:06:27.229,12.90589,12.90941,0.00,0.00
2016.06.17 17:06:27.874,12.9059,12.9094,0.00,0.00
2016.06.17 17:06:28.376,12.90589,12.90921,0.00,0.00
2016.06.17 17:06:29.177,12.9059,12.90932,0.00,0.00
2016.06.17 17:06:29.760,12.9059,12.9094,0.00,0.00
2016.06.17 17:06:30.482,12.90589,12.90941,0.00,0.00
2016.06.17 17:06:30.734,12.90589,12.90932,0.00,0.00
2016.06.17 17:06:31.265,12.90589,12.90922,0.00,0.00
2016.06.17 17:06:31.758,12.90489,12.90841,0.00,0.00
2016.06.17 17:06:32.389,12.9049,12.9084,0.00,0.00
2016.06.17 17:06:32.891,12.90489,12.90841,0.00,0.00
2016.06.17 17:06:33.539,12.90489,12.90832,0.00,0.00
2016.06.17 17:06:33.896,12.9049,12.9083,0.00,0.00
2016.06.17 17:06:34.102,12.90489,12.90841,0.00,0.00
2016.06.17 17:06:34.599,12.90488,12.9075,0.00,0.00
2016.06.17 17:06:34.909,12.90489,12.90841,0.00,0.00
2016.06.17 17:06:35.522,12.9049,12.9084,0.00,0.00
2016.06.17 17:06:37.152,12.90489,12.90841,0.00,0.00
2016.06.17 17:06:37.703,12.90489,12.90831,0.00,0.00
2016.06.17 17:06:38.849,12.9049,12.9084,0.00,0.00
2016.06.17 17:06:39.720,12.90489,12.90831,0.00,0.00
2016.06.17 17:06:40.418,12.9049,12.9083,0.00,0.00
2016.06.17 17:06:40.553,12.90489,12.90832,0.00,0.00
2016.06.17 17:06:40.805,12.9049,12.9084,0.00,0.00
2016.06.17 17:06:40.906,12.90489,12.90831,0.00,0.00
2016.06.17 17:06:42.356,12.90489,12.90821,0.00,0.00
2016.06.17 17:06:42.926,12.90489,12.90811,0.00,0.00
2016.06.17 17:06:43.278,12.90439,12.90741,0.00,0.00
2016.06.17 17:06:43.328,12.90389,12.90741,0.00,0.00
2016.06.17 17:06:43.379,12.90399,12.90741,0.00,0.00
2016.06.17 17:06:43.680,12.90439,12.90751,0.00,0.00
2016.06.17 17:06:44.009,12.90389,12.90731,0.00,0.00
2016.06.17 17:06:44.550,12.9039,12.9074,0.00,0.00
2016.06.17 17:06:44.702,12.90399,12.9074,0.00,0.00
2016.06.17 17:06:44.901,12.90389,12.90741,0.00,0.00
2016.06.17 17:06:45.410,12.9039,12.9074,0.00,0.00
2016.06.17 17:06:46.854,12.90389,12.90741,0.00,0.00
2016.06.17 17:06:47.463,12.9039,12.9074,0.00,0.00
2016.06.17 17:06:47.665,12.90389,12.90731,0.00,0.00
2016.06.17 17:06:48.616,12.9039,12.9073,0.00,0.00
2016.06.17 17:06:48.666,12.90389,12.90741,0.00,0.00
2016.06.17 17:06:49.215,12.9039,12.9074,0.00,0.00
2016.06.17 17:06:49.935,12.90389,12.90741,0.00,0.00
2016.06.17 17:06:50.937,12.9039,12.9074,0.00,0.00
2016.06.17 17:06:51.547,12.90389,12.90741,0.00,0.00
2016.06.17 17:06:52.768,12.9039,12.9074,0.00,0.00
2016.06.17 17:06:53.524,12.9039,12.90718,0.00,0.00
2016.06.17 17:06:53.575,12.90318,12.90651,0.00,0.00
2016.06.17 17:06:53.646,12.90289,12.90651,0.00,0.00
2016.06.17 17:06:53.697,12.90289,12.90641,0.00,0.00
2016.06.17 17:06:54.077,12.90298,12.90641,0.00,0.00
2016.06.17 17:06:54.178,12.90339,12.90711,0.00,0.00
2016.06.17 17:06:54.298,12.90369,12.90651,0.00,0.00
2016.06.17 17:06:54.399,12.90339,12.90651,0.00,0.00
2016.06.17 17:06:54.926,12.9034,12.9065,0.00,0.00
2016.06.17 17:06:55.428,12.90339,12.90651,0.00,0.00
2016.06.17 17:06:55.479,12.9029,12.9065,0.00,0.00
2016.06.17 17:06:55.529,12.90318,12.9065,0.00,0.00
2016.06.17 17:06:55.681,12.90339,12.90702,0.00,0.00
2016.06.17 17:06:55.731,12.90359,12.90719,0.00,0.00
2016.06.17 17:06:55.832,12.90339,12.90719,0.00,0.00
2016.06.17 17:06:56.121,12.90339,12.90721,0.00,0.00
2016.06.17 17:06:57.328,12.9039,12.9074,0.00,0.00
2016.06.17 17:06:57.925,12.90389,12.90741,0.00,0.00
2016.06.17 17:06:58.598,12.9039,12.9074,0.00,0.00
2016.06.17 17:06:59.131,12.90389,12.90741,0.00,0.00
2016.06.17 17:06:59.465,12.9039,12.90731,0.00,0.00
2016.06.17 17:06:59.628,12.9039,12.9074,0.00,0.00
2016.06.17 17:06:59.779,12.9042,12.9075,0.00,0.00
2016.06.17 17:07:00.082,12.90389,12.90741,0.00,0.00
2016.06.17 17:07:00.966,12.9039,12.9074,0.00,0.00
2016.06.17 17:07:01.774,12.90389,12.90741,0.00,0.00
2016.06.17 17:07:02.435,12.9039,12.9074,0.00,0.00
2016.06.17 17:07:03.036,12.90389,12.90741,0.00,0.00
2016.06.17 17:07:04.051,12.90398,12.9074,0.00,0.00
2016.06.17 17:07:05.416,12.90398,12.90741,0.00,0.00
2016.06.17 17:07:05.467,12.90389,12.90741,0.00,0.00
2016.06.17 17:07:06.984,12.9039,12.9074,0.00,0.00
2016.06.17 17:07:07.492,12.90389,12.90741,0.00,0.00
2016.06.17 17:07:07.593,12.9039,12.9071,0.00,0.00
2016.06.17 17:07:08.122,12.90349,12.9065,0.00,0.00
2016.06.17 17:07:08.461,12.90349,12.9062,0.00,0.00
2016.06.17 17:07:08.511,12.90289,12.90621,0.00,0.00
2016.06.17 17:07:08.889,12.90289,12.90631,0.00,0.00
2016.06.17 17:07:08.940,12.90289,12.90641,0.00,0.00
2016.06.17 17:07:09.036,12.90289,12.90631,0.00,0.00
2016.06.17 17:07:09.556,12.90289,12.90621,0.00,0.00
2016.06.17 17:07:09.856,12.90289,12.90631,0.00,0.00
2016.06.17 17:07:10.908,12.90289,12.90641,0.00,0.00
2016.06.17 17:07:11.511,12.9029,12.9064,0.00,0.00
2016.06.17 17:07:12.267,12.90289,12.90641,0.00,0.00
2016.06.17 17:07:12.998,12.90289,12.90631,0.00,0.00
2016.06.17 17:07:13.811,12.90289,12.90641,0.00,0.00
2016.06.17 17:07:14.952,12.90289,12.90632,0.00,0.00
2016.06.17 17:07:15.153,12.90289,12.90641,0.00,0.00
2016.06.17 17:07:15.828,12.9029,12.9064,0.00,0.00
2016.06.17 17:07:17.317,12.9029,12.90631,0.00,0.00
2016.06.17 17:07:17.606,12.90289,12.90641,0.00,0.00
2016.06.17 17:07:17.657,12.90289,12.90631,0.00,0.00
2016.06.17 17:07:18.426,12.9029,12.9064,0.00,0.00
2016.06.17 17:07:19.521,12.90289,12.90641,0.00,0.00
2016.06.17 17:07:19.641,12.90289,12.90631,0.00,0.00
2016.06.17 17:07:20.422,12.9029,12.9063,0.00,0.00
2016.06.17 17:07:20.716,12.9029,12.9064,0.00,0.00
2016.06.17 17:07:21.258,12.90289,12.90641,0.00,0.00
2016.06.17 17:07:22.025,12.90289,12.90561,0.00,0.00
2016.06.17 17:07:22.125,12.9029,12.9058,0.00,0.00
2016.06.17 17:07:22.226,12.9024,12.9058,0.00,0.00
2016.06.17 17:07:23.026,12.90239,12.90581,0.00,0.00
2016.06.17 17:07:24.130,12.9024,12.9058,0.00,0.00
2016.06.17 17:07:24.529,12.9029,12.9055,0.00,0.00
2016.06.17 17:07:24.919,12.90289,12.90621,0.00,0.00
2016.06.17 17:07:25.570,12.9029,12.9062,0.00,0.00
2016.06.17 17:07:25.671,12.90339,12.90651,0.00,0.00
2016.06.17 17:07:25.973,12.9029,12.9064,0.00,0.00
2016.06.17 17:07:27.536,12.90289,12.90641,0.00,0.00
2016.06.17 17:07:28.211,12.9029,12.9064,0.00,0.00
2016.06.17 17:07:29.163,12.90289,12.90641,0.00,0.00
2016.06.17 17:07:29.947,12.90289,12.90551,0.00,0.00
2016.06.17 17:07:30.501,12.90249,12.9055,0.00,0.00
2016.06.17 17:07:30.602,12.90239,12.90551,0.00,0.00
2016.06.17 17:07:31.181,12.9024,12.9055,0.00,0.00
2016.06.17 17:07:32.360,12.90239,12.90551,0.00,0.00
2016.06.17 17:07:33.017,12.9024,12.9055,0.00,0.00
2016.06.17 17:07:33.584,12.90239,12.90551,0.00,0.00
2016.06.17 17:07:34.169,12.9024,12.9055,0.00,0.00
2016.06.17 17:07:34.853,12.90239,12.90551,0.00,0.00
2016.06.17 17:07:35.171,12.9029,12.9062,0.00,0.00
2016.06.17 17:07:35.894,12.90289,12.90631,0.00,0.00
2016.06.17 17:07:37.069,12.9029,12.9063,0.00,0.00
2016.06.17 17:07:37.482,12.9039,12.90661,0.00,0.00
2016.06.17 17:07:37.533,12.9039,12.9074,0.00,0.00
2016.06.17 17:07:37.818,12.90399,12.90741,0.00,0.00
2016.06.17 17:07:38.247,12.90389,12.90741,0.00,0.00
2016.06.17 17:07:38.297,12.9049,12.90771,0.00,0.00
2016.06.17 17:07:38.348,12.9049,12.90791,0.00,0.00
2016.06.17 17:07:38.449,12.9049,12.90819,0.00,0.00
2016.06.17 17:07:39.290,12.90489,12.90841,0.00,0.00
2016.06.17 17:07:39.943,12.9049,12.9084,0.00,0.00
2016.06.17 17:07:40.478,12.90489,12.90841,0.00,0.00
2016.06.17 17:07:40.979,12.9049,12.9084,0.00,0.00
2016.06.17 17:07:41.280,12.90489,12.90761,0.00,0.00
2016.06.17 17:07:41.481,12.9049,12.90811,0.00,0.00
2016.06.17 17:07:41.532,12.9049,12.9083,0.00,0.00
2016.06.17 17:07:42.582,12.9049,12.9084,0.00,0.00
2016.06.17 17:07:43.029,12.9039,12.9074,0.00,0.00
2016.06.17 17:07:43.681,12.90389,12.90741,0.00,0.00
2016.06.17 17:07:44.586,12.9039,12.9075,0.00,0.00
2016.06.17 17:07:44.687,12.90439,12.90751,0.00,0.00
2016.06.17 17:07:45.336,12.9044,12.9075,0.00,0.00
2016.06.17 17:07:45.994,12.90439,12.90751,0.00,0.00
2016.06.17 17:07:46.590,12.9044,12.9075,0.00,0.00
2016.06.17 17:07:47.577,12.90439,12.90751,0.00,0.00
2016.06.17 17:07:51.400,12.90409,12.90751,0.00,0.00
2016.06.17 17:07:51.501,12.9039,12.9075,0.00,0.00
2016.06.17 17:07:51.551,12.90398,12.9075,0.00,0.00
2016.06.17 17:07:51.951,12.9039,12.9075,0.00,0.00
2016.06.17 17:07:52.152,12.90399,12.9075,0.00,0.00
2016.06.17 17:07:52.850,12.9039,12.90722,0.00,0.00
2016.06.17 17:07:52.926,12.90329,12.90701,0.00,0.00
2016.06.17 17:07:53.153,12.90349,12.907,0.00,0.00
2016.06.17 17:07:53.255,12.9033,12.907,0.00,0.00
2016.06.17 17:07:53.337,12.90339,12.907,0.00,0.00
2016.06.17 17:07:53.637,12.90329,12.90701,0.00,0.00
2016.06.17 17:07:54.163,12.9033,12.907,0.00,0.00
2016.06.17 17:07:55.258,12.90349,12.907,0.00,0.00
2016.06.17 17:07:55.672,12.90358,12.907,0.00,0.00
2016.06.17 17:07:55.859,12.90339,12.907,0.00,0.00
2016.06.17 17:07:56.311,12.90419,12.90731,0.00,0.00
2016.06.17 17:07:56.361,12.90419,12.90751,0.00,0.00
2016.06.17 17:07:56.463,12.90428,12.90781,0.00,0.00
2016.06.17 17:07:56.961,12.90428,12.90801,0.00,0.00
2016.06.17 17:07:58.132,12.90428,12.90701,0.00,0.00
2016.06.17 17:07:58.182,12.90408,12.90701,0.00,0.00
2016.06.17 17:07:58.284,12.90339,12.90701,0.00,0.00
2016.06.17 17:07:58.435,12.9036,12.90731,0.00,0.00
2016.06.17 17:07:58.566,12.90388,12.90751,0.00,0.00
2016.06.17 17:07:58.984,12.90419,12.90751,0.00,0.00
2016.06.17 17:08:00.219,12.9042,12.9075,0.00,0.00
2016.06.17 17:08:00.959,12.90419,12.90751,0.00,0.00
2016.06.17 17:08:01.421,12.90368,12.90701,0.00,0.00
2016.06.17 17:08:01.474,12.90358,12.90701,0.00,0.00
2016.06.17 17:08:01.575,12.90349,12.90701,0.00,0.00
2016.06.17 17:08:01.972,12.90339,12.90701,0.00,0.00
2016.06.17 17:08:02.272,12.90349,12.907,0.00,0.00
2016.06.17 17:08:03.024,12.90349,12.9066,0.00,0.00
2016.06.17 17:08:03.075,12.9033,12.9066,0.00,0.00
2016.06.17 17:08:03.226,12.90321,12.90701,0.00,0.00
2016.06.17 17:08:03.277,12.90328,12.90701,0.00,0.00
2016.06.17 17:08:03.618,12.90321,12.9068,0.00,0.00
2016.06.17 17:08:04.227,12.90321,12.90681,0.00,0.00
2016.06.17 17:08:06.230,12.90321,12.90701,0.00,0.00
2016.06.17 17:08:06.331,12.9034,12.907,0.00,0.00
2016.06.17 17:08:06.759,12.90359,12.907,0.00,0.00
2016.06.17 17:08:07.633,12.90359,12.90701,0.00,0.00
2016.06.17 17:08:07.984,12.90348,12.90701,0.00,0.00
2016.06.17 17:08:11.344,12.90348,12.906,0.00,0.00
2016.06.17 17:08:11.682,12.90248,12.90601,0.00,0.00
2016.06.17 17:08:11.809,12.90229,12.90601,0.00,0.00
2016.06.17 17:08:12.009,12.90238,12.90601,0.00,0.00
2016.06.17 17:08:12.109,12.90229,12.90601,0.00,0.00
2016.06.17 17:08:12.619,12.9023,12.906,0.00,0.00
2016.06.17 17:08:13.069,12.90219,12.90501,0.00,0.00
2016.06.17 17:08:13.120,12.90208,12.90501,0.00,0.00
2016.06.17 17:08:13.221,12.90148,12.90501,0.00,0.00
2016.06.17 17:08:13.322,12.90128,12.90501,0.00,0.00
2016.06.17 17:08:13.423,12.90119,12.90501,0.00,0.00
2016.06.17 17:08:13.474,12.90128,12.90501,0.00,0.00
2016.06.17 17:08:13.600,12.9012,12.905,0.00,0.00
2016.06.17 17:08:13.701,12.90128,12.90501,0.00,0.00
2016.06.17 17:08:14.144,12.90121,12.905,0.00,0.00
2016.06.17 17:08:14.196,12.90158,12.905,0.00,0.00
2016.06.17 17:08:14.403,12.90138,12.90501,0.00,0.00
2016.06.17 17:08:14.504,12.90148,12.905,0.00,0.00
2016.06.17 17:08:15.071,12.90148,12.90501,0.00,0.00
2016.06.17 17:08:15.122,12.90139,12.90501,0.00,0.00
2016.06.17 17:08:15.826,12.90128,12.905,0.00,0.00
2016.06.17 17:08:15.878,12.90149,12.905,0.00,0.00
2016.06.17 17:08:16.320,12.9013,12.905,0.00,0.00
2016.06.17 17:08:16.421,12.90138,12.905,0.00,0.00
2016.06.17 17:08:16.823,12.90158,12.905,0.00,0.00
2016.06.17 17:08:17.123,12.90138,12.905,0.00,0.00
2016.06.17 17:08:17.715,12.90129,12.90501,0.00,0.00
2016.06.17 17:08:18.868,12.9013,12.905,0.00,0.00
2016.06.17 17:08:19.656,12.90129,12.90501,0.00,0.00
2016.06.17 17:08:20.206,12.9013,12.905,0.00,0.00
2016.06.17 17:08:20.865,12.90129,12.90501,0.00,0.00
2016.06.17 17:08:22.007,12.9013,12.905,0.00,0.00
2016.06.17 17:08:22.529,12.90129,12.90501,0.00,0.00
2016.06.17 17:08:22.630,12.90138,12.905,0.00,0.00
2016.06.17 17:08:22.733,12.9013,12.905,0.00,0.00
2016.06.17 17:08:23.381,12.90129,12.90501,0.00,0.00
2016.06.17 17:08:23.909,12.90118,12.90451,0.00,0.00
2016.06.17 17:08:23.960,12.90099,12.90451,0.00,0.00
2016.06.17 17:08:24.012,12.9007,12.904,0.00,0.00
2016.06.17 17:08:24.399,12.9006,12.904,0.00,0.00
2016.06.17 17:08:24.450,12.90081,12.904,0.00,0.00
2016.06.17 17:08:24.500,12.90119,12.90462,0.00,0.00
2016.06.17 17:08:24.551,12.90138,12.90501,0.00,0.00
2016.06.17 17:08:24.987,12.90148,12.90501,0.00,0.00
2016.06.17 17:08:25.113,12.90128,12.905,0.00,0.00
2016.06.17 17:08:26.142,12.90149,12.905,0.00,0.00
2016.06.17 17:08:26.243,12.90129,12.905,0.00,0.00
2016.06.17 17:08:26.344,12.90148,12.905,0.00,0.00
2016.06.17 17:08:27.299,12.90138,12.90501,0.00,0.00
2016.06.17 17:08:27.734,12.90121,12.90501,0.00,0.00
2016.06.17 17:08:27.844,12.90121,12.90472,0.00,0.00
2016.06.17 17:08:28.018,12.90121,12.90501,0.00,0.00
2016.06.17 17:08:28.091,12.90129,12.90501,0.00,0.00
2016.06.17 17:08:28.606,12.90139,12.905,0.00,0.00
2016.06.17 17:08:28.793,12.90121,12.90501,0.00,0.00
2016.06.17 17:08:28.843,12.90121,12.90481,0.00,0.00
2016.06.17 17:08:29.244,12.90121,12.905,0.00,0.00
2016.06.17 17:08:29.594,12.90129,12.90501,0.00,0.00
2016.06.17 17:08:30.396,12.90121,12.90501,0.00,0.00
2016.06.17 17:08:30.447,12.90128,12.90501,0.00,0.00
2016.06.17 17:08:31.225,12.90121,12.90501,0.00,0.00
2016.06.17 17:08:31.448,12.90121,12.90491,0.00,0.00
2016.06.17 17:08:31.838,12.90128,12.90501,0.00,0.00
2016.06.17 17:08:32.049,12.90121,12.90481,0.00,0.00
2016.06.17 17:08:32.352,12.90119,12.90451,0.00,0.00
2016.06.17 17:08:32.749,12.90119,12.90441,0.00,0.00
2016.06.17 17:08:33.462,12.90119,12.90432,0.00,0.00
2016.06.17 17:08:33.512,12.90079,12.90401,0.00,0.00
2016.06.17 17:08:33.613,12.9012,12.90401,0.00,0.00
2016.06.17 17:08:33.664,12.9012,12.9045,0.00,0.00
2016.06.17 17:08:34.021,12.90119,12.90501,0.00,0.00
2016.06.17 17:08:34.353,12.902,12.905,0.00,0.00
2016.06.17 17:08:34.405,12.90149,12.90501,0.00,0.00
2016.06.17 17:08:34.506,12.90159,12.90501,0.00,0.00
2016.06.17 17:08:34.857,12.90159,12.90492,0.00,0.00
2016.06.17 17:08:34.907,12.9014,12.90492,0.00,0.00
2016.06.17 17:08:35.157,12.9014,12.905,0.00,0.00
2016.06.17 17:08:35.258,12.90139,12.90492,0.00,0.00
2016.06.17 17:08:35.437,12.90139,12.90501,0.00,0.00
2016.06.17 17:08:35.558,12.90139,12.90492,0.00,0.00
2016.06.17 17:08:35.892,12.90122,12.90471,0.00,0.00
2016.06.17 17:08:36.159,12.90122,12.90501,0.00,0.00
2016.06.17 17:08:36.210,12.90129,12.90501,0.00,0.00
2016.06.17 17:08:36.927,12.90122,12.905,0.00,0.00
2016.06.17 17:08:36.978,12.90122,12.90492,0.00,0.00
2016.06.17 17:08:37.910,12.90122,12.90482,0.00,0.00
2016.06.17 17:08:38.065,12.90122,12.90501,0.00,0.00
2016.06.17 17:08:38.596,12.90122,12.90482,0.00,0.00
2016.06.17 17:08:38.764,12.90122,12.905,0.00,0.00
2016.06.17 17:08:39.547,12.90219,12.90541,0.00,0.00
2016.06.17 17:08:39.598,12.90219,12.90551,0.00,0.00
2016.06.17 17:08:40.072,12.90219,12.90581,0.00,0.00
2016.06.17 17:08:40.248,12.90222,12.90581,0.00,0.00
2016.06.17 17:08:41.352,12.90222,12.9058,0.00,0.00
2016.06.17 17:08:41.777,12.90222,12.90571,0.00,0.00
2016.06.17 17:08:42.287,12.90222,12.90501,0.00,0.00
2016.06.17 17:08:42.337,12.90219,12.90501,0.00,0.00
2016.06.17 17:08:42.388,12.90219,12.90542,0.00,0.00
2016.06.17 17:08:42.489,12.9022,12.9055,0.00,0.00
2016.06.17 17:08:42.540,12.90289,12.90572,0.00,0.00
2016.06.17 17:08:42.590,12.90289,12.90591,0.00,0.00
2016.06.17 17:08:42.641,12.9022,12.90591,0.00,0.00
2016.06.17 17:08:42.742,12.90228,12.90601,0.00,0.00
2016.06.17 17:08:42.792,12.90219,12.90571,0.00,0.00
2016.06.17 17:08:43.080,12.90221,12.90601,0.00,0.00
2016.06.17 17:08:43.130,12.90221,12.90561,0.00,0.00
2016.06.17 17:08:43.677,12.90221,12.9055,0.00,0.00
2016.06.17 17:08:43.832,12.90219,12.90551,0.00,0.00
2016.06.17 17:08:44.221,12.90219,12.90542,0.00,0.00
2016.06.17 17:08:44.382,12.90219,12.90551,0.00,0.00
2016.06.17 17:08:44.483,12.90219,12.90541,0.00,0.00
2016.06.17 17:08:44.707,12.9022,12.9055,0.00,0.00
2016.06.17 17:08:45.314,12.90229,12.90551,0.00,0.00
2016.06.17 17:08:45.375,12.90229,12.90592,0.00,0.00
2016.06.17 17:08:45.425,12.90229,12.90561,0.00,0.00
2016.06.17 17:08:45.476,12.90222,12.90561,0.00,0.00
2016.06.17 17:08:45.587,12.90222,12.90572,0.00,0.00
2016.06.17 17:08:45.688,12.90222,12.90562,0.00,0.00
2016.06.17 17:08:45.788,12.90222,12.90572,0.00,0.00
2016.06.17 17:08:45.889,12.90222,12.90582,0.00,0.00
2016.06.17 17:08:45.990,12.90222,12.90601,0.00,0.00
2016.06.17 17:08:46.289,12.90222,12.90582,0.00,0.00
2016.06.17 17:08:46.778,12.90222,12.9056,0.00,0.00
2016.06.17 17:08:46.828,12.90222,12.90572,0.00,0.00
2016.06.17 17:08:46.929,12.90222,12.90591,0.00,0.00
2016.06.17 17:08:47.030,12.9022,12.90571,0.00,0.00
2016.06.17 17:08:47.081,12.90189,12.90551,0.00,0.00
2016.06.17 17:08:47.232,12.90189,12.90541,0.00,0.00
2016.06.17 17:08:47.433,12.90219,12.90601,0.00,0.00
2016.06.17 17:08:47.534,12.90219,12.90582,0.00,0.00
2016.06.17 17:08:47.786,12.90229,12.90601,0.00,0.00
2016.06.17 17:08:47.954,12.90319,12.90612,0.00,0.00
2016.06.17 17:08:48.005,12.90319,12.90632,0.00,0.00
2016.06.17 17:08:48.106,12.90319,12.90651,0.00,0.00
2016.06.17 17:08:48.792,12.90321,12.9068,0.00,0.00
2016.06.17 17:08:49.944,12.90321,12.90681,0.00,0.00
2016.06.17 17:08:50.236,12.90319,12.90681,0.00,0.00
2016.06.17 17:08:50.287,12.90419,12.90701,0.00,0.00
2016.06.17 17:08:50.589,12.90419,12.90772,0.00,0.00
2016.06.17 17:08:50.640,12.90419,12.90781,0.00,0.00
2016.06.17 17:08:50.846,12.90419,12.90771,0.00,0.00
2016.06.17 17:08:51.247,12.90421,12.90772,0.00,0.00
2016.06.17 17:08:52.178,12.9049,12.908,0.00,0.00
2016.06.17 17:08:52.285,12.90439,12.90801,0.00,0.00
2016.06.17 17:08:52.550,12.90439,12.90781,0.00,0.00
2016.06.17 17:08:52.779,12.90421,12.90781,0.00,0.00
2016.06.17 17:08:53.493,12.90421,12.90772,0.00,0.00
2016.06.17 17:08:54.087,12.90429,12.90772,0.00,0.00
2016.06.17 17:08:54.189,12.90429,12.90791,0.00,0.00
2016.06.17 17:08:54.291,12.90439,12.90791,0.00,0.00
2016.06.17 17:08:54.798,12.90421,12.90772,0.00,0.00
2016.06.17 17:08:56.344,12.90421,12.9079,0.00,0.00
2016.06.17 17:08:56.395,12.9043,12.9079,0.00,0.00
2016.06.17 17:08:56.697,12.90421,12.90772,0.00,0.00
2016.06.17 17:08:57.046,12.90421,12.9079,0.00,0.00
2016.06.17 17:08:57.705,12.90421,12.90791,0.00,0.00
2016.06.17 17:08:57.893,12.90421,12.90751,0.00,0.00
2016.06.17 17:08:57.944,12.90419,12.90751,0.00,0.00
2016.06.17 17:08:58.095,12.9042,12.90741,0.00,0.00
2016.06.17 17:08:58.196,12.90419,12.90761,0.00,0.00
2016.06.17 17:08:58.247,12.90419,12.90791,0.00,0.00
2016.06.17 17:08:58.623,12.90422,12.90791,0.00,0.00
2016.06.17 17:08:59.025,12.90422,12.90772,0.00,0.00
2016.06.17 17:09:00.450,12.9042,12.90762,0.00,0.00
2016.06.17 17:09:00.702,12.90329,12.90701,0.00,0.00
2016.06.17 17:09:00.803,12.90379,12.90701,0.00,0.00
2016.06.17 17:09:00.998,12.90329,12.90701,0.00,0.00
2016.06.17 17:09:01.154,12.90329,12.90692,0.00,0.00
2016.06.17 17:09:01.457,12.90329,12.90701,0.00,0.00
2016.06.17 17:09:01.882,12.9033,12.90682,0.00,0.00
2016.06.17 17:09:01.983,12.90329,12.90691,0.00,0.00
2016.06.17 17:09:02.300,12.9033,12.90681,0.00,0.00
2016.06.17 17:09:02.598,12.9033,12.90691,0.00,0.00
2016.06.17 17:09:02.702,12.90329,12.90681,0.00,0.00
2016.06.17 17:09:03.099,12.904,12.907,0.00,0.00
2016.06.17 17:09:03.702,12.90379,12.90701,0.00,0.00
2016.06.17 17:09:03.815,12.90329,12.90701,0.00,0.00
2016.06.17 17:09:03.966,12.90329,12.90671,0.00,0.00
2016.06.17 17:09:04.829,12.9033,12.90671,0.00,0.00
2016.06.17 17:09:05.529,12.90329,12.90671,0.00,0.00
2016.06.17 17:09:06.068,12.90329,12.90661,0.00,0.00
2016.06.17 17:09:06.369,12.90329,12.90682,0.00,0.00
2016.06.17 17:09:07.076,12.9033,12.90682,0.00,0.00
2016.06.17 17:09:08.121,12.90329,12.90682,0.00,0.00
2016.06.17 17:09:09.025,12.9033,12.90682,0.00,0.00
2016.06.17 17:09:09.577,12.9033,12.907,0.00,0.00
2016.06.17 17:09:09.777,12.90329,12.90681,0.00,0.00
2016.06.17 17:09:09.879,12.90329,12.90701,0.00,0.00
2016.06.17 17:09:10.179,12.90329,12.90692,0.00,0.00
2016.06.17 17:09:10.657,12.90329,12.90672,0.00,0.00
2016.06.17 17:09:11.421,12.9033,12.907,0.00,0.00
2016.06.17 17:09:11.623,12.90338,12.907,0.00,0.00
2016.06.17 17:09:12.324,12.90381,12.907,0.00,0.00
2016.06.17 17:09:12.425,12.90421,12.90771,0.00,0.00
2016.06.17 17:09:12.526,12.90421,12.90791,0.00,0.00
2016.06.17 17:09:12.630,12.90441,12.90791,0.00,0.00
2016.06.17 17:09:13.200,12.9052,12.9079,0.00,0.00
2016.06.17 17:09:13.654,12.9052,12.90862,0.00,0.00
2016.06.17 17:09:13.704,12.9052,12.90832,0.00,0.00
2016.06.17 17:09:13.805,12.90538,12.90891,0.00,0.00
2016.06.17 17:09:13.856,12.9063,12.90891,0.00,0.00
2016.06.17 17:09:13.907,12.9063,12.90922,0.00,0.00
2016.06.17 17:09:14.008,12.9063,12.90982,0.00,0.00
2016.06.17 17:09:14.233,12.9063,12.90952,0.00,0.00
2016.06.17 17:09:14.334,12.90629,12.90982,0.00,0.00
2016.06.17 17:09:14.435,12.90629,12.90961,0.00,0.00
2016.06.17 17:09:14.536,12.90629,12.90982,0.00,0.00
2016.06.17 17:09:14.644,12.90621,12.90982,0.00,0.00
2016.06.17 17:09:15.140,12.90621,12.90962,0.00,0.00
2016.06.17 17:09:15.191,12.90629,12.91001,0.00,0.00
2016.06.17 17:09:15.975,12.9063,12.91,0.00,0.00
2016.06.17 17:09:16.026,12.9063,12.90981,0.00,0.00
2016.06.17 17:09:16.297,12.9063,12.91,0.00,0.00
2016.06.17 17:09:16.799,12.90629,12.90971,0.00,0.00
2016.06.17 17:09:17.195,12.90579,12.90901,0.00,0.00
2016.06.17 17:09:17.249,12.90529,12.90901,0.00,0.00
2016.06.17 17:09:17.401,12.9053,12.90882,0.00,0.00
2016.06.17 17:09:17.846,12.9053,12.90872,0.00,0.00
2016.06.17 17:09:18.033,12.9053,12.90892,0.00,0.00
2016.06.17 17:09:18.084,12.90521,12.9085,0.00,0.00
2016.06.17 17:09:18.337,12.90519,12.90851,0.00,0.00
2016.06.17 17:09:18.388,12.90519,12.90861,0.00,0.00
2016.06.17 17:09:18.488,12.90519,12.90872,0.00,0.00
2016.06.17 17:09:18.539,12.90519,12.90901,0.00,0.00
2016.06.17 17:09:18.990,12.90522,12.90882,0.00,0.00
2016.06.17 17:09:20.125,12.90522,12.90901,0.00,0.00
2016.06.17 17:09:20.357,12.90522,12.90881,0.00,0.00
2016.06.17 17:09:20.766,12.90519,12.90851,0.00,0.00
2016.06.17 17:09:21.097,12.9052,12.90842,0.00,0.00
2016.06.17 17:09:21.148,12.9052,12.9085,0.00,0.00
2016.06.17 17:09:21.249,12.90519,12.90842,0.00,0.00
2016.06.17 17:09:21.589,12.90479,12.90801,0.00,0.00
2016.06.17 17:09:22.717,12.90519,12.90891,0.00,0.00
2016.06.17 17:09:22.841,12.90519,12.90901,0.00,0.00
2016.06.17 17:09:22.891,12.90599,12.90901,0.00,0.00
2016.06.17 17:09:22.963,12.90519,12.90901,0.00,0.00
2016.06.17 17:09:23.126,12.90519,12.90882,0.00,0.00
2016.06.17 17:09:23.327,12.90522,12.90891,0.00,0.00
2016.06.17 17:09:23.428,12.90522,12.909,0.00,0.00
2016.06.17 17:09:23.529,12.90522,12.90892,0.00,0.00
2016.06.17 17:09:23.991,12.90522,12.90861,0.00,0.00
2016.06.17 17:09:24.168,12.90519,12.90881,0.00,0.00
2016.06.17 17:09:24.229,12.90519,12.90851,0.00,0.00
2016.06.17 17:09:24.279,12.90459,12.908,0.00,0.00
2016.06.17 17:09:24.330,12.9043,12.90792,0.00,0.00
2016.06.17 17:09:24.616,12.9043,12.90772,0.00,0.00
2016.06.17 17:09:24.730,12.9043,12.90782,0.00,0.00
2016.06.17 17:09:24.831,12.9043,12.90762,0.00,0.00
2016.06.17 17:09:24.932,12.90429,12.90781,0.00,0.00
2016.06.17 17:09:25.431,12.90429,12.90762,0.00,0.00
2016.06.17 17:09:25.796,12.90419,12.90751,0.00,0.00
2016.06.17 17:09:26.470,12.90419,12.90742,0.00,0.00
2016.06.17 17:09:26.571,12.90419,12.90751,0.00,0.00
2016.06.17 17:09:27.179,12.90419,12.90741,0.00,0.00
2016.06.17 17:09:27.698,12.90389,12.90701,0.00,0.00
2016.06.17 17:09:27.815,12.9039,12.90731,0.00,0.00
2016.06.17 17:09:27.866,12.9039,12.90712,0.00,0.00
2016.06.17 17:09:28.117,12.90321,12.90701,0.00,0.00
2016.06.17 17:09:28.168,12.90321,12.90692,0.00,0.00
2016.06.17 17:09:28.655,12.90321,12.90682,0.00,0.00
2016.06.17 17:09:28.708,12.90321,12.907,0.00,0.00
2016.06.17 17:09:29.384,12.90321,12.90691,0.00,0.00
2016.06.17 17:09:30.499,12.90321,12.90671,0.00,0.00
2016.06.17 17:09:30.549,12.90321,12.90692,0.00,0.00
2016.06.17 17:09:30.650,12.90321,12.907,0.00,0.00
2016.06.17 17:09:30.743,12.90321,12.90671,0.00,0.00
2016.06.17 17:09:31.454,12.90321,12.90682,0.00,0.00
2016.06.17 17:09:32.105,12.9029,12.9064,0.00,0.00
2016.06.17 17:09:32.206,12.90279,12.90641,0.00,0.00
2016.06.17 17:09:32.257,12.90279,12.90621,0.00,0.00
2016.06.17 17:09:32.346,12.90279,12.90641,0.00,0.00
2016.06.17 17:09:33.359,12.90279,12.90631,0.00,0.00
2016.06.17 17:09:33.660,12.90279,12.90571,0.00,0.00
2016.06.17 17:09:34.177,12.9028,12.9057,0.00,0.00
2016.06.17 17:09:35.640,12.90279,12.90571,0.00,0.00
2016.06.17 17:09:36.041,12.90221,12.90571,0.00,0.00
2016.06.17 17:09:36.591,12.90228,12.90571,0.00,0.00
2016.06.17 17:09:36.963,12.9023,12.9057,0.00,0.00
2016.06.17 17:09:37.495,12.90229,12.90571,0.00,0.00
2016.06.17 17:09:37.812,12.90229,12.90482,0.00,0.00
2016.06.17 17:09:37.863,12.90129,12.90451,0.00,0.00
2016.06.17 17:09:37.964,12.90129,12.90481,0.00,0.00
2016.06.17 17:09:38.098,12.90149,12.90481,0.00,0.00
2016.06.17 17:09:38.149,12.90149,12.90501,0.00,0.00
2016.06.17 17:09:38.200,12.90158,12.90501,0.00,0.00
2016.06.17 17:09:38.301,12.90139,12.90501,0.00,0.00
2016.06.17 17:09:38.605,12.90129,12.90501,0.00,0.00
2016.06.17 17:09:39.150,12.9013,12.905,0.00,0.00
2016.06.17 17:09:39.610,12.9013,12.90482,0.00,0.00
2016.06.17 17:09:39.913,12.90058,12.904,0.00,0.00
2016.06.17 17:09:40.215,12.90079,12.90401,0.00,0.00
2016.06.17 17:09:41.017,12.9008,12.904,0.00,0.00
2016.06.17 17:09:41.523,12.90079,12.90401,0.00,0.00
2016.06.17 17:09:41.775,12.90119,12.90451,0.00,0.00
2016.06.17 17:09:41.826,12.9012,12.90461,0.00,0.00
2016.06.17 17:09:41.877,12.90139,12.905,0.00,0.00
2016.06.17 17:09:41.978,12.90148,12.90501,0.00,0.00
2016.06.17 17:09:42.388,12.90128,12.905,0.00,0.00
2016.06.17 17:09:42.489,12.90121,12.90501,0.00,0.00
2016.06.17 17:09:42.564,12.90121,12.90492,0.00,0.00
2016.06.17 17:09:42.800,12.90121,12.90501,0.00,0.00
2016.06.17 17:09:43.319,12.90121,12.905,0.00,0.00
2016.06.17 17:09:44.152,12.90121,12.90501,0.00,0.00
2016.06.17 17:09:44.776,12.90199,12.90501,0.00,0.00
2016.06.17 17:09:44.877,12.90129,12.90501,0.00,0.00
2016.06.17 17:09:44.928,12.90138,12.90501,0.00,0.00
2016.06.17 17:09:45.029,12.9013,12.905,0.00,0.00
2016.06.17 17:09:45.104,12.90121,12.90501,0.00,0.00
2016.06.17 17:09:46.225,12.90121,12.905,0.00,0.00
2016.06.17 17:09:46.879,12.90121,12.90501,0.00,0.00
2016.06.17 17:09:47.377,12.90119,12.90501,0.00,0.00
2016.06.17 17:09:47.428,12.90119,12.90482,0.00,0.00
2016.06.17 17:09:47.745,12.90079,12.90401,0.00,0.00
2016.06.17 17:09:48.210,12.9008,12.9045,0.00,0.00
2016.06.17 17:09:49.371,12.90079,12.90401,0.00,0.00
2016.06.17 17:09:49.834,12.9009,12.904,0.00,0.00
2016.06.17 17:09:49.885,12.90079,12.90401,0.00,0.00
2016.06.17 17:09:50.331,12.90108,12.904,0.00,0.00
2016.06.17 17:09:50.695,12.90128,12.905,0.00,0.00
2016.06.17 17:09:50.886,12.90121,12.90501,0.00,0.00
2016.06.17 17:09:51.503,12.90128,12.90501,0.00,0.00
2016.06.17 17:09:51.581,12.90121,12.90501,0.00,0.00
2016.06.17 17:09:51.688,12.90121,12.90481,0.00,0.00
2016.06.17 17:09:51.804,12.90119,12.90481,0.00,0.00
2016.06.17 17:09:51.929,12.90119,12.90472,0.00,0.00
2016.06.17 17:09:52.131,12.90119,12.90481,0.00,0.00
2016.06.17 17:09:52.474,12.90128,12.90501,0.00,0.00
2016.06.17 17:09:52.883,12.90121,12.905,0.00,0.00
2016.06.17 17:09:52.990,12.90121,12.90421,0.00,0.00
2016.06.17 17:09:53.056,12.90121,12.9044,0.00,0.00
2016.06.17 17:09:53.107,12.90121,12.90431,0.00,0.00
2016.06.17 17:09:53.281,12.9008,12.90431,0.00,0.00
2016.06.17 17:09:53.381,12.90079,12.90441,0.00,0.00
2016.06.17 17:09:53.512,12.90079,12.90431,0.00,0.00
2016.06.17 17:09:53.708,12.90079,12.90441,0.00,0.00
2016.06.17 17:09:53.784,12.90079,12.90422,0.00,0.00
2016.06.17 17:09:54.592,12.90079,12.90371,0.00,0.00
2016.06.17 17:09:54.660,12.90048,12.90421,0.00,0.00
2016.06.17 17:09:54.710,12.90029,12.90401,0.00,0.00
2016.06.17 17:09:55.011,12.90029,12.90411,0.00,0.00
2016.06.17 17:09:55.111,12.9003,12.90402,0.00,0.00
2016.06.17 17:09:55.444,12.90122,12.90431,0.00,0.00
2016.06.17 17:09:55.495,12.90122,12.90472,0.00,0.00
2016.06.17 17:09:55.612,12.90122,12.9048,0.00,0.00
2016.06.17 17:09:55.814,12.90122,12.90472,0.00,0.00
2016.06.17 17:09:55.915,12.90122,12.90501,0.00,0.00
2016.06.17 17:09:56.630,12.90122,12.905,0.00,0.00
2016.06.17 17:09:56.680,12.90138,12.905,0.00,0.00
2016.06.17 17:09:57.198,12.90122,12.90501,0.00,0.00
2016.06.17 17:09:57.299,12.90138,12.90501,0.00,0.00
2016.06.17 17:09:57.608,12.90129,12.90501,0.00,0.00
2016.06.17 17:09:58.000,12.90122,12.905,0.00,0.00
2016.06.17 17:09:58.321,12.90138,12.905,0.00,0.00
2016.06.17 17:09:58.873,12.90138,12.90451,0.00,0.00
2016.06.17 17:09:58.923,12.90122,12.90451,0.00,0.00
2016.06.17 17:09:58.974,12.90122,12.90471,0.00,0.00
2016.06.17 17:09:59.176,12.90122,12.90482,0.00,0.00
2016.06.17 17:09:59.227,12.90128,12.90501,0.00,0.00
2016.06.17 17:09:59.328,12.90139,12.90501,0.00,0.00
2016.06.17 17:09:59.929,12.90139,12.905,0.00,0.00
2016.06.17 17:10:00.360,12.90129,12.905,0.00,0.00
2016.06.17 17:10:00.976,12.90129,12.90501,0.00,0.00
2016.06.17 17:10:01.027,12.90122,12.905,0.00,0.00
2016.06.17 17:10:01.916,12.90139,12.905,0.00,0.00
2016.06.17 17:10:02.033,12.90129,12.90501,0.00,0.00
2016.06.17 17:10:02.134,12.90122,12.90501,0.00,0.00
2016.06.17 17:10:02.819,12.90138,12.90501,0.00,0.00
2016.06.17 17:10:03.479,12.90138,12.905,0.00,0.00
2016.06.17 17:10:04.246,12.90122,12.905,0.00,0.00
2016.06.17 17:10:04.297,12.90122,12.90471,0.00,0.00
2016.06.17 17:10:04.897,12.90122,12.90501,0.00,0.00
2016.06.17 17:10:05.048,12.90138,12.905,0.00,0.00
2016.06.17 17:10:05.579,12.90138,12.90501,0.00,0.00
2016.06.17 17:10:05.648,12.90122,12.90492,0.00,0.00
2016.06.17 17:10:05.699,12.90122,12.90471,0.00,0.00
2016.06.17 17:10:05.800,12.90122,12.905,0.00,0.00
2016.06.17 17:10:05.851,12.90138,12.905,0.00,0.00
2016.06.17 17:10:07.330,12.90122,12.905,0.00,0.00
2016.06.17 17:10:07.381,12.90122,12.90482,0.00,0.00
2016.06.17 17:10:07.432,12.90122,12.90492,0.00,0.00
2016.06.17 17:10:07.500,12.90122,12.90481,0.00,0.00
2016.06.17 17:10:07.601,12.90122,12.90501,0.00,0.00
2016.06.17 17:10:07.800,12.90122,12.90481,0.00,0.00
2016.06.17 17:10:08.101,12.90122,12.90491,0.00,0.00
2016.06.17 17:10:08.208,12.9032,12.9063,0.00,0.00
2016.06.17 17:10:08.319,12.9032,12.9064,0.00,0.00
2016.06.17 17:10:08.420,12.90321,12.90671,0.00,0.00
2016.06.17 17:10:08.608,12.90321,12.90641,0.00,0.00
2016.06.17 17:10:08.981,12.90321,12.906,0.00,0.00
2016.06.17 17:10:09.096,12.90239,12.90601,0.00,0.00
2016.06.17 17:10:09.396,12.90259,12.90601,0.00,0.00
2016.06.17 17:10:09.555,12.90319,12.90701,0.00,0.00
2016.06.17 17:10:09.711,12.90328,12.907,0.00,0.00
2016.06.17 17:10:10.212,12.90328,12.90701,0.00,0.00
2016.06.17 17:10:10.712,12.90338,12.90701,0.00,0.00
2016.06.17 17:10:11.013,12.90329,12.90701,0.00,0.00
2016.06.17 17:10:11.508,12.90338,12.907,0.00,0.00
2016.06.17 17:10:11.851,12.9034,12.907,0.00,0.00
2016.06.17 17:10:12.216,12.90368,12.907,0.00,0.00
2016.06.17 17:10:12.418,12.90419,12.90801,0.00,0.00
2016.06.17 17:10:12.597,12.90428,12.90801,0.00,0.00
2016.06.17 17:10:12.920,12.90419,12.90792,0.00,0.00
2016.06.17 17:10:12.981,12.90419,12.90801,0.00,0.00
2016.06.17 17:10:13.032,12.90422,12.908,0.00,0.00
2016.06.17 17:10:13.567,12.90422,12.90801,0.00,0.00
2016.06.17 17:10:14.122,12.90422,12.908,0.00,0.00
2016.06.17 17:10:14.472,12.90438,12.908,0.00,0.00
2016.06.17 17:10:15.011,12.90438,12.90801,0.00,0.00
2016.06.17 17:10:15.062,12.90428,12.908,0.00,0.00
2016.06.17 17:10:15.141,12.90422,12.90791,0.00,0.00
2016.06.17 17:10:15.649,12.90422,12.90801,0.00,0.00
2016.06.17 17:10:15.700,12.90422,12.90782,0.00,0.00
2016.06.17 17:10:15.750,12.90422,12.90801,0.00,0.00
2016.06.17 17:10:15.851,12.90389,12.90741,0.00,0.00
2016.06.17 17:10:16.153,12.90419,12.90751,0.00,0.00
2016.06.17 17:10:16.355,12.90419,12.90801,0.00,0.00
2016.06.17 17:10:16.502,12.90422,12.908,0.00,0.00
2016.06.17 17:10:17.302,12.90422,12.90801,0.00,0.00
2016.06.17 17:10:18.060,12.9039,12.9074,0.00,0.00
2016.06.17 17:10:19.537,12.90389,12.90741,0.00,0.00
2016.06.17 17:10:20.524,12.9039,12.9074,0.00,0.00
2016.06.17 17:10:21.444,12.90389,12.90741,0.00,0.00
2016.06.17 17:10:23.349,12.9039,12.9074,0.00,0.00
2016.06.17 17:10:23.949,12.90389,12.90741,0.00,0.00
2016.06.17 17:10:24.659,12.9039,12.9074,0.00,0.00
2016.06.17 17:10:24.768,12.9038,12.9074,0.00,0.00
2016.06.17 17:10:25.528,12.90379,12.90741,0.00,0.00
2016.06.17 17:10:25.909,12.90389,12.90741,0.00,0.00
2016.06.17 17:10:26.460,12.9039,12.90702,0.00,0.00
2016.06.17 17:10:26.510,12.90322,12.90701,0.00,0.00
2016.06.17 17:10:26.561,12.90322,12.90691,0.00,0.00
2016.06.17 17:10:26.720,12.90322,12.90701,0.00,0.00
2016.06.17 17:10:26.771,12.90329,12.90701,0.00,0.00
2016.06.17 17:10:27.143,12.90338,12.90701,0.00,0.00
2016.06.17 17:10:27.685,12.90339,12.90701,0.00,0.00
2016.06.17 17:10:28.170,12.90399,12.90741,0.00,0.00
2016.06.17 17:10:28.271,12.90389,12.90741,0.00,0.00
2016.06.17 17:10:28.752,12.90421,12.90741,0.00,0.00
2016.06.17 17:10:29.419,12.90389,12.90751,0.00,0.00
2016.06.17 17:10:29.963,12.9039,12.90742,0.00,0.00
2016.06.17 17:10:30.268,12.9038,12.907,0.00,0.00
2016.06.17 17:10:30.423,12.90419,12.90741,0.00,0.00
2016.06.17 17:10:30.524,12.90419,12.90801,0.00,0.00
2016.06.17 17:10:30.788,12.9042,12.90791,0.00,0.00
2016.06.17 17:10:31.229,12.90421,12.90751,0.00,0.00
2016.06.17 17:10:31.776,12.9042,12.9075,0.00,0.00
2016.06.17 17:10:32.737,12.90422,12.9075,0.00,0.00
2016.06.17 17:10:32.788,12.90422,12.90772,0.00,0.00
2016.06.17 17:10:32.890,12.90422,12.90792,0.00,0.00
2016.06.17 17:10:33.927,12.90422,12.90772,0.00,0.00
2016.06.17 17:10:34.328,12.90389,12.90741,0.00,0.00
2016.06.17 17:10:34.682,12.90389,12.90751,0.00,0.00
2016.06.17 17:10:34.733,12.90389,12.90742,0.00,0.00
2016.06.17 17:10:35.834,12.90389,12.90751,0.00,0.00
2016.06.17 17:10:35.885,12.90419,12.90751,0.00,0.00
2016.06.17 17:10:36.216,12.90422,12.90792,0.00,0.00
2016.06.17 17:10:36.750,12.90422,12.90801,0.00,0.00
2016.06.17 17:10:37.341,12.90422,12.90792,0.00,0.00
2016.06.17 17:10:37.752,12.90422,12.908,0.00,0.00
2016.06.17 17:10:38.421,12.9043,12.908,0.00,0.00
2016.06.17 17:10:39.793,12.90429,12.90801,0.00,0.00
2016.06.17 17:10:40.205,12.9043,12.90792,0.00,0.00
2016.06.17 17:10:41.116,12.90422,12.90782,0.00,0.00
2016.06.17 17:10:41.498,12.90422,12.90762,0.00,0.00
2016.06.17 17:10:42.308,12.90422,12.90771,0.00,0.00
2016.06.17 17:10:44.475,12.90422,12.90761,0.00,0.00
2016.06.17 17:10:44.576,12.90422,12.90772,0.00,0.00
2016.06.17 17:10:44.678,12.90419,12.90751,0.00,0.00
2016.06.17 17:10:44.729,12.9039,12.9074,0.00,0.00
2016.06.17 17:10:44.780,12.9039,12.90732,0.00,0.00
2016.06.17 17:10:45.190,12.90389,12.90741,0.00,0.00
2016.06.17 17:10:45.512,12.90389,12.90732,0.00,0.00
2016.06.17 17:10:46.077,12.90389,12.90741,0.00,0.00
2016.06.17 17:10:46.128,12.90379,12.90701,0.00,0.00
2016.06.17 17:10:46.329,12.9039,12.9074,0.00,0.00
2016.06.17 17:10:46.380,12.9039,12.90712,0.00,0.00
2016.06.17 17:10:46.481,12.9039,12.9074,0.00,0.00
2016.06.17 17:10:46.833,12.90389,12.90751,0.00,0.00
2016.06.17 17:10:47.475,12.90389,12.90741,0.00,0.00
2016.06.17 17:10:47.576,12.90389,12.90751,0.00,0.00
2016.06.17 17:10:47.976,12.90389,12.90742,0.00,0.00
2016.06.17 17:10:48.544,12.9039,12.90742,0.00,0.00
2016.06.17 17:10:49.113,12.90379,12.90671,0.00,0.00
2016.06.17 17:10:49.164,12.90321,12.90671,0.00,0.00
2016.06.17 17:10:49.279,12.90321,12.90681,0.00,0.00
2016.06.17 17:10:49.380,12.90321,12.90672,0.00,0.00
2016.06.17 17:10:50.181,12.90321,12.90692,0.00,0.00
2016.06.17 17:10:50.282,12.90321,12.90661,0.00,0.00
2016.06.17 17:10:52.015,12.90321,12.90701,0.00,0.00
2016.06.17 17:10:52.116,12.90321,12.90681,0.00,0.00
2016.06.17 17:10:52.217,12.90321,12.90692,0.00,0.00
2016.06.17 17:10:52.516,12.90321,12.90671,0.00,0.00
2016.06.17 17:10:53.445,12.90321,12.90682,0.00,0.00
2016.06.17 17:10:54.427,12.90321,12.90691,0.00,0.00
2016.06.17 17:10:54.528,12.90321,12.90701,0.00,0.00
2016.06.17 17:10:55.133,12.90321,12.90672,0.00,0.00
2016.06.17 17:10:57.030,12.90321,12.90682,0.00,0.00
2016.06.17 17:10:57.430,12.90321,12.90701,0.00,0.00
2016.06.17 17:10:57.844,12.90321,12.90681,0.00,0.00
2016.06.17 17:10:58.532,12.90321,12.90691,0.00,0.00
2016.06.17 17:10:59.807,12.90321,12.90701,0.00,0.00
2016.06.17 17:11:00.686,12.90321,12.90692,0.00,0.00
2016.06.17 17:11:01.203,12.90321,12.90682,0.00,0.00
2016.06.17 17:11:03.723,12.90321,12.907,0.00,0.00
2016.06.17 17:11:04.424,12.90321,12.90691,0.00,0.00
2016.06.17 17:11:07.527,12.90321,12.90672,0.00,0.00
2016.06.17 17:11:08.052,12.90321,12.90662,0.00,0.00
2016.06.17 17:11:08.103,12.90321,12.90681,0.00,0.00
2016.06.17 17:11:08.228,12.90321,12.90662,0.00,0.00
2016.06.17 17:11:09.902,12.90321,12.90641,0.00,0.00
2016.06.17 17:11:10.235,12.90229,12.90602,0.00,0.00
2016.06.17 17:11:10.386,12.90229,12.90592,0.00,0.00
2016.06.17 17:11:10.787,12.90234,12.90631,0.00,0.00
2016.06.17 17:11:10.869,12.90253,12.90641,0.00,0.00
2016.06.17 17:11:10.970,12.90238,12.90632,0.00,0.00
2016.06.17 17:11:12.772,12.90229,12.90611,0.00,0.00
2016.06.17 17:11:12.873,12.90249,12.9064,0.00,0.00
2016.06.17 17:11:13.207,12.90315,12.906,0.00,0.00
2016.06.17 17:11:13.426,12.90259,12.90601,0.00,0.00
2016.06.17 17:11:13.728,12.90239,12.90601,0.00,0.00
2016.06.17 17:11:14.237,12.90239,12.906,0.00,0.00
2016.06.17 17:11:14.810,12.90239,12.90601,0.00,0.00
2016.06.17 17:11:15.812,12.9023,12.906,0.00,0.00
2016.06.17 17:11:16.808,12.90229,12.90601,0.00,0.00
2016.06.17 17:11:17.409,12.9023,12.906,0.00,0.00
2016.06.17 17:11:18.835,12.90238,12.906,0.00,0.00
2016.06.17 17:11:19.204,12.9024,12.906,0.00,0.00
2016.06.17 17:11:19.573,12.90249,12.906,0.00,0.00
2016.06.17 17:11:19.769,12.9024,12.906,0.00,0.00
2016.06.17 17:11:20.988,12.90239,12.90601,0.00,0.00
2016.06.17 17:11:21.524,12.9024,12.906,0.00,0.00
2016.06.17 17:11:21.575,12.90249,12.906,0.00,0.00
2016.06.17 17:11:22.030,12.90319,12.90641,0.00,0.00
2016.06.17 17:11:22.081,12.90319,12.90651,0.00,0.00
2016.06.17 17:11:22.182,12.90319,12.90701,0.00,0.00
2016.06.17 17:11:22.333,12.9032,12.9065,0.00,0.00
2016.06.17 17:11:22.578,12.9032,12.90692,0.00,0.00
2016.06.17 17:11:23.346,12.90321,12.90692,0.00,0.00
2016.06.17 17:11:23.534,12.90321,12.907,0.00,0.00
2016.06.17 17:11:23.634,12.90321,12.90692,0.00,0.00
2016.06.17 17:11:24.048,12.90321,12.90701,0.00,0.00
2016.06.17 17:11:24.235,12.90329,12.90701,0.00,0.00
2016.06.17 17:11:24.634,12.9033,12.90682,0.00,0.00
2016.06.17 17:11:24.685,12.9033,12.907,0.00,0.00
2016.06.17 17:11:24.736,12.90339,12.907,0.00,0.00
2016.06.17 17:11:25.433,12.90339,12.90701,0.00,0.00
2016.06.17 17:11:25.484,12.90329,12.90692,0.00,0.00
2016.06.17 17:11:25.537,12.90339,12.90692,0.00,0.00
2016.06.17 17:11:25.587,12.90339,12.90701,0.00,0.00
2016.06.17 17:11:26.139,12.90339,12.90682,0.00,0.00
2016.06.17 17:11:26.189,12.9033,12.90682,0.00,0.00
2016.06.17 17:11:26.704,12.90329,12.90682,0.00,0.00
2016.06.17 17:11:26.840,12.90338,12.90701,0.00,0.00
2016.06.17 17:11:27.601,12.9032,12.907,0.00,0.00
2016.06.17 17:11:27.652,12.9026,12.906,0.00,0.00
2016.06.17 17:11:27.753,12.90239,12.90601,0.00,0.00
2016.06.17 17:11:28.091,12.90249,12.90601,0.00,0.00
2016.06.17 17:11:28.142,12.90229,12.90592,0.00,0.00
2016.06.17 17:11:28.348,12.90229,12.90601,0.00,0.00
2016.06.17 17:11:31.196,12.9023,12.906,0.00,0.00
2016.06.17 17:11:31.247,12.90238,12.906,0.00,0.00
2016.06.17 17:11:32.034,12.90239,12.90601,0.00,0.00
2016.06.17 17:11:32.898,12.90322,12.90601,0.00,0.00
2016.06.17 17:11:32.999,12.90329,12.90701,0.00,0.00
2016.06.17 17:11:33.300,12.90339,12.90701,0.00,0.00
2016.06.17 17:11:34.001,12.90339,12.90692,0.00,0.00
2016.06.17 17:11:34.052,12.90339,12.90701,0.00,0.00
2016.06.17 17:11:36.769,12.9034,12.907,0.00,0.00
2016.06.17 17:11:37.188,12.9042,12.90722,0.00,0.00
2016.06.17 17:11:37.304,12.90419,12.90732,0.00,0.00
2016.06.17 17:11:37.355,12.90419,12.90792,0.00,0.00
2016.06.17 17:11:37.456,12.9042,12.908,0.00,0.00
2016.06.17 17:11:37.557,12.90429,12.90801,0.00,0.00
2016.06.17 17:11:37.759,12.90521,12.90901,0.00,0.00
2016.06.17 17:11:37.860,12.90521,12.90892,0.00,0.00
2016.06.17 17:11:38.258,12.90521,12.909,0.00,0.00
2016.06.17 17:11:38.506,12.9052,12.9084,0.00,0.00
2016.06.17 17:11:38.659,12.90448,12.908,0.00,0.00
2016.06.17 17:11:38.710,12.9044,12.908,0.00,0.00
2016.06.17 17:11:40.491,12.90439,12.90801,0.00,0.00
2016.06.17 17:11:40.912,12.90429,12.90801,0.00,0.00
2016.06.17 17:11:41.411,12.90421,12.908,0.00,0.00
2016.06.17 17:11:42.107,12.90421,12.90801,0.00,0.00
2016.06.17 17:11:42.265,12.90428,12.90801,0.00,0.00
2016.06.17 17:11:43.086,12.90428,12.908,0.00,0.00
2016.06.17 17:11:43.925,12.90519,12.90841,0.00,0.00
2016.06.17 17:11:44.026,12.90519,12.90882,0.00,0.00
2016.06.17 17:11:44.076,12.90519,12.90901,0.00,0.00
2016.06.17 17:11:44.593,12.90521,12.90901,0.00,0.00
2016.06.17 17:11:44.919,12.90559,12.90901,0.00,0.00
2016.06.17 17:11:45.470,12.9056,12.909,0.00,0.00
2016.06.17 17:11:45.788,12.90619,12.909,0.00,0.00
2016.06.17 17:11:45.869,12.9063,12.91,0.00,0.00
2016.06.17 17:11:46.021,12.90629,12.90991,0.00,0.00
2016.06.17 17:11:46.072,12.90629,12.91001,0.00,0.00
2016.06.17 17:11:46.322,12.90649,12.91001,0.00,0.00
2016.06.17 17:11:46.574,12.90629,12.91001,0.00,0.00
2016.06.17 17:11:46.825,12.90639,12.91001,0.00,0.00
2016.06.17 17:11:47.672,12.9064,12.91,0.00,0.00
2016.06.17 17:11:47.995,12.9069,12.90991,0.00,0.00
2016.06.17 17:11:48.045,12.9063,12.90991,0.00,0.00
2016.06.17 17:11:48.096,12.9063,12.90982,0.00,0.00
2016.06.17 17:11:48.476,12.9063,12.90992,0.00,0.00
2016.06.17 17:11:49.226,12.90629,12.90992,0.00,0.00
2016.06.17 17:11:49.326,12.90629,12.90971,0.00,0.00
2016.06.17 17:11:49.377,12.90629,12.91001,0.00,0.00
2016.06.17 17:11:49.922,12.9063,12.91,0.00,0.00
2016.06.17 17:11:50.593,12.90629,12.91001,0.00,0.00
2016.06.17 17:11:51.252,12.9063,12.91,0.00,0.00
2016.06.17 17:11:51.913,12.90629,12.91001,0.00,0.00
2016.06.17 17:11:52.867,12.90638,12.91001,0.00,0.00
2016.06.17 17:11:52.918,12.90629,12.91001,0.00,0.00
2016.06.17 17:11:53.019,12.90649,12.91,0.00,0.00
2016.06.17 17:11:53.321,12.9072,12.91041,0.00,0.00
2016.06.17 17:11:53.372,12.9066,12.91,0.00,0.00
2016.06.17 17:11:53.524,12.90659,12.90991,0.00,0.00
2016.06.17 17:11:53.575,12.90629,12.90991,0.00,0.00
2016.06.17 17:11:53.626,12.90648,12.91001,0.00,0.00
2016.06.17 17:11:53.777,12.9073,12.911,0.00,0.00
2016.06.17 17:11:55.139,12.90729,12.91101,0.00,0.00
2016.06.17 17:11:55.891,12.90739,12.91101,0.00,0.00
2016.06.17 17:11:55.992,12.90729,12.91101,0.00,0.00
2016.06.17 17:11:56.277,12.9072,12.9104,0.00,0.00
2016.06.17 17:11:57.545,12.90719,12.91041,0.00,0.00
2016.06.17 17:11:58.946,12.9072,12.9104,0.00,0.00
2016.06.17 17:11:59.350,12.90722,12.91061,0.00,0.00
2016.06.17 17:11:59.401,12.90722,12.91081,0.00,0.00
2016.06.17 17:11:59.502,12.90728,12.91101,0.00,0.00
2016.06.17 17:12:00.133,12.90728,12.911,0.00,0.00
2016.06.17 17:12:00.947,12.90821,12.911,0.00,0.00
2016.06.17 17:12:01.048,12.90919,12.91201,0.00,0.00
2016.06.17 17:12:01.099,12.90919,12.91251,0.00,0.00
2016.06.17 17:12:01.200,12.90878,12.91201,0.00,0.00
2016.06.17 17:12:01.251,12.90829,12.91182,0.00,0.00
2016.06.17 17:12:01.352,12.9083,12.91191,0.00,0.00
2016.06.17 17:12:01.453,12.90829,12.91201,0.00,0.00
2016.06.17 17:12:01.698,12.9091,12.91202,0.00,0.00
2016.06.17 17:12:01.749,12.9091,12.9124,0.00,0.00
2016.06.17 17:12:02.091,12.90849,12.91201,0.00,0.00
2016.06.17 17:12:02.142,12.90829,12.91192,0.00,0.00
2016.06.17 17:12:02.243,12.90829,12.91201,0.00,0.00
2016.06.17 17:12:02.750,12.9083,12.912,0.00,0.00
2016.06.17 17:12:03.460,12.9083,12.91192,0.00,0.00
2016.06.17 17:12:03.727,12.9083,12.912,0.00,0.00
2016.06.17 17:12:04.683,12.9085,12.91232,0.00,0.00
2016.06.17 17:12:05.060,12.90849,12.91211,0.00,0.00
2016.06.17 17:12:05.130,12.90849,12.91232,0.00,0.00
2016.06.17 17:12:06.363,12.90849,12.91241,0.00,0.00
2016.06.17 17:12:07.132,12.90849,12.91232,0.00,0.00
2016.06.17 17:12:08.134,12.90849,12.91212,0.00,0.00
2016.06.17 17:12:08.745,12.90849,12.91201,0.00,0.00
2016.06.17 17:12:09.755,12.90849,12.91231,0.00,0.00
2016.06.17 17:12:10.237,12.9085,12.91221,0.00,0.00
2016.06.17 17:12:10.338,12.90849,12.91231,0.00,0.00
2016.06.17 17:12:10.672,12.90839,12.91141,0.00,0.00
2016.06.17 17:12:10.772,12.90822,12.9113,0.00,0.00
2016.06.17 17:12:10.823,12.90819,12.9113,0.00,0.00
2016.06.17 17:12:10.874,12.90759,12.91112,0.00,0.00
2016.06.17 17:12:10.931,12.9075,12.91112,0.00,0.00
2016.06.17 17:12:10.982,12.9075,12.91102,0.00,0.00
2016.06.17 17:12:11.777,12.90749,12.91102,0.00,0.00
2016.06.17 17:12:12.310,12.90749,12.91122,0.00,0.00
2016.06.17 17:12:12.440,12.90749,12.91101,0.00,0.00
2016.06.17 17:12:12.541,12.90749,12.91131,0.00,0.00
2016.06.17 17:12:12.736,12.90759,12.9113,0.00,0.00
2016.06.17 17:12:12.942,12.9085,12.9123,0.00,0.00
2016.06.17 17:12:13.275,12.90859,12.91231,0.00,0.00
2016.06.17 17:12:13.376,12.90849,12.91231,0.00,0.00
2016.06.17 17:12:13.477,12.90849,12.91201,0.00,0.00
2016.06.17 17:12:13.943,12.9085,12.9121,0.00,0.00
2016.06.17 17:12:13.994,12.9085,12.9123,0.00,0.00
2016.06.17 17:12:14.388,12.9085,12.91202,0.00,0.00
2016.06.17 17:12:15.086,12.90819,12.91181,0.00,0.00
2016.06.17 17:12:15.245,12.90819,12.91162,0.00,0.00
2016.06.17 17:12:15.446,12.90849,12.91211,0.00,0.00
2016.06.17 17:12:15.645,12.9085,12.91182,0.00,0.00
2016.06.17 17:12:15.746,12.9085,12.91192,0.00,0.00
2016.06.17 17:12:15.847,12.90849,12.91211,0.00,0.00
2016.06.17 17:12:16.553,12.9085,12.91211,0.00,0.00
2016.06.17 17:12:17.069,12.90849,12.91182,0.00,0.00
2016.06.17 17:12:17.370,12.90849,12.91202,0.00,0.00
2016.06.17 17:12:17.585,12.90849,12.91182,0.00,0.00
2016.06.17 17:12:17.648,12.90849,12.91212,0.00,0.00
2016.06.17 17:12:17.870,12.90849,12.91181,0.00,0.00
2016.06.17 17:12:18.194,12.90822,12.91101,0.00,0.00
2016.06.17 17:12:18.610,12.90749,12.91071,0.00,0.00
2016.06.17 17:12:18.775,12.90749,12.91062,0.00,0.00
2016.06.17 17:12:18.826,12.9072,12.9104,0.00,0.00
2016.06.17 17:12:19.551,12.90719,12.91041,0.00,0.00
2016.06.17 17:12:19.724,12.90749,12.91051,0.00,0.00
2016.06.17 17:12:19.774,12.90749,12.91082,0.00,0.00
2016.06.17 17:12:19.876,12.90749,12.91111,0.00,0.00
2016.06.17 17:12:20.289,12.90749,12.91091,0.00,0.00
2016.06.17 17:12:20.352,12.90749,12.91102,0.00,0.00
2016.06.17 17:12:20.692,12.9075,12.9113,0.00,0.00
2016.06.17 17:12:20.789,12.908,12.9113,0.00,0.00
2016.06.17 17:12:20.916,12.90749,12.91131,0.00,0.00
2016.06.17 17:12:20.966,12.90768,12.91131,0.00,0.00
2016.06.17 17:12:21.289,12.90849,12.91231,0.00,0.00
2016.06.17 17:12:21.491,12.9085,12.91211,0.00,0.00
2016.06.17 17:12:21.818,12.90849,12.91201,0.00,0.00
2016.06.17 17:12:22.170,12.9085,12.91182,0.00,0.00
2016.06.17 17:12:22.271,12.90849,12.91231,0.00,0.00
2016.06.17 17:12:22.322,12.9085,12.9121,0.00,0.00
2016.06.17 17:12:22.423,12.9085,12.9123,0.00,0.00
2016.06.17 17:12:22.792,12.9085,12.91212,0.00,0.00
2016.06.17 17:12:23.309,12.9075,12.91101,0.00,0.00
2016.06.17 17:12:23.771,12.90749,12.91121,0.00,0.00
2016.06.17 17:12:23.871,12.90749,12.91131,0.00,0.00
2016.06.17 17:12:24.372,12.90749,12.91122,0.00,0.00
2016.06.17 17:12:24.930,12.90749,12.91121,0.00,0.00
2016.06.17 17:12:24.981,12.90749,12.91131,0.00,0.00
2016.06.17 17:12:25.336,12.9075,12.91121,0.00,0.00
2016.06.17 17:12:25.882,12.9075,12.91101,0.00,0.00
2016.06.17 17:12:26.404,12.90749,12.91101,0.00,0.00
2016.06.17 17:12:26.705,12.90749,12.91061,0.00,0.00
2016.06.17 17:12:27.306,12.9075,12.9106,0.00,0.00
2016.06.17 17:12:28.010,12.9075,12.91072,0.00,0.00
2016.06.17 17:12:28.185,12.9075,12.91082,0.00,0.00
2016.06.17 17:12:28.286,12.90749,12.91072,0.00,0.00
2016.06.17 17:12:28.560,12.90749,12.91092,0.00,0.00
2016.06.17 17:12:28.714,12.90749,12.91121,0.00,0.00
2016.06.17 17:12:28.860,12.9075,12.91092,0.00,0.00
2016.06.17 17:12:29.346,12.90749,12.91102,0.00,0.00
2016.06.17 17:12:30.337,12.90709,12.9102,0.00,0.00
2016.06.17 17:12:30.438,12.90669,12.9102,0.00,0.00
2016.06.17 17:12:30.563,12.9065,12.91001,0.00,0.00
2016.06.17 17:12:30.764,12.90649,12.91021,0.00,0.00
2016.06.17 17:12:30.865,12.90649,12.90992,0.00,0.00
2016.06.17 17:12:32.410,12.9065,12.91,0.00,0.00
2016.06.17 17:12:32.461,12.9065,12.90971,0.00,0.00
2016.06.17 17:12:32.721,12.9065,12.90992,0.00,0.00
2016.06.17 17:12:34.295,12.90649,12.90992,0.00,0.00
2016.06.17 17:12:36.146,12.9065,12.90992,0.00,0.00
2016.06.17 17:12:37.278,12.9065,12.90971,0.00,0.00
2016.06.17 17:12:37.530,12.90649,12.90992,0.00,0.00
2016.06.17 17:12:38.036,12.9065,12.90992,0.00,0.00
2016.06.17 17:12:39.434,12.90649,12.90992,0.00,0.00
2016.06.17 17:12:40.253,12.9065,12.90972,0.00,0.00
2016.06.17 17:12:41.618,12.90649,12.90972,0.00,0.00
2016.06.17 17:12:42.227,12.9065,12.90972,0.00,0.00
2016.06.17 17:12:43.139,12.9065,12.90981,0.00,0.00
2016.06.17 17:12:43.746,12.90649,12.90981,0.00,0.00
2016.06.17 17:12:45.189,12.90649,12.91001,0.00,0.00
2016.06.17 17:12:45.757,12.9065,12.91,0.00,0.00
2016.06.17 17:12:45.847,12.9065,12.90991,0.00,0.00
2016.06.17 17:12:46.148,12.90649,12.90972,0.00,0.00
2016.06.17 17:12:46.555,12.90649,12.90982,0.00,0.00
2016.06.17 17:12:47.350,12.90649,12.90962,0.00,0.00
2016.06.17 17:12:47.401,12.90568,12.90931,0.00,0.00
2016.06.17 17:12:47.451,12.90558,12.90911,0.00,0.00
2016.06.17 17:12:47.502,12.90549,12.90911,0.00,0.00
2016.06.17 17:12:47.869,12.9055,12.90921,0.00,0.00
2016.06.17 17:12:47.951,12.9055,12.90911,0.00,0.00
2016.06.17 17:12:48.565,12.90549,12.90931,0.00,0.00
2016.06.17 17:12:49.953,12.90549,12.90921,0.00,0.00
2016.06.17 17:12:50.633,12.90549,12.90892,0.00,0.00
2016.06.17 17:12:51.856,12.90549,12.90912,0.00,0.00
2016.06.17 17:12:51.957,12.9055,12.90922,0.00,0.00
2016.06.17 17:12:52.256,12.90549,12.90911,0.00,0.00
2016.06.17 17:12:52.558,12.90549,12.90922,0.00,0.00
2016.06.17 17:12:53.242,12.9055,12.90902,0.00,0.00
2016.06.17 17:12:53.333,12.90549,12.90911,0.00,0.00
2016.06.17 17:12:53.383,12.9055,12.90892,0.00,0.00
2016.06.17 17:12:53.759,12.9055,12.909,0.00,0.00
2016.06.17 17:12:53.860,12.9055,12.90881,0.00,0.00
2016.06.17 17:12:54.473,12.90549,12.90881,0.00,0.00
2016.06.17 17:12:54.560,12.90549,12.90891,0.00,0.00
2016.06.17 17:12:55.100,12.90549,12.90901,0.00,0.00
2016.06.17 17:12:55.151,12.9055,12.9092,0.00,0.00
2016.06.17 17:12:55.787,12.9055,12.90922,0.00,0.00
2016.06.17 17:12:56.779,12.90549,12.90922,0.00,0.00
2016.06.17 17:12:57.648,12.9055,12.9093,0.00,0.00
2016.06.17 17:12:57.765,12.90568,12.90931,0.00,0.00
2016.06.17 17:12:58.266,12.90549,12.90931,0.00,0.00
2016.06.17 17:12:58.367,12.90549,12.90912,0.00,0.00
2016.06.17 17:12:58.717,12.90569,12.90931,0.00,0.00
2016.06.17 17:12:59.387,12.90549,12.90931,0.00,0.00
2016.06.17 17:13:00.590,12.9055,12.9093,0.00,0.00
2016.06.17 17:13:01.272,12.9055,12.90912,0.00,0.00
2016.06.17 17:13:01.680,12.90549,12.90922,0.00,0.00
2016.06.17 17:13:02.011,12.90559,12.90931,0.00,0.00
2016.06.17 17:13:02.075,12.90549,12.90922,0.00,0.00
2016.06.17 17:13:02.175,12.90549,12.90902,0.00,0.00
2016.06.17 17:13:02.478,12.90549,12.90891,0.00,0.00
2016.06.17 17:13:02.781,12.9052,12.9084,0.00,0.00
2016.06.17 17:13:03.197,12.9052,12.9088,0.00,0.00
2016.06.17 17:13:03.528,12.9052,12.90871,0.00,0.00
2016.06.17 17:13:04.400,12.90519,12.90871,0.00,0.00
2016.06.17 17:13:05.620,12.90549,12.90902,0.00,0.00
2016.06.17 17:13:06.193,12.90549,12.90891,0.00,0.00
2016.06.17 17:13:06.495,12.90519,12.90851,0.00,0.00
2016.06.17 17:13:06.647,12.90519,12.90861,0.00,0.00
2016.06.17 17:13:06.784,12.9052,12.9088,0.00,0.00
2016.06.17 17:13:07.219,12.90519,12.90872,0.00,0.00
2016.06.17 17:13:07.593,12.90519,12.90862,0.00,0.00
2016.06.17 17:13:07.694,12.90519,12.90872,0.00,0.00
2016.06.17 17:13:07.894,12.90521,12.90881,0.00,0.00
2016.06.17 17:13:07.945,12.90549,12.90882,0.00,0.00
2016.06.17 17:13:07.995,12.90549,12.90911,0.00,0.00
2016.06.17 17:13:08.096,12.90549,12.90921,0.00,0.00
2016.06.17 17:13:08.203,12.90549,12.90902,0.00,0.00
2016.06.17 17:13:08.591,12.9055,12.90911,0.00,0.00
2016.06.17 17:13:09.092,12.90549,12.90891,0.00,0.00
2016.06.17 17:13:09.714,12.9055,12.90891,0.00,0.00
2016.06.17 17:13:10.159,12.90549,12.90882,0.00,0.00
2016.06.17 17:13:10.210,12.90549,12.90911,0.00,0.00
2016.06.17 17:13:10.597,12.9055,12.90881,0.00,0.00
2016.06.17 17:13:10.797,12.90549,12.90892,0.00,0.00
2016.06.17 17:13:11.041,12.90539,12.90881,0.00,0.00
2016.06.17 17:13:11.198,12.9055,12.90911,0.00,0.00
2016.06.17 17:13:11.348,12.9055,12.90902,0.00,0.00
2016.06.17 17:13:11.928,12.90549,12.90891,0.00,0.00
2016.06.17 17:13:12.550,12.9055,12.90902,0.00,0.00
2016.06.17 17:13:12.668,12.90549,12.90921,0.00,0.00
2016.06.17 17:13:13.168,12.9055,12.90891,0.00,0.00
2016.06.17 17:13:13.269,12.9055,12.90901,0.00,0.00
2016.06.17 17:13:13.651,12.9055,12.90892,0.00,0.00
2016.06.17 17:13:15.824,12.90549,12.90892,0.00,0.00
2016.06.17 17:13:17.742,12.90549,12.90902,0.00,0.00
2016.06.17 17:13:17.843,12.9055,12.90912,0.00,0.00
2016.06.17 17:13:18.414,12.90549,12.90912,0.00,0.00
2016.06.17 17:13:19.073,12.9055,12.90912,0.00,0.00
2016.06.17 17:13:19.798,12.9055,12.90911,0.00,0.00
2016.06.17 17:13:20.409,12.90549,12.90911,0.00,0.00
2016.06.17 17:13:20.476,12.90549,12.90902,0.00,0.00
2016.06.17 17:13:20.811,12.90549,12.90912,0.00,0.00
2016.06.17 17:13:20.912,12.9055,12.90902,0.00,0.00
2016.06.17 17:13:21.283,12.90549,12.90882,0.00,0.00
2016.06.17 17:13:21.385,12.905,12.9084,0.00,0.00
2016.06.17 17:13:21.486,12.90458,12.90822,0.00,0.00
2016.06.17 17:13:21.896,12.9045,12.90822,0.00,0.00
2016.06.17 17:13:21.947,12.9045,12.90811,0.00,0.00
2016.06.17 17:13:22.639,12.90449,12.90811,0.00,0.00
2016.06.17 17:13:23.219,12.90449,12.90792,0.00,0.00
2016.06.17 17:13:23.396,12.9045,12.9083,0.00,0.00
2016.06.17 17:13:23.909,12.90449,12.90792,0.00,0.00
2016.06.17 17:13:24.382,12.90449,12.90831,0.00,0.00
2016.06.17 17:13:24.700,12.90449,12.90822,0.00,0.00
2016.06.17 17:13:25.642,12.90449,12.90831,0.00,0.00
2016.06.17 17:13:26.096,12.90449,12.9074,0.00,0.00
2016.06.17 17:13:26.168,12.90379,12.90722,0.00,0.00
2016.06.17 17:13:26.306,12.90379,12.90731,0.00,0.00
2016.06.17 17:13:26.407,12.90379,12.90712,0.00,0.00
2016.06.17 17:13:26.808,12.90379,12.90731,0.00,0.00
2016.06.17 17:13:27.009,12.9038,12.90711,0.00,0.00
2016.06.17 17:13:27.110,12.9038,12.9073,0.00,0.00
2016.06.17 17:13:27.261,12.9042,12.9075,0.00,0.00
2016.06.17 17:13:27.413,12.90449,12.90812,0.00,0.00
2016.06.17 17:13:27.778,12.9045,12.90822,0.00,0.00
2016.06.17 17:13:27.914,12.90449,12.90812,0.00,0.00
2016.06.17 17:13:29.154,12.9045,12.90812,0.00,0.00
2016.06.17 17:13:31.719,12.9045,12.9083,0.00,0.00
2016.06.17 17:13:32.611,12.90449,12.90831,0.00,0.00
2016.06.17 17:13:33.927,12.90458,12.90831,0.00,0.00
2016.06.17 17:13:34.728,12.90449,12.90822,0.00,0.00
2016.06.17 17:13:34.829,12.90449,12.90831,0.00,0.00
2016.06.17 17:13:36.836,12.9045,12.9083,0.00,0.00
2016.06.17 17:13:36.886,12.90459,12.9083,0.00,0.00
2016.06.17 17:13:37.332,12.9045,12.9083,0.00,0.00
2016.06.17 17:13:37.533,12.90449,12.90821,0.00,0.00
2016.06.17 17:13:37.933,12.90449,12.90811,0.00,0.00
2016.06.17 17:13:38.523,12.9045,12.90822,0.00,0.00
2016.06.17 17:13:38.601,12.9045,12.90811,0.00,0.00
2016.06.17 17:13:39.132,12.90449,12.90811,0.00,0.00
2016.06.17 17:13:39.202,12.90449,12.90822,0.00,0.00
2016.06.17 17:13:39.736,12.90449,12.90811,0.00,0.00
2016.06.17 17:13:40.213,12.90449,12.90801,0.00,0.00
2016.06.17 17:13:40.338,12.90449,12.90831,0.00,0.00
2016.06.17 17:13:40.439,12.90458,12.9083,0.00,0.00
2016.06.17 17:13:41.055,12.9045,12.9083,0.00,0.00
2016.06.17 17:13:41.308,12.90459,12.9083,0.00,0.00
2016.06.17 17:13:41.851,12.90459,12.90831,0.00,0.00
2016.06.17 17:13:42.110,12.90449,12.90831,0.00,0.00
2016.06.17 17:13:42.232,12.90449,12.90812,0.00,0.00
2016.06.17 17:13:42.410,12.90449,12.90822,0.00,0.00
2016.06.17 17:13:42.855,12.9045,12.90811,0.00,0.00
2016.06.17 17:13:43.112,12.90449,12.90831,0.00,0.00
2016.06.17 17:13:43.832,12.9045,12.9083,0.00,0.00
2016.06.17 17:13:46.577,12.9045,12.90822,0.00,0.00
2016.06.17 17:13:46.879,12.90449,12.90831,0.00,0.00
2016.06.17 17:13:46.965,12.90449,12.90811,0.00,0.00
2016.06.17 17:13:47.066,12.9045,12.90822,0.00,0.00
2016.06.17 17:13:47.167,12.90449,12.90811,0.00,0.00
2016.06.17 17:13:47.806,12.90489,12.90831,0.00,0.00
2016.06.17 17:13:47.867,12.90459,12.90831,0.00,0.00
2016.06.17 17:13:47.918,12.90449,12.90802,0.00,0.00
2016.06.17 17:13:48.068,12.90449,12.90822,0.00,0.00
2016.06.17 17:13:48.188,12.90449,12.90802,0.00,0.00
2016.06.17 17:13:48.519,12.9045,12.90791,0.00,0.00
2016.06.17 17:13:48.869,12.90449,12.90811,0.00,0.00
2016.06.17 17:13:49.501,12.9045,12.9081,0.00,0.00
2016.06.17 17:13:50.016,12.90449,12.90792,0.00,0.00
2016.06.17 17:13:50.833,12.9045,12.90792,0.00,0.00
2016.06.17 17:13:51.470,12.90419,12.90771,0.00,0.00
2016.06.17 17:13:51.813,12.90449,12.90772,0.00,0.00
2016.06.17 17:13:51.863,12.90449,12.90831,0.00,0.00
2016.06.17 17:13:52.484,12.9045,12.9083,0.00,0.00
2016.06.17 17:13:53.428,12.90449,12.90831,0.00,0.00
2016.06.17 17:13:54.275,12.9045,12.9083,0.00,0.00
2016.06.17 17:13:54.326,12.9045,12.90822,0.00,0.00
2016.06.17 17:13:54.832,12.9045,12.90811,0.00,0.00
2016.06.17 17:13:55.316,12.90449,12.90831,0.00,0.00
2016.06.17 17:13:56.180,12.90449,12.90792,0.00,0.00
2016.06.17 17:13:56.395,12.90449,12.90801,0.00,0.00
2016.06.17 17:13:56.695,12.90449,12.90792,0.00,0.00
2016.06.17 17:13:56.940,12.90449,12.90801,0.00,0.00
2016.06.17 17:13:56.996,12.90449,12.90792,0.00,0.00
2016.06.17 17:13:57.097,12.90449,12.90801,0.00,0.00
2016.06.17 17:13:57.198,12.90449,12.90792,0.00,0.00
2016.06.17 17:13:57.399,12.90359,12.90731,0.00,0.00
2016.06.17 17:13:58.090,12.90349,12.90721,0.00,0.00
2016.06.17 17:13:58.645,12.9035,12.90721,0.00,0.00
2016.06.17 17:13:59.158,12.90349,12.90711,0.00,0.00
2016.06.17 17:13:59.859,12.90349,12.90722,0.00,0.00
2016.06.17 17:13:59.998,12.90349,12.90712,0.00,0.00
2016.06.17 17:14:00.460,12.90349,12.90691,0.00,0.00
2016.06.17 17:14:00.800,12.90349,12.90682,0.00,0.00
2016.06.17 17:14:01.101,12.90349,12.90702,0.00,0.00
2016.06.17 17:14:01.202,12.90349,12.90721,0.00,0.00
2016.06.17 17:14:01.890,12.90338,12.90641,0.00,0.00
2016.06.17 17:14:01.941,12.90319,12.90641,0.00,0.00
2016.06.17 17:14:01.992,12.9035,12.9065,0.00,0.00
2016.06.17 17:14:02.093,12.9035,12.90681,0.00,0.00
2016.06.17 17:14:02.406,12.9027,12.9063,0.00,0.00
2016.06.17 17:14:02.516,12.90269,12.90621,0.00,0.00
2016.06.17 17:14:02.617,12.90269,12.90631,0.00,0.00
2016.06.17 17:14:02.879,12.90259,12.90631,0.00,0.00
2016.06.17 17:14:03.294,12.90278,12.90631,0.00,0.00
2016.06.17 17:14:03.864,12.90349,12.90711,0.00,0.00
2016.06.17 17:14:03.916,12.90349,12.90702,0.00,0.00
2016.06.17 17:14:04.220,12.9035,12.90691,0.00,0.00
2016.06.17 17:14:04.320,12.90349,12.90701,0.00,0.00
2016.06.17 17:14:04.396,12.90349,12.90731,0.00,0.00
2016.06.17 17:14:04.570,12.90349,12.90721,0.00,0.00
2016.06.17 17:14:05.044,12.90349,12.90681,0.00,0.00
2016.06.17 17:14:05.549,12.9035,12.90681,0.00,0.00
2016.06.17 17:14:05.723,12.90349,12.90721,0.00,0.00
2016.06.17 17:14:05.824,12.90349,12.90692,0.00,0.00
2016.06.17 17:14:05.925,12.90349,12.90712,0.00,0.00
2016.06.17 17:14:06.142,12.9035,12.90692,0.00,0.00
2016.06.17 17:14:06.243,12.9035,12.90712,0.00,0.00
2016.06.17 17:14:06.299,12.9035,12.9072,0.00,0.00
2016.06.17 17:14:06.828,12.9035,12.90721,0.00,0.00
2016.06.17 17:14:06.930,12.9035,12.90711,0.00,0.00
2016.06.17 17:14:07.437,12.90349,12.90731,0.00,0.00
2016.06.17 17:14:07.978,12.9035,12.9073,0.00,0.00
2016.06.17 17:14:08.230,12.90358,12.90731,0.00,0.00
2016.06.17 17:14:08.646,12.90349,12.90731,0.00,0.00
2016.06.17 17:14:08.747,12.90349,12.90721,0.00,0.00
2016.06.17 17:14:09.541,12.90259,12.90612,0.00,0.00
2016.06.17 17:14:09.591,12.9026,12.9063,0.00,0.00
2016.06.17 17:14:09.847,12.90259,12.90612,0.00,0.00
2016.06.17 17:14:10.147,12.90259,12.90631,0.00,0.00
2016.06.17 17:14:10.249,12.90259,12.90621,0.00,0.00
2016.06.17 17:14:10.448,12.90259,12.90631,0.00,0.00
2016.06.17 17:14:10.749,12.90259,12.90612,0.00,0.00
2016.06.17 17:14:11.493,12.9026,12.90612,0.00,0.00
2016.06.17 17:14:12.051,12.90259,12.90622,0.00,0.00
2016.06.17 17:14:12.251,12.9026,12.90611,0.00,0.00
2016.06.17 17:14:13.201,12.90259,12.90611,0.00,0.00
2016.06.17 17:14:13.655,12.90259,12.90622,0.00,0.00
2016.06.17 17:14:13.958,12.90259,12.90631,0.00,0.00
2016.06.17 17:14:15.266,12.90269,12.90631,0.00,0.00
2016.06.17 17:14:15.767,12.90259,12.90631,0.00,0.00
2016.06.17 17:14:16.168,12.9026,12.90622,0.00,0.00
2016.06.17 17:14:16.921,12.90259,12.90622,0.00,0.00
2016.06.17 17:14:17.222,12.90259,12.90631,0.00,0.00
2016.06.17 17:14:17.307,12.90259,12.90627,0.00,0.00
2016.06.17 17:14:17.658,12.90259,12.90607,0.00,0.00
2016.06.17 17:14:18.609,12.90259,12.90621,0.00,0.00
2016.06.17 17:14:19.511,12.90259,12.90607,0.00,0.00
2016.06.17 17:14:19.812,12.9026,12.90622,0.00,0.00
2016.06.17 17:14:20.742,12.90259,12.90631,0.00,0.00
2016.06.17 17:14:21.515,12.90259,12.90612,0.00,0.00
2016.06.17 17:14:21.916,12.90259,12.90631,0.00,0.00
2016.06.17 17:14:22.804,12.90268,12.90631,0.00,0.00
2016.06.17 17:14:24.461,12.90259,12.90631,0.00,0.00
2016.06.17 17:14:25.148,12.9026,12.9063,0.00,0.00
2016.06.17 17:14:25.661,12.90259,12.90631,0.00,0.00
2016.06.17 17:14:25.853,12.90268,12.9063,0.00,0.00
2016.06.17 17:14:26.254,12.90259,12.90631,0.00,0.00
2016.06.17 17:14:26.356,12.90268,12.90631,0.00,0.00
2016.06.17 17:14:26.914,12.90259,12.90622,0.00,0.00
2016.06.17 17:14:27.383,12.90259,12.90602,0.00,0.00
2016.06.17 17:14:27.557,12.90259,12.90612,0.00,0.00
2016.06.17 17:14:27.758,12.90259,12.90631,0.00,0.00
2016.06.17 17:14:28.603,12.90259,12.90622,0.00,0.00
2016.06.17 17:14:28.760,12.90259,12.90631,0.00,0.00
2016.06.17 17:14:29.361,12.90259,12.90621,0.00,0.00
2016.06.17 17:14:29.712,12.90259,12.90591,0.00,0.00
2016.06.17 17:14:30.519,12.9026,12.90591,0.00,0.00
2016.06.17 17:14:30.620,12.90259,12.90602,0.00,0.00
2016.06.17 17:14:30.675,12.90259,12.90622,0.00,0.00
2016.06.17 17:14:30.775,12.90259,12.90601,0.00,0.00
2016.06.17 17:14:31.082,12.90259,12.90592,0.00,0.00
2016.06.17 17:14:31.576,12.90259,12.90601,0.00,0.00
2016.06.17 17:14:31.776,12.90259,12.90611,0.00,0.00
2016.06.17 17:14:34.427,12.90259,12.90622,0.00,0.00
2016.06.17 17:14:35.869,12.90259,12.90631,0.00,0.00
2016.06.17 17:14:36.429,12.9026,12.9063,0.00,0.00
2016.06.17 17:14:36.503,12.9025,12.9062,0.00,0.00
2016.06.17 17:14:37.102,12.90249,12.90591,0.00,0.00
2016.06.17 17:14:37.330,12.90249,12.90612,0.00,0.00
2016.06.17 17:14:37.456,12.90249,12.90622,0.00,0.00
2016.06.17 17:14:38.147,12.9025,12.90622,0.00,0.00
2016.06.17 17:14:38.470,12.90249,12.90602,0.00,0.00
2016.06.17 17:14:39.112,12.90249,12.90622,0.00,0.00
2016.06.17 17:14:39.213,12.9025,12.9063,0.00,0.00
2016.06.17 17:14:39.847,12.90249,12.90631,0.00,0.00
2016.06.17 17:14:40.754,12.9025,12.9063,0.00,0.00
2016.06.17 17:14:41.074,12.90261,12.9063,0.00,0.00
2016.06.17 17:14:41.415,12.90349,12.90692,0.00,0.00
2016.06.17 17:14:41.566,12.90349,12.90702,0.00,0.00
2016.06.17 17:14:41.766,12.9035,12.90722,0.00,0.00
2016.06.17 17:14:41.867,12.90349,12.90731,0.00,0.00
2016.06.17 17:14:42.970,12.9035,12.9073,0.00,0.00
2016.06.17 17:14:43.042,12.90349,12.90692,0.00,0.00
2016.06.17 17:14:43.605,12.90349,12.90691,0.00,0.00
2016.06.17 17:14:43.870,12.90349,12.90702,0.00,0.00
2016.06.17 17:14:44.271,12.90349,12.90712,0.00,0.00
2016.06.17 17:14:44.472,12.90349,12.90731,0.00,0.00
2016.06.17 17:14:44.523,12.90359,12.90731,0.00,0.00
2016.06.17 17:14:45.060,12.90449,12.90752,0.00,0.00
2016.06.17 17:14:45.123,12.90422,12.90752,0.00,0.00
2016.06.17 17:14:45.174,12.90422,12.90771,0.00,0.00
2016.06.17 17:14:45.225,12.9045,12.9079,0.00,0.00
2016.06.17 17:14:45.675,12.9045,12.908,0.00,0.00
2016.06.17 17:14:46.175,12.90449,12.90791,0.00,0.00
2016.06.17 17:14:46.228,12.90449,12.90801,0.00,0.00
2016.06.17 17:14:47.628,12.9045,12.908,0.00,0.00
2016.06.17 17:14:47.679,12.9045,12.90782,0.00,0.00
2016.06.17 17:14:47.881,12.90449,12.90801,0.00,0.00
2016.06.17 17:14:48.360,12.90422,12.90781,0.00,0.00
2016.06.17 17:14:48.475,12.90422,12.90791,0.00,0.00
2016.06.17 17:14:48.660,12.90422,12.908,0.00,0.00
2016.06.17 17:14:49.405,12.90422,12.90801,0.00,0.00
2016.06.17 17:14:49.861,12.90422,12.90792,0.00,0.00
2016.06.17 17:14:49.983,12.90422,12.908,0.00,0.00
2016.06.17 17:14:51.185,12.90428,12.908,0.00,0.00
2016.06.17 17:14:51.880,12.90422,12.908,0.00,0.00
2016.06.17 17:14:52.489,12.90422,12.90801,0.00,0.00
2016.06.17 17:14:53.149,12.90422,12.908,0.00,0.00
2016.06.17 17:14:54.342,12.90422,12.9076,0.00,0.00
2016.06.17 17:14:55.046,12.90422,12.90761,0.00,0.00
2016.06.17 17:14:56.046,12.90422,12.9076,0.00,0.00
2016.06.17 17:14:57.250,12.90422,12.90792,0.00,0.00
2016.06.17 17:14:57.301,12.90422,12.90781,0.00,0.00
2016.06.17 17:14:57.700,12.90422,12.90792,0.00,0.00
2016.06.17 17:14:58.250,12.90422,12.907,0.00,0.00
2016.06.17 17:14:58.305,12.90359,12.90741,0.00,0.00
2016.06.17 17:14:58.591,12.90359,12.90722,0.00,0.00
2016.06.17 17:14:58.903,12.9036,12.907,0.00,0.00
2016.06.17 17:14:59.580,12.90419,12.90722,0.00,0.00
2016.06.17 17:14:59.632,12.90419,12.90732,0.00,0.00
2016.06.17 17:14:59.733,12.90419,12.90791,0.00,0.00
2016.06.17 17:14:59.833,12.90419,12.90782,0.00,0.00
2016.06.17 17:15:00.035,12.90419,12.90791,0.00,0.00
2016.06.17 17:15:00.384,12.90421,12.90801,0.00,0.00
2016.06.17 17:15:00.434,12.90421,12.90772,0.00,0.00
2016.06.17 17:15:00.536,12.90421,12.90801,0.00,0.00
2016.06.17 17:15:00.587,12.90421,12.90771,0.00,0.00
2016.06.17 17:15:00.908,12.90421,12.908,0.00,0.00
2016.06.17 17:15:01.030,12.90421,12.90772,0.00,0.00
2016.06.17 17:15:01.131,12.90421,12.90792,0.00,0.00
2016.06.17 17:15:01.390,12.90421,12.90801,0.00,0.00
2016.06.17 17:15:01.509,12.90421,12.90792,0.00,0.00
2016.06.17 17:15:01.743,12.90421,12.908,0.00,0.00
2016.06.17 17:15:02.249,12.90421,12.90801,0.00,0.00
2016.06.17 17:15:02.858,12.90421,12.908,0.00,0.00
2016.06.17 17:15:03.899,12.90421,12.90801,0.00,0.00
2016.06.17 17:15:05.027,12.90509,12.90801,0.00,0.00
2016.06.17 17:15:05.188,12.90449,12.90801,0.00,0.00
2016.06.17 17:15:05.929,12.90421,12.90791,0.00,0.00
2016.06.17 17:15:06.030,12.90421,12.90771,0.00,0.00
2016.06.17 17:15:06.140,12.90421,12.90782,0.00,0.00
2016.06.17 17:15:07.245,12.90421,12.908,0.00,0.00
2016.06.17 17:15:07.748,12.90421,12.90801,0.00,0.00
2016.06.17 17:15:08.249,12.90421,12.90782,0.00,0.00
2016.06.17 17:15:08.601,12.90429,12.90801,0.00,0.00
2016.06.17 17:15:08.702,12.90421,12.90801,0.00,0.00
2016.06.17 17:15:08.753,12.90421,12.90782,0.00,0.00
2016.06.17 17:15:09.147,12.9052,12.9085,0.00,0.00
2016.06.17 17:15:09.201,12.9052,12.90882,0.00,0.00
2016.06.17 17:15:09.302,12.90519,12.90901,0.00,0.00
2016.06.17 17:15:09.453,12.90519,12.90872,0.00,0.00
2016.06.17 17:15:09.554,12.9052,12.909,0.00,0.00
2016.06.17 17:15:09.656,12.90538,12.90901,0.00,0.00
2016.06.17 17:15:10.334,12.90521,12.90882,0.00,0.00
2016.06.17 17:15:10.713,12.90521,12.90901,0.00,0.00
2016.06.17 17:15:11.037,12.90521,12.90882,0.00,0.00
2016.06.17 17:15:12.337,12.90521,12.909,0.00,0.00
2016.06.17 17:15:13.143,12.90521,12.90901,0.00,0.00
2016.06.17 17:15:14.646,12.90521,12.90891,0.00,0.00
2016.06.17 17:15:17.746,12.90521,12.90901,0.00,0.00
2016.06.17 17:15:18.551,12.90521,12.909,0.00,0.00
2016.06.17 17:15:18.630,12.90521,12.90892,0.00,0.00
2016.06.17 17:15:19.854,12.90521,12.90901,0.00,0.00
2016.06.17 17:15:19.932,12.90521,12.90892,0.00,0.00
2016.06.17 17:15:20.033,12.90521,12.90901,0.00,0.00
2016.06.17 17:15:20.504,12.90521,12.90871,0.00,0.00
2016.06.17 17:15:21.235,12.90521,12.90891,0.00,0.00
2016.06.17 17:15:21.336,12.90521,12.909,0.00,0.00
2016.06.17 17:15:23.454,12.90521,12.90901,0.00,0.00
2016.06.17 17:15:23.861,12.90521,12.90891,0.00,0.00
2016.06.17 17:15:23.941,12.90521,12.90901,0.00,0.00
2016.06.17 17:15:24.042,12.90558,12.90901,0.00,0.00
2016.06.17 17:15:24.193,12.90619,12.91001,0.00,0.00
2016.06.17 17:15:24.343,12.90619,12.90972,0.00,0.00
2016.06.17 17:15:24.889,12.90621,12.90991,0.00,0.00
2016.06.17 17:15:24.945,12.90621,12.91,0.00,0.00
2016.06.17 17:15:26.165,12.9064,12.91,0.00,0.00
2016.06.17 17:15:26.666,12.90649,12.91001,0.00,0.00
2016.06.17 17:15:26.800,12.90629,12.90991,0.00,0.00
2016.06.17 17:15:27.436,12.90629,12.91001,0.00,0.00
2016.06.17 17:15:28.053,12.90638,12.91001,0.00,0.00
2016.06.17 17:15:28.970,12.90638,12.91,0.00,0.00
2016.06.17 17:15:29.798,12.90629,12.91001,0.00,0.00
2016.06.17 17:15:31.161,12.90629,12.90992,0.00,0.00
2016.06.17 17:15:31.559,12.90629,12.91001,0.00,0.00
2016.06.17 17:15:31.610,12.90629,12.90991,0.00,0.00
2016.06.17 17:15:31.762,12.90629,12.91001,0.00,0.00
2016.06.17 17:15:32.063,12.90629,12.90991,0.00,0.00
2016.06.17 17:15:32.364,12.90629,12.91001,0.00,0.00
2016.06.17 17:15:32.880,12.9063,12.91,0.00,0.00
2016.06.17 17:15:33.323,12.9063,12.90982,0.00,0.00
2016.06.17 17:15:33.984,12.90629,12.90982,0.00,0.00
2016.06.17 17:15:34.331,12.90568,12.90871,0.00,0.00
2016.06.17 17:15:34.382,12.90519,12.90881,0.00,0.00
2016.06.17 17:15:34.468,12.90519,12.90862,0.00,0.00
2016.06.17 17:15:34.568,12.90519,12.90881,0.00,0.00
2016.06.17 17:15:34.770,12.90519,12.90901,0.00,0.00
2016.06.17 17:15:34.932,12.90522,12.90901,0.00,0.00
2016.06.17 17:15:35.389,12.90529,12.909,0.00,0.00
2016.06.17 17:15:35.726,12.9054,12.909,0.00,0.00
2016.06.17 17:15:36.084,12.90539,12.90891,0.00,0.00
2016.06.17 17:15:36.701,12.90539,12.90901,0.00,0.00
2016.06.17 17:15:36.772,12.90539,12.90892,0.00,0.00
2016.06.17 17:15:37.083,12.90539,12.90901,0.00,0.00
2016.06.17 17:15:37.134,12.9053,12.909,0.00,0.00
2016.06.17 17:15:37.274,12.9053,12.90881,0.00,0.00
2016.06.17 17:15:37.926,12.9053,12.909,0.00,0.00
2016.06.17 17:15:38.009,12.9063,12.90901,0.00,0.00
2016.06.17 17:15:38.076,12.9063,12.90911,0.00,0.00
2016.06.17 17:15:38.126,12.90639,12.90911,0.00,0.00
2016.06.17 17:15:38.177,12.90639,12.91001,0.00,0.00
2016.06.17 17:15:39.090,12.90669,12.91001,0.00,0.00
2016.06.17 17:15:39.230,12.90649,12.91001,0.00,0.00
2016.06.17 17:15:39.280,12.90649,12.90982,0.00,0.00
2016.06.17 17:15:39.480,12.90649,12.91001,0.00,0.00
2016.06.17 17:15:40.685,12.9064,12.91,0.00,0.00
2016.06.17 17:15:41.295,12.9065,12.91,0.00,0.00
2016.06.17 17:15:41.896,12.90649,12.91001,0.00,0.00
2016.06.17 17:15:42.239,12.9064,12.91,0.00,0.00
2016.06.17 17:15:42.946,12.9065,12.91,0.00,0.00
2016.06.17 17:15:45.140,12.90649,12.91001,0.00,0.00
2016.06.17 17:15:46.516,12.90629,12.91001,0.00,0.00
2016.06.17 17:15:46.799,12.90638,12.91,0.00,0.00
2016.06.17 17:15:47.323,12.90629,12.90961,0.00,0.00
2016.06.17 17:15:48.823,12.90629,12.91001,0.00,0.00
2016.06.17 17:15:49.414,12.9063,12.91,0.00,0.00
2016.06.17 17:15:50.050,12.90629,12.91001,0.00,0.00
2016.06.17 17:15:51.364,12.90638,12.91,0.00,0.00
2016.06.17 17:15:51.804,12.90671,12.91,0.00,0.00
2016.06.17 17:15:51.961,12.9073,12.91092,0.00,0.00
2016.06.17 17:15:52.112,12.9073,12.911,0.00,0.00
2016.06.17 17:15:52.512,12.90729,12.91092,0.00,0.00
2016.06.17 17:15:52.613,12.9073,12.911,0.00,0.00
2016.06.17 17:15:53.013,12.90729,12.91081,0.00,0.00
2016.06.17 17:15:53.513,12.90729,12.91092,0.00,0.00
2016.06.17 17:15:53.614,12.90729,12.91101,0.00,0.00
2016.06.17 17:15:53.665,12.90739,12.91101,0.00,0.00
2016.06.17 17:15:54.087,12.90749,12.91091,0.00,0.00
2016.06.17 17:15:54.138,12.90749,12.91101,0.00,0.00
2016.06.17 17:15:54.239,12.9075,12.91072,0.00,0.00
2016.06.17 17:15:54.289,12.9073,12.91072,0.00,0.00
2016.06.17 17:15:54.617,12.9073,12.91082,0.00,0.00
2016.06.17 17:15:55.322,12.9073,12.911,0.00,0.00
2016.06.17 17:15:55.373,12.9074,12.911,0.00,0.00
2016.06.17 17:15:56.247,12.9075,12.911,0.00,0.00
2016.06.17 17:15:56.570,12.90759,12.91101,0.00,0.00
2016.06.17 17:15:58.804,12.90749,12.91101,0.00,0.00
2016.06.17 17:15:59.017,12.90822,12.91101,0.00,0.00
2016.06.17 17:15:59.068,12.90822,12.91122,0.00,0.00
2016.06.17 17:15:59.127,12.90822,12.9117,0.00,0.00
2016.06.17 17:15:59.227,12.90828,12.91201,0.00,0.00
2016.06.17 17:15:59.368,12.9083,12.912,0.00,0.00
2016.06.17 17:15:59.769,12.90839,12.91201,0.00,0.00
2016.06.17 17:16:00.129,12.9084,12.91182,0.00,0.00
2016.06.17 17:16:00.179,12.90829,12.91182,0.00,0.00
2016.06.17 17:16:01.012,12.9083,12.91182,0.00,0.00
2016.06.17 17:16:01.063,12.9073,12.911,0.00,0.00
2016.06.17 17:16:01.674,12.90729,12.91101,0.00,0.00
2016.06.17 17:16:02.235,12.9073,12.911,0.00,0.00
2016.06.17 17:16:02.286,12.90721,12.9104,0.00,0.00
2016.06.17 17:16:02.387,12.9069,12.91022,0.00,0.00
2016.06.17 17:16:02.537,12.90689,12.91041,0.00,0.00
2016.06.17 17:16:02.689,12.90658,12.90961,0.00,0.00
2016.06.17 17:16:02.979,12.9066,12.9104,0.00,0.00
2016.06.17 17:16:03.626,12.90659,12.91041,0.00,0.00
2016.06.17 17:16:04.906,12.9066,12.9104,0.00,0.00
2016.06.17 17:16:04.956,12.9066,12.91022,0.00,0.00
2016.06.17 17:16:05.430,12.9065,12.91,0.00,0.00
2016.06.17 17:16:05.481,12.90629,12.91001,0.00,0.00
2016.06.17 17:16:07.098,12.9063,12.91,0.00,0.00
2016.06.17 17:16:07.696,12.90629,12.91001,0.00,0.00
2016.06.17 17:16:07.851,12.9063,12.90992,0.00,0.00
2016.06.17 17:16:08.152,12.9063,12.91,0.00,0.00
2016.06.17 17:16:08.253,12.90629,12.90992,0.00,0.00
2016.06.17 17:16:09.162,12.90629,12.91001,0.00,0.00
2016.06.17 17:16:09.263,12.9063,12.90992,0.00,0.00
2016.06.17 17:16:09.489,12.90621,12.90992,0.00,0.00
2016.06.17 17:16:09.590,12.90621,12.90982,0.00,0.00
2016.06.17 17:16:09.757,12.90621,12.90992,0.00,0.00
2016.06.17 17:16:10.102,12.90621,12.91,0.00,0.00
2016.06.17 17:16:10.157,12.90621,12.90992,0.00,0.00
2016.06.17 17:16:12.263,12.90621,12.90982,0.00,0.00
2016.06.17 17:16:12.566,12.90621,12.90901,0.00,0.00
2016.06.17 17:16:13.282,12.9054,12.909,0.00,0.00
2016.06.17 17:16:13.359,12.90528,12.90901,0.00,0.00
2016.06.17 17:16:13.468,12.90548,12.90901,0.00,0.00
2016.06.17 17:16:13.768,12.90528,12.90901,0.00,0.00
2016.06.17 17:16:14.317,12.90521,12.90901,0.00,0.00
2016.06.17 17:16:14.770,12.90528,12.90901,0.00,0.00
2016.06.17 17:16:15.371,12.90521,12.90901,0.00,0.00
2016.06.17 17:16:15.688,12.90528,12.90901,0.00,0.00
2016.06.17 17:16:15.790,12.90521,12.90901,0.00,0.00
2016.06.17 17:16:16.306,12.90521,12.909,0.00,0.00
2016.06.17 17:16:16.473,12.90539,12.909,0.00,0.00
2016.06.17 17:16:16.677,12.90521,12.909,0.00,0.00
2016.06.17 17:16:17.420,12.90521,12.90901,0.00,0.00
2016.06.17 17:16:18.154,12.90519,12.90901,0.00,0.00
2016.06.17 17:16:18.205,12.90519,12.90852,0.00,0.00
2016.06.17 17:16:18.255,12.90458,12.90831,0.00,0.00
2016.06.17 17:16:18.306,12.90421,12.90801,0.00,0.00
2016.06.17 17:16:18.407,12.90421,12.90812,0.00,0.00
2016.06.17 17:16:18.575,12.90428,12.90822,0.00,0.00
2016.06.17 17:16:18.676,12.90421,12.90811,0.00,0.00
2016.06.17 17:16:18.777,12.90438,12.90831,0.00,0.00
2016.06.17 17:16:18.976,12.90421,12.90811,0.00,0.00
2016.06.17 17:16:19.377,12.90438,12.90831,0.00,0.00
2016.06.17 17:16:19.968,12.90438,12.9083,0.00,0.00
2016.06.17 17:16:20.317,12.90421,12.90801,0.00,0.00
2016.06.17 17:16:20.679,12.90428,12.90822,0.00,0.00
2016.06.17 17:16:20.781,12.90421,12.90812,0.00,0.00
2016.06.17 17:16:21.283,12.90421,12.90801,0.00,0.00
2016.06.17 17:16:22.351,12.90421,12.90791,0.00,0.00
2016.06.17 17:16:25.198,12.90429,12.9082,0.00,0.00
2016.06.17 17:16:25.249,12.90499,12.90821,0.00,0.00
2016.06.17 17:16:25.350,12.90421,12.90792,0.00,0.00
2016.06.17 17:16:25.450,12.90421,12.90802,0.00,0.00
2016.06.17 17:16:25.501,12.90421,12.90792,0.00,0.00
2016.06.17 17:16:26.130,12.90421,12.90791,0.00,0.00
2016.06.17 17:16:27.338,12.90421,12.90741,0.00,0.00
2016.06.17 17:16:27.388,12.90399,12.90741,0.00,0.00
2016.06.17 17:16:27.439,12.90388,12.90701,0.00,0.00
2016.06.17 17:16:27.503,12.90319,12.90701,0.00,0.00
2016.06.17 17:16:27.604,12.90348,12.907,0.00,0.00
2016.06.17 17:16:27.705,12.9032,12.907,0.00,0.00
2016.06.17 17:16:28.353,12.90339,12.90701,0.00,0.00
2016.06.17 17:16:28.454,12.90329,12.90701,0.00,0.00
2016.06.17 17:16:28.506,12.90339,12.90701,0.00,0.00
2016.06.17 17:16:28.812,12.90322,12.90691,0.00,0.00
2016.06.17 17:16:28.913,12.90322,12.90701,0.00,0.00
2016.06.17 17:16:29.010,12.90339,12.90701,0.00,0.00
2016.06.17 17:16:29.111,12.90322,12.907,0.00,0.00
2016.06.17 17:16:29.799,12.90322,12.90701,0.00,0.00
2016.06.17 17:16:29.850,12.90338,12.90701,0.00,0.00
2016.06.17 17:16:30.162,12.90359,12.907,0.00,0.00
2016.06.17 17:16:30.364,12.90419,12.90792,0.00,0.00
2016.06.17 17:16:30.415,12.90419,12.90801,0.00,0.00
2016.06.17 17:16:31.038,12.90419,12.90782,0.00,0.00
2016.06.17 17:16:31.341,12.90421,12.9074,0.00,0.00
2016.06.17 17:16:31.798,12.90379,12.90741,0.00,0.00
2016.06.17 17:16:32.249,12.9038,12.907,0.00,0.00
2016.06.17 17:16:33.069,12.9042,12.908,0.00,0.00
2016.06.17 17:16:33.119,12.90428,12.908,0.00,0.00
2016.06.17 17:16:33.421,12.9044,12.908,0.00,0.00
2016.06.17 17:16:33.572,12.90428,12.90801,0.00,0.00
2016.06.17 17:16:33.623,12.90421,12.90801,0.00,0.00
2016.06.17 17:16:33.825,12.90439,12.908,0.00,0.00
2016.06.17 17:16:34.121,12.90421,12.908,0.00,0.00
2016.06.17 17:16:34.931,12.90421,12.90792,0.00,0.00
2016.06.17 17:16:35.022,12.90421,12.908,0.00,0.00
2016.06.17 17:16:35.723,12.90438,12.908,0.00,0.00
2016.06.17 17:16:36.024,12.90428,12.90801,0.00,0.00
2016.06.17 17:16:36.348,12.90439,12.908,0.00,0.00
2016.06.17 17:16:36.894,12.90439,12.90801,0.00,0.00
2016.06.17 17:16:37.561,12.90421,12.90761,0.00,0.00
2016.06.17 17:16:37.878,12.90421,12.90791,0.00,0.00
2016.06.17 17:16:38.880,12.90421,12.90801,0.00,0.00
2016.06.17 17:16:39.399,12.90421,12.908,0.00,0.00
2016.06.17 17:16:40.541,12.90429,12.908,0.00,0.00
2016.06.17 17:16:40.940,12.90449,12.908,0.00,0.00
2016.06.17 17:16:41.531,12.90449,12.90801,0.00,0.00
2016.06.17 17:16:41.641,12.90438,12.908,0.00,0.00
2016.06.17 17:16:41.741,12.9043,12.908,0.00,0.00
2016.06.17 17:16:41.842,12.90421,12.90801,0.00,0.00
2016.06.17 17:16:41.943,12.90421,12.90792,0.00,0.00
2016.06.17 17:16:43.544,12.90421,12.90801,0.00,0.00
2016.06.17 17:16:44.897,12.90421,12.908,0.00,0.00
2016.06.17 17:16:45.347,12.90438,12.90801,0.00,0.00
2016.06.17 17:16:47.281,12.90438,12.908,0.00,0.00
2016.06.17 17:16:48.206,12.90438,12.90801,0.00,0.00
2016.06.17 17:16:50.090,12.90438,12.908,0.00,0.00
2016.06.17 17:16:50.670,12.90421,12.90801,0.00,0.00
2016.06.17 17:16:50.972,12.90438,12.90801,0.00,0.00
2016.06.17 17:16:51.269,12.90429,12.90801,0.00,0.00
2016.06.17 17:16:51.371,12.90421,12.90801,0.00,0.00
2016.06.17 17:16:51.512,12.90429,12.90801,0.00,0.00
2016.06.17 17:16:51.964,12.90448,12.90801,0.00,0.00
2016.06.17 17:16:52.465,12.90448,12.908,0.00,0.00
2016.06.17 17:16:52.573,12.90438,12.908,0.00,0.00
2016.06.17 17:16:52.674,12.90421,12.908,0.00,0.00
2016.06.17 17:16:53.903,12.90421,12.90801,0.00,0.00
2016.06.17 17:16:55.911,12.90421,12.908,0.00,0.00
2016.06.17 17:16:56.241,12.90439,12.90801,0.00,0.00
2016.06.17 17:16:56.550,12.9055,12.909,0.00,0.00
2016.06.17 17:16:58.253,12.90549,12.909,0.00,0.00
2016.06.17 17:16:58.528,12.90539,12.90901,0.00,0.00
2016.06.17 17:16:59.017,12.9063,12.90941,0.00,0.00
2016.06.17 17:16:59.104,12.9063,12.91,0.00,0.00
2016.06.17 17:16:59.304,12.90629,12.90982,0.00,0.00
2016.06.17 17:16:59.848,12.9063,12.90972,0.00,0.00
2016.06.17 17:17:00.108,12.9063,12.90992,0.00,0.00
2016.06.17 17:17:00.209,12.90629,12.91001,0.00,0.00
2016.06.17 17:17:00.627,12.9063,12.90982,0.00,0.00
2016.06.17 17:17:00.706,12.9063,12.90992,0.00,0.00
2016.06.17 17:17:02.323,12.9063,12.90981,0.00,0.00
2016.06.17 17:17:02.827,12.90629,12.90981,0.00,0.00
2016.06.17 17:17:02.928,12.90629,12.91001,0.00,0.00
2016.06.17 17:17:02.979,12.90619,12.9094,0.00,0.00
2016.06.17 17:17:03.030,12.90609,12.90941,0.00,0.00
2016.06.17 17:17:03.131,12.90589,12.90901,0.00,0.00
2016.06.17 17:17:03.243,12.90539,12.90901,0.00,0.00
2016.06.17 17:17:03.344,12.90529,12.90901,0.00,0.00
2016.06.17 17:17:04.112,12.90539,12.90901,0.00,0.00
2016.06.17 17:17:04.214,12.9053,12.909,0.00,0.00
2016.06.17 17:17:04.413,12.90538,12.909,0.00,0.00
2016.06.17 17:17:04.514,12.90529,12.90901,0.00,0.00
2016.06.17 17:17:05.114,12.90539,12.90901,0.00,0.00
2016.06.17 17:17:05.489,12.90559,12.90901,0.00,0.00
2016.06.17 17:17:06.340,12.9056,12.909,0.00,0.00
2016.06.17 17:17:07.051,12.90561,12.90901,0.00,0.00
2016.06.17 17:17:07.102,12.9063,12.91,0.00,0.00
2016.06.17 17:17:07.699,12.90629,12.91001,0.00,0.00
2016.06.17 17:17:08.358,12.9063,12.91,0.00,0.00
2016.06.17 17:17:08.625,12.9063,12.90991,0.00,0.00
2016.06.17 17:17:09.297,12.9062,12.90952,0.00,0.00
2016.06.17 17:17:09.348,12.90619,12.90972,0.00,0.00
2016.06.17 17:17:09.430,12.90629,12.91001,0.00,0.00
2016.06.17 17:17:09.731,12.90619,12.91001,0.00,0.00
2016.06.17 17:17:09.781,12.90629,12.91001,0.00,0.00
2016.06.17 17:17:10.093,12.90622,12.9096,0.00,0.00
2016.06.17 17:17:10.194,12.90622,12.90981,0.00,0.00
2016.06.17 17:17:10.245,12.90622,12.91,0.00,0.00
2016.06.17 17:17:10.787,12.90622,12.90972,0.00,0.00
2016.06.17 17:17:10.838,12.90622,12.91001,0.00,0.00
2016.06.17 17:17:11.776,12.90622,12.91,0.00,0.00
2016.06.17 17:17:12.893,12.9063,12.91,0.00,0.00
2016.06.17 17:17:13.712,12.90629,12.91001,0.00,0.00
2016.06.17 17:17:14.040,12.90639,12.91001,0.00,0.00
2016.06.17 17:17:15.092,12.9064,12.91,0.00,0.00
2016.06.17 17:17:15.793,12.90639,12.91001,0.00,0.00
2016.06.17 17:17:16.316,12.9064,12.91,0.00,0.00
2016.06.17 17:17:16.809,12.90629,12.91001,0.00,0.00
2016.06.17 17:17:16.961,12.90629,12.90991,0.00,0.00
2016.06.17 17:17:17.245,12.9063,12.91,0.00,0.00
2016.06.17 17:17:17.803,12.90629,12.91001,0.00,0.00
2016.06.17 17:17:18.082,12.90629,12.90981,0.00,0.00
2016.06.17 17:17:18.183,12.9057,12.9094,0.00,0.00
2016.06.17 17:17:18.783,12.90568,12.90941,0.00,0.00
2016.06.17 17:17:18.869,12.90578,12.90941,0.00,0.00
2016.06.17 17:17:19.817,12.90578,12.9094,0.00,0.00
2016.06.17 17:17:19.971,12.9056,12.9094,0.00,0.00
2016.06.17 17:17:20.072,12.90559,12.90931,0.00,0.00
2016.06.17 17:17:21.444,12.9056,12.90931,0.00,0.00
2016.06.17 17:17:21.674,12.9056,12.9094,0.00,0.00
2016.06.17 17:17:22.412,12.90559,12.90941,0.00,0.00
2016.06.17 17:17:23.072,12.9056,12.9094,0.00,0.00
2016.06.17 17:17:23.889,12.90559,12.90941,0.00,0.00
2016.06.17 17:17:25.794,12.9056,12.9094,0.00,0.00
2016.06.17 17:17:26.281,12.90569,12.9094,0.00,0.00
2016.06.17 17:17:26.381,12.9056,12.9094,0.00,0.00
2016.06.17 17:17:26.482,12.90559,12.90911,0.00,0.00
2016.06.17 17:17:26.583,12.9056,12.9094,0.00,0.00
2016.06.17 17:17:26.896,12.90559,12.90932,0.00,0.00
2016.06.17 17:17:27.698,12.9056,12.90932,0.00,0.00
2016.06.17 17:17:28.213,12.9056,12.9094,0.00,0.00
2016.06.17 17:17:28.524,12.9056,12.90932,0.00,0.00
2016.06.17 17:17:29.086,12.9056,12.90931,0.00,0.00
2016.06.17 17:17:29.465,12.90559,12.90922,0.00,0.00
2016.06.17 17:17:30.187,12.9056,12.90922,0.00,0.00
2016.06.17 17:17:30.249,12.9056,12.90931,0.00,0.00
2016.06.17 17:17:30.388,12.9056,12.90922,0.00,0.00
2016.06.17 17:17:30.538,12.9053,12.90902,0.00,0.00
2016.06.17 17:17:31.226,12.90529,12.90922,0.00,0.00
2016.06.17 17:17:31.607,12.90521,12.90901,0.00,0.00
2016.06.17 17:17:31.690,12.90559,12.9094,0.00,0.00
2016.06.17 17:17:31.791,12.90549,12.9094,0.00,0.00
2016.06.17 17:17:32.476,12.90569,12.90941,0.00,0.00
2016.06.17 17:17:32.853,12.90549,12.90941,0.00,0.00
2016.06.17 17:17:34.564,12.90539,12.90921,0.00,0.00
2016.06.17 17:17:34.766,12.9054,12.90931,0.00,0.00
2016.06.17 17:17:35.717,12.90539,12.90931,0.00,0.00
2016.06.17 17:17:35.768,12.90558,12.9094,0.00,0.00
2016.06.17 17:17:35.869,12.9053,12.90922,0.00,0.00
2016.06.17 17:17:36.071,12.90529,12.90912,0.00,0.00
2016.06.17 17:17:36.601,12.90529,12.90901,0.00,0.00
2016.06.17 17:17:37.584,12.9054,12.90931,0.00,0.00
2016.06.17 17:17:37.664,12.90549,12.9094,0.00,0.00
2016.06.17 17:17:37.872,12.90539,12.90931,0.00,0.00
2016.06.17 17:17:38.273,12.90558,12.9094,0.00,0.00
2016.06.17 17:17:38.582,12.9065,12.91,0.00,0.00
2016.06.17 17:17:38.913,12.90659,12.91001,0.00,0.00
2016.06.17 17:17:39.525,12.9065,12.9096,0.00,0.00
2016.06.17 17:17:39.626,12.9063,12.91,0.00,0.00
2016.06.17 17:17:39.677,12.9063,12.90991,0.00,0.00
2016.06.17 17:17:39.876,12.90629,12.91001,0.00,0.00
2016.06.17 17:17:40.078,12.90638,12.91001,0.00,0.00
2016.06.17 17:17:40.277,12.90629,12.91001,0.00,0.00
2016.06.17 17:17:41.458,12.90638,12.91001,0.00,0.00
2016.06.17 17:17:42.053,12.90629,12.90972,0.00,0.00
2016.06.17 17:17:42.381,12.90629,12.90992,0.00,0.00
2016.06.17 17:17:42.802,12.90629,12.90982,0.00,0.00
2016.06.17 17:17:43.680,12.90629,12.90981,0.00,0.00
2016.06.17 17:17:43.985,12.9063,12.90992,0.00,0.00
2016.06.17 17:17:44.162,12.9063,12.90982,0.00,0.00
2016.06.17 17:17:44.236,12.90588,12.90941,0.00,0.00
2016.06.17 17:17:44.287,12.90529,12.90922,0.00,0.00
2016.06.17 17:17:44.497,12.90548,12.90941,0.00,0.00
2016.06.17 17:17:44.826,12.90589,12.90951,0.00,0.00
2016.06.17 17:17:46.456,12.9059,12.9095,0.00,0.00
2016.06.17 17:17:46.950,12.90589,12.90941,0.00,0.00
2016.06.17 17:17:47.001,12.90589,12.90951,0.00,0.00
2016.06.17 17:17:47.834,12.9059,12.9095,0.00,0.00
2016.06.17 17:17:48.409,12.90589,12.90951,0.00,0.00
2016.06.17 17:17:48.653,12.90558,12.909,0.00,0.00
2016.06.17 17:17:48.703,12.9055,12.909,0.00,0.00
2016.06.17 17:17:49.246,12.90539,12.90901,0.00,0.00
2016.06.17 17:17:49.780,12.90549,12.90901,0.00,0.00
2016.06.17 17:17:50.297,12.9054,12.909,0.00,0.00
2016.06.17 17:17:51.049,12.90539,12.90901,0.00,0.00
2016.06.17 17:17:51.550,12.9054,12.909,0.00,0.00
2016.06.17 17:17:52.152,12.90539,12.90901,0.00,0.00
2016.06.17 17:17:52.402,12.90549,12.90901,0.00,0.00
2016.06.17 17:17:52.502,12.90539,12.90901,0.00,0.00
2016.06.17 17:17:53.114,12.9054,12.909,0.00,0.00
2016.06.17 17:17:53.165,12.90529,12.90901,0.00,0.00
2016.06.17 17:17:53.216,12.90549,12.90901,0.00,0.00
2016.06.17 17:17:53.317,12.90529,12.90901,0.00,0.00
2016.06.17 17:17:54.054,12.9053,12.909,0.00,0.00
2016.06.17 17:17:54.715,12.90529,12.90901,0.00,0.00
2016.06.17 17:17:55.465,12.90528,12.90901,0.00,0.00
2016.06.17 17:17:55.533,12.90521,12.90901,0.00,0.00
2016.06.17 17:17:56.219,12.90548,12.90901,0.00,0.00
2016.06.17 17:17:56.279,12.90521,12.90892,0.00,0.00
2016.06.17 17:17:56.335,12.90528,12.90901,0.00,0.00
2016.06.17 17:17:56.435,12.90548,12.90901,0.00,0.00
2016.06.17 17:17:56.736,12.9053,12.909,0.00,0.00
2016.06.17 17:17:57.262,12.90529,12.90901,0.00,0.00
2016.06.17 17:17:57.663,12.90521,12.90901,0.00,0.00
2016.06.17 17:17:57.760,12.90521,12.90891,0.00,0.00
2016.06.17 17:17:58.962,12.90521,12.90871,0.00,0.00
2016.06.17 17:17:59.063,12.90521,12.90881,0.00,0.00
2016.06.17 17:17:59.163,12.90521,12.90901,0.00,0.00
2016.06.17 17:17:59.860,12.90521,12.909,0.00,0.00
2016.06.17 17:17:59.914,12.90539,12.90901,0.00,0.00
2016.06.17 17:17:59.966,12.90529,12.90901,0.00,0.00
2016.06.17 17:18:00.467,12.9053,12.90892,0.00,0.00
2016.06.17 17:18:00.517,12.90521,12.90892,0.00,0.00
2016.06.17 17:18:00.969,12.90521,12.90901,0.00,0.00
2016.06.17 17:18:01.069,12.90528,12.90901,0.00,0.00
2016.06.17 17:18:01.534,12.90539,12.909,0.00,0.00
2016.06.17 17:18:02.198,12.90518,12.90841,0.00,0.00
2016.06.17 17:18:02.323,12.90471,12.90812,0.00,0.00
2016.06.17 17:18:02.374,12.90471,12.90822,0.00,0.00
2016.06.17 17:18:02.475,12.90471,12.9084,0.00,0.00
2016.06.17 17:18:03.227,12.90471,12.90831,0.00,0.00
2016.06.17 17:18:03.549,12.9044,12.90831,0.00,0.00
2016.06.17 17:18:03.678,12.90449,12.90831,0.00,0.00
2016.06.17 17:18:03.746,12.90458,12.90841,0.00,0.00
2016.06.17 17:18:04.350,12.90449,12.90812,0.00,0.00
2016.06.17 17:18:04.401,12.9044,12.90812,0.00,0.00
2016.06.17 17:18:04.452,12.9044,12.90822,0.00,0.00
2016.06.17 17:18:04.502,12.90449,12.90822,0.00,0.00
2016.06.17 17:18:04.732,12.9045,12.90832,0.00,0.00
2016.06.17 17:18:04.833,12.90449,12.90812,0.00,0.00
2016.06.17 17:18:04.934,12.9045,12.9084,0.00,0.00
2016.06.17 17:18:05.035,12.90458,12.90841,0.00,0.00
2016.06.17 17:18:05.343,12.90439,12.90812,0.00,0.00
2016.06.17 17:18:06.148,12.9043,12.90812,0.00,0.00
2016.06.17 17:18:06.686,12.90429,12.90812,0.00,0.00
2016.06.17 17:18:06.736,12.90429,12.90801,0.00,0.00
2016.06.17 17:18:07.036,12.90429,12.90812,0.00,0.00
2016.06.17 17:18:07.186,12.90421,12.90812,0.00,0.00
2016.06.17 17:18:07.236,12.90421,12.90801,0.00,0.00
2016.06.17 17:18:07.915,12.90419,12.90741,0.00,0.00
2016.06.17 17:18:09.295,12.90422,12.90741,0.00,0.00
2016.06.17 17:18:09.893,12.90419,12.90741,0.00,0.00
2016.06.17 17:18:12.157,12.90421,12.90741,0.00,0.00
2016.06.17 17:18:12.208,12.90421,12.90772,0.00,0.00
2016.06.17 17:18:12.309,12.90421,12.90782,0.00,0.00
2016.06.17 17:18:12.430,12.90429,12.90801,0.00,0.00
2016.06.17 17:18:13.021,12.90429,12.908,0.00,0.00
2016.06.17 17:18:13.088,12.90438,12.908,0.00,0.00
2016.06.17 17:18:13.351,12.90429,12.90801,0.00,0.00
2016.06.17 17:18:13.547,12.90439,12.90801,0.00,0.00
2016.06.17 17:18:14.102,12.90439,12.908,0.00,0.00
2016.06.17 17:18:14.503,12.9051,12.908,0.00,0.00
2016.06.17 17:18:14.903,12.90449,12.90801,0.00,0.00
2016.06.17 17:18:15.428,12.90429,12.90801,0.00,0.00
2016.06.17 17:18:16.608,12.90421,12.908,0.00,0.00
2016.06.17 17:18:17.294,12.90421,12.90801,0.00,0.00
2016.06.17 17:18:17.785,12.90428,12.908,0.00,0.00
2016.06.17 17:18:18.286,12.90421,12.90792,0.00,0.00
2016.06.17 17:18:18.387,12.90429,12.90801,0.00,0.00
2016.06.17 17:18:18.786,12.90438,12.90801,0.00,0.00
2016.06.17 17:18:19.322,12.90372,12.9073,0.00,0.00
2016.06.17 17:18:19.648,12.90372,12.90701,0.00,0.00
2016.06.17 17:18:19.993,12.90372,12.90692,0.00,0.00
2016.06.17 17:18:20.285,12.90321,12.90692,0.00,0.00
2016.06.17 17:18:20.386,12.90321,12.90701,0.00,0.00
2016.06.17 17:18:20.868,12.90321,12.90682,0.00,0.00
2016.06.17 17:18:21.380,12.90321,12.90711,0.00,0.00
2016.06.17 17:18:22.370,12.90321,12.90682,0.00,0.00
2016.06.17 17:18:22.947,12.90321,12.90702,0.00,0.00
2016.06.17 17:18:23.779,12.90328,12.90722,0.00,0.00
2016.06.17 17:18:23.977,12.90321,12.90691,0.00,0.00
2016.06.17 17:18:24.178,12.90321,12.90712,0.00,0.00
2016.06.17 17:18:24.251,12.90329,12.90721,0.00,0.00
2016.06.17 17:18:24.379,12.90321,12.90701,0.00,0.00
2016.06.17 17:18:24.882,12.90321,12.90711,0.00,0.00
2016.06.17 17:18:26.390,12.90321,12.90692,0.00,0.00
2016.06.17 17:18:26.692,12.90321,12.90712,0.00,0.00
2016.06.17 17:18:26.896,12.90321,12.90702,0.00,0.00
2016.06.17 17:18:27.594,12.90321,12.90691,0.00,0.00
2016.06.17 17:18:28.045,12.90399,12.90691,0.00,0.00
2016.06.17 17:18:28.097,12.90399,12.90722,0.00,0.00
2016.06.17 17:18:28.148,12.90328,12.90722,0.00,0.00
2016.06.17 17:18:28.199,12.90338,12.90732,0.00,0.00
2016.06.17 17:18:28.526,12.90321,12.90682,0.00,0.00
2016.06.17 17:18:28.627,12.90321,12.90692,0.00,0.00
2016.06.17 17:18:28.728,12.90321,12.90682,0.00,0.00
2016.06.17 17:18:29.356,12.90321,12.90712,0.00,0.00
2016.06.17 17:18:29.407,12.90348,12.9074,0.00,0.00
2016.06.17 17:18:30.018,12.90348,12.90741,0.00,0.00
2016.06.17 17:18:30.351,12.90329,12.90722,0.00,0.00
2016.06.17 17:18:31.461,12.90359,12.90741,0.00,0.00
2016.06.17 17:18:31.602,12.90348,12.90741,0.00,0.00
2016.06.17 17:18:31.653,12.90329,12.90722,0.00,0.00
2016.06.17 17:18:32.110,12.90348,12.90741,0.00,0.00
2016.06.17 17:18:33.330,12.90329,12.90711,0.00,0.00
2016.06.17 17:18:33.688,12.90338,12.90732,0.00,0.00
2016.06.17 17:18:34.733,12.90348,12.90741,0.00,0.00
2016.06.17 17:18:35.041,12.90321,12.90681,0.00,0.00
2016.06.17 17:18:35.404,12.90321,12.90672,0.00,0.00
2016.06.17 17:18:36.263,12.90321,12.90701,0.00,0.00
2016.06.17 17:18:36.313,12.9033,12.90701,0.00,0.00
2016.06.17 17:18:36.364,12.90338,12.9073,0.00,0.00
2016.06.17 17:18:36.415,12.90339,12.90732,0.00,0.00
2016.06.17 17:18:36.465,12.90339,12.90722,0.00,0.00
2016.06.17 17:18:36.667,12.9034,12.90731,0.00,0.00
2016.06.17 17:18:36.998,12.90358,12.9074,0.00,0.00
2016.06.17 17:18:37.308,12.90339,12.90712,0.00,0.00
2016.06.17 17:18:37.359,12.90339,12.90732,0.00,0.00
2016.06.17 17:18:37.764,12.90369,12.90741,0.00,0.00
2016.06.17 17:18:37.966,12.90419,12.90801,0.00,0.00
2016.06.17 17:18:38.118,12.9044,12.908,0.00,0.00
2016.06.17 17:18:38.880,12.90459,12.90801,0.00,0.00
2016.06.17 17:18:39.214,12.90429,12.90791,0.00,0.00
2016.06.17 17:18:40.366,12.90439,12.90801,0.00,0.00
2016.06.17 17:18:40.467,12.90421,12.90801,0.00,0.00
2016.06.17 17:18:41.268,12.90429,12.90801,0.00,0.00
2016.06.17 17:18:41.837,12.90438,12.90801,0.00,0.00
2016.06.17 17:18:42.155,12.90421,12.90801,0.00,0.00
2016.06.17 17:18:42.832,12.90429,12.908,0.00,0.00
2016.06.17 17:18:43.311,12.90421,12.908,0.00,0.00
2016.06.17 17:18:43.362,12.90428,12.908,0.00,0.00
2016.06.17 17:18:43.863,12.90428,12.90801,0.00,0.00
2016.06.17 17:18:44.192,12.90439,12.90801,0.00,0.00
2016.06.17 17:18:44.912,12.90439,12.908,0.00,0.00
2016.06.17 17:18:44.994,12.90428,12.908,0.00,0.00
2016.06.17 17:18:45.229,12.90449,12.90801,0.00,0.00
2016.06.17 17:18:45.642,12.90489,12.90851,0.00,0.00
2016.06.17 17:18:47.347,12.9046,12.9085,0.00,0.00
2016.06.17 17:18:48.332,12.90469,12.9085,0.00,0.00
2016.06.17 17:18:48.699,12.9046,12.90841,0.00,0.00
2016.06.17 17:18:49.220,12.90459,12.90841,0.00,0.00
2016.06.17 17:18:49.924,12.9046,12.90841,0.00,0.00
2016.06.17 17:18:50.365,12.90479,12.90851,0.00,0.00
2016.06.17 17:18:50.520,12.90528,12.90901,0.00,0.00
2016.06.17 17:18:50.982,12.90522,12.909,0.00,0.00
2016.06.17 17:18:51.098,12.90539,12.909,0.00,0.00
2016.06.17 17:18:51.687,12.90549,12.90901,0.00,0.00
2016.06.17 17:18:52.030,12.90522,12.90861,0.00,0.00
2016.06.17 17:18:52.913,12.90522,12.90891,0.00,0.00
2016.06.17 17:18:53.495,12.90522,12.90881,0.00,0.00
2016.06.17 17:18:53.596,12.90522,12.90901,0.00,0.00
2016.06.17 17:18:53.798,12.90528,12.90901,0.00,0.00
2016.06.17 17:18:54.281,12.90539,12.909,0.00,0.00
2016.06.17 17:18:54.332,12.90522,12.90901,0.00,0.00
2016.06.17 17:18:54.497,12.90522,12.90882,0.00,0.00
2016.06.17 17:18:54.559,12.90522,12.909,0.00,0.00
2016.06.17 17:18:55.271,12.90522,12.90901,0.00,0.00
2016.06.17 17:18:55.702,12.90522,12.90861,0.00,0.00
2016.06.17 17:18:55.803,12.90522,12.90872,0.00,0.00
2016.06.17 17:18:55.854,12.90522,12.9086,0.00,0.00
2016.06.17 17:18:56.056,12.90519,12.90901,0.00,0.00
2016.06.17 17:18:56.107,12.90519,12.90862,0.00,0.00
2016.06.17 17:18:56.208,12.90539,12.90901,0.00,0.00
2016.06.17 17:18:56.414,12.90519,12.90901,0.00,0.00
2016.06.17 17:18:56.464,12.9052,12.9084,0.00,0.00
2016.06.17 17:18:57.680,12.90522,12.90841,0.00,0.00
2016.06.17 17:18:58.003,12.9052,12.9084,0.00,0.00
2016.06.17 17:18:58.651,12.90519,12.90841,0.00,0.00
2016.06.17 17:18:59.282,12.9052,12.9084,0.00,0.00
2016.06.17 17:18:59.783,12.90519,12.90841,0.00,0.00
2016.06.17 17:19:00.447,12.9052,12.9084,0.00,0.00
2016.06.17 17:19:01.158,12.90519,12.90841,0.00,0.00
2016.06.17 17:19:02.360,12.9052,12.9085,0.00,0.00
2016.06.17 17:19:02.915,12.90519,12.90851,0.00,0.00
2016.06.17 17:19:03.834,12.90429,12.90801,0.00,0.00
2016.06.17 17:19:04.166,12.9043,12.90792,0.00,0.00
2016.06.17 17:19:04.665,12.9043,12.90771,0.00,0.00
2016.06.17 17:19:05.109,12.90429,12.90791,0.00,0.00
2016.06.17 17:19:05.510,12.90429,12.90801,0.00,0.00
2016.06.17 17:19:06.168,12.9043,12.908,0.00,0.00
2016.06.17 17:19:06.707,12.90429,12.90801,0.00,0.00
2016.06.17 17:19:06.858,12.90438,12.90801,0.00,0.00
2016.06.17 17:19:07.436,12.90429,12.90792,0.00,0.00
2016.06.17 17:19:07.686,12.90429,12.90801,0.00,0.00
2016.06.17 17:19:08.290,12.9043,12.908,0.00,0.00
2016.06.17 17:19:08.875,12.90429,12.90801,0.00,0.00
2016.06.17 17:19:10.097,12.9043,12.90792,0.00,0.00
2016.06.17 17:19:10.882,12.90429,12.90792,0.00,0.00
2016.06.17 17:19:13.292,12.9043,12.90792,0.00,0.00
2016.06.17 17:19:13.779,12.9043,12.90771,0.00,0.00
2016.06.17 17:19:13.830,12.90379,12.90741,0.00,0.00
2016.06.17 17:19:13.880,12.90369,12.90722,0.00,0.00
2016.06.17 17:19:13.931,12.90329,12.90701,0.00,0.00
2016.06.17 17:19:14.266,12.90348,12.90701,0.00,0.00
2016.06.17 17:19:14.317,12.9033,12.907,0.00,0.00
2016.06.17 17:19:14.476,12.90329,12.90681,0.00,0.00
2016.06.17 17:19:14.577,12.90329,12.90701,0.00,0.00
2016.06.17 17:19:15.197,12.9033,12.907,0.00,0.00
2016.06.17 17:19:17.366,12.9033,12.90682,0.00,0.00
2016.06.17 17:19:17.485,12.9033,12.907,0.00,0.00
2016.06.17 17:19:17.586,12.90338,12.907,0.00,0.00
2016.06.17 17:19:17.767,12.9033,12.907,0.00,0.00
2016.06.17 17:19:18.286,12.90329,12.90701,0.00,0.00
2016.06.17 17:19:18.387,12.90329,12.90682,0.00,0.00
2016.06.17 17:19:18.692,12.90399,12.90701,0.00,0.00
2016.06.17 17:19:18.743,12.90339,12.907,0.00,0.00
2016.06.17 17:19:19.169,12.90329,12.90701,0.00,0.00
2016.06.17 17:19:19.270,12.90329,12.90692,0.00,0.00
2016.06.17 17:19:19.611,12.90329,12.90682,0.00,0.00
2016.06.17 17:19:20.189,12.90329,12.90701,0.00,0.00
2016.06.17 17:19:20.509,12.90349,12.907,0.00,0.00
2016.06.17 17:19:21.174,12.90349,12.90701,0.00,0.00
2016.06.17 17:19:21.552,12.90329,12.90701,0.00,0.00
2016.06.17 17:19:21.667,12.90348,12.907,0.00,0.00
2016.06.17 17:19:21.717,12.90348,12.90742,0.00,0.00
2016.06.17 17:19:21.768,12.90409,12.90801,0.00,0.00
2016.06.17 17:19:22.142,12.9042,12.90782,0.00,0.00
2016.06.17 17:19:22.705,12.90421,12.90781,0.00,0.00
2016.06.17 17:19:23.164,12.90421,12.908,0.00,0.00
2016.06.17 17:19:23.251,12.90421,12.90782,0.00,0.00
2016.06.17 17:19:23.982,12.90421,12.90771,0.00,0.00
2016.06.17 17:19:24.573,12.90421,12.90801,0.00,0.00
2016.06.17 17:19:25.225,12.90421,12.908,0.00,0.00
2016.06.17 17:19:25.826,12.90421,12.90801,0.00,0.00
2016.06.17 17:19:25.876,12.90428,12.90801,0.00,0.00
2016.06.17 17:19:26.278,12.90439,12.908,0.00,0.00
2016.06.17 17:19:26.361,12.90421,12.90791,0.00,0.00
2016.06.17 17:19:26.578,12.90421,12.90782,0.00,0.00
2016.06.17 17:19:26.679,12.90419,12.90791,0.00,0.00
2016.06.17 17:19:26.730,12.90419,12.90751,0.00,0.00
2016.06.17 17:19:29.237,12.9042,12.9075,0.00,0.00
2016.06.17 17:19:29.845,12.90389,12.90751,0.00,0.00
2016.06.17 17:19:30.339,12.90421,12.90751,0.00,0.00
2016.06.17 17:19:30.391,12.90421,12.90792,0.00,0.00
2016.06.17 17:19:30.492,12.90421,12.908,0.00,0.00
2016.06.17 17:19:30.894,12.90421,12.90792,0.00,0.00
2016.06.17 17:19:30.974,12.90421,12.90801,0.00,0.00
2016.06.17 17:19:31.235,12.90419,12.90801,0.00,0.00
2016.06.17 17:19:31.344,12.9042,12.9075,0.00,0.00
2016.06.17 17:19:31.446,12.90419,12.90782,0.00,0.00
2016.06.17 17:19:31.497,12.90419,12.90791,0.00,0.00
2016.06.17 17:19:32.142,12.90421,12.908,0.00,0.00
2016.06.17 17:19:32.398,12.90421,12.90791,0.00,0.00
2016.06.17 17:19:32.600,12.90421,12.908,0.00,0.00
2016.06.17 17:19:33.165,12.90421,12.90801,0.00,0.00
2016.06.17 17:19:33.402,12.90428,12.90801,0.00,0.00
2016.06.17 17:19:33.926,12.90421,12.90781,0.00,0.00
2016.06.17 17:19:34.416,12.90421,12.90792,0.00,0.00
2016.06.17 17:19:34.605,12.90421,12.908,0.00,0.00
2016.06.17 17:19:34.706,12.90438,12.908,0.00,0.00
2016.06.17 17:19:34.782,12.90428,12.908,0.00,0.00
2016.06.17 17:19:35.297,12.90428,12.90801,0.00,0.00
2016.06.17 17:19:35.407,12.90421,12.908,0.00,0.00
2016.06.17 17:19:35.508,12.90428,12.90801,0.00,0.00
2016.06.17 17:19:35.847,12.90421,12.90801,0.00,0.00
2016.06.17 17:19:35.898,12.90439,12.908,0.00,0.00
2016.06.17 17:19:36.009,12.90421,12.90792,0.00,0.00
2016.06.17 17:19:36.110,12.90428,12.90801,0.00,0.00
2016.06.17 17:19:36.211,12.90438,12.90801,0.00,0.00
2016.06.17 17:19:36.513,12.90421,12.90801,0.00,0.00
2016.06.17 17:19:36.711,12.90421,12.90782,0.00,0.00
2016.06.17 17:19:37.495,12.90421,12.90742,0.00,0.00
2016.06.17 17:19:37.664,12.90419,12.90742,0.00,0.00
2016.06.17 17:19:37.814,12.9042,12.9075,0.00,0.00
2016.06.17 17:19:37.865,12.90419,12.90761,0.00,0.00
2016.06.17 17:19:37.942,12.90421,12.90761,0.00,0.00
2016.06.17 17:19:37.993,12.90421,12.90771,0.00,0.00
2016.06.17 17:19:38.089,12.90428,12.908,0.00,0.00
2016.06.17 17:19:38.198,12.90438,12.90801,0.00,0.00
2016.06.17 17:19:38.616,12.90429,12.90801,0.00,0.00
2016.06.17 17:19:39.267,12.9043,12.908,0.00,0.00
2016.06.17 17:19:40.269,12.90428,12.90801,0.00,0.00
2016.06.17 17:19:40.320,12.90421,12.90801,0.00,0.00
2016.06.17 17:19:40.494,12.90429,12.90801,0.00,0.00
2016.06.17 17:19:40.621,12.90421,12.908,0.00,0.00
2016.06.17 17:19:40.905,12.90528,12.908,0.00,0.00
2016.06.17 17:19:40.956,12.90538,12.90901,0.00,0.00
2016.06.17 17:19:41.072,12.90521,12.90901,0.00,0.00
2016.06.17 17:19:41.223,12.90529,12.90901,0.00,0.00
2016.06.17 17:19:42.015,12.90529,12.909,0.00,0.00
2016.06.17 17:19:42.065,12.90521,12.909,0.00,0.00
2016.06.17 17:19:42.817,12.90521,12.90901,0.00,0.00
2016.06.17 17:19:42.868,12.90521,12.90882,0.00,0.00
2016.06.17 17:19:43.248,12.90521,12.90901,0.00,0.00
2016.06.17 17:19:43.631,12.90521,12.90892,0.00,0.00
2016.06.17 17:19:43.732,12.90521,12.90901,0.00,0.00
2016.06.17 17:19:43.801,12.90521,12.90882,0.00,0.00
2016.06.17 17:19:44.382,12.90521,12.909,0.00,0.00
2016.06.17 17:19:44.501,12.90538,12.909,0.00,0.00
2016.06.17 17:19:45.035,12.90528,12.90901,0.00,0.00
2016.06.17 17:19:45.101,12.90538,12.90901,0.00,0.00
2016.06.17 17:19:46.539,12.90521,12.90901,0.00,0.00
2016.06.17 17:19:47.046,12.90521,12.909,0.00,0.00
2016.06.17 17:19:47.191,12.90521,12.90861,0.00,0.00
2016.06.17 17:19:47.706,12.90521,12.9086,0.00,0.00
2016.06.17 17:19:48.295,12.90521,12.90891,0.00,0.00
2016.06.17 17:19:48.346,12.90521,12.909,0.00,0.00
2016.06.17 17:19:49.298,12.90521,12.90901,0.00,0.00
2016.06.17 17:19:52.252,12.90521,12.90891,0.00,0.00
2016.06.17 17:19:52.706,12.90521,12.90882,0.00,0.00
2016.06.17 17:19:53.694,12.90521,12.909,0.00,0.00
2016.06.17 17:19:54.215,12.90521,12.90892,0.00,0.00
2016.06.17 17:19:55.270,12.90521,12.90901,0.00,0.00
2016.06.17 17:19:55.321,12.90521,12.90882,0.00,0.00
2016.06.17 17:19:56.018,12.90521,12.90892,0.00,0.00
2016.06.17 17:19:56.460,12.90519,12.90892,0.00,0.00
2016.06.17 17:19:56.561,12.9051,12.908,0.00,0.00
2016.06.17 17:19:56.670,12.90509,12.90832,0.00,0.00
2016.06.17 17:19:56.721,12.90509,12.90851,0.00,0.00
2016.06.17 17:19:56.872,12.90519,12.90872,0.00,0.00
2016.06.17 17:19:56.923,12.90519,12.90901,0.00,0.00
2016.06.17 17:19:57.261,12.90522,12.90901,0.00,0.00
2016.06.17 17:19:57.918,12.90522,12.909,0.00,0.00
2016.06.17 17:19:58.462,12.90529,12.909,0.00,0.00
2016.06.17 17:20:00.265,12.90522,12.90901,0.00,0.00
2016.06.17 17:20:00.816,12.90522,12.909,0.00,0.00
2016.06.17 17:20:00.968,12.90522,12.90881,0.00,0.00
2016.06.17 17:20:01.283,12.90528,12.90901,0.00,0.00
2016.06.17 17:20:01.334,12.90522,12.90901,0.00,0.00
2016.06.17 17:20:01.435,12.90522,12.90892,0.00,0.00
2016.06.17 17:20:01.770,12.90522,12.90851,0.00,0.00
2016.06.17 17:20:01.821,12.90519,12.90851,0.00,0.00
2016.06.17 17:20:02.373,12.9052,12.9085,0.00,0.00
2016.06.17 17:20:03.575,12.90521,12.90892,0.00,0.00
2016.06.17 17:20:04.248,12.90521,12.90842,0.00,0.00
2016.06.17 17:20:04.299,12.90519,12.90842,0.00,0.00
2016.06.17 17:20:05.378,12.90522,12.90842,0.00,0.00
2016.06.17 17:20:05.439,12.90522,12.90851,0.00,0.00
2016.06.17 17:20:05.490,12.90522,12.90881,0.00,0.00
2016.06.17 17:20:05.541,12.90522,12.90901,0.00,0.00
2016.06.17 17:20:05.879,12.90522,12.90882,0.00,0.00
2016.06.17 17:20:05.940,12.90522,12.90891,0.00,0.00
2016.06.17 17:20:06.041,12.90522,12.90901,0.00,0.00
2016.06.17 17:20:06.556,12.90522,12.90891,0.00,0.00
2016.06.17 17:20:07.030,12.90522,12.90871,0.00,0.00
2016.06.17 17:20:07.782,12.90469,12.90851,0.00,0.00
2016.06.17 17:20:07.883,12.90489,12.90801,0.00,0.00
2016.06.17 17:20:07.993,12.90489,12.90832,0.00,0.00
2016.06.17 17:20:08.044,12.90489,12.90841,0.00,0.00
2016.06.17 17:20:08.362,12.90439,12.90801,0.00,0.00
2016.06.17 17:20:08.583,12.90429,12.90801,0.00,0.00
2016.06.17 17:20:08.646,12.90429,12.90792,0.00,0.00
2016.06.17 17:20:08.948,12.9043,12.908,0.00,0.00
2016.06.17 17:20:09.146,12.90429,12.90792,0.00,0.00
2016.06.17 17:20:09.448,12.90429,12.90801,0.00,0.00
2016.06.17 17:20:11.101,12.9043,12.908,0.00,0.00
2016.06.17 17:20:11.652,12.90439,12.908,0.00,0.00
2016.06.17 17:20:12.129,12.90448,12.90801,0.00,0.00
2016.06.17 17:20:12.253,12.90438,12.90801,0.00,0.00
2016.06.17 17:20:12.354,12.9043,12.908,0.00,0.00
2016.06.17 17:20:13.598,12.90429,12.90801,0.00,0.00
2016.06.17 17:20:15.907,12.90429,12.90791,0.00,0.00
2016.06.17 17:20:16.557,12.9043,12.90791,0.00,0.00
2016.06.17 17:20:16.760,12.9043,12.908,0.00,0.00
2016.06.17 17:20:17.280,12.90429,12.90801,0.00,0.00
2016.06.17 17:20:17.781,12.9043,12.908,0.00,0.00
2016.06.17 17:20:18.603,12.90429,12.90791,0.00,0.00
2016.06.17 17:20:21.087,12.9043,12.90791,0.00,0.00
2016.06.17 17:20:21.238,12.90429,12.90801,0.00,0.00
2016.06.17 17:20:21.948,12.9043,12.908,0.00,0.00
2016.06.17 17:20:22.391,12.90428,12.90751,0.00,0.00
2016.06.17 17:20:22.441,12.90419,12.90751,0.00,0.00
2016.06.17 17:20:23.254,12.90428,12.90801,0.00,0.00
2016.06.17 17:20:23.305,12.90422,12.908,0.00,0.00
2016.06.17 17:20:23.545,12.90428,12.908,0.00,0.00
2016.06.17 17:20:24.209,12.90422,12.908,0.00,0.00
2016.06.17 17:20:24.310,12.90422,12.90781,0.00,0.00
2016.06.17 17:20:25.411,12.90422,12.908,0.00,0.00
2016.06.17 17:20:25.501,12.90422,12.90782,0.00,0.00
2016.06.17 17:20:26.199,12.90419,12.90782,0.00,0.00
2016.06.17 17:20:26.250,12.90419,12.90751,0.00,0.00
2016.06.17 17:20:27.171,12.9042,12.90752,0.00,0.00
2016.06.17 17:20:27.222,12.9042,12.908,0.00,0.00
2016.06.17 17:20:27.323,12.9042,12.90791,0.00,0.00
2016.06.17 17:20:27.836,12.90422,12.90791,0.00,0.00
2016.06.17 17:20:28.266,12.90422,12.90801,0.00,0.00
2016.06.17 17:20:30.343,12.90422,12.90782,0.00,0.00
2016.06.17 17:20:30.472,12.90428,12.90801,0.00,0.00
2016.06.17 17:20:31.406,12.90428,12.908,0.00,0.00
2016.06.17 17:20:31.925,12.90428,12.90801,0.00,0.00
2016.06.17 17:20:32.376,12.90422,12.908,0.00,0.00
2016.06.17 17:20:32.477,12.90422,12.90792,0.00,0.00
2016.06.17 17:20:33.128,12.90429,12.90792,0.00,0.00
2016.06.17 17:20:33.179,12.90429,12.90801,0.00,0.00
2016.06.17 17:20:33.612,12.90438,12.90801,0.00,0.00
2016.06.17 17:20:34.159,12.90429,12.90791,0.00,0.00
2016.06.17 17:20:34.260,12.90429,12.90801,0.00,0.00
2016.06.17 17:20:34.459,12.90438,12.90801,0.00,0.00
2016.06.17 17:20:34.582,12.90422,12.908,0.00,0.00
2016.06.17 17:20:35.757,12.90422,12.90791,0.00,0.00
2016.06.17 17:20:35.812,12.90429,12.90801,0.00,0.00
2016.06.17 17:20:35.913,12.90448,12.90801,0.00,0.00
2016.06.17 17:20:36.587,12.90439,12.90801,0.00,0.00
2016.06.17 17:20:36.638,12.90429,12.90801,0.00,0.00
2016.06.17 17:20:37.739,12.9044,12.908,0.00,0.00
2016.06.17 17:20:38.044,12.9052,12.9084,0.00,0.00
2016.06.17 17:20:38.145,12.90519,12.90851,0.00,0.00
2016.06.17 17:20:38.841,12.9052,12.9085,0.00,0.00
2016.06.17 17:20:39.432,12.90519,12.90851,0.00,0.00
2016.06.17 17:20:39.780,12.9049,12.908,0.00,0.00
2016.06.17 17:20:40.102,12.90449,12.90801,0.00,0.00
2016.06.17 17:20:40.203,12.9043,12.908,0.00,0.00
2016.06.17 17:20:41.000,12.9043,12.90791,0.00,0.00
2016.06.17 17:20:41.966,12.90429,12.90791,0.00,0.00
2016.06.17 17:20:42.085,12.90429,12.90801,0.00,0.00
2016.06.17 17:20:42.599,12.90448,12.90801,0.00,0.00
2016.06.17 17:20:42.751,12.90522,12.90881,0.00,0.00
2016.06.17 17:20:43.050,12.90522,12.90892,0.00,0.00
2016.06.17 17:20:43.540,12.90522,12.90901,0.00,0.00
2016.06.17 17:20:44.152,12.90522,12.909,0.00,0.00
2016.06.17 17:20:44.203,12.90522,12.90881,0.00,0.00
2016.06.17 17:20:45.543,12.90522,12.909,0.00,0.00
2016.06.17 17:20:45.644,12.90519,12.90901,0.00,0.00
2016.06.17 17:20:45.694,12.90509,12.90841,0.00,0.00
2016.06.17 17:20:45.745,12.90449,12.90832,0.00,0.00
2016.06.17 17:20:45.795,12.90439,12.90801,0.00,0.00
2016.06.17 17:20:46.183,12.90421,12.908,0.00,0.00
2016.06.17 17:20:47.560,12.90421,12.90801,0.00,0.00
2016.06.17 17:20:48.502,12.90421,12.90772,0.00,0.00
2016.06.17 17:20:48.814,12.90421,12.90742,0.00,0.00
2016.06.17 17:20:48.864,12.9039,12.90742,0.00,0.00
2016.06.17 17:20:49.111,12.9039,12.9075,0.00,0.00
2016.06.17 17:20:49.212,12.90389,12.90742,0.00,0.00
2016.06.17 17:20:49.312,12.90389,12.90751,0.00,0.00
2016.06.17 17:20:49.413,12.90408,12.90751,0.00,0.00
2016.06.17 17:20:49.514,12.9042,12.908,0.00,0.00
2016.06.17 17:20:49.835,12.90422,12.90792,0.00,0.00
2016.06.17 17:20:50.374,12.90422,12.90751,0.00,0.00
2016.06.17 17:20:50.425,12.90419,12.90751,0.00,0.00
2016.06.17 17:20:51.253,12.90421,12.90751,0.00,0.00
2016.06.17 17:20:51.304,12.90421,12.90772,0.00,0.00
2016.06.17 17:20:51.405,12.90421,12.90801,0.00,0.00
2016.06.17 17:20:51.933,12.90421,12.90782,0.00,0.00
2016.06.17 17:20:52.636,12.90421,12.908,0.00,0.00
2016.06.17 17:20:53.274,12.90421,12.9075,0.00,0.00
2016.06.17 17:20:53.581,12.90421,12.90701,0.00,0.00
2016.06.17 17:20:53.632,12.90419,12.90732,0.00,0.00
2016.06.17 17:20:53.683,12.90419,12.90751,0.00,0.00
2016.06.17 17:20:53.738,12.90419,12.90742,0.00,0.00
2016.06.17 17:20:53.788,12.90359,12.90701,0.00,0.00
2016.06.17 17:20:54.075,12.9034,12.907,0.00,0.00
2016.06.17 17:20:54.308,12.90319,12.90701,0.00,0.00
2016.06.17 17:20:54.672,12.90329,12.90701,0.00,0.00
2016.06.17 17:20:54.977,12.90399,12.90701,0.00,0.00
2016.06.17 17:20:55.190,12.90349,12.90701,0.00,0.00
2016.06.17 17:20:55.392,12.9033,12.907,0.00,0.00
2016.06.17 17:20:55.770,12.90319,12.90682,0.00,0.00
2016.06.17 17:20:55.821,12.90319,12.90691,0.00,0.00
2016.06.17 17:20:55.922,12.90319,12.90701,0.00,0.00
2016.06.17 17:20:55.972,12.90319,12.90691,0.00,0.00
2016.06.17 17:20:56.073,12.90319,12.90701,0.00,0.00
2016.06.17 17:20:56.476,12.90321,12.90701,0.00,0.00
2016.06.17 17:20:57.595,12.90321,12.907,0.00,0.00
2016.06.17 17:20:58.597,12.90321,12.90701,0.00,0.00
2016.06.17 17:20:58.944,12.90321,12.90682,0.00,0.00
2016.06.17 17:20:59.119,12.90321,12.907,0.00,0.00
2016.06.17 17:20:59.325,12.90321,12.90682,0.00,0.00
2016.06.17 17:20:59.719,12.90321,12.90672,0.00,0.00
2016.06.17 17:20:59.770,12.90321,12.90701,0.00,0.00
2016.06.17 17:21:00.548,12.90321,12.90682,0.00,0.00
2016.06.17 17:21:00.622,12.90321,12.90692,0.00,0.00
2016.06.17 17:21:01.123,12.90321,12.90681,0.00,0.00
2016.06.17 17:21:01.174,12.90319,12.90681,0.00,0.00
2016.06.17 17:21:01.224,12.90249,12.90592,0.00,0.00
2016.06.17 17:21:01.304,12.90222,12.90592,0.00,0.00
2016.06.17 17:21:01.405,12.90222,12.90612,0.00,0.00
2016.06.17 17:21:01.506,12.90229,12.90621,0.00,0.00
2016.06.17 17:21:01.755,12.90222,12.90591,0.00,0.00
2016.06.17 17:21:02.418,12.90222,12.90571,0.00,0.00
2016.06.17 17:21:02.722,12.90249,12.90631,0.00,0.00
2016.06.17 17:21:02.788,12.90228,12.90622,0.00,0.00
2016.06.17 17:21:02.838,12.90222,12.90592,0.00,0.00
2016.06.17 17:21:03.527,12.90222,12.90612,0.00,0.00
2016.06.17 17:21:03.941,12.90228,12.90622,0.00,0.00
2016.06.17 17:21:04.037,12.90222,12.90611,0.00,0.00
2016.06.17 17:21:04.380,12.90228,12.90622,0.00,0.00
2016.06.17 17:21:04.431,12.90228,12.906,0.00,0.00
2016.06.17 17:21:04.953,12.90222,12.90582,0.00,0.00
2016.06.17 17:21:05.284,12.90222,12.90572,0.00,0.00
2016.06.17 17:21:05.742,12.90228,12.90621,0.00,0.00
2016.06.17 17:21:06.264,12.90222,12.90611,0.00,0.00
2016.06.17 17:21:06.615,12.90222,12.90591,0.00,0.00
2016.06.17 17:21:07.516,12.90222,12.90571,0.00,0.00
2016.06.17 17:21:07.617,12.90228,12.90622,0.00,0.00
2016.06.17 17:21:07.963,12.90222,12.90611,0.00,0.00
2016.06.17 17:21:08.270,12.90222,12.90581,0.00,0.00
2016.06.17 17:21:08.371,12.90222,12.90601,0.00,0.00
2016.06.17 17:21:08.873,12.90238,12.90632,0.00,0.00
2016.06.17 17:21:08.974,12.90222,12.90612,0.00,0.00
2016.06.17 17:21:09.527,12.90222,12.90602,0.00,0.00
2016.06.17 17:21:09.839,12.90219,12.90551,0.00,0.00
2016.06.17 17:21:10.327,12.90178,12.90501,0.00,0.00
2016.06.17 17:21:10.377,12.90169,12.90501,0.00,0.00
2016.06.17 17:21:10.644,12.90159,12.90501,0.00,0.00
2016.06.17 17:21:11.584,12.9016,12.905,0.00,0.00
2016.06.17 17:21:12.231,12.90159,12.90501,0.00,0.00
2016.06.17 17:21:13.633,12.9016,12.905,0.00,0.00
2016.06.17 17:21:14.235,12.90159,12.90501,0.00,0.00
2016.06.17 17:21:14.540,12.9022,12.90532,0.00,0.00
2016.06.17 17:21:14.591,12.9022,12.9055,0.00,0.00
2016.06.17 17:21:14.642,12.9019,12.905,0.00,0.00
2016.06.17 17:21:14.743,12.90188,12.905,0.00,0.00
2016.06.17 17:21:14.844,12.9016,12.905,0.00,0.00
2016.06.17 17:21:16.047,12.90159,12.90501,0.00,0.00
2016.06.17 17:21:17.546,12.9016,12.905,0.00,0.00
2016.06.17 17:21:17.860,12.9016,12.9049,0.00,0.00
2016.06.17 17:21:18.548,12.90159,12.90491,0.00,0.00
2016.06.17 17:21:18.862,12.90159,12.90501,0.00,0.00
2016.06.17 17:21:20.154,12.9016,12.905,0.00,0.00
2016.06.17 17:21:20.834,12.90159,12.90501,0.00,0.00
2016.06.17 17:21:21.530,12.9016,12.905,0.00,0.00
2016.06.17 17:21:21.703,12.90129,12.90501,0.00,0.00
2016.06.17 17:21:21.754,12.90129,12.90482,0.00,0.00
2016.06.17 17:21:21.836,12.90129,12.90501,0.00,0.00
2016.06.17 17:21:22.513,12.9013,12.905,0.00,0.00
2016.06.17 17:21:22.838,12.9013,12.90491,0.00,0.00
2016.06.17 17:21:23.505,12.90129,12.90491,0.00,0.00
2016.06.17 17:21:24.684,12.90129,12.90501,0.00,0.00
2016.06.17 17:21:25.441,12.90129,12.90491,0.00,0.00
2016.06.17 17:21:26.008,12.9013,12.90492,0.00,0.00
2016.06.17 17:21:26.568,12.90129,12.90492,0.00,0.00
2016.06.17 17:21:26.944,12.90129,12.90482,0.00,0.00
2016.06.17 17:21:27.616,12.90129,12.90481,0.00,0.00
2016.06.17 17:21:27.910,12.9013,12.90492,0.00,0.00
2016.06.17 17:21:28.262,12.90129,12.90501,0.00,0.00
2016.06.17 17:21:29.284,12.90129,12.90491,0.00,0.00
2016.06.17 17:21:31.307,12.90129,12.90501,0.00,0.00
2016.06.17 17:21:31.834,12.9013,12.90481,0.00,0.00
2016.06.17 17:21:32.135,12.90129,12.90501,0.00,0.00
2016.06.17 17:21:32.637,12.90129,12.90481,0.00,0.00
2016.06.17 17:21:32.738,12.90129,12.90501,0.00,0.00
2016.06.17 17:21:32.919,12.90129,12.90491,0.00,0.00
2016.06.17 17:21:33.020,12.9013,12.905,0.00,0.00
2016.06.17 17:21:33.720,12.9013,12.90491,0.00,0.00
2016.06.17 17:21:34.347,12.90129,12.90491,0.00,0.00
2016.06.17 17:21:35.045,12.90129,12.90482,0.00,0.00
2016.06.17 17:21:35.345,12.9013,12.90492,0.00,0.00
2016.06.17 17:21:35.524,12.90129,12.90481,0.00,0.00
2016.06.17 17:21:36.698,12.9013,12.90481,0.00,0.00
2016.06.17 17:21:36.749,12.9013,12.905,0.00,0.00
2016.06.17 17:21:36.803,12.9013,12.90492,0.00,0.00
2016.06.17 17:21:37.345,12.90129,12.90492,0.00,0.00
2016.06.17 17:21:38.004,12.9013,12.90492,0.00,0.00
2016.06.17 17:21:39.511,12.90129,12.90492,0.00,0.00
2016.06.17 17:21:39.663,12.9013,12.905,0.00,0.00
2016.06.17 17:21:39.764,12.90129,12.90482,0.00,0.00
2016.06.17 17:21:40.932,12.90088,12.9041,0.00,0.00
2016.06.17 17:21:40.983,12.90069,12.9041,0.00,0.00
2016.06.17 17:21:41.033,12.90069,12.90401,0.00,0.00
2016.06.17 17:21:41.084,12.90019,12.90372,0.00,0.00
2016.06.17 17:21:41.185,12.90019,12.90382,0.00,0.00
2016.06.17 17:21:41.286,12.90059,12.90382,0.00,0.00
2016.06.17 17:21:41.487,12.90128,12.905,0.00,0.00
2016.06.17 17:21:41.588,12.90121,12.90501,0.00,0.00
2016.06.17 17:21:41.766,12.90128,12.90501,0.00,0.00
2016.06.17 17:21:42.159,12.90148,12.90501,0.00,0.00
2016.06.17 17:21:43.219,12.90148,12.905,0.00,0.00
2016.06.17 17:21:43.571,12.90139,12.90501,0.00,0.00
2016.06.17 17:21:43.645,12.90129,12.90501,0.00,0.00
2016.06.17 17:21:43.887,12.90139,12.90501,0.00,0.00
2016.06.17 17:21:44.298,12.90121,12.90492,0.00,0.00
2016.06.17 17:21:44.475,12.90121,12.905,0.00,0.00
2016.06.17 17:21:44.576,12.90128,12.905,0.00,0.00
2016.06.17 17:21:44.888,12.90139,12.90501,0.00,0.00
2016.06.17 17:21:46.126,12.90139,12.905,0.00,0.00
2016.06.17 17:21:46.177,12.90121,12.90501,0.00,0.00
2016.06.17 17:21:46.227,12.90121,12.90472,0.00,0.00
2016.06.17 17:21:46.328,12.90121,12.90491,0.00,0.00
2016.06.17 17:21:46.430,12.90121,12.905,0.00,0.00
2016.06.17 17:21:47.034,12.90121,12.90501,0.00,0.00
2016.06.17 17:21:47.189,12.90128,12.90501,0.00,0.00
2016.06.17 17:21:47.635,12.90138,12.905,0.00,0.00
2016.06.17 17:21:48.191,12.90121,12.905,0.00,0.00
2016.06.17 17:21:48.766,12.90121,12.90501,0.00,0.00
2016.06.17 17:21:48.992,12.90121,12.90492,0.00,0.00
2016.06.17 17:21:49.342,12.9012,12.9045,0.00,0.00
2016.06.17 17:21:50.226,12.90119,12.90451,0.00,0.00
2016.06.17 17:21:51.485,12.90058,12.90401,0.00,0.00
2016.06.17 17:21:51.586,12.90119,12.90422,0.00,0.00
2016.06.17 17:21:51.708,12.90119,12.90431,0.00,0.00
2016.06.17 17:21:51.808,12.90119,12.90471,0.00,0.00
2016.06.17 17:21:52.135,12.90121,12.90471,0.00,0.00
2016.06.17 17:21:52.553,12.90121,12.9045,0.00,0.00
2016.06.17 17:21:52.789,12.90119,12.90451,0.00,0.00
2016.06.17 17:21:53.162,12.90058,12.904,0.00,0.00
2016.06.17 17:21:53.213,12.9005,12.904,0.00,0.00
2016.06.17 17:21:53.764,12.90029,12.90401,0.00,0.00
2016.06.17 17:21:54.567,12.9003,12.904,0.00,0.00
2016.06.17 17:21:54.965,12.90029,12.90382,0.00,0.00
2016.06.17 17:21:55.066,12.9003,12.904,0.00,0.00
2016.06.17 17:21:56.239,12.90039,12.904,0.00,0.00
2016.06.17 17:21:56.340,12.90029,12.90401,0.00,0.00
2016.06.17 17:21:56.441,12.90038,12.90401,0.00,0.00
2016.06.17 17:21:56.657,12.9003,12.904,0.00,0.00
2016.06.17 17:21:57.217,12.90029,12.90401,0.00,0.00
2016.06.17 17:21:57.822,12.9003,12.904,0.00,0.00
2016.06.17 17:21:59.683,12.90029,12.90381,0.00,0.00
2016.06.17 17:21:59.885,12.90019,12.90381,0.00,0.00
2016.06.17 17:22:00.330,12.90019,12.90391,0.00,0.00
2016.06.17 17:22:00.610,12.90028,12.90401,0.00,0.00
2016.06.17 17:22:01.237,12.90022,12.90401,0.00,0.00
2016.06.17 17:22:01.287,12.90022,12.90351,0.00,0.00
2016.06.17 17:22:01.338,12.90019,12.90351,0.00,0.00
2016.06.17 17:22:01.388,12.90028,12.9032,0.00,0.00
2016.06.17 17:22:01.489,12.8996,12.903,0.00,0.00
2016.06.17 17:22:02.397,12.89959,12.90301,0.00,0.00
2016.06.17 17:22:02.447,12.89959,12.90291,0.00,0.00
2016.06.17 17:22:02.548,12.89959,12.90301,0.00,0.00
2016.06.17 17:22:02.649,12.89959,12.90292,0.00,0.00
2016.06.17 17:22:02.951,12.89959,12.90301,0.00,0.00
2016.06.17 17:22:03.516,12.8996,12.903,0.00,0.00
2016.06.17 17:22:04.048,12.89959,12.90301,0.00,0.00
2016.06.17 17:22:04.599,12.8996,12.903,0.00,0.00
2016.06.17 17:22:05.495,12.89959,12.90301,0.00,0.00
2016.06.17 17:22:05.546,12.90019,12.90312,0.00,0.00
2016.06.17 17:22:05.596,12.90019,12.90331,0.00,0.00
2016.06.17 17:22:05.650,12.90019,12.90361,0.00,0.00
2016.06.17 17:22:05.701,12.90029,12.90401,0.00,0.00
2016.06.17 17:22:05.752,12.90038,12.90401,0.00,0.00
2016.06.17 17:22:06.069,12.90029,12.90401,0.00,0.00
2016.06.17 17:22:06.285,12.9003,12.90391,0.00,0.00
2016.06.17 17:22:06.397,12.90022,12.90391,0.00,0.00
2016.06.17 17:22:06.451,12.90028,12.904,0.00,0.00
2016.06.17 17:22:06.552,12.90038,12.904,0.00,0.00
2016.06.17 17:22:06.652,12.90022,12.904,0.00,0.00
2016.06.17 17:22:07.269,12.90038,12.904,0.00,0.00
2016.06.17 17:22:08.271,12.90022,12.904,0.00,0.00
2016.06.17 17:22:08.372,12.90028,12.90401,0.00,0.00
2016.06.17 17:22:09.086,12.90022,12.90401,0.00,0.00
2016.06.17 17:22:09.137,12.90022,12.90361,0.00,0.00
2016.06.17 17:22:09.238,12.90022,12.90392,0.00,0.00
2016.06.17 17:22:10.589,12.90022,12.90382,0.00,0.00
2016.06.17 17:22:10.690,12.90022,12.90391,0.00,0.00
2016.06.17 17:22:11.089,12.90029,12.904,0.00,0.00
2016.06.17 17:22:11.140,12.9004,12.904,0.00,0.00
2016.06.17 17:22:11.540,12.90029,12.90401,0.00,0.00
2016.06.17 17:22:11.591,12.90029,12.90391,0.00,0.00
2016.06.17 17:22:11.692,12.90029,12.90401,0.00,0.00
2016.06.17 17:22:11.743,12.90022,12.90401,0.00,0.00
2016.06.17 17:22:11.793,12.90022,12.90391,0.00,0.00
2016.06.17 17:22:13.393,12.90028,12.904,0.00,0.00
2016.06.17 17:22:13.443,12.90099,12.90401,0.00,0.00
2016.06.17 17:22:13.618,12.9006,12.904,0.00,0.00
2016.06.17 17:22:14.245,12.9004,12.904,0.00,0.00
2016.06.17 17:22:14.746,12.90039,12.90401,0.00,0.00
2016.06.17 17:22:16.184,12.90049,12.90401,0.00,0.00
2016.06.17 17:22:16.584,12.90058,12.904,0.00,0.00
2016.06.17 17:22:17.213,12.901,12.904,0.00,0.00
2016.06.17 17:22:17.881,12.90099,12.90401,0.00,0.00
2016.06.17 17:22:18.257,12.90058,12.90401,0.00,0.00
2016.06.17 17:22:18.537,12.9012,12.90422,0.00,0.00
2016.06.17 17:22:18.638,12.90119,12.90451,0.00,0.00
2016.06.17 17:22:19.158,12.90119,12.90482,0.00,0.00
2016.06.17 17:22:19.887,12.90122,12.90501,0.00,0.00
2016.06.17 17:22:20.389,12.90122,12.905,0.00,0.00
2016.06.17 17:22:20.941,12.90122,12.90501,0.00,0.00
2016.06.17 17:22:21.013,12.90122,12.90481,0.00,0.00
2016.06.17 17:22:21.713,12.90122,12.905,0.00,0.00
2016.06.17 17:22:22.316,12.90122,12.90492,0.00,0.00
2016.06.17 17:22:23.634,12.90122,12.90482,0.00,0.00
2016.06.17 17:22:23.989,12.90128,12.90501,0.00,0.00
2016.06.17 17:22:24.234,12.90122,12.90501,0.00,0.00
2016.06.17 17:22:24.914,12.90122,12.905,0.00,0.00
2016.06.17 17:22:25.295,12.90122,12.90471,0.00,0.00
2016.06.17 17:22:25.402,12.90122,12.905,0.00,0.00
2016.06.17 17:22:25.504,12.90122,12.90492,0.00,0.00
2016.06.17 17:22:25.986,12.90122,12.90501,0.00,0.00
2016.06.17 17:22:26.565,12.90122,12.905,0.00,0.00
2016.06.17 17:22:27.157,12.90122,12.90501,0.00,0.00
2016.06.17 17:22:27.207,12.90122,12.90492,0.00,0.00
2016.06.17 17:22:27.557,12.90122,12.90471,0.00,0.00
2016.06.17 17:22:27.608,12.90122,12.905,0.00,0.00
2016.06.17 17:22:28.158,12.90122,12.90481,0.00,0.00
2016.06.17 17:22:28.557,12.90122,12.90472,0.00,0.00
2016.06.17 17:22:28.800,12.90122,12.905,0.00,0.00
2016.06.17 17:22:29.311,12.90122,12.90492,0.00,0.00
2016.06.17 17:22:29.810,12.90122,12.90471,0.00,0.00
2016.06.17 17:22:30.618,12.90122,12.90491,0.00,0.00
2016.06.17 17:22:31.357,12.90122,12.90501,0.00,0.00
2016.06.17 17:22:31.443,12.90122,12.90482,0.00,0.00
2016.06.17 17:22:32.785,12.90122,12.90462,0.00,0.00
2016.06.17 17:22:32.921,12.90122,12.90482,0.00,0.00
2016.06.17 17:22:34.508,12.9012,12.90462,0.00,0.00
2016.06.17 17:22:34.609,12.9005,12.904,0.00,0.00
2016.06.17 17:22:35.125,12.90049,12.90401,0.00,0.00
2016.06.17 17:22:35.478,12.9005,12.904,0.00,0.00
2016.06.17 17:22:36.071,12.90049,12.90401,0.00,0.00
2016.06.17 17:22:36.661,12.9005,12.904,0.00,0.00
2016.06.17 17:22:36.711,12.9004,12.904,0.00,0.00
2016.06.17 17:22:37.179,12.90089,12.90401,0.00,0.00
2016.06.17 17:22:37.280,12.90048,12.9037,0.00,0.00
2016.06.17 17:22:37.380,12.90048,12.90401,0.00,0.00
2016.06.17 17:22:37.564,12.90029,12.90392,0.00,0.00
2016.06.17 17:22:37.831,12.9003,12.904,0.00,0.00
2016.06.17 17:22:38.149,12.9003,12.90392,0.00,0.00
2016.06.17 17:22:38.200,12.90021,12.90392,0.00,0.00
2016.06.17 17:22:39.640,12.90028,12.90401,0.00,0.00
2016.06.17 17:22:39.741,12.90038,12.904,0.00,0.00
2016.06.17 17:22:40.241,12.90021,12.90401,0.00,0.00
2016.06.17 17:22:40.672,12.90021,12.90381,0.00,0.00
2016.06.17 17:22:40.723,12.90021,12.90392,0.00,0.00
2016.06.17 17:22:41.005,12.90021,12.90401,0.00,0.00
2016.06.17 17:22:41.326,12.90021,12.90382,0.00,0.00
2016.06.17 17:22:41.656,12.90021,12.90392,0.00,0.00
2016.06.17 17:22:43.379,12.90139,12.90501,0.00,0.00
2016.06.17 17:22:43.629,12.9013,12.905,0.00,0.00
2016.06.17 17:22:43.935,12.90168,12.905,0.00,0.00
2016.06.17 17:22:44.145,12.90221,12.90591,0.00,0.00
2016.06.17 17:22:44.246,12.90221,12.90571,0.00,0.00
2016.06.17 17:22:44.796,12.90229,12.90571,0.00,0.00
2016.06.17 17:22:44.847,12.90229,12.90601,0.00,0.00
2016.06.17 17:22:44.948,12.9023,12.90582,0.00,0.00
2016.06.17 17:22:45.014,12.90221,12.90582,0.00,0.00
2016.06.17 17:22:45.197,12.90229,12.90582,0.00,0.00
2016.06.17 17:22:45.760,12.90229,12.90601,0.00,0.00
2016.06.17 17:22:46.299,12.9023,12.906,0.00,0.00
2016.06.17 17:22:46.873,12.9023,12.90592,0.00,0.00
2016.06.17 17:22:47.519,12.90229,12.90601,0.00,0.00
2016.06.17 17:22:47.895,12.90229,12.90582,0.00,0.00
2016.06.17 17:22:49.005,12.90221,12.90582,0.00,0.00
2016.06.17 17:22:50.365,12.90221,12.906,0.00,0.00
2016.06.17 17:22:51.009,12.90221,12.90601,0.00,0.00
2016.06.17 17:22:53.454,12.90219,12.90601,0.00,0.00
2016.06.17 17:22:53.504,12.90219,12.90572,0.00,0.00
2016.06.17 17:22:53.815,12.9013,12.90491,0.00,0.00
2016.06.17 17:22:53.884,12.9013,12.90472,0.00,0.00
2016.06.17 17:22:54.085,12.90029,12.90401,0.00,0.00
2016.06.17 17:22:54.516,12.90049,12.904,0.00,0.00
2016.06.17 17:22:54.586,12.9003,12.904,0.00,0.00
2016.06.17 17:22:55.271,12.90122,12.90411,0.00,0.00
2016.06.17 17:22:55.321,12.90122,12.90432,0.00,0.00
2016.06.17 17:22:55.391,12.90122,12.90492,0.00,0.00
2016.06.17 17:22:55.492,12.90122,12.90472,0.00,0.00
2016.06.17 17:22:55.593,12.90122,12.90501,0.00,0.00
2016.06.17 17:22:55.795,12.90138,12.90501,0.00,0.00
2016.06.17 17:22:56.112,12.90122,12.90501,0.00,0.00
2016.06.17 17:22:56.213,12.90122,12.90492,0.00,0.00
2016.06.17 17:22:56.695,12.90122,12.90501,0.00,0.00
2016.06.17 17:22:56.796,12.90128,12.905,0.00,0.00
2016.06.17 17:22:56.897,12.90122,12.905,0.00,0.00
2016.06.17 17:22:57.213,12.90122,12.90481,0.00,0.00
2016.06.17 17:22:57.516,12.90122,12.90492,0.00,0.00
2016.06.17 17:22:57.617,12.90122,12.90482,0.00,0.00
2016.06.17 17:22:58.318,12.90122,12.90492,0.00,0.00
2016.06.17 17:23:02.511,12.90122,12.90501,0.00,0.00
2016.06.17 17:23:03.177,12.90122,12.905,0.00,0.00
2016.06.17 17:23:03.729,12.90122,12.90501,0.00,0.00
2016.06.17 17:23:03.780,12.902,12.905,0.00,0.00
2016.06.17 17:23:03.880,12.90128,12.905,0.00,0.00
2016.06.17 17:23:03.931,12.90138,12.905,0.00,0.00
2016.06.17 17:23:04.281,12.90259,12.90601,0.00,0.00
2016.06.17 17:23:05.048,12.9026,12.906,0.00,0.00
2016.06.17 17:23:05.587,12.90259,12.90601,0.00,0.00
2016.06.17 17:23:06.764,12.9026,12.906,0.00,0.00
2016.06.17 17:23:08.258,12.90259,12.90601,0.00,0.00
2016.06.17 17:23:09.161,12.9026,12.906,0.00,0.00
2016.06.17 17:23:11.269,12.90259,12.90601,0.00,0.00
2016.06.17 17:23:11.856,12.9026,12.906,0.00,0.00
2016.06.17 17:23:12.186,12.90259,12.90582,0.00,0.00
2016.06.17 17:23:14.144,12.90259,12.90601,0.00,0.00
2016.06.17 17:23:16.988,12.9026,12.906,0.00,0.00
2016.06.17 17:23:17.774,12.90259,12.90601,0.00,0.00
2016.06.17 17:23:18.435,12.9026,12.906,0.00,0.00
2016.06.17 17:23:19.094,12.90259,12.90601,0.00,0.00
2016.06.17 17:23:19.258,12.90259,12.90582,0.00,0.00
2016.06.17 17:23:19.309,12.90221,12.90582,0.00,0.00
2016.06.17 17:23:20.492,12.90221,12.90591,0.00,0.00
2016.06.17 17:23:20.953,12.90221,12.90581,0.00,0.00
2016.06.17 17:23:22.208,12.90259,12.90581,0.00,0.00
2016.06.17 17:23:22.258,12.90259,12.90601,0.00,0.00
2016.06.17 17:23:26.972,12.9026,12.906,0.00,0.00
2016.06.17 17:23:27.925,12.90259,12.90601,0.00,0.00
2016.06.17 17:23:28.027,12.90321,12.90632,0.00,0.00
2016.06.17 17:23:28.078,12.90321,12.90651,0.00,0.00
2016.06.17 17:23:28.178,12.90329,12.907,0.00,0.00
2016.06.17 17:23:28.378,12.90321,12.90691,0.00,0.00
2016.06.17 17:23:28.479,12.90321,12.90701,0.00,0.00
2016.06.17 17:23:28.650,12.90321,12.90692,0.00,0.00
2016.06.17 17:23:28.878,12.90321,12.90701,0.00,0.00
2016.06.17 17:23:28.979,12.90328,12.90701,0.00,0.00
2016.06.17 17:23:29.381,12.90321,12.90692,0.00,0.00
2016.06.17 17:23:30.092,12.90321,12.907,0.00,0.00
2016.06.17 17:23:30.158,12.90321,12.90692,0.00,0.00
2016.06.17 17:23:30.480,12.90321,12.90651,0.00,0.00
2016.06.17 17:23:30.531,12.90279,12.90651,0.00,0.00
2016.06.17 17:23:30.581,12.90269,12.90601,0.00,0.00
2016.06.17 17:23:32.279,12.90259,12.90601,0.00,0.00
2016.06.17 17:23:32.790,12.9026,12.906,0.00,0.00
2016.06.17 17:23:34.345,12.90259,12.90601,0.00,0.00
2016.06.17 17:23:35.373,12.9026,12.906,0.00,0.00
2016.06.17 17:23:35.900,12.90259,12.90601,0.00,0.00
2016.06.17 17:23:36.735,12.9026,12.906,0.00,0.00
2016.06.17 17:23:37.440,12.90259,12.90601,0.00,0.00
2016.06.17 17:23:38.078,12.9026,12.906,0.00,0.00
2016.06.17 17:23:38.179,12.90319,12.90651,0.00,0.00
2016.06.17 17:23:42.030,12.90321,12.90651,0.00,0.00
2016.06.17 17:23:42.081,12.90321,12.90672,0.00,0.00
2016.06.17 17:23:42.132,12.90321,12.907,0.00,0.00
2016.06.17 17:23:43.027,12.90329,12.90701,0.00,0.00
2016.06.17 17:23:43.099,12.90321,12.907,0.00,0.00
2016.06.17 17:23:43.215,12.90329,12.907,0.00,0.00
2016.06.17 17:23:43.397,12.90321,12.90701,0.00,0.00
2016.06.17 17:23:43.816,12.90321,12.90692,0.00,0.00
2016.06.17 17:23:43.917,12.90328,12.907,0.00,0.00
2016.06.17 17:23:44.390,12.90321,12.90701,0.00,0.00
2016.06.17 17:23:44.929,12.90328,12.907,0.00,0.00
2016.06.17 17:23:45.220,12.90419,12.90801,0.00,0.00
2016.06.17 17:23:45.320,12.90429,12.90801,0.00,0.00
2016.06.17 17:23:45.521,12.90419,12.90801,0.00,0.00
2016.06.17 17:23:45.642,12.90422,12.90801,0.00,0.00
2016.06.17 17:23:46.473,12.90422,12.908,0.00,0.00
2016.06.17 17:23:46.797,12.90428,12.90801,0.00,0.00
2016.06.17 17:23:47.230,12.90422,12.908,0.00,0.00
2016.06.17 17:23:47.874,12.90429,12.90801,0.00,0.00
2016.06.17 17:23:48.217,12.90438,12.90801,0.00,0.00
2016.06.17 17:23:48.900,12.9044,12.908,0.00,0.00
2016.06.17 17:23:49.377,12.90438,12.90801,0.00,0.00
2016.06.17 17:23:49.428,12.90429,12.90801,0.00,0.00
2016.06.17 17:23:49.979,12.9043,12.908,0.00,0.00
2016.06.17 17:23:50.783,12.90429,12.90801,0.00,0.00
2016.06.17 17:23:50.834,12.90438,12.90801,0.00,0.00
2016.06.17 17:23:50.935,12.90429,12.90801,0.00,0.00
2016.06.17 17:23:51.036,12.90438,12.90801,0.00,0.00
2016.06.17 17:23:51.887,12.90438,12.908,0.00,0.00
2016.06.17 17:23:51.938,12.9043,12.908,0.00,0.00
2016.06.17 17:23:52.690,12.90429,12.908,0.00,0.00
2016.06.17 17:23:52.890,12.90422,12.90801,0.00,0.00
2016.06.17 17:23:53.393,12.90422,12.908,0.00,0.00
2016.06.17 17:23:54.194,12.90422,12.90801,0.00,0.00
2016.06.17 17:23:55.698,12.90422,12.908,0.00,0.00
2016.06.17 17:23:55.748,12.90439,12.908,0.00,0.00
2016.06.17 17:23:56.440,12.90521,12.908,0.00,0.00
2016.06.17 17:23:56.491,12.90521,12.90881,0.00,0.00
2016.06.17 17:23:57.090,12.90521,12.9088,0.00,0.00
2016.06.17 17:23:57.354,12.90521,12.90862,0.00,0.00
2016.06.17 17:23:57.557,12.90521,12.90881,0.00,0.00
2016.06.17 17:23:58.791,12.90521,12.9088,0.00,0.00
2016.06.17 17:23:59.140,12.90521,12.90901,0.00,0.00
2016.06.17 17:23:59.459,12.90529,12.90901,0.00,0.00
2016.06.17 17:23:59.760,12.90521,12.909,0.00,0.00
2016.06.17 17:24:00.261,12.90521,12.90892,0.00,0.00
2016.06.17 17:24:00.566,12.90538,12.909,0.00,0.00
2016.06.17 17:24:00.720,12.90528,12.90901,0.00,0.00
2016.06.17 17:24:00.964,12.90521,12.909,0.00,0.00
2016.06.17 17:24:01.121,12.90528,12.90901,0.00,0.00
2016.06.17 17:24:01.515,12.90521,12.909,0.00,0.00
2016.06.17 17:24:02.166,12.90521,12.90901,0.00,0.00
2016.06.17 17:24:02.320,12.90521,12.90861,0.00,0.00
2016.06.17 17:24:02.421,12.90528,12.90881,0.00,0.00
2016.06.17 17:24:02.522,12.90521,12.90881,0.00,0.00
2016.06.17 17:24:02.765,12.90521,12.90901,0.00,0.00
2016.06.17 17:24:03.270,12.90519,12.90901,0.00,0.00
2016.06.17 17:24:03.669,12.90419,12.90801,0.00,0.00
2016.06.17 17:24:03.974,12.90438,12.90801,0.00,0.00
2016.06.17 17:24:04.075,12.90422,12.90801,0.00,0.00
2016.06.17 17:24:04.176,12.90429,12.90801,0.00,0.00
2016.06.17 17:24:04.230,12.90422,12.90801,0.00,0.00
2016.06.17 17:24:04.575,12.90422,12.90782,0.00,0.00
2016.06.17 17:24:05.018,12.90422,12.90772,0.00,0.00
2016.06.17 17:24:05.137,12.90422,12.90781,0.00,0.00
2016.06.17 17:24:05.226,12.90439,12.90781,0.00,0.00
2016.06.17 17:24:05.276,12.90439,12.90801,0.00,0.00
2016.06.17 17:24:05.327,12.90422,12.908,0.00,0.00
2016.06.17 17:24:05.377,12.90438,12.908,0.00,0.00
2016.06.17 17:24:05.478,12.90422,12.90801,0.00,0.00
2016.06.17 17:24:05.579,12.90422,12.90781,0.00,0.00
2016.06.17 17:24:05.680,12.90428,12.908,0.00,0.00
2016.06.17 17:24:05.864,12.90428,12.90751,0.00,0.00
2016.06.17 17:24:06.078,12.90329,12.90681,0.00,0.00
2016.06.17 17:24:06.179,12.9033,12.907,0.00,0.00
2016.06.17 17:24:06.231,12.9042,12.90712,0.00,0.00
2016.06.17 17:24:06.878,12.9039,12.907,0.00,0.00
2016.06.17 17:24:07.030,12.90339,12.90701,0.00,0.00
2016.06.17 17:24:07.081,12.90349,12.90701,0.00,0.00
2016.06.17 17:24:07.182,12.90322,12.90701,0.00,0.00
2016.06.17 17:24:07.766,12.90399,12.90721,0.00,0.00
2016.06.17 17:24:07.883,12.904,12.9075,0.00,0.00
2016.06.17 17:24:08.067,12.90349,12.90701,0.00,0.00
2016.06.17 17:24:08.184,12.90329,12.90701,0.00,0.00
2016.06.17 17:24:08.840,12.90399,12.90722,0.00,0.00
2016.06.17 17:24:08.891,12.90399,12.90731,0.00,0.00
2016.06.17 17:24:08.992,12.9039,12.9075,0.00,0.00
2016.06.17 17:24:09.437,12.9042,12.90752,0.00,0.00
2016.06.17 17:24:09.488,12.9042,12.90771,0.00,0.00
2016.06.17 17:24:09.589,12.9042,12.908,0.00,0.00
2016.06.17 17:24:10.139,12.90421,12.908,0.00,0.00
2016.06.17 17:24:10.440,12.905,12.908,0.00,0.00
2016.06.17 17:24:10.771,12.90469,12.90801,0.00,0.00
2016.06.17 17:24:11.395,12.90439,12.90801,0.00,0.00
2016.06.17 17:24:11.570,12.90519,12.90812,0.00,0.00
2016.06.17 17:24:11.772,12.9049,12.908,0.00,0.00
2016.06.17 17:24:11.844,12.90458,12.90801,0.00,0.00
2016.06.17 17:24:11.895,12.90449,12.90801,0.00,0.00
2016.06.17 17:24:12.245,12.9043,12.908,0.00,0.00
2016.06.17 17:24:12.296,12.90439,12.908,0.00,0.00
2016.06.17 17:24:12.646,12.90519,12.90831,0.00,0.00
2016.06.17 17:24:12.697,12.90519,12.90851,0.00,0.00
2016.06.17 17:24:12.998,12.90522,12.90851,0.00,0.00
2016.06.17 17:24:13.048,12.90522,12.90882,0.00,0.00
2016.06.17 17:24:13.428,12.90522,12.90862,0.00,0.00
2016.06.17 17:24:13.479,12.90522,12.90872,0.00,0.00
2016.06.17 17:24:13.599,12.90522,12.90892,0.00,0.00
2016.06.17 17:24:13.900,12.90522,12.90872,0.00,0.00
2016.06.17 17:24:14.000,12.90522,12.90891,0.00,0.00
2016.06.17 17:24:14.153,12.90522,12.90871,0.00,0.00
2016.06.17 17:24:14.470,12.90522,12.90882,0.00,0.00
2016.06.17 17:24:14.602,12.90522,12.90891,0.00,0.00
2016.06.17 17:24:14.653,12.90522,12.9088,0.00,0.00
2016.06.17 17:24:15.101,12.9052,12.9088,0.00,0.00
2016.06.17 17:24:15.164,12.90509,12.90851,0.00,0.00
2016.06.17 17:24:15.740,12.90519,12.90851,0.00,0.00
2016.06.17 17:24:16.074,12.90522,12.90872,0.00,0.00
2016.06.17 17:24:16.206,12.90522,12.90892,0.00,0.00
2016.06.17 17:24:16.507,12.90522,12.90882,0.00,0.00
2016.06.17 17:24:17.054,12.90522,12.90871,0.00,0.00
2016.06.17 17:24:17.155,12.9052,12.90871,0.00,0.00
2016.06.17 17:24:17.206,12.9052,12.90882,0.00,0.00
2016.06.17 17:24:17.259,12.9052,12.90861,0.00,0.00
2016.06.17 17:24:17.360,12.9045,12.908,0.00,0.00
2016.06.17 17:24:18.305,12.9044,12.908,0.00,0.00
2016.06.17 17:24:18.776,12.9052,12.90822,0.00,0.00
2016.06.17 17:24:18.877,12.9052,12.90831,0.00,0.00
2016.06.17 17:24:18.978,12.9052,12.9085,0.00,0.00
2016.06.17 17:24:19.506,12.90521,12.9085,0.00,0.00
2016.06.17 17:24:19.708,12.90521,12.908,0.00,0.00
2016.06.17 17:24:19.809,12.90521,12.9085,0.00,0.00
2016.06.17 17:24:19.910,12.90521,12.90801,0.00,0.00
2016.06.17 17:24:20.649,12.90489,12.90801,0.00,0.00
2016.06.17 17:24:21.411,12.9049,12.908,0.00,0.00
2016.06.17 17:24:21.911,12.90509,12.90792,0.00,0.00
2016.06.17 17:24:22.012,12.90509,12.90821,0.00,0.00
2016.06.17 17:24:22.068,12.90459,12.90801,0.00,0.00
2016.06.17 17:24:23.371,12.9045,12.908,0.00,0.00
2016.06.17 17:24:23.822,12.9045,12.90822,0.00,0.00
2016.06.17 17:24:23.923,12.90469,12.90801,0.00,0.00
2016.06.17 17:24:24.024,12.90449,12.90801,0.00,0.00
2016.06.17 17:24:24.075,12.90459,12.90801,0.00,0.00
2016.06.17 17:24:24.602,12.9046,12.908,0.00,0.00
2016.06.17 17:24:25.108,12.90459,12.90801,0.00,0.00
2016.06.17 17:24:25.159,12.90521,12.9088,0.00,0.00
2016.06.17 17:24:25.210,12.90521,12.9086,0.00,0.00
2016.06.17 17:24:25.570,12.90521,12.90851,0.00,0.00
2016.06.17 17:24:25.623,12.90521,12.90861,0.00,0.00
2016.06.17 17:24:25.870,12.90521,12.90882,0.00,0.00
2016.06.17 17:24:26.024,12.90521,12.90872,0.00,0.00
2016.06.17 17:24:26.127,12.90521,12.90892,0.00,0.00
2016.06.17 17:24:26.827,12.90521,12.90881,0.00,0.00
2016.06.17 17:24:27.530,12.90521,12.90862,0.00,0.00
2016.06.17 17:24:29.484,12.90521,12.90882,0.00,0.00
2016.06.17 17:24:30.638,12.90521,12.90782,0.00,0.00
2016.06.17 17:24:30.789,12.90468,12.90741,0.00,0.00
2016.06.17 17:24:30.890,12.90329,12.90722,0.00,0.00
2016.06.17 17:24:30.940,12.90329,12.90712,0.00,0.00
2016.06.17 17:24:31.505,12.9033,12.90712,0.00,0.00
2016.06.17 17:24:31.687,12.90348,12.90741,0.00,0.00
2016.06.17 17:24:31.788,12.90329,12.90722,0.00,0.00
2016.06.17 17:24:32.138,12.90348,12.9074,0.00,0.00
2016.06.17 17:24:32.489,12.90339,12.90722,0.00,0.00
2016.06.17 17:24:33.142,12.90339,12.90731,0.00,0.00
2016.06.17 17:24:33.243,12.90359,12.9074,0.00,0.00
2016.06.17 17:24:33.999,12.90399,12.90711,0.00,0.00
2016.06.17 17:24:34.050,12.90329,12.90711,0.00,0.00
2016.06.17 17:24:34.144,12.90329,12.90721,0.00,0.00
2016.06.17 17:24:34.195,12.90339,12.90721,0.00,0.00
2016.06.17 17:24:34.497,12.9036,12.90721,0.00,0.00
2016.06.17 17:24:34.897,12.9036,12.90712,0.00,0.00
2016.06.17 17:24:34.947,12.9036,12.9074,0.00,0.00
2016.06.17 17:24:34.998,12.90358,12.9074,0.00,0.00
2016.06.17 17:24:35.049,12.90338,12.90732,0.00,0.00
2016.06.17 17:24:35.150,12.90329,12.90681,0.00,0.00
2016.06.17 17:24:35.448,12.90329,12.90701,0.00,0.00
2016.06.17 17:24:35.498,12.90349,12.90711,0.00,0.00
2016.06.17 17:24:35.549,12.90349,12.90731,0.00,0.00
2016.06.17 17:24:35.693,12.90349,12.90722,0.00,0.00
2016.06.17 17:24:36.039,12.90421,12.90751,0.00,0.00
2016.06.17 17:24:36.584,12.90419,12.90751,0.00,0.00
2016.06.17 17:24:36.635,12.90389,12.907,0.00,0.00
2016.06.17 17:24:36.686,12.9034,12.907,0.00,0.00
2016.06.17 17:24:36.787,12.90338,12.90701,0.00,0.00
2016.06.17 17:24:37.150,12.90348,12.90701,0.00,0.00
2016.06.17 17:24:37.473,12.90419,12.90701,0.00,0.00
2016.06.17 17:24:37.524,12.90419,12.90751,0.00,0.00
2016.06.17 17:24:37.725,12.90419,12.90792,0.00,0.00
2016.06.17 17:24:37.800,12.90419,12.90801,0.00,0.00
2016.06.17 17:24:38.108,12.90422,12.90801,0.00,0.00
2016.06.17 17:24:38.700,12.90448,12.90801,0.00,0.00
2016.06.17 17:24:39.467,12.90422,12.90801,0.00,0.00
2016.06.17 17:24:39.568,12.90422,12.90771,0.00,0.00
2016.06.17 17:24:39.669,12.90422,12.90782,0.00,0.00
2016.06.17 17:24:39.867,12.90422,12.908,0.00,0.00
2016.06.17 17:24:40.408,12.90422,12.90791,0.00,0.00
2016.06.17 17:24:40.508,12.90422,12.908,0.00,0.00
2016.06.17 17:24:40.559,12.90439,12.90801,0.00,0.00
2016.06.17 17:24:41.237,12.9052,12.90831,0.00,0.00
2016.06.17 17:24:41.288,12.9052,12.9085,0.00,0.00
2016.06.17 17:24:41.996,12.90521,12.9085,0.00,0.00
2016.06.17 17:24:42.823,12.90521,12.90851,0.00,0.00
2016.06.17 17:24:43.528,12.90521,12.9085,0.00,0.00
2016.06.17 17:24:44.059,12.90519,12.90851,0.00,0.00
2016.06.17 17:24:44.160,12.90519,12.90861,0.00,0.00
2016.06.17 17:24:44.211,12.90519,12.90881,0.00,0.00
2016.06.17 17:24:44.527,12.9052,12.90892,0.00,0.00
2016.06.17 17:24:44.578,12.9052,12.90881,0.00,0.00
2016.06.17 17:24:45.561,12.90521,12.90862,0.00,0.00
2016.06.17 17:24:45.611,12.9044,12.908,0.00,0.00
2016.06.17 17:24:45.871,12.90459,12.90801,0.00,0.00
2016.06.17 17:24:45.972,12.9052,12.9088,0.00,0.00
2016.06.17 17:24:46.271,12.90521,12.90892,0.00,0.00
2016.06.17 17:24:46.781,12.90521,12.90882,0.00,0.00
2016.06.17 17:24:47.261,12.90521,12.90782,0.00,0.00
2016.06.17 17:24:47.514,12.90321,12.90682,0.00,0.00
2016.06.17 17:24:48.179,12.90321,12.90701,0.00,0.00
2016.06.17 17:24:48.386,12.90321,12.90691,0.00,0.00
2016.06.17 17:24:48.574,12.90321,12.907,0.00,0.00
2016.06.17 17:24:48.681,12.90339,12.907,0.00,0.00
2016.06.17 17:24:49.335,12.90369,12.90701,0.00,0.00
2016.06.17 17:24:49.386,12.9033,12.907,0.00,0.00
2016.06.17 17:24:49.488,12.90329,12.90692,0.00,0.00
2016.06.17 17:24:49.576,12.90329,12.90701,0.00,0.00
2016.06.17 17:24:49.974,12.90329,12.90651,0.00,0.00
2016.06.17 17:24:50.024,12.90319,12.90651,0.00,0.00
2016.06.17 17:24:50.183,12.9032,12.90682,0.00,0.00
2016.06.17 17:24:50.289,12.9032,12.907,0.00,0.00
2016.06.17 17:24:50.684,12.90339,12.907,0.00,0.00
2016.06.17 17:24:51.154,12.90399,12.90701,0.00,0.00
2016.06.17 17:24:51.255,12.9039,12.907,0.00,0.00
2016.06.17 17:24:51.742,12.90359,12.90701,0.00,0.00
2016.06.17 17:24:52.336,12.9036,12.907,0.00,0.00
2016.06.17 17:24:52.387,12.90419,12.90701,0.00,0.00
2016.06.17 17:24:52.768,12.90369,12.90701,0.00,0.00
2016.06.17 17:24:52.829,12.90359,12.90701,0.00,0.00
2016.06.17 17:24:53.689,12.90419,12.90701,0.00,0.00
2016.06.17 17:24:53.847,12.90369,12.90701,0.00,0.00
2016.06.17 17:24:54.577,12.9037,12.907,0.00,0.00
2016.06.17 17:24:54.628,12.90359,12.90701,0.00,0.00
2016.06.17 17:24:55.293,12.90421,12.907,0.00,0.00
2016.06.17 17:24:55.394,12.90428,12.908,0.00,0.00
2016.06.17 17:24:55.495,12.90478,12.90801,0.00,0.00
2016.06.17 17:24:55.596,12.90509,12.90841,0.00,0.00
2016.06.17 17:24:55.653,12.9049,12.9084,0.00,0.00
2016.06.17 17:24:55.754,12.90459,12.90841,0.00,0.00
2016.06.17 17:24:55.805,12.90479,12.90851,0.00,0.00
2016.06.17 17:24:55.906,12.90468,12.90851,0.00,0.00
2016.06.17 17:24:56.134,12.90488,12.9085,0.00,0.00
2016.06.17 17:24:56.842,12.9052,12.9085,0.00,0.00
2016.06.17 17:24:56.893,12.90521,12.90892,0.00,0.00
2016.06.17 17:24:56.943,12.90521,12.90881,0.00,0.00
2016.06.17 17:24:57.110,12.90521,12.90892,0.00,0.00
2016.06.17 17:24:57.211,12.90528,12.909,0.00,0.00
2016.06.17 17:24:57.312,12.90521,12.90901,0.00,0.00
2016.06.17 17:24:57.363,12.90521,12.90881,0.00,0.00
2016.06.17 17:24:57.565,12.90521,12.909,0.00,0.00
2016.06.17 17:24:57.616,12.90539,12.909,0.00,0.00
2016.06.17 17:24:58.379,12.90539,12.90901,0.00,0.00
2016.06.17 17:24:58.711,12.90539,12.90892,0.00,0.00
2016.06.17 17:24:58.762,12.90521,12.90892,0.00,0.00
2016.06.17 17:24:59.099,12.90521,12.90882,0.00,0.00
2016.06.17 17:24:59.412,12.90521,12.90901,0.00,0.00
2016.06.17 17:24:59.513,12.90529,12.90901,0.00,0.00
2016.06.17 17:24:59.899,12.90539,12.90901,0.00,0.00
2016.06.17 17:25:00.407,12.90521,12.90901,0.00,0.00
2016.06.17 17:25:00.516,12.90548,12.909,0.00,0.00
2016.06.17 17:25:00.617,12.90521,12.90891,0.00,0.00
2016.06.17 17:25:00.801,12.90521,12.90901,0.00,0.00
2016.06.17 17:25:00.915,12.90521,12.90892,0.00,0.00
2016.06.17 17:25:01.001,12.90521,12.90901,0.00,0.00
2016.06.17 17:25:02.209,12.90528,12.90901,0.00,0.00
2016.06.17 17:25:02.722,12.90528,12.909,0.00,0.00
2016.06.17 17:25:02.812,12.90521,12.909,0.00,0.00
2016.06.17 17:25:02.914,12.90521,12.90892,0.00,0.00
2016.06.17 17:25:03.515,12.90521,12.90901,0.00,0.00
2016.06.17 17:25:04.237,12.90538,12.90901,0.00,0.00
2016.06.17 17:25:04.338,12.90521,12.90901,0.00,0.00
2016.06.17 17:25:04.439,12.90521,12.90891,0.00,0.00
2016.06.17 17:25:06.720,12.90521,12.90901,0.00,0.00
2016.06.17 17:25:07.764,12.90521,12.909,0.00,0.00
2016.06.17 17:25:08.425,12.90521,12.90901,0.00,0.00
2016.06.17 17:25:10.477,12.90521,12.90892,0.00,0.00
2016.06.17 17:25:10.847,12.90521,12.909,0.00,0.00
2016.06.17 17:25:10.897,12.90521,12.9088,0.00,0.00
2016.06.17 17:25:11.398,12.90521,12.90881,0.00,0.00
2016.06.17 17:25:12.191,12.90521,12.9088,0.00,0.00
2016.06.17 17:25:12.500,12.90619,12.90901,0.00,0.00
2016.06.17 17:25:12.601,12.9053,12.909,0.00,0.00
2016.06.17 17:25:13.139,12.90529,12.90901,0.00,0.00
2016.06.17 17:25:13.495,12.90521,12.90901,0.00,0.00
2016.06.17 17:25:13.546,12.90521,12.90892,0.00,0.00
2016.06.17 17:25:13.954,12.90521,12.90901,0.00,0.00
2016.06.17 17:25:14.004,12.90559,12.90901,0.00,0.00
2016.06.17 17:25:16.335,12.90521,12.90901,0.00,0.00
2016.06.17 17:25:16.386,12.90521,12.90892,0.00,0.00
2016.06.17 17:25:16.487,12.90521,12.90901,0.00,0.00
2016.06.17 17:25:16.537,12.90529,12.90901,0.00,0.00
2016.06.17 17:25:16.861,12.90548,12.909,0.00,0.00
2016.06.17 17:25:17.210,12.9057,12.909,0.00,0.00
2016.06.17 17:25:17.311,12.90549,12.90891,0.00,0.00
2016.06.17 17:25:17.939,12.90559,12.90891,0.00,0.00
2016.06.17 17:25:17.990,12.90559,12.90901,0.00,0.00
2016.06.17 17:25:18.619,12.9056,12.909,0.00,0.00
2016.06.17 17:25:18.819,12.90521,12.90901,0.00,0.00
2016.06.17 17:25:19.533,12.90521,12.90882,0.00,0.00
2016.06.17 17:25:19.584,12.90521,12.909,0.00,0.00
2016.06.17 17:25:20.342,12.90521,12.90901,0.00,0.00
2016.06.17 17:25:20.393,12.90529,12.90901,0.00,0.00
2016.06.17 17:25:20.696,12.9043,12.90732,0.00,0.00
2016.06.17 17:25:21.013,12.9036,12.907,0.00,0.00
2016.06.17 17:25:21.665,12.90359,12.90701,0.00,0.00
2016.06.17 17:25:21.917,12.90368,12.90701,0.00,0.00
2016.06.17 17:25:22.296,12.90419,12.90751,0.00,0.00
2016.06.17 17:25:22.447,12.90419,12.90771,0.00,0.00
2016.06.17 17:25:22.498,12.90419,12.90782,0.00,0.00
2016.06.17 17:25:22.599,12.9042,12.908,0.00,0.00
2016.06.17 17:25:22.895,12.9042,12.90782,0.00,0.00
2016.06.17 17:25:23.192,12.90428,12.90801,0.00,0.00
2016.06.17 17:25:23.494,12.90421,12.90791,0.00,0.00
2016.06.17 17:25:23.931,12.9039,12.9075,0.00,0.00
2016.06.17 17:25:24.264,12.90389,12.90701,0.00,0.00
2016.06.17 17:25:24.365,12.90359,12.90701,0.00,0.00
2016.06.17 17:25:24.466,12.9042,12.90732,0.00,0.00
2016.06.17 17:25:24.807,12.90419,12.90791,0.00,0.00
2016.06.17 17:25:24.908,12.90419,12.90801,0.00,0.00
2016.06.17 17:25:25.023,12.90422,12.90801,0.00,0.00
2016.06.17 17:25:25.352,12.90422,12.90751,0.00,0.00
2016.06.17 17:25:25.838,12.90422,12.90772,0.00,0.00
2016.06.17 17:25:25.903,12.90422,12.90801,0.00,0.00
2016.06.17 17:25:26.240,12.90429,12.908,0.00,0.00
2016.06.17 17:25:26.304,12.90422,12.908,0.00,0.00
2016.06.17 17:25:26.405,12.90422,12.90791,0.00,0.00
2016.06.17 17:25:26.755,12.90459,12.90801,0.00,0.00
2016.06.17 17:25:27.155,12.90449,12.90801,0.00,0.00
2016.06.17 17:25:27.206,12.90422,12.90791,0.00,0.00
2016.06.17 17:25:28.358,12.9051,12.908,0.00,0.00
2016.06.17 17:25:28.459,12.905,12.908,0.00,0.00
2016.06.17 17:25:29.137,12.90499,12.90801,0.00,0.00
2016.06.17 17:25:29.362,12.90449,12.90801,0.00,0.00
2016.06.17 17:25:29.463,12.90422,12.90792,0.00,0.00
2016.06.17 17:25:29.752,12.9051,12.908,0.00,0.00
2016.06.17 17:25:30.418,12.90449,12.90801,0.00,0.00
2016.06.17 17:25:31.066,12.9052,12.90822,0.00,0.00
2016.06.17 17:25:31.348,12.90459,12.90801,0.00,0.00
2016.06.17 17:25:32.182,12.9045,12.908,0.00,0.00
2016.06.17 17:25:32.656,12.90521,12.90851,0.00,0.00
2016.06.17 17:25:32.873,12.90521,12.909,0.00,0.00
2016.06.17 17:25:32.926,12.90521,12.90872,0.00,0.00
2016.06.17 17:25:33.027,12.90521,12.90901,0.00,0.00
2016.06.17 17:25:33.687,12.90521,12.909,0.00,0.00
2016.06.17 17:25:33.834,12.90529,12.909,0.00,0.00
2016.06.17 17:25:33.935,12.90521,12.90901,0.00,0.00
2016.06.17 17:25:34.336,12.90521,12.90891,0.00,0.00
2016.06.17 17:25:34.837,12.90521,12.90892,0.00,0.00
2016.06.17 17:25:34.938,12.90521,12.90901,0.00,0.00
2016.06.17 17:25:35.664,12.90521,12.90892,0.00,0.00
2016.06.17 17:25:38.179,12.90521,12.90871,0.00,0.00
2016.06.17 17:25:38.308,12.90538,12.909,0.00,0.00
2016.06.17 17:25:38.918,12.90538,12.90901,0.00,0.00
2016.06.17 17:25:40.471,12.90538,12.909,0.00,0.00
2016.06.17 17:25:41.229,12.90538,12.90901,0.00,0.00
2016.06.17 17:25:42.083,12.90521,12.90901,0.00,0.00
2016.06.17 17:25:42.134,12.90548,12.90901,0.00,0.00
2016.06.17 17:25:42.304,12.90521,12.909,0.00,0.00
2016.06.17 17:25:42.424,12.90521,12.90891,0.00,0.00
2016.06.17 17:25:42.736,12.90521,12.909,0.00,0.00
2016.06.17 17:25:42.807,12.90529,12.909,0.00,0.00
2016.06.17 17:25:43.946,12.90521,12.90881,0.00,0.00
2016.06.17 17:25:44.047,12.90528,12.909,0.00,0.00
2016.06.17 17:25:44.890,12.90528,12.9086,0.00,0.00
2016.06.17 17:25:45.283,12.90521,12.9086,0.00,0.00
2016.06.17 17:25:45.390,12.90569,12.90901,0.00,0.00
2016.06.17 17:25:46.680,12.9053,12.90891,0.00,0.00
2016.06.17 17:25:46.781,12.90529,12.90901,0.00,0.00
2016.06.17 17:25:46.832,12.90552,12.909,0.00,0.00
2016.06.17 17:25:47.300,12.9056,12.9094,0.00,0.00
2016.06.17 17:25:47.401,12.90589,12.90941,0.00,0.00
2016.06.17 17:25:47.703,12.90619,12.90941,0.00,0.00
2016.06.17 17:25:47.895,12.90589,12.90941,0.00,0.00
2016.06.17 17:25:48.746,12.90621,12.90941,0.00,0.00
2016.06.17 17:25:49.147,12.90621,12.91,0.00,0.00
2016.06.17 17:25:49.259,12.90621,12.90972,0.00,0.00
2016.06.17 17:25:49.491,12.90621,12.90992,0.00,0.00
2016.06.17 17:25:49.561,12.90621,12.90982,0.00,0.00
2016.06.17 17:25:51.393,12.90621,12.90992,0.00,0.00
2016.06.17 17:25:51.902,12.9071,12.90982,0.00,0.00
2016.06.17 17:25:51.994,12.9071,12.91,0.00,0.00
2016.06.17 17:25:52.145,12.90621,12.91001,0.00,0.00
2016.06.17 17:25:52.196,12.90621,12.90982,0.00,0.00
2016.06.17 17:25:52.297,12.90629,12.91001,0.00,0.00
2016.06.17 17:25:53.103,12.90621,12.90961,0.00,0.00
2016.06.17 17:25:53.154,12.90619,12.90961,0.00,0.00
2016.06.17 17:25:53.205,12.9059,12.909,0.00,0.00
2016.06.17 17:25:53.309,12.90559,12.90901,0.00,0.00
2016.06.17 17:25:54.350,12.9056,12.909,0.00,0.00
2016.06.17 17:25:55.140,12.90559,12.90901,0.00,0.00
2016.06.17 17:25:55.249,12.90538,12.909,0.00,0.00
2016.06.17 17:25:55.300,12.9053,12.909,0.00,0.00
2016.06.17 17:25:55.408,12.90559,12.90901,0.00,0.00
2016.06.17 17:25:55.618,12.90621,12.90981,0.00,0.00
2016.06.17 17:25:56.008,12.90628,12.91,0.00,0.00
2016.06.17 17:25:56.102,12.90638,12.91,0.00,0.00
2016.06.17 17:25:56.536,12.9062,12.9098,0.00,0.00
2016.06.17 17:25:56.652,12.90628,12.91001,0.00,0.00
2016.06.17 17:25:57.616,12.90648,12.91001,0.00,0.00
2016.06.17 17:25:58.458,12.90628,12.91001,0.00,0.00
2016.06.17 17:25:59.293,12.90629,12.91001,0.00,0.00
2016.06.17 17:26:00.270,12.90629,12.91,0.00,0.00
2016.06.17 17:26:00.321,12.90621,12.91,0.00,0.00
2016.06.17 17:26:00.422,12.90621,12.90991,0.00,0.00
2016.06.17 17:26:00.595,12.90628,12.91,0.00,0.00
2016.06.17 17:26:01.096,12.90639,12.91,0.00,0.00
2016.06.17 17:26:01.537,12.90649,12.91001,0.00,0.00
2016.06.17 17:26:01.997,12.90629,12.91001,0.00,0.00
2016.06.17 17:26:02.920,12.90649,12.91001,0.00,0.00
2016.06.17 17:26:03.239,12.90699,12.91001,0.00,0.00
2016.06.17 17:26:03.970,12.90649,12.91001,0.00,0.00
2016.06.17 17:26:05.043,12.9065,12.91,0.00,0.00
2016.06.17 17:26:05.275,12.9063,12.9096,0.00,0.00
2016.06.17 17:26:05.586,12.9063,12.91,0.00,0.00
2016.06.17 17:26:06.274,12.90629,12.91001,0.00,0.00
2016.06.17 17:26:06.777,12.9063,12.91,0.00,0.00
2016.06.17 17:26:07.029,12.90639,12.91,0.00,0.00
2016.06.17 17:26:07.449,12.90648,12.91001,0.00,0.00
2016.06.17 17:26:07.753,12.90658,12.91001,0.00,0.00
2016.06.17 17:26:07.805,12.90649,12.91001,0.00,0.00
2016.06.17 17:26:08.172,12.90658,12.91,0.00,0.00
2016.06.17 17:26:08.479,12.90719,12.91041,0.00,0.00
2016.06.17 17:26:08.804,12.9072,12.9107,0.00,0.00
2016.06.17 17:26:08.855,12.90719,12.91051,0.00,0.00
2016.06.17 17:26:09.247,12.90659,12.91051,0.00,0.00
2016.06.17 17:26:09.577,12.90669,12.9105,0.00,0.00
2016.06.17 17:26:10.079,12.90689,12.91051,0.00,0.00
2016.06.17 17:26:10.386,12.90722,12.91051,0.00,0.00
2016.06.17 17:26:10.841,12.90722,12.91071,0.00,0.00
2016.06.17 17:26:11.108,12.90722,12.91091,0.00,0.00
2016.06.17 17:26:11.209,12.90722,12.911,0.00,0.00
2016.06.17 17:26:11.310,12.90729,12.91101,0.00,0.00
2016.06.17 17:26:11.489,12.90722,12.911,0.00,0.00
2016.06.17 17:26:11.818,12.90728,12.911,0.00,0.00
2016.06.17 17:26:12.486,12.90728,12.91101,0.00,0.00
2016.06.17 17:26:12.819,12.90722,12.91081,0.00,0.00
2016.06.17 17:26:12.920,12.90728,12.911,0.00,0.00
2016.06.17 17:26:13.014,12.90722,12.911,0.00,0.00
2016.06.17 17:26:13.115,12.90728,12.911,0.00,0.00
2016.06.17 17:26:13.216,12.90722,12.91101,0.00,0.00
2016.06.17 17:26:13.947,12.90708,12.91,0.00,0.00
2016.06.17 17:26:13.998,12.9063,12.91,0.00,0.00
2016.06.17 17:26:14.049,12.9063,12.90991,0.00,0.00
2016.06.17 17:26:14.419,12.90629,12.91001,0.00,0.00
2016.06.17 17:26:14.924,12.9063,12.91,0.00,0.00
2016.06.17 17:26:15.482,12.90638,12.91,0.00,0.00
2016.06.17 17:26:15.812,12.90659,12.91001,0.00,0.00
2016.06.17 17:26:15.870,12.90648,12.91,0.00,0.00
2016.06.17 17:26:15.921,12.9063,12.91,0.00,0.00
2016.06.17 17:26:15.972,12.90639,12.91001,0.00,0.00
2016.06.17 17:26:16.398,12.9064,12.90992,0.00,0.00
2016.06.17 17:26:16.472,12.90629,12.90992,0.00,0.00
2016.06.17 17:26:17.122,12.90629,12.91001,0.00,0.00
2016.06.17 17:26:17.173,12.90639,12.91001,0.00,0.00
2016.06.17 17:26:18.113,12.90648,12.91,0.00,0.00
2016.06.17 17:26:18.858,12.90649,12.91001,0.00,0.00
2016.06.17 17:26:19.179,12.90689,12.91001,0.00,0.00
2016.06.17 17:26:20.371,12.9069,12.91,0.00,0.00
2016.06.17 17:26:20.421,12.9065,12.91,0.00,0.00
2016.06.17 17:26:20.682,12.90648,12.91001,0.00,0.00
2016.06.17 17:26:20.733,12.90629,12.91001,0.00,0.00
2016.06.17 17:26:20.964,12.90649,12.91,0.00,0.00
2016.06.17 17:26:21.065,12.9063,12.90991,0.00,0.00
2016.06.17 17:26:21.665,12.90629,12.91001,0.00,0.00
2016.06.17 17:26:22.402,12.9063,12.91,0.00,0.00
2016.06.17 17:26:24.363,12.90629,12.91001,0.00,0.00
2016.06.17 17:26:24.843,12.90639,12.91001,0.00,0.00
2016.06.17 17:26:24.944,12.90629,12.91001,0.00,0.00
2016.06.17 17:26:25.243,12.9063,12.90981,0.00,0.00
2016.06.17 17:26:25.703,12.90629,12.90992,0.00,0.00
2016.06.17 17:26:26.297,12.9063,12.90992,0.00,0.00
2016.06.17 17:26:26.548,12.9063,12.90982,0.00,0.00
2016.06.17 17:26:26.700,12.90528,12.90922,0.00,0.00
2016.06.17 17:26:29.666,12.90529,12.90921,0.00,0.00
2016.06.17 17:26:30.491,12.90539,12.90931,0.00,0.00
2016.06.17 17:26:30.907,12.90558,12.90941,0.00,0.00
2016.06.17 17:26:31.384,12.90579,12.9095,0.00,0.00
2016.06.17 17:26:31.435,12.90568,12.90951,0.00,0.00
2016.06.17 17:26:33.907,12.90559,12.90951,0.00,0.00
2016.06.17 17:26:34.008,12.90569,12.90951,0.00,0.00
2016.06.17 17:26:34.993,12.90621,12.90951,0.00,0.00
2016.06.17 17:26:35.119,12.90621,12.90972,0.00,0.00
2016.06.17 17:26:35.172,12.90621,12.91001,0.00,0.00
2016.06.17 17:26:36.062,12.90639,12.91001,0.00,0.00
2016.06.17 17:26:36.536,12.90639,12.9095,0.00,0.00
2016.06.17 17:26:36.587,12.90621,12.9095,0.00,0.00
2016.06.17 17:26:36.638,12.90609,12.909,0.00,0.00
2016.06.17 17:26:36.688,12.9056,12.909,0.00,0.00
2016.06.17 17:26:36.919,12.906,12.909,0.00,0.00
2016.06.17 17:26:37.020,12.9056,12.909,0.00,0.00
2016.06.17 17:26:37.072,12.90568,12.909,0.00,0.00
2016.06.17 17:26:37.269,12.9056,12.909,0.00,0.00
2016.06.17 17:26:37.903,12.90559,12.90901,0.00,0.00
2016.06.17 17:26:38.421,12.9056,12.909,0.00,0.00
2016.06.17 17:26:38.973,12.90559,12.90901,0.00,0.00
2016.06.17 17:26:39.518,12.9056,12.909,0.00,0.00
2016.06.17 17:26:40.093,12.90559,12.90901,0.00,0.00
2016.06.17 17:26:41.245,12.90559,12.909,0.00,0.00
2016.06.17 17:26:41.346,12.90594,12.90942,0.00,0.00
2016.06.17 17:26:41.397,12.90594,12.90951,0.00,0.00
2016.06.17 17:26:41.447,12.90589,12.90901,0.00,0.00
2016.06.17 17:26:41.632,12.9056,12.909,0.00,0.00
2016.06.17 17:26:42.188,12.90559,12.90901,0.00,0.00
2016.06.17 17:26:42.726,12.90559,12.909,0.00,0.00
2016.06.17 17:26:43.115,12.90615,12.91,0.00,0.00
2016.06.17 17:26:43.386,12.90615,12.90981,0.00,0.00
2016.06.17 17:26:43.487,12.90618,12.91001,0.00,0.00
2016.06.17 17:26:43.639,12.9062,12.91,0.00,0.00
2016.06.17 17:26:44.395,12.9062,12.91001,0.00,0.00
2016.06.17 17:26:45.041,12.90624,12.91001,0.00,0.00
2016.06.17 17:26:46.745,12.9063,12.91,0.00,0.00
2016.06.17 17:26:47.068,12.9072,12.9104,0.00,0.00
2016.06.17 17:26:47.169,12.90722,12.91071,0.00,0.00
2016.06.17 17:26:47.270,12.90722,12.91101,0.00,0.00
2016.06.17 17:26:48.192,12.90722,12.911,0.00,0.00
2016.06.17 17:26:48.793,12.90722,12.91101,0.00,0.00
2016.06.17 17:26:50.692,12.90722,12.911,0.00,0.00
2016.06.17 17:26:50.996,12.90722,12.91061,0.00,0.00
2016.06.17 17:26:51.297,12.90722,12.91101,0.00,0.00
2016.06.17 17:26:52.986,12.90722,12.911,0.00,0.00
2016.06.17 17:26:54.091,12.90722,12.91101,0.00,0.00
2016.06.17 17:26:55.223,12.90719,12.91101,0.00,0.00
2016.06.17 17:26:55.273,12.90819,12.91151,0.00,0.00
2016.06.17 17:26:55.475,12.9072,12.911,0.00,0.00
2016.06.17 17:26:56.022,12.90721,12.911,0.00,0.00
2016.06.17 17:26:56.627,12.90721,12.91101,0.00,0.00
2016.06.17 17:26:58.496,12.90721,12.911,0.00,0.00
2016.06.17 17:26:59.057,12.90721,12.91101,0.00,0.00
2016.06.17 17:27:02.510,12.90721,12.911,0.00,0.00
2016.06.17 17:27:03.337,12.90721,12.91101,0.00,0.00
2016.06.17 17:27:06.095,12.90721,12.911,0.00,0.00
2016.06.17 17:27:06.797,12.90721,12.91101,0.00,0.00
2016.06.17 17:27:07.687,12.90721,12.911,0.00,0.00
2016.06.17 17:27:08.730,12.90721,12.91101,0.00,0.00
2016.06.17 17:27:09.075,12.90742,12.91101,0.00,0.00
2016.06.17 17:27:09.226,12.9082,12.912,0.00,0.00
2016.06.17 17:27:09.897,12.90821,12.91171,0.00,0.00
2016.06.17 17:27:10.049,12.90821,12.91201,0.00,0.00
2016.06.17 17:27:10.598,12.90821,12.912,0.00,0.00
2016.06.17 17:27:11.107,12.90821,12.91201,0.00,0.00
2016.06.17 17:27:11.617,12.90821,12.912,0.00,0.00
2016.06.17 17:27:12.173,12.90821,12.91201,0.00,0.00
2016.06.17 17:27:12.352,12.90821,12.9116,0.00,0.00
2016.06.17 17:27:12.525,12.90821,12.912,0.00,0.00
2016.06.17 17:27:12.727,12.90821,12.91161,0.00,0.00
2016.06.17 17:27:13.542,12.90821,12.91201,0.00,0.00
2016.06.17 17:27:14.278,12.90821,12.912,0.00,0.00
2016.06.17 17:27:15.147,12.90821,12.91201,0.00,0.00
2016.06.17 17:27:15.682,12.90821,12.912,0.00,0.00
2016.06.17 17:27:17.119,12.90821,12.91201,0.00,0.00
2016.06.17 17:27:20.772,12.90821,12.912,0.00,0.00
2016.06.17 17:27:21.278,12.90821,12.91201,0.00,0.00
2016.06.17 17:27:22.531,12.90821,12.912,0.00,0.00
2016.06.17 17:27:23.046,12.90821,12.91201,0.00,0.00
2016.06.17 17:27:25.637,12.90821,12.912,0.00,0.00
2016.06.17 17:27:26.172,12.9079,12.9115,0.00,0.00
2016.06.17 17:27:26.374,12.90729,12.91101,0.00,0.00
2016.06.17 17:27:26.425,12.90788,12.91101,0.00,0.00
2016.06.17 17:27:26.576,12.90819,12.91151,0.00,0.00
2016.06.17 17:27:26.845,12.90822,12.91151,0.00,0.00
2016.06.17 17:27:28.258,12.90822,12.91181,0.00,0.00
2016.06.17 17:27:29.946,12.90822,12.9118,0.00,0.00
2016.06.17 17:27:30.246,12.90822,12.91201,0.00,0.00
2016.06.17 17:27:30.726,12.90839,12.912,0.00,0.00
2016.06.17 17:27:31.032,12.9082,12.912,0.00,0.00
2016.06.17 17:27:31.082,12.90879,12.91201,0.00,0.00
2016.06.17 17:27:31.148,12.9082,12.912,0.00,0.00
2016.06.17 17:27:31.449,12.90822,12.912,0.00,0.00
2016.06.17 17:27:32.228,12.90838,12.912,0.00,0.00
2016.06.17 17:27:32.530,12.9092,12.9125,0.00,0.00
2016.06.17 17:27:32.581,12.90859,12.91201,0.00,0.00
2016.06.17 17:27:32.928,12.9092,12.9124,0.00,0.00
2016.06.17 17:27:33.179,12.90849,12.91201,0.00,0.00
2016.06.17 17:27:33.280,12.90919,12.91251,0.00,0.00
2016.06.17 17:27:34.004,12.9085,12.912,0.00,0.00
2016.06.17 17:27:34.105,12.90859,12.91201,0.00,0.00
2016.06.17 17:27:34.835,12.90889,12.912,0.00,0.00
2016.06.17 17:27:34.886,12.90939,12.91251,0.00,0.00
2016.06.17 17:27:34.987,12.90919,12.91251,0.00,0.00
2016.06.17 17:27:35.088,12.9087,12.912,0.00,0.00
2016.06.17 17:27:35.819,12.90869,12.91201,0.00,0.00
2016.06.17 17:27:36.244,12.90899,12.91201,0.00,0.00
2016.06.17 17:27:36.560,12.9086,12.912,0.00,0.00
2016.06.17 17:27:37.162,12.90859,12.91201,0.00,0.00
2016.06.17 17:27:39.801,12.90829,12.91201,0.00,0.00
2016.06.17 17:27:40.286,12.90821,12.912,0.00,0.00
2016.06.17 17:27:40.401,12.90821,12.91151,0.00,0.00
2016.06.17 17:27:40.468,12.90821,12.912,0.00,0.00
2016.06.17 17:27:40.992,12.90821,12.91201,0.00,0.00
2016.06.17 17:27:41.043,12.90921,12.91201,0.00,0.00
2016.06.17 17:27:41.170,12.90921,12.9124,0.00,0.00
2016.06.17 17:27:41.475,12.90921,12.91251,0.00,0.00
2016.06.17 17:27:41.705,12.90919,12.91251,0.00,0.00
2016.06.17 17:27:41.988,12.90899,12.91241,0.00,0.00
2016.06.17 17:27:42.072,12.90889,12.912,0.00,0.00
2016.06.17 17:27:42.173,12.9085,12.912,0.00,0.00
2016.06.17 17:27:42.374,12.9083,12.912,0.00,0.00
2016.06.17 17:27:42.999,12.90821,12.912,0.00,0.00
2016.06.17 17:27:44.680,12.90821,12.91201,0.00,0.00
2016.06.17 17:27:45.079,12.90921,12.91222,0.00,0.00
2016.06.17 17:27:45.129,12.90921,12.91301,0.00,0.00
2016.06.17 17:27:45.230,12.90921,12.9125,0.00,0.00
2016.06.17 17:27:45.563,12.90919,12.91251,0.00,0.00
2016.06.17 17:27:46.293,12.90921,12.91251,0.00,0.00
2016.06.17 17:27:47.684,12.90921,12.9125,0.00,0.00
2016.06.17 17:27:48.292,12.9092,12.9125,0.00,0.00
2016.06.17 17:27:48.794,12.90919,12.91251,0.00,0.00
2016.06.17 17:27:49.881,12.9092,12.9125,0.00,0.00
2016.06.17 17:27:50.547,12.90919,12.91251,0.00,0.00
2016.06.17 17:27:51.867,12.90922,12.91251,0.00,0.00
2016.06.17 17:27:52.206,12.90922,12.91201,0.00,0.00
2016.06.17 17:27:52.318,12.90899,12.91201,0.00,0.00
2016.06.17 17:27:52.528,12.90919,12.91301,0.00,0.00
2016.06.17 17:27:52.970,12.90922,12.91301,0.00,0.00
2016.06.17 17:27:53.502,12.90922,12.913,0.00,0.00
2016.06.17 17:27:54.178,12.90922,12.91301,0.00,0.00
2016.06.17 17:27:55.217,12.90922,12.913,0.00,0.00
2016.06.17 17:27:55.828,12.90922,12.91301,0.00,0.00
2016.06.17 17:27:56.156,12.9099,12.913,0.00,0.00
2016.06.17 17:27:56.257,12.9095,12.913,0.00,0.00
2016.06.17 17:27:56.838,12.90922,12.913,0.00,0.00
2016.06.17 17:27:57.417,12.90922,12.91301,0.00,0.00
2016.06.17 17:27:58.621,12.90922,12.913,0.00,0.00
2016.06.17 17:27:59.765,12.90922,12.91301,0.00,0.00
2016.06.17 17:28:00.116,12.90919,12.91301,0.00,0.00
2016.06.17 17:28:00.179,12.9102,12.91331,0.00,0.00
2016.06.17 17:28:00.230,12.91019,12.91401,0.00,0.00
2016.06.17 17:28:00.331,12.91019,12.91371,0.00,0.00
2016.06.17 17:28:00.721,12.90989,12.91301,0.00,0.00
2016.06.17 17:28:01.133,12.90922,12.913,0.00,0.00
2016.06.17 17:28:01.268,12.9093,12.913,0.00,0.00
2016.06.17 17:28:01.704,12.90939,12.913,0.00,0.00
2016.06.17 17:28:02.274,12.9099,12.913,0.00,0.00
2016.06.17 17:28:02.326,12.9094,12.9128,0.00,0.00
2016.06.17 17:28:02.427,12.9094,12.913,0.00,0.00
2016.06.17 17:28:02.584,12.90999,12.91351,0.00,0.00
2016.06.17 17:28:02.888,12.9102,12.9135,0.00,0.00
2016.06.17 17:28:03.039,12.9102,12.9137,0.00,0.00
2016.06.17 17:28:03.540,12.91021,12.9137,0.00,0.00
2016.06.17 17:28:04.466,12.91021,12.91371,0.00,0.00
2016.06.17 17:28:04.644,12.91059,12.91371,0.00,0.00
2016.06.17 17:28:04.845,12.91021,12.91371,0.00,0.00
2016.06.17 17:28:05.947,12.9106,12.9137,0.00,0.00
2016.06.17 17:28:06.650,12.91021,12.91371,0.00,0.00
2016.06.17 17:28:06.893,12.91021,12.9136,0.00,0.00
2016.06.17 17:28:06.950,12.91021,12.91371,0.00,0.00
2016.06.17 17:28:08.154,12.91021,12.9137,0.00,0.00
2016.06.17 17:28:08.356,12.91059,12.91371,0.00,0.00
2016.06.17 17:28:08.869,12.9112,12.9137,0.00,0.00
2016.06.17 17:28:08.970,12.9113,12.915,0.00,0.00
2016.06.17 17:28:09.746,12.91119,12.91471,0.00,0.00
2016.06.17 17:28:10.161,12.9113,12.9147,0.00,0.00
2016.06.17 17:28:10.462,12.91122,12.9147,0.00,0.00
2016.06.17 17:28:11.185,12.91122,12.91471,0.00,0.00
2016.06.17 17:28:11.566,12.91169,12.91471,0.00,0.00
2016.06.17 17:28:11.667,12.9115,12.9147,0.00,0.00
2016.06.17 17:28:12.070,12.91122,12.91471,0.00,0.00
2016.06.17 17:28:12.166,12.9113,12.9147,0.00,0.00
2016.06.17 17:28:13.206,12.91189,12.91471,0.00,0.00
2016.06.17 17:28:13.570,12.9118,12.9147,0.00,0.00
2016.06.17 17:28:13.778,12.9119,12.9155,0.00,0.00
2016.06.17 17:28:13.879,12.9119,12.9147,0.00,0.00
2016.06.17 17:28:13.970,12.9116,12.9147,0.00,0.00
2016.06.17 17:28:14.207,12.9119,12.91521,0.00,0.00
2016.06.17 17:28:14.259,12.9119,12.91542,0.00,0.00
2016.06.17 17:28:14.310,12.91189,12.91501,0.00,0.00
2016.06.17 17:28:14.371,12.9116,12.915,0.00,0.00
2016.06.17 17:28:14.472,12.91199,12.91542,0.00,0.00
2016.06.17 17:28:14.623,12.91199,12.91532,0.00,0.00
2016.06.17 17:28:14.674,12.9116,12.915,0.00,0.00
2016.06.17 17:28:14.875,12.91139,12.91471,0.00,0.00
2016.06.17 17:28:14.972,12.91121,12.9147,0.00,0.00
2016.06.17 17:28:15.480,12.91121,12.91471,0.00,0.00
2016.06.17 17:28:15.874,12.91159,12.91471,0.00,0.00
2016.06.17 17:28:16.175,12.91149,12.91471,0.00,0.00
2016.06.17 17:28:16.676,12.9113,12.9147,0.00,0.00
2016.06.17 17:28:17.178,12.91129,12.91471,0.00,0.00
2016.06.17 17:28:17.994,12.9113,12.9147,0.00,0.00
2016.06.17 17:28:18.179,12.9114,12.9147,0.00,0.00
2016.06.17 17:28:18.781,12.91139,12.91471,0.00,0.00
2016.06.17 17:28:19.182,12.91129,12.91471,0.00,0.00
2016.06.17 17:28:19.683,12.9114,12.9147,0.00,0.00
2016.06.17 17:28:20.184,12.91199,12.91501,0.00,0.00
2016.06.17 17:28:20.285,12.91179,12.91501,0.00,0.00
2016.06.17 17:28:20.386,12.91149,12.91471,0.00,0.00
2016.06.17 17:28:20.827,12.91129,12.91471,0.00,0.00
2016.06.17 17:28:20.886,12.91121,12.9137,0.00,0.00
2016.06.17 17:28:20.936,12.9104,12.9137,0.00,0.00
2016.06.17 17:28:20.987,12.91021,12.91371,0.00,0.00
2016.06.17 17:28:22.790,12.91021,12.9137,0.00,0.00
2016.06.17 17:28:23.690,12.91021,12.91371,0.00,0.00
2016.06.17 17:28:24.304,12.91021,12.9137,0.00,0.00
2016.06.17 17:28:24.594,12.91021,12.91361,0.00,0.00
2016.06.17 17:28:24.796,12.91021,12.91371,0.00,0.00
2016.06.17 17:28:26.398,12.91021,12.9137,0.00,0.00
2016.06.17 17:28:27.006,12.91021,12.91322,0.00,0.00
2016.06.17 17:28:27.115,12.9099,12.91301,0.00,0.00
2016.06.17 17:28:27.252,12.90989,12.91272,0.00,0.00
2016.06.17 17:28:27.800,12.91019,12.91361,0.00,0.00
2016.06.17 17:28:27.850,12.91021,12.91361,0.00,0.00
2016.06.17 17:28:28.287,12.91039,12.91332,0.00,0.00
2016.06.17 17:28:28.365,12.91039,12.91342,0.00,0.00
2016.06.17 17:28:29.024,12.91021,12.91322,0.00,0.00
2016.06.17 17:28:29.157,12.91021,12.91351,0.00,0.00
2016.06.17 17:28:29.458,12.91021,12.91341,0.00,0.00
2016.06.17 17:28:30.309,12.91021,12.91332,0.00,0.00
2016.06.17 17:28:30.663,12.91021,12.91352,0.00,0.00
2016.06.17 17:28:30.763,12.91021,12.91322,0.00,0.00
2016.06.17 17:28:31.436,12.91021,12.91351,0.00,0.00
2016.06.17 17:28:32.752,12.91029,12.91351,0.00,0.00
2016.06.17 17:28:32.870,12.91029,12.91361,0.00,0.00
2016.06.17 17:28:33.742,12.91119,12.91361,0.00,0.00
2016.06.17 17:28:33.843,12.9112,12.9137,0.00,0.00
2016.06.17 17:28:35.084,12.91122,12.9137,0.00,0.00
2016.06.17 17:28:35.134,12.91139,12.91451,0.00,0.00
2016.06.17 17:28:35.377,12.91139,12.91431,0.00,0.00
2016.06.17 17:28:35.778,12.91149,12.91462,0.00,0.00
2016.06.17 17:28:35.829,12.91122,12.91462,0.00,0.00
2016.06.17 17:28:35.929,12.91149,12.91462,0.00,0.00
2016.06.17 17:28:36.243,12.91219,12.91501,0.00,0.00
2016.06.17 17:28:36.379,12.9122,12.91532,0.00,0.00
2016.06.17 17:28:36.480,12.9122,12.91501,0.00,0.00
2016.06.17 17:28:36.769,12.91219,12.91532,0.00,0.00
2016.06.17 17:28:36.881,12.9122,12.91541,0.00,0.00
2016.06.17 17:28:37.271,12.91221,12.91551,0.00,0.00
2016.06.17 17:28:37.778,12.91221,12.91531,0.00,0.00
2016.06.17 17:28:37.989,12.91221,12.91541,0.00,0.00
2016.06.17 17:28:38.090,12.91221,12.91561,0.00,0.00
2016.06.17 17:28:38.251,12.9123,12.91511,0.00,0.00
2016.06.17 17:28:38.383,12.9123,12.9156,0.00,0.00
2016.06.17 17:28:38.784,12.9123,12.91541,0.00,0.00
2016.06.17 17:28:38.885,12.91229,12.91551,0.00,0.00
2016.06.17 17:28:39.553,12.9123,12.91532,0.00,0.00
2016.06.17 17:28:39.736,12.91221,12.91532,0.00,0.00
2016.06.17 17:28:39.787,12.91221,12.91522,0.00,0.00
2016.06.17 17:28:40.337,12.91229,12.91522,0.00,0.00
2016.06.17 17:28:40.639,12.91229,12.91571,0.00,0.00
2016.06.17 17:28:41.010,12.91229,12.91551,0.00,0.00
2016.06.17 17:28:41.440,12.91222,12.91551,0.00,0.00
2016.06.17 17:28:41.691,12.91222,12.91532,0.00,0.00
2016.06.17 17:28:41.941,12.91249,12.91571,0.00,0.00
2016.06.17 17:28:41.992,12.91249,12.91562,0.00,0.00
2016.06.17 17:28:42.323,12.91259,12.91561,0.00,0.00
2016.06.17 17:28:42.669,12.9132,12.91541,0.00,0.00
2016.06.17 17:28:42.771,12.91309,12.91562,0.00,0.00
2016.06.17 17:28:42.872,12.91229,12.91571,0.00,0.00
2016.06.17 17:28:42.993,12.9123,12.91521,0.00,0.00
2016.06.17 17:28:43.547,12.91229,12.91521,0.00,0.00
2016.06.17 17:28:43.945,12.91221,12.91511,0.00,0.00
2016.06.17 17:28:43.996,12.91221,12.91541,0.00,0.00
2016.06.17 17:28:44.097,12.91221,12.91512,0.00,0.00
2016.06.17 17:28:44.296,12.91221,12.91532,0.00,0.00
2016.06.17 17:28:44.659,12.91189,12.91471,0.00,0.00
2016.06.17 17:28:44.760,12.9114,12.91461,0.00,0.00
2016.06.17 17:28:44.861,12.9122,12.91441,0.00,0.00
2016.06.17 17:28:44.997,12.91219,12.91502,0.00,0.00
2016.06.17 17:28:45.103,12.9122,12.91522,0.00,0.00
2016.06.17 17:28:45.182,12.91219,12.91502,0.00,0.00
2016.06.17 17:28:45.283,12.91219,12.91532,0.00,0.00
2016.06.17 17:28:45.384,12.9115,12.91492,0.00,0.00
2016.06.17 17:28:45.493,12.9122,12.91462,0.00,0.00
2016.06.17 17:28:45.594,12.91219,12.91531,0.00,0.00
2016.06.17 17:28:45.695,12.91219,12.91551,0.00,0.00
2016.06.17 17:28:45.846,12.91238,12.91551,0.00,0.00
2016.06.17 17:28:46.149,12.91321,12.91571,0.00,0.00
2016.06.17 17:28:46.451,12.91321,12.91621,0.00,0.00
2016.06.17 17:28:46.502,12.91321,12.91642,0.00,0.00
2016.06.17 17:28:47.404,12.91321,12.91631,0.00,0.00
2016.06.17 17:28:47.505,12.9133,12.91652,0.00,0.00
2016.06.17 17:28:47.606,12.91329,12.91662,0.00,0.00
2016.06.17 17:28:48.005,12.91329,12.91652,0.00,0.00
2016.06.17 17:28:48.056,12.91321,12.91652,0.00,0.00
2016.06.17 17:28:48.305,12.91321,12.91672,0.00,0.00
2016.06.17 17:28:48.456,12.9133,12.91672,0.00,0.00
2016.06.17 17:28:48.608,12.91329,12.91682,0.00,0.00
2016.06.17 17:28:49.049,12.91329,12.91691,0.00,0.00
2016.06.17 17:28:49.117,12.91329,12.91641,0.00,0.00
2016.06.17 17:28:49.218,12.91329,12.91671,0.00,0.00
2016.06.17 17:28:49.510,12.91388,12.91671,0.00,0.00
2016.06.17 17:28:49.618,12.9142,12.91772,0.00,0.00
2016.06.17 17:28:49.668,12.91422,12.91771,0.00,0.00
2016.06.17 17:28:49.971,12.91422,12.91762,0.00,0.00
2016.06.17 17:28:50.122,12.91422,12.91781,0.00,0.00
2016.06.17 17:28:50.846,12.91422,12.91782,0.00,0.00
2016.06.17 17:28:50.896,12.91422,12.91752,0.00,0.00
2016.06.17 17:28:50.947,12.91422,12.91781,0.00,0.00
2016.06.17 17:28:51.263,12.91422,12.91752,0.00,0.00
2016.06.17 17:28:51.695,12.91422,12.9175,0.00,0.00
2016.06.17 17:28:52.305,12.91422,12.91751,0.00,0.00
2016.06.17 17:28:53.366,12.91422,12.9175,0.00,0.00
2016.06.17 17:28:53.867,12.91422,12.91751,0.00,0.00
2016.06.17 17:28:54.215,12.91519,12.91801,0.00,0.00
2016.06.17 17:28:54.316,12.91422,12.91801,0.00,0.00
2016.06.17 17:28:54.367,12.91422,12.91782,0.00,0.00
2016.06.17 17:28:54.718,12.91422,12.91761,0.00,0.00
2016.06.17 17:28:54.819,12.91422,12.91781,0.00,0.00
2016.06.17 17:28:54.874,12.91422,12.91762,0.00,0.00
2016.06.17 17:28:55.304,12.91422,12.91792,0.00,0.00
2016.06.17 17:28:55.355,12.91338,12.91778,0.00,0.00
2016.06.17 17:28:55.406,12.91338,12.91762,0.00,0.00
2016.06.17 17:28:55.771,12.91221,12.916,0.00,0.00
2016.06.17 17:28:56.073,12.91249,12.91632,0.00,0.00
2016.06.17 17:28:56.123,12.91249,12.91602,0.00,0.00
2016.06.17 17:28:56.474,12.91249,12.91621,0.00,0.00
2016.06.17 17:28:57.111,12.9125,12.9162,0.00,0.00
2016.06.17 17:28:57.527,12.91222,12.91601,0.00,0.00
2016.06.17 17:28:57.628,12.91238,12.916,0.00,0.00
2016.06.17 17:28:57.821,12.9125,12.9162,0.00,0.00
2016.06.17 17:28:58.128,12.91288,12.91621,0.00,0.00
2016.06.17 17:28:59.046,12.91419,12.91681,0.00,0.00
2016.06.17 17:28:59.098,12.9142,12.9177,0.00,0.00
2016.06.17 17:28:59.331,12.91388,12.91741,0.00,0.00
2016.06.17 17:28:59.382,12.9142,12.91751,0.00,0.00
2016.06.17 17:28:59.634,12.91419,12.91771,0.00,0.00
2016.06.17 17:28:59.685,12.91421,12.9177,0.00,0.00
2016.06.17 17:28:59.982,12.91421,12.91791,0.00,0.00
2016.06.17 17:29:00.084,12.91421,12.9177,0.00,0.00
2016.06.17 17:29:00.509,12.91509,12.91771,0.00,0.00
2016.06.17 17:29:00.559,12.91449,12.91771,0.00,0.00
2016.06.17 17:29:00.733,12.9143,12.9177,0.00,0.00
2016.06.17 17:29:00.894,12.91389,12.91721,0.00,0.00
2016.06.17 17:29:01.104,12.91349,12.91701,0.00,0.00
2016.06.17 17:29:01.786,12.9135,12.917,0.00,0.00
2016.06.17 17:29:02.454,12.91422,12.917,0.00,0.00
2016.06.17 17:29:03.090,12.91422,12.91771,0.00,0.00
2016.06.17 17:29:03.640,12.91439,12.9177,0.00,0.00
2016.06.17 17:29:03.942,12.9152,12.91831,0.00,0.00
2016.06.17 17:29:04.018,12.91488,12.91831,0.00,0.00
2016.06.17 17:29:04.069,12.91488,12.91892,0.00,0.00
2016.06.17 17:29:04.120,12.9152,12.9189,0.00,0.00
2016.06.17 17:29:04.438,12.91521,12.91851,0.00,0.00
2016.06.17 17:29:04.592,12.91521,12.91901,0.00,0.00
2016.06.17 17:29:05.093,12.91521,12.919,0.00,0.00
2016.06.17 17:29:05.143,12.91521,12.91882,0.00,0.00
2016.06.17 17:29:06.041,12.91521,12.91872,0.00,0.00
2016.06.17 17:29:06.143,12.91521,12.919,0.00,0.00
2016.06.17 17:29:06.195,12.91529,12.91901,0.00,0.00
2016.06.17 17:29:06.548,12.91648,12.91941,0.00,0.00
2016.06.17 17:29:06.699,12.91648,12.91992,0.00,0.00
2016.06.17 17:29:06.749,12.91709,12.9202,0.00,0.00
2016.06.17 17:29:07.051,12.91759,12.92021,0.00,0.00
2016.06.17 17:29:07.750,12.91759,12.92001,0.00,0.00
2016.06.17 17:29:08.148,12.9176,12.91992,0.00,0.00
2016.06.17 17:29:08.401,12.91658,12.91931,0.00,0.00
2016.06.17 17:29:08.502,12.91659,12.91941,0.00,0.00
2016.06.17 17:29:08.653,12.91661,12.9194,0.00,0.00
2016.06.17 17:29:08.704,12.91661,12.9199,0.00,0.00
2016.06.17 17:29:08.754,12.91709,12.9199,0.00,0.00
2016.06.17 17:29:09.230,12.91708,12.92001,0.00,0.00
2016.06.17 17:29:09.600,12.91708,12.91991,0.00,0.00
2016.06.17 17:29:10.300,12.91708,12.92,0.00,0.00
2016.06.17 17:29:11.086,12.91708,12.92001,0.00,0.00
2016.06.17 17:29:11.408,12.91708,12.92011,0.00,0.00
2016.06.17 17:29:11.608,12.91708,12.92001,0.00,0.00
2016.06.17 17:29:12.623,12.91708,12.92,0.00,0.00
2016.06.17 17:29:13.212,12.91708,12.92001,0.00,0.00
2016.06.17 17:29:13.715,12.91708,12.92,0.00,0.00
2016.06.17 17:29:14.257,12.91708,12.92001,0.00,0.00
2016.06.17 17:29:14.313,12.91708,12.9201,0.00,0.00
2016.06.17 17:29:14.858,12.91708,12.92001,0.00,0.00
2016.06.17 17:29:15.566,12.91708,12.92,0.00,0.00
2016.06.17 17:29:16.159,12.91708,12.92011,0.00,0.00
2016.06.17 17:29:16.660,12.91708,12.92,0.00,0.00
2016.06.17 17:29:17.161,12.91708,12.9201,0.00,0.00
2016.06.17 17:29:17.700,12.91708,12.92011,0.00,0.00
2016.06.17 17:29:17.751,12.91629,12.92021,0.00,0.00
2016.06.17 17:29:17.810,12.91662,12.92021,0.00,0.00
2016.06.17 17:29:18.122,12.91708,12.92001,0.00,0.00
2016.06.17 17:29:18.574,12.91658,12.92,0.00,0.00
2016.06.17 17:29:18.624,12.91658,12.91941,0.00,0.00
2016.06.17 17:29:18.725,12.91661,12.91972,0.00,0.00
2016.06.17 17:29:18.872,12.91661,12.92,0.00,0.00
2016.06.17 17:29:18.923,12.91661,12.91971,0.00,0.00
2016.06.17 17:29:19.464,12.91708,12.91971,0.00,0.00
2016.06.17 17:29:19.933,12.91708,12.92,0.00,0.00
2016.06.17 17:29:20.034,12.91708,12.92011,0.00,0.00
2016.06.17 17:29:20.627,12.91708,12.9201,0.00,0.00
2016.06.17 17:29:20.728,12.91708,12.9194,0.00,0.00
2016.06.17 17:29:20.778,12.91659,12.9194,0.00,0.00
2016.06.17 17:29:20.829,12.91659,12.91971,0.00,0.00
2016.06.17 17:29:20.880,12.91661,12.91971,0.00,0.00
2016.06.17 17:29:20.930,12.91661,12.92001,0.00,0.00
2016.06.17 17:29:20.981,12.91708,12.92001,0.00,0.00
2016.06.17 17:29:21.828,12.91708,12.9201,0.00,0.00
2016.06.17 17:29:22.030,12.91708,12.91981,0.00,0.00
2016.06.17 17:29:22.533,12.91708,12.92001,0.00,0.00
2016.06.17 17:29:23.030,12.91708,12.92011,0.00,0.00
2016.06.17 17:29:23.182,12.91752,12.92011,0.00,0.00
2016.06.17 17:29:23.232,12.91752,12.9204,0.00,0.00
2016.06.17 17:29:23.283,12.91808,12.9204,0.00,0.00
2016.06.17 17:29:23.334,12.91808,12.92072,0.00,0.00
2016.06.17 17:29:23.435,12.91808,12.92081,0.00,0.00
2016.06.17 17:29:23.982,12.91808,12.9208,0.00,0.00
2016.06.17 17:29:24.621,12.91858,12.9208,0.00,0.00
2016.06.17 17:29:24.674,12.91859,12.92121,0.00,0.00
2016.06.17 17:29:24.775,12.91859,12.92111,0.00,0.00
2016.06.17 17:29:24.935,12.91809,12.92101,0.00,0.00
2016.06.17 17:29:25.088,12.91809,12.92121,0.00,0.00
2016.06.17 17:29:25.139,12.91859,12.92121,0.00,0.00
2016.06.17 17:29:25.956,12.9186,12.9212,0.00,0.00
2016.06.17 17:29:26.059,12.91858,12.92141,0.00,0.00
2016.06.17 17:29:26.161,12.9186,12.9214,0.00,0.00
2016.06.17 17:29:26.262,12.91841,12.92201,0.00,0.00
2016.06.17 17:29:26.464,12.91909,12.9217,0.00,0.00
2016.06.17 17:29:27.083,12.91909,12.92201,0.00,0.00
2016.06.17 17:29:27.742,12.91909,12.922,0.00,0.00
2016.06.17 17:29:28.244,12.91909,12.92201,0.00,0.00
2016.06.17 17:29:29.183,12.9191,12.922,0.00,0.00
2016.06.17 17:29:29.739,12.91909,12.92201,0.00,0.00
2016.06.17 17:29:29.891,12.92022,12.92231,0.00,0.00
2016.06.17 17:29:29.941,12.92022,12.9224,0.00,0.00
2016.06.17 17:29:29.992,12.92059,12.92341,0.00,0.00
2016.06.17 17:29:30.093,12.9206,12.923,0.00,0.00
2016.06.17 17:29:30.294,12.9206,12.9232,0.00,0.00
2016.06.17 17:29:30.498,12.9206,12.9231,0.00,0.00
2016.06.17 17:29:30.600,12.91958,12.92221,0.00,0.00
2016.06.17 17:29:30.728,12.91909,12.92221,0.00,0.00
2016.06.17 17:29:31.181,12.91859,12.92131,0.00,0.00
2016.06.17 17:29:31.383,12.91859,12.92141,0.00,0.00
2016.06.17 17:29:31.695,12.91739,12.92041,0.00,0.00
2016.06.17 17:29:31.747,12.91721,12.92041,0.00,0.00
2016.06.17 17:29:31.797,12.91721,12.92021,0.00,0.00
2016.06.17 17:29:31.999,12.91709,12.9202,0.00,0.00
2016.06.17 17:29:32.153,12.91681,12.9194,0.00,0.00
2016.06.17 17:29:32.203,12.9166,12.9194,0.00,0.00
2016.06.17 17:29:32.254,12.9166,12.9192,0.00,0.00
2016.06.17 17:29:32.582,12.91659,12.91901,0.00,0.00
2016.06.17 17:29:33.303,12.9166,12.919,0.00,0.00
2016.06.17 17:29:33.889,12.91659,12.91921,0.00,0.00
2016.06.17 17:29:34.054,12.91708,12.91921,0.00,0.00
2016.06.17 17:29:34.105,12.91711,12.91971,0.00,0.00
2016.06.17 17:29:34.206,12.91711,12.9202,0.00,0.00
2016.06.17 17:29:34.593,12.91711,12.92041,0.00,0.00
2016.06.17 17:29:34.643,12.91802,12.92041,0.00,0.00
2016.06.17 17:29:34.694,12.91802,12.92102,0.00,0.00
2016.06.17 17:29:34.795,12.91802,12.92111,0.00,0.00
2016.06.17 17:29:34.848,12.91808,12.92111,0.00,0.00
2016.06.17 17:29:35.059,12.91808,12.92121,0.00,0.00
2016.06.17 17:29:35.199,12.91808,12.92051,0.00,0.00
2016.06.17 17:29:35.829,12.91909,12.92051,0.00,0.00
2016.06.17 17:29:35.879,12.91909,12.92221,0.00,0.00
2016.06.17 17:29:35.980,12.91909,12.9219,0.00,0.00
2016.06.17 17:29:36.483,12.91909,12.92191,0.00,0.00
2016.06.17 17:29:36.813,12.91909,12.9218,0.00,0.00
2016.06.17 17:29:36.864,12.91909,12.922,0.00,0.00
2016.06.17 17:29:37.264,12.91909,12.9218,0.00,0.00
2016.06.17 17:29:37.651,12.91901,12.9218,0.00,0.00
2016.06.17 17:29:37.968,12.91859,12.92141,0.00,0.00
2016.06.17 17:29:38.090,12.91901,12.92191,0.00,0.00
2016.06.17 17:29:38.191,12.91908,12.92171,0.00,0.00
2016.06.17 17:29:38.667,12.91908,12.92201,0.00,0.00
2016.06.17 17:29:38.908,12.91908,12.9217,0.00,0.00
2016.06.17 17:29:38.959,12.91901,12.9217,0.00,0.00
2016.06.17 17:29:39.060,12.91832,12.92171,0.00,0.00
2016.06.17 17:29:39.111,12.91859,12.92141,0.00,0.00
2016.06.17 17:29:39.469,12.9186,12.9212,0.00,0.00
2016.06.17 17:29:40.296,12.9186,12.9213,0.00,0.00
2016.06.17 17:29:40.372,12.91859,12.9209,0.00,0.00
2016.06.17 17:29:40.721,12.91771,12.9204,0.00,0.00
2016.06.17 17:29:40.872,12.91808,12.92102,0.00,0.00
2016.06.17 17:29:40.923,12.91811,12.92102,0.00,0.00
2016.06.17 17:29:40.974,12.91811,12.9212,0.00,0.00
2016.06.17 17:29:41.512,12.91811,12.92121,0.00,0.00
2016.06.17 17:29:41.796,12.91772,12.9212,0.00,0.00
2016.06.17 17:29:41.897,12.91772,12.92041,0.00,0.00
2016.06.17 17:29:42.347,12.9176,12.9204,0.00,0.00
2016.06.17 17:29:42.398,12.91759,12.92021,0.00,0.00
2016.06.17 17:29:43.083,12.91659,12.91921,0.00,0.00
2016.06.17 17:29:43.976,12.9166,12.9192,0.00,0.00
2016.06.17 17:29:44.978,12.91659,12.91921,0.00,0.00
2016.06.17 17:29:45.879,12.9166,12.9192,0.00,0.00
2016.06.17 17:29:46.382,12.91659,12.91921,0.00,0.00
2016.06.17 17:29:46.710,12.91811,12.92071,0.00,0.00
2016.06.17 17:29:46.783,12.91811,12.92121,0.00,0.00
2016.06.17 17:29:47.085,12.91811,12.92071,0.00,0.00
2016.06.17 17:29:48.223,12.91811,12.9207,0.00,0.00
2016.06.17 17:29:48.285,12.91811,12.92141,0.00,0.00
2016.06.17 17:29:49.407,12.91811,12.92218,0.00,0.00
2016.06.17 17:29:49.458,12.91822,12.92222,0.00,0.00
2016.06.17 17:29:49.774,12.91859,12.92141,0.00,0.00
2016.06.17 17:29:50.684,12.9186,12.9214,0.00,0.00
2016.06.17 17:29:51.292,12.91859,12.92141,0.00,0.00
2016.06.17 17:29:51.727,12.91821,12.9212,0.00,0.00
2016.06.17 17:29:52.502,12.91821,12.9207,0.00,0.00
2016.06.17 17:29:53.015,12.91821,12.92071,0.00,0.00
2016.06.17 17:29:53.845,12.91821,12.9207,0.00,0.00
2016.06.17 17:29:54.370,12.91821,12.92071,0.00,0.00
2016.06.17 17:29:54.971,12.91821,12.9207,0.00,0.00
2016.06.17 17:29:55.622,12.91821,12.92071,0.00,0.00
2016.06.17 17:29:55.977,12.9174,12.9207,0.00,0.00
2016.06.17 17:29:56.027,12.91721,12.92041,0.00,0.00
2016.06.17 17:29:56.553,12.91721,12.9204,0.00,0.00
2016.06.17 17:29:56.962,12.91708,12.92041,0.00,0.00
2016.06.17 17:29:57.012,12.9172,12.9204,0.00,0.00
2016.06.17 17:29:57.234,12.91781,12.92111,0.00,0.00
2016.06.17 17:29:57.285,12.91808,12.92111,0.00,0.00
2016.06.17 17:29:57.621,12.91758,12.9204,0.00,0.00
2016.06.17 17:29:57.672,12.91708,12.9204,0.00,0.00
2016.06.17 17:29:57.723,12.91759,12.92041,0.00,0.00
2016.06.17 17:29:58.410,12.91782,12.92041,0.00,0.00
2016.06.17 17:29:58.465,12.91808,12.9207,0.00,0.00
2016.06.17 17:29:59.120,12.91808,12.92071,0.00,0.00
2016.06.17 17:29:59.940,12.91808,12.9207,0.00,0.00
2016.06.17 17:30:00.614,12.91901,12.92121,0.00,0.00
2016.06.17 17:30:00.666,12.91959,12.92221,0.00,0.00
2016.06.17 17:30:00.717,12.91959,12.9224,0.00,0.00
2016.06.17 17:30:00.924,12.91919,12.92241,0.00,0.00
2016.06.17 17:30:01.025,12.91959,12.92241,0.00,0.00
2016.06.17 17:30:01.227,12.91909,12.92241,0.00,0.00
2016.06.17 17:30:01.277,12.91909,12.92232,0.00,0.00
2016.06.17 17:30:01.474,12.91909,12.92241,0.00,0.00
2016.06.17 17:30:01.977,12.91901,12.92241,0.00,0.00
2016.06.17 17:30:02.028,12.91819,12.92241,0.00,0.00
2016.06.17 17:30:02.081,12.91819,12.92151,0.00,0.00
2016.06.17 17:30:02.416,12.91858,12.9214,0.00,0.00
2016.06.17 17:30:02.618,12.91909,12.92231,0.00,0.00
2016.06.17 17:30:02.676,12.91959,12.92221,0.00,0.00
2016.06.17 17:30:03.240,12.92008,12.9231,0.00,0.00
2016.06.17 17:30:03.869,12.92008,12.92311,0.00,0.00
2016.06.17 17:30:04.381,12.92008,12.9231,0.00,0.00
2016.06.17 17:30:04.922,12.92008,12.92311,0.00,0.00
2016.06.17 17:30:05.685,12.92008,12.9231,0.00,0.00
2016.06.17 17:30:07.019,12.92008,12.92311,0.00,0.00
2016.06.17 17:30:08.529,12.92008,12.9231,0.00,0.00
2016.06.17 17:30:09.120,12.91962,12.9231,0.00,0.00
2016.06.17 17:30:09.223,12.91962,12.92241,0.00,0.00
2016.06.17 17:30:09.324,12.92008,12.9231,0.00,0.00
2016.06.17 17:30:09.828,12.92008,12.92311,0.00,0.00
2016.06.17 17:30:10.615,12.92008,12.9231,0.00,0.00
2016.06.17 17:30:10.726,12.92008,12.92241,0.00,0.00
2016.06.17 17:30:10.926,12.92008,12.92311,0.00,0.00
2016.06.17 17:30:11.816,12.92008,12.9231,0.00,0.00
2016.06.17 17:30:12.600,12.92008,12.92311,0.00,0.00
2016.06.17 17:30:13.210,12.92008,12.9231,0.00,0.00
2016.06.17 17:30:13.904,12.92008,12.92311,0.00,0.00
2016.06.17 17:30:16.409,12.92008,12.9231,0.00,0.00
2016.06.17 17:30:17.055,12.92008,12.92311,0.00,0.00
2016.06.17 17:30:17.715,12.92008,12.9231,0.00,0.00
2016.06.17 17:30:17.893,12.92112,12.9231,0.00,0.00
2016.06.17 17:30:17.944,12.92112,12.92452,0.00,0.00
2016.06.17 17:30:17.995,12.92158,12.92452,0.00,0.00
2016.06.17 17:30:18.316,12.9226,12.9251,0.00,0.00
2016.06.17 17:30:18.823,12.92259,12.92511,0.00,0.00
2016.06.17 17:30:19.374,12.9226,12.9251,0.00,0.00
2016.06.17 17:30:19.546,12.92259,12.92521,0.00,0.00
2016.06.17 17:30:20.107,12.9226,12.9252,0.00,0.00
2016.06.17 17:30:20.448,12.92259,12.92531,0.00,0.00
2016.06.17 17:30:20.802,12.92259,12.92521,0.00,0.00
2016.06.17 17:30:21.035,12.92208,12.92521,0.00,0.00
2016.06.17 17:30:21.623,12.92209,12.9252,0.00,0.00
2016.06.17 17:30:22.162,12.92209,12.92521,0.00,0.00
2016.06.17 17:30:23.173,12.92208,12.92521,0.00,0.00
2016.06.17 17:30:24.255,12.92208,12.9252,0.00,0.00
2016.06.17 17:30:24.826,12.92208,12.92521,0.00,0.00
2016.06.17 17:30:24.902,12.92132,12.92521,0.00,0.00
2016.06.17 17:30:25.055,12.92108,12.92421,0.00,0.00
2016.06.17 17:30:26.940,12.92108,12.9242,0.00,0.00
2016.06.17 17:30:27.783,12.92108,12.92421,0.00,0.00
2016.06.17 17:30:27.940,12.92051,12.92421,0.00,0.00
2016.06.17 17:30:29.197,12.92051,12.9242,0.00,0.00
2016.06.17 17:30:29.508,12.92058,12.92421,0.00,0.00
2016.06.17 17:30:29.763,12.92129,12.92511,0.00,0.00
2016.06.17 17:30:30.748,12.9213,12.9251,0.00,0.00
2016.06.17 17:30:31.448,12.92129,12.92511,0.00,0.00
2016.06.17 17:30:31.849,12.92189,12.92511,0.00,0.00
2016.06.17 17:30:31.965,12.92149,12.92511,0.00,0.00
2016.06.17 17:30:32.210,12.92159,12.92511,0.00,0.00
2016.06.17 17:30:32.715,12.92179,12.92531,0.00,0.00
2016.06.17 17:30:33.056,12.9218,12.9252,0.00,0.00
2016.06.17 17:30:33.704,12.92179,12.92521,0.00,0.00
2016.06.17 17:30:34.084,12.92159,12.92521,0.00,0.00
2016.06.17 17:30:35.203,12.9216,12.9252,0.00,0.00
2016.06.17 17:30:35.758,12.92159,12.92521,0.00,0.00
2016.06.17 17:30:36.321,12.9216,12.9252,0.00,0.00
2016.06.17 17:30:36.901,12.92159,12.92521,0.00,0.00
2016.06.17 17:30:37.484,12.92179,12.92531,0.00,0.00
2016.06.17 17:30:37.890,12.92179,12.92521,0.00,0.00
2016.06.17 17:30:38.893,12.92179,12.92461,0.00,0.00
2016.06.17 17:30:39.095,12.9218,12.9251,0.00,0.00
2016.06.17 17:30:39.600,12.92179,12.92511,0.00,0.00
2016.06.17 17:30:40.108,12.9218,12.9251,0.00,0.00
2016.06.17 17:30:40.578,12.9218,12.9252,0.00,0.00
2016.06.17 17:30:41.520,12.92099,12.92431,0.00,0.00
2016.06.17 17:30:41.677,12.9208,12.9243,0.00,0.00
2016.06.17 17:30:41.779,12.9208,12.9242,0.00,0.00
2016.06.17 17:30:42.129,12.92129,12.92431,0.00,0.00
2016.06.17 17:30:42.180,12.9213,12.92519,0.00,0.00
2016.06.17 17:30:42.704,12.9218,12.9252,0.00,0.00
2016.06.17 17:30:43.344,12.92179,12.92521,0.00,0.00
2016.06.17 17:30:43.884,12.9218,12.9252,0.00,0.00
2016.06.17 17:30:44.305,12.92229,12.92531,0.00,0.00
2016.06.17 17:30:44.406,12.9223,12.9254,0.00,0.00
2016.06.17 17:30:44.809,12.92179,12.92511,0.00,0.00
2016.06.17 17:30:44.910,12.9223,12.9253,0.00,0.00
2016.06.17 17:30:45.011,12.9218,12.9253,0.00,0.00
2016.06.17 17:30:45.519,12.92179,12.92531,0.00,0.00
2016.06.17 17:30:45.835,12.9218,12.9252,0.00,0.00
2016.06.17 17:30:46.299,12.92229,12.92591,0.00,0.00
2016.06.17 17:30:46.400,12.92229,12.92571,0.00,0.00
2016.06.17 17:30:46.996,12.9223,12.9257,0.00,0.00
2016.06.17 17:30:48.199,12.92229,12.92571,0.00,0.00
2016.06.17 17:30:48.632,12.9228,12.9257,0.00,0.00
2016.06.17 17:30:49.002,12.9228,12.9262,0.00,0.00
2016.06.17 17:30:49.103,12.9228,12.9261,0.00,0.00
2016.06.17 17:30:49.405,12.9233,12.9266,0.00,0.00
2016.06.17 17:30:49.806,12.9233,12.9267,0.00,0.00
2016.06.17 17:30:49.907,12.92279,12.92591,0.00,0.00
2016.06.17 17:30:50.302,12.9237,12.9271,0.00,0.00
2016.06.17 17:30:51.437,12.9233,12.9263,0.00,0.00
2016.06.17 17:30:51.539,12.92279,12.92631,0.00,0.00
2016.06.17 17:30:51.640,12.92329,12.92641,0.00,0.00
2016.06.17 17:30:51.912,12.9233,12.9269,0.00,0.00
2016.06.17 17:30:52.357,12.92379,12.92702,0.00,0.00
2016.06.17 17:30:52.706,12.9238,12.9271,0.00,0.00
2016.06.17 17:30:53.016,12.92389,12.92721,0.00,0.00
2016.06.17 17:30:53.117,12.92479,12.92731,0.00,0.00
2016.06.17 17:30:53.218,12.92429,12.92731,0.00,0.00
2016.06.17 17:30:53.319,12.9248,12.9281,0.00,0.00
2016.06.17 17:30:53.420,12.9248,12.9282,0.00,0.00
2016.06.17 17:30:54.164,12.9253,12.9283,0.00,0.00
2016.06.17 17:30:54.503,12.9248,12.9283,0.00,0.00
2016.06.17 17:30:54.553,12.92529,12.92861,0.00,0.00
2016.06.17 17:30:54.865,12.92579,12.92891,0.00,0.00
2016.06.17 17:30:54.925,12.9258,12.9292,0.00,0.00
2016.06.17 17:30:55.499,12.92579,12.92921,0.00,0.00
2016.06.17 17:30:56.128,12.9261,12.9293,0.00,0.00
2016.06.17 17:30:56.522,12.92621,12.9293,0.00,0.00
2016.06.17 17:30:56.573,12.92629,12.92961,0.00,0.00
2016.06.17 17:30:56.629,12.9263,12.9297,0.00,0.00
2016.06.17 17:30:56.829,12.92629,12.92931,0.00,0.00
2016.06.17 17:30:57.353,12.92679,12.92981,0.00,0.00
2016.06.17 17:30:57.454,12.9268,12.93,0.00,0.00
2016.06.17 17:30:57.555,12.92679,12.93021,0.00,0.00
2016.06.17 17:30:58.132,12.9268,12.93,0.00,0.00
2016.06.17 17:30:58.892,12.92679,12.93021,0.00,0.00
2016.06.17 17:30:58.943,12.9258,12.9292,0.00,0.00
2016.06.17 17:30:59.467,12.92579,12.92921,0.00,0.00
2016.06.17 17:30:59.769,12.9253,12.9284,0.00,0.00
2016.06.17 17:30:59.870,12.9248,12.9283,0.00,0.00
2016.06.17 17:31:00.072,12.9248,12.9282,0.00,0.00
2016.06.17 17:31:00.596,12.92479,12.92821,0.00,0.00
2016.06.17 17:31:00.948,12.92429,12.92801,0.00,0.00
2016.06.17 17:31:01.251,12.92499,12.92801,0.00,0.00
2016.06.17 17:31:01.352,12.92521,12.92851,0.00,0.00
2016.06.17 17:31:01.403,12.92521,12.92901,0.00,0.00
2016.06.17 17:31:02.194,12.92509,12.92901,0.00,0.00
2016.06.17 17:31:02.245,12.92439,12.92801,0.00,0.00
2016.06.17 17:31:02.632,12.92409,12.92801,0.00,0.00
2016.06.17 17:31:02.947,12.92449,12.92801,0.00,0.00
2016.06.17 17:31:03.348,12.92498,12.92851,0.00,0.00
2016.06.17 17:31:03.399,12.92521,12.92851,0.00,0.00
2016.06.17 17:31:03.449,12.92521,12.9286,0.00,0.00
2016.06.17 17:31:03.648,12.92521,12.929,0.00,0.00
2016.06.17 17:31:04.229,12.92521,12.92901,0.00,0.00
2016.06.17 17:31:05.176,12.92521,12.929,0.00,0.00
2016.06.17 17:31:05.277,12.9253,12.929,0.00,0.00
2016.06.17 17:31:05.754,12.92521,12.929,0.00,0.00
2016.06.17 17:31:06.992,12.92521,12.92901,0.00,0.00
2016.06.17 17:31:07.097,12.92509,12.92901,0.00,0.00
2016.06.17 17:31:07.198,12.9251,12.9286,0.00,0.00
2016.06.17 17:31:07.357,12.92509,12.92901,0.00,0.00
2016.06.17 17:31:07.820,12.92521,12.92901,0.00,0.00
2016.06.17 17:31:08.363,12.92521,12.929,0.00,0.00
2016.06.17 17:31:09.090,12.92521,12.92901,0.00,0.00
2016.06.17 17:31:09.392,12.92548,12.92901,0.00,0.00
2016.06.17 17:31:09.443,12.92509,12.92901,0.00,0.00
2016.06.17 17:31:09.963,12.9251,12.929,0.00,0.00
2016.06.17 17:31:10.014,12.92521,12.929,0.00,0.00
2016.06.17 17:31:11.266,12.92521,12.92901,0.00,0.00
2016.06.17 17:31:11.678,12.92529,12.92901,0.00,0.00
2016.06.17 17:31:12.076,12.9258,12.929,0.00,0.00
2016.06.17 17:31:12.127,12.9255,12.929,0.00,0.00
2016.06.17 17:31:12.179,12.9253,12.929,0.00,0.00
2016.06.17 17:31:12.450,12.92548,12.92901,0.00,0.00
2016.06.17 17:31:13.079,12.92519,12.92901,0.00,0.00
2016.06.17 17:31:13.181,12.92509,12.92901,0.00,0.00
2016.06.17 17:31:13.232,12.92521,12.92901,0.00,0.00
2016.06.17 17:31:13.535,12.92609,12.92961,0.00,0.00
2016.06.17 17:31:13.787,12.92609,12.92972,0.00,0.00
2016.06.17 17:31:13.838,12.92609,12.93001,0.00,0.00
2016.06.17 17:31:13.939,12.92622,12.93001,0.00,0.00
2016.06.17 17:31:14.285,12.92622,12.92951,0.00,0.00
2016.06.17 17:31:14.601,12.92559,12.92951,0.00,0.00
2016.06.17 17:31:15.279,12.9256,12.9295,0.00,0.00
2016.06.17 17:31:15.626,12.92621,12.93001,0.00,0.00
2016.06.17 17:31:16.027,12.92621,12.9299,0.00,0.00
2016.06.17 17:31:16.490,12.92621,12.93001,0.00,0.00
2016.06.17 17:31:17.083,12.92621,12.93,0.00,0.00
2016.06.17 17:31:17.134,12.9261,12.93,0.00,0.00
2016.06.17 17:31:17.955,12.92621,12.93,0.00,0.00
2016.06.17 17:31:18.594,12.92621,12.93001,0.00,0.00
2016.06.17 17:31:19.328,12.92621,12.93,0.00,0.00
2016.06.17 17:31:19.837,12.92621,12.93001,0.00,0.00
2016.06.17 17:31:21.400,12.92621,12.93,0.00,0.00
2016.06.17 17:31:22.337,12.92621,12.93001,0.00,0.00
2016.06.17 17:31:22.903,12.92621,12.93,0.00,0.00
2016.06.17 17:31:23.536,12.92621,12.93001,0.00,0.00
2016.06.17 17:31:25.308,12.92621,12.93,0.00,0.00
2016.06.17 17:31:25.809,12.92621,12.9299,0.00,0.00
2016.06.17 17:31:26.912,12.92621,12.92991,0.00,0.00
2016.06.17 17:31:27.314,12.92621,12.93001,0.00,0.00
2016.06.17 17:31:27.416,12.92621,12.92931,0.00,0.00
2016.06.17 17:31:27.517,12.92589,12.92931,0.00,0.00
2016.06.17 17:31:27.618,12.92609,12.92972,0.00,0.00
2016.06.17 17:31:27.719,12.92699,12.92982,0.00,0.00
2016.06.17 17:31:27.770,12.92699,12.93001,0.00,0.00
2016.06.17 17:31:27.921,12.9269,12.9302,0.00,0.00
2016.06.17 17:31:28.214,12.92679,12.93021,0.00,0.00
2016.06.17 17:31:28.315,12.92709,12.93021,0.00,0.00
2016.06.17 17:31:28.817,12.92709,12.93031,0.00,0.00
2016.06.17 17:31:29.098,12.92722,12.9302,0.00,0.00
2016.06.17 17:31:29.451,12.92722,12.931,0.00,0.00
2016.06.17 17:31:30.145,12.92722,12.93101,0.00,0.00
2016.06.17 17:31:30.552,12.92699,12.93031,0.00,0.00
2016.06.17 17:31:31.258,12.92709,12.93031,0.00,0.00
2016.06.17 17:31:31.560,12.92679,12.93031,0.00,0.00
2016.06.17 17:31:31.822,12.92659,12.93031,0.00,0.00
2016.06.17 17:31:32.155,12.92621,12.93001,0.00,0.00
2016.06.17 17:31:33.041,12.9271,12.9304,0.00,0.00
2016.06.17 17:31:33.536,12.9271,12.9305,0.00,0.00
2016.06.17 17:31:34.128,12.92709,12.93051,0.00,0.00
2016.06.17 17:31:34.852,12.9271,12.93,0.00,0.00
2016.06.17 17:31:34.953,12.92709,12.93061,0.00,0.00
2016.06.17 17:31:35.054,12.92709,12.93101,0.00,0.00
2016.06.17 17:31:35.975,12.92722,12.93101,0.00,0.00
2016.06.17 17:31:36.532,12.92722,12.931,0.00,0.00
2016.06.17 17:31:37.236,12.92722,12.93101,0.00,0.00
2016.06.17 17:31:37.946,12.92722,12.931,0.00,0.00
2016.06.17 17:31:38.639,12.9273,12.931,0.00,0.00
2016.06.17 17:31:38.937,12.92722,12.931,0.00,0.00
2016.06.17 17:31:39.564,12.9281,12.9312,0.00,0.00
2016.06.17 17:31:39.665,12.9278,12.931,0.00,0.00
2016.06.17 17:31:40.089,12.9272,12.931,0.00,0.00
2016.06.17 17:31:40.762,12.92721,12.93101,0.00,0.00
2016.06.17 17:31:41.458,12.92779,12.93101,0.00,0.00
2016.06.17 17:31:41.869,12.92721,12.931,0.00,0.00
2016.06.17 17:31:42.410,12.92721,12.93101,0.00,0.00
2016.06.17 17:31:43.157,12.92721,12.931,0.00,0.00
2016.06.17 17:31:43.777,12.92721,12.93101,0.00,0.00
2016.06.17 17:31:44.461,12.92721,12.931,0.00,0.00
2016.06.17 17:31:44.664,12.9281,12.93121,0.00,0.00
2016.06.17 17:31:44.714,12.9281,12.93171,0.00,0.00
2016.06.17 17:31:44.865,12.92809,12.93161,0.00,0.00
2016.06.17 17:31:44.966,12.92739,12.93101,0.00,0.00
2016.06.17 17:31:45.067,12.9272,12.931,0.00,0.00
2016.06.17 17:31:45.663,12.92721,12.93101,0.00,0.00
2016.06.17 17:31:46.174,12.9279,12.931,0.00,0.00
2016.06.17 17:31:46.865,12.92789,12.93101,0.00,0.00
2016.06.17 17:31:47.175,12.92721,12.93101,0.00,0.00
2016.06.17 17:31:48.320,12.92821,12.93171,0.00,0.00
2016.06.17 17:31:48.647,12.92821,12.93101,0.00,0.00
2016.06.17 17:31:48.748,12.9278,12.931,0.00,0.00
2016.06.17 17:31:48.900,12.92729,12.93101,0.00,0.00
2016.06.17 17:31:49.279,12.92721,12.931,0.00,0.00
2016.06.17 17:31:50.381,12.92721,12.93101,0.00,0.00
2016.06.17 17:31:51.083,12.92721,12.931,0.00,0.00
2016.06.17 17:31:51.977,12.92721,12.93101,0.00,0.00
2016.06.17 17:31:52.716,12.92721,12.931,0.00,0.00
2016.06.17 17:31:53.425,12.92721,12.93101,0.00,0.00
2016.06.17 17:31:54.181,12.92721,12.931,0.00,0.00
2016.06.17 17:31:54.790,12.92721,12.93101,0.00,0.00
2016.06.17 17:31:55.412,12.92721,12.931,0.00,0.00
2016.06.17 17:31:56.356,12.92721,12.93101,0.00,0.00
2016.06.17 17:31:56.530,12.92881,12.93101,0.00,0.00
2016.06.17 17:31:56.782,12.9311,12.93419,0.00,0.00
2016.06.17 17:31:56.883,12.93121,12.93471,0.00,0.00
2016.06.17 17:31:56.934,12.93139,12.93471,0.00,0.00
2016.06.17 17:31:57.336,12.93121,12.9347,0.00,0.00
2016.06.17 17:31:57.595,12.93179,12.93471,0.00,0.00
2016.06.17 17:31:57.990,12.93515,12.93622,0.00,0.00
2016.06.17 17:31:58.095,12.93491,12.93608,0.00,0.00
2016.06.17 17:31:58.146,12.93522,12.93771,0.00,0.00
2016.06.17 17:31:58.197,12.93522,12.93761,0.00,0.00
2016.06.17 17:31:58.247,12.93479,12.93761,0.00,0.00
2016.06.17 17:31:58.298,12.9348,12.9377,0.00,0.00
2016.06.17 17:31:58.550,12.93521,12.93771,0.00,0.00
2016.06.17 17:31:58.600,12.93579,12.93841,0.00,0.00
2016.06.17 17:31:58.651,12.93579,12.93882,0.00,0.00
2016.06.17 17:31:58.701,12.93579,12.93871,0.00,0.00
2016.06.17 17:31:59.203,12.9364,12.93952,0.00,0.00
2016.06.17 17:31:59.864,12.93829,12.93952,0.00,0.00
2016.06.17 17:31:59.914,12.93869,12.94211,0.00,0.00
2016.06.17 17:32:00.401,12.93869,12.94171,0.00,0.00
2016.06.17 17:32:00.900,12.9383,12.9413,0.00,0.00
2016.06.17 17:32:01.001,12.9378,12.9413,0.00,0.00
2016.06.17 17:32:01.103,12.93829,12.94141,0.00,0.00
2016.06.17 17:32:01.155,12.93829,12.94171,0.00,0.00
2016.06.17 17:32:01.205,12.93879,12.94171,0.00,0.00
2016.06.17 17:32:01.645,12.93829,12.94131,0.00,0.00
2016.06.17 17:32:01.747,12.93879,12.94131,0.00,0.00
2016.06.17 17:32:01.848,12.9383,12.9413,0.00,0.00
2016.06.17 17:32:02.358,12.93829,12.94131,0.00,0.00
2016.06.17 17:32:02.408,12.93779,12.94071,0.00,0.00
2016.06.17 17:32:03.176,12.9378,12.9407,0.00,0.00
2016.06.17 17:32:03.648,12.9388,12.94111,0.00,0.00
2016.06.17 17:32:03.698,12.9388,12.9417,0.00,0.00
2016.06.17 17:32:04.422,12.93879,12.94171,0.00,0.00
2016.06.17 17:32:04.806,12.93879,12.94151,0.00,0.00
2016.06.17 17:32:05.146,12.93879,12.94171,0.00,0.00
2016.06.17 17:32:05.260,12.93909,12.94171,0.00,0.00
2016.06.17 17:32:05.411,12.9397,12.94251,0.00,0.00
2016.06.17 17:32:05.512,12.93929,12.94241,0.00,0.00
2016.06.17 17:32:05.614,12.9398,12.9424,0.00,0.00
2016.06.17 17:32:05.715,12.9398,12.94291,0.00,0.00
2016.06.17 17:32:05.816,12.93979,12.94321,0.00,0.00
2016.06.17 17:32:06.605,12.93979,12.94302,0.00,0.00
2016.06.17 17:32:06.665,12.93979,12.94311,0.00,0.00
2016.06.17 17:32:06.866,12.93979,12.94321,0.00,0.00
2016.06.17 17:32:07.166,12.9398,12.94311,0.00,0.00
2016.06.17 17:32:07.469,12.93979,12.94241,0.00,0.00
2016.06.17 17:32:07.519,12.93979,12.94321,0.00,0.00
2016.06.17 17:32:07.786,12.9398,12.94312,0.00,0.00
2016.06.17 17:32:08.200,12.9398,12.9432,0.00,0.00
2016.06.17 17:32:08.769,12.9398,12.94311,0.00,0.00
2016.06.17 17:32:08.870,12.9398,12.9432,0.00,0.00
2016.06.17 17:32:09.417,12.93979,12.94321,0.00,0.00
2016.06.17 17:32:10.951,12.9398,12.9432,0.00,0.00
2016.06.17 17:32:11.321,12.93879,12.94221,0.00,0.00
2016.06.17 17:32:11.373,12.93879,12.94212,0.00,0.00
2016.06.17 17:32:11.676,12.937,12.9403,0.00,0.00
2016.06.17 17:32:11.928,12.9358,12.9393,0.00,0.00
2016.06.17 17:32:12.702,12.93579,12.93931,0.00,0.00
2016.06.17 17:32:12.978,12.9358,12.93922,0.00,0.00
2016.06.17 17:32:13.079,12.93579,12.93931,0.00,0.00
2016.06.17 17:32:13.625,12.9358,12.9393,0.00,0.00
2016.06.17 17:32:13.881,12.93579,12.93921,0.00,0.00
2016.06.17 17:32:14.226,12.9358,12.93882,0.00,0.00
2016.06.17 17:32:14.281,12.9358,12.93911,0.00,0.00
2016.06.17 17:32:14.887,12.93579,12.93911,0.00,0.00
2016.06.17 17:32:15.028,12.93579,12.93921,0.00,0.00
2016.06.17 17:32:15.725,12.9358,12.9392,0.00,0.00
2016.06.17 17:32:15.829,12.9358,12.9393,0.00,0.00
2016.06.17 17:32:16.157,12.93579,12.93921,0.00,0.00
2016.06.17 17:32:16.716,12.9358,12.9392,0.00,0.00
2016.06.17 17:32:16.767,12.93579,12.93931,0.00,0.00
2016.06.17 17:32:16.968,12.93629,12.93951,0.00,0.00
2016.06.17 17:32:17.120,12.93679,12.94011,0.00,0.00
2016.06.17 17:32:17.637,12.93709,12.94021,0.00,0.00
2016.06.17 17:32:18.056,12.9373,12.94041,0.00,0.00
2016.06.17 17:32:18.106,12.9373,12.94062,0.00,0.00
2016.06.17 17:32:18.157,12.93779,12.94062,0.00,0.00
2016.06.17 17:32:18.207,12.93779,12.94071,0.00,0.00
2016.06.17 17:32:18.768,12.9378,12.9407,0.00,0.00
2016.06.17 17:32:19.837,12.93779,12.94131,0.00,0.00
2016.06.17 17:32:20.143,12.9378,12.9404,0.00,0.00
2016.06.17 17:32:20.348,12.93779,12.94121,0.00,0.00
2016.06.17 17:32:21.046,12.93879,12.94161,0.00,0.00
2016.06.17 17:32:21.546,12.93889,12.94231,0.00,0.00
2016.06.17 17:32:22.328,12.9388,12.94222,0.00,0.00
2016.06.17 17:32:22.847,12.93879,12.94231,0.00,0.00
2016.06.17 17:32:22.948,12.9388,12.94222,0.00,0.00
2016.06.17 17:32:23.051,12.9388,12.9423,0.00,0.00
2016.06.17 17:32:23.380,12.93879,12.94221,0.00,0.00
2016.06.17 17:32:23.683,12.93779,12.94121,0.00,0.00
2016.06.17 17:32:24.054,12.93779,12.94071,0.00,0.00
2016.06.17 17:32:24.466,12.9368,12.9403,0.00,0.00
2016.06.17 17:32:24.680,12.93708,12.94031,0.00,0.00
2016.06.17 17:32:24.881,12.9377,12.9412,0.00,0.00
2016.06.17 17:32:25.762,12.9381,12.9413,0.00,0.00
2016.06.17 17:32:26.324,12.93809,12.94131,0.00,0.00
2016.06.17 17:32:26.654,12.93829,12.94131,0.00,0.00
2016.06.17 17:32:27.248,12.9388,12.9417,0.00,0.00
2016.06.17 17:32:27.790,12.93879,12.94171,0.00,0.00
2016.06.17 17:32:28.307,12.9388,12.9417,0.00,0.00
2016.06.17 17:32:29.456,12.93879,12.94171,0.00,0.00
2016.06.17 17:32:29.506,12.93879,12.94211,0.00,0.00
2016.06.17 17:32:30.074,12.9388,12.9421,0.00,0.00
2016.06.17 17:32:30.377,12.93909,12.94211,0.00,0.00
2016.06.17 17:32:30.528,12.93909,12.94231,0.00,0.00
2016.06.17 17:32:30.579,12.9388,12.9423,0.00,0.00
2016.06.17 17:32:30.780,12.93879,12.94161,0.00,0.00
2016.06.17 17:32:30.881,12.93879,12.94222,0.00,0.00
2016.06.17 17:32:31.012,12.93879,12.94231,0.00,0.00
2016.06.17 17:32:31.128,12.93879,12.94221,0.00,0.00
2016.06.17 17:32:31.229,12.93879,12.94231,0.00,0.00
2016.06.17 17:32:31.881,12.9388,12.9423,0.00,0.00
2016.06.17 17:32:32.382,12.93879,12.94231,0.00,0.00
2016.06.17 17:32:33.086,12.9388,12.9423,0.00,0.00
2016.06.17 17:32:34.011,12.9388,12.94222,0.00,0.00
2016.06.17 17:32:34.659,12.93879,12.94222,0.00,0.00
2016.06.17 17:32:34.941,12.93879,12.94231,0.00,0.00
2016.06.17 17:32:35.042,12.93879,12.94222,0.00,0.00
2016.06.17 17:32:35.467,12.9388,12.9423,0.00,0.00
2016.06.17 17:32:35.700,12.9388,12.94199,0.00,0.00
2016.06.17 17:32:36.047,12.9388,12.94142,0.00,0.00
2016.06.17 17:32:36.098,12.93779,12.94131,0.00,0.00
2016.06.17 17:32:36.895,12.9378,12.9413,0.00,0.00
2016.06.17 17:32:37.441,12.9379,12.94111,0.00,0.00
2016.06.17 17:32:37.596,12.93679,12.94031,0.00,0.00
2016.06.17 17:32:38.439,12.9377,12.9412,0.00,0.00
2016.06.17 17:32:39.044,12.93769,12.94121,0.00,0.00
2016.06.17 17:32:39.451,12.9377,12.94112,0.00,0.00
2016.06.17 17:32:39.552,12.93769,12.94121,0.00,0.00
2016.06.17 17:32:39.854,12.93769,12.94111,0.00,0.00
2016.06.17 17:32:39.955,12.93769,12.94121,0.00,0.00
2016.06.17 17:32:40.502,12.9377,12.9412,0.00,0.00
2016.06.17 17:32:40.812,12.9377,12.94089,0.00,0.00
2016.06.17 17:32:40.913,12.9368,12.9403,0.00,0.00
2016.06.17 17:32:41.020,12.93729,12.94031,0.00,0.00
2016.06.17 17:32:41.121,12.93679,12.94031,0.00,0.00
2016.06.17 17:32:41.426,12.9368,12.93998,0.00,0.00
2016.06.17 17:32:41.527,12.9358,12.9393,0.00,0.00
2016.06.17 17:32:41.830,12.93629,12.93971,0.00,0.00
2016.06.17 17:32:41.881,12.93629,12.93991,0.00,0.00
2016.06.17 17:32:41.931,12.93579,12.93911,0.00,0.00
2016.06.17 17:32:42.032,12.9358,12.9393,0.00,0.00
2016.06.17 17:32:42.609,12.93579,12.93911,0.00,0.00
2016.06.17 17:32:43.110,12.9358,12.9391,0.00,0.00
2016.06.17 17:32:43.312,12.93589,12.93921,0.00,0.00
2016.06.17 17:32:43.811,12.9358,12.9393,0.00,0.00
2016.06.17 17:32:44.714,12.93679,12.93981,0.00,0.00
2016.06.17 17:32:44.765,12.93679,12.94021,0.00,0.00
2016.06.17 17:32:44.879,12.9361,12.94,0.00,0.00
2016.06.17 17:32:46.015,12.93609,12.94001,0.00,0.00
2016.06.17 17:32:46.417,12.93609,12.93931,0.00,0.00
2016.06.17 17:32:46.518,12.93609,12.94001,0.00,0.00
2016.06.17 17:32:47.067,12.9361,12.94,0.00,0.00
2016.06.17 17:32:47.118,12.93629,12.94001,0.00,0.00
2016.06.17 17:32:47.668,12.9363,12.94,0.00,0.00
2016.06.17 17:32:48.021,12.9365,12.9403,0.00,0.00
2016.06.17 17:32:48.315,12.93679,12.9403,0.00,0.00
2016.06.17 17:32:48.419,12.93709,12.94101,0.00,0.00
2016.06.17 17:32:48.520,12.93709,12.94051,0.00,0.00
2016.06.17 17:32:48.722,12.93709,12.94101,0.00,0.00
2016.06.17 17:32:49.421,12.93719,12.94101,0.00,0.00
2016.06.17 17:32:49.954,12.9372,12.941,0.00,0.00
2016.06.17 17:32:50.443,12.9371,12.941,0.00,0.00
2016.06.17 17:32:51.736,12.93709,12.94101,0.00,0.00
2016.06.17 17:32:52.328,12.93899,12.94151,0.00,0.00
2016.06.17 17:32:52.438,12.939,12.94172,0.00,0.00
2016.06.17 17:32:52.539,12.9386,12.942,0.00,0.00
2016.06.17 17:32:52.841,12.93839,12.94201,0.00,0.00
2016.06.17 17:32:53.399,12.9384,12.942,0.00,0.00
2016.06.17 17:32:53.450,12.93839,12.94151,0.00,0.00
2016.06.17 17:32:53.753,12.9384,12.942,0.00,0.00
2016.06.17 17:32:53.854,12.93849,12.94201,0.00,0.00
2016.06.17 17:32:54.179,12.9391,12.94262,0.00,0.00
2016.06.17 17:32:54.230,12.9391,12.94282,0.00,0.00
2016.06.17 17:32:54.331,12.93909,12.94241,0.00,0.00
2016.06.17 17:32:54.445,12.93909,12.94261,0.00,0.00
2016.06.17 17:32:54.747,12.93909,12.94241,0.00,0.00
2016.06.17 17:32:55.126,12.9391,12.9427,0.00,0.00
2016.06.17 17:32:55.748,12.93909,12.94271,0.00,0.00
2016.06.17 17:32:55.848,12.93909,12.94241,0.00,0.00
2016.06.17 17:32:56.065,12.9391,12.9427,0.00,0.00
2016.06.17 17:32:56.615,12.93909,12.94271,0.00,0.00
2016.06.17 17:32:57.419,12.9391,12.9427,0.00,0.00
2016.06.17 17:32:57.939,12.93909,12.94271,0.00,0.00
2016.06.17 17:32:59.142,12.9391,12.9427,0.00,0.00
2016.06.17 17:32:59.444,12.9392,12.943,0.00,0.00
2016.06.17 17:32:59.743,12.93909,12.94301,0.00,0.00
2016.06.17 17:33:00.167,12.93919,12.94301,0.00,0.00
2016.06.17 17:33:00.414,12.93978,12.94442,0.00,0.00
2016.06.17 17:33:00.465,12.93978,12.94412,0.00,0.00
2016.06.17 17:33:00.884,12.9401,12.944,0.00,0.00
2016.06.17 17:33:01.198,12.93919,12.94301,0.00,0.00
2016.06.17 17:33:01.451,12.93909,12.94301,0.00,0.00
2016.06.17 17:33:01.862,12.93909,12.94271,0.00,0.00
2016.06.17 17:33:02.449,12.9391,12.9427,0.00,0.00
2016.06.17 17:33:02.550,12.93909,12.94301,0.00,0.00
2016.06.17 17:33:02.750,12.93909,12.94271,0.00,0.00
2016.06.17 17:33:03.346,12.9391,12.9427,0.00,0.00
2016.06.17 17:33:03.396,12.93909,12.94301,0.00,0.00
2016.06.17 17:33:03.918,12.93929,12.94301,0.00,0.00
2016.06.17 17:33:04.221,12.93979,12.94301,0.00,0.00
2016.06.17 17:33:04.271,12.93939,12.94301,0.00,0.00
2016.06.17 17:33:04.372,12.93989,12.94301,0.00,0.00
2016.06.17 17:33:04.562,12.9392,12.943,0.00,0.00
2016.06.17 17:33:04.854,12.9391,12.9426,0.00,0.00
2016.06.17 17:33:05.055,12.9391,12.9427,0.00,0.00
2016.06.17 17:33:05.494,12.93909,12.94301,0.00,0.00
2016.06.17 17:33:05.595,12.9399,12.943,0.00,0.00
2016.06.17 17:33:05.696,12.93949,12.94301,0.00,0.00
2016.06.17 17:33:06.061,12.93979,12.94331,0.00,0.00
2016.06.17 17:33:06.358,12.9395,12.9433,0.00,0.00
2016.06.17 17:33:06.797,12.93909,12.94301,0.00,0.00
2016.06.17 17:33:07.861,12.9391,12.943,0.00,0.00
2016.06.17 17:33:08.082,12.93889,12.94231,0.00,0.00
2016.06.17 17:33:08.183,12.93829,12.942,0.00,0.00
2016.06.17 17:33:08.385,12.93909,12.94231,0.00,0.00
2016.06.17 17:33:08.587,12.9391,12.9427,0.00,0.00
2016.06.17 17:33:08.788,12.93859,12.9423,0.00,0.00
2016.06.17 17:33:08.839,12.9385,12.9423,0.00,0.00
2016.06.17 17:33:08.889,12.9385,12.942,0.00,0.00
2016.06.17 17:33:09.285,12.93899,12.94211,0.00,0.00
2016.06.17 17:33:09.587,12.93829,12.94201,0.00,0.00
2016.06.17 17:33:10.280,12.9385,12.9423,0.00,0.00
2016.06.17 17:33:10.929,12.93849,12.94231,0.00,0.00
2016.06.17 17:33:12.016,12.9385,12.942,0.00,0.00
2016.06.17 17:33:12.218,12.93909,12.94261,0.00,0.00
2016.06.17 17:33:12.607,12.9391,12.9424,0.00,0.00
2016.06.17 17:33:12.711,12.93909,12.94271,0.00,0.00
2016.06.17 17:33:12.812,12.9391,12.9423,0.00,0.00
2016.06.17 17:33:13.079,12.9385,12.942,0.00,0.00
2016.06.17 17:33:13.586,12.93849,12.94201,0.00,0.00
2016.06.17 17:33:13.974,12.93819,12.94201,0.00,0.00
2016.06.17 17:33:14.625,12.9381,12.942,0.00,0.00
2016.06.17 17:33:14.677,12.93829,12.94201,0.00,0.00
2016.06.17 17:33:15.218,12.93909,12.94271,0.00,0.00
2016.06.17 17:33:15.730,12.9391,12.9427,0.00,0.00
2016.06.17 17:33:16.182,12.93909,12.94251,0.00,0.00
2016.06.17 17:33:18.389,12.9391,12.9425,0.00,0.00
2016.06.17 17:33:19.081,12.93909,12.94251,0.00,0.00
2016.06.17 17:33:19.511,12.93909,12.94271,0.00,0.00
2016.06.17 17:33:20.097,12.9391,12.9427,0.00,0.00
2016.06.17 17:33:21.349,12.93909,12.94271,0.00,0.00
2016.06.17 17:33:21.451,12.93919,12.94271,0.00,0.00
2016.06.17 17:33:22.720,12.93909,12.94271,0.00,0.00
2016.06.17 17:33:22.821,12.93909,12.94261,0.00,0.00
2016.06.17 17:33:23.739,12.93909,12.94271,0.00,0.00
2016.06.17 17:33:24.445,12.9391,12.9427,0.00,0.00
2016.06.17 17:33:25.013,12.93909,12.94271,0.00,0.00
2016.06.17 17:33:25.843,12.9392,12.9427,0.00,0.00
2016.06.17 17:33:26.516,12.9394,12.9427,0.00,0.00
2016.06.17 17:33:27.107,12.93939,12.94271,0.00,0.00
2016.06.17 17:33:27.444,12.93922,12.94271,0.00,0.00
2016.06.17 17:33:27.954,12.93922,12.9427,0.00,0.00
2016.06.17 17:33:28.824,12.93922,12.9424,0.00,0.00
2016.06.17 17:33:28.933,12.93922,12.94251,0.00,0.00
2016.06.17 17:33:29.125,12.93922,12.94271,0.00,0.00
2016.06.17 17:33:30.532,12.93922,12.94321,0.00,0.00
2016.06.17 17:33:30.729,12.93922,12.94271,0.00,0.00
2016.06.17 17:33:31.497,12.93922,12.9426,0.00,0.00
2016.06.17 17:33:32.633,12.93922,12.94261,0.00,0.00
2016.06.17 17:33:32.734,12.93922,12.9427,0.00,0.00
2016.06.17 17:33:33.485,12.93922,12.94271,0.00,0.00
2016.06.17 17:33:33.970,12.93939,12.94271,0.00,0.00
2016.06.17 17:33:34.087,12.93928,12.94271,0.00,0.00
2016.06.17 17:33:34.607,12.93948,12.94271,0.00,0.00
2016.06.17 17:33:36.348,12.9391,12.942,0.00,0.00
2016.06.17 17:33:36.642,12.93879,12.94201,0.00,0.00
2016.06.17 17:33:36.759,12.93848,12.94131,0.00,0.00
2016.06.17 17:33:36.841,12.93848,12.94201,0.00,0.00
2016.06.17 17:33:37.158,12.93858,12.94201,0.00,0.00
2016.06.17 17:33:37.509,12.93879,12.94201,0.00,0.00
2016.06.17 17:33:37.740,12.93879,12.94251,0.00,0.00
2016.06.17 17:33:38.045,12.93879,12.94201,0.00,0.00
2016.06.17 17:33:38.643,12.93879,12.942,0.00,0.00
2016.06.17 17:33:38.694,12.9387,12.942,0.00,0.00
2016.06.17 17:33:39.289,12.93869,12.94201,0.00,0.00
2016.06.17 17:33:41.366,12.9387,12.942,0.00,0.00
2016.06.17 17:33:41.417,12.93878,12.942,0.00,0.00
2016.06.17 17:33:41.607,12.93869,12.94201,0.00,0.00
2016.06.17 17:33:41.965,12.93859,12.94201,0.00,0.00
2016.06.17 17:33:42.065,12.93859,12.94171,0.00,0.00
2016.06.17 17:33:42.461,12.93779,12.94071,0.00,0.00
2016.06.17 17:33:42.512,12.93749,12.94071,0.00,0.00
2016.06.17 17:33:43.212,12.93739,12.94101,0.00,0.00
2016.06.17 17:33:43.264,12.9374,12.9407,0.00,0.00
2016.06.17 17:33:43.365,12.93738,12.94099,0.00,0.00
2016.06.17 17:33:43.416,12.93721,12.94099,0.00,0.00
2016.06.17 17:33:43.466,12.93721,12.94001,0.00,0.00
2016.06.17 17:33:43.753,12.93629,12.94,0.00,0.00
2016.06.17 17:33:44.250,12.93621,12.94,0.00,0.00
2016.06.17 17:33:44.366,12.9365,12.94,0.00,0.00
2016.06.17 17:33:44.619,12.93549,12.93901,0.00,0.00
2016.06.17 17:33:44.721,12.93529,12.93901,0.00,0.00
2016.06.17 17:33:44.822,12.93568,12.93901,0.00,0.00
2016.06.17 17:33:45.020,12.93538,12.93901,0.00,0.00
2016.06.17 17:33:45.499,12.9361,12.94,0.00,0.00
2016.06.17 17:33:45.550,12.93619,12.94,0.00,0.00
2016.06.17 17:33:45.920,12.93638,12.94001,0.00,0.00
2016.06.17 17:33:45.971,12.93629,12.94001,0.00,0.00
2016.06.17 17:33:46.073,12.9361,12.9393,0.00,0.00
2016.06.17 17:33:46.413,12.93621,12.93931,0.00,0.00
2016.06.17 17:33:46.877,12.93579,12.93931,0.00,0.00
2016.06.17 17:33:47.312,12.93579,12.93901,0.00,0.00
2016.06.17 17:33:48.037,12.9358,12.939,0.00,0.00
2016.06.17 17:33:48.581,12.93579,12.93901,0.00,0.00
2016.06.17 17:33:49.104,12.9361,12.939,0.00,0.00
2016.06.17 17:33:49.205,12.9361,12.9393,0.00,0.00
2016.06.17 17:33:49.409,12.93588,12.939,0.00,0.00
2016.06.17 17:33:49.459,12.9358,12.939,0.00,0.00
2016.06.17 17:33:49.686,12.93609,12.93951,0.00,0.00
2016.06.17 17:33:49.993,12.93638,12.94,0.00,0.00
2016.06.17 17:33:50.156,12.93648,12.94,0.00,0.00
2016.06.17 17:33:50.759,12.93668,12.94,0.00,0.00
2016.06.17 17:33:50.916,12.93729,12.94101,0.00,0.00
2016.06.17 17:33:51.038,12.93748,12.94101,0.00,0.00
2016.06.17 17:33:51.139,12.93729,12.94101,0.00,0.00
2016.06.17 17:33:51.190,12.93758,12.9413,0.00,0.00
2016.06.17 17:33:51.518,12.9373,12.941,0.00,0.00
2016.06.17 17:33:51.986,12.93748,12.941,0.00,0.00
2016.06.17 17:33:52.140,12.93739,12.94101,0.00,0.00
2016.06.17 17:33:52.691,12.9373,12.941,0.00,0.00
2016.06.17 17:33:52.991,12.93738,12.941,0.00,0.00
2016.06.17 17:33:53.506,12.93738,12.94101,0.00,0.00
2016.06.17 17:33:53.936,12.93721,12.94101,0.00,0.00
2016.06.17 17:33:54.068,12.93719,12.94101,0.00,0.00
2016.06.17 17:33:54.119,12.93829,12.94151,0.00,0.00
2016.06.17 17:33:54.371,12.93938,12.943,0.00,0.00
2016.06.17 17:33:54.472,12.93921,12.943,0.00,0.00
2016.06.17 17:33:54.573,12.93948,12.94301,0.00,0.00
2016.06.17 17:33:55.237,12.93939,12.94301,0.00,0.00
2016.06.17 17:33:55.448,12.93958,12.943,0.00,0.00
2016.06.17 17:33:55.537,12.93938,12.943,0.00,0.00
2016.06.17 17:33:56.039,12.93929,12.943,0.00,0.00
2016.06.17 17:33:56.149,12.93938,12.94301,0.00,0.00
2016.06.17 17:33:56.643,12.93928,12.94301,0.00,0.00
2016.06.17 17:33:57.016,12.93921,12.94301,0.00,0.00
2016.06.17 17:33:57.067,12.93921,12.9425,0.00,0.00
2016.06.17 17:33:57.402,12.93921,12.943,0.00,0.00
2016.06.17 17:33:57.453,12.93949,12.943,0.00,0.00
2016.06.17 17:33:58.002,12.93949,12.94301,0.00,0.00
2016.06.17 17:33:58.644,12.93949,12.943,0.00,0.00
2016.06.17 17:33:58.752,12.93921,12.943,0.00,0.00
2016.06.17 17:33:59.399,12.93949,12.94301,0.00,0.00
2016.06.17 17:33:59.859,12.93938,12.94301,0.00,0.00
2016.06.17 17:34:00.056,12.93948,12.943,0.00,0.00
2016.06.17 17:34:00.397,12.93928,12.943,0.00,0.00
2016.06.17 17:34:00.498,12.93939,12.94301,0.00,0.00
2016.06.17 17:34:01.409,12.93939,12.943,0.00,0.00
2016.06.17 17:34:01.841,12.93949,12.943,0.00,0.00
2016.06.17 17:34:02.381,12.93921,12.94301,0.00,0.00
2016.06.17 17:34:02.713,12.94322,12.94422,0.00,0.00
2016.06.17 17:34:02.764,12.94322,12.94422,0.00,0.00
2016.06.17 17:34:02.818,12.94322,12.94601,0.00,0.00
2016.06.17 17:34:03.037,12.94322,12.94571,0.00,0.00
2016.06.17 17:34:03.304,12.9422,12.9457,0.00,0.00
2016.06.17 17:34:03.355,12.943,12.9457,0.00,0.00
2016.06.17 17:34:03.456,12.94279,12.94571,0.00,0.00
2016.06.17 17:34:03.557,12.94209,12.94571,0.00,0.00
2016.06.17 17:34:03.708,12.94218,12.94571,0.00,0.00
2016.06.17 17:34:04.051,12.94239,12.94571,0.00,0.00
2016.06.17 17:34:04.217,12.94221,12.94571,0.00,0.00
2016.06.17 17:34:04.305,12.94238,12.94571,0.00,0.00
2016.06.17 17:34:04.406,12.94221,12.9457,0.00,0.00
2016.06.17 17:34:04.807,12.94228,12.94571,0.00,0.00
2016.06.17 17:34:04.908,12.94221,12.9457,0.00,0.00
2016.06.17 17:34:05.458,12.94239,12.94601,0.00,0.00
2016.06.17 17:34:06.189,12.94249,12.94601,0.00,0.00
2016.06.17 17:34:06.509,12.94479,12.94801,0.00,0.00
2016.06.17 17:34:06.560,12.94422,12.948,0.00,0.00
2016.06.17 17:34:06.699,12.94428,12.94801,0.00,0.00
2016.06.17 17:34:07.002,12.94742,12.94901,0.00,0.00
2016.06.17 17:34:07.057,12.94742,12.94971,0.00,0.00
2016.06.17 17:34:07.158,12.95309,12.95431,0.00,0.00
2016.06.17 17:34:07.259,12.95529,12.95868,0.00,0.00
2016.06.17 17:34:07.310,12.95529,12.95831,0.00,0.00
2016.06.17 17:34:07.461,12.95209,12.95601,0.00,0.00
2016.06.17 17:34:07.828,12.9523,12.956,0.00,0.00
2016.06.17 17:34:08.153,12.95229,12.95551,0.00,0.00
2016.06.17 17:34:08.261,12.95159,12.95621,0.00,0.00
2016.06.17 17:34:08.362,12.95229,12.95601,0.00,0.00
2016.06.17 17:34:08.463,12.9522,12.956,0.00,0.00
2016.06.17 17:34:08.514,12.9522,12.95581,0.00,0.00
2016.06.17 17:34:09.004,12.95209,12.95521,0.00,0.00
2016.06.17 17:34:09.058,12.9517,12.955,0.00,0.00
2016.06.17 17:34:09.233,12.9513,12.955,0.00,0.00
2016.06.17 17:34:09.433,12.95119,12.95501,0.00,0.00
2016.06.17 17:34:09.739,12.95058,12.95401,0.00,0.00
2016.06.17 17:34:09.789,12.95049,12.95401,0.00,0.00
2016.06.17 17:34:09.840,12.95039,12.95401,0.00,0.00
2016.06.17 17:34:09.891,12.95029,12.95401,0.00,0.00
2016.06.17 17:34:10.436,12.9504,12.954,0.00,0.00
2016.06.17 17:34:11.035,12.95109,12.95401,0.00,0.00
2016.06.17 17:34:11.085,12.9511,12.9547,0.00,0.00
2016.06.17 17:34:11.707,12.95109,12.95471,0.00,0.00
2016.06.17 17:34:11.940,12.9512,12.9544,0.00,0.00
2016.06.17 17:34:12.142,12.9515,12.955,0.00,0.00
2016.06.17 17:34:12.243,12.9513,12.955,0.00,0.00
2016.06.17 17:34:12.742,12.95139,12.95501,0.00,0.00
2016.06.17 17:34:12.842,12.95119,12.95501,0.00,0.00
2016.06.17 17:34:12.893,12.95119,12.95492,0.00,0.00
2016.06.17 17:34:13.195,12.95049,12.95401,0.00,0.00
2016.06.17 17:34:13.744,12.95129,12.95472,0.00,0.00
2016.06.17 17:34:13.795,12.95129,12.95501,0.00,0.00
2016.06.17 17:34:13.845,12.95139,12.95501,0.00,0.00
2016.06.17 17:34:14.690,12.95129,12.95501,0.00,0.00
2016.06.17 17:34:14.842,12.9513,12.95492,0.00,0.00
2016.06.17 17:34:14.892,12.95029,12.95401,0.00,0.00
2016.06.17 17:34:15.170,12.9502,12.954,0.00,0.00
2016.06.17 17:34:15.558,12.95019,12.95392,0.00,0.00
2016.06.17 17:34:15.760,12.9492,12.953,0.00,0.00
2016.06.17 17:34:15.848,12.9491,12.953,0.00,0.00
2016.06.17 17:34:15.949,12.94909,12.95231,0.00,0.00
2016.06.17 17:34:16.808,12.9492,12.95292,0.00,0.00
2016.06.17 17:34:17.053,12.94909,12.95292,0.00,0.00
2016.06.17 17:34:17.178,12.94909,12.95251,0.00,0.00
2016.06.17 17:34:17.454,12.9493,12.95282,0.00,0.00
2016.06.17 17:34:17.555,12.9493,12.953,0.00,0.00
2016.06.17 17:34:18.057,12.9492,12.9525,0.00,0.00
2016.06.17 17:34:18.158,12.9491,12.953,0.00,0.00
2016.06.17 17:34:18.209,12.9491,12.95272,0.00,0.00
2016.06.17 17:34:18.703,12.9494,12.953,0.00,0.00
2016.06.17 17:34:18.960,12.94909,12.95301,0.00,0.00
2016.06.17 17:34:19.361,12.9493,12.953,0.00,0.00
2016.06.17 17:34:19.664,12.95009,12.95361,0.00,0.00
2016.06.17 17:34:19.715,12.95009,12.95391,0.00,0.00
2016.06.17 17:34:19.816,12.9501,12.954,0.00,0.00
2016.06.17 17:34:20.359,12.9501,12.9535,0.00,0.00
2016.06.17 17:34:20.410,12.9494,12.953,0.00,0.00
2016.06.17 17:34:20.916,12.94939,12.95262,0.00,0.00
2016.06.17 17:34:21.312,12.94879,12.95111,0.00,0.00
2016.06.17 17:34:21.363,12.94709,12.95111,0.00,0.00
2016.06.17 17:34:21.515,12.94709,12.95101,0.00,0.00
2016.06.17 17:34:21.827,12.94639,12.95001,0.00,0.00
2016.06.17 17:34:21.877,12.9462,12.95,0.00,0.00
2016.06.17 17:34:22.455,12.94619,12.95001,0.00,0.00
2016.06.17 17:34:22.666,12.94609,12.95001,0.00,0.00
2016.06.17 17:34:22.967,12.94619,12.95001,0.00,0.00
2016.06.17 17:34:23.770,12.94709,12.95001,0.00,0.00
2016.06.17 17:34:23.871,12.94679,12.95001,0.00,0.00
2016.06.17 17:34:23.972,12.94629,12.95001,0.00,0.00
2016.06.17 17:34:24.521,12.94671,12.95001,0.00,0.00
2016.06.17 17:34:24.723,12.94819,12.95201,0.00,0.00
2016.06.17 17:34:25.087,12.9494,12.95231,0.00,0.00
2016.06.17 17:34:25.163,12.9494,12.953,0.00,0.00
2016.06.17 17:34:25.314,12.94989,12.95331,0.00,0.00
2016.06.17 17:34:25.415,12.94819,12.95201,0.00,0.00
2016.06.17 17:34:26.016,12.94809,12.95201,0.00,0.00
2016.06.17 17:34:26.527,12.94819,12.95201,0.00,0.00
2016.06.17 17:34:26.866,12.9483,12.952,0.00,0.00
2016.06.17 17:34:28.117,12.94829,12.95201,0.00,0.00
2016.06.17 17:34:28.920,12.94838,12.95201,0.00,0.00
2016.06.17 17:34:29.269,12.94909,12.95261,0.00,0.00
2016.06.17 17:34:29.572,12.94909,12.95251,0.00,0.00
2016.06.17 17:34:29.786,12.94909,12.95301,0.00,0.00
2016.06.17 17:34:30.389,12.9491,12.953,0.00,0.00
2016.06.17 17:34:30.896,12.94909,12.95301,0.00,0.00
2016.06.17 17:34:31.720,12.94919,12.95301,0.00,0.00
2016.06.17 17:34:31.921,12.9501,12.954,0.00,0.00
2016.06.17 17:34:32.022,12.95009,12.95371,0.00,0.00
2016.06.17 17:34:32.392,12.9495,12.953,0.00,0.00
2016.06.17 17:34:32.841,12.9493,12.953,0.00,0.00
2016.06.17 17:34:32.915,12.94909,12.95301,0.00,0.00
2016.06.17 17:34:33.595,12.9491,12.953,0.00,0.00
2016.06.17 17:34:33.703,12.94919,12.95301,0.00,0.00
2016.06.17 17:34:34.040,12.94939,12.95301,0.00,0.00
2016.06.17 17:34:34.242,12.95009,12.95372,0.00,0.00
2016.06.17 17:34:34.342,12.95009,12.95401,0.00,0.00
2016.06.17 17:34:34.865,12.9501,12.954,0.00,0.00
2016.06.17 17:34:35.655,12.9501,12.95392,0.00,0.00
2016.06.17 17:34:36.001,12.9501,12.95372,0.00,0.00
2016.06.17 17:34:36.102,12.9501,12.95381,0.00,0.00
2016.06.17 17:34:36.203,12.9501,12.954,0.00,0.00
2016.06.17 17:34:36.754,12.95009,12.95401,0.00,0.00
2016.06.17 17:34:36.805,12.9495,12.953,0.00,0.00
2016.06.17 17:34:37.320,12.9498,12.953,0.00,0.00
2016.06.17 17:34:37.603,12.9495,12.953,0.00,0.00
2016.06.17 17:34:37.703,12.9498,12.953,0.00,0.00
2016.06.17 17:34:37.805,12.94949,12.95301,0.00,0.00
2016.06.17 17:34:38.952,12.9495,12.953,0.00,0.00
2016.06.17 17:34:39.953,12.94949,12.95301,0.00,0.00
2016.06.17 17:34:41.067,12.9495,12.953,0.00,0.00
2016.06.17 17:34:41.310,12.9491,12.953,0.00,0.00
2016.06.17 17:34:41.376,12.9491,12.95291,0.00,0.00
2016.06.17 17:34:41.713,12.94809,12.95201,0.00,0.00
2016.06.17 17:34:42.128,12.94909,12.95241,0.00,0.00
2016.06.17 17:34:42.179,12.94909,12.95251,0.00,0.00
2016.06.17 17:34:42.280,12.94909,12.95261,0.00,0.00
2016.06.17 17:34:42.331,12.94909,12.95241,0.00,0.00
2016.06.17 17:34:42.432,12.9491,12.95272,0.00,0.00
2016.06.17 17:34:42.578,12.9491,12.953,0.00,0.00
2016.06.17 17:34:42.629,12.94909,12.95281,0.00,0.00
2016.06.17 17:34:43.019,12.94909,12.95301,0.00,0.00
2016.06.17 17:34:43.732,12.9491,12.9529,0.00,0.00
2016.06.17 17:34:44.068,12.9491,12.9523,0.00,0.00
2016.06.17 17:34:44.418,12.94849,12.95201,0.00,0.00
2016.06.17 17:34:44.519,12.94909,12.95201,0.00,0.00
2016.06.17 17:34:44.632,12.9485,12.952,0.00,0.00
2016.06.17 17:34:45.039,12.94899,12.95251,0.00,0.00
2016.06.17 17:34:45.720,12.9488,12.9525,0.00,0.00
2016.06.17 17:34:46.020,12.94849,12.95201,0.00,0.00
2016.06.17 17:34:46.336,12.94819,12.95201,0.00,0.00
2016.06.17 17:34:47.223,12.94809,12.95201,0.00,0.00
2016.06.17 17:34:47.959,12.9481,12.952,0.00,0.00
2016.06.17 17:34:48.498,12.94809,12.95201,0.00,0.00
2016.06.17 17:34:48.549,12.94809,12.95191,0.00,0.00
2016.06.17 17:34:49.341,12.94809,12.95201,0.00,0.00
2016.06.17 17:34:49.892,12.9481,12.952,0.00,0.00
2016.06.17 17:34:50.651,12.94809,12.95201,0.00,0.00
2016.06.17 17:34:51.194,12.9481,12.95191,0.00,0.00
2016.06.17 17:34:51.295,12.9481,12.952,0.00,0.00
2016.06.17 17:34:51.645,12.94809,12.95191,0.00,0.00
2016.06.17 17:34:52.096,12.94809,12.95201,0.00,0.00
2016.06.17 17:34:52.912,12.94909,12.95242,0.00,0.00
2016.06.17 17:34:52.988,12.94909,12.95291,0.00,0.00
2016.06.17 17:34:53.606,12.94909,12.95301,0.00,0.00
2016.06.17 17:34:54.205,12.9491,12.953,0.00,0.00
2016.06.17 17:34:55.053,12.94909,12.95301,0.00,0.00
2016.06.17 17:34:55.504,12.9491,12.95282,0.00,0.00
2016.06.17 17:34:56.155,12.94909,12.95282,0.00,0.00
2016.06.17 17:34:56.957,12.9491,12.95282,0.00,0.00
2016.06.17 17:34:58.087,12.9491,12.953,0.00,0.00
2016.06.17 17:34:58.611,12.94909,12.95292,0.00,0.00
2016.06.17 17:34:58.912,12.949,12.9525,0.00,0.00
2016.06.17 17:34:58.962,12.94879,12.95251,0.00,0.00
2016.06.17 17:34:59.187,12.9481,12.952,0.00,0.00
2016.06.17 17:34:59.264,12.9481,12.9515,0.00,0.00
2016.06.17 17:34:59.365,12.94809,12.95201,0.00,0.00
2016.06.17 17:34:59.813,12.9481,12.95182,0.00,0.00
2016.06.17 17:35:00.080,12.9481,12.952,0.00,0.00
2016.06.17 17:35:00.214,12.94809,12.95191,0.00,0.00
2016.06.17 17:35:00.515,12.94749,12.95101,0.00,0.00
2016.06.17 17:35:00.566,12.9472,12.951,0.00,0.00
2016.06.17 17:35:01.067,12.94719,12.95101,0.00,0.00
2016.06.17 17:35:01.468,12.9471,12.951,0.00,0.00
2016.06.17 17:35:02.290,12.94709,12.95101,0.00,0.00
2016.06.17 17:35:02.818,12.9471,12.951,0.00,0.00
2016.06.17 17:35:03.119,12.94719,12.95101,0.00,0.00
2016.06.17 17:35:03.897,12.9475,12.951,0.00,0.00
2016.06.17 17:35:04.420,12.94749,12.95101,0.00,0.00
2016.06.17 17:35:04.659,12.94719,12.95101,0.00,0.00
2016.06.17 17:35:05.177,12.9472,12.951,0.00,0.00
2016.06.17 17:35:05.942,12.94709,12.95091,0.00,0.00
2016.06.17 17:35:06.393,12.94709,12.95101,0.00,0.00
2016.06.17 17:35:06.793,12.94709,12.95091,0.00,0.00
2016.06.17 17:35:06.894,12.9471,12.951,0.00,0.00
2016.06.17 17:35:07.162,12.94638,12.95,0.00,0.00
2016.06.17 17:35:07.213,12.94629,12.95,0.00,0.00
2016.06.17 17:35:07.314,12.94609,12.95001,0.00,0.00
2016.06.17 17:35:07.944,12.94579,12.94901,0.00,0.00
2016.06.17 17:35:08.546,12.9452,12.9486,0.00,0.00
2016.06.17 17:35:08.966,12.94509,12.94892,0.00,0.00
2016.06.17 17:35:09.017,12.94509,12.94901,0.00,0.00
2016.06.17 17:35:09.067,12.94509,12.94878,0.00,0.00
2016.06.17 17:35:09.370,12.94509,12.94861,0.00,0.00
2016.06.17 17:35:09.672,12.9451,12.94871,0.00,0.00
2016.06.17 17:35:09.773,12.9451,12.9489,0.00,0.00
2016.06.17 17:35:09.874,12.94509,12.94851,0.00,0.00
2016.06.17 17:35:10.199,12.94509,12.94831,0.00,0.00
2016.06.17 17:35:10.643,12.94479,12.94831,0.00,0.00
2016.06.17 17:35:11.221,12.9448,12.9483,0.00,0.00
2016.06.17 17:35:11.272,12.94409,12.94761,0.00,0.00
2016.06.17 17:35:11.799,12.9441,12.9476,0.00,0.00
2016.06.17 17:35:11.900,12.9441,12.948,0.00,0.00
2016.06.17 17:35:12.001,12.94418,12.948,0.00,0.00
2016.06.17 17:35:12.337,12.94489,12.94831,0.00,0.00
2016.06.17 17:35:12.650,12.94439,12.94831,0.00,0.00
2016.06.17 17:35:13.097,12.9451,12.949,0.00,0.00
2016.06.17 17:35:13.526,12.94509,12.94892,0.00,0.00
2016.06.17 17:35:13.627,12.94509,12.94901,0.00,0.00
2016.06.17 17:35:13.677,12.94499,12.94801,0.00,0.00
2016.06.17 17:35:13.879,12.9445,12.948,0.00,0.00
2016.06.17 17:35:14.080,12.94509,12.94811,0.00,0.00
2016.06.17 17:35:14.131,12.94509,12.94831,0.00,0.00
2016.06.17 17:35:14.282,12.94439,12.94831,0.00,0.00
2016.06.17 17:35:14.383,12.94439,12.94801,0.00,0.00
2016.06.17 17:35:14.929,12.94439,12.94792,0.00,0.00
2016.06.17 17:35:14.980,12.94409,12.94792,0.00,0.00
2016.06.17 17:35:15.837,12.94409,12.94741,0.00,0.00
2016.06.17 17:35:15.888,12.9431,12.94692,0.00,0.00
2016.06.17 17:35:15.989,12.9431,12.947,0.00,0.00
2016.06.17 17:35:16.040,12.9431,12.94682,0.00,0.00
2016.06.17 17:35:16.342,12.94309,12.94631,0.00,0.00
2016.06.17 17:35:16.393,12.94239,12.94601,0.00,0.00
2016.06.17 17:35:16.494,12.94219,12.94601,0.00,0.00
2016.06.17 17:35:16.646,12.9421,12.946,0.00,0.00
2016.06.17 17:35:16.814,12.94209,12.94592,0.00,0.00
2016.06.17 17:35:17.314,12.94209,12.94601,0.00,0.00
2016.06.17 17:35:17.415,12.94209,12.94592,0.00,0.00
2016.06.17 17:35:17.929,12.9421,12.946,0.00,0.00
2016.06.17 17:35:17.979,12.94289,12.94601,0.00,0.00
2016.06.17 17:35:18.181,12.9421,12.946,0.00,0.00
2016.06.17 17:35:18.383,12.94289,12.94601,0.00,0.00
2016.06.17 17:35:18.484,12.9415,12.9453,0.00,0.00
2016.06.17 17:35:18.534,12.9415,12.94501,0.00,0.00
2016.06.17 17:35:18.585,12.94109,12.94501,0.00,0.00
2016.06.17 17:35:18.750,12.94109,12.94461,0.00,0.00
2016.06.17 17:35:18.867,12.94109,12.94472,0.00,0.00
2016.06.17 17:35:18.968,12.94109,12.94481,0.00,0.00
2016.06.17 17:35:19.087,12.94049,12.94421,0.00,0.00
2016.06.17 17:35:19.198,12.94009,12.94401,0.00,0.00
2016.06.17 17:35:19.500,12.94109,12.94452,0.00,0.00
2016.06.17 17:35:19.551,12.94109,12.94501,0.00,0.00
2016.06.17 17:35:19.601,12.94109,12.94431,0.00,0.00
2016.06.17 17:35:19.652,12.94019,12.94401,0.00,0.00
2016.06.17 17:35:20.009,12.9402,12.94391,0.00,0.00
2016.06.17 17:35:20.383,12.94009,12.94331,0.00,0.00
2016.06.17 17:35:20.554,12.94,12.9435,0.00,0.00
2016.06.17 17:35:20.655,12.9401,12.9437,0.00,0.00
2016.06.17 17:35:20.890,12.94009,12.94361,0.00,0.00
2016.06.17 17:35:20.993,12.94009,12.94371,0.00,0.00
2016.06.17 17:35:21.251,12.94009,12.94362,0.00,0.00
2016.06.17 17:35:21.557,12.94009,12.94389,0.00,0.00
2016.06.17 17:35:21.982,12.94009,12.94372,0.00,0.00
2016.06.17 17:35:22.473,12.9401,12.9437,0.00,0.00
2016.06.17 17:35:23.076,12.94009,12.94371,0.00,0.00
2016.06.17 17:35:23.400,12.94009,12.94351,0.00,0.00
2016.06.17 17:35:23.652,12.94009,12.94362,0.00,0.00
2016.06.17 17:35:23.753,12.93919,12.94292,0.00,0.00
2016.06.17 17:35:23.803,12.9391,12.9425,0.00,0.00
2016.06.17 17:35:23.904,12.9391,12.9426,0.00,0.00
2016.06.17 17:35:23.962,12.93909,12.94272,0.00,0.00
2016.06.17 17:35:24.050,12.93909,12.94282,0.00,0.00
2016.06.17 17:35:24.151,12.9391,12.94299,0.00,0.00
2016.06.17 17:35:24.252,12.93909,12.94281,0.00,0.00
2016.06.17 17:35:24.353,12.93909,12.94291,0.00,0.00
2016.06.17 17:35:24.454,12.9391,12.94299,0.00,0.00
2016.06.17 17:35:24.781,12.9391,12.94291,0.00,0.00
2016.06.17 17:35:24.851,12.9391,12.94299,0.00,0.00
2016.06.17 17:35:24.952,12.93909,12.94282,0.00,0.00
2016.06.17 17:35:25.165,12.93909,12.94291,0.00,0.00
2016.06.17 17:35:25.252,12.93909,12.94299,0.00,0.00
2016.06.17 17:35:25.454,12.9391,12.94292,0.00,0.00
2016.06.17 17:35:25.555,12.93909,12.94299,0.00,0.00
2016.06.17 17:35:25.798,12.94009,12.94301,0.00,0.00
2016.06.17 17:35:25.866,12.9401,12.9436,0.00,0.00
2016.06.17 17:35:26.399,12.94009,12.94371,0.00,0.00
2016.06.17 17:35:26.577,12.94059,12.94371,0.00,0.00
2016.06.17 17:35:26.700,12.9402,12.9437,0.00,0.00
2016.06.17 17:35:27.410,12.9401,12.94328,0.00,0.00
2016.06.17 17:35:27.511,12.9394,12.943,0.00,0.00
2016.06.17 17:35:27.615,12.9391,12.943,0.00,0.00
2016.06.17 17:35:27.666,12.9391,12.94291,0.00,0.00
2016.06.17 17:35:28.168,12.93909,12.94291,0.00,0.00
2016.06.17 17:35:28.521,12.93909,12.94301,0.00,0.00
2016.06.17 17:35:28.862,12.9391,12.94292,0.00,0.00
2016.06.17 17:35:28.997,12.9383,12.9423,0.00,0.00
2016.06.17 17:35:29.048,12.93849,12.9423,0.00,0.00
2016.06.17 17:35:29.430,12.93909,12.94231,0.00,0.00
2016.06.17 17:35:29.480,12.9391,12.9425,0.00,0.00
2016.06.17 17:35:29.785,12.93909,12.94242,0.00,0.00
2016.06.17 17:35:29.886,12.93829,12.94201,0.00,0.00
2016.06.17 17:35:29.987,12.93779,12.94121,0.00,0.00
2016.06.17 17:35:30.089,12.93809,12.94181,0.00,0.00
2016.06.17 17:35:30.190,12.93809,12.94192,0.00,0.00
2016.06.17 17:35:30.241,12.93809,12.94201,0.00,0.00
2016.06.17 17:35:30.886,12.9381,12.942,0.00,0.00
2016.06.17 17:35:31.488,12.93879,12.94231,0.00,0.00
2016.06.17 17:35:32.017,12.9391,12.9423,0.00,0.00
2016.06.17 17:35:32.628,12.93909,12.94231,0.00,0.00
2016.06.17 17:35:33.663,12.9391,12.9423,0.00,0.00
2016.06.17 17:35:34.274,12.93909,12.94231,0.00,0.00
2016.06.17 17:35:34.794,12.93909,12.94261,0.00,0.00
2016.06.17 17:35:34.996,12.93909,12.94231,0.00,0.00
2016.06.17 17:35:35.433,12.9391,12.9425,0.00,0.00
2016.06.17 17:35:36.082,12.93909,12.94251,0.00,0.00
2016.06.17 17:35:36.887,12.93909,12.94242,0.00,0.00
2016.06.17 17:35:37.184,12.93809,12.94201,0.00,0.00
2016.06.17 17:35:38.803,12.9381,12.942,0.00,0.00
2016.06.17 17:35:39.709,12.93809,12.94201,0.00,0.00
2016.06.17 17:35:40.847,12.9381,12.942,0.00,0.00
2016.06.17 17:35:41.049,12.9389,12.942,0.00,0.00
2016.06.17 17:35:41.150,12.93809,12.94201,0.00,0.00
2016.06.17 17:35:41.251,12.93879,12.94121,0.00,0.00
2016.06.17 17:35:41.670,12.938,12.9417,0.00,0.00
2016.06.17 17:35:42.632,12.93799,12.94121,0.00,0.00
2016.06.17 17:35:42.733,12.938,12.9417,0.00,0.00
2016.06.17 17:35:43.263,12.93799,12.94171,0.00,0.00
2016.06.17 17:35:43.873,12.938,12.9417,0.00,0.00
2016.06.17 17:35:44.217,12.93799,12.94201,0.00,0.00
2016.06.17 17:35:44.784,12.938,12.942,0.00,0.00
2016.06.17 17:35:44.834,12.939,12.9422,0.00,0.00
2016.06.17 17:35:45.036,12.93899,12.94301,0.00,0.00
2016.06.17 17:35:45.338,12.93999,12.94351,0.00,0.00
2016.06.17 17:35:45.389,12.93999,12.94361,0.00,0.00
2016.06.17 17:35:45.540,12.93999,12.94321,0.00,0.00
2016.06.17 17:35:45.828,12.94,12.94382,0.00,0.00
2016.06.17 17:35:45.879,12.94,12.944,0.00,0.00
2016.06.17 17:35:47.089,12.94,12.94392,0.00,0.00
2016.06.17 17:35:47.399,12.94,12.9435,0.00,0.00
2016.06.17 17:35:47.849,12.93899,12.94301,0.00,0.00
2016.06.17 17:35:48.301,12.939,12.94281,0.00,0.00
2016.06.17 17:35:48.742,12.939,12.943,0.00,0.00
2016.06.17 17:35:48.926,12.93899,12.94281,0.00,0.00
2016.06.17 17:35:49.002,12.93899,12.94301,0.00,0.00
2016.06.17 17:35:49.544,12.939,12.9423,0.00,0.00
2016.06.17 17:35:49.635,12.93899,12.94241,0.00,0.00
2016.06.17 17:35:49.744,12.93899,12.94281,0.00,0.00
2016.06.17 17:35:52.069,12.93899,12.94271,0.00,0.00
2016.06.17 17:35:52.678,12.939,12.9427,0.00,0.00
2016.06.17 17:35:53.057,12.93899,12.94301,0.00,0.00
2016.06.17 17:35:53.588,12.939,12.943,0.00,0.00
2016.06.17 17:35:54.113,12.939,12.94291,0.00,0.00
2016.06.17 17:35:54.214,12.939,12.943,0.00,0.00
2016.06.17 17:35:54.787,12.93899,12.94221,0.00,0.00
2016.06.17 17:35:55.170,12.93809,12.94201,0.00,0.00
2016.06.17 17:35:55.455,12.93889,12.94201,0.00,0.00
2016.06.17 17:35:55.556,12.93809,12.94201,0.00,0.00
2016.06.17 17:35:55.657,12.93809,12.94182,0.00,0.00
2016.06.17 17:35:55.748,12.93809,12.94201,0.00,0.00
2016.06.17 17:35:55.849,12.93809,12.94192,0.00,0.00
2016.06.17 17:35:56.466,12.938,12.94191,0.00,0.00
2016.06.17 17:35:56.863,12.9387,12.942,0.00,0.00
2016.06.17 17:35:56.964,12.93809,12.94201,0.00,0.00
2016.06.17 17:35:57.658,12.93799,12.94201,0.00,0.00
2016.06.17 17:35:57.995,12.93899,12.94201,0.00,0.00
2016.06.17 17:35:58.057,12.93889,12.94201,0.00,0.00
2016.06.17 17:35:58.399,12.93899,12.94259,0.00,0.00
2016.06.17 17:35:58.469,12.93899,12.94262,0.00,0.00
2016.06.17 17:35:58.570,12.9389,12.9423,0.00,0.00
2016.06.17 17:35:58.797,12.93899,12.94251,0.00,0.00
2016.06.17 17:35:58.859,12.93899,12.94271,0.00,0.00
2016.06.17 17:35:59.102,12.93899,12.94222,0.00,0.00
2016.06.17 17:35:59.312,12.9387,12.942,0.00,0.00
2016.06.17 17:35:59.413,12.93819,12.94201,0.00,0.00
2016.06.17 17:35:59.562,12.93799,12.94181,0.00,0.00
2016.06.17 17:36:00.125,12.938,12.94162,0.00,0.00
2016.06.17 17:36:00.189,12.938,12.9417,0.00,0.00
2016.06.17 17:36:00.766,12.93799,12.94171,0.00,0.00
2016.06.17 17:36:00.867,12.938,12.9415,0.00,0.00
2016.06.17 17:36:01.166,12.93799,12.94171,0.00,0.00
2016.06.17 17:36:01.367,12.93799,12.94162,0.00,0.00
2016.06.17 17:36:02.411,12.93799,12.94171,0.00,0.00
2016.06.17 17:36:02.512,12.938,12.942,0.00,0.00
2016.06.17 17:36:02.669,12.938,12.9417,0.00,0.00
2016.06.17 17:36:02.770,12.93799,12.94172,0.00,0.00
2016.06.17 17:36:02.827,12.93799,12.94181,0.00,0.00
2016.06.17 17:36:02.928,12.93799,12.94201,0.00,0.00
2016.06.17 17:36:03.029,12.93799,12.94191,0.00,0.00
2016.06.17 17:36:03.372,12.93799,12.94152,0.00,0.00
2016.06.17 17:36:03.422,12.93799,12.94201,0.00,0.00
2016.06.17 17:36:03.523,12.938,12.94162,0.00,0.00
2016.06.17 17:36:03.972,12.9383,12.9412,0.00,0.00
2016.06.17 17:36:04.702,12.938,12.94182,0.00,0.00
2016.06.17 17:36:04.780,12.93799,12.94172,0.00,0.00
2016.06.17 17:36:05.176,12.938,12.9417,0.00,0.00
2016.06.17 17:36:05.477,12.93799,12.94152,0.00,0.00
2016.06.17 17:36:05.528,12.93799,12.94162,0.00,0.00
2016.06.17 17:36:06.006,12.93799,12.94121,0.00,0.00
2016.06.17 17:36:06.742,12.938,12.9412,0.00,0.00
2016.06.17 17:36:07.382,12.9381,12.9412,0.00,0.00
2016.06.17 17:36:07.983,12.938,12.9412,0.00,0.00
2016.06.17 17:36:09.099,12.93799,12.94121,0.00,0.00
2016.06.17 17:36:09.630,12.938,12.9412,0.00,0.00
2016.06.17 17:36:10.414,12.93799,12.94121,0.00,0.00
2016.06.17 17:36:11.194,12.938,12.9412,0.00,0.00
2016.06.17 17:36:11.632,12.939,12.9422,0.00,0.00
2016.06.17 17:36:12.237,12.94,12.9427,0.00,0.00
2016.06.17 17:36:12.338,12.94,12.94282,0.00,0.00
2016.06.17 17:36:12.389,12.94,12.9432,0.00,0.00
2016.06.17 17:36:12.641,12.93912,12.9422,0.00,0.00
2016.06.17 17:36:13.016,12.93899,12.94221,0.00,0.00
2016.06.17 17:36:14.943,12.939,12.9422,0.00,0.00
2016.06.17 17:36:14.993,12.939,12.94212,0.00,0.00
2016.06.17 17:36:15.910,12.939,12.94132,0.00,0.00
2016.06.17 17:36:15.961,12.93799,12.94132,0.00,0.00
2016.06.17 17:36:16.626,12.93799,12.94171,0.00,0.00
2016.06.17 17:36:16.681,12.93799,12.94141,0.00,0.00
2016.06.17 17:36:16.782,12.93799,12.94162,0.00,0.00
2016.06.17 17:36:17.081,12.93799,12.94142,0.00,0.00
2016.06.17 17:36:17.406,12.93799,12.94132,0.00,0.00
2016.06.17 17:36:17.621,12.9375,12.9412,0.00,0.00
2016.06.17 17:36:17.682,12.9375,12.94112,0.00,0.00
2016.06.17 17:36:18.007,12.93709,12.94021,0.00,0.00
2016.06.17 17:36:18.998,12.93709,12.94011,0.00,0.00
2016.06.17 17:36:19.300,12.937,12.9402,0.00,0.00
2016.06.17 17:36:19.897,12.93699,12.94021,0.00,0.00
2016.06.17 17:36:20.048,12.9364,12.9392,0.00,0.00
2016.06.17 17:36:20.149,12.93611,12.9392,0.00,0.00
2016.06.17 17:36:20.423,12.93599,12.93921,0.00,0.00
2016.06.17 17:36:20.950,12.936,12.9392,0.00,0.00
2016.06.17 17:36:22.229,12.93599,12.93921,0.00,0.00
2016.06.17 17:36:22.294,12.93599,12.93912,0.00,0.00
2016.06.17 17:36:22.395,12.93599,12.93921,0.00,0.00
2016.06.17 17:36:22.722,12.93599,12.93911,0.00,0.00
2016.06.17 17:36:23.255,12.9351,12.9387,0.00,0.00
2016.06.17 17:36:23.306,12.9351,12.93849,0.00,0.00
2016.06.17 17:36:23.618,12.93409,12.93721,0.00,0.00
2016.06.17 17:36:24.978,12.93409,12.93662,0.00,0.00
2016.06.17 17:36:25.079,12.93299,12.93621,0.00,0.00
2016.06.17 17:36:25.772,12.933,12.9362,0.00,0.00
2016.06.17 17:36:26.639,12.93299,12.93621,0.00,0.00
2016.06.17 17:36:26.966,12.93212,12.9352,0.00,0.00
2016.06.17 17:36:27.430,12.932,12.9352,0.00,0.00
2016.06.17 17:36:28.040,12.93199,12.93521,0.00,0.00
2016.06.17 17:36:28.563,12.932,12.9352,0.00,0.00
2016.06.17 17:36:29.064,12.93269,12.93521,0.00,0.00
2016.06.17 17:36:29.279,12.932,12.93502,0.00,0.00
2016.06.17 17:36:29.330,12.932,12.93511,0.00,0.00
2016.06.17 17:36:29.431,12.93199,12.93521,0.00,0.00
2016.06.17 17:36:29.875,12.93109,12.93421,0.00,0.00
2016.06.17 17:36:30.179,12.931,12.9342,0.00,0.00
2016.06.17 17:36:30.577,12.93089,12.93371,0.00,0.00
2016.06.17 17:36:30.682,12.93099,12.93412,0.00,0.00
2016.06.17 17:36:31.027,12.931,12.9342,0.00,0.00
2016.06.17 17:36:31.178,12.93199,12.93442,0.00,0.00
2016.06.17 17:36:31.233,12.93199,12.93521,0.00,0.00
2016.06.17 17:36:32.184,12.932,12.9352,0.00,0.00
2016.06.17 17:36:33.079,12.93212,12.9352,0.00,0.00
2016.06.17 17:36:33.185,12.93299,12.93611,0.00,0.00
2016.06.17 17:36:33.236,12.93299,12.93621,0.00,0.00
2016.06.17 17:36:33.788,12.933,12.9362,0.00,0.00
2016.06.17 17:36:34.489,12.93299,12.93621,0.00,0.00
2016.06.17 17:36:35.290,12.933,12.9362,0.00,0.00
2016.06.17 17:36:35.492,12.93399,12.93672,0.00,0.00
2016.06.17 17:36:35.568,12.93399,12.93721,0.00,0.00
2016.06.17 17:36:36.487,12.934,12.9372,0.00,0.00
2016.06.17 17:36:37.462,12.93399,12.93721,0.00,0.00
2016.06.17 17:36:39.498,12.934,12.9372,0.00,0.00
2016.06.17 17:36:40.929,12.93399,12.93721,0.00,0.00
2016.06.17 17:36:41.375,12.9334,12.9367,0.00,0.00
2016.06.17 17:36:41.510,12.93369,12.93621,0.00,0.00
2016.06.17 17:36:41.611,12.93369,12.93641,0.00,0.00
2016.06.17 17:36:41.662,12.93369,12.93661,0.00,0.00
2016.06.17 17:36:41.712,12.93369,12.93621,0.00,0.00
2016.06.17 17:36:41.813,12.9331,12.9362,0.00,0.00
2016.06.17 17:36:42.361,12.93309,12.93621,0.00,0.00
2016.06.17 17:36:42.412,12.93299,12.93621,0.00,0.00
2016.06.17 17:36:44.115,12.93379,12.93621,0.00,0.00
2016.06.17 17:36:44.316,12.93299,12.93621,0.00,0.00
2016.06.17 17:36:44.417,12.934,12.93701,0.00,0.00
2016.06.17 17:36:44.468,12.934,12.9372,0.00,0.00
2016.06.17 17:36:45.015,12.93399,12.93721,0.00,0.00
2016.06.17 17:36:45.368,12.93399,12.93712,0.00,0.00
2016.06.17 17:36:45.681,12.93399,12.93641,0.00,0.00
2016.06.17 17:36:45.731,12.93319,12.93621,0.00,0.00
2016.06.17 17:36:46.024,12.933,12.9362,0.00,0.00
2016.06.17 17:36:46.583,12.93309,12.93621,0.00,0.00
2016.06.17 17:36:46.920,12.93399,12.93701,0.00,0.00
2016.06.17 17:36:46.971,12.93399,12.93721,0.00,0.00
2016.06.17 17:36:47.122,12.93399,12.93671,0.00,0.00
2016.06.17 17:36:47.223,12.93399,12.93721,0.00,0.00
2016.06.17 17:36:48.223,12.934,12.9372,0.00,0.00
2016.06.17 17:36:50.502,12.93399,12.93721,0.00,0.00
2016.06.17 17:36:50.607,12.9337,12.9362,0.00,0.00
2016.06.17 17:36:50.734,12.93299,12.93621,0.00,0.00
2016.06.17 17:36:50.835,12.93379,12.93621,0.00,0.00
2016.06.17 17:36:51.041,12.93309,12.93621,0.00,0.00
2016.06.17 17:36:51.444,12.933,12.9362,0.00,0.00
2016.06.17 17:36:51.985,12.93299,12.93621,0.00,0.00
2016.06.17 17:36:52.035,12.9338,12.9362,0.00,0.00
2016.06.17 17:36:52.244,12.9331,12.9362,0.00,0.00
2016.06.17 17:36:52.745,12.93309,12.93621,0.00,0.00
2016.06.17 17:36:53.253,12.9331,12.9362,0.00,0.00
2016.06.17 17:36:53.747,12.93319,12.93621,0.00,0.00
2016.06.17 17:36:54.354,12.9332,12.9362,0.00,0.00
2016.06.17 17:36:54.825,12.93309,12.93621,0.00,0.00
2016.06.17 17:36:55.255,12.93299,12.93621,0.00,0.00
2016.06.17 17:36:55.833,12.933,12.9362,0.00,0.00
2016.06.17 17:36:56.411,12.93299,12.93621,0.00,0.00
2016.06.17 17:36:57.756,12.93289,12.93621,0.00,0.00
2016.06.17 17:36:58.133,12.9329,12.93572,0.00,0.00
2016.06.17 17:36:58.196,12.932,12.93572,0.00,0.00
2016.06.17 17:36:58.805,12.93199,12.93572,0.00,0.00
2016.06.17 17:36:59.101,12.93199,12.93581,0.00,0.00
2016.06.17 17:36:59.152,12.9329,12.9357,0.00,0.00
2016.06.17 17:36:59.253,12.9329,12.93612,0.00,0.00
2016.06.17 17:36:59.303,12.9329,12.93572,0.00,0.00
2016.06.17 17:36:59.354,12.93269,12.93572,0.00,0.00
2016.06.17 17:36:59.455,12.93299,12.93571,0.00,0.00
2016.06.17 17:36:59.606,12.93299,12.93621,0.00,0.00
2016.06.17 17:37:01.023,12.933,12.9362,0.00,0.00
2016.06.17 17:37:01.596,12.93299,12.93621,0.00,0.00
2016.06.17 17:37:01.748,12.93349,12.93652,0.00,0.00
2016.06.17 17:37:01.799,12.93349,12.93672,0.00,0.00
2016.06.17 17:37:02.440,12.93349,12.93641,0.00,0.00
2016.06.17 17:37:02.491,12.933,12.9362,0.00,0.00
2016.06.17 17:37:02.748,12.93369,12.93621,0.00,0.00
2016.06.17 17:37:03.332,12.93309,12.93621,0.00,0.00
2016.06.17 17:37:04.176,12.93329,12.93621,0.00,0.00
2016.06.17 17:37:04.785,12.9333,12.9362,0.00,0.00
2016.06.17 17:37:05.146,12.9331,12.9362,0.00,0.00
2016.06.17 17:37:07.041,12.93309,12.93621,0.00,0.00
2016.06.17 17:37:08.074,12.93299,12.93621,0.00,0.00
2016.06.17 17:37:08.852,12.932,12.93552,0.00,0.00
2016.06.17 17:37:09.827,12.932,12.93572,0.00,0.00
2016.06.17 17:37:09.928,12.93199,12.93562,0.00,0.00
2016.06.17 17:37:10.591,12.93199,12.93572,0.00,0.00
2016.06.17 17:37:10.856,12.9323,12.93572,0.00,0.00
2016.06.17 17:37:10.957,12.9321,12.93572,0.00,0.00
2016.06.17 17:37:11.008,12.9321,12.93562,0.00,0.00
2016.06.17 17:37:11.308,12.9321,12.93572,0.00,0.00
2016.06.17 17:37:11.409,12.932,12.93561,0.00,0.00
2016.06.17 17:37:11.850,12.93199,12.93552,0.00,0.00
2016.06.17 17:37:12.180,12.932,12.93562,0.00,0.00
2016.06.17 17:37:12.381,12.93199,12.93571,0.00,0.00
2016.06.17 17:37:12.450,12.93199,12.93552,0.00,0.00
2016.06.17 17:37:12.551,12.93199,12.93571,0.00,0.00
2016.06.17 17:37:13.052,12.93199,12.93572,0.00,0.00
2016.06.17 17:37:13.152,12.932,12.93542,0.00,0.00
2016.06.17 17:37:13.482,12.932,12.93561,0.00,0.00
2016.06.17 17:37:13.583,12.932,12.93541,0.00,0.00
2016.06.17 17:37:14.679,12.932,12.93522,0.00,0.00
2016.06.17 17:37:15.012,12.9311,12.9342,0.00,0.00
2016.06.17 17:37:15.657,12.93109,12.93421,0.00,0.00
2016.06.17 17:37:16.006,12.93199,12.93471,0.00,0.00
2016.06.17 17:37:16.107,12.93199,12.93521,0.00,0.00
2016.06.17 17:37:16.484,12.932,12.9347,0.00,0.00
2016.06.17 17:37:16.585,12.93129,12.93421,0.00,0.00
2016.06.17 17:37:17.239,12.9313,12.9342,0.00,0.00
2016.06.17 17:37:17.348,12.93119,12.93421,0.00,0.00
2016.06.17 17:37:18.289,12.93109,12.93421,0.00,0.00
2016.06.17 17:37:18.969,12.93099,12.93421,0.00,0.00
2016.06.17 17:37:19.641,12.931,12.9342,0.00,0.00
2016.06.17 17:37:19.691,12.9318,12.9347,0.00,0.00
2016.06.17 17:37:19.893,12.93219,12.93521,0.00,0.00
2016.06.17 17:37:20.095,12.93229,12.93521,0.00,0.00
2016.06.17 17:37:20.593,12.93219,12.93521,0.00,0.00
2016.06.17 17:37:20.693,12.932,12.9352,0.00,0.00
2016.06.17 17:37:20.895,12.932,12.9347,0.00,0.00
2016.06.17 17:37:21.097,12.93199,12.93492,0.00,0.00
2016.06.17 17:37:21.148,12.93199,12.93521,0.00,0.00
2016.06.17 17:37:21.294,12.9321,12.9352,0.00,0.00
2016.06.17 17:37:21.875,12.9324,12.9352,0.00,0.00
2016.06.17 17:37:22.898,12.93299,12.93612,0.00,0.00
2016.06.17 17:37:22.949,12.93299,12.93621,0.00,0.00
2016.06.17 17:37:23.395,12.93289,12.93571,0.00,0.00
2016.06.17 17:37:23.893,12.93229,12.93571,0.00,0.00
2016.06.17 17:37:24.389,12.93152,12.93592,0.00,0.00
2016.06.17 17:37:24.447,12.93152,12.93612,0.00,0.00
2016.06.17 17:37:24.497,12.9323,12.9357,0.00,0.00
2016.06.17 17:37:24.800,12.935,12.93671,0.00,0.00
2016.06.17 17:37:24.851,12.935,12.93748,0.00,0.00
2016.06.17 17:37:24.902,12.93499,12.93821,0.00,0.00
2016.06.17 17:37:25.199,12.9351,12.9382,0.00,0.00
2016.06.17 17:37:25.693,12.93448,12.93872,0.00,0.00
2016.06.17 17:37:26.433,12.93428,12.93872,0.00,0.00
2016.06.17 17:37:26.484,12.93521,12.93821,0.00,0.00
2016.06.17 17:37:27.052,12.93521,12.9382,0.00,0.00
2016.06.17 17:37:27.745,12.93521,12.93821,0.00,0.00
2016.06.17 17:37:28.124,12.935,12.9377,0.00,0.00
2016.06.17 17:37:28.325,12.93469,12.93771,0.00,0.00
2016.06.17 17:37:28.632,12.9345,12.9372,0.00,0.00
2016.06.17 17:37:28.732,12.93421,12.93721,0.00,0.00
2016.06.17 17:37:30.214,12.93421,12.9372,0.00,0.00
2016.06.17 17:37:30.936,12.93421,12.93721,0.00,0.00
2016.06.17 17:37:31.820,12.93429,12.93721,0.00,0.00
2016.06.17 17:37:32.564,12.93421,12.9372,0.00,0.00
2016.06.17 17:37:33.427,12.93421,12.93721,0.00,0.00
2016.06.17 17:37:33.972,12.9348,12.93772,0.00,0.00
2016.06.17 17:37:34.072,12.93469,12.93772,0.00,0.00
2016.06.17 17:37:34.129,12.93429,12.93721,0.00,0.00
2016.06.17 17:37:35.954,12.9343,12.9372,0.00,0.00
2016.06.17 17:37:36.155,12.934,12.9372,0.00,0.00
2016.06.17 17:37:36.658,12.933,12.9362,0.00,0.00
2016.06.17 17:37:37.194,12.93322,12.93621,0.00,0.00
2016.06.17 17:37:39.140,12.93322,12.9362,0.00,0.00
2016.06.17 17:37:39.896,12.93322,12.93621,0.00,0.00
2016.06.17 17:37:40.744,12.93322,12.9362,0.00,0.00
2016.06.17 17:37:41.392,12.93322,12.93621,0.00,0.00
2016.06.17 17:37:41.493,12.93229,12.93572,0.00,0.00
2016.06.17 17:37:41.594,12.93222,12.93572,0.00,0.00
2016.06.17 17:37:43.025,12.93199,12.93581,0.00,0.00
2016.06.17 17:37:43.076,12.932,12.93571,0.00,0.00
2016.06.17 17:37:43.622,12.93219,12.93521,0.00,0.00
2016.06.17 17:37:43.672,12.932,12.9352,0.00,0.00
2016.06.17 17:37:43.824,12.93221,12.9352,0.00,0.00
2016.06.17 17:37:44.459,12.93221,12.93521,0.00,0.00
2016.06.17 17:37:45.263,12.93221,12.9352,0.00,0.00
2016.06.17 17:37:45.789,12.933,12.93571,0.00,0.00
2016.06.17 17:37:45.839,12.933,12.9362,0.00,0.00
2016.06.17 17:37:46.205,12.93321,12.93621,0.00,0.00
2016.06.17 17:37:46.772,12.93321,12.9362,0.00,0.00
2016.06.17 17:37:47.481,12.93321,12.93621,0.00,0.00
2016.06.17 17:37:51.269,12.93321,12.9362,0.00,0.00
2016.06.17 17:37:51.591,12.93369,12.93621,0.00,0.00
2016.06.17 17:37:51.991,12.93321,12.93621,0.00,0.00
2016.06.17 17:37:52.173,12.93321,12.9367,0.00,0.00
2016.06.17 17:37:52.274,12.93319,12.93621,0.00,0.00
2016.06.17 17:37:52.593,12.93369,12.93671,0.00,0.00
2016.06.17 17:37:52.693,12.93319,12.93671,0.00,0.00
2016.06.17 17:37:53.038,12.93322,12.9367,0.00,0.00
2016.06.17 17:37:53.757,12.93322,12.9362,0.00,0.00
2016.06.17 17:37:54.040,12.93239,12.93571,0.00,0.00
2016.06.17 17:37:54.091,12.9328,12.9352,0.00,0.00
2016.06.17 17:37:54.195,12.93269,12.93521,0.00,0.00
2016.06.17 17:37:54.296,12.93289,12.93571,0.00,0.00
2016.06.17 17:37:54.499,12.93219,12.93571,0.00,0.00
2016.06.17 17:37:55.082,12.9322,12.9357,0.00,0.00
2016.06.17 17:37:55.442,12.93322,12.9357,0.00,0.00
2016.06.17 17:37:55.492,12.93322,12.9362,0.00,0.00
2016.06.17 17:37:55.797,12.93322,12.93571,0.00,0.00
2016.06.17 17:37:56.227,12.9326,12.9357,0.00,0.00
2016.06.17 17:37:56.285,12.933,12.9362,0.00,0.00
2016.06.17 17:37:56.933,12.93321,12.9362,0.00,0.00
2016.06.17 17:37:57.443,12.93321,12.93621,0.00,0.00
2016.06.17 17:37:58.797,12.93321,12.9362,0.00,0.00
2016.06.17 17:37:59.347,12.93321,12.93621,0.00,0.00
2016.06.17 17:38:01.286,12.9339,12.9367,0.00,0.00
2016.06.17 17:38:01.336,12.93399,12.93721,0.00,0.00
2016.06.17 17:38:01.750,12.93409,12.93771,0.00,0.00
2016.06.17 17:38:01.851,12.9341,12.9372,0.00,0.00
2016.06.17 17:38:02.004,12.93382,12.93772,0.00,0.00
2016.06.17 17:38:02.105,12.9341,12.9372,0.00,0.00
2016.06.17 17:38:02.440,12.93421,12.9372,0.00,0.00
2016.06.17 17:38:03.893,12.93421,12.93721,0.00,0.00
2016.06.17 17:38:04.455,12.93421,12.9372,0.00,0.00
2016.06.17 17:38:04.754,12.934,12.9372,0.00,0.00
2016.06.17 17:38:04.856,12.93499,12.93771,0.00,0.00
2016.06.17 17:38:05.878,12.935,12.9377,0.00,0.00
2016.06.17 17:38:05.929,12.93421,12.9372,0.00,0.00
2016.06.17 17:38:06.517,12.93421,12.93721,0.00,0.00
2016.06.17 17:38:07.537,12.93421,12.9372,0.00,0.00
2016.06.17 17:38:08.056,12.93421,12.93721,0.00,0.00
2016.06.17 17:38:08.721,12.93421,12.9372,0.00,0.00
2016.06.17 17:38:09.238,12.93421,12.93721,0.00,0.00
2016.06.17 17:38:10.052,12.93499,12.93811,0.00,0.00
2016.06.17 17:38:10.153,12.935,12.9382,0.00,0.00
2016.06.17 17:38:10.674,12.93499,12.93821,0.00,0.00
2016.06.17 17:38:10.726,12.93521,12.93821,0.00,0.00
2016.06.17 17:38:12.140,12.93489,12.93821,0.00,0.00
2016.06.17 17:38:12.242,12.93489,12.93771,0.00,0.00
2016.06.17 17:38:12.343,12.9347,12.9377,0.00,0.00
2016.06.17 17:38:12.643,12.93399,12.93721,0.00,0.00
2016.06.17 17:38:13.153,12.93421,12.93721,0.00,0.00
2016.06.17 17:38:13.713,12.93421,12.9372,0.00,0.00
2016.06.17 17:38:13.764,12.93349,12.93671,0.00,0.00
2016.06.17 17:38:13.865,12.93299,12.93621,0.00,0.00
2016.06.17 17:38:14.475,12.93322,12.93621,0.00,0.00
2016.06.17 17:38:15.365,12.93299,12.93621,0.00,0.00
2016.06.17 17:38:15.466,12.93208,12.9352,0.00,0.00
2016.06.17 17:38:15.517,12.932,12.9352,0.00,0.00
2016.06.17 17:38:16.052,12.93199,12.93521,0.00,0.00
2016.06.17 17:38:16.153,12.93221,12.93521,0.00,0.00
2016.06.17 17:38:16.701,12.93221,12.9352,0.00,0.00
2016.06.17 17:38:17.337,12.93221,12.93521,0.00,0.00
2016.06.17 17:38:18.077,12.93121,12.93421,0.00,0.00
2016.06.17 17:38:18.279,12.93169,12.93471,0.00,0.00
2016.06.17 17:38:18.480,12.9318,12.9347,0.00,0.00
2016.06.17 17:38:18.682,12.93119,12.93471,0.00,0.00
2016.06.17 17:38:20.588,12.9311,12.9347,0.00,0.00
2016.06.17 17:38:21.175,12.93221,12.9347,0.00,0.00
2016.06.17 17:38:21.394,12.93221,12.93521,0.00,0.00
2016.06.17 17:38:21.445,12.93242,12.93521,0.00,0.00
2016.06.17 17:38:21.496,12.933,12.9362,0.00,0.00
2016.06.17 17:38:21.697,12.93309,12.93621,0.00,0.00
2016.06.17 17:38:22.175,12.93322,12.93621,0.00,0.00
2016.06.17 17:38:23.359,12.93322,12.9362,0.00,0.00
2016.06.17 17:38:23.861,12.93322,12.93621,0.00,0.00
2016.06.17 17:38:24.663,12.93322,12.93672,0.00,0.00
2016.06.17 17:38:25.289,12.93322,12.9362,0.00,0.00
2016.06.17 17:38:26.012,12.93322,12.93621,0.00,0.00
2016.06.17 17:38:26.468,12.93379,12.93621,0.00,0.00
2016.06.17 17:38:26.770,12.93322,12.93621,0.00,0.00
2016.06.17 17:38:27.571,12.93322,12.9362,0.00,0.00
2016.06.17 17:38:28.172,12.93322,12.93621,0.00,0.00
2016.06.17 17:38:30.979,12.93322,12.9362,0.00,0.00
2016.06.17 17:38:31.478,12.933,12.9362,0.00,0.00
2016.06.17 17:38:31.529,12.93289,12.93571,0.00,0.00
2016.06.17 17:38:31.681,12.93249,12.93571,0.00,0.00
2016.06.17 17:38:31.883,12.93289,12.93571,0.00,0.00
2016.06.17 17:38:32.192,12.9325,12.9357,0.00,0.00
2016.06.17 17:38:33.787,12.93249,12.93571,0.00,0.00
2016.06.17 17:38:34.601,12.93249,12.93521,0.00,0.00
2016.06.17 17:38:34.928,12.932,12.9352,0.00,0.00
2016.06.17 17:38:35.182,12.93221,12.9352,0.00,0.00
2016.06.17 17:38:35.544,12.93221,12.93421,0.00,0.00
2016.06.17 17:38:35.850,12.93122,12.9342,0.00,0.00
2016.06.17 17:38:36.698,12.93122,12.93421,0.00,0.00
2016.06.17 17:38:37.699,12.93122,12.9342,0.00,0.00
2016.06.17 17:38:38.183,12.931,12.9342,0.00,0.00
2016.06.17 17:38:38.234,12.9305,12.9337,0.00,0.00
2016.06.17 17:38:38.745,12.92999,12.93321,0.00,0.00
2016.06.17 17:38:38.853,12.93021,12.93321,0.00,0.00
2016.06.17 17:38:42.312,12.93021,12.9332,0.00,0.00
2016.06.17 17:38:42.762,12.92999,12.93321,0.00,0.00
2016.06.17 17:38:42.834,12.93019,12.93371,0.00,0.00
2016.06.17 17:38:42.913,12.93009,12.9332,0.00,0.00
2016.06.17 17:38:43.599,12.93,12.9332,0.00,0.00
2016.06.17 17:38:43.650,12.93079,12.93371,0.00,0.00
2016.06.17 17:38:43.815,12.9301,12.9337,0.00,0.00
2016.06.17 17:38:44.083,12.93032,12.9337,0.00,0.00
2016.06.17 17:38:44.390,12.93122,12.93421,0.00,0.00
2016.06.17 17:38:44.916,12.93122,12.9342,0.00,0.00
2016.06.17 17:38:45.432,12.93122,12.93421,0.00,0.00
2016.06.17 17:38:45.503,12.931,12.9342,0.00,0.00
2016.06.17 17:38:46.078,12.93099,12.93421,0.00,0.00
2016.06.17 17:38:46.260,12.93038,12.93291,0.00,0.00
2016.06.17 17:38:46.311,12.92979,12.93291,0.00,0.00
2016.06.17 17:38:46.361,12.9298,12.9325,0.00,0.00
2016.06.17 17:38:46.462,12.92899,12.93251,0.00,0.00
2016.06.17 17:38:46.563,12.92899,12.93171,0.00,0.00
2016.06.17 17:38:46.950,12.92899,12.93221,0.00,0.00
2016.06.17 17:38:47.060,12.92921,12.93221,0.00,0.00
2016.06.17 17:38:47.625,12.92921,12.93171,0.00,0.00
2016.06.17 17:38:47.727,12.92921,12.93221,0.00,0.00
2016.06.17 17:38:48.511,12.92899,12.93221,0.00,0.00
2016.06.17 17:38:48.562,12.929,12.9317,0.00,0.00
2016.06.17 17:38:48.663,12.92899,12.93221,0.00,0.00
2016.06.17 17:38:49.156,12.92929,12.93221,0.00,0.00
2016.06.17 17:38:49.628,12.92922,12.9323,0.00,0.00
2016.06.17 17:38:49.679,12.92922,12.93222,0.00,0.00
2016.06.17 17:38:49.981,12.92922,12.9322,0.00,0.00
2016.06.17 17:38:50.762,12.92922,12.93221,0.00,0.00
2016.06.17 17:38:52.175,12.92922,12.9322,0.00,0.00
2016.06.17 17:38:52.635,12.92922,12.9324,0.00,0.00
2016.06.17 17:38:52.944,12.92922,12.9322,0.00,0.00
2016.06.17 17:38:53.397,12.92899,12.93221,0.00,0.00
2016.06.17 17:38:53.448,12.9289,12.9317,0.00,0.00
2016.06.17 17:38:53.786,12.92839,12.93171,0.00,0.00
2016.06.17 17:38:53.938,12.92899,12.93221,0.00,0.00
2016.06.17 17:38:54.262,12.92922,12.9322,0.00,0.00
2016.06.17 17:38:55.441,12.92922,12.93221,0.00,0.00
2016.06.17 17:38:55.993,12.92922,12.9322,0.00,0.00
2016.06.17 17:38:56.292,12.929,12.9322,0.00,0.00
2016.06.17 17:38:57.115,12.92899,12.93221,0.00,0.00
2016.06.17 17:38:57.271,12.92909,12.93221,0.00,0.00
2016.06.17 17:38:57.372,12.929,12.9322,0.00,0.00
2016.06.17 17:38:58.091,12.92899,12.93221,0.00,0.00
2016.06.17 17:38:58.598,12.929,12.9322,0.00,0.00
2016.06.17 17:38:59.201,12.92899,12.93221,0.00,0.00
2016.06.17 17:38:59.725,12.929,12.9322,0.00,0.00
2016.06.17 17:39:00.554,12.92899,12.93221,0.00,0.00
2016.06.17 17:39:01.205,12.92899,12.93172,0.00,0.00
2016.06.17 17:39:01.357,12.92808,12.9312,0.00,0.00
2016.06.17 17:39:01.458,12.928,12.9312,0.00,0.00
2016.06.17 17:39:02.298,12.92799,12.93121,0.00,0.00
2016.06.17 17:39:02.799,12.92802,12.93121,0.00,0.00
2016.06.17 17:39:03.008,12.92899,12.93221,0.00,0.00
2016.06.17 17:39:03.590,12.92899,12.93172,0.00,0.00
2016.06.17 17:39:03.993,12.92899,12.93221,0.00,0.00
2016.06.17 17:39:04.094,12.92889,12.93171,0.00,0.00
2016.06.17 17:39:04.366,12.9284,12.9317,0.00,0.00
2016.06.17 17:39:05.457,12.929,12.9317,0.00,0.00
2016.06.17 17:39:05.512,12.92889,12.93171,0.00,0.00
2016.06.17 17:39:05.613,12.92899,12.93209,0.00,0.00
2016.06.17 17:39:05.719,12.92899,12.93221,0.00,0.00
2016.06.17 17:39:07.008,12.929,12.9322,0.00,0.00
2016.06.17 17:39:07.708,12.92899,12.93221,0.00,0.00
2016.06.17 17:39:08.605,12.92942,12.9322,0.00,0.00
2016.06.17 17:39:08.656,12.92999,12.93321,0.00,0.00
2016.06.17 17:39:08.707,12.93009,12.93321,0.00,0.00
2016.06.17 17:39:09.328,12.92999,12.93321,0.00,0.00
2016.06.17 17:39:10.212,12.93,12.9332,0.00,0.00
2016.06.17 17:39:10.313,12.93009,12.93321,0.00,0.00
2016.06.17 17:39:10.980,12.9301,12.9332,0.00,0.00
2016.06.17 17:39:11.282,12.93089,12.93371,0.00,0.00
2016.06.17 17:39:11.383,12.93069,12.93371,0.00,0.00
2016.06.17 17:39:11.516,12.93129,12.93421,0.00,0.00
2016.06.17 17:39:11.717,12.931,12.9342,0.00,0.00
2016.06.17 17:39:12.127,12.9318,12.9347,0.00,0.00
2016.06.17 17:39:12.227,12.93169,12.93471,0.00,0.00
2016.06.17 17:39:12.328,12.93119,12.93421,0.00,0.00
2016.06.17 17:39:12.429,12.93099,12.93421,0.00,0.00
2016.06.17 17:39:12.715,12.9311,12.9342,0.00,0.00
2016.06.17 17:39:13.226,12.93169,12.93471,0.00,0.00
2016.06.17 17:39:13.787,12.9317,12.9347,0.00,0.00
2016.06.17 17:39:14.118,12.93199,12.93521,0.00,0.00
2016.06.17 17:39:14.418,12.93199,12.93471,0.00,0.00
2016.06.17 17:39:14.519,12.93199,12.93521,0.00,0.00
2016.06.17 17:39:15.167,12.932,12.9352,0.00,0.00
2016.06.17 17:39:16.245,12.93199,12.93521,0.00,0.00
2016.06.17 17:39:16.854,12.932,12.9352,0.00,0.00
2016.06.17 17:39:17.707,12.93199,12.93521,0.00,0.00
2016.06.17 17:39:18.334,12.932,12.9352,0.00,0.00
2016.06.17 17:39:18.824,12.9328,12.9352,0.00,0.00
2016.06.17 17:39:18.925,12.93199,12.93521,0.00,0.00
2016.06.17 17:39:19.252,12.93209,12.93521,0.00,0.00
2016.06.17 17:39:19.526,12.93199,12.93521,0.00,0.00
2016.06.17 17:39:20.645,12.932,12.9352,0.00,0.00
2016.06.17 17:39:21.214,12.93209,12.93521,0.00,0.00
2016.06.17 17:39:21.601,12.93289,12.93571,0.00,0.00
2016.06.17 17:39:21.652,12.93219,12.93621,0.00,0.00
2016.06.17 17:39:21.703,12.93219,12.93571,0.00,0.00
2016.06.17 17:39:21.753,12.93199,12.93571,0.00,0.00
2016.06.17 17:39:23.828,12.9321,12.93571,0.00,0.00
2016.06.17 17:39:24.133,12.93299,12.93621,0.00,0.00
2016.06.17 17:39:25.477,12.93309,12.93621,0.00,0.00
2016.06.17 17:39:26.038,12.93329,12.93621,0.00,0.00
2016.06.17 17:39:26.138,12.93309,12.93621,0.00,0.00
2016.06.17 17:39:26.701,12.9331,12.9362,0.00,0.00
2016.06.17 17:39:26.885,12.93349,12.93621,0.00,0.00
2016.06.17 17:39:27.386,12.9333,12.93671,0.00,0.00
2016.06.17 17:39:27.838,12.9331,12.93671,0.00,0.00
2016.06.17 17:39:28.386,12.93299,12.93671,0.00,0.00
2016.06.17 17:39:28.941,12.93319,12.93671,0.00,0.00
2016.06.17 17:39:29.281,12.93329,12.93671,0.00,0.00
2016.06.17 17:39:30.515,12.933,12.93671,0.00,0.00
2016.06.17 17:39:31.750,12.93299,12.93671,0.00,0.00
2016.06.17 17:39:32.552,12.93309,12.93671,0.00,0.00
2016.06.17 17:39:32.854,12.93369,12.93621,0.00,0.00
2016.06.17 17:39:32.955,12.93319,12.93621,0.00,0.00
2016.06.17 17:39:33.534,12.9332,12.9362,0.00,0.00
2016.06.17 17:39:33.585,12.93369,12.93621,0.00,0.00
2016.06.17 17:39:33.786,12.93339,12.93671,0.00,0.00
2016.06.17 17:39:34.262,12.93399,12.93671,0.00,0.00
2016.06.17 17:39:34.918,12.934,12.9372,0.00,0.00
2016.06.17 17:39:35.461,12.93399,12.93721,0.00,0.00
2016.06.17 17:39:35.688,12.9348,12.9372,0.00,0.00
2016.06.17 17:39:35.763,12.9347,12.9372,0.00,0.00
2016.06.17 17:39:35.903,12.93399,12.93721,0.00,0.00
2016.06.17 17:39:36.004,12.934,12.9367,0.00,0.00
2016.06.17 17:39:36.451,12.934,12.9372,0.00,0.00
2016.06.17 17:39:37.101,12.9337,12.9367,0.00,0.00
2016.06.17 17:39:37.366,12.934,12.9372,0.00,0.00
2016.06.17 17:39:37.868,12.93399,12.93721,0.00,0.00
2016.06.17 17:39:41.630,12.934,12.9372,0.00,0.00
2016.06.17 17:39:42.684,12.93399,12.93721,0.00,0.00
2016.06.17 17:39:42.916,12.9337,12.9367,0.00,0.00
2016.06.17 17:39:43.486,12.93369,12.93671,0.00,0.00
2016.06.17 17:39:44.431,12.9344,12.9372,0.00,0.00
2016.06.17 17:39:44.710,12.93399,12.93721,0.00,0.00
2016.06.17 17:39:45.242,12.934,12.9372,0.00,0.00
2016.06.17 17:39:45.747,12.93399,12.93721,0.00,0.00
2016.06.17 17:39:46.698,12.934,12.9372,0.00,0.00
2016.06.17 17:39:48.502,12.93399,12.93721,0.00,0.00
2016.06.17 17:39:49.216,12.93469,12.93721,0.00,0.00
2016.06.17 17:39:49.317,12.93409,12.93721,0.00,0.00
2016.06.17 17:39:50.026,12.93409,12.93672,0.00,0.00
2016.06.17 17:39:50.127,12.9335,12.93672,0.00,0.00
2016.06.17 17:39:50.228,12.93299,12.93672,0.00,0.00
2016.06.17 17:39:52.013,12.933,12.93672,0.00,0.00
2016.06.17 17:39:53.819,12.93299,12.93672,0.00,0.00
2016.06.17 17:39:56.626,12.933,12.93672,0.00,0.00
2016.06.17 17:39:56.972,12.933,12.93622,0.00,0.00
2016.06.17 17:39:57.275,12.93409,12.93572,0.00,0.00
2016.06.17 17:39:57.427,12.93399,12.93572,0.00,0.00
2016.06.17 17:39:57.478,12.93399,12.93721,0.00,0.00
2016.06.17 17:39:58.989,12.93422,12.93721,0.00,0.00
2016.06.17 17:39:59.588,12.93422,12.9372,0.00,0.00
2016.06.17 17:40:01.646,12.93422,12.93721,0.00,0.00
2016.06.17 17:40:02.408,12.93422,12.9372,0.00,0.00
2016.06.17 17:40:02.947,12.93422,12.93721,0.00,0.00
2016.06.17 17:40:04.150,12.93422,12.9372,0.00,0.00
2016.06.17 17:40:04.751,12.93422,12.93721,0.00,0.00
2016.06.17 17:40:05.625,12.93422,12.9372,0.00,0.00
2016.06.17 17:40:05.945,12.93468,12.9372,0.00,0.00
2016.06.17 17:40:05.996,12.93499,12.93771,0.00,0.00
2016.06.17 17:40:06.097,12.93499,12.93821,0.00,0.00
2016.06.17 17:40:06.606,12.93522,12.93821,0.00,0.00
2016.06.17 17:40:07.225,12.93522,12.9382,0.00,0.00
2016.06.17 17:40:07.857,12.93522,12.93821,0.00,0.00
2016.06.17 17:40:08.862,12.93579,12.93821,0.00,0.00
2016.06.17 17:40:08.963,12.936,12.9387,0.00,0.00
2016.06.17 17:40:09.072,12.9362,12.9392,0.00,0.00
2016.06.17 17:40:09.172,12.93629,12.93921,0.00,0.00
2016.06.17 17:40:09.274,12.93619,12.93921,0.00,0.00
2016.06.17 17:40:09.799,12.93621,12.93921,0.00,0.00
2016.06.17 17:40:10.564,12.93629,12.93921,0.00,0.00
2016.06.17 17:40:11.899,12.93519,12.93821,0.00,0.00
2016.06.17 17:40:11.950,12.93519,12.93792,0.00,0.00
2016.06.17 17:40:12.152,12.93422,12.9372,0.00,0.00
2016.06.17 17:40:12.669,12.93422,12.93671,0.00,0.00
2016.06.17 17:40:12.783,12.93422,12.93721,0.00,0.00
2016.06.17 17:40:13.779,12.93422,12.9372,0.00,0.00
2016.06.17 17:40:14.488,12.93422,12.93721,0.00,0.00
2016.06.17 17:40:14.572,12.93422,12.9367,0.00,0.00
2016.06.17 17:40:14.623,12.9339,12.9367,0.00,0.00
2016.06.17 17:40:14.734,12.93299,12.93621,0.00,0.00
2016.06.17 17:40:15.311,12.93321,12.93621,0.00,0.00
2016.06.17 17:40:15.414,12.934,12.9372,0.00,0.00
2016.06.17 17:40:15.515,12.93429,12.93721,0.00,0.00
2016.06.17 17:40:16.246,12.93479,12.93721,0.00,0.00
2016.06.17 17:40:16.790,12.93421,12.93721,0.00,0.00
2016.06.17 17:40:17.479,12.93421,12.9372,0.00,0.00
2016.06.17 17:40:18.179,12.93431,12.9372,0.00,0.00
2016.06.17 17:40:18.330,12.93499,12.93821,0.00,0.00
2016.06.17 17:40:18.915,12.93521,12.9382,0.00,0.00
2016.06.17 17:40:19.757,12.93521,12.93821,0.00,0.00
2016.06.17 17:40:20.786,12.93521,12.9382,0.00,0.00
2016.06.17 17:40:21.334,12.93521,12.93821,0.00,0.00
2016.06.17 17:40:21.713,12.93599,12.93921,0.00,0.00
2016.06.17 17:40:21.915,12.93589,12.93871,0.00,0.00
2016.06.17 17:40:22.016,12.93549,12.93921,0.00,0.00
2016.06.17 17:40:22.066,12.93549,12.93881,0.00,0.00
2016.06.17 17:40:22.117,12.93509,12.93881,0.00,0.00
2016.06.17 17:40:22.218,12.93579,12.93932,0.00,0.00
2016.06.17 17:40:22.520,12.93622,12.93921,0.00,0.00
2016.06.17 17:40:23.138,12.93622,12.9392,0.00,0.00
2016.06.17 17:40:23.675,12.93622,12.93921,0.00,0.00
2016.06.17 17:40:23.827,12.93589,12.93932,0.00,0.00
2016.06.17 17:40:24.437,12.9359,12.93932,0.00,0.00
2016.06.17 17:40:24.700,12.9353,12.93932,0.00,0.00
2016.06.17 17:40:25.081,12.93529,12.93972,0.00,0.00
2016.06.17 17:40:25.132,12.93621,12.93921,0.00,0.00
2016.06.17 17:40:25.922,12.93599,12.93921,0.00,0.00
2016.06.17 17:40:26.023,12.9359,12.9387,0.00,0.00
2016.06.17 17:40:26.815,12.93519,12.93871,0.00,0.00
2016.06.17 17:40:26.952,12.93529,12.93871,0.00,0.00
2016.06.17 17:40:27.255,12.93621,12.9392,0.00,0.00
2016.06.17 17:40:27.587,12.93621,12.93821,0.00,0.00
2016.06.17 17:40:27.724,12.93522,12.9382,0.00,0.00
2016.06.17 17:40:28.421,12.93522,12.93821,0.00,0.00
2016.06.17 17:40:29.246,12.93522,12.9382,0.00,0.00
2016.06.17 17:40:29.926,12.93522,12.93821,0.00,0.00
2016.06.17 17:40:30.636,12.93522,12.9382,0.00,0.00
2016.06.17 17:40:31.211,12.93522,12.93821,0.00,0.00
2016.06.17 17:40:31.961,12.93522,12.9382,0.00,0.00
2016.06.17 17:40:34.744,12.93599,12.93871,0.00,0.00
2016.06.17 17:40:34.845,12.936,12.9392,0.00,0.00
2016.06.17 17:40:35.377,12.93599,12.93921,0.00,0.00
2016.06.17 17:40:35.479,12.93622,12.9392,0.00,0.00
2016.06.17 17:40:35.812,12.93622,12.9387,0.00,0.00
2016.06.17 17:40:36.114,12.93622,12.9382,0.00,0.00
2016.06.17 17:40:36.418,12.93622,12.93921,0.00,0.00
2016.06.17 17:40:36.469,12.93599,12.93921,0.00,0.00
2016.06.17 17:40:36.833,12.93622,12.93921,0.00,0.00
2016.06.17 17:40:37.235,12.93599,12.93871,0.00,0.00
2016.06.17 17:40:37.337,12.936,12.9392,0.00,0.00
2016.06.17 17:40:38.417,12.93599,12.93921,0.00,0.00
2016.06.17 17:40:39.185,12.9359,12.9387,0.00,0.00
2016.06.17 17:40:39.286,12.9351,12.9382,0.00,0.00
2016.06.17 17:40:39.762,12.93499,12.93821,0.00,0.00
2016.06.17 17:40:40.788,12.935,12.9382,0.00,0.00
2016.06.17 17:40:41.322,12.93499,12.93821,0.00,0.00
2016.06.17 17:40:42.919,12.9352,12.9382,0.00,0.00
2016.06.17 17:40:43.255,12.9358,12.9382,0.00,0.00
2016.06.17 17:40:43.406,12.9351,12.9382,0.00,0.00
2016.06.17 17:40:43.957,12.93499,12.93821,0.00,0.00
2016.06.17 17:40:45.198,12.935,12.9382,0.00,0.00
2016.06.17 17:40:46.164,12.93499,12.93821,0.00,0.00
2016.06.17 17:40:46.745,12.935,12.9382,0.00,0.00
2016.06.17 17:40:47.666,12.93499,12.93821,0.00,0.00
2016.06.17 17:40:48.094,12.935,12.93782,0.00,0.00
2016.06.17 17:40:48.207,12.934,12.9372,0.00,0.00
2016.06.17 17:40:49.508,12.93399,12.93721,0.00,0.00
2016.06.17 17:40:50.021,12.934,12.9372,0.00,0.00
2016.06.17 17:40:50.674,12.93399,12.93721,0.00,0.00
2016.06.17 17:40:50.972,12.93349,12.93671,0.00,0.00
2016.06.17 17:40:51.334,12.933,12.9362,0.00,0.00
2016.06.17 17:40:52.413,12.93299,12.93621,0.00,0.00
2016.06.17 17:40:52.963,12.933,12.9362,0.00,0.00
2016.06.17 17:40:53.485,12.93299,12.93621,0.00,0.00
2016.06.17 17:40:54.010,12.93299,12.9362,0.00,0.00
2016.06.17 17:40:54.784,12.93299,12.93621,0.00,0.00
2016.06.17 17:40:55.899,12.93269,12.93521,0.00,0.00
2016.06.17 17:40:56.018,12.93269,12.93571,0.00,0.00
2016.06.17 17:40:56.389,12.9322,12.9357,0.00,0.00
2016.06.17 17:40:56.890,12.93219,12.93571,0.00,0.00
2016.06.17 17:40:57.806,12.93209,12.93571,0.00,0.00
2016.06.17 17:41:01.327,12.932,12.9352,0.00,0.00
2016.06.17 17:41:01.744,12.933,12.9357,0.00,0.00
2016.06.17 17:41:01.847,12.93299,12.93621,0.00,0.00
2016.06.17 17:41:02.457,12.93211,12.9352,0.00,0.00
2016.06.17 17:41:02.658,12.93209,12.93521,0.00,0.00
2016.06.17 17:41:03.655,12.9321,12.9357,0.00,0.00
2016.06.17 17:41:03.833,12.93299,12.93621,0.00,0.00
2016.06.17 17:41:04.291,12.93399,12.9362,0.00,0.00
2016.06.17 17:41:04.577,12.93399,12.93721,0.00,0.00
2016.06.17 17:41:04.651,12.93408,12.93721,0.00,0.00
2016.06.17 17:41:05.134,12.93399,12.93721,0.00,0.00
2016.06.17 17:41:05.703,12.934,12.9372,0.00,0.00
2016.06.17 17:41:05.854,12.9335,12.9367,0.00,0.00
2016.06.17 17:41:06.226,12.93299,12.93621,0.00,0.00
2016.06.17 17:41:07.256,12.93299,12.93571,0.00,0.00
2016.06.17 17:41:07.357,12.93249,12.93571,0.00,0.00
2016.06.17 17:41:07.412,12.932,12.9352,0.00,0.00
2016.06.17 17:41:07.918,12.93199,12.93521,0.00,0.00
2016.06.17 17:41:08.611,12.932,12.9352,0.00,0.00
2016.06.17 17:41:08.959,12.93299,12.93621,0.00,0.00
2016.06.17 17:41:09.060,12.93309,12.93621,0.00,0.00
2016.06.17 17:41:09.868,12.93299,12.93621,0.00,0.00
2016.06.17 17:41:11.184,12.933,12.9362,0.00,0.00
2016.06.17 17:41:11.723,12.93299,12.93621,0.00,0.00
2016.06.17 17:41:12.963,12.933,12.9357,0.00,0.00
2016.06.17 17:41:13.164,12.93269,12.93571,0.00,0.00
2016.06.17 17:41:13.722,12.9327,12.9357,0.00,0.00
2016.06.17 17:41:14.028,12.93239,12.93571,0.00,0.00
2016.06.17 17:41:14.228,12.9327,12.9357,0.00,0.00
2016.06.17 17:41:15.831,12.93269,12.93571,0.00,0.00
2016.06.17 17:41:17.042,12.933,12.9362,0.00,0.00
2016.06.17 17:41:17.651,12.93299,12.93621,0.00,0.00
2016.06.17 17:41:18.311,12.933,12.9362,0.00,0.00
2016.06.17 17:41:18.837,12.93299,12.93621,0.00,0.00
2016.06.17 17:41:21.873,12.93199,12.93521,0.00,0.00
2016.06.17 17:41:22.477,12.932,12.9352,0.00,0.00
2016.06.17 17:41:23.275,12.93199,12.93521,0.00,0.00
2016.06.17 17:41:24.092,12.932,12.9352,0.00,0.00
2016.06.17 17:41:25.200,12.93199,12.93521,0.00,0.00
2016.06.17 17:41:25.702,12.932,12.9352,0.00,0.00
2016.06.17 17:41:26.363,12.93199,12.93521,0.00,0.00
2016.06.17 17:41:26.833,12.93209,12.93521,0.00,0.00
2016.06.17 17:41:27.428,12.9322,12.9357,0.00,0.00
2016.06.17 17:41:27.786,12.93209,12.93571,0.00,0.00
2016.06.17 17:41:29.468,12.9321,12.9357,0.00,0.00
2016.06.17 17:41:29.579,12.933,12.9362,0.00,0.00
2016.06.17 17:41:30.091,12.9324,12.9357,0.00,0.00
2016.06.17 17:41:30.715,12.93239,12.93571,0.00,0.00
2016.06.17 17:41:30.766,12.9324,12.9352,0.00,0.00
2016.06.17 17:41:31.060,12.93199,12.93521,0.00,0.00
2016.06.17 17:41:31.111,12.9321,12.9357,0.00,0.00
2016.06.17 17:41:31.616,12.93209,12.93571,0.00,0.00
2016.06.17 17:41:32.117,12.9321,12.9357,0.00,0.00
2016.06.17 17:41:32.382,12.932,12.9352,0.00,0.00
2016.06.17 17:41:32.951,12.93199,12.93521,0.00,0.00
2016.06.17 17:41:33.282,12.93209,12.93571,0.00,0.00
2016.06.17 17:41:34.083,12.93199,12.93521,0.00,0.00
2016.06.17 17:41:35.287,12.932,12.9352,0.00,0.00
2016.06.17 17:41:35.897,12.93199,12.93521,0.00,0.00
2016.06.17 17:41:36.558,12.932,12.9352,0.00,0.00
2016.06.17 17:41:37.358,12.93199,12.93521,0.00,0.00
2016.06.17 17:41:37.880,12.932,12.9352,0.00,0.00
2016.06.17 17:41:39.597,12.93199,12.93521,0.00,0.00
2016.06.17 17:41:39.933,12.93209,12.93521,0.00,0.00
2016.06.17 17:41:40.212,12.93199,12.93521,0.00,0.00
2016.06.17 17:41:40.869,12.932,12.9352,0.00,0.00
2016.06.17 17:41:41.659,12.93199,12.93521,0.00,0.00
2016.06.17 17:41:41.760,12.932,12.93518,0.00,0.00
2016.06.17 17:41:41.962,12.93099,12.93421,0.00,0.00
2016.06.17 17:41:42.928,12.931,12.9342,0.00,0.00
2016.06.17 17:41:43.470,12.93099,12.93421,0.00,0.00
2016.06.17 17:41:44.479,12.931,12.9342,0.00,0.00
2016.06.17 17:41:45.197,12.93099,12.93421,0.00,0.00
2016.06.17 17:41:46.203,12.931,12.9342,0.00,0.00
2016.06.17 17:41:46.750,12.93079,12.93321,0.00,0.00
2016.06.17 17:41:46.800,12.93099,12.93421,0.00,0.00
2016.06.17 17:41:47.103,12.931,12.9337,0.00,0.00
2016.06.17 17:41:47.204,12.931,12.9342,0.00,0.00
2016.06.17 17:41:47.305,12.93049,12.93371,0.00,0.00
2016.06.17 17:41:47.406,12.93099,12.93371,0.00,0.00
2016.06.17 17:41:47.608,12.93049,12.93371,0.00,0.00
2016.06.17 17:41:48.153,12.931,12.9342,0.00,0.00
2016.06.17 17:41:48.933,12.93099,12.93421,0.00,0.00
2016.06.17 17:41:49.336,12.93099,12.93371,0.00,0.00
2016.06.17 17:41:49.437,12.93099,12.93421,0.00,0.00
2016.06.17 17:41:50.141,12.9302,12.9342,0.00,0.00
2016.06.17 17:41:50.242,12.93049,12.93371,0.00,0.00
2016.06.17 17:41:50.849,12.93099,12.93421,0.00,0.00
2016.06.17 17:41:51.353,12.93099,12.93371,0.00,0.00
2016.06.17 17:41:51.718,12.9305,12.9337,0.00,0.00
2016.06.17 17:41:52.368,12.93049,12.93371,0.00,0.00
2016.06.17 17:41:52.519,12.93099,12.93421,0.00,0.00
2016.06.17 17:41:53.825,12.931,12.9342,0.00,0.00
2016.06.17 17:41:54.307,12.93099,12.93382,0.00,0.00
2016.06.17 17:41:54.357,12.93012,12.9332,0.00,0.00
2016.06.17 17:41:54.539,12.92999,12.93321,0.00,0.00
2016.06.17 17:41:58.352,12.93,12.9332,0.00,0.00
2016.06.17 17:41:58.911,12.92999,12.93321,0.00,0.00
2016.06.17 17:41:59.586,12.93,12.9332,0.00,0.00
2016.06.17 17:42:00.159,12.92999,12.93321,0.00,0.00
2016.06.17 17:42:00.800,12.93,12.9332,0.00,0.00
2016.06.17 17:42:01.685,12.92999,12.93321,0.00,0.00
2016.06.17 17:42:01.736,12.93009,12.93321,0.00,0.00
2016.06.17 17:42:01.887,12.93099,12.93421,0.00,0.00
2016.06.17 17:42:02.156,12.931,12.9337,0.00,0.00
2016.06.17 17:42:02.257,12.93099,12.93421,0.00,0.00
2016.06.17 17:42:03.577,12.93099,12.93371,0.00,0.00
2016.06.17 17:42:03.678,12.93099,12.93421,0.00,0.00
2016.06.17 17:42:04.508,12.931,12.9342,0.00,0.00
2016.06.17 17:42:05.588,12.93099,12.93421,0.00,0.00
2016.06.17 17:42:06.160,12.931,12.9342,0.00,0.00
2016.06.17 17:42:06.413,12.93199,12.93521,0.00,0.00
2016.06.17 17:42:08.188,12.932,12.9352,0.00,0.00
2016.06.17 17:42:09.369,12.93199,12.93521,0.00,0.00
2016.06.17 17:42:10.221,12.932,12.9352,0.00,0.00
2016.06.17 17:42:10.929,12.93199,12.93521,0.00,0.00
2016.06.17 17:42:11.486,12.932,12.9352,0.00,0.00
2016.06.17 17:42:12.075,12.93199,12.93521,0.00,0.00
2016.06.17 17:42:12.682,12.932,12.9352,0.00,0.00
2016.06.17 17:42:14.284,12.93199,12.93521,0.00,0.00
2016.06.17 17:42:14.987,12.932,12.9352,0.00,0.00
2016.06.17 17:42:15.525,12.93199,12.93521,0.00,0.00
2016.06.17 17:42:16.744,12.932,12.9352,0.00,0.00
2016.06.17 17:42:18.419,12.93199,12.93521,0.00,0.00
2016.06.17 17:42:19.204,12.932,12.9352,0.00,0.00
2016.06.17 17:42:20.710,12.93199,12.93521,0.00,0.00
2016.06.17 17:42:21.212,12.932,12.9352,0.00,0.00
2016.06.17 17:42:21.362,12.93202,12.9352,0.00,0.00
2016.06.17 17:42:22.033,12.93202,12.93521,0.00,0.00
2016.06.17 17:42:23.217,12.93202,12.9352,0.00,0.00
2016.06.17 17:42:25.725,12.93202,12.93521,0.00,0.00
2016.06.17 17:42:26.244,12.93202,12.9352,0.00,0.00
2016.06.17 17:42:26.898,12.93202,12.93521,0.00,0.00
2016.06.17 17:42:28.834,12.93202,12.9352,0.00,0.00
2016.06.17 17:42:29.541,12.93202,12.93521,0.00,0.00
2016.06.17 17:42:30.656,12.93202,12.9352,0.00,0.00
2016.06.17 17:42:32.460,12.93202,12.93521,0.00,0.00
2016.06.17 17:42:32.782,12.9321,12.9352,0.00,0.00
2016.06.17 17:42:33.354,12.93209,12.93521,0.00,0.00
2016.06.17 17:42:34.068,12.93199,12.93471,0.00,0.00
2016.06.17 17:42:34.270,12.93109,12.93421,0.00,0.00
2016.06.17 17:42:35.049,12.93101,12.93421,0.00,0.00
2016.06.17 17:42:35.249,12.93109,12.93421,0.00,0.00
2016.06.17 17:42:35.562,12.9317,12.9342,0.00,0.00
2016.06.17 17:42:35.951,12.93129,12.93421,0.00,0.00
2016.06.17 17:42:36.452,12.93101,12.9342,0.00,0.00
2016.06.17 17:42:36.564,12.93119,12.93421,0.00,0.00
2016.06.17 17:42:36.904,12.93179,12.93471,0.00,0.00
2016.06.17 17:42:36.954,12.93169,12.93471,0.00,0.00
2016.06.17 17:42:39.808,12.9318,12.9342,0.00,0.00
2016.06.17 17:42:39.909,12.93119,12.93421,0.00,0.00
2016.06.17 17:42:40.060,12.93179,12.93471,0.00,0.00
2016.06.17 17:42:40.277,12.93199,12.93521,0.00,0.00
2016.06.17 17:42:40.456,12.93201,12.9352,0.00,0.00
2016.06.17 17:42:41.364,12.93201,12.93521,0.00,0.00
2016.06.17 17:42:42.118,12.93201,12.9352,0.00,0.00
2016.06.17 17:42:42.778,12.93201,12.93521,0.00,0.00
2016.06.17 17:42:43.389,12.93201,12.9352,0.00,0.00
2016.06.17 17:42:43.921,12.93201,12.93521,0.00,0.00
2016.06.17 17:42:44.264,12.93299,12.93571,0.00,0.00
2016.06.17 17:42:44.660,12.93301,12.93571,0.00,0.00
2016.06.17 17:42:45.192,12.93301,12.9357,0.00,0.00
2016.06.17 17:42:45.393,12.93202,12.9352,0.00,0.00
2016.06.17 17:42:45.911,12.93202,12.93521,0.00,0.00
2016.06.17 17:42:47.181,12.93202,12.9352,0.00,0.00
2016.06.17 17:42:49.087,12.93269,12.93521,0.00,0.00
2016.06.17 17:42:51.795,12.93202,12.9352,0.00,0.00
2016.06.17 17:42:52.357,12.93202,12.93521,0.00,0.00
2016.06.17 17:42:52.899,12.93202,12.9352,0.00,0.00
2016.06.17 17:42:54.732,12.93202,12.93521,0.00,0.00
2016.06.17 17:42:58.098,12.93202,12.9352,0.00,0.00
2016.06.17 17:42:59.429,12.93202,12.93521,0.00,0.00
2016.06.17 17:43:00.761,12.93202,12.9352,0.00,0.00
2016.06.17 17:43:02.037,12.93202,12.93521,0.00,0.00
2016.06.17 17:43:02.961,12.93202,12.9352,0.00,0.00
2016.06.17 17:43:03.562,12.93202,12.93521,0.00,0.00
2016.06.17 17:43:05.286,12.93202,12.9352,0.00,0.00
2016.06.17 17:43:06.597,12.932,12.9352,0.00,0.00
2016.06.17 17:43:06.648,12.9316,12.9347,0.00,0.00
2016.06.17 17:43:06.798,12.9313,12.93512,0.00,0.00
2016.06.17 17:43:06.848,12.9313,12.93502,0.00,0.00
2016.06.17 17:43:06.965,12.9313,12.93511,0.00,0.00
2016.06.17 17:43:07.634,12.9311,12.9342,0.00,0.00
2016.06.17 17:43:07.685,12.93102,12.93421,0.00,0.00
2016.06.17 17:43:08.217,12.93102,12.9342,0.00,0.00
2016.06.17 17:43:08.267,12.9318,12.9342,0.00,0.00
2016.06.17 17:43:09.666,12.93,12.9332,0.00,0.00
2016.06.17 17:43:09.885,12.93009,12.93321,0.00,0.00
2016.06.17 17:43:10.190,12.93002,12.93421,0.00,0.00
2016.06.17 17:43:10.292,12.93069,12.93421,0.00,0.00
2016.06.17 17:43:10.393,12.93002,12.9341,0.00,0.00
2016.06.17 17:43:10.444,12.93002,12.93402,0.00,0.00
2016.06.17 17:43:10.738,12.93002,12.9341,0.00,0.00
2016.06.17 17:43:10.789,12.93002,12.93421,0.00,0.00
2016.06.17 17:43:10.890,12.9302,12.9342,0.00,0.00
2016.06.17 17:43:11.541,12.93019,12.93421,0.00,0.00
2016.06.17 17:43:12.051,12.931,12.9342,0.00,0.00
2016.06.17 17:43:12.561,12.93101,12.93421,0.00,0.00
2016.06.17 17:43:13.274,12.93101,12.9342,0.00,0.00
2016.06.17 17:43:13.702,12.93019,12.93401,0.00,0.00
2016.06.17 17:43:13.918,12.93002,12.93401,0.00,0.00
2016.06.17 17:43:14.293,12.92999,12.93401,0.00,0.00
2016.06.17 17:43:14.394,12.931,12.9337,0.00,0.00
2016.06.17 17:43:14.495,12.93099,12.93421,0.00,0.00
2016.06.17 17:43:14.794,12.93201,12.93481,0.00,0.00
2016.06.17 17:43:14.844,12.93201,12.93492,0.00,0.00
2016.06.17 17:43:14.895,12.93219,12.93492,0.00,0.00
2016.06.17 17:43:14.945,12.93219,12.93521,0.00,0.00
2016.06.17 17:43:14.996,12.93219,12.93571,0.00,0.00
2016.06.17 17:43:15.468,12.93209,12.93571,0.00,0.00
2016.06.17 17:43:16.096,12.93229,12.93571,0.00,0.00
2016.06.17 17:43:16.694,12.9323,12.9357,0.00,0.00
2016.06.17 17:43:18.673,12.93229,12.93571,0.00,0.00
2016.06.17 17:43:18.977,12.93201,12.9352,0.00,0.00
2016.06.17 17:43:19.715,12.93201,12.93521,0.00,0.00
2016.06.17 17:43:20.995,12.93201,12.9352,0.00,0.00
2016.06.17 17:43:21.654,12.93201,12.93521,0.00,0.00
2016.06.17 17:43:24.384,12.93201,12.9352,0.00,0.00
2016.06.17 17:43:24.641,12.93199,12.93521,0.00,0.00
2016.06.17 17:43:24.692,12.932,12.9347,0.00,0.00
2016.06.17 17:43:24.998,12.932,12.9352,0.00,0.00
2016.06.17 17:43:25.542,12.93201,12.9352,0.00,0.00
2016.06.17 17:43:26.231,12.93199,12.93471,0.00,0.00
2016.06.17 17:43:26.332,12.9317,12.9347,0.00,0.00
2016.06.17 17:43:26.992,12.93199,12.93521,0.00,0.00
2016.06.17 17:43:27.043,12.93201,12.93521,0.00,0.00
2016.06.17 17:43:27.576,12.93201,12.9352,0.00,0.00
2016.06.17 17:43:28.044,12.9316,12.9347,0.00,0.00
2016.06.17 17:43:28.195,12.932,12.9352,0.00,0.00
2016.06.17 17:43:28.493,12.9319,12.9347,0.00,0.00
2016.06.17 17:43:31.098,12.93189,12.93471,0.00,0.00
2016.06.17 17:43:31.299,12.93159,12.93471,0.00,0.00
2016.06.17 17:43:32.011,12.93202,12.9352,0.00,0.00
2016.06.17 17:43:32.212,12.933,12.93612,0.00,0.00
2016.06.17 17:43:32.701,12.93329,12.93621,0.00,0.00
2016.06.17 17:43:33.202,12.93309,12.93621,0.00,0.00
2016.06.17 17:43:33.783,12.9331,12.9362,0.00,0.00
2016.06.17 17:43:33.834,12.93302,12.93621,0.00,0.00
2016.06.17 17:43:34.915,12.93302,12.9362,0.00,0.00
2016.06.17 17:43:35.336,12.93339,12.93621,0.00,0.00
2016.06.17 17:43:36.407,12.93369,12.93621,0.00,0.00
2016.06.17 17:43:37.353,12.93319,12.93621,0.00,0.00
2016.06.17 17:43:38.412,12.93302,12.9362,0.00,0.00
2016.06.17 17:43:39.214,12.93302,12.93621,0.00,0.00
2016.06.17 17:43:39.861,12.93302,12.9362,0.00,0.00
2016.06.17 17:43:40.324,12.93309,12.93621,0.00,0.00
2016.06.17 17:43:41.562,12.93302,12.93621,0.00,0.00
2016.06.17 17:43:43.629,12.93302,12.9362,0.00,0.00
2016.06.17 17:43:44.731,12.93302,12.93621,0.00,0.00
2016.06.17 17:43:45.533,12.93302,12.9362,0.00,0.00
2016.06.17 17:43:49.341,12.93302,12.93621,0.00,0.00
2016.06.17 17:43:51.139,12.93401,12.93621,0.00,0.00
2016.06.17 17:43:51.190,12.93401,12.93721,0.00,0.00
2016.06.17 17:43:51.935,12.93401,12.9372,0.00,0.00
2016.06.17 17:43:52.595,12.93401,12.93721,0.00,0.00
2016.06.17 17:43:52.897,12.93409,12.93721,0.00,0.00
2016.06.17 17:43:53.549,12.9341,12.9372,0.00,0.00
2016.06.17 17:43:53.750,12.93401,12.93721,0.00,0.00
2016.06.17 17:43:54.350,12.93401,12.9372,0.00,0.00
2016.06.17 17:43:55.052,12.93409,12.93721,0.00,0.00
2016.06.17 17:43:55.865,12.93419,12.93721,0.00,0.00
2016.06.17 17:43:55.915,12.93401,12.93721,0.00,0.00
2016.06.17 17:43:56.655,12.93401,12.9372,0.00,0.00
2016.06.17 17:43:57.482,12.93401,12.93721,0.00,0.00
2016.06.17 17:43:58.560,12.93401,12.9372,0.00,0.00
2016.06.17 17:43:59.228,12.93401,12.93721,0.00,0.00
2016.06.17 17:44:00.703,12.93401,12.9372,0.00,0.00
2016.06.17 17:44:00.864,12.93479,12.93721,0.00,0.00
2016.06.17 17:44:01.067,12.93499,12.93771,0.00,0.00
2016.06.17 17:44:01.169,12.935,12.9382,0.00,0.00
2016.06.17 17:44:01.813,12.93439,12.93721,0.00,0.00
2016.06.17 17:44:02.165,12.93401,12.9372,0.00,0.00
2016.06.17 17:44:02.267,12.9341,12.9372,0.00,0.00
2016.06.17 17:44:02.568,12.93429,12.93721,0.00,0.00
2016.06.17 17:44:03.069,12.93409,12.93721,0.00,0.00
2016.06.17 17:44:03.584,12.935,12.9377,0.00,0.00
2016.06.17 17:44:03.998,12.935,12.9382,0.00,0.00
2016.06.17 17:44:04.686,12.93501,12.93821,0.00,0.00
2016.06.17 17:44:05.347,12.93501,12.9382,0.00,0.00
2016.06.17 17:44:06.075,12.93501,12.93821,0.00,0.00
2016.06.17 17:44:06.468,12.9352,12.9382,0.00,0.00
2016.06.17 17:44:07.123,12.93519,12.93821,0.00,0.00
2016.06.17 17:44:07.503,12.93501,12.9382,0.00,0.00
2016.06.17 17:44:08.090,12.93501,12.93821,0.00,0.00
2016.06.17 17:44:08.634,12.93501,12.9382,0.00,0.00
2016.06.17 17:44:09.891,12.93501,12.93821,0.00,0.00
2016.06.17 17:44:13.098,12.93501,12.9382,0.00,0.00
2016.06.17 17:44:13.434,12.93399,12.93721,0.00,0.00
2016.06.17 17:44:13.644,12.93479,12.93721,0.00,0.00
2016.06.17 17:44:13.745,12.93469,12.93721,0.00,0.00
2016.06.17 17:44:13.800,12.934,12.9372,0.00,0.00
2016.06.17 17:44:14.472,12.93401,12.9372,0.00,0.00
2016.06.17 17:44:14.522,12.93401,12.9367,0.00,0.00
2016.06.17 17:44:14.857,12.9339,12.9367,0.00,0.00
2016.06.17 17:44:15.467,12.93389,12.93671,0.00,0.00
2016.06.17 17:44:16.449,12.9339,12.9367,0.00,0.00
2016.06.17 17:44:17.608,12.93349,12.93671,0.00,0.00
2016.06.17 17:44:19.715,12.934,12.9372,0.00,0.00
2016.06.17 17:44:20.050,12.93402,12.9372,0.00,0.00
2016.06.17 17:44:20.570,12.93402,12.93721,0.00,0.00
2016.06.17 17:44:21.310,12.93402,12.9372,0.00,0.00
2016.06.17 17:44:21.916,12.93402,12.93721,0.00,0.00
2016.06.17 17:44:22.419,12.93402,12.9372,0.00,0.00
2016.06.17 17:44:23.001,12.93402,12.93721,0.00,0.00
2016.06.17 17:44:23.660,12.93402,12.9372,0.00,0.00
2016.06.17 17:44:25.317,12.93402,12.93721,0.00,0.00
2016.06.17 17:44:26.676,12.93402,12.9372,0.00,0.00
2016.06.17 17:44:27.669,12.93402,12.93721,0.00,0.00
2016.06.17 17:44:29.739,12.93402,12.9372,0.00,0.00
2016.06.17 17:44:31.544,12.93402,12.93721,0.00,0.00
2016.06.17 17:44:32.287,12.93402,12.9372,0.00,0.00
2016.06.17 17:44:32.816,12.93402,12.93721,0.00,0.00
2016.06.17 17:44:33.624,12.93402,12.9372,0.00,0.00
2016.06.17 17:44:34.191,12.93402,12.93721,0.00,0.00
2016.06.17 17:44:34.716,12.93402,12.9372,0.00,0.00
2016.06.17 17:44:35.394,12.93402,12.93721,0.00,0.00
2016.06.17 17:44:38.396,12.93402,12.9372,0.00,0.00
2016.06.17 17:44:38.970,12.93402,12.93721,0.00,0.00
2016.06.17 17:44:39.412,12.93399,12.93721,0.00,0.00
2016.06.17 17:44:39.462,12.93499,12.93821,0.00,0.00
2016.06.17 17:44:40.023,12.93502,12.93821,0.00,0.00
2016.06.17 17:44:42.101,12.93502,12.9382,0.00,0.00
2016.06.17 17:44:43.014,12.93502,12.93821,0.00,0.00
2016.06.17 17:44:44.207,12.93502,12.9382,0.00,0.00
2016.06.17 17:44:44.708,12.93502,12.93821,0.00,0.00
2016.06.17 17:44:45.218,12.93502,12.9382,0.00,0.00
2016.06.17 17:44:46.417,12.93502,12.93821,0.00,0.00
2016.06.17 17:44:46.995,12.93502,12.9382,0.00,0.00
2016.06.17 17:44:47.618,12.93502,12.93821,0.00,0.00
2016.06.17 17:44:49.200,12.93399,12.93721,0.00,0.00
2016.06.17 17:44:49.533,12.93401,12.93721,0.00,0.00
2016.06.17 17:44:50.203,12.93401,12.9372,0.00,0.00
2016.06.17 17:44:50.817,12.93401,12.93721,0.00,0.00
2016.06.17 17:44:51.369,12.93401,12.9372,0.00,0.00
2016.06.17 17:44:51.706,12.9341,12.9372,0.00,0.00
2016.06.17 17:44:52.271,12.93409,12.93721,0.00,0.00
2016.06.17 17:44:52.321,12.93401,12.9372,0.00,0.00
2016.06.17 17:44:53.111,12.93401,12.93721,0.00,0.00
2016.06.17 17:44:56.320,12.93401,12.9372,0.00,0.00
2016.06.17 17:44:56.821,12.93401,12.93721,0.00,0.00
2016.06.17 17:44:57.356,12.93401,12.9372,0.00,0.00
2016.06.17 17:44:57.869,12.93401,12.93721,0.00,0.00
2016.06.17 17:44:57.970,12.93369,12.93671,0.00,0.00
2016.06.17 17:44:58.476,12.9337,12.9367,0.00,0.00
2016.06.17 17:44:59.159,12.93369,12.93671,0.00,0.00
2016.06.17 17:45:01.668,12.93401,12.93721,0.00,0.00
2016.06.17 17:45:02.307,12.93499,12.93771,0.00,0.00
2016.06.17 17:45:02.358,12.93499,12.93821,0.00,0.00
2016.06.17 17:45:02.911,12.93501,12.93821,0.00,0.00
2016.06.17 17:45:03.543,12.9351,12.9382,0.00,0.00
2016.06.17 17:45:04.099,12.93509,12.93821,0.00,0.00
2016.06.17 17:45:04.201,12.936,12.9392,0.00,0.00
2016.06.17 17:45:04.914,12.93602,12.9392,0.00,0.00
2016.06.17 17:45:06.671,12.93602,12.93921,0.00,0.00
2016.06.17 17:45:07.225,12.93599,12.93881,0.00,0.00
2016.06.17 17:45:07.275,12.93489,12.93821,0.00,0.00
2016.06.17 17:45:07.376,12.93439,12.93771,0.00,0.00
2016.06.17 17:45:07.679,12.93401,12.93721,0.00,0.00
2016.06.17 17:45:08.183,12.93401,12.9372,0.00,0.00
2016.06.17 17:45:08.234,12.93302,12.93702,0.00,0.00
2016.06.17 17:45:08.726,12.93302,12.93721,0.00,0.00
2016.06.17 17:45:08.840,12.93302,12.93712,0.00,0.00
2016.06.17 17:45:09.314,12.93302,12.93721,0.00,0.00
2016.06.17 17:45:09.833,12.93302,12.93711,0.00,0.00
2016.06.17 17:45:10.435,12.93302,12.93702,0.00,0.00
2016.06.17 17:45:11.232,12.93302,12.9371,0.00,0.00
2016.06.17 17:45:11.333,12.93302,12.9372,0.00,0.00
2016.06.17 17:45:12.091,12.93302,12.93721,0.00,0.00
2016.06.17 17:45:12.782,12.934,12.9372,0.00,0.00
2016.06.17 17:45:13.086,12.93402,12.9372,0.00,0.00
2016.06.17 17:45:13.917,12.93469,12.93721,0.00,0.00
2016.06.17 17:45:14.018,12.93402,12.9372,0.00,0.00
2016.06.17 17:45:14.886,12.93402,12.93721,0.00,0.00
2016.06.17 17:45:16.245,12.93399,12.93721,0.00,0.00
2016.06.17 17:45:16.495,12.93399,12.93771,0.00,0.00
2016.06.17 17:45:16.844,12.93399,12.93761,0.00,0.00
2016.06.17 17:45:19.804,12.93369,12.93761,0.00,0.00
2016.06.17 17:45:19.855,12.93369,12.93771,0.00,0.00
2016.06.17 17:45:21.006,12.9334,12.9377,0.00,0.00
2016.06.17 17:45:21.808,12.93339,12.93771,0.00,0.00
2016.06.17 17:45:23.264,12.93299,12.93621,0.00,0.00
2016.06.17 17:45:23.613,12.93299,12.93571,0.00,0.00
2016.06.17 17:45:23.714,12.93238,12.93621,0.00,0.00
2016.06.17 17:45:23.764,12.93229,12.93589,0.00,0.00
2016.06.17 17:45:24.066,12.93229,12.93521,0.00,0.00
2016.06.17 17:45:24.314,12.932,12.9352,0.00,0.00
2016.06.17 17:45:27.441,12.93199,12.93521,0.00,0.00
2016.06.17 17:45:28.249,12.932,12.9352,0.00,0.00
2016.06.17 17:45:29.745,12.93199,12.93521,0.00,0.00
2016.06.17 17:45:32.203,12.93209,12.93521,0.00,0.00
2016.06.17 17:45:32.541,12.932,12.9352,0.00,0.00
2016.06.17 17:45:32.743,12.93209,12.93521,0.00,0.00
2016.06.17 17:45:33.249,12.933,12.9362,0.00,0.00
2016.06.17 17:45:33.350,12.9327,12.9357,0.00,0.00
2016.06.17 17:45:33.455,12.932,12.9352,0.00,0.00
2016.06.17 17:45:33.556,12.93219,12.93521,0.00,0.00
2016.06.17 17:45:33.657,12.93219,12.93571,0.00,0.00
2016.06.17 17:45:33.758,12.93229,12.93571,0.00,0.00
2016.06.17 17:45:34.060,12.933,12.9362,0.00,0.00
2016.06.17 17:45:34.458,12.933,12.9357,0.00,0.00
2016.06.17 17:45:35.458,12.9321,12.9352,0.00,0.00
2016.06.17 17:45:35.960,12.932,12.9352,0.00,0.00
2016.06.17 17:45:36.502,12.93199,12.93521,0.00,0.00
2016.06.17 17:45:38.165,12.93279,12.93521,0.00,0.00
2016.06.17 17:45:38.266,12.9327,12.9352,0.00,0.00
2016.06.17 17:45:38.367,12.93229,12.93521,0.00,0.00
2016.06.17 17:45:38.767,12.9321,12.9352,0.00,0.00
2016.06.17 17:45:38.994,12.932,12.9347,0.00,0.00
2016.06.17 17:45:39.096,12.9313,12.9347,0.00,0.00
2016.06.17 17:45:39.481,12.932,12.9347,0.00,0.00
2016.06.17 17:45:39.720,12.93199,12.93521,0.00,0.00
2016.06.17 17:45:40.263,12.932,12.9352,0.00,0.00
2016.06.17 17:45:40.765,12.93199,12.93521,0.00,0.00
2016.06.17 17:45:41.735,12.932,12.9352,0.00,0.00
2016.06.17 17:45:42.576,12.93199,12.93521,0.00,0.00
2016.06.17 17:45:43.171,12.932,12.9352,0.00,0.00
2016.06.17 17:45:44.632,12.93199,12.93521,0.00,0.00
2016.06.17 17:45:45.164,12.932,12.9352,0.00,0.00
2016.06.17 17:45:46.578,12.93199,12.93521,0.00,0.00
2016.06.17 17:45:48.325,12.932,12.9352,0.00,0.00
2016.06.17 17:45:49.062,12.93199,12.93521,0.00,0.00
2016.06.17 17:45:49.984,12.932,12.9352,0.00,0.00
2016.06.17 17:45:50.386,12.9323,12.9352,0.00,0.00
2016.06.17 17:45:50.993,12.93229,12.93521,0.00,0.00
2016.06.17 17:45:52.589,12.9327,12.93619,0.00,0.00
2016.06.17 17:45:52.690,12.93269,12.93571,0.00,0.00
2016.06.17 17:45:53.170,12.9321,12.9352,0.00,0.00
2016.06.17 17:45:53.967,12.93209,12.93521,0.00,0.00
2016.06.17 17:45:54.018,12.93229,12.93521,0.00,0.00
2016.06.17 17:45:54.327,12.932,12.9352,0.00,0.00
2016.06.17 17:45:54.527,12.9315,12.9347,0.00,0.00
2016.06.17 17:45:54.694,12.93099,12.93421,0.00,0.00
2016.06.17 17:45:55.222,12.931,12.9342,0.00,0.00
2016.06.17 17:45:56.899,12.93099,12.93421,0.00,0.00
2016.06.17 17:45:57.631,12.931,12.9342,0.00,0.00
2016.06.17 17:45:58.386,12.93099,12.93421,0.00,0.00
2016.06.17 17:45:59.045,12.931,12.9342,0.00,0.00
2016.06.17 17:45:59.634,12.93099,12.93421,0.00,0.00
2016.06.17 17:45:59.912,12.93189,12.93481,0.00,0.00
2016.06.17 17:45:59.963,12.93189,12.93502,0.00,0.00
2016.06.17 17:46:00.014,12.932,12.93502,0.00,0.00
2016.06.17 17:46:00.688,12.932,12.9352,0.00,0.00
2016.06.17 17:46:00.907,12.932,12.9347,0.00,0.00
2016.06.17 17:46:01.008,12.932,12.9352,0.00,0.00
2016.06.17 17:46:01.567,12.93199,12.93521,0.00,0.00
2016.06.17 17:46:01.719,12.93109,12.93421,0.00,0.00
2016.06.17 17:46:02.603,12.9311,12.9342,0.00,0.00
2016.06.17 17:46:03.513,12.93109,12.93421,0.00,0.00
2016.06.17 17:46:03.614,12.931,12.9342,0.00,0.00
2016.06.17 17:46:03.840,12.93108,12.9342,0.00,0.00
2016.06.17 17:46:04.260,12.93169,12.93421,0.00,0.00
2016.06.17 17:46:04.441,12.93109,12.93421,0.00,0.00
2016.06.17 17:46:05.007,12.9311,12.9342,0.00,0.00
2016.06.17 17:46:05.330,12.93099,12.93421,0.00,0.00
2016.06.17 17:46:07.320,12.931,12.9342,0.00,0.00
2016.06.17 17:46:07.920,12.93099,12.93421,0.00,0.00
2016.06.17 17:46:08.523,12.931,12.9342,0.00,0.00
2016.06.17 17:46:09.662,12.93109,12.93421,0.00,0.00
2016.06.17 17:46:10.004,12.93179,12.93471,0.00,0.00
2016.06.17 17:46:10.372,12.93199,12.93521,0.00,0.00
2016.06.17 17:46:11.378,12.932,12.9352,0.00,0.00
2016.06.17 17:46:11.929,12.93199,12.93521,0.00,0.00
2016.06.17 17:46:12.648,12.932,12.9352,0.00,0.00
2016.06.17 17:46:14.339,12.93199,12.93521,0.00,0.00
2016.06.17 17:46:15.236,12.932,12.9352,0.00,0.00
2016.06.17 17:46:15.941,12.93199,12.93521,0.00,0.00
2016.06.17 17:46:17.987,12.932,12.9352,0.00,0.00
2016.06.17 17:46:18.088,12.93199,12.93471,0.00,0.00
2016.06.17 17:46:18.151,12.93199,12.93521,0.00,0.00
2016.06.17 17:46:19.558,12.932,12.9352,0.00,0.00
2016.06.17 17:46:20.082,12.93189,12.93521,0.00,0.00
2016.06.17 17:46:20.400,12.93189,12.93471,0.00,0.00
2016.06.17 17:46:20.765,12.93139,12.93471,0.00,0.00
2016.06.17 17:46:21.268,12.9314,12.9347,0.00,0.00
2016.06.17 17:46:21.971,12.93139,12.93471,0.00,0.00
2016.06.17 17:46:24.180,12.93199,12.93521,0.00,0.00
2016.06.17 17:46:25.026,12.932,12.9352,0.00,0.00
2016.06.17 17:46:25.683,12.93199,12.93521,0.00,0.00
2016.06.17 17:46:26.090,12.93299,12.93602,0.00,0.00
2016.06.17 17:46:26.191,12.933,12.9362,0.00,0.00
2016.06.17 17:46:27.997,12.93299,12.93621,0.00,0.00
2016.06.17 17:46:29.850,12.9329,12.9357,0.00,0.00
2016.06.17 17:46:30.445,12.93289,12.93571,0.00,0.00
2016.06.17 17:46:30.603,12.93229,12.93521,0.00,0.00
2016.06.17 17:46:30.704,12.9329,12.9357,0.00,0.00
2016.06.17 17:46:30.905,12.9323,12.9357,0.00,0.00
2016.06.17 17:46:31.534,12.93229,12.93571,0.00,0.00
2016.06.17 17:46:32.150,12.9323,12.9357,0.00,0.00
2016.06.17 17:46:32.558,12.933,12.9362,0.00,0.00
2016.06.17 17:46:32.912,12.93299,12.93571,0.00,0.00
2016.06.17 17:46:33.013,12.93269,12.93571,0.00,0.00
2016.06.17 17:46:33.114,12.933,12.9362,0.00,0.00
2016.06.17 17:46:34.217,12.93299,12.93548,0.00,0.00
2016.06.17 17:46:34.267,12.93169,12.93421,0.00,0.00
2016.06.17 17:46:34.318,12.93129,12.93421,0.00,0.00
2016.06.17 17:46:34.866,12.9313,12.9342,0.00,0.00
2016.06.17 17:46:35.387,12.93129,12.93421,0.00,0.00
2016.06.17 17:46:35.719,12.932,12.9347,0.00,0.00
2016.06.17 17:46:35.838,12.93199,12.93521,0.00,0.00
2016.06.17 17:46:36.742,12.93299,12.93601,0.00,0.00
2016.06.17 17:46:36.793,12.93299,12.93621,0.00,0.00
2016.06.17 17:46:38.372,12.933,12.9362,0.00,0.00
2016.06.17 17:46:38.525,12.93309,12.93621,0.00,0.00
2016.06.17 17:46:38.827,12.93399,12.93721,0.00,0.00
2016.06.17 17:46:38.928,12.933,12.9362,0.00,0.00
2016.06.17 17:46:39.274,12.93269,12.93571,0.00,0.00
2016.06.17 17:46:40.277,12.9327,12.9357,0.00,0.00
2016.06.17 17:46:40.930,12.93269,12.93571,0.00,0.00
2016.06.17 17:46:41.689,12.9327,12.9357,0.00,0.00
2016.06.17 17:46:42.968,12.93209,12.93521,0.00,0.00
2016.06.17 17:46:43.035,12.93199,12.93521,0.00,0.00
2016.06.17 17:46:43.653,12.932,12.9352,0.00,0.00
2016.06.17 17:46:44.163,12.93199,12.93521,0.00,0.00
2016.06.17 17:46:44.743,12.932,12.9352,0.00,0.00
2016.06.17 17:46:45.340,12.93199,12.93521,0.00,0.00
2016.06.17 17:46:45.747,12.93099,12.93421,0.00,0.00
2016.06.17 17:46:46.049,12.92999,12.93321,0.00,0.00
2016.06.17 17:46:46.352,12.93019,12.93321,0.00,0.00
2016.06.17 17:46:46.503,12.93,12.9332,0.00,0.00
2016.06.17 17:46:47.092,12.92999,12.93321,0.00,0.00
2016.06.17 17:46:47.738,12.93,12.9332,0.00,0.00
2016.06.17 17:46:48.297,12.92969,12.93271,0.00,0.00
2016.06.17 17:46:48.976,12.92998,12.93271,0.00,0.00
2016.06.17 17:46:49.305,12.93069,12.93341,0.00,0.00
2016.06.17 17:46:49.356,12.92999,12.93321,0.00,0.00
2016.06.17 17:46:49.457,12.92928,12.93221,0.00,0.00
2016.06.17 17:46:49.508,12.92919,12.93221,0.00,0.00
2016.06.17 17:46:49.609,12.92899,12.93221,0.00,0.00
2016.06.17 17:46:50.055,12.92979,12.93221,0.00,0.00
2016.06.17 17:46:50.159,12.92929,12.93221,0.00,0.00
2016.06.17 17:46:50.260,12.92909,12.93221,0.00,0.00
2016.06.17 17:46:51.106,12.9291,12.9322,0.00,0.00
2016.06.17 17:46:51.406,12.92899,12.93221,0.00,0.00
2016.06.17 17:46:51.909,12.929,12.9322,0.00,0.00
2016.06.17 17:46:52.708,12.92899,12.93221,0.00,0.00
2016.06.17 17:46:54.164,12.929,12.9322,0.00,0.00
2016.06.17 17:46:54.569,12.9302,12.93291,0.00,0.00
2016.06.17 17:46:54.877,12.93009,12.93291,0.00,0.00
2016.06.17 17:46:54.931,12.93009,12.93421,0.00,0.00
2016.06.17 17:46:55.299,12.92999,12.93361,0.00,0.00
2016.06.17 17:46:55.466,12.92999,12.93421,0.00,0.00
2016.06.17 17:46:55.974,12.93,12.9342,0.00,0.00
2016.06.17 17:46:56.468,12.92999,12.93341,0.00,0.00
2016.06.17 17:46:56.619,12.93,12.9337,0.00,0.00
2016.06.17 17:46:56.670,12.92949,12.93271,0.00,0.00
2016.06.17 17:46:57.005,12.92899,12.93221,0.00,0.00
2016.06.17 17:46:57.871,12.929,12.9322,0.00,0.00
2016.06.17 17:46:58.473,12.92899,12.93221,0.00,0.00
2016.06.17 17:46:59.401,12.9291,12.9322,0.00,0.00
2016.06.17 17:46:59.515,12.92899,12.93221,0.00,0.00
2016.06.17 17:47:01.621,12.92899,12.93171,0.00,0.00
2016.06.17 17:47:01.781,12.92869,12.93171,0.00,0.00
2016.06.17 17:47:01.982,12.92839,12.93171,0.00,0.00
2016.06.17 17:47:02.570,12.9284,12.9317,0.00,0.00
2016.06.17 17:47:03.231,12.92839,12.93171,0.00,0.00
2016.06.17 17:47:03.589,12.92829,12.93221,0.00,0.00
2016.06.17 17:47:03.691,12.92899,12.93171,0.00,0.00
2016.06.17 17:47:03.792,12.92899,12.93221,0.00,0.00
2016.06.17 17:47:04.126,12.92899,12.93171,0.00,0.00
2016.06.17 17:47:04.185,12.929,12.9322,0.00,0.00
2016.06.17 17:47:04.286,12.92889,12.93171,0.00,0.00
2016.06.17 17:47:04.823,12.92829,12.93221,0.00,0.00
2016.06.17 17:47:04.930,12.928,12.9322,0.00,0.00
2016.06.17 17:47:05.489,12.92799,12.93201,0.00,0.00
2016.06.17 17:47:05.590,12.928,12.9321,0.00,0.00
2016.06.17 17:47:05.921,12.92799,12.93221,0.00,0.00
2016.06.17 17:47:06.562,12.928,12.9322,0.00,0.00
2016.06.17 17:47:06.791,12.92799,12.93211,0.00,0.00
2016.06.17 17:47:07.093,12.92719,12.93021,0.00,0.00
2016.06.17 17:47:07.194,12.92699,12.93021,0.00,0.00
2016.06.17 17:47:07.295,12.92799,12.93102,0.00,0.00
2016.06.17 17:47:07.387,12.92799,12.93121,0.00,0.00
2016.06.17 17:47:08.438,12.928,12.9312,0.00,0.00
2016.06.17 17:47:09.803,12.92799,12.93121,0.00,0.00
2016.06.17 17:47:10.399,12.928,12.9312,0.00,0.00
2016.06.17 17:47:10.947,12.92799,12.93121,0.00,0.00
2016.06.17 17:47:12.773,12.928,12.9312,0.00,0.00
2016.06.17 17:47:13.537,12.928,12.9307,0.00,0.00
2016.06.17 17:47:13.638,12.92799,12.93121,0.00,0.00
2016.06.17 17:47:13.953,12.9277,12.9302,0.00,0.00
2016.06.17 17:47:14.013,12.92699,12.93021,0.00,0.00
2016.06.17 17:47:14.917,12.927,12.9302,0.00,0.00
2016.06.17 17:47:15.830,12.92699,12.93021,0.00,0.00
2016.06.17 17:47:16.516,12.927,12.9302,0.00,0.00
2016.06.17 17:47:17.235,12.92599,12.92941,0.00,0.00
2016.06.17 17:47:17.317,12.926,12.9297,0.00,0.00
2016.06.17 17:47:17.620,12.92639,12.92971,0.00,0.00
2016.06.17 17:47:18.634,12.9264,12.9297,0.00,0.00
2016.06.17 17:47:19.451,12.92599,12.92921,0.00,0.00
2016.06.17 17:47:19.656,12.92639,12.92971,0.00,0.00
2016.06.17 17:47:20.126,12.92618,12.9292,0.00,0.00
2016.06.17 17:47:20.177,12.926,12.9292,0.00,0.00
2016.06.17 17:47:20.725,12.92599,12.92921,0.00,0.00
2016.06.17 17:47:22.164,12.926,12.9292,0.00,0.00
2016.06.17 17:47:22.829,12.92599,12.92921,0.00,0.00
2016.06.17 17:47:24.190,12.92499,12.92881,0.00,0.00
2016.06.17 17:47:25.569,12.925,12.9286,0.00,0.00
2016.06.17 17:47:25.935,12.92499,12.92851,0.00,0.00
2016.06.17 17:47:26.535,12.925,12.9287,0.00,0.00
2016.06.17 17:47:27.526,12.925,12.92859,0.00,0.00
2016.06.17 17:47:27.677,12.92419,12.92821,0.00,0.00
2016.06.17 17:47:27.728,12.92399,12.92821,0.00,0.00
2016.06.17 17:47:28.179,12.92439,12.92821,0.00,0.00
2016.06.17 17:47:28.494,12.92499,12.92821,0.00,0.00
2016.06.17 17:47:28.544,12.92489,12.92821,0.00,0.00
2016.06.17 17:47:28.645,12.92499,12.92821,0.00,0.00
2016.06.17 17:47:29.251,12.9244,12.9277,0.00,0.00
2016.06.17 17:47:29.645,12.92489,12.92821,0.00,0.00
2016.06.17 17:47:30.176,12.92599,12.92871,0.00,0.00
2016.06.17 17:47:30.256,12.92599,12.92921,0.00,0.00
2016.06.17 17:47:30.775,12.926,12.9292,0.00,0.00
2016.06.17 17:47:30.945,12.92529,12.92871,0.00,0.00
2016.06.17 17:47:30.996,12.92499,12.92871,0.00,0.00
2016.06.17 17:47:31.046,12.92529,12.92871,0.00,0.00
2016.06.17 17:47:31.577,12.9253,12.9287,0.00,0.00
2016.06.17 17:47:32.187,12.92529,12.92871,0.00,0.00
2016.06.17 17:47:32.997,12.925,12.9282,0.00,0.00
2016.06.17 17:47:33.972,12.92499,12.92821,0.00,0.00
2016.06.17 17:47:34.754,12.925,12.9282,0.00,0.00
2016.06.17 17:47:36.140,12.92589,12.92902,0.00,0.00
2016.06.17 17:47:36.191,12.9259,12.9292,0.00,0.00
2016.06.17 17:47:36.259,12.92599,12.92921,0.00,0.00
2016.06.17 17:47:36.586,12.92589,12.92871,0.00,0.00
2016.06.17 17:47:36.687,12.92529,12.92871,0.00,0.00
2016.06.17 17:47:36.788,12.92499,12.92871,0.00,0.00
2016.06.17 17:47:36.839,12.92508,12.92871,0.00,0.00
2016.06.17 17:47:37.718,12.92499,12.92871,0.00,0.00
2016.06.17 17:47:38.044,12.92508,12.92871,0.00,0.00
2016.06.17 17:47:38.736,12.92499,12.92871,0.00,0.00
2016.06.17 17:47:38.787,12.92599,12.92921,0.00,0.00
2016.06.17 17:47:39.291,12.92558,12.9287,0.00,0.00
2016.06.17 17:47:39.341,12.9254,12.9287,0.00,0.00
2016.06.17 17:47:39.493,12.92589,12.92871,0.00,0.00
2016.06.17 17:47:39.810,12.92529,12.92921,0.00,0.00
2016.06.17 17:47:39.861,12.9253,12.9287,0.00,0.00
2016.06.17 17:47:40.498,12.92529,12.92871,0.00,0.00
2016.06.17 17:47:40.839,12.9259,12.9292,0.00,0.00
2016.06.17 17:47:41.370,12.92589,12.92921,0.00,0.00
2016.06.17 17:47:41.726,12.92599,12.92921,0.00,0.00
2016.06.17 17:47:41.994,12.92509,12.92871,0.00,0.00
2016.06.17 17:47:42.071,12.9253,12.9287,0.00,0.00
2016.06.17 17:47:42.695,12.92529,12.92871,0.00,0.00
2016.06.17 17:47:43.869,12.9253,12.9287,0.00,0.00
2016.06.17 17:47:44.534,12.92529,12.92871,0.00,0.00
2016.06.17 17:47:45.782,12.9259,12.9292,0.00,0.00
2016.06.17 17:47:46.085,12.92601,12.9292,0.00,0.00
2016.06.17 17:47:46.682,12.92601,12.92921,0.00,0.00
2016.06.17 17:47:48.050,12.92601,12.9292,0.00,0.00
2016.06.17 17:47:48.413,12.92518,12.9282,0.00,0.00
2016.06.17 17:47:48.621,12.92499,12.92821,0.00,0.00
2016.06.17 17:47:49.033,12.92501,12.9282,0.00,0.00
2016.06.17 17:47:49.387,12.92501,12.92922,0.00,0.00
2016.06.17 17:47:50.015,12.92501,12.92932,0.00,0.00
2016.06.17 17:47:50.089,12.92501,12.92821,0.00,0.00
2016.06.17 17:47:50.390,12.92458,12.92821,0.00,0.00
2016.06.17 17:47:50.441,12.92439,12.92821,0.00,0.00
2016.06.17 17:47:50.492,12.92499,12.92821,0.00,0.00
2016.06.17 17:47:51.090,12.92501,12.92821,0.00,0.00
2016.06.17 17:47:51.895,12.92501,12.9282,0.00,0.00
2016.06.17 17:47:52.923,12.9249,12.9282,0.00,0.00
2016.06.17 17:47:53.024,12.92589,12.92871,0.00,0.00
2016.06.17 17:47:53.348,12.92599,12.92921,0.00,0.00
2016.06.17 17:47:53.700,12.92602,12.92921,0.00,0.00
2016.06.17 17:47:54.290,12.92602,12.9292,0.00,0.00
2016.06.17 17:47:54.803,12.92602,12.92921,0.00,0.00
2016.06.17 17:47:55.611,12.92602,12.9292,0.00,0.00
2016.06.17 17:47:56.011,12.9259,12.9292,0.00,0.00
2016.06.17 17:47:56.112,12.925,12.9292,0.00,0.00
2016.06.17 17:47:56.707,12.92502,12.9292,0.00,0.00
2016.06.17 17:47:58.009,12.92502,12.92921,0.00,0.00
2016.06.17 17:47:58.680,12.92508,12.92921,0.00,0.00
2016.06.17 17:47:58.862,12.92502,12.92921,0.00,0.00
2016.06.17 17:47:59.867,12.924,12.9272,0.00,0.00
2016.06.17 17:48:00.180,12.92402,12.9272,0.00,0.00
2016.06.17 17:48:01.335,12.924,12.9277,0.00,0.00
2016.06.17 17:48:01.646,12.92399,12.92721,0.00,0.00
2016.06.17 17:48:02.019,12.92402,12.9272,0.00,0.00
2016.06.17 17:48:02.629,12.92402,12.92721,0.00,0.00
2016.06.17 17:48:02.933,12.92298,12.92571,0.00,0.00
2016.06.17 17:48:02.984,12.92289,12.92571,0.00,0.00
2016.06.17 17:48:03.136,12.92269,12.92571,0.00,0.00
2016.06.17 17:48:03.514,12.9224,12.926,0.00,0.00
2016.06.17 17:48:03.565,12.92239,12.92521,0.00,0.00
2016.06.17 17:48:03.666,12.92201,12.92521,0.00,0.00
2016.06.17 17:48:03.925,12.923,12.92632,0.00,0.00
2016.06.17 17:48:04.341,12.92299,12.92651,0.00,0.00
2016.06.17 17:48:04.603,12.92301,12.92651,0.00,0.00
2016.06.17 17:48:05.829,12.92301,12.9265,0.00,0.00
2016.06.17 17:48:06.830,12.92301,12.92651,0.00,0.00
2016.06.17 17:48:08.852,12.92301,12.9265,0.00,0.00
2016.06.17 17:48:09.836,12.92301,12.92651,0.00,0.00
2016.06.17 17:48:10.603,12.92301,12.9265,0.00,0.00
2016.06.17 17:48:11.617,12.92328,12.9265,0.00,0.00
2016.06.17 17:48:11.768,12.92401,12.92751,0.00,0.00
2016.06.17 17:48:14.821,12.92478,12.92751,0.00,0.00
2016.06.17 17:48:14.871,12.92499,12.92851,0.00,0.00
2016.06.17 17:48:15.192,12.92502,12.92851,0.00,0.00
2016.06.17 17:48:15.760,12.92502,12.92761,0.00,0.00
2016.06.17 17:48:15.862,12.92502,12.92801,0.00,0.00
2016.06.17 17:48:16.074,12.92502,12.9285,0.00,0.00
2016.06.17 17:48:16.725,12.92502,12.92851,0.00,0.00
2016.06.17 17:48:18.754,12.92502,12.9285,0.00,0.00
2016.06.17 17:48:19.306,12.925,12.9285,0.00,0.00
2016.06.17 17:48:19.985,12.92501,12.9285,0.00,0.00
2016.06.17 17:48:20.758,12.92501,12.92851,0.00,0.00
2016.06.17 17:48:21.805,12.92499,12.92851,0.00,0.00
2016.06.17 17:48:21.860,12.9249,12.928,0.00,0.00
2016.06.17 17:48:22.363,12.92439,12.92751,0.00,0.00
2016.06.17 17:48:22.464,12.92399,12.92751,0.00,0.00
2016.06.17 17:48:22.514,12.92402,12.92751,0.00,0.00
2016.06.17 17:48:23.065,12.92402,12.9275,0.00,0.00
2016.06.17 17:48:23.661,12.92402,12.92751,0.00,0.00
2016.06.17 17:48:25.030,12.92399,12.92751,0.00,0.00
2016.06.17 17:48:25.081,12.925,12.9285,0.00,0.00
2016.06.17 17:48:25.383,12.92518,12.9285,0.00,0.00
2016.06.17 17:48:26.124,12.92599,12.92951,0.00,0.00
2016.06.17 17:48:26.435,12.92602,12.92951,0.00,0.00
2016.06.17 17:48:26.881,12.92679,12.92951,0.00,0.00
2016.06.17 17:48:26.983,12.92602,12.92951,0.00,0.00
2016.06.17 17:48:27.184,12.9266,12.9295,0.00,0.00
2016.06.17 17:48:27.286,12.92602,12.92951,0.00,0.00
2016.06.17 17:48:28.610,12.92602,12.9295,0.00,0.00
2016.06.17 17:48:29.161,12.92602,12.92951,0.00,0.00
2016.06.17 17:48:30.223,12.92499,12.92851,0.00,0.00
2016.06.17 17:48:30.706,12.92501,12.92851,0.00,0.00
2016.06.17 17:48:31.013,12.926,12.929,0.00,0.00
2016.06.17 17:48:31.528,12.92599,12.92901,0.00,0.00
2016.06.17 17:48:32.043,12.926,12.929,0.00,0.00
2016.06.17 17:48:32.959,12.92599,12.92901,0.00,0.00
2016.06.17 17:48:33.726,12.92601,12.9295,0.00,0.00
2016.06.17 17:48:34.901,12.92601,12.92951,0.00,0.00
2016.06.17 17:48:35.698,12.92599,12.92951,0.00,0.00
2016.06.17 17:48:35.803,12.926,12.9291,0.00,0.00
2016.06.17 17:48:35.954,12.926,12.9295,0.00,0.00
2016.06.17 17:48:36.499,12.92601,12.9295,0.00,0.00
2016.06.17 17:48:37.737,12.92601,12.92951,0.00,0.00
2016.06.17 17:48:38.395,12.92601,12.9295,0.00,0.00
2016.06.17 17:48:39.055,12.92601,12.92951,0.00,0.00
2016.06.17 17:48:40.281,12.92569,12.92851,0.00,0.00
2016.06.17 17:48:40.332,12.92499,12.92851,0.00,0.00
2016.06.17 17:48:40.713,12.92502,12.92851,0.00,0.00
2016.06.17 17:48:42.166,12.92502,12.9285,0.00,0.00
2016.06.17 17:48:42.704,12.92502,12.92851,0.00,0.00
2016.06.17 17:48:43.023,12.92602,12.92951,0.00,0.00
2016.06.17 17:48:43.944,12.92602,12.9295,0.00,0.00
2016.06.17 17:48:44.628,12.92602,12.92951,0.00,0.00
2016.06.17 17:48:44.707,12.92599,12.92951,0.00,0.00
2016.06.17 17:48:44.758,12.926,12.929,0.00,0.00
2016.06.17 17:48:44.858,12.92599,12.92951,0.00,0.00
2016.06.17 17:48:45.380,12.926,12.9295,0.00,0.00
2016.06.17 17:48:45.431,12.92602,12.9295,0.00,0.00
2016.06.17 17:48:46.361,12.92602,12.92951,0.00,0.00
2016.06.17 17:48:46.996,12.92602,12.9295,0.00,0.00
2016.06.17 17:48:47.637,12.92602,12.92951,0.00,0.00
2016.06.17 17:48:49.516,12.92599,12.92951,0.00,0.00
2016.06.17 17:48:49.567,12.92599,12.92901,0.00,0.00
2016.06.17 17:48:49.895,12.9257,12.9285,0.00,0.00
2016.06.17 17:48:50.045,12.92499,12.92851,0.00,0.00
2016.06.17 17:48:50.246,12.92502,12.9285,0.00,0.00
2016.06.17 17:48:50.821,12.9258,12.929,0.00,0.00
2016.06.17 17:48:51.148,12.9254,12.9285,0.00,0.00
2016.06.17 17:48:51.648,12.92579,12.92851,0.00,0.00
2016.06.17 17:48:52.465,12.9258,12.9285,0.00,0.00
2016.06.17 17:48:52.858,12.9251,12.9285,0.00,0.00
2016.06.17 17:48:52.959,12.9253,12.9285,0.00,0.00
2016.06.17 17:48:53.580,12.92548,12.9285,0.00,0.00
2016.06.17 17:48:53.681,12.92599,12.92951,0.00,0.00
2016.06.17 17:48:53.959,12.92602,12.92951,0.00,0.00
2016.06.17 17:48:54.585,12.92602,12.92901,0.00,0.00
2016.06.17 17:48:54.736,12.92529,12.92901,0.00,0.00
2016.06.17 17:48:54.857,12.92509,12.92851,0.00,0.00
2016.06.17 17:48:54.958,12.925,12.9285,0.00,0.00
2016.06.17 17:48:55.417,12.92502,12.9285,0.00,0.00
2016.06.17 17:48:56.461,12.92502,12.92851,0.00,0.00
2016.06.17 17:48:57.062,12.92502,12.9285,0.00,0.00
2016.06.17 17:48:58.593,12.92502,12.92851,0.00,0.00
2016.06.17 17:49:00.525,12.92499,12.92851,0.00,0.00
2016.06.17 17:49:00.938,12.92501,12.92851,0.00,0.00
2016.06.17 17:49:01.456,12.92501,12.92821,0.00,0.00
2016.06.17 17:49:01.973,12.92599,12.92871,0.00,0.00
2016.06.17 17:49:02.074,12.926,12.9292,0.00,0.00
2016.06.17 17:49:03.325,12.92601,12.9292,0.00,0.00
2016.06.17 17:49:03.591,12.92599,12.92921,0.00,0.00
2016.06.17 17:49:06.027,12.92601,12.92921,0.00,0.00
2016.06.17 17:49:06.682,12.92601,12.92872,0.00,0.00
2016.06.17 17:49:07.184,12.92599,12.92871,0.00,0.00
2016.06.17 17:49:09.031,12.92519,12.92872,0.00,0.00
2016.06.17 17:49:09.086,12.92501,12.92851,0.00,0.00
2016.06.17 17:49:09.187,12.92501,12.92872,0.00,0.00
2016.06.17 17:49:09.744,12.92499,12.92872,0.00,0.00
2016.06.17 17:49:09.795,12.92599,12.92871,0.00,0.00
2016.06.17 17:49:09.896,12.92599,12.92921,0.00,0.00
2016.06.17 17:49:10.593,12.926,12.9292,0.00,0.00
2016.06.17 17:49:11.244,12.92601,12.92921,0.00,0.00
2016.06.17 17:49:11.802,12.92601,12.9292,0.00,0.00
2016.06.17 17:49:11.903,12.92569,12.92922,0.00,0.00
2016.06.17 17:49:12.493,12.9257,12.92922,0.00,0.00
2016.06.17 17:49:13.696,12.92569,12.92922,0.00,0.00
2016.06.17 17:49:14.201,12.9252,12.9282,0.00,0.00
2016.06.17 17:49:14.748,12.92519,12.92821,0.00,0.00
2016.06.17 17:49:15.582,12.92502,12.9282,0.00,0.00
2016.06.17 17:49:16.201,12.92502,12.92821,0.00,0.00
2016.06.17 17:49:16.890,12.92502,12.9282,0.00,0.00
2016.06.17 17:49:17.832,12.92502,12.92821,0.00,0.00
2016.06.17 17:49:18.607,12.9252,12.9282,0.00,0.00
2016.06.17 17:49:19.201,12.92519,12.92821,0.00,0.00
2016.06.17 17:49:19.742,12.92502,12.92821,0.00,0.00
2016.06.17 17:49:20.032,12.92508,12.92821,0.00,0.00
2016.06.17 17:49:20.607,12.92502,12.92821,0.00,0.00
2016.06.17 17:49:21.111,12.92508,12.92821,0.00,0.00
2016.06.17 17:49:21.455,12.9247,12.9277,0.00,0.00
2016.06.17 17:49:22.244,12.92401,12.92721,0.00,0.00
2016.06.17 17:49:22.417,12.92401,12.92772,0.00,0.00
2016.06.17 17:49:22.518,12.92401,12.9272,0.00,0.00
2016.06.17 17:49:23.113,12.92401,12.92721,0.00,0.00
2016.06.17 17:49:23.462,12.92418,12.92721,0.00,0.00
2016.06.17 17:49:24.329,12.92401,12.9272,0.00,0.00
2016.06.17 17:49:25.166,12.92418,12.9272,0.00,0.00
2016.06.17 17:49:25.666,12.92401,12.92721,0.00,0.00
2016.06.17 17:49:27.933,12.92401,12.9272,0.00,0.00
2016.06.17 17:49:29.039,12.92401,12.92721,0.00,0.00
2016.06.17 17:49:29.789,12.92401,12.9272,0.00,0.00
2016.06.17 17:49:30.450,12.92401,12.92721,0.00,0.00
2016.06.17 17:49:31.270,12.92401,12.9272,0.00,0.00
2016.06.17 17:49:32.094,12.92401,12.92721,0.00,0.00
2016.06.17 17:49:33.552,12.92401,12.9272,0.00,0.00
2016.06.17 17:49:34.136,12.92401,12.92721,0.00,0.00
2016.06.17 17:49:35.256,12.92401,12.9272,0.00,0.00
2016.06.17 17:49:35.579,12.92348,12.92721,0.00,0.00
2016.06.17 17:49:35.648,12.92338,12.92721,0.00,0.00
2016.06.17 17:49:35.698,12.92338,12.9262,0.00,0.00
2016.06.17 17:49:35.749,12.923,12.9262,0.00,0.00
2016.06.17 17:49:35.950,12.92309,12.9262,0.00,0.00
2016.06.17 17:49:36.051,12.92299,12.92621,0.00,0.00
2016.06.17 17:49:36.357,12.92302,12.92621,0.00,0.00
2016.06.17 17:49:36.890,12.92308,12.9262,0.00,0.00
2016.06.17 17:49:37.204,12.924,12.9272,0.00,0.00
2016.06.17 17:49:37.758,12.92401,12.92721,0.00,0.00
2016.06.17 17:49:38.505,12.92401,12.9272,0.00,0.00
2016.06.17 17:49:40.020,12.92401,12.92721,0.00,0.00
2016.06.17 17:49:41.979,12.92401,12.9272,0.00,0.00
2016.06.17 17:49:42.504,12.92401,12.92721,0.00,0.00
2016.06.17 17:49:43.243,12.92401,12.9272,0.00,0.00
2016.06.17 17:49:44.918,12.92401,12.92721,0.00,0.00
2016.06.17 17:49:45.391,12.92399,12.92721,0.00,0.00
2016.06.17 17:49:45.892,12.92469,12.92721,0.00,0.00
2016.06.17 17:49:46.129,12.92399,12.92721,0.00,0.00
2016.06.17 17:49:46.180,12.92401,12.92721,0.00,0.00
2016.06.17 17:49:49.051,12.92401,12.9272,0.00,0.00
2016.06.17 17:49:50.005,12.92401,12.92721,0.00,0.00
2016.06.17 17:49:52.055,12.92401,12.9272,0.00,0.00
2016.06.17 17:49:52.759,12.92401,12.92721,0.00,0.00
2016.06.17 17:49:53.135,12.9249,12.9277,0.00,0.00
2016.06.17 17:49:53.188,12.92449,12.92771,0.00,0.00
2016.06.17 17:49:53.563,12.92499,12.92821,0.00,0.00
2016.06.17 17:49:54.095,12.92501,12.9282,0.00,0.00
2016.06.17 17:49:54.665,12.92501,12.92821,0.00,0.00
2016.06.17 17:49:58.430,12.92501,12.9282,0.00,0.00
2016.06.17 17:49:58.911,12.92499,12.92821,0.00,0.00
2016.06.17 17:49:58.962,12.926,12.9292,0.00,0.00
2016.06.17 17:49:59.461,12.92548,12.9292,0.00,0.00
2016.06.17 17:49:59.521,12.9253,12.9292,0.00,0.00
2016.06.17 17:49:59.572,12.92529,12.92821,0.00,0.00
2016.06.17 17:49:59.959,12.92599,12.92871,0.00,0.00
2016.06.17 17:50:00.735,12.92519,12.92821,0.00,0.00
2016.06.17 17:50:01.075,12.92529,12.92821,0.00,0.00
2016.06.17 17:50:01.746,12.9253,12.9282,0.00,0.00
2016.06.17 17:50:01.797,12.9251,12.9282,0.00,0.00
2016.06.17 17:50:01.979,12.92501,12.9282,0.00,0.00
2016.06.17 17:50:02.641,12.92501,12.92821,0.00,0.00
2016.06.17 17:50:03.242,12.92501,12.9282,0.00,0.00
2016.06.17 17:50:04.344,12.92501,12.92821,0.00,0.00
2016.06.17 17:50:04.646,12.92459,12.92772,0.00,0.00
2016.06.17 17:50:04.697,12.92439,12.92772,0.00,0.00
2016.06.17 17:50:04.798,12.92401,12.92772,0.00,0.00
2016.06.17 17:50:04.995,12.92409,12.92772,0.00,0.00
2016.06.17 17:50:05.190,12.92401,12.92772,0.00,0.00
2016.06.17 17:50:05.264,12.92401,12.9277,0.00,0.00
2016.06.17 17:50:05.799,12.92401,12.92771,0.00,0.00
2016.06.17 17:50:06.439,12.92401,12.9277,0.00,0.00
2016.06.17 17:50:07.082,12.92401,12.92771,0.00,0.00
2016.06.17 17:50:07.773,12.92401,12.9277,0.00,0.00
2016.06.17 17:50:08.629,12.9237,12.9267,0.00,0.00
2016.06.17 17:50:09.156,12.92369,12.92671,0.00,0.00
2016.06.17 17:50:10.136,12.92402,12.92671,0.00,0.00
2016.06.17 17:50:10.187,12.92402,12.9272,0.00,0.00
2016.06.17 17:50:10.904,12.92402,12.92721,0.00,0.00
2016.06.17 17:50:11.968,12.92402,12.9272,0.00,0.00
2016.06.17 17:50:13.184,12.92402,12.92721,0.00,0.00
2016.06.17 17:50:14.385,12.92402,12.9272,0.00,0.00
2016.06.17 17:50:14.436,12.92409,12.9272,0.00,0.00
2016.06.17 17:50:15.064,12.92409,12.92721,0.00,0.00
2016.06.17 17:50:15.724,12.92409,12.9272,0.00,0.00
2016.06.17 17:50:16.385,12.92409,12.92721,0.00,0.00
2016.06.17 17:50:17.383,12.92469,12.92721,0.00,0.00
2016.06.17 17:50:17.585,12.92399,12.92721,0.00,0.00
2016.06.17 17:50:18.006,12.9234,12.9262,0.00,0.00
2016.06.17 17:50:18.107,12.9232,12.9262,0.00,0.00
2016.06.17 17:50:18.282,12.92399,12.92671,0.00,0.00
2016.06.17 17:50:18.585,12.92419,12.92721,0.00,0.00
2016.06.17 17:50:18.686,12.92399,12.92721,0.00,0.00
2016.06.17 17:50:18.837,12.92402,12.9272,0.00,0.00
2016.06.17 17:50:22.191,12.92402,12.92721,0.00,0.00
2016.06.17 17:50:23.465,12.92409,12.92721,0.00,0.00
2016.06.17 17:50:23.798,12.92402,12.92721,0.00,0.00
2016.06.17 17:50:26.206,12.92402,12.9272,0.00,0.00
2016.06.17 17:50:27.111,12.92402,12.92721,0.00,0.00
2016.06.17 17:50:27.262,12.92409,12.92721,0.00,0.00
2016.06.17 17:50:27.438,12.92402,12.92721,0.00,0.00
2016.06.17 17:50:28.182,12.92402,12.9272,0.00,0.00
2016.06.17 17:50:28.833,12.92402,12.92721,0.00,0.00
2016.06.17 17:50:29.719,12.92402,12.9272,0.00,0.00
2016.06.17 17:50:31.467,12.92402,12.92721,0.00,0.00
2016.06.17 17:50:33.537,12.92402,12.9272,0.00,0.00
2016.06.17 17:50:34.140,12.92402,12.92721,0.00,0.00
2016.06.17 17:50:34.896,12.92402,12.9272,0.00,0.00
2016.06.17 17:50:35.648,12.92402,12.92721,0.00,0.00
2016.06.17 17:50:36.823,12.92399,12.92721,0.00,0.00
2016.06.17 17:50:37.357,12.924,12.92721,0.00,0.00
2016.06.17 17:50:38.759,12.92401,12.9272,0.00,0.00
2016.06.17 17:50:39.268,12.92401,12.92721,0.00,0.00
2016.06.17 17:50:41.208,12.92401,12.9272,0.00,0.00
2016.06.17 17:50:42.074,12.92401,12.92721,0.00,0.00
2016.06.17 17:50:43.194,12.92401,12.9272,0.00,0.00
2016.06.17 17:50:43.733,12.92401,12.92721,0.00,0.00
2016.06.17 17:50:44.334,12.92401,12.9272,0.00,0.00
2016.06.17 17:50:45.686,12.924,12.9272,0.00,0.00
2016.06.17 17:50:46.885,12.92399,12.92721,0.00,0.00
2016.06.17 17:50:48.832,12.92401,12.9272,0.00,0.00
2016.06.17 17:50:49.340,12.92408,12.92721,0.00,0.00
2016.06.17 17:50:49.843,12.92401,12.9272,0.00,0.00
2016.06.17 17:50:50.452,12.92408,12.9272,0.00,0.00
2016.06.17 17:50:50.833,12.92401,12.92721,0.00,0.00
2016.06.17 17:50:51.393,12.92401,12.9272,0.00,0.00
2016.06.17 17:50:52.455,12.92401,12.92721,0.00,0.00
2016.06.17 17:50:52.505,12.92479,12.92721,0.00,0.00
2016.06.17 17:50:52.707,12.92401,12.92721,0.00,0.00
2016.06.17 17:50:53.698,12.92401,12.9272,0.00,0.00
2016.06.17 17:50:54.299,12.92401,12.92721,0.00,0.00
2016.06.17 17:50:54.800,12.92401,12.9272,0.00,0.00
2016.06.17 17:50:55.355,12.92401,12.92721,0.00,0.00
2016.06.17 17:50:56.643,12.92401,12.9272,0.00,0.00
2016.06.17 17:50:57.155,12.92401,12.92721,0.00,0.00
2016.06.17 17:50:57.321,12.92408,12.92721,0.00,0.00
2016.06.17 17:50:58.392,12.92401,12.92721,0.00,0.00
2016.06.17 17:50:58.893,12.92401,12.9272,0.00,0.00
2016.06.17 17:50:59.157,12.92479,12.92721,0.00,0.00
2016.06.17 17:50:59.258,12.92401,12.92721,0.00,0.00
2016.06.17 17:51:00.345,12.92401,12.9272,0.00,0.00
2016.06.17 17:51:00.446,12.92408,12.9272,0.00,0.00
2016.06.17 17:51:00.497,12.92401,12.9272,0.00,0.00
2016.06.17 17:51:01.009,12.92401,12.92721,0.00,0.00
2016.06.17 17:51:02.463,12.92401,12.9272,0.00,0.00
2016.06.17 17:51:03.145,12.92401,12.92721,0.00,0.00
2016.06.17 17:51:04.251,12.92369,12.92671,0.00,0.00
2016.06.17 17:51:04.445,12.92309,12.92672,0.00,0.00
2016.06.17 17:51:04.574,12.92317,12.9272,0.00,0.00
2016.06.17 17:51:04.624,12.92374,12.92671,0.00,0.00
2016.06.17 17:51:04.725,12.92395,12.9272,0.00,0.00
2016.06.17 17:51:05.517,12.92399,12.92721,0.00,0.00
2016.06.17 17:51:06.327,12.924,12.9272,0.00,0.00
2016.06.17 17:51:07.070,12.92401,12.92721,0.00,0.00
2016.06.17 17:51:07.630,12.92401,12.9272,0.00,0.00
2016.06.17 17:51:08.391,12.92401,12.92721,0.00,0.00
2016.06.17 17:51:09.116,12.92401,12.9272,0.00,0.00
2016.06.17 17:51:09.732,12.92432,12.9272,0.00,0.00
2016.06.17 17:51:09.883,12.92499,12.92821,0.00,0.00
2016.06.17 17:51:10.034,12.92509,12.92821,0.00,0.00
2016.06.17 17:51:10.345,12.92519,12.92821,0.00,0.00
2016.06.17 17:51:10.856,12.926,12.92871,0.00,0.00
2016.06.17 17:51:10.912,12.926,12.92922,0.00,0.00
2016.06.17 17:51:11.013,12.92599,12.92872,0.00,0.00
2016.06.17 17:51:11.063,12.9252,12.9282,0.00,0.00
2016.06.17 17:51:11.277,12.92499,12.92821,0.00,0.00
2016.06.17 17:51:12.431,12.925,12.9282,0.00,0.00
2016.06.17 17:51:12.981,12.92448,12.92772,0.00,0.00
2016.06.17 17:51:13.088,12.9242,12.92772,0.00,0.00
2016.06.17 17:51:13.490,12.92401,12.92772,0.00,0.00
2016.06.17 17:51:13.643,12.92408,12.92772,0.00,0.00
2016.06.17 17:51:14.321,12.924,12.9281,0.00,0.00
2016.06.17 17:51:14.371,12.925,12.9277,0.00,0.00
2016.06.17 17:51:14.472,12.92502,12.92821,0.00,0.00
2016.06.17 17:51:15.000,12.92502,12.9282,0.00,0.00
2016.06.17 17:51:15.854,12.92502,12.92821,0.00,0.00
2016.06.17 17:51:17.923,12.9252,12.9282,0.00,0.00
2016.06.17 17:51:18.459,12.92519,12.92821,0.00,0.00
2016.06.17 17:51:19.262,12.9252,12.9282,0.00,0.00
2016.06.17 17:51:20.397,12.92519,12.92821,0.00,0.00
2016.06.17 17:51:20.956,12.9252,12.9282,0.00,0.00
2016.06.17 17:51:21.370,12.92502,12.92872,0.00,0.00
2016.06.17 17:51:21.912,12.92502,12.92821,0.00,0.00
2016.06.17 17:51:22.451,12.92502,12.9282,0.00,0.00
2016.06.17 17:51:22.753,12.92599,12.92871,0.00,0.00
2016.06.17 17:51:23.203,12.926,12.9292,0.00,0.00
2016.06.17 17:51:23.842,12.92601,12.92921,0.00,0.00
2016.06.17 17:51:24.404,12.92601,12.9292,0.00,0.00
2016.06.17 17:51:24.956,12.92601,12.92921,0.00,0.00
2016.06.17 17:51:25.158,12.92609,12.9292,0.00,0.00
2016.06.17 17:51:25.832,12.92609,12.92921,0.00,0.00
2016.06.17 17:51:26.530,12.92601,12.9292,0.00,0.00
2016.06.17 17:51:27.037,12.926,12.9292,0.00,0.00
2016.06.17 17:51:27.101,12.92578,12.9282,0.00,0.00
2016.06.17 17:51:27.152,12.9254,12.9282,0.00,0.00
2016.06.17 17:51:27.203,12.92499,12.92821,0.00,0.00
2016.06.17 17:51:27.718,12.92502,12.92821,0.00,0.00
2016.06.17 17:51:28.292,12.92502,12.9282,0.00,0.00
2016.06.17 17:51:29.109,12.92502,12.92821,0.00,0.00
2016.06.17 17:51:30.392,12.92502,12.92772,0.00,0.00
2016.06.17 17:51:30.443,12.92439,12.92772,0.00,0.00
2016.06.17 17:51:30.544,12.92469,12.92772,0.00,0.00
2016.06.17 17:51:31.065,12.92402,12.92772,0.00,0.00
2016.06.17 17:51:34.473,12.92409,12.92772,0.00,0.00
2016.06.17 17:51:35.295,12.92402,12.92772,0.00,0.00
2016.06.17 17:51:36.422,12.92418,12.92772,0.00,0.00
2016.06.17 17:51:38.674,12.92469,12.92772,0.00,0.00
2016.06.17 17:51:39.574,12.92499,12.92821,0.00,0.00
2016.06.17 17:51:39.675,12.92502,12.92821,0.00,0.00
2016.06.17 17:51:41.264,12.92502,12.92821,0.00,0.00
2016.06.17 17:51:43.335,12.92502,12.92821,0.00,0.00
2016.06.17 17:51:43.940,12.92502,12.9282,0.00,0.00
2016.06.17 17:51:45.248,12.92502,12.92821,0.00,0.00
2016.06.17 17:51:45.923,12.92502,12.9282,0.00,0.00
2016.06.17 17:51:47.644,12.92502,12.92821,0.00,0.00
2016.06.17 17:51:48.946,12.92502,12.9282,0.00,0.00
2016.06.17 17:51:49.942,12.925,12.9282,0.00,0.00
2016.06.17 17:51:49.993,12.92428,12.9282,0.00,0.00
2016.06.17 17:51:50.094,12.92419,12.92821,0.00,0.00
2016.06.17 17:51:50.144,12.92419,12.92772,0.00,0.00
2016.06.17 17:51:50.640,12.92479,12.92771,0.00,0.00
2016.06.17 17:51:50.792,12.92469,12.92771,0.00,0.00
2016.06.17 17:51:51.292,12.92439,12.92721,0.00,0.00
2016.06.17 17:51:51.984,12.92501,12.92772,0.00,0.00
2016.06.17 17:51:52.034,12.92501,12.92822,0.00,0.00
2016.06.17 17:51:52.085,12.92501,12.9282,0.00,0.00
2016.06.17 17:51:52.754,12.92501,12.92821,0.00,0.00
2016.06.17 17:51:53.572,12.9249,12.9277,0.00,0.00
2016.06.17 17:51:54.238,12.92489,12.92771,0.00,0.00
2016.06.17 17:51:54.592,12.92529,12.92821,0.00,0.00
2016.06.17 17:51:54.693,12.92502,12.92821,0.00,0.00
2016.06.17 17:51:55.296,12.92502,12.9282,0.00,0.00
2016.06.17 17:51:56.091,12.9247,12.9277,0.00,0.00
2016.06.17 17:51:56.672,12.92409,12.92791,0.00,0.00
2016.06.17 17:51:56.722,12.92409,12.92771,0.00,0.00
2016.06.17 17:51:57.032,12.92499,12.92771,0.00,0.00
2016.06.17 17:51:57.691,12.925,12.9277,0.00,0.00
2016.06.17 17:51:58.218,12.92409,12.92721,0.00,0.00
2016.06.17 17:51:58.909,12.92402,12.92771,0.00,0.00
2016.06.17 17:51:58.960,12.92399,12.92771,0.00,0.00
2016.06.17 17:51:59.011,12.92429,12.92771,0.00,0.00
2016.06.17 17:51:59.568,12.9243,12.9277,0.00,0.00
2016.06.17 17:52:00.112,12.92402,12.92772,0.00,0.00
2016.06.17 17:52:02.063,12.92399,12.92772,0.00,0.00
2016.06.17 17:52:02.113,12.9249,12.9277,0.00,0.00
2016.06.17 17:52:02.214,12.92469,12.92771,0.00,0.00
2016.06.17 17:52:02.277,12.92499,12.92821,0.00,0.00
2016.06.17 17:52:02.827,12.925,12.9282,0.00,0.00
2016.06.17 17:52:03.770,12.92501,12.9282,0.00,0.00
2016.06.17 17:52:03.820,12.9247,12.9277,0.00,0.00
2016.06.17 17:52:04.381,12.92469,12.92771,0.00,0.00
2016.06.17 17:52:08.064,12.9247,12.9277,0.00,0.00
2016.06.17 17:52:08.526,12.9243,12.9277,0.00,0.00
2016.06.17 17:52:09.065,12.92429,12.92771,0.00,0.00
2016.06.17 17:52:12.329,12.92419,12.92721,0.00,0.00
2016.06.17 17:52:12.631,12.925,12.9277,0.00,0.00
2016.06.17 17:52:13.028,12.92501,12.92821,0.00,0.00
2016.06.17 17:52:16.311,12.92501,12.9282,0.00,0.00
2016.06.17 17:52:17.737,12.92501,12.92821,0.00,0.00
2016.06.17 17:52:17.838,12.92499,12.92821,0.00,0.00
2016.06.17 17:52:18.455,12.925,12.9282,0.00,0.00
2016.06.17 17:52:18.989,12.92501,12.9282,0.00,0.00
2016.06.17 17:52:20.758,12.92501,12.92822,0.00,0.00
2016.06.17 17:52:20.962,12.925,12.9282,0.00,0.00
2016.06.17 17:52:21.492,12.92499,12.92821,0.00,0.00
2016.06.17 17:52:21.950,12.92502,12.92821,0.00,0.00
2016.06.17 17:52:22.637,12.92502,12.9282,0.00,0.00
2016.06.17 17:52:23.386,12.92502,12.92821,0.00,0.00
2016.06.17 17:52:24.328,12.92502,12.9282,0.00,0.00
2016.06.17 17:52:25.934,12.92502,12.92821,0.00,0.00
2016.06.17 17:52:26.249,12.92579,12.92822,0.00,0.00
2016.06.17 17:52:26.448,12.925,12.92772,0.00,0.00
2016.06.17 17:52:26.636,12.925,12.9277,0.00,0.00
2016.06.17 17:52:28.471,12.92401,12.92772,0.00,0.00
2016.06.17 17:52:29.493,12.92409,12.92772,0.00,0.00
2016.06.17 17:52:30.095,12.92401,12.92772,0.00,0.00
2016.06.17 17:52:30.393,12.92418,12.92772,0.00,0.00
2016.06.17 17:52:30.927,12.92499,12.92771,0.00,0.00
2016.06.17 17:52:30.978,12.92499,12.92821,0.00,0.00
2016.06.17 17:52:31.525,12.92502,12.9282,0.00,0.00
2016.06.17 17:52:32.499,12.92502,12.92821,0.00,0.00
2016.06.17 17:52:33.007,12.92489,12.92822,0.00,0.00
2016.06.17 17:52:33.536,12.9249,12.92822,0.00,0.00
2016.06.17 17:52:34.148,12.92489,12.92822,0.00,0.00
2016.06.17 17:52:34.859,12.9249,12.92822,0.00,0.00
2016.06.17 17:52:35.059,12.92469,12.92822,0.00,0.00
2016.06.17 17:52:35.653,12.92469,12.92851,0.00,0.00
2016.06.17 17:52:35.704,12.92502,12.92851,0.00,0.00
2016.06.17 17:52:36.052,12.92502,12.92821,0.00,0.00
2016.06.17 17:52:39.564,12.92502,12.9282,0.00,0.00
2016.06.17 17:52:40.396,12.92502,12.92821,0.00,0.00
2016.06.17 17:52:40.777,12.92599,12.92911,0.00,0.00
2016.06.17 17:52:40.827,12.92602,12.92921,0.00,0.00
2016.06.17 17:52:41.835,12.92699,12.93021,0.00,0.00
2016.06.17 17:52:42.185,12.92701,12.93021,0.00,0.00
2016.06.17 17:52:42.678,12.92701,12.9297,0.00,0.00
2016.06.17 17:52:42.829,12.92629,12.92921,0.00,0.00
2016.06.17 17:52:42.880,12.92588,12.9287,0.00,0.00
2016.06.17 17:52:42.931,12.9258,12.9287,0.00,0.00
2016.06.17 17:52:42.982,12.92569,12.92821,0.00,0.00
2016.06.17 17:52:43.083,12.92519,12.92821,0.00,0.00
2016.06.17 17:52:43.673,12.9252,12.9282,0.00,0.00
2016.06.17 17:52:44.128,12.92509,12.92821,0.00,0.00
2016.06.17 17:52:44.401,12.92602,12.92902,0.00,0.00
2016.06.17 17:52:44.452,12.92602,12.92921,0.00,0.00
2016.06.17 17:52:44.877,12.92602,12.92941,0.00,0.00
2016.06.17 17:52:45.105,12.9257,12.92941,0.00,0.00
2016.06.17 17:52:45.574,12.9257,12.92892,0.00,0.00
2016.06.17 17:52:45.945,12.92501,12.92821,0.00,0.00
2016.06.17 17:52:46.638,12.92501,12.9282,0.00,0.00
2016.06.17 17:52:47.298,12.92501,12.92821,0.00,0.00
2016.06.17 17:52:47.828,12.92501,12.9282,0.00,0.00
2016.06.17 17:52:48.391,12.92501,12.92821,0.00,0.00
2016.06.17 17:52:49.201,12.92501,12.9282,0.00,0.00
2016.06.17 17:52:49.787,12.92501,12.92821,0.00,0.00
2016.06.17 17:52:50.388,12.92501,12.9282,0.00,0.00
2016.06.17 17:52:51.899,12.92501,12.92821,0.00,0.00
2016.06.17 17:52:52.506,12.92501,12.9282,0.00,0.00
2016.06.17 17:52:54.624,12.92501,12.92821,0.00,0.00
2016.06.17 17:52:56.099,12.92501,12.9282,0.00,0.00
2016.06.17 17:52:57.933,12.92501,12.92821,0.00,0.00
2016.06.17 17:52:58.695,12.92501,12.9282,0.00,0.00
2016.06.17 17:52:58.904,12.92862,12.93192,0.00,0.00
2016.06.17 17:52:59.006,12.92829,12.93192,0.00,0.00
2016.06.17 17:52:59.107,12.9281,12.93192,0.00,0.00
2016.06.17 17:52:59.208,12.92819,12.93192,0.00,0.00
2016.06.17 17:52:59.712,12.9282,12.93192,0.00,0.00
2016.06.17 17:53:00.014,12.927,12.9302,0.00,0.00
2016.06.17 17:53:00.408,12.927,12.9297,0.00,0.00
2016.06.17 17:53:01.244,12.92709,12.93021,0.00,0.00
2016.06.17 17:53:01.534,12.92719,12.93021,0.00,0.00
2016.06.17 17:53:02.211,12.9272,12.9302,0.00,0.00
2016.06.17 17:53:02.780,12.92719,12.93021,0.00,0.00
2016.06.17 17:53:03.013,12.9271,12.9302,0.00,0.00
2016.06.17 17:53:03.213,12.92702,12.9302,0.00,0.00
2016.06.17 17:53:04.117,12.92702,12.93021,0.00,0.00
2016.06.17 17:53:05.121,12.92702,12.9302,0.00,0.00
2016.06.17 17:53:06.073,12.92702,12.93021,0.00,0.00
2016.06.17 17:53:06.749,12.92702,12.9302,0.00,0.00
2016.06.17 17:53:07.595,12.92702,12.93021,0.00,0.00
2016.06.17 17:53:08.228,12.92702,12.9302,0.00,0.00
2016.06.17 17:53:08.341,12.92708,12.9302,0.00,0.00
2016.06.17 17:53:08.882,12.92702,12.93021,0.00,0.00
2016.06.17 17:53:09.131,12.92709,12.93021,0.00,0.00
2016.06.17 17:53:09.899,12.9271,12.9302,0.00,0.00
2016.06.17 17:53:10.201,12.92799,12.93071,0.00,0.00
2016.06.17 17:53:11.678,12.92802,12.9307,0.00,0.00
2016.06.17 17:53:11.947,12.92802,12.9312,0.00,0.00
2016.06.17 17:53:12.453,12.92802,12.93121,0.00,0.00
2016.06.17 17:53:12.740,12.9281,12.9312,0.00,0.00
2016.06.17 17:53:13.443,12.92819,12.93121,0.00,0.00
2016.06.17 17:53:13.944,12.9282,12.9312,0.00,0.00
2016.06.17 17:53:15.046,12.9281,12.9312,0.00,0.00
2016.06.17 17:53:15.347,12.92829,12.93121,0.00,0.00
2016.06.17 17:53:15.655,12.92802,12.93121,0.00,0.00
2016.06.17 17:53:16.225,12.92802,12.9312,0.00,0.00
2016.06.17 17:53:17.266,12.92802,12.93121,0.00,0.00
2016.06.17 17:53:17.780,12.92802,12.9312,0.00,0.00
2016.06.17 17:53:19.829,12.92802,12.93121,0.00,0.00
2016.06.17 17:53:20.318,12.92799,12.93121,0.00,0.00
2016.06.17 17:53:21.057,12.928,12.9312,0.00,0.00
2016.06.17 17:53:21.802,12.92801,12.9312,0.00,0.00
2016.06.17 17:53:22.998,12.92801,12.93121,0.00,0.00
2016.06.17 17:53:23.049,12.92799,12.93121,0.00,0.00
2016.06.17 17:53:23.100,12.92739,12.93021,0.00,0.00
2016.06.17 17:53:23.201,12.927,12.9302,0.00,0.00
2016.06.17 17:53:24.023,12.92702,12.93021,0.00,0.00
2016.06.17 17:53:25.771,12.92702,12.9302,0.00,0.00
2016.06.17 17:53:26.872,12.92702,12.93021,0.00,0.00
2016.06.17 17:53:27.387,12.92702,12.9302,0.00,0.00
2016.06.17 17:53:28.778,12.92702,12.93021,0.00,0.00
2016.06.17 17:53:29.880,12.92702,12.9302,0.00,0.00
2016.06.17 17:53:30.381,12.92702,12.93021,0.00,0.00
2016.06.17 17:53:32.403,12.92718,12.9302,0.00,0.00
2016.06.17 17:53:32.831,12.92702,12.93021,0.00,0.00
2016.06.17 17:53:34.289,12.92702,12.9302,0.00,0.00
2016.06.17 17:53:34.789,12.92699,12.93021,0.00,0.00
2016.06.17 17:53:34.840,12.928,12.9307,0.00,0.00
2016.06.17 17:53:34.891,12.928,12.9312,0.00,0.00
2016.06.17 17:53:34.992,12.92769,12.93071,0.00,0.00
2016.06.17 17:53:35.321,12.9273,12.9307,0.00,0.00
2016.06.17 17:53:35.599,12.92701,12.9302,0.00,0.00
2016.06.17 17:53:36.403,12.92701,12.93021,0.00,0.00
2016.06.17 17:53:37.496,12.92701,12.9302,0.00,0.00
2016.06.17 17:53:37.883,12.92738,12.9302,0.00,0.00
2016.06.17 17:53:37.933,12.92799,12.93121,0.00,0.00
2016.06.17 17:53:38.592,12.92801,12.93121,0.00,0.00
2016.06.17 17:53:39.727,12.92799,12.93121,0.00,0.00
2016.06.17 17:53:39.828,12.92769,12.93071,0.00,0.00
2016.06.17 17:53:40.428,12.9277,12.9307,0.00,0.00
2016.06.17 17:53:41.032,12.92769,12.93071,0.00,0.00
2016.06.17 17:53:41.751,12.9277,12.9307,0.00,0.00
2016.06.17 17:53:42.688,12.92801,12.9307,0.00,0.00
2016.06.17 17:53:42.738,12.92801,12.93121,0.00,0.00
2016.06.17 17:53:43.115,12.92801,12.93091,0.00,0.00
2016.06.17 17:53:43.394,12.92719,12.93091,0.00,0.00
2016.06.17 17:53:43.958,12.9272,12.93091,0.00,0.00
2016.06.17 17:53:44.059,12.928,12.9312,0.00,0.00
2016.06.17 17:53:44.615,12.92801,12.9312,0.00,0.00
2016.06.17 17:53:45.014,12.9283,12.9312,0.00,0.00
2016.06.17 17:53:45.115,12.92889,12.93221,0.00,0.00
2016.06.17 17:53:45.251,12.92869,12.93192,0.00,0.00
2016.06.17 17:53:45.782,12.9287,12.93192,0.00,0.00
2016.06.17 17:53:46.550,12.92902,12.9322,0.00,0.00
2016.06.17 17:53:47.066,12.92902,12.93221,0.00,0.00
2016.06.17 17:53:47.218,12.92889,12.93221,0.00,0.00
2016.06.17 17:53:47.269,12.92889,12.93211,0.00,0.00
2016.06.17 17:53:47.370,12.92889,12.93221,0.00,0.00
2016.06.17 17:53:47.421,12.9288,12.93192,0.00,0.00
2016.06.17 17:53:47.522,12.92818,12.93192,0.00,0.00
2016.06.17 17:53:47.573,12.92809,12.93192,0.00,0.00
2016.06.17 17:53:47.818,12.928,12.93192,0.00,0.00
2016.06.17 17:53:48.737,12.92801,12.93192,0.00,0.00
2016.06.17 17:53:49.063,12.92801,12.93142,0.00,0.00
2016.06.17 17:53:49.364,12.92769,12.93121,0.00,0.00
2016.06.17 17:53:49.570,12.92769,12.93092,0.00,0.00
2016.06.17 17:53:49.624,12.9271,12.93092,0.00,0.00
2016.06.17 17:53:49.925,12.92701,12.93092,0.00,0.00
2016.06.17 17:53:50.118,12.92708,12.93092,0.00,0.00
2016.06.17 17:53:50.644,12.92801,12.93121,0.00,0.00
2016.06.17 17:53:51.776,12.9282,12.9312,0.00,0.00
2016.06.17 17:53:52.078,12.92839,12.93121,0.00,0.00
2016.06.17 17:53:52.345,12.92819,12.93121,0.00,0.00
2016.06.17 17:53:52.965,12.9282,12.9312,0.00,0.00
2016.06.17 17:53:53.529,12.92819,12.93121,0.00,0.00
2016.06.17 17:53:53.648,12.92809,12.93121,0.00,0.00
2016.06.17 17:53:53.739,12.92801,12.93121,0.00,0.00
2016.06.17 17:53:53.951,12.92809,12.93121,0.00,0.00
2016.06.17 17:53:54.846,12.92839,12.93121,0.00,0.00
2016.06.17 17:53:55.454,12.92801,12.93121,0.00,0.00
2016.06.17 17:53:55.692,12.92799,12.93121,0.00,0.00
2016.06.17 17:53:55.742,12.92799,12.93092,0.00,0.00
2016.06.17 17:53:55.793,12.9277,12.93092,0.00,0.00
2016.06.17 17:53:57.184,12.92769,12.93092,0.00,0.00
2016.06.17 17:53:57.753,12.9277,12.93092,0.00,0.00
2016.06.17 17:53:58.576,12.9277,12.9312,0.00,0.00
2016.06.17 17:53:58.877,12.92969,12.93172,0.00,0.00
2016.06.17 17:53:58.929,12.92929,12.93302,0.00,0.00
2016.06.17 17:53:58.980,12.92929,12.93321,0.00,0.00
2016.06.17 17:53:59.082,12.92909,12.93321,0.00,0.00
2016.06.17 17:53:59.155,12.92911,12.93321,0.00,0.00
2016.06.17 17:53:59.458,12.92939,12.93221,0.00,0.00
2016.06.17 17:53:59.508,12.92899,12.93221,0.00,0.00
2016.06.17 17:53:59.610,12.92901,12.93221,0.00,0.00
2016.06.17 17:53:59.936,12.92912,12.9322,0.00,0.00
2016.06.17 17:54:00.087,12.92999,12.93321,0.00,0.00
2016.06.17 17:54:00.608,12.9306,12.9332,0.00,0.00
2016.06.17 17:54:00.659,12.93009,12.93321,0.00,0.00
2016.06.17 17:54:01.702,12.9301,12.9332,0.00,0.00
2016.06.17 17:54:02.368,12.93009,12.93321,0.00,0.00
2016.06.17 17:54:03.020,12.9301,12.9332,0.00,0.00
2016.06.17 17:54:03.219,12.93041,12.9332,0.00,0.00
2016.06.17 17:54:03.320,12.93101,12.93392,0.00,0.00
2016.06.17 17:54:03.371,12.93101,12.93421,0.00,0.00
2016.06.17 17:54:03.997,12.93101,12.9342,0.00,0.00
2016.06.17 17:54:04.297,12.93199,12.93471,0.00,0.00
2016.06.17 17:54:04.499,12.931,12.9342,0.00,0.00
2016.06.17 17:54:05.028,12.93102,12.93421,0.00,0.00
2016.06.17 17:54:05.477,12.93169,12.93471,0.00,0.00
2016.06.17 17:54:06.078,12.9317,12.9347,0.00,0.00
2016.06.17 17:54:06.880,12.93169,12.93471,0.00,0.00
2016.06.17 17:54:08.104,12.93101,12.9342,0.00,0.00
2016.06.17 17:54:08.847,12.9314,12.9347,0.00,0.00
2016.06.17 17:54:09.305,12.9313,12.9342,0.00,0.00
2016.06.17 17:54:09.406,12.9311,12.9342,0.00,0.00
2016.06.17 17:54:09.787,12.93101,12.93421,0.00,0.00
2016.06.17 17:54:10.490,12.93101,12.9342,0.00,0.00
2016.06.17 17:54:10.891,12.9312,12.9342,0.00,0.00
2016.06.17 17:54:11.227,12.93109,12.93421,0.00,0.00
2016.06.17 17:54:11.291,12.93119,12.93421,0.00,0.00
2016.06.17 17:54:13.035,12.93101,12.93421,0.00,0.00
2016.06.17 17:54:13.534,12.93109,12.93421,0.00,0.00
2016.06.17 17:54:13.862,12.93179,12.93471,0.00,0.00
2016.06.17 17:54:14.512,12.9313,12.9347,0.00,0.00
2016.06.17 17:54:15.099,12.93129,12.93471,0.00,0.00
2016.06.17 17:54:16.608,12.9313,12.9347,0.00,0.00
2016.06.17 17:54:17.152,12.93129,12.93471,0.00,0.00
2016.06.17 17:54:17.500,12.93099,12.93421,0.00,0.00
2016.06.17 17:54:17.832,12.93101,12.93321,0.00,0.00
2016.06.17 17:54:17.962,12.93001,12.9332,0.00,0.00
2016.06.17 17:54:18.418,12.93079,12.93321,0.00,0.00
2016.06.17 17:54:19.791,12.93009,12.93321,0.00,0.00
2016.06.17 17:54:20.657,12.9301,12.9332,0.00,0.00
2016.06.17 17:54:21.220,12.93009,12.93321,0.00,0.00
2016.06.17 17:54:22.210,12.92909,12.93221,0.00,0.00
2016.06.17 17:54:22.564,12.92902,12.93221,0.00,0.00
2016.06.17 17:54:22.826,12.929,12.9317,0.00,0.00
2016.06.17 17:54:23.353,12.92899,12.93171,0.00,0.00
2016.06.17 17:54:23.890,12.929,12.9317,0.00,0.00
2016.06.17 17:54:24.859,12.92899,12.93171,0.00,0.00
2016.06.17 17:54:26.640,12.929,12.9317,0.00,0.00
2016.06.17 17:54:27.018,12.92902,12.9317,0.00,0.00
2016.06.17 17:54:27.069,12.92902,12.93221,0.00,0.00
2016.06.17 17:54:27.673,12.92902,12.9322,0.00,0.00
2016.06.17 17:54:28.262,12.92889,12.93221,0.00,0.00
2016.06.17 17:54:28.364,12.9281,12.9322,0.00,0.00
2016.06.17 17:54:29.350,12.92809,12.93221,0.00,0.00
2016.06.17 17:54:29.649,12.9282,12.9322,0.00,0.00
2016.06.17 17:54:30.151,12.92819,12.93221,0.00,0.00
2016.06.17 17:54:30.385,12.92801,12.9322,0.00,0.00
2016.06.17 17:54:30.489,12.9281,12.9322,0.00,0.00
2016.06.17 17:54:30.973,12.92839,12.93221,0.00,0.00
2016.06.17 17:54:31.901,12.92829,12.93221,0.00,0.00
2016.06.17 17:54:33.296,12.9281,12.9321,0.00,0.00
2016.06.17 17:54:33.346,12.9281,12.93202,0.00,0.00
2016.06.17 17:54:34.145,12.92809,12.93202,0.00,0.00
2016.06.17 17:54:34.247,12.92809,12.93211,0.00,0.00
2016.06.17 17:54:34.297,12.92801,12.93201,0.00,0.00
2016.06.17 17:54:34.747,12.92801,12.93191,0.00,0.00
2016.06.17 17:54:34.999,12.92801,12.932,0.00,0.00
2016.06.17 17:54:35.939,12.92801,12.93201,0.00,0.00
2016.06.17 17:54:36.457,12.92801,12.932,0.00,0.00
2016.06.17 17:54:37.068,12.92801,12.93221,0.00,0.00
2016.06.17 17:54:37.670,12.92801,12.9322,0.00,0.00
2016.06.17 17:54:37.721,12.92808,12.9322,0.00,0.00
2016.06.17 17:54:38.172,12.92899,12.93171,0.00,0.00
2016.06.17 17:54:39.674,12.929,12.9317,0.00,0.00
2016.06.17 17:54:40.549,12.92901,12.9317,0.00,0.00
2016.06.17 17:54:40.599,12.92901,12.93221,0.00,0.00
2016.06.17 17:54:43.381,12.92901,12.9322,0.00,0.00
2016.06.17 17:54:43.492,12.929,12.9317,0.00,0.00
2016.06.17 17:54:45.429,12.92899,12.93171,0.00,0.00
2016.06.17 17:54:47.508,12.9283,12.9322,0.00,0.00
2016.06.17 17:54:47.559,12.92851,12.9322,0.00,0.00
2016.06.17 17:54:47.892,12.929,12.9322,0.00,0.00
2016.06.17 17:54:48.294,12.92902,12.93291,0.00,0.00
2016.06.17 17:54:49.089,12.92902,12.9322,0.00,0.00
2016.06.17 17:54:49.598,12.92902,12.93221,0.00,0.00
2016.06.17 17:54:51.149,12.92899,12.93221,0.00,0.00
2016.06.17 17:54:51.848,12.929,12.9322,0.00,0.00
2016.06.17 17:54:51.953,12.92902,12.93221,0.00,0.00
2016.06.17 17:54:53.419,12.92902,12.9322,0.00,0.00
2016.06.17 17:54:53.753,12.93,12.9327,0.00,0.00
2016.06.17 17:54:54.420,12.92999,12.93271,0.00,0.00
2016.06.17 17:54:57.730,12.93,12.9327,0.00,0.00
2016.06.17 17:54:58.309,12.92999,12.93271,0.00,0.00
2016.06.17 17:54:58.936,12.93119,12.93399,0.00,0.00
2016.06.17 17:54:58.987,12.93119,12.93421,0.00,0.00
2016.06.17 17:54:59.591,12.9312,12.9342,0.00,0.00
2016.06.17 17:55:00.134,12.9311,12.9342,0.00,0.00
2016.06.17 17:55:00.435,12.93139,12.93421,0.00,0.00
2016.06.17 17:55:00.918,12.93301,12.93582,0.00,0.00
2016.06.17 17:55:00.968,12.93301,12.9362,0.00,0.00
2016.06.17 17:55:01.496,12.93301,12.93621,0.00,0.00
2016.06.17 17:55:01.546,12.934,12.9367,0.00,0.00
2016.06.17 17:55:02.053,12.93309,12.93621,0.00,0.00
2016.06.17 17:55:03.175,12.93329,12.93621,0.00,0.00
2016.06.17 17:55:03.449,12.93399,12.93721,0.00,0.00
2016.06.17 17:55:03.671,12.93329,12.93721,0.00,0.00
2016.06.17 17:55:04.150,12.93399,12.93671,0.00,0.00
2016.06.17 17:55:04.351,12.93319,12.93721,0.00,0.00
2016.06.17 17:55:04.864,12.9332,12.9372,0.00,0.00
2016.06.17 17:55:05.073,12.93318,12.9362,0.00,0.00
2016.06.17 17:55:05.123,12.93301,12.9362,0.00,0.00
2016.06.17 17:55:05.174,12.93258,12.9362,0.00,0.00
2016.06.17 17:55:05.895,12.93172,12.93421,0.00,0.00
2016.06.17 17:55:05.946,12.93119,12.93421,0.00,0.00
2016.06.17 17:55:05.997,12.93101,12.9342,0.00,0.00
2016.06.17 17:55:06.527,12.93101,12.93421,0.00,0.00
2016.06.17 17:55:06.900,12.93099,12.93421,0.00,0.00
2016.06.17 17:55:07.002,12.93089,12.93371,0.00,0.00
2016.06.17 17:55:07.156,12.93099,12.93421,0.00,0.00
2016.06.17 17:55:07.258,12.93109,12.93421,0.00,0.00
2016.06.17 17:55:07.569,12.9312,12.9342,0.00,0.00
2016.06.17 17:55:08.004,12.93102,12.93421,0.00,0.00
2016.06.17 17:55:09.360,12.93102,12.9342,0.00,0.00
2016.06.17 17:55:09.892,12.93102,12.93421,0.00,0.00
2016.06.17 17:55:10.406,12.93102,12.9342,0.00,0.00
2016.06.17 17:55:10.481,12.93109,12.93421,0.00,0.00
2016.06.17 17:55:12.409,12.93179,12.93421,0.00,0.00
2016.06.17 17:55:12.509,12.93102,12.93421,0.00,0.00
2016.06.17 17:55:13.059,12.93102,12.9342,0.00,0.00
2016.06.17 17:55:13.680,12.93102,12.93421,0.00,0.00
2016.06.17 17:55:13.882,12.93099,12.93421,0.00,0.00
2016.06.17 17:55:13.933,12.93099,12.93451,0.00,0.00
2016.06.17 17:55:13.983,12.9307,12.9337,0.00,0.00
2016.06.17 17:55:14.430,12.93019,12.93321,0.00,0.00
2016.06.17 17:55:14.713,12.9307,12.9337,0.00,0.00
2016.06.17 17:55:15.803,12.93069,12.93371,0.00,0.00
2016.06.17 17:55:16.914,12.93101,12.93371,0.00,0.00
2016.06.17 17:55:17.249,12.9312,12.9337,0.00,0.00
2016.06.17 17:55:17.506,12.93101,12.93371,0.00,0.00
2016.06.17 17:55:17.607,12.9304,12.9332,0.00,0.00
2016.06.17 17:55:18.321,12.93062,12.9332,0.00,0.00
2016.06.17 17:55:18.372,12.93111,12.93421,0.00,0.00
2016.06.17 17:55:18.423,12.9314,12.9347,0.00,0.00
2016.06.17 17:55:19.203,12.93139,12.93471,0.00,0.00
2016.06.17 17:55:19.824,12.93129,12.93471,0.00,0.00
2016.06.17 17:55:20.551,12.9313,12.9347,0.00,0.00
2016.06.17 17:55:20.609,12.93139,12.93471,0.00,0.00
2016.06.17 17:55:20.927,12.93202,12.9352,0.00,0.00
2016.06.17 17:55:21.913,12.93202,12.93521,0.00,0.00
2016.06.17 17:55:22.439,12.93202,12.9352,0.00,0.00
2016.06.17 17:55:23.147,12.93202,12.93521,0.00,0.00
2016.06.17 17:55:24.020,12.93202,12.9352,0.00,0.00
2016.06.17 17:55:25.926,12.93202,12.93521,0.00,0.00
2016.06.17 17:55:26.427,12.93202,12.9352,0.00,0.00
2016.06.17 17:55:29.735,12.93202,12.93521,0.00,0.00
2016.06.17 17:55:32.088,12.93199,12.93521,0.00,0.00
2016.06.17 17:55:32.189,12.93199,12.93571,0.00,0.00
2016.06.17 17:55:32.291,12.93239,12.93521,0.00,0.00
2016.06.17 17:55:32.595,12.9325,12.9352,0.00,0.00
2016.06.17 17:55:32.992,12.93229,12.93521,0.00,0.00
2016.06.17 17:55:33.193,12.93209,12.93521,0.00,0.00
2016.06.17 17:55:33.828,12.9321,12.9352,0.00,0.00
2016.06.17 17:55:34.281,12.932,12.9347,0.00,0.00
2016.06.17 17:55:35.450,12.93199,12.93471,0.00,0.00
2016.06.17 17:55:36.291,12.93129,12.93421,0.00,0.00
2016.06.17 17:55:36.341,12.93139,12.93421,0.00,0.00
2016.06.17 17:55:36.993,12.9317,12.9347,0.00,0.00
2016.06.17 17:55:37.642,12.93169,12.93471,0.00,0.00
2016.06.17 17:55:38.544,12.9317,12.9347,0.00,0.00
2016.06.17 17:55:39.959,12.93169,12.93471,0.00,0.00
2016.06.17 17:55:41.163,12.9317,12.9347,0.00,0.00
2016.06.17 17:55:41.763,12.93169,12.93471,0.00,0.00
2016.06.17 17:55:44.572,12.9317,12.9347,0.00,0.00
2016.06.17 17:55:44.674,12.93129,12.93421,0.00,0.00
2016.06.17 17:55:45.008,12.93179,12.93471,0.00,0.00
2016.06.17 17:55:46.878,12.9318,12.9347,0.00,0.00
2016.06.17 17:55:48.612,12.93179,12.93471,0.00,0.00
2016.06.17 17:55:49.294,12.93109,12.93421,0.00,0.00
2016.06.17 17:55:50.021,12.93101,12.9342,0.00,0.00
2016.06.17 17:55:50.535,12.93101,12.93421,0.00,0.00
2016.06.17 17:55:51.291,12.93101,12.9342,0.00,0.00
2016.06.17 17:55:52.094,12.93109,12.93421,0.00,0.00
2016.06.17 17:55:52.785,12.9311,12.9342,0.00,0.00
2016.06.17 17:55:53.548,12.93199,12.93471,0.00,0.00
2016.06.17 17:55:54.101,12.93129,12.93421,0.00,0.00
2016.06.17 17:55:54.972,12.9311,12.9342,0.00,0.00
2016.06.17 17:55:55.124,12.9312,12.9347,0.00,0.00
2016.06.17 17:55:55.174,12.9312,12.93452,0.00,0.00
2016.06.17 17:55:55.522,12.93169,12.93471,0.00,0.00
2016.06.17 17:55:55.908,12.9312,12.9342,0.00,0.00
2016.06.17 17:55:56.546,12.93119,12.93421,0.00,0.00
2016.06.17 17:55:57.012,12.93109,12.93421,0.00,0.00
2016.06.17 17:55:57.537,12.9311,12.9342,0.00,0.00
2016.06.17 17:55:58.081,12.93109,12.93421,0.00,0.00
2016.06.17 17:55:59.621,12.9311,12.9342,0.00,0.00
2016.06.17 17:56:00.540,12.93102,12.93421,0.00,0.00
2016.06.17 17:56:01.006,12.93099,12.93421,0.00,0.00
2016.06.17 17:56:01.588,12.93111,12.93421,0.00,0.00
2016.06.17 17:56:01.890,12.93269,12.93521,0.00,0.00
2016.06.17 17:56:01.941,12.93219,12.93521,0.00,0.00
2016.06.17 17:56:02.532,12.9322,12.9352,0.00,0.00
2016.06.17 17:56:02.626,12.93202,12.93561,0.00,0.00
2016.06.17 17:56:02.726,12.9322,12.9352,0.00,0.00
2016.06.17 17:56:02.837,12.93202,12.93521,0.00,0.00
2016.06.17 17:56:03.435,12.93202,12.9352,0.00,0.00
2016.06.17 17:56:04.618,12.93202,12.93521,0.00,0.00
2016.06.17 17:56:04.669,12.93199,12.93521,0.00,0.00
2016.06.17 17:56:04.720,12.93199,12.93511,0.00,0.00
2016.06.17 17:56:05.049,12.9317,12.9342,0.00,0.00
2016.06.17 17:56:05.344,12.93201,12.9352,0.00,0.00
2016.06.17 17:56:05.933,12.93201,12.93521,0.00,0.00
2016.06.17 17:56:06.034,12.93199,12.93521,0.00,0.00
2016.06.17 17:56:08.464,12.9314,12.9342,0.00,0.00
2016.06.17 17:56:08.565,12.9311,12.9342,0.00,0.00
2016.06.17 17:56:09.440,12.93202,12.93471,0.00,0.00
2016.06.17 17:56:09.659,12.93202,12.93521,0.00,0.00
2016.06.17 17:56:10.071,12.93202,12.93471,0.00,0.00
2016.06.17 17:56:10.122,12.93199,12.93471,0.00,0.00
2016.06.17 17:56:11.344,12.932,12.9347,0.00,0.00
2016.06.17 17:56:12.793,12.93199,12.93471,0.00,0.00
2016.06.17 17:56:14.857,12.93201,12.93471,0.00,0.00
2016.06.17 17:56:14.958,12.93201,12.9352,0.00,0.00
2016.06.17 17:56:15.714,12.93201,12.93521,0.00,0.00
2016.06.17 17:56:16.189,12.9321,12.9352,0.00,0.00
2016.06.17 17:56:17.059,12.93209,12.93521,0.00,0.00
2016.06.17 17:56:17.787,12.9321,12.9352,0.00,0.00
2016.06.17 17:56:18.968,12.93209,12.93521,0.00,0.00
2016.06.17 17:56:20.012,12.93219,12.93521,0.00,0.00
2016.06.17 17:56:20.314,12.93229,12.93521,0.00,0.00
2016.06.17 17:56:21.011,12.9323,12.9352,0.00,0.00
2016.06.17 17:56:21.575,12.9328,12.9357,0.00,0.00
2016.06.17 17:56:21.938,12.9328,12.9352,0.00,0.00
2016.06.17 17:56:22.577,12.93201,12.93602,0.00,0.00
2016.06.17 17:56:23.054,12.93201,12.93521,0.00,0.00
2016.06.17 17:56:27.296,12.93201,12.9352,0.00,0.00
2016.06.17 17:56:27.599,12.93301,12.93582,0.00,0.00
2016.06.17 17:56:27.650,12.93301,12.93621,0.00,0.00
2016.06.17 17:56:27.700,12.93301,12.93571,0.00,0.00
2016.06.17 17:56:27.920,12.93301,12.9362,0.00,0.00
2016.06.17 17:56:28.710,12.93301,12.93672,0.00,0.00
2016.06.17 17:56:29.496,12.93301,12.9362,0.00,0.00
2016.06.17 17:56:29.723,12.93229,12.93601,0.00,0.00
2016.06.17 17:56:30.198,12.93209,12.93601,0.00,0.00
2016.06.17 17:56:31.760,12.9321,12.936,0.00,0.00
2016.06.17 17:56:33.407,12.93209,12.93601,0.00,0.00
2016.06.17 17:56:34.817,12.93269,12.93601,0.00,0.00
2016.06.17 17:56:34.918,12.93229,12.93601,0.00,0.00
2016.06.17 17:56:35.211,12.9327,12.936,0.00,0.00
2016.06.17 17:56:36.163,12.93219,12.93601,0.00,0.00
2016.06.17 17:56:37.285,12.93201,12.93592,0.00,0.00
2016.06.17 17:56:37.658,12.93201,12.93601,0.00,0.00
2016.06.17 17:56:37.708,12.93201,12.93591,0.00,0.00
2016.06.17 17:56:38.017,12.93109,12.93421,0.00,0.00
2016.06.17 17:56:38.120,12.931,12.9342,0.00,0.00
2016.06.17 17:56:38.883,12.93101,12.93421,0.00,0.00
2016.06.17 17:56:39.723,12.93101,12.9342,0.00,0.00
2016.06.17 17:56:40.253,12.931,12.9342,0.00,0.00
2016.06.17 17:56:40.354,12.9313,12.9347,0.00,0.00
2016.06.17 17:56:40.455,12.9311,12.9342,0.00,0.00
2016.06.17 17:56:41.637,12.93101,12.9342,0.00,0.00
2016.06.17 17:56:42.429,12.93101,12.93421,0.00,0.00
2016.06.17 17:56:42.748,12.93199,12.93521,0.00,0.00
2016.06.17 17:56:43.472,12.93201,12.93521,0.00,0.00
2016.06.17 17:56:45.106,12.93301,12.936,0.00,0.00
2016.06.17 17:56:45.263,12.93219,12.93601,0.00,0.00
2016.06.17 17:56:45.542,12.933,12.9357,0.00,0.00
2016.06.17 17:56:45.887,12.9322,12.9352,0.00,0.00
2016.06.17 17:56:46.042,12.93201,12.93521,0.00,0.00
2016.06.17 17:56:47.996,12.93209,12.93521,0.00,0.00
2016.06.17 17:56:48.598,12.9322,12.9352,0.00,0.00
2016.06.17 17:56:49.108,12.93219,12.93521,0.00,0.00
2016.06.17 17:56:50.160,12.93229,12.93571,0.00,0.00
2016.06.17 17:56:50.709,12.9323,12.9357,0.00,0.00
2016.06.17 17:56:51.300,12.9322,12.9352,0.00,0.00
2016.06.17 17:56:52.347,12.93202,12.93521,0.00,0.00
2016.06.17 17:56:53.903,12.93202,12.9352,0.00,0.00
2016.06.17 17:56:54.716,12.93202,12.93521,0.00,0.00
2016.06.17 17:56:55.219,12.93202,12.9352,0.00,0.00
2016.06.17 17:56:55.770,12.93202,12.93521,0.00,0.00
2016.06.17 17:56:56.536,12.93202,12.9352,0.00,0.00
2016.06.17 17:56:57.197,12.93202,12.93521,0.00,0.00
2016.06.17 17:56:58.575,12.93202,12.9352,0.00,0.00
2016.06.17 17:56:59.155,12.93202,12.93521,0.00,0.00
2016.06.17 17:56:59.744,12.93202,12.9352,0.00,0.00
2016.06.17 17:57:00.435,12.93202,12.93521,0.00,0.00
2016.06.17 17:57:06.397,12.93202,12.9352,0.00,0.00
2016.06.17 17:57:07.501,12.93202,12.93521,0.00,0.00
2016.06.17 17:57:08.204,12.93202,12.9352,0.00,0.00
2016.06.17 17:57:08.727,12.93202,12.93521,0.00,0.00
2016.06.17 17:57:10.310,12.93202,12.9352,0.00,0.00
2016.06.17 17:57:10.818,12.93202,12.93521,0.00,0.00
2016.06.17 17:57:11.594,12.93202,12.9352,0.00,0.00
2016.06.17 17:57:12.121,12.93218,12.93521,0.00,0.00
2016.06.17 17:57:12.273,12.93302,12.9362,0.00,0.00
2016.06.17 17:57:12.918,12.9332,12.9362,0.00,0.00
2016.06.17 17:57:13.678,12.93319,12.93621,0.00,0.00
2016.06.17 17:57:14.336,12.9332,12.9362,0.00,0.00
2016.06.17 17:57:15.326,12.93319,12.93621,0.00,0.00
2016.06.17 17:57:16.058,12.9332,12.9362,0.00,0.00
2016.06.17 17:57:16.622,12.93319,12.93621,0.00,0.00
2016.06.17 17:57:16.877,12.93401,12.93721,0.00,0.00
2016.06.17 17:57:17.632,12.93401,12.9372,0.00,0.00
2016.06.17 17:57:17.947,12.93409,12.93721,0.00,0.00
2016.06.17 17:57:18.277,12.93429,12.93721,0.00,0.00
2016.06.17 17:57:19.171,12.9342,12.9372,0.00,0.00
2016.06.17 17:57:19.787,12.93419,12.93721,0.00,0.00
2016.06.17 17:57:20.265,12.9343,12.9372,0.00,0.00
2016.06.17 17:57:20.600,12.93499,12.93771,0.00,0.00
2016.06.17 17:57:20.651,12.935,12.9382,0.00,0.00
2016.06.17 17:57:21.201,12.93502,12.93821,0.00,0.00
2016.06.17 17:57:21.970,12.93502,12.9382,0.00,0.00
2016.06.17 17:57:22.632,12.93502,12.93821,0.00,0.00
2016.06.17 17:57:23.146,12.93502,12.9382,0.00,0.00
2016.06.17 17:57:24.178,12.93502,12.93821,0.00,0.00
2016.06.17 17:57:24.999,12.93502,12.9382,0.00,0.00
2016.06.17 17:57:25.957,12.93509,12.93821,0.00,0.00
2016.06.17 17:57:26.882,12.93519,12.93821,0.00,0.00
2016.06.17 17:57:27.759,12.93529,12.93821,0.00,0.00
2016.06.17 17:57:28.284,12.9353,12.9382,0.00,0.00
2016.06.17 17:57:28.504,12.9357,12.9387,0.00,0.00
2016.06.17 17:57:28.605,12.9359,12.939,0.00,0.00
2016.06.17 17:57:28.706,12.936,12.9392,0.00,0.00
2016.06.17 17:57:29.348,12.93602,12.93921,0.00,0.00
2016.06.17 17:57:30.464,12.93602,12.9392,0.00,0.00
2016.06.17 17:57:32.087,12.93509,12.93901,0.00,0.00
2016.06.17 17:57:32.618,12.9351,12.939,0.00,0.00
2016.06.17 17:57:33.310,12.93501,12.939,0.00,0.00
2016.06.17 17:57:34.096,12.93501,12.93901,0.00,0.00
2016.06.17 17:57:34.322,12.93501,12.93892,0.00,0.00
2016.06.17 17:57:35.012,12.93501,12.9382,0.00,0.00
2016.06.17 17:57:35.174,12.93501,12.93851,0.00,0.00
2016.06.17 17:57:35.225,12.93501,12.93882,0.00,0.00
2016.06.17 17:57:35.508,12.93501,12.93862,0.00,0.00
2016.06.17 17:57:36.720,12.93501,12.93872,0.00,0.00
2016.06.17 17:57:36.822,12.93501,12.9382,0.00,0.00
2016.06.17 17:57:36.979,12.93501,12.93851,0.00,0.00
2016.06.17 17:57:37.215,12.93501,12.9389,0.00,0.00
2016.06.17 17:57:37.580,12.93501,12.93901,0.00,0.00
2016.06.17 17:57:37.716,12.93501,12.93861,0.00,0.00
2016.06.17 17:57:38.725,12.93501,12.93892,0.00,0.00
2016.06.17 17:57:39.414,12.93499,12.93892,0.00,0.00
2016.06.17 17:57:39.465,12.93499,12.93852,0.00,0.00
2016.06.17 17:57:39.767,12.93399,12.93721,0.00,0.00
2016.06.17 17:57:40.194,12.93402,12.93721,0.00,0.00
2016.06.17 17:57:40.892,12.93402,12.9372,0.00,0.00
2016.06.17 17:57:41.421,12.93402,12.93721,0.00,0.00
2016.06.17 17:57:42.123,12.93409,12.93721,0.00,0.00
2016.06.17 17:57:42.522,12.93402,12.93721,0.00,0.00
2016.06.17 17:57:43.023,12.93402,12.9372,0.00,0.00
2016.06.17 17:57:43.124,12.9341,12.9372,0.00,0.00
2016.06.17 17:57:43.507,12.93402,12.93721,0.00,0.00
2016.06.17 17:57:44.024,12.93402,12.9372,0.00,0.00
2016.06.17 17:57:45.330,12.93409,12.93721,0.00,0.00
2016.06.17 17:57:46.077,12.9341,12.9372,0.00,0.00
2016.06.17 17:57:46.331,12.93479,12.93801,0.00,0.00
2016.06.17 17:57:46.400,12.93479,12.93721,0.00,0.00
2016.06.17 17:57:47.070,12.9348,12.9372,0.00,0.00
2016.06.17 17:57:47.729,12.93479,12.93721,0.00,0.00
2016.06.17 17:57:48.993,12.93409,12.93721,0.00,0.00
2016.06.17 17:57:49.044,12.93402,12.93721,0.00,0.00
2016.06.17 17:57:49.733,12.93399,12.93721,0.00,0.00
2016.06.17 17:57:49.834,12.935,12.9382,0.00,0.00
2016.06.17 17:57:50.403,12.93501,12.93821,0.00,0.00
2016.06.17 17:57:51.610,12.93501,12.9382,0.00,0.00
2016.06.17 17:57:53.206,12.935,12.9382,0.00,0.00
2016.06.17 17:57:53.257,12.935,12.9384,0.00,0.00
2016.06.17 17:57:53.358,12.935,12.9385,0.00,0.00
2016.06.17 17:57:54.041,12.93499,12.93851,0.00,0.00
2016.06.17 17:57:54.417,12.93502,12.9385,0.00,0.00
2016.06.17 17:57:54.787,12.93502,12.93821,0.00,0.00
2016.06.17 17:57:55.120,12.9354,12.9382,0.00,0.00
2016.06.17 17:57:55.419,12.93519,12.93821,0.00,0.00
2016.06.17 17:57:56.150,12.9351,12.9382,0.00,0.00
2016.06.17 17:57:56.690,12.93509,12.93821,0.00,0.00
2016.06.17 17:57:57.222,12.93519,12.93821,0.00,0.00
2016.06.17 17:57:58.142,12.9352,12.9382,0.00,0.00
2016.06.17 17:57:59.226,12.93519,12.93821,0.00,0.00
2016.06.17 17:58:00.499,12.9352,12.9382,0.00,0.00
2016.06.17 17:58:00.670,12.93599,12.93921,0.00,0.00
2016.06.17 17:58:01.222,12.93601,12.93921,0.00,0.00
2016.06.17 17:58:02.032,12.93601,12.9392,0.00,0.00
2016.06.17 17:58:02.674,12.93601,12.93921,0.00,0.00
2016.06.17 17:58:03.335,12.93601,12.9392,0.00,0.00
2016.06.17 17:58:03.851,12.93601,12.93921,0.00,0.00
2016.06.17 17:58:04.642,12.93601,12.9392,0.00,0.00
2016.06.17 17:58:05.082,12.9354,12.93921,0.00,0.00
2016.06.17 17:58:05.138,12.93499,12.93821,0.00,0.00
2016.06.17 17:58:05.453,12.93509,12.93871,0.00,0.00
2016.06.17 17:58:05.554,12.93509,12.93821,0.00,0.00
2016.06.17 17:58:05.854,12.93501,12.93821,0.00,0.00
2016.06.17 17:58:06.455,12.93501,12.9382,0.00,0.00
2016.06.17 17:58:07.159,12.93501,12.93821,0.00,0.00
2016.06.17 17:58:07.771,12.93501,12.9382,0.00,0.00
2016.06.17 17:58:08.289,12.93501,12.93821,0.00,0.00
2016.06.17 17:58:08.457,12.93499,12.93821,0.00,0.00
2016.06.17 17:58:08.558,12.93599,12.93921,0.00,0.00
2016.06.17 17:58:09.091,12.936,12.9392,0.00,0.00
2016.06.17 17:58:09.454,12.93602,12.9392,0.00,0.00
2016.06.17 17:58:09.760,12.93669,12.93921,0.00,0.00
2016.06.17 17:58:10.051,12.93609,12.93921,0.00,0.00
2016.06.17 17:58:11.968,12.93539,12.93952,0.00,0.00
2016.06.17 17:58:12.019,12.93539,12.93931,0.00,0.00
2016.06.17 17:58:12.558,12.93519,12.93931,0.00,0.00
2016.06.17 17:58:14.279,12.9352,12.93931,0.00,0.00
2016.06.17 17:58:15.837,12.93519,12.93931,0.00,0.00
2016.06.17 17:58:17.220,12.93519,12.93951,0.00,0.00
2016.06.17 17:58:17.271,12.93601,12.9392,0.00,0.00
2016.06.17 17:58:18.289,12.93601,12.93921,0.00,0.00
2016.06.17 17:58:19.170,12.93601,12.9392,0.00,0.00
2016.06.17 17:58:19.949,12.93601,12.93921,0.00,0.00
2016.06.17 17:58:20.874,12.93601,12.9392,0.00,0.00
2016.06.17 17:58:21.375,12.93601,12.93921,0.00,0.00
2016.06.17 17:58:21.877,12.93601,12.9392,0.00,0.00
2016.06.17 17:58:23.781,12.93619,12.93921,0.00,0.00
2016.06.17 17:58:24.382,12.9362,12.9392,0.00,0.00
2016.06.17 17:58:24.482,12.93601,12.93921,0.00,0.00
2016.06.17 17:58:25.450,12.9362,12.9392,0.00,0.00
2016.06.17 17:58:25.885,12.93601,12.93921,0.00,0.00
2016.06.17 17:58:26.393,12.93601,12.9392,0.00,0.00
2016.06.17 17:58:27.328,12.93601,12.93921,0.00,0.00
2016.06.17 17:58:28.186,12.93601,12.9392,0.00,0.00
2016.06.17 17:58:28.690,12.93601,12.93921,0.00,0.00
2016.06.17 17:58:29.506,12.93601,12.9392,0.00,0.00
2016.06.17 17:58:29.607,12.93699,12.94021,0.00,0.00
2016.06.17 17:58:30.161,12.937,12.9402,0.00,0.00
2016.06.17 17:58:30.739,12.93701,12.94021,0.00,0.00
2016.06.17 17:58:31.296,12.93701,12.9402,0.00,0.00
2016.06.17 17:58:31.697,12.93719,12.94021,0.00,0.00
2016.06.17 17:58:32.034,12.93729,12.94021,0.00,0.00
2016.06.17 17:58:32.460,12.93701,12.94021,0.00,0.00
2016.06.17 17:58:32.986,12.93701,12.9402,0.00,0.00
2016.06.17 17:58:33.658,12.93701,12.94021,0.00,0.00
2016.06.17 17:58:34.403,12.9372,12.9402,0.00,0.00
2016.06.17 17:58:35.319,12.93719,12.94021,0.00,0.00
2016.06.17 17:58:35.906,12.93709,12.94021,0.00,0.00
2016.06.17 17:58:36.711,12.9371,12.9402,0.00,0.00
2016.06.17 17:58:37.108,12.93701,12.94021,0.00,0.00
2016.06.17 17:58:37.650,12.93701,12.9402,0.00,0.00
2016.06.17 17:58:38.311,12.93701,12.94021,0.00,0.00
2016.06.17 17:58:38.823,12.93701,12.9402,0.00,0.00
2016.06.17 17:58:39.326,12.93701,12.94021,0.00,0.00
2016.06.17 17:58:39.533,12.9372,12.9402,0.00,0.00
2016.06.17 17:58:40.070,12.93719,12.94021,0.00,0.00
2016.06.17 17:58:40.146,12.93701,12.94021,0.00,0.00
2016.06.17 17:58:40.768,12.93699,12.94021,0.00,0.00
2016.06.17 17:58:41.161,12.9367,12.9392,0.00,0.00
2016.06.17 17:58:41.765,12.93669,12.93921,0.00,0.00
2016.06.17 17:58:42.734,12.93602,12.9392,0.00,0.00
2016.06.17 17:58:43.235,12.93602,12.93921,0.00,0.00
2016.06.17 17:58:43.856,12.9353,12.93881,0.00,0.00
2016.06.17 17:58:44.038,12.9351,12.93881,0.00,0.00
2016.06.17 17:58:44.344,12.93599,12.93912,0.00,0.00
2016.06.17 17:58:44.394,12.93599,12.93931,0.00,0.00
2016.06.17 17:58:44.445,12.936,12.9387,0.00,0.00
2016.06.17 17:58:44.553,12.93569,12.93871,0.00,0.00
2016.06.17 17:58:44.769,12.93599,12.93921,0.00,0.00
2016.06.17 17:58:45.263,12.93629,12.93921,0.00,0.00
2016.06.17 17:58:47.270,12.93729,12.93991,0.00,0.00
2016.06.17 17:58:47.321,12.93729,12.94021,0.00,0.00
2016.06.17 17:58:47.865,12.9373,12.94021,0.00,0.00
2016.06.17 17:58:47.948,12.9372,12.94021,0.00,0.00
2016.06.17 17:58:48.653,12.93701,12.94021,0.00,0.00
2016.06.17 17:58:49.251,12.93701,12.94021,0.00,0.00
2016.06.17 17:58:50.587,12.93709,12.94021,0.00,0.00
2016.06.17 17:58:50.915,12.9373,12.9402,0.00,0.00
2016.06.17 17:58:51.456,12.93729,12.94021,0.00,0.00
2016.06.17 17:58:51.991,12.9371,12.9402,0.00,0.00
2016.06.17 17:58:52.589,12.93709,12.94021,0.00,0.00
2016.06.17 17:58:52.959,12.93701,12.9402,0.00,0.00
2016.06.17 17:58:53.090,12.93709,12.94021,0.00,0.00
2016.06.17 17:58:53.761,12.9371,12.9402,0.00,0.00
2016.06.17 17:58:54.440,12.93709,12.94021,0.00,0.00
2016.06.17 17:58:55.103,12.9371,12.9402,0.00,0.00
2016.06.17 17:58:55.431,12.93779,12.94021,0.00,0.00
2016.06.17 17:58:56.677,12.9371,12.9402,0.00,0.00
2016.06.17 17:58:57.185,12.93709,12.94021,0.00,0.00
2016.06.17 17:58:57.778,12.93701,12.94021,0.00,0.00
2016.06.17 17:58:58.034,12.93769,12.94021,0.00,0.00
2016.06.17 17:58:58.218,12.93899,12.94221,0.00,0.00
2016.06.17 17:58:58.319,12.93899,12.94171,0.00,0.00
2016.06.17 17:58:59.020,12.93899,12.94221,0.00,0.00
2016.06.17 17:58:59.101,12.93902,12.94221,0.00,0.00
2016.06.17 17:58:59.823,12.93902,12.9422,0.00,0.00
2016.06.17 17:59:00.472,12.93902,12.94221,0.00,0.00
2016.06.17 17:59:01.178,12.93899,12.94221,0.00,0.00
2016.06.17 17:59:01.288,12.93899,12.94171,0.00,0.00
2016.06.17 17:59:01.589,12.9382,12.9412,0.00,0.00
2016.06.17 17:59:02.113,12.93819,12.94121,0.00,0.00
2016.06.17 17:59:03.096,12.93809,12.94121,0.00,0.00
2016.06.17 17:59:03.994,12.9381,12.9412,0.00,0.00
2016.06.17 17:59:04.551,12.93809,12.94121,0.00,0.00
2016.06.17 17:59:06.646,12.93801,12.94121,0.00,0.00
2016.06.17 17:59:07.630,12.93809,12.94121,0.00,0.00
2016.06.17 17:59:08.272,12.9381,12.9412,0.00,0.00
2016.06.17 17:59:08.805,12.93819,12.94121,0.00,0.00
2016.06.17 17:59:09.578,12.9382,12.9412,0.00,0.00
2016.06.17 17:59:09.857,12.93759,12.94071,0.00,0.00
2016.06.17 17:59:09.908,12.93739,12.94071,0.00,0.00
2016.06.17 17:59:09.959,12.93661,12.93921,0.00,0.00
2016.06.17 17:59:10.010,12.93601,12.93921,0.00,0.00
2016.06.17 17:59:10.557,12.93601,12.9392,0.00,0.00
2016.06.17 17:59:11.658,12.93601,12.93921,0.00,0.00
2016.06.17 17:59:12.235,12.93601,12.9392,0.00,0.00
2016.06.17 17:59:12.740,12.93601,12.93921,0.00,0.00
2016.06.17 17:59:13.407,12.93601,12.9392,0.00,0.00
2016.06.17 17:59:14.237,12.93601,12.93921,0.00,0.00
2016.06.17 17:59:15.739,12.93601,12.9392,0.00,0.00
2016.06.17 17:59:16.250,12.9369,12.9402,0.00,0.00
2016.06.17 17:59:16.351,12.93689,12.93971,0.00,0.00
2016.06.17 17:59:16.452,12.9362,12.9397,0.00,0.00
2016.06.17 17:59:17.736,12.93619,12.93971,0.00,0.00
2016.06.17 17:59:19.240,12.93609,12.93971,0.00,0.00
2016.06.17 17:59:19.745,12.9361,12.9397,0.00,0.00
2016.06.17 17:59:20.344,12.93609,12.93971,0.00,0.00
2016.06.17 17:59:20.981,12.93669,12.93921,0.00,0.00
2016.06.17 17:59:21.082,12.93659,12.93921,0.00,0.00
2016.06.17 17:59:21.136,12.93601,12.9392,0.00,0.00
2016.06.17 17:59:21.901,12.937,12.9402,0.00,0.00
2016.06.17 17:59:22.374,12.93609,12.94021,0.00,0.00
2016.06.17 17:59:22.425,12.93601,12.93991,0.00,0.00
2016.06.17 17:59:22.842,12.93601,12.94001,0.00,0.00
2016.06.17 17:59:22.943,12.93601,12.94011,0.00,0.00
2016.06.17 17:59:23.664,12.93601,12.9401,0.00,0.00
2016.06.17 17:59:24.243,12.93601,12.9402,0.00,0.00
2016.06.17 17:59:24.296,12.93601,12.94001,0.00,0.00
2016.06.17 17:59:24.498,12.93601,12.9401,0.00,0.00
2016.06.17 17:59:24.548,12.93601,12.94001,0.00,0.00
2016.06.17 17:59:24.851,12.93601,12.9399,0.00,0.00
2016.06.17 17:59:25.222,12.93601,12.93972,0.00,0.00
2016.06.17 17:59:25.955,12.93601,12.93992,0.00,0.00
2016.06.17 17:59:26.297,12.93601,12.94001,0.00,0.00
2016.06.17 17:59:26.677,12.93601,12.94011,0.00,0.00
2016.06.17 17:59:26.839,12.93599,12.94011,0.00,0.00
2016.06.17 17:59:26.890,12.937,12.9402,0.00,0.00
2016.06.17 17:59:27.192,12.9369,12.9397,0.00,0.00
2016.06.17 17:59:27.494,12.9361,12.9392,0.00,0.00
2016.06.17 17:59:28.193,12.93609,12.93921,0.00,0.00
2016.06.17 17:59:28.244,12.93601,12.93921,0.00,0.00
2016.06.17 17:59:29.268,12.93601,12.9392,0.00,0.00
2016.06.17 17:59:29.827,12.93601,12.93921,0.00,0.00
2016.06.17 17:59:31.999,12.93599,12.93921,0.00,0.00
2016.06.17 17:59:32.775,12.93499,12.93821,0.00,0.00
2016.06.17 17:59:33.098,12.93502,12.9382,0.00,0.00
2016.06.17 17:59:33.758,12.93502,12.93821,0.00,0.00
2016.06.17 17:59:34.589,12.93502,12.9382,0.00,0.00
2016.06.17 17:59:35.319,12.93449,12.93771,0.00,0.00
2016.06.17 17:59:35.382,12.93429,12.93721,0.00,0.00
2016.06.17 17:59:35.433,12.93399,12.93721,0.00,0.00
2016.06.17 17:59:35.602,12.93469,12.93771,0.00,0.00
2016.06.17 17:59:35.935,12.9346,12.9372,0.00,0.00
2016.06.17 17:59:36.511,12.9342,12.9377,0.00,0.00
2016.06.17 17:59:37.736,12.93502,12.9382,0.00,0.00
2016.06.17 17:59:38.207,12.93502,12.9377,0.00,0.00
2016.06.17 17:59:38.408,12.93401,12.9372,0.00,0.00
2016.06.17 17:59:38.721,12.9348,12.9377,0.00,0.00
2016.06.17 17:59:39.042,12.93489,12.93771,0.00,0.00
2016.06.17 17:59:39.193,12.93459,12.93771,0.00,0.00
2016.06.17 17:59:40.795,12.9346,12.9377,0.00,0.00
2016.06.17 17:59:41.296,12.93459,12.93771,0.00,0.00
2016.06.17 17:59:41.511,12.9341,12.9377,0.00,0.00
2016.06.17 17:59:42.156,12.93409,12.93771,0.00,0.00
2016.06.17 17:59:42.944,12.93401,12.93721,0.00,0.00
2016.06.17 17:59:43.294,12.9348,12.9372,0.00,0.00
2016.06.17 17:59:43.345,12.93459,12.93721,0.00,0.00
2016.06.17 17:59:43.846,12.9346,12.9372,0.00,0.00
2016.06.17 17:59:45.071,12.93459,12.93721,0.00,0.00
2016.06.17 17:59:46.217,12.9349,12.9377,0.00,0.00
2016.06.17 17:59:46.444,12.9342,12.9377,0.00,0.00
2016.06.17 17:59:47.145,12.93419,12.93771,0.00,0.00
2016.06.17 17:59:47.246,12.9341,12.9377,0.00,0.00
2016.06.17 17:59:47.843,12.93409,12.93771,0.00,0.00
2016.06.17 17:59:49.521,12.93401,12.9372,0.00,0.00
2016.06.17 17:59:49.866,12.93489,12.93771,0.00,0.00
2016.06.17 17:59:50.317,12.93499,12.93771,0.00,0.00
2016.06.17 17:59:50.418,12.934,12.9372,0.00,0.00
2016.06.17 17:59:51.144,12.93401,12.9372,0.00,0.00
2016.06.17 17:59:51.831,12.93401,12.93721,0.00,0.00
2016.06.17 17:59:52.235,12.9336,12.9367,0.00,0.00
2016.06.17 17:59:52.543,12.93359,12.93621,0.00,0.00
2016.06.17 17:59:53.131,12.9336,12.9362,0.00,0.00
2016.06.17 17:59:53.527,12.93301,12.9362,0.00,0.00
2016.06.17 17:59:54.067,12.93301,12.93621,0.00,0.00
2016.06.17 17:59:54.728,12.93301,12.9362,0.00,0.00
2016.06.17 17:59:55.436,12.93301,12.93621,0.00,0.00
2016.06.17 17:59:57.244,12.9329,12.9357,0.00,0.00
2016.06.17 17:59:57.960,12.93301,12.9357,0.00,0.00
2016.06.17 17:59:58.064,12.93301,12.9362,0.00,0.00
2016.06.17 17:59:58.741,12.93301,12.93621,0.00,0.00
2016.06.17 17:59:59.248,12.93301,12.9362,0.00,0.00
