2015.01.30 13:00:00.092,12.6338,12.63632,0.00,0.00
2015.01.30 13:00:00.395,12.6339,12.63682,0.00,0.00
2015.01.30 13:00:00.635,12.63401,12.6369,0.00,0.00
2015.01.30 13:00:00.853,12.635,12.63832,0.00,0.00
2015.01.30 13:00:01.060,12.63452,12.63769,0.00,0.00
2015.01.30 13:00:01.372,12.63452,12.63681,0.00,0.00
2015.01.30 13:00:01.423,12.63425,12.63681,0.00,0.00
2015.01.30 13:00:01.477,12.63386,12.63681,0.00,0.00
2015.01.30 13:00:01.528,12.63386,12.63632,0.00,0.00
2015.01.30 13:00:01.579,12.6336,12.63632,0.00,0.00
2015.01.30 13:00:01.679,12.63381,12.63632,0.00,0.00
2015.01.30 13:00:02.526,12.63381,12.63582,0.00,0.00
2015.01.30 13:00:02.576,12.63366,12.63582,0.00,0.00
2015.01.30 13:00:02.677,12.63341,12.63582,0.00,0.00
2015.01.30 13:00:02.728,12.63341,12.63492,0.00,0.00
2015.01.30 13:00:02.778,12.6323,12.63492,0.00,0.00
2015.01.30 13:00:02.829,12.6333,12.63492,0.00,0.00
2015.01.30 13:00:02.980,12.63391,12.63682,0.00,0.00
2015.01.30 13:00:03.081,12.63421,12.63719,0.00,0.00
2015.01.30 13:00:03.359,12.63421,12.63682,0.00,0.00
2015.01.30 13:00:03.666,12.63331,12.63581,0.00,0.00
2015.01.30 13:00:04.443,12.63331,12.63521,0.00,0.00
2015.01.30 13:00:04.493,12.63249,12.63521,0.00,0.00
2015.01.30 13:00:04.544,12.63329,12.63549,0.00,0.00
2015.01.30 13:00:04.798,12.63375,12.63618,0.00,0.00
2015.01.30 13:00:05.165,12.63375,12.63681,0.00,0.00
2015.01.30 13:00:05.266,12.63361,12.63681,0.00,0.00
2015.01.30 13:00:05.450,12.63341,12.63582,0.00,0.00
2015.01.30 13:00:05.651,12.63205,12.63501,0.00,0.00
2015.01.30 13:00:05.702,12.63205,12.63518,0.00,0.00
2015.01.30 13:00:05.802,12.63199,12.63518,0.00,0.00
2015.01.30 13:00:05.853,12.63201,12.63518,0.00,0.00
2015.01.30 13:00:06.560,12.63249,12.63518,0.00,0.00
2015.01.30 13:00:06.610,12.63249,12.63543,0.00,0.00
2015.01.30 13:00:06.785,12.63249,12.63581,0.00,0.00
2015.01.30 13:00:06.905,12.63249,12.6354,0.00,0.00
2015.01.30 13:00:06.988,12.6324,12.63532,0.00,0.00
2015.01.30 13:00:07.089,12.63225,12.63532,0.00,0.00
2015.01.30 13:00:07.139,12.63225,12.63492,0.00,0.00
2015.01.30 13:00:07.189,12.63166,12.63492,0.00,0.00
2015.01.30 13:00:07.417,12.63166,12.63441,0.00,0.00
2015.01.30 13:00:07.467,12.63125,12.63431,0.00,0.00
2015.01.30 13:00:07.568,12.6311,12.63431,0.00,0.00
2015.01.30 13:00:08.605,12.6311,12.63419,0.00,0.00
2015.01.30 13:00:08.760,12.63066,12.63382,0.00,0.00
2015.01.30 13:00:09.176,12.63091,12.63382,0.00,0.00
2015.01.30 13:00:09.484,12.63098,12.63291,0.00,0.00
2015.01.30 13:00:09.735,12.63099,12.63311,0.00,0.00
2015.01.30 13:00:09.786,12.63048,12.63311,0.00,0.00
2015.01.30 13:00:09.987,12.62971,12.63272,0.00,0.00
2015.01.30 13:00:10.653,12.62971,12.63232,0.00,0.00
2015.01.30 13:00:10.703,12.62921,12.63232,0.00,0.00
2015.01.30 13:00:10.804,12.62906,12.63231,0.00,0.00
2015.01.30 13:00:10.855,12.62929,12.63231,0.00,0.00
2015.01.30 13:00:11.006,12.62906,12.63232,0.00,0.00
2015.01.30 13:00:11.935,12.62906,12.63181,0.00,0.00
2015.01.30 13:00:11.985,12.62861,12.63181,0.00,0.00
2015.01.30 13:00:12.163,12.62861,12.63132,0.00,0.00
2015.01.30 13:00:12.214,12.62815,12.63132,0.00,0.00
2015.01.30 13:00:12.314,12.62801,12.63132,0.00,0.00
2015.01.30 13:00:12.822,12.62801,12.63081,0.00,0.00
2015.01.30 13:00:12.923,12.6279,12.63081,0.00,0.00
2015.01.30 13:00:12.977,12.62765,12.63081,0.00,0.00
2015.01.30 13:00:13.292,12.62798,12.63109,0.00,0.00
2015.01.30 13:00:13.393,12.62765,12.63081,0.00,0.00
2015.01.30 13:00:13.494,12.62749,12.63068,0.00,0.00
2015.01.30 13:00:13.698,12.62729,12.62991,0.00,0.00
2015.01.30 13:00:13.849,12.627,12.62991,0.00,0.00
2015.01.30 13:00:13.949,12.62659,12.62991,0.00,0.00
2015.01.30 13:00:14.138,12.62598,12.62932,0.00,0.00
2015.01.30 13:00:14.289,12.62658,12.6296,0.00,0.00
2015.01.30 13:00:14.535,12.62658,12.6297,0.00,0.00
2015.01.30 13:00:14.636,12.62598,12.62932,0.00,0.00
2015.01.30 13:00:15.154,12.62659,12.62969,0.00,0.00
2015.01.30 13:00:15.236,12.62599,12.62931,0.00,0.00
2015.01.30 13:00:15.347,12.62549,12.62881,0.00,0.00
2015.01.30 13:00:16.145,12.62598,12.6291,0.00,0.00
2015.01.30 13:00:16.320,12.62658,12.6299,0.00,0.00
2015.01.30 13:00:16.489,12.62599,12.62931,0.00,0.00
2015.01.30 13:00:17.136,12.62591,12.62882,0.00,0.00
2015.01.30 13:00:17.190,12.62566,12.62882,0.00,0.00
2015.01.30 13:00:17.572,12.62598,12.62908,0.00,0.00
2015.01.30 13:00:17.622,12.62598,12.62911,0.00,0.00
2015.01.30 13:00:17.673,12.62575,12.62882,0.00,0.00
2015.01.30 13:00:17.924,12.626,12.62931,0.00,0.00
2015.01.30 13:00:19.093,12.62658,12.62944,0.00,0.00
2015.01.30 13:00:19.144,12.62658,12.62954,0.00,0.00
2015.01.30 13:00:19.245,12.62625,12.62931,0.00,0.00
2015.01.30 13:00:19.345,12.626,12.62931,0.00,0.00
2015.01.30 13:00:19.745,12.62658,12.62944,0.00,0.00
2015.01.30 13:00:19.846,12.62658,12.62978,0.00,0.00
2015.01.30 13:00:20.033,12.62658,12.6299,0.00,0.00
2015.01.30 13:00:20.136,12.6266,12.62991,0.00,0.00
2015.01.30 13:00:20.454,12.6264,12.62932,0.00,0.00
2015.01.30 13:00:20.554,12.62548,12.62882,0.00,0.00
2015.01.30 13:00:20.656,12.62541,12.62832,0.00,0.00
2015.01.30 13:00:20.706,12.62505,12.62832,0.00,0.00
2015.01.30 13:00:20.859,12.62505,12.62772,0.00,0.00
2015.01.30 13:00:21.110,12.62365,12.62671,0.00,0.00
2015.01.30 13:00:21.311,12.62389,12.6272,0.00,0.00
2015.01.30 13:00:21.412,12.62407,12.62721,0.00,0.00
2015.01.30 13:00:21.538,12.62408,12.62742,0.00,0.00
2015.01.30 13:00:21.605,12.6242,12.62742,0.00,0.00
2015.01.30 13:00:21.744,12.62408,12.62742,0.00,0.00
2015.01.30 13:00:21.845,12.62408,12.62735,0.00,0.00
2015.01.30 13:00:21.946,12.62414,12.62742,0.00,0.00
2015.01.30 13:00:22.045,12.62414,12.6273,0.00,0.00
2015.01.30 13:00:22.347,12.62433,12.62742,0.00,0.00
2015.01.30 13:00:22.498,12.62448,12.62782,0.00,0.00
2015.01.30 13:00:22.749,12.62498,12.62782,0.00,0.00
2015.01.30 13:00:22.850,12.62498,12.62822,0.00,0.00
2015.01.30 13:00:22.951,12.6248,12.62782,0.00,0.00
2015.01.30 13:00:23.152,12.62427,12.62741,0.00,0.00
2015.01.30 13:00:23.253,12.62417,12.62741,0.00,0.00
2015.01.30 13:00:23.404,12.62449,12.62759,0.00,0.00
2015.01.30 13:00:23.454,12.62449,12.62769,0.00,0.00
2015.01.30 13:00:23.505,12.62427,12.62741,0.00,0.00
2015.01.30 13:00:24.159,12.62416,12.62741,0.00,0.00
2015.01.30 13:00:24.260,12.62422,12.62741,0.00,0.00
2015.01.30 13:00:24.587,12.62448,12.62775,0.00,0.00
2015.01.30 13:00:24.765,12.62448,12.62782,0.00,0.00
2015.01.30 13:00:25.153,12.62447,12.62742,0.00,0.00
2015.01.30 13:00:25.726,12.62467,12.62782,0.00,0.00
2015.01.30 13:00:25.928,12.62457,12.62782,0.00,0.00
2015.01.30 13:00:26.901,12.62457,12.62741,0.00,0.00
2015.01.30 13:00:26.952,12.62441,12.62741,0.00,0.00
2015.01.30 13:00:27.052,12.62427,12.62741,0.00,0.00
2015.01.30 13:00:27.946,12.62437,12.62741,0.00,0.00
2015.01.30 13:00:28.454,12.62437,12.62742,0.00,0.00
2015.01.30 13:00:28.686,12.62419,12.62742,0.00,0.00
2015.01.30 13:00:28.787,12.62416,12.62742,0.00,0.00
2015.01.30 13:00:28.891,12.62427,12.62742,0.00,0.00
2015.01.30 13:00:29.205,12.62449,12.6277,0.00,0.00
2015.01.30 13:00:29.256,12.62449,12.62781,0.00,0.00
2015.01.30 13:00:29.349,12.62471,12.62781,0.00,0.00
2015.01.30 13:00:29.774,12.62451,12.62781,0.00,0.00
2015.01.30 13:00:29.850,12.62449,12.62781,0.00,0.00
2015.01.30 13:00:30.105,12.62442,12.62741,0.00,0.00
2015.01.30 13:00:30.155,12.62426,12.62741,0.00,0.00
2015.01.30 13:00:30.466,12.62396,12.62692,0.00,0.00
2015.01.30 13:00:30.528,12.62409,12.6274,0.00,0.00
2015.01.30 13:00:30.578,12.62417,12.62741,0.00,0.00
2015.01.30 13:00:30.689,12.62448,12.62782,0.00,0.00
2015.01.30 13:00:30.790,12.62464,12.62782,0.00,0.00
2015.01.30 13:00:31.955,12.62464,12.62741,0.00,0.00
2015.01.30 13:00:32.106,12.62391,12.62692,0.00,0.00
2015.01.30 13:00:32.157,12.62401,12.62692,0.00,0.00
2015.01.30 13:00:32.208,12.62408,12.62742,0.00,0.00
2015.01.30 13:00:32.259,12.62428,12.62742,0.00,0.00
2015.01.30 13:00:32.694,12.62442,12.62742,0.00,0.00
2015.01.30 13:00:32.859,12.62426,12.62742,0.00,0.00
2015.01.30 13:00:32.960,12.62416,12.62742,0.00,0.00
2015.01.30 13:00:33.060,12.62408,12.62742,0.00,0.00
2015.01.30 13:00:33.794,12.62424,12.62742,0.00,0.00
2015.01.30 13:00:34.095,12.62411,12.62742,0.00,0.00
2015.01.30 13:00:34.296,12.62421,12.62742,0.00,0.00
2015.01.30 13:00:34.396,12.62408,12.62742,0.00,0.00
2015.01.30 13:00:34.797,12.62417,12.62742,0.00,0.00
2015.01.30 13:00:35.299,12.62436,12.62742,0.00,0.00
2015.01.30 13:00:35.400,12.62449,12.6278,0.00,0.00
2015.01.30 13:00:36.577,12.62498,12.6278,0.00,0.00
2015.01.30 13:00:36.627,12.62511,12.62832,0.00,0.00
2015.01.30 13:00:36.728,12.62516,12.62832,0.00,0.00
2015.01.30 13:00:36.804,12.62501,12.62832,0.00,0.00
2015.01.30 13:00:37.306,12.62516,12.62832,0.00,0.00
2015.01.30 13:00:37.626,12.62486,12.62781,0.00,0.00
2015.01.30 13:00:37.726,12.62472,12.62781,0.00,0.00
2015.01.30 13:00:38.409,12.62484,12.62781,0.00,0.00
2015.01.30 13:00:39.211,12.62466,12.62781,0.00,0.00
2015.01.30 13:00:39.512,12.62489,12.62781,0.00,0.00
2015.01.30 13:00:39.650,12.62466,12.62781,0.00,0.00
2015.01.30 13:00:40.014,12.62473,12.62781,0.00,0.00
2015.01.30 13:00:40.415,12.62461,12.62781,0.00,0.00
2015.01.30 13:00:40.717,12.62451,12.62781,0.00,0.00
2015.01.30 13:00:40.982,12.62451,12.62741,0.00,0.00
2015.01.30 13:00:41.032,12.62431,12.62741,0.00,0.00
2015.01.30 13:00:41.133,12.62412,12.62741,0.00,0.00
2015.01.30 13:00:41.334,12.62428,12.62741,0.00,0.00
2015.01.30 13:00:41.519,12.62413,12.62741,0.00,0.00
2015.01.30 13:00:41.891,12.62413,12.62692,0.00,0.00
2015.01.30 13:00:41.942,12.62373,12.62692,0.00,0.00
2015.01.30 13:00:42.043,12.62363,12.62692,0.00,0.00
2015.01.30 13:00:42.093,12.62408,12.627,0.00,0.00
2015.01.30 13:00:42.196,12.62408,12.62705,0.00,0.00
2015.01.30 13:00:42.247,12.62421,12.62742,0.00,0.00
2015.01.30 13:00:42.348,12.62447,12.62742,0.00,0.00
2015.01.30 13:00:42.694,12.62447,12.62692,0.00,0.00
2015.01.30 13:00:42.744,12.62412,12.62692,0.00,0.00
2015.01.30 13:00:42.845,12.62374,12.62692,0.00,0.00
2015.01.30 13:00:43.175,12.62374,12.62641,0.00,0.00
2015.01.30 13:00:43.377,12.6207,12.62392,0.00,0.00
2015.01.30 13:00:43.427,12.6207,12.62191,0.00,0.00
2015.01.30 13:00:43.478,12.62022,12.62191,0.00,0.00
2015.01.30 13:00:43.586,12.62151,12.62342,0.00,0.00
2015.01.30 13:00:43.637,12.62158,12.62487,0.00,0.00
2015.01.30 13:00:43.755,12.62158,12.62473,0.00,0.00
2015.01.30 13:00:43.837,12.62131,12.62473,0.00,0.00
2015.01.30 13:00:43.938,12.61942,12.6223,0.00,0.00
2015.01.30 13:00:44.189,12.61916,12.62241,0.00,0.00
2015.01.30 13:00:44.240,12.61929,12.62241,0.00,0.00
2015.01.30 13:00:44.549,12.61843,12.62142,0.00,0.00
2015.01.30 13:00:44.885,12.61871,12.62142,0.00,0.00
2015.01.30 13:00:44.936,12.61847,12.62142,0.00,0.00
2015.01.30 13:00:45.164,12.61831,12.62142,0.00,0.00
2015.01.30 13:00:45.268,12.61816,12.62092,0.00,0.00
2015.01.30 13:00:45.368,12.61782,12.62092,0.00,0.00
2015.01.30 13:00:45.419,12.61782,12.62042,0.00,0.00
2015.01.30 13:00:45.469,12.61747,12.62042,0.00,0.00
2015.01.30 13:00:45.680,12.61761,12.62042,0.00,0.00
2015.01.30 13:00:45.887,12.61748,12.62042,0.00,0.00
2015.01.30 13:00:45.987,12.61759,12.62091,0.00,0.00
2015.01.30 13:00:46.038,12.61748,12.62042,0.00,0.00
2015.01.30 13:00:46.241,12.61731,12.62042,0.00,0.00
2015.01.30 13:00:46.341,12.61746,12.62042,0.00,0.00
2015.01.30 13:00:46.807,12.61746,12.61991,0.00,0.00
2015.01.30 13:00:46.960,12.61746,12.62041,0.00,0.00
2015.01.30 13:00:47.060,12.61735,12.62041,0.00,0.00
2015.01.30 13:00:47.277,12.61725,12.61991,0.00,0.00
2015.01.30 13:00:47.378,12.61725,12.62041,0.00,0.00
2015.01.30 13:00:47.598,12.61758,12.62079,0.00,0.00
2015.01.30 13:00:47.699,12.61792,12.62079,0.00,0.00
2015.01.30 13:00:47.749,12.61792,12.62092,0.00,0.00
2015.01.30 13:00:48.066,12.61767,12.62092,0.00,0.00
2015.01.30 13:00:48.359,12.61767,12.62041,0.00,0.00
2015.01.30 13:00:48.409,12.61751,12.62041,0.00,0.00
2015.01.30 13:00:48.510,12.61728,12.62041,0.00,0.00
2015.01.30 13:00:48.883,12.6172,12.62041,0.00,0.00
2015.01.30 13:00:48.934,12.6172,12.61992,0.00,0.00
2015.01.30 13:00:48.984,12.6166,12.61992,0.00,0.00
2015.01.30 13:00:49.035,12.6166,12.61942,0.00,0.00
2015.01.30 13:00:50.696,12.61811,12.61992,0.00,0.00
2015.01.30 13:00:50.766,12.61811,12.62021,0.00,0.00
2015.01.30 13:00:50.817,12.61841,12.62141,0.00,0.00
2015.01.30 13:00:51.026,12.61859,12.62149,0.00,0.00
2015.01.30 13:00:51.339,12.62002,12.62282,0.00,0.00
2015.01.30 13:00:51.559,12.62002,12.62321,0.00,0.00
2015.01.30 13:00:51.609,12.62021,12.62321,0.00,0.00
2015.01.30 13:00:51.660,12.62059,12.62389,0.00,0.00
2015.01.30 13:00:51.761,12.62059,12.62391,0.00,0.00
2015.01.30 13:00:52.849,12.6208,12.62391,0.00,0.00
2015.01.30 13:00:52.899,12.62108,12.62442,0.00,0.00
2015.01.30 13:00:53.000,12.62158,12.62492,0.00,0.00
2015.01.30 13:00:53.414,12.62208,12.62542,0.00,0.00
2015.01.30 13:00:54.029,12.62209,12.62542,0.00,0.00
2015.01.30 13:00:54.129,12.62258,12.62592,0.00,0.00
2015.01.30 13:00:54.180,12.62249,12.62542,0.00,0.00
2015.01.30 13:00:54.230,12.62226,12.62542,0.00,0.00
2015.01.30 13:00:54.331,12.62258,12.62592,0.00,0.00
2015.01.30 13:00:54.650,12.62339,12.62601,0.00,0.00
2015.01.30 13:00:54.705,12.6233,12.626,0.00,0.00
2015.01.30 13:00:54.755,12.62358,12.626,0.00,0.00
2015.01.30 13:00:54.807,12.62358,12.62691,0.00,0.00
2015.01.30 13:00:55.572,12.62358,12.6269,0.00,0.00
2015.01.30 13:00:56.350,12.62358,12.62691,0.00,0.00
2015.01.30 13:00:57.176,12.62358,12.6269,0.00,0.00
2015.01.30 13:00:58.124,12.62358,12.62631,0.00,0.00
2015.01.30 13:00:58.224,12.62183,12.62491,0.00,0.00
2015.01.30 13:00:58.275,12.62183,12.62442,0.00,0.00
2015.01.30 13:00:58.325,12.62122,12.62442,0.00,0.00
2015.01.30 13:00:58.376,12.62108,12.62442,0.00,0.00
2015.01.30 13:00:58.512,12.62108,12.624,0.00,0.00
2015.01.30 13:00:58.577,12.62071,12.62392,0.00,0.00
2015.01.30 13:00:58.724,12.62058,12.62392,0.00,0.00
2015.01.30 13:00:58.906,12.62033,12.62332,0.00,0.00
2015.01.30 13:00:58.956,12.61998,12.62332,0.00,0.00
2015.01.30 13:00:59.125,12.62012,12.62331,0.00,0.00
2015.01.30 13:00:59.176,12.62058,12.6239,0.00,0.00
2015.01.30 13:00:59.724,12.62058,12.62391,0.00,0.00
2015.01.30 13:00:59.775,12.62058,12.6235,0.00,0.00
2015.01.30 13:00:59.825,12.62003,12.62332,0.00,0.00
2015.01.30 13:00:59.876,12.61998,12.62301,0.00,0.00
2015.01.30 13:00:59.976,12.61948,12.62282,0.00,0.00
2015.01.30 13:01:00.226,12.61998,12.62301,0.00,0.00
2015.01.30 13:01:00.379,12.61998,12.62332,0.00,0.00
2015.01.30 13:01:00.429,12.62034,12.62332,0.00,0.00
2015.01.30 13:01:00.580,12.61968,12.62291,0.00,0.00
2015.01.30 13:01:00.777,12.62028,12.62291,0.00,0.00
2015.01.30 13:01:00.928,12.62049,12.62401,0.00,0.00
2015.01.30 13:01:00.978,12.62054,12.62401,0.00,0.00
2015.01.30 13:01:01.367,12.62049,12.62401,0.00,0.00
2015.01.30 13:01:01.733,12.62053,12.624,0.00,0.00
2015.01.30 13:01:02.257,12.62053,12.62401,0.00,0.00
2015.01.30 13:01:02.967,12.62053,12.624,0.00,0.00
2015.01.30 13:01:03.068,12.62129,12.62502,0.00,0.00
2015.01.30 13:01:03.119,12.62159,12.62511,0.00,0.00
2015.01.30 13:01:03.569,12.62164,12.625,0.00,0.00
2015.01.30 13:01:04.787,12.6213,12.625,0.00,0.00
2015.01.30 13:01:04.887,12.62089,12.62442,0.00,0.00
2015.01.30 13:01:05.228,12.62048,12.62391,0.00,0.00
2015.01.30 13:01:05.889,12.62048,12.6239,0.00,0.00
2015.01.30 13:01:06.137,12.62048,12.62442,0.00,0.00
2015.01.30 13:01:06.187,12.62109,12.62461,0.00,0.00
2015.01.30 13:01:06.648,12.62109,12.62441,0.00,0.00
2015.01.30 13:01:07.044,12.62093,12.62441,0.00,0.00
2015.01.30 13:01:07.176,12.62076,12.62411,0.00,0.00
2015.01.30 13:01:07.327,12.6223,12.62592,0.00,0.00
2015.01.30 13:01:07.377,12.62299,12.62636,0.00,0.00
2015.01.30 13:01:07.479,12.62299,12.62651,0.00,0.00
2015.01.30 13:01:08.239,12.62299,12.6265,0.00,0.00
2015.01.30 13:01:08.293,12.62299,12.62661,0.00,0.00
2015.01.30 13:01:08.694,12.62285,12.62621,0.00,0.00
2015.01.30 13:01:08.856,12.62307,12.62661,0.00,0.00
2015.01.30 13:01:08.957,12.62307,12.62642,0.00,0.00
2015.01.30 13:01:09.264,12.6228,12.62642,0.00,0.00
2015.01.30 13:01:09.501,12.62315,12.62642,0.00,0.00
2015.01.30 13:01:09.782,12.62285,12.62642,0.00,0.00
2015.01.30 13:01:10.194,12.62316,12.62642,0.00,0.00
2015.01.30 13:01:10.541,12.62329,12.62642,0.00,0.00
2015.01.30 13:01:10.890,12.62333,12.62642,0.00,0.00
2015.01.30 13:01:11.881,12.62351,12.62642,0.00,0.00
2015.01.30 13:01:12.211,12.62441,12.62731,0.00,0.00
2015.01.30 13:01:12.654,12.62441,12.62702,0.00,0.00
2015.01.30 13:01:12.705,12.62429,12.62702,0.00,0.00
2015.01.30 13:01:13.321,12.62437,12.62702,0.00,0.00
2015.01.30 13:01:13.724,12.62453,12.62702,0.00,0.00
2015.01.30 13:01:14.278,12.6243,12.62702,0.00,0.00
2015.01.30 13:01:16.221,12.62399,12.62662,0.00,0.00
2015.01.30 13:01:16.285,12.62399,12.62711,0.00,0.00
2015.01.30 13:01:16.336,12.6238,12.62711,0.00,0.00
2015.01.30 13:01:16.388,12.62364,12.627,0.00,0.00
2015.01.30 13:01:16.438,12.62364,12.62591,0.00,0.00
2015.01.30 13:01:16.539,12.62364,12.62651,0.00,0.00
2015.01.30 13:01:16.593,12.62388,12.62651,0.00,0.00
2015.01.30 13:01:17.305,12.62365,12.62591,0.00,0.00
2015.01.30 13:01:18.306,12.62349,12.62591,0.00,0.00
2015.01.30 13:01:18.831,12.62329,12.62591,0.00,0.00
2015.01.30 13:01:20.355,12.62329,12.62592,0.00,0.00
2015.01.30 13:01:20.421,12.62344,12.62592,0.00,0.00
2015.01.30 13:01:20.577,12.62344,12.62662,0.00,0.00
2015.01.30 13:01:20.627,12.62466,12.62662,0.00,0.00
2015.01.30 13:01:20.728,12.62477,12.62712,0.00,0.00
2015.01.30 13:01:20.828,12.62492,12.62712,0.00,0.00
2015.01.30 13:01:23.575,12.62566,12.62742,0.00,0.00
2015.01.30 13:01:23.676,12.62641,12.62841,0.00,0.00
2015.01.30 13:01:24.035,12.62641,12.62902,0.00,0.00
2015.01.30 13:01:24.086,12.62662,12.62902,0.00,0.00
2015.01.30 13:01:24.187,12.62588,12.62902,0.00,0.00
2015.01.30 13:01:24.237,12.62588,12.62792,0.00,0.00
2015.01.30 13:01:24.558,12.6255,12.62741,0.00,0.00
2015.01.30 13:01:24.763,12.62528,12.62742,0.00,0.00
2015.01.30 13:01:25.093,12.62528,12.62711,0.00,0.00
2015.01.30 13:01:25.294,12.62368,12.62552,0.00,0.00
2015.01.30 13:01:25.345,12.62368,12.62502,0.00,0.00
2015.01.30 13:01:25.468,12.62319,12.62502,0.00,0.00
2015.01.30 13:01:25.691,12.62308,12.62502,0.00,0.00
2015.01.30 13:01:27.356,12.6228,12.62502,0.00,0.00
2015.01.30 13:01:27.640,12.6228,12.62552,0.00,0.00
2015.01.30 13:01:27.690,12.62289,12.62552,0.00,0.00
2015.01.30 13:01:27.741,12.62289,12.62602,0.00,0.00
2015.01.30 13:01:27.892,12.62324,12.62602,0.00,0.00
2015.01.30 13:01:28.204,12.62384,12.62662,0.00,0.00
2015.01.30 13:01:28.304,12.62412,12.62712,0.00,0.00
2015.01.30 13:01:28.405,12.62443,12.62712,0.00,0.00
2015.01.30 13:01:29.146,12.62451,12.62712,0.00,0.00
2015.01.30 13:01:29.647,12.6256,12.62801,0.00,0.00
2015.01.30 13:01:30.033,12.62573,12.62801,0.00,0.00
2015.01.30 13:01:30.083,12.62549,12.62801,0.00,0.00
2015.01.30 13:01:30.477,12.62586,12.62801,0.00,0.00
2015.01.30 13:01:30.990,12.62601,12.62801,0.00,0.00
2015.01.30 13:01:31.041,12.62601,12.62852,0.00,0.00
2015.01.30 13:01:31.141,12.62559,12.62851,0.00,0.00
2015.01.30 13:01:31.192,12.62579,12.62851,0.00,0.00
2015.01.30 13:01:31.593,12.62605,12.62891,0.00,0.00
2015.01.30 13:01:31.804,12.62589,12.62851,0.00,0.00
2015.01.30 13:01:31.854,12.62553,12.62851,0.00,0.00
2015.01.30 13:01:31.905,12.62574,12.62852,0.00,0.00
2015.01.30 13:01:32.005,12.62548,12.62852,0.00,0.00
2015.01.30 13:01:32.106,12.62539,12.62852,0.00,0.00
2015.01.30 13:01:32.156,12.6253,12.62801,0.00,0.00
2015.01.30 13:01:32.499,12.62537,12.62801,0.00,0.00
2015.01.30 13:01:32.599,12.62529,12.62801,0.00,0.00
2015.01.30 13:01:32.827,12.62552,12.62801,0.00,0.00
2015.01.30 13:01:33.107,12.62529,12.62801,0.00,0.00
2015.01.30 13:01:33.557,12.62504,12.62751,0.00,0.00
2015.01.30 13:01:33.906,12.62538,12.62751,0.00,0.00
2015.01.30 13:01:34.724,12.62513,12.62751,0.00,0.00
2015.01.30 13:01:34.921,12.62523,12.62751,0.00,0.00
2015.01.30 13:01:35.728,12.62508,12.62751,0.00,0.00
2015.01.30 13:01:36.030,12.62538,12.62751,0.00,0.00
2015.01.30 13:01:36.110,12.62511,12.62751,0.00,0.00
2015.01.30 13:01:36.636,12.62497,12.62701,0.00,0.00
2015.01.30 13:01:36.737,12.62475,12.62701,0.00,0.00
2015.01.30 13:01:37.067,12.6249,12.62701,0.00,0.00
2015.01.30 13:01:37.677,12.62503,12.62701,0.00,0.00
2015.01.30 13:01:37.727,12.62474,12.62701,0.00,0.00
2015.01.30 13:01:37.950,12.62486,12.62701,0.00,0.00
2015.01.30 13:01:38.057,12.62462,12.62701,0.00,0.00
2015.01.30 13:01:38.785,12.62486,12.62701,0.00,0.00
2015.01.30 13:01:38.961,12.62463,12.62701,0.00,0.00
2015.01.30 13:01:39.162,12.62443,12.62701,0.00,0.00
2015.01.30 13:01:39.604,12.62443,12.62652,0.00,0.00
2015.01.30 13:01:39.655,12.62433,12.62652,0.00,0.00
2015.01.30 13:01:39.755,12.6242,12.62652,0.00,0.00
2015.01.30 13:01:39.867,12.62407,12.62652,0.00,0.00
2015.01.30 13:01:40.269,12.62439,12.62652,0.00,0.00
2015.01.30 13:01:40.472,12.62422,12.62652,0.00,0.00
2015.01.30 13:01:40.573,12.62407,12.62652,0.00,0.00
2015.01.30 13:01:40.752,12.62432,12.62652,0.00,0.00
2015.01.30 13:01:40.852,12.62417,12.62652,0.00,0.00
2015.01.30 13:01:41.477,12.62417,12.62602,0.00,0.00
2015.01.30 13:01:41.578,12.62356,12.62602,0.00,0.00
2015.01.30 13:01:41.678,12.62369,12.62602,0.00,0.00
2015.01.30 13:01:42.024,12.62381,12.62602,0.00,0.00
2015.01.30 13:01:42.536,12.62397,12.62602,0.00,0.00
2015.01.30 13:01:42.587,12.62365,12.62602,0.00,0.00
2015.01.30 13:01:43.484,12.62408,12.62651,0.00,0.00
2015.01.30 13:01:43.569,12.62426,12.62651,0.00,0.00
2015.01.30 13:01:44.172,12.62411,12.62651,0.00,0.00
2015.01.30 13:01:46.118,12.6243,12.62651,0.00,0.00
2015.01.30 13:01:46.785,12.62418,12.62651,0.00,0.00
2015.01.30 13:01:47.187,12.62402,12.62651,0.00,0.00
2015.01.30 13:01:47.738,12.62434,12.62651,0.00,0.00
2015.01.30 13:01:48.216,12.62453,12.62711,0.00,0.00
2015.01.30 13:01:48.317,12.62497,12.62711,0.00,0.00
2015.01.30 13:01:48.665,12.6247,12.62662,0.00,0.00
2015.01.30 13:01:48.716,12.62417,12.62662,0.00,0.00
2015.01.30 13:01:49.043,12.62432,12.62662,0.00,0.00
2015.01.30 13:01:49.605,12.62419,12.62662,0.00,0.00
2015.01.30 13:01:50.712,12.62404,12.62662,0.00,0.00
2015.01.30 13:01:51.240,12.62419,12.62662,0.00,0.00
2015.01.30 13:01:53.054,12.62419,12.62601,0.00,0.00
2015.01.30 13:01:53.119,12.62356,12.62601,0.00,0.00
2015.01.30 13:01:54.263,12.62356,12.62542,0.00,0.00
2015.01.30 13:01:54.364,12.62295,12.62491,0.00,0.00
2015.01.30 13:01:54.425,12.62279,12.62491,0.00,0.00
2015.01.30 13:01:54.727,12.62292,12.62491,0.00,0.00
2015.01.30 13:01:54.828,12.62275,12.62491,0.00,0.00
2015.01.30 13:01:55.362,12.62292,12.62491,0.00,0.00
2015.01.30 13:01:55.834,12.6228,12.62491,0.00,0.00
2015.01.30 13:01:56.154,12.62293,12.62491,0.00,0.00
2015.01.30 13:01:56.962,12.62277,12.62491,0.00,0.00
2015.01.30 13:01:57.476,12.62293,12.62491,0.00,0.00
2015.01.30 13:01:58.232,12.62292,12.62491,0.00,0.00
2015.01.30 13:01:58.958,12.6227,12.62491,0.00,0.00
2015.01.30 13:01:59.118,12.6227,12.62442,0.00,0.00
2015.01.30 13:01:59.272,12.62257,12.62442,0.00,0.00
2015.01.30 13:01:59.372,12.62272,12.62491,0.00,0.00
2015.01.30 13:01:59.473,12.62293,12.62491,0.00,0.00
2015.01.30 13:02:00.283,12.62293,12.62512,0.00,0.00
2015.01.30 13:02:00.667,12.62274,12.62512,0.00,0.00
2015.01.30 13:02:00.768,12.62274,12.62471,0.00,0.00
2015.01.30 13:02:00.818,12.62254,12.62471,0.00,0.00
2015.01.30 13:02:00.870,12.62236,12.62471,0.00,0.00
2015.01.30 13:02:02.735,12.62279,12.62512,0.00,0.00
2015.01.30 13:02:04.054,12.62279,12.62472,0.00,0.00
2015.01.30 13:02:04.105,12.62253,12.62472,0.00,0.00
2015.01.30 13:02:04.332,12.62238,12.62472,0.00,0.00
2015.01.30 13:02:06.257,12.62238,12.62422,0.00,0.00
2015.01.30 13:02:06.307,12.62212,12.62422,0.00,0.00
2015.01.30 13:02:06.476,12.62198,12.62422,0.00,0.00
2015.01.30 13:02:06.677,12.62188,12.62422,0.00,0.00
2015.01.30 13:02:06.778,12.62142,12.62372,0.00,0.00
2015.01.30 13:02:06.879,12.62121,12.62372,0.00,0.00
2015.01.30 13:02:07.087,12.62137,12.62372,0.00,0.00
2015.01.30 13:02:07.809,12.62097,12.62322,0.00,0.00
2015.01.30 13:02:07.880,12.62078,12.62322,0.00,0.00
2015.01.30 13:02:08.016,12.62068,12.62322,0.00,0.00
2015.01.30 13:02:08.518,12.6209,12.62322,0.00,0.00
2015.01.30 13:02:08.923,12.62079,12.62322,0.00,0.00
2015.01.30 13:02:09.513,12.62064,12.62322,0.00,0.00
2015.01.30 13:02:10.820,12.62053,12.62322,0.00,0.00
2015.01.30 13:02:13.403,12.62029,12.62271,0.00,0.00
2015.01.30 13:02:13.504,12.62019,12.62321,0.00,0.00
2015.01.30 13:02:13.554,12.62019,12.62311,0.00,0.00
2015.01.30 13:02:13.846,12.61938,12.62272,0.00,0.00
2015.01.30 13:02:13.947,12.61939,12.62221,0.00,0.00
2015.01.30 13:02:14.593,12.61929,12.62221,0.00,0.00
2015.01.30 13:02:15.010,12.61958,12.62221,0.00,0.00
2015.01.30 13:02:15.060,12.61958,12.62272,0.00,0.00
2015.01.30 13:02:15.111,12.61939,12.62272,0.00,0.00
2015.01.30 13:02:15.161,12.61929,12.62222,0.00,0.00
2015.01.30 13:02:15.708,12.61929,12.62172,0.00,0.00
2015.01.30 13:02:15.809,12.61862,12.62172,0.00,0.00
2015.01.30 13:02:15.910,12.61838,12.62172,0.00,0.00
2015.01.30 13:02:16.016,12.61832,12.62122,0.00,0.00
2015.01.30 13:02:16.232,12.61838,12.62172,0.00,0.00
2015.01.30 13:02:16.283,12.61879,12.62172,0.00,0.00
2015.01.30 13:02:16.384,12.619,12.62221,0.00,0.00
2015.01.30 13:02:16.564,12.61899,12.62172,0.00,0.00
2015.01.30 13:02:16.950,12.61951,12.62222,0.00,0.00
2015.01.30 13:02:17.256,12.61902,12.62172,0.00,0.00
2015.01.30 13:02:17.973,12.61901,12.62172,0.00,0.00
2015.01.30 13:02:18.023,12.61936,12.62222,0.00,0.00
2015.01.30 13:02:19.787,12.61936,12.62171,0.00,0.00
2015.01.30 13:02:19.938,12.619,12.62171,0.00,0.00
2015.01.30 13:02:20.005,12.61916,12.62171,0.00,0.00
2015.01.30 13:02:20.106,12.619,12.62171,0.00,0.00
2015.01.30 13:02:20.506,12.61918,12.62171,0.00,0.00
2015.01.30 13:02:20.556,12.6193,12.62221,0.00,0.00
2015.01.30 13:02:20.607,12.6195,12.62221,0.00,0.00
2015.01.30 13:02:24.425,12.61935,12.62221,0.00,0.00
2015.01.30 13:02:24.526,12.61915,12.62172,0.00,0.00
2015.01.30 13:02:24.632,12.61901,12.62172,0.00,0.00
2015.01.30 13:02:25.127,12.61881,12.62172,0.00,0.00
2015.01.30 13:02:25.178,12.61881,12.62122,0.00,0.00
2015.01.30 13:02:25.228,12.61866,12.62122,0.00,0.00
2015.01.30 13:02:26.235,12.61836,12.62122,0.00,0.00
2015.01.30 13:02:26.336,12.61791,12.621,0.00,0.00
2015.01.30 13:02:26.386,12.61791,12.62062,0.00,0.00
2015.01.30 13:02:26.437,12.61765,12.62062,0.00,0.00
2015.01.30 13:02:26.487,12.61765,12.62012,0.00,0.00
2015.01.30 13:02:26.638,12.6193,12.62222,0.00,0.00
2015.01.30 13:02:26.742,12.61951,12.62222,0.00,0.00
2015.01.30 13:02:28.202,12.61982,12.62222,0.00,0.00
2015.01.30 13:02:28.504,12.61865,12.62061,0.00,0.00
2015.01.30 13:02:28.554,12.61789,12.62022,0.00,0.00
2015.01.30 13:02:28.605,12.61782,12.62022,0.00,0.00
2015.01.30 13:02:29.227,12.61782,12.62062,0.00,0.00
2015.01.30 13:02:29.378,12.618,12.62062,0.00,0.00
2015.01.30 13:02:32.893,12.61801,12.62062,0.00,0.00
2015.01.30 13:02:34.047,12.61781,12.62062,0.00,0.00
2015.01.30 13:02:34.097,12.61781,12.62011,0.00,0.00
2015.01.30 13:02:35.042,12.61781,12.61972,0.00,0.00
2015.01.30 13:02:35.093,12.6175,12.61972,0.00,0.00
2015.01.30 13:02:35.194,12.61726,12.61972,0.00,0.00
2015.01.30 13:02:35.294,12.617,12.61972,0.00,0.00
2015.01.30 13:02:36.142,12.617,12.62022,0.00,0.00
2015.01.30 13:02:36.193,12.61782,12.62022,0.00,0.00
2015.01.30 13:02:36.512,12.61785,12.62072,0.00,0.00
2015.01.30 13:02:36.612,12.61785,12.62022,0.00,0.00
2015.01.30 13:02:36.895,12.61681,12.61922,0.00,0.00
2015.01.30 13:02:37.115,12.61681,12.6191,0.00,0.00
2015.01.30 13:02:37.462,12.61681,12.61871,0.00,0.00
2015.01.30 13:02:37.866,12.61613,12.61871,0.00,0.00
2015.01.30 13:02:37.917,12.616,12.61871,0.00,0.00
2015.01.30 13:02:38.072,12.61613,12.61871,0.00,0.00
2015.01.30 13:02:38.123,12.61613,12.61922,0.00,0.00
2015.01.30 13:02:38.173,12.61629,12.61922,0.00,0.00
2015.01.30 13:02:38.500,12.61659,12.61922,0.00,0.00
2015.01.30 13:02:38.822,12.61681,12.61922,0.00,0.00
2015.01.30 13:02:40.579,12.61681,12.61872,0.00,0.00
2015.01.30 13:02:40.629,12.6164,12.61872,0.00,0.00
2015.01.30 13:02:40.680,12.6164,12.61822,0.00,0.00
2015.01.30 13:02:40.730,12.61591,12.61822,0.00,0.00
2015.01.30 13:02:41.572,12.61581,12.61822,0.00,0.00
2015.01.30 13:02:41.862,12.61581,12.61872,0.00,0.00
2015.01.30 13:02:41.913,12.61583,12.61872,0.00,0.00
2015.01.30 13:02:42.307,12.61607,12.61872,0.00,0.00
2015.01.30 13:02:43.117,12.61607,12.61921,0.00,0.00
2015.01.30 13:02:43.217,12.61592,12.61888,0.00,0.00
2015.01.30 13:02:43.519,12.61181,12.61321,0.00,0.00
2015.01.30 13:02:43.670,12.61181,12.61372,0.00,0.00
2015.01.30 13:02:43.821,12.61028,12.61372,0.00,0.00
2015.01.30 13:02:43.872,12.61128,12.61428,0.00,0.00
2015.01.30 13:02:44.173,12.6107,12.61322,0.00,0.00
2015.01.30 13:02:44.480,12.61139,12.61322,0.00,0.00
2015.01.30 13:02:44.631,12.61054,12.61271,0.00,0.00
2015.01.30 13:02:44.731,12.6104,12.61321,0.00,0.00
2015.01.30 13:02:44.832,12.6107,12.61321,0.00,0.00
2015.01.30 13:02:45.164,12.6107,12.61371,0.00,0.00
2015.01.30 13:02:45.225,12.61079,12.61371,0.00,0.00
2015.01.30 13:02:45.544,12.61144,12.61321,0.00,0.00
2015.01.30 13:02:45.731,12.61249,12.61512,0.00,0.00
2015.01.30 13:02:45.832,12.61284,12.61562,0.00,0.00
2015.01.30 13:02:45.933,12.6135,12.61562,0.00,0.00
2015.01.30 13:02:45.983,12.6135,12.61572,0.00,0.00
2015.01.30 13:02:46.513,12.6135,12.61512,0.00,0.00
2015.01.30 13:02:46.564,12.61329,12.61512,0.00,0.00
2015.01.30 13:02:46.665,12.6139,12.61621,0.00,0.00
2015.01.30 13:02:46.715,12.6134,12.61477,0.00,0.00
2015.01.30 13:02:46.766,12.6135,12.61472,0.00,0.00
2015.01.30 13:02:46.867,12.61329,12.61561,0.00,0.00
2015.01.30 13:02:46.967,12.61339,12.61561,0.00,0.00
2015.01.30 13:02:47.068,12.61365,12.61622,0.00,0.00
2015.01.30 13:02:47.237,12.61385,12.61622,0.00,0.00
2015.01.30 13:02:47.770,12.61399,12.61622,0.00,0.00
2015.01.30 13:02:48.072,12.61414,12.61681,0.00,0.00
2015.01.30 13:02:48.173,12.61485,12.61731,0.00,0.00
2015.01.30 13:02:48.369,12.6147,12.61732,0.00,0.00
2015.01.30 13:02:48.470,12.6147,12.61772,0.00,0.00
2015.01.30 13:02:48.575,12.61525,12.61772,0.00,0.00
2015.01.30 13:02:48.676,12.61495,12.61772,0.00,0.00
2015.01.30 13:02:48.727,12.61495,12.61732,0.00,0.00
2015.01.30 13:02:48.904,12.61495,12.61772,0.00,0.00
2015.01.30 13:02:48.954,12.61525,12.61772,0.00,0.00
2015.01.30 13:02:49.012,12.61525,12.61822,0.00,0.00
2015.01.30 13:02:49.063,12.61539,12.61822,0.00,0.00
2015.01.30 13:02:49.391,12.61493,12.61732,0.00,0.00
2015.01.30 13:02:49.721,12.61505,12.61732,0.00,0.00
2015.01.30 13:02:49.985,12.61468,12.61732,0.00,0.00
2015.01.30 13:02:50.035,12.61468,12.61682,0.00,0.00
2015.01.30 13:02:50.186,12.61429,12.61682,0.00,0.00
2015.01.30 13:02:50.260,12.61404,12.61682,0.00,0.00
2015.01.30 13:02:50.361,12.61404,12.61691,0.00,0.00
2015.01.30 13:02:50.552,12.61404,12.61632,0.00,0.00
2015.01.30 13:02:50.663,12.61359,12.61632,0.00,0.00
2015.01.30 13:02:51.091,12.61381,12.61632,0.00,0.00
2015.01.30 13:02:51.267,12.61359,12.61632,0.00,0.00
2015.01.30 13:02:51.434,12.61359,12.61581,0.00,0.00
2015.01.30 13:02:51.612,12.61319,12.61581,0.00,0.00
2015.01.30 13:02:51.670,12.61304,12.61581,0.00,0.00
2015.01.30 13:02:51.771,12.61321,12.61581,0.00,0.00
2015.01.30 13:02:52.011,12.61304,12.61581,0.00,0.00
2015.01.30 13:02:52.173,12.61315,12.61581,0.00,0.00
2015.01.30 13:02:52.273,12.61299,12.61581,0.00,0.00
2015.01.30 13:02:52.464,12.61299,12.61532,0.00,0.00
2015.01.30 13:02:52.515,12.61285,12.61532,0.00,0.00
2015.01.30 13:02:52.671,12.61296,12.61532,0.00,0.00
2015.01.30 13:02:52.722,12.6128,12.61532,0.00,0.00
2015.01.30 13:02:52.823,12.61298,12.61592,0.00,0.00
2015.01.30 13:02:52.923,12.61329,12.61641,0.00,0.00
2015.01.30 13:02:53.024,12.61368,12.61641,0.00,0.00
2015.01.30 13:02:53.452,12.61502,12.61641,0.00,0.00
2015.01.30 13:02:53.622,12.61588,12.61842,0.00,0.00
2015.01.30 13:02:53.673,12.61629,12.61842,0.00,0.00
2015.01.30 13:02:53.723,12.61629,12.61891,0.00,0.00
2015.01.30 13:02:53.824,12.61659,12.61891,0.00,0.00
2015.01.30 13:02:54.012,12.61659,12.61991,0.00,0.00
2015.01.30 13:02:54.117,12.61678,12.62017,0.00,0.00
2015.01.30 13:02:54.219,12.61704,12.62042,0.00,0.00
2015.01.30 13:02:54.531,12.61771,12.62082,0.00,0.00
2015.01.30 13:02:54.833,12.61705,12.61992,0.00,0.00
2015.01.30 13:02:54.936,12.61701,12.61992,0.00,0.00
2015.01.30 13:02:55.039,12.61686,12.61992,0.00,0.00
2015.01.30 13:02:55.140,12.61689,12.61992,0.00,0.00
2015.01.30 13:02:55.344,12.61577,12.61892,0.00,0.00
2015.01.30 13:02:55.444,12.61579,12.61911,0.00,0.00
2015.01.30 13:02:55.549,12.61579,12.61941,0.00,0.00
2015.01.30 13:02:55.711,12.61603,12.61941,0.00,0.00
2015.01.30 13:02:56.504,12.61579,12.61941,0.00,0.00
2015.01.30 13:02:57.033,12.61579,12.61931,0.00,0.00
2015.01.30 13:02:57.338,12.61611,12.61942,0.00,0.00
2015.01.30 13:02:58.361,12.61629,12.61955,0.00,0.00
2015.01.30 13:02:58.556,12.61636,12.6198,0.00,0.00
2015.01.30 13:02:58.657,12.61652,12.61991,0.00,0.00
2015.01.30 13:02:58.959,12.61592,12.61892,0.00,0.00
2015.01.30 13:02:59.060,12.61579,12.61892,0.00,0.00
2015.01.30 13:02:59.160,12.61567,12.61842,0.00,0.00
2015.01.30 13:02:59.261,12.61532,12.61842,0.00,0.00
2015.01.30 13:02:59.362,12.61521,12.61842,0.00,0.00
2015.01.30 13:02:59.682,12.61528,12.61865,0.00,0.00
2015.01.30 13:02:59.732,12.61557,12.61892,0.00,0.00
2015.01.30 13:02:59.942,12.61531,12.61875,0.00,0.00
2015.01.30 13:03:00.352,12.61528,12.61854,0.00,0.00
2015.01.30 13:03:00.670,12.61572,12.61802,0.00,0.00
2015.01.30 13:03:00.721,12.61572,12.61892,0.00,0.00
2015.01.30 13:03:01.272,12.61571,12.61892,0.00,0.00
2015.01.30 13:03:01.622,12.61556,12.61841,0.00,0.00
2015.01.30 13:03:01.672,12.61532,12.61874,0.00,0.00
2015.01.30 13:03:01.833,12.61549,12.61892,0.00,0.00
2015.01.30 13:03:01.982,12.61559,12.61892,0.00,0.00
2015.01.30 13:03:02.236,12.61554,12.61892,0.00,0.00
2015.01.30 13:03:02.337,12.61536,12.61842,0.00,0.00
2015.01.30 13:03:02.437,12.61517,12.61842,0.00,0.00
2015.01.30 13:03:02.738,12.61541,12.61842,0.00,0.00
2015.01.30 13:03:02.789,12.61541,12.61885,0.00,0.00
2015.01.30 13:03:03.140,12.61554,12.61892,0.00,0.00
2015.01.30 13:03:03.444,12.61538,12.61869,0.00,0.00
2015.01.30 13:03:03.696,12.61546,12.6189,0.00,0.00
2015.01.30 13:03:03.749,12.61569,12.61892,0.00,0.00
2015.01.30 13:03:03.850,12.61551,12.61892,0.00,0.00
2015.01.30 13:03:04.001,12.61512,12.61842,0.00,0.00
2015.01.30 13:03:04.194,12.61549,12.61892,0.00,0.00
2015.01.30 13:03:04.352,12.61549,12.61811,0.00,0.00
2015.01.30 13:03:04.903,12.61549,12.61792,0.00,0.00
2015.01.30 13:03:05.514,12.61549,12.61811,0.00,0.00
2015.01.30 13:03:05.684,12.61549,12.61842,0.00,0.00
2015.01.30 13:03:05.735,12.61549,12.61791,0.00,0.00
2015.01.30 13:03:05.986,12.61549,12.61841,0.00,0.00
2015.01.30 13:03:06.288,12.61549,12.6185,0.00,0.00
2015.01.30 13:03:06.389,12.61549,12.61892,0.00,0.00
2015.01.30 13:03:06.640,12.61549,12.61841,0.00,0.00
2015.01.30 13:03:06.741,12.61549,12.61892,0.00,0.00
2015.01.30 13:03:07.633,12.61549,12.61841,0.00,0.00
2015.01.30 13:03:07.942,12.61549,12.61792,0.00,0.00
2015.01.30 13:03:08.622,12.61549,12.61811,0.00,0.00
2015.01.30 13:03:08.773,12.61549,12.61842,0.00,0.00
2015.01.30 13:03:09.163,12.61549,12.61851,0.00,0.00
2015.01.30 13:03:09.264,12.61549,12.61842,0.00,0.00
2015.01.30 13:03:09.516,12.61549,12.6185,0.00,0.00
2015.01.30 13:03:09.667,12.61549,12.61892,0.00,0.00
2015.01.30 13:03:10.604,12.6163,12.61893,0.00,0.00
2015.01.30 13:03:10.896,12.61628,12.61893,0.00,0.00
2015.01.30 13:03:10.947,12.61589,12.61893,0.00,0.00
2015.01.30 13:03:11.480,12.61588,12.61893,0.00,0.00
2015.01.30 13:03:11.581,12.61629,12.61893,0.00,0.00
2015.01.30 13:03:12.029,12.61588,12.61893,0.00,0.00
2015.01.30 13:03:12.218,12.6163,12.61893,0.00,0.00
2015.01.30 13:03:12.531,12.61628,12.61893,0.00,0.00
2015.01.30 13:03:12.774,12.61592,12.61893,0.00,0.00
2015.01.30 13:03:12.874,12.61588,12.61893,0.00,0.00
2015.01.30 13:03:13.042,12.61629,12.61893,0.00,0.00
2015.01.30 13:03:13.391,12.61689,12.61893,0.00,0.00
2015.01.30 13:03:13.701,12.61689,12.61791,0.00,0.00
2015.01.30 13:03:13.802,12.6169,12.61893,0.00,0.00
2015.01.30 13:03:13.853,12.6163,12.61893,0.00,0.00
2015.01.30 13:03:14.479,12.61629,12.61893,0.00,0.00
2015.01.30 13:03:15.140,12.6163,12.61893,0.00,0.00
2015.01.30 13:03:15.393,12.61729,12.61893,0.00,0.00
2015.01.30 13:03:16.012,12.6173,12.61893,0.00,0.00
2015.01.30 13:03:16.417,12.61838,12.61943,0.00,0.00
2015.01.30 13:03:16.517,12.61789,12.61907,0.00,0.00
2015.01.30 13:03:16.568,12.61729,12.61893,0.00,0.00
2015.01.30 13:03:16.621,12.61678,12.61893,0.00,0.00
2015.01.30 13:03:18.412,12.61639,12.61893,0.00,0.00
2015.01.30 13:03:18.556,12.61629,12.61893,0.00,0.00
2015.01.30 13:03:18.863,12.61601,12.61893,0.00,0.00
2015.01.30 13:03:18.964,12.61589,12.61893,0.00,0.00
2015.01.30 13:03:19.183,12.61549,12.61891,0.00,0.00
2015.01.30 13:03:19.284,12.61588,12.61893,0.00,0.00
2015.01.30 13:03:19.485,12.61549,12.61891,0.00,0.00
2015.01.30 13:03:20.090,12.61549,12.6189,0.00,0.00
2015.01.30 13:03:20.395,12.61588,12.61893,0.00,0.00
2015.01.30 13:03:20.703,12.61629,12.61893,0.00,0.00
2015.01.30 13:03:21.062,12.61589,12.61893,0.00,0.00
2015.01.30 13:03:22.122,12.61549,12.61892,0.00,0.00
2015.01.30 13:03:22.341,12.61588,12.61893,0.00,0.00
2015.01.30 13:03:23.252,12.61549,12.61891,0.00,0.00
2015.01.30 13:03:24.874,12.61549,12.61892,0.00,0.00
2015.01.30 13:03:27.294,12.61549,12.61842,0.00,0.00
2015.01.30 13:03:27.985,12.61549,12.6186,0.00,0.00
2015.01.30 13:03:28.086,12.61549,12.61892,0.00,0.00
2015.01.30 13:03:28.264,12.6163,12.61892,0.00,0.00
2015.01.30 13:03:28.452,12.61609,12.61893,0.00,0.00
2015.01.30 13:03:28.606,12.61588,12.61893,0.00,0.00
2015.01.30 13:03:28.963,12.61551,12.61891,0.00,0.00
2015.01.30 13:03:29.066,12.61549,12.61891,0.00,0.00
2015.01.30 13:03:32.794,12.61589,12.61893,0.00,0.00
2015.01.30 13:03:33.161,12.61629,12.61893,0.00,0.00
2015.01.30 13:03:33.614,12.61709,12.61893,0.00,0.00
2015.01.30 13:03:35.168,12.6171,12.61893,0.00,0.00
2015.01.30 13:03:35.373,12.61679,12.61893,0.00,0.00
2015.01.30 13:03:36.360,12.61669,12.61893,0.00,0.00
2015.01.30 13:03:36.411,12.61629,12.61871,0.00,0.00
2015.01.30 13:03:36.512,12.61589,12.6187,0.00,0.00
2015.01.30 13:03:36.612,12.61549,12.61842,0.00,0.00
2015.01.30 13:03:37.251,12.61549,12.61841,0.00,0.00
2015.01.30 13:03:38.059,12.61549,12.61831,0.00,0.00
2015.01.30 13:03:38.572,12.61549,12.61792,0.00,0.00
2015.01.30 13:03:39.441,12.61549,12.61831,0.00,0.00
2015.01.30 13:03:39.501,12.61549,12.61842,0.00,0.00
2015.01.30 13:03:40.491,12.61549,12.61792,0.00,0.00
2015.01.30 13:03:42.691,12.61549,12.61742,0.00,0.00
2015.01.30 13:03:42.998,12.61549,12.61721,0.00,0.00
2015.01.30 13:03:43.149,12.61549,12.61742,0.00,0.00
2015.01.30 13:03:43.464,12.61628,12.6177,0.00,0.00
2015.01.30 13:03:43.514,12.61628,12.61779,0.00,0.00
2015.01.30 13:03:43.565,12.61628,12.61893,0.00,0.00
2015.01.30 13:03:44.291,12.6163,12.61893,0.00,0.00
2015.01.30 13:03:44.842,12.61629,12.61893,0.00,0.00
2015.01.30 13:03:45.163,12.61679,12.61893,0.00,0.00
2015.01.30 13:03:45.502,12.61728,12.61893,0.00,0.00
2015.01.30 13:03:45.552,12.6172,12.61893,0.00,0.00
2015.01.30 13:03:45.677,12.61728,12.61893,0.00,0.00
2015.01.30 13:03:47.983,12.61678,12.61893,0.00,0.00
2015.01.30 13:03:48.194,12.6163,12.61893,0.00,0.00
2015.01.30 13:03:48.597,12.61628,12.61893,0.00,0.00
2015.01.30 13:03:49.552,12.61679,12.61893,0.00,0.00
2015.01.30 13:03:49.990,12.61669,12.61893,0.00,0.00
2015.01.30 13:03:50.042,12.61629,12.61893,0.00,0.00
2015.01.30 13:03:50.611,12.61678,12.61893,0.00,0.00
2015.01.30 13:03:50.860,12.6167,12.61893,0.00,0.00
2015.01.30 13:03:50.964,12.6163,12.61893,0.00,0.00
2015.01.30 13:03:51.781,12.61628,12.61893,0.00,0.00
2015.01.30 13:03:52.085,12.6163,12.61893,0.00,0.00
2015.01.30 13:03:52.426,12.61619,12.61893,0.00,0.00
2015.01.30 13:03:52.527,12.61629,12.61893,0.00,0.00
2015.01.30 13:03:53.344,12.6171,12.61893,0.00,0.00
2015.01.30 13:03:53.746,12.61728,12.61893,0.00,0.00
2015.01.30 13:03:54.615,12.6172,12.61893,0.00,0.00
2015.01.30 13:03:54.716,12.61678,12.61893,0.00,0.00
2015.01.30 13:03:55.012,12.61729,12.61893,0.00,0.00
2015.01.30 13:03:55.494,12.61709,12.61893,0.00,0.00
2015.01.30 13:03:55.594,12.6167,12.61893,0.00,0.00
2015.01.30 13:03:55.645,12.6163,12.61893,0.00,0.00
2015.01.30 13:03:55.823,12.61589,12.61893,0.00,0.00
2015.01.30 13:03:58.691,12.61549,12.61891,0.00,0.00
2015.01.30 13:03:59.014,12.61549,12.61841,0.00,0.00
2015.01.30 13:03:59.115,12.61549,12.61892,0.00,0.00
2015.01.30 13:03:59.410,12.61549,12.61842,0.00,0.00
2015.01.30 13:03:59.561,12.61549,12.61891,0.00,0.00
2015.01.30 13:03:59.740,12.61549,12.61841,0.00,0.00
2015.01.30 13:04:00.241,12.61549,12.61842,0.00,0.00
2015.01.30 13:04:00.627,12.61549,12.61881,0.00,0.00
2015.01.30 13:04:00.728,12.61549,12.61892,0.00,0.00
2015.01.30 13:04:00.778,12.61549,12.61842,0.00,0.00
2015.01.30 13:04:01.283,12.61549,12.61792,0.00,0.00
2015.01.30 13:04:01.390,12.61549,12.6188,0.00,0.00
2015.01.30 13:04:01.441,12.61549,12.61889,0.00,0.00
2015.01.30 13:04:01.808,12.61549,12.61849,0.00,0.00
2015.01.30 13:04:02.315,12.61549,12.61842,0.00,0.00
2015.01.30 13:04:02.625,12.61549,12.61792,0.00,0.00
2015.01.30 13:04:04.068,12.61438,12.61792,0.00,0.00
2015.01.30 13:04:04.830,12.61438,12.61751,0.00,0.00
2015.01.30 13:04:04.930,12.61389,12.61718,0.00,0.00
2015.01.30 13:04:04.981,12.61338,12.61692,0.00,0.00
2015.01.30 13:04:07.154,12.61339,12.61691,0.00,0.00
2015.01.30 13:04:10.125,12.61388,12.61721,0.00,0.00
2015.01.30 13:04:10.279,12.61439,12.61791,0.00,0.00
2015.01.30 13:04:12.139,12.61489,12.61831,0.00,0.00
2015.01.30 13:04:12.193,12.61489,12.61841,0.00,0.00
2015.01.30 13:04:12.555,12.61539,12.61868,0.00,0.00
2015.01.30 13:04:12.605,12.61539,12.61871,0.00,0.00
2015.01.30 13:04:12.912,12.61539,12.61891,0.00,0.00
2015.01.30 13:04:15.634,12.61588,12.61918,0.00,0.00
2015.01.30 13:04:15.750,12.61588,12.61942,0.00,0.00
2015.01.30 13:04:16.172,12.61628,12.61968,0.00,0.00
2015.01.30 13:04:16.331,12.61538,12.61892,0.00,0.00
2015.01.30 13:04:18.162,12.6163,12.6192,0.00,0.00
2015.01.30 13:04:18.262,12.61629,12.61928,0.00,0.00
2015.01.30 13:04:18.313,12.61629,12.61981,0.00,0.00
2015.01.30 13:04:19.686,12.6163,12.61981,0.00,0.00
2015.01.30 13:04:20.199,12.61629,12.61981,0.00,0.00
2015.01.30 13:04:20.583,12.61629,12.61942,0.00,0.00
2015.01.30 13:04:20.734,12.61539,12.61891,0.00,0.00
2015.01.30 13:04:20.904,12.6151,12.61841,0.00,0.00
2015.01.30 13:04:21.012,12.61539,12.61891,0.00,0.00
2015.01.30 13:04:21.062,12.61539,12.6187,0.00,0.00
2015.01.30 13:04:21.190,12.61539,12.61891,0.00,0.00
2015.01.30 13:04:22.991,12.61628,12.61931,0.00,0.00
2015.01.30 13:04:23.116,12.61629,12.61982,0.00,0.00
2015.01.30 13:04:24.584,12.6163,12.61982,0.00,0.00
2015.01.30 13:04:25.194,12.61629,12.61982,0.00,0.00
2015.01.30 13:04:26.089,12.6163,12.61982,0.00,0.00
2015.01.30 13:04:26.540,12.61628,12.61982,0.00,0.00
2015.01.30 13:04:27.721,12.61609,12.61941,0.00,0.00
2015.01.30 13:04:27.831,12.61589,12.61941,0.00,0.00
2015.01.30 13:04:28.270,12.61629,12.61971,0.00,0.00
2015.01.30 13:04:28.393,12.61589,12.61941,0.00,0.00
2015.01.30 13:04:28.712,12.61628,12.6198,0.00,0.00
2015.01.30 13:04:28.877,12.61628,12.61982,0.00,0.00
2015.01.30 13:04:29.251,12.6163,12.61982,0.00,0.00
2015.01.30 13:04:29.817,12.61629,12.61982,0.00,0.00
2015.01.30 13:04:30.471,12.61609,12.61942,0.00,0.00
2015.01.30 13:04:30.622,12.61628,12.61982,0.00,0.00
2015.01.30 13:04:31.043,12.6163,12.61982,0.00,0.00
2015.01.30 13:04:31.655,12.61629,12.61982,0.00,0.00
2015.01.30 13:04:32.178,12.61628,12.61982,0.00,0.00
2015.01.30 13:04:32.507,12.61628,12.61888,0.00,0.00
2015.01.30 13:04:32.611,12.61439,12.61791,0.00,0.00
2015.01.30 13:04:40.181,12.61486,12.61791,0.00,0.00
2015.01.30 13:04:41.365,12.61529,12.61791,0.00,0.00
2015.01.30 13:04:41.466,12.61486,12.61791,0.00,0.00
2015.01.30 13:04:41.517,12.61503,12.61841,0.00,0.00
2015.01.30 13:04:41.617,12.61543,12.61841,0.00,0.00
2015.01.30 13:04:42.291,12.61543,12.61842,0.00,0.00
2015.01.30 13:04:42.503,12.61532,12.61842,0.00,0.00
2015.01.30 13:04:42.553,12.61548,12.61842,0.00,0.00
2015.01.30 13:04:42.603,12.61548,12.61889,0.00,0.00
2015.01.30 13:04:42.654,12.61574,12.61889,0.00,0.00
2015.01.30 13:04:42.920,12.61558,12.61889,0.00,0.00
2015.01.30 13:04:43.085,12.61558,12.61892,0.00,0.00
2015.01.30 13:04:43.340,12.61573,12.61892,0.00,0.00
2015.01.30 13:04:45.049,12.61543,12.61831,0.00,0.00
2015.01.30 13:04:45.150,12.61543,12.61841,0.00,0.00
2015.01.30 13:04:45.699,12.61543,12.61842,0.00,0.00
2015.01.30 13:04:47.589,12.61542,12.61842,0.00,0.00
2015.01.30 13:04:47.640,12.61542,12.61885,0.00,0.00
2015.01.30 13:04:47.741,12.61542,12.61842,0.00,0.00
2015.01.30 13:04:48.560,12.61541,12.61842,0.00,0.00
2015.01.30 13:04:48.909,12.61528,12.61791,0.00,0.00
2015.01.30 13:04:49.010,12.61508,12.61792,0.00,0.00
2015.01.30 13:04:49.432,12.61452,12.61768,0.00,0.00
2015.01.30 13:04:49.532,12.61409,12.61721,0.00,0.00
2015.01.30 13:04:49.639,12.61377,12.61691,0.00,0.00
2015.01.30 13:04:49.845,12.61413,12.61691,0.00,0.00
2015.01.30 13:04:50.255,12.614,12.61691,0.00,0.00
2015.01.30 13:04:51.117,12.61379,12.61691,0.00,0.00
2015.01.30 13:04:52.928,12.61428,12.6172,0.00,0.00
2015.01.30 13:04:52.978,12.61428,12.61742,0.00,0.00
2015.01.30 13:04:53.028,12.61443,12.61742,0.00,0.00
2015.01.30 13:04:53.459,12.61443,12.61771,0.00,0.00
2015.01.30 13:04:53.510,12.61443,12.61787,0.00,0.00
2015.01.30 13:04:53.560,12.61478,12.61789,0.00,0.00
2015.01.30 13:04:53.611,12.61478,12.61791,0.00,0.00
2015.01.30 13:04:53.922,12.61452,12.61791,0.00,0.00
2015.01.30 13:04:54.856,12.61449,12.61791,0.00,0.00
2015.01.30 13:04:54.959,12.61449,12.61789,0.00,0.00
2015.01.30 13:04:55.572,12.61465,12.61789,0.00,0.00
2015.01.30 13:04:55.879,12.61433,12.61741,0.00,0.00
2015.01.30 13:04:55.984,12.6142,12.61741,0.00,0.00
2015.01.30 13:04:56.035,12.61437,12.61741,0.00,0.00
2015.01.30 13:04:56.598,12.61441,12.61741,0.00,0.00
2015.01.30 13:04:56.699,12.61468,12.61788,0.00,0.00
2015.01.30 13:04:57.738,12.61482,12.61788,0.00,0.00
2015.01.30 13:04:58.096,12.61441,12.61782,0.00,0.00
2015.01.30 13:04:58.239,12.61459,12.61788,0.00,0.00
2015.01.30 13:04:58.495,12.61503,12.61842,0.00,0.00
2015.01.30 13:04:58.545,12.6155,12.61871,0.00,0.00
2015.01.30 13:04:58.646,12.61568,12.61892,0.00,0.00
2015.01.30 13:04:58.698,12.61578,12.61892,0.00,0.00
2015.01.30 13:04:59.003,12.61594,12.61892,0.00,0.00
2015.01.30 13:04:59.154,12.61622,12.61942,0.00,0.00
2015.01.30 13:04:59.204,12.61635,12.61949,0.00,0.00
2015.01.30 13:04:59.669,12.61742,12.61949,0.00,0.00
2015.01.30 13:04:59.770,12.61742,12.6198,0.00,0.00
2015.01.30 13:04:59.871,12.61742,12.62032,0.00,0.00
2015.01.30 13:04:59.922,12.6173,12.61918,0.00,0.00
2015.01.30 13:04:59.972,12.61608,12.61892,0.00,0.00
2015.01.30 13:05:00.023,12.61568,12.61892,0.00,0.00
2015.01.30 13:05:00.123,12.61552,12.61892,0.00,0.00
2015.01.30 13:05:00.224,12.61542,12.61877,0.00,0.00
2015.01.30 13:05:00.526,12.61678,12.61997,0.00,0.00
2015.01.30 13:05:00.627,12.61655,12.61981,0.00,0.00
2015.01.30 13:05:00.727,12.61652,12.61981,0.00,0.00
2015.01.30 13:05:00.828,12.6167,12.61981,0.00,0.00
2015.01.30 13:05:01.160,12.61679,12.61918,0.00,0.00
2015.01.30 13:05:01.211,12.61618,12.61918,0.00,0.00
2015.01.30 13:05:01.312,12.61618,12.61891,0.00,0.00
2015.01.30 13:05:01.413,12.61567,12.61891,0.00,0.00
2015.01.30 13:05:03.088,12.61542,12.61886,0.00,0.00
2015.01.30 13:05:03.732,12.61554,12.61891,0.00,0.00
2015.01.30 13:05:04.714,12.61551,12.61891,0.00,0.00
2015.01.30 13:05:06.040,12.61549,12.61891,0.00,0.00
2015.01.30 13:05:06.598,12.61581,12.61891,0.00,0.00
2015.01.30 13:05:06.928,12.61583,12.61891,0.00,0.00
2015.01.30 13:05:07.597,12.61581,12.61891,0.00,0.00
2015.01.30 13:05:10.399,12.61581,12.61892,0.00,0.00
2015.01.30 13:05:10.819,12.61592,12.61892,0.00,0.00
2015.01.30 13:05:10.997,12.61581,12.61892,0.00,0.00
2015.01.30 13:05:11.267,12.61587,12.61892,0.00,0.00
2015.01.30 13:05:12.349,12.61581,12.61892,0.00,0.00
2015.01.30 13:05:12.468,12.61549,12.61891,0.00,0.00
2015.01.30 13:05:12.518,12.61549,12.61842,0.00,0.00
2015.01.30 13:05:12.569,12.61529,12.61842,0.00,0.00
2015.01.30 13:05:12.675,12.61508,12.6182,0.00,0.00
2015.01.30 13:05:12.977,12.61538,12.61821,0.00,0.00
2015.01.30 13:05:13.027,12.61538,12.61849,0.00,0.00
2015.01.30 13:05:13.078,12.61551,12.61892,0.00,0.00
2015.01.30 13:05:13.178,12.61564,12.61892,0.00,0.00
2015.01.30 13:05:13.366,12.61549,12.61892,0.00,0.00
2015.01.30 13:05:13.466,12.61582,12.61877,0.00,0.00
2015.01.30 13:05:14.738,12.61538,12.61877,0.00,0.00
2015.01.30 13:05:15.299,12.61552,12.61892,0.00,0.00
2015.01.30 13:05:16.066,12.61622,12.61892,0.00,0.00
2015.01.30 13:05:16.217,12.61666,12.6194,0.00,0.00
2015.01.30 13:05:16.268,12.61666,12.61921,0.00,0.00
2015.01.30 13:05:16.318,12.61622,12.61921,0.00,0.00
2015.01.30 13:05:16.369,12.61622,12.61941,0.00,0.00
2015.01.30 13:05:16.469,12.61622,12.61892,0.00,0.00
2015.01.30 13:05:16.670,12.61622,12.61931,0.00,0.00
2015.01.30 13:05:16.720,12.61607,12.61898,0.00,0.00
2015.01.30 13:05:16.821,12.61558,12.61891,0.00,0.00
2015.01.30 13:05:16.987,12.61577,12.61891,0.00,0.00
2015.01.30 13:05:17.429,12.61565,12.61891,0.00,0.00
2015.01.30 13:05:17.607,12.61577,12.61891,0.00,0.00
2015.01.30 13:05:17.997,12.61577,12.61832,0.00,0.00
2015.01.30 13:05:18.047,12.61558,12.61832,0.00,0.00
2015.01.30 13:05:18.148,12.61577,12.61832,0.00,0.00
2015.01.30 13:05:18.455,12.61662,12.61882,0.00,0.00
2015.01.30 13:05:18.556,12.61678,12.61931,0.00,0.00
2015.01.30 13:05:19.007,12.61684,12.61931,0.00,0.00
2015.01.30 13:05:19.208,12.61617,12.61882,0.00,0.00
2015.01.30 13:05:19.309,12.61603,12.61882,0.00,0.00
2015.01.30 13:05:19.460,12.61603,12.61832,0.00,0.00
2015.01.30 13:05:19.510,12.61559,12.61832,0.00,0.00
2015.01.30 13:05:19.561,12.61529,12.61781,0.00,0.00
2015.01.30 13:05:19.611,12.61521,12.61781,0.00,0.00
2015.01.30 13:05:19.762,12.61521,12.61731,0.00,0.00
2015.01.30 13:05:20.010,12.61521,12.61782,0.00,0.00
2015.01.30 13:05:20.211,12.6154,12.61832,0.00,0.00
2015.01.30 13:05:20.311,12.6154,12.61781,0.00,0.00
2015.01.30 13:05:21.529,12.61526,12.61781,0.00,0.00
2015.01.30 13:05:23.017,12.61512,12.61781,0.00,0.00
2015.01.30 13:05:23.268,12.61512,12.61792,0.00,0.00
2015.01.30 13:05:23.521,12.61538,12.61792,0.00,0.00
2015.01.30 13:05:23.617,12.61523,12.61792,0.00,0.00
2015.01.30 13:05:23.817,12.61508,12.61792,0.00,0.00
2015.01.30 13:05:24.379,12.61508,12.61742,0.00,0.00
2015.01.30 13:05:24.429,12.61497,12.61742,0.00,0.00
2015.01.30 13:05:24.624,12.61522,12.61791,0.00,0.00
2015.01.30 13:05:24.724,12.61535,12.61791,0.00,0.00
2015.01.30 13:05:24.918,12.61535,12.61799,0.00,0.00
2015.01.30 13:05:24.968,12.61546,12.61799,0.00,0.00
2015.01.30 13:05:25.069,12.61576,12.61842,0.00,0.00
2015.01.30 13:05:25.420,12.61567,12.61842,0.00,0.00
2015.01.30 13:05:25.521,12.61552,12.61842,0.00,0.00
2015.01.30 13:05:25.750,12.61583,12.61842,0.00,0.00
2015.01.30 13:05:26.122,12.61567,12.61842,0.00,0.00
2015.01.30 13:05:26.227,12.61552,12.61842,0.00,0.00
2015.01.30 13:05:26.752,12.61565,12.61842,0.00,0.00
2015.01.30 13:05:26.925,12.61553,12.61842,0.00,0.00
2015.01.30 13:05:27.248,12.61582,12.61842,0.00,0.00
2015.01.30 13:05:27.349,12.61721,12.61989,0.00,0.00
2015.01.30 13:05:27.450,12.61721,12.61981,0.00,0.00
2015.01.30 13:05:27.701,12.61721,12.62019,0.00,0.00
2015.01.30 13:05:27.802,12.61721,12.62031,0.00,0.00
2015.01.30 13:05:28.108,12.61721,12.61982,0.00,0.00
2015.01.30 13:05:28.275,12.61692,12.61982,0.00,0.00
2015.01.30 13:05:28.427,12.61676,12.61982,0.00,0.00
2015.01.30 13:05:28.551,12.61676,12.61932,0.00,0.00
2015.01.30 13:05:28.672,12.61676,12.61982,0.00,0.00
2015.01.30 13:05:29.210,12.61676,12.61931,0.00,0.00
2015.01.30 13:05:29.261,12.61661,12.61931,0.00,0.00
2015.01.30 13:05:29.978,12.61636,12.61931,0.00,0.00
2015.01.30 13:05:30.532,12.61652,12.61931,0.00,0.00
2015.01.30 13:05:30.785,12.61652,12.61982,0.00,0.00
2015.01.30 13:05:30.835,12.61676,12.61982,0.00,0.00
2015.01.30 13:05:31.641,12.61727,12.62031,0.00,0.00
2015.01.30 13:05:32.251,12.61729,12.62031,0.00,0.00
2015.01.30 13:05:32.954,12.61729,12.61981,0.00,0.00
2015.01.30 13:05:33.004,12.61719,12.61981,0.00,0.00
2015.01.30 13:05:33.058,12.61719,12.61931,0.00,0.00
2015.01.30 13:05:33.109,12.61666,12.61931,0.00,0.00
2015.01.30 13:05:33.842,12.61666,12.61982,0.00,0.00
2015.01.30 13:05:34.048,12.61666,12.61931,0.00,0.00
2015.01.30 13:05:34.968,12.61721,12.61931,0.00,0.00
2015.01.30 13:05:35.068,12.61721,12.62032,0.00,0.00
2015.01.30 13:05:35.119,12.61721,12.62019,0.00,0.00
2015.01.30 13:05:35.427,12.61721,12.61981,0.00,0.00
2015.01.30 13:05:35.958,12.61677,12.61981,0.00,0.00
2015.01.30 13:05:37.127,12.61689,12.62019,0.00,0.00
2015.01.30 13:05:39.160,12.61689,12.61998,0.00,0.00
2015.01.30 13:05:39.261,12.61651,12.61981,0.00,0.00
2015.01.30 13:05:42.842,12.6168,12.61981,0.00,0.00
2015.01.30 13:05:43.320,12.6165,12.61981,0.00,0.00
2015.01.30 13:05:43.461,12.6168,12.61981,0.00,0.00
2015.01.30 13:05:43.769,12.61762,12.62031,0.00,0.00
2015.01.30 13:05:43.870,12.61762,12.62072,0.00,0.00
2015.01.30 13:05:44.203,12.61778,12.62088,0.00,0.00
2015.01.30 13:05:44.354,12.61778,12.62105,0.00,0.00
2015.01.30 13:05:44.405,12.61788,12.62121,0.00,0.00
2015.01.30 13:05:44.505,12.61762,12.62032,0.00,0.00
2015.01.30 13:05:44.606,12.61752,12.62032,0.00,0.00
2015.01.30 13:05:44.657,12.61759,12.62081,0.00,0.00
2015.01.30 13:05:44.707,12.61762,12.62081,0.00,0.00
2015.01.30 13:05:45.042,12.61779,12.62081,0.00,0.00
2015.01.30 13:05:45.092,12.61788,12.62131,0.00,0.00
2015.01.30 13:05:45.145,12.61809,12.62131,0.00,0.00
2015.01.30 13:05:45.456,12.61822,12.62082,0.00,0.00
2015.01.30 13:05:45.927,12.61822,12.62031,0.00,0.00
2015.01.30 13:05:45.978,12.61734,12.62031,0.00,0.00
2015.01.30 13:05:46.245,12.61762,12.62031,0.00,0.00
2015.01.30 13:05:46.295,12.61762,12.62081,0.00,0.00
2015.01.30 13:05:47.646,12.61759,12.62081,0.00,0.00
2015.01.30 13:05:47.827,12.61759,12.62032,0.00,0.00
2015.01.30 13:05:47.928,12.6176,12.62081,0.00,0.00
2015.01.30 13:05:47.978,12.6176,12.62079,0.00,0.00
2015.01.30 13:05:48.079,12.6176,12.62081,0.00,0.00
2015.01.30 13:05:48.786,12.61759,12.62081,0.00,0.00
2015.01.30 13:05:48.837,12.61739,12.62031,0.00,0.00
2015.01.30 13:05:48.897,12.61739,12.62081,0.00,0.00
2015.01.30 13:05:49.048,12.61739,12.62032,0.00,0.00
2015.01.30 13:05:49.098,12.61736,12.62032,0.00,0.00
2015.01.30 13:05:49.199,12.61762,12.62032,0.00,0.00
2015.01.30 13:05:49.300,12.61734,12.62032,0.00,0.00
2015.01.30 13:05:50.740,12.61758,12.62032,0.00,0.00
2015.01.30 13:05:52.142,12.61744,12.62032,0.00,0.00
2015.01.30 13:05:53.181,12.61729,12.62032,0.00,0.00
2015.01.30 13:05:53.792,12.61744,12.62032,0.00,0.00
2015.01.30 13:05:54.144,12.61729,12.62032,0.00,0.00
2015.01.30 13:05:54.731,12.6173,12.62032,0.00,0.00
2015.01.30 13:05:55.277,12.6173,12.61982,0.00,0.00
2015.01.30 13:05:55.428,12.61719,12.61982,0.00,0.00
2015.01.30 13:05:55.482,12.61681,12.61941,0.00,0.00
2015.01.30 13:05:55.784,12.61499,12.61742,0.00,0.00
2015.01.30 13:05:55.885,12.61484,12.61742,0.00,0.00
2015.01.30 13:05:56.094,12.61484,12.61792,0.00,0.00
2015.01.30 13:05:56.149,12.61522,12.61792,0.00,0.00
2015.01.30 13:05:56.552,12.61537,12.61792,0.00,0.00
2015.01.30 13:05:56.603,12.61537,12.61841,0.00,0.00
2015.01.30 13:05:56.708,12.61521,12.61742,0.00,0.00
2015.01.30 13:05:57.297,12.61462,12.61742,0.00,0.00
2015.01.30 13:05:57.683,12.61485,12.61742,0.00,0.00
2015.01.30 13:05:58.500,12.61459,12.61742,0.00,0.00
2015.01.30 13:06:00.337,12.61459,12.61779,0.00,0.00
2015.01.30 13:06:00.388,12.6149,12.61792,0.00,0.00
2015.01.30 13:06:00.719,12.61572,12.61842,0.00,0.00
2015.01.30 13:06:00.769,12.6156,12.61842,0.00,0.00
2015.01.30 13:06:00.860,12.61537,12.61842,0.00,0.00
2015.01.30 13:06:00.961,12.61566,12.61842,0.00,0.00
2015.01.30 13:06:01.161,12.61537,12.61842,0.00,0.00
2015.01.30 13:06:01.383,12.6155,12.61842,0.00,0.00
2015.01.30 13:06:01.562,12.61538,12.61842,0.00,0.00
2015.01.30 13:06:02.371,12.61554,12.61842,0.00,0.00
2015.01.30 13:06:02.697,12.61554,12.61792,0.00,0.00
2015.01.30 13:06:02.798,12.61517,12.61792,0.00,0.00
2015.01.30 13:06:02.965,12.61503,12.61792,0.00,0.00
2015.01.30 13:06:03.293,12.61531,12.61792,0.00,0.00
2015.01.30 13:06:03.545,12.61531,12.61842,0.00,0.00
2015.01.30 13:06:03.697,12.61564,12.61842,0.00,0.00
2015.01.30 13:06:04.211,12.61549,12.61792,0.00,0.00
2015.01.30 13:06:04.312,12.61537,12.61792,0.00,0.00
2015.01.30 13:06:04.412,12.61518,12.61792,0.00,0.00
2015.01.30 13:06:04.515,12.61503,12.61792,0.00,0.00
2015.01.30 13:06:05.015,12.61513,12.61792,0.00,0.00
2015.01.30 13:06:06.167,12.61513,12.61842,0.00,0.00
2015.01.30 13:06:06.271,12.61542,12.61842,0.00,0.00
2015.01.30 13:06:06.598,12.6159,12.61878,0.00,0.00
2015.01.30 13:06:06.947,12.61606,12.61878,0.00,0.00
2015.01.30 13:06:07.197,12.61606,12.61892,0.00,0.00
2015.01.30 13:06:07.597,12.61606,12.61841,0.00,0.00
2015.01.30 13:06:07.698,12.61588,12.61841,0.00,0.00
2015.01.30 13:06:07.748,12.61588,12.61831,0.00,0.00
2015.01.30 13:06:07.873,12.61567,12.61831,0.00,0.00
2015.01.30 13:06:09.177,12.61585,12.61831,0.00,0.00
2015.01.30 13:06:09.307,12.6157,12.61831,0.00,0.00
2015.01.30 13:06:10.079,12.61605,12.61831,0.00,0.00
2015.01.30 13:06:10.787,12.61605,12.61878,0.00,0.00
2015.01.30 13:06:10.888,12.61618,12.61878,0.00,0.00
2015.01.30 13:06:11.281,12.61633,12.61878,0.00,0.00
2015.01.30 13:06:11.551,12.61633,12.61882,0.00,0.00
2015.01.30 13:06:11.782,12.61616,12.61882,0.00,0.00
2015.01.30 13:06:12.394,12.616,12.61882,0.00,0.00
2015.01.30 13:06:12.637,12.61618,12.61882,0.00,0.00
2015.01.30 13:06:13.219,12.61631,12.61882,0.00,0.00
2015.01.30 13:06:14.326,12.61631,12.61742,0.00,0.00
2015.01.30 13:06:14.427,12.61494,12.61742,0.00,0.00
2015.01.30 13:06:14.528,12.61475,12.61742,0.00,0.00
2015.01.30 13:06:14.712,12.61497,12.61742,0.00,0.00
2015.01.30 13:06:14.841,12.61479,12.61742,0.00,0.00
2015.01.30 13:06:14.942,12.61468,12.61742,0.00,0.00
2015.01.30 13:06:15.313,12.61483,12.61742,0.00,0.00
2015.01.30 13:06:16.918,12.61472,12.61742,0.00,0.00
2015.01.30 13:06:17.620,12.61487,12.61742,0.00,0.00
2015.01.30 13:06:20.357,12.61487,12.61752,0.00,0.00
2015.01.30 13:06:21.428,12.61471,12.61752,0.00,0.00
2015.01.30 13:06:21.850,12.61488,12.61752,0.00,0.00
2015.01.30 13:06:21.950,12.61447,12.61752,0.00,0.00
2015.01.30 13:06:22.244,12.61419,12.61702,0.00,0.00
2015.01.30 13:06:22.344,12.61412,12.61702,0.00,0.00
2015.01.30 13:06:22.451,12.61412,12.61752,0.00,0.00
2015.01.30 13:06:23.928,12.61457,12.61752,0.00,0.00
2015.01.30 13:06:24.577,12.61457,12.61701,0.00,0.00
2015.01.30 13:06:24.627,12.61441,12.61701,0.00,0.00
2015.01.30 13:06:24.805,12.61452,12.61751,0.00,0.00
2015.01.30 13:06:25.875,12.61478,12.61751,0.00,0.00
2015.01.30 13:06:25.976,12.61458,12.61751,0.00,0.00
2015.01.30 13:06:26.188,12.61477,12.61751,0.00,0.00
2015.01.30 13:06:26.854,12.61477,12.61702,0.00,0.00
2015.01.30 13:06:26.954,12.61444,12.61702,0.00,0.00
2015.01.30 13:06:27.067,12.61444,12.61751,0.00,0.00
2015.01.30 13:06:27.167,12.61432,12.61751,0.00,0.00
2015.01.30 13:06:27.218,12.61432,12.61731,0.00,0.00
2015.01.30 13:06:27.559,12.61398,12.61631,0.00,0.00
2015.01.30 13:06:28.501,12.61383,12.61631,0.00,0.00
2015.01.30 13:06:28.609,12.61383,12.61679,0.00,0.00
2015.01.30 13:06:28.660,12.61419,12.61679,0.00,0.00
2015.01.30 13:06:28.761,12.61402,12.61679,0.00,0.00
2015.01.30 13:06:28.811,12.61428,12.61679,0.00,0.00
2015.01.30 13:06:28.927,12.61428,12.61691,0.00,0.00
2015.01.30 13:06:28.978,12.61428,12.61741,0.00,0.00
2015.01.30 13:06:29.029,12.61462,12.61741,0.00,0.00
2015.01.30 13:06:30.041,12.61448,12.61741,0.00,0.00
2015.01.30 13:06:30.508,12.61448,12.61692,0.00,0.00
2015.01.30 13:06:30.559,12.61431,12.61692,0.00,0.00
2015.01.30 13:06:30.660,12.61417,12.61741,0.00,0.00
2015.01.30 13:06:30.760,12.61478,12.61741,0.00,0.00
2015.01.30 13:06:31.068,12.6146,12.61741,0.00,0.00
2015.01.30 13:06:31.584,12.6146,12.61778,0.00,0.00
2015.01.30 13:06:31.635,12.61529,12.61778,0.00,0.00
2015.01.30 13:06:31.953,12.61558,12.61778,0.00,0.00
2015.01.30 13:06:32.131,12.61563,12.61832,0.00,0.00
2015.01.30 13:06:32.612,12.61543,12.61832,0.00,0.00
2015.01.30 13:06:32.816,12.6157,12.61832,0.00,0.00
2015.01.30 13:06:32.896,12.6157,12.61878,0.00,0.00
2015.01.30 13:06:33.022,12.61597,12.61878,0.00,0.00
2015.01.30 13:06:33.336,12.61613,12.61931,0.00,0.00
2015.01.30 13:06:33.387,12.6163,12.61931,0.00,0.00
2015.01.30 13:06:33.688,12.61658,12.61931,0.00,0.00
2015.01.30 13:06:33.947,12.61647,12.61931,0.00,0.00
2015.01.30 13:06:36.187,12.61701,12.61931,0.00,0.00
2015.01.30 13:06:36.237,12.61701,12.61991,0.00,0.00
2015.01.30 13:06:36.288,12.61729,12.62022,0.00,0.00
2015.01.30 13:06:37.629,12.61721,12.61982,0.00,0.00
2015.01.30 13:06:37.730,12.61657,12.61982,0.00,0.00
2015.01.30 13:06:37.780,12.61657,12.61932,0.00,0.00
2015.01.30 13:06:37.881,12.61659,12.61982,0.00,0.00
2015.01.30 13:06:38.094,12.6166,12.61932,0.00,0.00
2015.01.30 13:06:38.144,12.61657,12.61932,0.00,0.00
2015.01.30 13:06:38.824,12.6166,12.61932,0.00,0.00
2015.01.30 13:06:38.874,12.6166,12.61981,0.00,0.00
2015.01.30 13:06:39.118,12.61675,12.61981,0.00,0.00
2015.01.30 13:06:39.419,12.61675,12.61882,0.00,0.00
2015.01.30 13:06:39.469,12.6166,12.61882,0.00,0.00
2015.01.30 13:06:39.570,12.61613,12.61881,0.00,0.00
2015.01.30 13:06:39.691,12.61588,12.61881,0.00,0.00
2015.01.30 13:06:40.049,12.6161,12.61881,0.00,0.00
2015.01.30 13:06:40.197,12.61625,12.61932,0.00,0.00
2015.01.30 13:06:40.309,12.61625,12.61882,0.00,0.00
2015.01.30 13:06:40.410,12.61625,12.61932,0.00,0.00
2015.01.30 13:06:40.461,12.61634,12.61932,0.00,0.00
2015.01.30 13:06:40.968,12.6165,12.61932,0.00,0.00
2015.01.30 13:06:41.266,12.61622,12.61932,0.00,0.00
2015.01.30 13:06:42.058,12.61643,12.61932,0.00,0.00
2015.01.30 13:06:42.864,12.61632,12.61932,0.00,0.00
2015.01.30 13:06:43.153,12.61645,12.61932,0.00,0.00
2015.01.30 13:06:43.392,12.61632,12.61932,0.00,0.00
2015.01.30 13:06:43.886,12.61721,12.61932,0.00,0.00
2015.01.30 13:06:43.937,12.61721,12.61974,0.00,0.00
2015.01.30 13:06:44.038,12.6173,12.6202,0.00,0.00
2015.01.30 13:06:44.088,12.61738,12.62021,0.00,0.00
2015.01.30 13:06:44.416,12.61749,12.62021,0.00,0.00
2015.01.30 13:06:45.069,12.61733,12.62021,0.00,0.00
2015.01.30 13:06:45.182,12.61735,12.62021,0.00,0.00
2015.01.30 13:06:45.310,12.61729,12.62021,0.00,0.00
2015.01.30 13:06:45.633,12.61721,12.62021,0.00,0.00
2015.01.30 13:06:48.286,12.61709,12.62021,0.00,0.00
2015.01.30 13:06:48.336,12.61709,12.61981,0.00,0.00
2015.01.30 13:06:48.437,12.6171,12.62021,0.00,0.00
2015.01.30 13:06:48.538,12.6171,12.62016,0.00,0.00
2015.01.30 13:06:48.806,12.61672,12.61981,0.00,0.00
2015.01.30 13:06:48.857,12.61702,12.62022,0.00,0.00
2015.01.30 13:06:48.957,12.61702,12.61982,0.00,0.00
2015.01.30 13:06:49.008,12.61673,12.61982,0.00,0.00
2015.01.30 13:06:49.740,12.61721,12.61982,0.00,0.00
2015.01.30 13:06:50.059,12.61721,12.61932,0.00,0.00
2015.01.30 13:06:50.426,12.61657,12.61932,0.00,0.00
2015.01.30 13:06:50.618,12.61679,12.61932,0.00,0.00
2015.01.30 13:06:50.768,12.61664,12.61932,0.00,0.00
2015.01.30 13:06:51.019,12.61682,12.61932,0.00,0.00
2015.01.30 13:06:51.161,12.61682,12.61981,0.00,0.00
2015.01.30 13:06:51.268,12.61682,12.61931,0.00,0.00
2015.01.30 13:06:51.439,12.61621,12.61882,0.00,0.00
2015.01.30 13:06:51.540,12.61588,12.61882,0.00,0.00
2015.01.30 13:06:52.020,12.61606,12.61882,0.00,0.00
2015.01.30 13:06:53.272,12.61626,12.61882,0.00,0.00
2015.01.30 13:06:53.623,12.61617,12.61882,0.00,0.00
2015.01.30 13:06:54.552,12.61605,12.61882,0.00,0.00
2015.01.30 13:06:55.034,12.61576,12.61832,0.00,0.00
2015.01.30 13:06:55.126,12.61559,12.61832,0.00,0.00
2015.01.30 13:06:55.229,12.61552,12.61832,0.00,0.00
2015.01.30 13:06:55.426,12.61564,12.61832,0.00,0.00
2015.01.30 13:06:56.027,12.61584,12.61832,0.00,0.00
2015.01.30 13:06:56.328,12.61548,12.61832,0.00,0.00
2015.01.30 13:06:56.428,12.61582,12.61832,0.00,0.00
2015.01.30 13:06:56.857,12.61595,12.61832,0.00,0.00
2015.01.30 13:06:56.907,12.61595,12.61882,0.00,0.00
2015.01.30 13:06:56.958,12.61601,12.61882,0.00,0.00
2015.01.30 13:06:57.275,12.61617,12.61882,0.00,0.00
2015.01.30 13:06:57.959,12.61589,12.61882,0.00,0.00
2015.01.30 13:06:58.231,12.61604,12.61882,0.00,0.00
2015.01.30 13:06:58.564,12.61579,12.61832,0.00,0.00
2015.01.30 13:06:58.765,12.61566,12.61832,0.00,0.00
2015.01.30 13:06:59.058,12.61582,12.61832,0.00,0.00
2015.01.30 13:06:59.162,12.6155,12.61832,0.00,0.00
2015.01.30 13:06:59.343,12.61571,12.61832,0.00,0.00
2015.01.30 13:06:59.990,12.61555,12.61832,0.00,0.00
2015.01.30 13:07:00.066,12.61555,12.61782,0.00,0.00
2015.01.30 13:07:00.116,12.61543,12.61782,0.00,0.00
2015.01.30 13:07:00.177,12.61522,12.61782,0.00,0.00
2015.01.30 13:07:00.278,12.61506,12.61782,0.00,0.00
2015.01.30 13:07:00.496,12.61521,12.61782,0.00,0.00
2015.01.30 13:07:00.879,12.61506,12.61782,0.00,0.00
2015.01.30 13:07:01.079,12.61527,12.61782,0.00,0.00
2015.01.30 13:07:01.392,12.61505,12.61782,0.00,0.00
2015.01.30 13:07:01.493,12.61521,12.61782,0.00,0.00
2015.01.30 13:07:01.980,12.61505,12.61782,0.00,0.00
2015.01.30 13:07:02.526,12.6152,12.61782,0.00,0.00
2015.01.30 13:07:03.318,12.61506,12.61782,0.00,0.00
2015.01.30 13:07:03.796,12.61522,12.61782,0.00,0.00
2015.01.30 13:07:04.277,12.61573,12.61832,0.00,0.00
2015.01.30 13:07:04.327,12.61544,12.61832,0.00,0.00
2015.01.30 13:07:05.396,12.61621,12.61832,0.00,0.00
2015.01.30 13:07:05.496,12.61621,12.6192,0.00,0.00
2015.01.30 13:07:05.547,12.61629,12.6192,0.00,0.00
2015.01.30 13:07:05.822,12.61636,12.61931,0.00,0.00
2015.01.30 13:07:06.009,12.61636,12.61941,0.00,0.00
2015.01.30 13:07:06.060,12.6166,12.61941,0.00,0.00
2015.01.30 13:07:06.371,12.6166,12.61991,0.00,0.00
2015.01.30 13:07:06.421,12.61675,12.61991,0.00,0.00
2015.01.30 13:07:06.767,12.61729,12.62032,0.00,0.00
2015.01.30 13:07:07.376,12.6173,12.62032,0.00,0.00
2015.01.30 13:07:07.958,12.6181,12.62032,0.00,0.00
2015.01.30 13:07:08.008,12.6181,12.62091,0.00,0.00
2015.01.30 13:07:08.109,12.6176,12.62091,0.00,0.00
2015.01.30 13:07:08.417,12.6176,12.62072,0.00,0.00
2015.01.30 13:07:08.746,12.61759,12.62055,0.00,0.00
2015.01.30 13:07:08.797,12.61759,12.62087,0.00,0.00
2015.01.30 13:07:08.988,12.61743,12.62032,0.00,0.00
2015.01.30 13:07:09.039,12.61732,12.62032,0.00,0.00
2015.01.30 13:07:09.356,12.61729,12.62032,0.00,0.00
2015.01.30 13:07:10.299,12.6173,12.62032,0.00,0.00
2015.01.30 13:07:10.400,12.61765,12.62091,0.00,0.00
2015.01.30 13:07:10.450,12.61779,12.62091,0.00,0.00
2015.01.30 13:07:10.800,12.61829,12.62104,0.00,0.00
2015.01.30 13:07:11.200,12.61829,12.62117,0.00,0.00
2015.01.30 13:07:12.069,12.6183,12.62117,0.00,0.00
2015.01.30 13:07:12.203,12.6183,12.62138,0.00,0.00
2015.01.30 13:07:12.321,12.61829,12.62121,0.00,0.00
2015.01.30 13:07:12.480,12.61822,12.62121,0.00,0.00
2015.01.30 13:07:12.531,12.61822,12.621,0.00,0.00
2015.01.30 13:07:12.934,12.61822,12.62088,0.00,0.00
2015.01.30 13:07:13.036,12.61822,12.62122,0.00,0.00
2015.01.30 13:07:13.305,12.61822,12.62107,0.00,0.00
2015.01.30 13:07:13.406,12.61829,12.62138,0.00,0.00
2015.01.30 13:07:14.028,12.6183,12.62113,0.00,0.00
2015.01.30 13:07:14.357,12.6183,12.62101,0.00,0.00
2015.01.30 13:07:15.349,12.61829,12.62101,0.00,0.00
2015.01.30 13:07:16.211,12.61829,12.62122,0.00,0.00
2015.01.30 13:07:16.312,12.6183,12.62107,0.00,0.00
2015.01.30 13:07:16.787,12.6183,12.62122,0.00,0.00
2015.01.30 13:07:17.123,12.6183,12.62101,0.00,0.00
2015.01.30 13:07:17.940,12.61829,12.62101,0.00,0.00
2015.01.30 13:07:19.240,12.61822,12.62101,0.00,0.00
2015.01.30 13:07:19.340,12.61809,12.62086,0.00,0.00
2015.01.30 13:07:19.391,12.61749,12.62086,0.00,0.00
2015.01.30 13:07:19.441,12.61732,12.62032,0.00,0.00
2015.01.30 13:07:19.909,12.61748,12.62063,0.00,0.00
2015.01.30 13:07:19.959,12.61748,12.62051,0.00,0.00
2015.01.30 13:07:20.269,12.6173,12.62032,0.00,0.00
2015.01.30 13:07:20.527,12.61749,12.62069,0.00,0.00
2015.01.30 13:07:20.627,12.6176,12.62069,0.00,0.00
2015.01.30 13:07:22.161,12.6176,12.6205,0.00,0.00
2015.01.30 13:07:22.366,12.6176,12.62063,0.00,0.00
2015.01.30 13:07:22.468,12.61821,12.62063,0.00,0.00
2015.01.30 13:07:22.778,12.61821,12.62032,0.00,0.00
2015.01.30 13:07:23.106,12.61729,12.62032,0.00,0.00
2015.01.30 13:07:23.881,12.6173,12.62032,0.00,0.00
2015.01.30 13:07:24.096,12.61732,12.62032,0.00,0.00
2015.01.30 13:07:24.156,12.61748,12.6206,0.00,0.00
2015.01.30 13:07:24.207,12.6176,12.6206,0.00,0.00
2015.01.30 13:07:24.257,12.6176,12.62071,0.00,0.00
2015.01.30 13:07:24.830,12.61759,12.62071,0.00,0.00
2015.01.30 13:07:24.931,12.6176,12.6206,0.00,0.00
2015.01.30 13:07:25.988,12.61759,12.6206,0.00,0.00
2015.01.30 13:07:26.141,12.6176,12.62076,0.00,0.00
2015.01.30 13:07:26.829,12.61759,12.62057,0.00,0.00
2015.01.30 13:07:27.510,12.6176,12.62057,0.00,0.00
2015.01.30 13:07:28.221,12.61759,12.62057,0.00,0.00
2015.01.30 13:07:29.262,12.61759,12.62072,0.00,0.00
2015.01.30 13:07:30.385,12.61759,12.62051,0.00,0.00
2015.01.30 13:07:30.435,12.61759,12.62067,0.00,0.00
2015.01.30 13:07:32.681,12.61822,12.62067,0.00,0.00
2015.01.30 13:07:32.782,12.61822,12.62118,0.00,0.00
2015.01.30 13:07:32.833,12.6183,12.62118,0.00,0.00
2015.01.30 13:07:33.135,12.61822,12.62057,0.00,0.00
2015.01.30 13:07:33.449,12.61822,12.62098,0.00,0.00
2015.01.30 13:07:33.549,12.61822,12.62092,0.00,0.00
2015.01.30 13:07:33.708,12.6176,12.62092,0.00,0.00
2015.01.30 13:07:33.758,12.61759,12.62031,0.00,0.00
2015.01.30 13:07:33.859,12.61759,12.62056,0.00,0.00
2015.01.30 13:07:33.960,12.61759,12.62071,0.00,0.00
2015.01.30 13:07:34.162,12.6176,12.62057,0.00,0.00
2015.01.30 13:07:34.774,12.61759,12.62057,0.00,0.00
2015.01.30 13:07:35.484,12.6176,12.62057,0.00,0.00
2015.01.30 13:07:36.094,12.61759,12.62057,0.00,0.00
2015.01.30 13:07:36.582,12.61759,12.62081,0.00,0.00
2015.01.30 13:07:36.883,12.61759,12.62083,0.00,0.00
2015.01.30 13:07:36.933,12.61829,12.62083,0.00,0.00
2015.01.30 13:07:36.984,12.61829,12.62125,0.00,0.00
2015.01.30 13:07:37.286,12.6183,12.62136,0.00,0.00
2015.01.30 13:07:37.387,12.6183,12.62119,0.00,0.00
2015.01.30 13:07:37.488,12.61829,12.62137,0.00,0.00
2015.01.30 13:07:38.094,12.61829,12.62126,0.00,0.00
2015.01.30 13:07:38.455,12.61858,12.62126,0.00,0.00
2015.01.30 13:07:38.757,12.61921,12.62141,0.00,0.00
2015.01.30 13:07:38.835,12.61813,12.62141,0.00,0.00
2015.01.30 13:07:38.886,12.61838,12.62141,0.00,0.00
2015.01.30 13:07:39.192,12.61848,12.62141,0.00,0.00
2015.01.30 13:07:39.365,12.61832,12.62141,0.00,0.00
2015.01.30 13:07:39.578,12.61846,12.62141,0.00,0.00
2015.01.30 13:07:39.702,12.61828,12.62141,0.00,0.00
2015.01.30 13:07:39.803,12.61814,12.62141,0.00,0.00
2015.01.30 13:07:39.854,12.61821,12.62141,0.00,0.00
2015.01.30 13:07:40.385,12.61821,12.62092,0.00,0.00
2015.01.30 13:07:40.815,12.61779,12.62092,0.00,0.00
2015.01.30 13:07:41.470,12.61798,12.62123,0.00,0.00
2015.01.30 13:07:41.571,12.61815,12.62142,0.00,0.00
2015.01.30 13:07:41.697,12.61842,12.62142,0.00,0.00
2015.01.30 13:07:41.998,12.61842,12.62092,0.00,0.00
2015.01.30 13:07:42.705,12.61849,12.62092,0.00,0.00
2015.01.30 13:07:42.756,12.61849,12.62142,0.00,0.00
2015.01.30 13:07:42.897,12.61869,12.62142,0.00,0.00
2015.01.30 13:07:44.640,12.6185,12.62142,0.00,0.00
2015.01.30 13:07:44.946,12.6185,12.62091,0.00,0.00
2015.01.30 13:07:45.047,12.61842,12.62091,0.00,0.00
2015.01.30 13:07:45.098,12.61842,12.62031,0.00,0.00
2015.01.30 13:07:45.396,12.6178,12.62031,0.00,0.00
2015.01.30 13:07:47.377,12.6178,12.62092,0.00,0.00
2015.01.30 13:07:47.561,12.61795,12.62092,0.00,0.00
2015.01.30 13:07:47.986,12.61795,12.62032,0.00,0.00
2015.01.30 13:07:48.036,12.61795,12.62092,0.00,0.00
2015.01.30 13:07:48.137,12.6182,12.62092,0.00,0.00
2015.01.30 13:07:49.427,12.61802,12.62092,0.00,0.00
2015.01.30 13:07:49.477,12.61802,12.62032,0.00,0.00
2015.01.30 13:07:49.635,12.61791,12.62032,0.00,0.00
2015.01.30 13:07:50.131,12.61775,12.62032,0.00,0.00
2015.01.30 13:07:51.944,12.61795,12.62032,0.00,0.00
2015.01.30 13:07:51.994,12.61795,12.62091,0.00,0.00
2015.01.30 13:07:52.196,12.61821,12.62091,0.00,0.00
2015.01.30 13:07:59.704,12.61821,12.62032,0.00,0.00
2015.01.30 13:07:59.807,12.618,12.62032,0.00,0.00
2015.01.30 13:07:59.908,12.6179,12.62091,0.00,0.00
2015.01.30 13:07:59.999,12.61805,12.62091,0.00,0.00
2015.01.30 13:08:00.301,12.618,12.62032,0.00,0.00
2015.01.30 13:08:00.402,12.6179,12.62032,0.00,0.00
2015.01.30 13:08:04.720,12.61806,12.62032,0.00,0.00
2015.01.30 13:08:04.770,12.61806,12.62092,0.00,0.00
2015.01.30 13:08:04.871,12.61821,12.62092,0.00,0.00
2015.01.30 13:08:06.945,12.61821,12.62141,0.00,0.00
2015.01.30 13:08:06.995,12.6183,12.62141,0.00,0.00
2015.01.30 13:08:07.385,12.61896,12.62142,0.00,0.00
2015.01.30 13:08:07.842,12.61896,12.62199,0.00,0.00
2015.01.30 13:08:07.942,12.61915,12.62199,0.00,0.00
2015.01.30 13:08:07.993,12.61915,12.62202,0.00,0.00
2015.01.30 13:08:09.162,12.61935,12.62252,0.00,0.00
2015.01.30 13:08:09.262,12.61965,12.62252,0.00,0.00
2015.01.30 13:08:09.585,12.61981,12.62252,0.00,0.00
2015.01.30 13:08:09.637,12.61981,12.62291,0.00,0.00
2015.01.30 13:08:10.245,12.61981,12.62251,0.00,0.00
2015.01.30 13:08:10.358,12.61981,12.62291,0.00,0.00
2015.01.30 13:08:10.746,12.61996,12.62291,0.00,0.00
2015.01.30 13:08:11.252,12.61996,12.62251,0.00,0.00
2015.01.30 13:08:11.456,12.6198,12.62251,0.00,0.00
2015.01.30 13:08:11.675,12.6198,12.62292,0.00,0.00
2015.01.30 13:08:11.965,12.62004,12.62292,0.00,0.00
2015.01.30 13:08:12.677,12.62004,12.62252,0.00,0.00
2015.01.30 13:08:12.778,12.62004,12.62291,0.00,0.00
2015.01.30 13:08:14.695,12.61985,12.62252,0.00,0.00
2015.01.30 13:08:14.846,12.6197,12.62252,0.00,0.00
2015.01.30 13:08:17.565,12.6204,12.62252,0.00,0.00
2015.01.30 13:08:17.615,12.6204,12.62292,0.00,0.00
2015.01.30 13:08:17.666,12.62056,12.62292,0.00,0.00
2015.01.30 13:08:17.724,12.62056,12.62342,0.00,0.00
2015.01.30 13:08:17.775,12.6204,12.62342,0.00,0.00
2015.01.30 13:08:17.834,12.6204,12.62292,0.00,0.00
2015.01.30 13:08:17.885,12.62009,12.62292,0.00,0.00
2015.01.30 13:08:17.944,12.62009,12.62341,0.00,0.00
2015.01.30 13:08:17.995,12.6202,12.62341,0.00,0.00
2015.01.30 13:08:18.115,12.61999,12.62341,0.00,0.00
2015.01.30 13:08:18.165,12.61999,12.62292,0.00,0.00
2015.01.30 13:08:19.054,12.62022,12.62292,0.00,0.00
2015.01.30 13:08:19.155,12.62022,12.62342,0.00,0.00
2015.01.30 13:08:19.265,12.62022,12.62292,0.00,0.00
2015.01.30 13:08:20.062,12.61996,12.62292,0.00,0.00
2015.01.30 13:08:21.051,12.6203,12.62241,0.00,0.00
2015.01.30 13:08:21.152,12.62029,12.62342,0.00,0.00
2015.01.30 13:08:21.203,12.62056,12.62342,0.00,0.00
2015.01.30 13:08:21.546,12.62021,12.62292,0.00,0.00
2015.01.30 13:08:22.025,12.61959,12.62292,0.00,0.00
2015.01.30 13:08:23.476,12.61972,12.62292,0.00,0.00
2015.01.30 13:08:23.817,12.61993,12.62292,0.00,0.00
2015.01.30 13:08:24.178,12.61977,12.62292,0.00,0.00
2015.01.30 13:08:24.876,12.61977,12.62242,0.00,0.00
2015.01.30 13:08:25.029,12.6201,12.62299,0.00,0.00
2015.01.30 13:08:25.130,12.6201,12.62292,0.00,0.00
2015.01.30 13:08:25.281,12.61977,12.62292,0.00,0.00
2015.01.30 13:08:25.511,12.61998,12.62292,0.00,0.00
2015.01.30 13:08:27.515,12.62099,12.6234,0.00,0.00
2015.01.30 13:08:27.615,12.62129,12.62371,0.00,0.00
2015.01.30 13:08:27.666,12.62122,12.62371,0.00,0.00
2015.01.30 13:08:27.716,12.62139,12.62371,0.00,0.00
2015.01.30 13:08:27.767,12.62139,12.62431,0.00,0.00
2015.01.30 13:08:27.817,12.62154,12.62431,0.00,0.00
2015.01.30 13:08:27.918,12.6213,12.62431,0.00,0.00
2015.01.30 13:08:28.020,12.62155,12.62431,0.00,0.00
2015.01.30 13:08:28.434,12.62129,12.62431,0.00,0.00
2015.01.30 13:08:28.701,12.62139,12.62431,0.00,0.00
2015.01.30 13:08:29.287,12.62143,12.62431,0.00,0.00
2015.01.30 13:08:30.189,12.6213,12.62431,0.00,0.00
2015.01.30 13:08:30.290,12.62144,12.62431,0.00,0.00
2015.01.30 13:08:30.390,12.6216,12.62461,0.00,0.00
2015.01.30 13:08:30.694,12.62144,12.62461,0.00,0.00
2015.01.30 13:08:31.291,12.6213,12.62461,0.00,0.00
2015.01.30 13:08:31.392,12.62162,12.62461,0.00,0.00
2015.01.30 13:08:31.803,12.62143,12.62461,0.00,0.00
2015.01.30 13:08:34.004,12.62143,12.62481,0.00,0.00
2015.01.30 13:08:34.896,12.62158,12.62481,0.00,0.00
2015.01.30 13:08:34.997,12.62143,12.62481,0.00,0.00
2015.01.30 13:08:36.094,12.62143,12.62431,0.00,0.00
2015.01.30 13:08:36.245,12.62089,12.62393,0.00,0.00
2015.01.30 13:08:36.346,12.62039,12.62379,0.00,0.00
2015.01.30 13:08:36.804,12.62062,12.62381,0.00,0.00
2015.01.30 13:08:37.300,12.62049,12.62381,0.00,0.00
2015.01.30 13:08:37.901,12.62039,12.62376,0.00,0.00
2015.01.30 13:08:38.209,12.62045,12.62381,0.00,0.00
2015.01.30 13:08:38.612,12.62061,12.62381,0.00,0.00
2015.01.30 13:08:39.020,12.62039,12.62375,0.00,0.00
2015.01.30 13:08:39.203,12.62062,12.62381,0.00,0.00
2015.01.30 13:08:40.448,12.62039,12.62375,0.00,0.00
2015.01.30 13:08:40.651,12.62063,12.62381,0.00,0.00
2015.01.30 13:08:40.754,12.62047,12.62381,0.00,0.00
2015.01.30 13:08:41.006,12.62039,12.62375,0.00,0.00
2015.01.30 13:08:41.608,12.62046,12.62381,0.00,0.00
2015.01.30 13:08:41.709,12.62046,12.6239,0.00,0.00
2015.01.30 13:08:41.808,12.62063,12.62391,0.00,0.00
2015.01.30 13:08:41.909,12.62033,12.62375,0.00,0.00
2015.01.30 13:08:42.629,12.62062,12.62391,0.00,0.00
2015.01.30 13:08:43.311,12.62048,12.62391,0.00,0.00
2015.01.30 13:08:44.313,12.62062,12.62391,0.00,0.00
2015.01.30 13:08:44.616,12.62128,12.62436,0.00,0.00
2015.01.30 13:08:44.738,12.62128,12.62456,0.00,0.00
2015.01.30 13:08:44.789,12.62112,12.62442,0.00,0.00
2015.01.30 13:08:44.940,12.62139,12.62441,0.00,0.00
2015.01.30 13:08:45.045,12.62153,12.62488,0.00,0.00
2015.01.30 13:08:45.314,12.62142,12.62484,0.00,0.00
2015.01.30 13:08:45.659,12.62156,12.62491,0.00,0.00
2015.01.30 13:08:46.072,12.62129,12.62455,0.00,0.00
2015.01.30 13:08:46.394,12.62107,12.62442,0.00,0.00
2015.01.30 13:08:46.445,12.62096,12.62438,0.00,0.00
2015.01.30 13:08:46.733,12.6211,12.62442,0.00,0.00
2015.01.30 13:08:46.834,12.62128,12.62466,0.00,0.00
2015.01.30 13:08:46.885,12.62122,12.62441,0.00,0.00
2015.01.30 13:08:46.935,12.6211,12.62441,0.00,0.00
2015.01.30 13:08:47.920,12.62095,12.62439,0.00,0.00
2015.01.30 13:08:48.122,12.62143,12.6248,0.00,0.00
2015.01.30 13:08:48.222,12.62143,12.62485,0.00,0.00
2015.01.30 13:08:48.426,12.62122,12.62442,0.00,0.00
2015.01.30 13:08:48.728,12.62122,12.62432,0.00,0.00
2015.01.30 13:08:49.075,12.62122,12.62392,0.00,0.00
2015.01.30 13:08:49.175,12.62072,12.62392,0.00,0.00
2015.01.30 13:08:49.348,12.62058,12.62392,0.00,0.00
2015.01.30 13:08:49.924,12.6207,12.62392,0.00,0.00
2015.01.30 13:08:50.268,12.62051,12.62392,0.00,0.00
2015.01.30 13:08:50.371,12.62066,12.62392,0.00,0.00
2015.01.30 13:08:50.473,12.6205,12.62392,0.00,0.00
2015.01.30 13:08:50.524,12.62072,12.62392,0.00,0.00
2015.01.30 13:08:51.385,12.62079,12.62399,0.00,0.00
2015.01.30 13:08:51.485,12.62087,12.62431,0.00,0.00
2015.01.30 13:08:51.636,12.62112,12.62441,0.00,0.00
2015.01.30 13:08:51.827,12.621,12.62441,0.00,0.00
2015.01.30 13:08:51.927,12.62112,12.62441,0.00,0.00
2015.01.30 13:08:52.329,12.621,12.62441,0.00,0.00
2015.01.30 13:08:52.428,12.62085,12.62427,0.00,0.00
2015.01.30 13:08:53.144,12.62085,12.62391,0.00,0.00
2015.01.30 13:08:53.245,12.6207,12.62391,0.00,0.00
2015.01.30 13:08:53.295,12.62078,12.62399,0.00,0.00
2015.01.30 13:08:53.598,12.62128,12.62399,0.00,0.00
2015.01.30 13:08:53.698,12.62179,12.62471,0.00,0.00
2015.01.30 13:08:53.749,12.6222,12.62471,0.00,0.00
2015.01.30 13:08:53.800,12.62225,12.62492,0.00,0.00
2015.01.30 13:08:53.900,12.62241,12.62582,0.00,0.00
2015.01.30 13:08:54.102,12.62241,12.62556,0.00,0.00
2015.01.30 13:08:54.202,12.62241,12.62571,0.00,0.00
2015.01.30 13:08:54.303,12.62246,12.62582,0.00,0.00
2015.01.30 13:08:55.199,12.62241,12.62576,0.00,0.00
2015.01.30 13:08:55.502,12.62241,12.6256,0.00,0.00
2015.01.30 13:08:56.823,12.62241,12.62579,0.00,0.00
2015.01.30 13:08:57.003,12.62241,12.62575,0.00,0.00
2015.01.30 13:08:58.095,12.6227,12.62582,0.00,0.00
2015.01.30 13:08:58.145,12.62278,12.62612,0.00,0.00
2015.01.30 13:08:58.584,12.62283,12.62625,0.00,0.00
2015.01.30 13:08:58.685,12.62282,12.62582,0.00,0.00
2015.01.30 13:08:58.786,12.62278,12.62591,0.00,0.00
2015.01.30 13:08:58.897,12.62295,12.62637,0.00,0.00
2015.01.30 13:08:59.206,12.6228,12.62624,0.00,0.00
2015.01.30 13:08:59.308,12.62278,12.62591,0.00,0.00
2015.01.30 13:08:59.611,12.62172,12.62491,0.00,0.00
2015.01.30 13:08:59.735,12.62155,12.62491,0.00,0.00
2015.01.30 13:09:00.589,12.62142,12.62484,0.00,0.00
2015.01.30 13:09:00.689,12.62178,12.62491,0.00,0.00
2015.01.30 13:09:00.789,12.62142,12.62482,0.00,0.00
2015.01.30 13:09:01.090,12.62152,12.62491,0.00,0.00
2015.01.30 13:09:01.392,12.62172,12.62491,0.00,0.00
2015.01.30 13:09:01.725,12.62151,12.62491,0.00,0.00
2015.01.30 13:09:02.062,12.62173,12.62491,0.00,0.00
2015.01.30 13:09:02.437,12.62149,12.62491,0.00,0.00
2015.01.30 13:09:02.694,12.62173,12.62491,0.00,0.00
2015.01.30 13:09:03.509,12.62182,12.62491,0.00,0.00
2015.01.30 13:09:04.044,12.62182,12.62526,0.00,0.00
2015.01.30 13:09:04.145,12.62197,12.62491,0.00,0.00
2015.01.30 13:09:04.246,12.62162,12.62491,0.00,0.00
2015.01.30 13:09:06.235,12.62162,12.62442,0.00,0.00
2015.01.30 13:09:06.301,12.62149,12.62442,0.00,0.00
2015.01.30 13:09:06.352,12.62149,12.62392,0.00,0.00
2015.01.30 13:09:06.402,12.6211,12.62392,0.00,0.00
2015.01.30 13:09:06.453,12.62064,12.62392,0.00,0.00
2015.01.30 13:09:06.602,12.62051,12.62392,0.00,0.00
2015.01.30 13:09:06.703,12.62072,12.62392,0.00,0.00
2015.01.30 13:09:06.803,12.62087,12.6243,0.00,0.00
2015.01.30 13:09:06.854,12.62087,12.6241,0.00,0.00
2015.01.30 13:09:06.954,12.62113,12.62442,0.00,0.00
2015.01.30 13:09:07.109,12.62092,12.62436,0.00,0.00
2015.01.30 13:09:07.203,12.62112,12.62442,0.00,0.00
2015.01.30 13:09:07.583,12.62128,12.62456,0.00,0.00
2015.01.30 13:09:07.734,12.62197,12.62541,0.00,0.00
2015.01.30 13:09:08.406,12.62179,12.6252,0.00,0.00
2015.01.30 13:09:08.754,12.62197,12.62519,0.00,0.00
2015.01.30 13:09:08.855,12.62178,12.62516,0.00,0.00
2015.01.30 13:09:09.354,12.6221,12.62519,0.00,0.00
2015.01.30 13:09:09.494,12.6221,12.62542,0.00,0.00
2015.01.30 13:09:09.955,12.62178,12.62521,0.00,0.00
2015.01.30 13:09:10.717,12.62193,12.62535,0.00,0.00
2015.01.30 13:09:10.817,12.62178,12.62521,0.00,0.00
2015.01.30 13:09:11.143,12.62178,12.62519,0.00,0.00
2015.01.30 13:09:11.445,12.62178,12.62484,0.00,0.00
2015.01.30 13:09:12.211,12.62178,12.62498,0.00,0.00
2015.01.30 13:09:12.712,12.62178,12.62485,0.00,0.00
2015.01.30 13:09:13.738,12.62178,12.62504,0.00,0.00
2015.01.30 13:09:13.839,12.62178,12.62519,0.00,0.00
2015.01.30 13:09:14.542,12.62178,12.62505,0.00,0.00
2015.01.30 13:09:14.729,12.62178,12.62519,0.00,0.00
2015.01.30 13:09:15.592,12.62218,12.6252,0.00,0.00
2015.01.30 13:09:15.642,12.62218,12.62531,0.00,0.00
2015.01.30 13:09:15.743,12.62212,12.62541,0.00,0.00
2015.01.30 13:09:15.944,12.62212,12.62491,0.00,0.00
2015.01.30 13:09:16.048,12.62185,12.62491,0.00,0.00
2015.01.30 13:09:16.220,12.62173,12.62491,0.00,0.00
2015.01.30 13:09:16.378,12.62179,12.62517,0.00,0.00
2015.01.30 13:09:16.429,12.62195,12.6253,0.00,0.00
2015.01.30 13:09:16.479,12.62195,12.62539,0.00,0.00
2015.01.30 13:09:16.630,12.62212,12.62541,0.00,0.00
2015.01.30 13:09:17.057,12.62218,12.62556,0.00,0.00
2015.01.30 13:09:17.107,12.62242,12.62556,0.00,0.00
2015.01.30 13:09:17.158,12.62248,12.62571,0.00,0.00
2015.01.30 13:09:17.318,12.62248,12.62582,0.00,0.00
2015.01.30 13:09:17.422,12.62242,12.62574,0.00,0.00
2015.01.30 13:09:17.723,12.62263,12.62582,0.00,0.00
2015.01.30 13:09:18.031,12.62277,12.62582,0.00,0.00
2015.01.30 13:09:20.668,12.62254,12.62582,0.00,0.00
2015.01.30 13:09:21.049,12.62245,12.62582,0.00,0.00
2015.01.30 13:09:22.256,12.62277,12.62582,0.00,0.00
2015.01.30 13:09:22.649,12.62247,12.62582,0.00,0.00
2015.01.30 13:09:23.336,12.62272,12.62582,0.00,0.00
2015.01.30 13:09:23.970,12.62242,12.62581,0.00,0.00
2015.01.30 13:09:24.238,12.62269,12.62582,0.00,0.00
2015.01.30 13:09:25.040,12.62258,12.62582,0.00,0.00
2015.01.30 13:09:25.541,12.62242,12.62581,0.00,0.00
2015.01.30 13:09:25.641,12.62259,12.62582,0.00,0.00
2015.01.30 13:09:25.742,12.62288,12.6263,0.00,0.00
2015.01.30 13:09:26.051,12.62278,12.62607,0.00,0.00
2015.01.30 13:09:26.674,12.62278,12.62591,0.00,0.00
2015.01.30 13:09:26.856,12.62278,12.62608,0.00,0.00
2015.01.30 13:09:26.957,12.62278,12.62592,0.00,0.00
2015.01.30 13:09:28.671,12.62278,12.62613,0.00,0.00
2015.01.30 13:09:29.749,12.62278,12.6259,0.00,0.00
2015.01.30 13:09:29.961,12.62278,12.62607,0.00,0.00
2015.01.30 13:09:30.062,12.62278,12.62591,0.00,0.00
2015.01.30 13:09:32.303,12.62328,12.62591,0.00,0.00
2015.01.30 13:09:32.404,12.62342,12.6262,0.00,0.00
2015.01.30 13:09:32.505,12.62342,12.62625,0.00,0.00
2015.01.30 13:09:32.881,12.62342,12.62606,0.00,0.00
2015.01.30 13:09:33.055,12.62342,12.6261,0.00,0.00
2015.01.30 13:09:33.363,12.62279,12.6261,0.00,0.00
2015.01.30 13:09:33.656,12.62282,12.62626,0.00,0.00
2015.01.30 13:09:33.953,12.62328,12.62626,0.00,0.00
2015.01.30 13:09:34.207,12.62279,12.62616,0.00,0.00
2015.01.30 13:09:34.258,12.62279,12.62601,0.00,0.00
2015.01.30 13:09:34.944,12.62257,12.62582,0.00,0.00
2015.01.30 13:09:35.095,12.62241,12.62581,0.00,0.00
2015.01.30 13:09:35.721,12.62341,12.62581,0.00,0.00
2015.01.30 13:09:35.771,12.62341,12.62603,0.00,0.00
2015.01.30 13:09:35.973,12.62341,12.62625,0.00,0.00
2015.01.30 13:09:36.364,12.62341,12.62667,0.00,0.00
2015.01.30 13:09:42.671,12.62341,12.6265,0.00,0.00
2015.01.30 13:09:42.977,12.62341,12.62656,0.00,0.00
2015.01.30 13:09:43.078,12.62341,12.62669,0.00,0.00
2015.01.30 13:09:43.378,12.62341,12.62641,0.00,0.00
2015.01.30 13:09:43.529,12.62297,12.62641,0.00,0.00
2015.01.30 13:09:43.579,12.62279,12.62616,0.00,0.00
2015.01.30 13:09:43.988,12.62257,12.62582,0.00,0.00
2015.01.30 13:09:44.385,12.62278,12.62601,0.00,0.00
2015.01.30 13:09:44.493,12.62279,12.62621,0.00,0.00
2015.01.30 13:09:45.023,12.62279,12.62619,0.00,0.00
2015.01.30 13:09:45.375,12.62278,12.62605,0.00,0.00
2015.01.30 13:09:45.701,12.62281,12.62619,0.00,0.00
2015.01.30 13:09:45.802,12.62281,12.62541,0.00,0.00
2015.01.30 13:09:45.903,12.62243,12.62541,0.00,0.00
2015.01.30 13:09:45.962,12.62243,12.62528,0.00,0.00
2015.01.30 13:09:46.308,12.62278,12.62528,0.00,0.00
2015.01.30 13:09:46.409,12.62278,12.62569,0.00,0.00
2015.01.30 13:09:46.603,12.62262,12.62569,0.00,0.00
2015.01.30 13:09:46.711,12.62251,12.62569,0.00,0.00
2015.01.30 13:09:46.761,12.62251,12.62528,0.00,0.00
2015.01.30 13:09:47.222,12.62242,12.62528,0.00,0.00
2015.01.30 13:09:47.897,12.6223,12.62519,0.00,0.00
2015.01.30 13:09:47.947,12.62207,12.62459,0.00,0.00
2015.01.30 13:09:47.998,12.62141,12.62459,0.00,0.00
2015.01.30 13:09:48.324,12.62144,12.62459,0.00,0.00
2015.01.30 13:09:48.528,12.62141,12.62459,0.00,0.00
2015.01.30 13:09:51.024,12.6215,12.62459,0.00,0.00
2015.01.30 13:09:51.212,12.62141,12.62459,0.00,0.00
2015.01.30 13:09:51.513,12.62152,12.62459,0.00,0.00
2015.01.30 13:09:51.845,12.62179,12.62459,0.00,0.00
2015.01.30 13:09:51.946,12.62209,12.62541,0.00,0.00
2015.01.30 13:09:52.047,12.62228,12.62542,0.00,0.00
2015.01.30 13:09:52.257,12.6221,12.6254,0.00,0.00
2015.01.30 13:09:52.358,12.62188,12.6253,0.00,0.00
2015.01.30 13:09:52.463,12.62178,12.62516,0.00,0.00
2015.01.30 13:09:53.781,12.62172,12.62492,0.00,0.00
2015.01.30 13:09:53.832,12.62142,12.62481,0.00,0.00
2015.01.30 13:09:53.933,12.62152,12.62492,0.00,0.00
2015.01.30 13:09:55.740,12.62142,12.6248,0.00,0.00
2015.01.30 13:09:56.233,12.62142,12.62486,0.00,0.00
2015.01.30 13:09:56.534,12.62169,12.62492,0.00,0.00
2015.01.30 13:09:57.672,12.62144,12.62488,0.00,0.00
2015.01.30 13:09:57.773,12.62142,12.62476,0.00,0.00
2015.01.30 13:09:58.138,12.62167,12.62492,0.00,0.00
2015.01.30 13:09:58.638,12.62142,12.62476,0.00,0.00
2015.01.30 13:09:58.978,12.62159,12.62492,0.00,0.00
2015.01.30 13:09:59.458,12.62173,12.62492,0.00,0.00
2015.01.30 13:10:00.887,12.62145,12.62489,0.00,0.00
2015.01.30 13:10:00.989,12.62161,12.62492,0.00,0.00
2015.01.30 13:10:01.543,12.62144,12.62488,0.00,0.00
2015.01.30 13:10:01.961,12.62175,12.62492,0.00,0.00
2015.01.30 13:10:02.586,12.6216,12.62492,0.00,0.00
2015.01.30 13:10:02.784,12.62178,12.62504,0.00,0.00
2015.01.30 13:10:02.847,12.6218,12.62524,0.00,0.00
2015.01.30 13:10:02.948,12.62199,12.62541,0.00,0.00
2015.01.30 13:10:03.491,12.62198,12.62542,0.00,0.00
2015.01.30 13:10:06.804,12.62221,12.62542,0.00,0.00
2015.01.30 13:10:07.153,12.62239,12.62581,0.00,0.00
2015.01.30 13:10:07.254,12.6223,12.62566,0.00,0.00
2015.01.30 13:10:07.556,12.62221,12.62491,0.00,0.00
2015.01.30 13:10:07.607,12.62152,12.62491,0.00,0.00
2015.01.30 13:10:10.781,12.62172,12.62491,0.00,0.00
2015.01.30 13:10:10.882,12.62133,12.62475,0.00,0.00
2015.01.30 13:10:11.398,12.62145,12.62489,0.00,0.00
2015.01.30 13:10:11.599,12.62178,12.62503,0.00,0.00
2015.01.30 13:10:11.809,12.62178,12.62521,0.00,0.00
2015.01.30 13:10:13.073,12.62194,12.62536,0.00,0.00
2015.01.30 13:10:13.278,12.62181,12.62525,0.00,0.00
2015.01.30 13:10:15.525,12.62222,12.62525,0.00,0.00
2015.01.30 13:10:15.626,12.62222,12.62543,0.00,0.00
2015.01.30 13:10:15.727,12.62222,12.62562,0.00,0.00
2015.01.30 13:10:16.091,12.62222,12.62541,0.00,0.00
2015.01.30 13:10:16.445,12.62222,12.62515,0.00,0.00
2015.01.30 13:10:16.514,12.62179,12.62515,0.00,0.00
2015.01.30 13:10:16.599,12.62184,12.62526,0.00,0.00
2015.01.30 13:10:16.725,12.62198,12.62541,0.00,0.00
2015.01.30 13:10:17.048,12.62184,12.62526,0.00,0.00
2015.01.30 13:10:17.415,12.62179,12.62516,0.00,0.00
2015.01.30 13:10:18.815,12.6219,12.62532,0.00,0.00
2015.01.30 13:10:18.973,12.62222,12.62532,0.00,0.00
2015.01.30 13:10:19.024,12.62228,12.62551,0.00,0.00
2015.01.30 13:10:19.396,12.62228,12.62572,0.00,0.00
2015.01.30 13:10:19.493,12.62228,12.62532,0.00,0.00
2015.01.30 13:10:19.827,12.6223,12.62532,0.00,0.00
2015.01.30 13:10:20.386,12.62246,12.62532,0.00,0.00
2015.01.30 13:10:20.923,12.62246,12.62398,0.00,0.00
2015.01.30 13:10:21.124,12.62055,12.62341,0.00,0.00
2015.01.30 13:10:21.476,12.62043,12.62341,0.00,0.00
2015.01.30 13:10:22.059,12.62029,12.62341,0.00,0.00
2015.01.30 13:10:22.615,12.62029,12.62291,0.00,0.00
2015.01.30 13:10:22.665,12.6196,12.62291,0.00,0.00
2015.01.30 13:10:22.716,12.6196,12.62251,0.00,0.00
2015.01.30 13:10:23.026,12.61931,12.62192,0.00,0.00
2015.01.30 13:10:23.336,12.61893,12.62141,0.00,0.00
2015.01.30 13:10:23.387,12.61881,12.62142,0.00,0.00
2015.01.30 13:10:23.449,12.61892,12.62142,0.00,0.00
2015.01.30 13:10:23.500,12.61892,12.62191,0.00,0.00
2015.01.30 13:10:23.567,12.61892,12.62142,0.00,0.00
2015.01.30 13:10:23.668,12.61879,12.62142,0.00,0.00
2015.01.30 13:10:24.005,12.61879,12.62178,0.00,0.00
2015.01.30 13:10:24.056,12.61893,12.62178,0.00,0.00
2015.01.30 13:10:24.526,12.61913,12.62178,0.00,0.00
2015.01.30 13:10:24.782,12.61892,12.62191,0.00,0.00
2015.01.30 13:10:25.190,12.61876,12.62191,0.00,0.00
2015.01.30 13:10:25.489,12.61891,12.62191,0.00,0.00
2015.01.30 13:10:25.600,12.61875,12.62191,0.00,0.00
2015.01.30 13:10:26.055,12.61899,12.62191,0.00,0.00
2015.01.30 13:10:26.684,12.61872,12.62141,0.00,0.00
2015.01.30 13:10:26.756,12.61837,12.62141,0.00,0.00
2015.01.30 13:10:26.956,12.61822,12.62141,0.00,0.00
2015.01.30 13:10:27.358,12.61853,12.62141,0.00,0.00
2015.01.30 13:10:28.077,12.61831,12.62141,0.00,0.00
2015.01.30 13:10:28.261,12.61853,12.62141,0.00,0.00
2015.01.30 13:10:28.768,12.61846,12.62141,0.00,0.00
2015.01.30 13:10:28.869,12.61821,12.62141,0.00,0.00
2015.01.30 13:10:30.190,12.61843,12.62141,0.00,0.00
2015.01.30 13:10:31.266,12.61821,12.62141,0.00,0.00
2015.01.30 13:10:31.741,12.61821,12.62082,0.00,0.00
2015.01.30 13:10:31.791,12.61811,12.62082,0.00,0.00
2015.01.30 13:10:31.892,12.61801,12.62082,0.00,0.00
2015.01.30 13:10:31.967,12.61812,12.62082,0.00,0.00
2015.01.30 13:10:32.068,12.61843,12.62141,0.00,0.00
2015.01.30 13:10:32.169,12.61817,12.62141,0.00,0.00
2015.01.30 13:10:32.400,12.61853,12.62141,0.00,0.00
2015.01.30 13:10:33.570,12.61833,12.62141,0.00,0.00
2015.01.30 13:10:33.870,12.61848,12.62141,0.00,0.00
2015.01.30 13:10:34.330,12.61878,12.62141,0.00,0.00
2015.01.30 13:10:34.572,12.61856,12.62141,0.00,0.00
2015.01.30 13:10:34.711,12.61841,12.62141,0.00,0.00
2015.01.30 13:10:34.919,12.61877,12.62141,0.00,0.00
2015.01.30 13:10:35.104,12.61865,12.62141,0.00,0.00
2015.01.30 13:10:35.421,12.61845,12.62141,0.00,0.00
2015.01.30 13:10:35.977,12.61877,12.62141,0.00,0.00
2015.01.30 13:10:36.473,12.61877,12.62081,0.00,0.00
2015.01.30 13:10:36.524,12.61762,12.62081,0.00,0.00
2015.01.30 13:10:36.574,12.61762,12.62031,0.00,0.00
2015.01.30 13:10:36.625,12.61744,12.62031,0.00,0.00
2015.01.30 13:10:36.776,12.61759,12.62031,0.00,0.00
2015.01.30 13:10:37.076,12.61741,12.62031,0.00,0.00
2015.01.30 13:10:37.477,12.61757,12.62031,0.00,0.00
2015.01.30 13:10:37.681,12.6173,12.62031,0.00,0.00
2015.01.30 13:10:37.863,12.6173,12.61982,0.00,0.00
2015.01.30 13:10:37.913,12.61718,12.61982,0.00,0.00
2015.01.30 13:10:38.078,12.61701,12.61982,0.00,0.00
2015.01.30 13:10:38.128,12.61701,12.61932,0.00,0.00
2015.01.30 13:10:38.229,12.61701,12.61982,0.00,0.00
2015.01.30 13:10:38.330,12.61677,12.61932,0.00,0.00
2015.01.30 13:10:38.481,12.61668,12.61932,0.00,0.00
2015.01.30 13:10:39.809,12.61683,12.61932,0.00,0.00
2015.01.30 13:10:40.015,12.61671,12.61932,0.00,0.00
2015.01.30 13:10:40.283,12.61683,12.61932,0.00,0.00
2015.01.30 13:10:40.393,12.61683,12.61982,0.00,0.00
2015.01.30 13:10:40.520,12.61721,12.61982,0.00,0.00
2015.01.30 13:10:40.771,12.61737,12.62032,0.00,0.00
2015.01.30 13:10:41.234,12.61721,12.62032,0.00,0.00
2015.01.30 13:10:41.888,12.61736,12.62032,0.00,0.00
2015.01.30 13:10:42.189,12.61721,12.62032,0.00,0.00
2015.01.30 13:10:42.891,12.61729,12.62032,0.00,0.00
2015.01.30 13:10:43.403,12.61721,12.62032,0.00,0.00
2015.01.30 13:10:43.660,12.61729,12.62032,0.00,0.00
2015.01.30 13:10:44.126,12.61749,12.62032,0.00,0.00
2015.01.30 13:10:44.434,12.61738,12.62032,0.00,0.00
2015.01.30 13:10:48.353,12.61738,12.6208,0.00,0.00
2015.01.30 13:10:48.404,12.61751,12.62082,0.00,0.00
2015.01.30 13:10:48.754,12.61788,12.62116,0.00,0.00
2015.01.30 13:10:48.805,12.6181,12.62141,0.00,0.00
2015.01.30 13:10:48.941,12.6181,12.62121,0.00,0.00
2015.01.30 13:10:49.270,12.61733,12.62031,0.00,0.00
2015.01.30 13:10:52.211,12.61729,12.62031,0.00,0.00
2015.01.30 13:10:52.777,12.6173,12.62031,0.00,0.00
2015.01.30 13:10:53.637,12.61709,12.62019,0.00,0.00
2015.01.30 13:10:53.751,12.61709,12.62009,0.00,0.00
2015.01.30 13:10:53.802,12.61688,12.62009,0.00,0.00
2015.01.30 13:10:53.853,12.61652,12.61932,0.00,0.00
2015.01.30 13:10:54.271,12.61638,12.61932,0.00,0.00
2015.01.30 13:10:54.730,12.61659,12.61932,0.00,0.00
2015.01.30 13:10:54.831,12.6167,12.61982,0.00,0.00
2015.01.30 13:10:54.932,12.61684,12.61982,0.00,0.00
2015.01.30 13:10:55.168,12.61672,12.61981,0.00,0.00
2015.01.30 13:10:55.269,12.61684,12.61981,0.00,0.00
2015.01.30 13:10:55.672,12.61672,12.61981,0.00,0.00
2015.01.30 13:10:56.013,12.61672,12.61932,0.00,0.00
2015.01.30 13:10:56.063,12.61657,12.61932,0.00,0.00
2015.01.30 13:10:56.229,12.61642,12.61932,0.00,0.00
2015.01.30 13:10:56.922,12.61642,12.61981,0.00,0.00
2015.01.30 13:10:56.972,12.61664,12.61981,0.00,0.00
2015.01.30 13:10:57.382,12.6168,12.61981,0.00,0.00
2015.01.30 13:10:57.724,12.61632,12.61842,0.00,0.00
2015.01.30 13:10:57.875,12.61531,12.61842,0.00,0.00
2015.01.30 13:10:58.434,12.61539,12.61875,0.00,0.00
2015.01.30 13:10:58.536,12.61549,12.61875,0.00,0.00
2015.01.30 13:10:58.838,12.61597,12.61891,0.00,0.00
2015.01.30 13:10:59.385,12.61584,12.61891,0.00,0.00
2015.01.30 13:10:59.691,12.61572,12.61891,0.00,0.00
2015.01.30 13:11:01.347,12.61596,12.61891,0.00,0.00
2015.01.30 13:11:02.048,12.61582,12.61891,0.00,0.00
2015.01.30 13:11:02.654,12.61562,12.61842,0.00,0.00
2015.01.30 13:11:02.855,12.61545,12.61842,0.00,0.00
2015.01.30 13:11:03.667,12.61592,12.61842,0.00,0.00
2015.01.30 13:11:03.823,12.6163,12.61891,0.00,0.00
2015.01.30 13:11:03.952,12.61644,12.61932,0.00,0.00
2015.01.30 13:11:04.290,12.61661,12.61981,0.00,0.00
2015.01.30 13:11:04.391,12.61683,12.61981,0.00,0.00
2015.01.30 13:11:05.046,12.61683,12.62027,0.00,0.00
2015.01.30 13:11:05.096,12.61734,12.62032,0.00,0.00
2015.01.30 13:11:05.253,12.61734,12.62069,0.00,0.00
2015.01.30 13:11:05.303,12.6176,12.62069,0.00,0.00
2015.01.30 13:11:05.354,12.6176,12.62082,0.00,0.00
2015.01.30 13:11:05.404,12.61774,12.62082,0.00,0.00
2015.01.30 13:11:05.505,12.61762,12.62082,0.00,0.00
2015.01.30 13:11:05.611,12.6176,12.62031,0.00,0.00
2015.01.30 13:11:05.712,12.61727,12.62031,0.00,0.00
2015.01.30 13:11:05.813,12.61729,12.62031,0.00,0.00
2015.01.30 13:11:06.115,12.61712,12.62031,0.00,0.00
2015.01.30 13:11:06.166,12.61727,12.62031,0.00,0.00
2015.01.30 13:11:06.266,12.61728,12.62071,0.00,0.00
2015.01.30 13:11:06.317,12.61759,12.62082,0.00,0.00
2015.01.30 13:11:06.618,12.61762,12.62032,0.00,0.00
2015.01.30 13:11:06.669,12.6176,12.62032,0.00,0.00
2015.01.30 13:11:06.720,12.6176,12.62078,0.00,0.00
2015.01.30 13:11:06.820,12.61753,12.62032,0.00,0.00
2015.01.30 13:11:06.971,12.61729,12.62032,0.00,0.00
2015.01.30 13:11:07.022,12.61713,12.62032,0.00,0.00
2015.01.30 13:11:07.248,12.61713,12.61982,0.00,0.00
2015.01.30 13:11:07.298,12.61709,12.61982,0.00,0.00
2015.01.30 13:11:07.349,12.61702,12.61982,0.00,0.00
2015.01.30 13:11:07.450,12.6168,12.61982,0.00,0.00
2015.01.30 13:11:07.500,12.61764,12.62032,0.00,0.00
2015.01.30 13:11:07.601,12.61759,12.62032,0.00,0.00
2015.01.30 13:11:07.702,12.61753,12.62068,0.00,0.00
2015.01.30 13:11:07.802,12.61777,12.62032,0.00,0.00
2015.01.30 13:11:07.903,12.61759,12.62032,0.00,0.00
2015.01.30 13:11:07.954,12.61737,12.62032,0.00,0.00
2015.01.30 13:11:08.679,12.6173,12.62032,0.00,0.00
2015.01.30 13:11:08.780,12.61717,12.62032,0.00,0.00
2015.01.30 13:11:08.985,12.61709,12.62002,0.00,0.00
2015.01.30 13:11:09.287,12.61661,12.61931,0.00,0.00
2015.01.30 13:11:09.394,12.61645,12.61931,0.00,0.00
2015.01.30 13:11:10.092,12.61633,12.61931,0.00,0.00
2015.01.30 13:11:10.423,12.61665,12.61931,0.00,0.00
2015.01.30 13:11:11.247,12.61638,12.61931,0.00,0.00
2015.01.30 13:11:11.948,12.61664,12.61931,0.00,0.00
2015.01.30 13:11:12.803,12.61632,12.61931,0.00,0.00
2015.01.30 13:11:13.004,12.61643,12.61931,0.00,0.00
2015.01.30 13:11:13.608,12.61657,12.61931,0.00,0.00
2015.01.30 13:11:13.811,12.61639,12.61931,0.00,0.00
2015.01.30 13:11:20.341,12.61629,12.61931,0.00,0.00
2015.01.30 13:11:21.437,12.6163,12.61931,0.00,0.00
2015.01.30 13:11:22.559,12.61629,12.61931,0.00,0.00
2015.01.30 13:11:23.991,12.6163,12.61931,0.00,0.00
2015.01.30 13:11:24.160,12.6163,12.61925,0.00,0.00
2015.01.30 13:11:24.311,12.61532,12.61841,0.00,0.00
2015.01.30 13:11:24.411,12.61539,12.61875,0.00,0.00
2015.01.30 13:11:24.462,12.61549,12.61891,0.00,0.00
2015.01.30 13:11:24.563,12.61572,12.61891,0.00,0.00
2015.01.30 13:11:24.897,12.61543,12.61842,0.00,0.00
2015.01.30 13:11:25.069,12.61531,12.61842,0.00,0.00
2015.01.30 13:11:25.276,12.61542,12.61842,0.00,0.00
2015.01.30 13:11:25.523,12.61555,12.61891,0.00,0.00
2015.01.30 13:11:25.574,12.61567,12.61891,0.00,0.00
2015.01.30 13:11:25.886,12.61578,12.61891,0.00,0.00
2015.01.30 13:11:26.508,12.61562,12.61891,0.00,0.00
2015.01.30 13:11:26.558,12.61562,12.61841,0.00,0.00
2015.01.30 13:11:26.659,12.61562,12.61892,0.00,0.00
2015.01.30 13:11:26.934,12.61629,12.61892,0.00,0.00
2015.01.30 13:11:26.984,12.61629,12.61899,0.00,0.00
2015.01.30 13:11:27.085,12.61642,12.61899,0.00,0.00
2015.01.30 13:11:27.286,12.61657,12.61982,0.00,0.00
2015.01.30 13:11:27.387,12.61672,12.61982,0.00,0.00
2015.01.30 13:11:27.712,12.61653,12.61932,0.00,0.00
2015.01.30 13:11:27.762,12.61653,12.61982,0.00,0.00
2015.01.30 13:11:27.812,12.61657,12.61982,0.00,0.00
2015.01.30 13:11:28.152,12.61673,12.61982,0.00,0.00
2015.01.30 13:11:29.123,12.61638,12.61932,0.00,0.00
2015.01.30 13:11:29.262,12.61638,12.6198,0.00,0.00
2015.01.30 13:11:29.313,12.61651,12.61982,0.00,0.00
2015.01.30 13:11:29.634,12.61672,12.61982,0.00,0.00
2015.01.30 13:11:30.363,12.61672,12.62001,0.00,0.00
2015.01.30 13:11:31.470,12.61722,12.62001,0.00,0.00
2015.01.30 13:11:31.621,12.61729,12.62041,0.00,0.00
2015.01.30 13:11:33.366,12.6173,12.62041,0.00,0.00
2015.01.30 13:11:34.847,12.61729,12.62041,0.00,0.00
2015.01.30 13:11:35.610,12.6173,12.62041,0.00,0.00
2015.01.30 13:11:36.972,12.61709,12.62001,0.00,0.00
2015.01.30 13:11:37.096,12.6171,12.62042,0.00,0.00
2015.01.30 13:11:37.146,12.61723,12.62042,0.00,0.00
2015.01.30 13:11:37.488,12.6173,12.62042,0.00,0.00
2015.01.30 13:11:38.880,12.61729,12.62042,0.00,0.00
2015.01.30 13:11:40.525,12.6173,12.62042,0.00,0.00
2015.01.30 13:11:41.135,12.61729,12.62042,0.00,0.00
2015.01.30 13:11:41.455,12.61709,12.61999,0.00,0.00
2015.01.30 13:11:42.092,12.61722,12.62042,0.00,0.00
2015.01.30 13:11:44.549,12.6171,12.62042,0.00,0.00
2015.01.30 13:11:44.600,12.6171,12.62002,0.00,0.00
2015.01.30 13:11:44.650,12.61687,12.62002,0.00,0.00
2015.01.30 13:11:44.751,12.61672,12.62002,0.00,0.00
2015.01.30 13:11:44.993,12.61672,12.61951,0.00,0.00
2015.01.30 13:11:45.071,12.61658,12.61951,0.00,0.00
2015.01.30 13:11:45.173,12.61637,12.61951,0.00,0.00
2015.01.30 13:11:45.756,12.61637,12.61952,0.00,0.00
2015.01.30 13:11:46.500,12.61649,12.61952,0.00,0.00
2015.01.30 13:11:47.193,12.61572,12.61902,0.00,0.00
2015.01.30 13:11:47.348,12.61598,12.61916,0.00,0.00
2015.01.30 13:11:48.252,12.61598,12.61899,0.00,0.00
2015.01.30 13:11:48.353,12.61549,12.61852,0.00,0.00
2015.01.30 13:11:48.454,12.6153,12.61852,0.00,0.00
2015.01.30 13:11:49.135,12.61529,12.61852,0.00,0.00
2015.01.30 13:11:49.709,12.6153,12.61852,0.00,0.00
2015.01.30 13:11:50.073,12.61548,12.61886,0.00,0.00
2015.01.30 13:11:50.174,12.61558,12.619,0.00,0.00
2015.01.30 13:11:50.275,12.61573,12.61902,0.00,0.00
2015.01.30 13:11:51.744,12.61573,12.61851,0.00,0.00
2015.01.30 13:11:51.795,12.61549,12.61851,0.00,0.00
2015.01.30 13:11:51.847,12.61532,12.61851,0.00,0.00
2015.01.30 13:11:52.357,12.61548,12.61851,0.00,0.00
2015.01.30 13:11:52.511,12.61549,12.6189,0.00,0.00
2015.01.30 13:11:52.562,12.61572,12.61892,0.00,0.00
2015.01.30 13:11:53.241,12.61572,12.61842,0.00,0.00
2015.01.30 13:11:53.461,12.61572,12.61891,0.00,0.00
2015.01.30 13:11:53.611,12.61572,12.61841,0.00,0.00
2015.01.30 13:11:53.662,12.6156,12.61841,0.00,0.00
2015.01.30 13:11:53.763,12.61531,12.61841,0.00,0.00
2015.01.30 13:11:53.813,12.61541,12.61841,0.00,0.00
2015.01.30 13:11:56.367,12.61641,12.6189,0.00,0.00
2015.01.30 13:11:56.681,12.61641,12.61842,0.00,0.00
2015.01.30 13:11:57.001,12.61549,12.61842,0.00,0.00
2015.01.30 13:11:57.566,12.61542,12.61842,0.00,0.00
2015.01.30 13:12:02.309,12.61472,12.61791,0.00,0.00
2015.01.30 13:12:02.610,12.61489,12.61815,0.00,0.00
2015.01.30 13:12:02.711,12.61529,12.61841,0.00,0.00
2015.01.30 13:12:03.272,12.61542,12.61841,0.00,0.00
2015.01.30 13:12:03.626,12.61542,12.61792,0.00,0.00
2015.01.30 13:12:04.152,12.61472,12.61792,0.00,0.00
2015.01.30 13:12:06.511,12.61459,12.61792,0.00,0.00
2015.01.30 13:12:06.612,12.61453,12.61792,0.00,0.00
2015.01.30 13:12:06.663,12.61453,12.61751,0.00,0.00
2015.01.30 13:12:06.713,12.61433,12.61751,0.00,0.00
2015.01.30 13:12:06.772,12.61438,12.61775,0.00,0.00
2015.01.30 13:12:06.923,12.61459,12.6179,0.00,0.00
2015.01.30 13:12:07.261,12.61421,12.61751,0.00,0.00
2015.01.30 13:12:08.021,12.6143,12.61751,0.00,0.00
2015.01.30 13:12:08.580,12.61432,12.61751,0.00,0.00
2015.01.30 13:12:09.621,12.61429,12.61751,0.00,0.00
2015.01.30 13:12:09.672,12.61421,12.61702,0.00,0.00
2015.01.30 13:12:09.974,12.61421,12.61591,0.00,0.00
2015.01.30 13:12:10.024,12.613,12.61589,0.00,0.00
2015.01.30 13:12:10.075,12.61258,12.61542,0.00,0.00
2015.01.30 13:12:10.125,12.6121,12.61542,0.00,0.00
2015.01.30 13:12:10.276,12.61204,12.61521,0.00,0.00
2015.01.30 13:12:10.577,12.61128,12.61398,0.00,0.00
2015.01.30 13:12:10.628,12.61118,12.61398,0.00,0.00
2015.01.30 13:12:10.729,12.6108,12.61398,0.00,0.00
2015.01.30 13:12:10.978,12.6108,12.61352,0.00,0.00
2015.01.30 13:12:11.129,12.61065,12.61352,0.00,0.00
2015.01.30 13:12:11.230,12.61081,12.61398,0.00,0.00
2015.01.30 13:12:11.340,12.61081,12.61402,0.00,0.00
2015.01.30 13:12:11.390,12.61129,12.61402,0.00,0.00
2015.01.30 13:12:11.441,12.61129,12.61449,0.00,0.00
2015.01.30 13:12:11.541,12.61152,12.61451,0.00,0.00
2015.01.30 13:12:11.848,12.61167,12.61451,0.00,0.00
2015.01.30 13:12:11.899,12.61165,12.61451,0.00,0.00
2015.01.30 13:12:11.999,12.6115,12.61451,0.00,0.00
2015.01.30 13:12:12.399,12.61164,12.61451,0.00,0.00
2015.01.30 13:12:13.251,12.6118,12.61451,0.00,0.00
2015.01.30 13:12:13.301,12.61221,12.61502,0.00,0.00
2015.01.30 13:12:13.402,12.61221,12.61541,0.00,0.00
2015.01.30 13:12:13.591,12.61298,12.61561,0.00,0.00
2015.01.30 13:12:13.742,12.61329,12.61599,0.00,0.00
2015.01.30 13:12:13.801,12.61335,12.61599,0.00,0.00
2015.01.30 13:12:13.952,12.61335,12.61652,0.00,0.00
2015.01.30 13:12:14.591,12.61449,12.61679,0.00,0.00
2015.01.30 13:12:14.642,12.61449,12.61731,0.00,0.00
2015.01.30 13:12:14.743,12.6143,12.61752,0.00,0.00
2015.01.30 13:12:15.661,12.61429,12.61752,0.00,0.00
2015.01.30 13:12:15.811,12.61442,12.61752,0.00,0.00
2015.01.30 13:12:16.691,12.61429,12.61752,0.00,0.00
2015.01.30 13:12:17.241,12.6143,12.61752,0.00,0.00
2015.01.30 13:12:17.441,12.61438,12.61802,0.00,0.00
2015.01.30 13:12:17.592,12.6145,12.61752,0.00,0.00
2015.01.30 13:12:17.647,12.61429,12.61752,0.00,0.00
2015.01.30 13:12:18.868,12.61439,12.61752,0.00,0.00
2015.01.30 13:12:19.021,12.61439,12.61801,0.00,0.00
2015.01.30 13:12:19.131,12.6143,12.61752,0.00,0.00
2015.01.30 13:12:19.690,12.61429,12.61752,0.00,0.00
2015.01.30 13:12:19.999,12.61442,12.61752,0.00,0.00
2015.01.30 13:12:20.134,12.61455,12.61799,0.00,0.00
2015.01.30 13:12:20.235,12.61455,12.61752,0.00,0.00
2015.01.30 13:12:20.354,12.61442,12.61752,0.00,0.00
2015.01.30 13:12:20.458,12.61442,12.61784,0.00,0.00
2015.01.30 13:12:22.214,12.61478,12.61784,0.00,0.00
2015.01.30 13:12:22.265,12.61478,12.61799,0.00,0.00
2015.01.30 13:12:22.366,12.61481,12.61823,0.00,0.00
2015.01.30 13:12:23.381,12.61481,12.61802,0.00,0.00
2015.01.30 13:12:23.687,12.61542,12.61841,0.00,0.00
2015.01.30 13:12:23.738,12.61542,12.61859,0.00,0.00
2015.01.30 13:12:23.893,12.61542,12.61874,0.00,0.00
2015.01.30 13:12:33.459,12.61582,12.61874,0.00,0.00
2015.01.30 13:12:37.803,12.61582,12.61891,0.00,0.00
2015.01.30 13:12:37.854,12.61591,12.61891,0.00,0.00
2015.01.30 13:12:38.058,12.61678,12.62009,0.00,0.00
2015.01.30 13:12:38.168,12.61681,12.62023,0.00,0.00
2015.01.30 13:12:38.471,12.61692,12.62023,0.00,0.00
2015.01.30 13:12:38.816,12.61718,12.62049,0.00,0.00
2015.01.30 13:12:39.461,12.61782,12.62049,0.00,0.00
2015.01.30 13:12:40.797,12.61782,12.62073,0.00,0.00
2015.01.30 13:12:50.693,12.61791,12.62073,0.00,0.00
2015.01.30 13:12:50.894,12.6183,12.62174,0.00,0.00
2015.01.30 13:12:51.670,12.61881,12.62174,0.00,0.00
2015.01.30 13:12:53.211,12.6183,12.62174,0.00,0.00
2015.01.30 13:12:55.216,12.61845,12.62189,0.00,0.00
2015.01.30 13:12:57.863,12.61846,12.62188,0.00,0.00
2015.01.30 13:12:58.194,12.61888,12.62188,0.00,0.00
2015.01.30 13:12:58.245,12.61888,12.62219,0.00,0.00
2015.01.30 13:12:58.346,12.61888,12.62229,0.00,0.00
2015.01.30 13:12:58.446,12.61889,12.62251,0.00,0.00
2015.01.30 13:12:58.707,12.61939,12.62255,0.00,0.00
2015.01.30 13:12:58.807,12.61888,12.62252,0.00,0.00
2015.01.30 13:12:58.960,12.61888,12.62228,0.00,0.00
2015.01.30 13:12:59.294,12.61886,12.62192,0.00,0.00
2015.01.30 13:12:59.344,12.61859,12.62184,0.00,0.00
2015.01.30 13:12:59.395,12.6184,12.62184,0.00,0.00
2015.01.30 13:12:59.573,12.6184,12.62142,0.00,0.00
2015.01.30 13:12:59.632,12.61829,12.62142,0.00,0.00
2015.01.30 13:12:59.683,12.6181,12.6213,0.00,0.00
2015.01.30 13:12:59.733,12.61802,12.62118,0.00,0.00
2015.01.30 13:12:59.934,12.6175,12.62082,0.00,0.00
2015.01.30 13:13:00.733,12.6175,12.62081,0.00,0.00
2015.01.30 13:13:01.709,12.61778,12.62094,0.00,0.00
2015.01.30 13:13:01.759,12.61778,12.62108,0.00,0.00
2015.01.30 13:13:01.861,12.6178,12.62124,0.00,0.00
2015.01.30 13:13:02.212,12.61829,12.62124,0.00,0.00
2015.01.30 13:13:02.363,12.61829,12.62144,0.00,0.00
2015.01.30 13:13:03.176,12.61829,12.62159,0.00,0.00
2015.01.30 13:13:03.276,12.6183,12.62174,0.00,0.00
2015.01.30 13:13:03.477,12.61846,12.62188,0.00,0.00
2015.01.30 13:13:04.418,12.61889,12.62188,0.00,0.00
2015.01.30 13:13:04.469,12.61889,12.62204,0.00,0.00
2015.01.30 13:13:04.569,12.61889,12.62219,0.00,0.00
2015.01.30 13:13:05.861,12.61892,12.62219,0.00,0.00
2015.01.30 13:13:06.398,12.61892,12.62192,0.00,0.00
2015.01.30 13:13:06.729,12.61892,12.62194,0.00,0.00
2015.01.30 13:13:06.880,12.61889,12.62219,0.00,0.00
2015.01.30 13:13:07.840,12.61882,12.62191,0.00,0.00
2015.01.30 13:13:08.045,12.61888,12.62199,0.00,0.00
2015.01.30 13:13:08.196,12.61888,12.62219,0.00,0.00
2015.01.30 13:13:10.241,12.61875,12.62191,0.00,0.00
2015.01.30 13:13:10.292,12.6186,12.62191,0.00,0.00
2015.01.30 13:13:11.020,12.6186,12.62142,0.00,0.00
2015.01.30 13:13:11.171,12.6168,12.62024,0.00,0.00
2015.01.30 13:13:11.682,12.61669,12.61984,0.00,0.00
2015.01.30 13:13:11.733,12.61652,12.61984,0.00,0.00
2015.01.30 13:13:12.010,12.61652,12.61942,0.00,0.00
2015.01.30 13:13:12.127,12.61611,12.61942,0.00,0.00
2015.01.30 13:13:12.178,12.61585,12.61929,0.00,0.00
2015.01.30 13:13:15.396,12.61578,12.61912,0.00,0.00
2015.01.30 13:13:15.852,12.61629,12.61912,0.00,0.00
2015.01.30 13:13:15.903,12.61629,12.61919,0.00,0.00
2015.01.30 13:13:16.004,12.61588,12.61919,0.00,0.00
2015.01.30 13:13:16.311,12.61588,12.61932,0.00,0.00
2015.01.30 13:13:17.210,12.61628,12.61947,0.00,0.00
2015.01.30 13:13:17.539,12.61642,12.61952,0.00,0.00
2015.01.30 13:13:17.954,12.61642,12.61942,0.00,0.00
2015.01.30 13:13:18.290,12.61579,12.61921,0.00,0.00
2015.01.30 13:13:18.943,12.61579,12.61892,0.00,0.00
2015.01.30 13:13:19.281,12.61541,12.61852,0.00,0.00
2015.01.30 13:13:19.536,12.61578,12.61907,0.00,0.00
2015.01.30 13:13:19.697,12.61578,12.61919,0.00,0.00
2015.01.30 13:13:20.301,12.61578,12.61922,0.00,0.00
2015.01.30 13:13:20.594,12.61628,12.61922,0.00,0.00
2015.01.30 13:13:20.713,12.61578,12.61922,0.00,0.00
2015.01.30 13:13:20.814,12.61578,12.61907,0.00,0.00
2015.01.30 13:13:23.110,12.61563,12.61891,0.00,0.00
2015.01.30 13:13:23.996,12.61577,12.61891,0.00,0.00
2015.01.30 13:13:24.140,12.61589,12.61931,0.00,0.00
2015.01.30 13:13:24.320,12.61589,12.61891,0.00,0.00
2015.01.30 13:13:24.670,12.61589,12.61842,0.00,0.00
2015.01.30 13:13:24.721,12.61568,12.61842,0.00,0.00
2015.01.30 13:13:24.835,12.61568,12.61891,0.00,0.00
2015.01.30 13:13:25.225,12.61588,12.61891,0.00,0.00
2015.01.30 13:13:25.876,12.61588,12.61842,0.00,0.00
2015.01.30 13:13:25.927,12.61568,12.61842,0.00,0.00
2015.01.30 13:13:26.128,12.61568,12.61891,0.00,0.00
2015.01.30 13:13:26.229,12.6158,12.61892,0.00,0.00
2015.01.30 13:13:26.816,12.61579,12.61892,0.00,0.00
2015.01.30 13:13:27.147,12.61542,12.61792,0.00,0.00
2015.01.30 13:13:27.857,12.61479,12.61792,0.00,0.00
2015.01.30 13:13:28.280,12.61479,12.61742,0.00,0.00
2015.01.30 13:13:29.570,12.61541,12.61742,0.00,0.00
2015.01.30 13:13:29.621,12.61541,12.61792,0.00,0.00
2015.01.30 13:13:31.152,12.61494,12.61742,0.00,0.00
2015.01.30 13:13:31.263,12.61513,12.61792,0.00,0.00
2015.01.30 13:13:31.604,12.61513,12.61742,0.00,0.00
2015.01.30 13:13:31.655,12.61494,12.61742,0.00,0.00
2015.01.30 13:13:31.756,12.61478,12.61742,0.00,0.00
2015.01.30 13:13:33.692,12.61478,12.61702,0.00,0.00
2015.01.30 13:13:33.800,12.61478,12.61742,0.00,0.00
2015.01.30 13:13:34.381,12.61493,12.61742,0.00,0.00
2015.01.30 13:13:34.482,12.61541,12.61791,0.00,0.00
2015.01.30 13:13:34.583,12.61541,12.61742,0.00,0.00
2015.01.30 13:13:35.400,12.61479,12.61742,0.00,0.00
2015.01.30 13:13:36.390,12.61542,12.61742,0.00,0.00
2015.01.30 13:13:36.440,12.61542,12.61791,0.00,0.00
2015.01.30 13:13:36.541,12.61542,12.61742,0.00,0.00
2015.01.30 13:13:37.203,12.61542,12.61792,0.00,0.00
2015.01.30 13:13:37.775,12.61547,12.61792,0.00,0.00
2015.01.30 13:13:38.359,12.61542,12.61792,0.00,0.00
2015.01.30 13:13:38.811,12.61509,12.61792,0.00,0.00
2015.01.30 13:13:38.861,12.61509,12.61702,0.00,0.00
2015.01.30 13:13:38.911,12.61442,12.61702,0.00,0.00
2015.01.30 13:13:39.365,12.61463,12.61702,0.00,0.00
2015.01.30 13:13:39.469,12.6145,12.61702,0.00,0.00
2015.01.30 13:13:39.563,12.61442,12.61702,0.00,0.00
2015.01.30 13:13:45.605,12.61446,12.61702,0.00,0.00
2015.01.30 13:13:45.705,12.61442,12.61702,0.00,0.00
2015.01.30 13:13:48.820,12.61481,12.61702,0.00,0.00
2015.01.30 13:14:00.307,12.614,12.61652,0.00,0.00
2015.01.30 13:14:00.358,12.61382,12.61652,0.00,0.00
2015.01.30 13:14:00.408,12.61382,12.61592,0.00,0.00
2015.01.30 13:14:06.813,12.61382,12.61652,0.00,0.00
2015.01.30 13:14:06.863,12.61391,12.61652,0.00,0.00
2015.01.30 13:14:07.204,12.6141,12.61652,0.00,0.00
2015.01.30 13:14:07.254,12.6141,12.61702,0.00,0.00
2015.01.30 13:14:07.638,12.61391,12.61657,0.00,0.00
2015.01.30 13:14:08.297,12.61481,12.61657,0.00,0.00
2015.01.30 13:14:08.347,12.61481,12.61697,0.00,0.00
2015.01.30 13:14:08.398,12.61481,12.61702,0.00,0.00
2015.01.30 13:14:08.448,12.61481,12.61657,0.00,0.00
2015.01.30 13:14:09.287,12.61392,12.61652,0.00,0.00
2015.01.30 13:14:09.419,12.61392,12.61697,0.00,0.00
2015.01.30 13:14:09.570,12.61392,12.61651,0.00,0.00
2015.01.30 13:14:09.679,12.61409,12.61702,0.00,0.00
2015.01.30 13:14:10.276,12.61481,12.61702,0.00,0.00
2015.01.30 13:14:10.966,12.61481,12.61657,0.00,0.00
2015.01.30 13:14:11.117,12.61481,12.61702,0.00,0.00
2015.01.30 13:14:11.370,12.61409,12.61702,0.00,0.00
2015.01.30 13:14:11.421,12.61409,12.61657,0.00,0.00
2015.01.30 13:14:11.491,12.61391,12.61657,0.00,0.00
2015.01.30 13:14:11.542,12.61391,12.61702,0.00,0.00
2015.01.30 13:14:11.643,12.6141,12.61702,0.00,0.00
2015.01.30 13:14:12.360,12.61482,12.61702,0.00,0.00
2015.01.30 13:14:15.150,12.61399,12.61652,0.00,0.00
2015.01.30 13:14:15.301,12.61391,12.61652,0.00,0.00
2015.01.30 13:14:15.360,12.61391,12.61592,0.00,0.00
2015.01.30 13:14:15.511,12.61391,12.61652,0.00,0.00
2015.01.30 13:14:15.579,12.61391,12.61691,0.00,0.00
2015.01.30 13:14:15.730,12.614,12.61702,0.00,0.00
2015.01.30 13:14:16.100,12.61482,12.61702,0.00,0.00
2015.01.30 13:14:16.460,12.61482,12.61651,0.00,0.00
2015.01.30 13:14:17.089,12.61391,12.61651,0.00,0.00
2015.01.30 13:14:20.279,12.61481,12.61651,0.00,0.00
2015.01.30 13:14:20.330,12.61481,12.61697,0.00,0.00
2015.01.30 13:14:20.459,12.61481,12.61701,0.00,0.00
2015.01.30 13:14:20.972,12.614,12.61652,0.00,0.00
2015.01.30 13:14:21.073,12.61382,12.61652,0.00,0.00
2015.01.30 13:14:21.123,12.61382,12.61592,0.00,0.00
2015.01.30 13:14:28.228,12.61382,12.61682,0.00,0.00
2015.01.30 13:14:28.716,12.61382,12.6167,0.00,0.00
2015.01.30 13:14:29.680,12.61382,12.61685,0.00,0.00
2015.01.30 13:14:30.899,12.61388,12.61685,0.00,0.00
2015.01.30 13:14:31.354,12.61392,12.61685,0.00,0.00
2015.01.30 13:14:31.689,12.61439,12.61685,0.00,0.00
2015.01.30 13:14:31.740,12.61439,12.61706,0.00,0.00
2015.01.30 13:14:31.840,12.61481,12.61721,0.00,0.00
2015.01.30 13:14:32.302,12.61481,12.61706,0.00,0.00
2015.01.30 13:14:32.819,12.61392,12.61706,0.00,0.00
2015.01.30 13:14:33.436,12.61392,12.61691,0.00,0.00
2015.01.30 13:14:33.809,12.61382,12.61691,0.00,0.00
2015.01.30 13:14:34.538,12.61388,12.61691,0.00,0.00
2015.01.30 13:14:34.915,12.61391,12.61691,0.00,0.00
2015.01.30 13:14:37.018,12.61388,12.61691,0.00,0.00
2015.01.30 13:14:37.179,12.61381,12.61691,0.00,0.00
2015.01.30 13:14:37.424,12.61381,12.61675,0.00,0.00
2015.01.30 13:14:38.397,12.61391,12.61675,0.00,0.00
2015.01.30 13:14:38.447,12.61391,12.61696,0.00,0.00
2015.01.30 13:14:38.876,12.61389,12.61639,0.00,0.00
2015.01.30 13:14:38.927,12.61292,12.61581,0.00,0.00
2015.01.30 13:14:38.998,12.61281,12.61581,0.00,0.00
2015.01.30 13:14:39.159,12.61281,12.61575,0.00,0.00
2015.01.30 13:14:39.632,12.61281,12.61551,0.00,0.00
2015.01.30 13:14:39.783,12.61138,12.61441,0.00,0.00
2015.01.30 13:14:39.883,12.61092,12.61427,0.00,0.00
2015.01.30 13:14:39.934,12.61101,12.61441,0.00,0.00
2015.01.30 13:14:40.134,12.61092,12.61427,0.00,0.00
2015.01.30 13:14:40.662,12.61092,12.61426,0.00,0.00
2015.01.30 13:14:40.738,12.61105,12.61441,0.00,0.00
2015.01.30 13:14:41.055,12.61092,12.61431,0.00,0.00
2015.01.30 13:14:43.148,12.61106,12.61441,0.00,0.00
2015.01.30 13:14:45.055,12.61101,12.61441,0.00,0.00
2015.01.30 13:14:45.559,12.61083,12.61427,0.00,0.00
2015.01.30 13:14:45.609,12.61129,12.61427,0.00,0.00
2015.01.30 13:14:45.710,12.61129,12.61451,0.00,0.00
2015.01.30 13:14:46.469,12.61129,12.61465,0.00,0.00
2015.01.30 13:14:46.703,12.61131,12.61465,0.00,0.00
2015.01.30 13:14:47.005,12.61234,12.61501,0.00,0.00
2015.01.30 13:14:48.304,12.6123,12.61501,0.00,0.00
2015.01.30 13:14:48.363,12.6123,12.61451,0.00,0.00
2015.01.30 13:14:48.413,12.61158,12.61451,0.00,0.00
2015.01.30 13:14:48.514,12.61134,12.61402,0.00,0.00
2015.01.30 13:14:48.620,12.6113,12.61402,0.00,0.00
2015.01.30 13:14:48.913,12.61121,12.61402,0.00,0.00
2015.01.30 13:14:49.086,12.6113,12.61402,0.00,0.00
2015.01.30 13:14:49.442,12.61134,12.61402,0.00,0.00
2015.01.30 13:14:49.570,12.61159,12.61452,0.00,0.00
2015.01.30 13:14:49.620,12.6121,12.61452,0.00,0.00
2015.01.30 13:14:49.721,12.61222,12.61502,0.00,0.00
2015.01.30 13:14:49.901,12.61222,12.61452,0.00,0.00
2015.01.30 13:14:50.219,12.61222,12.61402,0.00,0.00
2015.01.30 13:14:50.269,12.61114,12.61402,0.00,0.00
2015.01.30 13:14:50.371,12.61114,12.61342,0.00,0.00
2015.01.30 13:14:50.421,12.61099,12.61342,0.00,0.00
2015.01.30 13:14:50.522,12.61083,12.61342,0.00,0.00
2015.01.30 13:14:50.680,12.61083,12.61291,0.00,0.00
2015.01.30 13:14:50.730,12.61059,12.61291,0.00,0.00
2015.01.30 13:14:50.835,12.61043,12.61291,0.00,0.00
2015.01.30 13:14:51.327,12.6103,12.61291,0.00,0.00
2015.01.30 13:14:51.377,12.61029,12.61242,0.00,0.00
2015.01.30 13:14:51.428,12.61022,12.61242,0.00,0.00
2015.01.30 13:14:51.479,12.61022,12.61202,0.00,0.00
2015.01.30 13:14:52.043,12.60946,12.61202,0.00,0.00
2015.01.30 13:14:52.274,12.60961,12.61202,0.00,0.00
2015.01.30 13:14:52.931,12.60938,12.61202,0.00,0.00
2015.01.30 13:14:53.254,12.60954,12.61202,0.00,0.00
2015.01.30 13:14:53.357,12.60982,12.61241,0.00,0.00
2015.01.30 13:14:53.458,12.61058,12.61292,0.00,0.00
2015.01.30 13:14:53.872,12.61043,12.61292,0.00,0.00
2015.01.30 13:14:53.975,12.61009,12.61242,0.00,0.00
2015.01.30 13:14:54.180,12.60969,12.61242,0.00,0.00
2015.01.30 13:14:54.230,12.60969,12.61201,0.00,0.00
2015.01.30 13:14:54.331,12.60969,12.61242,0.00,0.00
2015.01.30 13:14:54.582,12.61014,12.61242,0.00,0.00
2015.01.30 13:14:54.735,12.60959,12.61242,0.00,0.00
2015.01.30 13:14:54.854,12.60959,12.61202,0.00,0.00
2015.01.30 13:14:55.005,12.60933,12.61242,0.00,0.00
2015.01.30 13:14:55.070,12.60933,12.61192,0.00,0.00
2015.01.30 13:14:55.137,12.6093,12.61192,0.00,0.00
2015.01.30 13:14:55.187,12.60922,12.61152,0.00,0.00
2015.01.30 13:14:55.320,12.60857,12.61152,0.00,0.00
2015.01.30 13:14:55.420,12.60849,12.61151,0.00,0.00
2015.01.30 13:14:55.627,12.6085,12.61092,0.00,0.00
2015.01.30 13:14:55.727,12.60831,12.61092,0.00,0.00
2015.01.30 13:14:56.090,12.60789,12.61092,0.00,0.00
2015.01.30 13:14:56.141,12.60763,12.61092,0.00,0.00
2015.01.30 13:14:56.191,12.60763,12.61042,0.00,0.00
2015.01.30 13:14:56.524,12.60779,12.61042,0.00,0.00
2015.01.30 13:14:57.377,12.60807,12.61042,0.00,0.00
2015.01.30 13:14:57.427,12.60821,12.61092,0.00,0.00
2015.01.30 13:14:57.478,12.60837,12.61092,0.00,0.00
2015.01.30 13:14:57.629,12.60837,12.61151,0.00,0.00
2015.01.30 13:14:57.679,12.60857,12.61151,0.00,0.00
2015.01.30 13:14:57.951,12.60849,12.61151,0.00,0.00
2015.01.30 13:14:58.159,12.60922,12.61201,0.00,0.00
2015.01.30 13:14:59.398,12.609,12.61092,0.00,0.00
2015.01.30 13:14:59.599,12.60799,12.61091,0.00,0.00
2015.01.30 13:14:59.700,12.60748,12.61042,0.00,0.00
2015.01.30 13:14:59.750,12.60792,12.61042,0.00,0.00
2015.01.30 13:14:59.851,12.60792,12.61091,0.00,0.00
2015.01.30 13:14:59.902,12.60799,12.61091,0.00,0.00
2015.01.30 13:15:00.351,12.60815,12.61092,0.00,0.00
2015.01.30 13:15:00.660,12.6083,12.61092,0.00,0.00
2015.01.30 13:15:00.710,12.60831,12.61151,0.00,0.00
2015.01.30 13:15:00.761,12.6085,12.61151,0.00,0.00
2015.01.30 13:15:01.126,12.60831,12.61091,0.00,0.00
2015.01.30 13:15:01.403,12.60789,12.61092,0.00,0.00
2015.01.30 13:15:01.453,12.60749,12.61042,0.00,0.00
2015.01.30 13:15:01.816,12.60749,12.60992,0.00,0.00
2015.01.30 13:15:02.017,12.60764,12.61042,0.00,0.00
2015.01.30 13:15:02.068,12.60799,12.61042,0.00,0.00
2015.01.30 13:15:02.118,12.60799,12.61092,0.00,0.00
2015.01.30 13:15:02.381,12.60821,12.61092,0.00,0.00
2015.01.30 13:15:03.541,12.60821,12.61152,0.00,0.00
2015.01.30 13:15:03.592,12.60848,12.61152,0.00,0.00
2015.01.30 13:15:03.910,12.60873,12.61152,0.00,0.00
2015.01.30 13:15:04.335,12.60873,12.61181,0.00,0.00
2015.01.30 13:15:04.386,12.60862,12.61181,0.00,0.00
2015.01.30 13:15:04.808,12.60875,12.61181,0.00,0.00
2015.01.30 13:15:05.679,12.60849,12.61131,0.00,0.00
2015.01.30 13:15:05.780,12.60773,12.61072,0.00,0.00
2015.01.30 13:15:05.991,12.60746,12.61022,0.00,0.00
2015.01.30 13:15:06.144,12.60746,12.61072,0.00,0.00
2015.01.30 13:15:06.398,12.60796,12.61072,0.00,0.00
2015.01.30 13:15:06.449,12.60796,12.61099,0.00,0.00
2015.01.30 13:15:06.500,12.6081,12.61099,0.00,0.00
2015.01.30 13:15:06.762,12.60846,12.61181,0.00,0.00
2015.01.30 13:15:06.813,12.60859,12.61181,0.00,0.00
2015.01.30 13:15:07.157,12.60875,12.61181,0.00,0.00
2015.01.30 13:15:07.712,12.60859,12.61181,0.00,0.00
2015.01.30 13:15:07.813,12.60874,12.61181,0.00,0.00
2015.01.30 13:15:07.973,12.60858,12.61181,0.00,0.00
2015.01.30 13:15:08.173,12.60874,12.61181,0.00,0.00
2015.01.30 13:15:08.475,12.60859,12.61181,0.00,0.00
2015.01.30 13:15:08.576,12.60889,12.61181,0.00,0.00
2015.01.30 13:15:08.626,12.60929,12.61232,0.00,0.00
2015.01.30 13:15:08.677,12.60953,12.61232,0.00,0.00
2015.01.30 13:15:08.727,12.60953,12.61282,0.00,0.00
2015.01.30 13:15:08.828,12.6095,12.61231,0.00,0.00
2015.01.30 13:15:08.928,12.60931,12.61231,0.00,0.00
2015.01.30 13:15:08.979,12.60938,12.61252,0.00,0.00
2015.01.30 13:15:09.080,12.6095,12.61258,0.00,0.00
2015.01.30 13:15:09.136,12.60938,12.61258,0.00,0.00
2015.01.30 13:15:09.186,12.60931,12.61231,0.00,0.00
2015.01.30 13:15:09.708,12.6093,12.61231,0.00,0.00
2015.01.30 13:15:10.261,12.60929,12.61231,0.00,0.00
2015.01.30 13:15:10.359,12.60929,12.61241,0.00,0.00
2015.01.30 13:15:10.929,12.60939,12.61291,0.00,0.00
2015.01.30 13:15:11.030,12.60938,12.61278,0.00,0.00
2015.01.30 13:15:11.081,12.6094,12.61292,0.00,0.00
2015.01.30 13:15:11.187,12.60949,12.61292,0.00,0.00
2015.01.30 13:15:11.576,12.60949,12.61241,0.00,0.00
2015.01.30 13:15:11.832,12.60931,12.61241,0.00,0.00
2015.01.30 13:15:11.933,12.60929,12.61241,0.00,0.00
2015.01.30 13:15:11.991,12.60921,12.61241,0.00,0.00
2015.01.30 13:15:12.399,12.60921,12.61223,0.00,0.00
2015.01.30 13:15:12.600,12.60822,12.61141,0.00,0.00
2015.01.30 13:15:12.751,12.6083,12.61141,0.00,0.00
2015.01.30 13:15:13.086,12.6087,12.61141,0.00,0.00
2015.01.30 13:15:13.137,12.6087,12.61192,0.00,0.00
2015.01.30 13:15:13.237,12.6085,12.61192,0.00,0.00
2015.01.30 13:15:13.288,12.60873,12.61192,0.00,0.00
2015.01.30 13:15:13.572,12.60853,12.61192,0.00,0.00
2015.01.30 13:15:13.673,12.60853,12.61142,0.00,0.00
2015.01.30 13:15:13.792,12.60874,12.61191,0.00,0.00
2015.01.30 13:15:14.321,12.60889,12.61216,0.00,0.00
2015.01.30 13:15:14.421,12.60923,12.61241,0.00,0.00
2015.01.30 13:15:14.790,12.60929,12.61241,0.00,0.00
2015.01.30 13:15:17.125,12.6093,12.61241,0.00,0.00
2015.01.30 13:15:17.628,12.60929,12.61241,0.00,0.00
2015.01.30 13:15:19.329,12.6093,12.61241,0.00,0.00
2015.01.30 13:15:20.701,12.60938,12.61241,0.00,0.00
2015.01.30 13:15:21.434,12.6095,12.61241,0.00,0.00
2015.01.30 13:15:21.485,12.6095,12.61282,0.00,0.00
2015.01.30 13:15:21.585,12.60957,12.61292,0.00,0.00
2015.01.30 13:15:21.636,12.60972,12.61292,0.00,0.00
2015.01.30 13:15:21.799,12.60988,12.61314,0.00,0.00
2015.01.30 13:15:22.038,12.60997,12.61292,0.00,0.00
2015.01.30 13:15:22.139,12.61011,12.61342,0.00,0.00
2015.01.30 13:15:22.189,12.6103,12.61342,0.00,0.00
2015.01.30 13:15:22.909,12.61029,12.61342,0.00,0.00
2015.01.30 13:15:25.410,12.61047,12.61342,0.00,0.00
2015.01.30 13:15:25.564,12.61129,12.61432,0.00,0.00
2015.01.30 13:15:25.668,12.61101,12.61432,0.00,0.00
2015.01.30 13:15:25.719,12.61122,12.61432,0.00,0.00
2015.01.30 13:15:25.769,12.61129,12.61451,0.00,0.00
2015.01.30 13:15:26.199,12.6113,12.61401,0.00,0.00
2015.01.30 13:15:26.249,12.61107,12.61401,0.00,0.00
2015.01.30 13:15:26.350,12.61072,12.61352,0.00,0.00
2015.01.30 13:15:26.459,12.61072,12.61402,0.00,0.00
2015.01.30 13:15:26.720,12.61048,12.61367,0.00,0.00
2015.01.30 13:15:26.770,12.61029,12.61352,0.00,0.00
2015.01.30 13:15:27.630,12.61039,12.61352,0.00,0.00
2015.01.30 13:15:30.611,12.61049,12.61383,0.00,0.00
2015.01.30 13:15:30.712,12.61054,12.61398,0.00,0.00
2015.01.30 13:15:30.762,12.61069,12.61401,0.00,0.00
2015.01.30 13:15:32.048,12.61084,12.61401,0.00,0.00
2015.01.30 13:15:32.199,12.61159,12.61501,0.00,0.00
2015.01.30 13:15:32.751,12.6119,12.61502,0.00,0.00
2015.01.30 13:15:32.802,12.6119,12.61532,0.00,0.00
2015.01.30 13:15:32.852,12.61219,12.6155,0.00,0.00
2015.01.30 13:15:33.302,12.6123,12.61552,0.00,0.00
2015.01.30 13:15:34.340,12.6123,12.61563,0.00,0.00
2015.01.30 13:15:34.441,12.613,12.61588,0.00,0.00
2015.01.30 13:15:34.491,12.613,12.61591,0.00,0.00
2015.01.30 13:15:34.592,12.61288,12.61612,0.00,0.00
2015.01.30 13:15:34.642,12.6131,12.61612,0.00,0.00
2015.01.30 13:15:34.743,12.6127,12.61591,0.00,0.00
2015.01.30 13:15:34.894,12.61244,12.61588,0.00,0.00
2015.01.30 13:15:36.760,12.61244,12.61542,0.00,0.00
2015.01.30 13:15:36.912,12.6123,12.61542,0.00,0.00
2015.01.30 13:15:38.320,12.6123,12.61568,0.00,0.00
2015.01.30 13:15:38.420,12.6123,12.61542,0.00,0.00
2015.01.30 13:15:39.083,12.61229,12.61542,0.00,0.00
2015.01.30 13:15:39.743,12.6123,12.61542,0.00,0.00
2015.01.30 13:15:40.030,12.61279,12.61592,0.00,0.00
2015.01.30 13:15:40.389,12.61279,12.61572,0.00,0.00
2015.01.30 13:15:40.983,12.6128,12.61572,0.00,0.00
2015.01.30 13:15:41.320,12.61279,12.61521,0.00,0.00
2015.01.30 13:15:41.640,12.61229,12.61521,0.00,0.00
2015.01.30 13:15:42.434,12.6124,12.61521,0.00,0.00
2015.01.30 13:15:42.485,12.6124,12.61564,0.00,0.00
2015.01.30 13:15:42.585,12.6123,12.61571,0.00,0.00
2015.01.30 13:15:42.636,12.6123,12.61522,0.00,0.00
2015.01.30 13:15:43.229,12.61229,12.61522,0.00,0.00
2015.01.30 13:15:44.149,12.6123,12.61522,0.00,0.00
2015.01.30 13:15:44.694,12.61229,12.61522,0.00,0.00
2015.01.30 13:15:45.075,12.6128,12.61522,0.00,0.00
2015.01.30 13:15:46.122,12.61229,12.61522,0.00,0.00
2015.01.30 13:15:46.222,12.6121,12.61471,0.00,0.00
2015.01.30 13:15:46.324,12.61129,12.61471,0.00,0.00
2015.01.30 13:15:46.425,12.61129,12.61464,0.00,0.00
2015.01.30 13:15:47.179,12.6113,12.61464,0.00,0.00
2015.01.30 13:15:47.974,12.61129,12.61464,0.00,0.00
2015.01.30 13:15:48.075,12.61039,12.6138,0.00,0.00
2015.01.30 13:15:48.126,12.6103,12.61332,0.00,0.00
2015.01.30 13:15:48.312,12.61038,12.61365,0.00,0.00
2015.01.30 13:15:48.463,12.61039,12.6138,0.00,0.00
2015.01.30 13:15:48.564,12.61039,12.61392,0.00,0.00
2015.01.30 13:15:49.035,12.6113,12.61392,0.00,0.00
2015.01.30 13:15:49.086,12.6113,12.61404,0.00,0.00
2015.01.30 13:15:49.186,12.6113,12.61421,0.00,0.00
2015.01.30 13:15:49.769,12.61142,12.61421,0.00,0.00
2015.01.30 13:15:51.411,12.61142,12.61381,0.00,0.00
2015.01.30 13:15:51.462,12.61109,12.61381,0.00,0.00
2015.01.30 13:15:51.562,12.61051,12.61332,0.00,0.00
2015.01.30 13:15:52.409,12.61042,12.61332,0.00,0.00
2015.01.30 13:15:54.065,12.61052,12.61365,0.00,0.00
2015.01.30 13:15:54.167,12.61052,12.61379,0.00,0.00
2015.01.30 13:15:54.271,12.61052,12.61382,0.00,0.00
2015.01.30 13:15:54.476,12.61052,12.61332,0.00,0.00
2015.01.30 13:15:55.088,12.61041,12.61332,0.00,0.00
2015.01.30 13:15:56.149,12.61051,12.61332,0.00,0.00
2015.01.30 13:15:56.378,12.61051,12.61381,0.00,0.00
2015.01.30 13:15:56.488,12.61051,12.61332,0.00,0.00
2015.01.30 13:15:56.807,12.61051,12.61373,0.00,0.00
2015.01.30 13:15:56.858,12.61051,12.61382,0.00,0.00
2015.01.30 13:15:56.908,12.61051,12.61331,0.00,0.00
2015.01.30 13:15:57.160,12.61041,12.61331,0.00,0.00
2015.01.30 13:15:58.348,12.61141,12.61331,0.00,0.00
2015.01.30 13:15:58.450,12.61141,12.61389,0.00,0.00
2015.01.30 13:15:58.551,12.61141,12.61422,0.00,0.00
2015.01.30 13:16:09.349,12.6113,12.61422,0.00,0.00
2015.01.30 13:16:09.450,12.61063,12.61382,0.00,0.00
2015.01.30 13:16:09.614,12.6106,12.61382,0.00,0.00
2015.01.30 13:16:09.714,12.61052,12.61382,0.00,0.00
2015.01.30 13:16:09.765,12.61052,12.61331,0.00,0.00
2015.01.30 13:16:10.374,12.61041,12.61331,0.00,0.00
2015.01.30 13:16:10.598,12.61043,12.61331,0.00,0.00
2015.01.30 13:16:11.802,12.61041,12.61331,0.00,0.00
2015.01.30 13:16:12.849,12.6101,12.61282,0.00,0.00
2015.01.30 13:16:12.899,12.60976,12.61282,0.00,0.00
2015.01.30 13:16:12.950,12.60959,12.61242,0.00,0.00
2015.01.30 13:16:13.050,12.60952,12.61242,0.00,0.00
2015.01.30 13:16:13.551,12.60952,12.61241,0.00,0.00
2015.01.30 13:16:13.798,12.60941,12.61241,0.00,0.00
2015.01.30 13:16:20.317,12.60941,12.61242,0.00,0.00
2015.01.30 13:16:26.588,12.60941,12.61256,0.00,0.00
2015.01.30 13:16:26.641,12.6103,12.61256,0.00,0.00
2015.01.30 13:16:26.691,12.6103,12.61277,0.00,0.00
2015.01.30 13:16:26.792,12.61029,12.61332,0.00,0.00
2015.01.30 13:16:27.143,12.61038,12.61376,0.00,0.00
2015.01.30 13:16:27.194,12.61039,12.61382,0.00,0.00
2015.01.30 13:16:27.331,12.61052,12.61382,0.00,0.00
2015.01.30 13:16:27.607,12.61089,12.61431,0.00,0.00
2015.01.30 13:16:27.898,12.61129,12.61431,0.00,0.00
2015.01.30 13:16:28.317,12.61141,12.61431,0.00,0.00
2015.01.30 13:16:30.108,12.61141,12.61456,0.00,0.00
2015.01.30 13:16:30.209,12.61152,12.6148,0.00,0.00
2015.01.30 13:16:30.410,12.61152,12.61482,0.00,0.00
2015.01.30 13:16:30.595,12.6118,12.61482,0.00,0.00
2015.01.30 13:16:30.645,12.6121,12.61522,0.00,0.00
2015.01.30 13:16:30.749,12.61229,12.61522,0.00,0.00
2015.01.30 13:16:31.067,12.61241,12.61522,0.00,0.00
2015.01.30 13:16:33.238,12.61241,12.61561,0.00,0.00
2015.01.30 13:16:33.339,12.61252,12.61581,0.00,0.00
2015.01.30 13:16:33.542,12.61252,12.61522,0.00,0.00
2015.01.30 13:16:34.258,12.61242,12.61522,0.00,0.00
2015.01.30 13:16:40.558,12.61242,12.61532,0.00,0.00
2015.01.30 13:16:41.958,12.61251,12.61532,0.00,0.00
2015.01.30 13:16:42.008,12.61251,12.61566,0.00,0.00
2015.01.30 13:16:42.059,12.61251,12.6158,0.00,0.00
2015.01.30 13:16:43.199,12.61251,12.61531,0.00,0.00
2015.01.30 13:16:43.300,12.61242,12.61531,0.00,0.00
2015.01.30 13:16:43.527,12.61242,12.6158,0.00,0.00
2015.01.30 13:16:43.628,12.61242,12.61591,0.00,0.00
2015.01.30 13:16:43.678,12.6128,12.61591,0.00,0.00
2015.01.30 13:16:43.779,12.613,12.61618,0.00,0.00
2015.01.30 13:16:43.829,12.6133,12.61618,0.00,0.00
2015.01.30 13:16:43.982,12.61342,12.61641,0.00,0.00
2015.01.30 13:16:44.188,12.61349,12.61657,0.00,0.00
2015.01.30 13:16:44.339,12.61349,12.6168,0.00,0.00
2015.01.30 13:16:44.439,12.61342,12.61591,0.00,0.00
2015.01.30 13:16:44.547,12.61342,12.61635,0.00,0.00
2015.01.30 13:16:45.842,12.61392,12.61635,0.00,0.00
2015.01.30 13:16:45.942,12.61392,12.61681,0.00,0.00
2015.01.30 13:16:46.043,12.61392,12.617,0.00,0.00
2015.01.30 13:16:46.093,12.61399,12.617,0.00,0.00
2015.01.30 13:16:46.144,12.61399,12.61716,0.00,0.00
2015.01.30 13:16:46.797,12.61481,12.61716,0.00,0.00
2015.01.30 13:16:49.050,12.61481,12.61743,0.00,0.00
2015.01.30 13:16:49.335,12.61481,12.6173,0.00,0.00
2015.01.30 13:16:49.457,12.61491,12.61748,0.00,0.00
2015.01.30 13:16:49.558,12.61491,12.61797,0.00,0.00
2015.01.30 13:16:49.659,12.61491,12.61811,0.00,0.00
2015.01.30 13:16:50.318,12.61481,12.61811,0.00,0.00
2015.01.30 13:16:50.368,12.61481,12.61801,0.00,0.00
2015.01.30 13:16:50.686,12.61481,12.61771,0.00,0.00
2015.01.30 13:16:51.194,12.61481,12.6177,0.00,0.00
2015.01.30 13:16:51.644,12.61481,12.61756,0.00,0.00
2015.01.30 13:16:54.717,12.61439,12.61756,0.00,0.00
2015.01.30 13:16:54.768,12.61391,12.61731,0.00,0.00
2015.01.30 13:16:54.868,12.61391,12.61691,0.00,0.00
2015.01.30 13:16:55.234,12.61391,12.61666,0.00,0.00
2015.01.30 13:16:55.624,12.61329,12.61666,0.00,0.00
2015.01.30 13:16:55.724,12.61291,12.61645,0.00,0.00
2015.01.30 13:16:55.775,12.61291,12.61635,0.00,0.00
2015.01.30 13:16:56.101,12.61291,12.61611,0.00,0.00
2015.01.30 13:16:56.428,12.61291,12.61587,0.00,0.00
2015.01.30 13:16:56.731,12.61581,12.61681,0.00,0.00
2015.01.30 13:16:56.781,12.61581,12.61732,0.00,0.00
2015.01.30 13:16:56.882,12.61581,12.61726,0.00,0.00
2015.01.30 13:16:56.983,12.61581,12.61772,0.00,0.00
2015.01.30 13:16:57.084,12.61394,12.61752,0.00,0.00
2015.01.30 13:16:57.185,12.61405,12.61752,0.00,0.00
2015.01.30 13:16:57.486,12.61391,12.61725,0.00,0.00
2015.01.30 13:16:58.488,12.61391,12.61691,0.00,0.00
2015.01.30 13:16:58.569,12.61389,12.61691,0.00,0.00
2015.01.30 13:16:58.620,12.61381,12.61692,0.00,0.00
2015.01.30 13:16:58.821,12.61389,12.61705,0.00,0.00
2015.01.30 13:16:59.074,12.61389,12.61725,0.00,0.00
2015.01.30 13:16:59.447,12.61392,12.61725,0.00,0.00
2015.01.30 13:17:00.158,12.61392,12.61692,0.00,0.00
2015.01.30 13:17:00.361,12.61392,12.61699,0.00,0.00
2015.01.30 13:17:00.462,12.61392,12.61725,0.00,0.00
2015.01.30 13:17:00.512,12.61392,12.61692,0.00,0.00
2015.01.30 13:17:00.562,12.61381,12.61692,0.00,0.00
2015.01.30 13:17:00.613,12.61388,12.6171,0.00,0.00
2015.01.30 13:17:00.814,12.61439,12.61709,0.00,0.00
2015.01.30 13:17:00.865,12.61439,12.61739,0.00,0.00
2015.01.30 13:17:01.047,12.61412,12.61739,0.00,0.00
2015.01.30 13:17:01.198,12.61396,12.61739,0.00,0.00
2015.01.30 13:17:01.248,12.61481,12.6174,0.00,0.00
2015.01.30 13:17:01.551,12.61481,12.61725,0.00,0.00
2015.01.30 13:17:02.197,12.61391,12.61725,0.00,0.00
2015.01.30 13:17:02.358,12.61391,12.61692,0.00,0.00
2015.01.30 13:17:02.697,12.61391,12.61684,0.00,0.00
2015.01.30 13:17:02.998,12.61528,12.61794,0.00,0.00
2015.01.30 13:17:03.049,12.61509,12.61794,0.00,0.00
2015.01.30 13:17:03.150,12.61517,12.61842,0.00,0.00
2015.01.30 13:17:03.438,12.61578,12.61859,0.00,0.00
2015.01.30 13:17:03.488,12.61578,12.61875,0.00,0.00
2015.01.30 13:17:03.610,12.61578,12.619,0.00,0.00
2015.01.30 13:17:03.661,12.61591,12.6191,0.00,0.00
2015.01.30 13:17:04.068,12.61591,12.61925,0.00,0.00
2015.01.30 13:17:05.637,12.61591,12.61892,0.00,0.00
2015.01.30 13:17:05.737,12.61581,12.61892,0.00,0.00
2015.01.30 13:17:05.788,12.61581,12.6189,0.00,0.00
2015.01.30 13:17:06.971,12.61681,12.6189,0.00,0.00
2015.01.30 13:17:07.021,12.61681,12.61909,0.00,0.00
2015.01.30 13:17:07.122,12.61681,12.6194,0.00,0.00
2015.01.30 13:17:07.267,12.61681,12.61955,0.00,0.00
2015.01.30 13:17:07.317,12.61681,12.61942,0.00,0.00
2015.01.30 13:17:07.626,12.61681,12.61925,0.00,0.00
2015.01.30 13:17:07.917,12.61592,12.61925,0.00,0.00
2015.01.30 13:17:08.908,12.61681,12.61925,0.00,0.00
2015.01.30 13:17:09.009,12.61681,12.61961,0.00,0.00
2015.01.30 13:17:09.059,12.61681,12.61942,0.00,0.00
2015.01.30 13:17:09.269,12.61681,12.61954,0.00,0.00
2015.01.30 13:17:12.867,12.61642,12.61954,0.00,0.00
2015.01.30 13:17:15.690,12.61642,12.61975,0.00,0.00
2015.01.30 13:17:17.494,12.61642,12.6196,0.00,0.00
2015.01.30 13:17:17.933,12.61679,12.6196,0.00,0.00
2015.01.30 13:17:18.034,12.61682,12.62011,0.00,0.00
2015.01.30 13:17:18.085,12.61719,12.62024,0.00,0.00
2015.01.30 13:17:18.236,12.61718,12.6206,0.00,0.00
2015.01.30 13:17:18.336,12.61716,12.62041,0.00,0.00
2015.01.30 13:17:18.538,12.61719,12.62055,0.00,0.00
2015.01.30 13:17:18.638,12.61709,12.6204,0.00,0.00
2015.01.30 13:17:18.689,12.61696,12.6204,0.00,0.00
2015.01.30 13:17:18.840,12.61682,12.62024,0.00,0.00
2015.01.30 13:17:20.705,12.61739,12.62042,0.00,0.00
2015.01.30 13:17:20.756,12.61739,12.6205,0.00,0.00
2015.01.30 13:17:20.857,12.61828,12.621,0.00,0.00
2015.01.30 13:17:20.957,12.61779,12.621,0.00,0.00
2015.01.30 13:17:21.008,12.61779,12.62075,0.00,0.00
2015.01.30 13:17:21.192,12.61739,12.62075,0.00,0.00
2015.01.30 13:17:21.486,12.61731,12.62075,0.00,0.00
2015.01.30 13:17:22.107,12.61741,12.62075,0.00,0.00
2015.01.30 13:17:25.426,12.61746,12.62082,0.00,0.00
2015.01.30 13:17:26.952,12.61781,12.62082,0.00,0.00
2015.01.30 13:17:27.514,12.618,12.62082,0.00,0.00
2015.01.30 13:17:27.564,12.618,12.6211,0.00,0.00
2015.01.30 13:17:27.615,12.61881,12.6211,0.00,0.00
2015.01.30 13:17:27.665,12.61881,12.62135,0.00,0.00
2015.01.30 13:17:27.847,12.61881,12.621,0.00,0.00
2015.01.30 13:17:28.148,12.61881,12.6206,0.00,0.00
2015.01.30 13:17:28.249,12.61881,12.62074,0.00,0.00
2015.01.30 13:17:28.400,12.61782,12.62074,0.00,0.00
2015.01.30 13:17:28.450,12.61782,12.6206,0.00,0.00
2015.01.30 13:17:28.653,12.61782,12.62074,0.00,0.00
2015.01.30 13:17:29.868,12.61782,12.6206,0.00,0.00
2015.01.30 13:17:29.968,12.61792,12.62121,0.00,0.00
2015.01.30 13:17:30.019,12.61809,12.62125,0.00,0.00
2015.01.30 13:17:30.120,12.61792,12.62125,0.00,0.00
2015.01.30 13:17:30.170,12.61829,12.62133,0.00,0.00
2015.01.30 13:17:30.271,12.61873,12.6219,0.00,0.00
2015.01.30 13:17:30.673,12.61848,12.6219,0.00,0.00
2015.01.30 13:17:30.824,12.61881,12.6219,0.00,0.00
2015.01.30 13:17:31.192,12.61898,12.62239,0.00,0.00
2015.01.30 13:17:31.798,12.61898,12.62242,0.00,0.00
2015.01.30 13:17:32.183,12.61891,12.62192,0.00,0.00
2015.01.30 13:17:32.731,12.61891,12.62176,0.00,0.00
2015.01.30 13:17:32.781,12.61882,12.62176,0.00,0.00
2015.01.30 13:17:34.449,12.61834,12.62176,0.00,0.00
2015.01.30 13:17:34.500,12.61791,12.62101,0.00,0.00
2015.01.30 13:17:35.048,12.61791,12.62077,0.00,0.00
2015.01.30 13:17:35.438,12.61782,12.62077,0.00,0.00
2015.01.30 13:17:35.538,12.61782,12.62082,0.00,0.00
2015.01.30 13:17:36.312,12.61782,12.62077,0.00,0.00
2015.01.30 13:17:36.800,12.61782,12.62082,0.00,0.00
2015.01.30 13:17:37.466,12.61782,12.62076,0.00,0.00
2015.01.30 13:17:38.299,12.61781,12.62076,0.00,0.00
2015.01.30 13:17:42.578,12.61781,12.62062,0.00,0.00
2015.01.30 13:17:42.729,12.61628,12.61931,0.00,0.00
2015.01.30 13:17:42.780,12.61628,12.61831,0.00,0.00
2015.01.30 13:17:42.830,12.61581,12.61831,0.00,0.00
2015.01.30 13:17:42.881,12.61581,12.61784,0.00,0.00
2015.01.30 13:17:43.307,12.61581,12.61824,0.00,0.00
2015.01.30 13:17:43.407,12.61581,12.61841,0.00,0.00
2015.01.30 13:17:43.556,12.61498,12.61841,0.00,0.00
2015.01.30 13:17:43.881,12.61492,12.61821,0.00,0.00
2015.01.30 13:17:44.184,12.61492,12.61791,0.00,0.00
2015.01.30 13:17:44.546,12.61482,12.61791,0.00,0.00
2015.01.30 13:17:45.003,12.61482,12.61801,0.00,0.00
2015.01.30 13:17:45.536,12.61491,12.61801,0.00,0.00
2015.01.30 13:17:45.587,12.61491,12.61812,0.00,0.00
2015.01.30 13:17:45.687,12.6153,12.61837,0.00,0.00
2015.01.30 13:17:45.738,12.61543,12.61887,0.00,0.00
2015.01.30 13:17:46.677,12.61581,12.61887,0.00,0.00
2015.01.30 13:17:50.224,12.61543,12.61841,0.00,0.00
2015.01.30 13:17:50.326,12.61513,12.61841,0.00,0.00
2015.01.30 13:17:50.429,12.61491,12.61831,0.00,0.00
2015.01.30 13:17:54.460,12.61491,12.6183,0.00,0.00
2015.01.30 13:17:55.064,12.61581,12.6183,0.00,0.00
2015.01.30 13:17:55.165,12.61581,12.61891,0.00,0.00
2015.01.30 13:17:55.635,12.61581,12.61867,0.00,0.00
2015.01.30 13:17:55.944,12.61581,12.61831,0.00,0.00
2015.01.30 13:17:56.026,12.61492,12.61831,0.00,0.00
2015.01.30 13:17:56.385,12.61492,12.61802,0.00,0.00
2015.01.30 13:17:56.918,12.61492,12.61801,0.00,0.00
2015.01.30 13:17:57.050,12.61481,12.61797,0.00,0.00
2015.01.30 13:17:57.760,12.61481,12.61796,0.00,0.00
2015.01.30 13:17:57.946,12.61481,12.61801,0.00,0.00
2015.01.30 13:17:58.693,12.61492,12.61801,0.00,0.00
2015.01.30 13:17:58.744,12.61492,12.61811,0.00,0.00
2015.01.30 13:17:58.895,12.61492,12.61831,0.00,0.00
2015.01.30 13:18:00.249,12.61492,12.6183,0.00,0.00
2015.01.30 13:18:00.756,12.61492,12.61831,0.00,0.00
2015.01.30 13:18:01.565,12.615,12.61831,0.00,0.00
2015.01.30 13:18:02.512,12.615,12.6183,0.00,0.00
2015.01.30 13:18:02.774,12.61492,12.61827,0.00,0.00
2015.01.30 13:18:04.819,12.615,12.61831,0.00,0.00
2015.01.30 13:18:05.126,12.61492,12.61828,0.00,0.00
2015.01.30 13:18:05.383,12.61517,12.61831,0.00,0.00
2015.01.30 13:18:05.529,12.61482,12.618,0.00,0.00
2015.01.30 13:18:05.629,12.61514,12.618,0.00,0.00
2015.01.30 13:18:05.730,12.61528,12.61838,0.00,0.00
2015.01.30 13:18:06.147,12.61581,12.6187,0.00,0.00
2015.01.30 13:18:06.517,12.61581,12.61857,0.00,0.00
2015.01.30 13:18:06.619,12.61581,12.6188,0.00,0.00
2015.01.30 13:18:11.991,12.61591,12.6188,0.00,0.00
2015.01.30 13:18:12.042,12.61591,12.61902,0.00,0.00
2015.01.30 13:18:12.092,12.61629,12.61902,0.00,0.00
2015.01.30 13:18:12.143,12.61629,12.61931,0.00,0.00
2015.01.30 13:18:12.244,12.61633,12.61977,0.00,0.00
2015.01.30 13:18:12.965,12.61682,12.61977,0.00,0.00
2015.01.30 13:18:13.608,12.61682,12.61981,0.00,0.00
2015.01.30 13:18:13.659,12.61682,12.61991,0.00,0.00
2015.01.30 13:18:13.817,12.61682,12.6198,0.00,0.00
2015.01.30 13:18:14.494,12.61682,12.61981,0.00,0.00
2015.01.30 13:18:15.145,12.61682,12.61991,0.00,0.00
2015.01.30 13:18:17.085,12.61682,12.61981,0.00,0.00
2015.01.30 13:18:17.391,12.61682,12.61971,0.00,0.00
2015.01.30 13:18:17.942,12.61614,12.61942,0.00,0.00
2015.01.30 13:18:18.045,12.61629,12.61956,0.00,0.00
2015.01.30 13:18:18.156,12.61591,12.61931,0.00,0.00
2015.01.30 13:18:20.547,12.61629,12.61931,0.00,0.00
2015.01.30 13:18:20.865,12.61681,12.61976,0.00,0.00
2015.01.30 13:18:23.573,12.61681,12.61991,0.00,0.00
2015.01.30 13:18:26.380,12.61681,12.61992,0.00,0.00
2015.01.30 13:18:26.484,12.61681,12.62012,0.00,0.00
2015.01.30 13:18:26.534,12.61691,12.62012,0.00,0.00
2015.01.30 13:18:26.585,12.61691,12.62027,0.00,0.00
2015.01.30 13:18:26.635,12.61719,12.62027,0.00,0.00
2015.01.30 13:18:26.686,12.61719,12.6204,0.00,0.00
2015.01.30 13:18:26.787,12.61719,12.62057,0.00,0.00
2015.01.30 13:18:26.837,12.61729,12.62057,0.00,0.00
2015.01.30 13:18:26.888,12.61733,12.62077,0.00,0.00
2015.01.30 13:18:26.989,12.61729,12.62061,0.00,0.00
2015.01.30 13:18:27.090,12.61734,12.62076,0.00,0.00
2015.01.30 13:18:28.724,12.6183,12.62081,0.00,0.00
2015.01.30 13:18:28.825,12.61803,12.62141,0.00,0.00
2015.01.30 13:18:28.928,12.61804,12.62081,0.00,0.00
2015.01.30 13:18:28.979,12.61789,12.62081,0.00,0.00
2015.01.30 13:18:29.029,12.61828,12.621,0.00,0.00
2015.01.30 13:18:29.130,12.61828,12.62127,0.00,0.00
2015.01.30 13:18:29.231,12.61828,12.62147,0.00,0.00
2015.01.30 13:18:29.331,12.61828,12.62161,0.00,0.00
2015.01.30 13:18:30.109,12.61828,12.62142,0.00,0.00
2015.01.30 13:18:30.282,12.61828,12.62161,0.00,0.00
2015.01.30 13:18:30.687,12.61834,12.62176,0.00,0.00
2015.01.30 13:18:32.987,12.61829,12.62162,0.00,0.00
2015.01.30 13:18:33.238,12.61801,12.6214,0.00,0.00
2015.01.30 13:18:33.289,12.61801,12.62127,0.00,0.00
2015.01.30 13:18:33.665,12.61758,12.62081,0.00,0.00
2015.01.30 13:18:34.285,12.61758,12.6208,0.00,0.00
2015.01.30 13:18:34.336,12.61739,12.6208,0.00,0.00
2015.01.30 13:18:35.403,12.61739,12.62081,0.00,0.00
2015.01.30 13:18:37.140,12.61739,12.6208,0.00,0.00
2015.01.30 13:18:37.958,12.61739,12.62081,0.00,0.00
2015.01.30 13:18:39.592,12.61739,12.6208,0.00,0.00
2015.01.30 13:18:40.720,12.61739,12.62081,0.00,0.00
2015.01.30 13:18:43.007,12.61751,12.62081,0.00,0.00
2015.01.30 13:18:43.843,12.61769,12.62081,0.00,0.00
2015.01.30 13:18:44.408,12.61769,12.6208,0.00,0.00
2015.01.30 13:18:44.458,12.61754,12.6208,0.00,0.00
2015.01.30 13:18:44.711,12.61766,12.62081,0.00,0.00
2015.01.30 13:18:45.212,12.61743,12.6208,0.00,0.00
2015.01.30 13:18:45.426,12.61774,12.62081,0.00,0.00
2015.01.30 13:18:46.564,12.61774,12.6208,0.00,0.00
2015.01.30 13:18:46.615,12.61747,12.6208,0.00,0.00
2015.01.30 13:18:47.020,12.61762,12.62081,0.00,0.00
2015.01.30 13:18:47.123,12.61747,12.62081,0.00,0.00
2015.01.30 13:18:47.415,12.61761,12.62081,0.00,0.00
2015.01.30 13:18:47.661,12.61745,12.62081,0.00,0.00
2015.01.30 13:18:47.762,12.61731,12.62075,0.00,0.00
2015.01.30 13:18:48.045,12.61777,12.62081,0.00,0.00
2015.01.30 13:18:48.549,12.61761,12.62081,0.00,0.00
2015.01.30 13:18:48.650,12.61745,12.62081,0.00,0.00
2015.01.30 13:18:49.951,12.61764,12.62081,0.00,0.00
2015.01.30 13:18:51.323,12.61789,12.62081,0.00,0.00
2015.01.30 13:18:51.424,12.61774,12.62081,0.00,0.00
2015.01.30 13:18:51.825,12.61763,12.62081,0.00,0.00
2015.01.30 13:18:52.232,12.61774,12.6208,0.00,0.00
2015.01.30 13:18:52.842,12.61774,12.62081,0.00,0.00
2015.01.30 13:18:53.619,12.61774,12.6208,0.00,0.00
2015.01.30 13:18:54.139,12.61774,12.62081,0.00,0.00
2015.01.30 13:18:54.872,12.61774,12.6208,0.00,0.00
2015.01.30 13:18:56.576,12.61774,12.62081,0.00,0.00
2015.01.30 13:18:56.888,12.61851,12.62181,0.00,0.00
2015.01.30 13:18:56.938,12.6187,12.62181,0.00,0.00
2015.01.30 13:18:57.142,12.61829,12.62173,0.00,0.00
2015.01.30 13:18:57.348,12.61865,12.6218,0.00,0.00
2015.01.30 13:18:57.563,12.6185,12.6218,0.00,0.00
2015.01.30 13:18:57.764,12.61876,12.6218,0.00,0.00
2015.01.30 13:18:57.972,12.61849,12.62181,0.00,0.00
2015.01.30 13:18:58.073,12.61881,12.62191,0.00,0.00
2015.01.30 13:18:58.577,12.61849,12.62191,0.00,0.00
2015.01.30 13:18:59.163,12.61862,12.62191,0.00,0.00
2015.01.30 13:18:59.493,12.61845,12.6218,0.00,0.00
2015.01.30 13:18:59.855,12.61845,12.62187,0.00,0.00
2015.01.30 13:19:00.989,12.61877,12.62181,0.00,0.00
2015.01.30 13:19:01.181,12.61877,12.62192,0.00,0.00
2015.01.30 13:19:01.999,12.61877,12.62191,0.00,0.00
2015.01.30 13:19:02.251,12.61855,12.6219,0.00,0.00
2015.01.30 13:19:02.303,12.61855,12.62192,0.00,0.00
2015.01.30 13:19:03.783,12.61889,12.62192,0.00,0.00
2015.01.30 13:19:04.051,12.61857,12.62192,0.00,0.00
2015.01.30 13:19:04.102,12.61857,12.6218,0.00,0.00
2015.01.30 13:19:04.192,12.61857,12.6219,0.00,0.00
2015.01.30 13:19:04.252,12.61838,12.62182,0.00,0.00
2015.01.30 13:19:04.352,12.61853,12.62191,0.00,0.00
2015.01.30 13:19:04.723,12.61884,12.6219,0.00,0.00
2015.01.30 13:19:05.113,12.61884,12.62181,0.00,0.00
2015.01.30 13:19:07.285,12.61884,12.6218,0.00,0.00
2015.01.30 13:19:08.587,12.61884,12.62181,0.00,0.00
2015.01.30 13:19:08.688,12.61856,12.62181,0.00,0.00
2015.01.30 13:19:09.302,12.61856,12.6218,0.00,0.00
2015.01.30 13:19:09.403,12.61869,12.6218,0.00,0.00
2015.01.30 13:19:09.663,12.6185,12.62181,0.00,0.00
2015.01.30 13:19:09.764,12.6185,12.62191,0.00,0.00
2015.01.30 13:19:11.705,12.6186,12.62191,0.00,0.00
2015.01.30 13:19:12.025,12.6193,12.62251,0.00,0.00
2015.01.30 13:19:12.075,12.61938,12.62272,0.00,0.00
2015.01.30 13:19:13.408,12.61938,12.62252,0.00,0.00
2015.01.30 13:19:13.791,12.61938,12.62278,0.00,0.00
2015.01.30 13:19:13.871,12.61938,12.62251,0.00,0.00
2015.01.30 13:19:14.675,12.6193,12.62241,0.00,0.00
2015.01.30 13:19:14.726,12.61909,12.62241,0.00,0.00
2015.01.30 13:19:14.826,12.61888,12.62226,0.00,0.00
2015.01.30 13:19:14.877,12.61888,12.62201,0.00,0.00
2015.01.30 13:19:15.305,12.61888,12.62231,0.00,0.00
2015.01.30 13:19:15.906,12.61888,12.6223,0.00,0.00
2015.01.30 13:19:17.696,12.61888,12.62218,0.00,0.00
2015.01.30 13:19:17.797,12.61891,12.6223,0.00,0.00
2015.01.30 13:19:18.124,12.61921,12.6223,0.00,0.00
2015.01.30 13:19:18.174,12.61921,12.62235,0.00,0.00
2015.01.30 13:19:18.225,12.61938,12.62204,0.00,0.00
2015.01.30 13:19:18.326,12.61938,12.6223,0.00,0.00
2015.01.30 13:19:18.426,12.61939,12.62273,0.00,0.00
2015.01.30 13:19:18.714,12.61939,12.62236,0.00,0.00
2015.01.30 13:19:18.817,12.61939,12.62274,0.00,0.00
2015.01.30 13:19:19.124,12.61939,12.62276,0.00,0.00
2015.01.30 13:19:19.534,12.61939,12.62252,0.00,0.00
2015.01.30 13:19:20.489,12.61939,12.62275,0.00,0.00
2015.01.30 13:19:20.640,12.61909,12.6219,0.00,0.00
2015.01.30 13:19:20.691,12.61889,12.6219,0.00,0.00
2015.01.30 13:19:20.804,12.61888,12.62202,0.00,0.00
2015.01.30 13:19:21.099,12.6189,12.62231,0.00,0.00
2015.01.30 13:19:21.300,12.61888,12.62217,0.00,0.00
2015.01.30 13:19:21.887,12.61888,12.62202,0.00,0.00
2015.01.30 13:19:22.155,12.61858,12.62191,0.00,0.00
2015.01.30 13:19:22.598,12.6184,12.62182,0.00,0.00
2015.01.30 13:19:22.648,12.6184,12.6218,0.00,0.00
2015.01.30 13:19:23.100,12.61853,12.6218,0.00,0.00
2015.01.30 13:19:23.867,12.61853,12.62181,0.00,0.00
2015.01.30 13:19:24.303,12.61839,12.62181,0.00,0.00
2015.01.30 13:19:24.609,12.61851,12.62181,0.00,0.00
2015.01.30 13:19:25.996,12.61874,12.6218,0.00,0.00
2015.01.30 13:19:26.600,12.61874,12.62181,0.00,0.00
2015.01.30 13:19:27.898,12.61874,12.6218,0.00,0.00
2015.01.30 13:19:29.838,12.61858,12.6218,0.00,0.00
2015.01.30 13:19:29.939,12.61893,12.62181,0.00,0.00
2015.01.30 13:19:30.560,12.61893,12.6218,0.00,0.00
2015.01.30 13:19:30.660,12.61875,12.6218,0.00,0.00
2015.01.30 13:19:31.347,12.61887,12.6218,0.00,0.00
2015.01.30 13:19:31.881,12.61887,12.62181,0.00,0.00
2015.01.30 13:19:32.358,12.61909,12.6218,0.00,0.00
2015.01.30 13:19:32.475,12.61883,12.62181,0.00,0.00
2015.01.30 13:19:32.784,12.61904,12.62181,0.00,0.00
2015.01.30 13:19:33.374,12.61894,12.6218,0.00,0.00
2015.01.30 13:19:33.444,12.61911,12.6218,0.00,0.00
2015.01.30 13:19:33.976,12.61911,12.62181,0.00,0.00
2015.01.30 13:19:34.045,12.61895,12.62181,0.00,0.00
2015.01.30 13:19:34.446,12.61883,12.62181,0.00,0.00
2015.01.30 13:19:35.182,12.61883,12.6218,0.00,0.00
2015.01.30 13:19:35.960,12.61916,12.6218,0.00,0.00
2015.01.30 13:19:36.163,12.61884,12.6218,0.00,0.00
2015.01.30 13:19:36.595,12.61913,12.62181,0.00,0.00
2015.01.30 13:19:37.136,12.61913,12.6218,0.00,0.00
2015.01.30 13:19:37.387,12.61763,12.6204,0.00,0.00
2015.01.30 13:19:37.488,12.61737,12.6204,0.00,0.00
2015.01.30 13:19:37.588,12.61722,12.6201,0.00,0.00
2015.01.30 13:19:37.907,12.61699,12.6198,0.00,0.00
2015.01.30 13:19:38.065,12.61699,12.61982,0.00,0.00
2015.01.30 13:19:38.280,12.61653,12.61982,0.00,0.00
2015.01.30 13:19:39.114,12.61639,12.61931,0.00,0.00
2015.01.30 13:19:39.525,12.61639,12.61941,0.00,0.00
2015.01.30 13:19:39.625,12.61667,12.61982,0.00,0.00
2015.01.30 13:19:39.932,12.61679,12.6198,0.00,0.00
2015.01.30 13:19:40.184,12.6166,12.61981,0.00,0.00
2015.01.30 13:19:40.285,12.61677,12.61981,0.00,0.00
2015.01.30 13:19:40.515,12.61661,12.6198,0.00,0.00
2015.01.30 13:19:41.155,12.61677,12.6198,0.00,0.00
2015.01.30 13:19:41.307,12.61655,12.6198,0.00,0.00
2015.01.30 13:19:41.407,12.61686,12.61981,0.00,0.00
2015.01.30 13:19:41.687,12.61653,12.61981,0.00,0.00
2015.01.30 13:19:41.803,12.61693,12.61982,0.00,0.00
2015.01.30 13:19:42.008,12.61664,12.61982,0.00,0.00
2015.01.30 13:19:42.063,12.61664,12.6198,0.00,0.00
2015.01.30 13:19:42.525,12.61678,12.6198,0.00,0.00
2015.01.30 13:19:42.934,12.61643,12.61942,0.00,0.00
2015.01.30 13:19:43.187,12.61643,12.61982,0.00,0.00
2015.01.30 13:19:43.237,12.61644,12.6198,0.00,0.00
2015.01.30 13:19:43.573,12.61624,12.61891,0.00,0.00
2015.01.30 13:19:43.624,12.61608,12.61891,0.00,0.00
2015.01.30 13:19:43.792,12.61602,12.61891,0.00,0.00
2015.01.30 13:19:44.457,12.61603,12.61891,0.00,0.00
2015.01.30 13:19:44.594,12.61586,12.61891,0.00,0.00
2015.01.30 13:19:45.826,12.61609,12.6191,0.00,0.00
2015.01.30 13:19:45.876,12.61609,12.61931,0.00,0.00
2015.01.30 13:19:45.996,12.61627,12.61931,0.00,0.00
2015.01.30 13:19:46.311,12.61609,12.61892,0.00,0.00
2015.01.30 13:19:46.362,12.61609,12.6193,0.00,0.00
2015.01.30 13:19:46.413,12.61626,12.61931,0.00,0.00
2015.01.30 13:19:47.807,12.61626,12.6193,0.00,0.00
2015.01.30 13:19:48.248,12.61598,12.61892,0.00,0.00
2015.01.30 13:19:48.350,12.61584,12.61892,0.00,0.00
2015.01.30 13:19:48.453,12.61588,12.61911,0.00,0.00
2015.01.30 13:19:48.504,12.61588,12.61918,0.00,0.00
2015.01.30 13:19:48.605,12.61628,12.61918,0.00,0.00
2015.01.30 13:19:48.952,12.61651,12.61918,0.00,0.00
2015.01.30 13:19:49.127,12.61633,12.61918,0.00,0.00
2015.01.30 13:19:49.203,12.61649,12.61918,0.00,0.00
2015.01.30 13:19:49.253,12.61649,12.61941,0.00,0.00
2015.01.30 13:19:49.304,12.61633,12.61941,0.00,0.00
2015.01.30 13:19:49.464,12.61633,12.6193,0.00,0.00
2015.01.30 13:19:50.251,12.61633,12.61931,0.00,0.00
2015.01.30 13:19:51.888,12.61633,12.6193,0.00,0.00
2015.01.30 13:19:53.317,12.61633,12.61941,0.00,0.00
2015.01.30 13:19:54.234,12.61633,12.6194,0.00,0.00
2015.01.30 13:19:54.458,12.61633,12.6193,0.00,0.00
2015.01.30 13:19:55.068,12.61633,12.61931,0.00,0.00
2015.01.30 13:19:55.614,12.61641,12.6193,0.00,0.00
2015.01.30 13:19:56.025,12.61641,12.61892,0.00,0.00
2015.01.30 13:19:56.389,12.61641,12.6193,0.00,0.00
2015.01.30 13:19:56.574,12.61619,12.6193,0.00,0.00
2015.01.30 13:19:57.110,12.61619,12.61931,0.00,0.00
2015.01.30 13:19:57.263,12.61628,12.6193,0.00,0.00
2015.01.30 13:19:57.315,12.61628,12.61961,0.00,0.00
2015.01.30 13:19:57.366,12.61631,12.61973,0.00,0.00
2015.01.30 13:19:57.665,12.61642,12.61942,0.00,0.00
2015.01.30 13:19:58.037,12.61642,12.61931,0.00,0.00
2015.01.30 13:19:58.436,12.61682,12.6193,0.00,0.00
2015.01.30 13:19:58.487,12.61682,12.61982,0.00,0.00
2015.01.30 13:19:58.827,12.61653,12.61982,0.00,0.00
2015.01.30 13:19:58.879,12.61653,12.6198,0.00,0.00
2015.01.30 13:19:59.185,12.61653,12.61892,0.00,0.00
2015.01.30 13:19:59.236,12.61642,12.61892,0.00,0.00
2015.01.30 13:19:59.324,12.61583,12.61892,0.00,0.00
2015.01.30 13:20:00.072,12.61569,12.61892,0.00,0.00
2015.01.30 13:20:00.265,12.61544,12.61886,0.00,0.00
2015.01.30 13:20:00.316,12.61642,12.61886,0.00,0.00
2015.01.30 13:20:00.366,12.61642,12.61936,0.00,0.00
2015.01.30 13:20:00.420,12.61829,12.61936,0.00,0.00
2015.01.30 13:20:00.470,12.61841,12.62026,0.00,0.00
2015.01.30 13:20:00.571,12.61863,12.62132,0.00,0.00
2015.01.30 13:20:00.674,12.61883,12.6219,0.00,0.00
2015.01.30 13:20:00.774,12.61853,12.6219,0.00,0.00
2015.01.30 13:20:00.831,12.61853,12.62181,0.00,0.00
2015.01.30 13:20:01.141,12.61883,12.6218,0.00,0.00
2015.01.30 13:20:01.245,12.61941,12.62242,0.00,0.00
2015.01.30 13:20:01.345,12.61941,12.62267,0.00,0.00
2015.01.30 13:20:01.446,12.61954,12.62292,0.00,0.00
2015.01.30 13:20:01.547,12.61974,12.62292,0.00,0.00
2015.01.30 13:20:02.048,12.61957,12.62292,0.00,0.00
2015.01.30 13:20:02.149,12.61944,12.62286,0.00,0.00
2015.01.30 13:20:02.250,12.61963,12.62292,0.00,0.00
2015.01.30 13:20:04.426,12.6203,12.62292,0.00,0.00
2015.01.30 13:20:04.527,12.62042,12.62307,0.00,0.00
2015.01.30 13:20:04.627,12.62043,12.62387,0.00,0.00
2015.01.30 13:20:04.678,12.62073,12.62391,0.00,0.00
2015.01.30 13:20:04.783,12.62044,12.62386,0.00,0.00
2015.01.30 13:20:04.843,12.62074,12.62391,0.00,0.00
2015.01.30 13:20:05.488,12.62033,12.62301,0.00,0.00
2015.01.30 13:20:05.639,12.61913,12.62191,0.00,0.00
2015.01.30 13:20:05.740,12.61851,12.62142,0.00,0.00
2015.01.30 13:20:05.790,12.61851,12.6214,0.00,0.00
2015.01.30 13:20:05.891,12.61783,12.62119,0.00,0.00
2015.01.30 13:20:05.941,12.61783,12.62082,0.00,0.00
2015.01.30 13:20:05.992,12.61741,12.62082,0.00,0.00
2015.01.30 13:20:06.285,12.61741,12.6204,0.00,0.00
2015.01.30 13:20:06.497,12.61653,12.61992,0.00,0.00
2015.01.30 13:20:06.597,12.61634,12.61981,0.00,0.00
2015.01.30 13:20:07.331,12.61634,12.6198,0.00,0.00
2015.01.30 13:20:07.605,12.61634,12.61942,0.00,0.00
2015.01.30 13:20:07.655,12.61583,12.61931,0.00,0.00
2015.01.30 13:20:08.065,12.61583,12.61891,0.00,0.00
2015.01.30 13:20:08.166,12.6153,12.61891,0.00,0.00
2015.01.30 13:20:08.373,12.61578,12.619,0.00,0.00
2015.01.30 13:20:08.477,12.61529,12.61891,0.00,0.00
2015.01.30 13:20:08.578,12.61578,12.619,0.00,0.00
2015.01.30 13:20:08.678,12.6163,12.61978,0.00,0.00
2015.01.30 13:20:08.832,12.6163,12.61992,0.00,0.00
2015.01.30 13:20:09.591,12.61629,12.61992,0.00,0.00
2015.01.30 13:20:09.644,12.61629,12.61981,0.00,0.00
2015.01.30 13:20:09.746,12.61629,12.61992,0.00,0.00
2015.01.30 13:20:09.796,12.61679,12.62035,0.00,0.00
2015.01.30 13:20:10.105,12.61718,12.62075,0.00,0.00
2015.01.30 13:20:10.485,12.61779,12.62075,0.00,0.00
2015.01.30 13:20:10.586,12.61803,12.62132,0.00,0.00
2015.01.30 13:20:10.654,12.61833,12.62132,0.00,0.00
2015.01.30 13:20:10.704,12.61833,12.6218,0.00,0.00
2015.01.30 13:20:11.243,12.61833,12.62181,0.00,0.00
2015.01.30 13:20:11.673,12.61833,12.62132,0.00,0.00
2015.01.30 13:20:11.874,12.61832,12.62181,0.00,0.00
2015.01.30 13:20:12.309,12.61832,12.6219,0.00,0.00
2015.01.30 13:20:12.615,12.61832,12.62181,0.00,0.00
2015.01.30 13:20:13.273,12.61832,12.6218,0.00,0.00
2015.01.30 13:20:13.328,12.61832,12.62191,0.00,0.00
2015.01.30 13:20:13.634,12.61832,12.6218,0.00,0.00
2015.01.30 13:20:14.141,12.61832,12.62181,0.00,0.00
2015.01.30 13:20:14.454,12.61832,12.62051,0.00,0.00
2015.01.30 13:20:14.505,12.61828,12.62051,0.00,0.00
2015.01.30 13:20:14.605,12.61728,12.62051,0.00,0.00
2015.01.30 13:20:14.658,12.61683,12.6205,0.00,0.00
2015.01.30 13:20:14.776,12.61683,12.61992,0.00,0.00
2015.01.30 13:20:14.963,12.61643,12.61992,0.00,0.00
2015.01.30 13:20:15.466,12.61629,12.61982,0.00,0.00
2015.01.30 13:20:15.868,12.61592,12.61942,0.00,0.00
2015.01.30 13:20:15.918,12.61583,12.61942,0.00,0.00
2015.01.30 13:20:15.969,12.61583,12.6193,0.00,0.00
2015.01.30 13:20:16.284,12.61634,12.61981,0.00,0.00
2015.01.30 13:20:16.750,12.61649,12.61991,0.00,0.00
2015.01.30 13:20:16.980,12.61636,12.61991,0.00,0.00
2015.01.30 13:20:17.486,12.61633,12.61991,0.00,0.00
2015.01.30 13:20:17.586,12.61584,12.61931,0.00,0.00
2015.01.30 13:20:20.698,12.61628,12.61931,0.00,0.00
2015.01.30 13:20:20.749,12.61629,12.61951,0.00,0.00
2015.01.30 13:20:20.850,12.61628,12.6198,0.00,0.00
2015.01.30 13:20:20.900,12.61628,12.61977,0.00,0.00
2015.01.30 13:20:22.974,12.61608,12.61942,0.00,0.00
2015.01.30 13:20:23.025,12.61578,12.61942,0.00,0.00
2015.01.30 13:20:23.126,12.61578,12.61901,0.00,0.00
2015.01.30 13:20:23.227,12.61533,12.61892,0.00,0.00
2015.01.30 13:20:23.503,12.61545,12.61892,0.00,0.00
2015.01.30 13:20:24.083,12.61533,12.61892,0.00,0.00
2015.01.30 13:20:24.985,12.61554,12.61892,0.00,0.00
2015.01.30 13:20:25.297,12.61534,12.61892,0.00,0.00
2015.01.30 13:20:28.302,12.61534,12.61831,0.00,0.00
2015.01.30 13:20:28.403,12.61479,12.61802,0.00,0.00
2015.01.30 13:20:28.504,12.61438,12.61801,0.00,0.00
2015.01.30 13:20:28.817,12.61464,12.61801,0.00,0.00
2015.01.30 13:20:28.994,12.61448,12.61801,0.00,0.00
2015.01.30 13:20:29.094,12.61438,12.61795,0.00,0.00
2015.01.30 13:20:29.195,12.61438,12.61768,0.00,0.00
2015.01.30 13:20:29.595,12.61441,12.61802,0.00,0.00
2015.01.30 13:20:30.138,12.61458,12.61802,0.00,0.00
2015.01.30 13:20:30.398,12.61439,12.61802,0.00,0.00
2015.01.30 13:20:30.510,12.61438,12.6178,0.00,0.00
2015.01.30 13:20:30.700,12.6144,12.61802,0.00,0.00
2015.01.30 13:20:31.147,12.61438,12.61777,0.00,0.00
2015.01.30 13:20:31.415,12.61438,12.61793,0.00,0.00
2015.01.30 13:20:31.611,12.61438,12.61772,0.00,0.00
2015.01.30 13:20:32.221,12.61478,12.61822,0.00,0.00
2015.01.30 13:20:32.301,12.61478,12.61806,0.00,0.00
2015.01.30 13:20:32.351,12.61439,12.61801,0.00,0.00
2015.01.30 13:20:32.596,12.61479,12.61801,0.00,0.00
2015.01.30 13:20:32.646,12.61479,12.61828,0.00,0.00
2015.01.30 13:20:32.697,12.61528,12.61828,0.00,0.00
2015.01.30 13:20:32.747,12.61528,12.61861,0.00,0.00
2015.01.30 13:20:33.408,12.61528,12.61877,0.00,0.00
2015.01.30 13:20:33.458,12.61578,12.61877,0.00,0.00
2015.01.30 13:20:33.509,12.61578,12.61911,0.00,0.00
2015.01.30 13:20:33.610,12.61584,12.61931,0.00,0.00
2015.01.30 13:20:35.137,12.61604,12.61931,0.00,0.00
2015.01.30 13:20:35.288,12.61634,12.61991,0.00,0.00
2015.01.30 13:20:35.339,12.61682,12.6204,0.00,0.00
2015.01.30 13:20:35.580,12.61682,12.6201,0.00,0.00
2015.01.30 13:20:35.631,12.61639,12.61992,0.00,0.00
2015.01.30 13:20:35.832,12.6163,12.61992,0.00,0.00
2015.01.30 13:20:35.888,12.61628,12.61992,0.00,0.00
2015.01.30 13:20:36.049,12.61628,12.61972,0.00,0.00
2015.01.30 13:20:36.551,12.61678,12.61972,0.00,0.00
2015.01.30 13:20:36.652,12.61678,12.62002,0.00,0.00
2015.01.30 13:20:36.752,12.61678,12.62022,0.00,0.00
2015.01.30 13:20:36.809,12.61682,12.62041,0.00,0.00
2015.01.30 13:20:37.319,12.61682,12.6204,0.00,0.00
2015.01.30 13:20:37.939,12.61682,12.62041,0.00,0.00
2015.01.30 13:20:38.041,12.61729,12.62042,0.00,0.00
2015.01.30 13:20:38.091,12.61729,12.62051,0.00,0.00
2015.01.30 13:20:38.142,12.61733,12.62082,0.00,0.00
2015.01.30 13:20:40.134,12.61778,12.621,0.00,0.00
2015.01.30 13:20:40.345,12.61784,12.62141,0.00,0.00
2015.01.30 13:20:40.395,12.61828,12.62141,0.00,0.00
2015.01.30 13:20:40.546,12.61939,12.62261,0.00,0.00
2015.01.30 13:20:40.656,12.61939,12.623,0.00,0.00
2015.01.30 13:20:41.018,12.61968,12.623,0.00,0.00
2015.01.30 13:20:41.068,12.61968,12.62321,0.00,0.00
2015.01.30 13:20:41.119,12.61968,12.62301,0.00,0.00
2015.01.30 13:20:41.170,12.61932,12.62301,0.00,0.00
2015.01.30 13:20:41.270,12.61968,12.6233,0.00,0.00
2015.01.30 13:20:42.098,12.61979,12.62362,0.00,0.00
2015.01.30 13:20:42.149,12.62018,12.62389,0.00,0.00
2015.01.30 13:20:42.249,12.62029,12.62411,0.00,0.00
2015.01.30 13:20:42.350,12.6203,12.62362,0.00,0.00
2015.01.30 13:20:42.400,12.61968,12.62331,0.00,0.00
2015.01.30 13:20:42.884,12.61929,12.62312,0.00,0.00
2015.01.30 13:20:43.214,12.61929,12.62202,0.00,0.00
2015.01.30 13:20:43.365,12.61929,12.62242,0.00,0.00
2015.01.30 13:20:43.415,12.61942,12.62242,0.00,0.00
2015.01.30 13:20:43.908,12.61942,12.62202,0.00,0.00
2015.01.30 13:20:44.008,12.6193,12.62202,0.00,0.00
2015.01.30 13:20:44.411,12.62029,12.62202,0.00,0.00
2015.01.30 13:20:44.462,12.62052,12.62242,0.00,0.00
2015.01.30 13:20:44.562,12.62053,12.62341,0.00,0.00
2015.01.30 13:20:44.663,12.62083,12.62341,0.00,0.00
2015.01.30 13:20:45.014,12.62058,12.62291,0.00,0.00
2015.01.30 13:20:45.064,12.62042,12.62291,0.00,0.00
2015.01.30 13:20:45.291,12.6203,12.62291,0.00,0.00
2015.01.30 13:20:45.829,12.62027,12.62291,0.00,0.00
2015.01.30 13:20:45.879,12.62027,12.62288,0.00,0.00
2015.01.30 13:20:45.980,12.61929,12.62202,0.00,0.00
2015.01.30 13:20:46.446,12.61929,12.62151,0.00,0.00
2015.01.30 13:20:46.496,12.61883,12.62151,0.00,0.00
2015.01.30 13:20:46.547,12.61883,12.62091,0.00,0.00
2015.01.30 13:20:46.598,12.61844,12.62091,0.00,0.00
2015.01.30 13:20:47.154,12.61829,12.62091,0.00,0.00
2015.01.30 13:20:48.355,12.6184,12.62091,0.00,0.00
2015.01.30 13:20:51.300,12.61852,12.62091,0.00,0.00
2015.01.30 13:20:51.400,12.61839,12.62091,0.00,0.00
2015.01.30 13:20:54.389,12.61851,12.62091,0.00,0.00
2015.01.30 13:20:54.623,12.61835,12.62091,0.00,0.00
2015.01.30 13:20:58.099,12.61829,12.62091,0.00,0.00
2015.01.30 13:20:58.853,12.61808,12.62091,0.00,0.00
2015.01.30 13:20:58.904,12.61802,12.62091,0.00,0.00
2015.01.30 13:21:00.413,12.61791,12.62042,0.00,0.00
2015.01.30 13:21:00.464,12.61773,12.62042,0.00,0.00
2015.01.30 13:21:00.715,12.6174,12.61992,0.00,0.00
2015.01.30 13:21:00.954,12.61729,12.61992,0.00,0.00
2015.01.30 13:21:02.597,12.6173,12.61992,0.00,0.00
2015.01.30 13:21:02.954,12.61754,12.61992,0.00,0.00
2015.01.30 13:21:03.054,12.61784,12.62042,0.00,0.00
2015.01.30 13:21:03.624,12.61804,12.62042,0.00,0.00
2015.01.30 13:21:03.725,12.61825,12.62091,0.00,0.00
2015.01.30 13:21:03.775,12.61829,12.62091,0.00,0.00
2015.01.30 13:21:04.077,12.61802,12.62042,0.00,0.00
2015.01.30 13:21:04.806,12.61784,12.62042,0.00,0.00
2015.01.30 13:21:05.359,12.61754,12.61896,0.00,0.00
2015.01.30 13:21:05.461,12.61699,12.61942,0.00,0.00
2015.01.30 13:21:05.562,12.61634,12.61942,0.00,0.00
2015.01.30 13:21:05.662,12.61634,12.61891,0.00,0.00
2015.01.30 13:21:14.233,12.61634,12.61842,0.00,0.00
2015.01.30 13:21:14.284,12.61602,12.61842,0.00,0.00
2015.01.30 13:21:14.384,12.61534,12.61792,0.00,0.00
2015.01.30 13:21:16.479,12.6153,12.61792,0.00,0.00
2015.01.30 13:21:17.023,12.61529,12.61792,0.00,0.00
2015.01.30 13:21:17.683,12.6153,12.61792,0.00,0.00
2015.01.30 13:21:18.394,12.61529,12.61792,0.00,0.00
2015.01.30 13:21:19.384,12.6153,12.61792,0.00,0.00
2015.01.30 13:21:19.995,12.61529,12.61792,0.00,0.00
2015.01.30 13:21:20.704,12.6153,12.61792,0.00,0.00
2015.01.30 13:21:21.312,12.61529,12.61792,0.00,0.00
2015.01.30 13:21:21.412,12.61529,12.61841,0.00,0.00
2015.01.30 13:21:21.463,12.61508,12.61841,0.00,0.00
2015.01.30 13:21:21.513,12.61479,12.61792,0.00,0.00
2015.01.30 13:21:21.713,12.61498,12.61846,0.00,0.00
2015.01.30 13:21:21.764,12.6153,12.61846,0.00,0.00
2015.01.30 13:21:21.814,12.6153,12.61852,0.00,0.00
2015.01.30 13:21:21.965,12.61529,12.61802,0.00,0.00
2015.01.30 13:21:24.184,12.61552,12.61802,0.00,0.00
2015.01.30 13:21:24.304,12.61537,12.61802,0.00,0.00
2015.01.30 13:21:25.123,12.61537,12.61751,0.00,0.00
2015.01.30 13:21:25.224,12.61477,12.61751,0.00,0.00
2015.01.30 13:21:25.622,12.615,12.61751,0.00,0.00
2015.01.30 13:21:26.003,12.615,12.61702,0.00,0.00
2015.01.30 13:21:26.136,12.61482,12.61702,0.00,0.00
2015.01.30 13:21:26.237,12.61448,12.61702,0.00,0.00
2015.01.30 13:21:26.489,12.6146,12.61702,0.00,0.00
2015.01.30 13:21:27.090,12.61445,12.61702,0.00,0.00
2015.01.30 13:21:27.340,12.61461,12.61702,0.00,0.00
2015.01.30 13:21:28.016,12.61445,12.61702,0.00,0.00
2015.01.30 13:21:28.116,12.61465,12.61702,0.00,0.00
2015.01.30 13:21:30.327,12.61465,12.61742,0.00,0.00
2015.01.30 13:21:30.428,12.61485,12.61742,0.00,0.00
2015.01.30 13:21:30.529,12.6151,12.61821,0.00,0.00
2015.01.30 13:21:31.373,12.61521,12.61821,0.00,0.00
2015.01.30 13:21:31.793,12.61651,12.61922,0.00,0.00
2015.01.30 13:21:32.044,12.61591,12.61871,0.00,0.00
2015.01.30 13:21:32.193,12.61591,12.61821,0.00,0.00
2015.01.30 13:21:32.243,12.6157,12.61821,0.00,0.00
2015.01.30 13:21:32.344,12.61555,12.61821,0.00,0.00
2015.01.30 13:21:32.549,12.61575,12.61821,0.00,0.00
2015.01.30 13:21:33.246,12.61554,12.61821,0.00,0.00
2015.01.30 13:21:33.347,12.61569,12.61821,0.00,0.00
2015.01.30 13:21:34.404,12.6153,12.61821,0.00,0.00
2015.01.30 13:21:34.723,12.61542,12.61821,0.00,0.00
2015.01.30 13:21:35.227,12.61562,12.61821,0.00,0.00
2015.01.30 13:21:35.277,12.61562,12.61882,0.00,0.00
2015.01.30 13:21:35.328,12.6158,12.61882,0.00,0.00
2015.01.30 13:21:35.606,12.61565,12.61882,0.00,0.00
2015.01.30 13:21:35.684,12.61565,12.61731,0.00,0.00
2015.01.30 13:21:35.735,12.61492,12.61731,0.00,0.00
2015.01.30 13:21:35.836,12.61441,12.61731,0.00,0.00
2015.01.30 13:21:35.953,12.61441,12.61771,0.00,0.00
2015.01.30 13:21:36.056,12.61449,12.61771,0.00,0.00
2015.01.30 13:21:36.108,12.61441,12.61771,0.00,0.00
2015.01.30 13:21:36.159,12.61441,12.61732,0.00,0.00
2015.01.30 13:21:37.011,12.61456,12.61732,0.00,0.00
2015.01.30 13:21:37.112,12.61444,12.61732,0.00,0.00
2015.01.30 13:21:37.225,12.61444,12.61772,0.00,0.00
2015.01.30 13:21:37.311,12.61441,12.61772,0.00,0.00
2015.01.30 13:21:39.655,12.61509,12.6178,0.00,0.00
2015.01.30 13:21:39.858,12.61541,12.61871,0.00,0.00
2015.01.30 13:21:40.519,12.61541,12.61853,0.00,0.00
2015.01.30 13:21:40.670,12.61541,12.61858,0.00,0.00
2015.01.30 13:21:40.838,12.61541,12.61871,0.00,0.00
2015.01.30 13:21:41.028,12.61541,12.61852,0.00,0.00
2015.01.30 13:21:41.320,12.61541,12.61865,0.00,0.00
2015.01.30 13:21:41.763,12.61582,12.61865,0.00,0.00
2015.01.30 13:21:41.921,12.61582,12.61871,0.00,0.00
2015.01.30 13:21:42.322,12.61582,12.61866,0.00,0.00
2015.01.30 13:21:42.824,12.61582,12.61854,0.00,0.00
2015.01.30 13:21:45.074,12.61487,12.61772,0.00,0.00
2015.01.30 13:21:45.174,12.61481,12.61772,0.00,0.00
2015.01.30 13:21:45.329,12.61481,12.61765,0.00,0.00
2015.01.30 13:21:45.839,12.61481,12.61763,0.00,0.00
2015.01.30 13:21:46.080,12.6143,12.61772,0.00,0.00
2015.01.30 13:21:46.181,12.61391,12.61701,0.00,0.00
2015.01.30 13:21:46.506,12.61391,12.61672,0.00,0.00
2015.01.30 13:21:47.089,12.61381,12.61672,0.00,0.00
2015.01.30 13:21:47.564,12.61381,12.61701,0.00,0.00
2015.01.30 13:21:47.715,12.61381,12.61721,0.00,0.00
2015.01.30 13:21:48.003,12.61408,12.61739,0.00,0.00
2015.01.30 13:21:48.335,12.61482,12.61722,0.00,0.00
2015.01.30 13:21:49.024,12.61391,12.61722,0.00,0.00
2015.01.30 13:21:50.012,12.61391,12.61671,0.00,0.00
2015.01.30 13:21:50.062,12.61382,12.61667,0.00,0.00
2015.01.30 13:21:50.217,12.61382,12.61611,0.00,0.00
2015.01.30 13:21:50.525,12.61382,12.61601,0.00,0.00
2015.01.30 13:21:50.776,12.61382,12.61611,0.00,0.00
2015.01.30 13:21:51.003,12.61292,12.61611,0.00,0.00
2015.01.30 13:21:51.543,12.61292,12.61561,0.00,0.00
2015.01.30 13:21:51.654,12.61292,12.61611,0.00,0.00
2015.01.30 13:21:52.089,12.61292,12.61561,0.00,0.00
2015.01.30 13:21:52.139,12.61281,12.61561,0.00,0.00
2015.01.30 13:21:52.681,12.61281,12.61562,0.00,0.00
2015.01.30 13:21:53.642,12.61292,12.61562,0.00,0.00
2015.01.30 13:21:53.743,12.61292,12.616,0.00,0.00
2015.01.30 13:21:53.844,12.61292,12.61611,0.00,0.00
2015.01.30 13:21:54.603,12.61309,12.61637,0.00,0.00
2015.01.30 13:21:54.653,12.61382,12.61637,0.00,0.00
2015.01.30 13:21:54.754,12.61382,12.61671,0.00,0.00
2015.01.30 13:21:55.149,12.61382,12.61647,0.00,0.00
2015.01.30 13:21:56.158,12.61382,12.61611,0.00,0.00
2015.01.30 13:21:56.208,12.61291,12.61611,0.00,0.00
2015.01.30 13:21:56.259,12.61291,12.61561,0.00,0.00
2015.01.30 13:21:56.583,12.61291,12.61601,0.00,0.00
2015.01.30 13:21:56.684,12.61291,12.61612,0.00,0.00
2015.01.30 13:22:00.696,12.61381,12.61634,0.00,0.00
2015.01.30 13:22:00.797,12.61381,12.61662,0.00,0.00
2015.01.30 13:22:01.361,12.61381,12.61672,0.00,0.00
2015.01.30 13:22:01.562,12.61381,12.617,0.00,0.00
2015.01.30 13:22:01.613,12.61381,12.61703,0.00,0.00
2015.01.30 13:22:01.713,12.61392,12.61703,0.00,0.00
2015.01.30 13:22:01.764,12.61392,12.61722,0.00,0.00
2015.01.30 13:22:04.987,12.61392,12.61672,0.00,0.00
2015.01.30 13:22:05.088,12.61382,12.61672,0.00,0.00
2015.01.30 13:22:10.143,12.61391,12.61672,0.00,0.00
2015.01.30 13:22:10.244,12.61391,12.61691,0.00,0.00
2015.01.30 13:22:10.345,12.61391,12.61713,0.00,0.00
2015.01.30 13:22:10.549,12.61391,12.61721,0.00,0.00
2015.01.30 13:22:10.599,12.61391,12.61671,0.00,0.00
2015.01.30 13:22:11.132,12.61382,12.61671,0.00,0.00
2015.01.30 13:22:12.106,12.61382,12.617,0.00,0.00
2015.01.30 13:22:12.157,12.61392,12.617,0.00,0.00
2015.01.30 13:22:12.207,12.61392,12.61722,0.00,0.00
2015.01.30 13:22:13.017,12.61392,12.61672,0.00,0.00
2015.01.30 13:22:13.332,12.61382,12.61612,0.00,0.00
2015.01.30 13:22:14.103,12.61291,12.61612,0.00,0.00
2015.01.30 13:22:14.231,12.61291,12.61601,0.00,0.00
2015.01.30 13:22:15.128,12.61281,12.616,0.00,0.00
2015.01.30 13:22:15.178,12.61281,12.61551,0.00,0.00
2015.01.30 13:22:16.711,12.61281,12.61488,0.00,0.00
2015.01.30 13:22:16.762,12.61181,12.61462,0.00,0.00
2015.01.30 13:22:16.863,12.61181,12.61412,0.00,0.00
2015.01.30 13:22:17.215,12.61181,12.614,0.00,0.00
2015.01.30 13:22:17.430,12.61081,12.61361,0.00,0.00
2015.01.30 13:22:17.531,12.61081,12.61311,0.00,0.00
2015.01.30 13:22:17.946,12.61081,12.61261,0.00,0.00
2015.01.30 13:22:18.097,12.60997,12.61262,0.00,0.00
2015.01.30 13:22:18.597,12.60984,12.61262,0.00,0.00
2015.01.30 13:22:18.998,12.61,12.61262,0.00,0.00
2015.01.30 13:22:19.903,12.61,12.6129,0.00,0.00
2015.01.30 13:22:20.003,12.61,12.61311,0.00,0.00
2015.01.30 13:22:20.221,12.61015,12.61311,0.00,0.00
2015.01.30 13:22:20.780,12.61039,12.61311,0.00,0.00
2015.01.30 13:22:21.122,12.61329,12.61578,0.00,0.00
2015.01.30 13:22:21.223,12.61329,12.6159,0.00,0.00
2015.01.30 13:22:21.274,12.61282,12.6159,0.00,0.00
2015.01.30 13:22:21.327,12.61318,12.61602,0.00,0.00
2015.01.30 13:22:21.681,12.61285,12.61552,0.00,0.00
2015.01.30 13:22:22.024,12.61291,12.61552,0.00,0.00
2015.01.30 13:22:22.129,12.61309,12.61611,0.00,0.00
2015.01.30 13:22:22.292,12.61328,12.61611,0.00,0.00
2015.01.30 13:22:22.581,12.61313,12.61611,0.00,0.00
2015.01.30 13:22:23.095,12.61299,12.61611,0.00,0.00
2015.01.30 13:22:23.670,12.61299,12.61562,0.00,0.00
2015.01.30 13:22:23.821,12.61284,12.61562,0.00,0.00
2015.01.30 13:22:24.185,12.61312,12.61562,0.00,0.00
2015.01.30 13:22:24.235,12.61329,12.61601,0.00,0.00
2015.01.30 13:22:24.286,12.61355,12.61601,0.00,0.00
2015.01.30 13:22:24.336,12.61381,12.61661,0.00,0.00
2015.01.30 13:22:24.792,12.61401,12.61661,0.00,0.00
2015.01.30 13:22:25.102,12.61481,12.61771,0.00,0.00
2015.01.30 13:22:25.613,12.61481,12.61771,0.00,0.00
2015.01.30 13:22:25.984,12.61479,12.61771,0.00,0.00
2015.01.30 13:22:26.085,12.61449,12.61771,0.00,0.00
2015.01.30 13:22:26.443,12.61458,12.61771,0.00,0.00
2015.01.30 13:22:26.795,12.61449,12.61771,0.00,0.00
2015.01.30 13:22:26.896,12.61474,12.61771,0.00,0.00
2015.01.30 13:22:27.828,12.61474,12.61771,0.00,0.00
2015.01.30 13:22:28.703,12.61464,12.61771,0.00,0.00
2015.01.30 13:22:28.854,12.61379,12.6167,0.00,0.00
2015.01.30 13:22:29.062,12.61307,12.61612,0.00,0.00
2015.01.30 13:22:29.163,12.61296,12.61562,0.00,0.00
2015.01.30 13:22:29.332,12.61271,12.61562,0.00,0.00
2015.01.30 13:22:29.615,12.61299,12.61562,0.00,0.00
2015.01.30 13:22:29.975,12.61314,12.61562,0.00,0.00
2015.01.30 13:22:30.026,12.61283,12.61562,0.00,0.00
2015.01.30 13:22:30.455,12.61299,12.61562,0.00,0.00
2015.01.30 13:22:31.150,12.61315,12.61562,0.00,0.00
2015.01.30 13:22:31.918,12.61287,12.61562,0.00,0.00
2015.01.30 13:22:33.222,12.61302,12.61562,0.00,0.00
2015.01.30 13:22:33.620,12.61287,12.61562,0.00,0.00
2015.01.30 13:22:33.724,12.61314,12.61562,0.00,0.00
2015.01.30 13:22:34.125,12.61288,12.61562,0.00,0.00
2015.01.30 13:22:34.668,12.61314,12.61562,0.00,0.00
2015.01.30 13:22:35.179,12.61288,12.61562,0.00,0.00
2015.01.30 13:22:36.676,12.61301,12.61562,0.00,0.00
2015.01.30 13:22:37.235,12.61283,12.61562,0.00,0.00
2015.01.30 13:22:37.537,12.61262,12.61562,0.00,0.00
2015.01.30 13:22:38.083,12.61232,12.61512,0.00,0.00
2015.01.30 13:22:38.138,12.6118,12.61512,0.00,0.00
2015.01.30 13:22:38.189,12.6118,12.61462,0.00,0.00
2015.01.30 13:22:39.540,12.61191,12.61462,0.00,0.00
2015.01.30 13:22:39.741,12.61174,12.61462,0.00,0.00
2015.01.30 13:22:40.673,12.61194,12.61462,0.00,0.00
2015.01.30 13:22:41.958,12.61176,12.61462,0.00,0.00
2015.01.30 13:22:42.146,12.61189,12.61462,0.00,0.00
2015.01.30 13:22:42.568,12.61214,12.61462,0.00,0.00
2015.01.30 13:22:44.049,12.61193,12.61462,0.00,0.00
2015.01.30 13:22:44.099,12.61229,12.61462,0.00,0.00
2015.01.30 13:22:44.351,12.61239,12.61512,0.00,0.00
2015.01.30 13:22:44.653,12.61269,12.61562,0.00,0.00
2015.01.30 13:22:45.051,12.61227,12.61562,0.00,0.00
2015.01.30 13:22:45.102,12.61227,12.61511,0.00,0.00
2015.01.30 13:22:45.203,12.61227,12.61541,0.00,0.00
2015.01.30 13:22:45.353,12.61227,12.61512,0.00,0.00
2015.01.30 13:22:45.653,12.6121,12.61512,0.00,0.00
2015.01.30 13:22:45.768,12.61225,12.61512,0.00,0.00
2015.01.30 13:22:46.298,12.6125,12.61512,0.00,0.00
2015.01.30 13:22:46.662,12.61259,12.61541,0.00,0.00
2015.01.30 13:22:46.773,12.6125,12.61512,0.00,0.00
2015.01.30 13:22:46.877,12.61201,12.61511,0.00,0.00
2015.01.30 13:22:46.979,12.61205,12.61512,0.00,0.00
2015.01.30 13:22:47.331,12.61247,12.61512,0.00,0.00
2015.01.30 13:22:47.381,12.61234,12.61512,0.00,0.00
2015.01.30 13:22:47.504,12.61247,12.61512,0.00,0.00
2015.01.30 13:22:47.554,12.61247,12.6154,0.00,0.00
2015.01.30 13:22:47.605,12.61257,12.61561,0.00,0.00
2015.01.30 13:22:47.986,12.61245,12.61561,0.00,0.00
2015.01.30 13:22:48.089,12.61267,12.61561,0.00,0.00
2015.01.30 13:22:48.396,12.61287,12.61561,0.00,0.00
2015.01.30 13:22:48.498,12.61267,12.61561,0.00,0.00
2015.01.30 13:22:48.701,12.61296,12.61561,0.00,0.00
2015.01.30 13:22:48.889,12.61278,12.61561,0.00,0.00
2015.01.30 13:22:48.990,12.61287,12.61561,0.00,0.00
2015.01.30 13:22:49.308,12.61277,12.61561,0.00,0.00
2015.01.30 13:22:49.361,12.61268,12.61561,0.00,0.00
2015.01.30 13:22:49.411,12.61268,12.61512,0.00,0.00
2015.01.30 13:22:49.462,12.61254,12.61512,0.00,0.00
2015.01.30 13:22:49.602,12.61254,12.61541,0.00,0.00
2015.01.30 13:22:49.653,12.61254,12.61561,0.00,0.00
2015.01.30 13:22:49.703,12.61278,12.61561,0.00,0.00
2015.01.30 13:22:50.480,12.61267,12.61561,0.00,0.00
2015.01.30 13:22:50.581,12.61277,12.61561,0.00,0.00
2015.01.30 13:22:50.790,12.61267,12.61561,0.00,0.00
2015.01.30 13:22:51.079,12.61322,12.61612,0.00,0.00
2015.01.30 13:22:51.384,12.61348,12.61612,0.00,0.00
2015.01.30 13:22:52.290,12.61357,12.61612,0.00,0.00
2015.01.30 13:22:52.390,12.61357,12.61661,0.00,0.00
2015.01.30 13:22:52.491,12.61367,12.61661,0.00,0.00
2015.01.30 13:22:52.795,12.61393,12.61661,0.00,0.00
2015.01.30 13:22:52.896,12.61381,12.61661,0.00,0.00
2015.01.30 13:22:52.969,12.61397,12.61661,0.00,0.00
2015.01.30 13:22:53.200,12.6138,12.61661,0.00,0.00
2015.01.30 13:22:53.770,12.61398,12.61661,0.00,0.00
2015.01.30 13:22:53.871,12.61364,12.61661,0.00,0.00
2015.01.30 13:22:54.277,12.61355,12.61661,0.00,0.00
2015.01.30 13:22:54.689,12.61377,12.61661,0.00,0.00
2015.01.30 13:22:55.050,12.61408,12.61661,0.00,0.00
2015.01.30 13:22:55.100,12.61384,12.61661,0.00,0.00
2015.01.30 13:22:55.491,12.61404,12.61661,0.00,0.00
2015.01.30 13:22:56.025,12.61386,12.61661,0.00,0.00
2015.01.30 13:22:56.076,12.61402,12.61661,0.00,0.00
2015.01.30 13:22:56.177,12.61385,12.61661,0.00,0.00
2015.01.30 13:22:56.577,12.61402,12.61661,0.00,0.00
2015.01.30 13:22:57.580,12.61422,12.61661,0.00,0.00
2015.01.30 13:22:57.680,12.61472,12.61771,0.00,0.00
2015.01.30 13:22:57.781,12.61502,12.61722,0.00,0.00
2015.01.30 13:22:57.882,12.61502,12.61771,0.00,0.00
2015.01.30 13:22:58.885,12.61484,12.61771,0.00,0.00
2015.01.30 13:22:59.193,12.61508,12.61771,0.00,0.00
2015.01.30 13:22:59.605,12.61484,12.61771,0.00,0.00
2015.01.30 13:23:00.036,12.61498,12.61771,0.00,0.00
2015.01.30 13:23:00.523,12.61476,12.61771,0.00,0.00
2015.01.30 13:23:00.685,12.61457,12.61771,0.00,0.00
2015.01.30 13:23:00.934,12.61478,12.61771,0.00,0.00
2015.01.30 13:23:01.116,12.6145,12.61771,0.00,0.00
2015.01.30 13:23:01.166,12.6145,12.61722,0.00,0.00
2015.01.30 13:23:01.217,12.61418,12.61722,0.00,0.00
2015.01.30 13:23:01.688,12.61408,12.61722,0.00,0.00
2015.01.30 13:23:02.189,12.61423,12.61722,0.00,0.00
2015.01.30 13:23:02.703,12.61439,12.61722,0.00,0.00
2015.01.30 13:23:03.045,12.61407,12.61722,0.00,0.00
2015.01.30 13:23:03.494,12.61438,12.61722,0.00,0.00
2015.01.30 13:23:03.896,12.61403,12.61722,0.00,0.00
2015.01.30 13:23:03.947,12.61403,12.61661,0.00,0.00
2015.01.30 13:23:04.047,12.61423,12.61721,0.00,0.00
2015.01.30 13:23:04.399,12.61407,12.61721,0.00,0.00
2015.01.30 13:23:06.243,12.61407,12.61661,0.00,0.00
2015.01.30 13:23:06.298,12.61396,12.61661,0.00,0.00
2015.01.30 13:23:06.349,12.61396,12.61722,0.00,0.00
2015.01.30 13:23:06.449,12.61381,12.61662,0.00,0.00
2015.01.30 13:23:06.651,12.61381,12.61701,0.00,0.00
2015.01.30 13:23:06.701,12.61391,12.61701,0.00,0.00
2015.01.30 13:23:06.752,12.61391,12.61721,0.00,0.00
2015.01.30 13:23:06.802,12.61405,12.61721,0.00,0.00
2015.01.30 13:23:07.231,12.61406,12.61662,0.00,0.00
2015.01.30 13:23:07.332,12.61406,12.61721,0.00,0.00
2015.01.30 13:23:08.716,12.61391,12.61701,0.00,0.00
2015.01.30 13:23:08.925,12.61345,12.61662,0.00,0.00
2015.01.30 13:23:08.976,12.61345,12.61611,0.00,0.00
2015.01.30 13:23:09.026,12.61302,12.61601,0.00,0.00
2015.01.30 13:23:09.083,12.61302,12.61611,0.00,0.00
2015.01.30 13:23:09.211,12.61302,12.61562,0.00,0.00
2015.01.30 13:23:09.321,12.61302,12.61611,0.00,0.00
2015.01.30 13:23:09.441,12.61302,12.61561,0.00,0.00
2015.01.30 13:23:09.542,12.61302,12.61612,0.00,0.00
2015.01.30 13:23:10.921,12.61332,12.61612,0.00,0.00
2015.01.30 13:23:10.972,12.61332,12.61643,0.00,0.00
2015.01.30 13:23:11.072,12.61332,12.6165,0.00,0.00
2015.01.30 13:23:11.123,12.61332,12.61662,0.00,0.00
2015.01.30 13:23:11.271,12.61332,12.61561,0.00,0.00
2015.01.30 13:23:11.709,12.61256,12.61561,0.00,0.00
2015.01.30 13:23:15.233,12.61281,12.61561,0.00,0.00
2015.01.30 13:23:15.426,12.61261,12.61561,0.00,0.00
2015.01.30 13:23:15.476,12.61261,12.61511,0.00,0.00
2015.01.30 13:23:15.527,12.61215,12.61511,0.00,0.00
2015.01.30 13:23:15.627,12.61219,12.6154,0.00,0.00
2015.01.30 13:23:15.728,12.61219,12.61559,0.00,0.00
2015.01.30 13:23:15.781,12.61268,12.61559,0.00,0.00
2015.01.30 13:23:15.831,12.6128,12.6161,0.00,0.00
2015.01.30 13:23:15.932,12.61291,12.61612,0.00,0.00
2015.01.30 13:23:16.235,12.61305,12.61612,0.00,0.00
2015.01.30 13:23:16.551,12.61356,12.61612,0.00,0.00
2015.01.30 13:23:16.602,12.61356,12.61651,0.00,0.00
2015.01.30 13:23:16.705,12.61356,12.61661,0.00,0.00
2015.01.30 13:23:16.772,12.61379,12.61691,0.00,0.00
2015.01.30 13:23:16.872,12.6138,12.61721,0.00,0.00
2015.01.30 13:23:16.923,12.6139,12.61721,0.00,0.00
2015.01.30 13:23:17.024,12.61435,12.61771,0.00,0.00
2015.01.30 13:23:17.131,12.61455,12.61771,0.00,0.00
2015.01.30 13:23:17.470,12.61481,12.61771,0.00,0.00
2015.01.30 13:23:17.541,12.61481,12.6181,0.00,0.00
2015.01.30 13:23:17.642,12.61482,12.61812,0.00,0.00
2015.01.30 13:23:17.833,12.61505,12.61812,0.00,0.00
2015.01.30 13:23:18.561,12.61519,12.61849,0.00,0.00
2015.01.30 13:23:18.672,12.61526,12.61861,0.00,0.00
2015.01.30 13:23:18.722,12.61519,12.61848,0.00,0.00
2015.01.30 13:23:18.924,12.61526,12.61862,0.00,0.00
2015.01.30 13:23:19.061,12.61532,12.61862,0.00,0.00
2015.01.30 13:23:19.421,12.61571,12.61862,0.00,0.00
2015.01.30 13:23:19.741,12.61571,12.61901,0.00,0.00
2015.01.30 13:23:19.825,12.61571,12.61911,0.00,0.00
2015.01.30 13:23:19.876,12.61662,12.61911,0.00,0.00
2015.01.30 13:23:19.977,12.61662,12.61933,0.00,0.00
2015.01.30 13:23:20.077,12.61662,12.61962,0.00,0.00
2015.01.30 13:23:20.128,12.6169,12.61962,0.00,0.00
2015.01.30 13:23:20.228,12.617,12.62011,0.00,0.00
2015.01.30 13:23:20.491,12.61761,12.62011,0.00,0.00
2015.01.30 13:23:20.777,12.61761,12.62061,0.00,0.00
2015.01.30 13:23:21.177,12.61768,12.62051,0.00,0.00
2015.01.30 13:23:21.514,12.61761,12.62012,0.00,0.00
2015.01.30 13:23:21.721,12.61761,12.6204,0.00,0.00
2015.01.30 13:23:21.822,12.6178,12.62061,0.00,0.00
2015.01.30 13:23:21.922,12.61811,12.62061,0.00,0.00
2015.01.30 13:23:22.251,12.61811,12.62012,0.00,0.00
2015.01.30 13:23:22.525,12.61811,12.62059,0.00,0.00
2015.01.30 13:23:22.576,12.61811,12.62062,0.00,0.00
2015.01.30 13:23:23.267,12.61862,12.621,0.00,0.00
2015.01.30 13:23:23.318,12.61862,12.62112,0.00,0.00
2015.01.30 13:23:23.519,12.61862,12.62158,0.00,0.00
2015.01.30 13:23:23.850,12.61862,12.62111,0.00,0.00
2015.01.30 13:23:24.051,12.61862,12.62159,0.00,0.00
2015.01.30 13:23:24.334,12.61862,12.62162,0.00,0.00
2015.01.30 13:23:24.671,12.61911,12.62162,0.00,0.00
2015.01.30 13:23:25.008,12.61911,12.621,0.00,0.00
2015.01.30 13:23:25.362,12.61912,12.62012,0.00,0.00
2015.01.30 13:23:25.463,12.61705,12.62012,0.00,0.00
2015.01.30 13:23:25.859,12.61726,12.62012,0.00,0.00
2015.01.30 13:23:25.909,12.61726,12.62041,0.00,0.00
2015.01.30 13:23:26.085,12.6178,12.62062,0.00,0.00
2015.01.30 13:23:26.136,12.6178,12.62101,0.00,0.00
2015.01.30 13:23:26.237,12.6178,12.62112,0.00,0.00
2015.01.30 13:23:26.287,12.6179,12.62112,0.00,0.00
2015.01.30 13:23:26.388,12.61818,12.62148,0.00,0.00
2015.01.30 13:23:26.439,12.61818,12.62134,0.00,0.00
2015.01.30 13:23:26.590,12.6178,12.62101,0.00,0.00
2015.01.30 13:23:26.640,12.6179,12.62101,0.00,0.00
2015.01.30 13:23:26.691,12.6179,12.62111,0.00,0.00
2015.01.30 13:23:26.741,12.61815,12.62111,0.00,0.00
2015.01.30 13:23:26.792,12.61819,12.62159,0.00,0.00
2015.01.30 13:23:26.943,12.61846,12.62161,0.00,0.00
2015.01.30 13:23:28.643,12.61855,12.62161,0.00,0.00
2015.01.30 13:23:30.721,12.61855,12.62118,0.00,0.00
2015.01.30 13:23:30.771,12.61755,12.62062,0.00,0.00
2015.01.30 13:23:30.877,12.61725,12.62062,0.00,0.00
2015.01.30 13:23:31.081,12.61718,12.62058,0.00,0.00
2015.01.30 13:23:31.183,12.61716,12.62012,0.00,0.00
2015.01.30 13:23:31.290,12.61705,12.62012,0.00,0.00
2015.01.30 13:23:31.391,12.61719,12.62058,0.00,0.00
2015.01.30 13:23:31.492,12.61719,12.62011,0.00,0.00
2015.01.30 13:23:31.781,12.61606,12.61912,0.00,0.00
2015.01.30 13:23:31.881,12.61666,12.61962,0.00,0.00
2015.01.30 13:23:32.251,12.61681,12.61962,0.00,0.00
2015.01.30 13:23:32.351,12.61615,12.61911,0.00,0.00
2015.01.30 13:23:32.402,12.61618,12.61941,0.00,0.00
2015.01.30 13:23:32.452,12.61671,12.61941,0.00,0.00
2015.01.30 13:23:32.503,12.61671,12.61962,0.00,0.00
2015.01.30 13:23:32.791,12.61655,12.61962,0.00,0.00
2015.01.30 13:23:32.952,12.61671,12.61962,0.00,0.00
2015.01.30 13:23:33.288,12.6168,12.61962,0.00,0.00
2015.01.30 13:23:33.592,12.6168,12.61912,0.00,0.00
2015.01.30 13:23:33.642,12.6168,12.62012,0.00,0.00
2015.01.30 13:23:33.692,12.6169,12.62012,0.00,0.00
2015.01.30 13:23:34.007,12.61705,12.62011,0.00,0.00
2015.01.30 13:23:34.309,12.61715,12.62012,0.00,0.00
2015.01.30 13:23:34.510,12.61718,12.62041,0.00,0.00
2015.01.30 13:23:34.561,12.61735,12.62041,0.00,0.00
2015.01.30 13:23:34.767,12.61736,12.62062,0.00,0.00
2015.01.30 13:23:35.177,12.61745,12.62062,0.00,0.00
2015.01.30 13:23:35.481,12.6177,12.62111,0.00,0.00
2015.01.30 13:23:35.586,12.61791,12.62112,0.00,0.00
2015.01.30 13:23:35.740,12.61818,12.62149,0.00,0.00
2015.01.30 13:23:35.846,12.61818,12.62159,0.00,0.00
2015.01.30 13:23:35.897,12.61818,12.62144,0.00,0.00
2015.01.30 13:23:35.999,12.61818,12.62154,0.00,0.00
2015.01.30 13:23:36.100,12.61826,12.62162,0.00,0.00
2015.01.30 13:23:36.415,12.61835,12.62162,0.00,0.00
2015.01.30 13:23:36.818,12.61845,12.62162,0.00,0.00
2015.01.30 13:23:36.868,12.61835,12.62162,0.00,0.00
2015.01.30 13:23:36.969,12.61818,12.62138,0.00,0.00
2015.01.30 13:23:37.121,12.61769,12.62112,0.00,0.00
2015.01.30 13:23:37.272,12.61761,12.62062,0.00,0.00
2015.01.30 13:23:37.583,12.61724,12.62061,0.00,0.00
2015.01.30 13:23:37.875,12.61719,12.62047,0.00,0.00
2015.01.30 13:23:37.993,12.61719,12.62061,0.00,0.00
2015.01.30 13:23:38.111,12.61695,12.62012,0.00,0.00
2015.01.30 13:23:38.212,12.61669,12.62012,0.00,0.00
2015.01.30 13:23:38.363,12.61669,12.61961,0.00,0.00
2015.01.30 13:23:38.413,12.6163,12.61961,0.00,0.00
2015.01.30 13:23:38.464,12.6163,12.61941,0.00,0.00
2015.01.30 13:23:38.565,12.61568,12.61912,0.00,0.00
2015.01.30 13:23:38.917,12.61619,12.61927,0.00,0.00
2015.01.30 13:23:38.993,12.61569,12.61911,0.00,0.00
2015.01.30 13:23:39.323,12.61618,12.61927,0.00,0.00
2015.01.30 13:23:39.601,12.61618,12.61962,0.00,0.00
2015.01.30 13:23:40.614,12.61629,12.61962,0.00,0.00
2015.01.30 13:23:41.781,12.61618,12.61962,0.00,0.00
2015.01.30 13:23:43.311,12.61708,12.62017,0.00,0.00
2015.01.30 13:23:43.411,12.61669,12.62011,0.00,0.00
2015.01.30 13:23:43.720,12.61709,12.62017,0.00,0.00
2015.01.30 13:23:43.777,12.61709,12.6204,0.00,0.00
2015.01.30 13:23:43.877,12.61719,12.62051,0.00,0.00
2015.01.30 13:23:44.096,12.61758,12.62088,0.00,0.00
2015.01.30 13:23:44.408,12.61758,12.62102,0.00,0.00
2015.01.30 13:23:44.682,12.61769,12.62102,0.00,0.00
2015.01.30 13:23:44.833,12.61759,12.62101,0.00,0.00
2015.01.30 13:23:45.042,12.61749,12.62051,0.00,0.00
2015.01.30 13:23:45.193,12.61759,12.62101,0.00,0.00
2015.01.30 13:23:45.581,12.61779,12.62101,0.00,0.00
2015.01.30 13:23:45.631,12.61818,12.62148,0.00,0.00
2015.01.30 13:23:45.682,12.61818,12.62133,0.00,0.00
2015.01.30 13:23:45.732,12.61764,12.62101,0.00,0.00
2015.01.30 13:23:46.911,12.61818,12.62133,0.00,0.00
2015.01.30 13:23:47.016,12.61818,12.62148,0.00,0.00
2015.01.30 13:23:47.117,12.61854,12.62162,0.00,0.00
2015.01.30 13:23:47.167,12.61868,12.62212,0.00,0.00
2015.01.30 13:23:48.320,12.61868,12.62208,0.00,0.00
2015.01.30 13:23:48.521,12.61818,12.62162,0.00,0.00
2015.01.30 13:23:48.572,12.61868,12.62163,0.00,0.00
2015.01.30 13:23:48.723,12.61765,12.62101,0.00,0.00
2015.01.30 13:23:49.131,12.61819,12.62132,0.00,0.00
2015.01.30 13:23:49.234,12.61765,12.62101,0.00,0.00
2015.01.30 13:23:49.534,12.61759,12.621,0.00,0.00
2015.01.30 13:23:49.585,12.61749,12.62052,0.00,0.00
2015.01.30 13:23:49.685,12.61764,12.62101,0.00,0.00
2015.01.30 13:23:50.323,12.61788,12.62132,0.00,0.00
2015.01.30 13:23:50.447,12.61764,12.62071,0.00,0.00
2015.01.30 13:23:50.770,12.61898,12.62178,0.00,0.00
2015.01.30 13:23:50.850,12.61898,12.62223,0.00,0.00
2015.01.30 13:23:52.625,12.61898,12.62208,0.00,0.00
2015.01.30 13:23:52.676,12.61839,12.62182,0.00,0.00
2015.01.30 13:23:52.726,12.61838,12.62143,0.00,0.00
2015.01.30 13:23:53.050,12.61838,12.62099,0.00,0.00
2015.01.30 13:23:53.151,12.61694,12.61981,0.00,0.00
2015.01.30 13:23:53.202,12.61689,12.61998,0.00,0.00
2015.01.30 13:23:53.303,12.61639,12.61981,0.00,0.00
2015.01.30 13:23:53.621,12.61688,12.61998,0.00,0.00
2015.01.30 13:23:53.760,12.61638,12.61982,0.00,0.00
2015.01.30 13:23:54.834,12.61688,12.61998,0.00,0.00
2015.01.30 13:23:54.999,12.61688,12.62032,0.00,0.00
2015.01.30 13:23:56.970,12.61729,12.6204,0.00,0.00
2015.01.30 13:23:57.020,12.61729,12.62053,0.00,0.00
2015.01.30 13:23:59.229,12.61729,12.62023,0.00,0.00
2015.01.30 13:23:59.280,12.61689,12.62023,0.00,0.00
2015.01.30 13:23:59.840,12.61688,12.62023,0.00,0.00
2015.01.30 13:24:00.109,12.61688,12.61983,0.00,0.00
2015.01.30 13:24:00.159,12.61639,12.61981,0.00,0.00
2015.01.30 13:24:00.209,12.61639,12.61957,0.00,0.00
2015.01.30 13:24:00.642,12.61639,12.61943,0.00,0.00
2015.01.30 13:24:02.531,12.61688,12.61961,0.00,0.00
2015.01.30 13:24:02.635,12.61688,12.61996,0.00,0.00
2015.01.30 13:24:02.736,12.61688,12.62011,0.00,0.00
2015.01.30 13:24:03.346,12.61729,12.62031,0.00,0.00
2015.01.30 13:24:03.859,12.61728,12.62031,0.00,0.00
2015.01.30 13:24:04.424,12.61688,12.62031,0.00,0.00
2015.01.30 13:24:04.650,12.61688,12.62015,0.00,0.00
2015.01.30 13:24:05.395,12.61648,12.61982,0.00,0.00
2015.01.30 13:24:05.646,12.61689,12.62015,0.00,0.00
2015.01.30 13:24:06.472,12.61689,12.62031,0.00,0.00
2015.01.30 13:24:06.522,12.61728,12.62031,0.00,0.00
2015.01.30 13:24:06.623,12.61688,12.62031,0.00,0.00
2015.01.30 13:24:06.724,12.61728,12.62031,0.00,0.00
2015.01.30 13:24:06.932,12.61689,12.62031,0.00,0.00
2015.01.30 13:24:07.133,12.61688,12.62016,0.00,0.00
2015.01.30 13:24:09.681,12.61647,12.61982,0.00,0.00
2015.01.30 13:24:09.731,12.61653,12.61982,0.00,0.00
2015.01.30 13:24:10.076,12.61689,12.62,0.00,0.00
2015.01.30 13:24:10.414,12.61728,12.6203,0.00,0.00
2015.01.30 13:24:10.464,12.61688,12.6203,0.00,0.00
2015.01.30 13:24:10.574,12.61688,12.62016,0.00,0.00
2015.01.30 13:24:11.552,12.61647,12.61981,0.00,0.00
2015.01.30 13:24:11.632,12.61639,12.61981,0.00,0.00
2015.01.30 13:24:11.733,12.61663,12.61981,0.00,0.00
2015.01.30 13:24:11.905,12.61689,12.6203,0.00,0.00
2015.01.30 13:24:12.777,12.61729,12.6203,0.00,0.00
2015.01.30 13:24:12.878,12.61689,12.6203,0.00,0.00
2015.01.30 13:24:15.046,12.61689,12.6197,0.00,0.00
2015.01.30 13:24:15.097,12.61638,12.6197,0.00,0.00
2015.01.30 13:24:15.147,12.61638,12.61946,0.00,0.00
2015.01.30 13:24:15.538,12.61638,12.6196,0.00,0.00
2015.01.30 13:24:15.939,12.61638,12.61941,0.00,0.00
2015.01.30 13:24:15.990,12.61588,12.61932,0.00,0.00
2015.01.30 13:24:16.040,12.61588,12.61921,0.00,0.00
2015.01.30 13:24:16.309,12.61538,12.61881,0.00,0.00
2015.01.30 13:24:17.056,12.61492,12.61831,0.00,0.00
2015.01.30 13:24:17.484,12.61489,12.6182,0.00,0.00
2015.01.30 13:24:17.838,12.61453,12.61792,0.00,0.00
2015.01.30 13:24:17.888,12.61448,12.6173,0.00,0.00
2015.01.30 13:24:18.944,12.61448,12.61743,0.00,0.00
2015.01.30 13:24:19.277,12.61488,12.61805,0.00,0.00
2015.01.30 13:24:19.566,12.61488,12.61831,0.00,0.00
2015.01.30 13:24:19.617,12.61539,12.61831,0.00,0.00
2015.01.30 13:24:19.667,12.61539,12.61871,0.00,0.00
2015.01.30 13:24:20.027,12.61588,12.61871,0.00,0.00
2015.01.30 13:24:20.078,12.61588,12.6191,0.00,0.00
2015.01.30 13:24:20.178,12.61588,12.61906,0.00,0.00
2015.01.30 13:24:20.279,12.61588,12.6192,0.00,0.00
2015.01.30 13:24:20.380,12.61639,12.6192,0.00,0.00
2015.01.30 13:24:20.480,12.61589,12.61931,0.00,0.00
2015.01.30 13:24:20.585,12.61639,12.6195,0.00,0.00
2015.01.30 13:24:20.900,12.61588,12.61931,0.00,0.00
2015.01.30 13:24:21.193,12.61588,12.61916,0.00,0.00
2015.01.30 13:24:21.244,12.61547,12.61882,0.00,0.00
2015.01.30 13:24:21.359,12.61538,12.61882,0.00,0.00
2015.01.30 13:24:21.563,12.61589,12.61895,0.00,0.00
2015.01.30 13:24:21.649,12.61589,12.6192,0.00,0.00
2015.01.30 13:24:25.232,12.61639,12.6192,0.00,0.00
2015.01.30 13:24:25.333,12.61588,12.6192,0.00,0.00
2015.01.30 13:24:27.058,12.61588,12.61906,0.00,0.00
2015.01.30 13:24:27.108,12.61539,12.61881,0.00,0.00
2015.01.30 13:24:27.941,12.61512,12.61832,0.00,0.00
2015.01.30 13:24:28.051,12.61539,12.61881,0.00,0.00
2015.01.30 13:24:28.310,12.61588,12.61895,0.00,0.00
2015.01.30 13:24:28.464,12.61588,12.61921,0.00,0.00
2015.01.30 13:24:29.075,12.61552,12.61882,0.00,0.00
2015.01.30 13:24:30.070,12.61512,12.61821,0.00,0.00
2015.01.30 13:24:30.120,12.615,12.61821,0.00,0.00
2015.01.30 13:24:30.171,12.61462,12.61782,0.00,0.00
2015.01.30 13:24:30.572,12.61479,12.61782,0.00,0.00
2015.01.30 13:24:30.800,12.61463,12.61781,0.00,0.00
2015.01.30 13:24:31.177,12.61438,12.61742,0.00,0.00
2015.01.30 13:24:32.366,12.61412,12.61742,0.00,0.00
2015.01.30 13:24:33.067,12.61408,12.61742,0.00,0.00
2015.01.30 13:24:33.595,12.61538,12.61782,0.00,0.00
2015.01.30 13:24:33.695,12.61602,12.61929,0.00,0.00
2015.01.30 13:24:33.796,12.61602,12.61931,0.00,0.00
2015.01.30 13:24:36.301,12.61602,12.61892,0.00,0.00
2015.01.30 13:24:44.590,12.61611,12.61892,0.00,0.00
2015.01.30 13:24:44.691,12.61627,12.61942,0.00,0.00
2015.01.30 13:24:44.791,12.61627,12.61891,0.00,0.00
2015.01.30 13:24:44.892,12.61627,12.61942,0.00,0.00
2015.01.30 13:24:44.993,12.61611,12.61891,0.00,0.00
2015.01.30 13:24:45.508,12.61711,12.61891,0.00,0.00
2015.01.30 13:24:46.122,12.61711,12.61942,0.00,0.00
2015.01.30 13:24:46.829,12.61762,12.61942,0.00,0.00
2015.01.30 13:24:48.481,12.61702,12.61942,0.00,0.00
2015.01.30 13:24:48.619,12.61702,12.61892,0.00,0.00
2015.01.30 13:24:48.895,12.61611,12.61802,0.00,0.00
2015.01.30 13:24:50.302,12.61611,12.61751,0.00,0.00
2015.01.30 13:24:50.353,12.61561,12.61751,0.00,0.00
2015.01.30 13:24:51.629,12.61501,12.61751,0.00,0.00
2015.01.30 13:24:53.523,12.61467,12.61751,0.00,0.00
2015.01.30 13:24:53.574,12.61467,12.61701,0.00,0.00
2015.01.30 13:24:53.624,12.61452,12.61701,0.00,0.00
2015.01.30 13:24:53.725,12.61452,12.61752,0.00,0.00
2015.01.30 13:24:54.421,12.61451,12.61752,0.00,0.00
2015.01.30 13:24:54.472,12.61451,12.61702,0.00,0.00
2015.01.30 13:24:55.038,12.61451,12.61651,0.00,0.00
2015.01.30 13:24:55.089,12.61401,12.61651,0.00,0.00
2015.01.30 13:24:55.549,12.61401,12.61602,0.00,0.00
2015.01.30 13:24:55.701,12.61401,12.61651,0.00,0.00
2015.01.30 13:24:56.006,12.61401,12.61702,0.00,0.00
2015.01.30 13:24:56.157,12.61501,12.61702,0.00,0.00
2015.01.30 13:24:56.257,12.61501,12.61752,0.00,0.00
2015.01.30 13:24:56.658,12.61501,12.61702,0.00,0.00
2015.01.30 13:24:56.809,12.61501,12.61712,0.00,0.00
2015.01.30 13:24:56.910,12.61401,12.61712,0.00,0.00
2015.01.30 13:24:57.011,12.61401,12.61602,0.00,0.00
2015.01.30 13:24:57.559,12.61401,12.61552,0.00,0.00
2015.01.30 13:24:57.610,12.61301,12.61552,0.00,0.00
2015.01.30 13:24:58.080,12.61301,12.61502,0.00,0.00
2015.01.30 13:24:58.231,12.61301,12.61551,0.00,0.00
2015.01.30 13:24:58.713,12.61304,12.61551,0.00,0.00
2015.01.30 13:24:59.000,12.61282,12.61552,0.00,0.00
2015.01.30 13:24:59.100,12.61267,12.61552,0.00,0.00
2015.01.30 13:24:59.151,12.61289,12.61552,0.00,0.00
2015.01.30 13:24:59.313,12.61267,12.61552,0.00,0.00
2015.01.30 13:24:59.536,12.61252,12.61502,0.00,0.00
2015.01.30 13:24:59.639,12.61277,12.61552,0.00,0.00
2015.01.30 13:24:59.813,12.61262,12.61552,0.00,0.00
2015.01.30 13:24:59.864,12.61262,12.61491,0.00,0.00
2015.01.30 13:25:00.065,12.61351,12.61591,0.00,0.00
2015.01.30 13:25:00.419,12.61351,12.61541,0.00,0.00
2015.01.30 13:25:01.354,12.61301,12.61541,0.00,0.00
2015.01.30 13:25:01.405,12.61301,12.61591,0.00,0.00
2015.01.30 13:25:01.455,12.61317,12.61591,0.00,0.00
2015.01.30 13:25:01.760,12.61301,12.61541,0.00,0.00
2015.01.30 13:25:02.420,12.61301,12.61492,0.00,0.00
2015.01.30 13:25:02.742,12.61252,12.61492,0.00,0.00
2015.01.30 13:25:02.843,12.61272,12.61542,0.00,0.00
2015.01.30 13:25:02.944,12.61272,12.61492,0.00,0.00
2015.01.30 13:25:03.222,12.61254,12.61492,0.00,0.00
2015.01.30 13:25:03.408,12.61351,12.61541,0.00,0.00
2015.01.30 13:25:03.609,12.61351,12.61592,0.00,0.00
2015.01.30 13:25:03.911,12.61351,12.61492,0.00,0.00
2015.01.30 13:25:04.213,12.61221,12.61442,0.00,0.00
2015.01.30 13:25:04.465,12.61235,12.61441,0.00,0.00
2015.01.30 13:25:04.565,12.61221,12.61441,0.00,0.00
2015.01.30 13:25:05.375,12.61221,12.61392,0.00,0.00
2015.01.30 13:25:05.476,12.61221,12.61442,0.00,0.00
2015.01.30 13:25:05.627,12.6123,12.61442,0.00,0.00
2015.01.30 13:25:05.826,12.61221,12.61442,0.00,0.00
2015.01.30 13:25:05.977,12.61271,12.61442,0.00,0.00
2015.01.30 13:25:06.027,12.61271,12.61492,0.00,0.00
2015.01.30 13:25:06.128,12.61271,12.61442,0.00,0.00
2015.01.30 13:25:06.377,12.61287,12.61492,0.00,0.00
2015.01.30 13:25:06.428,12.61275,12.61492,0.00,0.00
2015.01.30 13:25:06.731,12.61291,12.61492,0.00,0.00
2015.01.30 13:25:06.782,12.61291,12.61542,0.00,0.00
2015.01.30 13:25:06.832,12.61306,12.61542,0.00,0.00
2015.01.30 13:25:06.883,12.61306,12.61591,0.00,0.00
2015.01.30 13:25:06.933,12.61371,12.61591,0.00,0.00
2015.01.30 13:25:08.131,12.61371,12.61542,0.00,0.00
2015.01.30 13:25:08.352,12.61321,12.61542,0.00,0.00
2015.01.30 13:25:09.100,12.61321,12.61492,0.00,0.00
2015.01.30 13:25:09.251,12.61221,12.61442,0.00,0.00
2015.01.30 13:25:09.458,12.61221,12.61492,0.00,0.00
2015.01.30 13:25:09.559,12.61221,12.61442,0.00,0.00
2015.01.30 13:25:10.510,12.61221,12.61392,0.00,0.00
2015.01.30 13:25:10.561,12.61197,12.61392,0.00,0.00
2015.01.30 13:25:10.661,12.61177,12.61392,0.00,0.00
2015.01.30 13:25:11.294,12.61177,12.61442,0.00,0.00
2015.01.30 13:25:11.445,12.61272,12.61442,0.00,0.00
2015.01.30 13:25:11.646,12.61272,12.61491,0.00,0.00
2015.01.30 13:25:13.083,12.61222,12.61441,0.00,0.00
2015.01.30 13:25:13.655,12.61222,12.61442,0.00,0.00
2015.01.30 13:25:14.730,12.61271,12.61442,0.00,0.00
2015.01.30 13:25:14.831,12.61271,12.61492,0.00,0.00
2015.01.30 13:25:15.652,12.61272,12.61492,0.00,0.00
2015.01.30 13:25:15.789,12.61272,12.61542,0.00,0.00
2015.01.30 13:25:15.840,12.61282,12.61542,0.00,0.00
2015.01.30 13:25:16.159,12.61297,12.61542,0.00,0.00
2015.01.30 13:25:16.260,12.61322,12.61592,0.00,0.00
2015.01.30 13:25:16.469,12.61322,12.61541,0.00,0.00
2015.01.30 13:25:17.599,12.61298,12.61541,0.00,0.00
2015.01.30 13:25:17.700,12.61277,12.61491,0.00,0.00
2015.01.30 13:25:18.050,12.61271,12.61491,0.00,0.00
2015.01.30 13:25:19.497,12.61321,12.61491,0.00,0.00
2015.01.30 13:25:19.547,12.61321,12.61541,0.00,0.00
2015.01.30 13:25:19.970,12.61321,12.61492,0.00,0.00
2015.01.30 13:25:20.549,12.61321,12.61542,0.00,0.00
2015.01.30 13:25:21.110,12.61321,12.61541,0.00,0.00
2015.01.30 13:25:21.819,12.61297,12.61541,0.00,0.00
2015.01.30 13:25:21.870,12.61272,12.61491,0.00,0.00
2015.01.30 13:25:22.659,12.61372,12.61542,0.00,0.00
2015.01.30 13:25:23.191,12.61372,12.61592,0.00,0.00
2015.01.30 13:25:23.292,12.61372,12.61542,0.00,0.00
2015.01.30 13:25:23.572,12.61295,12.61492,0.00,0.00
2015.01.30 13:25:23.672,12.61295,12.61541,0.00,0.00
2015.01.30 13:25:24.070,12.61306,12.61542,0.00,0.00
2015.01.30 13:25:24.307,12.61306,12.61592,0.00,0.00
2015.01.30 13:25:24.408,12.61316,12.61592,0.00,0.00
2015.01.30 13:25:24.727,12.61372,12.61651,0.00,0.00
2015.01.30 13:25:24.777,12.61372,12.61639,0.00,0.00
2015.01.30 13:25:25.079,12.61372,12.61491,0.00,0.00
2015.01.30 13:25:25.180,12.61372,12.61541,0.00,0.00
2015.01.30 13:25:25.841,12.61321,12.61541,0.00,0.00
2015.01.30 13:25:25.913,12.61321,12.61592,0.00,0.00
2015.01.30 13:25:26.068,12.61321,12.61542,0.00,0.00
2015.01.30 13:25:26.292,12.61321,12.61592,0.00,0.00
2015.01.30 13:25:26.544,12.61421,12.61592,0.00,0.00
2015.01.30 13:25:26.710,12.61421,12.61652,0.00,0.00
2015.01.30 13:25:27.122,12.61421,12.61592,0.00,0.00
2015.01.30 13:25:27.974,12.61372,12.61592,0.00,0.00
2015.01.30 13:25:33.718,12.61322,12.61592,0.00,0.00
2015.01.30 13:25:33.768,12.61322,12.61541,0.00,0.00
2015.01.30 13:25:35.770,12.61362,12.61541,0.00,0.00
2015.01.30 13:25:39.219,12.61312,12.61541,0.00,0.00
2015.01.30 13:25:39.338,12.61312,12.61492,0.00,0.00
2015.01.30 13:25:41.310,12.61312,12.61442,0.00,0.00
2015.01.30 13:25:41.410,12.61262,12.61442,0.00,0.00
2015.01.30 13:25:41.571,12.61262,12.61392,0.00,0.00
2015.01.30 13:25:41.971,12.61262,12.61441,0.00,0.00
2015.01.30 13:25:44.143,12.61211,12.61441,0.00,0.00
2015.01.30 13:25:44.193,12.61211,12.61391,0.00,0.00
2015.01.30 13:25:44.309,12.61211,12.61441,0.00,0.00
2015.01.30 13:25:45.560,12.61261,12.61441,0.00,0.00
2015.01.30 13:25:48.790,12.61261,12.61391,0.00,0.00
2015.01.30 13:25:48.891,12.61211,12.61391,0.00,0.00
2015.01.30 13:25:49.042,12.61211,12.61341,0.00,0.00
2015.01.30 13:25:49.570,12.61211,12.61342,0.00,0.00
2015.01.30 13:25:50.222,12.61103,12.61292,0.00,0.00
2015.01.30 13:25:50.323,12.61162,12.61292,0.00,0.00
2015.01.30 13:25:50.440,12.61162,12.61342,0.00,0.00
2015.01.30 13:25:50.989,12.61162,12.61391,0.00,0.00
2015.01.30 13:25:51.040,12.61169,12.61391,0.00,0.00
2015.01.30 13:25:51.648,12.61211,12.61391,0.00,0.00
2015.01.30 13:25:51.760,12.61211,12.61491,0.00,0.00
2015.01.30 13:25:51.979,12.61219,12.61491,0.00,0.00
2015.01.30 13:25:52.379,12.61312,12.61492,0.00,0.00
2015.01.30 13:25:57.312,12.61312,12.61502,0.00,0.00
2015.01.30 13:25:59.130,12.61412,12.61551,0.00,0.00
2015.01.30 13:25:59.739,12.61412,12.61552,0.00,0.00
2015.01.30 13:25:59.969,12.61321,12.61552,0.00,0.00
2015.01.30 13:26:03.379,12.61301,12.61552,0.00,0.00
2015.01.30 13:26:06.350,12.61352,12.61552,0.00,0.00
2015.01.30 13:26:06.401,12.61352,12.61602,0.00,0.00
2015.01.30 13:26:06.855,12.61352,12.6169,0.00,0.00
2015.01.30 13:26:06.906,12.61379,12.61691,0.00,0.00
2015.01.30 13:26:07.268,12.61353,12.61661,0.00,0.00
2015.01.30 13:26:08.487,12.61352,12.61661,0.00,0.00
2015.01.30 13:26:11.978,12.61334,12.61541,0.00,0.00
2015.01.30 13:26:12.029,12.61251,12.61502,0.00,0.00
2015.01.30 13:26:12.230,12.61251,12.61402,0.00,0.00
2015.01.30 13:26:12.421,12.61145,12.61402,0.00,0.00
2015.01.30 13:26:12.472,12.61145,12.61352,0.00,0.00
2015.01.30 13:26:12.522,12.61129,12.61352,0.00,0.00
2015.01.30 13:26:12.623,12.6117,12.61402,0.00,0.00
2015.01.30 13:26:12.824,12.61185,12.61402,0.00,0.00
2015.01.30 13:26:12.930,12.61175,12.61402,0.00,0.00
2015.01.30 13:26:12.981,12.61252,12.61402,0.00,0.00
2015.01.30 13:26:13.031,12.61252,12.61502,0.00,0.00
2015.01.30 13:26:13.237,12.61259,12.61502,0.00,0.00
2015.01.30 13:26:16.841,12.61211,12.61502,0.00,0.00
2015.01.30 13:26:16.891,12.61211,12.61452,0.00,0.00
2015.01.30 13:26:17.394,12.61211,12.61451,0.00,0.00
2015.01.30 13:26:18.194,12.61211,12.61401,0.00,0.00
2015.01.30 13:26:18.245,12.61169,12.61401,0.00,0.00
2015.01.30 13:26:18.346,12.6111,12.61351,0.00,0.00
2015.01.30 13:26:22.075,12.61135,12.61351,0.00,0.00
2015.01.30 13:26:22.127,12.61135,12.61402,0.00,0.00
2015.01.30 13:26:22.177,12.61169,12.61402,0.00,0.00
2015.01.30 13:26:23.012,12.6116,12.61402,0.00,0.00
2015.01.30 13:26:23.079,12.61131,12.61402,0.00,0.00
2015.01.30 13:26:25.080,12.61129,12.61402,0.00,0.00
2015.01.30 13:26:25.131,12.6111,12.61351,0.00,0.00
2015.01.30 13:26:27.249,12.61132,12.61351,0.00,0.00
2015.01.30 13:26:27.299,12.61132,12.61401,0.00,0.00
2015.01.30 13:26:27.404,12.61132,12.61351,0.00,0.00
2015.01.30 13:26:28.679,12.61109,12.61351,0.00,0.00
2015.01.30 13:26:31.022,12.61042,12.61351,0.00,0.00
2015.01.30 13:26:31.072,12.61042,12.61302,0.00,0.00
2015.01.30 13:26:31.395,12.61042,12.61251,0.00,0.00
2015.01.30 13:26:31.445,12.60969,12.61251,0.00,0.00
2015.01.30 13:26:31.495,12.60969,12.61211,0.00,0.00
2015.01.30 13:26:31.599,12.60969,12.61252,0.00,0.00
2015.01.30 13:26:31.650,12.60984,12.61252,0.00,0.00
2015.01.30 13:26:31.951,12.60994,12.61212,0.00,0.00
2015.01.30 13:26:32.052,12.6097,12.61212,0.00,0.00
2015.01.30 13:26:32.931,12.60959,12.61212,0.00,0.00
2015.01.30 13:26:33.518,12.60959,12.61188,0.00,0.00
2015.01.30 13:26:33.770,12.60659,12.60989,0.00,0.00
2015.01.30 13:26:33.820,12.60608,12.60881,0.00,0.00
2015.01.30 13:26:34.122,12.60483,12.60671,0.00,0.00
2015.01.30 13:26:34.172,12.60389,12.60578,0.00,0.00
2015.01.30 13:26:34.273,12.6039,12.60584,0.00,0.00
2015.01.30 13:26:34.374,12.60091,12.60402,0.00,0.00
2015.01.30 13:26:34.474,12.60158,12.60402,0.00,0.00
2015.01.30 13:26:34.575,12.6018,12.60489,0.00,0.00
2015.01.30 13:26:34.676,12.60269,12.60489,0.00,0.00
2015.01.30 13:26:34.776,12.60283,12.60552,0.00,0.00
2015.01.30 13:26:34.879,12.60283,12.60602,0.00,0.00
2015.01.30 13:26:35.030,12.60283,12.60551,0.00,0.00
2015.01.30 13:26:35.080,12.6026,12.60551,0.00,0.00
2015.01.30 13:26:35.131,12.6026,12.60601,0.00,0.00
2015.01.30 13:26:35.181,12.60289,12.60601,0.00,0.00
2015.01.30 13:26:35.513,12.60248,12.60501,0.00,0.00
2015.01.30 13:26:35.693,12.60293,12.60552,0.00,0.00
2015.01.30 13:26:35.744,12.60311,12.60552,0.00,0.00
2015.01.30 13:26:36.042,12.60287,12.60552,0.00,0.00
2015.01.30 13:26:36.093,12.60287,12.60502,0.00,0.00
2015.01.30 13:26:36.143,12.60252,12.60502,0.00,0.00
2015.01.30 13:26:36.244,12.60216,12.60502,0.00,0.00
2015.01.30 13:26:36.344,12.60228,12.60502,0.00,0.00
2015.01.30 13:26:36.671,12.60206,12.60451,0.00,0.00
2015.01.30 13:26:37.019,12.60218,12.60451,0.00,0.00
2015.01.30 13:26:37.069,12.60206,12.60451,0.00,0.00
2015.01.30 13:26:37.379,12.60217,12.60451,0.00,0.00
2015.01.30 13:26:37.883,12.60206,12.60451,0.00,0.00
2015.01.30 13:26:38.284,12.60191,12.60451,0.00,0.00
2015.01.30 13:26:38.335,12.60191,12.60401,0.00,0.00
2015.01.30 13:26:38.385,12.60182,12.60401,0.00,0.00
2015.01.30 13:26:38.953,12.60162,12.60401,0.00,0.00
2015.01.30 13:26:39.065,12.60151,12.60401,0.00,0.00
2015.01.30 13:26:39.371,12.60136,12.60401,0.00,0.00
2015.01.30 13:26:39.637,12.60106,12.60351,0.00,0.00
2015.01.30 13:26:39.981,12.60124,12.60351,0.00,0.00
2015.01.30 13:26:40.083,12.60108,12.60351,0.00,0.00
2015.01.30 13:26:40.289,12.60108,12.60302,0.00,0.00
2015.01.30 13:26:40.391,12.60087,12.60302,0.00,0.00
2015.01.30 13:26:40.645,12.60087,12.60351,0.00,0.00
2015.01.30 13:26:40.696,12.60107,12.60351,0.00,0.00
2015.01.30 13:26:41.039,12.60124,12.60302,0.00,0.00
2015.01.30 13:26:41.190,12.60119,12.60351,0.00,0.00
2015.01.30 13:26:41.291,12.60119,12.60302,0.00,0.00
2015.01.30 13:26:41.411,12.60054,12.60302,0.00,0.00
2015.01.30 13:26:41.511,12.60079,12.60252,0.00,0.00
2015.01.30 13:26:41.612,12.60179,12.60451,0.00,0.00
2015.01.30 13:26:41.666,12.60241,12.60451,0.00,0.00
2015.01.30 13:26:41.717,12.60241,12.60501,0.00,0.00
2015.01.30 13:26:41.767,12.60305,12.60501,0.00,0.00
2015.01.30 13:26:41.868,12.60282,12.60501,0.00,0.00
2015.01.30 13:26:42.067,12.60305,12.60501,0.00,0.00
2015.01.30 13:26:42.499,12.60312,12.60501,0.00,0.00
2015.01.30 13:26:43.474,12.6026,12.60501,0.00,0.00
2015.01.30 13:26:43.575,12.60247,12.60452,0.00,0.00
2015.01.30 13:26:43.971,12.60261,12.60452,0.00,0.00
2015.01.30 13:26:44.278,12.60223,12.60402,0.00,0.00
2015.01.30 13:26:44.584,12.60223,12.60452,0.00,0.00
2015.01.30 13:26:44.685,12.60236,12.60452,0.00,0.00
2015.01.30 13:26:45.041,12.60251,12.60452,0.00,0.00
2015.01.30 13:26:45.346,12.60218,12.60451,0.00,0.00
2015.01.30 13:26:45.396,12.60279,12.60451,0.00,0.00
2015.01.30 13:26:45.698,12.60327,12.60552,0.00,0.00
2015.01.30 13:26:46.377,12.60314,12.60552,0.00,0.00
2015.01.30 13:26:46.523,12.60298,12.60552,0.00,0.00
2015.01.30 13:26:46.625,12.60278,12.60552,0.00,0.00
2015.01.30 13:26:46.675,12.60278,12.60502,0.00,0.00
2015.01.30 13:26:46.726,12.60263,12.60502,0.00,0.00
2015.01.30 13:26:46.776,12.60263,12.60452,0.00,0.00
2015.01.30 13:26:46.826,12.60248,12.60452,0.00,0.00
2015.01.30 13:26:46.978,12.60278,12.60452,0.00,0.00
2015.01.30 13:26:47.079,12.60245,12.60452,0.00,0.00
2015.01.30 13:26:47.180,12.60234,12.60452,0.00,0.00
2015.01.30 13:26:47.280,12.60262,12.60452,0.00,0.00
2015.01.30 13:26:48.280,12.60251,12.60452,0.00,0.00
2015.01.30 13:26:48.596,12.60232,12.60452,0.00,0.00
2015.01.30 13:26:48.982,12.6026,12.60452,0.00,0.00
2015.01.30 13:26:49.083,12.60253,12.60452,0.00,0.00
2015.01.30 13:26:49.189,12.60211,12.60402,0.00,0.00
2015.01.30 13:26:49.388,12.60237,12.60452,0.00,0.00
2015.01.30 13:26:49.488,12.60252,12.60452,0.00,0.00
2015.01.30 13:26:49.619,12.60252,12.60502,0.00,0.00
2015.01.30 13:26:50.146,12.60252,12.60501,0.00,0.00
2015.01.30 13:26:50.829,12.60283,12.60501,0.00,0.00
2015.01.30 13:26:51.234,12.60292,12.60501,0.00,0.00
2015.01.30 13:26:51.588,12.60268,12.60501,0.00,0.00
2015.01.30 13:26:51.931,12.60292,12.60501,0.00,0.00
2015.01.30 13:26:52.695,12.60275,12.60501,0.00,0.00
2015.01.30 13:26:52.991,12.60287,12.60501,0.00,0.00
2015.01.30 13:26:53.092,12.60252,12.60501,0.00,0.00
2015.01.30 13:26:53.804,12.60275,12.60501,0.00,0.00
2015.01.30 13:26:53.905,12.60235,12.60501,0.00,0.00
2015.01.30 13:26:54.435,12.60236,12.60501,0.00,0.00
2015.01.30 13:26:55.198,12.60247,12.60501,0.00,0.00
2015.01.30 13:26:56.699,12.60272,12.60501,0.00,0.00
2015.01.30 13:26:57.318,12.60272,12.6059,0.00,0.00
2015.01.30 13:26:57.726,12.60285,12.60591,0.00,0.00
2015.01.30 13:26:58.039,12.60204,12.60501,0.00,0.00
2015.01.30 13:26:58.139,12.60187,12.60501,0.00,0.00
2015.01.30 13:26:58.217,12.60187,12.60491,0.00,0.00
2015.01.30 13:26:58.504,12.60178,12.60491,0.00,0.00
2015.01.30 13:26:58.714,12.60169,12.6049,0.00,0.00
2015.01.30 13:26:58.815,12.60186,12.60491,0.00,0.00
2015.01.30 13:26:59.046,12.60125,12.60467,0.00,0.00
2015.01.30 13:26:59.571,12.60125,12.60441,0.00,0.00
2015.01.30 13:26:59.622,12.60114,12.60441,0.00,0.00
2015.01.30 13:26:59.878,12.60114,12.60458,0.00,0.00
2015.01.30 13:26:59.979,12.60114,12.60441,0.00,0.00
2015.01.30 13:27:00.318,12.60158,12.60488,0.00,0.00
2015.01.30 13:27:00.736,12.60169,12.60488,0.00,0.00
2015.01.30 13:27:00.840,12.60148,12.60488,0.00,0.00
2015.01.30 13:27:00.890,12.60148,12.60462,0.00,0.00
2015.01.30 13:27:00.941,12.60095,12.60437,0.00,0.00
2015.01.30 13:27:00.996,12.60095,12.60401,0.00,0.00
2015.01.30 13:27:01.147,12.60095,12.60437,0.00,0.00
2015.01.30 13:27:01.248,12.601,12.60391,0.00,0.00
2015.01.30 13:27:01.349,12.60095,12.6039,0.00,0.00
2015.01.30 13:27:01.449,12.60064,12.6039,0.00,0.00
2015.01.30 13:27:01.638,12.60046,12.60351,0.00,0.00
2015.01.30 13:27:01.739,12.59989,12.60321,0.00,0.00
2015.01.30 13:27:01.812,12.59975,12.60317,0.00,0.00
2015.01.30 13:27:02.357,12.59974,12.60318,0.00,0.00
2015.01.30 13:27:02.532,12.60014,12.60321,0.00,0.00
2015.01.30 13:27:02.633,12.59916,12.6026,0.00,0.00
2015.01.30 13:27:02.834,12.59916,12.60211,0.00,0.00
2015.01.30 13:27:02.935,12.59874,12.60211,0.00,0.00
2015.01.30 13:27:03.136,12.59862,12.60206,0.00,0.00
2015.01.30 13:27:03.517,12.59851,12.60195,0.00,0.00
2015.01.30 13:27:03.846,12.59763,12.60105,0.00,0.00
2015.01.30 13:27:04.149,12.59708,12.6002,0.00,0.00
2015.01.30 13:27:04.249,12.59648,12.6002,0.00,0.00
2015.01.30 13:27:04.389,12.59647,12.60012,0.00,0.00
2015.01.30 13:27:04.489,12.59648,12.60021,0.00,0.00
2015.01.30 13:27:04.590,12.59648,12.60012,0.00,0.00
2015.01.30 13:27:04.640,12.59598,12.60012,0.00,0.00
2015.01.30 13:27:04.691,12.59598,12.59899,0.00,0.00
2015.01.30 13:27:04.741,12.58379,12.59121,0.00,0.00
2015.01.30 13:27:04.842,12.58669,12.59021,0.00,0.00
2015.01.30 13:27:04.943,12.58429,12.58838,0.00,0.00
2015.01.30 13:27:05.048,12.58429,12.58901,0.00,0.00
2015.01.30 13:27:05.149,12.58568,12.58869,0.00,0.00
2015.01.30 13:27:05.218,12.58568,12.5893,0.00,0.00
2015.01.30 13:27:05.269,12.58479,12.59008,0.00,0.00
2015.01.30 13:27:05.321,12.58479,12.5892,0.00,0.00
2015.01.30 13:27:05.706,12.58658,12.58851,0.00,0.00
2015.01.30 13:27:05.807,12.58828,12.5924,0.00,0.00
2015.01.30 13:27:05.858,12.58849,12.59289,0.00,0.00
2015.01.30 13:27:05.958,12.5888,12.59302,0.00,0.00
2015.01.30 13:27:06.009,12.5888,12.59321,0.00,0.00
2015.01.30 13:27:06.110,12.58898,12.59342,0.00,0.00
2015.01.30 13:27:06.160,12.59,12.59391,0.00,0.00
2015.01.30 13:27:06.261,12.59034,12.59476,0.00,0.00
2015.01.30 13:27:06.325,12.59054,12.59496,0.00,0.00
2015.01.30 13:27:06.629,12.59123,12.59567,0.00,0.00
2015.01.30 13:27:06.743,12.59118,12.59547,0.00,0.00
2015.01.30 13:27:06.794,12.59103,12.59542,0.00,0.00
2015.01.30 13:27:06.844,12.59089,12.59502,0.00,0.00
2015.01.30 13:27:06.945,12.59119,12.59557,0.00,0.00
2015.01.30 13:27:06.995,12.59129,12.59557,0.00,0.00
2015.01.30 13:27:07.339,12.59187,12.59531,0.00,0.00
2015.01.30 13:27:07.684,12.59218,12.5956,0.00,0.00
2015.01.30 13:27:07.850,12.59197,12.59541,0.00,0.00
2015.01.30 13:27:08.254,12.59183,12.59525,0.00,0.00
2015.01.30 13:27:08.559,12.59108,12.5945,0.00,0.00
2015.01.30 13:27:08.750,12.59157,12.59501,0.00,0.00
2015.01.30 13:27:08.800,12.59157,12.59451,0.00,0.00
2015.01.30 13:27:09.023,12.592,12.59502,0.00,0.00
2015.01.30 13:27:09.074,12.59187,12.59502,0.00,0.00
2015.01.30 13:27:09.174,12.59187,12.59531,0.00,0.00
2015.01.30 13:27:09.279,12.59117,12.59461,0.00,0.00
2015.01.30 13:27:09.602,12.59107,12.59451,0.00,0.00
2015.01.30 13:27:09.993,12.59116,12.59458,0.00,0.00
2015.01.30 13:27:10.043,12.5906,12.59404,0.00,0.00
2015.01.30 13:27:10.144,12.5905,12.59392,0.00,0.00
2015.01.30 13:27:10.245,12.5906,12.59404,0.00,0.00
2015.01.30 13:27:10.345,12.59022,12.59366,0.00,0.00
2015.01.30 13:27:10.647,12.59473,12.5961,0.00,0.00
2015.01.30 13:27:10.698,12.59473,12.59642,0.00,0.00
2015.01.30 13:27:10.798,12.59473,12.59721,0.00,0.00
2015.01.30 13:27:10.849,12.59379,12.59616,0.00,0.00
2015.01.30 13:27:10.900,12.59272,12.59616,0.00,0.00
2015.01.30 13:27:10.950,12.59233,12.59575,0.00,0.00
2015.01.30 13:27:11.138,12.59259,12.59603,0.00,0.00
2015.01.30 13:27:11.239,12.59302,12.59646,0.00,0.00
2015.01.30 13:27:11.540,12.59352,12.59696,0.00,0.00
2015.01.30 13:27:11.877,12.59333,12.59675,0.00,0.00
2015.01.30 13:27:11.978,12.59322,12.59666,0.00,0.00
2015.01.30 13:27:12.179,12.59357,12.59691,0.00,0.00
2015.01.30 13:27:12.280,12.59333,12.59675,0.00,0.00
2015.01.30 13:27:12.380,12.59348,12.59691,0.00,0.00
2015.01.30 13:27:12.549,12.59359,12.59701,0.00,0.00
2015.01.30 13:27:12.649,12.59393,12.59737,0.00,0.00
2015.01.30 13:27:13.086,12.59434,12.59776,0.00,0.00
2015.01.30 13:27:13.393,12.59554,12.59802,0.00,0.00
2015.01.30 13:27:13.444,12.59472,12.59802,0.00,0.00
2015.01.30 13:27:13.890,12.59454,12.59796,0.00,0.00
2015.01.30 13:27:13.990,12.59443,12.59787,0.00,0.00
2015.01.30 13:27:14.262,12.59422,12.59764,0.00,0.00
2015.01.30 13:27:14.567,12.59369,12.59711,0.00,0.00
2015.01.30 13:27:14.875,12.59423,12.59765,0.00,0.00
2015.01.30 13:27:15.186,12.59514,12.59856,0.00,0.00
2015.01.30 13:27:15.750,12.59529,12.59871,0.00,0.00
2015.01.30 13:27:17.050,12.59549,12.59891,0.00,0.00
2015.01.30 13:27:17.351,12.59569,12.59911,0.00,0.00
2015.01.30 13:27:17.530,12.59533,12.59877,0.00,0.00
2015.01.30 13:27:17.658,12.59524,12.59866,0.00,0.00
2015.01.30 13:27:17.986,12.59544,12.59886,0.00,0.00
2015.01.30 13:27:18.319,12.59524,12.59866,0.00,0.00
2015.01.30 13:27:19.446,12.59558,12.59902,0.00,0.00
2015.01.30 13:27:19.719,12.59549,12.59891,0.00,0.00
2015.01.30 13:27:20.049,12.59534,12.59876,0.00,0.00
2015.01.30 13:27:20.375,12.59549,12.59891,0.00,0.00
2015.01.30 13:27:20.726,12.59619,12.59961,0.00,0.00
2015.01.30 13:27:21.069,12.59608,12.59951,0.00,0.00
2015.01.30 13:27:21.170,12.59599,12.59941,0.00,0.00
2015.01.30 13:27:21.271,12.59653,12.59997,0.00,0.00
2015.01.30 13:27:21.436,12.59618,12.59962,0.00,0.00
2015.01.30 13:27:21.808,12.59628,12.59972,0.00,0.00
2015.01.30 13:27:22.114,12.59713,12.60057,0.00,0.00
2015.01.30 13:27:22.667,12.59713,12.60042,0.00,0.00
2015.01.30 13:27:22.768,12.59669,12.60011,0.00,0.00
2015.01.30 13:27:22.826,12.59684,12.60026,0.00,0.00
2015.01.30 13:27:23.445,12.59694,12.60036,0.00,0.00
2015.01.30 13:27:23.777,12.59704,12.60046,0.00,0.00
2015.01.30 13:27:24.084,12.59724,12.60066,0.00,0.00
2015.01.30 13:27:25.533,12.59713,12.60057,0.00,0.00
2015.01.30 13:27:25.633,12.59698,12.60042,0.00,0.00
2015.01.30 13:27:26.005,12.59558,12.59902,0.00,0.00
2015.01.30 13:27:26.335,12.59594,12.59936,0.00,0.00
2015.01.30 13:27:27.057,12.59583,12.59927,0.00,0.00
2015.01.30 13:27:27.185,12.59558,12.59902,0.00,0.00
2015.01.30 13:27:28.139,12.59544,12.59886,0.00,0.00
2015.01.30 13:27:28.467,12.59558,12.59902,0.00,0.00
2015.01.30 13:27:28.571,12.59543,12.59887,0.00,0.00
2015.01.30 13:27:28.893,12.59534,12.59751,0.00,0.00
2015.01.30 13:27:28.944,12.59498,12.5972,0.00,0.00
2015.01.30 13:27:29.045,12.59349,12.59691,0.00,0.00
2015.01.30 13:27:29.145,12.59339,12.59681,0.00,0.00
2015.01.30 13:27:29.369,12.59323,12.59667,0.00,0.00
2015.01.30 13:27:29.492,12.59333,12.59677,0.00,0.00
2015.01.30 13:27:29.853,12.59324,12.59666,0.00,0.00
2015.01.30 13:27:30.144,12.59326,12.5967,0.00,0.00
2015.01.30 13:27:30.245,12.59299,12.59641,0.00,0.00
2015.01.30 13:27:30.627,12.59289,12.59631,0.00,0.00
2015.01.30 13:27:30.677,12.59314,12.59658,0.00,0.00
2015.01.30 13:27:30.746,12.59341,12.59685,0.00,0.00
2015.01.30 13:27:31.288,12.59342,12.59684,0.00,0.00
2015.01.30 13:27:31.793,12.59354,12.59696,0.00,0.00
2015.01.30 13:27:32.099,12.59421,12.59765,0.00,0.00
2015.01.30 13:27:32.149,12.59443,12.59769,0.00,0.00
2015.01.30 13:27:32.200,12.59443,12.59787,0.00,0.00
2015.01.30 13:27:32.250,12.59493,12.59837,0.00,0.00
2015.01.30 13:27:32.653,12.59543,12.59887,0.00,0.00
2015.01.30 13:27:33.007,12.59523,12.59865,0.00,0.00
2015.01.30 13:27:33.599,12.59543,12.59885,0.00,0.00
2015.01.30 13:27:33.868,12.5955,12.59894,0.00,0.00
2015.01.30 13:27:35.168,12.5954,12.59884,0.00,0.00
2015.01.30 13:27:35.470,12.59605,12.59949,0.00,0.00
2015.01.30 13:27:35.772,12.5941,12.59652,0.00,0.00
2015.01.30 13:27:35.973,12.59411,12.59753,0.00,0.00
2015.01.30 13:27:36.074,12.59495,12.59839,0.00,0.00
2015.01.30 13:27:36.174,12.5952,12.59864,0.00,0.00
2015.01.30 13:27:36.508,12.59465,12.59809,0.00,0.00
2015.01.30 13:27:36.814,12.59386,12.59728,0.00,0.00
2015.01.30 13:27:36.864,12.59355,12.59699,0.00,0.00
2015.01.30 13:27:38.092,12.59383,12.59727,0.00,0.00
2015.01.30 13:27:38.413,12.59373,12.59717,0.00,0.00
2015.01.30 13:27:38.714,12.59438,12.59782,0.00,0.00
2015.01.30 13:27:39.677,12.59469,12.59811,0.00,0.00
2015.01.30 13:27:40.029,12.59479,12.59811,0.00,0.00
2015.01.30 13:27:40.080,12.59497,12.59839,0.00,0.00
2015.01.30 13:27:40.180,12.59514,12.59856,0.00,0.00
2015.01.30 13:27:40.281,12.59543,12.59887,0.00,0.00
2015.01.30 13:27:40.432,12.59579,12.59887,0.00,0.00
2015.01.30 13:27:40.483,12.59583,12.59918,0.00,0.00
2015.01.30 13:27:40.584,12.59594,12.59936,0.00,0.00
2015.01.30 13:27:40.685,12.59618,12.59962,0.00,0.00
2015.01.30 13:27:40.785,12.59599,12.59941,0.00,0.00
2015.01.30 13:27:40.987,12.59553,12.59897,0.00,0.00
2015.01.30 13:27:41.578,12.59529,12.59871,0.00,0.00
2015.01.30 13:27:41.897,12.59544,12.59886,0.00,0.00
2015.01.30 13:27:42.504,12.59567,12.59911,0.00,0.00
2015.01.30 13:27:42.605,12.59585,12.59929,0.00,0.00
2015.01.30 13:27:42.924,12.59619,12.59961,0.00,0.00
2015.01.30 13:27:43.604,12.59608,12.59952,0.00,0.00
2015.01.30 13:27:43.898,12.59619,12.59961,0.00,0.00
2015.01.30 13:27:44.215,12.59629,12.59971,0.00,0.00
2015.01.30 13:27:44.708,12.59618,12.59962,0.00,0.00
2015.01.30 13:27:44.924,12.59608,12.59952,0.00,0.00
2015.01.30 13:27:45.317,12.59623,12.59965,0.00,0.00
2015.01.30 13:27:45.418,12.59593,12.59937,0.00,0.00
2015.01.30 13:27:45.519,12.59608,12.59952,0.00,0.00
2015.01.30 13:27:45.828,12.59604,12.59948,0.00,0.00
2015.01.30 13:27:46.178,12.59379,12.59641,0.00,0.00
2015.01.30 13:27:46.279,12.59347,12.59641,0.00,0.00
2015.01.30 13:27:46.382,12.59392,12.59652,0.00,0.00
2015.01.30 13:27:46.634,12.59456,12.598,0.00,0.00
2015.01.30 13:27:46.685,12.59475,12.59817,0.00,0.00
2015.01.30 13:27:46.804,12.59459,12.59803,0.00,0.00
2015.01.30 13:27:46.855,12.59459,12.59751,0.00,0.00
2015.01.30 13:27:47.006,12.59239,12.59541,0.00,0.00
2015.01.30 13:27:47.080,12.59202,12.59541,0.00,0.00
2015.01.30 13:27:47.691,12.59216,12.59541,0.00,0.00
2015.01.30 13:27:48.225,12.59227,12.59541,0.00,0.00
2015.01.30 13:27:48.326,12.59215,12.59541,0.00,0.00
2015.01.30 13:27:48.426,12.59214,12.59556,0.00,0.00
2015.01.30 13:27:48.477,12.59214,12.59542,0.00,0.00
2015.01.30 13:27:48.527,12.59197,12.59541,0.00,0.00
2015.01.30 13:27:48.915,12.59216,12.5956,0.00,0.00
2015.01.30 13:27:49.229,12.59302,12.59642,0.00,0.00
2015.01.30 13:27:49.585,12.59292,12.59634,0.00,0.00
2015.01.30 13:27:49.685,12.59277,12.59619,0.00,0.00
2015.01.30 13:27:50.005,12.59259,12.59603,0.00,0.00
2015.01.30 13:27:50.056,12.59259,12.59591,0.00,0.00
2015.01.30 13:27:50.106,12.59235,12.59577,0.00,0.00
2015.01.30 13:27:50.328,12.593,12.59641,0.00,0.00
2015.01.30 13:27:51.519,12.59284,12.59628,0.00,0.00
2015.01.30 13:27:51.620,12.59296,12.59638,0.00,0.00
2015.01.30 13:27:51.723,12.59262,12.59606,0.00,0.00
2015.01.30 13:27:52.222,12.59275,12.59619,0.00,0.00
2015.01.30 13:27:52.558,12.59457,12.59801,0.00,0.00
2015.01.30 13:27:52.910,12.59468,12.59812,0.00,0.00
2015.01.30 13:27:53.218,12.59498,12.59842,0.00,0.00
2015.01.30 13:27:53.835,12.59488,12.59832,0.00,0.00
2015.01.30 13:27:54.395,12.59507,12.59851,0.00,0.00
2015.01.30 13:27:54.741,12.59492,12.59834,0.00,0.00
2015.01.30 13:27:55.042,12.59507,12.59851,0.00,0.00
2015.01.30 13:27:55.143,12.59481,12.59823,0.00,0.00
2015.01.30 13:27:55.345,12.5951,12.59854,0.00,0.00
2015.01.30 13:27:55.445,12.5947,12.59814,0.00,0.00
2015.01.30 13:27:56.215,12.5948,12.59824,0.00,0.00
2015.01.30 13:27:57.406,12.5949,12.59834,0.00,0.00
2015.01.30 13:27:57.745,12.59529,12.59871,0.00,0.00
2015.01.30 13:27:58.064,12.59601,12.59943,0.00,0.00
2015.01.30 13:27:58.215,12.5961,12.59954,0.00,0.00
2015.01.30 13:27:58.416,12.5958,12.59924,0.00,0.00
2015.01.30 13:27:58.735,12.59592,12.59936,0.00,0.00
2015.01.30 13:27:59.065,12.59631,12.59975,0.00,0.00
2015.01.30 13:27:59.386,12.59586,12.59752,0.00,0.00
2015.01.30 13:27:59.487,12.59586,12.59902,0.00,0.00
2015.01.30 13:27:59.725,12.59571,12.59902,0.00,0.00
2015.01.30 13:28:00.156,12.59587,12.59902,0.00,0.00
2015.01.30 13:28:00.359,12.59566,12.59902,0.00,0.00
2015.01.30 13:28:00.460,12.59561,12.59851,0.00,0.00
2015.01.30 13:28:00.513,12.59506,12.5985,0.00,0.00
2015.01.30 13:28:00.613,12.59496,12.5984,0.00,0.00
2015.01.30 13:28:00.929,12.59492,12.59801,0.00,0.00
2015.01.30 13:28:01.535,12.59492,12.598,0.00,0.00
2015.01.30 13:28:01.697,12.59492,12.59834,0.00,0.00
2015.01.30 13:28:01.748,12.59496,12.5984,0.00,0.00
2015.01.30 13:28:01.849,12.59521,12.59865,0.00,0.00
2015.01.30 13:28:02.217,12.59511,12.59852,0.00,0.00
2015.01.30 13:28:02.317,12.59463,12.59807,0.00,0.00
2015.01.30 13:28:02.368,12.59463,12.59802,0.00,0.00
2015.01.30 13:28:02.418,12.59444,12.59786,0.00,0.00
2015.01.30 13:28:03.080,12.59479,12.59786,0.00,0.00
2015.01.30 13:28:03.130,12.59481,12.59825,0.00,0.00
2015.01.30 13:28:03.232,12.59576,12.5985,0.00,0.00
2015.01.30 13:28:03.286,12.59576,12.5992,0.00,0.00
2015.01.30 13:28:03.336,12.59596,12.5994,0.00,0.00
2015.01.30 13:28:03.677,12.59568,12.59912,0.00,0.00
2015.01.30 13:28:03.979,12.59728,12.6005,0.00,0.00
2015.01.30 13:28:04.029,12.59728,12.6007,0.00,0.00
2015.01.30 13:28:04.123,12.59738,12.6008,0.00,0.00
2015.01.30 13:28:04.448,12.59721,12.60059,0.00,0.00
2015.01.30 13:28:04.964,12.59734,12.60059,0.00,0.00
2015.01.30 13:28:05.331,12.59722,12.60059,0.00,0.00
2015.01.30 13:28:05.496,12.59722,12.59898,0.00,0.00
2015.01.30 13:28:05.547,12.5963,12.59898,0.00,0.00
2015.01.30 13:28:05.648,12.59552,12.59852,0.00,0.00
2015.01.30 13:28:05.748,12.59466,12.5981,0.00,0.00
2015.01.30 13:28:05.850,12.59446,12.5979,0.00,0.00
2015.01.30 13:28:06.190,12.59392,12.59734,0.00,0.00
2015.01.30 13:28:06.240,12.59411,12.59755,0.00,0.00
2015.01.30 13:28:06.291,12.59411,12.59752,0.00,0.00
2015.01.30 13:28:06.341,12.59392,12.59734,0.00,0.00
2015.01.30 13:28:06.442,12.59356,12.597,0.00,0.00
2015.01.30 13:28:06.530,12.59337,12.59679,0.00,0.00
2015.01.30 13:28:06.959,12.59357,12.59699,0.00,0.00
2015.01.30 13:28:07.432,12.59367,12.59709,0.00,0.00
2015.01.30 13:28:07.758,12.59407,12.597,0.00,0.00
2015.01.30 13:28:08.067,12.59416,12.59701,0.00,0.00
2015.01.30 13:28:08.169,12.59426,12.5977,0.00,0.00
2015.01.30 13:28:08.271,12.59451,12.59788,0.00,0.00
2015.01.30 13:28:08.372,12.59438,12.59782,0.00,0.00
2015.01.30 13:28:08.472,12.59419,12.59763,0.00,0.00
2015.01.30 13:28:08.774,12.59545,12.59879,0.00,0.00
2015.01.30 13:28:09.093,12.59571,12.59879,0.00,0.00
2015.01.30 13:28:10.227,12.59571,12.5988,0.00,0.00
2015.01.30 13:28:10.538,12.59571,12.59871,0.00,0.00
2015.01.30 13:28:10.748,12.59521,12.59863,0.00,0.00
2015.01.30 13:28:10.995,12.59529,12.59863,0.00,0.00
2015.01.30 13:28:11.197,12.59605,12.59949,0.00,0.00
2015.01.30 13:28:11.249,12.59631,12.59971,0.00,0.00
2015.01.30 13:28:11.360,12.59631,12.59973,0.00,0.00
2015.01.30 13:28:11.686,12.5962,12.59964,0.00,0.00
2015.01.30 13:28:11.789,12.5962,12.59931,0.00,0.00
2015.01.30 13:28:11.911,12.5962,12.59964,0.00,0.00
2015.01.30 13:28:11.962,12.5963,12.59974,0.00,0.00
2015.01.30 13:28:12.268,12.5952,12.59864,0.00,0.00
2015.01.30 13:28:12.600,12.59515,12.59859,0.00,0.00
2015.01.30 13:28:12.938,12.59515,12.59832,0.00,0.00
2015.01.30 13:28:13.260,12.59465,12.59809,0.00,0.00
2015.01.30 13:28:13.360,12.59485,12.59829,0.00,0.00
2015.01.30 13:28:13.707,12.59516,12.59831,0.00,0.00
2015.01.30 13:28:14.659,12.59569,12.59831,0.00,0.00
2015.01.30 13:28:15.288,12.59579,12.59831,0.00,0.00
2015.01.30 13:28:15.898,12.59589,12.59831,0.00,0.00
2015.01.30 13:28:16.636,12.59589,12.59869,0.00,0.00
2015.01.30 13:28:16.687,12.59549,12.59869,0.00,0.00
2015.01.30 13:28:16.788,12.59615,12.59882,0.00,0.00
2015.01.30 13:28:16.889,12.59625,12.59932,0.00,0.00
2015.01.30 13:28:17.667,12.59635,12.59932,0.00,0.00
2015.01.30 13:28:17.768,12.59625,12.59932,0.00,0.00
2015.01.30 13:28:19.379,12.59625,12.59931,0.00,0.00
2015.01.30 13:28:20.582,12.59605,12.59931,0.00,0.00
2015.01.30 13:28:20.632,12.59605,12.59882,0.00,0.00
2015.01.30 13:28:20.683,12.59555,12.59882,0.00,0.00
2015.01.30 13:28:22.377,12.59544,12.59882,0.00,0.00
2015.01.30 13:28:22.600,12.5956,12.59832,0.00,0.00
2015.01.30 13:28:22.802,12.59629,12.59931,0.00,0.00
2015.01.30 13:28:23.294,12.59544,12.59888,0.00,0.00
2015.01.30 13:28:23.395,12.59514,12.59858,0.00,0.00
2015.01.30 13:28:23.779,12.59505,12.59831,0.00,0.00
2015.01.30 13:28:24.116,12.59459,12.59781,0.00,0.00
2015.01.30 13:28:24.418,12.59499,12.5975,0.00,0.00
2015.01.30 13:28:24.529,12.59499,12.59831,0.00,0.00
2015.01.30 13:28:24.630,12.59528,12.59831,0.00,0.00
2015.01.30 13:28:24.935,12.59533,12.59831,0.00,0.00
2015.01.30 13:28:25.124,12.59523,12.59831,0.00,0.00
2015.01.30 13:28:25.521,12.59499,12.59831,0.00,0.00
2015.01.30 13:28:25.571,12.59499,12.59781,0.00,0.00
2015.01.30 13:28:26.022,12.59309,12.59571,0.00,0.00
2015.01.30 13:28:26.087,12.59309,12.59622,0.00,0.00
2015.01.30 13:28:26.300,12.59338,12.59622,0.00,0.00
2015.01.30 13:28:26.488,12.59328,12.59622,0.00,0.00
2015.01.30 13:28:27.296,12.59328,12.59572,0.00,0.00
2015.01.30 13:28:27.509,12.59313,12.59572,0.00,0.00
2015.01.30 13:28:27.610,12.59303,12.59572,0.00,0.00
2015.01.30 13:28:28.427,12.59343,12.59572,0.00,0.00
2015.01.30 13:28:28.532,12.59359,12.59659,0.00,0.00
2015.01.30 13:28:28.583,12.59359,12.59681,0.00,0.00
2015.01.30 13:28:28.633,12.59418,12.59732,0.00,0.00
2015.01.30 13:28:28.991,12.59473,12.59732,0.00,0.00
2015.01.30 13:28:29.503,12.59483,12.59732,0.00,0.00
2015.01.30 13:28:30.065,12.59483,12.59682,0.00,0.00
2015.01.30 13:28:30.115,12.59464,12.59682,0.00,0.00
2015.01.30 13:28:30.166,12.59464,12.59731,0.00,0.00
2015.01.30 13:28:30.216,12.59484,12.59731,0.00,0.00
2015.01.30 13:28:30.418,12.59443,12.59732,0.00,0.00
2015.01.30 13:28:30.697,12.59503,12.59732,0.00,0.00
2015.01.30 13:28:30.747,12.59503,12.59782,0.00,0.00
2015.01.30 13:28:32.017,12.59483,12.59782,0.00,0.00
2015.01.30 13:28:32.117,12.59499,12.59831,0.00,0.00
2015.01.30 13:28:32.218,12.59513,12.59831,0.00,0.00
2015.01.30 13:28:33.123,12.59513,12.59801,0.00,0.00
2015.01.30 13:28:33.224,12.5947,12.59781,0.00,0.00
2015.01.30 13:28:34.556,12.5947,12.59732,0.00,0.00
2015.01.30 13:28:34.606,12.5945,12.59732,0.00,0.00
2015.01.30 13:28:34.707,12.59396,12.59732,0.00,0.00
2015.01.30 13:28:35.215,12.59385,12.59729,0.00,0.00
2015.01.30 13:28:35.265,12.59385,12.59672,0.00,0.00
2015.01.30 13:28:35.315,12.59335,12.59672,0.00,0.00
2015.01.30 13:28:35.366,12.59335,12.59521,0.00,0.00
2015.01.30 13:28:35.416,12.592,12.59521,0.00,0.00
2015.01.30 13:28:35.467,12.592,12.59482,0.00,0.00
2015.01.30 13:28:35.567,12.59225,12.59532,0.00,0.00
2015.01.30 13:28:35.618,12.5916,12.59504,0.00,0.00
2015.01.30 13:28:35.709,12.59175,12.59519,0.00,0.00
2015.01.30 13:28:36.011,12.59161,12.59482,0.00,0.00
2015.01.30 13:28:36.112,12.5915,12.59482,0.00,0.00
2015.01.30 13:28:36.207,12.5915,12.59494,0.00,0.00
2015.01.30 13:28:36.310,12.5916,12.59504,0.00,0.00
2015.01.30 13:28:36.612,12.59168,12.59482,0.00,0.00
2015.01.30 13:28:36.713,12.59159,12.59482,0.00,0.00
2015.01.30 13:28:37.199,12.59159,12.59501,0.00,0.00
2015.01.30 13:28:38.329,12.59179,12.59521,0.00,0.00
2015.01.30 13:28:38.653,12.59131,12.59467,0.00,0.00
2015.01.30 13:28:39.071,12.59148,12.59467,0.00,0.00
2015.01.30 13:28:39.122,12.59148,12.59482,0.00,0.00
2015.01.30 13:28:39.222,12.59163,12.59507,0.00,0.00
2015.01.30 13:28:39.621,12.59183,12.59527,0.00,0.00
2015.01.30 13:28:41.390,12.59188,12.59527,0.00,0.00
2015.01.30 13:28:41.573,12.59245,12.59589,0.00,0.00
2015.01.30 13:28:42.293,12.5928,12.59589,0.00,0.00
2015.01.30 13:28:42.394,12.5932,12.59664,0.00,0.00
2015.01.30 13:28:42.445,12.593,12.59644,0.00,0.00
2015.01.30 13:28:46.435,12.59335,12.59651,0.00,0.00
2015.01.30 13:28:46.996,12.59355,12.59651,0.00,0.00
2015.01.30 13:28:47.456,12.59355,12.5964,0.00,0.00
2015.01.30 13:28:47.788,12.5935,12.59612,0.00,0.00
2015.01.30 13:28:47.839,12.5935,12.59641,0.00,0.00
2015.01.30 13:28:48.375,12.5935,12.5964,0.00,0.00
2015.01.30 13:28:48.439,12.59366,12.5964,0.00,0.00
2015.01.30 13:28:48.540,12.59326,12.59641,0.00,0.00
2015.01.30 13:28:49.086,12.59326,12.5964,0.00,0.00
2015.01.30 13:28:50.835,12.59326,12.59651,0.00,0.00
2015.01.30 13:28:51.539,12.59326,12.5965,0.00,0.00
2015.01.30 13:28:52.277,12.59326,12.59651,0.00,0.00
2015.01.30 13:28:52.348,12.59313,12.59651,0.00,0.00
2015.01.30 13:28:52.579,12.59328,12.59651,0.00,0.00
2015.01.30 13:28:52.630,12.59328,12.59672,0.00,0.00
2015.01.30 13:28:53.268,12.59328,12.59671,0.00,0.00
2015.01.30 13:28:53.697,12.59349,12.59691,0.00,0.00
2015.01.30 13:28:53.798,12.59363,12.59707,0.00,0.00
2015.01.30 13:28:55.600,12.59374,12.59716,0.00,0.00
2015.01.30 13:28:55.908,12.59404,12.59746,0.00,0.00
2015.01.30 13:28:56.289,12.59383,12.59727,0.00,0.00
2015.01.30 13:28:56.707,12.59383,12.59711,0.00,0.00
2015.01.30 13:28:56.808,12.59368,12.59711,0.00,0.00
2015.01.30 13:28:56.959,12.59358,12.59702,0.00,0.00
2015.01.30 13:28:57.280,12.59348,12.59692,0.00,0.00
2015.01.30 13:28:57.699,12.59358,12.59701,0.00,0.00
2015.01.30 13:28:57.971,12.59343,12.59687,0.00,0.00
2015.01.30 13:28:58.270,12.59359,12.597,0.00,0.00
2015.01.30 13:28:58.370,12.59368,12.59712,0.00,0.00
2015.01.30 13:28:58.471,12.59383,12.59727,0.00,0.00
2015.01.30 13:28:59.753,12.5943,12.59727,0.00,0.00
2015.01.30 13:28:59.904,12.59484,12.5981,0.00,0.00
2015.01.30 13:29:00.165,12.59484,12.59761,0.00,0.00
2015.01.30 13:29:00.215,12.59388,12.59732,0.00,0.00
2015.01.30 13:29:00.316,12.59378,12.597,0.00,0.00
2015.01.30 13:29:00.859,12.59378,12.59701,0.00,0.00
2015.01.30 13:29:01.206,12.59368,12.59701,0.00,0.00
2015.01.30 13:29:01.306,12.59428,12.5978,0.00,0.00
2015.01.30 13:29:01.710,12.59453,12.59797,0.00,0.00
2015.01.30 13:29:02.066,12.59483,12.59827,0.00,0.00
2015.01.30 13:29:02.573,12.59429,12.59707,0.00,0.00
2015.01.30 13:29:02.724,12.59363,12.59642,0.00,0.00
2015.01.30 13:29:02.824,12.59338,12.59681,0.00,0.00
2015.01.30 13:29:02.975,12.59328,12.59672,0.00,0.00
2015.01.30 13:29:03.076,12.59313,12.59657,0.00,0.00
2015.01.30 13:29:03.377,12.59328,12.59672,0.00,0.00
2015.01.30 13:29:03.700,12.59378,12.59691,0.00,0.00
2015.01.30 13:29:03.750,12.59378,12.5971,0.00,0.00
2015.01.30 13:29:04.340,12.59378,12.59711,0.00,0.00
2015.01.30 13:29:04.690,12.59378,12.59722,0.00,0.00
2015.01.30 13:29:04.749,12.59378,12.59701,0.00,0.00
2015.01.30 13:29:04.900,12.59439,12.59781,0.00,0.00
2015.01.30 13:29:05.043,12.59449,12.59791,0.00,0.00
2015.01.30 13:29:05.381,12.59489,12.59821,0.00,0.00
2015.01.30 13:29:05.911,12.59489,12.59831,0.00,0.00
2015.01.30 13:29:06.016,12.59499,12.59841,0.00,0.00
2015.01.30 13:29:06.083,12.59513,12.59857,0.00,0.00
2015.01.30 13:29:06.400,12.59533,12.5986,0.00,0.00
2015.01.30 13:29:06.602,12.59468,12.598,0.00,0.00
2015.01.30 13:29:06.685,12.59459,12.598,0.00,0.00
2015.01.30 13:29:07.286,12.59473,12.598,0.00,0.00
2015.01.30 13:29:08.031,12.59529,12.59817,0.00,0.00
2015.01.30 13:29:08.132,12.59529,12.59821,0.00,0.00
2015.01.30 13:29:08.232,12.59513,12.59851,0.00,0.00
2015.01.30 13:29:08.594,12.59524,12.59851,0.00,0.00
2015.01.30 13:29:08.697,12.59513,12.59841,0.00,0.00
2015.01.30 13:29:09.245,12.59513,12.5984,0.00,0.00
2015.01.30 13:29:09.572,12.59513,12.59857,0.00,0.00
2015.01.30 13:29:10.491,12.59513,12.59841,0.00,0.00
2015.01.30 13:29:10.541,12.59438,12.59782,0.00,0.00
2015.01.30 13:29:10.642,12.59413,12.59751,0.00,0.00
2015.01.30 13:29:11.092,12.59424,12.59751,0.00,0.00
2015.01.30 13:29:12.446,12.59424,12.59766,0.00,0.00
2015.01.30 13:29:12.547,12.59489,12.59829,0.00,0.00
2015.01.30 13:29:12.699,12.59503,12.59847,0.00,0.00
2015.01.30 13:29:12.800,12.59523,12.59851,0.00,0.00
2015.01.30 13:29:12.850,12.59523,12.59861,0.00,0.00
2015.01.30 13:29:14.384,12.59523,12.5986,0.00,0.00
2015.01.30 13:29:14.998,12.59523,12.59861,0.00,0.00
2015.01.30 13:29:15.306,12.59584,12.59861,0.00,0.00
2015.01.30 13:29:16.023,12.59584,12.5986,0.00,0.00
2015.01.30 13:29:16.534,12.59584,12.59861,0.00,0.00
2015.01.30 13:29:17.211,12.59543,12.59861,0.00,0.00
2015.01.30 13:29:18.116,12.59564,12.5986,0.00,0.00
2015.01.30 13:29:18.217,12.59608,12.59951,0.00,0.00
2015.01.30 13:29:18.333,12.59623,12.59951,0.00,0.00
2015.01.30 13:29:18.895,12.59623,12.5995,0.00,0.00
2015.01.30 13:29:19.205,12.59654,12.5995,0.00,0.00
2015.01.30 13:29:19.255,12.59654,12.59952,0.00,0.00
2015.01.30 13:29:19.306,12.59614,12.59952,0.00,0.00
2015.01.30 13:29:19.356,12.59614,12.59931,0.00,0.00
2015.01.30 13:29:19.407,12.59603,12.59931,0.00,0.00
2015.01.30 13:29:19.508,12.59588,12.59931,0.00,0.00
2015.01.30 13:29:20.575,12.59598,12.59931,0.00,0.00
2015.01.30 13:29:20.676,12.59598,12.59939,0.00,0.00
2015.01.30 13:29:20.776,12.59623,12.59967,0.00,0.00
2015.01.30 13:29:22.686,12.59509,12.59851,0.00,0.00
2015.01.30 13:29:23.303,12.59499,12.598,0.00,0.00
2015.01.30 13:29:23.683,12.59474,12.598,0.00,0.00
2015.01.30 13:29:24.145,12.59474,12.5972,0.00,0.00
2015.01.30 13:29:24.246,12.59238,12.59501,0.00,0.00
2015.01.30 13:29:24.346,12.59178,12.59522,0.00,0.00
2015.01.30 13:29:24.397,12.59173,12.59549,0.00,0.00
2015.01.30 13:29:24.447,12.59211,12.5955,0.00,0.00
2015.01.30 13:29:24.599,12.59243,12.59669,0.00,0.00
2015.01.30 13:29:24.699,12.59265,12.59669,0.00,0.00
2015.01.30 13:29:25.003,12.59344,12.5967,0.00,0.00
2015.01.30 13:29:25.134,12.59314,12.59656,0.00,0.00
2015.01.30 13:29:25.333,12.59294,12.59571,0.00,0.00
2015.01.30 13:29:25.436,12.59223,12.59567,0.00,0.00
2015.01.30 13:29:25.488,12.59243,12.59571,0.00,0.00
2015.01.30 13:29:25.589,12.59223,12.59567,0.00,0.00
2015.01.30 13:29:26.090,12.59243,12.59571,0.00,0.00
2015.01.30 13:29:26.315,12.59133,12.5947,0.00,0.00
2015.01.30 13:29:26.391,12.59149,12.5947,0.00,0.00
2015.01.30 13:29:26.441,12.59149,12.59491,0.00,0.00
2015.01.30 13:29:26.492,12.59193,12.59531,0.00,0.00
2015.01.30 13:29:26.842,12.59209,12.59518,0.00,0.00
2015.01.30 13:29:27.435,12.59194,12.59518,0.00,0.00
2015.01.30 13:29:27.645,12.5921,12.59518,0.00,0.00
2015.01.30 13:29:27.746,12.5921,12.59554,0.00,0.00
2015.01.30 13:29:27.796,12.59228,12.5956,0.00,0.00
2015.01.30 13:29:27.897,12.59241,12.59585,0.00,0.00
2015.01.30 13:29:27.998,12.59368,12.59701,0.00,0.00
2015.01.30 13:29:28.304,12.59394,12.59701,0.00,0.00
2015.01.30 13:29:28.574,12.59394,12.59736,0.00,0.00
2015.01.30 13:29:28.625,12.59419,12.59751,0.00,0.00
2015.01.30 13:29:28.963,12.59433,12.5975,0.00,0.00
2015.01.30 13:29:29.623,12.59433,12.59751,0.00,0.00
2015.01.30 13:29:30.199,12.59463,12.59751,0.00,0.00
2015.01.30 13:29:30.250,12.59463,12.5976,0.00,0.00
2015.01.30 13:29:30.350,12.59449,12.59791,0.00,0.00
2015.01.30 13:29:30.401,12.59408,12.59752,0.00,0.00
2015.01.30 13:29:30.451,12.59408,12.5971,0.00,0.00
2015.01.30 13:29:30.552,12.59419,12.59761,0.00,0.00
2015.01.30 13:29:30.603,12.59362,12.59761,0.00,0.00
2015.01.30 13:29:30.653,12.59359,12.5971,0.00,0.00
2015.01.30 13:29:30.754,12.59361,12.59751,0.00,0.00
2015.01.30 13:29:30.805,12.59409,12.59751,0.00,0.00
2015.01.30 13:29:31.106,12.59419,12.5975,0.00,0.00
2015.01.30 13:29:31.207,12.59363,12.59707,0.00,0.00
2015.01.30 13:29:31.257,12.59363,12.59701,0.00,0.00
2015.01.30 13:29:31.642,12.59363,12.59698,0.00,0.00
2015.01.30 13:29:31.910,12.59343,12.59687,0.00,0.00
2015.01.30 13:29:32.506,12.59343,12.59659,0.00,0.00
2015.01.30 13:29:32.556,12.59333,12.59659,0.00,0.00
2015.01.30 13:29:33.219,12.59348,12.59659,0.00,0.00
2015.01.30 13:29:33.420,12.59328,12.5966,0.00,0.00
2015.01.30 13:29:33.956,12.59349,12.59661,0.00,0.00
2015.01.30 13:29:34.060,12.59363,12.59707,0.00,0.00
2015.01.30 13:29:34.110,12.59353,12.59697,0.00,0.00
2015.01.30 13:29:34.478,12.59329,12.59668,0.00,0.00
2015.01.30 13:29:34.529,12.59318,12.59662,0.00,0.00
2015.01.30 13:29:35.035,12.59333,12.59669,0.00,0.00
2015.01.30 13:29:35.513,12.59346,12.59669,0.00,0.00
2015.01.30 13:29:35.617,12.59334,12.59669,0.00,0.00
2015.01.30 13:29:35.926,12.59323,12.59667,0.00,0.00
2015.01.30 13:29:36.027,12.59308,12.59652,0.00,0.00
2015.01.30 13:29:36.356,12.59358,12.59669,0.00,0.00
2015.01.30 13:29:36.457,12.59398,12.59742,0.00,0.00
2015.01.30 13:29:36.558,12.59424,12.5975,0.00,0.00
2015.01.30 13:29:36.902,12.59473,12.59751,0.00,0.00
2015.01.30 13:29:36.952,12.59473,12.59808,0.00,0.00
2015.01.30 13:29:37.566,12.59423,12.5975,0.00,0.00
2015.01.30 13:29:37.666,12.59414,12.59751,0.00,0.00
2015.01.30 13:29:37.882,12.59421,12.59751,0.00,0.00
2015.01.30 13:29:38.189,12.59421,12.59747,0.00,0.00
2015.01.30 13:29:38.240,12.59423,12.59751,0.00,0.00
2015.01.30 13:29:38.525,12.59423,12.5976,0.00,0.00
2015.01.30 13:29:38.855,12.59502,12.5976,0.00,0.00
2015.01.30 13:29:38.906,12.59502,12.59842,0.00,0.00
2015.01.30 13:29:39.006,12.59519,12.59861,0.00,0.00
2015.01.30 13:29:39.057,12.59549,12.59891,0.00,0.00
2015.01.30 13:29:39.551,12.59559,12.59901,0.00,0.00
2015.01.30 13:29:40.533,12.59578,12.59911,0.00,0.00
2015.01.30 13:29:40.684,12.59613,12.59951,0.00,0.00
2015.01.30 13:29:41.186,12.59613,12.5995,0.00,0.00
2015.01.30 13:29:42.521,12.59613,12.59951,0.00,0.00
2015.01.30 13:29:44.166,12.59634,12.59951,0.00,0.00
2015.01.30 13:29:44.317,12.59634,12.59976,0.00,0.00
2015.01.30 13:29:45.213,12.59634,12.5993,0.00,0.00
2015.01.30 13:29:45.447,12.5951,12.59928,0.00,0.00
2015.01.30 13:29:46.117,12.59509,12.59928,0.00,0.00
2015.01.30 13:29:46.268,12.59469,12.59889,0.00,0.00
2015.01.30 13:29:47.576,12.5956,12.59889,0.00,0.00
2015.01.30 13:29:47.677,12.59629,12.60058,0.00,0.00
2015.01.30 13:29:47.956,12.59669,12.60058,0.00,0.00
2015.01.30 13:29:48.007,12.59669,12.60098,0.00,0.00
2015.01.30 13:29:48.588,12.59642,12.60061,0.00,0.00
2015.01.30 13:29:48.645,12.59619,12.60058,0.00,0.00
2015.01.30 13:29:49.305,12.59659,12.60101,0.00,0.00
2015.01.30 13:29:50.768,12.59771,12.6019,0.00,0.00
2015.01.30 13:29:50.868,12.59771,12.60211,0.00,0.00
2015.01.30 13:29:50.930,12.59809,12.60229,0.00,0.00
2015.01.30 13:29:51.033,12.59771,12.60211,0.00,0.00
2015.01.30 13:29:51.185,12.59821,12.60211,0.00,0.00
2015.01.30 13:29:51.239,12.59821,12.6025,0.00,0.00
2015.01.30 13:29:51.764,12.59822,12.6025,0.00,0.00
2015.01.30 13:29:52.415,12.5981,12.60239,0.00,0.00
2015.01.30 13:29:52.516,12.59781,12.6021,0.00,0.00
2015.01.30 13:29:53.795,12.59781,12.60211,0.00,0.00
2015.01.30 13:29:54.097,12.59821,12.6025,0.00,0.00
2015.01.30 13:29:54.305,12.59821,12.60269,0.00,0.00
2015.01.30 13:29:54.406,12.59832,12.60278,0.00,0.00
2015.01.30 13:29:54.942,12.59969,12.60278,0.00,0.00
2015.01.30 13:29:55.055,12.59969,12.60409,0.00,0.00
2015.01.30 13:29:55.344,12.59951,12.6034,0.00,0.00
2015.01.30 13:29:55.394,12.59871,12.60329,0.00,0.00
2015.01.30 13:29:55.525,12.5991,12.60329,0.00,0.00
2015.01.30 13:29:55.575,12.59981,12.60429,0.00,0.00
2015.01.30 13:29:56.377,12.60092,12.60481,0.00,0.00
2015.01.30 13:29:56.478,12.60092,12.60501,0.00,0.00
2015.01.30 13:29:56.799,12.60142,12.60501,0.00,0.00
2015.01.30 13:29:56.850,12.60142,12.60598,0.00,0.00
2015.01.30 13:29:57.426,12.60142,12.6054,0.00,0.00
2015.01.30 13:29:57.477,12.60082,12.60538,0.00,0.00
2015.01.30 13:29:57.527,12.60082,12.60491,0.00,0.00
2015.01.30 13:29:57.578,12.60032,12.60488,0.00,0.00
2015.01.30 13:29:59.229,12.60072,12.60528,0.00,0.00
2015.01.30 13:30:00.116,12.60121,12.60579,0.00,0.00
2015.01.30 13:30:01.508,12.6016,12.6051,0.00,0.00
2015.01.30 13:30:01.996,12.60159,12.60499,0.00,0.00
2015.01.30 13:30:02.154,12.60371,12.61133,0.00,0.00
2015.01.30 13:30:02.254,12.60679,12.62021,0.00,0.00
2015.01.30 13:30:02.305,12.60912,12.61708,0.00,0.00
2015.01.30 13:30:02.623,12.61191,12.61782,0.00,0.00
2015.01.30 13:30:02.724,12.61191,12.61789,0.00,0.00
2015.01.30 13:30:02.825,12.61191,12.61915,0.00,0.00
2015.01.30 13:30:02.925,12.61812,12.62521,0.00,0.00
2015.01.30 13:30:02.976,12.61891,12.62489,0.00,0.00
2015.01.30 13:30:03.277,12.6177,12.62361,0.00,0.00
2015.01.30 13:30:03.529,12.61351,12.61989,0.00,0.00
2015.01.30 13:30:03.579,12.6138,12.6187,0.00,0.00
2015.01.30 13:30:03.680,12.61351,12.61871,0.00,0.00
2015.01.30 13:30:03.781,12.61351,12.61919,0.00,0.00
2015.01.30 13:30:04.083,12.61491,12.6213,0.00,0.00
2015.01.30 13:30:04.184,12.61429,12.61989,0.00,0.00
2015.01.30 13:30:04.400,12.61492,12.62088,0.00,0.00
2015.01.30 13:30:04.534,12.61411,12.62089,0.00,0.00
2015.01.30 13:30:04.635,12.61412,12.61881,0.00,0.00
2015.01.30 13:30:04.736,12.61412,12.61971,0.00,0.00
2015.01.30 13:30:04.817,12.61142,12.61788,0.00,0.00
2015.01.30 13:30:05.197,12.61202,12.61601,0.00,0.00
2015.01.30 13:30:05.248,12.61202,12.61648,0.00,0.00
2015.01.30 13:30:05.349,12.6114,12.6167,0.00,0.00
2015.01.30 13:30:05.622,12.61121,12.61651,0.00,0.00
2015.01.30 13:30:06.036,12.61121,12.61551,0.00,0.00
2015.01.30 13:30:06.169,12.61079,12.61551,0.00,0.00
2015.01.30 13:30:06.275,12.6101,12.6151,0.00,0.00
2015.01.30 13:30:06.390,12.60931,12.61519,0.00,0.00
2015.01.30 13:30:06.497,12.6086,12.61389,0.00,0.00
2015.01.30 13:30:06.551,12.60809,12.61389,0.00,0.00
2015.01.30 13:30:06.651,12.60962,12.61548,0.00,0.00
2015.01.30 13:30:06.702,12.6128,12.61669,0.00,0.00
2015.01.30 13:30:06.757,12.61081,12.61571,0.00,0.00
2015.01.30 13:30:06.808,12.60982,12.61571,0.00,0.00
2015.01.30 13:30:06.860,12.60982,12.61621,0.00,0.00
2015.01.30 13:30:06.911,12.61111,12.61621,0.00,0.00
2015.01.30 13:30:07.012,12.61111,12.61679,0.00,0.00
2015.01.30 13:30:07.112,12.61012,12.61678,0.00,0.00
2015.01.30 13:30:07.163,12.61011,12.61599,0.00,0.00
2015.01.30 13:30:07.314,12.61212,12.61888,0.00,0.00
2015.01.30 13:30:07.364,12.61212,12.61798,0.00,0.00
2015.01.30 13:30:07.515,12.61311,12.61899,0.00,0.00
2015.01.30 13:30:07.567,12.61229,12.61789,0.00,0.00
2015.01.30 13:30:07.618,12.61201,12.61789,0.00,0.00
2015.01.30 13:30:07.718,12.61112,12.61708,0.00,0.00
2015.01.30 13:30:07.820,12.6118,12.6168,0.00,0.00
2015.01.30 13:30:07.929,12.61111,12.61681,0.00,0.00
2015.01.30 13:30:08.030,12.61012,12.61551,0.00,0.00
2015.01.30 13:30:08.094,12.61012,12.61598,0.00,0.00
2015.01.30 13:30:08.198,12.61012,12.61571,0.00,0.00
2015.01.30 13:30:08.248,12.60912,12.61528,0.00,0.00
2015.01.30 13:30:08.404,12.60929,12.61528,0.00,0.00
2015.01.30 13:30:08.622,12.60912,12.61528,0.00,0.00
2015.01.30 13:30:08.722,12.60912,12.61401,0.00,0.00
2015.01.30 13:30:08.974,12.61061,12.61649,0.00,0.00
2015.01.30 13:30:09.142,12.61061,12.61621,0.00,0.00
2015.01.30 13:30:09.250,12.61051,12.61639,0.00,0.00
2015.01.30 13:30:09.351,12.60929,12.61621,0.00,0.00
2015.01.30 13:30:09.437,12.60929,12.61559,0.00,0.00
2015.01.30 13:30:09.745,12.60969,12.61501,0.00,0.00
2015.01.30 13:30:10.053,12.61091,12.6162,0.00,0.00
2015.01.30 13:30:10.466,12.61091,12.6152,0.00,0.00
2015.01.30 13:30:10.571,12.61009,12.6152,0.00,0.00
2015.01.30 13:30:10.622,12.61179,12.61621,0.00,0.00
2015.01.30 13:30:10.952,12.61199,12.61629,0.00,0.00
2015.01.30 13:30:11.291,12.6118,12.616,0.00,0.00
2015.01.30 13:30:11.548,12.61479,12.61972,0.00,0.00
2015.01.30 13:30:11.599,12.6143,12.61972,0.00,0.00
2015.01.30 13:30:11.650,12.61471,12.61972,0.00,0.00
2015.01.30 13:30:11.753,12.6138,12.6197,0.00,0.00
2015.01.30 13:30:11.805,12.61429,12.61971,0.00,0.00
2015.01.30 13:30:11.855,12.61429,12.61989,0.00,0.00
2015.01.30 13:30:11.906,12.61429,12.61888,0.00,0.00
2015.01.30 13:30:12.007,12.61429,12.61988,0.00,0.00
2015.01.30 13:30:12.057,12.6148,12.6184,0.00,0.00
2015.01.30 13:30:12.209,12.61679,12.62041,0.00,0.00
2015.01.30 13:30:12.314,12.61602,12.61848,0.00,0.00
2015.01.30 13:30:12.567,12.61431,12.61751,0.00,0.00
2015.01.30 13:30:12.618,12.61457,12.61751,0.00,0.00
2015.01.30 13:30:12.668,12.61479,12.61899,0.00,0.00
2015.01.30 13:30:12.718,12.61557,12.61921,0.00,0.00
2015.01.30 13:30:12.769,12.61557,12.61971,0.00,0.00
2015.01.30 13:30:12.870,12.61441,12.61885,0.00,0.00
2015.01.30 13:30:12.920,12.61421,12.61865,0.00,0.00
2015.01.30 13:30:13.222,12.61476,12.61841,0.00,0.00
2015.01.30 13:30:13.558,12.61679,12.61981,0.00,0.00
2015.01.30 13:30:13.609,12.61679,12.6203,0.00,0.00
2015.01.30 13:30:13.710,12.61779,12.6216,0.00,0.00
2015.01.30 13:30:13.810,12.61756,12.62161,0.00,0.00
2015.01.30 13:30:13.861,12.61776,12.62161,0.00,0.00
2015.01.30 13:30:14.012,12.61797,12.62219,0.00,0.00
2015.01.30 13:30:14.063,12.61787,12.62229,0.00,0.00
2015.01.30 13:30:14.113,12.61879,12.62229,0.00,0.00
2015.01.30 13:30:14.214,12.61916,12.6236,0.00,0.00
2015.01.30 13:30:14.365,12.61941,12.62385,0.00,0.00
2015.01.30 13:30:14.688,12.61941,12.62321,0.00,0.00
2015.01.30 13:30:15.049,12.61916,12.62321,0.00,0.00
2015.01.30 13:30:15.357,12.61896,12.6232,0.00,0.00
2015.01.30 13:30:15.408,12.61896,12.62299,0.00,0.00
2015.01.30 13:30:15.710,12.6191,12.62254,0.00,0.00
2015.01.30 13:30:15.962,12.61934,12.62301,0.00,0.00
2015.01.30 13:30:16.070,12.61939,12.62306,0.00,0.00
2015.01.30 13:30:16.285,12.61978,12.62347,0.00,0.00
2015.01.30 13:30:16.336,12.62029,12.62396,0.00,0.00
2015.01.30 13:30:16.678,12.61858,12.62227,0.00,0.00
2015.01.30 13:30:16.779,12.61838,12.62207,0.00,0.00
2015.01.30 13:30:17.081,12.61904,12.62271,0.00,0.00
2015.01.30 13:30:17.181,12.61953,12.62322,0.00,0.00
2015.01.30 13:30:17.282,12.6198,12.62306,0.00,0.00
2015.01.30 13:30:17.341,12.61983,12.62352,0.00,0.00
2015.01.30 13:30:17.391,12.6208,12.62352,0.00,0.00
2015.01.30 13:30:17.442,12.6208,12.62437,0.00,0.00
2015.01.30 13:30:17.543,12.62062,12.62416,0.00,0.00
2015.01.30 13:30:17.720,12.62049,12.62416,0.00,0.00
2015.01.30 13:30:17.820,12.62058,12.62427,0.00,0.00
2015.01.30 13:30:17.981,12.62073,12.6244,0.00,0.00
2015.01.30 13:30:18.182,12.62088,12.62457,0.00,0.00
2015.01.30 13:30:18.283,12.62078,12.62447,0.00,0.00
2015.01.30 13:30:18.585,12.62066,12.62435,0.00,0.00
2015.01.30 13:30:18.931,12.62079,12.62435,0.00,0.00
2015.01.30 13:30:18.982,12.62091,12.6246,0.00,0.00
2015.01.30 13:30:19.170,12.62111,12.6248,0.00,0.00
2015.01.30 13:30:19.479,12.62115,12.62482,0.00,0.00
2015.01.30 13:30:19.853,12.62113,12.62482,0.00,0.00
2015.01.30 13:30:19.954,12.62029,12.62364,0.00,0.00
2015.01.30 13:30:20.055,12.61862,12.62231,0.00,0.00
2015.01.30 13:30:20.105,12.61879,12.62231,0.00,0.00
2015.01.30 13:30:20.156,12.61881,12.62248,0.00,0.00
2015.01.30 13:30:20.256,12.61939,12.62306,0.00,0.00
2015.01.30 13:30:20.688,12.61904,12.62271,0.00,0.00
2015.01.30 13:30:20.889,12.62188,12.62557,0.00,0.00
2015.01.30 13:30:20.990,12.62228,12.62597,0.00,0.00
2015.01.30 13:30:21.292,12.62118,12.62487,0.00,0.00
2015.01.30 13:30:21.611,12.62004,12.62371,0.00,0.00
2015.01.30 13:30:21.880,12.61995,12.62364,0.00,0.00
2015.01.30 13:30:22.179,12.61901,12.6227,0.00,0.00
2015.01.30 13:30:22.538,12.61933,12.62302,0.00,0.00
2015.01.30 13:30:22.840,12.61844,12.62211,0.00,0.00
2015.01.30 13:30:22.890,12.61773,12.62142,0.00,0.00
2015.01.30 13:30:22.991,12.61678,12.62047,0.00,0.00
2015.01.30 13:30:23.296,12.61598,12.61967,0.00,0.00
2015.01.30 13:30:23.397,12.61518,12.61959,0.00,0.00
2015.01.30 13:30:23.498,12.61579,12.61995,0.00,0.00
2015.01.30 13:30:23.670,12.61579,12.6202,0.00,0.00
2015.01.30 13:30:23.934,12.61576,12.6202,0.00,0.00
2015.01.30 13:30:23.984,12.61592,12.61959,0.00,0.00
2015.01.30 13:30:24.085,12.61526,12.61895,0.00,0.00
2015.01.30 13:30:24.186,12.61562,12.61929,0.00,0.00
2015.01.30 13:30:24.524,12.61493,12.6186,0.00,0.00
2015.01.30 13:30:24.826,12.61536,12.61903,0.00,0.00
2015.01.30 13:30:25.078,12.61452,12.61821,0.00,0.00
2015.01.30 13:30:25.179,12.61491,12.6186,0.00,0.00
2015.01.30 13:30:25.507,12.6144,12.61809,0.00,0.00
2015.01.30 13:30:25.863,12.61421,12.61788,0.00,0.00
2015.01.30 13:30:26.193,12.61456,12.61823,0.00,0.00
2015.01.30 13:30:26.515,12.61495,12.61864,0.00,0.00
2015.01.30 13:30:26.616,12.6151,12.61879,0.00,0.00
2015.01.30 13:30:26.924,12.6143,12.61799,0.00,0.00
2015.01.30 13:30:27.242,12.61392,12.61734,0.00,0.00
2015.01.30 13:30:27.401,12.61341,12.61708,0.00,0.00
2015.01.30 13:30:27.589,12.61512,12.61881,0.00,0.00
2015.01.30 13:30:27.690,12.61472,12.61768,0.00,0.00
2015.01.30 13:30:27.791,12.61471,12.61829,0.00,0.00
2015.01.30 13:30:27.892,12.61497,12.61866,0.00,0.00
2015.01.30 13:30:27.993,12.61475,12.61844,0.00,0.00
2015.01.30 13:30:28.368,12.61479,12.61844,0.00,0.00
2015.01.30 13:30:28.630,12.6152,12.61889,0.00,0.00
2015.01.30 13:30:28.928,12.6154,12.61909,0.00,0.00
2015.01.30 13:30:29.491,12.6154,12.6185,0.00,0.00
2015.01.30 13:30:29.541,12.6139,12.61759,0.00,0.00
2015.01.30 13:30:29.642,12.61375,12.61744,0.00,0.00
2015.01.30 13:30:29.944,12.61481,12.61848,0.00,0.00
2015.01.30 13:30:30.044,12.615,12.61869,0.00,0.00
2015.01.30 13:30:30.246,12.6154,12.61909,0.00,0.00
2015.01.30 13:30:30.547,12.61555,12.61924,0.00,0.00
2015.01.30 13:30:30.851,12.61641,12.62008,0.00,0.00
2015.01.30 13:30:31.162,12.61781,12.62148,0.00,0.00
2015.01.30 13:30:31.262,12.6167,12.62039,0.00,0.00
2015.01.30 13:30:31.313,12.61622,12.61988,0.00,0.00
2015.01.30 13:30:31.530,12.61638,12.62007,0.00,0.00
2015.01.30 13:30:31.630,12.61656,12.62025,0.00,0.00
2015.01.30 13:30:31.955,12.6161,12.61979,0.00,0.00
2015.01.30 13:30:32.469,12.6155,12.61919,0.00,0.00
2015.01.30 13:30:33.115,12.61707,12.62076,0.00,0.00
2015.01.30 13:30:34.000,12.61779,12.62076,0.00,0.00
2015.01.30 13:30:34.051,12.61779,12.62139,0.00,0.00
2015.01.30 13:30:34.202,12.61882,12.62139,0.00,0.00
2015.01.30 13:30:34.252,12.61882,12.62214,0.00,0.00
2015.01.30 13:30:34.303,12.61891,12.62214,0.00,0.00
2015.01.30 13:30:34.353,12.61931,12.62298,0.00,0.00
2015.01.30 13:30:34.778,12.61929,12.62283,0.00,0.00
2015.01.30 13:30:34.878,12.61975,12.62344,0.00,0.00
2015.01.30 13:30:35.064,12.6196,12.62329,0.00,0.00
2015.01.30 13:30:35.480,12.6194,12.62309,0.00,0.00
2015.01.30 13:30:35.749,12.62055,12.6247,0.00,0.00
2015.01.30 13:30:35.799,12.61961,12.62375,0.00,0.00
2015.01.30 13:30:36.000,12.62129,12.62565,0.00,0.00
2015.01.30 13:30:36.402,12.62228,12.62615,0.00,0.00
2015.01.30 13:30:36.503,12.62279,12.62695,0.00,0.00
2015.01.30 13:30:36.777,12.62279,12.62675,0.00,0.00
2015.01.30 13:30:36.877,12.62279,12.62706,0.00,0.00
2015.01.30 13:30:36.983,12.62451,12.62786,0.00,0.00
2015.01.30 13:30:37.084,12.62512,12.62915,0.00,0.00
2015.01.30 13:30:37.551,12.62579,12.62915,0.00,0.00
2015.01.30 13:30:37.704,12.62631,12.63005,0.00,0.00
2015.01.30 13:30:38.220,12.62631,12.62985,0.00,0.00
2015.01.30 13:30:38.428,12.62631,12.63006,0.00,0.00
2015.01.30 13:30:38.733,12.62579,12.62941,0.00,0.00
2015.01.30 13:30:39.088,12.6258,12.6296,0.00,0.00
2015.01.30 13:30:39.389,12.62581,12.63005,0.00,0.00
2015.01.30 13:30:39.440,12.62679,12.63005,0.00,0.00
2015.01.30 13:30:39.490,12.62679,12.6301,0.00,0.00
2015.01.30 13:30:40.013,12.6268,12.62986,0.00,0.00
2015.01.30 13:30:40.113,12.6268,12.63035,0.00,0.00
2015.01.30 13:30:40.164,12.62691,12.63035,0.00,0.00
2015.01.30 13:30:40.282,12.6268,12.63035,0.00,0.00
2015.01.30 13:30:40.435,12.62679,12.63016,0.00,0.00
2015.01.30 13:30:40.693,12.62687,12.63056,0.00,0.00
2015.01.30 13:30:40.743,12.6268,12.63045,0.00,0.00
2015.01.30 13:30:41.051,12.62679,12.62985,0.00,0.00
2015.01.30 13:30:41.102,12.62602,12.62971,0.00,0.00
2015.01.30 13:30:41.210,12.62588,12.62955,0.00,0.00
2015.01.30 13:30:41.528,12.62579,12.62921,0.00,0.00
2015.01.30 13:30:42.058,12.6258,12.62921,0.00,0.00
2015.01.30 13:30:42.158,12.62552,12.6291,0.00,0.00
2015.01.30 13:30:42.209,12.62502,12.62871,0.00,0.00
2015.01.30 13:30:42.259,12.62502,12.62789,0.00,0.00
2015.01.30 13:30:42.310,12.62401,12.6274,0.00,0.00
2015.01.30 13:30:42.410,12.62401,12.62765,0.00,0.00
2015.01.30 13:30:42.461,12.62398,12.62765,0.00,0.00
2015.01.30 13:30:42.511,12.62378,12.62745,0.00,0.00
2015.01.30 13:30:42.612,12.62352,12.62721,0.00,0.00
2015.01.30 13:30:42.713,12.62292,12.62661,0.00,0.00
2015.01.30 13:30:43.022,12.62263,12.6263,0.00,0.00
2015.01.30 13:30:43.230,12.62202,12.62571,0.00,0.00
2015.01.30 13:30:43.418,12.62187,12.62556,0.00,0.00
2015.01.30 13:30:43.794,12.62148,12.62515,0.00,0.00
2015.01.30 13:30:43.950,12.62157,12.62526,0.00,0.00
2015.01.30 13:30:44.230,12.62179,12.62526,0.00,0.00
2015.01.30 13:30:44.457,12.62279,12.62644,0.00,0.00
2015.01.30 13:30:44.513,12.6234,12.62709,0.00,0.00
2015.01.30 13:30:44.820,12.62355,12.62724,0.00,0.00
2015.01.30 13:30:45.166,12.6248,12.62809,0.00,0.00
2015.01.30 13:30:45.267,12.62529,12.62893,0.00,0.00
2015.01.30 13:30:45.368,12.62551,12.62918,0.00,0.00
2015.01.30 13:30:45.469,12.62579,12.62899,0.00,0.00
2015.01.30 13:30:45.570,12.62581,12.62948,0.00,0.00
2015.01.30 13:30:45.771,12.62479,12.62882,0.00,0.00
2015.01.30 13:30:45.876,12.62451,12.62883,0.00,0.00
2015.01.30 13:30:45.929,12.62451,12.62809,0.00,0.00
2015.01.30 13:30:46.080,12.6246,12.62829,0.00,0.00
2015.01.30 13:30:46.134,12.62476,12.62843,0.00,0.00
2015.01.30 13:30:46.550,12.62501,12.62868,0.00,0.00
2015.01.30 13:30:47.295,12.62531,12.62898,0.00,0.00
2015.01.30 13:30:47.497,12.62475,12.62844,0.00,0.00
2015.01.30 13:30:47.615,12.62479,12.62844,0.00,0.00
2015.01.30 13:30:47.820,12.6246,12.62829,0.00,0.00
2015.01.30 13:30:48.379,12.62496,12.62863,0.00,0.00
2015.01.30 13:30:48.598,12.6245,12.62819,0.00,0.00
2015.01.30 13:30:48.699,12.62496,12.62863,0.00,0.00
2015.01.30 13:30:49.001,12.62679,12.62908,0.00,0.00
2015.01.30 13:30:49.051,12.62679,12.62974,0.00,0.00
2015.01.30 13:30:49.102,12.6268,12.63004,0.00,0.00
2015.01.30 13:30:49.281,12.62635,12.63004,0.00,0.00
2015.01.30 13:30:49.332,12.62602,12.62958,0.00,0.00
2015.01.30 13:30:49.382,12.62591,12.62958,0.00,0.00
2015.01.30 13:30:49.433,12.6256,12.62929,0.00,0.00
2015.01.30 13:30:49.634,12.62506,12.62873,0.00,0.00
2015.01.30 13:30:49.950,12.62559,12.62873,0.00,0.00
2015.01.30 13:30:50.051,12.62696,12.63063,0.00,0.00
2015.01.30 13:30:50.102,12.62636,12.63003,0.00,0.00
2015.01.30 13:30:50.203,12.62716,12.63085,0.00,0.00
2015.01.30 13:30:50.304,12.62699,12.63005,0.00,0.00
2015.01.30 13:30:50.354,12.62636,12.63005,0.00,0.00
2015.01.30 13:30:50.405,12.62679,12.62995,0.00,0.00
2015.01.30 13:30:50.505,12.62636,12.63005,0.00,0.00
2015.01.30 13:30:50.611,12.62779,12.63044,0.00,0.00
2015.01.30 13:30:50.711,12.62807,12.63174,0.00,0.00
2015.01.30 13:30:50.940,12.62879,12.63174,0.00,0.00
2015.01.30 13:30:51.040,12.62906,12.63275,0.00,0.00
2015.01.30 13:30:51.718,12.62894,12.63263,0.00,0.00
2015.01.30 13:30:52.020,12.62916,12.63285,0.00,0.00
2015.01.30 13:30:52.539,12.62901,12.6327,0.00,0.00
2015.01.30 13:30:52.870,12.62716,12.63085,0.00,0.00
2015.01.30 13:30:53.172,12.62897,12.63264,0.00,0.00
2015.01.30 13:30:53.476,12.62801,12.63165,0.00,0.00
2015.01.30 13:30:53.526,12.62779,12.63144,0.00,0.00
2015.01.30 13:30:53.627,12.62726,12.63095,0.00,0.00
2015.01.30 13:30:53.728,12.62696,12.63065,0.00,0.00
2015.01.30 13:30:54.030,12.62572,12.62939,0.00,0.00
2015.01.30 13:30:54.130,12.62486,12.62855,0.00,0.00
2015.01.30 13:30:54.240,12.62516,12.62885,0.00,0.00
2015.01.30 13:30:54.584,12.62479,12.62835,0.00,0.00
2015.01.30 13:30:54.837,12.62379,12.62813,0.00,0.00
2015.01.30 13:30:55.507,12.6238,12.62813,0.00,0.00
2015.01.30 13:30:55.863,12.6258,12.62852,0.00,0.00
2015.01.30 13:30:55.964,12.6258,12.62854,0.00,0.00
2015.01.30 13:30:56.065,12.62596,12.62965,0.00,0.00
2015.01.30 13:30:56.260,12.6268,12.62984,0.00,0.00
2015.01.30 13:30:56.360,12.62731,12.63112,0.00,0.00
2015.01.30 13:30:56.411,12.6267,12.63112,0.00,0.00
2015.01.30 13:30:56.461,12.62651,12.63012,0.00,0.00
2015.01.30 13:30:56.562,12.62502,12.62898,0.00,0.00
2015.01.30 13:30:56.663,12.62616,12.62985,0.00,0.00
2015.01.30 13:30:57.027,12.62552,12.62919,0.00,0.00
2015.01.30 13:30:57.141,12.62526,12.62895,0.00,0.00
2015.01.30 13:30:58.387,12.62539,12.62895,0.00,0.00
2015.01.30 13:30:58.901,12.62526,12.62895,0.00,0.00
2015.01.30 13:30:58.952,12.6249,12.62794,0.00,0.00
2015.01.30 13:30:59.004,12.62427,12.62794,0.00,0.00
2015.01.30 13:30:59.312,12.62427,12.6275,0.00,0.00
2015.01.30 13:30:59.362,12.62331,12.62698,0.00,0.00
2015.01.30 13:30:59.413,12.6228,12.62698,0.00,0.00
2015.01.30 13:30:59.463,12.62339,12.62717,0.00,0.00
2015.01.30 13:30:59.564,12.62308,12.62712,0.00,0.00
2015.01.30 13:30:59.614,12.62312,12.62712,0.00,0.00
2015.01.30 13:30:59.980,12.62312,12.62733,0.00,0.00
2015.01.30 13:31:00.081,12.62279,12.62713,0.00,0.00
2015.01.30 13:31:00.285,12.6228,12.62699,0.00,0.00
2015.01.30 13:31:00.756,12.62321,12.62699,0.00,0.00
2015.01.30 13:31:01.058,12.62579,12.63007,0.00,0.00
2015.01.30 13:31:01.108,12.62599,12.63007,0.00,0.00
2015.01.30 13:31:01.554,12.62579,12.63007,0.00,0.00
2015.01.30 13:31:01.655,12.62564,12.62871,0.00,0.00
2015.01.30 13:31:01.806,12.62394,12.62838,0.00,0.00
2015.01.30 13:31:01.907,12.62379,12.62807,0.00,0.00
2015.01.30 13:31:01.957,12.62365,12.62807,0.00,0.00
2015.01.30 13:31:02.007,12.62359,12.62767,0.00,0.00
2015.01.30 13:31:02.310,12.6253,12.62763,0.00,0.00
2015.01.30 13:31:02.411,12.6268,12.62916,0.00,0.00
2015.01.30 13:31:02.463,12.6268,12.63033,0.00,0.00
2015.01.30 13:31:02.564,12.62685,12.63052,0.00,0.00
2015.01.30 13:31:02.775,12.62715,12.63082,0.00,0.00
2015.01.30 13:31:03.081,12.62779,12.63103,0.00,0.00
2015.01.30 13:31:03.132,12.62734,12.63103,0.00,0.00
2015.01.30 13:31:03.232,12.6268,12.63122,0.00,0.00
2015.01.30 13:31:03.367,12.62679,12.63098,0.00,0.00
2015.01.30 13:31:03.938,12.6268,12.63098,0.00,0.00
2015.01.30 13:31:04.190,12.62779,12.63213,0.00,0.00
2015.01.30 13:31:04.358,12.62811,12.63213,0.00,0.00
2015.01.30 13:31:04.476,12.62811,12.63238,0.00,0.00
2015.01.30 13:31:04.577,12.62771,12.63162,0.00,0.00
2015.01.30 13:31:04.680,12.62771,12.63183,0.00,0.00
2015.01.30 13:31:04.784,12.62772,12.63158,0.00,0.00
2015.01.30 13:31:04.885,12.62721,12.63123,0.00,0.00
2015.01.30 13:31:04.990,12.62731,12.63123,0.00,0.00
2015.01.30 13:31:05.505,12.62732,12.63123,0.00,0.00
2015.01.30 13:31:05.806,12.62649,12.62942,0.00,0.00
2015.01.30 13:31:05.857,12.62582,12.62942,0.00,0.00
2015.01.30 13:31:06.187,12.62594,12.62963,0.00,0.00
2015.01.30 13:31:06.399,12.62624,12.62993,0.00,0.00
2015.01.30 13:31:06.702,12.62661,12.62993,0.00,0.00
2015.01.30 13:31:06.752,12.62624,12.62993,0.00,0.00
2015.01.30 13:31:06.803,12.6278,12.62993,0.00,0.00
2015.01.30 13:31:06.904,12.62812,12.63103,0.00,0.00
2015.01.30 13:31:07.005,12.62825,12.63192,0.00,0.00
2015.01.30 13:31:07.105,12.62844,12.63213,0.00,0.00
2015.01.30 13:31:07.330,12.62879,12.63213,0.00,0.00
2015.01.30 13:31:07.381,12.62894,12.63263,0.00,0.00
2015.01.30 13:31:07.482,12.62879,12.63303,0.00,0.00
2015.01.30 13:31:07.626,12.62891,12.63303,0.00,0.00
2015.01.30 13:31:07.855,12.6271,12.63152,0.00,0.00
2015.01.30 13:31:08.006,12.6268,12.63103,0.00,0.00
2015.01.30 13:31:08.057,12.62662,12.63103,0.00,0.00
2015.01.30 13:31:08.107,12.62619,12.63043,0.00,0.00
2015.01.30 13:31:08.308,12.62659,12.63091,0.00,0.00
2015.01.30 13:31:08.409,12.62668,12.63091,0.00,0.00
2015.01.30 13:31:08.711,12.63079,12.63505,0.00,0.00
2015.01.30 13:31:08.761,12.6311,12.63505,0.00,0.00
2015.01.30 13:31:08.912,12.63084,12.63528,0.00,0.00
2015.01.30 13:31:09.013,12.6314,12.63513,0.00,0.00
2015.01.30 13:31:09.113,12.63109,12.63513,0.00,0.00
2015.01.30 13:31:09.214,12.6307,12.63513,0.00,0.00
2015.01.30 13:31:09.265,12.6306,12.63458,0.00,0.00
2015.01.30 13:31:09.315,12.63021,12.63458,0.00,0.00
2015.01.30 13:31:09.519,12.63021,12.63422,0.00,0.00
2015.01.30 13:31:09.738,12.62981,12.63422,0.00,0.00
2015.01.30 13:31:09.839,12.6301,12.63453,0.00,0.00
2015.01.30 13:31:09.897,12.63079,12.63453,0.00,0.00
2015.01.30 13:31:10.200,12.63194,12.63563,0.00,0.00
2015.01.30 13:31:10.578,12.63094,12.63463,0.00,0.00
2015.01.30 13:31:10.907,12.63106,12.63475,0.00,0.00
2015.01.30 13:31:11.224,12.63625,12.63951,0.00,0.00
2015.01.30 13:31:11.476,12.63561,12.63894,0.00,0.00
2015.01.30 13:31:11.599,12.6345,12.63894,0.00,0.00
2015.01.30 13:31:11.649,12.63481,12.63908,0.00,0.00
2015.01.30 13:31:11.700,12.63481,12.63923,0.00,0.00
2015.01.30 13:31:11.800,12.63569,12.63923,0.00,0.00
2015.01.30 13:31:11.851,12.63595,12.64039,0.00,0.00
2015.01.30 13:31:11.901,12.6368,12.64039,0.00,0.00
2015.01.30 13:31:11.952,12.6368,12.64073,0.00,0.00
2015.01.30 13:31:12.002,12.63699,12.64073,0.00,0.00
2015.01.30 13:31:12.529,12.637,12.64054,0.00,0.00
2015.01.30 13:31:12.629,12.63719,12.64094,0.00,0.00
2015.01.30 13:31:12.730,12.63729,12.64094,0.00,0.00
2015.01.30 13:31:13.029,12.6365,12.64094,0.00,0.00
2015.01.30 13:31:13.080,12.63641,12.64073,0.00,0.00
2015.01.30 13:31:13.130,12.63632,12.64073,0.00,0.00
2015.01.30 13:31:13.181,12.63676,12.64043,0.00,0.00
2015.01.30 13:31:13.281,12.63585,12.63954,0.00,0.00
2015.01.30 13:31:13.332,12.63471,12.63754,0.00,0.00
2015.01.30 13:31:13.382,12.63385,12.63754,0.00,0.00
2015.01.30 13:31:13.433,12.63365,12.63621,0.00,0.00
2015.01.30 13:31:13.533,12.63138,12.63521,0.00,0.00
2015.01.30 13:31:13.584,12.63112,12.63521,0.00,0.00
2015.01.30 13:31:13.684,12.63069,12.63475,0.00,0.00
2015.01.30 13:31:13.936,12.62979,12.63387,0.00,0.00
2015.01.30 13:31:14.161,12.6298,12.63366,0.00,0.00
2015.01.30 13:31:14.228,12.6293,12.63366,0.00,0.00
2015.01.30 13:31:14.278,12.6293,12.63342,0.00,0.00
2015.01.30 13:31:14.586,12.62912,12.63266,0.00,0.00
2015.01.30 13:31:14.917,12.6294,12.6329,0.00,0.00
2015.01.30 13:31:14.967,12.6294,12.63319,0.00,0.00
2015.01.30 13:31:15.172,12.62911,12.63275,0.00,0.00
2015.01.30 13:31:15.223,12.629,12.63275,0.00,0.00
2015.01.30 13:31:15.323,12.62899,12.63279,0.00,0.00
2015.01.30 13:31:15.374,12.6298,12.633,0.00,0.00
2015.01.30 13:31:15.475,12.63019,12.63355,0.00,0.00
2015.01.30 13:31:15.824,12.62972,12.63321,0.00,0.00
2015.01.30 13:31:15.874,12.62972,12.63244,0.00,0.00
2015.01.30 13:31:15.925,12.62909,12.63244,0.00,0.00
2015.01.30 13:31:16.026,12.6286,12.63245,0.00,0.00
2015.01.30 13:31:16.126,12.62812,12.63245,0.00,0.00
2015.01.30 13:31:16.499,12.62879,12.63245,0.00,0.00
2015.01.30 13:31:16.806,12.62919,12.63156,0.00,0.00
2015.01.30 13:31:16.857,12.62941,12.63308,0.00,0.00
2015.01.30 13:31:17.008,12.62941,12.63301,0.00,0.00
2015.01.30 13:31:17.259,12.6311,12.63479,0.00,0.00
2015.01.30 13:31:17.460,12.63091,12.63458,0.00,0.00
2015.01.30 13:31:17.770,12.63302,12.6364,0.00,0.00
2015.01.30 13:31:17.878,12.63302,12.63664,0.00,0.00
2015.01.30 13:31:18.093,12.63302,12.63639,0.00,0.00
2015.01.30 13:31:18.439,12.63279,12.63579,0.00,0.00
2015.01.30 13:31:18.740,12.63479,12.63764,0.00,0.00
2015.01.30 13:31:18.791,12.63439,12.63821,0.00,0.00
2015.01.30 13:31:18.841,12.63469,12.63821,0.00,0.00
2015.01.30 13:31:18.892,12.63479,12.63874,0.00,0.00
2015.01.30 13:31:18.954,12.63479,12.63905,0.00,0.00
2015.01.30 13:31:19.105,12.63529,12.63905,0.00,0.00
2015.01.30 13:31:19.206,12.6348,12.63884,0.00,0.00
2015.01.30 13:31:19.256,12.6348,12.6371,0.00,0.00
2015.01.30 13:31:19.307,12.63389,12.6371,0.00,0.00
2015.01.30 13:31:19.408,12.63328,12.63749,0.00,0.00
2015.01.30 13:31:19.458,12.63328,12.63709,0.00,0.00
2015.01.30 13:31:19.609,12.63231,12.63624,0.00,0.00
2015.01.30 13:31:19.744,12.63177,12.63619,0.00,0.00
2015.01.30 13:31:19.794,12.63141,12.6356,0.00,0.00
2015.01.30 13:31:20.000,12.63172,12.63614,0.00,0.00
2015.01.30 13:31:20.051,12.6327,12.63614,0.00,0.00
2015.01.30 13:31:20.209,12.63082,12.63485,0.00,0.00
2015.01.30 13:31:20.309,12.63079,12.63485,0.00,0.00
2015.01.30 13:31:20.360,12.6306,12.63429,0.00,0.00
2015.01.30 13:31:20.561,12.62969,12.63374,0.00,0.00
2015.01.30 13:31:20.666,12.6301,12.63349,0.00,0.00
2015.01.30 13:31:20.767,12.62979,12.63319,0.00,0.00
2015.01.30 13:31:20.818,12.63059,12.63319,0.00,0.00
2015.01.30 13:31:20.868,12.6328,12.6369,0.00,0.00
2015.01.30 13:31:20.969,12.63279,12.63549,0.00,0.00
2015.01.30 13:31:21.083,12.63349,12.6369,0.00,0.00
2015.01.30 13:31:21.137,12.63319,12.6369,0.00,0.00
2015.01.30 13:31:21.239,12.63246,12.6369,0.00,0.00
2015.01.30 13:31:21.290,12.63181,12.63615,0.00,0.00
2015.01.30 13:31:21.651,12.633,12.63649,0.00,0.00
2015.01.30 13:31:21.881,12.63299,12.6367,0.00,0.00
2015.01.30 13:31:22.186,12.633,12.63674,0.00,0.00
2015.01.30 13:31:22.491,12.6339,12.63745,0.00,0.00
2015.01.30 13:31:22.834,12.6344,12.63745,0.00,0.00
2015.01.30 13:31:22.884,12.6344,12.63784,0.00,0.00
2015.01.30 13:31:22.935,12.63462,12.63784,0.00,0.00
2015.01.30 13:31:22.985,12.63462,12.63845,0.00,0.00
2015.01.30 13:31:23.086,12.63462,12.63873,0.00,0.00
2015.01.30 13:31:23.407,12.63462,12.63803,0.00,0.00
2015.01.30 13:31:23.557,12.63449,12.63803,0.00,0.00
2015.01.30 13:31:23.607,12.63449,12.63774,0.00,0.00
2015.01.30 13:31:23.859,12.63279,12.63634,0.00,0.00
2015.01.30 13:31:23.909,12.63279,12.63628,0.00,0.00
2015.01.30 13:31:23.960,12.6319,12.6355,0.00,0.00
2015.01.30 13:31:24.010,12.6313,12.63469,0.00,0.00
2015.01.30 13:31:24.061,12.63079,12.63469,0.00,0.00
2015.01.30 13:31:24.111,12.63079,12.63374,0.00,0.00
2015.01.30 13:31:24.161,12.62959,12.63374,0.00,0.00
2015.01.30 13:31:24.287,12.62961,12.63403,0.00,0.00
2015.01.30 13:31:24.438,12.6301,12.63403,0.00,0.00
2015.01.30 13:31:24.755,12.63009,12.6341,0.00,0.00
2015.01.30 13:31:24.908,12.63009,12.63361,0.00,0.00
2015.01.30 13:31:25.013,12.63009,12.63371,0.00,0.00
2015.01.30 13:31:25.113,12.6301,12.63391,0.00,0.00
2015.01.30 13:31:25.170,12.63039,12.63391,0.00,0.00
2015.01.30 13:31:25.221,12.63039,12.63407,0.00,0.00
2015.01.30 13:31:25.425,12.62979,12.63421,0.00,0.00
2015.01.30 13:31:25.525,12.63039,12.63329,0.00,0.00
2015.01.30 13:31:25.582,12.62968,12.63329,0.00,0.00
2015.01.30 13:31:25.682,12.62943,12.63387,0.00,0.00
2015.01.30 13:31:25.733,12.62879,12.63315,0.00,0.00
2015.01.30 13:31:26.043,12.62999,12.63357,0.00,0.00
2015.01.30 13:31:26.236,12.62968,12.63412,0.00,0.00
2015.01.30 13:31:26.294,12.6292,12.63321,0.00,0.00
2015.01.30 13:31:26.595,12.62832,12.63201,0.00,0.00
2015.01.30 13:31:26.696,12.62829,12.63206,0.00,0.00
2015.01.30 13:31:26.797,12.62791,12.63227,0.00,0.00
2015.01.30 13:31:26.961,12.6282,12.63227,0.00,0.00
2015.01.30 13:31:27.162,12.62792,12.63207,0.00,0.00
2015.01.30 13:31:27.213,12.62789,12.63207,0.00,0.00
2015.01.30 13:31:27.348,12.62763,12.63207,0.00,0.00
2015.01.30 13:31:27.399,12.62739,12.63152,0.00,0.00
2015.01.30 13:31:27.719,12.62879,12.63172,0.00,0.00
2015.01.30 13:31:27.819,12.62879,12.63238,0.00,0.00
2015.01.30 13:31:27.871,12.62871,12.63238,0.00,0.00
2015.01.30 13:31:27.921,12.62833,12.632,0.00,0.00
2015.01.30 13:31:28.123,12.62792,12.63161,0.00,0.00
2015.01.30 13:31:28.223,12.62722,12.63091,0.00,0.00
2015.01.30 13:31:28.550,12.6282,12.63176,0.00,0.00
2015.01.30 13:31:28.601,12.62827,12.63196,0.00,0.00
2015.01.30 13:31:28.702,12.62842,12.63211,0.00,0.00
2015.01.30 13:31:29.240,12.6279,12.63147,0.00,0.00
2015.01.30 13:31:29.291,12.6278,12.63147,0.00,0.00
2015.01.30 13:31:29.391,12.6282,12.63134,0.00,0.00
2015.01.30 13:31:29.442,12.62822,12.63189,0.00,0.00
2015.01.30 13:31:29.565,12.62848,12.63217,0.00,0.00
2015.01.30 13:31:29.615,12.62848,12.63215,0.00,0.00
2015.01.30 13:31:29.952,12.62836,12.63203,0.00,0.00
2015.01.30 13:31:30.284,12.62712,12.63079,0.00,0.00
2015.01.30 13:31:30.334,12.62699,12.63067,0.00,0.00
2015.01.30 13:31:30.409,12.6271,12.63079,0.00,0.00
2015.01.30 13:31:30.539,12.62728,12.63097,0.00,0.00
2015.01.30 13:31:30.902,12.62768,12.63135,0.00,0.00
2015.01.30 13:31:30.952,12.62741,12.6311,0.00,0.00
2015.01.30 13:31:31.053,12.6272,12.63089,0.00,0.00
2015.01.30 13:31:31.373,12.62739,12.63108,0.00,0.00
2015.01.30 13:31:31.715,12.62761,12.63128,0.00,0.00
2015.01.30 13:31:31.815,12.6274,12.63109,0.00,0.00
2015.01.30 13:31:31.916,12.62719,12.63081,0.00,0.00
2015.01.30 13:31:32.116,12.62733,12.631,0.00,0.00
2015.01.30 13:31:32.217,12.62749,12.63116,0.00,0.00
2015.01.30 13:31:32.368,12.62824,12.63193,0.00,0.00
2015.01.30 13:31:32.845,12.6281,12.63166,0.00,0.00
2015.01.30 13:31:32.895,12.62797,12.63166,0.00,0.00
2015.01.30 13:31:32.946,12.62828,12.63195,0.00,0.00
2015.01.30 13:31:33.331,12.62819,12.63181,0.00,0.00
2015.01.30 13:31:33.382,12.62812,12.63181,0.00,0.00
2015.01.30 13:31:33.432,12.62797,12.63166,0.00,0.00
2015.01.30 13:31:33.736,12.62817,12.63186,0.00,0.00
2015.01.30 13:31:34.046,12.62823,12.6319,0.00,0.00
2015.01.30 13:31:34.353,12.62839,12.63165,0.00,0.00
2015.01.30 13:31:34.454,12.62802,12.63165,0.00,0.00
2015.01.30 13:31:34.554,12.6278,12.63145,0.00,0.00
2015.01.30 13:31:34.824,12.62789,12.63158,0.00,0.00
2015.01.30 13:31:35.274,12.62822,12.63191,0.00,0.00
2015.01.30 13:31:35.627,12.62798,12.63165,0.00,0.00
2015.01.30 13:31:35.677,12.62768,12.63137,0.00,0.00
2015.01.30 13:31:35.778,12.62757,12.63124,0.00,0.00
2015.01.30 13:31:35.929,12.62699,12.63068,0.00,0.00
2015.01.30 13:31:36.479,12.62669,12.62991,0.00,0.00
2015.01.30 13:31:36.531,12.62651,12.62991,0.00,0.00
2015.01.30 13:31:36.582,12.62624,12.62991,0.00,0.00
2015.01.30 13:31:36.834,12.62641,12.6301,0.00,0.00
2015.01.30 13:31:36.885,12.6268,12.6301,0.00,0.00
2015.01.30 13:31:37.086,12.62706,12.63075,0.00,0.00
2015.01.30 13:31:37.237,12.62748,12.63075,0.00,0.00
2015.01.30 13:31:37.287,12.62847,12.63199,0.00,0.00
2015.01.30 13:31:37.338,12.62871,12.63214,0.00,0.00
2015.01.30 13:31:37.388,12.62871,12.63235,0.00,0.00
2015.01.30 13:31:37.489,12.62885,12.63254,0.00,0.00
2015.01.30 13:31:37.590,12.62909,12.63242,0.00,0.00
2015.01.30 13:31:38.048,12.62909,12.63259,0.00,0.00
2015.01.30 13:31:38.754,12.62909,12.63274,0.00,0.00
2015.01.30 13:31:38.855,12.62909,12.6326,0.00,0.00
2015.01.30 13:31:38.978,12.62917,12.63284,0.00,0.00
2015.01.30 13:31:39.028,12.6296,12.63284,0.00,0.00
2015.01.30 13:31:39.129,12.62919,12.63259,0.00,0.00
2015.01.30 13:31:39.969,12.62919,12.6324,0.00,0.00
2015.01.30 13:31:40.035,12.62891,12.6324,0.00,0.00
2015.01.30 13:31:40.138,12.6289,12.6322,0.00,0.00
2015.01.30 13:31:40.189,12.6289,12.63245,0.00,0.00
2015.01.30 13:31:40.241,12.62876,12.63245,0.00,0.00
2015.01.30 13:31:40.291,12.62861,12.63219,0.00,0.00
2015.01.30 13:31:40.342,12.62852,12.63219,0.00,0.00
2015.01.30 13:31:40.392,12.62849,12.632,0.00,0.00
2015.01.30 13:31:40.543,12.62716,12.63085,0.00,0.00
2015.01.30 13:31:40.594,12.62752,12.63119,0.00,0.00
2015.01.30 13:31:40.906,12.62661,12.6299,0.00,0.00
2015.01.30 13:31:40.956,12.62621,12.6299,0.00,0.00
2015.01.30 13:31:41.007,12.62743,12.6311,0.00,0.00
2015.01.30 13:31:41.322,12.62739,12.63091,0.00,0.00
2015.01.30 13:31:41.561,12.62882,12.63251,0.00,0.00
2015.01.30 13:31:41.615,12.62899,12.63251,0.00,0.00
2015.01.30 13:31:41.995,12.62919,12.63251,0.00,0.00
2015.01.30 13:31:42.438,12.62919,12.6327,0.00,0.00
2015.01.30 13:31:42.806,12.62963,12.6333,0.00,0.00
2015.01.30 13:31:42.857,12.6297,12.6333,0.00,0.00
2015.01.30 13:31:43.058,12.62943,12.6331,0.00,0.00
2015.01.30 13:31:43.211,12.6293,12.6329,0.00,0.00
2015.01.30 13:31:43.363,12.62903,12.6327,0.00,0.00
2015.01.30 13:31:43.949,12.62857,12.63226,0.00,0.00
2015.01.30 13:31:43.999,12.6287,12.63226,0.00,0.00
2015.01.30 13:31:44.735,12.6287,12.6321,0.00,0.00
2015.01.30 13:31:45.077,12.62883,12.6325,0.00,0.00
2015.01.30 13:31:45.381,12.62876,12.63243,0.00,0.00
2015.01.30 13:31:45.582,12.62917,12.63286,0.00,0.00
2015.01.30 13:31:45.642,12.62889,12.63256,0.00,0.00
2015.01.30 13:31:45.749,12.62904,12.63273,0.00,0.00
2015.01.30 13:31:45.962,12.62918,12.63285,0.00,0.00
2015.01.30 13:31:46.292,12.62932,12.63301,0.00,0.00
2015.01.30 13:31:46.393,12.62912,12.63281,0.00,0.00
2015.01.30 13:31:46.694,12.6333,12.63697,0.00,0.00
2015.01.30 13:31:47.096,12.63358,12.63711,0.00,0.00
2015.01.30 13:31:47.196,12.6336,12.63729,0.00,0.00
2015.01.30 13:31:47.461,12.63479,12.63729,0.00,0.00
2015.01.30 13:31:47.512,12.6351,12.6391,0.00,0.00
2015.01.30 13:31:47.563,12.63519,12.6391,0.00,0.00
2015.01.30 13:31:47.613,12.63519,12.63921,0.00,0.00
2015.01.30 13:31:47.772,12.63479,12.639,0.00,0.00
2015.01.30 13:31:47.892,12.63499,12.639,0.00,0.00
2015.01.30 13:31:48.013,12.63459,12.639,0.00,0.00
2015.01.30 13:31:48.065,12.635,12.639,0.00,0.00
2015.01.30 13:31:48.116,12.635,12.6392,0.00,0.00
2015.01.30 13:31:48.271,12.63498,12.6392,0.00,0.00
2015.01.30 13:31:48.380,12.63569,12.63929,0.00,0.00
2015.01.30 13:31:48.532,12.63499,12.6387,0.00,0.00
2015.01.30 13:31:48.582,12.63499,12.63839,0.00,0.00
2015.01.30 13:31:48.636,12.63439,12.63839,0.00,0.00
2015.01.30 13:31:48.686,12.63439,12.63819,0.00,0.00
2015.01.30 13:31:48.787,12.63439,12.63849,0.00,0.00
2015.01.30 13:31:48.888,12.6344,12.63873,0.00,0.00
2015.01.30 13:31:49.012,12.63491,12.6386,0.00,0.00
2015.01.30 13:31:49.493,12.6352,12.6386,0.00,0.00
2015.01.30 13:31:49.594,12.63519,12.6388,0.00,0.00
2015.01.30 13:31:50.153,12.6352,12.6388,0.00,0.00
2015.01.30 13:31:50.388,12.63539,12.6388,0.00,0.00
2015.01.30 13:31:50.667,12.63511,12.6388,0.00,0.00
2015.01.30 13:31:50.865,12.63529,12.6388,0.00,0.00
2015.01.30 13:31:51.000,12.63531,12.639,0.00,0.00
2015.01.30 13:31:51.101,12.63709,12.6404,0.00,0.00
2015.01.30 13:31:51.415,12.63792,12.64039,0.00,0.00
2015.01.30 13:31:51.524,12.6371,12.64009,0.00,0.00
2015.01.30 13:31:51.582,12.63702,12.64009,0.00,0.00
2015.01.30 13:31:51.633,12.63622,12.63989,0.00,0.00
2015.01.30 13:31:51.735,12.63568,12.63869,0.00,0.00
2015.01.30 13:31:51.836,12.63502,12.63869,0.00,0.00
2015.01.30 13:31:51.943,12.63542,12.63909,0.00,0.00
2015.01.30 13:31:52.094,12.63977,12.64392,0.00,0.00
2015.01.30 13:31:52.144,12.6398,12.64318,0.00,0.00
2015.01.30 13:31:52.245,12.64018,12.64393,0.00,0.00
2015.01.30 13:31:52.346,12.63945,12.64387,0.00,0.00
2015.01.30 13:31:52.446,12.63914,12.64358,0.00,0.00
2015.01.30 13:31:52.547,12.64039,12.64345,0.00,0.00
2015.01.30 13:31:52.614,12.64039,12.6437,0.00,0.00
2015.01.30 13:31:52.714,12.64003,12.6437,0.00,0.00
2015.01.30 13:31:52.765,12.63966,12.64335,0.00,0.00
2015.01.30 13:31:52.866,12.64009,12.64376,0.00,0.00
2015.01.30 13:31:53.193,12.64049,12.64411,0.00,0.00
2015.01.30 13:31:53.244,12.64123,12.64492,0.00,0.00
2015.01.30 13:31:53.345,12.64157,12.64524,0.00,0.00
2015.01.30 13:31:53.546,12.64171,12.6454,0.00,0.00
2015.01.30 13:31:53.739,12.64274,12.64611,0.00,0.00
2015.01.30 13:31:53.791,12.64274,12.64641,0.00,0.00
2015.01.30 13:31:53.842,12.64254,12.64621,0.00,0.00
2015.01.30 13:31:54.043,12.64248,12.64617,0.00,0.00
2015.01.30 13:31:54.144,12.64264,12.64631,0.00,0.00
2015.01.30 13:31:54.262,12.64303,12.64672,0.00,0.00
2015.01.30 13:31:54.363,12.64315,12.64684,0.00,0.00
2015.01.30 13:31:54.665,12.64264,12.64631,0.00,0.00
2015.01.30 13:31:54.938,12.64283,12.64652,0.00,0.00
2015.01.30 13:31:54.988,12.64299,12.64652,0.00,0.00
2015.01.30 13:31:55.434,12.6427,12.64592,0.00,0.00
2015.01.30 13:31:55.726,12.64083,12.64421,0.00,0.00
2015.01.30 13:31:55.826,12.64019,12.64321,0.00,0.00
2015.01.30 13:31:55.877,12.64019,12.64342,0.00,0.00
2015.01.30 13:31:55.977,12.64019,12.64381,0.00,0.00
2015.01.30 13:31:56.078,12.64019,12.64371,0.00,0.00
2015.01.30 13:31:56.425,12.6402,12.64359,0.00,0.00
2015.01.30 13:31:56.476,12.6402,12.64373,0.00,0.00
2015.01.30 13:31:56.649,12.64004,12.64373,0.00,0.00
2015.01.30 13:31:56.700,12.63979,12.64348,0.00,0.00
2015.01.30 13:31:56.951,12.6383,12.6422,0.00,0.00
2015.01.30 13:31:57.052,12.63819,12.64221,0.00,0.00
2015.01.30 13:31:57.253,12.63799,12.64221,0.00,0.00
2015.01.30 13:31:57.709,12.6371,12.6412,0.00,0.00
2015.01.30 13:31:58.020,12.637,12.64121,0.00,0.00
2015.01.30 13:31:58.122,12.6384,12.64134,0.00,0.00
2015.01.30 13:31:58.226,12.6384,12.64253,0.00,0.00
2015.01.30 13:31:58.327,12.6387,12.64314,0.00,0.00
2015.01.30 13:31:58.382,12.63879,12.64314,0.00,0.00
2015.01.30 13:31:58.432,12.639,12.64344,0.00,0.00
2015.01.30 13:31:58.533,12.63941,12.64383,0.00,0.00
2015.01.30 13:31:58.835,12.63841,12.64285,0.00,0.00
2015.01.30 13:31:59.030,12.63837,12.6419,0.00,0.00
2015.01.30 13:31:59.131,12.63739,12.64181,0.00,0.00
2015.01.30 13:31:59.193,12.63741,12.64185,0.00,0.00
2015.01.30 13:31:59.243,12.63741,12.64141,0.00,0.00
2015.01.30 13:31:59.294,12.63716,12.64141,0.00,0.00
2015.01.30 13:31:59.344,12.63716,12.6412,0.00,0.00
2015.01.30 13:31:59.395,12.63671,12.64115,0.00,0.00
2015.01.30 13:31:59.496,12.63651,12.64095,0.00,0.00
2015.01.30 13:31:59.898,12.63671,12.64071,0.00,0.00
2015.01.30 13:31:59.949,12.6368,12.641,0.00,0.00
2015.01.30 13:32:00.000,12.6368,12.64049,0.00,0.00
2015.01.30 13:32:00.308,12.63881,12.64223,0.00,0.00
2015.01.30 13:32:00.705,12.63901,12.64243,0.00,0.00
2015.01.30 13:32:00.755,12.6387,12.64214,0.00,0.00
2015.01.30 13:32:01.266,12.6381,12.64154,0.00,0.00
2015.01.30 13:32:01.614,12.63841,12.64183,0.00,0.00
2015.01.30 13:32:01.665,12.6382,12.64164,0.00,0.00
2015.01.30 13:32:01.936,12.6375,12.64023,0.00,0.00
2015.01.30 13:32:02.087,12.63641,12.63921,0.00,0.00
2015.01.30 13:32:02.138,12.6361,12.63951,0.00,0.00
2015.01.30 13:32:02.238,12.6363,12.63974,0.00,0.00
2015.01.30 13:32:02.339,12.6371,12.64021,0.00,0.00
2015.01.30 13:32:02.440,12.6364,12.63984,0.00,0.00
2015.01.30 13:32:02.558,12.6361,12.63954,0.00,0.00
2015.01.30 13:32:02.969,12.63591,12.63933,0.00,0.00
2015.01.30 13:32:03.069,12.63585,12.63929,0.00,0.00
2015.01.30 13:32:03.275,12.6358,12.63924,0.00,0.00
2015.01.30 13:32:03.576,12.6361,12.63954,0.00,0.00
2015.01.30 13:32:03.917,12.63879,12.64004,0.00,0.00
2015.01.30 13:32:03.968,12.63911,12.64253,0.00,0.00
2015.01.30 13:32:04.069,12.63895,12.64239,0.00,0.00
2015.01.30 13:32:04.145,12.6394,12.64271,0.00,0.00
2015.01.30 13:32:04.195,12.6394,12.64284,0.00,0.00
2015.01.30 13:32:04.546,12.6392,12.64264,0.00,0.00
2015.01.30 13:32:05.297,12.63871,12.64213,0.00,0.00
2015.01.30 13:32:05.348,12.63842,12.64221,0.00,0.00
2015.01.30 13:32:05.499,12.63842,12.6428,0.00,0.00
2015.01.30 13:32:05.599,12.63822,12.64229,0.00,0.00
2015.01.30 13:32:05.750,12.63961,12.64398,0.00,0.00
2015.01.30 13:32:05.853,12.63961,12.64405,0.00,0.00
2015.01.30 13:32:06.139,12.63961,12.64381,0.00,0.00
2015.01.30 13:32:06.189,12.63931,12.64375,0.00,0.00
2015.01.30 13:32:06.239,12.63931,12.64371,0.00,0.00
2015.01.30 13:32:06.548,12.63911,12.64253,0.00,0.00
2015.01.30 13:32:06.749,12.6407,12.64414,0.00,0.00
2015.01.30 13:32:06.800,12.6413,12.64474,0.00,0.00
2015.01.30 13:32:07.102,12.64096,12.6444,0.00,0.00
2015.01.30 13:32:07.437,12.64041,12.64383,0.00,0.00
2015.01.30 13:32:07.699,12.64029,12.64373,0.00,0.00
2015.01.30 13:32:07.887,12.64038,12.64382,0.00,0.00
2015.01.30 13:32:08.205,12.63921,12.64263,0.00,0.00
2015.01.30 13:32:08.472,12.6384,12.64184,0.00,0.00
2015.01.30 13:32:08.572,12.63857,12.64201,0.00,0.00
2015.01.30 13:32:08.874,12.63951,12.64248,0.00,0.00
2015.01.30 13:32:08.925,12.63951,12.64293,0.00,0.00
2015.01.30 13:32:08.975,12.63981,12.64323,0.00,0.00
2015.01.30 13:32:09.177,12.6401,12.64354,0.00,0.00
2015.01.30 13:32:09.227,12.6401,12.64321,0.00,0.00
2015.01.30 13:32:09.278,12.6397,12.64312,0.00,0.00
2015.01.30 13:32:09.379,12.6392,12.64264,0.00,0.00
2015.01.30 13:32:09.429,12.6392,12.6422,0.00,0.00
2015.01.30 13:32:09.480,12.6384,12.64184,0.00,0.00
2015.01.30 13:32:09.581,12.63811,12.64153,0.00,0.00
2015.01.30 13:32:09.681,12.6377,12.64114,0.00,0.00
2015.01.30 13:32:09.782,12.6372,12.64064,0.00,0.00
2015.01.30 13:32:10.084,12.63831,12.64173,0.00,0.00
2015.01.30 13:32:10.234,12.6398,12.64324,0.00,0.00
2015.01.30 13:32:10.285,12.6401,12.64354,0.00,0.00
2015.01.30 13:32:10.665,12.63991,12.64333,0.00,0.00
2015.01.30 13:32:10.766,12.6406,12.64404,0.00,0.00
2015.01.30 13:32:10.867,12.64081,12.6442,0.00,0.00
2015.01.30 13:32:11.104,12.6411,12.64454,0.00,0.00
2015.01.30 13:32:11.159,12.6411,12.6445,0.00,0.00
2015.01.30 13:32:11.210,12.64075,12.64417,0.00,0.00
2015.01.30 13:32:11.367,12.64042,12.64384,0.00,0.00
2015.01.30 13:32:11.669,12.6406,12.64404,0.00,0.00
2015.01.30 13:32:11.820,12.64046,12.64388,0.00,0.00
2015.01.30 13:32:12.212,12.63835,12.64141,0.00,0.00
2015.01.30 13:32:12.271,12.63801,12.64141,0.00,0.00
2015.01.30 13:32:12.371,12.63801,12.64143,0.00,0.00
2015.01.30 13:32:12.499,12.63821,12.64163,0.00,0.00
2015.01.30 13:32:12.890,12.6384,12.64184,0.00,0.00
2015.01.30 13:32:12.941,12.63879,12.64184,0.00,0.00
2015.01.30 13:32:12.991,12.63879,12.64203,0.00,0.00
2015.01.30 13:32:13.042,12.64009,12.64203,0.00,0.00
2015.01.30 13:32:13.092,12.64009,12.64284,0.00,0.00
2015.01.30 13:32:13.193,12.64041,12.6438,0.00,0.00
2015.01.30 13:32:13.293,12.64041,12.64383,0.00,0.00
2015.01.30 13:32:13.394,12.64085,12.64429,0.00,0.00
2015.01.30 13:32:13.545,12.64118,12.64429,0.00,0.00
2015.01.30 13:32:13.878,12.64169,12.64453,0.00,0.00
2015.01.30 13:32:14.061,12.64118,12.64453,0.00,0.00
2015.01.30 13:32:14.111,12.64118,12.64424,0.00,0.00
2015.01.30 13:32:14.313,12.64118,12.64428,0.00,0.00
2015.01.30 13:32:14.413,12.64168,12.64474,0.00,0.00
2015.01.30 13:32:14.715,12.64168,12.64503,0.00,0.00
2015.01.30 13:32:14.816,12.64269,12.64503,0.00,0.00
2015.01.30 13:32:14.917,12.64269,12.64554,0.00,0.00
2015.01.30 13:32:15.017,12.64218,12.64528,0.00,0.00
2015.01.30 13:32:15.068,12.64186,12.64528,0.00,0.00
2015.01.30 13:32:15.118,12.64168,12.64509,0.00,0.00
2015.01.30 13:32:15.503,12.64218,12.64523,0.00,0.00
2015.01.30 13:32:15.583,12.64231,12.64573,0.00,0.00
2015.01.30 13:32:15.633,12.64269,12.64573,0.00,0.00
2015.01.30 13:32:15.684,12.64269,12.64609,0.00,0.00
2015.01.30 13:32:15.845,12.64309,12.64609,0.00,0.00
2015.01.30 13:32:15.896,12.64309,12.64628,0.00,0.00
2015.01.30 13:32:15.997,12.64269,12.64579,0.00,0.00
2015.01.30 13:32:16.148,12.64219,12.64544,0.00,0.00
2015.01.30 13:32:16.360,12.642,12.64544,0.00,0.00
2015.01.30 13:32:16.411,12.6418,12.64524,0.00,0.00
2015.01.30 13:32:16.720,12.64118,12.6437,0.00,0.00
2015.01.30 13:32:16.922,12.63946,12.64251,0.00,0.00
2015.01.30 13:32:16.972,12.63946,12.64221,0.00,0.00
2015.01.30 13:32:17.023,12.63918,12.64221,0.00,0.00
2015.01.30 13:32:17.123,12.63918,12.64193,0.00,0.00
2015.01.30 13:32:17.174,12.63858,12.64193,0.00,0.00
2015.01.30 13:32:17.224,12.63858,12.64173,0.00,0.00
2015.01.30 13:32:17.325,12.63858,12.64221,0.00,0.00
2015.01.30 13:32:17.476,12.63918,12.64221,0.00,0.00
2015.01.30 13:32:17.526,12.63918,12.64253,0.00,0.00
2015.01.30 13:32:17.577,12.63858,12.64253,0.00,0.00
2015.01.30 13:32:17.627,12.63858,12.64121,0.00,0.00
2015.01.30 13:32:17.678,12.63821,12.64121,0.00,0.00
2015.01.30 13:32:17.788,12.63918,12.6406,0.00,0.00
2015.01.30 13:32:17.838,12.63918,12.64114,0.00,0.00
2015.01.30 13:32:17.939,12.63918,12.64124,0.00,0.00
2015.01.30 13:32:18.039,12.63861,12.64203,0.00,0.00
2015.01.30 13:32:18.091,12.63831,12.64173,0.00,0.00
2015.01.30 13:32:18.427,12.63718,12.64029,0.00,0.00
2015.01.30 13:32:18.778,12.63731,12.64073,0.00,0.00
2015.01.30 13:32:18.835,12.63731,12.64021,0.00,0.00
2015.01.30 13:32:18.895,12.6368,12.64021,0.00,0.00
2015.01.30 13:32:18.996,12.63668,12.64004,0.00,0.00
2015.01.30 13:32:19.297,12.63718,12.64044,0.00,0.00
2015.01.30 13:32:19.604,12.63918,12.64104,0.00,0.00
2015.01.30 13:32:19.705,12.64019,12.64243,0.00,0.00
2015.01.30 13:32:19.813,12.64069,12.64344,0.00,0.00
2015.01.30 13:32:19.918,12.64118,12.64364,0.00,0.00
2015.01.30 13:32:20.123,12.63968,12.64303,0.00,0.00
2015.01.30 13:32:20.223,12.63919,12.64221,0.00,0.00
2015.01.30 13:32:20.332,12.639,12.64221,0.00,0.00
2015.01.30 13:32:20.432,12.63908,12.64224,0.00,0.00
2015.01.30 13:32:20.500,12.6393,12.64274,0.00,0.00
2015.01.30 13:32:20.586,12.6398,12.64274,0.00,0.00
2015.01.30 13:32:20.636,12.64,12.64344,0.00,0.00
2015.01.30 13:32:20.737,12.6409,12.64434,0.00,0.00
2015.01.30 13:32:21.039,12.6411,12.64454,0.00,0.00
2015.01.30 13:32:21.347,12.64121,12.64463,0.00,0.00
2015.01.30 13:32:21.665,12.64091,12.64321,0.00,0.00
2015.01.30 13:32:21.715,12.63971,12.64313,0.00,0.00
2015.01.30 13:32:22.237,12.63959,12.64284,0.00,0.00
2015.01.30 13:32:22.438,12.64279,12.64611,0.00,0.00
2015.01.30 13:32:22.539,12.64209,12.64553,0.00,0.00
2015.01.30 13:32:22.639,12.6423,12.64572,0.00,0.00
2015.01.30 13:32:23.113,12.6425,12.64592,0.00,0.00
2015.01.30 13:32:23.428,12.64298,12.64601,0.00,0.00
2015.01.30 13:32:23.528,12.64359,12.64703,0.00,0.00
2015.01.30 13:32:23.941,12.64359,12.64659,0.00,0.00
2015.01.30 13:32:24.059,12.64317,12.64659,0.00,0.00
2015.01.30 13:32:24.249,12.64298,12.64634,0.00,0.00
2015.01.30 13:32:24.445,12.64304,12.64646,0.00,0.00
2015.01.30 13:32:24.547,12.64359,12.64674,0.00,0.00
2015.01.30 13:32:24.648,12.6442,12.64762,0.00,0.00
2015.01.30 13:32:24.776,12.64551,12.64762,0.00,0.00
2015.01.30 13:32:24.927,12.6458,12.6492,0.00,0.00
2015.01.30 13:32:24.977,12.64658,12.6492,0.00,0.00
2015.01.30 13:32:25.078,12.64558,12.64921,0.00,0.00
2015.01.30 13:32:25.128,12.64558,12.64839,0.00,0.00
2015.01.30 13:32:25.179,12.64509,12.64839,0.00,0.00
2015.01.30 13:32:25.280,12.64558,12.64863,0.00,0.00
2015.01.30 13:32:25.330,12.64558,12.64898,0.00,0.00
2015.01.30 13:32:25.431,12.64574,12.64916,0.00,0.00
2015.01.30 13:32:25.642,12.64619,12.6496,0.00,0.00
2015.01.30 13:32:25.693,12.64619,12.64963,0.00,0.00
2015.01.30 13:32:25.743,12.64609,12.64924,0.00,0.00
2015.01.30 13:32:25.844,12.64512,12.64856,0.00,0.00
2015.01.30 13:32:25.945,12.64559,12.64856,0.00,0.00
2015.01.30 13:32:26.045,12.64529,12.6486,0.00,0.00
2015.01.30 13:32:26.096,12.64529,12.64873,0.00,0.00
2015.01.30 13:32:26.146,12.64549,12.64893,0.00,0.00
2015.01.30 13:32:26.448,12.64639,12.64983,0.00,0.00
2015.01.30 13:32:26.755,12.64664,12.65008,0.00,0.00
2015.01.30 13:32:27.102,12.64715,12.65051,0.00,0.00
2015.01.30 13:32:27.398,12.64548,12.64892,0.00,0.00
2015.01.30 13:32:27.449,12.64522,12.64866,0.00,0.00
2015.01.30 13:32:28.127,12.64522,12.64851,0.00,0.00
2015.01.30 13:32:28.177,12.64507,12.64851,0.00,0.00
2015.01.30 13:32:28.345,12.6453,12.64851,0.00,0.00
2015.01.30 13:32:28.647,12.64767,12.65111,0.00,0.00
2015.01.30 13:32:28.743,12.64708,12.65046,0.00,0.00
2015.01.30 13:32:29.045,12.64702,12.64981,0.00,0.00
2015.01.30 13:32:29.196,12.64547,12.64889,0.00,0.00
2015.01.30 13:32:29.246,12.64558,12.64889,0.00,0.00
2015.01.30 13:32:29.397,12.64531,12.64875,0.00,0.00
2015.01.30 13:32:29.448,12.64558,12.64875,0.00,0.00
2015.01.30 13:32:29.599,12.646,12.64944,0.00,0.00
2015.01.30 13:32:29.653,12.64565,12.64907,0.00,0.00
2015.01.30 13:32:29.804,12.64608,12.64952,0.00,0.00
2015.01.30 13:32:29.905,12.64622,12.64961,0.00,0.00
2015.01.30 13:32:29.976,12.64622,12.64964,0.00,0.00
2015.01.30 13:32:30.280,12.64589,12.6492,0.00,0.00
2015.01.30 13:32:30.380,12.64526,12.6487,0.00,0.00
2015.01.30 13:32:30.481,12.64623,12.64967,0.00,0.00
2015.01.30 13:32:30.783,12.6471,12.65054,0.00,0.00
2015.01.30 13:32:31.085,12.64749,12.64996,0.00,0.00
2015.01.30 13:32:31.135,12.64659,12.64996,0.00,0.00
2015.01.30 13:32:31.186,12.64659,12.64979,0.00,0.00
2015.01.30 13:32:31.337,12.64626,12.64968,0.00,0.00
2015.01.30 13:32:31.438,12.64708,12.65023,0.00,0.00
2015.01.30 13:32:31.488,12.64708,12.6505,0.00,0.00
2015.01.30 13:32:31.589,12.64719,12.65063,0.00,0.00
2015.01.30 13:32:31.690,12.64658,12.64985,0.00,0.00
2015.01.30 13:32:31.891,12.64716,12.65058,0.00,0.00
2015.01.30 13:32:31.991,12.64758,12.65099,0.00,0.00
2015.01.30 13:32:32.142,12.64799,12.65143,0.00,0.00
2015.01.30 13:32:32.378,12.64809,12.65153,0.00,0.00
2015.01.30 13:32:32.680,12.65008,12.65333,0.00,0.00
2015.01.30 13:32:33.117,12.64974,12.65318,0.00,0.00
2015.01.30 13:32:33.217,12.65008,12.65334,0.00,0.00
2015.01.30 13:32:33.320,12.65016,12.65358,0.00,0.00
2015.01.30 13:32:33.423,12.65008,12.65335,0.00,0.00
2015.01.30 13:32:33.674,12.64991,12.65335,0.00,0.00
2015.01.30 13:32:33.725,12.64952,12.65296,0.00,0.00
2015.01.30 13:32:34.027,12.64905,12.65247,0.00,0.00
2015.01.30 13:32:34.338,12.64921,12.65263,0.00,0.00
2015.01.30 13:32:34.389,12.64919,12.65263,0.00,0.00
2015.01.30 13:32:34.439,12.64958,12.65263,0.00,0.00
2015.01.30 13:32:34.657,12.64919,12.65263,0.00,0.00
2015.01.30 13:32:34.708,12.64935,12.65277,0.00,0.00
2015.01.30 13:32:34.909,12.65031,12.65375,0.00,0.00
2015.01.30 13:32:34.960,12.65049,12.65375,0.00,0.00
2015.01.30 13:32:35.010,12.65082,12.65421,0.00,0.00
2015.01.30 13:32:35.111,12.65082,12.65424,0.00,0.00
2015.01.30 13:32:35.665,12.65082,12.65351,0.00,0.00
2015.01.30 13:32:35.715,12.65041,12.65351,0.00,0.00
2015.01.30 13:32:35.766,12.65041,12.65385,0.00,0.00
2015.01.30 13:32:35.816,12.65011,12.65355,0.00,0.00
2015.01.30 13:32:36.174,12.65049,12.65375,0.00,0.00
2015.01.30 13:32:36.404,12.65011,12.65355,0.00,0.00
2015.01.30 13:32:36.458,12.65011,12.65321,0.00,0.00
2015.01.30 13:32:36.508,12.64992,12.65321,0.00,0.00
2015.01.30 13:32:36.609,12.64958,12.65265,0.00,0.00
2015.01.30 13:32:36.728,12.64958,12.6529,0.00,0.00
2015.01.30 13:32:36.829,12.64946,12.6529,0.00,0.00
2015.01.30 13:32:36.929,12.64927,12.65269,0.00,0.00
2015.01.30 13:32:37.265,12.64992,12.65334,0.00,0.00
2015.01.30 13:32:37.571,12.64958,12.65299,0.00,0.00
2015.01.30 13:32:37.824,12.65051,12.65395,0.00,0.00
2015.01.30 13:32:37.925,12.65094,12.6542,0.00,0.00
2015.01.30 13:32:38.025,12.65011,12.65355,0.00,0.00
2015.01.30 13:32:38.132,12.65008,12.65345,0.00,0.00
2015.01.30 13:32:38.183,12.65001,12.65345,0.00,0.00
2015.01.30 13:32:38.233,12.65033,12.65377,0.00,0.00
2015.01.30 13:32:38.536,12.65058,12.654,0.00,0.00
2015.01.30 13:32:38.637,12.65087,12.65431,0.00,0.00
2015.01.30 13:32:38.738,12.65087,12.65421,0.00,0.00
2015.01.30 13:32:38.839,12.65062,12.65406,0.00,0.00
2015.01.30 13:32:39.117,12.65059,12.6539,0.00,0.00
2015.01.30 13:32:39.167,12.65048,12.6538,0.00,0.00
2015.01.30 13:32:39.268,12.65158,12.65361,0.00,0.00
2015.01.30 13:32:39.319,12.65158,12.6544,0.00,0.00
2015.01.30 13:32:39.419,12.65068,12.6541,0.00,0.00
2015.01.30 13:32:39.520,12.65107,12.65421,0.00,0.00
2015.01.30 13:32:39.621,12.65078,12.6542,0.00,0.00
2015.01.30 13:32:40.005,12.65118,12.6546,0.00,0.00
2015.01.30 13:32:40.606,12.65158,12.65478,0.00,0.00
2015.01.30 13:32:40.766,12.65219,12.65551,0.00,0.00
2015.01.30 13:32:40.817,12.65219,12.65563,0.00,0.00
2015.01.30 13:32:41.139,12.65158,12.65502,0.00,0.00
2015.01.30 13:32:41.445,12.64992,12.65336,0.00,0.00
2015.01.30 13:32:41.766,12.64837,12.65151,0.00,0.00
2015.01.30 13:32:41.925,12.64837,12.65181,0.00,0.00
2015.01.30 13:32:42.036,12.64788,12.65091,0.00,0.00
2015.01.30 13:32:42.148,12.64737,12.65081,0.00,0.00
2015.01.30 13:32:42.368,12.64737,12.6502,0.00,0.00
2015.01.30 13:32:42.419,12.64658,12.6502,0.00,0.00
2015.01.30 13:32:42.519,12.64609,12.64979,0.00,0.00
2015.01.30 13:32:42.771,12.64658,12.64979,0.00,0.00
2015.01.30 13:32:42.871,12.64608,12.64979,0.00,0.00
2015.01.30 13:32:42.922,12.64608,12.64981,0.00,0.00
2015.01.30 13:32:43.023,12.64608,12.65009,0.00,0.00
2015.01.30 13:32:43.123,12.64601,12.64943,0.00,0.00
2015.01.30 13:32:43.503,12.64559,12.6487,0.00,0.00
2015.01.30 13:32:43.553,12.64598,12.6494,0.00,0.00
2015.01.30 13:32:43.654,12.64607,12.64951,0.00,0.00
2015.01.30 13:32:43.755,12.64627,12.64971,0.00,0.00
2015.01.30 13:32:44.071,12.64609,12.64951,0.00,0.00
2015.01.30 13:32:44.395,12.64659,12.6498,0.00,0.00
2015.01.30 13:32:44.635,12.64638,12.6498,0.00,0.00
2015.01.30 13:32:44.892,12.64709,12.6498,0.00,0.00
2015.01.30 13:32:44.943,12.64709,12.65,0.00,0.00
2015.01.30 13:32:45.043,12.64758,12.65051,0.00,0.00
2015.01.30 13:32:45.094,12.64758,12.651,0.00,0.00
2015.01.30 13:32:45.194,12.64777,12.65121,0.00,0.00
2015.01.30 13:32:45.447,12.64728,12.6507,0.00,0.00
2015.01.30 13:32:45.598,12.64657,12.65001,0.00,0.00
2015.01.30 13:32:45.648,12.64598,12.6494,0.00,0.00
2015.01.30 13:32:45.749,12.64607,12.64951,0.00,0.00
2015.01.30 13:32:45.950,12.64583,12.64925,0.00,0.00
2015.01.30 13:32:46.321,12.64538,12.6488,0.00,0.00
2015.01.30 13:32:46.728,12.64538,12.6486,0.00,0.00
2015.01.30 13:32:47.030,12.64749,12.64971,0.00,0.00
2015.01.30 13:32:47.081,12.64627,12.64971,0.00,0.00
2015.01.30 13:32:47.232,12.64547,12.64891,0.00,0.00
2015.01.30 13:32:47.619,12.64527,12.64871,0.00,0.00
2015.01.30 13:32:47.926,12.64518,12.6486,0.00,0.00
2015.01.30 13:32:48.037,12.64537,12.64881,0.00,0.00
2015.01.30 13:32:48.172,12.64558,12.649,0.00,0.00
2015.01.30 13:32:48.490,12.64638,12.6498,0.00,0.00
2015.01.30 13:32:49.821,12.64638,12.64971,0.00,0.00
2015.01.30 13:32:49.872,12.64622,12.64966,0.00,0.00
2015.01.30 13:32:50.365,12.64603,12.64945,0.00,0.00
2015.01.30 13:32:50.466,12.64577,12.6492,0.00,0.00
2015.01.30 13:32:50.765,12.64617,12.6492,0.00,0.00
2015.01.30 13:32:50.815,12.64617,12.64961,0.00,0.00
2015.01.30 13:32:50.866,12.64627,12.64971,0.00,0.00
2015.01.30 13:32:51.167,12.64685,12.65021,0.00,0.00
2015.01.30 13:32:51.219,12.64685,12.65029,0.00,0.00
2015.01.30 13:32:51.270,12.64786,12.65121,0.00,0.00
2015.01.30 13:32:51.471,12.64887,12.65231,0.00,0.00
2015.01.30 13:32:51.666,12.64938,12.6528,0.00,0.00
2015.01.30 13:32:51.996,12.65028,12.6537,0.00,0.00
2015.01.30 13:32:52.147,12.65072,12.65416,0.00,0.00
2015.01.30 13:32:52.215,12.65072,12.65332,0.00,0.00
2015.01.30 13:32:52.265,12.64972,12.65316,0.00,0.00
2015.01.30 13:32:52.325,12.64972,12.65222,0.00,0.00
2015.01.30 13:32:52.476,12.64897,12.65222,0.00,0.00
2015.01.30 13:32:52.577,12.64863,12.65205,0.00,0.00
2015.01.30 13:32:52.677,12.64863,12.65162,0.00,0.00
2015.01.30 13:32:52.778,12.64818,12.6516,0.00,0.00
2015.01.30 13:32:52.879,12.64779,12.65121,0.00,0.00
2015.01.30 13:32:53.466,12.64754,12.65096,0.00,0.00
2015.01.30 13:32:53.791,12.64833,12.65177,0.00,0.00
2015.01.30 13:32:53.845,12.64853,12.65197,0.00,0.00
2015.01.30 13:32:54.147,12.64843,12.65161,0.00,0.00
2015.01.30 13:32:54.197,12.64788,12.6513,0.00,0.00
2015.01.30 13:32:54.772,12.64804,12.65148,0.00,0.00
2015.01.30 13:32:54.872,12.64817,12.65161,0.00,0.00
2015.01.30 13:32:56.006,12.64805,12.65149,0.00,0.00
2015.01.30 13:32:56.371,12.64751,12.65093,0.00,0.00
2015.01.30 13:32:56.715,12.64891,12.65233,0.00,0.00
2015.01.30 13:32:57.635,12.64891,12.65222,0.00,0.00
2015.01.30 13:32:57.686,12.64805,12.65147,0.00,0.00
2015.01.30 13:32:57.786,12.6475,12.65092,0.00,0.00
2015.01.30 13:32:58.155,12.6475,12.65072,0.00,0.00
2015.01.30 13:32:58.206,12.64689,12.65033,0.00,0.00
2015.01.30 13:32:58.261,12.64659,12.65003,0.00,0.00
2015.01.30 13:32:58.662,12.64676,12.6502,0.00,0.00
2015.01.30 13:32:58.990,12.64659,12.65003,0.00,0.00
2015.01.30 13:32:59.665,12.64645,12.64987,0.00,0.00
2015.01.30 13:32:59.765,12.64534,12.64878,0.00,0.00
2015.01.30 13:32:59.866,12.64489,12.64833,0.00,0.00
2015.01.30 13:33:00.216,12.64439,12.64783,0.00,0.00
2015.01.30 13:33:00.316,12.64412,12.64772,0.00,0.00
2015.01.30 13:33:00.367,12.64396,12.6484,0.00,0.00
2015.01.30 13:33:00.712,12.64396,12.64832,0.00,0.00
2015.01.30 13:33:01.019,12.64482,12.6484,0.00,0.00
2015.01.30 13:33:01.220,12.64729,12.65122,0.00,0.00
2015.01.30 13:33:01.271,12.64851,12.65151,0.00,0.00
2015.01.30 13:33:01.321,12.64851,12.6526,0.00,0.00
2015.01.30 13:33:01.372,12.64826,12.6526,0.00,0.00
2015.01.30 13:33:01.611,12.64891,12.6526,0.00,0.00
2015.01.30 13:33:01.661,12.64891,12.65331,0.00,0.00
2015.01.30 13:33:01.712,12.64921,12.65365,0.00,0.00
2015.01.30 13:33:01.812,12.64951,12.65395,0.00,0.00
2015.01.30 13:33:02.246,12.64977,12.65419,0.00,0.00
2015.01.30 13:33:02.692,12.64896,12.6534,0.00,0.00
2015.01.30 13:33:03.412,12.64916,12.65358,0.00,0.00
2015.01.30 13:33:03.463,12.64916,12.6536,0.00,0.00
2015.01.30 13:33:03.513,12.64942,12.65384,0.00,0.00
2015.01.30 13:33:03.866,12.64911,12.65355,0.00,0.00
2015.01.30 13:33:04.017,12.64893,12.65337,0.00,0.00
2015.01.30 13:33:04.331,12.64713,12.65122,0.00,0.00
2015.01.30 13:33:04.432,12.64696,12.6514,0.00,0.00
2015.01.30 13:33:05.133,12.64696,12.6507,0.00,0.00
2015.01.30 13:33:05.235,12.64623,12.65058,0.00,0.00
2015.01.30 13:33:05.336,12.64593,12.65037,0.00,0.00
2015.01.30 13:33:05.490,12.64623,12.65058,0.00,0.00
2015.01.30 13:33:05.607,12.64607,12.65049,0.00,0.00
2015.01.30 13:33:05.708,12.64583,12.65027,0.00,0.00
2015.01.30 13:33:05.758,12.64583,12.6497,0.00,0.00
2015.01.30 13:33:05.809,12.64536,12.64969,0.00,0.00
2015.01.30 13:33:05.909,12.64503,12.64947,0.00,0.00
2015.01.30 13:33:06.094,12.64543,12.64969,0.00,0.00
2015.01.30 13:33:06.195,12.64515,12.64959,0.00,0.00
2015.01.30 13:33:06.346,12.64569,12.64969,0.00,0.00
2015.01.30 13:33:06.702,12.64543,12.64969,0.00,0.00
2015.01.30 13:33:07.177,12.64548,12.64969,0.00,0.00
2015.01.30 13:33:07.508,12.64643,12.65072,0.00,0.00
2015.01.30 13:33:07.644,12.64615,12.65021,0.00,0.00
2015.01.30 13:33:07.748,12.64538,12.6497,0.00,0.00
2015.01.30 13:33:07.851,12.64517,12.64961,0.00,0.00
2015.01.30 13:33:08.007,12.64529,12.64961,0.00,0.00
2015.01.30 13:33:08.309,12.64676,12.65048,0.00,0.00
2015.01.30 13:33:08.410,12.64676,12.65118,0.00,0.00
2015.01.30 13:33:08.461,12.64701,12.65118,0.00,0.00
2015.01.30 13:33:08.515,12.64688,12.65118,0.00,0.00
2015.01.30 13:33:09.133,12.64652,12.65094,0.00,0.00
2015.01.30 13:33:09.184,12.64652,12.65071,0.00,0.00
2015.01.30 13:33:09.673,12.64652,12.65089,0.00,0.00
2015.01.30 13:33:09.774,12.64652,12.65094,0.00,0.00
2015.01.30 13:33:09.874,12.64686,12.65121,0.00,0.00
2015.01.30 13:33:10.228,12.64709,12.6512,0.00,0.00
2015.01.30 13:33:10.575,12.6477,12.65121,0.00,0.00
2015.01.30 13:33:10.885,12.64983,12.65327,0.00,0.00
2015.01.30 13:33:11.223,12.64969,12.65311,0.00,0.00
2015.01.30 13:33:11.425,12.65051,12.65395,0.00,0.00
2015.01.30 13:33:11.530,12.65057,12.65399,0.00,0.00
2015.01.30 13:33:11.736,12.65065,12.65409,0.00,0.00
2015.01.30 13:33:11.790,12.65058,12.6546,0.00,0.00
2015.01.30 13:33:11.890,12.65103,12.65472,0.00,0.00
2015.01.30 13:33:11.941,12.65103,12.65521,0.00,0.00
2015.01.30 13:33:12.115,12.65086,12.65521,0.00,0.00
2015.01.30 13:33:12.216,12.65073,12.65517,0.00,0.00
2015.01.30 13:33:12.267,12.65073,12.65471,0.00,0.00
2015.01.30 13:33:12.317,12.65024,12.65466,0.00,0.00
2015.01.30 13:33:12.492,12.64993,12.65437,0.00,0.00
2015.01.30 13:33:12.592,12.65132,12.65474,0.00,0.00
2015.01.30 13:33:12.693,12.65146,12.6549,0.00,0.00
2015.01.30 13:33:12.795,12.65157,12.65471,0.00,0.00
2015.01.30 13:33:12.896,12.65105,12.65449,0.00,0.00
2015.01.30 13:33:12.997,12.6512,12.65462,0.00,0.00
2015.01.30 13:33:13.393,12.65107,12.65449,0.00,0.00
2015.01.30 13:33:13.793,12.65096,12.65438,0.00,0.00
2015.01.30 13:33:13.844,12.65107,12.65451,0.00,0.00
2015.01.30 13:33:14.145,12.65094,12.65421,0.00,0.00
2015.01.30 13:33:14.245,12.65066,12.6541,0.00,0.00
2015.01.30 13:33:14.296,12.65055,12.65399,0.00,0.00
2015.01.30 13:33:14.610,12.65055,12.65382,0.00,0.00
2015.01.30 13:33:14.912,12.65023,12.65331,0.00,0.00
2015.01.30 13:33:14.986,12.65023,12.65367,0.00,0.00
2015.01.30 13:33:15.098,12.64998,12.65342,0.00,0.00
2015.01.30 13:33:15.400,12.64963,12.6527,0.00,0.00
2015.01.30 13:33:15.450,12.64963,12.65292,0.00,0.00
2015.01.30 13:33:15.501,12.64969,12.65292,0.00,0.00
2015.01.30 13:33:15.602,12.64929,12.6527,0.00,0.00
2015.01.30 13:33:15.744,12.64929,12.65251,0.00,0.00
2015.01.30 13:33:16.362,12.64929,12.6525,0.00,0.00
2015.01.30 13:33:16.589,12.64988,12.65332,0.00,0.00
2015.01.30 13:33:16.746,12.65078,12.65332,0.00,0.00
2015.01.30 13:33:16.847,12.65078,12.65358,0.00,0.00
2015.01.30 13:33:16.898,12.65029,12.65373,0.00,0.00
2015.01.30 13:33:16.949,12.65044,12.65386,0.00,0.00
2015.01.30 13:33:17.288,12.65033,12.6537,0.00,0.00
2015.01.30 13:33:17.339,12.64998,12.65342,0.00,0.00
2015.01.30 13:33:17.907,12.65019,12.65361,0.00,0.00
2015.01.30 13:33:18.232,12.65034,12.65332,0.00,0.00
2015.01.30 13:33:18.509,12.65018,12.65332,0.00,0.00
2015.01.30 13:33:18.839,12.64997,12.65332,0.00,0.00
2015.01.30 13:33:19.411,12.65008,12.65332,0.00,0.00
2015.01.30 13:33:19.511,12.64989,12.65331,0.00,0.00
2015.01.30 13:33:19.937,12.65008,12.65332,0.00,0.00
2015.01.30 13:33:20.280,12.64968,12.65282,0.00,0.00
2015.01.30 13:33:20.384,12.65053,12.6537,0.00,0.00
2015.01.30 13:33:20.487,12.65003,12.65332,0.00,0.00
2015.01.30 13:33:20.538,12.64984,12.65328,0.00,0.00
2015.01.30 13:33:20.639,12.65032,12.65282,0.00,0.00
2015.01.30 13:33:20.745,12.6489,12.65234,0.00,0.00
2015.01.30 13:33:20.847,12.64904,12.65232,0.00,0.00
2015.01.30 13:33:21.158,12.6492,12.65232,0.00,0.00
2015.01.30 13:33:21.258,12.64805,12.65149,0.00,0.00
2015.01.30 13:33:21.309,12.64805,12.65122,0.00,0.00
2015.01.30 13:33:21.538,12.64853,12.65171,0.00,0.00
2015.01.30 13:33:21.654,12.64868,12.65171,0.00,0.00
2015.01.30 13:33:21.719,12.64856,12.65171,0.00,0.00
2015.01.30 13:33:21.819,12.64856,12.652,0.00,0.00
2015.01.30 13:33:21.870,12.64856,12.65171,0.00,0.00
2015.01.30 13:33:21.920,12.64839,12.65171,0.00,0.00
2015.01.30 13:33:21.971,12.64839,12.65132,0.00,0.00
2015.01.30 13:33:22.021,12.64717,12.65059,0.00,0.00
2015.01.30 13:33:22.122,12.64701,12.65045,0.00,0.00
2015.01.30 13:33:22.172,12.64701,12.65021,0.00,0.00
2015.01.30 13:33:22.223,12.64661,12.65003,0.00,0.00
2015.01.30 13:33:22.323,12.64648,12.6499,0.00,0.00
2015.01.30 13:33:22.424,12.64636,12.6498,0.00,0.00
2015.01.30 13:33:22.475,12.64636,12.64961,0.00,0.00
2015.01.30 13:33:22.626,12.64633,12.64961,0.00,0.00
2015.01.30 13:33:23.022,12.64649,12.64961,0.00,0.00
2015.01.30 13:33:23.123,12.64634,12.6496,0.00,0.00
2015.01.30 13:33:23.173,12.64634,12.6491,0.00,0.00
2015.01.30 13:33:23.224,12.6461,12.6491,0.00,0.00
2015.01.30 13:33:23.423,12.64597,12.6491,0.00,0.00
2015.01.30 13:33:23.526,12.64564,12.64908,0.00,0.00
2015.01.30 13:33:23.630,12.64611,12.6491,0.00,0.00
2015.01.30 13:33:24.144,12.64591,12.64911,0.00,0.00
2015.01.30 13:33:24.349,12.64561,12.64905,0.00,0.00
2015.01.30 13:33:24.399,12.64561,12.64832,0.00,0.00
2015.01.30 13:33:24.450,12.64522,12.64832,0.00,0.00
2015.01.30 13:33:24.551,12.64502,12.648,0.00,0.00
2015.01.30 13:33:24.868,12.64516,12.64801,0.00,0.00
2015.01.30 13:33:24.969,12.64441,12.64781,0.00,0.00
2015.01.30 13:33:25.019,12.64441,12.64711,0.00,0.00
2015.01.30 13:33:25.070,12.64421,12.64711,0.00,0.00
2015.01.30 13:33:25.328,12.64437,12.64711,0.00,0.00
2015.01.30 13:33:25.729,12.64381,12.64711,0.00,0.00
2015.01.30 13:33:25.780,12.64381,12.6476,0.00,0.00
2015.01.30 13:33:25.830,12.64381,12.64751,0.00,0.00
2015.01.30 13:33:26.031,12.64381,12.6476,0.00,0.00
2015.01.30 13:33:26.132,12.64462,12.64761,0.00,0.00
2015.01.30 13:33:26.446,12.64481,12.64751,0.00,0.00
2015.01.30 13:33:26.496,12.64481,12.6476,0.00,0.00
2015.01.30 13:33:26.547,12.64461,12.6476,0.00,0.00
2015.01.30 13:33:27.146,12.64461,12.64752,0.00,0.00
2015.01.30 13:33:27.247,12.6444,12.6476,0.00,0.00
2015.01.30 13:33:27.436,12.64465,12.6476,0.00,0.00
2015.01.30 13:33:27.902,12.64465,12.64801,0.00,0.00
2015.01.30 13:33:27.996,12.64465,12.64809,0.00,0.00
2015.01.30 13:33:28.144,12.6449,12.6477,0.00,0.00
2015.01.30 13:33:28.253,12.64456,12.64798,0.00,0.00
2015.01.30 13:33:28.363,12.64405,12.64721,0.00,0.00
2015.01.30 13:33:29.032,12.64405,12.64749,0.00,0.00
2015.01.30 13:33:29.264,12.64481,12.64823,0.00,0.00
2015.01.30 13:33:29.364,12.645,12.64844,0.00,0.00
2015.01.30 13:33:29.465,12.64585,12.64921,0.00,0.00
2015.01.30 13:33:29.752,12.64493,12.64837,0.00,0.00
2015.01.30 13:33:29.802,12.64463,12.64721,0.00,0.00
2015.01.30 13:33:29.853,12.64439,12.64721,0.00,0.00
2015.01.30 13:33:29.961,12.64439,12.64781,0.00,0.00
2015.01.30 13:33:30.164,12.64463,12.64807,0.00,0.00
2015.01.30 13:33:30.215,12.64463,12.64802,0.00,0.00
2015.01.30 13:33:30.947,12.64513,12.64802,0.00,0.00
2015.01.30 13:33:30.998,12.64513,12.6481,0.00,0.00
2015.01.30 13:33:31.101,12.64513,12.64801,0.00,0.00
2015.01.30 13:33:31.152,12.64413,12.64757,0.00,0.00
2015.01.30 13:33:31.253,12.64428,12.6477,0.00,0.00
2015.01.30 13:33:31.562,12.64463,12.64801,0.00,0.00
2015.01.30 13:33:31.869,12.64363,12.6467,0.00,0.00
2015.01.30 13:33:32.175,12.64372,12.64701,0.00,0.00
2015.01.30 13:33:32.382,12.64392,12.64701,0.00,0.00
2015.01.30 13:33:32.588,12.64381,12.64701,0.00,0.00
2015.01.30 13:33:32.729,12.64381,12.64692,0.00,0.00
2015.01.30 13:33:32.779,12.64376,12.64692,0.00,0.00
2015.01.30 13:33:32.880,12.64274,12.64571,0.00,0.00
2015.01.30 13:33:32.983,12.64242,12.64571,0.00,0.00
2015.01.30 13:33:33.052,12.64206,12.64548,0.00,0.00
2015.01.30 13:33:33.103,12.64206,12.6451,0.00,0.00
2015.01.30 13:33:33.153,12.6419,12.6451,0.00,0.00
2015.01.30 13:33:33.203,12.6419,12.64501,0.00,0.00
2015.01.30 13:33:33.254,12.64151,12.64493,0.00,0.00
2015.01.30 13:33:33.305,12.64151,12.6446,0.00,0.00
2015.01.30 13:33:33.355,12.64133,12.6446,0.00,0.00
2015.01.30 13:33:33.406,12.64133,12.64411,0.00,0.00
2015.01.30 13:33:33.456,12.64031,12.64375,0.00,0.00
2015.01.30 13:33:33.507,12.64031,12.64351,0.00,0.00
2015.01.30 13:33:33.753,12.64031,12.64361,0.00,0.00
2015.01.30 13:33:33.854,12.64031,12.64352,0.00,0.00
2015.01.30 13:33:33.904,12.64007,12.64349,0.00,0.00
2015.01.30 13:33:34.005,12.64007,12.64301,0.00,0.00
2015.01.30 13:33:34.914,12.64007,12.643,0.00,0.00
2015.01.30 13:33:35.073,12.6388,12.643,0.00,0.00
2015.01.30 13:33:35.124,12.63872,12.642,0.00,0.00
2015.01.30 13:33:35.225,12.63893,12.64301,0.00,0.00
2015.01.30 13:33:35.275,12.63924,12.64301,0.00,0.00
2015.01.30 13:33:35.581,12.63958,12.64301,0.00,0.00
2015.01.30 13:33:36.086,12.63958,12.643,0.00,0.00
2015.01.30 13:33:36.393,12.64082,12.64411,0.00,0.00
2015.01.30 13:33:36.717,12.64106,12.64411,0.00,0.00
2015.01.30 13:33:37.024,12.64159,12.64474,0.00,0.00
2015.01.30 13:33:37.124,12.64159,12.64494,0.00,0.00
2015.01.30 13:33:37.175,12.64187,12.645,0.00,0.00
2015.01.30 13:33:37.511,12.64222,12.6455,0.00,0.00
2015.01.30 13:33:37.612,12.64241,12.6455,0.00,0.00
2015.01.30 13:33:37.716,12.64277,12.64611,0.00,0.00
2015.01.30 13:33:38.233,12.64265,12.6441,0.00,0.00
2015.01.30 13:33:38.283,12.64099,12.6441,0.00,0.00
2015.01.30 13:33:38.384,12.64074,12.6441,0.00,0.00
2015.01.30 13:33:38.485,12.64109,12.64501,0.00,0.00
2015.01.30 13:33:38.636,12.64109,12.6445,0.00,0.00
2015.01.30 13:33:39.017,12.64158,12.64451,0.00,0.00
2015.01.30 13:33:39.652,12.64158,12.6445,0.00,0.00
2015.01.30 13:33:40.101,12.64212,12.64451,0.00,0.00
2015.01.30 13:33:40.169,12.64212,12.64511,0.00,0.00
2015.01.30 13:33:40.219,12.64232,12.64511,0.00,0.00
2015.01.30 13:33:40.717,12.64218,12.6451,0.00,0.00
2015.01.30 13:33:40.914,12.64231,12.64511,0.00,0.00
2015.01.30 13:33:40.965,12.64231,12.6455,0.00,0.00
2015.01.30 13:33:41.116,12.64257,12.64551,0.00,0.00
2015.01.30 13:33:41.620,12.64257,12.6455,0.00,0.00
2015.01.30 13:33:41.721,12.64215,12.64551,0.00,0.00
2015.01.30 13:33:41.919,12.64232,12.6455,0.00,0.00
2015.01.30 13:33:42.317,12.64257,12.6455,0.00,0.00
2015.01.30 13:33:42.778,12.64246,12.64551,0.00,0.00
2015.01.30 13:33:42.890,12.64242,12.64551,0.00,0.00
2015.01.30 13:33:43.382,12.6422,12.6455,0.00,0.00
2015.01.30 13:33:43.432,12.6422,12.6451,0.00,0.00
2015.01.30 13:33:43.483,12.64196,12.6451,0.00,0.00
2015.01.30 13:33:43.533,12.64071,12.64228,0.00,0.00
2015.01.30 13:33:43.635,12.63782,12.63911,0.00,0.00
2015.01.30 13:33:43.736,12.63729,12.63862,0.00,0.00
2015.01.30 13:33:43.789,12.63658,12.63862,0.00,0.00
2015.01.30 13:33:43.889,12.63683,12.64012,0.00,0.00
2015.01.30 13:33:43.990,12.63714,12.64012,0.00,0.00
2015.01.30 13:33:44.091,12.63646,12.6399,0.00,0.00
2015.01.30 13:33:44.141,12.63646,12.63971,0.00,0.00
2015.01.30 13:33:44.192,12.63596,12.6394,0.00,0.00
2015.01.30 13:33:44.242,12.63596,12.6391,0.00,0.00
2015.01.30 13:33:44.393,12.63539,12.63871,0.00,0.00
2015.01.30 13:33:44.445,12.63539,12.6391,0.00,0.00
2015.01.30 13:33:44.495,12.63583,12.6391,0.00,0.00
2015.01.30 13:33:44.697,12.63608,12.63971,0.00,0.00
2015.01.30 13:33:44.803,12.63653,12.63971,0.00,0.00
2015.01.30 13:33:45.105,12.63777,12.64101,0.00,0.00
2015.01.30 13:33:45.205,12.63746,12.64,0.00,0.00
2015.01.30 13:33:45.306,12.63707,12.64001,0.00,0.00
2015.01.30 13:33:45.423,12.63687,12.64,0.00,0.00
2015.01.30 13:33:45.526,12.63706,12.64001,0.00,0.00
2015.01.30 13:33:45.629,12.63641,12.63985,0.00,0.00
2015.01.30 13:33:45.682,12.63641,12.63911,0.00,0.00
2015.01.30 13:33:45.835,12.63622,12.63911,0.00,0.00
2015.01.30 13:33:45.938,12.63622,12.63872,0.00,0.00
2015.01.30 13:33:46.038,12.63538,12.63801,0.00,0.00
2015.01.30 13:33:46.094,12.63577,12.63801,0.00,0.00
2015.01.30 13:33:46.145,12.63577,12.63911,0.00,0.00
2015.01.30 13:33:46.195,12.63601,12.63911,0.00,0.00
2015.01.30 13:33:46.246,12.63601,12.63945,0.00,0.00
2015.01.30 13:33:46.296,12.63617,12.63959,0.00,0.00
2015.01.30 13:33:46.598,12.63601,12.639,0.00,0.00
2015.01.30 13:33:46.648,12.63601,12.63945,0.00,0.00
2015.01.30 13:33:46.699,12.63657,12.63999,0.00,0.00
2015.01.30 13:33:47.000,12.63497,12.638,0.00,0.00
2015.01.30 13:33:47.101,12.63482,12.638,0.00,0.00
2015.01.30 13:33:47.151,12.63539,12.638,0.00,0.00
2015.01.30 13:33:47.302,12.63638,12.63911,0.00,0.00
2015.01.30 13:33:47.403,12.63638,12.63975,0.00,0.00
2015.01.30 13:33:47.575,12.63631,12.63975,0.00,0.00
2015.01.30 13:33:47.626,12.63602,12.63946,0.00,0.00
2015.01.30 13:33:47.945,12.63588,12.63911,0.00,0.00
2015.01.30 13:33:48.050,12.63564,12.63908,0.00,0.00
2015.01.30 13:33:48.101,12.63583,12.6391,0.00,0.00
2015.01.30 13:33:48.420,12.63517,12.63861,0.00,0.00
2015.01.30 13:33:48.502,12.63502,12.63846,0.00,0.00
2015.01.30 13:33:48.804,12.63561,12.6379,0.00,0.00
2015.01.30 13:33:48.854,12.63561,12.63905,0.00,0.00
2015.01.30 13:33:48.905,12.63574,12.6391,0.00,0.00
2015.01.30 13:33:49.056,12.63627,12.63971,0.00,0.00
2015.01.30 13:33:49.106,12.63667,12.63971,0.00,0.00
2015.01.30 13:33:49.307,12.63678,12.64,0.00,0.00
2015.01.30 13:33:49.504,12.63698,12.64001,0.00,0.00
2015.01.30 13:33:49.851,12.63752,12.64,0.00,0.00
2015.01.30 13:33:49.902,12.63752,12.64096,0.00,0.00
2015.01.30 13:33:49.957,12.63752,12.64071,0.00,0.00
2015.01.30 13:33:50.292,12.63768,12.64071,0.00,0.00
2015.01.30 13:33:50.443,12.63892,12.642,0.00,0.00
2015.01.30 13:33:50.544,12.63917,12.642,0.00,0.00
2015.01.30 13:33:50.645,12.63901,12.642,0.00,0.00
2015.01.30 13:33:50.745,12.63877,12.64201,0.00,0.00
2015.01.30 13:33:51.118,12.63837,12.64201,0.00,0.00
2015.01.30 13:33:51.191,12.63859,12.64271,0.00,0.00
2015.01.30 13:33:51.242,12.63859,12.64226,0.00,0.00
2015.01.30 13:33:51.343,12.63813,12.64211,0.00,0.00
2015.01.30 13:33:51.398,12.6391,12.64255,0.00,0.00
2015.01.30 13:33:51.706,12.64019,12.64363,0.00,0.00
2015.01.30 13:33:52.133,12.6402,12.64321,0.00,0.00
2015.01.30 13:33:52.243,12.63994,12.64338,0.00,0.00
2015.01.30 13:33:52.729,12.63984,12.64326,0.00,0.00
2015.01.30 13:33:53.034,12.63958,12.643,0.00,0.00
2015.01.30 13:33:53.235,12.63939,12.64283,0.00,0.00
2015.01.30 13:33:53.336,12.6398,12.64322,0.00,0.00
2015.01.30 13:33:53.538,12.63935,12.64279,0.00,0.00
2015.01.30 13:33:53.839,12.63957,12.64299,0.00,0.00
2015.01.30 13:33:54.040,12.63936,12.6428,0.00,0.00
2015.01.30 13:33:54.090,12.63936,12.64221,0.00,0.00
2015.01.30 13:33:54.141,12.63923,12.64221,0.00,0.00
2015.01.30 13:33:54.482,12.63905,12.64221,0.00,0.00
2015.01.30 13:33:54.842,12.6392,12.64221,0.00,0.00
2015.01.30 13:33:55.190,12.63902,12.64221,0.00,0.00
2015.01.30 13:33:55.291,12.6392,12.64221,0.00,0.00
2015.01.30 13:33:55.820,12.6392,12.6422,0.00,0.00
2015.01.30 13:33:56.025,12.6392,12.64262,0.00,0.00
2015.01.30 13:33:56.076,12.63934,12.64278,0.00,0.00
2015.01.30 13:33:56.128,12.63934,12.64221,0.00,0.00
2015.01.30 13:33:56.232,12.63959,12.64301,0.00,0.00
2015.01.30 13:33:57.259,12.63934,12.64276,0.00,0.00
2015.01.30 13:33:57.348,12.63949,12.64293,0.00,0.00
2015.01.30 13:33:57.771,12.64,12.64301,0.00,0.00
2015.01.30 13:33:57.821,12.64,12.64331,0.00,0.00
2015.01.30 13:33:58.098,12.64013,12.64331,0.00,0.00
2015.01.30 13:33:58.351,12.64,12.64331,0.00,0.00
2015.01.30 13:33:58.752,12.63947,12.64289,0.00,0.00
2015.01.30 13:33:59.155,12.63977,12.643,0.00,0.00
2015.01.30 13:33:59.362,12.6396,12.64301,0.00,0.00
2015.01.30 13:33:59.415,12.6396,12.64271,0.00,0.00
2015.01.30 13:33:59.466,12.63911,12.64255,0.00,0.00
2015.01.30 13:33:59.518,12.63911,12.64221,0.00,0.00
2015.01.30 13:33:59.568,12.63886,12.64221,0.00,0.00
2015.01.30 13:33:59.755,12.63919,12.64251,0.00,0.00
2015.01.30 13:34:00.138,12.63948,12.6425,0.00,0.00
2015.01.30 13:34:00.188,12.63904,12.64248,0.00,0.00
2015.01.30 13:34:00.289,12.6388,12.64211,0.00,0.00
2015.01.30 13:34:00.484,12.63786,12.64128,0.00,0.00
2015.01.30 13:34:00.584,12.63812,12.64121,0.00,0.00
2015.01.30 13:34:00.906,12.63801,12.6412,0.00,0.00
2015.01.30 13:34:00.959,12.63834,12.6412,0.00,0.00
2015.01.30 13:34:01.110,12.63864,12.64201,0.00,0.00
2015.01.30 13:34:01.161,12.63889,12.64201,0.00,0.00
2015.01.30 13:34:01.420,12.63929,12.64251,0.00,0.00
2015.01.30 13:34:01.470,12.63952,12.64251,0.00,0.00
2015.01.30 13:34:01.890,12.63981,12.64251,0.00,0.00
2015.01.30 13:34:01.941,12.63981,12.64301,0.00,0.00
2015.01.30 13:34:02.092,12.63923,12.64267,0.00,0.00
2015.01.30 13:34:02.142,12.63923,12.6425,0.00,0.00
2015.01.30 13:34:02.474,12.63895,12.64239,0.00,0.00
2015.01.30 13:34:02.525,12.63895,12.64211,0.00,0.00
2015.01.30 13:34:02.832,12.63957,12.6425,0.00,0.00
2015.01.30 13:34:02.883,12.6394,12.6425,0.00,0.00
2015.01.30 13:34:02.964,12.63926,12.6425,0.00,0.00
2015.01.30 13:34:03.492,12.63926,12.64251,0.00,0.00
2015.01.30 13:34:03.666,12.63902,12.64244,0.00,0.00
2015.01.30 13:34:03.783,12.63871,12.642,0.00,0.00
2015.01.30 13:34:04.099,12.63856,12.64192,0.00,0.00
2015.01.30 13:34:04.155,12.63856,12.6418,0.00,0.00
2015.01.30 13:34:04.258,12.63856,12.642,0.00,0.00
2015.01.30 13:34:04.309,12.63864,12.64201,0.00,0.00
2015.01.30 13:34:04.464,12.63889,12.64233,0.00,0.00
2015.01.30 13:34:04.515,12.63904,12.64248,0.00,0.00
2015.01.30 13:34:04.817,12.63775,12.6407,0.00,0.00
2015.01.30 13:34:04.917,12.63747,12.64071,0.00,0.00
2015.01.30 13:34:05.471,12.63835,12.64071,0.00,0.00
2015.01.30 13:34:05.522,12.63835,12.6416,0.00,0.00
2015.01.30 13:34:05.673,12.6386,12.6416,0.00,0.00
2015.01.30 13:34:05.773,12.63837,12.64142,0.00,0.00
2015.01.30 13:34:05.824,12.63837,12.6407,0.00,0.00
2015.01.30 13:34:05.874,12.63769,12.6407,0.00,0.00
2015.01.30 13:34:05.975,12.63799,12.64071,0.00,0.00
2015.01.30 13:34:06.025,12.63799,12.64092,0.00,0.00
2015.01.30 13:34:06.076,12.63844,12.6416,0.00,0.00
2015.01.30 13:34:06.177,12.63859,12.64161,0.00,0.00
2015.01.30 13:34:06.227,12.63859,12.64188,0.00,0.00
2015.01.30 13:34:06.277,12.63875,12.64201,0.00,0.00
2015.01.30 13:34:06.328,12.63875,12.64217,0.00,0.00
2015.01.30 13:34:06.378,12.63925,12.64251,0.00,0.00
2015.01.30 13:34:06.704,12.63787,12.64051,0.00,0.00
2015.01.30 13:34:06.755,12.63787,12.64092,0.00,0.00
2015.01.30 13:34:06.805,12.63804,12.64092,0.00,0.00
2015.01.30 13:34:06.856,12.63804,12.64111,0.00,0.00
2015.01.30 13:34:06.956,12.63788,12.64111,0.00,0.00
2015.01.30 13:34:07.084,12.63809,12.6411,0.00,0.00
2015.01.30 13:34:07.193,12.63789,12.64133,0.00,0.00
2015.01.30 13:34:07.375,12.63789,12.64091,0.00,0.00
2015.01.30 13:34:07.588,12.63824,12.64168,0.00,0.00
2015.01.30 13:34:07.709,12.63844,12.64172,0.00,0.00
2015.01.30 13:34:08.034,12.63859,12.64122,0.00,0.00
2015.01.30 13:34:08.085,12.63848,12.64122,0.00,0.00
2015.01.30 13:34:08.192,12.63869,12.64122,0.00,0.00
2015.01.30 13:34:08.292,12.63869,12.64213,0.00,0.00
2015.01.30 13:34:08.450,12.63834,12.64111,0.00,0.00
2015.01.30 13:34:08.501,12.6379,12.64121,0.00,0.00
2015.01.30 13:34:08.838,12.6379,12.64132,0.00,0.00
2015.01.30 13:34:08.939,12.63804,12.64148,0.00,0.00
2015.01.30 13:34:08.989,12.63814,12.64151,0.00,0.00
2015.01.30 13:34:09.039,12.63814,12.64158,0.00,0.00
2015.01.30 13:34:09.090,12.63859,12.64171,0.00,0.00
2015.01.30 13:34:09.392,12.64014,12.64332,0.00,0.00
2015.01.30 13:34:09.492,12.64033,12.64332,0.00,0.00
2015.01.30 13:34:09.573,12.64033,12.64341,0.00,0.00
2015.01.30 13:34:09.724,12.64051,12.6438,0.00,0.00
2015.01.30 13:34:09.884,12.64029,12.64373,0.00,0.00
2015.01.30 13:34:10.111,12.6401,12.64352,0.00,0.00
2015.01.30 13:34:10.429,12.64022,12.64332,0.00,0.00
2015.01.30 13:34:10.480,12.64022,12.64364,0.00,0.00
2015.01.30 13:34:10.530,12.64012,12.64354,0.00,0.00
2015.01.30 13:34:10.631,12.64054,12.64398,0.00,0.00
2015.01.30 13:34:10.731,12.64082,12.6442,0.00,0.00
2015.01.30 13:34:11.251,12.64082,12.64421,0.00,0.00
2015.01.30 13:34:11.510,12.64051,12.64395,0.00,0.00
2015.01.30 13:34:11.819,12.64071,12.64415,0.00,0.00
2015.01.30 13:34:12.126,12.64063,12.64405,0.00,0.00
2015.01.30 13:34:12.505,12.64074,12.64416,0.00,0.00
2015.01.30 13:34:12.834,12.64103,12.64445,0.00,0.00
2015.01.30 13:34:13.159,12.64118,12.6446,0.00,0.00
2015.01.30 13:34:13.396,12.64067,12.64411,0.00,0.00
2015.01.30 13:34:14.012,12.63998,12.64332,0.00,0.00
2015.01.30 13:34:14.436,12.63953,12.64261,0.00,0.00
2015.01.30 13:34:14.756,12.63965,12.64261,0.00,0.00
2015.01.30 13:34:14.807,12.63953,12.64261,0.00,0.00
2015.01.30 13:34:15.127,12.63937,12.64261,0.00,0.00
2015.01.30 13:34:15.628,12.63926,12.64212,0.00,0.00
2015.01.30 13:34:15.835,12.6387,12.64162,0.00,0.00
2015.01.30 13:34:16.248,12.63845,12.64162,0.00,0.00
2015.01.30 13:34:16.646,12.63826,12.64101,0.00,0.00
2015.01.30 13:34:16.813,12.63805,12.64101,0.00,0.00
2015.01.30 13:34:17.206,12.63826,12.64101,0.00,0.00
2015.01.30 13:34:17.545,12.63783,12.64052,0.00,0.00
2015.01.30 13:34:17.646,12.63783,12.64111,0.00,0.00
2015.01.30 13:34:17.908,12.63773,12.64111,0.00,0.00
2015.01.30 13:34:18.009,12.63759,12.64103,0.00,0.00
2015.01.30 13:34:18.616,12.63785,12.64111,0.00,0.00
2015.01.30 13:34:18.918,12.63825,12.64161,0.00,0.00
2015.01.30 13:34:19.019,12.63811,12.64155,0.00,0.00
2015.01.30 13:34:19.069,12.63811,12.64121,0.00,0.00
2015.01.30 13:34:19.170,12.63826,12.64161,0.00,0.00
2015.01.30 13:34:19.271,12.63826,12.64122,0.00,0.00
2015.01.30 13:34:19.321,12.63795,12.64121,0.00,0.00
2015.01.30 13:34:19.422,12.63795,12.64139,0.00,0.00
2015.01.30 13:34:19.523,12.63783,12.6411,0.00,0.00
2015.01.30 13:34:19.629,12.63753,12.64097,0.00,0.00
2015.01.30 13:34:19.852,12.63765,12.64109,0.00,0.00
2015.01.30 13:34:20.212,12.63779,12.64109,0.00,0.00
2015.01.30 13:34:20.363,12.6387,12.64201,0.00,0.00
2015.01.30 13:34:20.464,12.63885,12.64201,0.00,0.00
2015.01.30 13:34:20.759,12.63885,12.6421,0.00,0.00
2015.01.30 13:34:21.146,12.63899,12.64241,0.00,0.00
2015.01.30 13:34:21.249,12.63914,12.64251,0.00,0.00
2015.01.30 13:34:21.444,12.63894,12.64238,0.00,0.00
2015.01.30 13:34:21.495,12.63894,12.6422,0.00,0.00
2015.01.30 13:34:21.861,12.63894,12.64152,0.00,0.00
2015.01.30 13:34:22.114,12.63894,12.64202,0.00,0.00
2015.01.30 13:34:22.402,12.6392,12.64202,0.00,0.00
2015.01.30 13:34:22.743,12.6392,12.64152,0.00,0.00
2015.01.30 13:34:22.793,12.6392,12.64202,0.00,0.00
2015.01.30 13:34:22.994,12.63924,12.64202,0.00,0.00
2015.01.30 13:34:23.296,12.6421,12.64402,0.00,0.00
2015.01.30 13:34:23.347,12.6421,12.64541,0.00,0.00
2015.01.30 13:34:23.397,12.64275,12.64541,0.00,0.00
2015.01.30 13:34:23.686,12.64275,12.64592,0.00,0.00
2015.01.30 13:34:23.786,12.64289,12.64592,0.00,0.00
2015.01.30 13:34:24.242,12.64325,12.64592,0.00,0.00
2015.01.30 13:34:24.342,12.64325,12.64651,0.00,0.00
2015.01.30 13:34:24.643,12.64325,12.64667,0.00,0.00
2015.01.30 13:34:24.743,12.64304,12.647,0.00,0.00
2015.01.30 13:34:25.192,12.64304,12.64721,0.00,0.00
2015.01.30 13:34:25.711,12.64304,12.64711,0.00,0.00
2015.01.30 13:34:26.109,12.64304,12.64631,0.00,0.00
2015.01.30 13:34:26.160,12.64291,12.64631,0.00,0.00
2015.01.30 13:34:26.260,12.64205,12.64611,0.00,0.00
2015.01.30 13:34:26.981,12.64205,12.6461,0.00,0.00
2015.01.30 13:34:27.506,12.64205,12.64571,0.00,0.00
2015.01.30 13:34:27.657,12.64135,12.64522,0.00,0.00
2015.01.30 13:34:27.763,12.64135,12.64511,0.00,0.00
2015.01.30 13:34:28.171,12.64138,12.6457,0.00,0.00
2015.01.30 13:34:28.363,12.64154,12.6457,0.00,0.00
2015.01.30 13:34:28.823,12.64189,12.64571,0.00,0.00
2015.01.30 13:34:28.934,12.64189,12.64598,0.00,0.00
2015.01.30 13:34:28.984,12.642,12.64611,0.00,0.00
2015.01.30 13:34:30.008,12.64219,12.6461,0.00,0.00
2015.01.30 13:34:30.167,12.64194,12.6461,0.00,0.00
2015.01.30 13:34:30.801,12.64194,12.64611,0.00,0.00
2015.01.30 13:34:30.873,12.64215,12.64611,0.00,0.00
2015.01.30 13:34:32.774,12.64215,12.64621,0.00,0.00
2015.01.30 13:34:32.825,12.64215,12.64572,0.00,0.00
2015.01.30 13:34:32.925,12.64188,12.64581,0.00,0.00
2015.01.30 13:34:32.976,12.64188,12.64611,0.00,0.00
2015.01.30 13:34:33.026,12.64254,12.64598,0.00,0.00
2015.01.30 13:34:33.734,12.64274,12.64611,0.00,0.00
2015.01.30 13:34:33.835,12.64299,12.64643,0.00,0.00
2015.01.30 13:34:33.935,12.64349,12.64693,0.00,0.00
2015.01.30 13:34:34.244,12.64335,12.64671,0.00,0.00
2015.01.30 13:34:34.501,12.64335,12.64677,0.00,0.00
2015.01.30 13:34:34.895,12.64355,12.64697,0.00,0.00
2015.01.30 13:34:36.120,12.64334,12.64678,0.00,0.00
2015.01.30 13:34:37.645,12.64354,12.64698,0.00,0.00
2015.01.30 13:34:38.054,12.64299,12.64597,0.00,0.00
2015.01.30 13:34:38.104,12.64259,12.64597,0.00,0.00
2015.01.30 13:34:38.155,12.64189,12.6451,0.00,0.00
2015.01.30 13:34:38.255,12.64214,12.64558,0.00,0.00
2015.01.30 13:34:38.406,12.64214,12.64522,0.00,0.00
2015.01.30 13:34:38.457,12.64088,12.64422,0.00,0.00
2015.01.30 13:34:38.507,12.64139,12.64422,0.00,0.00
2015.01.30 13:34:38.558,12.64205,12.64547,0.00,0.00
2015.01.30 13:34:38.978,12.64164,12.64508,0.00,0.00
2015.01.30 13:34:39.079,12.64176,12.6448,0.00,0.00
2015.01.30 13:34:39.181,12.64176,12.6452,0.00,0.00
2015.01.30 13:34:39.281,12.64244,12.64571,0.00,0.00
2015.01.30 13:34:39.337,12.64179,12.64523,0.00,0.00
2015.01.30 13:34:39.387,12.64179,12.6451,0.00,0.00
2015.01.30 13:34:39.840,12.64194,12.64511,0.00,0.00
2015.01.30 13:34:40.444,12.64215,12.64511,0.00,0.00
2015.01.30 13:34:40.495,12.64215,12.64557,0.00,0.00
2015.01.30 13:34:40.636,12.64239,12.64557,0.00,0.00
2015.01.30 13:34:40.938,12.64314,12.64572,0.00,0.00
2015.01.30 13:34:40.989,12.64286,12.64572,0.00,0.00
2015.01.30 13:34:41.090,12.6426,12.64572,0.00,0.00
2015.01.30 13:34:41.414,12.6426,12.64502,0.00,0.00
2015.01.30 13:34:42.190,12.64241,12.64502,0.00,0.00
2015.01.30 13:34:44.576,12.64241,12.6455,0.00,0.00
2015.01.30 13:34:44.626,12.64316,12.64552,0.00,0.00
2015.01.30 13:34:44.676,12.64316,12.64602,0.00,0.00
2015.01.30 13:34:44.781,12.6434,12.64602,0.00,0.00
2015.01.30 13:34:44.884,12.6434,12.64661,0.00,0.00
2015.01.30 13:34:45.433,12.6434,12.64622,0.00,0.00
2015.01.30 13:34:45.484,12.64305,12.64622,0.00,0.00
2015.01.30 13:34:45.585,12.64271,12.64571,0.00,0.00
2015.01.30 13:34:45.640,12.64271,12.6461,0.00,0.00
2015.01.30 13:34:45.691,12.64326,12.64571,0.00,0.00
2015.01.30 13:34:45.791,12.6435,12.64661,0.00,0.00
2015.01.30 13:34:45.892,12.64325,12.64622,0.00,0.00
2015.01.30 13:34:45.993,12.64261,12.6457,0.00,0.00
2015.01.30 13:34:46.580,12.64261,12.64603,0.00,0.00
2015.01.30 13:34:46.635,12.64326,12.64622,0.00,0.00
2015.01.30 13:34:46.685,12.64326,12.64661,0.00,0.00
2015.01.30 13:34:46.736,12.64351,12.64661,0.00,0.00
2015.01.30 13:34:47.243,12.64351,12.6466,0.00,0.00
2015.01.30 13:34:47.639,12.64425,12.64671,0.00,0.00
2015.01.30 13:34:47.689,12.6436,12.64671,0.00,0.00
2015.01.30 13:34:48.538,12.6436,12.6466,0.00,0.00
2015.01.30 13:34:48.818,12.64335,12.6466,0.00,0.00
2015.01.30 13:34:48.869,12.64335,12.64622,0.00,0.00
2015.01.30 13:34:48.919,12.6428,12.64611,0.00,0.00
2015.01.30 13:34:49.765,12.6428,12.64572,0.00,0.00
2015.01.30 13:34:49.816,12.64261,12.64572,0.00,0.00
2015.01.30 13:34:49.917,12.64286,12.64611,0.00,0.00
2015.01.30 13:34:50.202,12.64286,12.64622,0.00,0.00
2015.01.30 13:34:50.296,12.64305,12.64622,0.00,0.00
2015.01.30 13:34:50.714,12.64325,12.64651,0.00,0.00
2015.01.30 13:34:50.915,12.64351,12.6465,0.00,0.00
2015.01.30 13:34:50.966,12.64351,12.64672,0.00,0.00
2015.01.30 13:34:51.077,12.64351,12.64693,0.00,0.00
2015.01.30 13:34:51.128,12.64426,12.647,0.00,0.00
2015.01.30 13:34:51.178,12.64426,12.64732,0.00,0.00
2015.01.30 13:34:51.279,12.64426,12.64768,0.00,0.00
2015.01.30 13:34:51.329,12.64476,12.64781,0.00,0.00
2015.01.30 13:34:51.380,12.64476,12.64818,0.00,0.00
2015.01.30 13:34:51.430,12.64526,12.64832,0.00,0.00
2015.01.30 13:34:51.732,12.64525,12.64869,0.00,0.00
2015.01.30 13:34:51.833,12.64556,12.64891,0.00,0.00
2015.01.30 13:34:52.134,12.64556,12.64881,0.00,0.00
2015.01.30 13:34:52.722,12.64535,12.64832,0.00,0.00
2015.01.30 13:34:52.823,12.6447,12.64814,0.00,0.00
2015.01.30 13:34:53.243,12.6447,12.64781,0.00,0.00
2015.01.30 13:34:53.444,12.6445,12.64781,0.00,0.00
2015.01.30 13:34:53.495,12.6445,12.64731,0.00,0.00
2015.01.30 13:34:53.645,12.6438,12.64721,0.00,0.00
2015.01.30 13:34:53.746,12.64441,12.64782,0.00,0.00
2015.01.30 13:34:53.847,12.64435,12.64779,0.00,0.00
2015.01.30 13:34:53.948,12.64461,12.64803,0.00,0.00
2015.01.30 13:34:54.431,12.64501,12.64832,0.00,0.00
2015.01.30 13:34:54.507,12.64461,12.64803,0.00,0.00
2015.01.30 13:34:54.908,12.64481,12.64823,0.00,0.00
2015.01.30 13:34:55.215,12.64555,12.6482,0.00,0.00
2015.01.30 13:34:55.265,12.64555,12.64881,0.00,0.00
2015.01.30 13:34:55.316,12.6456,12.64881,0.00,0.00
2015.01.30 13:34:55.467,12.64561,12.64901,0.00,0.00
2015.01.30 13:34:55.567,12.64561,12.64882,0.00,0.00
2015.01.30 13:34:55.714,12.64561,12.64903,0.00,0.00
2015.01.30 13:34:55.919,12.6458,12.64921,0.00,0.00
2015.01.30 13:34:56.361,12.64605,12.64931,0.00,0.00
2015.01.30 13:34:56.462,12.64592,12.64931,0.00,0.00
2015.01.30 13:34:56.763,12.64592,12.64882,0.00,0.00
2015.01.30 13:34:56.813,12.64573,12.64882,0.00,0.00
2015.01.30 13:34:56.914,12.64556,12.64882,0.00,0.00
2015.01.30 13:34:57.015,12.64541,12.64881,0.00,0.00
2015.01.30 13:34:57.115,12.64595,12.64881,0.00,0.00
2015.01.30 13:34:57.216,12.64595,12.64931,0.00,0.00
2015.01.30 13:34:57.317,12.64645,12.64951,0.00,0.00
2015.01.30 13:34:57.367,12.64645,12.64981,0.00,0.00
2015.01.30 13:34:57.418,12.64665,12.64981,0.00,0.00
2015.01.30 13:34:57.518,12.64645,12.64981,0.00,0.00
2015.01.30 13:34:57.569,12.64645,12.64989,0.00,0.00
2015.01.30 13:34:57.669,12.64644,12.64982,0.00,0.00
2015.01.30 13:34:57.820,12.64623,12.64967,0.00,0.00
2015.01.30 13:34:57.921,12.64589,12.6489,0.00,0.00
2015.01.30 13:34:58.022,12.64546,12.6489,0.00,0.00
2015.01.30 13:34:58.239,12.6458,12.64924,0.00,0.00
2015.01.30 13:34:58.601,12.646,12.64932,0.00,0.00
2015.01.30 13:34:58.652,12.64573,12.64915,0.00,0.00
2015.01.30 13:34:58.753,12.64553,12.64897,0.00,0.00
2015.01.30 13:34:59.052,12.64567,12.64911,0.00,0.00
2015.01.30 13:34:59.422,12.6458,12.64921,0.00,0.00
2015.01.30 13:34:59.472,12.6458,12.64924,0.00,0.00
2015.01.30 13:34:59.783,12.64581,12.6492,0.00,0.00
2015.01.30 13:34:59.984,12.64625,12.64969,0.00,0.00
2015.01.30 13:35:00.035,12.64651,12.64982,0.00,0.00
2015.01.30 13:35:00.299,12.64651,12.64993,0.00,0.00
2015.01.30 13:35:00.400,12.64785,12.65129,0.00,0.00
2015.01.30 13:35:00.450,12.6479,12.65134,0.00,0.00
2015.01.30 13:35:00.752,12.6477,12.65072,0.00,0.00
2015.01.30 13:35:01.055,12.6477,12.65114,0.00,0.00
2015.01.30 13:35:01.105,12.64799,12.65114,0.00,0.00
2015.01.30 13:35:01.206,12.64815,12.65159,0.00,0.00
2015.01.30 13:35:01.256,12.6476,12.65104,0.00,0.00
2015.01.30 13:35:01.558,12.6475,12.65094,0.00,0.00
2015.01.30 13:35:01.891,12.6478,12.65121,0.00,0.00
2015.01.30 13:35:01.942,12.6476,12.65102,0.00,0.00
2015.01.30 13:35:02.046,12.6476,12.65071,0.00,0.00
2015.01.30 13:35:02.234,12.64748,12.65071,0.00,0.00
2015.01.30 13:35:02.353,12.64769,12.65071,0.00,0.00
2015.01.30 13:35:02.403,12.64769,12.65113,0.00,0.00
2015.01.30 13:35:03.163,12.64749,12.65089,0.00,0.00
2015.01.30 13:35:03.501,12.64731,12.65021,0.00,0.00
2015.01.30 13:35:03.552,12.64706,12.65021,0.00,0.00
2015.01.30 13:35:03.652,12.64689,12.65021,0.00,0.00
2015.01.30 13:35:03.939,12.64709,12.65021,0.00,0.00
2015.01.30 13:35:04.040,12.64695,12.65021,0.00,0.00
2015.01.30 13:35:04.240,12.64684,12.65021,0.00,0.00
2015.01.30 13:35:04.485,12.6471,12.65021,0.00,0.00
2015.01.30 13:35:05.022,12.64697,12.65021,0.00,0.00
2015.01.30 13:35:05.344,12.64686,12.65021,0.00,0.00
2015.01.30 13:35:05.545,12.64705,12.65021,0.00,0.00
2015.01.30 13:35:06.006,12.64705,12.64932,0.00,0.00
2015.01.30 13:35:06.056,12.64679,12.64932,0.00,0.00
2015.01.30 13:35:06.157,12.64607,12.64932,0.00,0.00
2015.01.30 13:35:06.207,12.64607,12.64911,0.00,0.00
2015.01.30 13:35:06.556,12.64607,12.64881,0.00,0.00
2015.01.30 13:35:06.669,12.6456,12.6487,0.00,0.00
2015.01.30 13:35:06.769,12.6456,12.64902,0.00,0.00
2015.01.30 13:35:06.937,12.6456,12.6489,0.00,0.00
2015.01.30 13:35:07.087,12.64549,12.6489,0.00,0.00
2015.01.30 13:35:07.138,12.64549,12.64881,0.00,0.00
2015.01.30 13:35:07.216,12.64549,12.6489,0.00,0.00
2015.01.30 13:35:07.267,12.64569,12.64913,0.00,0.00
2015.01.30 13:35:07.473,12.64449,12.64793,0.00,0.00
2015.01.30 13:35:07.804,12.6446,12.64782,0.00,0.00
2015.01.30 13:35:08.374,12.6448,12.64782,0.00,0.00
2015.01.30 13:35:08.525,12.64524,12.64832,0.00,0.00
2015.01.30 13:35:08.576,12.64524,12.64868,0.00,0.00
2015.01.30 13:35:08.677,12.6455,12.64882,0.00,0.00
2015.01.30 13:35:08.755,12.6455,12.64891,0.00,0.00
2015.01.30 13:35:08.906,12.6455,12.64881,0.00,0.00
2015.01.30 13:35:09.461,12.64524,12.64832,0.00,0.00
2015.01.30 13:35:09.663,12.64409,12.6473,0.00,0.00
2015.01.30 13:35:09.715,12.64409,12.6471,0.00,0.00
2015.01.30 13:35:09.765,12.64389,12.6471,0.00,0.00
2015.01.30 13:35:09.971,12.64409,12.64672,0.00,0.00
2015.01.30 13:35:10.072,12.64349,12.64672,0.00,0.00
2015.01.30 13:35:10.173,12.64334,12.64672,0.00,0.00
2015.01.30 13:35:10.223,12.64334,12.64622,0.00,0.00
2015.01.30 13:35:10.274,12.64309,12.64621,0.00,0.00
2015.01.30 13:35:11.050,12.64309,12.6462,0.00,0.00
2015.01.30 13:35:11.461,12.64344,12.64621,0.00,0.00
2015.01.30 13:35:11.512,12.64344,12.64671,0.00,0.00
2015.01.30 13:35:11.666,12.64399,12.6467,0.00,0.00
2015.01.30 13:35:11.716,12.64399,12.64711,0.00,0.00
2015.01.30 13:35:11.767,12.64349,12.64693,0.00,0.00
2015.01.30 13:35:11.817,12.64349,12.6467,0.00,0.00
2015.01.30 13:35:12.611,12.64349,12.64671,0.00,0.00
2015.01.30 13:35:13.316,12.64349,12.64681,0.00,0.00
2015.01.30 13:35:13.367,12.64389,12.64681,0.00,0.00
2015.01.30 13:35:13.417,12.64389,12.64721,0.00,0.00
2015.01.30 13:35:13.704,12.6437,12.64671,0.00,0.00
2015.01.30 13:35:14.238,12.6437,12.64712,0.00,0.00
2015.01.30 13:35:14.803,12.6437,12.64672,0.00,0.00
2015.01.30 13:35:14.972,12.6435,12.6467,0.00,0.00
2015.01.30 13:35:15.072,12.6435,12.64622,0.00,0.00
2015.01.30 13:35:15.173,12.64309,12.6462,0.00,0.00
2015.01.30 13:35:15.680,12.64309,12.64621,0.00,0.00
2015.01.30 13:35:16.174,12.64298,12.64621,0.00,0.00
2015.01.30 13:35:17.076,12.6431,12.64621,0.00,0.00
2015.01.30 13:35:17.778,12.64298,12.6462,0.00,0.00
2015.01.30 13:35:18.115,12.64259,12.64521,0.00,0.00
2015.01.30 13:35:18.179,12.6417,12.64503,0.00,0.00
2015.01.30 13:35:18.229,12.64159,12.6448,0.00,0.00
2015.01.30 13:35:18.553,12.642,12.6451,0.00,0.00
2015.01.30 13:35:18.986,12.642,12.64482,0.00,0.00
2015.01.30 13:35:19.087,12.64101,12.64443,0.00,0.00
2015.01.30 13:35:19.137,12.64101,12.6442,0.00,0.00
2015.01.30 13:35:19.188,12.64072,12.64414,0.00,0.00
2015.01.30 13:35:19.238,12.64088,12.64414,0.00,0.00
2015.01.30 13:35:19.339,12.64145,12.64487,0.00,0.00
2015.01.30 13:35:19.390,12.64179,12.6452,0.00,0.00
2015.01.30 13:35:19.672,12.64205,12.64547,0.00,0.00
2015.01.30 13:35:19.723,12.6425,12.6456,0.00,0.00
2015.01.30 13:35:19.823,12.64173,12.64517,0.00,0.00
2015.01.30 13:35:20.318,12.64209,12.64521,0.00,0.00
2015.01.30 13:35:20.625,12.6419,12.64471,0.00,0.00
2015.01.30 13:35:20.686,12.6414,12.64471,0.00,0.00
2015.01.30 13:35:21.088,12.64159,12.64431,0.00,0.00
2015.01.30 13:35:21.188,12.64107,12.64431,0.00,0.00
2015.01.30 13:35:21.239,12.64107,12.6442,0.00,0.00
2015.01.30 13:35:21.588,12.64089,12.6442,0.00,0.00
2015.01.30 13:35:22.117,12.64089,12.64421,0.00,0.00
2015.01.30 13:35:22.734,12.64089,12.6442,0.00,0.00
2015.01.30 13:35:23.306,12.64145,12.6442,0.00,0.00
2015.01.30 13:35:23.356,12.64145,12.64481,0.00,0.00
2015.01.30 13:35:23.407,12.64174,12.64482,0.00,0.00
2015.01.30 13:35:23.711,12.643,12.64612,0.00,0.00
2015.01.30 13:35:23.812,12.64279,12.64561,0.00,0.00
2015.01.30 13:35:24.175,12.6428,12.64521,0.00,0.00
2015.01.30 13:35:24.327,12.64159,12.64472,0.00,0.00
2015.01.30 13:35:24.633,12.64179,12.64511,0.00,0.00
2015.01.30 13:35:24.697,12.64159,12.64503,0.00,0.00
2015.01.30 13:35:24.748,12.64159,12.64471,0.00,0.00
2015.01.30 13:35:25.091,12.64139,12.64422,0.00,0.00
2015.01.30 13:35:25.141,12.64124,12.64421,0.00,0.00
2015.01.30 13:35:25.443,12.64125,12.64431,0.00,0.00
2015.01.30 13:35:25.544,12.64159,12.64471,0.00,0.00
2015.01.30 13:35:25.645,12.64153,12.64471,0.00,0.00
2015.01.30 13:35:25.745,12.64141,12.64471,0.00,0.00
2015.01.30 13:35:25.846,12.64159,12.6447,0.00,0.00
2015.01.30 13:35:26.156,12.64125,12.64422,0.00,0.00
2015.01.30 13:35:26.357,12.64109,12.64421,0.00,0.00
2015.01.30 13:35:26.458,12.64092,12.6442,0.00,0.00
2015.01.30 13:35:26.559,12.64106,12.64421,0.00,0.00
2015.01.30 13:35:27.565,12.64124,12.64421,0.00,0.00
2015.01.30 13:35:27.615,12.64124,12.64468,0.00,0.00
2015.01.30 13:35:27.766,12.64184,12.64471,0.00,0.00
2015.01.30 13:35:27.817,12.64184,12.64511,0.00,0.00
2015.01.30 13:35:28.032,12.64171,12.64511,0.00,0.00
2015.01.30 13:35:28.221,12.64171,12.64491,0.00,0.00
2015.01.30 13:35:28.373,12.64136,12.6447,0.00,0.00
2015.01.30 13:35:28.684,12.64148,12.64471,0.00,0.00
2015.01.30 13:35:28.994,12.64204,12.64471,0.00,0.00
2015.01.30 13:35:29.094,12.64225,12.64561,0.00,0.00
2015.01.30 13:35:29.245,12.64209,12.64553,0.00,0.00
2015.01.30 13:35:29.547,12.64225,12.64561,0.00,0.00
2015.01.30 13:35:29.851,12.64399,12.64561,0.00,0.00
2015.01.30 13:35:29.901,12.64399,12.64743,0.00,0.00
2015.01.30 13:35:30.131,12.64419,12.64761,0.00,0.00
2015.01.30 13:35:30.476,12.64386,12.64721,0.00,0.00
2015.01.30 13:35:30.526,12.64386,12.64728,0.00,0.00
2015.01.30 13:35:30.577,12.64409,12.64753,0.00,0.00
2015.01.30 13:35:30.864,12.64474,12.64761,0.00,0.00
2015.01.30 13:35:30.915,12.64474,12.64818,0.00,0.00
2015.01.30 13:35:31.282,12.6452,12.64862,0.00,0.00
2015.01.30 13:35:31.725,12.64554,12.64871,0.00,0.00
2015.01.30 13:35:31.775,12.64554,12.64898,0.00,0.00
2015.01.30 13:35:31.880,12.64554,12.64871,0.00,0.00
2015.01.30 13:35:31.930,12.64535,12.64871,0.00,0.00
2015.01.30 13:35:32.087,12.64535,12.64781,0.00,0.00
2015.01.30 13:35:32.138,12.64441,12.64753,0.00,0.00
2015.01.30 13:35:32.283,12.64409,12.64753,0.00,0.00
2015.01.30 13:35:33.126,12.64427,12.6476,0.00,0.00
2015.01.30 13:35:33.505,12.64427,12.64721,0.00,0.00
2015.01.30 13:35:33.632,12.64409,12.6472,0.00,0.00
2015.01.30 13:35:33.696,12.64385,12.6472,0.00,0.00
2015.01.30 13:35:33.847,12.64385,12.64671,0.00,0.00
2015.01.30 13:35:33.897,12.64365,12.6467,0.00,0.00
2015.01.30 13:35:33.998,12.64319,12.64663,0.00,0.00
2015.01.30 13:35:34.164,12.64319,12.64622,0.00,0.00
2015.01.30 13:35:34.215,12.64289,12.64622,0.00,0.00
2015.01.30 13:35:34.315,12.64248,12.64592,0.00,0.00
2015.01.30 13:35:34.599,12.64238,12.6458,0.00,0.00
2015.01.30 13:35:34.799,12.64252,12.64596,0.00,0.00
2015.01.30 13:35:34.900,12.64269,12.64613,0.00,0.00
2015.01.30 13:35:35.540,12.64334,12.64649,0.00,0.00
2015.01.30 13:35:35.591,12.64334,12.6467,0.00,0.00
2015.01.30 13:35:35.641,12.64359,12.64671,0.00,0.00
2015.01.30 13:35:35.866,12.64379,12.6472,0.00,0.00
2015.01.30 13:35:35.966,12.64369,12.64672,0.00,0.00
2015.01.30 13:35:36.195,12.64394,12.64722,0.00,0.00
2015.01.30 13:35:36.301,12.64394,12.64672,0.00,0.00
2015.01.30 13:35:36.351,12.64371,12.64672,0.00,0.00
2015.01.30 13:35:36.402,12.64371,12.64713,0.00,0.00
2015.01.30 13:35:36.504,12.64371,12.64671,0.00,0.00
2015.01.30 13:35:36.554,12.64344,12.64671,0.00,0.00
2015.01.30 13:35:36.604,12.64344,12.64621,0.00,0.00
2015.01.30 13:35:36.655,12.64284,12.64621,0.00,0.00
2015.01.30 13:35:36.756,12.64242,12.64586,0.00,0.00
2015.01.30 13:35:36.807,12.64356,12.6467,0.00,0.00
2015.01.30 13:35:36.907,12.64335,12.64671,0.00,0.00
2015.01.30 13:35:37.013,12.64339,12.6467,0.00,0.00
2015.01.30 13:35:37.370,12.64343,12.64671,0.00,0.00
2015.01.30 13:35:37.420,12.64319,12.64663,0.00,0.00
2015.01.30 13:35:37.822,12.64354,12.64672,0.00,0.00
2015.01.30 13:35:37.923,12.64275,12.64619,0.00,0.00
2015.01.30 13:35:38.024,12.64263,12.64607,0.00,0.00
2015.01.30 13:35:38.330,12.64315,12.64621,0.00,0.00
2015.01.30 13:35:38.381,12.64315,12.64657,0.00,0.00
2015.01.30 13:35:38.432,12.64335,12.64672,0.00,0.00
2015.01.30 13:35:38.583,12.64352,12.64696,0.00,0.00
2015.01.30 13:35:38.633,12.64363,12.64707,0.00,0.00
2015.01.30 13:35:38.979,12.64332,12.64674,0.00,0.00
2015.01.30 13:35:39.030,12.64318,12.64662,0.00,0.00
2015.01.30 13:35:39.132,12.64328,12.6467,0.00,0.00
2015.01.30 13:35:39.337,12.6434,12.64684,0.00,0.00
2015.01.30 13:35:39.442,12.6436,12.64704,0.00,0.00
2015.01.30 13:35:39.748,12.64363,12.64707,0.00,0.00
2015.01.30 13:35:40.108,12.64353,12.64697,0.00,0.00
2015.01.30 13:35:40.442,12.64338,12.64682,0.00,0.00
2015.01.30 13:35:40.768,12.64421,12.64721,0.00,0.00
2015.01.30 13:35:40.964,12.64405,12.64721,0.00,0.00
2015.01.30 13:35:41.019,12.64369,12.64711,0.00,0.00
2015.01.30 13:35:41.220,12.64341,12.64671,0.00,0.00
2015.01.30 13:35:41.321,12.64264,12.64606,0.00,0.00
2015.01.30 13:35:41.421,12.64295,12.64621,0.00,0.00
2015.01.30 13:35:41.721,12.64263,12.64607,0.00,0.00
2015.01.30 13:35:42.224,12.64288,12.64621,0.00,0.00
2015.01.30 13:35:42.422,12.64273,12.64615,0.00,0.00
2015.01.30 13:35:42.634,12.64256,12.646,0.00,0.00
2015.01.30 13:35:42.790,12.64246,12.64572,0.00,0.00
2015.01.30 13:35:42.840,12.64232,12.64572,0.00,0.00
2015.01.30 13:35:43.132,12.64232,12.64561,0.00,0.00
2015.01.30 13:35:43.402,12.64232,12.64572,0.00,0.00
2015.01.30 13:35:43.608,12.64232,12.64531,0.00,0.00
2015.01.30 13:35:43.658,12.64197,12.64521,0.00,0.00
2015.01.30 13:35:43.761,12.64211,12.64555,0.00,0.00
2015.01.30 13:35:43.862,12.64249,12.64561,0.00,0.00
2015.01.30 13:35:44.138,12.64203,12.64521,0.00,0.00
2015.01.30 13:35:44.445,12.64223,12.64521,0.00,0.00
2015.01.30 13:35:44.546,12.64273,12.64617,0.00,0.00
2015.01.30 13:35:44.654,12.64244,12.64586,0.00,0.00
2015.01.30 13:35:45.029,12.64303,12.64621,0.00,0.00
2015.01.30 13:35:45.708,12.64303,12.64622,0.00,0.00
2015.01.30 13:35:46.062,12.64292,12.64622,0.00,0.00
2015.01.30 13:35:46.162,12.64273,12.64571,0.00,0.00
2015.01.30 13:35:46.263,12.64251,12.64571,0.00,0.00
2015.01.30 13:35:46.636,12.64223,12.64522,0.00,0.00
2015.01.30 13:35:46.743,12.64243,12.64572,0.00,0.00
2015.01.30 13:35:46.905,12.6429,12.64572,0.00,0.00
2015.01.30 13:35:46.955,12.64308,12.6462,0.00,0.00
2015.01.30 13:35:47.007,12.64308,12.64631,0.00,0.00
2015.01.30 13:35:47.058,12.64383,12.64662,0.00,0.00
2015.01.30 13:35:47.164,12.64345,12.64687,0.00,0.00
2015.01.30 13:35:47.267,12.64357,12.64661,0.00,0.00
2015.01.30 13:35:47.369,12.64357,12.64671,0.00,0.00
2015.01.30 13:35:47.470,12.64368,12.64671,0.00,0.00
2015.01.30 13:35:47.574,12.64346,12.6467,0.00,0.00
2015.01.30 13:35:47.625,12.64346,12.64662,0.00,0.00
2015.01.30 13:35:47.927,12.64413,12.64721,0.00,0.00
2015.01.30 13:35:48.178,12.64352,12.64662,0.00,0.00
2015.01.30 13:35:49.151,12.64378,12.64671,0.00,0.00
2015.01.30 13:35:49.201,12.64378,12.64711,0.00,0.00
2015.01.30 13:35:49.481,12.64398,12.64661,0.00,0.00
2015.01.30 13:35:49.653,12.64359,12.64661,0.00,0.00
2015.01.30 13:35:49.782,12.64359,12.6468,0.00,0.00
2015.01.30 13:35:50.093,12.64373,12.64681,0.00,0.00
2015.01.30 13:35:50.394,12.64419,12.64721,0.00,0.00
2015.01.30 13:35:50.888,12.64469,12.64721,0.00,0.00
2015.01.30 13:35:50.938,12.64469,12.64741,0.00,0.00
2015.01.30 13:35:50.989,12.64469,12.64767,0.00,0.00
2015.01.30 13:35:51.143,12.64519,12.64767,0.00,0.00
2015.01.30 13:35:51.193,12.64519,12.64811,0.00,0.00
2015.01.30 13:35:51.583,12.64618,12.64876,0.00,0.00
2015.01.30 13:35:51.695,12.64618,12.64906,0.00,0.00
2015.01.30 13:35:51.798,12.64618,12.64892,0.00,0.00
2015.01.30 13:35:51.850,12.64618,12.6492,0.00,0.00
2015.01.30 13:35:52.004,12.64668,12.6492,0.00,0.00
2015.01.30 13:35:52.105,12.64668,12.64924,0.00,0.00
2015.01.30 13:35:52.205,12.64618,12.6493,0.00,0.00
2015.01.30 13:35:52.356,12.64618,12.64928,0.00,0.00
2015.01.30 13:35:52.701,12.64618,12.64903,0.00,0.00
2015.01.30 13:35:53.055,12.64618,12.64926,0.00,0.00
2015.01.30 13:35:53.105,12.64618,12.64921,0.00,0.00
2015.01.30 13:35:53.443,12.64618,12.64913,0.00,0.00
2015.01.30 13:35:53.864,12.64618,12.64921,0.00,0.00
2015.01.30 13:35:53.964,12.64618,12.64913,0.00,0.00
2015.01.30 13:35:55.084,12.64599,12.64913,0.00,0.00
2015.01.30 13:35:55.196,12.64569,12.64871,0.00,0.00
2015.01.30 13:35:55.506,12.64548,12.64855,0.00,0.00
2015.01.30 13:35:55.703,12.64548,12.64831,0.00,0.00
2015.01.30 13:35:55.753,12.64535,12.64831,0.00,0.00
2015.01.30 13:35:55.804,12.64499,12.6483,0.00,0.00
2015.01.30 13:35:55.862,12.64499,12.64828,0.00,0.00
2015.01.30 13:35:56.264,12.64499,12.64814,0.00,0.00
2015.01.30 13:35:56.578,12.64499,12.64802,0.00,0.00
2015.01.30 13:35:56.680,12.64499,12.64811,0.00,0.00
2015.01.30 13:35:56.866,12.64499,12.64809,0.00,0.00
2015.01.30 13:35:57.506,12.64499,12.6481,0.00,0.00
2015.01.30 13:35:58.044,12.64499,12.64811,0.00,0.00
2015.01.30 13:35:58.570,12.64499,12.6481,0.00,0.00
2015.01.30 13:35:59.119,12.64499,12.64811,0.00,0.00
2015.01.30 13:35:59.477,12.64548,12.64811,0.00,0.00
2015.01.30 13:35:59.581,12.64499,12.64811,0.00,0.00
2015.01.30 13:35:59.633,12.64499,12.64831,0.00,0.00
2015.01.30 13:35:59.683,12.64505,12.64831,0.00,0.00
2015.01.30 13:35:59.992,12.64499,12.64818,0.00,0.00
2015.01.30 13:36:00.092,12.64499,12.6483,0.00,0.00
2015.01.30 13:36:00.196,12.64502,12.64831,0.00,0.00
2015.01.30 13:36:00.397,12.64518,12.64862,0.00,0.00
2015.01.30 13:36:00.458,12.64518,12.64831,0.00,0.00
2015.01.30 13:36:00.768,12.64498,12.6481,0.00,0.00
2015.01.30 13:36:01.076,12.64498,12.64831,0.00,0.00
2015.01.30 13:36:01.126,12.64504,12.64831,0.00,0.00
2015.01.30 13:36:01.428,12.64498,12.64825,0.00,0.00
2015.01.30 13:36:01.579,12.64498,12.64828,0.00,0.00
2015.01.30 13:36:01.679,12.64525,12.6483,0.00,0.00
2015.01.30 13:36:01.802,12.64498,12.64811,0.00,0.00
2015.01.30 13:36:02.007,12.64498,12.64806,0.00,0.00
2015.01.30 13:36:02.408,12.64498,12.64811,0.00,0.00
2015.01.30 13:36:02.518,12.64498,12.64823,0.00,0.00
2015.01.30 13:36:02.652,12.64525,12.64862,0.00,0.00
2015.01.30 13:36:02.702,12.64598,12.64913,0.00,0.00
2015.01.30 13:36:02.803,12.6455,12.64892,0.00,0.00
2015.01.30 13:36:02.904,12.64599,12.64912,0.00,0.00
2015.01.30 13:36:03.604,12.64587,12.64912,0.00,0.00
2015.01.30 13:36:03.809,12.64599,12.64912,0.00,0.00
2015.01.30 13:36:04.016,12.64587,12.64912,0.00,0.00
2015.01.30 13:36:04.120,12.646,12.64912,0.00,0.00
2015.01.30 13:36:04.223,12.646,12.64921,0.00,0.00
2015.01.30 13:36:04.276,12.646,12.64942,0.00,0.00
2015.01.30 13:36:04.326,12.64665,12.64961,0.00,0.00
2015.01.30 13:36:04.636,12.64618,12.64931,0.00,0.00
2015.01.30 13:36:04.688,12.64618,12.64962,0.00,0.00
2015.01.30 13:36:04.738,12.64636,12.64962,0.00,0.00
2015.01.30 13:36:04.788,12.64636,12.6498,0.00,0.00
2015.01.30 13:36:04.839,12.64685,12.65011,0.00,0.00
2015.01.30 13:36:05.040,12.64666,12.6501,0.00,0.00
2015.01.30 13:36:05.186,12.64666,12.64962,0.00,0.00
2015.01.30 13:36:05.337,12.64609,12.64953,0.00,0.00
2015.01.30 13:36:05.392,12.64609,12.64939,0.00,0.00
2015.01.30 13:36:05.602,12.64609,12.64953,0.00,0.00
2015.01.30 13:36:05.703,12.64635,12.64961,0.00,0.00
2015.01.30 13:36:05.943,12.6461,12.64952,0.00,0.00
2015.01.30 13:36:06.096,12.6461,12.64912,0.00,0.00
2015.01.30 13:36:06.146,12.6459,12.64912,0.00,0.00
2015.01.30 13:36:06.610,12.6457,12.64912,0.00,0.00
2015.01.30 13:36:06.920,12.6458,12.64912,0.00,0.00
2015.01.30 13:36:07.351,12.64559,12.64903,0.00,0.00
2015.01.30 13:36:07.539,12.6458,12.64912,0.00,0.00
2015.01.30 13:36:07.728,12.64569,12.64912,0.00,0.00
2015.01.30 13:36:08.452,12.64569,12.6487,0.00,0.00
2015.01.30 13:36:08.553,12.64461,12.64805,0.00,0.00
2015.01.30 13:36:08.945,12.64459,12.64803,0.00,0.00
2015.01.30 13:36:09.252,12.64478,12.64811,0.00,0.00
2015.01.30 13:36:09.661,12.64459,12.64803,0.00,0.00
2015.01.30 13:36:09.814,12.64439,12.64771,0.00,0.00
2015.01.30 13:36:09.915,12.64371,12.64711,0.00,0.00
2015.01.30 13:36:10.016,12.6435,12.64694,0.00,0.00
2015.01.30 13:36:10.160,12.6435,12.64671,0.00,0.00
2015.01.30 13:36:10.412,12.64309,12.64653,0.00,0.00
2015.01.30 13:36:10.462,12.64292,12.64636,0.00,0.00
2015.01.30 13:36:10.764,12.64293,12.64612,0.00,0.00
2015.01.30 13:36:11.134,12.64259,12.64512,0.00,0.00
2015.01.30 13:36:11.247,12.64199,12.64511,0.00,0.00
2015.01.30 13:36:11.403,12.642,12.64542,0.00,0.00
2015.01.30 13:36:11.454,12.64224,12.6456,0.00,0.00
2015.01.30 13:36:11.655,12.64262,12.64604,0.00,0.00
2015.01.30 13:36:11.705,12.64262,12.64562,0.00,0.00
2015.01.30 13:36:11.806,12.64262,12.64601,0.00,0.00
2015.01.30 13:36:11.857,12.64262,12.64561,0.00,0.00
2015.01.30 13:36:11.958,12.64262,12.64601,0.00,0.00
2015.01.30 13:36:12.113,12.64262,12.64562,0.00,0.00
2015.01.30 13:36:12.372,12.64181,12.64511,0.00,0.00
2015.01.30 13:36:12.423,12.64206,12.64511,0.00,0.00
2015.01.30 13:36:12.849,12.64206,12.6455,0.00,0.00
2015.01.30 13:36:12.950,12.64227,12.64561,0.00,0.00
2015.01.30 13:36:13.260,12.64251,12.6456,0.00,0.00
2015.01.30 13:36:13.655,12.64251,12.64511,0.00,0.00
2015.01.30 13:36:13.755,12.64232,12.64499,0.00,0.00
2015.01.30 13:36:13.806,12.64232,12.64371,0.00,0.00
2015.01.30 13:36:13.856,12.64076,12.64371,0.00,0.00
2015.01.30 13:36:13.906,12.64076,12.64331,0.00,0.00
2015.01.30 13:36:13.957,12.64061,12.64331,0.00,0.00
2015.01.30 13:36:14.058,12.64105,12.64372,0.00,0.00
2015.01.30 13:36:14.108,12.64105,12.64421,0.00,0.00
2015.01.30 13:36:14.209,12.64077,12.64371,0.00,0.00
2015.01.30 13:36:14.259,12.64036,12.64371,0.00,0.00
2015.01.30 13:36:14.440,12.64077,12.64419,0.00,0.00
2015.01.30 13:36:14.558,12.64107,12.6442,0.00,0.00
2015.01.30 13:36:15.063,12.64107,12.64421,0.00,0.00
2015.01.30 13:36:15.770,12.64072,12.64414,0.00,0.00
2015.01.30 13:36:15.834,12.64041,12.64385,0.00,0.00
2015.01.30 13:36:15.885,12.64041,12.64331,0.00,0.00
2015.01.30 13:36:15.935,12.64026,12.64331,0.00,0.00
2015.01.30 13:36:15.986,12.64026,12.64321,0.00,0.00
2015.01.30 13:36:16.105,12.64026,12.6437,0.00,0.00
2015.01.30 13:36:16.156,12.64046,12.6439,0.00,0.00
2015.01.30 13:36:16.512,12.64082,12.6442,0.00,0.00
2015.01.30 13:36:16.842,12.64096,12.64421,0.00,0.00
2015.01.30 13:36:16.943,12.6408,12.6442,0.00,0.00
2015.01.30 13:36:17.439,12.64091,12.64421,0.00,0.00
2015.01.30 13:36:17.742,12.64082,12.64421,0.00,0.00
2015.01.30 13:36:18.048,12.64064,12.64408,0.00,0.00
2015.01.30 13:36:18.456,12.64092,12.64421,0.00,0.00
2015.01.30 13:36:18.972,12.64069,12.64371,0.00,0.00
2015.01.30 13:36:19.073,12.64011,12.64322,0.00,0.00
2015.01.30 13:36:19.123,12.64011,12.6432,0.00,0.00
2015.01.30 13:36:19.436,12.64026,12.64311,0.00,0.00
2015.01.30 13:36:19.486,12.64007,12.64311,0.00,0.00
2015.01.30 13:36:19.914,12.64007,12.64288,0.00,0.00
2015.01.30 13:36:19.965,12.63918,12.64211,0.00,0.00
2015.01.30 13:36:20.065,12.63957,12.64261,0.00,0.00
2015.01.30 13:36:20.365,12.63957,12.64211,0.00,0.00
2015.01.30 13:36:20.618,12.63922,12.64211,0.00,0.00
2015.01.30 13:36:20.670,12.63901,12.64211,0.00,0.00
2015.01.30 13:36:20.924,12.63901,12.64102,0.00,0.00
2015.01.30 13:36:20.975,12.63801,12.64102,0.00,0.00
2015.01.30 13:36:21.075,12.63826,12.6412,0.00,0.00
2015.01.30 13:36:21.126,12.63826,12.64161,0.00,0.00
2015.01.30 13:36:21.176,12.63882,12.64209,0.00,0.00
2015.01.30 13:36:21.486,12.63837,12.64162,0.00,0.00
2015.01.30 13:36:21.725,12.63809,12.64138,0.00,0.00
2015.01.30 13:36:21.782,12.63809,12.64151,0.00,0.00
2015.01.30 13:36:21.882,12.63848,12.64161,0.00,0.00
2015.01.30 13:36:21.983,12.63834,12.64161,0.00,0.00
2015.01.30 13:36:22.134,12.63834,12.64176,0.00,0.00
2015.01.30 13:36:22.235,12.63817,12.64161,0.00,0.00
2015.01.30 13:36:22.285,12.63833,12.64177,0.00,0.00
2015.01.30 13:36:22.586,12.63891,12.64191,0.00,0.00
2015.01.30 13:36:22.637,12.63891,12.64212,0.00,0.00
2015.01.30 13:36:22.687,12.63861,12.64161,0.00,0.00
2015.01.30 13:36:22.788,12.63825,12.64161,0.00,0.00
2015.01.30 13:36:22.889,12.63813,12.64148,0.00,0.00
2015.01.30 13:36:23.039,12.63792,12.6413,0.00,0.00
2015.01.30 13:36:23.090,12.63797,12.64141,0.00,0.00
2015.01.30 13:36:23.140,12.63808,12.64141,0.00,0.00
2015.01.30 13:36:23.392,12.63862,12.64204,0.00,0.00
2015.01.30 13:36:23.442,12.63902,12.64211,0.00,0.00
2015.01.30 13:36:23.543,12.63872,12.64211,0.00,0.00
2015.01.30 13:36:23.593,12.63872,12.64161,0.00,0.00
2015.01.30 13:36:23.644,12.63842,12.64161,0.00,0.00
2015.01.30 13:36:23.744,12.63839,12.64161,0.00,0.00
2015.01.30 13:36:23.915,12.63839,12.64101,0.00,0.00
2015.01.30 13:36:24.020,12.63864,12.64199,0.00,0.00
2015.01.30 13:36:24.123,12.63882,12.64212,0.00,0.00
2015.01.30 13:36:24.302,12.6385,12.64192,0.00,0.00
2015.01.30 13:36:24.352,12.6385,12.64162,0.00,0.00
2015.01.30 13:36:24.553,12.6392,12.64262,0.00,0.00
2015.01.30 13:36:24.604,12.63943,12.64272,0.00,0.00
2015.01.30 13:36:24.912,12.63841,12.64185,0.00,0.00
2015.01.30 13:36:25.022,12.63841,12.64162,0.00,0.00
2015.01.30 13:36:25.354,12.63872,12.64212,0.00,0.00
2015.01.30 13:36:25.460,12.63896,12.64239,0.00,0.00
2015.01.30 13:36:25.560,12.63911,12.64255,0.00,0.00
2015.01.30 13:36:25.613,12.63935,12.64272,0.00,0.00
2015.01.30 13:36:25.868,12.63897,12.64239,0.00,0.00
2015.01.30 13:36:26.019,12.6391,12.64252,0.00,0.00
2015.01.30 13:36:26.270,12.63904,12.64248,0.00,0.00
2015.01.30 13:36:26.321,12.63885,12.64162,0.00,0.00
2015.01.30 13:36:26.421,12.63819,12.64163,0.00,0.00
2015.01.30 13:36:26.893,12.63819,12.64161,0.00,0.00
2015.01.30 13:36:27.212,12.63853,12.64197,0.00,0.00
2015.01.30 13:36:27.294,12.63853,12.64162,0.00,0.00
2015.01.30 13:36:27.344,12.63825,12.64162,0.00,0.00
2015.01.30 13:36:27.663,12.63841,12.64185,0.00,0.00
2015.01.30 13:36:27.764,12.63855,12.64199,0.00,0.00
2015.01.30 13:36:28.081,12.63878,12.64162,0.00,0.00
2015.01.30 13:36:28.232,12.63873,12.64162,0.00,0.00
2015.01.30 13:36:28.433,12.63832,12.64176,0.00,0.00
2015.01.30 13:36:28.534,12.63831,12.64173,0.00,0.00
2015.01.30 13:36:28.835,12.6381,12.64154,0.00,0.00
2015.01.30 13:36:29.032,12.63828,12.64162,0.00,0.00
2015.01.30 13:36:29.517,12.63828,12.6417,0.00,0.00
2015.01.30 13:36:29.617,12.6384,12.64184,0.00,0.00
2015.01.30 13:36:29.668,12.63846,12.64188,0.00,0.00
2015.01.30 13:36:29.978,12.63765,12.64102,0.00,0.00
2015.01.30 13:36:30.078,12.63785,12.64127,0.00,0.00
2015.01.30 13:36:30.179,12.63813,12.64157,0.00,0.00
2015.01.30 13:36:30.280,12.6383,12.64101,0.00,0.00
2015.01.30 13:36:30.381,12.63789,12.64101,0.00,0.00
2015.01.30 13:36:30.481,12.63762,12.64101,0.00,0.00
2015.01.30 13:36:30.532,12.63762,12.64012,0.00,0.00
2015.01.30 13:36:30.582,12.63669,12.63989,0.00,0.00
2015.01.30 13:36:30.633,12.63667,12.63962,0.00,0.00
2015.01.30 13:36:30.683,12.63616,12.6396,0.00,0.00
2015.01.30 13:36:30.734,12.63616,12.63928,0.00,0.00
2015.01.30 13:36:30.835,12.63619,12.63961,0.00,0.00
2015.01.30 13:36:30.885,12.6365,12.63961,0.00,0.00
2015.01.30 13:36:31.216,12.63601,12.63911,0.00,0.00
2015.01.30 13:36:31.523,12.63551,12.63862,0.00,0.00
2015.01.30 13:36:31.674,12.63561,12.63862,0.00,0.00
2015.01.30 13:36:31.724,12.63561,12.63905,0.00,0.00
2015.01.30 13:36:31.775,12.6363,12.63912,0.00,0.00
2015.01.30 13:36:31.825,12.6363,12.63962,0.00,0.00
2015.01.30 13:36:31.876,12.63657,12.63962,0.00,0.00
2015.01.30 13:36:32.088,12.63618,12.63962,0.00,0.00
2015.01.30 13:36:32.370,12.63618,12.63912,0.00,0.00
2015.01.30 13:36:32.442,12.63608,12.63912,0.00,0.00
2015.01.30 13:36:32.542,12.63591,12.63912,0.00,0.00
2015.01.30 13:36:32.757,12.63628,12.63912,0.00,0.00
2015.01.30 13:36:32.858,12.63572,12.63912,0.00,0.00
2015.01.30 13:36:33.163,12.63584,12.63912,0.00,0.00
2015.01.30 13:36:33.264,12.63584,12.63928,0.00,0.00
2015.01.30 13:36:33.365,12.63629,12.63961,0.00,0.00
2015.01.30 13:36:33.482,12.63642,12.63979,0.00,0.00
2015.01.30 13:36:33.582,12.63642,12.63986,0.00,0.00
2015.01.30 13:36:33.683,12.63642,12.63962,0.00,0.00
2015.01.30 13:36:33.858,12.6362,12.63962,0.00,0.00
2015.01.30 13:36:34.002,12.6362,12.63911,0.00,0.00
2015.01.30 13:36:34.153,12.63618,12.63911,0.00,0.00
2015.01.30 13:36:34.261,12.63595,12.63939,0.00,0.00
2015.01.30 13:36:34.372,12.63631,12.63962,0.00,0.00
2015.01.30 13:36:34.622,12.63615,12.63957,0.00,0.00
2015.01.30 13:36:34.772,12.63615,12.63911,0.00,0.00
2015.01.30 13:36:34.992,12.63595,12.63911,0.00,0.00
2015.01.30 13:36:35.150,12.63555,12.63899,0.00,0.00
2015.01.30 13:36:35.251,12.63489,12.63823,0.00,0.00
2015.01.30 13:36:35.301,12.63481,12.63823,0.00,0.00
2015.01.30 13:36:35.351,12.63514,12.6383,0.00,0.00
2015.01.30 13:36:35.402,12.63514,12.63858,0.00,0.00
2015.01.30 13:36:35.452,12.63495,12.63837,0.00,0.00
2015.01.30 13:36:35.755,12.6356,12.63862,0.00,0.00
2015.01.30 13:36:35.911,12.6356,12.63902,0.00,0.00
2015.01.30 13:36:35.962,12.63514,12.63858,0.00,0.00
2015.01.30 13:36:36.165,12.63534,12.63861,0.00,0.00
2015.01.30 13:36:36.417,12.63532,12.63862,0.00,0.00
2015.01.30 13:36:36.467,12.63557,12.63862,0.00,0.00
2015.01.30 13:36:36.535,12.63557,12.63901,0.00,0.00
2015.01.30 13:36:36.644,12.63559,12.63901,0.00,0.00
2015.01.30 13:36:36.961,12.63641,12.63959,0.00,0.00
2015.01.30 13:36:37.062,12.63614,12.63958,0.00,0.00
2015.01.30 13:36:37.194,12.63614,12.63912,0.00,0.00
2015.01.30 13:36:37.355,12.63592,12.63912,0.00,0.00
2015.01.30 13:36:37.456,12.63578,12.63912,0.00,0.00
2015.01.30 13:36:37.680,12.63629,12.63961,0.00,0.00
2015.01.30 13:36:37.883,12.6366,12.63999,0.00,0.00
2015.01.30 13:36:37.984,12.6366,12.64004,0.00,0.00
2015.01.30 13:36:38.187,12.63634,12.63978,0.00,0.00
2015.01.30 13:36:38.512,12.63634,12.63962,0.00,0.00
2015.01.30 13:36:38.563,12.63614,12.63958,0.00,0.00
2015.01.30 13:36:38.663,12.63571,12.63862,0.00,0.00
2015.01.30 13:36:38.764,12.63558,12.63888,0.00,0.00
2015.01.30 13:36:38.883,12.63608,12.63948,0.00,0.00
2015.01.30 13:36:38.991,12.63622,12.63966,0.00,0.00
2015.01.30 13:36:39.101,12.63658,12.6398,0.00,0.00
2015.01.30 13:36:39.210,12.63614,12.63958,0.00,0.00
2015.01.30 13:36:39.372,12.63627,12.63971,0.00,0.00
2015.01.30 13:36:39.674,12.63609,12.63937,0.00,0.00
2015.01.30 13:36:39.725,12.63595,12.63937,0.00,0.00
2015.01.30 13:36:39.953,12.63609,12.63937,0.00,0.00
2015.01.30 13:36:40.204,12.63619,12.63961,0.00,0.00
2015.01.30 13:36:40.305,12.63659,12.63983,0.00,0.00
2015.01.30 13:36:40.506,12.63754,12.64098,0.00,0.00
2015.01.30 13:36:40.606,12.63743,12.64087,0.00,0.00
2015.01.30 13:36:40.912,12.6365,12.63994,0.00,0.00
2015.01.30 13:36:41.247,12.63558,12.63887,0.00,0.00
2015.01.30 13:36:41.297,12.63543,12.63887,0.00,0.00
2015.01.30 13:36:41.399,12.63543,12.63868,0.00,0.00
2015.01.30 13:36:41.683,12.63475,12.63817,0.00,0.00
2015.01.30 13:36:41.924,12.63475,12.63811,0.00,0.00
2015.01.30 13:36:42.241,12.63449,12.63728,0.00,0.00
2015.01.30 13:36:42.292,12.63445,12.63728,0.00,0.00
2015.01.30 13:36:42.394,12.63445,12.63779,0.00,0.00
2015.01.30 13:36:42.582,12.63445,12.63751,0.00,0.00
2015.01.30 13:36:42.900,12.6343,12.63729,0.00,0.00
2015.01.30 13:36:43.101,12.63415,12.63718,0.00,0.00
2015.01.30 13:36:43.242,12.63415,12.63702,0.00,0.00
2015.01.30 13:36:43.292,12.63357,12.63699,0.00,0.00
2015.01.30 13:36:43.343,12.63357,12.6362,0.00,0.00
2015.01.30 13:36:43.493,12.63352,12.63621,0.00,0.00
2015.01.30 13:36:43.701,12.63364,12.63621,0.00,0.00
2015.01.30 13:36:44.003,12.63365,12.63568,0.00,0.00
2015.01.30 13:36:44.154,12.63379,12.63609,0.00,0.00
2015.01.30 13:36:44.221,12.63379,12.63651,0.00,0.00
2015.01.30 13:36:44.272,12.63379,12.63659,0.00,0.00
2015.01.30 13:36:44.322,12.63415,12.63659,0.00,0.00
2015.01.30 13:36:44.373,12.63415,12.63698,0.00,0.00
2015.01.30 13:36:44.473,12.63401,12.63698,0.00,0.00
2015.01.30 13:36:44.524,12.63414,12.63698,0.00,0.00
2015.01.30 13:36:44.849,12.6343,12.63698,0.00,0.00
2015.01.30 13:36:44.899,12.6343,12.63751,0.00,0.00
2015.01.30 13:36:45.002,12.63559,12.63738,0.00,0.00
2015.01.30 13:36:45.104,12.6356,12.63902,0.00,0.00
2015.01.30 13:36:45.311,12.63574,12.63918,0.00,0.00
2015.01.30 13:36:45.412,12.63565,12.63907,0.00,0.00
2015.01.30 13:36:45.713,12.63574,12.63901,0.00,0.00
2015.01.30 13:36:45.814,12.63558,12.63895,0.00,0.00
2015.01.30 13:36:45.932,12.63551,12.63895,0.00,0.00
2015.01.30 13:36:46.032,12.63564,12.63902,0.00,0.00
2015.01.30 13:36:46.396,12.63548,12.6389,0.00,0.00
2015.01.30 13:36:46.536,12.6358,12.63902,0.00,0.00
2015.01.30 13:36:46.589,12.6358,12.63922,0.00,0.00
2015.01.30 13:36:46.650,12.63584,12.63928,0.00,0.00
2015.01.30 13:36:46.700,12.63604,12.63948,0.00,0.00
2015.01.30 13:36:47.014,12.63674,12.64018,0.00,0.00
2015.01.30 13:36:47.322,12.63758,12.64098,0.00,0.00
2015.01.30 13:36:47.578,12.63737,12.64081,0.00,0.00
2015.01.30 13:36:47.840,12.63726,12.64068,0.00,0.00
2015.01.30 13:36:48.191,12.63719,12.64063,0.00,0.00
2015.01.30 13:36:48.342,12.63749,12.64093,0.00,0.00
2015.01.30 13:36:48.656,12.63719,12.64063,0.00,0.00
2015.01.30 13:36:49.103,12.6375,12.64094,0.00,0.00
2015.01.30 13:36:49.434,12.63738,12.6408,0.00,0.00
2015.01.30 13:36:50.356,12.6372,12.64064,0.00,0.00
2015.01.30 13:36:50.407,12.6372,12.64052,0.00,0.00
2015.01.30 13:36:50.457,12.63709,12.64052,0.00,0.00
2015.01.30 13:36:50.508,12.63708,12.64033,0.00,0.00
2015.01.30 13:36:50.617,12.63708,12.64047,0.00,0.00
2015.01.30 13:36:50.720,12.63774,12.64102,0.00,0.00
2015.01.30 13:36:50.771,12.63774,12.64118,0.00,0.00
2015.01.30 13:36:50.821,12.63799,12.64143,0.00,0.00
2015.01.30 13:36:51.255,12.63814,12.64158,0.00,0.00
2015.01.30 13:36:51.580,12.63858,12.64187,0.00,0.00
2015.01.30 13:36:52.112,12.63858,12.64168,0.00,0.00
2015.01.30 13:36:52.162,12.63824,12.64168,0.00,0.00
2015.01.30 13:36:52.412,12.63809,12.64153,0.00,0.00
2015.01.30 13:36:52.714,12.63919,12.64242,0.00,0.00
2015.01.30 13:36:52.815,12.63932,12.64268,0.00,0.00
2015.01.30 13:36:52.916,12.63932,12.64242,0.00,0.00
2015.01.30 13:36:53.067,12.63891,12.64218,0.00,0.00
2015.01.30 13:36:53.608,12.63919,12.64218,0.00,0.00
2015.01.30 13:36:53.658,12.63919,12.64242,0.00,0.00
2015.01.30 13:36:53.759,12.6392,12.64264,0.00,0.00
2015.01.30 13:36:54.069,12.63968,12.64264,0.00,0.00
2015.01.30 13:36:54.119,12.63975,12.64291,0.00,0.00
2015.01.30 13:36:54.170,12.63975,12.64317,0.00,0.00
2015.01.30 13:36:54.317,12.63968,12.64257,0.00,0.00
2015.01.30 13:36:54.367,12.63961,12.64257,0.00,0.00
2015.01.30 13:36:54.479,12.63918,12.64257,0.00,0.00
2015.01.30 13:36:55.419,12.63925,12.64269,0.00,0.00
2015.01.30 13:36:55.520,12.63918,12.64238,0.00,0.00
2015.01.30 13:36:55.570,12.63894,12.64238,0.00,0.00
2015.01.30 13:36:55.711,12.63919,12.64238,0.00,0.00
2015.01.30 13:36:55.820,12.63919,12.64259,0.00,0.00
2015.01.30 13:36:56.021,12.63931,12.64252,0.00,0.00
2015.01.30 13:36:56.122,12.63931,12.64275,0.00,0.00
2015.01.30 13:36:56.223,12.63918,12.64262,0.00,0.00
2015.01.30 13:36:56.573,12.6399,12.64334,0.00,0.00
2015.01.30 13:36:56.923,12.63978,12.64322,0.00,0.00
2015.01.30 13:36:57.247,12.63999,12.64343,0.00,0.00
2015.01.30 13:36:57.691,12.63988,12.64332,0.00,0.00
2015.01.30 13:36:57.993,12.63928,12.64272,0.00,0.00
2015.01.30 13:36:58.347,12.63955,12.64281,0.00,0.00
2015.01.30 13:36:58.628,12.63918,12.64258,0.00,0.00
2015.01.30 13:36:58.678,12.63914,12.64252,0.00,0.00
2015.01.30 13:36:58.791,12.63918,12.64258,0.00,0.00
2015.01.30 13:36:58.892,12.63936,12.64278,0.00,0.00
2015.01.30 13:36:59.029,12.63918,12.64262,0.00,0.00
2015.01.30 13:36:59.461,12.63942,12.64281,0.00,0.00
2015.01.30 13:36:59.837,12.63984,12.6432,0.00,0.00
2015.01.30 13:37:00.068,12.63969,12.64308,0.00,0.00
2015.01.30 13:37:00.443,12.63918,12.64258,0.00,0.00
2015.01.30 13:37:00.545,12.63914,12.64258,0.00,0.00
2015.01.30 13:37:00.732,12.63915,12.64251,0.00,0.00
2015.01.30 13:37:00.782,12.6389,12.64232,0.00,0.00
2015.01.30 13:37:00.833,12.6389,12.642,0.00,0.00
2015.01.30 13:37:01.084,12.63909,12.64252,0.00,0.00
2015.01.30 13:37:01.184,12.63924,12.64268,0.00,0.00
2015.01.30 13:37:02.386,12.63909,12.64251,0.00,0.00
2015.01.30 13:37:02.539,12.63889,12.64233,0.00,0.00
2015.01.30 13:37:02.638,12.63909,12.64239,0.00,0.00
2015.01.30 13:37:02.867,12.6393,12.64274,0.00,0.00
2015.01.30 13:37:03.059,12.63915,12.64231,0.00,0.00
2015.01.30 13:37:03.478,12.63979,12.64259,0.00,0.00
2015.01.30 13:37:03.859,12.63939,12.64232,0.00,0.00
2015.01.30 13:37:03.923,12.63939,12.6426,0.00,0.00
2015.01.30 13:37:04.037,12.63939,12.64281,0.00,0.00
2015.01.30 13:37:04.088,12.63929,12.64257,0.00,0.00
2015.01.30 13:37:04.543,12.63933,12.64277,0.00,0.00
2015.01.30 13:37:04.949,12.63929,12.64259,0.00,0.00
2015.01.30 13:37:05.294,12.63978,12.64274,0.00,0.00
2015.01.30 13:37:05.355,12.63932,12.64274,0.00,0.00
2015.01.30 13:37:05.455,12.63928,12.64261,0.00,0.00
2015.01.30 13:37:06.650,12.63955,12.6428,0.00,0.00
2015.01.30 13:37:06.851,12.6398,12.64324,0.00,0.00
2015.01.30 13:37:06.978,12.63995,12.6433,0.00,0.00
2015.01.30 13:37:07.051,12.63981,12.64323,0.00,0.00
2015.01.30 13:37:07.351,12.63978,12.64297,0.00,0.00
2015.01.30 13:37:07.594,12.63929,12.64268,0.00,0.00
2015.01.30 13:37:08.211,12.63979,12.64268,0.00,0.00
2015.01.30 13:37:08.261,12.63979,12.6428,0.00,0.00
2015.01.30 13:37:08.381,12.63979,12.64307,0.00,0.00
2015.01.30 13:37:08.653,12.63965,12.64291,0.00,0.00
2015.01.30 13:37:08.704,12.6393,12.64272,0.00,0.00
2015.01.30 13:37:08.754,12.63929,12.64258,0.00,0.00
2015.01.30 13:37:09.056,12.63948,12.6428,0.00,0.00
2015.01.30 13:37:09.107,12.63979,12.64292,0.00,0.00
2015.01.30 13:37:09.357,12.63932,12.64276,0.00,0.00
2015.01.30 13:37:09.458,12.63928,12.64259,0.00,0.00
2015.01.30 13:37:09.657,12.63932,12.64276,0.00,0.00
2015.01.30 13:37:09.966,12.63974,12.64281,0.00,0.00
2015.01.30 13:37:10.016,12.63978,12.64318,0.00,0.00
2015.01.30 13:37:10.301,12.63974,12.64311,0.00,0.00
2015.01.30 13:37:10.460,12.6396,12.64304,0.00,0.00
2015.01.30 13:37:10.659,12.63945,12.64287,0.00,0.00
2015.01.30 13:37:10.772,12.63918,12.64262,0.00,0.00
2015.01.30 13:37:10.884,12.63938,12.64279,0.00,0.00
2015.01.30 13:37:11.197,12.64075,12.64392,0.00,0.00
2015.01.30 13:37:11.501,12.64129,12.64464,0.00,0.00
2015.01.30 13:37:11.552,12.6412,12.64391,0.00,0.00
2015.01.30 13:37:11.602,12.64065,12.64391,0.00,0.00
2015.01.30 13:37:11.703,12.64029,12.64368,0.00,0.00
2015.01.30 13:37:11.863,12.64038,12.64382,0.00,0.00
2015.01.30 13:37:11.992,12.64069,12.64403,0.00,0.00
2015.01.30 13:37:12.111,12.64089,12.64433,0.00,0.00
2015.01.30 13:37:12.164,12.64115,12.64457,0.00,0.00
2015.01.30 13:37:12.549,12.64135,12.64477,0.00,0.00
2015.01.30 13:37:12.893,12.64147,12.64489,0.00,0.00
2015.01.30 13:37:13.103,12.64161,12.64505,0.00,0.00
2015.01.30 13:37:13.203,12.6419,12.64505,0.00,0.00
2015.01.30 13:37:13.516,12.64259,12.64602,0.00,0.00
2015.01.30 13:37:13.974,12.64274,12.64602,0.00,0.00
2015.01.30 13:37:14.075,12.64314,12.64651,0.00,0.00
2015.01.30 13:37:14.181,12.64364,12.64708,0.00,0.00
2015.01.30 13:37:14.391,12.64345,12.64651,0.00,0.00
2015.01.30 13:37:14.493,12.6437,12.6471,0.00,0.00
2015.01.30 13:37:15.038,12.6437,12.64712,0.00,0.00
2015.01.30 13:37:15.088,12.64368,12.64707,0.00,0.00
2015.01.30 13:37:15.193,12.64395,12.64737,0.00,0.00
2015.01.30 13:37:15.574,12.64379,12.64723,0.00,0.00
2015.01.30 13:37:15.687,12.64379,12.64711,0.00,0.00
2015.01.30 13:37:15.738,12.64359,12.64703,0.00,0.00
2015.01.30 13:37:16.050,12.64359,12.64652,0.00,0.00
2015.01.30 13:37:16.100,12.64299,12.64643,0.00,0.00
2015.01.30 13:37:16.151,12.64299,12.64602,0.00,0.00
2015.01.30 13:37:17.060,12.64299,12.64641,0.00,0.00
2015.01.30 13:37:17.111,12.6431,12.64641,0.00,0.00
2015.01.30 13:37:17.161,12.6431,12.64652,0.00,0.00
2015.01.30 13:37:17.212,12.6439,12.64652,0.00,0.00
2015.01.30 13:37:17.262,12.6439,12.64711,0.00,0.00
2015.01.30 13:37:18.109,12.64355,12.64697,0.00,0.00
2015.01.30 13:37:19.084,12.6433,12.64672,0.00,0.00
2015.01.30 13:37:19.386,12.64167,12.64492,0.00,0.00
2015.01.30 13:37:19.487,12.64154,12.64492,0.00,0.00
2015.01.30 13:37:19.587,12.6417,12.64492,0.00,0.00
2015.01.30 13:37:19.909,12.64201,12.64492,0.00,0.00
2015.01.30 13:37:19.983,12.6417,12.64492,0.00,0.00
2015.01.30 13:37:20.483,12.64209,12.64492,0.00,0.00
2015.01.30 13:37:20.534,12.64209,12.64542,0.00,0.00
2015.01.30 13:37:20.702,12.64239,12.64542,0.00,0.00
2015.01.30 13:37:20.752,12.64239,12.64583,0.00,0.00
2015.01.30 13:37:20.861,12.64239,12.64541,0.00,0.00
2015.01.30 13:37:20.911,12.64224,12.64541,0.00,0.00
2015.01.30 13:37:21.421,12.64224,12.64491,0.00,0.00
2015.01.30 13:37:21.521,12.64164,12.6449,0.00,0.00
2015.01.30 13:37:21.572,12.64164,12.64481,0.00,0.00
2015.01.30 13:37:21.622,12.64128,12.64468,0.00,0.00
2015.01.30 13:37:21.673,12.64124,12.64442,0.00,0.00
2015.01.30 13:37:21.774,12.6414,12.64482,0.00,0.00
2015.01.30 13:37:21.824,12.6419,12.64491,0.00,0.00
2015.01.30 13:37:22.170,12.64208,12.64491,0.00,0.00
2015.01.30 13:37:22.292,12.6419,12.64491,0.00,0.00
2015.01.30 13:37:22.528,12.6419,12.64532,0.00,0.00
2015.01.30 13:37:22.632,12.64219,12.64542,0.00,0.00
2015.01.30 13:37:23.002,12.64237,12.64581,0.00,0.00
2015.01.30 13:37:23.112,12.64266,12.64592,0.00,0.00
2015.01.30 13:37:23.506,12.64278,12.64592,0.00,0.00
2015.01.30 13:37:23.606,12.64235,12.64577,0.00,0.00
2015.01.30 13:37:23.657,12.64235,12.64542,0.00,0.00
2015.01.30 13:37:23.707,12.64215,12.64542,0.00,0.00
2015.01.30 13:37:24.093,12.6424,12.64542,0.00,0.00
2015.01.30 13:37:24.319,12.64259,12.64581,0.00,0.00
2015.01.30 13:37:24.470,12.64259,12.64592,0.00,0.00
2015.01.30 13:37:25.128,12.64234,12.64578,0.00,0.00
2015.01.30 13:37:25.312,12.64275,12.64592,0.00,0.00
2015.01.30 13:37:25.519,12.64284,12.64626,0.00,0.00
2015.01.30 13:37:25.622,12.64302,12.64642,0.00,0.00
2015.01.30 13:37:25.924,12.64315,12.64642,0.00,0.00
2015.01.30 13:37:26.075,12.64328,12.64657,0.00,0.00
2015.01.30 13:37:26.199,12.64328,12.64668,0.00,0.00
2015.01.30 13:37:26.634,12.64374,12.64692,0.00,0.00
2015.01.30 13:37:27.526,12.64379,12.64692,0.00,0.00
2015.01.30 13:37:27.576,12.64389,12.64718,0.00,0.00
2015.01.30 13:37:27.627,12.6445,12.64721,0.00,0.00
2015.01.30 13:37:27.677,12.6445,12.64751,0.00,0.00
2015.01.30 13:37:27.728,12.64464,12.64801,0.00,0.00
2015.01.30 13:37:27.837,12.64479,12.64801,0.00,0.00
2015.01.30 13:37:28.104,12.64568,12.6494,0.00,0.00
2015.01.30 13:37:28.155,12.64519,12.64911,0.00,0.00
2015.01.30 13:37:28.263,12.64509,12.64862,0.00,0.00
2015.01.30 13:37:28.566,12.64514,12.64858,0.00,0.00
2015.01.30 13:37:30.253,12.64518,12.64858,0.00,0.00
2015.01.30 13:37:30.358,12.64534,12.64878,0.00,0.00
2015.01.30 13:37:30.409,12.64518,12.64857,0.00,0.00
2015.01.30 13:37:30.460,12.64515,12.64857,0.00,0.00
2015.01.30 13:37:31.412,12.64469,12.64777,0.00,0.00
2015.01.30 13:37:31.462,12.64439,12.64777,0.00,0.00
2015.01.30 13:37:31.586,12.64435,12.64777,0.00,0.00
2015.01.30 13:37:31.861,12.64435,12.64762,0.00,0.00
2015.01.30 13:37:31.962,12.64415,12.64757,0.00,0.00
2015.01.30 13:37:32.063,12.64464,12.64762,0.00,0.00
2015.01.30 13:37:32.113,12.64464,12.64808,0.00,0.00
2015.01.30 13:37:32.193,12.64468,12.64808,0.00,0.00
2015.01.30 13:37:32.244,12.64479,12.64823,0.00,0.00
2015.01.30 13:37:32.344,12.64519,12.64843,0.00,0.00
2015.01.30 13:37:32.445,12.64534,12.64878,0.00,0.00
2015.01.30 13:37:32.514,12.64519,12.64858,0.00,0.00
2015.01.30 13:37:32.857,12.64514,12.64842,0.00,0.00
2015.01.30 13:37:33.156,12.6446,12.64802,0.00,0.00
2015.01.30 13:37:33.257,12.64438,12.64778,0.00,0.00
2015.01.30 13:37:33.761,12.6446,12.64802,0.00,0.00
2015.01.30 13:37:34.215,12.64478,12.64802,0.00,0.00
2015.01.30 13:37:34.265,12.64489,12.64833,0.00,0.00
2015.01.30 13:37:34.319,12.64514,12.64842,0.00,0.00
2015.01.30 13:37:34.502,12.64528,12.64858,0.00,0.00
2015.01.30 13:37:34.664,12.64554,12.64891,0.00,0.00
2015.01.30 13:37:34.720,12.64583,12.64891,0.00,0.00
2015.01.30 13:37:34.771,12.64583,12.64927,0.00,0.00
2015.01.30 13:37:34.822,12.64578,12.64902,0.00,0.00
2015.01.30 13:37:35.024,12.64578,12.64916,0.00,0.00
2015.01.30 13:37:35.074,12.64574,12.64912,0.00,0.00
2015.01.30 13:37:35.125,12.64539,12.64881,0.00,0.00
2015.01.30 13:37:35.225,12.64519,12.64861,0.00,0.00
2015.01.30 13:37:35.936,12.64488,12.64811,0.00,0.00
2015.01.30 13:37:36.037,12.64431,12.64762,0.00,0.00
2015.01.30 13:37:36.158,12.64418,12.64762,0.00,0.00
2015.01.30 13:37:37.044,12.64403,12.64711,0.00,0.00
2015.01.30 13:37:37.153,12.64389,12.64731,0.00,0.00
2015.01.30 13:37:37.445,12.64369,12.64712,0.00,0.00
2015.01.30 13:37:37.546,12.64383,12.64712,0.00,0.00
2015.01.30 13:37:37.596,12.64383,12.64721,0.00,0.00
2015.01.30 13:37:37.647,12.64408,12.64741,0.00,0.00
2015.01.30 13:37:37.748,12.64353,12.64697,0.00,0.00
2015.01.30 13:37:38.362,12.64318,12.64652,0.00,0.00
2015.01.30 13:37:38.574,12.64299,12.64641,0.00,0.00
2015.01.30 13:37:38.674,12.64318,12.64652,0.00,0.00
2015.01.30 13:37:38.995,12.64279,12.64601,0.00,0.00
2015.01.30 13:37:39.174,12.64256,12.646,0.00,0.00
2015.01.30 13:37:39.377,12.6431,12.64631,0.00,0.00
2015.01.30 13:37:39.479,12.6431,12.64652,0.00,0.00
2015.01.30 13:37:39.580,12.64341,12.64652,0.00,0.00
2015.01.30 13:37:39.891,12.64341,12.64602,0.00,0.00
2015.01.30 13:37:39.942,12.6432,12.64602,0.00,0.00
2015.01.30 13:37:40.047,12.64342,12.64652,0.00,0.00
2015.01.30 13:37:40.253,12.64326,12.64652,0.00,0.00
2015.01.30 13:37:40.333,12.64328,12.6467,0.00,0.00
2015.01.30 13:37:40.460,12.64378,12.64703,0.00,0.00
2015.01.30 13:37:41.075,12.64378,12.64689,0.00,0.00
2015.01.30 13:37:42.101,12.64345,12.64689,0.00,0.00
2015.01.30 13:37:42.152,12.64329,12.64666,0.00,0.00
2015.01.30 13:37:43.344,12.64338,12.6468,0.00,0.00
2015.01.30 13:37:44.570,12.64329,12.64668,0.00,0.00
2015.01.30 13:37:44.874,12.64318,12.64632,0.00,0.00
2015.01.30 13:37:45.183,12.64318,12.64662,0.00,0.00
2015.01.30 13:37:46.739,12.64478,12.64662,0.00,0.00
2015.01.30 13:37:46.789,12.64478,12.64739,0.00,0.00
2015.01.30 13:37:46.890,12.64428,12.64721,0.00,0.00
2015.01.30 13:37:46.991,12.64428,12.64681,0.00,0.00
2015.01.30 13:37:47.041,12.64378,12.64681,0.00,0.00
2015.01.30 13:37:47.092,12.64378,12.6463,0.00,0.00
2015.01.30 13:37:47.150,12.64318,12.6463,0.00,0.00
2015.01.30 13:37:47.201,12.64268,12.64586,0.00,0.00
2015.01.30 13:37:47.253,12.64268,12.64541,0.00,0.00
2015.01.30 13:37:47.303,12.64218,12.64541,0.00,0.00
2015.01.30 13:37:47.372,12.64199,12.64541,0.00,0.00
2015.01.30 13:37:47.482,12.64228,12.64541,0.00,0.00
2015.01.30 13:37:47.583,12.64228,12.64566,0.00,0.00
2015.01.30 13:37:47.684,12.64263,12.6459,0.00,0.00
2015.01.30 13:37:47.835,12.64229,12.64567,0.00,0.00
2015.01.30 13:37:47.936,12.64268,12.64567,0.00,0.00
2015.01.30 13:37:48.037,12.64294,12.64632,0.00,0.00
2015.01.30 13:37:48.143,12.64328,12.64636,0.00,0.00
2015.01.30 13:37:48.193,12.64329,12.64673,0.00,0.00
2015.01.30 13:37:48.294,12.64378,12.64681,0.00,0.00
2015.01.30 13:37:48.344,12.64378,12.64692,0.00,0.00
2015.01.30 13:37:48.395,12.64433,12.64741,0.00,0.00
2015.01.30 13:37:48.546,12.64453,12.64781,0.00,0.00
2015.01.30 13:37:48.647,12.64448,12.64731,0.00,0.00
2015.01.30 13:37:48.798,12.64279,12.64623,0.00,0.00
2015.01.30 13:37:48.848,12.64279,12.64611,0.00,0.00
2015.01.30 13:37:48.949,12.64243,12.64587,0.00,0.00
2015.01.30 13:37:48.999,12.64233,12.64575,0.00,0.00
2015.01.30 13:37:50.088,12.64228,12.64565,0.00,0.00
2015.01.30 13:37:50.279,12.64178,12.64516,0.00,0.00
2015.01.30 13:37:50.620,12.6415,12.64492,0.00,0.00
2015.01.30 13:37:50.671,12.64128,12.64449,0.00,0.00
2015.01.30 13:37:50.792,12.64091,12.64435,0.00,0.00
2015.01.30 13:37:50.893,12.64078,12.6442,0.00,0.00
2015.01.30 13:37:51.220,12.64128,12.6442,0.00,0.00
2015.01.30 13:37:51.271,12.64128,12.64467,0.00,0.00
2015.01.30 13:37:51.330,12.64178,12.64467,0.00,0.00
2015.01.30 13:37:51.381,12.64208,12.6454,0.00,0.00
2015.01.30 13:37:51.595,12.64234,12.64571,0.00,0.00
2015.01.30 13:37:51.711,12.64246,12.64571,0.00,0.00
2015.01.30 13:37:51.869,12.64229,12.64558,0.00,0.00
2015.01.30 13:37:51.920,12.64268,12.64558,0.00,0.00
2015.01.30 13:37:51.990,12.64228,12.64558,0.00,0.00
2015.01.30 13:37:52.091,12.64229,12.6457,0.00,0.00
2015.01.30 13:37:52.431,12.64229,12.64542,0.00,0.00
2015.01.30 13:37:52.582,12.64137,12.64471,0.00,0.00
2015.01.30 13:37:52.814,12.64129,12.64469,0.00,0.00
2015.01.30 13:37:53.009,12.64113,12.64441,0.00,0.00
2015.01.30 13:37:53.068,12.64092,12.64434,0.00,0.00
2015.01.30 13:37:53.169,12.6408,12.64422,0.00,0.00
2015.01.30 13:37:53.517,12.64039,12.64376,0.00,0.00
2015.01.30 13:37:53.819,12.64059,12.64391,0.00,0.00
2015.01.30 13:37:53.970,12.64104,12.64441,0.00,0.00
2015.01.30 13:37:54.021,12.64124,12.64441,0.00,0.00
2015.01.30 13:37:54.121,12.64138,12.64481,0.00,0.00
2015.01.30 13:37:54.222,12.64138,12.64442,0.00,0.00
2015.01.30 13:37:54.273,12.64085,12.64427,0.00,0.00
2015.01.30 13:37:54.423,12.64085,12.64392,0.00,0.00
2015.01.30 13:37:54.474,12.64033,12.64377,0.00,0.00
2015.01.30 13:37:54.524,12.64033,12.64351,0.00,0.00
2015.01.30 13:37:54.855,12.63989,12.64294,0.00,0.00
2015.01.30 13:37:55.111,12.63989,12.64326,0.00,0.00
2015.01.30 13:37:55.213,12.64028,12.64326,0.00,0.00
2015.01.30 13:37:55.316,12.6401,12.64341,0.00,0.00
2015.01.30 13:37:55.368,12.6401,12.64352,0.00,0.00
2015.01.30 13:37:55.418,12.64029,12.64354,0.00,0.00
2015.01.30 13:37:55.675,12.64129,12.64455,0.00,0.00
2015.01.30 13:37:55.776,12.64124,12.64442,0.00,0.00
2015.01.30 13:37:55.877,12.64109,12.64431,0.00,0.00
2015.01.30 13:37:56.172,12.64128,12.64431,0.00,0.00
2015.01.30 13:37:56.222,12.64128,12.64453,0.00,0.00
2015.01.30 13:37:56.377,12.64128,12.64445,0.00,0.00
2015.01.30 13:37:56.478,12.64128,12.64462,0.00,0.00
2015.01.30 13:37:56.636,12.64179,12.64431,0.00,0.00
2015.01.30 13:37:56.737,12.64121,12.64431,0.00,0.00
2015.01.30 13:37:56.788,12.64109,12.64431,0.00,0.00
2015.01.30 13:37:57.004,12.64093,12.64431,0.00,0.00
2015.01.30 13:37:57.054,12.64128,12.64431,0.00,0.00
2015.01.30 13:37:57.220,12.64128,12.64437,0.00,0.00
2015.01.30 13:37:57.411,12.64184,12.64491,0.00,0.00
2015.01.30 13:37:57.462,12.64184,12.64526,0.00,0.00
2015.01.30 13:37:57.614,12.64178,12.64497,0.00,0.00
2015.01.30 13:37:57.715,12.64129,12.64461,0.00,0.00
2015.01.30 13:37:58.380,12.64119,12.6444,0.00,0.00
2015.01.30 13:37:58.430,12.64084,12.64426,0.00,0.00
2015.01.30 13:37:58.624,12.64129,12.64426,0.00,0.00
2015.01.30 13:37:58.727,12.64128,12.64451,0.00,0.00
2015.01.30 13:38:00.020,12.64179,12.64451,0.00,0.00
2015.01.30 13:38:00.465,12.64129,12.64451,0.00,0.00
2015.01.30 13:38:00.566,12.64129,12.64469,0.00,0.00
2015.01.30 13:38:00.616,12.64179,12.64471,0.00,0.00
2015.01.30 13:38:00.666,12.64179,12.645,0.00,0.00
2015.01.30 13:38:00.817,12.64128,12.64472,0.00,0.00
2015.01.30 13:38:00.918,12.64178,12.64491,0.00,0.00
2015.01.30 13:38:00.969,12.64178,12.6451,0.00,0.00
2015.01.30 13:38:01.140,12.64178,12.64482,0.00,0.00
2015.01.30 13:38:02.021,12.64129,12.64461,0.00,0.00
2015.01.30 13:38:05.554,12.64094,12.64436,0.00,0.00
2015.01.30 13:38:05.655,12.64178,12.64441,0.00,0.00
2015.01.30 13:38:05.806,12.64228,12.64501,0.00,0.00
2015.01.30 13:38:05.857,12.64228,12.64562,0.00,0.00
2015.01.30 13:38:07.270,12.64238,12.64582,0.00,0.00
2015.01.30 13:38:07.321,12.64269,12.64582,0.00,0.00
2015.01.30 13:38:07.501,12.64228,12.64562,0.00,0.00
2015.01.30 13:38:07.610,12.64269,12.64582,0.00,0.00
2015.01.30 13:38:08.352,12.64269,12.64541,0.00,0.00
2015.01.30 13:38:08.402,12.64209,12.64541,0.00,0.00
2015.01.30 13:38:08.503,12.64189,12.64531,0.00,0.00
2015.01.30 13:38:09.052,12.64189,12.6453,0.00,0.00
2015.01.30 13:38:09.282,12.64133,12.64477,0.00,0.00
2015.01.30 13:38:09.382,12.64129,12.64471,0.00,0.00
2015.01.30 13:38:09.817,12.64129,12.64442,0.00,0.00
2015.01.30 13:38:09.868,12.64108,12.64442,0.00,0.00
2015.01.30 13:38:09.918,12.64108,12.64431,0.00,0.00
2015.01.30 13:38:09.969,12.64083,12.64427,0.00,0.00
2015.01.30 13:38:10.170,12.64078,12.64402,0.00,0.00
2015.01.30 13:38:10.481,12.63989,12.64291,0.00,0.00
2015.01.30 13:38:11.100,12.63989,12.64321,0.00,0.00
2015.01.30 13:38:11.151,12.64028,12.64321,0.00,0.00
2015.01.30 13:38:11.204,12.64028,12.64328,0.00,0.00
2015.01.30 13:38:11.305,12.64083,12.64371,0.00,0.00
2015.01.30 13:38:11.456,12.64083,12.64427,0.00,0.00
2015.01.30 13:38:11.506,12.64078,12.64412,0.00,0.00
2015.01.30 13:38:12.028,12.64078,12.64392,0.00,0.00
2015.01.30 13:38:12.337,12.64078,12.64417,0.00,0.00
2015.01.30 13:38:12.521,12.64078,12.64404,0.00,0.00
2015.01.30 13:38:12.622,12.64078,12.6442,0.00,0.00
2015.01.30 13:38:12.673,12.64128,12.6442,0.00,0.00
2015.01.30 13:38:12.824,12.64128,12.64458,0.00,0.00
2015.01.30 13:38:12.924,12.64128,12.6446,0.00,0.00
2015.01.30 13:38:13.133,12.64179,12.6446,0.00,0.00
2015.01.30 13:38:13.234,12.64178,12.64471,0.00,0.00
2015.01.30 13:38:13.284,12.64178,12.64441,0.00,0.00
2015.01.30 13:38:13.335,12.64124,12.64441,0.00,0.00
2015.01.30 13:38:13.435,12.64083,12.64427,0.00,0.00
2015.01.30 13:38:13.699,12.64094,12.64438,0.00,0.00
2015.01.30 13:38:14.090,12.64092,12.64436,0.00,0.00
2015.01.30 13:38:14.395,12.64179,12.64511,0.00,0.00
2015.01.30 13:38:14.550,12.64129,12.6447,0.00,0.00
2015.01.30 13:38:15.004,12.64139,12.64483,0.00,0.00
2015.01.30 13:38:15.351,12.64129,12.64467,0.00,0.00
2015.01.30 13:38:15.713,12.64129,12.64452,0.00,0.00
2015.01.30 13:38:15.805,12.64129,12.64462,0.00,0.00
2015.01.30 13:38:16.408,12.64139,12.64481,0.00,0.00
2015.01.30 13:38:16.459,12.64179,12.64481,0.00,0.00
2015.01.30 13:38:16.521,12.64139,12.64481,0.00,0.00
2015.01.30 13:38:16.913,12.64128,12.64451,0.00,0.00
2015.01.30 13:38:17.290,12.64109,12.64442,0.00,0.00
2015.01.30 13:38:17.375,12.64109,12.6444,0.00,0.00
2015.01.30 13:38:17.425,12.64085,12.64429,0.00,0.00
2015.01.30 13:38:17.952,12.64128,12.64429,0.00,0.00
2015.01.30 13:38:18.052,12.64128,12.64456,0.00,0.00
2015.01.30 13:38:18.153,12.64132,12.64474,0.00,0.00
2015.01.30 13:38:18.391,12.64132,12.64442,0.00,0.00
2015.01.30 13:38:18.442,12.64104,12.64442,0.00,0.00
2015.01.30 13:38:18.503,12.64128,12.64446,0.00,0.00
2015.01.30 13:38:18.759,12.64131,12.64473,0.00,0.00
2015.01.30 13:38:18.969,12.64128,12.64458,0.00,0.00
2015.01.30 13:38:19.222,12.64132,12.64474,0.00,0.00
2015.01.30 13:38:19.382,12.64132,12.64442,0.00,0.00
2015.01.30 13:38:19.432,12.64084,12.64426,0.00,0.00
2015.01.30 13:38:19.723,12.64097,12.64441,0.00,0.00
2015.01.30 13:38:19.824,12.64101,12.6444,0.00,0.00
2015.01.30 13:38:20.144,12.64078,12.64411,0.00,0.00
2015.01.30 13:38:20.245,12.64078,12.64421,0.00,0.00
2015.01.30 13:38:20.396,12.64089,12.64421,0.00,0.00
2015.01.30 13:38:20.925,12.64089,12.64404,0.00,0.00
2015.01.30 13:38:21.513,12.6406,12.64341,0.00,0.00
2015.01.30 13:38:21.563,12.64038,12.64341,0.00,0.00
2015.01.30 13:38:21.614,12.64018,12.64342,0.00,0.00
2015.01.30 13:38:21.714,12.64039,12.64362,0.00,0.00
2015.01.30 13:38:21.765,12.64041,12.64381,0.00,0.00
2015.01.30 13:38:21.866,12.64039,12.64361,0.00,0.00
2015.01.30 13:38:22.264,12.64089,12.64361,0.00,0.00
2015.01.30 13:38:22.365,12.64089,12.64394,0.00,0.00
2015.01.30 13:38:22.680,12.6405,12.64392,0.00,0.00
2015.01.30 13:38:22.730,12.6405,12.64371,0.00,0.00
2015.01.30 13:38:22.849,12.64038,12.64362,0.00,0.00
2015.01.30 13:38:23.337,12.64038,12.6437,0.00,0.00
2015.01.30 13:38:23.387,12.64178,12.64378,0.00,0.00
2015.01.30 13:38:23.438,12.64178,12.64381,0.00,0.00
2015.01.30 13:38:23.539,12.64196,12.64532,0.00,0.00
2015.01.30 13:38:23.639,12.64183,12.64527,0.00,0.00
2015.01.30 13:38:23.740,12.64196,12.64532,0.00,0.00
2015.01.30 13:38:24.449,12.64179,12.64512,0.00,0.00
2015.01.30 13:38:24.651,12.64189,12.64531,0.00,0.00
2015.01.30 13:38:24.948,12.64178,12.64512,0.00,0.00
2015.01.30 13:38:25.972,12.64188,12.6453,0.00,0.00
2015.01.30 13:38:26.200,12.64228,12.6453,0.00,0.00
2015.01.30 13:38:26.366,12.64238,12.6458,0.00,0.00
2015.01.30 13:38:26.421,12.64278,12.6458,0.00,0.00
2015.01.30 13:38:26.471,12.64278,12.64598,0.00,0.00
2015.01.30 13:38:26.672,12.64228,12.64552,0.00,0.00
2015.01.30 13:38:26.785,12.64278,12.64582,0.00,0.00
2015.01.30 13:38:26.889,12.64238,12.64581,0.00,0.00
2015.01.30 13:38:26.990,12.64278,12.64592,0.00,0.00
2015.01.30 13:38:27.293,12.64278,12.64603,0.00,0.00
2015.01.30 13:38:27.850,12.64328,12.64603,0.00,0.00
2015.01.30 13:38:27.900,12.64328,12.64627,0.00,0.00
2015.01.30 13:38:28.063,12.64328,12.64651,0.00,0.00
2015.01.30 13:38:28.440,12.64309,12.64632,0.00,0.00
2015.01.30 13:38:28.491,12.64283,12.64627,0.00,0.00
2015.01.30 13:38:28.951,12.64328,12.64627,0.00,0.00
2015.01.30 13:38:29.171,12.64328,12.64652,0.00,0.00
2015.01.30 13:38:30.274,12.64308,12.64652,0.00,0.00
2015.01.30 13:38:30.324,12.64461,12.64677,0.00,0.00
2015.01.30 13:38:30.425,12.64488,12.64681,0.00,0.00
2015.01.30 13:38:30.526,12.64488,12.64812,0.00,0.00
2015.01.30 13:38:30.626,12.64488,12.64807,0.00,0.00
2015.01.30 13:38:30.828,12.64439,12.64762,0.00,0.00
2015.01.30 13:38:30.928,12.64448,12.64791,0.00,0.00
2015.01.30 13:38:30.979,12.64488,12.64792,0.00,0.00
2015.01.30 13:38:31.303,12.64538,12.64862,0.00,0.00
2015.01.30 13:38:31.519,12.64588,12.64862,0.00,0.00
2015.01.30 13:38:31.620,12.64539,12.64862,0.00,0.00
2015.01.30 13:38:31.726,12.64588,12.64892,0.00,0.00
2015.01.30 13:38:32.396,12.64588,12.64912,0.00,0.00
2015.01.30 13:38:32.905,12.64588,12.64926,0.00,0.00
2015.01.30 13:38:33.810,12.64588,12.64872,0.00,0.00
2015.01.30 13:38:35.728,12.64588,12.64887,0.00,0.00
2015.01.30 13:38:36.338,12.64588,12.64872,0.00,0.00
2015.01.30 13:38:36.744,12.64588,12.64909,0.00,0.00
2015.01.30 13:38:36.845,12.64588,12.64896,0.00,0.00
2015.01.30 13:38:37.048,12.64638,12.64947,0.00,0.00
2015.01.30 13:38:37.098,12.64728,12.64947,0.00,0.00
2015.01.30 13:38:37.148,12.64728,12.64959,0.00,0.00
2015.01.30 13:38:37.202,12.64639,12.64959,0.00,0.00
2015.01.30 13:38:37.962,12.64679,12.64959,0.00,0.00
2015.01.30 13:38:38.012,12.64694,12.64991,0.00,0.00
2015.01.30 13:38:38.113,12.64729,12.65052,0.00,0.00
2015.01.30 13:38:38.213,12.64778,12.65052,0.00,0.00
2015.01.30 13:38:38.320,12.64728,12.65052,0.00,0.00
2015.01.30 13:38:38.962,12.64778,12.65052,0.00,0.00
2015.01.30 13:38:39.222,12.64729,12.65052,0.00,0.00
2015.01.30 13:38:39.556,12.64778,12.65052,0.00,0.00
2015.01.30 13:38:39.657,12.64778,12.65071,0.00,0.00
2015.01.30 13:38:40.516,12.64778,12.65102,0.00,0.00
2015.01.30 13:38:41.156,12.64778,12.65061,0.00,0.00
2015.01.30 13:38:41.820,12.64828,12.65061,0.00,0.00
2015.01.30 13:38:41.922,12.64828,12.65112,0.00,0.00
2015.01.30 13:38:42.040,12.64778,12.65112,0.00,0.00
2015.01.30 13:38:42.933,12.64778,12.65092,0.00,0.00
2015.01.30 13:38:44.050,12.64719,12.65032,0.00,0.00
2015.01.30 13:38:44.150,12.64684,12.65026,0.00,0.00
2015.01.30 13:38:44.325,12.64678,12.65006,0.00,0.00
2015.01.30 13:38:44.637,12.64589,12.64912,0.00,0.00
2015.01.30 13:38:44.927,12.64593,12.64935,0.00,0.00
2015.01.30 13:38:45.664,12.64589,12.64919,0.00,0.00
2015.01.30 13:38:45.765,12.646,12.6494,0.00,0.00
2015.01.30 13:38:45.815,12.64638,12.64944,0.00,0.00
2015.01.30 13:38:45.967,12.64639,12.64967,0.00,0.00
2015.01.30 13:38:46.018,12.64623,12.64941,0.00,0.00
2015.01.30 13:38:46.119,12.64559,12.64891,0.00,0.00
2015.01.30 13:38:46.169,12.64539,12.64852,0.00,0.00
2015.01.30 13:38:46.430,12.64589,12.64917,0.00,0.00
2015.01.30 13:38:46.772,12.64539,12.64861,0.00,0.00
2015.01.30 13:38:47.313,12.64538,12.64861,0.00,0.00
2015.01.30 13:38:47.464,12.64538,12.64877,0.00,0.00
2015.01.30 13:38:47.568,12.64588,12.64881,0.00,0.00
2015.01.30 13:38:47.671,12.64588,12.64895,0.00,0.00
2015.01.30 13:38:47.772,12.64538,12.64861,0.00,0.00
2015.01.30 13:38:47.876,12.64538,12.64837,0.00,0.00
2015.01.30 13:38:48.081,12.64538,12.64865,0.00,0.00
2015.01.30 13:38:48.244,12.64538,12.64846,0.00,0.00
2015.01.30 13:38:48.585,12.64538,12.64832,0.00,0.00
2015.01.30 13:38:48.887,12.64278,12.6458,0.00,0.00
2015.01.30 13:38:49.537,12.64278,12.64581,0.00,0.00
2015.01.30 13:38:49.772,12.64228,12.64581,0.00,0.00
2015.01.30 13:38:49.823,12.64228,12.6449,0.00,0.00
2015.01.30 13:38:49.874,12.64189,12.6449,0.00,0.00
2015.01.30 13:38:50.180,12.64138,12.6449,0.00,0.00
2015.01.30 13:38:50.230,12.64138,12.64441,0.00,0.00
2015.01.30 13:38:50.331,12.64078,12.6444,0.00,0.00
2015.01.30 13:38:50.382,12.64095,12.6444,0.00,0.00
2015.01.30 13:38:50.716,12.64109,12.64468,0.00,0.00
2015.01.30 13:38:50.767,12.64145,12.6448,0.00,0.00
2015.01.30 13:38:50.817,12.64145,12.6449,0.00,0.00
2015.01.30 13:38:50.955,12.64158,12.64491,0.00,0.00
2015.01.30 13:38:51.007,12.64158,12.64518,0.00,0.00
2015.01.30 13:38:51.108,12.64158,12.6454,0.00,0.00
2015.01.30 13:38:51.158,12.64167,12.6454,0.00,0.00
2015.01.30 13:38:51.264,12.64158,12.64541,0.00,0.00
2015.01.30 13:38:51.573,12.64163,12.64541,0.00,0.00
2015.01.30 13:38:51.969,12.64239,12.64611,0.00,0.00
2015.01.30 13:38:52.282,12.64368,12.64651,0.00,0.00
2015.01.30 13:38:52.383,12.64322,12.64652,0.00,0.00
2015.01.30 13:38:52.483,12.64308,12.6465,0.00,0.00
2015.01.30 13:38:52.964,12.64419,12.6465,0.00,0.00
2015.01.30 13:38:53.015,12.64419,12.64676,0.00,0.00
2015.01.30 13:38:53.116,12.64397,12.64731,0.00,0.00
2015.01.30 13:38:53.166,12.6441,12.64731,0.00,0.00
2015.01.30 13:38:53.217,12.6441,12.64751,0.00,0.00
2015.01.30 13:38:53.267,12.64418,12.64751,0.00,0.00
2015.01.30 13:38:53.370,12.6441,12.64751,0.00,0.00
2015.01.30 13:38:53.840,12.64518,12.64754,0.00,0.00
2015.01.30 13:38:53.890,12.64518,12.64769,0.00,0.00
2015.01.30 13:38:54.058,12.64468,12.64801,0.00,0.00
2015.01.30 13:38:54.109,12.64468,12.64812,0.00,0.00
2015.01.30 13:38:54.159,12.64494,12.64812,0.00,0.00
2015.01.30 13:38:54.260,12.64519,12.64841,0.00,0.00
2015.01.30 13:38:54.779,12.64519,12.6484,0.00,0.00
2015.01.30 13:38:55.242,12.64519,12.64812,0.00,0.00
2015.01.30 13:38:55.378,12.64487,12.64812,0.00,0.00
2015.01.30 13:38:55.488,12.64458,12.648,0.00,0.00
2015.01.30 13:38:55.902,12.64482,12.64826,0.00,0.00
2015.01.30 13:38:56.054,12.64507,12.64851,0.00,0.00
2015.01.30 13:38:57.110,12.64507,12.64812,0.00,0.00
2015.01.30 13:38:57.160,12.64491,12.64812,0.00,0.00
2015.01.30 13:38:57.261,12.64506,12.64842,0.00,0.00
2015.01.30 13:38:58.163,12.64531,12.64842,0.00,0.00
2015.01.30 13:38:58.213,12.64531,12.64861,0.00,0.00
2015.01.30 13:38:58.264,12.64566,12.64892,0.00,0.00
2015.01.30 13:38:58.883,12.64541,12.64842,0.00,0.00
2015.01.30 13:38:59.088,12.64381,12.64691,0.00,0.00
2015.01.30 13:38:59.188,12.64347,12.64689,0.00,0.00
2015.01.30 13:38:59.295,12.64371,12.64691,0.00,0.00
2015.01.30 13:38:59.399,12.64346,12.6469,0.00,0.00
2015.01.30 13:39:00.388,12.64381,12.64691,0.00,0.00
2015.01.30 13:39:00.706,12.64397,12.64691,0.00,0.00
2015.01.30 13:39:00.767,12.64381,12.64691,0.00,0.00
2015.01.30 13:39:00.868,12.64389,12.64725,0.00,0.00
2015.01.30 13:39:00.918,12.64499,12.64751,0.00,0.00
2015.01.30 13:39:00.968,12.6454,12.64799,0.00,0.00
2015.01.30 13:39:01.019,12.6454,12.64801,0.00,0.00
2015.01.30 13:39:01.120,12.64475,12.64801,0.00,0.00
2015.01.30 13:39:01.270,12.64478,12.64801,0.00,0.00
2015.01.30 13:39:01.471,12.64463,12.64801,0.00,0.00
2015.01.30 13:39:01.521,12.64463,12.64752,0.00,0.00
2015.01.30 13:39:01.572,12.64425,12.64752,0.00,0.00
2015.01.30 13:39:01.673,12.64444,12.64752,0.00,0.00
2015.01.30 13:39:01.775,12.64511,12.64842,0.00,0.00
2015.01.30 13:39:01.875,12.64521,12.64842,0.00,0.00
2015.01.30 13:39:02.187,12.64451,12.64795,0.00,0.00
2015.01.30 13:39:02.290,12.64466,12.64801,0.00,0.00
2015.01.30 13:39:02.391,12.64457,12.64799,0.00,0.00
2015.01.30 13:39:03.300,12.64457,12.64752,0.00,0.00
2015.01.30 13:39:03.578,12.64317,12.64641,0.00,0.00
2015.01.30 13:39:03.629,12.64317,12.64582,0.00,0.00
2015.01.30 13:39:03.679,12.6425,12.6458,0.00,0.00
2015.01.30 13:39:03.780,12.6425,12.64571,0.00,0.00
2015.01.30 13:39:03.831,12.64227,12.64571,0.00,0.00
2015.01.30 13:39:03.881,12.64272,12.64582,0.00,0.00
2015.01.30 13:39:03.982,12.64272,12.64612,0.00,0.00
2015.01.30 13:39:04.083,12.64291,12.6463,0.00,0.00
2015.01.30 13:39:04.133,12.64291,12.64635,0.00,0.00
2015.01.30 13:39:04.184,12.64262,12.64604,0.00,0.00
2015.01.30 13:39:05.025,12.64251,12.64595,0.00,0.00
2015.01.30 13:39:05.126,12.64246,12.6459,0.00,0.00
2015.01.30 13:39:05.607,12.64261,12.64605,0.00,0.00
2015.01.30 13:39:07.892,12.64285,12.64612,0.00,0.00
2015.01.30 13:39:08.469,12.64285,12.64627,0.00,0.00
2015.01.30 13:39:08.519,12.64307,12.64641,0.00,0.00
2015.01.30 13:39:08.570,12.64307,12.64651,0.00,0.00
2015.01.30 13:39:08.620,12.6432,12.64662,0.00,0.00
2015.01.30 13:39:08.904,12.64337,12.64681,0.00,0.00
2015.01.30 13:39:09.106,12.64328,12.6467,0.00,0.00
2015.01.30 13:39:09.206,12.64316,12.6466,0.00,0.00
2015.01.30 13:39:10.428,12.64326,12.6467,0.00,0.00
2015.01.30 13:39:10.733,12.64337,12.64679,0.00,0.00
2015.01.30 13:39:11.042,12.64327,12.64669,0.00,0.00
2015.01.30 13:39:11.505,12.64356,12.647,0.00,0.00
2015.01.30 13:39:11.555,12.64399,12.647,0.00,0.00
2015.01.30 13:39:11.606,12.64399,12.64725,0.00,0.00
2015.01.30 13:39:11.707,12.64406,12.6475,0.00,0.00
2015.01.30 13:39:12.101,12.64409,12.6475,0.00,0.00
2015.01.30 13:39:12.151,12.64426,12.6477,0.00,0.00
2015.01.30 13:39:12.440,12.64447,12.64789,0.00,0.00
2015.01.30 13:39:12.717,12.64436,12.6478,0.00,0.00
2015.01.30 13:39:14.321,12.64446,12.6479,0.00,0.00
2015.01.30 13:39:14.650,12.64437,12.64779,0.00,0.00
2015.01.30 13:39:17.564,12.64446,12.6479,0.00,0.00
2015.01.30 13:39:17.665,12.64467,12.64809,0.00,0.00
2015.01.30 13:39:17.821,12.64456,12.648,0.00,0.00
2015.01.30 13:39:18.339,12.64437,12.64779,0.00,0.00
2015.01.30 13:39:18.523,12.64426,12.6477,0.00,0.00
2015.01.30 13:39:18.747,12.64407,12.64749,0.00,0.00
2015.01.30 13:39:19.474,12.64509,12.64775,0.00,0.00
2015.01.30 13:39:19.526,12.64509,12.648,0.00,0.00
2015.01.30 13:39:19.577,12.64499,12.648,0.00,0.00
2015.01.30 13:39:19.718,12.64458,12.64761,0.00,0.00
2015.01.30 13:39:19.771,12.64401,12.64745,0.00,0.00
2015.01.30 13:39:19.872,12.64406,12.6475,0.00,0.00
2015.01.30 13:39:20.173,12.64381,12.64662,0.00,0.00
2015.01.30 13:39:20.224,12.64381,12.64722,0.00,0.00
2015.01.30 13:39:20.274,12.64406,12.64722,0.00,0.00
2015.01.30 13:39:20.325,12.64406,12.6475,0.00,0.00
2015.01.30 13:39:20.375,12.64396,12.6474,0.00,0.00
2015.01.30 13:39:20.872,12.64381,12.64722,0.00,0.00
2015.01.30 13:39:21.148,12.64361,12.64705,0.00,0.00
2015.01.30 13:39:21.249,12.64389,12.64704,0.00,0.00
2015.01.30 13:39:21.357,12.64406,12.6475,0.00,0.00
2015.01.30 13:39:21.420,12.64408,12.6475,0.00,0.00
2015.01.30 13:39:21.733,12.64332,12.64674,0.00,0.00
2015.01.30 13:39:21.834,12.64316,12.6466,0.00,0.00
2015.01.30 13:39:22.034,12.64332,12.64674,0.00,0.00
2015.01.30 13:39:22.418,12.64352,12.64694,0.00,0.00
2015.01.30 13:39:22.853,12.64317,12.64659,0.00,0.00
2015.01.30 13:39:23.182,12.64327,12.64669,0.00,0.00
2015.01.30 13:39:23.530,12.64317,12.64659,0.00,0.00
2015.01.30 13:39:24.043,12.64589,12.64722,0.00,0.00
2015.01.30 13:39:24.094,12.64589,12.64722,0.00,0.00
2015.01.30 13:39:24.194,12.64559,12.64871,0.00,0.00
2015.01.30 13:39:24.245,12.64559,12.64839,0.00,0.00
2015.01.30 13:39:24.435,12.64462,12.64794,0.00,0.00
2015.01.30 13:39:24.485,12.64601,12.64871,0.00,0.00
2015.01.30 13:39:24.536,12.64601,12.64945,0.00,0.00
2015.01.30 13:39:24.586,12.64632,12.64972,0.00,0.00
2015.01.30 13:39:25.087,12.64632,12.64971,0.00,0.00
2015.01.30 13:39:25.343,12.64669,12.65011,0.00,0.00
2015.01.30 13:39:25.496,12.64669,12.64971,0.00,0.00
2015.01.30 13:39:25.547,12.64639,12.64971,0.00,0.00
2015.01.30 13:39:25.651,12.64663,12.64971,0.00,0.00
2015.01.30 13:39:25.753,12.64673,12.65012,0.00,0.00
2015.01.30 13:39:27.029,12.64673,12.65017,0.00,0.00
2015.01.30 13:39:27.138,12.64673,12.65011,0.00,0.00
2015.01.30 13:39:27.949,12.64643,12.64987,0.00,0.00
2015.01.30 13:39:28.239,12.64643,12.64972,0.00,0.00
2015.01.30 13:39:28.290,12.64633,12.64968,0.00,0.00
2015.01.30 13:39:29.492,12.64643,12.64968,0.00,0.00
2015.01.30 13:39:29.593,12.64633,12.64977,0.00,0.00
2015.01.30 13:39:29.643,12.64633,12.6497,0.00,0.00
2015.01.30 13:39:30.198,12.64633,12.64969,0.00,0.00
2015.01.30 13:39:30.299,12.64529,12.64873,0.00,0.00
2015.01.30 13:39:30.349,12.64529,12.64871,0.00,0.00
2015.01.30 13:39:30.656,12.64595,12.64922,0.00,0.00
2015.01.30 13:39:30.859,12.64629,12.64959,0.00,0.00
2015.01.30 13:39:31.962,12.64577,12.64946,0.00,0.00
2015.01.30 13:39:32.200,12.64599,12.64946,0.00,0.00
2015.01.30 13:39:32.301,12.6463,12.64981,0.00,0.00
2015.01.30 13:39:32.402,12.64629,12.64996,0.00,0.00
2015.01.30 13:39:33.465,12.6463,12.64996,0.00,0.00
2015.01.30 13:39:34.075,12.64629,12.64996,0.00,0.00
2015.01.30 13:39:34.252,12.64729,12.64996,0.00,0.00
2015.01.30 13:39:34.303,12.64729,12.65046,0.00,0.00
2015.01.30 13:39:34.404,12.64729,12.6506,0.00,0.00
2015.01.30 13:39:34.505,12.64729,12.65091,0.00,0.00
2015.01.30 13:39:34.693,12.64779,12.65109,0.00,0.00
2015.01.30 13:39:34.997,12.64808,12.65096,0.00,0.00
2015.01.30 13:39:35.098,12.64788,12.65155,0.00,0.00
2015.01.30 13:39:35.169,12.64808,12.65155,0.00,0.00
2015.01.30 13:39:35.333,12.6483,12.65186,0.00,0.00
2015.01.30 13:39:35.685,12.64869,12.65209,0.00,0.00
2015.01.30 13:39:35.937,12.65029,12.65396,0.00,0.00
2015.01.30 13:39:36.087,12.65048,12.65396,0.00,0.00
2015.01.30 13:39:36.289,12.65229,12.65602,0.00,0.00
2015.01.30 13:39:36.339,12.65188,12.65561,0.00,0.00
2015.01.30 13:39:36.641,12.65409,12.65621,0.00,0.00
2015.01.30 13:39:36.692,12.65409,12.65725,0.00,0.00
2015.01.30 13:39:36.792,12.65329,12.65646,0.00,0.00
2015.01.30 13:39:36.843,12.65277,12.65646,0.00,0.00
2015.01.30 13:39:37.137,12.65265,12.65634,0.00,0.00
2015.01.30 13:39:37.654,12.65165,12.65534,0.00,0.00
2015.01.30 13:39:37.968,12.65148,12.65494,0.00,0.00
2015.01.30 13:39:38.069,12.65129,12.65479,0.00,0.00
2015.01.30 13:39:38.170,12.65149,12.65494,0.00,0.00
2015.01.30 13:39:38.220,12.65156,12.65523,0.00,0.00
2015.01.30 13:39:38.321,12.65165,12.65534,0.00,0.00
2015.01.30 13:39:39.508,12.65165,12.65521,0.00,0.00
2015.01.30 13:39:39.609,12.65189,12.65553,0.00,0.00
2015.01.30 13:39:40.012,12.65186,12.65553,0.00,0.00
2015.01.30 13:39:40.120,12.65188,12.65534,0.00,0.00
2015.01.30 13:39:40.435,12.65248,12.65574,0.00,0.00
2015.01.30 13:39:40.536,12.65248,12.65603,0.00,0.00
2015.01.30 13:39:40.636,12.65266,12.65633,0.00,0.00
2015.01.30 13:39:40.687,12.65329,12.65633,0.00,0.00
2015.01.30 13:39:40.737,12.65329,12.65674,0.00,0.00
2015.01.30 13:39:40.788,12.6533,12.65672,0.00,0.00
2015.01.30 13:39:40.845,12.65305,12.65672,0.00,0.00
2015.01.30 13:39:40.999,12.6533,12.65672,0.00,0.00
2015.01.30 13:39:41.050,12.6533,12.65683,0.00,0.00
2015.01.30 13:39:41.260,12.65316,12.6562,0.00,0.00
2015.01.30 13:39:41.461,12.65145,12.65514,0.00,0.00
2015.01.30 13:39:41.562,12.65099,12.65443,0.00,0.00
2015.01.30 13:39:42.488,12.6513,12.65443,0.00,0.00
2015.01.30 13:39:42.639,12.65129,12.65488,0.00,0.00
2015.01.30 13:39:42.868,12.65149,12.65488,0.00,0.00
2015.01.30 13:39:42.969,12.65149,12.65503,0.00,0.00
2015.01.30 13:39:43.019,12.65188,12.65503,0.00,0.00
2015.01.30 13:39:43.070,12.65188,12.65544,0.00,0.00
2015.01.30 13:39:43.360,12.65189,12.65524,0.00,0.00
2015.01.30 13:39:43.462,12.65155,12.65524,0.00,0.00
2015.01.30 13:39:43.614,12.65229,12.65524,0.00,0.00
2015.01.30 13:39:43.769,12.65229,12.65578,0.00,0.00
2015.01.30 13:39:43.885,12.65248,12.65578,0.00,0.00
2015.01.30 13:39:43.935,12.65248,12.65599,0.00,0.00
2015.01.30 13:39:44.036,12.6526,12.65629,0.00,0.00
2015.01.30 13:39:44.629,12.6526,12.65611,0.00,0.00
2015.01.30 13:39:44.679,12.65205,12.65574,0.00,0.00
2015.01.30 13:39:44.735,12.65194,12.65561,0.00,0.00
2015.01.30 13:39:45.049,12.65182,12.65549,0.00,0.00
2015.01.30 13:39:45.150,12.65207,12.65576,0.00,0.00
2015.01.30 13:39:45.200,12.65229,12.65576,0.00,0.00
2015.01.30 13:39:45.251,12.65263,12.65611,0.00,0.00
2015.01.30 13:39:45.557,12.65241,12.65608,0.00,0.00
2015.01.30 13:39:45.658,12.65203,12.65572,0.00,0.00
2015.01.30 13:39:45.759,12.65192,12.65559,0.00,0.00
2015.01.30 13:39:45.939,12.65217,12.65586,0.00,0.00
2015.01.30 13:39:46.040,12.65219,12.65588,0.00,0.00
2015.01.30 13:39:46.342,12.65197,12.65566,0.00,0.00
2015.01.30 13:39:46.645,12.65229,12.65586,0.00,0.00
2015.01.30 13:39:48.600,12.65249,12.65586,0.00,0.00
2015.01.30 13:39:48.751,12.65298,12.65636,0.00,0.00
2015.01.30 13:39:48.801,12.6538,12.65636,0.00,0.00
2015.01.30 13:39:48.852,12.65408,12.65726,0.00,0.00
2015.01.30 13:39:48.953,12.65408,12.65756,0.00,0.00
2015.01.30 13:39:49.004,12.6543,12.65756,0.00,0.00
2015.01.30 13:39:49.055,12.6543,12.65795,0.00,0.00
2015.01.30 13:39:49.156,12.65388,12.65755,0.00,0.00
2015.01.30 13:39:49.257,12.65499,12.65775,0.00,0.00
2015.01.30 13:39:49.357,12.65529,12.65866,0.00,0.00
2015.01.30 13:39:49.458,12.65531,12.659,0.00,0.00
2015.01.30 13:39:49.509,12.65701,12.659,0.00,0.00
2015.01.30 13:39:49.559,12.65701,12.6599,0.00,0.00
2015.01.30 13:39:49.610,12.65701,12.6607,0.00,0.00
2015.01.30 13:39:49.660,12.65681,12.6605,0.00,0.00
2015.01.30 13:39:49.761,12.6564,12.66072,0.00,0.00
2015.01.30 13:39:49.812,12.65729,12.66082,0.00,0.00
2015.01.30 13:39:49.862,12.65729,12.66122,0.00,0.00
2015.01.30 13:39:49.913,12.65898,12.66123,0.00,0.00
2015.01.30 13:39:50.064,12.65929,12.66253,0.00,0.00
2015.01.30 13:39:50.164,12.65929,12.66273,0.00,0.00
2015.01.30 13:39:50.265,12.6593,12.66332,0.00,0.00
2015.01.30 13:39:50.447,12.65929,12.66332,0.00,0.00
2015.01.30 13:39:50.600,12.66618,12.66913,0.00,0.00
2015.01.30 13:39:50.701,12.66618,12.66991,0.00,0.00
2015.01.30 13:39:50.751,12.66618,12.6692,0.00,0.00
2015.01.30 13:39:50.802,12.66528,12.66843,0.00,0.00
2015.01.30 13:39:50.902,12.66528,12.66783,0.00,0.00
2015.01.30 13:39:51.165,12.66329,12.66722,0.00,0.00
2015.01.30 13:39:51.266,12.66328,12.66683,0.00,0.00
2015.01.30 13:39:51.368,12.66259,12.66692,0.00,0.00
2015.01.30 13:39:51.468,12.6618,12.66603,0.00,0.00
2015.01.30 13:39:51.524,12.66169,12.66603,0.00,0.00
2015.01.30 13:39:51.574,12.66192,12.66559,0.00,0.00
2015.01.30 13:39:51.780,12.66134,12.66503,0.00,0.00
2015.01.30 13:39:51.881,12.66229,12.66533,0.00,0.00
2015.01.30 13:39:51.982,12.6623,12.66572,0.00,0.00
2015.01.30 13:39:52.083,12.66229,12.66592,0.00,0.00
2015.01.30 13:39:52.190,12.66185,12.66552,0.00,0.00
2015.01.30 13:39:52.888,12.66169,12.6653,0.00,0.00
2015.01.30 13:39:53.090,12.66114,12.66483,0.00,0.00
2015.01.30 13:39:53.190,12.661,12.66467,0.00,0.00
2015.01.30 13:39:53.291,12.66084,12.66453,0.00,0.00
2015.01.30 13:39:53.342,12.66084,12.66451,0.00,0.00
2015.01.30 13:39:53.392,12.66041,12.6641,0.00,0.00
2015.01.30 13:39:53.493,12.66079,12.66434,0.00,0.00
2015.01.30 13:39:53.795,12.66079,12.66445,0.00,0.00
2015.01.30 13:39:53.861,12.66096,12.66465,0.00,0.00
2015.01.30 13:39:53.911,12.66129,12.66465,0.00,0.00
2015.01.30 13:39:53.962,12.66162,12.66529,0.00,0.00
2015.01.30 13:39:54.197,12.66097,12.66471,0.00,0.00
2015.01.30 13:39:54.592,12.66097,12.66465,0.00,0.00
2015.01.30 13:39:54.693,12.66078,12.6645,0.00,0.00
2015.01.30 13:39:54.894,12.66058,12.6643,0.00,0.00
2015.01.30 13:39:55.307,12.66068,12.6643,0.00,0.00
2015.01.30 13:39:55.407,12.6608,12.66445,0.00,0.00
2015.01.30 13:39:55.514,12.66078,12.66445,0.00,0.00
2015.01.30 13:39:55.665,12.66003,12.66352,0.00,0.00
2015.01.30 13:39:55.883,12.65929,12.66301,0.00,0.00
2015.01.30 13:39:56.388,12.65929,12.66274,0.00,0.00
2015.01.30 13:39:56.639,12.65701,12.66068,0.00,0.00
2015.01.30 13:39:56.690,12.6568,12.66034,0.00,0.00
2015.01.30 13:39:56.890,12.65665,12.66034,0.00,0.00
2015.01.30 13:39:57.059,12.65665,12.66011,0.00,0.00
2015.01.30 13:39:57.162,12.65677,12.66042,0.00,0.00
2015.01.30 13:39:57.212,12.65629,12.65985,0.00,0.00
2015.01.30 13:39:57.315,12.65629,12.66029,0.00,0.00
2015.01.30 13:39:57.370,12.65629,12.66049,0.00,0.00
2015.01.30 13:39:57.420,12.6563,12.6602,0.00,0.00
2015.01.30 13:39:57.789,12.6563,12.65965,0.00,0.00
2015.01.30 13:39:57.892,12.6563,12.65985,0.00,0.00
2015.01.30 13:39:57.993,12.6568,12.66005,0.00,0.00
2015.01.30 13:39:58.100,12.65568,12.65925,0.00,0.00
2015.01.30 13:39:58.161,12.65556,12.65925,0.00,0.00
2015.01.30 13:39:58.212,12.65587,12.65954,0.00,0.00
2015.01.30 13:39:58.607,12.6563,12.65973,0.00,0.00
2015.01.30 13:39:58.915,12.6563,12.65964,0.00,0.00
2015.01.30 13:39:59.165,12.65592,12.65955,0.00,0.00
2015.01.30 13:39:59.215,12.6554,12.65869,0.00,0.00
2015.01.30 13:39:59.266,12.65497,12.65869,0.00,0.00
2015.01.30 13:39:59.316,12.65507,12.65874,0.00,0.00
2015.01.30 13:39:59.637,12.65629,12.65925,0.00,0.00
2015.01.30 13:39:59.871,12.6553,12.6588,0.00,0.00
2015.01.30 13:40:00.038,12.6553,12.65779,0.00,0.00
2015.01.30 13:40:00.089,12.65429,12.65779,0.00,0.00
2015.01.30 13:40:00.139,12.65449,12.65779,0.00,0.00
2015.01.30 13:40:00.240,12.65479,12.65815,0.00,0.00
2015.01.30 13:40:00.291,12.65529,12.65815,0.00,0.00
2015.01.30 13:40:00.341,12.65529,12.65838,0.00,0.00
2015.01.30 13:40:00.442,12.65586,12.65932,0.00,0.00
2015.01.30 13:40:00.542,12.65606,12.65975,0.00,0.00
2015.01.30 13:40:00.593,12.6573,12.65975,0.00,0.00
2015.01.30 13:40:00.643,12.6573,12.66021,0.00,0.00
2015.01.30 13:40:00.694,12.6573,12.66044,0.00,0.00
2015.01.30 13:40:00.795,12.65729,12.66075,0.00,0.00
2015.01.30 13:40:00.900,12.6574,12.66101,0.00,0.00
2015.01.30 13:40:01.051,12.65742,12.66101,0.00,0.00
2015.01.30 13:40:01.202,12.65784,12.66153,0.00,0.00
2015.01.30 13:40:01.252,12.65791,12.66158,0.00,0.00
2015.01.30 13:40:01.511,12.6588,12.66269,0.00,0.00
2015.01.30 13:40:01.800,12.65899,12.66269,0.00,0.00
2015.01.30 13:40:01.850,12.65929,12.66311,0.00,0.00
2015.01.30 13:40:02.108,12.6593,12.66319,0.00,0.00
2015.01.30 13:40:02.245,12.65929,12.66315,0.00,0.00
2015.01.30 13:40:03.034,12.6593,12.6631,0.00,0.00
2015.01.30 13:40:03.650,12.65929,12.6631,0.00,0.00
2015.01.30 13:40:03.903,12.65859,12.66249,0.00,0.00
2015.01.30 13:40:03.953,12.65867,12.66249,0.00,0.00
2015.01.30 13:40:04.370,12.65929,12.66311,0.00,0.00
2015.01.30 13:40:04.823,12.65929,12.66331,0.00,0.00
2015.01.30 13:40:04.874,12.65998,12.66338,0.00,0.00
2015.01.30 13:40:04.924,12.65998,12.6635,0.00,0.00
2015.01.30 13:40:05.028,12.65998,12.6638,0.00,0.00
2015.01.30 13:40:05.142,12.65998,12.66333,0.00,0.00
2015.01.30 13:40:05.249,12.65966,12.66333,0.00,0.00
2015.01.30 13:40:05.350,12.6595,12.66319,0.00,0.00
2015.01.30 13:40:05.551,12.6593,12.66274,0.00,0.00
2015.01.30 13:40:05.657,12.65949,12.66299,0.00,0.00
2015.01.30 13:40:05.760,12.65898,12.66244,0.00,0.00
2015.01.30 13:40:05.860,12.6588,12.66231,0.00,0.00
2015.01.30 13:40:05.915,12.6588,12.66183,0.00,0.00
2015.01.30 13:40:05.965,12.65851,12.66183,0.00,0.00
2015.01.30 13:40:06.016,12.65849,12.66183,0.00,0.00
2015.01.30 13:40:06.116,12.65865,12.66234,0.00,0.00
2015.01.30 13:40:06.217,12.65829,12.66084,0.00,0.00
2015.01.30 13:40:06.268,12.65801,12.66084,0.00,0.00
2015.01.30 13:40:06.368,12.65688,12.66044,0.00,0.00
2015.01.30 13:40:06.643,12.65694,12.66061,0.00,0.00
2015.01.30 13:40:06.817,12.65688,12.66024,0.00,0.00
2015.01.30 13:40:06.867,12.65655,12.66011,0.00,0.00
2015.01.30 13:40:06.917,12.65638,12.6598,0.00,0.00
2015.01.30 13:40:06.968,12.65548,12.6598,0.00,0.00
2015.01.30 13:40:07.018,12.65548,12.65961,0.00,0.00
2015.01.30 13:40:07.319,12.6553,12.6593,0.00,0.00
2015.01.30 13:40:07.667,12.65549,12.65914,0.00,0.00
2015.01.30 13:40:07.727,12.6553,12.65914,0.00,0.00
2015.01.30 13:40:07.828,12.6553,12.65911,0.00,0.00
2015.01.30 13:40:08.080,12.65429,12.65811,0.00,0.00
2015.01.30 13:40:08.130,12.65429,12.6579,0.00,0.00
2015.01.30 13:40:08.181,12.65349,12.65781,0.00,0.00
2015.01.30 13:40:08.231,12.65349,12.65761,0.00,0.00
2015.01.30 13:40:08.558,12.65398,12.65771,0.00,0.00
2015.01.30 13:40:08.717,12.6538,12.65771,0.00,0.00
2015.01.30 13:40:08.834,12.65349,12.65771,0.00,0.00
2015.01.30 13:40:09.632,12.65352,12.65779,0.00,0.00
2015.01.30 13:40:09.833,12.65373,12.65779,0.00,0.00
2015.01.30 13:40:10.142,12.65379,12.65767,0.00,0.00
2015.01.30 13:40:10.193,12.65348,12.65767,0.00,0.00
2015.01.30 13:40:10.344,12.65357,12.65781,0.00,0.00
2015.01.30 13:40:10.445,12.65375,12.65781,0.00,0.00
2015.01.30 13:40:10.681,12.65348,12.65781,0.00,0.00
2015.01.30 13:40:10.732,12.65348,12.65778,0.00,0.00
2015.01.30 13:40:11.034,12.65387,12.6572,0.00,0.00
2015.01.30 13:40:11.134,12.65335,12.65702,0.00,0.00
2015.01.30 13:40:11.386,12.65351,12.65718,0.00,0.00
2015.01.30 13:40:11.764,12.65381,12.65718,0.00,0.00
2015.01.30 13:40:11.814,12.65381,12.65738,0.00,0.00
2015.01.30 13:40:11.865,12.6543,12.65738,0.00,0.00
2015.01.30 13:40:11.966,12.65429,12.65753,0.00,0.00
2015.01.30 13:40:12.022,12.65398,12.65753,0.00,0.00
2015.01.30 13:40:12.125,12.65398,12.65741,0.00,0.00
2015.01.30 13:40:12.175,12.65349,12.65708,0.00,0.00
2015.01.30 13:40:12.279,12.65306,12.65675,0.00,0.00
2015.01.30 13:40:12.380,12.65299,12.65661,0.00,0.00
2015.01.30 13:40:12.484,12.65294,12.65661,0.00,0.00
2015.01.30 13:40:12.584,12.65253,12.6562,0.00,0.00
2015.01.30 13:40:12.904,12.65241,12.65608,0.00,0.00
2015.01.30 13:40:13.309,12.6523,12.65597,0.00,0.00
2015.01.30 13:40:13.619,12.65261,12.65621,0.00,0.00
2015.01.30 13:40:13.927,12.65308,12.65671,0.00,0.00
2015.01.30 13:40:14.117,12.65356,12.65681,0.00,0.00
2015.01.30 13:40:14.231,12.65356,12.65725,0.00,0.00
2015.01.30 13:40:14.381,12.65341,12.6571,0.00,0.00
2015.01.30 13:40:14.687,12.65248,12.65617,0.00,0.00
2015.01.30 13:40:15.006,12.65239,12.65567,0.00,0.00
2015.01.30 13:40:15.207,12.65238,12.65586,0.00,0.00
2015.01.30 13:40:15.258,12.6528,12.65586,0.00,0.00
2015.01.30 13:40:15.308,12.6528,12.65636,0.00,0.00
2015.01.30 13:40:15.359,12.6533,12.65636,0.00,0.00
2015.01.30 13:40:15.409,12.6533,12.65662,0.00,0.00
2015.01.30 13:40:16.030,12.6529,12.65616,0.00,0.00
2015.01.30 13:40:16.139,12.65229,12.65566,0.00,0.00
2015.01.30 13:40:16.710,12.6523,12.65537,0.00,0.00
2015.01.30 13:40:16.861,12.65152,12.65467,0.00,0.00
2015.01.30 13:40:16.912,12.65129,12.65467,0.00,0.00
2015.01.30 13:40:17.238,12.65069,12.6543,0.00,0.00
2015.01.30 13:40:17.348,12.65029,12.65372,0.00,0.00
2015.01.30 13:40:17.516,12.6504,12.65399,0.00,0.00
2015.01.30 13:40:17.567,12.6503,12.65399,0.00,0.00
2015.01.30 13:40:17.617,12.65029,12.65342,0.00,0.00
2015.01.30 13:40:17.869,12.6513,12.65469,0.00,0.00
2015.01.30 13:40:18.076,12.65139,12.65469,0.00,0.00
2015.01.30 13:40:18.126,12.65139,12.6549,0.00,0.00
2015.01.30 13:40:18.227,12.65148,12.65517,0.00,0.00
2015.01.30 13:40:18.535,12.65164,12.65533,0.00,0.00
2015.01.30 13:40:18.837,12.65189,12.65546,0.00,0.00
2015.01.30 13:40:18.946,12.65179,12.65546,0.00,0.00
2015.01.30 13:40:19.166,12.65188,12.65546,0.00,0.00
2015.01.30 13:40:19.317,12.65175,12.65544,0.00,0.00
2015.01.30 13:40:19.368,12.65148,12.65517,0.00,0.00
2015.01.30 13:40:19.670,12.65187,12.65556,0.00,0.00
2015.01.30 13:40:20.061,12.65139,12.65507,0.00,0.00
2015.01.30 13:40:20.386,12.65038,12.65407,0.00,0.00
2015.01.30 13:40:20.524,12.65068,12.65431,0.00,0.00
2015.01.30 13:40:20.625,12.65058,12.65427,0.00,0.00
2015.01.30 13:40:20.725,12.65039,12.65277,0.00,0.00
2015.01.30 13:40:20.776,12.64908,12.65277,0.00,0.00
2015.01.30 13:40:20.826,12.64936,12.65291,0.00,0.00
2015.01.30 13:40:20.877,12.64936,12.65305,0.00,0.00
2015.01.30 13:40:20.927,12.6493,12.65277,0.00,0.00
2015.01.30 13:40:21.079,12.64978,12.6534,0.00,0.00
2015.01.30 13:40:21.179,12.64999,12.65347,0.00,0.00
2015.01.30 13:40:21.230,12.65028,12.65397,0.00,0.00
2015.01.30 13:40:21.280,12.6503,12.65397,0.00,0.00
2015.01.30 13:40:21.582,12.64998,12.65337,0.00,0.00
2015.01.30 13:40:21.928,12.65013,12.65382,0.00,0.00
2015.01.30 13:40:21.979,12.65029,12.65382,0.00,0.00
2015.01.30 13:40:22.289,12.65129,12.65401,0.00,0.00
2015.01.30 13:40:22.339,12.65129,12.65466,0.00,0.00
2015.01.30 13:40:22.440,12.65049,12.65416,0.00,0.00
2015.01.30 13:40:22.780,12.65077,12.65432,0.00,0.00
2015.01.30 13:40:22.831,12.65077,12.65446,0.00,0.00
2015.01.30 13:40:23.126,12.65077,12.65432,0.00,0.00
2015.01.30 13:40:23.240,12.65048,12.65417,0.00,0.00
2015.01.30 13:40:23.341,12.65074,12.65432,0.00,0.00
2015.01.30 13:40:23.471,12.65074,12.65443,0.00,0.00
2015.01.30 13:40:23.521,12.65049,12.65416,0.00,0.00
2015.01.30 13:40:23.941,12.65054,12.65421,0.00,0.00
2015.01.30 13:40:24.057,12.65039,12.65407,0.00,0.00
2015.01.30 13:40:24.118,12.65048,12.65407,0.00,0.00
2015.01.30 13:40:24.283,12.65048,12.65412,0.00,0.00
2015.01.30 13:40:24.385,12.65048,12.65415,0.00,0.00
2015.01.30 13:40:24.537,12.65064,12.65431,0.00,0.00
2015.01.30 13:40:24.852,12.65049,12.65367,0.00,0.00
2015.01.30 13:40:24.953,12.65048,12.65387,0.00,0.00
2015.01.30 13:40:25.054,12.65051,12.65418,0.00,0.00
2015.01.30 13:40:25.104,12.6508,12.65418,0.00,0.00
2015.01.30 13:40:25.154,12.65088,12.65437,0.00,0.00
2015.01.30 13:40:25.255,12.6508,12.65437,0.00,0.00
2015.01.30 13:40:25.306,12.65068,12.65437,0.00,0.00
2015.01.30 13:40:25.356,12.65048,12.65417,0.00,0.00
2015.01.30 13:40:25.856,12.65048,12.65373,0.00,0.00
2015.01.30 13:40:25.906,12.6503,12.65373,0.00,0.00
2015.01.30 13:40:25.957,12.6503,12.65388,0.00,0.00
2015.01.30 13:40:26.007,12.65048,12.65388,0.00,0.00
2015.01.30 13:40:26.058,12.65055,12.65422,0.00,0.00
2015.01.30 13:40:26.108,12.6513,12.65422,0.00,0.00
2015.01.30 13:40:26.159,12.6513,12.65461,0.00,0.00
2015.01.30 13:40:26.283,12.65094,12.65461,0.00,0.00
2015.01.30 13:40:26.384,12.65089,12.65426,0.00,0.00
2015.01.30 13:40:26.636,12.65049,12.65407,0.00,0.00
2015.01.30 13:40:26.686,12.6503,12.65356,0.00,0.00
2015.01.30 13:40:27.090,12.65029,12.65386,0.00,0.00
2015.01.30 13:40:27.260,12.65029,12.65374,0.00,0.00
2015.01.30 13:40:27.360,12.65048,12.65401,0.00,0.00
2015.01.30 13:40:27.461,12.6513,12.65436,0.00,0.00
2015.01.30 13:40:27.567,12.6513,12.65466,0.00,0.00
2015.01.30 13:40:28.181,12.65089,12.65437,0.00,0.00
2015.01.30 13:40:28.282,12.65049,12.65367,0.00,0.00
2015.01.30 13:40:28.332,12.6503,12.65367,0.00,0.00
2015.01.30 13:40:28.584,12.64998,12.65316,0.00,0.00
2015.01.30 13:40:28.634,12.64989,12.65316,0.00,0.00
2015.01.30 13:40:28.685,12.64949,12.65316,0.00,0.00
2015.01.30 13:40:28.788,12.64948,12.65286,0.00,0.00
2015.01.30 13:40:29.111,12.65079,12.65386,0.00,0.00
2015.01.30 13:40:29.161,12.6503,12.65386,0.00,0.00
2015.01.30 13:40:29.212,12.65049,12.65367,0.00,0.00
2015.01.30 13:40:29.417,12.65049,12.65387,0.00,0.00
2015.01.30 13:40:29.524,12.65049,12.65367,0.00,0.00
2015.01.30 13:40:29.728,12.65089,12.65446,0.00,0.00
2015.01.30 13:40:29.929,12.65061,12.65428,0.00,0.00
2015.01.30 13:40:30.087,12.65049,12.65417,0.00,0.00
2015.01.30 13:40:30.409,12.65129,12.65438,0.00,0.00
2015.01.30 13:40:30.512,12.65149,12.65486,0.00,0.00
2015.01.30 13:40:30.635,12.6519,12.65536,0.00,0.00
2015.01.30 13:40:30.690,12.6519,12.65549,0.00,0.00
2015.01.30 13:40:30.927,12.6523,12.65537,0.00,0.00
2015.01.30 13:40:31.027,12.65194,12.65563,0.00,0.00
2015.01.30 13:40:31.078,12.65238,12.65563,0.00,0.00
2015.01.30 13:40:31.229,12.65298,12.6563,0.00,0.00
2015.01.30 13:40:31.279,12.65329,12.65632,0.00,0.00
2015.01.30 13:40:31.330,12.65329,12.65661,0.00,0.00
2015.01.30 13:40:31.950,12.6533,12.65661,0.00,0.00
2015.01.30 13:40:32.872,12.65329,12.65661,0.00,0.00
2015.01.30 13:40:33.180,12.65298,12.65631,0.00,0.00
2015.01.30 13:40:33.281,12.65279,12.65631,0.00,0.00
2015.01.30 13:40:33.332,12.65238,12.65576,0.00,0.00
2015.01.30 13:40:33.382,12.65209,12.65576,0.00,0.00
2015.01.30 13:40:33.433,12.65189,12.65537,0.00,0.00
2015.01.30 13:40:33.999,12.6519,12.65553,0.00,0.00
2015.01.30 13:40:34.404,12.6519,12.65529,0.00,0.00
2015.01.30 13:40:34.455,12.65188,12.65529,0.00,0.00
2015.01.30 13:40:34.506,12.6516,12.65529,0.00,0.00
2015.01.30 13:40:34.556,12.6523,12.65518,0.00,0.00
2015.01.30 13:40:34.657,12.65238,12.65534,0.00,0.00
2015.01.30 13:40:34.758,12.65229,12.65576,0.00,0.00
2015.01.30 13:40:34.808,12.65229,12.65521,0.00,0.00
2015.01.30 13:40:34.859,12.6513,12.65471,0.00,0.00
2015.01.30 13:40:35.362,12.65188,12.65471,0.00,0.00
2015.01.30 13:40:35.413,12.65188,12.65499,0.00,0.00
2015.01.30 13:40:35.463,12.65229,12.65499,0.00,0.00
2015.01.30 13:40:35.514,12.65229,12.65519,0.00,0.00
2015.01.30 13:40:35.565,12.65239,12.65519,0.00,0.00
2015.01.30 13:40:35.615,12.65239,12.65547,0.00,0.00
2015.01.30 13:40:35.716,12.65299,12.65618,0.00,0.00
2015.01.30 13:40:35.817,12.65299,12.65658,0.00,0.00
2015.01.30 13:40:35.867,12.65329,12.65658,0.00,0.00
2015.01.30 13:40:36.171,12.65299,12.65658,0.00,0.00
2015.01.30 13:40:36.221,12.65299,12.65638,0.00,0.00
2015.01.30 13:40:36.528,12.65429,12.65708,0.00,0.00
2015.01.30 13:40:36.629,12.65429,12.65759,0.00,0.00
2015.01.30 13:40:36.833,12.654,12.65718,0.00,0.00
2015.01.30 13:40:36.991,12.65351,12.65718,0.00,0.00
2015.01.30 13:40:38.427,12.65351,12.65671,0.00,0.00
2015.01.30 13:40:38.477,12.65326,12.65671,0.00,0.00
2015.01.30 13:40:38.585,12.65251,12.6562,0.00,0.00
2015.01.30 13:40:38.746,12.65298,12.6562,0.00,0.00
2015.01.30 13:40:38.992,12.65348,12.65689,0.00,0.00
2015.01.30 13:40:39.096,12.65351,12.6572,0.00,0.00
2015.01.30 13:40:39.788,12.65339,12.6568,0.00,0.00
2015.01.30 13:40:40.158,12.65371,12.65731,0.00,0.00
2015.01.30 13:40:40.209,12.6543,12.6574,0.00,0.00
2015.01.30 13:40:40.259,12.6543,12.6577,0.00,0.00
2015.01.30 13:40:40.759,12.65437,12.65806,0.00,0.00
2015.01.30 13:40:40.993,12.6543,12.65786,0.00,0.00
2015.01.30 13:40:41.200,12.65362,12.65731,0.00,0.00
2015.01.30 13:40:41.461,12.65383,12.6575,0.00,0.00
2015.01.30 13:40:41.896,12.65429,12.65781,0.00,0.00
2015.01.30 13:40:42.207,12.6543,12.65751,0.00,0.00
2015.01.30 13:40:42.308,12.65429,12.6578,0.00,0.00
2015.01.30 13:40:42.463,12.65429,12.6573,0.00,0.00
2015.01.30 13:40:42.564,12.65349,12.65711,0.00,0.00
2015.01.30 13:40:42.664,12.65339,12.65676,0.00,0.00
2015.01.30 13:40:42.768,12.65329,12.65676,0.00,0.00
2015.01.30 13:40:42.964,12.65329,12.6566,0.00,0.00
2015.01.30 13:40:43.065,12.65262,12.65631,0.00,0.00
2015.01.30 13:40:43.267,12.65239,12.65571,0.00,0.00
2015.01.30 13:40:43.355,12.65211,12.65571,0.00,0.00
2015.01.30 13:40:43.406,12.6519,12.6555,0.00,0.00
2015.01.30 13:40:43.596,12.65205,12.65574,0.00,0.00
2015.01.30 13:40:43.714,12.652,12.65569,0.00,0.00
2015.01.30 13:40:44.020,12.6519,12.6555,0.00,0.00
2015.01.30 13:40:44.071,12.65198,12.65565,0.00,0.00
2015.01.30 13:40:44.281,12.65289,12.65622,0.00,0.00
2015.01.30 13:40:44.431,12.65362,12.65731,0.00,0.00
2015.01.30 13:40:44.482,12.65349,12.65653,0.00,0.00
2015.01.30 13:40:44.583,12.65362,12.65731,0.00,0.00
2015.01.30 13:40:44.683,12.65349,12.65681,0.00,0.00
2015.01.30 13:40:44.734,12.65339,12.65681,0.00,0.00
2015.01.30 13:40:44.796,12.65329,12.65681,0.00,0.00
2015.01.30 13:40:45.573,12.6533,12.65681,0.00,0.00
2015.01.30 13:40:45.981,12.65372,12.65731,0.00,0.00
2015.01.30 13:40:46.032,12.654,12.65741,0.00,0.00
2015.01.30 13:40:46.082,12.65402,12.65771,0.00,0.00
2015.01.30 13:40:46.386,12.65399,12.6575,0.00,0.00
2015.01.30 13:40:46.894,12.65398,12.6575,0.00,0.00
2015.01.30 13:40:47.801,12.65361,12.6573,0.00,0.00
2015.01.30 13:40:48.807,12.65331,12.657,0.00,0.00
2015.01.30 13:40:49.205,12.6533,12.65675,0.00,0.00
2015.01.30 13:40:50.528,12.6533,12.65604,0.00,0.00
2015.01.30 13:40:50.578,12.65239,12.65604,0.00,0.00
2015.01.30 13:40:50.679,12.65279,12.65604,0.00,0.00
2015.01.30 13:40:50.809,12.65279,12.65615,0.00,0.00
2015.01.30 13:40:51.470,12.6528,12.65615,0.00,0.00
2015.01.30 13:40:51.997,12.65279,12.65615,0.00,0.00
2015.01.30 13:40:52.543,12.65239,12.65569,0.00,0.00
2015.01.30 13:40:52.906,12.65229,12.65569,0.00,0.00
2015.01.30 13:40:53.216,12.65219,12.65479,0.00,0.00
2015.01.30 13:40:53.317,12.6513,12.65479,0.00,0.00
2015.01.30 13:40:53.528,12.65133,12.655,0.00,0.00
2015.01.30 13:40:53.578,12.65138,12.655,0.00,0.00
2015.01.30 13:40:53.995,12.652,12.6554,0.00,0.00
2015.01.30 13:40:54.649,12.6521,12.6554,0.00,0.00
2015.01.30 13:40:55.067,12.65239,12.6554,0.00,0.00
2015.01.30 13:40:55.119,12.65239,12.6556,0.00,0.00
2015.01.30 13:40:55.170,12.65279,12.6556,0.00,0.00
2015.01.30 13:40:55.221,12.65279,12.65639,0.00,0.00
2015.01.30 13:40:55.272,12.6533,12.65639,0.00,0.00
2015.01.30 13:40:55.322,12.6533,12.65675,0.00,0.00
2015.01.30 13:40:56.040,12.65329,12.65675,0.00,0.00
2015.01.30 13:40:56.285,12.6531,12.65675,0.00,0.00
2015.01.30 13:40:56.336,12.6531,12.65629,0.00,0.00
2015.01.30 13:40:56.438,12.65279,12.65629,0.00,0.00
2015.01.30 13:40:56.749,12.65279,12.65569,0.00,0.00
2015.01.30 13:40:56.849,12.65209,12.6554,0.00,0.00
2015.01.30 13:40:57.429,12.65179,12.6554,0.00,0.00
2015.01.30 13:40:57.836,12.65179,12.65522,0.00,0.00
2015.01.30 13:40:58.138,12.65179,12.6549,0.00,0.00
2015.01.30 13:40:58.189,12.65179,12.65515,0.00,0.00
2015.01.30 13:40:58.553,12.65219,12.65515,0.00,0.00
2015.01.30 13:40:58.858,12.65249,12.65521,0.00,0.00
2015.01.30 13:40:59.002,12.6513,12.65479,0.00,0.00
2015.01.30 13:40:59.273,12.65179,12.65479,0.00,0.00
2015.01.30 13:40:59.488,12.65129,12.65479,0.00,0.00
2015.01.30 13:40:59.783,12.65191,12.65499,0.00,0.00
2015.01.30 13:40:59.884,12.65229,12.65544,0.00,0.00
2015.01.30 13:40:59.934,12.65239,12.65544,0.00,0.00
2015.01.30 13:40:59.985,12.65239,12.65575,0.00,0.00
2015.01.30 13:41:00.757,12.6524,12.65575,0.00,0.00
2015.01.30 13:41:01.417,12.65239,12.65575,0.00,0.00
2015.01.30 13:41:02.059,12.6528,12.65575,0.00,0.00
2015.01.30 13:41:02.109,12.6528,12.656,0.00,0.00
2015.01.30 13:41:02.160,12.65329,12.656,0.00,0.00
2015.01.30 13:41:02.210,12.65329,12.6565,0.00,0.00
2015.01.30 13:41:02.311,12.6533,12.65672,0.00,0.00
2015.01.30 13:41:02.671,12.65319,12.65672,0.00,0.00
2015.01.30 13:41:02.721,12.65319,12.65649,0.00,0.00
2015.01.30 13:41:03.594,12.65299,12.65649,0.00,0.00
2015.01.30 13:41:03.648,12.65299,12.65611,0.00,0.00
2015.01.30 13:41:03.799,12.65272,12.65611,0.00,0.00
2015.01.30 13:41:03.850,12.65249,12.6561,0.00,0.00
2015.01.30 13:41:03.951,12.65229,12.65579,0.00,0.00
2015.01.30 13:41:04.633,12.65212,12.65579,0.00,0.00
2015.01.30 13:41:04.684,12.65212,12.65572,0.00,0.00
2015.01.30 13:41:04.784,12.65132,12.65499,0.00,0.00
2015.01.30 13:41:04.835,12.65129,12.65479,0.00,0.00
2015.01.30 13:41:05.138,12.65248,12.65609,0.00,0.00
2015.01.30 13:41:05.189,12.65299,12.65609,0.00,0.00
2015.01.30 13:41:05.347,12.65299,12.6564,0.00,0.00
2015.01.30 13:41:05.838,12.65299,12.65619,0.00,0.00
2015.01.30 13:41:05.888,12.65252,12.65612,0.00,0.00
2015.01.30 13:41:05.938,12.6525,12.65539,0.00,0.00
2015.01.30 13:41:05.989,12.6522,12.65539,0.00,0.00
2015.01.30 13:41:06.304,12.65249,12.65539,0.00,0.00
2015.01.30 13:41:06.354,12.65249,12.65579,0.00,0.00
2015.01.30 13:41:06.405,12.6528,12.65579,0.00,0.00
2015.01.30 13:41:06.455,12.6528,12.6563,0.00,0.00
2015.01.30 13:41:06.506,12.65279,12.65611,0.00,0.00
2015.01.30 13:41:06.607,12.65237,12.65604,0.00,0.00
2015.01.30 13:41:06.657,12.65229,12.65589,0.00,0.00
2015.01.30 13:41:06.980,12.65259,12.65539,0.00,0.00
2015.01.30 13:41:07.030,12.65209,12.65539,0.00,0.00
2015.01.30 13:41:07.251,12.65209,12.6548,0.00,0.00
2015.01.30 13:41:07.351,12.65209,12.65489,0.00,0.00
2015.01.30 13:41:07.452,12.65209,12.65539,0.00,0.00
2015.01.30 13:41:07.668,12.6521,12.6556,0.00,0.00
2015.01.30 13:41:07.718,12.65279,12.6556,0.00,0.00
2015.01.30 13:41:07.769,12.65279,12.6558,0.00,0.00
2015.01.30 13:41:07.920,12.65249,12.6558,0.00,0.00
2015.01.30 13:41:08.020,12.65279,12.6558,0.00,0.00
2015.01.30 13:41:08.071,12.65279,12.65615,0.00,0.00
2015.01.30 13:41:08.268,12.65299,12.65615,0.00,0.00
2015.01.30 13:41:08.490,12.6528,12.65615,0.00,0.00
2015.01.30 13:41:09.007,12.65249,12.65615,0.00,0.00
2015.01.30 13:41:09.057,12.65249,12.65595,0.00,0.00
2015.01.30 13:41:09.423,12.65199,12.6554,0.00,0.00
2015.01.30 13:41:09.930,12.65171,12.6554,0.00,0.00
2015.01.30 13:41:10.356,12.65189,12.6554,0.00,0.00
2015.01.30 13:41:10.744,12.65199,12.6554,0.00,0.00
2015.01.30 13:41:11.368,12.6521,12.6554,0.00,0.00
2015.01.30 13:41:11.702,12.65148,12.6548,0.00,0.00
2015.01.30 13:41:11.802,12.65129,12.6548,0.00,0.00
2015.01.30 13:41:12.445,12.65099,12.65381,0.00,0.00
2015.01.30 13:41:12.495,12.65049,12.65381,0.00,0.00
2015.01.30 13:41:12.596,12.6503,12.65381,0.00,0.00
2015.01.30 13:41:12.697,12.6503,12.65371,0.00,0.00
2015.01.30 13:41:12.797,12.64929,12.65285,0.00,0.00
2015.01.30 13:41:12.848,12.64949,12.65281,0.00,0.00
2015.01.30 13:41:13.049,12.65029,12.65386,0.00,0.00
2015.01.30 13:41:13.346,12.65017,12.65372,0.00,0.00
2015.01.30 13:41:13.551,12.64929,12.65285,0.00,0.00
2015.01.30 13:41:13.696,12.64949,12.65285,0.00,0.00
2015.01.30 13:41:13.903,12.64998,12.6534,0.00,0.00
2015.01.30 13:41:14.007,12.6503,12.6538,0.00,0.00
2015.01.30 13:41:14.108,12.65049,12.6538,0.00,0.00
2015.01.30 13:41:14.212,12.6503,12.6538,0.00,0.00
2015.01.30 13:41:14.315,12.65043,12.6541,0.00,0.00
2015.01.30 13:41:14.424,12.6503,12.65391,0.00,0.00
2015.01.30 13:41:14.525,12.64963,12.6533,0.00,0.00
2015.01.30 13:41:14.575,12.65049,12.6533,0.00,0.00
2015.01.30 13:41:14.626,12.6507,12.6539,0.00,0.00
2015.01.30 13:41:14.726,12.65029,12.6539,0.00,0.00
2015.01.30 13:41:14.777,12.65029,12.65371,0.00,0.00
2015.01.30 13:41:14.827,12.64993,12.6536,0.00,0.00
2015.01.30 13:41:14.928,12.64962,12.65331,0.00,0.00
2015.01.30 13:41:15.197,12.64962,12.65322,0.00,0.00
2015.01.30 13:41:15.448,12.64929,12.65292,0.00,0.00
2015.01.30 13:41:15.607,12.64929,12.65271,0.00,0.00
2015.01.30 13:41:15.657,12.64902,12.65271,0.00,0.00
2015.01.30 13:41:15.708,12.6489,12.6521,0.00,0.00
2015.01.30 13:41:15.909,12.65103,12.6547,0.00,0.00
2015.01.30 13:41:16.010,12.65079,12.6538,0.00,0.00
2015.01.30 13:41:16.060,12.65048,12.6538,0.00,0.00
2015.01.30 13:41:16.111,12.6503,12.65366,0.00,0.00
2015.01.30 13:41:16.211,12.65029,12.6535,0.00,0.00
2015.01.30 13:41:16.262,12.64999,12.6535,0.00,0.00
2015.01.30 13:41:16.312,12.64979,12.65321,0.00,0.00
2015.01.30 13:41:16.363,12.64952,12.65321,0.00,0.00
2015.01.30 13:41:16.514,12.64948,12.65298,0.00,0.00
2015.01.30 13:41:16.726,12.64948,12.65313,0.00,0.00
2015.01.30 13:41:16.776,12.64999,12.65313,0.00,0.00
2015.01.30 13:41:16.827,12.64999,12.65339,0.00,0.00
2015.01.30 13:41:16.928,12.64999,12.65358,0.00,0.00
2015.01.30 13:41:16.978,12.65029,12.65358,0.00,0.00
2015.01.30 13:41:17.079,12.64999,12.65358,0.00,0.00
2015.01.30 13:41:17.129,12.64999,12.65339,0.00,0.00
2015.01.30 13:41:17.180,12.6497,12.65339,0.00,0.00
2015.01.30 13:41:17.230,12.64948,12.65269,0.00,0.00
2015.01.30 13:41:17.331,12.64898,12.65239,0.00,0.00
2015.01.30 13:41:17.629,12.6493,12.65259,0.00,0.00
2015.01.30 13:41:17.932,12.64898,12.65239,0.00,0.00
2015.01.30 13:41:19.071,12.649,12.65269,0.00,0.00
2015.01.30 13:41:19.172,12.64929,12.65269,0.00,0.00
2015.01.30 13:41:19.732,12.6493,12.65269,0.00,0.00
2015.01.30 13:41:19.846,12.649,12.65269,0.00,0.00
2015.01.30 13:41:19.952,12.64929,12.65238,0.00,0.00
2015.01.30 13:41:20.018,12.64929,12.65258,0.00,0.00
2015.01.30 13:41:20.873,12.6493,12.65258,0.00,0.00
2015.01.30 13:41:21.180,12.64898,12.65258,0.00,0.00
2015.01.30 13:41:21.231,12.64898,12.65238,0.00,0.00
2015.01.30 13:41:21.433,12.64898,12.65259,0.00,0.00
2015.01.30 13:41:21.488,12.6493,12.65259,0.00,0.00
2015.01.30 13:41:22.042,12.64929,12.65259,0.00,0.00
2015.01.30 13:41:22.207,12.64898,12.65259,0.00,0.00
2015.01.30 13:41:22.257,12.64898,12.65238,0.00,0.00
2015.01.30 13:41:22.565,12.65029,12.65221,0.00,0.00
2015.01.30 13:41:22.615,12.65029,12.65288,0.00,0.00
2015.01.30 13:41:22.666,12.6503,12.65368,0.00,0.00
2015.01.30 13:41:22.767,12.65069,12.65368,0.00,0.00
2015.01.30 13:41:22.968,12.6503,12.65368,0.00,0.00
2015.01.30 13:41:23.536,12.65029,12.65368,0.00,0.00
2015.01.30 13:41:24.239,12.6503,12.65368,0.00,0.00
2015.01.30 13:41:24.345,12.6503,12.65249,0.00,0.00
2015.01.30 13:41:24.396,12.64898,12.65249,0.00,0.00
2015.01.30 13:41:24.446,12.6481,12.6513,0.00,0.00
2015.01.30 13:41:24.497,12.64781,12.6513,0.00,0.00
2015.01.30 13:41:24.547,12.64781,12.651,0.00,0.00
2015.01.30 13:41:24.648,12.64781,12.65129,0.00,0.00
2015.01.30 13:41:24.749,12.64782,12.65149,0.00,0.00
2015.01.30 13:41:24.799,12.64799,12.65149,0.00,0.00
2015.01.30 13:41:24.900,12.64762,12.65129,0.00,0.00
2015.01.30 13:41:24.950,12.64738,12.65099,0.00,0.00
2015.01.30 13:41:25.051,12.64738,12.65112,0.00,0.00
2015.01.30 13:41:25.247,12.6473,12.65111,0.00,0.00
2015.01.30 13:41:25.297,12.64689,12.65061,0.00,0.00
2015.01.30 13:41:25.348,12.64669,12.65061,0.00,0.00
2015.01.30 13:41:25.398,12.6473,12.65042,0.00,0.00
2015.01.30 13:41:25.499,12.6473,12.65051,0.00,0.00
2015.01.30 13:41:25.823,12.6466,12.65051,0.00,0.00
2015.01.30 13:41:25.874,12.6466,12.65031,0.00,0.00
2015.01.30 13:41:25.924,12.6465,12.65031,0.00,0.00
2015.01.30 13:41:25.975,12.6465,12.65002,0.00,0.00
2015.01.30 13:41:26.304,12.64729,12.65002,0.00,0.00
2015.01.30 13:41:26.405,12.64729,12.65032,0.00,0.00
2015.01.30 13:41:26.455,12.64738,12.65032,0.00,0.00
2015.01.30 13:41:26.506,12.64738,12.65072,0.00,0.00
2015.01.30 13:41:26.607,12.64738,12.65102,0.00,0.00
2015.01.30 13:41:27.264,12.6478,12.65122,0.00,0.00
2015.01.30 13:41:27.364,12.64739,12.65101,0.00,0.00
2015.01.30 13:41:27.415,12.6471,12.65101,0.00,0.00
2015.01.30 13:41:27.465,12.6469,12.65032,0.00,0.00
2015.01.30 13:41:27.788,12.64689,12.65021,0.00,0.00
2015.01.30 13:41:28.508,12.64738,12.65021,0.00,0.00
2015.01.30 13:41:28.614,12.64738,12.65041,0.00,0.00
2015.01.30 13:41:28.714,12.64738,12.65061,0.00,0.00
2015.01.30 13:41:28.765,12.64738,12.65091,0.00,0.00
2015.01.30 13:41:29.385,12.6473,12.65091,0.00,0.00
2015.01.30 13:41:29.515,12.64689,12.65066,0.00,0.00
2015.01.30 13:41:29.566,12.64689,12.65027,0.00,0.00
2015.01.30 13:41:29.897,12.6474,12.65097,0.00,0.00
2015.01.30 13:41:30.461,12.64739,12.65097,0.00,0.00
2015.01.30 13:41:31.616,12.64688,12.65066,0.00,0.00
2015.01.30 13:41:31.716,12.6465,12.65002,0.00,0.00
2015.01.30 13:41:32.356,12.64698,12.65002,0.00,0.00
2015.01.30 13:41:32.709,12.64649,12.65001,0.00,0.00
2015.01.30 13:41:33.471,12.6463,12.65001,0.00,0.00
2015.01.30 13:41:33.522,12.6463,12.64972,0.00,0.00
2015.01.30 13:41:33.846,12.64629,12.64951,0.00,0.00
2015.01.30 13:41:34.147,12.64629,12.64962,0.00,0.00
2015.01.30 13:41:34.716,12.64629,12.64921,0.00,0.00
2015.01.30 13:41:34.767,12.64598,12.64921,0.00,0.00
2015.01.30 13:41:34.818,12.64579,12.64861,0.00,0.00
2015.01.30 13:41:34.919,12.6463,12.64919,0.00,0.00
2015.01.30 13:41:35.019,12.6463,12.64929,0.00,0.00
2015.01.30 13:41:35.073,12.64679,12.64929,0.00,0.00
2015.01.30 13:41:35.124,12.64679,12.6494,0.00,0.00
2015.01.30 13:41:35.175,12.64648,12.6494,0.00,0.00
2015.01.30 13:41:35.226,12.64648,12.6497,0.00,0.00
2015.01.30 13:41:35.327,12.64699,12.64972,0.00,0.00
2015.01.30 13:41:35.432,12.64729,12.65043,0.00,0.00
2015.01.30 13:41:35.533,12.64729,12.65073,0.00,0.00
2015.01.30 13:41:36.095,12.6473,12.65073,0.00,0.00
2015.01.30 13:41:36.405,12.64699,12.65073,0.00,0.00
2015.01.30 13:41:36.455,12.64699,12.65062,0.00,0.00
2015.01.30 13:41:36.506,12.6466,12.65024,0.00,0.00
2015.01.30 13:41:36.556,12.64729,12.65024,0.00,0.00
2015.01.30 13:41:36.607,12.64729,12.6506,0.00,0.00
2015.01.30 13:41:36.658,12.6473,12.65011,0.00,0.00
2015.01.30 13:41:36.714,12.64691,12.65001,0.00,0.00
2015.01.30 13:41:36.764,12.64691,12.64911,0.00,0.00
2015.01.30 13:41:36.815,12.64659,12.64893,0.00,0.00
2015.01.30 13:41:36.916,12.64524,12.64893,0.00,0.00
2015.01.30 13:41:37.016,12.64499,12.64823,0.00,0.00
2015.01.30 13:41:37.561,12.6446,12.64821,0.00,0.00
2015.01.30 13:41:37.611,12.6446,12.64813,0.00,0.00
2015.01.30 13:41:37.662,12.64448,12.64813,0.00,0.00
2015.01.30 13:41:38.078,12.64444,12.64813,0.00,0.00
2015.01.30 13:41:38.336,12.64478,12.64813,0.00,0.00
2015.01.30 13:41:38.667,12.64529,12.64837,0.00,0.00
2015.01.30 13:41:38.718,12.64445,12.64812,0.00,0.00
2015.01.30 13:41:39.329,12.64429,12.64752,0.00,0.00
2015.01.30 13:41:39.436,12.64389,12.64752,0.00,0.00
2015.01.30 13:41:39.506,12.64389,12.64733,0.00,0.00
2015.01.30 13:41:40.195,12.6448,12.64733,0.00,0.00
2015.01.30 13:41:40.246,12.6448,12.64772,0.00,0.00
2015.01.30 13:41:40.296,12.64489,12.64772,0.00,0.00
2015.01.30 13:41:40.347,12.64489,12.64793,0.00,0.00
2015.01.30 13:41:40.460,12.64629,12.64793,0.00,0.00
2015.01.30 13:41:40.511,12.64629,12.64862,0.00,0.00
2015.01.30 13:41:40.612,12.64629,12.64923,0.00,0.00
2015.01.30 13:41:40.664,12.64578,12.64923,0.00,0.00
2015.01.30 13:41:40.715,12.64578,12.64863,0.00,0.00
2015.01.30 13:41:40.765,12.64549,12.64863,0.00,0.00
2015.01.30 13:41:40.816,12.64529,12.64883,0.00,0.00
2015.01.30 13:41:41.117,12.6453,12.64862,0.00,0.00
2015.01.30 13:41:41.218,12.64535,12.64902,0.00,0.00
2015.01.30 13:41:41.319,12.64629,12.64952,0.00,0.00
2015.01.30 13:41:41.867,12.6463,12.64952,0.00,0.00
2015.01.30 13:41:42.091,12.64585,12.64952,0.00,0.00
2015.01.30 13:41:42.254,12.64578,12.64923,0.00,0.00
2015.01.30 13:41:42.577,12.64629,12.64962,0.00,0.00
2015.01.30 13:41:43.255,12.64549,12.64872,0.00,0.00
2015.01.30 13:41:43.314,12.64584,12.64953,0.00,0.00
2015.01.30 13:41:43.421,12.64629,12.64953,0.00,0.00
2015.01.30 13:41:43.572,12.64588,12.64932,0.00,0.00
2015.01.30 13:41:43.673,12.64588,12.64952,0.00,0.00
2015.01.30 13:41:43.723,12.64588,12.64913,0.00,0.00
2015.01.30 13:41:43.874,12.6454,12.64882,0.00,0.00
2015.01.30 13:41:43.925,12.6454,12.64863,0.00,0.00
2015.01.30 13:41:43.975,12.64529,12.64863,0.00,0.00
2015.01.30 13:41:44.441,12.64529,12.64762,0.00,0.00
2015.01.30 13:41:44.492,12.64439,12.64762,0.00,0.00
2015.01.30 13:41:44.646,12.6448,12.64762,0.00,0.00
2015.01.30 13:41:44.747,12.64488,12.64793,0.00,0.00
2015.01.30 13:41:44.847,12.64439,12.64783,0.00,0.00
2015.01.30 13:41:44.898,12.64488,12.64783,0.00,0.00
2015.01.30 13:41:45.150,12.64538,12.64863,0.00,0.00
2015.01.30 13:41:45.351,12.64529,12.64863,0.00,0.00
2015.01.30 13:41:45.820,12.6453,12.64822,0.00,0.00
2015.01.30 13:41:45.873,12.64489,12.64822,0.00,0.00
2015.01.30 13:41:45.974,12.64529,12.64843,0.00,0.00
2015.01.30 13:41:46.282,12.64489,12.64843,0.00,0.00
2015.01.30 13:41:46.385,12.6453,12.64843,0.00,0.00
2015.01.30 13:41:46.990,12.64538,12.64843,0.00,0.00
2015.01.30 13:41:47.201,12.64538,12.64883,0.00,0.00
2015.01.30 13:41:47.252,12.64545,12.64912,0.00,0.00
2015.01.30 13:41:48.636,12.64538,12.64898,0.00,0.00
2015.01.30 13:41:48.937,12.64529,12.64842,0.00,0.00
2015.01.30 13:41:49.001,12.645,12.64842,0.00,0.00
2015.01.30 13:41:49.052,12.645,12.64852,0.00,0.00
2015.01.30 13:41:49.102,12.64538,12.64852,0.00,0.00
2015.01.30 13:41:49.153,12.64538,12.64901,0.00,0.00
2015.01.30 13:41:49.253,12.64538,12.64842,0.00,0.00
2015.01.30 13:41:49.304,12.64529,12.64842,0.00,0.00
2015.01.30 13:41:49.455,12.64529,12.64821,0.00,0.00
2015.01.30 13:41:49.561,12.64489,12.64842,0.00,0.00
2015.01.30 13:41:49.621,12.64529,12.64842,0.00,0.00
2015.01.30 13:41:49.723,12.64489,12.64811,0.00,0.00
2015.01.30 13:41:49.876,12.6445,12.64752,0.00,0.00
2015.01.30 13:41:49.977,12.6443,12.64752,0.00,0.00
2015.01.30 13:41:50.649,12.64429,12.64752,0.00,0.00
2015.01.30 13:41:50.750,12.64479,12.64752,0.00,0.00
2015.01.30 13:41:50.801,12.64479,12.64771,0.00,0.00
2015.01.30 13:41:50.901,12.6453,12.64807,0.00,0.00
2015.01.30 13:41:51.002,12.64529,12.64852,0.00,0.00
2015.01.30 13:41:51.677,12.6453,12.64852,0.00,0.00
2015.01.30 13:41:52.293,12.64529,12.64852,0.00,0.00
2015.01.30 13:41:52.812,12.6453,12.64852,0.00,0.00
2015.01.30 13:41:53.320,12.64529,12.64852,0.00,0.00
2015.01.30 13:41:54.347,12.6453,12.64852,0.00,0.00
2015.01.30 13:41:54.767,12.6449,12.64852,0.00,0.00
2015.01.30 13:41:54.818,12.6449,12.64801,0.00,0.00
2015.01.30 13:41:54.868,12.64449,12.64801,0.00,0.00
2015.01.30 13:41:55.116,12.6445,12.64771,0.00,0.00
2015.01.30 13:41:55.216,12.6445,12.64802,0.00,0.00
2015.01.30 13:41:55.371,12.64409,12.64802,0.00,0.00
2015.01.30 13:41:55.422,12.64409,12.64749,0.00,0.00
2015.01.30 13:41:55.472,12.644,12.64749,0.00,0.00
2015.01.30 13:41:55.607,12.64439,12.64769,0.00,0.00
2015.01.30 13:41:55.925,12.64489,12.64822,0.00,0.00
2015.01.30 13:41:56.131,12.6448,12.64822,0.00,0.00
2015.01.30 13:41:56.182,12.64567,12.64882,0.00,0.00
2015.01.30 13:41:56.232,12.64567,12.64934,0.00,0.00
2015.01.30 13:41:56.283,12.64546,12.64915,0.00,0.00
2015.01.30 13:41:57.213,12.64566,12.64935,0.00,0.00
2015.01.30 13:41:57.515,12.64588,12.64914,0.00,0.00
2015.01.30 13:41:57.890,12.64539,12.64874,0.00,0.00
2015.01.30 13:41:57.943,12.64507,12.64874,0.00,0.00
2015.01.30 13:41:57.993,12.64449,12.64815,0.00,0.00
2015.01.30 13:41:58.296,12.64389,12.64744,0.00,0.00
2015.01.30 13:41:58.497,12.64357,12.64724,0.00,0.00
2015.01.30 13:41:58.867,12.64388,12.64724,0.00,0.00
2015.01.30 13:41:58.918,12.64388,12.64747,0.00,0.00
2015.01.30 13:41:59.018,12.6448,12.64762,0.00,0.00
2015.01.30 13:41:59.119,12.6453,12.64835,0.00,0.00
2015.01.30 13:41:59.225,12.6446,12.64819,0.00,0.00
2015.01.30 13:41:59.326,12.64449,12.64802,0.00,0.00
2015.01.30 13:41:59.855,12.64489,12.64802,0.00,0.00
2015.01.30 13:41:59.905,12.64489,12.64851,0.00,0.00
2015.01.30 13:42:00.007,12.6453,12.64851,0.00,0.00
2015.01.30 13:42:00.717,12.64529,12.64851,0.00,0.00
2015.01.30 13:42:01.116,12.6453,12.64831,0.00,0.00
2015.01.30 13:42:01.167,12.64439,12.64831,0.00,0.00
2015.01.30 13:42:01.218,12.6443,12.64751,0.00,0.00
2015.01.30 13:42:01.478,12.64388,12.64722,0.00,0.00
2015.01.30 13:42:01.832,12.64388,12.64701,0.00,0.00
2015.01.30 13:42:01.882,12.6438,12.64701,0.00,0.00
2015.01.30 13:42:01.933,12.6438,12.64671,0.00,0.00
2015.01.30 13:42:01.983,12.64338,12.64671,0.00,0.00
2015.01.30 13:42:02.033,12.64338,12.64651,0.00,0.00
2015.01.30 13:42:02.084,12.64329,12.64651,0.00,0.00
2015.01.30 13:42:02.185,12.6443,12.64671,0.00,0.00
2015.01.30 13:42:02.235,12.6443,12.64711,0.00,0.00
2015.01.30 13:42:02.286,12.64439,12.64711,0.00,0.00
2015.01.30 13:42:02.337,12.64439,12.64752,0.00,0.00
2015.01.30 13:42:02.438,12.6443,12.64752,0.00,0.00
2015.01.30 13:42:02.594,12.64439,12.64752,0.00,0.00
2015.01.30 13:42:02.645,12.64439,12.64772,0.00,0.00
2015.01.30 13:42:02.746,12.64439,12.64802,0.00,0.00
2015.01.30 13:42:03.641,12.6443,12.64752,0.00,0.00
2015.01.30 13:42:03.955,12.64388,12.64711,0.00,0.00
2015.01.30 13:42:04.413,12.64379,12.64711,0.00,0.00
2015.01.30 13:42:04.519,12.64338,12.64702,0.00,0.00
2015.01.30 13:42:04.620,12.64388,12.64702,0.00,0.00
2015.01.30 13:42:04.771,12.64329,12.64652,0.00,0.00
2015.01.30 13:42:04.821,12.64329,12.64601,0.00,0.00
2015.01.30 13:42:04.872,12.64288,12.64601,0.00,0.00
2015.01.30 13:42:04.922,12.64288,12.64591,0.00,0.00
2015.01.30 13:42:05.023,12.64288,12.64622,0.00,0.00
2015.01.30 13:42:05.246,12.64338,12.64622,0.00,0.00
2015.01.30 13:42:05.346,12.64338,12.64638,0.00,0.00
2015.01.30 13:42:05.447,12.64338,12.64664,0.00,0.00
2015.01.30 13:42:05.498,12.64379,12.64664,0.00,0.00
2015.01.30 13:42:05.548,12.64379,12.64705,0.00,0.00
2015.01.30 13:42:05.598,12.64389,12.64705,0.00,0.00
2015.01.30 13:42:05.649,12.64389,12.64734,0.00,0.00
2015.01.30 13:42:05.699,12.64438,12.64734,0.00,0.00
2015.01.30 13:42:05.750,12.64438,12.64754,0.00,0.00
2015.01.30 13:42:05.850,12.6443,12.64766,0.00,0.00
2015.01.30 13:42:06.133,12.64384,12.64751,0.00,0.00
2015.01.30 13:42:06.234,12.64429,12.64767,0.00,0.00
2015.01.30 13:42:06.335,12.64449,12.64816,0.00,0.00
2015.01.30 13:42:06.385,12.64449,12.64782,0.00,0.00
2015.01.30 13:42:06.486,12.64289,12.64636,0.00,0.00
2015.01.30 13:42:06.536,12.6433,12.64657,0.00,0.00
2015.01.30 13:42:06.838,12.6428,12.64547,0.00,0.00
2015.01.30 13:42:07.247,12.6428,12.64552,0.00,0.00
2015.01.30 13:42:07.850,12.6428,12.64534,0.00,0.00
2015.01.30 13:42:07.900,12.64228,12.64534,0.00,0.00
2015.01.30 13:42:07.951,12.64228,12.6452,0.00,0.00
2015.01.30 13:42:08.202,12.6419,12.6452,0.00,0.00
2015.01.30 13:42:08.253,12.6419,12.64494,0.00,0.00
2015.01.30 13:42:08.456,12.64139,12.64475,0.00,0.00
2015.01.30 13:42:08.790,12.64178,12.64475,0.00,0.00
2015.01.30 13:42:08.965,12.64179,12.64495,0.00,0.00
2015.01.30 13:42:09.015,12.64228,12.64495,0.00,0.00
2015.01.30 13:42:09.166,12.6428,12.64584,0.00,0.00
2015.01.30 13:42:09.217,12.64288,12.64584,0.00,0.00
2015.01.30 13:42:09.368,12.64289,12.64619,0.00,0.00
2015.01.30 13:42:09.572,12.6433,12.6464,0.00,0.00
2015.01.30 13:42:09.673,12.64339,12.64667,0.00,0.00
2015.01.30 13:42:09.952,12.64339,12.64679,0.00,0.00
2015.01.30 13:42:10.003,12.6433,12.64679,0.00,0.00
2015.01.30 13:42:10.053,12.6433,12.64665,0.00,0.00
2015.01.30 13:42:10.384,12.64329,12.64654,0.00,0.00
2015.01.30 13:42:10.719,12.64266,12.64635,0.00,0.00
2015.01.30 13:42:10.770,12.64229,12.6455,0.00,0.00
2015.01.30 13:42:11.236,12.6423,12.6452,0.00,0.00
2015.01.30 13:42:11.340,12.64229,12.6454,0.00,0.00
2015.01.30 13:42:11.441,12.64279,12.64586,0.00,0.00
2015.01.30 13:42:11.644,12.64288,12.64634,0.00,0.00
2015.01.30 13:42:11.804,12.6433,12.64634,0.00,0.00
2015.01.30 13:42:11.855,12.64349,12.64665,0.00,0.00
2015.01.30 13:42:12.058,12.64349,12.64699,0.00,0.00
2015.01.30 13:42:12.197,12.64398,12.64699,0.00,0.00
2015.01.30 13:42:12.248,12.64398,12.64719,0.00,0.00
2015.01.30 13:42:12.517,12.64429,12.64719,0.00,0.00
2015.01.30 13:42:12.568,12.64429,12.6474,0.00,0.00
2015.01.30 13:42:12.978,12.64439,12.6476,0.00,0.00
2015.01.30 13:42:13.079,12.6444,12.64775,0.00,0.00
2015.01.30 13:42:13.186,12.64439,12.648,0.00,0.00
2015.01.30 13:42:14.295,12.64489,12.648,0.00,0.00
2015.01.30 13:42:14.346,12.64489,12.6482,0.00,0.00
2015.01.30 13:42:14.815,12.64479,12.6482,0.00,0.00
2015.01.30 13:42:14.865,12.64479,12.64799,0.00,0.00
2015.01.30 13:42:14.916,12.64439,12.64799,0.00,0.00
2015.01.30 13:42:15.188,12.6443,12.64775,0.00,0.00
2015.01.30 13:42:15.241,12.64406,12.64775,0.00,0.00
2015.01.30 13:42:15.291,12.64389,12.6472,0.00,0.00
2015.01.30 13:42:15.953,12.64389,12.64749,0.00,0.00
2015.01.30 13:42:16.061,12.6443,12.64749,0.00,0.00
2015.01.30 13:42:16.286,12.64459,12.64815,0.00,0.00
2015.01.30 13:42:16.387,12.64481,12.64831,0.00,0.00
2015.01.30 13:42:16.698,12.64488,12.64764,0.00,0.00
2015.01.30 13:42:16.748,12.64488,12.64784,0.00,0.00
2015.01.30 13:42:16.849,12.64488,12.6481,0.00,0.00
2015.01.30 13:42:16.899,12.6453,12.6481,0.00,0.00
2015.01.30 13:42:17.097,12.6453,12.6484,0.00,0.00
2015.01.30 13:42:17.195,12.64488,12.6484,0.00,0.00
2015.01.30 13:42:17.246,12.64479,12.6484,0.00,0.00
2015.01.30 13:42:17.297,12.64479,12.64799,0.00,0.00
2015.01.30 13:42:17.498,12.64479,12.6482,0.00,0.00
2015.01.30 13:42:17.549,12.6446,12.6482,0.00,0.00
2015.01.30 13:42:17.600,12.6446,12.648,0.00,0.00
2015.01.30 13:42:17.650,12.64449,12.648,0.00,0.00
2015.01.30 13:42:18.224,12.64488,12.648,0.00,0.00
2015.01.30 13:42:18.354,12.64449,12.648,0.00,0.00
2015.01.30 13:42:19.104,12.64488,12.648,0.00,0.00
2015.01.30 13:42:19.386,12.64449,12.648,0.00,0.00
2015.01.30 13:42:20.224,12.64431,12.648,0.00,0.00
2015.01.30 13:42:20.275,12.6443,12.64774,0.00,0.00
2015.01.30 13:42:20.681,12.64438,12.64774,0.00,0.00
2015.01.30 13:42:20.983,12.64538,12.6485,0.00,0.00
2015.01.30 13:42:21.307,12.64629,12.6494,0.00,0.00
2015.01.30 13:42:21.638,12.64589,12.6492,0.00,0.00
2015.01.30 13:42:21.789,12.64579,12.6492,0.00,0.00
2015.01.30 13:42:21.840,12.64551,12.6492,0.00,0.00
2015.01.30 13:42:21.890,12.64539,12.649,0.00,0.00
2015.01.30 13:42:22.153,12.64533,12.649,0.00,0.00
2015.01.30 13:42:22.203,12.64529,12.64851,0.00,0.00
2015.01.30 13:42:22.254,12.64482,12.64851,0.00,0.00
2015.01.30 13:42:22.304,12.64467,12.64836,0.00,0.00
2015.01.30 13:42:22.647,12.64439,12.64776,0.00,0.00
2015.01.30 13:42:22.848,12.6446,12.6481,0.00,0.00
2015.01.30 13:42:22.899,12.64439,12.64786,0.00,0.00
2015.01.30 13:42:23.208,12.64439,12.64766,0.00,0.00
2015.01.30 13:42:23.944,12.64489,12.64766,0.00,0.00
2015.01.30 13:42:24.095,12.64489,12.64811,0.00,0.00
2015.01.30 13:42:24.605,12.64479,12.64811,0.00,0.00
2015.01.30 13:42:24.718,12.64489,12.6483,0.00,0.00
2015.01.30 13:42:24.769,12.64529,12.6483,0.00,0.00
2015.01.30 13:42:24.885,12.64489,12.6483,0.00,0.00
2015.01.30 13:42:25.277,12.64529,12.6483,0.00,0.00
2015.01.30 13:42:25.767,12.64529,12.64862,0.00,0.00
2015.01.30 13:42:25.817,12.6458,12.64862,0.00,0.00
2015.01.30 13:42:25.868,12.6458,12.64886,0.00,0.00
2015.01.30 13:42:25.969,12.64589,12.64911,0.00,0.00
2015.01.30 13:42:29.815,12.64589,12.6493,0.00,0.00
2015.01.30 13:42:29.866,12.64629,12.6493,0.00,0.00
2015.01.30 13:42:29.916,12.64629,12.64946,0.00,0.00
2015.01.30 13:42:29.967,12.64589,12.64946,0.00,0.00
2015.01.30 13:42:30.017,12.64589,12.6491,0.00,0.00
2015.01.30 13:42:30.118,12.6454,12.6489,0.00,0.00
2015.01.30 13:42:30.394,12.64539,12.64876,0.00,0.00
2015.01.30 13:42:30.445,12.6453,12.64876,0.00,0.00
2015.01.30 13:42:30.495,12.64529,12.6484,0.00,0.00
2015.01.30 13:42:30.875,12.64529,12.64866,0.00,0.00
2015.01.30 13:42:31.542,12.64549,12.64866,0.00,0.00
2015.01.30 13:42:31.695,12.64548,12.64901,0.00,0.00
2015.01.30 13:42:31.745,12.64569,12.64901,0.00,0.00
2015.01.30 13:42:32.178,12.64608,12.64901,0.00,0.00
2015.01.30 13:42:32.229,12.64568,12.64901,0.00,0.00
2015.01.30 13:42:32.669,12.64608,12.64901,0.00,0.00
2015.01.30 13:42:32.771,12.64569,12.64901,0.00,0.00
2015.01.30 13:42:33.651,12.64532,12.64901,0.00,0.00
2015.01.30 13:42:33.754,12.64568,12.64901,0.00,0.00
2015.01.30 13:42:35.005,12.64568,12.64876,0.00,0.00
2015.01.30 13:42:35.057,12.64529,12.64876,0.00,0.00
2015.01.30 13:42:35.208,12.64568,12.64876,0.00,0.00
2015.01.30 13:42:35.284,12.64568,12.64901,0.00,0.00
2015.01.30 13:42:35.486,12.64568,12.64866,0.00,0.00
2015.01.30 13:42:35.536,12.64529,12.64866,0.00,0.00
2015.01.30 13:42:35.850,12.64568,12.64865,0.00,0.00
2015.01.30 13:42:35.900,12.64568,12.64901,0.00,0.00
2015.01.30 13:42:36.380,12.64532,12.64901,0.00,0.00
2015.01.30 13:42:36.430,12.64529,12.64866,0.00,0.00
2015.01.30 13:42:36.631,12.6453,12.64876,0.00,0.00
2015.01.30 13:42:36.732,12.64518,12.64851,0.00,0.00
2015.01.30 13:42:36.834,12.64458,12.64811,0.00,0.00
2015.01.30 13:42:36.888,12.6443,12.64765,0.00,0.00
2015.01.30 13:42:37.450,12.64429,12.64765,0.00,0.00
2015.01.30 13:42:37.810,12.64469,12.64765,0.00,0.00
2015.01.30 13:42:37.912,12.64469,12.64778,0.00,0.00
2015.01.30 13:42:38.013,12.64469,12.64766,0.00,0.00
2015.01.30 13:42:38.264,12.64479,12.64786,0.00,0.00
2015.01.30 13:42:38.315,12.64469,12.64811,0.00,0.00
2015.01.30 13:42:38.934,12.64519,12.64811,0.00,0.00
2015.01.30 13:42:39.136,12.64529,12.64841,0.00,0.00
2015.01.30 13:42:39.337,12.64529,12.64856,0.00,0.00
2015.01.30 13:42:39.573,12.64569,12.64856,0.00,0.00
2015.01.30 13:42:39.624,12.64569,12.64876,0.00,0.00
2015.01.30 13:42:39.674,12.6458,12.64876,0.00,0.00
2015.01.30 13:42:39.825,12.64609,12.64911,0.00,0.00
2015.01.30 13:42:39.876,12.64629,12.64911,0.00,0.00
2015.01.30 13:42:39.926,12.64629,12.64931,0.00,0.00
2015.01.30 13:42:40.186,12.64609,12.64931,0.00,0.00
2015.01.30 13:42:40.236,12.6458,12.64901,0.00,0.00
2015.01.30 13:42:40.438,12.64529,12.64881,0.00,0.00
2015.01.30 13:42:40.538,12.64518,12.64801,0.00,0.00
2015.01.30 13:42:40.589,12.64489,12.64801,0.00,0.00
2015.01.30 13:42:40.703,12.64468,12.64801,0.00,0.00
2015.01.30 13:42:40.887,12.64518,12.64801,0.00,0.00
2015.01.30 13:42:41.001,12.64518,12.64821,0.00,0.00
2015.01.30 13:42:41.051,12.64529,12.64821,0.00,0.00
2015.01.30 13:42:41.102,12.64529,12.64846,0.00,0.00
2015.01.30 13:42:41.203,12.64529,12.64825,0.00,0.00
2015.01.30 13:42:41.253,12.64479,12.64825,0.00,0.00
2015.01.30 13:42:41.304,12.64479,12.6481,0.00,0.00
2015.01.30 13:42:41.354,12.64469,12.6481,0.00,0.00
2015.01.30 13:42:41.405,12.64469,12.64776,0.00,0.00
2015.01.30 13:42:41.505,12.64469,12.64801,0.00,0.00
2015.01.30 13:42:41.606,12.64469,12.64776,0.00,0.00
2015.01.30 13:42:41.778,12.64429,12.64776,0.00,0.00
2015.01.30 13:42:41.828,12.64429,12.6475,0.00,0.00
2015.01.30 13:42:41.929,12.64429,12.64765,0.00,0.00
2015.01.30 13:42:42.240,12.64469,12.64789,0.00,0.00
2015.01.30 13:42:42.541,12.64568,12.6491,0.00,0.00
2015.01.30 13:42:42.592,12.6463,12.6491,0.00,0.00
2015.01.30 13:42:42.642,12.6463,12.64941,0.00,0.00
2015.01.30 13:42:42.901,12.64608,12.64941,0.00,0.00
2015.01.30 13:42:42.952,12.64608,12.64921,0.00,0.00
2015.01.30 13:42:43.595,12.6463,12.64921,0.00,0.00
2015.01.30 13:42:43.748,12.64658,12.64986,0.00,0.00
2015.01.30 13:42:44.076,12.64629,12.64986,0.00,0.00
2015.01.30 13:42:44.127,12.64639,12.64986,0.00,0.00
2015.01.30 13:42:44.471,12.64708,12.64986,0.00,0.00
2015.01.30 13:42:44.521,12.64708,12.65021,0.00,0.00
2015.01.30 13:42:44.572,12.64729,12.65021,0.00,0.00
2015.01.30 13:42:44.861,12.64708,12.65001,0.00,0.00
2015.01.30 13:42:44.912,12.64708,12.65007,0.00,0.00
2015.01.30 13:42:45.012,12.64708,12.65022,0.00,0.00
2015.01.30 13:42:45.063,12.64729,12.65022,0.00,0.00
2015.01.30 13:42:45.529,12.6473,12.65007,0.00,0.00
2015.01.30 13:42:45.579,12.64708,12.65007,0.00,0.00
2015.01.30 13:42:45.630,12.64708,12.64992,0.00,0.00
2015.01.30 13:42:46.642,12.6468,12.64976,0.00,0.00
2015.01.30 13:42:47.168,12.64679,12.64976,0.00,0.00
2015.01.30 13:42:47.535,12.64679,12.64932,0.00,0.00
2015.01.30 13:42:47.585,12.6464,12.64932,0.00,0.00
2015.01.30 13:42:47.640,12.64609,12.64932,0.00,0.00
2015.01.30 13:42:47.756,12.64609,12.64952,0.00,0.00
2015.01.30 13:42:47.878,12.64629,12.64952,0.00,0.00
2015.01.30 13:42:48.256,12.64629,12.64916,0.00,0.00
2015.01.30 13:42:48.306,12.64589,12.64916,0.00,0.00
2015.01.30 13:42:48.357,12.64589,12.64861,0.00,0.00
2015.01.30 13:42:48.407,12.64519,12.64861,0.00,0.00
2015.01.30 13:42:48.457,12.64519,12.64832,0.00,0.00
2015.01.30 13:42:48.608,12.64468,12.64807,0.00,0.00
2015.01.30 13:42:48.659,12.64468,12.64786,0.00,0.00
2015.01.30 13:42:49.022,12.64518,12.64862,0.00,0.00
2015.01.30 13:42:49.084,12.64529,12.64862,0.00,0.00
2015.01.30 13:42:49.135,12.64529,12.64877,0.00,0.00
2015.01.30 13:42:49.286,12.64569,12.64877,0.00,0.00
2015.01.30 13:42:49.487,12.64529,12.64877,0.00,0.00
2015.01.30 13:42:49.538,12.6455,12.64892,0.00,0.00
2015.01.30 13:42:49.739,12.64568,12.64912,0.00,0.00
2015.01.30 13:42:49.907,12.64543,12.64912,0.00,0.00
2015.01.30 13:42:49.958,12.64529,12.64891,0.00,0.00
2015.01.30 13:42:50.269,12.64608,12.64912,0.00,0.00
2015.01.30 13:42:50.370,12.64608,12.64946,0.00,0.00
2015.01.30 13:42:50.474,12.64608,12.64912,0.00,0.00
2015.01.30 13:42:50.527,12.64608,12.64956,0.00,0.00
2015.01.30 13:42:50.578,12.64629,12.64956,0.00,0.00
2015.01.30 13:42:50.678,12.64579,12.64931,0.00,0.00
2015.01.30 13:42:50.729,12.64579,12.64911,0.00,0.00
2015.01.30 13:42:50.829,12.64608,12.64962,0.00,0.00
2015.01.30 13:42:50.880,12.64629,12.64962,0.00,0.00
2015.01.30 13:42:52.067,12.6463,12.64962,0.00,0.00
2015.01.30 13:42:52.741,12.64629,12.64962,0.00,0.00
2015.01.30 13:42:53.305,12.64608,12.64962,0.00,0.00
2015.01.30 13:42:53.487,12.64608,12.64941,0.00,0.00
2015.01.30 13:42:53.936,12.64629,12.64941,0.00,0.00
2015.01.30 13:42:54.087,12.6463,12.64962,0.00,0.00
2015.01.30 13:42:54.294,12.64629,12.64974,0.00,0.00
2015.01.30 13:42:54.395,12.64629,12.64964,0.00,0.00
2015.01.30 13:42:56.284,12.6463,12.64964,0.00,0.00
2015.01.30 13:42:56.386,12.64608,12.64964,0.00,0.00
2015.01.30 13:42:56.487,12.64608,12.64923,0.00,0.00
2015.01.30 13:42:56.652,12.64629,12.64956,0.00,0.00
2015.01.30 13:42:57.315,12.6463,12.64956,0.00,0.00
2015.01.30 13:42:58.032,12.64629,12.64956,0.00,0.00
2015.01.30 13:42:58.494,12.64629,12.64972,0.00,0.00
2015.01.30 13:42:58.549,12.64608,12.64972,0.00,0.00
2015.01.30 13:42:58.599,12.64608,12.64932,0.00,0.00
2015.01.30 13:42:59.382,12.64629,12.64947,0.00,0.00
2015.01.30 13:42:59.434,12.64629,12.64965,0.00,0.00
2015.01.30 13:42:59.999,12.6463,12.64965,0.00,0.00
2015.01.30 13:43:00.625,12.64608,12.64965,0.00,0.00
2015.01.30 13:43:00.676,12.64608,12.64922,0.00,0.00
2015.01.30 13:43:00.776,12.64608,12.64953,0.00,0.00
2015.01.30 13:43:00.827,12.64629,12.64953,0.00,0.00
2015.01.30 13:43:00.978,12.64629,12.64967,0.00,0.00
2015.01.30 13:43:01.455,12.64659,12.64967,0.00,0.00
2015.01.30 13:43:01.506,12.64659,12.64985,0.00,0.00
2015.01.30 13:43:01.556,12.64729,12.64985,0.00,0.00
2015.01.30 13:43:01.607,12.64729,12.65031,0.00,0.00
2015.01.30 13:43:02.731,12.6473,12.65031,0.00,0.00
2015.01.30 13:43:03.874,12.64818,12.65031,0.00,0.00
2015.01.30 13:43:03.925,12.6483,12.65047,0.00,0.00
2015.01.30 13:43:04.026,12.6483,12.65153,0.00,0.00
2015.01.30 13:43:06.377,12.64829,12.65153,0.00,0.00
2015.01.30 13:43:06.715,12.64829,12.65127,0.00,0.00
2015.01.30 13:43:06.866,12.64719,12.65063,0.00,0.00
2015.01.30 13:43:06.916,12.64719,12.65023,0.00,0.00
2015.01.30 13:43:07.200,12.64678,12.65001,0.00,0.00
2015.01.30 13:43:07.250,12.64678,12.64943,0.00,0.00
2015.01.30 13:43:07.301,12.64579,12.64941,0.00,0.00
2015.01.30 13:43:07.351,12.64579,12.64912,0.00,0.00
2015.01.30 13:43:07.732,12.64545,12.64892,0.00,0.00
2015.01.30 13:43:07.833,12.64528,12.64813,0.00,0.00
2015.01.30 13:43:07.933,12.64528,12.64833,0.00,0.00
2015.01.30 13:43:08.034,12.64528,12.64812,0.00,0.00
2015.01.30 13:43:08.085,12.64478,12.64812,0.00,0.00
2015.01.30 13:43:08.185,12.64479,12.64822,0.00,0.00
2015.01.30 13:43:08.236,12.64479,12.64836,0.00,0.00
2015.01.30 13:43:08.336,12.64478,12.64813,0.00,0.00
2015.01.30 13:43:08.603,12.64444,12.64801,0.00,0.00
2015.01.30 13:43:08.754,12.64479,12.64813,0.00,0.00
2015.01.30 13:43:08.916,12.64415,12.64752,0.00,0.00
2015.01.30 13:43:08.966,12.64438,12.64713,0.00,0.00
2015.01.30 13:43:09.139,12.64438,12.64755,0.00,0.00
2015.01.30 13:43:09.290,12.64388,12.64752,0.00,0.00
2015.01.30 13:43:09.341,12.64388,12.64714,0.00,0.00
2015.01.30 13:43:09.642,12.64438,12.6476,0.00,0.00
2015.01.30 13:43:09.970,12.64389,12.64732,0.00,0.00
2015.01.30 13:43:10.070,12.64439,12.64763,0.00,0.00
2015.01.30 13:43:10.171,12.64388,12.64723,0.00,0.00
2015.01.30 13:43:10.272,12.64438,12.64712,0.00,0.00
2015.01.30 13:43:10.372,12.64438,12.64763,0.00,0.00
2015.01.30 13:43:10.424,12.64438,12.64753,0.00,0.00
2015.01.30 13:43:10.475,12.64388,12.64752,0.00,0.00
2015.01.30 13:43:10.525,12.64388,12.64717,0.00,0.00
2015.01.30 13:43:10.626,12.64388,12.64734,0.00,0.00
2015.01.30 13:43:10.726,12.64438,12.64766,0.00,0.00
2015.01.30 13:43:11.023,12.64399,12.64752,0.00,0.00
2015.01.30 13:43:11.074,12.64388,12.64717,0.00,0.00
2015.01.30 13:43:11.228,12.64388,12.64743,0.00,0.00
2015.01.30 13:43:11.329,12.64388,12.64713,0.00,0.00
2015.01.30 13:43:11.379,12.64344,12.64691,0.00,0.00
2015.01.30 13:43:11.430,12.6433,12.64683,0.00,0.00
2015.01.30 13:43:11.531,12.64329,12.64619,0.00,0.00
2015.01.30 13:43:11.582,12.64252,12.64581,0.00,0.00
2015.01.30 13:43:11.682,12.64236,12.64581,0.00,0.00
2015.01.30 13:43:11.830,12.64249,12.64581,0.00,0.00
2015.01.30 13:43:12.032,12.64244,12.64581,0.00,0.00
2015.01.30 13:43:12.432,12.64227,12.64581,0.00,0.00
2015.01.30 13:43:12.482,12.64229,12.64581,0.00,0.00
2015.01.30 13:43:12.734,12.64333,12.64691,0.00,0.00
2015.01.30 13:43:12.941,12.64388,12.64717,0.00,0.00
2015.01.30 13:43:13.244,12.64439,12.64761,0.00,0.00
2015.01.30 13:43:13.749,12.64438,12.64762,0.00,0.00
2015.01.30 13:43:14.104,12.64393,12.64752,0.00,0.00
2015.01.30 13:43:14.258,12.64438,12.64727,0.00,0.00
2015.01.30 13:43:14.477,12.64388,12.64727,0.00,0.00
2015.01.30 13:43:14.536,12.64388,12.6474,0.00,0.00
2015.01.30 13:43:14.587,12.64439,12.6474,0.00,0.00
2015.01.30 13:43:14.637,12.64439,12.64773,0.00,0.00
2015.01.30 13:43:14.867,12.64439,12.64801,0.00,0.00
2015.01.30 13:43:15.068,12.64439,12.64772,0.00,0.00
2015.01.30 13:43:15.401,12.64439,12.64758,0.00,0.00
2015.01.30 13:43:15.451,12.64439,12.64796,0.00,0.00
2015.01.30 13:43:15.656,12.64439,12.64762,0.00,0.00
2015.01.30 13:43:15.759,12.64439,12.64795,0.00,0.00
2015.01.30 13:43:16.165,12.64439,12.64801,0.00,0.00
2015.01.30 13:43:16.216,12.64479,12.64807,0.00,0.00
2015.01.30 13:43:16.267,12.64479,12.64839,0.00,0.00
2015.01.30 13:43:16.367,12.64478,12.64828,0.00,0.00
2015.01.30 13:43:16.468,12.64483,12.64842,0.00,0.00
2015.01.30 13:43:16.524,12.64483,12.64801,0.00,0.00
2015.01.30 13:43:16.575,12.6445,12.64801,0.00,0.00
2015.01.30 13:43:16.675,12.64438,12.64793,0.00,0.00
2015.01.30 13:43:16.883,12.64424,12.64752,0.00,0.00
2015.01.30 13:43:16.984,12.64388,12.64734,0.00,0.00
2015.01.30 13:43:17.513,12.64367,12.64692,0.00,0.00
2015.01.30 13:43:17.563,12.64349,12.64692,0.00,0.00
2015.01.30 13:43:17.664,12.64335,12.64692,0.00,0.00
2015.01.30 13:43:17.944,12.64349,12.64692,0.00,0.00
2015.01.30 13:43:18.393,12.64389,12.64716,0.00,0.00
2015.01.30 13:43:18.495,12.64389,12.64733,0.00,0.00
2015.01.30 13:43:18.546,12.64389,12.64746,0.00,0.00
2015.01.30 13:43:18.596,12.6443,12.64746,0.00,0.00
2015.01.30 13:43:18.647,12.64439,12.64795,0.00,0.00
2015.01.30 13:43:18.747,12.64479,12.64838,0.00,0.00
2015.01.30 13:43:18.898,12.64479,12.64823,0.00,0.00
2015.01.30 13:43:18.949,12.64454,12.64801,0.00,0.00
2015.01.30 13:43:18.999,12.64439,12.64783,0.00,0.00
2015.01.30 13:43:19.200,12.64389,12.64735,0.00,0.00
2015.01.30 13:43:19.274,12.64438,12.64735,0.00,0.00
2015.01.30 13:43:19.508,12.64388,12.64735,0.00,0.00
2015.01.30 13:43:19.559,12.64388,12.64728,0.00,0.00
2015.01.30 13:43:19.760,12.6433,12.6468,0.00,0.00
2015.01.30 13:43:20.260,12.6434,12.64691,0.00,0.00
2015.01.30 13:43:20.310,12.64389,12.64709,0.00,0.00
2015.01.30 13:43:20.512,12.64478,12.64803,0.00,0.00
2015.01.30 13:43:20.612,12.64479,12.64823,0.00,0.00
2015.01.30 13:43:20.664,12.64479,12.64793,0.00,0.00
2015.01.30 13:43:20.765,12.64479,12.64827,0.00,0.00
2015.01.30 13:43:20.886,12.64479,12.64811,0.00,0.00
2015.01.30 13:43:21.087,12.64529,12.64862,0.00,0.00
2015.01.30 13:43:21.273,12.64578,12.64862,0.00,0.00
2015.01.30 13:43:21.323,12.64578,12.64932,0.00,0.00
2015.01.30 13:43:21.704,12.64629,12.64907,0.00,0.00
2015.01.30 13:43:21.808,12.64579,12.64934,0.00,0.00
2015.01.30 13:43:22.028,12.64628,12.64934,0.00,0.00
2015.01.30 13:43:22.078,12.64628,12.64951,0.00,0.00
2015.01.30 13:43:22.179,12.64582,12.64942,0.00,0.00
2015.01.30 13:43:22.319,12.64578,12.64935,0.00,0.00
2015.01.30 13:43:22.974,12.64587,12.64941,0.00,0.00
2015.01.30 13:43:23.373,12.646,12.64941,0.00,0.00
2015.01.30 13:43:23.711,12.64582,12.64941,0.00,0.00
2015.01.30 13:43:24.019,12.64597,12.64941,0.00,0.00
2015.01.30 13:43:24.222,12.64629,12.64978,0.00,0.00
2015.01.30 13:43:24.277,12.64631,12.64991,0.00,0.00
2015.01.30 13:43:24.378,12.64629,12.64948,0.00,0.00
2015.01.30 13:43:24.579,12.64641,12.64991,0.00,0.00
2015.01.30 13:43:24.779,12.6463,12.64974,0.00,0.00
2015.01.30 13:43:25.104,12.6463,12.64892,0.00,0.00
2015.01.30 13:43:25.205,12.64528,12.64876,0.00,0.00
2015.01.30 13:43:25.255,12.64507,12.64841,0.00,0.00
2015.01.30 13:43:25.305,12.6448,12.64841,0.00,0.00
2015.01.30 13:43:25.510,12.64497,12.64841,0.00,0.00
2015.01.30 13:43:25.712,12.6448,12.64841,0.00,0.00
2015.01.30 13:43:25.881,12.645,12.64841,0.00,0.00
2015.01.30 13:43:26.081,12.64479,12.64841,0.00,0.00
2015.01.30 13:43:26.582,12.64495,12.64841,0.00,0.00
2015.01.30 13:43:26.685,12.64479,12.64841,0.00,0.00
2015.01.30 13:43:26.884,12.64479,12.64828,0.00,0.00
2015.01.30 13:43:27.127,12.64488,12.64841,0.00,0.00
2015.01.30 13:43:27.685,12.64479,12.6484,0.00,0.00
2015.01.30 13:43:27.820,12.6449,12.64841,0.00,0.00
2015.01.30 13:43:27.971,12.64529,12.64891,0.00,0.00
2015.01.30 13:43:28.125,12.64545,12.64891,0.00,0.00
2015.01.30 13:43:28.387,12.64532,12.64891,0.00,0.00
2015.01.30 13:43:28.590,12.64529,12.64888,0.00,0.00
2015.01.30 13:43:28.938,12.64548,12.64891,0.00,0.00
2015.01.30 13:43:29.104,12.64529,12.64891,0.00,0.00
2015.01.30 13:43:29.589,12.64529,12.64877,0.00,0.00
2015.01.30 13:43:30.129,12.6453,12.64891,0.00,0.00
2015.01.30 13:43:30.491,12.64529,12.64833,0.00,0.00
2015.01.30 13:43:30.542,12.64479,12.64833,0.00,0.00
2015.01.30 13:43:30.642,12.64529,12.64833,0.00,0.00
2015.01.30 13:43:30.793,12.64529,12.64855,0.00,0.00
2015.01.30 13:43:30.894,12.64529,12.64891,0.00,0.00
2015.01.30 13:43:31.296,12.64529,12.64849,0.00,0.00
2015.01.30 13:43:32.015,12.64529,12.64869,0.00,0.00
2015.01.30 13:43:32.632,12.64529,12.64882,0.00,0.00
2015.01.30 13:43:33.539,12.64529,12.6485,0.00,0.00
2015.01.30 13:43:33.916,12.64479,12.64802,0.00,0.00
2015.01.30 13:43:33.967,12.64464,12.64802,0.00,0.00
2015.01.30 13:43:34.067,12.64479,12.64831,0.00,0.00
2015.01.30 13:43:34.218,12.64495,12.64841,0.00,0.00
2015.01.30 13:43:34.421,12.64479,12.64838,0.00,0.00
2015.01.30 13:43:34.471,12.64469,12.64802,0.00,0.00
2015.01.30 13:43:34.622,12.64452,12.64802,0.00,0.00
2015.01.30 13:43:35.558,12.64478,12.64802,0.00,0.00
2015.01.30 13:43:35.614,12.64478,12.64824,0.00,0.00
2015.01.30 13:43:35.816,12.64489,12.64842,0.00,0.00
2015.01.30 13:43:36.015,12.64478,12.6484,0.00,0.00
2015.01.30 13:43:37.433,12.64529,12.6484,0.00,0.00
2015.01.30 13:43:37.553,12.64529,12.64891,0.00,0.00
2015.01.30 13:43:37.866,12.64529,12.64879,0.00,0.00
2015.01.30 13:43:38.019,12.64529,12.64891,0.00,0.00
2015.01.30 13:43:39.322,12.64529,12.64884,0.00,0.00
2015.01.30 13:43:39.458,12.64532,12.64891,0.00,0.00
2015.01.30 13:43:39.561,12.64529,12.64874,0.00,0.00
2015.01.30 13:43:39.767,12.64536,12.64891,0.00,0.00
2015.01.30 13:43:39.971,12.64529,12.6489,0.00,0.00
2015.01.30 13:43:40.024,12.64564,12.64891,0.00,0.00
2015.01.30 13:43:40.074,12.64579,12.64933,0.00,0.00
2015.01.30 13:43:40.228,12.64581,12.64942,0.00,0.00
2015.01.30 13:43:40.452,12.64578,12.64932,0.00,0.00
2015.01.30 13:43:40.766,12.64629,12.64952,0.00,0.00
2015.01.30 13:43:41.927,12.64629,12.64938,0.00,0.00
2015.01.30 13:43:41.978,12.64578,12.64938,0.00,0.00
2015.01.30 13:43:42.412,12.6458,12.64938,0.00,0.00
2015.01.30 13:43:42.762,12.64629,12.64982,0.00,0.00
2015.01.30 13:43:44.328,12.6463,12.64982,0.00,0.00
2015.01.30 13:43:44.639,12.6463,12.64891,0.00,0.00
2015.01.30 13:43:44.689,12.64529,12.64891,0.00,0.00
2015.01.30 13:43:45.420,12.6453,12.64891,0.00,0.00
2015.01.30 13:43:45.641,12.6457,12.64891,0.00,0.00
2015.01.30 13:43:45.691,12.64578,12.64939,0.00,0.00
2015.01.30 13:43:45.793,12.64628,12.64939,0.00,0.00
2015.01.30 13:43:45.843,12.64628,12.64965,0.00,0.00
2015.01.30 13:43:46.246,12.64678,12.64993,0.00,0.00
2015.01.30 13:43:46.347,12.64678,12.65013,0.00,0.00
2015.01.30 13:43:46.447,12.64678,12.65042,0.00,0.00
2015.01.30 13:43:47.982,12.64695,12.65042,0.00,0.00
2015.01.30 13:43:48.083,12.6473,12.65081,0.00,0.00
2015.01.30 13:43:48.602,12.64729,12.65081,0.00,0.00
2015.01.30 13:43:49.449,12.64729,12.65063,0.00,0.00
2015.01.30 13:43:49.500,12.64719,12.65063,0.00,0.00
2015.01.30 13:43:52.498,12.64696,12.64992,0.00,0.00
2015.01.30 13:43:52.601,12.64675,12.64992,0.00,0.00
2015.01.30 13:43:52.702,12.64678,12.65032,0.00,0.00
2015.01.30 13:43:52.824,12.64729,12.65044,0.00,0.00
2015.01.30 13:43:53.062,12.64729,12.65081,0.00,0.00
2015.01.30 13:43:53.672,12.6473,12.65081,0.00,0.00
2015.01.30 13:43:54.813,12.64729,12.65081,0.00,0.00
2015.01.30 13:43:58.445,12.64729,12.65032,0.00,0.00
2015.01.30 13:43:58.545,12.64678,12.64993,0.00,0.00
2015.01.30 13:43:58.596,12.64628,12.64982,0.00,0.00
2015.01.30 13:43:58.697,12.64628,12.64964,0.00,0.00
2015.01.30 13:43:58.797,12.64589,12.64941,0.00,0.00
2015.01.30 13:44:02.885,12.6459,12.64941,0.00,0.00
2015.01.30 13:44:03.600,12.64589,12.64941,0.00,0.00
2015.01.30 13:44:04.934,12.64552,12.64892,0.00,0.00
2015.01.30 13:44:05.035,12.64538,12.64892,0.00,0.00
2015.01.30 13:44:05.290,12.64548,12.64892,0.00,0.00
2015.01.30 13:44:05.489,12.64538,12.64892,0.00,0.00
2015.01.30 13:44:05.990,12.64549,12.64892,0.00,0.00
2015.01.30 13:44:06.296,12.64552,12.64892,0.00,0.00
2015.01.30 13:44:06.396,12.64538,12.64892,0.00,0.00
2015.01.30 13:44:07.804,12.64488,12.64842,0.00,0.00
2015.01.30 13:44:08.111,12.64488,12.64822,0.00,0.00
2015.01.30 13:44:08.161,12.64455,12.64791,0.00,0.00
2015.01.30 13:44:08.212,12.64439,12.64775,0.00,0.00
2015.01.30 13:44:08.313,12.64389,12.64741,0.00,0.00
2015.01.30 13:44:08.615,12.644,12.64741,0.00,0.00
2015.01.30 13:44:08.716,12.64438,12.64789,0.00,0.00
2015.01.30 13:44:09.135,12.64445,12.64792,0.00,0.00
2015.01.30 13:44:09.340,12.64388,12.64742,0.00,0.00
2015.01.30 13:44:09.499,12.64394,12.64742,0.00,0.00
2015.01.30 13:44:09.748,12.64388,12.64742,0.00,0.00
2015.01.30 13:44:10.000,12.644,12.64742,0.00,0.00
2015.01.30 13:44:10.101,12.64349,12.64692,0.00,0.00
2015.01.30 13:44:10.202,12.64361,12.64692,0.00,0.00
2015.01.30 13:44:10.303,12.64348,12.64692,0.00,0.00
2015.01.30 13:44:10.889,12.64348,12.64632,0.00,0.00
2015.01.30 13:44:10.939,12.64331,12.64632,0.00,0.00
2015.01.30 13:44:10.990,12.64331,12.64582,0.00,0.00
2015.01.30 13:44:11.040,12.64295,12.64582,0.00,0.00
2015.01.30 13:44:11.141,12.64279,12.64582,0.00,0.00
2015.01.30 13:44:11.304,12.64263,12.64582,0.00,0.00
2015.01.30 13:44:11.548,12.64252,12.64582,0.00,0.00
2015.01.30 13:44:11.805,12.64266,12.64582,0.00,0.00
2015.01.30 13:44:12.013,12.64252,12.64582,0.00,0.00
2015.01.30 13:44:12.554,12.64249,12.64582,0.00,0.00
2015.01.30 13:44:12.856,12.64277,12.64582,0.00,0.00
2015.01.30 13:44:12.957,12.64261,12.64582,0.00,0.00
2015.01.30 13:44:13.109,12.64276,12.64582,0.00,0.00
2015.01.30 13:44:13.225,12.64262,12.64582,0.00,0.00
2015.01.30 13:44:13.349,12.64236,12.64582,0.00,0.00
2015.01.30 13:44:13.400,12.64278,12.64605,0.00,0.00
2015.01.30 13:44:13.450,12.64278,12.64624,0.00,0.00
2015.01.30 13:44:13.551,12.64245,12.64582,0.00,0.00
2015.01.30 13:44:15.615,12.64278,12.64612,0.00,0.00
2015.01.30 13:44:15.666,12.64278,12.64625,0.00,0.00
2015.01.30 13:44:15.716,12.64338,12.64625,0.00,0.00
2015.01.30 13:44:15.817,12.64278,12.64609,0.00,0.00
2015.01.30 13:44:15.968,12.64261,12.64581,0.00,0.00
2015.01.30 13:44:16.018,12.64237,12.64581,0.00,0.00
2015.01.30 13:44:16.752,12.64248,12.64581,0.00,0.00
2015.01.30 13:44:17.060,12.64237,12.64581,0.00,0.00
2015.01.30 13:44:17.423,12.64251,12.64581,0.00,0.00
2015.01.30 13:44:17.524,12.64233,12.64581,0.00,0.00
2015.01.30 13:44:17.625,12.64231,12.64575,0.00,0.00
2015.01.30 13:44:19.883,12.64231,12.64482,0.00,0.00
2015.01.30 13:44:19.984,12.64177,12.64482,0.00,0.00
2015.01.30 13:44:20.084,12.64137,12.64482,0.00,0.00
2015.01.30 13:44:20.432,12.64154,12.64482,0.00,0.00
2015.01.30 13:44:20.583,12.64229,12.64569,0.00,0.00
2015.01.30 13:44:20.634,12.64238,12.64581,0.00,0.00
2015.01.30 13:44:21.237,12.64231,12.64531,0.00,0.00
2015.01.30 13:44:21.338,12.64231,12.64582,0.00,0.00
2015.01.30 13:44:21.442,12.64231,12.64532,0.00,0.00
2015.01.30 13:44:21.543,12.64232,12.64582,0.00,0.00
2015.01.30 13:44:21.769,12.64231,12.64532,0.00,0.00
2015.01.30 13:44:21.870,12.64231,12.64554,0.00,0.00
2015.01.30 13:44:21.970,12.64232,12.64581,0.00,0.00
2015.01.30 13:44:22.675,12.64196,12.64532,0.00,0.00
2015.01.30 13:44:22.776,12.64229,12.64581,0.00,0.00
2015.01.30 13:44:22.876,12.64232,12.64581,0.00,0.00
2015.01.30 13:44:22.977,12.64229,12.64579,0.00,0.00
2015.01.30 13:44:23.078,12.64196,12.64482,0.00,0.00
2015.01.30 13:44:23.178,12.64181,12.64482,0.00,0.00
2015.01.30 13:44:23.229,12.64181,12.64505,0.00,0.00
2015.01.30 13:44:23.330,12.64228,12.64555,0.00,0.00
2015.01.30 13:44:23.430,12.64186,12.64531,0.00,0.00
2015.01.30 13:44:23.581,12.64198,12.64531,0.00,0.00
2015.01.30 13:44:23.682,12.64187,12.64531,0.00,0.00
2015.01.30 13:44:23.942,12.64181,12.64504,0.00,0.00
2015.01.30 13:44:24.043,12.64137,12.64482,0.00,0.00
2015.01.30 13:44:30.134,12.64137,12.64442,0.00,0.00
2015.01.30 13:44:30.185,12.64088,12.64405,0.00,0.00
2015.01.30 13:44:30.235,12.64081,12.64392,0.00,0.00
2015.01.30 13:44:30.954,12.64038,12.64392,0.00,0.00
2015.01.30 13:44:32.706,12.64038,12.64355,0.00,0.00
2015.01.30 13:44:32.757,12.63989,12.64341,0.00,0.00
2015.01.30 13:44:32.807,12.63989,12.64305,0.00,0.00
2015.01.30 13:44:32.908,12.63941,12.64291,0.00,0.00
2015.01.30 13:44:33.814,12.63939,12.64291,0.00,0.00
2015.01.30 13:44:33.864,12.63936,12.64242,0.00,0.00
2015.01.30 13:44:33.914,12.63888,12.64205,0.00,0.00
2015.01.30 13:44:33.966,12.63842,12.64192,0.00,0.00
2015.01.30 13:44:34.635,12.63889,12.64205,0.00,0.00
2015.01.30 13:44:34.685,12.63889,12.64234,0.00,0.00
2015.01.30 13:44:34.840,12.63931,12.64234,0.00,0.00
2015.01.30 13:44:34.890,12.63931,12.64241,0.00,0.00
2015.01.30 13:44:35.064,12.63902,12.64082,0.00,0.00
2015.01.30 13:44:35.115,12.63796,12.64082,0.00,0.00
2015.01.30 13:44:35.216,12.63839,12.64169,0.00,0.00
2015.01.30 13:44:35.417,12.63851,12.64169,0.00,0.00
2015.01.30 13:44:35.722,12.63882,12.64191,0.00,0.00
2015.01.30 13:44:35.773,12.63888,12.6422,0.00,0.00
2015.01.30 13:44:35.874,12.63938,12.64232,0.00,0.00
2015.01.30 13:44:35.924,12.63938,12.64247,0.00,0.00
2015.01.30 13:44:36.025,12.63888,12.64242,0.00,0.00
2015.01.30 13:44:36.126,12.63889,12.64229,0.00,0.00
2015.01.30 13:44:36.494,12.63938,12.64229,0.00,0.00
2015.01.30 13:44:36.594,12.63938,12.6425,0.00,0.00
2015.01.30 13:44:36.745,12.63888,12.64242,0.00,0.00
2015.01.30 13:44:36.846,12.63939,12.6425,0.00,0.00
2015.01.30 13:44:37.154,12.64039,12.64374,0.00,0.00
2015.01.30 13:44:37.315,12.64039,12.64391,0.00,0.00
2015.01.30 13:44:37.592,12.64088,12.64395,0.00,0.00
2015.01.30 13:44:37.903,12.64132,12.64454,0.00,0.00
2015.01.30 13:44:38.032,12.64132,12.64441,0.00,0.00
2015.01.30 13:44:38.183,12.64132,12.64454,0.00,0.00
2015.01.30 13:44:38.283,12.64132,12.64441,0.00,0.00
2015.01.30 13:44:38.384,12.64132,12.64454,0.00,0.00
2015.01.30 13:44:38.491,12.64132,12.64442,0.00,0.00
2015.01.30 13:44:38.872,12.64088,12.64442,0.00,0.00
2015.01.30 13:44:38.923,12.64085,12.64392,0.00,0.00
2015.01.30 13:44:39.024,12.64088,12.64442,0.00,0.00
2015.01.30 13:44:39.402,12.64085,12.64392,0.00,0.00
2015.01.30 13:44:39.503,12.64088,12.64442,0.00,0.00
2015.01.30 13:44:39.683,12.64128,12.64454,0.00,0.00
2015.01.30 13:44:39.802,12.64131,12.64464,0.00,0.00
2015.01.30 13:44:39.911,12.64131,12.64442,0.00,0.00
2015.01.30 13:44:40.237,12.63981,12.64292,0.00,0.00
2015.01.30 13:44:40.564,12.63981,12.64242,0.00,0.00
2015.01.30 13:44:40.889,12.63955,12.64242,0.00,0.00
2015.01.30 13:44:40.940,12.63955,12.64292,0.00,0.00
2015.01.30 13:44:40.990,12.63994,12.64292,0.00,0.00
2015.01.30 13:44:41.041,12.63994,12.64319,0.00,0.00
2015.01.30 13:44:41.091,12.64024,12.64319,0.00,0.00
2015.01.30 13:44:41.192,12.64082,12.64392,0.00,0.00
2015.01.30 13:44:41.292,12.64094,12.64438,0.00,0.00
2015.01.30 13:44:41.393,12.64124,12.64441,0.00,0.00
2015.01.30 13:44:42.873,12.64124,12.64392,0.00,0.00
2015.01.30 13:44:43.025,12.6407,12.64392,0.00,0.00
2015.01.30 13:44:43.315,12.6407,12.64342,0.00,0.00
2015.01.30 13:44:43.441,12.64032,12.64342,0.00,0.00
2015.01.30 13:44:43.755,12.64039,12.64368,0.00,0.00
2015.01.30 13:44:43.805,12.64074,12.64391,0.00,0.00
2015.01.30 13:44:44.326,12.64074,12.64392,0.00,0.00
2015.01.30 13:44:46.993,12.6408,12.64392,0.00,0.00
2015.01.30 13:44:47.094,12.64094,12.64438,0.00,0.00
2015.01.30 13:44:47.145,12.64132,12.64442,0.00,0.00
2015.01.30 13:44:47.195,12.64132,12.64458,0.00,0.00
2015.01.30 13:44:47.246,12.64145,12.64482,0.00,0.00
2015.01.30 13:44:47.712,12.64145,12.64441,0.00,0.00
2015.01.30 13:44:47.937,12.64074,12.64391,0.00,0.00
2015.01.30 13:44:49.737,12.64094,12.64438,0.00,0.00
2015.01.30 13:44:49.838,12.64125,12.64442,0.00,0.00
2015.01.30 13:44:50.150,12.64135,12.64477,0.00,0.00
2015.01.30 13:44:50.504,12.64178,12.64477,0.00,0.00
2015.01.30 13:44:50.554,12.64178,12.64497,0.00,0.00
2015.01.30 13:44:50.655,12.64195,12.64519,0.00,0.00
2015.01.30 13:44:50.705,12.64228,12.64519,0.00,0.00
2015.01.30 13:44:50.756,12.64234,12.64578,0.00,0.00
2015.01.30 13:44:50.856,12.64244,12.64582,0.00,0.00
2015.01.30 13:44:51.158,12.64254,12.64582,0.00,0.00
2015.01.30 13:44:51.259,12.64245,12.64582,0.00,0.00
2015.01.30 13:44:51.762,12.64254,12.64582,0.00,0.00
2015.01.30 13:44:51.863,12.64244,12.64582,0.00,0.00
2015.01.30 13:44:52.014,12.64265,12.64582,0.00,0.00
2015.01.30 13:44:57.077,12.64278,12.64618,0.00,0.00
2015.01.30 13:44:57.179,12.64305,12.64632,0.00,0.00
2015.01.30 13:44:57.229,12.64294,12.64632,0.00,0.00
2015.01.30 13:44:57.330,12.64338,12.64677,0.00,0.00
2015.01.30 13:44:57.530,12.64344,12.64688,0.00,0.00
2015.01.30 13:44:57.630,12.64334,12.64632,0.00,0.00
2015.01.30 13:44:57.731,12.64325,12.64631,0.00,0.00
2015.01.30 13:44:58.713,12.64339,12.64667,0.00,0.00
2015.01.30 13:44:58.813,12.64339,12.64678,0.00,0.00
2015.01.30 13:44:58.864,12.64324,12.64632,0.00,0.00
2015.01.30 13:45:00.738,12.64338,12.64668,0.00,0.00
2015.01.30 13:45:00.789,12.64338,12.64678,0.00,0.00
2015.01.30 13:45:01.086,12.64338,12.64629,0.00,0.00
2015.01.30 13:45:01.138,12.64334,12.64629,0.00,0.00
2015.01.30 13:45:01.239,12.64278,12.64607,0.00,0.00
2015.01.30 13:45:01.289,12.64254,12.64531,0.00,0.00
2015.01.30 13:45:01.341,12.64235,12.64531,0.00,0.00
2015.01.30 13:45:01.442,12.64245,12.64581,0.00,0.00
2015.01.30 13:45:01.542,12.64235,12.64577,0.00,0.00
2015.01.30 13:45:01.753,12.64244,12.64581,0.00,0.00
2015.01.30 13:45:02.265,12.64264,12.64581,0.00,0.00
2015.01.30 13:45:05.013,12.64264,12.64579,0.00,0.00
2015.01.30 13:45:05.464,12.64175,12.64482,0.00,0.00
2015.01.30 13:45:10.377,12.64179,12.64517,0.00,0.00
2015.01.30 13:45:10.478,12.64202,12.64531,0.00,0.00
2015.01.30 13:45:11.077,12.64231,12.64531,0.00,0.00
2015.01.30 13:45:12.298,12.64216,12.64531,0.00,0.00
2015.01.30 13:45:14.563,12.64216,12.64482,0.00,0.00
2015.01.30 13:45:14.814,12.64216,12.64531,0.00,0.00
2015.01.30 13:45:15.368,12.64216,12.64532,0.00,0.00
2015.01.30 13:45:16.128,12.64228,12.6456,0.00,0.00
2015.01.30 13:45:16.178,12.64266,12.64582,0.00,0.00
2015.01.30 13:45:16.533,12.64266,12.64532,0.00,0.00
2015.01.30 13:45:16.584,12.64217,12.64532,0.00,0.00
2015.01.30 13:45:17.653,12.64217,12.64482,0.00,0.00
2015.01.30 13:45:17.704,12.64182,12.64482,0.00,0.00
2015.01.30 13:45:21.483,12.64182,12.64524,0.00,0.00
2015.01.30 13:45:21.583,12.64191,12.64532,0.00,0.00
2015.01.30 13:45:21.973,12.64217,12.64532,0.00,0.00
2015.01.30 13:45:22.317,12.64267,12.64581,0.00,0.00
2015.01.30 13:45:24.051,12.64278,12.64609,0.00,0.00
2015.01.30 13:45:24.102,12.64341,12.64632,0.00,0.00
2015.01.30 13:45:24.152,12.64341,12.64685,0.00,0.00
2015.01.30 13:45:24.203,12.64367,12.64692,0.00,0.00
2015.01.30 13:45:26.460,12.64388,12.64709,0.00,0.00
2015.01.30 13:45:26.510,12.64392,12.64729,0.00,0.00
2015.01.30 13:45:26.561,12.64392,12.64692,0.00,0.00
2015.01.30 13:45:26.712,12.64376,12.64692,0.00,0.00
2015.01.30 13:45:28.108,12.64389,12.6472,0.00,0.00
2015.01.30 13:45:28.211,12.64388,12.64725,0.00,0.00
2015.01.30 13:45:28.311,12.64341,12.64504,0.00,0.00
2015.01.30 13:45:28.413,12.64307,12.64481,0.00,0.00
2015.01.30 13:45:28.522,12.64261,12.64481,0.00,0.00
2015.01.30 13:45:28.623,12.64231,12.64575,0.00,0.00
2015.01.30 13:45:28.673,12.64231,12.64532,0.00,0.00
2015.01.30 13:45:29.478,12.64201,12.64532,0.00,0.00
2015.01.30 13:45:29.528,12.64201,12.64482,0.00,0.00
2015.01.30 13:45:29.579,12.64181,12.64482,0.00,0.00
2015.01.30 13:45:31.486,12.64162,12.64482,0.00,0.00
2015.01.30 13:45:31.988,12.64171,12.64482,0.00,0.00
2015.01.30 13:45:33.303,12.64129,12.64392,0.00,0.00
2015.01.30 13:45:33.353,12.64082,12.64392,0.00,0.00
2015.01.30 13:45:35.452,12.64088,12.64424,0.00,0.00
2015.01.30 13:45:35.503,12.64091,12.64429,0.00,0.00
2015.01.30 13:45:35.603,12.64101,12.64429,0.00,0.00
2015.01.30 13:45:35.938,12.64081,12.64391,0.00,0.00
2015.01.30 13:45:36.039,12.64152,12.64482,0.00,0.00
2015.01.30 13:45:36.143,12.64186,12.64482,0.00,0.00
2015.01.30 13:45:37.441,12.64186,12.64442,0.00,0.00
2015.01.30 13:45:37.542,12.64097,12.64439,0.00,0.00
2015.01.30 13:45:37.643,12.64117,12.64441,0.00,0.00
2015.01.30 13:45:37.872,12.64129,12.64459,0.00,0.00
2015.01.30 13:45:37.923,12.64181,12.64479,0.00,0.00
2015.01.30 13:45:38.461,12.64182,12.64479,0.00,0.00
2015.01.30 13:45:38.825,12.64182,12.64481,0.00,0.00
2015.01.30 13:45:39.195,12.64182,12.64391,0.00,0.00
2015.01.30 13:45:39.246,12.64166,12.64391,0.00,0.00
2015.01.30 13:45:39.346,12.64072,12.64391,0.00,0.00
2015.01.30 13:45:40.011,12.64061,12.64391,0.00,0.00
2015.01.30 13:45:40.151,12.64061,12.64368,0.00,0.00
2015.01.30 13:45:40.252,12.63989,12.64316,0.00,0.00
2015.01.30 13:45:40.303,12.63972,12.64291,0.00,0.00
2015.01.30 13:45:40.869,12.63988,12.64316,0.00,0.00
2015.01.30 13:45:40.920,12.64015,12.64329,0.00,0.00
2015.01.30 13:45:41.122,12.64052,12.64388,0.00,0.00
2015.01.30 13:45:41.222,12.64071,12.64392,0.00,0.00
2015.01.30 13:45:42.628,12.64035,12.64341,0.00,0.00
2015.01.30 13:45:42.832,12.63995,12.64339,0.00,0.00
2015.01.30 13:45:42.938,12.64025,12.64341,0.00,0.00
2015.01.30 13:45:43.483,12.64064,12.64341,0.00,0.00
2015.01.30 13:45:43.861,12.64064,12.64279,0.00,0.00
2015.01.30 13:45:43.962,12.63941,12.64241,0.00,0.00
2015.01.30 13:45:44.063,12.63956,12.64242,0.00,0.00
2015.01.30 13:45:44.163,12.63944,12.64242,0.00,0.00
2015.01.30 13:45:44.946,12.63924,12.64242,0.00,0.00
2015.01.30 13:45:45.393,12.63938,12.64266,0.00,0.00
2015.01.30 13:45:45.443,12.63969,12.64291,0.00,0.00
2015.01.30 13:45:45.825,12.63983,12.64292,0.00,0.00
2015.01.30 13:45:46.226,12.63986,12.64292,0.00,0.00
2015.01.30 13:45:46.679,12.63988,12.64328,0.00,0.00
2015.01.30 13:45:46.730,12.64001,12.64341,0.00,0.00
2015.01.30 13:45:47.113,12.64025,12.64342,0.00,0.00
2015.01.30 13:45:47.164,12.64038,12.64367,0.00,0.00
2015.01.30 13:45:47.348,12.64028,12.64342,0.00,0.00
2015.01.30 13:45:47.702,12.63984,12.64291,0.00,0.00
2015.01.30 13:45:48.432,12.63984,12.64241,0.00,0.00
2015.01.30 13:45:48.533,12.63924,12.64241,0.00,0.00
2015.01.30 13:45:48.733,12.63943,12.64241,0.00,0.00
2015.01.30 13:45:48.884,12.63942,12.64284,0.00,0.00
2015.01.30 13:45:48.934,12.63938,12.64268,0.00,0.00
2015.01.30 13:45:49.253,12.63945,12.64241,0.00,0.00
2015.01.30 13:45:49.334,12.63923,12.64241,0.00,0.00
2015.01.30 13:45:49.458,12.63939,12.64267,0.00,0.00
2015.01.30 13:45:49.559,12.63924,12.64242,0.00,0.00
2015.01.30 13:45:49.971,12.63924,12.64192,0.00,0.00
2015.01.30 13:45:50.036,12.63889,12.64192,0.00,0.00
2015.01.30 13:45:50.137,12.63838,12.64171,0.00,0.00
2015.01.30 13:45:50.237,12.63829,12.64131,0.00,0.00
2015.01.30 13:45:50.536,12.63839,12.64171,0.00,0.00
2015.01.30 13:45:50.588,12.63839,12.64161,0.00,0.00
2015.01.30 13:45:50.638,12.63799,12.64132,0.00,0.00
2015.01.30 13:45:50.742,12.63778,12.64117,0.00,0.00
2015.01.30 13:45:50.792,12.63773,12.64082,0.00,0.00
2015.01.30 13:45:50.893,12.63783,12.64127,0.00,0.00
2015.01.30 13:45:50.944,12.63779,12.64117,0.00,0.00
2015.01.30 13:45:51.254,12.63748,12.64081,0.00,0.00
2015.01.30 13:45:51.560,12.63773,12.64081,0.00,0.00
2015.01.30 13:45:51.664,12.63794,12.64129,0.00,0.00
2015.01.30 13:45:51.921,12.6383,12.64129,0.00,0.00
2015.01.30 13:45:52.072,12.63939,12.64279,0.00,0.00
2015.01.30 13:45:52.176,12.63974,12.64279,0.00,0.00
2015.01.30 13:45:53.455,12.63974,12.64291,0.00,0.00
2015.01.30 13:45:54.496,12.63974,12.64082,0.00,0.00
2015.01.30 13:45:54.547,12.63871,12.64082,0.00,0.00
2015.01.30 13:45:54.648,12.63773,12.64082,0.00,0.00
2015.01.30 13:45:55.874,12.63763,12.64082,0.00,0.00
2015.01.30 13:45:56.023,12.63763,12.64032,0.00,0.00
2015.01.30 13:45:56.074,12.63753,12.64032,0.00,0.00
2015.01.30 13:45:56.174,12.63723,12.64032,0.00,0.00
2015.01.30 13:45:56.286,12.63733,12.64077,0.00,0.00
2015.01.30 13:45:56.387,12.63838,12.64077,0.00,0.00
2015.01.30 13:45:56.591,12.63783,12.64078,0.00,0.00
2015.01.30 13:45:56.701,12.63723,12.64032,0.00,0.00
2015.01.30 13:45:57.782,12.63728,12.64067,0.00,0.00
2015.01.30 13:45:57.883,12.63774,12.64082,0.00,0.00
2015.01.30 13:45:59.994,12.63798,12.64129,0.00,0.00
2015.01.30 13:46:00.045,12.63798,12.64132,0.00,0.00
2015.01.30 13:46:00.095,12.63824,12.64132,0.00,0.00
2015.01.30 13:46:00.865,12.63838,12.64166,0.00,0.00
2015.01.30 13:46:00.991,12.63874,12.64179,0.00,0.00
2015.01.30 13:46:01.131,12.63888,12.64216,0.00,0.00
2015.01.30 13:46:01.182,12.63898,12.64242,0.00,0.00
2015.01.30 13:46:01.264,12.63924,12.64242,0.00,0.00
2015.01.30 13:46:03.171,12.63938,12.64266,0.00,0.00
2015.01.30 13:46:03.272,12.63988,12.64292,0.00,0.00
2015.01.30 13:46:03.473,12.63998,12.64328,0.00,0.00
2015.01.30 13:46:03.634,12.63998,12.64292,0.00,0.00
2015.01.30 13:46:03.684,12.63988,12.64292,0.00,0.00
2015.01.30 13:46:03.840,12.63988,12.64242,0.00,0.00
2015.01.30 13:46:03.890,12.63939,12.64242,0.00,0.00
2015.01.30 13:46:03.991,12.6393,12.64192,0.00,0.00
2015.01.30 13:46:04.042,12.63874,12.64192,0.00,0.00
2015.01.30 13:46:04.674,12.63863,12.64192,0.00,0.00
2015.01.30 13:46:05.792,12.63878,12.64192,0.00,0.00
2015.01.30 13:46:06.144,12.63774,12.64081,0.00,0.00
2015.01.30 13:46:06.461,12.63788,12.64081,0.00,0.00
2015.01.30 13:46:07.200,12.63773,12.64081,0.00,0.00
2015.01.30 13:46:07.804,12.63789,12.64081,0.00,0.00
2015.01.30 13:46:10.102,12.63789,12.64032,0.00,0.00
2015.01.30 13:46:10.203,12.63758,12.64032,0.00,0.00
2015.01.30 13:46:10.254,12.63758,12.63982,0.00,0.00
2015.01.30 13:46:10.304,12.63673,12.63982,0.00,0.00
2015.01.30 13:46:11.739,12.63679,12.63982,0.00,0.00
2015.01.30 13:46:11.890,12.63742,12.64082,0.00,0.00
2015.01.30 13:46:11.941,12.63781,12.64082,0.00,0.00
2015.01.30 13:46:11.991,12.63838,12.64155,0.00,0.00
2015.01.30 13:46:12.190,12.63853,12.64192,0.00,0.00
2015.01.30 13:46:12.390,12.63878,12.64192,0.00,0.00
2015.01.30 13:46:13.089,12.63888,12.6422,0.00,0.00
2015.01.30 13:46:13.141,12.63929,12.6422,0.00,0.00
2015.01.30 13:46:13.292,12.63953,12.64291,0.00,0.00
2015.01.30 13:46:13.396,12.63992,12.64291,0.00,0.00
2015.01.30 13:46:13.447,12.63992,12.64336,0.00,0.00
2015.01.30 13:46:13.624,12.64038,12.64336,0.00,0.00
2015.01.30 13:46:13.876,12.63992,12.64336,0.00,0.00
2015.01.30 13:46:14.061,12.64039,12.64336,0.00,0.00
2015.01.30 13:46:14.112,12.64039,12.64356,0.00,0.00
2015.01.30 13:46:14.215,12.63997,12.64292,0.00,0.00
2015.01.30 13:46:14.316,12.63982,12.64292,0.00,0.00
2015.01.30 13:46:14.391,12.63982,12.64241,0.00,0.00
2015.01.30 13:46:14.441,12.63968,12.64241,0.00,0.00
2015.01.30 13:46:14.542,12.63977,12.64291,0.00,0.00
2015.01.30 13:46:14.595,12.63957,12.64291,0.00,0.00
2015.01.30 13:46:14.646,12.63957,12.64191,0.00,0.00
2015.01.30 13:46:14.696,12.63877,12.64191,0.00,0.00
2015.01.30 13:46:14.828,12.63848,12.6419,0.00,0.00
2015.01.30 13:46:15.133,12.63877,12.64191,0.00,0.00
2015.01.30 13:46:15.925,12.63892,12.64191,0.00,0.00
2015.01.30 13:46:15.976,12.63892,12.64219,0.00,0.00
2015.01.30 13:46:16.077,12.63892,12.64192,0.00,0.00
2015.01.30 13:46:16.127,12.63877,12.64192,0.00,0.00
2015.01.30 13:46:17.012,12.63925,12.64192,0.00,0.00
2015.01.30 13:46:17.381,12.63925,12.64132,0.00,0.00
2015.01.30 13:46:17.431,12.639,12.64132,0.00,0.00
2015.01.30 13:46:17.482,12.639,12.64129,0.00,0.00
2015.01.30 13:46:17.532,12.63841,12.64129,0.00,0.00
2015.01.30 13:46:17.583,12.63841,12.64132,0.00,0.00
2015.01.30 13:46:17.683,12.6384,12.64118,0.00,0.00
2015.01.30 13:46:18.035,12.63881,12.64188,0.00,0.00
2015.01.30 13:46:18.136,12.63881,12.64191,0.00,0.00
2015.01.30 13:46:18.237,12.63925,12.64191,0.00,0.00
2015.01.30 13:46:18.952,12.64001,12.64209,0.00,0.00
2015.01.30 13:46:19.003,12.64001,12.64242,0.00,0.00
2015.01.30 13:46:19.103,12.63984,12.64292,0.00,0.00
2015.01.30 13:46:19.154,12.63966,12.64292,0.00,0.00
2015.01.30 13:46:19.206,12.64,12.64292,0.00,0.00
2015.01.30 13:46:19.620,12.63946,12.64288,0.00,0.00
2015.01.30 13:46:20.208,12.63973,12.64292,0.00,0.00
2015.01.30 13:46:20.258,12.63979,12.64308,0.00,0.00
2015.01.30 13:46:20.309,12.64011,12.6433,0.00,0.00
2015.01.30 13:46:20.359,12.64011,12.64341,0.00,0.00
2015.01.30 13:46:20.410,12.64053,12.64341,0.00,0.00
2015.01.30 13:46:20.460,12.64053,12.64371,0.00,0.00
2015.01.30 13:46:20.511,12.64029,12.64328,0.00,0.00
2015.01.30 13:46:20.612,12.63986,12.64302,0.00,0.00
2015.01.30 13:46:21.242,12.64008,12.64302,0.00,0.00
2015.01.30 13:46:21.293,12.64008,12.64342,0.00,0.00
2015.01.30 13:46:21.343,12.64027,12.64342,0.00,0.00
2015.01.30 13:46:21.582,12.64054,12.6437,0.00,0.00
2015.01.30 13:46:21.632,12.64065,12.6437,0.00,0.00
2015.01.30 13:46:21.682,12.64065,12.64379,0.00,0.00
2015.01.30 13:46:21.733,12.64065,12.64392,0.00,0.00
2015.01.30 13:46:21.840,12.6409,12.64392,0.00,0.00
2015.01.30 13:46:22.240,12.64065,12.64392,0.00,0.00
2015.01.30 13:46:22.546,12.64083,12.64392,0.00,0.00
2015.01.30 13:46:22.867,12.64028,12.64359,0.00,0.00
2015.01.30 13:46:22.918,12.64015,12.64342,0.00,0.00
2015.01.30 13:46:23.318,12.64036,12.64342,0.00,0.00
2015.01.30 13:46:24.770,12.64049,12.64342,0.00,0.00
2015.01.30 13:46:24.820,12.64049,12.64391,0.00,0.00
2015.01.30 13:46:24.871,12.64059,12.64392,0.00,0.00
2015.01.30 13:46:25.147,12.64045,12.64389,0.00,0.00
2015.01.30 13:46:25.347,12.64061,12.64392,0.00,0.00
2015.01.30 13:46:27.108,12.64061,12.64342,0.00,0.00
2015.01.30 13:46:27.159,12.64036,12.64342,0.00,0.00
2015.01.30 13:46:30.409,12.64036,12.64341,0.00,0.00
2015.01.30 13:46:30.733,12.64038,12.6437,0.00,0.00
2015.01.30 13:46:30.841,12.64038,12.64378,0.00,0.00
2015.01.30 13:46:30.891,12.64055,12.64392,0.00,0.00
2015.01.30 13:46:31.210,12.6406,12.64392,0.00,0.00
2015.01.30 13:46:31.260,12.64046,12.64388,0.00,0.00
2015.01.30 13:46:32.038,12.64046,12.64342,0.00,0.00
2015.01.30 13:46:32.737,12.64046,12.64292,0.00,0.00
2015.01.30 13:46:32.788,12.6398,12.64292,0.00,0.00
2015.01.30 13:46:32.888,12.63955,12.64292,0.00,0.00
2015.01.30 13:46:33.380,12.63975,12.64292,0.00,0.00
2015.01.30 13:46:33.866,12.63956,12.64292,0.00,0.00
2015.01.30 13:46:34.267,12.63975,12.64292,0.00,0.00
2015.01.30 13:46:35.569,12.63975,12.64242,0.00,0.00
2015.01.30 13:46:35.620,12.63935,12.64242,0.00,0.00
2015.01.30 13:46:35.720,12.63915,12.64242,0.00,0.00
2015.01.30 13:46:35.821,12.63901,12.64242,0.00,0.00
2015.01.30 13:46:36.024,12.63901,12.64192,0.00,0.00
2015.01.30 13:46:36.723,12.6388,12.64171,0.00,0.00
2015.01.30 13:46:36.824,12.63836,12.64132,0.00,0.00
2015.01.30 13:46:37.196,12.63815,12.64132,0.00,0.00
2015.01.30 13:46:37.247,12.63815,12.64081,0.00,0.00
2015.01.30 13:46:37.297,12.63801,12.64081,0.00,0.00
2015.01.30 13:46:37.553,12.63801,12.64131,0.00,0.00
2015.01.30 13:46:37.704,12.63836,12.64131,0.00,0.00
2015.01.30 13:46:38.006,12.63815,12.64132,0.00,0.00
2015.01.30 13:46:38.106,12.63801,12.64132,0.00,0.00
2015.01.30 13:46:38.306,12.63835,12.64132,0.00,0.00
2015.01.30 13:46:38.789,12.63835,12.64082,0.00,0.00
2015.01.30 13:46:38.840,12.63745,12.64082,0.00,0.00
2015.01.30 13:46:38.991,12.63779,12.64089,0.00,0.00
2015.01.30 13:46:39.041,12.63802,12.64131,0.00,0.00
2015.01.30 13:46:39.092,12.63802,12.64082,0.00,0.00
2015.01.30 13:46:39.302,12.63825,12.64132,0.00,0.00
2015.01.30 13:46:39.402,12.63837,12.64082,0.00,0.00
2015.01.30 13:46:39.503,12.63802,12.64082,0.00,0.00
2015.01.30 13:46:39.609,12.63785,12.64082,0.00,0.00
2015.01.30 13:46:39.710,12.63765,12.64082,0.00,0.00
2015.01.30 13:46:39.761,12.63765,12.63982,0.00,0.00
2015.01.30 13:46:39.811,12.63725,12.63982,0.00,0.00
2015.01.30 13:46:39.917,12.63711,12.63982,0.00,0.00
2015.01.30 13:46:40.099,12.63711,12.64031,0.00,0.00
2015.01.30 13:46:40.203,12.63758,12.64031,0.00,0.00
2015.01.30 13:46:40.419,12.63735,12.64031,0.00,0.00
2015.01.30 13:46:40.734,12.63768,12.64081,0.00,0.00
2015.01.30 13:46:40.835,12.63817,12.64081,0.00,0.00
2015.01.30 13:46:41.224,12.63801,12.64081,0.00,0.00
2015.01.30 13:46:41.324,12.63786,12.64081,0.00,0.00
2015.01.30 13:46:41.425,12.63703,12.64032,0.00,0.00
2015.01.30 13:46:41.636,12.63735,12.64032,0.00,0.00
2015.01.30 13:46:41.758,12.63753,12.64082,0.00,0.00
2015.01.30 13:46:41.812,12.63753,12.6408,0.00,0.00
2015.01.30 13:46:41.862,12.63735,12.64079,0.00,0.00
2015.01.30 13:46:41.963,12.63735,12.63981,0.00,0.00
2015.01.30 13:46:42.013,12.63685,12.63981,0.00,0.00
2015.01.30 13:46:42.064,12.63685,12.6402,0.00,0.00
2015.01.30 13:46:42.114,12.63701,12.6402,0.00,0.00
2015.01.30 13:46:42.165,12.63701,12.64032,0.00,0.00
2015.01.30 13:46:42.215,12.63733,12.64032,0.00,0.00
2015.01.30 13:46:42.529,12.63752,12.64032,0.00,0.00
2015.01.30 13:46:42.629,12.63752,12.64082,0.00,0.00
2015.01.30 13:46:42.730,12.63765,12.64082,0.00,0.00
2015.01.30 13:46:43.051,12.63796,12.64082,0.00,0.00
2015.01.30 13:46:43.252,12.63736,12.64031,0.00,0.00
2015.01.30 13:46:43.354,12.63736,12.64078,0.00,0.00
2015.01.30 13:46:43.404,12.63736,12.64032,0.00,0.00
2015.01.30 13:46:43.505,12.63746,12.64081,0.00,0.00
2015.01.30 13:46:43.555,12.63793,12.64081,0.00,0.00
2015.01.30 13:46:43.891,12.6381,12.64081,0.00,0.00
2015.01.30 13:46:43.942,12.638,12.64081,0.00,0.00
2015.01.30 13:46:45.253,12.6376,12.64081,0.00,0.00
2015.01.30 13:46:45.869,12.63759,12.64081,0.00,0.00
2015.01.30 13:46:46.110,12.63759,12.64031,0.00,0.00
2015.01.30 13:46:46.161,12.6374,12.64031,0.00,0.00
2015.01.30 13:46:46.381,12.6374,12.64081,0.00,0.00
2015.01.30 13:46:46.432,12.63776,12.64081,0.00,0.00
2015.01.30 13:46:46.736,12.63736,12.64032,0.00,0.00
2015.01.30 13:46:46.787,12.63736,12.64078,0.00,0.00
2015.01.30 13:46:46.837,12.63746,12.64081,0.00,0.00
2015.01.30 13:46:47.139,12.63774,12.64081,0.00,0.00
2015.01.30 13:46:47.637,12.63759,12.64081,0.00,0.00
2015.01.30 13:46:47.951,12.63735,12.64079,0.00,0.00
2015.01.30 13:46:48.052,12.63728,12.64044,0.00,0.00
2015.01.30 13:46:48.441,12.63716,12.63981,0.00,0.00
2015.01.30 13:46:48.541,12.637,12.63981,0.00,0.00
2015.01.30 13:46:48.642,12.63685,12.63981,0.00,0.00
2015.01.30 13:46:48.891,12.63761,12.63981,0.00,0.00
2015.01.30 13:46:48.992,12.63789,12.64081,0.00,0.00
2015.01.30 13:46:49.093,12.63799,12.64081,0.00,0.00
2015.01.30 13:46:49.345,12.63816,12.64132,0.00,0.00
2015.01.30 13:46:49.454,12.63852,12.64132,0.00,0.00
2015.01.30 13:46:49.747,12.63836,12.64132,0.00,0.00
2015.01.30 13:46:50.751,12.63826,12.64132,0.00,0.00
2015.01.30 13:46:51.255,12.63806,12.64132,0.00,0.00
2015.01.30 13:46:51.355,12.63826,12.64132,0.00,0.00
2015.01.30 13:46:51.666,12.638,12.64082,0.00,0.00
2015.01.30 13:46:51.767,12.63736,12.64031,0.00,0.00
2015.01.30 13:46:51.868,12.6371,12.64031,0.00,0.00
2015.01.30 13:46:52.271,12.6371,12.63981,0.00,0.00
2015.01.30 13:46:52.372,12.63629,12.63943,0.00,0.00
2015.01.30 13:46:52.423,12.63601,12.63942,0.00,0.00
2015.01.30 13:46:52.525,12.63628,12.63943,0.00,0.00
2015.01.30 13:46:53.193,12.63588,12.63929,0.00,0.00
2015.01.30 13:46:53.294,12.63628,12.63938,0.00,0.00
2015.01.30 13:46:53.344,12.63628,12.63944,0.00,0.00
2015.01.30 13:46:53.395,12.636,12.63942,0.00,0.00
2015.01.30 13:46:53.590,12.63628,12.63944,0.00,0.00
2015.01.30 13:46:53.691,12.63661,12.63979,0.00,0.00
2015.01.30 13:46:53.742,12.63661,12.63982,0.00,0.00
2015.01.30 13:46:53.842,12.6366,12.63942,0.00,0.00
2015.01.30 13:46:53.893,12.63588,12.63929,0.00,0.00
2015.01.30 13:46:53.943,12.63585,12.63892,0.00,0.00
2015.01.30 13:46:54.032,12.63589,12.63929,0.00,0.00
2015.01.30 13:46:54.082,12.6363,12.63938,0.00,0.00
2015.01.30 13:46:54.183,12.6361,12.63941,0.00,0.00
2015.01.30 13:46:54.290,12.6361,12.63892,0.00,0.00
2015.01.30 13:46:54.702,12.63629,12.63949,0.00,0.00
2015.01.30 13:46:54.805,12.63656,12.63949,0.00,0.00
2015.01.30 13:46:54.855,12.63656,12.63981,0.00,0.00
2015.01.30 13:46:54.906,12.6368,12.63981,0.00,0.00
2015.01.30 13:46:55.667,12.63665,12.63981,0.00,0.00
2015.01.30 13:46:55.966,12.63686,12.63981,0.00,0.00
2015.01.30 13:46:56.141,12.63686,12.64028,0.00,0.00
2015.01.30 13:46:56.191,12.6375,12.64031,0.00,0.00
2015.01.30 13:46:56.292,12.63686,12.63982,0.00,0.00
2015.01.30 13:46:56.683,12.63631,12.63892,0.00,0.00
2015.01.30 13:46:56.884,12.636,12.63892,0.00,0.00
2015.01.30 13:46:56.984,12.63589,12.63928,0.00,0.00
2015.01.30 13:46:57.035,12.63586,12.63891,0.00,0.00
2015.01.30 13:46:57.186,12.63512,12.63829,0.00,0.00
2015.01.30 13:46:57.236,12.63512,12.63791,0.00,0.00
2015.01.30 13:46:57.287,12.635,12.63791,0.00,0.00
2015.01.30 13:46:57.388,12.63486,12.63791,0.00,0.00
2015.01.30 13:46:57.939,12.63486,12.63792,0.00,0.00
2015.01.30 13:46:58.398,12.6346,12.63792,0.00,0.00
2015.01.30 13:46:58.573,12.63448,12.63792,0.00,0.00
2015.01.30 13:46:58.674,12.63448,12.63741,0.00,0.00
2015.01.30 13:46:58.725,12.63399,12.63738,0.00,0.00
2015.01.30 13:46:58.776,12.63383,12.63692,0.00,0.00
2015.01.30 13:46:59.098,12.63468,12.63791,0.00,0.00
2015.01.30 13:46:59.199,12.63498,12.63791,0.00,0.00
2015.01.30 13:46:59.250,12.63498,12.63841,0.00,0.00
2015.01.30 13:46:59.350,12.63498,12.63792,0.00,0.00
2015.01.30 13:46:59.452,12.63539,12.63842,0.00,0.00
2015.01.30 13:46:59.553,12.63549,12.63842,0.00,0.00
2015.01.30 13:46:59.730,12.63509,12.63842,0.00,0.00
2015.01.30 13:46:59.780,12.63509,12.63792,0.00,0.00
2015.01.30 13:47:00.211,12.63524,12.63791,0.00,0.00
2015.01.30 13:47:00.312,12.63508,12.63842,0.00,0.00
2015.01.30 13:47:00.416,12.63553,12.63891,0.00,0.00
2015.01.30 13:47:00.610,12.63574,12.63891,0.00,0.00
2015.01.30 13:47:00.915,12.63554,12.63792,0.00,0.00
2015.01.30 13:47:00.965,12.63554,12.63889,0.00,0.00
2015.01.30 13:47:01.015,12.63583,12.63892,0.00,0.00
2015.01.30 13:47:01.317,12.63554,12.63892,0.00,0.00
2015.01.30 13:47:01.418,12.63584,12.63892,0.00,0.00
2015.01.30 13:47:02.144,12.63554,12.63892,0.00,0.00
2015.01.30 13:47:02.345,12.63573,12.63892,0.00,0.00
2015.01.30 13:47:02.446,12.63543,12.63887,0.00,0.00
2015.01.30 13:47:02.765,12.63543,12.63842,0.00,0.00
2015.01.30 13:47:02.919,12.63532,12.63842,0.00,0.00
2015.01.30 13:47:02.969,12.63532,12.63792,0.00,0.00
2015.01.30 13:47:03.020,12.63503,12.63792,0.00,0.00
2015.01.30 13:47:03.120,12.63488,12.63792,0.00,0.00
2015.01.30 13:47:03.222,12.63467,12.63792,0.00,0.00
2015.01.30 13:47:03.323,12.63488,12.63792,0.00,0.00
2015.01.30 13:47:03.424,12.63508,12.63841,0.00,0.00
2015.01.30 13:47:03.530,12.63533,12.63841,0.00,0.00
2015.01.30 13:47:05.843,12.63497,12.63841,0.00,0.00
2015.01.30 13:47:05.945,12.63512,12.63842,0.00,0.00
2015.01.30 13:47:06.343,12.63523,12.63842,0.00,0.00
2015.01.30 13:47:07.787,12.63523,12.63792,0.00,0.00
2015.01.30 13:47:07.837,12.63505,12.63792,0.00,0.00
2015.01.30 13:47:07.938,12.63491,12.63792,0.00,0.00
2015.01.30 13:47:08.039,12.63466,12.63792,0.00,0.00
2015.01.30 13:47:08.139,12.6343,12.63742,0.00,0.00
2015.01.30 13:47:08.290,12.6346,12.63792,0.00,0.00
2015.01.30 13:47:08.546,12.6349,12.63792,0.00,0.00
2015.01.30 13:47:08.704,12.6349,12.63834,0.00,0.00
2015.01.30 13:47:08.754,12.6351,12.63839,0.00,0.00
2015.01.30 13:47:09.079,12.63531,12.63842,0.00,0.00
2015.01.30 13:47:09.508,12.6353,12.6384,0.00,0.00
2015.01.30 13:47:09.810,12.63486,12.63792,0.00,0.00
2015.01.30 13:47:09.860,12.63456,12.63792,0.00,0.00
2015.01.30 13:47:09.911,12.63456,12.63742,0.00,0.00
2015.01.30 13:47:09.961,12.6343,12.63742,0.00,0.00
2015.01.30 13:47:10.433,12.63406,12.63741,0.00,0.00
2015.01.30 13:47:10.533,12.63396,12.63738,0.00,0.00
2015.01.30 13:47:10.634,12.63388,12.63723,0.00,0.00
2015.01.30 13:47:10.785,12.63395,12.63739,0.00,0.00
2015.01.30 13:47:10.836,12.63388,12.63724,0.00,0.00
2015.01.30 13:47:11.141,12.6338,12.63692,0.00,0.00
2015.01.30 13:47:11.637,12.63396,12.63738,0.00,0.00
2015.01.30 13:47:12.433,12.63446,12.63741,0.00,0.00
2015.01.30 13:47:13.027,12.63495,12.63741,0.00,0.00
2015.01.30 13:47:13.404,12.6353,12.63741,0.00,0.00
2015.01.30 13:47:13.655,12.63508,12.63741,0.00,0.00
2015.01.30 13:47:14.331,12.63491,12.63741,0.00,0.00
2015.01.30 13:47:14.753,12.63536,12.63741,0.00,0.00
2015.01.30 13:47:14.854,12.63505,12.63842,0.00,0.00
2015.01.30 13:47:14.955,12.6354,12.63842,0.00,0.00
2015.01.30 13:47:15.810,12.6354,12.63792,0.00,0.00
2015.01.30 13:47:15.961,12.63538,12.63849,0.00,0.00
2015.01.30 13:47:16.062,12.63538,12.63868,0.00,0.00
2015.01.30 13:47:16.163,12.6359,12.63892,0.00,0.00
2015.01.30 13:47:17.037,12.63605,12.63929,0.00,0.00
2015.01.30 13:47:17.088,12.63605,12.6394,0.00,0.00
2015.01.30 13:47:17.241,12.63641,12.63941,0.00,0.00
2015.01.30 13:47:17.722,12.63641,12.63982,0.00,0.00
2015.01.30 13:47:17.778,12.63706,12.63982,0.00,0.00
2015.01.30 13:47:17.829,12.63706,12.64028,0.00,0.00
2015.01.30 13:47:17.880,12.63741,12.64031,0.00,0.00
2015.01.30 13:47:18.582,12.63741,12.64079,0.00,0.00
2015.01.30 13:47:18.685,12.63766,12.64079,0.00,0.00
2015.01.30 13:47:18.736,12.63766,12.64082,0.00,0.00
2015.01.30 13:47:18.786,12.63691,12.63982,0.00,0.00
2015.01.30 13:47:22.246,12.63665,12.63982,0.00,0.00
2015.01.30 13:47:22.347,12.6363,12.63941,0.00,0.00
2015.01.30 13:47:22.397,12.63606,12.63941,0.00,0.00
2015.01.30 13:47:22.448,12.63606,12.63891,0.00,0.00
2015.01.30 13:47:22.649,12.6354,12.63884,0.00,0.00
2015.01.30 13:47:22.856,12.6354,12.63841,0.00,0.00
2015.01.30 13:47:24.030,12.63721,12.63841,0.00,0.00
2015.01.30 13:47:24.181,12.63838,12.64169,0.00,0.00
2015.01.30 13:47:24.282,12.6389,12.64192,0.00,0.00
2015.01.30 13:47:29.931,12.63939,12.64232,0.00,0.00
2015.01.30 13:47:29.981,12.63964,12.64291,0.00,0.00
2015.01.30 13:47:30.063,12.6399,12.64291,0.00,0.00
2015.01.30 13:47:30.488,12.64028,12.64331,0.00,0.00
2015.01.30 13:47:30.595,12.64014,12.64342,0.00,0.00
2015.01.30 13:47:30.696,12.63986,12.64342,0.00,0.00
2015.01.30 13:47:31.321,12.63986,12.64302,0.00,0.00
2015.01.30 13:47:31.372,12.63967,12.64302,0.00,0.00
2015.01.30 13:47:31.481,12.63938,12.64302,0.00,0.00
2015.01.30 13:47:32.804,12.63938,12.64301,0.00,0.00
2015.01.30 13:47:32.860,12.63936,12.64251,0.00,0.00
2015.01.30 13:47:32.911,12.63889,12.64251,0.00,0.00
2015.01.30 13:47:33.236,12.63939,12.64301,0.00,0.00
2015.01.30 13:47:36.955,12.63907,12.64251,0.00,0.00
2015.01.30 13:47:37.259,12.63939,12.64283,0.00,0.00
2015.01.30 13:47:37.701,12.63939,12.64251,0.00,0.00
2015.01.30 13:47:38.361,12.63939,12.64252,0.00,0.00
2015.01.30 13:47:38.710,12.63915,12.64191,0.00,0.00
2015.01.30 13:47:39.121,12.6389,12.64191,0.00,0.00
2015.01.30 13:47:40.376,12.6389,12.64232,0.00,0.00
2015.01.30 13:47:40.426,12.64029,12.64232,0.00,0.00
2015.01.30 13:47:40.485,12.64029,12.64252,0.00,0.00
2015.01.30 13:47:40.586,12.64029,12.64292,0.00,0.00
2015.01.30 13:47:40.687,12.64129,12.64292,0.00,0.00
2015.01.30 13:47:40.787,12.64095,12.64437,0.00,0.00
2015.01.30 13:47:40.891,12.64095,12.64392,0.00,0.00
2015.01.30 13:47:41.999,12.64095,12.64437,0.00,0.00
2015.01.30 13:47:42.190,12.64109,12.64442,0.00,0.00
2015.01.30 13:47:42.540,12.64129,12.64473,0.00,0.00
2015.01.30 13:47:42.649,12.64129,12.64442,0.00,0.00
2015.01.30 13:47:42.812,12.64149,12.64491,0.00,0.00
2015.01.30 13:47:42.892,12.64168,12.64491,0.00,0.00
2015.01.30 13:47:44.095,12.64153,12.64491,0.00,0.00
2015.01.30 13:47:44.196,12.64138,12.64482,0.00,0.00
2015.01.30 13:47:44.872,12.64138,12.64442,0.00,0.00
2015.01.30 13:47:45.224,12.64119,12.64391,0.00,0.00
2015.01.30 13:47:45.290,12.64128,12.64451,0.00,0.00
2015.01.30 13:47:45.398,12.64139,12.64481,0.00,0.00
2015.01.30 13:47:45.448,12.64139,12.64441,0.00,0.00
2015.01.30 13:47:47.631,12.64169,12.64492,0.00,0.00
2015.01.30 13:47:48.798,12.64179,12.64492,0.00,0.00
2015.01.30 13:47:48.848,12.64179,12.64511,0.00,0.00
2015.01.30 13:47:48.949,12.64238,12.64582,0.00,0.00
2015.01.30 13:47:49.152,12.64253,12.64592,0.00,0.00
2015.01.30 13:47:50.409,12.64233,12.64577,0.00,0.00
2015.01.30 13:47:50.460,12.64233,12.64541,0.00,0.00
2015.01.30 13:47:50.510,12.64203,12.64541,0.00,0.00
2015.01.30 13:47:50.789,12.64229,12.64547,0.00,0.00
2015.01.30 13:47:50.957,12.64229,12.64566,0.00,0.00
2015.01.30 13:47:51.009,12.64244,12.64586,0.00,0.00
2015.01.30 13:47:51.110,12.64229,12.64566,0.00,0.00
2015.01.30 13:47:51.510,12.64254,12.64591,0.00,0.00
2015.01.30 13:47:53.454,12.64254,12.64542,0.00,0.00
2015.01.30 13:47:53.555,12.64188,12.64491,0.00,0.00
2015.01.30 13:47:53.659,12.64138,12.64482,0.00,0.00
2015.01.30 13:47:53.760,12.64138,12.64442,0.00,0.00
2015.01.30 13:47:54.090,12.64138,12.64481,0.00,0.00
2015.01.30 13:47:54.140,12.64158,12.64492,0.00,0.00
2015.01.30 13:47:54.536,12.64138,12.64442,0.00,0.00
2015.01.30 13:47:54.896,12.64138,12.64482,0.00,0.00
2015.01.30 13:47:54.946,12.64158,12.64492,0.00,0.00
2015.01.30 13:47:56.637,12.64139,12.64442,0.00,0.00
2015.01.30 13:47:56.950,12.64088,12.64431,0.00,0.00
2015.01.30 13:47:57.051,12.64113,12.64442,0.00,0.00
2015.01.30 13:47:57.202,12.64179,12.64517,0.00,0.00
2015.01.30 13:47:57.252,12.64204,12.64541,0.00,0.00
2015.01.30 13:47:57.622,12.64228,12.64546,0.00,0.00
2015.01.30 13:47:57.672,12.64228,12.64567,0.00,0.00
2015.01.30 13:48:00.641,12.64243,12.64587,0.00,0.00
2015.01.30 13:48:04.101,12.64268,12.64587,0.00,0.00
2015.01.30 13:48:06.279,12.64268,12.64547,0.00,0.00
2015.01.30 13:48:06.330,12.64228,12.64547,0.00,0.00
2015.01.30 13:48:06.380,12.64228,12.64482,0.00,0.00
2015.01.30 13:48:06.430,12.64178,12.64482,0.00,0.00
2015.01.30 13:48:06.531,12.64138,12.64432,0.00,0.00
2015.01.30 13:48:07.968,12.64098,12.64432,0.00,0.00
2015.01.30 13:48:08.068,12.64083,12.64427,0.00,0.00
2015.01.30 13:48:08.169,12.64103,12.64432,0.00,0.00
2015.01.30 13:48:08.270,12.64139,12.64481,0.00,0.00
2015.01.30 13:48:08.390,12.64179,12.64481,0.00,0.00
2015.01.30 13:48:09.559,12.64179,12.64507,0.00,0.00
2015.01.30 13:48:09.610,12.64228,12.64507,0.00,0.00
2015.01.30 13:48:09.660,12.64228,12.64557,0.00,0.00
2015.01.30 13:48:09.710,12.64269,12.64557,0.00,0.00
2015.01.30 13:48:11.725,12.64229,12.64557,0.00,0.00
2015.01.30 13:48:11.775,12.64229,12.64516,0.00,0.00
2015.01.30 13:48:11.826,12.64178,12.64516,0.00,0.00
2015.01.30 13:48:11.876,12.64178,12.64496,0.00,0.00
2015.01.30 13:48:11.927,12.64154,12.64481,0.00,0.00
2015.01.30 13:48:11.977,12.64159,12.64481,0.00,0.00
2015.01.30 13:48:12.027,12.64178,12.64501,0.00,0.00
2015.01.30 13:48:14.279,12.64184,12.64526,0.00,0.00
2015.01.30 13:48:14.381,12.64203,12.64532,0.00,0.00
2015.01.30 13:48:14.692,12.64254,12.64532,0.00,0.00
2015.01.30 13:48:14.818,12.64254,12.64582,0.00,0.00
2015.01.30 13:48:14.880,12.64254,12.64531,0.00,0.00
2015.01.30 13:48:14.989,12.64198,12.64531,0.00,0.00
2015.01.30 13:48:15.090,12.64213,12.64531,0.00,0.00
2015.01.30 13:48:15.216,12.64253,12.64582,0.00,0.00
2015.01.30 13:48:15.652,12.64269,12.6459,0.00,0.00
2015.01.30 13:48:15.812,12.64273,12.64617,0.00,0.00
2015.01.30 13:48:15.871,12.64273,12.64581,0.00,0.00
2015.01.30 13:48:15.922,12.64254,12.64581,0.00,0.00
2015.01.30 13:48:15.981,12.64242,12.64581,0.00,0.00
2015.01.30 13:48:16.723,12.64229,12.64557,0.00,0.00
2015.01.30 13:48:17.119,12.64229,12.64537,0.00,0.00
2015.01.30 13:48:18.509,12.64193,12.64531,0.00,0.00
2015.01.30 13:48:18.609,12.64188,12.64531,0.00,0.00
2015.01.30 13:48:18.710,12.64179,12.6449,0.00,0.00
2015.01.30 13:48:18.761,12.64169,12.64481,0.00,0.00
2015.01.30 13:48:18.970,12.64129,12.64472,0.00,0.00
2015.01.30 13:48:19.611,12.64178,12.64472,0.00,0.00
2015.01.30 13:48:19.711,12.64193,12.6449,0.00,0.00
2015.01.30 13:48:19.762,12.64193,12.64532,0.00,0.00
2015.01.30 13:48:19.830,12.64238,12.64537,0.00,0.00
2015.01.30 13:48:20.601,12.64193,12.64531,0.00,0.00
2015.01.30 13:48:20.701,12.64189,12.64482,0.00,0.00
2015.01.30 13:48:21.195,12.64189,12.64501,0.00,0.00
2015.01.30 13:48:21.946,12.64189,12.64516,0.00,0.00
2015.01.30 13:48:21.997,12.64194,12.64531,0.00,0.00
2015.01.30 13:48:22.098,12.64189,12.64522,0.00,0.00
2015.01.30 13:48:25.013,12.64213,12.64531,0.00,0.00
2015.01.30 13:48:25.395,12.64238,12.64536,0.00,0.00
2015.01.30 13:48:25.902,12.64278,12.64576,0.00,0.00
2015.01.30 13:48:27.059,12.64278,12.64562,0.00,0.00
2015.01.30 13:48:27.553,12.64278,12.64546,0.00,0.00
2015.01.30 13:48:28.314,12.64228,12.64537,0.00,0.00
2015.01.30 13:48:28.698,12.64179,12.64521,0.00,0.00
2015.01.30 13:48:30.520,12.64193,12.64522,0.00,0.00
2015.01.30 13:48:30.822,12.64278,12.64581,0.00,0.00
2015.01.30 13:48:31.515,12.64239,12.64581,0.00,0.00
2015.01.30 13:48:35.668,12.64278,12.64581,0.00,0.00
2015.01.30 13:48:36.062,12.64229,12.64537,0.00,0.00
2015.01.30 13:48:36.568,12.64179,12.64521,0.00,0.00
2015.01.30 13:48:38.549,12.64154,12.64482,0.00,0.00
2015.01.30 13:48:38.650,12.64138,12.64472,0.00,0.00
2015.01.30 13:48:38.751,12.64088,12.64422,0.00,0.00
2015.01.30 13:48:44.626,12.64088,12.64421,0.00,0.00
2015.01.30 13:48:44.966,12.64039,12.64321,0.00,0.00
2015.01.30 13:48:45.019,12.63999,12.64321,0.00,0.00
2015.01.30 13:48:45.070,12.63989,12.64272,0.00,0.00
2015.01.30 13:48:45.239,12.63939,12.64272,0.00,0.00
2015.01.30 13:48:45.290,12.63939,12.64241,0.00,0.00
2015.01.30 13:48:45.398,12.63893,12.64228,0.00,0.00
2015.01.30 13:48:45.501,12.63888,12.64221,0.00,0.00
2015.01.30 13:48:47.244,12.63879,12.64172,0.00,0.00
2015.01.30 13:48:47.295,12.63828,12.64172,0.00,0.00
2015.01.30 13:48:47.557,12.63889,12.64171,0.00,0.00
2015.01.30 13:48:48.202,12.63889,12.64172,0.00,0.00
2015.01.30 13:48:48.253,12.63828,12.64171,0.00,0.00
2015.01.30 13:48:48.303,12.63828,12.64122,0.00,0.00
2015.01.30 13:48:48.354,12.63778,12.64122,0.00,0.00
2015.01.30 13:48:49.012,12.63778,12.64121,0.00,0.00
2015.01.30 13:48:49.566,12.63778,12.64072,0.00,0.00
2015.01.30 13:48:49.616,12.63728,12.64028,0.00,0.00
2015.01.30 13:48:49.667,12.63704,12.64021,0.00,0.00
2015.01.30 13:48:49.767,12.63778,12.64028,0.00,0.00
2015.01.30 13:48:50.119,12.63739,12.64028,0.00,0.00
2015.01.30 13:48:50.520,12.63739,12.64022,0.00,0.00
2015.01.30 13:48:50.570,12.63719,12.64022,0.00,0.00
2015.01.30 13:48:50.739,12.63719,12.64028,0.00,0.00
2015.01.30 13:48:51.049,12.63719,12.64061,0.00,0.00
2015.01.30 13:48:52.291,12.63704,12.64022,0.00,0.00
2015.01.30 13:48:52.392,12.63744,12.64071,0.00,0.00
2015.01.30 13:48:53.489,12.63769,12.64078,0.00,0.00
2015.01.30 13:48:53.720,12.63744,12.64072,0.00,0.00
2015.01.30 13:48:53.929,12.63744,12.64031,0.00,0.00
2015.01.30 13:48:54.397,12.63774,12.64078,0.00,0.00
2015.01.30 13:48:55.338,12.63774,12.64082,0.00,0.00
2015.01.30 13:48:55.571,12.63774,12.6408,0.00,0.00
2015.01.30 13:48:55.948,12.63753,12.64032,0.00,0.00
2015.01.30 13:48:56.584,12.63742,12.64032,0.00,0.00
2015.01.30 13:48:57.319,12.63702,12.64021,0.00,0.00
2015.01.30 13:48:57.428,12.63678,12.64006,0.00,0.00
2015.01.30 13:48:57.478,12.63662,12.63982,0.00,0.00
2015.01.30 13:48:58.096,12.63701,12.63982,0.00,0.00
2015.01.30 13:49:00.008,12.63724,12.64029,0.00,0.00
2015.01.30 13:49:00.143,12.63729,12.64029,0.00,0.00
2015.01.30 13:49:00.244,12.63772,12.64082,0.00,0.00
2015.01.30 13:49:01.295,12.63738,12.6408,0.00,0.00
2015.01.30 13:49:01.701,12.63772,12.64082,0.00,0.00
2015.01.30 13:49:02.269,12.63772,12.64079,0.00,0.00
2015.01.30 13:49:02.620,12.63737,12.64079,0.00,0.00
2015.01.30 13:49:02.841,12.63737,12.64031,0.00,0.00
2015.01.30 13:49:03.500,12.63737,12.64079,0.00,0.00
2015.01.30 13:49:03.698,12.63737,12.64081,0.00,0.00
2015.01.30 13:49:03.749,12.63737,12.64031,0.00,0.00
2015.01.30 13:49:03.861,12.63737,12.64081,0.00,0.00
2015.01.30 13:49:04.068,12.63737,12.64032,0.00,0.00
2015.01.30 13:49:07.025,12.63737,12.64081,0.00,0.00
2015.01.30 13:49:07.126,12.63772,12.64081,0.00,0.00
2015.01.30 13:49:07.833,12.63772,12.64082,0.00,0.00
2015.01.30 13:49:08.478,12.63772,12.64032,0.00,0.00
2015.01.30 13:49:08.528,12.63727,12.64032,0.00,0.00
2015.01.30 13:49:09.344,12.63743,12.64082,0.00,0.00
2015.01.30 13:49:10.054,12.6377,12.64082,0.00,0.00
2015.01.30 13:49:12.553,12.63823,12.64082,0.00,0.00
2015.01.30 13:49:12.654,12.63863,12.64192,0.00,0.00
2015.01.30 13:49:12.755,12.63892,12.64192,0.00,0.00
2015.01.30 13:49:14.204,12.63892,12.64236,0.00,0.00
2015.01.30 13:49:14.254,12.63912,12.64241,0.00,0.00
2015.01.30 13:49:14.720,12.63942,12.64286,0.00,0.00
2015.01.30 13:49:14.771,12.63993,12.64291,0.00,0.00
2015.01.30 13:49:17.498,12.63993,12.64335,0.00,0.00
2015.01.30 13:49:17.653,12.64022,12.64341,0.00,0.00
2015.01.30 13:49:18.164,12.64038,12.64366,0.00,0.00
2015.01.30 13:49:18.264,12.64063,12.64342,0.00,0.00
2015.01.30 13:49:18.365,12.64063,12.64392,0.00,0.00
2015.01.30 13:49:21.695,12.64082,12.64392,0.00,0.00
2015.01.30 13:49:23.114,12.64088,12.64426,0.00,0.00
2015.01.30 13:49:23.165,12.64132,12.64442,0.00,0.00
2015.01.30 13:49:23.270,12.64113,12.64442,0.00,0.00
2015.01.30 13:49:23.321,12.64113,12.64391,0.00,0.00
2015.01.30 13:49:23.372,12.64083,12.64391,0.00,0.00
2015.01.30 13:49:26.283,12.64094,12.64391,0.00,0.00
2015.01.30 13:49:27.092,12.64111,12.64391,0.00,0.00
2015.01.30 13:49:27.193,12.64087,12.64391,0.00,0.00
2015.01.30 13:49:28.168,12.64087,12.64342,0.00,0.00
2015.01.30 13:49:28.218,12.64027,12.64342,0.00,0.00
2015.01.30 13:49:28.269,12.64027,12.64292,0.00,0.00
2015.01.30 13:49:28.319,12.64006,12.64292,0.00,0.00
2015.01.30 13:49:28.420,12.63987,12.64292,0.00,0.00
2015.01.30 13:49:29.360,12.63989,12.64329,0.00,0.00
2015.01.30 13:49:29.460,12.63996,12.64338,0.00,0.00
2015.01.30 13:49:29.511,12.64046,12.64342,0.00,0.00
2015.01.30 13:49:30.008,12.64046,12.64381,0.00,0.00
2015.01.30 13:49:30.696,12.64027,12.64332,0.00,0.00
2015.01.30 13:49:30.797,12.64038,12.64368,0.00,0.00
2015.01.30 13:49:32.077,12.64038,12.64381,0.00,0.00
2015.01.30 13:49:33.204,12.64089,12.64399,0.00,0.00
2015.01.30 13:49:33.729,12.64088,12.64399,0.00,0.00
2015.01.30 13:49:34.296,12.64088,12.6438,0.00,0.00
2015.01.30 13:49:34.346,12.64039,12.6438,0.00,0.00
2015.01.30 13:49:34.397,12.64039,12.643,0.00,0.00
2015.01.30 13:49:34.498,12.63889,12.6419,0.00,0.00
2015.01.30 13:49:34.699,12.63889,12.64199,0.00,0.00
2015.01.30 13:49:34.893,12.63889,12.64189,0.00,0.00
2015.01.30 13:49:35.229,12.63938,12.64199,0.00,0.00
2015.01.30 13:49:35.329,12.63938,12.64249,0.00,0.00
2015.01.30 13:49:35.430,12.63945,12.64249,0.00,0.00
2015.01.30 13:49:36.216,12.63945,12.64248,0.00,0.00
2015.01.30 13:49:36.317,12.63911,12.64232,0.00,0.00
2015.01.30 13:49:36.643,12.63931,12.64232,0.00,0.00
2015.01.30 13:49:36.897,12.63939,12.64248,0.00,0.00
2015.01.30 13:49:37.797,12.63939,12.64258,0.00,0.00
2015.01.30 13:49:37.848,12.64089,12.64258,0.00,0.00
2015.01.30 13:49:37.898,12.64089,12.64379,0.00,0.00
2015.01.30 13:49:37.949,12.64089,12.64388,0.00,0.00
2015.01.30 13:49:38.407,12.64089,12.64398,0.00,0.00
2015.01.30 13:49:42.021,12.64108,12.64398,0.00,0.00
2015.01.30 13:49:42.222,12.64151,12.64482,0.00,0.00
2015.01.30 13:49:42.273,12.64181,12.64482,0.00,0.00
2015.01.30 13:49:43.019,12.64181,12.64499,0.00,0.00
2015.01.30 13:49:46.200,12.64181,12.64399,0.00,0.00
2015.01.30 13:49:46.250,12.64146,12.64399,0.00,0.00
2015.01.30 13:49:46.300,12.64278,12.64399,0.00,0.00
2015.01.30 13:49:46.402,12.64278,12.6457,0.00,0.00
2015.01.30 13:49:46.453,12.64278,12.64589,0.00,0.00
2015.01.30 13:49:46.554,12.64278,12.64608,0.00,0.00
2015.01.30 13:49:47.092,12.64278,12.64609,0.00,0.00
2015.01.30 13:49:47.654,12.64294,12.64609,0.00,0.00
2015.01.30 13:49:49.825,12.64294,12.64558,0.00,0.00
2015.01.30 13:49:49.876,12.64237,12.64558,0.00,0.00
2015.01.30 13:49:49.926,12.64237,12.64522,0.00,0.00
2015.01.30 13:49:49.977,12.64186,12.64522,0.00,0.00
2015.01.30 13:49:50.383,12.64229,12.64552,0.00,0.00
2015.01.30 13:49:50.483,12.64229,12.64558,0.00,0.00
2015.01.30 13:49:50.584,12.64286,12.64558,0.00,0.00
2015.01.30 13:49:50.685,12.64278,12.64558,0.00,0.00
2015.01.30 13:49:50.785,12.64236,12.64558,0.00,0.00
2015.01.30 13:49:50.962,12.64248,12.64558,0.00,0.00
2015.01.30 13:49:51.195,12.64181,12.64521,0.00,0.00
2015.01.30 13:49:51.245,12.64181,12.64509,0.00,0.00
2015.01.30 13:49:52.338,12.64229,12.64509,0.00,0.00
2015.01.30 13:49:52.647,12.64228,12.64558,0.00,0.00
2015.01.30 13:49:53.329,12.64279,12.64558,0.00,0.00
2015.01.30 13:49:53.580,12.64229,12.64558,0.00,0.00
2015.01.30 13:49:53.782,12.64278,12.64558,0.00,0.00
2015.01.30 13:49:53.990,12.64328,12.64628,0.00,0.00
2015.01.30 13:49:54.091,12.64336,12.64658,0.00,0.00
2015.01.30 13:49:54.141,12.64389,12.64658,0.00,0.00
2015.01.30 13:49:54.571,12.64328,12.6463,0.00,0.00
2015.01.30 13:49:54.672,12.64328,12.64649,0.00,0.00
2015.01.30 13:49:54.773,12.64336,12.64658,0.00,0.00
2015.01.30 13:49:55.083,12.64356,12.64658,0.00,0.00
2015.01.30 13:49:55.313,12.64388,12.64708,0.00,0.00
2015.01.30 13:49:55.795,12.64328,12.64629,0.00,0.00
2015.01.30 13:49:55.859,12.64287,12.64622,0.00,0.00
2015.01.30 13:49:55.970,12.64328,12.64629,0.00,0.00
2015.01.30 13:49:56.020,12.64328,12.6465,0.00,0.00
2015.01.30 13:49:56.075,12.64336,12.64672,0.00,0.00
2015.01.30 13:49:56.304,12.64388,12.64689,0.00,0.00
2015.01.30 13:49:56.354,12.64388,12.64699,0.00,0.00
2015.01.30 13:49:56.405,12.64388,12.64708,0.00,0.00
2015.01.30 13:49:56.717,12.64388,12.64659,0.00,0.00
2015.01.30 13:49:56.768,12.64376,12.64659,0.00,0.00
2015.01.30 13:49:56.868,12.64321,12.64622,0.00,0.00
2015.01.30 13:49:56.919,12.64297,12.64622,0.00,0.00
2015.01.30 13:49:57.278,12.64316,12.64622,0.00,0.00
2015.01.30 13:49:57.329,12.64329,12.64659,0.00,0.00
2015.01.30 13:49:57.379,12.64336,12.64659,0.00,0.00
2015.01.30 13:49:57.718,12.64287,12.64622,0.00,0.00
2015.01.30 13:49:57.819,12.64296,12.64622,0.00,0.00
2015.01.30 13:49:58.151,12.64296,12.64609,0.00,0.00
2015.01.30 13:49:58.512,12.64328,12.64609,0.00,0.00
2015.01.30 13:49:58.813,12.64388,12.64709,0.00,0.00
2015.01.30 13:49:59.853,12.64438,12.64709,0.00,0.00
2015.01.30 13:50:00.058,12.64388,12.64709,0.00,0.00
2015.01.30 13:50:00.209,12.64438,12.64709,0.00,0.00
2015.01.30 13:50:00.259,12.64438,12.6473,0.00,0.00
2015.01.30 13:50:02.995,12.64438,12.64709,0.00,0.00
2015.01.30 13:50:03.045,12.64388,12.64709,0.00,0.00
2015.01.30 13:50:03.146,12.64438,12.64709,0.00,0.00
2015.01.30 13:50:03.542,12.64386,12.64529,0.00,0.00
2015.01.30 13:50:03.592,12.64386,12.64509,0.00,0.00
2015.01.30 13:50:03.643,12.64339,12.64509,0.00,0.00
2015.01.30 13:50:03.744,12.64178,12.6448,0.00,0.00
2015.01.30 13:50:03.844,12.64187,12.64481,0.00,0.00
2015.01.30 13:50:03.895,12.64187,12.64509,0.00,0.00
2015.01.30 13:50:03.998,12.64178,12.64489,0.00,0.00
2015.01.30 13:50:04.110,12.64147,12.64481,0.00,0.00
2015.01.30 13:50:04.219,12.64179,12.64489,0.00,0.00
2015.01.30 13:50:04.319,12.64181,12.64509,0.00,0.00
2015.01.30 13:50:04.540,12.64178,12.64509,0.00,0.00
2015.01.30 13:50:04.741,12.64178,12.645,0.00,0.00
2015.01.30 13:50:04.842,12.64178,12.64509,0.00,0.00
2015.01.30 13:50:05.230,12.64178,12.645,0.00,0.00
2015.01.30 13:50:05.503,12.64178,12.64509,0.00,0.00
2015.01.30 13:50:05.722,12.64178,12.64489,0.00,0.00
2015.01.30 13:50:06.039,12.64147,12.64458,0.00,0.00
2015.01.30 13:50:07.042,12.64158,12.64458,0.00,0.00
2015.01.30 13:50:07.192,12.64179,12.64502,0.00,0.00
2015.01.30 13:50:07.243,12.64179,12.64509,0.00,0.00
2015.01.30 13:50:08.121,12.64179,12.64479,0.00,0.00
2015.01.30 13:50:08.221,12.64138,12.64479,0.00,0.00
2015.01.30 13:50:08.372,12.64138,12.64459,0.00,0.00
2015.01.30 13:50:08.733,12.64088,12.64408,0.00,0.00
2015.01.30 13:50:09.229,12.64102,12.64408,0.00,0.00
2015.01.30 13:50:09.631,12.64088,12.64408,0.00,0.00
2015.01.30 13:50:11.139,12.64102,12.64408,0.00,0.00
2015.01.30 13:50:12.046,12.64088,12.64408,0.00,0.00
2015.01.30 13:50:14.558,12.64086,12.64381,0.00,0.00
2015.01.30 13:50:14.779,12.63988,12.6433,0.00,0.00
2015.01.30 13:50:15.350,12.64038,12.6433,0.00,0.00
2015.01.30 13:50:15.401,12.64038,12.64348,0.00,0.00
2015.01.30 13:50:15.505,12.64038,12.64359,0.00,0.00
2015.01.30 13:50:16.056,12.64054,12.64359,0.00,0.00
2015.01.30 13:50:16.564,12.64139,12.64409,0.00,0.00
2015.01.30 13:50:17.325,12.64122,12.64409,0.00,0.00
2015.01.30 13:50:17.425,12.64088,12.64409,0.00,0.00
2015.01.30 13:50:17.476,12.64097,12.64409,0.00,0.00
2015.01.30 13:50:17.526,12.64097,12.64432,0.00,0.00
2015.01.30 13:50:17.577,12.64138,12.64458,0.00,0.00
2015.01.30 13:50:17.968,12.64179,12.64458,0.00,0.00
2015.01.30 13:50:18.219,12.64138,12.64458,0.00,0.00
2015.01.30 13:50:18.852,12.64178,12.64458,0.00,0.00
2015.01.30 13:50:18.952,12.64178,12.64481,0.00,0.00
2015.01.30 13:50:19.003,12.64186,12.64509,0.00,0.00
2015.01.30 13:50:20.301,12.64229,12.64529,0.00,0.00
2015.01.30 13:50:20.351,12.64229,12.64549,0.00,0.00
2015.01.30 13:50:20.402,12.64228,12.6453,0.00,0.00
2015.01.30 13:50:20.727,12.64286,12.64579,0.00,0.00
2015.01.30 13:50:21.169,12.64328,12.64628,0.00,0.00
2015.01.30 13:50:21.220,12.64328,12.64631,0.00,0.00
2015.01.30 13:50:21.320,12.64388,12.64678,0.00,0.00
2015.01.30 13:50:21.650,12.64438,12.64678,0.00,0.00
2015.01.30 13:50:21.925,12.64489,12.64749,0.00,0.00
2015.01.30 13:50:22.433,12.64489,12.64769,0.00,0.00
2015.01.30 13:50:23.039,12.64438,12.64769,0.00,0.00
2015.01.30 13:50:23.139,12.64438,12.6473,0.00,0.00
2015.01.30 13:50:25.009,12.64438,12.64729,0.00,0.00
2015.01.30 13:50:25.059,12.64389,12.64729,0.00,0.00
2015.01.30 13:50:25.110,12.644,12.64729,0.00,0.00
2015.01.30 13:50:25.519,12.64489,12.64729,0.00,0.00
2015.01.30 13:50:25.670,12.64489,12.64775,0.00,0.00
2015.01.30 13:50:26.109,12.64438,12.64775,0.00,0.00
2015.01.30 13:50:26.282,12.64438,12.64729,0.00,0.00
2015.01.30 13:50:27.552,12.64489,12.64729,0.00,0.00
2015.01.30 13:50:27.703,12.64489,12.64775,0.00,0.00
2015.01.30 13:50:28.542,12.64439,12.64775,0.00,0.00
2015.01.30 13:50:28.703,12.64439,12.6473,0.00,0.00
2015.01.30 13:50:29.114,12.64489,12.6473,0.00,0.00
2015.01.30 13:50:29.215,12.64438,12.6473,0.00,0.00
2015.01.30 13:50:29.315,12.64489,12.64749,0.00,0.00
2015.01.30 13:50:29.416,12.64489,12.64775,0.00,0.00
2015.01.30 13:50:30.193,12.64438,12.64775,0.00,0.00
2015.01.30 13:50:30.294,12.64488,12.64729,0.00,0.00
2015.01.30 13:50:30.471,12.64488,12.6476,0.00,0.00
2015.01.30 13:50:30.572,12.64488,12.64779,0.00,0.00
2015.01.30 13:50:30.623,12.64438,12.64779,0.00,0.00
2015.01.30 13:50:30.673,12.64438,12.6473,0.00,0.00
2015.01.30 13:50:32.418,12.64488,12.6476,0.00,0.00
2015.01.30 13:50:32.518,12.64488,12.6478,0.00,0.00
2015.01.30 13:50:33.295,12.64488,12.6481,0.00,0.00
2015.01.30 13:50:33.410,12.64656,12.64882,0.00,0.00
2015.01.30 13:50:33.511,12.64687,12.64982,0.00,0.00
2015.01.30 13:50:33.617,12.64728,12.65029,0.00,0.00
2015.01.30 13:50:33.722,12.64779,12.65049,0.00,0.00
2015.01.30 13:50:33.888,12.64779,12.651,0.00,0.00
2015.01.30 13:50:34.026,12.64786,12.65118,0.00,0.00
2015.01.30 13:50:34.127,12.64781,12.65118,0.00,0.00
2015.01.30 13:50:34.227,12.64779,12.65099,0.00,0.00
2015.01.30 13:50:34.328,12.64779,12.65118,0.00,0.00
2015.01.30 13:50:34.544,12.64779,12.651,0.00,0.00
2015.01.30 13:50:34.645,12.64737,12.65071,0.00,0.00
2015.01.30 13:50:34.696,12.64778,12.65079,0.00,0.00
2015.01.30 13:50:34.947,12.64736,12.65071,0.00,0.00
2015.01.30 13:50:35.048,12.64696,12.65021,0.00,0.00
2015.01.30 13:50:35.349,12.64721,12.65021,0.00,0.00
2015.01.30 13:50:35.400,12.64729,12.65065,0.00,0.00
2015.01.30 13:50:35.568,12.64778,12.65064,0.00,0.00
2015.01.30 13:50:35.679,12.64728,12.65064,0.00,0.00
2015.01.30 13:50:36.196,12.64729,12.65064,0.00,0.00
2015.01.30 13:50:36.246,12.64778,12.65079,0.00,0.00
2015.01.30 13:50:36.297,12.64778,12.65109,0.00,0.00
2015.01.30 13:50:36.347,12.64778,12.65085,0.00,0.00
2015.01.30 13:50:36.452,12.64778,12.65115,0.00,0.00
2015.01.30 13:50:36.560,12.64829,12.65115,0.00,0.00
2015.01.30 13:50:36.661,12.64829,12.65129,0.00,0.00
2015.01.30 13:50:36.761,12.64786,12.65122,0.00,0.00
2015.01.30 13:50:36.865,12.64826,12.65122,0.00,0.00
2015.01.30 13:50:36.915,12.64828,12.65169,0.00,0.00
2015.01.30 13:50:36.966,12.64841,12.65172,0.00,0.00
2015.01.30 13:50:37.415,12.64889,12.65185,0.00,0.00
2015.01.30 13:50:38.338,12.64788,12.65114,0.00,0.00
2015.01.30 13:50:38.389,12.64788,12.65089,0.00,0.00
2015.01.30 13:50:38.439,12.64752,12.65072,0.00,0.00
2015.01.30 13:50:38.540,12.64728,12.65059,0.00,0.00
2015.01.30 13:50:38.676,12.64778,12.65075,0.00,0.00
2015.01.30 13:50:38.776,12.64729,12.65044,0.00,0.00
2015.01.30 13:50:38.827,12.64729,12.65036,0.00,0.00
2015.01.30 13:50:38.877,12.64692,12.65022,0.00,0.00
2015.01.30 13:50:38.928,12.64695,12.65022,0.00,0.00
2015.01.30 13:50:39.029,12.64733,12.65068,0.00,0.00
2015.01.30 13:50:39.129,12.64753,12.65068,0.00,0.00
2015.01.30 13:50:39.328,12.64738,12.65068,0.00,0.00
2015.01.30 13:50:39.447,12.64728,12.65066,0.00,0.00
2015.01.30 13:50:39.739,12.64728,12.64993,0.00,0.00
2015.01.30 13:50:39.898,12.64651,12.64982,0.00,0.00
2015.01.30 13:50:39.948,12.64662,12.64982,0.00,0.00
2015.01.30 13:50:40.200,12.64678,12.65008,0.00,0.00
2015.01.30 13:50:40.300,12.64682,12.65022,0.00,0.00
2015.01.30 13:50:40.351,12.6473,12.65022,0.00,0.00
2015.01.30 13:50:40.652,12.64626,12.64932,0.00,0.00
2015.01.30 13:50:40.753,12.646,12.64932,0.00,0.00
2015.01.30 13:50:40.854,12.64638,12.64938,0.00,0.00
2015.01.30 13:50:40.954,12.64638,12.64967,0.00,0.00
2015.01.30 13:50:41.081,12.64647,12.64982,0.00,0.00
2015.01.30 13:50:41.334,12.64665,12.64982,0.00,0.00
2015.01.30 13:50:41.567,12.64647,12.64982,0.00,0.00
2015.01.30 13:50:42.838,12.64638,12.64978,0.00,0.00
2015.01.30 13:50:43.867,12.64779,12.64991,0.00,0.00
2015.01.30 13:50:43.917,12.64779,12.65084,0.00,0.00
2015.01.30 13:50:43.968,12.64779,12.65109,0.00,0.00
2015.01.30 13:50:44.174,12.64745,12.65072,0.00,0.00
2015.01.30 13:50:44.275,12.64728,12.65068,0.00,0.00
2015.01.30 13:50:44.526,12.64778,12.65068,0.00,0.00
2015.01.30 13:50:44.576,12.64778,12.65089,0.00,0.00
2015.01.30 13:50:44.677,12.64778,12.65101,0.00,0.00
2015.01.30 13:50:44.728,12.64757,12.65072,0.00,0.00
2015.01.30 13:50:44.778,12.64728,12.65069,0.00,0.00
2015.01.30 13:50:45.389,12.64728,12.65043,0.00,0.00
2015.01.30 13:50:45.489,12.64728,12.65069,0.00,0.00
2015.01.30 13:50:46.804,12.64727,12.65042,0.00,0.00
2015.01.30 13:50:48.259,12.64727,12.64991,0.00,0.00
2015.01.30 13:50:48.309,12.64675,12.64991,0.00,0.00
2015.01.30 13:50:48.367,12.6469,12.64991,0.00,0.00
2015.01.30 13:50:48.468,12.64675,12.64991,0.00,0.00
2015.01.30 13:50:48.568,12.64675,12.64942,0.00,0.00
2015.01.30 13:50:48.719,12.64576,12.6489,0.00,0.00
2015.01.30 13:50:48.770,12.64576,12.64842,0.00,0.00
2015.01.30 13:50:48.820,12.64526,12.64842,0.00,0.00
2015.01.30 13:50:49.649,12.64538,12.64868,0.00,0.00
2015.01.30 13:50:49.806,12.64526,12.64842,0.00,0.00
2015.01.30 13:50:50.466,12.64526,12.64802,0.00,0.00
2015.01.30 13:50:50.517,12.6451,12.64802,0.00,0.00
2015.01.30 13:50:50.617,12.64526,12.64842,0.00,0.00
2015.01.30 13:50:58.557,12.64538,12.64868,0.00,0.00
2015.01.30 13:50:58.777,12.64526,12.64841,0.00,0.00
2015.01.30 13:51:00.368,12.64545,12.64841,0.00,0.00
2015.01.30 13:51:00.468,12.64565,12.64892,0.00,0.00
2015.01.30 13:51:00.539,12.64565,12.64842,0.00,0.00
2015.01.30 13:51:00.645,12.64551,12.64842,0.00,0.00
2015.01.30 13:51:00.745,12.64525,12.64842,0.00,0.00
2015.01.30 13:51:00.796,12.64548,12.64869,0.00,0.00
2015.01.30 13:51:00.896,12.64525,12.64842,0.00,0.00
2015.01.30 13:51:01.237,12.64525,12.64792,0.00,0.00
2015.01.30 13:51:01.338,12.64455,12.64791,0.00,0.00
2015.01.30 13:51:01.439,12.64405,12.64742,0.00,0.00
2015.01.30 13:51:01.539,12.6442,12.64742,0.00,0.00
2015.01.30 13:51:02.630,12.6442,12.64692,0.00,0.00
2015.01.30 13:51:02.738,12.64349,12.64688,0.00,0.00
2015.01.30 13:51:02.788,12.64346,12.64631,0.00,0.00
2015.01.30 13:51:02.889,12.64348,12.64681,0.00,0.00
2015.01.30 13:51:02.940,12.64361,12.64681,0.00,0.00
2015.01.30 13:51:02.990,12.64361,12.64692,0.00,0.00
2015.01.30 13:51:03.542,12.64379,12.64692,0.00,0.00
2015.01.30 13:51:03.846,12.64454,12.64792,0.00,0.00
2015.01.30 13:51:03.947,12.64489,12.64792,0.00,0.00
2015.01.30 13:51:04.444,12.64471,12.64792,0.00,0.00
2015.01.30 13:51:04.499,12.64471,12.64741,0.00,0.00
2015.01.30 13:51:04.549,12.64426,12.64741,0.00,0.00
2015.01.30 13:51:04.761,12.64449,12.64788,0.00,0.00
2015.01.30 13:51:04.865,12.64465,12.64792,0.00,0.00
2015.01.30 13:51:04.966,12.64499,12.64829,0.00,0.00
2015.01.30 13:51:05.067,12.64521,12.64841,0.00,0.00
2015.01.30 13:51:05.482,12.64505,12.64841,0.00,0.00
2015.01.30 13:51:05.687,12.64499,12.64829,0.00,0.00
2015.01.30 13:51:05.787,12.64449,12.64789,0.00,0.00
2015.01.30 13:51:06.190,12.64426,12.64742,0.00,0.00
2015.01.30 13:51:07.727,12.64448,12.64768,0.00,0.00
2015.01.30 13:51:07.955,12.64405,12.64742,0.00,0.00
2015.01.30 13:51:08.011,12.64405,12.64721,0.00,0.00
2015.01.30 13:51:08.163,12.64348,12.64689,0.00,0.00
2015.01.30 13:51:08.264,12.64371,12.64692,0.00,0.00
2015.01.30 13:51:08.368,12.64348,12.64678,0.00,0.00
2015.01.30 13:51:08.472,12.64371,12.64692,0.00,0.00
2015.01.30 13:51:09.160,12.64359,12.64692,0.00,0.00
2015.01.30 13:51:09.398,12.64392,12.64692,0.00,0.00
2015.01.30 13:51:09.563,12.64376,12.64692,0.00,0.00
2015.01.30 13:51:09.692,12.64348,12.6469,0.00,0.00
2015.01.30 13:51:09.793,12.64391,12.64692,0.00,0.00
2015.01.30 13:51:09.894,12.6436,12.64692,0.00,0.00
2015.01.30 13:51:10.447,12.6436,12.64681,0.00,0.00
2015.01.30 13:51:10.750,12.644,12.64681,0.00,0.00
2015.01.30 13:51:11.164,12.64411,12.64681,0.00,0.00
2015.01.30 13:51:11.666,12.64381,12.64681,0.00,0.00
2015.01.30 13:51:11.799,12.64381,12.64631,0.00,0.00
2015.01.30 13:51:11.900,12.64332,12.64631,0.00,0.00
2015.01.30 13:51:12.329,12.64399,12.64699,0.00,0.00
2015.01.30 13:51:12.430,12.64399,12.64737,0.00,0.00
2015.01.30 13:51:12.480,12.64428,12.64741,0.00,0.00
2015.01.30 13:51:12.864,12.64448,12.6477,0.00,0.00
2015.01.30 13:51:12.915,12.64448,12.64789,0.00,0.00
2015.01.30 13:51:12.965,12.64448,12.6478,0.00,0.00
2015.01.30 13:51:13.268,12.64417,12.64741,0.00,0.00
2015.01.30 13:51:13.529,12.64448,12.64779,0.00,0.00
2015.01.30 13:51:13.629,12.645,12.64792,0.00,0.00
2015.01.30 13:51:13.680,12.645,12.64823,0.00,0.00
2015.01.30 13:51:13.730,12.64515,12.64832,0.00,0.00
2015.01.30 13:51:14.397,12.64515,12.64791,0.00,0.00
2015.01.30 13:51:14.515,12.64495,12.64791,0.00,0.00
2015.01.30 13:51:14.697,12.6448,12.64791,0.00,0.00
2015.01.30 13:51:14.987,12.64489,12.64824,0.00,0.00
2015.01.30 13:51:15.147,12.64496,12.64831,0.00,0.00
2015.01.30 13:51:15.454,12.6452,12.64831,0.00,0.00
2015.01.30 13:51:16.710,12.64539,12.64864,0.00,0.00
2015.01.30 13:51:16.822,12.64536,12.64831,0.00,0.00
2015.01.30 13:51:17.815,12.6452,12.64831,0.00,0.00
2015.01.30 13:51:18.511,12.6457,12.64831,0.00,0.00
2015.01.30 13:51:18.561,12.6457,12.64882,0.00,0.00
2015.01.30 13:51:18.612,12.64625,12.64831,0.00,0.00
2015.01.30 13:51:19.037,12.64625,12.64881,0.00,0.00
2015.01.30 13:51:19.138,12.64625,12.64931,0.00,0.00
2015.01.30 13:51:20.584,12.64638,12.64969,0.00,0.00
2015.01.30 13:51:20.691,12.64638,12.64979,0.00,0.00
2015.01.30 13:51:20.792,12.64635,12.64932,0.00,0.00
2015.01.30 13:51:20.893,12.64638,12.64979,0.00,0.00
2015.01.30 13:51:20.943,12.647,12.64982,0.00,0.00
2015.01.30 13:51:20.999,12.647,12.65031,0.00,0.00
2015.01.30 13:51:21.050,12.64726,12.65031,0.00,0.00
2015.01.30 13:51:21.462,12.64706,12.64982,0.00,0.00
2015.01.30 13:51:21.563,12.64638,12.64979,0.00,0.00
2015.01.30 13:51:21.663,12.64635,12.64932,0.00,0.00
2015.01.30 13:51:22.800,12.64639,12.64979,0.00,0.00
2015.01.30 13:51:22.851,12.64639,12.64909,0.00,0.00
2015.01.30 13:51:22.901,12.64565,12.64881,0.00,0.00
2015.01.30 13:51:22.952,12.64585,12.64881,0.00,0.00
2015.01.30 13:51:23.002,12.64588,12.64929,0.00,0.00
2015.01.30 13:51:23.291,12.6462,12.64932,0.00,0.00
2015.01.30 13:51:23.859,12.6462,12.64882,0.00,0.00
2015.01.30 13:51:23.968,12.6462,12.64931,0.00,0.00
2015.01.30 13:51:24.180,12.64589,12.64923,0.00,0.00
2015.01.30 13:51:24.231,12.64581,12.64882,0.00,0.00
2015.01.30 13:51:24.281,12.64561,12.64882,0.00,0.00
2015.01.30 13:51:24.382,12.64538,12.64819,0.00,0.00
2015.01.30 13:51:24.433,12.64488,12.64819,0.00,0.00
2015.01.30 13:51:24.483,12.64488,12.64789,0.00,0.00
2015.01.30 13:51:24.686,12.64426,12.64742,0.00,0.00
2015.01.30 13:51:24.786,12.64406,12.64742,0.00,0.00
2015.01.30 13:51:24.837,12.6443,12.64742,0.00,0.00
2015.01.30 13:51:24.988,12.64525,12.64841,0.00,0.00
2015.01.30 13:51:25.069,12.64525,12.64691,0.00,0.00
2015.01.30 13:51:25.120,12.6448,12.64691,0.00,0.00
2015.01.30 13:51:25.221,12.64561,12.64791,0.00,0.00
2015.01.30 13:51:25.322,12.6458,12.64891,0.00,0.00
2015.01.30 13:51:25.619,12.64589,12.64924,0.00,0.00
2015.01.30 13:51:25.719,12.64601,12.64941,0.00,0.00
2015.01.30 13:51:25.820,12.64625,12.64941,0.00,0.00
2015.01.30 13:51:27.379,12.64628,12.64969,0.00,0.00
2015.01.30 13:51:27.530,12.6465,12.64942,0.00,0.00
2015.01.30 13:51:27.646,12.6465,12.64982,0.00,0.00
2015.01.30 13:51:28.263,12.64679,12.64994,0.00,0.00
2015.01.30 13:51:28.313,12.64679,12.65013,0.00,0.00
2015.01.30 13:51:28.414,12.64695,12.65032,0.00,0.00
2015.01.30 13:51:28.515,12.64649,12.64942,0.00,0.00
2015.01.30 13:51:28.565,12.64625,12.64942,0.00,0.00
2015.01.30 13:51:28.826,12.64628,12.64969,0.00,0.00
2015.01.30 13:51:28.926,12.64625,12.64942,0.00,0.00
2015.01.30 13:51:29.829,12.64629,12.64969,0.00,0.00
2015.01.30 13:51:29.930,12.6467,12.64981,0.00,0.00
2015.01.30 13:51:30.131,12.64626,12.64942,0.00,0.00
2015.01.30 13:51:30.283,12.64629,12.64968,0.00,0.00
2015.01.30 13:51:30.333,12.64655,12.64981,0.00,0.00
2015.01.30 13:51:30.734,12.64625,12.64942,0.00,0.00
2015.01.30 13:51:30.789,12.64629,12.64969,0.00,0.00
2015.01.30 13:51:31.066,12.64625,12.64942,0.00,0.00
2015.01.30 13:51:31.998,12.64629,12.64969,0.00,0.00
2015.01.30 13:51:32.149,12.64625,12.64932,0.00,0.00
2015.01.30 13:51:32.815,12.64638,12.64969,0.00,0.00
2015.01.30 13:51:32.916,12.64625,12.64931,0.00,0.00
2015.01.30 13:51:33.705,12.64625,12.64932,0.00,0.00
2015.01.30 13:51:33.976,12.64645,12.64982,0.00,0.00
2015.01.30 13:51:34.427,12.64638,12.64978,0.00,0.00
2015.01.30 13:51:35.105,12.64636,12.64931,0.00,0.00
2015.01.30 13:51:35.155,12.64616,12.64931,0.00,0.00
2015.01.30 13:51:35.686,12.64616,12.64932,0.00,0.00
2015.01.30 13:51:36.001,12.64616,12.64882,0.00,0.00
2015.01.30 13:51:36.207,12.64638,12.64979,0.00,0.00
2015.01.30 13:51:36.760,12.64635,12.64931,0.00,0.00
2015.01.30 13:51:36.961,12.64576,12.64881,0.00,0.00
2015.01.30 13:51:38.379,12.64589,12.64918,0.00,0.00
2015.01.30 13:51:38.480,12.64636,12.6493,0.00,0.00
2015.01.30 13:51:38.530,12.64638,12.64978,0.00,0.00
2015.01.30 13:51:38.581,12.64666,12.64982,0.00,0.00
2015.01.30 13:51:38.936,12.64626,12.64931,0.00,0.00
2015.01.30 13:51:40.028,12.64639,12.64968,0.00,0.00
2015.01.30 13:51:40.138,12.64626,12.64931,0.00,0.00
2015.01.30 13:51:40.470,12.64638,12.64968,0.00,0.00
2015.01.30 13:51:40.721,12.64626,12.64932,0.00,0.00
2015.01.30 13:51:41.157,12.64589,12.64882,0.00,0.00
2015.01.30 13:51:41.265,12.64574,12.64882,0.00,0.00
2015.01.30 13:51:42.259,12.64588,12.64882,0.00,0.00
2015.01.30 13:51:42.475,12.64573,12.64882,0.00,0.00
2015.01.30 13:51:42.575,12.64588,12.64882,0.00,0.00
2015.01.30 13:51:43.588,12.64589,12.64931,0.00,0.00
2015.01.30 13:51:43.689,12.64638,12.64932,0.00,0.00
2015.01.30 13:51:43.790,12.64638,12.64976,0.00,0.00
2015.01.30 13:51:43.989,12.64634,12.64932,0.00,0.00
2015.01.30 13:51:44.090,12.64613,12.64932,0.00,0.00
2015.01.30 13:51:44.141,12.64613,12.64881,0.00,0.00
2015.01.30 13:51:44.191,12.64573,12.64881,0.00,0.00
2015.01.30 13:51:50.490,12.64573,12.64792,0.00,0.00
2015.01.30 13:51:50.591,12.64474,12.64792,0.00,0.00
2015.01.30 13:51:50.692,12.64448,12.6479,0.00,0.00
2015.01.30 13:51:50.759,12.64462,12.64792,0.00,0.00
2015.01.30 13:51:51.094,12.6451,12.64792,0.00,0.00
2015.01.30 13:51:51.389,12.64484,12.64792,0.00,0.00
2015.01.30 13:51:51.493,12.64516,12.64792,0.00,0.00
2015.01.30 13:51:51.804,12.64506,12.64741,0.00,0.00
2015.01.30 13:51:51.905,12.64471,12.64741,0.00,0.00
2015.01.30 13:51:52.006,12.64487,12.64792,0.00,0.00
2015.01.30 13:51:52.162,12.64503,12.64792,0.00,0.00
2015.01.30 13:51:52.363,12.6443,12.64742,0.00,0.00
2015.01.30 13:51:52.414,12.64423,12.64742,0.00,0.00
2015.01.30 13:51:52.576,12.64551,12.64791,0.00,0.00
2015.01.30 13:51:52.627,12.64551,12.64882,0.00,0.00
2015.01.30 13:51:52.677,12.64575,12.64882,0.00,0.00
2015.01.30 13:51:54.171,12.64538,12.64882,0.00,0.00
2015.01.30 13:52:03.016,12.6453,12.64832,0.00,0.00
2015.01.30 13:52:03.066,12.64523,12.64832,0.00,0.00
2015.01.30 13:52:03.117,12.64499,12.64831,0.00,0.00
2015.01.30 13:52:03.218,12.64488,12.6481,0.00,0.00
2015.01.30 13:52:03.268,12.64449,12.64791,0.00,0.00
2015.01.30 13:52:03.369,12.64488,12.6479,0.00,0.00
2015.01.30 13:52:03.724,12.64488,12.6476,0.00,0.00
2015.01.30 13:52:03.834,12.64403,12.64742,0.00,0.00
2015.01.30 13:52:03.934,12.64448,12.6477,0.00,0.00
2015.01.30 13:52:04.395,12.64448,12.64786,0.00,0.00
2015.01.30 13:52:04.498,12.64448,12.64792,0.00,0.00
2015.01.30 13:52:04.598,12.64539,12.64791,0.00,0.00
2015.01.30 13:52:04.699,12.64499,12.64792,0.00,0.00
2015.01.30 13:52:04.800,12.64448,12.64766,0.00,0.00
2015.01.30 13:52:05.604,12.64448,12.64751,0.00,0.00
2015.01.30 13:52:05.704,12.64488,12.64806,0.00,0.00
2015.01.30 13:52:05.805,12.64488,12.64825,0.00,0.00
2015.01.30 13:52:05.906,12.64488,12.64832,0.00,0.00
2015.01.30 13:52:06.098,12.64473,12.64792,0.00,0.00
2015.01.30 13:52:06.149,12.64449,12.64781,0.00,0.00
2015.01.30 13:52:06.310,12.64449,12.64792,0.00,0.00
2015.01.30 13:52:06.411,12.64467,12.64792,0.00,0.00
2015.01.30 13:52:06.837,12.6445,12.64792,0.00,0.00
2015.01.30 13:52:06.937,12.64448,12.64792,0.00,0.00
2015.01.30 13:52:07.088,12.64488,12.64801,0.00,0.00
2015.01.30 13:52:07.317,12.64488,12.64832,0.00,0.00
2015.01.30 13:52:07.636,12.64468,12.64791,0.00,0.00
2015.01.30 13:52:07.737,12.6445,12.64791,0.00,0.00
2015.01.30 13:52:07.888,12.64489,12.64811,0.00,0.00
2015.01.30 13:52:08.046,12.64489,12.64831,0.00,0.00
2015.01.30 13:52:08.097,12.64539,12.64841,0.00,0.00
2015.01.30 13:52:08.197,12.64489,12.64831,0.00,0.00
2015.01.30 13:52:08.526,12.64539,12.64841,0.00,0.00
2015.01.30 13:52:08.577,12.64539,12.64881,0.00,0.00
2015.01.30 13:52:08.678,12.64539,12.6486,0.00,0.00
2015.01.30 13:52:08.779,12.64539,12.64881,0.00,0.00
2015.01.30 13:52:09.182,12.64639,12.64891,0.00,0.00
2015.01.30 13:52:09.285,12.64639,12.64955,0.00,0.00
2015.01.30 13:52:09.386,12.64639,12.64981,0.00,0.00
2015.01.30 13:52:09.436,12.64623,12.64931,0.00,0.00
2015.01.30 13:52:09.537,12.64538,12.64882,0.00,0.00
2015.01.30 13:52:09.728,12.64588,12.64891,0.00,0.00
2015.01.30 13:52:09.779,12.64588,12.64905,0.00,0.00
2015.01.30 13:52:09.950,12.64588,12.64915,0.00,0.00
2015.01.30 13:52:10.056,12.64548,12.64881,0.00,0.00
2015.01.30 13:52:10.157,12.64582,12.64881,0.00,0.00
2015.01.30 13:52:10.208,12.64639,12.64951,0.00,0.00
2015.01.30 13:52:10.352,12.64639,12.64971,0.00,0.00
2015.01.30 13:52:10.553,12.64639,12.64981,0.00,0.00
2015.01.30 13:52:10.654,12.64688,12.64999,0.00,0.00
2015.01.30 13:52:10.755,12.64688,12.65001,0.00,0.00
2015.01.30 13:52:10.856,12.64688,12.65032,0.00,0.00
2015.01.30 13:52:10.956,12.64728,12.65036,0.00,0.00
2015.01.30 13:52:11.007,12.64728,12.65051,0.00,0.00
2015.01.30 13:52:11.057,12.64699,12.64981,0.00,0.00
2015.01.30 13:52:11.108,12.64641,12.64981,0.00,0.00
2015.01.30 13:52:11.503,12.64689,12.65006,0.00,0.00
2015.01.30 13:52:11.705,12.64737,12.65072,0.00,0.00
2015.01.30 13:52:11.806,12.64732,12.65051,0.00,0.00
2015.01.30 13:52:11.964,12.64732,12.65063,0.00,0.00
2015.01.30 13:52:12.494,12.64732,12.65066,0.00,0.00
2015.01.30 13:52:12.595,12.64754,12.65071,0.00,0.00
2015.01.30 13:52:13.288,12.64732,12.65056,0.00,0.00
2015.01.30 13:52:13.394,12.64732,12.65031,0.00,0.00
2015.01.30 13:52:13.646,12.64703,12.65031,0.00,0.00
2015.01.30 13:52:13.696,12.64728,12.65047,0.00,0.00
2015.01.30 13:52:14.019,12.64789,12.65111,0.00,0.00
2015.01.30 13:52:14.221,12.64789,12.65118,0.00,0.00
2015.01.30 13:52:14.424,12.64789,12.65122,0.00,0.00
2015.01.30 13:52:15.000,12.64799,12.65122,0.00,0.00
2015.01.30 13:52:15.202,12.64789,12.65122,0.00,0.00
2015.01.30 13:52:15.252,12.64781,12.65072,0.00,0.00
2015.01.30 13:52:15.706,12.64732,12.65067,0.00,0.00
2015.01.30 13:52:15.807,12.64744,12.65072,0.00,0.00
2015.01.30 13:52:17.014,12.64949,12.65086,0.00,0.00
2015.01.30 13:52:17.114,12.64952,12.65212,0.00,0.00
2015.01.30 13:52:17.165,12.64949,12.65212,0.00,0.00
2015.01.30 13:52:17.265,12.64988,12.65277,0.00,0.00
2015.01.30 13:52:17.316,12.64933,12.65242,0.00,0.00
2015.01.30 13:52:17.517,12.64931,12.65227,0.00,0.00
2015.01.30 13:52:18.335,12.64898,12.65227,0.00,0.00
2015.01.30 13:52:18.525,12.65038,12.65227,0.00,0.00
2015.01.30 13:52:18.626,12.65131,12.65342,0.00,0.00
2015.01.30 13:52:18.677,12.65138,12.65342,0.00,0.00
2015.01.30 13:52:18.727,12.65138,12.65411,0.00,0.00
2015.01.30 13:52:18.834,12.65138,12.65446,0.00,0.00
2015.01.30 13:52:18.938,12.65144,12.65482,0.00,0.00
2015.01.30 13:52:19.009,12.65148,12.65482,0.00,0.00
2015.01.30 13:52:20.157,12.65229,12.65482,0.00,0.00
2015.01.30 13:52:20.366,12.65288,12.65602,0.00,0.00
2015.01.30 13:52:20.416,12.65388,12.65602,0.00,0.00
2015.01.30 13:52:20.467,12.65388,12.65611,0.00,0.00
2015.01.30 13:52:20.519,12.65388,12.65698,0.00,0.00
2015.01.30 13:52:20.770,12.65482,12.65792,0.00,0.00
2015.01.30 13:52:20.971,12.65488,12.65842,0.00,0.00
2015.01.30 13:52:21.072,12.65412,12.65691,0.00,0.00
2015.01.30 13:52:21.122,12.65385,12.65691,0.00,0.00
2015.01.30 13:52:21.173,12.65259,12.65531,0.00,0.00
2015.01.30 13:52:21.223,12.65191,12.65531,0.00,0.00
2015.01.30 13:52:21.274,12.65179,12.65531,0.00,0.00
2015.01.30 13:52:21.425,12.65155,12.65482,0.00,0.00
2015.01.30 13:52:21.541,12.65228,12.65582,0.00,0.00
2015.01.30 13:52:21.689,12.65228,12.65544,0.00,0.00
2015.01.30 13:52:21.741,12.6513,12.65481,0.00,0.00
2015.01.30 13:52:22.056,12.65228,12.65544,0.00,0.00
2015.01.30 13:52:22.159,12.65179,12.65514,0.00,0.00
2015.01.30 13:52:22.259,12.65179,12.65531,0.00,0.00
2015.01.30 13:52:22.414,12.65141,12.65482,0.00,0.00
2015.01.30 13:52:22.515,12.65179,12.65531,0.00,0.00
2015.01.30 13:52:22.640,12.65181,12.65531,0.00,0.00
2015.01.30 13:52:22.741,12.6523,12.65582,0.00,0.00
2015.01.30 13:52:22.972,12.65279,12.65615,0.00,0.00
2015.01.30 13:52:23.286,12.65267,12.65582,0.00,0.00
2015.01.30 13:52:23.491,12.65278,12.65611,0.00,0.00
2015.01.30 13:52:23.592,12.65282,12.65626,0.00,0.00
2015.01.30 13:52:23.644,12.65307,12.65632,0.00,0.00
2015.01.30 13:52:23.998,12.65338,12.65651,0.00,0.00
2015.01.30 13:52:24.453,12.65338,12.65671,0.00,0.00
2015.01.30 13:52:24.589,12.65392,12.65736,0.00,0.00
2015.01.30 13:52:24.689,12.65423,12.65741,0.00,0.00
2015.01.30 13:52:24.892,12.65339,12.65676,0.00,0.00
2015.01.30 13:52:25.135,12.65332,12.65632,0.00,0.00
2015.01.30 13:52:25.598,12.65313,12.65581,0.00,0.00
2015.01.30 13:52:25.699,12.65272,12.65581,0.00,0.00
2015.01.30 13:52:26.197,12.65242,12.65581,0.00,0.00
2015.01.30 13:52:26.247,12.65242,12.65531,0.00,0.00
2015.01.30 13:52:26.298,12.65179,12.65516,0.00,0.00
2015.01.30 13:52:26.398,12.65223,12.65542,0.00,0.00
2015.01.30 13:52:26.709,12.65438,12.65735,0.00,0.00
2015.01.30 13:52:26.810,12.65473,12.65802,0.00,0.00
2015.01.30 13:52:26.975,12.65438,12.65781,0.00,0.00
2015.01.30 13:52:27.501,12.65457,12.65801,0.00,0.00
2015.01.30 13:52:28.319,12.65438,12.6576,0.00,0.00
2015.01.30 13:52:28.426,12.65438,12.65781,0.00,0.00
2015.01.30 13:52:28.755,12.65479,12.65781,0.00,0.00
2015.01.30 13:52:28.806,12.65479,12.65815,0.00,0.00
2015.01.30 13:52:28.867,12.65528,12.65815,0.00,0.00
2015.01.30 13:52:28.917,12.65558,12.65892,0.00,0.00
2015.01.30 13:52:29.101,12.65497,12.65841,0.00,0.00
2015.01.30 13:52:29.201,12.6553,12.65911,0.00,0.00
2015.01.30 13:52:29.302,12.65519,12.6585,0.00,0.00
2015.01.30 13:52:29.353,12.65508,12.6585,0.00,0.00
2015.01.30 13:52:29.403,12.65528,12.65861,0.00,0.00
2015.01.30 13:52:29.504,12.65507,12.65851,0.00,0.00
2015.01.30 13:52:29.746,12.65519,12.65851,0.00,0.00
2015.01.30 13:52:29.801,12.65528,12.6587,0.00,0.00
2015.01.30 13:52:30.023,12.65579,12.6587,0.00,0.00
2015.01.30 13:52:30.127,12.65613,12.65955,0.00,0.00
2015.01.30 13:52:30.236,12.65608,12.6595,0.00,0.00
2015.01.30 13:52:30.337,12.65627,12.65971,0.00,0.00
2015.01.30 13:52:30.640,12.65642,12.65986,0.00,0.00
2015.01.30 13:52:30.942,12.65692,12.66036,0.00,0.00
2015.01.30 13:52:31.244,12.65807,12.66151,0.00,0.00
2015.01.30 13:52:31.294,12.65818,12.66151,0.00,0.00
2015.01.30 13:52:31.345,12.65837,12.66181,0.00,0.00
2015.01.30 13:52:31.395,12.65837,12.66181,0.00,0.00
2015.01.30 13:52:31.881,12.65857,12.66201,0.00,0.00
2015.01.30 13:52:31.931,12.65838,12.6618,0.00,0.00
2015.01.30 13:52:32.032,12.65829,12.66152,0.00,0.00
2015.01.30 13:52:32.436,12.6578,12.66151,0.00,0.00
2015.01.30 13:52:32.536,12.65819,12.66208,0.00,0.00
2015.01.30 13:52:32.637,12.65807,12.66142,0.00,0.00
2015.01.30 13:52:32.860,12.65822,12.66142,0.00,0.00
2015.01.30 13:52:32.961,12.65802,12.66142,0.00,0.00
2015.01.30 13:52:33.064,12.65822,12.66142,0.00,0.00
2015.01.30 13:52:33.269,12.65807,12.66141,0.00,0.00
2015.01.30 13:52:33.624,12.65828,12.66151,0.00,0.00
2015.01.30 13:52:33.937,12.65833,12.66175,0.00,0.00
2015.01.30 13:52:34.039,12.65828,12.66161,0.00,0.00
2015.01.30 13:52:34.191,12.65797,12.66081,0.00,0.00
2015.01.30 13:52:34.242,12.65782,12.66081,0.00,0.00
2015.01.30 13:52:34.966,12.65782,12.66126,0.00,0.00
2015.01.30 13:52:35.070,12.65782,12.66101,0.00,0.00
2015.01.30 13:52:35.378,12.65889,12.66188,0.00,0.00
2015.01.30 13:52:35.796,12.65878,12.66191,0.00,0.00
2015.01.30 13:52:35.847,12.65833,12.66177,0.00,0.00
2015.01.30 13:52:36.251,12.65853,12.66191,0.00,0.00
2015.01.30 13:52:36.352,12.65837,12.66181,0.00,0.00
2015.01.30 13:52:36.452,12.65829,12.66166,0.00,0.00
2015.01.30 13:52:36.503,12.65824,12.66142,0.00,0.00
2015.01.30 13:52:36.744,12.65838,12.66142,0.00,0.00
2015.01.30 13:52:36.845,12.65824,12.66142,0.00,0.00
2015.01.30 13:52:37.157,12.65837,12.66142,0.00,0.00
2015.01.30 13:52:37.258,12.65824,12.66142,0.00,0.00
2015.01.30 13:52:37.586,12.65804,12.66101,0.00,0.00
2015.01.30 13:52:37.787,12.65724,12.66042,0.00,0.00
2015.01.30 13:52:38.122,12.65724,12.66066,0.00,0.00
2015.01.30 13:52:38.173,12.65718,12.66026,0.00,0.00
2015.01.30 13:52:38.362,12.65678,12.66006,0.00,0.00
2015.01.30 13:52:38.463,12.65664,12.65992,0.00,0.00
2015.01.30 13:52:38.877,12.65644,12.65986,0.00,0.00
2015.01.30 13:52:39.016,12.65644,12.65942,0.00,0.00
2015.01.30 13:52:39.066,12.65623,12.65942,0.00,0.00
2015.01.30 13:52:39.117,12.65628,12.65967,0.00,0.00
2015.01.30 13:52:39.217,12.65643,12.65942,0.00,0.00
2015.01.30 13:52:39.392,12.65608,12.65942,0.00,0.00
2015.01.30 13:52:39.560,12.65628,12.65972,0.00,0.00
2015.01.30 13:52:39.660,12.65646,12.65941,0.00,0.00
2015.01.30 13:52:39.761,12.65623,12.65941,0.00,0.00
2015.01.30 13:52:39.862,12.65609,12.65941,0.00,0.00
2015.01.30 13:52:40.053,12.65612,12.65941,0.00,0.00
2015.01.30 13:52:40.154,12.65661,12.65991,0.00,0.00
2015.01.30 13:52:40.576,12.65675,12.65991,0.00,0.00
2015.01.30 13:52:40.899,12.65697,12.65991,0.00,0.00
2015.01.30 13:52:40.999,12.65683,12.65991,0.00,0.00
2015.01.30 13:52:41.100,12.65698,12.65991,0.00,0.00
2015.01.30 13:52:41.539,12.65698,12.66042,0.00,0.00
2015.01.30 13:52:41.590,12.65678,12.66017,0.00,0.00
2015.01.30 13:52:41.699,12.657,12.66042,0.00,0.00
2015.01.30 13:52:41.750,12.65719,12.66044,0.00,0.00
2015.01.30 13:52:42.006,12.65709,12.66042,0.00,0.00
2015.01.30 13:52:42.062,12.65692,12.66034,0.00,0.00
2015.01.30 13:52:42.213,12.6573,12.66067,0.00,0.00
2015.01.30 13:52:42.526,12.65747,12.66081,0.00,0.00
2015.01.30 13:52:42.834,12.6576,12.66081,0.00,0.00
2015.01.30 13:52:42.968,12.65745,12.66081,0.00,0.00
2015.01.30 13:52:43.138,12.65733,12.66077,0.00,0.00
2015.01.30 13:52:43.189,12.65729,12.66032,0.00,0.00
2015.01.30 13:52:43.240,12.65688,12.66032,0.00,0.00
2015.01.30 13:52:43.290,12.65658,12.65991,0.00,0.00
2015.01.30 13:52:43.621,12.65938,12.66147,0.00,0.00
2015.01.30 13:52:43.722,12.65889,12.66212,0.00,0.00
2015.01.30 13:52:44.683,12.65889,12.66192,0.00,0.00
2015.01.30 13:52:44.834,12.65888,12.66208,0.00,0.00
2015.01.30 13:52:44.886,12.65898,12.6624,0.00,0.00
2015.01.30 13:52:44.989,12.65928,12.66252,0.00,0.00
2015.01.30 13:52:45.172,12.65938,12.6627,0.00,0.00
2015.01.30 13:52:45.222,12.65938,12.66252,0.00,0.00
2015.01.30 13:52:45.273,12.65908,12.66252,0.00,0.00
2015.01.30 13:52:45.695,12.65908,12.66192,0.00,0.00
2015.01.30 13:52:45.796,12.65828,12.66152,0.00,0.00
2015.01.30 13:52:45.896,12.65808,12.66141,0.00,0.00
2015.01.30 13:52:46.166,12.65808,12.66081,0.00,0.00
2015.01.30 13:52:46.322,12.65785,12.66081,0.00,0.00
2015.01.30 13:52:46.822,12.65725,12.66042,0.00,0.00
2015.01.30 13:52:46.923,12.6571,12.66042,0.00,0.00
2015.01.30 13:52:47.090,12.6573,12.66042,0.00,0.00
2015.01.30 13:52:47.190,12.65709,12.66042,0.00,0.00
2015.01.30 13:52:47.241,12.65718,12.66053,0.00,0.00
2015.01.30 13:52:47.293,12.65729,12.66053,0.00,0.00
2015.01.30 13:52:47.602,12.65774,12.66082,0.00,0.00
2015.01.30 13:52:47.995,12.65764,12.66082,0.00,0.00
2015.01.30 13:52:48.096,12.65795,12.66082,0.00,0.00
2015.01.30 13:52:48.297,12.65781,12.66082,0.00,0.00
2015.01.30 13:52:48.398,12.65775,12.66082,0.00,0.00
2015.01.30 13:52:48.449,12.65829,12.66117,0.00,0.00
2015.01.30 13:52:48.499,12.65829,12.66161,0.00,0.00
2015.01.30 13:52:48.616,12.65861,12.66191,0.00,0.00
2015.01.30 13:52:48.827,12.65844,12.66186,0.00,0.00
2015.01.30 13:52:48.928,12.65829,12.66162,0.00,0.00
2015.01.30 13:52:49.246,12.6582,12.65991,0.00,0.00
2015.01.30 13:52:49.347,12.65677,12.65991,0.00,0.00
2015.01.30 13:52:49.403,12.65667,12.65991,0.00,0.00
2015.01.30 13:52:49.504,12.65654,12.65991,0.00,0.00
2015.01.30 13:52:49.753,12.65629,12.65972,0.00,0.00
2015.01.30 13:52:50.008,12.65664,12.65991,0.00,0.00
2015.01.30 13:52:50.313,12.65683,12.66027,0.00,0.00
2015.01.30 13:52:50.364,12.65718,12.66027,0.00,0.00
2015.01.30 13:52:50.414,12.65719,12.66061,0.00,0.00
2015.01.30 13:52:50.465,12.65719,12.66041,0.00,0.00
2015.01.30 13:52:50.565,12.65719,12.66061,0.00,0.00
2015.01.30 13:52:50.785,12.65719,12.66042,0.00,0.00
2015.01.30 13:52:50.987,12.65719,12.66061,0.00,0.00
2015.01.30 13:52:51.113,12.65829,12.66117,0.00,0.00
2015.01.30 13:52:51.239,12.65849,12.66191,0.00,0.00
2015.01.30 13:52:51.340,12.65849,12.66142,0.00,0.00
2015.01.30 13:52:51.440,12.65828,12.66161,0.00,0.00
2015.01.30 13:52:51.541,12.65819,12.66142,0.00,0.00
2015.01.30 13:52:51.642,12.65828,12.66161,0.00,0.00
2015.01.30 13:52:51.748,12.65829,12.66171,0.00,0.00
2015.01.30 13:52:53.264,12.65879,12.66192,0.00,0.00
2015.01.30 13:52:53.415,12.65889,12.66221,0.00,0.00
2015.01.30 13:52:53.466,12.65889,12.66207,0.00,0.00
2015.01.30 13:52:53.516,12.65862,12.66191,0.00,0.00
2015.01.30 13:52:53.567,12.65829,12.66191,0.00,0.00
2015.01.30 13:52:53.625,12.65829,12.66172,0.00,0.00
2015.01.30 13:52:53.970,12.65783,12.66142,0.00,0.00
2015.01.30 13:52:54.071,12.65829,12.66191,0.00,0.00
2015.01.30 13:52:54.526,12.65824,12.66142,0.00,0.00
2015.01.30 13:52:54.727,12.65808,12.66142,0.00,0.00
2015.01.30 13:52:54.828,12.65828,12.66177,0.00,0.00
2015.01.30 13:52:54.878,12.65828,12.66156,0.00,0.00
2015.01.30 13:52:54.979,12.65833,12.66192,0.00,0.00
2015.01.30 13:52:55.029,12.65929,12.66192,0.00,0.00
2015.01.30 13:52:55.080,12.65938,12.66252,0.00,0.00
2015.01.30 13:52:55.181,12.65929,12.66251,0.00,0.00
2015.01.30 13:52:55.281,12.65879,12.66192,0.00,0.00
2015.01.30 13:52:55.332,12.65844,12.66192,0.00,0.00
2015.01.30 13:52:55.432,12.6583,12.66192,0.00,0.00
2015.01.30 13:52:55.937,12.65829,12.66192,0.00,0.00
2015.01.30 13:52:55.988,12.65829,12.66181,0.00,0.00
2015.01.30 13:52:56.325,12.6583,12.66141,0.00,0.00
2015.01.30 13:52:56.376,12.6583,12.66177,0.00,0.00
2015.01.30 13:52:56.476,12.6583,12.66173,0.00,0.00
2015.01.30 13:52:56.795,12.65829,12.66139,0.00,0.00
2015.01.30 13:52:56.896,12.65829,12.66168,0.00,0.00
2015.01.30 13:52:56.946,12.6583,12.66141,0.00,0.00
2015.01.30 13:52:57.047,12.65781,12.6614,0.00,0.00
2015.01.30 13:52:57.097,12.65791,12.66141,0.00,0.00
2015.01.30 13:52:57.666,12.65779,12.66115,0.00,0.00
2015.01.30 13:52:58.378,12.65746,12.66082,0.00,0.00
2015.01.30 13:52:58.670,12.65734,12.66081,0.00,0.00
2015.01.30 13:52:58.960,12.6573,12.66074,0.00,0.00
2015.01.30 13:52:59.161,12.65733,12.66081,0.00,0.00
2015.01.30 13:52:59.262,12.65719,12.66039,0.00,0.00
2015.01.30 13:52:59.696,12.65719,12.66076,0.00,0.00
2015.01.30 13:52:59.747,12.65729,12.66076,0.00,0.00
2015.01.30 13:53:00.078,12.65719,12.66016,0.00,0.00
2015.01.30 13:53:00.128,12.65691,12.66016,0.00,0.00
2015.01.30 13:53:00.229,12.65678,12.66016,0.00,0.00
2015.01.30 13:53:00.380,12.65678,12.66038,0.00,0.00
2015.01.30 13:53:00.436,12.65728,12.66038,0.00,0.00
2015.01.30 13:53:00.487,12.65728,12.66051,0.00,0.00
2015.01.30 13:53:01.004,12.65682,12.65892,0.00,0.00
2015.01.30 13:53:01.054,12.6568,12.65892,0.00,0.00
2015.01.30 13:53:01.105,12.65588,12.6593,0.00,0.00
2015.01.30 13:53:01.206,12.65588,12.65915,0.00,0.00
2015.01.30 13:53:01.256,12.65546,12.65891,0.00,0.00
2015.01.30 13:53:01.307,12.65569,12.65835,0.00,0.00
2015.01.30 13:53:01.407,12.65529,12.65835,0.00,0.00
2015.01.30 13:53:01.619,12.6553,12.65855,0.00,0.00
2015.01.30 13:53:01.825,12.65529,12.65891,0.00,0.00
2015.01.30 13:53:01.926,12.65529,12.6588,0.00,0.00
2015.01.30 13:53:02.178,12.65529,12.65882,0.00,0.00
2015.01.30 13:53:02.278,12.65529,12.6586,0.00,0.00
2015.01.30 13:53:02.907,12.65478,12.6574,0.00,0.00
2015.01.30 13:53:03.108,12.6533,12.65691,0.00,0.00
2015.01.30 13:53:03.159,12.65339,12.65691,0.00,0.00
2015.01.30 13:53:03.787,12.65329,12.65691,0.00,0.00
2015.01.30 13:53:03.837,12.65329,12.65673,0.00,0.00
2015.01.30 13:53:04.090,12.65329,12.65689,0.00,0.00
2015.01.30 13:53:04.190,12.6533,12.65673,0.00,0.00
2015.01.30 13:53:04.592,12.6533,12.65691,0.00,0.00
2015.01.30 13:53:05.094,12.6533,12.65686,0.00,0.00
2015.01.30 13:53:05.396,12.6533,12.65635,0.00,0.00
2015.01.30 13:53:05.640,12.65329,12.65652,0.00,0.00
2015.01.30 13:53:05.798,12.65329,12.65627,0.00,0.00
2015.01.30 13:53:05.899,12.65239,12.65582,0.00,0.00
2015.01.30 13:53:06.000,12.65239,12.65579,0.00,0.00
2015.01.30 13:53:06.530,12.65239,12.65581,0.00,0.00
2015.01.30 13:53:06.631,12.65242,12.65581,0.00,0.00
2015.01.30 13:53:06.731,12.65239,12.65581,0.00,0.00
2015.01.30 13:53:06.832,12.65239,12.65579,0.00,0.00
2015.01.30 13:53:06.883,12.6523,12.65579,0.00,0.00
2015.01.30 13:53:07.237,12.65238,12.65581,0.00,0.00
2015.01.30 13:53:07.570,12.65229,12.65564,0.00,0.00
2015.01.30 13:53:07.621,12.65229,12.65579,0.00,0.00
2015.01.30 13:53:07.750,12.65229,12.65565,0.00,0.00
2015.01.30 13:53:08.057,12.6523,12.65491,0.00,0.00
2015.01.30 13:53:08.160,12.6523,12.65582,0.00,0.00
2015.01.30 13:53:08.776,12.65229,12.65582,0.00,0.00
2015.01.30 13:53:09.216,12.65231,12.65582,0.00,0.00
2015.01.30 13:53:09.518,12.65219,12.65541,0.00,0.00
2015.01.30 13:53:09.568,12.65139,12.65492,0.00,0.00
2015.01.30 13:53:09.619,12.65148,12.65492,0.00,0.00
2015.01.30 13:53:09.921,12.65166,12.65492,0.00,0.00
2015.01.30 13:53:09.971,12.6514,12.65492,0.00,0.00
2015.01.30 13:53:10.172,12.65131,12.65492,0.00,0.00
2015.01.30 13:53:10.323,12.6513,12.65482,0.00,0.00
2015.01.30 13:53:10.530,12.6513,12.65492,0.00,0.00
2015.01.30 13:53:10.736,12.65129,12.65483,0.00,0.00
2015.01.30 13:53:11.146,12.6513,12.65492,0.00,0.00
2015.01.30 13:53:11.721,12.65209,12.65492,0.00,0.00
2015.01.30 13:53:11.922,12.65278,12.6561,0.00,0.00
2015.01.30 13:53:12.022,12.65288,12.65642,0.00,0.00
2015.01.30 13:53:12.073,12.65278,12.65615,0.00,0.00
2015.01.30 13:53:12.282,12.65278,12.65642,0.00,0.00
2015.01.30 13:53:12.332,12.65275,12.65582,0.00,0.00
2015.01.30 13:53:12.383,12.65272,12.65582,0.00,0.00
2015.01.30 13:53:12.484,12.6527,12.65582,0.00,0.00
2015.01.30 13:53:12.585,12.65278,12.6559,0.00,0.00
2015.01.30 13:53:12.685,12.65279,12.65635,0.00,0.00
2015.01.30 13:53:12.737,12.65279,12.65614,0.00,0.00
2015.01.30 13:53:12.940,12.6524,12.65581,0.00,0.00
2015.01.30 13:53:13.138,12.65239,12.65567,0.00,0.00
2015.01.30 13:53:13.339,12.65219,12.65562,0.00,0.00
2015.01.30 13:53:13.389,12.65229,12.65562,0.00,0.00
2015.01.30 13:53:13.439,12.65229,12.65576,0.00,0.00
2015.01.30 13:53:13.540,12.65241,12.65581,0.00,0.00
2015.01.30 13:53:13.885,12.65438,12.65638,0.00,0.00
2015.01.30 13:53:13.986,12.65388,12.65674,0.00,0.00
2015.01.30 13:53:14.040,12.65388,12.65646,0.00,0.00
2015.01.30 13:53:14.091,12.65361,12.65646,0.00,0.00
2015.01.30 13:53:14.142,12.65329,12.6565,0.00,0.00
2015.01.30 13:53:14.192,12.65329,12.65582,0.00,0.00
2015.01.30 13:53:14.293,12.65251,12.65582,0.00,0.00
2015.01.30 13:53:14.393,12.65279,12.65582,0.00,0.00
2015.01.30 13:53:14.444,12.65279,12.6559,0.00,0.00
2015.01.30 13:53:14.655,12.6528,12.65638,0.00,0.00
2015.01.30 13:53:14.842,12.65279,12.65621,0.00,0.00
2015.01.30 13:53:14.943,12.6528,12.65638,0.00,0.00
2015.01.30 13:53:15.143,12.65279,12.65622,0.00,0.00
2015.01.30 13:53:16.580,12.65279,12.65634,0.00,0.00
2015.01.30 13:53:16.950,12.65279,12.65621,0.00,0.00
2015.01.30 13:53:17.350,12.65279,12.65641,0.00,0.00
2015.01.30 13:53:17.611,12.65368,12.65642,0.00,0.00
2015.01.30 13:53:17.662,12.65368,12.6566,0.00,0.00
2015.01.30 13:53:17.712,12.65438,12.6566,0.00,0.00
2015.01.30 13:53:17.763,12.65438,12.65681,0.00,0.00
2015.01.30 13:53:17.863,12.65439,12.65757,0.00,0.00
2015.01.30 13:53:17.964,12.65439,12.6574,0.00,0.00
2015.01.30 13:53:18.065,12.65439,12.6579,0.00,0.00
2015.01.30 13:53:18.144,12.65429,12.65752,0.00,0.00
2015.01.30 13:53:18.195,12.65423,12.65752,0.00,0.00
2015.01.30 13:53:18.296,12.65388,12.65714,0.00,0.00
2015.01.30 13:53:18.601,12.65439,12.65714,0.00,0.00
2015.01.30 13:53:18.702,12.65439,12.65738,0.00,0.00
2015.01.30 13:53:18.930,12.6543,12.65738,0.00,0.00
2015.01.30 13:53:18.981,12.6543,12.65724,0.00,0.00
2015.01.30 13:53:19.031,12.65388,12.65724,0.00,0.00
2015.01.30 13:53:19.182,12.65369,12.65692,0.00,0.00
2015.01.30 13:53:19.233,12.65339,12.65692,0.00,0.00
2015.01.30 13:53:19.283,12.65388,12.65689,0.00,0.00
2015.01.30 13:53:19.384,12.65388,12.65707,0.00,0.00
2015.01.30 13:53:19.434,12.6539,12.65707,0.00,0.00
2015.01.30 13:53:19.485,12.6539,12.65715,0.00,0.00
2015.01.30 13:53:19.796,12.65439,12.65715,0.00,0.00
2015.01.30 13:53:19.896,12.65439,12.65787,0.00,0.00
2015.01.30 13:53:19.947,12.65479,12.65787,0.00,0.00
2015.01.30 13:53:20.274,12.6543,12.65725,0.00,0.00
2015.01.30 13:53:20.326,12.65388,12.65725,0.00,0.00
2015.01.30 13:53:20.567,12.65388,12.6569,0.00,0.00
2015.01.30 13:53:20.789,12.6537,12.6569,0.00,0.00
2015.01.30 13:53:20.890,12.65329,12.6559,0.00,0.00
2015.01.30 13:53:20.941,12.65278,12.6559,0.00,0.00
2015.01.30 13:53:21.407,12.65278,12.6562,0.00,0.00
2015.01.30 13:53:21.676,12.65284,12.65642,0.00,0.00
2015.01.30 13:53:21.778,12.65329,12.65669,0.00,0.00
2015.01.30 13:53:21.879,12.6533,12.65683,0.00,0.00
2015.01.30 13:53:22.066,12.65338,12.65691,0.00,0.00
2015.01.30 13:53:22.386,12.65329,12.65664,0.00,0.00
2015.01.30 13:53:22.538,12.65278,12.65632,0.00,0.00
2015.01.30 13:53:22.588,12.65329,12.65632,0.00,0.00
2015.01.30 13:53:22.767,12.65329,12.65663,0.00,0.00
2015.01.30 13:53:22.884,12.65329,12.65631,0.00,0.00
2015.01.30 13:53:23.125,12.65279,12.65631,0.00,0.00
2015.01.30 13:53:23.315,12.65269,12.65582,0.00,0.00
2015.01.30 13:53:23.569,12.65278,12.6561,0.00,0.00
2015.01.30 13:53:23.784,12.65269,12.65581,0.00,0.00
2015.01.30 13:53:23.835,12.65265,12.65581,0.00,0.00
2015.01.30 13:53:23.935,12.6524,12.65581,0.00,0.00
2015.01.30 13:53:24.446,12.65239,12.65581,0.00,0.00
2015.01.30 13:53:24.496,12.65251,12.65581,0.00,0.00
2015.01.30 13:53:24.603,12.65239,12.65581,0.00,0.00
2015.01.30 13:53:24.654,12.65229,12.65581,0.00,0.00
2015.01.30 13:53:24.805,12.65236,12.65581,0.00,0.00
2015.01.30 13:53:25.009,12.65229,12.65577,0.00,0.00
2015.01.30 13:53:25.110,12.65229,12.65564,0.00,0.00
2015.01.30 13:53:26.017,12.65229,12.65577,0.00,0.00
2015.01.30 13:53:26.778,12.65229,12.65564,0.00,0.00
2015.01.30 13:53:27.521,12.6523,12.65564,0.00,0.00
2015.01.30 13:53:27.831,12.65269,12.65564,0.00,0.00
2015.01.30 13:53:27.881,12.65269,12.65581,0.00,0.00
2015.01.30 13:53:27.932,12.65279,12.65581,0.00,0.00
2015.01.30 13:53:27.982,12.65279,12.656,0.00,0.00
2015.01.30 13:53:28.083,12.65279,12.65624,0.00,0.00
2015.01.30 13:53:28.184,12.65239,12.65582,0.00,0.00
2015.01.30 13:53:28.507,12.6528,12.65623,0.00,0.00
2015.01.30 13:53:28.858,12.6527,12.65582,0.00,0.00
2015.01.30 13:53:29.114,12.65278,12.65615,0.00,0.00
2015.01.30 13:53:29.498,12.65289,12.65615,0.00,0.00
2015.01.30 13:53:30.024,12.6528,12.65615,0.00,0.00
2015.01.30 13:53:30.392,12.65278,12.65615,0.00,0.00
2015.01.30 13:53:32.507,12.65309,12.65632,0.00,0.00
2015.01.30 13:53:33.259,12.65309,12.65582,0.00,0.00
2015.01.30 13:53:33.359,12.65278,12.65627,0.00,0.00
2015.01.30 13:53:33.460,12.65278,12.65632,0.00,0.00
2015.01.30 13:53:33.561,12.65309,12.65632,0.00,0.00
2015.01.30 13:53:34.562,12.65286,12.65531,0.00,0.00
2015.01.30 13:53:34.664,12.65174,12.65481,0.00,0.00
2015.01.30 13:53:35.034,12.65159,12.65481,0.00,0.00
2015.01.30 13:53:35.222,12.65149,12.65481,0.00,0.00
2015.01.30 13:53:35.769,12.65129,12.65481,0.00,0.00
2015.01.30 13:53:35.900,12.65129,12.65441,0.00,0.00
2015.01.30 13:53:35.950,12.65119,12.65441,0.00,0.00
2015.01.30 13:53:36.001,12.65109,12.65392,0.00,0.00
2015.01.30 13:53:36.051,12.65089,12.65392,0.00,0.00
2015.01.30 13:53:36.102,12.65089,12.65442,0.00,0.00
2015.01.30 13:53:36.152,12.65109,12.65442,0.00,0.00
2015.01.30 13:53:36.253,12.65088,12.65442,0.00,0.00
2015.01.30 13:53:36.354,12.65109,12.65442,0.00,0.00
2015.01.30 13:53:36.455,12.65128,12.65478,0.00,0.00
2015.01.30 13:53:36.505,12.6513,12.65478,0.00,0.00
2015.01.30 13:53:36.877,12.65109,12.65441,0.00,0.00
2015.01.30 13:53:37.314,12.65109,12.65392,0.00,0.00
2015.01.30 13:53:37.365,12.65084,12.65392,0.00,0.00
2015.01.30 13:53:37.845,12.65059,12.65392,0.00,0.00
2015.01.30 13:53:38.134,12.65044,12.65392,0.00,0.00
2015.01.30 13:53:38.438,12.65038,12.65392,0.00,0.00
2015.01.30 13:53:39.201,12.6503,12.65341,0.00,0.00
2015.01.30 13:53:39.252,12.6501,12.65341,0.00,0.00
2015.01.30 13:53:39.403,12.6501,12.65292,0.00,0.00
2015.01.30 13:53:39.453,12.64985,12.65292,0.00,0.00
2015.01.30 13:53:39.554,12.65009,12.65342,0.00,0.00
2015.01.30 13:53:39.758,12.64988,12.65342,0.00,0.00
2015.01.30 13:53:39.859,12.64984,12.65291,0.00,0.00
2015.01.30 13:53:40.146,12.64959,12.65291,0.00,0.00
2015.01.30 13:53:41.255,12.64939,12.65258,0.00,0.00
2015.01.30 13:53:41.406,12.64888,12.65228,0.00,0.00
2015.01.30 13:53:41.456,12.64905,12.6521,0.00,0.00
2015.01.30 13:53:41.762,12.64952,12.65242,0.00,0.00
2015.01.30 13:53:41.812,12.64952,12.6526,0.00,0.00
2015.01.30 13:53:42.024,12.64945,12.65242,0.00,0.00
2015.01.30 13:53:42.125,12.64945,12.6528,0.00,0.00
2015.01.30 13:53:42.234,12.64945,12.65242,0.00,0.00
2015.01.30 13:53:43.254,12.64945,12.6528,0.00,0.00
2015.01.30 13:53:43.304,12.64938,12.65263,0.00,0.00
2015.01.30 13:53:43.405,12.64894,12.65238,0.00,0.00
2015.01.30 13:53:43.455,12.64894,12.65191,0.00,0.00
2015.01.30 13:53:43.791,12.64845,12.65132,0.00,0.00
2015.01.30 13:53:43.892,12.64845,12.6516,0.00,0.00
2015.01.30 13:53:44.104,12.64845,12.65132,0.00,0.00
2015.01.30 13:53:44.681,12.64845,12.65161,0.00,0.00
2015.01.30 13:53:44.782,12.64845,12.65187,0.00,0.00
2015.01.30 13:53:44.882,12.64845,12.65161,0.00,0.00
2015.01.30 13:53:45.212,12.64845,12.65082,0.00,0.00
2015.01.30 13:53:45.363,12.64845,12.65131,0.00,0.00
2015.01.30 13:53:45.534,12.64845,12.6516,0.00,0.00
2015.01.30 13:53:45.635,12.64838,12.65149,0.00,0.00
2015.01.30 13:53:45.951,12.64882,12.65192,0.00,0.00
2015.01.30 13:53:46.002,12.64812,12.65132,0.00,0.00
2015.01.30 13:53:46.332,12.64825,12.65132,0.00,0.00
2015.01.30 13:53:46.545,12.64811,12.65132,0.00,0.00
2015.01.30 13:53:46.855,12.64811,12.65082,0.00,0.00
2015.01.30 13:53:46.905,12.64778,12.65082,0.00,0.00
2015.01.30 13:53:47.240,12.64786,12.65082,0.00,0.00
2015.01.30 13:53:47.341,12.64769,12.65082,0.00,0.00
2015.01.30 13:53:47.543,12.64739,12.64982,0.00,0.00
2015.01.30 13:53:47.643,12.64651,12.64981,0.00,0.00
2015.01.30 13:53:47.879,12.64651,12.64941,0.00,0.00
2015.01.30 13:53:47.930,12.64643,12.64941,0.00,0.00
2015.01.30 13:53:48.031,12.64629,12.64967,0.00,0.00
2015.01.30 13:53:48.131,12.64629,12.64955,0.00,0.00
2015.01.30 13:53:48.182,12.64613,12.64942,0.00,0.00
2015.01.30 13:53:48.424,12.64626,12.64892,0.00,0.00
2015.01.30 13:53:48.524,12.64606,12.64892,0.00,0.00
2015.01.30 13:53:48.625,12.64606,12.64942,0.00,0.00
2015.01.30 13:53:48.726,12.64624,12.64942,0.00,0.00
2015.01.30 13:53:48.910,12.64608,12.64942,0.00,0.00
2015.01.30 13:53:49.054,12.64628,12.64952,0.00,0.00
2015.01.30 13:53:49.111,12.64644,12.64981,0.00,0.00
2015.01.30 13:53:49.211,12.6468,12.64982,0.00,0.00
2015.01.30 13:53:49.617,12.64657,12.64982,0.00,0.00
2015.01.30 13:53:49.721,12.64681,12.64982,0.00,0.00
2015.01.30 13:53:50.034,12.64674,12.64982,0.00,0.00
2015.01.30 13:53:50.137,12.64689,12.64982,0.00,0.00
2015.01.30 13:53:50.444,12.64669,12.64982,0.00,0.00
2015.01.30 13:53:50.547,12.64655,12.64982,0.00,0.00
2015.01.30 13:53:50.648,12.64638,12.64982,0.00,0.00
2015.01.30 13:53:51.163,12.6462,12.64941,0.00,0.00
2015.01.30 13:53:51.369,12.64628,12.64962,0.00,0.00
2015.01.30 13:53:51.520,12.6462,12.64942,0.00,0.00
2015.01.30 13:53:52.032,12.64633,12.64942,0.00,0.00
2015.01.30 13:53:52.602,12.64633,12.64977,0.00,0.00
2015.01.30 13:53:52.653,12.64749,12.64982,0.00,0.00
2015.01.30 13:53:52.703,12.64749,12.65011,0.00,0.00
2015.01.30 13:53:52.754,12.64808,12.65011,0.00,0.00
2015.01.30 13:53:52.804,12.64838,12.6515,0.00,0.00
2015.01.30 13:53:52.854,12.64847,12.6515,0.00,0.00
2015.01.30 13:53:52.905,12.64847,12.65191,0.00,0.00
2015.01.30 13:53:52.955,12.64873,12.65192,0.00,0.00
2015.01.30 13:53:53.290,12.64879,12.65192,0.00,0.00
2015.01.30 13:53:53.542,12.64843,12.65187,0.00,0.00
2015.01.30 13:53:53.643,12.64838,12.65176,0.00,0.00
2015.01.30 13:53:54.044,12.64805,12.65131,0.00,0.00
2015.01.30 13:53:54.443,12.64805,12.65081,0.00,0.00
2015.01.30 13:53:54.494,12.64793,12.65081,0.00,0.00
2015.01.30 13:53:54.544,12.64819,12.65081,0.00,0.00
2015.01.30 13:53:54.645,12.64782,12.65082,0.00,0.00
2015.01.30 13:53:54.748,12.64808,12.65082,0.00,0.00
2015.01.30 13:53:54.950,12.64781,12.65082,0.00,0.00
2015.01.30 13:53:55.068,12.64759,12.65082,0.00,0.00
2015.01.30 13:53:55.293,12.64784,12.65082,0.00,0.00
2015.01.30 13:53:56.262,12.64759,12.65082,0.00,0.00
2015.01.30 13:53:56.667,12.64777,12.65082,0.00,0.00
2015.01.30 13:53:56.790,12.64761,12.65082,0.00,0.00
2015.01.30 13:53:56.991,12.64776,12.65082,0.00,0.00
2015.01.30 13:53:57.091,12.64808,12.65131,0.00,0.00
2015.01.30 13:53:57.293,12.64833,12.65132,0.00,0.00
2015.01.30 13:53:57.394,12.64819,12.65132,0.00,0.00
2015.01.30 13:53:57.494,12.64833,12.65132,0.00,0.00
2015.01.30 13:53:58.231,12.64818,12.65082,0.00,0.00
2015.01.30 13:53:58.332,12.64739,12.65031,0.00,0.00
2015.01.30 13:53:58.383,12.64708,12.65031,0.00,0.00
2015.01.30 13:53:58.433,12.64734,12.65031,0.00,0.00
2015.01.30 13:53:59.517,12.64734,12.65032,0.00,0.00
2015.01.30 13:53:59.720,12.64698,12.65032,0.00,0.00
2015.01.30 13:53:59.899,12.64684,12.65028,0.00,0.00
2015.01.30 13:53:59.949,12.64684,12.64981,0.00,0.00
2015.01.30 13:54:00.151,12.64669,12.64981,0.00,0.00
2015.01.30 13:54:00.603,12.64714,12.64981,0.00,0.00
2015.01.30 13:54:00.653,12.64714,12.65032,0.00,0.00
2015.01.30 13:54:00.704,12.64699,12.65032,0.00,0.00
2015.01.30 13:54:00.754,12.64699,12.64982,0.00,0.00
2015.01.30 13:54:00.805,12.64678,12.64982,0.00,0.00
2015.01.30 13:54:00.906,12.64698,12.64982,0.00,0.00
2015.01.30 13:54:01.410,12.64651,12.64982,0.00,0.00
2015.01.30 13:54:01.562,12.64641,12.64982,0.00,0.00
2015.01.30 13:54:01.845,12.64661,12.64982,0.00,0.00
2015.01.30 13:54:01.922,12.64642,12.64982,0.00,0.00
2015.01.30 13:54:02.023,12.64628,12.64967,0.00,0.00
2015.01.30 13:54:02.354,12.6463,12.64942,0.00,0.00
2015.01.30 13:54:02.404,12.6463,12.64972,0.00,0.00
2015.01.30 13:54:02.555,12.64663,12.64982,0.00,0.00
2015.01.30 13:54:03.061,12.64632,12.64974,0.00,0.00
2015.01.30 13:54:03.329,12.64628,12.64963,0.00,0.00
2015.01.30 13:54:03.686,12.64621,12.64941,0.00,0.00
2015.01.30 13:54:04.006,12.6468,12.64941,0.00,0.00
2015.01.30 13:54:04.057,12.6471,12.64981,0.00,0.00
2015.01.30 13:54:04.158,12.64718,12.65032,0.00,0.00
2015.01.30 13:54:04.258,12.64742,12.65082,0.00,0.00
2015.01.30 13:54:04.336,12.64728,12.65053,0.00,0.00
2015.01.30 13:54:04.713,12.64698,12.64982,0.00,0.00
2015.01.30 13:54:04.814,12.64698,12.65031,0.00,0.00
2015.01.30 13:54:04.915,12.64729,12.65041,0.00,0.00
2015.01.30 13:54:04.966,12.64729,12.65052,0.00,0.00
2015.01.30 13:54:05.072,12.64737,12.65081,0.00,0.00
2015.01.30 13:54:05.687,12.64737,12.65031,0.00,0.00
2015.01.30 13:54:05.788,12.64699,12.65031,0.00,0.00
2015.01.30 13:54:05.996,12.64707,12.65031,0.00,0.00
2015.01.30 13:54:06.356,12.64696,12.65031,0.00,0.00
2015.01.30 13:54:06.457,12.64738,12.6504,0.00,0.00
2015.01.30 13:54:06.507,12.64738,12.65078,0.00,0.00
2015.01.30 13:54:06.558,12.64734,12.65031,0.00,0.00
2015.01.30 13:54:07.122,12.64734,12.64981,0.00,0.00
2015.01.30 13:54:07.272,12.64714,12.64981,0.00,0.00
2015.01.30 13:54:07.534,12.64714,12.65032,0.00,0.00
2015.01.30 13:54:07.666,12.64695,12.65032,0.00,0.00
2015.01.30 13:54:07.717,12.64695,12.6503,0.00,0.00
2015.01.30 13:54:08.066,12.64714,12.65032,0.00,0.00
2015.01.30 13:54:08.170,12.647,12.65031,0.00,0.00
2015.01.30 13:54:08.474,12.64688,12.65012,0.00,0.00
2015.01.30 13:54:08.875,12.64688,12.65025,0.00,0.00
2015.01.30 13:54:08.975,12.647,12.65031,0.00,0.00
2015.01.30 13:54:09.422,12.64775,12.6505,0.00,0.00
2015.01.30 13:54:09.472,12.64775,12.65082,0.00,0.00
2015.01.30 13:54:09.523,12.6481,12.6509,0.00,0.00
2015.01.30 13:54:09.574,12.6483,12.65122,0.00,0.00
2015.01.30 13:54:09.674,12.64889,12.65173,0.00,0.00
2015.01.30 13:54:09.725,12.64889,12.65192,0.00,0.00
2015.01.30 13:54:09.826,12.64888,12.65159,0.00,0.00
2015.01.30 13:54:09.876,12.64838,12.65159,0.00,0.00
2015.01.30 13:54:09.977,12.64839,12.65182,0.00,0.00
2015.01.30 13:54:10.128,12.64838,12.65148,0.00,0.00
2015.01.30 13:54:10.304,12.64838,12.65164,0.00,0.00
2015.01.30 13:54:10.415,12.64838,12.65147,0.00,0.00
2015.01.30 13:54:10.692,12.64838,12.65163,0.00,0.00
2015.01.30 13:54:11.598,12.64838,12.65181,0.00,0.00
2015.01.30 13:54:11.699,12.64838,12.65166,0.00,0.00
2015.01.30 13:54:11.800,12.64838,12.65181,0.00,0.00
2015.01.30 13:54:11.901,12.64838,12.65165,0.00,0.00
2015.01.30 13:54:12.227,12.6478,12.65122,0.00,0.00
2015.01.30 13:54:12.601,12.64795,12.65122,0.00,0.00
2015.01.30 13:54:13.403,12.64781,12.65122,0.00,0.00
2015.01.30 13:54:14.107,12.6482,12.65122,0.00,0.00
2015.01.30 13:54:14.362,12.64869,12.65181,0.00,0.00
2015.01.30 13:54:14.412,12.64889,12.65181,0.00,0.00
2015.01.30 13:54:14.465,12.64889,12.65232,0.00,0.00
2015.01.30 13:54:14.515,12.64913,12.65232,0.00,0.00
2015.01.30 13:54:14.826,12.64888,12.65224,0.00,0.00
2015.01.30 13:54:14.928,12.64888,12.65211,0.00,0.00
2015.01.30 13:54:15.281,12.64949,12.65255,0.00,0.00
2015.01.30 13:54:15.331,12.64949,12.65258,0.00,0.00
2015.01.30 13:54:15.445,12.64949,12.6527,0.00,0.00
2015.01.30 13:54:15.748,12.64949,12.65256,0.00,0.00
2015.01.30 13:54:16.186,12.64998,12.65291,0.00,0.00
2015.01.30 13:54:16.310,12.64998,12.653,0.00,0.00
2015.01.30 13:54:17.349,12.64998,12.65312,0.00,0.00
2015.01.30 13:54:17.817,12.64998,12.65298,0.00,0.00
2015.01.30 13:54:18.225,12.64979,12.65208,0.00,0.00
2015.01.30 13:54:18.326,12.64868,12.65208,0.00,0.00
2015.01.30 13:54:20.366,12.6489,12.65222,0.00,0.00
2015.01.30 13:54:20.469,12.64874,12.65216,0.00,0.00
2015.01.30 13:54:20.824,12.64884,12.65222,0.00,0.00
2015.01.30 13:54:21.225,12.64868,12.65182,0.00,0.00
2015.01.30 13:54:21.427,12.64809,12.65146,0.00,0.00
2015.01.30 13:54:21.527,12.64804,12.65112,0.00,0.00
2015.01.30 13:54:21.728,12.64823,12.65162,0.00,0.00
2015.01.30 13:54:21.928,12.64854,12.65162,0.00,0.00
2015.01.30 13:54:22.129,12.64808,12.6513,0.00,0.00
2015.01.30 13:54:23.866,12.64808,12.65096,0.00,0.00
2015.01.30 13:54:23.966,12.64759,12.65096,0.00,0.00
2015.01.30 13:54:24.018,12.64769,12.65096,0.00,0.00
2015.01.30 13:54:24.169,12.6477,12.65111,0.00,0.00
2015.01.30 13:54:24.270,12.64809,12.65138,0.00,0.00
2015.01.30 13:54:24.370,12.64809,12.65143,0.00,0.00
2015.01.30 13:54:24.522,12.64774,12.65112,0.00,0.00
2015.01.30 13:54:24.622,12.64758,12.65106,0.00,0.00
2015.01.30 13:54:24.928,12.64808,12.65106,0.00,0.00
2015.01.30 13:54:24.978,12.64808,12.65131,0.00,0.00
2015.01.30 13:54:25.155,12.64808,12.65149,0.00,0.00
2015.01.30 13:54:25.245,12.6478,12.65112,0.00,0.00
2015.01.30 13:54:25.296,12.64758,12.65112,0.00,0.00
2015.01.30 13:54:25.355,12.64809,12.65121,0.00,0.00
2015.01.30 13:54:25.560,12.64809,12.65136,0.00,0.00
2015.01.30 13:54:25.661,12.64809,12.65157,0.00,0.00
2015.01.30 13:54:25.712,12.64788,12.65112,0.00,0.00
2015.01.30 13:54:25.763,12.64769,12.65105,0.00,0.00
2015.01.30 13:54:25.863,12.64758,12.65105,0.00,0.00
2015.01.30 13:54:26.131,12.64808,12.65105,0.00,0.00
2015.01.30 13:54:26.181,12.64808,12.65131,0.00,0.00
2015.01.30 13:54:26.388,12.6477,12.65112,0.00,0.00
2015.01.30 13:54:26.490,12.64758,12.651,0.00,0.00
2015.01.30 13:54:26.824,12.64808,12.6513,0.00,0.00
2015.01.30 13:54:26.925,12.64808,12.65152,0.00,0.00
2015.01.30 13:54:27.004,12.64785,12.65152,0.00,0.00
2015.01.30 13:54:27.104,12.64681,12.6482,0.00,0.00
2015.01.30 13:54:27.155,12.64567,12.6482,0.00,0.00
2015.01.30 13:54:27.255,12.64451,12.64772,0.00,0.00
2015.01.30 13:54:27.306,12.64457,12.64772,0.00,0.00
2015.01.30 13:54:27.526,12.64441,12.64771,0.00,0.00
2015.01.30 13:54:27.576,12.64441,12.64721,0.00,0.00
2015.01.30 13:54:27.627,12.64423,12.64721,0.00,0.00
2015.01.30 13:54:27.728,12.64397,12.64722,0.00,0.00
2015.01.30 13:54:27.887,12.64394,12.64722,0.00,0.00
2015.01.30 13:54:28.298,12.64429,12.64722,0.00,0.00
2015.01.30 13:54:28.349,12.64429,12.64738,0.00,0.00
2015.01.30 13:54:28.450,12.64478,12.64803,0.00,0.00
2015.01.30 13:54:28.500,12.64478,12.64773,0.00,0.00
2015.01.30 13:54:28.551,12.64429,12.64771,0.00,0.00
2015.01.30 13:54:28.651,12.64428,12.64782,0.00,0.00
2015.01.30 13:54:28.702,12.64478,12.64821,0.00,0.00
2015.01.30 13:54:29.501,12.64484,12.64821,0.00,0.00
2015.01.30 13:54:30.154,12.64484,12.6482,0.00,0.00
2015.01.30 13:54:30.674,12.64484,12.64821,0.00,0.00
2015.01.30 13:54:31.189,12.64484,12.6482,0.00,0.00
2015.01.30 13:54:31.871,12.64484,12.64821,0.00,0.00
2015.01.30 13:54:32.215,12.64478,12.64782,0.00,0.00
2015.01.30 13:54:32.265,12.64478,12.64794,0.00,0.00
2015.01.30 13:54:32.371,12.64478,12.64806,0.00,0.00
2015.01.30 13:54:32.425,12.64481,12.64821,0.00,0.00
2015.01.30 13:54:33.041,12.6448,12.6482,0.00,0.00
2015.01.30 13:54:33.132,12.64478,12.64792,0.00,0.00
2015.01.30 13:54:33.233,12.64478,12.64808,0.00,0.00
2015.01.30 13:54:33.333,12.64479,12.64821,0.00,0.00
2015.01.30 13:54:33.573,12.64478,12.64792,0.00,0.00
2015.01.30 13:54:33.774,12.64619,12.64959,0.00,0.00
2015.01.30 13:54:33.937,12.64619,12.64933,0.00,0.00
2015.01.30 13:54:34.038,12.64619,12.6496,0.00,0.00
2015.01.30 13:54:34.274,12.64559,12.64832,0.00,0.00
2015.01.30 13:54:34.425,12.64478,12.648,0.00,0.00
2015.01.30 13:54:34.646,12.64478,12.64787,0.00,0.00
2015.01.30 13:54:34.747,12.64478,12.64801,0.00,0.00
2015.01.30 13:54:34.848,12.64478,12.64786,0.00,0.00
2015.01.30 13:54:36.864,12.64478,12.64812,0.00,0.00
2015.01.30 13:54:37.166,12.64478,12.64797,0.00,0.00
2015.01.30 13:54:37.301,12.64478,12.64812,0.00,0.00
2015.01.30 13:54:37.403,12.64478,12.64797,0.00,0.00
2015.01.30 13:54:37.771,12.6453,12.64832,0.00,0.00
2015.01.30 13:54:37.922,12.64519,12.6484,0.00,0.00
2015.01.30 13:54:38.023,12.64519,12.64847,0.00,0.00
2015.01.30 13:54:38.444,12.64503,12.64831,0.00,0.00
2015.01.30 13:54:38.494,12.64488,12.64831,0.00,0.00
2015.01.30 13:54:38.553,12.64519,12.64832,0.00,0.00
2015.01.30 13:54:38.714,12.64369,12.647,0.00,0.00
2015.01.30 13:54:38.976,12.64369,12.64703,0.00,0.00
2015.01.30 13:54:39.078,12.6437,12.64714,0.00,0.00
2015.01.30 13:54:39.281,12.64369,12.64712,0.00,0.00
2015.01.30 13:54:39.619,12.64291,12.64622,0.00,0.00
2015.01.30 13:54:39.942,12.64226,12.64551,0.00,0.00
2015.01.30 13:54:39.993,12.64183,12.64525,0.00,0.00
2015.01.30 13:54:40.093,12.6417,12.64512,0.00,0.00
2015.01.30 13:54:40.443,12.64219,12.64551,0.00,0.00
2015.01.30 13:54:40.644,12.64258,12.64601,0.00,0.00
2015.01.30 13:54:40.695,12.64258,12.64589,0.00,0.00
2015.01.30 13:54:40.898,12.64233,12.64577,0.00,0.00
2015.01.30 13:54:41.216,12.64258,12.64577,0.00,0.00
2015.01.30 13:54:41.317,12.64269,12.6459,0.00,0.00
2015.01.30 13:54:41.368,12.64269,12.64611,0.00,0.00
2015.01.30 13:54:41.418,12.64258,12.64597,0.00,0.00
2015.01.30 13:54:41.730,12.64234,12.64576,0.00,0.00
2015.01.30 13:54:41.881,12.64259,12.64576,0.00,0.00
2015.01.30 13:54:41.932,12.64263,12.6459,0.00,0.00
2015.01.30 13:54:42.032,12.64263,12.64607,0.00,0.00
2015.01.30 13:54:43.395,12.64263,12.64432,0.00,0.00
2015.01.30 13:54:43.446,12.64233,12.64432,0.00,0.00
2015.01.30 13:54:43.546,12.64124,12.64432,0.00,0.00
2015.01.30 13:54:43.647,12.64094,12.64432,0.00,0.00
2015.01.30 13:54:43.747,12.64109,12.64431,0.00,0.00
2015.01.30 13:54:44.302,12.64109,12.6443,0.00,0.00
2015.01.30 13:54:44.636,12.64084,12.64426,0.00,0.00
2015.01.30 13:54:44.713,12.64084,12.6434,0.00,0.00
2015.01.30 13:54:44.764,12.64019,12.6434,0.00,0.00
2015.01.30 13:54:44.866,12.64009,12.64332,0.00,0.00
2015.01.30 13:54:44.970,12.64018,12.64351,0.00,0.00
2015.01.30 13:54:45.070,12.64033,12.64377,0.00,0.00
2015.01.30 13:54:46.465,12.64033,12.64341,0.00,0.00
2015.01.30 13:54:46.608,12.64008,12.64332,0.00,0.00
2015.01.30 13:54:47.159,12.64018,12.6434,0.00,0.00
2015.01.30 13:54:47.310,12.64018,12.64352,0.00,0.00
2015.01.30 13:54:47.461,12.64033,12.64377,0.00,0.00
2015.01.30 13:54:47.819,12.63983,12.64122,0.00,0.00
2015.01.30 13:54:47.870,12.6395,12.64122,0.00,0.00
2015.01.30 13:54:47.970,12.63758,12.64122,0.00,0.00
2015.01.30 13:54:48.071,12.63808,12.64122,0.00,0.00
2015.01.30 13:54:48.827,12.63783,12.64122,0.00,0.00
2015.01.30 13:54:49.446,12.63729,12.64081,0.00,0.00
2015.01.30 13:54:49.497,12.63719,12.64081,0.00,0.00
2015.01.30 13:54:49.597,12.63668,12.64032,0.00,0.00
2015.01.30 13:54:49.703,12.63758,12.64078,0.00,0.00
2015.01.30 13:54:49.804,12.6367,12.64052,0.00,0.00
2015.01.30 13:54:49.905,12.63658,12.64052,0.00,0.00
2015.01.30 13:54:50.106,12.63648,12.64002,0.00,0.00
2015.01.30 13:54:50.408,12.63709,12.64051,0.00,0.00
2015.01.30 13:54:50.730,12.63733,12.64001,0.00,0.00
2015.01.30 13:54:50.781,12.63718,12.64051,0.00,0.00
2015.01.30 13:54:50.881,12.63739,12.64062,0.00,0.00
2015.01.30 13:54:51.560,12.63694,12.64036,0.00,0.00
2015.01.30 13:54:52.123,12.63779,12.64036,0.00,0.00
2015.01.30 13:54:52.174,12.63779,12.64079,0.00,0.00
2015.01.30 13:54:52.275,12.63779,12.64101,0.00,0.00
2015.01.30 13:54:52.376,12.63738,12.64062,0.00,0.00
2015.01.30 13:54:52.524,12.63718,12.64042,0.00,0.00
2015.01.30 13:54:52.574,12.63694,12.64036,0.00,0.00
2015.01.30 13:54:53.943,12.63688,12.64012,0.00,0.00
2015.01.30 13:54:54.094,12.63594,12.63936,0.00,0.00
2015.01.30 13:54:54.244,12.63609,12.63942,0.00,0.00
2015.01.30 13:54:55.668,12.63588,12.63926,0.00,0.00
2015.01.30 13:54:56.474,12.63593,12.63937,0.00,0.00
2015.01.30 13:54:57.181,12.63609,12.63942,0.00,0.00
2015.01.30 13:54:57.283,12.63489,12.63827,0.00,0.00
2015.01.30 13:54:57.844,12.63483,12.63801,0.00,0.00
2015.01.30 13:54:57.894,12.63439,12.63759,0.00,0.00
2015.01.30 13:54:57.995,12.63439,12.63744,0.00,0.00
2015.01.30 13:54:58.045,12.63402,12.63744,0.00,0.00
2015.01.30 13:54:58.355,12.63438,12.63744,0.00,0.00
2015.01.30 13:54:58.561,12.63492,12.63802,0.00,0.00
2015.01.30 13:54:58.612,12.63492,12.63834,0.00,0.00
2015.01.30 13:54:58.794,12.63492,12.63801,0.00,0.00
2015.01.30 13:54:58.895,12.63441,12.63785,0.00,0.00
2015.01.30 13:54:59.384,12.63488,12.63785,0.00,0.00
2015.01.30 13:54:59.487,12.63491,12.63835,0.00,0.00
2015.01.30 13:55:00.560,12.63517,12.63852,0.00,0.00
2015.01.30 13:55:01.062,12.63536,12.63852,0.00,0.00
2015.01.30 13:55:01.116,12.63538,12.63861,0.00,0.00
2015.01.30 13:55:01.166,12.63577,12.63861,0.00,0.00
2015.01.30 13:55:01.217,12.63588,12.63919,0.00,0.00
2015.01.30 13:55:01.317,12.63601,12.63945,0.00,0.00
2015.01.30 13:55:01.368,12.63617,12.63952,0.00,0.00
2015.01.30 13:55:01.469,12.63541,12.63885,0.00,0.00
2015.01.30 13:55:02.443,12.63588,12.63885,0.00,0.00
2015.01.30 13:55:02.494,12.63588,12.63905,0.00,0.00
2015.01.30 13:55:02.595,12.63596,12.6394,0.00,0.00
2015.01.30 13:55:02.695,12.63639,12.6398,0.00,0.00
2015.01.30 13:55:02.869,12.63691,12.64035,0.00,0.00
2015.01.30 13:55:03.457,12.6373,12.64035,0.00,0.00
2015.01.30 13:55:03.507,12.6373,12.6406,0.00,0.00
2015.01.30 13:55:03.558,12.63889,12.64154,0.00,0.00
2015.01.30 13:55:03.608,12.63889,12.6419,0.00,0.00
2015.01.30 13:55:03.709,12.63889,12.64251,0.00,0.00
2015.01.30 13:55:04.657,12.63938,12.64279,0.00,0.00
2015.01.30 13:55:04.758,12.63888,12.64252,0.00,0.00
2015.01.30 13:55:05.429,12.63948,12.64261,0.00,0.00
2015.01.30 13:55:05.510,12.63948,12.64295,0.00,0.00
2015.01.30 13:55:05.611,12.63948,12.64312,0.00,0.00
2015.01.30 13:55:05.661,12.64039,12.64365,0.00,0.00
2015.01.30 13:55:05.712,12.64039,12.64401,0.00,0.00
2015.01.30 13:55:05.926,12.64039,12.64393,0.00,0.00
2015.01.30 13:55:05.981,12.64039,12.64401,0.00,0.00
2015.01.30 13:55:06.082,12.64039,12.64392,0.00,0.00
2015.01.30 13:55:06.182,12.64039,12.64401,0.00,0.00
2015.01.30 13:55:06.283,12.63989,12.64329,0.00,0.00
2015.01.30 13:55:06.484,12.63988,12.64349,0.00,0.00
2015.01.30 13:55:06.534,12.64038,12.64349,0.00,0.00
2015.01.30 13:55:06.585,12.64038,12.64369,0.00,0.00
2015.01.30 13:55:06.686,12.63988,12.6435,0.00,0.00
2015.01.30 13:55:07.090,12.63988,12.64333,0.00,0.00
2015.01.30 13:55:07.308,12.63939,12.64301,0.00,0.00
2015.01.30 13:55:07.410,12.63939,12.64292,0.00,0.00
2015.01.30 13:55:07.720,12.63888,12.6422,0.00,0.00
2015.01.30 13:55:08.216,12.63888,12.64195,0.00,0.00
2015.01.30 13:55:08.619,12.63938,12.64241,0.00,0.00
2015.01.30 13:55:08.720,12.63938,12.64266,0.00,0.00
2015.01.30 13:55:08.901,12.63938,12.64205,0.00,0.00
2015.01.30 13:55:08.952,12.63888,12.64205,0.00,0.00
2015.01.30 13:55:09.226,12.63888,12.64226,0.00,0.00
2015.01.30 13:55:10.217,12.63888,12.64207,0.00,0.00
2015.01.30 13:55:10.563,12.63888,12.6419,0.00,0.00
2015.01.30 13:55:10.793,12.63888,12.64213,0.00,0.00
2015.01.30 13:55:11.331,12.63888,12.64165,0.00,0.00
2015.01.30 13:55:11.594,12.63888,12.6418,0.00,0.00
2015.01.30 13:55:11.733,12.63888,12.64165,0.00,0.00
2015.01.30 13:55:11.995,12.63888,12.6418,0.00,0.00
2015.01.30 13:55:12.144,12.63888,12.64155,0.00,0.00
2015.01.30 13:55:12.245,12.63834,12.64176,0.00,0.00
2015.01.30 13:55:12.296,12.63828,12.64165,0.00,0.00
2015.01.30 13:55:12.598,12.63897,12.64231,0.00,0.00
2015.01.30 13:55:12.997,12.63901,12.64231,0.00,0.00
2015.01.30 13:55:13.331,12.63916,12.6424,0.00,0.00
2015.01.30 13:55:13.698,12.63889,12.6423,0.00,0.00
2015.01.30 13:55:13.799,12.63903,12.6424,0.00,0.00
2015.01.30 13:55:14.000,12.63889,12.64231,0.00,0.00
2015.01.30 13:55:14.100,12.63917,12.64241,0.00,0.00
2015.01.30 13:55:14.201,12.63889,12.64229,0.00,0.00
2015.01.30 13:55:14.764,12.63889,12.6422,0.00,0.00
2015.01.30 13:55:15.199,12.63889,12.64216,0.00,0.00
2015.01.30 13:55:15.254,12.63889,12.64221,0.00,0.00
2015.01.30 13:55:15.403,12.63902,12.64221,0.00,0.00
2015.01.30 13:55:15.634,12.63801,12.64142,0.00,0.00
2015.01.30 13:55:15.738,12.63778,12.64109,0.00,0.00
2015.01.30 13:55:16.045,12.63778,12.64034,0.00,0.00
2015.01.30 13:55:16.095,12.63728,12.64034,0.00,0.00
2015.01.30 13:55:16.146,12.63728,12.64011,0.00,0.00
2015.01.30 13:55:16.196,12.63679,12.64011,0.00,0.00
2015.01.30 13:55:16.611,12.63706,12.64011,0.00,0.00
2015.01.30 13:55:16.912,12.63726,12.63991,0.00,0.00
2015.01.30 13:55:16.963,12.63729,12.6407,0.00,0.00
2015.01.30 13:55:17.013,12.63791,12.64091,0.00,0.00
2015.01.30 13:55:17.164,12.63815,12.64131,0.00,0.00
2015.01.30 13:55:17.214,12.63828,12.64131,0.00,0.00
2015.01.30 13:55:17.265,12.63828,12.64159,0.00,0.00
2015.01.30 13:55:17.366,12.63834,12.64176,0.00,0.00
2015.01.30 13:55:18.310,12.63828,12.64149,0.00,0.00
2015.01.30 13:55:18.912,12.63828,12.64167,0.00,0.00
2015.01.30 13:55:19.838,12.63806,12.6415,0.00,0.00
2015.01.30 13:55:20.658,12.63835,12.64161,0.00,0.00
2015.01.30 13:55:20.864,12.6382,12.64161,0.00,0.00
2015.01.30 13:55:21.063,12.63863,12.642,0.00,0.00
2015.01.30 13:55:21.164,12.63863,12.64207,0.00,0.00
2015.01.30 13:55:22.321,12.63851,12.64193,0.00,0.00
2015.01.30 13:55:23.119,12.63833,12.64177,0.00,0.00
2015.01.30 13:55:23.220,12.63846,12.6419,0.00,0.00
2015.01.30 13:55:23.557,12.6389,12.64222,0.00,0.00
2015.01.30 13:55:23.620,12.63858,12.64202,0.00,0.00
2015.01.30 13:55:23.721,12.63891,12.64222,0.00,0.00
2015.01.30 13:55:23.921,12.63858,12.642,0.00,0.00
2015.01.30 13:55:24.021,12.6382,12.64158,0.00,0.00
2015.01.30 13:55:24.072,12.63816,12.64158,0.00,0.00
2015.01.30 13:55:24.322,12.63846,12.64161,0.00,0.00
2015.01.30 13:55:24.473,12.63867,12.64211,0.00,0.00
2015.01.30 13:55:24.626,12.63835,12.64179,0.00,0.00
2015.01.30 13:55:25.525,12.63867,12.64209,0.00,0.00
2015.01.30 13:55:26.093,12.63835,12.64177,0.00,0.00
2015.01.30 13:55:26.653,12.63906,12.64212,0.00,0.00
2015.01.30 13:55:26.765,12.63906,12.64248,0.00,0.00
2015.01.30 13:55:26.866,12.63909,12.64251,0.00,0.00
2015.01.30 13:55:26.928,12.63922,12.64266,0.00,0.00
2015.01.30 13:55:27.134,12.63918,12.64262,0.00,0.00
2015.01.30 13:55:27.436,12.63849,12.6418,0.00,0.00
2015.01.30 13:55:27.486,12.63836,12.6418,0.00,0.00
2015.01.30 13:55:27.537,12.63821,12.64142,0.00,0.00
2015.01.30 13:55:27.915,12.63854,12.64142,0.00,0.00
2015.01.30 13:55:27.966,12.63781,12.64092,0.00,0.00
2015.01.30 13:55:28.167,12.63726,12.64052,0.00,0.00
2015.01.30 13:55:28.415,12.63729,12.64068,0.00,0.00
2015.01.30 13:55:28.516,12.63747,12.64089,0.00,0.00
2015.01.30 13:55:28.566,12.63757,12.64091,0.00,0.00
2015.01.30 13:55:28.868,12.63822,12.64131,0.00,0.00
2015.01.30 13:55:28.918,12.63822,12.64142,0.00,0.00
2015.01.30 13:55:29.069,12.63856,12.64141,0.00,0.00
2015.01.30 13:55:29.374,12.63825,12.64141,0.00,0.00
2015.01.30 13:55:29.596,12.63838,12.64169,0.00,0.00
2015.01.30 13:55:29.647,12.63916,12.64202,0.00,0.00
2015.01.30 13:55:29.705,12.63916,12.64251,0.00,0.00
2015.01.30 13:55:29.755,12.63937,12.64251,0.00,0.00
2015.01.30 13:55:29.856,12.63883,12.64202,0.00,0.00
2015.01.30 13:55:30.065,12.6383,12.64142,0.00,0.00
2015.01.30 13:55:30.166,12.63823,12.64142,0.00,0.00
2015.01.30 13:55:30.335,12.63835,12.64142,0.00,0.00
2015.01.30 13:55:30.575,12.63819,12.64142,0.00,0.00
2015.01.30 13:55:30.764,12.63835,12.64142,0.00,0.00
2015.01.30 13:55:31.237,12.63819,12.64142,0.00,0.00
2015.01.30 13:55:31.445,12.63848,12.64142,0.00,0.00
2015.01.30 13:55:33.942,12.63868,12.64142,0.00,0.00
2015.01.30 13:55:33.995,12.63868,12.64191,0.00,0.00
2015.01.30 13:55:34.046,12.63887,12.642,0.00,0.00
2015.01.30 13:55:34.109,12.63887,12.64202,0.00,0.00
2015.01.30 13:55:35.065,12.63917,12.64202,0.00,0.00
2015.01.30 13:55:35.316,12.63938,12.64231,0.00,0.00
2015.01.30 13:55:35.467,12.63967,12.64302,0.00,0.00
2015.01.30 13:55:35.745,12.63943,12.64287,0.00,0.00
2015.01.30 13:55:35.796,12.63943,12.64252,0.00,0.00
2015.01.30 13:55:35.846,12.63932,12.64252,0.00,0.00
2015.01.30 13:55:37.147,12.6395,12.64252,0.00,0.00
2015.01.30 13:55:37.448,12.63963,12.64252,0.00,0.00
2015.01.30 13:55:38.077,12.63927,12.64252,0.00,0.00
2015.01.30 13:55:38.551,12.63924,12.64202,0.00,0.00
2015.01.30 13:55:38.615,12.63924,12.64251,0.00,0.00
2015.01.30 13:55:38.851,12.63942,12.64251,0.00,0.00
2015.01.30 13:55:39.251,12.63928,12.64251,0.00,0.00
2015.01.30 13:55:39.795,12.63942,12.64251,0.00,0.00
2015.01.30 13:55:41.269,12.63947,12.64251,0.00,0.00
2015.01.30 13:55:41.370,12.63947,12.6429,0.00,0.00
2015.01.30 13:55:41.420,12.63947,12.6428,0.00,0.00
2015.01.30 13:55:41.521,12.63957,12.64299,0.00,0.00
2015.01.30 13:55:41.571,12.63938,12.64267,0.00,0.00
2015.01.30 13:55:41.913,12.63939,12.64252,0.00,0.00
2015.01.30 13:55:41.964,12.63923,12.64252,0.00,0.00
2015.01.30 13:55:42.484,12.63943,12.64252,0.00,0.00
2015.01.30 13:55:42.584,12.63926,12.64252,0.00,0.00
2015.01.30 13:55:42.961,12.63966,12.64252,0.00,0.00
2015.01.30 13:55:43.269,12.63934,12.64252,0.00,0.00
2015.01.30 13:55:43.372,12.63949,12.64252,0.00,0.00
2015.01.30 13:55:44.297,12.63972,12.64252,0.00,0.00
2015.01.30 13:55:44.448,12.64009,12.64301,0.00,0.00
2015.01.30 13:55:44.813,12.63991,12.64301,0.00,0.00
2015.01.30 13:55:44.914,12.64017,12.64301,0.00,0.00
2015.01.30 13:55:45.165,12.63973,12.64301,0.00,0.00
2015.01.30 13:55:45.545,12.63988,12.64315,0.00,0.00
2015.01.30 13:55:45.846,12.64058,12.64381,0.00,0.00
2015.01.30 13:55:46.168,12.63969,12.64285,0.00,0.00
2015.01.30 13:55:46.506,12.63957,12.64252,0.00,0.00
2015.01.30 13:55:46.556,12.6397,12.64291,0.00,0.00
2015.01.30 13:55:46.606,12.63977,12.64291,0.00,0.00
2015.01.30 13:55:46.657,12.63977,12.64302,0.00,0.00
2015.01.30 13:55:46.757,12.63949,12.64293,0.00,0.00
2015.01.30 13:55:46.869,12.63977,12.64302,0.00,0.00
2015.01.30 13:55:46.970,12.63965,12.64302,0.00,0.00
2015.01.30 13:55:47.175,12.63948,12.64292,0.00,0.00
2015.01.30 13:55:47.276,12.63938,12.6428,0.00,0.00
2015.01.30 13:55:47.599,12.63957,12.64251,0.00,0.00
2015.01.30 13:55:47.790,12.63936,12.64251,0.00,0.00
2015.01.30 13:55:48.099,12.63957,12.64251,0.00,0.00
2015.01.30 13:55:48.310,12.63936,12.64251,0.00,0.00
2015.01.30 13:55:48.673,12.63957,12.64251,0.00,0.00
2015.01.30 13:55:49.207,12.63957,12.6427,0.00,0.00
2015.01.30 13:55:49.308,12.63977,12.64302,0.00,0.00
2015.01.30 13:55:49.777,12.63945,12.64289,0.00,0.00
2015.01.30 13:55:49.827,12.63945,12.64281,0.00,0.00
2015.01.30 13:55:50.189,12.63927,12.64252,0.00,0.00
2015.01.30 13:55:50.579,12.63894,12.64238,0.00,0.00
2015.01.30 13:55:50.629,12.63894,12.64192,0.00,0.00
2015.01.30 13:55:50.730,12.63914,12.64241,0.00,0.00
2015.01.30 13:55:50.831,12.63914,12.64252,0.00,0.00
2015.01.30 13:55:50.881,12.63932,12.64252,0.00,0.00
2015.01.30 13:55:51.184,12.63905,12.64192,0.00,0.00
2015.01.30 13:55:51.385,12.63942,12.64286,0.00,0.00
2015.01.30 13:55:51.586,12.63963,12.64292,0.00,0.00
2015.01.30 13:55:52.395,12.63952,12.64292,0.00,0.00
2015.01.30 13:55:52.631,12.63982,12.64292,0.00,0.00
2015.01.30 13:55:53.010,12.63961,12.64292,0.00,0.00
2015.01.30 13:55:53.060,12.63961,12.64241,0.00,0.00
2015.01.30 13:55:53.111,12.63949,12.64241,0.00,0.00
2015.01.30 13:55:53.212,12.63938,12.64265,0.00,0.00
2015.01.30 13:55:53.262,12.63921,12.64242,0.00,0.00
2015.01.30 13:55:53.569,12.63932,12.64242,0.00,0.00
2015.01.30 13:55:53.687,12.6392,12.64242,0.00,0.00
2015.01.30 13:55:53.915,12.63931,12.64242,0.00,0.00
2015.01.30 13:55:54.225,12.63904,12.64191,0.00,0.00
2015.01.30 13:55:54.326,12.63875,12.64191,0.00,0.00
2015.01.30 13:55:54.427,12.63892,12.64191,0.00,0.00
2015.01.30 13:55:54.477,12.63892,12.64236,0.00,0.00
2015.01.30 13:55:54.528,12.63907,12.64242,0.00,0.00
2015.01.30 13:55:54.830,12.63939,12.64276,0.00,0.00
2015.01.30 13:55:54.930,12.63932,12.64242,0.00,0.00
2015.01.30 13:55:55.312,12.63918,12.64242,0.00,0.00
2015.01.30 13:55:55.617,12.63933,12.64242,0.00,0.00
2015.01.30 13:55:55.927,12.63909,12.64192,0.00,0.00
2015.01.30 13:55:56.030,12.63924,12.64241,0.00,0.00
2015.01.30 13:55:56.140,12.63913,12.64241,0.00,0.00
2015.01.30 13:55:56.298,12.63932,12.64241,0.00,0.00
2015.01.30 13:55:56.349,12.63938,12.64276,0.00,0.00
2015.01.30 13:55:56.399,12.63983,12.64292,0.00,0.00
2015.01.30 13:55:56.705,12.63972,12.64292,0.00,0.00
2015.01.30 13:55:57.302,12.63956,12.64292,0.00,0.00
2015.01.30 13:55:57.977,12.63957,12.64242,0.00,0.00
2015.01.30 13:55:58.027,12.6392,12.64242,0.00,0.00
2015.01.30 13:55:58.205,12.63909,12.64242,0.00,0.00
2015.01.30 13:55:58.409,12.63931,12.64242,0.00,0.00
2015.01.30 13:55:58.509,12.63915,12.64242,0.00,0.00
2015.01.30 13:55:58.820,12.63928,12.64242,0.00,0.00
2015.01.30 13:55:59.048,12.63853,12.64192,0.00,0.00
2015.01.30 13:55:59.199,12.63853,12.64132,0.00,0.00
2015.01.30 13:55:59.250,12.63841,12.64132,0.00,0.00
2015.01.30 13:55:59.435,12.63821,12.64132,0.00,0.00
2015.01.30 13:55:59.536,12.63836,12.64132,0.00,0.00
2015.01.30 13:55:59.710,12.63823,12.64132,0.00,0.00
2015.01.30 13:55:59.948,12.63835,12.64132,0.00,0.00
2015.01.30 13:56:00.141,12.63822,12.64132,0.00,0.00
2015.01.30 13:56:00.425,12.63835,12.64132,0.00,0.00
2015.01.30 13:56:01.314,12.63821,12.64132,0.00,0.00
2015.01.30 13:56:01.835,12.63836,12.64132,0.00,0.00
2015.01.30 13:56:02.735,12.63836,12.64082,0.00,0.00
2015.01.30 13:56:02.835,12.63845,12.64142,0.00,0.00
2015.01.30 13:56:02.936,12.6384,12.64142,0.00,0.00
2015.01.30 13:56:05.347,12.6384,12.6417,0.00,0.00
2015.01.30 13:56:05.467,12.63948,12.64209,0.00,0.00
2015.01.30 13:56:05.568,12.6392,12.64251,0.00,0.00
2015.01.30 13:56:05.669,12.63951,12.64251,0.00,0.00
2015.01.30 13:56:05.828,12.63935,12.64251,0.00,0.00
2015.01.30 13:56:05.929,12.63951,12.64251,0.00,0.00
2015.01.30 13:56:06.030,12.63935,12.64251,0.00,0.00
2015.01.30 13:56:06.131,12.6395,12.64251,0.00,0.00
2015.01.30 13:56:06.231,12.63935,12.64251,0.00,0.00
2015.01.30 13:56:07.032,12.63936,12.64251,0.00,0.00
2015.01.30 13:56:07.341,12.6395,12.64251,0.00,0.00
2015.01.30 13:56:07.649,12.63937,12.64251,0.00,0.00
2015.01.30 13:56:07.752,12.6395,12.64251,0.00,0.00
2015.01.30 13:56:08.065,12.63927,12.64252,0.00,0.00
2015.01.30 13:56:08.166,12.63901,12.64243,0.00,0.00
2015.01.30 13:56:08.217,12.63901,12.64191,0.00,0.00
2015.01.30 13:56:09.448,12.6392,12.64251,0.00,0.00
2015.01.30 13:56:09.549,12.63936,12.64252,0.00,0.00
2015.01.30 13:56:09.867,12.6395,12.64252,0.00,0.00
2015.01.30 13:56:09.939,12.63927,12.64252,0.00,0.00
2015.01.30 13:56:10.981,12.63951,12.64252,0.00,0.00
2015.01.30 13:56:11.081,12.63912,12.64252,0.00,0.00
2015.01.30 13:56:11.691,12.63936,12.64252,0.00,0.00
2015.01.30 13:56:12.016,12.6395,12.64252,0.00,0.00
2015.01.30 13:56:12.066,12.6395,12.64294,0.00,0.00
2015.01.30 13:56:12.173,12.63964,12.64302,0.00,0.00
2015.01.30 13:56:12.646,12.63961,12.64302,0.00,0.00
2015.01.30 13:56:12.747,12.63989,12.64321,0.00,0.00
2015.01.30 13:56:12.855,12.64007,12.64341,0.00,0.00
2015.01.30 13:56:12.955,12.6402,12.64341,0.00,0.00
2015.01.30 13:56:13.857,12.64005,12.64341,0.00,0.00
2015.01.30 13:56:14.272,12.64021,12.64341,0.00,0.00
2015.01.30 13:56:14.477,12.64006,12.64341,0.00,0.00
2015.01.30 13:56:14.580,12.64023,12.64341,0.00,0.00
2015.01.30 13:56:14.681,12.63948,12.64275,0.00,0.00
2015.01.30 13:56:14.732,12.63933,12.64251,0.00,0.00
2015.01.30 13:56:14.890,12.63911,12.64251,0.00,0.00
2015.01.30 13:56:15.121,12.63956,12.64298,0.00,0.00
2015.01.30 13:56:15.172,12.63926,12.64252,0.00,0.00
2015.01.30 13:56:15.252,12.63909,12.64252,0.00,0.00
2015.01.30 13:56:15.459,12.63936,12.64252,0.00,0.00
2015.01.30 13:56:15.789,12.63925,12.64252,0.00,0.00
2015.01.30 13:56:15.853,12.63936,12.64252,0.00,0.00
2015.01.30 13:56:16.581,12.63911,12.64252,0.00,0.00
2015.01.30 13:56:16.856,12.63936,12.64252,0.00,0.00
2015.01.30 13:56:16.906,12.63948,12.6428,0.00,0.00
2015.01.30 13:56:17.007,12.63936,12.64252,0.00,0.00
2015.01.30 13:56:17.356,12.63955,12.64252,0.00,0.00
2015.01.30 13:56:17.457,12.63979,12.64299,0.00,0.00
2015.01.30 13:56:17.608,12.63979,12.64301,0.00,0.00
2015.01.30 13:56:17.858,12.63951,12.64295,0.00,0.00
2015.01.30 13:56:18.480,12.63968,12.64301,0.00,0.00
2015.01.30 13:56:18.581,12.63988,12.64329,0.00,0.00
2015.01.30 13:56:18.684,12.64018,12.64329,0.00,0.00
2015.01.30 13:56:18.859,12.64003,12.64329,0.00,0.00
2015.01.30 13:56:18.963,12.64003,12.64342,0.00,0.00
2015.01.30 13:56:19.064,12.63991,12.64333,0.00,0.00
2015.01.30 13:56:19.165,12.64019,12.64342,0.00,0.00
2015.01.30 13:56:19.504,12.6399,12.64334,0.00,0.00
2015.01.30 13:56:19.607,12.6402,12.64342,0.00,0.00
2015.01.30 13:56:20.171,12.63988,12.64316,0.00,0.00
2015.01.30 13:56:20.306,12.63982,12.64301,0.00,0.00
2015.01.30 13:56:20.664,12.63981,12.64295,0.00,0.00
2015.01.30 13:56:20.714,12.63953,12.64295,0.00,0.00
2015.01.30 13:56:21.566,12.63949,12.64276,0.00,0.00
2015.01.30 13:56:21.867,12.63949,12.6426,0.00,0.00
2015.01.30 13:56:21.967,12.64019,12.64335,0.00,0.00
2015.01.30 13:56:22.018,12.64039,12.64335,0.00,0.00
2015.01.30 13:56:22.068,12.64048,12.64378,0.00,0.00
2015.01.30 13:56:22.119,12.6409,12.64378,0.00,0.00
2015.01.30 13:56:22.270,12.64138,12.64441,0.00,0.00
2015.01.30 13:56:22.371,12.64138,12.6446,0.00,0.00
2015.01.30 13:56:22.477,12.64142,12.64486,0.00,0.00
2015.01.30 13:56:22.885,12.64138,12.64471,0.00,0.00
2015.01.30 13:56:23.197,12.64121,12.64436,0.00,0.00
2015.01.30 13:56:23.248,12.64092,12.64436,0.00,0.00
2015.01.30 13:56:23.298,12.64091,12.64421,0.00,0.00
2015.01.30 13:56:23.644,12.64088,12.64421,0.00,0.00
2015.01.30 13:56:25.213,12.64088,12.64406,0.00,0.00
2015.01.30 13:56:25.377,12.64088,12.64411,0.00,0.00
2015.01.30 13:56:25.587,12.64071,12.64411,0.00,0.00
2015.01.30 13:56:28.055,12.64079,12.64411,0.00,0.00
2015.01.30 13:56:28.310,12.64092,12.64436,0.00,0.00
2015.01.30 13:56:29.194,12.64113,12.64455,0.00,0.00
2015.01.30 13:56:29.606,12.64143,12.64485,0.00,0.00
2015.01.30 13:56:29.943,12.64179,12.6452,0.00,0.00
2015.01.30 13:56:30.317,12.64208,12.6452,0.00,0.00
2015.01.30 13:56:30.417,12.6423,12.64546,0.00,0.00
2015.01.30 13:56:30.518,12.64229,12.6455,0.00,0.00
2015.01.30 13:56:30.624,12.64229,12.64526,0.00,0.00
2015.01.30 13:56:30.724,12.64229,12.64551,0.00,0.00
2015.01.30 13:56:30.802,12.64229,12.64526,0.00,0.00
2015.01.30 13:56:30.903,12.6423,12.64551,0.00,0.00
2015.01.30 13:56:31.406,12.64229,12.64521,0.00,0.00
2015.01.30 13:56:31.674,12.64191,12.64495,0.00,0.00
2015.01.30 13:56:31.924,12.64192,12.64536,0.00,0.00
2015.01.30 13:56:32.515,12.6418,12.64521,0.00,0.00
2015.01.30 13:56:33.104,12.64179,12.64521,0.00,0.00
2015.01.30 13:56:33.384,12.64177,12.64521,0.00,0.00
2015.01.30 13:56:33.435,12.6417,12.64456,0.00,0.00
2015.01.30 13:56:33.487,12.64141,12.64456,0.00,0.00
2015.01.30 13:56:33.587,12.64141,12.64481,0.00,0.00
2015.01.30 13:56:33.743,12.64141,12.64451,0.00,0.00
2015.01.30 13:56:33.793,12.64129,12.64451,0.00,0.00
2015.01.30 13:56:33.844,12.64112,12.64436,0.00,0.00
2015.01.30 13:56:33.944,12.6408,12.6442,0.00,0.00
2015.01.30 13:56:34.052,12.64092,12.64436,0.00,0.00
2015.01.30 13:56:34.835,12.64079,12.6442,0.00,0.00
2015.01.30 13:56:35.079,12.64129,12.64471,0.00,0.00
2015.01.30 13:56:35.130,12.64141,12.64471,0.00,0.00
2015.01.30 13:56:35.341,12.6418,12.64516,0.00,0.00
2015.01.30 13:56:35.544,12.64187,12.64531,0.00,0.00
2015.01.30 13:56:35.644,12.64208,12.64531,0.00,0.00
2015.01.30 13:56:35.795,12.64179,12.64516,0.00,0.00
2015.01.30 13:56:35.846,12.64208,12.64516,0.00,0.00
2015.01.30 13:56:35.896,12.64269,12.64586,0.00,0.00
2015.01.30 13:56:36.053,12.64269,12.6453,0.00,0.00
2015.01.30 13:56:36.204,12.64319,12.64606,0.00,0.00
2015.01.30 13:56:36.305,12.6432,12.64585,0.00,0.00
2015.01.30 13:56:36.416,12.64269,12.64585,0.00,0.00
2015.01.30 13:56:36.472,12.64293,12.64635,0.00,0.00
2015.01.30 13:56:36.573,12.64269,12.64575,0.00,0.00
2015.01.30 13:56:36.624,12.64242,12.64575,0.00,0.00
2015.01.30 13:56:36.674,12.64242,12.64556,0.00,0.00
2015.01.30 13:56:36.919,12.64242,12.6457,0.00,0.00
2015.01.30 13:56:37.283,12.64228,12.6457,0.00,0.00
2015.01.30 13:56:37.587,12.64233,12.64575,0.00,0.00
2015.01.30 13:56:38.125,12.64259,12.64575,0.00,0.00
2015.01.30 13:56:38.442,12.64292,12.64605,0.00,0.00
2015.01.30 13:56:38.783,12.64318,12.64605,0.00,0.00
2015.01.30 13:56:38.985,12.64292,12.64621,0.00,0.00
2015.01.30 13:56:39.149,12.64319,12.64621,0.00,0.00
2015.01.30 13:56:39.199,12.64319,12.64655,0.00,0.00
2015.01.30 13:56:39.300,12.6432,12.6458,0.00,0.00
2015.01.30 13:56:39.401,12.64322,12.64666,0.00,0.00
2015.01.30 13:56:39.501,12.64319,12.64651,0.00,0.00
2015.01.30 13:56:39.705,12.64322,12.64666,0.00,0.00
2015.01.30 13:56:39.814,12.64382,12.64666,0.00,0.00
2015.01.30 13:56:39.915,12.64382,12.64681,0.00,0.00
2015.01.30 13:56:40.016,12.64382,12.64701,0.00,0.00
2015.01.30 13:56:40.116,12.64382,12.64661,0.00,0.00
2015.01.30 13:56:40.425,12.64382,12.64621,0.00,0.00
2015.01.30 13:56:40.629,12.64282,12.64621,0.00,0.00
2015.01.30 13:56:41.450,12.64318,12.64621,0.00,0.00
2015.01.30 13:56:41.501,12.64318,12.64655,0.00,0.00
2015.01.30 13:56:41.551,12.6432,12.64655,0.00,0.00
2015.01.30 13:56:41.702,12.64345,12.64687,0.00,0.00
2015.01.30 13:56:41.804,12.64331,12.64675,0.00,0.00
2015.01.30 13:56:41.905,12.64348,12.64692,0.00,0.00
2015.01.30 13:56:42.304,12.64331,12.64658,0.00,0.00
2015.01.30 13:56:42.506,12.64331,12.6466,0.00,0.00
2015.01.30 13:56:42.606,12.64348,12.64692,0.00,0.00
2015.01.30 13:56:42.988,12.64336,12.64678,0.00,0.00
2015.01.30 13:56:43.336,12.64382,12.64663,0.00,0.00
2015.01.30 13:56:43.437,12.64382,12.64717,0.00,0.00
2015.01.30 13:56:43.537,12.64419,12.64736,0.00,0.00
2015.01.30 13:56:43.638,12.64419,12.64748,0.00,0.00
2015.01.30 13:56:43.739,12.64421,12.64765,0.00,0.00
2015.01.30 13:56:43.789,12.6443,12.64765,0.00,0.00
2015.01.30 13:56:44.112,12.64429,12.64752,0.00,0.00
2015.01.30 13:56:44.213,12.64382,12.64722,0.00,0.00
2015.01.30 13:56:44.833,12.64391,12.64735,0.00,0.00
2015.01.30 13:56:45.340,12.64382,12.64721,0.00,0.00
2015.01.30 13:56:45.503,12.64392,12.64734,0.00,0.00
2015.01.30 13:56:45.658,12.64431,12.64734,0.00,0.00
2015.01.30 13:56:45.708,12.64431,12.64751,0.00,0.00
2015.01.30 13:56:45.809,12.64431,12.64745,0.00,0.00
2015.01.30 13:56:45.910,12.64431,12.64761,0.00,0.00
2015.01.30 13:56:46.517,12.64431,12.64747,0.00,0.00
2015.01.30 13:56:46.918,12.64431,12.64755,0.00,0.00
2015.01.30 13:56:47.204,12.64429,12.64736,0.00,0.00
2015.01.30 13:56:47.254,12.64394,12.64736,0.00,0.00
2015.01.30 13:56:47.405,12.64382,12.64721,0.00,0.00
2015.01.30 13:56:47.744,12.64382,12.6466,0.00,0.00
2015.01.30 13:56:47.845,12.64289,12.64633,0.00,0.00
2015.01.30 13:56:47.901,12.64274,12.64618,0.00,0.00
2015.01.30 13:56:48.328,12.64262,12.64557,0.00,0.00
2015.01.30 13:56:48.429,12.64215,12.64557,0.00,0.00
2015.01.30 13:56:48.529,12.642,12.64542,0.00,0.00
2015.01.30 13:56:48.630,12.64169,12.64513,0.00,0.00
2015.01.30 13:56:49.124,12.64198,12.64513,0.00,0.00
2015.01.30 13:56:49.235,12.64169,12.64513,0.00,0.00
2015.01.30 13:56:49.564,12.64199,12.64513,0.00,0.00
2015.01.30 13:56:49.614,12.64199,12.64528,0.00,0.00
2015.01.30 13:56:49.673,12.64184,12.64528,0.00,0.00
2015.01.30 13:56:50.595,12.64184,12.64512,0.00,0.00
2015.01.30 13:56:50.646,12.64164,12.64508,0.00,0.00
2015.01.30 13:56:50.753,12.64111,12.64433,0.00,0.00
2015.01.30 13:56:50.854,12.64074,12.64418,0.00,0.00
2015.01.30 13:56:51.152,12.64105,12.64447,0.00,0.00
2015.01.30 13:56:51.217,12.64088,12.64432,0.00,0.00
2015.01.30 13:56:51.444,12.64074,12.64418,0.00,0.00
2015.01.30 13:56:51.786,12.64112,12.64456,0.00,0.00
2015.01.30 13:56:52.088,12.64059,12.64403,0.00,0.00
2015.01.30 13:56:52.540,12.64109,12.64435,0.00,0.00
2015.01.30 13:56:52.643,12.64091,12.64435,0.00,0.00
2015.01.30 13:56:52.923,12.64108,12.64452,0.00,0.00
2015.01.30 13:56:53.273,12.64156,12.64498,0.00,0.00
2015.01.30 13:56:53.578,12.64135,12.64477,0.00,0.00
2015.01.30 13:56:53.825,12.6418,12.64524,0.00,0.00
2015.01.30 13:56:54.326,12.6417,12.64512,0.00,0.00
2015.01.30 13:56:54.427,12.64181,12.64525,0.00,0.00
2015.01.30 13:56:54.745,12.6417,12.64513,0.00,0.00
2015.01.30 13:56:54.963,12.64182,12.64526,0.00,0.00
2015.01.30 13:56:55.064,12.64169,12.64508,0.00,0.00
2015.01.30 13:56:55.369,12.64121,12.64458,0.00,0.00
2015.01.30 13:56:55.534,12.64146,12.64488,0.00,0.00
2015.01.30 13:56:55.736,12.64121,12.64463,0.00,0.00
2015.01.30 13:56:55.938,12.64144,12.64488,0.00,0.00
2015.01.30 13:56:56.066,12.64123,12.64467,0.00,0.00
2015.01.30 13:56:56.383,12.64089,12.64433,0.00,0.00
2015.01.30 13:56:56.696,12.64099,12.64441,0.00,0.00
2015.01.30 13:56:56.747,12.64082,12.64426,0.00,0.00
2015.01.30 13:56:56.848,12.6407,12.64333,0.00,0.00
2015.01.30 13:56:56.898,12.64008,12.64333,0.00,0.00
2015.01.30 13:56:56.949,12.63989,12.64333,0.00,0.00
2015.01.30 13:56:57.049,12.64022,12.64362,0.00,0.00
2015.01.30 13:56:57.150,12.63977,12.64319,0.00,0.00
2015.01.30 13:56:57.251,12.63995,12.64337,0.00,0.00
2015.01.30 13:56:57.553,12.63978,12.6432,0.00,0.00
2015.01.30 13:56:57.880,12.64033,12.64311,0.00,0.00
2015.01.30 13:56:57.931,12.64033,12.64375,0.00,0.00
2015.01.30 13:56:58.283,12.64041,12.64385,0.00,0.00
2015.01.30 13:56:58.445,12.6401,12.64352,0.00,0.00
2015.01.30 13:56:59.038,12.64021,12.64363,0.00,0.00
2015.01.30 13:56:59.365,12.6402,12.64347,0.00,0.00
2015.01.30 13:56:59.469,12.6399,12.64331,0.00,0.00
2015.01.30 13:56:59.519,12.6399,12.64278,0.00,0.00
2015.01.30 13:56:59.821,12.63858,12.64053,0.00,0.00
2015.01.30 13:56:59.871,12.63858,12.64058,0.00,0.00
2015.01.30 13:56:59.922,12.63809,12.64058,0.00,0.00
2015.01.30 13:57:00.023,12.63808,12.64079,0.00,0.00
2015.01.30 13:57:00.234,12.63759,12.64062,0.00,0.00
2015.01.30 13:57:00.285,12.63792,12.64062,0.00,0.00
2015.01.30 13:57:00.386,12.6378,12.64061,0.00,0.00
2015.01.30 13:57:00.442,12.63794,12.64061,0.00,0.00
2015.01.30 13:57:00.492,12.63794,12.64101,0.00,0.00
2015.01.30 13:57:00.542,12.63792,12.64089,0.00,0.00
2015.01.30 13:57:00.744,12.63771,12.6407,0.00,0.00
2015.01.30 13:57:01.064,12.63777,12.64121,0.00,0.00
2015.01.30 13:57:01.165,12.63794,12.64138,0.00,0.00
2015.01.30 13:57:01.467,12.63809,12.64125,0.00,0.00
2015.01.30 13:57:01.668,12.63792,12.64129,0.00,0.00
2015.01.30 13:57:01.719,12.63785,12.64129,0.00,0.00
2015.01.30 13:57:01.769,12.63759,12.64079,0.00,0.00
2015.01.30 13:57:01.920,12.63723,12.64067,0.00,0.00
2015.01.30 13:57:01.971,12.6372,12.64039,0.00,0.00
2015.01.30 13:57:02.021,12.63711,12.64039,0.00,0.00
2015.01.30 13:57:02.122,12.63682,12.64024,0.00,0.00
2015.01.30 13:57:02.172,12.6367,12.63993,0.00,0.00
2015.01.30 13:57:02.223,12.63651,12.63993,0.00,0.00
2015.01.30 13:57:02.439,12.63651,12.63952,0.00,0.00
2015.01.30 13:57:02.490,12.63613,12.63952,0.00,0.00
2015.01.30 13:57:02.540,12.63613,12.6393,0.00,0.00
2015.01.30 13:57:02.691,12.63592,12.63936,0.00,0.00
2015.01.30 13:57:02.848,12.63609,12.63951,0.00,0.00
2015.01.30 13:57:03.151,12.63621,12.63951,0.00,0.00
2015.01.30 13:57:03.458,12.63657,12.6398,0.00,0.00
2015.01.30 13:57:03.583,12.63657,12.64001,0.00,0.00
2015.01.30 13:57:03.850,12.63644,12.63986,0.00,0.00
2015.01.30 13:57:04.174,12.63659,12.63931,0.00,0.00
2015.01.30 13:57:04.278,12.63628,12.63931,0.00,0.00
2015.01.30 13:57:04.382,12.6361,12.63931,0.00,0.00
2015.01.30 13:57:04.432,12.6361,12.63882,0.00,0.00
2015.01.30 13:57:04.483,12.63561,12.63882,0.00,0.00
2015.01.30 13:57:04.533,12.63561,12.63831,0.00,0.00
2015.01.30 13:57:04.584,12.63549,12.63831,0.00,0.00
2015.01.30 13:57:04.685,12.63549,12.63782,0.00,0.00
2015.01.30 13:57:04.794,12.63501,12.63782,0.00,0.00
2015.01.30 13:57:04.898,12.63531,12.63782,0.00,0.00
2015.01.30 13:57:04.999,12.6355,12.63832,0.00,0.00
2015.01.30 13:57:05.104,12.63487,12.63781,0.00,0.00
2015.01.30 13:57:05.733,12.63487,12.63831,0.00,0.00
2015.01.30 13:57:05.856,12.63487,12.63829,0.00,0.00
2015.01.30 13:57:06.164,12.63562,12.63832,0.00,0.00
2015.01.30 13:57:06.365,12.63504,12.63782,0.00,0.00
2015.01.30 13:57:06.483,12.63521,12.63782,0.00,0.00
2015.01.30 13:57:06.743,12.63485,12.63782,0.00,0.00
2015.01.30 13:57:06.793,12.63507,12.63782,0.00,0.00
2015.01.30 13:57:06.844,12.63509,12.63831,0.00,0.00
2015.01.30 13:57:06.894,12.63531,12.63831,0.00,0.00
2015.01.30 13:57:07.196,12.63626,12.63931,0.00,0.00
2015.01.30 13:57:07.246,12.63709,12.63931,0.00,0.00
2015.01.30 13:57:07.297,12.63736,12.6408,0.00,0.00
2015.01.30 13:57:07.397,12.63756,12.64042,0.00,0.00
2015.01.30 13:57:07.562,12.63751,12.64042,0.00,0.00
2015.01.30 13:57:07.662,12.63736,12.64042,0.00,0.00
2015.01.30 13:57:07.862,12.63751,12.64042,0.00,0.00
2015.01.30 13:57:08.194,12.63757,12.64042,0.00,0.00
2015.01.30 13:57:08.295,12.63741,12.64042,0.00,0.00
2015.01.30 13:57:08.812,12.63751,12.64042,0.00,0.00
2015.01.30 13:57:08.965,12.63786,12.64082,0.00,0.00
2015.01.30 13:57:09.065,12.6381,12.64082,0.00,0.00
2015.01.30 13:57:09.267,12.63831,12.64132,0.00,0.00
2015.01.30 13:57:09.368,12.63785,12.64082,0.00,0.00
2015.01.30 13:57:09.569,12.63887,12.64191,0.00,0.00
2015.01.30 13:57:09.670,12.63901,12.64191,0.00,0.00
2015.01.30 13:57:09.982,12.63888,12.64191,0.00,0.00
2015.01.30 13:57:10.033,12.63888,12.64132,0.00,0.00
2015.01.30 13:57:10.083,12.63807,12.64132,0.00,0.00
2015.01.30 13:57:10.134,12.63807,12.64081,0.00,0.00
2015.01.30 13:57:10.184,12.6376,12.6407,0.00,0.00
2015.01.30 13:57:10.285,12.63759,12.63931,0.00,0.00
2015.01.30 13:57:10.366,12.63672,12.63931,0.00,0.00
2015.01.30 13:57:10.519,12.63657,12.63931,0.00,0.00
2015.01.30 13:57:10.570,12.63671,12.63931,0.00,0.00
2015.01.30 13:57:10.790,12.6362,12.63902,0.00,0.00
2015.01.30 13:57:10.890,12.63608,12.63902,0.00,0.00
2015.01.30 13:57:10.941,12.63608,12.63941,0.00,0.00
2015.01.30 13:57:10.991,12.63655,12.63941,0.00,0.00
2015.01.30 13:57:11.242,12.63729,12.64041,0.00,0.00
2015.01.30 13:57:11.293,12.63755,12.64041,0.00,0.00
2015.01.30 13:57:11.454,12.63755,12.64091,0.00,0.00
2015.01.30 13:57:11.505,12.63769,12.64091,0.00,0.00
2015.01.30 13:57:11.823,12.63777,12.64092,0.00,0.00
2015.01.30 13:57:12.334,12.63777,12.64041,0.00,0.00
2015.01.30 13:57:12.384,12.6376,12.64041,0.00,0.00
2015.01.30 13:57:12.435,12.63756,12.64041,0.00,0.00
2015.01.30 13:57:12.536,12.63697,12.63992,0.00,0.00
2015.01.30 13:57:12.733,12.63682,12.63992,0.00,0.00
2015.01.30 13:57:12.885,12.63682,12.63942,0.00,0.00
2015.01.30 13:57:12.989,12.63646,12.63942,0.00,0.00
2015.01.30 13:57:13.193,12.6363,12.63942,0.00,0.00
2015.01.30 13:57:13.244,12.6363,12.63901,0.00,0.00
2015.01.30 13:57:13.349,12.63611,12.63901,0.00,0.00
2015.01.30 13:57:13.399,12.63597,12.63901,0.00,0.00
2015.01.30 13:57:13.450,12.63597,12.63852,0.00,0.00
2015.01.30 13:57:13.500,12.63581,12.63852,0.00,0.00
2015.01.30 13:57:13.551,12.63581,12.63901,0.00,0.00
2015.01.30 13:57:13.658,12.63562,12.63901,0.00,0.00
2015.01.30 13:57:13.709,12.63566,12.63901,0.00,0.00
2015.01.30 13:57:14.015,12.63581,12.63901,0.00,0.00
2015.01.30 13:57:14.525,12.63597,12.63901,0.00,0.00
2015.01.30 13:57:14.831,12.63623,12.63901,0.00,0.00
2015.01.30 13:57:14.934,12.63598,12.63901,0.00,0.00
2015.01.30 13:57:14.985,12.6361,12.63942,0.00,0.00
2015.01.30 13:57:15.035,12.63614,12.63942,0.00,0.00
2015.01.30 13:57:15.338,12.63598,12.63902,0.00,0.00
2015.01.30 13:57:15.389,12.63571,12.63902,0.00,0.00
2015.01.30 13:57:15.439,12.63571,12.63852,0.00,0.00
2015.01.30 13:57:15.773,12.63653,12.63941,0.00,0.00
2015.01.30 13:57:15.824,12.6368,12.63941,0.00,0.00
2015.01.30 13:57:16.073,12.6368,12.63992,0.00,0.00
2015.01.30 13:57:16.224,12.63692,12.63992,0.00,0.00
2015.01.30 13:57:16.432,12.63728,12.64062,0.00,0.00
2015.01.30 13:57:16.533,12.63728,12.64072,0.00,0.00
2015.01.30 13:57:16.941,12.6372,12.64056,0.00,0.00
2015.01.30 13:57:17.048,12.63743,12.64085,0.00,0.00
2015.01.30 13:57:17.102,12.6374,12.64084,0.00,0.00
2015.01.30 13:57:17.203,12.63719,12.64061,0.00,0.00
2015.01.30 13:57:17.524,12.63722,12.64066,0.00,0.00
2015.01.30 13:57:17.625,12.63738,12.64082,0.00,0.00
2015.01.30 13:57:17.948,12.63712,12.64056,0.00,0.00
2015.01.30 13:57:18.273,12.63698,12.64026,0.00,0.00
2015.01.30 13:57:18.537,12.6374,12.64082,0.00,0.00
2015.01.30 13:57:19.055,12.63717,12.64061,0.00,0.00
2015.01.30 13:57:19.156,12.63705,12.64047,0.00,0.00
2015.01.30 13:57:19.257,12.63682,12.64026,0.00,0.00
2015.01.30 13:57:19.408,12.63704,12.64048,0.00,0.00
2015.01.30 13:57:19.852,12.63682,12.64026,0.00,0.00
2015.01.30 13:57:21.012,12.63693,12.64037,0.00,0.00
2015.01.30 13:57:21.354,12.63698,12.64037,0.00,0.00
2015.01.30 13:57:21.455,12.63765,12.64107,0.00,0.00
2015.01.30 13:57:21.505,12.63765,12.64062,0.00,0.00
2015.01.30 13:57:21.556,12.6373,12.64062,0.00,0.00
2015.01.30 13:57:21.663,12.63692,12.64036,0.00,0.00
2015.01.30 13:57:21.713,12.63692,12.64012,0.00,0.00
2015.01.30 13:57:21.764,12.6366,12.64002,0.00,0.00
2015.01.30 13:57:21.915,12.63642,12.63986,0.00,0.00
2015.01.30 13:57:22.015,12.63649,12.63986,0.00,0.00
2015.01.30 13:57:22.166,12.6363,12.63971,0.00,0.00
2015.01.30 13:57:22.267,12.63616,12.6396,0.00,0.00
2015.01.30 13:57:22.616,12.63609,12.63953,0.00,0.00
2015.01.30 13:57:23.927,12.63622,12.63966,0.00,0.00
2015.01.30 13:57:24.535,12.63672,12.64012,0.00,0.00
2015.01.30 13:57:24.585,12.63672,12.64016,0.00,0.00
2015.01.30 13:57:24.636,12.63687,12.64031,0.00,0.00
2015.01.30 13:57:24.957,12.63693,12.64012,0.00,0.00
2015.01.30 13:57:25.327,12.6364,12.63984,0.00,0.00
2015.01.30 13:57:25.428,12.63648,12.63984,0.00,0.00
2015.01.30 13:57:25.529,12.63702,12.64039,0.00,0.00
2015.01.30 13:57:25.580,12.63702,12.64046,0.00,0.00
2015.01.30 13:57:25.630,12.63715,12.64059,0.00,0.00
2015.01.30 13:57:25.931,12.637,12.64044,0.00,0.00
2015.01.30 13:57:26.232,12.63717,12.64059,0.00,0.00
2015.01.30 13:57:26.549,12.63669,12.6401,0.00,0.00
2015.01.30 13:57:26.651,12.63718,12.6406,0.00,0.00
2015.01.30 13:57:26.802,12.63759,12.6406,0.00,0.00
2015.01.30 13:57:26.852,12.63781,12.64112,0.00,0.00
2015.01.30 13:57:26.903,12.63781,12.64125,0.00,0.00
2015.01.30 13:57:26.953,12.63796,12.6414,0.00,0.00
2015.01.30 13:57:27.963,12.63784,12.64128,0.00,0.00
2015.01.30 13:57:28.943,12.63784,12.64111,0.00,0.00
2015.01.30 13:57:29.144,12.63701,12.64043,0.00,0.00
2015.01.30 13:57:29.268,12.63686,12.6403,0.00,0.00
2015.01.30 13:57:29.492,12.63686,12.64011,0.00,0.00
2015.01.30 13:57:29.643,12.63627,12.63969,0.00,0.00
2015.01.30 13:57:29.915,12.63616,12.63958,0.00,0.00
2015.01.30 13:57:30.085,12.63577,12.63921,0.00,0.00
2015.01.30 13:57:30.136,12.63577,12.6391,0.00,0.00
2015.01.30 13:57:30.186,12.6353,12.6387,0.00,0.00
2015.01.30 13:57:30.287,12.63542,12.63886,0.00,0.00
2015.01.30 13:57:30.488,12.63558,12.63865,0.00,0.00
2015.01.30 13:57:30.639,12.6351,12.63851,0.00,0.00
2015.01.30 13:57:30.895,12.63522,12.63866,0.00,0.00
2015.01.30 13:57:30.946,12.63558,12.63866,0.00,0.00
2015.01.30 13:57:30.996,12.63558,12.63886,0.00,0.00
2015.01.30 13:57:31.050,12.63558,12.63881,0.00,0.00
2015.01.30 13:57:31.201,12.6341,12.6375,0.00,0.00
2015.01.30 13:57:31.306,12.63427,12.63771,0.00,0.00
2015.01.30 13:57:31.514,12.63409,12.63751,0.00,0.00
2015.01.30 13:57:31.615,12.63407,12.63751,0.00,0.00
2015.01.30 13:57:31.716,12.63393,12.63735,0.00,0.00
2015.01.30 13:57:32.063,12.63408,12.6372,0.00,0.00
2015.01.30 13:57:32.113,12.63461,12.63803,0.00,0.00
2015.01.30 13:57:32.230,12.63477,12.63821,0.00,0.00
2015.01.30 13:57:32.405,12.63492,12.63831,0.00,0.00
2015.01.30 13:57:32.589,12.63442,12.63786,0.00,0.00
2015.01.30 13:57:32.693,12.63465,12.63807,0.00,0.00
2015.01.30 13:57:33.012,12.63419,12.6376,0.00,0.00
2015.01.30 13:57:33.214,12.63365,12.63707,0.00,0.00
2015.01.30 13:57:33.314,12.63353,12.63695,0.00,0.00
2015.01.30 13:57:33.498,12.63368,12.63712,0.00,0.00
2015.01.30 13:57:33.598,12.63335,12.63679,0.00,0.00
2015.01.30 13:57:33.902,12.63387,12.63721,0.00,0.00
2015.01.30 13:57:34.103,12.63403,12.63745,0.00,0.00
2015.01.30 13:57:34.154,12.63467,12.6378,0.00,0.00
2015.01.30 13:57:34.204,12.63467,12.63811,0.00,0.00
2015.01.30 13:57:34.255,12.63448,12.63772,0.00,0.00
2015.01.30 13:57:34.356,12.63406,12.6375,0.00,0.00
2015.01.30 13:57:34.457,12.63394,12.63738,0.00,0.00
2015.01.30 13:57:35.043,12.63397,12.63739,0.00,0.00
2015.01.30 13:57:35.364,12.63376,12.63718,0.00,0.00
2015.01.30 13:57:35.816,12.63348,12.6369,0.00,0.00
2015.01.30 13:57:36.133,12.63383,12.6372,0.00,0.00
2015.01.30 13:57:36.253,12.63428,12.6377,0.00,0.00
2015.01.30 13:57:36.440,12.63432,12.63681,0.00,0.00
2015.01.30 13:57:36.541,12.63417,12.63681,0.00,0.00
2015.01.30 13:57:36.642,12.63394,12.63681,0.00,0.00
2015.01.30 13:57:37.224,12.63409,12.63681,0.00,0.00
2015.01.30 13:57:37.324,12.63394,12.63681,0.00,0.00
2015.01.30 13:57:37.659,12.63408,12.63681,0.00,0.00
2015.01.30 13:57:38.516,12.63408,12.63732,0.00,0.00
2015.01.30 13:57:38.617,12.63419,12.63732,0.00,0.00
2015.01.30 13:57:39.384,12.63437,12.63732,0.00,0.00
2015.01.30 13:57:39.543,12.63318,12.63646,0.00,0.00
2015.01.30 13:57:39.613,12.63309,12.63521,0.00,0.00
2015.01.30 13:57:39.664,12.6324,12.63521,0.00,0.00
2015.01.30 13:57:39.872,12.63255,12.63521,0.00,0.00
2015.01.30 13:57:40.324,12.63286,12.63521,0.00,0.00
2015.01.30 13:57:40.640,12.63255,12.63471,0.00,0.00
2015.01.30 13:57:40.690,12.63223,12.63471,0.00,0.00
2015.01.30 13:57:40.741,12.63223,12.63521,0.00,0.00
2015.01.30 13:57:40.791,12.63279,12.63521,0.00,0.00
2015.01.30 13:57:40.894,12.63267,12.63521,0.00,0.00
2015.01.30 13:57:40.998,12.63226,12.63521,0.00,0.00
2015.01.30 13:57:41.193,12.63258,12.63572,0.00,0.00
2015.01.30 13:57:41.303,12.63296,12.63572,0.00,0.00
2015.01.30 13:57:41.606,12.63295,12.63631,0.00,0.00
2015.01.30 13:57:41.657,12.63386,12.63631,0.00,0.00
2015.01.30 13:57:41.707,12.63386,12.63681,0.00,0.00
2015.01.30 13:57:41.858,12.634,12.63681,0.00,0.00
2015.01.30 13:57:41.959,12.63413,12.63731,0.00,0.00
2015.01.30 13:57:42.059,12.63413,12.63682,0.00,0.00
2015.01.30 13:57:42.261,12.63377,12.63682,0.00,0.00
2015.01.30 13:57:42.361,12.6341,12.63682,0.00,0.00
2015.01.30 13:57:42.412,12.6342,12.63731,0.00,0.00
2015.01.30 13:57:42.462,12.63423,12.63731,0.00,0.00
2015.01.30 13:57:42.719,12.6342,12.63731,0.00,0.00
2015.01.30 13:57:42.769,12.63443,12.63731,0.00,0.00
2015.01.30 13:57:43.162,12.63453,12.63731,0.00,0.00
2015.01.30 13:57:43.265,12.6342,12.63731,0.00,0.00
2015.01.30 13:57:43.421,12.6348,12.63731,0.00,0.00
2015.01.30 13:57:43.471,12.63502,12.63781,0.00,0.00
2015.01.30 13:57:43.572,12.63499,12.63781,0.00,0.00
2015.01.30 13:57:43.672,12.63515,12.63832,0.00,0.00
2015.01.30 13:57:44.038,12.63515,12.63781,0.00,0.00
2015.01.30 13:57:44.089,12.63509,12.63781,0.00,0.00
2015.01.30 13:57:44.139,12.63509,12.63732,0.00,0.00
2015.01.30 13:57:44.190,12.63483,12.63732,0.00,0.00
2015.01.30 13:57:44.293,12.63463,12.63732,0.00,0.00
2015.01.30 13:57:44.394,12.63422,12.63732,0.00,0.00
2015.01.30 13:57:44.699,12.63457,12.63732,0.00,0.00
2015.01.30 13:57:44.910,12.6345,12.63732,0.00,0.00
2015.01.30 13:57:44.964,12.63424,12.63732,0.00,0.00
2015.01.30 13:57:45.014,12.63428,12.63681,0.00,0.00
2015.01.30 13:57:45.115,12.63428,12.63731,0.00,0.00
2015.01.30 13:57:45.359,12.63428,12.63682,0.00,0.00
2015.01.30 13:57:45.410,12.63377,12.63682,0.00,0.00
2015.01.30 13:57:45.510,12.63379,12.63681,0.00,0.00
2015.01.30 13:57:45.561,12.63379,12.63721,0.00,0.00
2015.01.30 13:57:45.611,12.63433,12.63732,0.00,0.00
2015.01.30 13:57:45.712,12.63469,12.63809,0.00,0.00
2015.01.30 13:57:45.822,12.63509,12.63831,0.00,0.00
2015.01.30 13:57:46.351,12.63509,12.63731,0.00,0.00
2015.01.30 13:57:46.502,12.63369,12.63691,0.00,0.00
2015.01.30 13:57:46.552,12.63367,12.63621,0.00,0.00
2015.01.30 13:57:46.603,12.63357,12.63621,0.00,0.00
2015.01.30 13:57:46.703,12.63309,12.63622,0.00,0.00
2015.01.30 13:57:47.013,12.63319,12.63622,0.00,0.00
2015.01.30 13:57:47.196,12.63309,12.63622,0.00,0.00
2015.01.30 13:57:47.398,12.63351,12.63622,0.00,0.00
2015.01.30 13:57:47.599,12.63162,12.63472,0.00,0.00
2015.01.30 13:57:47.750,12.63179,12.63472,0.00,0.00
2015.01.30 13:57:48.000,12.63177,12.63471,0.00,0.00
2015.01.30 13:57:48.051,12.63173,12.63471,0.00,0.00
2015.01.30 13:57:48.204,12.63187,12.63472,0.00,0.00
2015.01.30 13:57:48.746,12.63203,12.63511,0.00,0.00
2015.01.30 13:57:48.797,12.63209,12.63511,0.00,0.00
2015.01.30 13:57:48.948,12.63168,12.63471,0.00,0.00
2015.01.30 13:57:49.048,12.63123,12.63465,0.00,0.00
2015.01.30 13:57:49.099,12.63123,12.63422,0.00,0.00
2015.01.30 13:57:49.643,12.63122,12.63422,0.00,0.00
2015.01.30 13:57:50.174,12.63122,12.63372,0.00,0.00
2015.01.30 13:57:50.225,12.63102,12.63372,0.00,0.00
2015.01.30 13:57:50.326,12.63109,12.63372,0.00,0.00
2015.01.30 13:57:50.520,12.63077,12.63372,0.00,0.00
2015.01.30 13:57:50.724,12.63143,12.63372,0.00,0.00
2015.01.30 13:57:50.774,12.63143,12.63421,0.00,0.00
2015.01.30 13:57:50.930,12.6313,12.63421,0.00,0.00
2015.01.30 13:57:51.032,12.63128,12.63421,0.00,0.00
2015.01.30 13:57:51.127,12.63143,12.63421,0.00,0.00
2015.01.30 13:57:51.429,12.6318,12.63471,0.00,0.00
2015.01.30 13:57:51.480,12.63212,12.63471,0.00,0.00
2015.01.30 13:57:51.530,12.63212,12.63511,0.00,0.00
2015.01.30 13:57:51.581,12.63228,12.63511,0.00,0.00
2015.01.30 13:57:52.400,12.63279,12.6357,0.00,0.00
2015.01.30 13:57:52.450,12.63287,12.63571,0.00,0.00
2015.01.30 13:57:52.551,12.6328,12.63571,0.00,0.00
2015.01.30 13:57:52.602,12.63262,12.63571,0.00,0.00
2015.01.30 13:57:52.652,12.63277,12.63571,0.00,0.00
2015.01.30 13:57:52.997,12.63328,12.63571,0.00,0.00
2015.01.30 13:57:53.750,12.63343,12.63571,0.00,0.00
2015.01.30 13:57:53.804,12.63343,12.63682,0.00,0.00
2015.01.30 13:57:53.854,12.6342,12.63682,0.00,0.00
2015.01.30 13:57:53.955,12.63428,12.63731,0.00,0.00
2015.01.30 13:57:54.795,12.63428,12.63622,0.00,0.00
2015.01.30 13:57:54.897,12.63393,12.63622,0.00,0.00
2015.01.30 13:57:54.948,12.63393,12.63682,0.00,0.00
2015.01.30 13:57:55.206,12.63402,12.63682,0.00,0.00
2015.01.30 13:57:55.461,12.63312,12.63622,0.00,0.00
2015.01.30 13:57:55.768,12.63419,12.63622,0.00,0.00
2015.01.30 13:57:55.818,12.63419,12.63656,0.00,0.00
2015.01.30 13:57:55.869,12.63419,12.63731,0.00,0.00
2015.01.30 13:57:56.023,12.6342,12.63746,0.00,0.00
2015.01.30 13:57:56.074,12.63452,12.63771,0.00,0.00
2015.01.30 13:57:56.376,12.63503,12.63821,0.00,0.00
2015.01.30 13:57:56.696,12.6351,12.63821,0.00,0.00
2015.01.30 13:57:57.000,12.63478,12.63731,0.00,0.00
2015.01.30 13:57:57.100,12.63462,12.63731,0.00,0.00
2015.01.30 13:57:57.201,12.63482,12.63732,0.00,0.00
2015.01.30 13:57:57.252,12.63509,12.63822,0.00,0.00
2015.01.30 13:57:57.302,12.63513,12.63822,0.00,0.00
2015.01.30 13:57:57.554,12.63509,12.63821,0.00,0.00
2015.01.30 13:57:57.876,12.6351,12.63772,0.00,0.00
2015.01.30 13:57:57.995,12.63477,12.63772,0.00,0.00
2015.01.30 13:57:58.095,12.63509,12.63821,0.00,0.00
2015.01.30 13:57:58.196,12.63512,12.63821,0.00,0.00
2015.01.30 13:57:58.518,12.63509,12.63772,0.00,0.00
2015.01.30 13:57:58.619,12.63453,12.63771,0.00,0.00
2015.01.30 13:57:58.742,12.63467,12.63771,0.00,0.00
2015.01.30 13:57:59.315,12.63509,12.63822,0.00,0.00
2015.01.30 13:57:59.415,12.63472,12.63771,0.00,0.00
2015.01.30 13:58:00.224,12.63499,12.63771,0.00,0.00
2015.01.30 13:58:00.526,12.63483,12.63771,0.00,0.00
2015.01.30 13:58:00.733,12.63483,12.63731,0.00,0.00
2015.01.30 13:58:00.884,12.63524,12.63822,0.00,0.00
2015.01.30 13:58:01.099,12.63524,12.63772,0.00,0.00
2015.01.30 13:58:01.262,12.63443,12.63772,0.00,0.00
2015.01.30 13:58:01.312,12.63443,12.63732,0.00,0.00
2015.01.30 13:58:01.363,12.63409,12.63732,0.00,0.00
2015.01.30 13:58:01.413,12.63409,12.63681,0.00,0.00
2015.01.30 13:58:01.564,12.63318,12.63622,0.00,0.00
2015.01.30 13:58:02.954,12.63308,12.63571,0.00,0.00
2015.01.30 13:58:03.055,12.63283,12.63571,0.00,0.00
2015.01.30 13:58:03.518,12.63283,12.63511,0.00,0.00
2015.01.30 13:58:03.569,12.63281,12.63511,0.00,0.00
2015.01.30 13:58:03.671,12.63281,12.63572,0.00,0.00
2015.01.30 13:58:03.721,12.63281,12.63512,0.00,0.00
2015.01.30 13:58:03.772,12.6327,12.63512,0.00,0.00
2015.01.30 13:58:03.872,12.63246,12.63512,0.00,0.00
2015.01.30 13:58:04.180,12.63235,12.63512,0.00,0.00
2015.01.30 13:58:04.281,12.6323,12.63512,0.00,0.00
2015.01.30 13:58:04.623,12.6322,12.63559,0.00,0.00
2015.01.30 13:58:04.674,12.6326,12.63571,0.00,0.00
2015.01.30 13:58:05.232,12.63276,12.63571,0.00,0.00
2015.01.30 13:58:05.838,12.63276,12.63511,0.00,0.00
2015.01.30 13:58:05.939,12.63276,12.63572,0.00,0.00
2015.01.30 13:58:05.989,12.6328,12.63572,0.00,0.00
2015.01.30 13:58:06.148,12.63306,12.63622,0.00,0.00
2015.01.30 13:58:06.198,12.63309,12.63622,0.00,0.00
2015.01.30 13:58:06.349,12.63341,12.63682,0.00,0.00
2015.01.30 13:58:06.450,12.6338,12.63682,0.00,0.00
2015.01.30 13:58:07.483,12.63395,12.63732,0.00,0.00
2015.01.30 13:58:07.534,12.6342,12.63732,0.00,0.00
2015.01.30 13:58:07.873,12.63431,12.63732,0.00,0.00
2015.01.30 13:58:08.756,12.63419,12.63732,0.00,0.00
2015.01.30 13:58:08.867,12.63368,12.63683,0.00,0.00
2015.01.30 13:58:08.968,12.63318,12.63653,0.00,0.00
2015.01.30 13:58:09.018,12.63311,12.63621,0.00,0.00
2015.01.30 13:58:09.246,12.63335,12.63679,0.00,0.00
2015.01.30 13:58:09.296,12.6336,12.63682,0.00,0.00
2015.01.30 13:58:09.603,12.6302,12.63341,0.00,0.00
2015.01.30 13:58:09.905,12.631,12.63417,0.00,0.00
2015.01.30 13:58:10.006,12.631,12.63432,0.00,0.00
2015.01.30 13:58:10.059,12.63109,12.63432,0.00,0.00
2015.01.30 13:58:10.378,12.63108,12.63391,0.00,0.00
2015.01.30 13:58:10.537,12.63142,12.63431,0.00,0.00
2015.01.30 13:58:10.588,12.6315,12.63431,0.00,0.00
2015.01.30 13:58:10.690,12.63125,12.63431,0.00,0.00
2015.01.30 13:58:10.761,12.63156,12.63431,0.00,0.00
2015.01.30 13:58:11.093,12.63175,12.63482,0.00,0.00
2015.01.30 13:58:11.193,12.63205,12.63482,0.00,0.00
2015.01.30 13:58:11.395,12.63198,12.63482,0.00,0.00
2015.01.30 13:58:11.553,12.63198,12.6354,0.00,0.00
2015.01.30 13:58:11.804,12.63186,12.63528,0.00,0.00
2015.01.30 13:58:11.905,12.63202,12.63546,0.00,0.00
2015.01.30 13:58:11.955,12.63202,12.63521,0.00,0.00
2015.01.30 13:58:12.006,12.63159,12.63503,0.00,0.00
2015.01.30 13:58:12.106,12.63126,12.63468,0.00,0.00
2015.01.30 13:58:12.484,12.6316,12.63504,0.00,0.00
2015.01.30 13:58:12.792,12.6315,12.63494,0.00,0.00
2015.01.30 13:58:13.584,12.63121,12.63463,0.00,0.00
2015.01.30 13:58:13.868,12.63135,12.63479,0.00,0.00
2015.01.30 13:58:13.969,12.63148,12.63462,0.00,0.00
2015.01.30 13:58:14.070,12.63105,12.63449,0.00,0.00
2015.01.30 13:58:14.171,12.6305,12.63384,0.00,0.00
2015.01.30 13:58:14.226,12.6304,12.63384,0.00,0.00
2015.01.30 13:58:15.071,12.63056,12.63398,0.00,0.00
2015.01.30 13:58:15.592,12.63067,12.63409,0.00,0.00
2015.01.30 13:58:16.016,12.63054,12.63398,0.00,0.00
2015.01.30 13:58:16.273,12.6304,12.63382,0.00,0.00
2015.01.30 13:58:16.373,12.63053,12.63397,0.00,0.00
2015.01.30 13:58:16.674,12.6304,12.63382,0.00,0.00
2015.01.30 13:58:17.195,12.63063,12.63407,0.00,0.00
2015.01.30 13:58:17.826,12.6305,12.63392,0.00,0.00
2015.01.30 13:58:18.207,12.63088,12.6343,0.00,0.00
2015.01.30 13:58:18.767,12.63087,12.63431,0.00,0.00
2015.01.30 13:58:19.096,12.63118,12.6346,0.00,0.00
2015.01.30 13:58:19.464,12.63148,12.6346,0.00,0.00
2015.01.30 13:58:19.666,12.63112,12.63456,0.00,0.00
2015.01.30 13:58:19.817,12.63102,12.63446,0.00,0.00
2015.01.30 13:58:20.191,12.63087,12.63431,0.00,0.00
2015.01.30 13:58:20.603,12.63098,12.6344,0.00,0.00
2015.01.30 13:58:20.862,12.63222,12.63566,0.00,0.00
2015.01.30 13:58:20.913,12.63237,12.63581,0.00,0.00
2015.01.30 13:58:21.239,12.63272,12.63616,0.00,0.00
2015.01.30 13:58:21.632,12.63287,12.63631,0.00,0.00
2015.01.30 13:58:22.131,12.63277,12.63621,0.00,0.00
2015.01.30 13:58:22.448,12.63338,12.6368,0.00,0.00
2015.01.30 13:58:26.107,12.63412,12.63721,0.00,0.00
2015.01.30 13:58:26.359,12.63438,12.6378,0.00,0.00
2015.01.30 13:58:29.723,12.6342,12.63681,0.00,0.00
2015.01.30 13:58:29.823,12.63309,12.63651,0.00,0.00
2015.01.30 13:58:29.924,12.63317,12.63661,0.00,0.00
2015.01.30 13:58:30.025,12.63343,12.63685,0.00,0.00
2015.01.30 13:58:30.332,12.63338,12.6368,0.00,0.00
2015.01.30 13:58:30.519,12.63317,12.63661,0.00,0.00
2015.01.30 13:58:30.620,12.63309,12.6365,0.00,0.00
2015.01.30 13:58:30.721,12.63292,12.63636,0.00,0.00
2015.01.30 13:58:30.891,12.63292,12.63612,0.00,0.00
2015.01.30 13:58:30.996,12.63292,12.63636,0.00,0.00
2015.01.30 13:58:31.147,12.63277,12.63621,0.00,0.00
2015.01.30 13:58:31.449,12.63293,12.63635,0.00,0.00
2015.01.30 13:58:34.352,12.63302,12.63646,0.00,0.00
2015.01.30 13:58:34.403,12.6331,12.63646,0.00,0.00
2015.01.30 13:58:34.453,12.6331,12.6365,0.00,0.00
2015.01.30 13:58:34.504,12.63308,12.6365,0.00,0.00
2015.01.30 13:58:34.604,12.63309,12.63641,0.00,0.00
2015.01.30 13:58:34.655,12.63317,12.63661,0.00,0.00
2015.01.30 13:58:34.756,12.63292,12.63636,0.00,0.00
2015.01.30 13:58:35.101,12.63309,12.63636,0.00,0.00
2015.01.30 13:58:35.202,12.63293,12.63635,0.00,0.00
2015.01.30 13:58:37.186,12.63283,12.63612,0.00,0.00
2015.01.30 13:58:37.286,12.63283,12.63625,0.00,0.00
2015.01.30 13:58:37.387,12.63292,12.63636,0.00,0.00
2015.01.30 13:58:37.691,12.63308,12.63636,0.00,0.00
2015.01.30 13:58:37.842,12.63292,12.63636,0.00,0.00
2015.01.30 13:58:37.963,12.63302,12.63646,0.00,0.00
2015.01.30 13:58:38.283,12.63376,12.6372,0.00,0.00
2015.01.30 13:58:38.788,12.6336,12.637,0.00,0.00
2015.01.30 13:58:38.889,12.63309,12.63651,0.00,0.00
2015.01.30 13:58:38.989,12.63363,12.63661,0.00,0.00
2015.01.30 13:58:39.040,12.63363,12.63705,0.00,0.00
2015.01.30 13:58:39.090,12.63377,12.63719,0.00,0.00
2015.01.30 13:58:40.047,12.63387,12.63731,0.00,0.00
2015.01.30 13:58:40.333,12.63387,12.63722,0.00,0.00
2015.01.30 13:58:40.383,12.63378,12.6372,0.00,0.00
2015.01.30 13:58:40.484,12.63357,12.63701,0.00,0.00
2015.01.30 13:58:40.649,12.63373,12.63715,0.00,0.00
2015.01.30 13:58:40.800,12.63426,12.6377,0.00,0.00
2015.01.30 13:58:40.951,12.63442,12.63784,0.00,0.00
2015.01.30 13:58:42.161,12.63457,12.63801,0.00,0.00
2015.01.30 13:58:42.211,12.63459,12.63801,0.00,0.00
2015.01.30 13:58:42.541,12.63547,12.63889,0.00,0.00
2015.01.30 13:58:42.845,12.63197,12.63511,0.00,0.00
2015.01.30 13:58:42.996,12.6321,12.63537,0.00,0.00
2015.01.30 13:58:43.101,12.63182,12.63526,0.00,0.00
2015.01.30 13:58:43.156,12.63192,12.63536,0.00,0.00
2015.01.30 13:58:44.576,12.63212,12.63554,0.00,0.00
2015.01.30 13:58:45.186,12.63227,12.63569,0.00,0.00
2015.01.30 13:58:45.510,12.6322,12.6355,0.00,0.00
2015.01.30 13:58:45.611,12.63206,12.6355,0.00,0.00
2015.01.30 13:58:45.661,12.63191,12.63535,0.00,0.00
2015.01.30 13:58:46.962,12.63198,12.63535,0.00,0.00
2015.01.30 13:58:47.013,12.63241,12.63585,0.00,0.00
2015.01.30 13:58:47.852,12.6326,12.63585,0.00,0.00
2015.01.30 13:58:47.902,12.63267,12.63609,0.00,0.00
2015.01.30 13:58:48.003,12.63277,12.63619,0.00,0.00
2015.01.30 13:58:48.103,12.63291,12.63635,0.00,0.00
2015.01.30 13:58:49.461,12.63291,12.63612,0.00,0.00
2015.01.30 13:58:49.612,12.63227,12.63571,0.00,0.00
2015.01.30 13:58:50.592,12.63247,12.63591,0.00,0.00
2015.01.30 13:58:50.899,12.63242,12.63586,0.00,0.00
2015.01.30 13:58:51.217,12.63256,12.636,0.00,0.00
2015.01.30 13:58:51.528,12.63245,12.63589,0.00,0.00
2015.01.30 13:58:52.006,12.6326,12.63602,0.00,0.00
2015.01.30 13:58:52.448,12.63243,12.63585,0.00,0.00
2015.01.30 13:58:52.614,12.63262,12.63606,0.00,0.00
2015.01.30 13:58:53.079,12.63243,12.63587,0.00,0.00
2015.01.30 13:58:54.416,12.63248,12.63592,0.00,0.00
2015.01.30 13:58:54.884,12.63263,12.63607,0.00,0.00
2015.01.30 13:58:55.232,12.63158,12.635,0.00,0.00
2015.01.30 13:58:55.285,12.63127,12.63471,0.00,0.00
2015.01.30 13:58:55.887,12.63139,12.63483,0.00,0.00
2015.01.30 13:58:56.189,12.632,12.63544,0.00,0.00
2015.01.30 13:58:56.702,12.63188,12.6353,0.00,0.00
2015.01.30 13:58:56.805,12.632,12.63544,0.00,0.00
2015.01.30 13:58:59.172,12.632,12.63511,0.00,0.00
2015.01.30 13:58:59.222,12.63157,12.63501,0.00,0.00
2015.01.30 13:58:59.332,12.63142,12.63486,0.00,0.00
2015.01.30 13:59:00.132,12.63127,12.63471,0.00,0.00
2015.01.30 13:59:00.438,12.63219,12.63537,0.00,0.00
2015.01.30 13:59:00.639,12.63154,12.63498,0.00,0.00
2015.01.30 13:59:01.012,12.63198,12.63498,0.00,0.00
2015.01.30 13:59:01.114,12.63241,12.63583,0.00,0.00
2015.01.30 13:59:01.353,12.63252,12.63594,0.00,0.00
2015.01.30 13:59:01.692,12.63247,12.63589,0.00,0.00
2015.01.30 13:59:02.022,12.63277,12.63581,0.00,0.00
2015.01.30 13:59:02.318,12.63257,12.63581,0.00,0.00
2015.01.30 13:59:03.529,12.63272,12.63581,0.00,0.00
2015.01.30 13:59:03.722,12.63257,12.63581,0.00,0.00
2015.01.30 13:59:04.224,12.63246,12.63581,0.00,0.00
2015.01.30 13:59:05.047,12.63264,12.63581,0.00,0.00
2015.01.30 13:59:05.405,12.63279,12.63581,0.00,0.00
2015.01.30 13:59:05.456,12.63246,12.63581,0.00,0.00
2015.01.30 13:59:05.757,12.63219,12.63542,0.00,0.00
2015.01.30 13:59:05.858,12.63221,12.63565,0.00,0.00
2015.01.30 13:59:05.961,12.63219,12.6355,0.00,0.00
2015.01.30 13:59:06.135,12.63226,12.6357,0.00,0.00
2015.01.30 13:59:06.969,12.63256,12.63581,0.00,0.00
2015.01.30 13:59:07.683,12.6326,12.63581,0.00,0.00
2015.01.30 13:59:07.733,12.63278,12.636,0.00,0.00
2015.01.30 13:59:07.834,12.63279,12.63615,0.00,0.00
2015.01.30 13:59:07.884,12.63279,12.63603,0.00,0.00
2015.01.30 13:59:07.985,12.63295,12.63631,0.00,0.00
2015.01.30 13:59:08.162,12.63339,12.63639,0.00,0.00
2015.01.30 13:59:08.262,12.63339,12.63649,0.00,0.00
2015.01.30 13:59:08.313,12.63305,12.63631,0.00,0.00
2015.01.30 13:59:08.364,12.63296,12.63631,0.00,0.00
2015.01.30 13:59:08.465,12.63311,12.63631,0.00,0.00
2015.01.30 13:59:08.566,12.63295,12.63631,0.00,0.00
2015.01.30 13:59:08.814,12.6331,12.63631,0.00,0.00
2015.01.30 13:59:09.070,12.63338,12.63669,0.00,0.00
2015.01.30 13:59:09.380,12.6334,12.63684,0.00,0.00
2015.01.30 13:59:09.690,12.63338,12.63678,0.00,0.00
2015.01.30 13:59:11.242,12.63336,12.63631,0.00,0.00
2015.01.30 13:59:11.292,12.63321,12.63631,0.00,0.00
2015.01.30 13:59:11.393,12.63311,12.63631,0.00,0.00
2015.01.30 13:59:11.494,12.6329,12.63631,0.00,0.00
2015.01.30 13:59:11.750,12.63305,12.63631,0.00,0.00
2015.01.30 13:59:11.850,12.63338,12.63673,0.00,0.00
2015.01.30 13:59:11.951,12.63338,12.63669,0.00,0.00
2015.01.30 13:59:12.267,12.63311,12.63632,0.00,0.00
2015.01.30 13:59:12.472,12.63229,12.63569,0.00,0.00
2015.01.30 13:59:12.891,12.63226,12.63532,0.00,0.00
2015.01.30 13:59:13.042,12.63216,12.63532,0.00,0.00
2015.01.30 13:59:13.142,12.63185,12.63529,0.00,0.00
2015.01.30 13:59:13.193,12.63178,12.63488,0.00,0.00
2015.01.30 13:59:13.243,12.63146,12.63482,0.00,0.00
2015.01.30 13:59:13.655,12.63221,12.63482,0.00,0.00
2015.01.30 13:59:13.705,12.63221,12.63532,0.00,0.00
2015.01.30 13:59:13.756,12.63261,12.63532,0.00,0.00
2015.01.30 13:59:13.806,12.63261,12.63582,0.00,0.00
2015.01.30 13:59:14.061,12.63251,12.63582,0.00,0.00
2015.01.30 13:59:17.582,12.63236,12.63578,0.00,0.00
2015.01.30 13:59:18.365,12.63246,12.63582,0.00,0.00
2015.01.30 13:59:20.044,12.63246,12.63588,0.00,0.00
2015.01.30 13:59:20.591,12.63258,12.63588,0.00,0.00
2015.01.30 13:59:20.692,12.6327,12.63614,0.00,0.00
2015.01.30 13:59:20.797,12.6328,12.63624,0.00,0.00
2015.01.30 13:59:21.098,12.63265,12.63609,0.00,0.00
2015.01.30 13:59:21.412,12.63308,12.63639,0.00,0.00
2015.01.30 13:59:21.512,12.63295,12.63639,0.00,0.00
2015.01.30 13:59:21.613,12.63295,12.63601,0.00,0.00
2015.01.30 13:59:21.714,12.63285,12.63601,0.00,0.00
2015.01.30 13:59:21.875,12.63265,12.63601,0.00,0.00
2015.01.30 13:59:26.334,12.63251,12.63593,0.00,0.00
2015.01.30 13:59:27.300,12.6323,12.63574,0.00,0.00
2015.01.30 13:59:27.401,12.6322,12.63564,0.00,0.00
2015.01.30 13:59:27.726,12.63196,12.63538,0.00,0.00
2015.01.30 13:59:28.624,12.63198,12.63538,0.00,0.00
2015.01.30 13:59:28.775,12.63196,12.63538,0.00,0.00
2015.01.30 13:59:28.844,12.63199,12.63538,0.00,0.00
2015.01.30 13:59:28.895,12.63205,12.63549,0.00,0.00
2015.01.30 13:59:29.014,12.63215,12.63559,0.00,0.00
2015.01.30 13:59:29.333,12.63226,12.63562,0.00,0.00
2015.01.30 13:59:29.434,12.63221,12.63562,0.00,0.00
2015.01.30 13:59:29.535,12.63195,12.63539,0.00,0.00
2015.01.30 13:59:29.593,12.63205,12.63549,0.00,0.00
2015.01.30 13:59:29.960,12.63196,12.63538,0.00,0.00
2015.01.30 13:59:30.305,12.63148,12.6349,0.00,0.00
2015.01.30 13:59:31.153,12.63148,12.63462,0.00,0.00
2015.01.30 13:59:31.203,12.63117,12.63461,0.00,0.00
2015.01.30 13:59:31.304,12.63098,12.6344,0.00,0.00
2015.01.30 13:59:31.670,12.63108,12.6344,0.00,0.00
2015.01.30 13:59:31.805,12.63147,12.63491,0.00,0.00
2015.01.30 13:59:31.855,12.63158,12.63491,0.00,0.00
2015.01.30 13:59:31.906,12.63163,12.63505,0.00,0.00
2015.01.30 13:59:31.956,12.63209,12.63505,0.00,0.00
2015.01.30 13:59:32.007,12.63209,12.63541,0.00,0.00
2015.01.30 13:59:32.113,12.63197,12.63541,0.00,0.00
2015.01.30 13:59:32.409,12.63238,12.63571,0.00,0.00
2015.01.30 13:59:32.459,12.63238,12.6358,0.00,0.00
2015.01.30 13:59:32.510,12.6322,12.63556,0.00,0.00
2015.01.30 13:59:32.561,12.63212,12.63556,0.00,0.00
2015.01.30 13:59:32.611,12.63198,12.6354,0.00,0.00
2015.01.30 13:59:33.040,12.63247,12.63581,0.00,0.00
2015.01.30 13:59:33.090,12.63247,12.63591,0.00,0.00
2015.01.30 13:59:33.141,12.63233,12.63562,0.00,0.00
2015.01.30 13:59:33.242,12.63197,12.63541,0.00,0.00
2015.01.30 13:59:34.257,12.63208,12.63552,0.00,0.00
2015.01.30 13:59:34.559,12.63249,12.63591,0.00,0.00
2015.01.30 13:59:35.151,12.63238,12.63582,0.00,0.00
2015.01.30 13:59:36.431,12.63238,12.63562,0.00,0.00
2015.01.30 13:59:36.482,12.63223,12.63562,0.00,0.00
2015.01.30 13:59:36.684,12.63199,12.63541,0.00,0.00
2015.01.30 13:59:37.162,12.63208,12.63552,0.00,0.00
2015.01.30 13:59:37.263,12.63233,12.63577,0.00,0.00
2015.01.30 13:59:37.875,12.63264,12.63601,0.00,0.00
2015.01.30 13:59:38.672,12.63309,12.63627,0.00,0.00
2015.01.30 13:59:38.773,12.63291,12.63627,0.00,0.00
2015.01.30 13:59:38.876,12.63298,12.63642,0.00,0.00
2015.01.30 13:59:39.622,12.63308,12.63642,0.00,0.00
2015.01.30 13:59:39.673,12.63309,12.63651,0.00,0.00
2015.01.30 13:59:39.773,12.63298,12.63642,0.00,0.00
2015.01.30 13:59:40.940,12.63298,12.63602,0.00,0.00
2015.01.30 13:59:40.991,12.63278,12.63602,0.00,0.00
2015.01.30 13:59:41.091,12.63268,12.63602,0.00,0.00
2015.01.30 13:59:41.162,12.63268,12.63612,0.00,0.00
2015.01.30 13:59:41.212,12.63283,12.63627,0.00,0.00
2015.01.30 13:59:41.530,12.63338,12.63682,0.00,0.00
2015.01.30 13:59:45.204,12.63348,12.63692,0.00,0.00
2015.01.30 13:59:56.445,12.63363,12.63707,0.00,0.00
2015.01.30 13:59:56.747,12.63428,12.63731,0.00,0.00
2015.01.30 13:59:56.797,12.63428,12.63772,0.00,0.00
2015.01.30 13:59:56.942,12.63449,12.63791,0.00,0.00
2015.01.30 13:59:58.540,12.63449,12.63771,0.00,0.00
2015.01.30 13:59:58.591,12.63434,12.63771,0.00,0.00
2015.01.30 13:59:58.692,12.63419,12.63742,0.00,0.00
2015.01.30 13:59:58.805,12.63398,12.63742,0.00,0.00
2015.01.30 13:59:59.849,12.63409,12.63751,0.00,0.00
2015.01.30 13:59:59.950,12.63433,12.63777,0.00,0.00
