2013.04.29 04:00:04.748,14.68297,14.68663,0.00,0.00
2013.04.29 04:00:08.369,14.68257,14.68557,0.00,0.00
2013.04.29 04:00:08.428,14.68228,14.68557,0.00,0.00
2013.04.29 04:00:08.524,14.6815,14.68516,0.00,0.00
2013.04.29 04:00:10.050,14.6817,14.68536,0.00,0.00
2013.04.29 04:00:27.160,14.68189,14.68555,0.00,0.00
2013.04.29 04:00:27.938,14.68209,14.68575,0.00,0.00
2013.04.29 04:00:28.250,14.68267,14.68633,0.00,0.00
2013.04.29 04:00:30.087,14.68239,14.68605,0.00,0.00
2013.04.29 04:00:43.917,14.6822,14.68586,0.00,0.00
2013.04.29 04:00:50.125,14.68239,14.68605,0.00,0.00
2013.04.29 04:01:02.778,14.68258,14.68624,0.00,0.00
2013.04.29 04:01:16.189,14.68287,14.68648,0.00,0.00
2013.04.29 04:01:18.977,14.68263,14.68629,0.00,0.00
2013.04.29 04:01:25.146,14.68287,14.68648,0.00,0.00
2013.04.29 04:01:27.976,14.68265,14.68631,0.00,0.00
2013.04.29 04:01:35.269,14.68263,14.68626,0.00,0.00
2013.04.29 04:01:36.271,14.68352,14.68652,0.00,0.00
2013.04.29 04:01:36.339,14.68341,14.68645,0.00,0.00
2013.04.29 04:01:36.458,14.68405,14.68771,0.00,0.00
2013.04.29 04:01:43.591,14.68444,14.6881,0.00,0.00
2013.04.29 04:01:44.052,14.68614,14.69052,0.00,0.00
2013.04.29 04:01:44.118,14.68444,14.68876,0.00,0.00
2013.04.29 04:01:44.238,14.69153,14.69647,0.00,0.00
2013.04.29 04:01:44.299,14.69423,14.69957,0.00,0.00
2013.04.29 04:01:44.400,14.69423,14.69957,0.00,0.00
2013.04.29 04:01:44.458,14.69353,14.70048,0.00,0.00
2013.04.29 04:01:44.579,14.69353,14.69948,0.00,0.00
2013.04.29 04:01:45.008,14.69452,14.69977,0.00,0.00
2013.04.29 04:01:45.070,14.69452,14.70007,0.00,0.00
2013.04.29 04:01:45.188,14.69452,14.70027,0.00,0.00
2013.04.29 04:01:45.308,14.69652,14.70027,0.00,0.00
2013.04.29 04:01:45.438,14.69652,14.70127,0.00,0.00
2013.04.29 04:01:45.559,14.69652,14.70148,0.00,0.00
2013.04.29 04:01:45.758,14.69552,14.70148,0.00,0.00
2013.04.29 04:01:46.772,14.69553,14.69948,0.00,0.00
2013.04.29 04:01:46.948,14.69352,14.69948,0.00,0.00
2013.04.29 04:01:48.090,14.69303,14.69848,0.00,0.00
2013.04.29 04:01:48.148,14.69263,14.69787,0.00,0.00
2013.04.29 04:01:48.701,14.69252,14.69747,0.00,0.00
2013.04.29 04:01:49.598,14.69273,14.69777,0.00,0.00
2013.04.29 04:01:49.718,14.69252,14.69727,0.00,0.00
2013.04.29 04:01:49.778,14.69203,14.69727,0.00,0.00
2013.04.29 04:01:49.838,14.69203,14.69727,0.00,0.00
2013.04.29 04:01:50.247,14.69303,14.69748,0.00,0.00
2013.04.29 04:01:50.679,14.69293,14.69717,0.00,0.00
2013.04.29 04:01:50.851,14.69293,14.69737,0.00,0.00
2013.04.29 04:01:50.915,14.69293,14.69748,0.00,0.00
2013.04.29 04:01:51.299,14.69293,14.6974,0.00,0.00
2013.04.29 04:01:51.673,14.69313,14.6974,0.00,0.00
2013.04.29 04:01:54.720,14.69313,14.69671,0.00,0.00
2013.04.29 04:01:56.748,14.69173,14.69539,0.00,0.00
2013.04.29 04:01:57.153,14.69152,14.69461,0.00,0.00
2013.04.29 04:01:57.462,14.68968,14.69334,0.00,0.00
2013.04.29 04:01:58.249,14.68998,14.69364,0.00,0.00
2013.04.29 04:02:00.263,14.69015,14.69381,0.00,0.00
2013.04.29 04:02:02.893,14.68996,14.69362,0.00,0.00
2013.04.29 04:02:03.976,14.69122,14.69467,0.00,0.00
2013.04.29 04:02:05.368,14.69144,14.6951,0.00,0.00
2013.04.29 04:02:05.858,14.68958,14.69324,0.00,0.00
2013.04.29 04:02:06.570,14.68952,14.69306,0.00,0.00
2013.04.29 04:02:14.360,14.68911,14.69215,0.00,0.00
2013.04.29 04:02:14.454,14.68824,14.6919,0.00,0.00
2013.04.29 04:02:14.978,14.68773,14.69139,0.00,0.00
2013.04.29 04:02:15.609,14.6874,14.69126,0.00,0.00
2013.04.29 04:02:16.019,14.68833,14.69141,0.00,0.00
2013.04.29 04:02:16.138,14.68833,14.69309,0.00,0.00
2013.04.29 04:02:21.308,14.68833,14.69327,0.00,0.00
2013.04.29 04:02:21.709,14.68883,14.69249,0.00,0.00
2013.04.29 04:02:32.638,14.68904,14.6927,0.00,0.00
2013.04.29 04:02:33.152,14.68957,14.69323,0.00,0.00
2013.04.29 04:02:53.200,14.68956,14.69322,0.00,0.00
2013.04.29 04:03:09.088,14.68881,14.69247,0.00,0.00
2013.04.29 04:03:09.456,14.68861,14.69227,0.00,0.00
2013.04.29 04:03:21.169,14.68906,14.69272,0.00,0.00
2013.04.29 04:03:21.608,14.68858,14.69224,0.00,0.00
2013.04.29 04:03:22.082,14.68877,14.69243,0.00,0.00
2013.04.29 04:03:23.727,14.68858,14.69224,0.00,0.00
2013.04.29 04:03:32.719,14.68895,14.69261,0.00,0.00
2013.04.29 04:03:33.059,14.68854,14.6922,0.00,0.00
2013.04.29 04:03:41.223,14.68818,14.69184,0.00,0.00
2013.04.29 04:03:50.109,14.68839,14.69205,0.00,0.00
2013.04.29 04:03:50.485,14.68815,14.69181,0.00,0.00
2013.04.29 04:03:51.100,14.68832,14.69198,0.00,0.00
2013.04.29 04:03:51.759,14.68812,14.69178,0.00,0.00
2013.04.29 04:03:59.819,14.68788,14.69154,0.00,0.00
2013.04.29 04:04:00.548,14.68753,14.6907,0.00,0.00
2013.04.29 04:04:00.945,14.68746,14.6905,0.00,0.00
2013.04.29 04:04:00.999,14.68693,14.69028,0.00,0.00
2013.04.29 04:04:01.307,14.68693,14.69047,0.00,0.00
2013.04.29 04:04:01.749,14.68603,14.68941,0.00,0.00
2013.04.29 04:04:06.229,14.68629,14.68995,0.00,0.00
2013.04.29 04:04:07.810,14.68605,14.68971,0.00,0.00
2013.04.29 04:04:08.979,14.68643,14.69009,0.00,0.00
2013.04.29 04:04:14.884,14.68606,14.68972,0.00,0.00
2013.04.29 04:04:19.539,14.68723,14.69023,0.00,0.00
2013.04.29 04:04:19.689,14.68758,14.69124,0.00,0.00
2013.04.29 04:04:19.750,14.68777,14.69143,0.00,0.00
2013.04.29 04:04:25.482,14.68817,14.69183,0.00,0.00
2013.04.29 04:04:25.802,14.68789,14.69155,0.00,0.00
2013.04.29 04:04:27.689,14.68818,14.69184,0.00,0.00
2013.04.29 04:04:28.115,14.68858,14.69224,0.00,0.00
2013.04.29 04:04:32.348,14.68752,14.69098,0.00,0.00
2013.04.29 04:04:32.735,14.68752,14.69068,0.00,0.00
2013.04.29 04:04:33.039,14.68752,14.69088,0.00,0.00
2013.04.29 04:04:33.729,14.68752,14.69106,0.00,0.00
2013.04.29 04:04:43.567,14.68701,14.69067,0.00,0.00
2013.04.29 04:04:54.129,14.68728,14.69094,0.00,0.00
2013.04.29 04:04:55.304,14.68728,14.69094,0.00,0.00
2013.04.29 04:05:02.040,14.687,14.69066,0.00,0.00
2013.04.29 04:05:02.749,14.6872,14.69086,0.00,0.00
2013.04.29 04:05:03.097,14.68779,14.69145,0.00,0.00
2013.04.29 04:05:03.803,14.68759,14.69125,0.00,0.00
2013.04.29 04:05:04.380,14.68733,14.69099,0.00,0.00
2013.04.29 04:05:04.964,14.68803,14.69186,0.00,0.00
2013.04.29 04:05:05.019,14.68803,14.69122,0.00,0.00
2013.04.29 04:05:05.079,14.68803,14.69167,0.00,0.00
2013.04.29 04:05:05.469,14.68803,14.69148,0.00,0.00
2013.04.29 04:05:06.988,14.68803,14.69166,0.00,0.00
2013.04.29 04:05:07.649,14.6882,14.69186,0.00,0.00
2013.04.29 04:05:08.259,14.68815,14.69181,0.00,0.00
2013.04.29 04:05:12.719,14.68852,14.69211,0.00,0.00
2013.04.29 04:05:15.199,14.68852,14.69211,0.00,0.00
2013.04.29 04:05:15.910,14.68861,14.69227,0.00,0.00
2013.04.29 04:05:26.200,14.68887,14.69248,0.00,0.00
2013.04.29 04:05:26.797,14.68906,14.69272,0.00,0.00
2013.04.29 04:05:40.191,14.6893,14.69296,0.00,0.00
2013.04.29 04:05:40.900,14.68911,14.69277,0.00,0.00
2013.04.29 04:06:01.231,14.6892,14.69286,0.00,0.00
2013.04.29 04:06:21.160,14.68932,14.69298,0.00,0.00
2013.04.29 04:06:41.098,14.68933,14.69299,0.00,0.00
2013.04.29 04:06:53.819,14.68967,14.69333,0.00,0.00
2013.04.29 04:06:54.180,14.69024,14.6939,0.00,0.00
2013.04.29 04:06:54.919,14.69079,14.69445,0.00,0.00
2013.04.29 04:06:55.414,14.69062,14.69428,0.00,0.00
2013.04.29 04:07:01.909,14.691,14.69466,0.00,0.00
2013.04.29 04:07:02.330,14.69121,14.69487,0.00,0.00
2013.04.29 04:07:09.499,14.69092,14.69458,0.00,0.00
2013.04.29 04:07:09.933,14.69046,14.69347,0.00,0.00
2013.04.29 04:07:10.030,14.69035,14.69339,0.00,0.00
2013.04.29 04:07:10.089,14.68973,14.69339,0.00,0.00
2013.04.29 04:07:10.149,14.68955,14.69321,0.00,0.00
2013.04.29 04:07:10.489,14.68849,14.69215,0.00,0.00
2013.04.29 04:07:10.876,14.6877,14.69136,0.00,0.00
2013.04.29 04:07:20.889,14.68801,14.69167,0.00,0.00
2013.04.29 04:07:23.439,14.6882,14.69186,0.00,0.00
2013.04.29 04:07:23.902,14.68878,14.69244,0.00,0.00
2013.04.29 04:07:24.210,14.6886,14.69226,0.00,0.00
2013.04.29 04:07:29.466,14.68898,14.69264,0.00,0.00
2013.04.29 04:07:30.131,14.68859,14.69225,0.00,0.00
2013.04.29 04:07:32.650,14.68897,14.69263,0.00,0.00
2013.04.29 04:07:33.180,14.68917,14.69283,0.00,0.00
2013.04.29 04:07:53.100,14.68921,14.69287,0.00,0.00
2013.04.29 04:07:54.630,14.68895,14.69261,0.00,0.00
2013.04.29 04:08:15.190,14.689,14.69266,0.00,0.00
2013.04.29 04:08:20.114,14.68946,14.69312,0.00,0.00
2013.04.29 04:08:21.251,14.68907,14.69273,0.00,0.00
2013.04.29 04:08:31.590,14.68935,14.69301,0.00,0.00
2013.04.29 04:08:32.190,14.68897,14.69263,0.00,0.00
2013.04.29 04:08:41.169,14.68916,14.69282,0.00,0.00
2013.04.29 04:08:43.241,14.68953,14.69319,0.00,0.00
2013.04.29 04:08:55.279,14.69006,14.69367,0.00,0.00
2013.04.29 04:08:56.091,14.68958,14.69324,0.00,0.00
2013.04.29 04:09:02.669,14.69052,14.69352,0.00,0.00
2013.04.29 04:09:02.764,14.69064,14.69417,0.00,0.00
2013.04.29 04:09:17.300,14.69052,14.69401,0.00,0.00
2013.04.29 04:09:18.289,14.69016,14.69377,0.00,0.00
2013.04.29 04:09:18.755,14.68997,14.69363,0.00,0.00
2013.04.29 04:09:19.315,14.68966,14.69332,0.00,0.00
2013.04.29 04:09:28.309,14.68996,14.69362,0.00,0.00
2013.04.29 04:09:47.500,14.69012,14.69378,0.00,0.00
2013.04.29 04:10:02.599,14.69052,14.69396,0.00,0.00
2013.04.29 04:10:02.970,14.69056,14.69422,0.00,0.00
2013.04.29 04:10:04.170,14.69075,14.69441,0.00,0.00
2013.04.29 04:10:05.639,14.69096,14.69462,0.00,0.00
2013.04.29 04:10:06.689,14.69205,14.69571,0.00,0.00
2013.04.29 04:10:08.228,14.69224,14.6959,0.00,0.00
2013.04.29 04:10:08.858,14.69206,14.69572,0.00,0.00
2013.04.29 04:10:12.666,14.69231,14.69597,0.00,0.00
2013.04.29 04:10:13.216,14.69254,14.6962,0.00,0.00
2013.04.29 04:10:33.200,14.69264,14.6963,0.00,0.00
2013.04.29 04:10:46.679,14.69294,14.6966,0.00,0.00
2013.04.29 04:10:47.019,14.69275,14.69641,0.00,0.00
2013.04.29 04:10:47.620,14.69252,14.69612,0.00,0.00
2013.04.29 04:10:48.005,14.69262,14.69628,0.00,0.00
2013.04.29 04:11:03.184,14.69261,14.69627,0.00,0.00
2013.04.29 04:11:03.570,14.69282,14.69648,0.00,0.00
2013.04.29 04:11:20.609,14.69209,14.69575,0.00,0.00
2013.04.29 04:11:21.519,14.69233,14.69599,0.00,0.00
2013.04.29 04:11:28.080,14.69256,14.69622,0.00,0.00
2013.04.29 04:11:31.418,14.69286,14.69652,0.00,0.00
2013.04.29 04:11:31.800,14.69152,14.69518,0.00,0.00
2013.04.29 04:11:32.230,14.69083,14.69449,0.00,0.00
2013.04.29 04:11:32.769,14.69151,14.69517,0.00,0.00
2013.04.29 04:11:33.199,14.69132,14.69498,0.00,0.00
2013.04.29 04:11:33.541,14.69113,14.69479,0.00,0.00
2013.04.29 04:11:34.641,14.69159,14.69525,0.00,0.00
2013.04.29 04:11:35.510,14.69176,14.69542,0.00,0.00
2013.04.29 04:11:44.422,14.69201,14.69567,0.00,0.00
2013.04.29 04:11:45.373,14.69219,14.69585,0.00,0.00
2013.04.29 04:11:46.661,14.69249,14.69615,0.00,0.00
2013.04.29 04:12:02.859,14.69326,14.69692,0.00,0.00
2013.04.29 04:12:12.640,14.69292,14.69658,0.00,0.00
2013.04.29 04:12:13.131,14.69241,14.69607,0.00,0.00
2013.04.29 04:12:17.871,14.69097,14.69463,0.00,0.00
2013.04.29 04:12:26.900,14.69117,14.69483,0.00,0.00
2013.04.29 04:12:30.799,14.69136,14.69502,0.00,0.00
2013.04.29 04:12:31.640,14.69156,14.69522,0.00,0.00
2013.04.29 04:12:32.269,14.69203,14.69569,0.00,0.00
2013.04.29 04:12:32.709,14.69223,14.69589,0.00,0.00
2013.04.29 04:12:33.322,14.69242,14.69608,0.00,0.00
2013.04.29 04:12:34.072,14.69269,14.69635,0.00,0.00
2013.04.29 04:12:34.680,14.69295,14.69661,0.00,0.00
2013.04.29 04:12:35.691,14.69312,14.69678,0.00,0.00
2013.04.29 04:12:42.941,14.69296,14.69662,0.00,0.00
2013.04.29 04:12:44.219,14.69297,14.69663,0.00,0.00
2013.04.29 04:12:46.949,14.69328,14.69694,0.00,0.00
2013.04.29 04:12:58.389,14.69347,14.69713,0.00,0.00
2013.04.29 04:12:59.599,14.69368,14.69734,0.00,0.00
2013.04.29 04:13:00.809,14.69387,14.69753,0.00,0.00
2013.04.29 04:13:17.860,14.69407,14.69773,0.00,0.00
2013.04.29 04:13:32.760,14.69453,14.69819,0.00,0.00
2013.04.29 04:13:49.810,14.69522,14.69888,0.00,0.00
2013.04.29 04:13:51.258,14.69551,14.69917,0.00,0.00
2013.04.29 04:13:52.049,14.6957,14.69936,0.00,0.00
2013.04.29 04:13:54.388,14.69534,14.699,0.00,0.00
2013.04.29 04:13:54.870,14.69553,14.69919,0.00,0.00
2013.04.29 04:13:57.311,14.69544,14.6991,0.00,0.00
2013.04.29 04:14:02.681,14.69571,14.69937,0.00,0.00
2013.04.29 04:14:09.002,14.69552,14.69899,0.00,0.00
2013.04.29 04:14:09.309,14.69438,14.69804,0.00,0.00
2013.04.29 04:14:09.811,14.69359,14.69725,0.00,0.00
2013.04.29 04:14:13.140,14.69399,14.69765,0.00,0.00
2013.04.29 04:14:13.851,14.6937,14.69736,0.00,0.00
2013.04.29 04:14:17.670,14.694,14.69766,0.00,0.00
2013.04.29 04:14:18.765,14.69404,14.6977,0.00,0.00
2013.04.29 04:14:27.740,14.69466,14.6977,0.00,0.00
2013.04.29 04:14:27.936,14.69533,14.69919,0.00,0.00
2013.04.29 04:14:28.340,14.69531,14.69937,0.00,0.00
2013.04.29 04:14:36.182,14.69584,14.6995,0.00,0.00
2013.04.29 04:14:36.821,14.69522,14.69928,0.00,0.00
2013.04.29 04:14:44.809,14.69524,14.6991,0.00,0.00
2013.04.29 04:14:50.298,14.69565,14.69931,0.00,0.00
2013.04.29 04:14:52.138,14.69624,14.6999,0.00,0.00
2013.04.29 04:14:52.915,14.69585,14.69951,0.00,0.00
2013.04.29 04:14:53.850,14.69489,14.69855,0.00,0.00
2013.04.29 04:14:56.330,14.69469,14.69835,0.00,0.00
2013.04.29 04:14:58.796,14.6945,14.69816,0.00,0.00
2013.04.29 04:14:59.432,14.69431,14.69797,0.00,0.00
2013.04.29 04:15:02.710,14.69467,14.69833,0.00,0.00
2013.04.29 04:15:03.559,14.69496,14.69862,0.00,0.00
2013.04.29 04:15:04.645,14.69603,14.69917,0.00,0.00
2013.04.29 04:15:14.672,14.6949,14.69856,0.00,0.00
2013.04.29 04:15:14.984,14.69552,14.69895,0.00,0.00
2013.04.29 04:15:15.872,14.69559,14.69925,0.00,0.00
2013.04.29 04:15:16.851,14.69578,14.69944,0.00,0.00
2013.04.29 04:15:19.710,14.69648,14.70014,0.00,0.00
2013.04.29 04:15:22.400,14.6967,14.70036,0.00,0.00
2013.04.29 04:15:23.886,14.69689,14.70055,0.00,0.00
2013.04.29 04:15:26.170,14.69597,14.69963,0.00,0.00
2013.04.29 04:15:27.520,14.69577,14.69943,0.00,0.00
2013.04.29 04:15:46.964,14.69558,14.69924,0.00,0.00
2013.04.29 04:15:56.980,14.69542,14.69908,0.00,0.00
2013.04.29 04:15:58.720,14.69522,14.69888,0.00,0.00
2013.04.29 04:15:59.557,14.69565,14.69931,0.00,0.00
2013.04.29 04:15:59.962,14.69521,14.69887,0.00,0.00
2013.04.29 04:16:01.211,14.69483,14.69849,0.00,0.00
2013.04.29 04:16:22.095,14.69487,14.69853,0.00,0.00
2013.04.29 04:16:32.710,14.69503,14.69869,0.00,0.00
2013.04.29 04:16:49.280,14.69522,14.69888,0.00,0.00
2013.04.29 04:16:51.261,14.69475,14.69841,0.00,0.00
2013.04.29 04:17:12.103,14.69473,14.69834,0.00,0.00
2013.04.29 04:17:24.550,14.69493,14.69859,0.00,0.00
2013.04.29 04:17:42.905,14.69474,14.6984,0.00,0.00
2013.04.29 04:17:52.278,14.69492,14.69858,0.00,0.00
2013.04.29 04:18:02.791,14.69523,14.69889,0.00,0.00
2013.04.29 04:18:21.831,14.69503,14.69869,0.00,0.00
2013.04.29 04:18:26.964,14.69553,14.69919,0.00,0.00
2013.04.29 04:18:28.001,14.69528,14.69894,0.00,0.00
2013.04.29 04:18:28.715,14.69503,14.69869,0.00,0.00
2013.04.29 04:18:32.593,14.69533,14.69899,0.00,0.00
2013.04.29 04:18:33.172,14.69572,14.69938,0.00,0.00
2013.04.29 04:18:33.494,14.69667,14.70033,0.00,0.00
2013.04.29 04:18:34.232,14.69559,14.69925,0.00,0.00
2013.04.29 04:18:36.310,14.69578,14.69944,0.00,0.00
2013.04.29 04:18:36.620,14.69661,14.70027,0.00,0.00
2013.04.29 04:18:38.951,14.69683,14.70049,0.00,0.00
2013.04.29 04:18:39.302,14.69676,14.70042,0.00,0.00
2013.04.29 04:18:42.011,14.69705,14.70071,0.00,0.00
2013.04.29 04:18:46.360,14.69785,14.70151,0.00,0.00
2013.04.29 04:18:47.250,14.69761,14.70127,0.00,0.00
2013.04.29 04:18:47.590,14.69784,14.7015,0.00,0.00
2013.04.29 04:18:48.210,14.69747,14.70113,0.00,0.00
2013.04.29 04:18:48.649,14.69728,14.70094,0.00,0.00
2013.04.29 04:18:49.309,14.69689,14.70055,0.00,0.00
2013.04.29 04:18:50.411,14.69786,14.70152,0.00,0.00
2013.04.29 04:18:51.249,14.69747,14.70113,0.00,0.00
2013.04.29 04:18:55.011,14.69768,14.70134,0.00,0.00
2013.04.29 04:19:01.411,14.69796,14.70162,0.00,0.00
2013.04.29 04:19:02.547,14.69777,14.70143,0.00,0.00
2013.04.29 04:19:04.191,14.69807,14.70173,0.00,0.00
2013.04.29 04:19:08.237,14.69952,14.70253,0.00,0.00
2013.04.29 04:19:08.360,14.69904,14.70208,0.00,0.00
2013.04.29 04:19:08.525,14.69997,14.70363,0.00,0.00
2013.04.29 04:19:08.634,14.69948,14.70252,0.00,0.00
2013.04.29 04:19:08.980,14.69926,14.7023,0.00,0.00
2013.04.29 04:19:09.341,14.69907,14.70211,0.00,0.00
2013.04.29 04:19:11.483,14.69935,14.70239,0.00,0.00
2013.04.29 04:19:11.628,14.69913,14.70239,0.00,0.00
2013.04.29 04:19:12.233,14.69893,14.70196,0.00,0.00
2013.04.29 04:19:17.129,14.69952,14.70252,0.00,0.00
2013.04.29 04:19:17.190,14.69916,14.7022,0.00,0.00
2013.04.29 04:19:17.250,14.69936,14.7024,0.00,0.00
2013.04.29 04:19:18.681,14.69981,14.70347,0.00,0.00
2013.04.29 04:19:19.400,14.69961,14.70327,0.00,0.00
2013.04.29 04:19:20.134,14.69981,14.70347,0.00,0.00
2013.04.29 04:19:20.448,14.69942,14.70308,0.00,0.00
2013.04.29 04:19:28.020,14.69884,14.7025,0.00,0.00
2013.04.29 04:19:28.759,14.69837,14.70203,0.00,0.00
2013.04.29 04:19:32.731,14.69854,14.7022,0.00,0.00
2013.04.29 04:19:39.452,14.69952,14.70252,0.00,0.00
2013.04.29 04:19:39.690,14.69946,14.7025,0.00,0.00
2013.04.29 04:19:39.750,14.69989,14.70355,0.00,0.00
2013.04.29 04:19:42.386,14.70008,14.70374,0.00,0.00
2013.04.29 04:19:48.179,14.6999,14.70356,0.00,0.00
2013.04.29 04:19:52.390,14.70065,14.70431,0.00,0.00
2013.04.29 04:19:53.151,14.70049,14.70415,0.00,0.00
2013.04.29 04:19:54.181,14.70069,14.70435,0.00,0.00
2013.04.29 04:19:58.772,14.70108,14.70474,0.00,0.00
2013.04.29 04:20:00.030,14.70137,14.70503,0.00,0.00
2013.04.29 04:20:02.481,14.70052,14.70416,0.00,0.00
2013.04.29 04:20:03.243,14.70075,14.70441,0.00,0.00
2013.04.29 04:20:05.450,14.70105,14.70471,0.00,0.00
2013.04.29 04:20:05.840,14.70157,14.70523,0.00,0.00
2013.04.29 04:20:06.220,14.70211,14.70577,0.00,0.00
2013.04.29 04:20:06.550,14.70218,14.70584,0.00,0.00
2013.04.29 04:20:07.471,14.70264,14.7063,0.00,0.00
2013.04.29 04:20:12.581,14.7029,14.70656,0.00,0.00
2013.04.29 04:20:15.056,14.70319,14.70685,0.00,0.00
2013.04.29 04:20:16.031,14.70302,14.70668,0.00,0.00
2013.04.29 04:20:17.058,14.70333,14.70699,0.00,0.00
2013.04.29 04:20:17.386,14.70309,14.70675,0.00,0.00
2013.04.29 04:20:23.471,14.70358,14.70724,0.00,0.00
2013.04.29 04:20:24.572,14.70361,14.70727,0.00,0.00
2013.04.29 04:20:25.300,14.7032,14.70686,0.00,0.00
2013.04.29 04:20:27.262,14.70291,14.70657,0.00,0.00
2013.04.29 04:20:32.781,14.70369,14.70735,0.00,0.00
2013.04.29 04:20:34.390,14.70352,14.70718,0.00,0.00
2013.04.29 04:20:39.042,14.70315,14.70681,0.00,0.00
2013.04.29 04:20:39.372,14.70281,14.70647,0.00,0.00
2013.04.29 04:20:40.612,14.7019,14.70556,0.00,0.00
2013.04.29 04:20:41.160,14.70134,14.705,0.00,0.00
2013.04.29 04:20:42.430,14.70153,14.70519,0.00,0.00
2013.04.29 04:20:43.521,14.70124,14.7049,0.00,0.00
2013.04.29 04:20:46.880,14.70104,14.7047,0.00,0.00
2013.04.29 04:20:49.270,14.70065,14.70431,0.00,0.00
2013.04.29 04:20:49.919,14.70089,14.70455,0.00,0.00
2013.04.29 04:20:50.671,14.70065,14.70431,0.00,0.00
2013.04.29 04:20:51.041,14.70056,14.70422,0.00,0.00
2013.04.29 04:20:51.691,14.70084,14.7045,0.00,0.00
2013.04.29 04:20:52.431,14.70113,14.70479,0.00,0.00
2013.04.29 04:20:53.168,14.70152,14.70505,0.00,0.00
2013.04.29 04:20:53.800,14.70266,14.70632,0.00,0.00
2013.04.29 04:20:54.231,14.70295,14.70661,0.00,0.00
2013.04.29 04:20:55.132,14.70276,14.70642,0.00,0.00
2013.04.29 04:20:57.771,14.70352,14.70652,0.00,0.00
2013.04.29 04:20:58.030,14.70352,14.70695,0.00,0.00
2013.04.29 04:20:58.091,14.70358,14.70724,0.00,0.00
2013.04.29 04:21:00.280,14.7034,14.70706,0.00,0.00
2013.04.29 04:21:02.860,14.7036,14.70726,0.00,0.00
2013.04.29 04:21:04.033,14.70352,14.70705,0.00,0.00
2013.04.29 04:21:05.396,14.70359,14.70725,0.00,0.00
2013.04.29 04:21:10.620,14.7038,14.70746,0.00,0.00
2013.04.29 04:21:11.004,14.70363,14.70729,0.00,0.00
2013.04.29 04:21:12.042,14.70312,14.70678,0.00,0.00
2013.04.29 04:21:18.610,14.70352,14.70715,0.00,0.00
2013.04.29 04:21:18.969,14.70369,14.70735,0.00,0.00
2013.04.29 04:21:19.452,14.70378,14.70744,0.00,0.00
2013.04.29 04:21:23.021,14.7036,14.70726,0.00,0.00
2013.04.29 04:21:25.735,14.70292,14.70658,0.00,0.00
2013.04.29 04:21:26.800,14.7032,14.70686,0.00,0.00
2013.04.29 04:21:33.499,14.70301,14.70667,0.00,0.00
2013.04.29 04:21:35.610,14.70281,14.70647,0.00,0.00
2013.04.29 04:21:56.161,14.70278,14.70644,0.00,0.00
2013.04.29 04:22:12.839,14.70237,14.70537,0.00,0.00
2013.04.29 04:22:12.900,14.70127,14.70493,0.00,0.00
2013.04.29 04:22:12.961,14.70098,14.70464,0.00,0.00
2013.04.29 04:22:33.252,14.70091,14.70457,0.00,0.00
2013.04.29 04:23:02.730,14.70152,14.70486,0.00,0.00
2013.04.29 04:23:03.052,14.70152,14.70515,0.00,0.00
2013.04.29 04:23:23.141,14.70152,14.70511,0.00,0.00
2013.04.29 04:23:44.132,14.70152,14.70509,0.00,0.00
2013.04.29 04:23:46.731,14.70083,14.70449,0.00,0.00
2013.04.29 04:23:47.282,14.70082,14.70448,0.00,0.00
2013.04.29 04:23:48.673,14.70052,14.70418,0.00,0.00
2013.04.29 04:23:49.285,14.70072,14.70438,0.00,0.00
2013.04.29 04:24:10.182,14.70078,14.70444,0.00,0.00
2013.04.29 04:24:34.284,14.70103,14.70469,0.00,0.00
2013.04.29 04:24:42.703,14.70084,14.7045,0.00,0.00
2013.04.29 04:24:51.350,14.69986,14.70352,0.00,0.00
2013.04.29 04:24:53.120,14.69956,14.70322,0.00,0.00
2013.04.29 04:24:58.331,14.69975,14.70341,0.00,0.00
2013.04.29 04:24:58.981,14.69937,14.70303,0.00,0.00
2013.04.29 04:24:59.335,14.69898,14.70264,0.00,0.00
2013.04.29 04:25:00.629,14.69879,14.70245,0.00,0.00
2013.04.29 04:25:03.341,14.6986,14.70226,0.00,0.00
2013.04.29 04:25:16.601,14.69735,14.70101,0.00,0.00
2013.04.29 04:25:17.521,14.69653,14.70146,0.00,0.00
2013.04.29 04:25:23.256,14.69752,14.70146,0.00,0.00
2013.04.29 04:25:23.519,14.69752,14.70147,0.00,0.00
2013.04.29 04:25:30.320,14.69654,14.70148,0.00,0.00
2013.04.29 04:25:30.440,14.69652,14.70127,0.00,0.00
2013.04.29 04:25:30.992,14.69652,14.70127,0.00,0.00
2013.04.29 04:25:31.522,14.69652,14.70123,0.00,0.00
2013.04.29 04:25:31.960,14.69652,14.70127,0.00,0.00
2013.04.29 04:25:32.861,14.69716,14.70082,0.00,0.00
2013.04.29 04:25:47.536,14.69688,14.70054,0.00,0.00
2013.04.29 04:25:47.976,14.69712,14.70078,0.00,0.00
2013.04.29 04:26:08.181,14.69719,14.70085,0.00,0.00
2013.04.29 04:26:09.281,14.697,14.70066,0.00,0.00
2013.04.29 04:26:11.661,14.69716,14.70082,0.00,0.00
2013.04.29 04:26:12.642,14.69685,14.70051,0.00,0.00
2013.04.29 04:26:16.822,14.69701,14.70067,0.00,0.00
2013.04.29 04:26:34.361,14.69769,14.70127,0.00,0.00
2013.04.29 04:26:34.705,14.69808,14.70174,0.00,0.00
2013.04.29 04:26:35.073,14.69895,14.70261,0.00,0.00
2013.04.29 04:26:40.483,14.69926,14.70292,0.00,0.00
2013.04.29 04:26:46.371,14.69886,14.70252,0.00,0.00
2013.04.29 04:27:03.191,14.69913,14.70279,0.00,0.00
2013.04.29 04:27:05.231,14.6996,14.70326,0.00,0.00
2013.04.29 04:27:12.145,14.69952,14.70289,0.00,0.00
2013.04.29 04:27:24.321,14.69967,14.70333,0.00,0.00
2013.04.29 04:27:25.911,14.69984,14.70348,0.00,0.00
2013.04.29 04:27:32.750,14.70005,14.70348,0.00,0.00
2013.04.29 04:27:33.641,14.69987,14.70287,0.00,0.00
2013.04.29 04:27:33.772,14.69964,14.70277,0.00,0.00
2013.04.29 04:27:33.832,14.6984,14.70206,0.00,0.00
2013.04.29 04:27:41.548,14.69823,14.70189,0.00,0.00
2013.04.29 04:27:47.611,14.69803,14.70169,0.00,0.00
2013.04.29 04:27:56.254,14.69872,14.70227,0.00,0.00
2013.04.29 04:27:56.584,14.69927,14.70287,0.00,0.00
2013.04.29 04:27:57.025,14.69952,14.70315,0.00,0.00
2013.04.29 04:27:58.172,14.69981,14.70347,0.00,0.00
2013.04.29 04:28:16.424,14.69977,14.70277,0.00,0.00
2013.04.29 04:28:16.502,14.69952,14.7031,0.00,0.00
2013.04.29 04:28:16.562,14.69904,14.70208,0.00,0.00
2013.04.29 04:28:16.650,14.69842,14.70208,0.00,0.00
2013.04.29 04:28:20.248,14.6986,14.70226,0.00,0.00
2013.04.29 04:28:21.017,14.6989,14.70256,0.00,0.00
2013.04.29 04:28:23.677,14.69851,14.70217,0.00,0.00
2013.04.29 04:28:24.557,14.69938,14.70277,0.00,0.00
2013.04.29 04:28:25.221,14.6991,14.70276,0.00,0.00
2013.04.29 04:28:33.421,14.69948,14.70314,0.00,0.00
2013.04.29 04:28:34.485,14.69967,14.70333,0.00,0.00
2013.04.29 04:28:35.242,14.69939,14.70305,0.00,0.00
2013.04.29 04:28:40.772,14.69956,14.70322,0.00,0.00
2013.04.29 04:28:41.263,14.69928,14.70294,0.00,0.00
2013.04.29 04:28:45.932,14.69908,14.70274,0.00,0.00
2013.04.29 04:28:46.262,14.69913,14.70213,0.00,0.00
2013.04.29 04:28:47.402,14.69887,14.70187,0.00,0.00
2013.04.29 04:28:47.473,14.69786,14.70087,0.00,0.00
2013.04.29 04:28:47.591,14.69857,14.70157,0.00,0.00
2013.04.29 04:28:49.051,14.69876,14.70176,0.00,0.00
2013.04.29 04:28:58.253,14.69827,14.70127,0.00,0.00
2013.04.29 04:28:58.311,14.69903,14.70203,0.00,0.00
2013.04.29 04:29:03.432,14.69922,14.70222,0.00,0.00
2013.04.29 04:29:03.801,14.69856,14.70157,0.00,0.00
2013.04.29 04:29:14.792,14.69922,14.70226,0.00,0.00
2013.04.29 04:29:15.901,14.69952,14.70252,0.00,0.00
2013.04.29 04:29:32.741,14.69952,14.70274,0.00,0.00
2013.04.29 04:29:33.811,14.69952,14.70254,0.00,0.00
2013.04.29 04:29:39.181,14.69872,14.70197,0.00,0.00
2013.04.29 04:29:49.092,14.69852,14.70197,0.00,0.00
2013.04.29 04:29:54.403,14.69852,14.70157,0.00,0.00
2013.04.29 04:29:54.783,14.69794,14.70157,0.00,0.00
2013.04.29 04:29:55.415,14.69774,14.7014,0.00,0.00
2013.04.29 04:30:00.801,14.69757,14.70097,0.00,0.00
2013.04.29 04:30:01.216,14.69736,14.70097,0.00,0.00
2013.04.29 04:30:02.361,14.69765,14.70097,0.00,0.00
2013.04.29 04:30:03.881,14.69746,14.70097,0.00,0.00
2013.04.29 04:30:04.497,14.69771,14.70117,0.00,0.00
2013.04.29 04:30:12.551,14.69752,14.70097,0.00,0.00
2013.04.29 04:30:16.712,14.69752,14.70057,0.00,0.00
2013.04.29 04:30:17.240,14.69752,14.70057,0.00,0.00
2013.04.29 04:30:18.759,14.69758,14.70097,0.00,0.00
2013.04.29 04:30:19.171,14.69777,14.70127,0.00,0.00
2013.04.29 04:30:19.804,14.69752,14.70057,0.00,0.00
2013.04.29 04:30:20.543,14.69752,14.70057,0.00,0.00
2013.04.29 04:30:24.541,14.69759,14.70107,0.00,0.00
2013.04.29 04:30:24.892,14.69891,14.70217,0.00,0.00
2013.04.29 04:30:25.442,14.69853,14.70217,0.00,0.00
2013.04.29 04:30:25.841,14.69877,14.70217,0.00,0.00
2013.04.29 04:30:29.927,14.69861,14.70217,0.00,0.00
2013.04.29 04:30:30.921,14.69881,14.70217,0.00,0.00
2013.04.29 04:30:32.811,14.699,14.70266,0.00,0.00
2013.04.29 04:30:33.360,14.69933,14.70267,0.00,0.00
2013.04.29 04:30:34.805,14.69954,14.7032,0.00,0.00
2013.04.29 04:30:35.171,14.70001,14.70367,0.00,0.00
2013.04.29 04:30:35.785,14.69984,14.7035,0.00,0.00
2013.04.29 04:30:40.781,14.69956,14.70257,0.00,0.00
2013.04.29 04:30:40.854,14.69854,14.7022,0.00,0.00
2013.04.29 04:30:43.343,14.69877,14.70217,0.00,0.00
2013.04.29 04:30:43.682,14.69872,14.70217,0.00,0.00
2013.04.29 04:30:44.873,14.69895,14.70247,0.00,0.00
2013.04.29 04:30:45.286,14.69924,14.70267,0.00,0.00
2013.04.29 04:30:45.641,14.69926,14.70287,0.00,0.00
2013.04.29 04:30:47.831,14.69889,14.70255,0.00,0.00
2013.04.29 04:30:48.222,14.69908,14.70267,0.00,0.00
2013.04.29 04:30:49.583,14.6988,14.70246,0.00,0.00
2013.04.29 04:30:51.071,14.69849,14.70215,0.00,0.00
2013.04.29 04:30:51.801,14.6991,14.70247,0.00,0.00
2013.04.29 04:30:52.111,14.69927,14.70267,0.00,0.00
2013.04.29 04:30:52.551,14.69911,14.70277,0.00,0.00
2013.04.29 04:30:52.893,14.69936,14.70302,0.00,0.00
2013.04.29 04:30:57.261,14.69898,14.70264,0.00,0.00
2013.04.29 04:31:01.241,14.6983,14.70196,0.00,0.00
2013.04.29 04:31:01.908,14.69782,14.70148,0.00,0.00
2013.04.29 04:31:02.973,14.69802,14.70168,0.00,0.00
2013.04.29 04:31:06.224,14.6984,14.70206,0.00,0.00
2013.04.29 04:31:06.553,14.69831,14.70197,0.00,0.00
2013.04.29 04:31:06.872,14.69888,14.70237,0.00,0.00
2013.04.29 04:31:07.181,14.69927,14.70257,0.00,0.00
2013.04.29 04:31:07.548,14.69884,14.7025,0.00,0.00
2013.04.29 04:31:08.867,14.69917,14.70257,0.00,0.00
2013.04.29 04:31:09.221,14.69935,14.70257,0.00,0.00
2013.04.29 04:31:10.377,14.69961,14.70265,0.00,0.00
2013.04.29 04:31:10.601,14.69963,14.70297,0.00,0.00
2013.04.29 04:31:15.051,14.69983,14.70317,0.00,0.00
2013.04.29 04:31:30.173,14.70033,14.70387,0.00,0.00
2013.04.29 04:31:30.592,14.70013,14.70379,0.00,0.00
2013.04.29 04:31:32.721,14.70032,14.70387,0.00,0.00
2013.04.29 04:31:39.162,14.7005,14.70416,0.00,0.00
2013.04.29 04:31:45.552,14.70074,14.7044,0.00,0.00
2013.04.29 04:32:01.055,14.7009,14.70448,0.00,0.00
2013.04.29 04:32:01.604,14.70072,14.70438,0.00,0.00
2013.04.29 04:32:03.242,14.70052,14.704,0.00,0.00
2013.04.29 04:32:06.143,14.70053,14.70407,0.00,0.00
2013.04.29 04:32:11.191,14.70052,14.70388,0.00,0.00
2013.04.29 04:32:14.134,14.70004,14.7037,0.00,0.00
2013.04.29 04:32:19.991,14.69981,14.70347,0.00,0.00
2013.04.29 04:32:20.642,14.69961,14.70317,0.00,0.00
2013.04.29 04:32:22.359,14.69978,14.70317,0.00,0.00
2013.04.29 04:32:26.169,14.69958,14.70297,0.00,0.00
2013.04.29 04:32:31.687,14.69978,14.70317,0.00,0.00
2013.04.29 04:32:40.693,14.70003,14.70357,0.00,0.00
2013.04.29 04:32:41.781,14.70023,14.70377,0.00,0.00
2013.04.29 04:32:42.644,14.70004,14.7037,0.00,0.00
2013.04.29 04:32:54.283,14.70024,14.70377,0.00,0.00
2013.04.29 04:32:57.190,14.69995,14.70361,0.00,0.00
2013.04.29 04:32:57.573,14.70014,14.70377,0.00,0.00
2013.04.29 04:33:02.839,14.70033,14.70377,0.00,0.00
2013.04.29 04:33:03.213,14.69994,14.7036,0.00,0.00
2013.04.29 04:33:03.919,14.70013,14.70377,0.00,0.00
2013.04.29 04:33:04.459,14.69984,14.7035,0.00,0.00
2013.04.29 04:33:07.993,14.69965,14.70331,0.00,0.00
2013.04.29 04:33:08.488,14.69983,14.70337,0.00,0.00
2013.04.29 04:33:13.921,14.70003,14.70357,0.00,0.00
2013.04.29 04:33:20.611,14.70024,14.70387,0.00,0.00
2013.04.29 04:33:28.222,14.70052,14.70418,0.00,0.00
2013.04.29 04:33:28.570,14.70127,14.70477,0.00,0.00
2013.04.29 04:33:29.822,14.70111,14.70477,0.00,0.00
2013.04.29 04:33:30.473,14.70129,14.70477,0.00,0.00
2013.04.29 04:33:31.639,14.70105,14.70471,0.00,0.00
2013.04.29 04:33:37.594,14.70089,14.70455,0.00,0.00
2013.04.29 04:33:39.793,14.70105,14.70471,0.00,0.00
2013.04.29 04:33:49.580,14.70123,14.70489,0.00,0.00
2013.04.29 04:33:50.513,14.70278,14.70582,0.00,0.00
2013.04.29 04:33:50.787,14.70191,14.70557,0.00,0.00
2013.04.29 04:33:52.583,14.70336,14.70647,0.00,0.00
2013.04.29 04:33:52.912,14.70298,14.70647,0.00,0.00
2013.04.29 04:33:53.213,14.70325,14.70647,0.00,0.00
2013.04.29 04:33:53.841,14.70321,14.70647,0.00,0.00
2013.04.29 04:33:54.872,14.7028,14.70646,0.00,0.00
2013.04.29 04:33:55.796,14.70329,14.70647,0.00,0.00
2013.04.29 04:33:56.972,14.70283,14.70649,0.00,0.00
2013.04.29 04:33:58.048,14.70302,14.70667,0.00,0.00
2013.04.29 04:34:00.335,14.70282,14.70637,0.00,0.00
2013.04.29 04:34:02.394,14.70302,14.70637,0.00,0.00
2013.04.29 04:34:10.582,14.70355,14.70687,0.00,0.00
2013.04.29 04:34:11.546,14.70345,14.70687,0.00,0.00
2013.04.29 04:34:11.983,14.70326,14.70687,0.00,0.00
2013.04.29 04:34:12.363,14.7031,14.70676,0.00,0.00
2013.04.29 04:34:14.566,14.70294,14.7066,0.00,0.00
2013.04.29 04:34:18.071,14.70317,14.70683,0.00,0.00
2013.04.29 04:34:35.257,14.70479,14.70779,0.00,0.00
2013.04.29 04:34:35.916,14.70317,14.70683,0.00,0.00
2013.04.29 04:34:42.202,14.70355,14.70707,0.00,0.00
2013.04.29 04:34:43.985,14.70326,14.70692,0.00,0.00
2013.04.29 04:34:44.424,14.70307,14.70673,0.00,0.00
2013.04.29 04:34:44.807,14.70425,14.70725,0.00,0.00
2013.04.29 04:34:44.872,14.70306,14.70672,0.00,0.00
2013.04.29 04:34:45.122,14.70315,14.70681,0.00,0.00
2013.04.29 04:34:45.824,14.70297,14.70663,0.00,0.00
2013.04.29 04:34:46.244,14.70317,14.70683,0.00,0.00
2013.04.29 04:34:47.954,14.70356,14.70722,0.00,0.00
2013.04.29 04:34:48.873,14.70335,14.70701,0.00,0.00
2013.04.29 04:34:49.347,14.70325,14.70691,0.00,0.00
2013.04.29 04:34:50.882,14.70297,14.70663,0.00,0.00
2013.04.29 04:34:51.342,14.70326,14.70692,0.00,0.00
2013.04.29 04:34:51.863,14.70307,14.70673,0.00,0.00
2013.04.29 04:34:53.712,14.70364,14.70717,0.00,0.00
2013.04.29 04:34:54.051,14.70359,14.70717,0.00,0.00
2013.04.29 04:34:54.702,14.70339,14.70705,0.00,0.00
2013.04.29 04:34:55.517,14.70306,14.70672,0.00,0.00
2013.04.29 04:34:56.212,14.70325,14.70691,0.00,0.00
2013.04.29 04:34:56.862,14.70286,14.70652,0.00,0.00
2013.04.29 04:35:01.290,14.70307,14.70673,0.00,0.00
2013.04.29 04:35:01.720,14.70326,14.70687,0.00,0.00
2013.04.29 04:35:02.457,14.70328,14.70687,0.00,0.00
2013.04.29 04:35:03.268,14.70385,14.70707,0.00,0.00
2013.04.29 04:35:03.914,14.70352,14.70704,0.00,0.00
2013.04.29 04:35:05.749,14.70357,14.70707,0.00,0.00
2013.04.29 04:35:14.952,14.70337,14.70703,0.00,0.00
2013.04.29 04:35:15.903,14.70376,14.70727,0.00,0.00
2013.04.29 04:35:16.844,14.70352,14.70718,0.00,0.00
2013.04.29 04:35:25.652,14.70404,14.70757,0.00,0.00
2013.04.29 04:35:26.193,14.70387,14.70753,0.00,0.00
2013.04.29 04:35:26.893,14.70405,14.70757,0.00,0.00
2013.04.29 04:35:27.632,14.70483,14.70827,0.00,0.00
2013.04.29 04:35:28.058,14.70552,14.70852,0.00,0.00
2013.04.29 04:35:28.182,14.70562,14.70928,0.00,0.00
2013.04.29 04:35:31.853,14.70603,14.70957,0.00,0.00
2013.04.29 04:35:32.293,14.70617,14.70983,0.00,0.00
2013.04.29 04:35:32.912,14.70636,14.71002,0.00,0.00
2013.04.29 04:35:33.532,14.70613,14.70979,0.00,0.00
2013.04.29 04:35:34.072,14.70607,14.70973,0.00,0.00
2013.04.29 04:35:34.543,14.70627,14.70993,0.00,0.00
2013.04.29 04:35:35.193,14.70608,14.70974,0.00,0.00
2013.04.29 04:35:36.115,14.70632,14.70998,0.00,0.00
2013.04.29 04:35:36.551,14.70656,14.71022,0.00,0.00
2013.04.29 04:35:36.971,14.70617,14.70983,0.00,0.00
2013.04.29 04:35:37.832,14.70588,14.70954,0.00,0.00
2013.04.29 04:35:38.167,14.70636,14.71002,0.00,0.00
2013.04.29 04:35:38.964,14.70587,14.70953,0.00,0.00
2013.04.29 04:35:39.784,14.70577,14.70943,0.00,0.00
2013.04.29 04:35:40.714,14.70597,14.70963,0.00,0.00
2013.04.29 04:35:41.464,14.70616,14.70982,0.00,0.00
2013.04.29 04:35:41.812,14.70605,14.70971,0.00,0.00
2013.04.29 04:35:42.163,14.70614,14.7098,0.00,0.00
2013.04.29 04:35:43.032,14.70593,14.70957,0.00,0.00
2013.04.29 04:35:44.407,14.70574,14.70927,0.00,0.00
2013.04.29 04:35:44.745,14.70552,14.70911,0.00,0.00
2013.04.29 04:35:46.322,14.70604,14.70948,0.00,0.00
2013.04.29 04:35:47.138,14.70752,14.71052,0.00,0.00
2013.04.29 04:35:47.213,14.70752,14.71052,0.00,0.00
2013.04.29 04:35:47.272,14.70752,14.71086,0.00,0.00
2013.04.29 04:35:47.332,14.70834,14.71197,0.00,0.00
2013.04.29 04:35:50.182,14.70888,14.71237,0.00,0.00
2013.04.29 04:35:50.786,14.70917,14.71237,0.00,0.00
2013.04.29 04:35:51.137,14.70898,14.71237,0.00,0.00
2013.04.29 04:35:51.525,14.70879,14.71237,0.00,0.00
2013.04.29 04:35:51.915,14.70975,14.71317,0.00,0.00
2013.04.29 04:35:52.263,14.70956,14.71317,0.00,0.00
2013.04.29 04:35:52.725,14.70937,14.71303,0.00,0.00
2013.04.29 04:35:55.143,14.70956,14.71317,0.00,0.00
2013.04.29 04:35:56.286,14.70978,14.71317,0.00,0.00
2013.04.29 04:35:56.982,14.70949,14.71315,0.00,0.00
2013.04.29 04:35:58.032,14.70996,14.71337,0.00,0.00
2013.04.29 04:35:58.356,14.70977,14.71337,0.00,0.00
2013.04.29 04:35:58.905,14.70952,14.71315,0.00,0.00
2013.04.29 04:35:59.773,14.709,14.71266,0.00,0.00
2013.04.29 04:36:01.053,14.70881,14.71247,0.00,0.00
2013.04.29 04:36:01.763,14.70873,14.71239,0.00,0.00
2013.04.29 04:36:02.722,14.7089,14.71256,0.00,0.00
2013.04.29 04:36:05.252,14.70872,14.71238,0.00,0.00
2013.04.29 04:36:05.572,14.70852,14.71197,0.00,0.00
2013.04.29 04:36:05.884,14.70852,14.71176,0.00,0.00
2013.04.29 04:36:07.204,14.70844,14.71148,0.00,0.00
2013.04.29 04:36:07.303,14.70782,14.71148,0.00,0.00
2013.04.29 04:36:07.754,14.70802,14.71168,0.00,0.00
2013.04.29 04:36:11.672,14.70822,14.71177,0.00,0.00
2013.04.29 04:36:14.801,14.70802,14.71168,0.00,0.00
2013.04.29 04:36:16.882,14.70782,14.71148,0.00,0.00
2013.04.29 04:36:18.961,14.70802,14.71157,0.00,0.00
2013.04.29 04:36:23.773,14.70824,14.7119,0.00,0.00
2013.04.29 04:36:32.752,14.7086,14.71226,0.00,0.00
2013.04.29 04:36:37.274,14.70886,14.71248,0.00,0.00
2013.04.29 04:36:40.643,14.7087,14.71236,0.00,0.00
2013.04.29 04:36:42.693,14.70886,14.71248,0.00,0.00
2013.04.29 04:36:44.276,14.7087,14.71236,0.00,0.00
2013.04.29 04:36:50.363,14.709,14.71257,0.00,0.00
2013.04.29 04:36:50.892,14.71026,14.71347,0.00,0.00
2013.04.29 04:36:51.212,14.71006,14.71347,0.00,0.00
2013.04.29 04:36:57.443,14.71045,14.71397,0.00,0.00
2013.04.29 04:36:58.202,14.71083,14.71448,0.00,0.00
2013.04.29 04:36:58.621,14.71064,14.7143,0.00,0.00
2013.04.29 04:37:07.452,14.71088,14.71448,0.00,0.00
2013.04.29 04:37:09.174,14.71069,14.71435,0.00,0.00
2013.04.29 04:37:09.911,14.7107,14.71436,0.00,0.00
2013.04.29 04:37:20.112,14.71296,14.71596,0.00,0.00
2013.04.29 04:37:20.453,14.71315,14.71615,0.00,0.00
2013.04.29 04:37:20.512,14.71307,14.71607,0.00,0.00
2013.04.29 04:37:24.515,14.71296,14.71597,0.00,0.00
2013.04.29 04:37:26.194,14.71276,14.71597,0.00,0.00
2013.04.29 04:37:26.782,14.71276,14.71577,0.00,0.00
2013.04.29 04:37:27.352,14.71296,14.71596,0.00,0.00
2013.04.29 04:37:28.175,14.71296,14.71597,0.00,0.00
2013.04.29 04:37:30.023,14.71186,14.71552,0.00,0.00
2013.04.29 04:37:32.393,14.71166,14.71532,0.00,0.00
2013.04.29 04:37:33.613,14.71199,14.71565,0.00,0.00
2013.04.29 04:37:34.633,14.71181,14.71547,0.00,0.00
2013.04.29 04:37:35.072,14.71161,14.71527,0.00,0.00
2013.04.29 04:37:44.910,14.71182,14.71548,0.00,0.00
2013.04.29 04:37:47.089,14.71159,14.71525,0.00,0.00
2013.04.29 04:37:48.689,14.71178,14.71544,0.00,0.00
2013.04.29 04:37:49.173,14.71162,14.71528,0.00,0.00
2013.04.29 04:37:50.415,14.71179,14.71545,0.00,0.00
2013.04.29 04:37:50.848,14.71174,14.7154,0.00,0.00
2013.04.29 04:37:51.288,14.71154,14.7152,0.00,0.00
2013.04.29 04:37:53.247,14.71152,14.71504,0.00,0.00
2013.04.29 04:37:57.593,14.71152,14.71482,0.00,0.00
2013.04.29 04:37:58.013,14.71086,14.71452,0.00,0.00
2013.04.29 04:38:00.082,14.71067,14.71433,0.00,0.00
2013.04.29 04:38:02.662,14.71083,14.71449,0.00,0.00
2013.04.29 04:38:04.475,14.71103,14.71469,0.00,0.00
2013.04.29 04:38:09.263,14.71074,14.7144,0.00,0.00
2013.04.29 04:38:09.643,14.71163,14.71529,0.00,0.00
2013.04.29 04:38:13.383,14.71185,14.71548,0.00,0.00
2013.04.29 04:38:14.432,14.71237,14.71603,0.00,0.00
2013.04.29 04:38:18.692,14.71218,14.71584,0.00,0.00
2013.04.29 04:38:19.462,14.71237,14.71603,0.00,0.00
2013.04.29 04:38:26.539,14.71219,14.71585,0.00,0.00
2013.04.29 04:38:39.803,14.71198,14.71564,0.00,0.00
2013.04.29 04:38:41.063,14.71227,14.71593,0.00,0.00
2013.04.29 04:38:43.950,14.71187,14.71553,0.00,0.00
2013.04.29 04:38:50.722,14.71165,14.71531,0.00,0.00
2013.04.29 04:38:51.632,14.71152,14.71457,0.00,0.00
2013.04.29 04:39:11.928,14.71093,14.71459,0.00,0.00
2013.04.29 04:39:12.804,14.71077,14.71443,0.00,0.00
2013.04.29 04:39:15.024,14.71059,14.71425,0.00,0.00
2013.04.29 04:39:17.897,14.71077,14.71443,0.00,0.00
2013.04.29 04:39:34.094,14.71152,14.71453,0.00,0.00
2013.04.29 04:39:34.272,14.71152,14.7146,0.00,0.00
2013.04.29 04:39:34.543,14.71181,14.71547,0.00,0.00
2013.04.29 04:39:35.582,14.71152,14.7146,0.00,0.00
2013.04.29 04:39:37.612,14.71171,14.71537,0.00,0.00
2013.04.29 04:39:40.863,14.71152,14.71461,0.00,0.00
2013.04.29 04:39:41.516,14.71152,14.71479,0.00,0.00
2013.04.29 04:39:46.930,14.71152,14.71459,0.00,0.00
2013.04.29 04:39:48.222,14.71102,14.71468,0.00,0.00
2013.04.29 04:39:50.229,14.71063,14.71429,0.00,0.00
2013.04.29 04:39:55.987,14.71138,14.71487,0.00,0.00
2013.04.29 04:39:56.532,14.71139,14.71505,0.00,0.00
2013.04.29 04:39:57.597,14.71158,14.71524,0.00,0.00
2013.04.29 04:39:57.928,14.71134,14.715,0.00,0.00
2013.04.29 04:39:58.806,14.71153,14.71519,0.00,0.00
2013.04.29 04:40:03.986,14.71083,14.71449,0.00,0.00
2013.04.29 04:40:04.953,14.71179,14.71545,0.00,0.00
2013.04.29 04:40:06.555,14.71199,14.71548,0.00,0.00
2013.04.29 04:40:08.962,14.71218,14.71584,0.00,0.00
2013.04.29 04:40:09.494,14.71239,14.71605,0.00,0.00
2013.04.29 04:40:10.384,14.7121,14.71576,0.00,0.00
2013.04.29 04:40:11.923,14.71229,14.71595,0.00,0.00
2013.04.29 04:40:12.623,14.7121,14.71576,0.00,0.00
2013.04.29 04:40:12.983,14.71303,14.71604,0.00,0.00
2013.04.29 04:40:13.043,14.71505,14.71837,0.00,0.00
2013.04.29 04:40:13.102,14.71488,14.71837,0.00,0.00
2013.04.29 04:40:13.603,14.71231,14.71594,0.00,0.00
2013.04.29 04:40:13.782,14.71252,14.71707,0.00,0.00
2013.04.29 04:40:13.842,14.71011,14.71374,0.00,0.00
2013.04.29 04:40:14.954,14.71252,14.71552,0.00,0.00
2013.04.29 04:40:15.913,14.71034,14.71458,0.00,0.00
2013.04.29 04:40:16.783,14.71252,14.71552,0.00,0.00
2013.04.29 04:40:16.952,14.71036,14.71411,0.00,0.00
2013.04.29 04:40:17.161,14.71352,14.71727,0.00,0.00
2013.04.29 04:40:17.222,14.71114,14.71552,0.00,0.00
2013.04.29 04:40:17.735,14.71091,14.71454,0.00,0.00
2013.04.29 04:40:17.932,14.71111,14.71474,0.00,0.00
2013.04.29 04:40:23.444,14.71372,14.71738,0.00,0.00
2013.04.29 04:40:24.302,14.71427,14.71793,0.00,0.00
2013.04.29 04:40:25.973,14.71504,14.71848,0.00,0.00
2013.04.29 04:40:26.504,14.71476,14.71842,0.00,0.00
2013.04.29 04:40:27.456,14.71504,14.71848,0.00,0.00
2013.04.29 04:40:28.053,14.71476,14.71842,0.00,0.00
2013.04.29 04:40:29.084,14.71495,14.71848,0.00,0.00
2013.04.29 04:40:29.437,14.71476,14.71842,0.00,0.00
2013.04.29 04:40:29.774,14.715,14.71848,0.00,0.00
2013.04.29 04:40:30.123,14.71515,14.71881,0.00,0.00
2013.04.29 04:40:30.969,14.71496,14.71862,0.00,0.00
2013.04.29 04:40:31.464,14.71486,14.71852,0.00,0.00
2013.04.29 04:40:32.618,14.71503,14.71869,0.00,0.00
2013.04.29 04:40:34.023,14.71534,14.719,0.00,0.00
2013.04.29 04:40:34.964,14.71554,14.7192,0.00,0.00
2013.04.29 04:40:35.324,14.71484,14.7185,0.00,0.00
2013.04.29 04:40:36.513,14.71524,14.7189,0.00,0.00
2013.04.29 04:40:37.387,14.71496,14.71862,0.00,0.00
2013.04.29 04:40:40.602,14.71466,14.71767,0.00,0.00
2013.04.29 04:40:40.666,14.71352,14.71716,0.00,0.00
2013.04.29 04:40:40.776,14.71369,14.71735,0.00,0.00
2013.04.29 04:40:41.112,14.71388,14.71754,0.00,0.00
2013.04.29 04:40:41.484,14.71321,14.71687,0.00,0.00
2013.04.29 04:40:41.912,14.7136,14.71726,0.00,0.00
2013.04.29 04:40:42.503,14.71378,14.71744,0.00,0.00
2013.04.29 04:40:43.076,14.71418,14.71784,0.00,0.00
2013.04.29 04:40:43.732,14.71401,14.71767,0.00,0.00
2013.04.29 04:40:46.792,14.71361,14.71727,0.00,0.00
2013.04.29 04:40:47.133,14.71294,14.7166,0.00,0.00
2013.04.29 04:40:48.275,14.71333,14.71699,0.00,0.00
2013.04.29 04:40:50.003,14.71352,14.71718,0.00,0.00
2013.04.29 04:40:50.534,14.71333,14.71699,0.00,0.00
2013.04.29 04:40:55.652,14.71351,14.71717,0.00,0.00
2013.04.29 04:40:57.882,14.7133,14.71696,0.00,0.00
2013.04.29 04:41:00.782,14.71311,14.71677,0.00,0.00
2013.04.29 04:41:01.553,14.71291,14.71657,0.00,0.00
2013.04.29 04:41:02.353,14.71272,14.71638,0.00,0.00
2013.04.29 04:41:02.740,14.71289,14.71655,0.00,0.00
2013.04.29 04:41:18.423,14.71255,14.71621,0.00,0.00
2013.04.29 04:41:18.835,14.71252,14.71585,0.00,0.00
2013.04.29 04:41:23.882,14.71258,14.71624,0.00,0.00
2013.04.29 04:41:25.015,14.71297,14.71663,0.00,0.00
2013.04.29 04:41:27.315,14.71279,14.71645,0.00,0.00
2013.04.29 04:41:27.633,14.71122,14.71426,0.00,0.00
2013.04.29 04:41:37.434,14.71155,14.71459,0.00,0.00
2013.04.29 04:41:37.763,14.7131,14.71676,0.00,0.00
2013.04.29 04:41:39.383,14.7129,14.71656,0.00,0.00
2013.04.29 04:41:40.684,14.7126,14.71626,0.00,0.00
2013.04.29 04:41:41.947,14.71252,14.71607,0.00,0.00
2013.04.29 04:41:42.610,14.7127,14.71636,0.00,0.00
2013.04.29 04:41:46.546,14.71377,14.71707,0.00,0.00
2013.04.29 04:41:47.520,14.71281,14.71647,0.00,0.00
2013.04.29 04:41:49.855,14.71352,14.71653,0.00,0.00
2013.04.29 04:41:49.989,14.71376,14.71742,0.00,0.00
2013.04.29 04:41:50.243,14.71405,14.71748,0.00,0.00
2013.04.29 04:41:50.649,14.71386,14.71748,0.00,0.00
2013.04.29 04:41:51.203,14.71415,14.71748,0.00,0.00
2013.04.29 04:41:51.639,14.71368,14.71734,0.00,0.00
2013.04.29 04:41:54.658,14.71352,14.71714,0.00,0.00
2013.04.29 04:41:55.255,14.71415,14.71781,0.00,0.00
2013.04.29 04:41:55.682,14.71454,14.71817,0.00,0.00
2013.04.29 04:41:57.014,14.71425,14.71791,0.00,0.00
2013.04.29 04:41:57.357,14.71406,14.71772,0.00,0.00
2013.04.29 04:41:57.687,14.71443,14.71809,0.00,0.00
2013.04.29 04:41:58.623,14.71415,14.71781,0.00,0.00
2013.04.29 04:42:01.803,14.71436,14.71802,0.00,0.00
2013.04.29 04:42:02.648,14.71455,14.71817,0.00,0.00
2013.04.29 04:42:03.187,14.71428,14.71794,0.00,0.00
2013.04.29 04:42:10.204,14.71409,14.71775,0.00,0.00
2013.04.29 04:42:15.803,14.71428,14.71787,0.00,0.00
2013.04.29 04:42:18.664,14.71409,14.71775,0.00,0.00
2013.04.29 04:42:24.631,14.7137,14.71736,0.00,0.00
2013.04.29 04:42:30.813,14.71352,14.71717,0.00,0.00
2013.04.29 04:42:32.763,14.7137,14.71736,0.00,0.00
2013.04.29 04:42:53.163,14.71373,14.71739,0.00,0.00
2013.04.29 04:42:58.783,14.71454,14.71817,0.00,0.00
2013.04.29 04:43:02.712,14.71473,14.71837,0.00,0.00
2013.04.29 04:43:05.421,14.71453,14.71819,0.00,0.00
2013.04.29 04:43:10.429,14.71472,14.71837,0.00,0.00
2013.04.29 04:43:12.284,14.71452,14.71818,0.00,0.00
2013.04.29 04:43:12.592,14.7147,14.71836,0.00,0.00
2013.04.29 04:43:13.154,14.71452,14.71818,0.00,0.00
2013.04.29 04:43:13.868,14.71471,14.71837,0.00,0.00
2013.04.29 04:43:22.183,14.71452,14.71816,0.00,0.00
2013.04.29 04:43:29.964,14.71452,14.71796,0.00,0.00
2013.04.29 04:43:30.314,14.71452,14.71816,0.00,0.00
2013.04.29 04:43:30.723,14.71452,14.71797,0.00,0.00
2013.04.29 04:43:31.794,14.71435,14.71739,0.00,0.00
2013.04.29 04:43:35.046,14.71373,14.71739,0.00,0.00
2013.04.29 04:43:35.183,14.71379,14.71745,0.00,0.00
2013.04.29 04:43:35.774,14.71282,14.71648,0.00,0.00
2013.04.29 04:43:39.934,14.71258,14.71624,0.00,0.00
2013.04.29 04:43:40.689,14.71248,14.71614,0.00,0.00
2013.04.29 04:43:45.031,14.71268,14.71634,0.00,0.00
2013.04.29 04:43:46.541,14.71249,14.71615,0.00,0.00
2013.04.29 04:43:49.370,14.71229,14.71595,0.00,0.00
2013.04.29 04:43:49.703,14.71209,14.71575,0.00,0.00
2013.04.29 04:44:03.826,14.71212,14.71578,0.00,0.00
2013.04.29 04:44:08.205,14.71184,14.7155,0.00,0.00
2013.04.29 04:44:08.644,14.71203,14.71569,0.00,0.00
2013.04.29 04:44:11.044,14.71177,14.71543,0.00,0.00
2013.04.29 04:44:18.223,14.71153,14.71519,0.00,0.00
2013.04.29 04:44:25.363,14.71152,14.715,0.00,0.00
2013.04.29 04:44:30.123,14.71152,14.71518,0.00,0.00
2013.04.29 04:44:33.003,14.71152,14.71489,0.00,0.00
2013.04.29 04:44:35.863,14.71152,14.71509,0.00,0.00
2013.04.29 04:44:36.493,14.71152,14.71491,0.00,0.00
2013.04.29 04:44:37.564,14.71075,14.71441,0.00,0.00
2013.04.29 04:44:37.943,14.71056,14.71422,0.00,0.00
2013.04.29 04:44:41.755,14.71052,14.71402,0.00,0.00
2013.04.29 04:44:42.737,14.71056,14.71422,0.00,0.00
2013.04.29 04:44:44.048,14.71052,14.71402,0.00,0.00
2013.04.29 04:44:45.053,14.71052,14.71383,0.00,0.00
2013.04.29 04:44:48.845,14.70988,14.71354,0.00,0.00
2013.04.29 04:44:51.020,14.71012,14.71378,0.00,0.00
2013.04.29 04:44:53.324,14.70992,14.71358,0.00,0.00
2013.04.29 04:44:55.384,14.70973,14.71339,0.00,0.00
2013.04.29 04:44:56.105,14.70949,14.71307,0.00,0.00
2013.04.29 04:44:59.253,14.70899,14.71257,0.00,0.00
2013.04.29 04:45:15.159,14.7087,14.71227,0.00,0.00
2013.04.29 04:45:16.768,14.70982,14.71282,0.00,0.00
2013.04.29 04:45:25.838,14.70906,14.71207,0.00,0.00
2013.04.29 04:45:26.186,14.70895,14.71197,0.00,0.00
2013.04.29 04:45:26.740,14.70868,14.71197,0.00,0.00
2013.04.29 04:45:32.645,14.70886,14.71217,0.00,0.00
2013.04.29 04:45:36.224,14.70867,14.71217,0.00,0.00
2013.04.29 04:45:46.042,14.70867,14.71217,0.00,0.00
2013.04.29 04:45:56.393,14.70867,14.71167,0.00,0.00
2013.04.29 04:45:56.513,14.70831,14.71167,0.00,0.00
2013.04.29 04:45:59.178,14.70792,14.71158,0.00,0.00
2013.04.29 04:46:04.233,14.70898,14.71217,0.00,0.00
2013.04.29 04:46:05.003,14.7087,14.71227,0.00,0.00
2013.04.29 04:46:06.603,14.7085,14.71207,0.00,0.00
2013.04.29 04:46:09.913,14.70821,14.71177,0.00,0.00
2013.04.29 04:46:14.903,14.7084,14.71177,0.00,0.00
2013.04.29 04:46:18.763,14.70859,14.71177,0.00,0.00
2013.04.29 04:46:59.073,14.70865,14.71207,0.00,0.00
2013.04.29 04:47:08.641,14.70841,14.71177,0.00,0.00
2013.04.29 04:47:09.423,14.70879,14.71245,0.00,0.00
2013.04.29 04:47:12.462,14.7086,14.71226,0.00,0.00
2013.04.29 04:47:16.743,14.70841,14.71207,0.00,0.00
2013.04.29 04:47:33.564,14.70812,14.71178,0.00,0.00
2013.04.29 04:47:41.483,14.70794,14.7116,0.00,0.00
2013.04.29 04:47:50.341,14.70776,14.71142,0.00,0.00
2013.04.29 04:48:02.437,14.70796,14.71162,0.00,0.00
2013.04.29 04:48:03.287,14.70777,14.71143,0.00,0.00
2013.04.29 04:48:10.416,14.70752,14.71094,0.00,0.00
2013.04.29 04:48:31.140,14.70752,14.71093,0.00,0.00
2013.04.29 04:48:32.725,14.70759,14.71125,0.00,0.00
2013.04.29 04:48:41.728,14.70782,14.71148,0.00,0.00
2013.04.29 04:48:45.977,14.70802,14.71148,0.00,0.00
2013.04.29 04:48:46.293,14.70794,14.71148,0.00,0.00
2013.04.29 04:48:48.722,14.70774,14.7114,0.00,0.00
2013.04.29 04:49:04.025,14.70531,14.70894,0.00,0.00
2013.04.29 04:49:05.283,14.70534,14.70834,0.00,0.00
2013.04.29 04:49:13.666,14.70603,14.70921,0.00,0.00
2013.04.29 04:49:13.723,14.70573,14.70921,0.00,0.00
2013.04.29 04:49:13.806,14.70552,14.70921,0.00,0.00
2013.04.29 04:49:13.863,14.70451,14.70814,0.00,0.00
2013.04.29 04:49:13.924,14.70599,14.70965,0.00,0.00
2013.04.29 04:49:14.110,14.70618,14.70984,0.00,0.00
2013.04.29 04:49:15.073,14.70579,14.70945,0.00,0.00
2013.04.29 04:49:16.525,14.70652,14.70953,0.00,0.00
2013.04.29 04:49:16.709,14.70704,14.71017,0.00,0.00
2013.04.29 04:49:16.820,14.70685,14.71017,0.00,0.00
2013.04.29 04:49:17.268,14.70666,14.71017,0.00,0.00
2013.04.29 04:49:18.010,14.70652,14.70993,0.00,0.00
2013.04.29 04:49:20.813,14.7056,14.70926,0.00,0.00
2013.04.29 04:49:21.115,14.70491,14.70848,0.00,0.00
2013.04.29 04:49:21.504,14.70452,14.70795,0.00,0.00
2013.04.29 04:49:22.006,14.70399,14.70765,0.00,0.00
2013.04.29 04:49:22.443,14.70361,14.70727,0.00,0.00
2013.04.29 04:49:22.783,14.70274,14.7064,0.00,0.00
2013.04.29 04:49:23.115,14.70292,14.70658,0.00,0.00
2013.04.29 04:49:24.135,14.70311,14.70637,0.00,0.00
2013.04.29 04:49:26.184,14.70348,14.70687,0.00,0.00
2013.04.29 04:49:26.505,14.70368,14.70734,0.00,0.00
2013.04.29 04:49:26.996,14.70452,14.70752,0.00,0.00
2013.04.29 04:49:27.113,14.70512,14.70878,0.00,0.00
2013.04.29 04:49:32.144,14.70494,14.7086,0.00,0.00
2013.04.29 04:49:36.313,14.70475,14.70841,0.00,0.00
2013.04.29 04:49:36.905,14.70497,14.70863,0.00,0.00
2013.04.29 04:49:37.234,14.70475,14.70841,0.00,0.00
2013.04.29 04:49:38.823,14.70452,14.70803,0.00,0.00
2013.04.29 04:49:40.453,14.70408,14.70774,0.00,0.00
2013.04.29 04:49:41.134,14.70388,14.70754,0.00,0.00
2013.04.29 04:49:41.444,14.70352,14.70708,0.00,0.00
2013.04.29 04:49:41.813,14.7032,14.70686,0.00,0.00
2013.04.29 04:49:42.835,14.70383,14.70749,0.00,0.00
2013.04.29 04:49:43.453,14.70352,14.70707,0.00,0.00
2013.04.29 04:49:43.834,14.70365,14.70731,0.00,0.00
2013.04.29 04:49:45.083,14.70307,14.70673,0.00,0.00
2013.04.29 04:49:45.623,14.70323,14.70689,0.00,0.00
2013.04.29 04:49:46.052,14.70303,14.70669,0.00,0.00
2013.04.29 04:49:46.358,14.70243,14.70609,0.00,0.00
2013.04.29 04:49:47.144,14.70225,14.70591,0.00,0.00
2013.04.29 04:49:48.134,14.702,14.70566,0.00,0.00
2013.04.29 04:49:49.513,14.70252,14.70588,0.00,0.00
2013.04.29 04:49:49.896,14.70319,14.70685,0.00,0.00
2013.04.29 04:49:56.884,14.70252,14.70609,0.00,0.00
2013.04.29 04:49:57.413,14.70252,14.7059,0.00,0.00
2013.04.29 04:49:58.180,14.70252,14.70569,0.00,0.00
2013.04.29 04:50:01.874,14.70147,14.70448,0.00,0.00
2013.04.29 04:50:01.934,14.70037,14.70337,0.00,0.00
2013.04.29 04:50:01.994,14.7005,14.7035,0.00,0.00
2013.04.29 04:50:02.054,14.70006,14.70307,0.00,0.00
2013.04.29 04:50:02.174,14.69952,14.70252,0.00,0.00
2013.04.29 04:50:02.875,14.69952,14.70268,0.00,0.00
2013.04.29 04:50:03.644,14.69817,14.70117,0.00,0.00
2013.04.29 04:50:03.774,14.69789,14.70117,0.00,0.00
2013.04.29 04:50:03.924,14.69808,14.70117,0.00,0.00
2013.04.29 04:50:04.366,14.69813,14.70117,0.00,0.00
2013.04.29 04:50:04.694,14.69845,14.70157,0.00,0.00
2013.04.29 04:50:05.018,14.69817,14.70157,0.00,0.00
2013.04.29 04:50:05.347,14.69837,14.70157,0.00,0.00
2013.04.29 04:50:06.337,14.69817,14.70157,0.00,0.00
2013.04.29 04:50:06.905,14.69837,14.70157,0.00,0.00
2013.04.29 04:50:07.317,14.69841,14.70157,0.00,0.00
2013.04.29 04:50:08.736,14.69822,14.70157,0.00,0.00
2013.04.29 04:50:09.286,14.69846,14.70157,0.00,0.00
2013.04.29 04:50:11.394,14.69821,14.70157,0.00,0.00
2013.04.29 04:50:11.714,14.69819,14.70157,0.00,0.00
2013.04.29 04:50:12.306,14.69838,14.70157,0.00,0.00
2013.04.29 04:50:12.956,14.69863,14.70177,0.00,0.00
2013.04.29 04:50:13.454,14.69843,14.70177,0.00,0.00
2013.04.29 04:50:13.891,14.69861,14.70207,0.00,0.00
2013.04.29 04:50:14.366,14.69832,14.70198,0.00,0.00
2013.04.29 04:50:16.784,14.69878,14.70207,0.00,0.00
2013.04.29 04:50:18.025,14.69858,14.70207,0.00,0.00
2013.04.29 04:50:19.554,14.69878,14.70227,0.00,0.00
2013.04.29 04:50:21.194,14.69861,14.70207,0.00,0.00
2013.04.29 04:50:21.703,14.69823,14.70189,0.00,0.00
2013.04.29 04:50:22.774,14.69803,14.70169,0.00,0.00
2013.04.29 04:50:23.225,14.69823,14.70187,0.00,0.00
2013.04.29 04:50:23.983,14.69803,14.70169,0.00,0.00
2013.04.29 04:50:24.374,14.69784,14.70127,0.00,0.00
2013.04.29 04:50:24.764,14.69755,14.70097,0.00,0.00
2013.04.29 04:50:25.245,14.69752,14.70084,0.00,0.00
2013.04.29 04:50:25.842,14.69752,14.70086,0.00,0.00
2013.04.29 04:50:26.283,14.69756,14.70097,0.00,0.00
2013.04.29 04:50:26.747,14.69752,14.70097,0.00,0.00
2013.04.29 04:50:29.375,14.69691,14.70057,0.00,0.00
2013.04.29 04:50:30.329,14.69663,14.70029,0.00,0.00
2013.04.29 04:50:32.611,14.69679,14.70045,0.00,0.00
2013.04.29 04:50:35.993,14.69656,14.70022,0.00,0.00
2013.04.29 04:50:36.469,14.69678,14.70044,0.00,0.00
2013.04.29 04:50:41.815,14.6966,14.70026,0.00,0.00
2013.04.29 04:50:44.334,14.69547,14.69847,0.00,0.00
2013.04.29 04:50:44.404,14.69452,14.6979,0.00,0.00
2013.04.29 04:50:44.523,14.69549,14.69912,0.00,0.00
2013.04.29 04:50:44.878,14.69529,14.69892,0.00,0.00
2013.04.29 04:50:45.208,14.69548,14.69911,0.00,0.00
2013.04.29 04:50:45.317,14.69519,14.69819,0.00,0.00
2013.04.29 04:50:46.104,14.69487,14.69787,0.00,0.00
2013.04.29 04:50:46.187,14.69495,14.69795,0.00,0.00
2013.04.29 04:50:46.873,14.69457,14.69757,0.00,0.00
2013.04.29 04:50:47.203,14.69479,14.69779,0.00,0.00
2013.04.29 04:50:47.973,14.69479,14.69845,0.00,0.00
2013.04.29 04:50:48.033,14.69535,14.69887,0.00,0.00
2013.04.29 04:50:48.347,14.69586,14.69887,0.00,0.00
2013.04.29 04:50:48.958,14.69597,14.69897,0.00,0.00
2013.04.29 04:50:49.733,14.69605,14.69907,0.00,0.00
2013.04.29 04:50:51.846,14.69625,14.69989,0.00,0.00
2013.04.29 04:50:52.056,14.69605,14.69907,0.00,0.00
2013.04.29 04:50:54.305,14.6948,14.69846,0.00,0.00
2013.04.29 04:50:54.625,14.69461,14.69827,0.00,0.00
2013.04.29 04:50:59.125,14.69489,14.69855,0.00,0.00
2013.04.29 04:50:59.494,14.69471,14.69837,0.00,0.00
2013.04.29 04:51:02.044,14.69452,14.69816,0.00,0.00
2013.04.29 04:51:06.312,14.6947,14.69836,0.00,0.00
2013.04.29 04:51:09.901,14.69452,14.69817,0.00,0.00
2013.04.29 04:51:15.770,14.69471,14.69837,0.00,0.00
2013.04.29 04:51:19.799,14.69447,14.69748,0.00,0.00
2013.04.29 04:51:19.993,14.69276,14.69577,0.00,0.00
2013.04.29 04:51:20.053,14.6916,14.69526,0.00,0.00
2013.04.29 04:51:20.174,14.69122,14.69488,0.00,0.00
2013.04.29 04:51:20.703,14.69141,14.69507,0.00,0.00
2013.04.29 04:51:22.069,14.69117,14.69483,0.00,0.00
2013.04.29 04:51:22.928,14.69252,14.69618,0.00,0.00
2013.04.29 04:51:23.503,14.69326,14.69692,0.00,0.00
2013.04.29 04:51:24.039,14.69353,14.69697,0.00,0.00
2013.04.29 04:51:24.415,14.69386,14.69737,0.00,0.00
2013.04.29 04:51:25.155,14.69358,14.69724,0.00,0.00
2013.04.29 04:51:25.474,14.69363,14.69729,0.00,0.00
2013.04.29 04:51:26.084,14.69352,14.69704,0.00,0.00
2013.04.29 04:51:29.317,14.69312,14.69678,0.00,0.00
2013.04.29 04:51:29.772,14.69301,14.69657,0.00,0.00
2013.04.29 04:51:30.095,14.69261,14.69627,0.00,0.00
2013.04.29 04:51:31.615,14.69191,14.69557,0.00,0.00
2013.04.29 04:51:33.774,14.69171,14.69537,0.00,0.00
2013.04.29 04:51:35.605,14.69152,14.69517,0.00,0.00
2013.04.29 04:51:37.264,14.6917,14.69536,0.00,0.00
2013.04.29 04:51:41.334,14.69152,14.69518,0.00,0.00
2013.04.29 04:51:41.844,14.69171,14.69537,0.00,0.00
2013.04.29 04:51:42.333,14.69149,14.69515,0.00,0.00
2013.04.29 04:51:43.285,14.69247,14.69587,0.00,0.00
2013.04.29 04:51:43.686,14.69247,14.69548,0.00,0.00
2013.04.29 04:51:43.773,14.69228,14.69592,0.00,0.00
2013.04.29 04:51:45.993,14.69148,14.69448,0.00,0.00
2013.04.29 04:51:46.095,14.69199,14.69562,0.00,0.00
2013.04.29 04:51:46.483,14.69199,14.69537,0.00,0.00
2013.04.29 04:51:46.692,14.69218,14.69581,0.00,0.00
2013.04.29 04:51:47.696,14.69148,14.69448,0.00,0.00
2013.04.29 04:51:47.762,14.69189,14.69552,0.00,0.00
2013.04.29 04:51:49.745,14.69189,14.69537,0.00,0.00
2013.04.29 04:51:49.882,14.69218,14.69581,0.00,0.00
2013.04.29 04:51:50.309,14.69048,14.69348,0.00,0.00
2013.04.29 04:51:50.433,14.6917,14.69533,0.00,0.00
2013.04.29 04:51:50.521,14.69082,14.69445,0.00,0.00
2013.04.29 04:51:50.631,14.69073,14.69436,0.00,0.00
2013.04.29 04:51:50.963,14.69073,14.69397,0.00,0.00
2013.04.29 04:51:51.023,14.69092,14.69397,0.00,0.00
2013.04.29 04:51:51.465,14.69048,14.69348,0.00,0.00
2013.04.29 04:51:51.523,14.69066,14.69429,0.00,0.00
2013.04.29 04:51:52.272,14.69082,14.69445,0.00,0.00
2013.04.29 04:51:52.343,14.69082,14.69397,0.00,0.00
2013.04.29 04:51:52.545,14.68945,14.69311,0.00,0.00
2013.04.29 04:51:52.921,14.68927,14.69293,0.00,0.00
2013.04.29 04:51:53.571,14.68972,14.69338,0.00,0.00
2013.04.29 04:51:54.330,14.68934,14.693,0.00,0.00
2013.04.29 04:51:54.660,14.68904,14.6927,0.00,0.00
2013.04.29 04:51:55.293,14.68878,14.69244,0.00,0.00
2013.04.29 04:51:56.215,14.68858,14.69224,0.00,0.00
2013.04.29 04:51:56.720,14.68877,14.69243,0.00,0.00
2013.04.29 04:51:57.483,14.68852,14.69214,0.00,0.00
2013.04.29 04:51:59.329,14.68723,14.69225,0.00,0.00
2013.04.29 04:51:59.550,14.68723,14.69205,0.00,0.00
2013.04.29 04:52:00.529,14.68723,14.69148,0.00,0.00
2013.04.29 04:52:01.653,14.68703,14.69205,0.00,0.00
2013.04.29 04:52:02.694,14.68703,14.69185,0.00,0.00
2013.04.29 04:52:03.149,14.68703,14.69176,0.00,0.00
2013.04.29 04:52:04.532,14.68733,14.69148,0.00,0.00
2013.04.29 04:52:04.594,14.68733,14.692,0.00,0.00
2013.04.29 04:52:04.980,14.68733,14.69175,0.00,0.00
2013.04.29 04:52:05.143,14.68733,14.69204,0.00,0.00
2013.04.29 04:52:05.858,14.68733,14.69176,0.00,0.00
2013.04.29 04:52:06.463,14.68733,14.69048,0.00,0.00
2013.04.29 04:52:06.524,14.68652,14.69048,0.00,0.00
2013.04.29 04:52:06.627,14.68652,14.69048,0.00,0.00
2013.04.29 04:52:07.554,14.68652,14.69048,0.00,0.00
2013.04.29 04:52:08.467,14.68652,14.691,0.00,0.00
2013.04.29 04:52:09.576,14.68613,14.68948,0.00,0.00
2013.04.29 04:52:09.633,14.68613,14.68948,0.00,0.00
2013.04.29 04:52:09.693,14.68613,14.68948,0.00,0.00
2013.04.29 04:52:09.754,14.68343,14.68837,0.00,0.00
2013.04.29 04:52:09.814,14.68263,14.68787,0.00,0.00
2013.04.29 04:52:09.934,14.68263,14.68748,0.00,0.00
2013.04.29 04:52:10.252,14.68303,14.68748,0.00,0.00
2013.04.29 04:52:10.313,14.68303,14.68837,0.00,0.00
2013.04.29 04:52:10.802,14.68343,14.68837,0.00,0.00
2013.04.29 04:52:11.024,14.68343,14.68857,0.00,0.00
2013.04.29 04:52:11.088,14.68352,14.68857,0.00,0.00
2013.04.29 04:52:12.613,14.68363,14.68848,0.00,0.00
2013.04.29 04:52:14.125,14.68352,14.68817,0.00,0.00
2013.04.29 04:52:14.844,14.68323,14.68817,0.00,0.00
2013.04.29 04:52:14.904,14.68333,14.68797,0.00,0.00
2013.04.29 04:52:16.271,14.68342,14.68708,0.00,0.00
2013.04.29 04:52:17.536,14.68302,14.68668,0.00,0.00
2013.04.29 04:52:19.734,14.68332,14.68698,0.00,0.00
2013.04.29 04:52:20.554,14.6836,14.68726,0.00,0.00
2013.04.29 04:52:24.085,14.68382,14.68748,0.00,0.00
2013.04.29 04:52:24.844,14.68365,14.68731,0.00,0.00
2013.04.29 04:52:26.328,14.68348,14.68714,0.00,0.00
2013.04.29 04:52:26.894,14.68382,14.68748,0.00,0.00
2013.04.29 04:52:27.224,14.68399,14.68748,0.00,0.00
2013.04.29 04:52:27.774,14.68446,14.68807,0.00,0.00
2013.04.29 04:52:28.192,14.68429,14.68795,0.00,0.00
2013.04.29 04:52:29.424,14.68448,14.68814,0.00,0.00
2013.04.29 04:52:30.645,14.68459,14.68825,0.00,0.00
2013.04.29 04:52:30.964,14.68439,14.68805,0.00,0.00
2013.04.29 04:52:31.870,14.6844,14.68806,0.00,0.00
2013.04.29 04:52:32.581,14.68459,14.68825,0.00,0.00
2013.04.29 04:52:33.775,14.6844,14.68806,0.00,0.00
2013.04.29 04:52:34.094,14.68432,14.68798,0.00,0.00
2013.04.29 04:52:34.399,14.68456,14.68822,0.00,0.00
2013.04.29 04:52:35.415,14.68433,14.68799,0.00,0.00
2013.04.29 04:52:36.503,14.68706,14.69069,0.00,0.00
2013.04.29 04:52:37.242,14.68676,14.68977,0.00,0.00
2013.04.29 04:52:37.303,14.68706,14.69048,0.00,0.00
2013.04.29 04:52:37.363,14.68826,14.69189,0.00,0.00
2013.04.29 04:52:37.680,14.68846,14.69209,0.00,0.00
2013.04.29 04:52:38.010,14.68866,14.69229,0.00,0.00
2013.04.29 04:52:38.352,14.68747,14.69048,0.00,0.00
2013.04.29 04:52:38.669,14.68867,14.69289,0.00,0.00
2013.04.29 04:52:39.323,14.68988,14.69409,0.00,0.00
2013.04.29 04:52:39.408,14.68857,14.69157,0.00,0.00
2013.04.29 04:52:40.321,14.68887,14.69187,0.00,0.00
2013.04.29 04:52:40.481,14.68948,14.69248,0.00,0.00
2013.04.29 04:52:40.619,14.69066,14.69429,0.00,0.00
2013.04.29 04:52:41.430,14.68748,14.69158,0.00,0.00
2013.04.29 04:52:41.554,14.68959,14.69259,0.00,0.00
2013.04.29 04:52:41.614,14.68926,14.69289,0.00,0.00
2013.04.29 04:52:42.339,14.68848,14.69148,0.00,0.00
2013.04.29 04:52:42.468,14.69046,14.69409,0.00,0.00
2013.04.29 04:52:44.005,14.68948,14.69248,0.00,0.00
2013.04.29 04:52:44.144,14.69066,14.69429,0.00,0.00
2013.04.29 04:52:44.454,14.68848,14.69148,0.00,0.00
2013.04.29 04:52:44.794,14.68979,14.69369,0.00,0.00
2013.04.29 04:52:45.635,14.68748,14.69048,0.00,0.00
2013.04.29 04:52:45.698,14.68832,14.69266,0.00,0.00
2013.04.29 04:52:45.763,14.68879,14.69217,0.00,0.00
2013.04.29 04:52:45.823,14.69006,14.69369,0.00,0.00
2013.04.29 04:52:45.883,14.68936,14.69237,0.00,0.00
2013.04.29 04:52:45.944,14.691,14.69509,0.00,0.00
2013.04.29 04:52:46.358,14.69108,14.69466,0.00,0.00
2013.04.29 04:52:46.577,14.688,14.69166,0.00,0.00
2013.04.29 04:52:46.984,14.6882,14.69186,0.00,0.00
2013.04.29 04:52:47.618,14.68856,14.69222,0.00,0.00
2013.04.29 04:52:47.923,14.68848,14.69148,0.00,0.00
2013.04.29 04:52:48.044,14.68607,14.68973,0.00,0.00
2013.04.29 04:52:48.104,14.68636,14.69002,0.00,0.00
2013.04.29 04:52:48.710,14.68756,14.69122,0.00,0.00
2013.04.29 04:52:49.114,14.68726,14.69092,0.00,0.00
2013.04.29 04:52:49.454,14.68794,14.69157,0.00,0.00
2013.04.29 04:52:50.076,14.68952,14.69252,0.00,0.00
2013.04.29 04:52:50.235,14.68894,14.69195,0.00,0.00
2013.04.29 04:52:50.354,14.69023,14.69367,0.00,0.00
2013.04.29 04:52:50.496,14.69071,14.69371,0.00,0.00
2013.04.29 04:52:50.943,14.69113,14.69413,0.00,0.00
2013.04.29 04:52:51.481,14.69266,14.69629,0.00,0.00
2013.04.29 04:52:51.803,14.69147,14.69448,0.00,0.00
2013.04.29 04:52:55.374,14.69266,14.69629,0.00,0.00
2013.04.29 04:52:57.039,14.69226,14.69589,0.00,0.00
2013.04.29 04:52:57.174,14.69246,14.69609,0.00,0.00
2013.04.29 04:52:57.595,14.69136,14.69437,0.00,0.00
2013.04.29 04:52:57.785,14.69246,14.69546,0.00,0.00
2013.04.29 04:52:58.099,14.69048,14.69348,0.00,0.00
2013.04.29 04:52:58.167,14.69226,14.69526,0.00,0.00
2013.04.29 04:53:00.553,14.68723,14.69414,0.00,0.00
2013.04.29 04:53:00.618,14.69043,14.69366,0.00,0.00
2013.04.29 04:53:01.024,14.68744,14.6911,0.00,0.00
2013.04.29 04:53:02.004,14.68769,14.69135,0.00,0.00
2013.04.29 04:53:02.384,14.68788,14.69154,0.00,0.00
2013.04.29 04:53:02.763,14.68815,14.69181,0.00,0.00
2013.04.29 04:53:03.675,14.68835,14.69201,0.00,0.00
2013.04.29 04:53:04.456,14.68829,14.69195,0.00,0.00
2013.04.29 04:53:04.953,14.68852,14.69218,0.00,0.00
2013.04.29 04:53:05.324,14.68834,14.692,0.00,0.00
2013.04.29 04:53:06.221,14.68872,14.69217,0.00,0.00
2013.04.29 04:53:06.693,14.68771,14.69137,0.00,0.00
2013.04.29 04:53:07.114,14.68808,14.69174,0.00,0.00
2013.04.29 04:53:07.623,14.6876,14.69126,0.00,0.00
2013.04.29 04:53:08.212,14.68785,14.69151,0.00,0.00
2013.04.29 04:53:09.192,14.6876,14.69126,0.00,0.00
2013.04.29 04:53:09.953,14.68791,14.69157,0.00,0.00
2013.04.29 04:53:10.874,14.68762,14.69097,0.00,0.00
2013.04.29 04:53:11.713,14.68675,14.69041,0.00,0.00
2013.04.29 04:53:14.596,14.68593,14.68948,0.00,0.00
2013.04.29 04:53:14.804,14.68454,14.6882,0.00,0.00
2013.04.29 04:53:14.875,14.68527,14.68893,0.00,0.00
2013.04.29 04:53:16.710,14.68502,14.68868,0.00,0.00
2013.04.29 04:53:17.583,14.6852,14.68886,0.00,0.00
2013.04.29 04:53:18.396,14.6852,14.68886,0.00,0.00
2013.04.29 04:53:18.874,14.68617,14.68937,0.00,0.00
2013.04.29 04:53:19.684,14.68617,14.68917,0.00,0.00
2013.04.29 04:53:19.744,14.68586,14.68907,0.00,0.00
2013.04.29 04:53:19.804,14.68566,14.68907,0.00,0.00
2013.04.29 04:53:20.864,14.68545,14.68911,0.00,0.00
2013.04.29 04:53:21.454,14.68517,14.68883,0.00,0.00
2013.04.29 04:53:21.772,14.68499,14.68865,0.00,0.00
2013.04.29 04:53:23.538,14.68477,14.68843,0.00,0.00
2013.04.29 04:53:24.748,14.68507,14.68848,0.00,0.00
2013.04.29 04:53:26.158,14.68478,14.68844,0.00,0.00
2013.04.29 04:53:27.894,14.68633,14.68933,0.00,0.00
2013.04.29 04:53:27.955,14.68619,14.68919,0.00,0.00
2013.04.29 04:53:28.175,14.68633,14.68957,0.00,0.00
2013.04.29 04:53:28.293,14.68633,14.68983,0.00,0.00
2013.04.29 04:53:28.631,14.68713,14.69017,0.00,0.00
2013.04.29 04:53:28.694,14.68651,14.69017,0.00,0.00
2013.04.29 04:53:28.753,14.68632,14.68998,0.00,0.00
2013.04.29 04:53:29.100,14.68573,14.68921,0.00,0.00
2013.04.29 04:53:30.450,14.68573,14.6892,0.00,0.00
2013.04.29 04:53:30.955,14.68613,14.68936,0.00,0.00
2013.04.29 04:53:32.624,14.68633,14.6896,0.00,0.00
2013.04.29 04:53:32.945,14.68633,14.68995,0.00,0.00
2013.04.29 04:53:34.554,14.68528,14.68894,0.00,0.00
2013.04.29 04:53:35.514,14.68511,14.68877,0.00,0.00
2013.04.29 04:53:36.605,14.68527,14.68893,0.00,0.00
2013.04.29 04:53:37.120,14.68511,14.68877,0.00,0.00
2013.04.29 04:53:37.670,14.68529,14.68895,0.00,0.00
2013.04.29 04:53:38.121,14.68513,14.68817,0.00,0.00
2013.04.29 04:53:38.518,14.68346,14.68712,0.00,0.00
2013.04.29 04:53:39.073,14.68365,14.68731,0.00,0.00
2013.04.29 04:53:39.936,14.68413,14.68779,0.00,0.00
2013.04.29 04:53:40.845,14.68379,14.68745,0.00,0.00
2013.04.29 04:53:41.214,14.68451,14.68817,0.00,0.00
2013.04.29 04:53:41.544,14.68433,14.68799,0.00,0.00
2013.04.29 04:53:42.130,14.68413,14.68779,0.00,0.00
2013.04.29 04:53:45.574,14.68384,14.6875,0.00,0.00
2013.04.29 04:53:45.962,14.68317,14.68683,0.00,0.00
2013.04.29 04:53:47.415,14.68287,14.68648,0.00,0.00
2013.04.29 04:53:48.016,14.68306,14.68672,0.00,0.00
2013.04.29 04:53:49.024,14.68288,14.68648,0.00,0.00
2013.04.29 04:53:49.764,14.68272,14.68638,0.00,0.00
2013.04.29 04:53:50.174,14.68291,14.68648,0.00,0.00
2013.04.29 04:53:50.745,14.68253,14.68619,0.00,0.00
2013.04.29 04:53:51.232,14.68293,14.68648,0.00,0.00
2013.04.29 04:53:51.562,14.68254,14.6862,0.00,0.00
2013.04.29 04:53:51.955,14.68288,14.68654,0.00,0.00
2013.04.29 04:53:52.825,14.68274,14.6864,0.00,0.00
2013.04.29 04:53:53.550,14.68254,14.6862,0.00,0.00
2013.04.29 04:53:53.875,14.68064,14.6843,0.00,0.00
2013.04.29 04:53:54.831,14.68041,14.68407,0.00,0.00
2013.04.29 04:53:55.804,14.68061,14.68427,0.00,0.00
2013.04.29 04:53:56.771,14.68042,14.68408,0.00,0.00
2013.04.29 04:53:57.124,14.6811,14.68476,0.00,0.00
2013.04.29 04:53:57.500,14.6809,14.68456,0.00,0.00
2013.04.29 04:53:57.844,14.68042,14.68408,0.00,0.00
2013.04.29 04:53:58.150,14.67963,14.68447,0.00,0.00
2013.04.29 04:54:01.250,14.67963,14.68397,0.00,0.00
2013.04.29 04:54:01.614,14.67952,14.68397,0.00,0.00
2013.04.29 04:54:01.819,14.67962,14.68397,0.00,0.00
2013.04.29 04:54:02.909,14.67981,14.68397,0.00,0.00
2013.04.29 04:54:03.024,14.67981,14.68417,0.00,0.00
2013.04.29 04:54:03.789,14.68,14.68417,0.00,0.00
2013.04.29 04:54:04.110,14.68,14.68387,0.00,0.00
2013.04.29 04:54:04.229,14.67952,14.68387,0.00,0.00
2013.04.29 04:54:04.284,14.67917,14.68348,0.00,0.00
2013.04.29 04:54:04.395,14.67888,14.68348,0.00,0.00
2013.04.29 04:54:05.198,14.6791,14.68387,0.00,0.00
2013.04.29 04:54:06.718,14.68042,14.68408,0.00,0.00
2013.04.29 04:54:07.765,14.68014,14.6838,0.00,0.00
2013.04.29 04:54:08.224,14.68042,14.68408,0.00,0.00
2013.04.29 04:54:09.592,14.68012,14.68378,0.00,0.00
2013.04.29 04:54:10.185,14.67993,14.68359,0.00,0.00
2013.04.29 04:54:12.664,14.68021,14.68387,0.00,0.00
2013.04.29 04:54:14.045,14.68041,14.68407,0.00,0.00
2013.04.29 04:54:14.560,14.68104,14.68417,0.00,0.00
2013.04.29 04:54:15.756,14.67976,14.68382,0.00,0.00
2013.04.29 04:54:16.416,14.67986,14.68412,0.00,0.00
2013.04.29 04:54:17.455,14.68052,14.68417,0.00,0.00
2013.04.29 04:54:18.806,14.67978,14.68344,0.00,0.00
2013.04.29 04:54:19.245,14.68005,14.68371,0.00,0.00
2013.04.29 04:54:19.794,14.67966,14.68332,0.00,0.00
2013.04.29 04:54:24.165,14.68026,14.68387,0.00,0.00
2013.04.29 04:54:24.805,14.67987,14.68353,0.00,0.00
2013.04.29 04:54:25.831,14.67968,14.68334,0.00,0.00
2013.04.29 04:54:26.636,14.67997,14.68363,0.00,0.00
2013.04.29 04:54:27.183,14.67973,14.68339,0.00,0.00
2013.04.29 04:54:27.894,14.68006,14.68372,0.00,0.00
2013.04.29 04:54:30.624,14.67983,14.68348,0.00,0.00
2013.04.29 04:54:31.352,14.68006,14.68372,0.00,0.00
2013.04.29 04:54:32.718,14.68041,14.68407,0.00,0.00
2013.04.29 04:54:33.260,14.6806,14.68426,0.00,0.00
2013.04.29 04:54:33.714,14.68079,14.68445,0.00,0.00
2013.04.29 04:54:34.639,14.68118,14.68484,0.00,0.00
2013.04.29 04:54:35.665,14.68095,14.68448,0.00,0.00
2013.04.29 04:54:35.980,14.68035,14.68401,0.00,0.00
2013.04.29 04:54:36.549,14.6807,14.68436,0.00,0.00
2013.04.29 04:54:37.243,14.68094,14.6846,0.00,0.00
2013.04.29 04:54:37.600,14.68074,14.6844,0.00,0.00
2013.04.29 04:54:38.800,14.68127,14.68493,0.00,0.00
2013.04.29 04:54:39.770,14.68147,14.68513,0.00,0.00
2013.04.29 04:54:40.144,14.68163,14.68529,0.00,0.00
2013.04.29 04:54:40.831,14.68235,14.68601,0.00,0.00
2013.04.29 04:54:41.200,14.68176,14.68542,0.00,0.00
2013.04.29 04:54:41.584,14.68193,14.68524,0.00,0.00
2013.04.29 04:54:41.924,14.68343,14.68709,0.00,0.00
2013.04.29 04:54:42.305,14.68386,14.68752,0.00,0.00
2013.04.29 04:54:43.887,14.68494,14.6886,0.00,0.00
2013.04.29 04:54:44.315,14.68469,14.68835,0.00,0.00
2013.04.29 04:54:44.654,14.68485,14.68851,0.00,0.00
2013.04.29 04:54:47.314,14.6853,14.68896,0.00,0.00
2013.04.29 04:54:47.665,14.68513,14.68879,0.00,0.00
2013.04.29 04:54:48.004,14.68511,14.68877,0.00,0.00
2013.04.29 04:54:48.586,14.68472,14.68838,0.00,0.00
2013.04.29 04:54:49.784,14.68454,14.6882,0.00,0.00
2013.04.29 04:54:50.244,14.68435,14.68801,0.00,0.00
2013.04.29 04:54:50.750,14.68457,14.68823,0.00,0.00
2013.04.29 04:54:52.177,14.68475,14.68841,0.00,0.00
2013.04.29 04:54:52.597,14.68494,14.68848,0.00,0.00
2013.04.29 04:54:52.954,14.6857,14.68936,0.00,0.00
2013.04.29 04:54:53.265,14.68551,14.68917,0.00,0.00
2013.04.29 04:54:53.870,14.68609,14.68975,0.00,0.00
2013.04.29 04:54:54.194,14.68793,14.69159,0.00,0.00
2013.04.29 04:54:54.663,14.68856,14.69222,0.00,0.00
2013.04.29 04:54:55.045,14.68914,14.6928,0.00,0.00
2013.04.29 04:54:56.001,14.68936,14.69302,0.00,0.00
2013.04.29 04:54:56.416,14.68897,14.69348,0.00,0.00
2013.04.29 04:54:58.377,14.68923,14.69413,0.00,0.00
2013.04.29 04:54:58.734,14.68952,14.69417,0.00,0.00
2013.04.29 04:55:01.104,14.68952,14.69447,0.00,0.00
2013.04.29 04:55:01.609,14.68963,14.69448,0.00,0.00
2013.04.29 04:55:02.264,14.68963,14.69467,0.00,0.00
2013.04.29 04:55:02.434,14.69003,14.69527,0.00,0.00
2013.04.29 04:55:02.975,14.69003,14.69448,0.00,0.00
2013.04.29 04:55:03.370,14.69023,14.69448,0.00,0.00
2013.04.29 04:55:04.369,14.69123,14.69448,0.00,0.00
2013.04.29 04:55:04.424,14.69123,14.69548,0.00,0.00
2013.04.29 04:55:06.129,14.69193,14.69548,0.00,0.00
2013.04.29 04:55:06.184,14.69193,14.69648,0.00,0.00
2013.04.29 04:55:10.199,14.69133,14.69648,0.00,0.00
2013.04.29 04:55:10.254,14.69133,14.69606,0.00,0.00
2013.04.29 04:55:10.604,14.69152,14.69648,0.00,0.00
2013.04.29 04:55:10.931,14.69173,14.69548,0.00,0.00
2013.04.29 04:55:11.041,14.69173,14.69548,0.00,0.00
2013.04.29 04:55:11.299,14.69153,14.69612,0.00,0.00
2013.04.29 04:55:11.405,14.69153,14.6961,0.00,0.00
2013.04.29 04:55:12.244,14.69152,14.69607,0.00,0.00
2013.04.29 04:55:12.839,14.69152,14.69577,0.00,0.00
2013.04.29 04:55:14.715,14.69152,14.69516,0.00,0.00
2013.04.29 04:55:19.000,14.6923,14.69596,0.00,0.00
2013.04.29 04:55:19.445,14.69251,14.69617,0.00,0.00
2013.04.29 04:55:19.934,14.69194,14.6956,0.00,0.00
2013.04.29 04:55:21.620,14.69155,14.69521,0.00,0.00
2013.04.29 04:55:22.894,14.69092,14.69458,0.00,0.00
2013.04.29 04:55:23.245,14.69017,14.69383,0.00,0.00
2013.04.29 04:55:23.779,14.69,14.69366,0.00,0.00
2013.04.29 04:55:25.374,14.68983,14.69349,0.00,0.00
2013.04.29 04:55:29.084,14.68962,14.69328,0.00,0.00
2013.04.29 04:55:30.434,14.6898,14.69346,0.00,0.00
2013.04.29 04:55:30.871,14.69018,14.69377,0.00,0.00
2013.04.29 04:55:31.704,14.69048,14.69414,0.00,0.00
2013.04.29 04:55:32.115,14.69032,14.69398,0.00,0.00
2013.04.29 04:55:32.814,14.68979,14.69345,0.00,0.00
2013.04.29 04:55:33.475,14.68999,14.69365,0.00,0.00
2013.04.29 04:55:46.194,14.68982,14.69348,0.00,0.00
2013.04.29 04:55:56.231,14.68965,14.69331,0.00,0.00
2013.04.29 04:56:09.078,14.68995,14.69361,0.00,0.00
2013.04.29 04:56:10.216,14.68952,14.69304,0.00,0.00
2013.04.29 04:56:20.284,14.68968,14.69334,0.00,0.00
2013.04.29 04:56:20.764,14.68987,14.69353,0.00,0.00
2013.04.29 04:56:24.244,14.69005,14.69371,0.00,0.00
2013.04.29 04:56:24.565,14.68918,14.69284,0.00,0.00
2013.04.29 04:56:24.964,14.68899,14.69265,0.00,0.00
2013.04.29 04:56:26.014,14.68927,14.69287,0.00,0.00
2013.04.29 04:56:26.334,14.68975,14.69307,0.00,0.00
2013.04.29 04:56:32.612,14.69005,14.69371,0.00,0.00
2013.04.29 04:56:40.595,14.69049,14.69415,0.00,0.00
2013.04.29 04:56:40.978,14.6907,14.69436,0.00,0.00
2013.04.29 04:56:41.580,14.69109,14.69467,0.00,0.00
2013.04.29 04:56:44.585,14.69091,14.69457,0.00,0.00
2013.04.29 04:56:46.878,14.69072,14.69438,0.00,0.00
2013.04.29 04:56:47.496,14.69052,14.69418,0.00,0.00
2013.04.29 04:56:48.794,14.68995,14.69361,0.00,0.00
2013.04.29 04:56:49.544,14.68975,14.69341,0.00,0.00
2013.04.29 04:56:54.844,14.69005,14.69371,0.00,0.00
2013.04.29 04:57:01.455,14.68986,14.69352,0.00,0.00
2013.04.29 04:57:04.337,14.6897,14.69336,0.00,0.00
2013.04.29 04:57:05.244,14.68952,14.69315,0.00,0.00
2013.04.29 04:57:06.574,14.68883,14.69249,0.00,0.00
2013.04.29 04:57:07.524,14.68903,14.69257,0.00,0.00
2013.04.29 04:57:15.205,14.68944,14.6931,0.00,0.00
2013.04.29 04:57:15.535,14.68984,14.6935,0.00,0.00
2013.04.29 04:57:17.262,14.69004,14.6937,0.00,0.00
2013.04.29 04:57:17.827,14.69072,14.69438,0.00,0.00
2013.04.29 04:57:18.261,14.69092,14.69458,0.00,0.00
2013.04.29 04:57:19.962,14.69125,14.69491,0.00,0.00
2013.04.29 04:57:35.974,14.6919,14.69556,0.00,0.00
2013.04.29 04:57:36.577,14.69152,14.69479,0.00,0.00
2013.04.29 04:57:37.014,14.69153,14.69519,0.00,0.00
2013.04.29 04:57:37.556,14.6922,14.69586,0.00,0.00
2013.04.29 04:57:40.954,14.69204,14.6957,0.00,0.00
2013.04.29 04:57:41.452,14.69239,14.69597,0.00,0.00
2013.04.29 04:57:42.324,14.69308,14.69637,0.00,0.00
2013.04.29 04:57:42.754,14.69292,14.69657,0.00,0.00
2013.04.29 04:57:55.475,14.69276,14.69642,0.00,0.00
2013.04.29 04:57:56.199,14.69252,14.69577,0.00,0.00
2013.04.29 04:58:02.014,14.6914,14.69506,0.00,0.00
2013.04.29 04:58:02.345,14.69121,14.69487,0.00,0.00
2013.04.29 04:58:03.650,14.6917,14.69536,0.00,0.00
2013.04.29 04:58:04.104,14.6919,14.69556,0.00,0.00
2013.04.29 04:58:04.510,14.6917,14.69536,0.00,0.00
2013.04.29 04:58:12.225,14.69196,14.69562,0.00,0.00
2013.04.29 04:58:14.476,14.69213,14.69579,0.00,0.00
2013.04.29 04:58:15.125,14.69232,14.69597,0.00,0.00
2013.04.29 04:58:18.107,14.69351,14.69687,0.00,0.00
2013.04.29 04:58:18.634,14.69399,14.69765,0.00,0.00
2013.04.29 04:58:18.984,14.69408,14.69774,0.00,0.00
2013.04.29 04:58:20.006,14.69409,14.69775,0.00,0.00
2013.04.29 04:58:20.505,14.69428,14.69787,0.00,0.00
2013.04.29 04:58:25.214,14.6941,14.69776,0.00,0.00
2013.04.29 04:58:25.625,14.69391,14.69757,0.00,0.00
2013.04.29 04:58:25.994,14.69373,14.69739,0.00,0.00
2013.04.29 04:58:26.355,14.69378,14.69744,0.00,0.00
2013.04.29 04:58:28.414,14.69334,14.697,0.00,0.00
2013.04.29 04:58:34.804,14.69373,14.69739,0.00,0.00
2013.04.29 04:58:35.234,14.69392,14.69758,0.00,0.00
2013.04.29 04:58:35.568,14.69411,14.69777,0.00,0.00
2013.04.29 04:58:36.312,14.69393,14.69759,0.00,0.00
2013.04.29 04:58:36.642,14.69412,14.69777,0.00,0.00
2013.04.29 04:58:52.725,14.69436,14.69802,0.00,0.00
2013.04.29 04:58:53.472,14.69418,14.69784,0.00,0.00
2013.04.29 04:59:02.780,14.69436,14.69802,0.00,0.00
2013.04.29 04:59:23.070,14.69442,14.69808,0.00,0.00
2013.04.29 04:59:34.155,14.69506,14.69847,0.00,0.00
2013.04.29 04:59:35.285,14.69457,14.69823,0.00,0.00
2013.04.29 04:59:41.354,14.69452,14.69797,0.00,0.00
2013.04.29 04:59:43.395,14.69409,14.69775,0.00,0.00
2013.04.29 04:59:48.244,14.69426,14.69792,0.00,0.00
2013.04.29 04:59:49.694,14.69445,14.69797,0.00,0.00
