2016.02.23 18:00:00.168,12.23178,12.23532,0.00,0.00
2016.02.23 18:00:02.303,12.23171,12.23512,0.00,0.00
2016.02.23 18:00:02.354,12.23159,12.23512,0.00,0.00
2016.02.23 18:00:02.455,12.2258,12.2285,0.00,0.00
2016.02.23 18:00:02.618,12.22579,12.22932,0.00,0.00
2016.02.23 18:00:02.668,12.22608,12.22951,0.00,0.00
2016.02.23 18:00:02.971,12.22678,12.2295,0.00,0.00
2016.02.23 18:00:03.022,12.2273,12.23019,0.00,0.00
2016.02.23 18:00:03.124,12.22759,12.23019,0.00,0.00
2016.02.23 18:00:03.174,12.22772,12.23102,0.00,0.00
2016.02.23 18:00:03.292,12.22772,12.2313,0.00,0.00
2016.02.23 18:00:03.432,12.22809,12.23152,0.00,0.00
2016.02.23 18:00:03.767,12.22921,12.2325,0.00,0.00
2016.02.23 18:00:04.268,12.22859,12.23241,0.00,0.00
2016.02.23 18:00:04.517,12.2286,12.2321,0.00,0.00
2016.02.23 18:00:04.567,12.22859,12.23231,0.00,0.00
2016.02.23 18:00:04.842,12.2286,12.2322,0.00,0.00
2016.02.23 18:00:05.452,12.22859,12.23221,0.00,0.00
2016.02.23 18:00:05.762,12.2286,12.23151,0.00,0.00
2016.02.23 18:00:06.005,12.22759,12.23151,0.00,0.00
2016.02.23 18:00:06.056,12.22759,12.23121,0.00,0.00
2016.02.23 18:00:06.393,12.22719,12.23081,0.00,0.00
2016.02.23 18:00:06.696,12.22759,12.23111,0.00,0.00
2016.02.23 18:00:06.874,12.22709,12.23081,0.00,0.00
2016.02.23 18:00:07.091,12.2273,12.2308,0.00,0.00
2016.02.23 18:00:07.659,12.22729,12.23081,0.00,0.00
2016.02.23 18:00:08.562,12.2273,12.2308,0.00,0.00
2016.02.23 18:00:09.082,12.22729,12.23081,0.00,0.00
2016.02.23 18:00:09.745,12.2273,12.2308,0.00,0.00
2016.02.23 18:00:10.368,12.22729,12.23081,0.00,0.00
2016.02.23 18:00:11.121,12.22729,12.23049,0.00,0.00
2016.02.23 18:00:11.172,12.22708,12.23041,0.00,0.00
2016.02.23 18:00:11.273,12.22669,12.23041,0.00,0.00
2016.02.23 18:00:11.474,12.22759,12.23081,0.00,0.00
2016.02.23 18:00:11.676,12.2273,12.2309,0.00,0.00
2016.02.23 18:00:12.821,12.22729,12.23091,0.00,0.00
2016.02.23 18:00:12.872,12.22768,12.23091,0.00,0.00
2016.02.23 18:00:13.180,12.22868,12.23131,0.00,0.00
2016.02.23 18:00:13.586,12.22868,12.2321,0.00,0.00
2016.02.23 18:00:14.088,12.22859,12.23182,0.00,0.00
2016.02.23 18:00:14.189,12.22828,12.23182,0.00,0.00
2016.02.23 18:00:14.698,12.22828,12.23181,0.00,0.00
2016.02.23 18:00:15.172,12.2281,12.23131,0.00,0.00
2016.02.23 18:00:15.222,12.22779,12.23131,0.00,0.00
2016.02.23 18:00:15.996,12.22779,12.2313,0.00,0.00
2016.02.23 18:00:16.306,12.22759,12.23031,0.00,0.00
2016.02.23 18:00:16.407,12.2269,12.23031,0.00,0.00
2016.02.23 18:00:16.828,12.22728,12.22951,0.00,0.00
2016.02.23 18:00:16.938,12.22578,12.22931,0.00,0.00
2016.02.23 18:00:17.109,12.22578,12.2291,0.00,0.00
2016.02.23 18:00:17.413,12.22478,12.22832,0.00,0.00
2016.02.23 18:00:17.532,12.2253,12.22832,0.00,0.00
2016.02.23 18:00:17.640,12.22579,12.22931,0.00,0.00
2016.02.23 18:00:17.810,12.2262,12.22931,0.00,0.00
2016.02.23 18:00:18.017,12.22628,12.22982,0.00,0.00
2016.02.23 18:00:18.168,12.22578,12.22932,0.00,0.00
2016.02.23 18:00:18.476,12.22679,12.2302,0.00,0.00
2016.02.23 18:00:18.526,12.22679,12.23031,0.00,0.00
2016.02.23 18:00:19.102,12.22778,12.23041,0.00,0.00
2016.02.23 18:00:19.153,12.22778,12.23132,0.00,0.00
2016.02.23 18:00:30.139,12.22678,12.22971,0.00,0.00
2016.02.23 18:00:30.290,12.22628,12.2297,0.00,0.00
2016.02.23 18:00:31.231,12.2261,12.22931,0.00,0.00
2016.02.23 18:00:31.382,12.22579,12.22931,0.00,0.00
2016.02.23 18:00:33.049,12.22579,12.2293,0.00,0.00
2016.02.23 18:00:33.551,12.22579,12.22931,0.00,0.00
2016.02.23 18:00:33.888,12.22629,12.22931,0.00,0.00
2016.02.23 18:00:33.989,12.22678,12.23031,0.00,0.00
2016.02.23 18:00:34.256,12.22678,12.23021,0.00,0.00
2016.02.23 18:00:34.863,12.22678,12.2302,0.00,0.00
2016.02.23 18:00:35.678,12.22678,12.23031,0.00,0.00
2016.02.23 18:00:36.611,12.22678,12.23011,0.00,0.00
2016.02.23 18:00:37.170,12.22678,12.2301,0.00,0.00
2016.02.23 18:00:37.591,12.22629,12.2295,0.00,0.00
2016.02.23 18:00:37.643,12.22629,12.22961,0.00,0.00
2016.02.23 18:00:37.744,12.2261,12.22931,0.00,0.00
2016.02.23 18:00:37.794,12.22579,12.22931,0.00,0.00
2016.02.23 18:00:38.188,12.22628,12.22951,0.00,0.00
2016.02.23 18:00:38.318,12.22628,12.22971,0.00,0.00
2016.02.23 18:00:38.424,12.2261,12.22931,0.00,0.00
2016.02.23 18:00:38.475,12.22579,12.22931,0.00,0.00
2016.02.23 18:00:39.195,12.22579,12.22861,0.00,0.00
2016.02.23 18:00:39.319,12.22579,12.22881,0.00,0.00
2016.02.23 18:00:39.377,12.22579,12.22931,0.00,0.00
2016.02.23 18:00:39.820,12.22579,12.22851,0.00,0.00
2016.02.23 18:00:39.921,12.22579,12.2288,0.00,0.00
2016.02.23 18:00:40.022,12.22579,12.22931,0.00,0.00
2016.02.23 18:00:41.185,12.22579,12.2292,0.00,0.00
2016.02.23 18:00:41.691,12.22579,12.22921,0.00,0.00
2016.02.23 18:00:41.824,12.22579,12.2293,0.00,0.00
2016.02.23 18:00:41.924,12.22579,12.2292,0.00,0.00
2016.02.23 18:00:42.570,12.22579,12.22931,0.00,0.00
2016.02.23 18:00:42.891,12.22579,12.22921,0.00,0.00
2016.02.23 18:00:43.011,12.22579,12.2293,0.00,0.00
2016.02.23 18:00:43.126,12.22579,12.22911,0.00,0.00
2016.02.23 18:00:43.693,12.22579,12.2292,0.00,0.00
2016.02.23 18:00:44.002,12.22579,12.22931,0.00,0.00
2016.02.23 18:00:45.023,12.22659,12.22982,0.00,0.00
2016.02.23 18:00:45.130,12.22678,12.23031,0.00,0.00
2016.02.23 18:00:45.231,12.22678,12.23021,0.00,0.00
2016.02.23 18:00:45.530,12.22678,12.23031,0.00,0.00
2016.02.23 18:00:45.886,12.22678,12.22909,0.00,0.00
2016.02.23 18:00:46.037,12.22559,12.22882,0.00,0.00
2016.02.23 18:00:46.191,12.22579,12.22931,0.00,0.00
2016.02.23 18:00:46.404,12.22609,12.22931,0.00,0.00
2016.02.23 18:00:46.454,12.22628,12.22971,0.00,0.00
2016.02.23 18:00:46.505,12.2266,12.22982,0.00,0.00
2016.02.23 18:00:46.656,12.22678,12.23001,0.00,0.00
2016.02.23 18:00:46.707,12.22678,12.23011,0.00,0.00
2016.02.23 18:00:46.805,12.22678,12.23,0.00,0.00
2016.02.23 18:00:47.025,12.22678,12.23021,0.00,0.00
2016.02.23 18:00:47.743,12.22678,12.2302,0.00,0.00
2016.02.23 18:00:48.295,12.22678,12.23021,0.00,0.00
2016.02.23 18:00:49.213,12.22678,12.2302,0.00,0.00
2016.02.23 18:00:49.336,12.22678,12.23031,0.00,0.00
2016.02.23 18:00:49.541,12.22678,12.23011,0.00,0.00
2016.02.23 18:00:50.167,12.22729,12.23011,0.00,0.00
2016.02.23 18:00:50.217,12.22769,12.23081,0.00,0.00
2016.02.23 18:00:50.268,12.22778,12.23111,0.00,0.00
2016.02.23 18:00:50.387,12.22778,12.23132,0.00,0.00
2016.02.23 18:00:50.591,12.22828,12.2315,0.00,0.00
2016.02.23 18:00:50.842,12.22779,12.23131,0.00,0.00
2016.02.23 18:00:53.933,12.22828,12.23182,0.00,0.00
2016.02.23 18:00:54.042,12.22873,12.23231,0.00,0.00
2016.02.23 18:00:54.593,12.22873,12.23232,0.00,0.00
2016.02.23 18:00:55.639,12.22873,12.23231,0.00,0.00
2016.02.23 18:00:56.304,12.22873,12.23232,0.00,0.00
2016.02.23 18:00:56.885,12.22941,12.2325,0.00,0.00
2016.02.23 18:00:56.985,12.23078,12.23398,0.00,0.00
2016.02.23 18:00:57.288,12.23078,12.23421,0.00,0.00
2016.02.23 18:00:57.345,12.23078,12.23432,0.00,0.00
2016.02.23 18:00:58.087,12.23079,12.23432,0.00,0.00
2016.02.23 18:00:58.564,12.2309,12.23432,0.00,0.00
2016.02.23 18:00:58.898,12.2315,12.23481,0.00,0.00
2016.02.23 18:00:59.100,12.23179,12.23531,0.00,0.00
2016.02.23 18:01:00.756,12.23179,12.2353,0.00,0.00
2016.02.23 18:01:01.257,12.23179,12.23531,0.00,0.00
2016.02.23 18:01:01.705,12.23128,12.2341,0.00,0.00
2016.02.23 18:01:01.856,12.23079,12.2341,0.00,0.00
2016.02.23 18:01:02.762,12.23079,12.23411,0.00,0.00
2016.02.23 18:01:03.158,12.23079,12.23421,0.00,0.00
2016.02.23 18:01:03.389,12.2305,12.2337,0.00,0.00
2016.02.23 18:01:03.490,12.23078,12.23411,0.00,0.00
2016.02.23 18:01:03.867,12.23078,12.23431,0.00,0.00
2016.02.23 18:01:04.413,12.23078,12.23432,0.00,0.00
2016.02.23 18:01:04.971,12.23079,12.23432,0.00,0.00
2016.02.23 18:01:05.490,12.2308,12.23432,0.00,0.00
2016.02.23 18:01:05.770,12.23128,12.23451,0.00,0.00
2016.02.23 18:01:06.022,12.23179,12.2353,0.00,0.00
2016.02.23 18:01:06.877,12.23179,12.23531,0.00,0.00
2016.02.23 18:01:08.219,12.23278,12.23611,0.00,0.00
2016.02.23 18:01:08.466,12.23278,12.23632,0.00,0.00
2016.02.23 18:01:10.415,12.23278,12.23621,0.00,0.00
2016.02.23 18:01:11.094,12.23259,12.23582,0.00,0.00
2016.02.23 18:01:11.397,12.23179,12.23531,0.00,0.00
2016.02.23 18:01:12.407,12.23229,12.2355,0.00,0.00
2016.02.23 18:01:12.508,12.23229,12.2357,0.00,0.00
2016.02.23 18:01:12.617,12.23209,12.23532,0.00,0.00
2016.02.23 18:01:12.818,12.23228,12.23582,0.00,0.00
2016.02.23 18:01:13.254,12.23278,12.23601,0.00,0.00
2016.02.23 18:01:13.405,12.23278,12.2361,0.00,0.00
2016.02.23 18:01:13.607,12.23278,12.23631,0.00,0.00
2016.02.23 18:01:13.800,12.23259,12.23582,0.00,0.00
2016.02.23 18:01:14.059,12.23279,12.2362,0.00,0.00
2016.02.23 18:01:14.510,12.23279,12.23631,0.00,0.00
2016.02.23 18:01:14.893,12.23279,12.23591,0.00,0.00
2016.02.23 18:01:14.944,12.23278,12.23611,0.00,0.00
2016.02.23 18:01:15.010,12.23259,12.23582,0.00,0.00
2016.02.23 18:01:15.114,12.23249,12.23582,0.00,0.00
2016.02.23 18:01:15.265,12.23249,12.23531,0.00,0.00
2016.02.23 18:01:15.316,12.23199,12.23531,0.00,0.00
2016.02.23 18:01:15.417,12.23179,12.23531,0.00,0.00
2016.02.23 18:01:15.712,12.23229,12.2355,0.00,0.00
2016.02.23 18:01:15.817,12.23229,12.23581,0.00,0.00
2016.02.23 18:01:16.019,12.23179,12.23531,0.00,0.00
2016.02.23 18:01:16.330,12.23229,12.23551,0.00,0.00
2016.02.23 18:01:16.431,12.23229,12.23581,0.00,0.00
2016.02.23 18:01:16.927,12.23219,12.23531,0.00,0.00
2016.02.23 18:01:17.028,12.23228,12.23582,0.00,0.00
2016.02.23 18:01:17.259,12.23278,12.23611,0.00,0.00
2016.02.23 18:01:17.360,12.23278,12.23632,0.00,0.00
2016.02.23 18:01:17.529,12.23279,12.2356,0.00,0.00
2016.02.23 18:01:17.632,12.23279,12.23621,0.00,0.00
2016.02.23 18:01:18.053,12.23279,12.23611,0.00,0.00
2016.02.23 18:01:18.332,12.23278,12.2362,0.00,0.00
2016.02.23 18:01:18.760,12.23278,12.236,0.00,0.00
2016.02.23 18:01:19.313,12.23278,12.23601,0.00,0.00
2016.02.23 18:01:19.561,12.2318,12.23532,0.00,0.00
2016.02.23 18:01:19.662,12.23178,12.23532,0.00,0.00
2016.02.23 18:01:20.730,12.23229,12.23551,0.00,0.00
2016.02.23 18:01:20.881,12.23229,12.2358,0.00,0.00
2016.02.23 18:01:21.444,12.23229,12.23581,0.00,0.00
2016.02.23 18:01:23.164,12.23178,12.23542,0.00,0.00
2016.02.23 18:01:23.416,12.23228,12.23551,0.00,0.00
2016.02.23 18:01:23.610,12.23178,12.23542,0.00,0.00
2016.02.23 18:01:24.259,12.23278,12.23571,0.00,0.00
2016.02.23 18:01:24.411,12.2326,12.2357,0.00,0.00
2016.02.23 18:01:24.511,12.2321,12.23542,0.00,0.00
2016.02.23 18:01:24.562,12.23192,12.23542,0.00,0.00
2016.02.23 18:01:24.965,12.23178,12.23542,0.00,0.00
2016.02.23 18:01:25.337,12.23178,12.23521,0.00,0.00
2016.02.23 18:01:25.457,12.23178,12.23531,0.00,0.00
2016.02.23 18:01:25.658,12.23178,12.23521,0.00,0.00
2016.02.23 18:01:26.059,12.23178,12.23531,0.00,0.00
2016.02.23 18:01:26.160,12.23178,12.235,0.00,0.00
2016.02.23 18:01:26.462,12.23178,12.2347,0.00,0.00
2016.02.23 18:01:26.564,12.23128,12.23451,0.00,0.00
2016.02.23 18:01:26.930,12.2309,12.23442,0.00,0.00
2016.02.23 18:01:26.980,12.23109,12.23442,0.00,0.00
2016.02.23 18:01:27.031,12.23129,12.23491,0.00,0.00
2016.02.23 18:01:27.284,12.23159,12.23491,0.00,0.00
2016.02.23 18:01:27.334,12.23179,12.23521,0.00,0.00
2016.02.23 18:01:27.670,12.23179,12.23511,0.00,0.00
2016.02.23 18:01:27.972,12.23179,12.23501,0.00,0.00
2016.02.23 18:01:28.023,12.23159,12.23491,0.00,0.00
2016.02.23 18:01:28.073,12.23129,12.2345,0.00,0.00
2016.02.23 18:01:28.124,12.2311,12.23442,0.00,0.00
2016.02.23 18:01:28.175,12.23091,12.23442,0.00,0.00
2016.02.23 18:01:28.275,12.23091,12.2343,0.00,0.00
2016.02.23 18:01:28.376,12.23091,12.2344,0.00,0.00
2016.02.23 18:01:28.579,12.23091,12.2341,0.00,0.00
2016.02.23 18:01:28.629,12.23078,12.2341,0.00,0.00
2016.02.23 18:01:28.680,12.23078,12.234,0.00,0.00
2016.02.23 18:01:29.114,12.23078,12.23391,0.00,0.00
2016.02.23 18:01:29.234,12.23078,12.23431,0.00,0.00
2016.02.23 18:01:29.721,12.23078,12.2342,0.00,0.00
2016.02.23 18:01:30.201,12.23078,12.2341,0.00,0.00
2016.02.23 18:01:30.505,12.23078,12.23391,0.00,0.00
2016.02.23 18:01:30.809,12.23078,12.234,0.00,0.00
2016.02.23 18:01:31.237,12.23078,12.2341,0.00,0.00
2016.02.23 18:01:31.314,12.23078,12.2342,0.00,0.00
2016.02.23 18:01:31.929,12.23078,12.23411,0.00,0.00
2016.02.23 18:01:32.430,12.23078,12.2341,0.00,0.00
2016.02.23 18:01:33.038,12.23078,12.23411,0.00,0.00
2016.02.23 18:01:33.343,12.23078,12.234,0.00,0.00
2016.02.23 18:01:33.647,12.23078,12.23391,0.00,0.00
2016.02.23 18:01:33.949,12.23078,12.23381,0.00,0.00
2016.02.23 18:01:34.081,12.22989,12.23311,0.00,0.00
2016.02.23 18:01:34.150,12.22979,12.2331,0.00,0.00
2016.02.23 18:01:34.351,12.22979,12.23291,0.00,0.00
2016.02.23 18:01:34.730,12.22979,12.23281,0.00,0.00
2016.02.23 18:01:34.952,12.2298,12.233,0.00,0.00
2016.02.23 18:01:35.061,12.22979,12.23321,0.00,0.00
2016.02.23 18:01:35.396,12.23078,12.23321,0.00,0.00
2016.02.23 18:01:35.497,12.23078,12.23361,0.00,0.00
2016.02.23 18:01:35.554,12.23078,12.23381,0.00,0.00
2016.02.23 18:01:35.656,12.23079,12.23391,0.00,0.00
2016.02.23 18:01:35.757,12.23079,12.2341,0.00,0.00
2016.02.23 18:01:36.291,12.23079,12.23411,0.00,0.00
2016.02.23 18:01:36.489,12.23079,12.23401,0.00,0.00
2016.02.23 18:01:37.165,12.23079,12.2343,0.00,0.00
2016.02.23 18:01:37.970,12.23079,12.23431,0.00,0.00
2016.02.23 18:01:39.230,12.23128,12.23431,0.00,0.00
2016.02.23 18:01:39.280,12.23128,12.23451,0.00,0.00
2016.02.23 18:01:39.381,12.23171,12.23471,0.00,0.00
2016.02.23 18:01:39.482,12.23171,12.23492,0.00,0.00
2016.02.23 18:01:39.583,12.23179,12.23521,0.00,0.00
2016.02.23 18:01:39.883,12.23179,12.2353,0.00,0.00
2016.02.23 18:01:39.984,12.23179,12.23521,0.00,0.00
2016.02.23 18:01:40.162,12.23179,12.23541,0.00,0.00
2016.02.23 18:01:40.275,12.23179,12.2352,0.00,0.00
2016.02.23 18:01:40.777,12.23179,12.23521,0.00,0.00
2016.02.23 18:01:41.301,12.23179,12.2352,0.00,0.00
2016.02.23 18:01:41.616,12.23179,12.235,0.00,0.00
2016.02.23 18:01:41.866,12.23179,12.23521,0.00,0.00
2016.02.23 18:01:42.182,12.23179,12.23501,0.00,0.00
2016.02.23 18:01:42.283,12.23179,12.23531,0.00,0.00
2016.02.23 18:01:43.488,12.23179,12.2353,0.00,0.00
2016.02.23 18:01:43.589,12.23221,12.23541,0.00,0.00
2016.02.23 18:01:43.639,12.23228,12.23561,0.00,0.00
2016.02.23 18:01:43.690,12.23228,12.23592,0.00,0.00
2016.02.23 18:01:43.990,12.23278,12.23619,0.00,0.00
2016.02.23 18:01:44.322,12.23278,12.236,0.00,0.00
2016.02.23 18:01:45.111,12.23278,12.23601,0.00,0.00
2016.02.23 18:01:45.712,12.23278,12.23611,0.00,0.00
2016.02.23 18:01:45.813,12.23278,12.23621,0.00,0.00
2016.02.23 18:01:46.138,12.23278,12.23631,0.00,0.00
2016.02.23 18:01:46.314,12.23278,12.236,0.00,0.00
2016.02.23 18:01:46.835,12.23278,12.23601,0.00,0.00
2016.02.23 18:01:47.264,12.23259,12.23591,0.00,0.00
2016.02.23 18:01:47.315,12.23229,12.23551,0.00,0.00
2016.02.23 18:01:47.617,12.23221,12.23541,0.00,0.00
2016.02.23 18:01:48.003,12.23279,12.23591,0.00,0.00
2016.02.23 18:01:48.204,12.23279,12.236,0.00,0.00
2016.02.23 18:01:48.606,12.23279,12.23611,0.00,0.00
2016.02.23 18:01:48.707,12.23279,12.23621,0.00,0.00
2016.02.23 18:01:50.749,12.23279,12.23631,0.00,0.00
2016.02.23 18:01:51.017,12.23279,12.2362,0.00,0.00
2016.02.23 18:01:51.754,12.23279,12.23621,0.00,0.00
2016.02.23 18:01:52.725,12.23279,12.2362,0.00,0.00
2016.02.23 18:01:53.131,12.23279,12.23631,0.00,0.00
2016.02.23 18:01:53.727,12.23279,12.2363,0.00,0.00
2016.02.23 18:01:53.851,12.23279,12.23618,0.00,0.00
2016.02.23 18:01:54.527,12.23378,12.23618,0.00,0.00
2016.02.23 18:01:54.584,12.23378,12.2366,0.00,0.00
2016.02.23 18:01:54.684,12.23372,12.23661,0.00,0.00
2016.02.23 18:01:54.735,12.23372,12.2365,0.00,0.00
2016.02.23 18:01:55.037,12.23372,12.23631,0.00,0.00
2016.02.23 18:01:55.252,12.23278,12.2363,0.00,0.00
2016.02.23 18:01:56.027,12.23278,12.23631,0.00,0.00
2016.02.23 18:01:56.136,12.23278,12.23642,0.00,0.00
2016.02.23 18:01:56.378,12.23309,12.23642,0.00,0.00
2016.02.23 18:01:56.703,12.23329,12.23661,0.00,0.00
2016.02.23 18:01:57.004,12.23379,12.23661,0.00,0.00
2016.02.23 18:01:58.342,12.23379,12.2366,0.00,0.00
2016.02.23 18:01:58.845,12.23379,12.23661,0.00,0.00
2016.02.23 18:01:59.463,12.23379,12.2366,0.00,0.00
2016.02.23 18:02:00.004,12.23379,12.23661,0.00,0.00
2016.02.23 18:02:00.750,12.23379,12.2366,0.00,0.00
2016.02.23 18:02:01.257,12.23379,12.23661,0.00,0.00
2016.02.23 18:02:01.358,12.23322,12.23641,0.00,0.00
2016.02.23 18:02:01.855,12.23322,12.23631,0.00,0.00
2016.02.23 18:02:02.267,12.23322,12.23621,0.00,0.00
2016.02.23 18:02:02.709,12.23278,12.23621,0.00,0.00
2016.02.23 18:02:02.982,12.23278,12.23641,0.00,0.00
2016.02.23 18:02:03.161,12.23278,12.23631,0.00,0.00
2016.02.23 18:02:04.064,12.23278,12.2363,0.00,0.00
2016.02.23 18:02:04.365,12.23278,12.23621,0.00,0.00
2016.02.23 18:02:04.698,12.23278,12.23601,0.00,0.00
2016.02.23 18:02:05.099,12.23278,12.2359,0.00,0.00
2016.02.23 18:02:05.468,12.23278,12.23581,0.00,0.00
2016.02.23 18:02:05.654,12.23271,12.23578,0.00,0.00
2016.02.23 18:02:05.705,12.23229,12.2352,0.00,0.00
2016.02.23 18:02:05.924,12.23229,12.23531,0.00,0.00
2016.02.23 18:02:06.051,12.23221,12.23542,0.00,0.00
2016.02.23 18:02:06.102,12.23221,12.2353,0.00,0.00
2016.02.23 18:02:06.452,12.23221,12.23501,0.00,0.00
2016.02.23 18:02:06.973,12.23221,12.23491,0.00,0.00
2016.02.23 18:02:07.074,12.23178,12.23491,0.00,0.00
2016.02.23 18:02:07.605,12.23178,12.2349,0.00,0.00
2016.02.23 18:02:08.298,12.23178,12.23501,0.00,0.00
2016.02.23 18:02:08.399,12.23178,12.2349,0.00,0.00
2016.02.23 18:02:08.929,12.23178,12.23491,0.00,0.00
2016.02.23 18:02:09.230,12.23178,12.2348,0.00,0.00
2016.02.23 18:02:09.543,12.23199,12.23501,0.00,0.00
2016.02.23 18:02:09.700,12.23178,12.23491,0.00,0.00
2016.02.23 18:02:09.983,12.23178,12.23481,0.00,0.00
2016.02.23 18:02:10.579,12.23178,12.2348,0.00,0.00
2016.02.23 18:02:10.919,12.23178,12.2347,0.00,0.00
2016.02.23 18:02:11.089,12.23178,12.23481,0.00,0.00
2016.02.23 18:02:11.190,12.23178,12.23471,0.00,0.00
2016.02.23 18:02:11.706,12.23178,12.2347,0.00,0.00
2016.02.23 18:02:11.919,12.23122,12.23431,0.00,0.00
2016.02.23 18:02:12.505,12.23122,12.2343,0.00,0.00
2016.02.23 18:02:12.736,12.23129,12.2343,0.00,0.00
2016.02.23 18:02:12.787,12.23129,12.23441,0.00,0.00
2016.02.23 18:02:12.889,12.23129,12.23451,0.00,0.00
2016.02.23 18:02:12.940,12.23122,12.23442,0.00,0.00
2016.02.23 18:02:13.143,12.23129,12.23451,0.00,0.00
2016.02.23 18:02:13.193,12.23172,12.23451,0.00,0.00
2016.02.23 18:02:13.295,12.23172,12.23471,0.00,0.00
2016.02.23 18:02:13.396,12.23172,12.23491,0.00,0.00
2016.02.23 18:02:13.447,12.23178,12.235,0.00,0.00
2016.02.23 18:02:13.593,12.23178,12.2352,0.00,0.00
2016.02.23 18:02:14.107,12.23178,12.2354,0.00,0.00
2016.02.23 18:02:14.198,12.23178,12.23521,0.00,0.00
2016.02.23 18:02:14.514,12.23178,12.2351,0.00,0.00
2016.02.23 18:02:14.873,12.23178,12.2348,0.00,0.00
2016.02.23 18:02:15.025,12.23121,12.23442,0.00,0.00
2016.02.23 18:02:15.199,12.23128,12.2345,0.00,0.00
2016.02.23 18:02:15.936,12.23128,12.23451,0.00,0.00
2016.02.23 18:02:16.211,12.23121,12.23442,0.00,0.00
2016.02.23 18:02:16.315,12.23109,12.23442,0.00,0.00
2016.02.23 18:02:16.416,12.23129,12.23451,0.00,0.00
2016.02.23 18:02:16.668,12.23079,12.23441,0.00,0.00
2016.02.23 18:02:16.919,12.2311,12.23441,0.00,0.00
2016.02.23 18:02:17.290,12.23129,12.23451,0.00,0.00
2016.02.23 18:02:17.409,12.23129,12.23468,0.00,0.00
2016.02.23 18:02:17.689,12.23178,12.2348,0.00,0.00
2016.02.23 18:02:17.739,12.23178,12.23491,0.00,0.00
2016.02.23 18:02:17.890,12.23278,12.2349,0.00,0.00
2016.02.23 18:02:17.941,12.23278,12.23569,0.00,0.00
2016.02.23 18:02:18.396,12.23278,12.23601,0.00,0.00
2016.02.23 18:02:19.114,12.23278,12.236,0.00,0.00
2016.02.23 18:02:19.718,12.23278,12.23601,0.00,0.00
2016.02.23 18:02:19.917,12.23278,12.23621,0.00,0.00
2016.02.23 18:02:19.978,12.23322,12.23621,0.00,0.00
2016.02.23 18:02:20.029,12.23322,12.2364,0.00,0.00
2016.02.23 18:02:20.079,12.23328,12.2364,0.00,0.00
2016.02.23 18:02:20.130,12.23328,12.23649,0.00,0.00
2016.02.23 18:02:20.283,12.23322,12.23642,0.00,0.00
2016.02.23 18:02:20.622,12.23322,12.2364,0.00,0.00
2016.02.23 18:02:20.673,12.23322,12.23642,0.00,0.00
2016.02.23 18:02:21.223,12.23322,12.2364,0.00,0.00
2016.02.23 18:02:21.420,12.23278,12.23631,0.00,0.00
2016.02.23 18:02:21.624,12.23278,12.2361,0.00,0.00
2016.02.23 18:02:21.868,12.23278,12.23641,0.00,0.00
2016.02.23 18:02:21.926,12.23278,12.2361,0.00,0.00
2016.02.23 18:02:22.239,12.23278,12.2362,0.00,0.00
2016.02.23 18:02:22.428,12.23278,12.23611,0.00,0.00
2016.02.23 18:02:22.729,12.23278,12.236,0.00,0.00
2016.02.23 18:02:23.030,12.23278,12.2362,0.00,0.00
2016.02.23 18:02:23.726,12.23278,12.23631,0.00,0.00
2016.02.23 18:02:24.436,12.23278,12.2363,0.00,0.00
2016.02.23 18:02:25.440,12.23278,12.23631,0.00,0.00
2016.02.23 18:02:26.188,12.23278,12.23641,0.00,0.00
2016.02.23 18:02:26.694,12.23278,12.23642,0.00,0.00
2016.02.23 18:02:27.446,12.23328,12.23651,0.00,0.00
2016.02.23 18:02:27.847,12.23378,12.23661,0.00,0.00
2016.02.23 18:02:28.348,12.23378,12.2366,0.00,0.00
2016.02.23 18:02:28.901,12.23378,12.23661,0.00,0.00
2016.02.23 18:02:29.002,12.23372,12.23671,0.00,0.00
2016.02.23 18:02:29.404,12.23378,12.23671,0.00,0.00
2016.02.23 18:02:29.948,12.23378,12.2367,0.00,0.00
2016.02.23 18:02:30.562,12.23379,12.23742,0.00,0.00
2016.02.23 18:02:31.367,12.2338,12.23742,0.00,0.00
2016.02.23 18:02:32.171,12.23379,12.23742,0.00,0.00
2016.02.23 18:02:32.776,12.2338,12.23742,0.00,0.00
2016.02.23 18:02:33.002,12.23389,12.23742,0.00,0.00
2016.02.23 18:02:33.401,12.23378,12.23721,0.00,0.00
2016.02.23 18:02:33.780,12.23378,12.23731,0.00,0.00
2016.02.23 18:02:34.482,12.23378,12.2373,0.00,0.00
2016.02.23 18:02:35.058,12.23378,12.23741,0.00,0.00
2016.02.23 18:02:37.001,12.23378,12.2374,0.00,0.00
2016.02.23 18:02:37.535,12.23378,12.23731,0.00,0.00
2016.02.23 18:02:37.915,12.23378,12.2374,0.00,0.00
2016.02.23 18:02:38.796,12.23378,12.23741,0.00,0.00
2016.02.23 18:02:39.348,12.23378,12.23742,0.00,0.00
2016.02.23 18:02:41.621,12.23378,12.23661,0.00,0.00
2016.02.23 18:02:41.722,12.23378,12.23711,0.00,0.00
2016.02.23 18:02:41.823,12.2335,12.23691,0.00,0.00
2016.02.23 18:02:41.924,12.23359,12.23691,0.00,0.00
2016.02.23 18:02:41.975,12.23379,12.23721,0.00,0.00
2016.02.23 18:02:42.908,12.23379,12.2371,0.00,0.00
2016.02.23 18:02:43.256,12.2336,12.23692,0.00,0.00
2016.02.23 18:02:43.309,12.23328,12.23651,0.00,0.00
2016.02.23 18:02:43.510,12.23292,12.23641,0.00,0.00
2016.02.23 18:02:43.803,12.23279,12.2364,0.00,0.00
2016.02.23 18:02:44.925,12.23279,12.23641,0.00,0.00
2016.02.23 18:02:45.630,12.23279,12.2363,0.00,0.00
2016.02.23 18:02:45.762,12.23279,12.23641,0.00,0.00
2016.02.23 18:02:45.959,12.23279,12.23631,0.00,0.00
2016.02.23 18:02:46.163,12.23279,12.23641,0.00,0.00
2016.02.23 18:02:47.117,12.23379,12.23651,0.00,0.00
2016.02.23 18:02:47.168,12.23379,12.23691,0.00,0.00
2016.02.23 18:02:47.269,12.23379,12.23671,0.00,0.00
2016.02.23 18:02:47.531,12.23379,12.23691,0.00,0.00
2016.02.23 18:02:47.661,12.23379,12.237,0.00,0.00
2016.02.23 18:02:48.367,12.23379,12.23711,0.00,0.00
2016.02.23 18:02:48.539,12.23379,12.2372,0.00,0.00
2016.02.23 18:02:48.640,12.23379,12.23711,0.00,0.00
2016.02.23 18:02:49.043,12.23379,12.23721,0.00,0.00
2016.02.23 18:02:49.598,12.23379,12.2372,0.00,0.00
2016.02.23 18:02:50.182,12.23379,12.23721,0.00,0.00
2016.02.23 18:02:51.099,12.23379,12.23699,0.00,0.00
2016.02.23 18:02:51.199,12.23329,12.2368,0.00,0.00
2016.02.23 18:02:51.300,12.23328,12.23651,0.00,0.00
2016.02.23 18:02:51.470,12.23328,12.2368,0.00,0.00
2016.02.23 18:02:51.673,12.23328,12.23651,0.00,0.00
2016.02.23 18:02:51.996,12.23329,12.2368,0.00,0.00
2016.02.23 18:02:52.049,12.23378,12.2368,0.00,0.00
2016.02.23 18:02:52.099,12.23378,12.2369,0.00,0.00
2016.02.23 18:02:52.651,12.23378,12.23691,0.00,0.00
2016.02.23 18:02:52.802,12.23378,12.237,0.00,0.00
2016.02.23 18:02:53.358,12.23378,12.23701,0.00,0.00
2016.02.23 18:02:55.083,12.23378,12.237,0.00,0.00
2016.02.23 18:02:55.786,12.23378,12.23701,0.00,0.00
2016.02.23 18:02:56.336,12.23378,12.237,0.00,0.00
2016.02.23 18:02:56.890,12.23378,12.23701,0.00,0.00
2016.02.23 18:02:57.321,12.23378,12.23721,0.00,0.00
2016.02.23 18:02:57.422,12.23378,12.23741,0.00,0.00
2016.02.23 18:02:58.094,12.23378,12.2374,0.00,0.00
2016.02.23 18:02:58.495,12.23378,12.23731,0.00,0.00
2016.02.23 18:02:58.813,12.23378,12.23721,0.00,0.00
2016.02.23 18:02:59.078,12.23378,12.23731,0.00,0.00
2016.02.23 18:02:59.624,12.23378,12.2373,0.00,0.00
2016.02.23 18:03:00.139,12.23378,12.23731,0.00,0.00
2016.02.23 18:03:01.005,12.23378,12.2373,0.00,0.00
2016.02.23 18:03:01.453,12.23378,12.2372,0.00,0.00
2016.02.23 18:03:01.708,12.2329,12.23642,0.00,0.00
2016.02.23 18:03:01.821,12.23278,12.23642,0.00,0.00
2016.02.23 18:03:01.960,12.23329,12.23651,0.00,0.00
2016.02.23 18:03:02.390,12.23309,12.23642,0.00,0.00
2016.02.23 18:03:02.491,12.23278,12.23641,0.00,0.00
2016.02.23 18:03:02.928,12.23278,12.23631,0.00,0.00
2016.02.23 18:03:03.429,12.23278,12.2362,0.00,0.00
2016.02.23 18:03:03.804,12.23278,12.236,0.00,0.00
2016.02.23 18:03:03.956,12.23278,12.2364,0.00,0.00
2016.02.23 18:03:04.176,12.23278,12.23631,0.00,0.00
2016.02.23 18:03:04.277,12.23278,12.23642,0.00,0.00
2016.02.23 18:03:05.170,12.23278,12.2361,0.00,0.00
2016.02.23 18:03:05.271,12.23278,12.2362,0.00,0.00
2016.02.23 18:03:05.792,12.23278,12.23621,0.00,0.00
2016.02.23 18:03:06.570,12.23278,12.23641,0.00,0.00
2016.02.23 18:03:06.795,12.23321,12.23631,0.00,0.00
2016.02.23 18:03:07.047,12.23321,12.2364,0.00,0.00
2016.02.23 18:03:07.243,12.23321,12.23631,0.00,0.00
2016.02.23 18:03:07.747,12.23321,12.2362,0.00,0.00
2016.02.23 18:03:08.563,12.23321,12.2361,0.00,0.00
2016.02.23 18:03:09.149,12.23321,12.236,0.00,0.00
2016.02.23 18:03:09.651,12.23321,12.23601,0.00,0.00
2016.02.23 18:03:10.163,12.23321,12.236,0.00,0.00
2016.02.23 18:03:10.578,12.23321,12.2361,0.00,0.00
2016.02.23 18:03:10.654,12.23321,12.23631,0.00,0.00
2016.02.23 18:03:11.957,12.23321,12.2363,0.00,0.00
2016.02.23 18:03:12.560,12.23321,12.23631,0.00,0.00
2016.02.23 18:03:13.091,12.23321,12.236,0.00,0.00
2016.02.23 18:03:13.428,12.23321,12.23561,0.00,0.00
2016.02.23 18:03:13.478,12.23321,12.2357,0.00,0.00
2016.02.23 18:03:13.679,12.23292,12.23559,0.00,0.00
2016.02.23 18:03:13.781,12.23292,12.23531,0.00,0.00
2016.02.23 18:03:14.368,12.23191,12.23531,0.00,0.00
2016.02.23 18:03:14.486,12.23191,12.23541,0.00,0.00
2016.02.23 18:03:14.594,12.23191,12.23531,0.00,0.00
2016.02.23 18:03:14.898,12.23191,12.23401,0.00,0.00
2016.02.23 18:03:14.999,12.23191,12.2345,0.00,0.00
2016.02.23 18:03:15.143,12.23091,12.23442,0.00,0.00
2016.02.23 18:03:15.571,12.23091,12.2344,0.00,0.00
2016.02.23 18:03:16.061,12.23128,12.2344,0.00,0.00
2016.02.23 18:03:16.112,12.23128,12.2347,0.00,0.00
2016.02.23 18:03:16.433,12.23142,12.23471,0.00,0.00
2016.02.23 18:03:16.684,12.23179,12.23511,0.00,0.00
2016.02.23 18:03:16.976,12.23178,12.23531,0.00,0.00
2016.02.23 18:03:17.077,12.23178,12.23542,0.00,0.00
2016.02.23 18:03:17.289,12.2319,12.23542,0.00,0.00
2016.02.23 18:03:17.565,12.23179,12.23542,0.00,0.00
2016.02.23 18:03:17.834,12.23192,12.23542,0.00,0.00
2016.02.23 18:03:21.748,12.23192,12.23532,0.00,0.00
2016.02.23 18:03:24.431,12.23192,12.23501,0.00,0.00
2016.02.23 18:03:25.074,12.23192,12.235,0.00,0.00
2016.02.23 18:03:25.225,12.23192,12.23532,0.00,0.00
2016.02.23 18:03:26.841,12.23292,12.23532,0.00,0.00
2016.02.23 18:03:26.942,12.23292,12.236,0.00,0.00
2016.02.23 18:03:27.103,12.23292,12.23561,0.00,0.00
2016.02.23 18:03:27.424,12.23292,12.2362,0.00,0.00
2016.02.23 18:03:28.941,12.23292,12.2361,0.00,0.00
2016.02.23 18:03:29.150,12.23292,12.23621,0.00,0.00
2016.02.23 18:03:29.820,12.23292,12.2362,0.00,0.00
2016.02.23 18:03:30.127,12.23292,12.2363,0.00,0.00
2016.02.23 18:03:30.684,12.23292,12.23631,0.00,0.00
2016.02.23 18:03:31.190,12.23292,12.2363,0.00,0.00
2016.02.23 18:03:31.329,12.23292,12.23632,0.00,0.00
2016.02.23 18:03:32.596,12.23292,12.23631,0.00,0.00
2016.02.23 18:03:33.933,12.23292,12.23632,0.00,0.00
2016.02.23 18:03:34.242,12.23292,12.2362,0.00,0.00
2016.02.23 18:03:34.589,12.23241,12.23532,0.00,0.00
2016.02.23 18:03:34.753,12.23241,12.23571,0.00,0.00
2016.02.23 18:03:35.038,12.2326,12.23582,0.00,0.00
2016.02.23 18:03:35.199,12.23278,12.23601,0.00,0.00
2016.02.23 18:03:35.739,12.23278,12.236,0.00,0.00
2016.02.23 18:03:35.789,12.23291,12.236,0.00,0.00
2016.02.23 18:03:36.358,12.23291,12.23601,0.00,0.00
2016.02.23 18:03:36.918,12.23291,12.236,0.00,0.00
2016.02.23 18:03:37.745,12.23291,12.23601,0.00,0.00
2016.02.23 18:03:38.173,12.23291,12.2363,0.00,0.00
2016.02.23 18:03:38.786,12.23291,12.2362,0.00,0.00
2016.02.23 18:03:39.752,12.23291,12.23621,0.00,0.00
2016.02.23 18:03:40.156,12.23291,12.23611,0.00,0.00
2016.02.23 18:03:40.758,12.23291,12.2361,0.00,0.00
2016.02.23 18:03:40.958,12.23291,12.23631,0.00,0.00
2016.02.23 18:03:41.260,12.23291,12.2362,0.00,0.00
2016.02.23 18:03:41.802,12.23291,12.23621,0.00,0.00
2016.02.23 18:03:42.361,12.23291,12.2362,0.00,0.00
2016.02.23 18:03:42.667,12.23291,12.23631,0.00,0.00
2016.02.23 18:03:42.969,12.23291,12.2362,0.00,0.00
2016.02.23 18:03:43.929,12.23291,12.23632,0.00,0.00
2016.02.23 18:03:44.423,12.23291,12.2363,0.00,0.00
2016.02.23 18:03:44.777,12.23291,12.23621,0.00,0.00
2016.02.23 18:03:45.078,12.23291,12.236,0.00,0.00
2016.02.23 18:03:45.480,12.23291,12.2359,0.00,0.00
2016.02.23 18:03:46.194,12.23291,12.23591,0.00,0.00
2016.02.23 18:03:46.282,12.23291,12.23611,0.00,0.00
2016.02.23 18:03:46.383,12.23291,12.23621,0.00,0.00
2016.02.23 18:03:46.883,12.23291,12.23632,0.00,0.00
2016.02.23 18:03:47.401,12.2336,12.23682,0.00,0.00
2016.02.23 18:03:47.502,12.23342,12.23682,0.00,0.00
2016.02.23 18:03:48.068,12.23342,12.23631,0.00,0.00
2016.02.23 18:03:48.169,12.23378,12.2373,0.00,0.00
2016.02.23 18:03:48.368,12.23359,12.23631,0.00,0.00
2016.02.23 18:03:48.419,12.23342,12.23631,0.00,0.00
2016.02.23 18:03:48.682,12.23292,12.23631,0.00,0.00
2016.02.23 18:03:48.861,12.23279,12.23631,0.00,0.00
2016.02.23 18:03:51.700,12.23279,12.23621,0.00,0.00
2016.02.23 18:03:52.030,12.23291,12.23611,0.00,0.00
2016.02.23 18:03:52.704,12.23291,12.23631,0.00,0.00
2016.02.23 18:03:53.205,12.23291,12.2363,0.00,0.00
2016.02.23 18:03:53.617,12.23291,12.23621,0.00,0.00
2016.02.23 18:03:54.018,12.23291,12.23611,0.00,0.00
2016.02.23 18:03:54.362,12.23241,12.23511,0.00,0.00
2016.02.23 18:03:54.413,12.23229,12.23511,0.00,0.00
2016.02.23 18:03:54.631,12.23179,12.23511,0.00,0.00
2016.02.23 18:03:55.167,12.23179,12.23469,0.00,0.00
2016.02.23 18:03:55.218,12.2309,12.2342,0.00,0.00
2016.02.23 18:03:55.319,12.23078,12.23421,0.00,0.00
2016.02.23 18:03:55.528,12.23078,12.2341,0.00,0.00
2016.02.23 18:03:56.282,12.23078,12.23411,0.00,0.00
2016.02.23 18:03:56.583,12.23078,12.23401,0.00,0.00
2016.02.23 18:03:58.045,12.23078,12.23411,0.00,0.00
2016.02.23 18:03:58.826,12.23078,12.2341,0.00,0.00
2016.02.23 18:03:59.384,12.23078,12.23411,0.00,0.00
2016.02.23 18:04:00.043,12.23078,12.2341,0.00,0.00
2016.02.23 18:04:01.267,12.23078,12.23411,0.00,0.00
2016.02.23 18:04:02.638,12.23078,12.2341,0.00,0.00
2016.02.23 18:04:03.240,12.23078,12.23411,0.00,0.00
2016.02.23 18:04:04.944,12.23078,12.2342,0.00,0.00
2016.02.23 18:04:05.045,12.23078,12.2341,0.00,0.00
2016.02.23 18:04:05.257,12.23078,12.23421,0.00,0.00
2016.02.23 18:04:05.357,12.23078,12.23431,0.00,0.00
2016.02.23 18:04:05.458,12.23078,12.23401,0.00,0.00
2016.02.23 18:04:06.099,12.23099,12.23401,0.00,0.00
2016.02.23 18:04:06.149,12.23089,12.23421,0.00,0.00
2016.02.23 18:04:06.299,12.23078,12.23421,0.00,0.00
2016.02.23 18:04:06.455,12.23078,12.2338,0.00,0.00
2016.02.23 18:04:07.122,12.23078,12.23381,0.00,0.00
2016.02.23 18:04:07.361,12.23078,12.23431,0.00,0.00
2016.02.23 18:04:07.661,12.23078,12.23411,0.00,0.00
2016.02.23 18:04:08.173,12.23078,12.2341,0.00,0.00
2016.02.23 18:04:08.274,12.23078,12.23432,0.00,0.00
2016.02.23 18:04:08.827,12.23071,12.23332,0.00,0.00
2016.02.23 18:04:08.928,12.22979,12.23331,0.00,0.00
2016.02.23 18:04:08.979,12.22978,12.2332,0.00,0.00
2016.02.23 18:04:09.480,12.22978,12.23331,0.00,0.00
2016.02.23 18:04:10.799,12.22978,12.2333,0.00,0.00
2016.02.23 18:04:10.998,12.22978,12.23281,0.00,0.00
2016.02.23 18:04:11.370,12.22978,12.23271,0.00,0.00
2016.02.23 18:04:11.599,12.22978,12.2331,0.00,0.00
2016.02.23 18:04:12.374,12.22978,12.23311,0.00,0.00
2016.02.23 18:04:12.976,12.22978,12.2331,0.00,0.00
2016.02.23 18:04:13.612,12.22978,12.23268,0.00,0.00
2016.02.23 18:04:13.713,12.2289,12.23232,0.00,0.00
2016.02.23 18:04:13.936,12.22878,12.23232,0.00,0.00
2016.02.23 18:04:14.327,12.22878,12.2321,0.00,0.00
2016.02.23 18:04:14.711,12.22878,12.23201,0.00,0.00
2016.02.23 18:04:15.522,12.22878,12.23211,0.00,0.00
2016.02.23 18:04:16.036,12.22878,12.2321,0.00,0.00
2016.02.23 18:04:16.609,12.22878,12.23211,0.00,0.00
2016.02.23 18:04:17.150,12.22878,12.2321,0.00,0.00
2016.02.23 18:04:17.301,12.22878,12.232,0.00,0.00
2016.02.23 18:04:17.402,12.22878,12.23211,0.00,0.00
2016.02.23 18:04:18.887,12.22872,12.23182,0.00,0.00
2016.02.23 18:04:18.937,12.22828,12.23151,0.00,0.00
2016.02.23 18:04:19.534,12.22828,12.2315,0.00,0.00
2016.02.23 18:04:20.612,12.22828,12.23151,0.00,0.00
2016.02.23 18:04:22.400,12.22809,12.23131,0.00,0.00
2016.02.23 18:04:22.451,12.22779,12.23131,0.00,0.00
2016.02.23 18:04:23.087,12.22771,12.23081,0.00,0.00
2016.02.23 18:04:23.240,12.22729,12.2305,0.00,0.00
2016.02.23 18:04:23.291,12.22679,12.23031,0.00,0.00
2016.02.23 18:04:24.165,12.22679,12.23021,0.00,0.00
2016.02.23 18:04:24.720,12.22679,12.2302,0.00,0.00
2016.02.23 18:04:24.770,12.22679,12.23031,0.00,0.00
2016.02.23 18:04:24.998,12.22728,12.2305,0.00,0.00
2016.02.23 18:04:25.048,12.22728,12.23082,0.00,0.00
2016.02.23 18:04:25.149,12.22778,12.23091,0.00,0.00
2016.02.23 18:04:25.598,12.2276,12.23082,0.00,0.00
2016.02.23 18:04:25.700,12.22778,12.23118,0.00,0.00
2016.02.23 18:04:26.403,12.22778,12.23132,0.00,0.00
2016.02.23 18:04:27.758,12.2278,12.23132,0.00,0.00
2016.02.23 18:04:28.059,12.22778,12.23132,0.00,0.00
2016.02.23 18:04:31.972,12.22778,12.23131,0.00,0.00
2016.02.23 18:04:32.486,12.22778,12.2313,0.00,0.00
2016.02.23 18:04:33.275,12.22778,12.23131,0.00,0.00
2016.02.23 18:04:33.777,12.22778,12.23132,0.00,0.00
2016.02.23 18:04:34.905,12.22829,12.23171,0.00,0.00
2016.02.23 18:04:35.482,12.22829,12.23181,0.00,0.00
2016.02.23 18:04:39.995,12.22878,12.23219,0.00,0.00
2016.02.23 18:04:40.147,12.22878,12.23231,0.00,0.00
2016.02.23 18:04:40.296,12.22878,12.2321,0.00,0.00
2016.02.23 18:04:40.647,12.22878,12.2319,0.00,0.00
2016.02.23 18:04:40.921,12.22799,12.23131,0.00,0.00
2016.02.23 18:04:41.022,12.22778,12.2313,0.00,0.00
2016.02.23 18:04:41.199,12.22778,12.2309,0.00,0.00
2016.02.23 18:04:41.348,12.22778,12.23101,0.00,0.00
2016.02.23 18:04:41.901,12.22778,12.231,0.00,0.00
2016.02.23 18:04:42.709,12.22728,12.23051,0.00,0.00
2016.02.23 18:04:43.041,12.22721,12.23031,0.00,0.00
2016.02.23 18:04:43.417,12.22721,12.2302,0.00,0.00
2016.02.23 18:04:44.013,12.22679,12.23021,0.00,0.00
2016.02.23 18:04:44.115,12.22679,12.23031,0.00,0.00
2016.02.23 18:04:44.495,12.22728,12.23051,0.00,0.00
2016.02.23 18:04:44.548,12.22728,12.23069,0.00,0.00
2016.02.23 18:04:45.463,12.22728,12.2307,0.00,0.00
2016.02.23 18:04:45.613,12.22728,12.23082,0.00,0.00
2016.02.23 18:04:45.788,12.22722,12.23032,0.00,0.00
2016.02.23 18:04:45.947,12.22778,12.23101,0.00,0.00
2016.02.23 18:04:46.014,12.22778,12.23118,0.00,0.00
2016.02.23 18:04:46.817,12.22828,12.23151,0.00,0.00
2016.02.23 18:04:46.918,12.22828,12.23171,0.00,0.00
2016.02.23 18:04:47.452,12.22828,12.23182,0.00,0.00
2016.02.23 18:04:48.931,12.22828,12.23168,0.00,0.00
2016.02.23 18:04:49.031,12.22779,12.23131,0.00,0.00
2016.02.23 18:04:49.574,12.22779,12.2312,0.00,0.00
2016.02.23 18:04:50.251,12.22779,12.23131,0.00,0.00
2016.02.23 18:04:51.376,12.2282,12.23131,0.00,0.00
2016.02.23 18:04:51.686,12.22871,12.23151,0.00,0.00
2016.02.23 18:04:52.232,12.22828,12.23151,0.00,0.00
2016.02.23 18:04:52.333,12.22778,12.23132,0.00,0.00
2016.02.23 18:04:54.641,12.22778,12.23131,0.00,0.00
2016.02.23 18:04:55.042,12.22778,12.2312,0.00,0.00
2016.02.23 18:04:55.743,12.22778,12.23111,0.00,0.00
2016.02.23 18:04:56.168,12.22778,12.2312,0.00,0.00
2016.02.23 18:04:56.245,12.22778,12.23132,0.00,0.00
2016.02.23 18:04:56.688,12.22809,12.23132,0.00,0.00
2016.02.23 18:04:57.249,12.2281,12.23132,0.00,0.00
2016.02.23 18:04:57.735,12.22859,12.23132,0.00,0.00
2016.02.23 18:04:57.789,12.22878,12.23211,0.00,0.00
2016.02.23 18:04:58.051,12.22878,12.23218,0.00,0.00
2016.02.23 18:04:58.833,12.22878,12.23221,0.00,0.00
2016.02.23 18:04:59.055,12.22878,12.2321,0.00,0.00
2016.02.23 18:04:59.356,12.2288,12.2323,0.00,0.00
2016.02.23 18:04:59.657,12.22878,12.2323,0.00,0.00
2016.02.23 18:05:00.058,12.22878,12.23232,0.00,0.00
2016.02.23 18:05:00.662,12.2288,12.23232,0.00,0.00
2016.02.23 18:05:01.263,12.22879,12.23232,0.00,0.00
2016.02.23 18:05:01.821,12.2288,12.23232,0.00,0.00
2016.02.23 18:05:02.205,12.22878,12.23232,0.00,0.00
2016.02.23 18:05:02.879,12.22928,12.2324,0.00,0.00
2016.02.23 18:05:03.030,12.22979,12.23301,0.00,0.00
2016.02.23 18:05:03.081,12.22979,12.23311,0.00,0.00
2016.02.23 18:05:03.182,12.22979,12.233,0.00,0.00
2016.02.23 18:05:03.570,12.22979,12.23311,0.00,0.00
2016.02.23 18:05:03.772,12.22979,12.23319,0.00,0.00
2016.02.23 18:05:04.136,12.23021,12.2332,0.00,0.00
2016.02.23 18:05:04.473,12.23021,12.23331,0.00,0.00
2016.02.23 18:05:04.976,12.23021,12.23332,0.00,0.00
2016.02.23 18:05:05.708,12.22978,12.23332,0.00,0.00
2016.02.23 18:05:05.887,12.22978,12.2332,0.00,0.00
2016.02.23 18:05:06.447,12.22978,12.23321,0.00,0.00
2016.02.23 18:05:06.777,12.22978,12.2331,0.00,0.00
2016.02.23 18:05:07.083,12.22978,12.23321,0.00,0.00
2016.02.23 18:05:07.283,12.22978,12.23331,0.00,0.00
2016.02.23 18:05:07.685,12.22978,12.23321,0.00,0.00
2016.02.23 18:05:07.818,12.22978,12.23331,0.00,0.00
2016.02.23 18:05:08.062,12.23028,12.23331,0.00,0.00
2016.02.23 18:05:08.112,12.2306,12.23382,0.00,0.00
2016.02.23 18:05:08.163,12.23078,12.23419,0.00,0.00
2016.02.23 18:05:09.341,12.23078,12.2343,0.00,0.00
2016.02.23 18:05:09.893,12.23078,12.23431,0.00,0.00
2016.02.23 18:05:10.394,12.23078,12.23432,0.00,0.00
2016.02.23 18:05:10.858,12.2309,12.23432,0.00,0.00
2016.02.23 18:05:10.909,12.23078,12.23432,0.00,0.00
2016.02.23 18:05:11.466,12.23079,12.23432,0.00,0.00
2016.02.23 18:05:12.003,12.23078,12.23432,0.00,0.00
2016.02.23 18:05:12.355,12.23128,12.2344,0.00,0.00
2016.02.23 18:05:12.456,12.23149,12.23482,0.00,0.00
2016.02.23 18:05:12.607,12.23178,12.23501,0.00,0.00
2016.02.23 18:05:12.658,12.23178,12.2351,0.00,0.00
2016.02.23 18:05:12.911,12.23178,12.23519,0.00,0.00
2016.02.23 18:05:13.757,12.23178,12.235,0.00,0.00
2016.02.23 18:05:14.276,12.23178,12.23501,0.00,0.00
2016.02.23 18:05:14.339,12.23178,12.23511,0.00,0.00
2016.02.23 18:05:14.927,12.23178,12.2351,0.00,0.00
2016.02.23 18:05:15.261,12.23178,12.23521,0.00,0.00
2016.02.23 18:05:15.422,12.23178,12.23511,0.00,0.00
2016.02.23 18:05:16.132,12.23178,12.23521,0.00,0.00
2016.02.23 18:05:16.713,12.23178,12.2352,0.00,0.00
2016.02.23 18:05:17.238,12.23178,12.23521,0.00,0.00
2016.02.23 18:05:18.867,12.23178,12.2352,0.00,0.00
2016.02.23 18:05:19.504,12.23178,12.23521,0.00,0.00
2016.02.23 18:05:20.017,12.23178,12.2352,0.00,0.00
2016.02.23 18:05:20.644,12.23178,12.23521,0.00,0.00
2016.02.23 18:05:21.951,12.23178,12.2352,0.00,0.00
2016.02.23 18:05:22.152,12.23178,12.23511,0.00,0.00
2016.02.23 18:05:22.554,12.23178,12.23531,0.00,0.00
2016.02.23 18:05:23.139,12.23178,12.2353,0.00,0.00
2016.02.23 18:05:23.760,12.23178,12.23531,0.00,0.00
2016.02.23 18:05:24.363,12.23178,12.2353,0.00,0.00
2016.02.23 18:05:24.864,12.23178,12.23531,0.00,0.00
2016.02.23 18:05:25.366,12.23178,12.23532,0.00,0.00
2016.02.23 18:05:29.379,12.23178,12.23531,0.00,0.00
2016.02.23 18:05:29.580,12.23178,12.2351,0.00,0.00
2016.02.23 18:05:29.882,12.23178,12.2349,0.00,0.00
2016.02.23 18:05:30.512,12.23178,12.23491,0.00,0.00
2016.02.23 18:05:30.986,12.23178,12.2348,0.00,0.00
2016.02.23 18:05:31.286,12.23178,12.2349,0.00,0.00
2016.02.23 18:05:31.613,12.23178,12.23501,0.00,0.00
2016.02.23 18:05:32.290,12.23178,12.235,0.00,0.00
2016.02.23 18:05:32.891,12.23178,12.23501,0.00,0.00
2016.02.23 18:05:33.977,12.23178,12.235,0.00,0.00
2016.02.23 18:05:34.509,12.23178,12.23501,0.00,0.00
2016.02.23 18:05:35.700,12.23178,12.2351,0.00,0.00
2016.02.23 18:05:36.406,12.23178,12.235,0.00,0.00
2016.02.23 18:05:36.728,12.23128,12.23481,0.00,0.00
2016.02.23 18:05:37.284,12.23129,12.23481,0.00,0.00
2016.02.23 18:05:37.335,12.23121,12.23432,0.00,0.00
2016.02.23 18:05:37.394,12.23129,12.23461,0.00,0.00
2016.02.23 18:05:37.445,12.23129,12.23481,0.00,0.00
2016.02.23 18:05:38.214,12.23129,12.23451,0.00,0.00
2016.02.23 18:05:38.489,12.23128,12.2347,0.00,0.00
2016.02.23 18:05:38.539,12.23128,12.23461,0.00,0.00
2016.02.23 18:05:38.849,12.23128,12.23441,0.00,0.00
2016.02.23 18:05:39.200,12.23128,12.23431,0.00,0.00
2016.02.23 18:05:39.951,12.23128,12.2342,0.00,0.00
2016.02.23 18:05:40.302,12.23121,12.2342,0.00,0.00
2016.02.23 18:05:40.352,12.23121,12.23401,0.00,0.00
2016.02.23 18:05:40.462,12.23121,12.2342,0.00,0.00
2016.02.23 18:05:40.801,12.23121,12.2341,0.00,0.00
2016.02.23 18:05:41.073,12.23078,12.23411,0.00,0.00
2016.02.23 18:05:41.215,12.23078,12.23401,0.00,0.00
2016.02.23 18:05:41.727,12.23078,12.234,0.00,0.00
2016.02.23 18:05:42.124,12.23078,12.2334,0.00,0.00
2016.02.23 18:05:42.175,12.23028,12.2334,0.00,0.00
2016.02.23 18:05:42.275,12.22978,12.23332,0.00,0.00
2016.02.23 18:05:42.326,12.23009,12.23332,0.00,0.00
2016.02.23 18:05:42.419,12.22978,12.23332,0.00,0.00
2016.02.23 18:05:42.821,12.23009,12.23332,0.00,0.00
2016.02.23 18:05:42.925,12.23028,12.23368,0.00,0.00
2016.02.23 18:05:43.596,12.23028,12.2338,0.00,0.00
2016.02.23 18:05:44.674,12.23079,12.2338,0.00,0.00
2016.02.23 18:05:44.741,12.23079,12.23418,0.00,0.00
2016.02.23 18:05:44.791,12.23059,12.23381,0.00,0.00
2016.02.23 18:05:44.993,12.22978,12.23332,0.00,0.00
2016.02.23 18:05:45.570,12.22978,12.23331,0.00,0.00
2016.02.23 18:05:46.074,12.22978,12.2333,0.00,0.00
2016.02.23 18:05:46.571,12.22978,12.2332,0.00,0.00
2016.02.23 18:05:47.282,12.22978,12.23321,0.00,0.00
2016.02.23 18:05:47.517,12.22978,12.23331,0.00,0.00
2016.02.23 18:05:48.742,12.22978,12.2333,0.00,0.00
2016.02.23 18:05:49.135,12.22978,12.23332,0.00,0.00
2016.02.23 18:05:49.578,12.23022,12.23332,0.00,0.00
2016.02.23 18:05:49.628,12.23029,12.2335,0.00,0.00
2016.02.23 18:05:49.740,12.23029,12.23381,0.00,0.00
2016.02.23 18:05:51.369,12.23029,12.23351,0.00,0.00
2016.02.23 18:05:51.470,12.23029,12.2336,0.00,0.00
2016.02.23 18:05:51.570,12.23029,12.23368,0.00,0.00
2016.02.23 18:05:51.732,12.23009,12.23332,0.00,0.00
2016.02.23 18:05:51.782,12.22978,12.23332,0.00,0.00
2016.02.23 18:05:51.883,12.23009,12.23332,0.00,0.00
2016.02.23 18:05:52.329,12.23029,12.23351,0.00,0.00
2016.02.23 18:05:53.000,12.23029,12.2335,0.00,0.00
2016.02.23 18:05:53.454,12.23079,12.2335,0.00,0.00
2016.02.23 18:05:53.605,12.23079,12.2341,0.00,0.00
2016.02.23 18:05:54.111,12.23079,12.23411,0.00,0.00
2016.02.23 18:05:54.738,12.23079,12.2341,0.00,0.00
2016.02.23 18:05:55.267,12.23079,12.23411,0.00,0.00
2016.02.23 18:05:55.891,12.23079,12.2341,0.00,0.00
2016.02.23 18:05:56.421,12.23079,12.23411,0.00,0.00
2016.02.23 18:05:57.274,12.23079,12.2341,0.00,0.00
2016.02.23 18:05:57.375,12.23109,12.23431,0.00,0.00
2016.02.23 18:05:57.526,12.23128,12.23451,0.00,0.00
2016.02.23 18:05:58.077,12.23128,12.2345,0.00,0.00
2016.02.23 18:05:58.295,12.23121,12.23431,0.00,0.00
2016.02.23 18:05:58.528,12.23129,12.23451,0.00,0.00
2016.02.23 18:05:59.216,12.23129,12.2345,0.00,0.00
2016.02.23 18:05:59.783,12.23129,12.23451,0.00,0.00
2016.02.23 18:06:00.198,12.23179,12.2347,0.00,0.00
2016.02.23 18:06:00.460,12.23172,12.23481,0.00,0.00
2016.02.23 18:06:00.510,12.23179,12.23481,0.00,0.00
2016.02.23 18:06:00.611,12.23179,12.2353,0.00,0.00
2016.02.23 18:06:01.187,12.23179,12.23531,0.00,0.00
2016.02.23 18:06:02.045,12.23172,12.23481,0.00,0.00
2016.02.23 18:06:02.096,12.23129,12.23481,0.00,0.00
2016.02.23 18:06:03.205,12.23129,12.23451,0.00,0.00
2016.02.23 18:06:03.755,12.23079,12.23431,0.00,0.00
2016.02.23 18:06:04.809,12.23128,12.23468,0.00,0.00
2016.02.23 18:06:04.910,12.23128,12.23481,0.00,0.00
2016.02.23 18:06:05.208,12.23128,12.23451,0.00,0.00
2016.02.23 18:06:05.558,12.23122,12.23431,0.00,0.00
2016.02.23 18:06:05.709,12.23128,12.2345,0.00,0.00
2016.02.23 18:06:05.760,12.23159,12.23451,0.00,0.00
2016.02.23 18:06:05.860,12.23128,12.23451,0.00,0.00
2016.02.23 18:06:06.754,12.23128,12.2345,0.00,0.00
2016.02.23 18:06:07.354,12.23128,12.23451,0.00,0.00
2016.02.23 18:06:07.570,12.23109,12.23432,0.00,0.00
2016.02.23 18:06:07.620,12.23078,12.23431,0.00,0.00
2016.02.23 18:06:07.755,12.23078,12.23421,0.00,0.00
2016.02.23 18:06:08.106,12.23078,12.23411,0.00,0.00
2016.02.23 18:06:08.220,12.23078,12.23421,0.00,0.00
2016.02.23 18:06:08.320,12.23078,12.23411,0.00,0.00
2016.02.23 18:06:08.621,12.23078,12.23401,0.00,0.00
2016.02.23 18:06:10.629,12.23078,12.234,0.00,0.00
2016.02.23 18:06:10.929,12.23078,12.23411,0.00,0.00
2016.02.23 18:06:11.632,12.23078,12.2341,0.00,0.00
2016.02.23 18:06:12.078,12.23078,12.23432,0.00,0.00
2016.02.23 18:06:14.184,12.23129,12.23461,0.00,0.00
2016.02.23 18:06:14.241,12.23129,12.23469,0.00,0.00
2016.02.23 18:06:14.442,12.23129,12.23471,0.00,0.00
2016.02.23 18:06:14.733,12.23121,12.23431,0.00,0.00
2016.02.23 18:06:15.785,12.23121,12.2342,0.00,0.00
2016.02.23 18:06:15.836,12.23079,12.2342,0.00,0.00
2016.02.23 18:06:15.947,12.23079,12.2341,0.00,0.00
2016.02.23 18:06:16.255,12.23079,12.23401,0.00,0.00
2016.02.23 18:06:16.805,12.23079,12.234,0.00,0.00
2016.02.23 18:06:17.007,12.22979,12.2332,0.00,0.00
2016.02.23 18:06:17.058,12.22979,12.2331,0.00,0.00
2016.02.23 18:06:17.455,12.22971,12.23251,0.00,0.00
2016.02.23 18:06:18.306,12.22929,12.23251,0.00,0.00
2016.02.23 18:06:18.804,12.22921,12.23211,0.00,0.00
2016.02.23 18:06:18.905,12.22921,12.23231,0.00,0.00
2016.02.23 18:06:19.724,12.22879,12.23231,0.00,0.00
2016.02.23 18:06:21.071,12.22979,12.23268,0.00,0.00
2016.02.23 18:06:21.122,12.22979,12.23291,0.00,0.00
2016.02.23 18:06:21.173,12.22979,12.2328,0.00,0.00
2016.02.23 18:06:21.223,12.22928,12.2328,0.00,0.00
2016.02.23 18:06:21.577,12.22928,12.232,0.00,0.00
2016.02.23 18:06:21.668,12.22928,12.23251,0.00,0.00
2016.02.23 18:06:21.769,12.22928,12.23282,0.00,0.00
2016.02.23 18:06:21.873,12.22979,12.23318,0.00,0.00
2016.02.23 18:06:22.074,12.22929,12.23281,0.00,0.00
2016.02.23 18:06:23.029,12.22959,12.23281,0.00,0.00
2016.02.23 18:06:23.080,12.22978,12.23301,0.00,0.00
2016.02.23 18:06:23.181,12.22971,12.23282,0.00,0.00
2016.02.23 18:06:23.483,12.22971,12.23251,0.00,0.00
2016.02.23 18:06:23.634,12.22878,12.23232,0.00,0.00
2016.02.23 18:06:28.127,12.22928,12.23251,0.00,0.00
2016.02.23 18:06:28.184,12.22928,12.23282,0.00,0.00
2016.02.23 18:06:28.234,12.22921,12.23232,0.00,0.00
2016.02.23 18:06:28.994,12.22929,12.23251,0.00,0.00
2016.02.23 18:06:29.045,12.22929,12.23281,0.00,0.00
2016.02.23 18:06:29.730,12.22921,12.23232,0.00,0.00
2016.02.23 18:06:29.781,12.22878,12.23231,0.00,0.00
2016.02.23 18:06:29.832,12.22878,12.23221,0.00,0.00
2016.02.23 18:06:30.216,12.22878,12.23211,0.00,0.00
2016.02.23 18:06:30.367,12.22878,12.23232,0.00,0.00
2016.02.23 18:06:34.977,12.22929,12.2324,0.00,0.00
2016.02.23 18:06:35.028,12.22929,12.23281,0.00,0.00
2016.02.23 18:06:35.267,12.22929,12.23221,0.00,0.00
2016.02.23 18:06:35.368,12.22922,12.2322,0.00,0.00
2016.02.23 18:06:35.869,12.22922,12.23221,0.00,0.00
2016.02.23 18:06:36.010,12.22922,12.2321,0.00,0.00
2016.02.23 18:06:36.326,12.22878,12.23211,0.00,0.00
2016.02.23 18:06:36.671,12.22878,12.23221,0.00,0.00
2016.02.23 18:06:36.885,12.22878,12.23211,0.00,0.00
2016.02.23 18:06:37.411,12.22878,12.23221,0.00,0.00
2016.02.23 18:06:37.845,12.22878,12.23211,0.00,0.00
2016.02.23 18:06:38.715,12.22878,12.2321,0.00,0.00
2016.02.23 18:06:39.185,12.22878,12.23221,0.00,0.00
2016.02.23 18:06:39.985,12.22878,12.2322,0.00,0.00
2016.02.23 18:06:40.205,12.22878,12.23211,0.00,0.00
2016.02.23 18:06:40.286,12.22878,12.23221,0.00,0.00
2016.02.23 18:06:40.921,12.22878,12.2322,0.00,0.00
2016.02.23 18:06:41.498,12.22878,12.23221,0.00,0.00
2016.02.23 18:06:42.001,12.22878,12.2322,0.00,0.00
2016.02.23 18:06:42.349,12.22878,12.23211,0.00,0.00
2016.02.23 18:06:42.854,12.22878,12.2321,0.00,0.00
2016.02.23 18:06:43.181,12.22878,12.232,0.00,0.00
2016.02.23 18:06:43.507,12.22878,12.2321,0.00,0.00
2016.02.23 18:06:43.808,12.22878,12.2322,0.00,0.00
2016.02.23 18:06:44.222,12.22878,12.232,0.00,0.00
2016.02.23 18:06:44.648,12.22878,12.2323,0.00,0.00
2016.02.23 18:06:44.912,12.22878,12.23221,0.00,0.00
2016.02.23 18:06:45.313,12.22878,12.23211,0.00,0.00
2016.02.23 18:06:45.813,12.22872,12.23181,0.00,0.00
2016.02.23 18:06:45.864,12.22859,12.23181,0.00,0.00
2016.02.23 18:06:45.965,12.22829,12.2312,0.00,0.00
2016.02.23 18:06:46.311,12.22821,12.23111,0.00,0.00
2016.02.23 18:06:47.428,12.22778,12.23111,0.00,0.00
2016.02.23 18:06:48.022,12.22778,12.2311,0.00,0.00
2016.02.23 18:06:48.753,12.22778,12.2312,0.00,0.00
2016.02.23 18:06:49.254,12.22778,12.23121,0.00,0.00
2016.02.23 18:06:49.333,12.22778,12.23132,0.00,0.00
2016.02.23 18:06:49.673,12.22829,12.23141,0.00,0.00
2016.02.23 18:06:49.835,12.22829,12.23151,0.00,0.00
2016.02.23 18:06:49.886,12.22821,12.23131,0.00,0.00
2016.02.23 18:06:50.887,12.22821,12.2313,0.00,0.00
2016.02.23 18:06:51.063,12.22779,12.23131,0.00,0.00
2016.02.23 18:06:51.441,12.22879,12.2313,0.00,0.00
2016.02.23 18:06:51.692,12.22778,12.2313,0.00,0.00
2016.02.23 18:06:52.449,12.22778,12.23132,0.00,0.00
2016.02.23 18:06:53.045,12.22778,12.2313,0.00,0.00
2016.02.23 18:06:53.547,12.22778,12.23132,0.00,0.00
2016.02.23 18:06:55.352,12.22779,12.23132,0.00,0.00
2016.02.23 18:06:55.656,12.22821,12.23132,0.00,0.00
2016.02.23 18:06:55.757,12.22878,12.23219,0.00,0.00
2016.02.23 18:06:57.068,12.22878,12.23231,0.00,0.00
2016.02.23 18:06:58.005,12.22878,12.23232,0.00,0.00
2016.02.23 18:06:59.046,12.22971,12.23232,0.00,0.00
2016.02.23 18:06:59.147,12.22979,12.2325,0.00,0.00
2016.02.23 18:06:59.264,12.22979,12.233,0.00,0.00
2016.02.23 18:06:59.770,12.22979,12.23301,0.00,0.00
2016.02.23 18:07:00.167,12.22979,12.2331,0.00,0.00
2016.02.23 18:07:00.675,12.23009,12.23331,0.00,0.00
2016.02.23 18:07:00.776,12.22979,12.23331,0.00,0.00
2016.02.23 18:07:00.970,12.22979,12.2331,0.00,0.00
2016.02.23 18:07:01.172,12.22979,12.2332,0.00,0.00
2016.02.23 18:07:01.473,12.22979,12.23331,0.00,0.00
2016.02.23 18:07:03.116,12.23078,12.23411,0.00,0.00
2016.02.23 18:07:03.682,12.23078,12.23421,0.00,0.00
2016.02.23 18:07:04.284,12.23078,12.2342,0.00,0.00
2016.02.23 18:07:04.788,12.23078,12.2343,0.00,0.00
2016.02.23 18:07:05.289,12.23078,12.23431,0.00,0.00
2016.02.23 18:07:05.790,12.23078,12.2343,0.00,0.00
2016.02.23 18:07:06.283,12.23059,12.23382,0.00,0.00
2016.02.23 18:07:06.593,12.23021,12.2331,0.00,0.00
2016.02.23 18:07:07.396,12.23021,12.233,0.00,0.00
2016.02.23 18:07:07.657,12.22979,12.2329,0.00,0.00
2016.02.23 18:07:07.808,12.22979,12.2328,0.00,0.00
2016.02.23 18:07:07.898,12.22979,12.2329,0.00,0.00
2016.02.23 18:07:08.099,12.22979,12.23311,0.00,0.00
2016.02.23 18:07:08.400,12.22979,12.2332,0.00,0.00
2016.02.23 18:07:08.501,12.22979,12.2333,0.00,0.00
2016.02.23 18:07:08.970,12.22979,12.2332,0.00,0.00
2016.02.23 18:07:09.504,12.22979,12.23321,0.00,0.00
2016.02.23 18:07:10.006,12.22979,12.2332,0.00,0.00
2016.02.23 18:07:10.344,12.23128,12.23419,0.00,0.00
2016.02.23 18:07:10.895,12.23128,12.23482,0.00,0.00
2016.02.23 18:07:10.945,12.23178,12.23519,0.00,0.00
2016.02.23 18:07:11.443,12.23159,12.23432,0.00,0.00
2016.02.23 18:07:11.547,12.23121,12.2343,0.00,0.00
2016.02.23 18:07:12.067,12.23121,12.23431,0.00,0.00
2016.02.23 18:07:12.178,12.23078,12.23432,0.00,0.00
2016.02.23 18:07:12.717,12.23079,12.23432,0.00,0.00
2016.02.23 18:07:13.272,12.23078,12.23432,0.00,0.00
2016.02.23 18:07:15.860,12.23078,12.2342,0.00,0.00
2016.02.23 18:07:15.961,12.23078,12.2343,0.00,0.00
2016.02.23 18:07:16.139,12.23078,12.2342,0.00,0.00
2016.02.23 18:07:16.664,12.23078,12.2341,0.00,0.00
2016.02.23 18:07:17.121,12.23078,12.2342,0.00,0.00
2016.02.23 18:07:17.447,12.23078,12.2341,0.00,0.00
2016.02.23 18:07:18.148,12.23078,12.23411,0.00,0.00
2016.02.23 18:07:18.650,12.23078,12.2341,0.00,0.00
2016.02.23 18:07:19.152,12.23078,12.23411,0.00,0.00
2016.02.23 18:07:19.677,12.23078,12.2341,0.00,0.00
2016.02.23 18:07:20.287,12.23078,12.23411,0.00,0.00
2016.02.23 18:07:21.218,12.23078,12.23421,0.00,0.00
2016.02.23 18:07:21.269,12.23028,12.23382,0.00,0.00
2016.02.23 18:07:23.342,12.23078,12.234,0.00,0.00
2016.02.23 18:07:23.695,12.23078,12.2343,0.00,0.00
2016.02.23 18:07:24.886,12.23078,12.23431,0.00,0.00
2016.02.23 18:07:25.797,12.23078,12.2343,0.00,0.00
2016.02.23 18:07:26.405,12.23078,12.23431,0.00,0.00
2016.02.23 18:07:26.935,12.23078,12.2343,0.00,0.00
2016.02.23 18:07:27.465,12.23078,12.23431,0.00,0.00
2016.02.23 18:07:28.002,12.23078,12.2342,0.00,0.00
2016.02.23 18:07:28.642,12.23078,12.23421,0.00,0.00
2016.02.23 18:07:28.946,12.23078,12.234,0.00,0.00
2016.02.23 18:07:28.996,12.23078,12.23411,0.00,0.00
2016.02.23 18:07:29.544,12.23078,12.23421,0.00,0.00
2016.02.23 18:07:29.645,12.23078,12.23431,0.00,0.00
2016.02.23 18:07:29.814,12.23078,12.2342,0.00,0.00
2016.02.23 18:07:30.145,12.23078,12.23431,0.00,0.00
2016.02.23 18:07:30.626,12.23029,12.23351,0.00,0.00
2016.02.23 18:07:31.200,12.23028,12.2335,0.00,0.00
2016.02.23 18:07:31.823,12.23028,12.23351,0.00,0.00
2016.02.23 18:07:32.409,12.23028,12.2335,0.00,0.00
2016.02.23 18:07:32.834,12.23028,12.23382,0.00,0.00
2016.02.23 18:07:33.380,12.23071,12.23382,0.00,0.00
2016.02.23 18:07:33.481,12.23079,12.23421,0.00,0.00
2016.02.23 18:07:34.358,12.23079,12.2342,0.00,0.00
2016.02.23 18:07:35.013,12.23079,12.23421,0.00,0.00
2016.02.23 18:07:35.568,12.23079,12.2342,0.00,0.00
2016.02.23 18:07:36.122,12.23079,12.23421,0.00,0.00
2016.02.23 18:07:37.094,12.2316,12.23482,0.00,0.00
2016.02.23 18:07:37.195,12.23179,12.23519,0.00,0.00
2016.02.23 18:07:38.401,12.23179,12.23531,0.00,0.00
2016.02.23 18:07:40.690,12.23179,12.2352,0.00,0.00
2016.02.23 18:07:41.421,12.23179,12.23521,0.00,0.00
2016.02.23 18:07:42.222,12.23179,12.2352,0.00,0.00
2016.02.23 18:07:42.831,12.23179,12.23521,0.00,0.00
2016.02.23 18:07:43.674,12.23179,12.2352,0.00,0.00
2016.02.23 18:07:44.203,12.23179,12.23511,0.00,0.00
2016.02.23 18:07:44.392,12.23179,12.23531,0.00,0.00
2016.02.23 18:07:45.101,12.23179,12.2353,0.00,0.00
2016.02.23 18:07:45.303,12.23179,12.23521,0.00,0.00
2016.02.23 18:07:45.618,12.23179,12.2351,0.00,0.00
2016.02.23 18:07:45.946,12.23179,12.23481,0.00,0.00
2016.02.23 18:07:46.205,12.23179,12.235,0.00,0.00
2016.02.23 18:07:46.506,12.23179,12.23511,0.00,0.00
2016.02.23 18:07:46.687,12.23179,12.23531,0.00,0.00
2016.02.23 18:07:48.032,12.23278,12.23551,0.00,0.00
2016.02.23 18:07:48.133,12.23278,12.23591,0.00,0.00
2016.02.23 18:07:48.257,12.23278,12.23619,0.00,0.00
2016.02.23 18:07:49.398,12.23278,12.23631,0.00,0.00
2016.02.23 18:07:49.916,12.23278,12.2363,0.00,0.00
2016.02.23 18:07:50.100,12.23278,12.23632,0.00,0.00
2016.02.23 18:07:50.917,12.23322,12.23632,0.00,0.00
2016.02.23 18:07:51.068,12.23378,12.23711,0.00,0.00
2016.02.23 18:07:51.647,12.23378,12.23718,0.00,0.00
2016.02.23 18:07:52.298,12.23378,12.2372,0.00,0.00
2016.02.23 18:07:52.708,12.23378,12.23731,0.00,0.00
2016.02.23 18:07:53.310,12.23378,12.2373,0.00,0.00
2016.02.23 18:07:53.813,12.23378,12.23731,0.00,0.00
2016.02.23 18:07:54.022,12.23378,12.2371,0.00,0.00
2016.02.23 18:07:54.529,12.23378,12.23711,0.00,0.00
2016.02.23 18:07:55.116,12.23378,12.2371,0.00,0.00
2016.02.23 18:07:55.268,12.23378,12.23732,0.00,0.00
2016.02.23 18:07:59.466,12.23378,12.23721,0.00,0.00
2016.02.23 18:08:00.173,12.23378,12.23731,0.00,0.00
2016.02.23 18:08:00.681,12.23378,12.2373,0.00,0.00
2016.02.23 18:08:01.727,12.23378,12.23731,0.00,0.00
2016.02.23 18:08:02.941,12.23378,12.23732,0.00,0.00
2016.02.23 18:08:12.561,12.23378,12.23721,0.00,0.00
2016.02.23 18:08:13.143,12.23378,12.2372,0.00,0.00
2016.02.23 18:08:13.432,12.23378,12.2373,0.00,0.00
2016.02.23 18:08:13.734,12.23378,12.23732,0.00,0.00
2016.02.23 18:08:14.426,12.23472,12.23732,0.00,0.00
2016.02.23 18:08:14.527,12.23479,12.2375,0.00,0.00
2016.02.23 18:08:14.705,12.23479,12.23811,0.00,0.00
2016.02.23 18:08:15.570,12.23479,12.2381,0.00,0.00
2016.02.23 18:08:15.690,12.23479,12.238,0.00,0.00
2016.02.23 18:08:15.791,12.23379,12.23731,0.00,0.00
2016.02.23 18:08:16.252,12.23379,12.23721,0.00,0.00
2016.02.23 18:08:16.686,12.23379,12.23731,0.00,0.00
2016.02.23 18:08:16.787,12.23379,12.23721,0.00,0.00
2016.02.23 18:08:16.888,12.23379,12.23731,0.00,0.00
2016.02.23 18:08:17.876,12.23379,12.23721,0.00,0.00
2016.02.23 18:08:18.367,12.23379,12.237,0.00,0.00
2016.02.23 18:08:18.763,12.23379,12.23731,0.00,0.00
2016.02.23 18:08:20.148,12.23379,12.23701,0.00,0.00
2016.02.23 18:08:21.367,12.23379,12.237,0.00,0.00
2016.02.23 18:08:21.592,12.23379,12.2371,0.00,0.00
2016.02.23 18:08:22.289,12.23378,12.23711,0.00,0.00
2016.02.23 18:08:22.772,12.23378,12.23721,0.00,0.00
2016.02.23 18:08:23.000,12.23378,12.23711,0.00,0.00
2016.02.23 18:08:23.703,12.23378,12.2369,0.00,0.00
2016.02.23 18:08:23.982,12.23328,12.23651,0.00,0.00
2016.02.23 18:08:24.083,12.2336,12.2368,0.00,0.00
2016.02.23 18:08:24.403,12.23349,12.23651,0.00,0.00
2016.02.23 18:08:24.605,12.23378,12.23691,0.00,0.00
2016.02.23 18:08:24.756,12.2336,12.23632,0.00,0.00
2016.02.23 18:08:24.806,12.23321,12.23632,0.00,0.00
2016.02.23 18:08:24.857,12.23328,12.2365,0.00,0.00
2016.02.23 18:08:25.008,12.23329,12.23682,0.00,0.00
2016.02.23 18:08:25.059,12.23378,12.23711,0.00,0.00
2016.02.23 18:08:25.211,12.23378,12.23719,0.00,0.00
2016.02.23 18:08:25.262,12.23378,12.23732,0.00,0.00
2016.02.23 18:08:27.441,12.23422,12.23732,0.00,0.00
2016.02.23 18:08:27.491,12.23428,12.2378,0.00,0.00
2016.02.23 18:08:27.592,12.23459,12.23782,0.00,0.00
2016.02.23 18:08:27.805,12.23479,12.23811,0.00,0.00
2016.02.23 18:08:28.042,12.23459,12.23731,0.00,0.00
2016.02.23 18:08:28.093,12.23422,12.23731,0.00,0.00
2016.02.23 18:08:28.870,12.23379,12.23731,0.00,0.00
2016.02.23 18:08:30.110,12.23379,12.23721,0.00,0.00
2016.02.23 18:08:30.421,12.23379,12.237,0.00,0.00
2016.02.23 18:08:30.623,12.23379,12.2371,0.00,0.00
2016.02.23 18:08:30.861,12.23379,12.23691,0.00,0.00
2016.02.23 18:08:30.962,12.23379,12.23701,0.00,0.00
2016.02.23 18:08:31.241,12.2336,12.23632,0.00,0.00
2016.02.23 18:08:31.315,12.23322,12.23611,0.00,0.00
2016.02.23 18:08:31.415,12.23322,12.2359,0.00,0.00
2016.02.23 18:08:31.942,12.23278,12.23591,0.00,0.00
2016.02.23 18:08:32.136,12.23278,12.2351,0.00,0.00
2016.02.23 18:08:32.188,12.23222,12.2351,0.00,0.00
2016.02.23 18:08:32.239,12.23222,12.2352,0.00,0.00
2016.02.23 18:08:32.419,12.23222,12.2353,0.00,0.00
2016.02.23 18:08:32.987,12.23222,12.23531,0.00,0.00
2016.02.23 18:08:33.038,12.23222,12.23521,0.00,0.00
2016.02.23 18:08:33.342,12.23179,12.2352,0.00,0.00
2016.02.23 18:08:33.926,12.23179,12.23521,0.00,0.00
2016.02.23 18:08:35.030,12.23179,12.2352,0.00,0.00
2016.02.23 18:08:35.130,12.23179,12.23501,0.00,0.00
2016.02.23 18:08:35.732,12.23179,12.235,0.00,0.00
2016.02.23 18:08:36.034,12.23121,12.2343,0.00,0.00
2016.02.23 18:08:36.421,12.23128,12.2343,0.00,0.00
2016.02.23 18:08:36.472,12.23149,12.23482,0.00,0.00
2016.02.23 18:08:36.523,12.23179,12.23501,0.00,0.00
2016.02.23 18:08:36.574,12.23179,12.23519,0.00,0.00
2016.02.23 18:08:37.205,12.23179,12.23521,0.00,0.00
2016.02.23 18:08:37.267,12.23228,12.23521,0.00,0.00
2016.02.23 18:08:37.383,12.23228,12.23561,0.00,0.00
2016.02.23 18:08:37.439,12.23249,12.23568,0.00,0.00
2016.02.23 18:08:37.540,12.23229,12.23568,0.00,0.00
2016.02.23 18:08:37.843,12.2321,12.23532,0.00,0.00
2016.02.23 18:08:37.945,12.23178,12.23532,0.00,0.00
2016.02.23 18:08:38.895,12.23178,12.2353,0.00,0.00
2016.02.23 18:08:39.958,12.23178,12.23531,0.00,0.00
2016.02.23 18:08:40.460,12.23178,12.2353,0.00,0.00
2016.02.23 18:08:40.898,12.23178,12.23521,0.00,0.00
2016.02.23 18:08:41.213,12.232,12.23532,0.00,0.00
2016.02.23 18:08:41.778,12.23278,12.2355,0.00,0.00
2016.02.23 18:08:41.900,12.23278,12.23619,0.00,0.00
2016.02.23 18:08:43.152,12.23278,12.23632,0.00,0.00
2016.02.23 18:08:43.632,12.23278,12.2363,0.00,0.00
2016.02.23 18:08:44.172,12.23278,12.23631,0.00,0.00
2016.02.23 18:08:44.793,12.23278,12.23632,0.00,0.00
2016.02.23 18:08:46.388,12.23322,12.23632,0.00,0.00
2016.02.23 18:08:46.438,12.23329,12.23671,0.00,0.00
2016.02.23 18:08:46.539,12.23329,12.23681,0.00,0.00
2016.02.23 18:08:47.169,12.23322,12.23631,0.00,0.00
2016.02.23 18:08:47.784,12.23279,12.23631,0.00,0.00
2016.02.23 18:08:48.416,12.23272,12.2364,0.00,0.00
2016.02.23 18:08:48.721,12.23319,12.23668,0.00,0.00
2016.02.23 18:08:49.042,12.23372,12.23701,0.00,0.00
2016.02.23 18:08:49.393,12.233,12.23551,0.00,0.00
2016.02.23 18:08:49.443,12.23218,12.23511,0.00,0.00
2016.02.23 18:08:49.494,12.23172,12.23511,0.00,0.00
2016.02.23 18:08:50.123,12.23172,12.2351,0.00,0.00
2016.02.23 18:08:50.825,12.23172,12.23511,0.00,0.00
2016.02.23 18:08:52.732,12.23172,12.2351,0.00,0.00
2016.02.23 18:08:52.978,12.23172,12.2352,0.00,0.00
2016.02.23 18:08:53.535,12.23172,12.23521,0.00,0.00
2016.02.23 18:08:54.440,12.23172,12.2352,0.00,0.00
2016.02.23 18:08:54.947,12.23172,12.2353,0.00,0.00
2016.02.23 18:08:55.458,12.23172,12.23531,0.00,0.00
2016.02.23 18:08:55.705,12.23172,12.23521,0.00,0.00
2016.02.23 18:08:56.032,12.23122,12.2343,0.00,0.00
2016.02.23 18:08:56.346,12.23122,12.23411,0.00,0.00
2016.02.23 18:08:56.647,12.23122,12.234,0.00,0.00
2016.02.23 18:08:57.030,12.23122,12.2339,0.00,0.00
2016.02.23 18:08:57.476,12.23071,12.23391,0.00,0.00
2016.02.23 18:08:57.577,12.23071,12.234,0.00,0.00
2016.02.23 18:08:58.189,12.23071,12.23401,0.00,0.00
2016.02.23 18:08:58.799,12.23071,12.234,0.00,0.00
2016.02.23 18:08:59.556,12.23071,12.23401,0.00,0.00
2016.02.23 18:09:00.159,12.23071,12.234,0.00,0.00
2016.02.23 18:09:00.593,12.23071,12.2342,0.00,0.00
2016.02.23 18:09:00.696,12.23049,12.23352,0.00,0.00
2016.02.23 18:09:01.031,12.23069,12.23369,0.00,0.00
2016.02.23 18:09:01.400,12.23071,12.23411,0.00,0.00
2016.02.23 18:09:01.907,12.23071,12.2342,0.00,0.00
2016.02.23 18:09:02.449,12.23071,12.23421,0.00,0.00
2016.02.23 18:09:03.203,12.23071,12.23411,0.00,0.00
2016.02.23 18:09:04.775,12.23071,12.2341,0.00,0.00
2016.02.23 18:09:05.266,12.23071,12.234,0.00,0.00
2016.02.23 18:09:05.793,12.23071,12.2339,0.00,0.00
2016.02.23 18:09:06.028,12.23071,12.23421,0.00,0.00
2016.02.23 18:09:06.381,12.23071,12.2341,0.00,0.00
2016.02.23 18:09:06.883,12.23071,12.23411,0.00,0.00
2016.02.23 18:09:07.485,12.23071,12.2341,0.00,0.00
2016.02.23 18:09:07.811,12.23071,12.234,0.00,0.00
2016.02.23 18:09:08.388,12.23071,12.23401,0.00,0.00
2016.02.23 18:09:08.990,12.23071,12.234,0.00,0.00
2016.02.23 18:09:09.332,12.23071,12.23371,0.00,0.00
2016.02.23 18:09:10.352,12.23071,12.2337,0.00,0.00
2016.02.23 18:09:10.896,12.23071,12.23381,0.00,0.00
2016.02.23 18:09:11.017,12.23071,12.234,0.00,0.00
2016.02.23 18:09:11.219,12.23071,12.2342,0.00,0.00
2016.02.23 18:09:11.518,12.23071,12.2343,0.00,0.00
2016.02.23 18:09:12.125,12.23071,12.23431,0.00,0.00
2016.02.23 18:09:12.320,12.23071,12.2341,0.00,0.00
2016.02.23 18:09:12.666,12.23071,12.234,0.00,0.00
2016.02.23 18:09:12.995,12.23071,12.2338,0.00,0.00
2016.02.23 18:09:13.323,12.23071,12.23391,0.00,0.00
2016.02.23 18:09:13.519,12.23071,12.23401,0.00,0.00
2016.02.23 18:09:13.705,12.23122,12.23401,0.00,0.00
2016.02.23 18:09:13.856,12.23122,12.23411,0.00,0.00
2016.02.23 18:09:13.957,12.23122,12.23441,0.00,0.00
2016.02.23 18:09:14.409,12.23122,12.2341,0.00,0.00
2016.02.23 18:09:14.713,12.23021,12.23311,0.00,0.00
2016.02.23 18:09:15.012,12.23021,12.233,0.00,0.00
2016.02.23 18:09:15.539,12.23021,12.23301,0.00,0.00
2016.02.23 18:09:15.880,12.23021,12.2329,0.00,0.00
2016.02.23 18:09:16.088,12.22971,12.23291,0.00,0.00
2016.02.23 18:09:16.241,12.22971,12.23271,0.00,0.00
2016.02.23 18:09:16.544,12.22971,12.23201,0.00,0.00
2016.02.23 18:09:16.695,12.22872,12.2319,0.00,0.00
2016.02.23 18:09:16.935,12.22872,12.23211,0.00,0.00
2016.02.23 18:09:17.120,12.22872,12.2319,0.00,0.00
2016.02.23 18:09:18.123,12.22872,12.23201,0.00,0.00
2016.02.23 18:09:18.324,12.22872,12.23211,0.00,0.00
2016.02.23 18:09:18.437,12.22872,12.2324,0.00,0.00
2016.02.23 18:09:18.538,12.22921,12.23241,0.00,0.00
2016.02.23 18:09:18.840,12.22921,12.23211,0.00,0.00
2016.02.23 18:09:18.941,12.22921,12.2323,0.00,0.00
2016.02.23 18:09:19.042,12.22921,12.23221,0.00,0.00
2016.02.23 18:09:19.302,12.22921,12.23281,0.00,0.00
2016.02.23 18:09:19.353,12.22949,12.23301,0.00,0.00
2016.02.23 18:09:19.680,12.22969,12.23319,0.00,0.00
2016.02.23 18:09:19.941,12.22971,12.23341,0.00,0.00
2016.02.23 18:09:21.094,12.22971,12.2334,0.00,0.00
2016.02.23 18:09:22.044,12.22971,12.23341,0.00,0.00
2016.02.23 18:09:22.645,12.23022,12.23341,0.00,0.00
2016.02.23 18:09:22.746,12.23022,12.2335,0.00,0.00
2016.02.23 18:09:23.261,12.23068,12.23401,0.00,0.00
2016.02.23 18:09:23.361,12.23068,12.23411,0.00,0.00
2016.02.23 18:09:24.005,12.23071,12.23411,0.00,0.00
2016.02.23 18:09:24.675,12.23071,12.2343,0.00,0.00
2016.02.23 18:09:25.192,12.23071,12.23431,0.00,0.00
2016.02.23 18:09:25.258,12.23071,12.23421,0.00,0.00
2016.02.23 18:09:25.785,12.23071,12.2342,0.00,0.00
2016.02.23 18:09:26.119,12.23071,12.23411,0.00,0.00
2016.02.23 18:09:26.731,12.23071,12.2341,0.00,0.00
2016.02.23 18:09:27.316,12.23071,12.23411,0.00,0.00
2016.02.23 18:09:27.646,12.23071,12.23401,0.00,0.00
2016.02.23 18:09:27.702,12.23068,12.23401,0.00,0.00
2016.02.23 18:09:27.908,12.23021,12.23401,0.00,0.00
2016.02.23 18:09:28.018,12.23068,12.2341,0.00,0.00
2016.02.23 18:09:28.068,12.23068,12.23419,0.00,0.00
2016.02.23 18:09:29.011,12.23072,12.2343,0.00,0.00
2016.02.23 18:09:29.172,12.23072,12.23411,0.00,0.00
2016.02.23 18:09:29.613,12.23072,12.23401,0.00,0.00
2016.02.23 18:09:30.201,12.23072,12.2339,0.00,0.00
2016.02.23 18:09:30.600,12.23072,12.2338,0.00,0.00
2016.02.23 18:09:31.320,12.23072,12.23381,0.00,0.00
2016.02.23 18:09:32.391,12.23072,12.2338,0.00,0.00
2016.02.23 18:09:32.956,12.23072,12.23381,0.00,0.00
2016.02.23 18:09:33.007,12.23072,12.23401,0.00,0.00
2016.02.23 18:09:33.247,12.23072,12.2341,0.00,0.00
2016.02.23 18:09:33.399,12.23072,12.23441,0.00,0.00
2016.02.23 18:09:33.588,12.23072,12.23431,0.00,0.00
2016.02.23 18:09:34.190,12.23072,12.23401,0.00,0.00
2016.02.23 18:09:34.509,12.23072,12.23431,0.00,0.00
2016.02.23 18:09:34.713,12.23072,12.2344,0.00,0.00
2016.02.23 18:09:35.412,12.23072,12.2342,0.00,0.00
2016.02.23 18:09:36.012,12.23072,12.2344,0.00,0.00
2016.02.23 18:09:36.641,12.23072,12.23441,0.00,0.00
2016.02.23 18:09:36.895,12.23072,12.23402,0.00,0.00
2016.02.23 18:09:36.945,12.23021,12.23402,0.00,0.00
2016.02.23 18:09:36.996,12.23021,12.23398,0.00,0.00
2016.02.23 18:09:37.298,12.23049,12.23402,0.00,0.00
2016.02.23 18:09:37.646,12.23069,12.23419,0.00,0.00
2016.02.23 18:09:37.963,12.23069,12.23401,0.00,0.00
2016.02.23 18:09:38.114,12.23069,12.23411,0.00,0.00
2016.02.23 18:09:38.305,12.23069,12.23401,0.00,0.00
2016.02.23 18:09:38.636,12.23072,12.23401,0.00,0.00
2016.02.23 18:09:39.509,12.23072,12.234,0.00,0.00
2016.02.23 18:09:40.011,12.23072,12.23401,0.00,0.00
2016.02.23 18:09:40.513,12.23072,12.234,0.00,0.00
2016.02.23 18:09:41.016,12.23072,12.23401,0.00,0.00
2016.02.23 18:09:41.717,12.23072,12.23411,0.00,0.00
2016.02.23 18:09:42.650,12.23072,12.2341,0.00,0.00
2016.02.23 18:09:42.824,12.23121,12.23481,0.00,0.00
2016.02.23 18:09:43.126,12.23121,12.23338,0.00,0.00
2016.02.23 18:09:44.132,12.23121,12.23379,0.00,0.00
2016.02.23 18:09:45.731,12.23172,12.23379,0.00,0.00
2016.02.23 18:09:45.782,12.23172,12.23401,0.00,0.00
2016.02.23 18:09:45.883,12.23172,12.23419,0.00,0.00
2016.02.23 18:09:46.321,12.23172,12.23451,0.00,0.00
2016.02.23 18:09:46.372,12.23269,12.23471,0.00,0.00
2016.02.23 18:09:46.473,12.23269,12.23529,0.00,0.00
2016.02.23 18:09:46.523,12.23272,12.23529,0.00,0.00
2016.02.23 18:09:46.675,12.23272,12.23559,0.00,0.00
2016.02.23 18:09:49.741,12.23269,12.23479,0.00,0.00
2016.02.23 18:09:49.792,12.23221,12.23479,0.00,0.00
2016.02.23 18:09:51.155,12.23172,12.23479,0.00,0.00
2016.02.23 18:10:01.315,12.23172,12.23531,0.00,0.00
2016.02.23 18:10:01.872,12.23172,12.2353,0.00,0.00
2016.02.23 18:10:02.179,12.23221,12.2353,0.00,0.00
2016.02.23 18:10:02.230,12.2325,12.23601,0.00,0.00
2016.02.23 18:10:02.331,12.23269,12.2361,0.00,0.00
2016.02.23 18:10:02.381,12.23269,12.23619,0.00,0.00
2016.02.23 18:10:03.587,12.23272,12.23641,0.00,0.00
2016.02.23 18:10:04.130,12.23272,12.2364,0.00,0.00
2016.02.23 18:10:05.002,12.23272,12.23641,0.00,0.00
2016.02.23 18:10:05.342,12.23321,12.2365,0.00,0.00
2016.02.23 18:10:05.442,12.23349,12.23701,0.00,0.00
2016.02.23 18:10:05.493,12.23369,12.23709,0.00,0.00
2016.02.23 18:10:05.544,12.23369,12.23711,0.00,0.00
2016.02.23 18:10:05.786,12.23369,12.23719,0.00,0.00
2016.02.23 18:10:06.162,12.2335,12.23651,0.00,0.00
2016.02.23 18:10:06.263,12.23321,12.23641,0.00,0.00
2016.02.23 18:10:06.744,12.23272,12.23641,0.00,0.00
2016.02.23 18:10:07.281,12.23272,12.2364,0.00,0.00
2016.02.23 18:10:08.208,12.23321,12.2367,0.00,0.00
2016.02.23 18:10:08.734,12.23321,12.23671,0.00,0.00
2016.02.23 18:10:08.784,12.23321,12.237,0.00,0.00
2016.02.23 18:10:09.994,12.23321,12.23701,0.00,0.00
2016.02.23 18:10:10.437,12.23321,12.23652,0.00,0.00
2016.02.23 18:10:10.488,12.23271,12.2364,0.00,0.00
2016.02.23 18:10:11.102,12.23271,12.23641,0.00,0.00
2016.02.23 18:10:12.364,12.23271,12.2364,0.00,0.00
2016.02.23 18:10:13.267,12.23271,12.23641,0.00,0.00
2016.02.23 18:10:13.864,12.23271,12.2364,0.00,0.00
2016.02.23 18:10:15.129,12.23271,12.2363,0.00,0.00
2016.02.23 18:10:15.895,12.23271,12.23631,0.00,0.00
2016.02.23 18:10:17.489,12.23271,12.2362,0.00,0.00
2016.02.23 18:10:18.139,12.23271,12.2364,0.00,0.00
2016.02.23 18:10:18.351,12.23298,12.2364,0.00,0.00
2016.02.23 18:10:18.888,12.23319,12.23641,0.00,0.00
2016.02.23 18:10:19.891,12.2332,12.2364,0.00,0.00
2016.02.23 18:10:20.894,12.23319,12.23641,0.00,0.00
2016.02.23 18:10:21.446,12.23348,12.23641,0.00,0.00
2016.02.23 18:10:21.657,12.23321,12.23641,0.00,0.00
2016.02.23 18:10:21.708,12.23369,12.23651,0.00,0.00
2016.02.23 18:10:21.861,12.23329,12.23681,0.00,0.00
2016.02.23 18:10:21.912,12.23408,12.23701,0.00,0.00
2016.02.23 18:10:22.217,12.23408,12.2368,0.00,0.00
2016.02.23 18:10:22.509,12.23408,12.23691,0.00,0.00
2016.02.23 18:10:22.610,12.23408,12.237,0.00,0.00
2016.02.23 18:10:22.736,12.23408,12.23681,0.00,0.00
2016.02.23 18:10:23.257,12.23408,12.2368,0.00,0.00
2016.02.23 18:10:23.689,12.23319,12.23641,0.00,0.00
2016.02.23 18:10:23.802,12.2332,12.2363,0.00,0.00
2016.02.23 18:10:24.142,12.23319,12.23601,0.00,0.00
2016.02.23 18:10:24.242,12.2332,12.2361,0.00,0.00
2016.02.23 18:10:24.716,12.23319,12.23631,0.00,0.00
2016.02.23 18:10:24.857,12.2332,12.2362,0.00,0.00
2016.02.23 18:10:25.286,12.2332,12.2357,0.00,0.00
2016.02.23 18:10:25.820,12.23319,12.23571,0.00,0.00
2016.02.23 18:10:25.929,12.2332,12.2358,0.00,0.00
2016.02.23 18:10:26.567,12.23319,12.23581,0.00,0.00
2016.02.23 18:10:26.819,12.23222,12.23491,0.00,0.00
2016.02.23 18:10:27.543,12.23222,12.23541,0.00,0.00
2016.02.23 18:10:27.998,12.23258,12.23541,0.00,0.00
2016.02.23 18:10:28.200,12.2322,12.2353,0.00,0.00
2016.02.23 18:10:28.729,12.2322,12.235,0.00,0.00
2016.02.23 18:10:29.031,12.23158,12.23411,0.00,0.00
2016.02.23 18:10:29.183,12.23108,12.2339,0.00,0.00
2016.02.23 18:10:29.283,12.23108,12.2342,0.00,0.00
2016.02.23 18:10:29.532,12.23108,12.23431,0.00,0.00
2016.02.23 18:10:29.852,12.23108,12.23421,0.00,0.00
2016.02.23 18:10:30.471,12.23108,12.2342,0.00,0.00
2016.02.23 18:10:31.039,12.23108,12.23421,0.00,0.00
2016.02.23 18:10:31.587,12.23108,12.23411,0.00,0.00
2016.02.23 18:10:32.097,12.23108,12.2341,0.00,0.00
2016.02.23 18:10:32.148,12.23108,12.2342,0.00,0.00
2016.02.23 18:10:32.349,12.23108,12.23411,0.00,0.00
2016.02.23 18:10:33.078,12.23108,12.234,0.00,0.00
2016.02.23 18:10:33.542,12.23108,12.23411,0.00,0.00
2016.02.23 18:10:33.593,12.23108,12.2342,0.00,0.00
2016.02.23 18:10:33.669,12.23122,12.2342,0.00,0.00
2016.02.23 18:10:33.770,12.23158,12.2348,0.00,0.00
2016.02.23 18:10:33.871,12.23158,12.23501,0.00,0.00
2016.02.23 18:10:33.922,12.23208,12.23501,0.00,0.00
2016.02.23 18:10:33.972,12.23208,12.23511,0.00,0.00
2016.02.23 18:10:34.156,12.23208,12.23501,0.00,0.00
2016.02.23 18:10:34.675,12.23208,12.2349,0.00,0.00
2016.02.23 18:10:35.051,12.23208,12.2347,0.00,0.00
2016.02.23 18:10:35.259,12.23208,12.2349,0.00,0.00
2016.02.23 18:10:35.484,12.23208,12.235,0.00,0.00
2016.02.23 18:10:36.055,12.23208,12.23501,0.00,0.00
2016.02.23 18:10:36.321,12.23171,12.23501,0.00,0.00
2016.02.23 18:10:36.371,12.23171,12.23481,0.00,0.00
2016.02.23 18:10:36.883,12.2317,12.2348,0.00,0.00
2016.02.23 18:10:37.213,12.2317,12.2347,0.00,0.00
2016.02.23 18:10:37.459,12.2317,12.2348,0.00,0.00
2016.02.23 18:10:38.231,12.23169,12.23481,0.00,0.00
2016.02.23 18:10:38.362,12.2317,12.235,0.00,0.00
2016.02.23 18:10:38.876,12.23169,12.23501,0.00,0.00
2016.02.23 18:10:39.570,12.23159,12.23511,0.00,0.00
2016.02.23 18:10:39.621,12.23209,12.23511,0.00,0.00
2016.02.23 18:10:40.377,12.23209,12.2351,0.00,0.00
2016.02.23 18:10:40.478,12.23209,12.2353,0.00,0.00
2016.02.23 18:10:41.122,12.23209,12.23531,0.00,0.00
2016.02.23 18:10:41.179,12.23209,12.2352,0.00,0.00
2016.02.23 18:10:42.000,12.23209,12.23521,0.00,0.00
2016.02.23 18:10:42.530,12.23209,12.2354,0.00,0.00
2016.02.23 18:10:42.631,12.23209,12.23531,0.00,0.00
2016.02.23 18:10:43.202,12.23209,12.2353,0.00,0.00
2016.02.23 18:10:43.548,12.23209,12.23521,0.00,0.00
2016.02.23 18:10:44.176,12.23209,12.2352,0.00,0.00
2016.02.23 18:10:44.227,12.23209,12.23531,0.00,0.00
2016.02.23 18:10:44.527,12.23209,12.23521,0.00,0.00
2016.02.23 18:10:44.612,12.23209,12.2353,0.00,0.00
2016.02.23 18:10:44.914,12.23209,12.23511,0.00,0.00
2016.02.23 18:10:45.331,12.23159,12.235,0.00,0.00
2016.02.23 18:10:45.432,12.23169,12.23481,0.00,0.00
2016.02.23 18:10:45.532,12.23159,12.23481,0.00,0.00
2016.02.23 18:10:45.583,12.23208,12.23481,0.00,0.00
2016.02.23 18:10:45.894,12.2317,12.2346,0.00,0.00
2016.02.23 18:10:45.945,12.23169,12.23471,0.00,0.00
2016.02.23 18:10:46.451,12.23122,12.2343,0.00,0.00
2016.02.23 18:10:46.681,12.23119,12.23431,0.00,0.00
2016.02.23 18:10:46.732,12.2312,12.2341,0.00,0.00
2016.02.23 18:10:47.046,12.23119,12.23421,0.00,0.00
2016.02.23 18:10:47.247,12.23119,12.23411,0.00,0.00
2016.02.23 18:10:48.147,12.23119,12.23441,0.00,0.00
2016.02.23 18:10:48.198,12.23119,12.23418,0.00,0.00
2016.02.23 18:10:48.512,12.23022,12.2331,0.00,0.00
2016.02.23 18:10:48.681,12.23022,12.2332,0.00,0.00
2016.02.23 18:10:49.407,12.23022,12.23321,0.00,0.00
2016.02.23 18:10:49.630,12.22979,12.23321,0.00,0.00
2016.02.23 18:10:49.855,12.2298,12.2333,0.00,0.00
2016.02.23 18:10:50.158,12.23029,12.23341,0.00,0.00
2016.02.23 18:10:50.309,12.23029,12.23369,0.00,0.00
2016.02.23 18:10:50.710,12.23071,12.23391,0.00,0.00
2016.02.23 18:10:50.760,12.2308,12.2341,0.00,0.00
2016.02.23 18:10:50.861,12.23079,12.23431,0.00,0.00
2016.02.23 18:10:50.948,12.23079,12.23441,0.00,0.00
2016.02.23 18:10:51.247,12.23079,12.23421,0.00,0.00
2016.02.23 18:10:51.347,12.2308,12.2344,0.00,0.00
2016.02.23 18:10:51.849,12.23079,12.23441,0.00,0.00
2016.02.23 18:10:52.445,12.2308,12.2344,0.00,0.00
2016.02.23 18:10:53.005,12.23079,12.23441,0.00,0.00
2016.02.23 18:10:53.619,12.2308,12.2344,0.00,0.00
2016.02.23 18:10:54.476,12.23079,12.23441,0.00,0.00
2016.02.23 18:10:54.689,12.23172,12.2344,0.00,0.00
2016.02.23 18:10:54.790,12.23172,12.23442,0.00,0.00
2016.02.23 18:10:54.841,12.23172,12.2347,0.00,0.00
2016.02.23 18:10:55.015,12.23279,12.23568,0.00,0.00
2016.02.23 18:10:55.410,12.2328,12.2361,0.00,0.00
2016.02.23 18:10:55.796,12.23279,12.23621,0.00,0.00
2016.02.23 18:10:56.332,12.2328,12.2362,0.00,0.00
2016.02.23 18:10:56.383,12.2328,12.2363,0.00,0.00
2016.02.23 18:10:57.167,12.23279,12.23631,0.00,0.00
2016.02.23 18:10:57.872,12.2328,12.236,0.00,0.00
2016.02.23 18:10:58.171,12.23279,12.23611,0.00,0.00
2016.02.23 18:10:58.673,12.23279,12.23621,0.00,0.00
2016.02.23 18:10:58.991,12.2328,12.2361,0.00,0.00
2016.02.23 18:10:59.676,12.2328,12.2362,0.00,0.00
2016.02.23 18:11:00.177,12.23279,12.23621,0.00,0.00
2016.02.23 18:11:00.679,12.23279,12.23631,0.00,0.00
2016.02.23 18:11:01.263,12.2328,12.2363,0.00,0.00
2016.02.23 18:11:01.783,12.23279,12.23631,0.00,0.00
2016.02.23 18:11:02.411,12.2328,12.2363,0.00,0.00
2016.02.23 18:11:02.944,12.23279,12.23631,0.00,0.00
2016.02.23 18:11:03.690,12.2328,12.2363,0.00,0.00
2016.02.23 18:11:04.423,12.23279,12.23631,0.00,0.00
2016.02.23 18:11:05.198,12.2328,12.2363,0.00,0.00
2016.02.23 18:11:05.747,12.23279,12.23631,0.00,0.00
2016.02.23 18:11:06.299,12.2328,12.2363,0.00,0.00
2016.02.23 18:11:06.941,12.23279,12.23631,0.00,0.00
2016.02.23 18:11:07.503,12.2328,12.2363,0.00,0.00
2016.02.23 18:11:08.207,12.23279,12.23631,0.00,0.00
2016.02.23 18:11:09.009,12.2328,12.2363,0.00,0.00
2016.02.23 18:11:09.646,12.23279,12.23631,0.00,0.00
2016.02.23 18:11:10.516,12.23279,12.23641,0.00,0.00
2016.02.23 18:11:10.817,12.23279,12.23631,0.00,0.00
2016.02.23 18:11:11.571,12.2328,12.2363,0.00,0.00
2016.02.23 18:11:12.524,12.23279,12.23631,0.00,0.00
2016.02.23 18:11:13.035,12.2328,12.2363,0.00,0.00
2016.02.23 18:11:13.537,12.23279,12.23631,0.00,0.00
2016.02.23 18:11:14.947,12.2328,12.2363,0.00,0.00
2016.02.23 18:11:15.308,12.23321,12.2363,0.00,0.00
2016.02.23 18:11:15.460,12.2338,12.23691,0.00,0.00
2016.02.23 18:11:15.511,12.2338,12.23719,0.00,0.00
2016.02.23 18:11:16.449,12.23379,12.23719,0.00,0.00
2016.02.23 18:11:16.813,12.2338,12.2374,0.00,0.00
2016.02.23 18:11:17.278,12.23379,12.23742,0.00,0.00
2016.02.23 18:11:17.588,12.23418,12.23751,0.00,0.00
2016.02.23 18:11:17.905,12.2348,12.238,0.00,0.00
2016.02.23 18:11:18.207,12.23471,12.23789,0.00,0.00
2016.02.23 18:11:19.117,12.2343,12.23789,0.00,0.00
2016.02.23 18:11:19.567,12.2348,12.238,0.00,0.00
2016.02.23 18:11:20.044,12.2348,12.2381,0.00,0.00
2016.02.23 18:11:21.410,12.23479,12.23811,0.00,0.00
2016.02.23 18:11:21.921,12.2348,12.2381,0.00,0.00
2016.02.23 18:11:22.881,12.23479,12.23811,0.00,0.00
2016.02.23 18:11:23.147,12.2353,12.2387,0.00,0.00
2016.02.23 18:11:23.784,12.23529,12.23871,0.00,0.00
2016.02.23 18:11:24.093,12.23521,12.23841,0.00,0.00
2016.02.23 18:11:24.516,12.2353,12.2386,0.00,0.00
2016.02.23 18:11:25.088,12.23529,12.23861,0.00,0.00
2016.02.23 18:11:25.505,12.23529,12.23841,0.00,0.00
2016.02.23 18:11:25.606,12.23518,12.23841,0.00,0.00
2016.02.23 18:11:25.707,12.2353,12.2385,0.00,0.00
2016.02.23 18:11:26.725,12.23529,12.23851,0.00,0.00
2016.02.23 18:11:27.296,12.2353,12.2385,0.00,0.00
2016.02.23 18:11:27.523,12.23529,12.23881,0.00,0.00
2016.02.23 18:11:27.573,12.23568,12.23881,0.00,0.00
2016.02.23 18:11:27.875,12.23521,12.23811,0.00,0.00
2016.02.23 18:11:28.350,12.2348,12.2381,0.00,0.00
2016.02.23 18:11:29.326,12.23529,12.23842,0.00,0.00
2016.02.23 18:11:29.377,12.23529,12.23868,0.00,0.00
2016.02.23 18:11:29.428,12.23579,12.23871,0.00,0.00
2016.02.23 18:11:30.000,12.2358,12.2387,0.00,0.00
2016.02.23 18:11:30.520,12.23629,12.23871,0.00,0.00
2016.02.23 18:11:30.621,12.2368,12.2399,0.00,0.00
2016.02.23 18:11:30.722,12.23672,12.23991,0.00,0.00
2016.02.23 18:11:31.089,12.23672,12.23942,0.00,0.00
2016.02.23 18:11:31.140,12.23672,12.23991,0.00,0.00
2016.02.23 18:11:31.241,12.2363,12.23969,0.00,0.00
2016.02.23 18:11:31.750,12.23579,12.23941,0.00,0.00
2016.02.23 18:11:31.851,12.2363,12.23942,0.00,0.00
2016.02.23 18:11:31.902,12.2363,12.23969,0.00,0.00
2016.02.23 18:11:32.434,12.23579,12.23941,0.00,0.00
2016.02.23 18:11:32.928,12.23579,12.23931,0.00,0.00
2016.02.23 18:11:33.129,12.2358,12.2394,0.00,0.00
2016.02.23 18:11:33.330,12.23579,12.23931,0.00,0.00
2016.02.23 18:11:33.535,12.23579,12.23941,0.00,0.00
2016.02.23 18:11:34.233,12.2358,12.2394,0.00,0.00
2016.02.23 18:11:34.745,12.23629,12.23942,0.00,0.00
2016.02.23 18:11:34.873,12.2363,12.23969,0.00,0.00
2016.02.23 18:11:35.387,12.23629,12.23969,0.00,0.00
2016.02.23 18:11:35.635,12.23629,12.23992,0.00,0.00
2016.02.23 18:11:35.819,12.23668,12.24001,0.00,0.00
2016.02.23 18:11:36.071,12.23629,12.23992,0.00,0.00
2016.02.23 18:11:36.272,12.2363,12.23941,0.00,0.00
2016.02.23 18:11:36.373,12.23622,12.23941,0.00,0.00
2016.02.23 18:11:36.891,12.23622,12.2394,0.00,0.00
2016.02.23 18:11:36.942,12.2358,12.2394,0.00,0.00
2016.02.23 18:11:37.154,12.2358,12.239,0.00,0.00
2016.02.23 18:11:37.814,12.23579,12.23901,0.00,0.00
2016.02.23 18:11:38.629,12.2358,12.2392,0.00,0.00
2016.02.23 18:11:38.952,12.23579,12.23931,0.00,0.00
2016.02.23 18:11:39.654,12.23629,12.23941,0.00,0.00
2016.02.23 18:11:39.705,12.23629,12.23951,0.00,0.00
2016.02.23 18:11:39.806,12.23629,12.23992,0.00,0.00
2016.02.23 18:11:40.422,12.2367,12.2401,0.00,0.00
2016.02.23 18:11:40.550,12.2363,12.23992,0.00,0.00
2016.02.23 18:11:40.701,12.23668,12.2401,0.00,0.00
2016.02.23 18:11:41.036,12.23579,12.23931,0.00,0.00
2016.02.23 18:11:41.611,12.23579,12.23941,0.00,0.00
2016.02.23 18:11:42.136,12.2358,12.2394,0.00,0.00
2016.02.23 18:11:42.186,12.2358,12.2392,0.00,0.00
2016.02.23 18:11:42.489,12.23549,12.23811,0.00,0.00
2016.02.23 18:11:42.590,12.23522,12.238,0.00,0.00
2016.02.23 18:11:42.817,12.23522,12.23791,0.00,0.00
2016.02.23 18:11:43.222,12.23522,12.23801,0.00,0.00
2016.02.23 18:11:43.675,12.23522,12.23791,0.00,0.00
2016.02.23 18:11:43.886,12.2348,12.2379,0.00,0.00
2016.02.23 18:11:43.987,12.2348,12.238,0.00,0.00
2016.02.23 18:11:44.088,12.23479,12.23791,0.00,0.00
2016.02.23 18:11:45.399,12.23479,12.23771,0.00,0.00
2016.02.23 18:11:45.808,12.23429,12.23701,0.00,0.00
2016.02.23 18:11:45.920,12.23422,12.237,0.00,0.00
2016.02.23 18:11:46.021,12.23422,12.23711,0.00,0.00
2016.02.23 18:11:46.184,12.23422,12.2373,0.00,0.00
2016.02.23 18:11:46.474,12.2347,12.23791,0.00,0.00
2016.02.23 18:11:46.525,12.23479,12.23818,0.00,0.00
2016.02.23 18:11:47.086,12.2348,12.23818,0.00,0.00
2016.02.23 18:11:47.147,12.2348,12.2382,0.00,0.00
2016.02.23 18:11:48.090,12.23479,12.23811,0.00,0.00
2016.02.23 18:11:48.591,12.2348,12.2381,0.00,0.00
2016.02.23 18:11:49.032,12.23472,12.23741,0.00,0.00
2016.02.23 18:11:49.082,12.23389,12.23741,0.00,0.00
2016.02.23 18:11:49.133,12.23418,12.23768,0.00,0.00
2016.02.23 18:11:49.484,12.23429,12.23768,0.00,0.00
2016.02.23 18:11:49.714,12.23379,12.23741,0.00,0.00
2016.02.23 18:11:50.293,12.2338,12.2374,0.00,0.00
2016.02.23 18:11:50.795,12.23379,12.23741,0.00,0.00
2016.02.23 18:11:51.350,12.2338,12.2374,0.00,0.00
2016.02.23 18:11:51.907,12.23379,12.23741,0.00,0.00
2016.02.23 18:11:53.511,12.2338,12.2374,0.00,0.00
2016.02.23 18:11:53.612,12.23379,12.23691,0.00,0.00
2016.02.23 18:11:53.711,12.2338,12.237,0.00,0.00
2016.02.23 18:11:54.339,12.23379,12.23701,0.00,0.00
2016.02.23 18:11:54.390,12.23379,12.23741,0.00,0.00
2016.02.23 18:11:54.951,12.2338,12.2374,0.00,0.00
2016.02.23 18:11:55.921,12.23379,12.23741,0.00,0.00
2016.02.23 18:11:56.454,12.2338,12.2374,0.00,0.00
2016.02.23 18:11:56.955,12.23379,12.23741,0.00,0.00
2016.02.23 18:11:57.726,12.2338,12.2372,0.00,0.00
2016.02.23 18:11:58.269,12.23379,12.23721,0.00,0.00
2016.02.23 18:11:58.571,12.2338,12.2371,0.00,0.00
2016.02.23 18:11:58.729,12.2338,12.2372,0.00,0.00
2016.02.23 18:11:58.829,12.23379,12.23711,0.00,0.00
2016.02.23 18:11:59.230,12.23379,12.23701,0.00,0.00
2016.02.23 18:11:59.642,12.23379,12.23691,0.00,0.00
2016.02.23 18:11:59.983,12.2338,12.2367,0.00,0.00
2016.02.23 18:12:00.084,12.2333,12.2364,0.00,0.00
2016.02.23 18:12:00.137,12.23322,12.2363,0.00,0.00
2016.02.23 18:12:00.665,12.23322,12.23621,0.00,0.00
2016.02.23 18:12:00.989,12.23322,12.23601,0.00,0.00
2016.02.23 18:12:01.357,12.23271,12.2359,0.00,0.00
2016.02.23 18:12:01.444,12.23271,12.23611,0.00,0.00
2016.02.23 18:12:01.651,12.23271,12.23601,0.00,0.00
2016.02.23 18:12:01.990,12.23271,12.23591,0.00,0.00
2016.02.23 18:12:02.340,12.23271,12.23571,0.00,0.00
2016.02.23 18:12:02.391,12.23271,12.2358,0.00,0.00
2016.02.23 18:12:02.492,12.23271,12.23601,0.00,0.00
2016.02.23 18:12:03.038,12.23271,12.2359,0.00,0.00
2016.02.23 18:12:03.342,12.23271,12.23571,0.00,0.00
2016.02.23 18:12:03.393,12.23268,12.23571,0.00,0.00
2016.02.23 18:12:03.494,12.23268,12.23511,0.00,0.00
2016.02.23 18:12:03.544,12.23222,12.23511,0.00,0.00
2016.02.23 18:12:03.595,12.23222,12.23491,0.00,0.00
2016.02.23 18:12:03.937,12.23222,12.2348,0.00,0.00
2016.02.23 18:12:04.093,12.23222,12.2349,0.00,0.00
2016.02.23 18:12:04.193,12.23222,12.23481,0.00,0.00
2016.02.23 18:12:04.756,12.23222,12.2348,0.00,0.00
2016.02.23 18:12:04.807,12.23172,12.2348,0.00,0.00
2016.02.23 18:12:05.308,12.23172,12.23481,0.00,0.00
2016.02.23 18:12:05.409,12.23229,12.23568,0.00,0.00
2016.02.23 18:12:05.459,12.2325,12.23568,0.00,0.00
2016.02.23 18:12:05.510,12.23272,12.23592,0.00,0.00
2016.02.23 18:12:05.622,12.23272,12.2364,0.00,0.00
2016.02.23 18:12:06.190,12.23272,12.23641,0.00,0.00
2016.02.23 18:12:06.391,12.23309,12.23641,0.00,0.00
2016.02.23 18:12:06.442,12.23318,12.23668,0.00,0.00
2016.02.23 18:12:06.492,12.23372,12.2367,0.00,0.00
2016.02.23 18:12:06.593,12.23372,12.23721,0.00,0.00
2016.02.23 18:12:06.892,12.23409,12.23742,0.00,0.00
2016.02.23 18:12:07.194,12.23372,12.2374,0.00,0.00
2016.02.23 18:12:07.567,12.23372,12.2373,0.00,0.00
2016.02.23 18:12:07.905,12.23372,12.23721,0.00,0.00
2016.02.23 18:12:08.006,12.23372,12.2374,0.00,0.00
2016.02.23 18:12:08.314,12.23372,12.2373,0.00,0.00
2016.02.23 18:12:08.670,12.23271,12.2362,0.00,0.00
2016.02.23 18:12:09.366,12.23271,12.23621,0.00,0.00
2016.02.23 18:12:09.674,12.23271,12.23601,0.00,0.00
2016.02.23 18:12:09.975,12.23271,12.23591,0.00,0.00
2016.02.23 18:12:10.476,12.23271,12.2359,0.00,0.00
2016.02.23 18:12:10.879,12.23271,12.23581,0.00,0.00
2016.02.23 18:12:10.980,12.23271,12.2359,0.00,0.00
2016.02.23 18:12:11.600,12.23271,12.23591,0.00,0.00
2016.02.23 18:12:11.933,12.23369,12.23591,0.00,0.00
2016.02.23 18:12:11.984,12.23372,12.23691,0.00,0.00
2016.02.23 18:12:12.035,12.23372,12.23711,0.00,0.00
2016.02.23 18:12:12.239,12.23372,12.23701,0.00,0.00
2016.02.23 18:12:12.290,12.23372,12.2371,0.00,0.00
2016.02.23 18:12:12.391,12.23372,12.23721,0.00,0.00
2016.02.23 18:12:13.061,12.23372,12.2372,0.00,0.00
2016.02.23 18:12:13.789,12.23372,12.23721,0.00,0.00
2016.02.23 18:12:14.090,12.23372,12.2373,0.00,0.00
2016.02.23 18:12:14.522,12.23372,12.23741,0.00,0.00
2016.02.23 18:12:14.623,12.23372,12.23731,0.00,0.00
2016.02.23 18:12:15.363,12.23372,12.23741,0.00,0.00
2016.02.23 18:12:15.696,12.23372,12.2373,0.00,0.00
2016.02.23 18:12:17.002,12.23372,12.23731,0.00,0.00
2016.02.23 18:12:17.350,12.23372,12.23721,0.00,0.00
2016.02.23 18:12:17.603,12.23372,12.23731,0.00,0.00
2016.02.23 18:12:17.755,12.23372,12.23642,0.00,0.00
2016.02.23 18:12:17.805,12.23309,12.23631,0.00,0.00
2016.02.23 18:12:17.906,12.23272,12.23621,0.00,0.00
2016.02.23 18:12:19.109,12.23272,12.2362,0.00,0.00
2016.02.23 18:12:19.713,12.23272,12.23621,0.00,0.00
2016.02.23 18:12:20.335,12.23272,12.2362,0.00,0.00
2016.02.23 18:12:20.517,12.23272,12.23611,0.00,0.00
2016.02.23 18:12:20.919,12.23272,12.23601,0.00,0.00
2016.02.23 18:12:21.020,12.23272,12.2363,0.00,0.00
2016.02.23 18:12:21.523,12.23272,12.23631,0.00,0.00
2016.02.23 18:12:22.323,12.23272,12.2363,0.00,0.00
2016.02.23 18:12:22.725,12.23272,12.2362,0.00,0.00
2016.02.23 18:12:23.026,12.23272,12.23601,0.00,0.00
2016.02.23 18:12:23.227,12.23272,12.23611,0.00,0.00
2016.02.23 18:12:23.544,12.23272,12.236,0.00,0.00
2016.02.23 18:12:24.263,12.23272,12.23591,0.00,0.00
2016.02.23 18:12:24.654,12.23272,12.2358,0.00,0.00
2016.02.23 18:12:24.933,12.23272,12.23591,0.00,0.00
2016.02.23 18:12:25.334,12.23272,12.2358,0.00,0.00
2016.02.23 18:12:25.447,12.23272,12.23591,0.00,0.00
2016.02.23 18:12:25.836,12.23272,12.23601,0.00,0.00
2016.02.23 18:12:25.937,12.23272,12.2359,0.00,0.00
2016.02.23 18:12:26.313,12.23249,12.23591,0.00,0.00
2016.02.23 18:12:26.364,12.23221,12.23591,0.00,0.00
2016.02.23 18:12:27.980,12.23221,12.23542,0.00,0.00
2016.02.23 18:12:28.031,12.232,12.23542,0.00,0.00
2016.02.23 18:12:28.194,12.23218,12.23568,0.00,0.00
2016.02.23 18:12:28.398,12.232,12.23542,0.00,0.00
2016.02.23 18:12:28.449,12.23172,12.2354,0.00,0.00
2016.02.23 18:12:28.551,12.23172,12.23531,0.00,0.00
2016.02.23 18:12:28.846,12.23172,12.2354,0.00,0.00
2016.02.23 18:12:29.751,12.23172,12.23541,0.00,0.00
2016.02.23 18:12:30.407,12.23172,12.2354,0.00,0.00
2016.02.23 18:12:30.873,12.23172,12.2347,0.00,0.00
2016.02.23 18:12:31.299,12.23172,12.23491,0.00,0.00
2016.02.23 18:12:31.405,12.23172,12.23531,0.00,0.00
2016.02.23 18:12:32.249,12.23172,12.2353,0.00,0.00
2016.02.23 18:12:32.759,12.23172,12.23531,0.00,0.00
2016.02.23 18:12:33.285,12.23172,12.2353,0.00,0.00
2016.02.23 18:12:34.503,12.23172,12.2351,0.00,0.00
2016.02.23 18:12:35.066,12.23172,12.23511,0.00,0.00
2016.02.23 18:12:35.367,12.23172,12.2352,0.00,0.00
2016.02.23 18:12:35.768,12.23172,12.2351,0.00,0.00
2016.02.23 18:12:36.171,12.23172,12.23501,0.00,0.00
2016.02.23 18:12:36.671,12.23172,12.23511,0.00,0.00
2016.02.23 18:12:36.772,12.23172,12.23531,0.00,0.00
2016.02.23 18:12:36.873,12.23172,12.23511,0.00,0.00
2016.02.23 18:12:37.024,12.23169,12.23511,0.00,0.00
2016.02.23 18:12:37.074,12.23169,12.23491,0.00,0.00
2016.02.23 18:12:37.125,12.23122,12.23491,0.00,0.00
2016.02.23 18:12:37.792,12.23122,12.2349,0.00,0.00
2016.02.23 18:12:38.277,12.23122,12.23492,0.00,0.00
2016.02.23 18:12:38.958,12.23169,12.235,0.00,0.00
2016.02.23 18:12:39.009,12.23172,12.23531,0.00,0.00
2016.02.23 18:12:39.682,12.23172,12.23541,0.00,0.00
2016.02.23 18:12:40.886,12.23172,12.2354,0.00,0.00
2016.02.23 18:12:41.795,12.23172,12.23541,0.00,0.00
2016.02.23 18:12:43.021,12.23221,12.23541,0.00,0.00
2016.02.23 18:12:43.293,12.23268,12.23619,0.00,0.00
2016.02.23 18:12:43.702,12.23268,12.236,0.00,0.00
2016.02.23 18:12:44.096,12.23268,12.2361,0.00,0.00
2016.02.23 18:12:44.396,12.23268,12.23619,0.00,0.00
2016.02.23 18:12:44.447,12.23271,12.23621,0.00,0.00
2016.02.23 18:12:44.998,12.23271,12.2362,0.00,0.00
2016.02.23 18:12:45.303,12.23271,12.23551,0.00,0.00
2016.02.23 18:12:45.505,12.23271,12.23611,0.00,0.00
2016.02.23 18:12:46.303,12.23271,12.2361,0.00,0.00
2016.02.23 18:12:46.604,12.23271,12.23621,0.00,0.00
2016.02.23 18:12:47.011,12.23321,12.23661,0.00,0.00
2016.02.23 18:12:47.162,12.23369,12.23719,0.00,0.00
2016.02.23 18:12:48.412,12.23372,12.23721,0.00,0.00
2016.02.23 18:12:48.612,12.23372,12.23731,0.00,0.00
2016.02.23 18:12:49.222,12.23372,12.2373,0.00,0.00
2016.02.23 18:12:49.636,12.23372,12.2367,0.00,0.00
2016.02.23 18:12:49.833,12.23321,12.23691,0.00,0.00
2016.02.23 18:12:49.883,12.23321,12.23641,0.00,0.00
2016.02.23 18:12:50.220,12.2335,12.23691,0.00,0.00
2016.02.23 18:12:50.321,12.23369,12.23719,0.00,0.00
2016.02.23 18:12:50.541,12.23369,12.2371,0.00,0.00
2016.02.23 18:12:50.720,12.23369,12.23719,0.00,0.00
2016.02.23 18:12:51.190,12.23372,12.23721,0.00,0.00
2016.02.23 18:12:51.931,12.23372,12.2372,0.00,0.00
2016.02.23 18:12:52.241,12.23372,12.23671,0.00,0.00
2016.02.23 18:12:52.374,12.23372,12.2369,0.00,0.00
2016.02.23 18:12:52.555,12.23322,12.2369,0.00,0.00
2016.02.23 18:12:53.164,12.23322,12.23691,0.00,0.00
2016.02.23 18:12:53.808,12.23322,12.23642,0.00,0.00
2016.02.23 18:12:53.909,12.23299,12.23642,0.00,0.00
2016.02.23 18:12:53.960,12.23271,12.2364,0.00,0.00
2016.02.23 18:12:54.060,12.23318,12.23669,0.00,0.00
2016.02.23 18:12:54.431,12.23368,12.23669,0.00,0.00
2016.02.23 18:12:54.617,12.23372,12.23721,0.00,0.00
2016.02.23 18:12:55.188,12.23372,12.23741,0.00,0.00
2016.02.23 18:12:55.349,12.23368,12.23669,0.00,0.00
2016.02.23 18:12:55.400,12.233,12.2364,0.00,0.00
2016.02.23 18:12:55.454,12.233,12.23642,0.00,0.00
2016.02.23 18:12:55.605,12.23319,12.23669,0.00,0.00
2016.02.23 18:12:56.229,12.233,12.23641,0.00,0.00
2016.02.23 18:12:56.279,12.2328,12.2364,0.00,0.00
2016.02.23 18:12:56.795,12.23279,12.23641,0.00,0.00
2016.02.23 18:12:57.519,12.23321,12.23641,0.00,0.00
2016.02.23 18:12:57.569,12.23329,12.23692,0.00,0.00
2016.02.23 18:12:57.670,12.2335,12.23692,0.00,0.00
2016.02.23 18:12:57.768,12.23369,12.23719,0.00,0.00
2016.02.23 18:12:58.920,12.23372,12.23721,0.00,0.00
2016.02.23 18:12:59.513,12.23372,12.2372,0.00,0.00
2016.02.23 18:12:59.969,12.23372,12.23741,0.00,0.00
2016.02.23 18:13:00.086,12.23372,12.23721,0.00,0.00
2016.02.23 18:13:00.417,12.23372,12.2371,0.00,0.00
2016.02.23 18:13:00.720,12.23372,12.23721,0.00,0.00
2016.02.23 18:13:01.249,12.23372,12.2372,0.00,0.00
2016.02.23 18:13:01.722,12.23372,12.2373,0.00,0.00
2016.02.23 18:13:02.567,12.23372,12.23731,0.00,0.00
2016.02.23 18:13:02.716,12.23369,12.23718,0.00,0.00
2016.02.23 18:13:02.979,12.23322,12.23692,0.00,0.00
2016.02.23 18:13:03.080,12.2333,12.23642,0.00,0.00
2016.02.23 18:13:03.282,12.23368,12.23718,0.00,0.00
2016.02.23 18:13:04.166,12.23371,12.2372,0.00,0.00
2016.02.23 18:13:04.486,12.23371,12.237,0.00,0.00
2016.02.23 18:13:04.686,12.23371,12.2373,0.00,0.00
2016.02.23 18:13:04.987,12.23371,12.2372,0.00,0.00
2016.02.23 18:13:05.690,12.23371,12.23721,0.00,0.00
2016.02.23 18:13:06.003,12.2341,12.2374,0.00,0.00
2016.02.23 18:13:06.197,12.23371,12.2373,0.00,0.00
2016.02.23 18:13:06.705,12.23371,12.23721,0.00,0.00
2016.02.23 18:13:07.091,12.23371,12.23711,0.00,0.00
2016.02.23 18:13:07.594,12.23371,12.2371,0.00,0.00
2016.02.23 18:13:07.898,12.23371,12.23701,0.00,0.00
2016.02.23 18:13:08.145,12.23371,12.23711,0.00,0.00
2016.02.23 18:13:08.801,12.23371,12.2371,0.00,0.00
2016.02.23 18:13:09.404,12.23371,12.23741,0.00,0.00
2016.02.23 18:13:10.010,12.23371,12.2374,0.00,0.00
2016.02.23 18:13:10.555,12.23371,12.23741,0.00,0.00
2016.02.23 18:13:10.717,12.23399,12.23741,0.00,0.00
2016.02.23 18:13:11.054,12.23371,12.2371,0.00,0.00
2016.02.23 18:13:11.452,12.23371,12.2372,0.00,0.00
2016.02.23 18:13:12.039,12.23371,12.2371,0.00,0.00
2016.02.23 18:13:12.403,12.23371,12.237,0.00,0.00
2016.02.23 18:13:13.060,12.23371,12.23701,0.00,0.00
2016.02.23 18:13:13.245,12.23371,12.2371,0.00,0.00
2016.02.23 18:13:13.342,12.23371,12.23701,0.00,0.00
2016.02.23 18:13:13.871,12.23371,12.23641,0.00,0.00
2016.02.23 18:13:13.972,12.23318,12.2364,0.00,0.00
2016.02.23 18:13:14.048,12.233,12.2364,0.00,0.00
2016.02.23 18:13:14.099,12.23272,12.2364,0.00,0.00
2016.02.23 18:13:14.858,12.23272,12.23641,0.00,0.00
2016.02.23 18:13:15.027,12.23272,12.23631,0.00,0.00
2016.02.23 18:13:15.363,12.23272,12.2359,0.00,0.00
2016.02.23 18:13:15.664,12.23279,12.23611,0.00,0.00
2016.02.23 18:13:15.775,12.23272,12.2361,0.00,0.00
2016.02.23 18:13:15.965,12.23272,12.23621,0.00,0.00
2016.02.23 18:13:16.266,12.23272,12.2363,0.00,0.00
2016.02.23 18:13:16.367,12.23272,12.2361,0.00,0.00
2016.02.23 18:13:16.790,12.23222,12.23511,0.00,0.00
2016.02.23 18:13:17.119,12.23222,12.23501,0.00,0.00
2016.02.23 18:13:17.511,12.23222,12.2349,0.00,0.00
2016.02.23 18:13:17.821,12.23222,12.23481,0.00,0.00
2016.02.23 18:13:17.982,12.23172,12.23481,0.00,0.00
2016.02.23 18:13:18.490,12.23172,12.2348,0.00,0.00
2016.02.23 18:13:19.004,12.23172,12.23481,0.00,0.00
2016.02.23 18:13:19.313,12.23172,12.23451,0.00,0.00
2016.02.23 18:13:19.364,12.23121,12.23451,0.00,0.00
2016.02.23 18:13:19.464,12.23121,12.23481,0.00,0.00
2016.02.23 18:13:19.995,12.23121,12.23471,0.00,0.00
2016.02.23 18:13:20.320,12.23121,12.2343,0.00,0.00
2016.02.23 18:13:20.631,12.23121,12.23421,0.00,0.00
2016.02.23 18:13:20.838,12.23071,12.23421,0.00,0.00
2016.02.23 18:13:20.890,12.23071,12.23411,0.00,0.00
2016.02.23 18:13:21.322,12.23168,12.2341,0.00,0.00
2016.02.23 18:13:21.422,12.23171,12.2347,0.00,0.00
2016.02.23 18:13:21.796,12.23171,12.23451,0.00,0.00
2016.02.23 18:13:21.897,12.23171,12.2347,0.00,0.00
2016.02.23 18:13:22.414,12.23171,12.23471,0.00,0.00
2016.02.23 18:13:22.515,12.23171,12.23532,0.00,0.00
2016.02.23 18:13:22.566,12.23171,12.23541,0.00,0.00
2016.02.23 18:13:22.822,12.23171,12.2352,0.00,0.00
2016.02.23 18:13:23.144,12.23171,12.23501,0.00,0.00
2016.02.23 18:13:23.910,12.23171,12.23511,0.00,0.00
2016.02.23 18:13:24.452,12.23171,12.2351,0.00,0.00
2016.02.23 18:13:24.654,12.23269,12.23511,0.00,0.00
2016.02.23 18:13:24.705,12.23171,12.2353,0.00,0.00
2016.02.23 18:13:25.027,12.23171,12.23521,0.00,0.00
2016.02.23 18:13:25.508,12.23171,12.23511,0.00,0.00
2016.02.23 18:13:26.619,12.23171,12.2351,0.00,0.00
2016.02.23 18:13:26.926,12.23268,12.2354,0.00,0.00
2016.02.23 18:13:27.029,12.23221,12.23541,0.00,0.00
2016.02.23 18:13:27.531,12.23221,12.2354,0.00,0.00
2016.02.23 18:13:28.218,12.23221,12.23541,0.00,0.00
2016.02.23 18:13:28.269,12.23171,12.23541,0.00,0.00
2016.02.23 18:13:28.635,12.23171,12.2344,0.00,0.00
2016.02.23 18:13:28.736,12.23171,12.2345,0.00,0.00
2016.02.23 18:13:28.937,12.23171,12.2349,0.00,0.00
2016.02.23 18:13:29.038,12.23171,12.2351,0.00,0.00
2016.02.23 18:13:29.139,12.23171,12.2353,0.00,0.00
2016.02.23 18:13:29.422,12.23171,12.2348,0.00,0.00
2016.02.23 18:13:29.473,12.23171,12.2349,0.00,0.00
2016.02.23 18:13:29.736,12.23171,12.23511,0.00,0.00
2016.02.23 18:13:30.127,12.23171,12.235,0.00,0.00
2016.02.23 18:13:30.729,12.23171,12.23501,0.00,0.00
2016.02.23 18:13:31.039,12.23171,12.23531,0.00,0.00
2016.02.23 18:13:31.590,12.23171,12.2353,0.00,0.00
2016.02.23 18:13:31.640,12.23171,12.2352,0.00,0.00
2016.02.23 18:13:31.990,12.23171,12.23491,0.00,0.00
2016.02.23 18:13:32.533,12.23171,12.23471,0.00,0.00
2016.02.23 18:13:32.865,12.23171,12.23491,0.00,0.00
2016.02.23 18:13:33.641,12.23171,12.2349,0.00,0.00
2016.02.23 18:13:34.087,12.23171,12.2348,0.00,0.00
2016.02.23 18:13:34.188,12.23171,12.23491,0.00,0.00
2016.02.23 18:13:34.681,12.23171,12.23501,0.00,0.00
2016.02.23 18:13:34.781,12.23171,12.23511,0.00,0.00
2016.02.23 18:13:34.882,12.23171,12.23531,0.00,0.00
2016.02.23 18:13:35.853,12.23171,12.2353,0.00,0.00
2016.02.23 18:13:36.555,12.23171,12.23531,0.00,0.00
2016.02.23 18:13:36.656,12.23171,12.2352,0.00,0.00
2016.02.23 18:13:37.162,12.23171,12.23521,0.00,0.00
2016.02.23 18:13:37.555,12.23221,12.23521,0.00,0.00
2016.02.23 18:13:37.706,12.23249,12.23592,0.00,0.00
2016.02.23 18:13:37.968,12.23268,12.23601,0.00,0.00
2016.02.23 18:13:38.862,12.23268,12.236,0.00,0.00
2016.02.23 18:13:39.168,12.23318,12.2364,0.00,0.00
2016.02.23 18:13:39.283,12.23271,12.2364,0.00,0.00
2016.02.23 18:13:39.364,12.23271,12.23631,0.00,0.00
2016.02.23 18:13:39.976,12.23271,12.2362,0.00,0.00
2016.02.23 18:13:40.285,12.23271,12.23581,0.00,0.00
2016.02.23 18:13:40.386,12.23219,12.2354,0.00,0.00
2016.02.23 18:13:40.487,12.23179,12.23492,0.00,0.00
2016.02.23 18:13:40.818,12.23172,12.234,0.00,0.00
2016.02.23 18:13:41.053,12.23071,12.234,0.00,0.00
2016.02.23 18:13:41.635,12.23071,12.23401,0.00,0.00
2016.02.23 18:13:41.772,12.23071,12.2338,0.00,0.00
2016.02.23 18:13:42.273,12.23071,12.23381,0.00,0.00
2016.02.23 18:13:42.697,12.23071,12.23371,0.00,0.00
2016.02.23 18:13:42.955,12.23068,12.23371,0.00,0.00
2016.02.23 18:13:43.006,12.23049,12.23371,0.00,0.00
2016.02.23 18:13:43.107,12.23022,12.23311,0.00,0.00
2016.02.23 18:13:43.508,12.23022,12.23291,0.00,0.00
2016.02.23 18:13:44.281,12.23022,12.2329,0.00,0.00
2016.02.23 18:13:44.405,12.22971,12.23281,0.00,0.00
2016.02.23 18:13:44.984,12.22971,12.2328,0.00,0.00
2016.02.23 18:13:45.085,12.22971,12.2327,0.00,0.00
2016.02.23 18:13:45.508,12.22971,12.23281,0.00,0.00
2016.02.23 18:13:45.809,12.22971,12.23271,0.00,0.00
2016.02.23 18:13:45.910,12.22971,12.23291,0.00,0.00
2016.02.23 18:13:46.489,12.22971,12.2329,0.00,0.00
2016.02.23 18:13:46.611,12.22971,12.23301,0.00,0.00
2016.02.23 18:13:46.867,12.22971,12.233,0.00,0.00
2016.02.23 18:13:47.091,12.22971,12.23311,0.00,0.00
2016.02.23 18:13:47.613,12.22971,12.23301,0.00,0.00
2016.02.23 18:13:47.794,12.22971,12.23311,0.00,0.00
2016.02.23 18:13:48.044,12.22971,12.23301,0.00,0.00
2016.02.23 18:13:48.254,12.22971,12.2333,0.00,0.00
2016.02.23 18:13:48.798,12.22971,12.23331,0.00,0.00
2016.02.23 18:13:49.099,12.22971,12.23321,0.00,0.00
2016.02.23 18:13:49.625,12.22971,12.2332,0.00,0.00
2016.02.23 18:13:49.928,12.23022,12.23371,0.00,0.00
2016.02.23 18:13:50.519,12.23068,12.23401,0.00,0.00
2016.02.23 18:13:50.619,12.23068,12.23418,0.00,0.00
2016.02.23 18:13:50.720,12.23022,12.23342,0.00,0.00
2016.02.23 18:13:50.918,12.23049,12.23391,0.00,0.00
2016.02.23 18:13:51.069,12.23071,12.23391,0.00,0.00
2016.02.23 18:13:51.170,12.23071,12.2342,0.00,0.00
2016.02.23 18:13:51.444,12.23079,12.23441,0.00,0.00
2016.02.23 18:13:51.507,12.23071,12.23441,0.00,0.00
2016.02.23 18:13:51.713,12.23118,12.23469,0.00,0.00
2016.02.23 18:13:52.060,12.23171,12.2352,0.00,0.00
2016.02.23 18:13:52.216,12.23171,12.23531,0.00,0.00
2016.02.23 18:13:52.310,12.23171,12.23521,0.00,0.00
2016.02.23 18:13:52.611,12.23171,12.2353,0.00,0.00
2016.02.23 18:13:53.540,12.23171,12.2351,0.00,0.00
2016.02.23 18:13:53.787,12.23071,12.23431,0.00,0.00
2016.02.23 18:13:54.316,12.23071,12.2343,0.00,0.00
2016.02.23 18:13:55.266,12.23122,12.2343,0.00,0.00
2016.02.23 18:13:55.367,12.23122,12.23442,0.00,0.00
2016.02.23 18:13:55.468,12.23122,12.23491,0.00,0.00
2016.02.23 18:13:56.324,12.23122,12.2349,0.00,0.00
2016.02.23 18:13:56.875,12.23172,12.2349,0.00,0.00
2016.02.23 18:13:56.926,12.23172,12.2353,0.00,0.00
2016.02.23 18:13:58.051,12.23172,12.23531,0.00,0.00
2016.02.23 18:13:58.431,12.23172,12.2354,0.00,0.00
2016.02.23 18:13:58.936,12.23172,12.23541,0.00,0.00
2016.02.23 18:13:59.534,12.23172,12.2354,0.00,0.00
2016.02.23 18:14:00.288,12.23268,12.2354,0.00,0.00
2016.02.23 18:14:00.389,12.23269,12.23619,0.00,0.00
2016.02.23 18:14:01.064,12.23221,12.23521,0.00,0.00
2016.02.23 18:14:01.165,12.23221,12.23531,0.00,0.00
2016.02.23 18:14:01.708,12.23171,12.23531,0.00,0.00
2016.02.23 18:14:02.708,12.23268,12.23531,0.00,0.00
2016.02.23 18:14:02.758,12.23268,12.23569,0.00,0.00
2016.02.23 18:14:02.809,12.23271,12.2364,0.00,0.00
2016.02.23 18:14:03.344,12.23271,12.23641,0.00,0.00
2016.02.23 18:14:03.395,12.23271,12.2354,0.00,0.00
2016.02.23 18:14:03.496,12.23171,12.23521,0.00,0.00
2016.02.23 18:14:03.977,12.23171,12.23531,0.00,0.00
2016.02.23 18:14:04.408,12.23268,12.23531,0.00,0.00
2016.02.23 18:14:04.460,12.23271,12.23611,0.00,0.00
2016.02.23 18:14:04.967,12.23271,12.2352,0.00,0.00
2016.02.23 18:14:05.118,12.23172,12.23521,0.00,0.00
2016.02.23 18:14:05.170,12.23172,12.23511,0.00,0.00
2016.02.23 18:14:05.479,12.23172,12.23521,0.00,0.00
2016.02.23 18:14:06.280,12.2321,12.23542,0.00,0.00
2016.02.23 18:14:06.331,12.23218,12.23568,0.00,0.00
2016.02.23 18:14:06.381,12.23271,12.23592,0.00,0.00
2016.02.23 18:14:06.687,12.23271,12.2359,0.00,0.00
2016.02.23 18:14:06.989,12.23171,12.23541,0.00,0.00
2016.02.23 18:14:07.159,12.23171,12.23511,0.00,0.00
2016.02.23 18:14:07.728,12.23171,12.2351,0.00,0.00
2016.02.23 18:14:08.062,12.23171,12.23501,0.00,0.00
2016.02.23 18:14:08.212,12.23171,12.2351,0.00,0.00
2016.02.23 18:14:08.785,12.23171,12.23511,0.00,0.00
2016.02.23 18:14:08.966,12.23171,12.23411,0.00,0.00
2016.02.23 18:14:09.016,12.23121,12.23411,0.00,0.00
2016.02.23 18:14:09.067,12.23121,12.234,0.00,0.00
2016.02.23 18:14:09.590,12.23121,12.23421,0.00,0.00
2016.02.23 18:14:09.691,12.23121,12.2341,0.00,0.00
2016.02.23 18:14:10.007,12.23121,12.2342,0.00,0.00
2016.02.23 18:14:10.108,12.23121,12.2344,0.00,0.00
2016.02.23 18:14:10.310,12.23121,12.2341,0.00,0.00
2016.02.23 18:14:10.410,12.23071,12.2341,0.00,0.00
2016.02.23 18:14:10.511,12.2309,12.2342,0.00,0.00
2016.02.23 18:14:10.612,12.23071,12.23411,0.00,0.00
2016.02.23 18:14:10.872,12.23071,12.23421,0.00,0.00
2016.02.23 18:14:10.973,12.23071,12.23401,0.00,0.00
2016.02.23 18:14:12.075,12.23071,12.234,0.00,0.00
2016.02.23 18:14:12.510,12.23071,12.2342,0.00,0.00
2016.02.23 18:14:12.697,12.23119,12.23421,0.00,0.00
2016.02.23 18:14:13.079,12.23122,12.2342,0.00,0.00
2016.02.23 18:14:13.881,12.23122,12.23421,0.00,0.00
2016.02.23 18:14:14.011,12.23068,12.23419,0.00,0.00
2016.02.23 18:14:14.062,12.23049,12.23392,0.00,0.00
2016.02.23 18:14:14.418,12.23021,12.23331,0.00,0.00
2016.02.23 18:14:14.897,12.23021,12.23321,0.00,0.00
2016.02.23 18:14:14.998,12.23021,12.23371,0.00,0.00
2016.02.23 18:14:15.118,12.23068,12.2337,0.00,0.00
2016.02.23 18:14:15.318,12.23068,12.23381,0.00,0.00
2016.02.23 18:14:15.387,12.23071,12.23381,0.00,0.00
2016.02.23 18:14:15.497,12.23118,12.2345,0.00,0.00
2016.02.23 18:14:15.857,12.23099,12.23441,0.00,0.00
2016.02.23 18:14:15.908,12.23071,12.23441,0.00,0.00
2016.02.23 18:14:16.009,12.23071,12.23421,0.00,0.00
2016.02.23 18:14:16.800,12.23071,12.2342,0.00,0.00
2016.02.23 18:14:17.217,12.23071,12.23441,0.00,0.00
2016.02.23 18:14:19.100,12.23071,12.2344,0.00,0.00
2016.02.23 18:14:21.215,12.23021,12.2333,0.00,0.00
2016.02.23 18:14:21.423,12.23021,12.23371,0.00,0.00
2016.02.23 18:14:22.005,12.23021,12.2337,0.00,0.00
2016.02.23 18:14:22.441,12.23021,12.23392,0.00,0.00
2016.02.23 18:14:22.491,12.23068,12.234,0.00,0.00
2016.02.23 18:14:22.795,12.23071,12.23341,0.00,0.00
2016.02.23 18:14:22.845,12.23071,12.23381,0.00,0.00
2016.02.23 18:14:23.226,12.23071,12.23391,0.00,0.00
2016.02.23 18:14:23.277,12.23071,12.234,0.00,0.00
2016.02.23 18:14:23.328,12.23071,12.2341,0.00,0.00
2016.02.23 18:14:23.635,12.23071,12.23401,0.00,0.00
2016.02.23 18:14:24.405,12.23071,12.23391,0.00,0.00
2016.02.23 18:14:24.625,12.22971,12.23331,0.00,0.00
2016.02.23 18:14:24.726,12.22971,12.2331,0.00,0.00
2016.02.23 18:14:25.370,12.22971,12.23311,0.00,0.00
2016.02.23 18:14:25.727,12.22999,12.23341,0.00,0.00
2016.02.23 18:14:25.926,12.22971,12.23341,0.00,0.00
2016.02.23 18:14:26.128,12.23019,12.23341,0.00,0.00
2016.02.23 18:14:26.229,12.23022,12.23391,0.00,0.00
2016.02.23 18:14:26.330,12.23049,12.23381,0.00,0.00
2016.02.23 18:14:26.431,12.23049,12.23391,0.00,0.00
2016.02.23 18:14:26.482,12.23068,12.23411,0.00,0.00
2016.02.23 18:14:26.583,12.2305,12.23391,0.00,0.00
2016.02.23 18:14:26.933,12.23022,12.2334,0.00,0.00
2016.02.23 18:14:27.483,12.23022,12.23341,0.00,0.00
2016.02.23 18:14:28.126,12.23022,12.2334,0.00,0.00
2016.02.23 18:14:29.278,12.23022,12.23341,0.00,0.00
2016.02.23 18:14:29.433,12.23069,12.23418,0.00,0.00
2016.02.23 18:14:30.132,12.23022,12.23341,0.00,0.00
2016.02.23 18:14:30.513,12.22972,12.2334,0.00,0.00
2016.02.23 18:14:30.834,12.22972,12.2333,0.00,0.00
2016.02.23 18:14:31.245,12.22972,12.2331,0.00,0.00
2016.02.23 18:14:32.338,12.22972,12.23311,0.00,0.00
2016.02.23 18:14:32.642,12.22922,12.2327,0.00,0.00
2016.02.23 18:14:32.743,12.22968,12.23301,0.00,0.00
2016.02.23 18:14:33.141,12.22968,12.23311,0.00,0.00
2016.02.23 18:14:33.542,12.22968,12.23318,0.00,0.00
2016.02.23 18:14:33.642,12.2297,12.23318,0.00,0.00
2016.02.23 18:14:33.944,12.2305,12.2336,0.00,0.00
2016.02.23 18:14:34.045,12.23022,12.2339,0.00,0.00
2016.02.23 18:14:34.247,12.23022,12.23341,0.00,0.00
2016.02.23 18:14:34.570,12.23022,12.23331,0.00,0.00
2016.02.23 18:14:34.835,12.2295,12.23292,0.00,0.00
2016.02.23 18:14:34.886,12.22921,12.23292,0.00,0.00
2016.02.23 18:14:35.247,12.22921,12.23242,0.00,0.00
2016.02.23 18:14:35.624,12.22968,12.23302,0.00,0.00
2016.02.23 18:14:35.724,12.22949,12.23292,0.00,0.00
2016.02.23 18:14:35.775,12.22921,12.23292,0.00,0.00
2016.02.23 18:14:35.876,12.22921,12.2329,0.00,0.00
2016.02.23 18:14:36.405,12.22921,12.23291,0.00,0.00
2016.02.23 18:14:36.727,12.22899,12.23242,0.00,0.00
2016.02.23 18:14:36.777,12.22871,12.23241,0.00,0.00
2016.02.23 18:14:37.255,12.22871,12.23231,0.00,0.00
2016.02.23 18:14:37.657,12.22871,12.2324,0.00,0.00
2016.02.23 18:14:38.158,12.22871,12.23241,0.00,0.00
2016.02.23 18:14:38.831,12.22871,12.23231,0.00,0.00
2016.02.23 18:14:39.208,12.22871,12.23211,0.00,0.00
2016.02.23 18:14:40.065,12.22871,12.23241,0.00,0.00
2016.02.23 18:14:40.868,12.22871,12.2324,0.00,0.00
2016.02.23 18:14:41.269,12.22871,12.2322,0.00,0.00
2016.02.23 18:14:41.801,12.22871,12.23221,0.00,0.00
2016.02.23 18:14:42.087,12.22871,12.23241,0.00,0.00
2016.02.23 18:14:42.774,12.22871,12.2323,0.00,0.00
2016.02.23 18:14:43.176,12.22871,12.23211,0.00,0.00
2016.02.23 18:14:43.577,12.22871,12.23201,0.00,0.00
2016.02.23 18:14:43.760,12.22868,12.23201,0.00,0.00
2016.02.23 18:14:43.811,12.22868,12.2313,0.00,0.00
2016.02.23 18:14:43.862,12.22821,12.2313,0.00,0.00
2016.02.23 18:14:44.013,12.22821,12.23141,0.00,0.00
2016.02.23 18:14:44.222,12.22821,12.23121,0.00,0.00
2016.02.23 18:14:44.781,12.22821,12.2312,0.00,0.00
2016.02.23 18:14:45.082,12.22821,12.2313,0.00,0.00
2016.02.23 18:14:45.133,12.22772,12.2313,0.00,0.00
2016.02.23 18:14:45.184,12.22772,12.2312,0.00,0.00
2016.02.23 18:14:45.383,12.22772,12.2314,0.00,0.00
2016.02.23 18:14:45.919,12.22772,12.23141,0.00,0.00
2016.02.23 18:14:46.522,12.22772,12.2314,0.00,0.00
2016.02.23 18:14:46.732,12.2285,12.2318,0.00,0.00
2016.02.23 18:14:46.788,12.22849,12.23191,0.00,0.00
2016.02.23 18:14:47.040,12.22869,12.23219,0.00,0.00
2016.02.23 18:14:48.043,12.22871,12.23221,0.00,0.00
2016.02.23 18:14:49.311,12.22871,12.23211,0.00,0.00
2016.02.23 18:14:49.413,12.22871,12.2322,0.00,0.00
2016.02.23 18:14:49.973,12.22871,12.23221,0.00,0.00
2016.02.23 18:14:50.560,12.22871,12.23221,0.00,0.00
2016.02.23 18:14:51.119,12.22871,12.23221,0.00,0.00
2016.02.23 18:14:51.217,12.22871,12.23231,0.00,0.00
2016.02.23 18:14:51.418,12.22871,12.23241,0.00,0.00
2016.02.23 18:14:51.934,12.22871,12.23241,0.00,0.00
2016.02.23 18:14:52.227,12.22871,12.23225,0.00,0.00
2016.02.23 18:14:52.819,12.22871,12.23225,0.00,0.00
2016.02.23 18:14:53.653,12.22871,12.23231,0.00,0.00
2016.02.23 18:14:53.725,12.22871,12.2324,0.00,0.00
2016.02.23 18:14:54.328,12.22871,12.23231,0.00,0.00
2016.02.23 18:14:54.830,12.22871,12.2323,0.00,0.00
2016.02.23 18:14:55.894,12.22871,12.2324,0.00,0.00
2016.02.23 18:14:56.611,12.22871,12.23241,0.00,0.00
2016.02.23 18:14:56.675,12.22871,12.23231,0.00,0.00
2016.02.23 18:14:56.863,12.22871,12.23241,0.00,0.00
2016.02.23 18:14:57.336,12.22871,12.23231,0.00,0.00
2016.02.23 18:14:57.495,12.22771,12.23141,0.00,0.00
2016.02.23 18:14:57.664,12.22771,12.23111,0.00,0.00
2016.02.23 18:14:58.248,12.22771,12.2311,0.00,0.00
2016.02.23 18:14:58.807,12.22721,12.23041,0.00,0.00
2016.02.23 18:14:59.109,12.22721,12.2303,0.00,0.00
2016.02.23 18:14:59.411,12.22721,12.2301,0.00,0.00
2016.02.23 18:14:59.641,12.22649,12.22951,0.00,0.00
2016.02.23 18:14:59.742,12.22622,12.22941,0.00,0.00
2016.02.23 18:14:59.893,12.22669,12.23001,0.00,0.00
2016.02.23 18:14:59.950,12.22669,12.22981,0.00,0.00
2016.02.23 18:15:00.051,12.22669,12.23018,0.00,0.00
2016.02.23 18:15:00.239,12.22622,12.2294,0.00,0.00
2016.02.23 18:15:00.552,12.22622,12.22921,0.00,0.00
2016.02.23 18:15:00.668,12.22622,12.22941,0.00,0.00
2016.02.23 18:15:00.954,12.22571,12.22941,0.00,0.00
2016.02.23 18:15:01.355,12.22571,12.2293,0.00,0.00
2016.02.23 18:15:01.757,12.22571,12.22891,0.00,0.00
2016.02.23 18:15:02.061,12.22571,12.22841,0.00,0.00
2016.02.23 18:15:02.371,12.22522,12.22841,0.00,0.00
2016.02.23 18:15:03.164,12.22522,12.2284,0.00,0.00
2016.02.23 18:15:03.694,12.22522,12.22841,0.00,0.00
2016.02.23 18:15:03.795,12.22471,12.22841,0.00,0.00
2016.02.23 18:15:04.368,12.22471,12.2284,0.00,0.00
2016.02.23 18:15:04.970,12.22471,12.22841,0.00,0.00
2016.02.23 18:15:05.414,12.22568,12.22841,0.00,0.00
2016.02.23 18:15:05.515,12.22572,12.22921,0.00,0.00
2016.02.23 18:15:05.572,12.22572,12.22911,0.00,0.00
2016.02.23 18:15:05.874,12.22572,12.2284,0.00,0.00
2016.02.23 18:15:06.176,12.22472,12.22821,0.00,0.00
2016.02.23 18:15:06.859,12.22472,12.2282,0.00,0.00
2016.02.23 18:15:07.396,12.22472,12.2284,0.00,0.00
2016.02.23 18:15:07.597,12.2248,12.2284,0.00,0.00
2016.02.23 18:15:08.437,12.22521,12.2284,0.00,0.00
2016.02.23 18:15:08.488,12.22521,12.2288,0.00,0.00
2016.02.23 18:15:08.589,12.2255,12.22892,0.00,0.00
2016.02.23 18:15:08.715,12.22568,12.22919,0.00,0.00
2016.02.23 18:15:09.991,12.22571,12.2294,0.00,0.00
2016.02.23 18:15:10.590,12.22571,12.22941,0.00,0.00
2016.02.23 18:15:10.640,12.22671,12.22941,0.00,0.00
2016.02.23 18:15:10.691,12.22671,12.2298,0.00,0.00
2016.02.23 18:15:10.792,12.22671,12.23021,0.00,0.00
2016.02.23 18:15:11.208,12.22671,12.23011,0.00,0.00
2016.02.23 18:15:12.222,12.22671,12.2303,0.00,0.00
2016.02.23 18:15:12.272,12.22721,12.2303,0.00,0.00
2016.02.23 18:15:12.323,12.22768,12.23081,0.00,0.00
2016.02.23 18:15:12.424,12.22768,12.23061,0.00,0.00
2016.02.23 18:15:12.525,12.22768,12.2307,0.00,0.00
2016.02.23 18:15:12.625,12.22721,12.2304,0.00,0.00
2016.02.23 18:15:12.727,12.22721,12.23031,0.00,0.00
2016.02.23 18:15:12.804,12.22721,12.2304,0.00,0.00
2016.02.23 18:15:12.908,12.22721,12.23031,0.00,0.00
2016.02.23 18:15:13.146,12.22721,12.23041,0.00,0.00
2016.02.23 18:15:13.667,12.22671,12.23041,0.00,0.00
2016.02.23 18:15:14.276,12.22671,12.2304,0.00,0.00
2016.02.23 18:15:14.936,12.22671,12.23041,0.00,0.00
2016.02.23 18:15:15.512,12.22671,12.2304,0.00,0.00
2016.02.23 18:15:16.113,12.22671,12.23031,0.00,0.00
2016.02.23 18:15:16.766,12.22671,12.23021,0.00,0.00
2016.02.23 18:15:16.816,12.22671,12.23031,0.00,0.00
2016.02.23 18:15:17.618,12.22671,12.23021,0.00,0.00
2016.02.23 18:15:18.022,12.22671,12.23011,0.00,0.00
2016.02.23 18:15:19.024,12.22671,12.2301,0.00,0.00
2016.02.23 18:15:20.027,12.22671,12.23011,0.00,0.00
2016.02.23 18:15:20.930,12.22671,12.2301,0.00,0.00
2016.02.23 18:15:21.142,12.22671,12.23021,0.00,0.00
2016.02.23 18:15:21.666,12.22671,12.2302,0.00,0.00
2016.02.23 18:15:21.850,12.22668,12.23018,0.00,0.00
2016.02.23 18:15:21.900,12.2265,12.22991,0.00,0.00
2016.02.23 18:15:22.207,12.22622,12.22941,0.00,0.00
2016.02.23 18:15:22.753,12.22622,12.2294,0.00,0.00
2016.02.23 18:15:23.081,12.22622,12.22992,0.00,0.00
2016.02.23 18:15:26.173,12.22622,12.2294,0.00,0.00
2016.02.23 18:15:26.274,12.22571,12.22941,0.00,0.00
2016.02.23 18:15:27.050,12.22571,12.22931,0.00,0.00
2016.02.23 18:15:27.552,12.22571,12.2293,0.00,0.00
2016.02.23 18:15:28.354,12.22571,12.22931,0.00,0.00
2016.02.23 18:15:29.057,12.22571,12.22921,0.00,0.00
2016.02.23 18:15:29.524,12.22522,12.22841,0.00,0.00
2016.02.23 18:15:29.853,12.22522,12.2283,0.00,0.00
2016.02.23 18:15:30.514,12.22522,12.22831,0.00,0.00
2016.02.23 18:15:30.913,12.22471,12.2283,0.00,0.00
2016.02.23 18:15:31.066,12.22471,12.2284,0.00,0.00
2016.02.23 18:15:31.187,12.22471,12.22831,0.00,0.00
2016.02.23 18:15:31.551,12.22471,12.22798,0.00,0.00
2016.02.23 18:15:31.853,12.22271,12.22581,0.00,0.00
2016.02.23 18:15:31.903,12.2231,12.2264,0.00,0.00
2016.02.23 18:15:32.004,12.2228,12.2264,0.00,0.00
2016.02.23 18:15:32.069,12.22271,12.2264,0.00,0.00
2016.02.23 18:15:32.271,12.22299,12.22641,0.00,0.00
2016.02.23 18:15:32.873,12.223,12.22641,0.00,0.00
2016.02.23 18:15:33.073,12.22271,12.22641,0.00,0.00
2016.02.23 18:15:33.341,12.22319,12.22641,0.00,0.00
2016.02.23 18:15:33.391,12.2233,12.22691,0.00,0.00
2016.02.23 18:15:33.492,12.2235,12.22691,0.00,0.00
2016.02.23 18:15:33.593,12.22368,12.22718,0.00,0.00
2016.02.23 18:15:34.703,12.22371,12.22741,0.00,0.00
2016.02.23 18:15:35.206,12.22371,12.22731,0.00,0.00
2016.02.23 18:15:35.746,12.22371,12.22691,0.00,0.00
2016.02.23 18:15:36.101,12.22321,12.22691,0.00,0.00
2016.02.23 18:15:36.627,12.22321,12.22692,0.00,0.00
2016.02.23 18:15:36.957,12.22368,12.22701,0.00,0.00
2016.02.23 18:15:37.008,12.22368,12.22719,0.00,0.00
2016.02.23 18:15:37.463,12.22372,12.22731,0.00,0.00
2016.02.23 18:15:37.514,12.22372,12.22721,0.00,0.00
2016.02.23 18:15:38.079,12.22372,12.2272,0.00,0.00
2016.02.23 18:15:38.837,12.22372,12.22721,0.00,0.00
2016.02.23 18:15:39.003,12.22372,12.22731,0.00,0.00
2016.02.23 18:15:39.548,12.22372,12.2273,0.00,0.00
2016.02.23 18:15:40.309,12.22372,12.2274,0.00,0.00
2016.02.23 18:15:40.812,12.22372,12.22741,0.00,0.00
2016.02.23 18:15:42.252,12.22372,12.2273,0.00,0.00
2016.02.23 18:15:42.557,12.22421,12.22771,0.00,0.00
2016.02.23 18:15:42.657,12.22421,12.2279,0.00,0.00
2016.02.23 18:15:42.708,12.22469,12.2279,0.00,0.00
2016.02.23 18:15:42.759,12.22469,12.2281,0.00,0.00
2016.02.23 18:15:42.859,12.22469,12.22819,0.00,0.00
2016.02.23 18:15:43.414,12.22468,12.22819,0.00,0.00
2016.02.23 18:15:43.654,12.2251,12.22819,0.00,0.00
2016.02.23 18:15:43.755,12.2249,12.22819,0.00,0.00
2016.02.23 18:15:43.831,12.22468,12.22819,0.00,0.00
2016.02.23 18:15:43.882,12.22472,12.22841,0.00,0.00
2016.02.23 18:15:44.369,12.22472,12.2283,0.00,0.00
2016.02.23 18:15:44.919,12.22472,12.22831,0.00,0.00
2016.02.23 18:15:45.237,12.22472,12.22811,0.00,0.00
2016.02.23 18:15:45.338,12.22472,12.22821,0.00,0.00
2016.02.23 18:15:45.470,12.22472,12.22742,0.00,0.00
2016.02.23 18:15:45.520,12.22449,12.22742,0.00,0.00
2016.02.23 18:15:45.571,12.22389,12.22741,0.00,0.00
2016.02.23 18:15:45.672,12.22372,12.22731,0.00,0.00
2016.02.23 18:15:45.965,12.22372,12.22721,0.00,0.00
2016.02.23 18:15:46.284,12.22319,12.22651,0.00,0.00
2016.02.23 18:15:46.486,12.22318,12.22669,0.00,0.00
2016.02.23 18:15:46.789,12.22368,12.2265,0.00,0.00
2016.02.23 18:15:46.890,12.22368,12.22669,0.00,0.00
2016.02.23 18:15:47.043,12.22319,12.22642,0.00,0.00
2016.02.23 18:15:47.094,12.2228,12.2262,0.00,0.00
2016.02.23 18:15:47.145,12.2228,12.2263,0.00,0.00
2016.02.23 18:15:47.246,12.22279,12.22621,0.00,0.00
2016.02.23 18:15:47.348,12.22279,12.22642,0.00,0.00
2016.02.23 18:15:47.455,12.2232,12.22642,0.00,0.00
2016.02.23 18:15:47.758,12.22371,12.22681,0.00,0.00
2016.02.23 18:15:47.861,12.22371,12.22692,0.00,0.00
2016.02.23 18:15:48.091,12.22371,12.22711,0.00,0.00
2016.02.23 18:15:48.410,12.22371,12.22691,0.00,0.00
2016.02.23 18:15:48.771,12.22371,12.22701,0.00,0.00
2016.02.23 18:15:48.822,12.22371,12.22671,0.00,0.00
2016.02.23 18:15:48.973,12.22371,12.2272,0.00,0.00
2016.02.23 18:15:49.521,12.22371,12.22721,0.00,0.00
2016.02.23 18:15:49.777,12.22371,12.2273,0.00,0.00
2016.02.23 18:15:50.480,12.22371,12.22731,0.00,0.00
2016.02.23 18:15:50.881,12.22371,12.2274,0.00,0.00
2016.02.23 18:15:51.411,12.22371,12.22741,0.00,0.00
2016.02.23 18:15:52.201,12.22371,12.2274,0.00,0.00
2016.02.23 18:15:52.742,12.22371,12.22741,0.00,0.00
2016.02.23 18:15:52.894,12.22521,12.22741,0.00,0.00
2016.02.23 18:15:53.155,12.22521,12.22891,0.00,0.00
2016.02.23 18:15:53.256,12.22568,12.22891,0.00,0.00
2016.02.23 18:15:53.307,12.22568,12.22919,0.00,0.00
2016.02.23 18:15:53.575,12.22618,12.22919,0.00,0.00
2016.02.23 18:15:53.625,12.22621,12.22941,0.00,0.00
2016.02.23 18:15:53.692,12.22621,12.2298,0.00,0.00
2016.02.23 18:15:54.194,12.22621,12.22981,0.00,0.00
2016.02.23 18:15:54.245,12.22621,12.22992,0.00,0.00
2016.02.23 18:15:55.356,12.22678,12.23001,0.00,0.00
2016.02.23 18:15:55.937,12.22678,12.23,0.00,0.00
2016.02.23 18:15:56.344,12.22628,12.22951,0.00,0.00
2016.02.23 18:15:57.263,12.22628,12.22941,0.00,0.00
2016.02.23 18:15:58.317,12.22628,12.2294,0.00,0.00
2016.02.23 18:15:59.220,12.22628,12.22941,0.00,0.00
2016.02.23 18:15:59.723,12.22628,12.2294,0.00,0.00
2016.02.23 18:16:00.408,12.22628,12.22941,0.00,0.00
2016.02.23 18:16:00.935,12.22628,12.2295,0.00,0.00
2016.02.23 18:16:01.238,12.22628,12.2294,0.00,0.00
2016.02.23 18:16:01.338,12.22628,12.2295,0.00,0.00
2016.02.23 18:16:01.575,12.22628,12.2293,0.00,0.00
2016.02.23 18:16:02.090,12.22628,12.22931,0.00,0.00
2016.02.23 18:16:02.642,12.22628,12.2293,0.00,0.00
2016.02.23 18:16:03.244,12.22628,12.2294,0.00,0.00
2016.02.23 18:16:03.345,12.22628,12.2295,0.00,0.00
2016.02.23 18:16:03.948,12.22628,12.22951,0.00,0.00
2016.02.23 18:16:04.236,12.22679,12.2295,0.00,0.00
2016.02.23 18:16:04.387,12.22679,12.23001,0.00,0.00
2016.02.23 18:16:04.650,12.22679,12.22951,0.00,0.00
2016.02.23 18:16:04.861,12.22669,12.22951,0.00,0.00
2016.02.23 18:16:04.912,12.22679,12.22981,0.00,0.00
2016.02.23 18:16:05.013,12.22669,12.22981,0.00,0.00
2016.02.23 18:16:05.152,12.22628,12.2293,0.00,0.00
2016.02.23 18:16:05.253,12.22628,12.2295,0.00,0.00
2016.02.23 18:16:05.756,12.22628,12.22951,0.00,0.00
2016.02.23 18:16:06.557,12.22628,12.2295,0.00,0.00
2016.02.23 18:16:07.160,12.22628,12.22951,0.00,0.00
2016.02.23 18:16:07.316,12.22679,12.22951,0.00,0.00
2016.02.23 18:16:07.467,12.22679,12.23018,0.00,0.00
2016.02.23 18:16:07.683,12.22629,12.2295,0.00,0.00
2016.02.23 18:16:08.383,12.22629,12.22951,0.00,0.00
2016.02.23 18:16:08.769,12.22678,12.22951,0.00,0.00
2016.02.23 18:16:08.953,12.22678,12.22969,0.00,0.00
2016.02.23 18:16:09.004,12.22719,12.22969,0.00,0.00
2016.02.23 18:16:09.070,12.22679,12.22969,0.00,0.00
2016.02.23 18:16:09.423,12.22729,12.22969,0.00,0.00
2016.02.23 18:16:09.595,12.22729,12.23021,0.00,0.00
2016.02.23 18:16:09.874,12.22729,12.23031,0.00,0.00
2016.02.23 18:16:09.974,12.22729,12.23041,0.00,0.00
2016.02.23 18:16:10.648,12.22778,12.23041,0.00,0.00
2016.02.23 18:16:10.699,12.22778,12.23051,0.00,0.00
2016.02.23 18:16:10.800,12.22778,12.23069,0.00,0.00
2016.02.23 18:16:11.026,12.22778,12.2308,0.00,0.00
2016.02.23 18:16:11.178,12.2277,12.2308,0.00,0.00
2016.02.23 18:16:11.279,12.22728,12.23051,0.00,0.00
2016.02.23 18:16:11.640,12.22778,12.23051,0.00,0.00
2016.02.23 18:16:11.690,12.22778,12.2309,0.00,0.00
2016.02.23 18:16:11.809,12.22819,12.23119,0.00,0.00
2016.02.23 18:16:12.178,12.22829,12.23119,0.00,0.00
2016.02.23 18:16:12.433,12.22829,12.23141,0.00,0.00
2016.02.23 18:16:13.030,12.22829,12.2314,0.00,0.00
2016.02.23 18:16:13.587,12.22829,12.23141,0.00,0.00
2016.02.23 18:16:14.088,12.22829,12.2314,0.00,0.00
2016.02.23 18:16:14.712,12.22829,12.23141,0.00,0.00
2016.02.23 18:16:14.995,12.22829,12.23131,0.00,0.00
2016.02.23 18:16:15.358,12.22829,12.23141,0.00,0.00
2016.02.23 18:16:15.835,12.22779,12.23118,0.00,0.00
2016.02.23 18:16:15.899,12.22819,12.23118,0.00,0.00
2016.02.23 18:16:16.200,12.22828,12.23118,0.00,0.00
2016.02.23 18:16:16.551,12.22828,12.2314,0.00,0.00
2016.02.23 18:16:16.602,12.22878,12.23201,0.00,0.00
2016.02.23 18:16:17.404,12.22878,12.232,0.00,0.00
2016.02.23 18:16:17.987,12.22878,12.23201,0.00,0.00
2016.02.23 18:16:18.308,12.22878,12.23121,0.00,0.00
2016.02.23 18:16:18.558,12.22878,12.23131,0.00,0.00
2016.02.23 18:16:18.609,12.22829,12.23131,0.00,0.00
2016.02.23 18:16:19.236,12.22829,12.2313,0.00,0.00
2016.02.23 18:16:19.536,12.22829,12.23141,0.00,0.00
2016.02.23 18:16:19.637,12.22829,12.2313,0.00,0.00
2016.02.23 18:16:20.538,12.22829,12.2315,0.00,0.00
2016.02.23 18:16:21.225,12.22829,12.23151,0.00,0.00
2016.02.23 18:16:22.438,12.22829,12.2315,0.00,0.00
2016.02.23 18:16:23.061,12.22829,12.23151,0.00,0.00
2016.02.23 18:16:23.647,12.22829,12.2315,0.00,0.00
2016.02.23 18:16:24.194,12.22829,12.23151,0.00,0.00
2016.02.23 18:16:24.706,12.22829,12.2315,0.00,0.00
2016.02.23 18:16:24.807,12.22829,12.2314,0.00,0.00
2016.02.23 18:16:25.119,12.22829,12.23121,0.00,0.00
2016.02.23 18:16:25.473,12.22829,12.23111,0.00,0.00
2016.02.23 18:16:26.009,12.22829,12.2312,0.00,0.00
2016.02.23 18:16:26.637,12.22829,12.23121,0.00,0.00
2016.02.23 18:16:27.279,12.22829,12.2312,0.00,0.00
2016.02.23 18:16:27.783,12.22829,12.23121,0.00,0.00
2016.02.23 18:16:28.791,12.22829,12.2312,0.00,0.00
2016.02.23 18:16:29.334,12.22829,12.23121,0.00,0.00
2016.02.23 18:16:29.502,12.22829,12.23091,0.00,0.00
2016.02.23 18:16:29.909,12.22829,12.23101,0.00,0.00
2016.02.23 18:16:30.010,12.22829,12.2313,0.00,0.00
2016.02.23 18:16:30.362,12.22829,12.2312,0.00,0.00
2016.02.23 18:16:30.921,12.22829,12.23111,0.00,0.00
2016.02.23 18:16:31.474,12.22829,12.2311,0.00,0.00
2016.02.23 18:16:31.577,12.22829,12.2315,0.00,0.00
2016.02.23 18:16:31.627,12.22878,12.2315,0.00,0.00
2016.02.23 18:16:31.684,12.22878,12.2321,0.00,0.00
2016.02.23 18:16:31.734,12.2292,12.2321,0.00,0.00
2016.02.23 18:16:32.107,12.22929,12.2321,0.00,0.00
2016.02.23 18:16:32.167,12.22929,12.23219,0.00,0.00
2016.02.23 18:16:32.616,12.22919,12.23219,0.00,0.00
2016.02.23 18:16:32.666,12.22919,12.23201,0.00,0.00
2016.02.23 18:16:32.888,12.22928,12.23211,0.00,0.00
2016.02.23 18:16:33.492,12.22928,12.2321,0.00,0.00
2016.02.23 18:16:33.606,12.2292,12.23201,0.00,0.00
2016.02.23 18:16:33.757,12.22829,12.23141,0.00,0.00
2016.02.23 18:16:33.807,12.22829,12.23131,0.00,0.00
2016.02.23 18:16:33.865,12.22829,12.2314,0.00,0.00
2016.02.23 18:16:34.300,12.22829,12.23131,0.00,0.00
2016.02.23 18:16:34.635,12.22829,12.231,0.00,0.00
2016.02.23 18:16:34.956,12.22829,12.2309,0.00,0.00
2016.02.23 18:16:35.185,12.22819,12.23091,0.00,0.00
2016.02.23 18:16:35.236,12.22729,12.23011,0.00,0.00
2016.02.23 18:16:35.529,12.22729,12.23001,0.00,0.00
2016.02.23 18:16:35.908,12.22729,12.23011,0.00,0.00
2016.02.23 18:16:36.318,12.22729,12.23021,0.00,0.00
2016.02.23 18:16:36.576,12.22778,12.2302,0.00,0.00
2016.02.23 18:16:36.627,12.22778,12.2305,0.00,0.00
2016.02.23 18:16:36.734,12.22829,12.23068,0.00,0.00
2016.02.23 18:16:36.905,12.22778,12.2305,0.00,0.00
2016.02.23 18:16:37.505,12.22778,12.23051,0.00,0.00
2016.02.23 18:16:37.633,12.22778,12.2304,0.00,0.00
2016.02.23 18:16:37.684,12.22729,12.2304,0.00,0.00
2016.02.23 18:16:38.341,12.22729,12.23031,0.00,0.00
2016.02.23 18:16:38.944,12.22729,12.2302,0.00,0.00
2016.02.23 18:16:39.435,12.22719,12.23002,0.00,0.00
2016.02.23 18:16:39.744,12.22628,12.22818,0.00,0.00
2016.02.23 18:16:39.895,12.22529,12.22818,0.00,0.00
2016.02.23 18:16:40.047,12.22529,12.22791,0.00,0.00
2016.02.23 18:16:40.098,12.22478,12.22791,0.00,0.00
2016.02.23 18:16:40.750,12.2252,12.22818,0.00,0.00
2016.02.23 18:16:40.951,12.22579,12.22901,0.00,0.00
2016.02.23 18:16:41.151,12.2262,12.22918,0.00,0.00
2016.02.23 18:16:41.512,12.22629,12.22918,0.00,0.00
2016.02.23 18:16:42.275,12.22629,12.22941,0.00,0.00
2016.02.23 18:16:42.397,12.22629,12.22901,0.00,0.00
2016.02.23 18:16:42.455,12.22629,12.22931,0.00,0.00
2016.02.23 18:16:42.898,12.22629,12.2295,0.00,0.00
2016.02.23 18:16:43.423,12.22629,12.22951,0.00,0.00
2016.02.23 18:16:43.945,12.22629,12.2295,0.00,0.00
2016.02.23 18:16:44.096,12.22719,12.23019,0.00,0.00
2016.02.23 18:16:44.435,12.22728,12.23019,0.00,0.00
2016.02.23 18:16:45.434,12.22728,12.23041,0.00,0.00
2016.02.23 18:16:46.672,12.22728,12.2304,0.00,0.00
2016.02.23 18:16:47.474,12.22728,12.23041,0.00,0.00
2016.02.23 18:16:48.016,12.22728,12.2304,0.00,0.00
2016.02.23 18:16:48.507,12.22728,12.23051,0.00,0.00
2016.02.23 18:16:49.039,12.22728,12.2305,0.00,0.00
2016.02.23 18:16:49.208,12.22728,12.23041,0.00,0.00
2016.02.23 18:16:49.718,12.22728,12.2304,0.00,0.00
2016.02.23 18:16:50.328,12.22728,12.23041,0.00,0.00
2016.02.23 18:16:51.386,12.22728,12.2304,0.00,0.00
2016.02.23 18:16:52.088,12.22728,12.23041,0.00,0.00
2016.02.23 18:16:52.639,12.22728,12.2304,0.00,0.00
2016.02.23 18:16:53.193,12.22728,12.23041,0.00,0.00
2016.02.23 18:16:54.715,12.22728,12.2304,0.00,0.00
2016.02.23 18:16:55.058,12.22829,12.23119,0.00,0.00
2016.02.23 18:16:56.167,12.22829,12.23131,0.00,0.00
2016.02.23 18:16:56.679,12.22829,12.2313,0.00,0.00
2016.02.23 18:16:57.038,12.22829,12.23141,0.00,0.00
2016.02.23 18:16:57.669,12.22829,12.2314,0.00,0.00
2016.02.23 18:16:59.210,12.22829,12.23141,0.00,0.00
2016.02.23 18:17:00.013,12.22829,12.2314,0.00,0.00
2016.02.23 18:17:00.593,12.22829,12.23141,0.00,0.00
2016.02.23 18:17:01.314,12.22829,12.2314,0.00,0.00
2016.02.23 18:17:01.926,12.22829,12.23141,0.00,0.00
2016.02.23 18:17:02.687,12.22829,12.2314,0.00,0.00
2016.02.23 18:17:02.822,12.22829,12.2313,0.00,0.00
2016.02.23 18:17:03.249,12.22829,12.23118,0.00,0.00
2016.02.23 18:17:03.575,12.22778,12.2305,0.00,0.00
2016.02.23 18:17:03.625,12.22778,12.23091,0.00,0.00
2016.02.23 18:17:04.233,12.22778,12.23101,0.00,0.00
2016.02.23 18:17:04.517,12.2277,12.231,0.00,0.00
2016.02.23 18:17:04.568,12.22728,12.2305,0.00,0.00
2016.02.23 18:17:04.944,12.22728,12.2303,0.00,0.00
2016.02.23 18:17:05.247,12.22728,12.23021,0.00,0.00
2016.02.23 18:17:05.549,12.22728,12.2301,0.00,0.00
2016.02.23 18:17:05.751,12.22628,12.22941,0.00,0.00
2016.02.23 18:17:06.559,12.22628,12.2294,0.00,0.00
2016.02.23 18:17:06.848,12.22669,12.22969,0.00,0.00
2016.02.23 18:17:07.049,12.22628,12.22951,0.00,0.00
2016.02.23 18:17:07.345,12.22628,12.22941,0.00,0.00
2016.02.23 18:17:07.726,12.22679,12.22971,0.00,0.00
2016.02.23 18:17:08.075,12.22621,12.22971,0.00,0.00
2016.02.23 18:17:08.175,12.22621,12.22951,0.00,0.00
2016.02.23 18:17:08.500,12.22571,12.22942,0.00,0.00
2016.02.23 18:17:09.056,12.22571,12.22941,0.00,0.00
2016.02.23 18:17:09.512,12.226,12.22941,0.00,0.00
2016.02.23 18:17:09.563,12.22571,12.22941,0.00,0.00
2016.02.23 18:17:11.059,12.22571,12.2294,0.00,0.00
2016.02.23 18:17:11.463,12.22671,12.2298,0.00,0.00
2016.02.23 18:17:11.513,12.22671,12.2299,0.00,0.00
2016.02.23 18:17:12.029,12.22671,12.22991,0.00,0.00
2016.02.23 18:17:12.580,12.22671,12.2299,0.00,0.00
2016.02.23 18:17:12.757,12.22621,12.2299,0.00,0.00
2016.02.23 18:17:13.307,12.22621,12.22991,0.00,0.00
2016.02.23 18:17:13.844,12.22621,12.22992,0.00,0.00
2016.02.23 18:17:17.885,12.22621,12.22991,0.00,0.00
2016.02.23 18:17:18.195,12.22571,12.22881,0.00,0.00
2016.02.23 18:17:18.296,12.22571,12.2293,0.00,0.00
2016.02.23 18:17:18.634,12.22571,12.22891,0.00,0.00
2016.02.23 18:17:19.562,12.22521,12.22891,0.00,0.00
2016.02.23 18:17:20.944,12.22568,12.229,0.00,0.00
2016.02.23 18:17:20.995,12.22571,12.2292,0.00,0.00
2016.02.23 18:17:21.096,12.22619,12.22951,0.00,0.00
2016.02.23 18:17:21.274,12.22571,12.22942,0.00,0.00
2016.02.23 18:17:22.106,12.22571,12.2294,0.00,0.00
2016.02.23 18:17:22.207,12.22571,12.22942,0.00,0.00
2016.02.23 18:17:23.005,12.22571,12.2294,0.00,0.00
2016.02.23 18:17:23.460,12.22571,12.2291,0.00,0.00
2016.02.23 18:17:23.810,12.22519,12.22851,0.00,0.00
2016.02.23 18:17:23.962,12.22472,12.2284,0.00,0.00
2016.02.23 18:17:24.311,12.22472,12.22842,0.00,0.00
2016.02.23 18:17:24.714,12.22519,12.2286,0.00,0.00
2016.02.23 18:17:25.016,12.22571,12.2292,0.00,0.00
2016.02.23 18:17:25.117,12.22571,12.22942,0.00,0.00
2016.02.23 18:17:25.472,12.2259,12.2294,0.00,0.00
2016.02.23 18:17:25.860,12.2259,12.22942,0.00,0.00
2016.02.23 18:17:26.241,12.22571,12.22942,0.00,0.00
2016.02.23 18:17:29.539,12.22571,12.22941,0.00,0.00
2016.02.23 18:17:30.146,12.22571,12.2294,0.00,0.00
2016.02.23 18:17:31.155,12.22571,12.22941,0.00,0.00
2016.02.23 18:17:31.677,12.22571,12.2294,0.00,0.00
2016.02.23 18:17:32.185,12.22571,12.22941,0.00,0.00
2016.02.23 18:17:32.569,12.22571,12.22931,0.00,0.00
2016.02.23 18:17:32.875,12.22568,12.22861,0.00,0.00
2016.02.23 18:17:33.105,12.22521,12.22861,0.00,0.00
2016.02.23 18:17:33.157,12.22569,12.22901,0.00,0.00
2016.02.23 18:17:33.586,12.22569,12.22919,0.00,0.00
2016.02.23 18:17:33.637,12.2255,12.22891,0.00,0.00
2016.02.23 18:17:33.688,12.22521,12.22891,0.00,0.00
2016.02.23 18:17:34.331,12.22521,12.2289,0.00,0.00
2016.02.23 18:17:34.495,12.22519,12.22869,0.00,0.00
2016.02.23 18:17:34.596,12.22471,12.22842,0.00,0.00
2016.02.23 18:17:34.647,12.22499,12.22842,0.00,0.00
2016.02.23 18:17:34.967,12.22518,12.22869,0.00,0.00
2016.02.23 18:17:35.339,12.22518,12.2285,0.00,0.00
2016.02.23 18:17:35.389,12.22471,12.22842,0.00,0.00
2016.02.23 18:17:35.904,12.22471,12.22841,0.00,0.00
2016.02.23 18:17:36.437,12.22471,12.22842,0.00,0.00
2016.02.23 18:17:36.814,12.22569,12.22851,0.00,0.00
2016.02.23 18:17:37.157,12.22618,12.22881,0.00,0.00
2016.02.23 18:17:37.258,12.22618,12.22891,0.00,0.00
2016.02.23 18:17:37.909,12.2257,12.2289,0.00,0.00
2016.02.23 18:17:37.959,12.22569,12.22841,0.00,0.00
2016.02.23 18:17:38.261,12.22569,12.22831,0.00,0.00
2016.02.23 18:17:38.580,12.22619,12.22831,0.00,0.00
2016.02.23 18:17:38.630,12.22619,12.22869,0.00,0.00
2016.02.23 18:17:38.810,12.22668,12.22869,0.00,0.00
2016.02.23 18:17:39.180,12.22668,12.2293,0.00,0.00
2016.02.23 18:17:40.119,12.22668,12.22931,0.00,0.00
2016.02.23 18:17:41.130,12.22668,12.2293,0.00,0.00
2016.02.23 18:17:41.694,12.22668,12.22931,0.00,0.00
2016.02.23 18:17:42.265,12.22668,12.22941,0.00,0.00
2016.02.23 18:17:42.436,12.22768,12.2294,0.00,0.00
2016.02.23 18:17:42.488,12.22768,12.23018,0.00,0.00
2016.02.23 18:17:43.384,12.22818,12.23018,0.00,0.00
2016.02.23 18:17:43.485,12.22818,12.23071,0.00,0.00
2016.02.23 18:17:43.586,12.22819,12.23111,0.00,0.00
2016.02.23 18:17:43.637,12.22868,12.23111,0.00,0.00
2016.02.23 18:17:43.948,12.22868,12.23131,0.00,0.00
2016.02.23 18:17:44.594,12.22868,12.2313,0.00,0.00
2016.02.23 18:17:45.078,12.22868,12.23141,0.00,0.00
2016.02.23 18:17:45.968,12.22868,12.2314,0.00,0.00
2016.02.23 18:17:46.554,12.22868,12.23141,0.00,0.00
2016.02.23 18:17:47.055,12.22868,12.2314,0.00,0.00
2016.02.23 18:17:47.557,12.22868,12.23141,0.00,0.00
2016.02.23 18:17:48.127,12.22968,12.23201,0.00,0.00
2016.02.23 18:17:48.177,12.22968,12.23218,0.00,0.00
2016.02.23 18:17:48.762,12.22968,12.2315,0.00,0.00
2016.02.23 18:17:48.813,12.22868,12.2315,0.00,0.00
2016.02.23 18:17:48.863,12.22868,12.23141,0.00,0.00
2016.02.23 18:17:49.324,12.22918,12.2314,0.00,0.00
2016.02.23 18:17:49.374,12.22918,12.23201,0.00,0.00
2016.02.23 18:17:50.091,12.22918,12.23169,0.00,0.00
2016.02.23 18:17:50.141,12.22869,12.23169,0.00,0.00
2016.02.23 18:17:50.192,12.22869,12.2315,0.00,0.00
2016.02.23 18:17:50.658,12.22869,12.23141,0.00,0.00
2016.02.23 18:17:51.269,12.22869,12.2314,0.00,0.00
2016.02.23 18:17:51.811,12.22869,12.23141,0.00,0.00
2016.02.23 18:17:51.871,12.22869,12.23151,0.00,0.00
2016.02.23 18:17:52.380,12.22869,12.2315,0.00,0.00
2016.02.23 18:17:53.006,12.22869,12.23151,0.00,0.00
2016.02.23 18:17:53.551,12.22869,12.2315,0.00,0.00
2016.02.23 18:17:53.602,12.22869,12.23118,0.00,0.00
2016.02.23 18:17:53.653,12.22819,12.23118,0.00,0.00
2016.02.23 18:17:53.703,12.22818,12.23101,0.00,0.00
2016.02.23 18:17:54.722,12.22818,12.231,0.00,0.00
2016.02.23 18:17:55.273,12.22818,12.23101,0.00,0.00
2016.02.23 18:17:55.585,12.22818,12.23091,0.00,0.00
2016.02.23 18:17:56.205,12.22818,12.2303,0.00,0.00
2016.02.23 18:17:56.256,12.22768,12.2303,0.00,0.00
2016.02.23 18:17:56.307,12.22768,12.23001,0.00,0.00
2016.02.23 18:17:56.582,12.22818,12.23068,0.00,0.00
2016.02.23 18:17:57.781,12.22818,12.23101,0.00,0.00
2016.02.23 18:17:58.345,12.22869,12.23101,0.00,0.00
2016.02.23 18:17:58.396,12.22869,12.2311,0.00,0.00
2016.02.23 18:17:59.300,12.22869,12.23111,0.00,0.00
2016.02.23 18:18:00.303,12.22869,12.2311,0.00,0.00
2016.02.23 18:18:00.961,12.22869,12.23111,0.00,0.00
2016.02.23 18:18:01.356,12.22819,12.23111,0.00,0.00
2016.02.23 18:18:01.407,12.22818,12.2307,0.00,0.00
2016.02.23 18:18:01.764,12.22769,12.23071,0.00,0.00
2016.02.23 18:18:01.827,12.22769,12.23051,0.00,0.00
2016.02.23 18:18:02.170,12.22868,12.2311,0.00,0.00
2016.02.23 18:18:02.706,12.22868,12.23111,0.00,0.00
2016.02.23 18:18:03.227,12.22868,12.2311,0.00,0.00
2016.02.23 18:18:03.835,12.22868,12.23111,0.00,0.00
2016.02.23 18:18:04.370,12.22868,12.2311,0.00,0.00
2016.02.23 18:18:04.918,12.22868,12.23111,0.00,0.00
2016.02.23 18:18:05.822,12.22868,12.23101,0.00,0.00
2016.02.23 18:18:06.431,12.22868,12.2311,0.00,0.00
2016.02.23 18:18:07.161,12.22868,12.23101,0.00,0.00
2016.02.23 18:18:07.525,12.22868,12.23091,0.00,0.00
2016.02.23 18:18:07.575,12.22868,12.23101,0.00,0.00
2016.02.23 18:18:08.849,12.22868,12.23081,0.00,0.00
2016.02.23 18:18:08.933,12.22868,12.23091,0.00,0.00
2016.02.23 18:18:09.935,12.22868,12.2309,0.00,0.00
2016.02.23 18:18:10.436,12.22868,12.23091,0.00,0.00
2016.02.23 18:18:10.938,12.22868,12.2309,0.00,0.00
2016.02.23 18:18:11.440,12.22868,12.23091,0.00,0.00
2016.02.23 18:18:12.005,12.22819,12.23091,0.00,0.00
2016.02.23 18:18:12.055,12.22818,12.23031,0.00,0.00
2016.02.23 18:18:12.106,12.22769,12.23031,0.00,0.00
2016.02.23 18:18:12.157,12.22768,12.23041,0.00,0.00
2016.02.23 18:18:12.257,12.22769,12.23081,0.00,0.00
2016.02.23 18:18:12.408,12.2277,12.2309,0.00,0.00
2016.02.23 18:18:12.459,12.22818,12.2311,0.00,0.00
2016.02.23 18:18:12.794,12.22868,12.2311,0.00,0.00
2016.02.23 18:18:13.316,12.22868,12.23111,0.00,0.00
2016.02.23 18:18:13.657,12.22772,12.2304,0.00,0.00
2016.02.23 18:18:14.014,12.22769,12.23041,0.00,0.00
2016.02.23 18:18:14.177,12.22769,12.23069,0.00,0.00
2016.02.23 18:18:14.379,12.22868,12.23069,0.00,0.00
2016.02.23 18:18:14.628,12.22818,12.23069,0.00,0.00
2016.02.23 18:18:14.678,12.22818,12.23051,0.00,0.00
2016.02.23 18:18:14.893,12.22818,12.23069,0.00,0.00
2016.02.23 18:18:15.453,12.22818,12.231,0.00,0.00
2016.02.23 18:18:15.960,12.22818,12.23101,0.00,0.00
2016.02.23 18:18:16.404,12.22818,12.2311,0.00,0.00
2016.02.23 18:18:16.455,12.2277,12.23109,0.00,0.00
2016.02.23 18:18:16.506,12.22819,12.23051,0.00,0.00
2016.02.23 18:18:16.556,12.22819,12.231,0.00,0.00
2016.02.23 18:18:17.158,12.22819,12.23101,0.00,0.00
2016.02.23 18:18:18.362,12.22819,12.231,0.00,0.00
2016.02.23 18:18:19.058,12.22819,12.23101,0.00,0.00
2016.02.23 18:18:19.366,12.2287,12.23119,0.00,0.00
2016.02.23 18:18:19.467,12.22918,12.2317,0.00,0.00
2016.02.23 18:18:19.667,12.22918,12.2311,0.00,0.00
2016.02.23 18:18:19.717,12.22869,12.2311,0.00,0.00
2016.02.23 18:18:20.581,12.22869,12.23111,0.00,0.00
2016.02.23 18:18:20.682,12.22918,12.23161,0.00,0.00
2016.02.23 18:18:20.920,12.22869,12.23161,0.00,0.00
2016.02.23 18:18:20.971,12.22869,12.23111,0.00,0.00
2016.02.23 18:18:21.319,12.22918,12.23161,0.00,0.00
2016.02.23 18:18:21.975,12.22918,12.2316,0.00,0.00
2016.02.23 18:18:22.689,12.22918,12.23161,0.00,0.00
2016.02.23 18:18:23.172,12.22918,12.23148,0.00,0.00
2016.02.23 18:18:23.323,12.22869,12.2311,0.00,0.00
2016.02.23 18:18:23.424,12.22918,12.23111,0.00,0.00
2016.02.23 18:18:23.667,12.22969,12.23171,0.00,0.00
2016.02.23 18:18:23.768,12.2292,12.2317,0.00,0.00
2016.02.23 18:18:23.819,12.22872,12.23161,0.00,0.00
2016.02.23 18:18:23.883,12.22872,12.23151,0.00,0.00
2016.02.23 18:18:24.235,12.22919,12.23151,0.00,0.00
2016.02.23 18:18:24.286,12.2292,12.2317,0.00,0.00
2016.02.23 18:18:24.437,12.22969,12.23171,0.00,0.00
2016.02.23 18:18:25.089,12.22969,12.2317,0.00,0.00
2016.02.23 18:18:25.660,12.22969,12.23171,0.00,0.00
2016.02.23 18:18:26.390,12.22969,12.2317,0.00,0.00
2016.02.23 18:18:26.924,12.22969,12.23171,0.00,0.00
2016.02.23 18:18:27.293,12.23019,12.23268,0.00,0.00
2016.02.23 18:18:28.052,12.23019,12.23301,0.00,0.00
2016.02.23 18:18:28.798,12.23019,12.233,0.00,0.00
2016.02.23 18:18:29.149,12.23068,12.23301,0.00,0.00
2016.02.23 18:18:29.200,12.23068,12.23319,0.00,0.00
2016.02.23 18:18:29.460,12.23068,12.23321,0.00,0.00
2016.02.23 18:18:29.804,12.23068,12.23311,0.00,0.00
2016.02.23 18:18:30.105,12.23068,12.23301,0.00,0.00
2016.02.23 18:18:30.414,12.23068,12.2332,0.00,0.00
2016.02.23 18:18:30.515,12.23068,12.23311,0.00,0.00
2016.02.23 18:18:31.110,12.23068,12.2333,0.00,0.00
2016.02.23 18:18:31.310,12.23068,12.23321,0.00,0.00
2016.02.23 18:18:31.629,12.23068,12.233,0.00,0.00
2016.02.23 18:18:32.161,12.23068,12.23291,0.00,0.00
2016.02.23 18:18:32.816,12.23068,12.23311,0.00,0.00
2016.02.23 18:18:33.116,12.23068,12.2332,0.00,0.00
2016.02.23 18:18:33.490,12.23068,12.23309,0.00,0.00
2016.02.23 18:18:33.691,12.22969,12.2324,0.00,0.00
2016.02.23 18:18:34.032,12.22969,12.2325,0.00,0.00
2016.02.23 18:18:34.118,12.22969,12.23241,0.00,0.00
2016.02.23 18:18:35.122,12.22969,12.23221,0.00,0.00
2016.02.23 18:18:35.723,12.22969,12.2322,0.00,0.00
2016.02.23 18:18:36.028,12.22969,12.2319,0.00,0.00
2016.02.23 18:18:36.125,12.22969,12.23211,0.00,0.00
2016.02.23 18:18:36.727,12.22969,12.23231,0.00,0.00
2016.02.23 18:18:36.927,12.22969,12.2322,0.00,0.00
2016.02.23 18:18:37.163,12.22969,12.2323,0.00,0.00
2016.02.23 18:18:37.349,12.22969,12.23251,0.00,0.00
2016.02.23 18:18:37.730,12.23018,12.2325,0.00,0.00
2016.02.23 18:18:37.995,12.23019,12.23311,0.00,0.00
2016.02.23 18:18:38.046,12.23069,12.23341,0.00,0.00
2016.02.23 18:18:39.436,12.23069,12.2334,0.00,0.00
2016.02.23 18:18:39.988,12.23069,12.23341,0.00,0.00
2016.02.23 18:18:41.345,12.23069,12.2334,0.00,0.00
2016.02.23 18:18:42.446,12.23069,12.23341,0.00,0.00
2016.02.23 18:18:43.024,12.23069,12.2334,0.00,0.00
2016.02.23 18:18:44.103,12.23168,12.2334,0.00,0.00
2016.02.23 18:18:44.153,12.23168,12.2335,0.00,0.00
2016.02.23 18:18:44.254,12.23168,12.23411,0.00,0.00
2016.02.23 18:18:44.787,12.23168,12.2341,0.00,0.00
2016.02.23 18:18:45.336,12.23168,12.23411,0.00,0.00
2016.02.23 18:18:45.859,12.23168,12.2341,0.00,0.00
2016.02.23 18:18:46.376,12.23168,12.23411,0.00,0.00
2016.02.23 18:18:47.064,12.23168,12.2341,0.00,0.00
2016.02.23 18:18:47.967,12.23168,12.23411,0.00,0.00
2016.02.23 18:18:49.067,12.23168,12.23368,0.00,0.00
2016.02.23 18:18:49.168,12.23069,12.2335,0.00,0.00
2016.02.23 18:18:49.219,12.23069,12.2334,0.00,0.00
2016.02.23 18:18:49.956,12.23069,12.23341,0.00,0.00
2016.02.23 18:18:50.377,12.23069,12.2333,0.00,0.00
2016.02.23 18:18:50.946,12.23069,12.23331,0.00,0.00
2016.02.23 18:18:51.479,12.23069,12.2333,0.00,0.00
2016.02.23 18:18:51.986,12.23069,12.23331,0.00,0.00
2016.02.23 18:18:53.085,12.23069,12.2333,0.00,0.00
2016.02.23 18:18:53.589,12.23069,12.23331,0.00,0.00
2016.02.23 18:18:54.190,12.23069,12.2332,0.00,0.00
2016.02.23 18:18:54.500,12.23069,12.23311,0.00,0.00
2016.02.23 18:18:55.044,12.23069,12.23291,0.00,0.00
2016.02.23 18:18:55.194,12.23069,12.233,0.00,0.00
2016.02.23 18:18:55.430,12.23069,12.23291,0.00,0.00
2016.02.23 18:18:55.895,12.23069,12.23301,0.00,0.00
2016.02.23 18:18:56.698,12.23069,12.233,0.00,0.00
2016.02.23 18:18:57.051,12.22969,12.23201,0.00,0.00
2016.02.23 18:18:58.004,12.22969,12.232,0.00,0.00
2016.02.23 18:18:58.105,12.22969,12.23191,0.00,0.00
2016.02.23 18:18:58.304,12.22918,12.23191,0.00,0.00
2016.02.23 18:18:58.367,12.22918,12.23181,0.00,0.00
2016.02.23 18:18:58.816,12.22871,12.23091,0.00,0.00
2016.02.23 18:18:58.967,12.22838,12.23091,0.00,0.00
2016.02.23 18:18:59.210,12.22838,12.23081,0.00,0.00
2016.02.23 18:18:59.516,12.22838,12.2309,0.00,0.00
2016.02.23 18:19:00.021,12.22838,12.23081,0.00,0.00
2016.02.23 18:19:00.440,12.22788,12.23081,0.00,0.00
2016.02.23 18:19:00.541,12.22788,12.2309,0.00,0.00
2016.02.23 18:19:00.615,12.22788,12.23101,0.00,0.00
2016.02.23 18:19:00.715,12.22788,12.2309,0.00,0.00
2016.02.23 18:19:00.867,12.22738,12.23051,0.00,0.00
2016.02.23 18:19:01.219,12.2277,12.23102,0.00,0.00
2016.02.23 18:19:01.269,12.22788,12.2311,0.00,0.00
2016.02.23 18:19:01.587,12.22839,12.23119,0.00,0.00
2016.02.23 18:19:01.759,12.22839,12.2313,0.00,0.00
2016.02.23 18:19:02.094,12.22839,12.2315,0.00,0.00
2016.02.23 18:19:02.950,12.22839,12.23141,0.00,0.00
2016.02.23 18:19:03.475,12.22839,12.2314,0.00,0.00
2016.02.23 18:19:03.828,12.22839,12.23111,0.00,0.00
2016.02.23 18:19:04.208,12.22839,12.23101,0.00,0.00
2016.02.23 18:19:04.539,12.22839,12.2305,0.00,0.00
2016.02.23 18:19:04.590,12.22789,12.2305,0.00,0.00
2016.02.23 18:19:06.135,12.22789,12.23051,0.00,0.00
2016.02.23 18:19:06.681,12.22789,12.2305,0.00,0.00
2016.02.23 18:19:06.782,12.22789,12.23101,0.00,0.00
2016.02.23 18:19:07.856,12.22789,12.231,0.00,0.00
2016.02.23 18:19:08.642,12.22789,12.23101,0.00,0.00
2016.02.23 18:19:09.759,12.22789,12.231,0.00,0.00
2016.02.23 18:19:10.346,12.22789,12.23101,0.00,0.00
2016.02.23 18:19:10.547,12.22819,12.23111,0.00,0.00
2016.02.23 18:19:10.648,12.22838,12.23131,0.00,0.00
2016.02.23 18:19:11.371,12.22838,12.2313,0.00,0.00
2016.02.23 18:19:11.901,12.22838,12.23131,0.00,0.00
2016.02.23 18:19:12.445,12.22838,12.2313,0.00,0.00
2016.02.23 18:19:13.105,12.22838,12.23131,0.00,0.00
2016.02.23 18:19:13.686,12.22838,12.2313,0.00,0.00
2016.02.23 18:19:14.225,12.22838,12.23131,0.00,0.00
2016.02.23 18:19:15.672,12.22838,12.23118,0.00,0.00
2016.02.23 18:19:15.723,12.22819,12.23118,0.00,0.00
2016.02.23 18:19:15.776,12.22789,12.231,0.00,0.00
2016.02.23 18:19:16.378,12.22789,12.23101,0.00,0.00
2016.02.23 18:19:16.935,12.22789,12.231,0.00,0.00
2016.02.23 18:19:17.313,12.22819,12.23111,0.00,0.00
2016.02.23 18:19:17.414,12.22839,12.23141,0.00,0.00
2016.02.23 18:19:17.924,12.22839,12.2314,0.00,0.00
2016.02.23 18:19:18.505,12.22839,12.2315,0.00,0.00
2016.02.23 18:19:19.016,12.22839,12.23151,0.00,0.00
2016.02.23 18:19:20.393,12.22839,12.2315,0.00,0.00
2016.02.23 18:19:20.894,12.22839,12.23151,0.00,0.00
2016.02.23 18:19:21.099,12.22939,12.2321,0.00,0.00
2016.02.23 18:19:21.419,12.22939,12.23171,0.00,0.00
2016.02.23 18:19:21.977,12.22939,12.2317,0.00,0.00
2016.02.23 18:19:22.623,12.22939,12.23171,0.00,0.00
2016.02.23 18:19:24.908,12.22939,12.2317,0.00,0.00
2016.02.23 18:19:27.215,12.22939,12.23171,0.00,0.00
2016.02.23 18:19:28.358,12.22939,12.2317,0.00,0.00
2016.02.23 18:19:28.920,12.22939,12.23171,0.00,0.00
2016.02.23 18:19:31.122,12.22888,12.23171,0.00,0.00
2016.02.23 18:19:31.173,12.22888,12.23151,0.00,0.00
2016.02.23 18:19:31.386,12.22839,12.23151,0.00,0.00
2016.02.23 18:19:31.437,12.22839,12.2314,0.00,0.00
2016.02.23 18:19:31.538,12.22839,12.23151,0.00,0.00
2016.02.23 18:19:31.829,12.22839,12.23141,0.00,0.00
2016.02.23 18:19:32.330,12.22839,12.2313,0.00,0.00
2016.02.23 18:19:32.639,12.22839,12.23111,0.00,0.00
2016.02.23 18:19:33.268,12.22839,12.2311,0.00,0.00
2016.02.23 18:19:34.136,12.22839,12.23111,0.00,0.00
2016.02.23 18:19:34.637,12.22839,12.2311,0.00,0.00
2016.02.23 18:19:34.979,12.22839,12.2308,0.00,0.00
2016.02.23 18:19:35.291,12.22789,12.2303,0.00,0.00
2016.02.23 18:19:35.550,12.22738,12.23021,0.00,0.00
2016.02.23 18:19:35.880,12.22738,12.23011,0.00,0.00
2016.02.23 18:19:36.082,12.22738,12.23021,0.00,0.00
2016.02.23 18:19:36.693,12.22738,12.2301,0.00,0.00
2016.02.23 18:19:36.982,12.22738,12.23049,0.00,0.00
2016.02.23 18:19:37.033,12.22788,12.23048,0.00,0.00
2016.02.23 18:19:37.133,12.22739,12.23048,0.00,0.00
2016.02.23 18:19:39.694,12.22788,12.23049,0.00,0.00
2016.02.23 18:19:39.896,12.22738,12.23049,0.00,0.00
2016.02.23 18:19:42.403,12.22789,12.23071,0.00,0.00
2016.02.23 18:19:42.967,12.22789,12.2307,0.00,0.00
2016.02.23 18:19:43.681,12.22789,12.23051,0.00,0.00
2016.02.23 18:19:43.883,12.22738,12.23048,0.00,0.00
2016.02.23 18:19:45.483,12.22788,12.23048,0.00,0.00
2016.02.23 18:19:45.634,12.22788,12.2307,0.00,0.00
2016.02.23 18:19:46.187,12.22788,12.23081,0.00,0.00
2016.02.23 18:19:47.569,12.22788,12.2308,0.00,0.00
2016.02.23 18:19:48.093,12.22788,12.23081,0.00,0.00
2016.02.23 18:19:48.194,12.22788,12.2305,0.00,0.00
2016.02.23 18:19:48.446,12.22838,12.23101,0.00,0.00
2016.02.23 18:19:48.613,12.22838,12.2313,0.00,0.00
2016.02.23 18:19:48.672,12.2282,12.2313,0.00,0.00
2016.02.23 18:19:48.722,12.22788,12.23051,0.00,0.00
2016.02.23 18:19:48.933,12.22838,12.23121,0.00,0.00
2016.02.23 18:19:49.604,12.22838,12.2312,0.00,0.00
2016.02.23 18:19:50.312,12.22838,12.23121,0.00,0.00
2016.02.23 18:19:50.803,12.22838,12.23131,0.00,0.00
2016.02.23 18:19:51.408,12.22838,12.2313,0.00,0.00
2016.02.23 18:19:52.119,12.22838,12.23131,0.00,0.00
2016.02.23 18:19:53.436,12.22838,12.2312,0.00,0.00
2016.02.23 18:19:53.671,12.22788,12.23081,0.00,0.00
2016.02.23 18:19:54.314,12.22788,12.23088,0.00,0.00
2016.02.23 18:20:01.212,12.2277,12.23088,0.00,0.00
2016.02.23 18:20:01.262,12.22738,12.23048,0.00,0.00
2016.02.23 18:20:01.634,12.22689,12.22999,0.00,0.00
2016.02.23 18:20:01.984,12.22738,12.23039,0.00,0.00
2016.02.23 18:20:05.422,12.22772,12.23039,0.00,0.00
2016.02.23 18:20:05.573,12.22839,12.2312,0.00,0.00
2016.02.23 18:20:06.128,12.22839,12.23121,0.00,0.00
2016.02.23 18:20:06.629,12.22839,12.23139,0.00,0.00
2016.02.23 18:20:06.961,12.22888,12.23171,0.00,0.00
2016.02.23 18:20:07.289,12.22939,12.23161,0.00,0.00
2016.02.23 18:20:07.597,12.23038,12.23218,0.00,0.00
2016.02.23 18:20:07.648,12.23038,12.23271,0.00,0.00
2016.02.23 18:20:07.749,12.22988,12.2327,0.00,0.00
2016.02.23 18:20:08.129,12.22988,12.2329,0.00,0.00
2016.02.23 18:20:08.180,12.23039,12.23291,0.00,0.00
2016.02.23 18:20:08.281,12.23039,12.2331,0.00,0.00
2016.02.23 18:20:08.919,12.2302,12.2331,0.00,0.00
2016.02.23 18:20:08.969,12.22989,12.2325,0.00,0.00
2016.02.23 18:20:09.254,12.22969,12.23251,0.00,0.00
2016.02.23 18:20:09.355,12.22938,12.2325,0.00,0.00
2016.02.23 18:20:09.678,12.22938,12.2322,0.00,0.00
2016.02.23 18:20:10.012,12.22938,12.23211,0.00,0.00
2016.02.23 18:20:10.488,12.22938,12.23231,0.00,0.00
2016.02.23 18:20:11.022,12.22938,12.2323,0.00,0.00
2016.02.23 18:20:11.401,12.22938,12.2324,0.00,0.00
2016.02.23 18:20:12.231,12.22938,12.2322,0.00,0.00
2016.02.23 18:20:12.939,12.22938,12.23221,0.00,0.00
2016.02.23 18:20:13.534,12.22938,12.23231,0.00,0.00
2016.02.23 18:20:14.132,12.22989,12.23281,0.00,0.00
2016.02.23 18:20:14.436,12.23038,12.23301,0.00,0.00
2016.02.23 18:20:14.748,12.22989,12.23271,0.00,0.00
2016.02.23 18:20:15.182,12.23038,12.2327,0.00,0.00
2016.02.23 18:20:15.233,12.23038,12.23301,0.00,0.00
2016.02.23 18:20:16.237,12.23038,12.23321,0.00,0.00
2016.02.23 18:20:17.098,12.23038,12.2332,0.00,0.00
2016.02.23 18:20:17.700,12.23038,12.23321,0.00,0.00
2016.02.23 18:20:18.201,12.23038,12.2332,0.00,0.00
2016.02.23 18:20:18.800,12.23038,12.23321,0.00,0.00
2016.02.23 18:20:19.706,12.23038,12.2332,0.00,0.00
2016.02.23 18:20:21.915,12.23038,12.23321,0.00,0.00
2016.02.23 18:20:22.416,12.23038,12.2332,0.00,0.00
2016.02.23 18:20:22.517,12.23038,12.23241,0.00,0.00
2016.02.23 18:20:22.568,12.22988,12.23241,0.00,0.00
2016.02.23 18:20:22.618,12.22988,12.2321,0.00,0.00
2016.02.23 18:20:22.760,12.22988,12.23221,0.00,0.00
2016.02.23 18:20:22.958,12.22939,12.23221,0.00,0.00
2016.02.23 18:20:23.320,12.22939,12.23231,0.00,0.00
2016.02.23 18:20:23.620,12.22939,12.23221,0.00,0.00
2016.02.23 18:20:24.225,12.22939,12.23241,0.00,0.00
2016.02.23 18:20:24.939,12.22939,12.23211,0.00,0.00
2016.02.23 18:20:25.547,12.22939,12.2321,0.00,0.00
2016.02.23 18:20:25.830,12.22939,12.23231,0.00,0.00
2016.02.23 18:20:27.052,12.22939,12.2323,0.00,0.00
2016.02.23 18:20:27.936,12.22939,12.23231,0.00,0.00
2016.02.23 18:20:28.437,12.22939,12.2323,0.00,0.00
2016.02.23 18:20:29.357,12.22939,12.23241,0.00,0.00
2016.02.23 18:20:29.464,12.22939,12.2323,0.00,0.00
2016.02.23 18:20:30.143,12.22939,12.23231,0.00,0.00
2016.02.23 18:20:30.866,12.22939,12.2322,0.00,0.00
2016.02.23 18:20:31.046,12.22939,12.23231,0.00,0.00
2016.02.23 18:20:31.585,12.22939,12.23211,0.00,0.00
2016.02.23 18:20:32.120,12.22939,12.2322,0.00,0.00
2016.02.23 18:20:33.053,12.22939,12.23221,0.00,0.00
2016.02.23 18:20:33.400,12.22939,12.23211,0.00,0.00
2016.02.23 18:20:34.082,12.22939,12.2321,0.00,0.00
2016.02.23 18:20:34.657,12.22939,12.23211,0.00,0.00
2016.02.23 18:20:35.660,12.22939,12.2321,0.00,0.00
2016.02.23 18:20:36.162,12.22939,12.23221,0.00,0.00
2016.02.23 18:20:36.778,12.22939,12.2322,0.00,0.00
2016.02.23 18:20:37.301,12.22939,12.2323,0.00,0.00
2016.02.23 18:20:38.297,12.22939,12.23231,0.00,0.00
2016.02.23 18:20:38.569,12.22939,12.23211,0.00,0.00
2016.02.23 18:20:39.271,12.22939,12.2321,0.00,0.00
2016.02.23 18:20:39.397,12.22939,12.23221,0.00,0.00
2016.02.23 18:20:39.998,12.22939,12.2322,0.00,0.00
2016.02.23 18:20:40.230,12.22939,12.23231,0.00,0.00
2016.02.23 18:20:40.405,12.22939,12.23241,0.00,0.00
2016.02.23 18:20:40.476,12.22939,12.23251,0.00,0.00
2016.02.23 18:20:40.977,12.22939,12.2325,0.00,0.00
2016.02.23 18:20:42.002,12.22939,12.23251,0.00,0.00
2016.02.23 18:20:43.206,12.2297,12.23269,0.00,0.00
2016.02.23 18:20:43.407,12.23019,12.23319,0.00,0.00
2016.02.23 18:20:43.458,12.23038,12.23319,0.00,0.00
2016.02.23 18:20:44.362,12.2302,12.23319,0.00,0.00
2016.02.23 18:20:44.412,12.2302,12.2329,0.00,0.00
2016.02.23 18:20:44.513,12.22988,12.23291,0.00,0.00
2016.02.23 18:20:44.996,12.23039,12.23291,0.00,0.00
2016.02.23 18:20:45.277,12.22988,12.23291,0.00,0.00
2016.02.23 18:20:45.853,12.22988,12.2329,0.00,0.00
2016.02.23 18:20:46.376,12.22988,12.23291,0.00,0.00
2016.02.23 18:20:47.203,12.22988,12.2329,0.00,0.00
2016.02.23 18:20:48.239,12.22988,12.23291,0.00,0.00
2016.02.23 18:20:48.807,12.22988,12.2329,0.00,0.00
2016.02.23 18:20:49.073,12.22939,12.2325,0.00,0.00
2016.02.23 18:20:49.124,12.22989,12.23269,0.00,0.00
2016.02.23 18:20:50.362,12.22989,12.233,0.00,0.00
2016.02.23 18:20:51.079,12.2302,12.2331,0.00,0.00
2016.02.23 18:20:51.489,12.23038,12.2331,0.00,0.00
2016.02.23 18:20:51.649,12.23038,12.23318,0.00,0.00
2016.02.23 18:20:51.700,12.23038,12.2332,0.00,0.00
2016.02.23 18:20:52.252,12.23038,12.23321,0.00,0.00
2016.02.23 18:20:52.454,12.23038,12.23331,0.00,0.00
2016.02.23 18:20:54.128,12.23038,12.2333,0.00,0.00
2016.02.23 18:20:54.841,12.23038,12.23331,0.00,0.00
2016.02.23 18:20:55.344,12.23038,12.2333,0.00,0.00
2016.02.23 18:20:56.035,12.23038,12.23331,0.00,0.00
2016.02.23 18:20:57.025,12.23038,12.2333,0.00,0.00
2016.02.23 18:20:57.540,12.23038,12.23331,0.00,0.00
2016.02.23 18:20:58.096,12.23038,12.2333,0.00,0.00
2016.02.23 18:20:58.625,12.23038,12.23331,0.00,0.00
2016.02.23 18:20:59.155,12.23038,12.2333,0.00,0.00
2016.02.23 18:20:59.701,12.23038,12.23331,0.00,0.00
2016.02.23 18:21:00.157,12.23038,12.2326,0.00,0.00
2016.02.23 18:21:00.258,12.23038,12.2328,0.00,0.00
2016.02.23 18:21:00.870,12.23038,12.23281,0.00,0.00
2016.02.23 18:21:01.060,12.23038,12.23321,0.00,0.00
2016.02.23 18:21:02.565,12.23038,12.2332,0.00,0.00
2016.02.23 18:21:03.167,12.23038,12.23321,0.00,0.00
2016.02.23 18:21:03.268,12.23038,12.233,0.00,0.00
2016.02.23 18:21:03.721,12.22989,12.2326,0.00,0.00
2016.02.23 18:21:03.779,12.22989,12.2325,0.00,0.00
2016.02.23 18:21:03.980,12.22938,12.2325,0.00,0.00
2016.02.23 18:21:04.533,12.22938,12.23251,0.00,0.00
2016.02.23 18:21:05.299,12.22938,12.2325,0.00,0.00
2016.02.23 18:21:05.592,12.22988,12.23251,0.00,0.00
2016.02.23 18:21:05.642,12.22988,12.23269,0.00,0.00
2016.02.23 18:21:05.743,12.23019,12.23269,0.00,0.00
2016.02.23 18:21:05.794,12.23019,12.23311,0.00,0.00
2016.02.23 18:21:05.844,12.23038,12.23311,0.00,0.00
2016.02.23 18:21:06.344,12.23038,12.23321,0.00,0.00
2016.02.23 18:21:06.681,12.23019,12.23321,0.00,0.00
2016.02.23 18:21:06.732,12.22989,12.23251,0.00,0.00
2016.02.23 18:21:06.941,12.22939,12.2325,0.00,0.00
2016.02.23 18:21:07.563,12.22939,12.23251,0.00,0.00
2016.02.23 18:21:08.151,12.22939,12.2325,0.00,0.00
2016.02.23 18:21:08.657,12.22939,12.23251,0.00,0.00
2016.02.23 18:21:09.273,12.22939,12.2325,0.00,0.00
2016.02.23 18:21:09.928,12.22939,12.23251,0.00,0.00
2016.02.23 18:21:10.488,12.22939,12.2325,0.00,0.00
2016.02.23 18:21:11.021,12.22939,12.23251,0.00,0.00
2016.02.23 18:21:11.564,12.22939,12.2325,0.00,0.00
2016.02.23 18:21:11.665,12.22989,12.23311,0.00,0.00
2016.02.23 18:21:11.715,12.23019,12.23311,0.00,0.00
2016.02.23 18:21:12.116,12.23039,12.23318,0.00,0.00
2016.02.23 18:21:13.003,12.23039,12.23331,0.00,0.00
2016.02.23 18:21:13.540,12.23039,12.2333,0.00,0.00
2016.02.23 18:21:13.978,12.2307,12.23368,0.00,0.00
2016.02.23 18:21:14.029,12.23071,12.2338,0.00,0.00
2016.02.23 18:21:14.079,12.2312,12.2341,0.00,0.00
2016.02.23 18:21:14.428,12.23139,12.2341,0.00,0.00
2016.02.23 18:21:14.930,12.23139,12.23411,0.00,0.00
2016.02.23 18:21:15.895,12.23139,12.2341,0.00,0.00
2016.02.23 18:21:16.402,12.23139,12.23411,0.00,0.00
2016.02.23 18:21:17.064,12.23139,12.2341,0.00,0.00
2016.02.23 18:21:17.764,12.23139,12.23411,0.00,0.00
2016.02.23 18:21:18.494,12.2312,12.2338,0.00,0.00
2016.02.23 18:21:18.595,12.23119,12.23411,0.00,0.00
2016.02.23 18:21:18.696,12.23088,12.2338,0.00,0.00
2016.02.23 18:21:19.123,12.23138,12.23411,0.00,0.00
2016.02.23 18:21:20.684,12.23138,12.2341,0.00,0.00
2016.02.23 18:21:21.294,12.23138,12.23411,0.00,0.00
2016.02.23 18:21:21.533,12.23038,12.2336,0.00,0.00
2016.02.23 18:21:21.584,12.23069,12.23369,0.00,0.00
2016.02.23 18:21:21.685,12.23038,12.23351,0.00,0.00
2016.02.23 18:21:22.281,12.23038,12.2335,0.00,0.00
2016.02.23 18:21:22.885,12.23038,12.23351,0.00,0.00
2016.02.23 18:21:23.484,12.23038,12.2335,0.00,0.00
2016.02.23 18:21:23.635,12.23089,12.23351,0.00,0.00
2016.02.23 18:21:23.685,12.23119,12.23401,0.00,0.00
2016.02.23 18:21:23.841,12.23138,12.23401,0.00,0.00
2016.02.23 18:21:24.616,12.23138,12.23351,0.00,0.00
2016.02.23 18:21:24.768,12.23039,12.23351,0.00,0.00
2016.02.23 18:21:25.824,12.23039,12.2335,0.00,0.00
2016.02.23 18:21:26.369,12.23039,12.23351,0.00,0.00
2016.02.23 18:21:26.631,12.23139,12.23351,0.00,0.00
2016.02.23 18:21:26.684,12.23139,12.23368,0.00,0.00
2016.02.23 18:21:26.735,12.23139,12.23411,0.00,0.00
2016.02.23 18:21:27.236,12.23139,12.2341,0.00,0.00
2016.02.23 18:21:28.213,12.23139,12.23411,0.00,0.00
2016.02.23 18:21:28.922,12.23139,12.2341,0.00,0.00
2016.02.23 18:21:30.135,12.23139,12.23411,0.00,0.00
2016.02.23 18:21:31.245,12.23139,12.2341,0.00,0.00
2016.02.23 18:21:31.899,12.23139,12.23411,0.00,0.00
2016.02.23 18:21:32.499,12.23139,12.2341,0.00,0.00
2016.02.23 18:21:33.060,12.23139,12.23411,0.00,0.00
2016.02.23 18:21:34.164,12.23139,12.2341,0.00,0.00
2016.02.23 18:21:34.964,12.23188,12.2341,0.00,0.00
2016.02.23 18:21:35.014,12.23188,12.2347,0.00,0.00
2016.02.23 18:21:35.066,12.23219,12.23471,0.00,0.00
2016.02.23 18:21:35.368,12.23239,12.2347,0.00,0.00
2016.02.23 18:21:35.911,12.23238,12.2347,0.00,0.00
2016.02.23 18:21:36.421,12.23238,12.23471,0.00,0.00
2016.02.23 18:21:36.926,12.23238,12.2347,0.00,0.00
2016.02.23 18:21:36.977,12.23188,12.2345,0.00,0.00
2016.02.23 18:21:37.178,12.23188,12.2341,0.00,0.00
2016.02.23 18:21:37.279,12.23138,12.23411,0.00,0.00
2016.02.23 18:21:37.817,12.23138,12.2341,0.00,0.00
2016.02.23 18:21:38.019,12.23138,12.23401,0.00,0.00
2016.02.23 18:21:38.280,12.23138,12.23411,0.00,0.00
2016.02.23 18:21:38.498,12.23089,12.23341,0.00,0.00
2016.02.23 18:21:38.720,12.23038,12.23331,0.00,0.00
2016.02.23 18:21:38.821,12.23038,12.2332,0.00,0.00
2016.02.23 18:21:39.162,12.23038,12.233,0.00,0.00
2016.02.23 18:21:39.212,12.23038,12.23331,0.00,0.00
2016.02.23 18:21:39.512,12.23038,12.2334,0.00,0.00
2016.02.23 18:21:39.613,12.23038,12.2335,0.00,0.00
2016.02.23 18:21:40.021,12.23089,12.23369,0.00,0.00
2016.02.23 18:21:40.384,12.23138,12.23369,0.00,0.00
2016.02.23 18:21:40.535,12.23138,12.2341,0.00,0.00
2016.02.23 18:21:41.165,12.23138,12.23411,0.00,0.00
2016.02.23 18:21:41.810,12.23138,12.2341,0.00,0.00
2016.02.23 18:21:42.240,12.23138,12.23401,0.00,0.00
2016.02.23 18:21:42.592,12.23138,12.23391,0.00,0.00
2016.02.23 18:21:42.794,12.23138,12.234,0.00,0.00
2016.02.23 18:21:43.052,12.23138,12.23411,0.00,0.00
2016.02.23 18:21:43.602,12.23138,12.2341,0.00,0.00
2016.02.23 18:21:44.104,12.23138,12.23411,0.00,0.00
2016.02.23 18:21:44.469,12.23138,12.23391,0.00,0.00
2016.02.23 18:21:44.955,12.23138,12.23401,0.00,0.00
2016.02.23 18:21:45.540,12.23138,12.2339,0.00,0.00
2016.02.23 18:21:46.113,12.23138,12.23391,0.00,0.00
2016.02.23 18:21:46.391,12.23038,12.23321,0.00,0.00
2016.02.23 18:21:46.915,12.23038,12.23341,0.00,0.00
2016.02.23 18:21:47.048,12.23038,12.23331,0.00,0.00
2016.02.23 18:21:47.738,12.23038,12.2332,0.00,0.00
2016.02.23 18:21:47.950,12.23038,12.23331,0.00,0.00
2016.02.23 18:21:48.246,12.23038,12.23321,0.00,0.00
2016.02.23 18:21:48.548,12.23038,12.23271,0.00,0.00
2016.02.23 18:21:48.649,12.23038,12.23281,0.00,0.00
2016.02.23 18:21:48.720,12.23038,12.23291,0.00,0.00
2016.02.23 18:21:49.030,12.23038,12.2332,0.00,0.00
2016.02.23 18:21:49.148,12.23038,12.2334,0.00,0.00
2016.02.23 18:21:49.700,12.23038,12.23341,0.00,0.00
2016.02.23 18:21:50.251,12.23038,12.2334,0.00,0.00
2016.02.23 18:21:50.909,12.23038,12.23341,0.00,0.00
2016.02.23 18:21:51.485,12.23038,12.2334,0.00,0.00
2016.02.23 18:21:51.586,12.23139,12.2334,0.00,0.00
2016.02.23 18:21:51.913,12.23139,12.23411,0.00,0.00
2016.02.23 18:21:52.222,12.23238,12.23411,0.00,0.00
2016.02.23 18:21:52.272,12.23238,12.23461,0.00,0.00
2016.02.23 18:21:52.920,12.23238,12.2346,0.00,0.00
2016.02.23 18:21:54.260,12.23238,12.23461,0.00,0.00
2016.02.23 18:21:55.146,12.23238,12.2346,0.00,0.00
2016.02.23 18:21:56.047,12.23238,12.23461,0.00,0.00
2016.02.23 18:21:57.177,12.23238,12.2346,0.00,0.00
2016.02.23 18:21:57.452,12.23238,12.23471,0.00,0.00
2016.02.23 18:21:57.983,12.23238,12.2347,0.00,0.00
2016.02.23 18:21:58.614,12.23238,12.23471,0.00,0.00
2016.02.23 18:21:59.457,12.23238,12.2347,0.00,0.00
2016.02.23 18:21:59.959,12.23188,12.23431,0.00,0.00
2016.02.23 18:22:00.060,12.23188,12.23411,0.00,0.00
2016.02.23 18:22:00.161,12.23138,12.2341,0.00,0.00
2016.02.23 18:22:00.701,12.23138,12.23411,0.00,0.00
2016.02.23 18:22:01.580,12.23138,12.23459,0.00,0.00
2016.02.23 18:22:01.681,12.2317,12.2344,0.00,0.00
2016.02.23 18:22:01.782,12.23188,12.23469,0.00,0.00
2016.02.23 18:22:01.842,12.23169,12.23469,0.00,0.00
2016.02.23 18:22:02.042,12.2317,12.2346,0.00,0.00
2016.02.23 18:22:02.344,12.23239,12.2347,0.00,0.00
2016.02.23 18:22:02.848,12.23239,12.23471,0.00,0.00
2016.02.23 18:22:03.231,12.23219,12.23469,0.00,0.00
2016.02.23 18:22:03.332,12.23188,12.23441,0.00,0.00
2016.02.23 18:22:03.562,12.23238,12.23469,0.00,0.00
2016.02.23 18:22:03.969,12.23238,12.23471,0.00,0.00
2016.02.23 18:22:05.081,12.23238,12.2347,0.00,0.00
2016.02.23 18:22:05.682,12.23238,12.23471,0.00,0.00
2016.02.23 18:22:06.585,12.23238,12.2347,0.00,0.00
2016.02.23 18:22:07.313,12.23238,12.23471,0.00,0.00
2016.02.23 18:22:08.090,12.23238,12.2347,0.00,0.00
2016.02.23 18:22:09.032,12.23238,12.23471,0.00,0.00
2016.02.23 18:22:09.564,12.23238,12.2347,0.00,0.00
2016.02.23 18:22:10.110,12.23238,12.23471,0.00,0.00
2016.02.23 18:22:12.355,12.23288,12.23471,0.00,0.00
2016.02.23 18:22:12.605,12.23288,12.23541,0.00,0.00
2016.02.23 18:22:13.108,12.23289,12.2354,0.00,0.00
2016.02.23 18:22:13.594,12.23339,12.23541,0.00,0.00
2016.02.23 18:22:13.645,12.23339,12.23591,0.00,0.00
2016.02.23 18:22:14.146,12.23339,12.236,0.00,0.00
2016.02.23 18:22:14.814,12.23339,12.23601,0.00,0.00
2016.02.23 18:22:15.115,12.23339,12.23631,0.00,0.00
2016.02.23 18:22:15.260,12.23339,12.23621,0.00,0.00
2016.02.23 18:22:15.316,12.23339,12.23631,0.00,0.00
2016.02.23 18:22:15.475,12.23339,12.23618,0.00,0.00
2016.02.23 18:22:15.576,12.23288,12.23601,0.00,0.00
2016.02.23 18:22:15.626,12.2332,12.23618,0.00,0.00
2016.02.23 18:22:16.117,12.23339,12.23618,0.00,0.00
2016.02.23 18:22:16.874,12.23339,12.23641,0.00,0.00
2016.02.23 18:22:17.378,12.23339,12.2364,0.00,0.00
2016.02.23 18:22:17.627,12.23339,12.23541,0.00,0.00
2016.02.23 18:22:17.678,12.23289,12.23541,0.00,0.00
2016.02.23 18:22:17.729,12.23289,12.23551,0.00,0.00
2016.02.23 18:22:17.830,12.23289,12.23569,0.00,0.00
2016.02.23 18:22:18.179,12.2332,12.23569,0.00,0.00
2016.02.23 18:22:18.381,12.23339,12.23641,0.00,0.00
2016.02.23 18:22:19.043,12.23339,12.2364,0.00,0.00
2016.02.23 18:22:19.557,12.23339,12.23641,0.00,0.00
2016.02.23 18:22:19.658,12.23339,12.23631,0.00,0.00
2016.02.23 18:22:20.253,12.23339,12.2363,0.00,0.00
2016.02.23 18:22:21.469,12.23339,12.23631,0.00,0.00
2016.02.23 18:22:21.984,12.23338,12.2363,0.00,0.00
2016.02.23 18:22:22.547,12.23338,12.23631,0.00,0.00
2016.02.23 18:22:23.075,12.23338,12.2363,0.00,0.00
2016.02.23 18:22:23.616,12.23338,12.23631,0.00,0.00
2016.02.23 18:22:24.252,12.23338,12.2363,0.00,0.00
2016.02.23 18:22:25.362,12.2332,12.23619,0.00,0.00
2016.02.23 18:22:25.485,12.23288,12.236,0.00,0.00
2016.02.23 18:22:25.586,12.23339,12.23599,0.00,0.00
2016.02.23 18:22:25.687,12.23269,12.23541,0.00,0.00
2016.02.23 18:22:25.789,12.23238,12.2354,0.00,0.00
2016.02.23 18:22:25.890,12.23288,12.2357,0.00,0.00
2016.02.23 18:22:26.154,12.23238,12.23541,0.00,0.00
2016.02.23 18:22:26.916,12.23238,12.2354,0.00,0.00
2016.02.23 18:22:27.456,12.23238,12.23541,0.00,0.00
2016.02.23 18:22:27.851,12.23272,12.23541,0.00,0.00
2016.02.23 18:22:27.902,12.23288,12.2359,0.00,0.00
2016.02.23 18:22:27.970,12.23338,12.2359,0.00,0.00
2016.02.23 18:22:28.238,12.23338,12.2363,0.00,0.00
2016.02.23 18:22:28.773,12.23338,12.23631,0.00,0.00
2016.02.23 18:22:29.328,12.23338,12.2364,0.00,0.00
2016.02.23 18:22:29.969,12.23338,12.23641,0.00,0.00
2016.02.23 18:22:30.030,12.23338,12.23639,0.00,0.00
2016.02.23 18:22:30.080,12.23288,12.23618,0.00,0.00
2016.02.23 18:22:30.184,12.23288,12.2354,0.00,0.00
2016.02.23 18:22:30.537,12.2327,12.2354,0.00,0.00
2016.02.23 18:22:30.588,12.23238,12.23541,0.00,0.00
2016.02.23 18:22:30.639,12.23288,12.23541,0.00,0.00
2016.02.23 18:22:31.143,12.23289,12.2354,0.00,0.00
2016.02.23 18:22:31.518,12.23238,12.23541,0.00,0.00
2016.02.23 18:22:32.046,12.23238,12.2354,0.00,0.00
2016.02.23 18:22:32.859,12.23238,12.23541,0.00,0.00
2016.02.23 18:22:34.115,12.23238,12.2354,0.00,0.00
2016.02.23 18:22:35.057,12.23289,12.2354,0.00,0.00
2016.02.23 18:22:35.108,12.23289,12.23598,0.00,0.00
2016.02.23 18:22:35.209,12.2327,12.2354,0.00,0.00
2016.02.23 18:22:35.311,12.23239,12.2354,0.00,0.00
2016.02.23 18:22:35.361,12.23288,12.2354,0.00,0.00
2016.02.23 18:22:35.582,12.23338,12.23611,0.00,0.00
2016.02.23 18:22:35.683,12.23288,12.23591,0.00,0.00
2016.02.23 18:22:36.612,12.23288,12.23611,0.00,0.00
2016.02.23 18:22:37.295,12.23288,12.2361,0.00,0.00
2016.02.23 18:22:37.890,12.23339,12.23601,0.00,0.00
2016.02.23 18:22:38.006,12.23339,12.23611,0.00,0.00
2016.02.23 18:22:38.215,12.23339,12.23641,0.00,0.00
2016.02.23 18:22:38.791,12.23339,12.2364,0.00,0.00
2016.02.23 18:22:39.116,12.23339,12.2363,0.00,0.00
2016.02.23 18:22:39.816,12.23339,12.23641,0.00,0.00
2016.02.23 18:22:40.118,12.23339,12.23631,0.00,0.00
2016.02.23 18:22:40.542,12.23339,12.23621,0.00,0.00
2016.02.23 18:22:40.643,12.23339,12.2364,0.00,0.00
2016.02.23 18:22:41.198,12.23339,12.23641,0.00,0.00
2016.02.23 18:22:41.699,12.23339,12.2364,0.00,0.00
2016.02.23 18:22:42.346,12.23339,12.23641,0.00,0.00
2016.02.23 18:22:43.045,12.23339,12.2364,0.00,0.00
2016.02.23 18:22:43.606,12.23339,12.23641,0.00,0.00
2016.02.23 18:22:44.109,12.23339,12.2361,0.00,0.00
2016.02.23 18:22:44.718,12.23339,12.23611,0.00,0.00
2016.02.23 18:22:45.360,12.23288,12.23541,0.00,0.00
2016.02.23 18:22:45.617,12.23238,12.2354,0.00,0.00
2016.02.23 18:22:46.119,12.23238,12.23541,0.00,0.00
2016.02.23 18:22:46.220,12.23238,12.2353,0.00,0.00
2016.02.23 18:22:46.522,12.23238,12.2351,0.00,0.00
2016.02.23 18:22:47.436,12.23238,12.23501,0.00,0.00
2016.02.23 18:22:47.623,12.23238,12.23511,0.00,0.00
2016.02.23 18:22:48.730,12.23238,12.235,0.00,0.00
2016.02.23 18:22:49.231,12.23238,12.23501,0.00,0.00
2016.02.23 18:22:50.636,12.23238,12.235,0.00,0.00
2016.02.23 18:22:50.938,12.23238,12.23491,0.00,0.00
2016.02.23 18:22:51.291,12.23238,12.23501,0.00,0.00
2016.02.23 18:22:51.342,12.23238,12.2351,0.00,0.00
2016.02.23 18:22:51.459,12.23238,12.2352,0.00,0.00
2016.02.23 18:22:52.069,12.23238,12.23521,0.00,0.00
2016.02.23 18:22:52.811,12.23238,12.2352,0.00,0.00
2016.02.23 18:22:54.372,12.23238,12.23521,0.00,0.00
2016.02.23 18:22:55.096,12.23238,12.2353,0.00,0.00
2016.02.23 18:22:55.586,12.23238,12.2352,0.00,0.00
2016.02.23 18:22:55.834,12.23238,12.2353,0.00,0.00
2016.02.23 18:22:56.393,12.23238,12.23531,0.00,0.00
2016.02.23 18:22:56.594,12.23238,12.2352,0.00,0.00
2016.02.23 18:22:57.402,12.23238,12.23521,0.00,0.00
2016.02.23 18:22:58.329,12.23219,12.23521,0.00,0.00
2016.02.23 18:22:58.383,12.23219,12.23519,0.00,0.00
2016.02.23 18:22:58.721,12.23138,12.2341,0.00,0.00
2016.02.23 18:23:00.176,12.23138,12.234,0.00,0.00
2016.02.23 18:23:00.501,12.23138,12.23391,0.00,0.00
2016.02.23 18:23:00.845,12.23088,12.23341,0.00,0.00
2016.02.23 18:23:00.895,12.23069,12.23341,0.00,0.00
2016.02.23 18:23:00.946,12.23039,12.23341,0.00,0.00
2016.02.23 18:23:01.052,12.23039,12.23321,0.00,0.00
2016.02.23 18:23:01.641,12.23039,12.23311,0.00,0.00
2016.02.23 18:23:01.955,12.23039,12.2328,0.00,0.00
2016.02.23 18:23:02.106,12.22938,12.2322,0.00,0.00
2016.02.23 18:23:02.258,12.22938,12.2323,0.00,0.00
2016.02.23 18:23:02.485,12.22938,12.2322,0.00,0.00
2016.02.23 18:23:02.762,12.22938,12.23231,0.00,0.00
2016.02.23 18:23:03.032,12.22938,12.2324,0.00,0.00
2016.02.23 18:23:03.556,12.22938,12.23268,0.00,0.00
2016.02.23 18:23:03.607,12.22971,12.2327,0.00,0.00
2016.02.23 18:23:04.035,12.23038,12.2331,0.00,0.00
2016.02.23 18:23:04.159,12.23038,12.23341,0.00,0.00
2016.02.23 18:23:04.952,12.23038,12.2334,0.00,0.00
2016.02.23 18:23:05.755,12.23038,12.23341,0.00,0.00
2016.02.23 18:23:07.161,12.23038,12.23331,0.00,0.00
2016.02.23 18:23:07.494,12.23038,12.2334,0.00,0.00
2016.02.23 18:23:07.660,12.23038,12.23331,0.00,0.00
2016.02.23 18:23:07.764,12.23038,12.2334,0.00,0.00
2016.02.23 18:23:08.363,12.23038,12.23341,0.00,0.00
2016.02.23 18:23:08.465,12.23139,12.23369,0.00,0.00
2016.02.23 18:23:08.516,12.23139,12.23381,0.00,0.00
2016.02.23 18:23:08.717,12.23088,12.2338,0.00,0.00
2016.02.23 18:23:09.066,12.23088,12.23391,0.00,0.00
2016.02.23 18:23:09.575,12.23088,12.2339,0.00,0.00
2016.02.23 18:23:10.170,12.23088,12.23401,0.00,0.00
2016.02.23 18:23:10.772,12.23088,12.234,0.00,0.00
2016.02.23 18:23:11.277,12.23088,12.23401,0.00,0.00
2016.02.23 18:23:11.785,12.23088,12.234,0.00,0.00
2016.02.23 18:23:12.325,12.23088,12.23401,0.00,0.00
2016.02.23 18:23:12.527,12.23139,12.23401,0.00,0.00
2016.02.23 18:23:12.578,12.23139,12.23421,0.00,0.00
2016.02.23 18:23:12.724,12.23139,12.23441,0.00,0.00
2016.02.23 18:23:13.587,12.23139,12.2344,0.00,0.00
2016.02.23 18:23:13.926,12.23139,12.2342,0.00,0.00
2016.02.23 18:23:14.183,12.23139,12.23431,0.00,0.00
2016.02.23 18:23:14.584,12.23139,12.23421,0.00,0.00
2016.02.23 18:23:14.993,12.23139,12.23431,0.00,0.00
2016.02.23 18:23:15.788,12.23139,12.2343,0.00,0.00
2016.02.23 18:23:15.888,12.23139,12.2342,0.00,0.00
2016.02.23 18:23:16.089,12.23139,12.2343,0.00,0.00
2016.02.23 18:23:16.189,12.23139,12.2342,0.00,0.00
2016.02.23 18:23:16.917,12.23139,12.23421,0.00,0.00
2016.02.23 18:23:17.576,12.23139,12.2342,0.00,0.00
2016.02.23 18:23:18.195,12.23139,12.23421,0.00,0.00
2016.02.23 18:23:18.863,12.23139,12.23411,0.00,0.00
2016.02.23 18:23:19.050,12.23038,12.23331,0.00,0.00
2016.02.23 18:23:19.310,12.23038,12.23341,0.00,0.00
2016.02.23 18:23:19.833,12.23038,12.2334,0.00,0.00
2016.02.23 18:23:19.934,12.23089,12.2334,0.00,0.00
2016.02.23 18:23:20.377,12.23138,12.23418,0.00,0.00
2016.02.23 18:23:20.428,12.23138,12.23441,0.00,0.00
2016.02.23 18:23:21.216,12.23138,12.2344,0.00,0.00
2016.02.23 18:23:21.818,12.23138,12.23441,0.00,0.00
2016.02.23 18:23:22.563,12.23138,12.2344,0.00,0.00
2016.02.23 18:23:23.101,12.23138,12.23441,0.00,0.00
2016.02.23 18:23:23.734,12.23138,12.2344,0.00,0.00
2016.02.23 18:23:24.580,12.23138,12.23441,0.00,0.00
2016.02.23 18:23:24.681,12.23088,12.2339,0.00,0.00
2016.02.23 18:23:25.205,12.23088,12.23391,0.00,0.00
2016.02.23 18:23:26.298,12.23088,12.2339,0.00,0.00
2016.02.23 18:23:26.558,12.23088,12.23401,0.00,0.00
2016.02.23 18:23:27.390,12.23138,12.2342,0.00,0.00
2016.02.23 18:23:28.008,12.23138,12.23421,0.00,0.00
2016.02.23 18:23:28.366,12.23189,12.23451,0.00,0.00
2016.02.23 18:23:28.868,12.23189,12.23491,0.00,0.00
2016.02.23 18:23:29.793,12.23138,12.23421,0.00,0.00
2016.02.23 18:23:30.303,12.23138,12.2342,0.00,0.00
2016.02.23 18:23:30.779,12.23138,12.23411,0.00,0.00
2016.02.23 18:23:30.880,12.23138,12.23421,0.00,0.00
2016.02.23 18:23:31.582,12.23138,12.2342,0.00,0.00
2016.02.23 18:23:32.133,12.23138,12.23421,0.00,0.00
2016.02.23 18:23:32.298,12.23138,12.23411,0.00,0.00
2016.02.23 18:23:32.399,12.23138,12.23421,0.00,0.00
2016.02.23 18:23:32.786,12.23138,12.23411,0.00,0.00
2016.02.23 18:23:33.287,12.23138,12.2341,0.00,0.00
2016.02.23 18:23:33.688,12.23138,12.234,0.00,0.00
2016.02.23 18:23:34.290,12.23138,12.23401,0.00,0.00
2016.02.23 18:23:35.498,12.23138,12.23391,0.00,0.00
2016.02.23 18:23:36.301,12.23138,12.23401,0.00,0.00
2016.02.23 18:23:36.574,12.23138,12.2341,0.00,0.00
2016.02.23 18:23:37.428,12.23138,12.23411,0.00,0.00
2016.02.23 18:23:38.328,12.23138,12.23441,0.00,0.00
2016.02.23 18:23:38.429,12.23138,12.23421,0.00,0.00
2016.02.23 18:23:38.515,12.23138,12.23431,0.00,0.00
2016.02.23 18:23:39.117,12.23138,12.2343,0.00,0.00
2016.02.23 18:23:39.720,12.23138,12.23441,0.00,0.00
2016.02.23 18:23:40.364,12.23138,12.2344,0.00,0.00
2016.02.23 18:23:40.885,12.23138,12.23441,0.00,0.00
2016.02.23 18:23:40.936,12.23188,12.23468,0.00,0.00
2016.02.23 18:23:40.986,12.23188,12.2347,0.00,0.00
2016.02.23 18:23:42.129,12.23188,12.23471,0.00,0.00
2016.02.23 18:23:42.234,12.23239,12.23518,0.00,0.00
2016.02.23 18:23:42.388,12.23239,12.23521,0.00,0.00
2016.02.23 18:23:42.752,12.23239,12.2351,0.00,0.00
2016.02.23 18:23:42.802,12.2322,12.2351,0.00,0.00
2016.02.23 18:23:42.985,12.23188,12.23501,0.00,0.00
2016.02.23 18:23:43.835,12.23188,12.235,0.00,0.00
2016.02.23 18:23:44.480,12.2322,12.2346,0.00,0.00
2016.02.23 18:23:44.580,12.23188,12.23461,0.00,0.00
2016.02.23 18:23:45.124,12.23188,12.2346,0.00,0.00
2016.02.23 18:23:45.343,12.23188,12.23441,0.00,0.00
2016.02.23 18:23:45.444,12.23139,12.23431,0.00,0.00
2016.02.23 18:23:45.575,12.23139,12.23421,0.00,0.00
2016.02.23 18:23:45.877,12.23072,12.23341,0.00,0.00
2016.02.23 18:23:46.079,12.23038,12.23341,0.00,0.00
2016.02.23 18:23:46.180,12.23038,12.23281,0.00,0.00
2016.02.23 18:23:46.281,12.23038,12.23291,0.00,0.00
2016.02.23 18:23:46.775,12.23019,12.23291,0.00,0.00
2016.02.23 18:23:46.876,12.22988,12.2324,0.00,0.00
2016.02.23 18:23:47.329,12.22939,12.23241,0.00,0.00
2016.02.23 18:23:47.908,12.22939,12.2324,0.00,0.00
2016.02.23 18:23:48.193,12.22939,12.2321,0.00,0.00
2016.02.23 18:23:48.945,12.2292,12.2321,0.00,0.00
2016.02.23 18:23:48.996,12.22888,12.23191,0.00,0.00
2016.02.23 18:23:49.615,12.22888,12.2319,0.00,0.00
2016.02.23 18:23:50.207,12.22888,12.2321,0.00,0.00
2016.02.23 18:23:50.257,12.22938,12.2321,0.00,0.00
2016.02.23 18:23:50.358,12.22938,12.23218,0.00,0.00
2016.02.23 18:23:50.409,12.22938,12.23231,0.00,0.00
2016.02.23 18:23:50.610,12.2292,12.2323,0.00,0.00
2016.02.23 18:23:50.661,12.22888,12.232,0.00,0.00
2016.02.23 18:23:51.966,12.22888,12.23201,0.00,0.00
2016.02.23 18:23:52.185,12.22888,12.2321,0.00,0.00
2016.02.23 18:23:52.449,12.22869,12.23201,0.00,0.00
2016.02.23 18:23:52.607,12.22839,12.2314,0.00,0.00
2016.02.23 18:23:53.113,12.22839,12.23141,0.00,0.00
2016.02.23 18:23:53.683,12.22839,12.2314,0.00,0.00
2016.02.23 18:23:54.185,12.22839,12.23141,0.00,0.00
2016.02.23 18:23:55.088,12.22839,12.2314,0.00,0.00
2016.02.23 18:23:56.258,12.22839,12.23141,0.00,0.00
2016.02.23 18:23:56.838,12.22839,12.2314,0.00,0.00
2016.02.23 18:23:57.396,12.22839,12.2313,0.00,0.00
2016.02.23 18:23:58.007,12.22839,12.23131,0.00,0.00
2016.02.23 18:23:58.357,12.22839,12.23121,0.00,0.00
2016.02.23 18:23:58.899,12.22839,12.2312,0.00,0.00
2016.02.23 18:23:59.012,12.22839,12.23131,0.00,0.00
2016.02.23 18:23:59.062,12.22888,12.23131,0.00,0.00
2016.02.23 18:23:59.113,12.22888,12.23181,0.00,0.00
2016.02.23 18:23:59.707,12.22888,12.23191,0.00,0.00
2016.02.23 18:24:00.221,12.22919,12.23219,0.00,0.00
2016.02.23 18:24:00.495,12.22938,12.2324,0.00,0.00
2016.02.23 18:24:01.006,12.22938,12.23241,0.00,0.00
2016.02.23 18:24:02.011,12.22938,12.2324,0.00,0.00
2016.02.23 18:24:02.518,12.22938,12.23241,0.00,0.00
2016.02.23 18:24:03.475,12.22938,12.2324,0.00,0.00
2016.02.23 18:24:04.011,12.22988,12.23241,0.00,0.00
2016.02.23 18:24:04.062,12.22988,12.23281,0.00,0.00
2016.02.23 18:24:04.113,12.23039,12.23281,0.00,0.00
2016.02.23 18:24:04.163,12.23039,12.23318,0.00,0.00
2016.02.23 18:24:05.243,12.22989,12.2327,0.00,0.00
2016.02.23 18:24:05.344,12.22989,12.2329,0.00,0.00
2016.02.23 18:24:05.897,12.22989,12.23301,0.00,0.00
2016.02.23 18:24:06.890,12.22989,12.233,0.00,0.00
2016.02.23 18:24:07.232,12.22969,12.23301,0.00,0.00
2016.02.23 18:24:07.283,12.22938,12.23201,0.00,0.00
2016.02.23 18:24:07.878,12.22938,12.23221,0.00,0.00
2016.02.23 18:24:08.259,12.22938,12.23241,0.00,0.00
2016.02.23 18:24:08.819,12.22938,12.2324,0.00,0.00
2016.02.23 18:24:09.523,12.22938,12.23241,0.00,0.00
2016.02.23 18:24:10.159,12.22938,12.2324,0.00,0.00
2016.02.23 18:24:10.761,12.22938,12.23241,0.00,0.00
2016.02.23 18:24:11.313,12.22938,12.2324,0.00,0.00
2016.02.23 18:24:11.416,12.22988,12.23241,0.00,0.00
2016.02.23 18:24:11.617,12.22938,12.23241,0.00,0.00
2016.02.23 18:24:12.467,12.22938,12.2324,0.00,0.00
2016.02.23 18:24:13.170,12.22938,12.23241,0.00,0.00
2016.02.23 18:24:13.675,12.22938,12.2324,0.00,0.00
2016.02.23 18:24:14.320,12.22938,12.2323,0.00,0.00
2016.02.23 18:24:14.868,12.22938,12.23231,0.00,0.00
2016.02.23 18:24:15.177,12.22938,12.2321,0.00,0.00
2016.02.23 18:24:15.502,12.22938,12.23191,0.00,0.00
2016.02.23 18:24:15.603,12.22938,12.232,0.00,0.00
2016.02.23 18:24:16.132,12.22938,12.2324,0.00,0.00
2016.02.23 18:24:16.654,12.22938,12.23241,0.00,0.00
2016.02.23 18:24:17.888,12.22938,12.2324,0.00,0.00
2016.02.23 18:24:18.398,12.22938,12.23241,0.00,0.00
2016.02.23 18:24:18.939,12.22938,12.2324,0.00,0.00
2016.02.23 18:24:20.196,12.22938,12.23241,0.00,0.00
2016.02.23 18:24:20.898,12.22938,12.2324,0.00,0.00
2016.02.23 18:24:21.399,12.22938,12.23241,0.00,0.00
2016.02.23 18:24:21.705,12.22969,12.23302,0.00,0.00
2016.02.23 18:24:21.756,12.22988,12.23318,0.00,0.00
2016.02.23 18:24:22.065,12.23038,12.23318,0.00,0.00
2016.02.23 18:24:23.091,12.23038,12.23341,0.00,0.00
2016.02.23 18:24:24.704,12.23089,12.23341,0.00,0.00
2016.02.23 18:24:24.754,12.23089,12.234,0.00,0.00
2016.02.23 18:24:25.288,12.23089,12.23401,0.00,0.00
2016.02.23 18:24:25.338,12.23038,12.23341,0.00,0.00
2016.02.23 18:24:26.417,12.23038,12.2334,0.00,0.00
2016.02.23 18:24:26.826,12.23038,12.23321,0.00,0.00
2016.02.23 18:24:27.262,12.23038,12.23311,0.00,0.00
2016.02.23 18:24:28.233,12.23038,12.2332,0.00,0.00
2016.02.23 18:24:28.609,12.23038,12.23311,0.00,0.00
2016.02.23 18:24:28.737,12.23038,12.2332,0.00,0.00
2016.02.23 18:24:29.426,12.23038,12.23321,0.00,0.00
2016.02.23 18:24:29.775,12.23038,12.233,0.00,0.00
2016.02.23 18:24:29.876,12.23038,12.23311,0.00,0.00
2016.02.23 18:24:30.129,12.23038,12.23291,0.00,0.00
2016.02.23 18:24:30.388,12.23038,12.23341,0.00,0.00
2016.02.23 18:24:30.676,12.23038,12.2332,0.00,0.00
2016.02.23 18:24:31.572,12.23038,12.23331,0.00,0.00
2016.02.23 18:24:32.988,12.23038,12.2333,0.00,0.00
2016.02.23 18:24:33.567,12.23038,12.23331,0.00,0.00
2016.02.23 18:24:33.640,12.23038,12.2332,0.00,0.00
2016.02.23 18:24:34.390,12.23038,12.2331,0.00,0.00
2016.02.23 18:24:35.044,12.23038,12.23311,0.00,0.00
2016.02.23 18:24:35.145,12.23038,12.23321,0.00,0.00
2016.02.23 18:24:35.446,12.23038,12.23311,0.00,0.00
2016.02.23 18:24:36.550,12.23038,12.2331,0.00,0.00
2016.02.23 18:24:36.851,12.23038,12.233,0.00,0.00
2016.02.23 18:24:37.276,12.23038,12.23291,0.00,0.00
2016.02.23 18:24:37.548,12.22938,12.2322,0.00,0.00
2016.02.23 18:24:37.854,12.22938,12.23231,0.00,0.00
2016.02.23 18:24:37.955,12.22969,12.23241,0.00,0.00
2016.02.23 18:24:38.056,12.22938,12.2324,0.00,0.00
2016.02.23 18:24:38.258,12.22938,12.23231,0.00,0.00
2016.02.23 18:24:38.359,12.22938,12.2324,0.00,0.00
2016.02.23 18:24:39.080,12.22938,12.23241,0.00,0.00
2016.02.23 18:24:39.260,12.22938,12.23231,0.00,0.00
2016.02.23 18:24:39.688,12.22988,12.23281,0.00,0.00
2016.02.23 18:24:39.761,12.2302,12.23319,0.00,0.00
2016.02.23 18:24:39.812,12.23039,12.23319,0.00,0.00
2016.02.23 18:24:41.048,12.23039,12.23341,0.00,0.00
2016.02.23 18:24:41.236,12.23089,12.2334,0.00,0.00
2016.02.23 18:24:41.286,12.23089,12.23351,0.00,0.00
2016.02.23 18:24:41.910,12.23089,12.23369,0.00,0.00
2016.02.23 18:24:42.361,12.23089,12.234,0.00,0.00
2016.02.23 18:24:42.461,12.23089,12.23411,0.00,0.00
2016.02.23 18:24:42.648,12.23138,12.23411,0.00,0.00
2016.02.23 18:24:42.699,12.23138,12.23418,0.00,0.00
2016.02.23 18:24:43.790,12.23088,12.2341,0.00,0.00
2016.02.23 18:24:44.327,12.23088,12.23411,0.00,0.00
2016.02.23 18:24:44.958,12.23088,12.2341,0.00,0.00
2016.02.23 18:24:45.181,12.23139,12.2342,0.00,0.00
2016.02.23 18:24:45.827,12.2312,12.2342,0.00,0.00
2016.02.23 18:24:45.929,12.23089,12.234,0.00,0.00
2016.02.23 18:24:46.486,12.23089,12.23401,0.00,0.00
2016.02.23 18:24:46.589,12.23138,12.23401,0.00,0.00
2016.02.23 18:24:46.690,12.23138,12.23418,0.00,0.00
2016.02.23 18:24:47.840,12.23138,12.23421,0.00,0.00
2016.02.23 18:24:48.711,12.23138,12.2342,0.00,0.00
2016.02.23 18:24:49.293,12.23138,12.23421,0.00,0.00
2016.02.23 18:24:49.782,12.23138,12.23411,0.00,0.00
2016.02.23 18:24:49.836,12.23138,12.23421,0.00,0.00
2016.02.23 18:24:49.896,12.23138,12.23411,0.00,0.00
2016.02.23 18:24:50.499,12.23138,12.2341,0.00,0.00
2016.02.23 18:24:50.700,12.23088,12.23411,0.00,0.00
2016.02.23 18:24:50.751,12.23088,12.23341,0.00,0.00
2016.02.23 18:24:51.018,12.23038,12.23341,0.00,0.00
2016.02.23 18:24:51.350,12.23038,12.2332,0.00,0.00
2016.02.23 18:24:51.652,12.23021,12.233,0.00,0.00
2016.02.23 18:24:51.753,12.22989,12.2327,0.00,0.00
2016.02.23 18:24:51.853,12.22989,12.2329,0.00,0.00
2016.02.23 18:24:52.498,12.22989,12.23291,0.00,0.00
2016.02.23 18:24:52.707,12.22989,12.23301,0.00,0.00
2016.02.23 18:24:53.310,12.22989,12.233,0.00,0.00
2016.02.23 18:24:54.414,12.22989,12.23301,0.00,0.00
2016.02.23 18:24:54.959,12.22989,12.233,0.00,0.00
2016.02.23 18:24:55.573,12.22989,12.23301,0.00,0.00
2016.02.23 18:24:55.946,12.23039,12.23301,0.00,0.00
2016.02.23 18:24:56.047,12.23039,12.23341,0.00,0.00
2016.02.23 18:24:56.555,12.23039,12.2334,0.00,0.00
2016.02.23 18:24:57.124,12.23039,12.23341,0.00,0.00
2016.02.23 18:24:58.047,12.23039,12.2334,0.00,0.00
2016.02.23 18:24:58.579,12.2302,12.2334,0.00,0.00
2016.02.23 18:24:58.630,12.22988,12.233,0.00,0.00
2016.02.23 18:24:59.191,12.22988,12.23301,0.00,0.00
2016.02.23 18:24:59.734,12.22988,12.233,0.00,0.00
2016.02.23 18:25:00.558,12.22988,12.23301,0.00,0.00
2016.02.23 18:25:01.176,12.22988,12.233,0.00,0.00
2016.02.23 18:25:01.811,12.22988,12.23301,0.00,0.00
2016.02.23 18:25:02.364,12.22988,12.233,0.00,0.00
2016.02.23 18:25:02.804,12.23039,12.233,0.00,0.00
2016.02.23 18:25:03.340,12.23038,12.23301,0.00,0.00
2016.02.23 18:25:04.270,12.23038,12.23311,0.00,0.00
2016.02.23 18:25:04.872,12.23038,12.2331,0.00,0.00
2016.02.23 18:25:05.458,12.23038,12.23311,0.00,0.00
2016.02.23 18:25:06.074,12.23038,12.2331,0.00,0.00
2016.02.23 18:25:06.192,12.23038,12.2332,0.00,0.00
2016.02.23 18:25:06.887,12.23038,12.23321,0.00,0.00
2016.02.23 18:25:07.724,12.23038,12.2332,0.00,0.00
2016.02.23 18:25:08.196,12.23038,12.23331,0.00,0.00
2016.02.23 18:25:08.514,12.23038,12.23341,0.00,0.00
2016.02.23 18:25:09.094,12.23038,12.2334,0.00,0.00
2016.02.23 18:25:09.697,12.23038,12.23341,0.00,0.00
2016.02.23 18:25:10.762,12.23038,12.23319,0.00,0.00
2016.02.23 18:25:10.914,12.22989,12.23271,0.00,0.00
2016.02.23 18:25:11.112,12.22989,12.23291,0.00,0.00
2016.02.23 18:25:11.419,12.22989,12.23301,0.00,0.00
2016.02.23 18:25:11.603,12.23019,12.23319,0.00,0.00
2016.02.23 18:25:11.904,12.23038,12.23319,0.00,0.00
2016.02.23 18:25:12.206,12.23038,12.23341,0.00,0.00
2016.02.23 18:25:13.910,12.23038,12.2334,0.00,0.00
2016.02.23 18:25:14.641,12.23038,12.23341,0.00,0.00
2016.02.23 18:25:15.716,12.23038,12.2334,0.00,0.00
2016.02.23 18:25:16.494,12.23038,12.23341,0.00,0.00
2016.02.23 18:25:17.764,12.23038,12.2334,0.00,0.00
2016.02.23 18:25:18.310,12.23038,12.23341,0.00,0.00
2016.02.23 18:25:19.128,12.23038,12.2334,0.00,0.00
2016.02.23 18:25:19.643,12.23038,12.23341,0.00,0.00
2016.02.23 18:25:20.334,12.23038,12.2334,0.00,0.00
2016.02.23 18:25:20.981,12.23038,12.23341,0.00,0.00
2016.02.23 18:25:21.846,12.23038,12.2334,0.00,0.00
2016.02.23 18:25:22.348,12.23038,12.23341,0.00,0.00
2016.02.23 18:25:22.949,12.23038,12.2334,0.00,0.00
2016.02.23 18:25:23.552,12.23038,12.23341,0.00,0.00
2016.02.23 18:25:24.071,12.23038,12.2334,0.00,0.00
2016.02.23 18:25:24.616,12.23038,12.23341,0.00,0.00
2016.02.23 18:25:25.048,12.23088,12.23381,0.00,0.00
2016.02.23 18:25:25.099,12.23119,12.23419,0.00,0.00
2016.02.23 18:25:25.200,12.23138,12.23419,0.00,0.00
2016.02.23 18:25:25.639,12.23119,12.23392,0.00,0.00
2016.02.23 18:25:25.798,12.23039,12.2334,0.00,0.00
2016.02.23 18:25:26.327,12.23039,12.23341,0.00,0.00
2016.02.23 18:25:27.116,12.23088,12.23341,0.00,0.00
2016.02.23 18:25:27.217,12.23119,12.23401,0.00,0.00
2016.02.23 18:25:27.268,12.23088,12.23351,0.00,0.00
2016.02.23 18:25:27.419,12.23071,12.23341,0.00,0.00
2016.02.23 18:25:27.752,12.23088,12.2334,0.00,0.00
2016.02.23 18:25:27.803,12.23088,12.23371,0.00,0.00
2016.02.23 18:25:27.904,12.2312,12.2344,0.00,0.00
2016.02.23 18:25:28.067,12.23138,12.23441,0.00,0.00
2016.02.23 18:25:28.807,12.23138,12.23421,0.00,0.00
2016.02.23 18:25:29.312,12.23138,12.2342,0.00,0.00
2016.02.23 18:25:29.381,12.23138,12.23431,0.00,0.00
2016.02.23 18:25:30.054,12.23119,12.23431,0.00,0.00
2016.02.23 18:25:30.104,12.23088,12.2334,0.00,0.00
2016.02.23 18:25:30.269,12.23038,12.23341,0.00,0.00
2016.02.23 18:25:30.873,12.23038,12.2334,0.00,0.00
2016.02.23 18:25:31.529,12.23038,12.23341,0.00,0.00
2016.02.23 18:25:33.895,12.23038,12.2334,0.00,0.00
2016.02.23 18:25:34.497,12.23038,12.23341,0.00,0.00
2016.02.23 18:25:34.999,12.23038,12.2334,0.00,0.00
2016.02.23 18:25:35.556,12.23038,12.23341,0.00,0.00
2016.02.23 18:25:36.002,12.23038,12.23368,0.00,0.00
2016.02.23 18:25:36.103,12.23089,12.2338,0.00,0.00
2016.02.23 18:25:36.613,12.23089,12.23381,0.00,0.00
2016.02.23 18:25:37.625,12.23089,12.2338,0.00,0.00
2016.02.23 18:25:38.235,12.23089,12.23381,0.00,0.00
2016.02.23 18:25:38.666,12.23138,12.23381,0.00,0.00
2016.02.23 18:25:38.716,12.23138,12.2341,0.00,0.00
2016.02.23 18:25:38.923,12.23138,12.23441,0.00,0.00
2016.02.23 18:25:39.387,12.23188,12.2344,0.00,0.00
2016.02.23 18:25:39.438,12.23188,12.23469,0.00,0.00
2016.02.23 18:25:39.539,12.23188,12.23471,0.00,0.00
2016.02.23 18:25:39.639,12.23238,12.2349,0.00,0.00
2016.02.23 18:25:40.016,12.23238,12.23501,0.00,0.00
2016.02.23 18:25:40.067,12.23172,12.23501,0.00,0.00
2016.02.23 18:25:40.117,12.23172,12.23441,0.00,0.00
2016.02.23 18:25:40.218,12.23172,12.23481,0.00,0.00
2016.02.23 18:25:40.269,12.23238,12.23481,0.00,0.00
2016.02.23 18:25:40.319,12.23238,12.23491,0.00,0.00
2016.02.23 18:25:40.809,12.23238,12.2352,0.00,0.00
2016.02.23 18:25:41.322,12.23238,12.23521,0.00,0.00
2016.02.23 18:25:41.454,12.23238,12.23511,0.00,0.00
2016.02.23 18:25:41.505,12.23189,12.23511,0.00,0.00
2016.02.23 18:25:41.555,12.23189,12.2346,0.00,0.00
2016.02.23 18:25:41.656,12.23189,12.23501,0.00,0.00
2016.02.23 18:25:41.707,12.23238,12.23501,0.00,0.00
2016.02.23 18:25:42.009,12.23238,12.2347,0.00,0.00
2016.02.23 18:25:42.233,12.23138,12.23441,0.00,0.00
2016.02.23 18:25:42.758,12.23138,12.2344,0.00,0.00
2016.02.23 18:25:43.254,12.23238,12.23469,0.00,0.00
2016.02.23 18:25:43.558,12.23238,12.23461,0.00,0.00
2016.02.23 18:25:44.087,12.23238,12.2346,0.00,0.00
2016.02.23 18:25:44.596,12.23238,12.23461,0.00,0.00
2016.02.23 18:25:45.086,12.23238,12.23471,0.00,0.00
2016.02.23 18:25:45.141,12.23238,12.23461,0.00,0.00
2016.02.23 18:25:45.646,12.23238,12.2346,0.00,0.00
2016.02.23 18:25:46.154,12.23238,12.23461,0.00,0.00
2016.02.23 18:25:46.347,12.23238,12.235,0.00,0.00
2016.02.23 18:25:46.761,12.23238,12.23511,0.00,0.00
2016.02.23 18:25:48.286,12.23238,12.2351,0.00,0.00
2016.02.23 18:25:48.456,12.23238,12.2352,0.00,0.00
2016.02.23 18:25:48.957,12.23238,12.23521,0.00,0.00
2016.02.23 18:25:49.459,12.23269,12.23591,0.00,0.00
2016.02.23 18:25:49.510,12.23288,12.23611,0.00,0.00
2016.02.23 18:25:49.560,12.23319,12.23619,0.00,0.00
2016.02.23 18:25:49.862,12.23339,12.23619,0.00,0.00
2016.02.23 18:25:50.851,12.23339,12.23641,0.00,0.00
2016.02.23 18:25:51.466,12.23339,12.2364,0.00,0.00
2016.02.23 18:25:51.967,12.23339,12.23641,0.00,0.00
2016.02.23 18:25:52.468,12.23339,12.2364,0.00,0.00
2016.02.23 18:25:53.300,12.23339,12.23641,0.00,0.00
2016.02.23 18:25:53.401,12.23339,12.23621,0.00,0.00
2016.02.23 18:25:54.783,12.23339,12.2362,0.00,0.00
2016.02.23 18:25:55.378,12.23339,12.23621,0.00,0.00
2016.02.23 18:25:55.604,12.23339,12.23641,0.00,0.00
2016.02.23 18:25:56.339,12.23389,12.23641,0.00,0.00
2016.02.23 18:25:56.390,12.23389,12.23692,0.00,0.00
2016.02.23 18:25:56.441,12.23389,12.2371,0.00,0.00
2016.02.23 18:25:56.491,12.23389,12.23641,0.00,0.00
2016.02.23 18:25:56.693,12.23339,12.23641,0.00,0.00
2016.02.23 18:25:57.306,12.23339,12.2364,0.00,0.00
2016.02.23 18:25:57.917,12.23339,12.23641,0.00,0.00
2016.02.23 18:25:58.392,12.23339,12.23631,0.00,0.00
2016.02.23 18:25:58.992,12.23339,12.2363,0.00,0.00
2016.02.23 18:25:59.594,12.23339,12.23631,0.00,0.00
2016.02.23 18:26:00.311,12.23339,12.23551,0.00,0.00
2016.02.23 18:26:00.412,12.23339,12.2359,0.00,0.00
2016.02.23 18:26:00.926,12.23339,12.23591,0.00,0.00
2016.02.23 18:26:01.200,12.23388,12.2363,0.00,0.00
2016.02.23 18:26:01.560,12.23338,12.236,0.00,0.00
2016.02.23 18:26:01.611,12.23338,12.23611,0.00,0.00
2016.02.23 18:26:01.712,12.23338,12.23601,0.00,0.00
2016.02.23 18:26:02.715,12.23338,12.2359,0.00,0.00
2016.02.23 18:26:04.158,12.23338,12.23581,0.00,0.00
2016.02.23 18:26:05.672,12.23338,12.23611,0.00,0.00
2016.02.23 18:26:06.146,12.23338,12.23601,0.00,0.00
2016.02.23 18:26:06.748,12.23338,12.236,0.00,0.00
2016.02.23 18:26:07.250,12.23338,12.23601,0.00,0.00
2016.02.23 18:26:07.953,12.23338,12.236,0.00,0.00
2016.02.23 18:26:08.623,12.23338,12.23601,0.00,0.00
2016.02.23 18:26:09.417,12.23338,12.236,0.00,0.00
2016.02.23 18:26:10.260,12.23338,12.23601,0.00,0.00
2016.02.23 18:26:11.493,12.23338,12.236,0.00,0.00
2016.02.23 18:26:12.144,12.23338,12.23601,0.00,0.00
2016.02.23 18:26:12.466,12.23338,12.2357,0.00,0.00
2016.02.23 18:26:12.968,12.23338,12.23571,0.00,0.00
2016.02.23 18:26:13.984,12.23338,12.2357,0.00,0.00
2016.02.23 18:26:14.536,12.23338,12.23571,0.00,0.00
2016.02.23 18:26:15.074,12.23338,12.2357,0.00,0.00
2016.02.23 18:26:15.686,12.23338,12.23571,0.00,0.00
2016.02.23 18:26:15.737,12.23338,12.236,0.00,0.00
2016.02.23 18:26:15.897,12.23338,12.23571,0.00,0.00
2016.02.23 18:26:16.579,12.23338,12.2357,0.00,0.00
2016.02.23 18:26:17.081,12.23338,12.23571,0.00,0.00
2016.02.23 18:26:17.683,12.23338,12.2357,0.00,0.00
2016.02.23 18:26:18.218,12.23338,12.23571,0.00,0.00
2016.02.23 18:26:18.768,12.23338,12.2357,0.00,0.00
2016.02.23 18:26:18.819,12.23338,12.23601,0.00,0.00
2016.02.23 18:26:18.920,12.23338,12.23611,0.00,0.00
2016.02.23 18:26:19.488,12.23338,12.2361,0.00,0.00
2016.02.23 18:26:19.991,12.23338,12.23611,0.00,0.00
2016.02.23 18:26:20.316,12.23338,12.23621,0.00,0.00
2016.02.23 18:26:21.397,12.23338,12.2362,0.00,0.00
2016.02.23 18:26:22.319,12.23338,12.2359,0.00,0.00
2016.02.23 18:26:22.419,12.23338,12.2361,0.00,0.00
2016.02.23 18:26:22.954,12.23338,12.23611,0.00,0.00
2016.02.23 18:26:23.005,12.23338,12.236,0.00,0.00
2016.02.23 18:26:23.306,12.23338,12.23611,0.00,0.00
2016.02.23 18:26:23.521,12.23439,12.2367,0.00,0.00
2016.02.23 18:26:23.622,12.23439,12.23701,0.00,0.00
2016.02.23 18:26:24.509,12.23439,12.237,0.00,0.00
2016.02.23 18:26:25.011,12.23439,12.23701,0.00,0.00
2016.02.23 18:26:25.752,12.23439,12.237,0.00,0.00
2016.02.23 18:26:26.265,12.23439,12.23701,0.00,0.00
2016.02.23 18:26:26.851,12.23439,12.2371,0.00,0.00
2016.02.23 18:26:26.951,12.23439,12.2365,0.00,0.00
2016.02.23 18:26:27.056,12.23439,12.23671,0.00,0.00
2016.02.23 18:26:27.156,12.23439,12.23691,0.00,0.00
2016.02.23 18:26:27.716,12.23439,12.2369,0.00,0.00
2016.02.23 18:26:27.821,12.23439,12.23701,0.00,0.00
2016.02.23 18:26:28.058,12.23439,12.23721,0.00,0.00
2016.02.23 18:26:28.159,12.23439,12.2374,0.00,0.00
2016.02.23 18:26:28.259,12.23439,12.2367,0.00,0.00
2016.02.23 18:26:28.360,12.23439,12.23691,0.00,0.00
2016.02.23 18:26:28.930,12.23439,12.2369,0.00,0.00
2016.02.23 18:26:29.869,12.23439,12.23691,0.00,0.00
2016.02.23 18:26:29.933,12.23439,12.237,0.00,0.00
2016.02.23 18:26:30.435,12.23439,12.23701,0.00,0.00
2016.02.23 18:26:30.834,12.23439,12.2364,0.00,0.00
2016.02.23 18:26:31.339,12.23388,12.23641,0.00,0.00
2016.02.23 18:26:31.785,12.23369,12.23641,0.00,0.00
2016.02.23 18:26:31.886,12.23338,12.23641,0.00,0.00
2016.02.23 18:26:33.446,12.23338,12.2364,0.00,0.00
2016.02.23 18:26:34.208,12.23338,12.23641,0.00,0.00
2016.02.23 18:26:34.872,12.23338,12.2364,0.00,0.00
2016.02.23 18:26:34.923,12.23372,12.2364,0.00,0.00
2016.02.23 18:26:35.174,12.23388,12.23671,0.00,0.00
2016.02.23 18:26:35.275,12.23388,12.23641,0.00,0.00
2016.02.23 18:26:35.466,12.23388,12.23671,0.00,0.00
2016.02.23 18:26:35.716,12.23369,12.23669,0.00,0.00
2016.02.23 18:26:36.021,12.23388,12.23669,0.00,0.00
2016.02.23 18:26:37.094,12.23388,12.2369,0.00,0.00
2016.02.23 18:26:37.246,12.23438,12.23691,0.00,0.00
2016.02.23 18:26:37.297,12.23438,12.23711,0.00,0.00
2016.02.23 18:26:37.398,12.23438,12.237,0.00,0.00
2016.02.23 18:26:37.931,12.23438,12.23701,0.00,0.00
2016.02.23 18:26:38.289,12.23438,12.2371,0.00,0.00
2016.02.23 18:26:38.462,12.23438,12.23719,0.00,0.00
2016.02.23 18:26:38.513,12.23438,12.23721,0.00,0.00
2016.02.23 18:26:38.930,12.23419,12.23721,0.00,0.00
2016.02.23 18:26:38.981,12.23388,12.2364,0.00,0.00
2016.02.23 18:26:39.691,12.23388,12.23681,0.00,0.00
2016.02.23 18:26:39.875,12.23388,12.23641,0.00,0.00
2016.02.23 18:26:40.560,12.23388,12.2364,0.00,0.00
2016.02.23 18:26:41.071,12.23388,12.23641,0.00,0.00
2016.02.23 18:26:41.541,12.23338,12.23641,0.00,0.00
2016.02.23 18:26:42.085,12.23338,12.2364,0.00,0.00
2016.02.23 18:26:42.675,12.23338,12.23641,0.00,0.00
2016.02.23 18:26:42.876,12.23439,12.23681,0.00,0.00
2016.02.23 18:26:42.977,12.23439,12.23721,0.00,0.00
2016.02.23 18:26:43.087,12.23439,12.23711,0.00,0.00
2016.02.23 18:26:43.279,12.23439,12.23731,0.00,0.00
2016.02.23 18:26:43.889,12.23439,12.2373,0.00,0.00
2016.02.23 18:26:44.783,12.23439,12.23731,0.00,0.00
2016.02.23 18:26:45.785,12.23439,12.23769,0.00,0.00
2016.02.23 18:26:45.892,12.23439,12.2374,0.00,0.00
2016.02.23 18:26:46.910,12.23439,12.23741,0.00,0.00
2016.02.23 18:26:47.928,12.23439,12.2374,0.00,0.00
2016.02.23 18:26:48.594,12.23439,12.23741,0.00,0.00
2016.02.23 18:26:49.197,12.23439,12.2374,0.00,0.00
2016.02.23 18:26:49.925,12.23439,12.23741,0.00,0.00
2016.02.23 18:26:50.881,12.23439,12.2373,0.00,0.00
2016.02.23 18:26:51.404,12.23439,12.23721,0.00,0.00
2016.02.23 18:26:51.714,12.23439,12.237,0.00,0.00
2016.02.23 18:26:52.408,12.23439,12.23701,0.00,0.00
2016.02.23 18:26:52.709,12.23439,12.23641,0.00,0.00
2016.02.23 18:26:53.311,12.23439,12.2364,0.00,0.00
2016.02.23 18:26:54.222,12.23439,12.23711,0.00,0.00
2016.02.23 18:26:54.715,12.23439,12.23721,0.00,0.00
2016.02.23 18:26:55.884,12.23439,12.2372,0.00,0.00
2016.02.23 18:26:56.492,12.23439,12.23721,0.00,0.00
2016.02.23 18:26:57.370,12.23439,12.2372,0.00,0.00
2016.02.23 18:26:57.877,12.23439,12.23721,0.00,0.00
2016.02.23 18:26:58.538,12.23439,12.2372,0.00,0.00
2016.02.23 18:26:59.197,12.23439,12.23721,0.00,0.00
2016.02.23 18:26:59.403,12.23428,12.23721,0.00,0.00
2016.02.23 18:26:59.680,12.23428,12.2369,0.00,0.00
2016.02.23 18:27:00.216,12.23428,12.23691,0.00,0.00
2016.02.23 18:27:00.266,12.23428,12.23741,0.00,0.00
2016.02.23 18:27:00.637,12.23428,12.23731,0.00,0.00
2016.02.23 18:27:01.137,12.23428,12.23741,0.00,0.00
2016.02.23 18:27:01.640,12.23428,12.2374,0.00,0.00
2016.02.23 18:27:02.148,12.23479,12.23771,0.00,0.00
2016.02.23 18:27:02.455,12.23528,12.238,0.00,0.00
2016.02.23 18:27:02.556,12.23528,12.23811,0.00,0.00
2016.02.23 18:27:03.097,12.23528,12.2381,0.00,0.00
2016.02.23 18:27:03.410,12.23528,12.23798,0.00,0.00
2016.02.23 18:27:03.662,12.23429,12.23741,0.00,0.00
2016.02.23 18:27:04.472,12.23429,12.2374,0.00,0.00
2016.02.23 18:27:05.381,12.23429,12.23741,0.00,0.00
2016.02.23 18:27:05.785,12.23528,12.2377,0.00,0.00
2016.02.23 18:27:06.752,12.23479,12.2377,0.00,0.00
2016.02.23 18:27:06.802,12.23479,12.23741,0.00,0.00
2016.02.23 18:27:06.866,12.23479,12.23751,0.00,0.00
2016.02.23 18:27:07.068,12.23478,12.2379,0.00,0.00
2016.02.23 18:27:07.676,12.23478,12.23791,0.00,0.00
2016.02.23 18:27:08.604,12.23529,12.238,0.00,0.00
2016.02.23 18:27:08.913,12.23478,12.2374,0.00,0.00
2016.02.23 18:27:09.656,12.23478,12.23741,0.00,0.00
2016.02.23 18:27:10.270,12.23478,12.2374,0.00,0.00
2016.02.23 18:27:10.579,12.23528,12.23741,0.00,0.00
2016.02.23 18:27:10.696,12.23528,12.2377,0.00,0.00
2016.02.23 18:27:10.897,12.23528,12.23801,0.00,0.00
2016.02.23 18:27:11.108,12.23528,12.2374,0.00,0.00
2016.02.23 18:27:11.209,12.23528,12.23791,0.00,0.00
2016.02.23 18:27:11.310,12.23528,12.23801,0.00,0.00
2016.02.23 18:27:11.816,12.23528,12.23811,0.00,0.00
2016.02.23 18:27:12.882,12.23528,12.2381,0.00,0.00
2016.02.23 18:27:13.419,12.23528,12.23811,0.00,0.00
2016.02.23 18:27:14.190,12.23528,12.2381,0.00,0.00
2016.02.23 18:27:14.789,12.23528,12.23811,0.00,0.00
2016.02.23 18:27:15.731,12.23528,12.2381,0.00,0.00
2016.02.23 18:27:16.327,12.23528,12.23811,0.00,0.00
2016.02.23 18:27:16.428,12.23528,12.2379,0.00,0.00
2016.02.23 18:27:17.097,12.23528,12.23791,0.00,0.00
2016.02.23 18:27:17.201,12.23528,12.23801,0.00,0.00
2016.02.23 18:27:17.849,12.23528,12.2379,0.00,0.00
2016.02.23 18:27:18.248,12.23528,12.23779,0.00,0.00
2016.02.23 18:27:18.299,12.23479,12.23779,0.00,0.00
2016.02.23 18:27:18.349,12.23479,12.2373,0.00,0.00
2016.02.23 18:27:18.400,12.23428,12.2373,0.00,0.00
2016.02.23 18:27:18.834,12.23422,12.23679,0.00,0.00
2016.02.23 18:27:18.935,12.23379,12.23641,0.00,0.00
2016.02.23 18:27:19.074,12.23329,12.2364,0.00,0.00
2016.02.23 18:27:19.839,12.23329,12.23641,0.00,0.00
2016.02.23 18:27:20.146,12.23379,12.2364,0.00,0.00
2016.02.23 18:27:20.246,12.23379,12.23668,0.00,0.00
2016.02.23 18:27:20.297,12.23379,12.23701,0.00,0.00
2016.02.23 18:27:20.348,12.23379,12.2367,0.00,0.00
2016.02.23 18:27:20.867,12.23379,12.23641,0.00,0.00
2016.02.23 18:27:21.655,12.23379,12.23711,0.00,0.00
2016.02.23 18:27:22.078,12.23379,12.2364,0.00,0.00
2016.02.23 18:27:22.128,12.2337,12.2364,0.00,0.00
2016.02.23 18:27:22.179,12.23339,12.2364,0.00,0.00
2016.02.23 18:27:22.808,12.23339,12.23641,0.00,0.00
2016.02.23 18:27:23.456,12.23389,12.23669,0.00,0.00
2016.02.23 18:27:23.556,12.23369,12.23669,0.00,0.00
2016.02.23 18:27:23.658,12.23338,12.2364,0.00,0.00
2016.02.23 18:27:24.160,12.23338,12.23641,0.00,0.00
2016.02.23 18:27:24.702,12.23338,12.2364,0.00,0.00
2016.02.23 18:27:25.350,12.23338,12.23641,0.00,0.00
2016.02.23 18:27:25.852,12.2337,12.23669,0.00,0.00
2016.02.23 18:27:26.253,12.23438,12.23718,0.00,0.00
2016.02.23 18:27:26.771,12.2342,12.23701,0.00,0.00
2016.02.23 18:27:26.822,12.2342,12.23699,0.00,0.00
2016.02.23 18:27:26.872,12.23339,12.2364,0.00,0.00
2016.02.23 18:27:27.427,12.23339,12.23641,0.00,0.00
2016.02.23 18:27:27.869,12.23389,12.23669,0.00,0.00
2016.02.23 18:27:28.374,12.23388,12.23669,0.00,0.00
2016.02.23 18:27:28.675,12.23388,12.23718,0.00,0.00
2016.02.23 18:27:28.776,12.23388,12.23711,0.00,0.00
2016.02.23 18:27:29.119,12.23438,12.23718,0.00,0.00
2016.02.23 18:27:29.570,12.23438,12.23699,0.00,0.00
2016.02.23 18:27:29.621,12.23339,12.23641,0.00,0.00
2016.02.23 18:27:30.277,12.23339,12.2364,0.00,0.00
2016.02.23 18:27:30.801,12.23339,12.23641,0.00,0.00
2016.02.23 18:27:31.381,12.23339,12.2364,0.00,0.00
2016.02.23 18:27:31.886,12.23339,12.23641,0.00,0.00
2016.02.23 18:27:32.518,12.23339,12.2364,0.00,0.00
2016.02.23 18:27:33.225,12.23339,12.23641,0.00,0.00
2016.02.23 18:27:34.380,12.23339,12.2364,0.00,0.00
2016.02.23 18:27:35.251,12.23339,12.23641,0.00,0.00
2016.02.23 18:27:35.431,12.23369,12.23681,0.00,0.00
2016.02.23 18:27:35.482,12.23389,12.23681,0.00,0.00
2016.02.23 18:27:35.532,12.23389,12.23699,0.00,0.00
2016.02.23 18:27:38.606,12.23338,12.23671,0.00,0.00
2016.02.23 18:27:38.657,12.23388,12.23669,0.00,0.00
2016.02.23 18:27:39.885,12.23388,12.23699,0.00,0.00
2016.02.23 18:27:41.225,12.23388,12.237,0.00,0.00
2016.02.23 18:27:41.276,12.23439,12.237,0.00,0.00
2016.02.23 18:27:41.326,12.23439,12.23721,0.00,0.00
2016.02.23 18:27:41.854,12.23439,12.23671,0.00,0.00
2016.02.23 18:27:42.529,12.23439,12.23721,0.00,0.00
2016.02.23 18:27:46.152,12.23439,12.2373,0.00,0.00
2016.02.23 18:27:46.531,12.23439,12.23721,0.00,0.00
2016.02.23 18:27:48.749,12.23439,12.23731,0.00,0.00
2016.02.23 18:27:49.251,12.23439,12.2373,0.00,0.00
2016.02.23 18:27:49.801,12.23439,12.2371,0.00,0.00
2016.02.23 18:27:50.209,12.23388,12.2364,0.00,0.00
2016.02.23 18:27:50.259,12.23338,12.2364,0.00,0.00
2016.02.23 18:27:50.411,12.23388,12.2364,0.00,0.00
2016.02.23 18:27:50.462,12.23388,12.237,0.00,0.00
2016.02.23 18:27:50.764,12.23438,12.23718,0.00,0.00
2016.02.23 18:27:51.241,12.23438,12.2374,0.00,0.00
2016.02.23 18:27:51.291,12.23539,12.23761,0.00,0.00
2016.02.23 18:27:51.609,12.23489,12.23761,0.00,0.00
2016.02.23 18:27:51.659,12.2352,12.23769,0.00,0.00
2016.02.23 18:27:51.760,12.23489,12.2374,0.00,0.00
2016.02.23 18:27:52.661,12.23489,12.23741,0.00,0.00
2016.02.23 18:27:53.163,12.23489,12.2374,0.00,0.00
2016.02.23 18:27:53.665,12.23489,12.23741,0.00,0.00
2016.02.23 18:27:53.786,12.2352,12.2381,0.00,0.00
2016.02.23 18:27:53.836,12.23538,12.2381,0.00,0.00
2016.02.23 18:27:54.421,12.23538,12.23811,0.00,0.00
2016.02.23 18:27:54.758,12.23588,12.23811,0.00,0.00
2016.02.23 18:27:54.809,12.23588,12.23841,0.00,0.00
2016.02.23 18:27:54.987,12.23588,12.23861,0.00,0.00
2016.02.23 18:27:55.689,12.23588,12.2386,0.00,0.00
2016.02.23 18:27:55.954,12.23538,12.23841,0.00,0.00
2016.02.23 18:27:56.307,12.2357,12.2386,0.00,0.00
2016.02.23 18:27:56.613,12.23589,12.2386,0.00,0.00
2016.02.23 18:27:57.150,12.23589,12.23861,0.00,0.00
2016.02.23 18:27:57.796,12.23589,12.2386,0.00,0.00
2016.02.23 18:27:58.448,12.23638,12.2386,0.00,0.00
2016.02.23 18:27:58.649,12.23538,12.2384,0.00,0.00
2016.02.23 18:27:59.216,12.23538,12.23811,0.00,0.00
2016.02.23 18:27:59.736,12.23538,12.2381,0.00,0.00
2016.02.23 18:28:00.089,12.23519,12.23811,0.00,0.00
2016.02.23 18:28:00.240,12.23519,12.23771,0.00,0.00
2016.02.23 18:28:00.345,12.23538,12.23801,0.00,0.00
2016.02.23 18:28:00.719,12.23538,12.23741,0.00,0.00
2016.02.23 18:28:00.770,12.23489,12.23741,0.00,0.00
2016.02.23 18:28:01.177,12.23438,12.2374,0.00,0.00
2016.02.23 18:28:01.703,12.23438,12.23741,0.00,0.00
2016.02.23 18:28:02.060,12.23429,12.23741,0.00,0.00
2016.02.23 18:28:02.669,12.23429,12.2374,0.00,0.00
2016.02.23 18:28:03.202,12.23429,12.23741,0.00,0.00
2016.02.23 18:28:03.253,12.23429,12.23731,0.00,0.00
2016.02.23 18:28:03.574,12.23429,12.23681,0.00,0.00
2016.02.23 18:28:03.625,12.23429,12.2369,0.00,0.00
2016.02.23 18:28:03.726,12.23419,12.23719,0.00,0.00
2016.02.23 18:28:03.826,12.23379,12.2367,0.00,0.00
2016.02.23 18:28:04.048,12.23328,12.23641,0.00,0.00
2016.02.23 18:28:04.570,12.23328,12.2364,0.00,0.00
2016.02.23 18:28:05.107,12.23328,12.23641,0.00,0.00
2016.02.23 18:28:05.722,12.23328,12.2364,0.00,0.00
2016.02.23 18:28:05.928,12.23328,12.2361,0.00,0.00
2016.02.23 18:28:06.257,12.23328,12.2358,0.00,0.00
2016.02.23 18:28:07.027,12.23328,12.23581,0.00,0.00
2016.02.23 18:28:07.330,12.23328,12.23621,0.00,0.00
2016.02.23 18:28:07.381,12.23319,12.23621,0.00,0.00
2016.02.23 18:28:07.431,12.23278,12.23541,0.00,0.00
2016.02.23 18:28:07.830,12.23279,12.2355,0.00,0.00
2016.02.23 18:28:08.031,12.23278,12.2354,0.00,0.00
2016.02.23 18:28:08.125,12.23229,12.2354,0.00,0.00
2016.02.23 18:28:08.176,12.23229,12.2352,0.00,0.00
2016.02.23 18:28:08.532,12.23229,12.23501,0.00,0.00
2016.02.23 18:28:09.658,12.23229,12.23468,0.00,0.00
2016.02.23 18:28:09.709,12.2322,12.23468,0.00,0.00
2016.02.23 18:28:09.810,12.23229,12.23451,0.00,0.00
2016.02.23 18:28:09.860,12.23229,12.23468,0.00,0.00
2016.02.23 18:28:10.038,12.23178,12.23441,0.00,0.00
2016.02.23 18:28:10.991,12.23169,12.23441,0.00,0.00
2016.02.23 18:28:11.042,12.23128,12.23431,0.00,0.00
2016.02.23 18:28:11.542,12.23128,12.2342,0.00,0.00
2016.02.23 18:28:11.794,12.2312,12.23418,0.00,0.00
2016.02.23 18:28:11.844,12.23078,12.2334,0.00,0.00
2016.02.23 18:28:11.994,12.2303,12.2334,0.00,0.00
2016.02.23 18:28:12.095,12.23069,12.2334,0.00,0.00
2016.02.23 18:28:12.146,12.23079,12.23401,0.00,0.00
2016.02.23 18:28:12.415,12.23079,12.23392,0.00,0.00
2016.02.23 18:28:12.546,12.23022,12.23341,0.00,0.00
2016.02.23 18:28:13.005,12.23022,12.23331,0.00,0.00
2016.02.23 18:28:13.056,12.23022,12.23341,0.00,0.00
2016.02.23 18:28:13.115,12.22999,12.23341,0.00,0.00
2016.02.23 18:28:13.166,12.2298,12.2334,0.00,0.00
2016.02.23 18:28:13.248,12.22979,12.23331,0.00,0.00
2016.02.23 18:28:13.750,12.22979,12.23341,0.00,0.00
2016.02.23 18:28:14.251,12.2298,12.2334,0.00,0.00
2016.02.23 18:28:14.753,12.22972,12.23241,0.00,0.00
2016.02.23 18:28:14.917,12.22879,12.23241,0.00,0.00
2016.02.23 18:28:15.274,12.22879,12.23231,0.00,0.00
2016.02.23 18:28:15.376,12.2288,12.2324,0.00,0.00
2016.02.23 18:28:15.944,12.22918,12.2324,0.00,0.00
2016.02.23 18:28:16.155,12.22989,12.23341,0.00,0.00
2016.02.23 18:28:16.205,12.22989,12.23331,0.00,0.00
2016.02.23 18:28:16.306,12.22989,12.23341,0.00,0.00
2016.02.23 18:28:16.558,12.2299,12.2333,0.00,0.00
2016.02.23 18:28:17.153,12.22989,12.23331,0.00,0.00
2016.02.23 18:28:17.214,12.22989,12.23341,0.00,0.00
2016.02.23 18:28:17.608,12.22989,12.23261,0.00,0.00
2016.02.23 18:28:17.709,12.22939,12.23241,0.00,0.00
2016.02.23 18:28:18.245,12.22969,12.23241,0.00,0.00
2016.02.23 18:28:18.295,12.22989,12.23318,0.00,0.00
2016.02.23 18:28:18.354,12.22989,12.23291,0.00,0.00
2016.02.23 18:28:18.767,12.22939,12.23241,0.00,0.00
2016.02.23 18:28:19.369,12.2294,12.2324,0.00,0.00
2016.02.23 18:28:20.272,12.22939,12.23241,0.00,0.00
2016.02.23 18:28:21.126,12.2294,12.2324,0.00,0.00
2016.02.23 18:28:21.671,12.22939,12.23241,0.00,0.00
2016.02.23 18:28:21.904,12.22989,12.23318,0.00,0.00
2016.02.23 18:28:22.005,12.22972,12.23241,0.00,0.00
2016.02.23 18:28:22.623,12.22889,12.23241,0.00,0.00
2016.02.23 18:28:23.168,12.2289,12.2324,0.00,0.00
2016.02.23 18:28:23.406,12.22872,12.23141,0.00,0.00
2016.02.23 18:28:23.608,12.22889,12.23181,0.00,0.00
2016.02.23 18:28:23.709,12.22872,12.23191,0.00,0.00
2016.02.23 18:28:24.010,12.2289,12.2322,0.00,0.00
2016.02.23 18:28:24.358,12.22889,12.23211,0.00,0.00
2016.02.23 18:28:24.413,12.2289,12.2323,0.00,0.00
2016.02.23 18:28:24.717,12.22889,12.23241,0.00,0.00
2016.02.23 18:28:25.225,12.2289,12.2324,0.00,0.00
2016.02.23 18:28:25.661,12.22839,12.23191,0.00,0.00
2016.02.23 18:28:25.834,12.22889,12.23192,0.00,0.00
2016.02.23 18:28:25.986,12.22889,12.23218,0.00,0.00
2016.02.23 18:28:26.689,12.2289,12.23218,0.00,0.00
2016.02.23 18:28:26.956,12.22889,12.23241,0.00,0.00
2016.02.23 18:28:27.594,12.2289,12.2324,0.00,0.00
2016.02.23 18:28:27.949,12.22889,12.23142,0.00,0.00
2016.02.23 18:28:28.000,12.22871,12.23141,0.00,0.00
2016.02.23 18:28:28.101,12.22789,12.23141,0.00,0.00
2016.02.23 18:28:28.620,12.2279,12.2314,0.00,0.00
2016.02.23 18:28:29.056,12.2284,12.23168,0.00,0.00
2016.02.23 18:28:29.359,12.22872,12.23141,0.00,0.00
2016.02.23 18:28:29.730,12.22789,12.23141,0.00,0.00
2016.02.23 18:28:29.781,12.22839,12.23141,0.00,0.00
2016.02.23 18:28:30.091,12.2289,12.23169,0.00,0.00
2016.02.23 18:28:30.431,12.2289,12.2322,0.00,0.00
2016.02.23 18:28:30.981,12.22889,12.23221,0.00,0.00
2016.02.23 18:28:31.554,12.22889,12.23192,0.00,0.00
2016.02.23 18:28:31.866,12.22818,12.23131,0.00,0.00
2016.02.23 18:28:32.017,12.22789,12.23131,0.00,0.00
2016.02.23 18:28:32.238,12.2279,12.2311,0.00,0.00
2016.02.23 18:28:32.300,12.22789,12.23121,0.00,0.00
2016.02.23 18:28:32.368,12.22789,12.23111,0.00,0.00
2016.02.23 18:28:32.468,12.22789,12.23121,0.00,0.00
2016.02.23 18:28:32.669,12.22789,12.23141,0.00,0.00
2016.02.23 18:28:32.877,12.22789,12.23091,0.00,0.00
2016.02.23 18:28:33.078,12.22689,12.23041,0.00,0.00
2016.02.23 18:28:33.179,12.2274,12.23042,0.00,0.00
2016.02.23 18:28:33.230,12.2274,12.23068,0.00,0.00
2016.02.23 18:28:33.809,12.22739,12.23068,0.00,0.00
2016.02.23 18:28:34.335,12.22739,12.23071,0.00,0.00
2016.02.23 18:28:34.680,12.22722,12.23041,0.00,0.00
2016.02.23 18:28:35.097,12.22722,12.23031,0.00,0.00
2016.02.23 18:28:35.466,12.22689,12.23019,0.00,0.00
2016.02.23 18:28:35.517,12.22639,12.22951,0.00,0.00
2016.02.23 18:28:35.626,12.2264,12.2299,0.00,0.00
2016.02.23 18:28:36.131,12.22639,12.22991,0.00,0.00
2016.02.23 18:28:36.518,12.22639,12.22941,0.00,0.00
2016.02.23 18:28:36.721,12.2249,12.2283,0.00,0.00
2016.02.23 18:28:36.838,12.22471,12.2282,0.00,0.00
2016.02.23 18:28:37.041,12.22499,12.22841,0.00,0.00
2016.02.23 18:28:37.203,12.22518,12.22869,0.00,0.00
2016.02.23 18:28:38.114,12.22521,12.22892,0.00,0.00
2016.02.23 18:28:38.724,12.22569,12.22911,0.00,0.00
2016.02.23 18:28:39.107,12.226,12.229,0.00,0.00
2016.02.23 18:28:39.208,12.2263,12.22991,0.00,0.00
2016.02.23 18:28:39.464,12.22669,12.23,0.00,0.00
2016.02.23 18:28:39.721,12.2265,12.22992,0.00,0.00
2016.02.23 18:28:39.822,12.22621,12.2299,0.00,0.00
2016.02.23 18:28:39.923,12.22621,12.2293,0.00,0.00
2016.02.23 18:28:40.212,12.22621,12.22941,0.00,0.00
2016.02.23 18:28:40.514,12.22649,12.22992,0.00,0.00
2016.02.23 18:28:40.565,12.22649,12.22968,0.00,0.00
2016.02.23 18:28:40.817,12.22588,12.2294,0.00,0.00
2016.02.23 18:28:41.043,12.22572,12.2294,0.00,0.00
2016.02.23 18:28:41.093,12.22619,12.22968,0.00,0.00
2016.02.23 18:28:41.972,12.22621,12.22991,0.00,0.00
2016.02.23 18:28:42.444,12.22668,12.23019,0.00,0.00
2016.02.23 18:28:43.126,12.22769,12.23019,0.00,0.00
2016.02.23 18:28:43.176,12.22769,12.23081,0.00,0.00
2016.02.23 18:28:43.227,12.22769,12.23111,0.00,0.00
2016.02.23 18:28:43.278,12.22769,12.23119,0.00,0.00
2016.02.23 18:28:43.583,12.22749,12.23091,0.00,0.00
2016.02.23 18:28:43.880,12.22721,12.2307,0.00,0.00
2016.02.23 18:28:44.406,12.22721,12.23071,0.00,0.00
2016.02.23 18:28:45.446,12.22721,12.2307,0.00,0.00
2016.02.23 18:28:45.953,12.22721,12.23071,0.00,0.00
2016.02.23 18:28:46.294,12.22721,12.23041,0.00,0.00
2016.02.23 18:28:46.609,12.22721,12.2302,0.00,0.00
2016.02.23 18:28:47.158,12.22721,12.23021,0.00,0.00
2016.02.23 18:28:47.217,12.22769,12.23111,0.00,0.00
2016.02.23 18:28:47.268,12.22769,12.23071,0.00,0.00
2016.02.23 18:28:47.369,12.22769,12.23111,0.00,0.00
2016.02.23 18:28:47.570,12.22771,12.2311,0.00,0.00
2016.02.23 18:28:47.874,12.22771,12.23121,0.00,0.00
2016.02.23 18:28:48.378,12.22771,12.2312,0.00,0.00
2016.02.23 18:28:48.916,12.22769,12.23041,0.00,0.00
2016.02.23 18:28:48.966,12.22721,12.23041,0.00,0.00
2016.02.23 18:28:49.505,12.22721,12.2304,0.00,0.00
2016.02.23 18:28:49.707,12.22721,12.23071,0.00,0.00
2016.02.23 18:28:50.193,12.22721,12.23001,0.00,0.00
2016.02.23 18:28:50.294,12.22668,12.22991,0.00,0.00
2016.02.23 18:28:50.477,12.22621,12.2299,0.00,0.00
2016.02.23 18:28:50.630,12.22621,12.22941,0.00,0.00
2016.02.23 18:28:50.933,12.22621,12.2287,0.00,0.00
2016.02.23 18:28:50.983,12.2255,12.2287,0.00,0.00
2016.02.23 18:28:51.034,12.22521,12.22871,0.00,0.00
2016.02.23 18:28:51.089,12.22521,12.2289,0.00,0.00
2016.02.23 18:28:51.496,12.22521,12.22892,0.00,0.00
2016.02.23 18:28:52.110,12.22521,12.2284,0.00,0.00
2016.02.23 18:28:52.374,12.22472,12.22841,0.00,0.00
2016.02.23 18:28:52.604,12.22472,12.22751,0.00,0.00
2016.02.23 18:28:52.705,12.22472,12.22841,0.00,0.00
2016.02.23 18:28:52.807,12.22472,12.22831,0.00,0.00
2016.02.23 18:28:53.212,12.22472,12.2284,0.00,0.00
2016.02.23 18:28:53.313,12.22472,12.22831,0.00,0.00
2016.02.23 18:28:53.663,12.22472,12.22821,0.00,0.00
2016.02.23 18:28:54.170,12.22472,12.2282,0.00,0.00
2016.02.23 18:28:54.482,12.22468,12.22811,0.00,0.00
2016.02.23 18:28:54.784,12.22421,12.22741,0.00,0.00
2016.02.23 18:28:55.297,12.22369,12.2274,0.00,0.00
2016.02.23 18:28:55.348,12.22418,12.22741,0.00,0.00
2016.02.23 18:28:55.449,12.22418,12.22792,0.00,0.00
2016.02.23 18:28:55.550,12.22379,12.22741,0.00,0.00
2016.02.23 18:28:55.902,12.22379,12.22712,0.00,0.00
2016.02.23 18:28:56.241,12.2235,12.227,0.00,0.00
2016.02.23 18:28:56.444,12.22338,12.22701,0.00,0.00
2016.02.23 18:28:56.646,12.22329,12.22611,0.00,0.00
2016.02.23 18:28:56.697,12.22289,12.22611,0.00,0.00
2016.02.23 18:28:56.748,12.22279,12.22611,0.00,0.00
2016.02.23 18:28:56.900,12.22288,12.2264,0.00,0.00
2016.02.23 18:28:57.187,12.2228,12.226,0.00,0.00
2016.02.23 18:28:57.738,12.22279,12.22601,0.00,0.00
2016.02.23 18:28:57.990,12.2219,12.2255,0.00,0.00
2016.02.23 18:28:58.191,12.22141,12.22441,0.00,0.00
2016.02.23 18:28:58.493,12.22039,12.22401,0.00,0.00
2016.02.23 18:28:59.071,12.22039,12.224,0.00,0.00
2016.02.23 18:28:59.579,12.2204,12.224,0.00,0.00
2016.02.23 18:28:59.681,12.2205,12.224,0.00,0.00
2016.02.23 18:28:59.795,12.22039,12.224,0.00,0.00
2016.02.23 18:29:00.223,12.22039,12.22351,0.00,0.00
2016.02.23 18:29:00.375,12.2202,12.2234,0.00,0.00
2016.02.23 18:29:00.425,12.2209,12.2234,0.00,0.00
2016.02.23 18:29:00.627,12.21988,12.2234,0.00,0.00
2016.02.23 18:29:00.693,12.22039,12.22362,0.00,0.00
2016.02.23 18:29:00.744,12.22039,12.22401,0.00,0.00
2016.02.23 18:29:00.897,12.22039,12.22341,0.00,0.00
2016.02.23 18:29:01.126,12.21988,12.22341,0.00,0.00
2016.02.23 18:29:01.234,12.21988,12.22301,0.00,0.00
2016.02.23 18:29:01.284,12.21942,12.22301,0.00,0.00
2016.02.23 18:29:01.612,12.21939,12.22301,0.00,0.00
2016.02.23 18:29:01.826,12.21898,12.22241,0.00,0.00
2016.02.23 18:29:01.877,12.21891,12.22241,0.00,0.00
2016.02.23 18:29:01.928,12.21949,12.22201,0.00,0.00
2016.02.23 18:29:01.998,12.2195,12.223,0.00,0.00
2016.02.23 18:29:02.226,12.21979,12.22301,0.00,0.00
2016.02.23 18:29:02.300,12.21959,12.22301,0.00,0.00
2016.02.23 18:29:02.603,12.2197,12.223,0.00,0.00
2016.02.23 18:29:02.769,12.2196,12.223,0.00,0.00
2016.02.23 18:29:03.125,12.21949,12.22301,0.00,0.00
2016.02.23 18:29:03.203,12.21939,12.22301,0.00,0.00
2016.02.23 18:29:03.416,12.21938,12.22201,0.00,0.00
2016.02.23 18:29:03.467,12.21868,12.22201,0.00,0.00
2016.02.23 18:29:03.518,12.21838,12.222,0.00,0.00
2016.02.23 18:29:03.727,12.21869,12.22201,0.00,0.00
2016.02.23 18:29:03.978,12.21738,12.22101,0.00,0.00
2016.02.23 18:29:04.575,12.21738,12.221,0.00,0.00
2016.02.23 18:29:05.018,12.2173,12.2205,0.00,0.00
2016.02.23 18:29:05.119,12.2174,12.221,0.00,0.00
2016.02.23 18:29:05.321,12.21809,12.22111,0.00,0.00
2016.02.23 18:29:05.574,12.2178,12.221,0.00,0.00
2016.02.23 18:29:05.876,12.21838,12.22101,0.00,0.00
2016.02.23 18:29:06.124,12.21839,12.22201,0.00,0.00
2016.02.23 18:29:06.232,12.2185,12.222,0.00,0.00
2016.02.23 18:29:06.424,12.2184,12.222,0.00,0.00
2016.02.23 18:29:06.625,12.21838,12.22201,0.00,0.00
2016.02.23 18:29:06.676,12.21888,12.22201,0.00,0.00
2016.02.23 18:29:06.889,12.21949,12.22301,0.00,0.00
2016.02.23 18:29:07.040,12.21938,12.22301,0.00,0.00
2016.02.23 18:29:07.226,12.2196,12.223,0.00,0.00
2016.02.23 18:29:07.535,12.2198,12.223,0.00,0.00
2016.02.23 18:29:07.738,12.21969,12.22301,0.00,0.00
2016.02.23 18:29:07.839,12.21949,12.22301,0.00,0.00
2016.02.23 18:29:08.231,12.2205,12.2235,0.00,0.00
2016.02.23 18:29:08.332,12.2206,12.22362,0.00,0.00
2016.02.23 18:29:08.432,12.22079,12.22412,0.00,0.00
2016.02.23 18:29:08.533,12.22069,12.22401,0.00,0.00
2016.02.23 18:29:08.634,12.22088,12.2245,0.00,0.00
2016.02.23 18:29:08.737,12.22109,12.22462,0.00,0.00
2016.02.23 18:29:09.039,12.2211,12.2245,0.00,0.00
2016.02.23 18:29:09.342,12.22138,12.22451,0.00,0.00
2016.02.23 18:29:09.442,12.22089,12.2241,0.00,0.00
2016.02.23 18:29:09.543,12.22088,12.224,0.00,0.00
2016.02.23 18:29:09.904,12.21989,12.223,0.00,0.00
2016.02.23 18:29:09.954,12.21939,12.22301,0.00,0.00
2016.02.23 18:29:10.342,12.21949,12.22301,0.00,0.00
2016.02.23 18:29:10.443,12.21939,12.22301,0.00,0.00
2016.02.23 18:29:11.191,12.21939,12.223,0.00,0.00
2016.02.23 18:29:11.746,12.2194,12.223,0.00,0.00
2016.02.23 18:29:12.253,12.21939,12.22301,0.00,0.00
2016.02.23 18:29:12.449,12.21939,12.22271,0.00,0.00
2016.02.23 18:29:12.550,12.21939,12.223,0.00,0.00
2016.02.23 18:29:13.051,12.21939,12.22301,0.00,0.00
2016.02.23 18:29:13.554,12.21939,12.223,0.00,0.00
2016.02.23 18:29:14.104,12.21939,12.22301,0.00,0.00
2016.02.23 18:29:14.155,12.21988,12.223,0.00,0.00
2016.02.23 18:29:14.256,12.2203,12.2235,0.00,0.00
2016.02.23 18:29:14.357,12.22039,12.224,0.00,0.00
2016.02.23 18:29:14.915,12.22039,12.22401,0.00,0.00
2016.02.23 18:29:15.168,12.22109,12.22411,0.00,0.00
2016.02.23 18:29:15.269,12.2214,12.2245,0.00,0.00
2016.02.23 18:29:15.360,12.2211,12.2245,0.00,0.00
2016.02.23 18:29:15.664,12.22149,12.22501,0.00,0.00
2016.02.23 18:29:15.812,12.2217,12.225,0.00,0.00
2016.02.23 18:29:16.175,12.2218,12.225,0.00,0.00
2016.02.23 18:29:16.477,12.22189,12.22501,0.00,0.00
2016.02.23 18:29:16.680,12.22179,12.22501,0.00,0.00
2016.02.23 18:29:16.813,12.22139,12.22441,0.00,0.00
2016.02.23 18:29:17.115,12.22069,12.22401,0.00,0.00
2016.02.23 18:29:17.216,12.22079,12.22401,0.00,0.00
2016.02.23 18:29:17.418,12.22109,12.22451,0.00,0.00
2016.02.23 18:29:17.911,12.22139,12.22471,0.00,0.00
2016.02.23 18:29:18.179,12.22139,12.22501,0.00,0.00
2016.02.23 18:29:18.589,12.2215,12.225,0.00,0.00
2016.02.23 18:29:18.797,12.2214,12.225,0.00,0.00
2016.02.23 18:29:19.345,12.2216,12.225,0.00,0.00
2016.02.23 18:29:19.501,12.22238,12.22601,0.00,0.00
2016.02.23 18:29:20.008,12.2224,12.226,0.00,0.00
2016.02.23 18:29:20.310,12.2228,12.226,0.00,0.00
2016.02.23 18:29:20.514,12.2226,12.226,0.00,0.00
2016.02.23 18:29:20.621,12.22249,12.22601,0.00,0.00
2016.02.23 18:29:20.871,12.22268,12.22601,0.00,0.00
2016.02.23 18:29:20.922,12.22268,12.22631,0.00,0.00
2016.02.23 18:29:21.023,12.22268,12.2262,0.00,0.00
2016.02.23 18:29:22.232,12.2227,12.2263,0.00,0.00
2016.02.23 18:29:22.594,12.2227,12.22542,0.00,0.00
2016.02.23 18:29:22.644,12.22249,12.22542,0.00,0.00
2016.02.23 18:29:22.745,12.22199,12.22541,0.00,0.00
2016.02.23 18:29:22.796,12.22168,12.22541,0.00,0.00
2016.02.23 18:29:23.047,12.22219,12.22541,0.00,0.00
2016.02.23 18:29:23.352,12.22249,12.22541,0.00,0.00
2016.02.23 18:29:23.402,12.22218,12.22541,0.00,0.00
2016.02.23 18:29:24.140,12.222,12.2254,0.00,0.00
2016.02.23 18:29:24.191,12.22179,12.22541,0.00,0.00
2016.02.23 18:29:24.320,12.22249,12.22542,0.00,0.00
2016.02.23 18:29:24.371,12.22268,12.22611,0.00,0.00
2016.02.23 18:29:24.825,12.2225,12.22592,0.00,0.00
2016.02.23 18:29:25.128,12.22268,12.22601,0.00,0.00
2016.02.23 18:29:25.430,12.22189,12.22541,0.00,0.00
2016.02.23 18:29:25.531,12.2218,12.2254,0.00,0.00
2016.02.23 18:29:25.728,12.22249,12.22541,0.00,0.00
2016.02.23 18:29:25.778,12.22269,12.22591,0.00,0.00
2016.02.23 18:29:25.829,12.22249,12.22571,0.00,0.00
2016.02.23 18:29:25.930,12.22218,12.22541,0.00,0.00
2016.02.23 18:29:26.031,12.22179,12.22541,0.00,0.00
2016.02.23 18:29:26.232,12.22269,12.22541,0.00,0.00
2016.02.23 18:29:26.333,12.22269,12.22581,0.00,0.00
2016.02.23 18:29:26.440,12.22269,12.22571,0.00,0.00
2016.02.23 18:29:26.629,12.22269,12.22601,0.00,0.00
2016.02.23 18:29:26.780,12.22259,12.22592,0.00,0.00
2016.02.23 18:29:26.831,12.22218,12.2253,0.00,0.00
2016.02.23 18:29:27.032,12.22168,12.22541,0.00,0.00
2016.02.23 18:29:27.354,12.22169,12.2253,0.00,0.00
2016.02.23 18:29:27.672,12.22189,12.22511,0.00,0.00
2016.02.23 18:29:28.226,12.2219,12.2251,0.00,0.00
2016.02.23 18:29:28.662,12.22189,12.22521,0.00,0.00
2016.02.23 18:29:28.763,12.2219,12.2253,0.00,0.00
2016.02.23 18:29:28.936,12.22189,12.22521,0.00,0.00
2016.02.23 18:29:29.230,12.22189,12.22541,0.00,0.00
2016.02.23 18:29:29.748,12.2219,12.2254,0.00,0.00
2016.02.23 18:29:30.285,12.22189,12.22541,0.00,0.00
2016.02.23 18:29:30.477,12.22189,12.22501,0.00,0.00
2016.02.23 18:29:30.708,12.2219,12.2251,0.00,0.00
2016.02.23 18:29:31.136,12.2219,12.225,0.00,0.00
2016.02.23 18:29:31.639,12.22189,12.22511,0.00,0.00
2016.02.23 18:29:31.790,12.22189,12.22521,0.00,0.00
2016.02.23 18:29:31.940,12.22189,12.22541,0.00,0.00
2016.02.23 18:29:32.300,12.2219,12.2253,0.00,0.00
2016.02.23 18:29:32.451,12.22069,12.2244,0.00,0.00
2016.02.23 18:29:32.748,12.22069,12.2243,0.00,0.00
2016.02.23 18:29:32.843,12.22069,12.2244,0.00,0.00
2016.02.23 18:29:33.145,12.22069,12.22431,0.00,0.00
2016.02.23 18:29:33.499,12.22069,12.22421,0.00,0.00
2016.02.23 18:29:33.972,12.22069,12.2243,0.00,0.00
2016.02.23 18:29:34.073,12.2205,12.22392,0.00,0.00
2016.02.23 18:29:34.375,12.2199,12.2233,0.00,0.00
2016.02.23 18:29:34.476,12.2199,12.2234,0.00,0.00
2016.02.23 18:29:34.526,12.22018,12.2234,0.00,0.00
2016.02.23 18:29:34.577,12.2204,12.2239,0.00,0.00
2016.02.23 18:29:34.678,12.22089,12.22371,0.00,0.00
2016.02.23 18:29:34.779,12.22089,12.22401,0.00,0.00
2016.02.23 18:29:35.426,12.2209,12.2238,0.00,0.00
2016.02.23 18:29:35.688,12.22089,12.22411,0.00,0.00
2016.02.23 18:29:35.802,12.22089,12.22431,0.00,0.00
2016.02.23 18:29:36.259,12.22089,12.22441,0.00,0.00
2016.02.23 18:29:36.464,12.22089,12.22431,0.00,0.00
2016.02.23 18:29:36.861,12.2209,12.224,0.00,0.00
2016.02.23 18:29:37.691,12.22089,12.22421,0.00,0.00
2016.02.23 18:29:37.791,12.22039,12.22341,0.00,0.00
2016.02.23 18:29:38.115,12.22068,12.2234,0.00,0.00
2016.02.23 18:29:38.168,12.22089,12.22391,0.00,0.00
2016.02.23 18:29:38.269,12.22068,12.22391,0.00,0.00
2016.02.23 18:29:38.370,12.21989,12.22341,0.00,0.00
2016.02.23 18:29:38.874,12.2199,12.2234,0.00,0.00
2016.02.23 18:29:39.475,12.21989,12.22341,0.00,0.00
2016.02.23 18:29:39.675,12.2199,12.2233,0.00,0.00
2016.02.23 18:29:39.776,12.2199,12.2234,0.00,0.00
2016.02.23 18:29:40.179,12.21989,12.22251,0.00,0.00
2016.02.23 18:29:40.425,12.21989,12.22301,0.00,0.00
2016.02.23 18:29:40.627,12.2199,12.2233,0.00,0.00
2016.02.23 18:29:41.182,12.21989,12.22331,0.00,0.00
2016.02.23 18:29:41.283,12.2199,12.2234,0.00,0.00
2016.02.23 18:29:41.396,12.21989,12.22271,0.00,0.00
2016.02.23 18:29:41.585,12.21989,12.22291,0.00,0.00
2016.02.23 18:29:41.685,12.21989,12.22311,0.00,0.00
2016.02.23 18:29:41.736,12.21989,12.22291,0.00,0.00
2016.02.23 18:29:41.887,12.21919,12.2224,0.00,0.00
2016.02.23 18:29:41.988,12.2189,12.2224,0.00,0.00
2016.02.23 18:29:42.588,12.21889,12.22231,0.00,0.00
2016.02.23 18:29:42.865,12.2189,12.2224,0.00,0.00
2016.02.23 18:29:43.191,12.21889,12.22231,0.00,0.00
2016.02.23 18:29:43.592,12.2189,12.2224,0.00,0.00
2016.02.23 18:29:43.694,12.21889,12.22151,0.00,0.00
2016.02.23 18:29:43.795,12.21818,12.2214,0.00,0.00
2016.02.23 18:29:43.946,12.21789,12.22141,0.00,0.00
2016.02.23 18:29:44.137,12.2179,12.2213,0.00,0.00
2016.02.23 18:29:44.294,12.21768,12.22121,0.00,0.00
2016.02.23 18:29:44.401,12.21768,12.22141,0.00,0.00
2016.02.23 18:29:45.029,12.21768,12.2202,0.00,0.00
2016.02.23 18:29:45.080,12.2173,12.2202,0.00,0.00
2016.02.23 18:29:45.181,12.21669,12.22021,0.00,0.00
2016.02.23 18:29:45.332,12.21669,12.22031,0.00,0.00
2016.02.23 18:29:45.440,12.21669,12.2204,0.00,0.00
2016.02.23 18:29:45.641,12.21669,12.2195,0.00,0.00
2016.02.23 18:29:45.742,12.21669,12.22001,0.00,0.00
2016.02.23 18:29:45.906,12.21669,12.2203,0.00,0.00
2016.02.23 18:29:46.007,12.21669,12.22021,0.00,0.00
2016.02.23 18:29:46.420,12.21618,12.21931,0.00,0.00
2016.02.23 18:29:46.471,12.21599,12.21931,0.00,0.00
2016.02.23 18:29:46.590,12.21568,12.21931,0.00,0.00
2016.02.23 18:29:46.909,12.21568,12.21921,0.00,0.00
2016.02.23 18:29:47.504,12.21568,12.2192,0.00,0.00
2016.02.23 18:29:47.824,12.21649,12.21992,0.00,0.00
2016.02.23 18:29:47.931,12.21668,12.22031,0.00,0.00
2016.02.23 18:29:48.313,12.2169,12.2204,0.00,0.00
2016.02.23 18:29:48.634,12.2181,12.22092,0.00,0.00
2016.02.23 18:29:48.685,12.21869,12.2216,0.00,0.00
2016.02.23 18:29:48.735,12.21869,12.22101,0.00,0.00
2016.02.23 18:29:48.900,12.21749,12.22091,0.00,0.00
2016.02.23 18:29:48.951,12.21719,12.22091,0.00,0.00
2016.02.23 18:29:49.217,12.21849,12.22142,0.00,0.00
2016.02.23 18:29:49.439,12.21869,12.22201,0.00,0.00
2016.02.23 18:29:49.633,12.21869,12.22211,0.00,0.00
2016.02.23 18:29:49.736,12.21869,12.222,0.00,0.00
2016.02.23 18:29:50.477,12.21869,12.22211,0.00,0.00
2016.02.23 18:29:50.528,12.21869,12.22101,0.00,0.00
2016.02.23 18:29:50.579,12.21819,12.22101,0.00,0.00
2016.02.23 18:29:50.739,12.21819,12.2212,0.00,0.00
2016.02.23 18:29:50.840,12.218,12.22142,0.00,0.00
2016.02.23 18:29:50.991,12.21818,12.22151,0.00,0.00
2016.02.23 18:29:51.041,12.21818,12.22171,0.00,0.00
2016.02.23 18:29:51.422,12.21879,12.22232,0.00,0.00
2016.02.23 18:29:51.490,12.21879,12.22241,0.00,0.00
2016.02.23 18:29:51.947,12.2188,12.2222,0.00,0.00
2016.02.23 18:29:52.269,12.21969,12.2222,0.00,0.00
2016.02.23 18:29:52.320,12.21969,12.22281,0.00,0.00
2016.02.23 18:29:52.870,12.21969,12.22301,0.00,0.00
2016.02.23 18:29:53.920,12.21969,12.223,0.00,0.00
2016.02.23 18:29:54.078,12.2197,12.2231,0.00,0.00
2016.02.23 18:29:54.579,12.21969,12.22311,0.00,0.00
2016.02.23 18:29:55.180,12.21969,12.2231,0.00,0.00
2016.02.23 18:29:55.281,12.21969,12.22281,0.00,0.00
2016.02.23 18:29:55.609,12.21969,12.22311,0.00,0.00
2016.02.23 18:29:55.660,12.21979,12.22331,0.00,0.00
2016.02.23 18:29:55.781,12.21979,12.22321,0.00,0.00
2016.02.23 18:29:56.282,12.2198,12.2232,0.00,0.00
2016.02.23 18:29:56.622,12.21969,12.2228,0.00,0.00
2016.02.23 18:29:57.026,12.21959,12.22281,0.00,0.00
2016.02.23 18:29:57.077,12.21919,12.2223,0.00,0.00
2016.02.23 18:29:57.281,12.21868,12.2222,0.00,0.00
2016.02.23 18:29:57.725,12.21899,12.22211,0.00,0.00
2016.02.23 18:29:57.776,12.21868,12.22211,0.00,0.00
2016.02.23 18:29:57.876,12.21868,12.22131,0.00,0.00
2016.02.23 18:29:57.927,12.21819,12.22131,0.00,0.00
2016.02.23 18:29:57.978,12.21819,12.22111,0.00,0.00
2016.02.23 18:29:58.028,12.21768,12.22111,0.00,0.00
2016.02.23 18:29:58.079,12.21768,12.22101,0.00,0.00
2016.02.23 18:29:58.333,12.21669,12.22011,0.00,0.00
2016.02.23 18:29:58.384,12.21668,12.22021,0.00,0.00
2016.02.23 18:29:58.583,12.21718,12.22071,0.00,0.00
2016.02.23 18:29:58.894,12.21768,12.22051,0.00,0.00
2016.02.23 18:29:58.944,12.21799,12.22111,0.00,0.00
2016.02.23 18:29:59.045,12.21768,12.2212,0.00,0.00
2016.02.23 18:29:59.146,12.21768,12.22141,0.00,0.00
2016.02.23 18:29:59.348,12.21768,12.2206,0.00,0.00
2016.02.23 18:29:59.545,12.21768,12.22081,0.00,0.00
2016.02.23 18:29:59.665,12.21768,12.2207,0.00,0.00
2016.02.23 18:29:59.948,12.21668,12.22031,0.00,0.00
2016.02.23 18:30:00.147,12.21668,12.2204,0.00,0.00
2016.02.23 18:30:00.248,12.21668,12.21991,0.00,0.00
2016.02.23 18:30:00.450,12.21668,12.22011,0.00,0.00
2016.02.23 18:30:00.551,12.21668,12.21971,0.00,0.00
2016.02.23 18:30:00.702,12.21619,12.2193,0.00,0.00
2016.02.23 18:30:00.752,12.21619,12.21921,0.00,0.00
2016.02.23 18:30:00.803,12.21568,12.21921,0.00,0.00
2016.02.23 18:30:00.949,12.21568,12.2188,0.00,0.00
2016.02.23 18:30:01.050,12.21568,12.21931,0.00,0.00
2016.02.23 18:30:01.151,12.21568,12.21911,0.00,0.00
2016.02.23 18:30:01.453,12.21418,12.2172,0.00,0.00
2016.02.23 18:30:01.554,12.21368,12.21691,0.00,0.00
2016.02.23 18:30:01.605,12.21368,12.21731,0.00,0.00
2016.02.23 18:30:01.773,12.21368,12.21701,0.00,0.00
2016.02.23 18:30:02.107,12.21368,12.2168,0.00,0.00
2016.02.23 18:30:02.410,12.21268,12.21601,0.00,0.00
2016.02.23 18:30:02.511,12.21268,12.2154,0.00,0.00
2016.02.23 18:30:02.611,12.21268,12.2161,0.00,0.00
2016.02.23 18:30:02.863,12.2126,12.21572,0.00,0.00
2016.02.23 18:30:02.914,12.21218,12.2155,0.00,0.00
2016.02.23 18:30:03.015,12.21259,12.21531,0.00,0.00
2016.02.23 18:30:03.313,12.21068,12.21412,0.00,0.00
2016.02.23 18:30:03.414,12.21059,12.21391,0.00,0.00
2016.02.23 18:30:03.515,12.2103,12.21391,0.00,0.00
2016.02.23 18:30:03.575,12.2106,12.21391,0.00,0.00
2016.02.23 18:30:03.626,12.21069,12.21401,0.00,0.00
2016.02.23 18:30:03.759,12.21069,12.21411,0.00,0.00
2016.02.23 18:30:03.860,12.21059,12.21392,0.00,0.00
2016.02.23 18:30:04.162,12.21068,12.2134,0.00,0.00
2016.02.23 18:30:04.213,12.21068,12.2138,0.00,0.00
2016.02.23 18:30:04.411,12.21068,12.21411,0.00,0.00
2016.02.23 18:30:04.511,12.21068,12.21422,0.00,0.00
2016.02.23 18:30:04.562,12.21068,12.21431,0.00,0.00
2016.02.23 18:30:04.663,12.21068,12.21422,0.00,0.00
2016.02.23 18:30:04.969,12.21068,12.21432,0.00,0.00
2016.02.23 18:30:05.020,12.21068,12.2142,0.00,0.00
2016.02.23 18:30:05.322,12.21068,12.21382,0.00,0.00
2016.02.23 18:30:05.373,12.21068,12.21401,0.00,0.00
2016.02.23 18:30:05.423,12.21068,12.2134,0.00,0.00
2016.02.23 18:30:05.625,12.21168,12.21501,0.00,0.00
2016.02.23 18:30:05.884,12.21168,12.21522,0.00,0.00
2016.02.23 18:30:05.935,12.21218,12.2154,0.00,0.00
2016.02.23 18:30:05.985,12.21218,12.21542,0.00,0.00
2016.02.23 18:30:06.036,12.21218,12.21551,0.00,0.00
2016.02.23 18:30:06.087,12.21218,12.21541,0.00,0.00
2016.02.23 18:30:06.389,12.21269,12.21581,0.00,0.00
2016.02.23 18:30:06.728,12.21269,12.21592,0.00,0.00
2016.02.23 18:30:06.837,12.21269,12.21621,0.00,0.00
2016.02.23 18:30:07.144,12.21259,12.21592,0.00,0.00
2016.02.23 18:30:07.446,12.21209,12.21531,0.00,0.00
2016.02.23 18:30:07.496,12.21168,12.21531,0.00,0.00
2016.02.23 18:30:07.548,12.21168,12.21522,0.00,0.00
2016.02.23 18:30:07.877,12.21259,12.21531,0.00,0.00
2016.02.23 18:30:07.928,12.21268,12.21601,0.00,0.00
2016.02.23 18:30:07.982,12.21268,12.21591,0.00,0.00
2016.02.23 18:30:08.411,12.21268,12.21612,0.00,0.00
2016.02.23 18:30:08.464,12.21259,12.21542,0.00,0.00
2016.02.23 18:30:08.616,12.21168,12.21531,0.00,0.00
2016.02.23 18:30:08.684,12.21168,12.21512,0.00,0.00
2016.02.23 18:30:08.985,12.21168,12.2154,0.00,0.00
2016.02.23 18:30:09.035,12.21218,12.21552,0.00,0.00
2016.02.23 18:30:09.086,12.21218,12.21571,0.00,0.00
2016.02.23 18:30:09.186,12.21218,12.21542,0.00,0.00
2016.02.23 18:30:09.485,12.21218,12.21561,0.00,0.00
2016.02.23 18:30:09.536,12.2126,12.21561,0.00,0.00
2016.02.23 18:30:09.586,12.21268,12.21592,0.00,0.00
2016.02.23 18:30:09.832,12.21218,12.21541,0.00,0.00
2016.02.23 18:30:09.933,12.21169,12.21512,0.00,0.00
2016.02.23 18:30:09.986,12.21169,12.21501,0.00,0.00
2016.02.23 18:30:10.288,12.21169,12.21492,0.00,0.00
2016.02.23 18:30:10.389,12.21169,12.2151,0.00,0.00
2016.02.23 18:30:10.707,12.21169,12.21512,0.00,0.00
2016.02.23 18:30:10.911,12.21169,12.21492,0.00,0.00
2016.02.23 18:30:11.088,12.21169,12.21502,0.00,0.00
2016.02.23 18:30:11.388,12.21169,12.2152,0.00,0.00
2016.02.23 18:30:11.439,12.21268,12.21521,0.00,0.00
2016.02.23 18:30:11.490,12.21268,12.2156,0.00,0.00
2016.02.23 18:30:11.609,12.21268,12.21612,0.00,0.00
2016.02.23 18:30:11.997,12.21268,12.21601,0.00,0.00
2016.02.23 18:30:12.097,12.21268,12.21611,0.00,0.00
2016.02.23 18:30:12.510,12.21268,12.21591,0.00,0.00
2016.02.23 18:30:12.813,12.21268,12.21582,0.00,0.00
2016.02.23 18:30:13.667,12.21268,12.21601,0.00,0.00
2016.02.23 18:30:15.330,12.21268,12.21622,0.00,0.00
2016.02.23 18:30:15.632,12.21268,12.21612,0.00,0.00
2016.02.23 18:30:17.608,12.21268,12.21621,0.00,0.00
2016.02.23 18:30:17.884,12.21268,12.21582,0.00,0.00
2016.02.23 18:30:17.935,12.21275,12.21612,0.00,0.00
2016.02.23 18:30:18.152,12.21268,12.21592,0.00,0.00
2016.02.23 18:30:18.656,12.21268,12.21611,0.00,0.00
2016.02.23 18:30:18.711,12.21268,12.21631,0.00,0.00
2016.02.23 18:30:18.811,12.21268,12.21592,0.00,0.00
2016.02.23 18:30:18.912,12.21268,12.21621,0.00,0.00
2016.02.23 18:30:19.174,12.21363,12.21621,0.00,0.00
2016.02.23 18:30:19.325,12.21368,12.21691,0.00,0.00
2016.02.23 18:30:19.598,12.21369,12.21732,0.00,0.00
2016.02.23 18:30:19.816,12.21368,12.21702,0.00,0.00
2016.02.23 18:30:20.118,12.21419,12.21751,0.00,0.00
2016.02.23 18:30:20.370,12.21368,12.2172,0.00,0.00
2016.02.23 18:30:20.421,12.21368,12.21682,0.00,0.00
2016.02.23 18:30:20.814,12.21368,12.21702,0.00,0.00
2016.02.23 18:30:20.915,12.21368,12.21682,0.00,0.00
2016.02.23 18:30:21.779,12.21418,12.21711,0.00,0.00
2016.02.23 18:30:21.985,12.21469,12.21812,0.00,0.00
2016.02.23 18:30:22.105,12.21469,12.21782,0.00,0.00
2016.02.23 18:30:22.257,12.21459,12.21782,0.00,0.00
2016.02.23 18:30:22.358,12.21418,12.21772,0.00,0.00
2016.02.23 18:30:22.409,12.21418,12.21741,0.00,0.00
2016.02.23 18:30:22.510,12.21418,12.21771,0.00,0.00
2016.02.23 18:30:23.384,12.21459,12.21791,0.00,0.00
2016.02.23 18:30:23.485,12.21469,12.21802,0.00,0.00
2016.02.23 18:30:23.613,12.21469,12.21841,0.00,0.00
2016.02.23 18:30:23.782,12.21469,12.21822,0.00,0.00
2016.02.23 18:30:24.812,12.21469,12.21802,0.00,0.00
2016.02.23 18:30:24.924,12.21469,12.21812,0.00,0.00
2016.02.23 18:30:25.025,12.21469,12.21841,0.00,0.00
2016.02.23 18:30:25.221,12.21469,12.21831,0.00,0.00
2016.02.23 18:30:25.378,12.21469,12.2184,0.00,0.00
2016.02.23 18:30:25.722,12.21469,12.21802,0.00,0.00
2016.02.23 18:30:25.778,12.21469,12.21822,0.00,0.00
2016.02.23 18:30:25.879,12.21469,12.21792,0.00,0.00
2016.02.23 18:30:26.225,12.21469,12.21781,0.00,0.00
2016.02.23 18:30:26.529,12.21389,12.21741,0.00,0.00
2016.02.23 18:30:26.630,12.21359,12.21691,0.00,0.00
2016.02.23 18:30:26.831,12.21319,12.2167,0.00,0.00
2016.02.23 18:30:26.882,12.21319,12.21632,0.00,0.00
2016.02.23 18:30:26.983,12.21319,12.21662,0.00,0.00
2016.02.23 18:30:27.083,12.21319,12.21652,0.00,0.00
2016.02.23 18:30:27.467,12.21319,12.21661,0.00,0.00
2016.02.23 18:30:27.517,12.21319,12.21652,0.00,0.00
2016.02.23 18:30:27.833,12.21368,12.21672,0.00,0.00
2016.02.23 18:30:27.883,12.21368,12.21712,0.00,0.00
2016.02.23 18:30:28.290,12.21368,12.21682,0.00,0.00
2016.02.23 18:30:28.499,12.21318,12.21692,0.00,0.00
2016.02.23 18:30:28.600,12.21318,12.21661,0.00,0.00
2016.02.23 18:30:29.208,12.21368,12.21661,0.00,0.00
2016.02.23 18:30:29.309,12.21368,12.21681,0.00,0.00
2016.02.23 18:30:29.360,12.2143,12.21681,0.00,0.00
2016.02.23 18:30:29.411,12.2143,12.21741,0.00,0.00
2016.02.23 18:30:29.461,12.2146,12.21741,0.00,0.00
2016.02.23 18:30:29.638,12.21469,12.21811,0.00,0.00
2016.02.23 18:30:29.739,12.21469,12.21821,0.00,0.00
2016.02.23 18:30:30.163,12.21469,12.21812,0.00,0.00
2016.02.23 18:30:30.466,12.21469,12.2183,0.00,0.00
2016.02.23 18:30:30.567,12.21469,12.21812,0.00,0.00
2016.02.23 18:30:30.639,12.21469,12.21841,0.00,0.00
2016.02.23 18:30:31.188,12.21469,12.2184,0.00,0.00
2016.02.23 18:30:31.239,12.21519,12.21841,0.00,0.00
2016.02.23 18:30:31.289,12.21519,12.21851,0.00,0.00
2016.02.23 18:30:31.341,12.21519,12.2186,0.00,0.00
2016.02.23 18:30:31.391,12.21559,12.21861,0.00,0.00
2016.02.23 18:30:31.757,12.21569,12.21861,0.00,0.00
2016.02.23 18:30:32.359,12.21569,12.2186,0.00,0.00
2016.02.23 18:30:32.920,12.21569,12.21861,0.00,0.00
2016.02.23 18:30:33.463,12.21569,12.2186,0.00,0.00
2016.02.23 18:30:33.964,12.21569,12.21861,0.00,0.00
2016.02.23 18:30:34.716,12.21569,12.21851,0.00,0.00
2016.02.23 18:30:34.767,12.21559,12.21848,0.00,0.00
2016.02.23 18:30:34.818,12.21519,12.21751,0.00,0.00
2016.02.23 18:30:35.050,12.2138,12.21731,0.00,0.00
2016.02.23 18:30:35.151,12.21379,12.21712,0.00,0.00
2016.02.23 18:30:35.302,12.21418,12.21752,0.00,0.00
2016.02.23 18:30:35.353,12.21418,12.21731,0.00,0.00
2016.02.23 18:30:35.454,12.21418,12.21761,0.00,0.00
2016.02.23 18:30:35.504,12.2145,12.21761,0.00,0.00
2016.02.23 18:30:35.555,12.2145,12.21782,0.00,0.00
2016.02.23 18:30:35.606,12.21418,12.21782,0.00,0.00
2016.02.23 18:30:35.777,12.21379,12.21732,0.00,0.00
2016.02.23 18:30:35.935,12.21379,12.21741,0.00,0.00
2016.02.23 18:30:36.036,12.2138,12.21712,0.00,0.00
2016.02.23 18:30:36.260,12.2138,12.2174,0.00,0.00
2016.02.23 18:30:36.361,12.21379,12.21712,0.00,0.00
2016.02.23 18:30:36.983,12.21389,12.21732,0.00,0.00
2016.02.23 18:30:37.036,12.21389,12.21741,0.00,0.00
2016.02.23 18:30:37.384,12.21389,12.21732,0.00,0.00
2016.02.23 18:30:37.713,12.21419,12.21751,0.00,0.00
2016.02.23 18:30:37.764,12.21419,12.21791,0.00,0.00
2016.02.23 18:30:39.416,12.21419,12.21771,0.00,0.00
2016.02.23 18:30:39.641,12.21419,12.21791,0.00,0.00
2016.02.23 18:30:39.944,12.21419,12.21772,0.00,0.00
2016.02.23 18:30:40.245,12.21468,12.21792,0.00,0.00
2016.02.23 18:30:40.296,12.21419,12.21791,0.00,0.00
2016.02.23 18:30:40.499,12.21419,12.21742,0.00,0.00
2016.02.23 18:30:41.028,12.21469,12.21742,0.00,0.00
2016.02.23 18:30:41.149,12.21469,12.21781,0.00,0.00
2016.02.23 18:30:41.503,12.21469,12.21791,0.00,0.00
2016.02.23 18:30:41.921,12.21379,12.21741,0.00,0.00
2016.02.23 18:30:42.021,12.21379,12.21722,0.00,0.00
2016.02.23 18:30:42.872,12.2138,12.21722,0.00,0.00
2016.02.23 18:30:42.923,12.2138,12.2174,0.00,0.00
2016.02.23 18:30:43.023,12.21379,12.21701,0.00,0.00
2016.02.23 18:30:43.323,12.2138,12.21731,0.00,0.00
2016.02.23 18:30:43.975,12.21379,12.21731,0.00,0.00
2016.02.23 18:30:44.547,12.2138,12.21731,0.00,0.00
2016.02.23 18:30:45.249,12.21379,12.21731,0.00,0.00
2016.02.23 18:30:45.687,12.21379,12.21691,0.00,0.00
2016.02.23 18:30:46.261,12.21379,12.21712,0.00,0.00
2016.02.23 18:30:46.312,12.21379,12.21721,0.00,0.00
2016.02.23 18:30:46.820,12.2138,12.21721,0.00,0.00
2016.02.23 18:30:47.556,12.21379,12.21721,0.00,0.00
2016.02.23 18:30:48.205,12.2138,12.21721,0.00,0.00
2016.02.23 18:30:48.707,12.2138,12.2174,0.00,0.00
2016.02.23 18:30:49.422,12.21419,12.2174,0.00,0.00
2016.02.23 18:30:49.624,12.21468,12.21811,0.00,0.00
2016.02.23 18:30:49.724,12.21468,12.21792,0.00,0.00
2016.02.23 18:30:49.831,12.21468,12.21801,0.00,0.00
2016.02.23 18:30:50.218,12.21468,12.21821,0.00,0.00
2016.02.23 18:30:50.268,12.21468,12.21811,0.00,0.00
2016.02.23 18:30:50.571,12.21468,12.21791,0.00,0.00
2016.02.23 18:30:50.622,12.21468,12.2181,0.00,0.00
2016.02.23 18:30:50.723,12.21468,12.21821,0.00,0.00
2016.02.23 18:30:50.909,12.21468,12.21801,0.00,0.00
2016.02.23 18:30:51.217,12.21468,12.21822,0.00,0.00
2016.02.23 18:30:51.318,12.21468,12.21801,0.00,0.00
2016.02.23 18:30:52.132,12.21468,12.21792,0.00,0.00
2016.02.23 18:30:52.233,12.21468,12.21802,0.00,0.00
2016.02.23 18:30:53.324,12.21468,12.21781,0.00,0.00
2016.02.23 18:30:53.763,12.21459,12.21781,0.00,0.00
2016.02.23 18:30:53.814,12.21418,12.2179,0.00,0.00
2016.02.23 18:30:53.926,12.21418,12.21752,0.00,0.00
2016.02.23 18:30:54.327,12.21418,12.21771,0.00,0.00
2016.02.23 18:30:54.529,12.21418,12.21742,0.00,0.00
2016.02.23 18:30:54.579,12.21409,12.21741,0.00,0.00
2016.02.23 18:30:54.630,12.21379,12.21702,0.00,0.00
2016.02.23 18:30:54.781,12.21418,12.21751,0.00,0.00
2016.02.23 18:30:54.832,12.21418,12.21781,0.00,0.00
2016.02.23 18:30:55.881,12.21418,12.21742,0.00,0.00
2016.02.23 18:30:56.511,12.21418,12.21782,0.00,0.00
2016.02.23 18:30:56.583,12.21418,12.21741,0.00,0.00
2016.02.23 18:30:56.984,12.21418,12.21751,0.00,0.00
2016.02.23 18:30:57.084,12.21468,12.21751,0.00,0.00
2016.02.23 18:30:57.286,12.21468,12.21801,0.00,0.00
2016.02.23 18:30:57.387,12.21468,12.21821,0.00,0.00
2016.02.23 18:30:57.832,12.21468,12.21802,0.00,0.00
2016.02.23 18:30:58.164,12.21468,12.21792,0.00,0.00
2016.02.23 18:30:58.595,12.21468,12.21821,0.00,0.00
2016.02.23 18:30:59.648,12.21518,12.21821,0.00,0.00
2016.02.23 18:30:59.699,12.21518,12.2184,0.00,0.00
2016.02.23 18:30:59.749,12.2153,12.21851,0.00,0.00
2016.02.23 18:31:00.100,12.21568,12.2186,0.00,0.00
2016.02.23 18:31:00.301,12.21518,12.21832,0.00,0.00
2016.02.23 18:31:00.414,12.2148,12.21812,0.00,0.00
2016.02.23 18:31:00.817,12.2148,12.21832,0.00,0.00
2016.02.23 18:31:01.613,12.2153,12.21852,0.00,0.00
2016.02.23 18:31:01.977,12.21569,12.2186,0.00,0.00
2016.02.23 18:31:02.396,12.21619,12.21861,0.00,0.00
2016.02.23 18:31:02.913,12.21618,12.21861,0.00,0.00
2016.02.23 18:31:04.048,12.21618,12.2186,0.00,0.00
2016.02.23 18:31:04.602,12.21569,12.2186,0.00,0.00
2016.02.23 18:31:05.624,12.21569,12.21861,0.00,0.00
2016.02.23 18:31:06.217,12.21618,12.21861,0.00,0.00
2016.02.23 18:31:06.571,12.21568,12.21851,0.00,0.00
2016.02.23 18:31:06.628,12.21568,12.2186,0.00,0.00
2016.02.23 18:31:06.679,12.21568,12.21852,0.00,0.00
2016.02.23 18:31:07.029,12.21568,12.21861,0.00,0.00
2016.02.23 18:31:07.129,12.21669,12.21902,0.00,0.00
2016.02.23 18:31:07.281,12.21669,12.21921,0.00,0.00
2016.02.23 18:31:07.791,12.21659,12.21841,0.00,0.00
2016.02.23 18:31:07.842,12.21592,12.2184,0.00,0.00
2016.02.23 18:31:07.943,12.21469,12.21801,0.00,0.00
2016.02.23 18:31:08.082,12.21469,12.21811,0.00,0.00
2016.02.23 18:31:08.183,12.21469,12.21791,0.00,0.00
2016.02.23 18:31:09.053,12.21469,12.2174,0.00,0.00
2016.02.23 18:31:09.104,12.2138,12.21702,0.00,0.00
2016.02.23 18:31:09.155,12.21379,12.21721,0.00,0.00
2016.02.23 18:31:09.286,12.21379,12.21712,0.00,0.00
2016.02.23 18:31:09.343,12.21379,12.21721,0.00,0.00
2016.02.23 18:31:09.889,12.21419,12.21721,0.00,0.00
2016.02.23 18:31:09.990,12.21419,12.21741,0.00,0.00
2016.02.23 18:31:10.091,12.21419,12.21772,0.00,0.00
2016.02.23 18:31:10.254,12.21419,12.21752,0.00,0.00
2016.02.23 18:31:11.393,12.21419,12.21772,0.00,0.00
2016.02.23 18:31:11.452,12.21419,12.21741,0.00,0.00
2016.02.23 18:31:11.552,12.21419,12.21761,0.00,0.00
2016.02.23 18:31:12.747,12.21459,12.21761,0.00,0.00
2016.02.23 18:31:12.999,12.21469,12.21781,0.00,0.00
2016.02.23 18:31:13.300,12.21459,12.21781,0.00,0.00
2016.02.23 18:31:13.884,12.21459,12.2178,0.00,0.00
2016.02.23 18:31:14.436,12.21459,12.21781,0.00,0.00
2016.02.23 18:31:15.097,12.21459,12.2178,0.00,0.00
2016.02.23 18:31:15.660,12.21459,12.21781,0.00,0.00
2016.02.23 18:31:16.079,12.21459,12.21791,0.00,0.00
2016.02.23 18:31:16.419,12.21491,12.2179,0.00,0.00
2016.02.23 18:31:16.746,12.21559,12.2179,0.00,0.00
2016.02.23 18:31:17.376,12.21559,12.21791,0.00,0.00
2016.02.23 18:31:17.970,12.21559,12.2179,0.00,0.00
2016.02.23 18:31:18.216,12.21559,12.21872,0.00,0.00
2016.02.23 18:31:18.317,12.21559,12.21901,0.00,0.00
2016.02.23 18:31:18.418,12.21559,12.2191,0.00,0.00
2016.02.23 18:31:18.828,12.21559,12.21892,0.00,0.00
2016.02.23 18:31:19.178,12.21579,12.21892,0.00,0.00
2016.02.23 18:31:19.228,12.21579,12.21911,0.00,0.00
2016.02.23 18:31:19.773,12.2158,12.2191,0.00,0.00
2016.02.23 18:31:20.031,12.21579,12.21902,0.00,0.00
2016.02.23 18:31:20.132,12.21579,12.21911,0.00,0.00
2016.02.23 18:31:20.433,12.2158,12.21901,0.00,0.00
2016.02.23 18:31:20.985,12.21579,12.21901,0.00,0.00
2016.02.23 18:31:21.902,12.21559,12.21881,0.00,0.00
2016.02.23 18:31:22.791,12.21559,12.21911,0.00,0.00
2016.02.23 18:31:23.549,12.21559,12.2191,0.00,0.00
2016.02.23 18:31:24.195,12.21559,12.21911,0.00,0.00
2016.02.23 18:31:25.126,12.21559,12.2191,0.00,0.00
2016.02.23 18:31:25.700,12.21559,12.21911,0.00,0.00
2016.02.23 18:31:27.047,12.21572,12.21911,0.00,0.00
2016.02.23 18:31:27.380,12.21572,12.21901,0.00,0.00
2016.02.23 18:31:29.106,12.21622,12.2191,0.00,0.00
2016.02.23 18:31:29.511,12.21658,12.2192,0.00,0.00
2016.02.23 18:31:30.047,12.21658,12.21921,0.00,0.00
2016.02.23 18:31:30.427,12.21671,12.2192,0.00,0.00
2016.02.23 18:31:31.110,12.21671,12.21921,0.00,0.00
2016.02.23 18:31:31.161,12.21571,12.21911,0.00,0.00
2016.02.23 18:31:31.733,12.21571,12.2191,0.00,0.00
2016.02.23 18:31:31.884,12.21609,12.2191,0.00,0.00
2016.02.23 18:31:31.934,12.21609,12.2192,0.00,0.00
2016.02.23 18:31:32.557,12.21622,12.21921,0.00,0.00
2016.02.23 18:31:33.741,12.21622,12.2192,0.00,0.00
2016.02.23 18:31:33.960,12.21571,12.2191,0.00,0.00
2016.02.23 18:31:34.603,12.21571,12.21911,0.00,0.00
2016.02.23 18:31:35.315,12.21671,12.21911,0.00,0.00
2016.02.23 18:31:35.365,12.21671,12.2192,0.00,0.00
2016.02.23 18:31:35.567,12.21671,12.2191,0.00,0.00
2016.02.23 18:31:35.935,12.21671,12.21892,0.00,0.00
2016.02.23 18:31:36.015,12.21571,12.21892,0.00,0.00
2016.02.23 18:31:36.314,12.21571,12.21911,0.00,0.00
2016.02.23 18:31:37.021,12.21571,12.21892,0.00,0.00
2016.02.23 18:31:38.746,12.21571,12.21911,0.00,0.00
2016.02.23 18:31:38.846,12.21571,12.21901,0.00,0.00
2016.02.23 18:31:39.148,12.21571,12.21892,0.00,0.00
2016.02.23 18:31:40.562,12.21608,12.21892,0.00,0.00
2016.02.23 18:31:40.663,12.21621,12.21921,0.00,0.00
2016.02.23 18:31:41.206,12.21621,12.21901,0.00,0.00
2016.02.23 18:31:41.359,12.21621,12.2191,0.00,0.00
2016.02.23 18:31:41.541,12.21621,12.21901,0.00,0.00
2016.02.23 18:31:42.065,12.21571,12.2191,0.00,0.00
2016.02.23 18:31:42.116,12.21571,12.21901,0.00,0.00
2016.02.23 18:31:42.620,12.21571,12.219,0.00,0.00
2016.02.23 18:31:42.815,12.21571,12.21902,0.00,0.00
2016.02.23 18:31:42.973,12.21571,12.2191,0.00,0.00
2016.02.23 18:31:43.514,12.21571,12.21911,0.00,0.00
2016.02.23 18:31:44.220,12.21571,12.2191,0.00,0.00
2016.02.23 18:31:44.822,12.21571,12.21911,0.00,0.00
2016.02.23 18:31:45.321,12.21608,12.2191,0.00,0.00
2016.02.23 18:31:45.372,12.21608,12.21921,0.00,0.00
2016.02.23 18:31:45.849,12.216,12.2192,0.00,0.00
2016.02.23 18:31:45.900,12.21571,12.21921,0.00,0.00
2016.02.23 18:31:46.966,12.21571,12.21912,0.00,0.00
2016.02.23 18:31:47.553,12.21571,12.21911,0.00,0.00
2016.02.23 18:31:48.181,12.21571,12.2191,0.00,0.00
2016.02.23 18:31:48.682,12.21571,12.21911,0.00,0.00
2016.02.23 18:31:48.813,12.21571,12.21921,0.00,0.00
2016.02.23 18:31:49.686,12.21571,12.2192,0.00,0.00
2016.02.23 18:31:50.590,12.21571,12.21921,0.00,0.00
2016.02.23 18:31:51.316,12.21571,12.21881,0.00,0.00
2016.02.23 18:31:51.518,12.21571,12.21902,0.00,0.00
2016.02.23 18:31:51.775,12.21571,12.21911,0.00,0.00
2016.02.23 18:31:53.099,12.21571,12.2191,0.00,0.00
2016.02.23 18:31:54.403,12.21571,12.21911,0.00,0.00
2016.02.23 18:31:54.671,12.21571,12.21902,0.00,0.00
2016.02.23 18:31:55.180,12.21571,12.21911,0.00,0.00
2016.02.23 18:31:55.809,12.21571,12.2191,0.00,0.00
2016.02.23 18:31:56.428,12.21571,12.21911,0.00,0.00
2016.02.23 18:31:56.974,12.21571,12.2191,0.00,0.00
2016.02.23 18:31:57.112,12.21571,12.2192,0.00,0.00
2016.02.23 18:31:57.613,12.21571,12.21921,0.00,0.00
2016.02.23 18:31:58.115,12.21571,12.2192,0.00,0.00
2016.02.23 18:31:58.419,12.21571,12.2191,0.00,0.00
2016.02.23 18:31:59.720,12.21571,12.21911,0.00,0.00
2016.02.23 18:32:00.275,12.21571,12.2188,0.00,0.00
2016.02.23 18:32:00.672,12.21559,12.2185,0.00,0.00
2016.02.23 18:32:00.722,12.2155,12.2185,0.00,0.00
2016.02.23 18:32:00.773,12.2155,12.2184,0.00,0.00
2016.02.23 18:32:00.874,12.2154,12.2184,0.00,0.00
2016.02.23 18:32:00.924,12.21522,12.21821,0.00,0.00
2016.02.23 18:32:01.031,12.21522,12.2184,0.00,0.00
2016.02.23 18:32:01.110,12.21522,12.21822,0.00,0.00
2016.02.23 18:32:01.971,12.21522,12.21811,0.00,0.00
2016.02.23 18:32:02.074,12.21471,12.21811,0.00,0.00
2016.02.23 18:32:02.438,12.21471,12.21831,0.00,0.00
2016.02.23 18:32:02.489,12.21509,12.21831,0.00,0.00
2016.02.23 18:32:02.539,12.21509,12.21852,0.00,0.00
2016.02.23 18:32:02.642,12.21509,12.21869,0.00,0.00
2016.02.23 18:32:02.693,12.21558,12.21869,0.00,0.00
2016.02.23 18:32:02.744,12.21572,12.21892,0.00,0.00
2016.02.23 18:32:02.845,12.21572,12.219,0.00,0.00
2016.02.23 18:32:02.946,12.21572,12.21871,0.00,0.00
2016.02.23 18:32:03.289,12.21572,12.21862,0.00,0.00
2016.02.23 18:32:03.447,12.21509,12.21862,0.00,0.00
2016.02.23 18:32:03.499,12.21499,12.21852,0.00,0.00
2016.02.23 18:32:03.550,12.21471,12.2184,0.00,0.00
2016.02.23 18:32:03.702,12.21471,12.21822,0.00,0.00
2016.02.23 18:32:04.005,12.21471,12.2181,0.00,0.00
2016.02.23 18:32:04.056,12.21471,12.2182,0.00,0.00
2016.02.23 18:32:04.610,12.21471,12.21821,0.00,0.00
2016.02.23 18:32:04.839,12.21471,12.2178,0.00,0.00
2016.02.23 18:32:05.382,12.21471,12.218,0.00,0.00
2016.02.23 18:32:05.483,12.21421,12.2175,0.00,0.00
2016.02.23 18:32:05.542,12.21421,12.21801,0.00,0.00
2016.02.23 18:32:05.593,12.21421,12.21771,0.00,0.00
2016.02.23 18:32:05.895,12.21458,12.21781,0.00,0.00
2016.02.23 18:32:06.275,12.21458,12.21819,0.00,0.00
2016.02.23 18:32:06.495,12.21458,12.21812,0.00,0.00
2016.02.23 18:32:06.597,12.21458,12.21819,0.00,0.00
2016.02.23 18:32:06.852,12.21472,12.21831,0.00,0.00
2016.02.23 18:32:07.198,12.21472,12.21801,0.00,0.00
2016.02.23 18:32:07.540,12.21472,12.21782,0.00,0.00
2016.02.23 18:32:07.591,12.21472,12.21801,0.00,0.00
2016.02.23 18:32:08.193,12.21421,12.21801,0.00,0.00
2016.02.23 18:32:08.299,12.21459,12.21811,0.00,0.00
2016.02.23 18:32:08.400,12.21459,12.21819,0.00,0.00
2016.02.23 18:32:08.856,12.21459,12.21811,0.00,0.00
2016.02.23 18:32:08.960,12.21459,12.21821,0.00,0.00
2016.02.23 18:32:09.061,12.21459,12.21781,0.00,0.00
2016.02.23 18:32:09.407,12.2143,12.21752,0.00,0.00
2016.02.23 18:32:09.507,12.21399,12.21741,0.00,0.00
2016.02.23 18:32:09.558,12.214,12.21751,0.00,0.00
2016.02.23 18:32:09.609,12.21409,12.21751,0.00,0.00
2016.02.23 18:32:09.912,12.2145,12.2179,0.00,0.00
2016.02.23 18:32:09.963,12.21459,12.218,0.00,0.00
2016.02.23 18:32:10.064,12.21459,12.21781,0.00,0.00
2016.02.23 18:32:10.383,12.21459,12.2179,0.00,0.00
2016.02.23 18:32:10.461,12.21459,12.218,0.00,0.00
2016.02.23 18:32:10.663,12.21459,12.21812,0.00,0.00
2016.02.23 18:32:10.892,12.21459,12.21821,0.00,0.00
2016.02.23 18:32:10.942,12.215,12.21851,0.00,0.00
2016.02.23 18:32:11.043,12.21508,12.2187,0.00,0.00
2016.02.23 18:32:11.094,12.21509,12.21901,0.00,0.00
2016.02.23 18:32:11.419,12.2151,12.21882,0.00,0.00
2016.02.23 18:32:11.621,12.21458,12.2184,0.00,0.00
2016.02.23 18:32:12.162,12.21521,12.2184,0.00,0.00
2016.02.23 18:32:12.263,12.21471,12.2184,0.00,0.00
2016.02.23 18:32:12.813,12.21471,12.21841,0.00,0.00
2016.02.23 18:32:13.472,12.21471,12.2184,0.00,0.00
2016.02.23 18:32:14.075,12.21471,12.21841,0.00,0.00
2016.02.23 18:32:14.665,12.21471,12.2184,0.00,0.00
2016.02.23 18:32:15.181,12.21471,12.21841,0.00,0.00
2016.02.23 18:32:15.984,12.21471,12.2184,0.00,0.00
2016.02.23 18:32:16.485,12.21471,12.21841,0.00,0.00
2016.02.23 18:32:16.986,12.21558,12.2184,0.00,0.00
2016.02.23 18:32:17.037,12.21558,12.21901,0.00,0.00
2016.02.23 18:32:17.388,12.21558,12.21911,0.00,0.00
2016.02.23 18:32:17.934,12.21558,12.2191,0.00,0.00
2016.02.23 18:32:18.361,12.21571,12.2191,0.00,0.00
2016.02.23 18:32:19.094,12.21571,12.21911,0.00,0.00
2016.02.23 18:32:19.651,12.21571,12.2191,0.00,0.00
2016.02.23 18:32:19.997,12.21571,12.21891,0.00,0.00
2016.02.23 18:32:20.324,12.21571,12.21881,0.00,0.00
2016.02.23 18:32:20.900,12.21571,12.2188,0.00,0.00
2016.02.23 18:32:21.015,12.21571,12.2189,0.00,0.00
2016.02.23 18:32:21.101,12.21571,12.21881,0.00,0.00
2016.02.23 18:32:21.903,12.21571,12.2188,0.00,0.00
2016.02.23 18:32:22.706,12.21571,12.21881,0.00,0.00
2016.02.23 18:32:23.208,12.21571,12.2189,0.00,0.00
2016.02.23 18:32:23.911,12.21571,12.21891,0.00,0.00
2016.02.23 18:32:24.315,12.21571,12.219,0.00,0.00
2016.02.23 18:32:24.902,12.21571,12.21901,0.00,0.00
2016.02.23 18:32:25.616,12.21571,12.21891,0.00,0.00
2016.02.23 18:32:25.960,12.21571,12.21901,0.00,0.00
2016.02.23 18:32:26.134,12.21571,12.21881,0.00,0.00
2016.02.23 18:32:26.285,12.21521,12.21841,0.00,0.00
2016.02.23 18:32:26.336,12.21521,12.2182,0.00,0.00
2016.02.23 18:32:26.741,12.21521,12.21811,0.00,0.00
2016.02.23 18:32:26.820,12.21521,12.2182,0.00,0.00
2016.02.23 18:32:27.353,12.21521,12.2183,0.00,0.00
2016.02.23 18:32:27.470,12.21521,12.21821,0.00,0.00
2016.02.23 18:32:27.586,12.21471,12.21821,0.00,0.00
2016.02.23 18:32:27.637,12.21471,12.21811,0.00,0.00
2016.02.23 18:32:27.975,12.21471,12.21801,0.00,0.00
2016.02.23 18:32:28.283,12.21471,12.21741,0.00,0.00
2016.02.23 18:32:28.334,12.21372,12.2174,0.00,0.00
2016.02.23 18:32:28.828,12.21372,12.21731,0.00,0.00
2016.02.23 18:32:29.029,12.21372,12.21741,0.00,0.00
2016.02.23 18:32:29.333,12.21372,12.2173,0.00,0.00
2016.02.23 18:32:29.664,12.21372,12.21711,0.00,0.00
2016.02.23 18:32:30.031,12.21372,12.21721,0.00,0.00
2016.02.23 18:32:30.233,12.21372,12.2169,0.00,0.00
2016.02.23 18:32:30.734,12.21372,12.2168,0.00,0.00
2016.02.23 18:32:30.984,12.21372,12.2169,0.00,0.00
2016.02.23 18:32:31.035,12.21372,12.21701,0.00,0.00
2016.02.23 18:32:31.569,12.21372,12.217,0.00,0.00
2016.02.23 18:32:31.771,12.21409,12.21751,0.00,0.00
2016.02.23 18:32:31.821,12.21421,12.21751,0.00,0.00
2016.02.23 18:32:31.974,12.21421,12.21791,0.00,0.00
2016.02.23 18:32:32.139,12.21429,12.21801,0.00,0.00
2016.02.23 18:32:32.842,12.2143,12.218,0.00,0.00
2016.02.23 18:32:33.171,12.21471,12.21801,0.00,0.00
2016.02.23 18:32:33.845,12.21471,12.218,0.00,0.00
2016.02.23 18:32:34.347,12.21471,12.21801,0.00,0.00
2016.02.23 18:32:34.848,12.21471,12.218,0.00,0.00
2016.02.23 18:32:35.350,12.21471,12.21801,0.00,0.00
2016.02.23 18:32:35.952,12.21471,12.218,0.00,0.00
2016.02.23 18:32:36.463,12.21471,12.21801,0.00,0.00
2016.02.23 18:32:37.006,12.21471,12.218,0.00,0.00
2016.02.23 18:32:37.558,12.21471,12.21801,0.00,0.00
2016.02.23 18:32:37.859,12.21521,12.21851,0.00,0.00
2016.02.23 18:32:38.299,12.21529,12.21871,0.00,0.00
2016.02.23 18:32:39.080,12.21571,12.21871,0.00,0.00
2016.02.23 18:32:39.648,12.21571,12.2187,0.00,0.00
2016.02.23 18:32:40.502,12.21571,12.21871,0.00,0.00
2016.02.23 18:32:41.372,12.21571,12.2187,0.00,0.00
2016.02.23 18:32:41.878,12.21571,12.21871,0.00,0.00
2016.02.23 18:32:43.289,12.21579,12.21881,0.00,0.00
2016.02.23 18:32:43.931,12.21571,12.21881,0.00,0.00
2016.02.23 18:32:44.133,12.2158,12.2188,0.00,0.00
2016.02.23 18:32:44.332,12.2158,12.219,0.00,0.00
2016.02.23 18:32:45.224,12.21571,12.21901,0.00,0.00
2016.02.23 18:32:46.335,12.21571,12.219,0.00,0.00
2016.02.23 18:32:46.436,12.21571,12.21891,0.00,0.00
2016.02.23 18:32:47.620,12.21571,12.2189,0.00,0.00
2016.02.23 18:32:48.201,12.21571,12.21891,0.00,0.00
2016.02.23 18:32:48.775,12.21571,12.2189,0.00,0.00
2016.02.23 18:32:49.341,12.21571,12.21861,0.00,0.00
2016.02.23 18:32:49.576,12.21571,12.2189,0.00,0.00
2016.02.23 18:32:50.128,12.21571,12.21891,0.00,0.00
2016.02.23 18:32:52.134,12.21571,12.2189,0.00,0.00
2016.02.23 18:32:52.677,12.21571,12.21891,0.00,0.00
2016.02.23 18:32:53.440,12.21571,12.2189,0.00,0.00
2016.02.23 18:32:54.341,12.21571,12.21891,0.00,0.00
2016.02.23 18:32:56.691,12.21571,12.2189,0.00,0.00
2016.02.23 18:32:57.402,12.21571,12.21891,0.00,0.00
2016.02.23 18:32:58.253,12.21571,12.2189,0.00,0.00
2016.02.23 18:32:59.101,12.21571,12.21891,0.00,0.00
2016.02.23 18:32:59.155,12.21571,12.21881,0.00,0.00
2016.02.23 18:32:59.761,12.21609,12.2188,0.00,0.00
2016.02.23 18:33:00.100,12.21672,12.21901,0.00,0.00
2016.02.23 18:33:00.648,12.21672,12.219,0.00,0.00
2016.02.23 18:33:01.156,12.21672,12.21901,0.00,0.00
2016.02.23 18:33:01.597,12.21672,12.2195,0.00,0.00
2016.02.23 18:33:02.108,12.21672,12.22001,0.00,0.00
2016.02.23 18:33:03.619,12.21672,12.21991,0.00,0.00
2016.02.23 18:33:04.575,12.21672,12.2199,0.00,0.00
2016.02.23 18:33:05.094,12.21672,12.21991,0.00,0.00
2016.02.23 18:33:06.182,12.21672,12.2199,0.00,0.00
2016.02.23 18:33:07.297,12.21672,12.21991,0.00,0.00
2016.02.23 18:33:08.088,12.21672,12.2199,0.00,0.00
2016.02.23 18:33:09.092,12.21672,12.21991,0.00,0.00
2016.02.23 18:33:10.055,12.21672,12.2199,0.00,0.00
2016.02.23 18:33:11.099,12.21672,12.21991,0.00,0.00
2016.02.23 18:33:11.600,12.21672,12.2198,0.00,0.00
2016.02.23 18:33:12.101,12.21672,12.21981,0.00,0.00
2016.02.23 18:33:12.704,12.21672,12.2198,0.00,0.00
2016.02.23 18:33:13.606,12.21672,12.21981,0.00,0.00
2016.02.23 18:33:14.710,12.21672,12.2198,0.00,0.00
2016.02.23 18:33:15.244,12.21672,12.21981,0.00,0.00
2016.02.23 18:33:15.840,12.21672,12.2198,0.00,0.00
2016.02.23 18:33:16.378,12.21672,12.21981,0.00,0.00
2016.02.23 18:33:16.917,12.21672,12.2198,0.00,0.00
2016.02.23 18:33:17.611,12.21672,12.21981,0.00,0.00
2016.02.23 18:33:18.221,12.21672,12.2198,0.00,0.00
2016.02.23 18:33:18.848,12.21672,12.21981,0.00,0.00
2016.02.23 18:33:19.426,12.21672,12.2198,0.00,0.00
2016.02.23 18:33:19.928,12.21672,12.21981,0.00,0.00
2016.02.23 18:33:20.270,12.21709,12.2198,0.00,0.00
2016.02.23 18:33:20.371,12.21771,12.22101,0.00,0.00
2016.02.23 18:33:20.830,12.21771,12.22121,0.00,0.00
2016.02.23 18:33:20.967,12.21771,12.22101,0.00,0.00
2016.02.23 18:33:21.232,12.21771,12.22152,0.00,0.00
2016.02.23 18:33:21.367,12.21771,12.22131,0.00,0.00
2016.02.23 18:33:21.684,12.21771,12.221,0.00,0.00
2016.02.23 18:33:21.819,12.21758,12.221,0.00,0.00
2016.02.23 18:33:21.870,12.2175,12.221,0.00,0.00
2016.02.23 18:33:21.971,12.21721,12.2208,0.00,0.00
2016.02.23 18:33:22.380,12.21721,12.2206,0.00,0.00
2016.02.23 18:33:22.960,12.21749,12.22061,0.00,0.00
2016.02.23 18:33:23.277,12.21772,12.22061,0.00,0.00
2016.02.23 18:33:24.136,12.21772,12.2206,0.00,0.00
2016.02.23 18:33:24.701,12.21772,12.22061,0.00,0.00
2016.02.23 18:33:25.456,12.21772,12.2206,0.00,0.00
2016.02.23 18:33:26.460,12.21772,12.22061,0.00,0.00
2016.02.23 18:33:27.964,12.21772,12.2206,0.00,0.00
2016.02.23 18:33:28.502,12.21772,12.22061,0.00,0.00
2016.02.23 18:33:28.703,12.21772,12.22071,0.00,0.00
2016.02.23 18:33:29.269,12.21772,12.2207,0.00,0.00
2016.02.23 18:33:30.272,12.21772,12.22071,0.00,0.00
2016.02.23 18:33:30.774,12.21772,12.2207,0.00,0.00
2016.02.23 18:33:31.276,12.21772,12.22071,0.00,0.00
2016.02.23 18:33:31.628,12.21821,12.2207,0.00,0.00
2016.02.23 18:33:31.679,12.21829,12.22121,0.00,0.00
2016.02.23 18:33:31.779,12.21858,12.22211,0.00,0.00
2016.02.23 18:33:32.226,12.21858,12.22201,0.00,0.00
2016.02.23 18:33:32.543,12.2185,12.2218,0.00,0.00
2016.02.23 18:33:32.594,12.21821,12.2219,0.00,0.00
2016.02.23 18:33:32.983,12.21858,12.22191,0.00,0.00
2016.02.23 18:33:33.411,12.21872,12.22191,0.00,0.00
2016.02.23 18:33:33.735,12.21771,12.221,0.00,0.00
2016.02.23 18:33:34.291,12.21771,12.22101,0.00,0.00
2016.02.23 18:33:34.492,12.21771,12.22111,0.00,0.00
2016.02.23 18:33:34.593,12.21771,12.2212,0.00,0.00
2016.02.23 18:33:35.114,12.21771,12.22121,0.00,0.00
2016.02.23 18:33:35.190,12.21771,12.2211,0.00,0.00
2016.02.23 18:33:35.892,12.21771,12.2212,0.00,0.00
2016.02.23 18:33:35.993,12.21771,12.2211,0.00,0.00
2016.02.23 18:33:36.320,12.21771,12.2212,0.00,0.00
2016.02.23 18:33:36.594,12.21771,12.22111,0.00,0.00
2016.02.23 18:33:37.177,12.21771,12.2211,0.00,0.00
2016.02.23 18:33:37.697,12.21771,12.22101,0.00,0.00
2016.02.23 18:33:38.069,12.21771,12.22111,0.00,0.00
2016.02.23 18:33:38.512,12.21771,12.22121,0.00,0.00
2016.02.23 18:33:38.933,12.21771,12.22111,0.00,0.00
2016.02.23 18:33:39.034,12.21771,12.22121,0.00,0.00
2016.02.23 18:33:39.904,12.21771,12.2212,0.00,0.00
2016.02.23 18:33:40.335,12.21771,12.22111,0.00,0.00
2016.02.23 18:33:40.709,12.21771,12.22121,0.00,0.00
2016.02.23 18:33:41.337,12.21771,12.22111,0.00,0.00
2016.02.23 18:33:41.895,12.21771,12.2211,0.00,0.00
2016.02.23 18:33:42.461,12.21771,12.22111,0.00,0.00
2016.02.23 18:33:43.019,12.21771,12.2211,0.00,0.00
2016.02.23 18:33:43.630,12.21771,12.22111,0.00,0.00
2016.02.23 18:33:44.419,12.21771,12.2211,0.00,0.00
2016.02.23 18:33:44.737,12.21758,12.22001,0.00,0.00
2016.02.23 18:33:44.908,12.21721,12.22,0.00,0.00
2016.02.23 18:33:45.523,12.21721,12.22001,0.00,0.00
2016.02.23 18:33:46.076,12.21671,12.22001,0.00,0.00
2016.02.23 18:33:46.728,12.21671,12.22,0.00,0.00
2016.02.23 18:33:46.828,12.21671,12.21991,0.00,0.00
2016.02.23 18:33:47.230,12.21671,12.2198,0.00,0.00
2016.02.23 18:33:47.832,12.21671,12.21981,0.00,0.00
2016.02.23 18:33:48.161,12.21622,12.219,0.00,0.00
2016.02.23 18:33:48.497,12.21622,12.2187,0.00,0.00
2016.02.23 18:33:49.057,12.21622,12.21871,0.00,0.00
2016.02.23 18:33:49.543,12.21572,12.21871,0.00,0.00
2016.02.23 18:33:49.767,12.21572,12.21881,0.00,0.00
2016.02.23 18:33:50.139,12.21572,12.21891,0.00,0.00
2016.02.23 18:33:50.758,12.21572,12.2189,0.00,0.00
2016.02.23 18:33:51.343,12.21572,12.21891,0.00,0.00
2016.02.23 18:33:51.655,12.21572,12.219,0.00,0.00
2016.02.23 18:33:51.756,12.21572,12.21911,0.00,0.00
2016.02.23 18:33:51.999,12.21572,12.21901,0.00,0.00
2016.02.23 18:33:52.058,12.21572,12.21911,0.00,0.00
2016.02.23 18:33:52.159,12.21572,12.219,0.00,0.00
2016.02.23 18:33:52.346,12.21572,12.2191,0.00,0.00
2016.02.23 18:33:52.447,12.21572,12.21871,0.00,0.00
2016.02.23 18:33:52.556,12.21572,12.2188,0.00,0.00
2016.02.23 18:33:52.890,12.21608,12.21881,0.00,0.00
2016.02.23 18:33:52.991,12.21621,12.219,0.00,0.00
2016.02.23 18:33:53.652,12.21621,12.21901,0.00,0.00
2016.02.23 18:33:54.389,12.21571,12.21901,0.00,0.00
2016.02.23 18:33:54.797,12.21571,12.2189,0.00,0.00
2016.02.23 18:33:55.159,12.21571,12.21791,0.00,0.00
2016.02.23 18:33:55.260,12.21458,12.21791,0.00,0.00
2016.02.23 18:33:55.870,12.21458,12.2179,0.00,0.00
2016.02.23 18:33:56.100,12.21508,12.218,0.00,0.00
2016.02.23 18:33:56.201,12.21509,12.21861,0.00,0.00
2016.02.23 18:33:56.312,12.21559,12.2186,0.00,0.00
2016.02.23 18:33:56.513,12.21509,12.21851,0.00,0.00
2016.02.23 18:33:56.630,12.21558,12.21851,0.00,0.00
2016.02.23 18:33:56.681,12.21558,12.21891,0.00,0.00
2016.02.23 18:33:56.801,12.21558,12.219,0.00,0.00
2016.02.23 18:33:57.300,12.2155,12.21852,0.00,0.00
2016.02.23 18:33:57.367,12.21499,12.21852,0.00,0.00
2016.02.23 18:33:57.467,12.21458,12.2184,0.00,0.00
2016.02.23 18:33:57.568,12.21458,12.21831,0.00,0.00
2016.02.23 18:33:58.188,12.21458,12.2181,0.00,0.00
2016.02.23 18:33:58.849,12.21471,12.2181,0.00,0.00
2016.02.23 18:33:59.377,12.21471,12.21811,0.00,0.00
2016.02.23 18:34:00.002,12.21471,12.21801,0.00,0.00
2016.02.23 18:34:00.456,12.21471,12.2179,0.00,0.00
2016.02.23 18:34:00.609,12.21471,12.21801,0.00,0.00
2016.02.23 18:34:00.780,12.21471,12.21821,0.00,0.00
2016.02.23 18:34:01.410,12.21471,12.2183,0.00,0.00
2016.02.23 18:34:01.883,12.21471,12.21821,0.00,0.00
2016.02.23 18:34:02.219,12.21471,12.218,0.00,0.00
2016.02.23 18:34:02.530,12.21471,12.21791,0.00,0.00
2016.02.23 18:34:03.129,12.21471,12.21801,0.00,0.00
2016.02.23 18:34:03.615,12.21471,12.2183,0.00,0.00
2016.02.23 18:34:04.069,12.21471,12.2182,0.00,0.00
2016.02.23 18:34:04.220,12.21521,12.21871,0.00,0.00
2016.02.23 18:34:04.333,12.21549,12.21901,0.00,0.00
2016.02.23 18:34:04.485,12.21559,12.21911,0.00,0.00
2016.02.23 18:34:05.068,12.21559,12.2191,0.00,0.00
2016.02.23 18:34:05.118,12.21559,12.21919,0.00,0.00
2016.02.23 18:34:05.599,12.21572,12.219,0.00,0.00
2016.02.23 18:34:05.736,12.21572,12.21911,0.00,0.00
2016.02.23 18:34:06.120,12.21629,12.21968,0.00,0.00
2016.02.23 18:34:06.400,12.21672,12.2203,0.00,0.00
2016.02.23 18:34:07.229,12.21672,12.22031,0.00,0.00
2016.02.23 18:34:07.626,12.21672,12.22021,0.00,0.00
2016.02.23 18:34:07.706,12.21672,12.22031,0.00,0.00
2016.02.23 18:34:08.378,12.21672,12.2202,0.00,0.00
2016.02.23 18:34:08.610,12.21672,12.22031,0.00,0.00
2016.02.23 18:34:09.212,12.21672,12.2203,0.00,0.00
2016.02.23 18:34:09.759,12.21672,12.22031,0.00,0.00
2016.02.23 18:34:10.016,12.21672,12.22021,0.00,0.00
2016.02.23 18:34:10.216,12.21672,12.2203,0.00,0.00
2016.02.23 18:34:10.748,12.21672,12.22031,0.00,0.00
2016.02.23 18:34:10.929,12.21672,12.2204,0.00,0.00
2016.02.23 18:34:11.326,12.21672,12.21981,0.00,0.00
2016.02.23 18:34:11.809,12.21672,12.21951,0.00,0.00
2016.02.23 18:34:11.910,12.21622,12.21921,0.00,0.00
2016.02.23 18:34:11.961,12.21622,12.21931,0.00,0.00
2016.02.23 18:34:12.472,12.21622,12.2193,0.00,0.00
2016.02.23 18:34:12.572,12.21622,12.21941,0.00,0.00
2016.02.23 18:34:13.128,12.21622,12.2194,0.00,0.00
2016.02.23 18:34:13.281,12.21572,12.2194,0.00,0.00
2016.02.23 18:34:13.332,12.21572,12.2193,0.00,0.00
2016.02.23 18:34:13.941,12.21572,12.21931,0.00,0.00
2016.02.23 18:34:14.542,12.21572,12.21921,0.00,0.00
2016.02.23 18:34:15.171,12.21572,12.2192,0.00,0.00
2016.02.23 18:34:15.612,12.21572,12.21901,0.00,0.00
2016.02.23 18:34:16.693,12.21572,12.21891,0.00,0.00
2016.02.23 18:34:17.171,12.21572,12.219,0.00,0.00
2016.02.23 18:34:17.300,12.21572,12.21911,0.00,0.00
2016.02.23 18:34:17.465,12.21572,12.21901,0.00,0.00
2016.02.23 18:34:17.705,12.21572,12.2191,0.00,0.00
2016.02.23 18:34:18.225,12.21572,12.21911,0.00,0.00
2016.02.23 18:34:18.376,12.21572,12.21901,0.00,0.00
2016.02.23 18:34:18.965,12.21572,12.219,0.00,0.00
2016.02.23 18:34:19.082,12.21572,12.21921,0.00,0.00
2016.02.23 18:34:19.567,12.21572,12.21931,0.00,0.00
2016.02.23 18:34:20.001,12.21572,12.21941,0.00,0.00
2016.02.23 18:34:21.485,12.21621,12.21951,0.00,0.00
2016.02.23 18:34:21.535,12.21621,12.21991,0.00,0.00
2016.02.23 18:34:21.708,12.21621,12.21941,0.00,0.00
2016.02.23 18:34:22.363,12.21621,12.2194,0.00,0.00
2016.02.23 18:34:22.918,12.21571,12.2194,0.00,0.00
2016.02.23 18:34:23.261,12.21608,12.2194,0.00,0.00
2016.02.23 18:34:23.783,12.21608,12.21941,0.00,0.00
2016.02.23 18:34:24.027,12.21608,12.21969,0.00,0.00
2016.02.23 18:34:24.177,12.21622,12.2198,0.00,0.00
2016.02.23 18:34:24.857,12.21622,12.21981,0.00,0.00
2016.02.23 18:34:26.391,12.21622,12.2198,0.00,0.00
2016.02.23 18:34:26.730,12.21671,12.22002,0.00,0.00
2016.02.23 18:34:26.781,12.21671,12.2202,0.00,0.00
2016.02.23 18:34:26.993,12.21671,12.22041,0.00,0.00
2016.02.23 18:34:28.017,12.21671,12.2204,0.00,0.00
2016.02.23 18:34:28.919,12.21671,12.22041,0.00,0.00
2016.02.23 18:34:29.020,12.2168,12.2204,0.00,0.00
2016.02.23 18:34:29.535,12.21679,12.22041,0.00,0.00
2016.02.23 18:34:29.636,12.21671,12.22041,0.00,0.00
2016.02.23 18:34:30.424,12.21671,12.2204,0.00,0.00
2016.02.23 18:34:31.309,12.21671,12.22041,0.00,0.00
2016.02.23 18:34:31.919,12.21671,12.2204,0.00,0.00
2016.02.23 18:34:32.361,12.21671,12.2203,0.00,0.00
2016.02.23 18:34:32.562,12.21671,12.22041,0.00,0.00
2016.02.23 18:34:32.612,12.21709,12.22041,0.00,0.00
2016.02.23 18:34:32.914,12.21722,12.22041,0.00,0.00
2016.02.23 18:34:33.520,12.21722,12.2204,0.00,0.00
2016.02.23 18:34:33.986,12.21671,12.2204,0.00,0.00
2016.02.23 18:34:34.622,12.21671,12.22041,0.00,0.00
2016.02.23 18:34:35.262,12.21709,12.22041,0.00,0.00
2016.02.23 18:34:35.363,12.21772,12.22111,0.00,0.00
2016.02.23 18:34:36.028,12.21772,12.2211,0.00,0.00
2016.02.23 18:34:36.630,12.21772,12.22121,0.00,0.00
2016.02.23 18:34:37.161,12.21772,12.2212,0.00,0.00
2016.02.23 18:34:37.262,12.21772,12.2213,0.00,0.00
2016.02.23 18:34:37.770,12.21772,12.22131,0.00,0.00
2016.02.23 18:34:38.305,12.21772,12.2213,0.00,0.00
2016.02.23 18:34:38.539,12.21772,12.2214,0.00,0.00
2016.02.23 18:34:39.362,12.21829,12.22152,0.00,0.00
2016.02.23 18:34:39.463,12.21871,12.22201,0.00,0.00
2016.02.23 18:34:39.969,12.21871,12.2221,0.00,0.00
2016.02.23 18:34:40.444,12.21871,12.22141,0.00,0.00
2016.02.23 18:34:40.595,12.21808,12.2214,0.00,0.00
2016.02.23 18:34:40.740,12.21771,12.22141,0.00,0.00
2016.02.23 18:34:41.689,12.21771,12.2214,0.00,0.00
2016.02.23 18:34:42.469,12.21771,12.22041,0.00,0.00
2016.02.23 18:34:42.994,12.21771,12.22101,0.00,0.00
2016.02.23 18:34:43.303,12.21771,12.22121,0.00,0.00
2016.02.23 18:34:43.404,12.21771,12.22141,0.00,0.00
2016.02.23 18:34:43.695,12.2178,12.2214,0.00,0.00
2016.02.23 18:34:44.257,12.21779,12.22141,0.00,0.00
2016.02.23 18:34:44.960,12.21771,12.22141,0.00,0.00
2016.02.23 18:34:45.501,12.21771,12.2214,0.00,0.00
2016.02.23 18:34:45.724,12.21822,12.2214,0.00,0.00
2016.02.23 18:34:45.775,12.21829,12.22201,0.00,0.00
2016.02.23 18:34:45.876,12.21849,12.22201,0.00,0.00
2016.02.23 18:34:46.212,12.21858,12.22201,0.00,0.00
2016.02.23 18:34:46.400,12.21858,12.2221,0.00,0.00
2016.02.23 18:34:46.904,12.21858,12.22211,0.00,0.00
2016.02.23 18:34:47.068,12.21858,12.22218,0.00,0.00
2016.02.23 18:34:47.119,12.21872,12.2222,0.00,0.00
2016.02.23 18:34:47.671,12.21872,12.22221,0.00,0.00
2016.02.23 18:34:48.172,12.21872,12.2222,0.00,0.00
2016.02.23 18:34:48.504,12.21921,12.2223,0.00,0.00
2016.02.23 18:34:48.604,12.21921,12.22251,0.00,0.00
2016.02.23 18:34:48.705,12.21958,12.2229,0.00,0.00
2016.02.23 18:34:49.193,12.21958,12.223,0.00,0.00
2016.02.23 18:34:49.486,12.21921,12.22241,0.00,0.00
2016.02.23 18:34:49.537,12.21901,12.22241,0.00,0.00
2016.02.23 18:34:49.587,12.2195,12.22252,0.00,0.00
2016.02.23 18:34:49.688,12.21958,12.22341,0.00,0.00
2016.02.23 18:34:49.806,12.21958,12.2232,0.00,0.00
2016.02.23 18:34:50.156,12.21958,12.22291,0.00,0.00
2016.02.23 18:34:50.408,12.21949,12.22291,0.00,0.00
2016.02.23 18:34:50.568,12.21958,12.22291,0.00,0.00
2016.02.23 18:34:51.440,12.21958,12.2229,0.00,0.00
2016.02.23 18:34:51.491,12.21958,12.22311,0.00,0.00
2016.02.23 18:34:51.592,12.21958,12.22301,0.00,0.00
2016.02.23 18:34:51.959,12.21972,12.22301,0.00,0.00
2016.02.23 18:34:52.089,12.21972,12.22321,0.00,0.00
2016.02.23 18:34:52.661,12.21972,12.2232,0.00,0.00
2016.02.23 18:34:52.812,12.21972,12.223,0.00,0.00
2016.02.23 18:34:53.354,12.21972,12.22301,0.00,0.00
2016.02.23 18:34:53.739,12.21958,12.22301,0.00,0.00
2016.02.23 18:34:53.800,12.21958,12.22271,0.00,0.00
2016.02.23 18:34:53.851,12.21921,12.22271,0.00,0.00
2016.02.23 18:34:53.952,12.21921,12.22281,0.00,0.00
2016.02.23 18:34:54.248,12.2195,12.22302,0.00,0.00
2016.02.23 18:34:54.299,12.21959,12.22319,0.00,0.00
2016.02.23 18:34:54.349,12.21959,12.22301,0.00,0.00
2016.02.23 18:34:54.676,12.21921,12.22291,0.00,0.00
2016.02.23 18:34:54.726,12.21921,12.22241,0.00,0.00
2016.02.23 18:34:54.827,12.21921,12.22252,0.00,0.00
2016.02.23 18:34:54.928,12.21921,12.2224,0.00,0.00
2016.02.23 18:34:55.106,12.21871,12.22241,0.00,0.00
2016.02.23 18:34:55.615,12.21871,12.2224,0.00,0.00
2016.02.23 18:34:55.829,12.21899,12.22251,0.00,0.00
2016.02.23 18:34:55.879,12.21909,12.22269,0.00,0.00
2016.02.23 18:34:56.271,12.21958,12.22269,0.00,0.00
2016.02.23 18:34:56.321,12.21971,12.22311,0.00,0.00
2016.02.23 18:34:56.829,12.21971,12.2231,0.00,0.00
2016.02.23 18:34:57.221,12.21971,12.22301,0.00,0.00
2016.02.23 18:34:57.422,12.21871,12.2224,0.00,0.00
2016.02.23 18:34:57.590,12.21899,12.22251,0.00,0.00
2016.02.23 18:34:57.641,12.21908,12.22269,0.00,0.00
2016.02.23 18:34:57.842,12.21958,12.22269,0.00,0.00
2016.02.23 18:34:58.043,12.21971,12.22311,0.00,0.00
2016.02.23 18:34:58.728,12.21971,12.2231,0.00,0.00
2016.02.23 18:34:59.230,12.21971,12.22311,0.00,0.00
2016.02.23 18:34:59.932,12.21971,12.2231,0.00,0.00
2016.02.23 18:35:00.434,12.21971,12.22311,0.00,0.00
2016.02.23 18:35:00.749,12.21971,12.22321,0.00,0.00
2016.02.23 18:35:00.850,12.21971,12.22341,0.00,0.00
2016.02.23 18:35:00.951,12.21971,12.2231,0.00,0.00
2016.02.23 18:35:01.152,12.21971,12.22331,0.00,0.00
2016.02.23 18:35:01.673,12.21971,12.2233,0.00,0.00
2016.02.23 18:35:02.197,12.21971,12.22331,0.00,0.00
2016.02.23 18:35:02.749,12.21971,12.2233,0.00,0.00
2016.02.23 18:35:03.251,12.21971,12.22331,0.00,0.00
2016.02.23 18:35:04.044,12.21971,12.2233,0.00,0.00
2016.02.23 18:35:04.374,12.21971,12.2234,0.00,0.00
2016.02.23 18:35:05.085,12.21971,12.22341,0.00,0.00
2016.02.23 18:35:05.258,12.21971,12.22331,0.00,0.00
2016.02.23 18:35:05.572,12.21971,12.2232,0.00,0.00
2016.02.23 18:35:06.010,12.21971,12.2231,0.00,0.00
2016.02.23 18:35:06.563,12.21971,12.22301,0.00,0.00
2016.02.23 18:35:07.065,12.21971,12.223,0.00,0.00
2016.02.23 18:35:07.544,12.21958,12.22301,0.00,0.00
2016.02.23 18:35:07.595,12.21958,12.22281,0.00,0.00
2016.02.23 18:35:07.645,12.21921,12.22281,0.00,0.00
2016.02.23 18:35:08.209,12.21921,12.2228,0.00,0.00
2016.02.23 18:35:08.269,12.21921,12.22291,0.00,0.00
2016.02.23 18:35:08.370,12.21921,12.22251,0.00,0.00
2016.02.23 18:35:08.672,12.21921,12.2223,0.00,0.00
2016.02.23 18:35:08.978,12.21871,12.2223,0.00,0.00
2016.02.23 18:35:09.573,12.21871,12.22231,0.00,0.00
2016.02.23 18:35:10.074,12.21871,12.2223,0.00,0.00
2016.02.23 18:35:10.281,12.21899,12.22251,0.00,0.00
2016.02.23 18:35:10.804,12.21959,12.22301,0.00,0.00
2016.02.23 18:35:11.200,12.21922,12.22241,0.00,0.00
2016.02.23 18:35:11.301,12.21958,12.2228,0.00,0.00
2016.02.23 18:35:11.402,12.21958,12.22261,0.00,0.00
2016.02.23 18:35:11.452,12.21922,12.22261,0.00,0.00
2016.02.23 18:35:11.616,12.21949,12.22291,0.00,0.00
2016.02.23 18:35:11.717,12.21958,12.22291,0.00,0.00
2016.02.23 18:35:12.018,12.21971,12.22291,0.00,0.00
2016.02.23 18:35:12.809,12.21971,12.22301,0.00,0.00
2016.02.23 18:35:13.627,12.21971,12.22251,0.00,0.00
2016.02.23 18:35:13.797,12.21971,12.2228,0.00,0.00
2016.02.23 18:35:14.063,12.21971,12.22291,0.00,0.00
2016.02.23 18:35:14.612,12.21971,12.2229,0.00,0.00
2016.02.23 18:35:14.713,12.21922,12.2226,0.00,0.00
2016.02.23 18:35:15.120,12.21922,12.22241,0.00,0.00
2016.02.23 18:35:15.659,12.21922,12.22252,0.00,0.00
2016.02.23 18:35:15.710,12.21922,12.2228,0.00,0.00
2016.02.23 18:35:15.761,12.21922,12.22251,0.00,0.00
2016.02.23 18:35:16.049,12.21871,12.22241,0.00,0.00
2016.02.23 18:35:16.617,12.21871,12.2223,0.00,0.00
2016.02.23 18:35:17.087,12.21871,12.2221,0.00,0.00
2016.02.23 18:35:17.239,12.21871,12.22221,0.00,0.00
2016.02.23 18:35:17.463,12.21871,12.2224,0.00,0.00
2016.02.23 18:35:17.564,12.21871,12.2223,0.00,0.00
2016.02.23 18:35:17.631,12.21871,12.22241,0.00,0.00
2016.02.23 18:35:18.135,12.21921,12.22241,0.00,0.00
2016.02.23 18:35:18.236,12.21921,12.22271,0.00,0.00
2016.02.23 18:35:18.337,12.21921,12.2229,0.00,0.00
2016.02.23 18:35:18.545,12.21921,12.22261,0.00,0.00
2016.02.23 18:35:18.764,12.21921,12.2229,0.00,0.00
2016.02.23 18:35:19.039,12.21959,12.2229,0.00,0.00
2016.02.23 18:35:19.305,12.21921,12.2226,0.00,0.00
2016.02.23 18:35:19.356,12.21949,12.22301,0.00,0.00
2016.02.23 18:35:19.407,12.21958,12.22311,0.00,0.00
2016.02.23 18:35:19.531,12.21972,12.22311,0.00,0.00
2016.02.23 18:35:20.051,12.21972,12.223,0.00,0.00
2016.02.23 18:35:20.467,12.21972,12.22321,0.00,0.00
2016.02.23 18:35:20.652,12.21972,12.2225,0.00,0.00
2016.02.23 18:35:21.169,12.21958,12.22261,0.00,0.00
2016.02.23 18:35:21.270,12.21922,12.22241,0.00,0.00
2016.02.23 18:35:21.656,12.21922,12.2223,0.00,0.00
2016.02.23 18:35:22.285,12.21922,12.22231,0.00,0.00
2016.02.23 18:35:22.535,12.21871,12.22231,0.00,0.00
2016.02.23 18:35:22.708,12.21871,12.22241,0.00,0.00
2016.02.23 18:35:22.942,12.21871,12.2223,0.00,0.00
2016.02.23 18:35:23.763,12.21871,12.22231,0.00,0.00
2016.02.23 18:35:24.305,12.21871,12.2223,0.00,0.00
2016.02.23 18:35:24.903,12.21871,12.2224,0.00,0.00
2016.02.23 18:35:25.069,12.21871,12.2223,0.00,0.00
2016.02.23 18:35:25.469,12.21959,12.2223,0.00,0.00
2016.02.23 18:35:25.520,12.21959,12.2226,0.00,0.00
2016.02.23 18:35:25.621,12.21959,12.223,0.00,0.00
2016.02.23 18:35:25.674,12.21959,12.2229,0.00,0.00
2016.02.23 18:35:25.875,12.21959,12.223,0.00,0.00
2016.02.23 18:35:26.189,12.21959,12.22319,0.00,0.00
2016.02.23 18:35:26.767,12.21971,12.22321,0.00,0.00
2016.02.23 18:35:27.285,12.21971,12.2232,0.00,0.00
2016.02.23 18:35:27.505,12.21971,12.2233,0.00,0.00
2016.02.23 18:35:27.607,12.21971,12.22321,0.00,0.00
2016.02.23 18:35:28.300,12.21971,12.2232,0.00,0.00
2016.02.23 18:35:28.430,12.21971,12.2233,0.00,0.00
2016.02.23 18:35:28.961,12.21971,12.22331,0.00,0.00
2016.02.23 18:35:29.621,12.21971,12.2233,0.00,0.00
2016.02.23 18:35:31.196,12.21971,12.22331,0.00,0.00
2016.02.23 18:35:32.040,12.21971,12.2233,0.00,0.00
2016.02.23 18:35:32.702,12.21971,12.22331,0.00,0.00
2016.02.23 18:35:33.448,12.21971,12.2233,0.00,0.00
2016.02.23 18:35:34.007,12.21971,12.22331,0.00,0.00
2016.02.23 18:35:34.358,12.21971,12.22241,0.00,0.00
2016.02.23 18:35:34.641,12.21971,12.22271,0.00,0.00
2016.02.23 18:35:34.820,12.21959,12.22271,0.00,0.00
2016.02.23 18:35:34.879,12.21958,12.22251,0.00,0.00
2016.02.23 18:35:35.041,12.21958,12.22301,0.00,0.00
2016.02.23 18:35:35.453,12.21921,12.2224,0.00,0.00
2016.02.23 18:35:35.813,12.21921,12.22201,0.00,0.00
2016.02.23 18:35:36.074,12.21871,12.222,0.00,0.00
2016.02.23 18:35:36.479,12.21871,12.22221,0.00,0.00
2016.02.23 18:35:36.808,12.21871,12.22179,0.00,0.00
2016.02.23 18:35:37.118,12.21721,12.21981,0.00,0.00
2016.02.23 18:35:37.620,12.21721,12.2198,0.00,0.00
2016.02.23 18:35:38.181,12.21658,12.2192,0.00,0.00
2016.02.23 18:35:38.232,12.21608,12.21911,0.00,0.00
2016.02.23 18:35:38.288,12.21572,12.21911,0.00,0.00
2016.02.23 18:35:38.339,12.21572,12.21921,0.00,0.00
2016.02.23 18:35:39.030,12.21572,12.21911,0.00,0.00
2016.02.23 18:35:39.275,12.21608,12.21968,0.00,0.00
2016.02.23 18:35:39.326,12.21608,12.21941,0.00,0.00
2016.02.23 18:35:39.390,12.21572,12.21941,0.00,0.00
2016.02.23 18:35:39.440,12.21572,12.21931,0.00,0.00
2016.02.23 18:35:39.757,12.21621,12.21931,0.00,0.00
2016.02.23 18:35:40.340,12.21621,12.21951,0.00,0.00
2016.02.23 18:35:40.441,12.21621,12.21961,0.00,0.00
2016.02.23 18:35:41.031,12.21621,12.2196,0.00,0.00
2016.02.23 18:35:41.500,12.21621,12.21981,0.00,0.00
2016.02.23 18:35:42.035,12.21621,12.2198,0.00,0.00
2016.02.23 18:35:42.266,12.21671,12.2198,0.00,0.00
2016.02.23 18:35:42.367,12.21671,12.22021,0.00,0.00
2016.02.23 18:35:42.479,12.21671,12.2204,0.00,0.00
2016.02.23 18:35:42.637,12.21671,12.22031,0.00,0.00
2016.02.23 18:35:43.145,12.21671,12.2203,0.00,0.00
2016.02.23 18:35:43.731,12.21671,12.22031,0.00,0.00
2016.02.23 18:35:43.781,12.21671,12.2204,0.00,0.00
2016.02.23 18:35:43.882,12.21671,12.2202,0.00,0.00
2016.02.23 18:35:44.153,12.21671,12.22031,0.00,0.00
2016.02.23 18:35:44.382,12.21671,12.2204,0.00,0.00
2016.02.23 18:35:45.949,12.21671,12.22041,0.00,0.00
2016.02.23 18:35:46.371,12.21671,12.22021,0.00,0.00
2016.02.23 18:35:47.153,12.21671,12.2203,0.00,0.00
2016.02.23 18:35:47.689,12.21671,12.22031,0.00,0.00
2016.02.23 18:35:48.325,12.21671,12.2203,0.00,0.00
2016.02.23 18:35:49.009,12.21671,12.22031,0.00,0.00
2016.02.23 18:35:49.560,12.21671,12.2203,0.00,0.00
2016.02.23 18:35:50.162,12.21671,12.22031,0.00,0.00
2016.02.23 18:35:50.843,12.21671,12.2202,0.00,0.00
2016.02.23 18:35:51.768,12.21671,12.22021,0.00,0.00
2016.02.23 18:35:52.341,12.21671,12.22011,0.00,0.00
2016.02.23 18:35:52.662,12.21671,12.21991,0.00,0.00
2016.02.23 18:35:53.106,12.21671,12.2197,0.00,0.00
2016.02.23 18:35:53.575,12.21671,12.21981,0.00,0.00
2016.02.23 18:35:54.579,12.21671,12.2198,0.00,0.00
2016.02.23 18:35:55.081,12.21671,12.21981,0.00,0.00
2016.02.23 18:35:55.632,12.21671,12.22001,0.00,0.00
2016.02.23 18:35:55.683,12.21671,12.2202,0.00,0.00
2016.02.23 18:35:56.185,12.21671,12.22021,0.00,0.00
2016.02.23 18:35:56.687,12.21671,12.2202,0.00,0.00
2016.02.23 18:35:57.316,12.21671,12.22021,0.00,0.00
2016.02.23 18:35:57.995,12.21671,12.2201,0.00,0.00
2016.02.23 18:35:58.392,12.21671,12.22,0.00,0.00
2016.02.23 18:35:58.934,12.21671,12.22001,0.00,0.00
2016.02.23 18:35:59.246,12.21671,12.21981,0.00,0.00
2016.02.23 18:36:00.198,12.21671,12.2198,0.00,0.00
2016.02.23 18:36:00.548,12.21608,12.21901,0.00,0.00
2016.02.23 18:36:00.649,12.21571,12.219,0.00,0.00
2016.02.23 18:36:00.946,12.21571,12.2184,0.00,0.00
2016.02.23 18:36:01.049,12.21571,12.2187,0.00,0.00
2016.02.23 18:36:01.575,12.21571,12.21871,0.00,0.00
2016.02.23 18:36:01.770,12.21521,12.21871,0.00,0.00
2016.02.23 18:36:02.649,12.21521,12.2184,0.00,0.00
2016.02.23 18:36:03.221,12.21509,12.21852,0.00,0.00
2016.02.23 18:36:03.272,12.21509,12.21869,0.00,0.00
2016.02.23 18:36:03.322,12.21549,12.21869,0.00,0.00
2016.02.23 18:36:03.675,12.21559,12.21869,0.00,0.00
2016.02.23 18:36:03.872,12.21572,12.21921,0.00,0.00
2016.02.23 18:36:04.811,12.21572,12.21911,0.00,0.00
2016.02.23 18:36:05.757,12.21572,12.2191,0.00,0.00
2016.02.23 18:36:06.402,12.21572,12.21911,0.00,0.00
2016.02.23 18:36:06.453,12.21572,12.2192,0.00,0.00
2016.02.23 18:36:07.125,12.21572,12.21921,0.00,0.00
2016.02.23 18:36:08.229,12.21572,12.2192,0.00,0.00
2016.02.23 18:36:08.732,12.21572,12.21931,0.00,0.00
2016.02.23 18:36:10.869,12.21572,12.2193,0.00,0.00
2016.02.23 18:36:10.920,12.21621,12.2193,0.00,0.00
2016.02.23 18:36:10.970,12.21621,12.21951,0.00,0.00
2016.02.23 18:36:11.086,12.21621,12.2192,0.00,0.00
2016.02.23 18:36:11.587,12.21621,12.21881,0.00,0.00
2016.02.23 18:36:12.189,12.21621,12.2188,0.00,0.00
2016.02.23 18:36:12.291,12.21571,12.2188,0.00,0.00
2016.02.23 18:36:13.099,12.21571,12.2184,0.00,0.00
2016.02.23 18:36:13.200,12.21571,12.2188,0.00,0.00
2016.02.23 18:36:13.702,12.21521,12.21881,0.00,0.00
2016.02.23 18:36:14.355,12.21521,12.2188,0.00,0.00
2016.02.23 18:36:14.857,12.21521,12.21881,0.00,0.00
2016.02.23 18:36:15.359,12.21521,12.2188,0.00,0.00
2016.02.23 18:36:15.578,12.21521,12.21852,0.00,0.00
2016.02.23 18:36:15.628,12.215,12.21852,0.00,0.00
2016.02.23 18:36:15.798,12.21489,12.21841,0.00,0.00
2016.02.23 18:36:15.899,12.21472,12.2184,0.00,0.00
2016.02.23 18:36:16.582,12.21472,12.2183,0.00,0.00
2016.02.23 18:36:17.149,12.21472,12.21831,0.00,0.00
2016.02.23 18:36:17.869,12.21472,12.2183,0.00,0.00
2016.02.23 18:36:18.370,12.21472,12.21831,0.00,0.00
2016.02.23 18:36:18.817,12.21472,12.21811,0.00,0.00
2016.02.23 18:36:19.178,12.21472,12.2182,0.00,0.00
2016.02.23 18:36:19.275,12.21472,12.2183,0.00,0.00
2016.02.23 18:36:19.789,12.21472,12.21831,0.00,0.00
2016.02.23 18:36:20.585,12.21472,12.21841,0.00,0.00
2016.02.23 18:36:21.188,12.21472,12.21831,0.00,0.00
2016.02.23 18:36:21.692,12.21472,12.2183,0.00,0.00
2016.02.23 18:36:22.397,12.21472,12.21831,0.00,0.00
2016.02.23 18:36:22.898,12.21472,12.2183,0.00,0.00
2016.02.23 18:36:23.401,12.21472,12.2182,0.00,0.00
2016.02.23 18:36:24.406,12.21472,12.21811,0.00,0.00
2016.02.23 18:36:24.709,12.21472,12.218,0.00,0.00
2016.02.23 18:36:24.893,12.21459,12.218,0.00,0.00
2016.02.23 18:36:24.999,12.21459,12.21789,0.00,0.00
2016.02.23 18:36:25.051,12.2145,12.21789,0.00,0.00
2016.02.23 18:36:25.323,12.21422,12.2171,0.00,0.00
2016.02.23 18:36:25.552,12.21422,12.21791,0.00,0.00
2016.02.23 18:36:25.912,12.21449,12.21801,0.00,0.00
2016.02.23 18:36:25.963,12.21458,12.21811,0.00,0.00
2016.02.23 18:36:26.014,12.21458,12.218,0.00,0.00
2016.02.23 18:36:26.165,12.2145,12.218,0.00,0.00
2016.02.23 18:36:26.266,12.21422,12.21781,0.00,0.00
2016.02.23 18:36:27.116,12.21422,12.2178,0.00,0.00
2016.02.23 18:36:27.618,12.21422,12.21781,0.00,0.00
2016.02.23 18:36:28.942,12.21422,12.2179,0.00,0.00
2016.02.23 18:36:29.525,12.21422,12.21791,0.00,0.00
2016.02.23 18:36:30.040,12.21422,12.2179,0.00,0.00
2016.02.23 18:36:30.485,12.215,12.21851,0.00,0.00
2016.02.23 18:36:30.542,12.21508,12.21871,0.00,0.00
2016.02.23 18:36:30.968,12.21508,12.21881,0.00,0.00
2016.02.23 18:36:31.101,12.21521,12.21881,0.00,0.00
2016.02.23 18:36:31.152,12.21521,12.21891,0.00,0.00
2016.02.23 18:36:32.170,12.21521,12.2189,0.00,0.00
2016.02.23 18:36:32.795,12.21521,12.21891,0.00,0.00
2016.02.23 18:36:33.555,12.21521,12.2189,0.00,0.00
2016.02.23 18:36:34.172,12.21521,12.21891,0.00,0.00
2016.02.23 18:36:35.145,12.21521,12.2189,0.00,0.00
2016.02.23 18:36:35.747,12.21521,12.21891,0.00,0.00
2016.02.23 18:36:36.450,12.21521,12.2189,0.00,0.00
2016.02.23 18:36:37.194,12.21521,12.21891,0.00,0.00
2016.02.23 18:36:38.260,12.21521,12.2189,0.00,0.00
2016.02.23 18:36:39.167,12.21521,12.21891,0.00,0.00
2016.02.23 18:36:39.674,12.21521,12.21881,0.00,0.00
2016.02.23 18:36:40.181,12.21521,12.21871,0.00,0.00
2016.02.23 18:36:40.787,12.21521,12.2187,0.00,0.00
2016.02.23 18:36:40.889,12.21521,12.2188,0.00,0.00
2016.02.23 18:36:41.730,12.21521,12.21881,0.00,0.00
2016.02.23 18:36:42.304,12.21521,12.2188,0.00,0.00
2016.02.23 18:36:42.842,12.21521,12.21871,0.00,0.00
2016.02.23 18:36:43.142,12.21521,12.2189,0.00,0.00
2016.02.23 18:36:43.719,12.21521,12.21891,0.00,0.00
2016.02.23 18:36:43.923,12.21521,12.21881,0.00,0.00
2016.02.23 18:36:44.628,12.21521,12.2188,0.00,0.00
2016.02.23 18:36:44.969,12.21572,12.2191,0.00,0.00
2016.02.23 18:36:45.070,12.21572,12.2192,0.00,0.00
2016.02.23 18:36:45.171,12.21572,12.2193,0.00,0.00
2016.02.23 18:36:45.276,12.21572,12.21941,0.00,0.00
2016.02.23 18:36:46.071,12.21572,12.2194,0.00,0.00
2016.02.23 18:36:46.634,12.21572,12.21941,0.00,0.00
2016.02.23 18:36:47.113,12.21621,12.21941,0.00,0.00
2016.02.23 18:36:47.264,12.21621,12.2198,0.00,0.00
2016.02.23 18:36:47.883,12.21621,12.22,0.00,0.00
2016.02.23 18:36:48.540,12.21621,12.22001,0.00,0.00
2016.02.23 18:36:48.641,12.21672,12.22001,0.00,0.00
2016.02.23 18:36:48.691,12.21672,12.2204,0.00,0.00
2016.02.23 18:36:48.958,12.21672,12.22001,0.00,0.00
2016.02.23 18:36:49.042,12.21672,12.22021,0.00,0.00
2016.02.23 18:36:49.142,12.21672,12.22011,0.00,0.00
2016.02.23 18:36:49.932,12.21672,12.2201,0.00,0.00
2016.02.23 18:36:50.088,12.21589,12.21941,0.00,0.00
2016.02.23 18:36:50.152,12.21571,12.2194,0.00,0.00
2016.02.23 18:36:50.246,12.21571,12.21931,0.00,0.00
2016.02.23 18:36:50.479,12.21571,12.21941,0.00,0.00
2016.02.23 18:36:51.149,12.21571,12.2194,0.00,0.00
2016.02.23 18:36:51.564,12.21571,12.21911,0.00,0.00
2016.02.23 18:36:51.867,12.21571,12.219,0.00,0.00
2016.02.23 18:36:52.069,12.21571,12.2191,0.00,0.00
2016.02.23 18:36:52.553,12.21571,12.21921,0.00,0.00
2016.02.23 18:36:52.756,12.21571,12.2194,0.00,0.00
2016.02.23 18:36:53.416,12.21571,12.21941,0.00,0.00
2016.02.23 18:36:53.533,12.21621,12.21941,0.00,0.00
2016.02.23 18:36:53.857,12.21709,12.22019,0.00,0.00
2016.02.23 18:36:54.208,12.21758,12.22019,0.00,0.00
2016.02.23 18:36:54.258,12.21772,12.22101,0.00,0.00
2016.02.23 18:36:54.859,12.21772,12.221,0.00,0.00
2016.02.23 18:36:55.207,12.21772,12.22111,0.00,0.00
2016.02.23 18:36:55.258,12.21759,12.22069,0.00,0.00
2016.02.23 18:36:55.411,12.21708,12.22069,0.00,0.00
2016.02.23 18:36:55.868,12.21758,12.22069,0.00,0.00
2016.02.23 18:36:55.968,12.21771,12.22121,0.00,0.00
2016.02.23 18:36:56.635,12.21749,12.22052,0.00,0.00
2016.02.23 18:36:56.685,12.21671,12.22041,0.00,0.00
2016.02.23 18:36:59.277,12.21671,12.2204,0.00,0.00
2016.02.23 18:37:00.499,12.21671,12.22041,0.00,0.00
2016.02.23 18:37:00.683,12.21671,12.21941,0.00,0.00
2016.02.23 18:37:00.784,12.21671,12.2201,0.00,0.00
2016.02.23 18:37:01.356,12.21671,12.22011,0.00,0.00
2016.02.23 18:37:01.903,12.21671,12.22021,0.00,0.00
2016.02.23 18:37:02.003,12.21621,12.2199,0.00,0.00
2016.02.23 18:37:02.104,12.21639,12.21961,0.00,0.00
2016.02.23 18:37:02.205,12.21621,12.2199,0.00,0.00
2016.02.23 18:37:02.803,12.21621,12.21991,0.00,0.00
2016.02.23 18:37:03.098,12.21659,12.22011,0.00,0.00
2016.02.23 18:37:03.441,12.21671,12.2201,0.00,0.00
2016.02.23 18:37:04.100,12.21671,12.2202,0.00,0.00
2016.02.23 18:37:04.225,12.21671,12.22011,0.00,0.00
2016.02.23 18:37:04.581,12.21671,12.21991,0.00,0.00
2016.02.23 18:37:04.729,12.21621,12.21991,0.00,0.00
2016.02.23 18:37:05.901,12.21621,12.2199,0.00,0.00
2016.02.23 18:37:06.403,12.21621,12.21991,0.00,0.00
2016.02.23 18:37:06.954,12.21621,12.2199,0.00,0.00
2016.02.23 18:37:07.031,12.21672,12.2199,0.00,0.00
2016.02.23 18:37:07.132,12.21672,12.22,0.00,0.00
2016.02.23 18:37:08.010,12.21672,12.22001,0.00,0.00
2016.02.23 18:37:08.310,12.21672,12.2199,0.00,0.00
2016.02.23 18:37:08.517,12.21672,12.22,0.00,0.00
2016.02.23 18:37:08.817,12.21672,12.22011,0.00,0.00
2016.02.23 18:37:09.359,12.21672,12.22021,0.00,0.00
2016.02.23 18:37:09.884,12.21672,12.2202,0.00,0.00
2016.02.23 18:37:09.935,12.21672,12.2203,0.00,0.00
2016.02.23 18:37:10.545,12.21672,12.22031,0.00,0.00
2016.02.23 18:37:11.060,12.21672,12.2203,0.00,0.00
2016.02.23 18:37:11.361,12.21672,12.22021,0.00,0.00
2016.02.23 18:37:12.424,12.21672,12.2202,0.00,0.00
2016.02.23 18:37:13.328,12.21672,12.22021,0.00,0.00
2016.02.23 18:37:13.714,12.21672,12.2201,0.00,0.00
2016.02.23 18:37:14.030,12.21672,12.22001,0.00,0.00
2016.02.23 18:37:14.469,12.21672,12.21991,0.00,0.00
2016.02.23 18:37:14.570,12.21672,12.22011,0.00,0.00
2016.02.23 18:37:14.744,12.21658,12.22001,0.00,0.00
2016.02.23 18:37:14.845,12.21622,12.2199,0.00,0.00
2016.02.23 18:37:15.156,12.21622,12.21891,0.00,0.00
2016.02.23 18:37:15.257,12.21622,12.21931,0.00,0.00
2016.02.23 18:37:15.358,12.21622,12.21921,0.00,0.00
2016.02.23 18:37:15.794,12.21622,12.2191,0.00,0.00
2016.02.23 18:37:16.100,12.21622,12.21881,0.00,0.00
2016.02.23 18:37:16.151,12.21572,12.21881,0.00,0.00
2016.02.23 18:37:16.341,12.21572,12.21871,0.00,0.00
2016.02.23 18:37:16.971,12.21572,12.21852,0.00,0.00
2016.02.23 18:37:17.040,12.21549,12.21852,0.00,0.00
2016.02.23 18:37:17.253,12.21472,12.21811,0.00,0.00
2016.02.23 18:37:17.652,12.21472,12.218,0.00,0.00
2016.02.23 18:37:17.985,12.21472,12.21791,0.00,0.00
2016.02.23 18:37:18.054,12.21472,12.21801,0.00,0.00
2016.02.23 18:37:18.287,12.21472,12.21811,0.00,0.00
2016.02.23 18:37:18.886,12.21472,12.21821,0.00,0.00
2016.02.23 18:37:19.273,12.21472,12.21831,0.00,0.00
2016.02.23 18:37:19.458,12.21472,12.2182,0.00,0.00
2016.02.23 18:37:19.659,12.21472,12.21831,0.00,0.00
2016.02.23 18:37:19.775,12.21472,12.21781,0.00,0.00
2016.02.23 18:37:19.988,12.21421,12.21791,0.00,0.00
2016.02.23 18:37:20.539,12.21421,12.2179,0.00,0.00
2016.02.23 18:37:21.063,12.21421,12.21791,0.00,0.00
2016.02.23 18:37:22.168,12.21421,12.21802,0.00,0.00
2016.02.23 18:37:22.696,12.21399,12.21741,0.00,0.00
2016.02.23 18:37:22.797,12.21372,12.2173,0.00,0.00
2016.02.23 18:37:22.898,12.21372,12.2172,0.00,0.00
2016.02.23 18:37:23.227,12.21372,12.21601,0.00,0.00
2016.02.23 18:37:23.379,12.21271,12.21631,0.00,0.00
2016.02.23 18:37:23.580,12.21271,12.21641,0.00,0.00
2016.02.23 18:37:23.681,12.21309,12.21641,0.00,0.00
2016.02.23 18:37:23.782,12.21309,12.21669,0.00,0.00
2016.02.23 18:37:23.883,12.21349,12.21669,0.00,0.00
2016.02.23 18:37:24.085,12.21371,12.21731,0.00,0.00
2016.02.23 18:37:24.623,12.21371,12.2173,0.00,0.00
2016.02.23 18:37:24.776,12.21371,12.21702,0.00,0.00
2016.02.23 18:37:25.078,12.21371,12.21741,0.00,0.00
2016.02.23 18:37:25.879,12.21371,12.21731,0.00,0.00
2016.02.23 18:37:25.983,12.21371,12.2174,0.00,0.00
2016.02.23 18:37:26.581,12.21371,12.2172,0.00,0.00
2016.02.23 18:37:27.184,12.21371,12.21721,0.00,0.00
2016.02.23 18:37:28.692,12.21371,12.2172,0.00,0.00
2016.02.23 18:37:28.994,12.21371,12.21731,0.00,0.00
2016.02.23 18:37:29.095,12.21371,12.21721,0.00,0.00
2016.02.23 18:37:29.416,12.21371,12.21731,0.00,0.00
2016.02.23 18:37:29.930,12.21371,12.21741,0.00,0.00
2016.02.23 18:37:30.504,12.21371,12.2174,0.00,0.00
2016.02.23 18:37:31.015,12.21371,12.21741,0.00,0.00
2016.02.23 18:37:31.675,12.21371,12.2174,0.00,0.00
2016.02.23 18:37:32.415,12.21371,12.21741,0.00,0.00
2016.02.23 18:37:32.957,12.21371,12.21691,0.00,0.00
2016.02.23 18:37:33.017,12.21371,12.21721,0.00,0.00
2016.02.23 18:37:33.118,12.21371,12.21741,0.00,0.00
2016.02.23 18:37:35.073,12.21371,12.2172,0.00,0.00
2016.02.23 18:37:35.634,12.21371,12.21721,0.00,0.00
2016.02.23 18:37:36.035,12.21371,12.21711,0.00,0.00
2016.02.23 18:37:36.172,12.21371,12.2172,0.00,0.00
2016.02.23 18:37:36.677,12.21472,12.21771,0.00,0.00
2016.02.23 18:37:36.778,12.21472,12.21811,0.00,0.00
2016.02.23 18:37:36.878,12.21472,12.2184,0.00,0.00
2016.02.23 18:37:37.947,12.21472,12.21841,0.00,0.00
2016.02.23 18:37:38.454,12.21472,12.2184,0.00,0.00
2016.02.23 18:37:38.850,12.21509,12.21868,0.00,0.00
2016.02.23 18:37:38.987,12.21521,12.21901,0.00,0.00
2016.02.23 18:37:40.457,12.21521,12.219,0.00,0.00
2016.02.23 18:37:41.059,12.21521,12.21901,0.00,0.00
2016.02.23 18:37:41.761,12.21521,12.219,0.00,0.00
2016.02.23 18:37:42.596,12.21572,12.2194,0.00,0.00
2016.02.23 18:37:43.211,12.21572,12.21941,0.00,0.00
2016.02.23 18:37:43.790,12.21572,12.2194,0.00,0.00
2016.02.23 18:37:44.498,12.21572,12.21931,0.00,0.00
2016.02.23 18:37:45.075,12.21572,12.2193,0.00,0.00
2016.02.23 18:37:45.399,12.21572,12.21941,0.00,0.00
2016.02.23 18:37:45.902,12.21572,12.2194,0.00,0.00
2016.02.23 18:37:46.232,12.21609,12.2194,0.00,0.00
2016.02.23 18:37:46.283,12.21622,12.21971,0.00,0.00
2016.02.23 18:37:46.384,12.21622,12.2199,0.00,0.00
2016.02.23 18:37:46.893,12.21622,12.21991,0.00,0.00
2016.02.23 18:37:47.282,12.21622,12.21941,0.00,0.00
2016.02.23 18:37:47.670,12.21571,12.21941,0.00,0.00
2016.02.23 18:37:47.990,12.2158,12.2194,0.00,0.00
2016.02.23 18:37:48.086,12.21571,12.2194,0.00,0.00
2016.02.23 18:37:48.924,12.21571,12.21941,0.00,0.00
2016.02.23 18:37:50.272,12.21671,12.21941,0.00,0.00
2016.02.23 18:37:50.589,12.21691,12.21941,0.00,0.00
2016.02.23 18:37:50.640,12.21691,12.22032,0.00,0.00
2016.02.23 18:37:50.691,12.21781,12.22041,0.00,0.00
2016.02.23 18:37:50.742,12.21781,12.22051,0.00,0.00
2016.02.23 18:37:50.843,12.21908,12.22202,0.00,0.00
2016.02.23 18:37:50.894,12.21908,12.22221,0.00,0.00
2016.02.23 18:37:50.995,12.21908,12.22241,0.00,0.00
2016.02.23 18:37:51.096,12.219,12.22252,0.00,0.00
2016.02.23 18:37:51.196,12.21858,12.22231,0.00,0.00
2016.02.23 18:37:51.247,12.21858,12.22221,0.00,0.00
2016.02.23 18:37:51.581,12.21922,12.22211,0.00,0.00
2016.02.23 18:37:51.905,12.21922,12.22181,0.00,0.00
2016.02.23 18:37:52.106,12.21922,12.22191,0.00,0.00
2016.02.23 18:37:52.609,12.21922,12.2219,0.00,0.00
2016.02.23 18:37:53.263,12.21922,12.222,0.00,0.00
2016.02.23 18:37:53.768,12.21922,12.22201,0.00,0.00
2016.02.23 18:37:54.021,12.21922,12.22221,0.00,0.00
2016.02.23 18:37:54.415,12.21922,12.22161,0.00,0.00
2016.02.23 18:37:54.516,12.21871,12.2214,0.00,0.00
2016.02.23 18:37:54.617,12.21871,12.2217,0.00,0.00
2016.02.23 18:37:55.064,12.21871,12.22152,0.00,0.00
2016.02.23 18:37:55.558,12.21871,12.2212,0.00,0.00
2016.02.23 18:37:55.876,12.21822,12.22121,0.00,0.00
2016.02.23 18:37:56.539,12.21822,12.2212,0.00,0.00
2016.02.23 18:37:56.822,12.21822,12.22081,0.00,0.00
2016.02.23 18:37:57.215,12.21822,12.2211,0.00,0.00
2016.02.23 18:37:58.260,12.21822,12.22111,0.00,0.00
2016.02.23 18:37:58.930,12.21822,12.22101,0.00,0.00
2016.02.23 18:37:59.431,12.21822,12.221,0.00,0.00
2016.02.23 18:37:59.726,12.21772,12.221,0.00,0.00
2016.02.23 18:37:59.777,12.21772,12.22071,0.00,0.00
2016.02.23 18:38:00.542,12.21772,12.2212,0.00,0.00
2016.02.23 18:38:00.744,12.21772,12.2211,0.00,0.00
2016.02.23 18:38:01.088,12.21822,12.221,0.00,0.00
2016.02.23 18:38:01.592,12.21822,12.22101,0.00,0.00
2016.02.23 18:38:02.442,12.21822,12.221,0.00,0.00
2016.02.23 18:38:03.045,12.21822,12.22101,0.00,0.00
2016.02.23 18:38:03.967,12.21822,12.221,0.00,0.00
2016.02.23 18:38:05.136,12.21822,12.22051,0.00,0.00
2016.02.23 18:38:05.187,12.21721,12.22051,0.00,0.00
2016.02.23 18:38:05.369,12.21721,12.22021,0.00,0.00
2016.02.23 18:38:06.456,12.21721,12.2202,0.00,0.00
2016.02.23 18:38:07.402,12.21721,12.22021,0.00,0.00
2016.02.23 18:38:09.477,12.21721,12.2202,0.00,0.00
2016.02.23 18:38:10.022,12.21721,12.22021,0.00,0.00
2016.02.23 18:38:10.325,12.21721,12.22011,0.00,0.00
2016.02.23 18:38:10.797,12.21721,12.22021,0.00,0.00
2016.02.23 18:38:11.175,12.21721,12.22011,0.00,0.00
2016.02.23 18:38:11.709,12.21721,12.2201,0.00,0.00
2016.02.23 18:38:12.379,12.21721,12.22011,0.00,0.00
2016.02.23 18:38:12.981,12.21721,12.2201,0.00,0.00
2016.02.23 18:38:13.182,12.21721,12.2202,0.00,0.00
2016.02.23 18:38:13.383,12.21721,12.2201,0.00,0.00
2016.02.23 18:38:13.984,12.21721,12.22011,0.00,0.00
2016.02.23 18:38:14.762,12.21721,12.2201,0.00,0.00
2016.02.23 18:38:15.389,12.21721,12.22011,0.00,0.00
2016.02.23 18:38:15.892,12.21721,12.2201,0.00,0.00
2016.02.23 18:38:16.694,12.21721,12.22011,0.00,0.00
2016.02.23 18:38:16.995,12.21721,12.22,0.00,0.00
2016.02.23 18:38:17.698,12.21721,12.22001,0.00,0.00
2016.02.23 18:38:18.237,12.21721,12.21991,0.00,0.00
2016.02.23 18:38:18.905,12.21721,12.2199,0.00,0.00
2016.02.23 18:38:19.521,12.21721,12.21991,0.00,0.00
2016.02.23 18:38:19.823,12.21671,12.21911,0.00,0.00
2016.02.23 18:38:20.127,12.21671,12.21921,0.00,0.00
2016.02.23 18:38:20.808,12.21671,12.2192,0.00,0.00
2016.02.23 18:38:21.000,12.21622,12.21921,0.00,0.00
2016.02.23 18:38:21.506,12.21622,12.2192,0.00,0.00
2016.02.23 18:38:22.229,12.21622,12.21921,0.00,0.00
2016.02.23 18:38:23.052,12.21622,12.2192,0.00,0.00
2016.02.23 18:38:23.611,12.21622,12.21921,0.00,0.00
2016.02.23 18:38:24.183,12.21622,12.2192,0.00,0.00
2016.02.23 18:38:25.148,12.21622,12.21921,0.00,0.00
2016.02.23 18:38:25.852,12.21622,12.2192,0.00,0.00
2016.02.23 18:38:26.152,12.21622,12.2191,0.00,0.00
2016.02.23 18:38:26.687,12.21622,12.21911,0.00,0.00
2016.02.23 18:38:27.512,12.21559,12.21911,0.00,0.00
2016.02.23 18:38:27.563,12.21559,12.21821,0.00,0.00
2016.02.23 18:38:27.714,12.21521,12.21821,0.00,0.00
2016.02.23 18:38:28.313,12.21521,12.2182,0.00,0.00
2016.02.23 18:38:29.063,12.21521,12.21821,0.00,0.00
2016.02.23 18:38:29.677,12.21521,12.2182,0.00,0.00
2016.02.23 18:38:30.252,12.21521,12.21821,0.00,0.00
2016.02.23 18:38:30.868,12.21521,12.2182,0.00,0.00
2016.02.23 18:38:31.370,12.21521,12.21821,0.00,0.00
2016.02.23 18:38:31.812,12.21521,12.2181,0.00,0.00
2016.02.23 18:38:32.775,12.21521,12.21811,0.00,0.00
2016.02.23 18:38:34.511,12.21521,12.21791,0.00,0.00
2016.02.23 18:38:35.023,12.21521,12.2179,0.00,0.00
2016.02.23 18:38:35.567,12.21521,12.21791,0.00,0.00
2016.02.23 18:38:36.117,12.21521,12.2179,0.00,0.00
2016.02.23 18:38:37.107,12.21521,12.21791,0.00,0.00
2016.02.23 18:38:37.191,12.21521,12.21801,0.00,0.00
2016.02.23 18:38:37.793,12.21521,12.21791,0.00,0.00
2016.02.23 18:38:38.367,12.21521,12.2179,0.00,0.00
2016.02.23 18:38:38.796,12.21521,12.21801,0.00,0.00
2016.02.23 18:38:38.920,12.21521,12.21811,0.00,0.00
2016.02.23 18:38:39.197,12.21521,12.21821,0.00,0.00
2016.02.23 18:38:39.737,12.21521,12.2182,0.00,0.00
2016.02.23 18:38:40.445,12.21521,12.21821,0.00,0.00
2016.02.23 18:38:41.002,12.21521,12.21811,0.00,0.00
2016.02.23 18:38:41.905,12.21521,12.2181,0.00,0.00
2016.02.23 18:38:42.507,12.21521,12.21811,0.00,0.00
2016.02.23 18:38:43.536,12.21521,12.2181,0.00,0.00
2016.02.23 18:38:44.096,12.21521,12.21811,0.00,0.00
2016.02.23 18:38:44.713,12.21521,12.2181,0.00,0.00
2016.02.23 18:38:45.015,12.21521,12.218,0.00,0.00
2016.02.23 18:38:45.137,12.21521,12.2181,0.00,0.00
2016.02.23 18:38:45.516,12.21521,12.21821,0.00,0.00
2016.02.23 18:38:46.457,12.21521,12.2182,0.00,0.00
2016.02.23 18:38:47.067,12.21521,12.21821,0.00,0.00
2016.02.23 18:38:47.557,12.21571,12.2187,0.00,0.00
2016.02.23 18:38:47.658,12.21571,12.21921,0.00,0.00
2016.02.23 18:38:48.075,12.21658,12.21921,0.00,0.00
2016.02.23 18:38:48.126,12.21658,12.21971,0.00,0.00
2016.02.23 18:38:48.177,12.21721,12.21971,0.00,0.00
2016.02.23 18:38:48.227,12.21721,12.22021,0.00,0.00
2016.02.23 18:38:48.828,12.21721,12.2202,0.00,0.00
2016.02.23 18:38:49.349,12.21721,12.22021,0.00,0.00
2016.02.23 18:38:49.929,12.21771,12.22021,0.00,0.00
2016.02.23 18:38:49.979,12.21771,12.22052,0.00,0.00
2016.02.23 18:38:50.082,12.21771,12.2212,0.00,0.00
2016.02.23 18:38:50.661,12.21771,12.22121,0.00,0.00
2016.02.23 18:38:51.075,12.21771,12.2211,0.00,0.00
2016.02.23 18:38:51.135,12.21771,12.22121,0.00,0.00
2016.02.23 18:38:51.330,12.21822,12.22121,0.00,0.00
2016.02.23 18:38:51.938,12.21822,12.2212,0.00,0.00
2016.02.23 18:38:52.540,12.21822,12.22121,0.00,0.00
2016.02.23 18:38:52.889,12.21871,12.22152,0.00,0.00
2016.02.23 18:38:52.940,12.21871,12.22171,0.00,0.00
2016.02.23 18:38:53.844,12.21871,12.2217,0.00,0.00
2016.02.23 18:38:54.235,12.21821,12.22152,0.00,0.00
2016.02.23 18:38:54.286,12.21821,12.2212,0.00,0.00
2016.02.23 18:38:54.919,12.21821,12.22121,0.00,0.00
2016.02.23 18:38:55.750,12.21821,12.2212,0.00,0.00
2016.02.23 18:38:56.307,12.21821,12.22121,0.00,0.00
2016.02.23 18:38:56.851,12.21821,12.2212,0.00,0.00
2016.02.23 18:38:57.464,12.21821,12.22121,0.00,0.00
2016.02.23 18:38:58.007,12.21821,12.2212,0.00,0.00
2016.02.23 18:38:58.859,12.21821,12.22121,0.00,0.00
2016.02.23 18:38:59.284,12.21821,12.22111,0.00,0.00
2016.02.23 18:38:59.864,12.21821,12.2211,0.00,0.00
2016.02.23 18:39:00.188,12.21821,12.22071,0.00,0.00
2016.02.23 18:39:00.289,12.21771,12.2207,0.00,0.00
2016.02.23 18:39:00.867,12.21771,12.22071,0.00,0.00
2016.02.23 18:39:02.350,12.21821,12.22071,0.00,0.00
2016.02.23 18:39:02.400,12.21821,12.22121,0.00,0.00
2016.02.23 18:39:02.976,12.21821,12.2212,0.00,0.00
2016.02.23 18:39:03.276,12.21821,12.22111,0.00,0.00
2016.02.23 18:39:03.615,12.21821,12.2207,0.00,0.00
2016.02.23 18:39:03.747,12.21771,12.2207,0.00,0.00
2016.02.23 18:39:04.379,12.21771,12.22071,0.00,0.00
2016.02.23 18:39:04.681,12.21771,12.22121,0.00,0.00
2016.02.23 18:39:05.083,12.21822,12.22121,0.00,0.00
2016.02.23 18:39:05.405,12.21822,12.22071,0.00,0.00
2016.02.23 18:39:05.529,12.21822,12.22102,0.00,0.00
2016.02.23 18:39:05.683,12.21822,12.22111,0.00,0.00
2016.02.23 18:39:06.486,12.21771,12.2207,0.00,0.00
2016.02.23 18:39:07.012,12.21771,12.22071,0.00,0.00
2016.02.23 18:39:07.623,12.21771,12.2207,0.00,0.00
2016.02.23 18:39:08.393,12.21771,12.22071,0.00,0.00
2016.02.23 18:39:09.224,12.21771,12.2207,0.00,0.00
2016.02.23 18:39:09.884,12.21771,12.22071,0.00,0.00
2016.02.23 18:39:10.498,12.21771,12.2207,0.00,0.00
2016.02.23 18:39:11.024,12.21771,12.22071,0.00,0.00
2016.02.23 18:39:11.552,12.21771,12.2207,0.00,0.00
2016.02.23 18:39:12.714,12.21771,12.22071,0.00,0.00
2016.02.23 18:39:12.805,12.21771,12.22051,0.00,0.00
2016.02.23 18:39:12.906,12.21721,12.22051,0.00,0.00
2016.02.23 18:39:12.956,12.21721,12.2202,0.00,0.00
2016.02.23 18:39:13.710,12.21721,12.22021,0.00,0.00
2016.02.23 18:39:14.014,12.21721,12.22001,0.00,0.00
2016.02.23 18:39:14.613,12.21721,12.22,0.00,0.00
2016.02.23 18:39:14.915,12.21721,12.21961,0.00,0.00
2016.02.23 18:39:15.265,12.21671,12.21961,0.00,0.00
2016.02.23 18:39:15.366,12.21671,12.2197,0.00,0.00
2016.02.23 18:39:15.653,12.21671,12.22021,0.00,0.00
2016.02.23 18:39:16.326,12.21671,12.2202,0.00,0.00
2016.02.23 18:39:16.560,12.21721,12.22021,0.00,0.00
2016.02.23 18:39:17.249,12.21721,12.2202,0.00,0.00
2016.02.23 18:39:17.922,12.21721,12.22021,0.00,0.00
2016.02.23 18:39:18.077,12.21658,12.22021,0.00,0.00
2016.02.23 18:39:18.127,12.21622,12.2192,0.00,0.00
2016.02.23 18:39:18.228,12.21622,12.21952,0.00,0.00
2016.02.23 18:39:18.329,12.21658,12.22001,0.00,0.00
2016.02.23 18:39:18.780,12.21721,12.22001,0.00,0.00
2016.02.23 18:39:19.664,12.21721,12.22,0.00,0.00
2016.02.23 18:39:20.248,12.21721,12.22001,0.00,0.00
2016.02.23 18:39:20.581,12.21658,12.21921,0.00,0.00
2016.02.23 18:39:20.631,12.21622,12.21921,0.00,0.00
2016.02.23 18:39:21.168,12.21622,12.2192,0.00,0.00
2016.02.23 18:39:21.714,12.21622,12.21921,0.00,0.00
2016.02.23 18:39:22.283,12.21622,12.2191,0.00,0.00
2016.02.23 18:39:22.697,12.21622,12.21921,0.00,0.00
2016.02.23 18:39:23.342,12.21622,12.2192,0.00,0.00
2016.02.23 18:39:23.874,12.21622,12.21921,0.00,0.00
2016.02.23 18:39:24.116,12.21622,12.21911,0.00,0.00
2016.02.23 18:39:24.418,12.21622,12.21891,0.00,0.00
2016.02.23 18:39:25.204,12.21622,12.21901,0.00,0.00
2016.02.23 18:39:26.283,12.21622,12.219,0.00,0.00
2016.02.23 18:39:26.785,12.21622,12.21901,0.00,0.00
2016.02.23 18:39:27.509,12.21622,12.21911,0.00,0.00
2016.02.23 18:39:28.028,12.21622,12.2191,0.00,0.00
2016.02.23 18:39:28.089,12.21622,12.219,0.00,0.00
2016.02.23 18:39:28.188,12.21622,12.21911,0.00,0.00
2016.02.23 18:39:28.734,12.21622,12.2191,0.00,0.00
2016.02.23 18:39:28.890,12.21622,12.219,0.00,0.00
2016.02.23 18:39:29.397,12.21622,12.21901,0.00,0.00
2016.02.23 18:39:29.745,12.21672,12.2191,0.00,0.00
2016.02.23 18:39:30.246,12.21672,12.21911,0.00,0.00
2016.02.23 18:39:30.749,12.21672,12.2191,0.00,0.00
2016.02.23 18:39:30.972,12.21622,12.2191,0.00,0.00
2016.02.23 18:39:31.800,12.21622,12.21911,0.00,0.00
2016.02.23 18:39:32.443,12.21622,12.2191,0.00,0.00
2016.02.23 18:39:33.053,12.21622,12.21911,0.00,0.00
2016.02.23 18:39:33.483,12.21558,12.21911,0.00,0.00
2016.02.23 18:39:33.534,12.21521,12.2182,0.00,0.00
2016.02.23 18:39:33.951,12.21521,12.2183,0.00,0.00
2016.02.23 18:39:34.052,12.21521,12.21891,0.00,0.00
2016.02.23 18:39:34.153,12.21559,12.21891,0.00,0.00
2016.02.23 18:39:34.508,12.21621,12.2182,0.00,0.00
2016.02.23 18:39:34.875,12.21522,12.21821,0.00,0.00
2016.02.23 18:39:35.510,12.21522,12.2182,0.00,0.00
2016.02.23 18:39:36.012,12.21522,12.21821,0.00,0.00
2016.02.23 18:39:37.014,12.21522,12.2182,0.00,0.00
2016.02.23 18:39:37.791,12.2143,12.21752,0.00,0.00
2016.02.23 18:39:37.841,12.21421,12.21721,0.00,0.00
2016.02.23 18:39:38.620,12.21421,12.2172,0.00,0.00
2016.02.23 18:39:39.423,12.21421,12.21721,0.00,0.00
2016.02.23 18:39:40.025,12.21421,12.2172,0.00,0.00
2016.02.23 18:39:40.527,12.21421,12.21721,0.00,0.00
2016.02.23 18:39:41.049,12.21421,12.2172,0.00,0.00
2016.02.23 18:39:41.433,12.21421,12.21711,0.00,0.00
2016.02.23 18:39:41.865,12.21421,12.21701,0.00,0.00
2016.02.23 18:39:42.192,12.21421,12.21691,0.00,0.00
2016.02.23 18:39:43.153,12.21421,12.21701,0.00,0.00
2016.02.23 18:39:43.458,12.21421,12.2169,0.00,0.00
2016.02.23 18:39:43.508,12.21371,12.2169,0.00,0.00
2016.02.23 18:39:43.661,12.21371,12.21701,0.00,0.00
2016.02.23 18:39:43.762,12.21371,12.21711,0.00,0.00
2016.02.23 18:39:44.268,12.21371,12.2171,0.00,0.00
2016.02.23 18:39:44.874,12.21371,12.21711,0.00,0.00
2016.02.23 18:39:45.144,12.21371,12.21702,0.00,0.00
2016.02.23 18:39:45.447,12.21387,12.21621,0.00,0.00
2016.02.23 18:39:45.497,12.21387,12.2167,0.00,0.00
2016.02.23 18:39:46.008,12.21387,12.21671,0.00,0.00
2016.02.23 18:39:46.529,12.21342,12.21671,0.00,0.00
2016.02.23 18:39:47.081,12.21342,12.2167,0.00,0.00
2016.02.23 18:39:47.884,12.21342,12.21671,0.00,0.00
2016.02.23 18:39:48.324,12.21386,12.21671,0.00,0.00
2016.02.23 18:39:48.425,12.21386,12.21701,0.00,0.00
2016.02.23 18:39:48.893,12.21386,12.21691,0.00,0.00
2016.02.23 18:39:49.995,12.21342,12.21641,0.00,0.00
2016.02.23 18:39:50.297,12.21342,12.21601,0.00,0.00
2016.02.23 18:39:50.836,12.21342,12.216,0.00,0.00
2016.02.23 18:39:51.354,12.21342,12.21601,0.00,0.00
2016.02.23 18:39:51.404,12.21292,12.216,0.00,0.00
2016.02.23 18:39:52.131,12.21292,12.21601,0.00,0.00
2016.02.23 18:39:52.697,12.21292,12.216,0.00,0.00
2016.02.23 18:39:53.199,12.21292,12.21601,0.00,0.00
2016.02.23 18:39:53.834,12.21292,12.216,0.00,0.00
2016.02.23 18:39:53.901,12.21292,12.2161,0.00,0.00
2016.02.23 18:39:54.302,12.21292,12.216,0.00,0.00
2016.02.23 18:39:54.604,12.21242,12.21521,0.00,0.00
2016.02.23 18:39:55.229,12.21242,12.2152,0.00,0.00
2016.02.23 18:39:55.853,12.21242,12.21521,0.00,0.00
2016.02.23 18:39:55.903,12.21192,12.2151,0.00,0.00
2016.02.23 18:39:56.109,12.21192,12.21521,0.00,0.00
2016.02.23 18:39:56.309,12.21192,12.2151,0.00,0.00
2016.02.23 18:39:56.637,12.21291,12.21571,0.00,0.00
2016.02.23 18:39:56.743,12.21291,12.21601,0.00,0.00
2016.02.23 18:39:56.804,12.21291,12.2161,0.00,0.00
2016.02.23 18:39:57.238,12.21291,12.21621,0.00,0.00
2016.02.23 18:39:57.646,12.21291,12.2159,0.00,0.00
2016.02.23 18:39:58.207,12.21291,12.21591,0.00,0.00
2016.02.23 18:39:58.457,12.21291,12.21611,0.00,0.00
2016.02.23 18:39:59.419,12.21291,12.2161,0.00,0.00
2016.02.23 18:39:59.971,12.21291,12.21611,0.00,0.00
2016.02.23 18:40:00.147,12.21291,12.216,0.00,0.00
2016.02.23 18:40:00.518,12.21291,12.2155,0.00,0.00
2016.02.23 18:40:01.044,12.21291,12.2158,0.00,0.00
2016.02.23 18:40:01.260,12.21241,12.21541,0.00,0.00
2016.02.23 18:40:01.445,12.21241,12.21521,0.00,0.00
2016.02.23 18:40:02.291,12.21241,12.2152,0.00,0.00
2016.02.23 18:40:02.462,12.21241,12.21541,0.00,0.00
2016.02.23 18:40:02.749,12.21241,12.2157,0.00,0.00
2016.02.23 18:40:03.516,12.21241,12.21571,0.00,0.00
2016.02.23 18:40:03.800,12.21209,12.21571,0.00,0.00
2016.02.23 18:40:03.901,12.21209,12.2154,0.00,0.00
2016.02.23 18:40:04.002,12.21192,12.2154,0.00,0.00
2016.02.23 18:40:04.055,12.21192,12.21531,0.00,0.00
2016.02.23 18:40:04.384,12.21192,12.21511,0.00,0.00
2016.02.23 18:40:05.099,12.21192,12.2151,0.00,0.00
2016.02.23 18:40:05.941,12.21192,12.21521,0.00,0.00
2016.02.23 18:40:06.079,12.21192,12.2151,0.00,0.00
2016.02.23 18:40:06.615,12.21192,12.21511,0.00,0.00
2016.02.23 18:40:06.735,12.21179,12.21502,0.00,0.00
2016.02.23 18:40:06.785,12.21142,12.21451,0.00,0.00
2016.02.23 18:40:06.886,12.21142,12.2148,0.00,0.00
2016.02.23 18:40:06.987,12.21149,12.21451,0.00,0.00
2016.02.23 18:40:07.344,12.21142,12.21441,0.00,0.00
2016.02.23 18:40:07.685,12.21142,12.21431,0.00,0.00
2016.02.23 18:40:08.151,12.21108,12.21431,0.00,0.00
2016.02.23 18:40:08.272,12.21119,12.21481,0.00,0.00
2016.02.23 18:40:08.373,12.21158,12.2148,0.00,0.00
2016.02.23 18:40:08.667,12.21158,12.21531,0.00,0.00
2016.02.23 18:40:08.824,12.21191,12.21531,0.00,0.00
2016.02.23 18:40:09.413,12.21191,12.2153,0.00,0.00
2016.02.23 18:40:09.984,12.21191,12.21531,0.00,0.00
2016.02.23 18:40:10.482,12.21191,12.21521,0.00,0.00
2016.02.23 18:40:10.785,12.21191,12.21531,0.00,0.00
2016.02.23 18:40:11.330,12.21191,12.21511,0.00,0.00
2016.02.23 18:40:11.658,12.21142,12.21491,0.00,0.00
2016.02.23 18:40:12.425,12.21158,12.21491,0.00,0.00
2016.02.23 18:40:12.727,12.21142,12.2143,0.00,0.00
2016.02.23 18:40:12.828,12.21108,12.2148,0.00,0.00
2016.02.23 18:40:13.195,12.21099,12.21452,0.00,0.00
2016.02.23 18:40:13.653,12.21091,12.21441,0.00,0.00
2016.02.23 18:40:14.060,12.21091,12.21411,0.00,0.00
2016.02.23 18:40:14.390,12.21091,12.21371,0.00,0.00
2016.02.23 18:40:14.901,12.21091,12.2137,0.00,0.00
2016.02.23 18:40:15.231,12.21058,12.2137,0.00,0.00
2016.02.23 18:40:15.332,12.21049,12.21401,0.00,0.00
2016.02.23 18:40:15.433,12.21059,12.214,0.00,0.00
2016.02.23 18:40:15.936,12.21059,12.21431,0.00,0.00
2016.02.23 18:40:16.188,12.21109,12.2143,0.00,0.00
2016.02.23 18:40:16.239,12.21142,12.21471,0.00,0.00
2016.02.23 18:40:16.318,12.21149,12.21501,0.00,0.00
2016.02.23 18:40:16.419,12.21159,12.2153,0.00,0.00
2016.02.23 18:40:16.720,12.21159,12.21521,0.00,0.00
2016.02.23 18:40:17.021,12.21142,12.21491,0.00,0.00
2016.02.23 18:40:17.530,12.21292,12.21532,0.00,0.00
2016.02.23 18:40:17.581,12.21292,12.21541,0.00,0.00
2016.02.23 18:40:17.681,12.21292,12.21611,0.00,0.00
2016.02.23 18:40:17.833,12.21292,12.2162,0.00,0.00
2016.02.23 18:40:18.242,12.21292,12.2159,0.00,0.00
2016.02.23 18:40:18.828,12.21292,12.21591,0.00,0.00
2016.02.23 18:40:19.028,12.21292,12.21601,0.00,0.00
2016.02.23 18:40:20.435,12.21292,12.216,0.00,0.00
2016.02.23 18:40:20.956,12.21292,12.21601,0.00,0.00
2016.02.23 18:40:21.135,12.21292,12.21571,0.00,0.00
2016.02.23 18:40:21.436,12.21292,12.21601,0.00,0.00
2016.02.23 18:40:21.537,12.21292,12.21641,0.00,0.00
2016.02.23 18:40:22.332,12.21292,12.2164,0.00,0.00
2016.02.23 18:40:22.940,12.21292,12.21641,0.00,0.00
2016.02.23 18:40:23.242,12.21292,12.2163,0.00,0.00
2016.02.23 18:40:23.930,12.21292,12.21631,0.00,0.00
2016.02.23 18:40:24.647,12.21292,12.2164,0.00,0.00
2016.02.23 18:40:25.149,12.21292,12.21641,0.00,0.00
2016.02.23 18:40:25.851,12.21292,12.2164,0.00,0.00
2016.02.23 18:40:26.553,12.21292,12.21641,0.00,0.00
2016.02.23 18:40:27.757,12.21292,12.2164,0.00,0.00
2016.02.23 18:40:28.559,12.21292,12.21641,0.00,0.00
2016.02.23 18:40:28.764,12.21341,12.21651,0.00,0.00
2016.02.23 18:40:28.865,12.21341,12.21702,0.00,0.00
2016.02.23 18:40:28.966,12.21359,12.21741,0.00,0.00
2016.02.23 18:40:29.965,12.2136,12.2174,0.00,0.00
2016.02.23 18:40:30.132,12.21392,12.21741,0.00,0.00
2016.02.23 18:40:30.695,12.21392,12.2174,0.00,0.00
2016.02.23 18:40:31.370,12.21392,12.21741,0.00,0.00
2016.02.23 18:40:32.072,12.21392,12.2174,0.00,0.00
2016.02.23 18:40:32.575,12.21392,12.21741,0.00,0.00
2016.02.23 18:40:33.780,12.21392,12.2174,0.00,0.00
2016.02.23 18:40:34.330,12.21392,12.21741,0.00,0.00
2016.02.23 18:40:34.781,12.21408,12.21741,0.00,0.00
2016.02.23 18:40:35.083,12.21441,12.2174,0.00,0.00
2016.02.23 18:40:35.986,12.21441,12.21741,0.00,0.00
2016.02.23 18:40:36.242,12.21392,12.21741,0.00,0.00
2016.02.23 18:40:36.525,12.21392,12.21721,0.00,0.00
2016.02.23 18:40:36.939,12.21392,12.2171,0.00,0.00
2016.02.23 18:40:37.206,12.21392,12.2172,0.00,0.00
2016.02.23 18:40:37.893,12.21392,12.21721,0.00,0.00
2016.02.23 18:40:38.026,12.21392,12.21651,0.00,0.00
2016.02.23 18:40:38.127,12.21392,12.21671,0.00,0.00
2016.02.23 18:40:38.541,12.21392,12.21661,0.00,0.00
2016.02.23 18:40:38.596,12.21392,12.21681,0.00,0.00
2016.02.23 18:40:39.098,12.21392,12.2168,0.00,0.00
2016.02.23 18:40:39.599,12.21392,12.21681,0.00,0.00
2016.02.23 18:40:40.244,12.21392,12.2168,0.00,0.00
2016.02.23 18:40:40.304,12.21392,12.2169,0.00,0.00
2016.02.23 18:40:40.505,12.21392,12.21681,0.00,0.00
2016.02.23 18:40:40.871,12.21392,12.21691,0.00,0.00
2016.02.23 18:40:41.609,12.21392,12.2169,0.00,0.00
2016.02.23 18:40:42.111,12.21392,12.21691,0.00,0.00
2016.02.23 18:40:42.734,12.21392,12.2169,0.00,0.00
2016.02.23 18:40:42.956,12.21359,12.21691,0.00,0.00
2016.02.23 18:40:43.007,12.21349,12.21691,0.00,0.00
2016.02.23 18:40:43.057,12.21341,12.2162,0.00,0.00
2016.02.23 18:40:43.395,12.21341,12.216,0.00,0.00
2016.02.23 18:40:44.218,12.21341,12.21601,0.00,0.00
2016.02.23 18:40:44.369,12.21291,12.21601,0.00,0.00
2016.02.23 18:40:44.925,12.21291,12.216,0.00,0.00
2016.02.23 18:40:45.535,12.21291,12.21601,0.00,0.00
2016.02.23 18:40:46.045,12.21291,12.216,0.00,0.00
2016.02.23 18:40:46.575,12.21291,12.21601,0.00,0.00
2016.02.23 18:40:46.676,12.21291,12.21621,0.00,0.00
2016.02.23 18:40:46.777,12.21341,12.21681,0.00,0.00
2016.02.23 18:40:46.878,12.21359,12.21681,0.00,0.00
2016.02.23 18:40:46.979,12.21389,12.21751,0.00,0.00
2016.02.23 18:40:47.029,12.214,12.21751,0.00,0.00
2016.02.23 18:40:47.080,12.21408,12.2179,0.00,0.00
2016.02.23 18:40:47.654,12.21441,12.21791,0.00,0.00
2016.02.23 18:40:48.434,12.21441,12.2179,0.00,0.00
2016.02.23 18:40:48.946,12.21441,12.21801,0.00,0.00
2016.02.23 18:40:49.592,12.21441,12.218,0.00,0.00
2016.02.23 18:40:49.643,12.21441,12.21752,0.00,0.00
2016.02.23 18:40:49.890,12.21391,12.21741,0.00,0.00
2016.02.23 18:40:50.542,12.21391,12.2174,0.00,0.00
2016.02.23 18:40:51.545,12.21391,12.21741,0.00,0.00
2016.02.23 18:40:51.965,12.21391,12.2167,0.00,0.00
2016.02.23 18:40:52.089,12.21391,12.21721,0.00,0.00
2016.02.23 18:40:52.698,12.21391,12.2172,0.00,0.00
2016.02.23 18:40:52.756,12.21391,12.2174,0.00,0.00
2016.02.23 18:40:53.483,12.21391,12.21741,0.00,0.00
2016.02.23 18:40:54.856,12.21391,12.2174,0.00,0.00
2016.02.23 18:40:55.744,12.21391,12.21741,0.00,0.00
2016.02.23 18:40:56.360,12.21391,12.2174,0.00,0.00
2016.02.23 18:40:56.878,12.21391,12.21741,0.00,0.00
2016.02.23 18:40:57.764,12.21391,12.2174,0.00,0.00
2016.02.23 18:40:58.266,12.21391,12.21741,0.00,0.00
2016.02.23 18:40:58.790,12.21441,12.21731,0.00,0.00
2016.02.23 18:40:58.977,12.21441,12.21741,0.00,0.00
2016.02.23 18:40:59.521,12.21441,12.2174,0.00,0.00
2016.02.23 18:41:00.062,12.21441,12.21741,0.00,0.00
2016.02.23 18:41:00.163,12.21392,12.21741,0.00,0.00
2016.02.23 18:41:01.282,12.21392,12.2174,0.00,0.00
2016.02.23 18:41:01.518,12.21392,12.21721,0.00,0.00
2016.02.23 18:41:01.625,12.21392,12.2174,0.00,0.00
2016.02.23 18:41:01.826,12.21392,12.21731,0.00,0.00
2016.02.23 18:41:02.381,12.21392,12.2173,0.00,0.00
2016.02.23 18:41:02.883,12.21392,12.21731,0.00,0.00
2016.02.23 18:41:03.934,12.21392,12.2173,0.00,0.00
2016.02.23 18:41:04.247,12.21442,12.21752,0.00,0.00
2016.02.23 18:41:04.297,12.21442,12.2176,0.00,0.00
2016.02.23 18:41:04.387,12.21442,12.21781,0.00,0.00
2016.02.23 18:41:04.714,12.21458,12.2174,0.00,0.00
2016.02.23 18:41:04.915,12.21442,12.21731,0.00,0.00
2016.02.23 18:41:05.614,12.21391,12.21731,0.00,0.00
2016.02.23 18:41:05.791,12.21391,12.2174,0.00,0.00
2016.02.23 18:41:06.324,12.21391,12.21731,0.00,0.00
2016.02.23 18:41:06.916,12.21391,12.2173,0.00,0.00
2016.02.23 18:41:07.797,12.21391,12.21731,0.00,0.00
2016.02.23 18:41:07.924,12.21391,12.21741,0.00,0.00
2016.02.23 18:41:08.914,12.21391,12.2174,0.00,0.00
2016.02.23 18:41:09.001,12.21391,12.21731,0.00,0.00
2016.02.23 18:41:09.523,12.21391,12.2173,0.00,0.00
2016.02.23 18:41:10.063,12.21391,12.21731,0.00,0.00
2016.02.23 18:41:10.707,12.21391,12.21741,0.00,0.00
2016.02.23 18:41:11.689,12.21391,12.2174,0.00,0.00
2016.02.23 18:41:12.012,12.21391,12.21751,0.00,0.00
2016.02.23 18:41:12.062,12.21408,12.21751,0.00,0.00
2016.02.23 18:41:12.113,12.21442,12.21801,0.00,0.00
2016.02.23 18:41:13.858,12.2145,12.21802,0.00,0.00
2016.02.23 18:41:14.366,12.21491,12.2182,0.00,0.00
2016.02.23 18:41:14.940,12.21491,12.21821,0.00,0.00
2016.02.23 18:41:15.729,12.21491,12.2182,0.00,0.00
2016.02.23 18:41:16.032,12.21491,12.2181,0.00,0.00
2016.02.23 18:41:16.676,12.21491,12.21811,0.00,0.00
2016.02.23 18:41:17.211,12.21491,12.2181,0.00,0.00
2016.02.23 18:41:17.752,12.21491,12.21811,0.00,0.00
2016.02.23 18:41:18.362,12.21491,12.2181,0.00,0.00
2016.02.23 18:41:19.434,12.21491,12.21811,0.00,0.00
2016.02.23 18:41:19.897,12.2145,12.21801,0.00,0.00
2016.02.23 18:41:19.947,12.21441,12.21721,0.00,0.00
2016.02.23 18:41:20.347,12.21441,12.21701,0.00,0.00
2016.02.23 18:41:20.649,12.21441,12.21681,0.00,0.00
2016.02.23 18:41:20.848,12.21441,12.2169,0.00,0.00
2016.02.23 18:41:21.195,12.21391,12.21691,0.00,0.00
2016.02.23 18:41:21.567,12.21391,12.217,0.00,0.00
2016.02.23 18:41:21.676,12.21391,12.21711,0.00,0.00
2016.02.23 18:41:21.950,12.21409,12.2171,0.00,0.00
2016.02.23 18:41:22.202,12.21391,12.21701,0.00,0.00
2016.02.23 18:41:22.381,12.21391,12.21691,0.00,0.00
2016.02.23 18:41:22.482,12.21391,12.21701,0.00,0.00
2016.02.23 18:41:23.053,12.21391,12.21691,0.00,0.00
2016.02.23 18:41:23.454,12.21391,12.217,0.00,0.00
2016.02.23 18:41:23.655,12.21391,12.21691,0.00,0.00
2016.02.23 18:41:24.056,12.21391,12.2171,0.00,0.00
2016.02.23 18:41:24.157,12.21391,12.21741,0.00,0.00
2016.02.23 18:41:24.656,12.21458,12.2174,0.00,0.00
2016.02.23 18:41:24.707,12.21458,12.21831,0.00,0.00
2016.02.23 18:41:24.883,12.21491,12.2183,0.00,0.00
2016.02.23 18:41:25.708,12.21491,12.21831,0.00,0.00
2016.02.23 18:41:25.762,12.21491,12.21841,0.00,0.00
2016.02.23 18:41:26.874,12.21491,12.2184,0.00,0.00
2016.02.23 18:41:27.568,12.21491,12.21841,0.00,0.00
2016.02.23 18:41:28.170,12.21491,12.2184,0.00,0.00
2016.02.23 18:41:28.778,12.21491,12.21841,0.00,0.00
2016.02.23 18:41:28.879,12.21491,12.21831,0.00,0.00
2016.02.23 18:41:29.726,12.21491,12.2184,0.00,0.00
2016.02.23 18:41:30.281,12.21491,12.21841,0.00,0.00
2016.02.23 18:41:30.882,12.2153,12.2188,0.00,0.00
2016.02.23 18:41:30.983,12.21558,12.2191,0.00,0.00
2016.02.23 18:41:31.124,12.21558,12.2192,0.00,0.00
2016.02.23 18:41:31.225,12.21558,12.2193,0.00,0.00
2016.02.23 18:41:32.066,12.2155,12.21852,0.00,0.00
2016.02.23 18:41:32.217,12.21492,12.21831,0.00,0.00
2016.02.23 18:41:32.735,12.21492,12.2183,0.00,0.00
2016.02.23 18:41:33.400,12.21492,12.21821,0.00,0.00
2016.02.23 18:41:34.436,12.21492,12.2183,0.00,0.00
2016.02.23 18:41:34.956,12.21492,12.21831,0.00,0.00
2016.02.23 18:41:36.205,12.21471,12.2184,0.00,0.00
2016.02.23 18:41:36.918,12.21471,12.21841,0.00,0.00
2016.02.23 18:41:37.316,12.21471,12.2182,0.00,0.00
2016.02.23 18:41:38.005,12.21471,12.21841,0.00,0.00
2016.02.23 18:41:38.513,12.21471,12.2184,0.00,0.00
2016.02.23 18:41:39.119,12.21471,12.21841,0.00,0.00
2016.02.23 18:41:39.521,12.2148,12.2184,0.00,0.00
2016.02.23 18:41:39.867,12.2153,12.2188,0.00,0.00
2016.02.23 18:41:39.918,12.2155,12.21902,0.00,0.00
2016.02.23 18:41:40.022,12.21558,12.21919,0.00,0.00
2016.02.23 18:41:40.323,12.21521,12.2187,0.00,0.00
2016.02.23 18:41:40.524,12.21521,12.21891,0.00,0.00
2016.02.23 18:41:40.921,12.21521,12.219,0.00,0.00
2016.02.23 18:41:42.466,12.21521,12.21901,0.00,0.00
2016.02.23 18:41:42.979,12.21521,12.219,0.00,0.00
2016.02.23 18:41:43.531,12.21521,12.21901,0.00,0.00
2016.02.23 18:41:43.732,12.21521,12.21851,0.00,0.00
2016.02.23 18:41:44.039,12.21521,12.2183,0.00,0.00
2016.02.23 18:41:44.272,12.21472,12.2183,0.00,0.00
2016.02.23 18:41:44.777,12.21472,12.21831,0.00,0.00
2016.02.23 18:41:45.237,12.21472,12.21841,0.00,0.00
2016.02.23 18:41:45.438,12.21571,12.21851,0.00,0.00
2016.02.23 18:41:45.489,12.21571,12.2191,0.00,0.00
2016.02.23 18:41:45.590,12.21571,12.2192,0.00,0.00
2016.02.23 18:41:45.641,12.21571,12.21931,0.00,0.00
2016.02.23 18:41:46.248,12.21571,12.2193,0.00,0.00
2016.02.23 18:41:46.448,12.21571,12.21941,0.00,0.00
2016.02.23 18:41:47.113,12.2156,12.21901,0.00,0.00
2016.02.23 18:41:47.165,12.21549,12.21901,0.00,0.00
2016.02.23 18:41:47.266,12.21539,12.21901,0.00,0.00
2016.02.23 18:41:47.367,12.21521,12.21901,0.00,0.00
2016.02.23 18:41:48.169,12.21521,12.219,0.00,0.00
2016.02.23 18:41:48.667,12.21521,12.21902,0.00,0.00
2016.02.23 18:41:49.058,12.21521,12.219,0.00,0.00
2016.02.23 18:41:49.263,12.21471,12.21852,0.00,0.00
2016.02.23 18:41:49.364,12.21508,12.21869,0.00,0.00
2016.02.23 18:41:49.699,12.21558,12.21869,0.00,0.00
2016.02.23 18:41:49.951,12.21572,12.219,0.00,0.00
2016.02.23 18:41:50.262,12.21572,12.21911,0.00,0.00
2016.02.23 18:41:50.578,12.21572,12.21881,0.00,0.00
2016.02.23 18:41:51.266,12.21509,12.2183,0.00,0.00
2016.02.23 18:41:51.469,12.21472,12.21831,0.00,0.00
2016.02.23 18:41:52.379,12.21472,12.21821,0.00,0.00
2016.02.23 18:41:52.971,12.21472,12.21831,0.00,0.00
2016.02.23 18:41:53.072,12.21472,12.21841,0.00,0.00
2016.02.23 18:41:53.698,12.21472,12.2184,0.00,0.00
2016.02.23 18:41:54.236,12.21522,12.2184,0.00,0.00
2016.02.23 18:41:54.396,12.21549,12.21871,0.00,0.00
2016.02.23 18:41:54.529,12.21522,12.21891,0.00,0.00
2016.02.23 18:41:55.103,12.21522,12.2189,0.00,0.00
2016.02.23 18:41:55.982,12.21522,12.21891,0.00,0.00
2016.02.23 18:41:56.085,12.21471,12.21841,0.00,0.00
2016.02.23 18:41:57.018,12.21471,12.2183,0.00,0.00
2016.02.23 18:41:57.461,12.21471,12.21821,0.00,0.00
2016.02.23 18:41:58.189,12.21471,12.2182,0.00,0.00
2016.02.23 18:41:58.784,12.21471,12.21821,0.00,0.00
2016.02.23 18:41:59.443,12.21471,12.2182,0.00,0.00
2016.02.23 18:41:59.694,12.21471,12.2183,0.00,0.00
2016.02.23 18:41:59.796,12.21471,12.21841,0.00,0.00
2016.02.23 18:41:59.847,12.21521,12.21841,0.00,0.00
2016.02.23 18:41:59.898,12.21521,12.21881,0.00,0.00
2016.02.23 18:42:00.036,12.21558,12.21901,0.00,0.00
2016.02.23 18:42:00.143,12.21558,12.21911,0.00,0.00
2016.02.23 18:42:00.244,12.21558,12.21919,0.00,0.00
2016.02.23 18:42:00.437,12.21558,12.21901,0.00,0.00
2016.02.23 18:42:00.897,12.21558,12.21911,0.00,0.00
2016.02.23 18:42:01.242,12.21558,12.21919,0.00,0.00
2016.02.23 18:42:01.293,12.21572,12.21921,0.00,0.00
2016.02.23 18:42:01.344,12.21572,12.21931,0.00,0.00
2016.02.23 18:42:01.870,12.21572,12.2193,0.00,0.00
2016.02.23 18:42:02.096,12.21572,12.21902,0.00,0.00
2016.02.23 18:42:02.353,12.21572,12.21931,0.00,0.00
2016.02.23 18:42:02.898,12.21572,12.2193,0.00,0.00
2016.02.23 18:42:02.948,12.21622,12.2195,0.00,0.00
2016.02.23 18:42:03.650,12.21622,12.2193,0.00,0.00
2016.02.23 18:42:04.008,12.21622,12.21921,0.00,0.00
2016.02.23 18:42:04.114,12.21622,12.2193,0.00,0.00
2016.02.23 18:42:04.333,12.21622,12.21991,0.00,0.00
2016.02.23 18:42:04.913,12.21622,12.2199,0.00,0.00
2016.02.23 18:42:05.433,12.21622,12.22001,0.00,0.00
2016.02.23 18:42:06.224,12.21622,12.22,0.00,0.00
2016.02.23 18:42:06.754,12.21622,12.22001,0.00,0.00
2016.02.23 18:42:06.970,12.21659,12.22018,0.00,0.00
2016.02.23 18:42:07.359,12.21672,12.22021,0.00,0.00
2016.02.23 18:42:08.011,12.21672,12.2202,0.00,0.00
2016.02.23 18:42:08.479,12.2165,12.21902,0.00,0.00
2016.02.23 18:42:08.529,12.21569,12.21902,0.00,0.00
2016.02.23 18:42:08.613,12.2155,12.21902,0.00,0.00
2016.02.23 18:42:08.714,12.21559,12.21921,0.00,0.00
2016.02.23 18:42:08.815,12.21549,12.21901,0.00,0.00
2016.02.23 18:42:08.966,12.21509,12.21871,0.00,0.00
2016.02.23 18:42:09.067,12.21509,12.21901,0.00,0.00
2016.02.23 18:42:09.281,12.21672,12.21901,0.00,0.00
2016.02.23 18:42:09.332,12.21672,12.2194,0.00,0.00
2016.02.23 18:42:10.163,12.21599,12.21941,0.00,0.00
2016.02.23 18:42:10.235,12.21572,12.2194,0.00,0.00
2016.02.23 18:42:10.435,12.21609,12.21952,0.00,0.00
2016.02.23 18:42:10.486,12.21609,12.21968,0.00,0.00
2016.02.23 18:42:10.995,12.21608,12.21968,0.00,0.00
2016.02.23 18:42:11.153,12.21572,12.21941,0.00,0.00
2016.02.23 18:42:11.668,12.21671,12.21941,0.00,0.00
2016.02.23 18:42:11.870,12.21671,12.22001,0.00,0.00
2016.02.23 18:42:11.929,12.21671,12.22031,0.00,0.00
2016.02.23 18:42:12.086,12.21671,12.2201,0.00,0.00
2016.02.23 18:42:12.389,12.21671,12.22001,0.00,0.00
2016.02.23 18:42:13.946,12.21671,12.2202,0.00,0.00
2016.02.23 18:42:14.448,12.21671,12.22021,0.00,0.00
2016.02.23 18:42:14.775,12.21671,12.22011,0.00,0.00
2016.02.23 18:42:15.551,12.21671,12.2201,0.00,0.00
2016.02.23 18:42:15.944,12.21671,12.22001,0.00,0.00
2016.02.23 18:42:16.655,12.21671,12.22,0.00,0.00
2016.02.23 18:42:17.357,12.21671,12.22001,0.00,0.00
2016.02.23 18:42:17.788,12.21671,12.2201,0.00,0.00
2016.02.23 18:42:17.939,12.21759,12.22011,0.00,0.00
2016.02.23 18:42:18.091,12.21771,12.22141,0.00,0.00
2016.02.23 18:42:18.191,12.21809,12.22141,0.00,0.00
2016.02.23 18:42:18.292,12.21808,12.22169,0.00,0.00
2016.02.23 18:42:19.487,12.21771,12.2212,0.00,0.00
2016.02.23 18:42:19.689,12.21771,12.2213,0.00,0.00
2016.02.23 18:42:19.739,12.21808,12.2213,0.00,0.00
2016.02.23 18:42:19.790,12.21808,12.22141,0.00,0.00
2016.02.23 18:42:19.941,12.21771,12.2214,0.00,0.00
2016.02.23 18:42:20.476,12.21771,12.22141,0.00,0.00
2016.02.23 18:42:21.785,12.21809,12.22169,0.00,0.00
2016.02.23 18:42:22.299,12.21871,12.22201,0.00,0.00
2016.02.23 18:42:22.349,12.21871,12.22211,0.00,0.00
2016.02.23 18:42:22.400,12.21871,12.22221,0.00,0.00
2016.02.23 18:42:22.711,12.21871,12.22211,0.00,0.00
2016.02.23 18:42:23.013,12.21871,12.22181,0.00,0.00
2016.02.23 18:42:23.939,12.21871,12.2217,0.00,0.00
2016.02.23 18:42:24.090,12.21959,12.2227,0.00,0.00
2016.02.23 18:42:24.242,12.21959,12.22318,0.00,0.00
2016.02.23 18:42:25.375,12.21972,12.22331,0.00,0.00
2016.02.23 18:42:25.920,12.21972,12.2234,0.00,0.00
2016.02.23 18:42:26.117,12.21972,12.22241,0.00,0.00
2016.02.23 18:42:26.168,12.21899,12.22241,0.00,0.00
2016.02.23 18:42:26.301,12.21872,12.22241,0.00,0.00
2016.02.23 18:42:26.871,12.21872,12.2224,0.00,0.00
2016.02.23 18:42:27.203,12.21879,12.22241,0.00,0.00
2016.02.23 18:42:27.838,12.2188,12.2224,0.00,0.00
2016.02.23 18:42:28.085,12.21929,12.22301,0.00,0.00
2016.02.23 18:42:28.136,12.21949,12.22301,0.00,0.00
2016.02.23 18:42:28.273,12.21959,12.22319,0.00,0.00
2016.02.23 18:42:29.376,12.21972,12.22341,0.00,0.00
2016.02.23 18:42:29.932,12.21972,12.2234,0.00,0.00
2016.02.23 18:42:30.150,12.21972,12.22331,0.00,0.00
2016.02.23 18:42:30.481,12.21972,12.22321,0.00,0.00
2016.02.23 18:42:30.655,12.21972,12.2234,0.00,0.00
2016.02.23 18:42:31.245,12.21972,12.22301,0.00,0.00
2016.02.23 18:42:31.470,12.21972,12.22311,0.00,0.00
2016.02.23 18:42:31.546,12.21972,12.22321,0.00,0.00
2016.02.23 18:42:32.856,12.21972,12.2231,0.00,0.00
2016.02.23 18:42:33.401,12.21972,12.22311,0.00,0.00
2016.02.23 18:42:34.168,12.21972,12.22331,0.00,0.00
2016.02.23 18:42:34.516,12.21972,12.2234,0.00,0.00
2016.02.23 18:42:35.073,12.21972,12.22341,0.00,0.00
2016.02.23 18:42:35.785,12.21972,12.2234,0.00,0.00
2016.02.23 18:42:36.385,12.21972,12.22341,0.00,0.00
2016.02.23 18:42:36.719,12.21972,12.2232,0.00,0.00
2016.02.23 18:42:37.205,12.21972,12.22291,0.00,0.00
2016.02.23 18:42:37.521,12.21972,12.22301,0.00,0.00
2016.02.23 18:42:37.622,12.21972,12.22311,0.00,0.00
2016.02.23 18:42:37.916,12.21972,12.2233,0.00,0.00
2016.02.23 18:42:38.483,12.22072,12.2233,0.00,0.00
2016.02.23 18:42:38.690,12.22072,12.22378,0.00,0.00
2016.02.23 18:42:38.741,12.22072,12.2243,0.00,0.00
2016.02.23 18:42:39.516,12.22072,12.22431,0.00,0.00
2016.02.23 18:42:39.741,12.22079,12.22441,0.00,0.00
2016.02.23 18:42:40.287,12.22072,12.2244,0.00,0.00
2016.02.23 18:42:40.616,12.22079,12.22441,0.00,0.00
2016.02.23 18:42:40.705,12.22072,12.22441,0.00,0.00
2016.02.23 18:42:40.806,12.2209,12.2244,0.00,0.00
2016.02.23 18:42:40.907,12.22072,12.22441,0.00,0.00
2016.02.23 18:42:41.544,12.22072,12.2244,0.00,0.00
2016.02.23 18:42:42.111,12.22072,12.22441,0.00,0.00
2016.02.23 18:42:42.558,12.22072,12.22431,0.00,0.00
2016.02.23 18:42:43.258,12.22072,12.22411,0.00,0.00
2016.02.23 18:42:43.868,12.22072,12.2241,0.00,0.00
2016.02.23 18:42:44.039,12.22072,12.2242,0.00,0.00
2016.02.23 18:42:44.119,12.22072,12.22431,0.00,0.00
2016.02.23 18:42:44.942,12.22072,12.2243,0.00,0.00
2016.02.23 18:42:45.520,12.22072,12.22431,0.00,0.00
2016.02.23 18:42:46.628,12.22072,12.2243,0.00,0.00
2016.02.23 18:42:47.230,12.22072,12.22441,0.00,0.00
2016.02.23 18:42:47.731,12.22072,12.2244,0.00,0.00
2016.02.23 18:42:48.634,12.22072,12.22431,0.00,0.00
2016.02.23 18:42:48.735,12.22072,12.2244,0.00,0.00
2016.02.23 18:42:49.158,12.22072,12.2243,0.00,0.00
2016.02.23 18:42:49.638,12.22072,12.2244,0.00,0.00
2016.02.23 18:42:50.541,12.22072,12.22441,0.00,0.00
2016.02.23 18:42:51.043,12.22072,12.2244,0.00,0.00
2016.02.23 18:42:51.732,12.22072,12.22441,0.00,0.00
2016.02.23 18:42:53.301,12.22072,12.2244,0.00,0.00
2016.02.23 18:42:53.812,12.22072,12.22441,0.00,0.00
2016.02.23 18:42:54.666,12.22072,12.2244,0.00,0.00
2016.02.23 18:42:55.270,12.22072,12.22441,0.00,0.00
2016.02.23 18:42:55.572,12.22079,12.22441,0.00,0.00
2016.02.23 18:42:56.074,12.2208,12.2244,0.00,0.00
2016.02.23 18:42:56.275,12.22072,12.22441,0.00,0.00
2016.02.23 18:42:56.794,12.22072,12.2243,0.00,0.00
2016.02.23 18:42:57.486,12.22072,12.22441,0.00,0.00
2016.02.23 18:42:58.147,12.22072,12.2244,0.00,0.00
2016.02.23 18:42:58.693,12.22072,12.22441,0.00,0.00
2016.02.23 18:42:59.295,12.22072,12.2244,0.00,0.00
2016.02.23 18:42:59.870,12.22072,12.22441,0.00,0.00
2016.02.23 18:43:00.402,12.22072,12.2244,0.00,0.00
2016.02.23 18:43:00.703,12.22072,12.22431,0.00,0.00
2016.02.23 18:43:01.315,12.22021,12.22331,0.00,0.00
2016.02.23 18:43:01.617,12.22021,12.22301,0.00,0.00
2016.02.23 18:43:01.922,12.21959,12.22221,0.00,0.00
2016.02.23 18:43:01.973,12.21909,12.22221,0.00,0.00
2016.02.23 18:43:02.176,12.21871,12.22221,0.00,0.00
2016.02.23 18:43:02.315,12.21871,12.22201,0.00,0.00
2016.02.23 18:43:02.616,12.21871,12.2219,0.00,0.00
2016.02.23 18:43:02.817,12.21879,12.22231,0.00,0.00
2016.02.23 18:43:02.918,12.21879,12.22221,0.00,0.00
2016.02.23 18:43:03.238,12.21879,12.22211,0.00,0.00
2016.02.23 18:43:03.921,12.21871,12.2219,0.00,0.00
2016.02.23 18:43:04.262,12.21871,12.2224,0.00,0.00
2016.02.23 18:43:04.423,12.21871,12.2222,0.00,0.00
2016.02.23 18:43:04.874,12.21871,12.22201,0.00,0.00
2016.02.23 18:43:05.059,12.21871,12.22211,0.00,0.00
2016.02.23 18:43:05.109,12.21871,12.22201,0.00,0.00
2016.02.23 18:43:05.261,12.21871,12.22211,0.00,0.00
2016.02.23 18:43:05.426,12.21871,12.22201,0.00,0.00
2016.02.23 18:43:05.531,12.21871,12.22211,0.00,0.00
2016.02.23 18:43:05.627,12.21871,12.22201,0.00,0.00
2016.02.23 18:43:05.975,12.21871,12.2219,0.00,0.00
2016.02.23 18:43:06.230,12.21871,12.222,0.00,0.00
2016.02.23 18:43:06.490,12.21908,12.222,0.00,0.00
2016.02.23 18:43:06.695,12.21921,12.2224,0.00,0.00
2016.02.23 18:43:07.448,12.21921,12.22241,0.00,0.00
2016.02.23 18:43:07.952,12.21871,12.22241,0.00,0.00
2016.02.23 18:43:08.871,12.21871,12.22231,0.00,0.00
2016.02.23 18:43:09.540,12.21871,12.2223,0.00,0.00
2016.02.23 18:43:10.041,12.21871,12.2224,0.00,0.00
2016.02.23 18:43:10.502,12.21871,12.2223,0.00,0.00
2016.02.23 18:43:11.183,12.21871,12.22241,0.00,0.00
2016.02.23 18:43:11.346,12.21921,12.2224,0.00,0.00
2016.02.23 18:43:11.497,12.21921,12.22271,0.00,0.00
2016.02.23 18:43:11.862,12.21921,12.22259,0.00,0.00
2016.02.23 18:43:12.180,12.21921,12.22241,0.00,0.00
2016.02.23 18:43:12.582,12.21921,12.22271,0.00,0.00
2016.02.23 18:43:13.583,12.21921,12.2227,0.00,0.00
2016.02.23 18:43:13.813,12.21921,12.22251,0.00,0.00
2016.02.23 18:43:13.864,12.21899,12.22251,0.00,0.00
2016.02.23 18:43:13.964,12.2189,12.22251,0.00,0.00
2016.02.23 18:43:14.015,12.219,12.22251,0.00,0.00
2016.02.23 18:43:14.065,12.21908,12.22268,0.00,0.00
2016.02.23 18:43:15.224,12.21921,12.22271,0.00,0.00
2016.02.23 18:43:15.824,12.21921,12.22251,0.00,0.00
2016.02.23 18:43:16.172,12.21921,12.22241,0.00,0.00
2016.02.23 18:43:16.226,12.21921,12.2227,0.00,0.00
2016.02.23 18:43:16.451,12.21921,12.22252,0.00,0.00
2016.02.23 18:43:16.719,12.21908,12.22269,0.00,0.00
2016.02.23 18:43:17.239,12.21908,12.2226,0.00,0.00
2016.02.23 18:43:17.544,12.21919,12.22269,0.00,0.00
2016.02.23 18:43:17.853,12.21971,12.2224,0.00,0.00
2016.02.23 18:43:18.245,12.21872,12.22241,0.00,0.00
2016.02.23 18:43:18.863,12.21872,12.2224,0.00,0.00
2016.02.23 18:43:19.510,12.21872,12.22241,0.00,0.00
2016.02.23 18:43:20.681,12.21872,12.2224,0.00,0.00
2016.02.23 18:43:21.187,12.21872,12.22241,0.00,0.00
2016.02.23 18:43:22.199,12.21872,12.2224,0.00,0.00
2016.02.23 18:43:22.810,12.21872,12.22241,0.00,0.00
2016.02.23 18:43:23.536,12.21859,12.22219,0.00,0.00
2016.02.23 18:43:23.867,12.21821,12.2213,0.00,0.00
2016.02.23 18:43:24.221,12.21821,12.22121,0.00,0.00
2016.02.23 18:43:24.442,12.21821,12.22131,0.00,0.00
2016.02.23 18:43:24.826,12.21821,12.22141,0.00,0.00
2016.02.23 18:43:25.096,12.21771,12.2214,0.00,0.00
2016.02.23 18:43:25.362,12.21809,12.22141,0.00,0.00
2016.02.23 18:43:25.564,12.21809,12.22151,0.00,0.00
2016.02.23 18:43:25.842,12.21789,12.22152,0.00,0.00
2016.02.23 18:43:25.943,12.21799,12.22152,0.00,0.00
2016.02.23 18:43:26.022,12.21808,12.22169,0.00,0.00
2016.02.23 18:43:26.173,12.218,12.22152,0.00,0.00
2016.02.23 18:43:26.274,12.21771,12.22141,0.00,0.00
2016.02.23 18:43:26.336,12.21799,12.22151,0.00,0.00
2016.02.23 18:43:26.650,12.2185,12.222,0.00,0.00
2016.02.23 18:43:26.974,12.21859,12.22201,0.00,0.00
2016.02.23 18:43:27.519,12.21859,12.222,0.00,0.00
2016.02.23 18:43:27.841,12.21871,12.22191,0.00,0.00
2016.02.23 18:43:28.297,12.21871,12.2214,0.00,0.00
2016.02.23 18:43:28.552,12.21808,12.2214,0.00,0.00
2016.02.23 18:43:28.603,12.218,12.2214,0.00,0.00
2016.02.23 18:43:28.704,12.21809,12.2214,0.00,0.00
2016.02.23 18:43:28.905,12.21771,12.22141,0.00,0.00
2016.02.23 18:43:29.148,12.21808,12.22141,0.00,0.00
2016.02.23 18:43:29.355,12.21808,12.22169,0.00,0.00
2016.02.23 18:43:29.733,12.21808,12.22159,0.00,0.00
2016.02.23 18:43:29.945,12.21771,12.22141,0.00,0.00
2016.02.23 18:43:30.585,12.21771,12.2214,0.00,0.00
2016.02.23 18:43:31.484,12.21771,12.22141,0.00,0.00
2016.02.23 18:43:31.990,12.21771,12.2214,0.00,0.00
2016.02.23 18:43:32.497,12.21771,12.22141,0.00,0.00
2016.02.23 18:43:33.204,12.21771,12.2214,0.00,0.00
2016.02.23 18:43:33.550,12.21859,12.222,0.00,0.00
2016.02.23 18:43:33.651,12.21858,12.22209,0.00,0.00
2016.02.23 18:43:33.752,12.21858,12.22219,0.00,0.00
2016.02.23 18:43:34.059,12.2185,12.22202,0.00,0.00
2016.02.23 18:43:34.160,12.21821,12.22181,0.00,0.00
2016.02.23 18:43:34.730,12.21821,12.2218,0.00,0.00
2016.02.23 18:43:34.831,12.21859,12.22219,0.00,0.00
2016.02.23 18:43:34.982,12.21872,12.22221,0.00,0.00
2016.02.23 18:43:35.033,12.21872,12.22241,0.00,0.00
2016.02.23 18:43:35.844,12.21872,12.2224,0.00,0.00
2016.02.23 18:43:36.468,12.21872,12.22241,0.00,0.00
2016.02.23 18:43:37.269,12.21921,12.22241,0.00,0.00
2016.02.23 18:43:37.370,12.21921,12.22251,0.00,0.00
2016.02.23 18:43:37.914,12.21921,12.2225,0.00,0.00
2016.02.23 18:43:38.449,12.21921,12.22251,0.00,0.00
2016.02.23 18:43:38.700,12.21972,12.22251,0.00,0.00
2016.02.23 18:43:38.750,12.21972,12.2227,0.00,0.00
2016.02.23 18:43:39.350,12.21972,12.22252,0.00,0.00
2016.02.23 18:43:39.519,12.21871,12.22241,0.00,0.00
2016.02.23 18:43:40.163,12.21871,12.2223,0.00,0.00
2016.02.23 18:43:40.554,12.21909,12.22261,0.00,0.00
2016.02.23 18:43:40.953,12.21921,12.22261,0.00,0.00
2016.02.23 18:43:41.342,12.21959,12.22308,0.00,0.00
2016.02.23 18:43:41.443,12.21959,12.22301,0.00,0.00
2016.02.23 18:43:41.745,12.21958,12.2231,0.00,0.00
2016.02.23 18:43:42.144,12.21958,12.22319,0.00,0.00
2016.02.23 18:43:42.352,12.21972,12.2232,0.00,0.00
2016.02.23 18:43:42.657,12.21972,12.22301,0.00,0.00
2016.02.23 18:43:42.982,12.21972,12.2229,0.00,0.00
2016.02.23 18:43:43.510,12.21972,12.22291,0.00,0.00
2016.02.23 18:43:43.568,12.21922,12.22291,0.00,0.00
2016.02.23 18:43:43.622,12.21958,12.22291,0.00,0.00
2016.02.23 18:43:43.673,12.21958,12.22311,0.00,0.00
2016.02.23 18:43:44.401,12.21958,12.2231,0.00,0.00
2016.02.23 18:43:44.695,12.21958,12.2227,0.00,0.00
2016.02.23 18:43:44.745,12.21922,12.2227,0.00,0.00
2016.02.23 18:43:44.896,12.21922,12.2228,0.00,0.00
2016.02.23 18:43:45.365,12.21922,12.2229,0.00,0.00
2016.02.23 18:43:45.867,12.21922,12.22291,0.00,0.00
2016.02.23 18:43:46.560,12.21922,12.2229,0.00,0.00
2016.02.23 18:43:47.161,12.21922,12.22291,0.00,0.00
2016.02.23 18:43:47.866,12.21909,12.22241,0.00,0.00
2016.02.23 18:43:47.917,12.21872,12.22241,0.00,0.00
2016.02.23 18:43:48.174,12.21872,12.22231,0.00,0.00
2016.02.23 18:43:48.995,12.21872,12.2223,0.00,0.00
2016.02.23 18:43:49.571,12.21872,12.2222,0.00,0.00
2016.02.23 18:43:50.073,12.21872,12.22231,0.00,0.00
2016.02.23 18:43:50.173,12.21872,12.2222,0.00,0.00
2016.02.23 18:43:50.482,12.21872,12.22211,0.00,0.00
2016.02.23 18:43:51.009,12.21872,12.22201,0.00,0.00
2016.02.23 18:43:51.679,12.21872,12.222,0.00,0.00
2016.02.23 18:43:52.202,12.21872,12.2219,0.00,0.00
2016.02.23 18:43:52.714,12.21872,12.22201,0.00,0.00
2016.02.23 18:43:53.212,12.21872,12.22211,0.00,0.00
2016.02.23 18:43:54.882,12.21921,12.22211,0.00,0.00
2016.02.23 18:43:54.933,12.21929,12.22258,0.00,0.00
2016.02.23 18:43:55.034,12.2195,12.22301,0.00,0.00
2016.02.23 18:43:55.135,12.21958,12.22319,0.00,0.00
2016.02.23 18:43:55.516,12.22058,12.22319,0.00,0.00
2016.02.23 18:43:55.696,12.21959,12.22319,0.00,0.00
2016.02.23 18:43:56.169,12.21971,12.2234,0.00,0.00
2016.02.23 18:43:56.926,12.21971,12.22341,0.00,0.00
2016.02.23 18:43:57.624,12.21971,12.2234,0.00,0.00
2016.02.23 18:43:58.409,12.21971,12.22341,0.00,0.00
2016.02.23 18:43:58.998,12.21971,12.2234,0.00,0.00
2016.02.23 18:43:59.657,12.21971,12.22341,0.00,0.00
2016.02.23 18:44:00.315,12.21971,12.2234,0.00,0.00
2016.02.23 18:44:01.218,12.21971,12.22341,0.00,0.00
2016.02.23 18:44:01.820,12.21971,12.2234,0.00,0.00
2016.02.23 18:44:02.522,12.21971,12.22341,0.00,0.00
2016.02.23 18:44:03.058,12.21971,12.2234,0.00,0.00
2016.02.23 18:44:03.530,12.22008,12.22341,0.00,0.00
2016.02.23 18:44:03.631,12.22021,12.2237,0.00,0.00
2016.02.23 18:44:04.105,12.22058,12.22371,0.00,0.00
2016.02.23 18:44:04.155,12.22058,12.22391,0.00,0.00
2016.02.23 18:44:04.561,12.22058,12.22401,0.00,0.00
2016.02.23 18:44:05.012,12.22072,12.22401,0.00,0.00
2016.02.23 18:44:05.534,12.22072,12.224,0.00,0.00
2016.02.23 18:44:05.864,12.22072,12.2239,0.00,0.00
2016.02.23 18:44:06.154,12.22072,12.22401,0.00,0.00
2016.02.23 18:44:06.237,12.22072,12.22411,0.00,0.00
2016.02.23 18:44:06.882,12.22072,12.22421,0.00,0.00
2016.02.23 18:44:07.424,12.22072,12.2242,0.00,0.00
2016.02.23 18:44:08.541,12.22072,12.22421,0.00,0.00
2016.02.23 18:44:09.195,12.22072,12.2242,0.00,0.00
2016.02.23 18:44:09.770,12.22072,12.22421,0.00,0.00
2016.02.23 18:44:10.360,12.22072,12.2242,0.00,0.00
2016.02.23 18:44:10.471,12.22158,12.22461,0.00,0.00
2016.02.23 18:44:10.572,12.22158,12.2247,0.00,0.00
2016.02.23 18:44:10.673,12.22158,12.22518,0.00,0.00
2016.02.23 18:44:11.263,12.22159,12.22518,0.00,0.00
2016.02.23 18:44:11.774,12.22159,12.22511,0.00,0.00
2016.02.23 18:44:12.098,12.22171,12.2251,0.00,0.00
2016.02.23 18:44:12.299,12.22171,12.2253,0.00,0.00
2016.02.23 18:44:12.682,12.22171,12.2254,0.00,0.00
2016.02.23 18:44:12.808,12.22171,12.2253,0.00,0.00
2016.02.23 18:44:13.127,12.22171,12.22451,0.00,0.00
2016.02.23 18:44:13.228,12.22122,12.22451,0.00,0.00
2016.02.23 18:44:13.454,12.22122,12.22481,0.00,0.00
2016.02.23 18:44:14.173,12.22122,12.2248,0.00,0.00
2016.02.23 18:44:14.285,12.22122,12.22471,0.00,0.00
2016.02.23 18:44:14.386,12.22122,12.2248,0.00,0.00
2016.02.23 18:44:14.937,12.22171,12.22511,0.00,0.00
2016.02.23 18:44:14.988,12.22171,12.2252,0.00,0.00
2016.02.23 18:44:15.345,12.22171,12.22502,0.00,0.00
2016.02.23 18:44:15.884,12.22171,12.22501,0.00,0.00
2016.02.23 18:44:16.187,12.22121,12.225,0.00,0.00
2016.02.23 18:44:16.598,12.22271,12.22501,0.00,0.00
2016.02.23 18:44:16.649,12.22271,12.2252,0.00,0.00
2016.02.23 18:44:16.699,12.22258,12.22468,0.00,0.00
2016.02.23 18:44:16.750,12.22089,12.22451,0.00,0.00
2016.02.23 18:44:16.907,12.22109,12.22451,0.00,0.00
2016.02.23 18:44:16.958,12.22109,12.22468,0.00,0.00
2016.02.23 18:44:17.008,12.22109,12.2244,0.00,0.00
2016.02.23 18:44:17.170,12.22072,12.22441,0.00,0.00
2016.02.23 18:44:17.510,12.22072,12.22431,0.00,0.00
2016.02.23 18:44:17.814,12.22171,12.225,0.00,0.00
2016.02.23 18:44:18.123,12.22171,12.22481,0.00,0.00
2016.02.23 18:44:18.670,12.22171,12.22491,0.00,0.00
2016.02.23 18:44:18.724,12.22171,12.22471,0.00,0.00
2016.02.23 18:44:19.040,12.22158,12.22441,0.00,0.00
2016.02.23 18:44:19.091,12.22071,12.22441,0.00,0.00
2016.02.23 18:44:19.650,12.22071,12.2244,0.00,0.00
2016.02.23 18:44:20.138,12.22071,12.22421,0.00,0.00
2016.02.23 18:44:20.238,12.22071,12.2244,0.00,0.00
2016.02.23 18:44:20.339,12.22071,12.2241,0.00,0.00
2016.02.23 18:44:20.734,12.22071,12.22401,0.00,0.00
2016.02.23 18:44:21.373,12.22158,12.22441,0.00,0.00
2016.02.23 18:44:21.533,12.22121,12.22441,0.00,0.00
2016.02.23 18:44:21.633,12.22121,12.2243,0.00,0.00
2016.02.23 18:44:21.734,12.22159,12.22491,0.00,0.00
2016.02.23 18:44:22.344,12.22121,12.22491,0.00,0.00
2016.02.23 18:44:22.394,12.22272,12.22491,0.00,0.00
2016.02.23 18:44:22.495,12.22309,12.22651,0.00,0.00
2016.02.23 18:44:22.546,12.22299,12.22651,0.00,0.00
2016.02.23 18:44:22.647,12.223,12.2264,0.00,0.00
2016.02.23 18:44:22.949,12.2235,12.22668,0.00,0.00
2016.02.23 18:44:23.180,12.22372,12.2271,0.00,0.00
2016.02.23 18:44:23.553,12.22372,12.22721,0.00,0.00
2016.02.23 18:44:24.094,12.22372,12.2272,0.00,0.00
2016.02.23 18:44:24.743,12.22372,12.22721,0.00,0.00
2016.02.23 18:44:25.646,12.22372,12.2273,0.00,0.00
2016.02.23 18:44:26.633,12.22459,12.2273,0.00,0.00
2016.02.23 18:44:26.684,12.22459,12.22811,0.00,0.00
2016.02.23 18:44:26.799,12.22459,12.22819,0.00,0.00
2016.02.23 18:44:27.351,12.22458,12.22819,0.00,0.00
2016.02.23 18:44:28.004,12.22471,12.22841,0.00,0.00
2016.02.23 18:44:29.064,12.22471,12.2284,0.00,0.00
2016.02.23 18:44:29.267,12.22489,12.22841,0.00,0.00
2016.02.23 18:44:29.469,12.22471,12.22841,0.00,0.00
2016.02.23 18:44:29.699,12.22459,12.22818,0.00,0.00
2016.02.23 18:44:29.799,12.22422,12.2279,0.00,0.00
2016.02.23 18:44:29.900,12.22422,12.22801,0.00,0.00
2016.02.23 18:44:34.607,12.22471,12.22801,0.00,0.00
2016.02.23 18:44:34.708,12.22471,12.22831,0.00,0.00
2016.02.23 18:44:35.111,12.22471,12.2284,0.00,0.00
2016.02.23 18:44:35.614,12.22471,12.22841,0.00,0.00
2016.02.23 18:44:36.536,12.22471,12.2284,0.00,0.00
2016.02.23 18:44:36.766,12.22471,12.22802,0.00,0.00
2016.02.23 18:44:36.817,12.22422,12.22802,0.00,0.00
2016.02.23 18:44:40.013,12.22571,12.22802,0.00,0.00
2016.02.23 18:44:40.064,12.22571,12.22821,0.00,0.00
2016.02.23 18:44:40.166,12.22571,12.22871,0.00,0.00
2016.02.23 18:44:40.280,12.22571,12.22921,0.00,0.00
2016.02.23 18:44:40.731,12.22571,12.22941,0.00,0.00
2016.02.23 18:44:41.785,12.22571,12.2294,0.00,0.00
2016.02.23 18:44:42.260,12.22571,12.22931,0.00,0.00
2016.02.23 18:44:42.714,12.22571,12.2292,0.00,0.00
2016.02.23 18:44:43.152,12.22571,12.22931,0.00,0.00
2016.02.23 18:44:43.340,12.22571,12.22921,0.00,0.00
2016.02.23 18:44:43.641,12.22571,12.22911,0.00,0.00
2016.02.23 18:44:44.288,12.22571,12.22921,0.00,0.00
2016.02.23 18:44:44.581,12.22571,12.22901,0.00,0.00
2016.02.23 18:44:45.249,12.22571,12.2291,0.00,0.00
2016.02.23 18:44:46.651,12.22571,12.229,0.00,0.00
2016.02.23 18:44:46.783,12.22571,12.2291,0.00,0.00
2016.02.23 18:44:46.834,12.22558,12.2291,0.00,0.00
2016.02.23 18:44:46.884,12.22558,12.2282,0.00,0.00
2016.02.23 18:44:46.991,12.22521,12.22801,0.00,0.00
2016.02.23 18:44:47.353,12.22521,12.22791,0.00,0.00
2016.02.23 18:44:47.482,12.22521,12.228,0.00,0.00
2016.02.23 18:44:48.071,12.22521,12.22801,0.00,0.00
2016.02.23 18:44:48.122,12.22521,12.2281,0.00,0.00
2016.02.23 18:44:48.223,12.22472,12.22811,0.00,0.00
2016.02.23 18:44:48.752,12.22472,12.2281,0.00,0.00
2016.02.23 18:44:48.904,12.22472,12.22791,0.00,0.00
2016.02.23 18:44:49.386,12.22472,12.22781,0.00,0.00
2016.02.23 18:44:49.487,12.22472,12.228,0.00,0.00
2016.02.23 18:44:49.659,12.22472,12.22791,0.00,0.00
2016.02.23 18:44:50.261,12.22472,12.2279,0.00,0.00
2016.02.23 18:44:50.789,12.22472,12.2275,0.00,0.00
2016.02.23 18:44:50.839,12.22422,12.2275,0.00,0.00
2016.02.23 18:44:50.890,12.22449,12.22721,0.00,0.00
2016.02.23 18:44:50.991,12.22422,12.22731,0.00,0.00
2016.02.23 18:44:51.113,12.22422,12.22721,0.00,0.00
2016.02.23 18:44:51.365,12.22422,12.22731,0.00,0.00
2016.02.23 18:44:51.466,12.22422,12.22721,0.00,0.00
2016.02.23 18:44:51.879,12.22422,12.2271,0.00,0.00
2016.02.23 18:44:52.237,12.22372,12.22711,0.00,0.00
2016.02.23 18:44:52.869,12.22372,12.22721,0.00,0.00
2016.02.23 18:44:52.970,12.22372,12.22711,0.00,0.00
2016.02.23 18:44:53.571,12.22372,12.22721,0.00,0.00
2016.02.23 18:44:54.605,12.22372,12.2272,0.00,0.00
2016.02.23 18:44:55.130,12.22372,12.22721,0.00,0.00
2016.02.23 18:44:55.578,12.22372,12.22711,0.00,0.00
2016.02.23 18:44:55.684,12.22372,12.2272,0.00,0.00
2016.02.23 18:44:56.029,12.22349,12.22701,0.00,0.00
2016.02.23 18:44:56.079,12.22329,12.22651,0.00,0.00
2016.02.23 18:44:56.281,12.22359,12.22719,0.00,0.00
2016.02.23 18:44:57.433,12.22371,12.22741,0.00,0.00
2016.02.23 18:44:58.239,12.22371,12.2274,0.00,0.00
2016.02.23 18:44:59.007,12.22371,12.22741,0.00,0.00
2016.02.23 18:44:59.891,12.22371,12.2274,0.00,0.00
2016.02.23 18:45:00.494,12.22371,12.2273,0.00,0.00
2016.02.23 18:45:00.595,12.22371,12.22741,0.00,0.00
2016.02.23 18:45:01.197,12.22371,12.2274,0.00,0.00
2016.02.23 18:45:01.304,12.22371,12.22721,0.00,0.00
2016.02.23 18:45:01.702,12.22371,12.22731,0.00,0.00
2016.02.23 18:45:02.204,12.22371,12.2274,0.00,0.00
2016.02.23 18:45:02.705,12.22371,12.22741,0.00,0.00
2016.02.23 18:45:02.914,12.2238,12.2274,0.00,0.00
2016.02.23 18:45:03.235,12.22459,12.22818,0.00,0.00
2016.02.23 18:45:03.585,12.2249,12.22818,0.00,0.00
2016.02.23 18:45:04.149,12.22489,12.22818,0.00,0.00
2016.02.23 18:45:04.363,12.22489,12.22841,0.00,0.00
2016.02.23 18:45:04.637,12.22472,12.2284,0.00,0.00
2016.02.23 18:45:05.065,12.22509,12.22868,0.00,0.00
2016.02.23 18:45:05.736,12.22521,12.22901,0.00,0.00
2016.02.23 18:45:05.910,12.22549,12.22901,0.00,0.00
2016.02.23 18:45:05.961,12.22559,12.22919,0.00,0.00
2016.02.23 18:45:06.921,12.22559,12.22911,0.00,0.00
2016.02.23 18:45:07.122,12.22559,12.22919,0.00,0.00
2016.02.23 18:45:07.173,12.22572,12.2292,0.00,0.00
2016.02.23 18:45:07.342,12.2258,12.2293,0.00,0.00
2016.02.23 18:45:07.924,12.2258,12.2292,0.00,0.00
2016.02.23 18:45:08.230,12.22609,12.22968,0.00,0.00
2016.02.23 18:45:08.479,12.22599,12.22952,0.00,0.00
2016.02.23 18:45:08.530,12.22572,12.2293,0.00,0.00
2016.02.23 18:45:08.644,12.2263,12.22952,0.00,0.00
2016.02.23 18:45:08.694,12.2263,12.2297,0.00,0.00
2016.02.23 18:45:08.745,12.2264,12.22981,0.00,0.00
2016.02.23 18:45:08.845,12.22658,12.2301,0.00,0.00
2016.02.23 18:45:08.946,12.22658,12.23,0.00,0.00
2016.02.23 18:45:09.294,12.22658,12.22991,0.00,0.00
2016.02.23 18:45:09.439,12.22658,12.23,0.00,0.00
2016.02.23 18:45:09.846,12.22658,12.2301,0.00,0.00
2016.02.23 18:45:09.947,12.22658,12.23018,0.00,0.00
2016.02.23 18:45:10.048,12.22672,12.23021,0.00,0.00
2016.02.23 18:45:10.385,12.22672,12.23011,0.00,0.00
2016.02.23 18:45:10.686,12.22672,12.22921,0.00,0.00
2016.02.23 18:45:10.787,12.22572,12.22921,0.00,0.00
2016.02.23 18:45:10.838,12.22572,12.22891,0.00,0.00
2016.02.23 18:45:11.157,12.22609,12.22968,0.00,0.00
2016.02.23 18:45:11.258,12.22649,12.22968,0.00,0.00
2016.02.23 18:45:11.535,12.22671,12.22991,0.00,0.00
2016.02.23 18:45:11.656,12.22671,12.23001,0.00,0.00
2016.02.23 18:45:11.897,12.22671,12.2299,0.00,0.00
2016.02.23 18:45:11.956,12.22671,12.23011,0.00,0.00
2016.02.23 18:45:12.057,12.22659,12.22921,0.00,0.00
2016.02.23 18:45:12.107,12.22589,12.22921,0.00,0.00
2016.02.23 18:45:12.158,12.22572,12.22921,0.00,0.00
2016.02.23 18:45:12.209,12.22609,12.22921,0.00,0.00
2016.02.23 18:45:12.260,12.22619,12.22968,0.00,0.00
2016.02.23 18:45:12.361,12.22649,12.22968,0.00,0.00
2016.02.23 18:45:12.700,12.22659,12.22968,0.00,0.00
2016.02.23 18:45:12.751,12.22672,12.23011,0.00,0.00
2016.02.23 18:45:12.852,12.22672,12.2303,0.00,0.00
2016.02.23 18:45:13.373,12.22672,12.23041,0.00,0.00
2016.02.23 18:45:13.930,12.22672,12.2304,0.00,0.00
2016.02.23 18:45:14.150,12.22722,12.2304,0.00,0.00
2016.02.23 18:45:14.847,12.22722,12.23041,0.00,0.00
2016.02.23 18:45:15.546,12.22672,12.23041,0.00,0.00
2016.02.23 18:45:16.061,12.22672,12.2304,0.00,0.00
2016.02.23 18:45:16.604,12.22672,12.23041,0.00,0.00
2016.02.23 18:45:17.037,12.22708,12.23041,0.00,0.00
2016.02.23 18:45:17.088,12.22721,12.23091,0.00,0.00
2016.02.23 18:45:17.189,12.22721,12.2304,0.00,0.00
2016.02.23 18:45:17.890,12.22721,12.23041,0.00,0.00
2016.02.23 18:45:18.448,12.22672,12.23041,0.00,0.00
2016.02.23 18:45:19.663,12.22672,12.2304,0.00,0.00
2016.02.23 18:45:20.288,12.22672,12.23041,0.00,0.00
2016.02.23 18:45:20.860,12.22672,12.2304,0.00,0.00
2016.02.23 18:45:21.297,12.22672,12.23031,0.00,0.00
2016.02.23 18:45:21.498,12.22672,12.23041,0.00,0.00
2016.02.23 18:45:23.075,12.22672,12.2304,0.00,0.00
2016.02.23 18:45:23.612,12.22672,12.23041,0.00,0.00
2016.02.23 18:45:24.379,12.22672,12.2304,0.00,0.00
2016.02.23 18:45:24.763,12.22722,12.2307,0.00,0.00
2016.02.23 18:45:24.814,12.22722,12.2309,0.00,0.00
2016.02.23 18:45:25.200,12.22722,12.231,0.00,0.00
2016.02.23 18:45:25.755,12.22722,12.23101,0.00,0.00
2016.02.23 18:45:26.286,12.22708,12.2304,0.00,0.00
2016.02.23 18:45:26.402,12.22672,12.2304,0.00,0.00
2016.02.23 18:45:26.741,12.22709,12.2304,0.00,0.00
2016.02.23 18:45:26.842,12.2269,12.2304,0.00,0.00
2016.02.23 18:45:27.419,12.22689,12.23041,0.00,0.00
2016.02.23 18:45:27.903,12.22672,12.23021,0.00,0.00
2016.02.23 18:45:28.214,12.22672,12.2301,0.00,0.00
2016.02.23 18:45:28.294,12.22672,12.2302,0.00,0.00
2016.02.23 18:45:28.408,12.22672,12.23031,0.00,0.00
2016.02.23 18:45:28.595,12.22622,12.2292,0.00,0.00
2016.02.23 18:45:28.910,12.22622,12.22841,0.00,0.00
2016.02.23 18:45:28.960,12.22509,12.22841,0.00,0.00
2016.02.23 18:45:29.011,12.22471,12.22841,0.00,0.00
2016.02.23 18:45:29.112,12.22471,12.22831,0.00,0.00
2016.02.23 18:45:29.488,12.22471,12.2282,0.00,0.00
2016.02.23 18:45:29.740,12.22471,12.22831,0.00,0.00
2016.02.23 18:45:30.045,12.22508,12.22831,0.00,0.00
2016.02.23 18:45:30.247,12.22471,12.2281,0.00,0.00
2016.02.23 18:45:31.059,12.22458,12.2281,0.00,0.00
2016.02.23 18:45:31.110,12.22421,12.22751,0.00,0.00
2016.02.23 18:45:31.210,12.22421,12.22771,0.00,0.00
2016.02.23 18:45:31.313,12.22421,12.22752,0.00,0.00
2016.02.23 18:45:31.464,12.22421,12.2277,0.00,0.00
2016.02.23 18:45:31.674,12.22449,12.22802,0.00,0.00
2016.02.23 18:45:31.725,12.22459,12.22811,0.00,0.00
2016.02.23 18:45:32.111,12.22459,12.22801,0.00,0.00
2016.02.23 18:45:32.471,12.22472,12.22801,0.00,0.00
2016.02.23 18:45:32.870,12.22472,12.22752,0.00,0.00
2016.02.23 18:45:53.622,12.22521,12.22752,0.00,0.00
2016.02.23 18:45:53.672,12.2253,12.22801,0.00,0.00
2016.02.23 18:45:53.774,12.22529,12.22851,0.00,0.00
2016.02.23 18:45:54.581,12.2253,12.22851,0.00,0.00
2016.02.23 18:45:54.981,12.22572,12.22851,0.00,0.00
2016.02.23 18:46:03.380,12.22521,12.22801,0.00,0.00
2016.02.23 18:46:03.481,12.22521,12.22751,0.00,0.00
2016.02.23 18:46:04.590,12.22471,12.22751,0.00,0.00
2016.02.23 18:46:29.079,12.22471,12.228,0.00,0.00
2016.02.23 18:46:29.129,12.22521,12.22801,0.00,0.00
2016.02.23 18:46:29.340,12.2253,12.22852,0.00,0.00
2016.02.23 18:46:29.857,12.22529,12.22852,0.00,0.00
2016.02.23 18:46:30.513,12.22572,12.22852,0.00,0.00
2016.02.23 18:46:33.368,12.22572,12.22851,0.00,0.00
2016.02.23 18:46:53.387,12.22572,12.2284,0.00,0.00
2016.02.23 18:46:53.438,12.22522,12.22802,0.00,0.00
2016.02.23 18:46:53.772,12.22522,12.22752,0.00,0.00
2016.02.23 18:46:54.864,12.22471,12.22752,0.00,0.00
2016.02.23 18:46:59.921,12.2243,12.22752,0.00,0.00
2016.02.23 18:46:59.971,12.2243,12.22701,0.00,0.00
2016.02.23 18:47:00.022,12.22429,12.22751,0.00,0.00
2016.02.23 18:47:00.939,12.2243,12.22751,0.00,0.00
2016.02.23 18:47:01.166,12.22472,12.22751,0.00,0.00
2016.02.23 18:47:02.788,12.22421,12.22701,0.00,0.00
2016.02.23 18:47:03.969,12.22421,12.22651,0.00,0.00
2016.02.23 18:47:04.151,12.22372,12.22651,0.00,0.00
2016.02.23 18:47:04.532,12.22372,12.22702,0.00,0.00
2016.02.23 18:47:04.633,12.224,12.227,0.00,0.00
2016.02.23 18:47:04.935,12.22471,12.22702,0.00,0.00
2016.02.23 18:47:04.986,12.22471,12.22752,0.00,0.00
2016.02.23 18:47:05.287,12.22471,12.22701,0.00,0.00
2016.02.23 18:47:05.675,12.22371,12.22701,0.00,0.00
2016.02.23 18:47:05.726,12.22371,12.22652,0.00,0.00
2016.02.23 18:47:22.677,12.22421,12.227,0.00,0.00
2016.02.23 18:47:22.884,12.2243,12.22752,0.00,0.00
2016.02.23 18:47:23.386,12.22429,12.22752,0.00,0.00
2016.02.23 18:47:24.033,12.2243,12.22752,0.00,0.00
2016.02.23 18:47:24.084,12.22471,12.22752,0.00,0.00
2016.02.23 18:47:53.943,12.2246,12.22668,0.00,0.00
2016.02.23 18:47:54.100,12.22272,12.22552,0.00,0.00
2016.02.23 18:48:12.865,12.22321,12.22552,0.00,0.00
2016.02.23 18:48:13.168,12.2236,12.22552,0.00,0.00
2016.02.23 18:48:13.219,12.2236,12.22652,0.00,0.00
2016.02.23 18:48:13.959,12.22359,12.22652,0.00,0.00
2016.02.23 18:48:14.263,12.22372,12.22652,0.00,0.00
2016.02.23 18:48:17.351,12.2236,12.22652,0.00,0.00
2016.02.23 18:48:17.402,12.22321,12.22602,0.00,0.00
2016.02.23 18:48:19.343,12.22321,12.22652,0.00,0.00
2016.02.23 18:48:19.393,12.22371,12.22652,0.00,0.00
2016.02.23 18:48:20.669,12.22329,12.22652,0.00,0.00
2016.02.23 18:48:20.770,12.22321,12.22602,0.00,0.00
2016.02.23 18:48:20.871,12.22321,12.22652,0.00,0.00
2016.02.23 18:48:21.446,12.22329,12.22652,0.00,0.00
2016.02.23 18:48:22.028,12.2233,12.22652,0.00,0.00
2016.02.23 18:48:22.377,12.22372,12.22652,0.00,0.00
2016.02.23 18:48:32.169,12.22372,12.22602,0.00,0.00
2016.02.23 18:48:32.220,12.22321,12.22602,0.00,0.00
2016.02.23 18:48:33.311,12.2234,12.22552,0.00,0.00
2016.02.23 18:48:33.412,12.22339,12.22651,0.00,0.00
2016.02.23 18:48:33.513,12.22371,12.22651,0.00,0.00
2016.02.23 18:48:41.770,12.22371,12.22551,0.00,0.00
2016.02.23 18:48:41.821,12.22349,12.22551,0.00,0.00
2016.02.23 18:48:41.922,12.22271,12.22551,0.00,0.00
2016.02.23 18:48:56.797,12.22279,12.22551,0.00,0.00
2016.02.23 18:48:57.506,12.2228,12.22551,0.00,0.00
2016.02.23 18:48:58.555,12.22359,12.22652,0.00,0.00
2016.02.23 18:48:58.657,12.22419,12.22719,0.00,0.00
2016.02.23 18:48:58.786,12.2242,12.22651,0.00,0.00
2016.02.23 18:48:58.837,12.22358,12.22651,0.00,0.00
2016.02.23 18:48:58.938,12.2233,12.22651,0.00,0.00
2016.02.23 18:48:58.999,12.2234,12.22651,0.00,0.00
2016.02.23 18:48:59.500,12.22339,12.22651,0.00,0.00
2016.02.23 18:48:59.852,12.22371,12.22651,0.00,0.00
2016.02.23 18:49:16.117,12.22329,12.22651,0.00,0.00
2016.02.23 18:49:16.168,12.2233,12.22601,0.00,0.00
2016.02.23 18:49:16.269,12.22322,12.22601,0.00,0.00
2016.02.23 18:49:16.529,12.22322,12.2265,0.00,0.00
2016.02.23 18:49:16.580,12.2233,12.22652,0.00,0.00
2016.02.23 18:49:17.111,12.22329,12.22652,0.00,0.00
2016.02.23 18:49:17.519,12.22371,12.22652,0.00,0.00
2016.02.23 18:49:17.620,12.224,12.22702,0.00,0.00
2016.02.23 18:49:17.721,12.22371,12.227,0.00,0.00
2016.02.23 18:49:17.822,12.22371,12.22651,0.00,0.00
2016.02.23 18:49:35.257,12.22471,12.22651,0.00,0.00
2016.02.23 18:49:35.426,12.22471,12.22752,0.00,0.00
2016.02.23 18:49:35.975,12.22471,12.22801,0.00,0.00
2016.02.23 18:49:36.077,12.22489,12.22801,0.00,0.00
2016.02.23 18:49:36.178,12.2248,12.22801,0.00,0.00
2016.02.23 18:49:36.684,12.22522,12.22801,0.00,0.00
2016.02.23 18:49:36.958,12.2253,12.22852,0.00,0.00
2016.02.23 18:49:37.538,12.22529,12.22852,0.00,0.00
2016.02.23 18:49:38.038,12.22571,12.22852,0.00,0.00
2016.02.23 18:49:50.258,12.2253,12.22852,0.00,0.00
2016.02.23 18:49:50.311,12.22521,12.22802,0.00,0.00
2016.02.23 18:49:50.650,12.22521,12.22752,0.00,0.00
2016.02.23 18:49:51.690,12.22471,12.22752,0.00,0.00
2016.02.23 18:49:58.788,12.22522,12.22752,0.00,0.00
2016.02.23 18:49:58.889,12.22522,12.22802,0.00,0.00
2016.02.23 18:50:02.866,12.22471,12.228,0.00,0.00
2016.02.23 18:50:02.967,12.22471,12.22752,0.00,0.00
2016.02.23 18:50:03.269,12.22471,12.22801,0.00,0.00
2016.02.23 18:50:04.026,12.22471,12.22752,0.00,0.00
2016.02.23 18:50:04.346,12.22522,12.22802,0.00,0.00
2016.02.23 18:50:07.041,12.22522,12.22752,0.00,0.00
2016.02.23 18:50:07.274,12.2242,12.22752,0.00,0.00
2016.02.23 18:50:08.166,12.22419,12.22752,0.00,0.00
2016.02.23 18:50:08.668,12.2242,12.22752,0.00,0.00
2016.02.23 18:50:08.868,12.22472,12.22752,0.00,0.00
2016.02.23 18:50:10.646,12.22472,12.22701,0.00,0.00
2016.02.23 18:50:10.697,12.22421,12.22701,0.00,0.00
2016.02.23 18:50:10.855,12.22421,12.22651,0.00,0.00
2016.02.23 18:50:11.971,12.22372,12.22651,0.00,0.00
2016.02.23 18:50:19.904,12.22421,12.22651,0.00,0.00
2016.02.23 18:50:20.005,12.22421,12.22701,0.00,0.00
2016.02.23 18:50:20.105,12.22429,12.22751,0.00,0.00
2016.02.23 18:50:20.207,12.22421,12.22702,0.00,0.00
2016.02.23 18:50:24.323,12.22421,12.22751,0.00,0.00
2016.02.23 18:50:24.374,12.22471,12.22752,0.00,0.00
2016.02.23 18:50:30.904,12.22429,12.22752,0.00,0.00
2016.02.23 18:50:30.955,12.22421,12.2275,0.00,0.00
2016.02.23 18:50:31.006,12.22421,12.22702,0.00,0.00
2016.02.23 18:50:33.099,12.22471,12.22702,0.00,0.00
2016.02.23 18:50:33.200,12.22471,12.22752,0.00,0.00
2016.02.23 18:50:35.287,12.22521,12.22752,0.00,0.00
2016.02.23 18:50:35.338,12.22521,12.22802,0.00,0.00
2016.02.23 18:50:38.061,12.22521,12.22752,0.00,0.00
2016.02.23 18:50:38.111,12.22471,12.22752,0.00,0.00
2016.02.23 18:50:38.262,12.22471,12.22802,0.00,0.00
2016.02.23 18:50:39.596,12.22521,12.22802,0.00,0.00
2016.02.23 18:50:52.145,12.22571,12.22802,0.00,0.00
2016.02.23 18:50:52.246,12.22571,12.22851,0.00,0.00
2016.02.23 18:50:57.605,12.22669,12.229,0.00,0.00
2016.02.23 18:50:57.783,12.22669,12.22941,0.00,0.00
2016.02.23 18:50:59.573,12.22669,12.2294,0.00,0.00
2016.02.23 18:51:00.331,12.22669,12.22941,0.00,0.00
2016.02.23 18:51:00.864,12.22669,12.2294,0.00,0.00
2016.02.23 18:51:01.466,12.22669,12.22941,0.00,0.00
2016.02.23 18:51:02.319,12.22669,12.22869,0.00,0.00
2016.02.23 18:51:02.370,12.22568,12.2284,0.00,0.00
2016.02.23 18:51:03.130,12.22569,12.2284,0.00,0.00
2016.02.23 18:51:03.746,12.22569,12.22841,0.00,0.00
2016.02.23 18:51:04.276,12.22569,12.2284,0.00,0.00
2016.02.23 18:51:05.706,12.22569,12.22841,0.00,0.00
2016.02.23 18:51:06.785,12.22569,12.2284,0.00,0.00
2016.02.23 18:51:07.827,12.22569,12.22841,0.00,0.00
2016.02.23 18:51:08.891,12.22569,12.2284,0.00,0.00
2016.02.23 18:51:09.895,12.22569,12.22841,0.00,0.00
2016.02.23 18:51:09.946,12.22519,12.22841,0.00,0.00
2016.02.23 18:51:10.147,12.22568,12.2284,0.00,0.00
2016.02.23 18:51:10.898,12.22568,12.22841,0.00,0.00
2016.02.23 18:51:11.901,12.22568,12.2284,0.00,0.00
2016.02.23 18:51:12.249,12.22568,12.22821,0.00,0.00
2016.02.23 18:51:12.448,12.22568,12.22831,0.00,0.00
2016.02.23 18:51:12.805,12.22568,12.22841,0.00,0.00
2016.02.23 18:51:13.807,12.22568,12.2284,0.00,0.00
2016.02.23 18:51:14.555,12.22568,12.22841,0.00,0.00
2016.02.23 18:51:14.610,12.22569,12.22868,0.00,0.00
2016.02.23 18:51:14.661,12.22618,12.22911,0.00,0.00
2016.02.23 18:51:15.113,12.22668,12.22918,0.00,0.00
2016.02.23 18:51:15.615,12.22668,12.22911,0.00,0.00
2016.02.23 18:51:16.117,12.22668,12.2293,0.00,0.00
2016.02.23 18:51:16.318,12.22668,12.2292,0.00,0.00
2016.02.23 18:51:16.820,12.22668,12.22921,0.00,0.00
2016.02.23 18:51:17.823,12.22668,12.2292,0.00,0.00
2016.02.23 18:51:18.087,12.22618,12.229,0.00,0.00
2016.02.23 18:51:18.627,12.22618,12.22901,0.00,0.00
2016.02.23 18:51:18.827,12.22618,12.22911,0.00,0.00
2016.02.23 18:51:19.328,12.22618,12.2291,0.00,0.00
2016.02.23 18:51:19.830,12.22618,12.22911,0.00,0.00
2016.02.23 18:51:20.633,12.22618,12.2291,0.00,0.00
2016.02.23 18:51:20.935,12.22619,12.22919,0.00,0.00
2016.02.23 18:51:21.035,12.22668,12.2292,0.00,0.00
2016.02.23 18:51:21.570,12.22669,12.22911,0.00,0.00
2016.02.23 18:51:21.985,12.22669,12.229,0.00,0.00
2016.02.23 18:51:22.976,12.22669,12.22901,0.00,0.00
2016.02.23 18:51:23.645,12.22669,12.2293,0.00,0.00
2016.02.23 18:51:24.147,12.22669,12.22931,0.00,0.00
2016.02.23 18:51:24.474,12.22669,12.2294,0.00,0.00
2016.02.23 18:51:25.176,12.22669,12.22941,0.00,0.00
2016.02.23 18:51:26.155,12.22669,12.2294,0.00,0.00
2016.02.23 18:51:26.656,12.22669,12.22941,0.00,0.00
2016.02.23 18:51:27.268,12.22669,12.2294,0.00,0.00
2016.02.23 18:51:27.878,12.22669,12.22941,0.00,0.00
2016.02.23 18:51:28.538,12.22669,12.2294,0.00,0.00
2016.02.23 18:51:29.265,12.22669,12.22941,0.00,0.00
2016.02.23 18:51:30.394,12.22669,12.2294,0.00,0.00
2016.02.23 18:51:30.900,12.22669,12.22941,0.00,0.00
2016.02.23 18:51:32.060,12.22669,12.2294,0.00,0.00
2016.02.23 18:51:32.126,12.2272,12.23,0.00,0.00
2016.02.23 18:51:32.176,12.22768,12.23,0.00,0.00
2016.02.23 18:51:32.364,12.22718,12.23,0.00,0.00
2016.02.23 18:51:32.622,12.22768,12.23001,0.00,0.00
2016.02.23 18:51:33.161,12.22768,12.2299,0.00,0.00
2016.02.23 18:51:33.589,12.22768,12.23021,0.00,0.00
2016.02.23 18:51:34.385,12.22768,12.2302,0.00,0.00
2016.02.23 18:51:35.490,12.22768,12.23021,0.00,0.00
2016.02.23 18:51:36.606,12.22768,12.2302,0.00,0.00
2016.02.23 18:51:37.314,12.22818,12.2302,0.00,0.00
2016.02.23 18:51:37.415,12.22818,12.23111,0.00,0.00
2016.02.23 18:51:37.516,12.22819,12.23101,0.00,0.00
2016.02.23 18:51:37.842,12.22868,12.23101,0.00,0.00
2016.02.23 18:51:38.499,12.22868,12.231,0.00,0.00
2016.02.23 18:51:39.101,12.22868,12.23101,0.00,0.00
2016.02.23 18:51:39.405,12.22868,12.23091,0.00,0.00
2016.02.23 18:51:39.703,12.22868,12.23101,0.00,0.00
2016.02.23 18:51:39.804,12.22868,12.23091,0.00,0.00
2016.02.23 18:51:40.007,12.22868,12.23101,0.00,0.00
2016.02.23 18:51:40.692,12.22868,12.231,0.00,0.00
2016.02.23 18:51:40.807,12.22868,12.23091,0.00,0.00
2016.02.23 18:51:40.908,12.22868,12.23101,0.00,0.00
2016.02.23 18:51:41.410,12.22868,12.23131,0.00,0.00
2016.02.23 18:51:41.532,12.22868,12.2312,0.00,0.00
2016.02.23 18:51:41.833,12.22868,12.2314,0.00,0.00
2016.02.23 18:51:42.349,12.22868,12.23141,0.00,0.00
2016.02.23 18:51:43.620,12.22868,12.2314,0.00,0.00
2016.02.23 18:51:44.220,12.22868,12.23141,0.00,0.00
2016.02.23 18:51:45.907,12.22868,12.23131,0.00,0.00
2016.02.23 18:51:46.956,12.22868,12.2313,0.00,0.00
2016.02.23 18:51:47.836,12.22868,12.2314,0.00,0.00
2016.02.23 18:51:48.137,12.22868,12.23131,0.00,0.00
2016.02.23 18:51:48.476,12.22868,12.2312,0.00,0.00
2016.02.23 18:51:48.913,12.22868,12.23111,0.00,0.00
2016.02.23 18:51:49.040,12.22868,12.23121,0.00,0.00
2016.02.23 18:51:49.646,12.22868,12.2312,0.00,0.00
2016.02.23 18:51:49.746,12.22868,12.23111,0.00,0.00
2016.02.23 18:51:50.152,12.22868,12.231,0.00,0.00
2016.02.23 18:51:50.253,12.22868,12.23141,0.00,0.00
2016.02.23 18:51:51.263,12.22868,12.2314,0.00,0.00
2016.02.23 18:51:52.172,12.22868,12.23141,0.00,0.00
2016.02.23 18:51:53.280,12.22868,12.2314,0.00,0.00
2016.02.23 18:51:53.824,12.22868,12.23141,0.00,0.00
2016.02.23 18:51:54.412,12.22868,12.2314,0.00,0.00
2016.02.23 18:51:55.011,12.22868,12.23141,0.00,0.00
2016.02.23 18:51:55.636,12.22868,12.2314,0.00,0.00
2016.02.23 18:51:56.402,12.22868,12.23141,0.00,0.00
2016.02.23 18:51:57.206,12.22868,12.23121,0.00,0.00
2016.02.23 18:51:57.807,12.22868,12.2312,0.00,0.00
2016.02.23 18:51:58.121,12.22868,12.23131,0.00,0.00
2016.02.23 18:51:58.309,12.22868,12.23121,0.00,0.00
2016.02.23 18:51:58.710,12.22868,12.23131,0.00,0.00
2016.02.23 18:51:59.312,12.22868,12.2313,0.00,0.00
2016.02.23 18:51:59.832,12.22868,12.23141,0.00,0.00
2016.02.23 18:52:00.022,12.22918,12.23181,0.00,0.00
2016.02.23 18:52:00.123,12.2292,12.2321,0.00,0.00
2016.02.23 18:52:00.431,12.2292,12.232,0.00,0.00
2016.02.23 18:52:00.783,12.22968,12.232,0.00,0.00
2016.02.23 18:52:01.335,12.22968,12.23181,0.00,0.00
2016.02.23 18:52:01.907,12.22968,12.2318,0.00,0.00
2016.02.23 18:52:02.723,12.22968,12.23181,0.00,0.00
2016.02.23 18:52:03.337,12.22968,12.2317,0.00,0.00
2016.02.23 18:52:03.426,12.22968,12.2318,0.00,0.00
2016.02.23 18:52:03.728,12.22968,12.23171,0.00,0.00
2016.02.23 18:52:03.829,12.22968,12.2318,0.00,0.00
2016.02.23 18:52:03.930,12.22968,12.2319,0.00,0.00
2016.02.23 18:52:04.230,12.22968,12.2318,0.00,0.00
2016.02.23 18:52:05.065,12.22968,12.23181,0.00,0.00
2016.02.23 18:52:05.320,12.22919,12.2314,0.00,0.00
2016.02.23 18:52:05.386,12.22919,12.23161,0.00,0.00
2016.02.23 18:52:05.590,12.22919,12.23111,0.00,0.00
2016.02.23 18:52:05.741,12.22868,12.23111,0.00,0.00
2016.02.23 18:52:05.792,12.22868,12.231,0.00,0.00
2016.02.23 18:52:05.893,12.22868,12.23111,0.00,0.00
2016.02.23 18:52:05.994,12.22868,12.23141,0.00,0.00
2016.02.23 18:52:06.278,12.22868,12.23101,0.00,0.00
2016.02.23 18:52:06.854,12.22868,12.2311,0.00,0.00
2016.02.23 18:52:07.296,12.22868,12.231,0.00,0.00
2016.02.23 18:52:07.498,12.22868,12.2311,0.00,0.00
2016.02.23 18:52:08.025,12.22868,12.231,0.00,0.00
2016.02.23 18:52:08.226,12.22768,12.23031,0.00,0.00
2016.02.23 18:52:08.277,12.22768,12.2302,0.00,0.00
2016.02.23 18:52:08.694,12.22768,12.23031,0.00,0.00
2016.02.23 18:52:09.163,12.22768,12.23021,0.00,0.00
2016.02.23 18:52:09.664,12.22768,12.2302,0.00,0.00
2016.02.23 18:52:09.714,12.22768,12.2304,0.00,0.00
2016.02.23 18:52:09.765,12.22818,12.2304,0.00,0.00
2016.02.23 18:52:09.866,12.22818,12.23069,0.00,0.00
2016.02.23 18:52:10.114,12.22868,12.23088,0.00,0.00
2016.02.23 18:52:10.164,12.22868,12.2309,0.00,0.00
2016.02.23 18:52:10.215,12.22868,12.23121,0.00,0.00
2016.02.23 18:52:10.723,12.22868,12.2312,0.00,0.00
2016.02.23 18:52:11.199,12.22868,12.2314,0.00,0.00
2016.02.23 18:52:11.400,12.22868,12.2313,0.00,0.00
2016.02.23 18:52:11.935,12.22868,12.23131,0.00,0.00
2016.02.23 18:52:12.778,12.22868,12.2313,0.00,0.00
2016.02.23 18:52:13.174,12.22918,12.23131,0.00,0.00
2016.02.23 18:52:13.436,12.22868,12.2311,0.00,0.00
2016.02.23 18:52:13.487,12.22868,12.23121,0.00,0.00
2016.02.23 18:52:13.905,12.22868,12.23111,0.00,0.00
2016.02.23 18:52:14.057,12.22821,12.2311,0.00,0.00
2016.02.23 18:52:14.208,12.22818,12.2305,0.00,0.00
2016.02.23 18:52:14.308,12.22818,12.2309,0.00,0.00
2016.02.23 18:52:14.886,12.22818,12.23091,0.00,0.00
2016.02.23 18:52:15.511,12.22818,12.231,0.00,0.00
2016.02.23 18:52:16.012,12.22818,12.2312,0.00,0.00
2016.02.23 18:52:16.063,12.22868,12.2312,0.00,0.00
2016.02.23 18:52:16.593,12.22868,12.23131,0.00,0.00
2016.02.23 18:52:17.195,12.22868,12.2313,0.00,0.00
2016.02.23 18:52:17.705,12.22868,12.23131,0.00,0.00
2016.02.23 18:52:18.269,12.22868,12.2313,0.00,0.00
2016.02.23 18:52:18.801,12.22868,12.23131,0.00,0.00
2016.02.23 18:52:19.919,12.22868,12.23121,0.00,0.00
2016.02.23 18:52:20.470,12.22868,12.2312,0.00,0.00
2016.02.23 18:52:21.020,12.22868,12.23091,0.00,0.00
2016.02.23 18:52:21.071,12.22819,12.23071,0.00,0.00
2016.02.23 18:52:21.122,12.22819,12.23091,0.00,0.00
2016.02.23 18:52:21.713,12.22819,12.2309,0.00,0.00
2016.02.23 18:52:22.253,12.22819,12.23091,0.00,0.00
2016.02.23 18:52:22.315,12.22819,12.231,0.00,0.00
2016.02.23 18:52:22.416,12.22869,12.23121,0.00,0.00
2016.02.23 18:52:22.711,12.22869,12.23131,0.00,0.00
2016.02.23 18:52:23.552,12.22869,12.2312,0.00,0.00
2016.02.23 18:52:24.021,12.22869,12.23111,0.00,0.00
2016.02.23 18:52:24.735,12.22869,12.2311,0.00,0.00
2016.02.23 18:52:25.124,12.22869,12.2312,0.00,0.00
2016.02.23 18:52:25.651,12.22869,12.23121,0.00,0.00
2016.02.23 18:52:26.632,12.22869,12.23111,0.00,0.00
2016.02.23 18:52:26.998,12.22768,12.23041,0.00,0.00
2016.02.23 18:52:27.235,12.22768,12.23021,0.00,0.00
2016.02.23 18:52:27.375,12.22768,12.2303,0.00,0.00
2016.02.23 18:52:27.984,12.22768,12.23031,0.00,0.00
2016.02.23 18:52:28.695,12.22768,12.23021,0.00,0.00
2016.02.23 18:52:28.796,12.22719,12.23021,0.00,0.00
2016.02.23 18:52:28.947,12.22769,12.2303,0.00,0.00
2016.02.23 18:52:29.990,12.22769,12.2304,0.00,0.00
2016.02.23 18:52:30.552,12.22769,12.23041,0.00,0.00
2016.02.23 18:52:32.863,12.22769,12.2304,0.00,0.00
2016.02.23 18:52:33.453,12.22769,12.23041,0.00,0.00
2016.02.23 18:52:34.869,12.22769,12.2304,0.00,0.00
2016.02.23 18:52:35.429,12.22769,12.23041,0.00,0.00
2016.02.23 18:52:35.973,12.22769,12.2304,0.00,0.00
2016.02.23 18:52:36.474,12.22769,12.23041,0.00,0.00
2016.02.23 18:52:37.083,12.22769,12.2304,0.00,0.00
2016.02.23 18:52:37.633,12.22769,12.23041,0.00,0.00
2016.02.23 18:52:38.381,12.22769,12.2304,0.00,0.00
2016.02.23 18:52:39.094,12.22769,12.23041,0.00,0.00
2016.02.23 18:52:39.794,12.22769,12.2304,0.00,0.00
2016.02.23 18:52:40.296,12.22769,12.23041,0.00,0.00
2016.02.23 18:52:41.444,12.22769,12.2304,0.00,0.00
2016.02.23 18:52:41.995,12.22769,12.23041,0.00,0.00
2016.02.23 18:52:43.098,12.22818,12.23041,0.00,0.00
2016.02.23 18:52:43.199,12.22819,12.23118,0.00,0.00
2016.02.23 18:52:43.318,12.22868,12.23118,0.00,0.00
2016.02.23 18:52:44.423,12.22868,12.23141,0.00,0.00
2016.02.23 18:52:45.307,12.22868,12.2314,0.00,0.00
2016.02.23 18:52:46.310,12.22868,12.23141,0.00,0.00
2016.02.23 18:52:46.812,12.22868,12.2314,0.00,0.00
2016.02.23 18:52:47.124,12.22868,12.231,0.00,0.00
2016.02.23 18:52:47.796,12.22868,12.23101,0.00,0.00
2016.02.23 18:52:47.956,12.22719,12.23041,0.00,0.00
2016.02.23 18:52:48.057,12.22768,12.2304,0.00,0.00
2016.02.23 18:52:48.376,12.22768,12.23031,0.00,0.00
2016.02.23 18:52:48.813,12.22719,12.23031,0.00,0.00
2016.02.23 18:52:48.863,12.22719,12.23011,0.00,0.00
2016.02.23 18:52:48.964,12.22719,12.23018,0.00,0.00
2016.02.23 18:52:49.065,12.22768,12.23018,0.00,0.00
2016.02.23 18:52:50.274,12.22768,12.23041,0.00,0.00
2016.02.23 18:52:51.484,12.22768,12.2304,0.00,0.00
2016.02.23 18:52:52.532,12.22768,12.23041,0.00,0.00
2016.02.23 18:52:53.080,12.22768,12.2304,0.00,0.00
2016.02.23 18:52:53.635,12.22768,12.23041,0.00,0.00
2016.02.23 18:52:55.242,12.22768,12.2304,0.00,0.00
2016.02.23 18:52:56.346,12.22768,12.23041,0.00,0.00
2016.02.23 18:52:56.913,12.22768,12.2304,0.00,0.00
2016.02.23 18:52:57.445,12.22768,12.23041,0.00,0.00
2016.02.23 18:52:58.783,12.22768,12.2304,0.00,0.00
2016.02.23 18:52:59.294,12.22768,12.23041,0.00,0.00
2016.02.23 18:53:00.288,12.22819,12.23041,0.00,0.00
2016.02.23 18:53:00.339,12.22819,12.2307,0.00,0.00
2016.02.23 18:53:00.389,12.22868,12.2307,0.00,0.00
2016.02.23 18:53:00.440,12.22868,12.23119,0.00,0.00
2016.02.23 18:53:01.639,12.22868,12.23131,0.00,0.00
2016.02.23 18:53:02.212,12.22868,12.2313,0.00,0.00
2016.02.23 18:53:02.798,12.22868,12.23121,0.00,0.00
2016.02.23 18:53:03.833,12.22868,12.2312,0.00,0.00
2016.02.23 18:53:04.355,12.22868,12.23121,0.00,0.00
2016.02.23 18:53:05.356,12.22868,12.2312,0.00,0.00
2016.02.23 18:53:05.759,12.22868,12.23111,0.00,0.00
2016.02.23 18:53:06.061,12.22818,12.23041,0.00,0.00
2016.02.23 18:53:06.226,12.22768,12.2304,0.00,0.00
2016.02.23 18:53:07.046,12.22768,12.23041,0.00,0.00
2016.02.23 18:53:07.643,12.22768,12.2304,0.00,0.00
2016.02.23 18:53:09.756,12.22768,12.23041,0.00,0.00
2016.02.23 18:53:10.304,12.22819,12.23118,0.00,0.00
2016.02.23 18:53:10.418,12.22868,12.23118,0.00,0.00
2016.02.23 18:53:11.548,12.22868,12.23141,0.00,0.00
2016.02.23 18:53:12.292,12.22868,12.22969,0.00,0.00
2016.02.23 18:53:12.393,12.22768,12.22969,0.00,0.00
2016.02.23 18:53:12.950,12.22768,12.23041,0.00,0.00
2016.02.23 18:53:13.471,12.22768,12.2304,0.00,0.00
2016.02.23 18:53:14.209,12.22868,12.2304,0.00,0.00
2016.02.23 18:53:14.260,12.22868,12.23121,0.00,0.00
2016.02.23 18:53:14.598,12.22868,12.23131,0.00,0.00
2016.02.23 18:53:15.155,12.22868,12.2313,0.00,0.00
2016.02.23 18:53:15.697,12.22868,12.23131,0.00,0.00
2016.02.23 18:53:16.449,12.22868,12.2313,0.00,0.00
2016.02.23 18:53:17.116,12.22868,12.23131,0.00,0.00
2016.02.23 18:53:17.655,12.22868,12.2313,0.00,0.00
2016.02.23 18:53:18.605,12.22868,12.23131,0.00,0.00
2016.02.23 18:53:19.168,12.22868,12.2313,0.00,0.00
2016.02.23 18:53:20.079,12.22868,12.23131,0.00,0.00
2016.02.23 18:53:21.087,12.22868,12.2313,0.00,0.00
2016.02.23 18:53:21.676,12.22868,12.23131,0.00,0.00
2016.02.23 18:53:22.696,12.22868,12.2313,0.00,0.00
2016.02.23 18:53:23.310,12.22868,12.23131,0.00,0.00
2016.02.23 18:53:23.856,12.22868,12.2313,0.00,0.00
2016.02.23 18:53:24.533,12.22868,12.23131,0.00,0.00
2016.02.23 18:53:24.815,12.22868,12.23141,0.00,0.00
2016.02.23 18:53:25.518,12.22868,12.2314,0.00,0.00
2016.02.23 18:53:26.297,12.22868,12.23141,0.00,0.00
2016.02.23 18:53:26.813,12.22868,12.2314,0.00,0.00
2016.02.23 18:53:27.401,12.22868,12.23141,0.00,0.00
2016.02.23 18:53:28.107,12.22868,12.2314,0.00,0.00
2016.02.23 18:53:28.634,12.22868,12.23141,0.00,0.00
2016.02.23 18:53:29.306,12.22868,12.2314,0.00,0.00
2016.02.23 18:53:29.930,12.22868,12.23141,0.00,0.00
2016.02.23 18:53:30.449,12.22868,12.2314,0.00,0.00
2016.02.23 18:53:30.711,12.22868,12.2313,0.00,0.00
2016.02.23 18:53:31.112,12.22868,12.23121,0.00,0.00
2016.02.23 18:53:31.763,12.22868,12.2312,0.00,0.00
2016.02.23 18:53:32.818,12.22868,12.23121,0.00,0.00
2016.02.23 18:53:33.620,12.22868,12.2313,0.00,0.00
2016.02.23 18:53:33.721,12.22868,12.2314,0.00,0.00
2016.02.23 18:53:34.072,12.22868,12.23118,0.00,0.00
2016.02.23 18:53:34.123,12.22818,12.2307,0.00,0.00
2016.02.23 18:53:34.224,12.22868,12.23071,0.00,0.00
2016.02.23 18:53:34.324,12.22868,12.23111,0.00,0.00
2016.02.23 18:53:34.866,12.22868,12.2311,0.00,0.00
2016.02.23 18:53:35.829,12.22868,12.23111,0.00,0.00
2016.02.23 18:53:36.166,12.22868,12.23101,0.00,0.00
2016.02.23 18:53:36.217,12.22818,12.23101,0.00,0.00
2016.02.23 18:53:37.235,12.22818,12.231,0.00,0.00
2016.02.23 18:53:38.139,12.22818,12.23101,0.00,0.00
2016.02.23 18:53:38.686,12.22818,12.231,0.00,0.00
2016.02.23 18:53:39.294,12.22818,12.23101,0.00,0.00
2016.02.23 18:53:39.817,12.22818,12.231,0.00,0.00
2016.02.23 18:53:40.425,12.22818,12.23101,0.00,0.00
2016.02.23 18:53:41.659,12.22818,12.231,0.00,0.00
2016.02.23 18:53:42.161,12.22818,12.23101,0.00,0.00
2016.02.23 18:53:42.273,12.22868,12.23119,0.00,0.00
2016.02.23 18:53:42.374,12.22868,12.23121,0.00,0.00
2016.02.23 18:53:42.475,12.22819,12.2306,0.00,0.00
2016.02.23 18:53:42.974,12.22819,12.23111,0.00,0.00
2016.02.23 18:53:43.226,12.22819,12.23101,0.00,0.00
2016.02.23 18:53:44.106,12.22819,12.231,0.00,0.00
2016.02.23 18:53:44.716,12.22819,12.23101,0.00,0.00
2016.02.23 18:53:45.259,12.22819,12.231,0.00,0.00
2016.02.23 18:53:46.042,12.22819,12.23101,0.00,0.00
2016.02.23 18:53:46.578,12.22819,12.231,0.00,0.00
2016.02.23 18:53:47.383,12.22819,12.23111,0.00,0.00
2016.02.23 18:53:47.434,12.22868,12.23111,0.00,0.00
2016.02.23 18:53:47.484,12.22868,12.23141,0.00,0.00
2016.02.23 18:53:48.023,12.22868,12.2314,0.00,0.00
2016.02.23 18:53:49.087,12.22868,12.23141,0.00,0.00
2016.02.23 18:53:49.538,12.22819,12.23141,0.00,0.00
2016.02.23 18:53:49.589,12.22819,12.23101,0.00,0.00
2016.02.23 18:53:50.308,12.22819,12.231,0.00,0.00
2016.02.23 18:53:50.492,12.22819,12.2311,0.00,0.00
2016.02.23 18:53:51.094,12.22819,12.23111,0.00,0.00
2016.02.23 18:53:51.748,12.22819,12.2311,0.00,0.00
2016.02.23 18:53:52.260,12.22818,12.23111,0.00,0.00
2016.02.23 18:53:52.840,12.22868,12.2313,0.00,0.00
2016.02.23 18:53:53.261,12.22818,12.23061,0.00,0.00
2016.02.23 18:53:54.507,12.22818,12.2306,0.00,0.00
2016.02.23 18:53:55.210,12.22818,12.23061,0.00,0.00
2016.02.23 18:53:57.117,12.22818,12.2306,0.00,0.00
2016.02.23 18:53:57.358,12.22818,12.23101,0.00,0.00
2016.02.23 18:53:57.861,12.22818,12.231,0.00,0.00
2016.02.23 18:53:58.460,12.22818,12.23101,0.00,0.00
2016.02.23 18:53:59.453,12.22818,12.231,0.00,0.00
2016.02.23 18:54:00.328,12.22818,12.23101,0.00,0.00
2016.02.23 18:54:00.832,12.22818,12.231,0.00,0.00
2016.02.23 18:54:01.341,12.22818,12.23101,0.00,0.00
2016.02.23 18:54:01.842,12.22818,12.231,0.00,0.00
2016.02.23 18:54:02.345,12.22818,12.23101,0.00,0.00
2016.02.23 18:54:02.882,12.22818,12.231,0.00,0.00
2016.02.23 18:54:03.552,12.22818,12.23101,0.00,0.00
2016.02.23 18:54:04.351,12.22818,12.231,0.00,0.00
2016.02.23 18:54:04.853,12.22818,12.23101,0.00,0.00
2016.02.23 18:54:05.856,12.22818,12.231,0.00,0.00
2016.02.23 18:54:06.358,12.22818,12.23101,0.00,0.00
2016.02.23 18:54:06.965,12.22818,12.231,0.00,0.00
2016.02.23 18:54:07.502,12.22818,12.23101,0.00,0.00
2016.02.23 18:54:08.467,12.22818,12.231,0.00,0.00
2016.02.23 18:54:08.992,12.22818,12.23101,0.00,0.00
2016.02.23 18:54:09.701,12.22818,12.231,0.00,0.00
2016.02.23 18:54:10.265,12.22818,12.23101,0.00,0.00
2016.02.23 18:54:11.389,12.22819,12.23119,0.00,0.00
2016.02.23 18:54:11.439,12.22868,12.23121,0.00,0.00
2016.02.23 18:54:11.917,12.22868,12.23141,0.00,0.00
2016.02.23 18:54:11.978,12.22819,12.23141,0.00,0.00
2016.02.23 18:54:12.029,12.22819,12.2304,0.00,0.00
2016.02.23 18:54:12.180,12.22768,12.23041,0.00,0.00
2016.02.23 18:54:12.399,12.22818,12.23069,0.00,0.00
2016.02.23 18:54:13.508,12.22818,12.2309,0.00,0.00
2016.02.23 18:54:13.827,12.22818,12.23101,0.00,0.00
2016.02.23 18:54:14.434,12.22818,12.231,0.00,0.00
2016.02.23 18:54:15.318,12.22818,12.23101,0.00,0.00
2016.02.23 18:54:16.392,12.22818,12.231,0.00,0.00
2016.02.23 18:54:16.895,12.22818,12.23101,0.00,0.00
2016.02.23 18:54:17.396,12.22818,12.231,0.00,0.00
2016.02.23 18:54:17.897,12.22818,12.23101,0.00,0.00
2016.02.23 18:54:18.399,12.22818,12.231,0.00,0.00
2016.02.23 18:54:18.900,12.22818,12.23101,0.00,0.00
2016.02.23 18:54:19.848,12.22818,12.231,0.00,0.00
2016.02.23 18:54:20.367,12.22818,12.23101,0.00,0.00
2016.02.23 18:54:20.888,12.22818,12.231,0.00,0.00
2016.02.23 18:54:21.413,12.22818,12.23101,0.00,0.00
2016.02.23 18:54:21.565,12.22868,12.23101,0.00,0.00
2016.02.23 18:54:21.615,12.22868,12.2311,0.00,0.00
2016.02.23 18:54:22.117,12.22868,12.23111,0.00,0.00
2016.02.23 18:54:22.630,12.22868,12.2311,0.00,0.00
2016.02.23 18:54:22.781,12.22819,12.23111,0.00,0.00
2016.02.23 18:54:22.832,12.22819,12.231,0.00,0.00
2016.02.23 18:54:23.833,12.22819,12.23101,0.00,0.00
2016.02.23 18:54:24.627,12.22819,12.231,0.00,0.00
2016.02.23 18:54:25.221,12.22819,12.23101,0.00,0.00
2016.02.23 18:54:27.368,12.22819,12.231,0.00,0.00
2016.02.23 18:54:27.977,12.22819,12.23101,0.00,0.00
2016.02.23 18:54:29.391,12.22819,12.231,0.00,0.00
2016.02.23 18:54:29.442,12.2277,12.231,0.00,0.00
2016.02.23 18:54:29.493,12.22768,12.23041,0.00,0.00
2016.02.23 18:54:29.744,12.22769,12.23069,0.00,0.00
2016.02.23 18:54:29.909,12.22818,12.23069,0.00,0.00
2016.02.23 18:54:30.849,12.22818,12.2308,0.00,0.00
2016.02.23 18:54:31.399,12.22818,12.23081,0.00,0.00
2016.02.23 18:54:32.156,12.22818,12.231,0.00,0.00
2016.02.23 18:54:32.710,12.22818,12.23101,0.00,0.00
2016.02.23 18:54:34.163,12.22818,12.231,0.00,0.00
2016.02.23 18:54:34.681,12.22818,12.23101,0.00,0.00
2016.02.23 18:54:35.391,12.22818,12.231,0.00,0.00
2016.02.23 18:54:35.941,12.22818,12.23101,0.00,0.00
2016.02.23 18:54:36.660,12.22818,12.231,0.00,0.00
2016.02.23 18:54:37.313,12.22818,12.23101,0.00,0.00
2016.02.23 18:54:37.464,12.22818,12.23069,0.00,0.00
2016.02.23 18:54:37.515,12.22768,12.23041,0.00,0.00
2016.02.23 18:54:38.487,12.22768,12.2304,0.00,0.00
2016.02.23 18:54:39.086,12.22768,12.23041,0.00,0.00
2016.02.23 18:54:39.758,12.22768,12.2304,0.00,0.00
2016.02.23 18:54:40.490,12.22768,12.23041,0.00,0.00
2016.02.23 18:54:40.991,12.22768,12.2304,0.00,0.00
2016.02.23 18:54:41.842,12.22768,12.23041,0.00,0.00
2016.02.23 18:54:42.496,12.22768,12.2304,0.00,0.00
2016.02.23 18:54:43.199,12.22768,12.23041,0.00,0.00
2016.02.23 18:54:43.801,12.22768,12.2304,0.00,0.00
2016.02.23 18:54:44.303,12.22768,12.23041,0.00,0.00
2016.02.23 18:54:45.424,12.22768,12.2304,0.00,0.00
2016.02.23 18:54:46.335,12.22769,12.23081,0.00,0.00
2016.02.23 18:54:46.386,12.22819,12.23081,0.00,0.00
2016.02.23 18:54:46.437,12.22819,12.23111,0.00,0.00
2016.02.23 18:54:47.023,12.22819,12.2311,0.00,0.00
2016.02.23 18:54:47.562,12.22819,12.23111,0.00,0.00
2016.02.23 18:54:49.420,12.22819,12.2311,0.00,0.00
2016.02.23 18:54:50.122,12.22819,12.231,0.00,0.00
2016.02.23 18:54:50.638,12.22869,12.231,0.00,0.00
2016.02.23 18:54:51.260,12.22869,12.23101,0.00,0.00
2016.02.23 18:54:51.641,12.22869,12.2311,0.00,0.00
2016.02.23 18:54:52.179,12.22869,12.23111,0.00,0.00
2016.02.23 18:54:53.134,12.22869,12.2311,0.00,0.00
2016.02.23 18:54:53.846,12.22869,12.23111,0.00,0.00
2016.02.23 18:54:54.838,12.22869,12.2311,0.00,0.00
2016.02.23 18:54:55.370,12.22869,12.23111,0.00,0.00
2016.02.23 18:54:55.471,12.22869,12.23041,0.00,0.00
2016.02.23 18:54:55.522,12.22768,12.23041,0.00,0.00
2016.02.23 18:54:56.042,12.22768,12.2304,0.00,0.00
2016.02.23 18:54:56.644,12.22768,12.23041,0.00,0.00
2016.02.23 18:54:56.841,12.22818,12.23041,0.00,0.00
2016.02.23 18:54:56.892,12.22818,12.2308,0.00,0.00
2016.02.23 18:54:56.993,12.22818,12.23101,0.00,0.00
2016.02.23 18:54:57.447,12.22818,12.23111,0.00,0.00
2016.02.23 18:54:58.108,12.22818,12.2311,0.00,0.00
2016.02.23 18:54:58.751,12.22818,12.23111,0.00,0.00
2016.02.23 18:54:59.475,12.22818,12.2311,0.00,0.00
2016.02.23 18:55:00.437,12.22818,12.23101,0.00,0.00
2016.02.23 18:55:01.059,12.22818,12.231,0.00,0.00
2016.02.23 18:55:01.562,12.22818,12.23101,0.00,0.00
2016.02.23 18:55:02.179,12.22818,12.231,0.00,0.00
2016.02.23 18:55:03.905,12.22818,12.23101,0.00,0.00
2016.02.23 18:55:05.986,12.22818,12.231,0.00,0.00
2016.02.23 18:55:06.821,12.22818,12.23101,0.00,0.00
2016.02.23 18:55:07.368,12.22818,12.231,0.00,0.00
2016.02.23 18:55:07.996,12.22818,12.23101,0.00,0.00
2016.02.23 18:55:08.737,12.22818,12.231,0.00,0.00
2016.02.23 18:55:09.304,12.22818,12.23101,0.00,0.00
2016.02.23 18:55:10.760,12.22818,12.231,0.00,0.00
2016.02.23 18:55:11.340,12.22818,12.23101,0.00,0.00
2016.02.23 18:55:12.071,12.22818,12.231,0.00,0.00
2016.02.23 18:55:12.830,12.22818,12.23101,0.00,0.00
2016.02.23 18:55:13.333,12.22818,12.231,0.00,0.00
2016.02.23 18:55:13.856,12.22818,12.23101,0.00,0.00
2016.02.23 18:55:15.453,12.22769,12.23101,0.00,0.00
2016.02.23 18:55:15.503,12.22768,12.23069,0.00,0.00
2016.02.23 18:55:15.824,12.22818,12.23069,0.00,0.00
2016.02.23 18:55:16.870,12.22818,12.23081,0.00,0.00
2016.02.23 18:55:19.505,12.22818,12.23101,0.00,0.00
2016.02.23 18:55:21.148,12.22868,12.23101,0.00,0.00
2016.02.23 18:55:21.249,12.22868,12.23111,0.00,0.00
2016.02.23 18:55:21.770,12.22868,12.2311,0.00,0.00
2016.02.23 18:55:21.935,12.22818,12.2307,0.00,0.00
2016.02.23 18:55:22.464,12.22818,12.23071,0.00,0.00
2016.02.23 18:55:24.652,12.22818,12.2307,0.00,0.00
2016.02.23 18:55:25.428,12.22818,12.23071,0.00,0.00
2016.02.23 18:55:26.633,12.22818,12.2307,0.00,0.00
2016.02.23 18:55:27.141,12.22818,12.23071,0.00,0.00
2016.02.23 18:55:27.530,12.22818,12.23101,0.00,0.00
2016.02.23 18:55:28.672,12.22818,12.231,0.00,0.00
2016.02.23 18:55:29.448,12.22818,12.23101,0.00,0.00
2016.02.23 18:55:29.878,12.22819,12.23111,0.00,0.00
2016.02.23 18:55:29.979,12.22868,12.23111,0.00,0.00
2016.02.23 18:55:30.163,12.22818,12.2307,0.00,0.00
2016.02.23 18:55:30.716,12.22818,12.23071,0.00,0.00
2016.02.23 18:55:31.701,12.22769,12.23022,0.00,0.00
2016.02.23 18:55:31.822,12.22668,12.22941,0.00,0.00
2016.02.23 18:55:31.877,12.22668,12.22931,0.00,0.00
2016.02.23 18:55:32.383,12.22668,12.2294,0.00,0.00
2016.02.23 18:55:32.484,12.2262,12.22869,0.00,0.00
2016.02.23 18:55:32.737,12.22569,12.22841,0.00,0.00
2016.02.23 18:55:33.508,12.22569,12.2284,0.00,0.00
2016.02.23 18:55:34.106,12.22569,12.22841,0.00,0.00
2016.02.23 18:55:36.330,12.22569,12.2284,0.00,0.00
2016.02.23 18:55:36.920,12.22569,12.22841,0.00,0.00
2016.02.23 18:55:37.435,12.22569,12.2284,0.00,0.00
2016.02.23 18:55:37.960,12.22569,12.22841,0.00,0.00
2016.02.23 18:55:43.661,12.22569,12.2284,0.00,0.00
2016.02.23 18:55:44.220,12.22569,12.22841,0.00,0.00
2016.02.23 18:55:44.723,12.22569,12.2284,0.00,0.00
2016.02.23 18:55:45.274,12.22569,12.22841,0.00,0.00
2016.02.23 18:55:46.025,12.22618,12.22841,0.00,0.00
2016.02.23 18:55:46.076,12.2262,12.22918,0.00,0.00
2016.02.23 18:55:46.126,12.22668,12.22918,0.00,0.00
2016.02.23 18:55:47.345,12.22668,12.22941,0.00,0.00
2016.02.23 18:55:48.638,12.22668,12.2294,0.00,0.00
2016.02.23 18:55:49.139,12.22668,12.22941,0.00,0.00
2016.02.23 18:55:51.145,12.22668,12.2294,0.00,0.00
2016.02.23 18:55:51.749,12.22669,12.22941,0.00,0.00
2016.02.23 18:55:52.269,12.22669,12.2294,0.00,0.00
2016.02.23 18:55:52.998,12.22669,12.22941,0.00,0.00
2016.02.23 18:55:53.572,12.22669,12.2294,0.00,0.00
2016.02.23 18:55:55.461,12.22669,12.22941,0.00,0.00
2016.02.23 18:55:55.964,12.22669,12.2294,0.00,0.00
2016.02.23 18:55:56.665,12.22669,12.22941,0.00,0.00
2016.02.23 18:55:56.974,12.2267,12.23,0.00,0.00
2016.02.23 18:55:57.024,12.22719,12.23,0.00,0.00
2016.02.23 18:55:57.569,12.22719,12.23001,0.00,0.00
2016.02.23 18:55:58.673,12.22719,12.23,0.00,0.00
2016.02.23 18:55:59.202,12.22719,12.23001,0.00,0.00
2016.02.23 18:55:59.406,12.22719,12.23011,0.00,0.00
2016.02.23 18:56:00.579,12.22719,12.2301,0.00,0.00
2016.02.23 18:56:01.427,12.22719,12.23011,0.00,0.00
2016.02.23 18:56:02.070,12.22719,12.2301,0.00,0.00
2016.02.23 18:56:02.586,12.22719,12.23011,0.00,0.00
2016.02.23 18:56:04.769,12.22719,12.2301,0.00,0.00
2016.02.23 18:56:05.295,12.22719,12.23011,0.00,0.00
2016.02.23 18:56:05.998,12.22719,12.2301,0.00,0.00
2016.02.23 18:56:06.599,12.22719,12.23011,0.00,0.00
2016.02.23 18:56:08.305,12.22719,12.2301,0.00,0.00
2016.02.23 18:56:08.821,12.22719,12.23011,0.00,0.00
2016.02.23 18:56:09.208,12.22719,12.23018,0.00,0.00
2016.02.23 18:56:09.259,12.22868,12.2304,0.00,0.00
2016.02.23 18:56:09.360,12.22818,12.23041,0.00,0.00
2016.02.23 18:56:09.483,12.22818,12.23081,0.00,0.00
2016.02.23 18:56:10.336,12.22818,12.2308,0.00,0.00
2016.02.23 18:56:11.114,12.22818,12.23081,0.00,0.00
2016.02.23 18:56:11.773,12.22818,12.2308,0.00,0.00
2016.02.23 18:56:12.320,12.22818,12.23081,0.00,0.00
2016.02.23 18:56:12.540,12.22768,12.2304,0.00,0.00
2016.02.23 18:56:13.098,12.22768,12.23041,0.00,0.00
2016.02.23 18:56:13.724,12.22768,12.2304,0.00,0.00
2016.02.23 18:56:14.274,12.22768,12.23041,0.00,0.00
2016.02.23 18:56:14.827,12.22768,12.2304,0.00,0.00
2016.02.23 18:56:15.349,12.22768,12.23041,0.00,0.00
2016.02.23 18:56:16.832,12.22768,12.2304,0.00,0.00
2016.02.23 18:56:17.334,12.22768,12.23041,0.00,0.00
2016.02.23 18:56:17.944,12.22768,12.2304,0.00,0.00
2016.02.23 18:56:18.604,12.22768,12.23041,0.00,0.00
2016.02.23 18:56:19.741,12.22768,12.2304,0.00,0.00
2016.02.23 18:56:20.325,12.22768,12.23041,0.00,0.00
2016.02.23 18:56:20.559,12.22768,12.22931,0.00,0.00
2016.02.23 18:56:20.660,12.22668,12.22921,0.00,0.00
2016.02.23 18:56:21.346,12.22668,12.2292,0.00,0.00
2016.02.23 18:56:22.138,12.22668,12.22921,0.00,0.00
2016.02.23 18:56:22.550,12.22668,12.22931,0.00,0.00
2016.02.23 18:56:23.453,12.22668,12.2292,0.00,0.00
2016.02.23 18:56:23.743,12.22619,12.22899,0.00,0.00
2016.02.23 18:56:23.793,12.22619,12.22841,0.00,0.00
2016.02.23 18:56:24.041,12.22568,12.22841,0.00,0.00
2016.02.23 18:56:24.556,12.22568,12.2284,0.00,0.00
2016.02.23 18:56:25.129,12.22568,12.22841,0.00,0.00
2016.02.23 18:56:26.384,12.22568,12.2284,0.00,0.00
2016.02.23 18:56:26.973,12.22568,12.22841,0.00,0.00
2016.02.23 18:56:27.578,12.22568,12.2284,0.00,0.00
2016.02.23 18:56:27.679,12.22568,12.22831,0.00,0.00
2016.02.23 18:56:28.017,12.22568,12.2282,0.00,0.00
2016.02.23 18:56:28.622,12.22568,12.22821,0.00,0.00
2016.02.23 18:56:29.371,12.22568,12.2282,0.00,0.00
2016.02.23 18:56:29.741,12.22568,12.2283,0.00,0.00
2016.02.23 18:56:29.873,12.22568,12.22841,0.00,0.00
2016.02.23 18:56:30.588,12.22568,12.22821,0.00,0.00
2016.02.23 18:56:31.011,12.22568,12.2281,0.00,0.00
2016.02.23 18:56:31.392,12.22568,12.22821,0.00,0.00
2016.02.23 18:56:33.284,12.22568,12.2282,0.00,0.00
2016.02.23 18:56:33.836,12.22568,12.22821,0.00,0.00
2016.02.23 18:56:34.692,12.22568,12.22801,0.00,0.00
2016.02.23 18:56:35.692,12.22568,12.228,0.00,0.00
2016.02.23 18:56:35.978,12.22568,12.22821,0.00,0.00
2016.02.23 18:56:36.230,12.22568,12.22811,0.00,0.00
2016.02.23 18:56:36.775,12.22568,12.2281,0.00,0.00
2016.02.23 18:56:37.835,12.22568,12.22811,0.00,0.00
2016.02.23 18:56:38.802,12.22568,12.2281,0.00,0.00
2016.02.23 18:56:39.386,12.22568,12.22811,0.00,0.00
2016.02.23 18:56:39.847,12.22568,12.22801,0.00,0.00
2016.02.23 18:56:39.898,12.22568,12.2281,0.00,0.00
2016.02.23 18:56:40.407,12.22568,12.22811,0.00,0.00
2016.02.23 18:56:41.109,12.22568,12.22801,0.00,0.00
2016.02.23 18:56:41.444,12.22568,12.2281,0.00,0.00
2016.02.23 18:56:41.687,12.22568,12.22821,0.00,0.00
2016.02.23 18:56:42.113,12.22568,12.22811,0.00,0.00
2016.02.23 18:56:42.841,12.22568,12.2281,0.00,0.00
2016.02.23 18:56:44.030,12.22568,12.22811,0.00,0.00
2016.02.23 18:56:44.933,12.22568,12.2281,0.00,0.00
2016.02.23 18:56:45.133,12.22568,12.22821,0.00,0.00
2016.02.23 18:56:45.635,12.22568,12.22811,0.00,0.00
2016.02.23 18:56:46.177,12.22568,12.2281,0.00,0.00
2016.02.23 18:56:46.775,12.22568,12.22811,0.00,0.00
2016.02.23 18:56:47.547,12.22568,12.2281,0.00,0.00
2016.02.23 18:56:48.205,12.22568,12.22811,0.00,0.00
2016.02.23 18:56:49.247,12.22568,12.2281,0.00,0.00
2016.02.23 18:56:49.753,12.22568,12.22811,0.00,0.00
2016.02.23 18:56:50.354,12.22568,12.2281,0.00,0.00
2016.02.23 18:56:51.253,12.22568,12.22811,0.00,0.00
2016.02.23 18:56:51.755,12.22568,12.2281,0.00,0.00
2016.02.23 18:56:52.357,12.22568,12.22811,0.00,0.00
2016.02.23 18:56:52.862,12.22568,12.2281,0.00,0.00
2016.02.23 18:56:53.365,12.22568,12.22811,0.00,0.00
2016.02.23 18:56:54.212,12.22568,12.2281,0.00,0.00
2016.02.23 18:56:54.881,12.22568,12.22811,0.00,0.00
2016.02.23 18:56:55.888,12.22568,12.2281,0.00,0.00
2016.02.23 18:56:56.292,12.22568,12.2282,0.00,0.00
2016.02.23 18:56:56.827,12.22568,12.2281,0.00,0.00
2016.02.23 18:56:56.878,12.2252,12.2281,0.00,0.00
2016.02.23 18:56:56.929,12.22518,12.22791,0.00,0.00
2016.02.23 18:56:57.442,12.22518,12.2279,0.00,0.00
2016.02.23 18:56:57.543,12.22518,12.228,0.00,0.00
2016.02.23 18:56:58.615,12.22518,12.22801,0.00,0.00
2016.02.23 18:56:59.117,12.22518,12.228,0.00,0.00
2016.02.23 18:56:59.317,12.22518,12.22811,0.00,0.00
2016.02.23 18:57:00.019,12.22518,12.2281,0.00,0.00
2016.02.23 18:57:00.521,12.22518,12.22811,0.00,0.00
2016.02.23 18:57:00.722,12.22518,12.22801,0.00,0.00
2016.02.23 18:57:01.176,12.22469,12.22769,0.00,0.00
2016.02.23 18:57:01.226,12.22469,12.22671,0.00,0.00
2016.02.23 18:57:01.327,12.22469,12.22769,0.00,0.00
2016.02.23 18:57:01.378,12.22569,12.22769,0.00,0.00
2016.02.23 18:57:01.966,12.22569,12.22811,0.00,0.00
2016.02.23 18:57:02.187,12.22569,12.22821,0.00,0.00
2016.02.23 18:57:02.881,12.22569,12.2282,0.00,0.00
2016.02.23 18:57:03.953,12.22569,12.22821,0.00,0.00
2016.02.23 18:57:04.536,12.22569,12.2282,0.00,0.00
2016.02.23 18:57:05.455,12.22569,12.22821,0.00,0.00
2016.02.23 18:57:06.273,12.22569,12.2282,0.00,0.00
2016.02.23 18:57:06.542,12.22569,12.22831,0.00,0.00
2016.02.23 18:57:06.643,12.22569,12.22811,0.00,0.00
2016.02.23 18:57:07.145,12.22569,12.2282,0.00,0.00
2016.02.23 18:57:07.697,12.22569,12.22821,0.00,0.00
2016.02.23 18:57:08.450,12.22569,12.2282,0.00,0.00
2016.02.23 18:57:09.057,12.22569,12.22821,0.00,0.00
2016.02.23 18:57:09.953,12.22569,12.2282,0.00,0.00
2016.02.23 18:57:10.856,12.22569,12.22821,0.00,0.00
2016.02.23 18:57:11.472,12.22569,12.2283,0.00,0.00
2016.02.23 18:57:11.859,12.22569,12.22841,0.00,0.00
2016.02.23 18:57:12.368,12.22569,12.2284,0.00,0.00
2016.02.23 18:57:12.963,12.22569,12.22841,0.00,0.00
2016.02.23 18:57:13.014,12.22519,12.22841,0.00,0.00
2016.02.23 18:57:13.064,12.22519,12.2279,0.00,0.00
2016.02.23 18:57:13.665,12.22519,12.228,0.00,0.00
2016.02.23 18:57:14.768,12.22519,12.22801,0.00,0.00
2016.02.23 18:57:16.774,12.22519,12.228,0.00,0.00
2016.02.23 18:57:17.324,12.22519,12.22801,0.00,0.00
2016.02.23 18:57:17.860,12.22519,12.228,0.00,0.00
2016.02.23 18:57:18.825,12.22519,12.22801,0.00,0.00
2016.02.23 18:57:19.383,12.22519,12.228,0.00,0.00
2016.02.23 18:57:20.069,12.22519,12.22801,0.00,0.00
2016.02.23 18:57:21.743,12.22518,12.22801,0.00,0.00
2016.02.23 18:57:22.972,12.22469,12.22768,0.00,0.00
2016.02.23 18:57:23.022,12.22469,12.2274,0.00,0.00
2016.02.23 18:57:23.123,12.22469,12.22768,0.00,0.00
2016.02.23 18:57:23.370,12.22518,12.22768,0.00,0.00
2016.02.23 18:57:24.340,12.22518,12.2277,0.00,0.00
2016.02.23 18:57:25.135,12.22518,12.22771,0.00,0.00
2016.02.23 18:57:25.741,12.22518,12.2277,0.00,0.00
2016.02.23 18:57:26.962,12.22518,12.22741,0.00,0.00
2016.02.23 18:57:27.013,12.22469,12.22741,0.00,0.00
2016.02.23 18:57:27.554,12.22469,12.2274,0.00,0.00
2016.02.23 18:57:28.088,12.22469,12.22741,0.00,0.00
2016.02.23 18:57:28.139,12.22518,12.22741,0.00,0.00
2016.02.23 18:57:28.189,12.22518,12.22768,0.00,0.00
2016.02.23 18:57:28.240,12.22568,12.22768,0.00,0.00
2016.02.23 18:57:28.290,12.22568,12.228,0.00,0.00
2016.02.23 18:57:28.816,12.22568,12.22801,0.00,0.00
2016.02.23 18:57:29.170,12.22568,12.22821,0.00,0.00
2016.02.23 18:57:29.763,12.22568,12.2282,0.00,0.00
2016.02.23 18:57:30.529,12.22568,12.2283,0.00,0.00
2016.02.23 18:57:30.579,12.22568,12.22819,0.00,0.00
2016.02.23 18:57:30.680,12.22519,12.22801,0.00,0.00
2016.02.23 18:57:31.299,12.22568,12.22801,0.00,0.00
2016.02.23 18:57:31.431,12.22568,12.22819,0.00,0.00
2016.02.23 18:57:31.977,12.22568,12.22821,0.00,0.00
2016.02.23 18:57:33.800,12.22568,12.2282,0.00,0.00
2016.02.23 18:57:34.502,12.22568,12.22821,0.00,0.00
2016.02.23 18:57:34.805,12.22568,12.2281,0.00,0.00
2016.02.23 18:57:35.207,12.22568,12.228,0.00,0.00
2016.02.23 18:57:35.713,12.22568,12.22801,0.00,0.00
2016.02.23 18:57:36.228,12.22568,12.2279,0.00,0.00
2016.02.23 18:57:36.739,12.22568,12.22791,0.00,0.00
2016.02.23 18:57:36.790,12.22568,12.22831,0.00,0.00
2016.02.23 18:57:36.841,12.22568,12.2282,0.00,0.00
2016.02.23 18:57:37.400,12.22568,12.22821,0.00,0.00
2016.02.23 18:57:37.702,12.22568,12.22811,0.00,0.00
2016.02.23 18:57:37.951,12.22568,12.22821,0.00,0.00
2016.02.23 18:57:38.229,12.22568,12.2279,0.00,0.00
2016.02.23 18:57:38.781,12.22568,12.22791,0.00,0.00
2016.02.23 18:57:39.522,12.22568,12.2279,0.00,0.00
2016.02.23 18:57:39.972,12.22568,12.22801,0.00,0.00
2016.02.23 18:57:40.134,12.22568,12.2279,0.00,0.00
2016.02.23 18:57:40.457,12.22568,12.2278,0.00,0.00
2016.02.23 18:57:40.678,12.2252,12.2278,0.00,0.00
2016.02.23 18:57:40.729,12.22518,12.2278,0.00,0.00
2016.02.23 18:57:40.830,12.22518,12.22791,0.00,0.00
2016.02.23 18:57:41.329,12.22518,12.22801,0.00,0.00
2016.02.23 18:57:41.831,12.22518,12.228,0.00,0.00
2016.02.23 18:57:42.344,12.22518,12.22801,0.00,0.00
2016.02.23 18:57:43.352,12.22518,12.228,0.00,0.00
2016.02.23 18:57:44.061,12.22518,12.22801,0.00,0.00
2016.02.23 18:57:44.245,12.22518,12.22741,0.00,0.00
2016.02.23 18:57:44.295,12.22469,12.22741,0.00,0.00
2016.02.23 18:57:44.347,12.22469,12.22769,0.00,0.00
2016.02.23 18:57:44.649,12.22519,12.22769,0.00,0.00
2016.02.23 18:57:45.694,12.22519,12.228,0.00,0.00
2016.02.23 18:57:46.573,12.22519,12.22801,0.00,0.00
2016.02.23 18:57:47.458,12.22519,12.228,0.00,0.00
2016.02.23 18:57:48.260,12.22519,12.22801,0.00,0.00
2016.02.23 18:57:48.962,12.22519,12.228,0.00,0.00
2016.02.23 18:57:49.965,12.22519,12.22801,0.00,0.00
2016.02.23 18:57:50.473,12.22519,12.228,0.00,0.00
2016.02.23 18:57:51.056,12.22519,12.22801,0.00,0.00
2016.02.23 18:57:51.671,12.22519,12.228,0.00,0.00
2016.02.23 18:57:52.172,12.22519,12.22801,0.00,0.00
2016.02.23 18:57:52.706,12.22469,12.22801,0.00,0.00
2016.02.23 18:57:52.758,12.22568,12.22769,0.00,0.00
2016.02.23 18:57:53.278,12.22568,12.2281,0.00,0.00
2016.02.23 18:57:53.376,12.22568,12.22821,0.00,0.00
2016.02.23 18:57:53.478,12.22568,12.2281,0.00,0.00
2016.02.23 18:57:54.178,12.22568,12.22811,0.00,0.00
2016.02.23 18:57:54.680,12.22568,12.2282,0.00,0.00
2016.02.23 18:57:55.782,12.22568,12.22821,0.00,0.00
2016.02.23 18:57:55.883,12.22568,12.22811,0.00,0.00
2016.02.23 18:57:56.133,12.22568,12.22831,0.00,0.00
2016.02.23 18:57:56.599,12.22519,12.22831,0.00,0.00
2016.02.23 18:57:56.855,12.22469,12.2274,0.00,0.00
2016.02.23 18:57:57.226,12.22469,12.22761,0.00,0.00
2016.02.23 18:57:57.277,12.22518,12.22761,0.00,0.00
2016.02.23 18:57:57.341,12.22518,12.22791,0.00,0.00
2016.02.23 18:57:57.508,12.22469,12.22741,0.00,0.00
2016.02.23 18:57:57.618,12.2247,12.228,0.00,0.00
2016.02.23 18:57:57.728,12.22468,12.22771,0.00,0.00
2016.02.23 18:57:58.215,12.22518,12.22791,0.00,0.00
2016.02.23 18:57:58.266,12.22518,12.22801,0.00,0.00
2016.02.23 18:58:00.010,12.22518,12.228,0.00,0.00
2016.02.23 18:58:00.606,12.22518,12.22801,0.00,0.00
2016.02.23 18:58:01.280,12.22518,12.228,0.00,0.00
2016.02.23 18:58:01.910,12.22518,12.22801,0.00,0.00
2016.02.23 18:58:02.613,12.22518,12.228,0.00,0.00
2016.02.23 18:58:03.388,12.22518,12.22801,0.00,0.00
2016.02.23 18:58:04.318,12.22518,12.228,0.00,0.00
2016.02.23 18:58:05.922,12.22518,12.22801,0.00,0.00
2016.02.23 18:58:06.448,12.22518,12.228,0.00,0.00
2016.02.23 18:58:07.928,12.22518,12.22801,0.00,0.00
2016.02.23 18:58:08.430,12.22518,12.228,0.00,0.00
2016.02.23 18:58:08.931,12.22518,12.22801,0.00,0.00
2016.02.23 18:58:09.434,12.22518,12.228,0.00,0.00
2016.02.23 18:58:09.935,12.22518,12.22801,0.00,0.00
2016.02.23 18:58:10.537,12.22518,12.228,0.00,0.00
2016.02.23 18:58:11.353,12.22518,12.22801,0.00,0.00
2016.02.23 18:58:12.456,12.22518,12.228,0.00,0.00
2016.02.23 18:58:13.144,12.22518,12.22801,0.00,0.00
2016.02.23 18:58:13.775,12.22518,12.228,0.00,0.00
2016.02.23 18:58:14.283,12.22518,12.22801,0.00,0.00
2016.02.23 18:58:15.451,12.22518,12.228,0.00,0.00
2016.02.23 18:58:15.952,12.22518,12.22801,0.00,0.00
2016.02.23 18:58:16.554,12.22518,12.228,0.00,0.00
2016.02.23 18:58:17.081,12.22518,12.22801,0.00,0.00
2016.02.23 18:58:17.758,12.22518,12.228,0.00,0.00
2016.02.23 18:58:18.575,12.22518,12.22801,0.00,0.00
2016.02.23 18:58:19.363,12.22518,12.228,0.00,0.00
2016.02.23 18:58:20.092,12.22518,12.22801,0.00,0.00
2016.02.23 18:58:20.867,12.22518,12.228,0.00,0.00
2016.02.23 18:58:21.497,12.22518,12.22801,0.00,0.00
2016.02.23 18:58:22.372,12.22518,12.228,0.00,0.00
2016.02.23 18:58:22.873,12.22518,12.22801,0.00,0.00
2016.02.23 18:58:23.375,12.22518,12.228,0.00,0.00
2016.02.23 18:58:23.977,12.22518,12.22801,0.00,0.00
2016.02.23 18:58:26.387,12.22518,12.228,0.00,0.00
2016.02.23 18:58:26.891,12.22518,12.22801,0.00,0.00
2016.02.23 18:58:27.002,12.22498,12.22741,0.00,0.00
2016.02.23 18:58:27.536,12.22498,12.2274,0.00,0.00
2016.02.23 18:58:28.286,12.22549,12.2274,0.00,0.00
2016.02.23 18:58:28.336,12.22549,12.22761,0.00,0.00
2016.02.23 18:58:28.438,12.22549,12.22771,0.00,0.00
2016.02.23 18:58:29.005,12.22549,12.2277,0.00,0.00
2016.02.23 18:58:29.507,12.22549,12.22771,0.00,0.00
2016.02.23 18:58:30.014,12.22549,12.22768,0.00,0.00
2016.02.23 18:58:30.065,12.22498,12.22741,0.00,0.00
2016.02.23 18:58:30.285,12.22548,12.2274,0.00,0.00
2016.02.23 18:58:30.335,12.22548,12.22768,0.00,0.00
2016.02.23 18:58:31.399,12.22548,12.22781,0.00,0.00
2016.02.23 18:58:31.930,12.22548,12.2278,0.00,0.00
2016.02.23 18:58:32.255,12.22548,12.2279,0.00,0.00
2016.02.23 18:58:32.441,12.22548,12.228,0.00,0.00
2016.02.23 18:58:32.945,12.22548,12.22801,0.00,0.00
2016.02.23 18:58:33.250,12.22548,12.22791,0.00,0.00
2016.02.23 18:58:33.351,12.22548,12.228,0.00,0.00
2016.02.23 18:58:34.075,12.22548,12.22801,0.00,0.00
2016.02.23 18:58:35.878,12.22548,12.22791,0.00,0.00
2016.02.23 18:58:36.436,12.22548,12.2279,0.00,0.00
2016.02.23 18:58:37.452,12.22498,12.22768,0.00,0.00
2016.02.23 18:58:37.503,12.22498,12.22741,0.00,0.00
2016.02.23 18:58:38.340,12.22498,12.2274,0.00,0.00
2016.02.23 18:58:39.634,12.22498,12.22741,0.00,0.00
2016.02.23 18:58:40.180,12.22498,12.2274,0.00,0.00
2016.02.23 18:58:40.703,12.22498,12.22741,0.00,0.00
2016.02.23 18:58:42.331,12.22498,12.2274,0.00,0.00
2016.02.23 18:58:42.844,12.22498,12.22741,0.00,0.00
2016.02.23 18:58:44.715,12.22498,12.2274,0.00,0.00
2016.02.23 18:58:45.258,12.22498,12.22741,0.00,0.00
2016.02.23 18:58:45.763,12.22498,12.2274,0.00,0.00
2016.02.23 18:58:46.324,12.22498,12.22741,0.00,0.00
2016.02.23 18:58:46.926,12.22498,12.2274,0.00,0.00
2016.02.23 18:58:48.031,12.22498,12.22741,0.00,0.00
2016.02.23 18:58:48.532,12.22498,12.2274,0.00,0.00
2016.02.23 18:58:49.034,12.22498,12.22741,0.00,0.00
2016.02.23 18:58:49.836,12.22498,12.2274,0.00,0.00
2016.02.23 18:58:50.373,12.22498,12.22741,0.00,0.00
2016.02.23 18:58:51.085,12.22498,12.2274,0.00,0.00
2016.02.23 18:58:51.746,12.22498,12.22741,0.00,0.00
2016.02.23 18:58:52.651,12.22498,12.2274,0.00,0.00
2016.02.23 18:58:53.347,12.22498,12.22741,0.00,0.00
2016.02.23 18:58:54.007,12.22498,12.2274,0.00,0.00
2016.02.23 18:58:54.930,12.2245,12.22719,0.00,0.00
2016.02.23 18:58:54.980,12.22449,12.2265,0.00,0.00
2016.02.23 18:58:55.199,12.22449,12.22701,0.00,0.00
2016.02.23 18:58:55.477,12.22399,12.22701,0.00,0.00
2016.02.23 18:58:55.578,12.22398,12.2264,0.00,0.00
2016.02.23 18:58:56.248,12.22398,12.22641,0.00,0.00
2016.02.23 18:58:56.782,12.22398,12.2264,0.00,0.00
2016.02.23 18:58:57.123,12.22398,12.2263,0.00,0.00
2016.02.23 18:58:57.638,12.22398,12.22631,0.00,0.00
2016.02.23 18:58:57.689,12.22398,12.22641,0.00,0.00
2016.02.23 18:58:58.780,12.22398,12.2264,0.00,0.00
2016.02.23 18:58:59.788,12.22398,12.22641,0.00,0.00
2016.02.23 18:59:00.335,12.22398,12.2264,0.00,0.00
2016.02.23 18:59:00.901,12.22398,12.22641,0.00,0.00
2016.02.23 18:59:01.628,12.22398,12.2264,0.00,0.00
2016.02.23 18:59:01.792,12.22398,12.2261,0.00,0.00
2016.02.23 18:59:02.331,12.22399,12.22631,0.00,0.00
2016.02.23 18:59:02.849,12.22399,12.22641,0.00,0.00
2016.02.23 18:59:03.393,12.22399,12.2264,0.00,0.00
2016.02.23 18:59:04.673,12.22399,12.22591,0.00,0.00
2016.02.23 18:59:04.828,12.22399,12.2262,0.00,0.00
2016.02.23 18:59:05.502,12.22399,12.22621,0.00,0.00
2016.02.23 18:59:06.395,12.22399,12.2262,0.00,0.00
2016.02.23 18:59:07.051,12.22399,12.2263,0.00,0.00
2016.02.23 18:59:07.608,12.22399,12.22631,0.00,0.00
2016.02.23 18:59:08.210,12.22399,12.2263,0.00,0.00
2016.02.23 18:59:08.310,12.22399,12.22641,0.00,0.00
2016.02.23 18:59:08.559,12.22399,12.22631,0.00,0.00
2016.02.23 18:59:09.113,12.22399,12.2263,0.00,0.00
2016.02.23 18:59:09.355,12.22399,12.2264,0.00,0.00
2016.02.23 18:59:10.116,12.22399,12.22641,0.00,0.00
2016.02.23 18:59:10.919,12.22399,12.2264,0.00,0.00
2016.02.23 18:59:11.421,12.22399,12.22641,0.00,0.00
2016.02.23 18:59:12.424,12.22399,12.2264,0.00,0.00
2016.02.23 18:59:12.925,12.22399,12.22641,0.00,0.00
2016.02.23 18:59:13.928,12.22399,12.2264,0.00,0.00
2016.02.23 18:59:14.264,12.22399,12.22611,0.00,0.00
2016.02.23 18:59:14.571,12.22399,12.22591,0.00,0.00
2016.02.23 18:59:14.676,12.22399,12.22601,0.00,0.00
2016.02.23 18:59:15.271,12.22399,12.22641,0.00,0.00
2016.02.23 18:59:15.573,12.22399,12.2263,0.00,0.00
2016.02.23 18:59:15.673,12.22399,12.2264,0.00,0.00
2016.02.23 18:59:16.338,12.22399,12.22641,0.00,0.00
2016.02.23 18:59:16.474,12.22399,12.22631,0.00,0.00
2016.02.23 18:59:16.997,12.22399,12.2263,0.00,0.00
2016.02.23 18:59:17.643,12.22399,12.2262,0.00,0.00
2016.02.23 18:59:17.844,12.22399,12.22631,0.00,0.00
2016.02.23 18:59:17.945,12.22399,12.2262,0.00,0.00
2016.02.23 18:59:18.246,12.22399,12.22631,0.00,0.00
2016.02.23 18:59:18.536,12.22399,12.22621,0.00,0.00
2016.02.23 18:59:18.848,12.22399,12.2264,0.00,0.00
2016.02.23 18:59:19.453,12.22399,12.22641,0.00,0.00
2016.02.23 18:59:19.554,12.22349,12.22619,0.00,0.00
2016.02.23 18:59:19.805,12.22398,12.22619,0.00,0.00
2016.02.23 18:59:20.975,12.22349,12.22571,0.00,0.00
2016.02.23 18:59:21.076,12.22349,12.22601,0.00,0.00
2016.02.23 18:59:22.132,12.22349,12.226,0.00,0.00
2016.02.23 18:59:22.634,12.22349,12.22601,0.00,0.00
2016.02.23 18:59:23.088,12.22349,12.22581,0.00,0.00
2016.02.23 18:59:23.190,12.22349,12.2261,0.00,0.00
2016.02.23 18:59:23.308,12.22349,12.22591,0.00,0.00
2016.02.23 18:59:23.494,12.22349,12.226,0.00,0.00
2016.02.23 18:59:24.060,12.22349,12.22601,0.00,0.00
2016.02.23 18:59:24.606,12.22349,12.2261,0.00,0.00
2016.02.23 18:59:25.214,12.22349,12.22611,0.00,0.00
2016.02.23 18:59:27.558,12.22349,12.22601,0.00,0.00
2016.02.23 18:59:28.232,12.22349,12.226,0.00,0.00
2016.02.23 18:59:28.741,12.22349,12.22601,0.00,0.00
2016.02.23 18:59:29.285,12.22349,12.226,0.00,0.00
2016.02.23 18:59:29.789,12.22349,12.22601,0.00,0.00
2016.02.23 18:59:30.092,12.22349,12.22591,0.00,0.00
2016.02.23 18:59:30.192,12.22349,12.22601,0.00,0.00
2016.02.23 18:59:30.862,12.22349,12.226,0.00,0.00
2016.02.23 18:59:31.402,12.22349,12.22601,0.00,0.00
2016.02.23 18:59:33.178,12.22349,12.226,0.00,0.00
2016.02.23 18:59:33.766,12.22349,12.22601,0.00,0.00
2016.02.23 18:59:34.980,12.22349,12.226,0.00,0.00
2016.02.23 18:59:35.775,12.22349,12.22591,0.00,0.00
2016.02.23 18:59:36.477,12.22349,12.226,0.00,0.00
2016.02.23 18:59:37.180,12.22398,12.22621,0.00,0.00
2016.02.23 18:59:37.795,12.22398,12.2262,0.00,0.00
2016.02.23 18:59:38.455,12.22398,12.22621,0.00,0.00
2016.02.23 18:59:38.963,12.22398,12.2262,0.00,0.00
2016.02.23 18:59:39.234,12.22348,12.22619,0.00,0.00
2016.02.23 18:59:39.285,12.22348,12.22601,0.00,0.00
2016.02.23 18:59:39.888,12.22348,12.226,0.00,0.00
2016.02.23 18:59:40.690,12.22348,12.22601,0.00,0.00
2016.02.23 18:59:41.110,12.22299,12.2254,0.00,0.00
2016.02.23 18:59:41.353,12.223,12.2255,0.00,0.00
2016.02.23 18:59:41.406,12.22349,12.2255,0.00,0.00
2016.02.23 18:59:41.934,12.22349,12.22551,0.00,0.00
2016.02.23 18:59:41.994,12.22299,12.22541,0.00,0.00
2016.02.23 18:59:42.334,12.22249,12.22541,0.00,0.00
2016.02.23 18:59:42.446,12.22199,12.2244,0.00,0.00
2016.02.23 18:59:43.078,12.22198,12.2244,0.00,0.00
2016.02.23 18:59:43.596,12.22198,12.22441,0.00,0.00
2016.02.23 18:59:44.306,12.22198,12.2244,0.00,0.00
2016.02.23 18:59:45.211,12.22249,12.2251,0.00,0.00
2016.02.23 18:59:45.413,12.22298,12.22511,0.00,0.00
2016.02.23 18:59:46.355,12.22298,12.2251,0.00,0.00
2016.02.23 18:59:46.935,12.22298,12.22511,0.00,0.00
2016.02.23 18:59:47.471,12.22298,12.2251,0.00,0.00
2016.02.23 18:59:47.673,12.22248,12.2247,0.00,0.00
2016.02.23 18:59:47.726,12.22248,12.2249,0.00,0.00
2016.02.23 18:59:48.286,12.22248,12.22491,0.00,0.00
2016.02.23 18:59:49.792,12.22248,12.225,0.00,0.00
2016.02.23 18:59:50.840,12.22248,12.22501,0.00,0.00
2016.02.23 18:59:51.351,12.22248,12.225,0.00,0.00
2016.02.23 18:59:52.343,12.22248,12.22501,0.00,0.00
2016.02.23 18:59:52.845,12.22248,12.225,0.00,0.00
2016.02.23 18:59:53.848,12.22248,12.22501,0.00,0.00
2016.02.23 18:59:54.073,12.22248,12.22469,0.00,0.00
2016.02.23 18:59:54.124,12.22199,12.22469,0.00,0.00
2016.02.23 18:59:54.175,12.22198,12.2238,0.00,0.00
2016.02.23 18:59:54.379,12.22249,12.22451,0.00,0.00
2016.02.23 18:59:54.452,12.22249,12.22469,0.00,0.00
2016.02.23 18:59:54.736,12.22199,12.22469,0.00,0.00
2016.02.23 18:59:54.854,12.22199,12.2244,0.00,0.00
2016.02.23 18:59:55.156,12.22199,12.22469,0.00,0.00
2016.02.23 18:59:55.206,12.22248,12.22469,0.00,0.00
2016.02.23 18:59:55.307,12.22248,12.22521,0.00,0.00
2016.02.23 18:59:55.408,12.22299,12.22521,0.00,0.00
2016.02.23 18:59:55.685,12.22248,12.22521,0.00,0.00
2016.02.23 18:59:55.736,12.22248,12.22461,0.00,0.00
2016.02.23 18:59:55.787,12.22248,12.2249,0.00,0.00
2016.02.23 18:59:57.086,12.22248,12.22491,0.00,0.00
2016.02.23 18:59:57.976,12.22248,12.22468,0.00,0.00
2016.02.23 18:59:58.036,12.22199,12.22468,0.00,0.00
2016.02.23 18:59:58.087,12.22198,12.2244,0.00,0.00
2016.02.23 18:59:58.676,12.22198,12.22441,0.00,0.00
2016.02.23 18:59:59.479,12.22198,12.2244,0.00,0.00
2016.02.23 18:59:59.981,12.22198,12.22441,0.00,0.00
