2017.08.17 14:00:00.367,12.86311,12.86572,0.00,0.00
2017.08.17 14:00:00.625,12.86228,12.86509,0.00,0.00
2017.08.17 14:00:00.827,12.86212,12.86482,0.00,0.00
2017.08.17 14:00:01.138,12.86212,12.86472,0.00,0.00
2017.08.17 14:00:01.442,12.86212,12.86481,0.00,0.00
2017.08.17 14:00:01.543,12.86211,12.86451,0.00,0.00
2017.08.17 14:00:01.652,12.86212,12.86472,0.00,0.00
2017.08.17 14:00:01.753,12.86211,12.86442,0.00,0.00
2017.08.17 14:00:01.888,12.86211,12.86462,0.00,0.00
2017.08.17 14:00:01.939,12.86218,12.86502,0.00,0.00
2017.08.17 14:00:02.041,12.86228,12.86509,0.00,0.00
2017.08.17 14:00:02.359,12.86312,12.86552,0.00,0.00
2017.08.17 14:00:02.687,12.86349,12.86572,0.00,0.00
2017.08.17 14:00:02.838,12.86349,12.86582,0.00,0.00
2017.08.17 14:00:03.040,12.86349,12.86561,0.00,0.00
2017.08.17 14:00:03.141,12.86312,12.86552,0.00,0.00
2017.08.17 14:00:03.262,12.86311,12.86532,0.00,0.00
2017.08.17 14:00:03.564,12.86288,12.86501,0.00,0.00
2017.08.17 14:00:03.665,12.86288,12.86542,0.00,0.00
2017.08.17 14:00:04.088,12.86288,12.86531,0.00,0.00
2017.08.17 14:00:04.391,12.86438,12.86572,0.00,0.00
2017.08.17 14:00:04.442,12.86438,12.86641,0.00,0.00
2017.08.17 14:00:04.493,12.86438,12.86619,0.00,0.00
2017.08.17 14:00:04.544,12.86412,12.86652,0.00,0.00
2017.08.17 14:00:04.645,12.86381,12.86602,0.00,0.00
2017.08.17 14:00:04.814,12.86338,12.86602,0.00,0.00
2017.08.17 14:00:04.965,12.86338,12.86571,0.00,0.00
2017.08.17 14:00:05.069,12.86338,12.86581,0.00,0.00
2017.08.17 14:00:05.170,12.86338,12.86562,0.00,0.00
2017.08.17 14:00:05.372,12.86338,12.86602,0.00,0.00
2017.08.17 14:00:05.641,12.86312,12.86552,0.00,0.00
2017.08.17 14:00:05.944,12.86338,12.86592,0.00,0.00
2017.08.17 14:00:06.045,12.86338,12.86601,0.00,0.00
2017.08.17 14:00:06.348,12.86338,12.86591,0.00,0.00
2017.08.17 14:00:06.651,12.86411,12.86651,0.00,0.00
2017.08.17 14:00:06.752,12.86401,12.86651,0.00,0.00
2017.08.17 14:00:06.843,12.86401,12.86621,0.00,0.00
2017.08.17 14:00:06.944,12.86368,12.86608,0.00,0.00
2017.08.17 14:00:06.995,12.86368,12.86572,0.00,0.00
2017.08.17 14:00:07.046,12.86321,12.86572,0.00,0.00
2017.08.17 14:00:07.198,12.86338,12.86582,0.00,0.00
2017.08.17 14:00:07.350,12.86321,12.86572,0.00,0.00
2017.08.17 14:00:07.552,12.86348,12.86572,0.00,0.00
2017.08.17 14:00:07.754,12.86321,12.86572,0.00,0.00
2017.08.17 14:00:07.856,12.86348,12.86572,0.00,0.00
2017.08.17 14:00:08.205,12.86322,12.86572,0.00,0.00
2017.08.17 14:00:08.485,12.86349,12.86572,0.00,0.00
2017.08.17 14:00:08.586,12.86328,12.86572,0.00,0.00
2017.08.17 14:00:08.649,12.86348,12.86572,0.00,0.00
2017.08.17 14:00:08.774,12.86321,12.86572,0.00,0.00
2017.08.17 14:00:09.238,12.86401,12.86591,0.00,0.00
2017.08.17 14:00:09.288,12.86421,12.86622,0.00,0.00
2017.08.17 14:00:09.339,12.86402,12.86652,0.00,0.00
2017.08.17 14:00:09.390,12.86398,12.86578,0.00,0.00
2017.08.17 14:00:09.491,12.86321,12.86552,0.00,0.00
2017.08.17 14:00:09.592,12.86311,12.86519,0.00,0.00
2017.08.17 14:00:09.643,12.86301,12.86519,0.00,0.00
2017.08.17 14:00:09.744,12.86249,12.86469,0.00,0.00
2017.08.17 14:00:09.795,12.86281,12.86469,0.00,0.00
2017.08.17 14:00:10.304,12.86311,12.86469,0.00,0.00
2017.08.17 14:00:10.355,12.86311,12.86522,0.00,0.00
2017.08.17 14:00:10.456,12.86311,12.86569,0.00,0.00
2017.08.17 14:00:10.557,12.86318,12.86559,0.00,0.00
2017.08.17 14:00:10.759,12.86312,12.86558,0.00,0.00
2017.08.17 14:00:11.336,12.86311,12.86559,0.00,0.00
2017.08.17 14:00:11.746,12.86282,12.86508,0.00,0.00
2017.08.17 14:00:12.052,12.86281,12.86459,0.00,0.00
2017.08.17 14:00:12.305,12.86311,12.86509,0.00,0.00
2017.08.17 14:00:12.759,12.86301,12.86462,0.00,0.00
2017.08.17 14:00:12.861,12.86312,12.86512,0.00,0.00
2017.08.17 14:00:12.912,12.86312,12.86508,0.00,0.00
2017.08.17 14:00:13.403,12.86312,12.86462,0.00,0.00
2017.08.17 14:00:13.454,12.86281,12.86459,0.00,0.00
2017.08.17 14:00:13.852,12.86228,12.86459,0.00,0.00
2017.08.17 14:00:13.903,12.86218,12.86458,0.00,0.00
2017.08.17 14:00:14.309,12.86301,12.86462,0.00,0.00
2017.08.17 14:00:14.361,12.86311,12.86511,0.00,0.00
2017.08.17 14:00:14.413,12.86312,12.86508,0.00,0.00
2017.08.17 14:00:14.920,12.86311,12.86509,0.00,0.00
2017.08.17 14:00:15.021,12.86311,12.86559,0.00,0.00
2017.08.17 14:00:15.130,12.86312,12.86508,0.00,0.00
2017.08.17 14:00:15.773,12.86311,12.86509,0.00,0.00
2017.08.17 14:00:15.824,12.86312,12.86532,0.00,0.00
2017.08.17 14:00:15.925,12.86312,12.86508,0.00,0.00
2017.08.17 14:00:16.227,12.86312,12.86462,0.00,0.00
2017.08.17 14:00:16.498,12.86301,12.86461,0.00,0.00
2017.08.17 14:00:16.549,12.86311,12.86511,0.00,0.00
2017.08.17 14:00:16.600,12.86312,12.86508,0.00,0.00
2017.08.17 14:00:16.751,12.86278,12.86508,0.00,0.00
2017.08.17 14:00:16.802,12.86288,12.86458,0.00,0.00
2017.08.17 14:00:16.903,12.86212,12.86458,0.00,0.00
2017.08.17 14:00:17.124,12.86312,12.86481,0.00,0.00
2017.08.17 14:00:17.175,12.86302,12.86481,0.00,0.00
2017.08.17 14:00:17.226,12.86259,12.86462,0.00,0.00
2017.08.17 14:00:17.428,12.86211,12.86462,0.00,0.00
2017.08.17 14:00:17.533,12.86238,12.86462,0.00,0.00
2017.08.17 14:00:17.852,12.86279,12.86461,0.00,0.00
2017.08.17 14:00:17.903,12.86258,12.86461,0.00,0.00
2017.08.17 14:00:18.004,12.86218,12.86461,0.00,0.00
2017.08.17 14:00:18.181,12.86311,12.86502,0.00,0.00
2017.08.17 14:00:18.232,12.86311,12.86511,0.00,0.00
2017.08.17 14:00:18.283,12.86301,12.86509,0.00,0.00
2017.08.17 14:00:18.333,12.86288,12.86459,0.00,0.00
2017.08.17 14:00:18.475,12.86229,12.86459,0.00,0.00
2017.08.17 14:00:18.526,12.86212,12.86458,0.00,0.00
2017.08.17 14:00:18.789,12.86218,12.86459,0.00,0.00
2017.08.17 14:00:19.124,12.86312,12.86551,0.00,0.00
2017.08.17 14:00:19.464,12.86281,12.86509,0.00,0.00
2017.08.17 14:00:19.967,12.86282,12.86508,0.00,0.00
2017.08.17 14:00:20.169,12.86312,12.86558,0.00,0.00
2017.08.17 14:00:20.404,12.86312,12.86542,0.00,0.00
2017.08.17 14:00:20.505,12.86311,12.86552,0.00,0.00
2017.08.17 14:00:20.615,12.86311,12.86559,0.00,0.00
2017.08.17 14:00:20.666,12.86311,12.86509,0.00,0.00
2017.08.17 14:00:20.717,12.86312,12.86512,0.00,0.00
2017.08.17 14:00:20.817,12.86311,12.86542,0.00,0.00
2017.08.17 14:00:20.918,12.86311,12.86559,0.00,0.00
2017.08.17 14:00:21.228,12.86311,12.86541,0.00,0.00
2017.08.17 14:00:21.329,12.86319,12.86558,0.00,0.00
2017.08.17 14:00:21.431,12.86302,12.86461,0.00,0.00
2017.08.17 14:00:21.682,12.86301,12.86501,0.00,0.00
2017.08.17 14:00:21.733,12.86311,12.86551,0.00,0.00
2017.08.17 14:00:21.892,12.86311,12.86512,0.00,0.00
2017.08.17 14:00:22.082,12.86212,12.86462,0.00,0.00
2017.08.17 14:00:22.636,12.86211,12.86462,0.00,0.00
2017.08.17 14:00:23.000,12.86188,12.86408,0.00,0.00
2017.08.17 14:00:23.252,12.86118,12.86358,0.00,0.00
2017.08.17 14:00:23.303,12.86112,12.86358,0.00,0.00
2017.08.17 14:00:23.908,12.86109,12.86361,0.00,0.00
2017.08.17 14:00:23.958,12.86111,12.86359,0.00,0.00
2017.08.17 14:00:24.261,12.86068,12.86309,0.00,0.00
2017.08.17 14:00:24.412,12.86012,12.86258,0.00,0.00
2017.08.17 14:00:24.463,12.86112,12.86262,0.00,0.00
2017.08.17 14:00:24.598,12.86112,12.86281,0.00,0.00
2017.08.17 14:00:24.651,12.86118,12.86359,0.00,0.00
2017.08.17 14:00:24.855,12.86112,12.86358,0.00,0.00
2017.08.17 14:00:25.057,12.86112,12.86352,0.00,0.00
2017.08.17 14:00:25.540,12.86112,12.86358,0.00,0.00
2017.08.17 14:00:25.641,12.86112,12.86342,0.00,0.00
2017.08.17 14:00:25.945,12.86112,12.86308,0.00,0.00
2017.08.17 14:00:25.995,12.86111,12.86322,0.00,0.00
2017.08.17 14:00:26.046,12.86099,12.86309,0.00,0.00
2017.08.17 14:00:26.147,12.86028,12.86259,0.00,0.00
2017.08.17 14:00:26.318,12.86011,12.86259,0.00,0.00
2017.08.17 14:00:26.521,12.86019,12.86258,0.00,0.00
2017.08.17 14:00:26.633,12.86011,12.86259,0.00,0.00
2017.08.17 14:00:27.355,12.86012,12.86258,0.00,0.00
2017.08.17 14:00:28.076,12.86011,12.86259,0.00,0.00
2017.08.17 14:00:28.584,12.86012,12.86258,0.00,0.00
2017.08.17 14:00:28.635,12.86111,12.86309,0.00,0.00
2017.08.17 14:00:28.937,12.86018,12.86259,0.00,0.00
2017.08.17 14:00:29.180,12.86101,12.86261,0.00,0.00
2017.08.17 14:00:29.292,12.86088,12.86261,0.00,0.00
2017.08.17 14:00:29.453,12.86049,12.86261,0.00,0.00
2017.08.17 14:00:29.554,12.86081,12.86261,0.00,0.00
2017.08.17 14:00:29.970,12.86059,12.86261,0.00,0.00
2017.08.17 14:00:30.154,12.86028,12.86261,0.00,0.00
2017.08.17 14:00:30.258,12.86011,12.86261,0.00,0.00
2017.08.17 14:00:30.665,12.86029,12.86261,0.00,0.00
2017.08.17 14:00:30.997,12.86059,12.86261,0.00,0.00
2017.08.17 14:00:31.223,12.86011,12.86261,0.00,0.00
2017.08.17 14:00:31.425,12.86111,12.86312,0.00,0.00
2017.08.17 14:00:31.677,12.86111,12.86359,0.00,0.00
2017.08.17 14:00:32.135,12.86118,12.86359,0.00,0.00
2017.08.17 14:00:32.710,12.86111,12.86359,0.00,0.00
2017.08.17 14:00:32.962,12.86129,12.86358,0.00,0.00
2017.08.17 14:00:33.163,12.86111,12.86359,0.00,0.00
2017.08.17 14:00:33.545,12.86118,12.86359,0.00,0.00
2017.08.17 14:00:33.705,12.86112,12.86358,0.00,0.00
2017.08.17 14:00:33.757,12.86111,12.86352,0.00,0.00
2017.08.17 14:00:34.093,12.86072,12.86261,0.00,0.00
2017.08.17 14:00:34.144,12.86058,12.86258,0.00,0.00
2017.08.17 14:00:34.245,12.86011,12.86259,0.00,0.00
2017.08.17 14:00:34.346,12.86012,12.86242,0.00,0.00
2017.08.17 14:00:34.739,12.86012,12.86208,0.00,0.00
2017.08.17 14:00:34.790,12.86011,12.86231,0.00,0.00
2017.08.17 14:00:34.841,12.86012,12.86252,0.00,0.00
2017.08.17 14:00:34.942,12.86011,12.86259,0.00,0.00
2017.08.17 14:00:35.043,12.86018,12.86259,0.00,0.00
2017.08.17 14:00:35.330,12.86012,12.86258,0.00,0.00
2017.08.17 14:00:35.446,12.86011,12.86209,0.00,0.00
2017.08.17 14:00:35.648,12.86012,12.86242,0.00,0.00
2017.08.17 14:00:35.975,12.86029,12.86272,0.00,0.00
2017.08.17 14:00:36.078,12.85998,12.86209,0.00,0.00
2017.08.17 14:00:36.179,12.85979,12.86198,0.00,0.00
2017.08.17 14:00:36.229,12.85969,12.86169,0.00,0.00
2017.08.17 14:00:36.280,12.85928,12.86169,0.00,0.00
2017.08.17 14:00:36.331,12.85928,12.86172,0.00,0.00
2017.08.17 14:00:36.432,12.85928,12.86191,0.00,0.00
2017.08.17 14:00:36.533,12.85939,12.86192,0.00,0.00
2017.08.17 14:00:36.634,12.85928,12.86182,0.00,0.00
2017.08.17 14:00:37.254,12.85889,12.86109,0.00,0.00
2017.08.17 14:00:37.305,12.85906,12.86151,0.00,0.00
2017.08.17 14:00:37.557,12.85933,12.86162,0.00,0.00
2017.08.17 14:00:37.636,12.85933,12.86201,0.00,0.00
2017.08.17 14:00:37.737,12.85933,12.86162,0.00,0.00
2017.08.17 14:00:37.787,12.85901,12.86151,0.00,0.00
2017.08.17 14:00:37.838,12.85889,12.86109,0.00,0.00
2017.08.17 14:00:38.105,12.85558,12.85801,0.00,0.00
2017.08.17 14:00:38.156,12.85539,12.85801,0.00,0.00
2017.08.17 14:00:38.257,12.85633,12.85811,0.00,0.00
2017.08.17 14:00:38.359,12.85638,12.85902,0.00,0.00
2017.08.17 14:00:38.460,12.85643,12.85902,0.00,0.00
2017.08.17 14:00:38.805,12.85706,12.85931,0.00,0.00
2017.08.17 14:00:38.855,12.85713,12.85952,0.00,0.00
2017.08.17 14:00:38.906,12.85734,12.86001,0.00,0.00
2017.08.17 14:00:39.058,12.85744,12.86009,0.00,0.00
2017.08.17 14:00:39.361,12.85699,12.85888,0.00,0.00
2017.08.17 14:00:39.411,12.85668,12.85909,0.00,0.00
2017.08.17 14:00:39.462,12.85648,12.85892,0.00,0.00
2017.08.17 14:00:39.629,12.85648,12.85908,0.00,0.00
2017.08.17 14:00:39.680,12.85664,12.85909,0.00,0.00
2017.08.17 14:00:39.932,12.85706,12.85961,0.00,0.00
2017.08.17 14:00:39.983,12.85807,12.85961,0.00,0.00
2017.08.17 14:00:40.084,12.85843,12.86109,0.00,0.00
2017.08.17 14:00:40.445,12.85906,12.86111,0.00,0.00
2017.08.17 14:00:40.546,12.85906,12.86162,0.00,0.00
2017.08.17 14:00:40.597,12.85906,12.86119,0.00,0.00
2017.08.17 14:00:40.798,12.85906,12.86121,0.00,0.00
2017.08.17 14:00:40.849,12.85908,12.86108,0.00,0.00
2017.08.17 14:00:41.338,12.85908,12.86142,0.00,0.00
2017.08.17 14:00:41.389,12.85908,12.86152,0.00,0.00
2017.08.17 14:00:41.439,12.85997,12.86152,0.00,0.00
2017.08.17 14:00:41.490,12.86006,12.86202,0.00,0.00
2017.08.17 14:00:41.591,12.86006,12.86259,0.00,0.00
2017.08.17 14:00:41.897,12.86008,12.86221,0.00,0.00
2017.08.17 14:00:42.049,12.85911,12.86159,0.00,0.00
2017.08.17 14:00:42.251,12.85981,12.86159,0.00,0.00
2017.08.17 14:00:42.352,12.85958,12.86158,0.00,0.00
2017.08.17 14:00:42.453,12.85938,12.86159,0.00,0.00
2017.08.17 14:00:42.554,12.85912,12.86158,0.00,0.00
2017.08.17 14:00:42.898,12.85911,12.86152,0.00,0.00
2017.08.17 14:00:43.201,12.86002,12.86171,0.00,0.00
2017.08.17 14:00:43.302,12.85949,12.86159,0.00,0.00
2017.08.17 14:00:43.422,12.86001,12.86171,0.00,0.00
2017.08.17 14:00:43.518,12.85959,12.86171,0.00,0.00
2017.08.17 14:00:43.569,12.85981,12.86171,0.00,0.00
2017.08.17 14:00:43.671,12.86011,12.86211,0.00,0.00
2017.08.17 14:00:43.772,12.86011,12.86259,0.00,0.00
2017.08.17 14:00:43.974,12.85999,12.86209,0.00,0.00
2017.08.17 14:00:44.259,12.85912,12.86142,0.00,0.00
2017.08.17 14:00:44.360,12.85912,12.86132,0.00,0.00
2017.08.17 14:00:44.562,12.85828,12.86058,0.00,0.00
2017.08.17 14:00:44.613,12.85812,12.86058,0.00,0.00
2017.08.17 14:00:44.714,12.85912,12.86071,0.00,0.00
2017.08.17 14:00:44.765,12.85912,12.86122,0.00,0.00
2017.08.17 14:00:44.973,12.85918,12.86159,0.00,0.00
2017.08.17 14:00:45.024,12.86002,12.86202,0.00,0.00
2017.08.17 14:00:45.076,12.86001,12.86209,0.00,0.00
2017.08.17 14:00:45.127,12.85928,12.86172,0.00,0.00
2017.08.17 14:00:45.228,12.86001,12.86172,0.00,0.00
2017.08.17 14:00:45.279,12.86001,12.86209,0.00,0.00
2017.08.17 14:00:45.380,12.85981,12.86159,0.00,0.00
2017.08.17 14:00:45.874,12.86002,12.86202,0.00,0.00
2017.08.17 14:00:46.000,12.86002,12.86208,0.00,0.00
2017.08.17 14:00:46.064,12.86012,12.86258,0.00,0.00
2017.08.17 14:00:46.115,12.86012,12.86221,0.00,0.00
2017.08.17 14:00:46.474,12.85979,12.86222,0.00,0.00
2017.08.17 14:00:46.525,12.86011,12.86259,0.00,0.00
2017.08.17 14:00:46.896,12.86012,12.86242,0.00,0.00
2017.08.17 14:00:47.250,12.85982,12.86208,0.00,0.00
2017.08.17 14:00:47.303,12.85958,12.86209,0.00,0.00
2017.08.17 14:00:47.354,12.86002,12.86222,0.00,0.00
2017.08.17 14:00:47.459,12.86011,12.86241,0.00,0.00
2017.08.17 14:00:47.561,12.86011,12.86259,0.00,0.00
2017.08.17 14:00:48.005,12.86012,12.86221,0.00,0.00
2017.08.17 14:00:48.156,12.86012,12.86231,0.00,0.00
2017.08.17 14:00:48.207,12.86012,12.86258,0.00,0.00
2017.08.17 14:00:48.260,12.86012,12.86242,0.00,0.00
2017.08.17 14:00:48.361,12.86011,12.86259,0.00,0.00
2017.08.17 14:00:48.462,12.86018,12.86259,0.00,0.00
2017.08.17 14:00:48.916,12.86112,12.86302,0.00,0.00
2017.08.17 14:00:48.967,12.86111,12.86311,0.00,0.00
2017.08.17 14:00:49.017,12.86111,12.86309,0.00,0.00
2017.08.17 14:00:49.561,12.86112,12.86308,0.00,0.00
2017.08.17 14:00:49.611,12.86111,12.86359,0.00,0.00
2017.08.17 14:00:49.662,12.86079,12.86308,0.00,0.00
2017.08.17 14:00:49.713,12.86038,12.86271,0.00,0.00
2017.08.17 14:00:49.763,12.86111,12.86271,0.00,0.00
2017.08.17 14:00:49.864,12.86112,12.86332,0.00,0.00
2017.08.17 14:00:49.965,12.86111,12.86359,0.00,0.00
2017.08.17 14:00:50.117,12.86211,12.86381,0.00,0.00
2017.08.17 14:00:50.268,12.86312,12.86531,0.00,0.00
2017.08.17 14:00:50.428,12.86312,12.86542,0.00,0.00
2017.08.17 14:00:50.479,12.86311,12.86532,0.00,0.00
2017.08.17 14:00:50.586,12.86311,12.86552,0.00,0.00
2017.08.17 14:00:50.788,12.86312,12.86531,0.00,0.00
2017.08.17 14:00:50.889,12.86311,12.86559,0.00,0.00
2017.08.17 14:00:51.268,12.86411,12.86581,0.00,0.00
2017.08.17 14:00:51.369,12.86412,12.86641,0.00,0.00
2017.08.17 14:00:51.672,12.86411,12.86659,0.00,0.00
2017.08.17 14:00:51.723,12.86512,12.86671,0.00,0.00
2017.08.17 14:00:51.774,12.86512,12.86721,0.00,0.00
2017.08.17 14:00:51.875,12.86512,12.86741,0.00,0.00
2017.08.17 14:00:52.024,12.86479,12.86652,0.00,0.00
2017.08.17 14:00:52.075,12.86482,12.86658,0.00,0.00
2017.08.17 14:00:52.126,12.86511,12.86661,0.00,0.00
2017.08.17 14:00:52.176,12.86512,12.86691,0.00,0.00
2017.08.17 14:00:52.277,12.86512,12.86732,0.00,0.00
2017.08.17 14:00:52.379,12.86679,12.86779,0.00,0.00
2017.08.17 14:00:52.480,12.86812,12.86971,0.00,0.00
2017.08.17 14:00:52.531,12.86811,12.86992,0.00,0.00
2017.08.17 14:00:52.707,12.86812,12.86981,0.00,0.00
2017.08.17 14:00:52.809,12.86811,12.86999,0.00,0.00
2017.08.17 14:00:52.860,12.86801,12.87011,0.00,0.00
2017.08.17 14:00:52.911,12.86811,12.86982,0.00,0.00
2017.08.17 14:00:53.116,12.86901,12.87099,0.00,0.00
2017.08.17 14:00:53.324,12.86811,12.87022,0.00,0.00
2017.08.17 14:00:53.380,12.86811,12.87012,0.00,0.00
2017.08.17 14:00:53.532,12.86791,12.87039,0.00,0.00
2017.08.17 14:00:53.583,12.86792,12.86982,0.00,0.00
2017.08.17 14:00:53.785,12.86769,12.86982,0.00,0.00
2017.08.17 14:00:53.836,12.86791,12.86982,0.00,0.00
2017.08.17 14:00:54.139,12.86881,12.86991,0.00,0.00
2017.08.17 14:00:54.190,12.86891,12.87062,0.00,0.00
2017.08.17 14:00:54.241,12.86881,12.87062,0.00,0.00
2017.08.17 14:00:54.493,12.86861,12.87042,0.00,0.00
2017.08.17 14:00:54.695,12.86868,12.87092,0.00,0.00
2017.08.17 14:00:54.830,12.86868,12.87022,0.00,0.00
2017.08.17 14:00:54.881,12.86911,12.87092,0.00,0.00
2017.08.17 14:00:54.982,12.86869,12.87071,0.00,0.00
2017.08.17 14:00:55.032,12.86881,12.87062,0.00,0.00
2017.08.17 14:00:55.284,12.86911,12.87122,0.00,0.00
2017.08.17 14:00:55.487,12.86911,12.87142,0.00,0.00
2017.08.17 14:00:55.698,12.86968,12.87142,0.00,0.00
2017.08.17 14:00:55.752,12.87011,12.87202,0.00,0.00
2017.08.17 14:00:55.803,12.87011,12.87241,0.00,0.00
2017.08.17 14:00:56.005,12.86969,12.87162,0.00,0.00
2017.08.17 14:00:56.307,12.87001,12.87162,0.00,0.00
2017.08.17 14:00:56.408,12.87002,12.87231,0.00,0.00
2017.08.17 14:00:56.459,12.87011,12.87231,0.00,0.00
2017.08.17 14:00:56.713,12.87011,12.87242,0.00,0.00
2017.08.17 14:00:56.764,12.87002,12.87211,0.00,0.00
2017.08.17 14:00:56.815,12.86991,12.87211,0.00,0.00
2017.08.17 14:00:56.865,12.86991,12.87199,0.00,0.00
2017.08.17 14:00:57.117,12.87111,12.87349,0.00,0.00
2017.08.17 14:00:57.319,12.87108,12.87322,0.00,0.00
2017.08.17 14:00:57.498,12.87111,12.87372,0.00,0.00
2017.08.17 14:00:57.600,12.87111,12.87362,0.00,0.00
2017.08.17 14:00:57.903,12.87111,12.87322,0.00,0.00
2017.08.17 14:00:58.253,12.87091,12.87289,0.00,0.00
2017.08.17 14:00:58.505,12.87011,12.87239,0.00,0.00
2017.08.17 14:00:58.707,12.87081,12.87239,0.00,0.00
2017.08.17 14:00:58.858,12.87019,12.87239,0.00,0.00
2017.08.17 14:00:58.909,12.87012,12.87238,0.00,0.00
2017.08.17 14:00:59.091,12.86991,12.87151,0.00,0.00
2017.08.17 14:00:59.142,12.86992,12.87192,0.00,0.00
2017.08.17 14:00:59.193,12.86981,12.87189,0.00,0.00
2017.08.17 14:00:59.244,12.86968,12.87139,0.00,0.00
2017.08.17 14:00:59.295,12.86912,12.87138,0.00,0.00
2017.08.17 14:00:59.878,12.86911,12.87139,0.00,0.00
2017.08.17 14:01:00.230,12.86918,12.87138,0.00,0.00
2017.08.17 14:01:00.536,12.86992,12.87202,0.00,0.00
2017.08.17 14:01:00.587,12.86968,12.87192,0.00,0.00
2017.08.17 14:01:00.688,12.86912,12.87152,0.00,0.00
2017.08.17 14:01:00.738,12.86882,12.87101,0.00,0.00
2017.08.17 14:01:00.940,12.86811,12.87051,0.00,0.00
2017.08.17 14:01:01.142,12.86811,12.87042,0.00,0.00
2017.08.17 14:01:01.461,12.86911,12.87139,0.00,0.00
2017.08.17 14:01:01.512,12.86892,12.87138,0.00,0.00
2017.08.17 14:01:01.613,12.86892,12.87132,0.00,0.00
2017.08.17 14:01:02.009,12.86892,12.87052,0.00,0.00
2017.08.17 14:01:02.060,12.86881,12.87052,0.00,0.00
2017.08.17 14:01:02.161,12.86892,12.87052,0.00,0.00
2017.08.17 14:01:02.262,12.86868,12.87071,0.00,0.00
2017.08.17 14:01:02.313,12.86911,12.87139,0.00,0.00
2017.08.17 14:01:02.465,12.87012,12.87171,0.00,0.00
2017.08.17 14:01:02.516,12.87011,12.87182,0.00,0.00
2017.08.17 14:01:02.672,12.87011,12.87239,0.00,0.00
2017.08.17 14:01:02.832,12.87012,12.87232,0.00,0.00
2017.08.17 14:01:02.903,12.87012,12.87238,0.00,0.00
2017.08.17 14:01:03.004,12.87011,12.87212,0.00,0.00
2017.08.17 14:01:03.105,12.87011,12.87239,0.00,0.00
2017.08.17 14:01:03.314,12.87012,12.87202,0.00,0.00
2017.08.17 14:01:03.622,12.86918,12.87188,0.00,0.00
2017.08.17 14:01:03.673,12.86918,12.87139,0.00,0.00
2017.08.17 14:01:03.867,12.86828,12.87089,0.00,0.00
2017.08.17 14:01:03.917,12.86891,12.87092,0.00,0.00
2017.08.17 14:01:04.222,12.86912,12.87132,0.00,0.00
2017.08.17 14:01:04.273,12.86912,12.87138,0.00,0.00
2017.08.17 14:01:04.324,12.86911,12.87121,0.00,0.00
2017.08.17 14:01:04.576,12.87111,12.87332,0.00,0.00
2017.08.17 14:01:04.628,12.87111,12.87339,0.00,0.00
2017.08.17 14:01:04.729,12.87111,12.87332,0.00,0.00
2017.08.17 14:01:05.034,12.87111,12.87302,0.00,0.00
2017.08.17 14:01:05.236,12.87111,12.87332,0.00,0.00
2017.08.17 14:01:05.337,12.87112,12.87322,0.00,0.00
2017.08.17 14:01:05.640,12.87211,12.87311,0.00,0.00
2017.08.17 14:01:05.789,12.87211,12.87401,0.00,0.00
2017.08.17 14:01:05.840,12.87582,12.87792,0.00,0.00
2017.08.17 14:01:05.941,12.87591,12.87771,0.00,0.00
2017.08.17 14:01:05.992,12.87518,12.87771,0.00,0.00
2017.08.17 14:01:06.043,12.87512,12.87751,0.00,0.00
2017.08.17 14:01:06.346,12.87511,12.87721,0.00,0.00
2017.08.17 14:01:06.663,12.87489,12.87688,0.00,0.00
2017.08.17 14:01:06.966,12.87581,12.87681,0.00,0.00
2017.08.17 14:01:07.117,12.87581,12.87752,0.00,0.00
2017.08.17 14:01:07.168,12.87568,12.87709,0.00,0.00
2017.08.17 14:01:07.219,12.87568,12.87739,0.00,0.00
2017.08.17 14:01:07.375,12.87492,12.87672,0.00,0.00
2017.08.17 14:01:07.433,12.87512,12.87728,0.00,0.00
2017.08.17 14:01:07.484,12.87511,12.87741,0.00,0.00
2017.08.17 14:01:07.635,12.87439,12.87689,0.00,0.00
2017.08.17 14:01:07.686,12.87491,12.87702,0.00,0.00
2017.08.17 14:01:08.096,12.87602,12.87791,0.00,0.00
2017.08.17 14:01:08.146,12.87601,12.87801,0.00,0.00
2017.08.17 14:01:08.248,12.87519,12.87789,0.00,0.00
2017.08.17 14:01:08.349,12.87562,12.87702,0.00,0.00
2017.08.17 14:01:08.451,12.87591,12.87751,0.00,0.00
2017.08.17 14:01:08.552,12.87591,12.87782,0.00,0.00
2017.08.17 14:01:08.602,12.87601,12.87782,0.00,0.00
2017.08.17 14:01:08.653,12.87601,12.87791,0.00,0.00
2017.08.17 14:01:08.754,12.87602,12.87822,0.00,0.00
2017.08.17 14:01:08.804,12.87582,12.87778,0.00,0.00
2017.08.17 14:01:08.965,12.87501,12.87701,0.00,0.00
2017.08.17 14:01:09.015,12.87468,12.87639,0.00,0.00
2017.08.17 14:01:09.066,12.87408,12.87639,0.00,0.00
2017.08.17 14:01:09.169,12.87402,12.87622,0.00,0.00
2017.08.17 14:01:09.233,12.87402,12.87638,0.00,0.00
2017.08.17 14:01:09.435,12.87402,12.87602,0.00,0.00
2017.08.17 14:01:09.792,12.87401,12.87612,0.00,0.00
2017.08.17 14:01:09.843,12.87382,12.87588,0.00,0.00
2017.08.17 14:01:10.095,12.87301,12.87539,0.00,0.00
2017.08.17 14:01:10.247,12.87302,12.87532,0.00,0.00
2017.08.17 14:01:10.558,12.87382,12.87581,0.00,0.00
2017.08.17 14:01:10.659,12.87391,12.87601,0.00,0.00
2017.08.17 14:01:10.760,12.87402,12.87638,0.00,0.00
2017.08.17 14:01:11.354,12.87401,12.87639,0.00,0.00
2017.08.17 14:01:11.506,12.87378,12.87589,0.00,0.00
2017.08.17 14:01:11.557,12.87319,12.87539,0.00,0.00
2017.08.17 14:01:11.658,12.87301,12.87531,0.00,0.00
2017.08.17 14:01:11.771,12.87291,12.87489,0.00,0.00
2017.08.17 14:01:11.821,12.87302,12.87502,0.00,0.00
2017.08.17 14:01:11.872,12.87302,12.87522,0.00,0.00
2017.08.17 14:01:11.973,12.87301,12.87531,0.00,0.00
2017.08.17 14:01:12.138,12.87301,12.87539,0.00,0.00
2017.08.17 14:01:12.693,12.87302,12.87538,0.00,0.00
2017.08.17 14:01:12.744,12.87298,12.87552,0.00,0.00
2017.08.17 14:01:12.794,12.87301,12.87539,0.00,0.00
2017.08.17 14:01:13.168,12.87301,12.87512,0.00,0.00
2017.08.17 14:01:13.516,12.87262,12.87438,0.00,0.00
2017.08.17 14:01:13.567,12.87281,12.87472,0.00,0.00
2017.08.17 14:01:13.668,12.87281,12.87451,0.00,0.00
2017.08.17 14:01:13.719,12.87228,12.87451,0.00,0.00
2017.08.17 14:01:13.770,12.87292,12.87451,0.00,0.00
2017.08.17 14:01:13.924,12.87281,12.87452,0.00,0.00
2017.08.17 14:01:14.025,12.87202,12.87452,0.00,0.00
2017.08.17 14:01:14.177,12.87202,12.87442,0.00,0.00
2017.08.17 14:01:14.480,12.87228,12.87472,0.00,0.00
2017.08.17 14:01:14.531,12.87291,12.87472,0.00,0.00
2017.08.17 14:01:14.852,12.87328,12.87489,0.00,0.00
2017.08.17 14:01:14.903,12.87228,12.87438,0.00,0.00
2017.08.17 14:01:15.256,12.87201,12.87439,0.00,0.00
2017.08.17 14:01:15.407,12.87291,12.87442,0.00,0.00
2017.08.17 14:01:15.508,12.87292,12.87511,0.00,0.00
2017.08.17 14:01:15.559,12.87292,12.87488,0.00,0.00
2017.08.17 14:01:15.735,12.87301,12.87502,0.00,0.00
2017.08.17 14:01:15.786,12.87301,12.87539,0.00,0.00
2017.08.17 14:01:16.089,12.87302,12.87502,0.00,0.00
2017.08.17 14:01:16.438,12.87401,12.87639,0.00,0.00
2017.08.17 14:01:16.640,12.87492,12.87672,0.00,0.00
2017.08.17 14:01:16.691,12.87491,12.87682,0.00,0.00
2017.08.17 14:01:16.792,12.87502,12.87721,0.00,0.00
2017.08.17 14:01:16.893,12.87502,12.87738,0.00,0.00
2017.08.17 14:01:16.994,12.87492,12.87738,0.00,0.00
2017.08.17 14:01:17.144,12.87492,12.87692,0.00,0.00
2017.08.17 14:01:17.246,12.87401,12.87652,0.00,0.00
2017.08.17 14:01:17.498,12.87401,12.87641,0.00,0.00
2017.08.17 14:01:17.857,12.87291,12.87451,0.00,0.00
2017.08.17 14:01:17.908,12.87218,12.87438,0.00,0.00
2017.08.17 14:01:18.009,12.87201,12.87439,0.00,0.00
2017.08.17 14:01:18.557,12.87202,12.87438,0.00,0.00
2017.08.17 14:01:18.608,12.87202,12.87451,0.00,0.00
2017.08.17 14:01:19.138,12.87201,12.87451,0.00,0.00
2017.08.17 14:01:19.188,12.87202,12.87442,0.00,0.00
2017.08.17 14:01:19.429,12.87202,12.87451,0.00,0.00
2017.08.17 14:01:19.581,12.87202,12.87431,0.00,0.00
2017.08.17 14:01:19.987,12.87202,12.87441,0.00,0.00
2017.08.17 14:01:20.088,12.87178,12.87309,0.00,0.00
2017.08.17 14:01:20.227,12.87118,12.87252,0.00,0.00
2017.08.17 14:01:20.279,12.86991,12.87241,0.00,0.00
2017.08.17 14:01:20.329,12.86992,12.87238,0.00,0.00
2017.08.17 14:01:20.783,12.86992,12.87232,0.00,0.00
2017.08.17 14:01:20.884,12.86992,12.87238,0.00,0.00
2017.08.17 14:01:21.491,12.86991,12.87239,0.00,0.00
2017.08.17 14:01:21.542,12.87002,12.87188,0.00,0.00
2017.08.17 14:01:21.592,12.87001,12.87202,0.00,0.00
2017.08.17 14:01:21.643,12.87002,12.87221,0.00,0.00
2017.08.17 14:01:21.756,12.86959,12.87209,0.00,0.00
2017.08.17 14:01:21.806,12.86982,12.87152,0.00,0.00
2017.08.17 14:01:22.015,12.86828,12.87039,0.00,0.00
2017.08.17 14:01:22.116,12.86802,12.87038,0.00,0.00
2017.08.17 14:01:22.524,12.86818,12.87039,0.00,0.00
2017.08.17 14:01:22.626,12.86802,12.87038,0.00,0.00
2017.08.17 14:01:22.978,12.86858,12.87038,0.00,0.00
2017.08.17 14:01:23.028,12.86892,12.87088,0.00,0.00
2017.08.17 14:01:23.079,12.86891,12.87091,0.00,0.00
2017.08.17 14:01:23.130,12.86901,12.87089,0.00,0.00
2017.08.17 14:01:23.180,12.86902,12.87101,0.00,0.00
2017.08.17 14:01:23.281,12.86891,12.87089,0.00,0.00
2017.08.17 14:01:23.476,12.86891,12.87102,0.00,0.00
2017.08.17 14:01:23.528,12.86891,12.87089,0.00,0.00
2017.08.17 14:01:23.578,12.86902,12.87101,0.00,0.00
2017.08.17 14:01:23.629,12.86901,12.87132,0.00,0.00
2017.08.17 14:01:23.731,12.86902,12.87138,0.00,0.00
2017.08.17 14:01:23.983,12.86889,12.87089,0.00,0.00
2017.08.17 14:01:24.084,12.86849,12.87088,0.00,0.00
2017.08.17 14:01:24.135,12.86901,12.87082,0.00,0.00
2017.08.17 14:01:24.236,12.86838,12.87088,0.00,0.00
2017.08.17 14:01:24.337,12.86848,12.87039,0.00,0.00
2017.08.17 14:01:24.493,12.86801,12.87039,0.00,0.00
2017.08.17 14:01:24.544,12.86861,12.87039,0.00,0.00
2017.08.17 14:01:24.594,12.86871,12.87071,0.00,0.00
2017.08.17 14:01:24.695,12.86871,12.87089,0.00,0.00
2017.08.17 14:01:24.796,12.87001,12.87121,0.00,0.00
2017.08.17 14:01:24.897,12.87009,12.87138,0.00,0.00
2017.08.17 14:01:24.998,12.86901,12.87139,0.00,0.00
2017.08.17 14:01:25.099,12.86901,12.87131,0.00,0.00
2017.08.17 14:01:25.392,12.86901,12.87139,0.00,0.00
2017.08.17 14:01:25.493,12.86901,12.87132,0.00,0.00
2017.08.17 14:01:25.796,12.86901,12.87139,0.00,0.00
2017.08.17 14:01:25.998,12.86902,12.87131,0.00,0.00
2017.08.17 14:01:26.352,12.87001,12.87171,0.00,0.00
2017.08.17 14:01:26.403,12.87001,12.87239,0.00,0.00
2017.08.17 14:01:26.606,12.87001,12.87211,0.00,0.00
2017.08.17 14:01:26.657,12.86971,12.87211,0.00,0.00
2017.08.17 14:01:26.804,12.86971,12.87191,0.00,0.00
2017.08.17 14:01:26.977,12.86971,12.87201,0.00,0.00
2017.08.17 14:01:27.288,12.87002,12.87202,0.00,0.00
2017.08.17 14:01:27.339,12.87002,12.87232,0.00,0.00
2017.08.17 14:01:27.440,12.86958,12.87139,0.00,0.00
2017.08.17 14:01:27.541,12.86902,12.87122,0.00,0.00
2017.08.17 14:01:27.643,12.86871,12.87052,0.00,0.00
2017.08.17 14:01:27.895,12.86872,12.87071,0.00,0.00
2017.08.17 14:01:27.946,12.86872,12.87101,0.00,0.00
2017.08.17 14:01:28.156,12.86872,12.87088,0.00,0.00
2017.08.17 14:01:28.307,12.86901,12.87132,0.00,0.00
2017.08.17 14:01:28.409,12.86901,12.87139,0.00,0.00
2017.08.17 14:01:28.832,12.86972,12.87138,0.00,0.00
2017.08.17 14:01:28.887,12.86971,12.87161,0.00,0.00
2017.08.17 14:01:28.938,12.86971,12.87209,0.00,0.00
2017.08.17 14:01:28.989,12.86962,12.87138,0.00,0.00
2017.08.17 14:01:29.039,12.86938,12.87138,0.00,0.00
2017.08.17 14:01:29.141,12.86901,12.87139,0.00,0.00
2017.08.17 14:01:29.205,12.86901,12.87131,0.00,0.00
2017.08.17 14:01:29.306,12.86901,12.87139,0.00,0.00
2017.08.17 14:01:29.695,12.87001,12.87171,0.00,0.00
2017.08.17 14:01:29.746,12.87002,12.87238,0.00,0.00
2017.08.17 14:01:29.897,12.86972,12.87238,0.00,0.00
2017.08.17 14:01:29.948,12.86972,12.87188,0.00,0.00
2017.08.17 14:01:30.099,12.86972,12.87201,0.00,0.00
2017.08.17 14:01:30.150,12.86971,12.87192,0.00,0.00
2017.08.17 14:01:30.352,12.87002,12.87238,0.00,0.00
2017.08.17 14:01:30.521,12.86968,12.87252,0.00,0.00
2017.08.17 14:01:30.571,12.86961,12.87139,0.00,0.00
2017.08.17 14:01:30.672,12.86902,12.87138,0.00,0.00
2017.08.17 14:01:30.874,12.86972,12.87142,0.00,0.00
2017.08.17 14:01:30.975,12.86962,12.87138,0.00,0.00
2017.08.17 14:01:31.311,12.86942,12.87138,0.00,0.00
2017.08.17 14:01:31.362,12.87001,12.87191,0.00,0.00
2017.08.17 14:01:31.413,12.87002,12.87238,0.00,0.00
2017.08.17 14:01:31.612,12.87001,12.87232,0.00,0.00
2017.08.17 14:01:31.714,12.87001,12.87239,0.00,0.00
2017.08.17 14:01:32.023,12.87041,12.87239,0.00,0.00
2017.08.17 14:01:32.175,12.87001,12.87239,0.00,0.00
2017.08.17 14:01:32.360,12.87002,12.87232,0.00,0.00
2017.08.17 14:01:32.536,12.86971,12.87232,0.00,0.00
2017.08.17 14:01:32.586,12.87001,12.87202,0.00,0.00
2017.08.17 14:01:32.637,12.86971,12.87189,0.00,0.00
2017.08.17 14:01:32.738,12.87002,12.87181,0.00,0.00
2017.08.17 14:01:32.839,12.87001,12.87239,0.00,0.00
2017.08.17 14:01:32.941,12.87001,12.87202,0.00,0.00
2017.08.17 14:01:33.247,12.86962,12.87138,0.00,0.00
2017.08.17 14:01:33.298,12.86971,12.87151,0.00,0.00
2017.08.17 14:01:33.349,12.86971,12.87162,0.00,0.00
2017.08.17 14:01:33.400,12.86968,12.87139,0.00,0.00
2017.08.17 14:01:33.451,12.86971,12.87239,0.00,0.00
2017.08.17 14:01:33.502,12.87001,12.87239,0.00,0.00
2017.08.17 14:01:33.805,12.87042,12.87238,0.00,0.00
2017.08.17 14:01:33.855,12.87071,12.87271,0.00,0.00
2017.08.17 14:01:33.957,12.87071,12.87289,0.00,0.00
2017.08.17 14:01:34.115,12.87071,12.87312,0.00,0.00
2017.08.17 14:01:34.266,12.87072,12.87332,0.00,0.00
2017.08.17 14:01:34.317,12.87102,12.87332,0.00,0.00
2017.08.17 14:01:34.619,12.87072,12.87288,0.00,0.00
2017.08.17 14:01:34.954,12.87102,12.87292,0.00,0.00
2017.08.17 14:01:35.005,12.87101,12.87339,0.00,0.00
2017.08.17 14:01:35.157,12.87102,12.87332,0.00,0.00
2017.08.17 14:01:35.366,12.87101,12.87339,0.00,0.00
2017.08.17 14:01:35.868,12.87201,12.87332,0.00,0.00
2017.08.17 14:01:35.972,12.87201,12.87342,0.00,0.00
2017.08.17 14:01:36.073,12.87201,12.87439,0.00,0.00
2017.08.17 14:01:36.229,12.87201,12.87422,0.00,0.00
2017.08.17 14:01:36.492,12.87201,12.87439,0.00,0.00
2017.08.17 14:01:36.543,12.87201,12.87412,0.00,0.00
2017.08.17 14:01:36.757,12.87201,12.87432,0.00,0.00
2017.08.17 14:01:36.858,12.87202,12.87438,0.00,0.00
2017.08.17 14:01:37.059,12.87202,12.87412,0.00,0.00
2017.08.17 14:01:37.289,12.87102,12.87351,0.00,0.00
2017.08.17 14:01:37.340,12.87101,12.87322,0.00,0.00
2017.08.17 14:01:37.441,12.87101,12.87332,0.00,0.00
2017.08.17 14:01:37.542,12.87101,12.87351,0.00,0.00
2017.08.17 14:01:37.848,12.87102,12.87332,0.00,0.00
2017.08.17 14:01:38.052,12.87048,12.87291,0.00,0.00
2017.08.17 14:01:38.103,12.87102,12.87291,0.00,0.00
2017.08.17 14:01:38.204,12.87101,12.87312,0.00,0.00
2017.08.17 14:01:38.305,12.87102,12.87338,0.00,0.00
2017.08.17 14:01:38.464,12.87088,12.87239,0.00,0.00
2017.08.17 14:01:38.565,12.87062,12.87238,0.00,0.00
2017.08.17 14:01:39.191,12.87101,12.87282,0.00,0.00
2017.08.17 14:01:39.242,12.87101,12.87291,0.00,0.00
2017.08.17 14:01:39.293,12.87072,12.87338,0.00,0.00
2017.08.17 14:01:39.344,12.87079,12.87338,0.00,0.00
2017.08.17 14:01:39.445,12.87072,12.87338,0.00,0.00
2017.08.17 14:01:39.546,12.87102,12.87312,0.00,0.00
2017.08.17 14:01:39.647,12.87102,12.87338,0.00,0.00
2017.08.17 14:01:39.908,12.87101,12.87291,0.00,0.00
2017.08.17 14:01:39.959,12.87102,12.87312,0.00,0.00
2017.08.17 14:01:40.060,12.87108,12.87339,0.00,0.00
2017.08.17 14:01:40.162,12.87271,12.87381,0.00,0.00
2017.08.17 14:01:40.263,12.87372,12.87532,0.00,0.00
2017.08.17 14:01:40.364,12.87371,12.87639,0.00,0.00
2017.08.17 14:01:40.580,12.87378,12.87639,0.00,0.00
2017.08.17 14:01:40.883,12.87371,12.87632,0.00,0.00
2017.08.17 14:01:41.251,12.87401,12.87629,0.00,0.00
2017.08.17 14:01:41.352,12.87371,12.87612,0.00,0.00
2017.08.17 14:01:41.474,12.87418,12.87612,0.00,0.00
2017.08.17 14:01:41.576,12.87418,12.87652,0.00,0.00
2017.08.17 14:01:41.677,12.87418,12.87672,0.00,0.00
2017.08.17 14:01:41.778,12.87418,12.87642,0.00,0.00
2017.08.17 14:01:42.088,12.87418,12.87661,0.00,0.00
2017.08.17 14:01:42.152,12.87418,12.87681,0.00,0.00
2017.08.17 14:01:42.268,12.87469,12.87681,0.00,0.00
2017.08.17 14:01:42.369,12.87501,12.87731,0.00,0.00
2017.08.17 14:01:42.420,12.87519,12.87731,0.00,0.00
2017.08.17 14:01:42.471,12.87519,12.87742,0.00,0.00
2017.08.17 14:01:42.717,12.87519,12.87751,0.00,0.00
2017.08.17 14:01:42.769,12.87519,12.87742,0.00,0.00
2017.08.17 14:01:43.075,12.87618,12.87852,0.00,0.00
2017.08.17 14:01:43.293,12.87719,12.87892,0.00,0.00
2017.08.17 14:01:43.395,12.87719,12.87931,0.00,0.00
2017.08.17 14:01:43.496,12.87719,12.87952,0.00,0.00
2017.08.17 14:01:43.821,12.87649,12.87781,0.00,0.00
2017.08.17 14:01:43.874,12.87519,12.87781,0.00,0.00
2017.08.17 14:01:43.975,12.87569,12.87751,0.00,0.00
2017.08.17 14:01:44.076,12.87571,12.87761,0.00,0.00
2017.08.17 14:01:44.178,12.87572,12.87832,0.00,0.00
2017.08.17 14:01:44.341,12.87618,12.87832,0.00,0.00
2017.08.17 14:01:44.593,12.87619,12.87842,0.00,0.00
2017.08.17 14:01:44.694,12.87619,12.87852,0.00,0.00
2017.08.17 14:01:44.745,12.87572,12.87808,0.00,0.00
2017.08.17 14:01:45.006,12.87618,12.87791,0.00,0.00
2017.08.17 14:01:45.107,12.87618,12.87882,0.00,0.00
2017.08.17 14:01:45.258,12.87608,12.87809,0.00,0.00
2017.08.17 14:01:45.410,12.87571,12.87831,0.00,0.00
2017.08.17 14:01:45.541,12.87651,12.87831,0.00,0.00
2017.08.17 14:01:45.592,12.87651,12.87881,0.00,0.00
2017.08.17 14:01:45.693,12.87618,12.87882,0.00,0.00
2017.08.17 14:01:45.850,12.87672,12.87892,0.00,0.00
2017.08.17 14:01:46.184,12.87918,12.88058,0.00,0.00
2017.08.17 14:01:46.236,12.87848,12.88059,0.00,0.00
2017.08.17 14:01:46.287,12.87818,12.88008,0.00,0.00
2017.08.17 14:01:46.338,12.87771,12.88029,0.00,0.00
2017.08.17 14:01:46.389,12.87772,12.88012,0.00,0.00
2017.08.17 14:01:46.613,12.87819,12.88081,0.00,0.00
2017.08.17 14:01:46.664,12.87919,12.88082,0.00,0.00
2017.08.17 14:01:46.714,12.87919,12.88129,0.00,0.00
2017.08.17 14:01:46.766,12.87858,12.88081,0.00,0.00
2017.08.17 14:01:46.917,12.87819,12.88061,0.00,0.00
2017.08.17 14:01:47.018,12.87819,12.88032,0.00,0.00
2017.08.17 14:01:47.069,12.87819,12.88042,0.00,0.00
2017.08.17 14:01:47.183,12.87868,12.88042,0.00,0.00
2017.08.17 14:01:47.234,12.87862,12.88081,0.00,0.00
2017.08.17 14:01:47.285,12.87841,12.88082,0.00,0.00
2017.08.17 14:01:47.460,12.87818,12.88082,0.00,0.00
2017.08.17 14:01:47.511,12.87772,12.87982,0.00,0.00
2017.08.17 14:01:47.780,12.87829,12.88089,0.00,0.00
2017.08.17 14:01:47.831,12.87809,12.88042,0.00,0.00
2017.08.17 14:01:48.133,12.87819,12.88052,0.00,0.00
2017.08.17 14:01:48.369,12.87819,12.88081,0.00,0.00
2017.08.17 14:01:48.448,12.88018,12.88121,0.00,0.00
2017.08.17 14:01:48.499,12.88018,12.88181,0.00,0.00
2017.08.17 14:01:48.603,12.88018,12.88259,0.00,0.00
2017.08.17 14:01:48.663,12.88018,12.88272,0.00,0.00
2017.08.17 14:01:48.880,12.88019,12.88282,0.00,0.00
2017.08.17 14:01:49.341,12.88072,12.88252,0.00,0.00
2017.08.17 14:01:49.391,12.88072,12.88292,0.00,0.00
2017.08.17 14:01:49.444,12.88171,12.88292,0.00,0.00
2017.08.17 14:01:49.494,12.88108,12.88382,0.00,0.00
2017.08.17 14:01:49.545,12.88108,12.88239,0.00,0.00
2017.08.17 14:01:49.671,12.88098,12.88252,0.00,0.00
2017.08.17 14:01:49.722,12.87982,12.88242,0.00,0.00
2017.08.17 14:01:49.823,12.87982,12.88231,0.00,0.00
2017.08.17 14:01:50.302,12.88172,12.88302,0.00,0.00
2017.08.17 14:01:50.403,12.88058,12.88252,0.00,0.00
2017.08.17 14:01:50.454,12.88161,12.88261,0.00,0.00
2017.08.17 14:01:50.505,12.88098,12.88239,0.00,0.00
2017.08.17 14:01:50.556,12.88098,12.88252,0.00,0.00
2017.08.17 14:01:50.607,12.88128,12.88238,0.00,0.00
2017.08.17 14:01:50.765,12.88022,12.88238,0.00,0.00
2017.08.17 14:01:51.018,12.87998,12.88189,0.00,0.00
2017.08.17 14:01:51.232,12.87829,12.88052,0.00,0.00
2017.08.17 14:01:51.333,12.87871,12.88039,0.00,0.00
2017.08.17 14:01:51.384,12.87841,12.88039,0.00,0.00
2017.08.17 14:01:51.485,12.87871,12.88051,0.00,0.00
2017.08.17 14:01:51.536,12.87871,12.88062,0.00,0.00
2017.08.17 14:01:51.588,12.87808,12.88039,0.00,0.00
2017.08.17 14:01:51.644,12.87799,12.88038,0.00,0.00
2017.08.17 14:01:51.791,12.87799,12.87938,0.00,0.00
2017.08.17 14:01:51.842,12.87772,12.87952,0.00,0.00
2017.08.17 14:01:51.893,12.87672,12.87938,0.00,0.00
2017.08.17 14:01:51.944,12.87669,12.87951,0.00,0.00
2017.08.17 14:01:51.997,12.87668,12.87888,0.00,0.00
2017.08.17 14:01:52.047,12.87672,12.87928,0.00,0.00
2017.08.17 14:01:52.098,12.87671,12.87922,0.00,0.00
2017.08.17 14:01:52.424,12.87638,12.87902,0.00,0.00
2017.08.17 14:01:52.477,12.87658,12.87838,0.00,0.00
2017.08.17 14:01:52.528,12.87628,12.87839,0.00,0.00
2017.08.17 14:01:52.579,12.87662,12.87838,0.00,0.00
2017.08.17 14:01:52.832,12.87759,12.87939,0.00,0.00
2017.08.17 14:01:52.883,12.87748,12.87852,0.00,0.00
2017.08.17 14:01:53.065,12.87272,12.87452,0.00,0.00
2017.08.17 14:01:53.116,12.87451,12.87551,0.00,0.00
2017.08.17 14:01:53.268,12.87458,12.87632,0.00,0.00
2017.08.17 14:01:53.318,12.87488,12.87588,0.00,0.00
2017.08.17 14:01:53.420,12.87371,12.87551,0.00,0.00
2017.08.17 14:01:53.521,12.87329,12.87451,0.00,0.00
2017.08.17 14:01:53.738,12.87271,12.87542,0.00,0.00
2017.08.17 14:01:53.789,12.87371,12.87552,0.00,0.00
2017.08.17 14:01:53.839,12.87371,12.87571,0.00,0.00
2017.08.17 14:01:53.941,12.87408,12.87601,0.00,0.00
2017.08.17 14:01:54.244,12.87319,12.87542,0.00,0.00
2017.08.17 14:01:54.403,12.87301,12.87542,0.00,0.00
2017.08.17 14:01:54.556,12.87318,12.87572,0.00,0.00
2017.08.17 14:01:54.657,12.87291,12.87509,0.00,0.00
2017.08.17 14:01:54.708,12.87299,12.87529,0.00,0.00
2017.08.17 14:01:54.758,12.87299,12.87509,0.00,0.00
2017.08.17 14:01:54.809,12.87218,12.87429,0.00,0.00
2017.08.17 14:01:54.910,12.87249,12.87429,0.00,0.00
2017.08.17 14:01:55.122,12.87298,12.87521,0.00,0.00
2017.08.17 14:01:55.175,12.87282,12.87511,0.00,0.00
2017.08.17 14:01:55.226,12.87288,12.87511,0.00,0.00
2017.08.17 14:01:55.328,12.87278,12.87528,0.00,0.00
2017.08.17 14:01:55.379,12.87278,12.87562,0.00,0.00
2017.08.17 14:01:55.430,12.87309,12.87532,0.00,0.00
2017.08.17 14:01:55.581,12.87372,12.87608,0.00,0.00
2017.08.17 14:01:55.783,12.87388,12.87609,0.00,0.00
2017.08.17 14:01:55.836,12.87422,12.87662,0.00,0.00
2017.08.17 14:01:55.887,12.87521,12.87662,0.00,0.00
2017.08.17 14:01:56.040,12.87571,12.87779,0.00,0.00
2017.08.17 14:01:56.092,12.87522,12.87688,0.00,0.00
2017.08.17 14:01:56.244,12.87471,12.87689,0.00,0.00
2017.08.17 14:01:56.294,12.87449,12.87599,0.00,0.00
2017.08.17 14:01:56.345,12.87438,12.87639,0.00,0.00
2017.08.17 14:01:56.449,12.87408,12.87639,0.00,0.00
2017.08.17 14:01:56.499,12.87472,12.87662,0.00,0.00
2017.08.17 14:01:56.752,12.87558,12.87779,0.00,0.00
2017.08.17 14:01:56.903,12.87548,12.87739,0.00,0.00
2017.08.17 14:01:56.953,12.87542,12.87738,0.00,0.00
2017.08.17 14:01:57.004,12.87551,12.87739,0.00,0.00
2017.08.17 14:01:57.320,12.87548,12.87738,0.00,0.00
2017.08.17 14:01:57.421,12.87511,12.87739,0.00,0.00
2017.08.17 14:01:57.574,12.87498,12.87751,0.00,0.00
2017.08.17 14:01:57.625,12.87511,12.87739,0.00,0.00
2017.08.17 14:01:57.964,12.87488,12.87652,0.00,0.00
2017.08.17 14:01:58.015,12.87412,12.87652,0.00,0.00
2017.08.17 14:01:58.066,12.87442,12.87652,0.00,0.00
2017.08.17 14:01:58.270,12.87501,12.87712,0.00,0.00
2017.08.17 14:01:58.371,12.87501,12.87732,0.00,0.00
2017.08.17 14:01:58.421,12.87528,12.87738,0.00,0.00
2017.08.17 14:01:58.472,12.87528,12.87752,0.00,0.00
2017.08.17 14:01:58.522,12.87528,12.87739,0.00,0.00
2017.08.17 14:01:58.771,12.87601,12.87822,0.00,0.00
2017.08.17 14:01:58.822,12.87618,12.87838,0.00,0.00
2017.08.17 14:01:59.076,12.87599,12.87852,0.00,0.00
2017.08.17 14:01:59.127,12.87601,12.87839,0.00,0.00
2017.08.17 14:01:59.450,12.87708,12.87951,0.00,0.00
2017.08.17 14:01:59.502,12.87708,12.87938,0.00,0.00
2017.08.17 14:01:59.756,12.87668,12.87901,0.00,0.00
2017.08.17 14:01:59.814,12.87668,12.87838,0.00,0.00
2017.08.17 14:01:59.865,12.87628,12.87852,0.00,0.00
2017.08.17 14:01:59.916,12.87642,12.87838,0.00,0.00
2017.08.17 14:02:00.064,12.87589,12.87852,0.00,0.00
2017.08.17 14:02:00.115,12.87608,12.87871,0.00,0.00
2017.08.17 14:02:00.417,12.87702,12.87872,0.00,0.00
2017.08.17 14:02:00.569,12.87689,12.87889,0.00,0.00
2017.08.17 14:02:00.619,12.87689,12.87828,0.00,0.00
2017.08.17 14:02:00.670,12.87629,12.87842,0.00,0.00
2017.08.17 14:02:00.769,12.87578,12.87842,0.00,0.00
2017.08.17 14:02:00.819,12.87578,12.87729,0.00,0.00
2017.08.17 14:02:00.870,12.87551,12.87742,0.00,0.00
2017.08.17 14:02:00.971,12.87509,12.87741,0.00,0.00
2017.08.17 14:02:01.022,12.87488,12.87741,0.00,0.00
2017.08.17 14:02:01.084,12.87542,12.87728,0.00,0.00
2017.08.17 14:02:01.135,12.87551,12.87792,0.00,0.00
2017.08.17 14:02:01.186,12.87602,12.87792,0.00,0.00
2017.08.17 14:02:01.237,12.87601,12.87829,0.00,0.00
2017.08.17 14:02:01.458,12.87678,12.87828,0.00,0.00
2017.08.17 14:02:01.661,12.87608,12.87828,0.00,0.00
2017.08.17 14:02:01.762,12.87569,12.87779,0.00,0.00
2017.08.17 14:02:01.863,12.87559,12.87792,0.00,0.00
2017.08.17 14:02:01.914,12.87559,12.87829,0.00,0.00
2017.08.17 14:02:01.965,12.87548,12.87779,0.00,0.00
2017.08.17 14:02:02.269,12.87499,12.87742,0.00,0.00
2017.08.17 14:02:02.327,12.87488,12.87742,0.00,0.00
2017.08.17 14:02:02.428,12.87501,12.87729,0.00,0.00
2017.08.17 14:02:02.479,12.87419,12.87692,0.00,0.00
2017.08.17 14:02:02.529,12.87552,12.87728,0.00,0.00
2017.08.17 14:02:02.697,12.87538,12.87741,0.00,0.00
2017.08.17 14:02:02.748,12.87559,12.87781,0.00,0.00
2017.08.17 14:02:02.849,12.87559,12.87728,0.00,0.00
2017.08.17 14:02:02.950,12.87501,12.87729,0.00,0.00
2017.08.17 14:02:03.051,12.87478,12.87678,0.00,0.00
2017.08.17 14:02:03.203,12.87501,12.87729,0.00,0.00
2017.08.17 14:02:03.575,12.87508,12.87728,0.00,0.00
2017.08.17 14:02:03.776,12.87478,12.87729,0.00,0.00
2017.08.17 14:02:03.878,12.87468,12.87729,0.00,0.00
2017.08.17 14:02:03.928,12.87521,12.87729,0.00,0.00
2017.08.17 14:02:04.303,12.87601,12.87779,0.00,0.00
2017.08.17 14:02:04.456,12.87601,12.87829,0.00,0.00
2017.08.17 14:02:04.557,12.87572,12.87828,0.00,0.00
2017.08.17 14:02:04.607,12.87552,12.87778,0.00,0.00
2017.08.17 14:02:04.910,12.87552,12.87728,0.00,0.00
2017.08.17 14:02:05.015,12.87521,12.87729,0.00,0.00
2017.08.17 14:02:05.183,12.87539,12.87729,0.00,0.00
2017.08.17 14:02:05.234,12.87518,12.87729,0.00,0.00
2017.08.17 14:02:05.335,12.87502,12.87728,0.00,0.00
2017.08.17 14:02:05.437,12.87571,12.87762,0.00,0.00
2017.08.17 14:02:05.588,12.87548,12.87782,0.00,0.00
2017.08.17 14:02:05.639,12.87602,12.87828,0.00,0.00
2017.08.17 14:02:05.963,12.87501,12.87641,0.00,0.00
2017.08.17 14:02:06.015,12.87471,12.87641,0.00,0.00
2017.08.17 14:02:06.116,12.87461,12.87641,0.00,0.00
2017.08.17 14:02:06.217,12.87401,12.87629,0.00,0.00
2017.08.17 14:02:06.722,12.87369,12.87528,0.00,0.00
2017.08.17 14:02:06.773,12.87371,12.87562,0.00,0.00
2017.08.17 14:02:06.824,12.87402,12.87562,0.00,0.00
2017.08.17 14:02:06.875,12.87402,12.87581,0.00,0.00
2017.08.17 14:02:06.978,12.87402,12.87628,0.00,0.00
2017.08.17 14:02:07.604,12.87442,12.87628,0.00,0.00
2017.08.17 14:02:07.907,12.87471,12.87679,0.00,0.00
2017.08.17 14:02:08.008,12.87501,12.87692,0.00,0.00
2017.08.17 14:02:08.058,12.87501,12.87711,0.00,0.00
2017.08.17 14:02:08.205,12.87501,12.87729,0.00,0.00
2017.08.17 14:02:08.256,12.87468,12.87691,0.00,0.00
2017.08.17 14:02:08.559,12.87371,12.87542,0.00,0.00
2017.08.17 14:02:08.660,12.87372,12.87578,0.00,0.00
2017.08.17 14:02:09.110,12.87402,12.87611,0.00,0.00
2017.08.17 14:02:09.161,12.87401,12.87629,0.00,0.00
2017.08.17 14:02:09.656,12.87371,12.87579,0.00,0.00
2017.08.17 14:02:09.775,12.87302,12.87571,0.00,0.00
2017.08.17 14:02:09.826,12.87361,12.87529,0.00,0.00
2017.08.17 14:02:09.927,12.87342,12.87528,0.00,0.00
2017.08.17 14:02:10.079,12.87308,12.87529,0.00,0.00
2017.08.17 14:02:10.180,12.87302,12.87528,0.00,0.00
2017.08.17 14:02:10.388,12.87371,12.87529,0.00,0.00
2017.08.17 14:02:10.439,12.87361,12.87529,0.00,0.00
2017.08.17 14:02:10.607,12.87319,12.87528,0.00,0.00
2017.08.17 14:02:10.708,12.87301,12.87529,0.00,0.00
2017.08.17 14:02:10.860,12.87279,12.87442,0.00,0.00
2017.08.17 14:02:10.961,12.87201,12.87442,0.00,0.00
2017.08.17 14:02:11.166,12.87218,12.87442,0.00,0.00
2017.08.17 14:02:11.268,12.87201,12.87442,0.00,0.00
2017.08.17 14:02:11.606,12.87189,12.87442,0.00,0.00
2017.08.17 14:02:11.657,12.87202,12.87442,0.00,0.00
2017.08.17 14:02:11.972,12.87228,12.87442,0.00,0.00
2017.08.17 14:02:12.073,12.87201,12.87442,0.00,0.00
2017.08.17 14:02:12.197,12.87228,12.87442,0.00,0.00
2017.08.17 14:02:12.298,12.87202,12.87442,0.00,0.00
2017.08.17 14:02:12.505,12.87208,12.87442,0.00,0.00
2017.08.17 14:02:13.217,12.87301,12.87529,0.00,0.00
2017.08.17 14:02:13.318,12.87318,12.87571,0.00,0.00
2017.08.17 14:02:13.369,12.87372,12.87571,0.00,0.00
2017.08.17 14:02:13.470,12.87371,12.87582,0.00,0.00
2017.08.17 14:02:13.522,12.87358,12.87582,0.00,0.00
2017.08.17 14:02:13.573,12.87348,12.87582,0.00,0.00
2017.08.17 14:02:13.676,12.87318,12.87582,0.00,0.00
2017.08.17 14:02:13.995,12.87318,12.87562,0.00,0.00
2017.08.17 14:02:14.298,12.87371,12.87582,0.00,0.00
2017.08.17 14:02:14.348,12.87362,12.87582,0.00,0.00
2017.08.17 14:02:14.449,12.87341,12.87582,0.00,0.00
2017.08.17 14:02:14.625,12.87361,12.87582,0.00,0.00
2017.08.17 14:02:14.687,12.87318,12.87582,0.00,0.00
2017.08.17 14:02:14.788,12.87349,12.87582,0.00,0.00
2017.08.17 14:02:14.889,12.87318,12.87572,0.00,0.00
2017.08.17 14:02:14.940,12.87301,12.87529,0.00,0.00
2017.08.17 14:02:15.324,12.87361,12.87529,0.00,0.00
2017.08.17 14:02:15.489,12.87342,12.87528,0.00,0.00
2017.08.17 14:02:15.540,12.87339,12.87529,0.00,0.00
2017.08.17 14:02:15.691,12.87511,12.87611,0.00,0.00
2017.08.17 14:02:15.940,12.87511,12.87729,0.00,0.00
2017.08.17 14:02:16.042,12.87561,12.87742,0.00,0.00
2017.08.17 14:02:16.093,12.87539,12.87729,0.00,0.00
2017.08.17 14:02:16.143,12.87539,12.87679,0.00,0.00
2017.08.17 14:02:16.195,12.87529,12.87679,0.00,0.00
2017.08.17 14:02:16.297,12.87449,12.87628,0.00,0.00
2017.08.17 14:02:16.451,12.87419,12.87629,0.00,0.00
2017.08.17 14:02:16.502,12.87412,12.87628,0.00,0.00
2017.08.17 14:02:17.008,12.87378,12.87642,0.00,0.00
2017.08.17 14:02:17.173,12.87411,12.87629,0.00,0.00
2017.08.17 14:02:17.728,12.87411,12.87622,0.00,0.00
2017.08.17 14:02:17.886,12.87412,12.87628,0.00,0.00
2017.08.17 14:02:17.937,12.87511,12.87691,0.00,0.00
2017.08.17 14:02:17.988,12.87511,12.87712,0.00,0.00
2017.08.17 14:02:18.089,12.87512,12.87728,0.00,0.00
2017.08.17 14:02:18.190,12.87572,12.87772,0.00,0.00
2017.08.17 14:02:18.341,12.87511,12.87729,0.00,0.00
2017.08.17 14:02:18.489,12.87511,12.87691,0.00,0.00
2017.08.17 14:02:18.540,12.87472,12.87678,0.00,0.00
2017.08.17 14:02:18.590,12.87461,12.87629,0.00,0.00
2017.08.17 14:02:18.641,12.87412,12.87628,0.00,0.00
2017.08.17 14:02:18.842,12.87472,12.87661,0.00,0.00
2017.08.17 14:02:18.893,12.87448,12.87651,0.00,0.00
2017.08.17 14:02:18.943,12.87472,12.87651,0.00,0.00
2017.08.17 14:02:18.995,12.87471,12.87729,0.00,0.00
2017.08.17 14:02:19.046,12.87511,12.87729,0.00,0.00
2017.08.17 14:02:19.320,12.87471,12.87722,0.00,0.00
2017.08.17 14:02:19.421,12.87462,12.87722,0.00,0.00
2017.08.17 14:02:19.573,12.87512,12.87721,0.00,0.00
2017.08.17 14:02:19.725,12.87511,12.87729,0.00,0.00
2017.08.17 14:02:20.140,12.87512,12.87692,0.00,0.00
2017.08.17 14:02:20.341,12.87412,12.87628,0.00,0.00
2017.08.17 14:02:20.442,12.87441,12.87629,0.00,0.00
2017.08.17 14:02:20.776,12.87511,12.87682,0.00,0.00
2017.08.17 14:02:20.827,12.87512,12.87728,0.00,0.00
2017.08.17 14:02:20.886,12.87478,12.87741,0.00,0.00
2017.08.17 14:02:20.936,12.87478,12.87679,0.00,0.00
2017.08.17 14:02:21.138,12.87411,12.87629,0.00,0.00
2017.08.17 14:02:21.500,12.87471,12.87629,0.00,0.00
2017.08.17 14:02:21.602,12.87471,12.87679,0.00,0.00
2017.08.17 14:02:21.754,12.87441,12.87629,0.00,0.00
2017.08.17 14:02:21.905,12.87412,12.87628,0.00,0.00
2017.08.17 14:02:22.245,12.87412,12.87622,0.00,0.00
2017.08.17 14:02:22.296,12.87411,12.87629,0.00,0.00
2017.08.17 14:02:22.397,12.87378,12.87541,0.00,0.00
2017.08.17 14:02:22.548,12.87411,12.87629,0.00,0.00
2017.08.17 14:02:22.599,12.87372,12.87628,0.00,0.00
2017.08.17 14:02:22.649,12.87372,12.87578,0.00,0.00
2017.08.17 14:02:22.851,12.87372,12.87621,0.00,0.00
2017.08.17 14:02:22.981,12.87371,12.87579,0.00,0.00
2017.08.17 14:02:23.084,12.87371,12.87591,0.00,0.00
2017.08.17 14:02:23.135,12.87371,12.87579,0.00,0.00
2017.08.17 14:02:23.438,12.87378,12.87541,0.00,0.00
2017.08.17 14:02:23.740,12.87301,12.87529,0.00,0.00
2017.08.17 14:02:23.792,12.87361,12.87529,0.00,0.00
2017.08.17 14:02:23.843,12.87362,12.87542,0.00,0.00
2017.08.17 14:02:23.893,12.87411,12.87542,0.00,0.00
2017.08.17 14:02:23.944,12.87371,12.87542,0.00,0.00
2017.08.17 14:02:23.995,12.87362,12.87578,0.00,0.00
2017.08.17 14:02:24.046,12.87398,12.87592,0.00,0.00
2017.08.17 14:02:24.148,12.87371,12.87579,0.00,0.00
2017.08.17 14:02:24.249,12.87371,12.87529,0.00,0.00
2017.08.17 14:02:24.300,12.87371,12.87542,0.00,0.00
2017.08.17 14:02:24.412,12.87368,12.87542,0.00,0.00
2017.08.17 14:02:24.463,12.87368,12.87529,0.00,0.00
2017.08.17 14:02:24.514,12.87301,12.87529,0.00,0.00
2017.08.17 14:02:24.716,12.87308,12.87528,0.00,0.00
2017.08.17 14:02:24.817,12.87301,12.87529,0.00,0.00
2017.08.17 14:02:24.918,12.87278,12.87529,0.00,0.00
2017.08.17 14:02:25.120,12.87261,12.87491,0.00,0.00
2017.08.17 14:02:25.438,12.87262,12.87442,0.00,0.00
2017.08.17 14:02:25.639,12.87249,12.87442,0.00,0.00
2017.08.17 14:02:25.690,12.87271,12.87442,0.00,0.00
2017.08.17 14:02:25.741,12.87271,12.87451,0.00,0.00
2017.08.17 14:02:25.842,12.87202,12.87451,0.00,0.00
2017.08.17 14:02:26.228,12.87271,12.87452,0.00,0.00
2017.08.17 14:02:26.329,12.87272,12.87491,0.00,0.00
2017.08.17 14:02:26.430,12.87271,12.87539,0.00,0.00
2017.08.17 14:02:26.480,12.87258,12.87488,0.00,0.00
2017.08.17 14:02:26.632,12.87201,12.87439,0.00,0.00
2017.08.17 14:02:26.682,12.87312,12.87442,0.00,0.00
2017.08.17 14:02:26.834,12.87312,12.87538,0.00,0.00
2017.08.17 14:02:26.886,12.87311,12.87501,0.00,0.00
2017.08.17 14:02:27.038,12.87311,12.87539,0.00,0.00
2017.08.17 14:02:27.239,12.87311,12.87531,0.00,0.00
2017.08.17 14:02:27.441,12.87311,12.87539,0.00,0.00
2017.08.17 14:02:27.492,12.87312,12.87488,0.00,0.00
2017.08.17 14:02:27.542,12.87311,12.87501,0.00,0.00
2017.08.17 14:02:27.696,12.87311,12.87522,0.00,0.00
2017.08.17 14:02:27.747,12.87311,12.87539,0.00,0.00
2017.08.17 14:02:28.252,12.87311,12.87532,0.00,0.00
2017.08.17 14:02:28.353,12.87311,12.87539,0.00,0.00
2017.08.17 14:02:28.531,12.87311,12.87521,0.00,0.00
2017.08.17 14:02:28.833,12.87336,12.87531,0.00,0.00
2017.08.17 14:02:28.934,12.87312,12.87538,0.00,0.00
2017.08.17 14:02:29.136,12.87311,12.87521,0.00,0.00
2017.08.17 14:02:29.237,12.87311,12.87539,0.00,0.00
2017.08.17 14:02:29.577,12.87406,12.87582,0.00,0.00
2017.08.17 14:02:29.679,12.87361,12.87551,0.00,0.00
2017.08.17 14:02:29.729,12.87363,12.87538,0.00,0.00
2017.08.17 14:02:29.830,12.87312,12.87538,0.00,0.00
2017.08.17 14:02:29.931,12.87406,12.87552,0.00,0.00
2017.08.17 14:02:29.982,12.87371,12.87552,0.00,0.00
2017.08.17 14:02:30.033,12.87361,12.87539,0.00,0.00
2017.08.17 14:02:30.084,12.87312,12.87538,0.00,0.00
2017.08.17 14:02:30.294,12.87337,12.87538,0.00,0.00
2017.08.17 14:02:30.597,12.87506,12.87651,0.00,0.00
2017.08.17 14:02:30.648,12.87506,12.87711,0.00,0.00
2017.08.17 14:02:30.750,12.87506,12.87739,0.00,0.00
2017.08.17 14:02:30.851,12.87471,12.87689,0.00,0.00
2017.08.17 14:02:30.968,12.87471,12.87722,0.00,0.00
2017.08.17 14:02:31.022,12.87471,12.87688,0.00,0.00
2017.08.17 14:02:31.127,12.87471,12.87731,0.00,0.00
2017.08.17 14:02:31.178,12.87459,12.87688,0.00,0.00
2017.08.17 14:02:31.330,12.87378,12.87652,0.00,0.00
2017.08.17 14:02:31.380,12.87406,12.87639,0.00,0.00
2017.08.17 14:02:31.724,12.87456,12.87639,0.00,0.00
2017.08.17 14:02:31.776,12.87441,12.87639,0.00,0.00
2017.08.17 14:02:32.021,12.87418,12.87639,0.00,0.00
2017.08.17 14:02:32.072,12.87411,12.87639,0.00,0.00
2017.08.17 14:02:32.274,12.87506,12.87661,0.00,0.00
2017.08.17 14:02:32.375,12.87507,12.87702,0.00,0.00
2017.08.17 14:02:32.833,12.87461,12.87689,0.00,0.00
2017.08.17 14:02:32.884,12.87461,12.87638,0.00,0.00
2017.08.17 14:02:33.035,12.87412,12.87638,0.00,0.00
2017.08.17 14:02:33.260,12.87436,12.87639,0.00,0.00
2017.08.17 14:02:33.498,12.87429,12.87638,0.00,0.00
2017.08.17 14:02:33.599,12.87512,12.87702,0.00,0.00
2017.08.17 14:02:33.700,12.87512,12.87712,0.00,0.00
2017.08.17 14:02:33.751,12.87511,12.87739,0.00,0.00
2017.08.17 14:02:34.051,12.87512,12.87732,0.00,0.00
2017.08.17 14:02:34.153,12.87471,12.87702,0.00,0.00
2017.08.17 14:02:34.204,12.87472,12.87688,0.00,0.00
2017.08.17 14:02:34.406,12.87428,12.87652,0.00,0.00
2017.08.17 14:02:34.457,12.87438,12.87639,0.00,0.00
2017.08.17 14:02:34.558,12.87411,12.87639,0.00,0.00
2017.08.17 14:02:34.608,12.87379,12.87552,0.00,0.00
2017.08.17 14:02:34.659,12.87368,12.87552,0.00,0.00
2017.08.17 14:02:34.775,12.87361,12.87552,0.00,0.00
2017.08.17 14:02:34.826,12.87412,12.87582,0.00,0.00
2017.08.17 14:02:34.877,12.87371,12.87639,0.00,0.00
2017.08.17 14:02:34.927,12.87411,12.87639,0.00,0.00
2017.08.17 14:02:35.079,12.87369,12.87609,0.00,0.00
2017.08.17 14:02:35.130,12.87369,12.87538,0.00,0.00
2017.08.17 14:02:35.180,12.87358,12.87538,0.00,0.00
2017.08.17 14:02:35.231,12.87412,12.87638,0.00,0.00
2017.08.17 14:02:35.281,12.87372,12.87592,0.00,0.00
2017.08.17 14:02:35.382,12.87411,12.87639,0.00,0.00
2017.08.17 14:02:35.715,12.87512,12.87662,0.00,0.00
2017.08.17 14:02:35.767,12.87512,12.87702,0.00,0.00
2017.08.17 14:02:35.868,12.87512,12.87738,0.00,0.00
2017.08.17 14:02:36.429,12.87511,12.87739,0.00,0.00
2017.08.17 14:02:36.789,12.87469,12.87688,0.00,0.00
2017.08.17 14:02:37.057,12.87411,12.87639,0.00,0.00
2017.08.17 14:02:37.360,12.87388,12.87652,0.00,0.00
2017.08.17 14:02:37.410,12.87411,12.87639,0.00,0.00
2017.08.17 14:02:37.713,12.87372,12.87551,0.00,0.00
2017.08.17 14:02:37.763,12.87361,12.87551,0.00,0.00
2017.08.17 14:02:37.920,12.87361,12.87601,0.00,0.00
2017.08.17 14:02:37.980,12.87411,12.87601,0.00,0.00
2017.08.17 14:02:38.031,12.87411,12.87622,0.00,0.00
2017.08.17 14:02:38.082,12.87411,12.87639,0.00,0.00
2017.08.17 14:02:38.435,12.87471,12.87681,0.00,0.00
2017.08.17 14:02:38.700,12.87512,12.87738,0.00,0.00
2017.08.17 14:02:39.373,12.87511,12.87739,0.00,0.00
2017.08.17 14:02:40.086,12.87512,12.87738,0.00,0.00
2017.08.17 14:02:40.517,12.87611,12.87782,0.00,0.00
2017.08.17 14:02:40.669,12.87611,12.87839,0.00,0.00
2017.08.17 14:02:40.838,12.87599,12.87788,0.00,0.00
2017.08.17 14:02:41.066,12.87511,12.87739,0.00,0.00
2017.08.17 14:02:41.117,12.87571,12.87761,0.00,0.00
2017.08.17 14:02:41.269,12.87612,12.87838,0.00,0.00
2017.08.17 14:02:41.673,12.87661,12.87832,0.00,0.00
2017.08.17 14:02:41.723,12.87642,12.87832,0.00,0.00
2017.08.17 14:02:41.774,12.87641,12.87839,0.00,0.00
2017.08.17 14:02:41.825,12.87662,12.87838,0.00,0.00
2017.08.17 14:02:41.982,12.87712,12.87902,0.00,0.00
2017.08.17 14:02:42.083,12.87711,12.87939,0.00,0.00
2017.08.17 14:02:42.284,12.87678,12.87838,0.00,0.00
2017.08.17 14:02:42.385,12.87612,12.87838,0.00,0.00
2017.08.17 14:02:42.436,12.87672,12.87838,0.00,0.00
2017.08.17 14:02:42.487,12.87672,12.87841,0.00,0.00
2017.08.17 14:02:42.588,12.87671,12.87889,0.00,0.00
2017.08.17 14:02:42.712,12.87661,12.87839,0.00,0.00
2017.08.17 14:02:42.825,12.87638,12.87838,0.00,0.00
2017.08.17 14:02:42.876,12.87611,12.87839,0.00,0.00
2017.08.17 14:02:42.926,12.87661,12.87862,0.00,0.00
2017.08.17 14:02:43.229,12.87642,12.87838,0.00,0.00
2017.08.17 14:02:43.280,12.87611,12.87839,0.00,0.00
2017.08.17 14:02:43.564,12.87561,12.87752,0.00,0.00
2017.08.17 14:02:43.796,12.87511,12.87752,0.00,0.00
2017.08.17 14:02:44.052,12.87612,12.87752,0.00,0.00
2017.08.17 14:02:44.103,12.87572,12.87788,0.00,0.00
2017.08.17 14:02:44.154,12.87611,12.87792,0.00,0.00
2017.08.17 14:02:44.305,12.87598,12.87789,0.00,0.00
2017.08.17 14:02:44.507,12.87561,12.87739,0.00,0.00
2017.08.17 14:02:44.658,12.87571,12.87751,0.00,0.00
2017.08.17 14:02:44.709,12.87572,12.87781,0.00,0.00
2017.08.17 14:02:44.810,12.87571,12.87789,0.00,0.00
2017.08.17 14:02:45.086,12.87572,12.87838,0.00,0.00
2017.08.17 14:02:45.137,12.87571,12.87789,0.00,0.00
2017.08.17 14:02:45.368,12.87612,12.87838,0.00,0.00
2017.08.17 14:02:45.758,12.87599,12.87838,0.00,0.00
2017.08.17 14:02:45.859,12.87612,12.87838,0.00,0.00
2017.08.17 14:02:46.199,12.87618,12.87839,0.00,0.00
2017.08.17 14:02:46.503,12.87712,12.87892,0.00,0.00
2017.08.17 14:02:46.604,12.87712,12.87938,0.00,0.00
2017.08.17 14:02:46.654,12.87688,12.87902,0.00,0.00
2017.08.17 14:02:46.940,12.87612,12.87838,0.00,0.00
2017.08.17 14:02:47.396,12.87588,12.87829,0.00,0.00
2017.08.17 14:02:47.447,12.87588,12.87788,0.00,0.00
2017.08.17 14:02:47.497,12.87571,12.87789,0.00,0.00
2017.08.17 14:02:47.598,12.87518,12.87739,0.00,0.00
2017.08.17 14:02:47.649,12.87542,12.87738,0.00,0.00
2017.08.17 14:02:47.987,12.87579,12.87838,0.00,0.00
2017.08.17 14:02:48.037,12.87579,12.87788,0.00,0.00
2017.08.17 14:02:48.189,12.87541,12.87752,0.00,0.00
2017.08.17 14:02:48.239,12.87611,12.87752,0.00,0.00
2017.08.17 14:02:48.391,12.87712,12.87901,0.00,0.00
2017.08.17 14:02:48.598,12.87711,12.87939,0.00,0.00
2017.08.17 14:02:48.699,12.87771,12.87932,0.00,0.00
2017.08.17 14:02:48.901,12.87912,12.88111,0.00,0.00
2017.08.17 14:02:49.002,12.88012,12.88132,0.00,0.00
2017.08.17 14:02:49.053,12.87972,12.88132,0.00,0.00
2017.08.17 14:02:49.104,12.87971,12.88152,0.00,0.00
2017.08.17 14:02:49.238,12.87971,12.88189,0.00,0.00
2017.08.17 14:02:49.288,12.87928,12.88138,0.00,0.00
2017.08.17 14:02:49.521,12.87871,12.88101,0.00,0.00
2017.08.17 14:02:49.572,12.87871,12.88089,0.00,0.00
2017.08.17 14:02:49.835,12.87811,12.88039,0.00,0.00
2017.08.17 14:02:49.937,12.87812,12.88021,0.00,0.00
2017.08.17 14:02:49.988,12.87812,12.88031,0.00,0.00
2017.08.17 14:02:50.039,12.87841,12.88031,0.00,0.00
2017.08.17 14:02:50.241,12.87811,12.88031,0.00,0.00
2017.08.17 14:02:50.292,12.87811,12.87991,0.00,0.00
2017.08.17 14:02:50.503,12.87871,12.88062,0.00,0.00
2017.08.17 14:02:50.555,12.87911,12.88062,0.00,0.00
2017.08.17 14:02:50.605,12.87911,12.88101,0.00,0.00
2017.08.17 14:02:50.658,12.87872,12.88088,0.00,0.00
2017.08.17 14:02:50.709,12.87871,12.88129,0.00,0.00
2017.08.17 14:02:50.810,12.87859,12.88088,0.00,0.00
2017.08.17 14:02:51.134,12.87871,12.88051,0.00,0.00
2017.08.17 14:02:51.185,12.87871,12.88072,0.00,0.00
2017.08.17 14:02:51.286,12.87861,12.88039,0.00,0.00
2017.08.17 14:02:51.336,12.87862,12.88052,0.00,0.00
2017.08.17 14:02:51.387,12.87861,12.88089,0.00,0.00
2017.08.17 14:02:51.538,12.87912,12.88092,0.00,0.00
2017.08.17 14:02:51.742,12.87892,12.88138,0.00,0.00
2017.08.17 14:02:51.950,12.87892,12.88088,0.00,0.00
2017.08.17 14:02:52.051,12.87841,12.88039,0.00,0.00
2017.08.17 14:02:52.152,12.87818,12.88039,0.00,0.00
2017.08.17 14:02:52.203,12.87811,12.88039,0.00,0.00
2017.08.17 14:02:52.505,12.87862,12.88038,0.00,0.00
2017.08.17 14:02:52.556,12.87812,12.88038,0.00,0.00
2017.08.17 14:02:52.606,12.87819,12.88039,0.00,0.00
2017.08.17 14:02:52.731,12.87811,12.88039,0.00,0.00
2017.08.17 14:02:52.984,12.87771,12.88039,0.00,0.00
2017.08.17 14:02:53.085,12.87811,12.87989,0.00,0.00
2017.08.17 14:02:53.135,12.87762,12.88002,0.00,0.00
2017.08.17 14:02:53.186,12.87761,12.88039,0.00,0.00
2017.08.17 14:02:53.237,12.87801,12.88022,0.00,0.00
2017.08.17 14:02:53.577,12.87802,12.88011,0.00,0.00
2017.08.17 14:02:53.628,12.87801,12.88039,0.00,0.00
2017.08.17 14:02:53.831,12.87808,12.88039,0.00,0.00
2017.08.17 14:02:53.932,12.87801,12.88039,0.00,0.00
2017.08.17 14:02:53.983,12.87901,12.88081,0.00,0.00
2017.08.17 14:02:54.134,12.87891,12.88139,0.00,0.00
2017.08.17 14:02:54.309,12.87891,12.88051,0.00,0.00
2017.08.17 14:02:54.410,12.87881,12.88042,0.00,0.00
2017.08.17 14:02:54.461,12.87891,12.88042,0.00,0.00
2017.08.17 14:02:54.512,12.87901,12.88082,0.00,0.00
2017.08.17 14:02:54.562,12.88001,12.88101,0.00,0.00
2017.08.17 14:02:54.613,12.87991,12.88091,0.00,0.00
2017.08.17 14:02:54.749,12.88001,12.88232,0.00,0.00
2017.08.17 14:02:54.818,12.88002,12.88238,0.00,0.00
2017.08.17 14:02:54.970,12.87989,12.88139,0.00,0.00
2017.08.17 14:02:55.021,12.88001,12.88189,0.00,0.00
2017.08.17 14:02:55.072,12.88002,12.88238,0.00,0.00
2017.08.17 14:02:55.122,12.88001,12.88221,0.00,0.00
2017.08.17 14:02:55.280,12.88001,12.88239,0.00,0.00
2017.08.17 14:02:55.349,12.87992,12.88238,0.00,0.00
2017.08.17 14:02:55.399,12.87992,12.88188,0.00,0.00
2017.08.17 14:02:55.551,12.88001,12.88212,0.00,0.00
2017.08.17 14:02:55.602,12.87928,12.88152,0.00,0.00
2017.08.17 14:02:55.652,12.87991,12.88152,0.00,0.00
2017.08.17 14:02:55.854,12.87992,12.88192,0.00,0.00
2017.08.17 14:02:55.948,12.87992,12.88201,0.00,0.00
2017.08.17 14:02:55.999,12.88002,12.88238,0.00,0.00
2017.08.17 14:02:56.050,12.88002,12.88212,0.00,0.00
2017.08.17 14:02:56.101,12.87991,12.88212,0.00,0.00
2017.08.17 14:02:56.151,12.88101,12.88282,0.00,0.00
2017.08.17 14:02:56.253,12.88101,12.88291,0.00,0.00
2017.08.17 14:02:56.354,12.88109,12.88338,0.00,0.00
2017.08.17 14:02:56.405,12.88109,12.88251,0.00,0.00
2017.08.17 14:02:56.580,12.88081,12.88301,0.00,0.00
2017.08.17 14:02:56.631,12.88092,12.88288,0.00,0.00
2017.08.17 14:02:56.682,12.88078,12.88302,0.00,0.00
2017.08.17 14:02:56.733,12.88092,12.88302,0.00,0.00
2017.08.17 14:02:56.985,12.88008,12.88239,0.00,0.00
2017.08.17 14:02:57.036,12.88059,12.88239,0.00,0.00
2017.08.17 14:02:57.183,12.88002,12.88231,0.00,0.00
2017.08.17 14:02:57.235,12.88002,12.88238,0.00,0.00
2017.08.17 14:02:57.387,12.87991,12.88152,0.00,0.00
2017.08.17 14:02:57.487,12.87949,12.88152,0.00,0.00
2017.08.17 14:02:57.538,12.87961,12.88139,0.00,0.00
2017.08.17 14:02:57.740,12.87901,12.88139,0.00,0.00
2017.08.17 14:02:58.123,12.87909,12.88139,0.00,0.00
2017.08.17 14:02:58.538,12.87901,12.88139,0.00,0.00
2017.08.17 14:02:58.588,12.88002,12.88162,0.00,0.00
2017.08.17 14:02:58.740,12.88001,12.88239,0.00,0.00
2017.08.17 14:02:58.891,12.87979,12.88138,0.00,0.00
2017.08.17 14:02:58.942,12.87962,12.88138,0.00,0.00
2017.08.17 14:02:59.043,12.88008,12.88171,0.00,0.00
2017.08.17 14:02:59.236,12.88101,12.88339,0.00,0.00
2017.08.17 14:02:59.387,12.88091,12.88339,0.00,0.00
2017.08.17 14:02:59.438,12.88102,12.88338,0.00,0.00
2017.08.17 14:02:59.539,12.88091,12.88331,0.00,0.00
2017.08.17 14:02:59.640,12.88101,12.88331,0.00,0.00
2017.08.17 14:02:59.994,12.88092,12.88301,0.00,0.00
2017.08.17 14:03:00.146,12.88001,12.88239,0.00,0.00
2017.08.17 14:03:00.348,12.87968,12.88139,0.00,0.00
2017.08.17 14:03:00.499,12.87991,12.88212,0.00,0.00
2017.08.17 14:03:00.550,12.88001,12.88239,0.00,0.00
2017.08.17 14:03:00.708,12.88081,12.88251,0.00,0.00
2017.08.17 14:03:00.810,12.88041,12.88241,0.00,0.00
2017.08.17 14:03:00.860,12.88048,12.88239,0.00,0.00
2017.08.17 14:03:00.962,12.88001,12.88239,0.00,0.00
2017.08.17 14:03:01.063,12.87959,12.88242,0.00,0.00
2017.08.17 14:03:01.113,12.88001,12.88239,0.00,0.00
2017.08.17 14:03:01.434,12.88102,12.88291,0.00,0.00
2017.08.17 14:03:01.485,12.88091,12.88291,0.00,0.00
2017.08.17 14:03:01.536,12.88108,12.88339,0.00,0.00
2017.08.17 14:03:01.586,12.88108,12.88288,0.00,0.00
2017.08.17 14:03:01.637,12.88101,12.88289,0.00,0.00
2017.08.17 14:03:01.688,12.88102,12.88302,0.00,0.00
2017.08.17 14:03:01.789,12.88058,12.88289,0.00,0.00
2017.08.17 14:03:01.839,12.88078,12.88289,0.00,0.00
2017.08.17 14:03:01.940,12.88009,12.88239,0.00,0.00
2017.08.17 14:03:02.061,12.88001,12.88239,0.00,0.00
2017.08.17 14:03:02.179,12.87988,12.88151,0.00,0.00
2017.08.17 14:03:02.230,12.87948,12.88151,0.00,0.00
2017.08.17 14:03:02.331,12.87878,12.88152,0.00,0.00
2017.08.17 14:03:02.382,12.87902,12.88138,0.00,0.00
2017.08.17 14:03:02.730,12.87802,12.88038,0.00,0.00
2017.08.17 14:03:03.033,12.87818,12.87989,0.00,0.00
2017.08.17 14:03:03.084,12.87798,12.88001,0.00,0.00
2017.08.17 14:03:03.279,12.87758,12.88022,0.00,0.00
2017.08.17 14:03:03.329,12.87738,12.87939,0.00,0.00
2017.08.17 14:03:03.484,12.87701,12.87939,0.00,0.00
2017.08.17 14:03:03.738,12.87781,12.87962,0.00,0.00
2017.08.17 14:03:03.974,12.87759,12.87951,0.00,0.00
2017.08.17 14:03:04.075,12.87709,12.87951,0.00,0.00
2017.08.17 14:03:04.177,12.87791,12.87971,0.00,0.00
2017.08.17 14:03:04.379,12.87801,12.88039,0.00,0.00
2017.08.17 14:03:04.480,12.87809,12.88038,0.00,0.00
2017.08.17 14:03:04.796,12.87792,12.88002,0.00,0.00
2017.08.17 14:03:05.048,12.87801,12.88039,0.00,0.00
2017.08.17 14:03:05.149,12.87809,12.88039,0.00,0.00
2017.08.17 14:03:05.525,12.87809,12.88002,0.00,0.00
2017.08.17 14:03:05.576,12.87792,12.88002,0.00,0.00
2017.08.17 14:03:05.627,12.87792,12.87988,0.00,0.00
2017.08.17 14:03:05.678,12.87728,12.87939,0.00,0.00
2017.08.17 14:03:05.779,12.87791,12.87951,0.00,0.00
2017.08.17 14:03:05.880,12.87792,12.87982,0.00,0.00
2017.08.17 14:03:05.982,12.87792,12.87988,0.00,0.00
2017.08.17 14:03:06.033,12.87801,12.88039,0.00,0.00
2017.08.17 14:03:06.083,12.87798,12.87989,0.00,0.00
2017.08.17 14:03:06.134,12.87801,12.88039,0.00,0.00
2017.08.17 14:03:06.447,12.87778,12.87988,0.00,0.00
2017.08.17 14:03:06.598,12.87702,12.87938,0.00,0.00
2017.08.17 14:03:06.648,12.87791,12.87952,0.00,0.00
2017.08.17 14:03:06.699,12.87801,12.87992,0.00,0.00
2017.08.17 14:03:06.750,12.87792,12.87988,0.00,0.00
2017.08.17 14:03:06.851,12.87738,12.87939,0.00,0.00
2017.08.17 14:03:06.952,12.87802,12.87988,0.00,0.00
2017.08.17 14:03:07.003,12.87802,12.88022,0.00,0.00
2017.08.17 14:03:07.176,12.87778,12.87989,0.00,0.00
2017.08.17 14:03:07.277,12.87762,12.87982,0.00,0.00
2017.08.17 14:03:07.328,12.87762,12.87938,0.00,0.00
2017.08.17 14:03:07.429,12.87801,12.87992,0.00,0.00
2017.08.17 14:03:07.530,12.87802,12.88038,0.00,0.00
2017.08.17 14:03:07.782,12.87718,12.87989,0.00,0.00
2017.08.17 14:03:07.832,12.87718,12.87939,0.00,0.00
2017.08.17 14:03:08.102,12.87801,12.88039,0.00,0.00
2017.08.17 14:03:08.695,12.87802,12.88062,0.00,0.00
2017.08.17 14:03:08.976,12.87802,12.88042,0.00,0.00
2017.08.17 14:03:09.290,12.87748,12.88012,0.00,0.00
2017.08.17 14:03:09.340,12.87748,12.87979,0.00,0.00
2017.08.17 14:03:09.542,12.87719,12.87962,0.00,0.00
2017.08.17 14:03:09.593,12.87702,12.87962,0.00,0.00
2017.08.17 14:03:09.744,12.87761,12.87972,0.00,0.00
2017.08.17 14:03:09.795,12.87761,12.87979,0.00,0.00
2017.08.17 14:03:09.896,12.87728,12.87962,0.00,0.00
2017.08.17 14:03:09.997,12.87701,12.87961,0.00,0.00
2017.08.17 14:03:10.169,12.87701,12.87952,0.00,0.00
2017.08.17 14:03:10.372,12.87701,12.87962,0.00,0.00
2017.08.17 14:03:10.473,12.87691,12.87911,0.00,0.00
2017.08.17 14:03:10.726,12.87702,12.87932,0.00,0.00
2017.08.17 14:03:10.895,12.87701,12.87961,0.00,0.00
2017.08.17 14:03:10.948,12.87691,12.87911,0.00,0.00
2017.08.17 14:03:11.201,12.87708,12.87962,0.00,0.00
2017.08.17 14:03:11.302,12.87708,12.87952,0.00,0.00
2017.08.17 14:03:11.615,12.87691,12.87922,0.00,0.00
2017.08.17 14:03:11.666,12.87709,12.87962,0.00,0.00
2017.08.17 14:03:11.717,12.87701,12.87921,0.00,0.00
2017.08.17 14:03:11.970,12.87692,12.87922,0.00,0.00
2017.08.17 14:03:12.020,12.87692,12.87871,0.00,0.00
2017.08.17 14:03:12.071,12.87641,12.87871,0.00,0.00
2017.08.17 14:03:12.222,12.87682,12.87871,0.00,0.00
2017.08.17 14:03:12.385,12.87662,12.87871,0.00,0.00
2017.08.17 14:03:12.444,12.87701,12.87921,0.00,0.00
2017.08.17 14:03:12.495,12.87709,12.87909,0.00,0.00
2017.08.17 14:03:12.697,12.87591,12.87799,0.00,0.00
2017.08.17 14:03:12.798,12.87591,12.87812,0.00,0.00
2017.08.17 14:03:12.899,12.87598,12.87849,0.00,0.00
2017.08.17 14:03:13.101,12.87591,12.87841,0.00,0.00
2017.08.17 14:03:13.431,12.87591,12.87801,0.00,0.00
2017.08.17 14:03:13.481,12.87592,12.87812,0.00,0.00
2017.08.17 14:03:13.532,12.87592,12.87848,0.00,0.00
2017.08.17 14:03:13.674,12.87591,12.87761,0.00,0.00
2017.08.17 14:03:13.785,12.87482,12.87662,0.00,0.00
2017.08.17 14:03:13.886,12.87482,12.87698,0.00,0.00
2017.08.17 14:03:14.178,12.87481,12.87662,0.00,0.00
2017.08.17 14:03:14.229,12.87382,12.87649,0.00,0.00
2017.08.17 14:03:14.280,12.87491,12.87672,0.00,0.00
2017.08.17 14:03:14.331,12.87461,12.87649,0.00,0.00
2017.08.17 14:03:14.432,12.87429,12.87648,0.00,0.00
2017.08.17 14:03:14.584,12.87408,12.87649,0.00,0.00
2017.08.17 14:03:14.685,12.87388,12.87649,0.00,0.00
2017.08.17 14:03:14.786,12.87378,12.87648,0.00,0.00
2017.08.17 14:03:14.892,12.87389,12.87649,0.00,0.00
2017.08.17 14:03:15.196,12.87409,12.87649,0.00,0.00
2017.08.17 14:03:15.498,12.87391,12.87599,0.00,0.00
2017.08.17 14:03:15.837,12.87392,12.87572,0.00,0.00
2017.08.17 14:03:16.039,12.87481,12.87671,0.00,0.00
2017.08.17 14:03:16.089,12.87492,12.87671,0.00,0.00
2017.08.17 14:03:16.190,12.87489,12.87708,0.00,0.00
2017.08.17 14:03:16.424,12.87408,12.87671,0.00,0.00
2017.08.17 14:03:16.474,12.87408,12.87659,0.00,0.00
2017.08.17 14:03:16.525,12.87398,12.87659,0.00,0.00
2017.08.17 14:03:16.576,12.87388,12.87671,0.00,0.00
2017.08.17 14:03:16.626,12.87391,12.87659,0.00,0.00
2017.08.17 14:03:17.203,12.87409,12.87658,0.00,0.00
2017.08.17 14:03:17.514,12.87438,12.87659,0.00,0.00
2017.08.17 14:03:17.615,12.87428,12.87659,0.00,0.00
2017.08.17 14:03:17.716,12.87481,12.87709,0.00,0.00
2017.08.17 14:03:18.032,12.87429,12.87659,0.00,0.00
2017.08.17 14:03:18.082,12.87508,12.87721,0.00,0.00
2017.08.17 14:03:18.284,12.87391,12.87651,0.00,0.00
2017.08.17 14:03:18.583,12.87392,12.87642,0.00,0.00
2017.08.17 14:03:18.994,12.87392,12.87658,0.00,0.00
2017.08.17 14:03:19.095,12.87391,12.87642,0.00,0.00
2017.08.17 14:03:19.418,12.87462,12.87671,0.00,0.00
2017.08.17 14:03:19.519,12.87481,12.87709,0.00,0.00
2017.08.17 14:03:19.763,12.87482,12.87672,0.00,0.00
2017.08.17 14:03:19.867,12.87481,12.87709,0.00,0.00
2017.08.17 14:03:19.968,12.87492,12.87722,0.00,0.00
2017.08.17 14:03:20.071,12.87591,12.87752,0.00,0.00
2017.08.17 14:03:20.122,12.87591,12.87759,0.00,0.00
2017.08.17 14:03:20.223,12.87508,12.87759,0.00,0.00
2017.08.17 14:03:20.324,12.87492,12.87751,0.00,0.00
2017.08.17 14:03:20.491,12.87498,12.87758,0.00,0.00
2017.08.17 14:03:20.616,12.87498,12.87672,0.00,0.00
2017.08.17 14:03:20.718,12.87398,12.87672,0.00,0.00
2017.08.17 14:03:20.768,12.87482,12.87682,0.00,0.00
2017.08.17 14:03:20.870,12.87428,12.87682,0.00,0.00
2017.08.17 14:03:20.971,12.87462,12.87661,0.00,0.00
2017.08.17 14:03:21.021,12.87392,12.87671,0.00,0.00
2017.08.17 14:03:21.072,12.87461,12.87671,0.00,0.00
2017.08.17 14:03:21.224,12.87491,12.87759,0.00,0.00
2017.08.17 14:03:21.325,12.87498,12.87758,0.00,0.00
2017.08.17 14:03:21.435,12.87492,12.87758,0.00,0.00
2017.08.17 14:03:21.537,12.87492,12.87742,0.00,0.00
2017.08.17 14:03:21.638,12.87439,12.87709,0.00,0.00
2017.08.17 14:03:21.688,12.87439,12.87659,0.00,0.00
2017.08.17 14:03:21.739,12.87392,12.87641,0.00,0.00
2017.08.17 14:03:21.790,12.87491,12.87641,0.00,0.00
2017.08.17 14:03:21.841,12.87491,12.87671,0.00,0.00
2017.08.17 14:03:21.942,12.87491,12.87709,0.00,0.00
2017.08.17 14:03:22.042,12.87491,12.87682,0.00,0.00
2017.08.17 14:03:22.093,12.87478,12.87682,0.00,0.00
2017.08.17 14:03:22.144,12.87487,12.87701,0.00,0.00
2017.08.17 14:03:22.305,12.87487,12.87712,0.00,0.00
2017.08.17 14:03:22.356,12.87428,12.87658,0.00,0.00
2017.08.17 14:03:22.457,12.87391,12.87641,0.00,0.00
2017.08.17 14:03:22.608,12.87394,12.87659,0.00,0.00
2017.08.17 14:03:22.801,12.87391,12.87659,0.00,0.00
2017.08.17 14:03:22.903,12.87391,12.87632,0.00,0.00
2017.08.17 14:03:23.303,12.87443,12.87632,0.00,0.00
2017.08.17 14:03:23.402,12.87443,12.87661,0.00,0.00
2017.08.17 14:03:23.503,12.87443,12.87642,0.00,0.00
2017.08.17 14:03:23.553,12.87381,12.87609,0.00,0.00
2017.08.17 14:03:23.605,12.87387,12.87612,0.00,0.00
2017.08.17 14:03:23.921,12.87381,12.87592,0.00,0.00
2017.08.17 14:03:23.972,12.87361,12.87592,0.00,0.00
2017.08.17 14:03:24.023,12.87361,12.87582,0.00,0.00
2017.08.17 14:03:24.074,12.87348,12.87582,0.00,0.00
2017.08.17 14:03:24.124,12.87348,12.87579,0.00,0.00
2017.08.17 14:03:24.276,12.87248,12.87482,0.00,0.00
2017.08.17 14:03:24.326,12.87248,12.87479,0.00,0.00
2017.08.17 14:03:24.427,12.87199,12.87449,0.00,0.00
2017.08.17 14:03:24.528,12.87199,12.87412,0.00,0.00
2017.08.17 14:03:24.802,12.87198,12.87452,0.00,0.00
2017.08.17 14:03:24.853,12.87198,12.87459,0.00,0.00
2017.08.17 14:03:25.016,12.87198,12.87422,0.00,0.00
2017.08.17 14:03:25.218,12.87243,12.87502,0.00,0.00
2017.08.17 14:03:25.384,12.87243,12.87509,0.00,0.00
2017.08.17 14:03:25.535,12.87243,12.87512,0.00,0.00
2017.08.17 14:03:25.636,12.87253,12.87508,0.00,0.00
2017.08.17 14:03:25.745,12.87248,12.87502,0.00,0.00
2017.08.17 14:03:26.224,12.87248,12.87509,0.00,0.00
2017.08.17 14:03:26.312,12.87248,12.87492,0.00,0.00
2017.08.17 14:03:26.613,12.87248,12.87509,0.00,0.00
2017.08.17 14:03:26.813,12.87248,12.87481,0.00,0.00
2017.08.17 14:03:27.317,12.87248,12.87472,0.00,0.00
2017.08.17 14:03:27.423,12.87248,12.87501,0.00,0.00
2017.08.17 14:03:27.474,12.87293,12.87501,0.00,0.00
2017.08.17 14:03:27.524,12.87293,12.87509,0.00,0.00
2017.08.17 14:03:27.575,12.87249,12.87509,0.00,0.00
2017.08.17 14:03:27.625,12.87253,12.87509,0.00,0.00
2017.08.17 14:03:27.726,12.87249,12.87509,0.00,0.00
2017.08.17 14:03:27.816,12.87249,12.87481,0.00,0.00
2017.08.17 14:03:28.127,12.87249,12.87462,0.00,0.00
2017.08.17 14:03:28.408,12.87198,12.87449,0.00,0.00
2017.08.17 14:03:28.459,12.87216,12.87452,0.00,0.00
2017.08.17 14:03:28.761,12.87243,12.87472,0.00,0.00
2017.08.17 14:03:28.950,12.87243,12.87492,0.00,0.00
2017.08.17 14:03:29.102,12.87243,12.87478,0.00,0.00
2017.08.17 14:03:29.405,12.87222,12.87448,0.00,0.00
2017.08.17 14:03:29.456,12.87199,12.87449,0.00,0.00
2017.08.17 14:03:29.507,12.87199,12.87409,0.00,0.00
2017.08.17 14:03:29.558,12.87161,12.87401,0.00,0.00
2017.08.17 14:03:29.609,12.87149,12.87401,0.00,0.00
2017.08.17 14:03:29.747,12.87149,12.87382,0.00,0.00
2017.08.17 14:03:29.850,12.87099,12.87348,0.00,0.00
2017.08.17 14:03:29.901,12.87121,12.87359,0.00,0.00
2017.08.17 14:03:30.203,12.87149,12.87352,0.00,0.00
2017.08.17 14:03:30.255,12.87149,12.87371,0.00,0.00
2017.08.17 14:03:30.557,12.87149,12.87361,0.00,0.00
2017.08.17 14:03:30.726,12.87149,12.87371,0.00,0.00
2017.08.17 14:03:30.827,12.87149,12.87331,0.00,0.00
2017.08.17 14:03:31.130,12.87149,12.87362,0.00,0.00
2017.08.17 14:03:31.337,12.87149,12.87372,0.00,0.00
2017.08.17 14:03:31.399,12.87149,12.87341,0.00,0.00
2017.08.17 14:03:31.752,12.87149,12.87392,0.00,0.00
2017.08.17 14:03:31.853,12.87149,12.87381,0.00,0.00
2017.08.17 14:03:32.223,12.87149,12.87402,0.00,0.00
2017.08.17 14:03:32.475,12.87149,12.87361,0.00,0.00
2017.08.17 14:03:32.752,12.87149,12.87382,0.00,0.00
2017.08.17 14:03:32.951,12.87149,12.87341,0.00,0.00
2017.08.17 14:03:33.153,12.87149,12.87372,0.00,0.00
2017.08.17 14:03:33.204,12.87092,12.87358,0.00,0.00
2017.08.17 14:03:33.305,12.87078,12.87272,0.00,0.00
2017.08.17 14:03:33.356,12.87048,12.87259,0.00,0.00
2017.08.17 14:03:33.407,12.87081,12.87272,0.00,0.00
2017.08.17 14:03:33.458,12.87082,12.87301,0.00,0.00
2017.08.17 14:03:33.508,12.87081,12.87259,0.00,0.00
2017.08.17 14:03:33.559,12.87018,12.87259,0.00,0.00
2017.08.17 14:03:33.660,12.86982,12.87251,0.00,0.00
2017.08.17 14:03:33.770,12.86982,12.87262,0.00,0.00
2017.08.17 14:03:33.820,12.86991,12.87259,0.00,0.00
2017.08.17 14:03:34.123,12.86992,12.87251,0.00,0.00
2017.08.17 14:03:34.173,12.86939,12.87221,0.00,0.00
2017.08.17 14:03:34.224,12.86982,12.87221,0.00,0.00
2017.08.17 14:03:34.375,12.86918,12.87158,0.00,0.00
2017.08.17 14:03:34.476,12.86928,12.87159,0.00,0.00
2017.08.17 14:03:34.613,12.86898,12.87159,0.00,0.00
2017.08.17 14:03:34.670,12.86982,12.87172,0.00,0.00
2017.08.17 14:03:34.771,12.86981,12.87182,0.00,0.00
2017.08.17 14:03:34.872,12.86958,12.87159,0.00,0.00
2017.08.17 14:03:35.024,12.86981,12.87209,0.00,0.00
2017.08.17 14:03:35.075,12.86991,12.87192,0.00,0.00
2017.08.17 14:03:35.176,12.86991,12.87211,0.00,0.00
2017.08.17 14:03:35.227,12.87092,12.87211,0.00,0.00
2017.08.17 14:03:35.389,12.87091,12.87352,0.00,0.00
2017.08.17 14:03:35.490,12.87091,12.87359,0.00,0.00
2017.08.17 14:03:35.641,12.87092,12.87341,0.00,0.00
2017.08.17 14:03:35.743,12.87099,12.87358,0.00,0.00
2017.08.17 14:03:35.843,12.87091,12.87359,0.00,0.00
2017.08.17 14:03:35.944,12.87092,12.87342,0.00,0.00
2017.08.17 14:03:36.194,12.87099,12.87359,0.00,0.00
2017.08.17 14:03:36.245,12.87092,12.87358,0.00,0.00
2017.08.17 14:03:36.295,12.87092,12.87308,0.00,0.00
2017.08.17 14:03:36.347,12.87091,12.87321,0.00,0.00
2017.08.17 14:03:36.448,12.87092,12.87312,0.00,0.00
2017.08.17 14:03:36.549,12.87092,12.87341,0.00,0.00
2017.08.17 14:03:36.650,12.87088,12.87372,0.00,0.00
2017.08.17 14:03:36.701,12.87091,12.87359,0.00,0.00
2017.08.17 14:03:37.067,12.87091,12.87322,0.00,0.00
2017.08.17 14:03:37.118,12.87069,12.87309,0.00,0.00
2017.08.17 14:03:37.168,12.87091,12.87322,0.00,0.00
2017.08.17 14:03:37.219,12.87091,12.87331,0.00,0.00
2017.08.17 14:03:37.270,12.87091,12.87291,0.00,0.00
2017.08.17 14:03:37.371,12.87091,12.87359,0.00,0.00
2017.08.17 14:03:37.573,12.87191,12.87391,0.00,0.00
2017.08.17 14:03:37.767,12.87129,12.87358,0.00,0.00
2017.08.17 14:03:37.868,12.87101,12.87352,0.00,0.00
2017.08.17 14:03:38.091,12.87101,12.87359,0.00,0.00
2017.08.17 14:03:38.192,12.87101,12.87351,0.00,0.00
2017.08.17 14:03:38.375,12.87102,12.87358,0.00,0.00
2017.08.17 14:03:38.801,12.87101,12.87342,0.00,0.00
2017.08.17 14:03:39.054,12.87101,12.87359,0.00,0.00
2017.08.17 14:03:39.226,12.87191,12.87381,0.00,0.00
2017.08.17 14:03:39.392,12.87191,12.87409,0.00,0.00
2017.08.17 14:03:39.506,12.87178,12.87409,0.00,0.00
2017.08.17 14:03:39.557,12.87178,12.87359,0.00,0.00
2017.08.17 14:03:39.732,12.87101,12.87341,0.00,0.00
2017.08.17 14:03:39.783,12.87191,12.87352,0.00,0.00
2017.08.17 14:03:39.884,12.87191,12.87409,0.00,0.00
2017.08.17 14:03:39.985,12.87192,12.87422,0.00,0.00
2017.08.17 14:03:40.036,12.87192,12.87431,0.00,0.00
2017.08.17 14:03:40.188,12.87191,12.87459,0.00,0.00
2017.08.17 14:03:40.289,12.87208,12.87459,0.00,0.00
2017.08.17 14:03:40.409,12.87219,12.87472,0.00,0.00
2017.08.17 14:03:40.460,12.87192,12.87452,0.00,0.00
2017.08.17 14:03:40.612,12.87291,12.87452,0.00,0.00
2017.08.17 14:03:40.663,12.87281,12.87459,0.00,0.00
2017.08.17 14:03:40.764,12.87238,12.87459,0.00,0.00
2017.08.17 14:03:40.866,12.87218,12.87459,0.00,0.00
2017.08.17 14:03:40.967,12.87191,12.87442,0.00,0.00
2017.08.17 14:03:41.017,12.87262,12.87442,0.00,0.00
2017.08.17 14:03:41.121,12.87262,12.87458,0.00,0.00
2017.08.17 14:03:41.172,12.87291,12.87509,0.00,0.00
2017.08.17 14:03:41.273,12.87292,12.87508,0.00,0.00
2017.08.17 14:03:41.324,12.87291,12.87532,0.00,0.00
2017.08.17 14:03:41.425,12.87318,12.87532,0.00,0.00
2017.08.17 14:03:41.677,12.87329,12.87582,0.00,0.00
2017.08.17 14:03:41.778,12.87318,12.87582,0.00,0.00
2017.08.17 14:03:41.897,12.87318,12.87551,0.00,0.00
2017.08.17 14:03:42.049,12.87309,12.87551,0.00,0.00
2017.08.17 14:03:42.099,12.87309,12.87512,0.00,0.00
2017.08.17 14:03:42.200,12.87309,12.87532,0.00,0.00
2017.08.17 14:03:42.301,12.87309,12.87571,0.00,0.00
2017.08.17 14:03:42.402,12.87291,12.87531,0.00,0.00
2017.08.17 14:03:42.710,12.87218,12.87442,0.00,0.00
2017.08.17 14:03:42.761,12.87218,12.87452,0.00,0.00
2017.08.17 14:03:42.862,12.87292,12.87452,0.00,0.00
2017.08.17 14:03:42.963,12.87318,12.87541,0.00,0.00
2017.08.17 14:03:43.064,12.87318,12.87552,0.00,0.00
2017.08.17 14:03:43.114,12.87268,12.87481,0.00,0.00
2017.08.17 14:03:43.333,12.87219,12.87472,0.00,0.00
2017.08.17 14:03:43.484,12.87219,12.87462,0.00,0.00
2017.08.17 14:03:43.809,12.87219,12.87481,0.00,0.00
2017.08.17 14:03:43.860,12.87198,12.87431,0.00,0.00
2017.08.17 14:03:43.911,12.87191,12.87431,0.00,0.00
2017.08.17 14:03:43.962,12.87218,12.87451,0.00,0.00
2017.08.17 14:03:44.214,12.87218,12.87482,0.00,0.00
2017.08.17 14:03:44.365,12.87218,12.87442,0.00,0.00
2017.08.17 14:03:44.467,12.87218,12.87482,0.00,0.00
2017.08.17 14:03:44.876,12.87318,12.87491,0.00,0.00
2017.08.17 14:03:44.977,12.87318,12.87552,0.00,0.00
2017.08.17 14:03:45.086,12.87318,12.87559,0.00,0.00
2017.08.17 14:03:45.187,12.87279,12.87531,0.00,0.00
2017.08.17 14:03:45.288,12.87268,12.87531,0.00,0.00
2017.08.17 14:03:45.390,12.87268,12.87491,0.00,0.00
2017.08.17 14:03:45.592,12.87308,12.87552,0.00,0.00
2017.08.17 14:03:45.996,12.87308,12.87561,0.00,0.00
2017.08.17 14:03:46.096,12.87319,12.87572,0.00,0.00
2017.08.17 14:03:46.197,12.87308,12.87572,0.00,0.00
2017.08.17 14:03:46.405,12.87308,12.87551,0.00,0.00
2017.08.17 14:03:46.687,12.87308,12.87572,0.00,0.00
2017.08.17 14:03:46.917,12.87308,12.87552,0.00,0.00
2017.08.17 14:03:47.018,12.87308,12.87562,0.00,0.00
2017.08.17 14:03:47.119,12.87308,12.87541,0.00,0.00
2017.08.17 14:03:47.220,12.87308,12.87551,0.00,0.00
2017.08.17 14:03:47.321,12.87391,12.87572,0.00,0.00
2017.08.17 14:03:47.372,12.87358,12.87572,0.00,0.00
2017.08.17 14:03:47.422,12.87361,12.87572,0.00,0.00
2017.08.17 14:03:47.725,12.87378,12.87572,0.00,0.00
2017.08.17 14:03:47.930,12.87312,12.87572,0.00,0.00
2017.08.17 14:03:47.981,12.87311,12.87551,0.00,0.00
2017.08.17 14:03:48.283,12.87302,12.87471,0.00,0.00
2017.08.17 14:03:48.384,12.87301,12.87521,0.00,0.00
2017.08.17 14:03:48.486,12.87302,12.87558,0.00,0.00
2017.08.17 14:03:48.536,12.87292,12.87508,0.00,0.00
2017.08.17 14:03:48.637,12.87312,12.87558,0.00,0.00
2017.08.17 14:03:48.806,12.87392,12.87602,0.00,0.00
2017.08.17 14:03:48.907,12.87392,12.87608,0.00,0.00
2017.08.17 14:03:49.030,12.87392,12.87572,0.00,0.00
2017.08.17 14:03:49.181,12.87401,12.87611,0.00,0.00
2017.08.17 14:03:49.282,12.87402,12.87648,0.00,0.00
2017.08.17 14:03:49.332,12.87391,12.87609,0.00,0.00
2017.08.17 14:03:49.636,12.87401,12.87612,0.00,0.00
2017.08.17 14:03:49.687,12.87401,12.87659,0.00,0.00
2017.08.17 14:03:49.894,12.87391,12.87609,0.00,0.00
2017.08.17 14:03:50.146,12.87411,12.87651,0.00,0.00
2017.08.17 14:03:50.197,12.87428,12.87609,0.00,0.00
2017.08.17 14:03:50.247,12.87428,12.87658,0.00,0.00
2017.08.17 14:03:50.298,12.87402,12.87658,0.00,0.00
2017.08.17 14:03:50.399,12.87401,12.87621,0.00,0.00
2017.08.17 14:03:50.615,12.87501,12.87759,0.00,0.00
2017.08.17 14:03:50.716,12.87499,12.87659,0.00,0.00
2017.08.17 14:03:50.817,12.87428,12.87659,0.00,0.00
2017.08.17 14:03:50.867,12.87461,12.87649,0.00,0.00
2017.08.17 14:03:51.055,12.87399,12.87662,0.00,0.00
2017.08.17 14:03:51.106,12.87428,12.87648,0.00,0.00
2017.08.17 14:03:51.207,12.87411,12.87649,0.00,0.00
2017.08.17 14:03:51.406,12.87411,12.87631,0.00,0.00
2017.08.17 14:03:51.506,12.87411,12.87649,0.00,0.00
2017.08.17 14:03:51.809,12.87418,12.87649,0.00,0.00
2017.08.17 14:03:52.038,12.87412,12.87648,0.00,0.00
2017.08.17 14:03:52.194,12.87428,12.87648,0.00,0.00
2017.08.17 14:03:52.536,12.87561,12.87749,0.00,0.00
2017.08.17 14:03:52.586,12.87518,12.87749,0.00,0.00
2017.08.17 14:03:52.637,12.87502,12.87748,0.00,0.00
2017.08.17 14:03:52.742,12.87502,12.87712,0.00,0.00
2017.08.17 14:03:52.793,12.87478,12.87699,0.00,0.00
2017.08.17 14:03:52.844,12.87418,12.87649,0.00,0.00
2017.08.17 14:03:52.894,12.87492,12.87692,0.00,0.00
2017.08.17 14:03:53.046,12.87481,12.87699,0.00,0.00
2017.08.17 14:03:53.175,12.87492,12.87741,0.00,0.00
2017.08.17 14:03:53.227,12.87469,12.87698,0.00,0.00
2017.08.17 14:03:53.533,12.87482,12.87648,0.00,0.00
2017.08.17 14:03:53.584,12.87429,12.87649,0.00,0.00
2017.08.17 14:03:53.635,12.87422,12.87648,0.00,0.00
2017.08.17 14:03:54.095,12.87501,12.87681,0.00,0.00
2017.08.17 14:03:54.247,12.87429,12.87649,0.00,0.00
2017.08.17 14:03:54.349,12.87412,12.87648,0.00,0.00
2017.08.17 14:03:54.450,12.87481,12.87671,0.00,0.00
2017.08.17 14:03:54.500,12.87418,12.87671,0.00,0.00
2017.08.17 14:03:54.551,12.87458,12.87612,0.00,0.00
2017.08.17 14:03:54.703,12.87381,12.87599,0.00,0.00
2017.08.17 14:03:54.754,12.87338,12.87549,0.00,0.00
2017.08.17 14:03:54.941,12.87321,12.87549,0.00,0.00
2017.08.17 14:03:55.440,12.87289,12.87561,0.00,0.00
2017.08.17 14:03:55.491,12.87321,12.87549,0.00,0.00
2017.08.17 14:03:55.876,12.87329,12.87548,0.00,0.00
2017.08.17 14:03:55.928,12.87322,12.87548,0.00,0.00
2017.08.17 14:03:56.064,12.87278,12.87499,0.00,0.00
2017.08.17 14:03:56.215,12.87222,12.87448,0.00,0.00
2017.08.17 14:03:56.266,12.87209,12.87349,0.00,0.00
2017.08.17 14:03:56.317,12.87121,12.87349,0.00,0.00
2017.08.17 14:03:56.865,12.87122,12.87348,0.00,0.00
2017.08.17 14:03:57.711,12.87129,12.87348,0.00,0.00
2017.08.17 14:03:57.812,12.87121,12.87349,0.00,0.00
2017.08.17 14:03:57.913,12.87129,12.87349,0.00,0.00
2017.08.17 14:03:58.014,12.87121,12.87349,0.00,0.00
2017.08.17 14:03:58.355,12.87139,12.87348,0.00,0.00
2017.08.17 14:03:58.616,12.87139,12.87412,0.00,0.00
2017.08.17 14:03:58.666,12.87181,12.87399,0.00,0.00
2017.08.17 14:03:58.768,12.87129,12.87348,0.00,0.00
2017.08.17 14:03:58.869,12.87192,12.87348,0.00,0.00
2017.08.17 14:03:58.920,12.87121,12.87381,0.00,0.00
2017.08.17 14:03:59.021,12.87148,12.87361,0.00,0.00
2017.08.17 14:03:59.071,12.87138,12.87361,0.00,0.00
2017.08.17 14:03:59.232,12.87192,12.87361,0.00,0.00
2017.08.17 14:03:59.283,12.87148,12.87348,0.00,0.00
2017.08.17 14:03:59.334,12.87139,12.87348,0.00,0.00
2017.08.17 14:03:59.435,12.87192,12.87392,0.00,0.00
2017.08.17 14:03:59.536,12.87201,12.87449,0.00,0.00
2017.08.17 14:03:59.688,12.87201,12.87412,0.00,0.00
2017.08.17 14:03:59.740,12.87162,12.87398,0.00,0.00
2017.08.17 14:03:59.791,12.87118,12.87349,0.00,0.00
2017.08.17 14:03:59.842,12.87111,12.87349,0.00,0.00
2017.08.17 14:04:00.067,12.87119,12.87348,0.00,0.00
2017.08.17 14:04:00.168,12.87111,12.87349,0.00,0.00
2017.08.17 14:04:00.269,12.87112,12.87342,0.00,0.00
2017.08.17 14:04:00.370,12.87112,12.87352,0.00,0.00
2017.08.17 14:04:00.471,12.87112,12.87341,0.00,0.00
2017.08.17 14:04:00.572,12.87111,12.87361,0.00,0.00
2017.08.17 14:04:00.774,12.87119,12.87361,0.00,0.00
2017.08.17 14:04:00.928,12.87112,12.87361,0.00,0.00
2017.08.17 14:04:00.978,12.87118,12.87361,0.00,0.00
2017.08.17 14:04:01.385,12.87202,12.87351,0.00,0.00
2017.08.17 14:04:01.486,12.87181,12.87409,0.00,0.00
2017.08.17 14:04:01.536,12.87168,12.87361,0.00,0.00
2017.08.17 14:04:01.587,12.87121,12.87361,0.00,0.00
2017.08.17 14:04:01.840,12.87128,12.87361,0.00,0.00
2017.08.17 14:04:01.891,12.87128,12.87372,0.00,0.00
2017.08.17 14:04:02.042,12.87128,12.87381,0.00,0.00
2017.08.17 14:04:02.143,12.87129,12.87392,0.00,0.00
2017.08.17 14:04:02.355,12.87128,12.87381,0.00,0.00
2017.08.17 14:04:02.707,12.87121,12.87341,0.00,0.00
2017.08.17 14:04:02.758,12.87078,12.87301,0.00,0.00
2017.08.17 14:04:02.859,12.87028,12.87261,0.00,0.00
2017.08.17 14:04:03.067,12.87028,12.87272,0.00,0.00
2017.08.17 14:04:03.118,12.87129,12.87272,0.00,0.00
2017.08.17 14:04:03.168,12.87129,12.87309,0.00,0.00
2017.08.17 14:04:03.219,12.87078,12.87292,0.00,0.00
2017.08.17 14:04:03.269,12.87048,12.87292,0.00,0.00
2017.08.17 14:04:03.345,12.87028,12.87292,0.00,0.00
2017.08.17 14:04:03.713,12.87081,12.87341,0.00,0.00
2017.08.17 14:04:04.015,12.87129,12.87332,0.00,0.00
2017.08.17 14:04:04.066,12.87129,12.87381,0.00,0.00
2017.08.17 14:04:04.167,12.87129,12.87391,0.00,0.00
2017.08.17 14:04:04.419,12.87182,12.87401,0.00,0.00
2017.08.17 14:04:04.470,12.87182,12.87408,0.00,0.00
2017.08.17 14:04:04.602,12.87181,12.87391,0.00,0.00
2017.08.17 14:04:04.652,12.87128,12.87362,0.00,0.00
2017.08.17 14:04:04.986,12.87122,12.87348,0.00,0.00
2017.08.17 14:04:05.615,12.87121,12.87312,0.00,0.00
2017.08.17 14:04:05.666,12.87021,12.87232,0.00,0.00
2017.08.17 14:04:05.777,12.87021,12.87249,0.00,0.00
2017.08.17 14:04:05.979,12.87091,12.87281,0.00,0.00
2017.08.17 14:04:06.080,12.87092,12.87308,0.00,0.00
2017.08.17 14:04:06.131,12.87028,12.87261,0.00,0.00
2017.08.17 14:04:06.231,12.87022,12.87261,0.00,0.00
2017.08.17 14:04:06.283,12.87091,12.87292,0.00,0.00
2017.08.17 14:04:06.451,12.87102,12.87348,0.00,0.00
2017.08.17 14:04:06.804,12.87108,12.87348,0.00,0.00
2017.08.17 14:04:06.855,12.87101,12.87349,0.00,0.00
2017.08.17 14:04:06.956,12.87109,12.87349,0.00,0.00
2017.08.17 14:04:07.258,12.87121,12.87349,0.00,0.00
2017.08.17 14:04:07.880,12.87122,12.87348,0.00,0.00
2017.08.17 14:04:08.226,12.87091,12.87312,0.00,0.00
2017.08.17 14:04:08.322,12.87068,12.87298,0.00,0.00
2017.08.17 14:04:08.373,12.87021,12.87249,0.00,0.00
2017.08.17 14:04:08.957,12.87022,12.87248,0.00,0.00
2017.08.17 14:04:09.258,12.87121,12.87262,0.00,0.00
2017.08.17 14:04:09.310,12.87121,12.87349,0.00,0.00
2017.08.17 14:04:09.872,12.87122,12.87348,0.00,0.00
2017.08.17 14:04:09.923,12.87191,12.87382,0.00,0.00
2017.08.17 14:04:09.973,12.87211,12.87411,0.00,0.00
2017.08.17 14:04:10.024,12.87211,12.87432,0.00,0.00
2017.08.17 14:04:10.075,12.87188,12.87348,0.00,0.00
2017.08.17 14:04:10.126,12.87188,12.87398,0.00,0.00
2017.08.17 14:04:10.310,12.87161,12.87399,0.00,0.00
2017.08.17 14:04:10.484,12.87161,12.87392,0.00,0.00
2017.08.17 14:04:10.786,12.87191,12.87412,0.00,0.00
2017.08.17 14:04:10.989,12.87121,12.87349,0.00,0.00
2017.08.17 14:04:11.090,12.87111,12.87342,0.00,0.00
2017.08.17 14:04:11.403,12.87112,12.87348,0.00,0.00
2017.08.17 14:04:11.468,12.87112,12.87331,0.00,0.00
2017.08.17 14:04:11.670,12.87112,12.87348,0.00,0.00
2017.08.17 14:04:12.053,12.87099,12.87299,0.00,0.00
2017.08.17 14:04:12.104,12.87088,12.87299,0.00,0.00
2017.08.17 14:04:12.154,12.87088,12.87249,0.00,0.00
2017.08.17 14:04:12.205,12.87028,12.87248,0.00,0.00
2017.08.17 14:04:12.256,12.87072,12.87261,0.00,0.00
2017.08.17 14:04:12.409,12.87062,12.87292,0.00,0.00
2017.08.17 14:04:12.510,12.87062,12.87298,0.00,0.00
2017.08.17 14:04:12.561,12.87161,12.87332,0.00,0.00
2017.08.17 14:04:12.712,12.87121,12.87349,0.00,0.00
2017.08.17 14:04:12.914,12.87121,12.87341,0.00,0.00
2017.08.17 14:04:13.235,12.87059,12.87249,0.00,0.00
2017.08.17 14:04:13.411,12.87021,12.87249,0.00,0.00
2017.08.17 14:04:13.973,12.87022,12.87248,0.00,0.00
2017.08.17 14:04:14.125,12.87028,12.87249,0.00,0.00
2017.08.17 14:04:14.418,12.87102,12.87342,0.00,0.00
2017.08.17 14:04:14.520,12.87101,12.87302,0.00,0.00
2017.08.17 14:04:14.722,12.87022,12.87248,0.00,0.00
2017.08.17 14:04:15.026,12.87028,12.87248,0.00,0.00
2017.08.17 14:04:15.361,12.87049,12.87248,0.00,0.00
2017.08.17 14:04:15.411,12.87038,12.87291,0.00,0.00
2017.08.17 14:04:15.512,12.87029,12.87291,0.00,0.00
2017.08.17 14:04:15.764,12.87081,12.87262,0.00,0.00
2017.08.17 14:04:15.916,12.87081,12.87342,0.00,0.00
2017.08.17 14:04:16.217,12.87078,12.87342,0.00,0.00
2017.08.17 14:04:16.318,12.87078,12.87311,0.00,0.00
2017.08.17 14:04:16.470,12.87029,12.87292,0.00,0.00
2017.08.17 14:04:16.671,12.87078,12.87291,0.00,0.00
2017.08.17 14:04:16.823,12.87028,12.87292,0.00,0.00
2017.08.17 14:04:17.004,12.87028,12.87262,0.00,0.00
2017.08.17 14:04:17.224,12.87028,12.87292,0.00,0.00
2017.08.17 14:04:17.426,12.87028,12.87261,0.00,0.00
2017.08.17 14:04:17.738,12.87028,12.87251,0.00,0.00
2017.08.17 14:04:18.223,12.87028,12.87262,0.00,0.00
2017.08.17 14:04:18.324,12.87028,12.87281,0.00,0.00
2017.08.17 14:04:18.425,12.87028,12.87252,0.00,0.00
2017.08.17 14:04:18.476,12.86978,12.87209,0.00,0.00
2017.08.17 14:04:18.577,12.87011,12.87242,0.00,0.00
2017.08.17 14:04:18.728,12.86978,12.87222,0.00,0.00
2017.08.17 14:04:18.778,12.86978,12.87218,0.00,0.00
2017.08.17 14:04:18.829,12.86981,12.87241,0.00,0.00
2017.08.17 14:04:19.003,12.86978,12.87201,0.00,0.00
2017.08.17 14:04:19.205,12.87011,12.87241,0.00,0.00
2017.08.17 14:04:19.255,12.87111,12.87261,0.00,0.00
2017.08.17 14:04:19.306,12.87112,12.87292,0.00,0.00
2017.08.17 14:04:19.357,12.87081,12.87301,0.00,0.00
2017.08.17 14:04:19.458,12.87111,12.87342,0.00,0.00
2017.08.17 14:04:19.508,12.87128,12.87342,0.00,0.00
2017.08.17 14:04:19.609,12.87128,12.87372,0.00,0.00
2017.08.17 14:04:19.803,12.87128,12.87382,0.00,0.00
2017.08.17 14:04:20.005,12.87128,12.87392,0.00,0.00
2017.08.17 14:04:20.207,12.87128,12.87352,0.00,0.00
2017.08.17 14:04:20.308,12.87048,12.87292,0.00,0.00
2017.08.17 14:04:20.359,12.87081,12.87292,0.00,0.00
2017.08.17 14:04:20.510,12.87028,12.87282,0.00,0.00
2017.08.17 14:04:20.713,12.87091,12.87271,0.00,0.00
2017.08.17 14:04:20.764,12.87079,12.87271,0.00,0.00
2017.08.17 14:04:20.815,12.87079,12.87341,0.00,0.00
2017.08.17 14:04:20.916,12.87048,12.87291,0.00,0.00
2017.08.17 14:04:21.067,12.87028,12.87292,0.00,0.00
2017.08.17 14:04:21.118,12.87111,12.87281,0.00,0.00
2017.08.17 14:04:21.320,12.87128,12.87382,0.00,0.00
2017.08.17 14:04:21.540,12.87128,12.87341,0.00,0.00
2017.08.17 14:04:21.641,12.87128,12.87381,0.00,0.00
2017.08.17 14:04:22.040,12.87111,12.87342,0.00,0.00
2017.08.17 14:04:22.092,12.87099,12.87342,0.00,0.00
2017.08.17 14:04:22.143,12.87111,12.87341,0.00,0.00
2017.08.17 14:04:22.412,12.87128,12.87382,0.00,0.00
2017.08.17 14:04:22.614,12.87128,12.87352,0.00,0.00
2017.08.17 14:04:22.816,12.87128,12.87392,0.00,0.00
2017.08.17 14:04:22.866,12.87201,12.87401,0.00,0.00
2017.08.17 14:04:22.967,12.87192,12.87401,0.00,0.00
2017.08.17 14:04:23.018,12.87181,12.87392,0.00,0.00
2017.08.17 14:04:23.232,12.87191,12.87392,0.00,0.00
2017.08.17 14:04:23.334,12.87182,12.87408,0.00,0.00
2017.08.17 14:04:23.384,12.87181,12.87392,0.00,0.00
2017.08.17 14:04:23.536,12.87239,12.87462,0.00,0.00
2017.08.17 14:04:23.637,12.87239,12.87471,0.00,0.00
2017.08.17 14:04:23.687,12.87239,12.87459,0.00,0.00
2017.08.17 14:04:23.859,12.87191,12.87422,0.00,0.00
2017.08.17 14:04:24.003,12.87228,12.87422,0.00,0.00
2017.08.17 14:04:24.155,12.87228,12.87471,0.00,0.00
2017.08.17 14:04:24.510,12.87228,12.87451,0.00,0.00
2017.08.17 14:04:24.662,12.87181,12.87441,0.00,0.00
2017.08.17 14:04:24.826,12.87229,12.87412,0.00,0.00
2017.08.17 14:04:24.927,12.87229,12.87431,0.00,0.00
2017.08.17 14:04:24.978,12.87321,12.87431,0.00,0.00
2017.08.17 14:04:25.028,12.87322,12.87482,0.00,0.00
2017.08.17 14:04:25.079,12.87328,12.87482,0.00,0.00
2017.08.17 14:04:25.129,12.87328,12.87571,0.00,0.00
2017.08.17 14:04:25.230,12.87328,12.87581,0.00,0.00
2017.08.17 14:04:25.331,12.87328,12.87591,0.00,0.00
2017.08.17 14:04:25.510,12.87328,12.87562,0.00,0.00
2017.08.17 14:04:25.560,12.87328,12.87592,0.00,0.00
2017.08.17 14:04:25.662,12.87328,12.87582,0.00,0.00
2017.08.17 14:04:25.965,12.87349,12.87592,0.00,0.00
2017.08.17 14:04:26.117,12.87328,12.87582,0.00,0.00
2017.08.17 14:04:26.340,12.87328,12.87552,0.00,0.00
2017.08.17 14:04:26.542,12.87278,12.87532,0.00,0.00
2017.08.17 14:04:26.592,12.87321,12.87532,0.00,0.00
2017.08.17 14:04:26.643,12.87292,12.87511,0.00,0.00
2017.08.17 14:04:26.745,12.87281,12.87519,0.00,0.00
2017.08.17 14:04:26.795,12.87281,12.87492,0.00,0.00
2017.08.17 14:04:26.997,12.87228,12.87482,0.00,0.00
2017.08.17 14:04:27.048,12.87228,12.87462,0.00,0.00
2017.08.17 14:04:27.367,12.87228,12.87492,0.00,0.00
2017.08.17 14:04:27.518,12.87228,12.87461,0.00,0.00
2017.08.17 14:04:27.838,12.87228,12.87492,0.00,0.00
2017.08.17 14:04:27.939,12.87291,12.87472,0.00,0.00
2017.08.17 14:04:28.066,12.87291,12.87511,0.00,0.00
2017.08.17 14:04:28.168,12.87279,12.87509,0.00,0.00
2017.08.17 14:04:28.269,12.87259,12.87492,0.00,0.00
2017.08.17 14:04:28.370,12.87228,12.87491,0.00,0.00
2017.08.17 14:04:28.421,12.87228,12.87482,0.00,0.00
2017.08.17 14:04:28.855,12.87228,12.87471,0.00,0.00
2017.08.17 14:04:29.062,12.87228,12.87491,0.00,0.00
2017.08.17 14:04:29.337,12.87228,12.87472,0.00,0.00
2017.08.17 14:04:29.710,12.87412,12.87581,0.00,0.00
2017.08.17 14:04:29.763,12.87491,12.87692,0.00,0.00
2017.08.17 14:04:29.864,12.87461,12.87692,0.00,0.00
2017.08.17 14:04:29.965,12.87448,12.87692,0.00,0.00
2017.08.17 14:04:30.066,12.87428,12.87692,0.00,0.00
2017.08.17 14:04:30.167,12.87428,12.87662,0.00,0.00
2017.08.17 14:04:30.561,12.87428,12.87692,0.00,0.00
2017.08.17 14:04:30.612,12.87591,12.87702,0.00,0.00
2017.08.17 14:04:30.662,12.87591,12.87791,0.00,0.00
2017.08.17 14:04:30.814,12.87529,12.87749,0.00,0.00
2017.08.17 14:04:30.864,12.87539,12.87691,0.00,0.00
2017.08.17 14:04:30.965,12.87512,12.87691,0.00,0.00
2017.08.17 14:04:31.016,12.87529,12.87711,0.00,0.00
2017.08.17 14:04:31.067,12.87529,12.87701,0.00,0.00
2017.08.17 14:04:31.118,12.87519,12.87701,0.00,0.00
2017.08.17 14:04:31.250,12.87519,12.87772,0.00,0.00
2017.08.17 14:04:31.624,12.87591,12.87771,0.00,0.00
2017.08.17 14:04:31.776,12.87628,12.87851,0.00,0.00
2017.08.17 14:04:31.877,12.87628,12.87841,0.00,0.00
2017.08.17 14:04:32.061,12.87628,12.87852,0.00,0.00
2017.08.17 14:04:32.162,12.87628,12.87841,0.00,0.00
2017.08.17 14:04:32.364,12.87628,12.87852,0.00,0.00
2017.08.17 14:04:32.567,12.87628,12.87872,0.00,0.00
2017.08.17 14:04:32.668,12.87628,12.87882,0.00,0.00
2017.08.17 14:04:32.824,12.87628,12.87851,0.00,0.00
2017.08.17 14:04:32.976,12.87628,12.87862,0.00,0.00
2017.08.17 14:04:33.127,12.87619,12.87862,0.00,0.00
2017.08.17 14:04:33.178,12.87619,12.87821,0.00,0.00
2017.08.17 14:04:33.380,12.87551,12.87781,0.00,0.00
2017.08.17 14:04:33.481,12.87551,12.87732,0.00,0.00
2017.08.17 14:04:33.531,12.87519,12.87732,0.00,0.00
2017.08.17 14:04:33.582,12.87519,12.87721,0.00,0.00
2017.08.17 14:04:33.633,12.87519,12.87731,0.00,0.00
2017.08.17 14:04:33.850,12.87519,12.87762,0.00,0.00
2017.08.17 14:04:33.951,12.87519,12.87731,0.00,0.00
2017.08.17 14:04:34.052,12.87519,12.87742,0.00,0.00
2017.08.17 14:04:34.103,12.87468,12.87709,0.00,0.00
2017.08.17 14:04:34.154,12.87499,12.87709,0.00,0.00
2017.08.17 14:04:34.204,12.87519,12.87759,0.00,0.00
2017.08.17 14:04:34.255,12.87519,12.87699,0.00,0.00
2017.08.17 14:04:34.356,12.87449,12.87681,0.00,0.00
2017.08.17 14:04:34.407,12.87481,12.87681,0.00,0.00
2017.08.17 14:04:34.663,12.87519,12.87781,0.00,0.00
2017.08.17 14:04:34.765,12.87519,12.87771,0.00,0.00
2017.08.17 14:04:35.168,12.87519,12.87752,0.00,0.00
2017.08.17 14:04:35.370,12.87519,12.87771,0.00,0.00
2017.08.17 14:04:35.512,12.87502,12.87752,0.00,0.00
2017.08.17 14:04:35.845,12.87491,12.87739,0.00,0.00
2017.08.17 14:04:36.199,12.87591,12.87741,0.00,0.00
2017.08.17 14:04:36.249,12.87591,12.87789,0.00,0.00
2017.08.17 14:04:36.300,12.87591,12.87791,0.00,0.00
2017.08.17 14:04:36.351,12.87592,12.87838,0.00,0.00
2017.08.17 14:04:36.931,12.87591,12.87839,0.00,0.00
2017.08.17 14:04:37.032,12.87691,12.87852,0.00,0.00
2017.08.17 14:04:37.083,12.87692,12.87882,0.00,0.00
2017.08.17 14:04:37.241,12.87691,12.87852,0.00,0.00
2017.08.17 14:04:37.292,12.87599,12.87852,0.00,0.00
2017.08.17 14:04:37.444,12.87592,12.87852,0.00,0.00
2017.08.17 14:04:37.545,12.87598,12.87852,0.00,0.00
2017.08.17 14:04:37.657,12.87592,12.87852,0.00,0.00
2017.08.17 14:04:37.959,12.87598,12.87852,0.00,0.00
2017.08.17 14:04:38.264,12.87609,12.87839,0.00,0.00
2017.08.17 14:04:38.365,12.87598,12.87838,0.00,0.00
2017.08.17 14:04:38.466,12.87609,12.87838,0.00,0.00
2017.08.17 14:04:38.664,12.87591,12.87839,0.00,0.00
2017.08.17 14:04:39.176,12.87592,12.87838,0.00,0.00
2017.08.17 14:04:39.227,12.87599,12.87838,0.00,0.00
2017.08.17 14:04:39.573,12.87782,12.87892,0.00,0.00
2017.08.17 14:04:39.674,12.87992,12.88091,0.00,0.00
2017.08.17 14:04:39.776,12.87991,12.88212,0.00,0.00
2017.08.17 14:04:39.877,12.87991,12.88239,0.00,0.00
2017.08.17 14:04:40.193,12.87991,12.88232,0.00,0.00
2017.08.17 14:04:40.294,12.87959,12.88202,0.00,0.00
2017.08.17 14:04:40.344,12.87959,12.88138,0.00,0.00
2017.08.17 14:04:40.445,12.87908,12.88139,0.00,0.00
2017.08.17 14:04:40.496,12.87891,12.88132,0.00,0.00
2017.08.17 14:04:40.597,12.87859,12.88122,0.00,0.00
2017.08.17 14:04:40.647,12.87891,12.88122,0.00,0.00
2017.08.17 14:04:40.919,12.87891,12.88152,0.00,0.00
2017.08.17 14:04:40.970,12.87982,12.88142,0.00,0.00
2017.08.17 14:04:41.121,12.87991,12.88152,0.00,0.00
2017.08.17 14:04:41.172,12.87991,12.88232,0.00,0.00
2017.08.17 14:04:41.273,12.87992,12.88238,0.00,0.00
2017.08.17 14:04:41.575,12.87992,12.88212,0.00,0.00
2017.08.17 14:04:41.725,12.87991,12.88239,0.00,0.00
2017.08.17 14:04:41.776,12.87991,12.88202,0.00,0.00
2017.08.17 14:04:41.927,12.87991,12.88239,0.00,0.00
2017.08.17 14:04:41.978,12.87991,12.88211,0.00,0.00
2017.08.17 14:04:42.079,12.87939,12.88188,0.00,0.00
2017.08.17 14:04:42.130,12.87939,12.88138,0.00,0.00
2017.08.17 14:04:42.180,12.87891,12.88139,0.00,0.00
2017.08.17 14:04:42.231,12.87921,12.88139,0.00,0.00
2017.08.17 14:04:42.483,12.87892,12.88138,0.00,0.00
2017.08.17 14:04:42.691,12.87892,12.88131,0.00,0.00
2017.08.17 14:04:42.994,12.87892,12.88138,0.00,0.00
2017.08.17 14:04:43.296,12.87921,12.88122,0.00,0.00
2017.08.17 14:04:43.397,12.87922,12.88138,0.00,0.00
2017.08.17 14:04:43.448,12.87908,12.88161,0.00,0.00
2017.08.17 14:04:43.560,12.87891,12.88152,0.00,0.00
2017.08.17 14:04:43.611,12.87891,12.88139,0.00,0.00
2017.08.17 14:04:43.914,12.87881,12.88122,0.00,0.00
2017.08.17 14:04:44.178,12.87891,12.88139,0.00,0.00
2017.08.17 14:04:44.229,12.87868,12.88152,0.00,0.00
2017.08.17 14:04:44.452,12.87891,12.88139,0.00,0.00
2017.08.17 14:04:44.755,12.87892,12.88122,0.00,0.00
2017.08.17 14:04:44.806,12.87892,12.88138,0.00,0.00
2017.08.17 14:04:44.907,12.87891,12.88122,0.00,0.00
2017.08.17 14:04:45.008,12.87892,12.88138,0.00,0.00
2017.08.17 14:04:45.367,12.87892,12.88112,0.00,0.00
2017.08.17 14:04:45.469,12.87891,12.88122,0.00,0.00
2017.08.17 14:04:45.569,12.87892,12.88132,0.00,0.00
2017.08.17 14:04:45.671,12.87891,12.88122,0.00,0.00
2017.08.17 14:04:45.973,12.87892,12.88102,0.00,0.00
2017.08.17 14:04:46.199,12.87891,12.88139,0.00,0.00
2017.08.17 14:04:46.615,12.87891,12.88121,0.00,0.00
2017.08.17 14:04:46.944,12.87781,12.87941,0.00,0.00
2017.08.17 14:04:46.995,12.87699,12.87951,0.00,0.00
2017.08.17 14:04:47.096,12.87691,12.87951,0.00,0.00
2017.08.17 14:04:47.147,12.87688,12.87889,0.00,0.00
2017.08.17 14:04:47.299,12.87591,12.87839,0.00,0.00
2017.08.17 14:04:47.543,12.87569,12.87801,0.00,0.00
2017.08.17 14:04:47.593,12.87539,12.87789,0.00,0.00
2017.08.17 14:04:47.645,12.87539,12.87709,0.00,0.00
2017.08.17 14:04:47.799,12.87398,12.87639,0.00,0.00
2017.08.17 14:04:47.849,12.87482,12.87682,0.00,0.00
2017.08.17 14:04:47.900,12.87481,12.87691,0.00,0.00
2017.08.17 14:04:47.951,12.87409,12.87652,0.00,0.00
2017.08.17 14:04:48.001,12.87448,12.87649,0.00,0.00
2017.08.17 14:04:48.144,12.87438,12.87648,0.00,0.00
2017.08.17 14:04:48.197,12.87391,12.87649,0.00,0.00
2017.08.17 14:04:48.501,12.87418,12.87598,0.00,0.00
2017.08.17 14:04:48.853,12.87398,12.87648,0.00,0.00
2017.08.17 14:04:48.953,12.87398,12.87598,0.00,0.00
2017.08.17 14:04:49.004,12.87382,12.87612,0.00,0.00
2017.08.17 14:04:49.055,12.87382,12.87598,0.00,0.00
2017.08.17 14:04:49.206,12.87391,12.87642,0.00,0.00
2017.08.17 14:04:49.307,12.87398,12.87648,0.00,0.00
2017.08.17 14:04:49.624,12.87418,12.87648,0.00,0.00
2017.08.17 14:04:49.928,12.87428,12.87548,0.00,0.00
2017.08.17 14:04:49.978,12.87428,12.87561,0.00,0.00
2017.08.17 14:04:50.029,12.87381,12.87561,0.00,0.00
2017.08.17 14:04:50.079,12.87381,12.87549,0.00,0.00
2017.08.17 14:04:50.130,12.87308,12.87548,0.00,0.00
2017.08.17 14:04:50.299,12.87292,12.87548,0.00,0.00
2017.08.17 14:04:50.501,12.87381,12.87562,0.00,0.00
2017.08.17 14:04:50.602,12.87381,12.87599,0.00,0.00
2017.08.17 14:04:50.704,12.87381,12.87562,0.00,0.00
2017.08.17 14:04:50.755,12.87348,12.87549,0.00,0.00
2017.08.17 14:04:50.856,12.87318,12.87549,0.00,0.00
2017.08.17 14:04:50.907,12.87392,12.87581,0.00,0.00
2017.08.17 14:04:51.008,12.87392,12.87592,0.00,0.00
2017.08.17 14:04:51.109,12.87391,12.87649,0.00,0.00
2017.08.17 14:04:51.634,12.87418,12.87649,0.00,0.00
2017.08.17 14:04:51.684,12.87409,12.87648,0.00,0.00
2017.08.17 14:04:52.106,12.87399,12.87648,0.00,0.00
2017.08.17 14:04:52.225,12.87408,12.87648,0.00,0.00
2017.08.17 14:04:52.687,12.87428,12.87649,0.00,0.00
2017.08.17 14:04:53.017,12.87359,12.87549,0.00,0.00
2017.08.17 14:04:53.228,12.87392,12.87622,0.00,0.00
2017.08.17 14:04:53.329,12.87388,12.87598,0.00,0.00
2017.08.17 14:04:53.581,12.87369,12.87591,0.00,0.00
2017.08.17 14:04:53.718,12.87299,12.87562,0.00,0.00
2017.08.17 14:04:53.770,12.87299,12.87549,0.00,0.00
2017.08.17 14:04:53.822,12.87291,12.87549,0.00,0.00
2017.08.17 14:04:53.923,12.87392,12.87562,0.00,0.00
2017.08.17 14:04:54.026,12.87391,12.87582,0.00,0.00
2017.08.17 14:04:54.127,12.87391,12.87649,0.00,0.00
2017.08.17 14:04:54.229,12.87398,12.87649,0.00,0.00
2017.08.17 14:04:54.540,12.87428,12.87648,0.00,0.00
2017.08.17 14:04:54.645,12.87409,12.87648,0.00,0.00
2017.08.17 14:04:54.696,12.87392,12.87648,0.00,0.00
2017.08.17 14:04:54.797,12.87391,12.87599,0.00,0.00
2017.08.17 14:04:54.847,12.87391,12.87611,0.00,0.00
2017.08.17 14:04:54.898,12.87392,12.87598,0.00,0.00
2017.08.17 14:04:55.058,12.87391,12.87621,0.00,0.00
2017.08.17 14:04:55.112,12.87392,12.87648,0.00,0.00
2017.08.17 14:04:55.251,12.87399,12.87648,0.00,0.00
2017.08.17 14:04:55.554,12.87518,12.87748,0.00,0.00
2017.08.17 14:04:55.926,12.87598,12.87749,0.00,0.00
2017.08.17 14:04:56.041,12.87528,12.87749,0.00,0.00
2017.08.17 14:04:56.243,12.87518,12.87748,0.00,0.00
2017.08.17 14:04:56.294,12.87518,12.87762,0.00,0.00
2017.08.17 14:04:56.395,12.87492,12.87748,0.00,0.00
2017.08.17 14:04:56.626,12.87498,12.87749,0.00,0.00
2017.08.17 14:04:56.935,12.87561,12.87749,0.00,0.00
2017.08.17 14:04:56.986,12.87591,12.87799,0.00,0.00
2017.08.17 14:04:57.037,12.87592,12.87811,0.00,0.00
2017.08.17 14:04:57.138,12.87591,12.87799,0.00,0.00
2017.08.17 14:04:57.240,12.87591,12.87812,0.00,0.00
2017.08.17 14:04:57.341,12.87592,12.87791,0.00,0.00
2017.08.17 14:04:57.468,12.87592,12.87848,0.00,0.00
2017.08.17 14:04:57.519,12.87491,12.87742,0.00,0.00
2017.08.17 14:04:57.822,12.87491,12.87712,0.00,0.00
2017.08.17 14:04:57.923,12.87491,12.87749,0.00,0.00
2017.08.17 14:04:58.175,12.87519,12.87748,0.00,0.00
2017.08.17 14:04:58.276,12.87518,12.87762,0.00,0.00
2017.08.17 14:04:58.429,12.87491,12.87731,0.00,0.00
2017.08.17 14:04:58.732,12.87508,12.87748,0.00,0.00
2017.08.17 14:04:58.967,12.87518,12.87762,0.00,0.00
2017.08.17 14:04:59.018,12.87519,12.87749,0.00,0.00
2017.08.17 14:04:59.119,12.87492,12.87748,0.00,0.00
2017.08.17 14:04:59.169,12.87481,12.87709,0.00,0.00
2017.08.17 14:04:59.321,12.87369,12.87609,0.00,0.00
2017.08.17 14:04:59.372,12.87392,12.87548,0.00,0.00
2017.08.17 14:04:59.422,12.87392,12.87561,0.00,0.00
2017.08.17 14:04:59.524,12.87392,12.87592,0.00,0.00
2017.08.17 14:04:59.681,12.87391,12.87621,0.00,0.00
2017.08.17 14:04:59.732,12.87391,12.87649,0.00,0.00
2017.08.17 14:04:59.785,12.87491,12.87671,0.00,0.00
2017.08.17 14:04:59.835,12.87492,12.87698,0.00,0.00
2017.08.17 14:04:59.886,12.87491,12.87742,0.00,0.00
2017.08.17 14:04:59.937,12.87491,12.87732,0.00,0.00
2017.08.17 14:05:00.038,12.87491,12.87749,0.00,0.00
2017.08.17 14:05:00.139,12.87499,12.87748,0.00,0.00
2017.08.17 14:05:00.440,12.87591,12.87801,0.00,0.00
2017.08.17 14:05:00.490,12.87519,12.87761,0.00,0.00
2017.08.17 14:05:00.541,12.87508,12.87761,0.00,0.00
2017.08.17 14:05:00.642,12.87492,12.87732,0.00,0.00
2017.08.17 14:05:00.844,12.87491,12.87761,0.00,0.00
2017.08.17 14:05:01.046,12.87491,12.87742,0.00,0.00
2017.08.17 14:05:01.366,12.87582,12.87762,0.00,0.00
2017.08.17 14:05:01.467,12.87519,12.87749,0.00,0.00
2017.08.17 14:05:01.555,12.87491,12.87721,0.00,0.00
2017.08.17 14:05:01.656,12.87492,12.87731,0.00,0.00
2017.08.17 14:05:01.808,12.87581,12.87731,0.00,0.00
2017.08.17 14:05:01.953,12.87592,12.87748,0.00,0.00
2017.08.17 14:05:02.004,12.87528,12.87748,0.00,0.00
2017.08.17 14:05:02.105,12.87582,12.87748,0.00,0.00
2017.08.17 14:05:02.357,12.87592,12.87832,0.00,0.00
2017.08.17 14:05:02.510,12.87582,12.87798,0.00,0.00
2017.08.17 14:05:02.731,12.87491,12.87762,0.00,0.00
2017.08.17 14:05:02.784,12.87491,12.87749,0.00,0.00
2017.08.17 14:05:02.986,12.87469,12.87752,0.00,0.00
2017.08.17 14:05:03.037,12.87491,12.87699,0.00,0.00
2017.08.17 14:05:03.088,12.87492,12.87711,0.00,0.00
2017.08.17 14:05:03.139,12.87492,12.87692,0.00,0.00
2017.08.17 14:05:03.240,12.87491,12.87711,0.00,0.00
2017.08.17 14:05:03.291,12.87482,12.87698,0.00,0.00
2017.08.17 14:05:03.341,12.87479,12.87698,0.00,0.00
2017.08.17 14:05:03.392,12.87479,12.87648,0.00,0.00
2017.08.17 14:05:03.550,12.87392,12.87642,0.00,0.00
2017.08.17 14:05:03.742,12.87481,12.87642,0.00,0.00
2017.08.17 14:05:03.843,12.87468,12.87708,0.00,0.00
2017.08.17 14:05:03.894,12.87468,12.87698,0.00,0.00
2017.08.17 14:05:03.996,12.87429,12.87682,0.00,0.00
2017.08.17 14:05:04.046,12.87418,12.87608,0.00,0.00
2017.08.17 14:05:04.147,12.87319,12.87582,0.00,0.00
2017.08.17 14:05:04.198,12.87382,12.87582,0.00,0.00
2017.08.17 14:05:04.521,12.87338,12.87581,0.00,0.00
2017.08.17 14:05:04.622,12.87319,12.87581,0.00,0.00
2017.08.17 14:05:04.723,12.87319,12.87572,0.00,0.00
2017.08.17 14:05:04.825,12.87319,12.87581,0.00,0.00
2017.08.17 14:05:04.931,12.87298,12.87481,0.00,0.00
2017.08.17 14:05:05.032,12.87219,12.87481,0.00,0.00
2017.08.17 14:05:05.083,12.87228,12.87449,0.00,0.00
2017.08.17 14:05:05.302,12.87168,12.87392,0.00,0.00
2017.08.17 14:05:05.353,12.87129,12.87391,0.00,0.00
2017.08.17 14:05:05.404,12.87191,12.87391,0.00,0.00
2017.08.17 14:05:05.555,12.87228,12.87461,0.00,0.00
2017.08.17 14:05:05.656,12.87228,12.87472,0.00,0.00
2017.08.17 14:05:05.959,12.87228,12.87482,0.00,0.00
2017.08.17 14:05:06.255,12.87228,12.87492,0.00,0.00
2017.08.17 14:05:06.759,12.87228,12.87462,0.00,0.00
2017.08.17 14:05:07.061,12.87228,12.87442,0.00,0.00
2017.08.17 14:05:07.172,12.87228,12.87491,0.00,0.00
2017.08.17 14:05:07.474,12.87228,12.87471,0.00,0.00
2017.08.17 14:05:07.528,12.87228,12.87492,0.00,0.00
2017.08.17 14:05:07.633,12.87228,12.87471,0.00,0.00
2017.08.17 14:05:08.223,12.87201,12.87392,0.00,0.00
2017.08.17 14:05:08.274,12.87128,12.87381,0.00,0.00
2017.08.17 14:05:08.329,12.87128,12.87378,0.00,0.00
2017.08.17 14:05:08.379,12.87128,12.87381,0.00,0.00
2017.08.17 14:05:08.481,12.87128,12.87342,0.00,0.00
2017.08.17 14:05:08.581,12.87128,12.87362,0.00,0.00
2017.08.17 14:05:08.683,12.87128,12.87392,0.00,0.00
2017.08.17 14:05:08.997,12.87129,12.87331,0.00,0.00
2017.08.17 14:05:09.148,12.87129,12.87341,0.00,0.00
2017.08.17 14:05:09.249,12.87129,12.87391,0.00,0.00
2017.08.17 14:05:09.350,12.87129,12.87381,0.00,0.00
2017.08.17 14:05:09.671,12.87129,12.87352,0.00,0.00
2017.08.17 14:05:09.772,12.87129,12.87382,0.00,0.00
2017.08.17 14:05:09.823,12.87098,12.87309,0.00,0.00
2017.08.17 14:05:09.991,12.87029,12.87282,0.00,0.00
2017.08.17 14:05:10.042,12.87029,12.87272,0.00,0.00
2017.08.17 14:05:10.345,12.87089,12.87339,0.00,0.00
2017.08.17 14:05:10.395,12.87089,12.87308,0.00,0.00
2017.08.17 14:05:10.446,12.87082,12.87308,0.00,0.00
2017.08.17 14:05:10.496,12.87092,12.87292,0.00,0.00
2017.08.17 14:05:10.648,12.87129,12.87391,0.00,0.00
2017.08.17 14:05:10.745,12.87129,12.87381,0.00,0.00
2017.08.17 14:05:10.946,12.87129,12.87391,0.00,0.00
2017.08.17 14:05:10.997,12.87228,12.87401,0.00,0.00
2017.08.17 14:05:11.047,12.87228,12.87408,0.00,0.00
2017.08.17 14:05:11.098,12.87158,12.87391,0.00,0.00
2017.08.17 14:05:11.149,12.87129,12.87391,0.00,0.00
2017.08.17 14:05:11.250,12.87129,12.87372,0.00,0.00
2017.08.17 14:05:11.611,12.87192,12.87408,0.00,0.00
2017.08.17 14:05:11.661,12.87192,12.87431,0.00,0.00
2017.08.17 14:05:11.712,12.87149,12.87391,0.00,0.00
2017.08.17 14:05:11.763,12.87138,12.87391,0.00,0.00
2017.08.17 14:05:11.864,12.87129,12.87362,0.00,0.00
2017.08.17 14:05:12.166,12.87129,12.87302,0.00,0.00
2017.08.17 14:05:12.267,12.87129,12.87362,0.00,0.00
2017.08.17 14:05:12.592,12.87129,12.87381,0.00,0.00
2017.08.17 14:05:12.885,12.87202,12.87381,0.00,0.00
2017.08.17 14:05:12.986,12.87228,12.87451,0.00,0.00
2017.08.17 14:05:13.037,12.87228,12.87409,0.00,0.00
2017.08.17 14:05:13.138,12.87178,12.87392,0.00,0.00
2017.08.17 14:05:13.189,12.87128,12.87372,0.00,0.00
2017.08.17 14:05:13.290,12.87128,12.87341,0.00,0.00
2017.08.17 14:05:13.598,12.87229,12.87341,0.00,0.00
2017.08.17 14:05:13.700,12.87158,12.87392,0.00,0.00
2017.08.17 14:05:13.751,12.87158,12.87358,0.00,0.00
2017.08.17 14:05:13.858,12.87128,12.87332,0.00,0.00
2017.08.17 14:05:13.909,12.87108,12.87208,0.00,0.00
2017.08.17 14:05:13.959,12.87008,12.87208,0.00,0.00
2017.08.17 14:05:14.060,12.86981,12.87209,0.00,0.00
2017.08.17 14:05:14.180,12.86991,12.87232,0.00,0.00
2017.08.17 14:05:14.286,12.87002,12.87242,0.00,0.00
2017.08.17 14:05:14.588,12.86992,12.87242,0.00,0.00
2017.08.17 14:05:14.689,12.86982,12.87208,0.00,0.00
2017.08.17 14:05:15.008,12.87029,12.87271,0.00,0.00
2017.08.17 14:05:15.112,12.87101,12.87271,0.00,0.00
2017.08.17 14:05:15.162,12.87048,12.87248,0.00,0.00
2017.08.17 14:05:15.213,12.87048,12.87208,0.00,0.00
2017.08.17 14:05:15.263,12.86981,12.87202,0.00,0.00
2017.08.17 14:05:15.638,12.86938,12.87202,0.00,0.00
2017.08.17 14:05:15.688,12.86938,12.87192,0.00,0.00
2017.08.17 14:05:16.015,12.86988,12.87161,0.00,0.00
2017.08.17 14:05:16.117,12.87012,12.87192,0.00,0.00
2017.08.17 14:05:16.167,12.87038,12.87192,0.00,0.00
2017.08.17 14:05:16.327,12.87038,12.87281,0.00,0.00
2017.08.17 14:05:16.378,12.87038,12.87291,0.00,0.00
2017.08.17 14:05:16.428,12.87011,12.87249,0.00,0.00
2017.08.17 14:05:16.681,12.87038,12.87302,0.00,0.00
2017.08.17 14:05:17.108,12.87091,12.87309,0.00,0.00
2017.08.17 14:05:17.209,12.87091,12.87322,0.00,0.00
2017.08.17 14:05:17.260,12.87138,12.87322,0.00,0.00
2017.08.17 14:05:17.310,12.87138,12.87351,0.00,0.00
2017.08.17 14:05:17.412,12.87111,12.87352,0.00,0.00
2017.08.17 14:05:17.513,12.87138,12.87352,0.00,0.00
2017.08.17 14:05:17.614,12.87138,12.87401,0.00,0.00
2017.08.17 14:05:18.143,12.87138,12.87402,0.00,0.00
2017.08.17 14:05:18.194,12.87138,12.87392,0.00,0.00
2017.08.17 14:05:18.603,12.87138,12.87361,0.00,0.00
2017.08.17 14:05:18.664,12.87111,12.87351,0.00,0.00
2017.08.17 14:05:18.765,12.87099,12.87302,0.00,0.00
2017.08.17 14:05:18.816,12.87039,12.87302,0.00,0.00
2017.08.17 14:05:18.917,12.87091,12.87261,0.00,0.00
2017.08.17 14:05:19.259,12.87138,12.87362,0.00,0.00
2017.08.17 14:05:19.397,12.87091,12.87302,0.00,0.00
2017.08.17 14:05:19.550,12.87088,12.87302,0.00,0.00
2017.08.17 14:05:19.601,12.87039,12.87301,0.00,0.00
2017.08.17 14:05:19.703,12.87039,12.87261,0.00,0.00
2017.08.17 14:05:20.005,12.87039,12.87282,0.00,0.00
2017.08.17 14:05:20.220,12.87039,12.87241,0.00,0.00
2017.08.17 14:05:20.322,12.87039,12.87262,0.00,0.00
2017.08.17 14:05:20.525,12.87039,12.87272,0.00,0.00
2017.08.17 14:05:20.726,12.87039,12.87281,0.00,0.00
2017.08.17 14:05:20.827,12.87082,12.87291,0.00,0.00
2017.08.17 14:05:21.060,12.87081,12.87301,0.00,0.00
2017.08.17 14:05:21.111,12.87081,12.87291,0.00,0.00
2017.08.17 14:05:21.162,12.87039,12.87291,0.00,0.00
2017.08.17 14:05:21.263,12.87039,12.87301,0.00,0.00
2017.08.17 14:05:21.313,12.87039,12.87291,0.00,0.00
2017.08.17 14:05:21.488,12.87039,12.87301,0.00,0.00
2017.08.17 14:05:21.767,12.87062,12.87301,0.00,0.00
2017.08.17 14:05:22.105,12.87039,12.87272,0.00,0.00
2017.08.17 14:05:22.206,12.87039,12.87282,0.00,0.00
2017.08.17 14:05:22.307,12.86992,12.87242,0.00,0.00
2017.08.17 14:05:22.358,12.87011,12.87242,0.00,0.00
2017.08.17 14:05:22.561,12.86948,12.87202,0.00,0.00
2017.08.17 14:05:22.611,12.86938,12.87192,0.00,0.00
2017.08.17 14:05:22.954,12.86938,12.87181,0.00,0.00
2017.08.17 14:05:23.232,12.86938,12.87191,0.00,0.00
2017.08.17 14:05:23.333,12.86938,12.87202,0.00,0.00
2017.08.17 14:05:23.541,12.86938,12.87172,0.00,0.00
2017.08.17 14:05:23.947,12.87038,12.87209,0.00,0.00
2017.08.17 14:05:23.999,12.86938,12.87172,0.00,0.00
2017.08.17 14:05:24.294,12.86938,12.87201,0.00,0.00
2017.08.17 14:05:24.496,12.86938,12.87162,0.00,0.00
2017.08.17 14:05:24.800,12.86938,12.87172,0.00,0.00
2017.08.17 14:05:25.047,12.86938,12.87202,0.00,0.00
2017.08.17 14:05:25.264,12.87038,12.87212,0.00,0.00
2017.08.17 14:05:25.315,12.87038,12.87232,0.00,0.00
2017.08.17 14:05:25.416,12.87038,12.87281,0.00,0.00
2017.08.17 14:05:25.518,12.86988,12.87209,0.00,0.00
2017.08.17 14:05:25.710,12.86939,12.87192,0.00,0.00
2017.08.17 14:05:25.814,12.86939,12.87152,0.00,0.00
2017.08.17 14:05:26.145,12.86991,12.87192,0.00,0.00
2017.08.17 14:05:26.246,12.86991,12.87251,0.00,0.00
2017.08.17 14:05:26.296,12.87039,12.87251,0.00,0.00
2017.08.17 14:05:26.397,12.86988,12.87201,0.00,0.00
2017.08.17 14:05:26.542,12.86939,12.87162,0.00,0.00
2017.08.17 14:05:26.643,12.86939,12.87171,0.00,0.00
2017.08.17 14:05:26.744,12.86939,12.87192,0.00,0.00
2017.08.17 14:05:26.949,12.86939,12.87172,0.00,0.00
2017.08.17 14:05:27.151,12.86892,12.87148,0.00,0.00
2017.08.17 14:05:27.201,12.86891,12.87109,0.00,0.00
2017.08.17 14:05:27.651,12.86911,12.87112,0.00,0.00
2017.08.17 14:05:27.701,12.86891,12.87112,0.00,0.00
2017.08.17 14:05:27.752,12.86891,12.87102,0.00,0.00
2017.08.17 14:05:27.904,12.86939,12.87152,0.00,0.00
2017.08.17 14:05:27.955,12.86939,12.87178,0.00,0.00
2017.08.17 14:05:28.005,12.86939,12.87141,0.00,0.00
2017.08.17 14:05:28.256,12.86939,12.87172,0.00,0.00
2017.08.17 14:05:28.307,12.86939,12.87192,0.00,0.00
2017.08.17 14:05:28.408,12.86939,12.87172,0.00,0.00
2017.08.17 14:05:28.560,12.86888,12.87152,0.00,0.00
2017.08.17 14:05:28.610,12.86892,12.87121,0.00,0.00
2017.08.17 14:05:28.812,12.86938,12.87172,0.00,0.00
2017.08.17 14:05:28.913,12.86938,12.87181,0.00,0.00
2017.08.17 14:05:29.014,12.86938,12.87132,0.00,0.00
2017.08.17 14:05:29.243,12.86938,12.87161,0.00,0.00
2017.08.17 14:05:29.344,12.86938,12.87182,0.00,0.00
2017.08.17 14:05:29.445,12.86938,12.87171,0.00,0.00
2017.08.17 14:05:29.829,12.86938,12.87131,0.00,0.00
2017.08.17 14:05:29.909,12.86938,12.87151,0.00,0.00
2017.08.17 14:05:30.359,12.86938,12.87171,0.00,0.00
2017.08.17 14:05:30.511,12.86938,12.87142,0.00,0.00
2017.08.17 14:05:30.764,12.86892,12.87102,0.00,0.00
2017.08.17 14:05:30.814,12.86911,12.87102,0.00,0.00
2017.08.17 14:05:30.916,12.86939,12.87162,0.00,0.00
2017.08.17 14:05:31.017,12.86939,12.87182,0.00,0.00
2017.08.17 14:05:31.432,12.86939,12.87142,0.00,0.00
2017.08.17 14:05:31.739,12.86891,12.87141,0.00,0.00
2017.08.17 14:05:31.840,12.86881,12.87101,0.00,0.00
2017.08.17 14:05:32.042,12.86939,12.87172,0.00,0.00
2017.08.17 14:05:32.143,12.86939,12.87191,0.00,0.00
2017.08.17 14:05:32.244,12.86939,12.87181,0.00,0.00
2017.08.17 14:05:32.478,12.86939,12.87201,0.00,0.00
2017.08.17 14:05:32.699,12.87038,12.87202,0.00,0.00
2017.08.17 14:05:32.749,12.87038,12.87212,0.00,0.00
2017.08.17 14:05:32.851,12.87038,12.87282,0.00,0.00
2017.08.17 14:05:32.952,12.87038,12.87302,0.00,0.00
2017.08.17 14:05:33.122,12.87038,12.87252,0.00,0.00
2017.08.17 14:05:33.173,12.87011,12.87252,0.00,0.00
2017.08.17 14:05:33.223,12.87011,12.87231,0.00,0.00
2017.08.17 14:05:33.325,12.87038,12.87292,0.00,0.00
2017.08.17 14:05:33.426,12.87038,12.87302,0.00,0.00
2017.08.17 14:05:33.527,12.87009,12.87209,0.00,0.00
2017.08.17 14:05:33.628,12.86939,12.87201,0.00,0.00
2017.08.17 14:05:33.729,12.86939,12.87182,0.00,0.00
2017.08.17 14:05:34.074,12.86939,12.87162,0.00,0.00
2017.08.17 14:05:34.225,12.86948,12.87201,0.00,0.00
2017.08.17 14:05:34.326,12.86891,12.87149,0.00,0.00
2017.08.17 14:05:34.427,12.86891,12.87121,0.00,0.00
2017.08.17 14:05:34.629,12.86938,12.87182,0.00,0.00
2017.08.17 14:05:34.860,12.86938,12.87142,0.00,0.00
2017.08.17 14:05:34.961,12.86938,12.87192,0.00,0.00
2017.08.17 14:05:35.062,12.86938,12.87201,0.00,0.00
2017.08.17 14:05:35.163,12.86919,12.87149,0.00,0.00
2017.08.17 14:05:35.214,12.86919,12.87152,0.00,0.00
2017.08.17 14:05:35.265,12.86892,12.87108,0.00,0.00
2017.08.17 14:05:35.567,12.86891,12.87101,0.00,0.00
2017.08.17 14:05:35.668,12.86892,12.87122,0.00,0.00
2017.08.17 14:05:35.719,12.86839,12.87101,0.00,0.00
2017.08.17 14:05:35.850,12.86839,12.87032,0.00,0.00
2017.08.17 14:05:36.001,12.86798,12.87021,0.00,0.00
2017.08.17 14:05:36.052,12.86798,12.87009,0.00,0.00
2017.08.17 14:05:36.103,12.86792,12.87011,0.00,0.00
2017.08.17 14:05:36.154,12.86822,12.87011,0.00,0.00
2017.08.17 14:05:36.355,12.86749,12.87009,0.00,0.00
2017.08.17 14:05:36.406,12.86792,12.87011,0.00,0.00
2017.08.17 14:05:36.604,12.86798,12.87062,0.00,0.00
2017.08.17 14:05:36.664,12.86848,12.87072,0.00,0.00
2017.08.17 14:05:36.765,12.86848,12.87091,0.00,0.00
2017.08.17 14:05:36.815,12.86948,12.87091,0.00,0.00
2017.08.17 14:05:36.866,12.86948,12.87102,0.00,0.00
2017.08.17 14:05:36.967,12.86848,12.87109,0.00,0.00
2017.08.17 14:05:37.170,12.86868,12.87072,0.00,0.00
2017.08.17 14:05:37.342,12.86868,12.87109,0.00,0.00
2017.08.17 14:05:37.759,12.86868,12.87092,0.00,0.00
2017.08.17 14:05:37.860,12.86868,12.87108,0.00,0.00
2017.08.17 14:05:37.969,12.86868,12.87092,0.00,0.00
2017.08.17 14:05:38.121,12.86868,12.87109,0.00,0.00
2017.08.17 14:05:38.272,12.86919,12.87082,0.00,0.00
2017.08.17 14:05:38.431,12.86919,12.87109,0.00,0.00
2017.08.17 14:05:38.482,12.86882,12.87108,0.00,0.00
2017.08.17 14:05:38.532,12.86881,12.87091,0.00,0.00
2017.08.17 14:05:38.891,12.86868,12.87091,0.00,0.00
2017.08.17 14:05:38.942,12.86868,12.87081,0.00,0.00
2017.08.17 14:05:39.282,12.86869,12.87059,0.00,0.00
2017.08.17 14:05:39.332,12.86858,12.87049,0.00,0.00
2017.08.17 14:05:39.383,12.86858,12.87008,0.00,0.00
2017.08.17 14:05:39.434,12.86769,12.87009,0.00,0.00
2017.08.17 14:05:39.484,12.86791,12.87009,0.00,0.00
2017.08.17 14:05:39.535,12.86781,12.87009,0.00,0.00
2017.08.17 14:05:39.636,12.86809,12.87042,0.00,0.00
2017.08.17 14:05:39.687,12.86842,12.87042,0.00,0.00
2017.08.17 14:05:39.737,12.86858,12.87109,0.00,0.00
2017.08.17 14:05:40.053,12.86858,12.87061,0.00,0.00
2017.08.17 14:05:40.104,12.86782,12.87008,0.00,0.00
2017.08.17 14:05:40.205,12.86791,12.87021,0.00,0.00
2017.08.17 14:05:40.256,12.86808,12.87022,0.00,0.00
2017.08.17 14:05:40.458,12.86858,12.87102,0.00,0.00
2017.08.17 14:05:40.559,12.86858,12.87092,0.00,0.00
2017.08.17 14:05:40.610,12.86809,12.87071,0.00,0.00
2017.08.17 14:05:40.661,12.86841,12.87051,0.00,0.00
2017.08.17 14:05:40.972,12.86858,12.87101,0.00,0.00
2017.08.17 14:05:41.039,12.86858,12.87081,0.00,0.00
2017.08.17 14:05:41.340,12.86858,12.87101,0.00,0.00
2017.08.17 14:05:41.950,12.86858,12.87072,0.00,0.00
2017.08.17 14:05:42.228,12.86882,12.87108,0.00,0.00
2017.08.17 14:05:42.279,12.86859,12.87109,0.00,0.00
2017.08.17 14:05:42.380,12.86859,12.87071,0.00,0.00
2017.08.17 14:05:42.526,12.86808,12.87049,0.00,0.00
2017.08.17 14:05:42.627,12.86808,12.87052,0.00,0.00
2017.08.17 14:05:42.678,12.86808,12.87009,0.00,0.00
2017.08.17 14:05:42.729,12.86808,12.87011,0.00,0.00
2017.08.17 14:05:42.830,12.86759,12.87008,0.00,0.00
2017.08.17 14:05:42.880,12.86768,12.87008,0.00,0.00
2017.08.17 14:05:43.029,12.86759,12.87001,0.00,0.00
2017.08.17 14:05:43.181,12.86759,12.86981,0.00,0.00
2017.08.17 14:05:43.384,12.86859,12.87092,0.00,0.00
2017.08.17 14:05:43.485,12.86859,12.87109,0.00,0.00
2017.08.17 14:05:43.586,12.86859,12.87102,0.00,0.00
2017.08.17 14:05:43.746,12.86862,12.87121,0.00,0.00
2017.08.17 14:05:43.796,12.86862,12.87108,0.00,0.00
2017.08.17 14:05:43.952,12.86859,12.87109,0.00,0.00
2017.08.17 14:05:44.053,12.86859,12.87081,0.00,0.00
2017.08.17 14:05:44.359,12.86859,12.87108,0.00,0.00
2017.08.17 14:05:44.563,12.86859,12.87102,0.00,0.00
2017.08.17 14:05:44.766,12.86859,12.87108,0.00,0.00
2017.08.17 14:05:44.867,12.86859,12.87081,0.00,0.00
2017.08.17 14:05:45.128,12.86808,12.87049,0.00,0.00
2017.08.17 14:05:45.179,12.86808,12.87009,0.00,0.00
2017.08.17 14:05:45.230,12.86758,12.87009,0.00,0.00
2017.08.17 14:05:45.280,12.86758,12.87002,0.00,0.00
2017.08.17 14:05:45.609,12.86758,12.86971,0.00,0.00
2017.08.17 14:05:45.660,12.86758,12.87001,0.00,0.00
2017.08.17 14:05:45.710,12.86809,12.87001,0.00,0.00
2017.08.17 14:05:45.761,12.86809,12.87012,0.00,0.00
2017.08.17 14:05:45.862,12.86808,12.87042,0.00,0.00
2017.08.17 14:05:45.959,12.86808,12.87011,0.00,0.00
2017.08.17 14:05:46.010,12.86759,12.87008,0.00,0.00
2017.08.17 14:05:46.061,12.86759,12.86971,0.00,0.00
2017.08.17 14:05:46.752,12.86759,12.86982,0.00,0.00
2017.08.17 14:05:47.031,12.86699,12.86979,0.00,0.00
2017.08.17 14:05:47.284,12.86699,12.86961,0.00,0.00
2017.08.17 14:05:47.591,12.86798,12.87001,0.00,0.00
2017.08.17 14:05:47.692,12.86881,12.87091,0.00,0.00
2017.08.17 14:05:47.743,12.86899,12.87091,0.00,0.00
2017.08.17 14:05:47.793,12.86899,12.87172,0.00,0.00
2017.08.17 14:05:47.895,12.86908,12.87179,0.00,0.00
2017.08.17 14:05:48.205,12.86899,12.87131,0.00,0.00
2017.08.17 14:05:48.258,12.86899,12.87142,0.00,0.00
2017.08.17 14:05:48.459,12.86899,12.87162,0.00,0.00
2017.08.17 14:05:48.661,12.86899,12.87131,0.00,0.00
2017.08.17 14:05:49.182,12.86899,12.87142,0.00,0.00
2017.08.17 14:05:49.579,12.86899,12.87178,0.00,0.00
2017.08.17 14:05:49.680,12.86899,12.87162,0.00,0.00
2017.08.17 14:05:49.991,12.86899,12.87132,0.00,0.00
2017.08.17 14:05:50.193,12.86899,12.87162,0.00,0.00
2017.08.17 14:05:50.422,12.86969,12.87242,0.00,0.00
2017.08.17 14:05:50.473,12.86968,12.87178,0.00,0.00
2017.08.17 14:05:50.579,12.86898,12.87151,0.00,0.00
2017.08.17 14:05:50.680,12.86991,12.87142,0.00,0.00
2017.08.17 14:05:50.781,12.86991,12.87241,0.00,0.00
2017.08.17 14:05:50.832,12.86999,12.87252,0.00,0.00
2017.08.17 14:05:50.983,12.86999,12.87261,0.00,0.00
2017.08.17 14:05:51.275,12.86999,12.87279,0.00,0.00
2017.08.17 14:05:51.376,12.86999,12.87232,0.00,0.00
2017.08.17 14:05:51.698,12.86999,12.87252,0.00,0.00
2017.08.17 14:05:51.900,12.86999,12.87242,0.00,0.00
2017.08.17 14:05:52.416,12.87009,12.87279,0.00,0.00
2017.08.17 14:05:52.583,12.86999,12.87241,0.00,0.00
2017.08.17 14:05:52.684,12.86999,12.87278,0.00,0.00
2017.08.17 14:05:52.970,12.87009,12.87279,0.00,0.00
2017.08.17 14:05:53.274,12.86999,12.87262,0.00,0.00
2017.08.17 14:05:53.482,12.87009,12.87279,0.00,0.00
2017.08.17 14:05:53.583,12.87018,12.87279,0.00,0.00
2017.08.17 14:05:53.785,12.86999,12.87278,0.00,0.00
2017.08.17 14:05:53.886,12.86999,12.87262,0.00,0.00
2017.08.17 14:05:54.273,12.86999,12.87271,0.00,0.00
2017.08.17 14:05:54.379,12.86999,12.87251,0.00,0.00
2017.08.17 14:05:54.573,12.86999,12.87271,0.00,0.00
2017.08.17 14:05:54.690,12.86999,12.87251,0.00,0.00
2017.08.17 14:05:54.791,12.87018,12.87279,0.00,0.00
2017.08.17 14:05:54.892,12.86999,12.87279,0.00,0.00
2017.08.17 14:05:54.993,12.86999,12.87242,0.00,0.00
2017.08.17 14:05:55.194,12.86999,12.87271,0.00,0.00
2017.08.17 14:05:55.310,12.87009,12.87278,0.00,0.00
2017.08.17 14:05:55.617,12.87019,12.87278,0.00,0.00
2017.08.17 14:05:55.667,12.87008,12.87279,0.00,0.00
2017.08.17 14:05:55.718,12.87019,12.87279,0.00,0.00
2017.08.17 14:05:55.977,12.86999,12.87262,0.00,0.00
2017.08.17 14:05:56.611,12.86999,12.87278,0.00,0.00
2017.08.17 14:05:56.814,12.86999,12.87209,0.00,0.00
2017.08.17 14:05:57.016,12.86901,12.87172,0.00,0.00
2017.08.17 14:05:57.130,12.86902,12.87162,0.00,0.00
2017.08.17 14:05:57.281,12.86902,12.87172,0.00,0.00
2017.08.17 14:05:57.382,12.86908,12.87179,0.00,0.00
2017.08.17 14:05:57.481,12.86901,12.87162,0.00,0.00
2017.08.17 14:05:57.690,12.86909,12.87178,0.00,0.00
2017.08.17 14:05:57.791,12.86901,12.87161,0.00,0.00
2017.08.17 14:05:58.027,12.86901,12.87171,0.00,0.00
2017.08.17 14:05:58.306,12.86918,12.87179,0.00,0.00
2017.08.17 14:05:58.508,12.86901,12.87172,0.00,0.00
2017.08.17 14:05:58.609,12.86901,12.87161,0.00,0.00
2017.08.17 14:05:58.842,12.86902,12.87172,0.00,0.00
2017.08.17 14:05:58.893,12.86918,12.87178,0.00,0.00
2017.08.17 14:05:59.095,12.86901,12.87179,0.00,0.00
2017.08.17 14:05:59.195,12.86918,12.87178,0.00,0.00
2017.08.17 14:05:59.397,12.86902,12.87178,0.00,0.00
2017.08.17 14:05:59.498,12.86928,12.87179,0.00,0.00
2017.08.17 14:05:59.781,12.87019,12.87278,0.00,0.00
2017.08.17 14:05:59.932,12.86998,12.87261,0.00,0.00
2017.08.17 14:06:00.134,12.87018,12.87278,0.00,0.00
2017.08.17 14:06:00.461,12.87028,12.87279,0.00,0.00
2017.08.17 14:06:00.512,12.86998,12.87272,0.00,0.00
2017.08.17 14:06:00.698,12.87019,12.87279,0.00,0.00
2017.08.17 14:06:00.866,12.86998,12.87272,0.00,0.00
2017.08.17 14:06:00.971,12.87082,12.87272,0.00,0.00
2017.08.17 14:06:01.094,12.87081,12.87279,0.00,0.00
2017.08.17 14:06:01.761,12.87082,12.87278,0.00,0.00
2017.08.17 14:06:02.262,12.87081,12.87279,0.00,0.00
2017.08.17 14:06:02.313,12.87161,12.87311,0.00,0.00
2017.08.17 14:06:02.415,12.87161,12.87342,0.00,0.00
2017.08.17 14:06:02.466,12.87182,12.87378,0.00,0.00
2017.08.17 14:06:02.892,12.87182,12.87362,0.00,0.00
2017.08.17 14:06:03.043,12.87182,12.87378,0.00,0.00
2017.08.17 14:06:03.199,12.87201,12.87372,0.00,0.00
2017.08.17 14:06:03.250,12.87198,12.87372,0.00,0.00
2017.08.17 14:06:03.351,12.87181,12.87379,0.00,0.00
2017.08.17 14:06:03.401,12.87182,12.87332,0.00,0.00
2017.08.17 14:06:03.502,12.87182,12.87341,0.00,0.00
2017.08.17 14:06:03.808,12.87182,12.87371,0.00,0.00
2017.08.17 14:06:03.909,12.87161,12.87371,0.00,0.00
2017.08.17 14:06:04.199,12.87161,12.87361,0.00,0.00
2017.08.17 14:06:04.286,12.87098,12.87361,0.00,0.00
2017.08.17 14:06:04.424,12.87162,12.87361,0.00,0.00
2017.08.17 14:06:04.475,12.87079,12.87291,0.00,0.00
2017.08.17 14:06:04.526,12.87061,12.87291,0.00,0.00
2017.08.17 14:06:04.740,12.87062,12.87242,0.00,0.00
2017.08.17 14:06:04.792,12.87042,12.87242,0.00,0.00
2017.08.17 14:06:04.842,12.87041,12.87231,0.00,0.00
2017.08.17 14:06:05.149,12.87081,12.87261,0.00,0.00
2017.08.17 14:06:05.250,12.87049,12.87291,0.00,0.00
2017.08.17 14:06:05.301,12.87049,12.87278,0.00,0.00
2017.08.17 14:06:05.351,12.87041,12.87279,0.00,0.00
2017.08.17 14:06:05.512,12.87041,12.87242,0.00,0.00
2017.08.17 14:06:05.841,12.87041,12.87262,0.00,0.00
2017.08.17 14:06:05.942,12.87041,12.87232,0.00,0.00
2017.08.17 14:06:06.043,12.87041,12.87252,0.00,0.00
2017.08.17 14:06:06.144,12.87041,12.87279,0.00,0.00
2017.08.17 14:06:06.245,12.87041,12.87242,0.00,0.00
2017.08.17 14:06:06.595,12.87042,12.87232,0.00,0.00
2017.08.17 14:06:06.897,12.87122,12.87311,0.00,0.00
2017.08.17 14:06:06.948,12.87099,12.87329,0.00,0.00
2017.08.17 14:06:06.999,12.87099,12.87278,0.00,0.00
2017.08.17 14:06:07.049,12.87092,12.87278,0.00,0.00
2017.08.17 14:06:07.104,12.87042,12.87278,0.00,0.00
2017.08.17 14:06:07.360,12.87062,12.87278,0.00,0.00
2017.08.17 14:06:07.562,12.87092,12.87328,0.00,0.00
2017.08.17 14:06:07.613,12.87091,12.87279,0.00,0.00
2017.08.17 14:06:07.915,12.87132,12.87341,0.00,0.00
2017.08.17 14:06:07.967,12.87131,12.87351,0.00,0.00
2017.08.17 14:06:08.127,12.87131,12.87292,0.00,0.00
2017.08.17 14:06:08.178,12.87091,12.87292,0.00,0.00
2017.08.17 14:06:08.279,12.87132,12.87302,0.00,0.00
2017.08.17 14:06:08.330,12.87132,12.87321,0.00,0.00
2017.08.17 14:06:08.431,12.87132,12.87372,0.00,0.00
2017.08.17 14:06:08.610,12.87132,12.87352,0.00,0.00
2017.08.17 14:06:08.844,12.87131,12.87372,0.00,0.00
2017.08.17 14:06:09.082,12.87132,12.87378,0.00,0.00
2017.08.17 14:06:09.134,12.87131,12.87372,0.00,0.00
2017.08.17 14:06:09.285,12.87049,12.87309,0.00,0.00
2017.08.17 14:06:09.336,12.87091,12.87312,0.00,0.00
2017.08.17 14:06:09.538,12.87122,12.87378,0.00,0.00
2017.08.17 14:06:09.662,12.87121,12.87349,0.00,0.00
2017.08.17 14:06:09.925,12.87111,12.87371,0.00,0.00
2017.08.17 14:06:10.263,12.87111,12.87341,0.00,0.00
2017.08.17 14:06:10.391,12.87059,12.87309,0.00,0.00
2017.08.17 14:06:10.442,12.87088,12.87278,0.00,0.00
2017.08.17 14:06:10.543,12.87032,12.87278,0.00,0.00
2017.08.17 14:06:10.941,12.87038,12.87278,0.00,0.00
2017.08.17 14:06:11.017,12.87032,12.87278,0.00,0.00
2017.08.17 14:06:11.320,12.87038,12.87278,0.00,0.00
2017.08.17 14:06:11.522,12.87012,12.87272,0.00,0.00
2017.08.17 14:06:12.221,12.87012,12.87278,0.00,0.00
2017.08.17 14:06:12.322,12.87011,12.87271,0.00,0.00
2017.08.17 14:06:12.628,12.87011,12.87279,0.00,0.00
2017.08.17 14:06:12.770,12.87011,12.87261,0.00,0.00
2017.08.17 14:06:12.965,12.87012,12.87278,0.00,0.00
2017.08.17 14:06:13.234,12.87011,12.87262,0.00,0.00
2017.08.17 14:06:13.436,12.87011,12.87279,0.00,0.00
2017.08.17 14:06:13.625,12.87011,12.87252,0.00,0.00
2017.08.17 14:06:13.825,12.87011,12.87271,0.00,0.00
2017.08.17 14:06:14.046,12.87011,12.87251,0.00,0.00
2017.08.17 14:06:14.147,12.87011,12.87279,0.00,0.00
2017.08.17 14:06:14.332,12.87012,12.87262,0.00,0.00
2017.08.17 14:06:14.533,12.87011,12.87279,0.00,0.00
2017.08.17 14:06:14.735,12.86968,12.87209,0.00,0.00
2017.08.17 14:06:14.786,12.86968,12.87242,0.00,0.00
2017.08.17 14:06:14.887,12.86921,12.87179,0.00,0.00
2017.08.17 14:06:15.255,12.86921,12.87162,0.00,0.00
2017.08.17 14:06:15.457,12.86921,12.87179,0.00,0.00
2017.08.17 14:06:15.529,12.86921,12.87161,0.00,0.00
2017.08.17 14:06:15.629,12.86921,12.87179,0.00,0.00
2017.08.17 14:06:15.731,12.86922,12.87162,0.00,0.00
2017.08.17 14:06:15.832,12.86922,12.87178,0.00,0.00
2017.08.17 14:06:16.156,12.86878,12.87092,0.00,0.00
2017.08.17 14:06:16.257,12.86872,12.87092,0.00,0.00
2017.08.17 14:06:16.831,12.86821,12.87092,0.00,0.00
2017.08.17 14:06:17.066,12.86838,12.87092,0.00,0.00
2017.08.17 14:06:17.280,12.86822,12.87092,0.00,0.00
2017.08.17 14:06:17.831,12.86892,12.87101,0.00,0.00
2017.08.17 14:06:17.956,12.86891,12.87129,0.00,0.00
2017.08.17 14:06:18.007,12.86901,12.87162,0.00,0.00
2017.08.17 14:06:18.058,12.86908,12.87179,0.00,0.00
2017.08.17 14:06:18.462,12.86902,12.87161,0.00,0.00
2017.08.17 14:06:18.663,12.86908,12.87178,0.00,0.00
2017.08.17 14:06:18.815,12.86901,12.87179,0.00,0.00
2017.08.17 14:06:18.966,12.86909,12.87178,0.00,0.00
2017.08.17 14:06:19.288,12.86961,12.87179,0.00,0.00
2017.08.17 14:06:19.439,12.86949,12.87179,0.00,0.00
2017.08.17 14:06:19.490,12.86929,12.87179,0.00,0.00
2017.08.17 14:06:19.541,12.86909,12.87179,0.00,0.00
2017.08.17 14:06:19.591,12.86998,12.87191,0.00,0.00
2017.08.17 14:06:19.642,12.86998,12.87229,0.00,0.00
2017.08.17 14:06:19.813,12.87001,12.87261,0.00,0.00
2017.08.17 14:06:19.864,12.87002,12.87232,0.00,0.00
2017.08.17 14:06:19.965,12.87029,12.87268,0.00,0.00
2017.08.17 14:06:20.244,12.87002,12.87268,0.00,0.00
2017.08.17 14:06:20.294,12.87092,12.87282,0.00,0.00
2017.08.17 14:06:20.345,12.87091,12.87319,0.00,0.00
2017.08.17 14:06:20.446,12.87091,12.87332,0.00,0.00
2017.08.17 14:06:20.496,12.87091,12.87319,0.00,0.00
2017.08.17 14:06:20.656,12.87111,12.87369,0.00,0.00
2017.08.17 14:06:20.858,12.87111,12.87352,0.00,0.00
2017.08.17 14:06:20.959,12.87112,12.87368,0.00,0.00
2017.08.17 14:06:21.101,12.87108,12.87381,0.00,0.00
2017.08.17 14:06:21.152,12.87112,12.87368,0.00,0.00
2017.08.17 14:06:21.455,12.87118,12.87369,0.00,0.00
2017.08.17 14:06:21.547,12.87111,12.87369,0.00,0.00
2017.08.17 14:06:21.689,12.87009,12.87182,0.00,0.00
2017.08.17 14:06:21.790,12.86911,12.87182,0.00,0.00
2017.08.17 14:06:22.049,12.86939,12.87182,0.00,0.00
2017.08.17 14:06:22.251,12.86901,12.87162,0.00,0.00
2017.08.17 14:06:22.352,12.86901,12.87169,0.00,0.00
2017.08.17 14:06:22.490,12.86919,12.87169,0.00,0.00
2017.08.17 14:06:22.696,12.86902,12.87168,0.00,0.00
2017.08.17 14:06:22.869,12.86928,12.87168,0.00,0.00
2017.08.17 14:06:23.071,12.86901,12.87169,0.00,0.00
2017.08.17 14:06:23.480,12.86908,12.87169,0.00,0.00
2017.08.17 14:06:23.811,12.86919,12.87182,0.00,0.00
2017.08.17 14:06:23.861,12.86929,12.87182,0.00,0.00
2017.08.17 14:06:24.070,12.86902,12.87182,0.00,0.00
2017.08.17 14:06:24.171,12.86901,12.87082,0.00,0.00
2017.08.17 14:06:24.272,12.86902,12.87142,0.00,0.00
2017.08.17 14:06:24.373,12.86901,12.87161,0.00,0.00
2017.08.17 14:06:24.474,12.86909,12.87131,0.00,0.00
2017.08.17 14:06:24.703,12.86891,12.87132,0.00,0.00
2017.08.17 14:06:24.753,12.86868,12.87082,0.00,0.00
2017.08.17 14:06:24.905,12.86861,12.87121,0.00,0.00
2017.08.17 14:06:25.019,12.86862,12.87132,0.00,0.00
2017.08.17 14:06:25.069,12.86902,12.87162,0.00,0.00
2017.08.17 14:06:25.170,12.86908,12.87182,0.00,0.00
2017.08.17 14:06:25.461,12.86928,12.87182,0.00,0.00
2017.08.17 14:06:25.988,12.86909,12.87182,0.00,0.00
2017.08.17 14:06:26.291,12.86939,12.87182,0.00,0.00
2017.08.17 14:06:26.519,12.86928,12.87182,0.00,0.00
2017.08.17 14:06:26.570,12.86939,12.87182,0.00,0.00
2017.08.17 14:06:26.872,12.87018,12.87282,0.00,0.00
2017.08.17 14:06:27.289,12.87002,12.87272,0.00,0.00
2017.08.17 14:06:27.390,12.87019,12.87282,0.00,0.00
2017.08.17 14:06:27.491,12.87009,12.87282,0.00,0.00
2017.08.17 14:06:27.592,12.87001,12.87281,0.00,0.00
2017.08.17 14:06:27.643,12.87001,12.87269,0.00,0.00
2017.08.17 14:06:27.969,12.87019,12.87269,0.00,0.00
2017.08.17 14:06:28.103,12.87008,12.87269,0.00,0.00
2017.08.17 14:06:28.310,12.87002,12.87268,0.00,0.00
2017.08.17 14:06:28.595,12.86979,12.87209,0.00,0.00
2017.08.17 14:06:28.696,12.86912,12.87168,0.00,0.00
2017.08.17 14:06:29.100,12.86912,12.87162,0.00,0.00
2017.08.17 14:06:29.253,12.86901,12.87162,0.00,0.00
2017.08.17 14:06:29.513,12.86902,12.87168,0.00,0.00
2017.08.17 14:06:29.614,12.86929,12.87168,0.00,0.00
2017.08.17 14:06:29.780,12.86919,12.87169,0.00,0.00
2017.08.17 14:06:29.881,12.86902,12.87168,0.00,0.00
2017.08.17 14:06:30.164,12.86919,12.87169,0.00,0.00
2017.08.17 14:06:30.489,12.86929,12.87168,0.00,0.00
2017.08.17 14:06:30.691,12.86908,12.87168,0.00,0.00
2017.08.17 14:06:30.792,12.86902,12.87162,0.00,0.00
2017.08.17 14:06:31.123,12.86919,12.87169,0.00,0.00
2017.08.17 14:06:31.174,12.86902,12.87168,0.00,0.00
2017.08.17 14:06:31.275,12.86928,12.87169,0.00,0.00
2017.08.17 14:06:31.500,12.86901,12.87162,0.00,0.00
2017.08.17 14:06:31.702,12.86901,12.87151,0.00,0.00
2017.08.17 14:06:32.008,12.86901,12.87169,0.00,0.00
2017.08.17 14:06:32.109,12.86938,12.87169,0.00,0.00
2017.08.17 14:06:32.210,12.86928,12.87169,0.00,0.00
2017.08.17 14:06:32.269,12.86901,12.87169,0.00,0.00
2017.08.17 14:06:32.619,12.86961,12.87169,0.00,0.00
2017.08.17 14:06:32.989,12.87002,12.87222,0.00,0.00
2017.08.17 14:06:33.090,12.87001,12.87269,0.00,0.00
2017.08.17 14:06:33.141,12.86991,12.87169,0.00,0.00
2017.08.17 14:06:33.192,12.87001,12.87181,0.00,0.00
2017.08.17 14:06:33.343,12.87001,12.87219,0.00,0.00
2017.08.17 14:06:33.394,12.87002,12.87232,0.00,0.00
2017.08.17 14:06:33.496,12.87002,12.87262,0.00,0.00
2017.08.17 14:06:33.874,12.87001,12.87269,0.00,0.00
2017.08.17 14:06:34.126,12.87061,12.87269,0.00,0.00
2017.08.17 14:06:34.400,12.87019,12.87269,0.00,0.00
2017.08.17 14:06:34.603,12.87001,12.87269,0.00,0.00
2017.08.17 14:06:35.182,12.87002,12.87268,0.00,0.00
2017.08.17 14:06:35.283,12.87008,12.87268,0.00,0.00
2017.08.17 14:06:35.811,12.87009,12.87269,0.00,0.00
2017.08.17 14:06:36.122,12.87001,12.87269,0.00,0.00
2017.08.17 14:06:36.182,12.87001,12.87262,0.00,0.00
2017.08.17 14:06:36.383,12.87002,12.87268,0.00,0.00
2017.08.17 14:06:36.583,12.87002,12.87251,0.00,0.00
2017.08.17 14:06:36.683,12.87002,12.87268,0.00,0.00
2017.08.17 14:06:36.884,12.87002,12.87262,0.00,0.00
2017.08.17 14:06:37.052,12.87001,12.87269,0.00,0.00
2017.08.17 14:06:37.204,12.87002,12.87242,0.00,0.00
2017.08.17 14:06:37.507,12.86918,12.87168,0.00,0.00
2017.08.17 14:06:37.608,12.86911,12.87169,0.00,0.00
2017.08.17 14:06:37.759,12.86991,12.87169,0.00,0.00
2017.08.17 14:06:37.810,12.86981,12.87169,0.00,0.00
2017.08.17 14:06:37.975,12.86991,12.87172,0.00,0.00
2017.08.17 14:06:38.026,12.86918,12.87169,0.00,0.00
2017.08.17 14:06:38.127,12.86911,12.87169,0.00,0.00
2017.08.17 14:06:38.429,12.86918,12.87169,0.00,0.00
2017.08.17 14:06:38.935,12.86911,12.87169,0.00,0.00
2017.08.17 14:06:39.036,12.86961,12.87169,0.00,0.00
2017.08.17 14:06:39.188,12.86928,12.87169,0.00,0.00
2017.08.17 14:06:39.301,12.86911,12.87169,0.00,0.00
2017.08.17 14:06:39.832,12.86912,12.87168,0.00,0.00
2017.08.17 14:06:40.339,12.86911,12.87169,0.00,0.00
2017.08.17 14:06:40.598,12.86912,12.87151,0.00,0.00
2017.08.17 14:06:41.187,12.86911,12.87151,0.00,0.00
2017.08.17 14:06:41.238,12.86911,12.87161,0.00,0.00
2017.08.17 14:06:41.600,12.86912,12.87168,0.00,0.00
2017.08.17 14:06:42.010,12.86911,12.87161,0.00,0.00
2017.08.17 14:06:42.427,12.86919,12.87168,0.00,0.00
2017.08.17 14:06:42.733,12.86911,12.87161,0.00,0.00
2017.08.17 14:06:42.802,12.86911,12.87169,0.00,0.00
2017.08.17 14:06:42.949,12.86911,12.87149,0.00,0.00
2017.08.17 14:06:43.251,12.86881,12.87069,0.00,0.00
2017.08.17 14:06:43.302,12.86862,12.87102,0.00,0.00
2017.08.17 14:06:43.353,12.86862,12.87068,0.00,0.00
2017.08.17 14:06:43.454,12.86838,12.87069,0.00,0.00
2017.08.17 14:06:43.694,12.86811,12.87069,0.00,0.00
2017.08.17 14:06:44.233,12.86812,12.87068,0.00,0.00
2017.08.17 14:06:44.906,12.86811,12.87069,0.00,0.00
2017.08.17 14:06:45.250,12.86828,12.87069,0.00,0.00
2017.08.17 14:06:45.507,12.86812,12.87068,0.00,0.00
2017.08.17 14:06:45.824,12.86812,12.87061,0.00,0.00
2017.08.17 14:06:46.145,12.86811,12.87069,0.00,0.00
2017.08.17 14:06:46.636,12.86818,12.87069,0.00,0.00
2017.08.17 14:06:46.918,12.86812,12.87068,0.00,0.00
2017.08.17 14:06:47.246,12.86828,12.87068,0.00,0.00
2017.08.17 14:06:47.511,12.86812,12.87068,0.00,0.00
2017.08.17 14:06:47.612,12.86828,12.87068,0.00,0.00
2017.08.17 14:06:48.018,12.86812,12.87068,0.00,0.00
2017.08.17 14:06:48.120,12.86861,12.87069,0.00,0.00
2017.08.17 14:06:48.171,12.86812,12.87068,0.00,0.00
2017.08.17 14:06:48.221,12.86838,12.87069,0.00,0.00
2017.08.17 14:06:48.514,12.86818,12.87069,0.00,0.00
2017.08.17 14:06:49.024,12.86788,12.87072,0.00,0.00
2017.08.17 14:06:49.093,12.86812,12.87068,0.00,0.00
2017.08.17 14:06:49.399,12.86829,12.87009,0.00,0.00
2017.08.17 14:06:49.567,12.86719,12.86968,0.00,0.00
2017.08.17 14:06:49.618,12.86712,12.86968,0.00,0.00
2017.08.17 14:06:49.668,12.86801,12.86992,0.00,0.00
2017.08.17 14:06:49.719,12.86748,12.87009,0.00,0.00
2017.08.17 14:06:49.770,12.86748,12.86968,0.00,0.00
2017.08.17 14:06:50.022,12.86711,12.86969,0.00,0.00
2017.08.17 14:06:50.146,12.86802,12.86968,0.00,0.00
2017.08.17 14:06:50.198,12.86811,12.86991,0.00,0.00
2017.08.17 14:06:50.352,12.86811,12.87069,0.00,0.00
2017.08.17 14:06:50.402,12.86798,12.86968,0.00,0.00
2017.08.17 14:06:50.453,12.86762,12.86968,0.00,0.00
2017.08.17 14:06:51.269,12.86761,12.86969,0.00,0.00
2017.08.17 14:06:51.571,12.86748,12.86969,0.00,0.00
2017.08.17 14:06:51.623,12.86721,12.86969,0.00,0.00
2017.08.17 14:06:51.780,12.86801,12.87001,0.00,0.00
2017.08.17 14:06:51.831,12.86802,12.87052,0.00,0.00
2017.08.17 14:06:51.932,12.86818,12.87018,0.00,0.00
2017.08.17 14:06:52.033,12.86791,12.87019,0.00,0.00
2017.08.17 14:06:52.184,12.86792,12.86968,0.00,0.00
2017.08.17 14:06:52.285,12.86782,12.86968,0.00,0.00
2017.08.17 14:06:52.669,12.86728,12.86969,0.00,0.00
2017.08.17 14:06:52.770,12.86722,12.86968,0.00,0.00
2017.08.17 14:06:53.101,12.86761,12.86969,0.00,0.00
2017.08.17 14:06:53.278,12.86749,12.86969,0.00,0.00
2017.08.17 14:06:53.458,12.86721,12.86969,0.00,0.00
2017.08.17 14:06:53.795,12.86802,12.86982,0.00,0.00
2017.08.17 14:06:53.846,12.86738,12.86992,0.00,0.00
2017.08.17 14:06:53.896,12.86802,12.86992,0.00,0.00
2017.08.17 14:06:53.947,12.86818,12.87068,0.00,0.00
2017.08.17 14:06:54.130,12.86802,12.87068,0.00,0.00
2017.08.17 14:06:54.448,12.86818,12.87069,0.00,0.00
2017.08.17 14:06:54.819,12.86801,12.87069,0.00,0.00
2017.08.17 14:06:54.971,12.86818,12.87069,0.00,0.00
2017.08.17 14:06:55.251,12.86801,12.87069,0.00,0.00
2017.08.17 14:06:55.676,12.86808,12.87069,0.00,0.00
2017.08.17 14:06:56.060,12.86808,12.87019,0.00,0.00
2017.08.17 14:06:56.162,12.86791,12.87019,0.00,0.00
2017.08.17 14:06:56.313,12.86782,12.86968,0.00,0.00
2017.08.17 14:06:56.929,12.86761,12.86969,0.00,0.00
2017.08.17 14:06:57.131,12.86811,12.87012,0.00,0.00
2017.08.17 14:06:57.282,12.86818,12.87069,0.00,0.00
2017.08.17 14:06:57.473,12.86811,12.87069,0.00,0.00
2017.08.17 14:06:57.996,12.86792,12.87018,0.00,0.00
2017.08.17 14:06:58.147,12.86801,12.87042,0.00,0.00
2017.08.17 14:06:58.242,12.86819,12.87069,0.00,0.00
2017.08.17 14:06:58.293,12.86819,12.87082,0.00,0.00
2017.08.17 14:06:58.343,12.86819,12.87068,0.00,0.00
2017.08.17 14:06:58.444,12.86801,12.87069,0.00,0.00
2017.08.17 14:06:58.545,12.86828,12.87068,0.00,0.00
2017.08.17 14:06:58.596,12.86828,12.87082,0.00,0.00
2017.08.17 14:06:58.647,12.86828,12.87069,0.00,0.00
2017.08.17 14:06:58.863,12.86802,12.87068,0.00,0.00
2017.08.17 14:06:59.172,12.86818,12.87068,0.00,0.00
2017.08.17 14:06:59.546,12.86828,12.87069,0.00,0.00
2017.08.17 14:06:59.971,12.86801,12.87069,0.00,0.00
2017.08.17 14:07:00.047,12.86819,12.87069,0.00,0.00
2017.08.17 14:07:00.420,12.86838,12.87068,0.00,0.00
2017.08.17 14:07:00.848,12.86831,12.87069,0.00,0.00
2017.08.17 14:07:01.292,12.86838,12.87069,0.00,0.00
2017.08.17 14:07:01.621,12.86891,12.87119,0.00,0.00
2017.08.17 14:07:01.940,12.86931,12.87169,0.00,0.00
2017.08.17 14:07:01.990,12.86961,12.87141,0.00,0.00
2017.08.17 14:07:02.092,12.86939,12.87168,0.00,0.00
2017.08.17 14:07:02.314,12.86931,12.87169,0.00,0.00
2017.08.17 14:07:02.566,12.86931,12.87162,0.00,0.00
2017.08.17 14:07:02.667,12.86932,12.87168,0.00,0.00
2017.08.17 14:07:02.869,12.86939,12.87168,0.00,0.00
2017.08.17 14:07:03.105,12.86931,12.87169,0.00,0.00
2017.08.17 14:07:04.622,12.86908,12.87069,0.00,0.00
2017.08.17 14:07:04.774,12.86841,12.87069,0.00,0.00
2017.08.17 14:07:04.977,12.86831,12.87068,0.00,0.00
2017.08.17 14:07:05.309,12.86829,12.87069,0.00,0.00
2017.08.17 14:07:05.792,12.86822,12.87068,0.00,0.00
2017.08.17 14:07:06.061,12.86828,12.87069,0.00,0.00
2017.08.17 14:07:06.262,12.86821,12.87069,0.00,0.00
2017.08.17 14:07:06.359,12.86838,12.87069,0.00,0.00
2017.08.17 14:07:06.676,12.86821,12.87069,0.00,0.00
2017.08.17 14:07:06.727,12.86892,12.87101,0.00,0.00
2017.08.17 14:07:06.980,12.86849,12.87068,0.00,0.00
2017.08.17 14:07:07.090,12.86821,12.87069,0.00,0.00
2017.08.17 14:07:07.548,12.86862,12.87068,0.00,0.00
2017.08.17 14:07:07.599,12.86828,12.87068,0.00,0.00
2017.08.17 14:07:07.700,12.86849,12.87068,0.00,0.00
2017.08.17 14:07:08.099,12.86892,12.87068,0.00,0.00
2017.08.17 14:07:08.150,12.86881,12.87069,0.00,0.00
2017.08.17 14:07:08.428,12.86859,12.87068,0.00,0.00
2017.08.17 14:07:08.479,12.86838,12.87068,0.00,0.00
2017.08.17 14:07:08.580,12.86822,12.87068,0.00,0.00
2017.08.17 14:07:09.088,12.86828,12.87068,0.00,0.00
2017.08.17 14:07:09.520,12.86862,12.87068,0.00,0.00
2017.08.17 14:07:09.710,12.86848,12.87069,0.00,0.00
2017.08.17 14:07:09.811,12.86821,12.87069,0.00,0.00
2017.08.17 14:07:09.912,12.86818,12.87082,0.00,0.00
2017.08.17 14:07:09.962,12.86821,12.87069,0.00,0.00
2017.08.17 14:07:10.503,12.86822,12.87068,0.00,0.00
2017.08.17 14:07:10.844,12.86829,12.87069,0.00,0.00
2017.08.17 14:07:11.146,12.86891,12.87069,0.00,0.00
2017.08.17 14:07:11.196,12.86901,12.87092,0.00,0.00
2017.08.17 14:07:11.328,12.86901,12.87169,0.00,0.00
2017.08.17 14:07:11.479,12.86928,12.87169,0.00,0.00
2017.08.17 14:07:11.581,12.86918,12.87168,0.00,0.00
2017.08.17 14:07:11.682,12.86902,12.87168,0.00,0.00
2017.08.17 14:07:11.883,12.86919,12.87169,0.00,0.00
2017.08.17 14:07:11.984,12.86902,12.87162,0.00,0.00
2017.08.17 14:07:12.182,12.86901,12.87131,0.00,0.00
2017.08.17 14:07:12.384,12.86811,12.87052,0.00,0.00
2017.08.17 14:07:12.472,12.86811,12.87042,0.00,0.00
2017.08.17 14:07:12.693,12.86811,12.87059,0.00,0.00
2017.08.17 14:07:12.794,12.86812,12.87052,0.00,0.00
2017.08.17 14:07:13.083,12.86801,12.87052,0.00,0.00
2017.08.17 14:07:13.184,12.86802,12.87058,0.00,0.00
2017.08.17 14:07:13.425,12.86801,12.86981,0.00,0.00
2017.08.17 14:07:13.476,12.86782,12.86968,0.00,0.00
2017.08.17 14:07:13.628,12.86801,12.86981,0.00,0.00
2017.08.17 14:07:13.679,12.86802,12.87031,0.00,0.00
2017.08.17 14:07:13.730,12.86801,12.87062,0.00,0.00
2017.08.17 14:07:13.831,12.86802,12.87068,0.00,0.00
2017.08.17 14:07:14.192,12.86802,12.87052,0.00,0.00
2017.08.17 14:07:14.293,12.86808,12.87069,0.00,0.00
2017.08.17 14:07:14.355,12.86811,12.87069,0.00,0.00
2017.08.17 14:07:14.667,12.86901,12.87069,0.00,0.00
2017.08.17 14:07:14.717,12.86901,12.87092,0.00,0.00
2017.08.17 14:07:14.935,12.86918,12.87169,0.00,0.00
2017.08.17 14:07:15.304,12.86911,12.87162,0.00,0.00
2017.08.17 14:07:15.760,12.86911,12.87169,0.00,0.00
2017.08.17 14:07:16.280,12.86911,12.87168,0.00,0.00
2017.08.17 14:07:16.331,12.86911,12.87162,0.00,0.00
2017.08.17 14:07:16.582,12.86911,12.87168,0.00,0.00
2017.08.17 14:07:16.842,12.86911,12.87141,0.00,0.00
2017.08.17 14:07:16.893,12.86911,12.87152,0.00,0.00
2017.08.17 14:07:16.994,12.86911,12.87168,0.00,0.00
2017.08.17 14:07:17.095,12.86881,12.87109,0.00,0.00
2017.08.17 14:07:17.347,12.86821,12.87069,0.00,0.00
2017.08.17 14:07:17.591,12.86821,12.87052,0.00,0.00
2017.08.17 14:07:17.827,12.86812,12.87052,0.00,0.00
2017.08.17 14:07:17.928,12.86819,12.87069,0.00,0.00
2017.08.17 14:07:18.029,12.86812,12.87068,0.00,0.00
2017.08.17 14:07:18.136,12.86812,12.87051,0.00,0.00
2017.08.17 14:07:18.691,12.86812,12.87069,0.00,0.00
2017.08.17 14:07:18.810,12.86812,12.87051,0.00,0.00
2017.08.17 14:07:19.013,12.86829,12.87069,0.00,0.00
2017.08.17 14:07:19.114,12.86812,12.87068,0.00,0.00
2017.08.17 14:07:19.270,12.86862,12.87068,0.00,0.00
2017.08.17 14:07:19.421,12.86899,12.87159,0.00,0.00
2017.08.17 14:07:19.472,12.86899,12.87118,0.00,0.00
2017.08.17 14:07:19.573,12.86892,12.87118,0.00,0.00
2017.08.17 14:07:19.909,12.86891,12.87069,0.00,0.00
2017.08.17 14:07:19.960,12.86882,12.87068,0.00,0.00
2017.08.17 14:07:20.061,12.86861,12.87069,0.00,0.00
2017.08.17 14:07:20.162,12.86892,12.87068,0.00,0.00
2017.08.17 14:07:20.415,12.86881,12.87069,0.00,0.00
2017.08.17 14:07:20.768,12.86838,12.87068,0.00,0.00
2017.08.17 14:07:20.869,12.86812,12.87069,0.00,0.00
2017.08.17 14:07:21.723,12.86812,12.87068,0.00,0.00
2017.08.17 14:07:22.015,12.86812,12.87042,0.00,0.00
2017.08.17 14:07:22.330,12.86911,12.87169,0.00,0.00
2017.08.17 14:07:22.695,12.86911,12.87118,0.00,0.00
2017.08.17 14:07:22.746,12.86911,12.87131,0.00,0.00
2017.08.17 14:07:22.846,12.86911,12.87169,0.00,0.00
2017.08.17 14:07:23.305,12.86911,12.87152,0.00,0.00
2017.08.17 14:07:23.628,12.86892,12.87081,0.00,0.00
2017.08.17 14:07:23.679,12.86891,12.87101,0.00,0.00
2017.08.17 14:07:23.903,12.86892,12.87118,0.00,0.00
2017.08.17 14:07:24.216,12.86902,12.87122,0.00,0.00
2017.08.17 14:07:24.317,12.86901,12.87169,0.00,0.00
2017.08.17 14:07:24.468,12.86912,12.87169,0.00,0.00
2017.08.17 14:07:24.805,12.86912,12.87162,0.00,0.00
2017.08.17 14:07:25.106,12.86912,12.87169,0.00,0.00
2017.08.17 14:07:25.494,12.86918,12.87169,0.00,0.00
2017.08.17 14:07:25.808,12.86912,12.87169,0.00,0.00
2017.08.17 14:07:25.909,12.86918,12.87169,0.00,0.00
2017.08.17 14:07:26.115,12.86912,12.87169,0.00,0.00
2017.08.17 14:07:26.216,12.86912,12.87151,0.00,0.00
2017.08.17 14:07:26.318,12.86912,12.87168,0.00,0.00
2017.08.17 14:07:26.590,12.86912,12.87182,0.00,0.00
2017.08.17 14:07:26.641,12.86912,12.87162,0.00,0.00
2017.08.17 14:07:26.910,12.86912,12.87168,0.00,0.00
2017.08.17 14:07:27.011,12.86912,12.87162,0.00,0.00
2017.08.17 14:07:27.314,12.86881,12.87082,0.00,0.00
2017.08.17 14:07:27.617,12.86892,12.87091,0.00,0.00
2017.08.17 14:07:27.727,12.86891,12.87119,0.00,0.00
2017.08.17 14:07:27.778,12.86881,12.87069,0.00,0.00
2017.08.17 14:07:27.980,12.86812,12.87069,0.00,0.00
2017.08.17 14:07:28.247,12.86828,12.87069,0.00,0.00
2017.08.17 14:07:28.591,12.86882,12.87068,0.00,0.00
2017.08.17 14:07:28.642,12.86892,12.87112,0.00,0.00
2017.08.17 14:07:28.742,12.86912,12.87132,0.00,0.00
2017.08.17 14:07:28.902,12.86912,12.87168,0.00,0.00
2017.08.17 14:07:29.241,12.86912,12.87151,0.00,0.00
2017.08.17 14:07:29.318,12.86912,12.87168,0.00,0.00
2017.08.17 14:07:29.860,12.86918,12.87168,0.00,0.00
2017.08.17 14:07:30.128,12.86912,12.87168,0.00,0.00
2017.08.17 14:07:30.229,12.86912,12.87161,0.00,0.00
2017.08.17 14:07:30.532,12.86831,12.87068,0.00,0.00
2017.08.17 14:07:31.050,12.86831,12.87069,0.00,0.00
2017.08.17 14:07:31.408,12.86831,12.87061,0.00,0.00
2017.08.17 14:07:32.026,12.86831,12.87062,0.00,0.00
2017.08.17 14:07:32.348,12.86831,12.87068,0.00,0.00
2017.08.17 14:07:32.554,12.86831,12.87061,0.00,0.00
2017.08.17 14:07:32.966,12.86831,12.87069,0.00,0.00
2017.08.17 14:07:33.200,12.86812,12.87068,0.00,0.00
2017.08.17 14:07:33.351,12.86812,12.87062,0.00,0.00
2017.08.17 14:07:34.150,12.86812,12.87069,0.00,0.00
2017.08.17 14:07:34.200,12.86811,12.87032,0.00,0.00
2017.08.17 14:07:34.352,12.86732,12.86969,0.00,0.00
2017.08.17 14:07:35.042,12.86759,12.86969,0.00,0.00
2017.08.17 14:07:35.143,12.86811,12.87031,0.00,0.00
2017.08.17 14:07:35.244,12.86811,12.87069,0.00,0.00
2017.08.17 14:07:35.466,12.86811,12.87019,0.00,0.00
2017.08.17 14:07:35.869,12.86811,12.86969,0.00,0.00
2017.08.17 14:07:35.927,12.86811,12.87001,0.00,0.00
2017.08.17 14:07:35.978,12.86811,12.87062,0.00,0.00
2017.08.17 14:07:36.039,12.86811,12.87069,0.00,0.00
2017.08.17 14:07:36.341,12.86811,12.87019,0.00,0.00
2017.08.17 14:07:36.543,12.86811,12.87031,0.00,0.00
2017.08.17 14:07:36.644,12.86811,12.87062,0.00,0.00
2017.08.17 14:07:36.746,12.86759,12.87009,0.00,0.00
2017.08.17 14:07:37.296,12.86752,12.86968,0.00,0.00
2017.08.17 14:07:38.083,12.86712,12.86968,0.00,0.00
2017.08.17 14:07:38.251,12.86759,12.86968,0.00,0.00
2017.08.17 14:07:38.303,12.86782,12.87008,0.00,0.00
2017.08.17 14:07:38.354,12.86781,12.86969,0.00,0.00
2017.08.17 14:07:38.405,12.86759,12.86969,0.00,0.00
2017.08.17 14:07:38.506,12.86711,12.86969,0.00,0.00
2017.08.17 14:07:39.091,12.86712,12.86962,0.00,0.00
2017.08.17 14:07:39.454,12.86719,12.86968,0.00,0.00
2017.08.17 14:07:39.656,12.86711,12.86969,0.00,0.00
2017.08.17 14:07:39.757,12.86669,12.86909,0.00,0.00
2017.08.17 14:07:40.059,12.86682,12.86868,0.00,0.00
2017.08.17 14:07:40.238,12.86651,12.86868,0.00,0.00
2017.08.17 14:07:40.793,12.86651,12.86862,0.00,0.00
2017.08.17 14:07:41.104,12.86612,12.86862,0.00,0.00
2017.08.17 14:07:41.155,12.86612,12.86868,0.00,0.00
2017.08.17 14:07:41.371,12.86612,12.86862,0.00,0.00
2017.08.17 14:07:41.577,12.86708,12.86981,0.00,0.00
2017.08.17 14:07:41.627,12.86708,12.86969,0.00,0.00
2017.08.17 14:07:41.956,12.86711,12.86952,0.00,0.00
2017.08.17 14:07:42.057,12.86711,12.86962,0.00,0.00
2017.08.17 14:07:42.158,12.86718,12.86969,0.00,0.00
2017.08.17 14:07:42.260,12.86711,12.86968,0.00,0.00
2017.08.17 14:07:42.468,12.86711,12.86951,0.00,0.00
2017.08.17 14:07:42.685,12.86711,12.86968,0.00,0.00
2017.08.17 14:07:43.181,12.86762,12.86968,0.00,0.00
2017.08.17 14:07:43.484,12.86851,12.87052,0.00,0.00
2017.08.17 14:07:43.650,12.86808,12.87051,0.00,0.00
2017.08.17 14:07:43.700,12.86808,12.87022,0.00,0.00
2017.08.17 14:07:43.758,12.86808,12.87042,0.00,0.00
2017.08.17 14:07:43.829,12.86859,12.87042,0.00,0.00
2017.08.17 14:07:43.880,12.86859,12.87062,0.00,0.00
2017.08.17 14:07:44.099,12.86859,12.87082,0.00,0.00
2017.08.17 14:07:44.159,12.86859,12.87051,0.00,0.00
2017.08.17 14:07:44.259,12.86859,12.87082,0.00,0.00
2017.08.17 14:07:44.461,12.86859,12.87051,0.00,0.00
2017.08.17 14:07:44.791,12.86859,12.87041,0.00,0.00
2017.08.17 14:07:45.084,12.86859,12.87062,0.00,0.00
2017.08.17 14:07:45.373,12.86859,12.87032,0.00,0.00
2017.08.17 14:07:45.591,12.86859,12.87062,0.00,0.00
2017.08.17 14:07:45.662,12.86859,12.87072,0.00,0.00
2017.08.17 14:07:45.969,12.86859,12.87042,0.00,0.00
2017.08.17 14:07:46.309,12.86859,12.87061,0.00,0.00
2017.08.17 14:07:46.410,12.86882,12.87071,0.00,0.00
2017.08.17 14:07:46.671,12.86958,12.87171,0.00,0.00
2017.08.17 14:07:46.772,12.86958,12.87152,0.00,0.00
2017.08.17 14:07:46.873,12.86958,12.87192,0.00,0.00
2017.08.17 14:07:46.974,12.86958,12.87201,0.00,0.00
2017.08.17 14:07:47.304,12.86958,12.87181,0.00,0.00
2017.08.17 14:07:47.623,12.86958,12.87161,0.00,0.00
2017.08.17 14:07:47.867,12.86958,12.87182,0.00,0.00
2017.08.17 14:07:47.968,12.86958,12.87152,0.00,0.00
2017.08.17 14:07:48.069,12.86962,12.87208,0.00,0.00
2017.08.17 14:07:48.591,12.86958,12.87209,0.00,0.00
2017.08.17 14:07:48.641,12.86961,12.87209,0.00,0.00
2017.08.17 14:07:48.793,12.86958,12.87209,0.00,0.00
2017.08.17 14:07:48.894,12.86958,12.87161,0.00,0.00
2017.08.17 14:07:49.233,12.87008,12.87161,0.00,0.00
2017.08.17 14:07:49.284,12.87031,12.87262,0.00,0.00
2017.08.17 14:07:49.335,12.87058,12.87262,0.00,0.00
2017.08.17 14:07:49.543,12.87058,12.87272,0.00,0.00
2017.08.17 14:07:49.594,12.87058,12.87231,0.00,0.00
2017.08.17 14:07:49.695,12.87058,12.87251,0.00,0.00
2017.08.17 14:07:49.796,12.87058,12.87232,0.00,0.00
2017.08.17 14:07:50.002,12.87058,12.87252,0.00,0.00
2017.08.17 14:07:50.102,12.87058,12.87281,0.00,0.00
2017.08.17 14:07:50.410,12.87058,12.87262,0.00,0.00
2017.08.17 14:07:50.574,12.87058,12.87271,0.00,0.00
2017.08.17 14:07:50.675,12.87058,12.87252,0.00,0.00
2017.08.17 14:07:50.994,12.87008,12.87208,0.00,0.00
2017.08.17 14:07:51.095,12.87008,12.87192,0.00,0.00
2017.08.17 14:07:51.145,12.86958,12.87192,0.00,0.00
2017.08.17 14:07:51.196,12.86958,12.87172,0.00,0.00
2017.08.17 14:07:51.531,12.86958,12.87161,0.00,0.00
2017.08.17 14:07:51.977,12.86958,12.87171,0.00,0.00
2017.08.17 14:07:52.731,12.87008,12.87191,0.00,0.00
2017.08.17 14:07:52.782,12.87031,12.87252,0.00,0.00
2017.08.17 14:07:52.883,12.87009,12.87248,0.00,0.00
2017.08.17 14:07:53.081,12.87009,12.87221,0.00,0.00
2017.08.17 14:07:53.411,12.87192,12.87381,0.00,0.00
2017.08.17 14:07:53.521,12.87198,12.87422,0.00,0.00
2017.08.17 14:07:53.572,12.87248,12.87459,0.00,0.00
2017.08.17 14:07:53.824,12.87248,12.87481,0.00,0.00
2017.08.17 14:07:54.128,12.87248,12.87441,0.00,0.00
2017.08.17 14:07:54.229,12.87248,12.87482,0.00,0.00
2017.08.17 14:07:54.389,12.87248,12.87492,0.00,0.00
2017.08.17 14:07:54.490,12.87248,12.87442,0.00,0.00
2017.08.17 14:07:54.820,12.87248,12.87432,0.00,0.00
2017.08.17 14:07:55.022,12.87248,12.87451,0.00,0.00
2017.08.17 14:07:55.123,12.87248,12.87422,0.00,0.00
2017.08.17 14:07:55.433,12.87248,12.87462,0.00,0.00
2017.08.17 14:07:55.634,12.87248,12.87482,0.00,0.00
2017.08.17 14:07:55.836,12.87248,12.87451,0.00,0.00
2017.08.17 14:07:56.160,12.87248,12.87441,0.00,0.00
2017.08.17 14:07:56.328,12.87248,12.87471,0.00,0.00
2017.08.17 14:07:56.429,12.87248,12.87441,0.00,0.00
2017.08.17 14:07:56.591,12.87248,12.87472,0.00,0.00
2017.08.17 14:07:56.692,12.87248,12.87482,0.00,0.00
2017.08.17 14:07:57.232,12.87248,12.87501,0.00,0.00
2017.08.17 14:07:57.384,12.87302,12.87501,0.00,0.00
2017.08.17 14:07:57.435,12.87331,12.87531,0.00,0.00
2017.08.17 14:07:57.485,12.87348,12.87531,0.00,0.00
2017.08.17 14:07:57.536,12.87348,12.87562,0.00,0.00
2017.08.17 14:07:57.692,12.87348,12.87532,0.00,0.00
2017.08.17 14:07:57.743,12.87298,12.87532,0.00,0.00
2017.08.17 14:07:57.794,12.87298,12.87502,0.00,0.00
2017.08.17 14:07:57.844,12.87262,12.87502,0.00,0.00
2017.08.17 14:07:57.895,12.87281,12.87492,0.00,0.00
2017.08.17 14:07:58.116,12.87248,12.87509,0.00,0.00
2017.08.17 14:07:58.217,12.87261,12.87481,0.00,0.00
2017.08.17 14:07:58.318,12.87331,12.87552,0.00,0.00
2017.08.17 14:07:58.368,12.87311,12.87509,0.00,0.00
2017.08.17 14:07:58.731,12.87311,12.87462,0.00,0.00
2017.08.17 14:07:58.997,12.87248,12.87461,0.00,0.00
2017.08.17 14:07:59.300,12.87248,12.87452,0.00,0.00
2017.08.17 14:07:59.919,12.87248,12.87442,0.00,0.00
2017.08.17 14:08:00.142,12.87199,12.87409,0.00,0.00
2017.08.17 14:08:00.258,12.87199,12.87362,0.00,0.00
2017.08.17 14:08:00.309,12.87148,12.87372,0.00,0.00
2017.08.17 14:08:00.360,12.87191,12.87372,0.00,0.00
2017.08.17 14:08:00.410,12.87192,12.87412,0.00,0.00
2017.08.17 14:08:00.562,12.87192,12.87408,0.00,0.00
2017.08.17 14:08:00.663,12.87149,12.87409,0.00,0.00
2017.08.17 14:08:00.713,12.87148,12.87371,0.00,0.00
2017.08.17 14:08:00.948,12.87148,12.87402,0.00,0.00
2017.08.17 14:08:01.001,12.87148,12.87408,0.00,0.00
2017.08.17 14:08:01.249,12.87148,12.87402,0.00,0.00
2017.08.17 14:08:01.579,12.87148,12.87372,0.00,0.00
2017.08.17 14:08:01.680,12.87111,12.87361,0.00,0.00
2017.08.17 14:08:01.731,12.87132,12.87352,0.00,0.00
2017.08.17 14:08:01.903,12.87148,12.87392,0.00,0.00
2017.08.17 14:08:02.054,12.87108,12.87348,0.00,0.00
2017.08.17 14:08:02.312,12.87149,12.87392,0.00,0.00
2017.08.17 14:08:02.482,12.87149,12.87408,0.00,0.00
2017.08.17 14:08:02.634,12.87161,12.87401,0.00,0.00
2017.08.17 14:08:02.685,12.87149,12.87401,0.00,0.00
2017.08.17 14:08:02.735,12.87158,12.87408,0.00,0.00
2017.08.17 14:08:02.836,12.87149,12.87408,0.00,0.00
2017.08.17 14:08:03.041,12.87149,12.87392,0.00,0.00
2017.08.17 14:08:03.721,12.87149,12.87382,0.00,0.00
2017.08.17 14:08:04.352,12.87149,12.87402,0.00,0.00
2017.08.17 14:08:04.454,12.87149,12.87381,0.00,0.00
2017.08.17 14:08:04.842,12.87149,12.87409,0.00,0.00
2017.08.17 14:08:05.058,12.87149,12.87382,0.00,0.00
2017.08.17 14:08:05.373,12.87048,12.87272,0.00,0.00
2017.08.17 14:08:05.474,12.87048,12.87282,0.00,0.00
2017.08.17 14:08:05.525,12.87048,12.87309,0.00,0.00
2017.08.17 14:08:05.626,12.87048,12.87272,0.00,0.00
2017.08.17 14:08:05.928,12.87048,12.87262,0.00,0.00
2017.08.17 14:08:06.099,12.87048,12.87282,0.00,0.00
2017.08.17 14:08:06.250,12.87048,12.87251,0.00,0.00
2017.08.17 14:08:06.769,12.87048,12.87291,0.00,0.00
2017.08.17 14:08:06.827,12.87048,12.87252,0.00,0.00
2017.08.17 14:08:07.240,12.87048,12.87291,0.00,0.00
2017.08.17 14:08:07.441,12.87048,12.87262,0.00,0.00
2017.08.17 14:08:08.044,12.87048,12.87282,0.00,0.00
2017.08.17 14:08:08.236,12.87048,12.87292,0.00,0.00
2017.08.17 14:08:08.337,12.87048,12.87282,0.00,0.00
2017.08.17 14:08:08.540,12.87048,12.87308,0.00,0.00
2017.08.17 14:08:08.742,12.87048,12.87282,0.00,0.00
2017.08.17 14:08:09.062,12.87048,12.87301,0.00,0.00
2017.08.17 14:08:09.163,12.87048,12.87282,0.00,0.00
2017.08.17 14:08:09.264,12.87048,12.87308,0.00,0.00
2017.08.17 14:08:09.466,12.87048,12.87291,0.00,0.00
2017.08.17 14:08:09.837,12.87048,12.87309,0.00,0.00
2017.08.17 14:08:10.144,12.87048,12.87248,0.00,0.00
2017.08.17 14:08:10.446,12.86981,12.87209,0.00,0.00
2017.08.17 14:08:10.547,12.86981,12.87202,0.00,0.00
2017.08.17 14:08:10.760,12.86949,12.87191,0.00,0.00
2017.08.17 14:08:11.141,12.86949,12.87209,0.00,0.00
2017.08.17 14:08:11.311,12.86949,12.87211,0.00,0.00
2017.08.17 14:08:11.361,12.86961,12.87182,0.00,0.00
2017.08.17 14:08:11.463,12.87032,12.87261,0.00,0.00
2017.08.17 14:08:11.564,12.87049,12.87309,0.00,0.00
2017.08.17 14:08:11.718,12.87092,12.87311,0.00,0.00
2017.08.17 14:08:11.768,12.87049,12.87308,0.00,0.00
2017.08.17 14:08:11.869,12.87049,12.87281,0.00,0.00
2017.08.17 14:08:12.071,12.87049,12.87309,0.00,0.00
2017.08.17 14:08:12.179,12.87048,12.87301,0.00,0.00
2017.08.17 14:08:12.509,12.87058,12.87308,0.00,0.00
2017.08.17 14:08:12.560,12.87049,12.87302,0.00,0.00
2017.08.17 14:08:12.723,12.87061,12.87302,0.00,0.00
2017.08.17 14:08:12.773,12.87061,12.87309,0.00,0.00
2017.08.17 14:08:13.119,12.87101,12.87311,0.00,0.00
2017.08.17 14:08:13.270,12.87148,12.87382,0.00,0.00
2017.08.17 14:08:13.446,12.87148,12.87352,0.00,0.00
2017.08.17 14:08:13.571,12.87148,12.87362,0.00,0.00
2017.08.17 14:08:13.621,12.87132,12.87308,0.00,0.00
2017.08.17 14:08:13.672,12.87098,12.87342,0.00,0.00
2017.08.17 14:08:13.782,12.87098,12.87322,0.00,0.00
2017.08.17 14:08:13.948,12.87098,12.87362,0.00,0.00
2017.08.17 14:08:14.168,12.87092,12.87311,0.00,0.00
2017.08.17 14:08:14.369,12.87149,12.87371,0.00,0.00
2017.08.17 14:08:14.420,12.87098,12.87362,0.00,0.00
2017.08.17 14:08:14.471,12.87098,12.87332,0.00,0.00
2017.08.17 14:08:14.760,12.87149,12.87402,0.00,0.00
2017.08.17 14:08:14.861,12.87149,12.87382,0.00,0.00
2017.08.17 14:08:15.149,12.87149,12.87392,0.00,0.00
2017.08.17 14:08:15.358,12.87149,12.87362,0.00,0.00
2017.08.17 14:08:15.669,12.87149,12.87381,0.00,0.00
2017.08.17 14:08:15.871,12.87149,12.87352,0.00,0.00
2017.08.17 14:08:16.050,12.87149,12.87372,0.00,0.00
2017.08.17 14:08:16.101,12.87099,12.87361,0.00,0.00
2017.08.17 14:08:16.152,12.87099,12.87322,0.00,0.00
2017.08.17 14:08:16.253,12.87081,12.87309,0.00,0.00
2017.08.17 14:08:16.304,12.87048,12.87308,0.00,0.00
2017.08.17 14:08:16.503,12.87099,12.87332,0.00,0.00
2017.08.17 14:08:16.553,12.87099,12.87361,0.00,0.00
2017.08.17 14:08:16.604,12.87148,12.87371,0.00,0.00
2017.08.17 14:08:16.654,12.87148,12.87392,0.00,0.00
2017.08.17 14:08:16.755,12.87148,12.87401,0.00,0.00
2017.08.17 14:08:17.061,12.87148,12.87382,0.00,0.00
2017.08.17 14:08:17.380,12.87148,12.87409,0.00,0.00
2017.08.17 14:08:18.054,12.87148,12.87372,0.00,0.00
2017.08.17 14:08:18.155,12.87148,12.87401,0.00,0.00
2017.08.17 14:08:18.454,12.87148,12.87391,0.00,0.00
2017.08.17 14:08:19.162,12.87148,12.87371,0.00,0.00
2017.08.17 14:08:19.465,12.87181,12.87409,0.00,0.00
2017.08.17 14:08:19.565,12.87148,12.87408,0.00,0.00
2017.08.17 14:08:19.666,12.87148,12.87391,0.00,0.00
2017.08.17 14:08:19.971,12.87181,12.87409,0.00,0.00
2017.08.17 14:08:20.359,12.87182,12.87402,0.00,0.00
2017.08.17 14:08:20.617,12.87161,12.87402,0.00,0.00
2017.08.17 14:08:20.839,12.87148,12.87401,0.00,0.00
2017.08.17 14:08:20.890,12.87148,12.87409,0.00,0.00
2017.08.17 14:08:20.991,12.87148,12.87381,0.00,0.00
2017.08.17 14:08:21.341,12.87101,12.87312,0.00,0.00
2017.08.17 14:08:21.607,12.87148,12.87391,0.00,0.00
2017.08.17 14:08:21.882,12.87148,12.87402,0.00,0.00
2017.08.17 14:08:21.983,12.87108,12.87349,0.00,0.00
2017.08.17 14:08:22.033,12.87108,12.87359,0.00,0.00
2017.08.17 14:08:22.161,12.87149,12.87359,0.00,0.00
2017.08.17 14:08:22.262,12.87091,12.87319,0.00,0.00
2017.08.17 14:08:22.413,12.87081,12.87269,0.00,0.00
2017.08.17 14:08:22.933,12.87082,12.87268,0.00,0.00
2017.08.17 14:08:23.134,12.87092,12.87291,0.00,0.00
2017.08.17 14:08:23.185,12.87092,12.87268,0.00,0.00
2017.08.17 14:08:23.286,12.87058,12.87269,0.00,0.00
2017.08.17 14:08:23.387,12.87008,12.87269,0.00,0.00
2017.08.17 14:08:23.438,12.87008,12.87282,0.00,0.00
2017.08.17 14:08:24.011,12.87018,12.87282,0.00,0.00
2017.08.17 14:08:24.313,12.87091,12.87331,0.00,0.00
2017.08.17 14:08:24.364,12.87079,12.87331,0.00,0.00
2017.08.17 14:08:24.666,12.87069,12.87331,0.00,0.00
2017.08.17 14:08:24.716,12.87102,12.87351,0.00,0.00
2017.08.17 14:08:24.767,12.87109,12.87382,0.00,0.00
2017.08.17 14:08:24.919,12.87109,12.87308,0.00,0.00
2017.08.17 14:08:24.969,12.87081,12.87291,0.00,0.00
2017.08.17 14:08:25.080,12.87081,12.87281,0.00,0.00
2017.08.17 14:08:25.710,12.87082,12.87281,0.00,0.00
2017.08.17 14:08:26.323,12.87081,12.87281,0.00,0.00
2017.08.17 14:08:26.374,12.87029,12.87281,0.00,0.00
2017.08.17 14:08:26.493,12.87008,12.87281,0.00,0.00
2017.08.17 14:08:26.594,12.87008,12.87249,0.00,0.00
2017.08.17 14:08:26.897,12.86981,12.87181,0.00,0.00
2017.08.17 14:08:27.271,12.86992,12.87232,0.00,0.00
2017.08.17 14:08:27.322,12.87002,12.87232,0.00,0.00
2017.08.17 14:08:27.495,12.86998,12.87231,0.00,0.00
2017.08.17 14:08:27.596,12.86991,12.87231,0.00,0.00
2017.08.17 14:08:27.647,12.86982,12.87182,0.00,0.00
2017.08.17 14:08:28.266,12.86949,12.87182,0.00,0.00
2017.08.17 14:08:28.328,12.86981,12.87182,0.00,0.00
2017.08.17 14:08:28.850,12.86982,12.87182,0.00,0.00
2017.08.17 14:08:29.001,12.86939,12.87182,0.00,0.00
2017.08.17 14:08:29.052,12.86909,12.87009,0.00,0.00
2017.08.17 14:08:29.103,12.86839,12.87059,0.00,0.00
2017.08.17 14:08:29.204,12.86802,12.87082,0.00,0.00
2017.08.17 14:08:29.254,12.86841,12.87082,0.00,0.00
2017.08.17 14:08:29.597,12.86892,12.87131,0.00,0.00
2017.08.17 14:08:29.648,12.86881,12.87131,0.00,0.00
2017.08.17 14:08:29.698,12.86862,12.87081,0.00,0.00
2017.08.17 14:08:29.900,12.86862,12.87111,0.00,0.00
2017.08.17 14:08:30.102,12.86931,12.87161,0.00,0.00
2017.08.17 14:08:30.203,12.86969,12.87208,0.00,0.00
2017.08.17 14:08:30.401,12.86948,12.87159,0.00,0.00
2017.08.17 14:08:30.451,12.86948,12.87161,0.00,0.00
2017.08.17 14:08:30.502,12.86948,12.87172,0.00,0.00
2017.08.17 14:08:30.603,12.86948,12.87201,0.00,0.00
2017.08.17 14:08:30.805,12.86948,12.87209,0.00,0.00
2017.08.17 14:08:31.011,12.86959,12.87209,0.00,0.00
2017.08.17 14:08:31.334,12.86998,12.87211,0.00,0.00
2017.08.17 14:08:31.384,12.87031,12.87262,0.00,0.00
2017.08.17 14:08:31.435,12.87048,12.87292,0.00,0.00
2017.08.17 14:08:31.536,12.87048,12.87302,0.00,0.00
2017.08.17 14:08:31.823,12.87048,12.87309,0.00,0.00
2017.08.17 14:08:31.924,12.87048,12.87282,0.00,0.00
2017.08.17 14:08:32.424,12.87048,12.87291,0.00,0.00
2017.08.17 14:08:33.061,12.87048,12.87308,0.00,0.00
2017.08.17 14:08:33.535,12.87048,12.87292,0.00,0.00
2017.08.17 14:08:33.740,12.87048,12.87308,0.00,0.00
2017.08.17 14:08:34.096,12.87048,12.87281,0.00,0.00
2017.08.17 14:08:34.298,12.87048,12.87309,0.00,0.00
2017.08.17 14:08:34.508,12.87048,12.87291,0.00,0.00
2017.08.17 14:08:34.609,12.87048,12.87309,0.00,0.00
2017.08.17 14:08:34.836,12.87048,12.87302,0.00,0.00
2017.08.17 14:08:35.039,12.87149,12.87409,0.00,0.00
2017.08.17 14:08:35.241,12.87148,12.87401,0.00,0.00
2017.08.17 14:08:35.442,12.87149,12.87409,0.00,0.00
2017.08.17 14:08:35.997,12.87148,12.87409,0.00,0.00
2017.08.17 14:08:36.622,12.87148,12.87349,0.00,0.00
2017.08.17 14:08:36.723,12.87099,12.87308,0.00,0.00
2017.08.17 14:08:36.824,12.87049,12.87302,0.00,0.00
2017.08.17 14:08:37.042,12.87049,12.87308,0.00,0.00
2017.08.17 14:08:37.143,12.87049,12.87281,0.00,0.00
2017.08.17 14:08:37.470,12.87049,12.87272,0.00,0.00
2017.08.17 14:08:37.521,12.87049,12.87282,0.00,0.00
2017.08.17 14:08:37.623,12.87049,12.87302,0.00,0.00
2017.08.17 14:08:37.918,12.87058,12.87308,0.00,0.00
2017.08.17 14:08:38.170,12.87148,12.87409,0.00,0.00
2017.08.17 14:08:38.221,12.87148,12.87401,0.00,0.00
2017.08.17 14:08:38.322,12.87148,12.87409,0.00,0.00
2017.08.17 14:08:38.423,12.87148,12.87382,0.00,0.00
2017.08.17 14:08:38.735,12.87148,12.87409,0.00,0.00
2017.08.17 14:08:38.835,12.87148,12.87402,0.00,0.00
2017.08.17 14:08:38.936,12.87148,12.87409,0.00,0.00
2017.08.17 14:08:39.439,12.87148,12.87402,0.00,0.00
2017.08.17 14:08:39.740,12.87148,12.87381,0.00,0.00
2017.08.17 14:08:40.063,12.87248,12.87371,0.00,0.00
2017.08.17 14:08:40.114,12.87248,12.87492,0.00,0.00
2017.08.17 14:08:40.215,12.87248,12.87501,0.00,0.00
2017.08.17 14:08:40.416,12.87301,12.87501,0.00,0.00
2017.08.17 14:08:40.618,12.87349,12.87571,0.00,0.00
2017.08.17 14:08:40.780,12.87349,12.87582,0.00,0.00
2017.08.17 14:08:40.939,12.87349,12.87542,0.00,0.00
2017.08.17 14:08:41.140,12.87349,12.87572,0.00,0.00
2017.08.17 14:08:41.241,12.87349,12.87581,0.00,0.00
2017.08.17 14:08:41.835,12.87349,12.87572,0.00,0.00
2017.08.17 14:08:41.936,12.87349,12.87592,0.00,0.00
2017.08.17 14:08:41.986,12.87308,12.87509,0.00,0.00
2017.08.17 14:08:42.037,12.87248,12.87509,0.00,0.00
2017.08.17 14:08:42.138,12.87248,12.87472,0.00,0.00
2017.08.17 14:08:42.239,12.87248,12.87482,0.00,0.00
2017.08.17 14:08:42.931,12.87248,12.87509,0.00,0.00
2017.08.17 14:08:43.258,12.87248,12.87501,0.00,0.00
2017.08.17 14:08:43.314,12.87248,12.87508,0.00,0.00
2017.08.17 14:08:43.661,12.87248,12.87481,0.00,0.00
2017.08.17 14:08:44.098,12.87248,12.87472,0.00,0.00
2017.08.17 14:08:44.223,12.87248,12.87481,0.00,0.00
2017.08.17 14:08:44.324,12.87248,12.87508,0.00,0.00
2017.08.17 14:08:44.375,12.87248,12.87512,0.00,0.00
2017.08.17 14:08:44.425,12.87248,12.87509,0.00,0.00
2017.08.17 14:08:44.860,12.87248,12.87462,0.00,0.00
2017.08.17 14:08:45.348,12.87248,12.87509,0.00,0.00
2017.08.17 14:08:45.520,12.87298,12.87522,0.00,0.00
2017.08.17 14:08:45.671,12.87349,12.87582,0.00,0.00
2017.08.17 14:08:45.810,12.87349,12.87559,0.00,0.00
2017.08.17 14:08:45.962,12.87348,12.87582,0.00,0.00
2017.08.17 14:08:46.063,12.87348,12.87592,0.00,0.00
2017.08.17 14:08:46.265,12.87348,12.87552,0.00,0.00
2017.08.17 14:08:46.365,12.87348,12.87572,0.00,0.00
2017.08.17 14:08:46.466,12.87348,12.87602,0.00,0.00
2017.08.17 14:08:46.569,12.87348,12.87581,0.00,0.00
2017.08.17 14:08:46.624,12.87348,12.87602,0.00,0.00
2017.08.17 14:08:46.873,12.87348,12.87572,0.00,0.00
2017.08.17 14:08:46.929,12.87348,12.87608,0.00,0.00
2017.08.17 14:08:47.250,12.87348,12.87582,0.00,0.00
2017.08.17 14:08:47.452,12.87358,12.87609,0.00,0.00
2017.08.17 14:08:47.553,12.87348,12.87609,0.00,0.00
2017.08.17 14:08:47.654,12.87348,12.87572,0.00,0.00
2017.08.17 14:08:47.927,12.87348,12.87591,0.00,0.00
2017.08.17 14:08:48.229,12.87348,12.87571,0.00,0.00
2017.08.17 14:08:48.767,12.87448,12.87672,0.00,0.00
2017.08.17 14:08:48.871,12.87448,12.87682,0.00,0.00
2017.08.17 14:08:49.125,12.87439,12.87659,0.00,0.00
2017.08.17 14:08:49.378,12.87439,12.87691,0.00,0.00
2017.08.17 14:08:49.649,12.87389,12.87608,0.00,0.00
2017.08.17 14:08:49.801,12.87379,12.87601,0.00,0.00
2017.08.17 14:08:49.852,12.87339,12.87572,0.00,0.00
2017.08.17 14:08:49.953,12.87339,12.87582,0.00,0.00
2017.08.17 14:08:50.055,12.87339,12.87601,0.00,0.00
2017.08.17 14:08:50.133,12.87339,12.87592,0.00,0.00
2017.08.17 14:08:50.448,12.87339,12.87582,0.00,0.00
2017.08.17 14:08:50.750,12.87339,12.87591,0.00,0.00
2017.08.17 14:08:50.851,12.87339,12.87601,0.00,0.00
2017.08.17 14:08:50.952,12.87339,12.87572,0.00,0.00
2017.08.17 14:08:51.259,12.87339,12.87562,0.00,0.00
2017.08.17 14:08:51.396,12.87339,12.87601,0.00,0.00
2017.08.17 14:08:51.698,12.87348,12.87608,0.00,0.00
2017.08.17 14:08:52.037,12.87348,12.87601,0.00,0.00
2017.08.17 14:08:52.431,12.87448,12.87561,0.00,0.00
2017.08.17 14:08:52.582,12.87348,12.87592,0.00,0.00
2017.08.17 14:08:52.683,12.87348,12.87608,0.00,0.00
2017.08.17 14:08:52.738,12.87348,12.87561,0.00,0.00
2017.08.17 14:08:52.969,12.87348,12.87592,0.00,0.00
2017.08.17 14:08:53.171,12.87348,12.87562,0.00,0.00
2017.08.17 14:08:53.222,12.87308,12.87562,0.00,0.00
2017.08.17 14:08:53.272,12.87308,12.87552,0.00,0.00
2017.08.17 14:08:53.440,12.87308,12.87572,0.00,0.00
2017.08.17 14:08:53.656,12.87308,12.87551,0.00,0.00
2017.08.17 14:08:53.941,12.87308,12.87572,0.00,0.00
2017.08.17 14:08:54.242,12.87308,12.87551,0.00,0.00
2017.08.17 14:08:54.442,12.87308,12.87561,0.00,0.00
2017.08.17 14:08:54.962,12.87308,12.87552,0.00,0.00
2017.08.17 14:08:55.276,12.87409,12.87651,0.00,0.00
2017.08.17 14:08:55.377,12.87409,12.87671,0.00,0.00
2017.08.17 14:08:55.478,12.87409,12.87662,0.00,0.00
2017.08.17 14:08:55.799,12.87409,12.87671,0.00,0.00
2017.08.17 14:08:55.945,12.87409,12.87652,0.00,0.00
2017.08.17 14:08:56.248,12.87409,12.87671,0.00,0.00
2017.08.17 14:08:56.747,12.87409,12.87652,0.00,0.00
2017.08.17 14:08:57.268,12.87409,12.87671,0.00,0.00
2017.08.17 14:08:57.661,12.87419,12.87671,0.00,0.00
2017.08.17 14:08:57.762,12.87409,12.87662,0.00,0.00
2017.08.17 14:08:58.098,12.87409,12.87671,0.00,0.00
2017.08.17 14:08:58.200,12.87409,12.87652,0.00,0.00
2017.08.17 14:08:58.510,12.87409,12.87632,0.00,0.00
2017.08.17 14:08:58.561,12.87409,12.87661,0.00,0.00
2017.08.17 14:08:58.671,12.87409,12.87671,0.00,0.00
2017.08.17 14:08:58.771,12.87409,12.87631,0.00,0.00
2017.08.17 14:08:59.000,12.87362,12.87608,0.00,0.00
2017.08.17 14:08:59.153,12.87362,12.87571,0.00,0.00
2017.08.17 14:08:59.355,12.87381,12.87612,0.00,0.00
2017.08.17 14:08:59.406,12.87341,12.87571,0.00,0.00
2017.08.17 14:08:59.610,12.87309,12.87571,0.00,0.00
2017.08.17 14:08:59.761,12.87309,12.87562,0.00,0.00
2017.08.17 14:09:00.105,12.87381,12.87622,0.00,0.00
2017.08.17 14:09:00.156,12.87408,12.87652,0.00,0.00
2017.08.17 14:09:00.257,12.87408,12.87672,0.00,0.00
2017.08.17 14:09:00.902,12.87408,12.87661,0.00,0.00
2017.08.17 14:09:01.003,12.87418,12.87672,0.00,0.00
2017.08.17 14:09:01.204,12.87408,12.87652,0.00,0.00
2017.08.17 14:09:01.257,12.87408,12.87662,0.00,0.00
2017.08.17 14:09:01.371,12.87409,12.87672,0.00,0.00
2017.08.17 14:09:01.772,12.87428,12.87672,0.00,0.00
2017.08.17 14:09:02.085,12.87669,12.87901,0.00,0.00
2017.08.17 14:09:02.186,12.87662,12.87901,0.00,0.00
2017.08.17 14:09:02.237,12.87682,12.87901,0.00,0.00
2017.08.17 14:09:02.543,12.87662,12.87901,0.00,0.00
2017.08.17 14:09:02.814,12.87639,12.87872,0.00,0.00
2017.08.17 14:09:02.864,12.87639,12.87901,0.00,0.00
2017.08.17 14:09:03.389,12.87639,12.87802,0.00,0.00
2017.08.17 14:09:03.490,12.87622,12.87802,0.00,0.00
2017.08.17 14:09:03.541,12.87639,12.87832,0.00,0.00
2017.08.17 14:09:03.692,12.87639,12.87881,0.00,0.00
2017.08.17 14:09:03.880,12.87591,12.87799,0.00,0.00
2017.08.17 14:09:04.209,12.87601,12.87771,0.00,0.00
2017.08.17 14:09:04.260,12.87601,12.87821,0.00,0.00
2017.08.17 14:09:04.311,12.87602,12.87812,0.00,0.00
2017.08.17 14:09:04.412,12.87601,12.87852,0.00,0.00
2017.08.17 14:09:04.513,12.87602,12.87858,0.00,0.00
2017.08.17 14:09:04.719,12.87591,12.87799,0.00,0.00
2017.08.17 14:09:05.314,12.87528,12.87758,0.00,0.00
2017.08.17 14:09:05.365,12.87519,12.87759,0.00,0.00
2017.08.17 14:09:05.466,12.87502,12.87758,0.00,0.00
2017.08.17 14:09:05.617,12.87501,12.87771,0.00,0.00
2017.08.17 14:09:05.878,12.87501,12.87761,0.00,0.00
2017.08.17 14:09:05.997,12.87509,12.87771,0.00,0.00
2017.08.17 14:09:06.142,12.87502,12.87762,0.00,0.00
2017.08.17 14:09:06.310,12.87502,12.87771,0.00,0.00
2017.08.17 14:09:06.411,12.87501,12.87762,0.00,0.00
2017.08.17 14:09:06.762,12.87502,12.87752,0.00,0.00
2017.08.17 14:09:06.868,12.87502,12.87771,0.00,0.00
2017.08.17 14:09:06.989,12.87508,12.87771,0.00,0.00
2017.08.17 14:09:07.339,12.87518,12.87771,0.00,0.00
2017.08.17 14:09:07.663,12.87529,12.87771,0.00,0.00
2017.08.17 14:09:07.966,12.87562,12.87772,0.00,0.00
2017.08.17 14:09:08.287,12.87501,12.87772,0.00,0.00
2017.08.17 14:09:08.771,12.87509,12.87772,0.00,0.00
2017.08.17 14:09:09.072,12.87581,12.87772,0.00,0.00
2017.08.17 14:09:09.283,12.87509,12.87772,0.00,0.00
2017.08.17 14:09:09.673,12.87528,12.87772,0.00,0.00
2017.08.17 14:09:09.773,12.87502,12.87772,0.00,0.00
2017.08.17 14:09:09.874,12.87502,12.87758,0.00,0.00
2017.08.17 14:09:10.222,12.87529,12.87759,0.00,0.00
2017.08.17 14:09:10.363,12.87501,12.87759,0.00,0.00
2017.08.17 14:09:10.616,12.87508,12.87759,0.00,0.00
2017.08.17 14:09:10.717,12.87502,12.87758,0.00,0.00
2017.08.17 14:09:10.980,12.87478,12.87708,0.00,0.00
2017.08.17 14:09:11.131,12.87502,12.87742,0.00,0.00
2017.08.17 14:09:11.182,12.87502,12.87731,0.00,0.00
2017.08.17 14:09:11.283,12.87508,12.87758,0.00,0.00
2017.08.17 14:09:11.544,12.87508,12.87708,0.00,0.00
2017.08.17 14:09:11.595,12.87502,12.87708,0.00,0.00
2017.08.17 14:09:11.646,12.87501,12.87732,0.00,0.00
2017.08.17 14:09:11.696,12.87502,12.87711,0.00,0.00
2017.08.17 14:09:11.797,12.87501,12.87759,0.00,0.00
2017.08.17 14:09:11.898,12.87509,12.87759,0.00,0.00
2017.08.17 14:09:12.200,12.87502,12.87758,0.00,0.00
2017.08.17 14:09:12.632,12.87508,12.87758,0.00,0.00
2017.08.17 14:09:12.682,12.87502,12.87758,0.00,0.00
2017.08.17 14:09:13.078,12.87508,12.87758,0.00,0.00
2017.08.17 14:09:13.599,12.87508,12.87759,0.00,0.00
2017.08.17 14:09:13.934,12.87582,12.87758,0.00,0.00
2017.08.17 14:09:14.155,12.87518,12.87758,0.00,0.00
2017.08.17 14:09:14.206,12.87502,12.87758,0.00,0.00
2017.08.17 14:09:14.380,12.87519,12.87759,0.00,0.00
2017.08.17 14:09:14.694,12.87561,12.87759,0.00,0.00
2017.08.17 14:09:15.272,12.87508,12.87758,0.00,0.00
2017.08.17 14:09:15.323,12.87502,12.87758,0.00,0.00
2017.08.17 14:09:15.726,12.87519,12.87758,0.00,0.00
2017.08.17 14:09:15.908,12.87508,12.87758,0.00,0.00
2017.08.17 14:09:16.110,12.87518,12.87759,0.00,0.00
2017.08.17 14:09:16.641,12.87519,12.87759,0.00,0.00
2017.08.17 14:09:16.792,12.87502,12.87758,0.00,0.00
2017.08.17 14:09:17.085,12.87509,12.87758,0.00,0.00
2017.08.17 14:09:17.586,12.87502,12.87758,0.00,0.00
2017.08.17 14:09:17.886,12.87508,12.87758,0.00,0.00
2017.08.17 14:09:18.336,12.87501,12.87759,0.00,0.00
2017.08.17 14:09:18.437,12.87561,12.87759,0.00,0.00
2017.08.17 14:09:19.183,12.87529,12.87759,0.00,0.00
2017.08.17 14:09:19.335,12.87501,12.87759,0.00,0.00
2017.08.17 14:09:19.974,12.87502,12.87758,0.00,0.00
2017.08.17 14:09:20.126,12.87508,12.87759,0.00,0.00
2017.08.17 14:09:20.239,12.87502,12.87758,0.00,0.00
2017.08.17 14:09:20.518,12.87518,12.87758,0.00,0.00
2017.08.17 14:09:20.844,12.87592,12.87758,0.00,0.00
2017.08.17 14:09:21.071,12.87548,12.87759,0.00,0.00
2017.08.17 14:09:21.122,12.87501,12.87759,0.00,0.00
2017.08.17 14:09:21.529,12.87529,12.87758,0.00,0.00
2017.08.17 14:09:21.732,12.87502,12.87758,0.00,0.00
2017.08.17 14:09:22.034,12.87528,12.87759,0.00,0.00
2017.08.17 14:09:22.340,12.87561,12.87759,0.00,0.00
2017.08.17 14:09:22.391,12.87528,12.87759,0.00,0.00
2017.08.17 14:09:22.442,12.87509,12.87758,0.00,0.00
2017.08.17 14:09:22.543,12.87502,12.87758,0.00,0.00
2017.08.17 14:09:22.746,12.87518,12.87758,0.00,0.00
2017.08.17 14:09:22.998,12.87501,12.87742,0.00,0.00
2017.08.17 14:09:23.179,12.87508,12.87671,0.00,0.00
2017.08.17 14:09:23.231,12.87492,12.87708,0.00,0.00
2017.08.17 14:09:23.566,12.87492,12.87658,0.00,0.00
2017.08.17 14:09:23.617,12.87501,12.87672,0.00,0.00
2017.08.17 14:09:23.718,12.87502,12.87758,0.00,0.00
2017.08.17 14:09:24.107,12.87501,12.87741,0.00,0.00
2017.08.17 14:09:24.408,12.87491,12.87709,0.00,0.00
2017.08.17 14:09:24.740,12.87428,12.87659,0.00,0.00
2017.08.17 14:09:24.851,12.87462,12.87658,0.00,0.00
2017.08.17 14:09:25.431,12.87408,12.87659,0.00,0.00
2017.08.17 14:09:25.532,12.87402,12.87658,0.00,0.00
2017.08.17 14:09:25.730,12.87461,12.87659,0.00,0.00
2017.08.17 14:09:25.882,12.87439,12.87659,0.00,0.00
2017.08.17 14:09:26.033,12.87401,12.87659,0.00,0.00
2017.08.17 14:09:26.084,12.87389,12.87562,0.00,0.00
2017.08.17 14:09:26.134,12.87369,12.87562,0.00,0.00
2017.08.17 14:09:26.346,12.87362,12.87558,0.00,0.00
2017.08.17 14:09:26.734,12.87382,12.87558,0.00,0.00
2017.08.17 14:09:26.885,12.87339,12.87558,0.00,0.00
2017.08.17 14:09:27.049,12.87301,12.87559,0.00,0.00
2017.08.17 14:09:27.518,12.87302,12.87541,0.00,0.00
2017.08.17 14:09:27.619,12.87302,12.87558,0.00,0.00
2017.08.17 14:09:27.720,12.87319,12.87559,0.00,0.00
2017.08.17 14:09:28.038,12.87302,12.87558,0.00,0.00
2017.08.17 14:09:28.112,12.87292,12.87548,0.00,0.00
2017.08.17 14:09:28.419,12.87342,12.87492,0.00,0.00
2017.08.17 14:09:28.520,12.87328,12.87548,0.00,0.00
2017.08.17 14:09:28.571,12.87328,12.87539,0.00,0.00
2017.08.17 14:09:28.723,12.87378,12.87602,0.00,0.00
2017.08.17 14:09:28.824,12.87368,12.87592,0.00,0.00
2017.08.17 14:09:29.061,12.87368,12.87602,0.00,0.00
2017.08.17 14:09:29.398,12.87368,12.87572,0.00,0.00
2017.08.17 14:09:29.452,12.87368,12.87601,0.00,0.00
2017.08.17 14:09:29.825,12.87368,12.87571,0.00,0.00
2017.08.17 14:09:30.219,12.87368,12.87582,0.00,0.00
2017.08.17 14:09:30.805,12.87368,12.87591,0.00,0.00
2017.08.17 14:09:30.856,12.87368,12.87552,0.00,0.00
2017.08.17 14:09:31.170,12.87368,12.87561,0.00,0.00
2017.08.17 14:09:31.322,12.87291,12.87549,0.00,0.00
2017.08.17 14:09:31.372,12.87331,12.87549,0.00,0.00
2017.08.17 14:09:31.524,12.87319,12.87542,0.00,0.00
2017.08.17 14:09:31.574,12.87369,12.87542,0.00,0.00
2017.08.17 14:09:31.625,12.87369,12.87582,0.00,0.00
2017.08.17 14:09:31.676,12.87331,12.87509,0.00,0.00
2017.08.17 14:09:31.726,12.87319,12.87509,0.00,0.00
2017.08.17 14:09:31.828,12.87281,12.87509,0.00,0.00
2017.08.17 14:09:31.940,12.87281,12.87502,0.00,0.00
2017.08.17 14:09:32.258,12.87282,12.87508,0.00,0.00
2017.08.17 14:09:32.450,12.87282,12.87502,0.00,0.00
2017.08.17 14:09:32.774,12.87281,12.87481,0.00,0.00
2017.08.17 14:09:32.824,12.87281,12.87509,0.00,0.00
2017.08.17 14:09:33.461,12.87282,12.87508,0.00,0.00
2017.08.17 14:09:34.088,12.87268,12.87542,0.00,0.00
2017.08.17 14:09:34.139,12.87319,12.87541,0.00,0.00
2017.08.17 14:09:34.372,12.87368,12.87602,0.00,0.00
2017.08.17 14:09:34.631,12.87368,12.87571,0.00,0.00
2017.08.17 14:09:34.682,12.87319,12.87539,0.00,0.00
2017.08.17 14:09:34.733,12.87319,12.87511,0.00,0.00
2017.08.17 14:09:34.783,12.87291,12.87511,0.00,0.00
2017.08.17 14:09:35.011,12.87331,12.87511,0.00,0.00
2017.08.17 14:09:35.062,12.87319,12.87511,0.00,0.00
2017.08.17 14:09:35.163,12.87369,12.87582,0.00,0.00
2017.08.17 14:09:35.305,12.87369,12.87601,0.00,0.00
2017.08.17 14:09:35.457,12.87369,12.87608,0.00,0.00
2017.08.17 14:09:35.770,12.87369,12.87572,0.00,0.00
2017.08.17 14:09:36.401,12.87369,12.87562,0.00,0.00
2017.08.17 14:09:36.552,12.87369,12.87602,0.00,0.00
2017.08.17 14:09:37.033,12.87369,12.87571,0.00,0.00
2017.08.17 14:09:37.134,12.87369,12.87578,0.00,0.00
2017.08.17 14:09:37.235,12.87379,12.87552,0.00,0.00
2017.08.17 14:09:37.336,12.87379,12.87592,0.00,0.00
2017.08.17 14:09:37.440,12.87379,12.87602,0.00,0.00
2017.08.17 14:09:37.633,12.87379,12.87571,0.00,0.00
2017.08.17 14:09:37.734,12.87379,12.87582,0.00,0.00
2017.08.17 14:09:37.785,12.87328,12.87509,0.00,0.00
2017.08.17 14:09:37.934,12.87282,12.87491,0.00,0.00
2017.08.17 14:09:38.086,12.87281,12.87482,0.00,0.00
2017.08.17 14:09:38.136,12.87282,12.87508,0.00,0.00
2017.08.17 14:09:38.660,12.87281,12.87502,0.00,0.00
2017.08.17 14:09:38.931,12.87282,12.87508,0.00,0.00
2017.08.17 14:09:38.982,12.87281,12.87472,0.00,0.00
2017.08.17 14:09:39.142,12.87282,12.87508,0.00,0.00
2017.08.17 14:09:39.700,12.87281,12.87509,0.00,0.00
2017.08.17 14:09:39.751,12.87281,12.87482,0.00,0.00
2017.08.17 14:09:40.326,12.87281,12.87481,0.00,0.00
2017.08.17 14:09:40.539,12.87281,12.87502,0.00,0.00
2017.08.17 14:09:40.642,12.87282,12.87482,0.00,0.00
2017.08.17 14:09:41.377,12.87282,12.87502,0.00,0.00
2017.08.17 14:09:41.478,12.87279,12.87476,0.00,0.00
2017.08.17 14:09:41.542,12.87279,12.87491,0.00,0.00
2017.08.17 14:09:41.643,12.87278,12.87501,0.00,0.00
2017.08.17 14:09:41.844,12.87278,12.87508,0.00,0.00
2017.08.17 14:09:42.172,12.87278,12.87496,0.00,0.00
2017.08.17 14:09:42.545,12.87278,12.87487,0.00,0.00
2017.08.17 14:09:42.977,12.87278,12.87501,0.00,0.00
2017.08.17 14:09:43.078,12.87278,12.87509,0.00,0.00
2017.08.17 14:09:43.483,12.87278,12.87506,0.00,0.00
2017.08.17 14:09:43.812,12.87278,12.87486,0.00,0.00
2017.08.17 14:09:43.862,12.87278,12.87509,0.00,0.00
2017.08.17 14:09:44.170,12.87278,12.87486,0.00,0.00
2017.08.17 14:09:44.371,12.87278,12.87501,0.00,0.00
2017.08.17 14:09:44.579,12.87278,12.87508,0.00,0.00
2017.08.17 14:09:44.749,12.87278,12.87507,0.00,0.00
2017.08.17 14:09:45.072,12.87278,12.87486,0.00,0.00
2017.08.17 14:09:45.393,12.87278,12.87501,0.00,0.00
2017.08.17 14:09:45.494,12.87278,12.87509,0.00,0.00
2017.08.17 14:09:45.595,12.87292,12.87507,0.00,0.00
2017.08.17 14:09:45.778,12.87249,12.87502,0.00,0.00
2017.08.17 14:09:45.880,12.87238,12.87502,0.00,0.00
2017.08.17 14:09:45.951,12.87238,12.87492,0.00,0.00
2017.08.17 14:09:46.151,12.87238,12.87502,0.00,0.00
2017.08.17 14:09:46.352,12.87238,12.87481,0.00,0.00
2017.08.17 14:09:46.654,12.87238,12.87502,0.00,0.00
2017.08.17 14:09:46.779,12.87238,12.87482,0.00,0.00
2017.08.17 14:09:47.277,12.87238,12.87502,0.00,0.00
2017.08.17 14:09:47.378,12.87238,12.87491,0.00,0.00
2017.08.17 14:09:47.726,12.87238,12.87442,0.00,0.00
2017.08.17 14:09:47.955,12.87238,12.87471,0.00,0.00
2017.08.17 14:09:48.456,12.87238,12.87462,0.00,0.00
2017.08.17 14:09:48.557,12.87238,12.87482,0.00,0.00
2017.08.17 14:09:48.658,12.87238,12.87501,0.00,0.00
2017.08.17 14:09:48.759,12.87238,12.87482,0.00,0.00
2017.08.17 14:09:48.911,12.87238,12.87502,0.00,0.00
2017.08.17 14:09:49.127,12.87262,12.87502,0.00,0.00
2017.08.17 14:09:49.530,12.87281,12.87502,0.00,0.00
2017.08.17 14:09:49.789,12.87311,12.87551,0.00,0.00
2017.08.17 14:09:49.890,12.87338,12.87602,0.00,0.00
2017.08.17 14:09:50.131,12.87338,12.87572,0.00,0.00
2017.08.17 14:09:50.181,12.87338,12.87602,0.00,0.00
2017.08.17 14:09:50.710,12.87339,12.87602,0.00,0.00
2017.08.17 14:09:50.962,12.87338,12.87591,0.00,0.00
2017.08.17 14:09:51.062,12.87338,12.87602,0.00,0.00
2017.08.17 14:09:51.310,12.87338,12.87572,0.00,0.00
2017.08.17 14:09:51.607,12.87338,12.87602,0.00,0.00
2017.08.17 14:09:52.142,12.87382,12.87602,0.00,0.00
2017.08.17 14:09:52.800,12.87401,12.87632,0.00,0.00
2017.08.17 14:09:52.851,12.87411,12.87632,0.00,0.00
2017.08.17 14:09:52.901,12.87438,12.87671,0.00,0.00
2017.08.17 14:09:53.002,12.87438,12.87682,0.00,0.00
2017.08.17 14:09:53.284,12.87438,12.87691,0.00,0.00
2017.08.17 14:09:53.694,12.87438,12.87681,0.00,0.00
2017.08.17 14:09:53.918,12.87438,12.87702,0.00,0.00
2017.08.17 14:09:53.969,12.87438,12.87672,0.00,0.00
2017.08.17 14:09:54.348,12.87438,12.87661,0.00,0.00
2017.08.17 14:09:54.469,12.87438,12.87672,0.00,0.00
2017.08.17 14:09:54.570,12.87438,12.87691,0.00,0.00
2017.08.17 14:09:54.621,12.87461,12.87691,0.00,0.00
2017.08.17 14:09:54.671,12.87462,12.87702,0.00,0.00
2017.08.17 14:09:54.952,12.87461,12.87682,0.00,0.00
2017.08.17 14:09:55.003,12.87461,12.87701,0.00,0.00
2017.08.17 14:09:55.054,12.87438,12.87701,0.00,0.00
2017.08.17 14:09:55.104,12.87438,12.87682,0.00,0.00
2017.08.17 14:09:55.418,12.87438,12.87672,0.00,0.00
2017.08.17 14:09:55.471,12.87438,12.87701,0.00,0.00
2017.08.17 14:09:55.995,12.87438,12.87672,0.00,0.00
2017.08.17 14:09:56.358,12.87438,12.87662,0.00,0.00
2017.08.17 14:09:56.610,12.87438,12.87682,0.00,0.00
2017.08.17 14:09:56.788,12.87438,12.87672,0.00,0.00
2017.08.17 14:09:56.889,12.87438,12.87681,0.00,0.00
2017.08.17 14:09:57.201,12.87438,12.87651,0.00,0.00
2017.08.17 14:09:57.302,12.87438,12.87662,0.00,0.00
2017.08.17 14:09:57.511,12.87438,12.87691,0.00,0.00
2017.08.17 14:09:57.876,12.87438,12.87682,0.00,0.00
2017.08.17 14:09:58.210,12.87438,12.87651,0.00,0.00
2017.08.17 14:09:58.311,12.87438,12.87691,0.00,0.00
2017.08.17 14:09:58.376,12.87438,12.87701,0.00,0.00
2017.08.17 14:09:58.721,12.87438,12.87672,0.00,0.00
2017.08.17 14:09:58.777,12.87438,12.87692,0.00,0.00
2017.08.17 14:09:59.000,12.87438,12.87671,0.00,0.00
2017.08.17 14:09:59.078,12.87438,12.87691,0.00,0.00
2017.08.17 14:09:59.590,12.87438,12.87692,0.00,0.00
2017.08.17 14:09:59.690,12.87438,12.87661,0.00,0.00
2017.08.17 14:10:00.138,12.87438,12.87631,0.00,0.00
2017.08.17 14:10:00.499,12.87438,12.87621,0.00,0.00
2017.08.17 14:10:00.600,12.87438,12.87662,0.00,0.00
2017.08.17 14:10:00.755,12.87438,12.87682,0.00,0.00
2017.08.17 14:10:00.807,12.87438,12.87691,0.00,0.00
2017.08.17 14:10:01.229,12.87438,12.87682,0.00,0.00
2017.08.17 14:10:01.386,12.87438,12.87702,0.00,0.00
2017.08.17 14:10:01.645,12.87461,12.87702,0.00,0.00
2017.08.17 14:10:02.422,12.87438,12.87702,0.00,0.00
2017.08.17 14:10:02.495,12.87438,12.87681,0.00,0.00
2017.08.17 14:10:03.217,12.87438,12.87692,0.00,0.00
2017.08.17 14:10:03.318,12.87438,12.87652,0.00,0.00
2017.08.17 14:10:03.419,12.87438,12.87672,0.00,0.00
2017.08.17 14:10:03.625,12.87461,12.87672,0.00,0.00
2017.08.17 14:10:03.726,12.87461,12.87702,0.00,0.00
2017.08.17 14:10:04.097,12.87461,12.87691,0.00,0.00
2017.08.17 14:10:04.291,12.87438,12.87691,0.00,0.00
2017.08.17 14:10:04.342,12.87461,12.87702,0.00,0.00
2017.08.17 14:10:04.686,12.87491,12.87702,0.00,0.00
2017.08.17 14:10:04.867,12.87491,12.87709,0.00,0.00
2017.08.17 14:10:04.917,12.87511,12.87722,0.00,0.00
2017.08.17 14:10:05.019,12.87562,12.87791,0.00,0.00
2017.08.17 14:10:05.120,12.87561,12.87801,0.00,0.00
2017.08.17 14:10:05.437,12.87561,12.87782,0.00,0.00
2017.08.17 14:10:05.589,12.87539,12.87782,0.00,0.00
2017.08.17 14:10:05.640,12.87562,12.87801,0.00,0.00
2017.08.17 14:10:05.942,12.87582,12.87772,0.00,0.00
2017.08.17 14:10:06.043,12.87581,12.87801,0.00,0.00
2017.08.17 14:10:06.096,12.87562,12.87801,0.00,0.00
2017.08.17 14:10:06.247,12.87561,12.87786,0.00,0.00
2017.08.17 14:10:06.585,12.87539,12.87786,0.00,0.00
2017.08.17 14:10:06.770,12.87539,12.87766,0.00,0.00
2017.08.17 14:10:07.072,12.87512,12.87756,0.00,0.00
2017.08.17 14:10:07.123,12.87512,12.87726,0.00,0.00
2017.08.17 14:10:07.305,12.87501,12.87726,0.00,0.00
2017.08.17 14:10:07.355,12.87449,12.87673,0.00,0.00
2017.08.17 14:10:07.456,12.87432,12.87666,0.00,0.00
2017.08.17 14:10:07.938,12.87481,12.87656,0.00,0.00
2017.08.17 14:10:08.040,12.87481,12.87661,0.00,0.00
2017.08.17 14:10:08.292,12.87432,12.87661,0.00,0.00
2017.08.17 14:10:08.342,12.87432,12.87656,0.00,0.00
2017.08.17 14:10:08.747,12.87432,12.87661,0.00,0.00
2017.08.17 14:10:09.079,12.87461,12.87661,0.00,0.00
2017.08.17 14:10:09.230,12.87432,12.87661,0.00,0.00
2017.08.17 14:10:09.331,12.87432,12.87657,0.00,0.00
2017.08.17 14:10:09.661,12.87481,12.87669,0.00,0.00
2017.08.17 14:10:09.863,12.87502,12.87692,0.00,0.00
2017.08.17 14:10:09.914,12.87502,12.87762,0.00,0.00
2017.08.17 14:10:10.426,12.87501,12.87762,0.00,0.00
2017.08.17 14:10:10.504,12.87512,12.87762,0.00,0.00
2017.08.17 14:10:11.173,12.87512,12.87711,0.00,0.00
2017.08.17 14:10:11.224,12.87461,12.87669,0.00,0.00
2017.08.17 14:10:11.325,12.87481,12.87661,0.00,0.00
2017.08.17 14:10:11.375,12.87411,12.87661,0.00,0.00
2017.08.17 14:10:11.426,12.87481,12.87661,0.00,0.00
2017.08.17 14:10:11.842,12.87492,12.87661,0.00,0.00
2017.08.17 14:10:12.095,12.87461,12.87661,0.00,0.00
2017.08.17 14:10:12.246,12.87411,12.87661,0.00,0.00
2017.08.17 14:10:13.424,12.87418,12.87661,0.00,0.00
2017.08.17 14:10:13.754,12.87411,12.87661,0.00,0.00
2017.08.17 14:10:15.736,12.87419,12.87661,0.00,0.00
2017.08.17 14:10:15.969,12.87411,12.87661,0.00,0.00
2017.08.17 14:10:16.421,12.87419,12.87661,0.00,0.00
2017.08.17 14:10:16.522,12.87411,12.87661,0.00,0.00
2017.08.17 14:10:16.764,12.87411,12.87642,0.00,0.00
2017.08.17 14:10:16.938,12.87411,12.87661,0.00,0.00
2017.08.17 14:10:17.225,12.87411,12.87652,0.00,0.00
2017.08.17 14:10:17.747,12.87411,12.87641,0.00,0.00
2017.08.17 14:10:17.823,12.87411,12.87652,0.00,0.00
2017.08.17 14:10:17.924,12.87411,12.87661,0.00,0.00
2017.08.17 14:10:18.789,12.87411,12.87609,0.00,0.00
2017.08.17 14:10:18.839,12.87369,12.87568,0.00,0.00
2017.08.17 14:10:19.046,12.87351,12.87461,0.00,0.00
2017.08.17 14:10:19.198,12.87281,12.87471,0.00,0.00
2017.08.17 14:10:19.725,12.87261,12.87471,0.00,0.00
2017.08.17 14:10:20.039,12.87212,12.87471,0.00,0.00
2017.08.17 14:10:20.366,12.87219,12.87471,0.00,0.00
2017.08.17 14:10:20.568,12.87212,12.87471,0.00,0.00
2017.08.17 14:10:20.628,12.87239,12.87471,0.00,0.00
2017.08.17 14:10:20.958,12.87281,12.87471,0.00,0.00
2017.08.17 14:10:21.286,12.87262,12.87471,0.00,0.00
2017.08.17 14:10:21.337,12.87238,12.87471,0.00,0.00
2017.08.17 14:10:21.438,12.87212,12.87471,0.00,0.00
2017.08.17 14:10:21.775,12.87218,12.87471,0.00,0.00
2017.08.17 14:10:21.876,12.87212,12.87471,0.00,0.00
2017.08.17 14:10:23.473,12.87218,12.87471,0.00,0.00
2017.08.17 14:10:23.823,12.87212,12.87462,0.00,0.00
2017.08.17 14:10:23.874,12.87212,12.87471,0.00,0.00
2017.08.17 14:10:23.935,12.87212,12.87442,0.00,0.00
2017.08.17 14:10:24.221,12.87209,12.87442,0.00,0.00
2017.08.17 14:10:24.272,12.87191,12.87372,0.00,0.00
2017.08.17 14:10:24.373,12.87191,12.87422,0.00,0.00
2017.08.17 14:10:24.524,12.87192,12.87372,0.00,0.00
2017.08.17 14:10:24.575,12.87169,12.87372,0.00,0.00
2017.08.17 14:10:24.676,12.87161,12.87372,0.00,0.00
2017.08.17 14:10:24.727,12.87118,12.87372,0.00,0.00
2017.08.17 14:10:24.847,12.87118,12.87322,0.00,0.00
2017.08.17 14:10:25.020,12.87111,12.87331,0.00,0.00
2017.08.17 14:10:25.071,12.87111,12.87372,0.00,0.00
2017.08.17 14:10:25.137,12.87118,12.87372,0.00,0.00
2017.08.17 14:10:25.375,12.87111,12.87372,0.00,0.00
2017.08.17 14:10:25.739,12.87119,12.87372,0.00,0.00
2017.08.17 14:10:26.045,12.87182,12.87372,0.00,0.00
2017.08.17 14:10:26.380,12.87191,12.87372,0.00,0.00
2017.08.17 14:10:26.473,12.87181,12.87372,0.00,0.00
2017.08.17 14:10:26.775,12.87191,12.87421,0.00,0.00
2017.08.17 14:10:26.934,12.87208,12.87451,0.00,0.00
2017.08.17 14:10:26.985,12.87209,12.87472,0.00,0.00
2017.08.17 14:10:27.036,12.87209,12.87421,0.00,0.00
2017.08.17 14:10:27.187,12.87191,12.87422,0.00,0.00
2017.08.17 14:10:27.369,12.87208,12.87431,0.00,0.00
2017.08.17 14:10:27.521,12.87191,12.87422,0.00,0.00
2017.08.17 14:10:27.770,12.87169,12.87409,0.00,0.00
2017.08.17 14:10:27.820,12.87182,12.87371,0.00,0.00
2017.08.17 14:10:28.017,12.87212,12.87422,0.00,0.00
2017.08.17 14:10:28.068,12.87212,12.87461,0.00,0.00
2017.08.17 14:10:28.169,12.87212,12.87471,0.00,0.00
2017.08.17 14:10:28.645,12.87212,12.87442,0.00,0.00
2017.08.17 14:10:28.746,12.87212,12.87462,0.00,0.00
2017.08.17 14:10:28.843,12.87212,12.87432,0.00,0.00
2017.08.17 14:10:28.944,12.87191,12.87422,0.00,0.00
2017.08.17 14:10:29.064,12.87162,12.87402,0.00,0.00
2017.08.17 14:10:29.115,12.87161,12.87371,0.00,0.00
2017.08.17 14:10:29.166,12.87118,12.87371,0.00,0.00
2017.08.17 14:10:29.267,12.87111,12.87362,0.00,0.00
2017.08.17 14:10:30.066,12.87082,12.87292,0.00,0.00
2017.08.17 14:10:30.119,12.87032,12.87271,0.00,0.00
2017.08.17 14:10:30.967,12.87061,12.87271,0.00,0.00
2017.08.17 14:10:31.270,12.87032,12.87271,0.00,0.00
2017.08.17 14:10:31.525,12.87061,12.87271,0.00,0.00
2017.08.17 14:10:31.830,12.87082,12.87271,0.00,0.00
2017.08.17 14:10:32.317,12.87091,12.87271,0.00,0.00
2017.08.17 14:10:32.367,12.87101,12.87321,0.00,0.00
2017.08.17 14:10:32.468,12.87109,12.87371,0.00,0.00
2017.08.17 14:10:32.569,12.87109,12.87349,0.00,0.00
2017.08.17 14:10:32.871,12.87108,12.87372,0.00,0.00
2017.08.17 14:10:33.179,12.87138,12.87372,0.00,0.00
2017.08.17 14:10:33.545,12.87108,12.87372,0.00,0.00
2017.08.17 14:10:33.902,12.87138,12.87372,0.00,0.00
2017.08.17 14:10:34.054,12.87108,12.87372,0.00,0.00
2017.08.17 14:10:34.255,12.87128,12.87372,0.00,0.00
2017.08.17 14:10:34.472,12.87108,12.87372,0.00,0.00
2017.08.17 14:10:34.686,12.87128,12.87372,0.00,0.00
2017.08.17 14:10:34.988,12.87191,12.87371,0.00,0.00
2017.08.17 14:10:35.039,12.87181,12.87371,0.00,0.00
2017.08.17 14:10:35.367,12.87192,12.87392,0.00,0.00
2017.08.17 14:10:35.468,12.87182,12.87371,0.00,0.00
2017.08.17 14:10:35.998,12.87181,12.87371,0.00,0.00
2017.08.17 14:10:36.108,12.87162,12.87371,0.00,0.00
2017.08.17 14:10:36.260,12.87112,12.87371,0.00,0.00
2017.08.17 14:10:36.430,12.87191,12.87372,0.00,0.00
2017.08.17 14:10:36.480,12.87191,12.87401,0.00,0.00
2017.08.17 14:10:36.531,12.87212,12.87401,0.00,0.00
2017.08.17 14:10:36.582,12.87212,12.87442,0.00,0.00
2017.08.17 14:10:36.683,12.87218,12.87472,0.00,0.00
2017.08.17 14:10:36.901,12.87212,12.87451,0.00,0.00
2017.08.17 14:10:37.107,12.87212,12.87472,0.00,0.00
2017.08.17 14:10:37.591,12.87292,12.87472,0.00,0.00
2017.08.17 14:10:37.646,12.87312,12.87542,0.00,0.00
2017.08.17 14:10:37.697,12.87312,12.87551,0.00,0.00
2017.08.17 14:10:37.798,12.87312,12.87561,0.00,0.00
2017.08.17 14:10:37.899,12.87312,12.87522,0.00,0.00
2017.08.17 14:10:38.202,12.87312,12.87541,0.00,0.00
2017.08.17 14:10:38.303,12.87312,12.87521,0.00,0.00
2017.08.17 14:10:38.353,12.87291,12.87521,0.00,0.00
2017.08.17 14:10:38.502,12.87291,12.87512,0.00,0.00
2017.08.17 14:10:38.603,12.87291,12.87521,0.00,0.00
2017.08.17 14:10:38.704,12.87291,12.87511,0.00,0.00
2017.08.17 14:10:38.905,12.87309,12.87562,0.00,0.00
2017.08.17 14:10:39.057,12.87311,12.87562,0.00,0.00
2017.08.17 14:10:39.108,12.87311,12.87571,0.00,0.00
2017.08.17 14:10:39.309,12.87311,12.87562,0.00,0.00
2017.08.17 14:10:39.643,12.87311,12.87521,0.00,0.00
2017.08.17 14:10:40.149,12.87311,12.87522,0.00,0.00
2017.08.17 14:10:40.398,12.87291,12.87511,0.00,0.00
2017.08.17 14:10:40.449,12.87309,12.87511,0.00,0.00
2017.08.17 14:10:40.499,12.87309,12.87542,0.00,0.00
2017.08.17 14:10:40.610,12.87309,12.87571,0.00,0.00
2017.08.17 14:10:40.868,12.87309,12.87562,0.00,0.00
2017.08.17 14:10:41.208,12.87309,12.87541,0.00,0.00
2017.08.17 14:10:41.515,12.87309,12.87521,0.00,0.00
2017.08.17 14:10:41.616,12.87309,12.87561,0.00,0.00
2017.08.17 14:10:41.818,12.87312,12.87561,0.00,0.00
2017.08.17 14:10:42.130,12.87312,12.87531,0.00,0.00
2017.08.17 14:10:42.671,12.87312,12.87542,0.00,0.00
2017.08.17 14:10:42.872,12.87312,12.87531,0.00,0.00
2017.08.17 14:10:43.086,12.87312,12.87562,0.00,0.00
2017.08.17 14:10:43.415,12.87312,12.87571,0.00,0.00
2017.08.17 14:10:43.614,12.87312,12.87542,0.00,0.00
2017.08.17 14:10:43.714,12.87312,12.87571,0.00,0.00
2017.08.17 14:10:43.815,12.87319,12.87571,0.00,0.00
2017.08.17 14:10:44.135,12.87312,12.87551,0.00,0.00
2017.08.17 14:10:44.186,12.87318,12.87571,0.00,0.00
2017.08.17 14:10:44.287,12.87329,12.87571,0.00,0.00
2017.08.17 14:10:44.875,12.87312,12.87571,0.00,0.00
2017.08.17 14:10:45.087,12.87312,12.87562,0.00,0.00
2017.08.17 14:10:45.376,12.87312,12.87571,0.00,0.00
2017.08.17 14:10:45.477,12.87318,12.87571,0.00,0.00
2017.08.17 14:10:45.683,12.87312,12.87571,0.00,0.00
2017.08.17 14:10:46.110,12.87312,12.87552,0.00,0.00
2017.08.17 14:10:46.180,12.87312,12.87571,0.00,0.00
2017.08.17 14:10:46.506,12.87328,12.87571,0.00,0.00
2017.08.17 14:10:46.720,12.87312,12.87571,0.00,0.00
2017.08.17 14:10:46.923,12.87318,12.87571,0.00,0.00
2017.08.17 14:10:47.090,12.87312,12.87571,0.00,0.00
2017.08.17 14:10:47.191,12.87318,12.87571,0.00,0.00
2017.08.17 14:10:47.511,12.87312,12.87571,0.00,0.00
2017.08.17 14:10:47.791,12.87312,12.87562,0.00,0.00
2017.08.17 14:10:47.892,12.87318,12.87571,0.00,0.00
2017.08.17 14:10:47.993,12.87312,12.87571,0.00,0.00
2017.08.17 14:10:48.718,12.87312,12.87562,0.00,0.00
2017.08.17 14:10:49.009,12.87408,12.87672,0.00,0.00
2017.08.17 14:10:49.211,12.87408,12.87642,0.00,0.00
2017.08.17 14:10:49.540,12.87401,12.87572,0.00,0.00
2017.08.17 14:10:49.590,12.87392,12.87572,0.00,0.00
2017.08.17 14:10:49.691,12.87391,12.87622,0.00,0.00
2017.08.17 14:10:50.145,12.87408,12.87649,0.00,0.00
2017.08.17 14:10:50.246,12.87408,12.87651,0.00,0.00
2017.08.17 14:10:50.347,12.87408,12.87672,0.00,0.00
2017.08.17 14:10:50.593,12.87408,12.87652,0.00,0.00
2017.08.17 14:10:50.796,12.87408,12.87672,0.00,0.00
2017.08.17 14:10:51.115,12.87408,12.87632,0.00,0.00
2017.08.17 14:10:51.439,12.87311,12.87571,0.00,0.00
2017.08.17 14:10:51.540,12.87311,12.87551,0.00,0.00
2017.08.17 14:10:51.843,12.87311,12.87531,0.00,0.00
2017.08.17 14:10:52.146,12.87228,12.87472,0.00,0.00
2017.08.17 14:10:52.247,12.87212,12.87472,0.00,0.00
2017.08.17 14:10:52.348,12.87261,12.87472,0.00,0.00
2017.08.17 14:10:52.797,12.87281,12.87472,0.00,0.00
2017.08.17 14:10:52.993,12.87311,12.87522,0.00,0.00
2017.08.17 14:10:53.044,12.87311,12.87571,0.00,0.00
2017.08.17 14:10:53.195,12.87311,12.87559,0.00,0.00
2017.08.17 14:10:53.622,12.87311,12.87511,0.00,0.00
2017.08.17 14:10:53.813,12.87292,12.87511,0.00,0.00
2017.08.17 14:10:54.016,12.87292,12.87521,0.00,0.00
2017.08.17 14:10:54.397,12.87308,12.87542,0.00,0.00
2017.08.17 14:10:54.549,12.87308,12.87572,0.00,0.00
2017.08.17 14:10:54.776,12.87311,12.87572,0.00,0.00
2017.08.17 14:10:55.127,12.87328,12.87572,0.00,0.00
2017.08.17 14:10:55.458,12.87318,12.87572,0.00,0.00
2017.08.17 14:10:55.614,12.87338,12.87572,0.00,0.00
2017.08.17 14:10:55.914,12.87318,12.87572,0.00,0.00
2017.08.17 14:10:56.316,12.87339,12.87572,0.00,0.00
2017.08.17 14:10:56.516,12.87319,12.87572,0.00,0.00
2017.08.17 14:10:56.899,12.87401,12.87601,0.00,0.00
2017.08.17 14:10:56.951,12.87391,12.87612,0.00,0.00
2017.08.17 14:10:57.001,12.87351,12.87572,0.00,0.00
2017.08.17 14:10:58.271,12.87311,12.87572,0.00,0.00
2017.08.17 14:10:58.823,12.87329,12.87572,0.00,0.00
2017.08.17 14:10:59.242,12.87311,12.87571,0.00,0.00
2017.08.17 14:10:59.324,12.87311,12.87561,0.00,0.00
2017.08.17 14:10:59.626,12.87311,12.87532,0.00,0.00
2017.08.17 14:11:00.144,12.87308,12.87532,0.00,0.00
2017.08.17 14:11:00.195,12.87258,12.87509,0.00,0.00
2017.08.17 14:11:00.246,12.87291,12.87522,0.00,0.00
2017.08.17 14:11:00.448,12.87308,12.87571,0.00,0.00
2017.08.17 14:11:00.665,12.87318,12.87572,0.00,0.00
2017.08.17 14:11:00.968,12.87281,12.87472,0.00,0.00
2017.08.17 14:11:01.273,12.87292,12.87472,0.00,0.00
2017.08.17 14:11:01.582,12.87291,12.87522,0.00,0.00
2017.08.17 14:11:02.065,12.87302,12.87522,0.00,0.00
2017.08.17 14:11:02.116,12.87308,12.87562,0.00,0.00
2017.08.17 14:11:02.166,12.87308,12.87531,0.00,0.00
2017.08.17 14:11:02.268,12.87308,12.87562,0.00,0.00
2017.08.17 14:11:02.369,12.87309,12.87572,0.00,0.00
2017.08.17 14:11:02.533,12.87308,12.87562,0.00,0.00
2017.08.17 14:11:02.946,12.87308,12.87572,0.00,0.00
2017.08.17 14:11:02.997,12.87311,12.87572,0.00,0.00
2017.08.17 14:11:03.331,12.87311,12.87562,0.00,0.00
2017.08.17 14:11:03.569,12.87311,12.87572,0.00,0.00
2017.08.17 14:11:03.670,12.87318,12.87572,0.00,0.00
2017.08.17 14:11:03.865,12.87311,12.87572,0.00,0.00
2017.08.17 14:11:03.966,12.87319,12.87522,0.00,0.00
2017.08.17 14:11:04.067,12.87308,12.87522,0.00,0.00
2017.08.17 14:11:04.187,12.87308,12.87552,0.00,0.00
2017.08.17 14:11:04.238,12.87308,12.87572,0.00,0.00
2017.08.17 14:11:04.567,12.87319,12.87572,0.00,0.00
2017.08.17 14:11:04.870,12.87311,12.87562,0.00,0.00
2017.08.17 14:11:04.940,12.87319,12.87572,0.00,0.00
2017.08.17 14:11:04.991,12.87319,12.87521,0.00,0.00
2017.08.17 14:11:05.042,12.87311,12.87521,0.00,0.00
2017.08.17 14:11:05.403,12.87311,12.87471,0.00,0.00
2017.08.17 14:11:05.554,12.87219,12.87471,0.00,0.00
2017.08.17 14:11:05.656,12.87228,12.87471,0.00,0.00
2017.08.17 14:11:05.965,12.87248,12.87471,0.00,0.00
2017.08.17 14:11:06.066,12.87211,12.87471,0.00,0.00
2017.08.17 14:11:06.407,12.87228,12.87471,0.00,0.00
2017.08.17 14:11:06.559,12.87211,12.87462,0.00,0.00
2017.08.17 14:11:06.753,12.87211,12.87459,0.00,0.00
2017.08.17 14:11:07.399,12.87211,12.87458,0.00,0.00
2017.08.17 14:11:07.796,12.87282,12.87459,0.00,0.00
2017.08.17 14:11:07.846,12.87301,12.87522,0.00,0.00
2017.08.17 14:11:07.897,12.87282,12.87459,0.00,0.00
2017.08.17 14:11:08.449,12.87282,12.87458,0.00,0.00
2017.08.17 14:11:08.732,12.87248,12.87459,0.00,0.00
2017.08.17 14:11:08.833,12.87218,12.87459,0.00,0.00
2017.08.17 14:11:09.122,12.87211,12.87458,0.00,0.00
2017.08.17 14:11:09.654,12.87229,12.87459,0.00,0.00
2017.08.17 14:11:10.019,12.87198,12.87471,0.00,0.00
2017.08.17 14:11:10.069,12.87228,12.87459,0.00,0.00
2017.08.17 14:11:10.173,12.87201,12.87459,0.00,0.00
2017.08.17 14:11:10.274,12.87238,12.87459,0.00,0.00
2017.08.17 14:11:10.475,12.87202,12.87458,0.00,0.00
2017.08.17 14:11:10.576,12.87202,12.87451,0.00,0.00
2017.08.17 14:11:10.915,12.87211,12.87459,0.00,0.00
2017.08.17 14:11:11.485,12.87198,12.87409,0.00,0.00
2017.08.17 14:11:11.586,12.87191,12.87409,0.00,0.00
2017.08.17 14:11:11.977,12.87168,12.87359,0.00,0.00
2017.08.17 14:11:12.078,12.87112,12.87358,0.00,0.00
2017.08.17 14:11:12.608,12.87092,12.87258,0.00,0.00
2017.08.17 14:11:12.659,12.87102,12.87272,0.00,0.00
2017.08.17 14:11:12.710,12.87212,12.87331,0.00,0.00
2017.08.17 14:11:12.811,12.87212,12.87358,0.00,0.00
2017.08.17 14:11:13.368,12.87129,12.87358,0.00,0.00
2017.08.17 14:11:13.664,12.87112,12.87358,0.00,0.00
2017.08.17 14:11:13.967,12.87182,12.87361,0.00,0.00
2017.08.17 14:11:14.068,12.87168,12.87359,0.00,0.00
2017.08.17 14:11:14.169,12.87128,12.87359,0.00,0.00
2017.08.17 14:11:14.375,12.87112,12.87359,0.00,0.00
2017.08.17 14:11:14.577,12.87128,12.87358,0.00,0.00
2017.08.17 14:11:14.897,12.87191,12.87359,0.00,0.00
2017.08.17 14:11:14.948,12.87202,12.87372,0.00,0.00
2017.08.17 14:11:14.999,12.87201,12.87441,0.00,0.00
2017.08.17 14:11:15.100,12.87208,12.87459,0.00,0.00
2017.08.17 14:11:15.201,12.87218,12.87459,0.00,0.00
2017.08.17 14:11:15.739,12.87219,12.87459,0.00,0.00
2017.08.17 14:11:16.071,12.87201,12.87459,0.00,0.00
2017.08.17 14:11:16.172,12.87218,12.87459,0.00,0.00
2017.08.17 14:11:16.273,12.87211,12.87458,0.00,0.00
2017.08.17 14:11:16.370,12.87218,12.87458,0.00,0.00
2017.08.17 14:11:16.737,12.87211,12.87459,0.00,0.00
2017.08.17 14:11:17.172,12.87219,12.87459,0.00,0.00
2017.08.17 14:11:17.913,12.87229,12.87459,0.00,0.00
2017.08.17 14:11:18.216,12.87301,12.87502,0.00,0.00
2017.08.17 14:11:18.318,12.87301,12.87559,0.00,0.00
2017.08.17 14:11:18.419,12.87308,12.87559,0.00,0.00
2017.08.17 14:11:18.816,12.87301,12.87552,0.00,0.00
2017.08.17 14:11:18.975,12.87301,12.87559,0.00,0.00
2017.08.17 14:11:19.477,12.87302,12.87558,0.00,0.00
2017.08.17 14:11:19.549,12.87312,12.87558,0.00,0.00
2017.08.17 14:11:20.061,12.87312,12.87559,0.00,0.00
2017.08.17 14:11:20.367,12.87318,12.87559,0.00,0.00
2017.08.17 14:11:20.720,12.87312,12.87559,0.00,0.00
2017.08.17 14:11:20.771,12.87412,12.87558,0.00,0.00
2017.08.17 14:11:20.822,12.87412,12.87581,0.00,0.00
2017.08.17 14:11:20.926,12.87412,12.87658,0.00,0.00
2017.08.17 14:11:21.106,12.87412,12.87642,0.00,0.00
2017.08.17 14:11:21.429,12.87412,12.87658,0.00,0.00
2017.08.17 14:11:21.583,12.87492,12.87658,0.00,0.00
2017.08.17 14:11:21.633,12.87461,12.87682,0.00,0.00
2017.08.17 14:11:21.684,12.87461,12.87659,0.00,0.00
2017.08.17 14:11:21.735,12.87418,12.87659,0.00,0.00
2017.08.17 14:11:21.786,12.87412,12.87659,0.00,0.00
2017.08.17 14:11:21.888,12.87412,12.87642,0.00,0.00
2017.08.17 14:11:22.127,12.87412,12.87659,0.00,0.00
2017.08.17 14:11:23.021,12.87492,12.87708,0.00,0.00
2017.08.17 14:11:23.274,12.87501,12.87742,0.00,0.00
2017.08.17 14:11:23.324,12.87501,12.87662,0.00,0.00
2017.08.17 14:11:23.526,12.87611,12.87872,0.00,0.00
2017.08.17 14:11:23.696,12.87611,12.87858,0.00,0.00
2017.08.17 14:11:24.101,12.87611,12.87852,0.00,0.00
2017.08.17 14:11:24.202,12.87611,12.87859,0.00,0.00
2017.08.17 14:11:24.303,12.87611,12.87872,0.00,0.00
2017.08.17 14:11:24.354,12.87611,12.87858,0.00,0.00
2017.08.17 14:11:24.692,12.87628,12.87859,0.00,0.00
2017.08.17 14:11:24.743,12.87619,12.87858,0.00,0.00
2017.08.17 14:11:24.794,12.87682,12.87858,0.00,0.00
2017.08.17 14:11:24.895,12.87692,12.87881,0.00,0.00
2017.08.17 14:11:24.997,12.87691,12.87909,0.00,0.00
2017.08.17 14:11:25.098,12.87691,12.87902,0.00,0.00
2017.08.17 14:11:25.199,12.87702,12.87931,0.00,0.00
2017.08.17 14:11:25.340,12.87701,12.87959,0.00,0.00
2017.08.17 14:11:25.542,12.87701,12.87952,0.00,0.00
2017.08.17 14:11:25.849,12.87708,12.87959,0.00,0.00
2017.08.17 14:11:26.151,12.87701,12.87956,0.00,0.00
2017.08.17 14:11:26.369,12.87701,12.87959,0.00,0.00
2017.08.17 14:11:26.697,12.87708,12.87959,0.00,0.00
2017.08.17 14:11:26.842,12.87701,12.87959,0.00,0.00
2017.08.17 14:11:27.449,12.87711,12.87946,0.00,0.00
2017.08.17 14:11:27.738,12.87711,12.87958,0.00,0.00
2017.08.17 14:11:27.949,12.87711,12.87946,0.00,0.00
2017.08.17 14:11:28.107,12.87711,12.87959,0.00,0.00
2017.08.17 14:11:28.309,12.87711,12.87957,0.00,0.00
2017.08.17 14:11:28.453,12.87711,12.87959,0.00,0.00
2017.08.17 14:11:28.509,12.87711,12.87956,0.00,0.00
2017.08.17 14:11:28.812,12.87711,12.87937,0.00,0.00
2017.08.17 14:11:29.014,12.87711,12.87942,0.00,0.00
2017.08.17 14:11:29.065,12.87702,12.87942,0.00,0.00
2017.08.17 14:11:29.116,12.87702,12.87922,0.00,0.00
2017.08.17 14:11:29.296,12.87638,12.87922,0.00,0.00
2017.08.17 14:11:29.346,12.87702,12.87912,0.00,0.00
2017.08.17 14:11:29.447,12.87702,12.87921,0.00,0.00
2017.08.17 14:11:29.597,12.87701,12.87959,0.00,0.00
2017.08.17 14:11:29.749,12.87702,12.87931,0.00,0.00
2017.08.17 14:11:30.096,12.87701,12.87922,0.00,0.00
2017.08.17 14:11:30.247,12.87701,12.87931,0.00,0.00
2017.08.17 14:11:30.307,12.87701,12.87959,0.00,0.00
2017.08.17 14:11:30.489,12.87689,12.87949,0.00,0.00
2017.08.17 14:11:30.540,12.87689,12.87909,0.00,0.00
2017.08.17 14:11:30.590,12.87691,12.87922,0.00,0.00
2017.08.17 14:11:30.641,12.87691,12.87909,0.00,0.00
2017.08.17 14:11:30.846,12.87702,12.87952,0.00,0.00
2017.08.17 14:11:30.947,12.87692,12.87952,0.00,0.00
2017.08.17 14:11:30.998,12.87702,12.87952,0.00,0.00
2017.08.17 14:11:31.049,12.87691,12.87959,0.00,0.00
2017.08.17 14:11:31.099,12.87678,12.87909,0.00,0.00
2017.08.17 14:11:31.430,12.87632,12.87859,0.00,0.00
2017.08.17 14:11:31.632,12.87601,12.87859,0.00,0.00
2017.08.17 14:11:31.682,12.87701,12.87859,0.00,0.00
2017.08.17 14:11:31.733,12.87701,12.87882,0.00,0.00
2017.08.17 14:11:31.883,12.87692,12.87882,0.00,0.00
2017.08.17 14:11:31.934,12.87692,12.87908,0.00,0.00
2017.08.17 14:11:32.035,12.87691,12.87901,0.00,0.00
2017.08.17 14:11:32.157,12.87691,12.87909,0.00,0.00
2017.08.17 14:11:32.239,12.87659,12.87909,0.00,0.00
2017.08.17 14:11:32.290,12.87659,12.87859,0.00,0.00
2017.08.17 14:11:32.340,12.87638,12.87859,0.00,0.00
2017.08.17 14:11:32.441,12.87601,12.87859,0.00,0.00
2017.08.17 14:11:32.542,12.87602,12.87842,0.00,0.00
2017.08.17 14:11:32.644,12.87602,12.87851,0.00,0.00
2017.08.17 14:11:32.745,12.87602,12.87858,0.00,0.00
2017.08.17 14:11:32.961,12.87601,12.87832,0.00,0.00
2017.08.17 14:11:33.128,12.87602,12.87858,0.00,0.00
2017.08.17 14:11:33.559,12.87601,12.87831,0.00,0.00
2017.08.17 14:11:33.688,12.87549,12.87808,0.00,0.00
2017.08.17 14:11:33.739,12.87538,12.87822,0.00,0.00
2017.08.17 14:11:33.789,12.87538,12.87759,0.00,0.00
2017.08.17 14:11:33.840,12.87502,12.87758,0.00,0.00
2017.08.17 14:11:34.143,12.87509,12.87759,0.00,0.00
2017.08.17 14:11:34.445,12.87502,12.87751,0.00,0.00
2017.08.17 14:11:34.748,12.87491,12.87672,0.00,0.00
2017.08.17 14:11:34.896,12.87469,12.87658,0.00,0.00
2017.08.17 14:11:35.047,12.87461,12.87659,0.00,0.00
2017.08.17 14:11:35.148,12.87492,12.87692,0.00,0.00
2017.08.17 14:11:35.249,12.87491,12.87709,0.00,0.00
2017.08.17 14:11:35.460,12.87501,12.87752,0.00,0.00
2017.08.17 14:11:35.561,12.87501,12.87759,0.00,0.00
2017.08.17 14:11:35.786,12.87508,12.87759,0.00,0.00
2017.08.17 14:11:36.089,12.87431,12.87659,0.00,0.00
2017.08.17 14:11:36.139,12.87421,12.87659,0.00,0.00
2017.08.17 14:11:36.366,12.87461,12.87659,0.00,0.00
2017.08.17 14:11:36.665,12.87439,12.87659,0.00,0.00
2017.08.17 14:11:36.766,12.87421,12.87659,0.00,0.00
2017.08.17 14:11:36.856,12.87461,12.87659,0.00,0.00
2017.08.17 14:11:37.127,12.87428,12.87658,0.00,0.00
2017.08.17 14:11:37.177,12.87439,12.87658,0.00,0.00
2017.08.17 14:11:37.228,12.87422,12.87658,0.00,0.00
2017.08.17 14:11:37.887,12.87421,12.87659,0.00,0.00
2017.08.17 14:11:38.008,12.87429,12.87658,0.00,0.00
2017.08.17 14:11:38.160,12.87502,12.87758,0.00,0.00
2017.08.17 14:11:38.546,12.87509,12.87759,0.00,0.00
2017.08.17 14:11:38.863,12.87492,12.87708,0.00,0.00
2017.08.17 14:11:39.088,12.87501,12.87759,0.00,0.00
2017.08.17 14:11:39.869,12.87528,12.87759,0.00,0.00
2017.08.17 14:11:39.920,12.87528,12.87781,0.00,0.00
2017.08.17 14:11:39.971,12.87602,12.87802,0.00,0.00
2017.08.17 14:11:40.072,12.87602,12.87858,0.00,0.00
2017.08.17 14:11:40.368,12.87609,12.87859,0.00,0.00
2017.08.17 14:11:40.674,12.87701,12.87921,0.00,0.00
2017.08.17 14:11:40.776,12.87701,12.87959,0.00,0.00
2017.08.17 14:11:41.070,12.87708,12.87958,0.00,0.00
2017.08.17 14:11:41.741,12.87701,12.87959,0.00,0.00
2017.08.17 14:11:42.058,12.87702,12.87872,0.00,0.00
2017.08.17 14:11:42.109,12.87679,12.87872,0.00,0.00
2017.08.17 14:11:42.210,12.87681,12.87859,0.00,0.00
2017.08.17 14:11:42.384,12.87662,12.87858,0.00,0.00
2017.08.17 14:11:42.801,12.87602,12.87858,0.00,0.00
2017.08.17 14:11:42.902,12.87691,12.87871,0.00,0.00
2017.08.17 14:11:42.953,12.87692,12.87908,0.00,0.00
2017.08.17 14:11:43.054,12.87691,12.87859,0.00,0.00
2017.08.17 14:11:43.260,12.87681,12.87859,0.00,0.00
2017.08.17 14:11:43.613,12.87628,12.87892,0.00,0.00
2017.08.17 14:11:43.664,12.87691,12.87891,0.00,0.00
2017.08.17 14:11:43.765,12.87691,12.87909,0.00,0.00
2017.08.17 14:11:43.816,12.87658,12.87859,0.00,0.00
2017.08.17 14:11:43.867,12.87648,12.87859,0.00,0.00
2017.08.17 14:11:43.968,12.87602,12.87859,0.00,0.00
2017.08.17 14:11:44.157,12.87618,12.87858,0.00,0.00
2017.08.17 14:11:44.477,12.87692,12.87882,0.00,0.00
2017.08.17 14:11:44.578,12.87691,12.87909,0.00,0.00
2017.08.17 14:11:44.795,12.87681,12.87909,0.00,0.00
2017.08.17 14:11:44.846,12.87682,12.87912,0.00,0.00
2017.08.17 14:11:44.896,12.87701,12.87912,0.00,0.00
2017.08.17 14:11:44.947,12.87701,12.87959,0.00,0.00
2017.08.17 14:11:45.282,12.87701,12.87952,0.00,0.00
2017.08.17 14:11:45.383,12.87702,12.87958,0.00,0.00
2017.08.17 14:11:45.685,12.87701,12.87941,0.00,0.00
2017.08.17 14:11:45.848,12.87701,12.87952,0.00,0.00
2017.08.17 14:11:46.067,12.87702,12.87931,0.00,0.00
2017.08.17 14:11:46.422,12.87632,12.87841,0.00,0.00
2017.08.17 14:11:46.472,12.87632,12.87851,0.00,0.00
2017.08.17 14:11:46.573,12.87682,12.87882,0.00,0.00
2017.08.17 14:11:46.675,12.87681,12.87909,0.00,0.00
2017.08.17 14:11:47.138,12.87681,12.87859,0.00,0.00
2017.08.17 14:11:47.358,12.87609,12.87858,0.00,0.00
2017.08.17 14:11:47.459,12.87602,12.87858,0.00,0.00
2017.08.17 14:11:47.862,12.87609,12.87859,0.00,0.00
2017.08.17 14:11:47.963,12.87601,12.87859,0.00,0.00
2017.08.17 14:11:48.064,12.87602,12.87852,0.00,0.00
2017.08.17 14:11:48.115,12.87592,12.87852,0.00,0.00
2017.08.17 14:11:48.166,12.87591,12.87842,0.00,0.00
2017.08.17 14:11:48.493,12.87549,12.87759,0.00,0.00
2017.08.17 14:11:48.696,12.87601,12.87821,0.00,0.00
2017.08.17 14:11:48.797,12.87609,12.87859,0.00,0.00
2017.08.17 14:11:49.008,12.87702,12.87858,0.00,0.00
2017.08.17 14:11:49.060,12.87678,12.87891,0.00,0.00
2017.08.17 14:11:49.110,12.87702,12.87911,0.00,0.00
2017.08.17 14:11:49.287,12.87709,12.87958,0.00,0.00
2017.08.17 14:11:49.489,12.87718,12.87958,0.00,0.00
2017.08.17 14:11:49.742,12.87701,12.87959,0.00,0.00
2017.08.17 14:11:49.792,12.87701,12.87931,0.00,0.00
2017.08.17 14:11:49.843,12.87678,12.87909,0.00,0.00
2017.08.17 14:11:49.894,12.87679,12.87859,0.00,0.00
2017.08.17 14:11:50.048,12.87701,12.87891,0.00,0.00
2017.08.17 14:11:50.100,12.87702,12.87902,0.00,0.00
2017.08.17 14:11:50.203,12.87701,12.87959,0.00,0.00
2017.08.17 14:11:50.304,12.87708,12.87959,0.00,0.00
2017.08.17 14:11:50.607,12.87778,12.87959,0.00,0.00
2017.08.17 14:11:50.658,12.87781,12.87972,0.00,0.00
2017.08.17 14:11:50.825,12.87801,12.87991,0.00,0.00
2017.08.17 14:11:50.876,12.87802,12.88022,0.00,0.00
2017.08.17 14:11:50.927,12.87801,12.88059,0.00,0.00
2017.08.17 14:11:50.978,12.87809,12.88059,0.00,0.00
2017.08.17 14:11:51.280,12.87729,12.87958,0.00,0.00
2017.08.17 14:11:51.593,12.87778,12.88009,0.00,0.00
2017.08.17 14:11:51.643,12.87782,12.87958,0.00,0.00
2017.08.17 14:11:51.745,12.87791,12.88002,0.00,0.00
2017.08.17 14:11:51.795,12.87801,12.88001,0.00,0.00
2017.08.17 14:11:51.897,12.87802,12.88058,0.00,0.00
2017.08.17 14:11:52.048,12.87802,12.88021,0.00,0.00
2017.08.17 14:11:52.357,12.87762,12.87958,0.00,0.00
2017.08.17 14:11:52.559,12.87802,12.88002,0.00,0.00
2017.08.17 14:11:52.660,12.87801,12.88032,0.00,0.00
2017.08.17 14:11:52.761,12.87791,12.88059,0.00,0.00
2017.08.17 14:11:52.811,12.87778,12.88009,0.00,0.00
2017.08.17 14:11:53.063,12.87701,12.87959,0.00,0.00
2017.08.17 14:11:53.324,12.87701,12.87941,0.00,0.00
2017.08.17 14:11:53.475,12.87701,12.87951,0.00,0.00
2017.08.17 14:11:53.577,12.87701,12.87959,0.00,0.00
2017.08.17 14:11:53.627,12.87792,12.87981,0.00,0.00
2017.08.17 14:11:53.779,12.87761,12.87959,0.00,0.00
2017.08.17 14:11:53.928,12.87802,12.88031,0.00,0.00
2017.08.17 14:11:53.978,12.87801,12.88001,0.00,0.00
2017.08.17 14:11:54.080,12.87781,12.88009,0.00,0.00
2017.08.17 14:11:54.131,12.87779,12.88022,0.00,0.00
2017.08.17 14:11:54.182,12.87791,12.88022,0.00,0.00
2017.08.17 14:11:54.232,12.87781,12.88022,0.00,0.00
2017.08.17 14:11:54.283,12.87761,12.87959,0.00,0.00
2017.08.17 14:11:54.334,12.87791,12.88021,0.00,0.00
2017.08.17 14:11:54.385,12.87791,12.87959,0.00,0.00
2017.08.17 14:11:54.435,12.87802,12.87972,0.00,0.00
2017.08.17 14:11:54.486,12.87791,12.87972,0.00,0.00
2017.08.17 14:11:54.537,12.87738,12.87958,0.00,0.00
2017.08.17 14:11:54.689,12.87791,12.88059,0.00,0.00
2017.08.17 14:11:54.740,12.87801,12.88059,0.00,0.00
2017.08.17 14:11:55.117,12.87809,12.88058,0.00,0.00
2017.08.17 14:11:55.319,12.87802,12.88052,0.00,0.00
2017.08.17 14:11:55.513,12.87802,12.88031,0.00,0.00
2017.08.17 14:11:55.615,12.87802,12.88058,0.00,0.00
2017.08.17 14:11:55.917,12.87819,12.88059,0.00,0.00
2017.08.17 14:11:56.220,12.87781,12.88009,0.00,0.00
2017.08.17 14:11:56.493,12.87802,12.88058,0.00,0.00
2017.08.17 14:11:56.594,12.87801,12.88032,0.00,0.00
2017.08.17 14:11:56.697,12.87802,12.88058,0.00,0.00
2017.08.17 14:11:56.949,12.87791,12.87972,0.00,0.00
2017.08.17 14:11:56.999,12.87738,12.87959,0.00,0.00
2017.08.17 14:11:57.101,12.87702,12.87958,0.00,0.00
2017.08.17 14:11:57.202,12.87709,12.87958,0.00,0.00
2017.08.17 14:11:57.605,12.87701,12.87959,0.00,0.00
2017.08.17 14:11:57.706,12.87701,12.87872,0.00,0.00
2017.08.17 14:11:57.857,12.87701,12.87942,0.00,0.00
2017.08.17 14:11:57.908,12.87702,12.87958,0.00,0.00
2017.08.17 14:11:58.066,12.87718,12.87958,0.00,0.00
2017.08.17 14:11:58.218,12.87701,12.87959,0.00,0.00
2017.08.17 14:11:58.319,12.87718,12.87959,0.00,0.00
2017.08.17 14:11:58.588,12.87702,12.87958,0.00,0.00
2017.08.17 14:11:58.689,12.87702,12.87942,0.00,0.00
2017.08.17 14:11:59.038,12.87718,12.87959,0.00,0.00
2017.08.17 14:11:59.189,12.87728,12.87958,0.00,0.00
2017.08.17 14:11:59.492,12.87708,12.87958,0.00,0.00
2017.08.17 14:11:59.593,12.87738,12.87959,0.00,0.00
2017.08.17 14:11:59.694,12.87701,12.87959,0.00,0.00
2017.08.17 14:12:00.360,12.87698,12.87972,0.00,0.00
2017.08.17 14:12:00.411,12.87688,12.87972,0.00,0.00
2017.08.17 14:12:00.493,12.87719,12.87972,0.00,0.00
2017.08.17 14:12:00.594,12.87701,12.87959,0.00,0.00
2017.08.17 14:12:00.795,12.87719,12.87959,0.00,0.00
2017.08.17 14:12:00.896,12.87702,12.87958,0.00,0.00
2017.08.17 14:12:00.997,12.87728,12.87959,0.00,0.00
2017.08.17 14:12:01.199,12.87702,12.87958,0.00,0.00
2017.08.17 14:12:01.401,12.87701,12.87951,0.00,0.00
2017.08.17 14:12:01.746,12.87702,12.87942,0.00,0.00
2017.08.17 14:12:01.899,12.87702,12.87958,0.00,0.00
2017.08.17 14:12:02.110,12.87691,12.87859,0.00,0.00
2017.08.17 14:12:02.160,12.87702,12.87872,0.00,0.00
2017.08.17 14:12:02.262,12.87701,12.87922,0.00,0.00
2017.08.17 14:12:02.390,12.87691,12.87922,0.00,0.00
2017.08.17 14:12:02.448,12.87701,12.87959,0.00,0.00
2017.08.17 14:12:02.504,12.87702,12.87941,0.00,0.00
2017.08.17 14:12:02.605,12.87708,12.87958,0.00,0.00
2017.08.17 14:12:02.802,12.87701,12.87959,0.00,0.00
2017.08.17 14:12:02.903,12.87718,12.87958,0.00,0.00
2017.08.17 14:12:03.141,12.87701,12.87959,0.00,0.00
2017.08.17 14:12:03.242,12.87718,12.87958,0.00,0.00
2017.08.17 14:12:03.397,12.87718,12.87971,0.00,0.00
2017.08.17 14:12:03.448,12.87702,12.87951,0.00,0.00
2017.08.17 14:12:03.618,12.87701,12.87971,0.00,0.00
2017.08.17 14:12:03.806,12.87702,12.87952,0.00,0.00
2017.08.17 14:12:04.008,12.87701,12.87971,0.00,0.00
2017.08.17 14:12:04.109,12.87708,12.87971,0.00,0.00
2017.08.17 14:12:04.430,12.87719,12.87971,0.00,0.00
2017.08.17 14:12:04.508,12.87702,12.87971,0.00,0.00
2017.08.17 14:12:04.717,12.87729,12.87971,0.00,0.00
2017.08.17 14:12:05.352,12.87688,12.87909,0.00,0.00
2017.08.17 14:12:05.558,12.87628,12.87871,0.00,0.00
2017.08.17 14:12:05.608,12.87681,12.87909,0.00,0.00
2017.08.17 14:12:05.860,12.87728,12.87972,0.00,0.00
2017.08.17 14:12:05.911,12.87719,12.87972,0.00,0.00
2017.08.17 14:12:06.275,12.87762,12.87972,0.00,0.00
2017.08.17 14:12:06.377,12.87801,12.88022,0.00,0.00
2017.08.17 14:12:06.428,12.87791,12.88009,0.00,0.00
2017.08.17 14:12:06.730,12.87801,12.88059,0.00,0.00
2017.08.17 14:12:06.781,12.87792,12.88008,0.00,0.00
2017.08.17 14:12:06.926,12.87802,12.88022,0.00,0.00
2017.08.17 14:12:06.977,12.87802,12.88041,0.00,0.00
2017.08.17 14:12:07.028,12.87789,12.88009,0.00,0.00
2017.08.17 14:12:07.196,12.87708,12.87959,0.00,0.00
2017.08.17 14:12:07.626,12.87701,12.87959,0.00,0.00
2017.08.17 14:12:07.727,12.87728,12.87959,0.00,0.00
2017.08.17 14:12:07.929,12.87701,12.87959,0.00,0.00
2017.08.17 14:12:08.528,12.87702,12.87958,0.00,0.00
2017.08.17 14:12:08.737,12.87728,12.87959,0.00,0.00
2017.08.17 14:12:09.050,12.87601,12.87871,0.00,0.00
2017.08.17 14:12:09.454,12.87602,12.87852,0.00,0.00
2017.08.17 14:12:09.745,12.87601,12.87872,0.00,0.00
2017.08.17 14:12:09.849,12.87601,12.87832,0.00,0.00
2017.08.17 14:12:10.151,12.87602,12.87871,0.00,0.00
2017.08.17 14:12:10.202,12.87591,12.87809,0.00,0.00
2017.08.17 14:12:10.253,12.87602,12.87821,0.00,0.00
2017.08.17 14:12:10.354,12.87591,12.87809,0.00,0.00
2017.08.17 14:12:10.664,12.87508,12.87758,0.00,0.00
2017.08.17 14:12:10.765,12.87519,12.87758,0.00,0.00
2017.08.17 14:12:10.866,12.87502,12.87758,0.00,0.00
2017.08.17 14:12:10.967,12.87538,12.87758,0.00,0.00
2017.08.17 14:12:11.169,12.87518,12.87758,0.00,0.00
2017.08.17 14:12:11.270,12.87502,12.87758,0.00,0.00
2017.08.17 14:12:11.929,12.87501,12.87759,0.00,0.00
2017.08.17 14:12:12.777,12.87508,12.87758,0.00,0.00
2017.08.17 14:12:12.900,12.87502,12.87758,0.00,0.00
2017.08.17 14:12:13.051,12.87509,12.87759,0.00,0.00
2017.08.17 14:12:13.485,12.87502,12.87758,0.00,0.00
2017.08.17 14:12:13.539,12.87502,12.87751,0.00,0.00
2017.08.17 14:12:13.765,12.87501,12.87759,0.00,0.00
2017.08.17 14:12:14.308,12.87502,12.87742,0.00,0.00
2017.08.17 14:12:14.646,12.87509,12.87759,0.00,0.00
2017.08.17 14:12:14.747,12.87501,12.87759,0.00,0.00
2017.08.17 14:12:14.843,12.87501,12.87751,0.00,0.00
2017.08.17 14:12:14.943,12.87501,12.87759,0.00,0.00
2017.08.17 14:12:15.577,12.87502,12.87751,0.00,0.00
2017.08.17 14:12:15.979,12.87519,12.87759,0.00,0.00
2017.08.17 14:12:16.255,12.87509,12.87759,0.00,0.00
2017.08.17 14:12:16.306,12.87601,12.87791,0.00,0.00
2017.08.17 14:12:16.356,12.87602,12.87858,0.00,0.00
2017.08.17 14:12:16.767,12.87601,12.87852,0.00,0.00
2017.08.17 14:12:17.080,12.87508,12.87758,0.00,0.00
2017.08.17 14:12:17.282,12.87601,12.87859,0.00,0.00
2017.08.17 14:12:17.768,12.87609,12.87859,0.00,0.00
2017.08.17 14:12:17.970,12.87601,12.87852,0.00,0.00
2017.08.17 14:12:18.071,12.87601,12.87859,0.00,0.00
2017.08.17 14:12:18.172,12.87591,12.87852,0.00,0.00
2017.08.17 14:12:18.273,12.87592,12.87832,0.00,0.00
2017.08.17 14:12:18.474,12.87602,12.87858,0.00,0.00
2017.08.17 14:12:18.575,12.87701,12.87891,0.00,0.00
2017.08.17 14:12:18.717,12.87701,12.87909,0.00,0.00
2017.08.17 14:12:18.768,12.87701,12.87959,0.00,0.00
2017.08.17 14:12:18.869,12.87708,12.87958,0.00,0.00
2017.08.17 14:12:19.075,12.87701,12.87959,0.00,0.00
2017.08.17 14:12:19.126,12.87702,12.87908,0.00,0.00
2017.08.17 14:12:19.176,12.87701,12.87911,0.00,0.00
2017.08.17 14:12:19.277,12.87701,12.87931,0.00,0.00
2017.08.17 14:12:19.378,12.87701,12.87959,0.00,0.00
2017.08.17 14:12:19.657,12.87702,12.87952,0.00,0.00
2017.08.17 14:12:20.075,12.87702,12.87958,0.00,0.00
2017.08.17 14:12:20.899,12.87701,12.87959,0.00,0.00
2017.08.17 14:12:21.158,12.87708,12.87958,0.00,0.00
2017.08.17 14:12:21.360,12.87701,12.87959,0.00,0.00
2017.08.17 14:12:21.562,12.87708,12.87959,0.00,0.00
2017.08.17 14:12:22.046,12.87729,12.87959,0.00,0.00
2017.08.17 14:12:22.247,12.87802,12.88042,0.00,0.00
2017.08.17 14:12:22.298,12.87802,12.88031,0.00,0.00
2017.08.17 14:12:22.399,12.87792,12.88041,0.00,0.00
2017.08.17 14:12:22.450,12.87801,12.88041,0.00,0.00
2017.08.17 14:12:22.752,12.87802,12.87992,0.00,0.00
2017.08.17 14:12:22.803,12.87801,12.88059,0.00,0.00
2017.08.17 14:12:23.346,12.87802,12.88058,0.00,0.00
2017.08.17 14:12:23.497,12.87801,12.88042,0.00,0.00
2017.08.17 14:12:23.598,12.87801,12.88059,0.00,0.00
2017.08.17 14:12:24.109,12.87801,12.88032,0.00,0.00
2017.08.17 14:12:24.307,12.87802,12.88058,0.00,0.00
2017.08.17 14:12:24.411,12.87901,12.88059,0.00,0.00
2017.08.17 14:12:24.464,12.87922,12.88081,0.00,0.00
2017.08.17 14:12:24.515,12.87922,12.88112,0.00,0.00
2017.08.17 14:12:24.566,12.87881,12.88109,0.00,0.00
2017.08.17 14:12:24.667,12.87879,12.88059,0.00,0.00
2017.08.17 14:12:24.717,12.87818,12.88058,0.00,0.00
2017.08.17 14:12:24.819,12.87802,12.88008,0.00,0.00
2017.08.17 14:12:24.870,12.87802,12.88042,0.00,0.00
2017.08.17 14:12:24.920,12.87801,12.88011,0.00,0.00
2017.08.17 14:12:25.127,12.87802,12.88051,0.00,0.00
2017.08.17 14:12:25.178,12.87802,12.88032,0.00,0.00
2017.08.17 14:12:25.380,12.87801,12.88042,0.00,0.00
2017.08.17 14:12:25.481,12.87801,12.88051,0.00,0.00
2017.08.17 14:12:25.532,12.87769,12.87959,0.00,0.00
2017.08.17 14:12:25.684,12.87791,12.88002,0.00,0.00
2017.08.17 14:12:26.018,12.87791,12.88009,0.00,0.00
2017.08.17 14:12:26.251,12.87748,12.87959,0.00,0.00
2017.08.17 14:12:26.302,12.87701,12.87959,0.00,0.00
2017.08.17 14:12:26.683,12.87708,12.87958,0.00,0.00
2017.08.17 14:12:27.033,12.87802,12.88058,0.00,0.00
2017.08.17 14:12:27.536,12.87801,12.88059,0.00,0.00
2017.08.17 14:12:27.587,12.87802,12.88031,0.00,0.00
2017.08.17 14:12:27.963,12.87802,12.88022,0.00,0.00
2017.08.17 14:12:28.014,12.87801,12.88041,0.00,0.00
2017.08.17 14:12:28.115,12.87801,12.88021,0.00,0.00
2017.08.17 14:12:28.288,12.87802,12.88052,0.00,0.00
2017.08.17 14:12:28.390,12.87802,12.88032,0.00,0.00
2017.08.17 14:12:28.706,12.87801,12.88022,0.00,0.00
2017.08.17 14:12:29.016,12.87791,12.87959,0.00,0.00
2017.08.17 14:12:29.195,12.87729,12.87959,0.00,0.00
2017.08.17 14:12:29.296,12.87702,12.87958,0.00,0.00
2017.08.17 14:12:29.670,12.87802,12.87962,0.00,0.00
2017.08.17 14:12:29.720,12.87802,12.87992,0.00,0.00
2017.08.17 14:12:29.822,12.87801,12.88051,0.00,0.00
2017.08.17 14:12:30.008,12.87808,12.88059,0.00,0.00
2017.08.17 14:12:30.222,12.87802,12.88058,0.00,0.00
2017.08.17 14:12:30.819,12.87801,12.88042,0.00,0.00
2017.08.17 14:12:31.244,12.87801,12.88032,0.00,0.00
2017.08.17 14:12:31.401,12.87802,12.88058,0.00,0.00
2017.08.17 14:12:31.603,12.87788,12.88009,0.00,0.00
2017.08.17 14:12:31.853,12.87809,12.88058,0.00,0.00
2017.08.17 14:12:31.939,12.87861,12.88059,0.00,0.00
2017.08.17 14:12:32.147,12.87819,12.88059,0.00,0.00
2017.08.17 14:12:32.299,12.87861,12.88059,0.00,0.00
2017.08.17 14:12:32.553,12.87901,12.88159,0.00,0.00
2017.08.17 14:12:32.654,12.87902,12.88142,0.00,0.00
2017.08.17 14:12:32.827,12.87902,12.88158,0.00,0.00
2017.08.17 14:12:32.928,12.87922,12.88158,0.00,0.00
2017.08.17 14:12:33.231,12.87921,12.88151,0.00,0.00
2017.08.17 14:12:33.449,12.87922,12.88158,0.00,0.00
2017.08.17 14:12:33.601,12.88001,12.88159,0.00,0.00
2017.08.17 14:12:33.652,12.87991,12.88181,0.00,0.00
2017.08.17 14:12:33.702,12.87991,12.88159,0.00,0.00
2017.08.17 14:12:33.753,12.87938,12.88172,0.00,0.00
2017.08.17 14:12:33.854,12.87921,12.88172,0.00,0.00
2017.08.17 14:12:33.956,12.87922,12.88141,0.00,0.00
2017.08.17 14:12:34.325,12.87921,12.88172,0.00,0.00
2017.08.17 14:12:34.427,12.87921,12.88142,0.00,0.00
2017.08.17 14:12:34.730,12.87922,12.88172,0.00,0.00
2017.08.17 14:12:34.946,12.87921,12.88141,0.00,0.00
2017.08.17 14:12:35.159,12.87921,12.88172,0.00,0.00
2017.08.17 14:12:35.284,12.87921,12.88131,0.00,0.00
2017.08.17 14:12:35.436,12.87808,12.88072,0.00,0.00
2017.08.17 14:12:35.637,12.87808,12.88062,0.00,0.00
2017.08.17 14:12:35.920,12.87808,12.88071,0.00,0.00
2017.08.17 14:12:36.021,12.87819,12.88072,0.00,0.00
2017.08.17 14:12:36.176,12.87808,12.88062,0.00,0.00
2017.08.17 14:12:36.328,12.87808,12.88072,0.00,0.00
2017.08.17 14:12:36.438,12.87908,12.88092,0.00,0.00
2017.08.17 14:12:36.539,12.87858,12.88072,0.00,0.00
2017.08.17 14:12:36.641,12.87808,12.88042,0.00,0.00
2017.08.17 14:12:36.822,12.87808,12.88071,0.00,0.00
2017.08.17 14:12:37.127,12.87808,12.88051,0.00,0.00
2017.08.17 14:12:37.322,12.87808,12.88071,0.00,0.00
2017.08.17 14:12:37.765,12.87808,12.88052,0.00,0.00
2017.08.17 14:12:38.134,12.87808,12.88072,0.00,0.00
2017.08.17 14:12:38.235,12.87808,12.88041,0.00,0.00
2017.08.17 14:12:38.726,12.87808,12.88051,0.00,0.00
2017.08.17 14:12:38.927,12.87808,12.88071,0.00,0.00
2017.08.17 14:12:39.127,12.87808,12.88042,0.00,0.00
2017.08.17 14:12:39.439,12.87708,12.87972,0.00,0.00
2017.08.17 14:12:39.766,12.87729,12.87972,0.00,0.00
2017.08.17 14:12:39.830,12.87708,12.87961,0.00,0.00
2017.08.17 14:12:40.146,12.87708,12.87972,0.00,0.00
2017.08.17 14:12:40.247,12.87718,12.87972,0.00,0.00
2017.08.17 14:12:40.564,12.87708,12.87961,0.00,0.00
2017.08.17 14:12:40.784,12.87708,12.87972,0.00,0.00
2017.08.17 14:12:41.037,12.87719,12.87972,0.00,0.00
2017.08.17 14:12:41.380,12.87738,12.87972,0.00,0.00
2017.08.17 14:12:41.647,12.87708,12.87962,0.00,0.00
2017.08.17 14:12:41.959,12.87708,12.87972,0.00,0.00
2017.08.17 14:12:42.038,12.87719,12.87972,0.00,0.00
2017.08.17 14:12:42.359,12.87738,12.87972,0.00,0.00
2017.08.17 14:12:42.460,12.87708,12.87972,0.00,0.00
2017.08.17 14:12:42.561,12.87708,12.87962,0.00,0.00
2017.08.17 14:12:42.912,12.87708,12.87952,0.00,0.00
2017.08.17 14:12:43.243,12.87708,12.87972,0.00,0.00
2017.08.17 14:12:43.569,12.87708,12.87962,0.00,0.00
2017.08.17 14:12:43.771,12.87709,12.87972,0.00,0.00
2017.08.17 14:12:44.179,12.87708,12.87962,0.00,0.00
2017.08.17 14:12:44.469,12.87708,12.87972,0.00,0.00
2017.08.17 14:12:44.880,12.87718,12.87921,0.00,0.00
2017.08.17 14:12:44.981,12.87702,12.87922,0.00,0.00
2017.08.17 14:12:45.032,12.87681,12.87922,0.00,0.00
2017.08.17 14:12:45.237,12.87609,12.87871,0.00,0.00
2017.08.17 14:12:45.491,12.87638,12.87871,0.00,0.00
2017.08.17 14:12:45.547,12.87609,12.87861,0.00,0.00
2017.08.17 14:12:45.649,12.87609,12.87871,0.00,0.00
2017.08.17 14:12:45.750,12.87628,12.87871,0.00,0.00
2017.08.17 14:12:46.196,12.87638,12.87871,0.00,0.00
2017.08.17 14:12:46.297,12.87618,12.87871,0.00,0.00
2017.08.17 14:12:46.349,12.87609,12.87871,0.00,0.00
2017.08.17 14:12:46.850,12.87609,12.87862,0.00,0.00
2017.08.17 14:12:47.196,12.87618,12.87871,0.00,0.00
2017.08.17 14:12:47.250,12.87609,12.87871,0.00,0.00
2017.08.17 14:12:47.406,12.87708,12.87872,0.00,0.00
2017.08.17 14:12:47.456,12.87708,12.87972,0.00,0.00
2017.08.17 14:12:47.759,12.87708,12.87931,0.00,0.00
2017.08.17 14:12:48.052,12.87708,12.87952,0.00,0.00
2017.08.17 14:12:48.154,12.87708,12.87972,0.00,0.00
2017.08.17 14:12:48.255,12.87708,12.87952,0.00,0.00
2017.08.17 14:12:48.458,12.87809,12.88062,0.00,0.00
2017.08.17 14:12:48.509,12.87901,12.88062,0.00,0.00
2017.08.17 14:12:48.559,12.87881,12.88071,0.00,0.00
2017.08.17 14:12:48.763,12.87809,12.88042,0.00,0.00
2017.08.17 14:12:49.173,12.87809,12.88061,0.00,0.00
2017.08.17 14:12:49.274,12.87809,12.88071,0.00,0.00
2017.08.17 14:12:49.489,12.87908,12.88092,0.00,0.00
2017.08.17 14:12:49.591,12.87908,12.88142,0.00,0.00
2017.08.17 14:12:49.642,12.87921,12.88142,0.00,0.00
2017.08.17 14:12:49.692,12.87908,12.88142,0.00,0.00
2017.08.17 14:12:49.743,12.87922,12.88142,0.00,0.00
2017.08.17 14:12:49.794,12.87922,12.88171,0.00,0.00
2017.08.17 14:12:49.980,12.87922,12.88072,0.00,0.00
2017.08.17 14:12:50.031,12.87889,12.88072,0.00,0.00
2017.08.17 14:12:50.082,12.87882,12.88072,0.00,0.00
2017.08.17 14:12:50.222,12.87882,12.88102,0.00,0.00
2017.08.17 14:12:50.273,12.87922,12.88151,0.00,0.00
2017.08.17 14:12:50.589,12.87921,12.88142,0.00,0.00
2017.08.17 14:12:50.690,12.87921,12.88152,0.00,0.00
2017.08.17 14:12:50.791,12.87922,12.88161,0.00,0.00
2017.08.17 14:12:50.892,12.87892,12.88122,0.00,0.00
2017.08.17 14:12:50.943,12.87868,12.88122,0.00,0.00
2017.08.17 14:12:50.993,12.87882,12.88078,0.00,0.00
2017.08.17 14:12:51.234,12.87858,12.88072,0.00,0.00
2017.08.17 14:12:51.284,12.87921,12.88072,0.00,0.00
2017.08.17 14:12:51.800,12.87922,12.88072,0.00,0.00
2017.08.17 14:12:52.171,12.87921,12.88052,0.00,0.00
2017.08.17 14:12:52.222,12.87921,12.88072,0.00,0.00
2017.08.17 14:12:52.273,12.87921,12.88081,0.00,0.00
2017.08.17 14:12:52.324,12.87921,12.88101,0.00,0.00
2017.08.17 14:12:52.425,12.87921,12.88162,0.00,0.00
2017.08.17 14:12:52.527,12.87922,12.88172,0.00,0.00
2017.08.17 14:12:52.580,12.87848,12.88071,0.00,0.00
2017.08.17 14:12:52.681,12.87809,12.88061,0.00,0.00
2017.08.17 14:12:52.731,12.87921,12.88061,0.00,0.00
2017.08.17 14:12:52.782,12.87921,12.88071,0.00,0.00
2017.08.17 14:12:53.291,12.87922,12.88071,0.00,0.00
2017.08.17 14:12:53.730,12.87908,12.88112,0.00,0.00
2017.08.17 14:12:53.926,12.87908,12.88129,0.00,0.00
2017.08.17 14:12:53.977,12.87921,12.88072,0.00,0.00
2017.08.17 14:12:54.578,12.87921,12.88112,0.00,0.00
2017.08.17 14:12:54.679,12.87909,12.88132,0.00,0.00
2017.08.17 14:12:54.788,12.87921,12.88141,0.00,0.00
2017.08.17 14:12:54.839,12.87922,12.88171,0.00,0.00
2017.08.17 14:12:54.984,12.87961,12.88171,0.00,0.00
2017.08.17 14:12:55.086,12.87949,12.88172,0.00,0.00
2017.08.17 14:12:55.137,12.87922,12.88172,0.00,0.00
2017.08.17 14:12:55.238,12.87922,12.88161,0.00,0.00
2017.08.17 14:12:55.540,12.87922,12.88121,0.00,0.00
2017.08.17 14:12:55.824,12.87921,12.88162,0.00,0.00
2017.08.17 14:12:55.894,12.87921,12.88172,0.00,0.00
2017.08.17 14:12:56.296,12.87921,12.88161,0.00,0.00
2017.08.17 14:12:56.497,12.87922,12.88172,0.00,0.00
2017.08.17 14:12:56.933,12.87982,12.88172,0.00,0.00
2017.08.17 14:12:56.984,12.87919,12.88172,0.00,0.00
2017.08.17 14:12:57.035,12.87929,12.88172,0.00,0.00
2017.08.17 14:12:57.239,12.87921,12.88171,0.00,0.00
2017.08.17 14:12:57.945,12.87921,12.88172,0.00,0.00
2017.08.17 14:12:58.046,12.87961,12.88172,0.00,0.00
2017.08.17 14:12:58.366,12.87991,12.88212,0.00,0.00
2017.08.17 14:12:58.417,12.87991,12.88179,0.00,0.00
2017.08.17 14:12:58.467,12.87991,12.88212,0.00,0.00
2017.08.17 14:12:58.518,12.87992,12.88221,0.00,0.00
2017.08.17 14:12:58.619,12.87949,12.88172,0.00,0.00
2017.08.17 14:12:58.720,12.87921,12.88172,0.00,0.00
2017.08.17 14:12:59.557,12.87922,12.88172,0.00,0.00
2017.08.17 14:12:59.608,12.87919,12.88172,0.00,0.00
2017.08.17 14:12:59.659,12.87921,12.88172,0.00,0.00
2017.08.17 14:12:59.961,12.87922,12.88161,0.00,0.00
2017.08.17 14:13:00.288,12.87922,12.88151,0.00,0.00
2017.08.17 14:13:00.534,12.87922,12.88172,0.00,0.00
2017.08.17 14:13:00.635,12.88108,12.88208,0.00,0.00
2017.08.17 14:13:00.786,12.88208,12.88379,0.00,0.00
2017.08.17 14:13:00.837,12.88208,12.88371,0.00,0.00
2017.08.17 14:13:00.938,12.88182,12.88402,0.00,0.00
2017.08.17 14:13:01.039,12.88138,12.88382,0.00,0.00
2017.08.17 14:13:01.140,12.88138,12.88341,0.00,0.00
2017.08.17 14:13:01.191,12.88059,12.88301,0.00,0.00
2017.08.17 14:13:01.326,12.88061,12.88282,0.00,0.00
2017.08.17 14:13:01.478,12.88039,12.88282,0.00,0.00
2017.08.17 14:13:01.529,12.88039,12.88271,0.00,0.00
2017.08.17 14:13:01.781,12.87968,12.88201,0.00,0.00
2017.08.17 14:13:01.832,12.87939,12.88172,0.00,0.00
2017.08.17 14:13:02.188,12.87921,12.88152,0.00,0.00
2017.08.17 14:13:02.529,12.87921,12.88162,0.00,0.00
2017.08.17 14:13:02.630,12.87921,12.88132,0.00,0.00
2017.08.17 14:13:02.731,12.87922,12.88141,0.00,0.00
2017.08.17 14:13:03.085,12.87901,12.88161,0.00,0.00
2017.08.17 14:13:03.136,12.87901,12.88142,0.00,0.00
2017.08.17 14:13:03.388,12.87888,12.88142,0.00,0.00
2017.08.17 14:13:03.439,12.87848,12.88109,0.00,0.00
2017.08.17 14:13:03.540,12.87891,12.88109,0.00,0.00
2017.08.17 14:13:03.590,12.87902,12.88121,0.00,0.00
2017.08.17 14:13:03.641,12.87901,12.88072,0.00,0.00
2017.08.17 14:13:03.692,12.87881,12.88061,0.00,0.00
2017.08.17 14:13:03.743,12.87928,12.88061,0.00,0.00
2017.08.17 14:13:03.975,12.87801,12.88061,0.00,0.00
2017.08.17 14:13:04.026,12.87862,12.88061,0.00,0.00
2017.08.17 14:13:04.077,12.87789,12.88061,0.00,0.00
2017.08.17 14:13:04.128,12.87891,12.88072,0.00,0.00
2017.08.17 14:13:04.179,12.87891,12.88109,0.00,0.00
2017.08.17 14:13:04.230,12.87891,12.88111,0.00,0.00
2017.08.17 14:13:04.331,12.87891,12.88122,0.00,0.00
2017.08.17 14:13:04.432,12.87902,12.88152,0.00,0.00
2017.08.17 14:13:04.906,12.87902,12.88158,0.00,0.00
2017.08.17 14:13:05.058,12.87908,12.88158,0.00,0.00
2017.08.17 14:13:05.159,12.87902,12.88158,0.00,0.00
2017.08.17 14:13:05.262,12.87881,12.88109,0.00,0.00
2017.08.17 14:13:05.515,12.87801,12.88052,0.00,0.00
2017.08.17 14:13:05.566,12.87902,12.88058,0.00,0.00
2017.08.17 14:13:05.796,12.87901,12.88149,0.00,0.00
2017.08.17 14:13:05.847,12.87902,12.88158,0.00,0.00
2017.08.17 14:13:05.897,12.87901,12.88122,0.00,0.00
2017.08.17 14:13:06.099,12.87801,12.88059,0.00,0.00
2017.08.17 14:13:06.619,12.87802,12.88058,0.00,0.00
2017.08.17 14:13:06.669,12.87801,12.88051,0.00,0.00
2017.08.17 14:13:06.720,12.87788,12.88051,0.00,0.00
2017.08.17 14:13:06.771,12.87808,12.88058,0.00,0.00
2017.08.17 14:13:07.074,12.87792,12.88008,0.00,0.00
2017.08.17 14:13:07.175,12.87791,12.88021,0.00,0.00
2017.08.17 14:13:07.225,12.87791,12.88009,0.00,0.00
2017.08.17 14:13:07.731,12.87792,12.88008,0.00,0.00
2017.08.17 14:13:07.959,12.87761,12.88009,0.00,0.00
2017.08.17 14:13:08.060,12.87762,12.87958,0.00,0.00
2017.08.17 14:13:08.110,12.87761,12.88009,0.00,0.00
2017.08.17 14:13:08.212,12.87801,12.88042,0.00,0.00
2017.08.17 14:13:08.551,12.87818,12.87958,0.00,0.00
2017.08.17 14:13:08.602,12.87769,12.88008,0.00,0.00
2017.08.17 14:13:08.703,12.87761,12.88012,0.00,0.00
2017.08.17 14:13:08.754,12.87802,12.88012,0.00,0.00
2017.08.17 14:13:08.905,12.87808,12.88072,0.00,0.00
2017.08.17 14:13:09.062,12.87802,12.88062,0.00,0.00
2017.08.17 14:13:09.163,12.87808,12.88072,0.00,0.00
2017.08.17 14:13:09.793,12.87802,12.88072,0.00,0.00
2017.08.17 14:13:09.906,12.87809,12.88072,0.00,0.00
2017.08.17 14:13:10.228,12.87801,12.88052,0.00,0.00
2017.08.17 14:13:10.616,12.87791,12.88021,0.00,0.00
2017.08.17 14:13:10.667,12.87782,12.88021,0.00,0.00
2017.08.17 14:13:10.718,12.87782,12.87972,0.00,0.00
2017.08.17 14:13:10.870,12.87788,12.88021,0.00,0.00
2017.08.17 14:13:10.920,12.87788,12.87979,0.00,0.00
2017.08.17 14:13:11.122,12.87799,12.88071,0.00,0.00
2017.08.17 14:13:11.173,12.87802,12.88071,0.00,0.00
2017.08.17 14:13:11.475,12.87788,12.87972,0.00,0.00
2017.08.17 14:13:11.591,12.87761,12.87979,0.00,0.00
2017.08.17 14:13:11.642,12.87781,12.87979,0.00,0.00
2017.08.17 14:13:11.844,12.87761,12.87971,0.00,0.00
2017.08.17 14:13:12.248,12.87758,12.87971,0.00,0.00
2017.08.17 14:13:12.349,12.87718,12.87971,0.00,0.00
2017.08.17 14:13:12.450,12.87701,12.87961,0.00,0.00
2017.08.17 14:13:12.676,12.87708,12.87971,0.00,0.00
2017.08.17 14:13:12.841,12.87761,12.87962,0.00,0.00
2017.08.17 14:13:12.892,12.87719,12.87971,0.00,0.00
2017.08.17 14:13:12.993,12.87709,12.87971,0.00,0.00
2017.08.17 14:13:13.094,12.87702,12.87961,0.00,0.00
2017.08.17 14:13:13.933,12.87701,12.87961,0.00,0.00
2017.08.17 14:13:14.257,12.87709,12.87958,0.00,0.00
2017.08.17 14:13:14.383,12.87702,12.87958,0.00,0.00
2017.08.17 14:13:14.484,12.87709,12.87959,0.00,0.00
2017.08.17 14:13:14.686,12.87701,12.87959,0.00,0.00
2017.08.17 14:13:14.737,12.87678,12.87908,0.00,0.00
2017.08.17 14:13:14.787,12.87628,12.87859,0.00,0.00
2017.08.17 14:13:14.838,12.87692,12.87872,0.00,0.00
2017.08.17 14:13:14.939,12.87691,12.87901,0.00,0.00
2017.08.17 14:13:14.990,12.87679,12.87858,0.00,0.00
2017.08.17 14:13:15.091,12.87648,12.87858,0.00,0.00
2017.08.17 14:13:15.192,12.87608,12.87859,0.00,0.00
2017.08.17 14:13:15.416,12.87601,12.87859,0.00,0.00
2017.08.17 14:13:15.789,12.87608,12.87859,0.00,0.00
2017.08.17 14:13:15.991,12.87591,12.87849,0.00,0.00
2017.08.17 14:13:16.042,12.87591,12.87809,0.00,0.00
2017.08.17 14:13:16.193,12.87581,12.87809,0.00,0.00
2017.08.17 14:13:16.244,12.87548,12.87759,0.00,0.00
2017.08.17 14:13:16.477,12.87581,12.87809,0.00,0.00
2017.08.17 14:13:16.685,12.87589,12.87808,0.00,0.00
2017.08.17 14:13:16.786,12.87582,12.87808,0.00,0.00
2017.08.17 14:13:17.202,12.87591,12.87809,0.00,0.00
2017.08.17 14:13:17.303,12.87519,12.87758,0.00,0.00
2017.08.17 14:13:17.367,12.87582,12.87758,0.00,0.00
2017.08.17 14:13:17.569,12.87591,12.87771,0.00,0.00
2017.08.17 14:13:17.670,12.87591,12.87809,0.00,0.00
2017.08.17 14:13:17.832,12.87601,12.87859,0.00,0.00
2017.08.17 14:13:18.157,12.87628,12.87858,0.00,0.00
2017.08.17 14:13:18.208,12.87618,12.87859,0.00,0.00
2017.08.17 14:13:18.309,12.87601,12.87859,0.00,0.00
2017.08.17 14:13:18.617,12.87609,12.87858,0.00,0.00
2017.08.17 14:13:18.718,12.87601,12.87859,0.00,0.00
2017.08.17 14:13:19.046,12.87619,12.87859,0.00,0.00
2017.08.17 14:13:19.096,12.87609,12.87859,0.00,0.00
2017.08.17 14:13:19.197,12.87629,12.87858,0.00,0.00
2017.08.17 14:13:19.686,12.87609,12.87858,0.00,0.00
2017.08.17 14:13:20.046,12.87701,12.87891,0.00,0.00
2017.08.17 14:13:20.228,12.87702,12.87952,0.00,0.00
2017.08.17 14:13:20.329,12.87701,12.87959,0.00,0.00
2017.08.17 14:13:20.859,12.87702,12.87958,0.00,0.00
2017.08.17 14:13:20.910,12.87702,12.87942,0.00,0.00
2017.08.17 14:13:21.240,12.87702,12.87952,0.00,0.00
2017.08.17 14:13:21.410,12.87678,12.87942,0.00,0.00
2017.08.17 14:13:21.571,12.87792,12.87942,0.00,0.00
2017.08.17 14:13:21.622,12.87791,12.87959,0.00,0.00
2017.08.17 14:13:21.723,12.87738,12.87958,0.00,0.00
2017.08.17 14:13:21.831,12.87702,12.87958,0.00,0.00
2017.08.17 14:13:21.933,12.87702,12.87951,0.00,0.00
2017.08.17 14:13:22.340,12.87702,12.87921,0.00,0.00
2017.08.17 14:13:22.442,12.87702,12.87952,0.00,0.00
2017.08.17 14:13:22.917,12.87702,12.87932,0.00,0.00
2017.08.17 14:13:23.118,12.87702,12.87958,0.00,0.00
2017.08.17 14:13:23.368,12.87689,12.87971,0.00,0.00
2017.08.17 14:13:23.419,12.87701,12.87942,0.00,0.00
2017.08.17 14:13:23.798,12.87702,12.87921,0.00,0.00
2017.08.17 14:13:24.342,12.87708,12.87959,0.00,0.00
2017.08.17 14:13:25.126,12.87701,12.87951,0.00,0.00
2017.08.17 14:13:25.480,12.87709,12.87959,0.00,0.00
2017.08.17 14:13:25.811,12.87702,12.87951,0.00,0.00
2017.08.17 14:13:25.905,12.87702,12.87958,0.00,0.00
2017.08.17 14:13:26.116,12.87681,12.87859,0.00,0.00
2017.08.17 14:13:26.267,12.87692,12.87882,0.00,0.00
2017.08.17 14:13:26.318,12.87691,12.87909,0.00,0.00
2017.08.17 14:13:26.767,12.87691,12.87921,0.00,0.00
2017.08.17 14:13:26.818,12.87701,12.87922,0.00,0.00
2017.08.17 14:13:26.919,12.87702,12.87971,0.00,0.00
2017.08.17 14:13:27.574,12.87708,12.87971,0.00,0.00
2017.08.17 14:13:27.912,12.87702,12.87971,0.00,0.00
2017.08.17 14:13:28.013,12.87701,12.87952,0.00,0.00
2017.08.17 14:13:28.114,12.87702,12.87962,0.00,0.00
2017.08.17 14:13:28.215,12.87702,12.87971,0.00,0.00
2017.08.17 14:13:28.516,12.87701,12.87962,0.00,0.00
2017.08.17 14:13:28.828,12.87661,12.87871,0.00,0.00
2017.08.17 14:13:29.297,12.87682,12.87882,0.00,0.00
2017.08.17 14:13:29.348,12.87628,12.87879,0.00,0.00
2017.08.17 14:13:29.398,12.87661,12.87879,0.00,0.00
2017.08.17 14:13:29.557,12.87661,12.87921,0.00,0.00
2017.08.17 14:13:29.828,12.87681,12.87921,0.00,0.00
2017.08.17 14:13:30.132,12.87662,12.87858,0.00,0.00
2017.08.17 14:13:30.233,12.87628,12.87859,0.00,0.00
2017.08.17 14:13:30.396,12.87602,12.87858,0.00,0.00
2017.08.17 14:13:30.459,12.87701,12.87871,0.00,0.00
2017.08.17 14:13:30.561,12.87701,12.87952,0.00,0.00
2017.08.17 14:13:30.611,12.87691,12.87909,0.00,0.00
2017.08.17 14:13:30.863,12.87691,12.87912,0.00,0.00
2017.08.17 14:13:30.921,12.87691,12.87941,0.00,0.00
2017.08.17 14:13:31.022,12.87691,12.87922,0.00,0.00
2017.08.17 14:13:31.312,12.87701,12.87951,0.00,0.00
2017.08.17 14:13:31.363,12.87701,12.87959,0.00,0.00
2017.08.17 14:13:31.725,12.87688,12.87971,0.00,0.00
2017.08.17 14:13:31.776,12.87762,12.87958,0.00,0.00
2017.08.17 14:13:31.827,12.87801,12.88002,0.00,0.00
2017.08.17 14:13:31.928,12.87801,12.88059,0.00,0.00
2017.08.17 14:13:32.029,12.87801,12.88052,0.00,0.00
2017.08.17 14:13:32.592,12.87802,12.88052,0.00,0.00
2017.08.17 14:13:33.109,12.87801,12.88051,0.00,0.00
2017.08.17 14:13:33.456,12.87802,12.88022,0.00,0.00
2017.08.17 14:13:33.530,12.87802,12.88032,0.00,0.00
2017.08.17 14:13:33.671,12.87802,12.88012,0.00,0.00
2017.08.17 14:13:33.830,12.87801,12.88052,0.00,0.00
2017.08.17 14:13:34.131,12.87801,12.88031,0.00,0.00
2017.08.17 14:13:34.282,12.87802,12.88041,0.00,0.00
2017.08.17 14:13:34.333,12.87801,12.88059,0.00,0.00
2017.08.17 14:13:34.434,12.87802,12.88032,0.00,0.00
2017.08.17 14:13:34.547,12.87801,12.88042,0.00,0.00
2017.08.17 14:13:35.126,12.87802,12.88042,0.00,0.00
2017.08.17 14:13:35.227,12.87901,12.88042,0.00,0.00
2017.08.17 14:13:35.384,12.87901,12.88159,0.00,0.00
2017.08.17 14:13:35.585,12.87902,12.88131,0.00,0.00
2017.08.17 14:13:35.953,12.87901,12.88159,0.00,0.00
2017.08.17 14:13:36.205,12.87898,12.88109,0.00,0.00
2017.08.17 14:13:36.407,12.87791,12.88009,0.00,0.00
2017.08.17 14:13:36.539,12.87731,12.87958,0.00,0.00
2017.08.17 14:13:36.590,12.87801,12.87992,0.00,0.00
2017.08.17 14:13:36.641,12.87802,12.88058,0.00,0.00
2017.08.17 14:13:37.316,12.87801,12.88059,0.00,0.00
2017.08.17 14:13:37.569,12.87802,12.88031,0.00,0.00
2017.08.17 14:13:37.770,12.87801,12.88059,0.00,0.00
2017.08.17 14:13:37.871,12.87808,12.88059,0.00,0.00
2017.08.17 14:13:38.174,12.87801,12.88042,0.00,0.00
2017.08.17 14:13:38.382,12.87801,12.88059,0.00,0.00
2017.08.17 14:13:38.483,12.87809,12.88058,0.00,0.00
2017.08.17 14:13:38.685,12.87802,12.88058,0.00,0.00
2017.08.17 14:13:38.786,12.87808,12.88059,0.00,0.00
2017.08.17 14:13:38.988,12.87801,12.88059,0.00,0.00
2017.08.17 14:13:39.090,12.87892,12.88091,0.00,0.00
2017.08.17 14:13:39.191,12.87902,12.88142,0.00,0.00
2017.08.17 14:13:39.325,12.87901,12.88159,0.00,0.00
2017.08.17 14:13:39.549,12.87901,12.88151,0.00,0.00
2017.08.17 14:13:39.888,12.87961,12.88142,0.00,0.00
2017.08.17 14:13:39.938,12.87901,12.88142,0.00,0.00
2017.08.17 14:13:39.989,12.87918,12.88159,0.00,0.00
2017.08.17 14:13:40.225,12.87901,12.88159,0.00,0.00
2017.08.17 14:13:40.376,12.88001,12.88171,0.00,0.00
2017.08.17 14:13:40.477,12.88001,12.88241,0.00,0.00
2017.08.17 14:13:40.579,12.88008,12.88259,0.00,0.00
2017.08.17 14:13:40.900,12.88001,12.88259,0.00,0.00
2017.08.17 14:13:41.002,12.88001,12.88232,0.00,0.00
2017.08.17 14:13:41.305,12.88008,12.88259,0.00,0.00
2017.08.17 14:13:41.406,12.88019,12.88259,0.00,0.00
2017.08.17 14:13:41.722,12.88039,12.88309,0.00,0.00
2017.08.17 14:13:41.772,12.88101,12.88259,0.00,0.00
2017.08.17 14:13:41.823,12.88122,12.88318,0.00,0.00
2017.08.17 14:13:41.874,12.88122,12.88341,0.00,0.00
2017.08.17 14:13:41.975,12.88122,12.88358,0.00,0.00
2017.08.17 14:13:42.177,12.88088,12.88308,0.00,0.00
2017.08.17 14:13:42.278,12.88028,12.88259,0.00,0.00
2017.08.17 14:13:42.447,12.88022,12.88272,0.00,0.00
2017.08.17 14:13:42.498,12.88029,12.88272,0.00,0.00
2017.08.17 14:13:42.801,12.88121,12.88359,0.00,0.00
2017.08.17 14:13:43.206,12.88101,12.88312,0.00,0.00
2017.08.17 14:13:43.307,12.88121,12.88359,0.00,0.00
2017.08.17 14:13:43.835,12.88122,12.88358,0.00,0.00
2017.08.17 14:13:44.404,12.88122,12.88342,0.00,0.00
2017.08.17 14:13:44.707,12.88192,12.88421,0.00,0.00
2017.08.17 14:13:44.758,12.88139,12.88359,0.00,0.00
2017.08.17 14:13:44.809,12.88129,12.88371,0.00,0.00
2017.08.17 14:13:44.910,12.88121,12.88341,0.00,0.00
2017.08.17 14:13:45.087,12.88121,12.88362,0.00,0.00
2017.08.17 14:13:45.188,12.88121,12.88371,0.00,0.00
2017.08.17 14:13:45.290,12.88122,12.88362,0.00,0.00
2017.08.17 14:13:45.391,12.88122,12.88371,0.00,0.00
2017.08.17 14:13:45.492,12.88122,12.88342,0.00,0.00
2017.08.17 14:13:45.795,12.88109,12.88331,0.00,0.00
2017.08.17 14:13:46.056,12.88122,12.88331,0.00,0.00
2017.08.17 14:13:46.438,12.88181,12.88379,0.00,0.00
2017.08.17 14:13:46.492,12.88122,12.88351,0.00,0.00
2017.08.17 14:13:46.594,12.88121,12.88332,0.00,0.00
2017.08.17 14:13:47.093,12.88201,12.88392,0.00,0.00
2017.08.17 14:13:47.194,12.88208,12.88432,0.00,0.00
2017.08.17 14:13:47.296,12.88208,12.88462,0.00,0.00
2017.08.17 14:13:47.497,12.88208,12.88472,0.00,0.00
2017.08.17 14:13:47.699,12.88208,12.88432,0.00,0.00
2017.08.17 14:13:47.903,12.88208,12.88472,0.00,0.00
2017.08.17 14:13:48.124,12.88208,12.88452,0.00,0.00
2017.08.17 14:13:48.177,12.88208,12.88472,0.00,0.00
2017.08.17 14:13:48.378,12.88208,12.88462,0.00,0.00
2017.08.17 14:13:48.687,12.88302,12.88552,0.00,0.00
2017.08.17 14:13:48.990,12.88278,12.88508,0.00,0.00
2017.08.17 14:13:49.141,12.88202,12.88461,0.00,0.00
2017.08.17 14:13:49.192,12.88202,12.88442,0.00,0.00
2017.08.17 14:13:49.294,12.88208,12.88459,0.00,0.00
2017.08.17 14:13:49.397,12.88201,12.88442,0.00,0.00
2017.08.17 14:13:49.806,12.88201,12.88459,0.00,0.00
2017.08.17 14:13:49.907,12.88201,12.88451,0.00,0.00
2017.08.17 14:13:50.217,12.88202,12.88421,0.00,0.00
2017.08.17 14:13:50.318,12.88202,12.88431,0.00,0.00
2017.08.17 14:13:50.419,12.88202,12.88452,0.00,0.00
2017.08.17 14:13:50.596,12.88201,12.88422,0.00,0.00
2017.08.17 14:13:50.697,12.88138,12.88409,0.00,0.00
2017.08.17 14:13:50.747,12.88138,12.88359,0.00,0.00
2017.08.17 14:13:50.798,12.88101,12.88351,0.00,0.00
2017.08.17 14:13:50.899,12.88121,12.88359,0.00,0.00
2017.08.17 14:13:51.217,12.88121,12.88341,0.00,0.00
2017.08.17 14:13:51.418,12.88202,12.88458,0.00,0.00
2017.08.17 14:13:51.520,12.88189,12.88409,0.00,0.00
2017.08.17 14:13:51.621,12.88128,12.88359,0.00,0.00
2017.08.17 14:13:51.722,12.88122,12.88358,0.00,0.00
2017.08.17 14:13:51.772,12.88201,12.88362,0.00,0.00
2017.08.17 14:13:51.824,12.88201,12.88381,0.00,0.00
2017.08.17 14:13:52.030,12.88202,12.88458,0.00,0.00
2017.08.17 14:13:52.131,12.88222,12.88432,0.00,0.00
2017.08.17 14:13:52.233,12.88202,12.88458,0.00,0.00
2017.08.17 14:13:52.287,12.88291,12.88459,0.00,0.00
2017.08.17 14:13:52.338,12.88291,12.88471,0.00,0.00
2017.08.17 14:13:52.389,12.88292,12.88458,0.00,0.00
2017.08.17 14:13:52.440,12.88228,12.88458,0.00,0.00
2017.08.17 14:13:52.540,12.88208,12.88459,0.00,0.00
2017.08.17 14:13:52.593,12.88201,12.88459,0.00,0.00
2017.08.17 14:13:52.694,12.88201,12.88442,0.00,0.00
2017.08.17 14:13:53.012,12.88201,12.88459,0.00,0.00
2017.08.17 14:13:53.320,12.88201,12.88452,0.00,0.00
2017.08.17 14:13:53.624,12.88202,12.88432,0.00,0.00
2017.08.17 14:13:53.725,12.88222,12.88458,0.00,0.00
2017.08.17 14:13:53.776,12.88281,12.88459,0.00,0.00
2017.08.17 14:13:54.053,12.88302,12.88532,0.00,0.00
2017.08.17 14:13:54.103,12.88292,12.88508,0.00,0.00
2017.08.17 14:13:54.406,12.88301,12.88551,0.00,0.00
2017.08.17 14:13:54.456,12.88292,12.88472,0.00,0.00
2017.08.17 14:13:54.582,12.88221,12.88459,0.00,0.00
2017.08.17 14:13:54.683,12.88198,12.88472,0.00,0.00
2017.08.17 14:13:54.733,12.88301,12.88462,0.00,0.00
2017.08.17 14:13:54.887,12.88291,12.88462,0.00,0.00
2017.08.17 14:13:54.938,12.88301,12.88541,0.00,0.00
2017.08.17 14:13:54.989,12.88302,12.88508,0.00,0.00
2017.08.17 14:13:55.040,12.88301,12.88512,0.00,0.00
2017.08.17 14:13:55.141,12.88302,12.88558,0.00,0.00
2017.08.17 14:13:55.242,12.88301,12.88532,0.00,0.00
2017.08.17 14:13:55.342,12.88301,12.88559,0.00,0.00
2017.08.17 14:13:55.443,12.88302,12.88552,0.00,0.00
2017.08.17 14:13:55.646,12.88302,12.88558,0.00,0.00
2017.08.17 14:13:55.848,12.88301,12.88542,0.00,0.00
2017.08.17 14:13:56.182,12.88301,12.88509,0.00,0.00
2017.08.17 14:13:56.501,12.88392,12.88558,0.00,0.00
2017.08.17 14:13:56.887,12.88381,12.88559,0.00,0.00
2017.08.17 14:13:56.988,12.88301,12.88559,0.00,0.00
2017.08.17 14:13:57.534,12.88361,12.88559,0.00,0.00
2017.08.17 14:13:58.161,12.88301,12.88559,0.00,0.00
2017.08.17 14:13:58.326,12.88301,12.88552,0.00,0.00
2017.08.17 14:13:58.512,12.88301,12.88559,0.00,0.00
2017.08.17 14:13:58.612,12.88301,12.88552,0.00,0.00
2017.08.17 14:13:58.951,12.88202,12.88422,0.00,0.00
2017.08.17 14:13:59.105,12.88181,12.88409,0.00,0.00
2017.08.17 14:13:59.158,12.88138,12.88358,0.00,0.00
2017.08.17 14:13:59.262,12.88122,12.88358,0.00,0.00
2017.08.17 14:13:59.364,12.88122,12.88352,0.00,0.00
2017.08.17 14:13:59.666,12.88122,12.88342,0.00,0.00
2017.08.17 14:13:59.864,12.88121,12.88359,0.00,0.00
2017.08.17 14:13:59.964,12.88121,12.88341,0.00,0.00
2017.08.17 14:14:00.166,12.88121,12.88359,0.00,0.00
2017.08.17 14:14:00.267,12.88122,12.88351,0.00,0.00
2017.08.17 14:14:00.419,12.88122,12.88358,0.00,0.00
2017.08.17 14:14:00.469,12.88162,12.88358,0.00,0.00
2017.08.17 14:14:01.071,12.88122,12.88358,0.00,0.00
2017.08.17 14:14:01.451,12.88122,12.88351,0.00,0.00
2017.08.17 14:14:01.552,12.88122,12.88358,0.00,0.00
2017.08.17 14:14:01.767,12.88148,12.88408,0.00,0.00
2017.08.17 14:14:01.868,12.88248,12.88402,0.00,0.00
2017.08.17 14:14:01.969,12.88248,12.88462,0.00,0.00
2017.08.17 14:14:02.269,12.88248,12.88482,0.00,0.00
2017.08.17 14:14:02.439,12.88248,12.88451,0.00,0.00
2017.08.17 14:14:02.552,12.88248,12.88492,0.00,0.00
2017.08.17 14:14:02.754,12.88248,12.88462,0.00,0.00
2017.08.17 14:14:02.855,12.88248,12.88492,0.00,0.00
2017.08.17 14:14:03.546,12.88248,12.88471,0.00,0.00
2017.08.17 14:14:03.904,12.88248,12.88462,0.00,0.00
2017.08.17 14:14:03.955,12.88248,12.88492,0.00,0.00
2017.08.17 14:14:04.056,12.88248,12.88482,0.00,0.00
2017.08.17 14:14:04.359,12.88202,12.88402,0.00,0.00
2017.08.17 14:14:04.459,12.88248,12.88482,0.00,0.00
2017.08.17 14:14:04.560,12.88248,12.88491,0.00,0.00
2017.08.17 14:14:04.812,12.88299,12.88491,0.00,0.00
2017.08.17 14:14:04.863,12.88348,12.88571,0.00,0.00
2017.08.17 14:14:04.964,12.88348,12.88582,0.00,0.00
2017.08.17 14:14:05.065,12.88348,12.88592,0.00,0.00
2017.08.17 14:14:05.277,12.88348,12.88562,0.00,0.00
2017.08.17 14:14:05.479,12.88348,12.88592,0.00,0.00
2017.08.17 14:14:05.691,12.88348,12.88581,0.00,0.00
2017.08.17 14:14:05.995,12.88348,12.88542,0.00,0.00
2017.08.17 14:14:06.046,12.88348,12.88572,0.00,0.00
2017.08.17 14:14:06.146,12.88348,12.88531,0.00,0.00
2017.08.17 14:14:06.348,12.88348,12.88542,0.00,0.00
2017.08.17 14:14:06.550,12.88348,12.88571,0.00,0.00
2017.08.17 14:14:06.677,12.88348,12.88542,0.00,0.00
2017.08.17 14:14:06.987,12.88348,12.88531,0.00,0.00
2017.08.17 14:14:07.160,12.88348,12.88562,0.00,0.00
2017.08.17 14:14:07.339,12.88348,12.88551,0.00,0.00
2017.08.17 14:14:07.456,12.88348,12.88571,0.00,0.00
2017.08.17 14:14:07.557,12.88348,12.88552,0.00,0.00
2017.08.17 14:14:07.778,12.88348,12.88591,0.00,0.00
2017.08.17 14:14:07.905,12.88348,12.88572,0.00,0.00
2017.08.17 14:14:08.158,12.88448,12.88682,0.00,0.00
2017.08.17 14:14:08.561,12.88448,12.88702,0.00,0.00
2017.08.17 14:14:08.772,12.88448,12.88641,0.00,0.00
2017.08.17 14:14:08.873,12.88448,12.88662,0.00,0.00
2017.08.17 14:14:08.974,12.88448,12.88701,0.00,0.00
2017.08.17 14:14:09.270,12.88498,12.88709,0.00,0.00
2017.08.17 14:14:09.422,12.88438,12.88659,0.00,0.00
2017.08.17 14:14:09.473,12.88431,12.88658,0.00,0.00
2017.08.17 14:14:09.662,12.88482,12.88658,0.00,0.00
2017.08.17 14:14:09.864,12.88381,12.88609,0.00,0.00
2017.08.17 14:14:09.916,12.88382,12.88558,0.00,0.00
2017.08.17 14:14:09.967,12.88401,12.88602,0.00,0.00
2017.08.17 14:14:10.068,12.88401,12.88609,0.00,0.00
2017.08.17 14:14:10.119,12.88401,12.88659,0.00,0.00
2017.08.17 14:14:10.169,12.88408,12.88658,0.00,0.00
2017.08.17 14:14:10.335,12.88402,12.88658,0.00,0.00
2017.08.17 14:14:10.386,12.88401,12.88641,0.00,0.00
2017.08.17 14:14:10.588,12.88401,12.88659,0.00,0.00
2017.08.17 14:14:10.690,12.88401,12.88652,0.00,0.00
2017.08.17 14:14:10.993,12.88461,12.88659,0.00,0.00
2017.08.17 14:14:11.514,12.88409,12.88609,0.00,0.00
2017.08.17 14:14:11.564,12.88462,12.88621,0.00,0.00
2017.08.17 14:14:11.665,12.88481,12.88659,0.00,0.00
2017.08.17 14:14:11.716,12.88408,12.88658,0.00,0.00
2017.08.17 14:14:11.766,12.88439,12.88658,0.00,0.00
2017.08.17 14:14:11.868,12.88422,12.88658,0.00,0.00
2017.08.17 14:14:12.035,12.88421,12.88652,0.00,0.00
2017.08.17 14:14:12.337,12.88421,12.88621,0.00,0.00
2017.08.17 14:14:12.388,12.88422,12.88658,0.00,0.00
2017.08.17 14:14:12.645,12.88398,12.88659,0.00,0.00
2017.08.17 14:14:12.696,12.88391,12.88609,0.00,0.00
2017.08.17 14:14:12.848,12.88402,12.88622,0.00,0.00
2017.08.17 14:14:12.899,12.88391,12.88609,0.00,0.00
2017.08.17 14:14:13.206,12.88382,12.88558,0.00,0.00
2017.08.17 14:14:13.467,12.88328,12.88559,0.00,0.00
2017.08.17 14:14:13.568,12.88321,12.88559,0.00,0.00
2017.08.17 14:14:13.719,12.88362,12.88558,0.00,0.00
2017.08.17 14:14:14.160,12.88382,12.88558,0.00,0.00
2017.08.17 14:14:14.211,12.88359,12.88559,0.00,0.00
2017.08.17 14:14:14.312,12.88321,12.88559,0.00,0.00
2017.08.17 14:14:14.463,12.88339,12.88559,0.00,0.00
2017.08.17 14:14:14.802,12.88391,12.88609,0.00,0.00
2017.08.17 14:14:15.008,12.88401,12.88652,0.00,0.00
2017.08.17 14:14:15.186,12.88401,12.88659,0.00,0.00
2017.08.17 14:14:15.357,12.88399,12.88609,0.00,0.00
2017.08.17 14:14:15.558,12.88401,12.88612,0.00,0.00
2017.08.17 14:14:15.609,12.88401,12.88659,0.00,0.00
2017.08.17 14:14:15.811,12.88402,12.88622,0.00,0.00
2017.08.17 14:14:15.912,12.88401,12.88659,0.00,0.00
2017.08.17 14:14:15.962,12.88421,12.88659,0.00,0.00
2017.08.17 14:14:16.548,12.88422,12.88658,0.00,0.00
2017.08.17 14:14:16.857,12.88491,12.88672,0.00,0.00
2017.08.17 14:14:16.959,12.88461,12.88659,0.00,0.00
2017.08.17 14:14:17.010,12.88439,12.88658,0.00,0.00
2017.08.17 14:14:17.154,12.88421,12.88659,0.00,0.00
2017.08.17 14:14:17.256,12.88492,12.88682,0.00,0.00
2017.08.17 14:14:17.306,12.88512,12.88712,0.00,0.00
2017.08.17 14:14:17.408,12.88519,12.88759,0.00,0.00
2017.08.17 14:14:17.509,12.88512,12.88758,0.00,0.00
2017.08.17 14:14:17.560,12.88522,12.88758,0.00,0.00
2017.08.17 14:14:17.661,12.88478,12.88742,0.00,0.00
2017.08.17 14:14:17.711,12.88511,12.88709,0.00,0.00
2017.08.17 14:14:17.762,12.88521,12.88721,0.00,0.00
2017.08.17 14:14:17.863,12.88511,12.88752,0.00,0.00
2017.08.17 14:14:17.964,12.88511,12.88759,0.00,0.00
2017.08.17 14:14:18.206,12.88521,12.88752,0.00,0.00
2017.08.17 14:14:18.509,12.88561,12.88759,0.00,0.00
2017.08.17 14:14:19.015,12.88612,12.88782,0.00,0.00
2017.08.17 14:14:19.116,12.88611,12.88841,0.00,0.00
2017.08.17 14:14:19.321,12.88611,12.88859,0.00,0.00
2017.08.17 14:14:19.373,12.88691,12.88859,0.00,0.00
2017.08.17 14:14:19.525,12.88628,12.88808,0.00,0.00
2017.08.17 14:14:19.576,12.88628,12.88858,0.00,0.00
2017.08.17 14:14:19.626,12.88591,12.88759,0.00,0.00
2017.08.17 14:14:19.678,12.88592,12.88802,0.00,0.00
2017.08.17 14:14:19.729,12.88611,12.88802,0.00,0.00
2017.08.17 14:14:19.779,12.88621,12.88859,0.00,0.00
2017.08.17 14:14:20.227,12.88712,12.88902,0.00,0.00
2017.08.17 14:14:20.328,12.88711,12.88922,0.00,0.00
2017.08.17 14:14:20.379,12.88711,12.88942,0.00,0.00
2017.08.17 14:14:20.430,12.88712,12.88958,0.00,0.00
2017.08.17 14:14:20.480,12.88711,12.88932,0.00,0.00
2017.08.17 14:14:20.582,12.88711,12.88959,0.00,0.00
2017.08.17 14:14:20.816,12.88711,12.88921,0.00,0.00
2017.08.17 14:14:21.118,12.88791,12.89009,0.00,0.00
2017.08.17 14:14:21.219,12.88811,12.88992,0.00,0.00
2017.08.17 14:14:21.321,12.88812,12.89012,0.00,0.00
2017.08.17 14:14:21.416,12.88812,12.88972,0.00,0.00
2017.08.17 14:14:21.467,12.88761,12.88959,0.00,0.00
2017.08.17 14:14:21.518,12.88721,12.88959,0.00,0.00
2017.08.17 14:14:21.618,12.88689,12.88971,0.00,0.00
2017.08.17 14:14:21.669,12.88721,12.88959,0.00,0.00
2017.08.17 14:14:21.971,12.88739,12.88959,0.00,0.00
2017.08.17 14:14:22.022,12.88729,12.88958,0.00,0.00
2017.08.17 14:14:22.132,12.88739,12.88958,0.00,0.00
2017.08.17 14:14:22.435,12.88782,12.88958,0.00,0.00
2017.08.17 14:14:22.486,12.88762,12.88958,0.00,0.00
2017.08.17 14:14:22.586,12.88811,12.89009,0.00,0.00
2017.08.17 14:14:22.637,12.88812,12.89012,0.00,0.00
2017.08.17 14:14:22.688,12.88792,12.89008,0.00,0.00
2017.08.17 14:14:22.738,12.88791,12.88959,0.00,0.00
2017.08.17 14:14:22.840,12.88791,12.88972,0.00,0.00
2017.08.17 14:14:22.983,12.88791,12.88981,0.00,0.00
2017.08.17 14:14:23.034,12.88812,12.89041,0.00,0.00
2017.08.17 14:14:23.085,12.88792,12.89008,0.00,0.00
2017.08.17 14:14:23.237,12.88711,12.88959,0.00,0.00
2017.08.17 14:14:23.287,12.88712,12.88952,0.00,0.00
2017.08.17 14:14:23.590,12.88611,12.88859,0.00,0.00
2017.08.17 14:14:23.641,12.88621,12.88859,0.00,0.00
2017.08.17 14:14:23.845,12.88611,12.88859,0.00,0.00
2017.08.17 14:14:23.896,12.88611,12.88851,0.00,0.00
2017.08.17 14:14:24.199,12.88578,12.88749,0.00,0.00
2017.08.17 14:14:24.249,12.88528,12.88758,0.00,0.00
2017.08.17 14:14:24.300,12.88511,12.88759,0.00,0.00
2017.08.17 14:14:24.351,12.88521,12.88759,0.00,0.00
2017.08.17 14:14:24.855,12.88511,12.88759,0.00,0.00
2017.08.17 14:14:25.006,12.88518,12.88759,0.00,0.00
2017.08.17 14:14:25.330,12.88511,12.88709,0.00,0.00
2017.08.17 14:14:25.381,12.88511,12.88759,0.00,0.00
2017.08.17 14:14:25.432,12.88511,12.88709,0.00,0.00
2017.08.17 14:14:25.482,12.88511,12.88722,0.00,0.00
2017.08.17 14:14:25.584,12.88511,12.88732,0.00,0.00
2017.08.17 14:14:25.635,12.88511,12.88759,0.00,0.00
2017.08.17 14:14:25.786,12.88498,12.88749,0.00,0.00
2017.08.17 14:14:25.837,12.88492,12.88708,0.00,0.00
2017.08.17 14:14:25.938,12.88491,12.88722,0.00,0.00
2017.08.17 14:14:25.988,12.88511,12.88722,0.00,0.00
2017.08.17 14:14:26.039,12.88511,12.88731,0.00,0.00
2017.08.17 14:14:26.140,12.88549,12.88791,0.00,0.00
2017.08.17 14:14:26.241,12.88549,12.88802,0.00,0.00
2017.08.17 14:14:26.412,12.88549,12.88741,0.00,0.00
2017.08.17 14:14:26.714,12.88549,12.88731,0.00,0.00
2017.08.17 14:14:26.815,12.88549,12.88781,0.00,0.00
2017.08.17 14:14:26.866,12.88549,12.88779,0.00,0.00
2017.08.17 14:14:26.917,12.88549,12.88781,0.00,0.00
2017.08.17 14:14:27.018,12.88549,12.88742,0.00,0.00
2017.08.17 14:14:27.120,12.88598,12.88831,0.00,0.00
2017.08.17 14:14:27.209,12.88598,12.88822,0.00,0.00
2017.08.17 14:14:27.259,12.88549,12.88808,0.00,0.00
2017.08.17 14:14:27.310,12.88549,12.88772,0.00,0.00
2017.08.17 14:14:27.638,12.88549,12.88762,0.00,0.00
2017.08.17 14:14:27.751,12.88549,12.88792,0.00,0.00
2017.08.17 14:14:27.802,12.88549,12.88752,0.00,0.00
2017.08.17 14:14:27.903,12.88549,12.88781,0.00,0.00
2017.08.17 14:14:28.020,12.88611,12.88811,0.00,0.00
2017.08.17 14:14:28.070,12.88591,12.88809,0.00,0.00
2017.08.17 14:14:28.121,12.88549,12.88801,0.00,0.00
2017.08.17 14:14:28.224,12.88549,12.88751,0.00,0.00
2017.08.17 14:14:28.426,12.88549,12.88762,0.00,0.00
2017.08.17 14:14:28.527,12.88549,12.88772,0.00,0.00
2017.08.17 14:14:28.628,12.88602,12.88801,0.00,0.00
2017.08.17 14:14:28.729,12.88648,12.88852,0.00,0.00
2017.08.17 14:14:28.853,12.88648,12.88861,0.00,0.00
2017.08.17 14:14:29.228,12.88648,12.88881,0.00,0.00
2017.08.17 14:14:29.329,12.88598,12.88819,0.00,0.00
2017.08.17 14:14:29.380,12.88602,12.88842,0.00,0.00
2017.08.17 14:14:29.431,12.88649,12.88811,0.00,0.00
2017.08.17 14:14:29.532,12.88649,12.88822,0.00,0.00
2017.08.17 14:14:29.605,12.88649,12.88861,0.00,0.00
2017.08.17 14:14:29.785,12.88622,12.88861,0.00,0.00
2017.08.17 14:14:29.836,12.88562,12.88742,0.00,0.00
2017.08.17 14:14:29.886,12.88548,12.88742,0.00,0.00
2017.08.17 14:14:29.937,12.88548,12.88732,0.00,0.00
2017.08.17 14:14:30.038,12.88548,12.88752,0.00,0.00
2017.08.17 14:14:30.189,12.88501,12.88749,0.00,0.00
2017.08.17 14:14:30.240,12.88521,12.88722,0.00,0.00
2017.08.17 14:14:30.564,12.88549,12.88771,0.00,0.00
2017.08.17 14:14:30.665,12.88549,12.88782,0.00,0.00
2017.08.17 14:14:30.715,12.88549,12.88771,0.00,0.00
2017.08.17 14:14:31.028,12.88549,12.88732,0.00,0.00
2017.08.17 14:14:31.129,12.88549,12.88782,0.00,0.00
2017.08.17 14:14:31.330,12.88549,12.88791,0.00,0.00
2017.08.17 14:14:31.737,12.88599,12.88761,0.00,0.00
2017.08.17 14:14:31.838,12.88616,12.88842,0.00,0.00
2017.08.17 14:14:31.889,12.88598,12.88842,0.00,0.00
2017.08.17 14:14:31.939,12.88598,12.88832,0.00,0.00
2017.08.17 14:14:32.320,12.88578,12.88742,0.00,0.00
2017.08.17 14:14:32.421,12.88624,12.88802,0.00,0.00
2017.08.17 14:14:32.522,12.88578,12.88791,0.00,0.00
2017.08.17 14:14:32.623,12.88578,12.88809,0.00,0.00
2017.08.17 14:14:32.674,12.88587,12.88808,0.00,0.00
2017.08.17 14:14:33.007,12.88587,12.88781,0.00,0.00
2017.08.17 14:14:33.058,12.88587,12.88802,0.00,0.00
2017.08.17 14:14:33.109,12.88578,12.88802,0.00,0.00
2017.08.17 14:14:33.159,12.88586,12.88802,0.00,0.00
2017.08.17 14:14:33.471,12.88586,12.88772,0.00,0.00
2017.08.17 14:14:33.622,12.88492,12.88682,0.00,0.00
2017.08.17 14:14:33.723,12.88491,12.88709,0.00,0.00
2017.08.17 14:14:33.824,12.88491,12.88682,0.00,0.00
2017.08.17 14:14:34.026,12.88428,12.88649,0.00,0.00
2017.08.17 14:14:34.135,12.88428,12.88571,0.00,0.00
2017.08.17 14:14:34.186,12.88379,12.88549,0.00,0.00
2017.08.17 14:14:34.288,12.88379,12.88552,0.00,0.00
2017.08.17 14:14:34.340,12.88379,12.88591,0.00,0.00
2017.08.17 14:14:34.541,12.88379,12.88549,0.00,0.00
2017.08.17 14:14:34.743,12.88379,12.88562,0.00,0.00
2017.08.17 14:14:34.978,12.88379,12.88592,0.00,0.00
2017.08.17 14:14:35.079,12.88429,12.88592,0.00,0.00
2017.08.17 14:14:35.130,12.88429,12.88609,0.00,0.00
2017.08.17 14:14:35.231,12.88379,12.88601,0.00,0.00
2017.08.17 14:14:35.332,12.88379,12.88561,0.00,0.00
2017.08.17 14:14:35.433,12.88379,12.88582,0.00,0.00
2017.08.17 14:14:35.534,12.88379,12.88551,0.00,0.00
2017.08.17 14:14:35.858,12.88379,12.88542,0.00,0.00
2017.08.17 14:14:35.959,12.88379,12.88572,0.00,0.00
2017.08.17 14:14:36.223,12.88379,12.88551,0.00,0.00
2017.08.17 14:14:36.528,12.88379,12.88531,0.00,0.00
2017.08.17 14:14:36.744,12.88379,12.88571,0.00,0.00
2017.08.17 14:14:36.960,12.88379,12.88541,0.00,0.00
2017.08.17 14:14:37.061,12.88379,12.88582,0.00,0.00
2017.08.17 14:14:37.162,12.88379,12.88572,0.00,0.00
2017.08.17 14:14:37.225,12.88379,12.88591,0.00,0.00
2017.08.17 14:14:37.427,12.88379,12.88551,0.00,0.00
2017.08.17 14:14:37.738,12.88379,12.88572,0.00,0.00
2017.08.17 14:14:38.066,12.88379,12.88582,0.00,0.00
2017.08.17 14:14:38.167,12.88379,12.88592,0.00,0.00
2017.08.17 14:14:38.268,12.88379,12.88602,0.00,0.00
2017.08.17 14:14:38.437,12.88379,12.88562,0.00,0.00
2017.08.17 14:14:38.538,12.88379,12.88582,0.00,0.00
2017.08.17 14:14:38.867,12.88379,12.88561,0.00,0.00
2017.08.17 14:14:39.173,12.88379,12.88542,0.00,0.00
2017.08.17 14:14:39.277,12.88379,12.88572,0.00,0.00
2017.08.17 14:14:39.328,12.88428,12.88572,0.00,0.00
2017.08.17 14:14:39.378,12.88428,12.88591,0.00,0.00
2017.08.17 14:14:39.479,12.88479,12.88602,0.00,0.00
2017.08.17 14:14:39.580,12.88479,12.88649,0.00,0.00
2017.08.17 14:14:39.631,12.88429,12.88652,0.00,0.00
2017.08.17 14:14:39.732,12.88479,12.88662,0.00,0.00
2017.08.17 14:14:39.889,12.88379,12.88609,0.00,0.00
2017.08.17 14:14:39.940,12.88379,12.88561,0.00,0.00
2017.08.17 14:14:40.046,12.88379,12.88572,0.00,0.00
2017.08.17 14:14:40.097,12.88428,12.88572,0.00,0.00
2017.08.17 14:14:40.198,12.88379,12.88572,0.00,0.00
2017.08.17 14:14:40.249,12.88379,12.88609,0.00,0.00
2017.08.17 14:14:40.533,12.88379,12.88581,0.00,0.00
2017.08.17 14:14:40.836,12.88379,12.88561,0.00,0.00
2017.08.17 14:14:41.102,12.88339,12.88561,0.00,0.00
2017.08.17 14:14:41.153,12.88371,12.88601,0.00,0.00
2017.08.17 14:14:41.203,12.88388,12.88601,0.00,0.00
2017.08.17 14:14:41.254,12.88388,12.88632,0.00,0.00
2017.08.17 14:14:41.357,12.88439,12.88641,0.00,0.00
2017.08.17 14:14:41.458,12.88439,12.88662,0.00,0.00
2017.08.17 14:14:41.610,12.88388,12.88628,0.00,0.00
2017.08.17 14:14:41.660,12.88399,12.88629,0.00,0.00
2017.08.17 14:14:41.761,12.88338,12.88592,0.00,0.00
2017.08.17 14:14:41.970,12.88338,12.88602,0.00,0.00
2017.08.17 14:14:42.035,12.88388,12.88622,0.00,0.00
2017.08.17 14:14:42.237,12.88389,12.88651,0.00,0.00
2017.08.17 14:14:42.338,12.88401,12.88651,0.00,0.00
2017.08.17 14:14:42.667,12.88439,12.88672,0.00,0.00
2017.08.17 14:14:42.978,12.88439,12.88662,0.00,0.00
2017.08.17 14:14:43.079,12.88439,12.88682,0.00,0.00
2017.08.17 14:14:43.376,12.88439,12.88652,0.00,0.00
2017.08.17 14:14:43.709,12.88439,12.88632,0.00,0.00
2017.08.17 14:14:43.909,12.88439,12.88681,0.00,0.00
2017.08.17 14:14:44.164,12.88441,12.88681,0.00,0.00
2017.08.17 14:14:44.264,12.88441,12.88691,0.00,0.00
2017.08.17 14:14:44.461,12.88461,12.88691,0.00,0.00
2017.08.17 14:14:44.838,12.88539,12.88742,0.00,0.00
2017.08.17 14:14:45.449,12.88539,12.88711,0.00,0.00
2017.08.17 14:14:45.550,12.88539,12.88761,0.00,0.00
2017.08.17 14:14:45.870,12.88539,12.88752,0.00,0.00
2017.08.17 14:14:46.072,12.88539,12.88761,0.00,0.00
2017.08.17 14:14:46.173,12.88539,12.88742,0.00,0.00
2017.08.17 14:14:46.459,12.88539,12.88772,0.00,0.00
2017.08.17 14:14:46.578,12.88539,12.88702,0.00,0.00
2017.08.17 14:14:46.787,12.88539,12.88761,0.00,0.00
2017.08.17 14:14:46.989,12.88539,12.88701,0.00,0.00
2017.08.17 14:14:47.090,12.88539,12.88712,0.00,0.00
2017.08.17 14:14:47.192,12.88539,12.88741,0.00,0.00
2017.08.17 14:14:47.293,12.88539,12.88711,0.00,0.00
2017.08.17 14:14:47.567,12.88539,12.88731,0.00,0.00
2017.08.17 14:14:47.648,12.88539,12.88741,0.00,0.00
2017.08.17 14:14:47.749,12.88539,12.88752,0.00,0.00
2017.08.17 14:14:48.286,12.88539,12.88761,0.00,0.00
2017.08.17 14:14:48.678,12.88539,12.88742,0.00,0.00
2017.08.17 14:14:49.008,12.88539,12.88711,0.00,0.00
2017.08.17 14:14:49.264,12.88539,12.88742,0.00,0.00
2017.08.17 14:14:49.375,12.88539,12.88711,0.00,0.00
2017.08.17 14:14:49.531,12.88489,12.88701,0.00,0.00
2017.08.17 14:14:49.582,12.88489,12.88622,0.00,0.00
2017.08.17 14:14:49.633,12.88438,12.88622,0.00,0.00
2017.08.17 14:14:49.683,12.88438,12.88611,0.00,0.00
2017.08.17 14:14:49.885,12.88438,12.88671,0.00,0.00
2017.08.17 14:14:50.057,12.88438,12.88622,0.00,0.00
2017.08.17 14:14:50.359,12.88438,12.88652,0.00,0.00
2017.08.17 14:14:50.580,12.88438,12.88662,0.00,0.00
2017.08.17 14:14:50.855,12.88438,12.88651,0.00,0.00
2017.08.17 14:14:51.215,12.88438,12.88622,0.00,0.00
2017.08.17 14:14:51.497,12.88438,12.88672,0.00,0.00
2017.08.17 14:14:51.599,12.88438,12.88652,0.00,0.00
2017.08.17 14:14:51.989,12.88438,12.88631,0.00,0.00
2017.08.17 14:14:52.331,12.88438,12.88622,0.00,0.00
2017.08.17 14:14:52.382,12.88438,12.88641,0.00,0.00
2017.08.17 14:14:52.483,12.88438,12.88602,0.00,0.00
2017.08.17 14:14:52.584,12.88438,12.88611,0.00,0.00
2017.08.17 14:14:52.685,12.88438,12.88652,0.00,0.00
2017.08.17 14:14:52.735,12.88539,12.88652,0.00,0.00
2017.08.17 14:14:52.786,12.88539,12.88708,0.00,0.00
2017.08.17 14:14:52.837,12.88448,12.88701,0.00,0.00
2017.08.17 14:14:52.993,12.88439,12.88651,0.00,0.00
2017.08.17 14:14:53.312,12.88439,12.88642,0.00,0.00
2017.08.17 14:14:53.468,12.88439,12.88662,0.00,0.00
2017.08.17 14:14:53.569,12.88439,12.88631,0.00,0.00
2017.08.17 14:14:53.671,12.88439,12.88672,0.00,0.00
2017.08.17 14:14:53.872,12.88439,12.88642,0.00,0.00
2017.08.17 14:14:53.989,12.88439,12.88662,0.00,0.00
2017.08.17 14:14:54.111,12.88439,12.88672,0.00,0.00
2017.08.17 14:14:54.678,12.88439,12.88632,0.00,0.00
2017.08.17 14:14:54.779,12.88439,12.88652,0.00,0.00
2017.08.17 14:14:55.607,12.88539,12.88772,0.00,0.00
2017.08.17 14:14:55.708,12.88539,12.88711,0.00,0.00
2017.08.17 14:14:55.809,12.88438,12.88702,0.00,0.00
2017.08.17 14:14:55.909,12.88438,12.88652,0.00,0.00
2017.08.17 14:14:56.111,12.88438,12.88662,0.00,0.00
2017.08.17 14:14:56.166,12.88438,12.88681,0.00,0.00
2017.08.17 14:14:56.526,12.88441,12.88681,0.00,0.00
2017.08.17 14:14:56.696,12.88499,12.88742,0.00,0.00
2017.08.17 14:14:56.747,12.88549,12.88709,0.00,0.00
2017.08.17 14:14:56.848,12.88438,12.88651,0.00,0.00
2017.08.17 14:14:56.899,12.88471,12.88651,0.00,0.00
2017.08.17 14:14:57.000,12.88438,12.88662,0.00,0.00
2017.08.17 14:14:57.050,12.88522,12.88662,0.00,0.00
2017.08.17 14:14:57.101,12.88521,12.88711,0.00,0.00
2017.08.17 14:14:57.151,12.88538,12.88711,0.00,0.00
2017.08.17 14:14:57.202,12.88538,12.88742,0.00,0.00
2017.08.17 14:14:57.268,12.88538,12.88721,0.00,0.00
2017.08.17 14:14:57.369,12.88538,12.88751,0.00,0.00
2017.08.17 14:14:57.470,12.88638,12.88841,0.00,0.00
2017.08.17 14:14:57.571,12.88639,12.88851,0.00,0.00
2017.08.17 14:14:57.768,12.88622,12.88851,0.00,0.00
2017.08.17 14:14:57.818,12.88622,12.88842,0.00,0.00
2017.08.17 14:14:57.869,12.88602,12.88842,0.00,0.00
2017.08.17 14:14:57.920,12.88601,12.88802,0.00,0.00
2017.08.17 14:14:57.970,12.88539,12.88742,0.00,0.00
2017.08.17 14:14:58.071,12.88522,12.88742,0.00,0.00
2017.08.17 14:14:58.270,12.88522,12.88758,0.00,0.00
2017.08.17 14:14:58.522,12.88542,12.88758,0.00,0.00
2017.08.17 14:14:58.573,12.88521,12.88759,0.00,0.00
2017.08.17 14:14:59.000,12.88521,12.88702,0.00,0.00
2017.08.17 14:14:59.203,12.88521,12.88721,0.00,0.00
2017.08.17 14:14:59.304,12.88521,12.88759,0.00,0.00
2017.08.17 14:14:59.679,12.88521,12.88752,0.00,0.00
2017.08.17 14:15:00.007,12.88521,12.88721,0.00,0.00
2017.08.17 14:15:00.209,12.88522,12.88752,0.00,0.00
2017.08.17 14:15:00.310,12.88521,12.88722,0.00,0.00
2017.08.17 14:15:00.411,12.88522,12.88732,0.00,0.00
2017.08.17 14:15:00.613,12.88521,12.88722,0.00,0.00
2017.08.17 14:15:00.714,12.88522,12.88741,0.00,0.00
2017.08.17 14:15:00.838,12.88522,12.88758,0.00,0.00
2017.08.17 14:15:00.889,12.88601,12.88732,0.00,0.00
2017.08.17 14:15:00.990,12.88621,12.88772,0.00,0.00
2017.08.17 14:15:01.041,12.88588,12.88772,0.00,0.00
2017.08.17 14:15:01.092,12.88588,12.88759,0.00,0.00
2017.08.17 14:15:01.143,12.88571,12.88799,0.00,0.00
2017.08.17 14:15:01.194,12.88571,12.88792,0.00,0.00
2017.08.17 14:15:01.395,12.88571,12.88799,0.00,0.00
2017.08.17 14:15:01.446,12.88602,12.88798,0.00,0.00
2017.08.17 14:15:01.706,12.88622,12.88842,0.00,0.00
2017.08.17 14:15:01.807,12.88621,12.88852,0.00,0.00
2017.08.17 14:15:02.008,12.88661,12.88852,0.00,0.00
2017.08.17 14:15:02.210,12.88671,12.88872,0.00,0.00
2017.08.17 14:15:02.311,12.88671,12.88881,0.00,0.00
2017.08.17 14:15:02.362,12.88671,12.88859,0.00,0.00
2017.08.17 14:15:02.573,12.88721,12.88932,0.00,0.00
2017.08.17 14:15:02.624,12.88722,12.88942,0.00,0.00
2017.08.17 14:15:02.725,12.88721,12.88931,0.00,0.00
2017.08.17 14:15:03.079,12.88721,12.88941,0.00,0.00
2017.08.17 14:15:03.183,12.88721,12.88931,0.00,0.00
2017.08.17 14:15:03.284,12.88722,12.88942,0.00,0.00
2017.08.17 14:15:03.385,12.88721,12.88902,0.00,0.00
2017.08.17 14:15:03.803,12.88721,12.88941,0.00,0.00
2017.08.17 14:15:03.904,12.88721,12.88912,0.00,0.00
2017.08.17 14:15:03.954,12.88689,12.88912,0.00,0.00
2017.08.17 14:15:04.005,12.88721,12.88941,0.00,0.00
2017.08.17 14:15:04.120,12.88721,12.88952,0.00,0.00
2017.08.17 14:15:04.356,12.88689,12.88952,0.00,0.00
2017.08.17 14:15:04.407,12.88702,12.88872,0.00,0.00
2017.08.17 14:15:04.508,12.88701,12.88922,0.00,0.00
2017.08.17 14:15:04.559,12.88722,12.88922,0.00,0.00
2017.08.17 14:15:04.761,12.88671,12.88909,0.00,0.00
2017.08.17 14:15:04.811,12.88722,12.88922,0.00,0.00
2017.08.17 14:15:04.862,12.88722,12.88951,0.00,0.00
2017.08.17 14:15:04.913,12.88721,12.88892,0.00,0.00
2017.08.17 14:15:05.014,12.88722,12.88901,0.00,0.00
2017.08.17 14:15:05.081,12.88722,12.88942,0.00,0.00
2017.08.17 14:15:05.182,12.88671,12.88859,0.00,0.00
2017.08.17 14:15:05.383,12.88722,12.88942,0.00,0.00
2017.08.17 14:15:05.484,12.88722,12.88952,0.00,0.00
2017.08.17 14:15:05.585,12.88722,12.88958,0.00,0.00
2017.08.17 14:15:05.888,12.88721,12.88942,0.00,0.00
2017.08.17 14:15:05.989,12.88672,12.88922,0.00,0.00
2017.08.17 14:15:06.090,12.88642,12.88858,0.00,0.00
2017.08.17 14:15:06.403,12.88649,12.88872,0.00,0.00
2017.08.17 14:15:06.453,12.88731,12.88872,0.00,0.00
2017.08.17 14:15:06.856,12.88731,12.88931,0.00,0.00
2017.08.17 14:15:07.007,12.88741,12.88949,0.00,0.00
2017.08.17 14:15:07.058,12.88731,12.88948,0.00,0.00
2017.08.17 14:15:07.179,12.88722,12.88948,0.00,0.00
2017.08.17 14:15:07.230,12.88761,12.88949,0.00,0.00
2017.08.17 14:15:07.382,12.88721,12.88949,0.00,0.00
2017.08.17 14:15:07.432,12.88742,12.88948,0.00,0.00
2017.08.17 14:15:07.785,12.88772,12.88982,0.00,0.00
2017.08.17 14:15:07.835,12.88822,12.88951,0.00,0.00
2017.08.17 14:15:07.936,12.88822,12.89042,0.00,0.00
2017.08.17 14:15:08.037,12.88821,12.89049,0.00,0.00
2017.08.17 14:15:08.215,12.88821,12.89011,0.00,0.00
2017.08.17 14:15:08.418,12.88821,12.89041,0.00,0.00
2017.08.17 14:15:08.491,12.88821,12.89049,0.00,0.00
2017.08.17 14:15:09.059,12.88822,12.89048,0.00,0.00
2017.08.17 14:15:09.110,12.88822,12.89031,0.00,0.00
2017.08.17 14:15:09.490,12.88822,12.89011,0.00,0.00
2017.08.17 14:15:09.541,12.88822,12.89032,0.00,0.00
2017.08.17 14:15:09.642,12.88822,12.89021,0.00,0.00
2017.08.17 14:15:09.793,12.88822,12.89041,0.00,0.00
2017.08.17 14:15:10.033,12.88821,12.89049,0.00,0.00
2017.08.17 14:15:10.134,12.88862,12.89048,0.00,0.00
2017.08.17 14:15:10.336,12.88841,12.89049,0.00,0.00
2017.08.17 14:15:10.437,12.88821,12.89041,0.00,0.00
2017.08.17 14:15:11.017,12.88822,12.89022,0.00,0.00
2017.08.17 14:15:11.319,12.88821,12.89049,0.00,0.00
2017.08.17 14:15:11.483,12.88901,12.89071,0.00,0.00
2017.08.17 14:15:11.534,12.88922,12.89101,0.00,0.00
2017.08.17 14:15:11.585,12.88861,12.89101,0.00,0.00
2017.08.17 14:15:11.636,12.88821,12.89021,0.00,0.00
2017.08.17 14:15:11.972,12.88822,12.89048,0.00,0.00
2017.08.17 14:15:12.023,12.88801,12.89002,0.00,0.00
2017.08.17 14:15:12.275,12.88842,12.89048,0.00,0.00
2017.08.17 14:15:12.326,12.88822,12.89048,0.00,0.00
2017.08.17 14:15:12.427,12.88821,12.89032,0.00,0.00
2017.08.17 14:15:12.752,12.88821,12.89021,0.00,0.00
2017.08.17 14:15:12.803,12.88822,12.89048,0.00,0.00
2017.08.17 14:15:13.206,12.88872,12.89048,0.00,0.00
2017.08.17 14:15:13.458,12.88879,12.89081,0.00,0.00
2017.08.17 14:15:13.555,12.88879,12.89101,0.00,0.00
2017.08.17 14:15:13.606,12.88921,12.89101,0.00,0.00
2017.08.17 14:15:13.960,12.88939,12.89101,0.00,0.00
2017.08.17 14:15:14.315,12.88941,12.89101,0.00,0.00
2017.08.17 14:15:14.593,12.88939,12.89101,0.00,0.00
2017.08.17 14:15:14.643,12.89031,12.89101,0.00,0.00
2017.08.17 14:15:14.946,12.89042,12.89101,0.00,0.00
2017.08.17 14:15:15.097,12.89101,12.89262,0.00,0.00
2017.08.17 14:15:15.148,12.89089,12.89101,0.00,0.00
2017.08.17 14:15:15.249,12.89071,12.89101,0.00,0.00
2017.08.17 14:15:15.300,12.89061,12.89281,0.00,0.00
2017.08.17 14:15:15.350,12.89101,12.89291,0.00,0.00
2017.08.17 14:15:15.585,12.89089,12.89309,0.00,0.00
2017.08.17 14:15:15.636,12.89061,12.89222,0.00,0.00
2017.08.17 14:15:15.737,12.89061,12.89242,0.00,0.00
2017.08.17 14:15:15.788,12.89038,12.89242,0.00,0.00
2017.08.17 14:15:15.839,12.89038,12.89272,0.00,0.00
2017.08.17 14:15:15.940,12.89038,12.89211,0.00,0.00
2017.08.17 14:15:15.997,12.89011,12.89211,0.00,0.00
2017.08.17 14:15:16.050,12.88988,12.89199,0.00,0.00
2017.08.17 14:15:16.151,12.88942,12.89162,0.00,0.00
2017.08.17 14:15:16.411,12.88942,12.89152,0.00,0.00
2017.08.17 14:15:16.734,12.88961,12.89162,0.00,0.00
2017.08.17 14:15:16.844,12.88941,12.89162,0.00,0.00
2017.08.17 14:15:16.945,12.88942,12.89132,0.00,0.00
2017.08.17 14:15:17.147,12.88942,12.89162,0.00,0.00
2017.08.17 14:15:17.298,12.88902,12.89162,0.00,0.00
2017.08.17 14:15:17.442,12.88901,12.89142,0.00,0.00
2017.08.17 14:15:17.646,12.88902,12.89148,0.00,0.00
2017.08.17 14:15:17.747,12.88901,12.89132,0.00,0.00
2017.08.17 14:15:17.848,12.88869,12.89132,0.00,0.00
2017.08.17 14:15:17.909,12.88869,12.89142,0.00,0.00
2017.08.17 14:15:18.010,12.88901,12.89149,0.00,0.00
2017.08.17 14:15:18.314,12.88818,12.89032,0.00,0.00
2017.08.17 14:15:18.507,12.88801,12.89032,0.00,0.00
2017.08.17 14:15:18.760,12.88801,12.89049,0.00,0.00
2017.08.17 14:15:19.046,12.88801,12.89042,0.00,0.00
2017.08.17 14:15:19.111,12.88801,12.89049,0.00,0.00
2017.08.17 14:15:19.212,12.88778,12.89061,0.00,0.00
2017.08.17 14:15:19.263,12.88801,12.89049,0.00,0.00
2017.08.17 14:15:19.649,12.88901,12.89149,0.00,0.00
2017.08.17 14:15:20.336,12.88902,12.89148,0.00,0.00
2017.08.17 14:15:20.702,12.88902,12.89091,0.00,0.00
2017.08.17 14:15:20.753,12.88902,12.89148,0.00,0.00
2017.08.17 14:15:21.059,12.88902,12.89122,0.00,0.00
2017.08.17 14:15:21.160,12.88838,12.89099,0.00,0.00
2017.08.17 14:15:21.211,12.88838,12.89048,0.00,0.00
2017.08.17 14:15:21.262,12.88801,12.89032,0.00,0.00
2017.08.17 14:15:21.563,12.88801,12.89021,0.00,0.00
2017.08.17 14:15:21.619,12.88802,12.89031,0.00,0.00
2017.08.17 14:15:21.721,12.88802,12.89011,0.00,0.00
2017.08.17 14:15:21.821,12.88801,12.89049,0.00,0.00
2017.08.17 14:15:22.063,12.88769,12.89052,0.00,0.00
2017.08.17 14:15:22.113,12.88801,12.89049,0.00,0.00
2017.08.17 14:15:22.164,12.88769,12.89052,0.00,0.00
2017.08.17 14:15:22.214,12.88801,12.89049,0.00,0.00
2017.08.17 14:15:22.606,12.88802,12.89022,0.00,0.00
2017.08.17 14:15:22.657,12.88738,12.88999,0.00,0.00
2017.08.17 14:15:22.708,12.88738,12.88948,0.00,0.00
2017.08.17 14:15:22.758,12.88718,12.88949,0.00,0.00
2017.08.17 14:15:22.809,12.88701,12.88949,0.00,0.00
2017.08.17 14:15:22.859,12.88702,12.88922,0.00,0.00
2017.08.17 14:15:22.960,12.88701,12.88941,0.00,0.00
2017.08.17 14:15:23.062,12.88701,12.88949,0.00,0.00
2017.08.17 14:15:23.213,12.88702,12.88862,0.00,0.00
2017.08.17 14:15:23.314,12.88649,12.88848,0.00,0.00
2017.08.17 14:15:23.365,12.88702,12.88871,0.00,0.00
2017.08.17 14:15:23.415,12.88668,12.88871,0.00,0.00
2017.08.17 14:15:23.558,12.88701,12.88949,0.00,0.00
2017.08.17 14:15:23.666,12.88702,12.88931,0.00,0.00
2017.08.17 14:15:23.868,12.88701,12.88949,0.00,0.00
2017.08.17 14:15:24.069,12.88701,12.88922,0.00,0.00
2017.08.17 14:15:24.120,12.88701,12.88932,0.00,0.00
2017.08.17 14:15:24.322,12.88702,12.88948,0.00,0.00
2017.08.17 14:15:24.578,12.88701,12.88922,0.00,0.00
2017.08.17 14:15:24.930,12.88702,12.88902,0.00,0.00
2017.08.17 14:15:25.031,12.88701,12.88949,0.00,0.00
2017.08.17 14:15:25.434,12.88701,12.88931,0.00,0.00
2017.08.17 14:15:25.747,12.88601,12.88842,0.00,0.00
2017.08.17 14:15:25.798,12.88621,12.88842,0.00,0.00
2017.08.17 14:15:25.899,12.88701,12.88932,0.00,0.00
2017.08.17 14:15:25.950,12.88701,12.88941,0.00,0.00
2017.08.17 14:15:26.051,12.88702,12.88948,0.00,0.00
2017.08.17 14:15:26.284,12.88668,12.88952,0.00,0.00
2017.08.17 14:15:26.335,12.88668,12.88922,0.00,0.00
2017.08.17 14:15:26.637,12.88702,12.88921,0.00,0.00
2017.08.17 14:15:26.878,12.88701,12.88949,0.00,0.00
2017.08.17 14:15:26.928,12.88701,12.88921,0.00,0.00
2017.08.17 14:15:27.130,12.88701,12.88949,0.00,0.00
2017.08.17 14:15:27.427,12.88701,12.88942,0.00,0.00
2017.08.17 14:15:27.528,12.88679,12.88961,0.00,0.00
2017.08.17 14:15:27.627,12.88668,12.88932,0.00,0.00
2017.08.17 14:15:27.942,12.88702,12.88948,0.00,0.00
2017.08.17 14:15:28.322,12.88709,12.88949,0.00,0.00
2017.08.17 14:15:28.429,12.88701,12.88949,0.00,0.00
2017.08.17 14:15:28.529,12.88709,12.88949,0.00,0.00
2017.08.17 14:15:28.871,12.88702,12.88948,0.00,0.00
2017.08.17 14:15:28.972,12.88708,12.88948,0.00,0.00
2017.08.17 14:15:29.073,12.88702,12.88948,0.00,0.00
2017.08.17 14:15:29.332,12.88708,12.88948,0.00,0.00
2017.08.17 14:15:29.547,12.88701,12.88949,0.00,0.00
2017.08.17 14:15:29.763,12.88708,12.88949,0.00,0.00
2017.08.17 14:15:29.873,12.88701,12.88949,0.00,0.00
2017.08.17 14:15:30.075,12.88718,12.88949,0.00,0.00
2017.08.17 14:15:30.475,12.88702,12.88948,0.00,0.00
2017.08.17 14:15:30.577,12.88701,12.88941,0.00,0.00
2017.08.17 14:15:30.878,12.88702,12.88948,0.00,0.00
2017.08.17 14:15:31.063,12.88709,12.88949,0.00,0.00
2017.08.17 14:15:31.366,12.88602,12.88848,0.00,0.00
2017.08.17 14:15:31.802,12.88602,12.88842,0.00,0.00
2017.08.17 14:15:31.852,12.88601,12.88849,0.00,0.00
2017.08.17 14:15:31.965,12.88608,12.88849,0.00,0.00
2017.08.17 14:15:32.066,12.88609,12.88862,0.00,0.00
2017.08.17 14:15:32.116,12.88609,12.88848,0.00,0.00
2017.08.17 14:15:32.268,12.88602,12.88848,0.00,0.00
2017.08.17 14:15:32.797,12.88601,12.88849,0.00,0.00
2017.08.17 14:15:33.251,12.88621,12.88849,0.00,0.00
2017.08.17 14:15:33.452,12.88618,12.88848,0.00,0.00
2017.08.17 14:15:33.584,12.88601,12.88849,0.00,0.00
2017.08.17 14:15:34.084,12.88619,12.88848,0.00,0.00
2017.08.17 14:15:34.387,12.88629,12.88848,0.00,0.00
2017.08.17 14:15:34.588,12.88622,12.88848,0.00,0.00
2017.08.17 14:15:34.841,12.88639,12.88849,0.00,0.00
2017.08.17 14:15:35.103,12.88621,12.88849,0.00,0.00
2017.08.17 14:15:35.657,12.88602,12.88848,0.00,0.00
2017.08.17 14:15:35.758,12.88602,12.88842,0.00,0.00
2017.08.17 14:15:35.859,12.88602,12.88848,0.00,0.00
2017.08.17 14:15:36.353,12.88619,12.88849,0.00,0.00
2017.08.17 14:15:36.455,12.88609,12.88849,0.00,0.00
2017.08.17 14:15:36.556,12.88601,12.88849,0.00,0.00
2017.08.17 14:15:36.954,12.88618,12.88848,0.00,0.00
2017.08.17 14:15:37.156,12.88601,12.88849,0.00,0.00
2017.08.17 14:15:37.257,12.88608,12.88848,0.00,0.00
2017.08.17 14:15:37.509,12.88601,12.88849,0.00,0.00
2017.08.17 14:15:38.024,12.88602,12.88848,0.00,0.00
2017.08.17 14:15:38.192,12.88601,12.88821,0.00,0.00
2017.08.17 14:15:38.293,12.88601,12.88832,0.00,0.00
2017.08.17 14:15:38.347,12.88601,12.88849,0.00,0.00
2017.08.17 14:15:38.448,12.88568,12.88799,0.00,0.00
2017.08.17 14:15:38.549,12.88502,12.88748,0.00,0.00
2017.08.17 14:15:38.757,12.88508,12.88748,0.00,0.00
2017.08.17 14:15:38.848,12.88502,12.88748,0.00,0.00
2017.08.17 14:15:39.149,12.88518,12.88749,0.00,0.00
2017.08.17 14:15:39.250,12.88508,12.88749,0.00,0.00
2017.08.17 14:15:39.451,12.88501,12.88741,0.00,0.00
2017.08.17 14:15:39.852,12.88502,12.88748,0.00,0.00
2017.08.17 14:15:40.093,12.88518,12.88748,0.00,0.00
2017.08.17 14:15:40.513,12.88601,12.88802,0.00,0.00
2017.08.17 14:15:40.564,12.88601,12.88842,0.00,0.00
2017.08.17 14:15:40.765,12.88601,12.88849,0.00,0.00
2017.08.17 14:15:40.867,12.88608,12.88848,0.00,0.00
2017.08.17 14:15:41.053,12.88602,12.88848,0.00,0.00
2017.08.17 14:15:41.306,12.88601,12.88832,0.00,0.00
2017.08.17 14:15:41.357,12.88539,12.88798,0.00,0.00
2017.08.17 14:15:41.407,12.88539,12.88749,0.00,0.00
2017.08.17 14:15:41.458,12.88502,12.88748,0.00,0.00
2017.08.17 14:15:41.509,12.88522,12.88748,0.00,0.00
2017.08.17 14:15:41.811,12.88561,12.88782,0.00,0.00
2017.08.17 14:15:41.862,12.88568,12.88798,0.00,0.00
2017.08.17 14:15:41.913,12.88622,12.88811,0.00,0.00
2017.08.17 14:15:42.014,12.88621,12.88849,0.00,0.00
2017.08.17 14:15:42.409,12.88672,12.88848,0.00,0.00
2017.08.17 14:15:42.560,12.88622,12.88848,0.00,0.00
2017.08.17 14:15:42.761,12.88661,12.88849,0.00,0.00
2017.08.17 14:15:42.812,12.88621,12.88849,0.00,0.00
2017.08.17 14:15:43.365,12.88642,12.88848,0.00,0.00
2017.08.17 14:15:43.466,12.88701,12.88912,0.00,0.00
2017.08.17 14:15:43.517,12.88702,12.88948,0.00,0.00
2017.08.17 14:15:43.959,12.88721,12.88949,0.00,0.00
2017.08.17 14:15:44.261,12.88698,12.88961,0.00,0.00
2017.08.17 14:15:44.312,12.88722,12.88948,0.00,0.00
2017.08.17 14:15:44.631,12.88722,12.88942,0.00,0.00
2017.08.17 14:15:44.682,12.88721,12.88949,0.00,0.00
2017.08.17 14:15:44.984,12.88722,12.88942,0.00,0.00
2017.08.17 14:15:45.186,12.88721,12.88949,0.00,0.00
2017.08.17 14:15:45.237,12.88772,12.88948,0.00,0.00
2017.08.17 14:15:45.287,12.88772,12.88992,0.00,0.00
2017.08.17 14:15:45.388,12.88761,12.88949,0.00,0.00
2017.08.17 14:15:45.439,12.88739,12.88948,0.00,0.00
2017.08.17 14:15:45.490,12.88802,12.88961,0.00,0.00
2017.08.17 14:15:45.604,12.88801,12.89049,0.00,0.00
2017.08.17 14:15:46.517,12.88802,12.89048,0.00,0.00
2017.08.17 14:15:46.569,12.88758,12.88999,0.00,0.00
2017.08.17 14:15:46.871,12.88602,12.88848,0.00,0.00
2017.08.17 14:15:46.972,12.88621,12.88849,0.00,0.00
2017.08.17 14:15:47.525,12.88628,12.88848,0.00,0.00
2017.08.17 14:15:47.627,12.88701,12.88949,0.00,0.00
2017.08.17 14:15:47.980,12.88701,12.88931,0.00,0.00
2017.08.17 14:15:48.081,12.88709,12.88949,0.00,0.00
2017.08.17 14:15:48.344,12.88701,12.88922,0.00,0.00
2017.08.17 14:15:48.496,12.88702,12.88932,0.00,0.00
2017.08.17 14:15:48.568,12.88702,12.88948,0.00,0.00
2017.08.17 14:15:49.003,12.88701,12.88941,0.00,0.00
2017.08.17 14:15:49.373,12.88701,12.88831,0.00,0.00
2017.08.17 14:15:49.424,12.88631,12.88831,0.00,0.00
2017.08.17 14:15:49.475,12.88631,12.88841,0.00,0.00
2017.08.17 14:15:49.576,12.88631,12.88848,0.00,0.00
2017.08.17 14:15:49.677,12.88631,12.88841,0.00,0.00
2017.08.17 14:15:50.023,12.88622,12.88841,0.00,0.00
2017.08.17 14:15:50.074,12.88622,12.88848,0.00,0.00
2017.08.17 14:15:50.541,12.88722,12.88881,0.00,0.00
2017.08.17 14:15:50.592,12.88721,12.88922,0.00,0.00
2017.08.17 14:15:50.693,12.88721,12.88949,0.00,0.00
2017.08.17 14:15:51.372,12.88722,12.88948,0.00,0.00
2017.08.17 14:15:51.475,12.88722,12.88922,0.00,0.00
2017.08.17 14:15:51.884,12.88772,12.88942,0.00,0.00
2017.08.17 14:15:51.985,12.88721,12.88939,0.00,0.00
2017.08.17 14:15:52.086,12.88722,12.88931,0.00,0.00
2017.08.17 14:15:52.292,12.88721,12.88939,0.00,0.00
2017.08.17 14:15:52.603,12.88722,12.88912,0.00,0.00
2017.08.17 14:15:52.704,12.88601,12.88839,0.00,0.00
2017.08.17 14:15:52.755,12.88662,12.88861,0.00,0.00
2017.08.17 14:15:52.806,12.88671,12.88889,0.00,0.00
2017.08.17 14:15:52.907,12.88671,12.88901,0.00,0.00
2017.08.17 14:15:53.058,12.88702,12.88902,0.00,0.00
2017.08.17 14:15:53.109,12.88701,12.88939,0.00,0.00
2017.08.17 14:15:53.675,12.88702,12.88938,0.00,0.00
2017.08.17 14:15:53.726,12.88702,12.88922,0.00,0.00
2017.08.17 14:15:53.779,12.88702,12.88932,0.00,0.00
2017.08.17 14:15:53.995,12.88701,12.88939,0.00,0.00
2017.08.17 14:15:54.204,12.88702,12.88932,0.00,0.00
2017.08.17 14:15:54.482,12.88701,12.88939,0.00,0.00
2017.08.17 14:15:54.848,12.88721,12.88939,0.00,0.00
2017.08.17 14:15:55.188,12.88742,12.88938,0.00,0.00
2017.08.17 14:15:55.613,12.88721,12.88939,0.00,0.00
2017.08.17 14:15:55.894,12.88741,12.88939,0.00,0.00
2017.08.17 14:15:56.236,12.88722,12.88938,0.00,0.00
2017.08.17 14:15:56.784,12.88721,12.88939,0.00,0.00
2017.08.17 14:15:57.304,12.88722,12.88938,0.00,0.00
2017.08.17 14:15:57.753,12.88702,12.88972,0.00,0.00
2017.08.17 14:15:57.803,12.88821,12.88941,0.00,0.00
2017.08.17 14:15:57.904,12.88788,12.89042,0.00,0.00
2017.08.17 14:15:57.955,12.88821,12.88989,0.00,0.00
2017.08.17 14:15:58.006,12.88799,12.89041,0.00,0.00
2017.08.17 14:15:58.057,12.88821,12.89039,0.00,0.00
2017.08.17 14:15:58.394,12.88808,12.89041,0.00,0.00
2017.08.17 14:15:58.445,12.88821,12.89039,0.00,0.00
2017.08.17 14:15:58.989,12.88822,12.89038,0.00,0.00
2017.08.17 14:15:59.447,12.88842,12.89038,0.00,0.00
2017.08.17 14:15:59.548,12.88902,12.89102,0.00,0.00
2017.08.17 14:15:59.713,12.88901,12.89139,0.00,0.00
2017.08.17 14:16:00.229,12.88922,12.89138,0.00,0.00
2017.08.17 14:16:00.770,12.88921,12.89139,0.00,0.00
2017.08.17 14:16:01.279,12.89001,12.89152,0.00,0.00
2017.08.17 14:16:01.330,12.88972,12.89138,0.00,0.00
2017.08.17 14:16:01.381,12.88901,12.89139,0.00,0.00
2017.08.17 14:16:01.432,12.88969,12.89139,0.00,0.00
2017.08.17 14:16:01.633,12.88861,12.89039,0.00,0.00
2017.08.17 14:16:01.786,12.88871,12.89081,0.00,0.00
2017.08.17 14:16:01.837,12.88861,12.89071,0.00,0.00
2017.08.17 14:16:02.089,12.88822,12.89038,0.00,0.00
2017.08.17 14:16:02.190,12.88921,12.89042,0.00,0.00
2017.08.17 14:16:02.241,12.88902,12.89052,0.00,0.00
2017.08.17 14:16:02.343,12.88901,12.89139,0.00,0.00
2017.08.17 14:16:02.544,12.88871,12.89089,0.00,0.00
2017.08.17 14:16:02.746,12.88871,12.89092,0.00,0.00
2017.08.17 14:16:02.796,12.88901,12.89092,0.00,0.00
2017.08.17 14:16:02.847,12.88901,12.89132,0.00,0.00
2017.08.17 14:16:02.948,12.88901,12.89139,0.00,0.00
2017.08.17 14:16:03.049,12.88921,12.89139,0.00,0.00
2017.08.17 14:16:03.294,12.88901,12.89139,0.00,0.00
2017.08.17 14:16:03.504,12.88901,12.89131,0.00,0.00
2017.08.17 14:16:03.805,12.88901,12.89122,0.00,0.00
2017.08.17 14:16:04.169,12.88902,12.89138,0.00,0.00
2017.08.17 14:16:04.221,12.88901,12.89121,0.00,0.00
2017.08.17 14:16:04.707,12.88901,12.89139,0.00,0.00
2017.08.17 14:16:04.944,12.88902,12.89112,0.00,0.00
2017.08.17 14:16:05.120,12.88901,12.89121,0.00,0.00
2017.08.17 14:16:05.221,12.88902,12.89138,0.00,0.00
2017.08.17 14:16:05.436,12.88869,12.89151,0.00,0.00
2017.08.17 14:16:05.489,12.88901,12.89139,0.00,0.00
2017.08.17 14:16:05.828,12.88972,12.89182,0.00,0.00
2017.08.17 14:16:05.929,12.88901,12.89139,0.00,0.00
2017.08.17 14:16:06.030,12.88901,12.89121,0.00,0.00
2017.08.17 14:16:06.537,12.88902,12.89138,0.00,0.00
2017.08.17 14:16:06.709,12.88921,12.89139,0.00,0.00
2017.08.17 14:16:07.012,12.88972,12.89171,0.00,0.00
2017.08.17 14:16:07.214,12.89001,12.89239,0.00,0.00
2017.08.17 14:16:07.315,12.88971,12.89206,0.00,0.00
2017.08.17 14:16:07.659,12.89001,12.89146,0.00,0.00
2017.08.17 14:16:07.760,12.89001,12.89239,0.00,0.00
2017.08.17 14:16:07.911,12.88971,12.89239,0.00,0.00
2017.08.17 14:16:08.013,12.89002,12.89239,0.00,0.00
2017.08.17 14:16:08.554,12.89001,12.89239,0.00,0.00
2017.08.17 14:16:08.857,12.89101,12.89252,0.00,0.00
2017.08.17 14:16:09.024,12.89101,12.89291,0.00,0.00
2017.08.17 14:16:09.074,12.89071,12.89251,0.00,0.00
2017.08.17 14:16:09.327,12.89101,12.89332,0.00,0.00
2017.08.17 14:16:09.428,12.89102,12.89338,0.00,0.00
2017.08.17 14:16:09.478,12.89059,12.89251,0.00,0.00
2017.08.17 14:16:09.658,12.89001,12.89239,0.00,0.00
2017.08.17 14:16:09.760,12.89021,12.89212,0.00,0.00
2017.08.17 14:16:09.811,12.89001,12.89212,0.00,0.00
2017.08.17 14:16:09.862,12.89002,12.89232,0.00,0.00
2017.08.17 14:16:09.963,12.89001,12.89239,0.00,0.00
2017.08.17 14:16:10.165,12.89001,12.89222,0.00,0.00
2017.08.17 14:16:10.408,12.88971,12.89222,0.00,0.00
2017.08.17 14:16:10.458,12.89021,12.89222,0.00,0.00
2017.08.17 14:16:10.568,12.89021,12.89231,0.00,0.00
2017.08.17 14:16:10.669,12.89021,12.89239,0.00,0.00
2017.08.17 14:16:10.770,12.89042,12.89238,0.00,0.00
2017.08.17 14:16:10.821,12.89021,12.89239,0.00,0.00
2017.08.17 14:16:10.972,12.89101,12.89272,0.00,0.00
2017.08.17 14:16:11.132,12.89101,12.89339,0.00,0.00
2017.08.17 14:16:11.333,12.89101,12.89312,0.00,0.00
2017.08.17 14:16:11.434,12.89121,12.89339,0.00,0.00
2017.08.17 14:16:11.941,12.89122,12.89331,0.00,0.00
2017.08.17 14:16:11.992,12.89101,12.89331,0.00,0.00
2017.08.17 14:16:12.345,12.89101,12.89339,0.00,0.00
2017.08.17 14:16:12.396,12.89121,12.89339,0.00,0.00
2017.08.17 14:16:12.866,12.89102,12.89338,0.00,0.00
2017.08.17 14:16:13.560,12.89202,12.89352,0.00,0.00
2017.08.17 14:16:13.610,12.89201,12.89361,0.00,0.00
2017.08.17 14:16:13.661,12.89201,12.89421,0.00,0.00
2017.08.17 14:16:13.762,12.89168,12.89402,0.00,0.00
2017.08.17 14:16:13.813,12.89168,12.89338,0.00,0.00
2017.08.17 14:16:13.964,12.89141,12.89339,0.00,0.00
2017.08.17 14:16:14.150,12.89102,12.89339,0.00,0.00
2017.08.17 14:16:14.201,12.89121,12.89339,0.00,0.00
2017.08.17 14:16:14.504,12.89201,12.89401,0.00,0.00
2017.08.17 14:16:14.554,12.89201,12.89439,0.00,0.00
2017.08.17 14:16:14.655,12.89179,12.89339,0.00,0.00
2017.08.17 14:16:14.825,12.89162,12.89338,0.00,0.00
2017.08.17 14:16:14.885,12.89102,12.89338,0.00,0.00
2017.08.17 14:16:15.239,12.89108,12.89339,0.00,0.00
2017.08.17 14:16:15.340,12.89101,12.89339,0.00,0.00
2017.08.17 14:16:15.675,12.89061,12.89289,0.00,0.00
2017.08.17 14:16:15.776,12.89049,12.89302,0.00,0.00
2017.08.17 14:16:15.827,12.89072,12.89302,0.00,0.00
2017.08.17 14:16:16.129,12.89029,12.89238,0.00,0.00
2017.08.17 14:16:16.180,12.89021,12.89239,0.00,0.00
2017.08.17 14:16:16.495,12.89018,12.89238,0.00,0.00
2017.08.17 14:16:16.596,12.89001,12.89239,0.00,0.00
2017.08.17 14:16:17.043,12.89008,12.89238,0.00,0.00
2017.08.17 14:16:17.569,12.89002,12.89238,0.00,0.00
2017.08.17 14:16:17.670,12.88971,12.89239,0.00,0.00
2017.08.17 14:16:17.872,12.88978,12.89239,0.00,0.00
2017.08.17 14:16:17.994,12.88972,12.89238,0.00,0.00
2017.08.17 14:16:18.045,12.89008,12.89239,0.00,0.00
2017.08.17 14:16:18.312,12.89008,12.89252,0.00,0.00
2017.08.17 14:16:18.362,12.89018,12.89238,0.00,0.00
2017.08.17 14:16:18.564,12.88978,12.89239,0.00,0.00
2017.08.17 14:16:18.880,12.89008,12.89239,0.00,0.00
2017.08.17 14:16:19.146,12.88979,12.89239,0.00,0.00
2017.08.17 14:16:19.247,12.88989,12.89239,0.00,0.00
2017.08.17 14:16:19.550,12.89019,12.89238,0.00,0.00
2017.08.17 14:16:19.924,12.89032,12.89239,0.00,0.00
2017.08.17 14:16:20.231,12.89061,12.89239,0.00,0.00
2017.08.17 14:16:20.447,12.89072,12.89312,0.00,0.00
2017.08.17 14:16:20.498,12.89099,12.89338,0.00,0.00
2017.08.17 14:16:20.754,12.89071,12.89339,0.00,0.00
2017.08.17 14:16:20.855,12.89099,12.89338,0.00,0.00
2017.08.17 14:16:21.189,12.89099,12.89239,0.00,0.00
2017.08.17 14:16:21.294,12.89068,12.89238,0.00,0.00
2017.08.17 14:16:21.345,12.89072,12.89252,0.00,0.00
2017.08.17 14:16:21.446,12.89071,12.89262,0.00,0.00
2017.08.17 14:16:21.497,12.89058,12.89322,0.00,0.00
2017.08.17 14:16:21.597,12.89089,12.89338,0.00,0.00
2017.08.17 14:16:21.994,12.89089,12.89352,0.00,0.00
2017.08.17 14:16:22.088,12.89071,12.89339,0.00,0.00
2017.08.17 14:16:22.191,12.89071,12.89332,0.00,0.00
2017.08.17 14:16:22.530,12.89171,12.89371,0.00,0.00
2017.08.17 14:16:22.681,12.89128,12.89339,0.00,0.00
2017.08.17 14:16:22.834,12.89071,12.89339,0.00,0.00
2017.08.17 14:16:22.985,12.89099,12.89338,0.00,0.00
2017.08.17 14:16:23.302,12.89098,12.89251,0.00,0.00
2017.08.17 14:16:23.403,12.89028,12.89239,0.00,0.00
2017.08.17 14:16:23.504,12.88988,12.89239,0.00,0.00
2017.08.17 14:16:23.605,12.88979,12.89239,0.00,0.00
2017.08.17 14:16:23.947,12.89008,12.89239,0.00,0.00
2017.08.17 14:16:23.999,12.88999,12.89238,0.00,0.00
2017.08.17 14:16:24.049,12.89061,12.89239,0.00,0.00
2017.08.17 14:16:24.150,12.89071,12.89251,0.00,0.00
2017.08.17 14:16:24.201,12.89042,12.89238,0.00,0.00
2017.08.17 14:16:24.353,12.89039,12.89239,0.00,0.00
2017.08.17 14:16:24.404,12.89018,12.89239,0.00,0.00
2017.08.17 14:16:24.572,12.88971,12.89239,0.00,0.00
2017.08.17 14:16:24.673,12.88971,12.89232,0.00,0.00
2017.08.17 14:16:24.976,12.88972,12.89222,0.00,0.00
2017.08.17 14:16:25.191,12.88979,12.89238,0.00,0.00
2017.08.17 14:16:25.292,12.88988,12.89238,0.00,0.00
2017.08.17 14:16:25.393,12.88971,12.89231,0.00,0.00
2017.08.17 14:16:25.494,12.88971,12.89222,0.00,0.00
2017.08.17 14:16:25.958,12.88972,12.89238,0.00,0.00
2017.08.17 14:16:26.009,12.88972,12.89221,0.00,0.00
2017.08.17 14:16:26.110,12.88971,12.89239,0.00,0.00
2017.08.17 14:16:26.211,12.88941,12.89202,0.00,0.00
2017.08.17 14:16:26.513,12.88901,12.89139,0.00,0.00
2017.08.17 14:16:26.828,12.88971,12.89171,0.00,0.00
2017.08.17 14:16:26.880,12.88971,12.89232,0.00,0.00
2017.08.17 14:16:26.930,12.88948,12.89151,0.00,0.00
2017.08.17 14:16:27.082,12.88922,12.89138,0.00,0.00
2017.08.17 14:16:27.183,12.88921,12.89132,0.00,0.00
2017.08.17 14:16:27.442,12.88921,12.89139,0.00,0.00
2017.08.17 14:16:27.493,12.88878,12.89139,0.00,0.00
2017.08.17 14:16:27.594,12.88871,12.89132,0.00,0.00
2017.08.17 14:16:27.868,12.88972,12.89238,0.00,0.00
2017.08.17 14:16:27.970,12.88972,12.89231,0.00,0.00
2017.08.17 14:16:28.243,12.88958,12.89238,0.00,0.00
2017.08.17 14:16:28.293,12.88958,12.89182,0.00,0.00
2017.08.17 14:16:28.394,12.88972,12.89201,0.00,0.00
2017.08.17 14:16:28.496,12.88972,12.89232,0.00,0.00
2017.08.17 14:16:28.710,12.88971,12.89239,0.00,0.00
2017.08.17 14:16:28.978,12.88971,12.89202,0.00,0.00
2017.08.17 14:16:29.035,12.88971,12.89231,0.00,0.00
2017.08.17 14:16:29.086,12.88909,12.89188,0.00,0.00
2017.08.17 14:16:29.137,12.88909,12.89138,0.00,0.00
2017.08.17 14:16:29.188,12.88899,12.89138,0.00,0.00
2017.08.17 14:16:29.239,12.88922,12.89138,0.00,0.00
2017.08.17 14:16:29.541,12.88922,12.89112,0.00,0.00
2017.08.17 14:16:29.592,12.88921,12.89139,0.00,0.00
2017.08.17 14:16:30.023,12.88921,12.89132,0.00,0.00
2017.08.17 14:16:30.124,12.88921,12.89139,0.00,0.00
2017.08.17 14:16:30.175,12.88922,12.89122,0.00,0.00
2017.08.17 14:16:30.276,12.88871,12.89122,0.00,0.00
2017.08.17 14:16:30.478,12.88972,12.89122,0.00,0.00
2017.08.17 14:16:30.579,12.89051,12.89239,0.00,0.00
2017.08.17 14:16:31.135,12.89052,12.89272,0.00,0.00
2017.08.17 14:16:31.186,12.89051,12.89239,0.00,0.00
2017.08.17 14:16:31.645,12.89021,12.89239,0.00,0.00
2017.08.17 14:16:31.796,12.89021,12.89221,0.00,0.00
2017.08.17 14:16:32.322,12.89021,12.89211,0.00,0.00
2017.08.17 14:16:32.423,12.89021,12.89239,0.00,0.00
2017.08.17 14:16:32.895,12.89021,12.89231,0.00,0.00
2017.08.17 14:16:33.001,12.89022,12.89238,0.00,0.00
2017.08.17 14:16:33.052,12.89041,12.89239,0.00,0.00
2017.08.17 14:16:33.377,12.89072,12.89251,0.00,0.00
2017.08.17 14:16:33.529,12.89072,12.89332,0.00,0.00
2017.08.17 14:16:33.801,12.89072,12.89301,0.00,0.00
2017.08.17 14:16:33.904,12.89071,12.89331,0.00,0.00
2017.08.17 14:16:33.955,12.89122,12.89331,0.00,0.00
2017.08.17 14:16:34.334,12.89071,12.89301,0.00,0.00
2017.08.17 14:16:34.385,12.89051,12.89289,0.00,0.00
2017.08.17 14:16:34.487,12.89071,12.89231,0.00,0.00
2017.08.17 14:16:34.588,12.89072,12.89302,0.00,0.00
2017.08.17 14:16:34.727,12.89072,12.89332,0.00,0.00
2017.08.17 14:16:34.929,12.89071,12.89311,0.00,0.00
2017.08.17 14:16:35.030,12.89072,12.89331,0.00,0.00
2017.08.17 14:16:35.131,12.89072,12.89302,0.00,0.00
2017.08.17 14:16:35.305,12.89071,12.89332,0.00,0.00
2017.08.17 14:16:35.406,12.89041,12.89289,0.00,0.00
2017.08.17 14:16:35.738,12.89021,12.89221,0.00,0.00
2017.08.17 14:16:36.064,12.89021,12.89212,0.00,0.00
2017.08.17 14:16:36.290,12.89022,12.89231,0.00,0.00
2017.08.17 14:16:36.597,12.89021,12.89239,0.00,0.00
2017.08.17 14:16:36.697,12.89041,12.89239,0.00,0.00
2017.08.17 14:16:36.899,12.89021,12.89232,0.00,0.00
2017.08.17 14:16:37.029,12.89021,12.89222,0.00,0.00
2017.08.17 14:16:37.431,12.89051,12.89239,0.00,0.00
2017.08.17 14:16:37.744,12.89021,12.89239,0.00,0.00
2017.08.17 14:16:37.895,12.89021,12.89212,0.00,0.00
2017.08.17 14:16:38.226,12.89058,12.89272,0.00,0.00
2017.08.17 14:16:38.397,12.89051,12.89272,0.00,0.00
2017.08.17 14:16:38.497,12.89052,12.89242,0.00,0.00
2017.08.17 14:16:38.900,12.89052,12.89272,0.00,0.00
2017.08.17 14:16:39.125,12.89072,12.89242,0.00,0.00
2017.08.17 14:16:39.175,12.89058,12.89242,0.00,0.00
2017.08.17 14:16:39.226,12.89041,12.89239,0.00,0.00
2017.08.17 14:16:39.327,12.89041,12.89212,0.00,0.00
2017.08.17 14:16:39.862,12.89042,12.89212,0.00,0.00
2017.08.17 14:16:39.913,12.89042,12.89231,0.00,0.00
2017.08.17 14:16:40.173,12.89051,12.89231,0.00,0.00
2017.08.17 14:16:40.223,12.88959,12.89241,0.00,0.00
2017.08.17 14:16:40.361,12.89042,12.89238,0.00,0.00
2017.08.17 14:16:40.703,12.89021,12.89212,0.00,0.00
2017.08.17 14:16:41.020,12.89022,12.89202,0.00,0.00
2017.08.17 14:16:41.402,12.89021,12.89231,0.00,0.00
2017.08.17 14:16:41.604,12.89022,12.89202,0.00,0.00
2017.08.17 14:16:41.705,12.89021,12.89239,0.00,0.00
2017.08.17 14:16:41.907,12.89021,12.89212,0.00,0.00
2017.08.17 14:16:42.273,12.89022,12.89238,0.00,0.00
2017.08.17 14:16:42.324,12.89052,12.89201,0.00,0.00
2017.08.17 14:16:42.425,12.89042,12.89221,0.00,0.00
2017.08.17 14:16:42.476,12.89001,12.89221,0.00,0.00
2017.08.17 14:16:42.527,12.89038,12.89238,0.00,0.00
2017.08.17 14:16:42.628,12.89022,12.89238,0.00,0.00
2017.08.17 14:16:42.744,12.89021,12.89212,0.00,0.00
2017.08.17 14:16:42.805,12.89021,12.89239,0.00,0.00
2017.08.17 14:16:42.953,12.89022,12.89212,0.00,0.00
2017.08.17 14:16:43.210,12.89022,12.89238,0.00,0.00
2017.08.17 14:16:43.506,12.89021,12.89222,0.00,0.00
2017.08.17 14:16:43.855,12.89041,12.89212,0.00,0.00
2017.08.17 14:16:43.905,12.89022,12.89212,0.00,0.00
2017.08.17 14:16:43.956,12.89021,12.89239,0.00,0.00
2017.08.17 14:16:44.107,12.89021,12.89211,0.00,0.00
2017.08.17 14:16:44.452,12.89021,12.89192,0.00,0.00
2017.08.17 14:16:44.553,12.89021,12.89222,0.00,0.00
2017.08.17 14:16:44.609,12.89021,12.89231,0.00,0.00
2017.08.17 14:16:44.811,12.89021,12.89202,0.00,0.00
2017.08.17 14:16:45.553,12.89022,12.89202,0.00,0.00
2017.08.17 14:16:45.755,12.89022,12.89211,0.00,0.00
2017.08.17 14:16:45.811,12.89022,12.89232,0.00,0.00
2017.08.17 14:16:46.250,12.89021,12.89239,0.00,0.00
2017.08.17 14:16:46.351,12.89021,12.89212,0.00,0.00
2017.08.17 14:16:46.452,12.89021,12.89221,0.00,0.00
2017.08.17 14:16:46.553,12.89022,12.89238,0.00,0.00
2017.08.17 14:16:46.613,12.89022,12.89211,0.00,0.00
2017.08.17 14:16:46.913,12.89021,12.89239,0.00,0.00
2017.08.17 14:16:47.068,12.88958,12.89188,0.00,0.00
2017.08.17 14:16:47.119,12.88928,12.89139,0.00,0.00
2017.08.17 14:16:47.281,12.88871,12.89139,0.00,0.00
2017.08.17 14:16:47.331,12.88922,12.89131,0.00,0.00
2017.08.17 14:16:47.728,12.88871,12.89131,0.00,0.00
2017.08.17 14:16:47.829,12.88871,12.89121,0.00,0.00
2017.08.17 14:16:48.164,12.88872,12.89138,0.00,0.00
2017.08.17 14:16:48.539,12.88871,12.89132,0.00,0.00
2017.08.17 14:16:48.618,12.88871,12.89139,0.00,0.00
2017.08.17 14:16:48.673,12.88921,12.89139,0.00,0.00
2017.08.17 14:16:49.135,12.88942,12.89138,0.00,0.00
2017.08.17 14:16:49.424,12.88921,12.89139,0.00,0.00
2017.08.17 14:16:50.093,12.88899,12.89139,0.00,0.00
2017.08.17 14:16:50.144,12.88871,12.89139,0.00,0.00
2017.08.17 14:16:50.245,12.88872,12.89132,0.00,0.00
2017.08.17 14:16:50.762,12.88872,12.89138,0.00,0.00
2017.08.17 14:16:51.035,12.88888,12.89139,0.00,0.00
2017.08.17 14:16:51.293,12.88872,12.89138,0.00,0.00
2017.08.17 14:16:51.539,12.88872,12.89132,0.00,0.00
2017.08.17 14:16:52.074,12.88871,12.89132,0.00,0.00
2017.08.17 14:16:52.412,12.88878,12.89139,0.00,0.00
2017.08.17 14:16:52.527,12.88871,12.89139,0.00,0.00
2017.08.17 14:16:52.628,12.88879,12.89039,0.00,0.00
2017.08.17 14:16:52.729,12.88771,12.89039,0.00,0.00
2017.08.17 14:16:52.830,12.88822,12.89038,0.00,0.00
2017.08.17 14:16:53.370,12.88771,12.89039,0.00,0.00
2017.08.17 14:16:53.422,12.88871,12.89051,0.00,0.00
2017.08.17 14:16:53.473,12.88871,12.89139,0.00,0.00
2017.08.17 14:16:53.524,12.88921,12.89139,0.00,0.00
2017.08.17 14:16:53.836,12.88832,12.89038,0.00,0.00
2017.08.17 14:16:54.038,12.88789,12.89039,0.00,0.00
2017.08.17 14:16:54.240,12.88772,12.89038,0.00,0.00
2017.08.17 14:16:54.459,12.88772,12.89001,0.00,0.00
2017.08.17 14:16:54.509,12.88759,12.89001,0.00,0.00
2017.08.17 14:16:54.610,12.88771,12.89001,0.00,0.00
2017.08.17 14:16:54.661,12.88771,12.89031,0.00,0.00
2017.08.17 14:16:54.762,12.88821,12.89039,0.00,0.00
2017.08.17 14:16:55.115,12.88842,12.89052,0.00,0.00
2017.08.17 14:16:55.419,12.88841,12.89039,0.00,0.00
2017.08.17 14:16:55.470,12.88912,12.89138,0.00,0.00
2017.08.17 14:16:55.571,12.88912,12.89088,0.00,0.00
2017.08.17 14:16:55.622,12.88889,12.89089,0.00,0.00
2017.08.17 14:16:55.673,12.88868,12.89089,0.00,0.00
2017.08.17 14:16:55.723,12.88868,12.89051,0.00,0.00
2017.08.17 14:16:55.774,12.88851,12.89051,0.00,0.00
2017.08.17 14:16:55.825,12.88852,12.89081,0.00,0.00
2017.08.17 14:16:56.244,12.88859,12.89089,0.00,0.00
2017.08.17 14:16:56.295,12.88859,12.89108,0.00,0.00
2017.08.17 14:16:56.345,12.88859,12.89039,0.00,0.00
2017.08.17 14:16:56.396,12.88841,12.89039,0.00,0.00
2017.08.17 14:16:56.447,12.88822,12.89038,0.00,0.00
2017.08.17 14:16:57.090,12.88821,12.89039,0.00,0.00
2017.08.17 14:16:57.786,12.88822,12.89038,0.00,0.00
2017.08.17 14:16:58.089,12.88778,12.89051,0.00,0.00
2017.08.17 14:16:58.140,12.88778,12.89038,0.00,0.00
2017.08.17 14:16:58.249,12.88771,12.89032,0.00,0.00
2017.08.17 14:16:58.517,12.88748,12.88989,0.00,0.00
2017.08.17 14:16:58.820,12.88751,12.88951,0.00,0.00
2017.08.17 14:16:58.870,12.88751,12.88989,0.00,0.00
2017.08.17 14:16:58.984,12.88751,12.88952,0.00,0.00
2017.08.17 14:16:59.334,12.88722,12.88938,0.00,0.00
2017.08.17 14:16:59.737,12.88688,12.88939,0.00,0.00
2017.08.17 14:16:59.788,12.88699,12.88939,0.00,0.00
2017.08.17 14:17:00.101,12.88722,12.88938,0.00,0.00
2017.08.17 14:17:00.252,12.88571,12.88839,0.00,0.00
2017.08.17 14:17:00.369,12.88651,12.88839,0.00,0.00
2017.08.17 14:17:00.571,12.88621,12.88839,0.00,0.00
2017.08.17 14:17:00.769,12.88651,12.88839,0.00,0.00
2017.08.17 14:17:01.115,12.88672,12.88862,0.00,0.00
2017.08.17 14:17:01.216,12.88671,12.88902,0.00,0.00
2017.08.17 14:17:01.317,12.88688,12.88939,0.00,0.00
2017.08.17 14:17:01.633,12.88689,12.88889,0.00,0.00
2017.08.17 14:17:01.684,12.88651,12.88889,0.00,0.00
2017.08.17 14:17:01.734,12.88649,12.88838,0.00,0.00
2017.08.17 14:17:01.785,12.88631,12.88839,0.00,0.00
2017.08.17 14:17:02.238,12.88621,12.88839,0.00,0.00
2017.08.17 14:17:02.798,12.88659,12.88852,0.00,0.00
2017.08.17 14:17:02.899,12.88652,12.88851,0.00,0.00
2017.08.17 14:17:03.000,12.88671,12.88851,0.00,0.00
2017.08.17 14:17:03.052,12.88669,12.88889,0.00,0.00
2017.08.17 14:17:03.223,12.88671,12.88939,0.00,0.00
2017.08.17 14:17:03.273,12.88678,12.88938,0.00,0.00
2017.08.17 14:17:03.808,12.88679,12.88938,0.00,0.00
2017.08.17 14:17:03.858,12.88671,12.88932,0.00,0.00
2017.08.17 14:17:03.909,12.88648,12.88889,0.00,0.00
2017.08.17 14:17:04.164,12.88571,12.88839,0.00,0.00
2017.08.17 14:17:04.265,12.88622,12.88838,0.00,0.00
2017.08.17 14:17:04.568,12.88641,12.88839,0.00,0.00
2017.08.17 14:17:04.619,12.88629,12.88839,0.00,0.00
2017.08.17 14:17:04.822,12.88622,12.88838,0.00,0.00
2017.08.17 14:17:05.023,12.88578,12.88839,0.00,0.00
2017.08.17 14:17:05.074,12.88571,12.88839,0.00,0.00
2017.08.17 14:17:05.125,12.88622,12.88838,0.00,0.00
2017.08.17 14:17:05.478,12.88619,12.88852,0.00,0.00
2017.08.17 14:17:05.528,12.88622,12.88838,0.00,0.00
2017.08.17 14:17:06.062,12.88621,12.88839,0.00,0.00
2017.08.17 14:17:06.598,12.88622,12.88838,0.00,0.00
2017.08.17 14:17:06.926,12.88641,12.88839,0.00,0.00
2017.08.17 14:17:07.078,12.88622,12.88838,0.00,0.00
2017.08.17 14:17:07.179,12.88641,12.88839,0.00,0.00
2017.08.17 14:17:07.381,12.88618,12.88839,0.00,0.00
2017.08.17 14:17:07.482,12.88608,12.88839,0.00,0.00
2017.08.17 14:17:07.583,12.88578,12.88839,0.00,0.00
2017.08.17 14:17:07.774,12.88571,12.88839,0.00,0.00
2017.08.17 14:17:07.875,12.88621,12.88839,0.00,0.00
2017.08.17 14:17:08.014,12.88579,12.88839,0.00,0.00
2017.08.17 14:17:08.115,12.88572,12.88838,0.00,0.00
2017.08.17 14:17:08.166,12.88642,12.88838,0.00,0.00
2017.08.17 14:17:08.317,12.88621,12.88839,0.00,0.00
2017.08.17 14:17:08.418,12.88571,12.88839,0.00,0.00
2017.08.17 14:17:08.469,12.88572,12.88802,0.00,0.00
2017.08.17 14:17:08.597,12.88509,12.88788,0.00,0.00
2017.08.17 14:17:08.648,12.88509,12.88739,0.00,0.00
2017.08.17 14:17:08.699,12.88502,12.88739,0.00,0.00
2017.08.17 14:17:08.800,12.88502,12.88732,0.00,0.00
2017.08.17 14:17:09.002,12.88502,12.88739,0.00,0.00
2017.08.17 14:17:09.207,12.88488,12.88738,0.00,0.00
2017.08.17 14:17:09.431,12.88471,12.88722,0.00,0.00
2017.08.17 14:17:09.489,12.88489,12.88738,0.00,0.00
2017.08.17 14:17:09.574,12.88478,12.88738,0.00,0.00
2017.08.17 14:17:09.791,12.88488,12.88739,0.00,0.00
2017.08.17 14:17:10.008,12.88468,12.88728,0.00,0.00
2017.08.17 14:17:10.059,12.88468,12.88738,0.00,0.00
2017.08.17 14:17:10.210,12.88459,12.88701,0.00,0.00
2017.08.17 14:17:10.311,12.88471,12.88739,0.00,0.00
2017.08.17 14:17:10.412,12.88479,12.88739,0.00,0.00
2017.08.17 14:17:10.904,12.88472,12.88738,0.00,0.00
2017.08.17 14:17:11.005,12.88471,12.88731,0.00,0.00
2017.08.17 14:17:11.481,12.88479,12.88739,0.00,0.00
2017.08.17 14:17:11.814,12.88471,12.88739,0.00,0.00
2017.08.17 14:17:11.864,12.88551,12.88739,0.00,0.00
2017.08.17 14:17:12.125,12.88542,12.88738,0.00,0.00
2017.08.17 14:17:12.226,12.88471,12.88739,0.00,0.00
2017.08.17 14:17:12.428,12.88522,12.88732,0.00,0.00
2017.08.17 14:17:12.630,12.88522,12.88738,0.00,0.00
2017.08.17 14:17:12.681,12.88541,12.88739,0.00,0.00
2017.08.17 14:17:12.782,12.88489,12.88739,0.00,0.00
2017.08.17 14:17:12.887,12.88471,12.88739,0.00,0.00
2017.08.17 14:17:13.287,12.88488,12.88739,0.00,0.00
2017.08.17 14:17:13.633,12.88522,12.88738,0.00,0.00
2017.08.17 14:17:14.171,12.88552,12.88738,0.00,0.00
2017.08.17 14:17:14.322,12.88572,12.88832,0.00,0.00
2017.08.17 14:17:14.424,12.88572,12.88838,0.00,0.00
2017.08.17 14:17:14.824,12.88621,12.88839,0.00,0.00
2017.08.17 14:17:14.875,12.88572,12.88838,0.00,0.00
2017.08.17 14:17:15.335,12.88579,12.88839,0.00,0.00
2017.08.17 14:17:15.743,12.88571,12.88821,0.00,0.00
2017.08.17 14:17:16.014,12.88579,12.88839,0.00,0.00
2017.08.17 14:17:16.065,12.88579,12.88788,0.00,0.00
2017.08.17 14:17:16.116,12.88572,12.88828,0.00,0.00
2017.08.17 14:17:16.167,12.88571,12.88832,0.00,0.00
2017.08.17 14:17:16.217,12.88571,12.88801,0.00,0.00
2017.08.17 14:17:16.318,12.88571,12.88832,0.00,0.00
2017.08.17 14:17:16.432,12.88578,12.88838,0.00,0.00
2017.08.17 14:17:16.741,12.88571,12.88832,0.00,0.00
2017.08.17 14:17:16.842,12.88578,12.88839,0.00,0.00
2017.08.17 14:17:17.151,12.88571,12.88832,0.00,0.00
2017.08.17 14:17:17.498,12.88572,12.88838,0.00,0.00
2017.08.17 14:17:17.599,12.88572,12.88832,0.00,0.00
2017.08.17 14:17:17.902,12.88551,12.88772,0.00,0.00
2017.08.17 14:17:18.003,12.88571,12.88822,0.00,0.00
2017.08.17 14:17:18.104,12.88579,12.88838,0.00,0.00
2017.08.17 14:17:18.300,12.88571,12.88822,0.00,0.00
2017.08.17 14:17:18.501,12.88571,12.88839,0.00,0.00
2017.08.17 14:17:18.703,12.88572,12.88831,0.00,0.00
2017.08.17 14:17:19.032,12.88612,12.88822,0.00,0.00
2017.08.17 14:17:19.513,12.88612,12.88812,0.00,0.00
2017.08.17 14:17:19.614,12.88612,12.88839,0.00,0.00
2017.08.17 14:17:19.774,12.88571,12.88752,0.00,0.00
2017.08.17 14:17:19.825,12.88551,12.88739,0.00,0.00
2017.08.17 14:17:20.077,12.88571,12.88789,0.00,0.00
2017.08.17 14:17:20.128,12.88572,12.88802,0.00,0.00
2017.08.17 14:17:20.229,12.88579,12.88789,0.00,0.00
2017.08.17 14:17:20.330,12.88512,12.88738,0.00,0.00
2017.08.17 14:17:20.381,12.88521,12.88739,0.00,0.00
2017.08.17 14:17:21.033,12.88522,12.88738,0.00,0.00
2017.08.17 14:17:21.245,12.88512,12.88738,0.00,0.00
2017.08.17 14:17:21.548,12.88512,12.88722,0.00,0.00
2017.08.17 14:17:21.676,12.88512,12.88739,0.00,0.00
2017.08.17 14:17:21.827,12.88512,12.88721,0.00,0.00
2017.08.17 14:17:22.015,12.88512,12.88738,0.00,0.00
2017.08.17 14:17:22.518,12.88512,12.88732,0.00,0.00
2017.08.17 14:17:22.619,12.88512,12.88739,0.00,0.00
2017.08.17 14:17:22.763,12.88512,12.88732,0.00,0.00
2017.08.17 14:17:23.094,12.88512,12.88712,0.00,0.00
2017.08.17 14:17:23.145,12.88512,12.88739,0.00,0.00
2017.08.17 14:17:23.467,12.88478,12.88638,0.00,0.00
2017.08.17 14:17:23.568,12.88458,12.88639,0.00,0.00
2017.08.17 14:17:23.767,12.88422,12.88632,0.00,0.00
2017.08.17 14:17:23.868,12.88422,12.88622,0.00,0.00
2017.08.17 14:17:23.918,12.88411,12.88622,0.00,0.00
2017.08.17 14:17:23.969,12.88411,12.88631,0.00,0.00
2017.08.17 14:17:24.020,12.88411,12.88622,0.00,0.00
2017.08.17 14:17:24.222,12.88411,12.88639,0.00,0.00
2017.08.17 14:17:24.323,12.88411,12.88622,0.00,0.00
2017.08.17 14:17:24.424,12.88351,12.88589,0.00,0.00
2017.08.17 14:17:24.475,12.88351,12.88601,0.00,0.00
2017.08.17 14:17:24.525,12.88371,12.88601,0.00,0.00
2017.08.17 14:17:24.576,12.88371,12.88622,0.00,0.00
2017.08.17 14:17:24.696,12.88371,12.88551,0.00,0.00
2017.08.17 14:17:24.753,12.88352,12.88551,0.00,0.00
2017.08.17 14:17:24.807,12.88358,12.88572,0.00,0.00
2017.08.17 14:17:24.858,12.88358,12.88538,0.00,0.00
2017.08.17 14:17:24.959,12.88332,12.88539,0.00,0.00
2017.08.17 14:17:25.110,12.88351,12.88539,0.00,0.00
2017.08.17 14:17:25.212,12.88342,12.88532,0.00,0.00
2017.08.17 14:17:25.263,12.88339,12.88539,0.00,0.00
2017.08.17 14:17:25.416,12.88332,12.88538,0.00,0.00
2017.08.17 14:17:25.674,12.88321,12.88539,0.00,0.00
2017.08.17 14:17:25.775,12.88259,12.88541,0.00,0.00
2017.08.17 14:17:25.825,12.88272,12.88538,0.00,0.00
2017.08.17 14:17:26.146,12.88271,12.88532,0.00,0.00
2017.08.17 14:17:26.460,12.88271,12.88522,0.00,0.00
2017.08.17 14:17:26.674,12.88272,12.88538,0.00,0.00
2017.08.17 14:17:26.725,12.88268,12.88552,0.00,0.00
2017.08.17 14:17:26.776,12.88272,12.88511,0.00,0.00
2017.08.17 14:17:27.031,12.88271,12.88539,0.00,0.00
2017.08.17 14:17:27.389,12.88322,12.88538,0.00,0.00
2017.08.17 14:17:27.447,12.88278,12.88538,0.00,0.00
2017.08.17 14:17:27.548,12.88272,12.88538,0.00,0.00
2017.08.17 14:17:27.745,12.88271,12.88522,0.00,0.00
2017.08.17 14:17:28.247,12.88272,12.88538,0.00,0.00
2017.08.17 14:17:28.348,12.88272,12.88522,0.00,0.00
2017.08.17 14:17:28.683,12.88272,12.88538,0.00,0.00
2017.08.17 14:17:29.063,12.88271,12.88531,0.00,0.00
2017.08.17 14:17:29.532,12.88271,12.88521,0.00,0.00
2017.08.17 14:17:29.848,12.88301,12.88539,0.00,0.00
2017.08.17 14:17:30.150,12.88341,12.88539,0.00,0.00
2017.08.17 14:17:30.201,12.88322,12.88538,0.00,0.00
2017.08.17 14:17:30.476,12.88322,12.88532,0.00,0.00
2017.08.17 14:17:30.527,12.88301,12.88532,0.00,0.00
2017.08.17 14:17:30.578,12.88301,12.88511,0.00,0.00
2017.08.17 14:17:30.628,12.88272,12.88511,0.00,0.00
2017.08.17 14:17:30.679,12.88272,12.88521,0.00,0.00
2017.08.17 14:17:31.031,12.88341,12.88521,0.00,0.00
2017.08.17 14:17:31.082,12.88341,12.88532,0.00,0.00
2017.08.17 14:17:31.183,12.88341,12.88539,0.00,0.00
2017.08.17 14:17:31.284,12.88322,12.88538,0.00,0.00
2017.08.17 14:17:31.597,12.88321,12.88531,0.00,0.00
2017.08.17 14:17:31.893,12.88322,12.88538,0.00,0.00
2017.08.17 14:17:32.051,12.88322,12.88532,0.00,0.00
2017.08.17 14:17:32.152,12.88259,12.88532,0.00,0.00
2017.08.17 14:17:32.203,12.88272,12.88532,0.00,0.00
2017.08.17 14:17:32.795,12.88272,12.88538,0.00,0.00
2017.08.17 14:17:33.155,12.88272,12.88511,0.00,0.00
2017.08.17 14:17:33.458,12.88272,12.88538,0.00,0.00
2017.08.17 14:17:33.695,12.88271,12.88501,0.00,0.00
2017.08.17 14:17:33.876,12.88271,12.88521,0.00,0.00
2017.08.17 14:17:33.959,12.88271,12.88532,0.00,0.00
2017.08.17 14:17:34.206,12.88272,12.88521,0.00,0.00
2017.08.17 14:17:34.542,12.88272,12.88502,0.00,0.00
2017.08.17 14:17:34.694,12.88272,12.88531,0.00,0.00
2017.08.17 14:17:34.916,12.88351,12.88531,0.00,0.00
2017.08.17 14:17:35.061,12.88341,12.88531,0.00,0.00
2017.08.17 14:17:35.113,12.88321,12.88539,0.00,0.00
2017.08.17 14:17:35.263,12.88321,12.88521,0.00,0.00
2017.08.17 14:17:35.437,12.88301,12.88521,0.00,0.00
2017.08.17 14:17:35.538,12.88352,12.88521,0.00,0.00
2017.08.17 14:17:35.690,12.88371,12.88632,0.00,0.00
2017.08.17 14:17:35.741,12.88358,12.88632,0.00,0.00
2017.08.17 14:17:35.791,12.88372,12.88632,0.00,0.00
2017.08.17 14:17:36.103,12.88352,12.88572,0.00,0.00
2017.08.17 14:17:36.223,12.88352,12.88588,0.00,0.00
2017.08.17 14:17:36.375,12.88359,12.88589,0.00,0.00
2017.08.17 14:17:36.677,12.88352,12.88588,0.00,0.00
2017.08.17 14:17:36.833,12.88372,12.88602,0.00,0.00
2017.08.17 14:17:36.884,12.88372,12.88611,0.00,0.00
2017.08.17 14:17:36.985,12.88371,12.88639,0.00,0.00
2017.08.17 14:17:37.313,12.88372,12.88631,0.00,0.00
2017.08.17 14:17:37.619,12.88321,12.88532,0.00,0.00
2017.08.17 14:17:37.921,12.88298,12.88452,0.00,0.00
2017.08.17 14:17:38.104,12.88272,12.88452,0.00,0.00
2017.08.17 14:17:38.155,12.88272,12.88522,0.00,0.00
2017.08.17 14:17:38.314,12.88272,12.88538,0.00,0.00
2017.08.17 14:17:38.778,12.88271,12.88522,0.00,0.00
2017.08.17 14:17:39.130,12.88258,12.88542,0.00,0.00
2017.08.17 14:17:39.181,12.88272,12.88538,0.00,0.00
2017.08.17 14:17:39.524,12.88272,12.88521,0.00,0.00
2017.08.17 14:17:39.838,12.88341,12.88521,0.00,0.00
2017.08.17 14:17:39.889,12.88322,12.88539,0.00,0.00
2017.08.17 14:17:40.103,12.88322,12.88521,0.00,0.00
2017.08.17 14:17:40.420,12.88322,12.88538,0.00,0.00
2017.08.17 14:17:40.521,12.88278,12.88538,0.00,0.00
2017.08.17 14:17:40.687,12.88272,12.88532,0.00,0.00
2017.08.17 14:17:40.923,12.88272,12.88538,0.00,0.00
2017.08.17 14:17:41.462,12.88271,12.88539,0.00,0.00
2017.08.17 14:17:41.512,12.88271,12.88521,0.00,0.00
2017.08.17 14:17:42.041,12.88272,12.88521,0.00,0.00
2017.08.17 14:17:42.192,12.88272,12.88538,0.00,0.00
2017.08.17 14:17:42.243,12.88259,12.88529,0.00,0.00
2017.08.17 14:17:42.377,12.88259,12.88488,0.00,0.00
2017.08.17 14:17:42.428,12.88271,12.88501,0.00,0.00
2017.08.17 14:17:42.528,12.88272,12.88512,0.00,0.00
2017.08.17 14:17:42.629,12.88272,12.88538,0.00,0.00
2017.08.17 14:17:42.794,12.88272,12.88521,0.00,0.00
2017.08.17 14:17:42.996,12.88278,12.88539,0.00,0.00
2017.08.17 14:17:43.298,12.88272,12.88522,0.00,0.00
2017.08.17 14:17:43.395,12.88272,12.88531,0.00,0.00
2017.08.17 14:17:43.834,12.88271,12.88521,0.00,0.00
2017.08.17 14:17:44.098,12.88271,12.88539,0.00,0.00
2017.08.17 14:17:44.400,12.88268,12.88551,0.00,0.00
2017.08.17 14:17:44.451,12.88272,12.88538,0.00,0.00
2017.08.17 14:17:44.794,12.88278,12.88539,0.00,0.00
2017.08.17 14:17:44.945,12.88271,12.88539,0.00,0.00
2017.08.17 14:17:44.996,12.88321,12.88539,0.00,0.00
2017.08.17 14:17:45.493,12.88342,12.88538,0.00,0.00
2017.08.17 14:17:45.594,12.88351,12.88561,0.00,0.00
2017.08.17 14:17:45.645,12.88342,12.88538,0.00,0.00
2017.08.17 14:17:45.696,12.88321,12.88539,0.00,0.00
2017.08.17 14:17:46.020,12.88321,12.88532,0.00,0.00
2017.08.17 14:17:46.437,12.88321,12.88539,0.00,0.00
2017.08.17 14:17:46.508,12.88321,12.88531,0.00,0.00
2017.08.17 14:17:46.709,12.88412,12.88638,0.00,0.00
2017.08.17 14:17:46.971,12.88412,12.88621,0.00,0.00
2017.08.17 14:17:47.238,12.88412,12.88639,0.00,0.00
2017.08.17 14:17:48.087,12.88412,12.88602,0.00,0.00
2017.08.17 14:17:48.138,12.88338,12.88538,0.00,0.00
2017.08.17 14:17:48.239,12.88331,12.88532,0.00,0.00
2017.08.17 14:17:48.416,12.88331,12.88539,0.00,0.00
2017.08.17 14:17:49.152,12.88331,12.88538,0.00,0.00
2017.08.17 14:17:49.384,12.88341,12.88539,0.00,0.00
2017.08.17 14:17:49.706,12.88331,12.88538,0.00,0.00
2017.08.17 14:17:49.970,12.88342,12.88538,0.00,0.00
2017.08.17 14:17:50.295,12.88381,12.88562,0.00,0.00
2017.08.17 14:17:50.598,12.88381,12.88539,0.00,0.00
2017.08.17 14:17:50.903,12.88381,12.88522,0.00,0.00
2017.08.17 14:17:51.249,12.88311,12.88522,0.00,0.00
2017.08.17 14:17:51.557,12.88311,12.88538,0.00,0.00
2017.08.17 14:17:51.951,12.88311,12.88521,0.00,0.00
2017.08.17 14:17:52.152,12.88311,12.88539,0.00,0.00
2017.08.17 14:17:52.454,12.88311,12.88521,0.00,0.00
2017.08.17 14:17:52.555,12.88311,12.88538,0.00,0.00
2017.08.17 14:17:53.134,12.88311,12.88522,0.00,0.00
2017.08.17 14:17:53.843,12.88311,12.88539,0.00,0.00
2017.08.17 14:17:53.894,12.88352,12.88551,0.00,0.00
2017.08.17 14:17:53.945,12.88351,12.88589,0.00,0.00
2017.08.17 14:17:53.996,12.88351,12.88539,0.00,0.00
2017.08.17 14:17:54.248,12.88331,12.88538,0.00,0.00
2017.08.17 14:17:54.400,12.88351,12.88539,0.00,0.00
2017.08.17 14:17:54.551,12.88341,12.88539,0.00,0.00
2017.08.17 14:17:54.735,12.88341,12.88531,0.00,0.00
2017.08.17 14:17:54.787,12.88331,12.88531,0.00,0.00
2017.08.17 14:17:54.888,12.88331,12.88539,0.00,0.00
2017.08.17 14:17:54.940,12.88331,12.88532,0.00,0.00
2017.08.17 14:17:55.487,12.88341,12.88539,0.00,0.00
2017.08.17 14:17:55.689,12.88331,12.88538,0.00,0.00
2017.08.17 14:17:55.877,12.88331,12.88531,0.00,0.00
2017.08.17 14:17:56.142,12.88331,12.88539,0.00,0.00
2017.08.17 14:17:56.293,12.88311,12.88539,0.00,0.00
2017.08.17 14:17:56.442,12.88311,12.88531,0.00,0.00
2017.08.17 14:17:56.770,12.88311,12.88538,0.00,0.00
2017.08.17 14:17:56.832,12.88321,12.88539,0.00,0.00
2017.08.17 14:17:57.153,12.88351,12.88539,0.00,0.00
2017.08.17 14:17:57.355,12.88412,12.88631,0.00,0.00
2017.08.17 14:17:57.455,12.88412,12.88639,0.00,0.00
2017.08.17 14:17:57.613,12.88421,12.88639,0.00,0.00
2017.08.17 14:17:57.916,12.88368,12.88589,0.00,0.00
2017.08.17 14:17:58.017,12.88351,12.88589,0.00,0.00
2017.08.17 14:17:58.134,12.88351,12.88539,0.00,0.00
2017.08.17 14:17:58.437,12.88372,12.88551,0.00,0.00
2017.08.17 14:17:58.488,12.88371,12.88631,0.00,0.00
2017.08.17 14:17:58.588,12.88372,12.88638,0.00,0.00
2017.08.17 14:17:58.639,12.88411,12.88639,0.00,0.00
2017.08.17 14:17:58.972,12.88411,12.88612,0.00,0.00
2017.08.17 14:17:59.073,12.88411,12.88639,0.00,0.00
2017.08.17 14:17:59.673,12.88411,12.88621,0.00,0.00
2017.08.17 14:18:00.009,12.88411,12.88611,0.00,0.00
2017.08.17 14:18:00.452,12.88421,12.88611,0.00,0.00
2017.08.17 14:18:00.651,12.88442,12.88638,0.00,0.00
2017.08.17 14:18:00.802,12.88421,12.88639,0.00,0.00
2017.08.17 14:18:00.953,12.88421,12.88621,0.00,0.00
2017.08.17 14:18:01.004,12.88411,12.88621,0.00,0.00
2017.08.17 14:18:01.054,12.88411,12.88612,0.00,0.00
2017.08.17 14:18:01.384,12.88411,12.88638,0.00,0.00
2017.08.17 14:18:01.552,12.88411,12.88602,0.00,0.00
2017.08.17 14:18:01.751,12.88411,12.88621,0.00,0.00
2017.08.17 14:18:01.951,12.88411,12.88638,0.00,0.00
2017.08.17 14:18:02.283,12.88452,12.88638,0.00,0.00
2017.08.17 14:18:02.334,12.88441,12.88639,0.00,0.00
2017.08.17 14:18:02.385,12.88441,12.88612,0.00,0.00
2017.08.17 14:18:02.486,12.88441,12.88639,0.00,0.00
2017.08.17 14:18:02.645,12.88411,12.88652,0.00,0.00
2017.08.17 14:18:02.696,12.88421,12.88622,0.00,0.00
2017.08.17 14:18:02.839,12.88421,12.88639,0.00,0.00
2017.08.17 14:18:02.889,12.88411,12.88592,0.00,0.00
2017.08.17 14:18:02.991,12.88451,12.88639,0.00,0.00
2017.08.17 14:18:03.092,12.88442,12.88638,0.00,0.00
2017.08.17 14:18:03.142,12.88451,12.88639,0.00,0.00
2017.08.17 14:18:03.294,12.88421,12.88621,0.00,0.00
2017.08.17 14:18:03.345,12.88411,12.88621,0.00,0.00
2017.08.17 14:18:03.395,12.88422,12.88612,0.00,0.00
2017.08.17 14:18:03.563,12.88422,12.88622,0.00,0.00
2017.08.17 14:18:03.854,12.88411,12.88622,0.00,0.00
2017.08.17 14:18:04.005,12.88411,12.88611,0.00,0.00
2017.08.17 14:18:04.157,12.88421,12.88649,0.00,0.00
2017.08.17 14:18:04.557,12.88421,12.88642,0.00,0.00
2017.08.17 14:18:04.986,12.88411,12.88642,0.00,0.00
2017.08.17 14:18:05.058,12.88411,12.88621,0.00,0.00
2017.08.17 14:18:05.540,12.88411,12.88612,0.00,0.00
2017.08.17 14:18:05.799,12.88411,12.88632,0.00,0.00
2017.08.17 14:18:05.860,12.88411,12.88648,0.00,0.00
2017.08.17 14:18:06.193,12.88411,12.88632,0.00,0.00
2017.08.17 14:18:06.294,12.88411,12.88649,0.00,0.00
2017.08.17 14:18:06.395,12.88411,12.88642,0.00,0.00
2017.08.17 14:18:06.696,12.88411,12.88612,0.00,0.00
2017.08.17 14:18:06.747,12.88381,12.88598,0.00,0.00
2017.08.17 14:18:06.798,12.88381,12.88548,0.00,0.00
2017.08.17 14:18:07.100,12.88381,12.88572,0.00,0.00
2017.08.17 14:18:07.201,12.88381,12.88548,0.00,0.00
2017.08.17 14:18:07.751,12.88381,12.88562,0.00,0.00
2017.08.17 14:18:07.802,12.88351,12.88549,0.00,0.00
2017.08.17 14:18:07.913,12.88372,12.88592,0.00,0.00
2017.08.17 14:18:07.964,12.88371,12.88602,0.00,0.00
2017.08.17 14:18:08.065,12.88372,12.88642,0.00,0.00
2017.08.17 14:18:08.267,12.88371,12.88622,0.00,0.00
2017.08.17 14:18:08.587,12.88411,12.88612,0.00,0.00
2017.08.17 14:18:08.782,12.88411,12.88621,0.00,0.00
2017.08.17 14:18:08.883,12.88411,12.88642,0.00,0.00
2017.08.17 14:18:08.965,12.88411,12.88622,0.00,0.00
2017.08.17 14:18:09.355,12.88411,12.88611,0.00,0.00
2017.08.17 14:18:09.566,12.88411,12.88621,0.00,0.00
2017.08.17 14:18:10.105,12.88411,12.88601,0.00,0.00
2017.08.17 14:18:10.155,12.88372,12.88601,0.00,0.00
2017.08.17 14:18:10.206,12.88332,12.88549,0.00,0.00
2017.08.17 14:18:10.514,12.88372,12.88641,0.00,0.00
2017.08.17 14:18:10.568,12.88372,12.88648,0.00,0.00
2017.08.17 14:18:10.968,12.88371,12.88622,0.00,0.00
2017.08.17 14:18:11.273,12.88411,12.88598,0.00,0.00
2017.08.17 14:18:11.576,12.88411,12.88549,0.00,0.00
2017.08.17 14:18:11.677,12.88411,12.88562,0.00,0.00
2017.08.17 14:18:11.779,12.88411,12.88582,0.00,0.00
2017.08.17 14:18:11.880,12.88411,12.88598,0.00,0.00
2017.08.17 14:18:11.997,12.88411,12.88548,0.00,0.00
2017.08.17 14:18:12.048,12.88371,12.88562,0.00,0.00
2017.08.17 14:18:12.148,12.88372,12.88621,0.00,0.00
2017.08.17 14:18:12.199,12.88372,12.88648,0.00,0.00
2017.08.17 14:18:12.250,12.88372,12.88598,0.00,0.00
2017.08.17 14:18:12.301,12.88371,12.88611,0.00,0.00
2017.08.17 14:18:12.401,12.88369,12.88631,0.00,0.00
2017.08.17 14:18:12.452,12.88372,12.88631,0.00,0.00
2017.08.17 14:18:12.503,12.88378,12.88648,0.00,0.00
2017.08.17 14:18:12.554,12.88378,12.88611,0.00,0.00
2017.08.17 14:18:12.869,12.88321,12.88549,0.00,0.00
2017.08.17 14:18:13.128,12.88312,12.88549,0.00,0.00
2017.08.17 14:18:13.461,12.88322,12.88548,0.00,0.00
2017.08.17 14:18:14.017,12.88321,12.88549,0.00,0.00
2017.08.17 14:18:14.554,12.88322,12.88548,0.00,0.00
2017.08.17 14:18:14.925,12.88312,12.88549,0.00,0.00
2017.08.17 14:18:15.476,12.88312,12.88548,0.00,0.00
2017.08.17 14:18:15.888,12.88312,12.88562,0.00,0.00
2017.08.17 14:18:15.967,12.88328,12.88562,0.00,0.00
2017.08.17 14:18:16.299,12.88429,12.88582,0.00,0.00
2017.08.17 14:18:16.350,12.88381,12.88582,0.00,0.00
2017.08.17 14:18:16.401,12.88381,12.88589,0.00,0.00
2017.08.17 14:18:16.479,12.88381,12.88541,0.00,0.00
2017.08.17 14:18:16.826,12.88381,12.88552,0.00,0.00
2017.08.17 14:18:16.927,12.88381,12.88582,0.00,0.00
2017.08.17 14:18:17.028,12.88381,12.88572,0.00,0.00
2017.08.17 14:18:17.222,12.88329,12.88531,0.00,0.00
2017.08.17 14:18:17.481,12.88329,12.88562,0.00,0.00
2017.08.17 14:18:18.182,12.88329,12.88542,0.00,0.00
2017.08.17 14:18:18.511,12.88329,12.88562,0.00,0.00
2017.08.17 14:18:18.612,12.88329,12.88521,0.00,0.00
2017.08.17 14:18:18.903,12.88329,12.88562,0.00,0.00
2017.08.17 14:18:18.954,12.88278,12.88489,0.00,0.00
2017.08.17 14:18:19.004,12.88311,12.88529,0.00,0.00
2017.08.17 14:18:19.055,12.88329,12.88568,0.00,0.00
2017.08.17 14:18:19.106,12.88329,12.88512,0.00,0.00
2017.08.17 14:18:19.207,12.88329,12.88532,0.00,0.00
2017.08.17 14:18:19.447,12.88329,12.88569,0.00,0.00
2017.08.17 14:18:19.715,12.88329,12.88532,0.00,0.00
2017.08.17 14:18:19.934,12.88329,12.88551,0.00,0.00
2017.08.17 14:18:20.122,12.88329,12.88532,0.00,0.00
2017.08.17 14:18:20.546,12.88329,12.88568,0.00,0.00
2017.08.17 14:18:20.994,12.88329,12.88532,0.00,0.00
2017.08.17 14:18:21.095,12.88329,12.88568,0.00,0.00
2017.08.17 14:18:21.949,12.88312,12.88498,0.00,0.00
2017.08.17 14:18:22.000,12.88278,12.88488,0.00,0.00
2017.08.17 14:18:22.101,12.88241,12.88461,0.00,0.00
2017.08.17 14:18:22.152,12.88251,12.88461,0.00,0.00
2017.08.17 14:18:22.404,12.88251,12.88472,0.00,0.00
2017.08.17 14:18:22.506,12.88252,12.88481,0.00,0.00
2017.08.17 14:18:22.627,12.88252,12.88452,0.00,0.00
2017.08.17 14:18:22.677,12.88231,12.88452,0.00,0.00
2017.08.17 14:18:22.802,12.88231,12.88442,0.00,0.00
2017.08.17 14:18:23.223,12.88231,12.88481,0.00,0.00
2017.08.17 14:18:23.324,12.88231,12.88451,0.00,0.00
2017.08.17 14:18:23.525,12.88231,12.88472,0.00,0.00
2017.08.17 14:18:23.698,12.88231,12.88442,0.00,0.00
2017.08.17 14:18:23.850,12.88211,12.88429,0.00,0.00
2017.08.17 14:18:23.901,12.88228,12.88412,0.00,0.00
2017.08.17 14:18:24.002,12.88228,12.88441,0.00,0.00
2017.08.17 14:18:24.103,12.88228,12.88468,0.00,0.00
2017.08.17 14:18:24.631,12.88251,12.88469,0.00,0.00
2017.08.17 14:18:24.681,12.88228,12.88469,0.00,0.00
2017.08.17 14:18:24.833,12.88228,12.88441,0.00,0.00
2017.08.17 14:18:25.206,12.88228,12.88469,0.00,0.00
2017.08.17 14:18:25.498,12.88228,12.88442,0.00,0.00
2017.08.17 14:18:25.599,12.88228,12.88468,0.00,0.00
2017.08.17 14:18:25.912,12.88228,12.88461,0.00,0.00
2017.08.17 14:18:26.099,12.88228,12.88469,0.00,0.00
2017.08.17 14:18:26.200,12.88228,12.88462,0.00,0.00
2017.08.17 14:18:26.299,12.88228,12.88469,0.00,0.00
2017.08.17 14:18:26.648,12.88228,12.88431,0.00,0.00
2017.08.17 14:18:26.749,12.88228,12.88442,0.00,0.00
2017.08.17 14:18:26.800,12.88228,12.88432,0.00,0.00
2017.08.17 14:18:27.116,12.88228,12.88452,0.00,0.00
2017.08.17 14:18:27.324,12.88228,12.88468,0.00,0.00
2017.08.17 14:18:27.425,12.88228,12.88432,0.00,0.00
2017.08.17 14:18:27.759,12.88228,12.88469,0.00,0.00
2017.08.17 14:18:28.036,12.88228,12.88432,0.00,0.00
2017.08.17 14:18:28.344,12.88228,12.88442,0.00,0.00
2017.08.17 14:18:28.446,12.88228,12.88422,0.00,0.00
2017.08.17 14:18:28.954,12.88228,12.88411,0.00,0.00
2017.08.17 14:18:29.005,12.88228,12.88452,0.00,0.00
2017.08.17 14:18:29.106,12.88228,12.88469,0.00,0.00
2017.08.17 14:18:29.207,12.88228,12.88452,0.00,0.00
2017.08.17 14:18:29.308,12.88228,12.88468,0.00,0.00
2017.08.17 14:18:29.463,12.88241,12.88469,0.00,0.00
2017.08.17 14:18:29.885,12.88241,12.88451,0.00,0.00
2017.08.17 14:18:29.986,12.88228,12.88451,0.00,0.00
2017.08.17 14:18:30.106,12.88228,12.88441,0.00,0.00
2017.08.17 14:18:30.207,12.88241,12.88469,0.00,0.00
2017.08.17 14:18:30.309,12.88241,12.88442,0.00,0.00
2017.08.17 14:18:30.359,12.88228,12.88442,0.00,0.00
2017.08.17 14:18:30.410,12.88228,12.88432,0.00,0.00
2017.08.17 14:18:30.754,12.88228,12.88441,0.00,0.00
2017.08.17 14:18:30.808,12.88228,12.88421,0.00,0.00
2017.08.17 14:18:31.346,12.88241,12.88412,0.00,0.00
2017.08.17 14:18:31.548,12.88328,12.88542,0.00,0.00
2017.08.17 14:18:31.649,12.88328,12.88562,0.00,0.00
2017.08.17 14:18:31.803,12.88328,12.88568,0.00,0.00
2017.08.17 14:18:31.955,12.88328,12.88512,0.00,0.00
2017.08.17 14:18:32.111,12.88328,12.88542,0.00,0.00
2017.08.17 14:18:32.262,12.88258,12.88488,0.00,0.00
2017.08.17 14:18:32.313,12.88252,12.88452,0.00,0.00
2017.08.17 14:18:32.414,12.88252,12.88461,0.00,0.00
2017.08.17 14:18:32.610,12.88278,12.88461,0.00,0.00
2017.08.17 14:18:32.661,12.88278,12.88501,0.00,0.00
2017.08.17 14:18:32.712,12.88312,12.88501,0.00,0.00
2017.08.17 14:18:32.762,12.88329,12.88532,0.00,0.00
2017.08.17 14:18:32.863,12.88329,12.88552,0.00,0.00
2017.08.17 14:18:33.245,12.88329,12.88561,0.00,0.00
2017.08.17 14:18:33.346,12.88329,12.88569,0.00,0.00
2017.08.17 14:18:33.433,12.88381,12.88569,0.00,0.00
2017.08.17 14:18:33.635,12.88429,12.88641,0.00,0.00
2017.08.17 14:18:33.837,12.88429,12.88622,0.00,0.00
2017.08.17 14:18:33.938,12.88381,12.88629,0.00,0.00
2017.08.17 14:18:34.073,12.88381,12.88602,0.00,0.00
2017.08.17 14:18:34.385,12.88341,12.88562,0.00,0.00
2017.08.17 14:18:34.536,12.88411,12.88642,0.00,0.00
2017.08.17 14:18:34.587,12.88428,12.88642,0.00,0.00
2017.08.17 14:18:34.689,12.88358,12.88588,0.00,0.00
2017.08.17 14:18:34.740,12.88351,12.88589,0.00,0.00
2017.08.17 14:18:34.841,12.88351,12.88561,0.00,0.00
2017.08.17 14:18:35.142,12.88352,12.88588,0.00,0.00
2017.08.17 14:18:35.193,12.88412,12.88601,0.00,0.00
2017.08.17 14:18:35.244,12.88412,12.88622,0.00,0.00
2017.08.17 14:18:35.295,12.88429,12.88622,0.00,0.00
2017.08.17 14:18:35.346,12.88429,12.88632,0.00,0.00
2017.08.17 14:18:35.547,12.88429,12.88602,0.00,0.00
2017.08.17 14:18:35.657,12.88429,12.88631,0.00,0.00
2017.08.17 14:18:35.758,12.88429,12.88651,0.00,0.00
2017.08.17 14:18:35.859,12.88429,12.88662,0.00,0.00
2017.08.17 14:18:35.920,12.88429,12.88621,0.00,0.00
2017.08.17 14:18:36.127,12.88429,12.88642,0.00,0.00
2017.08.17 14:18:36.229,12.88429,12.88661,0.00,0.00
2017.08.17 14:18:36.445,12.88429,12.88632,0.00,0.00
2017.08.17 14:18:36.648,12.88429,12.88662,0.00,0.00
2017.08.17 14:18:36.722,12.88429,12.88632,0.00,0.00
2017.08.17 14:18:36.873,12.88378,12.88588,0.00,0.00
2017.08.17 14:18:36.975,12.88351,12.88589,0.00,0.00
2017.08.17 14:18:37.027,12.88352,12.88562,0.00,0.00
2017.08.17 14:18:37.340,12.88312,12.88472,0.00,0.00
2017.08.17 14:18:37.549,12.88228,12.88412,0.00,0.00
2017.08.17 14:18:37.653,12.88242,12.88412,0.00,0.00
2017.08.17 14:18:37.818,12.88241,12.88461,0.00,0.00
2017.08.17 14:18:37.971,12.88241,12.88432,0.00,0.00
2017.08.17 14:18:38.297,12.88242,12.88421,0.00,0.00
2017.08.17 14:18:38.347,12.88241,12.88431,0.00,0.00
2017.08.17 14:18:38.448,12.88242,12.88451,0.00,0.00
2017.08.17 14:18:38.526,12.88242,12.88441,0.00,0.00
2017.08.17 14:18:38.837,12.88251,12.88462,0.00,0.00
2017.08.17 14:18:38.888,12.88241,12.88462,0.00,0.00
2017.08.17 14:18:38.995,12.88241,12.88472,0.00,0.00
2017.08.17 14:18:39.127,12.88241,12.88431,0.00,0.00
2017.08.17 14:18:39.178,12.88228,12.88431,0.00,0.00
2017.08.17 14:18:39.229,12.88228,12.88461,0.00,0.00
2017.08.17 14:18:39.330,12.88228,12.88431,0.00,0.00
2017.08.17 14:18:39.757,12.88228,12.88422,0.00,0.00
2017.08.17 14:18:39.960,12.88228,12.88442,0.00,0.00
2017.08.17 14:18:40.061,12.88228,12.88432,0.00,0.00
2017.08.17 14:18:40.270,12.88241,12.88462,0.00,0.00
2017.08.17 14:18:40.371,12.88242,12.88452,0.00,0.00
2017.08.17 14:18:40.422,12.88228,12.88452,0.00,0.00
2017.08.17 14:18:40.619,12.88228,12.88471,0.00,0.00
2017.08.17 14:18:40.932,12.88228,12.88452,0.00,0.00
2017.08.17 14:18:41.271,12.88228,12.88442,0.00,0.00
2017.08.17 14:18:41.579,12.88241,12.88472,0.00,0.00
2017.08.17 14:18:41.786,12.88228,12.88472,0.00,0.00
2017.08.17 14:18:41.937,12.88228,12.88441,0.00,0.00
2017.08.17 14:18:42.133,12.88228,12.88472,0.00,0.00
2017.08.17 14:18:42.234,12.88242,12.88472,0.00,0.00
2017.08.17 14:18:42.587,12.88329,12.88562,0.00,0.00
2017.08.17 14:18:42.638,12.88329,12.88568,0.00,0.00
2017.08.17 14:18:42.767,12.88329,12.88561,0.00,0.00
2017.08.17 14:18:42.868,12.88329,12.88568,0.00,0.00
2017.08.17 14:18:43.136,12.88329,12.88552,0.00,0.00
2017.08.17 14:18:43.686,12.88329,12.88532,0.00,0.00
2017.08.17 14:18:44.140,12.88329,12.88569,0.00,0.00
2017.08.17 14:18:44.427,12.88351,12.88569,0.00,0.00
2017.08.17 14:18:44.729,12.88381,12.88589,0.00,0.00
2017.08.17 14:18:44.931,12.88328,12.88561,0.00,0.00
2017.08.17 14:18:45.032,12.88328,12.88589,0.00,0.00
2017.08.17 14:18:45.082,12.88328,12.88541,0.00,0.00
2017.08.17 14:18:45.261,12.88328,12.88558,0.00,0.00
2017.08.17 14:18:45.312,12.88289,12.88488,0.00,0.00
2017.08.17 14:18:45.362,12.88258,12.88488,0.00,0.00
2017.08.17 14:18:45.463,12.88251,12.88481,0.00,0.00
2017.08.17 14:18:45.665,12.88328,12.88562,0.00,0.00
2017.08.17 14:18:45.766,12.88328,12.88568,0.00,0.00
2017.08.17 14:18:46.049,12.88328,12.88531,0.00,0.00
2017.08.17 14:18:46.343,12.88328,12.88551,0.00,0.00
2017.08.17 14:18:46.444,12.88328,12.88531,0.00,0.00
2017.08.17 14:18:46.643,12.88328,12.88551,0.00,0.00
2017.08.17 14:18:46.856,12.88328,12.88532,0.00,0.00
2017.08.17 14:18:47.072,12.88279,12.88489,0.00,0.00
2017.08.17 14:18:47.177,12.88329,12.88472,0.00,0.00
2017.08.17 14:18:47.279,12.88329,12.88558,0.00,0.00
2017.08.17 14:18:47.545,12.88329,12.88551,0.00,0.00
2017.08.17 14:18:47.858,12.88329,12.88531,0.00,0.00
2017.08.17 14:18:47.959,12.88329,12.88552,0.00,0.00
2017.08.17 14:18:48.060,12.88329,12.88532,0.00,0.00
2017.08.17 14:18:48.647,12.88329,12.88542,0.00,0.00
2017.08.17 14:18:48.748,12.88329,12.88522,0.00,0.00
2017.08.17 14:18:48.947,12.88329,12.88552,0.00,0.00
2017.08.17 14:18:49.451,12.88311,12.88541,0.00,0.00
2017.08.17 14:18:49.501,12.88279,12.88488,0.00,0.00
2017.08.17 14:18:49.753,12.88328,12.88562,0.00,0.00
2017.08.17 14:18:50.100,12.88328,12.88532,0.00,0.00
2017.08.17 14:18:50.450,12.88328,12.88541,0.00,0.00
2017.08.17 14:18:50.894,12.88328,12.88552,0.00,0.00
2017.08.17 14:18:51.192,12.88328,12.88522,0.00,0.00
2017.08.17 14:18:51.251,12.88328,12.88552,0.00,0.00
2017.08.17 14:18:51.552,12.88328,12.88522,0.00,0.00
2017.08.17 14:18:51.852,12.88328,12.88552,0.00,0.00
2017.08.17 14:18:52.753,12.88328,12.88542,0.00,0.00
2017.08.17 14:18:53.102,12.88341,12.88569,0.00,0.00
2017.08.17 14:18:53.223,12.88328,12.88569,0.00,0.00
2017.08.17 14:18:53.374,12.88328,12.88532,0.00,0.00
2017.08.17 14:18:53.454,12.88328,12.88562,0.00,0.00
2017.08.17 14:18:53.556,12.88328,12.88542,0.00,0.00
2017.08.17 14:18:53.905,12.88328,12.88569,0.00,0.00
2017.08.17 14:18:54.255,12.88328,12.88551,0.00,0.00
2017.08.17 14:18:54.565,12.88328,12.88532,0.00,0.00
2017.08.17 14:18:54.956,12.88328,12.88522,0.00,0.00
2017.08.17 14:18:55.262,12.88328,12.88531,0.00,0.00
2017.08.17 14:18:55.357,12.88328,12.88552,0.00,0.00
2017.08.17 14:18:55.958,12.88328,12.88542,0.00,0.00
2017.08.17 14:18:56.582,12.88328,12.88551,0.00,0.00
2017.08.17 14:18:57.059,12.88328,12.88522,0.00,0.00
2017.08.17 14:18:57.602,12.88328,12.88551,0.00,0.00
2017.08.17 14:18:57.860,12.88328,12.88542,0.00,0.00
2017.08.17 14:18:58.561,12.88328,12.88511,0.00,0.00
2017.08.17 14:18:58.663,12.88328,12.88522,0.00,0.00
2017.08.17 14:18:59.003,12.88328,12.88511,0.00,0.00
2017.08.17 14:18:59.104,12.88328,12.88542,0.00,0.00
2017.08.17 14:18:59.404,12.88279,12.88489,0.00,0.00
2017.08.17 14:18:59.505,12.88241,12.88462,0.00,0.00
2017.08.17 14:18:59.606,12.88242,12.88441,0.00,0.00
2017.08.17 14:18:59.909,12.88229,12.88442,0.00,0.00
2017.08.17 14:18:59.964,12.88229,12.88432,0.00,0.00
2017.08.17 14:19:00.365,12.88229,12.88462,0.00,0.00
2017.08.17 14:19:00.416,12.88241,12.88462,0.00,0.00
2017.08.17 14:19:00.568,12.88242,12.88472,0.00,0.00
2017.08.17 14:19:00.669,12.88242,12.88422,0.00,0.00
2017.08.17 14:19:00.719,12.88229,12.88422,0.00,0.00
2017.08.17 14:19:01.177,12.88229,12.88432,0.00,0.00
2017.08.17 14:19:01.319,12.88229,12.88452,0.00,0.00
2017.08.17 14:19:01.373,12.88229,12.88432,0.00,0.00
2017.08.17 14:19:01.874,12.88229,12.88421,0.00,0.00
2017.08.17 14:19:02.117,12.88229,12.88442,0.00,0.00
2017.08.17 14:19:02.175,12.88229,12.88461,0.00,0.00
2017.08.17 14:19:02.788,12.88229,12.88432,0.00,0.00
2017.08.17 14:19:03.160,12.88229,12.88462,0.00,0.00
2017.08.17 14:19:03.311,12.88229,12.88472,0.00,0.00
2017.08.17 14:19:03.614,12.88229,12.88431,0.00,0.00
2017.08.17 14:19:03.815,12.88252,12.88481,0.00,0.00
2017.08.17 14:19:03.916,12.88329,12.88489,0.00,0.00
2017.08.17 14:19:04.074,12.88252,12.88488,0.00,0.00
2017.08.17 14:19:04.125,12.88242,12.88488,0.00,0.00
2017.08.17 14:19:04.226,12.88229,12.88488,0.00,0.00
2017.08.17 14:19:04.277,12.88281,12.88489,0.00,0.00
2017.08.17 14:19:04.603,12.88281,12.88491,0.00,0.00
2017.08.17 14:19:04.704,12.88281,12.88461,0.00,0.00
2017.08.17 14:19:05.079,12.88318,12.88461,0.00,0.00
2017.08.17 14:19:05.130,12.88318,12.88528,0.00,0.00
2017.08.17 14:19:05.181,12.88318,12.88531,0.00,0.00
2017.08.17 14:19:05.232,12.88318,12.88512,0.00,0.00
2017.08.17 14:19:05.283,12.88281,12.88501,0.00,0.00
2017.08.17 14:19:05.384,12.88319,12.88472,0.00,0.00
2017.08.17 14:19:05.485,12.88319,12.88518,0.00,0.00
2017.08.17 14:19:05.586,12.88319,12.88512,0.00,0.00
2017.08.17 14:19:05.682,12.88319,12.88528,0.00,0.00
2017.08.17 14:19:05.844,12.88269,12.88531,0.00,0.00
2017.08.17 14:19:05.895,12.88281,12.88512,0.00,0.00
2017.08.17 14:19:06.218,12.88281,12.88472,0.00,0.00
2017.08.17 14:19:06.470,12.88281,12.88499,0.00,0.00
2017.08.17 14:19:06.521,12.88281,12.88462,0.00,0.00
2017.08.17 14:19:06.984,12.88281,12.88492,0.00,0.00
2017.08.17 14:19:07.533,12.88281,12.88492,0.00,0.00
2017.08.17 14:19:07.684,12.88363,12.88492,0.00,0.00
2017.08.17 14:19:07.836,12.88363,12.88531,0.00,0.00
2017.08.17 14:19:07.937,12.88363,12.88542,0.00,0.00
2017.08.17 14:19:08.132,12.88363,12.88531,0.00,0.00
2017.08.17 14:19:08.705,12.88363,12.88512,0.00,0.00
2017.08.17 14:19:08.922,12.88363,12.88552,0.00,0.00
2017.08.17 14:19:08.988,12.88363,12.88562,0.00,0.00
2017.08.17 14:19:09.492,12.88363,12.88512,0.00,0.00
2017.08.17 14:19:09.812,12.88363,12.88551,0.00,0.00
2017.08.17 14:19:10.089,12.88363,12.88542,0.00,0.00
2017.08.17 14:19:10.392,12.88363,12.88532,0.00,0.00
2017.08.17 14:19:10.599,12.88363,12.88552,0.00,0.00
2017.08.17 14:19:10.790,12.88363,12.88531,0.00,0.00
2017.08.17 14:19:10.891,12.88363,12.88551,0.00,0.00
2017.08.17 14:19:11.139,12.88363,12.88532,0.00,0.00
2017.08.17 14:19:11.240,12.88363,12.88562,0.00,0.00
2017.08.17 14:19:11.292,12.88363,12.88522,0.00,0.00
2017.08.17 14:19:11.505,12.88363,12.88552,0.00,0.00
2017.08.17 14:19:11.661,12.88376,12.88571,0.00,0.00
2017.08.17 14:19:11.712,12.88381,12.88582,0.00,0.00
2017.08.17 14:19:11.924,12.88381,12.88542,0.00,0.00
2017.08.17 14:19:12.234,12.88381,12.88591,0.00,0.00
2017.08.17 14:19:12.553,12.88368,12.88542,0.00,0.00
2017.08.17 14:19:12.863,12.88469,12.88641,0.00,0.00
2017.08.17 14:19:13.182,12.88469,12.88612,0.00,0.00
2017.08.17 14:19:13.232,12.88469,12.88632,0.00,0.00
2017.08.17 14:19:13.296,12.88469,12.88652,0.00,0.00
2017.08.17 14:19:13.509,12.88469,12.88632,0.00,0.00
2017.08.17 14:19:13.818,12.88469,12.88652,0.00,0.00
2017.08.17 14:19:13.919,12.88469,12.88621,0.00,0.00
2017.08.17 14:19:14.212,12.88469,12.88642,0.00,0.00
2017.08.17 14:19:14.322,12.88469,12.88611,0.00,0.00
2017.08.17 14:19:14.424,12.88469,12.88641,0.00,0.00
2017.08.17 14:19:14.558,12.88469,12.88622,0.00,0.00
2017.08.17 14:19:14.698,12.88469,12.88651,0.00,0.00
2017.08.17 14:19:14.934,12.88469,12.88611,0.00,0.00
2017.08.17 14:19:15.199,12.88469,12.88651,0.00,0.00
2017.08.17 14:19:15.602,12.88469,12.88622,0.00,0.00
2017.08.17 14:19:15.803,12.88469,12.88652,0.00,0.00
2017.08.17 14:19:16.005,12.88469,12.88622,0.00,0.00
2017.08.17 14:19:16.106,12.88469,12.88652,0.00,0.00
2017.08.17 14:19:16.201,12.88469,12.88641,0.00,0.00
2017.08.17 14:19:16.516,12.88469,12.88621,0.00,0.00
2017.08.17 14:19:16.736,12.88469,12.88631,0.00,0.00
2017.08.17 14:19:16.837,12.88469,12.88622,0.00,0.00
2017.08.17 14:19:16.939,12.88469,12.88652,0.00,0.00
2017.08.17 14:19:17.041,12.88469,12.88662,0.00,0.00
2017.08.17 14:19:17.143,12.88469,12.88631,0.00,0.00
2017.08.17 14:19:17.245,12.88469,12.88662,0.00,0.00
2017.08.17 14:19:17.346,12.88469,12.88622,0.00,0.00
2017.08.17 14:19:17.447,12.88469,12.88632,0.00,0.00
2017.08.17 14:19:17.503,12.88469,12.88651,0.00,0.00
2017.08.17 14:19:17.705,12.88469,12.88661,0.00,0.00
2017.08.17 14:19:17.856,12.88569,12.88669,0.00,0.00
2017.08.17 14:19:18.050,12.88569,12.88712,0.00,0.00
2017.08.17 14:19:18.151,12.88568,12.88722,0.00,0.00
2017.08.17 14:19:18.252,12.88568,12.88732,0.00,0.00
2017.08.17 14:19:18.462,12.88519,12.88699,0.00,0.00
2017.08.17 14:19:18.614,12.88481,12.88662,0.00,0.00
2017.08.17 14:19:18.715,12.88481,12.88642,0.00,0.00
2017.08.17 14:19:18.908,12.88469,12.88661,0.00,0.00
2017.08.17 14:19:19.009,12.88469,12.88682,0.00,0.00
2017.08.17 14:19:19.110,12.88469,12.88632,0.00,0.00
2017.08.17 14:19:19.213,12.88469,12.88641,0.00,0.00
2017.08.17 14:19:19.426,12.88469,12.88682,0.00,0.00
2017.08.17 14:19:19.628,12.88469,12.88652,0.00,0.00
2017.08.17 14:19:19.758,12.88469,12.88699,0.00,0.00
2017.08.17 14:19:19.809,12.88469,12.88652,0.00,0.00
2017.08.17 14:19:20.149,12.88518,12.88642,0.00,0.00
2017.08.17 14:19:20.251,12.88518,12.88672,0.00,0.00
2017.08.17 14:19:20.301,12.88568,12.88672,0.00,0.00
2017.08.17 14:19:20.352,12.88568,12.88742,0.00,0.00
2017.08.17 14:19:20.542,12.88568,12.88731,0.00,0.00
2017.08.17 14:19:20.810,12.88568,12.88772,0.00,0.00
2017.08.17 14:19:21.411,12.88568,12.88751,0.00,0.00
2017.08.17 14:19:21.461,12.88518,12.88719,0.00,0.00
2017.08.17 14:19:21.512,12.88518,12.88731,0.00,0.00
2017.08.17 14:19:21.653,12.88518,12.88702,0.00,0.00
2017.08.17 14:19:21.956,12.88568,12.88712,0.00,0.00
2017.08.17 14:19:22.112,12.88568,12.88742,0.00,0.00
2017.08.17 14:19:22.663,12.88568,12.88741,0.00,0.00
2017.08.17 14:19:22.953,12.88568,12.88751,0.00,0.00
2017.08.17 14:19:23.445,12.88618,12.88722,0.00,0.00
2017.08.17 14:19:23.647,12.88668,12.88871,0.00,0.00
2017.08.17 14:19:24.045,12.88668,12.88862,0.00,0.00
2017.08.17 14:19:24.493,12.88668,12.88841,0.00,0.00
2017.08.17 14:19:24.543,12.88668,12.88852,0.00,0.00
2017.08.17 14:19:25.235,12.88668,12.88871,0.00,0.00
2017.08.17 14:19:25.422,12.88668,12.88841,0.00,0.00
2017.08.17 14:19:25.623,12.88668,12.88852,0.00,0.00
2017.08.17 14:19:25.724,12.88668,12.88882,0.00,0.00
2017.08.17 14:19:25.775,12.88718,12.88882,0.00,0.00
2017.08.17 14:19:25.826,12.88718,12.88891,0.00,0.00
2017.08.17 14:19:25.877,12.88769,12.88891,0.00,0.00
2017.08.17 14:19:26.028,12.88671,12.88841,0.00,0.00
2017.08.17 14:19:26.224,12.88769,12.88869,0.00,0.00
2017.08.17 14:19:26.274,12.88769,12.88922,0.00,0.00
2017.08.17 14:19:26.325,12.88769,12.88942,0.00,0.00
2017.08.17 14:19:26.737,12.88769,12.88922,0.00,0.00
2017.08.17 14:19:26.820,12.88769,12.88941,0.00,0.00
2017.08.17 14:19:27.135,12.88769,12.88962,0.00,0.00
2017.08.17 14:19:27.293,12.88769,12.88951,0.00,0.00
2017.08.17 14:19:27.633,12.88769,12.88921,0.00,0.00
2017.08.17 14:19:27.877,12.88682,12.88912,0.00,0.00
2017.08.17 14:19:27.928,12.88682,12.88899,0.00,0.00
2017.08.17 14:19:28.231,12.88659,12.88832,0.00,0.00
2017.08.17 14:19:28.529,12.88658,12.88872,0.00,0.00
2017.08.17 14:19:28.631,12.88731,12.88832,0.00,0.00
2017.08.17 14:19:28.682,12.88658,12.88832,0.00,0.00
2017.08.17 14:19:28.733,12.88658,12.88932,0.00,0.00
2017.08.17 14:19:28.784,12.88768,12.88932,0.00,0.00
2017.08.17 14:19:28.885,12.88658,12.88899,0.00,0.00
2017.08.17 14:19:28.936,12.88672,12.88898,0.00,0.00
2017.08.17 14:19:29.370,12.88672,12.88842,0.00,0.00
2017.08.17 14:19:29.675,12.88709,12.88842,0.00,0.00
2017.08.17 14:19:29.776,12.88731,12.88872,0.00,0.00
2017.08.17 14:19:29.827,12.88708,12.88872,0.00,0.00
2017.08.17 14:19:29.878,12.88708,12.88899,0.00,0.00
2017.08.17 14:19:29.978,12.88682,12.88881,0.00,0.00
2017.08.17 14:19:30.029,12.88682,12.88842,0.00,0.00
2017.08.17 14:19:30.533,12.88682,12.88852,0.00,0.00
2017.08.17 14:19:30.634,12.88681,12.88842,0.00,0.00
2017.08.17 14:19:30.963,12.88682,12.88821,0.00,0.00
2017.08.17 14:19:31.380,12.88682,12.88861,0.00,0.00
2017.08.17 14:19:31.481,12.88681,12.88822,0.00,0.00
2017.08.17 14:19:31.531,12.88681,12.88862,0.00,0.00
2017.08.17 14:19:31.743,12.88682,12.88822,0.00,0.00
2017.08.17 14:19:32.332,12.88681,12.88852,0.00,0.00
2017.08.17 14:19:32.665,12.88682,12.88821,0.00,0.00
2017.08.17 14:19:33.037,12.88681,12.88861,0.00,0.00
2017.08.17 14:19:33.138,12.88682,12.88811,0.00,0.00
2017.08.17 14:19:33.333,12.88682,12.88831,0.00,0.00
2017.08.17 14:19:33.544,12.88581,12.88798,0.00,0.00
2017.08.17 14:19:33.645,12.88581,12.88731,0.00,0.00
2017.08.17 14:19:33.747,12.88581,12.88742,0.00,0.00
2017.08.17 14:19:33.834,12.88581,12.88772,0.00,0.00
2017.08.17 14:19:33.964,12.88658,12.88772,0.00,0.00
2017.08.17 14:19:34.065,12.88658,12.88782,0.00,0.00
2017.08.17 14:19:34.166,12.88658,12.88862,0.00,0.00
2017.08.17 14:19:34.318,12.88658,12.88839,0.00,0.00
2017.08.17 14:19:34.368,12.88581,12.88799,0.00,0.00
2017.08.17 14:19:34.478,12.88581,12.88791,0.00,0.00
2017.08.17 14:19:34.807,12.88582,12.88781,0.00,0.00
2017.08.17 14:19:34.858,12.88581,12.88799,0.00,0.00
2017.08.17 14:19:35.059,12.88581,12.88761,0.00,0.00
2017.08.17 14:19:35.373,12.88582,12.88772,0.00,0.00
2017.08.17 14:19:35.437,12.88582,12.88752,0.00,0.00
2017.08.17 14:19:35.630,12.88581,12.88782,0.00,0.00
2017.08.17 14:19:35.681,12.88528,12.88782,0.00,0.00
2017.08.17 14:19:35.838,12.88528,12.88761,0.00,0.00
2017.08.17 14:19:36.248,12.88528,12.88741,0.00,0.00
2017.08.17 14:19:36.464,12.88528,12.88752,0.00,0.00
2017.08.17 14:19:36.565,12.88528,12.88792,0.00,0.00
2017.08.17 14:19:36.715,12.88528,12.88752,0.00,0.00
2017.08.17 14:19:37.037,12.88528,12.88742,0.00,0.00
2017.08.17 14:19:37.188,12.88528,12.88762,0.00,0.00
2017.08.17 14:19:37.289,12.88528,12.88792,0.00,0.00
2017.08.17 14:19:37.390,12.88528,12.88782,0.00,0.00
2017.08.17 14:19:37.800,12.88528,12.88741,0.00,0.00
2017.08.17 14:19:37.851,12.88528,12.88762,0.00,0.00
2017.08.17 14:19:38.188,12.88528,12.88742,0.00,0.00
2017.08.17 14:19:38.242,12.88528,12.88782,0.00,0.00
2017.08.17 14:19:38.342,12.88528,12.88742,0.00,0.00
2017.08.17 14:19:38.544,12.88528,12.88782,0.00,0.00
2017.08.17 14:19:38.746,12.88528,12.88741,0.00,0.00
2017.08.17 14:19:38.847,12.88528,12.88782,0.00,0.00
2017.08.17 14:19:38.948,12.88528,12.88751,0.00,0.00
2017.08.17 14:19:39.187,12.88528,12.88781,0.00,0.00
2017.08.17 14:19:39.389,12.88528,12.88791,0.00,0.00
2017.08.17 14:19:39.490,12.88528,12.88782,0.00,0.00
2017.08.17 14:19:39.816,12.88628,12.88741,0.00,0.00
2017.08.17 14:19:39.867,12.88532,12.88761,0.00,0.00
2017.08.17 14:19:39.968,12.88532,12.88782,0.00,0.00
2017.08.17 14:19:40.204,12.88532,12.88751,0.00,0.00
2017.08.17 14:19:40.447,12.88532,12.88782,0.00,0.00
2017.08.17 14:19:40.847,12.88532,12.88752,0.00,0.00
2017.08.17 14:19:41.286,12.88532,12.88762,0.00,0.00
2017.08.17 14:19:41.387,12.88532,12.88781,0.00,0.00
2017.08.17 14:19:41.536,12.88582,12.88762,0.00,0.00
2017.08.17 14:19:41.688,12.88619,12.88802,0.00,0.00
2017.08.17 14:19:41.789,12.88619,12.88831,0.00,0.00
2017.08.17 14:19:41.889,12.88619,12.88841,0.00,0.00
2017.08.17 14:19:41.995,12.88619,12.88852,0.00,0.00
2017.08.17 14:19:42.395,12.88619,12.88861,0.00,0.00
2017.08.17 14:19:42.597,12.88619,12.88811,0.00,0.00
2017.08.17 14:19:42.698,12.88619,12.88832,0.00,0.00
2017.08.17 14:19:42.751,12.88619,12.88862,0.00,0.00
2017.08.17 14:19:43.096,12.88619,12.88852,0.00,0.00
2017.08.17 14:19:43.594,12.88619,12.88831,0.00,0.00
2017.08.17 14:19:43.954,12.88619,12.88862,0.00,0.00
2017.08.17 14:19:44.263,12.88619,12.88851,0.00,0.00
2017.08.17 14:19:44.704,12.88619,12.88832,0.00,0.00
2017.08.17 14:19:44.962,12.88619,12.88852,0.00,0.00
2017.08.17 14:19:45.114,12.88602,12.88831,0.00,0.00
2017.08.17 14:19:45.493,12.88718,12.88881,0.00,0.00
2017.08.17 14:19:45.595,12.88718,12.88931,0.00,0.00
2017.08.17 14:19:45.696,12.88718,12.88942,0.00,0.00
2017.08.17 14:19:45.897,12.88718,12.88952,0.00,0.00
2017.08.17 14:19:46.114,12.88681,12.88932,0.00,0.00
2017.08.17 14:19:46.165,12.88702,12.88912,0.00,0.00
2017.08.17 14:19:46.370,12.88719,12.88942,0.00,0.00
2017.08.17 14:19:46.792,12.88719,12.88932,0.00,0.00
2017.08.17 14:19:46.893,12.88719,12.88942,0.00,0.00
2017.08.17 14:19:47.103,12.88719,12.88931,0.00,0.00
2017.08.17 14:19:47.204,12.88719,12.88942,0.00,0.00
2017.08.17 14:19:47.462,12.88719,12.88911,0.00,0.00
2017.08.17 14:19:47.710,12.88719,12.88942,0.00,0.00
2017.08.17 14:19:47.811,12.88719,12.88951,0.00,0.00
2017.08.17 14:19:47.912,12.88719,12.88962,0.00,0.00
2017.08.17 14:19:48.365,12.88719,12.88952,0.00,0.00
2017.08.17 14:19:48.696,12.88719,12.88932,0.00,0.00
2017.08.17 14:19:48.797,12.88719,12.88952,0.00,0.00
2017.08.17 14:19:48.898,12.88719,12.88902,0.00,0.00
2017.08.17 14:19:49.266,12.88719,12.88892,0.00,0.00
2017.08.17 14:19:49.367,12.88719,12.88901,0.00,0.00
2017.08.17 14:19:49.469,12.88719,12.88921,0.00,0.00
2017.08.17 14:19:49.695,12.88719,12.88942,0.00,0.00
2017.08.17 14:19:49.803,12.88719,12.88901,0.00,0.00
2017.08.17 14:19:49.968,12.88719,12.88932,0.00,0.00
2017.08.17 14:19:50.369,12.88719,12.88912,0.00,0.00
2017.08.17 14:19:50.470,12.88719,12.88931,0.00,0.00
2017.08.17 14:19:50.870,12.88719,12.88901,0.00,0.00
2017.08.17 14:19:51.671,12.88719,12.88902,0.00,0.00
2017.08.17 14:19:52.241,12.88719,12.88901,0.00,0.00
2017.08.17 14:19:52.586,12.88719,12.88892,0.00,0.00
2017.08.17 14:19:52.687,12.88719,12.88921,0.00,0.00
2017.08.17 14:19:53.063,12.88639,12.88882,0.00,0.00
2017.08.17 14:19:53.114,12.88618,12.88882,0.00,0.00
2017.08.17 14:19:53.215,12.88618,12.88811,0.00,0.00
2017.08.17 14:19:53.769,12.88618,12.88812,0.00,0.00
2017.08.17 14:19:54.021,12.88618,12.88831,0.00,0.00
2017.08.17 14:19:54.416,12.88532,12.88782,0.00,0.00
2017.08.17 14:19:54.518,12.88532,12.88722,0.00,0.00
2017.08.17 14:19:54.719,12.88532,12.88752,0.00,0.00
2017.08.17 14:19:54.878,12.88532,12.88762,0.00,0.00
2017.08.17 14:19:54.979,12.88532,12.88721,0.00,0.00
2017.08.17 14:19:55.327,12.88532,12.88712,0.00,0.00
2017.08.17 14:19:55.507,12.88532,12.88741,0.00,0.00
2017.08.17 14:19:55.796,12.88532,12.88712,0.00,0.00
2017.08.17 14:19:55.880,12.88532,12.88722,0.00,0.00
2017.08.17 14:19:56.199,12.88532,12.88712,0.00,0.00
2017.08.17 14:19:56.505,12.88532,12.88702,0.00,0.00
2017.08.17 14:19:56.707,12.88518,12.88739,0.00,0.00
2017.08.17 14:19:56.808,12.88518,12.88701,0.00,0.00
2017.08.17 14:19:56.909,12.88518,12.88752,0.00,0.00
2017.08.17 14:19:57.152,12.88618,12.88762,0.00,0.00
2017.08.17 14:19:57.203,12.88618,12.88851,0.00,0.00
2017.08.17 14:19:57.405,12.88618,12.88821,0.00,0.00
2017.08.17 14:19:57.852,12.88618,12.88811,0.00,0.00
2017.08.17 14:19:58.188,12.88618,12.88832,0.00,0.00
2017.08.17 14:19:58.289,12.88618,12.88851,0.00,0.00
2017.08.17 14:19:58.564,12.88602,12.88798,0.00,0.00
2017.08.17 14:19:58.615,12.88568,12.88822,0.00,0.00
2017.08.17 14:19:58.666,12.88568,12.88809,0.00,0.00
2017.08.17 14:19:58.974,12.88618,12.88751,0.00,0.00
2017.08.17 14:19:59.025,12.88618,12.88822,0.00,0.00
2017.08.17 14:19:59.126,12.88618,12.88832,0.00,0.00
2017.08.17 14:19:59.227,12.88618,12.88852,0.00,0.00
2017.08.17 14:19:59.328,12.88618,12.88842,0.00,0.00
2017.08.17 14:19:59.848,12.88622,12.88842,0.00,0.00
2017.08.17 14:19:59.899,12.88621,12.88851,0.00,0.00
2017.08.17 14:19:59.990,12.88621,12.88872,0.00,0.00
2017.08.17 14:20:00.157,12.88618,12.88872,0.00,0.00
2017.08.17 14:20:00.208,12.88642,12.88872,0.00,0.00
2017.08.17 14:20:00.511,12.88682,12.88822,0.00,0.00
2017.08.17 14:20:00.713,12.88719,12.88931,0.00,0.00
2017.08.17 14:20:01.139,12.88719,12.88941,0.00,0.00
2017.08.17 14:20:01.241,12.88719,12.88891,0.00,0.00
2017.08.17 14:20:01.723,12.88719,12.88942,0.00,0.00
2017.08.17 14:20:01.937,12.88719,12.88891,0.00,0.00
2017.08.17 14:20:02.098,12.88719,12.88942,0.00,0.00
2017.08.17 14:20:02.301,12.88719,12.88932,0.00,0.00
2017.08.17 14:20:02.599,12.88719,12.88952,0.00,0.00
2017.08.17 14:20:02.839,12.88719,12.88941,0.00,0.00
2017.08.17 14:20:03.000,12.88719,12.88911,0.00,0.00
2017.08.17 14:20:03.101,12.88719,12.88942,0.00,0.00
2017.08.17 14:20:03.203,12.88719,12.88952,0.00,0.00
2017.08.17 14:20:03.547,12.88719,12.88931,0.00,0.00
2017.08.17 14:20:03.700,12.88719,12.88952,0.00,0.00
2017.08.17 14:20:03.801,12.88812,12.88952,0.00,0.00
2017.08.17 14:20:03.902,12.88812,12.89031,0.00,0.00
2017.08.17 14:20:03.953,12.88818,12.89042,0.00,0.00
2017.08.17 14:20:04.105,12.88818,12.89002,0.00,0.00
2017.08.17 14:20:04.201,12.88818,12.89042,0.00,0.00
2017.08.17 14:20:04.415,12.88818,12.89011,0.00,0.00
2017.08.17 14:20:04.636,12.88818,12.89042,0.00,0.00
2017.08.17 14:20:04.845,12.88818,12.89052,0.00,0.00
2017.08.17 14:20:05.047,12.88818,12.89061,0.00,0.00
2017.08.17 14:20:05.353,12.88818,12.89002,0.00,0.00
2017.08.17 14:20:05.529,12.88818,12.89052,0.00,0.00
2017.08.17 14:20:05.745,12.88818,12.89041,0.00,0.00
2017.08.17 14:20:05.947,12.88818,12.89051,0.00,0.00
2017.08.17 14:20:06.048,12.88818,12.89042,0.00,0.00
2017.08.17 14:20:06.415,12.88818,12.89011,0.00,0.00
2017.08.17 14:20:06.737,12.88818,12.88991,0.00,0.00
2017.08.17 14:20:06.838,12.88818,12.89032,0.00,0.00
2017.08.17 14:20:07.643,12.88818,12.88992,0.00,0.00
2017.08.17 14:20:07.847,12.88801,12.88981,0.00,0.00
2017.08.17 14:20:07.898,12.88722,12.88981,0.00,0.00
2017.08.17 14:20:07.948,12.88741,12.88941,0.00,0.00
2017.08.17 14:20:08.251,12.88818,12.89002,0.00,0.00
2017.08.17 14:20:08.302,12.88769,12.89002,0.00,0.00
2017.08.17 14:20:08.352,12.88769,12.88982,0.00,0.00
2017.08.17 14:20:08.403,12.88752,12.88982,0.00,0.00
2017.08.17 14:20:08.516,12.88751,12.88942,0.00,0.00
2017.08.17 14:20:08.667,12.88741,12.88942,0.00,0.00
2017.08.17 14:20:08.718,12.88752,12.88942,0.00,0.00
2017.08.17 14:20:09.020,12.88818,12.89042,0.00,0.00
2017.08.17 14:20:09.121,12.88818,12.89081,0.00,0.00
2017.08.17 14:20:09.222,12.88818,12.89061,0.00,0.00
2017.08.17 14:20:09.587,12.88818,12.89012,0.00,0.00
2017.08.17 14:20:09.638,12.88818,12.89052,0.00,0.00
2017.08.17 14:20:09.752,12.88818,12.89022,0.00,0.00
2017.08.17 14:20:09.953,12.88818,12.89062,0.00,0.00
2017.08.17 14:20:10.164,12.88821,12.89062,0.00,0.00
2017.08.17 14:20:10.502,12.88821,12.89042,0.00,0.00
2017.08.17 14:20:10.653,12.88821,12.89071,0.00,0.00
2017.08.17 14:20:11.000,12.88841,12.89071,0.00,0.00
2017.08.17 14:20:11.101,12.88818,12.89071,0.00,0.00
2017.08.17 14:20:11.269,12.88818,12.89062,0.00,0.00
2017.08.17 14:20:11.621,12.88841,12.89032,0.00,0.00
2017.08.17 14:20:11.767,12.88821,12.89032,0.00,0.00
2017.08.17 14:20:11.868,12.88822,12.89021,0.00,0.00
2017.08.17 14:20:11.921,12.88822,12.89042,0.00,0.00
2017.08.17 14:20:12.021,12.88822,12.89021,0.00,0.00
2017.08.17 14:20:12.546,12.88822,12.89042,0.00,0.00
2017.08.17 14:20:12.597,12.88818,12.88998,0.00,0.00
2017.08.17 14:20:12.648,12.88742,12.88981,0.00,0.00
2017.08.17 14:20:12.811,12.88719,12.88921,0.00,0.00
2017.08.17 14:20:13.159,12.88719,12.88902,0.00,0.00
2017.08.17 14:20:13.360,12.88819,12.89032,0.00,0.00
2017.08.17 14:20:13.571,12.89019,12.89158,0.00,0.00
2017.08.17 14:20:13.625,12.89019,12.89192,0.00,0.00
2017.08.17 14:20:13.789,12.89019,12.89201,0.00,0.00
2017.08.17 14:20:13.840,12.89019,12.89211,0.00,0.00
2017.08.17 14:20:13.941,12.88968,12.89199,0.00,0.00
2017.08.17 14:20:13.992,12.88921,12.89182,0.00,0.00
2017.08.17 14:20:14.042,12.88921,12.89132,0.00,0.00
2017.08.17 14:20:14.144,12.88922,12.89141,0.00,0.00
2017.08.17 14:20:14.405,12.88922,12.89162,0.00,0.00
2017.08.17 14:20:14.618,12.88918,12.89162,0.00,0.00
2017.08.17 14:20:14.668,12.88921,12.89141,0.00,0.00
2017.08.17 14:20:14.997,12.88918,12.89122,0.00,0.00
2017.08.17 14:20:15.128,12.88918,12.89131,0.00,0.00
2017.08.17 14:20:15.229,12.88918,12.89162,0.00,0.00
2017.08.17 14:20:15.451,12.88918,12.89122,0.00,0.00
2017.08.17 14:20:15.630,12.88918,12.89132,0.00,0.00
2017.08.17 14:20:15.729,12.88918,12.89142,0.00,0.00
2017.08.17 14:20:15.830,12.88918,12.89112,0.00,0.00
2017.08.17 14:20:15.931,12.88921,12.89142,0.00,0.00
2017.08.17 14:20:16.355,12.88922,12.89152,0.00,0.00
2017.08.17 14:20:16.531,12.88921,12.89121,0.00,0.00
2017.08.17 14:20:16.733,12.88922,12.89151,0.00,0.00
2017.08.17 14:20:16.989,12.88918,12.89151,0.00,0.00
2017.08.17 14:20:17.040,12.88918,12.89102,0.00,0.00
2017.08.17 14:20:17.389,12.88918,12.89132,0.00,0.00
2017.08.17 14:20:17.533,12.88918,12.89101,0.00,0.00
2017.08.17 14:20:17.968,12.88918,12.89132,0.00,0.00
2017.08.17 14:20:18.034,12.88918,12.89112,0.00,0.00
2017.08.17 14:20:18.335,12.88918,12.89101,0.00,0.00
2017.08.17 14:20:18.501,12.88869,12.89101,0.00,0.00
2017.08.17 14:20:18.554,12.88869,12.89092,0.00,0.00
2017.08.17 14:20:18.756,12.88868,12.89102,0.00,0.00
2017.08.17 14:20:18.936,12.88868,12.89072,0.00,0.00
2017.08.17 14:20:18.987,12.88841,12.89072,0.00,0.00
2017.08.17 14:20:19.037,12.88842,12.89061,0.00,0.00
2017.08.17 14:20:19.340,12.88919,12.89121,0.00,0.00
2017.08.17 14:20:19.677,12.88918,12.89082,0.00,0.00
2017.08.17 14:20:19.778,12.88918,12.89142,0.00,0.00
2017.08.17 14:20:19.879,12.88918,12.89132,0.00,0.00
2017.08.17 14:20:20.228,12.88918,12.89112,0.00,0.00
2017.08.17 14:20:20.278,12.88918,12.89131,0.00,0.00
2017.08.17 14:20:20.379,12.88918,12.89141,0.00,0.00
2017.08.17 14:20:20.862,12.88918,12.89112,0.00,0.00
2017.08.17 14:20:21.192,12.88918,12.89141,0.00,0.00
2017.08.17 14:20:21.243,12.88918,12.89152,0.00,0.00
2017.08.17 14:20:21.387,12.88918,12.89121,0.00,0.00
2017.08.17 14:20:21.689,12.88918,12.89112,0.00,0.00
2017.08.17 14:20:21.892,12.88918,12.89121,0.00,0.00
2017.08.17 14:20:21.944,12.88918,12.89081,0.00,0.00
2017.08.17 14:20:22.244,12.88918,12.89102,0.00,0.00
2017.08.17 14:20:22.345,12.88918,12.89122,0.00,0.00
2017.08.17 14:20:22.464,12.88918,12.89141,0.00,0.00
2017.08.17 14:20:22.876,12.88918,12.89151,0.00,0.00
2017.08.17 14:20:23.045,12.88918,12.89141,0.00,0.00
2017.08.17 14:20:23.147,12.88918,12.89162,0.00,0.00
2017.08.17 14:20:23.387,12.88918,12.89121,0.00,0.00
2017.08.17 14:20:23.868,12.89019,12.89182,0.00,0.00
2017.08.17 14:20:23.969,12.89019,12.89212,0.00,0.00
2017.08.17 14:20:24.171,12.89019,12.89221,0.00,0.00
2017.08.17 14:20:24.498,12.89019,12.89192,0.00,0.00
2017.08.17 14:20:24.700,12.89019,12.89222,0.00,0.00
2017.08.17 14:20:24.817,12.89019,12.89192,0.00,0.00
2017.08.17 14:20:24.919,12.88968,12.89192,0.00,0.00
2017.08.17 14:20:24.970,12.88968,12.89172,0.00,0.00
2017.08.17 14:20:25.021,12.88931,12.89172,0.00,0.00
2017.08.17 14:20:25.071,12.88931,12.89141,0.00,0.00
2017.08.17 14:20:25.172,12.88931,12.89161,0.00,0.00
2017.08.17 14:20:25.273,12.88931,12.89132,0.00,0.00
2017.08.17 14:20:25.475,12.89019,12.89232,0.00,0.00
2017.08.17 14:20:25.576,12.89019,12.89241,0.00,0.00
2017.08.17 14:20:25.763,12.89019,12.89261,0.00,0.00
2017.08.17 14:20:25.864,12.89019,12.89252,0.00,0.00
2017.08.17 14:20:26.167,12.89019,12.89222,0.00,0.00
2017.08.17 14:20:26.268,12.89019,12.89262,0.00,0.00
2017.08.17 14:20:26.369,12.89019,12.89251,0.00,0.00
2017.08.17 14:20:26.470,12.89019,12.89261,0.00,0.00
2017.08.17 14:20:26.790,12.89019,12.89232,0.00,0.00
2017.08.17 14:20:27.064,12.89019,12.89252,0.00,0.00
2017.08.17 14:20:27.366,12.89022,12.89252,0.00,0.00
2017.08.17 14:20:27.533,12.89019,12.89252,0.00,0.00
2017.08.17 14:20:27.584,12.89019,12.89211,0.00,0.00
2017.08.17 14:20:27.787,12.89102,12.89321,0.00,0.00
2017.08.17 14:20:27.838,12.89118,12.89321,0.00,0.00
2017.08.17 14:20:27.889,12.89118,12.89332,0.00,0.00
2017.08.17 14:20:27.940,12.89122,12.89332,0.00,0.00
2017.08.17 14:20:27.991,12.89122,12.89342,0.00,0.00
2017.08.17 14:20:28.328,12.89121,12.89322,0.00,0.00
2017.08.17 14:20:28.586,12.89118,12.89332,0.00,0.00
2017.08.17 14:20:28.687,12.89118,12.89302,0.00,0.00
2017.08.17 14:20:28.896,12.89118,12.89311,0.00,0.00
2017.08.17 14:20:29.039,12.89118,12.89342,0.00,0.00
2017.08.17 14:20:29.292,12.89081,12.89311,0.00,0.00
2017.08.17 14:20:29.342,12.89101,12.89311,0.00,0.00
2017.08.17 14:20:29.649,12.89118,12.89282,0.00,0.00
2017.08.17 14:20:29.790,12.89118,12.89291,0.00,0.00
2017.08.17 14:20:29.891,12.89118,12.89332,0.00,0.00
2017.08.17 14:20:30.063,12.89118,12.89292,0.00,0.00
2017.08.17 14:20:30.265,12.89118,12.89331,0.00,0.00
2017.08.17 14:20:30.366,12.89118,12.89301,0.00,0.00
2017.08.17 14:20:30.676,12.89118,12.89332,0.00,0.00
2017.08.17 14:20:30.979,12.89118,12.89302,0.00,0.00
2017.08.17 14:20:31.291,12.89118,12.89292,0.00,0.00
2017.08.17 14:20:31.672,12.89118,12.89311,0.00,0.00
2017.08.17 14:20:32.395,12.89219,12.89319,0.00,0.00
2017.08.17 14:20:32.496,12.89209,12.89431,0.00,0.00
2017.08.17 14:20:32.597,12.89209,12.89412,0.00,0.00
2017.08.17 14:20:32.799,12.89209,12.89422,0.00,0.00
2017.08.17 14:20:33.172,12.89209,12.89392,0.00,0.00
2017.08.17 14:20:33.375,12.89209,12.89422,0.00,0.00
2017.08.17 14:20:33.577,12.89292,12.89409,0.00,0.00
2017.08.17 14:20:33.678,12.89321,12.89532,0.00,0.00
2017.08.17 14:20:33.780,12.89308,12.89522,0.00,0.00
2017.08.17 14:20:33.881,12.89308,12.89492,0.00,0.00
2017.08.17 14:20:34.104,12.89351,12.89551,0.00,0.00
2017.08.17 14:20:34.155,12.89341,12.89551,0.00,0.00
2017.08.17 14:20:34.306,12.89342,12.89511,0.00,0.00
2017.08.17 14:20:34.357,12.89308,12.89511,0.00,0.00
2017.08.17 14:20:34.512,12.89308,12.89501,0.00,0.00
2017.08.17 14:20:34.613,12.89308,12.89511,0.00,0.00
2017.08.17 14:20:34.714,12.89308,12.89522,0.00,0.00
2017.08.17 14:20:34.815,12.89308,12.89502,0.00,0.00
2017.08.17 14:20:35.174,12.89308,12.89522,0.00,0.00
2017.08.17 14:20:35.374,12.89321,12.89522,0.00,0.00
2017.08.17 14:20:35.475,12.89308,12.89541,0.00,0.00
2017.08.17 14:20:35.576,12.89259,12.89471,0.00,0.00
2017.08.17 14:20:35.778,12.89211,12.89431,0.00,0.00
2017.08.17 14:20:35.828,12.89309,12.89431,0.00,0.00
2017.08.17 14:20:35.879,12.89309,12.89451,0.00,0.00
2017.08.17 14:20:36.057,12.89309,12.89541,0.00,0.00
2017.08.17 14:20:36.108,12.89371,12.89552,0.00,0.00
2017.08.17 14:20:36.209,12.89392,12.89621,0.00,0.00
2017.08.17 14:20:36.260,12.89408,12.89621,0.00,0.00
2017.08.17 14:20:36.310,12.89408,12.89632,0.00,0.00
2017.08.17 14:20:36.488,12.89471,12.89632,0.00,0.00
2017.08.17 14:20:36.589,12.89521,12.89691,0.00,0.00
2017.08.17 14:20:36.640,12.89541,12.89691,0.00,0.00
2017.08.17 14:20:36.790,12.89559,12.89752,0.00,0.00
2017.08.17 14:20:36.841,12.89571,12.89752,0.00,0.00
2017.08.17 14:20:36.891,12.89571,12.89791,0.00,0.00
2017.08.17 14:20:36.992,12.89551,12.89789,0.00,0.00
2017.08.17 14:20:37.043,12.89542,12.89732,0.00,0.00
2017.08.17 14:20:37.094,12.89471,12.89722,0.00,0.00
2017.08.17 14:20:37.195,12.89471,12.89701,0.00,0.00
2017.08.17 14:20:37.396,12.89571,12.89812,0.00,0.00
2017.08.17 14:20:37.497,12.89572,12.89802,0.00,0.00
2017.08.17 14:20:37.691,12.89538,12.89801,0.00,0.00
2017.08.17 14:20:37.741,12.89572,12.89801,0.00,0.00
2017.08.17 14:20:38.080,12.89572,12.89792,0.00,0.00
2017.08.17 14:20:38.383,12.89571,12.89731,0.00,0.00
2017.08.17 14:20:38.738,12.89571,12.89761,0.00,0.00
2017.08.17 14:20:38.789,12.89551,12.89789,0.00,0.00
2017.08.17 14:20:38.840,12.89552,12.89792,0.00,0.00
2017.08.17 14:20:38.941,12.89539,12.89789,0.00,0.00
2017.08.17 14:20:38.991,12.89521,12.89731,0.00,0.00
2017.08.17 14:20:39.042,12.89472,12.89731,0.00,0.00
2017.08.17 14:20:39.093,12.89472,12.89701,0.00,0.00
2017.08.17 14:20:39.395,12.89472,12.89712,0.00,0.00
2017.08.17 14:20:39.574,12.89471,12.89682,0.00,0.00
2017.08.17 14:20:39.876,12.89371,12.89571,0.00,0.00
2017.08.17 14:20:39.927,12.89371,12.89631,0.00,0.00
2017.08.17 14:20:40.431,12.89372,12.89601,0.00,0.00
2017.08.17 14:20:40.532,12.89372,12.89631,0.00,0.00
2017.08.17 14:20:40.683,12.89421,12.89632,0.00,0.00
2017.08.17 14:20:40.734,12.89372,12.89632,0.00,0.00
2017.08.17 14:20:40.836,12.89319,12.89569,0.00,0.00
2017.08.17 14:20:41.139,12.89271,12.89519,0.00,0.00
2017.08.17 14:20:41.454,12.89271,12.89482,0.00,0.00
2017.08.17 14:20:41.505,12.89271,12.89502,0.00,0.00
2017.08.17 14:20:41.606,12.89248,12.89469,0.00,0.00
2017.08.17 14:20:41.707,12.89171,12.89419,0.00,0.00
2017.08.17 14:20:41.960,12.89152,12.89381,0.00,0.00
2017.08.17 14:20:42.061,12.89171,12.89401,0.00,0.00
2017.08.17 14:20:42.112,12.89171,12.89419,0.00,0.00
2017.08.17 14:20:42.345,12.89169,12.89368,0.00,0.00
2017.08.17 14:20:42.396,12.89089,12.89342,0.00,0.00
2017.08.17 14:20:42.447,12.89089,12.89308,0.00,0.00
2017.08.17 14:20:42.499,12.89072,12.89308,0.00,0.00
2017.08.17 14:20:42.651,12.89068,12.89281,0.00,0.00
2017.08.17 14:20:42.702,12.88999,12.89268,0.00,0.00
2017.08.17 14:20:42.752,12.89022,12.89218,0.00,0.00
2017.08.17 14:20:42.964,12.89071,12.89309,0.00,0.00
2017.08.17 14:20:43.236,12.89071,12.89301,0.00,0.00
2017.08.17 14:20:43.546,12.89121,12.89309,0.00,0.00
2017.08.17 14:20:43.900,12.89072,12.89308,0.00,0.00
2017.08.17 14:20:44.001,12.89072,12.89281,0.00,0.00
2017.08.17 14:20:44.102,12.89071,12.89309,0.00,0.00
2017.08.17 14:20:44.203,12.89131,12.89309,0.00,0.00
2017.08.17 14:20:44.253,12.89121,12.89309,0.00,0.00
2017.08.17 14:20:44.354,12.89089,12.89309,0.00,0.00
2017.08.17 14:20:44.405,12.89071,12.89309,0.00,0.00
2017.08.17 14:20:45.096,12.89058,12.89268,0.00,0.00
2017.08.17 14:20:45.147,12.89029,12.89268,0.00,0.00
2017.08.17 14:20:45.198,12.88989,12.89232,0.00,0.00
2017.08.17 14:20:45.248,12.89021,12.89219,0.00,0.00
2017.08.17 14:20:45.475,12.89071,12.89309,0.00,0.00
2017.08.17 14:20:45.626,12.89071,12.89291,0.00,0.00
2017.08.17 14:20:45.756,12.89031,12.89269,0.00,0.00
2017.08.17 14:20:45.807,12.89031,12.89232,0.00,0.00
2017.08.17 14:20:45.908,12.89022,12.89232,0.00,0.00
2017.08.17 14:20:45.958,12.89031,12.89232,0.00,0.00
2017.08.17 14:20:46.009,12.89032,12.89262,0.00,0.00
2017.08.17 14:20:46.341,12.89031,12.89211,0.00,0.00
2017.08.17 14:20:46.492,12.89021,12.89211,0.00,0.00
2017.08.17 14:20:46.543,12.89032,12.89232,0.00,0.00
2017.08.17 14:20:46.644,12.89071,12.89261,0.00,0.00
2017.08.17 14:20:46.745,12.89071,12.89319,0.00,0.00
2017.08.17 14:20:47.049,12.89071,12.89312,0.00,0.00
2017.08.17 14:20:47.203,12.89071,12.89319,0.00,0.00
2017.08.17 14:20:47.622,12.89071,12.89282,0.00,0.00
2017.08.17 14:20:47.925,12.88989,12.89269,0.00,0.00
2017.08.17 14:20:47.976,12.88989,12.89218,0.00,0.00
2017.08.17 14:20:48.391,12.89031,12.89219,0.00,0.00
2017.08.17 14:20:48.494,12.89032,12.89242,0.00,0.00
2017.08.17 14:20:48.545,12.89032,12.89268,0.00,0.00
2017.08.17 14:20:48.795,12.89071,12.89272,0.00,0.00
2017.08.17 14:20:48.896,12.89001,12.89219,0.00,0.00
2017.08.17 14:20:48.947,12.89002,12.89191,0.00,0.00
2017.08.17 14:20:49.098,12.88972,12.89192,0.00,0.00
2017.08.17 14:20:49.149,12.88971,12.89202,0.00,0.00
2017.08.17 14:20:49.720,12.88971,12.89219,0.00,0.00
2017.08.17 14:20:49.770,12.88971,12.89132,0.00,0.00
2017.08.17 14:20:49.821,12.88932,12.89121,0.00,0.00
2017.08.17 14:20:49.922,12.88931,12.89119,0.00,0.00
2017.08.17 14:20:50.023,12.88931,12.89132,0.00,0.00
2017.08.17 14:20:50.229,12.88938,12.89169,0.00,0.00
2017.08.17 14:20:50.330,12.88931,12.89169,0.00,0.00
2017.08.17 14:20:50.445,12.88971,12.89172,0.00,0.00
2017.08.17 14:20:50.546,12.88972,12.89218,0.00,0.00
2017.08.17 14:20:50.848,12.88972,12.89211,0.00,0.00
2017.08.17 14:20:51.149,12.88972,12.89218,0.00,0.00
2017.08.17 14:20:51.200,12.88971,12.89182,0.00,0.00
2017.08.17 14:20:51.502,12.88921,12.89112,0.00,0.00
2017.08.17 14:20:51.553,12.88921,12.89119,0.00,0.00
2017.08.17 14:20:51.755,12.88921,12.89111,0.00,0.00
2017.08.17 14:20:52.057,12.88871,12.89119,0.00,0.00
2017.08.17 14:20:52.545,12.88872,12.89111,0.00,0.00
2017.08.17 14:20:52.848,12.88871,12.89119,0.00,0.00
2017.08.17 14:20:53.454,12.88872,12.89118,0.00,0.00
2017.08.17 14:20:53.766,12.88931,12.89119,0.00,0.00
2017.08.17 14:20:53.817,12.88972,12.89181,0.00,0.00
2017.08.17 14:20:54.014,12.88931,12.89131,0.00,0.00
2017.08.17 14:20:54.065,12.88931,12.89152,0.00,0.00
2017.08.17 14:20:54.115,12.88971,12.89152,0.00,0.00
2017.08.17 14:20:54.267,12.88972,12.89212,0.00,0.00
2017.08.17 14:20:54.368,12.88971,12.89219,0.00,0.00
2017.08.17 14:20:54.913,12.88972,12.89218,0.00,0.00
2017.08.17 14:20:54.964,12.88971,12.89161,0.00,0.00
2017.08.17 14:20:55.065,12.88971,12.89172,0.00,0.00
2017.08.17 14:20:55.116,12.89071,12.89172,0.00,0.00
2017.08.17 14:20:55.167,12.89072,12.89261,0.00,0.00
2017.08.17 14:20:55.268,12.89071,12.89319,0.00,0.00
2017.08.17 14:20:55.558,12.89072,12.89311,0.00,0.00
2017.08.17 14:20:55.621,12.89072,12.89318,0.00,0.00
2017.08.17 14:20:56.154,12.89072,12.89301,0.00,0.00
2017.08.17 14:20:56.355,12.89071,12.89319,0.00,0.00
2017.08.17 14:20:56.406,12.89121,12.89319,0.00,0.00
2017.08.17 14:20:56.507,12.89088,12.89342,0.00,0.00
2017.08.17 14:20:56.557,12.89088,12.89319,0.00,0.00
2017.08.17 14:20:56.608,12.89072,12.89318,0.00,0.00
2017.08.17 14:20:56.659,12.89072,12.89311,0.00,0.00
2017.08.17 14:20:56.724,12.89072,12.89318,0.00,0.00
2017.08.17 14:20:57.059,12.89072,12.89312,0.00,0.00
2017.08.17 14:20:57.345,12.89071,12.89319,0.00,0.00
2017.08.17 14:20:57.507,12.89171,12.89341,0.00,0.00
2017.08.17 14:20:57.658,12.89172,12.89412,0.00,0.00
2017.08.17 14:20:57.856,12.89171,12.89382,0.00,0.00
2017.08.17 14:20:57.962,12.89171,12.89391,0.00,0.00
2017.08.17 14:20:58.063,12.89171,12.89381,0.00,0.00
2017.08.17 14:20:58.229,12.89171,12.89412,0.00,0.00
2017.08.17 14:20:58.629,12.89202,12.89411,0.00,0.00
2017.08.17 14:20:58.680,12.89201,12.89419,0.00,0.00
2017.08.17 14:20:58.846,12.89202,12.89412,0.00,0.00
2017.08.17 14:20:58.947,12.89171,12.89392,0.00,0.00
2017.08.17 14:20:59.048,12.89201,12.89391,0.00,0.00
2017.08.17 14:20:59.214,12.89171,12.89391,0.00,0.00
2017.08.17 14:20:59.365,12.89171,12.89372,0.00,0.00
2017.08.17 14:20:59.586,12.89171,12.89391,0.00,0.00
2017.08.17 14:20:59.681,12.89202,12.89391,0.00,0.00
2017.08.17 14:20:59.782,12.89201,12.89419,0.00,0.00
2017.08.17 14:21:00.256,12.89171,12.89391,0.00,0.00
2017.08.17 14:21:00.715,12.89231,12.89391,0.00,0.00
2017.08.17 14:21:00.766,12.89231,12.89419,0.00,0.00
2017.08.17 14:21:00.867,12.89201,12.89402,0.00,0.00
2017.08.17 14:21:00.918,12.89221,12.89402,0.00,0.00
2017.08.17 14:21:01.237,12.89222,12.89392,0.00,0.00
2017.08.17 14:21:01.288,12.89221,12.89419,0.00,0.00
2017.08.17 14:21:01.390,12.89222,12.89402,0.00,0.00
2017.08.17 14:21:01.491,12.89222,12.89418,0.00,0.00
2017.08.17 14:21:01.542,12.89139,12.89319,0.00,0.00
2017.08.17 14:21:01.593,12.89121,12.89302,0.00,0.00
2017.08.17 14:21:01.794,12.89121,12.89312,0.00,0.00
2017.08.17 14:21:01.966,12.89121,12.89301,0.00,0.00
2017.08.17 14:21:02.017,12.89071,12.89301,0.00,0.00
2017.08.17 14:21:02.342,12.89031,12.89269,0.00,0.00
2017.08.17 14:21:02.392,12.89031,12.89219,0.00,0.00
2017.08.17 14:21:02.443,12.89021,12.89219,0.00,0.00
2017.08.17 14:21:02.762,12.89022,12.89212,0.00,0.00
2017.08.17 14:21:03.064,12.88978,12.89219,0.00,0.00
2017.08.17 14:21:03.216,12.88998,12.89262,0.00,0.00
2017.08.17 14:21:03.266,12.88998,12.89232,0.00,0.00
2017.08.17 14:21:03.709,12.88998,12.89251,0.00,0.00
2017.08.17 14:21:03.760,12.88971,12.89219,0.00,0.00
2017.08.17 14:21:04.063,12.88879,12.89119,0.00,0.00
2017.08.17 14:21:04.365,12.88921,12.89119,0.00,0.00
2017.08.17 14:21:04.950,12.88922,12.89118,0.00,0.00
2017.08.17 14:21:05.493,12.88921,12.89119,0.00,0.00
2017.08.17 14:21:05.997,12.88931,12.89152,0.00,0.00
2017.08.17 14:21:06.048,12.89021,12.89152,0.00,0.00
2017.08.17 14:21:06.200,12.89001,12.89219,0.00,0.00
2017.08.17 14:21:06.415,12.88979,12.89218,0.00,0.00
2017.08.17 14:21:06.516,12.88971,12.89219,0.00,0.00
2017.08.17 14:21:06.730,12.89021,12.89219,0.00,0.00
2017.08.17 14:21:06.982,12.88972,12.89218,0.00,0.00
2017.08.17 14:21:07.184,12.88989,12.89219,0.00,0.00
2017.08.17 14:21:07.464,12.88971,12.89219,0.00,0.00
2017.08.17 14:21:07.565,12.88972,12.89211,0.00,0.00
2017.08.17 14:21:07.767,12.88972,12.89218,0.00,0.00
2017.08.17 14:21:07.880,12.88979,12.89219,0.00,0.00
2017.08.17 14:21:08.386,12.88971,12.89219,0.00,0.00
2017.08.17 14:21:08.705,12.88972,12.89201,0.00,0.00
2017.08.17 14:21:08.762,12.88988,12.89218,0.00,0.00
2017.08.17 14:21:09.297,12.88958,12.89168,0.00,0.00
2017.08.17 14:21:09.664,12.88921,12.89119,0.00,0.00
2017.08.17 14:21:10.196,12.88922,12.89118,0.00,0.00
2017.08.17 14:21:10.597,12.88878,12.89032,0.00,0.00
2017.08.17 14:21:10.750,12.88898,12.89119,0.00,0.00
2017.08.17 14:21:10.801,12.88872,12.89118,0.00,0.00
2017.08.17 14:21:10.901,12.88872,12.89091,0.00,0.00
2017.08.17 14:21:11.002,12.88879,12.89119,0.00,0.00
2017.08.17 14:21:11.103,12.88872,12.89118,0.00,0.00
2017.08.17 14:21:11.607,12.88901,12.89119,0.00,0.00
2017.08.17 14:21:11.909,12.88972,12.89201,0.00,0.00
2017.08.17 14:21:11.969,12.88972,12.89181,0.00,0.00
2017.08.17 14:21:12.070,12.88898,12.89119,0.00,0.00
2017.08.17 14:21:12.171,12.88839,12.89111,0.00,0.00
2017.08.17 14:21:12.308,12.88871,12.89111,0.00,0.00
2017.08.17 14:21:12.408,12.88872,12.89118,0.00,0.00
2017.08.17 14:21:12.536,12.88921,12.89119,0.00,0.00
2017.08.17 14:21:12.839,12.89021,12.89202,0.00,0.00
2017.08.17 14:21:12.890,12.89021,12.89219,0.00,0.00
2017.08.17 14:21:13.367,12.89021,12.89192,0.00,0.00
2017.08.17 14:21:13.418,12.88972,12.89182,0.00,0.00
2017.08.17 14:21:13.469,12.89032,12.89182,0.00,0.00
2017.08.17 14:21:13.721,12.89071,12.89309,0.00,0.00
2017.08.17 14:21:13.772,12.89038,12.89281,0.00,0.00
2017.08.17 14:21:13.822,12.89028,12.89219,0.00,0.00
2017.08.17 14:21:13.924,12.89002,12.89212,0.00,0.00
2017.08.17 14:21:14.093,12.89021,12.89219,0.00,0.00
2017.08.17 14:21:14.396,12.89031,12.89219,0.00,0.00
2017.08.17 14:21:14.626,12.89021,12.89219,0.00,0.00
2017.08.17 14:21:15.225,12.89022,12.89212,0.00,0.00
2017.08.17 14:21:15.276,12.88971,12.89212,0.00,0.00
2017.08.17 14:21:15.703,12.89031,12.89212,0.00,0.00
2017.08.17 14:21:15.754,12.89022,12.89212,0.00,0.00
2017.08.17 14:21:15.805,12.89021,12.89201,0.00,0.00
2017.08.17 14:21:15.905,12.89031,12.89219,0.00,0.00
2017.08.17 14:21:15.956,12.89021,12.89219,0.00,0.00
2017.08.17 14:21:16.057,12.89032,12.89218,0.00,0.00
2017.08.17 14:21:16.361,12.88971,12.89219,0.00,0.00
2017.08.17 14:21:16.488,12.88971,12.89212,0.00,0.00
2017.08.17 14:21:16.791,12.89022,12.89218,0.00,0.00
2017.08.17 14:21:16.892,12.88972,12.89218,0.00,0.00
2017.08.17 14:21:17.025,12.88972,12.89201,0.00,0.00
2017.08.17 14:21:17.227,12.88972,12.89218,0.00,0.00
2017.08.17 14:21:17.327,12.88972,12.89192,0.00,0.00
2017.08.17 14:21:17.596,12.88938,12.89182,0.00,0.00
2017.08.17 14:21:17.647,12.88921,12.89119,0.00,0.00
2017.08.17 14:21:17.949,12.88931,12.89122,0.00,0.00
2017.08.17 14:21:18.000,12.88931,12.89162,0.00,0.00
2017.08.17 14:21:18.200,12.88972,12.89162,0.00,0.00
2017.08.17 14:21:18.402,12.88971,12.89219,0.00,0.00
2017.08.17 14:21:18.705,12.88971,12.89191,0.00,0.00
2017.08.17 14:21:18.888,12.88971,12.89202,0.00,0.00
2017.08.17 14:21:19.391,12.88972,12.89218,0.00,0.00
2017.08.17 14:21:19.700,12.88971,12.89192,0.00,0.00
2017.08.17 14:21:20.009,12.88971,12.89182,0.00,0.00
2017.08.17 14:21:20.247,12.88888,12.89169,0.00,0.00
2017.08.17 14:21:20.298,12.88918,12.89118,0.00,0.00
2017.08.17 14:21:20.542,12.88871,12.89112,0.00,0.00
2017.08.17 14:21:20.594,12.88871,12.89119,0.00,0.00
2017.08.17 14:21:20.695,12.88871,12.89081,0.00,0.00
2017.08.17 14:21:20.898,12.88871,12.89119,0.00,0.00
2017.08.17 14:21:21.100,12.88872,12.89082,0.00,0.00
2017.08.17 14:21:21.201,12.88872,12.89102,0.00,0.00
2017.08.17 14:21:21.447,12.88871,12.89119,0.00,0.00
2017.08.17 14:21:21.498,12.88871,12.89091,0.00,0.00
2017.08.17 14:21:21.549,12.88831,12.89059,0.00,0.00
2017.08.17 14:21:21.599,12.88871,12.89071,0.00,0.00
2017.08.17 14:21:21.700,12.88871,12.89101,0.00,0.00
2017.08.17 14:21:21.801,12.88871,12.89119,0.00,0.00
2017.08.17 14:21:22.003,12.88872,12.89091,0.00,0.00
2017.08.17 14:21:22.418,12.88921,12.89119,0.00,0.00
2017.08.17 14:21:22.569,12.88932,12.89151,0.00,0.00
2017.08.17 14:21:22.620,12.88922,12.89118,0.00,0.00
2017.08.17 14:21:22.670,12.88902,12.89119,0.00,0.00
2017.08.17 14:21:22.721,12.88902,12.89101,0.00,0.00
2017.08.17 14:21:22.822,12.88902,12.89111,0.00,0.00
2017.08.17 14:21:22.973,12.88832,12.89058,0.00,0.00
2017.08.17 14:21:23.024,12.88849,12.89058,0.00,0.00
2017.08.17 14:21:23.125,12.88831,12.89042,0.00,0.00
2017.08.17 14:21:23.396,12.88871,12.89042,0.00,0.00
2017.08.17 14:21:23.447,12.88871,12.89111,0.00,0.00
2017.08.17 14:21:23.715,12.88872,12.89101,0.00,0.00
2017.08.17 14:21:24.018,12.88871,12.89119,0.00,0.00
2017.08.17 14:21:24.513,12.88871,12.89111,0.00,0.00
2017.08.17 14:21:24.854,12.88822,12.89018,0.00,0.00
2017.08.17 14:21:25.108,12.88832,12.89058,0.00,0.00
2017.08.17 14:21:25.516,12.88831,12.89042,0.00,0.00
2017.08.17 14:21:25.717,12.88831,12.89059,0.00,0.00
2017.08.17 14:21:25.768,12.88872,12.89081,0.00,0.00
2017.08.17 14:21:25.818,12.88871,12.89119,0.00,0.00
2017.08.17 14:21:26.020,12.88872,12.89101,0.00,0.00
2017.08.17 14:21:26.325,12.88871,12.89072,0.00,0.00
2017.08.17 14:21:26.426,12.88849,12.89059,0.00,0.00
2017.08.17 14:21:26.477,12.88849,12.89019,0.00,0.00
2017.08.17 14:21:26.527,12.88771,12.89019,0.00,0.00
2017.08.17 14:21:26.953,12.88771,12.89012,0.00,0.00
2017.08.17 14:21:27.054,12.88771,12.89019,0.00,0.00
2017.08.17 14:21:27.357,12.88821,12.89019,0.00,0.00
2017.08.17 14:21:27.408,12.88802,12.89018,0.00,0.00
2017.08.17 14:21:27.458,12.88831,12.89019,0.00,0.00
2017.08.17 14:21:27.509,12.88838,12.89052,0.00,0.00
2017.08.17 14:21:27.663,12.88831,12.89019,0.00,0.00
2017.08.17 14:21:27.713,12.88821,12.89019,0.00,0.00
2017.08.17 14:21:27.964,12.88831,12.89019,0.00,0.00
2017.08.17 14:21:28.015,12.88831,12.89032,0.00,0.00
2017.08.17 14:21:28.066,12.88872,12.89032,0.00,0.00
2017.08.17 14:21:28.116,12.88831,12.89032,0.00,0.00
2017.08.17 14:21:28.167,12.88831,12.89059,0.00,0.00
2017.08.17 14:21:28.319,12.88832,12.89018,0.00,0.00
2017.08.17 14:21:28.470,12.88832,12.89031,0.00,0.00
2017.08.17 14:21:28.521,12.88832,12.89058,0.00,0.00
2017.08.17 14:21:28.772,12.88832,12.89018,0.00,0.00
2017.08.17 14:21:28.823,12.88831,12.89031,0.00,0.00
2017.08.17 14:21:28.874,12.88831,12.89052,0.00,0.00
2017.08.17 14:21:29.126,12.88832,12.89058,0.00,0.00
2017.08.17 14:21:29.227,12.88832,12.89051,0.00,0.00
2017.08.17 14:21:29.378,12.88771,12.89019,0.00,0.00
2017.08.17 14:21:29.901,12.88772,12.89018,0.00,0.00
2017.08.17 14:21:30.447,12.88771,12.89019,0.00,0.00
2017.08.17 14:21:30.698,12.88772,12.89012,0.00,0.00
2017.08.17 14:21:30.749,12.88771,12.89019,0.00,0.00
2017.08.17 14:21:31.016,12.88738,12.88968,0.00,0.00
2017.08.17 14:21:31.356,12.88702,12.88918,0.00,0.00
2017.08.17 14:21:31.887,12.88702,12.88919,0.00,0.00
2017.08.17 14:21:31.938,12.88672,12.88918,0.00,0.00
2017.08.17 14:21:32.139,12.88678,12.88919,0.00,0.00
2017.08.17 14:21:32.432,12.88671,12.88919,0.00,0.00
2017.08.17 14:21:32.634,12.88688,12.88918,0.00,0.00
2017.08.17 14:21:32.945,12.88672,12.88918,0.00,0.00
2017.08.17 14:21:33.449,12.88671,12.88919,0.00,0.00
2017.08.17 14:21:33.981,12.88672,12.88918,0.00,0.00
2017.08.17 14:21:34.284,12.88671,12.88912,0.00,0.00
2017.08.17 14:21:34.486,12.88672,12.88918,0.00,0.00
2017.08.17 14:21:35.035,12.88671,12.88919,0.00,0.00
2017.08.17 14:21:36.624,12.88672,12.88918,0.00,0.00
2017.08.17 14:21:36.675,12.88672,12.88911,0.00,0.00
2017.08.17 14:21:36.977,12.88771,12.88962,0.00,0.00
2017.08.17 14:21:37.078,12.88772,12.89012,0.00,0.00
2017.08.17 14:21:37.179,12.88771,12.89019,0.00,0.00
2017.08.17 14:21:37.339,12.88739,12.88919,0.00,0.00
2017.08.17 14:21:37.389,12.88731,12.88932,0.00,0.00
2017.08.17 14:21:37.490,12.88771,12.88942,0.00,0.00
2017.08.17 14:21:37.592,12.88772,12.88981,0.00,0.00
2017.08.17 14:21:37.648,12.88772,12.89012,0.00,0.00
2017.08.17 14:21:37.720,12.88739,12.89008,0.00,0.00
2017.08.17 14:21:37.770,12.88731,12.88969,0.00,0.00
2017.08.17 14:21:38.156,12.88732,12.88962,0.00,0.00
2017.08.17 14:21:38.207,12.88698,12.88962,0.00,0.00
2017.08.17 14:21:38.258,12.88698,12.88932,0.00,0.00
2017.08.17 14:21:38.460,12.88722,12.88962,0.00,0.00
2017.08.17 14:21:38.652,12.88721,12.88951,0.00,0.00
2017.08.17 14:21:38.753,12.88721,12.88962,0.00,0.00
2017.08.17 14:21:38.906,12.88698,12.88962,0.00,0.00
2017.08.17 14:21:38.956,12.88698,12.88942,0.00,0.00
2017.08.17 14:21:39.265,12.88749,12.88941,0.00,0.00
2017.08.17 14:21:39.366,12.88748,12.88991,0.00,0.00
2017.08.17 14:21:39.467,12.88799,12.88991,0.00,0.00
2017.08.17 14:21:39.568,12.88799,12.89021,0.00,0.00
2017.08.17 14:21:39.886,12.88799,12.89001,0.00,0.00
2017.08.17 14:21:40.088,12.88799,12.89041,0.00,0.00
2017.08.17 14:21:40.189,12.88799,12.88992,0.00,0.00
2017.08.17 14:21:40.347,12.88699,12.88962,0.00,0.00
2017.08.17 14:21:40.397,12.88721,12.88922,0.00,0.00
2017.08.17 14:21:40.599,12.88722,12.88951,0.00,0.00
2017.08.17 14:21:40.656,12.88722,12.88902,0.00,0.00
2017.08.17 14:21:40.757,12.88721,12.88942,0.00,0.00
2017.08.17 14:21:40.856,12.88721,12.88901,0.00,0.00
2017.08.17 14:21:40.957,12.88722,12.88932,0.00,0.00
2017.08.17 14:21:41.197,12.88722,12.88951,0.00,0.00
2017.08.17 14:21:41.471,12.88721,12.88922,0.00,0.00
2017.08.17 14:21:41.773,12.88722,12.88902,0.00,0.00
2017.08.17 14:21:41.986,12.88721,12.88942,0.00,0.00
2017.08.17 14:21:42.259,12.88722,12.88952,0.00,0.00
2017.08.17 14:21:42.376,12.88721,12.88932,0.00,0.00
2017.08.17 14:21:42.748,12.88722,12.88911,0.00,0.00
2017.08.17 14:21:43.267,12.88721,12.88912,0.00,0.00
2017.08.17 14:21:43.466,12.88698,12.88912,0.00,0.00
2017.08.17 14:21:43.879,12.88698,12.88902,0.00,0.00
2017.08.17 14:21:43.980,12.88698,12.88931,0.00,0.00
2017.08.17 14:21:44.210,12.88698,12.88921,0.00,0.00
2017.08.17 14:21:44.311,12.88698,12.88931,0.00,0.00
2017.08.17 14:21:44.412,12.88698,12.88952,0.00,0.00
2017.08.17 14:21:44.513,12.88698,12.88902,0.00,0.00
2017.08.17 14:21:44.679,12.88698,12.88932,0.00,0.00
2017.08.17 14:21:44.843,12.88698,12.88911,0.00,0.00
2017.08.17 14:21:45.108,12.88698,12.88932,0.00,0.00
2017.08.17 14:21:45.475,12.88698,12.88942,0.00,0.00
2017.08.17 14:21:45.566,12.88698,12.88902,0.00,0.00
2017.08.17 14:21:45.766,12.88698,12.88921,0.00,0.00
2017.08.17 14:21:45.970,12.88698,12.88942,0.00,0.00
2017.08.17 14:21:46.366,12.88698,12.88901,0.00,0.00
2017.08.17 14:21:46.614,12.88698,12.88941,0.00,0.00
2017.08.17 14:21:46.868,12.88698,12.88922,0.00,0.00
2017.08.17 14:21:47.050,12.88649,12.88909,0.00,0.00
2017.08.17 14:21:47.101,12.88649,12.88902,0.00,0.00
2017.08.17 14:21:47.524,12.88649,12.88891,0.00,0.00
2017.08.17 14:21:47.875,12.88598,12.88821,0.00,0.00
2017.08.17 14:21:47.976,12.88522,12.88761,0.00,0.00
2017.08.17 14:21:48.077,12.88521,12.88752,0.00,0.00
2017.08.17 14:21:48.280,12.88558,12.88791,0.00,0.00
2017.08.17 14:21:48.381,12.88532,12.88751,0.00,0.00
2017.08.17 14:21:48.432,12.88521,12.88751,0.00,0.00
2017.08.17 14:21:48.482,12.88522,12.88741,0.00,0.00
2017.08.17 14:21:48.805,12.88521,12.88762,0.00,0.00
2017.08.17 14:21:48.906,12.88521,12.88772,0.00,0.00
2017.08.17 14:21:49.297,12.88522,12.88722,0.00,0.00
2017.08.17 14:21:49.373,12.88522,12.88771,0.00,0.00
2017.08.17 14:21:49.795,12.88522,12.88731,0.00,0.00
2017.08.17 14:21:50.098,12.88522,12.88741,0.00,0.00
2017.08.17 14:21:50.199,12.88508,12.88732,0.00,0.00
2017.08.17 14:21:50.300,12.88508,12.88722,0.00,0.00
2017.08.17 14:21:50.634,12.88508,12.88701,0.00,0.00
2017.08.17 14:21:50.685,12.88481,12.88692,0.00,0.00
2017.08.17 14:21:50.736,12.88508,12.88692,0.00,0.00
2017.08.17 14:21:50.787,12.88508,12.88752,0.00,0.00
2017.08.17 14:21:50.908,12.88508,12.88738,0.00,0.00
2017.08.17 14:21:51.010,12.88508,12.88742,0.00,0.00
2017.08.17 14:21:51.111,12.88508,12.88711,0.00,0.00
2017.08.17 14:21:51.161,12.88448,12.88688,0.00,0.00
2017.08.17 14:21:51.212,12.88481,12.88709,0.00,0.00
2017.08.17 14:21:51.514,12.88498,12.88741,0.00,0.00
2017.08.17 14:21:51.716,12.88498,12.88751,0.00,0.00
2017.08.17 14:21:52.387,12.88521,12.88682,0.00,0.00
2017.08.17 14:21:52.437,12.88498,12.88682,0.00,0.00
2017.08.17 14:21:52.488,12.88498,12.88732,0.00,0.00
2017.08.17 14:21:52.633,12.88498,12.88752,0.00,0.00
2017.08.17 14:21:52.684,12.88498,12.88721,0.00,0.00
2017.08.17 14:21:53.206,12.88498,12.88752,0.00,0.00
2017.08.17 14:21:53.324,12.88498,12.88712,0.00,0.00
2017.08.17 14:21:53.627,12.88498,12.88762,0.00,0.00
2017.08.17 14:21:53.677,12.88498,12.88738,0.00,0.00
2017.08.17 14:21:54.021,12.88498,12.88741,0.00,0.00
2017.08.17 14:21:54.223,12.88498,12.88731,0.00,0.00
2017.08.17 14:21:54.582,12.88498,12.88722,0.00,0.00
2017.08.17 14:21:54.846,12.88449,12.88688,0.00,0.00
2017.08.17 14:21:54.897,12.88449,12.88651,0.00,0.00
2017.08.17 14:21:54.947,12.88421,12.88651,0.00,0.00
2017.08.17 14:21:55.153,12.88421,12.88642,0.00,0.00
2017.08.17 14:21:55.383,12.88422,12.88661,0.00,0.00
2017.08.17 14:21:55.505,12.88421,12.88641,0.00,0.00
2017.08.17 14:21:55.666,12.88399,12.88641,0.00,0.00
2017.08.17 14:21:55.817,12.88399,12.88632,0.00,0.00
2017.08.17 14:21:55.918,12.88399,12.88661,0.00,0.00
2017.08.17 14:21:56.019,12.88399,12.88631,0.00,0.00
2017.08.17 14:21:56.309,12.88399,12.88651,0.00,0.00
2017.08.17 14:21:56.410,12.88399,12.88612,0.00,0.00
2017.08.17 14:21:56.511,12.88399,12.88651,0.00,0.00
2017.08.17 14:21:56.712,12.88399,12.88622,0.00,0.00
2017.08.17 14:21:57.086,12.88399,12.88632,0.00,0.00
2017.08.17 14:21:57.306,12.88399,12.88661,0.00,0.00
2017.08.17 14:21:57.407,12.88399,12.88609,0.00,0.00
2017.08.17 14:21:57.508,12.88331,12.88562,0.00,0.00
2017.08.17 14:21:57.559,12.88348,12.88602,0.00,0.00
2017.08.17 14:21:57.610,12.88348,12.88571,0.00,0.00
2017.08.17 14:21:57.814,12.88348,12.88601,0.00,0.00
2017.08.17 14:21:57.865,12.88398,12.88601,0.00,0.00
2017.08.17 14:21:57.915,12.88349,12.88572,0.00,0.00
2017.08.17 14:21:58.016,12.88349,12.88609,0.00,0.00
2017.08.17 14:21:58.125,12.88349,12.88582,0.00,0.00
2017.08.17 14:21:58.377,12.88349,12.88602,0.00,0.00
2017.08.17 14:21:58.428,12.88349,12.88572,0.00,0.00
2017.08.17 14:21:58.529,12.88301,12.88561,0.00,0.00
2017.08.17 14:21:58.580,12.88322,12.88561,0.00,0.00
2017.08.17 14:21:58.731,12.88302,12.88542,0.00,0.00
2017.08.17 14:21:58.832,12.88301,12.88561,0.00,0.00
2017.08.17 14:21:58.990,12.88301,12.88532,0.00,0.00
2017.08.17 14:21:59.041,12.88301,12.88542,0.00,0.00
2017.08.17 14:21:59.092,12.88302,12.88561,0.00,0.00
2017.08.17 14:21:59.305,12.88301,12.88552,0.00,0.00
2017.08.17 14:21:59.406,12.88301,12.88561,0.00,0.00
2017.08.17 14:21:59.507,12.88321,12.88561,0.00,0.00
2017.08.17 14:21:59.809,12.88408,12.88638,0.00,0.00
2017.08.17 14:21:59.859,12.88359,12.88599,0.00,0.00
2017.08.17 14:21:59.910,12.88359,12.88589,0.00,0.00
2017.08.17 14:22:00.011,12.88308,12.88541,0.00,0.00
2017.08.17 14:22:00.230,12.88308,12.88531,0.00,0.00
2017.08.17 14:22:00.333,12.88308,12.88552,0.00,0.00
2017.08.17 14:22:00.433,12.88308,12.88532,0.00,0.00
2017.08.17 14:22:00.494,12.88308,12.88571,0.00,0.00
2017.08.17 14:22:00.721,12.88308,12.88531,0.00,0.00
2017.08.17 14:22:01.148,12.88308,12.88522,0.00,0.00
2017.08.17 14:22:01.304,12.88308,12.88562,0.00,0.00
2017.08.17 14:22:01.496,12.88308,12.88532,0.00,0.00
2017.08.17 14:22:01.906,12.88308,12.88542,0.00,0.00
2017.08.17 14:22:02.342,12.88308,12.88562,0.00,0.00
2017.08.17 14:22:02.443,12.88358,12.88592,0.00,0.00
2017.08.17 14:22:02.746,12.88309,12.88552,0.00,0.00
2017.08.17 14:22:03.216,12.88309,12.88571,0.00,0.00
2017.08.17 14:22:03.445,12.88358,12.88572,0.00,0.00
2017.08.17 14:22:03.747,12.88409,12.88651,0.00,0.00
2017.08.17 14:22:03.907,12.88409,12.88621,0.00,0.00
2017.08.17 14:22:04.047,12.88409,12.88651,0.00,0.00
2017.08.17 14:22:04.450,12.88409,12.88631,0.00,0.00
2017.08.17 14:22:04.501,12.88409,12.88651,0.00,0.00
2017.08.17 14:22:04.846,12.88409,12.88632,0.00,0.00
2017.08.17 14:22:05.221,12.88409,12.88621,0.00,0.00
2017.08.17 14:22:05.426,12.88409,12.88651,0.00,0.00
2017.08.17 14:22:05.727,12.88409,12.88622,0.00,0.00
2017.08.17 14:22:06.105,12.88409,12.88652,0.00,0.00
2017.08.17 14:22:06.446,12.88409,12.88632,0.00,0.00
2017.08.17 14:22:06.648,12.88409,12.88662,0.00,0.00
2017.08.17 14:22:06.855,12.88409,12.88642,0.00,0.00
2017.08.17 14:22:07.128,12.88421,12.88672,0.00,0.00
2017.08.17 14:22:07.179,12.88408,12.88672,0.00,0.00
2017.08.17 14:22:07.230,12.88408,12.88651,0.00,0.00
2017.08.17 14:22:07.307,12.88408,12.88661,0.00,0.00
2017.08.17 14:22:07.509,12.88408,12.88651,0.00,0.00
2017.08.17 14:22:07.808,12.88408,12.88671,0.00,0.00
2017.08.17 14:22:08.423,12.88459,12.88671,0.00,0.00
2017.08.17 14:22:08.625,12.88508,12.88731,0.00,0.00
2017.08.17 14:22:08.726,12.88508,12.88741,0.00,0.00
2017.08.17 14:22:08.829,12.88508,12.88751,0.00,0.00
2017.08.17 14:22:09.047,12.88508,12.88722,0.00,0.00
2017.08.17 14:22:09.148,12.88508,12.88762,0.00,0.00
2017.08.17 14:22:09.326,12.88508,12.88742,0.00,0.00
2017.08.17 14:22:09.629,12.88508,12.88712,0.00,0.00
2017.08.17 14:22:09.730,12.88508,12.88742,0.00,0.00
2017.08.17 14:22:10.023,12.88508,12.88702,0.00,0.00
2017.08.17 14:22:10.225,12.88508,12.88742,0.00,0.00
2017.08.17 14:22:10.624,12.88508,12.88722,0.00,0.00
2017.08.17 14:22:10.927,12.88508,12.88712,0.00,0.00
2017.08.17 14:22:11.170,12.88508,12.88751,0.00,0.00
2017.08.17 14:22:11.279,12.88508,12.88771,0.00,0.00
2017.08.17 14:22:11.536,12.88508,12.88752,0.00,0.00
2017.08.17 14:22:11.954,12.88508,12.88741,0.00,0.00
2017.08.17 14:22:12.301,12.88521,12.88711,0.00,0.00
2017.08.17 14:22:12.352,12.88521,12.88741,0.00,0.00
2017.08.17 14:22:12.453,12.88521,12.88712,0.00,0.00
2017.08.17 14:22:12.553,12.88521,12.88752,0.00,0.00
2017.08.17 14:22:12.766,12.88522,12.88732,0.00,0.00
2017.08.17 14:22:12.918,12.88521,12.88752,0.00,0.00
2017.08.17 14:22:13.109,12.88531,12.88752,0.00,0.00
2017.08.17 14:22:13.360,12.88608,12.88832,0.00,0.00
2017.08.17 14:22:13.461,12.88582,12.88798,0.00,0.00
2017.08.17 14:22:13.512,12.88558,12.88788,0.00,0.00
2017.08.17 14:22:13.720,12.88509,12.88701,0.00,0.00
2017.08.17 14:22:13.949,12.88521,12.88741,0.00,0.00
2017.08.17 14:22:14.256,12.88521,12.88691,0.00,0.00
2017.08.17 14:22:14.321,12.88521,12.88741,0.00,0.00
2017.08.17 14:22:14.708,12.88521,12.88702,0.00,0.00
2017.08.17 14:22:14.759,12.88521,12.88742,0.00,0.00
2017.08.17 14:22:15.036,12.88522,12.88752,0.00,0.00
2017.08.17 14:22:15.569,12.88521,12.88712,0.00,0.00
2017.08.17 14:22:15.770,12.88532,12.88762,0.00,0.00
2017.08.17 14:22:15.923,12.88532,12.88721,0.00,0.00
2017.08.17 14:22:16.160,12.88509,12.88742,0.00,0.00
2017.08.17 14:22:16.366,12.88509,12.88721,0.00,0.00
2017.08.17 14:22:16.526,12.88531,12.88752,0.00,0.00
2017.08.17 14:22:16.744,12.88531,12.88722,0.00,0.00
2017.08.17 14:22:16.845,12.88522,12.88722,0.00,0.00
2017.08.17 14:22:16.896,12.88509,12.88722,0.00,0.00
2017.08.17 14:22:16.947,12.88509,12.88691,0.00,0.00
2017.08.17 14:22:17.149,12.88522,12.88761,0.00,0.00
2017.08.17 14:22:17.650,12.88521,12.88722,0.00,0.00
2017.08.17 14:22:17.805,12.88509,12.88722,0.00,0.00
2017.08.17 14:22:17.856,12.88509,12.88691,0.00,0.00
2017.08.17 14:22:17.957,12.88509,12.88701,0.00,0.00
2017.08.17 14:22:18.058,12.88509,12.88711,0.00,0.00
2017.08.17 14:22:18.344,12.88509,12.88732,0.00,0.00
2017.08.17 14:22:18.576,12.88509,12.88711,0.00,0.00
2017.08.17 14:22:18.894,12.88521,12.88712,0.00,0.00
2017.08.17 14:22:18.999,12.88521,12.88742,0.00,0.00
2017.08.17 14:22:19.050,12.88521,12.88731,0.00,0.00
2017.08.17 14:22:19.376,12.88521,12.88761,0.00,0.00
2017.08.17 14:22:19.477,12.88531,12.88731,0.00,0.00
2017.08.17 14:22:19.678,12.88608,12.88811,0.00,0.00
2017.08.17 14:22:19.880,12.88608,12.88791,0.00,0.00
2017.08.17 14:22:20.040,12.88558,12.88771,0.00,0.00
2017.08.17 14:22:20.141,12.88531,12.88691,0.00,0.00
2017.08.17 14:22:20.292,12.88521,12.88691,0.00,0.00
2017.08.17 14:22:20.343,12.88521,12.88741,0.00,0.00
2017.08.17 14:22:20.395,12.88509,12.88741,0.00,0.00
2017.08.17 14:22:20.445,12.88509,12.88702,0.00,0.00
2017.08.17 14:22:21.120,12.88521,12.88702,0.00,0.00
2017.08.17 14:22:21.171,12.88531,12.88732,0.00,0.00
2017.08.17 14:22:21.272,12.88532,12.88722,0.00,0.00
2017.08.17 14:22:21.473,12.88608,12.88801,0.00,0.00
2017.08.17 14:22:21.575,12.88608,12.88782,0.00,0.00
2017.08.17 14:22:21.676,12.88608,12.88792,0.00,0.00
2017.08.17 14:22:21.777,12.88608,12.88771,0.00,0.00
2017.08.17 14:22:22.048,12.88608,12.88792,0.00,0.00
2017.08.17 14:22:22.250,12.88608,12.88782,0.00,0.00
2017.08.17 14:22:22.452,12.88611,12.88801,0.00,0.00
2017.08.17 14:22:22.855,12.88631,12.88802,0.00,0.00
2017.08.17 14:22:22.906,12.88621,12.88802,0.00,0.00
2017.08.17 14:22:23.007,12.88611,12.88822,0.00,0.00
2017.08.17 14:22:23.239,12.88611,12.88802,0.00,0.00
2017.08.17 14:22:23.542,12.88658,12.88792,0.00,0.00
2017.08.17 14:22:23.592,12.88658,12.88832,0.00,0.00
2017.08.17 14:22:23.643,12.88658,12.88861,0.00,0.00
2017.08.17 14:22:24.007,12.88709,12.88861,0.00,0.00
2017.08.17 14:22:24.058,12.88709,12.88901,0.00,0.00
2017.08.17 14:22:24.368,12.88709,12.88891,0.00,0.00
2017.08.17 14:22:25.016,12.88709,12.88892,0.00,0.00
2017.08.17 14:22:25.378,12.88709,12.88922,0.00,0.00
2017.08.17 14:22:25.479,12.88709,12.88881,0.00,0.00
2017.08.17 14:22:25.580,12.88709,12.88932,0.00,0.00
2017.08.17 14:22:25.784,12.88709,12.88902,0.00,0.00
2017.08.17 14:22:25.935,12.88658,12.88882,0.00,0.00
2017.08.17 14:22:25.986,12.88658,12.88889,0.00,0.00
2017.08.17 14:22:26.087,12.88632,12.88822,0.00,0.00
2017.08.17 14:22:26.346,12.88632,12.88832,0.00,0.00
2017.08.17 14:22:26.447,12.88632,12.88802,0.00,0.00
2017.08.17 14:22:26.548,12.88632,12.88821,0.00,0.00
2017.08.17 14:22:26.649,12.88632,12.88791,0.00,0.00
2017.08.17 14:22:26.851,12.88659,12.88842,0.00,0.00
2017.08.17 14:22:26.902,12.88682,12.88842,0.00,0.00
2017.08.17 14:22:26.953,12.88681,12.88912,0.00,0.00
2017.08.17 14:22:27.004,12.88708,12.88912,0.00,0.00
2017.08.17 14:22:27.054,12.88708,12.88922,0.00,0.00
2017.08.17 14:22:27.254,12.88708,12.88891,0.00,0.00
2017.08.17 14:22:27.355,12.88708,12.88942,0.00,0.00
2017.08.17 14:22:27.488,12.88708,12.88932,0.00,0.00
2017.08.17 14:22:27.874,12.88708,12.88881,0.00,0.00
2017.08.17 14:22:27.978,12.88708,12.88912,0.00,0.00
2017.08.17 14:22:28.475,12.88708,12.88891,0.00,0.00
2017.08.17 14:22:28.589,12.88708,12.88901,0.00,0.00
2017.08.17 14:22:28.690,12.88798,12.88931,0.00,0.00
2017.08.17 14:22:28.791,12.88798,12.88962,0.00,0.00
2017.08.17 14:22:28.842,12.88749,12.88962,0.00,0.00
2017.08.17 14:22:28.893,12.88749,12.88981,0.00,0.00
2017.08.17 14:22:28.997,12.88749,12.88972,0.00,0.00
2017.08.17 14:22:29.048,12.88731,12.88961,0.00,0.00
2017.08.17 14:22:29.098,12.88731,12.88912,0.00,0.00
2017.08.17 14:22:29.459,12.88731,12.88942,0.00,0.00
2017.08.17 14:22:29.561,12.88731,12.88912,0.00,0.00
2017.08.17 14:22:29.656,12.88731,12.88922,0.00,0.00
2017.08.17 14:22:29.900,12.88731,12.88912,0.00,0.00
2017.08.17 14:22:29.956,12.88731,12.88951,0.00,0.00
2017.08.17 14:22:30.204,12.88699,12.88931,0.00,0.00
2017.08.17 14:22:30.305,12.88699,12.88902,0.00,0.00
2017.08.17 14:22:30.406,12.88699,12.88942,0.00,0.00
2017.08.17 14:22:30.459,12.88699,12.88961,0.00,0.00
2017.08.17 14:22:30.708,12.88681,12.88908,0.00,0.00
2017.08.17 14:22:31.014,12.88698,12.88941,0.00,0.00
2017.08.17 14:22:31.568,12.88698,12.88932,0.00,0.00
2017.08.17 14:22:32.588,12.88721,12.88932,0.00,0.00
2017.08.17 14:22:32.790,12.88721,12.88941,0.00,0.00
2017.08.17 14:22:33.494,12.88698,12.88902,0.00,0.00
2017.08.17 14:22:33.797,12.88698,12.88891,0.00,0.00
2017.08.17 14:22:33.898,12.88698,12.88932,0.00,0.00
2017.08.17 14:22:34.209,12.88698,12.88902,0.00,0.00
2017.08.17 14:22:34.266,12.88698,12.88932,0.00,0.00
2017.08.17 14:22:34.398,12.88681,12.88912,0.00,0.00
2017.08.17 14:22:34.449,12.88648,12.88898,0.00,0.00
2017.08.17 14:22:34.500,12.88681,12.88892,0.00,0.00
2017.08.17 14:22:34.551,12.88648,12.88892,0.00,0.00
2017.08.17 14:22:34.601,12.88648,12.88852,0.00,0.00
2017.08.17 14:22:34.768,12.88648,12.88872,0.00,0.00
2017.08.17 14:22:34.919,12.88631,12.88862,0.00,0.00
2017.08.17 14:22:34.970,12.88632,12.88841,0.00,0.00
2017.08.17 14:22:35.208,12.88631,12.88862,0.00,0.00
2017.08.17 14:22:35.461,12.88621,12.88862,0.00,0.00
2017.08.17 14:22:35.511,12.88621,12.88841,0.00,0.00
2017.08.17 14:22:35.676,12.88622,12.88851,0.00,0.00
2017.08.17 14:22:35.777,12.88622,12.88841,0.00,0.00
2017.08.17 14:22:36.073,12.88612,12.88841,0.00,0.00
2017.08.17 14:22:36.276,12.88612,12.88811,0.00,0.00
2017.08.17 14:22:36.395,12.88612,12.88821,0.00,0.00
2017.08.17 14:22:36.496,12.88612,12.88851,0.00,0.00
2017.08.17 14:22:36.699,12.88612,12.88832,0.00,0.00
2017.08.17 14:22:36.800,12.88612,12.88862,0.00,0.00
2017.08.17 14:22:37.286,12.88612,12.88842,0.00,0.00
2017.08.17 14:22:37.696,12.88612,12.88811,0.00,0.00
2017.08.17 14:22:37.898,12.88612,12.88842,0.00,0.00
2017.08.17 14:22:37.999,12.88612,12.88809,0.00,0.00
2017.08.17 14:22:38.100,12.88549,12.88772,0.00,0.00
2017.08.17 14:22:38.305,12.88549,12.88801,0.00,0.00
2017.08.17 14:22:38.463,12.88549,12.88799,0.00,0.00
2017.08.17 14:22:38.765,12.88532,12.88761,0.00,0.00
2017.08.17 14:22:38.816,12.88521,12.88762,0.00,0.00
2017.08.17 14:22:38.917,12.88521,12.88741,0.00,0.00
2017.08.17 14:22:39.078,12.88521,12.88761,0.00,0.00
2017.08.17 14:22:39.155,12.88511,12.88761,0.00,0.00
2017.08.17 14:22:39.206,12.88448,12.88708,0.00,0.00
2017.08.17 14:22:39.257,12.88481,12.88712,0.00,0.00
2017.08.17 14:22:39.509,12.88498,12.88761,0.00,0.00
2017.08.17 14:22:39.796,12.88501,12.88761,0.00,0.00
2017.08.17 14:22:40.099,12.88531,12.88762,0.00,0.00
2017.08.17 14:22:40.732,12.88581,12.88812,0.00,0.00
2017.08.17 14:22:40.833,12.88598,12.88841,0.00,0.00
2017.08.17 14:22:41.086,12.88598,12.88862,0.00,0.00
2017.08.17 14:22:41.526,12.88598,12.88842,0.00,0.00
2017.08.17 14:22:41.627,12.88598,12.88862,0.00,0.00
2017.08.17 14:22:41.728,12.88632,12.88862,0.00,0.00
2017.08.17 14:22:41.879,12.88602,12.88862,0.00,0.00
2017.08.17 14:22:41.980,12.88598,12.88862,0.00,0.00
2017.08.17 14:22:42.031,12.88601,12.88831,0.00,0.00
2017.08.17 14:22:42.233,12.88598,12.88862,0.00,0.00
2017.08.17 14:22:42.442,12.88598,12.88832,0.00,0.00
2017.08.17 14:22:42.694,12.88598,12.88862,0.00,0.00
2017.08.17 14:22:42.929,12.88598,12.88831,0.00,0.00
2017.08.17 14:22:43.367,12.88598,12.88852,0.00,0.00
2017.08.17 14:22:43.418,12.88598,12.88821,0.00,0.00
2017.08.17 14:22:43.770,12.88598,12.88812,0.00,0.00
2017.08.17 14:22:43.888,12.88581,12.88809,0.00,0.00
2017.08.17 14:22:43.938,12.88582,12.88781,0.00,0.00
2017.08.17 14:22:44.040,12.88598,12.88812,0.00,0.00
2017.08.17 14:22:44.140,12.88598,12.88851,0.00,0.00
2017.08.17 14:22:44.762,12.88598,12.88852,0.00,0.00
2017.08.17 14:22:44.813,12.88598,12.88831,0.00,0.00
2017.08.17 14:22:44.914,12.88598,12.88851,0.00,0.00
2017.08.17 14:22:45.396,12.88598,12.88862,0.00,0.00
2017.08.17 14:22:45.800,12.88598,12.88842,0.00,0.00
2017.08.17 14:22:45.897,12.88598,12.88861,0.00,0.00
2017.08.17 14:22:45.997,12.88598,12.88841,0.00,0.00
2017.08.17 14:22:46.299,12.88522,12.88751,0.00,0.00
2017.08.17 14:22:46.601,12.88521,12.88741,0.00,0.00
2017.08.17 14:22:46.931,12.88521,12.88762,0.00,0.00
2017.08.17 14:22:47.333,12.88521,12.88742,0.00,0.00
2017.08.17 14:22:47.535,12.88598,12.88852,0.00,0.00
2017.08.17 14:22:47.716,12.88602,12.88851,0.00,0.00
2017.08.17 14:22:47.804,12.88602,12.88862,0.00,0.00
2017.08.17 14:22:48.118,12.88602,12.88842,0.00,0.00
2017.08.17 14:22:48.578,12.88598,12.88821,0.00,0.00
2017.08.17 14:22:48.629,12.88598,12.88832,0.00,0.00
2017.08.17 14:22:48.814,12.88598,12.88822,0.00,0.00
2017.08.17 14:22:49.131,12.88548,12.88809,0.00,0.00
2017.08.17 14:22:49.232,12.88548,12.88752,0.00,0.00
2017.08.17 14:22:49.282,12.88532,12.88752,0.00,0.00
2017.08.17 14:22:49.333,12.88572,12.88762,0.00,0.00
2017.08.17 14:22:49.514,12.88599,12.88842,0.00,0.00
2017.08.17 14:22:49.616,12.88548,12.88799,0.00,0.00
2017.08.17 14:22:49.667,12.88548,12.88788,0.00,0.00
2017.08.17 14:22:49.987,12.88531,12.88712,0.00,0.00
2017.08.17 14:22:50.660,12.88531,12.88742,0.00,0.00
2017.08.17 14:22:50.761,12.88531,12.88701,0.00,0.00
2017.08.17 14:22:50.812,12.88531,12.88732,0.00,0.00
2017.08.17 14:22:51.630,12.88512,12.88712,0.00,0.00
2017.08.17 14:22:52.030,12.88512,12.88741,0.00,0.00
2017.08.17 14:22:52.691,12.88459,12.88699,0.00,0.00
2017.08.17 14:22:52.742,12.88449,12.88621,0.00,0.00
2017.08.17 14:22:52.792,12.88432,12.88621,0.00,0.00
2017.08.17 14:22:52.944,12.88431,12.88651,0.00,0.00
2017.08.17 14:22:53.045,12.88431,12.88622,0.00,0.00
2017.08.17 14:22:53.319,12.88431,12.88651,0.00,0.00
2017.08.17 14:22:53.565,12.88431,12.88641,0.00,0.00
2017.08.17 14:22:54.662,12.88431,12.88661,0.00,0.00
2017.08.17 14:22:54.713,12.88498,12.88661,0.00,0.00
2017.08.17 14:22:54.764,12.88498,12.88712,0.00,0.00
2017.08.17 14:22:54.865,12.88498,12.88741,0.00,0.00
2017.08.17 14:22:55.074,12.88481,12.88699,0.00,0.00
2017.08.17 14:22:55.377,12.88498,12.88681,0.00,0.00
2017.08.17 14:22:55.427,12.88498,12.88701,0.00,0.00
2017.08.17 14:22:55.478,12.88481,12.88662,0.00,0.00
2017.08.17 14:22:55.757,12.88498,12.88691,0.00,0.00
2017.08.17 14:22:55.859,12.88498,12.88732,0.00,0.00
2017.08.17 14:22:55.960,12.88498,12.88711,0.00,0.00
2017.08.17 14:22:56.263,12.88498,12.88691,0.00,0.00
2017.08.17 14:22:56.775,12.88498,12.88711,0.00,0.00
2017.08.17 14:22:56.930,12.88498,12.88722,0.00,0.00
2017.08.17 14:22:57.078,12.88501,12.88722,0.00,0.00
2017.08.17 14:22:57.398,12.88511,12.88741,0.00,0.00
2017.08.17 14:22:57.448,12.88511,12.88692,0.00,0.00
2017.08.17 14:22:57.659,12.88511,12.88742,0.00,0.00
2017.08.17 14:22:57.861,12.88511,12.88721,0.00,0.00
2017.08.17 14:22:58.163,12.88511,12.88682,0.00,0.00
2017.08.17 14:22:58.264,12.88511,12.88721,0.00,0.00
2017.08.17 14:22:58.386,12.88511,12.88712,0.00,0.00
2017.08.17 14:22:58.437,12.88511,12.88732,0.00,0.00
2017.08.17 14:22:58.539,12.88511,12.88691,0.00,0.00
2017.08.17 14:22:58.956,12.88581,12.88732,0.00,0.00
2017.08.17 14:22:59.057,12.88582,12.88802,0.00,0.00
2017.08.17 14:22:59.107,12.88598,12.88802,0.00,0.00
2017.08.17 14:22:59.373,12.88598,12.88831,0.00,0.00
2017.08.17 14:22:59.474,12.88598,12.88822,0.00,0.00
2017.08.17 14:22:59.676,12.88598,12.88831,0.00,0.00
2017.08.17 14:22:59.886,12.88598,12.88812,0.00,0.00
2017.08.17 14:23:00.246,12.88598,12.88782,0.00,0.00
2017.08.17 14:23:00.377,12.88598,12.88822,0.00,0.00
2017.08.17 14:23:00.692,12.88598,12.88841,0.00,0.00
2017.08.17 14:23:00.743,12.88598,12.88791,0.00,0.00
2017.08.17 14:23:01.045,12.88598,12.88782,0.00,0.00
2017.08.17 14:23:01.146,12.88598,12.88791,0.00,0.00
2017.08.17 14:23:01.288,12.88598,12.88822,0.00,0.00
2017.08.17 14:23:01.656,12.88598,12.88782,0.00,0.00
2017.08.17 14:23:01.757,12.88598,12.88792,0.00,0.00
2017.08.17 14:23:01.987,12.88598,12.88822,0.00,0.00
2017.08.17 14:23:02.188,12.88598,12.88782,0.00,0.00
2017.08.17 14:23:02.390,12.88598,12.88792,0.00,0.00
2017.08.17 14:23:02.536,12.88598,12.88822,0.00,0.00
2017.08.17 14:23:02.750,12.88598,12.88801,0.00,0.00
2017.08.17 14:23:02.851,12.88598,12.88822,0.00,0.00
2017.08.17 14:23:02.950,12.88598,12.88842,0.00,0.00
2017.08.17 14:23:03.051,12.88598,12.88792,0.00,0.00
2017.08.17 14:23:03.152,12.88602,12.88802,0.00,0.00
2017.08.17 14:23:03.253,12.88601,12.88842,0.00,0.00
2017.08.17 14:23:03.419,12.88598,12.88842,0.00,0.00
2017.08.17 14:23:03.470,12.88598,12.88791,0.00,0.00
2017.08.17 14:23:03.796,12.88598,12.88832,0.00,0.00
2017.08.17 14:23:04.006,12.88598,12.88811,0.00,0.00
2017.08.17 14:23:04.208,12.88602,12.88841,0.00,0.00
2017.08.17 14:23:04.258,12.88601,12.88791,0.00,0.00
2017.08.17 14:23:04.359,12.88601,12.88842,0.00,0.00
2017.08.17 14:23:04.460,12.88612,12.88842,0.00,0.00
2017.08.17 14:23:04.865,12.88612,12.88812,0.00,0.00
2017.08.17 14:23:05.105,12.88612,12.88841,0.00,0.00
2017.08.17 14:23:05.380,12.88612,12.88812,0.00,0.00
2017.08.17 14:23:05.582,12.88612,12.88832,0.00,0.00
2017.08.17 14:23:05.710,12.88612,12.88852,0.00,0.00
2017.08.17 14:23:05.811,12.88698,12.88852,0.00,0.00
2017.08.17 14:23:05.912,12.88698,12.88892,0.00,0.00
2017.08.17 14:23:06.013,12.88698,12.88912,0.00,0.00
2017.08.17 14:23:06.306,12.88698,12.88881,0.00,0.00
2017.08.17 14:23:06.492,12.88698,12.88922,0.00,0.00
2017.08.17 14:23:06.917,12.88698,12.88912,0.00,0.00
2017.08.17 14:23:07.235,12.88698,12.88872,0.00,0.00
2017.08.17 14:23:07.285,12.88698,12.88921,0.00,0.00
2017.08.17 14:23:07.454,12.88698,12.88882,0.00,0.00
2017.08.17 14:23:07.555,12.88648,12.88872,0.00,0.00
2017.08.17 14:23:07.606,12.88648,12.88821,0.00,0.00
2017.08.17 14:23:07.656,12.88632,12.88821,0.00,0.00
2017.08.17 14:23:07.707,12.88632,12.88811,0.00,0.00
2017.08.17 14:23:07.814,12.88632,12.88851,0.00,0.00
2017.08.17 14:23:08.075,12.88632,12.88862,0.00,0.00
2017.08.17 14:23:08.125,12.88699,12.88871,0.00,0.00
2017.08.17 14:23:08.277,12.88632,12.88851,0.00,0.00
2017.08.17 14:23:08.378,12.88632,12.88862,0.00,0.00
2017.08.17 14:23:08.631,12.88632,12.88821,0.00,0.00
2017.08.17 14:23:08.891,12.88598,12.88802,0.00,0.00
2017.08.17 14:23:09.110,12.88598,12.88852,0.00,0.00
2017.08.17 14:23:09.211,12.88598,12.88841,0.00,0.00
2017.08.17 14:23:09.534,12.88598,12.88791,0.00,0.00
2017.08.17 14:23:09.584,12.88598,12.88802,0.00,0.00
2017.08.17 14:23:09.790,12.88622,12.88841,0.00,0.00
2017.08.17 14:23:09.841,12.88589,12.88841,0.00,0.00
2017.08.17 14:23:09.992,12.88602,12.88841,0.00,0.00
2017.08.17 14:23:10.328,12.88681,12.88901,0.00,0.00
2017.08.17 14:23:10.480,12.88689,12.88912,0.00,0.00
2017.08.17 14:23:10.776,12.88689,12.88922,0.00,0.00
2017.08.17 14:23:10.978,12.88689,12.88942,0.00,0.00
2017.08.17 14:23:11.095,12.88689,12.88932,0.00,0.00
2017.08.17 14:23:11.495,12.88689,12.88912,0.00,0.00
2017.08.17 14:23:11.796,12.88689,12.88882,0.00,0.00
2017.08.17 14:23:11.897,12.88632,12.88862,0.00,0.00
2017.08.17 14:23:12.122,12.88632,12.88802,0.00,0.00
2017.08.17 14:23:12.172,12.88632,12.88811,0.00,0.00
2017.08.17 14:23:12.412,12.88632,12.88842,0.00,0.00
2017.08.17 14:23:12.821,12.88632,12.88812,0.00,0.00
2017.08.17 14:23:13.181,12.88632,12.88832,0.00,0.00
2017.08.17 14:23:13.308,12.88632,12.88811,0.00,0.00
2017.08.17 14:23:13.510,12.88622,12.88852,0.00,0.00
2017.08.17 14:23:13.611,12.88621,12.88812,0.00,0.00
2017.08.17 14:23:14.004,12.88621,12.88842,0.00,0.00
2017.08.17 14:23:14.133,12.88621,12.88802,0.00,0.00
2017.08.17 14:23:14.583,12.88621,12.88831,0.00,0.00
2017.08.17 14:23:14.898,12.88622,12.88791,0.00,0.00
2017.08.17 14:23:15.219,12.88549,12.88779,0.00,0.00
2017.08.17 14:23:15.320,12.88531,12.88762,0.00,0.00
2017.08.17 14:23:15.428,12.88531,12.88732,0.00,0.00
2017.08.17 14:23:15.529,12.88531,12.88752,0.00,0.00
2017.08.17 14:23:15.731,12.88531,12.88731,0.00,0.00
2017.08.17 14:23:16.036,12.88531,12.88711,0.00,0.00
2017.08.17 14:23:16.426,12.88531,12.88742,0.00,0.00
2017.08.17 14:23:16.646,12.88531,12.88712,0.00,0.00
2017.08.17 14:23:16.697,12.88531,12.88761,0.00,0.00
2017.08.17 14:23:16.899,12.88531,12.88721,0.00,0.00
2017.08.17 14:23:17.050,12.88522,12.88721,0.00,0.00
2017.08.17 14:23:17.151,12.88498,12.88721,0.00,0.00
2017.08.17 14:23:17.302,12.88498,12.88751,0.00,0.00
2017.08.17 14:23:17.504,12.88498,12.88712,0.00,0.00
2017.08.17 14:23:17.706,12.88501,12.88742,0.00,0.00
2017.08.17 14:23:17.918,12.88598,12.88751,0.00,0.00
2017.08.17 14:23:18.020,12.88598,12.88762,0.00,0.00
2017.08.17 14:23:18.121,12.88598,12.88821,0.00,0.00
2017.08.17 14:23:18.690,12.88598,12.88812,0.00,0.00
2017.08.17 14:23:18.970,12.88528,12.88762,0.00,0.00
2017.08.17 14:23:19.020,12.88598,12.88722,0.00,0.00
2017.08.17 14:23:19.172,12.88572,12.88722,0.00,0.00
2017.08.17 14:23:19.273,12.88598,12.88791,0.00,0.00
2017.08.17 14:23:19.324,12.88598,12.88802,0.00,0.00
2017.08.17 14:23:19.425,12.88598,12.88831,0.00,0.00
2017.08.17 14:23:19.930,12.88598,12.88832,0.00,0.00
2017.08.17 14:23:20.193,12.88598,12.88792,0.00,0.00
2017.08.17 14:23:20.294,12.88598,12.88832,0.00,0.00
2017.08.17 14:23:20.395,12.88598,12.88782,0.00,0.00
2017.08.17 14:23:20.496,12.88598,12.88822,0.00,0.00
2017.08.17 14:23:20.797,12.88598,12.88781,0.00,0.00
2017.08.17 14:23:20.898,12.88548,12.88778,0.00,0.00
2017.08.17 14:23:20.999,12.88522,12.88731,0.00,0.00
2017.08.17 14:23:21.405,12.88522,12.88761,0.00,0.00
2017.08.17 14:23:21.506,12.88521,12.88742,0.00,0.00
2017.08.17 14:23:21.922,12.88522,12.88761,0.00,0.00
2017.08.17 14:23:22.124,12.88522,12.88742,0.00,0.00
2017.08.17 14:23:22.446,12.88522,12.88721,0.00,0.00
2017.08.17 14:23:22.498,12.88522,12.88752,0.00,0.00
2017.08.17 14:23:22.556,12.88581,12.88752,0.00,0.00
2017.08.17 14:23:22.707,12.88598,12.88791,0.00,0.00
2017.08.17 14:23:22.808,12.88598,12.88811,0.00,0.00
2017.08.17 14:23:23.000,12.88598,12.88822,0.00,0.00
2017.08.17 14:23:23.099,12.88598,12.88802,0.00,0.00
2017.08.17 14:23:23.400,12.88598,12.88822,0.00,0.00
2017.08.17 14:23:23.801,12.88598,12.88812,0.00,0.00
2017.08.17 14:23:23.901,12.88598,12.88822,0.00,0.00
2017.08.17 14:23:24.229,12.88598,12.88782,0.00,0.00
2017.08.17 14:23:24.430,12.88598,12.88791,0.00,0.00
2017.08.17 14:23:24.531,12.88598,12.88822,0.00,0.00
2017.08.17 14:23:24.939,12.88598,12.88791,0.00,0.00
2017.08.17 14:23:24.990,12.88531,12.88761,0.00,0.00
2017.08.17 14:23:25.091,12.88521,12.88761,0.00,0.00
2017.08.17 14:23:25.142,12.88531,12.88712,0.00,0.00
2017.08.17 14:23:25.294,12.88521,12.88722,0.00,0.00
2017.08.17 14:23:25.353,12.88522,12.88761,0.00,0.00
2017.08.17 14:23:25.404,12.88522,12.88721,0.00,0.00
2017.08.17 14:23:25.947,12.88521,12.88712,0.00,0.00
2017.08.17 14:23:26.453,12.88512,12.88712,0.00,0.00
2017.08.17 14:23:26.554,12.88512,12.88702,0.00,0.00
2017.08.17 14:23:26.605,12.88448,12.88698,0.00,0.00
2017.08.17 14:23:26.656,12.88448,12.88679,0.00,0.00
2017.08.17 14:23:26.958,12.88448,12.88662,0.00,0.00
2017.08.17 14:23:27.009,12.88432,12.88661,0.00,0.00
2017.08.17 14:23:27.116,12.88432,12.88632,0.00,0.00
2017.08.17 14:23:27.429,12.88432,12.88601,0.00,0.00
2017.08.17 14:23:27.480,12.88349,12.88599,0.00,0.00
2017.08.17 14:23:27.531,12.88349,12.88579,0.00,0.00
2017.08.17 14:23:27.834,12.88311,12.88512,0.00,0.00
2017.08.17 14:23:27.936,12.88311,12.88551,0.00,0.00
2017.08.17 14:23:28.158,12.88311,12.88541,0.00,0.00
2017.08.17 14:23:28.360,12.88311,12.88561,0.00,0.00
2017.08.17 14:23:28.512,12.88311,12.88522,0.00,0.00
2017.08.17 14:23:28.747,12.88311,12.88551,0.00,0.00
2017.08.17 14:23:28.912,12.88311,12.88561,0.00,0.00
2017.08.17 14:23:29.012,12.88311,12.88552,0.00,0.00
2017.08.17 14:23:29.344,12.88381,12.88562,0.00,0.00
2017.08.17 14:23:29.657,12.88381,12.88522,0.00,0.00
2017.08.17 14:23:29.758,12.88381,12.88532,0.00,0.00
2017.08.17 14:23:29.859,12.88381,12.88561,0.00,0.00
2017.08.17 14:23:29.960,12.88381,12.88542,0.00,0.00
2017.08.17 14:23:30.064,12.88311,12.88532,0.00,0.00
2017.08.17 14:23:30.350,12.88311,12.88552,0.00,0.00
2017.08.17 14:23:30.451,12.88311,12.88502,0.00,0.00
2017.08.17 14:23:30.553,12.88311,12.88522,0.00,0.00
2017.08.17 14:23:30.654,12.88311,12.88561,0.00,0.00
2017.08.17 14:23:30.758,12.88311,12.88532,0.00,0.00
2017.08.17 14:23:31.196,12.88311,12.88521,0.00,0.00
2017.08.17 14:23:31.248,12.88311,12.88551,0.00,0.00
2017.08.17 14:23:31.349,12.88311,12.88522,0.00,0.00
2017.08.17 14:23:31.400,12.88271,12.88499,0.00,0.00
2017.08.17 14:23:31.452,12.88248,12.88499,0.00,0.00
2017.08.17 14:23:31.504,12.88248,12.88479,0.00,0.00
2017.08.17 14:23:31.706,12.88211,12.88452,0.00,0.00
2017.08.17 14:23:31.757,12.88211,12.88461,0.00,0.00
2017.08.17 14:23:31.851,12.88211,12.88441,0.00,0.00
2017.08.17 14:23:32.153,12.88181,12.88341,0.00,0.00
2017.08.17 14:23:32.254,12.88208,12.88468,0.00,0.00
2017.08.17 14:23:32.355,12.88188,12.88399,0.00,0.00
2017.08.17 14:23:32.456,12.88179,12.88419,0.00,0.00
2017.08.17 14:23:32.507,12.88179,12.88422,0.00,0.00
2017.08.17 14:23:32.895,12.88212,12.88472,0.00,0.00
2017.08.17 14:23:32.946,12.88212,12.88402,0.00,0.00
2017.08.17 14:23:33.047,12.88212,12.88432,0.00,0.00
2017.08.17 14:23:33.148,12.88212,12.88472,0.00,0.00
2017.08.17 14:23:33.249,12.88212,12.88422,0.00,0.00
2017.08.17 14:23:33.518,12.88208,12.88462,0.00,0.00
2017.08.17 14:23:33.577,12.88159,12.88419,0.00,0.00
2017.08.17 14:23:33.628,12.88208,12.88362,0.00,0.00
2017.08.17 14:23:33.729,12.88208,12.88372,0.00,0.00
2017.08.17 14:23:33.830,12.88281,12.88462,0.00,0.00
2017.08.17 14:23:33.931,12.88309,12.88542,0.00,0.00
2017.08.17 14:23:34.032,12.88309,12.88552,0.00,0.00
2017.08.17 14:23:34.249,12.88309,12.88502,0.00,0.00
2017.08.17 14:23:34.538,12.88309,12.88542,0.00,0.00
2017.08.17 14:23:34.740,12.88309,12.88511,0.00,0.00
2017.08.17 14:23:34.841,12.88309,12.88541,0.00,0.00
2017.08.17 14:23:35.037,12.88309,12.88511,0.00,0.00
2017.08.17 14:23:35.327,12.88309,12.88561,0.00,0.00
2017.08.17 14:23:35.428,12.88309,12.88552,0.00,0.00
2017.08.17 14:23:35.730,12.88309,12.88532,0.00,0.00
2017.08.17 14:23:36.054,12.88299,12.88522,0.00,0.00
2017.08.17 14:23:36.212,12.88299,12.88552,0.00,0.00
2017.08.17 14:23:36.733,12.88299,12.88521,0.00,0.00
2017.08.17 14:23:37.036,12.88299,12.88512,0.00,0.00
2017.08.17 14:23:37.330,12.88299,12.88552,0.00,0.00
2017.08.17 14:23:37.459,12.88301,12.88552,0.00,0.00
2017.08.17 14:23:37.764,12.88311,12.88562,0.00,0.00
2017.08.17 14:23:38.066,12.88311,12.88552,0.00,0.00
2017.08.17 14:23:38.535,12.88311,12.88532,0.00,0.00
2017.08.17 14:23:38.632,12.88311,12.88542,0.00,0.00
2017.08.17 14:23:38.733,12.88311,12.88562,0.00,0.00
2017.08.17 14:23:38.983,12.88311,12.88502,0.00,0.00
2017.08.17 14:23:39.134,12.88311,12.88552,0.00,0.00
2017.08.17 14:23:39.338,12.88311,12.88561,0.00,0.00
2017.08.17 14:23:39.533,12.88311,12.88551,0.00,0.00
2017.08.17 14:23:39.875,12.88332,12.88562,0.00,0.00
2017.08.17 14:23:40.225,12.88331,12.88542,0.00,0.00
2017.08.17 14:23:40.420,12.88322,12.88542,0.00,0.00
2017.08.17 14:23:40.470,12.88311,12.88531,0.00,0.00
2017.08.17 14:23:40.736,12.88321,12.88562,0.00,0.00
2017.08.17 14:23:40.837,12.88331,12.88562,0.00,0.00
2017.08.17 14:23:41.175,12.88398,12.88572,0.00,0.00
2017.08.17 14:23:41.276,12.88398,12.88582,0.00,0.00
2017.08.17 14:23:41.377,12.88398,12.88611,0.00,0.00
2017.08.17 14:23:41.483,12.88398,12.88642,0.00,0.00
2017.08.17 14:23:41.636,12.88398,12.88601,0.00,0.00
2017.08.17 14:23:41.937,12.88398,12.88621,0.00,0.00
2017.08.17 14:23:41.990,12.88398,12.88598,0.00,0.00
2017.08.17 14:23:42.040,12.88382,12.88589,0.00,0.00
2017.08.17 14:23:42.141,12.88382,12.88561,0.00,0.00
2017.08.17 14:23:42.343,12.88382,12.88582,0.00,0.00
2017.08.17 14:23:42.437,12.88382,12.88602,0.00,0.00
2017.08.17 14:23:42.856,12.88332,12.88562,0.00,0.00
2017.08.17 14:23:42.906,12.88402,12.88562,0.00,0.00
2017.08.17 14:23:43.154,12.88401,12.88572,0.00,0.00
2017.08.17 14:23:43.239,12.88401,12.88582,0.00,0.00
2017.08.17 14:23:43.539,12.88401,12.88601,0.00,0.00
2017.08.17 14:23:43.676,12.88438,12.88601,0.00,0.00
2017.08.17 14:23:43.778,12.88438,12.88608,0.00,0.00
2017.08.17 14:23:43.829,12.88351,12.88609,0.00,0.00
2017.08.17 14:23:43.879,12.88351,12.88599,0.00,0.00
2017.08.17 14:23:44.202,12.88352,12.88542,0.00,0.00
2017.08.17 14:23:44.559,12.88351,12.88521,0.00,0.00
2017.08.17 14:23:44.611,12.88352,12.88562,0.00,0.00
2017.08.17 14:23:44.712,12.88351,12.88572,0.00,0.00
2017.08.17 14:23:44.967,12.88351,12.88561,0.00,0.00
2017.08.17 14:23:45.169,12.88351,12.88582,0.00,0.00
2017.08.17 14:23:45.631,12.88351,12.88551,0.00,0.00
2017.08.17 14:23:45.744,12.88352,12.88561,0.00,0.00
2017.08.17 14:23:45.944,12.88352,12.88552,0.00,0.00
2017.08.17 14:23:46.244,12.88351,12.88561,0.00,0.00
2017.08.17 14:23:46.662,12.88351,12.88511,0.00,0.00
2017.08.17 14:23:47.067,12.88352,12.88518,0.00,0.00
2017.08.17 14:23:47.118,12.88351,12.88522,0.00,0.00
2017.08.17 14:23:47.169,12.88352,12.88501,0.00,0.00
2017.08.17 14:23:47.270,12.88351,12.88531,0.00,0.00
2017.08.17 14:23:47.572,12.88351,12.88502,0.00,0.00
2017.08.17 14:23:47.622,12.88338,12.88502,0.00,0.00
2017.08.17 14:23:47.760,12.88338,12.88531,0.00,0.00
2017.08.17 14:23:48.459,12.88338,12.88541,0.00,0.00
2017.08.17 14:23:48.664,12.88389,12.88541,0.00,0.00
2017.08.17 14:23:48.877,12.88388,12.88592,0.00,0.00
2017.08.17 14:23:48.928,12.88438,12.88592,0.00,0.00
2017.08.17 14:23:48.978,12.88438,12.88601,0.00,0.00
2017.08.17 14:23:49.079,12.88438,12.88622,0.00,0.00
2017.08.17 14:23:49.272,12.88438,12.88631,0.00,0.00
2017.08.17 14:23:49.875,12.88438,12.88612,0.00,0.00
2017.08.17 14:23:49.977,12.88438,12.88651,0.00,0.00
2017.08.17 14:23:50.434,12.88489,12.88651,0.00,0.00
2017.08.17 14:23:50.535,12.88438,12.88632,0.00,0.00
2017.08.17 14:23:50.586,12.88438,12.88661,0.00,0.00
2017.08.17 14:23:50.854,12.88438,12.88622,0.00,0.00
2017.08.17 14:23:51.775,12.88438,12.88642,0.00,0.00
2017.08.17 14:23:51.876,12.88438,12.88661,0.00,0.00
2017.08.17 14:23:51.977,12.88401,12.88661,0.00,0.00
2017.08.17 14:23:52.078,12.88401,12.88632,0.00,0.00
2017.08.17 14:23:52.396,12.88401,12.88622,0.00,0.00
2017.08.17 14:23:52.710,12.88398,12.88591,0.00,0.00
2017.08.17 14:23:52.761,12.88398,12.88631,0.00,0.00
2017.08.17 14:23:53.504,12.88398,12.88632,0.00,0.00
2017.08.17 14:23:53.706,12.88398,12.88622,0.00,0.00
2017.08.17 14:23:53.761,12.88398,12.88642,0.00,0.00
2017.08.17 14:23:53.862,12.88398,12.88652,0.00,0.00
2017.08.17 14:23:54.096,12.88398,12.88621,0.00,0.00
2017.08.17 14:23:54.393,12.88471,12.88711,0.00,0.00
2017.08.17 14:23:54.445,12.88498,12.88721,0.00,0.00
2017.08.17 14:23:54.597,12.88498,12.88752,0.00,0.00
2017.08.17 14:23:54.875,12.88498,12.88721,0.00,0.00
2017.08.17 14:23:55.269,12.88582,12.88811,0.00,0.00
2017.08.17 14:23:55.320,12.88598,12.88811,0.00,0.00
2017.08.17 14:23:55.765,12.88598,12.88782,0.00,0.00
2017.08.17 14:23:56.269,12.88598,12.88832,0.00,0.00
2017.08.17 14:23:56.320,12.88548,12.88788,0.00,0.00
2017.08.17 14:23:56.371,12.88499,12.88711,0.00,0.00
2017.08.17 14:23:56.673,12.88502,12.88752,0.00,0.00
2017.08.17 14:23:57.152,12.88501,12.88729,0.00,0.00
2017.08.17 14:23:57.203,12.88431,12.88662,0.00,0.00
2017.08.17 14:23:57.254,12.88448,12.88662,0.00,0.00
2017.08.17 14:23:57.506,12.88499,12.88722,0.00,0.00
2017.08.17 14:23:57.708,12.88499,12.88729,0.00,0.00
2017.08.17 14:23:57.859,12.88448,12.88712,0.00,0.00
2017.08.17 14:23:58.002,12.88499,12.88682,0.00,0.00
2017.08.17 14:23:58.103,12.88499,12.88701,0.00,0.00
2017.08.17 14:23:58.204,12.88448,12.88698,0.00,0.00
2017.08.17 14:23:58.254,12.88448,12.88689,0.00,0.00
2017.08.17 14:23:58.570,12.88422,12.88661,0.00,0.00
2017.08.17 14:23:58.671,12.88401,12.88662,0.00,0.00
2017.08.17 14:23:58.722,12.88421,12.88662,0.00,0.00
2017.08.17 14:23:59.202,12.88421,12.88642,0.00,0.00
2017.08.17 14:23:59.373,12.88499,12.88721,0.00,0.00
2017.08.17 14:23:59.474,12.88499,12.88729,0.00,0.00
2017.08.17 14:23:59.675,12.88499,12.88742,0.00,0.00
2017.08.17 14:23:59.726,12.88481,12.88712,0.00,0.00
2017.08.17 14:24:00.071,12.88448,12.88652,0.00,0.00
2017.08.17 14:24:00.175,12.88448,12.88692,0.00,0.00
2017.08.17 14:24:00.310,12.88498,12.88692,0.00,0.00
2017.08.17 14:24:00.411,12.88498,12.88722,0.00,0.00
2017.08.17 14:24:00.512,12.88498,12.88742,0.00,0.00
2017.08.17 14:24:00.613,12.88498,12.88752,0.00,0.00
2017.08.17 14:24:00.815,12.88498,12.88722,0.00,0.00
2017.08.17 14:24:00.999,12.88498,12.88751,0.00,0.00
2017.08.17 14:24:01.607,12.88498,12.88711,0.00,0.00
2017.08.17 14:24:01.759,12.88521,12.88741,0.00,0.00
2017.08.17 14:24:01.910,12.88521,12.88702,0.00,0.00
2017.08.17 14:24:02.125,12.88571,12.88762,0.00,0.00
2017.08.17 14:24:02.176,12.88532,12.88762,0.00,0.00
2017.08.17 14:24:02.277,12.88521,12.88762,0.00,0.00
2017.08.17 14:24:02.328,12.88571,12.88742,0.00,0.00
2017.08.17 14:24:02.379,12.88582,12.88802,0.00,0.00
2017.08.17 14:24:02.430,12.88599,12.88802,0.00,0.00
2017.08.17 14:24:02.756,12.88599,12.88782,0.00,0.00
2017.08.17 14:24:02.979,12.88599,12.88812,0.00,0.00
2017.08.17 14:24:03.099,12.88599,12.88822,0.00,0.00
2017.08.17 14:24:03.200,12.88599,12.88802,0.00,0.00
2017.08.17 14:24:03.301,12.88599,12.88822,0.00,0.00
2017.08.17 14:24:03.494,12.88599,12.88811,0.00,0.00
2017.08.17 14:24:03.828,12.88599,12.88792,0.00,0.00
2017.08.17 14:24:03.881,12.88599,12.88832,0.00,0.00
2017.08.17 14:24:04.289,12.88599,12.88801,0.00,0.00
2017.08.17 14:24:04.794,12.88599,12.88822,0.00,0.00
2017.08.17 14:24:04.988,12.88599,12.88841,0.00,0.00
2017.08.17 14:24:05.090,12.88599,12.88802,0.00,0.00
2017.08.17 14:24:05.402,12.88572,12.88808,0.00,0.00
2017.08.17 14:24:05.555,12.88539,12.88769,0.00,0.00
2017.08.17 14:24:05.606,12.88531,12.88769,0.00,0.00
2017.08.17 14:24:05.656,12.88531,12.88719,0.00,0.00
2017.08.17 14:24:05.707,12.88532,12.88722,0.00,0.00
2017.08.17 14:24:05.758,12.88572,12.88722,0.00,0.00
2017.08.17 14:24:05.809,12.88571,12.88809,0.00,0.00
2017.08.17 14:24:06.011,12.88538,12.88769,0.00,0.00
2017.08.17 14:24:06.335,12.88452,12.88722,0.00,0.00
2017.08.17 14:24:06.649,12.88532,12.88722,0.00,0.00
2017.08.17 14:24:06.700,12.88531,12.88751,0.00,0.00
2017.08.17 14:24:06.751,12.88571,12.88751,0.00,0.00
2017.08.17 14:24:06.801,12.88571,12.88802,0.00,0.00
2017.08.17 14:24:07.003,12.88571,12.88811,0.00,0.00
2017.08.17 14:24:07.207,12.88571,12.88791,0.00,0.00
2017.08.17 14:24:07.610,12.88571,12.88812,0.00,0.00
2017.08.17 14:24:07.713,12.88521,12.88769,0.00,0.00
2017.08.17 14:24:07.764,12.88521,12.88719,0.00,0.00
2017.08.17 14:24:08.098,12.88521,12.88712,0.00,0.00
2017.08.17 14:24:08.391,12.88521,12.88719,0.00,0.00
2017.08.17 14:24:08.902,12.88521,12.88711,0.00,0.00
2017.08.17 14:24:09.247,12.88522,12.88702,0.00,0.00
2017.08.17 14:24:09.436,12.88521,12.88719,0.00,0.00
2017.08.17 14:24:09.794,12.88521,12.88702,0.00,0.00
2017.08.17 14:24:10.454,12.88522,12.88702,0.00,0.00
2017.08.17 14:24:10.505,12.88432,12.88668,0.00,0.00
2017.08.17 14:24:10.606,12.88472,12.88642,0.00,0.00
2017.08.17 14:24:10.707,12.88471,12.88692,0.00,0.00
2017.08.17 14:24:10.843,12.88471,12.88702,0.00,0.00
2017.08.17 14:24:10.894,12.88418,12.88669,0.00,0.00
2017.08.17 14:24:10.944,12.88402,12.88618,0.00,0.00
2017.08.17 14:24:11.274,12.88372,12.88618,0.00,0.00
2017.08.17 14:24:11.426,12.88401,12.88619,0.00,0.00
2017.08.17 14:24:11.477,12.88372,12.88618,0.00,0.00
2017.08.17 14:24:11.830,12.88371,12.88612,0.00,0.00
2017.08.17 14:24:11.931,12.88372,12.88618,0.00,0.00
2017.08.17 14:24:12.166,12.88402,12.88618,0.00,0.00
2017.08.17 14:24:12.368,12.88471,12.88719,0.00,0.00
2017.08.17 14:24:12.520,12.88471,12.88669,0.00,0.00
2017.08.17 14:24:12.571,12.88472,12.88681,0.00,0.00
2017.08.17 14:24:12.723,12.88471,12.88701,0.00,0.00
2017.08.17 14:24:12.824,12.88471,12.88719,0.00,0.00
2017.08.17 14:24:13.121,12.88471,12.88672,0.00,0.00
2017.08.17 14:24:13.172,12.88472,12.88682,0.00,0.00
2017.08.17 14:24:13.223,12.88472,12.88718,0.00,0.00
2017.08.17 14:24:13.425,12.88471,12.88692,0.00,0.00
2017.08.17 14:24:14.001,12.88471,12.88719,0.00,0.00
2017.08.17 14:24:14.302,12.88471,12.88712,0.00,0.00
2017.08.17 14:24:14.652,12.88432,12.88618,0.00,0.00
2017.08.17 14:24:14.753,12.88422,12.88618,0.00,0.00
2017.08.17 14:24:14.854,12.88402,12.88618,0.00,0.00
2017.08.17 14:24:14.955,12.88432,12.88618,0.00,0.00
2017.08.17 14:24:15.057,12.88472,12.88672,0.00,0.00
2017.08.17 14:24:15.158,12.88471,12.88719,0.00,0.00
2017.08.17 14:24:15.527,12.88471,12.88701,0.00,0.00
2017.08.17 14:24:15.628,12.88472,12.88718,0.00,0.00
2017.08.17 14:24:15.678,12.88522,12.88741,0.00,0.00
2017.08.17 14:24:15.981,12.88471,12.88662,0.00,0.00
2017.08.17 14:24:16.032,12.88472,12.88691,0.00,0.00
2017.08.17 14:24:16.133,12.88471,12.88702,0.00,0.00
2017.08.17 14:24:16.234,12.88448,12.88732,0.00,0.00
2017.08.17 14:24:16.284,12.88471,12.88719,0.00,0.00
2017.08.17 14:24:16.715,12.88472,12.88711,0.00,0.00
2017.08.17 14:24:16.809,12.88472,12.88718,0.00,0.00
2017.08.17 14:24:16.910,12.88438,12.88669,0.00,0.00
2017.08.17 14:24:17.212,12.88421,12.88619,0.00,0.00
2017.08.17 14:24:17.518,12.88401,12.88619,0.00,0.00
2017.08.17 14:24:17.860,12.88421,12.88619,0.00,0.00
2017.08.17 14:24:17.911,12.88432,12.88668,0.00,0.00
2017.08.17 14:24:18.435,12.88431,12.88669,0.00,0.00
2017.08.17 14:24:18.486,12.88438,12.88618,0.00,0.00
2017.08.17 14:24:18.587,12.88421,12.88619,0.00,0.00
2017.08.17 14:24:18.769,12.88401,12.88619,0.00,0.00
2017.08.17 14:24:20.944,12.88402,12.88618,0.00,0.00
2017.08.17 14:24:21.490,12.88421,12.88619,0.00,0.00
2017.08.17 14:24:21.850,12.88401,12.88619,0.00,0.00
2017.08.17 14:24:22.396,12.88402,12.88618,0.00,0.00
2017.08.17 14:24:23.022,12.88401,12.88619,0.00,0.00
2017.08.17 14:24:23.073,12.88348,12.88632,0.00,0.00
2017.08.17 14:24:23.123,12.88401,12.88619,0.00,0.00
2017.08.17 14:24:23.375,12.88402,12.88632,0.00,0.00
2017.08.17 14:24:23.426,12.88398,12.88632,0.00,0.00
2017.08.17 14:24:23.594,12.88439,12.88632,0.00,0.00
2017.08.17 14:24:23.924,12.88439,12.88652,0.00,0.00
2017.08.17 14:24:24.025,12.88439,12.88672,0.00,0.00
2017.08.17 14:24:24.325,12.88439,12.88641,0.00,0.00
2017.08.17 14:24:25.166,12.88439,12.88651,0.00,0.00
2017.08.17 14:24:25.268,12.88439,12.88631,0.00,0.00
2017.08.17 14:24:25.328,12.88439,12.88652,0.00,0.00
2017.08.17 14:24:25.456,12.88439,12.88632,0.00,0.00
2017.08.17 14:24:25.558,12.88439,12.88652,0.00,0.00
2017.08.17 14:24:25.761,12.88439,12.88612,0.00,0.00
2017.08.17 14:24:26.064,12.88439,12.88591,0.00,0.00
2017.08.17 14:24:26.368,12.88439,12.88641,0.00,0.00
2017.08.17 14:24:26.469,12.88439,12.88652,0.00,0.00
2017.08.17 14:24:26.944,12.88439,12.88632,0.00,0.00
2017.08.17 14:24:28.164,12.88439,12.88622,0.00,0.00
2017.08.17 14:24:28.407,12.88351,12.88599,0.00,0.00
2017.08.17 14:24:28.528,12.88351,12.88552,0.00,0.00
2017.08.17 14:24:28.878,12.88351,12.88571,0.00,0.00
2017.08.17 14:24:29.023,12.88351,12.88562,0.00,0.00
2017.08.17 14:24:29.325,12.88352,12.88551,0.00,0.00
2017.08.17 14:24:29.589,12.88421,12.88642,0.00,0.00
2017.08.17 14:24:29.639,12.88439,12.88642,0.00,0.00
2017.08.17 14:24:29.690,12.88439,12.88652,0.00,0.00
2017.08.17 14:24:29.842,12.88439,12.88622,0.00,0.00
2017.08.17 14:24:30.154,12.88439,12.88642,0.00,0.00
2017.08.17 14:24:30.255,12.88388,12.88609,0.00,0.00
2017.08.17 14:24:30.306,12.88388,12.88662,0.00,0.00
2017.08.17 14:24:30.476,12.88438,12.88612,0.00,0.00
2017.08.17 14:24:30.577,12.88438,12.88632,0.00,0.00
2017.08.17 14:24:30.678,12.88438,12.88642,0.00,0.00
2017.08.17 14:24:30.742,12.88438,12.88652,0.00,0.00
2017.08.17 14:24:31.145,12.88438,12.88642,0.00,0.00
2017.08.17 14:24:31.541,12.88438,12.88631,0.00,0.00
2017.08.17 14:24:31.796,12.88351,12.88592,0.00,0.00
2017.08.17 14:24:31.897,12.88351,12.88532,0.00,0.00
2017.08.17 14:24:32.200,12.88351,12.88521,0.00,0.00
2017.08.17 14:24:32.301,12.88251,12.88499,0.00,0.00
2017.08.17 14:24:32.476,12.88252,12.88441,0.00,0.00
2017.08.17 14:24:32.678,12.88252,12.88451,0.00,0.00
2017.08.17 14:24:32.855,12.88251,12.88432,0.00,0.00
2017.08.17 14:24:33.206,12.88252,12.88421,0.00,0.00
2017.08.17 14:24:33.256,12.88251,12.88442,0.00,0.00
2017.08.17 14:24:33.385,12.88251,12.88422,0.00,0.00
2017.08.17 14:24:33.637,12.88189,12.88398,0.00,0.00
2017.08.17 14:24:33.688,12.88189,12.88332,0.00,0.00
2017.08.17 14:24:33.739,12.88151,12.88332,0.00,0.00
2017.08.17 14:24:33.839,12.88151,12.88352,0.00,0.00
2017.08.17 14:24:33.890,12.88152,12.88342,0.00,0.00
2017.08.17 14:24:34.255,12.88152,12.88332,0.00,0.00
2017.08.17 14:24:34.357,12.88151,12.88342,0.00,0.00
2017.08.17 14:24:34.458,12.88151,12.88372,0.00,0.00
2017.08.17 14:24:34.508,12.88188,12.88372,0.00,0.00
2017.08.17 14:24:34.559,12.88188,12.88412,0.00,0.00
2017.08.17 14:24:34.610,12.88238,12.88412,0.00,0.00
2017.08.17 14:24:34.661,12.88238,12.88439,0.00,0.00
2017.08.17 14:24:34.711,12.88238,12.88399,0.00,0.00
2017.08.17 14:24:34.871,12.88152,12.88352,0.00,0.00
2017.08.17 14:24:34.976,12.88151,12.88392,0.00,0.00
2017.08.17 14:24:35.179,12.88151,12.88342,0.00,0.00
2017.08.17 14:24:35.381,12.88151,12.88362,0.00,0.00
2017.08.17 14:24:35.482,12.88151,12.88351,0.00,0.00
2017.08.17 14:24:35.758,12.88151,12.88372,0.00,0.00
2017.08.17 14:24:35.859,12.88194,12.88372,0.00,0.00
2017.08.17 14:24:35.910,12.88199,12.88381,0.00,0.00
2017.08.17 14:24:35.960,12.88246,12.88381,0.00,0.00
2017.08.17 14:24:36.011,12.88248,12.88432,0.00,0.00
2017.08.17 14:24:36.112,12.88248,12.88442,0.00,0.00
2017.08.17 14:24:36.213,12.88199,12.88399,0.00,0.00
2017.08.17 14:24:36.264,12.88199,12.88361,0.00,0.00
2017.08.17 14:24:36.314,12.88181,12.88361,0.00,0.00
2017.08.17 14:24:36.620,12.88181,12.88351,0.00,0.00
2017.08.17 14:24:36.822,12.88151,12.88351,0.00,0.00
2017.08.17 14:24:36.965,12.88151,12.88382,0.00,0.00
2017.08.17 14:24:37.315,12.88151,12.88332,0.00,0.00
2017.08.17 14:24:37.586,12.88151,12.88362,0.00,0.00
2017.08.17 14:24:38.074,12.88151,12.88352,0.00,0.00
2017.08.17 14:24:38.175,12.88151,12.88392,0.00,0.00
2017.08.17 14:24:38.338,12.88193,12.88392,0.00,0.00
2017.08.17 14:24:38.439,12.88182,12.88382,0.00,0.00
2017.08.17 14:24:38.489,12.88182,12.88372,0.00,0.00
2017.08.17 14:24:38.590,12.88182,12.88398,0.00,0.00
2017.08.17 14:24:38.758,12.88182,12.88372,0.00,0.00
2017.08.17 14:24:39.060,12.88182,12.88332,0.00,0.00
2017.08.17 14:24:39.231,12.88111,12.88332,0.00,0.00
2017.08.17 14:24:39.369,12.88111,12.88341,0.00,0.00
2017.08.17 14:24:39.470,12.88111,12.88322,0.00,0.00
2017.08.17 14:24:39.773,12.88111,12.88342,0.00,0.00
2017.08.17 14:24:39.875,12.88111,12.88372,0.00,0.00
2017.08.17 14:24:40.123,12.88111,12.88331,0.00,0.00
2017.08.17 14:24:40.173,12.88111,12.88372,0.00,0.00
2017.08.17 14:24:40.376,12.88111,12.88331,0.00,0.00
2017.08.17 14:24:40.671,12.88111,12.88371,0.00,0.00
2017.08.17 14:24:40.773,12.88111,12.88321,0.00,0.00
2017.08.17 14:24:40.974,12.88111,12.88351,0.00,0.00
2017.08.17 14:24:41.075,12.88111,12.88322,0.00,0.00
2017.08.17 14:24:41.294,12.88111,12.88352,0.00,0.00
2017.08.17 14:24:41.495,12.88111,12.88331,0.00,0.00
2017.08.17 14:24:41.697,12.88111,12.88342,0.00,0.00
2017.08.17 14:24:41.974,12.88111,12.88302,0.00,0.00
2017.08.17 14:24:42.238,12.88111,12.88352,0.00,0.00
2017.08.17 14:24:42.390,12.88111,12.88332,0.00,0.00
2017.08.17 14:24:42.706,12.88111,12.88341,0.00,0.00
2017.08.17 14:24:42.808,12.88111,12.88312,0.00,0.00
2017.08.17 14:24:43.209,12.88111,12.88342,0.00,0.00
2017.08.17 14:24:43.445,12.88108,12.88342,0.00,0.00
2017.08.17 14:24:43.496,12.88082,12.88292,0.00,0.00
2017.08.17 14:24:43.810,12.88109,12.88341,0.00,0.00
2017.08.17 14:24:44.107,12.88109,12.88322,0.00,0.00
2017.08.17 14:24:44.425,12.88112,12.88322,0.00,0.00
2017.08.17 14:24:44.479,12.88112,12.88342,0.00,0.00
2017.08.17 14:24:44.580,12.88112,12.88302,0.00,0.00
2017.08.17 14:24:44.681,12.88112,12.88312,0.00,0.00
2017.08.17 14:24:44.940,12.88112,12.88309,0.00,0.00
2017.08.17 14:24:45.092,12.88009,12.88221,0.00,0.00
2017.08.17 14:24:45.193,12.88009,12.88252,0.00,0.00
2017.08.17 14:24:45.397,12.88009,12.88261,0.00,0.00
2017.08.17 14:24:45.587,12.88009,12.88221,0.00,0.00
2017.08.17 14:24:45.896,12.88009,12.88252,0.00,0.00
2017.08.17 14:24:46.017,12.88009,12.88262,0.00,0.00
2017.08.17 14:24:46.290,12.88021,12.88241,0.00,0.00
2017.08.17 14:24:46.634,12.88009,12.88212,0.00,0.00
2017.08.17 14:24:46.817,12.88009,12.88222,0.00,0.00
2017.08.17 14:24:46.868,12.88021,12.88222,0.00,0.00
2017.08.17 14:24:46.919,12.88021,12.88261,0.00,0.00
2017.08.17 14:24:47.020,12.88021,12.88232,0.00,0.00
2017.08.17 14:24:47.071,12.88009,12.88232,0.00,0.00
2017.08.17 14:24:47.122,12.88009,12.88212,0.00,0.00
2017.08.17 14:24:47.475,12.88021,12.88212,0.00,0.00
2017.08.17 14:24:47.525,12.88021,12.88222,0.00,0.00
2017.08.17 14:24:47.626,12.88012,12.88262,0.00,0.00
2017.08.17 14:24:47.797,12.88012,12.88201,0.00,0.00
2017.08.17 14:24:47.900,12.88012,12.88232,0.00,0.00
2017.08.17 14:24:48.001,12.88012,12.88251,0.00,0.00
2017.08.17 14:24:48.102,12.88012,12.88221,0.00,0.00
2017.08.17 14:24:48.233,12.87922,12.88172,0.00,0.00
2017.08.17 14:24:48.284,12.87918,12.88172,0.00,0.00
2017.08.17 14:24:48.335,12.87912,12.88121,0.00,0.00
2017.08.17 14:24:48.649,12.87912,12.88071,0.00,0.00
2017.08.17 14:24:48.801,12.87781,12.87972,0.00,0.00
2017.08.17 14:24:48.952,12.87831,12.88001,0.00,0.00
2017.08.17 14:24:49.003,12.87831,12.88011,0.00,0.00
2017.08.17 14:24:49.053,12.87858,12.88011,0.00,0.00
2017.08.17 14:24:49.104,12.87858,12.88089,0.00,0.00
2017.08.17 14:24:49.251,12.87858,12.88092,0.00,0.00
2017.08.17 14:24:49.302,12.87808,12.88032,0.00,0.00
2017.08.17 14:24:49.614,12.87808,12.88021,0.00,0.00
2017.08.17 14:24:50.237,12.87808,12.88012,0.00,0.00
2017.08.17 14:24:50.338,12.87808,12.88062,0.00,0.00
2017.08.17 14:24:50.439,12.87808,12.88051,0.00,0.00
2017.08.17 14:24:50.540,12.87808,12.88062,0.00,0.00
2017.08.17 14:24:50.692,12.87808,12.88022,0.00,0.00
2017.08.17 14:24:51.009,12.87808,12.88041,0.00,0.00
2017.08.17 14:24:51.225,12.87808,12.88052,0.00,0.00
2017.08.17 14:24:51.496,12.87871,12.88052,0.00,0.00
2017.08.17 14:24:51.698,12.87909,12.88122,0.00,0.00
2017.08.17 14:24:51.799,12.87909,12.88152,0.00,0.00
2017.08.17 14:24:51.900,12.87909,12.88161,0.00,0.00
2017.08.17 14:24:52.049,12.87909,12.88152,0.00,0.00
2017.08.17 14:24:52.503,12.87909,12.88132,0.00,0.00
2017.08.17 14:24:52.604,12.87909,12.88151,0.00,0.00
2017.08.17 14:24:52.696,12.87909,12.88112,0.00,0.00
2017.08.17 14:24:53.119,12.87909,12.88152,0.00,0.00
2017.08.17 14:24:53.320,12.87909,12.88111,0.00,0.00
2017.08.17 14:24:53.623,12.88009,12.88172,0.00,0.00
2017.08.17 14:24:53.724,12.87999,12.88219,0.00,0.00
2017.08.17 14:24:53.825,12.87999,12.88191,0.00,0.00
2017.08.17 14:24:54.007,12.88008,12.88211,0.00,0.00
2017.08.17 14:24:54.109,12.88008,12.88221,0.00,0.00
2017.08.17 14:24:54.234,12.87958,12.88222,0.00,0.00
2017.08.17 14:24:54.284,12.87958,12.88188,0.00,0.00
2017.08.17 14:24:54.587,12.87931,12.88121,0.00,0.00
2017.08.17 14:24:54.637,12.87932,12.88171,0.00,0.00
2017.08.17 14:24:54.738,12.87921,12.88171,0.00,0.00
2017.08.17 14:24:54.789,12.87972,12.88172,0.00,0.00
2017.08.17 14:24:54.906,12.88008,12.88219,0.00,0.00
2017.08.17 14:24:54.957,12.88008,12.88222,0.00,0.00
2017.08.17 14:24:55.058,12.88008,12.88231,0.00,0.00
2017.08.17 14:24:55.175,12.88008,12.88241,0.00,0.00
2017.08.17 14:24:55.424,12.88008,12.88232,0.00,0.00
2017.08.17 14:24:55.627,12.88008,12.88252,0.00,0.00
2017.08.17 14:24:55.729,12.88008,12.88242,0.00,0.00
2017.08.17 14:24:55.947,12.88008,12.88252,0.00,0.00
2017.08.17 14:24:56.105,12.88008,12.88219,0.00,0.00
2017.08.17 14:24:56.407,12.88008,12.88241,0.00,0.00
2017.08.17 14:24:56.697,12.88048,12.88241,0.00,0.00
2017.08.17 14:24:56.845,12.88048,12.88281,0.00,0.00
2017.08.17 14:24:56.902,12.88001,12.88261,0.00,0.00
2017.08.17 14:24:57.054,12.88001,12.88232,0.00,0.00
2017.08.17 14:24:57.386,12.87999,12.88202,0.00,0.00
2017.08.17 14:24:57.538,12.87999,12.88231,0.00,0.00
2017.08.17 14:24:58.108,12.87999,12.88252,0.00,0.00
2017.08.17 14:24:58.448,12.87999,12.88211,0.00,0.00
2017.08.17 14:24:58.754,12.87999,12.88192,0.00,0.00
2017.08.17 14:24:59.059,12.87999,12.88181,0.00,0.00
2017.08.17 14:24:59.110,12.87899,12.88161,0.00,0.00
2017.08.17 14:24:59.211,12.87899,12.88122,0.00,0.00
2017.08.17 14:24:59.659,12.87899,12.88092,0.00,0.00
2017.08.17 14:25:00.196,12.87901,12.88111,0.00,0.00
2017.08.17 14:25:00.248,12.87948,12.88072,0.00,0.00
2017.08.17 14:25:00.349,12.87998,12.88181,0.00,0.00
2017.08.17 14:25:00.450,12.87931,12.88161,0.00,0.00
2017.08.17 14:25:00.501,12.87901,12.88161,0.00,0.00
2017.08.17 14:25:00.652,12.87901,12.88121,0.00,0.00
2017.08.17 14:25:00.952,12.87999,12.88232,0.00,0.00
2017.08.17 14:25:01.204,12.87982,12.88208,0.00,0.00
2017.08.17 14:25:01.305,12.87898,12.88162,0.00,0.00
2017.08.17 14:25:01.456,12.87898,12.88122,0.00,0.00
2017.08.17 14:25:01.844,12.87898,12.88092,0.00,0.00
2017.08.17 14:25:02.459,12.87902,12.88092,0.00,0.00
2017.08.17 14:25:02.509,12.87898,12.88092,0.00,0.00
2017.08.17 14:25:02.769,12.87898,12.88121,0.00,0.00
2017.08.17 14:25:02.971,12.87898,12.88092,0.00,0.00
2017.08.17 14:25:03.274,12.87999,12.88161,0.00,0.00
2017.08.17 14:25:03.324,12.87999,12.88182,0.00,0.00
2017.08.17 14:25:03.425,12.87999,12.88202,0.00,0.00
2017.08.17 14:25:03.526,12.87999,12.88211,0.00,0.00
2017.08.17 14:25:04.048,12.87999,12.88232,0.00,0.00
2017.08.17 14:25:04.351,12.87999,12.88252,0.00,0.00
2017.08.17 14:25:04.502,12.88001,12.88252,0.00,0.00
2017.08.17 14:25:04.836,12.88099,12.88302,0.00,0.00
2017.08.17 14:25:05.041,12.88048,12.88302,0.00,0.00
2017.08.17 14:25:05.142,12.88032,12.88261,0.00,0.00
2017.08.17 14:25:05.445,12.88099,12.88322,0.00,0.00
2017.08.17 14:25:05.546,12.88099,12.88332,0.00,0.00
2017.08.17 14:25:06.064,12.88099,12.88322,0.00,0.00
2017.08.17 14:25:06.367,12.88099,12.88271,0.00,0.00
2017.08.17 14:25:06.569,12.88099,12.88322,0.00,0.00
2017.08.17 14:25:07.000,12.88099,12.88311,0.00,0.00
2017.08.17 14:25:07.252,12.88099,12.88322,0.00,0.00
2017.08.17 14:25:07.439,12.88099,12.88331,0.00,0.00
2017.08.17 14:25:07.656,12.88099,12.88312,0.00,0.00
2017.08.17 14:25:07.858,12.88099,12.88332,0.00,0.00
2017.08.17 14:25:07.959,12.88099,12.88312,0.00,0.00
2017.08.17 14:25:08.176,12.88001,12.88262,0.00,0.00
2017.08.17 14:25:08.278,12.87998,12.88262,0.00,0.00
2017.08.17 14:25:08.379,12.87998,12.88212,0.00,0.00
2017.08.17 14:25:08.718,12.88082,12.88212,0.00,0.00
2017.08.17 14:25:08.769,12.88099,12.88301,0.00,0.00
2017.08.17 14:25:08.870,12.88099,12.88322,0.00,0.00
2017.08.17 14:25:09.036,12.88099,12.88282,0.00,0.00
2017.08.17 14:25:09.245,12.88099,12.88312,0.00,0.00
2017.08.17 14:25:09.547,12.88099,12.88292,0.00,0.00
2017.08.17 14:25:10.274,12.88099,12.88302,0.00,0.00
2017.08.17 14:25:10.476,12.88099,12.88312,0.00,0.00
2017.08.17 14:25:10.678,12.88099,12.88292,0.00,0.00
2017.08.17 14:25:10.779,12.88099,12.88321,0.00,0.00
2017.08.17 14:25:10.884,12.88099,12.88302,0.00,0.00
2017.08.17 14:25:11.080,12.88099,12.88322,0.00,0.00
2017.08.17 14:25:11.231,12.88181,12.88322,0.00,0.00
2017.08.17 14:25:11.383,12.88222,12.88391,0.00,0.00
2017.08.17 14:25:11.484,12.88222,12.88411,0.00,0.00
2017.08.17 14:25:11.535,12.88198,12.88411,0.00,0.00
2017.08.17 14:25:11.686,12.88198,12.88392,0.00,0.00
2017.08.17 14:25:11.737,12.88101,12.88362,0.00,0.00
2017.08.17 14:25:11.891,12.88122,12.88311,0.00,0.00
2017.08.17 14:25:11.951,12.88101,12.88311,0.00,0.00
2017.08.17 14:25:12.052,12.88198,12.88311,0.00,0.00
2017.08.17 14:25:12.154,12.88199,12.88341,0.00,0.00
2017.08.17 14:25:12.255,12.88199,12.88391,0.00,0.00
2017.08.17 14:25:12.356,12.88198,12.88382,0.00,0.00
2017.08.17 14:25:12.457,12.88121,12.88311,0.00,0.00
2017.08.17 14:25:12.508,12.88099,12.88311,0.00,0.00
2017.08.17 14:25:12.673,12.88099,12.88301,0.00,0.00
2017.08.17 14:25:12.977,12.88099,12.88352,0.00,0.00
2017.08.17 14:25:13.078,12.88099,12.88341,0.00,0.00
2017.08.17 14:25:13.457,12.88099,12.88302,0.00,0.00
2017.08.17 14:25:13.849,12.88099,12.88322,0.00,0.00
2017.08.17 14:25:14.050,12.88099,12.88291,0.00,0.00
2017.08.17 14:25:14.372,12.88099,12.88312,0.00,0.00
2017.08.17 14:25:14.488,12.88099,12.88291,0.00,0.00
2017.08.17 14:25:14.793,12.88099,12.88321,0.00,0.00
2017.08.17 14:25:15.331,12.88099,12.88322,0.00,0.00
2017.08.17 14:25:15.381,12.88099,12.88292,0.00,0.00
2017.08.17 14:25:15.532,12.88048,12.88292,0.00,0.00
2017.08.17 14:25:15.583,12.88048,12.88289,0.00,0.00
2017.08.17 14:25:15.941,12.88002,12.88221,0.00,0.00
2017.08.17 14:25:15.992,12.87998,12.88221,0.00,0.00
2017.08.17 14:25:16.499,12.87998,12.88242,0.00,0.00
2017.08.17 14:25:16.705,12.87998,12.88201,0.00,0.00
2017.08.17 14:25:16.924,12.87998,12.88232,0.00,0.00
2017.08.17 14:25:17.155,12.87998,12.88202,0.00,0.00
2017.08.17 14:25:17.470,12.88098,12.88231,0.00,0.00
2017.08.17 14:25:17.571,12.88098,12.88311,0.00,0.00
2017.08.17 14:25:17.856,12.88149,12.88311,0.00,0.00
2017.08.17 14:25:17.907,12.88149,12.88321,0.00,0.00
2017.08.17 14:25:17.958,12.88098,12.88321,0.00,0.00
2017.08.17 14:25:18.009,12.88131,12.88321,0.00,0.00
2017.08.17 14:25:18.160,12.88148,12.88341,0.00,0.00
2017.08.17 14:25:18.211,12.88101,12.88341,0.00,0.00
2017.08.17 14:25:18.262,12.88101,12.88332,0.00,0.00
2017.08.17 14:25:18.608,12.88121,12.88302,0.00,0.00
2017.08.17 14:25:18.760,12.88131,12.88322,0.00,0.00
2017.08.17 14:25:18.861,12.88148,12.88342,0.00,0.00
2017.08.17 14:25:18.993,12.88199,12.88382,0.00,0.00
2017.08.17 14:25:19.674,12.88149,12.88382,0.00,0.00
2017.08.17 14:25:19.775,12.88148,12.88311,0.00,0.00
2017.08.17 14:25:19.976,12.88198,12.88362,0.00,0.00
2017.08.17 14:25:20.185,12.88198,12.88401,0.00,0.00
2017.08.17 14:25:20.566,12.88198,12.88382,0.00,0.00
2017.08.17 14:25:21.288,12.88198,12.88402,0.00,0.00
2017.08.17 14:25:21.778,12.88198,12.88392,0.00,0.00
2017.08.17 14:25:21.979,12.88198,12.88422,0.00,0.00
2017.08.17 14:25:22.080,12.88198,12.88382,0.00,0.00
2017.08.17 14:25:22.182,12.88198,12.88392,0.00,0.00
2017.08.17 14:25:22.383,12.88198,12.88411,0.00,0.00
2017.08.17 14:25:22.674,12.88198,12.88392,0.00,0.00
2017.08.17 14:25:22.825,12.88198,12.88411,0.00,0.00
2017.08.17 14:25:23.077,12.88198,12.88392,0.00,0.00
2017.08.17 14:25:23.425,12.88198,12.88402,0.00,0.00
2017.08.17 14:25:23.526,12.88198,12.88422,0.00,0.00
2017.08.17 14:25:23.728,12.88198,12.88392,0.00,0.00
2017.08.17 14:25:23.979,12.88198,12.88402,0.00,0.00
2017.08.17 14:25:24.417,12.88198,12.88391,0.00,0.00
2017.08.17 14:25:24.603,12.88198,12.88421,0.00,0.00
2017.08.17 14:25:24.704,12.88198,12.88392,0.00,0.00
2017.08.17 14:25:25.107,12.88198,12.88422,0.00,0.00
2017.08.17 14:25:25.208,12.88198,12.88391,0.00,0.00
2017.08.17 14:25:25.309,12.88148,12.88399,0.00,0.00
2017.08.17 14:25:25.360,12.88148,12.88389,0.00,0.00
2017.08.17 14:25:25.461,12.88102,12.88362,0.00,0.00
2017.08.17 14:25:25.512,12.88098,12.88322,0.00,0.00
2017.08.17 14:25:25.818,12.88098,12.88302,0.00,0.00
2017.08.17 14:25:25.919,12.88098,12.88342,0.00,0.00
2017.08.17 14:25:26.214,12.88098,12.88329,0.00,0.00
2017.08.17 14:25:26.467,12.88049,12.88282,0.00,0.00
2017.08.17 14:25:26.518,12.88049,12.88271,0.00,0.00
2017.08.17 14:25:26.568,12.88001,12.88261,0.00,0.00
2017.08.17 14:25:26.719,12.88021,12.88232,0.00,0.00
2017.08.17 14:25:26.827,12.87999,12.88232,0.00,0.00
2017.08.17 14:25:27.029,12.87999,12.88212,0.00,0.00
2017.08.17 14:25:27.190,12.87999,12.88231,0.00,0.00
2017.08.17 14:25:27.531,12.87999,12.88202,0.00,0.00
2017.08.17 14:25:27.705,12.87981,12.88202,0.00,0.00
2017.08.17 14:25:27.756,12.87948,12.88189,0.00,0.00
2017.08.17 14:25:27.806,12.87932,12.88152,0.00,0.00
2017.08.17 14:25:28.009,12.87999,12.88221,0.00,0.00
2017.08.17 14:25:28.210,12.87999,12.88201,0.00,0.00
2017.08.17 14:25:28.311,12.87951,12.88192,0.00,0.00
2017.08.17 14:25:28.362,12.87981,12.88159,0.00,0.00
2017.08.17 14:25:28.413,12.87949,12.88138,0.00,0.00
2017.08.17 14:25:28.570,12.87898,12.88138,0.00,0.00
2017.08.17 14:25:28.621,12.87898,12.88102,0.00,0.00
2017.08.17 14:25:28.897,12.87898,12.88129,0.00,0.00
2017.08.17 14:25:28.948,12.87898,12.88131,0.00,0.00
2017.08.17 14:25:29.499,12.87898,12.88132,0.00,0.00
2017.08.17 14:25:30.002,12.87898,12.88111,0.00,0.00
2017.08.17 14:25:30.349,12.87898,12.88102,0.00,0.00
2017.08.17 14:25:30.504,12.87898,12.88132,0.00,0.00
2017.08.17 14:25:31.119,12.87898,12.88111,0.00,0.00
2017.08.17 14:25:31.608,12.87898,12.88132,0.00,0.00
2017.08.17 14:25:31.830,12.87898,12.88129,0.00,0.00
2017.08.17 14:25:32.144,12.87902,12.88161,0.00,0.00
2017.08.17 14:25:32.195,12.87932,12.88161,0.00,0.00
2017.08.17 14:25:32.447,12.87998,12.88252,0.00,0.00
2017.08.17 14:25:32.649,12.87998,12.88261,0.00,0.00
2017.08.17 14:25:32.919,12.87998,12.88222,0.00,0.00
2017.08.17 14:25:33.215,12.87998,12.88231,0.00,0.00
2017.08.17 14:25:33.769,12.87998,12.88211,0.00,0.00
2017.08.17 14:25:33.950,12.87998,12.88242,0.00,0.00
2017.08.17 14:25:34.152,12.87998,12.88222,0.00,0.00
2017.08.17 14:25:34.458,12.87998,12.88231,0.00,0.00
2017.08.17 14:25:34.894,12.87949,12.88199,0.00,0.00
2017.08.17 14:25:34.945,12.87949,12.88189,0.00,0.00
2017.08.17 14:25:35.322,12.87898,12.88152,0.00,0.00
2017.08.17 14:25:35.628,12.87898,12.88131,0.00,0.00
2017.08.17 14:25:35.887,12.87908,12.88162,0.00,0.00
2017.08.17 14:25:35.939,12.87898,12.88162,0.00,0.00
2017.08.17 14:25:35.989,12.87898,12.88159,0.00,0.00
2017.08.17 14:25:36.292,12.87898,12.88121,0.00,0.00
2017.08.17 14:25:36.443,12.87898,12.88142,0.00,0.00
2017.08.17 14:25:36.784,12.87898,12.88151,0.00,0.00
2017.08.17 14:25:36.936,12.87898,12.88131,0.00,0.00
2017.08.17 14:25:37.037,12.87898,12.88162,0.00,0.00
2017.08.17 14:25:37.238,12.87922,12.88162,0.00,0.00
2017.08.17 14:25:37.289,12.87901,12.88162,0.00,0.00
2017.08.17 14:25:37.340,12.87908,12.88162,0.00,0.00
2017.08.17 14:25:37.441,12.87898,12.88162,0.00,0.00
2017.08.17 14:25:37.553,12.87898,12.88131,0.00,0.00
2017.08.17 14:25:37.867,12.87898,12.88122,0.00,0.00
2017.08.17 14:25:37.917,12.87871,12.88112,0.00,0.00
2017.08.17 14:25:37.968,12.87881,12.88112,0.00,0.00
2017.08.17 14:25:38.271,12.87899,12.88152,0.00,0.00
2017.08.17 14:25:38.670,12.87899,12.88142,0.00,0.00
2017.08.17 14:25:38.992,12.87899,12.88111,0.00,0.00
2017.08.17 14:25:39.144,12.87899,12.88122,0.00,0.00
2017.08.17 14:25:39.244,12.87899,12.88139,0.00,0.00
2017.08.17 14:25:39.457,12.87899,12.88122,0.00,0.00
2017.08.17 14:25:39.659,12.87899,12.88152,0.00,0.00
2017.08.17 14:25:39.946,12.87899,12.88122,0.00,0.00
2017.08.17 14:25:40.248,12.87899,12.88102,0.00,0.00
2017.08.17 14:25:40.299,12.87852,12.88102,0.00,0.00
2017.08.17 14:25:40.350,12.87881,12.88092,0.00,0.00
2017.08.17 14:25:40.451,12.87898,12.88141,0.00,0.00
2017.08.17 14:25:40.552,12.87898,12.88152,0.00,0.00
2017.08.17 14:25:40.603,12.87898,12.88129,0.00,0.00
2017.08.17 14:25:40.654,12.87898,12.88159,0.00,0.00
2017.08.17 14:25:40.704,12.87878,12.88099,0.00,0.00
2017.08.17 14:25:40.958,12.87799,12.88052,0.00,0.00
2017.08.17 14:25:41.248,12.87799,12.88041,0.00,0.00
2017.08.17 14:25:41.672,12.87799,12.88052,0.00,0.00
2017.08.17 14:25:41.736,12.87799,12.88061,0.00,0.00
2017.08.17 14:25:42.031,12.87881,12.88072,0.00,0.00
2017.08.17 14:25:42.191,12.87882,12.88102,0.00,0.00
2017.08.17 14:25:42.273,12.87899,12.88102,0.00,0.00
2017.08.17 14:25:42.324,12.87899,12.88128,0.00,0.00
2017.08.17 14:25:42.376,12.87882,12.88061,0.00,0.00
2017.08.17 14:25:42.427,12.87848,12.88061,0.00,0.00
2017.08.17 14:25:42.482,12.87831,12.88061,0.00,0.00
2017.08.17 14:25:42.534,12.87881,12.88092,0.00,0.00
2017.08.17 14:25:42.686,12.87898,12.88111,0.00,0.00
2017.08.17 14:25:42.787,12.87848,12.88061,0.00,0.00
2017.08.17 14:25:42.837,12.87801,12.88052,0.00,0.00
2017.08.17 14:25:42.989,12.87799,12.88052,0.00,0.00
2017.08.17 14:25:43.107,12.87799,12.88039,0.00,0.00
2017.08.17 14:25:43.430,12.87799,12.88032,0.00,0.00
2017.08.17 14:25:43.732,12.87799,12.88021,0.00,0.00
2017.08.17 14:25:43.839,12.87799,12.88052,0.00,0.00
2017.08.17 14:25:44.278,12.87799,12.88061,0.00,0.00
2017.08.17 14:25:44.541,12.87872,12.88082,0.00,0.00
2017.08.17 14:25:44.657,12.87898,12.88139,0.00,0.00
2017.08.17 14:25:44.759,12.87898,12.88141,0.00,0.00
2017.08.17 14:25:44.860,12.87898,12.88111,0.00,0.00
2017.08.17 14:25:44.961,12.87898,12.88152,0.00,0.00
2017.08.17 14:25:45.542,12.87898,12.88122,0.00,0.00
2017.08.17 14:25:45.643,12.87898,12.88132,0.00,0.00
2017.08.17 14:25:45.744,12.87898,12.88112,0.00,0.00
2017.08.17 14:25:45.845,12.87898,12.88139,0.00,0.00
2017.08.17 14:25:45.946,12.87898,12.88112,0.00,0.00
2017.08.17 14:25:46.172,12.87898,12.88152,0.00,0.00
2017.08.17 14:25:46.791,12.87898,12.88121,0.00,0.00
2017.08.17 14:25:47.098,12.87898,12.88112,0.00,0.00
2017.08.17 14:25:47.405,12.87702,12.87821,0.00,0.00
2017.08.17 14:25:47.456,12.87702,12.87902,0.00,0.00
2017.08.17 14:25:47.557,12.87702,12.87932,0.00,0.00
2017.08.17 14:25:47.608,12.87731,12.87932,0.00,0.00
2017.08.17 14:25:47.760,12.87798,12.88012,0.00,0.00
2017.08.17 14:25:47.810,12.87798,12.87989,0.00,0.00
2017.08.17 14:25:47.912,12.87719,12.87962,0.00,0.00
2017.08.17 14:25:48.082,12.87702,12.87911,0.00,0.00
2017.08.17 14:25:48.183,12.87701,12.87952,0.00,0.00
2017.08.17 14:25:48.284,12.87698,12.87952,0.00,0.00
2017.08.17 14:25:48.486,12.87698,12.87921,0.00,0.00
2017.08.17 14:25:48.811,12.87781,12.87951,0.00,0.00
2017.08.17 14:25:48.978,12.87799,12.88038,0.00,0.00
2017.08.17 14:25:49.568,12.87799,12.88039,0.00,0.00
2017.08.17 14:25:49.803,12.87799,12.88022,0.00,0.00
2017.08.17 14:25:50.118,12.87799,12.87982,0.00,0.00
2017.08.17 14:25:50.390,12.87799,12.87991,0.00,0.00
2017.08.17 14:25:50.492,12.87748,12.87988,0.00,0.00
2017.08.17 14:25:50.596,12.87748,12.87932,0.00,0.00
2017.08.17 14:25:50.647,12.87701,12.87932,0.00,0.00
2017.08.17 14:25:50.849,12.87721,12.87932,0.00,0.00
2017.08.17 14:25:50.900,12.87701,12.87952,0.00,0.00
2017.08.17 14:25:51.061,12.87701,12.87932,0.00,0.00
2017.08.17 14:25:51.364,12.87782,12.88012,0.00,0.00
2017.08.17 14:25:51.684,12.87798,12.88022,0.00,0.00
2017.08.17 14:25:51.986,12.87802,12.88042,0.00,0.00
2017.08.17 14:25:52.087,12.87801,12.88031,0.00,0.00
2017.08.17 14:25:52.257,12.87799,12.88032,0.00,0.00
2017.08.17 14:25:52.358,12.87799,12.88001,0.00,0.00
2017.08.17 14:25:52.601,12.87898,12.88131,0.00,0.00
2017.08.17 14:25:52.989,12.87898,12.88101,0.00,0.00
2017.08.17 14:25:53.259,12.87898,12.88131,0.00,0.00
2017.08.17 14:25:53.461,12.87971,12.88142,0.00,0.00
2017.08.17 14:25:53.563,12.87998,12.88221,0.00,0.00
2017.08.17 14:25:53.715,12.87949,12.88211,0.00,0.00
2017.08.17 14:25:53.766,12.87949,12.88142,0.00,0.00
2017.08.17 14:25:53.968,12.87902,12.88131,0.00,0.00
2017.08.17 14:25:54.069,12.87902,12.88122,0.00,0.00
2017.08.17 14:25:54.371,12.87982,12.88222,0.00,0.00
2017.08.17 14:25:54.422,12.88008,12.88222,0.00,0.00
2017.08.17 14:25:54.573,12.88008,12.88232,0.00,0.00
2017.08.17 14:25:54.991,12.88008,12.88211,0.00,0.00
2017.08.17 14:25:55.355,12.88059,12.88211,0.00,0.00
2017.08.17 14:25:55.405,12.88022,12.88252,0.00,0.00
2017.08.17 14:25:55.557,12.88071,12.88252,0.00,0.00
2017.08.17 14:25:55.658,12.88021,12.88222,0.00,0.00
2017.08.17 14:25:55.758,12.88031,12.88261,0.00,0.00
2017.08.17 14:25:55.809,12.88108,12.88261,0.00,0.00
2017.08.17 14:25:55.910,12.88108,12.88311,0.00,0.00
2017.08.17 14:25:56.068,12.88051,12.88291,0.00,0.00
2017.08.17 14:25:56.119,12.88048,12.88269,0.00,0.00
2017.08.17 14:25:56.429,12.88072,12.88302,0.00,0.00
2017.08.17 14:25:56.530,12.88071,12.88319,0.00,0.00
2017.08.17 14:25:56.581,12.88102,12.88318,0.00,0.00
2017.08.17 14:25:56.883,12.88101,12.88302,0.00,0.00
2017.08.17 14:25:56.985,12.88101,12.88319,0.00,0.00
2017.08.17 14:25:57.086,12.88031,12.88242,0.00,0.00
2017.08.17 14:25:57.387,12.88032,12.88202,0.00,0.00
2017.08.17 14:25:57.467,12.88032,12.88218,0.00,0.00
2017.08.17 14:25:57.678,12.88048,12.88219,0.00,0.00
2017.08.17 14:25:57.779,12.88072,12.88312,0.00,0.00
2017.08.17 14:25:58.082,12.88071,12.88291,0.00,0.00
2017.08.17 14:25:58.475,12.88071,12.88311,0.00,0.00
2017.08.17 14:25:58.677,12.88071,12.88292,0.00,0.00
2017.08.17 14:25:58.918,12.88071,12.88312,0.00,0.00
2017.08.17 14:25:59.019,12.88071,12.88292,0.00,0.00
2017.08.17 14:25:59.070,12.88032,12.88268,0.00,0.00
2017.08.17 14:25:59.171,12.88021,12.88219,0.00,0.00
2017.08.17 14:25:59.505,12.88031,12.88219,0.00,0.00
2017.08.17 14:25:59.557,12.88021,12.88219,0.00,0.00
2017.08.17 14:25:59.608,12.88022,12.88202,0.00,0.00
2017.08.17 14:25:59.811,12.88101,12.88312,0.00,0.00
2017.08.17 14:25:59.912,12.88071,12.88312,0.00,0.00
2017.08.17 14:26:00.012,12.88031,12.88269,0.00,0.00
2017.08.17 14:26:00.349,12.88071,12.88232,0.00,0.00
2017.08.17 14:26:00.399,12.88049,12.88269,0.00,0.00
2017.08.17 14:26:00.450,12.88032,12.88218,0.00,0.00
2017.08.17 14:26:00.796,12.88032,12.88212,0.00,0.00
2017.08.17 14:26:00.847,12.88001,12.88212,0.00,0.00
2017.08.17 14:26:00.898,12.88002,12.88201,0.00,0.00
2017.08.17 14:26:01.099,12.88071,12.88311,0.00,0.00
2017.08.17 14:26:01.150,12.88049,12.88268,0.00,0.00
2017.08.17 14:26:01.251,12.88032,12.88268,0.00,0.00
2017.08.17 14:26:01.302,12.88031,12.88231,0.00,0.00
2017.08.17 14:26:01.472,12.88048,12.88251,0.00,0.00
2017.08.17 14:26:01.523,12.88048,12.88269,0.00,0.00
2017.08.17 14:26:01.624,12.88048,12.88231,0.00,0.00
2017.08.17 14:26:01.675,12.88032,12.88231,0.00,0.00
2017.08.17 14:26:01.806,12.88031,12.88252,0.00,0.00
2017.08.17 14:26:01.907,12.88072,12.88251,0.00,0.00
2017.08.17 14:26:02.008,12.88072,12.88312,0.00,0.00
2017.08.17 14:26:02.197,12.88071,12.88291,0.00,0.00
2017.08.17 14:26:02.399,12.88071,12.88319,0.00,0.00
2017.08.17 14:26:02.736,12.88071,12.88291,0.00,0.00
2017.08.17 14:26:02.889,12.88071,12.88319,0.00,0.00
2017.08.17 14:26:03.208,12.88072,12.88312,0.00,0.00
2017.08.17 14:26:03.517,12.88122,12.88318,0.00,0.00
2017.08.17 14:26:03.851,12.88171,12.88342,0.00,0.00
2017.08.17 14:26:03.902,12.88171,12.88402,0.00,0.00
2017.08.17 14:26:04.003,12.88171,12.88411,0.00,0.00
2017.08.17 14:26:04.205,12.88171,12.88381,0.00,0.00
2017.08.17 14:26:04.306,12.88101,12.88339,0.00,0.00
2017.08.17 14:26:04.356,12.88101,12.88319,0.00,0.00
2017.08.17 14:26:04.407,12.88098,12.88319,0.00,0.00
2017.08.17 14:26:04.508,12.88071,12.88292,0.00,0.00
2017.08.17 14:26:04.681,12.88072,12.88318,0.00,0.00
2017.08.17 14:26:04.815,12.88098,12.88318,0.00,0.00
2017.08.17 14:26:05.123,12.88172,12.88392,0.00,0.00
2017.08.17 14:26:05.224,12.88172,12.88401,0.00,0.00
2017.08.17 14:26:05.282,12.88172,12.88412,0.00,0.00
2017.08.17 14:26:05.383,12.88131,12.88369,0.00,0.00
2017.08.17 14:26:05.534,12.88131,12.88372,0.00,0.00
2017.08.17 14:26:05.585,12.88131,12.88332,0.00,0.00
2017.08.17 14:26:05.934,12.88101,12.88319,0.00,0.00
2017.08.17 14:26:05.985,12.88101,12.88292,0.00,0.00
2017.08.17 14:26:06.283,12.88102,12.88312,0.00,0.00
2017.08.17 14:26:06.384,12.88102,12.88292,0.00,0.00
2017.08.17 14:26:06.586,12.88101,12.88319,0.00,0.00
2017.08.17 14:26:06.798,12.88101,12.88302,0.00,0.00
2017.08.17 14:26:07.209,12.88102,12.88318,0.00,0.00
2017.08.17 14:26:07.260,12.88171,12.88342,0.00,0.00
2017.08.17 14:26:07.310,12.88171,12.88351,0.00,0.00
2017.08.17 14:26:07.411,12.88172,12.88412,0.00,0.00
2017.08.17 14:26:07.613,12.88172,12.88418,0.00,0.00
2017.08.17 14:26:07.664,12.88148,12.88422,0.00,0.00
2017.08.17 14:26:07.840,12.88171,12.88419,0.00,0.00
2017.08.17 14:26:08.587,12.88172,12.88418,0.00,0.00
2017.08.17 14:26:08.990,12.88171,12.88392,0.00,0.00
2017.08.17 14:26:09.537,12.88172,12.88418,0.00,0.00
2017.08.17 14:26:09.689,12.88141,12.88382,0.00,0.00
2017.08.17 14:26:09.739,12.88138,12.88382,0.00,0.00
2017.08.17 14:26:09.790,12.88121,12.88382,0.00,0.00
2017.08.17 14:26:09.840,12.88109,12.88331,0.00,0.00
2017.08.17 14:26:10.260,12.88101,12.88312,0.00,0.00
2017.08.17 14:26:10.310,12.88101,12.88331,0.00,0.00
2017.08.17 14:26:10.637,12.88102,12.88312,0.00,0.00
2017.08.17 14:26:10.824,12.88101,12.88331,0.00,0.00
2017.08.17 14:26:11.025,12.88102,12.88312,0.00,0.00
2017.08.17 14:26:11.218,12.88101,12.88321,0.00,0.00
2017.08.17 14:26:11.269,12.88172,12.88321,0.00,0.00
2017.08.17 14:26:11.320,12.88171,12.88341,0.00,0.00
2017.08.17 14:26:11.420,12.88131,12.88369,0.00,0.00
2017.08.17 14:26:11.585,12.88131,12.88332,0.00,0.00
2017.08.17 14:26:11.686,12.88131,12.88369,0.00,0.00
2017.08.17 14:26:11.737,12.88131,12.88321,0.00,0.00
2017.08.17 14:26:11.838,12.88132,12.88332,0.00,0.00
2017.08.17 14:26:12.131,12.88172,12.88372,0.00,0.00
2017.08.17 14:26:12.232,12.88172,12.88382,0.00,0.00
2017.08.17 14:26:12.333,12.88172,12.88418,0.00,0.00
2017.08.17 14:26:12.434,12.88171,12.88412,0.00,0.00
2017.08.17 14:26:12.819,12.88172,12.88332,0.00,0.00
2017.08.17 14:26:12.870,12.88131,12.88332,0.00,0.00
2017.08.17 14:26:12.995,12.88132,12.88342,0.00,0.00
2017.08.17 14:26:13.183,12.88149,12.88342,0.00,0.00
2017.08.17 14:26:13.234,12.88171,12.88372,0.00,0.00
2017.08.17 14:26:13.335,12.88171,12.88419,0.00,0.00
2017.08.17 14:26:13.386,12.88202,12.88418,0.00,0.00
2017.08.17 14:26:13.688,12.88172,12.88418,0.00,0.00
2017.08.17 14:26:13.840,12.88171,12.88392,0.00,0.00
2017.08.17 14:26:14.042,12.88171,12.88419,0.00,0.00
2017.08.17 14:26:14.329,12.88172,12.88391,0.00,0.00
2017.08.17 14:26:14.631,12.88171,12.88402,0.00,0.00
2017.08.17 14:26:14.698,12.88171,12.88419,0.00,0.00
2017.08.17 14:26:14.899,12.88171,12.88412,0.00,0.00
2017.08.17 14:26:15.137,12.88172,12.88418,0.00,0.00
2017.08.17 14:26:15.423,12.88201,12.88401,0.00,0.00
2017.08.17 14:26:15.525,12.88201,12.88419,0.00,0.00
2017.08.17 14:26:16.108,12.88202,12.88418,0.00,0.00
2017.08.17 14:26:16.736,12.88201,12.88412,0.00,0.00
2017.08.17 14:26:17.103,12.88201,12.88419,0.00,0.00
2017.08.17 14:26:17.410,12.88202,12.88401,0.00,0.00
2017.08.17 14:26:17.611,12.88271,12.88492,0.00,0.00
2017.08.17 14:26:17.733,12.88271,12.88519,0.00,0.00
2017.08.17 14:26:18.241,12.88272,12.88518,0.00,0.00
2017.08.17 14:26:18.342,12.88271,12.88502,0.00,0.00
2017.08.17 14:26:18.626,12.88271,12.88519,0.00,0.00
2017.08.17 14:26:18.728,12.88272,12.88481,0.00,0.00
2017.08.17 14:26:18.908,12.88272,12.88492,0.00,0.00
2017.08.17 14:26:19.009,12.88271,12.88519,0.00,0.00
2017.08.17 14:26:19.147,12.88271,12.88492,0.00,0.00
2017.08.17 14:26:19.349,12.88271,12.88501,0.00,0.00
2017.08.17 14:26:19.537,12.88271,12.88519,0.00,0.00
2017.08.17 14:26:20.118,12.88271,12.88512,0.00,0.00
2017.08.17 14:26:20.219,12.88271,12.88518,0.00,0.00
2017.08.17 14:26:20.730,12.88271,12.88519,0.00,0.00
2017.08.17 14:26:20.780,12.88366,12.88532,0.00,0.00
2017.08.17 14:26:20.933,12.88367,12.88618,0.00,0.00
2017.08.17 14:26:21.212,12.88367,12.88592,0.00,0.00
2017.08.17 14:26:21.313,12.88367,12.88612,0.00,0.00
2017.08.17 14:26:21.430,12.88342,12.88612,0.00,0.00
2017.08.17 14:26:21.481,12.88366,12.88591,0.00,0.00
2017.08.17 14:26:21.783,12.88366,12.88582,0.00,0.00
2017.08.17 14:26:21.834,12.88367,12.88592,0.00,0.00
2017.08.17 14:26:21.934,12.88367,12.88618,0.00,0.00
2017.08.17 14:26:22.438,12.88367,12.88582,0.00,0.00
2017.08.17 14:26:22.644,12.88367,12.88611,0.00,0.00
2017.08.17 14:26:23.216,12.88367,12.88592,0.00,0.00
2017.08.17 14:26:23.647,12.88367,12.88601,0.00,0.00
2017.08.17 14:26:23.836,12.88397,12.88592,0.00,0.00
2017.08.17 14:26:23.938,12.88467,12.88692,0.00,0.00
2017.08.17 14:26:24.039,12.88467,12.88682,0.00,0.00
2017.08.17 14:26:24.241,12.88467,12.88712,0.00,0.00
2017.08.17 14:26:24.292,12.88516,12.88712,0.00,0.00
2017.08.17 14:26:24.544,12.88517,12.88718,0.00,0.00
2017.08.17 14:26:24.763,12.88517,12.88681,0.00,0.00
2017.08.17 14:26:24.866,12.88517,12.88712,0.00,0.00
2017.08.17 14:26:25.120,12.88521,12.88702,0.00,0.00
2017.08.17 14:26:25.221,12.88521,12.88711,0.00,0.00
2017.08.17 14:26:25.322,12.88521,12.88719,0.00,0.00
2017.08.17 14:26:25.538,12.88522,12.88708,0.00,0.00
2017.08.17 14:26:26.052,12.88522,12.88692,0.00,0.00
2017.08.17 14:26:26.355,12.88532,12.88708,0.00,0.00
2017.08.17 14:26:26.456,12.88521,12.88709,0.00,0.00
2017.08.17 14:26:26.628,12.88521,12.88691,0.00,0.00
2017.08.17 14:26:27.124,12.88522,12.88708,0.00,0.00
2017.08.17 14:26:27.225,12.88531,12.88709,0.00,0.00
2017.08.17 14:26:27.377,12.88522,12.88708,0.00,0.00
2017.08.17 14:26:27.528,12.88521,12.88692,0.00,0.00
2017.08.17 14:26:27.730,12.88572,12.88798,0.00,0.00
2017.08.17 14:26:27.781,12.88531,12.88799,0.00,0.00
2017.08.17 14:26:27.904,12.88621,12.88799,0.00,0.00
2017.08.17 14:26:28.005,12.88571,12.88799,0.00,0.00
2017.08.17 14:26:28.156,12.88571,12.88751,0.00,0.00
2017.08.17 14:26:28.257,12.88571,12.88781,0.00,0.00
2017.08.17 14:26:28.358,12.88572,12.88798,0.00,0.00
2017.08.17 14:26:28.427,12.88572,12.88752,0.00,0.00
2017.08.17 14:26:28.668,12.88572,12.88762,0.00,0.00
2017.08.17 14:26:28.769,12.88571,12.88799,0.00,0.00
2017.08.17 14:26:28.980,12.88519,12.88758,0.00,0.00
2017.08.17 14:26:29.031,12.88531,12.88709,0.00,0.00
2017.08.17 14:26:29.081,12.88521,12.88722,0.00,0.00
2017.08.17 14:26:29.132,12.88521,12.88701,0.00,0.00
2017.08.17 14:26:29.360,12.88521,12.88709,0.00,0.00
2017.08.17 14:26:29.429,12.88521,12.88702,0.00,0.00
2017.08.17 14:26:29.971,12.88521,12.88709,0.00,0.00
2017.08.17 14:26:30.072,12.88441,12.88672,0.00,0.00
2017.08.17 14:26:30.123,12.88419,12.88609,0.00,0.00
2017.08.17 14:26:30.175,12.88409,12.88609,0.00,0.00
2017.08.17 14:26:30.276,12.88351,12.88611,0.00,0.00
2017.08.17 14:26:30.327,12.88396,12.88609,0.00,0.00
2017.08.17 14:26:30.643,12.88467,12.88708,0.00,0.00
2017.08.17 14:26:30.779,12.88467,12.88692,0.00,0.00
2017.08.17 14:26:30.880,12.88467,12.88709,0.00,0.00
2017.08.17 14:26:31.386,12.88439,12.88671,0.00,0.00
2017.08.17 14:26:31.728,12.88371,12.88592,0.00,0.00
2017.08.17 14:26:31.779,12.88371,12.88609,0.00,0.00
2017.08.17 14:26:31.882,12.88416,12.88631,0.00,0.00
2017.08.17 14:26:32.227,12.88402,12.88608,0.00,0.00
2017.08.17 14:26:32.559,12.88401,12.88602,0.00,0.00
2017.08.17 14:26:32.937,12.88401,12.88592,0.00,0.00
2017.08.17 14:26:32.988,12.88402,12.88608,0.00,0.00
2017.08.17 14:26:33.039,12.88501,12.88601,0.00,0.00
2017.08.17 14:26:33.140,12.88522,12.88672,0.00,0.00
2017.08.17 14:26:33.241,12.88522,12.88708,0.00,0.00
2017.08.17 14:26:33.342,12.88531,12.88742,0.00,0.00
2017.08.17 14:26:33.443,12.88522,12.88722,0.00,0.00
2017.08.17 14:26:33.776,12.88422,12.88608,0.00,0.00
2017.08.17 14:26:34.418,12.88421,12.88609,0.00,0.00
2017.08.17 14:26:34.935,12.88422,12.88608,0.00,0.00
2017.08.17 14:26:35.451,12.88472,12.88642,0.00,0.00
2017.08.17 14:26:35.552,12.88422,12.88622,0.00,0.00
2017.08.17 14:26:35.603,12.88471,12.88622,0.00,0.00
2017.08.17 14:26:35.704,12.88458,12.88722,0.00,0.00
2017.08.17 14:26:35.754,12.88472,12.88708,0.00,0.00
2017.08.17 14:26:36.256,12.88471,12.88709,0.00,0.00
2017.08.17 14:26:36.909,12.88472,12.88708,0.00,0.00
2017.08.17 14:26:37.231,12.88502,12.88702,0.00,0.00
2017.08.17 14:26:37.392,12.88502,12.88708,0.00,0.00
2017.08.17 14:26:37.945,12.88501,12.88709,0.00,0.00
2017.08.17 14:26:38.372,12.88522,12.88708,0.00,0.00
2017.08.17 14:26:38.744,12.88571,12.88752,0.00,0.00
2017.08.17 14:26:39.048,12.88621,12.88799,0.00,0.00
2017.08.17 14:26:39.464,12.88621,12.88792,0.00,0.00
2017.08.17 14:26:39.666,12.88621,12.88799,0.00,0.00
2017.08.17 14:26:39.968,12.88621,12.88809,0.00,0.00
2017.08.17 14:26:40.069,12.88621,12.88801,0.00,0.00
2017.08.17 14:26:40.270,12.88621,12.88809,0.00,0.00
2017.08.17 14:26:40.970,12.88622,12.88808,0.00,0.00
2017.08.17 14:26:41.200,12.88632,12.88808,0.00,0.00
2017.08.17 14:26:41.251,12.88622,12.88808,0.00,0.00
2017.08.17 14:26:41.454,12.88622,12.88802,0.00,0.00
2017.08.17 14:26:41.969,12.88621,12.88801,0.00,0.00
2017.08.17 14:26:42.070,12.88622,12.88808,0.00,0.00
2017.08.17 14:26:42.429,12.88671,12.88822,0.00,0.00
2017.08.17 14:26:42.584,12.88671,12.88902,0.00,0.00
2017.08.17 14:26:42.800,12.88671,12.88892,0.00,0.00
2017.08.17 14:26:42.901,12.88671,12.88909,0.00,0.00
2017.08.17 14:26:43.002,12.88671,12.88852,0.00,0.00
2017.08.17 14:26:43.267,12.88671,12.88862,0.00,0.00
2017.08.17 14:26:43.459,12.88672,12.88852,0.00,0.00
2017.08.17 14:26:43.509,12.88631,12.88852,0.00,0.00
2017.08.17 14:26:43.560,12.88632,12.88808,0.00,0.00
2017.08.17 14:26:44.109,12.88671,12.88822,0.00,0.00
2017.08.17 14:26:44.159,12.88672,12.88831,0.00,0.00
2017.08.17 14:26:44.260,12.88672,12.88881,0.00,0.00
2017.08.17 14:26:44.361,12.88671,12.88909,0.00,0.00
2017.08.17 14:26:44.462,12.88671,12.88892,0.00,0.00
2017.08.17 14:26:44.842,12.88721,12.88909,0.00,0.00
2017.08.17 14:26:44.893,12.88731,12.88931,0.00,0.00
2017.08.17 14:26:44.944,12.88721,12.88909,0.00,0.00
2017.08.17 14:26:45.290,12.88721,12.88902,0.00,0.00
2017.08.17 14:26:45.596,12.88721,12.88871,0.00,0.00
2017.08.17 14:26:45.702,12.88721,12.88902,0.00,0.00
2017.08.17 14:26:45.803,12.88721,12.88909,0.00,0.00
2017.08.17 14:26:45.954,12.88671,12.88909,0.00,0.00
2017.08.17 14:26:46.105,12.88671,12.88881,0.00,0.00
2017.08.17 14:26:46.206,12.88671,12.88892,0.00,0.00
2017.08.17 14:26:46.290,12.88631,12.88892,0.00,0.00
2017.08.17 14:26:46.341,12.88631,12.88859,0.00,0.00
2017.08.17 14:26:46.643,12.88721,12.88821,0.00,0.00
2017.08.17 14:26:46.694,12.88721,12.88909,0.00,0.00
2017.08.17 14:26:46.843,12.88649,12.88921,0.00,0.00
2017.08.17 14:26:46.893,12.88722,12.88908,0.00,0.00
2017.08.17 14:26:46.944,12.88672,12.88908,0.00,0.00
2017.08.17 14:26:47.095,12.88671,12.88882,0.00,0.00
2017.08.17 14:26:47.196,12.88671,12.88901,0.00,0.00
2017.08.17 14:26:47.263,12.88671,12.88892,0.00,0.00
2017.08.17 14:26:47.465,12.88671,12.88902,0.00,0.00
2017.08.17 14:26:47.666,12.88671,12.88909,0.00,0.00
2017.08.17 14:26:47.971,12.88671,12.88891,0.00,0.00
2017.08.17 14:26:48.273,12.88701,12.88909,0.00,0.00
2017.08.17 14:26:48.425,12.88671,12.88909,0.00,0.00
2017.08.17 14:26:48.475,12.88672,12.88891,0.00,0.00
2017.08.17 14:26:48.627,12.88621,12.88851,0.00,0.00
2017.08.17 14:26:48.678,12.88622,12.88808,0.00,0.00
2017.08.17 14:26:49.209,12.88621,12.88809,0.00,0.00
2017.08.17 14:26:49.411,12.88601,12.88809,0.00,0.00
2017.08.17 14:26:49.512,12.88622,12.88808,0.00,0.00
2017.08.17 14:26:50.169,12.88621,12.88809,0.00,0.00
2017.08.17 14:26:50.321,12.88529,12.88758,0.00,0.00
2017.08.17 14:26:50.371,12.88528,12.88709,0.00,0.00
2017.08.17 14:26:50.473,12.88502,12.88708,0.00,0.00
2017.08.17 14:26:50.524,12.88472,12.88708,0.00,0.00
2017.08.17 14:26:50.748,12.88471,12.88701,0.00,0.00
2017.08.17 14:26:50.799,12.88471,12.88709,0.00,0.00
2017.08.17 14:26:51.221,12.88531,12.88709,0.00,0.00
2017.08.17 14:26:51.272,12.88531,12.88732,0.00,0.00
2017.08.17 14:26:51.322,12.88521,12.88709,0.00,0.00
2017.08.17 14:26:52.309,12.88522,12.88708,0.00,0.00
2017.08.17 14:26:52.360,12.88531,12.88759,0.00,0.00
2017.08.17 14:26:52.553,12.88531,12.88709,0.00,0.00
2017.08.17 14:26:52.704,12.88531,12.88741,0.00,0.00
2017.08.17 14:26:52.805,12.88571,12.88772,0.00,0.00
2017.08.17 14:26:52.907,12.88571,12.88809,0.00,0.00
2017.08.17 14:26:53.120,12.88548,12.88809,0.00,0.00
2017.08.17 14:26:53.171,12.88548,12.88759,0.00,0.00
2017.08.17 14:26:53.221,12.88531,12.88759,0.00,0.00
2017.08.17 14:26:53.604,12.88572,12.88771,0.00,0.00
2017.08.17 14:26:53.705,12.88572,12.88808,0.00,0.00
2017.08.17 14:26:54.259,12.88571,12.88809,0.00,0.00
2017.08.17 14:26:54.718,12.88501,12.88709,0.00,0.00
2017.08.17 14:26:55.021,12.88521,12.88709,0.00,0.00
2017.08.17 14:26:56.476,12.88522,12.88708,0.00,0.00
2017.08.17 14:26:56.977,12.88521,12.88709,0.00,0.00
2017.08.17 14:26:57.686,12.88522,12.88701,0.00,0.00
2017.08.17 14:26:58.354,12.88521,12.88701,0.00,0.00
2017.08.17 14:26:58.617,12.88521,12.88709,0.00,0.00
2017.08.17 14:26:58.718,12.88521,12.88692,0.00,0.00
2017.08.17 14:26:58.819,12.88522,12.88708,0.00,0.00
2017.08.17 14:26:59.326,12.88521,12.88709,0.00,0.00
2017.08.17 14:26:59.708,12.88521,12.88702,0.00,0.00
2017.08.17 14:26:59.785,12.88521,12.88709,0.00,0.00
2017.08.17 14:26:59.893,12.88521,12.88692,0.00,0.00
2017.08.17 14:27:00.037,12.88521,12.88702,0.00,0.00
2017.08.17 14:27:00.188,12.88522,12.88708,0.00,0.00
2017.08.17 14:27:00.798,12.88521,12.88709,0.00,0.00
2017.08.17 14:27:01.709,12.88522,12.88708,0.00,0.00
2017.08.17 14:27:02.274,12.88521,12.88709,0.00,0.00
2017.08.17 14:27:03.091,12.88471,12.88709,0.00,0.00
2017.08.17 14:27:03.339,12.88471,12.88672,0.00,0.00
2017.08.17 14:27:03.642,12.88459,12.88608,0.00,0.00
2017.08.17 14:27:03.692,12.88471,12.88709,0.00,0.00
2017.08.17 14:27:03.793,12.88471,12.88692,0.00,0.00
2017.08.17 14:27:03.894,12.88471,12.88709,0.00,0.00
2017.08.17 14:27:04.327,12.88472,12.88692,0.00,0.00
2017.08.17 14:27:04.426,12.88472,12.88708,0.00,0.00
2017.08.17 14:27:04.719,12.88471,12.88702,0.00,0.00
2017.08.17 14:27:04.920,12.88471,12.88709,0.00,0.00
2017.08.17 14:27:05.122,12.88472,12.88701,0.00,0.00
2017.08.17 14:27:05.223,12.88471,12.88709,0.00,0.00
2017.08.17 14:27:05.396,12.88471,12.88692,0.00,0.00
2017.08.17 14:27:05.780,12.88471,12.88709,0.00,0.00
2017.08.17 14:27:06.387,12.88472,12.88708,0.00,0.00
2017.08.17 14:27:06.438,12.88472,12.88692,0.00,0.00
2017.08.17 14:27:06.740,12.88471,12.88701,0.00,0.00
2017.08.17 14:27:06.841,12.88471,12.88709,0.00,0.00
2017.08.17 14:27:06.942,12.88471,12.88681,0.00,0.00
2017.08.17 14:27:07.112,12.88472,12.88702,0.00,0.00
2017.08.17 14:27:07.547,12.88471,12.88681,0.00,0.00
2017.08.17 14:27:08.048,12.88472,12.88708,0.00,0.00
2017.08.17 14:27:08.252,12.88472,12.88702,0.00,0.00
2017.08.17 14:27:08.504,12.88471,12.88709,0.00,0.00
2017.08.17 14:27:09.030,12.88522,12.88708,0.00,0.00
2017.08.17 14:27:09.579,12.88521,12.88709,0.00,0.00
2017.08.17 14:27:10.205,12.88522,12.88708,0.00,0.00
2017.08.17 14:27:10.956,12.88481,12.88722,0.00,0.00
2017.08.17 14:27:11.006,12.88522,12.88708,0.00,0.00
2017.08.17 14:27:11.057,12.88481,12.88709,0.00,0.00
2017.08.17 14:27:11.107,12.88481,12.88692,0.00,0.00
2017.08.17 14:27:11.311,12.88481,12.88702,0.00,0.00
2017.08.17 14:27:11.454,12.88481,12.88709,0.00,0.00
2017.08.17 14:27:11.908,12.88481,12.88702,0.00,0.00
2017.08.17 14:27:12.704,12.88481,12.88692,0.00,0.00
2017.08.17 14:27:12.755,12.88481,12.88709,0.00,0.00
2017.08.17 14:27:13.330,12.88481,12.88691,0.00,0.00
2017.08.17 14:27:13.767,12.88481,12.88682,0.00,0.00
2017.08.17 14:27:14.145,12.88481,12.88708,0.00,0.00
2017.08.17 14:27:14.765,12.88481,12.88709,0.00,0.00
2017.08.17 14:27:14.816,12.88439,12.88659,0.00,0.00
2017.08.17 14:27:15.123,12.88409,12.88509,0.00,0.00
2017.08.17 14:27:15.226,12.88321,12.88509,0.00,0.00
2017.08.17 14:27:16.078,12.88301,12.88509,0.00,0.00
2017.08.17 14:27:16.623,12.88302,12.88508,0.00,0.00
2017.08.17 14:27:17.168,12.88301,12.88509,0.00,0.00
2017.08.17 14:27:17.710,12.88331,12.88509,0.00,0.00
2017.08.17 14:27:17.861,12.88382,12.88591,0.00,0.00
2017.08.17 14:27:17.912,12.88421,12.88591,0.00,0.00
2017.08.17 14:27:17.962,12.88421,12.88609,0.00,0.00
2017.08.17 14:27:18.461,12.88431,12.88641,0.00,0.00
2017.08.17 14:27:18.663,12.88482,12.88682,0.00,0.00
2017.08.17 14:27:18.820,12.88482,12.88708,0.00,0.00
2017.08.17 14:27:18.870,12.88502,12.88708,0.00,0.00
2017.08.17 14:27:19.221,12.88502,12.88691,0.00,0.00
2017.08.17 14:27:19.322,12.88501,12.88702,0.00,0.00
2017.08.17 14:27:19.423,12.88502,12.88708,0.00,0.00
2017.08.17 14:27:19.822,12.88501,12.88701,0.00,0.00
2017.08.17 14:27:19.973,12.88482,12.88701,0.00,0.00
2017.08.17 14:27:20.023,12.88421,12.88609,0.00,0.00
2017.08.17 14:27:20.326,12.88471,12.88691,0.00,0.00
2017.08.17 14:27:20.523,12.88471,12.88662,0.00,0.00
2017.08.17 14:27:20.822,12.88431,12.88659,0.00,0.00
2017.08.17 14:27:20.873,12.88411,12.88609,0.00,0.00
2017.08.17 14:27:21.476,12.88411,12.88608,0.00,0.00
2017.08.17 14:27:22.223,12.88411,12.88609,0.00,0.00
2017.08.17 14:27:22.548,12.88381,12.88608,0.00,0.00
2017.08.17 14:27:22.957,12.88432,12.88621,0.00,0.00
2017.08.17 14:27:23.058,12.88431,12.88642,0.00,0.00
2017.08.17 14:27:23.159,12.88401,12.88609,0.00,0.00
2017.08.17 14:27:23.520,12.88401,12.88602,0.00,0.00
2017.08.17 14:27:23.729,12.88401,12.88609,0.00,0.00
2017.08.17 14:27:23.780,12.88472,12.88621,0.00,0.00
2017.08.17 14:27:23.831,12.88482,12.88632,0.00,0.00
2017.08.17 14:27:23.932,12.88482,12.88708,0.00,0.00
2017.08.17 14:27:24.456,12.88482,12.88709,0.00,0.00
2017.08.17 14:27:25.272,12.88482,12.88708,0.00,0.00
2017.08.17 14:27:25.323,12.88522,12.88708,0.00,0.00
2017.08.17 14:27:25.661,12.88521,12.88701,0.00,0.00
2017.08.17 14:27:25.964,12.88582,12.88808,0.00,0.00
2017.08.17 14:27:26.065,12.88582,12.88761,0.00,0.00
2017.08.17 14:27:26.276,12.88582,12.88809,0.00,0.00
2017.08.17 14:27:27.260,12.88582,12.88791,0.00,0.00
2017.08.17 14:27:27.386,12.88582,12.88808,0.00,0.00
2017.08.17 14:27:27.560,12.88582,12.88822,0.00,0.00
2017.08.17 14:27:27.611,12.88582,12.88809,0.00,0.00
2017.08.17 14:27:28.157,12.88582,12.88792,0.00,0.00
2017.08.17 14:27:28.587,12.88601,12.88792,0.00,0.00
2017.08.17 14:27:28.758,12.88601,12.88809,0.00,0.00
2017.08.17 14:27:29.027,12.88582,12.88758,0.00,0.00
2017.08.17 14:27:29.077,12.88531,12.88708,0.00,0.00
2017.08.17 14:27:29.740,12.88531,12.88709,0.00,0.00
2017.08.17 14:27:30.167,12.88531,12.88701,0.00,0.00
2017.08.17 14:27:30.459,12.88521,12.88702,0.00,0.00
2017.08.17 14:27:30.560,12.88521,12.88691,0.00,0.00
2017.08.17 14:27:30.661,12.88522,12.88701,0.00,0.00
2017.08.17 14:27:30.762,12.88521,12.88709,0.00,0.00
2017.08.17 14:27:31.066,12.88521,12.88702,0.00,0.00
2017.08.17 14:27:31.379,12.88522,12.88692,0.00,0.00
2017.08.17 14:27:31.580,12.88521,12.88709,0.00,0.00
2017.08.17 14:27:31.639,12.88481,12.88711,0.00,0.00
2017.08.17 14:27:31.740,12.88521,12.88709,0.00,0.00
2017.08.17 14:27:31.791,12.88481,12.88671,0.00,0.00
2017.08.17 14:27:31.841,12.88522,12.88671,0.00,0.00
2017.08.17 14:27:31.942,12.88432,12.88659,0.00,0.00
2017.08.17 14:27:31.993,12.88432,12.88609,0.00,0.00
2017.08.17 14:27:32.308,12.88432,12.88592,0.00,0.00
2017.08.17 14:27:32.560,12.88432,12.88609,0.00,0.00
2017.08.17 14:27:33.076,12.88432,12.88581,0.00,0.00
2017.08.17 14:27:33.248,12.88432,12.88602,0.00,0.00
2017.08.17 14:27:33.299,12.88381,12.88602,0.00,0.00
2017.08.17 14:27:33.675,12.88381,12.88571,0.00,0.00
2017.08.17 14:27:33.987,12.88302,12.88508,0.00,0.00
2017.08.17 14:27:34.499,12.88301,12.88509,0.00,0.00
2017.08.17 14:27:34.600,12.88301,12.88501,0.00,0.00
2017.08.17 14:27:34.864,12.88302,12.88508,0.00,0.00
2017.08.17 14:27:35.407,12.88301,12.88509,0.00,0.00
2017.08.17 14:27:35.458,12.88301,12.88502,0.00,0.00
2017.08.17 14:27:35.559,12.88282,12.88502,0.00,0.00
2017.08.17 14:27:35.660,12.88271,12.88422,0.00,0.00
2017.08.17 14:27:35.761,12.88272,12.88492,0.00,0.00
2017.08.17 14:27:35.854,12.88272,12.88508,0.00,0.00
2017.08.17 14:27:35.905,12.88249,12.88459,0.00,0.00
2017.08.17 14:27:36.251,12.88231,12.88408,0.00,0.00
2017.08.17 14:27:36.827,12.88231,12.88409,0.00,0.00
2017.08.17 14:27:37.299,12.88281,12.88421,0.00,0.00
2017.08.17 14:27:37.400,12.88281,12.88471,0.00,0.00
2017.08.17 14:27:37.506,12.88281,12.88509,0.00,0.00
2017.08.17 14:27:38.139,12.88281,12.88508,0.00,0.00
2017.08.17 14:27:38.716,12.88341,12.88509,0.00,0.00
2017.08.17 14:27:39.188,12.88281,12.88509,0.00,0.00
2017.08.17 14:27:39.700,12.88281,12.88508,0.00,0.00
2017.08.17 14:27:40.266,12.88281,12.88509,0.00,0.00
2017.08.17 14:27:40.884,12.88281,12.88522,0.00,0.00
2017.08.17 14:27:40.985,12.88281,12.88509,0.00,0.00
2017.08.17 14:27:41.500,12.88281,12.88508,0.00,0.00
2017.08.17 14:27:42.147,12.88281,12.88509,0.00,0.00
2017.08.17 14:27:42.824,12.88271,12.88509,0.00,0.00
2017.08.17 14:27:43.170,12.88271,12.88501,0.00,0.00
2017.08.17 14:27:43.503,12.88201,12.88409,0.00,0.00
2017.08.17 14:27:43.834,12.88171,12.88409,0.00,0.00
2017.08.17 14:27:43.885,12.88178,12.88409,0.00,0.00
2017.08.17 14:27:44.187,12.88229,12.88421,0.00,0.00
2017.08.17 14:27:44.288,12.88171,12.88421,0.00,0.00
2017.08.17 14:27:44.903,12.88172,12.88421,0.00,0.00
2017.08.17 14:27:45.297,12.88241,12.88421,0.00,0.00
2017.08.17 14:27:45.904,12.88242,12.88421,0.00,0.00
2017.08.17 14:27:45.955,12.88271,12.88472,0.00,0.00
2017.08.17 14:27:46.006,12.88272,12.88458,0.00,0.00
2017.08.17 14:27:46.056,12.88271,12.88472,0.00,0.00
2017.08.17 14:27:46.107,12.88271,12.88509,0.00,0.00
2017.08.17 14:27:46.481,12.88271,12.88472,0.00,0.00
2017.08.17 14:27:46.582,12.88202,12.88409,0.00,0.00
2017.08.17 14:27:46.898,12.88172,12.88408,0.00,0.00
2017.08.17 14:27:46.999,12.88262,12.88421,0.00,0.00
2017.08.17 14:27:47.100,12.88271,12.88471,0.00,0.00
2017.08.17 14:27:47.151,12.88272,12.88422,0.00,0.00
2017.08.17 14:27:47.251,12.88272,12.88508,0.00,0.00
2017.08.17 14:27:47.302,12.88272,12.88458,0.00,0.00
2017.08.17 14:27:47.821,12.88271,12.88459,0.00,0.00
2017.08.17 14:27:48.074,12.88271,12.88501,0.00,0.00
2017.08.17 14:27:48.225,12.88272,12.88508,0.00,0.00
2017.08.17 14:27:48.606,12.88361,12.88541,0.00,0.00
2017.08.17 14:27:48.725,12.88371,12.88559,0.00,0.00
2017.08.17 14:27:48.777,12.88441,12.88609,0.00,0.00
2017.08.17 14:27:49.337,12.88442,12.88608,0.00,0.00
2017.08.17 14:27:49.388,12.88372,12.88608,0.00,0.00
2017.08.17 14:27:49.548,12.88412,12.88609,0.00,0.00
2017.08.17 14:27:49.805,12.88461,12.88659,0.00,0.00
2017.08.17 14:27:49.856,12.88471,12.88659,0.00,0.00
2017.08.17 14:27:50.187,12.88412,12.88622,0.00,0.00
2017.08.17 14:27:50.237,12.88412,12.88608,0.00,0.00
2017.08.17 14:27:50.710,12.88481,12.88612,0.00,0.00
2017.08.17 14:27:50.812,12.88481,12.88702,0.00,0.00
2017.08.17 14:27:50.909,12.88481,12.88708,0.00,0.00
2017.08.17 14:27:51.079,12.88481,12.88609,0.00,0.00
2017.08.17 14:27:51.633,12.88481,12.88608,0.00,0.00
2017.08.17 14:27:51.684,12.88412,12.88609,0.00,0.00
2017.08.17 14:27:51.739,12.88442,12.88608,0.00,0.00
2017.08.17 14:27:52.368,12.88471,12.88651,0.00,0.00
2017.08.17 14:27:52.469,12.88472,12.88682,0.00,0.00
2017.08.17 14:27:52.570,12.88471,12.88709,0.00,0.00
2017.08.17 14:27:52.621,12.88481,12.88708,0.00,0.00
2017.08.17 14:27:52.968,12.88481,12.88608,0.00,0.00
2017.08.17 14:27:53.230,12.88481,12.88619,0.00,0.00
2017.08.17 14:27:53.493,12.88481,12.88611,0.00,0.00
2017.08.17 14:27:53.544,12.88411,12.88611,0.00,0.00
2017.08.17 14:27:53.792,12.88411,12.88618,0.00,0.00
2017.08.17 14:27:53.993,12.88411,12.88612,0.00,0.00
2017.08.17 14:27:54.317,12.88411,12.88619,0.00,0.00
2017.08.17 14:27:54.618,12.88411,12.88611,0.00,0.00
2017.08.17 14:27:54.996,12.88411,12.88631,0.00,0.00
2017.08.17 14:27:55.046,12.88411,12.88619,0.00,0.00
2017.08.17 14:27:55.349,12.88331,12.88501,0.00,0.00
2017.08.17 14:27:55.835,12.88331,12.88519,0.00,0.00
2017.08.17 14:27:55.885,12.88361,12.88532,0.00,0.00
2017.08.17 14:27:55.936,12.88338,12.88518,0.00,0.00
2017.08.17 14:27:56.037,12.88331,12.88519,0.00,0.00
2017.08.17 14:27:56.340,12.88331,12.88512,0.00,0.00
2017.08.17 14:27:56.661,12.88362,12.88518,0.00,0.00
2017.08.17 14:27:56.712,12.88361,12.88531,0.00,0.00
2017.08.17 14:27:56.763,12.88331,12.88519,0.00,0.00
2017.08.17 14:27:56.813,12.88331,12.88511,0.00,0.00
2017.08.17 14:27:57.359,12.88331,12.88512,0.00,0.00
2017.08.17 14:27:57.600,12.88311,12.88512,0.00,0.00
2017.08.17 14:27:57.709,12.88311,12.88518,0.00,0.00
2017.08.17 14:27:58.707,12.88311,12.88511,0.00,0.00
2017.08.17 14:27:59.729,12.88311,12.88519,0.00,0.00
2017.08.17 14:28:00.032,12.88311,12.88511,0.00,0.00
2017.08.17 14:28:00.289,12.88271,12.88492,0.00,0.00
2017.08.17 14:28:00.412,12.88272,12.88518,0.00,0.00
2017.08.17 14:28:00.764,12.88271,12.88522,0.00,0.00
2017.08.17 14:28:00.815,12.88312,12.88522,0.00,0.00
2017.08.17 14:28:00.916,12.88312,12.88532,0.00,0.00
2017.08.17 14:28:01.329,12.88312,12.88502,0.00,0.00
2017.08.17 14:28:01.441,12.88312,12.88532,0.00,0.00
2017.08.17 14:28:01.542,12.88261,12.88482,0.00,0.00
2017.08.17 14:28:01.593,12.88262,12.88438,0.00,0.00
2017.08.17 14:28:01.845,12.88271,12.88481,0.00,0.00
2017.08.17 14:28:02.099,12.88272,12.88432,0.00,0.00
2017.08.17 14:28:02.149,12.88228,12.88432,0.00,0.00
2017.08.17 14:28:02.328,12.88211,12.88432,0.00,0.00
2017.08.17 14:28:02.385,12.88211,12.88422,0.00,0.00
2017.08.17 14:28:02.524,12.88211,12.88432,0.00,0.00
2017.08.17 14:28:02.625,12.88211,12.88421,0.00,0.00
2017.08.17 14:28:02.938,12.88211,12.88432,0.00,0.00
2017.08.17 14:28:03.140,12.88211,12.88421,0.00,0.00
2017.08.17 14:28:03.219,12.88211,12.88432,0.00,0.00
2017.08.17 14:28:03.687,12.88211,12.88442,0.00,0.00
2017.08.17 14:28:04.029,12.88211,12.88431,0.00,0.00
2017.08.17 14:28:04.222,12.88211,12.88442,0.00,0.00
2017.08.17 14:28:04.673,12.88241,12.88441,0.00,0.00
2017.08.17 14:28:04.811,12.88241,12.88449,0.00,0.00
2017.08.17 14:28:05.021,12.88272,12.88492,0.00,0.00
2017.08.17 14:28:05.172,12.88272,12.88472,0.00,0.00
2017.08.17 14:28:05.291,12.88211,12.88441,0.00,0.00
2017.08.17 14:28:05.342,12.88211,12.88432,0.00,0.00
2017.08.17 14:28:05.575,12.88211,12.88441,0.00,0.00
2017.08.17 14:28:05.772,12.88272,12.88448,0.00,0.00
2017.08.17 14:28:05.974,12.88271,12.88492,0.00,0.00
2017.08.17 14:28:06.228,12.88272,12.88472,0.00,0.00
2017.08.17 14:28:06.432,12.88271,12.88492,0.00,0.00
2017.08.17 14:28:06.533,12.88272,12.88482,0.00,0.00
2017.08.17 14:28:06.857,12.88282,12.88472,0.00,0.00
2017.08.17 14:28:06.958,12.88282,12.88541,0.00,0.00
2017.08.17 14:28:07.059,12.88282,12.88532,0.00,0.00
2017.08.17 14:28:07.391,12.88282,12.88472,0.00,0.00
2017.08.17 14:28:07.724,12.88282,12.88442,0.00,0.00
2017.08.17 14:28:07.775,12.88282,12.88462,0.00,0.00
2017.08.17 14:28:07.876,12.88282,12.88542,0.00,0.00
2017.08.17 14:28:08.363,12.88282,12.88532,0.00,0.00
2017.08.17 14:28:08.432,12.88282,12.88542,0.00,0.00
2017.08.17 14:28:08.591,12.88278,12.88542,0.00,0.00
2017.08.17 14:28:08.642,12.88278,12.88522,0.00,0.00
2017.08.17 14:28:08.955,12.88278,12.88542,0.00,0.00
2017.08.17 14:28:09.271,12.88278,12.88521,0.00,0.00
2017.08.17 14:28:09.372,12.88278,12.88542,0.00,0.00
2017.08.17 14:28:09.473,12.88278,12.88501,0.00,0.00
2017.08.17 14:28:09.674,12.88278,12.88532,0.00,0.00
2017.08.17 14:28:09.738,12.88278,12.88529,0.00,0.00
2017.08.17 14:28:10.016,12.88178,12.88441,0.00,0.00
2017.08.17 14:28:10.342,12.88178,12.88432,0.00,0.00
2017.08.17 14:28:10.948,12.88178,12.88431,0.00,0.00
2017.08.17 14:28:11.250,12.88178,12.88422,0.00,0.00
2017.08.17 14:28:11.550,12.88178,12.88442,0.00,0.00
2017.08.17 14:28:11.601,12.88241,12.88442,0.00,0.00
2017.08.17 14:28:11.702,12.88211,12.88442,0.00,0.00
2017.08.17 14:28:11.853,12.88211,12.88431,0.00,0.00
2017.08.17 14:28:12.162,12.88211,12.88442,0.00,0.00
2017.08.17 14:28:12.464,12.88211,12.88422,0.00,0.00
2017.08.17 14:28:12.675,12.88211,12.88442,0.00,0.00
2017.08.17 14:28:12.777,12.88211,12.88422,0.00,0.00
2017.08.17 14:28:13.634,12.88211,12.88412,0.00,0.00
2017.08.17 14:28:13.786,12.88211,12.88442,0.00,0.00
2017.08.17 14:28:13.956,12.88211,12.88431,0.00,0.00
2017.08.17 14:28:14.351,12.88211,12.88442,0.00,0.00
2017.08.17 14:28:14.687,12.88241,12.88442,0.00,0.00
2017.08.17 14:28:14.738,12.88211,12.88442,0.00,0.00
2017.08.17 14:28:15.061,12.88211,12.88421,0.00,0.00
2017.08.17 14:28:15.363,12.88141,12.88341,0.00,0.00
2017.08.17 14:28:15.464,12.88178,12.88402,0.00,0.00
2017.08.17 14:28:15.566,12.88178,12.88432,0.00,0.00
2017.08.17 14:28:15.763,12.88171,12.88342,0.00,0.00
2017.08.17 14:28:15.814,12.88111,12.88342,0.00,0.00
2017.08.17 14:28:15.965,12.88111,12.88332,0.00,0.00
2017.08.17 14:28:16.187,12.88111,12.88342,0.00,0.00
2017.08.17 14:28:17.578,12.88111,12.88332,0.00,0.00
2017.08.17 14:28:18.252,12.88111,12.88342,0.00,0.00
2017.08.17 14:28:19.253,12.88111,12.88332,0.00,0.00
2017.08.17 14:28:19.759,12.88111,12.88342,0.00,0.00
2017.08.17 14:28:20.158,12.88111,12.88331,0.00,0.00
2017.08.17 14:28:20.800,12.88078,12.88331,0.00,0.00
2017.08.17 14:28:20.850,12.88072,12.88292,0.00,0.00
2017.08.17 14:28:20.951,12.88079,12.88311,0.00,0.00
2017.08.17 14:28:21.103,12.88079,12.88341,0.00,0.00
2017.08.17 14:28:21.872,12.88112,12.88321,0.00,0.00
2017.08.17 14:28:22.180,12.88112,12.88341,0.00,0.00
2017.08.17 14:28:24.199,12.88112,12.88332,0.00,0.00
2017.08.17 14:28:24.595,12.88112,12.88341,0.00,0.00
2017.08.17 14:28:24.797,12.88112,12.88321,0.00,0.00
2017.08.17 14:28:25.178,12.88112,12.88341,0.00,0.00
2017.08.17 14:28:26.158,12.88112,12.88332,0.00,0.00
2017.08.17 14:28:26.268,12.88112,12.88341,0.00,0.00
2017.08.17 14:28:26.769,12.88112,12.88321,0.00,0.00
2017.08.17 14:28:27.040,12.88081,12.88311,0.00,0.00
2017.08.17 14:28:27.242,12.88081,12.88292,0.00,0.00
2017.08.17 14:28:27.470,12.88081,12.88312,0.00,0.00
2017.08.17 14:28:27.521,12.88081,12.88242,0.00,0.00
2017.08.17 14:28:28.028,12.88012,12.88242,0.00,0.00
2017.08.17 14:28:28.222,12.88042,12.88242,0.00,0.00
2017.08.17 14:28:28.474,12.88072,12.88282,0.00,0.00
2017.08.17 14:28:28.675,12.88111,12.88342,0.00,0.00
2017.08.17 14:28:29.091,12.88111,12.88322,0.00,0.00
2017.08.17 14:28:29.398,12.88111,12.88342,0.00,0.00
2017.08.17 14:28:29.449,12.88211,12.88362,0.00,0.00
2017.08.17 14:28:29.500,12.88211,12.88372,0.00,0.00
2017.08.17 14:28:29.601,12.88211,12.88431,0.00,0.00
2017.08.17 14:28:29.721,12.88211,12.88441,0.00,0.00
2017.08.17 14:28:29.822,12.88211,12.88412,0.00,0.00
2017.08.17 14:28:30.125,12.88172,12.88348,0.00,0.00
2017.08.17 14:28:30.276,12.88171,12.88361,0.00,0.00
2017.08.17 14:28:30.327,12.88171,12.88392,0.00,0.00
2017.08.17 14:28:30.747,12.88172,12.88388,0.00,0.00
2017.08.17 14:28:31.120,12.88182,12.88392,0.00,0.00
2017.08.17 14:28:31.171,12.88182,12.88401,0.00,0.00
2017.08.17 14:28:31.322,12.88182,12.88439,0.00,0.00
2017.08.17 14:28:31.481,12.88182,12.88411,0.00,0.00
2017.08.17 14:28:31.582,12.88182,12.88438,0.00,0.00
2017.08.17 14:28:32.260,12.88182,12.88439,0.00,0.00
2017.08.17 14:28:32.461,12.88241,12.88439,0.00,0.00
2017.08.17 14:28:32.764,12.88272,12.88438,0.00,0.00
2017.08.17 14:28:32.815,12.88232,12.88431,0.00,0.00
2017.08.17 14:28:32.866,12.88261,12.88431,0.00,0.00
2017.08.17 14:28:32.916,12.88261,12.88442,0.00,0.00
2017.08.17 14:28:32.967,12.88272,12.88442,0.00,0.00
2017.08.17 14:28:33.018,12.88271,12.88489,0.00,0.00
2017.08.17 14:28:33.224,12.88271,12.88461,0.00,0.00
2017.08.17 14:28:33.325,12.88271,12.88489,0.00,0.00
2017.08.17 14:28:33.426,12.88272,12.88492,0.00,0.00
2017.08.17 14:28:33.478,12.88271,12.88502,0.00,0.00
2017.08.17 14:28:33.529,12.88272,12.88471,0.00,0.00
2017.08.17 14:28:33.582,12.88272,12.88522,0.00,0.00
2017.08.17 14:28:33.961,12.88271,12.88489,0.00,0.00
2017.08.17 14:28:34.289,12.88261,12.88439,0.00,0.00
2017.08.17 14:28:34.369,12.88232,12.88438,0.00,0.00
2017.08.17 14:28:34.420,12.88232,12.88421,0.00,0.00
2017.08.17 14:28:34.590,12.88171,12.88421,0.00,0.00
2017.08.17 14:28:34.683,12.88178,12.88439,0.00,0.00
2017.08.17 14:28:34.784,12.88171,12.88421,0.00,0.00
2017.08.17 14:28:35.254,12.88179,12.88439,0.00,0.00
2017.08.17 14:28:35.305,12.88172,12.88422,0.00,0.00
2017.08.17 14:28:35.406,12.88171,12.88439,0.00,0.00
2017.08.17 14:28:35.507,12.88171,12.88422,0.00,0.00
2017.08.17 14:28:35.612,12.88172,12.88438,0.00,0.00
2017.08.17 14:28:35.790,12.88172,12.88421,0.00,0.00
2017.08.17 14:28:36.122,12.88179,12.88438,0.00,0.00
2017.08.17 14:28:36.729,12.88179,12.88439,0.00,0.00
2017.08.17 14:28:37.119,12.88171,12.88422,0.00,0.00
2017.08.17 14:28:37.533,12.88171,12.88439,0.00,0.00
2017.08.17 14:28:38.029,12.88178,12.88438,0.00,0.00
2017.08.17 14:28:38.181,12.88171,12.88432,0.00,0.00
2017.08.17 14:28:38.598,12.88171,12.88439,0.00,0.00
2017.08.17 14:28:38.691,12.88171,12.88422,0.00,0.00
2017.08.17 14:28:39.002,12.88172,12.88412,0.00,0.00
2017.08.17 14:28:39.308,12.88172,12.88438,0.00,0.00
2017.08.17 14:28:39.509,12.88171,12.88421,0.00,0.00
2017.08.17 14:28:39.838,12.88178,12.88401,0.00,0.00
2017.08.17 14:28:40.040,12.88178,12.88442,0.00,0.00
2017.08.17 14:28:40.092,12.88178,12.88412,0.00,0.00
2017.08.17 14:28:40.350,12.88178,12.88421,0.00,0.00
2017.08.17 14:28:40.451,12.88161,12.88399,0.00,0.00
2017.08.17 14:28:40.739,12.88078,12.88342,0.00,0.00
2017.08.17 14:28:41.128,12.88078,12.88331,0.00,0.00
2017.08.17 14:28:41.229,12.88089,12.88348,0.00,0.00
2017.08.17 14:28:41.330,12.88078,12.88342,0.00,0.00
2017.08.17 14:28:41.824,12.88079,12.88348,0.00,0.00
2017.08.17 14:28:42.126,12.88078,12.88331,0.00,0.00
2017.08.17 14:28:42.297,12.88078,12.88349,0.00,0.00
2017.08.17 14:28:42.798,12.88079,12.88348,0.00,0.00
2017.08.17 14:28:43.309,12.88078,12.88332,0.00,0.00
2017.08.17 14:28:43.638,12.88078,12.88348,0.00,0.00
2017.08.17 14:28:43.739,12.88078,12.88341,0.00,0.00
2017.08.17 14:28:44.201,12.88078,12.88349,0.00,0.00
2017.08.17 14:28:44.712,12.88079,12.88348,0.00,0.00
2017.08.17 14:28:44.813,12.88078,12.88341,0.00,0.00
2017.08.17 14:28:45.149,12.88058,12.88248,0.00,0.00
2017.08.17 14:28:45.350,12.87981,12.88249,0.00,0.00
2017.08.17 14:28:45.451,12.87981,12.88242,0.00,0.00
2017.08.17 14:28:45.798,12.87988,12.88248,0.00,0.00
2017.08.17 14:28:46.149,12.88061,12.88241,0.00,0.00
2017.08.17 14:28:46.250,12.88062,12.88248,0.00,0.00
2017.08.17 14:28:46.401,12.87988,12.88249,0.00,0.00
2017.08.17 14:28:46.553,12.87978,12.88242,0.00,0.00
2017.08.17 14:28:46.936,12.87979,12.88249,0.00,0.00
2017.08.17 14:28:47.344,12.87978,12.88232,0.00,0.00
2017.08.17 14:28:47.837,12.87979,12.88249,0.00,0.00
2017.08.17 14:28:47.898,12.88062,12.88248,0.00,0.00
2017.08.17 14:28:48.331,12.87998,12.88248,0.00,0.00
2017.08.17 14:28:48.407,12.87978,12.88241,0.00,0.00
2017.08.17 14:28:48.642,12.87989,12.88249,0.00,0.00
2017.08.17 14:28:48.957,12.88062,12.88248,0.00,0.00
2017.08.17 14:28:49.176,12.88041,12.88249,0.00,0.00
2017.08.17 14:28:49.260,12.87998,12.88249,0.00,0.00
2017.08.17 14:28:49.361,12.87978,12.88242,0.00,0.00
2017.08.17 14:28:49.518,12.87978,12.88232,0.00,0.00
2017.08.17 14:28:49.906,12.87978,12.88222,0.00,0.00
2017.08.17 14:28:50.348,12.87978,12.88231,0.00,0.00
2017.08.17 14:28:50.410,12.87978,12.88212,0.00,0.00
2017.08.17 14:28:50.633,12.87978,12.88248,0.00,0.00
2017.08.17 14:28:50.734,12.87988,12.88249,0.00,0.00
2017.08.17 14:28:50.835,12.87978,12.88242,0.00,0.00
2017.08.17 14:28:51.128,12.87979,12.88248,0.00,0.00
2017.08.17 14:28:51.229,12.87988,12.88248,0.00,0.00
2017.08.17 14:28:51.657,12.87979,12.88248,0.00,0.00
2017.08.17 14:28:51.947,12.87978,12.88232,0.00,0.00
2017.08.17 14:28:52.013,12.87988,12.88249,0.00,0.00
2017.08.17 14:28:52.157,12.88041,12.88249,0.00,0.00
2017.08.17 14:28:52.881,12.87978,12.88249,0.00,0.00
2017.08.17 14:28:52.932,12.87978,12.88231,0.00,0.00
2017.08.17 14:28:53.415,12.87978,12.88248,0.00,0.00
2017.08.17 14:28:53.815,12.87978,12.88231,0.00,0.00
2017.08.17 14:28:54.172,12.87998,12.88249,0.00,0.00
2017.08.17 14:28:54.223,12.87978,12.88241,0.00,0.00
2017.08.17 14:28:54.751,12.87988,12.88248,0.00,0.00
2017.08.17 14:28:54.852,12.87978,12.88242,0.00,0.00
2017.08.17 14:28:54.953,12.87989,12.88248,0.00,0.00
2017.08.17 14:28:55.117,12.87978,12.88241,0.00,0.00
2017.08.17 14:28:55.663,12.87978,12.88242,0.00,0.00
2017.08.17 14:28:55.720,12.87978,12.88249,0.00,0.00
2017.08.17 14:28:56.051,12.87989,12.88248,0.00,0.00
2017.08.17 14:28:56.372,12.88012,12.88198,0.00,0.00
2017.08.17 14:28:56.423,12.88012,12.88202,0.00,0.00
2017.08.17 14:28:56.524,12.88012,12.88212,0.00,0.00
2017.08.17 14:28:56.730,12.88012,12.88149,0.00,0.00
2017.08.17 14:28:56.932,12.87911,12.88142,0.00,0.00
2017.08.17 14:28:57.360,12.87911,12.88159,0.00,0.00
2017.08.17 14:28:57.659,12.87911,12.88151,0.00,0.00
2017.08.17 14:28:57.861,12.87911,12.88159,0.00,0.00
2017.08.17 14:28:58.062,12.87911,12.88151,0.00,0.00
2017.08.17 14:28:58.164,12.87911,12.88159,0.00,0.00
2017.08.17 14:28:58.218,12.87972,12.88158,0.00,0.00
2017.08.17 14:28:58.269,12.87988,12.88191,0.00,0.00
2017.08.17 14:28:58.371,12.87988,12.88222,0.00,0.00
2017.08.17 14:28:58.472,12.87988,12.88242,0.00,0.00
2017.08.17 14:28:58.625,12.87988,12.88221,0.00,0.00
2017.08.17 14:28:58.726,12.87988,12.88252,0.00,0.00
2017.08.17 14:28:59.148,12.87988,12.88258,0.00,0.00
2017.08.17 14:28:59.451,12.87988,12.88221,0.00,0.00
2017.08.17 14:28:59.780,12.87988,12.88212,0.00,0.00
2017.08.17 14:28:59.830,12.87988,12.88259,0.00,0.00
2017.08.17 14:29:00.244,12.87988,12.88252,0.00,0.00
2017.08.17 14:29:00.353,12.87988,12.88258,0.00,0.00
2017.08.17 14:29:00.454,12.87988,12.88251,0.00,0.00
2017.08.17 14:29:00.840,12.88012,12.88222,0.00,0.00
2017.08.17 14:29:01.438,12.88072,12.88281,0.00,0.00
2017.08.17 14:29:01.539,12.88072,12.88308,0.00,0.00
2017.08.17 14:29:01.756,12.88082,12.88308,0.00,0.00
2017.08.17 14:29:01.933,12.88088,12.88352,0.00,0.00
2017.08.17 14:29:02.378,12.88088,12.88312,0.00,0.00
2017.08.17 14:29:02.652,12.88088,12.88332,0.00,0.00
2017.08.17 14:29:02.753,12.88088,12.88342,0.00,0.00
2017.08.17 14:29:03.137,12.88082,12.88311,0.00,0.00
2017.08.17 14:29:03.298,12.88082,12.88348,0.00,0.00
2017.08.17 14:29:03.349,12.88089,12.88349,0.00,0.00
2017.08.17 14:29:03.450,12.88082,12.88348,0.00,0.00
2017.08.17 14:29:03.763,12.88082,12.88322,0.00,0.00
2017.08.17 14:29:04.102,12.88171,12.88332,0.00,0.00
2017.08.17 14:29:04.254,12.88171,12.88382,0.00,0.00
2017.08.17 14:29:04.355,12.88172,12.88398,0.00,0.00
2017.08.17 14:29:04.406,12.88171,12.88349,0.00,0.00
2017.08.17 14:29:04.457,12.88172,12.88398,0.00,0.00
2017.08.17 14:29:04.508,12.88171,12.88412,0.00,0.00
2017.08.17 14:29:04.558,12.88171,12.88362,0.00,0.00
2017.08.17 14:29:04.659,12.88171,12.88422,0.00,0.00
2017.08.17 14:29:04.760,12.88211,12.88422,0.00,0.00
2017.08.17 14:29:05.477,12.88211,12.88392,0.00,0.00
2017.08.17 14:29:05.687,12.88172,12.88398,0.00,0.00
2017.08.17 14:29:05.738,12.88172,12.88361,0.00,0.00
2017.08.17 14:29:06.049,12.88171,12.88352,0.00,0.00
2017.08.17 14:29:06.229,12.88161,12.88349,0.00,0.00
2017.08.17 14:29:06.339,12.88162,12.88331,0.00,0.00
2017.08.17 14:29:06.538,12.88131,12.88331,0.00,0.00
2017.08.17 14:29:06.941,12.88131,12.88348,0.00,0.00
2017.08.17 14:29:07.042,12.88131,12.88322,0.00,0.00
2017.08.17 14:29:07.383,12.88131,12.88349,0.00,0.00
2017.08.17 14:29:07.952,12.88131,12.88348,0.00,0.00
2017.08.17 14:29:08.204,12.88111,12.88348,0.00,0.00
2017.08.17 14:29:08.356,12.88171,12.88349,0.00,0.00
2017.08.17 14:29:08.407,12.88172,12.88362,0.00,0.00
2017.08.17 14:29:08.565,12.88171,12.88442,0.00,0.00
2017.08.17 14:29:08.790,12.88172,12.88448,0.00,0.00
2017.08.17 14:29:08.909,12.88212,12.88448,0.00,0.00
2017.08.17 14:29:09.239,12.88212,12.88442,0.00,0.00
2017.08.17 14:29:09.344,12.88212,12.88449,0.00,0.00
2017.08.17 14:29:09.878,12.88212,12.88448,0.00,0.00
2017.08.17 14:29:10.698,12.88212,12.88449,0.00,0.00
2017.08.17 14:29:10.968,12.88212,12.88432,0.00,0.00
2017.08.17 14:29:11.147,12.88212,12.88449,0.00,0.00
2017.08.17 14:29:11.883,12.88271,12.88461,0.00,0.00
2017.08.17 14:29:11.984,12.88271,12.88482,0.00,0.00
2017.08.17 14:29:12.085,12.88271,12.88532,0.00,0.00
2017.08.17 14:29:12.136,12.88271,12.88449,0.00,0.00
2017.08.17 14:29:12.187,12.88271,12.88492,0.00,0.00
2017.08.17 14:29:12.489,12.88271,12.88522,0.00,0.00
2017.08.17 14:29:12.598,12.88271,12.88531,0.00,0.00
2017.08.17 14:29:12.700,12.88271,12.88502,0.00,0.00
2017.08.17 14:29:12.751,12.88271,12.88541,0.00,0.00
2017.08.17 14:29:13.337,12.88281,12.88541,0.00,0.00
2017.08.17 14:29:13.780,12.88281,12.88521,0.00,0.00
2017.08.17 14:29:13.881,12.88281,12.88542,0.00,0.00
2017.08.17 14:29:13.951,12.88281,12.88522,0.00,0.00
2017.08.17 14:29:14.152,12.88281,12.88541,0.00,0.00
2017.08.17 14:29:14.368,12.88281,12.88521,0.00,0.00
2017.08.17 14:29:14.656,12.88281,12.88542,0.00,0.00
2017.08.17 14:29:14.852,12.88281,12.88531,0.00,0.00
2017.08.17 14:29:15.199,12.88281,12.88548,0.00,0.00
2017.08.17 14:29:15.677,12.88341,12.88549,0.00,0.00
2017.08.17 14:29:16.112,12.88342,12.88531,0.00,0.00
2017.08.17 14:29:16.163,12.88342,12.88548,0.00,0.00
2017.08.17 14:29:16.264,12.88281,12.88548,0.00,0.00
2017.08.17 14:29:16.386,12.88281,12.88532,0.00,0.00
2017.08.17 14:29:16.721,12.88281,12.88521,0.00,0.00
2017.08.17 14:29:17.023,12.88281,12.88482,0.00,0.00
2017.08.17 14:29:17.175,12.88281,12.88491,0.00,0.00
2017.08.17 14:29:17.276,12.88281,12.88542,0.00,0.00
2017.08.17 14:29:17.488,12.88281,12.88549,0.00,0.00
2017.08.17 14:29:17.698,12.88272,12.88498,0.00,0.00
2017.08.17 14:29:18.001,12.88272,12.88461,0.00,0.00
2017.08.17 14:29:18.102,12.88272,12.88498,0.00,0.00
2017.08.17 14:29:18.153,12.88271,12.88502,0.00,0.00
2017.08.17 14:29:18.203,12.88271,12.88472,0.00,0.00
2017.08.17 14:29:18.304,12.88271,12.88522,0.00,0.00
2017.08.17 14:29:18.405,12.88271,12.88532,0.00,0.00
2017.08.17 14:29:18.508,12.88271,12.88542,0.00,0.00
2017.08.17 14:29:18.660,12.88271,12.88512,0.00,0.00
2017.08.17 14:29:18.907,12.88271,12.88542,0.00,0.00
2017.08.17 14:29:18.960,12.88271,12.88549,0.00,0.00
2017.08.17 14:29:19.010,12.88272,12.88538,0.00,0.00
2017.08.17 14:29:19.360,12.88282,12.88539,0.00,0.00
2017.08.17 14:29:19.670,12.88282,12.88512,0.00,0.00
2017.08.17 14:29:19.771,12.88282,12.88538,0.00,0.00
2017.08.17 14:29:19.937,12.88371,12.88539,0.00,0.00
2017.08.17 14:29:19.988,12.88381,12.88551,0.00,0.00
2017.08.17 14:29:20.089,12.88381,12.88601,0.00,0.00
2017.08.17 14:29:20.190,12.88381,12.88612,0.00,0.00
2017.08.17 14:29:20.291,12.88381,12.88539,0.00,0.00
2017.08.17 14:29:20.683,12.88381,12.88531,0.00,0.00
2017.08.17 14:29:20.887,12.88381,12.88612,0.00,0.00
2017.08.17 14:29:21.189,12.88381,12.88622,0.00,0.00
2017.08.17 14:29:21.478,12.88381,12.88601,0.00,0.00
2017.08.17 14:29:21.817,12.88381,12.88592,0.00,0.00
2017.08.17 14:29:22.286,12.88371,12.88589,0.00,0.00
2017.08.17 14:29:22.336,12.88332,12.88538,0.00,0.00
2017.08.17 14:29:22.588,12.88371,12.88612,0.00,0.00
2017.08.17 14:29:22.814,12.88341,12.88589,0.00,0.00
2017.08.17 14:29:22.865,12.88341,12.88539,0.00,0.00
2017.08.17 14:29:23.228,12.88342,12.88531,0.00,0.00
2017.08.17 14:29:23.379,12.88372,12.88588,0.00,0.00
2017.08.17 14:29:23.617,12.88372,12.88571,0.00,0.00
2017.08.17 14:29:24.027,12.88361,12.88539,0.00,0.00
2017.08.17 14:29:24.255,12.88332,12.88532,0.00,0.00
2017.08.17 14:29:24.306,12.88282,12.88532,0.00,0.00
2017.08.17 14:29:24.508,12.88282,12.88511,0.00,0.00
2017.08.17 14:29:24.811,12.88281,12.88502,0.00,0.00
2017.08.17 14:29:24.912,12.88281,12.88539,0.00,0.00
2017.08.17 14:29:25.013,12.88282,12.88522,0.00,0.00
2017.08.17 14:29:25.213,12.88281,12.88539,0.00,0.00
2017.08.17 14:29:25.572,12.88282,12.88502,0.00,0.00
2017.08.17 14:29:25.900,12.88281,12.88539,0.00,0.00
2017.08.17 14:29:26.562,12.88282,12.88538,0.00,0.00
2017.08.17 14:29:26.837,12.88312,12.88538,0.00,0.00
2017.08.17 14:29:27.147,12.88342,12.88538,0.00,0.00
2017.08.17 14:29:27.299,12.88372,12.88588,0.00,0.00
2017.08.17 14:29:27.876,12.88372,12.88571,0.00,0.00
2017.08.17 14:29:28.297,12.88371,12.88562,0.00,0.00
2017.08.17 14:29:28.678,12.88372,12.88588,0.00,0.00
2017.08.17 14:29:28.847,12.88361,12.88539,0.00,0.00
2017.08.17 14:29:29.187,12.88362,12.88531,0.00,0.00
2017.08.17 14:29:29.288,12.88382,12.88602,0.00,0.00
2017.08.17 14:29:29.389,12.88382,12.88632,0.00,0.00
2017.08.17 14:29:29.697,12.88382,12.88602,0.00,0.00
2017.08.17 14:29:29.917,12.88382,12.88632,0.00,0.00
2017.08.17 14:29:30.028,12.88382,12.88612,0.00,0.00
2017.08.17 14:29:30.332,12.88308,12.88472,0.00,0.00
2017.08.17 14:29:30.434,12.88272,12.88471,0.00,0.00
2017.08.17 14:29:30.484,12.88262,12.88452,0.00,0.00
2017.08.17 14:29:30.636,12.88271,12.88532,0.00,0.00
2017.08.17 14:29:30.686,12.88271,12.88511,0.00,0.00
2017.08.17 14:29:31.009,12.88272,12.88488,0.00,0.00
2017.08.17 14:29:31.060,12.88262,12.88488,0.00,0.00
2017.08.17 14:29:31.111,12.88258,12.88439,0.00,0.00
2017.08.17 14:29:31.162,12.88212,12.88439,0.00,0.00
2017.08.17 14:29:31.213,12.88212,12.88432,0.00,0.00
2017.08.17 14:29:31.515,12.88261,12.88439,0.00,0.00
2017.08.17 14:29:31.689,12.88212,12.88439,0.00,0.00
2017.08.17 14:29:32.008,12.88212,12.88431,0.00,0.00
2017.08.17 14:29:32.198,12.88171,12.88431,0.00,0.00
2017.08.17 14:29:32.249,12.88161,12.88389,0.00,0.00
2017.08.17 14:29:32.400,12.88172,12.88412,0.00,0.00
2017.08.17 14:29:32.501,12.88172,12.88438,0.00,0.00
2017.08.17 14:29:33.025,12.88242,12.88438,0.00,0.00
2017.08.17 14:29:33.126,12.88172,12.88438,0.00,0.00
2017.08.17 14:29:33.176,12.88211,12.88439,0.00,0.00
2017.08.17 14:29:33.488,12.88261,12.88432,0.00,0.00
2017.08.17 14:29:33.690,12.88271,12.88539,0.00,0.00
2017.08.17 14:29:34.075,12.88281,12.88539,0.00,0.00
2017.08.17 14:29:34.667,12.88281,12.88538,0.00,0.00
2017.08.17 14:29:34.998,12.88281,12.88522,0.00,0.00
2017.08.17 14:29:35.301,12.88241,12.88439,0.00,0.00
2017.08.17 14:29:35.351,12.88241,12.88452,0.00,0.00
2017.08.17 14:29:35.452,12.88271,12.88461,0.00,0.00
2017.08.17 14:29:35.503,12.88272,12.88502,0.00,0.00
2017.08.17 14:29:35.554,12.88271,12.88512,0.00,0.00
2017.08.17 14:29:35.692,12.88271,12.88539,0.00,0.00
2017.08.17 14:29:35.877,12.88268,12.88489,0.00,0.00
2017.08.17 14:29:35.927,12.88242,12.88488,0.00,0.00
2017.08.17 14:29:35.978,12.88241,12.88452,0.00,0.00
2017.08.17 14:29:36.029,12.88212,12.88438,0.00,0.00
2017.08.17 14:29:36.130,12.88212,12.88431,0.00,0.00
2017.08.17 14:29:36.409,12.88212,12.88438,0.00,0.00
2017.08.17 14:29:36.730,12.88281,12.88439,0.00,0.00
2017.08.17 14:29:36.780,12.88281,12.88452,0.00,0.00
2017.08.17 14:29:36.831,12.88281,12.88422,0.00,0.00
2017.08.17 14:29:36.932,12.88281,12.88452,0.00,0.00
2017.08.17 14:29:36.983,12.88281,12.88439,0.00,0.00
2017.08.17 14:29:37.287,12.88281,12.88431,0.00,0.00
2017.08.17 14:29:37.497,12.88281,12.88438,0.00,0.00
2017.08.17 14:29:37.595,12.88281,12.88421,0.00,0.00
2017.08.17 14:29:37.750,12.88211,12.88422,0.00,0.00
2017.08.17 14:29:38.127,12.88211,12.88439,0.00,0.00
2017.08.17 14:29:38.229,12.88211,12.88422,0.00,0.00
2017.08.17 14:29:38.421,12.88211,12.88439,0.00,0.00
2017.08.17 14:29:38.622,12.88211,12.88432,0.00,0.00
2017.08.17 14:29:39.254,12.88211,12.88421,0.00,0.00
2017.08.17 14:29:39.798,12.88211,12.88439,0.00,0.00
2017.08.17 14:29:39.900,12.88211,12.88422,0.00,0.00
2017.08.17 14:29:40.398,12.88211,12.88412,0.00,0.00
2017.08.17 14:29:40.650,12.88211,12.88439,0.00,0.00
2017.08.17 14:29:40.902,12.88182,12.88438,0.00,0.00
2017.08.17 14:29:41.003,12.88182,12.88402,0.00,0.00
2017.08.17 14:29:41.218,12.88182,12.88412,0.00,0.00
2017.08.17 14:29:41.538,12.88182,12.88431,0.00,0.00
2017.08.17 14:29:41.834,12.88149,12.88388,0.00,0.00
2017.08.17 14:29:42.155,12.88112,12.88331,0.00,0.00
2017.08.17 14:29:42.206,12.88112,12.88339,0.00,0.00
2017.08.17 14:29:42.408,12.88112,12.88332,0.00,0.00
2017.08.17 14:29:42.710,12.88112,12.88339,0.00,0.00
2017.08.17 14:29:43.377,12.88112,12.88338,0.00,0.00
2017.08.17 14:29:43.543,12.88182,12.88339,0.00,0.00
2017.08.17 14:29:43.594,12.88182,12.88382,0.00,0.00
2017.08.17 14:29:43.695,12.88182,12.88432,0.00,0.00
2017.08.17 14:29:43.847,12.88182,12.88439,0.00,0.00
2017.08.17 14:29:44.317,12.88182,12.88421,0.00,0.00
2017.08.17 14:29:44.637,12.88148,12.88389,0.00,0.00
2017.08.17 14:29:44.688,12.88148,12.88338,0.00,0.00
2017.08.17 14:29:44.853,12.88111,12.88332,0.00,0.00
2017.08.17 14:29:45.708,12.88111,12.88339,0.00,0.00
2017.08.17 14:29:45.860,12.88181,12.88362,0.00,0.00
2017.08.17 14:29:46.188,12.88181,12.88331,0.00,0.00
2017.08.17 14:29:46.239,12.88181,12.88338,0.00,0.00
2017.08.17 14:29:46.760,12.88111,12.88338,0.00,0.00
2017.08.17 14:29:47.360,12.88111,12.88339,0.00,0.00
2017.08.17 14:29:48.440,12.88111,12.88331,0.00,0.00
2017.08.17 14:29:49.059,12.88111,12.88322,0.00,0.00
2017.08.17 14:29:49.557,12.88111,12.88331,0.00,0.00
2017.08.17 14:29:49.658,12.88111,12.88339,0.00,0.00
2017.08.17 14:29:50.240,12.88111,12.88322,0.00,0.00
2017.08.17 14:29:50.443,12.88111,12.88338,0.00,0.00
2017.08.17 14:29:51.602,12.88111,12.88339,0.00,0.00
2017.08.17 14:29:51.959,12.88171,12.88339,0.00,0.00
2017.08.17 14:29:52.105,12.88212,12.88432,0.00,0.00
2017.08.17 14:29:52.156,12.88212,12.88439,0.00,0.00
2017.08.17 14:29:52.562,12.88212,12.88421,0.00,0.00
2017.08.17 14:29:52.663,12.88212,12.88439,0.00,0.00
2017.08.17 14:29:53.060,12.88212,12.88421,0.00,0.00
2017.08.17 14:29:53.162,12.88212,12.88438,0.00,0.00
2017.08.17 14:29:53.467,12.88212,12.88421,0.00,0.00
2017.08.17 14:29:53.523,12.88212,12.88439,0.00,0.00
2017.08.17 14:29:54.091,12.88212,12.88438,0.00,0.00
2017.08.17 14:29:54.689,12.88212,12.88439,0.00,0.00
2017.08.17 14:29:55.217,12.88212,12.88438,0.00,0.00
2017.08.17 14:29:56.293,12.88212,12.88439,0.00,0.00
2017.08.17 14:29:57.510,12.88212,12.88438,0.00,0.00
2017.08.17 14:29:58.030,12.88212,12.88439,0.00,0.00
2017.08.17 14:29:58.898,12.88181,12.88352,0.00,0.00
2017.08.17 14:29:59.150,12.88181,12.88391,0.00,0.00
2017.08.17 14:29:59.251,12.88181,12.88381,0.00,0.00
2017.08.17 14:29:59.583,12.88181,12.88352,0.00,0.00
2017.08.17 14:29:59.634,12.88181,12.88371,0.00,0.00
2017.08.17 14:29:59.858,12.88128,12.88371,0.00,0.00
2017.08.17 14:29:59.963,12.88128,12.88382,0.00,0.00
2017.08.17 14:30:00.232,12.88191,12.88382,0.00,0.00
2017.08.17 14:30:00.373,12.88191,12.88412,0.00,0.00
2017.08.17 14:30:00.474,12.88229,12.88432,0.00,0.00
2017.08.17 14:30:00.676,12.88229,12.88472,0.00,0.00
2017.08.17 14:30:00.881,12.88229,12.88482,0.00,0.00
2017.08.17 14:30:00.982,12.88229,12.88471,0.00,0.00
2017.08.17 14:30:01.135,12.88229,12.88481,0.00,0.00
2017.08.17 14:30:01.466,12.88229,12.88442,0.00,0.00
2017.08.17 14:30:01.561,12.88229,12.88451,0.00,0.00
2017.08.17 14:30:01.662,12.88229,12.88491,0.00,0.00
2017.08.17 14:30:01.730,12.88229,12.88472,0.00,0.00
2017.08.17 14:30:01.831,12.88191,12.88442,0.00,0.00
2017.08.17 14:30:01.882,12.88202,12.88442,0.00,0.00
2017.08.17 14:30:02.361,12.88228,12.88461,0.00,0.00
2017.08.17 14:30:02.664,12.88228,12.88471,0.00,0.00
2017.08.17 14:30:02.765,12.88228,12.88461,0.00,0.00
2017.08.17 14:30:02.832,12.88228,12.88482,0.00,0.00
2017.08.17 14:30:03.135,12.88228,12.88472,0.00,0.00
2017.08.17 14:30:03.479,12.88228,12.88492,0.00,0.00
2017.08.17 14:30:03.681,12.88228,12.88452,0.00,0.00
2017.08.17 14:30:03.991,12.88228,12.88441,0.00,0.00
2017.08.17 14:30:04.183,12.88228,12.88472,0.00,0.00
2017.08.17 14:30:04.337,12.88228,12.88482,0.00,0.00
2017.08.17 14:30:04.439,12.88228,12.88452,0.00,0.00
2017.08.17 14:30:04.489,12.88201,12.88442,0.00,0.00
2017.08.17 14:30:04.540,12.88179,12.88398,0.00,0.00
2017.08.17 14:30:04.641,12.88128,12.88351,0.00,0.00
2017.08.17 14:30:04.747,12.88128,12.88331,0.00,0.00
2017.08.17 14:30:04.966,12.88128,12.88341,0.00,0.00
2017.08.17 14:30:05.067,12.88128,12.88332,0.00,0.00
2017.08.17 14:30:05.238,12.88128,12.88352,0.00,0.00
2017.08.17 14:30:05.725,12.88162,12.88352,0.00,0.00
2017.08.17 14:30:05.776,12.88161,12.88372,0.00,0.00
2017.08.17 14:30:05.877,12.88162,12.88392,0.00,0.00
2017.08.17 14:30:06.381,12.88161,12.88392,0.00,0.00
2017.08.17 14:30:06.540,12.88161,12.88372,0.00,0.00
2017.08.17 14:30:06.842,12.88181,12.88391,0.00,0.00
2017.08.17 14:30:07.169,12.88181,12.88341,0.00,0.00
2017.08.17 14:30:07.270,12.88181,12.88382,0.00,0.00
2017.08.17 14:30:07.519,12.88129,12.88382,0.00,0.00
2017.08.17 14:30:07.570,12.88129,12.88342,0.00,0.00
2017.08.17 14:30:07.884,12.88171,12.88342,0.00,0.00
2017.08.17 14:30:08.075,12.88269,12.88442,0.00,0.00
2017.08.17 14:30:08.176,12.88269,12.88461,0.00,0.00
2017.08.17 14:30:08.645,12.88269,12.88442,0.00,0.00
2017.08.17 14:30:09.161,12.88269,12.88462,0.00,0.00
2017.08.17 14:30:09.661,12.88269,12.88452,0.00,0.00
2017.08.17 14:30:09.873,12.88269,12.88462,0.00,0.00
2017.08.17 14:30:10.762,12.88269,12.88442,0.00,0.00
2017.08.17 14:30:11.061,12.88269,12.88452,0.00,0.00
2017.08.17 14:30:11.349,12.88269,12.88432,0.00,0.00
2017.08.17 14:30:11.550,12.88269,12.88461,0.00,0.00
2017.08.17 14:30:11.880,12.88269,12.88441,0.00,0.00
2017.08.17 14:30:12.100,12.88171,12.88399,0.00,0.00
2017.08.17 14:30:12.251,12.88172,12.88352,0.00,0.00
2017.08.17 14:30:12.561,12.88171,12.88362,0.00,0.00
2017.08.17 14:30:12.651,12.88171,12.88342,0.00,0.00
2017.08.17 14:30:12.852,12.88172,12.88382,0.00,0.00
2017.08.17 14:30:13.286,12.88171,12.88362,0.00,0.00
2017.08.17 14:30:13.452,12.88171,12.88372,0.00,0.00
2017.08.17 14:30:13.553,12.88171,12.88382,0.00,0.00
2017.08.17 14:30:13.861,12.88171,12.88362,0.00,0.00
2017.08.17 14:30:14.163,12.88171,12.88352,0.00,0.00
2017.08.17 14:30:14.455,12.88121,12.88349,0.00,0.00
2017.08.17 14:30:14.506,12.88121,12.88299,0.00,0.00
2017.08.17 14:30:14.823,12.88078,12.88242,0.00,0.00
2017.08.17 14:30:14.924,12.88028,12.88198,0.00,0.00
2017.08.17 14:30:15.025,12.87981,12.88199,0.00,0.00
2017.08.17 14:30:15.075,12.87982,12.88161,0.00,0.00
2017.08.17 14:30:15.176,12.87981,12.88172,0.00,0.00
2017.08.17 14:30:15.277,12.87981,12.88161,0.00,0.00
2017.08.17 14:30:15.439,12.87981,12.88171,0.00,0.00
2017.08.17 14:30:15.489,12.87981,12.88161,0.00,0.00
2017.08.17 14:30:15.712,12.87881,12.88099,0.00,0.00
2017.08.17 14:30:15.763,12.87888,12.88099,0.00,0.00
2017.08.17 14:30:16.065,12.87881,12.88081,0.00,0.00
2017.08.17 14:30:16.389,12.87881,12.88099,0.00,0.00
2017.08.17 14:30:16.489,12.87882,12.88071,0.00,0.00
2017.08.17 14:30:16.804,12.87782,12.87998,0.00,0.00
2017.08.17 14:30:16.905,12.87781,12.87971,0.00,0.00
2017.08.17 14:30:17.220,12.87781,12.87962,0.00,0.00
2017.08.17 14:30:17.543,12.87781,12.87952,0.00,0.00
2017.08.17 14:30:17.593,12.87781,12.87992,0.00,0.00
2017.08.17 14:30:17.695,12.87782,12.87998,0.00,0.00
2017.08.17 14:30:17.816,12.87781,12.87991,0.00,0.00
2017.08.17 14:30:18.170,12.87781,12.87999,0.00,0.00
2017.08.17 14:30:18.271,12.87782,12.87962,0.00,0.00
2017.08.17 14:30:18.622,12.87739,12.87939,0.00,0.00
2017.08.17 14:30:18.673,12.87739,12.87911,0.00,0.00
2017.08.17 14:30:18.774,12.87661,12.87899,0.00,0.00
2017.08.17 14:30:18.976,12.87651,12.87872,0.00,0.00
2017.08.17 14:30:19.243,12.87588,12.87818,0.00,0.00
2017.08.17 14:30:19.327,12.87633,12.87762,0.00,0.00
2017.08.17 14:30:19.378,12.87683,12.87861,0.00,0.00
2017.08.17 14:30:19.479,12.87638,12.87898,0.00,0.00
2017.08.17 14:30:19.580,12.87638,12.87891,0.00,0.00
2017.08.17 14:30:19.942,12.87611,12.87761,0.00,0.00
2017.08.17 14:30:20.043,12.87479,12.87699,0.00,0.00
2017.08.17 14:30:20.094,12.87468,12.87699,0.00,0.00
2017.08.17 14:30:20.195,12.87438,12.87692,0.00,0.00
2017.08.17 14:30:20.245,12.87456,12.87692,0.00,0.00
2017.08.17 14:30:20.497,12.87534,12.87792,0.00,0.00
2017.08.17 14:30:20.554,12.87577,12.87792,0.00,0.00
2017.08.17 14:30:20.738,12.87588,12.87812,0.00,0.00
2017.08.17 14:30:20.839,12.87588,12.87799,0.00,0.00
2017.08.17 14:30:20.889,12.87549,12.87798,0.00,0.00
2017.08.17 14:30:20.990,12.87538,12.87771,0.00,0.00
2017.08.17 14:30:21.142,12.87491,12.87749,0.00,0.00
2017.08.17 14:30:21.192,12.87534,12.87699,0.00,0.00
2017.08.17 14:30:21.293,12.87438,12.87699,0.00,0.00
2017.08.17 14:30:21.394,12.87438,12.87662,0.00,0.00
2017.08.17 14:30:21.559,12.87349,12.87598,0.00,0.00
2017.08.17 14:30:21.610,12.87338,12.87582,0.00,0.00
2017.08.17 14:30:21.913,12.87312,12.87501,0.00,0.00
2017.08.17 14:30:22.232,12.87338,12.87591,0.00,0.00
2017.08.17 14:30:22.283,12.87338,12.87571,0.00,0.00
2017.08.17 14:30:22.435,12.87258,12.87499,0.00,0.00
2017.08.17 14:30:22.485,12.87239,12.87472,0.00,0.00
2017.08.17 14:30:22.796,12.87188,12.87399,0.00,0.00
2017.08.17 14:30:22.925,12.87168,12.87399,0.00,0.00
2017.08.17 14:30:22.976,12.87138,12.87398,0.00,0.00
2017.08.17 14:30:23.077,12.87138,12.87238,0.00,0.00
2017.08.17 14:30:23.178,12.87038,12.87138,0.00,0.00
2017.08.17 14:30:23.229,12.86999,12.87099,0.00,0.00
2017.08.17 14:30:23.279,12.86899,12.87098,0.00,0.00
2017.08.17 14:30:23.380,12.86848,12.87098,0.00,0.00
2017.08.17 14:30:23.431,12.86891,12.87119,0.00,0.00
2017.08.17 14:30:23.602,12.86938,12.87191,0.00,0.00
2017.08.17 14:30:23.704,12.87011,12.87221,0.00,0.00
2017.08.17 14:30:23.805,12.87038,12.87298,0.00,0.00
2017.08.17 14:30:23.906,12.87038,12.87292,0.00,0.00
2017.08.17 14:30:24.228,12.86988,12.87182,0.00,0.00
2017.08.17 14:30:24.278,12.86938,12.87192,0.00,0.00
2017.08.17 14:30:24.329,12.86911,12.87102,0.00,0.00
2017.08.17 14:30:24.481,12.86939,12.87182,0.00,0.00
2017.08.17 14:30:24.531,12.86962,12.87182,0.00,0.00
2017.08.17 14:30:24.582,12.86938,12.87199,0.00,0.00
2017.08.17 14:30:24.683,12.86958,12.87199,0.00,0.00
2017.08.17 14:30:25.034,12.86938,12.87182,0.00,0.00
2017.08.17 14:30:25.085,12.86939,12.87098,0.00,0.00
2017.08.17 14:30:25.186,12.86838,12.86998,0.00,0.00
2017.08.17 14:30:25.237,12.86818,12.86999,0.00,0.00
2017.08.17 14:30:25.288,12.86738,12.86998,0.00,0.00
2017.08.17 14:30:25.339,12.86838,12.87002,0.00,0.00
2017.08.17 14:30:25.492,12.86881,12.87102,0.00,0.00
2017.08.17 14:30:25.553,12.86981,12.87162,0.00,0.00
2017.08.17 14:30:25.604,12.86981,12.87179,0.00,0.00
2017.08.17 14:30:25.656,12.86969,12.87158,0.00,0.00
2017.08.17 14:30:25.858,12.86882,12.87138,0.00,0.00
2017.08.17 14:30:25.909,12.86881,12.87099,0.00,0.00
2017.08.17 14:30:26.226,12.87068,12.87202,0.00,0.00
2017.08.17 14:30:26.276,12.87018,12.87202,0.00,0.00
2017.08.17 14:30:26.327,12.87018,12.87281,0.00,0.00
2017.08.17 14:30:26.385,12.87018,12.87232,0.00,0.00
2017.08.17 14:30:26.435,12.86969,12.87232,0.00,0.00
2017.08.17 14:30:26.486,12.86969,12.87159,0.00,0.00
2017.08.17 14:30:26.536,12.86981,12.87199,0.00,0.00
2017.08.17 14:30:26.587,12.86981,12.87141,0.00,0.00
2017.08.17 14:30:26.734,12.86982,12.87162,0.00,0.00
2017.08.17 14:30:26.786,12.86882,12.87091,0.00,0.00
2017.08.17 14:30:26.988,12.86818,12.86999,0.00,0.00
2017.08.17 14:30:27.090,12.86769,12.86979,0.00,0.00
2017.08.17 14:30:27.191,12.86769,12.86951,0.00,0.00
2017.08.17 14:30:27.305,12.86769,12.86979,0.00,0.00
2017.08.17 14:30:27.356,12.86769,12.86982,0.00,0.00
2017.08.17 14:30:27.407,12.86769,12.86998,0.00,0.00
2017.08.17 14:30:27.458,12.86738,12.86998,0.00,0.00
2017.08.17 14:30:27.509,12.86719,12.86799,0.00,0.00
2017.08.17 14:30:27.560,12.86738,12.87011,0.00,0.00
2017.08.17 14:30:27.610,12.86589,12.86698,0.00,0.00
2017.08.17 14:30:27.711,12.86478,12.86599,0.00,0.00
2017.08.17 14:30:27.832,12.86349,12.86599,0.00,0.00
2017.08.17 14:30:27.883,12.86306,12.86449,0.00,0.00
2017.08.17 14:30:27.934,12.86148,12.86299,0.00,0.00
2017.08.17 14:30:27.985,12.86148,12.86259,0.00,0.00
2017.08.17 14:30:28.036,12.86088,12.86258,0.00,0.00
2017.08.17 14:30:28.086,12.86178,12.86278,0.00,0.00
2017.08.17 14:30:28.137,12.86178,12.86299,0.00,0.00
2017.08.17 14:30:28.188,12.86092,12.86298,0.00,0.00
2017.08.17 14:30:28.349,12.86028,12.86198,0.00,0.00
2017.08.17 14:30:28.503,12.86308,12.86539,0.00,0.00
2017.08.17 14:30:28.604,12.86292,12.86552,0.00,0.00
2017.08.17 14:30:28.655,12.86311,12.86549,0.00,0.00
2017.08.17 14:30:28.976,12.86428,12.86632,0.00,0.00
2017.08.17 14:30:29.129,12.86379,12.86612,0.00,0.00
2017.08.17 14:30:29.230,12.86478,12.86602,0.00,0.00
2017.08.17 14:30:29.331,12.86478,12.86679,0.00,0.00
2017.08.17 14:30:29.535,12.86388,12.86509,0.00,0.00
2017.08.17 14:30:29.636,12.86279,12.86509,0.00,0.00
2017.08.17 14:30:29.738,12.86329,12.86471,0.00,0.00
2017.08.17 14:30:29.839,12.86278,12.86499,0.00,0.00
2017.08.17 14:30:29.940,12.86278,12.86492,0.00,0.00
2017.08.17 14:30:30.258,12.86341,12.86441,0.00,0.00
2017.08.17 14:30:30.309,12.86378,12.86592,0.00,0.00
2017.08.17 14:30:30.360,12.86328,12.86592,0.00,0.00
2017.08.17 14:30:30.410,12.86328,12.86559,0.00,0.00
2017.08.17 14:30:30.751,12.86479,12.86651,0.00,0.00
2017.08.17 14:30:30.802,12.86578,12.86799,0.00,0.00
2017.08.17 14:30:30.904,12.86569,12.86759,0.00,0.00
2017.08.17 14:30:30.955,12.86569,12.86798,0.00,0.00
2017.08.17 14:30:31.005,12.86618,12.86742,0.00,0.00
2017.08.17 14:30:31.106,12.86618,12.86749,0.00,0.00
2017.08.17 14:30:31.158,12.86569,12.86698,0.00,0.00
2017.08.17 14:30:31.486,12.86338,12.86541,0.00,0.00
2017.08.17 14:30:31.537,12.86339,12.86598,0.00,0.00
2017.08.17 14:30:31.842,12.86338,12.86578,0.00,0.00
2017.08.17 14:30:32.186,12.86339,12.86499,0.00,0.00
2017.08.17 14:30:32.459,12.86319,12.86499,0.00,0.00
2017.08.17 14:30:32.511,12.86291,12.86509,0.00,0.00
2017.08.17 14:30:32.562,12.86338,12.86509,0.00,0.00
2017.08.17 14:30:32.761,12.86301,12.86509,0.00,0.00
2017.08.17 14:30:32.813,12.86388,12.86582,0.00,0.00
2017.08.17 14:30:32.922,12.86388,12.86609,0.00,0.00
2017.08.17 14:30:33.025,12.86359,12.86601,0.00,0.00
2017.08.17 14:30:33.076,12.86359,12.86509,0.00,0.00
2017.08.17 14:30:33.306,12.86328,12.86501,0.00,0.00
2017.08.17 14:30:33.357,12.86108,12.86308,0.00,0.00
2017.08.17 14:30:33.408,12.86101,12.86309,0.00,0.00
2017.08.17 14:30:33.459,12.86092,12.86308,0.00,0.00
2017.08.17 14:30:33.510,12.86141,12.86342,0.00,0.00
2017.08.17 14:30:33.560,12.86101,12.86309,0.00,0.00
2017.08.17 14:30:33.611,12.86186,12.86341,0.00,0.00
2017.08.17 14:30:33.662,12.86088,12.86341,0.00,0.00
2017.08.17 14:30:33.713,12.86183,12.86422,0.00,0.00
2017.08.17 14:30:34.017,12.86336,12.86522,0.00,0.00
2017.08.17 14:30:34.068,12.86311,12.86509,0.00,0.00
2017.08.17 14:30:34.119,12.86313,12.86509,0.00,0.00
2017.08.17 14:30:34.220,12.86291,12.86499,0.00,0.00
2017.08.17 14:30:34.270,12.86384,12.86532,0.00,0.00
2017.08.17 14:30:34.321,12.86384,12.86582,0.00,0.00
2017.08.17 14:30:34.372,12.86298,12.86409,0.00,0.00
2017.08.17 14:30:34.423,12.86191,12.86399,0.00,0.00
2017.08.17 14:30:34.473,12.86236,12.86422,0.00,0.00
2017.08.17 14:30:34.524,12.86288,12.86478,0.00,0.00
2017.08.17 14:30:34.673,12.86288,12.86468,0.00,0.00
2017.08.17 14:30:34.737,12.86288,12.86508,0.00,0.00
2017.08.17 14:30:34.788,12.86289,12.86469,0.00,0.00
2017.08.17 14:30:34.889,12.86288,12.86541,0.00,0.00
2017.08.17 14:30:34.940,12.86288,12.86409,0.00,0.00
2017.08.17 14:30:35.041,12.86149,12.86279,0.00,0.00
2017.08.17 14:30:35.142,12.85728,12.85969,0.00,0.00
2017.08.17 14:30:35.193,12.85728,12.85879,0.00,0.00
2017.08.17 14:30:35.416,12.85611,12.85869,0.00,0.00
2017.08.17 14:30:35.467,12.85598,12.85869,0.00,0.00
2017.08.17 14:30:35.518,12.85613,12.85881,0.00,0.00
2017.08.17 14:30:35.820,12.85589,12.85779,0.00,0.00
2017.08.17 14:30:35.871,12.85589,12.85832,0.00,0.00
2017.08.17 14:30:36.022,12.85604,12.85869,0.00,0.00
2017.08.17 14:30:36.073,12.85683,12.85941,0.00,0.00
2017.08.17 14:30:36.376,12.85519,12.85619,0.00,0.00
2017.08.17 14:30:36.481,12.85348,12.85572,0.00,0.00
2017.08.17 14:30:36.532,12.85354,12.85609,0.00,0.00
2017.08.17 14:30:36.632,12.85434,12.85609,0.00,0.00
2017.08.17 14:30:36.683,12.85449,12.85708,0.00,0.00
2017.08.17 14:30:36.734,12.85489,12.85708,0.00,0.00
2017.08.17 14:30:37.037,12.85209,12.85411,0.00,0.00
2017.08.17 14:30:37.098,12.85249,12.85491,0.00,0.00
2017.08.17 14:30:37.270,12.85298,12.85511,0.00,0.00
2017.08.17 14:30:37.421,12.85449,12.85711,0.00,0.00
2017.08.17 14:30:37.472,12.85449,12.85709,0.00,0.00
2017.08.17 14:30:37.523,12.85439,12.85701,0.00,0.00
2017.08.17 14:30:37.674,12.85502,12.85701,0.00,0.00
2017.08.17 14:30:37.725,12.85502,12.85728,0.00,0.00
2017.08.17 14:30:37.775,12.85501,12.85709,0.00,0.00
2017.08.17 14:30:37.938,12.85478,12.85702,0.00,0.00
2017.08.17 14:30:38.039,12.85438,12.85702,0.00,0.00
2017.08.17 14:30:38.090,12.85418,12.85651,0.00,0.00
2017.08.17 14:30:38.140,12.85389,12.85651,0.00,0.00
2017.08.17 14:30:38.191,12.85389,12.85602,0.00,0.00
2017.08.17 14:30:38.242,12.85382,12.85598,0.00,0.00
2017.08.17 14:30:38.343,12.85338,12.85602,0.00,0.00
2017.08.17 14:30:38.658,12.85438,12.85612,0.00,0.00
2017.08.17 14:30:38.709,12.85458,12.85702,0.00,0.00
2017.08.17 14:30:38.810,12.85438,12.85702,0.00,0.00
2017.08.17 14:30:38.860,12.85522,12.85702,0.00,0.00
2017.08.17 14:30:38.911,12.85501,12.85702,0.00,0.00
2017.08.17 14:30:38.962,12.85458,12.85602,0.00,0.00
2017.08.17 14:30:39.063,12.85338,12.85592,0.00,0.00
2017.08.17 14:30:39.114,12.85439,12.85592,0.00,0.00
2017.08.17 14:30:39.334,12.85338,12.85592,0.00,0.00
2017.08.17 14:30:39.385,12.85321,12.85552,0.00,0.00
2017.08.17 14:30:39.486,12.85338,12.85572,0.00,0.00
2017.08.17 14:30:39.537,12.85421,12.85562,0.00,0.00
2017.08.17 14:30:39.587,12.85412,12.85562,0.00,0.00
2017.08.17 14:30:39.638,12.85358,12.85602,0.00,0.00
2017.08.17 14:30:39.688,12.85358,12.85569,0.00,0.00
2017.08.17 14:30:39.739,12.85358,12.85578,0.00,0.00
2017.08.17 14:30:39.790,12.85412,12.85602,0.00,0.00
2017.08.17 14:30:39.985,12.85389,12.85602,0.00,0.00
2017.08.17 14:30:40.036,12.85359,12.85599,0.00,0.00
2017.08.17 14:30:40.091,12.85359,12.85601,0.00,0.00
2017.08.17 14:30:40.141,12.85339,12.85581,0.00,0.00
2017.08.17 14:30:40.444,12.85511,12.85702,0.00,0.00
2017.08.17 14:30:40.606,12.85511,12.85751,0.00,0.00
2017.08.17 14:30:40.663,12.85498,12.85752,0.00,0.00
2017.08.17 14:30:40.714,12.85538,12.85782,0.00,0.00
2017.08.17 14:30:41.016,12.85501,12.85601,0.00,0.00
2017.08.17 14:30:41.067,12.85419,12.85601,0.00,0.00
2017.08.17 14:30:41.118,12.85438,12.85701,0.00,0.00
2017.08.17 14:30:41.257,12.85508,12.85702,0.00,0.00
2017.08.17 14:30:41.409,12.85388,12.85602,0.00,0.00
2017.08.17 14:30:41.459,12.85338,12.85509,0.00,0.00
2017.08.17 14:30:41.661,12.85149,12.85379,0.00,0.00
2017.08.17 14:30:41.712,12.85149,12.85409,0.00,0.00
2017.08.17 14:30:41.762,12.85248,12.85432,0.00,0.00
2017.08.17 14:30:42.015,12.85108,12.85308,0.00,0.00
2017.08.17 14:30:42.066,12.85099,12.85308,0.00,0.00
2017.08.17 14:30:42.167,12.85058,12.85208,0.00,0.00
2017.08.17 14:30:42.268,12.85048,12.85208,0.00,0.00
2017.08.17 14:30:42.447,12.84988,12.85208,0.00,0.00
2017.08.17 14:30:42.559,12.85013,12.85208,0.00,0.00
2017.08.17 14:30:42.761,12.84979,12.85211,0.00,0.00
2017.08.17 14:30:42.811,12.84979,12.85209,0.00,0.00
2017.08.17 14:30:43.059,12.84959,12.85209,0.00,0.00
2017.08.17 14:30:43.112,12.85003,12.85208,0.00,0.00
2017.08.17 14:30:43.264,12.85154,12.85409,0.00,0.00
2017.08.17 14:30:43.365,12.85174,12.85409,0.00,0.00
2017.08.17 14:30:43.495,12.85159,12.85408,0.00,0.00
2017.08.17 14:30:43.545,12.85183,12.85409,0.00,0.00
2017.08.17 14:30:43.697,12.85209,12.85438,0.00,0.00
2017.08.17 14:30:43.748,12.85213,12.85471,0.00,0.00
2017.08.17 14:30:43.799,12.85227,12.85471,0.00,0.00
2017.08.17 14:30:43.849,12.85263,12.85508,0.00,0.00
2017.08.17 14:30:43.951,12.85273,12.85509,0.00,0.00
2017.08.17 14:30:44.001,12.85273,12.85518,0.00,0.00
2017.08.17 14:30:44.120,12.85306,12.85522,0.00,0.00
2017.08.17 14:30:44.222,12.85288,12.85519,0.00,0.00
2017.08.17 14:30:44.273,12.85304,12.85519,0.00,0.00
2017.08.17 14:30:44.324,12.85353,12.85591,0.00,0.00
2017.08.17 14:30:44.374,12.85353,12.85562,0.00,0.00
2017.08.17 14:30:44.475,12.85374,12.85618,0.00,0.00
2017.08.17 14:30:44.526,12.85374,12.85599,0.00,0.00
2017.08.17 14:30:44.577,12.85358,12.85599,0.00,0.00
2017.08.17 14:30:44.738,12.85358,12.85592,0.00,0.00
2017.08.17 14:30:45.041,12.85358,12.85571,0.00,0.00
2017.08.17 14:30:45.091,12.85358,12.85591,0.00,0.00
2017.08.17 14:30:45.142,12.85406,12.85591,0.00,0.00
2017.08.17 14:30:45.193,12.85454,12.85672,0.00,0.00
2017.08.17 14:30:45.294,12.85454,12.85721,0.00,0.00
2017.08.17 14:30:45.481,12.85368,12.85621,0.00,0.00
2017.08.17 14:30:45.684,12.85454,12.85721,0.00,0.00
2017.08.17 14:30:45.785,12.85483,12.85721,0.00,0.00
2017.08.17 14:30:46.111,12.85409,12.85672,0.00,0.00
2017.08.17 14:30:46.162,12.85553,12.85772,0.00,0.00
2017.08.17 14:30:46.263,12.85553,12.85819,0.00,0.00
2017.08.17 14:30:46.417,12.85573,12.85818,0.00,0.00
2017.08.17 14:30:46.468,12.85558,12.85812,0.00,0.00
2017.08.17 14:30:46.569,12.85593,12.85818,0.00,0.00
2017.08.17 14:30:46.620,12.85609,12.85871,0.00,0.00
2017.08.17 14:30:46.804,12.85628,12.85872,0.00,0.00
2017.08.17 14:30:47.107,12.85559,12.85718,0.00,0.00
2017.08.17 14:30:47.157,12.85489,12.85719,0.00,0.00
2017.08.17 14:30:47.259,12.85458,12.85669,0.00,0.00
2017.08.17 14:30:47.413,12.85459,12.85718,0.00,0.00
2017.08.17 14:30:47.464,12.85459,12.85698,0.00,0.00
2017.08.17 14:30:47.768,12.85512,12.85672,0.00,0.00
2017.08.17 14:30:47.870,12.85559,12.85811,0.00,0.00
2017.08.17 14:30:48.026,12.85659,12.85811,0.00,0.00
2017.08.17 14:30:48.077,12.85659,12.85908,0.00,0.00
2017.08.17 14:30:48.128,12.85659,12.85898,0.00,0.00
2017.08.17 14:30:48.381,12.85578,12.85822,0.00,0.00
2017.08.17 14:30:48.532,12.85578,12.85739,0.00,0.00
2017.08.17 14:30:48.710,12.85578,12.85771,0.00,0.00
2017.08.17 14:30:48.811,12.85568,12.85769,0.00,0.00
2017.08.17 14:30:48.912,12.85588,12.85768,0.00,0.00
2017.08.17 14:30:48.963,12.85588,12.85782,0.00,0.00
2017.08.17 14:30:49.027,12.85588,12.85769,0.00,0.00
2017.08.17 14:30:49.178,12.85548,12.85769,0.00,0.00
2017.08.17 14:30:49.382,12.85579,12.85768,0.00,0.00
2017.08.17 14:30:49.484,12.85548,12.85769,0.00,0.00
2017.08.17 14:30:49.586,12.85578,12.85768,0.00,0.00
2017.08.17 14:30:49.687,12.85568,12.85769,0.00,0.00
2017.08.17 14:30:49.788,12.85578,12.85768,0.00,0.00
2017.08.17 14:30:50.134,12.85588,12.85768,0.00,0.00
2017.08.17 14:30:50.185,12.85568,12.85821,0.00,0.00
2017.08.17 14:30:50.288,12.85589,12.85828,0.00,0.00
2017.08.17 14:30:50.590,12.85648,12.85828,0.00,0.00
2017.08.17 14:30:50.930,12.85408,12.85629,0.00,0.00
2017.08.17 14:30:50.980,12.85389,12.85582,0.00,0.00
2017.08.17 14:30:51.133,12.85318,12.85528,0.00,0.00
2017.08.17 14:30:51.184,12.85312,12.85528,0.00,0.00
2017.08.17 14:30:51.235,12.85339,12.85552,0.00,0.00
2017.08.17 14:30:51.386,12.85389,12.85619,0.00,0.00
2017.08.17 14:30:51.694,12.85399,12.85618,0.00,0.00
2017.08.17 14:30:51.964,12.85389,12.85618,0.00,0.00
2017.08.17 14:30:52.015,12.85389,12.85672,0.00,0.00
2017.08.17 14:30:52.066,12.85389,12.85619,0.00,0.00
2017.08.17 14:30:52.428,12.85438,12.85618,0.00,0.00
2017.08.17 14:30:52.479,12.85489,12.85719,0.00,0.00
2017.08.17 14:30:52.580,12.85512,12.85781,0.00,0.00
2017.08.17 14:30:52.631,12.85589,12.85781,0.00,0.00
2017.08.17 14:30:52.681,12.85628,12.85828,0.00,0.00
2017.08.17 14:30:52.732,12.85628,12.85798,0.00,0.00
2017.08.17 14:30:52.783,12.85609,12.85828,0.00,0.00
2017.08.17 14:30:52.884,12.85589,12.85828,0.00,0.00
2017.08.17 14:30:52.936,12.85639,12.85829,0.00,0.00
2017.08.17 14:30:53.037,12.85628,12.85829,0.00,0.00
2017.08.17 14:30:53.158,12.85639,12.85912,0.00,0.00
2017.08.17 14:30:53.209,12.85639,12.85861,0.00,0.00
2017.08.17 14:30:53.269,12.85658,12.85931,0.00,0.00
2017.08.17 14:30:53.320,12.85688,12.85938,0.00,0.00
2017.08.17 14:30:53.726,12.85788,12.85942,0.00,0.00
2017.08.17 14:30:53.872,12.85788,12.86002,0.00,0.00
2017.08.17 14:30:53.923,12.85749,12.85949,0.00,0.00
2017.08.17 14:30:54.125,12.85688,12.85892,0.00,0.00
2017.08.17 14:30:54.226,12.85688,12.85859,0.00,0.00
2017.08.17 14:30:54.276,12.85612,12.85868,0.00,0.00
2017.08.17 14:30:54.327,12.85608,12.85868,0.00,0.00
2017.08.17 14:30:54.429,12.85608,12.85849,0.00,0.00
2017.08.17 14:30:54.479,12.85601,12.85849,0.00,0.00
2017.08.17 14:30:54.887,12.85601,12.85799,0.00,0.00
2017.08.17 14:30:55.195,12.85601,12.85832,0.00,0.00
2017.08.17 14:30:55.296,12.85602,12.85848,0.00,0.00
2017.08.17 14:30:55.388,12.85612,12.85848,0.00,0.00
2017.08.17 14:30:55.439,12.85611,12.85869,0.00,0.00
2017.08.17 14:30:55.490,12.85689,12.85868,0.00,0.00
2017.08.17 14:30:55.591,12.85668,12.85869,0.00,0.00
2017.08.17 14:30:55.706,12.85638,12.85869,0.00,0.00
2017.08.17 14:30:55.757,12.85711,12.85922,0.00,0.00
2017.08.17 14:30:55.909,12.85738,12.85969,0.00,0.00
2017.08.17 14:30:56.079,12.85738,12.85979,0.00,0.00
2017.08.17 14:30:56.130,12.85711,12.85969,0.00,0.00
2017.08.17 14:30:56.181,12.85748,12.85969,0.00,0.00
2017.08.17 14:30:56.383,12.85698,12.85982,0.00,0.00
2017.08.17 14:30:56.453,12.85712,12.85968,0.00,0.00
2017.08.17 14:30:56.821,12.85758,12.85968,0.00,0.00
2017.08.17 14:30:56.982,12.85729,12.85968,0.00,0.00
2017.08.17 14:30:57.084,12.85719,12.85968,0.00,0.00
2017.08.17 14:30:57.235,12.85719,12.85981,0.00,0.00
2017.08.17 14:30:57.493,12.85748,12.85981,0.00,0.00
2017.08.17 14:30:57.697,12.85711,12.85981,0.00,0.00
2017.08.17 14:30:57.899,12.85758,12.86011,0.00,0.00
2017.08.17 14:30:58.202,12.85758,12.86021,0.00,0.00
2017.08.17 14:30:58.303,12.85768,12.86022,0.00,0.00
2017.08.17 14:30:58.620,12.85721,12.85971,0.00,0.00
2017.08.17 14:30:58.721,12.85759,12.86021,0.00,0.00
2017.08.17 14:30:58.823,12.85778,12.86021,0.00,0.00
2017.08.17 14:30:59.237,12.85788,12.86021,0.00,0.00
2017.08.17 14:30:59.396,12.85788,12.86032,0.00,0.00
2017.08.17 14:30:59.497,12.85768,12.86032,0.00,0.00
2017.08.17 14:30:59.549,12.85811,12.86032,0.00,0.00
2017.08.17 14:30:59.853,12.85819,12.86032,0.00,0.00
2017.08.17 14:30:59.966,12.85769,12.86032,0.00,0.00
2017.08.17 14:31:00.320,12.85788,12.86032,0.00,0.00
2017.08.17 14:31:00.623,12.85678,12.85931,0.00,0.00
2017.08.17 14:31:00.894,12.85669,12.85931,0.00,0.00
2017.08.17 14:31:01.009,12.85658,12.85869,0.00,0.00
2017.08.17 14:31:01.059,12.85658,12.85879,0.00,0.00
2017.08.17 14:31:01.110,12.85669,12.85869,0.00,0.00
2017.08.17 14:31:01.261,12.85668,12.85879,0.00,0.00
2017.08.17 14:31:01.413,12.85678,12.85932,0.00,0.00
2017.08.17 14:31:01.664,12.85688,12.85932,0.00,0.00
2017.08.17 14:31:01.968,12.85669,12.85879,0.00,0.00
2017.08.17 14:31:02.171,12.85668,12.85881,0.00,0.00
2017.08.17 14:31:02.272,12.85638,12.85832,0.00,0.00
2017.08.17 14:31:02.492,12.85568,12.85832,0.00,0.00
2017.08.17 14:31:02.698,12.85579,12.85832,0.00,0.00
2017.08.17 14:31:02.802,12.85618,12.85882,0.00,0.00
2017.08.17 14:31:02.853,12.85651,12.85882,0.00,0.00
2017.08.17 14:31:03.004,12.85679,12.85932,0.00,0.00
2017.08.17 14:31:03.055,12.85679,12.85899,0.00,0.00
2017.08.17 14:31:03.242,12.85679,12.85932,0.00,0.00
2017.08.17 14:31:03.292,12.85679,12.85899,0.00,0.00
2017.08.17 14:31:03.443,12.85652,12.85878,0.00,0.00
2017.08.17 14:31:03.494,12.85688,12.85879,0.00,0.00
2017.08.17 14:31:03.545,12.85688,12.85899,0.00,0.00
2017.08.17 14:31:03.697,12.85688,12.85932,0.00,0.00
2017.08.17 14:31:03.798,12.85688,12.85961,0.00,0.00
2017.08.17 14:31:04.164,12.85688,12.85898,0.00,0.00
2017.08.17 14:31:04.315,12.85688,12.85942,0.00,0.00
2017.08.17 14:31:04.366,12.85658,12.85869,0.00,0.00
2017.08.17 14:31:04.518,12.85701,12.85932,0.00,0.00
2017.08.17 14:31:04.619,12.85701,12.85969,0.00,0.00
2017.08.17 14:31:04.720,12.85718,12.85969,0.00,0.00
2017.08.17 14:31:04.872,12.85701,12.85969,0.00,0.00
2017.08.17 14:31:04.922,12.85729,12.85969,0.00,0.00
2017.08.17 14:31:05.144,12.85701,12.85969,0.00,0.00
2017.08.17 14:31:05.245,12.85729,12.85968,0.00,0.00
2017.08.17 14:31:05.346,12.85701,12.85969,0.00,0.00
2017.08.17 14:31:05.405,12.85729,12.85969,0.00,0.00
2017.08.17 14:31:05.749,12.85702,12.85968,0.00,0.00
2017.08.17 14:31:05.850,12.85728,12.85969,0.00,0.00
2017.08.17 14:31:06.307,12.85738,12.85969,0.00,0.00
2017.08.17 14:31:06.631,12.85849,12.86069,0.00,0.00
2017.08.17 14:31:06.733,12.85819,12.86069,0.00,0.00
2017.08.17 14:31:06.834,12.85849,12.86069,0.00,0.00
2017.08.17 14:31:06.935,12.85828,12.86069,0.00,0.00
2017.08.17 14:31:07.036,12.85801,12.86062,0.00,0.00
2017.08.17 14:31:07.137,12.85799,12.86031,0.00,0.00
2017.08.17 14:31:07.464,12.85801,12.85982,0.00,0.00
2017.08.17 14:31:07.515,12.85801,12.86069,0.00,0.00
2017.08.17 14:31:07.767,12.85788,12.85969,0.00,0.00
2017.08.17 14:31:07.919,12.85728,12.85969,0.00,0.00
2017.08.17 14:31:08.068,12.85702,12.85968,0.00,0.00
2017.08.17 14:31:08.219,12.85702,12.85961,0.00,0.00
2017.08.17 14:31:08.660,12.85702,12.85952,0.00,0.00
2017.08.17 14:31:08.761,12.85668,12.85931,0.00,0.00
2017.08.17 14:31:08.812,12.85658,12.85931,0.00,0.00
2017.08.17 14:31:08.862,12.85658,12.85782,0.00,0.00
2017.08.17 14:31:09.065,12.85528,12.85758,0.00,0.00
2017.08.17 14:31:09.318,12.85508,12.85759,0.00,0.00
2017.08.17 14:31:09.419,12.85518,12.85759,0.00,0.00
2017.08.17 14:31:09.621,12.85508,12.85759,0.00,0.00
2017.08.17 14:31:09.714,12.85519,12.85759,0.00,0.00
2017.08.17 14:31:10.036,12.85601,12.85799,0.00,0.00
2017.08.17 14:31:10.087,12.85601,12.85839,0.00,0.00
2017.08.17 14:31:10.137,12.85609,12.85839,0.00,0.00
2017.08.17 14:31:10.439,12.85552,12.85768,0.00,0.00
2017.08.17 14:31:10.721,12.85598,12.85838,0.00,0.00
2017.08.17 14:31:10.772,12.85598,12.85769,0.00,0.00
2017.08.17 14:31:10.924,12.85502,12.85758,0.00,0.00
2017.08.17 14:31:11.026,12.85501,12.85751,0.00,0.00
2017.08.17 14:31:11.127,12.85502,12.85758,0.00,0.00
2017.08.17 14:31:11.178,12.85488,12.85659,0.00,0.00
2017.08.17 14:31:11.228,12.85488,12.85668,0.00,0.00
2017.08.17 14:31:11.330,12.85439,12.85659,0.00,0.00
2017.08.17 14:31:11.505,12.85418,12.85659,0.00,0.00
2017.08.17 14:31:11.657,12.85428,12.85659,0.00,0.00
2017.08.17 14:31:11.960,12.85359,12.85559,0.00,0.00
2017.08.17 14:31:12.061,12.85349,12.85558,0.00,0.00
2017.08.17 14:31:12.206,12.85308,12.85559,0.00,0.00
2017.08.17 14:31:12.307,12.85302,12.85558,0.00,0.00
2017.08.17 14:31:12.458,12.85329,12.85499,0.00,0.00
2017.08.17 14:31:12.559,12.85301,12.85499,0.00,0.00
2017.08.17 14:31:12.610,12.85301,12.85559,0.00,0.00
2017.08.17 14:31:12.761,12.85329,12.85559,0.00,0.00
2017.08.17 14:31:13.065,12.85403,12.85558,0.00,0.00
2017.08.17 14:31:13.266,12.85302,12.85558,0.00,0.00
2017.08.17 14:31:13.317,12.85346,12.85581,0.00,0.00
2017.08.17 14:31:13.635,12.85322,12.85562,0.00,0.00
2017.08.17 14:31:13.769,12.85413,12.85582,0.00,0.00
2017.08.17 14:31:13.820,12.85413,12.85659,0.00,0.00
2017.08.17 14:31:13.872,12.85444,12.85659,0.00,0.00
2017.08.17 14:31:14.023,12.85483,12.85731,0.00,0.00
2017.08.17 14:31:14.125,12.85483,12.85749,0.00,0.00
2017.08.17 14:31:14.327,12.85451,12.85679,0.00,0.00
2017.08.17 14:31:14.378,12.85448,12.85679,0.00,0.00
2017.08.17 14:31:14.479,12.85483,12.85721,0.00,0.00
2017.08.17 14:31:14.669,12.85488,12.85749,0.00,0.00
2017.08.17 14:31:14.720,12.85583,12.85768,0.00,0.00
2017.08.17 14:31:14.871,12.85518,12.85769,0.00,0.00
2017.08.17 14:31:14.972,12.85533,12.85768,0.00,0.00
2017.08.17 14:31:15.174,12.85597,12.85848,0.00,0.00
2017.08.17 14:31:15.275,12.85588,12.85758,0.00,0.00
2017.08.17 14:31:15.326,12.85597,12.85778,0.00,0.00
2017.08.17 14:31:15.427,12.85597,12.85838,0.00,0.00
2017.08.17 14:31:15.576,12.85646,12.85849,0.00,0.00
2017.08.17 14:31:15.627,12.85639,12.85848,0.00,0.00
2017.08.17 14:31:15.728,12.85618,12.85849,0.00,0.00
2017.08.17 14:31:15.828,12.85602,12.85831,0.00,0.00
2017.08.17 14:31:16.152,12.85602,12.85848,0.00,0.00
2017.08.17 14:31:16.203,12.85588,12.85748,0.00,0.00
2017.08.17 14:31:16.254,12.85509,12.85749,0.00,0.00
2017.08.17 14:31:16.413,12.85502,12.85748,0.00,0.00
2017.08.17 14:31:16.680,12.85551,12.85749,0.00,0.00
2017.08.17 14:31:16.731,12.85548,12.85749,0.00,0.00
2017.08.17 14:31:16.832,12.85519,12.85748,0.00,0.00
2017.08.17 14:31:16.933,12.85501,12.85749,0.00,0.00
2017.08.17 14:31:17.134,12.85502,12.85698,0.00,0.00
2017.08.17 14:31:17.185,12.85502,12.85728,0.00,0.00
2017.08.17 14:31:17.412,12.85459,12.85689,0.00,0.00
2017.08.17 14:31:17.462,12.85502,12.85712,0.00,0.00
2017.08.17 14:31:17.564,12.85501,12.85729,0.00,0.00
2017.08.17 14:31:17.715,12.85489,12.85689,0.00,0.00
2017.08.17 14:31:17.765,12.85501,12.85729,0.00,0.00
2017.08.17 14:31:17.867,12.85501,12.85722,0.00,0.00
2017.08.17 14:31:17.968,12.85502,12.85728,0.00,0.00
2017.08.17 14:31:18.548,12.85508,12.85729,0.00,0.00
2017.08.17 14:31:18.649,12.85502,12.85728,0.00,0.00
2017.08.17 14:31:18.700,12.85552,12.85772,0.00,0.00
2017.08.17 14:31:18.902,12.85602,12.85828,0.00,0.00
2017.08.17 14:31:18.953,12.85609,12.85829,0.00,0.00
2017.08.17 14:31:19.135,12.85611,12.85849,0.00,0.00
2017.08.17 14:31:19.186,12.85658,12.85849,0.00,0.00
2017.08.17 14:31:19.237,12.85601,12.85849,0.00,0.00
2017.08.17 14:31:19.389,12.85689,12.85852,0.00,0.00
2017.08.17 14:31:19.439,12.85689,12.85882,0.00,0.00
2017.08.17 14:31:19.540,12.85689,12.85929,0.00,0.00
2017.08.17 14:31:19.641,12.85659,12.85899,0.00,0.00
2017.08.17 14:31:19.742,12.85652,12.85898,0.00,0.00
2017.08.17 14:31:19.968,12.85688,12.85899,0.00,0.00
2017.08.17 14:31:20.069,12.85668,12.85899,0.00,0.00
2017.08.17 14:31:20.170,12.85688,12.85899,0.00,0.00
2017.08.17 14:31:20.221,12.85688,12.85922,0.00,0.00
2017.08.17 14:31:20.272,12.85709,12.85939,0.00,0.00
2017.08.17 14:31:20.474,12.85579,12.85841,0.00,0.00
2017.08.17 14:31:20.933,12.85578,12.85742,0.00,0.00
2017.08.17 14:31:21.085,12.85578,12.85811,0.00,0.00
2017.08.17 14:31:21.186,12.85578,12.85831,0.00,0.00
2017.08.17 14:31:21.287,12.85578,12.85769,0.00,0.00
2017.08.17 14:31:21.471,12.85528,12.85769,0.00,0.00
2017.08.17 14:31:21.673,12.85559,12.85769,0.00,0.00
2017.08.17 14:31:21.724,12.85578,12.85841,0.00,0.00
2017.08.17 14:31:21.875,12.85599,12.85842,0.00,0.00
2017.08.17 14:31:21.977,12.85579,12.85842,0.00,0.00
2017.08.17 14:31:22.078,12.85628,12.85842,0.00,0.00
2017.08.17 14:31:22.179,12.85628,12.85891,0.00,0.00
2017.08.17 14:31:22.229,12.85678,12.85891,0.00,0.00
2017.08.17 14:31:22.280,12.85688,12.85942,0.00,0.00
2017.08.17 14:31:22.415,12.85712,12.85942,0.00,0.00
2017.08.17 14:31:22.566,12.85708,12.85942,0.00,0.00
2017.08.17 14:31:22.667,12.85678,12.85942,0.00,0.00
2017.08.17 14:31:22.718,12.85778,12.85962,0.00,0.00
2017.08.17 14:31:22.769,12.85778,12.85971,0.00,0.00
2017.08.17 14:31:22.820,12.85728,12.85969,0.00,0.00
2017.08.17 14:31:22.870,12.85749,12.85979,0.00,0.00
2017.08.17 14:31:22.921,12.85749,12.85992,0.00,0.00
2017.08.17 14:31:22.972,12.85778,12.86042,0.00,0.00
2017.08.17 14:31:23.296,12.85789,12.86042,0.00,0.00
2017.08.17 14:31:23.599,12.85778,12.85992,0.00,0.00
2017.08.17 14:31:24.017,12.85679,12.85932,0.00,0.00
2017.08.17 14:31:24.068,12.85698,12.85941,0.00,0.00
2017.08.17 14:31:24.390,12.85679,12.85941,0.00,0.00
2017.08.17 14:31:24.592,12.85719,12.85941,0.00,0.00
2017.08.17 14:31:24.696,12.85679,12.85941,0.00,0.00
2017.08.17 14:31:24.797,12.85688,12.85941,0.00,0.00
2017.08.17 14:31:25.144,12.85748,12.85942,0.00,0.00
2017.08.17 14:31:25.194,12.85738,12.85942,0.00,0.00
2017.08.17 14:31:25.295,12.85678,12.85942,0.00,0.00
2017.08.17 14:31:25.497,12.85729,12.85952,0.00,0.00
2017.08.17 14:31:25.699,12.85789,12.86042,0.00,0.00
2017.08.17 14:31:26.083,12.85778,12.86041,0.00,0.00
2017.08.17 14:31:26.190,12.85801,12.85979,0.00,0.00
2017.08.17 14:31:26.342,12.85809,12.86042,0.00,0.00
2017.08.17 14:31:26.392,12.85778,12.86011,0.00,0.00
2017.08.17 14:31:26.494,12.85778,12.86031,0.00,0.00
2017.08.17 14:31:26.698,12.85761,12.85991,0.00,0.00
2017.08.17 14:31:26.901,12.85629,12.85862,0.00,0.00
2017.08.17 14:31:26.957,12.85609,12.85862,0.00,0.00
2017.08.17 14:31:27.058,12.85588,12.85862,0.00,0.00
2017.08.17 14:31:27.159,12.85579,12.85861,0.00,0.00
2017.08.17 14:31:27.449,12.85579,12.85769,0.00,0.00
2017.08.17 14:31:27.600,12.85529,12.85769,0.00,0.00
2017.08.17 14:31:27.665,12.855,12.85761,0.00,0.00
2017.08.17 14:31:27.767,12.855,12.85742,0.00,0.00
2017.08.17 14:31:28.071,12.85578,12.85851,0.00,0.00
2017.08.17 14:31:28.210,12.85578,12.85768,0.00,0.00
2017.08.17 14:31:28.261,12.85518,12.85761,0.00,0.00
2017.08.17 14:31:28.312,12.855,12.85761,0.00,0.00
2017.08.17 14:31:28.414,12.85528,12.85761,0.00,0.00
2017.08.17 14:31:28.464,12.85528,12.85769,0.00,0.00
2017.08.17 14:31:28.565,12.85539,12.85761,0.00,0.00
2017.08.17 14:31:28.666,12.855,12.85761,0.00,0.00
2017.08.17 14:31:28.821,12.85529,12.85772,0.00,0.00
2017.08.17 14:31:28.872,12.85561,12.85811,0.00,0.00
2017.08.17 14:31:29.048,12.85579,12.85811,0.00,0.00
2017.08.17 14:31:29.099,12.85628,12.85892,0.00,0.00
2017.08.17 14:31:29.149,12.85662,12.85892,0.00,0.00
2017.08.17 14:31:29.200,12.85678,12.85951,0.00,0.00
2017.08.17 14:31:29.301,12.85709,12.85958,0.00,0.00
2017.08.17 14:31:29.604,12.85648,12.85869,0.00,0.00
2017.08.17 14:31:29.775,12.85628,12.85868,0.00,0.00
2017.08.17 14:31:29.876,12.85608,12.85861,0.00,0.00
2017.08.17 14:31:30.078,12.85588,12.85861,0.00,0.00
2017.08.17 14:31:30.179,12.85628,12.85861,0.00,0.00
2017.08.17 14:31:30.230,12.85629,12.85891,0.00,0.00
2017.08.17 14:31:30.281,12.85661,12.85891,0.00,0.00
2017.08.17 14:31:30.382,12.85709,12.85942,0.00,0.00
2017.08.17 14:31:30.483,12.85689,12.85942,0.00,0.00
2017.08.17 14:31:30.611,12.85678,12.85932,0.00,0.00
2017.08.17 14:31:30.713,12.85688,12.85942,0.00,0.00
2017.08.17 14:31:31.062,12.85708,12.85942,0.00,0.00
2017.08.17 14:31:31.213,12.85628,12.85869,0.00,0.00
2017.08.17 14:31:31.263,12.85619,12.85842,0.00,0.00
2017.08.17 14:31:31.314,12.85609,12.85842,0.00,0.00
2017.08.17 14:31:31.415,12.85599,12.85842,0.00,0.00
2017.08.17 14:31:31.791,12.85628,12.85868,0.00,0.00
2017.08.17 14:31:31.943,12.85679,12.85941,0.00,0.00
2017.08.17 14:31:31.994,12.85708,12.85941,0.00,0.00
2017.08.17 14:31:32.296,12.85679,12.85941,0.00,0.00
2017.08.17 14:31:32.457,12.85658,12.85842,0.00,0.00
2017.08.17 14:31:32.507,12.85618,12.85842,0.00,0.00
2017.08.17 14:31:32.609,12.85588,12.85842,0.00,0.00
2017.08.17 14:31:32.710,12.85598,12.85842,0.00,0.00
2017.08.17 14:31:32.913,12.85578,12.85832,0.00,0.00
2017.08.17 14:31:33.034,12.85618,12.85842,0.00,0.00
2017.08.17 14:31:33.085,12.85609,12.85842,0.00,0.00
2017.08.17 14:31:33.136,12.85609,12.85792,0.00,0.00
2017.08.17 14:31:33.186,12.85562,12.85792,0.00,0.00
2017.08.17 14:31:33.237,12.85578,12.85831,0.00,0.00
2017.08.17 14:31:33.288,12.85578,12.85842,0.00,0.00
2017.08.17 14:31:33.389,12.85609,12.85842,0.00,0.00
2017.08.17 14:31:33.738,12.85628,12.85842,0.00,0.00
2017.08.17 14:31:34.023,12.85608,12.85842,0.00,0.00
2017.08.17 14:31:34.124,12.85578,12.85842,0.00,0.00
2017.08.17 14:31:34.326,12.85629,12.85842,0.00,0.00
2017.08.17 14:31:34.729,12.85598,12.85842,0.00,0.00
2017.08.17 14:31:34.886,12.85619,12.85842,0.00,0.00
2017.08.17 14:31:34.936,12.85578,12.85842,0.00,0.00
2017.08.17 14:31:35.325,12.85589,12.85842,0.00,0.00
2017.08.17 14:31:35.426,12.85578,12.85842,0.00,0.00
2017.08.17 14:31:35.527,12.85569,12.85789,0.00,0.00
2017.08.17 14:31:35.578,12.85569,12.85792,0.00,0.00
2017.08.17 14:31:35.629,12.85579,12.85799,0.00,0.00
2017.08.17 14:31:35.679,12.85579,12.85822,0.00,0.00
2017.08.17 14:31:35.806,12.85588,12.85793,0.00,0.00
2017.08.17 14:31:35.857,12.85588,12.85799,0.00,0.00
2017.08.17 14:31:35.908,12.85588,12.85818,0.00,0.00
2017.08.17 14:31:35.959,12.85588,12.85747,0.00,0.00
2017.08.17 14:31:36.010,12.855,12.85674,0.00,0.00
2017.08.17 14:31:36.061,12.855,12.85647,0.00,0.00
2017.08.17 14:31:36.163,12.855,12.85689,0.00,0.00
2017.08.17 14:31:36.213,12.855,12.85683,0.00,0.00
2017.08.17 14:31:36.264,12.855,12.85688,0.00,0.00
2017.08.17 14:31:36.416,12.855,12.85702,0.00,0.00
2017.08.17 14:31:36.467,12.855,12.85752,0.00,0.00
2017.08.17 14:31:36.621,12.855,12.85657,0.00,0.00
2017.08.17 14:31:37.132,12.855,12.85656,0.00,0.00
2017.08.17 14:31:37.284,12.855,12.85688,0.00,0.00
2017.08.17 14:31:37.334,12.855,12.85687,0.00,0.00
2017.08.17 14:31:37.551,12.855,12.85689,0.00,0.00
2017.08.17 14:31:37.763,12.855,12.85752,0.00,0.00
2017.08.17 14:31:37.814,12.85532,12.85752,0.00,0.00
2017.08.17 14:31:37.915,12.85598,12.85852,0.00,0.00
2017.08.17 14:31:38.117,12.85588,12.85852,0.00,0.00
2017.08.17 14:31:38.218,12.85588,12.85847,0.00,0.00
2017.08.17 14:31:38.537,12.85629,12.85783,0.00,0.00
2017.08.17 14:31:38.638,12.85539,12.85783,0.00,0.00
2017.08.17 14:31:38.739,12.855,12.85757,0.00,0.00
2017.08.17 14:31:38.914,12.85518,12.85757,0.00,0.00
2017.08.17 14:31:39.014,12.855,12.85757,0.00,0.00
2017.08.17 14:31:39.257,12.855,12.85694,0.00,0.00
2017.08.17 14:31:39.580,12.855,12.85656,0.00,0.00
2017.08.17 14:31:39.782,12.855,12.85692,0.00,0.00
2017.08.17 14:31:39.883,12.855,12.85702,0.00,0.00
2017.08.17 14:31:39.933,12.85508,12.85693,0.00,0.00
2017.08.17 14:31:40.077,12.855,12.85689,0.00,0.00
2017.08.17 14:31:40.128,12.855,12.85678,0.00,0.00
2017.08.17 14:31:40.458,12.855,12.85652,0.00,0.00
2017.08.17 14:31:41.223,12.855,12.85678,0.00,0.00
2017.08.17 14:31:41.324,12.855,12.85651,0.00,0.00
2017.08.17 14:31:41.576,12.855,12.85662,0.00,0.00
2017.08.17 14:31:43.017,12.855,12.85701,0.00,0.00
2017.08.17 14:31:43.118,12.855,12.85741,0.00,0.00
2017.08.17 14:31:43.169,12.85508,12.85758,0.00,0.00
2017.08.17 14:31:43.270,12.85518,12.85759,0.00,0.00
2017.08.17 14:31:43.526,12.85518,12.85762,0.00,0.00
2017.08.17 14:31:43.576,12.85529,12.85762,0.00,0.00
2017.08.17 14:31:43.728,12.85608,12.85858,0.00,0.00
2017.08.17 14:31:43.902,12.85608,12.85762,0.00,0.00
2017.08.17 14:31:43.953,12.85519,12.85762,0.00,0.00
2017.08.17 14:31:44.055,12.855,12.85762,0.00,0.00
2017.08.17 14:31:44.305,12.85549,12.85782,0.00,0.00
2017.08.17 14:31:44.456,12.85618,12.85862,0.00,0.00
2017.08.17 14:31:44.638,12.85598,12.85852,0.00,0.00
2017.08.17 14:31:44.689,12.85568,12.85779,0.00,0.00
2017.08.17 14:31:44.740,12.85558,12.85779,0.00,0.00
2017.08.17 14:31:44.841,12.85499,12.85761,0.00,0.00
2017.08.17 14:31:45.043,12.85508,12.85761,0.00,0.00
2017.08.17 14:31:45.144,12.85499,12.85761,0.00,0.00
2017.08.17 14:31:45.445,12.85509,12.85761,0.00,0.00
2017.08.17 14:31:45.861,12.85538,12.85761,0.00,0.00
2017.08.17 14:31:45.962,12.85528,12.85761,0.00,0.00
2017.08.17 14:31:46.083,12.85508,12.85761,0.00,0.00
2017.08.17 14:31:46.185,12.85499,12.85761,0.00,0.00
2017.08.17 14:31:46.236,12.85489,12.85712,0.00,0.00
2017.08.17 14:31:46.388,12.85448,12.85678,0.00,0.00
2017.08.17 14:31:46.439,12.85398,12.85662,0.00,0.00
2017.08.17 14:31:46.744,12.85429,12.85662,0.00,0.00
2017.08.17 14:31:46.846,12.85398,12.85652,0.00,0.00
2017.08.17 14:31:47.196,12.85408,12.85662,0.00,0.00
2017.08.17 14:31:47.499,12.85449,12.85711,0.00,0.00
2017.08.17 14:31:47.550,12.85482,12.85711,0.00,0.00
2017.08.17 14:31:47.651,12.85499,12.85759,0.00,0.00
2017.08.17 14:31:47.857,12.85499,12.85732,0.00,0.00
2017.08.17 14:31:48.175,12.85448,12.85678,0.00,0.00
2017.08.17 14:31:48.276,12.85399,12.85661,0.00,0.00
2017.08.17 14:31:48.797,12.85498,12.85662,0.00,0.00
2017.08.17 14:31:48.898,12.85498,12.85689,0.00,0.00
2017.08.17 14:31:49.212,12.85498,12.85699,0.00,0.00
2017.08.17 14:31:49.314,12.85498,12.85719,0.00,0.00
2017.08.17 14:31:49.465,12.85459,12.85688,0.00,0.00
2017.08.17 14:31:49.516,12.85481,12.85699,0.00,0.00
2017.08.17 14:31:49.617,12.85428,12.85659,0.00,0.00
2017.08.17 14:31:49.668,12.85398,12.85659,0.00,0.00
2017.08.17 14:31:49.769,12.85348,12.85559,0.00,0.00
2017.08.17 14:31:49.898,12.85331,12.85559,0.00,0.00
2017.08.17 14:31:49.950,12.85299,12.85489,0.00,0.00
2017.08.17 14:31:50.000,12.85299,12.85542,0.00,0.00
2017.08.17 14:31:50.102,12.85299,12.85519,0.00,0.00
2017.08.17 14:31:50.153,12.85299,12.85542,0.00,0.00
2017.08.17 14:31:50.204,12.85309,12.85558,0.00,0.00
2017.08.17 14:31:50.306,12.85299,12.85559,0.00,0.00
2017.08.17 14:31:50.603,12.85348,12.85558,0.00,0.00
2017.08.17 14:31:50.704,12.85382,12.85602,0.00,0.00
2017.08.17 14:31:50.755,12.85432,12.85602,0.00,0.00
2017.08.17 14:31:50.806,12.85431,12.85659,0.00,0.00
2017.08.17 14:31:50.907,12.85428,12.85662,0.00,0.00
2017.08.17 14:31:50.958,12.85428,12.85658,0.00,0.00
2017.08.17 14:31:51.008,12.85408,12.85658,0.00,0.00
2017.08.17 14:31:51.109,12.85398,12.85632,0.00,0.00
2017.08.17 14:31:51.281,12.85348,12.85612,0.00,0.00
2017.08.17 14:31:51.332,12.85348,12.85548,0.00,0.00
2017.08.17 14:31:51.506,12.85299,12.85531,0.00,0.00
2017.08.17 14:31:51.565,12.85299,12.85548,0.00,0.00
2017.08.17 14:31:51.818,12.85299,12.85542,0.00,0.00
2017.08.17 14:31:51.919,12.85299,12.85549,0.00,0.00
2017.08.17 14:31:52.597,12.85299,12.85542,0.00,0.00
2017.08.17 14:31:52.914,12.85398,12.85619,0.00,0.00
2017.08.17 14:31:53.642,12.85398,12.85618,0.00,0.00
2017.08.17 14:31:54.170,12.85449,12.85659,0.00,0.00
2017.08.17 14:31:54.226,12.85428,12.85659,0.00,0.00
2017.08.17 14:31:54.328,12.85399,12.85659,0.00,0.00
2017.08.17 14:31:54.530,12.85399,12.85651,0.00,0.00
2017.08.17 14:31:54.631,12.85399,12.85658,0.00,0.00
2017.08.17 14:31:54.732,12.85359,12.85559,0.00,0.00
2017.08.17 14:31:54.833,12.85398,12.85599,0.00,0.00
2017.08.17 14:31:55.041,12.85352,12.85611,0.00,0.00
2017.08.17 14:31:55.092,12.85318,12.85558,0.00,0.00
2017.08.17 14:31:55.193,12.85298,12.85559,0.00,0.00
2017.08.17 14:31:55.308,12.85298,12.85552,0.00,0.00
2017.08.17 14:31:55.409,12.85298,12.85559,0.00,0.00
2017.08.17 14:31:55.510,12.85338,12.85559,0.00,0.00
2017.08.17 14:31:55.611,12.85298,12.85558,0.00,0.00
2017.08.17 14:31:55.930,12.85348,12.85559,0.00,0.00
2017.08.17 14:31:55.981,12.85351,12.85592,0.00,0.00
2017.08.17 14:31:56.032,12.85398,12.85648,0.00,0.00
2017.08.17 14:31:56.133,12.85408,12.85648,0.00,0.00
2017.08.17 14:31:56.234,12.85398,12.85648,0.00,0.00
2017.08.17 14:31:56.335,12.85398,12.85631,0.00,0.00
2017.08.17 14:31:56.436,12.85408,12.85648,0.00,0.00
2017.08.17 14:31:56.537,12.85399,12.85649,0.00,0.00
2017.08.17 14:31:56.591,12.85398,12.85642,0.00,0.00
2017.08.17 14:31:56.898,12.85399,12.85648,0.00,0.00
2017.08.17 14:31:56.999,12.85413,12.85649,0.00,0.00
2017.08.17 14:31:57.100,12.85398,12.85649,0.00,0.00
2017.08.17 14:31:57.201,12.85398,12.85632,0.00,0.00
2017.08.17 14:31:57.402,12.85403,12.85649,0.00,0.00
2017.08.17 14:31:57.493,12.85398,12.85642,0.00,0.00
2017.08.17 14:31:57.794,12.85398,12.85631,0.00,0.00
2017.08.17 14:31:58.145,12.85398,12.85648,0.00,0.00
2017.08.17 14:31:58.198,12.85493,12.85682,0.00,0.00
2017.08.17 14:31:58.299,12.85493,12.85688,0.00,0.00
2017.08.17 14:31:58.350,12.85448,12.85688,0.00,0.00
2017.08.17 14:31:58.501,12.85431,12.85662,0.00,0.00
2017.08.17 14:31:58.805,12.85494,12.85719,0.00,0.00
2017.08.17 14:31:58.981,12.85468,12.85719,0.00,0.00
2017.08.17 14:31:59.135,12.85468,12.85699,0.00,0.00
2017.08.17 14:31:59.399,12.85468,12.85719,0.00,0.00
2017.08.17 14:31:59.501,12.85468,12.85699,0.00,0.00
2017.08.17 14:31:59.821,12.85468,12.85712,0.00,0.00
2017.08.17 14:32:00.050,12.85468,12.85731,0.00,0.00
2017.08.17 14:32:00.101,12.85527,12.85731,0.00,0.00
2017.08.17 14:32:00.151,12.85547,12.85761,0.00,0.00
2017.08.17 14:32:00.202,12.85564,12.85761,0.00,0.00
2017.08.17 14:32:00.253,12.85564,12.85801,0.00,0.00
2017.08.17 14:32:00.303,12.85647,12.85801,0.00,0.00
2017.08.17 14:32:00.354,12.85631,12.85832,0.00,0.00
2017.08.17 14:32:00.406,12.85598,12.85799,0.00,0.00
2017.08.17 14:32:00.507,12.85568,12.85832,0.00,0.00
2017.08.17 14:32:00.608,12.85664,12.85822,0.00,0.00
2017.08.17 14:32:00.818,12.85668,12.85931,0.00,0.00
2017.08.17 14:32:01.120,12.85668,12.85911,0.00,0.00
2017.08.17 14:32:01.322,12.85669,12.85931,0.00,0.00
2017.08.17 14:32:01.423,12.85669,12.85922,0.00,0.00
2017.08.17 14:32:01.957,12.85679,12.85931,0.00,0.00
2017.08.17 14:32:02.164,12.85629,12.85882,0.00,0.00
2017.08.17 14:32:02.265,12.85632,12.85858,0.00,0.00
2017.08.17 14:32:02.430,12.85668,12.85912,0.00,0.00
2017.08.17 14:32:02.531,12.85679,12.85918,0.00,0.00
2017.08.17 14:32:02.733,12.85579,12.85832,0.00,0.00
2017.08.17 14:32:02.784,12.85579,12.85819,0.00,0.00
2017.08.17 14:32:02.835,12.85569,12.85832,0.00,0.00
2017.08.17 14:32:02.886,12.85622,12.85851,0.00,0.00
2017.08.17 14:32:03.058,12.85638,12.85882,0.00,0.00
2017.08.17 14:32:03.114,12.85668,12.85922,0.00,0.00
2017.08.17 14:32:03.165,12.85668,12.85932,0.00,0.00
2017.08.17 14:32:03.266,12.85678,12.85932,0.00,0.00
2017.08.17 14:32:03.770,12.85679,12.85932,0.00,0.00
2017.08.17 14:32:04.119,12.85728,12.85981,0.00,0.00
2017.08.17 14:32:04.225,12.85719,12.85981,0.00,0.00
2017.08.17 14:32:04.525,12.85729,12.85981,0.00,0.00
2017.08.17 14:32:04.727,12.85768,12.86032,0.00,0.00
2017.08.17 14:32:04.778,12.85768,12.86019,0.00,0.00
2017.08.17 14:32:05.117,12.85768,12.86002,0.00,0.00
2017.08.17 14:32:05.168,12.85769,12.86032,0.00,0.00
2017.08.17 14:32:05.269,12.85798,12.86032,0.00,0.00
2017.08.17 14:32:05.572,12.85768,12.86022,0.00,0.00
2017.08.17 14:32:05.774,12.85729,12.85932,0.00,0.00
2017.08.17 14:32:05.988,12.85669,12.85932,0.00,0.00
2017.08.17 14:32:06.089,12.85659,12.85879,0.00,0.00
2017.08.17 14:32:06.241,12.85608,12.85831,0.00,0.00
2017.08.17 14:32:06.342,12.85569,12.85831,0.00,0.00
2017.08.17 14:32:06.444,12.85602,12.85831,0.00,0.00
2017.08.17 14:32:06.494,12.85569,12.85831,0.00,0.00
2017.08.17 14:32:06.545,12.85632,12.85841,0.00,0.00
2017.08.17 14:32:06.764,12.85721,12.85932,0.00,0.00
2017.08.17 14:32:06.915,12.85708,12.85932,0.00,0.00
2017.08.17 14:32:07.067,12.85668,12.85932,0.00,0.00
2017.08.17 14:32:07.135,12.85668,12.85912,0.00,0.00
2017.08.17 14:32:07.236,12.85668,12.85919,0.00,0.00
2017.08.17 14:32:07.437,12.85668,12.85912,0.00,0.00
2017.08.17 14:32:07.649,12.85668,12.85932,0.00,0.00
2017.08.17 14:32:07.700,12.85678,12.85932,0.00,0.00
2017.08.17 14:32:07.750,12.85669,12.85932,0.00,0.00
2017.08.17 14:32:07.836,12.85678,12.85932,0.00,0.00
2017.08.17 14:32:08.661,12.85668,12.85932,0.00,0.00
2017.08.17 14:32:09.041,12.85722,12.85942,0.00,0.00
2017.08.17 14:32:09.192,12.85768,12.85998,0.00,0.00
2017.08.17 14:32:09.445,12.85768,12.86032,0.00,0.00
2017.08.17 14:32:10.346,12.85788,12.86032,0.00,0.00
2017.08.17 14:32:10.649,12.85701,12.85932,0.00,0.00
2017.08.17 14:32:10.834,12.85688,12.85932,0.00,0.00
2017.08.17 14:32:10.985,12.85668,12.85932,0.00,0.00
2017.08.17 14:32:11.486,12.85698,12.85932,0.00,0.00
2017.08.17 14:32:11.814,12.85709,12.85932,0.00,0.00
2017.08.17 14:32:12.004,12.85699,12.85932,0.00,0.00
2017.08.17 14:32:12.104,12.85669,12.85932,0.00,0.00
2017.08.17 14:32:12.156,12.85688,12.85932,0.00,0.00
2017.08.17 14:32:12.476,12.85768,12.85982,0.00,0.00
2017.08.17 14:32:12.584,12.85768,12.85999,0.00,0.00
2017.08.17 14:32:12.733,12.85768,12.85988,0.00,0.00
2017.08.17 14:32:13.123,12.85668,12.85932,0.00,0.00
2017.08.17 14:32:13.507,12.85668,12.85921,0.00,0.00
2017.08.17 14:32:13.662,12.85668,12.85932,0.00,0.00
2017.08.17 14:32:13.762,12.85668,12.85922,0.00,0.00
2017.08.17 14:32:14.087,12.85628,12.85832,0.00,0.00
2017.08.17 14:32:14.188,12.85568,12.85832,0.00,0.00
2017.08.17 14:32:14.255,12.85618,12.85841,0.00,0.00
2017.08.17 14:32:14.501,12.85651,12.85882,0.00,0.00
2017.08.17 14:32:14.552,12.85668,12.85921,0.00,0.00
2017.08.17 14:32:14.603,12.85668,12.85931,0.00,0.00
2017.08.17 14:32:14.703,12.85699,12.85932,0.00,0.00
2017.08.17 14:32:15.006,12.85718,12.85932,0.00,0.00
2017.08.17 14:32:15.108,12.85669,12.85932,0.00,0.00
2017.08.17 14:32:15.192,12.85679,12.85932,0.00,0.00
2017.08.17 14:32:15.508,12.85758,12.85982,0.00,0.00
2017.08.17 14:32:15.609,12.85738,12.85982,0.00,0.00
2017.08.17 14:32:15.660,12.85769,12.85989,0.00,0.00
2017.08.17 14:32:15.869,12.85769,12.86018,0.00,0.00
2017.08.17 14:32:16.020,12.85758,12.85982,0.00,0.00
2017.08.17 14:32:16.224,12.85752,12.85982,0.00,0.00
2017.08.17 14:32:16.274,12.85768,12.85988,0.00,0.00
2017.08.17 14:32:16.426,12.85758,12.85982,0.00,0.00
2017.08.17 14:32:16.569,12.85732,12.85982,0.00,0.00
2017.08.17 14:32:16.970,12.85738,12.85982,0.00,0.00
2017.08.17 14:32:17.171,12.85768,12.86022,0.00,0.00
2017.08.17 14:32:17.302,12.85768,12.86032,0.00,0.00
2017.08.17 14:32:17.403,12.85809,12.86032,0.00,0.00
2017.08.17 14:32:17.571,12.85778,12.86032,0.00,0.00
2017.08.17 14:32:17.871,12.85798,12.86032,0.00,0.00
2017.08.17 14:32:18.174,12.85768,12.86032,0.00,0.00
2017.08.17 14:32:18.411,12.85768,12.85981,0.00,0.00
2017.08.17 14:32:18.568,12.85752,12.85981,0.00,0.00
2017.08.17 14:32:18.619,12.85768,12.86002,0.00,0.00
2017.08.17 14:32:18.673,12.85768,12.86021,0.00,0.00
2017.08.17 14:32:18.774,12.85779,12.86032,0.00,0.00
2017.08.17 14:32:19.082,12.85718,12.85932,0.00,0.00
2017.08.17 14:32:19.183,12.85668,12.85932,0.00,0.00
2017.08.17 14:32:19.389,12.85752,12.85942,0.00,0.00
2017.08.17 14:32:19.490,12.85768,12.86032,0.00,0.00
2017.08.17 14:32:19.541,12.85768,12.85989,0.00,0.00
2017.08.17 14:32:19.591,12.85748,12.85982,0.00,0.00
2017.08.17 14:32:19.693,12.85738,12.85982,0.00,0.00
2017.08.17 14:32:19.794,12.85718,12.85971,0.00,0.00
2017.08.17 14:32:19.844,12.85689,12.85941,0.00,0.00
2017.08.17 14:32:19.996,12.85679,12.85941,0.00,0.00
2017.08.17 14:32:20.097,12.85679,12.85931,0.00,0.00
2017.08.17 14:32:20.411,12.85668,12.85842,0.00,0.00
2017.08.17 14:32:20.512,12.85668,12.85852,0.00,0.00
2017.08.17 14:32:20.563,12.85621,12.85852,0.00,0.00
2017.08.17 14:32:20.613,12.85651,12.85882,0.00,0.00
2017.08.17 14:32:20.664,12.85668,12.85902,0.00,0.00
2017.08.17 14:32:20.715,12.85668,12.85898,0.00,0.00
2017.08.17 14:32:21.070,12.85639,12.85878,0.00,0.00
2017.08.17 14:32:21.171,12.85569,12.85831,0.00,0.00
2017.08.17 14:32:21.322,12.85569,12.85811,0.00,0.00
2017.08.17 14:32:21.524,12.85569,12.85822,0.00,0.00
2017.08.17 14:32:21.581,12.85578,12.85831,0.00,0.00
2017.08.17 14:32:21.884,12.85668,12.85888,0.00,0.00
2017.08.17 14:32:22.328,12.85619,12.85878,0.00,0.00
2017.08.17 14:32:22.378,12.85631,12.85859,0.00,0.00
2017.08.17 14:32:22.429,12.85639,12.85881,0.00,0.00
2017.08.17 14:32:22.530,12.85621,12.85851,0.00,0.00
2017.08.17 14:32:22.631,12.85622,12.85871,0.00,0.00
2017.08.17 14:32:22.682,12.85618,12.85871,0.00,0.00
2017.08.17 14:32:22.783,12.85628,12.85882,0.00,0.00
2017.08.17 14:32:23.072,12.85629,12.85841,0.00,0.00
2017.08.17 14:32:23.275,12.85578,12.85821,0.00,0.00
2017.08.17 14:32:23.325,12.85628,12.85842,0.00,0.00
2017.08.17 14:32:23.427,12.85608,12.85842,0.00,0.00
2017.08.17 14:32:23.527,12.85578,12.85842,0.00,0.00
2017.08.17 14:32:23.628,12.85608,12.85842,0.00,0.00
2017.08.17 14:32:23.891,12.85578,12.85842,0.00,0.00
2017.08.17 14:32:23.994,12.85598,12.85842,0.00,0.00
2017.08.17 14:32:24.505,12.85578,12.85841,0.00,0.00
2017.08.17 14:32:25.138,12.85632,12.85822,0.00,0.00
2017.08.17 14:32:25.290,12.85669,12.85898,0.00,0.00
2017.08.17 14:32:25.391,12.85731,12.85932,0.00,0.00
2017.08.17 14:32:25.492,12.85699,12.85932,0.00,0.00
2017.08.17 14:32:25.592,12.85708,12.85932,0.00,0.00
2017.08.17 14:32:25.693,12.85668,12.85931,0.00,0.00
2017.08.17 14:32:25.744,12.85768,12.85931,0.00,0.00
2017.08.17 14:32:25.938,12.85768,12.85999,0.00,0.00
2017.08.17 14:32:26.053,12.85768,12.86019,0.00,0.00
2017.08.17 14:32:26.104,12.85768,12.86001,0.00,0.00
2017.08.17 14:32:26.205,12.85768,12.86018,0.00,0.00
2017.08.17 14:32:26.751,12.85768,12.86019,0.00,0.00
2017.08.17 14:32:26.802,12.85768,12.86011,0.00,0.00
2017.08.17 14:32:27.224,12.85768,12.86019,0.00,0.00
2017.08.17 14:32:27.325,12.85768,12.86011,0.00,0.00
2017.08.17 14:32:27.426,12.85768,12.86019,0.00,0.00
2017.08.17 14:32:27.866,12.85868,12.86051,0.00,0.00
2017.08.17 14:32:28.018,12.85868,12.86131,0.00,0.00
2017.08.17 14:32:28.119,12.85888,12.86132,0.00,0.00
2017.08.17 14:32:28.220,12.85878,12.86132,0.00,0.00
2017.08.17 14:32:28.321,12.85868,12.86122,0.00,0.00
2017.08.17 14:32:28.630,12.85889,12.86132,0.00,0.00
2017.08.17 14:32:28.697,12.85878,12.86132,0.00,0.00
2017.08.17 14:32:28.798,12.85888,12.86132,0.00,0.00
2017.08.17 14:32:28.899,12.85868,12.86132,0.00,0.00
2017.08.17 14:32:29.131,12.85868,12.86088,0.00,0.00
2017.08.17 14:32:29.182,12.85849,12.86088,0.00,0.00
2017.08.17 14:32:29.333,12.85858,12.86089,0.00,0.00
2017.08.17 14:32:29.652,12.85849,12.85988,0.00,0.00
2017.08.17 14:32:29.703,12.85739,12.85989,0.00,0.00
2017.08.17 14:32:30.200,12.85768,12.85988,0.00,0.00
2017.08.17 14:32:30.402,12.85731,12.85989,0.00,0.00
2017.08.17 14:32:30.617,12.85768,12.85989,0.00,0.00
2017.08.17 14:32:30.829,12.85748,12.85989,0.00,0.00
2017.08.17 14:32:30.930,12.85738,12.85988,0.00,0.00
2017.08.17 14:32:31.031,12.85732,12.85988,0.00,0.00
2017.08.17 14:32:31.442,12.85769,12.85989,0.00,0.00
2017.08.17 14:32:31.751,12.85709,12.85939,0.00,0.00
2017.08.17 14:32:31.802,12.85709,12.85889,0.00,0.00
2017.08.17 14:32:31.953,12.85658,12.85888,0.00,0.00
2017.08.17 14:32:32.306,12.85648,12.85889,0.00,0.00
2017.08.17 14:32:32.407,12.85668,12.85889,0.00,0.00
2017.08.17 14:32:32.719,12.85688,12.85888,0.00,0.00
2017.08.17 14:32:32.820,12.85678,12.85888,0.00,0.00
2017.08.17 14:32:32.921,12.85638,12.85889,0.00,0.00
2017.08.17 14:32:32.972,12.85638,12.85839,0.00,0.00
2017.08.17 14:32:33.022,12.85638,12.85852,0.00,0.00
2017.08.17 14:32:33.073,12.85638,12.85888,0.00,0.00
2017.08.17 14:32:33.124,12.85632,12.85882,0.00,0.00
2017.08.17 14:32:33.499,12.85648,12.85839,0.00,0.00
2017.08.17 14:32:33.650,12.85569,12.85789,0.00,0.00
2017.08.17 14:32:33.751,12.85548,12.85789,0.00,0.00
2017.08.17 14:32:34.159,12.85539,12.85788,0.00,0.00
2017.08.17 14:32:34.370,12.85568,12.85788,0.00,0.00
2017.08.17 14:32:34.697,12.85578,12.85788,0.00,0.00
2017.08.17 14:32:34.911,12.85559,12.85788,0.00,0.00
2017.08.17 14:32:35.236,12.85598,12.85789,0.00,0.00
2017.08.17 14:32:35.287,12.85598,12.85838,0.00,0.00
2017.08.17 14:32:35.415,12.85598,12.85791,0.00,0.00
2017.08.17 14:32:35.517,12.85588,12.85789,0.00,0.00
2017.08.17 14:32:35.612,12.85548,12.85789,0.00,0.00
2017.08.17 14:32:36.115,12.85598,12.85789,0.00,0.00
2017.08.17 14:32:36.216,12.85588,12.85789,0.00,0.00
2017.08.17 14:32:36.314,12.85558,12.85789,0.00,0.00
2017.08.17 14:32:36.574,12.85569,12.85789,0.00,0.00
2017.08.17 14:32:36.916,12.85548,12.85789,0.00,0.00
2017.08.17 14:32:37.017,12.85538,12.85788,0.00,0.00
2017.08.17 14:32:37.118,12.85568,12.85789,0.00,0.00
2017.08.17 14:32:37.442,12.85538,12.85791,0.00,0.00
2017.08.17 14:32:37.616,12.85579,12.85791,0.00,0.00
2017.08.17 14:32:37.717,12.85548,12.85791,0.00,0.00
2017.08.17 14:32:38.237,12.85538,12.85791,0.00,0.00
2017.08.17 14:32:38.746,12.85569,12.85791,0.00,0.00
2017.08.17 14:32:38.948,12.85539,12.85791,0.00,0.00
2017.08.17 14:32:39.019,12.85558,12.85791,0.00,0.00
2017.08.17 14:32:39.120,12.85549,12.85791,0.00,0.00
2017.08.17 14:32:39.221,12.85538,12.85791,0.00,0.00
2017.08.17 14:32:39.319,12.85531,12.85791,0.00,0.00
2017.08.17 14:32:39.525,12.85568,12.85791,0.00,0.00
2017.08.17 14:32:39.843,12.85578,12.85791,0.00,0.00
2017.08.17 14:32:40.134,12.85559,12.85791,0.00,0.00
2017.08.17 14:32:40.221,12.85578,12.85791,0.00,0.00
2017.08.17 14:32:40.339,12.85632,12.85852,0.00,0.00
2017.08.17 14:32:40.390,12.85632,12.85808,0.00,0.00
2017.08.17 14:32:40.440,12.85631,12.85831,0.00,0.00
2017.08.17 14:32:40.535,12.85632,12.85892,0.00,0.00
2017.08.17 14:32:40.636,12.85669,12.85902,0.00,0.00
2017.08.17 14:32:40.938,12.85608,12.85852,0.00,0.00
2017.08.17 14:32:41.039,12.85598,12.85852,0.00,0.00
2017.08.17 14:32:41.122,12.85632,12.85852,0.00,0.00
2017.08.17 14:32:41.173,12.85632,12.85882,0.00,0.00
2017.08.17 14:32:41.274,12.85631,12.85902,0.00,0.00
2017.08.17 14:32:41.324,12.85658,12.85791,0.00,0.00
2017.08.17 14:32:41.457,12.85568,12.85791,0.00,0.00
2017.08.17 14:32:42.014,12.85569,12.85791,0.00,0.00
2017.08.17 14:32:42.172,12.85549,12.85791,0.00,0.00
2017.08.17 14:32:42.625,12.85578,12.85791,0.00,0.00
2017.08.17 14:32:43.137,12.85538,12.85791,0.00,0.00
2017.08.17 14:32:43.339,12.85568,12.85791,0.00,0.00
2017.08.17 14:32:43.452,12.85558,12.85791,0.00,0.00
2017.08.17 14:32:43.553,12.85539,12.85791,0.00,0.00
2017.08.17 14:32:43.759,12.85548,12.85791,0.00,0.00
2017.08.17 14:32:44.084,12.85631,12.85851,0.00,0.00
2017.08.17 14:32:44.135,12.85638,12.85888,0.00,0.00
2017.08.17 14:32:44.186,12.85638,12.85899,0.00,0.00
2017.08.17 14:32:44.236,12.85649,12.85899,0.00,0.00
2017.08.17 14:32:44.655,12.85659,12.85902,0.00,0.00
2017.08.17 14:32:45.244,12.85669,12.85902,0.00,0.00
2017.08.17 14:32:45.446,12.85658,12.85902,0.00,0.00
2017.08.17 14:32:45.530,12.85632,12.85902,0.00,0.00
2017.08.17 14:32:45.861,12.85638,12.85902,0.00,0.00
2017.08.17 14:32:46.163,12.85659,12.85902,0.00,0.00
2017.08.17 14:32:46.673,12.85631,12.85902,0.00,0.00
2017.08.17 14:32:46.881,12.85659,12.85902,0.00,0.00
2017.08.17 14:32:47.134,12.85638,12.85902,0.00,0.00
2017.08.17 14:32:47.235,12.85668,12.85902,0.00,0.00
2017.08.17 14:32:47.661,12.85639,12.85902,0.00,0.00
2017.08.17 14:32:47.772,12.85632,12.85902,0.00,0.00
2017.08.17 14:32:47.874,12.85658,12.85902,0.00,0.00
2017.08.17 14:32:48.176,12.85678,12.85902,0.00,0.00
2017.08.17 14:32:48.277,12.85648,12.85902,0.00,0.00
2017.08.17 14:32:48.378,12.85638,12.85902,0.00,0.00
2017.08.17 14:32:48.758,12.85668,12.85902,0.00,0.00
2017.08.17 14:32:49.233,12.85731,12.85951,0.00,0.00
2017.08.17 14:32:49.284,12.85731,12.85961,0.00,0.00
2017.08.17 14:32:49.385,12.85731,12.85972,0.00,0.00
2017.08.17 14:32:49.486,12.85748,12.86002,0.00,0.00
2017.08.17 14:32:49.779,12.85738,12.86002,0.00,0.00
2017.08.17 14:32:49.880,12.85768,12.86002,0.00,0.00
2017.08.17 14:32:49.981,12.85739,12.86002,0.00,0.00
2017.08.17 14:32:50.184,12.85732,12.85982,0.00,0.00
2017.08.17 14:32:50.543,12.85731,12.85951,0.00,0.00
2017.08.17 14:32:50.594,12.85708,12.85951,0.00,0.00
2017.08.17 14:32:50.645,12.85701,12.85951,0.00,0.00
2017.08.17 14:32:50.695,12.85678,12.85901,0.00,0.00
2017.08.17 14:32:50.746,12.85658,12.85901,0.00,0.00
2017.08.17 14:32:50.797,12.85732,12.85901,0.00,0.00
2017.08.17 14:32:50.847,12.85721,12.85901,0.00,0.00
2017.08.17 14:32:50.898,12.85732,12.85902,0.00,0.00
2017.08.17 14:32:50.949,12.85749,12.86001,0.00,0.00
2017.08.17 14:32:51.101,12.85749,12.85989,0.00,0.00
2017.08.17 14:32:51.152,12.85731,12.85992,0.00,0.00
2017.08.17 14:32:51.202,12.85708,12.85898,0.00,0.00
2017.08.17 14:32:51.253,12.85601,12.85859,0.00,0.00
2017.08.17 14:32:51.304,12.85601,12.85852,0.00,0.00
2017.08.17 14:32:51.467,12.85631,12.85889,0.00,0.00
2017.08.17 14:32:51.568,12.85631,12.85902,0.00,0.00
2017.08.17 14:32:51.619,12.85631,12.85889,0.00,0.00
2017.08.17 14:32:51.995,12.85632,12.85902,0.00,0.00
2017.08.17 14:32:52.046,12.85648,12.85902,0.00,0.00
2017.08.17 14:32:52.315,12.85631,12.85892,0.00,0.00
2017.08.17 14:32:52.466,12.85638,12.85899,0.00,0.00
2017.08.17 14:32:52.952,12.85632,12.85881,0.00,0.00
2017.08.17 14:32:53.002,12.85599,12.85851,0.00,0.00
2017.08.17 14:32:53.053,12.85599,12.85809,0.00,0.00
2017.08.17 14:32:53.154,12.85572,12.85802,0.00,0.00
2017.08.17 14:32:53.679,12.85572,12.85798,0.00,0.00
2017.08.17 14:32:53.830,12.85571,12.85802,0.00,0.00
2017.08.17 14:32:53.948,12.85579,12.85802,0.00,0.00
2017.08.17 14:32:54.169,12.85579,12.85852,0.00,0.00
2017.08.17 14:32:54.229,12.85631,12.85852,0.00,0.00
2017.08.17 14:32:54.280,12.85631,12.85892,0.00,0.00
2017.08.17 14:32:54.482,12.85731,12.85971,0.00,0.00
2017.08.17 14:32:54.583,12.85731,12.85999,0.00,0.00
2017.08.17 14:32:54.684,12.85732,12.85982,0.00,0.00
2017.08.17 14:32:54.751,12.85732,12.85998,0.00,0.00
2017.08.17 14:32:54.802,12.85732,12.85988,0.00,0.00
2017.08.17 14:32:55.206,12.85731,12.86002,0.00,0.00
2017.08.17 14:32:55.358,12.85779,12.86002,0.00,0.00
2017.08.17 14:32:55.459,12.85739,12.86002,0.00,0.00
2017.08.17 14:32:55.560,12.85731,12.86002,0.00,0.00
2017.08.17 14:32:56.079,12.85732,12.86002,0.00,0.00
2017.08.17 14:32:56.180,12.85748,12.85989,0.00,0.00
2017.08.17 14:32:56.281,12.85658,12.85902,0.00,0.00
2017.08.17 14:32:56.697,12.85648,12.85902,0.00,0.00
2017.08.17 14:32:56.799,12.85632,12.85902,0.00,0.00
2017.08.17 14:32:56.855,12.85638,12.85902,0.00,0.00
2017.08.17 14:32:57.211,12.85668,12.85902,0.00,0.00
2017.08.17 14:32:57.605,12.85632,12.85902,0.00,0.00
2017.08.17 14:32:57.656,12.85628,12.85851,0.00,0.00
2017.08.17 14:32:57.873,12.85548,12.85792,0.00,0.00
2017.08.17 14:32:58.085,12.85578,12.85792,0.00,0.00
2017.08.17 14:32:58.584,12.85622,12.85832,0.00,0.00
2017.08.17 14:32:58.806,12.85621,12.85851,0.00,0.00
2017.08.17 14:32:58.958,12.85608,12.85851,0.00,0.00
2017.08.17 14:32:59.109,12.85602,12.85851,0.00,0.00
2017.08.17 14:32:59.160,12.85631,12.85862,0.00,0.00
2017.08.17 14:32:59.261,12.85631,12.85901,0.00,0.00
2017.08.17 14:32:59.362,12.85649,12.85901,0.00,0.00
2017.08.17 14:32:59.665,12.85631,12.85901,0.00,0.00
2017.08.17 14:32:59.761,12.85702,12.85901,0.00,0.00
2017.08.17 14:32:59.997,12.85679,12.85901,0.00,0.00
2017.08.17 14:33:00.098,12.85689,12.85901,0.00,0.00
2017.08.17 14:33:00.148,12.85731,12.85971,0.00,0.00
2017.08.17 14:33:00.199,12.85731,12.85931,0.00,0.00
2017.08.17 14:33:00.300,12.85749,12.86001,0.00,0.00
2017.08.17 14:33:00.502,12.85739,12.86001,0.00,0.00
2017.08.17 14:33:00.564,12.85739,12.85991,0.00,0.00
2017.08.17 14:33:00.868,12.85748,12.86001,0.00,0.00
2017.08.17 14:33:01.212,12.85739,12.86001,0.00,0.00
2017.08.17 14:33:01.414,12.85748,12.86001,0.00,0.00
2017.08.17 14:33:02.272,12.85739,12.86001,0.00,0.00
2017.08.17 14:33:02.393,12.85758,12.86001,0.00,0.00
2017.08.17 14:33:02.587,12.85748,12.86001,0.00,0.00
2017.08.17 14:33:02.773,12.85759,12.86001,0.00,0.00
2017.08.17 14:33:03.275,12.85749,12.86001,0.00,0.00
2017.08.17 14:33:03.376,12.85759,12.86001,0.00,0.00
2017.08.17 14:33:03.720,12.85759,12.85902,0.00,0.00
2017.08.17 14:33:03.771,12.85739,12.85902,0.00,0.00
2017.08.17 14:33:03.872,12.85658,12.85902,0.00,0.00
2017.08.17 14:33:03.973,12.85688,12.85902,0.00,0.00
2017.08.17 14:33:04.124,12.85731,12.85952,0.00,0.00
2017.08.17 14:33:04.275,12.85759,12.86002,0.00,0.00
2017.08.17 14:33:04.606,12.85738,12.86002,0.00,0.00
2017.08.17 14:33:05.077,12.85769,12.86002,0.00,0.00
2017.08.17 14:33:05.178,12.85758,12.86002,0.00,0.00
2017.08.17 14:33:05.279,12.85738,12.86002,0.00,0.00
2017.08.17 14:33:05.513,12.85728,12.85914,0.00,0.00
2017.08.17 14:33:05.614,12.85719,12.85906,0.00,0.00
2017.08.17 14:33:05.715,12.85639,12.85906,0.00,0.00
2017.08.17 14:33:05.897,12.85659,12.85906,0.00,0.00
2017.08.17 14:33:05.998,12.85639,12.85906,0.00,0.00
2017.08.17 14:33:06.200,12.85639,12.85894,0.00,0.00
2017.08.17 14:33:06.502,12.85638,12.85877,0.00,0.00
2017.08.17 14:33:06.604,12.85648,12.85899,0.00,0.00
2017.08.17 14:33:06.655,12.85648,12.85902,0.00,0.00
2017.08.17 14:33:06.913,12.85659,12.85902,0.00,0.00
2017.08.17 14:33:07.233,12.85659,12.85893,0.00,0.00
2017.08.17 14:33:07.284,12.85638,12.85893,0.00,0.00
2017.08.17 14:33:07.492,12.85648,12.85902,0.00,0.00
2017.08.17 14:33:07.913,12.85659,12.85902,0.00,0.00
2017.08.17 14:33:08.293,12.85639,12.85902,0.00,0.00
2017.08.17 14:33:08.624,12.85658,12.85902,0.00,0.00
2017.08.17 14:33:08.926,12.85738,12.85999,0.00,0.00
2017.08.17 14:33:09.078,12.85738,12.85989,0.00,0.00
2017.08.17 14:33:09.304,12.85738,12.86001,0.00,0.00
2017.08.17 14:33:09.579,12.85738,12.85982,0.00,0.00
2017.08.17 14:33:09.906,12.85738,12.85992,0.00,0.00
2017.08.17 14:33:10.007,12.85738,12.85972,0.00,0.00
2017.08.17 14:33:10.058,12.85688,12.85952,0.00,0.00
2017.08.17 14:33:10.109,12.85688,12.85909,0.00,0.00
2017.08.17 14:33:10.253,12.85639,12.85901,0.00,0.00
2017.08.17 14:33:10.304,12.85701,12.85911,0.00,0.00
2017.08.17 14:33:10.405,12.85708,12.85952,0.00,0.00
2017.08.17 14:33:10.563,12.85708,12.85901,0.00,0.00
2017.08.17 14:33:10.715,12.85648,12.85901,0.00,0.00
2017.08.17 14:33:10.816,12.85639,12.85901,0.00,0.00
2017.08.17 14:33:10.984,12.85668,12.85901,0.00,0.00
2017.08.17 14:33:11.315,12.85639,12.85901,0.00,0.00
2017.08.17 14:33:11.416,12.85669,12.85901,0.00,0.00
2017.08.17 14:33:12.084,12.85639,12.85901,0.00,0.00
2017.08.17 14:33:12.185,12.85648,12.85901,0.00,0.00
2017.08.17 14:33:12.621,12.85639,12.85901,0.00,0.00
2017.08.17 14:33:13.186,12.85648,12.85901,0.00,0.00
2017.08.17 14:33:13.561,12.85659,12.85901,0.00,0.00
2017.08.17 14:33:13.613,12.85639,12.85901,0.00,0.00
2017.08.17 14:33:13.848,12.85619,12.85856,0.00,0.00
2017.08.17 14:33:14.000,12.85539,12.85806,0.00,0.00
2017.08.17 14:33:14.721,12.85559,12.85806,0.00,0.00
2017.08.17 14:33:14.891,12.85539,12.85806,0.00,0.00
2017.08.17 14:33:15.322,12.85549,12.85806,0.00,0.00
2017.08.17 14:33:15.740,12.85539,12.85802,0.00,0.00
2017.08.17 14:33:15.793,12.85548,12.85802,0.00,0.00
2017.08.17 14:33:16.095,12.85569,12.85802,0.00,0.00
2017.08.17 14:33:16.293,12.85539,12.85802,0.00,0.00
2017.08.17 14:33:16.444,12.85588,12.85809,0.00,0.00
2017.08.17 14:33:16.546,12.85638,12.85872,0.00,0.00
2017.08.17 14:33:16.596,12.85669,12.85888,0.00,0.00
2017.08.17 14:33:16.899,12.85599,12.85808,0.00,0.00
2017.08.17 14:33:17.000,12.85548,12.85801,0.00,0.00
2017.08.17 14:33:17.444,12.85578,12.85801,0.00,0.00
2017.08.17 14:33:17.646,12.85549,12.85801,0.00,0.00
2017.08.17 14:33:18.223,12.85569,12.85801,0.00,0.00
2017.08.17 14:33:18.527,12.85508,12.85752,0.00,0.00
2017.08.17 14:33:18.577,12.85508,12.85709,0.00,0.00
2017.08.17 14:33:18.628,12.85499,12.85702,0.00,0.00
2017.08.17 14:33:18.729,12.85468,12.85702,0.00,0.00
2017.08.17 14:33:18.931,12.85498,12.85702,0.00,0.00
2017.08.17 14:33:19.122,12.85458,12.85702,0.00,0.00
2017.08.17 14:33:19.223,12.85449,12.85702,0.00,0.00
2017.08.17 14:33:19.431,12.85488,12.85702,0.00,0.00
2017.08.17 14:33:19.641,12.85459,12.85702,0.00,0.00
2017.08.17 14:33:19.742,12.85478,12.85702,0.00,0.00
2017.08.17 14:33:19.994,12.85538,12.85772,0.00,0.00
2017.08.17 14:33:20.045,12.85538,12.85802,0.00,0.00
2017.08.17 14:33:20.193,12.85568,12.85802,0.00,0.00
2017.08.17 14:33:20.345,12.85539,12.85802,0.00,0.00
2017.08.17 14:33:20.604,12.85559,12.85802,0.00,0.00
2017.08.17 14:33:20.924,12.85559,12.85708,0.00,0.00
2017.08.17 14:33:21.020,12.85488,12.85708,0.00,0.00
2017.08.17 14:33:21.071,12.85469,12.85702,0.00,0.00
2017.08.17 14:33:21.425,12.85501,12.85751,0.00,0.00
2017.08.17 14:33:21.627,12.85518,12.85751,0.00,0.00
2017.08.17 14:33:21.751,12.85502,12.85751,0.00,0.00
2017.08.17 14:33:21.853,12.85508,12.85701,0.00,0.00
2017.08.17 14:33:21.954,12.85469,12.85701,0.00,0.00
2017.08.17 14:33:22.109,12.85458,12.85701,0.00,0.00
2017.08.17 14:33:22.352,12.85469,12.85701,0.00,0.00
2017.08.17 14:33:22.554,12.85459,12.85701,0.00,0.00
2017.08.17 14:33:22.611,12.85449,12.85701,0.00,0.00
2017.08.17 14:33:22.922,12.85478,12.85701,0.00,0.00
2017.08.17 14:33:23.212,12.85439,12.85701,0.00,0.00
2017.08.17 14:33:23.752,12.85458,12.85701,0.00,0.00
2017.08.17 14:33:24.055,12.85469,12.85701,0.00,0.00
2017.08.17 14:33:24.357,12.85439,12.85701,0.00,0.00
2017.08.17 14:33:24.715,12.85468,12.85701,0.00,0.00
2017.08.17 14:33:25.010,12.85489,12.85752,0.00,0.00
2017.08.17 14:33:25.060,12.85489,12.85708,0.00,0.00
2017.08.17 14:33:25.262,12.85539,12.85782,0.00,0.00
2017.08.17 14:33:25.313,12.85539,12.85759,0.00,0.00
2017.08.17 14:33:25.364,12.85548,12.85788,0.00,0.00
2017.08.17 14:33:25.464,12.85548,12.85802,0.00,0.00
2017.08.17 14:33:25.566,12.85538,12.85802,0.00,0.00
2017.08.17 14:33:25.667,12.85568,12.85802,0.00,0.00
2017.08.17 14:33:26.119,12.85559,12.85802,0.00,0.00
2017.08.17 14:33:26.225,12.85539,12.85802,0.00,0.00
2017.08.17 14:33:27.104,12.85539,12.85752,0.00,0.00
2017.08.17 14:33:27.356,12.85448,12.85701,0.00,0.00
2017.08.17 14:33:27.665,12.85478,12.85701,0.00,0.00
2017.08.17 14:33:27.723,12.85448,12.85701,0.00,0.00
2017.08.17 14:33:27.971,12.85478,12.85701,0.00,0.00
2017.08.17 14:33:28.276,12.85402,12.85602,0.00,0.00
2017.08.17 14:33:28.870,12.85402,12.85608,0.00,0.00
2017.08.17 14:33:28.921,12.85401,12.85631,0.00,0.00
2017.08.17 14:33:28.972,12.85408,12.85631,0.00,0.00
2017.08.17 14:33:29.174,12.85402,12.85631,0.00,0.00
2017.08.17 14:33:29.275,12.85409,12.85582,0.00,0.00
2017.08.17 14:33:29.478,12.85348,12.85532,0.00,0.00
2017.08.17 14:33:29.638,12.85298,12.85532,0.00,0.00
2017.08.17 14:33:29.689,12.85321,12.85559,0.00,0.00
2017.08.17 14:33:30.143,12.85328,12.85559,0.00,0.00
2017.08.17 14:33:30.463,12.85421,12.85659,0.00,0.00
2017.08.17 14:33:30.614,12.85458,12.85702,0.00,0.00
2017.08.17 14:33:30.665,12.85521,12.85702,0.00,0.00
2017.08.17 14:33:30.766,12.85521,12.85731,0.00,0.00
2017.08.17 14:33:30.867,12.85521,12.85749,0.00,0.00
2017.08.17 14:33:30.968,12.85572,12.85758,0.00,0.00
2017.08.17 14:33:31.019,12.85559,12.85759,0.00,0.00
2017.08.17 14:33:31.070,12.85608,12.85758,0.00,0.00
2017.08.17 14:33:31.231,12.85622,12.85801,0.00,0.00
2017.08.17 14:33:31.311,12.85622,12.85848,0.00,0.00
2017.08.17 14:33:31.778,12.85621,12.85842,0.00,0.00
2017.08.17 14:33:31.980,12.85622,12.85848,0.00,0.00
2017.08.17 14:33:32.236,12.85611,12.85849,0.00,0.00
2017.08.17 14:33:32.287,12.85611,12.85842,0.00,0.00
2017.08.17 14:33:32.582,12.85611,12.85848,0.00,0.00
2017.08.17 14:33:32.835,12.85608,12.85788,0.00,0.00
2017.08.17 14:33:32.886,12.85598,12.85798,0.00,0.00
2017.08.17 14:33:32.936,12.85598,12.85789,0.00,0.00
2017.08.17 14:33:32.987,12.85588,12.85802,0.00,0.00
2017.08.17 14:33:33.038,12.85588,12.85769,0.00,0.00
2017.08.17 14:33:33.136,12.85508,12.85768,0.00,0.00
2017.08.17 14:33:33.186,12.85508,12.85761,0.00,0.00
2017.08.17 14:33:33.509,12.85508,12.85752,0.00,0.00
2017.08.17 14:33:33.672,12.85508,12.85768,0.00,0.00
2017.08.17 14:33:33.774,12.85508,12.85742,0.00,0.00
2017.08.17 14:33:34.106,12.85508,12.85769,0.00,0.00
2017.08.17 14:33:34.642,12.85508,12.85768,0.00,0.00
2017.08.17 14:33:34.793,12.85508,12.85762,0.00,0.00
2017.08.17 14:33:35.094,12.85524,12.85769,0.00,0.00
2017.08.17 14:33:35.246,12.85512,12.85769,0.00,0.00
2017.08.17 14:33:35.466,12.85554,12.85782,0.00,0.00
2017.08.17 14:33:35.567,12.85538,12.85769,0.00,0.00
2017.08.17 14:33:35.668,12.85528,12.85769,0.00,0.00
2017.08.17 14:33:35.769,12.85512,12.85761,0.00,0.00
2017.08.17 14:33:35.870,12.85508,12.85761,0.00,0.00
2017.08.17 14:33:36.091,12.85508,12.85768,0.00,0.00
2017.08.17 14:33:36.195,12.85508,12.85761,0.00,0.00
2017.08.17 14:33:36.507,12.85508,12.85741,0.00,0.00
2017.08.17 14:33:36.558,12.85508,12.85762,0.00,0.00
2017.08.17 14:33:36.849,12.85508,12.85751,0.00,0.00
2017.08.17 14:33:37.152,12.85508,12.85731,0.00,0.00
2017.08.17 14:33:37.308,12.85508,12.85769,0.00,0.00
2017.08.17 14:33:37.358,12.85532,12.85768,0.00,0.00
2017.08.17 14:33:37.560,12.85609,12.85849,0.00,0.00
2017.08.17 14:33:37.863,12.85609,12.85841,0.00,0.00
2017.08.17 14:33:37.964,12.85609,12.85849,0.00,0.00
2017.08.17 14:33:38.115,12.85658,12.85849,0.00,0.00
2017.08.17 14:33:38.166,12.85671,12.85881,0.00,0.00
2017.08.17 14:33:38.298,12.85672,12.85898,0.00,0.00
2017.08.17 14:33:38.399,12.85638,12.85798,0.00,0.00
2017.08.17 14:33:38.500,12.85649,12.85849,0.00,0.00
2017.08.17 14:33:38.601,12.85579,12.85812,0.00,0.00
2017.08.17 14:33:38.702,12.85579,12.85831,0.00,0.00
2017.08.17 14:33:38.803,12.85579,12.85849,0.00,0.00
2017.08.17 14:33:38.853,12.85578,12.85768,0.00,0.00
2017.08.17 14:33:39.005,12.85521,12.85769,0.00,0.00
2017.08.17 14:33:39.398,12.85571,12.85759,0.00,0.00
2017.08.17 14:33:39.448,12.85558,12.85758,0.00,0.00
2017.08.17 14:33:39.499,12.85548,12.85759,0.00,0.00
2017.08.17 14:33:39.600,12.85539,12.85759,0.00,0.00
2017.08.17 14:33:39.701,12.85572,12.85762,0.00,0.00
2017.08.17 14:33:39.903,12.85671,12.85899,0.00,0.00
2017.08.17 14:33:40.150,12.85709,12.85922,0.00,0.00
2017.08.17 14:33:40.200,12.85709,12.85948,0.00,0.00
2017.08.17 14:33:40.251,12.85709,12.85919,0.00,0.00
2017.08.17 14:33:40.352,12.85668,12.85952,0.00,0.00
2017.08.17 14:33:40.403,12.85658,12.85852,0.00,0.00
2017.08.17 14:33:40.454,12.85621,12.85852,0.00,0.00
2017.08.17 14:33:40.505,12.85621,12.85842,0.00,0.00
2017.08.17 14:33:40.678,12.85549,12.85778,0.00,0.00
2017.08.17 14:33:40.793,12.85522,12.85778,0.00,0.00
2017.08.17 14:33:40.844,12.85522,12.85782,0.00,0.00
2017.08.17 14:33:40.895,12.85571,12.85799,0.00,0.00
2017.08.17 14:33:41.197,12.85621,12.85849,0.00,0.00
2017.08.17 14:33:41.516,12.85608,12.85799,0.00,0.00
2017.08.17 14:33:41.567,12.85608,12.85821,0.00,0.00
2017.08.17 14:33:41.668,12.85608,12.85848,0.00,0.00
2017.08.17 14:33:42.221,12.85608,12.85842,0.00,0.00
2017.08.17 14:33:42.392,12.85608,12.85849,0.00,0.00
2017.08.17 14:33:42.950,12.85608,12.85848,0.00,0.00
2017.08.17 14:33:43.535,12.85608,12.85849,0.00,0.00
2017.08.17 14:33:43.586,12.85608,12.85831,0.00,0.00
2017.08.17 14:33:43.687,12.85608,12.85849,0.00,0.00
2017.08.17 14:33:44.092,12.85659,12.85898,0.00,0.00
2017.08.17 14:33:44.193,12.85679,12.85949,0.00,0.00
2017.08.17 14:33:44.243,12.85709,12.85949,0.00,0.00
2017.08.17 14:33:44.754,12.85709,12.85948,0.00,0.00
2017.08.17 14:33:45.333,12.85709,12.85949,0.00,0.00
2017.08.17 14:33:45.662,12.85608,12.85841,0.00,0.00
2017.08.17 14:33:45.814,12.85608,12.85849,0.00,0.00
2017.08.17 14:33:46.124,12.85608,12.85789,0.00,0.00
2017.08.17 14:33:46.225,12.85532,12.85788,0.00,0.00
2017.08.17 14:33:46.276,12.85609,12.85801,0.00,0.00
2017.08.17 14:33:46.392,12.85521,12.85749,0.00,0.00
2017.08.17 14:33:46.694,12.85529,12.85749,0.00,0.00
2017.08.17 14:33:47.084,12.85521,12.85749,0.00,0.00
2017.08.17 14:33:47.286,12.85529,12.85748,0.00,0.00
2017.08.17 14:33:47.620,12.85528,12.85639,0.00,0.00
2017.08.17 14:33:47.722,12.85419,12.85638,0.00,0.00
2017.08.17 14:33:47.823,12.85419,12.85618,0.00,0.00
2017.08.17 14:33:47.974,12.85419,12.85638,0.00,0.00
2017.08.17 14:33:48.504,12.85419,12.85639,0.00,0.00
2017.08.17 14:33:48.606,12.85398,12.85588,0.00,0.00
2017.08.17 14:33:48.808,12.85351,12.85589,0.00,0.00
2017.08.17 14:33:48.858,12.85329,12.85559,0.00,0.00
2017.08.17 14:33:49.214,12.85349,12.85559,0.00,0.00
2017.08.17 14:33:49.493,12.85318,12.85549,0.00,0.00
2017.08.17 14:33:49.547,12.85308,12.85542,0.00,0.00
2017.08.17 14:33:49.598,12.85302,12.85542,0.00,0.00
2017.08.17 14:33:50.118,12.85301,12.85542,0.00,0.00
2017.08.17 14:33:50.188,12.85308,12.85542,0.00,0.00
2017.08.17 14:33:50.289,12.85301,12.85542,0.00,0.00
2017.08.17 14:33:50.415,12.85319,12.85542,0.00,0.00
2017.08.17 14:33:50.718,12.85279,12.85449,0.00,0.00
2017.08.17 14:33:50.819,12.85219,12.85442,0.00,0.00
2017.08.17 14:33:50.940,12.85252,12.85448,0.00,0.00
2017.08.17 14:33:50.991,12.85228,12.85448,0.00,0.00
2017.08.17 14:33:51.042,12.85302,12.85512,0.00,0.00
2017.08.17 14:33:51.092,12.85318,12.85539,0.00,0.00
2017.08.17 14:33:51.201,12.85309,12.85539,0.00,0.00
2017.08.17 14:33:51.302,12.85301,12.85539,0.00,0.00
2017.08.17 14:33:51.403,12.85308,12.85539,0.00,0.00
2017.08.17 14:33:51.705,12.85319,12.85538,0.00,0.00
2017.08.17 14:33:52.096,12.85401,12.85619,0.00,0.00
2017.08.17 14:33:52.923,12.85401,12.85639,0.00,0.00
2017.08.17 14:33:53.496,12.85402,12.85638,0.00,0.00
2017.08.17 14:33:54.270,12.85401,12.85642,0.00,0.00
2017.08.17 14:33:54.321,12.85439,12.85642,0.00,0.00
2017.08.17 14:33:54.422,12.85418,12.85642,0.00,0.00
2017.08.17 14:33:54.473,12.85422,12.85642,0.00,0.00
2017.08.17 14:33:54.524,12.85479,12.85709,0.00,0.00
2017.08.17 14:33:54.575,12.85501,12.85711,0.00,0.00
2017.08.17 14:33:54.625,12.85501,12.85721,0.00,0.00
2017.08.17 14:33:54.726,12.85508,12.85741,0.00,0.00
2017.08.17 14:33:55.206,12.85551,12.85741,0.00,0.00
2017.08.17 14:33:55.257,12.85529,12.85741,0.00,0.00
2017.08.17 14:33:55.308,12.85519,12.85741,0.00,0.00
2017.08.17 14:33:55.398,12.85502,12.85741,0.00,0.00
2017.08.17 14:33:55.923,12.85501,12.85741,0.00,0.00
2017.08.17 14:33:56.146,12.85518,12.85741,0.00,0.00
2017.08.17 14:33:56.449,12.85501,12.85742,0.00,0.00
2017.08.17 14:33:56.979,12.85502,12.85742,0.00,0.00
2017.08.17 14:33:57.122,12.85502,12.85722,0.00,0.00
2017.08.17 14:33:57.173,12.85438,12.85668,0.00,0.00
2017.08.17 14:33:57.274,12.85401,12.85641,0.00,0.00
2017.08.17 14:33:57.634,12.85409,12.85641,0.00,0.00
2017.08.17 14:33:58.037,12.85401,12.85641,0.00,0.00
2017.08.17 14:33:58.167,12.85379,12.85641,0.00,0.00
2017.08.17 14:33:58.217,12.85379,12.85612,0.00,0.00
2017.08.17 14:33:58.319,12.85379,12.85641,0.00,0.00
2017.08.17 14:33:58.419,12.85379,12.85632,0.00,0.00
2017.08.17 14:33:58.621,12.85379,12.85641,0.00,0.00
2017.08.17 14:33:58.810,12.85378,12.85542,0.00,0.00
2017.08.17 14:33:59.018,12.85378,12.85612,0.00,0.00
2017.08.17 14:33:59.120,12.85378,12.85642,0.00,0.00
2017.08.17 14:33:59.221,12.85378,12.85632,0.00,0.00
2017.08.17 14:33:59.306,12.85378,12.85641,0.00,0.00
2017.08.17 14:33:59.835,12.85402,12.85642,0.00,0.00
2017.08.17 14:33:59.886,12.85378,12.85642,0.00,0.00
2017.08.17 14:33:59.936,12.85429,12.85659,0.00,0.00
2017.08.17 14:34:00.134,12.85399,12.85642,0.00,0.00
2017.08.17 14:34:00.235,12.85378,12.85621,0.00,0.00
2017.08.17 14:34:00.537,12.85279,12.85541,0.00,0.00
2017.08.17 14:34:00.853,12.85279,12.85531,0.00,0.00
2017.08.17 14:34:01.045,12.85279,12.85541,0.00,0.00
2017.08.17 14:34:01.146,12.85298,12.85541,0.00,0.00
2017.08.17 14:34:01.434,12.85279,12.85531,0.00,0.00
2017.08.17 14:34:01.535,12.85279,12.85522,0.00,0.00
2017.08.17 14:34:01.636,12.85279,12.85541,0.00,0.00
2017.08.17 14:34:01.686,12.85268,12.85441,0.00,0.00
2017.08.17 14:34:01.812,12.85189,12.85441,0.00,0.00
2017.08.17 14:34:02.238,12.85231,12.85451,0.00,0.00
2017.08.17 14:34:02.289,12.85228,12.85451,0.00,0.00
2017.08.17 14:34:02.340,12.85261,12.85492,0.00,0.00
2017.08.17 14:34:02.390,12.85279,12.85502,0.00,0.00
2017.08.17 14:34:02.441,12.85279,12.85541,0.00,0.00
2017.08.17 14:34:02.542,12.85289,12.85541,0.00,0.00
2017.08.17 14:34:02.643,12.85279,12.85541,0.00,0.00
2017.08.17 14:34:02.845,12.85279,12.85522,0.00,0.00
2017.08.17 14:34:02.946,12.85279,12.85532,0.00,0.00
2017.08.17 14:34:03.335,12.85279,12.85541,0.00,0.00
2017.08.17 14:34:03.461,12.85299,12.85541,0.00,0.00
2017.08.17 14:34:03.563,12.85279,12.85541,0.00,0.00
2017.08.17 14:34:03.832,12.85294,12.85541,0.00,0.00
2017.08.17 14:34:04.045,12.85279,12.85541,0.00,0.00
2017.08.17 14:34:04.096,12.85279,12.85499,0.00,0.00
2017.08.17 14:34:04.147,12.85238,12.85469,0.00,0.00
2017.08.17 14:34:04.248,12.85228,12.85442,0.00,0.00
2017.08.17 14:34:04.399,12.85256,12.85482,0.00,0.00
2017.08.17 14:34:04.450,12.85256,12.85491,0.00,0.00
2017.08.17 14:34:04.501,12.85273,12.85512,0.00,0.00
2017.08.17 14:34:04.552,12.85273,12.85542,0.00,0.00
2017.08.17 14:34:04.607,12.85273,12.85498,0.00,0.00
2017.08.17 14:34:04.758,12.85273,12.85522,0.00,0.00
2017.08.17 14:34:04.924,12.85273,12.85542,0.00,0.00
2017.08.17 14:34:05.264,12.85273,12.85531,0.00,0.00
2017.08.17 14:34:05.564,12.85273,12.85541,0.00,0.00
2017.08.17 14:34:06.157,12.85283,12.85542,0.00,0.00
2017.08.17 14:34:06.228,12.85278,12.85542,0.00,0.00
2017.08.17 14:34:06.279,12.85296,12.85542,0.00,0.00
2017.08.17 14:34:06.587,12.85316,12.85542,0.00,0.00
2017.08.17 14:34:06.689,12.85373,12.85602,0.00,0.00
2017.08.17 14:34:06.840,12.85373,12.85632,0.00,0.00
2017.08.17 14:34:06.941,12.85373,12.85642,0.00,0.00
2017.08.17 14:34:07.401,12.85368,12.85591,0.00,0.00
2017.08.17 14:34:07.502,12.85374,12.85641,0.00,0.00
2017.08.17 14:34:07.552,12.85374,12.85602,0.00,0.00
2017.08.17 14:34:07.669,12.85374,12.85641,0.00,0.00
2017.08.17 14:34:07.720,12.85369,12.85542,0.00,0.00
2017.08.17 14:34:07.771,12.85278,12.85542,0.00,0.00
2017.08.17 14:34:08.073,12.85278,12.85532,0.00,0.00
2017.08.17 14:34:08.410,12.85288,12.85469,0.00,0.00
2017.08.17 14:34:08.572,12.85179,12.85442,0.00,0.00
2017.08.17 14:34:08.673,12.85199,12.85442,0.00,0.00
2017.08.17 14:34:08.840,12.85188,12.85442,0.00,0.00
2017.08.17 14:34:09.042,12.85198,12.85442,0.00,0.00
2017.08.17 14:34:09.143,12.85188,12.85442,0.00,0.00
2017.08.17 14:34:09.244,12.85198,12.85442,0.00,0.00
2017.08.17 14:34:09.345,12.85178,12.85442,0.00,0.00
2017.08.17 14:34:09.763,12.85198,12.85442,0.00,0.00
2017.08.17 14:34:10.272,12.85178,12.85442,0.00,0.00
2017.08.17 14:34:10.849,12.85198,12.85442,0.00,0.00
2017.08.17 14:34:11.152,12.85161,12.85342,0.00,0.00
2017.08.17 14:34:11.203,12.85178,12.85392,0.00,0.00
2017.08.17 14:34:11.303,12.85179,12.85402,0.00,0.00
2017.08.17 14:34:11.455,12.85138,12.85402,0.00,0.00
2017.08.17 14:34:11.506,12.85188,12.85422,0.00,0.00
2017.08.17 14:34:11.657,12.85188,12.85452,0.00,0.00
2017.08.17 14:34:11.758,12.85218,12.85452,0.00,0.00
2017.08.17 14:34:11.965,12.85188,12.85442,0.00,0.00
2017.08.17 14:34:12.167,12.85188,12.85452,0.00,0.00
2017.08.17 14:34:12.301,12.85208,12.85452,0.00,0.00
2017.08.17 14:34:12.465,12.85198,12.85452,0.00,0.00
2017.08.17 14:34:12.516,12.85202,12.85452,0.00,0.00
2017.08.17 14:34:12.818,12.85229,12.85452,0.00,0.00
2017.08.17 14:34:12.869,12.85188,12.85452,0.00,0.00
2017.08.17 14:34:12.970,12.85218,12.85452,0.00,0.00
2017.08.17 14:34:13.126,12.85228,12.85469,0.00,0.00
2017.08.17 14:34:13.323,12.85189,12.85442,0.00,0.00
2017.08.17 14:34:13.462,12.85218,12.85442,0.00,0.00
2017.08.17 14:34:13.712,12.85189,12.85442,0.00,0.00
2017.08.17 14:34:13.965,12.85228,12.85442,0.00,0.00
2017.08.17 14:34:14.016,12.85178,12.85442,0.00,0.00
2017.08.17 14:34:14.067,12.85189,12.85442,0.00,0.00
2017.08.17 14:34:14.395,12.85209,12.85442,0.00,0.00
2017.08.17 14:34:14.668,12.85189,12.85442,0.00,0.00
2017.08.17 14:34:14.769,12.85231,12.85442,0.00,0.00
2017.08.17 14:34:14.820,12.85232,12.85471,0.00,0.00
2017.08.17 14:34:14.871,12.85261,12.85471,0.00,0.00
2017.08.17 14:34:15.022,12.85331,12.85542,0.00,0.00
2017.08.17 14:34:15.153,12.85378,12.85572,0.00,0.00
2017.08.17 14:34:15.304,12.85339,12.85542,0.00,0.00
2017.08.17 14:34:15.355,12.85339,12.85441,0.00,0.00
2017.08.17 14:34:15.406,12.85269,12.85398,0.00,0.00
2017.08.17 14:34:15.507,12.85139,12.85379,0.00,0.00
2017.08.17 14:34:15.608,12.85119,12.85341,0.00,0.00
2017.08.17 14:34:15.809,12.85108,12.85341,0.00,0.00
2017.08.17 14:34:15.913,12.85079,12.85341,0.00,0.00
2017.08.17 14:34:16.223,12.85108,12.85341,0.00,0.00
2017.08.17 14:34:16.589,12.85118,12.85341,0.00,0.00
2017.08.17 14:34:16.640,12.85089,12.85341,0.00,0.00
2017.08.17 14:34:16.791,12.85079,12.85341,0.00,0.00
2017.08.17 14:34:16.842,12.85068,12.85291,0.00,0.00
2017.08.17 14:34:16.893,12.85062,12.85291,0.00,0.00
2017.08.17 14:34:16.943,12.85129,12.85332,0.00,0.00
2017.08.17 14:34:16.994,12.85129,12.85369,0.00,0.00
2017.08.17 14:34:17.045,12.85129,12.85388,0.00,0.00
2017.08.17 14:34:17.146,12.85132,12.85392,0.00,0.00
2017.08.17 14:34:17.197,12.85179,12.85389,0.00,0.00
2017.08.17 14:34:17.348,12.85078,12.85342,0.00,0.00
2017.08.17 14:34:17.695,12.85178,12.85342,0.00,0.00
2017.08.17 14:34:17.796,12.85178,12.85441,0.00,0.00
2017.08.17 14:34:17.897,12.85178,12.85389,0.00,0.00
2017.08.17 14:34:17.948,12.85178,12.85441,0.00,0.00
2017.08.17 14:34:17.998,12.85148,12.85392,0.00,0.00
2017.08.17 14:34:18.314,12.85079,12.85341,0.00,0.00
2017.08.17 14:34:18.724,12.85079,12.85332,0.00,0.00
2017.08.17 14:34:18.784,12.85079,12.85341,0.00,0.00
2017.08.17 14:34:18.834,12.85131,12.85361,0.00,0.00
2017.08.17 14:34:18.885,12.85131,12.85389,0.00,0.00
2017.08.17 14:34:19.037,12.85178,12.85398,0.00,0.00
2017.08.17 14:34:19.138,12.85138,12.85392,0.00,0.00
2017.08.17 14:34:19.239,12.85131,12.85392,0.00,0.00
2017.08.17 14:34:19.548,12.85179,12.85399,0.00,0.00
2017.08.17 14:34:19.599,12.85179,12.85441,0.00,0.00
2017.08.17 14:34:19.909,12.85179,12.85432,0.00,0.00
2017.08.17 14:34:20.017,12.85179,12.85441,0.00,0.00
2017.08.17 14:34:20.087,12.85193,12.85441,0.00,0.00
2017.08.17 14:34:20.327,12.85078,12.85342,0.00,0.00
2017.08.17 14:34:20.533,12.85094,12.85342,0.00,0.00
2017.08.17 14:34:20.634,12.85078,12.85331,0.00,0.00
2017.08.17 14:34:20.788,12.85083,12.85342,0.00,0.00
2017.08.17 14:34:20.988,12.85078,12.85342,0.00,0.00
2017.08.17 14:34:21.089,12.85084,12.85342,0.00,0.00
2017.08.17 14:34:21.193,12.85078,12.85332,0.00,0.00
2017.08.17 14:34:21.410,12.85083,12.85342,0.00,0.00
2017.08.17 14:34:21.731,12.85078,12.85319,0.00,0.00
2017.08.17 14:34:21.883,12.85078,12.85322,0.00,0.00
2017.08.17 14:34:21.934,12.85078,12.85331,0.00,0.00
2017.08.17 14:34:21.991,12.85078,12.85342,0.00,0.00
2017.08.17 14:34:22.631,12.85078,12.85331,0.00,0.00
2017.08.17 14:34:22.844,12.85078,12.85342,0.00,0.00
2017.08.17 14:34:23.105,12.85078,12.85332,0.00,0.00
2017.08.17 14:34:23.493,12.85078,12.85342,0.00,0.00
2017.08.17 14:34:23.697,12.85068,12.85242,0.00,0.00
2017.08.17 14:34:23.848,12.85049,12.85242,0.00,0.00
2017.08.17 14:34:23.899,12.85078,12.85272,0.00,0.00
2017.08.17 14:34:23.950,12.85078,12.85288,0.00,0.00
2017.08.17 14:34:24.051,12.85039,12.85289,0.00,0.00
2017.08.17 14:34:24.152,12.85028,12.85289,0.00,0.00
2017.08.17 14:34:24.253,12.85028,12.85282,0.00,0.00
2017.08.17 14:34:24.556,12.84979,12.85241,0.00,0.00
2017.08.17 14:34:25.039,12.84979,12.85232,0.00,0.00
2017.08.17 14:34:25.351,12.84938,12.85191,0.00,0.00
2017.08.17 14:34:25.553,12.84978,12.85232,0.00,0.00
2017.08.17 14:34:25.654,12.84978,12.85242,0.00,0.00
2017.08.17 14:34:25.757,12.84989,12.85242,0.00,0.00
2017.08.17 14:34:25.913,12.84978,12.85242,0.00,0.00
2017.08.17 14:34:26.116,12.85008,12.85242,0.00,0.00
2017.08.17 14:34:26.318,12.84988,12.85242,0.00,0.00
2017.08.17 14:34:26.520,12.84979,12.85242,0.00,0.00
2017.08.17 14:34:26.910,12.84988,12.85242,0.00,0.00
2017.08.17 14:34:27.215,12.84978,12.85242,0.00,0.00
2017.08.17 14:34:27.316,12.84988,12.85242,0.00,0.00
2017.08.17 14:34:27.680,12.84989,12.85199,0.00,0.00
2017.08.17 14:34:27.730,12.84989,12.85219,0.00,0.00
2017.08.17 14:34:28.171,12.84989,12.85199,0.00,0.00
2017.08.17 14:34:28.473,12.84788,12.84998,0.00,0.00
2017.08.17 14:34:28.621,12.84788,12.85052,0.00,0.00
2017.08.17 14:34:28.722,12.84788,12.85019,0.00,0.00
2017.08.17 14:34:28.823,12.84788,12.85042,0.00,0.00
2017.08.17 14:34:28.924,12.84789,12.85052,0.00,0.00
2017.08.17 14:34:29.026,12.84798,12.84952,0.00,0.00
2017.08.17 14:34:29.127,12.84761,12.84952,0.00,0.00
2017.08.17 14:34:29.178,12.84788,12.85031,0.00,0.00
2017.08.17 14:34:29.279,12.84798,12.85052,0.00,0.00
2017.08.17 14:34:29.521,12.84788,12.85051,0.00,0.00
2017.08.17 14:34:29.723,12.84798,12.85052,0.00,0.00
2017.08.17 14:34:29.849,12.84789,12.85052,0.00,0.00
2017.08.17 14:34:30.000,12.84768,12.84951,0.00,0.00
2017.08.17 14:34:30.152,12.84738,12.84989,0.00,0.00
2017.08.17 14:34:30.264,12.84738,12.85001,0.00,0.00
2017.08.17 14:34:30.314,12.84788,12.85001,0.00,0.00
2017.08.17 14:34:30.365,12.84788,12.85052,0.00,0.00
2017.08.17 14:34:30.466,12.84799,12.85052,0.00,0.00
2017.08.17 14:34:30.517,12.84788,12.85051,0.00,0.00
2017.08.17 14:34:30.618,12.84818,12.85052,0.00,0.00
2017.08.17 14:34:30.959,12.84798,12.85052,0.00,0.00
2017.08.17 14:34:31.161,12.84819,12.85052,0.00,0.00
2017.08.17 14:34:31.362,12.84788,12.85052,0.00,0.00
2017.08.17 14:34:31.463,12.84819,12.85052,0.00,0.00
2017.08.17 14:34:31.632,12.84788,12.85052,0.00,0.00
2017.08.17 14:34:32.190,12.84788,12.85051,0.00,0.00
2017.08.17 14:34:32.538,12.84809,12.85052,0.00,0.00
2017.08.17 14:34:32.822,12.84788,12.85052,0.00,0.00
2017.08.17 14:34:33.327,12.84798,12.85052,0.00,0.00
2017.08.17 14:34:33.560,12.84789,12.85052,0.00,0.00
2017.08.17 14:34:33.749,12.84798,12.85052,0.00,0.00
2017.08.17 14:34:34.078,12.84808,12.85052,0.00,0.00
2017.08.17 14:34:34.128,12.84788,12.85052,0.00,0.00
2017.08.17 14:34:34.562,12.84788,12.85041,0.00,0.00
2017.08.17 14:34:34.867,12.84788,12.85052,0.00,0.00
2017.08.17 14:34:34.969,12.84819,12.85052,0.00,0.00
2017.08.17 14:34:35.070,12.84788,12.85052,0.00,0.00
2017.08.17 14:34:35.171,12.84788,12.85041,0.00,0.00
2017.08.17 14:34:35.537,12.84762,12.84952,0.00,0.00
2017.08.17 14:34:35.588,12.84759,12.84952,0.00,0.00
2017.08.17 14:34:35.689,12.84749,12.84952,0.00,0.00
2017.08.17 14:34:35.810,12.84709,12.84952,0.00,0.00
2017.08.17 14:34:36.031,12.84718,12.84952,0.00,0.00
2017.08.17 14:34:36.132,12.84689,12.84952,0.00,0.00
2017.08.17 14:34:36.646,12.84688,12.84952,0.00,0.00
2017.08.17 14:34:37.047,12.84728,12.84952,0.00,0.00
2017.08.17 14:34:37.148,12.84719,12.84952,0.00,0.00
2017.08.17 14:34:37.274,12.84698,12.84952,0.00,0.00
2017.08.17 14:34:37.324,12.84698,12.84889,0.00,0.00
2017.08.17 14:34:37.576,12.84588,12.84789,0.00,0.00
2017.08.17 14:34:37.780,12.84588,12.84852,0.00,0.00
2017.08.17 14:34:37.833,12.84588,12.84818,0.00,0.00
2017.08.17 14:34:37.884,12.84588,12.84831,0.00,0.00
2017.08.17 14:34:37.935,12.84588,12.84852,0.00,0.00
2017.08.17 14:34:37.986,12.84579,12.84752,0.00,0.00
2017.08.17 14:34:38.138,12.84488,12.84752,0.00,0.00
2017.08.17 14:34:38.474,12.84509,12.84752,0.00,0.00
2017.08.17 14:34:38.575,12.84488,12.84752,0.00,0.00
2017.08.17 14:34:38.777,12.84468,12.84652,0.00,0.00
2017.08.17 14:34:39.079,12.84359,12.84552,0.00,0.00
2017.08.17 14:34:39.180,12.84308,12.84519,0.00,0.00
2017.08.17 14:34:39.359,12.84288,12.84552,0.00,0.00
2017.08.17 14:34:39.467,12.84288,12.84488,0.00,0.00
2017.08.17 14:34:39.669,12.84288,12.84512,0.00,0.00
2017.08.17 14:34:39.771,12.84288,12.84501,0.00,0.00
2017.08.17 14:34:39.872,12.84319,12.84552,0.00,0.00
2017.08.17 14:34:39.974,12.84328,12.84552,0.00,0.00
2017.08.17 14:34:40.075,12.84288,12.84552,0.00,0.00
2017.08.17 14:34:40.177,12.84318,12.84552,0.00,0.00
2017.08.17 14:34:40.356,12.84308,12.84552,0.00,0.00
2017.08.17 14:34:40.457,12.84288,12.84552,0.00,0.00
2017.08.17 14:34:40.536,12.84319,12.84552,0.00,0.00
2017.08.17 14:34:40.737,12.84288,12.84552,0.00,0.00
2017.08.17 14:34:40.838,12.84278,12.8449,0.00,0.00
2017.08.17 14:34:40.940,12.84219,12.84452,0.00,0.00
2017.08.17 14:34:41.141,12.84238,12.84492,0.00,0.00
2017.08.17 14:34:41.192,12.84238,12.84469,0.00,0.00
2017.08.17 14:34:41.540,12.84148,12.84361,0.00,0.00
2017.08.17 14:34:41.842,12.84099,12.84262,0.00,0.00
2017.08.17 14:34:41.943,12.84138,12.84361,0.00,0.00
2017.08.17 14:34:42.103,12.84148,12.84361,0.00,0.00
2017.08.17 14:34:42.154,12.84138,12.84361,0.00,0.00
2017.08.17 14:34:42.255,12.84108,12.84361,0.00,0.00
2017.08.17 14:34:42.356,12.84128,12.84361,0.00,0.00
2017.08.17 14:34:42.684,12.83948,12.84188,0.00,0.00
2017.08.17 14:34:42.784,12.83998,12.84199,0.00,0.00
2017.08.17 14:34:42.936,12.84032,12.84252,0.00,0.00
2017.08.17 14:34:42.986,12.84098,12.84291,0.00,0.00
2017.08.17 14:34:43.166,12.84098,12.84362,0.00,0.00
2017.08.17 14:34:43.371,12.84119,12.84362,0.00,0.00
2017.08.17 14:34:43.472,12.84109,12.84362,0.00,0.00
2017.08.17 14:34:43.692,12.84098,12.84362,0.00,0.00
2017.08.17 14:34:43.843,12.84119,12.84362,0.00,0.00
2017.08.17 14:34:44.214,12.84038,12.84262,0.00,0.00
2017.08.17 14:34:44.264,12.84009,12.84262,0.00,0.00
2017.08.17 14:34:44.315,12.84009,12.84161,0.00,0.00
2017.08.17 14:34:44.366,12.83988,12.84161,0.00,0.00
2017.08.17 14:34:44.467,12.83949,12.84189,0.00,0.00
2017.08.17 14:34:44.518,12.83972,12.84211,0.00,0.00
2017.08.17 14:34:44.569,12.83998,12.84242,0.00,0.00
2017.08.17 14:34:44.671,12.84029,12.84262,0.00,0.00
2017.08.17 14:34:44.974,12.83808,12.84062,0.00,0.00
2017.08.17 14:34:45.076,12.83799,12.84062,0.00,0.00
2017.08.17 14:34:45.127,12.83799,12.83979,0.00,0.00
2017.08.17 14:34:45.279,12.83738,12.83961,0.00,0.00
2017.08.17 14:34:45.329,12.83738,12.83888,0.00,0.00
2017.08.17 14:34:45.531,12.83308,12.83572,0.00,0.00
2017.08.17 14:34:45.681,12.83508,12.83599,0.00,0.00
2017.08.17 14:34:45.740,12.83508,12.83672,0.00,0.00
2017.08.17 14:34:45.841,12.83508,12.83761,0.00,0.00
2017.08.17 14:34:45.891,12.83548,12.83772,0.00,0.00
2017.08.17 14:34:46.195,12.83408,12.83589,0.00,0.00
2017.08.17 14:34:46.297,12.83399,12.83661,0.00,0.00
2017.08.17 14:34:46.456,12.83448,12.83661,0.00,0.00
2017.08.17 14:34:46.608,12.81438,12.81799,0.00,0.00
2017.08.17 14:34:46.709,12.81711,12.81832,0.00,0.00
2017.08.17 14:34:46.759,12.81841,12.82211,0.00,0.00
2017.08.17 14:34:46.860,12.81738,12.82176,0.00,0.00
2017.08.17 14:34:47.177,12.81829,12.82152,0.00,0.00
2017.08.17 14:34:47.505,12.81998,12.82189,0.00,0.00
2017.08.17 14:34:47.606,12.82001,12.82242,0.00,0.00
2017.08.17 14:34:47.657,12.82038,12.82242,0.00,0.00
2017.08.17 14:34:47.860,12.82059,12.82351,0.00,0.00
2017.08.17 14:34:47.910,12.82138,12.82319,0.00,0.00
2017.08.17 14:34:48.168,12.82229,12.82462,0.00,0.00
2017.08.17 14:34:48.257,12.82288,12.82572,0.00,0.00
2017.08.17 14:34:48.308,12.82329,12.82572,0.00,0.00
2017.08.17 14:34:48.358,12.82338,12.82622,0.00,0.00
2017.08.17 14:34:48.409,12.82428,12.82622,0.00,0.00
2017.08.17 14:34:48.712,12.82409,12.82588,0.00,0.00
2017.08.17 14:34:48.763,12.82388,12.82588,0.00,0.00
2017.08.17 14:34:48.814,12.82429,12.82599,0.00,0.00
2017.08.17 14:34:48.966,12.82419,12.82591,0.00,0.00
2017.08.17 14:34:49.016,12.82452,12.82591,0.00,0.00
2017.08.17 14:34:49.067,12.82481,12.82652,0.00,0.00
2017.08.17 14:34:49.168,12.82481,12.82702,0.00,0.00
2017.08.17 14:34:49.219,12.82468,12.82702,0.00,0.00
2017.08.17 14:34:49.320,12.82432,12.82712,0.00,0.00
2017.08.17 14:34:49.370,12.82431,12.82652,0.00,0.00
2017.08.17 14:34:49.709,12.82531,12.82712,0.00,0.00
2017.08.17 14:34:49.810,12.82532,12.82728,0.00,0.00
2017.08.17 14:34:49.861,12.82531,12.82792,0.00,0.00
2017.08.17 14:34:49.912,12.82551,12.82751,0.00,0.00
2017.08.17 14:34:49.963,12.82531,12.82752,0.00,0.00
2017.08.17 14:34:50.013,12.82518,12.82638,0.00,0.00
2017.08.17 14:34:50.064,12.82428,12.82671,0.00,0.00
2017.08.17 14:34:50.163,12.82428,12.82651,0.00,0.00
2017.08.17 14:34:50.465,12.82718,12.82929,0.00,0.00
2017.08.17 14:34:50.566,12.82718,12.82938,0.00,0.00
2017.08.17 14:34:50.617,12.82718,12.82942,0.00,0.00
2017.08.17 14:34:50.668,12.82718,12.82962,0.00,0.00
2017.08.17 14:34:50.719,12.82768,12.82929,0.00,0.00
2017.08.17 14:34:50.885,12.82731,12.83012,0.00,0.00
2017.08.17 14:34:50.936,12.82752,12.83012,0.00,0.00
2017.08.17 14:34:51.239,12.82781,12.83029,0.00,0.00
2017.08.17 14:34:51.541,12.82819,12.83059,0.00,0.00
2017.08.17 14:34:51.841,12.82918,12.83159,0.00,0.00
2017.08.17 14:34:51.893,12.82918,12.83181,0.00,0.00
2017.08.17 14:34:51.944,12.82969,12.83181,0.00,0.00
2017.08.17 14:34:51.994,12.82969,12.83221,0.00,0.00
2017.08.17 14:34:52.045,12.82981,12.83221,0.00,0.00
2017.08.17 14:34:52.254,12.82978,12.83229,0.00,0.00
2017.08.17 14:34:52.305,12.82922,12.83171,0.00,0.00
2017.08.17 14:34:52.608,12.82999,12.83229,0.00,0.00
2017.08.17 14:34:52.709,12.82922,12.83171,0.00,0.00
2017.08.17 14:34:53.218,12.82928,12.83129,0.00,0.00
2017.08.17 14:34:53.510,12.82758,12.83029,0.00,0.00
2017.08.17 14:34:53.562,12.82758,12.82985,0.00,0.00
2017.08.17 14:34:53.616,12.82731,12.82939,0.00,0.00
2017.08.17 14:34:53.667,12.82708,12.82928,0.00,0.00
2017.08.17 14:34:53.718,12.82731,12.82929,0.00,0.00
2017.08.17 14:34:53.920,12.82832,12.83032,0.00,0.00
2017.08.17 14:34:54.021,12.82832,12.83038,0.00,0.00
2017.08.17 14:34:54.183,12.82839,12.83038,0.00,0.00
2017.08.17 14:34:54.308,12.82828,12.83029,0.00,0.00
2017.08.17 14:34:54.359,12.82828,12.83039,0.00,0.00
2017.08.17 14:34:54.460,12.82809,12.83041,0.00,0.00
2017.08.17 14:34:54.561,12.82809,12.83081,0.00,0.00
2017.08.17 14:34:54.611,12.82848,12.83109,0.00,0.00
2017.08.17 14:34:54.813,12.82819,12.83101,0.00,0.00
2017.08.17 14:34:54.864,12.82882,12.83101,0.00,0.00
2017.08.17 14:34:55.170,12.83041,12.83172,0.00,0.00
2017.08.17 14:34:55.221,12.83041,12.83201,0.00,0.00
2017.08.17 14:34:55.322,12.83041,12.83272,0.00,0.00
2017.08.17 14:34:55.423,12.83041,12.83259,0.00,0.00
2017.08.17 14:34:55.714,12.82742,12.82996,0.00,0.00
2017.08.17 14:34:55.824,12.82741,12.82971,0.00,0.00
2017.08.17 14:34:56.026,12.82741,12.82999,0.00,0.00
2017.08.17 14:34:56.328,12.82742,12.82962,0.00,0.00
2017.08.17 14:34:56.429,12.82719,12.82972,0.00,0.00
2017.08.17 14:34:56.554,12.82742,12.82972,0.00,0.00
2017.08.17 14:34:56.605,12.82742,12.82998,0.00,0.00
2017.08.17 14:34:56.707,12.82732,12.82962,0.00,0.00
2017.08.17 14:34:56.808,12.82732,12.82972,0.00,0.00
2017.08.17 14:34:57.110,12.82731,12.82991,0.00,0.00
2017.08.17 14:34:57.223,12.82669,12.82888,0.00,0.00
2017.08.17 14:34:57.538,12.82631,12.82842,0.00,0.00
2017.08.17 14:34:57.791,12.82732,12.82958,0.00,0.00
2017.08.17 14:34:57.992,12.82732,12.82941,0.00,0.00
2017.08.17 14:34:58.093,12.82731,12.82959,0.00,0.00
2017.08.17 14:34:58.144,12.82732,12.82928,0.00,0.00
2017.08.17 14:34:58.195,12.82648,12.82899,0.00,0.00
2017.08.17 14:34:58.383,12.82568,12.82829,0.00,0.00
2017.08.17 14:34:58.434,12.82532,12.82811,0.00,0.00
2017.08.17 14:34:58.484,12.82532,12.82771,0.00,0.00
2017.08.17 14:34:58.736,12.82479,12.82729,0.00,0.00
2017.08.17 14:34:58.787,12.82532,12.82728,0.00,0.00
2017.08.17 14:34:58.837,12.82468,12.82729,0.00,0.00
2017.08.17 14:34:58.888,12.82531,12.82701,0.00,0.00
2017.08.17 14:34:58.989,12.82531,12.82731,0.00,0.00
2017.08.17 14:34:59.040,12.82519,12.82729,0.00,0.00
2017.08.17 14:34:59.219,12.82431,12.82659,0.00,0.00
2017.08.17 14:34:59.370,12.82381,12.82559,0.00,0.00
2017.08.17 14:34:59.421,12.82378,12.82559,0.00,0.00
2017.08.17 14:34:59.522,12.82332,12.82558,0.00,0.00
2017.08.17 14:34:59.775,12.82319,12.82591,0.00,0.00
2017.08.17 14:34:59.826,12.82359,12.82559,0.00,0.00
2017.08.17 14:34:59.927,12.82331,12.82559,0.00,0.00
2017.08.17 14:35:00.112,12.82358,12.82458,0.00,0.00
2017.08.17 14:35:00.215,12.82309,12.82459,0.00,0.00
2017.08.17 14:35:00.316,12.82219,12.82459,0.00,0.00
2017.08.17 14:35:00.367,12.82188,12.82358,0.00,0.00
2017.08.17 14:35:00.418,12.82228,12.82429,0.00,0.00
2017.08.17 14:35:00.519,12.82218,12.82359,0.00,0.00
2017.08.17 14:35:00.620,12.82189,12.82358,0.00,0.00
2017.08.17 14:35:00.762,12.82178,12.82358,0.00,0.00
2017.08.17 14:35:00.863,12.82128,12.82358,0.00,0.00
2017.08.17 14:35:00.913,12.82148,12.82358,0.00,0.00
2017.08.17 14:35:01.015,12.82138,12.82358,0.00,0.00
2017.08.17 14:35:01.216,12.82201,12.82421,0.00,0.00
2017.08.17 14:35:01.318,12.82241,12.82472,0.00,0.00
2017.08.17 14:35:01.368,12.82291,12.82472,0.00,0.00
2017.08.17 14:35:01.539,12.82291,12.82559,0.00,0.00
2017.08.17 14:35:01.596,12.82291,12.82522,0.00,0.00
2017.08.17 14:35:01.899,12.82318,12.82538,0.00,0.00
2017.08.17 14:35:01.950,12.82318,12.82559,0.00,0.00
2017.08.17 14:35:02.000,12.82338,12.82558,0.00,0.00
2017.08.17 14:35:02.127,12.82339,12.82621,0.00,0.00
2017.08.17 14:35:02.178,12.82339,12.82459,0.00,0.00
2017.08.17 14:35:02.229,12.82248,12.82428,0.00,0.00
2017.08.17 14:35:02.330,12.82229,12.82459,0.00,0.00
2017.08.17 14:35:02.432,12.82229,12.82491,0.00,0.00
2017.08.17 14:35:02.483,12.82229,12.82458,0.00,0.00
2017.08.17 14:35:02.635,12.82281,12.82521,0.00,0.00
2017.08.17 14:35:02.799,12.82288,12.82529,0.00,0.00
2017.08.17 14:35:02.849,12.82278,12.82459,0.00,0.00
2017.08.17 14:35:02.900,12.82278,12.82529,0.00,0.00
2017.08.17 14:35:02.951,12.82229,12.82458,0.00,0.00
2017.08.17 14:35:03.154,12.82199,12.82461,0.00,0.00
2017.08.17 14:35:03.205,12.82149,12.82359,0.00,0.00
2017.08.17 14:35:03.256,12.82149,12.82429,0.00,0.00
2017.08.17 14:35:03.306,12.82129,12.82392,0.00,0.00
2017.08.17 14:35:03.410,12.82138,12.82422,0.00,0.00
2017.08.17 14:35:03.461,12.82178,12.82422,0.00,0.00
2017.08.17 14:35:03.562,12.82229,12.82511,0.00,0.00
2017.08.17 14:35:03.663,12.82229,12.82469,0.00,0.00
2017.08.17 14:35:04.016,12.82248,12.82529,0.00,0.00
2017.08.17 14:35:04.066,12.82352,12.82528,0.00,0.00
2017.08.17 14:35:04.242,12.82258,12.82458,0.00,0.00
2017.08.17 14:35:04.343,12.82241,12.82439,0.00,0.00
2017.08.17 14:35:04.645,12.82242,12.82428,0.00,0.00
2017.08.17 14:35:04.696,12.82241,12.82469,0.00,0.00
2017.08.17 14:35:04.797,12.82241,12.82439,0.00,0.00
2017.08.17 14:35:05.073,12.82241,12.82459,0.00,0.00
2017.08.17 14:35:05.124,12.82241,12.82429,0.00,0.00
2017.08.17 14:35:05.175,12.82242,12.82438,0.00,0.00
2017.08.17 14:35:05.226,12.82241,12.82429,0.00,0.00
2017.08.17 14:35:05.327,12.82242,12.82438,0.00,0.00
2017.08.17 14:35:05.427,12.82241,12.82469,0.00,0.00
2017.08.17 14:35:05.529,12.82242,12.82458,0.00,0.00
2017.08.17 14:35:05.730,12.82251,12.82522,0.00,0.00
2017.08.17 14:35:05.781,12.82291,12.82522,0.00,0.00
2017.08.17 14:35:05.832,12.82292,12.82528,0.00,0.00
2017.08.17 14:35:05.883,12.82341,12.82531,0.00,0.00
2017.08.17 14:35:06.056,12.82342,12.82538,0.00,0.00
2017.08.17 14:35:06.208,12.82341,12.82559,0.00,0.00
2017.08.17 14:35:06.310,12.82341,12.82529,0.00,0.00
2017.08.17 14:35:06.512,12.82358,12.82568,0.00,0.00
2017.08.17 14:35:06.614,12.82342,12.82568,0.00,0.00
2017.08.17 14:35:06.665,12.82341,12.82539,0.00,0.00
2017.08.17 14:35:06.927,12.82342,12.82562,0.00,0.00
2017.08.17 14:35:07.029,12.82342,12.82568,0.00,0.00
2017.08.17 14:35:07.080,12.82342,12.82538,0.00,0.00
2017.08.17 14:35:07.131,12.82342,12.82568,0.00,0.00
2017.08.17 14:35:07.182,12.82341,12.82529,0.00,0.00
2017.08.17 14:35:07.232,12.82341,12.82539,0.00,0.00
2017.08.17 14:35:07.283,12.82392,12.82568,0.00,0.00
2017.08.17 14:35:07.485,12.82388,12.82569,0.00,0.00
2017.08.17 14:35:07.536,12.82379,12.82568,0.00,0.00
2017.08.17 14:35:07.637,12.82341,12.82569,0.00,0.00
2017.08.17 14:35:07.924,12.82341,12.82562,0.00,0.00
2017.08.17 14:35:08.025,12.82342,12.82568,0.00,0.00
2017.08.17 14:35:08.330,12.82341,12.82559,0.00,0.00
2017.08.17 14:35:08.380,12.82342,12.82568,0.00,0.00
2017.08.17 14:35:08.482,12.82341,12.82559,0.00,0.00
2017.08.17 14:35:08.813,12.82341,12.82552,0.00,0.00
2017.08.17 14:35:09.068,12.82378,12.82622,0.00,0.00
2017.08.17 14:35:09.121,12.82378,12.82652,0.00,0.00
2017.08.17 14:35:09.222,12.82392,12.82628,0.00,0.00
2017.08.17 14:35:09.573,12.82378,12.82569,0.00,0.00
2017.08.17 14:35:09.623,12.82342,12.82568,0.00,0.00
2017.08.17 14:35:09.825,12.82341,12.82529,0.00,0.00
2017.08.17 14:35:09.927,12.82342,12.82562,0.00,0.00
2017.08.17 14:35:10.028,12.82341,12.82592,0.00,0.00
2017.08.17 14:35:10.129,12.82379,12.82609,0.00,0.00
2017.08.17 14:35:10.471,12.82178,12.82369,0.00,0.00
2017.08.17 14:35:10.573,12.82141,12.82369,0.00,0.00
2017.08.17 14:35:10.623,12.82178,12.82392,0.00,0.00
2017.08.17 14:35:10.775,12.82201,12.82429,0.00,0.00
2017.08.17 14:35:10.826,12.82208,12.82428,0.00,0.00
2017.08.17 14:35:10.927,12.82201,12.82429,0.00,0.00
2017.08.17 14:35:11.086,12.82168,12.82369,0.00,0.00
2017.08.17 14:35:11.136,12.82202,12.82421,0.00,0.00
2017.08.17 14:35:11.237,12.82252,12.82481,0.00,0.00
2017.08.17 14:35:11.288,12.82341,12.82481,0.00,0.00
2017.08.17 14:35:11.339,12.82341,12.82492,0.00,0.00
2017.08.17 14:35:11.389,12.82342,12.82512,0.00,0.00
2017.08.17 14:35:11.490,12.82298,12.82469,0.00,0.00
2017.08.17 14:35:11.541,12.82278,12.82469,0.00,0.00
2017.08.17 14:35:11.642,12.82229,12.82469,0.00,0.00
2017.08.17 14:35:11.693,12.82229,12.82499,0.00,0.00
2017.08.17 14:35:11.900,12.82229,12.82469,0.00,0.00
2017.08.17 14:35:12.204,12.82329,12.82552,0.00,0.00
2017.08.17 14:35:12.406,12.82352,12.82608,0.00,0.00
2017.08.17 14:35:12.456,12.82348,12.82568,0.00,0.00
2017.08.17 14:35:12.557,12.82329,12.82569,0.00,0.00
2017.08.17 14:35:12.928,12.82358,12.82568,0.00,0.00
2017.08.17 14:35:13.130,12.82369,12.82632,0.00,0.00
2017.08.17 14:35:13.180,12.82369,12.82618,0.00,0.00
2017.08.17 14:35:13.231,12.82378,12.82628,0.00,0.00
2017.08.17 14:35:13.332,12.82381,12.82652,0.00,0.00
2017.08.17 14:35:13.383,12.82378,12.82629,0.00,0.00
2017.08.17 14:35:13.757,12.82429,12.82628,0.00,0.00
2017.08.17 14:35:13.816,12.82429,12.82668,0.00,0.00
2017.08.17 14:35:14.119,12.82429,12.82568,0.00,0.00
2017.08.17 14:35:14.170,12.82399,12.82659,0.00,0.00
2017.08.17 14:35:14.271,12.82429,12.82668,0.00,0.00
2017.08.17 14:35:14.595,12.82449,12.82669,0.00,0.00
2017.08.17 14:35:14.645,12.82442,12.82718,0.00,0.00
2017.08.17 14:35:14.696,12.82492,12.82722,0.00,0.00
2017.08.17 14:35:14.747,12.82491,12.82759,0.00,0.00
2017.08.17 14:35:14.798,12.82528,12.82758,0.00,0.00
2017.08.17 14:35:15.150,12.82528,12.82769,0.00,0.00
2017.08.17 14:35:15.514,12.82528,12.82728,0.00,0.00
2017.08.17 14:35:15.565,12.82528,12.82768,0.00,0.00
2017.08.17 14:35:15.666,12.82528,12.82762,0.00,0.00
2017.08.17 14:35:15.867,12.82578,12.82822,0.00,0.00
2017.08.17 14:35:15.918,12.82591,12.82822,0.00,0.00
2017.08.17 14:35:16.120,12.82629,12.82869,0.00,0.00
2017.08.17 14:35:16.376,12.82629,12.82852,0.00,0.00
2017.08.17 14:35:16.577,12.82629,12.82868,0.00,0.00
2017.08.17 14:35:16.628,12.82678,12.82891,0.00,0.00
2017.08.17 14:35:16.881,12.82829,12.83068,0.00,0.00
2017.08.17 14:35:16.932,12.82851,12.83092,0.00,0.00
2017.08.17 14:35:17.060,12.82879,12.83081,0.00,0.00
2017.08.17 14:35:17.166,12.82941,12.83169,0.00,0.00
2017.08.17 14:35:17.267,12.82941,12.83162,0.00,0.00
2017.08.17 14:35:17.570,12.83141,12.83322,0.00,0.00
2017.08.17 14:35:17.702,12.83141,12.83329,0.00,0.00
2017.08.17 14:35:17.754,12.83059,12.83268,0.00,0.00
2017.08.17 14:35:17.805,12.83059,12.83238,0.00,0.00
2017.08.17 14:35:17.857,12.83042,12.83228,0.00,0.00
2017.08.17 14:35:17.908,12.83029,12.83228,0.00,0.00
2017.08.17 14:35:17.959,12.83029,12.83169,0.00,0.00
2017.08.17 14:35:18.010,12.82929,12.83128,0.00,0.00
2017.08.17 14:35:18.060,12.82929,12.83039,0.00,0.00
2017.08.17 14:35:18.111,12.82868,12.83039,0.00,0.00
2017.08.17 14:35:18.162,12.82842,12.83022,0.00,0.00
2017.08.17 14:35:18.263,12.82841,12.83041,0.00,0.00
2017.08.17 14:35:18.491,12.82879,12.83068,0.00,0.00
2017.08.17 14:35:18.542,12.82891,12.83112,0.00,0.00
2017.08.17 14:35:18.593,12.82879,12.83112,0.00,0.00
2017.08.17 14:35:18.644,12.82879,12.83119,0.00,0.00
2017.08.17 14:35:18.695,12.82851,12.83069,0.00,0.00
2017.08.17 14:35:18.998,12.82852,12.83051,0.00,0.00
2017.08.17 14:35:19.150,12.82851,12.83062,0.00,0.00
2017.08.17 14:35:19.243,12.82851,12.83069,0.00,0.00
2017.08.17 14:35:19.523,12.82851,12.83062,0.00,0.00
2017.08.17 14:35:19.575,12.82851,12.83069,0.00,0.00
2017.08.17 14:35:19.726,12.82928,12.83101,0.00,0.00
2017.08.17 14:35:19.777,12.82928,12.83112,0.00,0.00
2017.08.17 14:35:19.878,12.82928,12.83151,0.00,0.00
2017.08.17 14:35:19.979,12.82928,12.83162,0.00,0.00
2017.08.17 14:35:20.030,12.82928,12.83159,0.00,0.00
2017.08.17 14:35:20.332,12.82952,12.83131,0.00,0.00
2017.08.17 14:35:20.679,12.82952,12.83162,0.00,0.00
2017.08.17 14:35:20.869,12.82951,12.83132,0.00,0.00
2017.08.17 14:35:20.970,12.82952,12.83162,0.00,0.00
2017.08.17 14:35:21.071,12.82951,12.83139,0.00,0.00
2017.08.17 14:35:21.222,12.82929,12.83122,0.00,0.00
2017.08.17 14:35:21.323,12.82838,12.83068,0.00,0.00
2017.08.17 14:35:21.374,12.82829,12.83069,0.00,0.00
2017.08.17 14:35:21.476,12.82852,12.83062,0.00,0.00
2017.08.17 14:35:21.648,12.82851,12.83122,0.00,0.00
2017.08.17 14:35:21.896,12.82852,12.83091,0.00,0.00
2017.08.17 14:35:21.997,12.82878,12.83121,0.00,0.00
2017.08.17 14:35:22.048,12.82889,12.83121,0.00,0.00
2017.08.17 14:35:22.099,12.82889,12.83161,0.00,0.00
2017.08.17 14:35:22.150,12.82889,12.83169,0.00,0.00
2017.08.17 14:35:22.352,12.82868,12.83122,0.00,0.00
2017.08.17 14:35:22.659,12.82842,12.83072,0.00,0.00
2017.08.17 14:35:22.912,12.82798,12.83069,0.00,0.00
2017.08.17 14:35:22.963,12.82828,12.83068,0.00,0.00
2017.08.17 14:35:23.064,12.82788,12.83068,0.00,0.00
2017.08.17 14:35:23.115,12.82851,12.83072,0.00,0.00
2017.08.17 14:35:23.165,12.82851,12.83082,0.00,0.00
2017.08.17 14:35:23.266,12.82851,12.83121,0.00,0.00
2017.08.17 14:35:23.367,12.82888,12.83121,0.00,0.00
2017.08.17 14:35:23.682,12.82899,12.83121,0.00,0.00
2017.08.17 14:35:23.985,12.82941,12.83172,0.00,0.00
2017.08.17 14:35:24.086,12.82952,12.83172,0.00,0.00
2017.08.17 14:35:24.187,12.82951,12.83202,0.00,0.00
2017.08.17 14:35:24.238,12.82941,12.83202,0.00,0.00
2017.08.17 14:35:24.389,12.82961,12.83211,0.00,0.00
2017.08.17 14:35:24.591,12.82959,12.83212,0.00,0.00
2017.08.17 14:35:24.641,12.82962,12.83212,0.00,0.00
2017.08.17 14:35:24.853,12.82989,12.83241,0.00,0.00
2017.08.17 14:35:25.020,12.82989,12.83261,0.00,0.00
2017.08.17 14:35:25.121,12.83052,12.83261,0.00,0.00
2017.08.17 14:35:25.222,12.83041,12.83269,0.00,0.00
2017.08.17 14:35:25.323,12.83039,12.83269,0.00,0.00
2017.08.17 14:35:25.373,12.83039,12.83252,0.00,0.00
2017.08.17 14:35:25.696,12.83088,12.83291,0.00,0.00
2017.08.17 14:35:25.836,12.83082,12.83291,0.00,0.00
2017.08.17 14:35:25.887,12.83041,12.83291,0.00,0.00
2017.08.17 14:35:25.937,12.83081,12.83291,0.00,0.00
2017.08.17 14:35:26.094,12.83088,12.83328,0.00,0.00
2017.08.17 14:35:26.196,12.83089,12.83301,0.00,0.00
2017.08.17 14:35:26.397,12.83081,12.83329,0.00,0.00
2017.08.17 14:35:26.448,12.83131,12.83332,0.00,0.00
2017.08.17 14:35:26.767,12.83131,12.83302,0.00,0.00
2017.08.17 14:35:26.868,12.83131,12.83329,0.00,0.00
2017.08.17 14:35:27.076,12.83131,12.83291,0.00,0.00
2017.08.17 14:35:27.127,12.83079,12.83268,0.00,0.00
2017.08.17 14:35:27.179,12.83028,12.83262,0.00,0.00
2017.08.17 14:35:27.280,12.83028,12.83232,0.00,0.00
2017.08.17 14:35:27.482,12.83079,12.83292,0.00,0.00
2017.08.17 14:35:27.532,12.83092,12.83292,0.00,0.00
2017.08.17 14:35:27.684,12.83128,12.83339,0.00,0.00
2017.08.17 14:35:27.878,12.83128,12.83331,0.00,0.00
2017.08.17 14:35:27.979,12.83128,12.83339,0.00,0.00
2017.08.17 14:35:28.433,12.83128,12.83359,0.00,0.00
2017.08.17 14:35:28.586,12.83128,12.83332,0.00,0.00
2017.08.17 14:35:28.888,12.83128,12.83369,0.00,0.00
2017.08.17 14:35:28.989,12.83128,12.83339,0.00,0.00
2017.08.17 14:35:29.257,12.83128,12.83342,0.00,0.00
2017.08.17 14:35:29.308,12.83088,12.83329,0.00,0.00
2017.08.17 14:35:29.359,12.83091,12.83329,0.00,0.00
2017.08.17 14:35:29.663,12.83129,12.83339,0.00,0.00
2017.08.17 14:35:29.916,12.83129,12.83359,0.00,0.00
2017.08.17 14:35:30.431,12.83129,12.83358,0.00,0.00
2017.08.17 14:35:30.482,12.83181,12.83421,0.00,0.00
2017.08.17 14:35:30.533,12.83232,12.83421,0.00,0.00
2017.08.17 14:35:30.583,12.83231,12.83469,0.00,0.00
2017.08.17 14:35:30.947,12.83411,12.83511,0.00,0.00
2017.08.17 14:35:30.997,12.83432,12.83591,0.00,0.00
2017.08.17 14:35:31.048,12.83352,12.83591,0.00,0.00
2017.08.17 14:35:31.098,12.83428,12.83629,0.00,0.00
2017.08.17 14:35:31.149,12.83431,12.83639,0.00,0.00
2017.08.17 14:35:31.200,12.83432,12.83642,0.00,0.00
2017.08.17 14:35:31.300,12.83431,12.83652,0.00,0.00
2017.08.17 14:35:31.401,12.83431,12.83669,0.00,0.00
2017.08.17 14:35:31.571,12.83432,12.83662,0.00,0.00
2017.08.17 14:35:31.773,12.83431,12.83669,0.00,0.00
2017.08.17 14:35:31.975,12.83431,12.83641,0.00,0.00
2017.08.17 14:35:32.076,12.83431,12.83669,0.00,0.00
2017.08.17 14:35:32.586,12.83431,12.83662,0.00,0.00
2017.08.17 14:35:32.889,12.83349,12.83569,0.00,0.00
2017.08.17 14:35:32.990,12.83331,12.83569,0.00,0.00
2017.08.17 14:35:33.205,12.83381,12.83592,0.00,0.00
2017.08.17 14:35:33.256,12.83378,12.83639,0.00,0.00
2017.08.17 14:35:33.306,12.83389,12.83639,0.00,0.00
2017.08.17 14:35:33.609,12.83341,12.83569,0.00,0.00
2017.08.17 14:35:33.659,12.83331,12.83569,0.00,0.00
2017.08.17 14:35:33.811,12.83332,12.83561,0.00,0.00
2017.08.17 14:35:34.012,12.83332,12.83568,0.00,0.00
2017.08.17 14:35:34.548,12.83331,12.83569,0.00,0.00
2017.08.17 14:35:34.800,12.83381,12.83572,0.00,0.00
2017.08.17 14:35:34.850,12.83379,12.83572,0.00,0.00
2017.08.17 14:35:34.901,12.83379,12.83629,0.00,0.00
2017.08.17 14:35:34.952,12.83428,12.83629,0.00,0.00
2017.08.17 14:35:35.053,12.83381,12.83629,0.00,0.00
2017.08.17 14:35:35.103,12.83431,12.83641,0.00,0.00
2017.08.17 14:35:35.411,12.83348,12.83602,0.00,0.00
2017.08.17 14:35:35.462,12.83332,12.83568,0.00,0.00
2017.08.17 14:35:35.859,12.83318,12.83552,0.00,0.00
2017.08.17 14:35:36.011,12.83281,12.83522,0.00,0.00
2017.08.17 14:35:36.112,12.83258,12.83469,0.00,0.00
2017.08.17 14:35:36.249,12.83231,12.83469,0.00,0.00
2017.08.17 14:35:36.791,12.83231,12.83461,0.00,0.00
2017.08.17 14:35:37.208,12.83231,12.83469,0.00,0.00
2017.08.17 14:35:37.379,12.83231,12.83461,0.00,0.00
2017.08.17 14:35:37.699,12.83231,12.83468,0.00,0.00
2017.08.17 14:35:38.293,12.83231,12.83469,0.00,0.00
2017.08.17 14:35:38.482,12.83279,12.83502,0.00,0.00
2017.08.17 14:35:38.583,12.83329,12.83569,0.00,0.00
2017.08.17 14:35:38.784,12.83329,12.83532,0.00,0.00
2017.08.17 14:35:38.885,12.83241,12.83522,0.00,0.00
2017.08.17 14:35:39.009,12.82988,12.83272,0.00,0.00
2017.08.17 14:35:39.060,12.82988,12.83139,0.00,0.00
2017.08.17 14:35:39.110,12.82879,12.83119,0.00,0.00
2017.08.17 14:35:39.161,12.82879,12.83129,0.00,0.00
2017.08.17 14:35:39.212,12.82879,12.83119,0.00,0.00
2017.08.17 14:35:39.262,12.82878,12.83129,0.00,0.00
2017.08.17 14:35:39.313,12.82878,12.83068,0.00,0.00
2017.08.17 14:35:39.414,12.82828,12.83069,0.00,0.00
2017.08.17 14:35:40.210,12.82839,12.83068,0.00,0.00
2017.08.17 14:35:40.523,12.82888,12.83068,0.00,0.00
2017.08.17 14:35:40.624,12.82839,12.83069,0.00,0.00
2017.08.17 14:35:40.816,12.82839,12.83012,0.00,0.00
2017.08.17 14:35:40.917,12.82788,12.83012,0.00,0.00
2017.08.17 14:35:41.018,12.82839,12.83068,0.00,0.00
2017.08.17 14:35:41.118,12.82868,12.83068,0.00,0.00
2017.08.17 14:35:41.219,12.82858,12.83068,0.00,0.00
2017.08.17 14:35:41.437,12.82849,12.83068,0.00,0.00
2017.08.17 14:35:41.538,12.82839,12.83068,0.00,0.00
2017.08.17 14:35:41.725,12.82859,12.83068,0.00,0.00
2017.08.17 14:35:41.789,12.82848,12.83068,0.00,0.00
2017.08.17 14:35:41.890,12.82839,12.83069,0.00,0.00
2017.08.17 14:35:42.403,12.82848,12.83069,0.00,0.00
2017.08.17 14:35:42.490,12.82839,12.83069,0.00,0.00
2017.08.17 14:35:42.591,12.82849,12.83068,0.00,0.00
2017.08.17 14:35:43.026,12.82839,12.83068,0.00,0.00
2017.08.17 14:35:43.229,12.82859,12.83069,0.00,0.00
2017.08.17 14:35:43.527,12.82839,12.83068,0.00,0.00
2017.08.17 14:35:43.629,12.82879,12.83069,0.00,0.00
2017.08.17 14:35:43.940,12.82868,12.83068,0.00,0.00
2017.08.17 14:35:43.993,12.82879,12.83068,0.00,0.00
2017.08.17 14:35:44.320,12.82868,12.83068,0.00,0.00
2017.08.17 14:35:44.421,12.82859,12.83068,0.00,0.00
2017.08.17 14:35:44.601,12.82888,12.83069,0.00,0.00
2017.08.17 14:35:44.937,12.82859,12.83069,0.00,0.00
2017.08.17 14:35:45.090,12.82861,12.83069,0.00,0.00
2017.08.17 14:35:45.396,12.82878,12.83068,0.00,0.00
2017.08.17 14:35:45.740,12.82839,12.82928,0.00,0.00
2017.08.17 14:35:45.842,12.82709,12.82929,0.00,0.00
2017.08.17 14:35:45.893,12.82709,12.82912,0.00,0.00
2017.08.17 14:35:45.943,12.82689,12.82912,0.00,0.00
2017.08.17 14:35:45.994,12.82689,12.82812,0.00,0.00
2017.08.17 14:35:46.044,12.82639,12.82812,0.00,0.00
2017.08.17 14:35:46.216,12.82579,12.82812,0.00,0.00
2017.08.17 14:35:46.317,12.82608,12.82812,0.00,0.00
2017.08.17 14:35:46.418,12.82599,12.82812,0.00,0.00
2017.08.17 14:35:46.519,12.82562,12.82758,0.00,0.00
2017.08.17 14:35:46.892,12.82561,12.82822,0.00,0.00
2017.08.17 14:35:47.043,12.82589,12.82822,0.00,0.00
2017.08.17 14:35:47.421,12.82608,12.82822,0.00,0.00
2017.08.17 14:35:47.929,12.82619,12.82822,0.00,0.00
2017.08.17 14:35:48.238,12.82648,12.82829,0.00,0.00
2017.08.17 14:35:48.419,12.82638,12.82822,0.00,0.00
2017.08.17 14:35:48.520,12.82588,12.82822,0.00,0.00
2017.08.17 14:35:48.621,12.82571,12.82822,0.00,0.00
2017.08.17 14:35:48.823,12.82579,12.82822,0.00,0.00
2017.08.17 14:35:48.928,12.82571,12.82822,0.00,0.00
2017.08.17 14:35:49.053,12.82571,12.82759,0.00,0.00
2017.08.17 14:35:49.356,12.82398,12.82619,0.00,0.00
2017.08.17 14:35:49.647,12.82388,12.82618,0.00,0.00
2017.08.17 14:35:49.749,12.82412,12.82628,0.00,0.00
2017.08.17 14:35:50.051,12.82479,12.82629,0.00,0.00
2017.08.17 14:35:50.227,12.82449,12.82629,0.00,0.00
2017.08.17 14:35:50.513,12.82478,12.82628,0.00,0.00
2017.08.17 14:35:50.564,12.82478,12.82638,0.00,0.00
2017.08.17 14:35:50.615,12.82489,12.82709,0.00,0.00
2017.08.17 14:35:50.716,12.82498,12.82709,0.00,0.00
2017.08.17 14:35:50.917,12.82478,12.82709,0.00,0.00
2017.08.17 14:35:51.216,12.82449,12.82709,0.00,0.00
2017.08.17 14:35:51.406,12.82458,12.82709,0.00,0.00
2017.08.17 14:35:51.736,12.82478,12.82621,0.00,0.00
2017.08.17 14:35:51.837,12.82472,12.82648,0.00,0.00
2017.08.17 14:35:51.938,12.82428,12.82618,0.00,0.00
2017.08.17 14:35:52.039,12.82378,12.82619,0.00,0.00
2017.08.17 14:35:52.140,12.82388,12.82619,0.00,0.00
2017.08.17 14:35:52.241,12.82411,12.82649,0.00,0.00
2017.08.17 14:35:52.292,12.82398,12.82648,0.00,0.00
2017.08.17 14:35:52.342,12.82448,12.82649,0.00,0.00
2017.08.17 14:35:52.645,12.82371,12.82579,0.00,0.00
2017.08.17 14:35:52.755,12.82358,12.82579,0.00,0.00
2017.08.17 14:35:52.878,12.82358,12.82519,0.00,0.00
2017.08.17 14:35:53.029,12.82288,12.82519,0.00,0.00
2017.08.17 14:35:53.147,12.82279,12.82519,0.00,0.00
2017.08.17 14:35:53.198,12.82279,12.82419,0.00,0.00
2017.08.17 14:35:53.248,12.82268,12.82418,0.00,0.00
2017.08.17 14:35:53.349,12.82199,12.82419,0.00,0.00
2017.08.17 14:35:53.450,12.82169,12.82419,0.00,0.00
2017.08.17 14:35:53.755,12.82218,12.82418,0.00,0.00
2017.08.17 14:35:53.856,12.82168,12.82419,0.00,0.00
2017.08.17 14:35:53.957,12.82158,12.82419,0.00,0.00
2017.08.17 14:35:54.360,12.82189,12.82418,0.00,0.00
2017.08.17 14:35:54.667,12.82069,12.82329,0.00,0.00
2017.08.17 14:35:54.718,12.82069,12.82249,0.00,0.00
2017.08.17 14:35:54.819,12.82058,12.82249,0.00,0.00
2017.08.17 14:35:54.920,12.82041,12.82291,0.00,0.00
2017.08.17 14:35:55.021,12.82079,12.82291,0.00,0.00
2017.08.17 14:35:55.324,12.82118,12.82291,0.00,0.00
2017.08.17 14:35:55.426,12.82092,12.82341,0.00,0.00
2017.08.17 14:35:55.476,12.82142,12.82341,0.00,0.00
2017.08.17 14:35:55.647,12.82178,12.82392,0.00,0.00
2017.08.17 14:35:55.749,12.82238,12.82392,0.00,0.00
2017.08.17 14:35:55.951,12.82141,12.82392,0.00,0.00
2017.08.17 14:35:56.052,12.82158,12.82392,0.00,0.00
2017.08.17 14:35:56.454,12.82128,12.82308,0.00,0.00
2017.08.17 14:35:56.556,12.82081,12.82309,0.00,0.00
2017.08.17 14:35:57.060,12.82131,12.82361,0.00,0.00
2017.08.17 14:35:57.111,12.82181,12.82361,0.00,0.00
2017.08.17 14:35:57.161,12.82181,12.82381,0.00,0.00
2017.08.17 14:35:57.354,12.82181,12.82409,0.00,0.00
2017.08.17 14:35:57.657,12.82178,12.82329,0.00,0.00
2017.08.17 14:35:57.859,12.82081,12.82329,0.00,0.00
2017.08.17 14:35:57.959,12.82081,12.82322,0.00,0.00
2017.08.17 14:35:58.375,12.82082,12.82328,0.00,0.00
2017.08.17 14:35:58.527,12.82081,12.82322,0.00,0.00
2017.08.17 14:35:58.628,12.82082,12.82328,0.00,0.00
2017.08.17 14:35:59.032,12.82131,12.82359,0.00,0.00
2017.08.17 14:35:59.234,12.82182,12.82418,0.00,0.00
2017.08.17 14:35:59.414,12.82258,12.82419,0.00,0.00
2017.08.17 14:35:59.465,12.82258,12.82429,0.00,0.00
2017.08.17 14:35:59.566,12.82179,12.82379,0.00,0.00
2017.08.17 14:35:59.667,12.82171,12.82379,0.00,0.00
2017.08.17 14:35:59.729,12.82171,12.82349,0.00,0.00
2017.08.17 14:35:59.780,12.82119,12.82351,0.00,0.00
2017.08.17 14:35:59.831,12.82108,12.82351,0.00,0.00
2017.08.17 14:35:59.882,12.82108,12.82258,0.00,0.00
2017.08.17 14:35:59.932,12.82071,12.82249,0.00,0.00
2017.08.17 14:35:59.983,12.82058,12.82229,0.00,0.00
2017.08.17 14:36:00.034,12.82021,12.82249,0.00,0.00
2017.08.17 14:36:00.085,12.81998,12.82251,0.00,0.00
2017.08.17 14:36:00.238,12.82058,12.82278,0.00,0.00
2017.08.17 14:36:00.289,12.82058,12.82319,0.00,0.00
2017.08.17 14:36:00.440,12.82069,12.82319,0.00,0.00
2017.08.17 14:36:00.642,12.82058,12.82318,0.00,0.00
2017.08.17 14:36:00.693,12.82038,12.82249,0.00,0.00
2017.08.17 14:36:01.025,12.82058,12.82279,0.00,0.00
2017.08.17 14:36:01.227,12.82058,12.82301,0.00,0.00
2017.08.17 14:36:01.278,12.82058,12.82268,0.00,0.00
2017.08.17 14:36:01.329,12.82058,12.82301,0.00,0.00
2017.08.17 14:36:01.380,12.82059,12.82318,0.00,0.00
2017.08.17 14:36:01.431,12.82109,12.82318,0.00,0.00
2017.08.17 14:36:01.582,12.82201,12.82422,0.00,0.00
2017.08.17 14:36:01.633,12.82251,12.82422,0.00,0.00
2017.08.17 14:36:01.787,12.82308,12.82512,0.00,0.00
2017.08.17 14:36:01.888,12.82352,12.82552,0.00,0.00
2017.08.17 14:36:01.939,12.82298,12.82529,0.00,0.00
2017.08.17 14:36:02.040,12.82258,12.82502,0.00,0.00
2017.08.17 14:36:02.267,12.82258,12.82511,0.00,0.00
2017.08.17 14:36:02.340,12.82258,12.82528,0.00,0.00
2017.08.17 14:36:02.441,12.82258,12.82502,0.00,0.00
2017.08.17 14:36:02.725,12.82291,12.82552,0.00,0.00
2017.08.17 14:36:02.776,12.82351,12.82552,0.00,0.00
2017.08.17 14:36:02.877,12.82358,12.82581,0.00,0.00
2017.08.17 14:36:02.989,12.82358,12.82609,0.00,0.00
2017.08.17 14:36:03.348,12.82409,12.82582,0.00,0.00
2017.08.17 14:36:03.492,12.82422,12.82621,0.00,0.00
2017.08.17 14:36:03.593,12.82422,12.82668,0.00,0.00
2017.08.17 14:36:03.644,12.82388,12.82652,0.00,0.00
2017.08.17 14:36:03.695,12.82379,12.82629,0.00,0.00
2017.08.17 14:36:03.745,12.82371,12.82622,0.00,0.00
2017.08.17 14:36:03.847,12.82372,12.82572,0.00,0.00
2017.08.17 14:36:04.256,12.82471,12.82601,0.00,0.00
2017.08.17 14:36:04.306,12.82389,12.82629,0.00,0.00
2017.08.17 14:36:04.357,12.82372,12.82598,0.00,0.00
2017.08.17 14:36:04.660,12.82371,12.82572,0.00,0.00
2017.08.17 14:36:04.864,12.82309,12.82528,0.00,0.00
2017.08.17 14:36:04.915,12.82309,12.82469,0.00,0.00
2017.08.17 14:36:04.965,12.82272,12.82468,0.00,0.00
2017.08.17 14:36:05.327,12.82271,12.82452,0.00,0.00
2017.08.17 14:36:05.378,12.82178,12.82429,0.00,0.00
2017.08.17 14:36:05.429,12.82182,12.82428,0.00,0.00
2017.08.17 14:36:05.736,12.82219,12.82392,0.00,0.00
2017.08.17 14:36:05.888,12.82281,12.82461,0.00,0.00
2017.08.17 14:36:05.989,12.82281,12.82469,0.00,0.00
2017.08.17 14:36:06.141,12.82282,12.82498,0.00,0.00
2017.08.17 14:36:06.348,12.82282,12.82508,0.00,0.00
2017.08.17 14:36:06.537,12.82282,12.82498,0.00,0.00
2017.08.17 14:36:06.587,12.82281,12.82509,0.00,0.00
2017.08.17 14:36:06.638,12.82331,12.82521,0.00,0.00
2017.08.17 14:36:06.789,12.82331,12.82569,0.00,0.00
2017.08.17 14:36:07.055,12.82332,12.82542,0.00,0.00
2017.08.17 14:36:07.156,12.82332,12.82562,0.00,0.00
2017.08.17 14:36:07.207,12.82281,12.82519,0.00,0.00
2017.08.17 14:36:07.308,12.82368,12.82572,0.00,0.00
2017.08.17 14:36:07.470,12.82368,12.82579,0.00,0.00
2017.08.17 14:36:07.543,12.82368,12.82609,0.00,0.00
2017.08.17 14:36:07.695,12.82368,12.82592,0.00,0.00
2017.08.17 14:36:07.796,12.82368,12.82609,0.00,0.00
2017.08.17 14:36:08.435,12.82368,12.82608,0.00,0.00
2017.08.17 14:36:08.810,12.82469,12.82652,0.00,0.00
2017.08.17 14:36:08.962,12.82428,12.82639,0.00,0.00
2017.08.17 14:36:09.063,12.82481,12.82669,0.00,0.00
2017.08.17 14:36:09.164,12.82469,12.82669,0.00,0.00
2017.08.17 14:36:09.215,12.82431,12.82669,0.00,0.00
2017.08.17 14:36:09.316,12.82482,12.82698,0.00,0.00
2017.08.17 14:36:09.589,12.82481,12.82729,0.00,0.00
2017.08.17 14:36:09.639,12.82519,12.82731,0.00,0.00
2017.08.17 14:36:09.792,12.82582,12.82798,0.00,0.00
2017.08.17 14:36:09.994,12.82582,12.82782,0.00,0.00
2017.08.17 14:36:10.063,12.82582,12.82798,0.00,0.00
2017.08.17 14:36:10.114,12.82582,12.82822,0.00,0.00
2017.08.17 14:36:10.165,12.82632,12.82822,0.00,0.00
2017.08.17 14:36:10.391,12.82682,12.82878,0.00,0.00
2017.08.17 14:36:10.542,12.82668,12.82921,0.00,0.00
2017.08.17 14:36:10.593,12.82668,12.82881,0.00,0.00
2017.08.17 14:36:10.694,12.82682,12.82922,0.00,0.00
2017.08.17 14:36:10.795,12.82681,12.82929,0.00,0.00
2017.08.17 14:36:10.846,12.82731,12.82941,0.00,0.00
2017.08.17 14:36:11.129,12.82781,12.83029,0.00,0.00
2017.08.17 14:36:11.180,12.82781,12.83022,0.00,0.00
2017.08.17 14:36:11.483,12.82782,12.82982,0.00,0.00
2017.08.17 14:36:11.672,12.82782,12.83022,0.00,0.00
2017.08.17 14:36:11.773,12.82788,12.83029,0.00,0.00
2017.08.17 14:36:11.981,12.82781,12.83001,0.00,0.00
2017.08.17 14:36:12.289,12.82781,12.83029,0.00,0.00
2017.08.17 14:36:12.672,12.82781,12.83011,0.00,0.00
2017.08.17 14:36:12.877,12.82781,12.83029,0.00,0.00
2017.08.17 14:36:12.991,12.82781,12.83011,0.00,0.00
2017.08.17 14:36:13.294,12.82881,12.83092,0.00,0.00
2017.08.17 14:36:13.495,12.82881,12.83112,0.00,0.00
2017.08.17 14:36:13.647,12.82918,12.83112,0.00,0.00
2017.08.17 14:36:13.697,12.82918,12.83122,0.00,0.00
2017.08.17 14:36:13.848,12.82882,12.83128,0.00,0.00
2017.08.17 14:36:13.899,12.82881,12.83082,0.00,0.00
2017.08.17 14:36:14.157,12.82881,12.83122,0.00,0.00
2017.08.17 14:36:14.208,12.82931,12.83141,0.00,0.00
2017.08.17 14:36:14.410,12.82982,12.83201,0.00,0.00
2017.08.17 14:36:14.814,12.82981,12.83162,0.00,0.00
2017.08.17 14:36:14.915,12.82982,12.83191,0.00,0.00
2017.08.17 14:36:15.185,12.82981,12.83162,0.00,0.00
2017.08.17 14:36:15.513,12.82982,12.83192,0.00,0.00
2017.08.17 14:36:15.918,12.82982,12.83182,0.00,0.00
2017.08.17 14:36:16.097,12.82982,12.83202,0.00,0.00
2017.08.17 14:36:16.423,12.82981,12.83192,0.00,0.00
2017.08.17 14:36:16.524,12.82981,12.83212,0.00,0.00
2017.08.17 14:36:16.582,12.82981,12.83201,0.00,0.00
2017.08.17 14:36:16.683,12.82982,12.83212,0.00,0.00
2017.08.17 14:36:16.734,12.83068,12.83212,0.00,0.00
2017.08.17 14:36:16.885,12.83068,12.83282,0.00,0.00
2017.08.17 14:36:17.113,12.83068,12.83252,0.00,0.00
2017.08.17 14:36:17.718,12.83068,12.83282,0.00,0.00
2017.08.17 14:36:17.988,12.83068,12.83252,0.00,0.00
2017.08.17 14:36:18.204,12.83068,12.83292,0.00,0.00
2017.08.17 14:36:18.306,12.83068,12.83302,0.00,0.00
2017.08.17 14:36:18.407,12.83068,12.83292,0.00,0.00
2017.08.17 14:36:18.937,12.83068,12.83262,0.00,0.00
2017.08.17 14:36:18.988,12.83068,12.83292,0.00,0.00
2017.08.17 14:36:19.107,12.83068,12.83262,0.00,0.00
2017.08.17 14:36:19.208,12.83068,12.83302,0.00,0.00
2017.08.17 14:36:19.388,12.83068,12.83271,0.00,0.00
2017.08.17 14:36:19.688,12.83068,12.83281,0.00,0.00
2017.08.17 14:36:19.739,12.83092,12.83281,0.00,0.00
2017.08.17 14:36:19.891,12.83168,12.83371,0.00,0.00
2017.08.17 14:36:19.992,12.83168,12.83381,0.00,0.00
2017.08.17 14:36:20.260,12.83168,12.83392,0.00,0.00
2017.08.17 14:36:20.513,12.83168,12.83402,0.00,0.00
2017.08.17 14:36:20.614,12.83232,12.83402,0.00,0.00
2017.08.17 14:36:20.816,12.83281,12.83492,0.00,0.00
2017.08.17 14:36:20.934,12.83282,12.83502,0.00,0.00
2017.08.17 14:36:21.138,12.83282,12.83472,0.00,0.00
2017.08.17 14:36:21.239,12.83181,12.83429,0.00,0.00
2017.08.17 14:36:21.340,12.83208,12.83429,0.00,0.00
2017.08.17 14:36:21.643,12.83182,12.83402,0.00,0.00
2017.08.17 14:36:21.945,12.83181,12.83362,0.00,0.00
2017.08.17 14:36:22.054,12.83181,12.83392,0.00,0.00
2017.08.17 14:36:22.206,12.83181,12.83409,0.00,0.00
2017.08.17 14:36:22.256,12.83182,12.83368,0.00,0.00
2017.08.17 14:36:22.307,12.83131,12.83319,0.00,0.00
2017.08.17 14:36:22.358,12.83132,12.83378,0.00,0.00
2017.08.17 14:36:22.408,12.83181,12.83312,0.00,0.00
2017.08.17 14:36:22.509,12.83182,12.83362,0.00,0.00
2017.08.17 14:36:22.610,12.83182,12.83391,0.00,0.00
2017.08.17 14:36:22.828,12.83131,12.83359,0.00,0.00
2017.08.17 14:36:23.021,12.83119,12.83319,0.00,0.00
2017.08.17 14:36:23.072,12.83081,12.83319,0.00,0.00
2017.08.17 14:36:23.224,12.83081,12.83279,0.00,0.00
2017.08.17 14:36:23.376,12.82998,12.83259,0.00,0.00
2017.08.17 14:36:23.427,12.83031,12.83259,0.00,0.00
2017.08.17 14:36:23.731,12.83078,12.83272,0.00,0.00
2017.08.17 14:36:23.830,12.83051,12.83279,0.00,0.00
2017.08.17 14:36:23.881,12.83029,12.83218,0.00,0.00
2017.08.17 14:36:23.932,12.82989,12.83219,0.00,0.00
2017.08.17 14:36:24.033,12.82978,12.83192,0.00,0.00
2017.08.17 14:36:24.200,12.82908,12.83129,0.00,0.00
2017.08.17 14:36:24.251,12.82939,12.83129,0.00,0.00
2017.08.17 14:36:24.352,12.82879,12.83101,0.00,0.00
2017.08.17 14:36:24.749,12.82879,12.83128,0.00,0.00
2017.08.17 14:36:24.800,12.82979,12.83132,0.00,0.00
2017.08.17 14:36:24.850,12.82979,12.83169,0.00,0.00
2017.08.17 14:36:25.355,12.82979,12.83151,0.00,0.00
2017.08.17 14:36:25.405,12.82979,12.83161,0.00,0.00
2017.08.17 14:36:25.506,12.82979,12.83188,0.00,0.00
2017.08.17 14:36:26.028,12.82979,12.83189,0.00,0.00
2017.08.17 14:36:26.079,12.82968,12.83188,0.00,0.00
2017.08.17 14:36:26.129,12.82968,12.83172,0.00,0.00
2017.08.17 14:36:26.331,12.82981,12.83209,0.00,0.00
2017.08.17 14:36:26.382,12.83002,12.83241,0.00,0.00
2017.08.17 14:36:26.433,12.83051,12.83241,0.00,0.00
2017.08.17 14:36:26.611,12.83068,12.83269,0.00,0.00
2017.08.17 14:36:26.784,12.83052,12.83268,0.00,0.00
2017.08.17 14:36:26.835,12.83028,12.83268,0.00,0.00
2017.08.17 14:36:26.936,12.82999,12.83242,0.00,0.00
2017.08.17 14:36:27.037,12.82978,12.83219,0.00,0.00
2017.08.17 14:36:27.088,12.82948,12.83192,0.00,0.00
2017.08.17 14:36:27.139,12.82928,12.83192,0.00,0.00
2017.08.17 14:36:27.290,12.82991,12.83191,0.00,0.00
2017.08.17 14:36:27.452,12.82978,12.83191,0.00,0.00
2017.08.17 14:36:27.553,12.83029,12.83291,0.00,0.00
2017.08.17 14:36:27.830,12.83128,12.83302,0.00,0.00
2017.08.17 14:36:27.931,12.83128,12.83391,0.00,0.00
2017.08.17 14:36:28.032,12.83138,12.83392,0.00,0.00
2017.08.17 14:36:28.333,12.83178,12.83392,0.00,0.00
2017.08.17 14:36:28.434,12.83129,12.83392,0.00,0.00
2017.08.17 14:36:28.740,12.83161,12.83392,0.00,0.00
2017.08.17 14:36:28.942,12.83239,12.83492,0.00,0.00
2017.08.17 14:36:29.226,12.83228,12.83491,0.00,0.00
2017.08.17 14:36:29.630,12.83238,12.83492,0.00,0.00
2017.08.17 14:36:29.931,12.83228,12.83492,0.00,0.00
2017.08.17 14:36:30.047,12.83258,12.83492,0.00,0.00
2017.08.17 14:36:30.296,12.83228,12.83492,0.00,0.00
2017.08.17 14:36:30.448,12.83239,12.83492,0.00,0.00
2017.08.17 14:36:30.549,12.83228,12.83491,0.00,0.00
2017.08.17 14:36:30.650,12.83228,12.83482,0.00,0.00
2017.08.17 14:36:30.751,12.83228,12.83492,0.00,0.00
2017.08.17 14:36:30.852,12.83238,12.83468,0.00,0.00
2017.08.17 14:36:31.060,12.83149,12.83402,0.00,0.00
2017.08.17 14:36:31.161,12.83138,12.83402,0.00,0.00
2017.08.17 14:36:31.262,12.83191,12.83402,0.00,0.00
2017.08.17 14:36:31.363,12.83191,12.83412,0.00,0.00
2017.08.17 14:36:31.464,12.83192,12.83418,0.00,0.00
2017.08.17 14:36:31.515,12.83192,12.83442,0.00,0.00
2017.08.17 14:36:31.616,12.83178,12.83442,0.00,0.00
2017.08.17 14:36:31.666,12.83199,12.83442,0.00,0.00
2017.08.17 14:36:31.722,12.83178,12.83442,0.00,0.00
2017.08.17 14:36:31.823,12.83191,12.83442,0.00,0.00
2017.08.17 14:36:32.143,12.83198,12.83442,0.00,0.00
2017.08.17 14:36:32.244,12.83191,12.83442,0.00,0.00
2017.08.17 14:36:32.347,12.83229,12.83462,0.00,0.00
2017.08.17 14:36:32.448,12.83229,12.83469,0.00,0.00
2017.08.17 14:36:32.499,12.83198,12.83441,0.00,0.00
2017.08.17 14:36:32.802,12.83199,12.83468,0.00,0.00
2017.08.17 14:36:32.953,12.83189,12.83462,0.00,0.00
2017.08.17 14:36:33.004,12.83189,12.83419,0.00,0.00
2017.08.17 14:36:33.055,12.83188,12.83441,0.00,0.00
2017.08.17 14:36:33.106,12.83211,12.83441,0.00,0.00
2017.08.17 14:36:33.241,12.83199,12.83469,0.00,0.00
2017.08.17 14:36:33.426,12.83199,12.83422,0.00,0.00
2017.08.17 14:36:33.628,12.83238,12.83482,0.00,0.00
2017.08.17 14:36:33.700,12.83211,12.83472,0.00,0.00
2017.08.17 14:36:33.751,12.83198,12.83469,0.00,0.00
2017.08.17 14:36:33.803,12.83212,12.83472,0.00,0.00
2017.08.17 14:36:33.955,12.83238,12.835,0.00,0.00
2017.08.17 14:36:34.346,12.83238,12.83478,0.00,0.00
2017.08.17 14:36:34.649,12.83238,12.83461,0.00,0.00
2017.08.17 14:36:34.980,12.83238,12.83472,0.00,0.00
2017.08.17 14:36:35.031,12.83238,12.835,0.00,0.00
2017.08.17 14:36:35.233,12.83292,12.835,0.00,0.00
2017.08.17 14:36:35.556,12.83339,12.835,0.00,0.00
2017.08.17 14:36:35.969,12.83392,12.835,0.00,0.00
2017.08.17 14:36:36.356,12.83428,12.835,0.00,0.00
2017.08.17 14:36:36.837,12.83448,12.835,0.00,0.00
2017.08.17 14:36:37.038,12.83428,12.835,0.00,0.00
2017.08.17 14:36:37.291,12.83459,12.835,0.00,0.00
2017.08.17 14:36:37.573,12.83409,12.835,0.00,0.00
2017.08.17 14:36:37.674,12.83339,12.835,0.00,0.00
2017.08.17 14:36:37.977,12.83388,12.835,0.00,0.00
2017.08.17 14:36:38.345,12.83368,12.835,0.00,0.00
2017.08.17 14:36:38.446,12.83392,12.835,0.00,0.00
2017.08.17 14:36:38.749,12.83388,12.835,0.00,0.00
2017.08.17 14:36:38.850,12.83348,12.835,0.00,0.00
2017.08.17 14:36:38.900,12.83391,12.835,0.00,0.00
2017.08.17 14:36:39.228,12.83458,12.835,0.00,0.00
2017.08.17 14:36:39.279,12.83429,12.835,0.00,0.00
2017.08.17 14:36:39.589,12.83439,12.835,0.00,0.00
2017.08.17 14:36:39.940,12.83469,12.835,0.00,0.00
2017.08.17 14:36:40.245,12.83529,12.83752,0.00,0.00
2017.08.17 14:36:40.296,12.83538,12.83768,0.00,0.00
2017.08.17 14:36:40.346,12.83548,12.83768,0.00,0.00
2017.08.17 14:36:40.398,12.83591,12.83832,0.00,0.00
2017.08.17 14:36:40.449,12.83638,12.83841,0.00,0.00
2017.08.17 14:36:40.500,12.83638,12.83891,0.00,0.00
2017.08.17 14:36:40.663,12.83729,12.83968,0.00,0.00
2017.08.17 14:36:40.865,12.83638,12.83892,0.00,0.00
2017.08.17 14:36:41.087,12.83678,12.83878,0.00,0.00
2017.08.17 14:36:41.195,12.83668,12.83878,0.00,0.00
2017.08.17 14:36:41.246,12.83692,12.83941,0.00,0.00
2017.08.17 14:36:41.296,12.83711,12.83941,0.00,0.00
2017.08.17 14:36:41.397,12.83758,12.83992,0.00,0.00
2017.08.17 14:36:41.498,12.83778,12.83979,0.00,0.00
2017.08.17 14:36:41.549,12.83729,12.83992,0.00,0.00
2017.08.17 14:36:41.650,12.83791,12.84042,0.00,0.00
2017.08.17 14:36:41.852,12.83728,12.83992,0.00,0.00
2017.08.17 14:36:41.993,12.83811,12.83992,0.00,0.00
2017.08.17 14:36:42.051,12.83819,12.84069,0.00,0.00
2017.08.17 14:36:42.102,12.83819,12.83929,0.00,0.00
2017.08.17 14:36:42.152,12.83711,12.83922,0.00,0.00
2017.08.17 14:36:42.203,12.83708,12.83919,0.00,0.00
2017.08.17 14:36:42.254,12.83638,12.83918,0.00,0.00
2017.08.17 14:36:42.357,12.83648,12.83918,0.00,0.00
2017.08.17 14:36:42.458,12.83689,12.83962,0.00,0.00
2017.08.17 14:36:42.608,12.83678,12.83919,0.00,0.00
2017.08.17 14:36:42.912,12.83728,12.83969,0.00,0.00
2017.08.17 14:36:43.063,12.83739,12.83998,0.00,0.00
2017.08.17 14:36:43.164,12.83749,12.83999,0.00,0.00
2017.08.17 14:36:43.499,12.83649,12.83918,0.00,0.00
2017.08.17 14:36:43.751,12.83649,12.83868,0.00,0.00
2017.08.17 14:36:43.802,12.83639,12.83868,0.00,0.00
2017.08.17 14:36:44.054,12.83609,12.83819,0.00,0.00
2017.08.17 14:36:44.394,12.83688,12.83918,0.00,0.00
2017.08.17 14:36:44.596,12.83648,12.83919,0.00,0.00
2017.08.17 14:36:44.747,12.83688,12.83932,0.00,0.00
2017.08.17 14:36:44.798,12.83688,12.83968,0.00,0.00
2017.08.17 14:36:44.849,12.83712,12.83972,0.00,0.00
2017.08.17 14:36:44.900,12.83729,12.83991,0.00,0.00
2017.08.17 14:36:44.950,12.83729,12.83969,0.00,0.00
2017.08.17 14:36:45.101,12.83739,12.83991,0.00,0.00
2017.08.17 14:36:45.226,12.83711,12.83941,0.00,0.00
2017.08.17 14:36:45.378,12.83588,12.83841,0.00,0.00
2017.08.17 14:36:45.530,12.83588,12.83792,0.00,0.00
2017.08.17 14:36:45.581,12.83581,12.83792,0.00,0.00
2017.08.17 14:36:45.733,12.83558,12.83792,0.00,0.00
2017.08.17 14:36:46.044,12.83558,12.83729,0.00,0.00
2017.08.17 14:36:46.095,12.83509,12.83692,0.00,0.00
2017.08.17 14:36:46.196,12.83482,12.83692,0.00,0.00
2017.08.17 14:36:46.247,12.83482,12.83741,0.00,0.00
2017.08.17 14:36:46.297,12.83498,12.83741,0.00,0.00
2017.08.17 14:36:46.500,12.83506,12.83791,0.00,0.00
2017.08.17 14:36:46.550,12.83529,12.83769,0.00,0.00
2017.08.17 14:36:46.997,12.83548,12.83769,0.00,0.00
2017.08.17 14:36:47.300,12.83438,12.83679,0.00,0.00
2017.08.17 14:36:47.401,12.83438,12.83691,0.00,0.00
2017.08.17 14:36:47.603,12.83478,12.83691,0.00,0.00
2017.08.17 14:36:47.765,12.83469,12.83691,0.00,0.00
2017.08.17 14:36:48.099,12.83481,12.83741,0.00,0.00
2017.08.17 14:36:48.150,12.83479,12.83719,0.00,0.00
2017.08.17 14:36:48.301,12.83449,12.83692,0.00,0.00
2017.08.17 14:36:48.461,12.83481,12.83692,0.00,0.00
2017.08.17 14:36:48.764,12.83503,12.83741,0.00,0.00
2017.08.17 14:36:48.865,12.83529,12.83742,0.00,0.00
2017.08.17 14:36:48.915,12.83538,12.83769,0.00,0.00
2017.08.17 14:36:49.291,12.83529,12.83768,0.00,0.00
2017.08.17 14:36:49.342,12.83529,12.83791,0.00,0.00
2017.08.17 14:36:49.395,12.83538,12.83791,0.00,0.00
2017.08.17 14:36:49.597,12.83529,12.83791,0.00,0.00
2017.08.17 14:36:49.795,12.83529,12.83769,0.00,0.00
2017.08.17 14:36:49.846,12.83529,12.83791,0.00,0.00
2017.08.17 14:36:49.897,12.83558,12.83791,0.00,0.00
2017.08.17 14:36:50.201,12.83529,12.83791,0.00,0.00
2017.08.17 14:36:50.479,12.83579,12.83791,0.00,0.00
2017.08.17 14:36:50.797,12.83549,12.83791,0.00,0.00
2017.08.17 14:36:50.898,12.83639,12.83868,0.00,0.00
2017.08.17 14:36:51.338,12.83608,12.83802,0.00,0.00
2017.08.17 14:36:51.389,12.83558,12.83802,0.00,0.00
2017.08.17 14:36:51.590,12.83558,12.83798,0.00,0.00
2017.08.17 14:36:51.893,12.83578,12.83778,0.00,0.00
2017.08.17 14:36:52.095,12.83548,12.83769,0.00,0.00
2017.08.17 14:36:52.146,12.83548,12.83799,0.00,0.00
2017.08.17 14:36:52.469,12.83548,12.83769,0.00,0.00
2017.08.17 14:36:52.796,12.83558,12.83768,0.00,0.00
2017.08.17 14:36:53.011,12.83539,12.83768,0.00,0.00
2017.08.17 14:36:53.173,12.83539,12.83798,0.00,0.00
2017.08.17 14:36:53.224,12.83568,12.83779,0.00,0.00
2017.08.17 14:36:53.325,12.83539,12.83769,0.00,0.00
2017.08.17 14:36:53.433,12.83539,12.83778,0.00,0.00
2017.08.17 14:36:53.601,12.83579,12.83779,0.00,0.00
2017.08.17 14:36:53.652,12.83579,12.83819,0.00,0.00
2017.08.17 14:36:53.752,12.83548,12.83769,0.00,0.00
2017.08.17 14:36:53.904,12.83538,12.83769,0.00,0.00
2017.08.17 14:36:53.955,12.83538,12.83719,0.00,0.00
2017.08.17 14:36:54.005,12.83518,12.83719,0.00,0.00
2017.08.17 14:36:54.107,12.83498,12.83719,0.00,0.00
2017.08.17 14:36:54.208,12.83506,12.83719,0.00,0.00
2017.08.17 14:36:54.469,12.83539,12.83809,0.00,0.00
2017.08.17 14:36:54.521,12.83588,12.83809,0.00,0.00
2017.08.17 14:36:54.824,12.83608,12.83809,0.00,0.00
2017.08.17 14:36:55.126,12.83578,12.83808,0.00,0.00
2017.08.17 14:36:55.392,12.83609,12.83809,0.00,0.00
2017.08.17 14:36:55.493,12.83589,12.83809,0.00,0.00
2017.08.17 14:36:55.698,12.83589,12.83769,0.00,0.00
2017.08.17 14:36:55.800,12.83569,12.83769,0.00,0.00
2017.08.17 14:36:55.901,12.83559,12.83769,0.00,0.00
2017.08.17 14:36:56.052,12.83559,12.83798,0.00,0.00
2017.08.17 14:36:56.103,12.83598,12.83799,0.00,0.00
2017.08.17 14:36:56.153,12.83598,12.83808,0.00,0.00
2017.08.17 14:36:56.662,12.83598,12.83809,0.00,0.00
2017.08.17 14:36:56.713,12.83608,12.83808,0.00,0.00
2017.08.17 14:36:56.937,12.83608,12.83818,0.00,0.00
2017.08.17 14:36:56.987,12.83629,12.83819,0.00,0.00
2017.08.17 14:36:57.138,12.83638,12.83869,0.00,0.00
2017.08.17 14:36:57.189,12.83678,12.83869,0.00,0.00
2017.08.17 14:36:57.391,12.83638,12.83902,0.00,0.00
2017.08.17 14:36:57.492,12.83699,12.83902,0.00,0.00
2017.08.17 14:36:58.120,12.83719,12.83902,0.00,0.00
2017.08.17 14:36:58.323,12.83678,12.83902,0.00,0.00
2017.08.17 14:36:58.424,12.83738,12.84002,0.00,0.00
2017.08.17 14:36:58.525,12.83768,12.84002,0.00,0.00
2017.08.17 14:36:58.812,12.83758,12.84002,0.00,0.00
2017.08.17 14:36:58.867,12.83778,12.84002,0.00,0.00
2017.08.17 14:36:59.133,12.83768,12.84002,0.00,0.00
2017.08.17 14:36:59.188,12.83749,12.84002,0.00,0.00
2017.08.17 14:36:59.505,12.83769,12.84002,0.00,0.00
2017.08.17 14:36:59.867,12.83769,12.83951,0.00,0.00
2017.08.17 14:36:59.917,12.83689,12.83879,0.00,0.00
2017.08.17 14:36:59.969,12.83638,12.83879,0.00,0.00
2017.08.17 14:37:00.019,12.83638,12.83868,0.00,0.00
2017.08.17 14:37:00.271,12.83638,12.83879,0.00,0.00
2017.08.17 14:37:00.322,12.83678,12.83879,0.00,0.00
2017.08.17 14:37:00.619,12.83649,12.83878,0.00,0.00
2017.08.17 14:37:00.901,12.83639,12.83879,0.00,0.00
2017.08.17 14:37:00.952,12.83639,12.83868,0.00,0.00
2017.08.17 14:37:01.255,12.83669,12.83869,0.00,0.00
2017.08.17 14:37:01.558,12.83518,12.83718,0.00,0.00
2017.08.17 14:37:01.923,12.83558,12.83719,0.00,0.00
2017.08.17 14:37:02.024,12.83498,12.83689,0.00,0.00
2017.08.17 14:37:02.326,12.83479,12.83688,0.00,0.00
2017.08.17 14:37:02.427,12.83459,12.83688,0.00,0.00
2017.08.17 14:37:02.630,12.83488,12.83688,0.00,0.00
2017.08.17 14:37:02.930,12.83479,12.83689,0.00,0.00
2017.08.17 14:37:02.984,12.83498,12.83689,0.00,0.00
2017.08.17 14:37:03.138,12.83469,12.83679,0.00,0.00
2017.08.17 14:37:03.289,12.83469,12.83668,0.00,0.00
2017.08.17 14:37:03.942,12.83469,12.83669,0.00,0.00
2017.08.17 14:37:04.261,12.83489,12.83688,0.00,0.00
2017.08.17 14:37:04.412,12.83469,12.83679,0.00,0.00
2017.08.17 14:37:04.929,12.83468,12.83679,0.00,0.00
2017.08.17 14:37:05.183,12.83488,12.83678,0.00,0.00
2017.08.17 14:37:05.335,12.83478,12.83678,0.00,0.00
2017.08.17 14:37:05.793,12.83478,12.83589,0.00,0.00
2017.08.17 14:37:05.945,12.83458,12.83589,0.00,0.00
2017.08.17 14:37:06.046,12.83388,12.83589,0.00,0.00
2017.08.17 14:37:06.303,12.83388,12.83569,0.00,0.00
2017.08.17 14:37:06.651,12.83299,12.83488,0.00,0.00
2017.08.17 14:37:06.754,12.83319,12.83489,0.00,0.00
2017.08.17 14:37:06.855,12.83338,12.83569,0.00,0.00
2017.08.17 14:37:07.007,12.83299,12.83552,0.00,0.00
2017.08.17 14:37:07.132,12.83389,12.83552,0.00,0.00
2017.08.17 14:37:07.233,12.83308,12.83501,0.00,0.00
2017.08.17 14:37:07.284,12.83338,12.83569,0.00,0.00
2017.08.17 14:37:07.436,12.83389,12.83569,0.00,0.00
2017.08.17 14:37:07.807,12.83408,12.83569,0.00,0.00
2017.08.17 14:37:08.052,12.83379,12.83569,0.00,0.00
2017.08.17 14:37:08.360,12.83368,12.83568,0.00,0.00
2017.08.17 14:37:08.411,12.83368,12.83519,0.00,0.00
2017.08.17 14:37:08.664,12.83288,12.83489,0.00,0.00
2017.08.17 14:37:09.290,12.83288,12.83469,0.00,0.00
2017.08.17 14:37:09.441,12.83268,12.83469,0.00,0.00
2017.08.17 14:37:09.629,12.83289,12.83468,0.00,0.00
2017.08.17 14:37:09.730,12.83268,12.83469,0.00,0.00
2017.08.17 14:37:10.035,12.83288,12.83468,0.00,0.00
2017.08.17 14:37:10.085,12.83288,12.83489,0.00,0.00
2017.08.17 14:37:10.136,12.83318,12.83489,0.00,0.00
2017.08.17 14:37:10.460,12.83288,12.83468,0.00,0.00
2017.08.17 14:37:10.661,12.83268,12.83402,0.00,0.00
2017.08.17 14:37:10.762,12.83248,12.83428,0.00,0.00
2017.08.17 14:37:10.972,12.83248,12.83389,0.00,0.00
2017.08.17 14:37:11.023,12.83229,12.83388,0.00,0.00
2017.08.17 14:37:11.198,12.83219,12.83389,0.00,0.00
2017.08.17 14:37:11.454,12.83228,12.83388,0.00,0.00
2017.08.17 14:37:11.555,12.83208,12.83389,0.00,0.00
2017.08.17 14:37:11.706,12.83208,12.83379,0.00,0.00
2017.08.17 14:37:11.857,12.83199,12.83379,0.00,0.00
2017.08.17 14:37:11.925,12.83199,12.83388,0.00,0.00
2017.08.17 14:37:12.100,12.83219,12.83351,0.00,0.00
2017.08.17 14:37:12.252,12.83098,12.83278,0.00,0.00
2017.08.17 14:37:12.353,12.83098,12.83202,0.00,0.00
2017.08.17 14:37:12.555,12.83019,12.83189,0.00,0.00
2017.08.17 14:37:12.656,12.82988,12.83189,0.00,0.00
2017.08.17 14:37:12.757,12.82978,12.83188,0.00,0.00
2017.08.17 14:37:12.931,12.83009,12.83152,0.00,0.00
2017.08.17 14:37:13.032,12.83009,12.83169,0.00,0.00
2017.08.17 14:37:13.083,12.82939,12.83098,0.00,0.00
2017.08.17 14:37:13.286,12.82919,12.83099,0.00,0.00
2017.08.17 14:37:13.337,12.82909,12.83099,0.00,0.00
2017.08.17 14:37:13.539,12.82898,12.83099,0.00,0.00
2017.08.17 14:37:13.766,12.82909,12.83099,0.00,0.00
2017.08.17 14:37:13.985,12.82911,12.83152,0.00,0.00
2017.08.17 14:37:14.035,12.82938,12.83179,0.00,0.00
2017.08.17 14:37:14.356,12.82999,12.83179,0.00,0.00
2017.08.17 14:37:14.658,12.83009,12.83179,0.00,0.00
2017.08.17 14:37:15.237,12.83009,12.83178,0.00,0.00
2017.08.17 14:37:15.338,12.83009,12.83202,0.00,0.00
2017.08.17 14:37:15.439,12.83012,12.83252,0.00,0.00
2017.08.17 14:37:15.489,12.83038,12.83278,0.00,0.00
2017.08.17 14:37:15.792,12.83098,12.83278,0.00,0.00
2017.08.17 14:37:15.994,12.83078,12.83279,0.00,0.00
2017.08.17 14:37:16.263,12.83118,12.83288,0.00,0.00
2017.08.17 14:37:16.567,12.83149,12.83298,0.00,0.00
2017.08.17 14:37:16.668,12.83138,12.83352,0.00,0.00
2017.08.17 14:37:16.769,12.83168,12.83351,0.00,0.00
2017.08.17 14:37:16.920,12.83168,12.83399,0.00,0.00
2017.08.17 14:37:16.971,12.83209,12.83398,0.00,0.00
2017.08.17 14:37:17.294,12.83159,12.83398,0.00,0.00
2017.08.17 14:37:17.395,12.83168,12.83399,0.00,0.00
2017.08.17 14:37:17.496,12.83158,12.83399,0.00,0.00
2017.08.17 14:37:17.548,12.83189,12.83399,0.00,0.00
2017.08.17 14:37:18.129,12.83189,12.83398,0.00,0.00
2017.08.17 14:37:18.593,12.83169,12.83399,0.00,0.00
2017.08.17 14:37:18.693,12.83159,12.83399,0.00,0.00
2017.08.17 14:37:18.896,12.83198,12.83398,0.00,0.00
2017.08.17 14:37:19.151,12.83178,12.83399,0.00,0.00
2017.08.17 14:37:19.505,12.83168,12.83399,0.00,0.00
2017.08.17 14:37:19.560,12.83189,12.83399,0.00,0.00
2017.08.17 14:37:19.903,12.83208,12.83452,0.00,0.00
2017.08.17 14:37:19.954,12.83211,12.83452,0.00,0.00
2017.08.17 14:37:20.326,12.83268,12.83498,0.00,0.00
2017.08.17 14:37:20.579,12.83238,12.83498,0.00,0.00
2017.08.17 14:37:20.887,12.83268,12.83498,0.00,0.00
2017.08.17 14:37:21.213,12.83238,12.83468,0.00,0.00
2017.08.17 14:37:21.517,12.83238,12.83499,0.00,0.00
2017.08.17 14:37:21.567,12.83258,12.83498,0.00,0.00
2017.08.17 14:37:21.907,12.83268,12.83499,0.00,0.00
2017.08.17 14:37:21.958,12.83249,12.83499,0.00,0.00
2017.08.17 14:37:22.059,12.83269,12.83499,0.00,0.00
2017.08.17 14:37:22.531,12.83269,12.83469,0.00,0.00
2017.08.17 14:37:22.582,12.83238,12.83469,0.00,0.00
2017.08.17 14:37:23.187,12.83238,12.83468,0.00,0.00
2017.08.17 14:37:23.403,12.83238,12.83502,0.00,0.00
2017.08.17 14:37:23.461,12.83268,12.83502,0.00,0.00
2017.08.17 14:37:23.790,12.83279,12.83498,0.00,0.00
2017.08.17 14:37:24.093,12.83299,12.83499,0.00,0.00
2017.08.17 14:37:24.212,12.83308,12.83552,0.00,0.00
2017.08.17 14:37:24.263,12.83349,12.83569,0.00,0.00
2017.08.17 14:37:24.463,12.83338,12.83569,0.00,0.00
2017.08.17 14:37:24.571,12.83318,12.83552,0.00,0.00
2017.08.17 14:37:24.622,12.83318,12.83498,0.00,0.00
2017.08.17 14:37:24.673,12.83298,12.83498,0.00,0.00
2017.08.17 14:37:24.774,12.83239,12.83499,0.00,0.00
2017.08.17 14:37:24.976,12.83339,12.83499,0.00,0.00
2017.08.17 14:37:25.027,12.83339,12.83551,0.00,0.00
2017.08.17 14:37:25.078,12.83358,12.83578,0.00,0.00
2017.08.17 14:37:25.128,12.83358,12.83549,0.00,0.00
2017.08.17 14:37:25.305,12.83288,12.83498,0.00,0.00
2017.08.17 14:37:25.406,12.83269,12.83499,0.00,0.00
2017.08.17 14:37:25.507,12.83291,12.83499,0.00,0.00
2017.08.17 14:37:25.558,12.83291,12.83551,0.00,0.00
2017.08.17 14:37:25.608,12.83308,12.83551,0.00,0.00
2017.08.17 14:37:25.911,12.83328,12.83498,0.00,0.00
2017.08.17 14:37:26.012,12.83282,12.83498,0.00,0.00
2017.08.17 14:37:26.371,12.83289,12.83498,0.00,0.00
2017.08.17 14:37:26.573,12.83238,12.83499,0.00,0.00
2017.08.17 14:37:26.800,12.83259,12.83499,0.00,0.00
2017.08.17 14:37:26.901,12.83249,12.83499,0.00,0.00
2017.08.17 14:37:27.221,12.83279,12.83499,0.00,0.00
2017.08.17 14:37:27.322,12.83238,12.83479,0.00,0.00
2017.08.17 14:37:27.373,12.83238,12.83498,0.00,0.00
2017.08.17 14:37:27.524,12.83258,12.83498,0.00,0.00
2017.08.17 14:37:28.051,12.83259,12.83499,0.00,0.00
2017.08.17 14:37:28.403,12.83289,12.83498,0.00,0.00
2017.08.17 14:37:28.655,12.83299,12.83549,0.00,0.00
2017.08.17 14:37:28.706,12.83338,12.83519,0.00,0.00
2017.08.17 14:37:28.807,12.83259,12.83498,0.00,0.00
2017.08.17 14:37:28.908,12.83259,12.83509,0.00,0.00
2017.08.17 14:37:28.958,12.83301,12.83512,0.00,0.00
2017.08.17 14:37:29.059,12.83348,12.83591,0.00,0.00
2017.08.17 14:37:29.110,12.83369,12.83599,0.00,0.00
2017.08.17 14:37:29.520,12.83358,12.83562,0.00,0.00
2017.08.17 14:37:29.722,12.83299,12.83509,0.00,0.00
2017.08.17 14:37:29.823,12.83282,12.83508,0.00,0.00
2017.08.17 14:37:29.924,12.83299,12.83508,0.00,0.00
2017.08.17 14:37:30.227,12.83339,12.83509,0.00,0.00
2017.08.17 14:37:30.328,12.83298,12.83509,0.00,0.00
2017.08.17 14:37:30.500,12.83328,12.83508,0.00,0.00
2017.08.17 14:37:30.601,12.83289,12.83509,0.00,0.00
2017.08.17 14:37:30.706,12.83279,12.83509,0.00,0.00
2017.08.17 14:37:30.935,12.83308,12.83509,0.00,0.00
2017.08.17 14:37:31.247,12.83319,12.83508,0.00,0.00
2017.08.17 14:37:31.400,12.83348,12.83599,0.00,0.00
2017.08.17 14:37:31.615,12.83379,12.83599,0.00,0.00
2017.08.17 14:37:31.939,12.83348,12.83599,0.00,0.00
2017.08.17 14:37:31.991,12.83388,12.83599,0.00,0.00
2017.08.17 14:37:32.414,12.83368,12.83599,0.00,0.00
2017.08.17 14:37:32.786,12.83378,12.83599,0.00,0.00
2017.08.17 14:37:32.836,12.83348,12.83599,0.00,0.00
2017.08.17 14:37:33.108,12.83379,12.83599,0.00,0.00
2017.08.17 14:37:33.434,12.83369,12.83598,0.00,0.00
2017.08.17 14:37:33.495,12.83389,12.83598,0.00,0.00
2017.08.17 14:37:34.199,12.83388,12.83599,0.00,0.00
2017.08.17 14:37:34.300,12.83358,12.83599,0.00,0.00
2017.08.17 14:37:34.401,12.83399,12.83599,0.00,0.00
2017.08.17 14:37:34.602,12.83369,12.83598,0.00,0.00
2017.08.17 14:37:34.653,12.83369,12.83558,0.00,0.00
2017.08.17 14:37:34.904,12.83349,12.83558,0.00,0.00
2017.08.17 14:37:35.489,12.83349,12.83572,0.00,0.00
2017.08.17 14:37:35.601,12.83378,12.83572,0.00,0.00
2017.08.17 14:37:35.992,12.83378,12.83558,0.00,0.00
2017.08.17 14:37:36.309,12.83358,12.83558,0.00,0.00
2017.08.17 14:37:36.717,12.83379,12.83558,0.00,0.00
2017.08.17 14:37:36.869,12.83391,12.83622,0.00,0.00
2017.08.17 14:37:36.919,12.83448,12.83622,0.00,0.00
2017.08.17 14:37:36.970,12.83448,12.83658,0.00,0.00
2017.08.17 14:37:37.021,12.83469,12.83659,0.00,0.00
2017.08.17 14:37:37.656,12.83438,12.83659,0.00,0.00
2017.08.17 14:37:37.757,12.83448,12.83658,0.00,0.00
2017.08.17 14:37:38.109,12.83459,12.83658,0.00,0.00
2017.08.17 14:37:38.395,12.83488,12.83698,0.00,0.00
2017.08.17 14:37:38.546,12.83478,12.83699,0.00,0.00
2017.08.17 14:37:38.648,12.83448,12.83699,0.00,0.00
2017.08.17 14:37:38.811,12.83478,12.83699,0.00,0.00
2017.08.17 14:37:38.862,12.83478,12.83712,0.00,0.00
2017.08.17 14:37:39.037,12.83449,12.83712,0.00,0.00
2017.08.17 14:37:39.340,12.83491,12.83712,0.00,0.00
2017.08.17 14:37:39.642,12.83481,12.83712,0.00,0.00
2017.08.17 14:37:39.743,12.83518,12.83712,0.00,0.00
2017.08.17 14:37:40.046,12.83469,12.83712,0.00,0.00
2017.08.17 14:37:40.147,12.83458,12.83712,0.00,0.00
2017.08.17 14:37:40.198,12.83461,12.83712,0.00,0.00
2017.08.17 14:37:40.249,12.83498,12.83751,0.00,0.00
2017.08.17 14:37:40.442,12.83548,12.83762,0.00,0.00
2017.08.17 14:37:40.543,12.83558,12.83812,0.00,0.00
2017.08.17 14:37:40.745,12.83568,12.83812,0.00,0.00
2017.08.17 14:37:40.847,12.83558,12.83812,0.00,0.00
2017.08.17 14:37:40.897,12.83558,12.83799,0.00,0.00
2017.08.17 14:37:40.948,12.83548,12.83812,0.00,0.00
2017.08.17 14:37:41.239,12.83559,12.83812,0.00,0.00
2017.08.17 14:37:41.559,12.83548,12.83798,0.00,0.00
2017.08.17 14:37:41.609,12.83548,12.83811,0.00,0.00
2017.08.17 14:37:41.660,12.83558,12.83812,0.00,0.00
2017.08.17 14:37:41.993,12.83579,12.83812,0.00,0.00
2017.08.17 14:37:42.044,12.83558,12.83812,0.00,0.00
2017.08.17 14:37:42.239,12.83649,12.83842,0.00,0.00
2017.08.17 14:37:42.341,12.83569,12.83811,0.00,0.00
2017.08.17 14:37:42.567,12.83549,12.83811,0.00,0.00
2017.08.17 14:37:42.869,12.83569,12.83811,0.00,0.00
2017.08.17 14:37:43.025,12.83549,12.83811,0.00,0.00
2017.08.17 14:37:43.250,12.83578,12.83811,0.00,0.00
2017.08.17 14:37:43.434,12.83568,12.83811,0.00,0.00
2017.08.17 14:37:43.485,12.83649,12.83852,0.00,0.00
2017.08.17 14:37:43.536,12.83649,12.83879,0.00,0.00
2017.08.17 14:37:43.877,12.83649,12.83899,0.00,0.00
2017.08.17 14:37:44.037,12.83649,12.83902,0.00,0.00
2017.08.17 14:37:44.138,12.83649,12.83908,0.00,0.00
2017.08.17 14:37:44.316,12.83649,12.83898,0.00,0.00
2017.08.17 14:37:44.578,12.83558,12.83812,0.00,0.00
2017.08.17 14:37:44.629,12.83568,12.83812,0.00,0.00
2017.08.17 14:37:45.015,12.83598,12.83812,0.00,0.00
2017.08.17 14:37:45.166,12.83568,12.83812,0.00,0.00
2017.08.17 14:37:45.267,12.83548,12.83812,0.00,0.00
2017.08.17 14:37:46.546,12.83568,12.83762,0.00,0.00
2017.08.17 14:37:46.648,12.83498,12.83729,0.00,0.00
2017.08.17 14:37:46.749,12.83449,12.83711,0.00,0.00
2017.08.17 14:37:47.153,12.83478,12.83722,0.00,0.00
2017.08.17 14:37:47.253,12.83478,12.83731,0.00,0.00
2017.08.17 14:37:47.528,12.83478,12.83669,0.00,0.00
2017.08.17 14:37:47.579,12.83449,12.83668,0.00,0.00
2017.08.17 14:37:47.680,12.83479,12.83669,0.00,0.00
2017.08.17 14:37:47.731,12.83479,12.83679,0.00,0.00
2017.08.17 14:37:47.781,12.83479,12.83668,0.00,0.00
2017.08.17 14:37:47.832,12.83439,12.83669,0.00,0.00
2017.08.17 14:37:47.883,12.83458,12.83668,0.00,0.00
2017.08.17 14:37:47.938,12.83428,12.83668,0.00,0.00
2017.08.17 14:37:48.177,12.83479,12.83669,0.00,0.00
2017.08.17 14:37:48.241,12.83479,12.83699,0.00,0.00
2017.08.17 14:37:48.493,12.83479,12.83738,0.00,0.00
2017.08.17 14:37:48.788,12.83479,12.83732,0.00,0.00
2017.08.17 14:37:49.090,12.83479,12.83741,0.00,0.00
2017.08.17 14:37:49.191,12.83498,12.83741,0.00,0.00
2017.08.17 14:37:49.349,12.83479,12.83741,0.00,0.00
2017.08.17 14:37:49.645,12.83488,12.83741,0.00,0.00
2017.08.17 14:37:49.746,12.83479,12.83741,0.00,0.00
2017.08.17 14:37:50.178,12.83498,12.83741,0.00,0.00
2017.08.17 14:37:50.491,12.83479,12.83741,0.00,0.00
2017.08.17 14:37:51.451,12.83498,12.83741,0.00,0.00
2017.08.17 14:37:51.619,12.83479,12.83741,0.00,0.00
2017.08.17 14:37:52.242,12.83491,12.83761,0.00,0.00
2017.08.17 14:37:52.292,12.83491,12.83752,0.00,0.00
2017.08.17 14:37:52.393,12.83491,12.83769,0.00,0.00
2017.08.17 14:37:52.687,12.83498,12.83769,0.00,0.00
2017.08.17 14:37:53.028,12.83491,12.83752,0.00,0.00
2017.08.17 14:37:53.455,12.83499,12.83769,0.00,0.00
2017.08.17 14:37:53.797,12.83491,12.83751,0.00,0.00
2017.08.17 14:37:54.106,12.83528,12.83769,0.00,0.00
2017.08.17 14:37:54.208,12.83491,12.83762,0.00,0.00
2017.08.17 14:37:54.762,12.83508,12.83769,0.00,0.00
2017.08.17 14:37:54.863,12.83491,12.83762,0.00,0.00
2017.08.17 14:37:54.964,12.83508,12.83769,0.00,0.00
2017.08.17 14:37:55.305,12.83492,12.83752,0.00,0.00
2017.08.17 14:37:55.608,12.83591,12.83819,0.00,0.00
2017.08.17 14:37:56.112,12.83592,12.83819,0.00,0.00
2017.08.17 14:37:56.393,12.83592,12.83842,0.00,0.00
2017.08.17 14:37:56.907,12.83591,12.83842,0.00,0.00
2017.08.17 14:37:56.965,12.83591,12.83859,0.00,0.00
2017.08.17 14:37:57.198,12.83591,12.83842,0.00,0.00
2017.08.17 14:37:57.299,12.83591,12.83859,0.00,0.00
2017.08.17 14:37:57.666,12.83592,12.83852,0.00,0.00
2017.08.17 14:37:58.098,12.83592,12.83842,0.00,0.00
2017.08.17 14:37:58.628,12.83591,12.83842,0.00,0.00
2017.08.17 14:37:58.679,12.83591,12.83859,0.00,0.00
2017.08.17 14:37:58.799,12.83591,12.83852,0.00,0.00
2017.08.17 14:37:59.474,12.83591,12.83851,0.00,0.00
2017.08.17 14:37:59.715,12.83591,12.83859,0.00,0.00
2017.08.17 14:38:00.106,12.83591,12.83842,0.00,0.00
2017.08.17 14:38:00.548,12.83568,12.83832,0.00,0.00
2017.08.17 14:38:00.706,12.83579,12.83769,0.00,0.00
2017.08.17 14:38:00.857,12.83378,12.83632,0.00,0.00
2017.08.17 14:38:00.908,12.83369,12.83632,0.00,0.00
2017.08.17 14:38:01.407,12.83388,12.83632,0.00,0.00
2017.08.17 14:38:01.509,12.83368,12.83632,0.00,0.00
2017.08.17 14:38:01.899,12.83379,12.83632,0.00,0.00
2017.08.17 14:38:02.185,12.83368,12.83632,0.00,0.00
2017.08.17 14:38:02.236,12.83418,12.83652,0.00,0.00
2017.08.17 14:38:02.488,12.83478,12.83731,0.00,0.00
2017.08.17 14:38:02.539,12.83478,12.83671,0.00,0.00
2017.08.17 14:38:02.590,12.83448,12.83668,0.00,0.00
2017.08.17 14:38:02.640,12.83452,12.83671,0.00,0.00
2017.08.17 14:38:02.691,12.83459,12.83679,0.00,0.00
2017.08.17 14:38:02.742,12.83459,12.83721,0.00,0.00
2017.08.17 14:38:02.793,12.83478,12.83721,0.00,0.00
2017.08.17 14:38:03.107,12.83459,12.83721,0.00,0.00
2017.08.17 14:38:03.345,12.83459,12.83678,0.00,0.00
2017.08.17 14:38:03.446,12.83459,12.83721,0.00,0.00
2017.08.17 14:38:03.497,12.83479,12.83721,0.00,0.00
2017.08.17 14:38:03.598,12.83469,12.83721,0.00,0.00
2017.08.17 14:38:03.709,12.83459,12.83721,0.00,0.00
2017.08.17 14:38:04.078,12.83459,12.83698,0.00,0.00
2017.08.17 14:38:04.129,12.83459,12.83721,0.00,0.00
2017.08.17 14:38:04.802,12.83462,12.83721,0.00,0.00
2017.08.17 14:38:05.189,12.83488,12.83721,0.00,0.00
2017.08.17 14:38:05.347,12.83508,12.83772,0.00,0.00
2017.08.17 14:38:05.398,12.83551,12.83772,0.00,0.00
2017.08.17 14:38:05.499,12.83559,12.83822,0.00,0.00
2017.08.17 14:38:06.009,12.83591,12.83821,0.00,0.00
2017.08.17 14:38:06.312,12.83668,12.83899,0.00,0.00
2017.08.17 14:38:06.413,12.83668,12.83922,0.00,0.00
2017.08.17 14:38:06.514,12.83668,12.83911,0.00,0.00
2017.08.17 14:38:06.590,12.83668,12.83922,0.00,0.00
2017.08.17 14:38:06.691,12.83668,12.83911,0.00,0.00
2017.08.17 14:38:07.041,12.83668,12.83881,0.00,0.00
2017.08.17 14:38:07.376,12.83668,12.83871,0.00,0.00
2017.08.17 14:38:07.599,12.83668,12.83912,0.00,0.00
2017.08.17 14:38:07.700,12.83668,12.83892,0.00,0.00
2017.08.17 14:38:07.952,12.83619,12.83868,0.00,0.00
2017.08.17 14:38:08.002,12.83619,12.83841,0.00,0.00
2017.08.17 14:38:08.282,12.83559,12.83821,0.00,0.00
2017.08.17 14:38:08.333,12.83559,12.83802,0.00,0.00
2017.08.17 14:38:08.636,12.83641,12.83869,0.00,0.00
2017.08.17 14:38:08.973,12.83678,12.83872,0.00,0.00
2017.08.17 14:38:09.023,12.83678,12.83898,0.00,0.00
2017.08.17 14:38:09.124,12.83678,12.83902,0.00,0.00
2017.08.17 14:38:09.530,12.83678,12.83887,0.00,0.00
2017.08.17 14:38:09.737,12.83678,12.83922,0.00,0.00
2017.08.17 14:38:09.911,12.83678,12.83887,0.00,0.00
2017.08.17 14:38:10.138,12.83678,12.83921,0.00,0.00
2017.08.17 14:38:11.118,12.83678,12.83897,0.00,0.00
2017.08.17 14:38:11.219,12.83678,12.83922,0.00,0.00
2017.08.17 14:38:11.507,12.83678,12.83897,0.00,0.00
2017.08.17 14:38:11.847,12.83678,12.83921,0.00,0.00
2017.08.17 14:38:12.009,12.83678,12.83896,0.00,0.00
2017.08.17 14:38:12.109,12.83678,12.83922,0.00,0.00
2017.08.17 14:38:12.680,12.83678,12.83921,0.00,0.00
2017.08.17 14:38:12.731,12.83678,12.83912,0.00,0.00
2017.08.17 14:38:13.024,12.83678,12.83921,0.00,0.00
2017.08.17 14:38:13.281,12.83678,12.83892,0.00,0.00
2017.08.17 14:38:13.405,12.83678,12.83912,0.00,0.00
2017.08.17 14:38:13.506,12.83678,12.83921,0.00,0.00
2017.08.17 14:38:13.808,12.83678,12.83892,0.00,0.00
2017.08.17 14:38:14.205,12.83742,12.83911,0.00,0.00
2017.08.17 14:38:14.256,12.83779,12.84012,0.00,0.00
2017.08.17 14:38:14.838,12.83779,12.83982,0.00,0.00
2017.08.17 14:38:15.209,12.83741,12.83969,0.00,0.00
2017.08.17 14:38:15.260,12.83729,12.83979,0.00,0.00
2017.08.17 14:38:15.311,12.83729,12.83971,0.00,0.00
2017.08.17 14:38:15.657,12.83691,12.83901,0.00,0.00
2017.08.17 14:38:15.978,12.83791,12.83999,0.00,0.00
2017.08.17 14:38:16.281,12.83792,12.83992,0.00,0.00
2017.08.17 14:38:16.768,12.83792,12.83982,0.00,0.00
2017.08.17 14:38:16.911,12.83792,12.83992,0.00,0.00
2017.08.17 14:38:17.521,12.83791,12.83992,0.00,0.00
2017.08.17 14:38:17.813,12.83791,12.83982,0.00,0.00
2017.08.17 14:38:17.914,12.83791,12.83991,0.00,0.00
2017.08.17 14:38:18.227,12.83728,12.83969,0.00,0.00
2017.08.17 14:38:18.328,12.83691,12.83901,0.00,0.00
2017.08.17 14:38:19.230,12.83691,12.83921,0.00,0.00
2017.08.17 14:38:19.331,12.83692,12.83901,0.00,0.00
2017.08.17 14:38:19.836,12.83691,12.83902,0.00,0.00
2017.08.17 14:38:19.937,12.83691,12.83932,0.00,0.00
2017.08.17 14:38:20.220,12.83691,12.83911,0.00,0.00
2017.08.17 14:38:20.577,12.83691,12.83901,0.00,0.00
2017.08.17 14:38:20.627,12.83691,12.83931,0.00,0.00
2017.08.17 14:38:21.630,12.83692,12.83931,0.00,0.00
2017.08.17 14:38:21.720,12.83692,12.83902,0.00,0.00
2017.08.17 14:38:22.147,12.83691,12.83899,0.00,0.00
2017.08.17 14:38:22.198,12.83691,12.83902,0.00,0.00
2017.08.17 14:38:22.758,12.83692,12.83902,0.00,0.00
2017.08.17 14:38:22.859,12.83639,12.83869,0.00,0.00
2017.08.17 14:38:22.960,12.83591,12.83821,0.00,0.00
2017.08.17 14:38:23.265,12.83691,12.83899,0.00,0.00
2017.08.17 14:38:23.315,12.83691,12.83942,0.00,0.00
2017.08.17 14:38:23.366,12.83728,12.83952,0.00,0.00
2017.08.17 14:38:23.517,12.83779,12.84022,0.00,0.00
2017.08.17 14:38:23.568,12.83779,12.84049,0.00,0.00
2017.08.17 14:38:23.836,12.83779,12.84022,0.00,0.00
2017.08.17 14:38:24.139,12.83779,12.84048,0.00,0.00
2017.08.17 14:38:24.495,12.83769,12.83968,0.00,0.00
2017.08.17 14:38:24.546,12.83729,12.83968,0.00,0.00
2017.08.17 14:38:24.700,12.83729,12.83951,0.00,0.00
2017.08.17 14:38:24.757,12.83692,12.83951,0.00,0.00
2017.08.17 14:38:24.829,12.83698,12.83968,0.00,0.00
2017.08.17 14:38:24.930,12.83741,12.83961,0.00,0.00
2017.08.17 14:38:25.031,12.83792,12.84022,0.00,0.00
2017.08.17 14:38:25.132,12.83791,12.84049,0.00,0.00
2017.08.17 14:38:25.658,12.83792,12.84048,0.00,0.00
2017.08.17 14:38:25.809,12.83842,12.84061,0.00,0.00
2017.08.17 14:38:25.860,12.83842,12.84068,0.00,0.00
2017.08.17 14:38:25.911,12.83828,12.84069,0.00,0.00
2017.08.17 14:38:25.961,12.83849,12.84068,0.00,0.00
2017.08.17 14:38:26.062,12.83791,12.84042,0.00,0.00
2017.08.17 14:38:26.163,12.83791,12.84031,0.00,0.00
2017.08.17 14:38:26.394,12.83791,12.84069,0.00,0.00
2017.08.17 14:38:26.445,12.83791,12.84041,0.00,0.00
2017.08.17 14:38:26.768,12.83841,12.84069,0.00,0.00
2017.08.17 14:38:27.641,12.83792,12.84068,0.00,0.00
2017.08.17 14:38:27.742,12.83792,12.84032,0.00,0.00
2017.08.17 14:38:28.174,12.83792,12.84061,0.00,0.00
2017.08.17 14:38:28.225,12.83841,12.84061,0.00,0.00
2017.08.17 14:38:28.275,12.83828,12.84092,0.00,0.00
2017.08.17 14:38:28.326,12.83878,12.84092,0.00,0.00
2017.08.17 14:38:28.376,12.83878,12.84141,0.00,0.00
2017.08.17 14:38:28.796,12.83858,12.84068,0.00,0.00
2017.08.17 14:38:28.948,12.83791,12.84012,0.00,0.00
2017.08.17 14:38:29.149,12.83878,12.84012,0.00,0.00
2017.08.17 14:38:29.251,12.83878,12.84069,0.00,0.00
2017.08.17 14:38:29.302,12.83808,12.84069,0.00,0.00
2017.08.17 14:38:29.489,12.83792,12.84011,0.00,0.00
2017.08.17 14:38:29.540,12.83792,12.84021,0.00,0.00
2017.08.17 14:38:29.742,12.83841,12.84069,0.00,0.00
2017.08.17 14:38:29.893,12.83809,12.84069,0.00,0.00
2017.08.17 14:38:29.944,12.83791,12.84032,0.00,0.00
2017.08.17 14:38:30.247,12.83791,12.84011,0.00,0.00
2017.08.17 14:38:30.466,12.83791,12.84042,0.00,0.00
2017.08.17 14:38:30.567,12.83791,12.84012,0.00,0.00
2017.08.17 14:38:30.668,12.83791,12.84022,0.00,0.00
2017.08.17 14:38:30.777,12.83791,12.84041,0.00,0.00
2017.08.17 14:38:31.142,12.83791,12.84022,0.00,0.00
2017.08.17 14:38:31.243,12.83728,12.83961,0.00,0.00
2017.08.17 14:38:31.344,12.83629,12.83902,0.00,0.00
2017.08.17 14:38:31.504,12.83629,12.83881,0.00,0.00
2017.08.17 14:38:31.807,12.83628,12.83868,0.00,0.00
2017.08.17 14:38:31.857,12.83591,12.83842,0.00,0.00
2017.08.17 14:38:32.009,12.83591,12.83799,0.00,0.00
2017.08.17 14:38:32.059,12.83542,12.83778,0.00,0.00
2017.08.17 14:38:32.110,12.83591,12.83818,0.00,0.00
2017.08.17 14:38:32.336,12.83591,12.83822,0.00,0.00
2017.08.17 14:38:32.387,12.83599,12.83849,0.00,0.00
2017.08.17 14:38:32.490,12.83592,12.83848,0.00,0.00
2017.08.17 14:38:32.591,12.83591,12.83821,0.00,0.00
2017.08.17 14:38:32.946,12.83592,12.83842,0.00,0.00
2017.08.17 14:38:33.048,12.83591,12.83822,0.00,0.00
2017.08.17 14:38:33.272,12.83592,12.83831,0.00,0.00
2017.08.17 14:38:33.373,12.83591,12.83849,0.00,0.00
2017.08.17 14:38:33.448,12.83591,12.83821,0.00,0.00
2017.08.17 14:38:33.787,12.83678,12.83869,0.00,0.00
2017.08.17 14:38:33.837,12.83641,12.83869,0.00,0.00
2017.08.17 14:38:33.938,12.83629,12.83869,0.00,0.00
2017.08.17 14:38:33.989,12.83641,12.83859,0.00,0.00
2017.08.17 14:38:34.133,12.83591,12.83832,0.00,0.00
2017.08.17 14:38:34.234,12.83679,12.83852,0.00,0.00
2017.08.17 14:38:34.285,12.83679,12.83869,0.00,0.00
2017.08.17 14:38:34.386,12.83642,12.83868,0.00,0.00
2017.08.17 14:38:34.979,12.83641,12.83869,0.00,0.00
2017.08.17 14:38:35.575,12.83642,12.83868,0.00,0.00
2017.08.17 14:38:35.846,12.83598,12.83868,0.00,0.00
2017.08.17 14:38:35.896,12.83629,12.83868,0.00,0.00
2017.08.17 14:38:35.997,12.83591,12.83831,0.00,0.00
2017.08.17 14:38:36.487,12.83628,12.83832,0.00,0.00
2017.08.17 14:38:36.588,12.83592,12.83858,0.00,0.00
2017.08.17 14:38:36.758,12.83641,12.83862,0.00,0.00
2017.08.17 14:38:36.809,12.83629,12.83858,0.00,0.00
2017.08.17 14:38:36.910,12.83591,12.83859,0.00,0.00
2017.08.17 14:38:37.062,12.83591,12.83821,0.00,0.00
2017.08.17 14:38:37.358,12.83591,12.83841,0.00,0.00
2017.08.17 14:38:37.596,12.83592,12.83821,0.00,0.00
2017.08.17 14:38:37.697,12.83591,12.83851,0.00,0.00
2017.08.17 14:38:37.898,12.83538,12.83768,0.00,0.00
2017.08.17 14:38:38.050,12.83491,12.83742,0.00,0.00
2017.08.17 14:38:38.184,12.83491,12.83732,0.00,0.00
2017.08.17 14:38:38.386,12.83492,12.83741,0.00,0.00
2017.08.17 14:38:38.487,12.83491,12.83732,0.00,0.00
2017.08.17 14:38:38.590,12.83491,12.83762,0.00,0.00
2017.08.17 14:38:38.879,12.83491,12.83732,0.00,0.00
2017.08.17 14:38:39.199,12.83491,12.83722,0.00,0.00
2017.08.17 14:38:39.680,12.83491,12.83752,0.00,0.00
2017.08.17 14:38:39.781,12.83491,12.83722,0.00,0.00
2017.08.17 14:38:39.882,12.83492,12.83768,0.00,0.00
2017.08.17 14:38:40.084,12.83492,12.83732,0.00,0.00
2017.08.17 14:38:40.265,12.83491,12.83769,0.00,0.00
2017.08.17 14:38:40.805,12.83492,12.83768,0.00,0.00
2017.08.17 14:38:40.979,12.83491,12.83731,0.00,0.00
2017.08.17 14:38:41.675,12.83491,12.83742,0.00,0.00
2017.08.17 14:38:41.775,12.83491,12.83761,0.00,0.00
2017.08.17 14:38:41.876,12.83491,12.83732,0.00,0.00
2017.08.17 14:38:42.165,12.83491,12.83762,0.00,0.00
2017.08.17 14:38:42.344,12.83478,12.83762,0.00,0.00
2017.08.17 14:38:42.517,12.83492,12.83762,0.00,0.00
2017.08.17 14:38:42.838,12.83492,12.83731,0.00,0.00
2017.08.17 14:38:43.168,12.83428,12.83669,0.00,0.00
2017.08.17 14:38:43.269,12.83428,12.83652,0.00,0.00
2017.08.17 14:38:43.320,12.83378,12.83652,0.00,0.00
2017.08.17 14:38:43.371,12.83391,12.83652,0.00,0.00
2017.08.17 14:38:43.471,12.83378,12.83652,0.00,0.00
2017.08.17 14:38:43.522,12.83392,12.83652,0.00,0.00
2017.08.17 14:38:43.673,12.83392,12.83662,0.00,0.00
2017.08.17 14:38:43.815,12.83392,12.83668,0.00,0.00
2017.08.17 14:38:44.005,12.83391,12.83662,0.00,0.00
2017.08.17 14:38:44.387,12.83392,12.83651,0.00,0.00
2017.08.17 14:38:44.467,12.83392,12.83668,0.00,0.00
2017.08.17 14:38:44.727,12.83391,12.83671,0.00,0.00
2017.08.17 14:38:44.778,12.83442,12.83642,0.00,0.00
2017.08.17 14:38:44.879,12.83491,12.83762,0.00,0.00
2017.08.17 14:38:44.980,12.83491,12.83769,0.00,0.00
2017.08.17 14:38:45.170,12.83541,12.83769,0.00,0.00
2017.08.17 14:38:45.271,12.83528,12.83812,0.00,0.00
2017.08.17 14:38:45.322,12.83578,12.83812,0.00,0.00
2017.08.17 14:38:45.373,12.83578,12.83841,0.00,0.00
2017.08.17 14:38:45.424,12.83628,12.83841,0.00,0.00
2017.08.17 14:38:45.575,12.83598,12.83869,0.00,0.00
2017.08.17 14:38:45.676,12.83591,12.83869,0.00,0.00
2017.08.17 14:38:45.777,12.83591,12.83842,0.00,0.00
2017.08.17 14:38:45.914,12.83591,12.83862,0.00,0.00
2017.08.17 14:38:45.965,12.83592,12.83828,0.00,0.00
2017.08.17 14:38:46.429,12.83678,12.83829,0.00,0.00
2017.08.17 14:38:46.581,12.83778,12.83972,0.00,0.00
2017.08.17 14:38:46.632,12.83778,12.83969,0.00,0.00
2017.08.17 14:38:46.803,12.83768,12.83998,0.00,0.00
2017.08.17 14:38:46.854,12.83768,12.84029,0.00,0.00
2017.08.17 14:38:46.905,12.83768,12.84021,0.00,0.00
2017.08.17 14:38:47.006,12.83768,12.84029,0.00,0.00
2017.08.17 14:38:47.107,12.83768,12.83968,0.00,0.00
2017.08.17 14:38:47.157,12.83738,12.83969,0.00,0.00
2017.08.17 14:38:47.208,12.83731,12.83961,0.00,0.00
2017.08.17 14:38:47.309,12.83682,12.83928,0.00,0.00
2017.08.17 14:38:47.360,12.83681,12.83899,0.00,0.00
2017.08.17 14:38:47.410,12.83682,12.83902,0.00,0.00
2017.08.17 14:38:47.577,12.83682,12.83891,0.00,0.00
2017.08.17 14:38:47.628,12.83668,12.83891,0.00,0.00
2017.08.17 14:38:47.679,12.83681,12.83922,0.00,0.00
2017.08.17 14:38:47.893,12.83731,12.83922,0.00,0.00
2017.08.17 14:38:47.993,12.83732,12.83968,0.00,0.00
2017.08.17 14:38:48.209,12.83732,12.83962,0.00,0.00
2017.08.17 14:38:48.260,12.83689,12.83929,0.00,0.00
2017.08.17 14:38:48.311,12.83681,12.83929,0.00,0.00
2017.08.17 14:38:48.503,12.83682,12.83931,0.00,0.00
2017.08.17 14:38:48.554,12.83681,12.83879,0.00,0.00
2017.08.17 14:38:48.605,12.83609,12.83862,0.00,0.00
2017.08.17 14:38:48.656,12.83631,12.83862,0.00,0.00
2017.08.17 14:38:48.807,12.83618,12.83852,0.00,0.00
2017.08.17 14:38:48.858,12.83631,12.83852,0.00,0.00
2017.08.17 14:38:48.909,12.83618,12.83891,0.00,0.00
2017.08.17 14:38:48.960,12.83668,12.83891,0.00,0.00
2017.08.17 14:38:49.010,12.83668,12.83922,0.00,0.00
2017.08.17 14:38:49.619,12.83581,12.83861,0.00,0.00
2017.08.17 14:38:49.670,12.83581,12.83829,0.00,0.00
2017.08.17 14:38:50.031,12.83631,12.83869,0.00,0.00
2017.08.17 14:38:50.082,12.83589,12.83828,0.00,0.00
2017.08.17 14:38:50.183,12.83581,12.83821,0.00,0.00
2017.08.17 14:38:50.486,12.83582,12.83812,0.00,0.00
2017.08.17 14:38:51.017,12.83581,12.83812,0.00,0.00
2017.08.17 14:38:51.118,12.83582,12.83828,0.00,0.00
2017.08.17 14:38:51.658,12.83581,12.83829,0.00,0.00
2017.08.17 14:38:51.709,12.83582,12.83801,0.00,0.00
2017.08.17 14:38:51.973,12.83581,12.83829,0.00,0.00
2017.08.17 14:38:52.125,12.83582,12.83812,0.00,0.00
2017.08.17 14:38:52.227,12.83581,12.83829,0.00,0.00
2017.08.17 14:38:52.328,12.83668,12.83841,0.00,0.00
2017.08.17 14:38:52.384,12.83668,12.83922,0.00,0.00
2017.08.17 14:38:52.586,12.83668,12.83892,0.00,0.00
2017.08.17 14:38:52.907,12.83669,12.83922,0.00,0.00
2017.08.17 14:38:53.311,12.83669,12.83902,0.00,0.00
2017.08.17 14:38:53.513,12.83669,12.83922,0.00,0.00
2017.08.17 14:38:53.614,12.83669,12.83931,0.00,0.00
2017.08.17 14:38:53.773,12.83718,12.83932,0.00,0.00
2017.08.17 14:38:53.925,12.83768,12.84011,0.00,0.00
2017.08.17 14:38:54.462,12.83768,12.83991,0.00,0.00
2017.08.17 14:38:54.513,12.83768,12.84021,0.00,0.00
2017.08.17 14:38:54.807,12.83768,12.83981,0.00,0.00
2017.08.17 14:38:55.028,12.83791,12.84022,0.00,0.00
2017.08.17 14:38:55.080,12.83821,12.84022,0.00,0.00
2017.08.17 14:38:55.131,12.83822,12.84081,0.00,0.00
2017.08.17 14:38:55.183,12.83869,12.84099,0.00,0.00
2017.08.17 14:38:55.591,12.83869,12.84072,0.00,0.00
2017.08.17 14:38:55.827,12.83869,12.84092,0.00,0.00
2017.08.17 14:38:56.206,12.83869,12.84072,0.00,0.00
2017.08.17 14:38:56.545,12.83869,12.84069,0.00,0.00
2017.08.17 14:38:56.596,12.83818,12.84031,0.00,0.00
2017.08.17 14:38:56.697,12.83768,12.83991,0.00,0.00
2017.08.17 14:38:56.798,12.83768,12.83982,0.00,0.00
2017.08.17 14:38:57.229,12.83768,12.84032,0.00,0.00
2017.08.17 14:38:57.410,12.83768,12.84021,0.00,0.00
2017.08.17 14:38:57.713,12.83768,12.83992,0.00,0.00
2017.08.17 14:38:58.043,12.83768,12.83972,0.00,0.00
2017.08.17 14:38:58.486,12.83768,12.83969,0.00,0.00
2017.08.17 14:38:58.537,12.83719,12.83928,0.00,0.00
2017.08.17 14:38:58.638,12.83668,12.83882,0.00,0.00
2017.08.17 14:38:58.840,12.83668,12.83921,0.00,0.00
2017.08.17 14:38:58.941,12.83718,12.83891,0.00,0.00
2017.08.17 14:38:59.147,12.83768,12.84012,0.00,0.00
2017.08.17 14:38:59.681,12.83868,12.84012,0.00,0.00
2017.08.17 14:38:59.732,12.83868,12.84061,0.00,0.00
2017.08.17 14:38:59.833,12.83868,12.84079,0.00,0.00
2017.08.17 14:39:00.180,12.83798,12.84028,0.00,0.00
2017.08.17 14:39:00.231,12.83768,12.83992,0.00,0.00
2017.08.17 14:39:00.716,12.83768,12.84021,0.00,0.00
2017.08.17 14:39:01.019,12.83768,12.83992,0.00,0.00
2017.08.17 14:39:01.419,12.83768,12.84022,0.00,0.00
2017.08.17 14:39:01.501,12.83768,12.83991,0.00,0.00
2017.08.17 14:39:01.552,12.83718,12.83968,0.00,0.00
2017.08.17 14:39:01.603,12.83761,12.83952,0.00,0.00
2017.08.17 14:39:01.654,12.83719,12.83952,0.00,0.00
2017.08.17 14:39:01.704,12.83719,12.83928,0.00,0.00
2017.08.17 14:39:01.805,12.83668,12.83892,0.00,0.00
2017.08.17 14:39:02.007,12.83668,12.83922,0.00,0.00
2017.08.17 14:39:02.539,12.83668,12.83912,0.00,0.00
2017.08.17 14:39:02.867,12.83668,12.83878,0.00,0.00
2017.08.17 14:39:02.918,12.83618,12.83829,0.00,0.00
2017.08.17 14:39:03.019,12.83618,12.83802,0.00,0.00
2017.08.17 14:39:03.070,12.83568,12.83802,0.00,0.00
2017.08.17 14:39:03.171,12.83568,12.83779,0.00,0.00
2017.08.17 14:39:03.222,12.83561,12.83779,0.00,0.00
2017.08.17 14:39:03.318,12.83519,12.83731,0.00,0.00
2017.08.17 14:39:03.369,12.83468,12.83728,0.00,0.00
2017.08.17 14:39:03.419,12.83468,12.83722,0.00,0.00
2017.08.17 14:39:04.005,12.83468,12.83729,0.00,0.00
2017.08.17 14:39:04.136,12.83468,12.83721,0.00,0.00
2017.08.17 14:39:04.446,12.83468,12.83711,0.00,0.00
2017.08.17 14:39:04.548,12.83468,12.83729,0.00,0.00
2017.08.17 14:39:05.081,12.83468,12.83728,0.00,0.00
2017.08.17 14:39:05.131,12.83491,12.83701,0.00,0.00
2017.08.17 14:39:05.232,12.83538,12.83802,0.00,0.00
2017.08.17 14:39:05.507,12.83538,12.83781,0.00,0.00
2017.08.17 14:39:05.716,12.83538,12.83802,0.00,0.00
2017.08.17 14:39:06.028,12.83538,12.83792,0.00,0.00
2017.08.17 14:39:06.326,12.83538,12.83802,0.00,0.00
2017.08.17 14:39:06.899,12.83539,12.83802,0.00,0.00
2017.08.17 14:39:07.239,12.83582,12.83792,0.00,0.00
2017.08.17 14:39:07.349,12.83581,12.83819,0.00,0.00
2017.08.17 14:39:07.651,12.83581,12.83812,0.00,0.00
2017.08.17 14:39:07.811,12.83581,12.83819,0.00,0.00
2017.08.17 14:39:07.913,12.83582,12.83811,0.00,0.00
2017.08.17 14:39:08.351,12.83582,12.83802,0.00,0.00
2017.08.17 14:39:08.452,12.83581,12.83829,0.00,0.00
2017.08.17 14:39:08.553,12.83581,12.83812,0.00,0.00
2017.08.17 14:39:08.856,12.83581,12.83791,0.00,0.00
2017.08.17 14:39:09.161,12.83582,12.83828,0.00,0.00
2017.08.17 14:39:09.262,12.83582,12.83812,0.00,0.00
2017.08.17 14:39:09.363,12.83581,12.83829,0.00,0.00
2017.08.17 14:39:09.637,12.83582,12.83822,0.00,0.00
2017.08.17 14:39:09.940,12.83582,12.83828,0.00,0.00
2017.08.17 14:39:10.041,12.83581,12.83802,0.00,0.00
2017.08.17 14:39:10.147,12.83582,12.83811,0.00,0.00
2017.08.17 14:39:10.440,12.83582,12.83798,0.00,0.00
2017.08.17 14:39:11.049,12.83581,12.83799,0.00,0.00
2017.08.17 14:39:11.100,12.83581,12.83811,0.00,0.00
2017.08.17 14:39:11.265,12.83581,12.83829,0.00,0.00
2017.08.17 14:39:11.457,12.83582,12.83801,0.00,0.00
2017.08.17 14:39:11.730,12.83578,12.83801,0.00,0.00
2017.08.17 14:39:12.456,12.83578,12.83829,0.00,0.00
2017.08.17 14:39:12.737,12.83578,12.83822,0.00,0.00
2017.08.17 14:39:12.839,12.83578,12.83828,0.00,0.00
2017.08.17 14:39:13.225,12.83578,12.83802,0.00,0.00
2017.08.17 14:39:13.319,12.83578,12.83829,0.00,0.00
2017.08.17 14:39:13.630,12.83578,12.83801,0.00,0.00
2017.08.17 14:39:13.854,12.83578,12.83829,0.00,0.00
2017.08.17 14:39:13.955,12.83679,12.83849,0.00,0.00
2017.08.17 14:39:14.107,12.83592,12.83848,0.00,0.00
2017.08.17 14:39:14.157,12.83591,12.83829,0.00,0.00
2017.08.17 14:39:14.259,12.83629,12.83868,0.00,0.00
2017.08.17 14:39:14.309,12.83641,12.83869,0.00,0.00
2017.08.17 14:39:14.461,12.83679,12.83912,0.00,0.00
2017.08.17 14:39:14.515,12.83679,12.83869,0.00,0.00
2017.08.17 14:39:14.869,12.83679,12.83899,0.00,0.00
2017.08.17 14:39:15.127,12.83831,12.83998,0.00,0.00
2017.08.17 14:39:15.178,12.83831,12.84071,0.00,0.00
2017.08.17 14:39:15.229,12.83942,12.84172,0.00,0.00
2017.08.17 14:39:15.330,12.83948,12.84199,0.00,0.00
2017.08.17 14:39:15.381,12.83948,12.84201,0.00,0.00
2017.08.17 14:39:15.431,12.83948,12.84162,0.00,0.00
2017.08.17 14:39:15.830,12.83948,12.84192,0.00,0.00
2017.08.17 14:39:15.932,12.83948,12.84161,0.00,0.00
2017.08.17 14:39:16.133,12.83948,12.84181,0.00,0.00
2017.08.17 14:39:16.234,12.83948,12.84192,0.00,0.00
2017.08.17 14:39:16.347,12.83948,12.84162,0.00,0.00
2017.08.17 14:39:16.448,12.83948,12.84191,0.00,0.00
2017.08.17 14:39:16.645,12.83948,12.84181,0.00,0.00
2017.08.17 14:39:16.747,12.83948,12.84191,0.00,0.00
2017.08.17 14:39:17.059,12.83948,12.84182,0.00,0.00
2017.08.17 14:39:17.160,12.83948,12.84191,0.00,0.00
2017.08.17 14:39:17.292,12.83948,12.84162,0.00,0.00
2017.08.17 14:39:17.343,12.83948,12.84202,0.00,0.00
2017.08.17 14:39:17.446,12.83991,12.84202,0.00,0.00
2017.08.17 14:39:17.598,12.84039,12.84272,0.00,0.00
2017.08.17 14:39:17.699,12.84039,12.84282,0.00,0.00
2017.08.17 14:39:17.850,12.84039,12.84292,0.00,0.00
2017.08.17 14:39:17.951,12.84039,12.84252,0.00,0.00
2017.08.17 14:39:18.140,12.84039,12.84291,0.00,0.00
2017.08.17 14:39:18.241,12.84039,12.84261,0.00,0.00
2017.08.17 14:39:18.343,12.84039,12.84271,0.00,0.00
2017.08.17 14:39:18.393,12.84091,12.84271,0.00,0.00
2017.08.17 14:39:18.445,12.84121,12.84351,0.00,0.00
2017.08.17 14:39:18.546,12.84139,12.84401,0.00,0.00
2017.08.17 14:39:18.647,12.84139,12.84381,0.00,0.00
2017.08.17 14:39:18.748,12.84139,12.84401,0.00,0.00
2017.08.17 14:39:18.965,12.84139,12.84381,0.00,0.00
2017.08.17 14:39:19.267,12.84191,12.84451,0.00,0.00
2017.08.17 14:39:19.368,12.84221,12.84451,0.00,0.00
2017.08.17 14:39:19.469,12.84239,12.84472,0.00,0.00
2017.08.17 14:39:19.964,12.84239,12.84482,0.00,0.00
2017.08.17 14:39:20.065,12.84239,12.84491,0.00,0.00
2017.08.17 14:39:20.166,12.84239,12.84482,0.00,0.00
2017.08.17 14:39:20.514,12.84239,12.84441,0.00,0.00
2017.08.17 14:39:20.565,12.84239,12.84472,0.00,0.00
2017.08.17 14:39:20.666,12.84239,12.84481,0.00,0.00
2017.08.17 14:39:20.767,12.84239,12.84452,0.00,0.00
2017.08.17 14:39:21.080,12.84239,12.84482,0.00,0.00
2017.08.17 14:39:21.231,12.84281,12.84482,0.00,0.00
2017.08.17 14:39:21.282,12.84282,12.84492,0.00,0.00
2017.08.17 14:39:21.382,12.84239,12.84492,0.00,0.00
2017.08.17 14:39:21.484,12.84239,12.84441,0.00,0.00
2017.08.17 14:39:21.885,12.84239,12.84462,0.00,0.00
2017.08.17 14:39:22.189,12.84239,12.84452,0.00,0.00
2017.08.17 14:39:22.239,12.84239,12.84471,0.00,0.00
2017.08.17 14:39:22.468,12.84261,12.84471,0.00,0.00
2017.08.17 14:39:22.519,12.84239,12.84471,0.00,0.00
2017.08.17 14:39:22.570,12.84239,12.84481,0.00,0.00
2017.08.17 14:39:22.771,12.84239,12.84472,0.00,0.00
2017.08.17 14:39:23.075,12.84239,12.84482,0.00,0.00
2017.08.17 14:39:23.318,12.84239,12.84462,0.00,0.00
2017.08.17 14:39:23.520,12.84299,12.84531,0.00,0.00
2017.08.17 14:39:23.571,12.84299,12.84502,0.00,0.00
2017.08.17 14:39:23.621,12.84248,12.84502,0.00,0.00
2017.08.17 14:39:23.672,12.84248,12.84481,0.00,0.00
2017.08.17 14:39:24.045,12.84348,12.84562,0.00,0.00
2017.08.17 14:39:24.549,12.84348,12.84571,0.00,0.00
2017.08.17 14:39:25.044,12.84348,12.84582,0.00,0.00
2017.08.17 14:39:25.395,12.84348,12.84541,0.00,0.00
2017.08.17 14:39:25.445,12.84348,12.84572,0.00,0.00
2017.08.17 14:39:25.546,12.84348,12.84582,0.00,0.00
2017.08.17 14:39:25.979,12.84381,12.84551,0.00,0.00
2017.08.17 14:39:26.080,12.84348,12.84592,0.00,0.00
2017.08.17 14:39:26.130,12.84448,12.84592,0.00,0.00
2017.08.17 14:39:26.181,12.84448,12.84612,0.00,0.00
2017.08.17 14:39:26.282,12.84349,12.84602,0.00,0.00
2017.08.17 14:39:26.333,12.84392,12.84602,0.00,0.00
2017.08.17 14:39:26.484,12.84348,12.84611,0.00,0.00
2017.08.17 14:39:26.585,12.84348,12.84571,0.00,0.00
2017.08.17 14:39:26.705,12.84348,12.84582,0.00,0.00
2017.08.17 14:39:26.755,12.84389,12.84621,0.00,0.00
2017.08.17 14:39:26.958,12.84438,12.84682,0.00,0.00
2017.08.17 14:39:27.059,12.84438,12.84671,0.00,0.00
2017.08.17 14:39:27.110,12.84421,12.84659,0.00,0.00
2017.08.17 14:39:27.210,12.84421,12.84671,0.00,0.00
2017.08.17 14:39:27.575,12.84422,12.84652,0.00,0.00
2017.08.17 14:39:27.777,12.84422,12.84672,0.00,0.00
2017.08.17 14:39:27.979,12.84421,12.84632,0.00,0.00
2017.08.17 14:39:28.080,12.84421,12.84672,0.00,0.00
2017.08.17 14:39:28.181,12.84462,12.84672,0.00,0.00
2017.08.17 14:39:28.282,12.84422,12.84672,0.00,0.00
2017.08.17 14:39:28.387,12.84462,12.84672,0.00,0.00
2017.08.17 14:39:28.691,12.84521,12.84751,0.00,0.00
2017.08.17 14:39:29.195,12.84521,12.84761,0.00,0.00
2017.08.17 14:39:29.430,12.84521,12.84742,0.00,0.00
2017.08.17 14:39:29.481,12.84522,12.84751,0.00,0.00
2017.08.17 14:39:29.585,12.84521,12.84771,0.00,0.00
2017.08.17 14:39:29.685,12.84521,12.84742,0.00,0.00
2017.08.17 14:39:29.887,12.84529,12.84772,0.00,0.00
2017.08.17 14:39:29.988,12.84521,12.84772,0.00,0.00
2017.08.17 14:39:30.039,12.84562,12.84772,0.00,0.00
2017.08.17 14:39:30.252,12.84522,12.84772,0.00,0.00
2017.08.17 14:39:30.357,12.84538,12.84772,0.00,0.00
2017.08.17 14:39:30.458,12.84521,12.84772,0.00,0.00
2017.08.17 14:39:30.509,12.84591,12.84772,0.00,0.00
2017.08.17 14:39:30.560,12.84592,12.84808,0.00,0.00
2017.08.17 14:39:30.611,12.84621,12.84821,0.00,0.00
2017.08.17 14:39:30.662,12.84621,12.84859,0.00,0.00
2017.08.17 14:39:31.070,12.84628,12.84858,0.00,0.00
2017.08.17 14:39:31.272,12.84592,12.84841,0.00,0.00
2017.08.17 14:39:31.323,12.84579,12.84809,0.00,0.00
2017.08.17 14:39:31.575,12.84621,12.84859,0.00,0.00
2017.08.17 14:39:31.676,12.84638,12.84858,0.00,0.00
2017.08.17 14:39:31.994,12.84662,12.84858,0.00,0.00
2017.08.17 14:39:32.096,12.84638,12.84858,0.00,0.00
2017.08.17 14:39:32.262,12.84622,12.84858,0.00,0.00
2017.08.17 14:39:32.850,12.84629,12.84859,0.00,0.00
2017.08.17 14:39:33.209,12.84622,12.84858,0.00,0.00
2017.08.17 14:39:33.716,12.84621,12.84859,0.00,0.00
2017.08.17 14:39:33.989,12.84629,12.84858,0.00,0.00
2017.08.17 14:39:34.322,12.84638,12.84859,0.00,0.00
2017.08.17 14:39:34.474,12.84622,12.84858,0.00,0.00
2017.08.17 14:39:34.575,12.84629,12.84859,0.00,0.00
2017.08.17 14:39:34.914,12.84561,12.84759,0.00,0.00
2017.08.17 14:39:35.066,12.84622,12.84851,0.00,0.00
2017.08.17 14:39:35.167,12.84621,12.84859,0.00,0.00
2017.08.17 14:39:35.217,12.84628,12.84858,0.00,0.00
2017.08.17 14:39:35.520,12.84648,12.84859,0.00,0.00
2017.08.17 14:39:35.671,12.84628,12.84859,0.00,0.00
2017.08.17 14:39:35.823,12.84628,12.84872,0.00,0.00
2017.08.17 14:39:35.968,12.84669,12.84859,0.00,0.00
2017.08.17 14:39:36.069,12.84662,12.84858,0.00,0.00
2017.08.17 14:39:36.170,12.84658,12.84859,0.00,0.00
2017.08.17 14:39:36.271,12.84669,12.84859,0.00,0.00
2017.08.17 14:39:36.473,12.84649,12.84859,0.00,0.00
2017.08.17 14:39:36.617,12.84691,12.84909,0.00,0.00
2017.08.17 14:39:36.667,12.84692,12.84858,0.00,0.00
2017.08.17 14:39:36.718,12.84681,12.84859,0.00,0.00
2017.08.17 14:39:36.769,12.84679,12.84859,0.00,0.00
2017.08.17 14:39:36.820,12.84681,12.84871,0.00,0.00
2017.08.17 14:39:36.921,12.84668,12.84859,0.00,0.00
2017.08.17 14:39:37.109,12.84621,12.84859,0.00,0.00
2017.08.17 14:39:37.412,12.84648,12.84859,0.00,0.00
2017.08.17 14:39:37.513,12.84621,12.84859,0.00,0.00
2017.08.17 14:39:38.053,12.84622,12.84858,0.00,0.00
2017.08.17 14:39:38.249,12.84648,12.84858,0.00,0.00
2017.08.17 14:39:38.483,12.84621,12.84859,0.00,0.00
2017.08.17 14:39:38.584,12.84592,12.84808,0.00,0.00
2017.08.17 14:39:38.736,12.84622,12.84858,0.00,0.00
2017.08.17 14:39:38.787,12.84638,12.84859,0.00,0.00
2017.08.17 14:39:39.324,12.84629,12.84859,0.00,0.00
2017.08.17 14:39:39.425,12.84621,12.84859,0.00,0.00
2017.08.17 14:39:39.707,12.84638,12.84859,0.00,0.00
2017.08.17 14:39:40.019,12.84649,12.84859,0.00,0.00
2017.08.17 14:39:40.320,12.84621,12.84859,0.00,0.00
2017.08.17 14:39:40.421,12.84649,12.84859,0.00,0.00
2017.08.17 14:39:40.522,12.84622,12.84858,0.00,0.00
2017.08.17 14:39:40.907,12.84639,12.84859,0.00,0.00
2017.08.17 14:39:41.178,12.84622,12.84858,0.00,0.00
2017.08.17 14:39:41.407,12.84639,12.84859,0.00,0.00
2017.08.17 14:39:41.508,12.84622,12.84858,0.00,0.00
2017.08.17 14:39:41.729,12.84639,12.84859,0.00,0.00
2017.08.17 14:39:41.780,12.84621,12.84859,0.00,0.00
2017.08.17 14:39:42.329,12.84639,12.84858,0.00,0.00
2017.08.17 14:39:42.430,12.84622,12.84858,0.00,0.00
2017.08.17 14:39:42.635,12.84649,12.84859,0.00,0.00
2017.08.17 14:39:42.982,12.84639,12.84858,0.00,0.00
2017.08.17 14:39:43.094,12.84622,12.84858,0.00,0.00
2017.08.17 14:39:43.399,12.84649,12.84859,0.00,0.00
2017.08.17 14:39:43.557,12.84639,12.84859,0.00,0.00
2017.08.17 14:39:43.608,12.84661,12.84859,0.00,0.00
2017.08.17 14:39:43.658,12.84692,12.84902,0.00,0.00
2017.08.17 14:39:43.709,12.84721,12.84959,0.00,0.00
2017.08.17 14:39:43.810,12.84729,12.84959,0.00,0.00
2017.08.17 14:39:44.114,12.84722,12.84958,0.00,0.00
2017.08.17 14:39:44.549,12.84721,12.84921,0.00,0.00
2017.08.17 14:39:44.852,12.84721,12.84959,0.00,0.00
2017.08.17 14:39:44.903,12.84681,12.84859,0.00,0.00
2017.08.17 14:39:44.954,12.84638,12.84859,0.00,0.00
2017.08.17 14:39:45.005,12.84622,12.84858,0.00,0.00
2017.08.17 14:39:45.158,12.84618,12.84809,0.00,0.00
2017.08.17 14:39:45.337,12.84578,12.84822,0.00,0.00
2017.08.17 14:39:45.388,12.84581,12.84809,0.00,0.00
2017.08.17 14:39:45.690,12.84599,12.84822,0.00,0.00
2017.08.17 14:39:45.791,12.84609,12.84858,0.00,0.00
2017.08.17 14:39:45.842,12.84609,12.84759,0.00,0.00
2017.08.17 14:39:45.893,12.84582,12.84758,0.00,0.00
2017.08.17 14:39:46.112,12.84538,12.84759,0.00,0.00
2017.08.17 14:39:46.314,12.84529,12.84758,0.00,0.00
2017.08.17 14:39:46.365,12.84591,12.84811,0.00,0.00
2017.08.17 14:39:46.466,12.84582,12.84808,0.00,0.00
2017.08.17 14:39:46.517,12.84598,12.84808,0.00,0.00
2017.08.17 14:39:46.819,12.84549,12.84759,0.00,0.00
2017.08.17 14:39:47.196,12.84568,12.84758,0.00,0.00
2017.08.17 14:39:47.458,12.84661,12.84859,0.00,0.00
2017.08.17 14:39:47.509,12.84668,12.84849,0.00,0.00
2017.08.17 14:39:47.831,12.84622,12.84848,0.00,0.00
2017.08.17 14:39:47.998,12.84639,12.84848,0.00,0.00
2017.08.17 14:39:48.200,12.84622,12.84848,0.00,0.00
2017.08.17 14:39:48.301,12.84628,12.84848,0.00,0.00
2017.08.17 14:39:48.603,12.84638,12.84849,0.00,0.00
2017.08.17 14:39:49.039,12.84648,12.84849,0.00,0.00
2017.08.17 14:39:49.342,12.84621,12.84849,0.00,0.00
2017.08.17 14:39:49.443,12.84661,12.84849,0.00,0.00
2017.08.17 14:39:49.896,12.84628,12.84849,0.00,0.00
2017.08.17 14:39:49.946,12.84658,12.84849,0.00,0.00
2017.08.17 14:39:49.997,12.84618,12.84862,0.00,0.00
2017.08.17 14:39:50.047,12.84621,12.84849,0.00,0.00
2017.08.17 14:39:50.516,12.84648,12.84849,0.00,0.00
2017.08.17 14:39:50.898,12.84629,12.84849,0.00,0.00
2017.08.17 14:39:51.199,12.84648,12.84849,0.00,0.00
2017.08.17 14:39:51.858,12.84648,12.84848,0.00,0.00
2017.08.17 14:39:51.909,12.84621,12.84849,0.00,0.00
2017.08.17 14:39:52.010,12.84658,12.84849,0.00,0.00
2017.08.17 14:39:52.301,12.84638,12.84849,0.00,0.00
2017.08.17 14:39:52.351,12.84661,12.84849,0.00,0.00
2017.08.17 14:39:52.402,12.84638,12.84848,0.00,0.00
2017.08.17 14:39:52.503,12.84658,12.84849,0.00,0.00
2017.08.17 14:39:52.802,12.84622,12.84848,0.00,0.00
2017.08.17 14:39:52.978,12.84619,12.84748,0.00,0.00
2017.08.17 14:39:53.105,12.84521,12.84749,0.00,0.00
2017.08.17 14:39:53.638,12.84522,12.84748,0.00,0.00
2017.08.17 14:39:53.839,12.84538,12.84749,0.00,0.00
2017.08.17 14:39:54.041,12.84521,12.84749,0.00,0.00
2017.08.17 14:39:54.346,12.84548,12.84749,0.00,0.00
2017.08.17 14:39:54.657,12.84558,12.84749,0.00,0.00
2017.08.17 14:39:54.929,12.84528,12.84749,0.00,0.00
2017.08.17 14:39:55.336,12.84548,12.84748,0.00,0.00
2017.08.17 14:39:55.643,12.84578,12.84749,0.00,0.00
2017.08.17 14:39:55.771,12.84578,12.84762,0.00,0.00
2017.08.17 14:39:55.849,12.84578,12.84748,0.00,0.00
2017.08.17 14:39:55.910,12.84568,12.84748,0.00,0.00
2017.08.17 14:39:56.011,12.84579,12.84749,0.00,0.00
2017.08.17 14:39:56.118,12.84538,12.84748,0.00,0.00
2017.08.17 14:39:56.250,12.84578,12.84748,0.00,0.00
2017.08.17 14:39:56.302,12.84578,12.84762,0.00,0.00
2017.08.17 14:39:56.611,12.84578,12.84749,0.00,0.00
2017.08.17 14:39:56.712,12.84568,12.84748,0.00,0.00
2017.08.17 14:39:56.813,12.84529,12.84749,0.00,0.00
2017.08.17 14:39:57.226,12.84569,12.84749,0.00,0.00
2017.08.17 14:39:57.547,12.84538,12.84749,0.00,0.00
2017.08.17 14:39:57.613,12.84569,12.84749,0.00,0.00
2017.08.17 14:39:57.720,12.84559,12.84749,0.00,0.00
2017.08.17 14:39:57.820,12.84568,12.84749,0.00,0.00
2017.08.17 14:39:57.927,12.84538,12.84749,0.00,0.00
2017.08.17 14:39:58.028,12.84538,12.84661,0.00,0.00
2017.08.17 14:39:58.129,12.84579,12.84749,0.00,0.00
2017.08.17 14:39:58.180,12.84579,12.84699,0.00,0.00
2017.08.17 14:39:58.379,12.84528,12.84748,0.00,0.00
2017.08.17 14:39:58.429,12.84548,12.84749,0.00,0.00
2017.08.17 14:39:58.858,12.84521,12.84749,0.00,0.00
2017.08.17 14:39:59.060,12.84548,12.84749,0.00,0.00
2017.08.17 14:39:59.375,12.84578,12.84749,0.00,0.00
2017.08.17 14:39:59.549,12.84558,12.84749,0.00,0.00
2017.08.17 14:39:59.617,12.84538,12.84749,0.00,0.00
2017.08.17 14:39:59.920,12.84529,12.84749,0.00,0.00
2017.08.17 14:40:00.021,12.84568,12.84749,0.00,0.00
2017.08.17 14:40:00.122,12.84538,12.84748,0.00,0.00
2017.08.17 14:40:00.419,12.84579,12.84748,0.00,0.00
2017.08.17 14:40:00.768,12.84538,12.84748,0.00,0.00
2017.08.17 14:40:00.818,12.84592,12.84748,0.00,0.00
2017.08.17 14:40:00.869,12.84591,12.84812,0.00,0.00
2017.08.17 14:40:00.970,12.84578,12.84762,0.00,0.00
2017.08.17 14:40:01.222,12.84568,12.84762,0.00,0.00
2017.08.17 14:40:01.333,12.84589,12.84762,0.00,0.00
2017.08.17 14:40:01.434,12.84559,12.84762,0.00,0.00
2017.08.17 14:40:01.535,12.84548,12.84762,0.00,0.00
2017.08.17 14:40:01.634,12.84562,12.84762,0.00,0.00
2017.08.17 14:40:01.937,12.84538,12.84762,0.00,0.00
2017.08.17 14:40:02.220,12.84568,12.84762,0.00,0.00
2017.08.17 14:40:02.421,12.84538,12.84762,0.00,0.00
2017.08.17 14:40:02.661,12.84521,12.84762,0.00,0.00
2017.08.17 14:40:02.762,12.84522,12.84798,0.00,0.00
2017.08.17 14:40:02.863,12.84521,12.84749,0.00,0.00
2017.08.17 14:40:03.210,12.84559,12.84749,0.00,0.00
2017.08.17 14:40:03.361,12.84521,12.84749,0.00,0.00
2017.08.17 14:40:03.569,12.84592,12.84798,0.00,0.00
2017.08.17 14:40:03.771,12.84588,12.84799,0.00,0.00
2017.08.17 14:40:03.821,12.84592,12.84798,0.00,0.00
2017.08.17 14:40:04.142,12.84558,12.84749,0.00,0.00
2017.08.17 14:40:04.193,12.84558,12.84781,0.00,0.00
2017.08.17 14:40:04.244,12.84592,12.84781,0.00,0.00
2017.08.17 14:40:04.345,12.84592,12.84822,0.00,0.00
2017.08.17 14:40:04.466,12.84591,12.84832,0.00,0.00
2017.08.17 14:40:04.567,12.84618,12.84868,0.00,0.00
2017.08.17 14:40:04.668,12.84582,12.84832,0.00,0.00
2017.08.17 14:40:04.993,12.84628,12.84878,0.00,0.00
2017.08.17 14:40:05.044,12.84628,12.84882,0.00,0.00
2017.08.17 14:40:05.246,12.84648,12.84882,0.00,0.00
2017.08.17 14:40:05.549,12.84618,12.84852,0.00,0.00
2017.08.17 14:40:05.886,12.84591,12.84811,0.00,0.00
2017.08.17 14:40:05.936,12.84608,12.84832,0.00,0.00
2017.08.17 14:40:06.053,12.84598,12.84832,0.00,0.00
2017.08.17 14:40:06.131,12.84591,12.84832,0.00,0.00
2017.08.17 14:40:06.312,12.84558,12.84782,0.00,0.00
2017.08.17 14:40:06.556,12.84521,12.84782,0.00,0.00
2017.08.17 14:40:07.060,12.84538,12.84782,0.00,0.00
2017.08.17 14:40:07.552,12.84549,12.84782,0.00,0.00
2017.08.17 14:40:07.805,12.84591,12.84831,0.00,0.00
2017.08.17 14:40:07.855,12.84582,12.84798,0.00,0.00
2017.08.17 14:40:08.158,12.84622,12.84862,0.00,0.00
2017.08.17 14:40:08.259,12.84622,12.84881,0.00,0.00
2017.08.17 14:40:08.360,12.84638,12.84881,0.00,0.00
2017.08.17 14:40:08.552,12.84722,12.84982,0.00,0.00
2017.08.17 14:40:08.603,12.84721,12.84949,0.00,0.00
2017.08.17 14:40:08.653,12.84721,12.84981,0.00,0.00
2017.08.17 14:40:08.704,12.84719,12.84949,0.00,0.00
2017.08.17 14:40:08.755,12.84682,12.84932,0.00,0.00
2017.08.17 14:40:08.978,12.84658,12.84881,0.00,0.00
2017.08.17 14:40:09.180,12.84621,12.84881,0.00,0.00
2017.08.17 14:40:09.613,12.84619,12.84881,0.00,0.00
2017.08.17 14:40:09.663,12.84691,12.84881,0.00,0.00
2017.08.17 14:40:09.714,12.84622,12.84881,0.00,0.00
2017.08.17 14:40:09.765,12.84621,12.84872,0.00,0.00
2017.08.17 14:40:09.866,12.84621,12.84881,0.00,0.00
2017.08.17 14:40:10.147,12.84598,12.84832,0.00,0.00
2017.08.17 14:40:10.481,12.84508,12.84731,0.00,0.00
2017.08.17 14:40:10.632,12.84521,12.84781,0.00,0.00
2017.08.17 14:40:10.683,12.84521,12.84762,0.00,0.00
2017.08.17 14:40:10.784,12.84522,12.84781,0.00,0.00
2017.08.17 14:40:10.846,12.84559,12.84781,0.00,0.00
2017.08.17 14:40:11.048,12.84529,12.84781,0.00,0.00
2017.08.17 14:40:11.149,12.84559,12.84781,0.00,0.00
2017.08.17 14:40:11.442,12.84529,12.84781,0.00,0.00
2017.08.17 14:40:11.493,12.84559,12.84781,0.00,0.00
2017.08.17 14:40:11.748,12.84522,12.84781,0.00,0.00
2017.08.17 14:40:12.048,12.84539,12.84781,0.00,0.00
2017.08.17 14:40:12.155,12.84522,12.84781,0.00,0.00
2017.08.17 14:40:12.256,12.84528,12.84699,0.00,0.00
2017.08.17 14:40:12.357,12.84461,12.84682,0.00,0.00
2017.08.17 14:40:12.408,12.84438,12.84682,0.00,0.00
2017.08.17 14:40:12.669,12.84428,12.84682,0.00,0.00
2017.08.17 14:40:13.033,12.84462,12.84682,0.00,0.00
2017.08.17 14:40:13.359,12.84449,12.84682,0.00,0.00
2017.08.17 14:40:13.682,12.84428,12.84682,0.00,0.00
2017.08.17 14:40:13.928,12.84468,12.84682,0.00,0.00
2017.08.17 14:40:14.085,12.84439,12.84682,0.00,0.00
2017.08.17 14:40:14.454,12.84469,12.84682,0.00,0.00
2017.08.17 14:40:14.644,12.84491,12.84732,0.00,0.00
2017.08.17 14:40:14.745,12.84491,12.84682,0.00,0.00
2017.08.17 14:40:14.897,12.84488,12.84682,0.00,0.00
2017.08.17 14:40:14.955,12.84482,12.84682,0.00,0.00
2017.08.17 14:40:15.006,12.84492,12.84731,0.00,0.00
2017.08.17 14:40:15.107,12.84481,12.84699,0.00,0.00
2017.08.17 14:40:15.365,12.84449,12.84681,0.00,0.00
2017.08.17 14:40:15.516,12.84461,12.84681,0.00,0.00
2017.08.17 14:40:15.877,12.84488,12.84681,0.00,0.00
2017.08.17 14:40:16.079,12.84479,12.84681,0.00,0.00
2017.08.17 14:40:16.296,12.84448,12.84681,0.00,0.00
2017.08.17 14:40:16.499,12.84438,12.84681,0.00,0.00
2017.08.17 14:40:16.600,12.84468,12.84681,0.00,0.00
2017.08.17 14:40:16.867,12.84529,12.84779,0.00,0.00
2017.08.17 14:40:17.069,12.84521,12.84779,0.00,0.00
2017.08.17 14:40:17.170,12.84621,12.84782,0.00,0.00
2017.08.17 14:40:17.336,12.84621,12.84878,0.00,0.00
2017.08.17 14:40:17.387,12.84682,12.84878,0.00,0.00
2017.08.17 14:40:17.488,12.84681,12.84882,0.00,0.00
2017.08.17 14:40:17.701,12.84628,12.84882,0.00,0.00
2017.08.17 14:40:18.066,12.84622,12.84882,0.00,0.00
2017.08.17 14:40:18.522,12.84661,12.84882,0.00,0.00
2017.08.17 14:40:18.573,12.84628,12.84882,0.00,0.00
2017.08.17 14:40:18.674,12.84622,12.84882,0.00,0.00
2017.08.17 14:40:19.163,12.84639,12.84882,0.00,0.00
2017.08.17 14:40:19.365,12.84628,12.84882,0.00,0.00
2017.08.17 14:40:19.464,12.84638,12.84882,0.00,0.00
2017.08.17 14:40:19.780,12.84522,12.84776,0.00,0.00
2017.08.17 14:40:20.164,12.84521,12.84781,0.00,0.00
2017.08.17 14:40:20.358,12.84521,12.84781,0.00,0.00
2017.08.17 14:40:20.707,12.84428,12.84686,0.00,0.00
2017.08.17 14:40:21.075,12.84421,12.84686,0.00,0.00
2017.08.17 14:40:21.176,12.84459,12.84686,0.00,0.00
2017.08.17 14:40:21.471,12.84428,12.84686,0.00,0.00
2017.08.17 14:40:21.673,12.84421,12.84686,0.00,0.00
2017.08.17 14:40:21.904,12.84428,12.84686,0.00,0.00
2017.08.17 14:40:22.115,12.84421,12.84686,0.00,0.00
2017.08.17 14:40:22.417,12.84449,12.84686,0.00,0.00
2017.08.17 14:40:22.468,12.84421,12.84686,0.00,0.00
2017.08.17 14:40:22.669,12.84449,12.84686,0.00,0.00
2017.08.17 14:40:22.770,12.84428,12.84686,0.00,0.00
2017.08.17 14:40:23.191,12.84468,12.84686,0.00,0.00
2017.08.17 14:40:23.370,12.84449,12.84686,0.00,0.00
2017.08.17 14:40:23.905,12.84459,12.84686,0.00,0.00
2017.08.17 14:40:24.072,12.84422,12.84686,0.00,0.00
2017.08.17 14:40:24.835,12.84421,12.84681,0.00,0.00
2017.08.17 14:40:25.408,12.84422,12.84681,0.00,0.00
2017.08.17 14:40:25.509,12.84438,12.84681,0.00,0.00
2017.08.17 14:40:25.812,12.84492,12.84682,0.00,0.00
2017.08.17 14:40:25.863,12.84448,12.84682,0.00,0.00
2017.08.17 14:40:25.913,12.84528,12.84682,0.00,0.00
2017.08.17 14:40:25.975,12.84459,12.84682,0.00,0.00
2017.08.17 14:40:26.076,12.84462,12.84682,0.00,0.00
2017.08.17 14:40:26.351,12.84521,12.84742,0.00,0.00
2017.08.17 14:40:26.402,12.84539,12.84781,0.00,0.00
2017.08.17 14:40:26.604,12.84522,12.84781,0.00,0.00
2017.08.17 14:40:26.726,12.84508,12.84731,0.00,0.00
2017.08.17 14:40:26.878,12.84428,12.84682,0.00,0.00
2017.08.17 14:40:27.217,12.84421,12.84682,0.00,0.00
2017.08.17 14:40:27.477,12.84438,12.84682,0.00,0.00
2017.08.17 14:40:27.596,12.84421,12.84682,0.00,0.00
2017.08.17 14:40:28.146,12.84422,12.84682,0.00,0.00
2017.08.17 14:40:28.196,12.84449,12.84682,0.00,0.00
2017.08.17 14:40:28.479,12.84421,12.84682,0.00,0.00
2017.08.17 14:40:28.716,12.84448,12.84682,0.00,0.00
2017.08.17 14:40:29.005,12.84439,12.84682,0.00,0.00
2017.08.17 14:40:29.106,12.84421,12.84682,0.00,0.00
2017.08.17 14:40:29.662,12.84422,12.84682,0.00,0.00
2017.08.17 14:40:29.825,12.84428,12.84682,0.00,0.00
2017.08.17 14:40:30.266,12.84448,12.84682,0.00,0.00
2017.08.17 14:40:30.523,12.84322,12.84582,0.00,0.00
2017.08.17 14:40:30.625,12.84368,12.84581,0.00,0.00
2017.08.17 14:40:30.727,12.84368,12.84612,0.00,0.00
2017.08.17 14:40:30.876,12.84368,12.84579,0.00,0.00
2017.08.17 14:40:31.027,12.84368,12.84599,0.00,0.00
2017.08.17 14:40:31.936,12.84368,12.84632,0.00,0.00
2017.08.17 14:40:31.987,12.84432,12.84622,0.00,0.00
2017.08.17 14:40:32.088,12.84481,12.84712,0.00,0.00
2017.08.17 14:40:32.189,12.84481,12.84749,0.00,0.00
2017.08.17 14:40:32.390,12.84481,12.84741,0.00,0.00
2017.08.17 14:40:32.696,12.84482,12.84731,0.00,0.00
2017.08.17 14:40:33.001,12.84539,12.84768,0.00,0.00
2017.08.17 14:40:33.089,12.84532,12.84768,0.00,0.00
2017.08.17 14:40:33.140,12.84569,12.84768,0.00,0.00
2017.08.17 14:40:33.254,12.84531,12.84769,0.00,0.00
2017.08.17 14:40:33.305,12.84538,12.84769,0.00,0.00
2017.08.17 14:40:33.506,12.84531,12.84769,0.00,0.00
2017.08.17 14:40:33.591,12.84549,12.84769,0.00,0.00
2017.08.17 14:40:33.906,12.84568,12.84768,0.00,0.00
2017.08.17 14:40:34.008,12.84558,12.84768,0.00,0.00
2017.08.17 14:40:34.109,12.84531,12.84769,0.00,0.00
2017.08.17 14:40:34.210,12.84519,12.84758,0.00,0.00
2017.08.17 14:40:34.261,12.84508,12.84759,0.00,0.00
2017.08.17 14:40:34.362,12.84488,12.84759,0.00,0.00
2017.08.17 14:40:34.412,12.84531,12.84752,0.00,0.00
2017.08.17 14:40:34.621,12.84532,12.84768,0.00,0.00
2017.08.17 14:40:34.672,12.84538,12.84769,0.00,0.00
2017.08.17 14:40:34.824,12.84508,12.84759,0.00,0.00
2017.08.17 14:40:34.894,12.84468,12.84732,0.00,0.00
2017.08.17 14:40:35.094,12.84468,12.84741,0.00,0.00
2017.08.17 14:40:35.397,12.84478,12.84759,0.00,0.00
2017.08.17 14:40:35.494,12.84468,12.84732,0.00,0.00
2017.08.17 14:40:35.629,12.84478,12.84759,0.00,0.00
2017.08.17 14:40:35.796,12.84468,12.84742,0.00,0.00
2017.08.17 14:40:36.125,12.84518,12.84742,0.00,0.00
2017.08.17 14:40:36.427,12.84568,12.84768,0.00,0.00
2017.08.17 14:40:36.554,12.84519,12.84768,0.00,0.00
2017.08.17 14:40:36.796,12.84539,12.84768,0.00,0.00
2017.08.17 14:40:37.097,12.84568,12.84768,0.00,0.00
2017.08.17 14:40:37.198,12.84568,12.84829,0.00,0.00
2017.08.17 14:40:37.249,12.84568,12.84841,0.00,0.00
2017.08.17 14:40:37.350,12.84568,12.84849,0.00,0.00
2017.08.17 14:40:37.728,12.84568,12.84822,0.00,0.00
2017.08.17 14:40:38.031,12.84568,12.84769,0.00,0.00
2017.08.17 14:40:38.516,12.84568,12.84778,0.00,0.00
2017.08.17 14:40:38.567,12.84568,12.84802,0.00,0.00
2017.08.17 14:40:38.668,12.84568,12.84811,0.00,0.00
2017.08.17 14:40:38.865,12.84568,12.84849,0.00,0.00
2017.08.17 14:40:39.601,12.84568,12.84832,0.00,0.00
2017.08.17 14:40:39.952,12.84568,12.84822,0.00,0.00
2017.08.17 14:40:40.002,12.84568,12.84848,0.00,0.00
2017.08.17 14:40:40.591,12.84568,12.84849,0.00,0.00
2017.08.17 14:40:40.742,12.84568,12.84821,0.00,0.00
2017.08.17 14:40:40.843,12.84578,12.84849,0.00,0.00
2017.08.17 14:40:40.944,12.84618,12.84842,0.00,0.00
2017.08.17 14:40:41.146,12.84619,12.84868,0.00,0.00
2017.08.17 14:40:41.443,12.84668,12.84879,0.00,0.00
2017.08.17 14:40:41.746,12.84648,12.84869,0.00,0.00
2017.08.17 14:40:41.847,12.84619,12.84869,0.00,0.00
2017.08.17 14:40:42.105,12.84628,12.84868,0.00,0.00
2017.08.17 14:40:42.426,12.84588,12.84859,0.00,0.00
2017.08.17 14:40:42.527,12.84582,12.84852,0.00,0.00
2017.08.17 14:40:42.853,12.84582,12.84841,0.00,0.00
2017.08.17 14:40:42.954,12.84588,12.84858,0.00,0.00
2017.08.17 14:40:43.055,12.84582,12.84842,0.00,0.00
2017.08.17 14:40:43.396,12.84582,12.84778,0.00,0.00
2017.08.17 14:40:43.710,12.84582,12.84768,0.00,0.00
2017.08.17 14:40:43.785,12.84582,12.84778,0.00,0.00
2017.08.17 14:40:43.886,12.84582,12.84798,0.00,0.00
2017.08.17 14:40:44.535,12.84581,12.84769,0.00,0.00
2017.08.17 14:40:44.586,12.84549,12.84759,0.00,0.00
2017.08.17 14:40:44.637,12.84519,12.84732,0.00,0.00
2017.08.17 14:40:44.688,12.84482,12.84732,0.00,0.00
2017.08.17 14:40:44.739,12.84482,12.84751,0.00,0.00
2017.08.17 14:40:44.810,12.84498,12.84758,0.00,0.00
2017.08.17 14:40:45.266,12.84481,12.84741,0.00,0.00
2017.08.17 14:40:45.648,12.84532,12.84768,0.00,0.00
2017.08.17 14:40:45.965,12.84538,12.84768,0.00,0.00
2017.08.17 14:40:46.124,12.84531,12.84769,0.00,0.00
2017.08.17 14:40:46.494,12.84519,12.84768,0.00,0.00
2017.08.17 14:40:46.545,12.84569,12.84769,0.00,0.00
2017.08.17 14:40:46.646,12.84482,12.84752,0.00,0.00
2017.08.17 14:40:47.117,12.84481,12.84742,0.00,0.00
2017.08.17 14:40:47.515,12.84482,12.84752,0.00,0.00
2017.08.17 14:40:47.717,12.84482,12.84742,0.00,0.00
2017.08.17 14:40:48.141,12.84579,12.84799,0.00,0.00
2017.08.17 14:40:48.417,12.84568,12.84798,0.00,0.00
2017.08.17 14:40:48.567,12.84578,12.84798,0.00,0.00
2017.08.17 14:40:48.695,12.84578,12.84858,0.00,0.00
2017.08.17 14:40:48.746,12.84568,12.84852,0.00,0.00
2017.08.17 14:40:48.796,12.84568,12.84799,0.00,0.00
2017.08.17 14:40:49.100,12.84578,12.84798,0.00,0.00
2017.08.17 14:40:49.323,12.84631,12.84869,0.00,0.00
2017.08.17 14:40:49.374,12.84668,12.84869,0.00,0.00
2017.08.17 14:40:49.626,12.84668,12.84922,0.00,0.00
2017.08.17 14:40:49.728,12.84668,12.84942,0.00,0.00
2017.08.17 14:40:49.829,12.84668,12.84948,0.00,0.00
2017.08.17 14:40:49.930,12.84668,12.84941,0.00,0.00
2017.08.17 14:40:50.031,12.84668,12.84948,0.00,0.00
2017.08.17 14:40:50.164,12.84668,12.84921,0.00,0.00
2017.08.17 14:40:50.265,12.84669,12.84948,0.00,0.00
2017.08.17 14:40:50.500,12.84769,12.84922,0.00,0.00
2017.08.17 14:40:50.551,12.84769,12.84929,0.00,0.00
2017.08.17 14:40:50.653,12.84682,12.84928,0.00,0.00
2017.08.17 14:40:50.804,12.84731,12.84931,0.00,0.00
2017.08.17 14:40:50.855,12.84719,12.84931,0.00,0.00
2017.08.17 14:40:50.956,12.84768,12.84968,0.00,0.00
2017.08.17 14:40:51.063,12.84748,12.84968,0.00,0.00
2017.08.17 14:40:51.164,12.84718,12.84968,0.00,0.00
2017.08.17 14:40:51.215,12.84708,12.84961,0.00,0.00
2017.08.17 14:40:51.266,12.84698,12.84961,0.00,0.00
2017.08.17 14:40:51.316,12.84732,12.84968,0.00,0.00
2017.08.17 14:40:51.913,12.84731,12.84969,0.00,0.00
2017.08.17 14:40:52.166,12.84728,12.84969,0.00,0.00
2017.08.17 14:40:52.267,12.84728,12.84998,0.00,0.00
2017.08.17 14:40:52.317,12.84731,12.84969,0.00,0.00
2017.08.17 14:40:52.655,12.84668,12.84922,0.00,0.00
2017.08.17 14:40:52.958,12.84638,12.84869,0.00,0.00
2017.08.17 14:40:53.302,12.84618,12.84868,0.00,0.00
2017.08.17 14:40:53.353,12.84628,12.84869,0.00,0.00
2017.08.17 14:40:53.555,12.84582,12.84852,0.00,0.00
2017.08.17 14:40:53.656,12.84582,12.84846,0.00,0.00
2017.08.17 14:40:53.958,12.84582,12.84827,0.00,0.00
2017.08.17 14:40:54.276,12.84618,12.84861,0.00,0.00
2017.08.17 14:40:54.377,12.84681,12.84861,0.00,0.00
2017.08.17 14:40:54.478,12.84682,12.84902,0.00,0.00
2017.08.17 14:40:54.579,12.84682,12.84928,0.00,0.00
2017.08.17 14:40:54.630,12.84682,12.84873,0.00,0.00
2017.08.17 14:40:54.868,12.84631,12.84867,0.00,0.00
2017.08.17 14:40:54.969,12.84632,12.84868,0.00,0.00
2017.08.17 14:40:55.105,12.84668,12.84868,0.00,0.00
2017.08.17 14:40:55.156,12.84668,12.84881,0.00,0.00
2017.08.17 14:40:55.257,12.84668,12.84929,0.00,0.00
2017.08.17 14:40:55.307,12.84668,12.84904,0.00,0.00
2017.08.17 14:40:55.455,12.84668,12.84928,0.00,0.00
2017.08.17 14:40:55.556,12.84668,12.84926,0.00,0.00
2017.08.17 14:40:55.862,12.84668,12.84929,0.00,0.00
2017.08.17 14:40:55.934,12.84679,12.84929,0.00,0.00
2017.08.17 14:40:56.136,12.84668,12.84929,0.00,0.00
2017.08.17 14:40:56.360,12.84668,12.84868,0.00,0.00
2017.08.17 14:40:56.411,12.84668,12.84932,0.00,0.00
2017.08.17 14:40:56.461,12.84668,12.84868,0.00,0.00
2017.08.17 14:40:56.512,12.84659,12.84868,0.00,0.00
2017.08.17 14:40:56.613,12.84619,12.84862,0.00,0.00
2017.08.17 14:40:56.774,12.84581,12.84862,0.00,0.00
2017.08.17 14:40:57.037,12.84589,12.84862,0.00,0.00
2017.08.17 14:40:57.340,12.84581,12.84829,0.00,0.00
2017.08.17 14:40:57.698,12.84588,12.84829,0.00,0.00
2017.08.17 14:40:57.749,12.84581,12.84829,0.00,0.00
2017.08.17 14:40:58.350,12.84581,12.84841,0.00,0.00
2017.08.17 14:40:58.451,12.84589,12.84862,0.00,0.00
2017.08.17 14:40:58.695,12.84589,12.84828,0.00,0.00
2017.08.17 14:40:58.846,12.84581,12.84829,0.00,0.00
2017.08.17 14:40:59.251,12.84588,12.84829,0.00,0.00
2017.08.17 14:40:59.453,12.84582,12.84828,0.00,0.00
2017.08.17 14:40:59.977,12.84581,12.84829,0.00,0.00
2017.08.17 14:41:00.350,12.84618,12.84842,0.00,0.00
2017.08.17 14:41:00.669,12.84679,12.84949,0.00,0.00
2017.08.17 14:41:00.719,12.84679,12.84928,0.00,0.00
2017.08.17 14:41:00.770,12.84668,12.84929,0.00,0.00
2017.08.17 14:41:00.873,12.84688,12.84929,0.00,0.00
2017.08.17 14:41:01.210,12.84668,12.84898,0.00,0.00
2017.08.17 14:41:01.526,12.84679,12.84929,0.00,0.00
2017.08.17 14:41:01.749,12.84679,12.84899,0.00,0.00
2017.08.17 14:41:01.850,12.84668,12.84929,0.00,0.00
2017.08.17 14:41:01.952,12.84668,12.84921,0.00,0.00
2017.08.17 14:41:02.051,12.84668,12.84952,0.00,0.00
2017.08.17 14:41:02.101,12.84668,12.84929,0.00,0.00
2017.08.17 14:41:02.405,12.84628,12.84829,0.00,0.00
2017.08.17 14:41:02.456,12.84581,12.84829,0.00,0.00
2017.08.17 14:41:02.945,12.84581,12.84859,0.00,0.00
2017.08.17 14:41:02.995,12.84669,12.84859,0.00,0.00
2017.08.17 14:41:03.097,12.84589,12.84828,0.00,0.00
2017.08.17 14:41:03.455,12.84581,12.84829,0.00,0.00
2017.08.17 14:41:04.107,12.84618,12.84829,0.00,0.00
2017.08.17 14:41:04.509,12.84748,12.84948,0.00,0.00
2017.08.17 14:41:04.610,12.84738,12.84948,0.00,0.00
2017.08.17 14:41:04.711,12.84719,12.84948,0.00,0.00
2017.08.17 14:41:04.761,12.84768,12.84929,0.00,0.00
2017.08.17 14:41:04.862,12.84681,12.84929,0.00,0.00
2017.08.17 14:41:04.917,12.84691,12.84959,0.00,0.00
2017.08.17 14:41:04.967,12.84731,12.84962,0.00,0.00
2017.08.17 14:41:05.295,12.84682,12.84928,0.00,0.00
2017.08.17 14:41:05.698,12.84691,12.84942,0.00,0.00
2017.08.17 14:41:05.749,12.84681,12.84942,0.00,0.00
2017.08.17 14:41:05.850,12.84731,12.84942,0.00,0.00
2017.08.17 14:41:05.901,12.84718,12.84959,0.00,0.00
2017.08.17 14:41:06.063,12.84749,12.84959,0.00,0.00
2017.08.17 14:41:06.114,12.84719,12.84959,0.00,0.00
2017.08.17 14:41:06.165,12.84719,12.84968,0.00,0.00
2017.08.17 14:41:06.216,12.84718,12.84961,0.00,0.00
2017.08.17 14:41:06.317,12.84718,12.84968,0.00,0.00
2017.08.17 14:41:06.368,12.84749,12.84968,0.00,0.00
2017.08.17 14:41:06.568,12.84738,12.84968,0.00,0.00
2017.08.17 14:41:06.675,12.84749,12.84959,0.00,0.00
2017.08.17 14:41:06.776,12.84739,12.84959,0.00,0.00
2017.08.17 14:41:06.893,12.84682,12.84958,0.00,0.00
2017.08.17 14:41:07.170,12.84718,12.84959,0.00,0.00
2017.08.17 14:41:07.475,12.84682,12.84928,0.00,0.00
2017.08.17 14:41:07.627,12.84668,12.84942,0.00,0.00
2017.08.17 14:41:07.678,12.84658,12.84859,0.00,0.00
2017.08.17 14:41:07.778,12.84581,12.84829,0.00,0.00
2017.08.17 14:41:07.829,12.84582,12.84841,0.00,0.00
2017.08.17 14:41:08.000,12.84581,12.84829,0.00,0.00
2017.08.17 14:41:08.506,12.84582,12.84828,0.00,0.00
2017.08.17 14:41:09.065,12.84581,12.84829,0.00,0.00
2017.08.17 14:41:09.368,12.84631,12.84851,0.00,0.00
2017.08.17 14:41:09.419,12.84618,12.84851,0.00,0.00
2017.08.17 14:41:09.520,12.84669,12.84869,0.00,0.00
2017.08.17 14:41:09.880,12.84669,12.84899,0.00,0.00
2017.08.17 14:41:09.931,12.84669,12.84912,0.00,0.00
2017.08.17 14:41:10.032,12.84669,12.84929,0.00,0.00
2017.08.17 14:41:10.082,12.84678,12.84928,0.00,0.00
2017.08.17 14:41:10.284,12.84669,12.84922,0.00,0.00
2017.08.17 14:41:10.487,12.84679,12.84929,0.00,0.00
2017.08.17 14:41:10.588,12.84669,12.84929,0.00,0.00
2017.08.17 14:41:10.689,12.84669,12.84921,0.00,0.00
2017.08.17 14:41:11.024,12.84669,12.84898,0.00,0.00
2017.08.17 14:41:11.588,12.84669,12.84922,0.00,0.00
2017.08.17 14:41:11.689,12.84669,12.84928,0.00,0.00
2017.08.17 14:41:12.194,12.84669,12.84929,0.00,0.00
2017.08.17 14:41:12.395,12.84679,12.84929,0.00,0.00
2017.08.17 14:41:12.488,12.84669,12.84929,0.00,0.00
2017.08.17 14:41:13.028,12.84681,12.84942,0.00,0.00
2017.08.17 14:41:13.131,12.84681,12.84949,0.00,0.00
2017.08.17 14:41:13.183,12.84782,12.84961,0.00,0.00
2017.08.17 14:41:13.234,12.84782,12.84978,0.00,0.00
2017.08.17 14:41:13.285,12.84781,12.84998,0.00,0.00
2017.08.17 14:41:13.387,12.84881,12.85042,0.00,0.00
2017.08.17 14:41:13.538,12.84882,12.85078,0.00,0.00
2017.08.17 14:41:14.116,12.84881,12.85099,0.00,0.00
2017.08.17 14:41:14.535,12.84931,12.85121,0.00,0.00
2017.08.17 14:41:14.585,12.84918,12.85121,0.00,0.00
2017.08.17 14:41:14.636,12.84968,12.85101,0.00,0.00
2017.08.17 14:41:14.850,12.85068,12.85229,0.00,0.00
2017.08.17 14:41:14.951,12.85068,12.85232,0.00,0.00
2017.08.17 14:41:15.052,12.85068,12.85299,0.00,0.00
2017.08.17 14:41:15.261,12.85068,12.85328,0.00,0.00
2017.08.17 14:41:15.312,12.85169,12.85332,0.00,0.00
2017.08.17 14:41:15.413,12.85169,12.85351,0.00,0.00
2017.08.17 14:41:15.561,12.85169,12.85398,0.00,0.00
2017.08.17 14:41:15.612,12.85169,12.85428,0.00,0.00
2017.08.17 14:41:15.663,12.85218,12.85432,0.00,0.00
2017.08.17 14:41:15.713,12.85218,12.85442,0.00,0.00
2017.08.17 14:41:15.815,12.85181,12.85429,0.00,0.00
2017.08.17 14:41:16.016,12.85182,12.85402,0.00,0.00
2017.08.17 14:41:16.228,12.85181,12.85429,0.00,0.00
2017.08.17 14:41:16.529,12.85181,12.85422,0.00,0.00
2017.08.17 14:41:16.631,12.85182,12.85428,0.00,0.00
2017.08.17 14:41:16.732,12.85182,12.85412,0.00,0.00
2017.08.17 14:41:17.266,12.85181,12.85412,0.00,0.00
2017.08.17 14:41:17.610,12.85268,12.85452,0.00,0.00
2017.08.17 14:41:17.660,12.85268,12.85498,0.00,0.00
2017.08.17 14:41:17.711,12.85268,12.85492,0.00,0.00
2017.08.17 14:41:17.762,12.85208,12.85458,0.00,0.00
2017.08.17 14:41:17.812,12.85208,12.85428,0.00,0.00
2017.08.17 14:41:17.913,12.85168,12.85421,0.00,0.00
2017.08.17 14:41:18.015,12.85168,12.85412,0.00,0.00
2017.08.17 14:41:18.217,12.85168,12.85429,0.00,0.00
2017.08.17 14:41:18.485,12.85231,12.85442,0.00,0.00
2017.08.17 14:41:18.537,12.85218,12.85442,0.00,0.00
2017.08.17 14:41:18.587,12.85269,12.85442,0.00,0.00
2017.08.17 14:41:18.638,12.85269,12.85499,0.00,0.00
2017.08.17 14:41:19.234,12.85309,12.85499,0.00,0.00
2017.08.17 14:41:19.285,12.85392,12.85591,0.00,0.00
2017.08.17 14:41:19.336,12.85391,12.85661,0.00,0.00
2017.08.17 14:41:19.437,12.85469,12.85669,0.00,0.00
2017.08.17 14:41:19.538,12.85382,12.85662,0.00,0.00
2017.08.17 14:41:19.639,12.85381,12.85629,0.00,0.00
2017.08.17 14:41:20.075,12.85382,12.85622,0.00,0.00
2017.08.17 14:41:20.126,12.85382,12.85628,0.00,0.00
2017.08.17 14:41:20.336,12.85381,12.85622,0.00,0.00
2017.08.17 14:41:20.437,12.85382,12.85628,0.00,0.00
2017.08.17 14:41:20.539,12.85381,12.85622,0.00,0.00
2017.08.17 14:41:20.741,12.85318,12.85568,0.00,0.00
2017.08.17 14:41:20.895,12.85292,12.85562,0.00,0.00
2017.08.17 14:41:20.946,12.85281,12.85529,0.00,0.00
2017.08.17 14:41:21.248,12.85299,12.85562,0.00,0.00
2017.08.17 14:41:21.299,12.85299,12.85529,0.00,0.00
2017.08.17 14:41:21.349,12.85288,12.85528,0.00,0.00
2017.08.17 14:41:21.450,12.85281,12.85529,0.00,0.00
2017.08.17 14:41:21.551,12.85288,12.85529,0.00,0.00
2017.08.17 14:41:21.652,12.85282,12.85528,0.00,0.00
2017.08.17 14:41:22.027,12.85289,12.85562,0.00,0.00
2017.08.17 14:41:22.078,12.85289,12.85479,0.00,0.00
2017.08.17 14:41:22.129,12.85281,12.85479,0.00,0.00
2017.08.17 14:41:22.232,12.85282,12.85468,0.00,0.00
2017.08.17 14:41:22.282,12.85218,12.85492,0.00,0.00
2017.08.17 14:41:22.334,12.85218,12.85412,0.00,0.00
2017.08.17 14:41:22.385,12.85169,12.85412,0.00,0.00
2017.08.17 14:41:22.436,12.85169,12.85329,0.00,0.00
2017.08.17 14:41:22.487,12.85109,12.85329,0.00,0.00
2017.08.17 14:41:22.588,12.85082,12.85328,0.00,0.00
2017.08.17 14:41:22.765,12.85082,12.85321,0.00,0.00
2017.08.17 14:41:23.078,12.85059,12.85279,0.00,0.00
2017.08.17 14:41:23.129,12.85019,12.85262,0.00,0.00
2017.08.17 14:41:23.179,12.85068,12.85238,0.00,0.00
2017.08.17 14:41:23.280,12.84981,12.85229,0.00,0.00
2017.08.17 14:41:23.331,12.84982,12.85222,0.00,0.00
2017.08.17 14:41:23.382,12.84968,12.85222,0.00,0.00
2017.08.17 14:41:24.321,12.84968,12.85229,0.00,0.00
2017.08.17 14:41:24.423,12.85018,12.85252,0.00,0.00
2017.08.17 14:41:24.576,12.85069,12.85318,0.00,0.00
2017.08.17 14:41:24.829,12.85069,12.85302,0.00,0.00
2017.08.17 14:41:25.089,12.85069,12.85318,0.00,0.00
2017.08.17 14:41:25.624,12.85069,12.85319,0.00,0.00
2017.08.17 14:41:25.871,12.85069,12.85278,0.00,0.00
2017.08.17 14:41:26.125,12.85162,12.85398,0.00,0.00
2017.08.17 14:41:26.176,12.85168,12.85398,0.00,0.00
2017.08.17 14:41:26.715,12.85168,12.85399,0.00,0.00
2017.08.17 14:41:27.070,12.85168,12.85392,0.00,0.00
2017.08.17 14:41:27.123,12.85168,12.85399,0.00,0.00
2017.08.17 14:41:27.841,12.85168,12.85411,0.00,0.00
2017.08.17 14:41:28.017,12.85181,12.85411,0.00,0.00
2017.08.17 14:41:28.153,12.85181,12.85419,0.00,0.00
2017.08.17 14:41:28.254,12.85218,12.85392,0.00,0.00
2017.08.17 14:41:28.355,12.85218,12.85428,0.00,0.00
2017.08.17 14:41:28.406,12.85218,12.85442,0.00,0.00
2017.08.17 14:41:28.557,12.85268,12.85469,0.00,0.00
2017.08.17 14:41:28.708,12.85181,12.85429,0.00,0.00
2017.08.17 14:41:28.759,12.85181,12.85402,0.00,0.00
2017.08.17 14:41:29.073,12.85182,12.85338,0.00,0.00
2017.08.17 14:41:29.124,12.85181,12.85411,0.00,0.00
2017.08.17 14:41:29.175,12.85182,12.85438,0.00,0.00
2017.08.17 14:41:29.326,12.85181,12.85429,0.00,0.00
2017.08.17 14:41:29.721,12.85168,12.85391,0.00,0.00
2017.08.17 14:41:29.987,12.85068,12.85311,0.00,0.00
2017.08.17 14:41:30.239,12.85068,12.85328,0.00,0.00
2017.08.17 14:41:30.341,12.85138,12.85412,0.00,0.00
2017.08.17 14:41:30.391,12.85138,12.85338,0.00,0.00
2017.08.17 14:41:30.442,12.85118,12.85328,0.00,0.00
2017.08.17 14:41:30.493,12.85081,12.85329,0.00,0.00
2017.08.17 14:41:30.543,12.85081,12.85322,0.00,0.00
2017.08.17 14:41:30.851,12.85082,12.85328,0.00,0.00
2017.08.17 14:41:30.954,12.85081,12.85322,0.00,0.00
2017.08.17 14:41:31.257,12.85168,12.85419,0.00,0.00
2017.08.17 14:41:31.587,12.85168,12.85412,0.00,0.00
2017.08.17 14:41:31.638,12.85168,12.85419,0.00,0.00
2017.08.17 14:41:31.789,12.85149,12.85362,0.00,0.00
2017.08.17 14:41:31.840,12.85132,12.85362,0.00,0.00
2017.08.17 14:41:32.118,12.85081,12.85329,0.00,0.00
2017.08.17 14:41:32.269,12.85082,12.85322,0.00,0.00
2017.08.17 14:41:32.644,12.85082,12.85268,0.00,0.00
2017.08.17 14:41:32.695,12.85038,12.85268,0.00,0.00
2017.08.17 14:41:32.837,12.85038,12.85229,0.00,0.00
2017.08.17 14:41:32.919,12.84981,12.85222,0.00,0.00
2017.08.17 14:41:32.970,12.84982,12.85228,0.00,0.00
2017.08.17 14:41:33.241,12.84982,12.85222,0.00,0.00
2017.08.17 14:41:33.560,12.85018,12.85222,0.00,0.00
2017.08.17 14:41:33.814,12.85069,12.85299,0.00,0.00
2017.08.17 14:41:34.334,12.85069,12.85298,0.00,0.00
2017.08.17 14:41:34.485,12.85019,12.85279,0.00,0.00
2017.08.17 14:41:34.536,12.85061,12.85279,0.00,0.00
2017.08.17 14:41:34.587,12.85069,12.85292,0.00,0.00
2017.08.17 14:41:34.688,12.85069,12.85318,0.00,0.00
2017.08.17 14:41:34.889,12.85168,12.85352,0.00,0.00
2017.08.17 14:41:34.990,12.85119,12.85369,0.00,0.00
2017.08.17 14:41:35.446,12.85109,12.85299,0.00,0.00
2017.08.17 14:41:35.497,12.85089,12.85298,0.00,0.00
2017.08.17 14:41:35.548,12.85039,12.85291,0.00,0.00
2017.08.17 14:41:35.599,12.85039,12.85269,0.00,0.00
2017.08.17 14:41:35.766,12.84991,12.85251,0.00,0.00
2017.08.17 14:41:35.868,12.85039,12.85268,0.00,0.00
2017.08.17 14:41:35.969,12.85009,12.85252,0.00,0.00
2017.08.17 14:41:36.070,12.84992,12.85252,0.00,0.00
2017.08.17 14:41:36.149,12.85019,12.85252,0.00,0.00
2017.08.17 14:41:36.452,12.84959,12.85202,0.00,0.00
2017.08.17 14:41:36.597,12.85038,12.85221,0.00,0.00
2017.08.17 14:41:36.698,12.85038,12.85302,0.00,0.00
2017.08.17 14:41:36.799,12.85048,12.85302,0.00,0.00
2017.08.17 14:41:37.051,12.85038,12.85302,0.00,0.00
2017.08.17 14:41:37.152,12.85092,12.85302,0.00,0.00
2017.08.17 14:41:37.303,12.85099,12.85352,0.00,0.00
2017.08.17 14:41:37.416,12.85099,12.85301,0.00,0.00
2017.08.17 14:41:37.467,12.85089,12.85301,0.00,0.00
2017.08.17 14:41:37.517,12.85092,12.85301,0.00,0.00
2017.08.17 14:41:37.568,12.85111,12.85352,0.00,0.00
2017.08.17 14:41:37.619,12.85098,12.85352,0.00,0.00
2017.08.17 14:41:37.799,12.85088,12.85352,0.00,0.00
2017.08.17 14:41:37.951,12.85138,12.85369,0.00,0.00
2017.08.17 14:41:38.102,12.85138,12.85381,0.00,0.00
2017.08.17 14:41:38.298,12.85138,12.85402,0.00,0.00
2017.08.17 14:41:38.355,12.85138,12.85381,0.00,0.00
2017.08.17 14:41:38.560,12.84939,12.85201,0.00,0.00
2017.08.17 14:41:38.762,12.84988,12.85218,0.00,0.00
2017.08.17 14:41:39.105,12.85138,12.85312,0.00,0.00
2017.08.17 14:41:39.206,12.85138,12.85322,0.00,0.00
2017.08.17 14:41:39.307,12.85138,12.85402,0.00,0.00
2017.08.17 14:41:39.509,12.85162,12.85402,0.00,0.00
2017.08.17 14:41:39.716,12.85149,12.85402,0.00,0.00
2017.08.17 14:41:39.768,12.85138,12.85401,0.00,0.00
2017.08.17 14:41:39.818,12.85119,12.85339,0.00,0.00
2017.08.17 14:41:39.869,12.85119,12.85352,0.00,0.00
2017.08.17 14:41:39.970,12.85138,12.85392,0.00,0.00
2017.08.17 14:41:40.071,12.85138,12.85402,0.00,0.00
2017.08.17 14:41:40.172,12.85148,12.85402,0.00,0.00
2017.08.17 14:41:40.486,12.85239,12.85479,0.00,0.00
2017.08.17 14:41:40.688,12.85139,12.85402,0.00,0.00
2017.08.17 14:41:40.788,12.85138,12.85382,0.00,0.00
2017.08.17 14:41:40.990,12.85138,12.85402,0.00,0.00
2017.08.17 14:41:41.158,12.85191,12.85419,0.00,0.00
2017.08.17 14:41:41.209,12.85239,12.85491,0.00,0.00
2017.08.17 14:41:41.465,12.85239,12.85482,0.00,0.00
2017.08.17 14:41:41.566,12.85239,12.85492,0.00,0.00
2017.08.17 14:41:41.866,12.85239,12.85482,0.00,0.00
2017.08.17 14:41:42.098,12.85239,12.85501,0.00,0.00
2017.08.17 14:41:42.300,12.85198,12.85429,0.00,0.00
2017.08.17 14:41:42.502,12.85138,12.85401,0.00,0.00
2017.08.17 14:41:42.602,12.85138,12.85392,0.00,0.00
2017.08.17 14:41:42.939,12.85212,12.85401,0.00,0.00
2017.08.17 14:41:42.990,12.85208,12.85401,0.00,0.00
2017.08.17 14:41:43.091,12.85139,12.85401,0.00,0.00
2017.08.17 14:41:43.614,12.85139,12.85381,0.00,0.00
2017.08.17 14:41:43.927,12.85238,12.85492,0.00,0.00
2017.08.17 14:41:43.978,12.85238,12.85502,0.00,0.00
2017.08.17 14:41:44.180,12.85238,12.85461,0.00,0.00
2017.08.17 14:41:44.382,12.85238,12.85501,0.00,0.00
2017.08.17 14:41:44.483,12.85238,12.85482,0.00,0.00
2017.08.17 14:41:44.803,12.85281,12.85492,0.00,0.00
2017.08.17 14:41:44.853,12.85238,12.85492,0.00,0.00
2017.08.17 14:41:44.904,12.85278,12.85502,0.00,0.00
2017.08.17 14:41:45.005,12.85239,12.85502,0.00,0.00
2017.08.17 14:41:45.107,12.85238,12.85491,0.00,0.00
2017.08.17 14:41:45.409,12.85338,12.85571,0.00,0.00
2017.08.17 14:41:45.578,12.85338,12.85578,0.00,0.00
2017.08.17 14:41:45.673,12.85338,12.85552,0.00,0.00
2017.08.17 14:41:45.774,12.85338,12.85572,0.00,0.00
2017.08.17 14:41:45.875,12.85338,12.85578,0.00,0.00
2017.08.17 14:41:46.077,12.85338,12.85571,0.00,0.00
2017.08.17 14:41:46.441,12.85438,12.85618,0.00,0.00
2017.08.17 14:41:46.491,12.85439,12.85701,0.00,0.00
2017.08.17 14:41:46.542,12.85468,12.85711,0.00,0.00
2017.08.17 14:41:46.848,12.85461,12.85632,0.00,0.00
2017.08.17 14:41:46.899,12.85378,12.85628,0.00,0.00
2017.08.17 14:41:46.950,12.85378,12.85529,0.00,0.00
2017.08.17 14:41:47.092,12.85191,12.85431,0.00,0.00
2017.08.17 14:41:47.143,12.85238,12.85432,0.00,0.00
2017.08.17 14:41:47.194,12.85238,12.85482,0.00,0.00
2017.08.17 14:41:47.295,12.85238,12.85502,0.00,0.00
2017.08.17 14:41:47.446,12.85238,12.85478,0.00,0.00
2017.08.17 14:41:47.497,12.85238,12.85502,0.00,0.00
2017.08.17 14:41:47.598,12.85238,12.85462,0.00,0.00
2017.08.17 14:41:47.702,12.85238,12.85502,0.00,0.00
2017.08.17 14:41:47.836,12.85248,12.85502,0.00,0.00
2017.08.17 14:41:48.170,12.85238,12.85492,0.00,0.00
2017.08.17 14:41:48.422,12.85238,12.85502,0.00,0.00
2017.08.17 14:41:48.555,12.85238,12.85499,0.00,0.00
2017.08.17 14:41:48.878,12.85138,12.85392,0.00,0.00
2017.08.17 14:41:48.929,12.85138,12.85402,0.00,0.00
2017.08.17 14:41:49.131,12.85238,12.85432,0.00,0.00
2017.08.17 14:41:49.318,12.85239,12.85478,0.00,0.00
2017.08.17 14:41:49.369,12.85239,12.85502,0.00,0.00
2017.08.17 14:41:49.419,12.85238,12.85499,0.00,0.00
2017.08.17 14:41:49.470,12.85238,12.85502,0.00,0.00
2017.08.17 14:41:49.521,12.85248,12.85502,0.00,0.00
2017.08.17 14:41:49.723,12.85238,12.85501,0.00,0.00
2017.08.17 14:41:49.824,12.85238,12.85499,0.00,0.00
2017.08.17 14:41:50.166,12.85238,12.85468,0.00,0.00
2017.08.17 14:41:50.317,12.85189,12.85432,0.00,0.00
2017.08.17 14:41:50.418,12.85159,12.85401,0.00,0.00
2017.08.17 14:41:50.637,12.85148,12.85401,0.00,0.00
2017.08.17 14:41:50.848,12.85189,12.85419,0.00,0.00
2017.08.17 14:41:51.111,12.85238,12.85502,0.00,0.00
2017.08.17 14:41:51.212,12.85248,12.85452,0.00,0.00
2017.08.17 14:41:51.414,12.85188,12.85452,0.00,0.00
2017.08.17 14:41:51.465,12.85239,12.85462,0.00,0.00
2017.08.17 14:41:51.667,12.85239,12.85469,0.00,0.00
2017.08.17 14:41:51.887,12.85189,12.85451,0.00,0.00
2017.08.17 14:41:51.993,12.85199,12.85451,0.00,0.00
2017.08.17 14:41:52.193,12.85189,12.85451,0.00,0.00
2017.08.17 14:41:52.539,12.85238,12.85469,0.00,0.00
2017.08.17 14:41:52.590,12.85238,12.85472,0.00,0.00
2017.08.17 14:41:52.777,12.85238,12.85479,0.00,0.00
2017.08.17 14:41:52.828,12.85238,12.85468,0.00,0.00
2017.08.17 14:41:52.878,12.85218,12.85452,0.00,0.00
2017.08.17 14:41:53.030,12.85188,12.85452,0.00,0.00
2017.08.17 14:41:53.081,12.85211,12.85452,0.00,0.00
2017.08.17 14:41:53.132,12.85238,12.85482,0.00,0.00
2017.08.17 14:41:53.183,12.85238,12.85468,0.00,0.00
2017.08.17 14:41:53.434,12.85199,12.85452,0.00,0.00
2017.08.17 14:41:53.485,12.85239,12.85468,0.00,0.00
2017.08.17 14:41:53.707,12.85249,12.85501,0.00,0.00
2017.08.17 14:41:54.096,12.85249,12.85498,0.00,0.00
2017.08.17 14:41:54.399,12.85238,12.85468,0.00,0.00
2017.08.17 14:41:54.456,12.85238,12.85481,0.00,0.00
2017.08.17 14:41:54.507,12.85238,12.85502,0.00,0.00
2017.08.17 14:41:54.637,12.85248,12.85502,0.00,0.00
2017.08.17 14:41:54.788,12.85439,12.85699,0.00,0.00
2017.08.17 14:41:54.839,12.85439,12.85618,0.00,0.00
2017.08.17 14:41:54.940,12.85389,12.85602,0.00,0.00
2017.08.17 14:41:55.041,12.85358,12.85602,0.00,0.00
2017.08.17 14:41:55.142,12.85338,12.85602,0.00,0.00
2017.08.17 14:41:55.295,12.85388,12.85612,0.00,0.00
2017.08.17 14:41:55.348,12.85392,12.85641,0.00,0.00
2017.08.17 14:41:55.452,12.85439,12.85641,0.00,0.00
2017.08.17 14:41:55.503,12.85439,12.85701,0.00,0.00
2017.08.17 14:41:55.554,12.85438,12.85668,0.00,0.00
2017.08.17 14:41:55.856,12.85438,12.85662,0.00,0.00
2017.08.17 14:41:55.907,12.85438,12.85679,0.00,0.00
2017.08.17 14:41:56.261,12.85419,12.85629,0.00,0.00
2017.08.17 14:41:56.312,12.85389,12.85618,0.00,0.00
2017.08.17 14:41:56.364,12.85378,12.85602,0.00,0.00
2017.08.17 14:41:56.415,12.85338,12.85602,0.00,0.00
2017.08.17 14:41:56.516,12.85338,12.85582,0.00,0.00
2017.08.17 14:41:56.718,12.85339,12.85602,0.00,0.00
2017.08.17 14:41:57.003,12.85338,12.85581,0.00,0.00
2017.08.17 14:41:57.205,12.85338,12.85601,0.00,0.00
2017.08.17 14:41:57.415,12.85289,12.85529,0.00,0.00
2017.08.17 14:41:57.754,12.85329,12.85548,0.00,0.00
2017.08.17 14:41:57.906,12.85218,12.85461,0.00,0.00
2017.08.17 14:41:57.956,12.85218,12.85362,0.00,0.00
2017.08.17 14:41:58.007,12.85198,12.85362,0.00,0.00
2017.08.17 14:41:58.108,12.85109,12.85362,0.00,0.00
2017.08.17 14:41:58.310,12.85129,12.85362,0.00,0.00
2017.08.17 14:41:58.423,12.85098,12.85362,0.00,0.00
2017.08.17 14:41:58.625,12.85149,12.85362,0.00,0.00
2017.08.17 14:41:58.827,12.85119,12.85362,0.00,0.00
2017.08.17 14:41:58.928,12.85119,12.85398,0.00,0.00
2017.08.17 14:41:58.979,12.85119,12.85349,0.00,0.00
2017.08.17 14:41:59.284,12.85138,12.85349,0.00,0.00
2017.08.17 14:41:59.335,12.85118,12.85349,0.00,0.00
2017.08.17 14:41:59.542,12.85162,12.85348,0.00,0.00
2017.08.17 14:41:59.744,12.85158,12.85349,0.00,0.00
2017.08.17 14:41:59.807,12.85118,12.85349,0.00,0.00
2017.08.17 14:42:00.010,12.85148,12.85349,0.00,0.00
2017.08.17 14:42:00.110,12.85118,12.85349,0.00,0.00
2017.08.17 14:42:00.211,12.85109,12.85349,0.00,0.00
2017.08.17 14:42:00.265,12.85191,12.85361,0.00,0.00
2017.08.17 14:42:00.316,12.85181,12.85391,0.00,0.00
2017.08.17 14:42:00.367,12.85191,12.85391,0.00,0.00
2017.08.17 14:42:00.417,12.85192,12.85448,0.00,0.00
2017.08.17 14:42:00.534,12.85228,12.85448,0.00,0.00
2017.08.17 14:42:00.736,12.85119,12.85349,0.00,0.00
2017.08.17 14:42:00.787,12.85181,12.85349,0.00,0.00
2017.08.17 14:42:00.838,12.85191,12.85399,0.00,0.00
2017.08.17 14:42:01.039,12.85182,12.85412,0.00,0.00
2017.08.17 14:42:01.090,12.85178,12.85349,0.00,0.00
2017.08.17 14:42:01.141,12.85128,12.85349,0.00,0.00
2017.08.17 14:42:01.334,12.85098,12.85312,0.00,0.00
2017.08.17 14:42:01.663,12.85092,12.85308,0.00,0.00
2017.08.17 14:42:01.764,12.85091,12.85332,0.00,0.00
2017.08.17 14:42:01.814,12.85092,12.85298,0.00,0.00
2017.08.17 14:42:02.236,12.85092,12.85331,0.00,0.00
2017.08.17 14:42:02.287,12.85091,12.85299,0.00,0.00
2017.08.17 14:42:02.439,12.85029,12.85249,0.00,0.00
2017.08.17 14:42:02.540,12.85008,12.85249,0.00,0.00
2017.08.17 14:42:02.742,12.85038,12.85249,0.00,0.00
2017.08.17 14:42:03.023,12.84992,12.85162,0.00,0.00
2017.08.17 14:42:03.125,12.84991,12.85212,0.00,0.00
2017.08.17 14:42:03.175,12.84991,12.85199,0.00,0.00
2017.08.17 14:42:03.671,12.84981,12.85199,0.00,0.00
2017.08.17 14:42:03.722,12.84991,12.85199,0.00,0.00
2017.08.17 14:42:04.249,12.84992,12.85232,0.00,0.00
2017.08.17 14:42:04.300,12.84991,12.85199,0.00,0.00
2017.08.17 14:42:04.456,12.84918,12.85149,0.00,0.00
2017.08.17 14:42:04.557,12.84899,12.85149,0.00,0.00
2017.08.17 14:42:04.759,12.84891,12.85149,0.00,0.00
2017.08.17 14:42:04.860,12.84928,12.85148,0.00,0.00
2017.08.17 14:42:04.920,12.84898,12.85148,0.00,0.00
2017.08.17 14:42:05.283,12.84908,12.85149,0.00,0.00
2017.08.17 14:42:05.585,12.84918,12.85149,0.00,0.00
2017.08.17 14:42:05.934,12.84892,12.85062,0.00,0.00
2017.08.17 14:42:06.035,12.84892,12.85098,0.00,0.00
2017.08.17 14:42:06.298,12.84879,12.85148,0.00,0.00
2017.08.17 14:42:06.349,12.84879,12.85048,0.00,0.00
2017.08.17 14:42:06.451,12.84891,12.85099,0.00,0.00
2017.08.17 14:42:06.703,12.84888,12.85049,0.00,0.00
2017.08.17 14:42:06.804,12.84891,12.85062,0.00,0.00
2017.08.17 14:42:06.855,12.84892,12.85098,0.00,0.00
2017.08.17 14:42:07.074,12.84909,12.85149,0.00,0.00
2017.08.17 14:42:07.175,12.84891,12.85149,0.00,0.00
2017.08.17 14:42:07.226,12.84869,12.85099,0.00,0.00
2017.08.17 14:42:07.528,12.84838,12.85048,0.00,0.00
2017.08.17 14:42:07.629,12.84809,12.85049,0.00,0.00
2017.08.17 14:42:07.848,12.84829,12.85049,0.00,0.00
2017.08.17 14:42:08.132,12.84799,12.85048,0.00,0.00
2017.08.17 14:42:08.336,12.84829,12.85048,0.00,0.00
2017.08.17 14:42:08.538,12.84891,12.85132,0.00,0.00
2017.08.17 14:42:08.588,12.84892,12.85098,0.00,0.00
2017.08.17 14:42:08.689,12.84898,12.85149,0.00,0.00
2017.08.17 14:42:08.976,12.84891,12.85149,0.00,0.00
2017.08.17 14:42:09.077,12.84908,12.85148,0.00,0.00
2017.08.17 14:42:09.267,12.84891,12.85149,0.00,0.00
2017.08.17 14:42:09.469,12.84908,12.85149,0.00,0.00
2017.08.17 14:42:09.945,12.84891,12.85149,0.00,0.00
2017.08.17 14:42:10.047,12.84919,12.85149,0.00,0.00
2017.08.17 14:42:10.350,12.84891,12.85149,0.00,0.00
2017.08.17 14:42:10.758,12.84991,12.85171,0.00,0.00
2017.08.17 14:42:10.859,12.84969,12.85209,0.00,0.00
2017.08.17 14:42:10.910,12.84948,12.85162,0.00,0.00
2017.08.17 14:42:10.961,12.84909,12.85162,0.00,0.00
2017.08.17 14:42:11.062,12.84891,12.85162,0.00,0.00
2017.08.17 14:42:11.365,12.84892,12.85152,0.00,0.00
2017.08.17 14:42:11.583,12.84898,12.85162,0.00,0.00
2017.08.17 14:42:12.076,12.84891,12.85141,0.00,0.00
2017.08.17 14:42:12.351,12.84891,12.85161,0.00,0.00
2017.08.17 14:42:12.452,12.84892,12.85142,0.00,0.00
2017.08.17 14:42:12.676,12.84898,12.85162,0.00,0.00
2017.08.17 14:42:12.822,12.84891,12.85162,0.00,0.00
2017.08.17 14:42:12.873,12.84908,12.85162,0.00,0.00
2017.08.17 14:42:12.975,12.84892,12.85162,0.00,0.00
2017.08.17 14:42:13.026,12.84878,12.85162,0.00,0.00
2017.08.17 14:42:13.077,12.84908,12.85162,0.00,0.00
2017.08.17 14:42:13.178,12.84891,12.85162,0.00,0.00
2017.08.17 14:42:13.360,12.84908,12.85162,0.00,0.00
2017.08.17 14:42:13.973,12.84898,12.85062,0.00,0.00
2017.08.17 14:42:14.074,12.84892,12.85062,0.00,0.00
2017.08.17 14:42:14.125,12.84891,12.85099,0.00,0.00
2017.08.17 14:42:14.175,12.84881,12.85049,0.00,0.00
2017.08.17 14:42:14.327,12.84891,12.85061,0.00,0.00
2017.08.17 14:42:14.378,12.84891,12.85141,0.00,0.00
2017.08.17 14:42:14.479,12.84898,12.85149,0.00,0.00
2017.08.17 14:42:14.602,12.84918,12.85148,0.00,0.00
2017.08.17 14:42:14.906,12.84929,12.85148,0.00,0.00
2017.08.17 14:42:14.956,12.84918,12.85149,0.00,0.00
2017.08.17 14:42:15.007,12.84918,12.85162,0.00,0.00
2017.08.17 14:42:15.158,12.84938,12.85162,0.00,0.00
2017.08.17 14:42:15.259,12.84919,12.85162,0.00,0.00
2017.08.17 14:42:15.310,12.84919,12.85111,0.00,0.00
2017.08.17 14:42:15.360,12.84891,12.85111,0.00,0.00
2017.08.17 14:42:15.461,12.84891,12.85152,0.00,0.00
2017.08.17 14:42:15.690,12.84898,12.85161,0.00,0.00
2017.08.17 14:42:16.174,12.84892,12.85161,0.00,0.00
2017.08.17 14:42:16.452,12.84891,12.85142,0.00,0.00
2017.08.17 14:42:16.752,12.84891,12.85152,0.00,0.00
2017.08.17 14:42:16.974,12.84891,12.85142,0.00,0.00
2017.08.17 14:42:17.389,12.84891,12.85161,0.00,0.00
2017.08.17 14:42:17.453,12.84898,12.85161,0.00,0.00
2017.08.17 14:42:17.798,12.84908,12.85112,0.00,0.00
2017.08.17 14:42:17.899,12.84818,12.85061,0.00,0.00
2017.08.17 14:42:18.100,12.84881,12.85102,0.00,0.00
2017.08.17 14:42:18.252,12.84892,12.85141,0.00,0.00
2017.08.17 14:42:18.369,12.84909,12.85158,0.00,0.00
2017.08.17 14:42:18.691,12.84891,12.85109,0.00,0.00
2017.08.17 14:42:18.743,12.84891,12.85132,0.00,0.00
2017.08.17 14:42:18.794,12.84888,12.85161,0.00,0.00
2017.08.17 14:42:18.856,12.84929,12.85161,0.00,0.00
2017.08.17 14:42:19.058,12.84892,12.85158,0.00,0.00
2017.08.17 14:42:19.387,12.84918,12.85159,0.00,0.00
2017.08.17 14:42:19.692,12.84928,12.85158,0.00,0.00
2017.08.17 14:42:19.793,12.84892,12.85151,0.00,0.00
2017.08.17 14:42:19.894,12.84938,12.85158,0.00,0.00
2017.08.17 14:42:20.159,12.84909,12.85159,0.00,0.00
2017.08.17 14:42:20.469,12.84938,12.85159,0.00,0.00
2017.08.17 14:42:20.962,12.84929,12.85158,0.00,0.00
2017.08.17 14:42:21.177,12.84939,12.85159,0.00,0.00
2017.08.17 14:42:21.285,12.84909,12.85158,0.00,0.00
2017.08.17 14:42:21.685,12.84939,12.85159,0.00,0.00
2017.08.17 14:42:22.341,12.84939,12.85158,0.00,0.00
2017.08.17 14:42:22.599,12.84919,12.85159,0.00,0.00
2017.08.17 14:42:22.801,12.84899,12.85158,0.00,0.00
2017.08.17 14:42:22.902,12.84891,12.85159,0.00,0.00
2017.08.17 14:42:22.953,12.84892,12.85058,0.00,0.00
2017.08.17 14:42:23.003,12.84891,12.85061,0.00,0.00
2017.08.17 14:42:23.054,12.84891,12.85151,0.00,0.00
2017.08.17 14:42:23.105,12.84892,12.85141,0.00,0.00
2017.08.17 14:42:23.486,12.84929,12.85158,0.00,0.00
2017.08.17 14:42:23.674,12.84899,12.85159,0.00,0.00
2017.08.17 14:42:24.001,12.84929,12.85158,0.00,0.00
2017.08.17 14:42:24.380,12.84918,12.85158,0.00,0.00
2017.08.17 14:42:24.706,12.84928,12.85158,0.00,0.00
2017.08.17 14:42:24.970,12.84898,12.85158,0.00,0.00
2017.08.17 14:42:25.196,12.84928,12.85108,0.00,0.00
2017.08.17 14:42:25.247,12.84928,12.85112,0.00,0.00
2017.08.17 14:42:25.298,12.84891,12.85092,0.00,0.00
2017.08.17 14:42:25.399,12.84892,12.85158,0.00,0.00
2017.08.17 14:42:25.473,12.84918,12.85158,0.00,0.00
2017.08.17 14:42:25.637,12.84892,12.85151,0.00,0.00
2017.08.17 14:42:25.689,12.84891,12.85109,0.00,0.00
2017.08.17 14:42:26.175,12.84839,12.85059,0.00,0.00
2017.08.17 14:42:26.276,12.84798,12.85058,0.00,0.00
2017.08.17 14:42:26.522,12.84808,12.85059,0.00,0.00
2017.08.17 14:42:26.691,12.84791,12.85059,0.00,0.00
2017.08.17 14:42:26.792,12.84808,12.85059,0.00,0.00
2017.08.17 14:42:27.114,12.84828,12.85058,0.00,0.00
2017.08.17 14:42:27.215,12.84791,12.85059,0.00,0.00
2017.08.17 14:42:27.525,12.84829,12.85059,0.00,0.00
2017.08.17 14:42:27.783,12.84798,12.85058,0.00,0.00
2017.08.17 14:42:27.989,12.84839,12.85109,0.00,0.00
2017.08.17 14:42:28.040,12.84839,12.85059,0.00,0.00
2017.08.17 14:42:28.090,12.84828,12.85059,0.00,0.00
2017.08.17 14:42:28.177,12.84799,12.85059,0.00,0.00
2017.08.17 14:42:28.611,12.84808,12.85059,0.00,0.00
2017.08.17 14:42:28.713,12.84791,12.85059,0.00,0.00
2017.08.17 14:42:29.016,12.84758,12.85008,0.00,0.00
2017.08.17 14:42:29.169,12.84699,12.84959,0.00,0.00
2017.08.17 14:42:29.287,12.84709,12.84959,0.00,0.00
2017.08.17 14:42:29.536,12.84709,12.84961,0.00,0.00
2017.08.17 14:42:29.662,12.84709,12.84958,0.00,0.00
2017.08.17 14:42:30.006,12.84791,12.85012,0.00,0.00
2017.08.17 14:42:30.157,12.84791,12.85059,0.00,0.00
2017.08.17 14:42:30.208,12.84808,12.85059,0.00,0.00
2017.08.17 14:42:30.386,12.84791,12.85059,0.00,0.00
2017.08.17 14:42:30.505,12.84808,12.85059,0.00,0.00
2017.08.17 14:42:30.865,12.84819,12.85059,0.00,0.00
2017.08.17 14:42:31.307,12.84799,12.85059,0.00,0.00
2017.08.17 14:42:31.509,12.84892,12.85081,0.00,0.00
2017.08.17 14:42:31.610,12.84898,12.85159,0.00,0.00
2017.08.17 14:42:31.711,12.84908,12.85159,0.00,0.00
2017.08.17 14:42:32.109,12.84898,12.85158,0.00,0.00
2017.08.17 14:42:32.311,12.84848,12.85102,0.00,0.00
2017.08.17 14:42:32.412,12.84799,12.85059,0.00,0.00
2017.08.17 14:42:32.614,12.84799,12.85051,0.00,0.00
2017.08.17 14:42:32.715,12.84799,12.85058,0.00,0.00
2017.08.17 14:42:32.816,12.84819,12.85058,0.00,0.00
2017.08.17 14:42:33.021,12.84799,12.85059,0.00,0.00
2017.08.17 14:42:33.545,12.84799,12.85058,0.00,0.00
2017.08.17 14:42:33.646,12.84818,12.85058,0.00,0.00
2017.08.17 14:42:33.968,12.84891,12.85109,0.00,0.00
2017.08.17 14:42:34.019,12.84908,12.85159,0.00,0.00
2017.08.17 14:42:34.422,12.84899,12.85158,0.00,0.00
2017.08.17 14:42:34.535,12.84919,12.85159,0.00,0.00
2017.08.17 14:42:34.840,12.84928,12.85158,0.00,0.00
2017.08.17 14:42:34.942,12.84899,12.85158,0.00,0.00
2017.08.17 14:42:35.104,12.84919,12.85159,0.00,0.00
2017.08.17 14:42:35.407,12.84962,12.85158,0.00,0.00
2017.08.17 14:42:35.509,12.84992,12.85208,0.00,0.00
2017.08.17 14:42:35.610,12.85008,12.85258,0.00,0.00
2017.08.17 14:42:35.824,12.84998,12.85259,0.00,0.00
2017.08.17 14:42:35.874,12.84991,12.85209,0.00,0.00
2017.08.17 14:42:36.126,12.84908,12.85158,0.00,0.00
2017.08.17 14:42:36.227,12.84899,12.85158,0.00,0.00
2017.08.17 14:42:36.480,12.84961,12.85159,0.00,0.00
2017.08.17 14:42:36.666,12.84929,12.85158,0.00,0.00
2017.08.17 14:42:36.817,12.84899,12.85159,0.00,0.00
2017.08.17 14:42:37.019,12.84899,12.85151,0.00,0.00
2017.08.17 14:42:37.317,12.84899,12.85158,0.00,0.00
2017.08.17 14:42:37.757,12.84929,12.85159,0.00,0.00
2017.08.17 14:42:37.858,12.84908,12.85159,0.00,0.00
2017.08.17 14:42:37.958,12.84899,12.85151,0.00,0.00
2017.08.17 14:42:38.087,12.84882,12.85108,0.00,0.00
2017.08.17 14:42:38.537,12.84891,12.85109,0.00,0.00
2017.08.17 14:42:38.915,12.84881,12.85059,0.00,0.00
2017.08.17 14:42:39.142,12.84818,12.85059,0.00,0.00
2017.08.17 14:42:39.243,12.84799,12.85058,0.00,0.00
2017.08.17 14:42:39.546,12.84828,12.85059,0.00,0.00
2017.08.17 14:42:40.074,12.84828,12.85058,0.00,0.00
2017.08.17 14:42:40.125,12.84799,12.85058,0.00,0.00
2017.08.17 14:42:40.628,12.84791,12.85012,0.00,0.00
2017.08.17 14:42:40.726,12.84778,12.85009,0.00,0.00
2017.08.17 14:42:40.777,12.84798,12.85042,0.00,0.00
2017.08.17 14:42:40.828,12.84798,12.85059,0.00,0.00
2017.08.17 14:42:40.929,12.84808,12.85059,0.00,0.00
2017.08.17 14:42:41.266,12.84708,12.84958,0.00,0.00
2017.08.17 14:42:41.810,12.84791,12.84959,0.00,0.00
2017.08.17 14:42:41.861,12.84792,12.85008,0.00,0.00
2017.08.17 14:42:42.428,12.84788,12.85008,0.00,0.00
2017.08.17 14:42:42.478,12.84788,12.85002,0.00,0.00
2017.08.17 14:42:42.529,12.84738,12.85002,0.00,0.00
2017.08.17 14:42:43.382,12.84698,12.84949,0.00,0.00
2017.08.17 14:42:43.686,12.84749,12.84988,0.00,0.00
2017.08.17 14:42:43.736,12.84738,12.84988,0.00,0.00
2017.08.17 14:42:44.396,12.84738,12.84989,0.00,0.00
2017.08.17 14:42:44.755,12.84753,12.84988,0.00,0.00
2017.08.17 14:42:45.056,12.84738,12.84989,0.00,0.00
2017.08.17 14:42:45.107,12.84754,12.84998,0.00,0.00
2017.08.17 14:42:45.208,12.84796,12.85041,0.00,0.00
2017.08.17 14:42:45.259,12.84824,12.85051,0.00,0.00
2017.08.17 14:42:45.310,12.84833,12.85079,0.00,0.00
2017.08.17 14:42:45.586,12.84833,12.85069,0.00,0.00
2017.08.17 14:42:45.687,12.84811,12.85052,0.00,0.00
2017.08.17 14:42:45.738,12.84833,12.85071,0.00,0.00
2017.08.17 14:42:45.889,12.84833,12.85089,0.00,0.00
2017.08.17 14:42:46.120,12.84833,12.85082,0.00,0.00
2017.08.17 14:42:46.585,12.84833,12.85089,0.00,0.00
2017.08.17 14:42:46.805,12.84833,12.85068,0.00,0.00
2017.08.17 14:42:46.956,12.84739,12.85001,0.00,0.00
2017.08.17 14:42:47.220,12.84753,12.85001,0.00,0.00
2017.08.17 14:42:47.271,12.84739,12.85001,0.00,0.00
2017.08.17 14:42:47.372,12.84753,12.85001,0.00,0.00
2017.08.17 14:42:47.473,12.84739,12.85001,0.00,0.00
2017.08.17 14:42:47.667,12.84754,12.85001,0.00,0.00
2017.08.17 14:42:47.768,12.84739,12.85001,0.00,0.00
2017.08.17 14:42:48.357,12.84739,12.84991,0.00,0.00
2017.08.17 14:42:48.595,12.84739,12.85001,0.00,0.00
2017.08.17 14:42:49.613,12.84728,12.84951,0.00,0.00
2017.08.17 14:42:49.735,12.84739,12.85001,0.00,0.00
2017.08.17 14:42:49.786,12.84739,12.84962,0.00,0.00
2017.08.17 14:42:49.887,12.84739,12.84978,0.00,0.00
2017.08.17 14:42:50.159,12.84729,12.84949,0.00,0.00
2017.08.17 14:42:50.210,12.84718,12.84952,0.00,0.00
2017.08.17 14:42:50.311,12.84739,12.84999,0.00,0.00
2017.08.17 14:42:50.917,12.84739,12.84998,0.00,0.00
2017.08.17 14:42:50.971,12.84749,12.84998,0.00,0.00
2017.08.17 14:42:51.199,12.84738,12.84998,0.00,0.00
2017.08.17 14:42:51.300,12.84738,12.84992,0.00,0.00
2017.08.17 14:42:51.584,12.84738,12.84999,0.00,0.00
2017.08.17 14:42:51.785,12.84749,12.84999,0.00,0.00
2017.08.17 14:42:52.241,12.84738,12.84998,0.00,0.00
2017.08.17 14:42:52.677,12.84738,12.84992,0.00,0.00
2017.08.17 14:42:52.779,12.84738,12.84999,0.00,0.00
2017.08.17 14:42:52.878,12.84738,12.84992,0.00,0.00
2017.08.17 14:42:53.263,12.84738,12.84979,0.00,0.00
2017.08.17 14:42:53.516,12.84738,12.84999,0.00,0.00
2017.08.17 14:42:53.617,12.84699,12.84909,0.00,0.00
2017.08.17 14:42:53.718,12.84689,12.84909,0.00,0.00
2017.08.17 14:42:53.769,12.84638,12.84902,0.00,0.00
2017.08.17 14:42:53.820,12.84638,12.84891,0.00,0.00
2017.08.17 14:42:54.109,12.84638,12.84902,0.00,0.00
2017.08.17 14:42:54.526,12.84638,12.84891,0.00,0.00
2017.08.17 14:42:54.587,12.84638,12.84902,0.00,0.00
2017.08.17 14:42:54.638,12.84701,12.84922,0.00,0.00
2017.08.17 14:42:54.739,12.84738,12.84989,0.00,0.00
2017.08.17 14:42:54.840,12.84748,12.84989,0.00,0.00
2017.08.17 14:42:55.342,12.84759,12.84989,0.00,0.00
2017.08.17 14:42:55.645,12.84768,12.85002,0.00,0.00
2017.08.17 14:42:55.745,12.84791,12.85022,0.00,0.00
2017.08.17 14:42:55.846,12.84808,12.85049,0.00,0.00
2017.08.17 14:42:55.998,12.84789,12.85048,0.00,0.00
2017.08.17 14:42:56.049,12.84839,12.85049,0.00,0.00
2017.08.17 14:42:56.099,12.84839,12.85098,0.00,0.00
2017.08.17 14:42:56.274,12.84848,12.85098,0.00,0.00
2017.08.17 14:42:56.429,12.84839,12.85098,0.00,0.00
2017.08.17 14:42:56.530,12.84848,12.85099,0.00,0.00
2017.08.17 14:42:56.631,12.84839,12.85099,0.00,0.00
2017.08.17 14:42:56.940,12.84839,12.85092,0.00,0.00
2017.08.17 14:42:57.307,12.84839,12.85099,0.00,0.00
2017.08.17 14:42:57.710,12.84848,12.85098,0.00,0.00
2017.08.17 14:42:58.032,12.84839,12.85082,0.00,0.00
2017.08.17 14:42:58.555,12.84839,12.85099,0.00,0.00
2017.08.17 14:42:59.254,12.84839,12.85098,0.00,0.00
2017.08.17 14:42:59.374,12.84839,12.85101,0.00,0.00
2017.08.17 14:42:59.425,12.84839,12.85081,0.00,0.00
2017.08.17 14:42:59.526,12.84848,12.85101,0.00,0.00
2017.08.17 14:42:59.814,12.84839,12.85101,0.00,0.00
2017.08.17 14:42:59.865,12.84889,12.85108,0.00,0.00
2017.08.17 14:43:00.126,12.84939,12.85199,0.00,0.00
2017.08.17 14:43:00.177,12.84918,12.85152,0.00,0.00
2017.08.17 14:43:00.329,12.84838,12.85092,0.00,0.00
2017.08.17 14:43:00.430,12.84838,12.85082,0.00,0.00
2017.08.17 14:43:01.140,12.84838,12.85088,0.00,0.00
2017.08.17 14:43:01.242,12.84838,12.85082,0.00,0.00
2017.08.17 14:43:01.343,12.84838,12.85088,0.00,0.00
2017.08.17 14:43:01.444,12.84838,12.85072,0.00,0.00
2017.08.17 14:43:01.860,12.84939,12.85101,0.00,0.00
2017.08.17 14:43:01.962,12.84939,12.85178,0.00,0.00
2017.08.17 14:43:02.063,12.84989,12.85179,0.00,0.00
2017.08.17 14:43:02.113,12.84991,12.85192,0.00,0.00
2017.08.17 14:43:02.164,12.85002,12.85212,0.00,0.00
2017.08.17 14:43:02.215,12.84989,12.85212,0.00,0.00
2017.08.17 14:43:02.316,12.84989,12.85238,0.00,0.00
2017.08.17 14:43:02.480,12.85038,12.85239,0.00,0.00
2017.08.17 14:43:02.531,12.85038,12.85261,0.00,0.00
2017.08.17 14:43:02.632,12.85038,12.85278,0.00,0.00
2017.08.17 14:43:02.832,12.85038,12.85269,0.00,0.00
2017.08.17 14:43:03.197,12.85038,12.85242,0.00,0.00
2017.08.17 14:43:03.248,12.85038,12.85269,0.00,0.00
2017.08.17 14:43:03.349,12.85012,12.85202,0.00,0.00
2017.08.17 14:43:03.400,12.84948,12.85199,0.00,0.00
2017.08.17 14:43:03.450,12.84992,12.85202,0.00,0.00
2017.08.17 14:43:03.501,12.84988,12.85222,0.00,0.00
2017.08.17 14:43:03.653,12.84961,12.85201,0.00,0.00
2017.08.17 14:43:03.754,12.84939,12.85198,0.00,0.00
2017.08.17 14:43:03.855,12.84939,12.85181,0.00,0.00
2017.08.17 14:43:03.980,12.84939,12.85192,0.00,0.00
2017.08.17 14:43:04.137,12.84939,12.85198,0.00,0.00
2017.08.17 14:43:04.566,12.84939,12.85191,0.00,0.00
2017.08.17 14:43:04.848,12.84939,12.85199,0.00,0.00
2017.08.17 14:43:04.899,12.84991,12.85212,0.00,0.00
2017.08.17 14:43:05.210,12.84979,12.85191,0.00,0.00
2017.08.17 14:43:05.261,12.84929,12.85191,0.00,0.00
2017.08.17 14:43:05.362,12.84929,12.85179,0.00,0.00
2017.08.17 14:43:05.669,12.84929,12.85171,0.00,0.00
2017.08.17 14:43:06.007,12.84929,12.85162,0.00,0.00
2017.08.17 14:43:06.259,12.84929,12.85178,0.00,0.00
2017.08.17 14:43:06.310,12.84929,12.85169,0.00,0.00
2017.08.17 14:43:06.612,12.84938,12.85132,0.00,0.00
2017.08.17 14:43:06.663,12.84938,12.85171,0.00,0.00
2017.08.17 14:43:06.895,12.84938,12.85179,0.00,0.00
2017.08.17 14:43:07.049,12.84938,12.85161,0.00,0.00
2017.08.17 14:43:07.150,12.84938,12.85179,0.00,0.00
2017.08.17 14:43:08.205,12.84938,12.85178,0.00,0.00
2017.08.17 14:43:08.422,12.84992,12.85211,0.00,0.00
2017.08.17 14:43:08.573,12.85028,12.85278,0.00,0.00
2017.08.17 14:43:09.095,12.85028,12.85262,0.00,0.00
2017.08.17 14:43:09.398,12.85028,12.85268,0.00,0.00
2017.08.17 14:43:09.600,12.84991,12.85242,0.00,0.00
2017.08.17 14:43:09.650,12.85011,12.85242,0.00,0.00
2017.08.17 14:43:09.701,12.84978,12.85222,0.00,0.00
2017.08.17 14:43:09.818,12.84928,12.85192,0.00,0.00
2017.08.17 14:43:09.868,12.84991,12.85239,0.00,0.00
2017.08.17 14:43:10.190,12.85028,12.85239,0.00,0.00
2017.08.17 14:43:10.291,12.84978,12.85192,0.00,0.00
2017.08.17 14:43:10.392,12.84928,12.85192,0.00,0.00
2017.08.17 14:43:11.057,12.84928,12.85181,0.00,0.00
2017.08.17 14:43:11.158,12.84938,12.85192,0.00,0.00
2017.08.17 14:43:11.259,12.84948,12.85192,0.00,0.00
2017.08.17 14:43:11.360,12.84928,12.85192,0.00,0.00
2017.08.17 14:43:11.461,12.84898,12.85142,0.00,0.00
2017.08.17 14:43:11.837,12.84879,12.85099,0.00,0.00
2017.08.17 14:43:12.090,12.84902,12.85148,0.00,0.00
2017.08.17 14:43:12.260,12.84919,12.85149,0.00,0.00
2017.08.17 14:43:12.578,12.84849,12.85061,0.00,0.00
2017.08.17 14:43:12.679,12.84828,12.85061,0.00,0.00
2017.08.17 14:43:12.994,12.84801,12.85061,0.00,0.00
2017.08.17 14:43:13.304,12.84838,12.85061,0.00,0.00
2017.08.17 14:43:13.477,12.84808,12.85061,0.00,0.00
2017.08.17 14:43:13.713,12.84839,12.85061,0.00,0.00
2017.08.17 14:43:13.764,12.84808,12.85061,0.00,0.00
2017.08.17 14:43:13.966,12.84839,12.85061,0.00,0.00
2017.08.17 14:43:14.264,12.84819,12.85061,0.00,0.00
2017.08.17 14:43:14.465,12.84838,12.85061,0.00,0.00
2017.08.17 14:43:14.788,12.84828,12.85061,0.00,0.00
2017.08.17 14:43:15.014,12.84818,12.85061,0.00,0.00
2017.08.17 14:43:15.117,12.84801,12.85061,0.00,0.00
2017.08.17 14:43:15.369,12.84848,12.85061,0.00,0.00
2017.08.17 14:43:15.760,12.84891,12.85132,0.00,0.00
2017.08.17 14:43:15.811,12.84901,12.85149,0.00,0.00
2017.08.17 14:43:15.912,12.84918,12.85148,0.00,0.00
2017.08.17 14:43:16.185,12.84902,12.85148,0.00,0.00
2017.08.17 14:43:16.286,12.84919,12.85149,0.00,0.00
2017.08.17 14:43:16.487,12.84901,12.85149,0.00,0.00
2017.08.17 14:43:16.538,12.84892,12.85148,0.00,0.00
2017.08.17 14:43:16.781,12.84892,12.85142,0.00,0.00
2017.08.17 14:43:17.126,12.84908,12.85149,0.00,0.00
2017.08.17 14:43:17.278,12.84902,12.85148,0.00,0.00
2017.08.17 14:43:17.370,12.84918,12.85148,0.00,0.00
2017.08.17 14:43:17.571,12.84902,12.85148,0.00,0.00
2017.08.17 14:43:17.771,12.84919,12.85149,0.00,0.00
2017.08.17 14:43:18.213,12.84919,12.85161,0.00,0.00
2017.08.17 14:43:18.263,12.84919,12.85148,0.00,0.00
2017.08.17 14:43:18.314,12.84898,12.85149,0.00,0.00
2017.08.17 14:43:18.415,12.84861,12.85099,0.00,0.00
2017.08.17 14:43:18.617,12.84908,12.85148,0.00,0.00
2017.08.17 14:43:18.779,12.84901,12.85141,0.00,0.00
2017.08.17 14:43:18.930,12.84901,12.85149,0.00,0.00
2017.08.17 14:43:19.309,12.84908,12.85149,0.00,0.00
2017.08.17 14:43:19.675,12.84901,12.85149,0.00,0.00
2017.08.17 14:43:20.079,12.84928,12.85148,0.00,0.00
2017.08.17 14:43:20.677,12.84908,12.85149,0.00,0.00
2017.08.17 14:43:20.879,12.84919,12.85148,0.00,0.00
2017.08.17 14:43:20.980,12.84902,12.85148,0.00,0.00
2017.08.17 14:43:21.182,12.84929,12.85148,0.00,0.00
2017.08.17 14:43:21.483,12.84902,12.85148,0.00,0.00
2017.08.17 14:43:22.063,12.84901,12.85149,0.00,0.00
2017.08.17 14:43:22.391,12.84904,12.85148,0.00,0.00
2017.08.17 14:43:22.726,12.84904,12.85112,0.00,0.00
2017.08.17 14:43:22.877,12.84902,12.85148,0.00,0.00
2017.08.17 14:43:22.928,12.84902,12.85131,0.00,0.00
2017.08.17 14:43:23.029,12.84901,12.85142,0.00,0.00
2017.08.17 14:43:23.203,12.84901,12.85149,0.00,0.00
2017.08.17 14:43:23.303,12.84903,12.85162,0.00,0.00
2017.08.17 14:43:23.354,12.84903,12.85148,0.00,0.00
2017.08.17 14:43:23.484,12.84901,12.85149,0.00,0.00
2017.08.17 14:43:23.810,12.84904,12.85149,0.00,0.00
2017.08.17 14:43:24.005,12.84902,12.85148,0.00,0.00
2017.08.17 14:43:24.215,12.84903,12.85149,0.00,0.00
2017.08.17 14:43:24.316,12.84902,12.85148,0.00,0.00
2017.08.17 14:43:24.807,12.84914,12.85149,0.00,0.00
2017.08.17 14:43:25.349,12.84919,12.85148,0.00,0.00
2017.08.17 14:43:25.400,12.84902,12.85148,0.00,0.00
2017.08.17 14:43:25.644,12.84878,12.85098,0.00,0.00
2017.08.17 14:43:25.947,12.84829,12.85049,0.00,0.00
2017.08.17 14:43:25.998,12.84818,12.85049,0.00,0.00
2017.08.17 14:43:26.332,12.84809,12.85049,0.00,0.00
2017.08.17 14:43:26.863,12.84809,12.85048,0.00,0.00
2017.08.17 14:43:26.913,12.84818,12.85048,0.00,0.00
2017.08.17 14:43:27.015,12.84801,12.85049,0.00,0.00
2017.08.17 14:43:27.527,12.84838,12.85048,0.00,0.00
2017.08.17 14:43:27.836,12.84829,12.85048,0.00,0.00
2017.08.17 14:43:27.991,12.84901,12.85111,0.00,0.00
2017.08.17 14:43:28.143,12.84901,12.85149,0.00,0.00
2017.08.17 14:43:28.193,12.84909,12.85149,0.00,0.00
2017.08.17 14:43:28.824,12.84909,12.85148,0.00,0.00
2017.08.17 14:43:28.875,12.84938,12.85188,0.00,0.00
2017.08.17 14:43:28.925,12.84938,12.85161,0.00,0.00
2017.08.17 14:43:29.443,12.84938,12.85189,0.00,0.00
2017.08.17 14:43:29.494,12.84961,12.85189,0.00,0.00
2017.08.17 14:43:29.544,12.84939,12.85189,0.00,0.00
2017.08.17 14:43:29.645,12.84948,12.85189,0.00,0.00
2017.08.17 14:43:29.897,12.84938,12.85188,0.00,0.00
2017.08.17 14:43:30.605,12.84938,12.85189,0.00,0.00
2017.08.17 14:43:31.106,12.84938,12.85172,0.00,0.00
2017.08.17 14:43:31.416,12.85038,12.85271,0.00,0.00
2017.08.17 14:43:31.518,12.85038,12.85282,0.00,0.00
2017.08.17 14:43:31.619,12.85038,12.85289,0.00,0.00
2017.08.17 14:43:31.923,12.85038,12.85261,0.00,0.00
2017.08.17 14:43:32.242,12.84988,12.85191,0.00,0.00
2017.08.17 14:43:32.391,12.84938,12.85171,0.00,0.00
2017.08.17 14:43:32.442,12.84938,12.85161,0.00,0.00
2017.08.17 14:43:32.543,12.84938,12.85202,0.00,0.00
2017.08.17 14:43:32.845,12.84938,12.85172,0.00,0.00
2017.08.17 14:43:32.902,12.84938,12.85192,0.00,0.00
2017.08.17 14:43:33.150,12.84938,12.85202,0.00,0.00
2017.08.17 14:43:33.201,12.84992,12.85202,0.00,0.00
2017.08.17 14:43:33.252,12.84981,12.85211,0.00,0.00
2017.08.17 14:43:33.302,12.85001,12.85211,0.00,0.00
2017.08.17 14:43:33.353,12.84982,12.85242,0.00,0.00
2017.08.17 14:43:33.645,12.85028,12.85241,0.00,0.00
2017.08.17 14:43:33.835,12.85028,12.85291,0.00,0.00
2017.08.17 14:43:34.247,12.85028,12.85272,0.00,0.00
2017.08.17 14:43:34.348,12.85028,12.85292,0.00,0.00
2017.08.17 14:43:34.646,12.85028,12.85261,0.00,0.00
2017.08.17 14:43:35.000,12.85028,12.85249,0.00,0.00
2017.08.17 14:43:35.052,12.85012,12.85241,0.00,0.00
2017.08.17 14:43:35.103,12.85008,12.85241,0.00,0.00
2017.08.17 14:43:35.204,12.84979,12.85221,0.00,0.00
2017.08.17 14:43:35.254,12.85012,12.85241,0.00,0.00
2017.08.17 14:43:35.355,12.85028,12.85271,0.00,0.00
2017.08.17 14:43:35.406,12.85028,12.85248,0.00,0.00
2017.08.17 14:43:35.457,12.85008,12.85242,0.00,0.00
2017.08.17 14:43:35.558,12.84989,12.85242,0.00,0.00
2017.08.17 14:43:35.609,12.84978,12.85231,0.00,0.00
2017.08.17 14:43:35.952,12.84962,12.85192,0.00,0.00
2017.08.17 14:43:36.053,12.84979,12.85242,0.00,0.00
2017.08.17 14:43:36.104,12.84979,12.85208,0.00,0.00
2017.08.17 14:43:36.255,12.84929,12.85172,0.00,0.00
2017.08.17 14:43:36.515,12.84929,12.85161,0.00,0.00
2017.08.17 14:43:36.616,12.84929,12.85191,0.00,0.00
2017.08.17 14:43:37.311,12.84929,12.85182,0.00,0.00
2017.08.17 14:43:37.853,12.84929,12.85191,0.00,0.00
2017.08.17 14:43:38.055,12.84929,12.85182,0.00,0.00
2017.08.17 14:43:38.156,12.84929,12.85191,0.00,0.00
2017.08.17 14:43:38.213,12.84929,12.85172,0.00,0.00
2017.08.17 14:43:38.314,12.84929,12.85191,0.00,0.00
2017.08.17 14:43:38.415,12.84929,12.85181,0.00,0.00
2017.08.17 14:43:38.790,12.84929,12.85172,0.00,0.00
2017.08.17 14:43:39.149,12.84929,12.85191,0.00,0.00
2017.08.17 14:43:39.315,12.84929,12.85181,0.00,0.00
2017.08.17 14:43:39.645,12.84929,12.85171,0.00,0.00
2017.08.17 14:43:39.916,12.84929,12.85191,0.00,0.00
2017.08.17 14:43:40.016,12.84929,12.85182,0.00,0.00
2017.08.17 14:43:40.317,12.84929,12.85172,0.00,0.00
2017.08.17 14:43:40.619,12.84929,12.85151,0.00,0.00
2017.08.17 14:43:40.845,12.84929,12.85191,0.00,0.00
2017.08.17 14:43:41.349,12.84929,12.85162,0.00,0.00
2017.08.17 14:43:41.566,12.84929,12.85191,0.00,0.00
2017.08.17 14:43:42.378,12.84929,12.85182,0.00,0.00
2017.08.17 14:43:42.429,12.84929,12.85191,0.00,0.00
2017.08.17 14:43:43.021,12.84929,12.85172,0.00,0.00
2017.08.17 14:43:43.221,12.84929,12.85191,0.00,0.00
2017.08.17 14:43:43.326,12.84929,12.85161,0.00,0.00
2017.08.17 14:43:43.566,12.84829,12.85071,0.00,0.00
2017.08.17 14:43:44.065,12.84829,12.85082,0.00,0.00
2017.08.17 14:43:44.324,12.84902,12.85082,0.00,0.00
2017.08.17 14:43:44.425,12.84928,12.85169,0.00,0.00
2017.08.17 14:43:44.613,12.84928,12.85109,0.00,0.00
2017.08.17 14:43:44.664,12.84829,12.85091,0.00,0.00
2017.08.17 14:43:45.866,12.84891,12.85132,0.00,0.00
2017.08.17 14:43:45.967,12.84898,12.85142,0.00,0.00
2017.08.17 14:43:46.068,12.84928,12.85168,0.00,0.00
2017.08.17 14:43:46.227,12.84928,12.85182,0.00,0.00
2017.08.17 14:43:46.328,12.84938,12.85192,0.00,0.00
2017.08.17 14:43:46.728,12.84929,12.85192,0.00,0.00
2017.08.17 14:43:47.286,12.84928,12.85192,0.00,0.00
2017.08.17 14:43:47.558,12.84938,12.85192,0.00,0.00
2017.08.17 14:43:48.143,12.84928,12.85192,0.00,0.00
2017.08.17 14:43:48.541,12.84928,12.85182,0.00,0.00
2017.08.17 14:43:48.737,12.84928,12.85192,0.00,0.00
2017.08.17 14:43:48.931,12.84928,12.85171,0.00,0.00
2017.08.17 14:43:48.982,12.84928,12.85182,0.00,0.00
2017.08.17 14:43:49.083,12.84928,12.85192,0.00,0.00
2017.08.17 14:43:49.133,12.84928,12.85182,0.00,0.00
2017.08.17 14:43:49.249,12.84928,12.85192,0.00,0.00
2017.08.17 14:43:50.133,12.84928,12.85182,0.00,0.00
2017.08.17 14:43:50.549,12.84928,12.85192,0.00,0.00
2017.08.17 14:43:50.856,12.84991,12.85212,0.00,0.00
2017.08.17 14:43:50.957,12.85011,12.85242,0.00,0.00
2017.08.17 14:43:51.008,12.84991,12.85242,0.00,0.00
2017.08.17 14:43:51.536,12.84992,12.85242,0.00,0.00
2017.08.17 14:43:51.737,12.84958,12.85191,0.00,0.00
2017.08.17 14:43:52.040,12.84991,12.85218,0.00,0.00
2017.08.17 14:43:52.705,12.84992,12.85218,0.00,0.00
2017.08.17 14:43:53.159,12.84992,12.85242,0.00,0.00
2017.08.17 14:43:53.287,12.85029,12.85261,0.00,0.00
2017.08.17 14:43:53.388,12.85029,12.85268,0.00,0.00
2017.08.17 14:43:54.095,12.85001,12.85242,0.00,0.00
2017.08.17 14:43:54.145,12.85012,12.85242,0.00,0.00
2017.08.17 14:43:54.196,12.85028,12.85261,0.00,0.00
2017.08.17 14:43:54.247,12.85028,12.85268,0.00,0.00
2017.08.17 14:43:54.542,12.85028,12.85278,0.00,0.00
2017.08.17 14:43:55.048,12.85028,12.85262,0.00,0.00
2017.08.17 14:43:55.529,12.84978,12.85209,0.00,0.00
2017.08.17 14:43:55.681,12.84928,12.85182,0.00,0.00
2017.08.17 14:43:55.994,12.85029,12.85211,0.00,0.00
2017.08.17 14:43:56.045,12.85029,12.85218,0.00,0.00
2017.08.17 14:43:56.297,12.85082,12.85218,0.00,0.00
2017.08.17 14:43:56.433,12.85082,12.85292,0.00,0.00
2017.08.17 14:43:56.484,12.85082,12.85298,0.00,0.00
2017.08.17 14:43:56.635,12.85029,12.85259,0.00,0.00
2017.08.17 14:43:56.787,12.85019,12.85242,0.00,0.00
2017.08.17 14:43:56.988,12.85068,12.85299,0.00,0.00
2017.08.17 14:43:57.254,12.85068,12.85281,0.00,0.00
2017.08.17 14:43:57.358,12.85068,12.85299,0.00,0.00
2017.08.17 14:43:57.716,12.85019,12.85298,0.00,0.00
2017.08.17 14:43:57.767,12.85019,12.85278,0.00,0.00
2017.08.17 14:43:58.099,12.85069,12.85299,0.00,0.00
2017.08.17 14:43:58.735,12.85069,12.85298,0.00,0.00
2017.08.17 14:43:59.236,12.85131,12.85322,0.00,0.00
2017.08.17 14:43:59.287,12.85118,12.85342,0.00,0.00
2017.08.17 14:43:59.337,12.85169,12.85342,0.00,0.00
2017.08.17 14:43:59.388,12.85169,12.85388,0.00,0.00
2017.08.17 14:43:59.552,12.85169,12.85372,0.00,0.00
2017.08.17 14:43:59.898,12.85169,12.85389,0.00,0.00
2017.08.17 14:44:00.123,12.85169,12.85402,0.00,0.00
2017.08.17 14:44:00.174,12.85169,12.85389,0.00,0.00
2017.08.17 14:44:00.477,12.85169,12.85372,0.00,0.00
2017.08.17 14:44:00.818,12.85202,12.85372,0.00,0.00
2017.08.17 14:44:00.981,12.85281,12.85499,0.00,0.00
2017.08.17 14:44:01.149,12.85319,12.85499,0.00,0.00
2017.08.17 14:44:01.402,12.85369,12.85572,0.00,0.00
2017.08.17 14:44:01.691,12.85369,12.85541,0.00,0.00
2017.08.17 14:44:01.860,12.85369,12.85582,0.00,0.00
2017.08.17 14:44:01.961,12.85369,12.85591,0.00,0.00
2017.08.17 14:44:02.388,12.85369,12.85551,0.00,0.00
2017.08.17 14:44:02.533,12.85369,12.85592,0.00,0.00
2017.08.17 14:44:02.735,12.85469,12.85592,0.00,0.00
2017.08.17 14:44:02.786,12.85469,12.85611,0.00,0.00
2017.08.17 14:44:02.887,12.85418,12.85642,0.00,0.00
2017.08.17 14:44:02.988,12.85468,12.85642,0.00,0.00
2017.08.17 14:44:03.089,12.85468,12.85662,0.00,0.00
2017.08.17 14:44:03.194,12.85468,12.85672,0.00,0.00
2017.08.17 14:44:03.295,12.85468,12.85682,0.00,0.00
2017.08.17 14:44:03.497,12.85468,12.85642,0.00,0.00
2017.08.17 14:44:03.800,12.85468,12.85671,0.00,0.00
2017.08.17 14:44:04.187,12.85468,12.85682,0.00,0.00
2017.08.17 14:44:04.288,12.85468,12.85652,0.00,0.00
2017.08.17 14:44:04.389,12.85468,12.85691,0.00,0.00
2017.08.17 14:44:04.869,12.85468,12.85662,0.00,0.00
2017.08.17 14:44:04.981,12.85468,12.85692,0.00,0.00
2017.08.17 14:44:05.082,12.85468,12.85661,0.00,0.00
2017.08.17 14:44:05.169,12.85468,12.85692,0.00,0.00
2017.08.17 14:44:05.271,12.85468,12.85662,0.00,0.00
2017.08.17 14:44:05.611,12.85468,12.85682,0.00,0.00
2017.08.17 14:44:05.808,12.85468,12.85692,0.00,0.00
2017.08.17 14:44:06.010,12.85468,12.85701,0.00,0.00
2017.08.17 14:44:06.176,12.85468,12.85672,0.00,0.00
2017.08.17 14:44:06.378,12.85468,12.85692,0.00,0.00
2017.08.17 14:44:06.479,12.85468,12.85709,0.00,0.00
2017.08.17 14:44:06.530,12.85491,12.85709,0.00,0.00
2017.08.17 14:44:06.686,12.85569,12.85798,0.00,0.00
2017.08.17 14:44:06.888,12.85569,12.85772,0.00,0.00
2017.08.17 14:44:06.989,12.85569,12.85798,0.00,0.00
2017.08.17 14:44:07.191,12.85669,12.85771,0.00,0.00
2017.08.17 14:44:07.292,12.85669,12.85819,0.00,0.00
2017.08.17 14:44:07.344,12.85619,12.85852,0.00,0.00
2017.08.17 14:44:07.475,12.85668,12.85852,0.00,0.00
2017.08.17 14:44:07.576,12.85581,12.85771,0.00,0.00
2017.08.17 14:44:07.627,12.85582,12.85782,0.00,0.00
2017.08.17 14:44:07.980,12.85581,12.85791,0.00,0.00
2017.08.17 14:44:08.191,12.85581,12.85752,0.00,0.00
2017.08.17 14:44:08.292,12.85582,12.85761,0.00,0.00
2017.08.17 14:44:08.397,12.85581,12.85819,0.00,0.00
2017.08.17 14:44:08.448,12.85619,12.85818,0.00,0.00
2017.08.17 14:44:08.499,12.85581,12.85812,0.00,0.00
2017.08.17 14:44:08.600,12.85582,12.85782,0.00,0.00
2017.08.17 14:44:08.935,12.85618,12.85812,0.00,0.00
2017.08.17 14:44:08.986,12.85618,12.85818,0.00,0.00
2017.08.17 14:44:09.087,12.85569,12.85818,0.00,0.00
2017.08.17 14:44:09.188,12.85569,12.85791,0.00,0.00
2017.08.17 14:44:09.506,12.85569,12.85771,0.00,0.00
2017.08.17 14:44:09.708,12.85569,12.85799,0.00,0.00
2017.08.17 14:44:09.809,12.85519,12.85618,0.00,0.00
2017.08.17 14:44:09.910,12.85369,12.85618,0.00,0.00
2017.08.17 14:44:10.011,12.85369,12.85612,0.00,0.00
2017.08.17 14:44:10.357,12.85369,12.85591,0.00,0.00
2017.08.17 14:44:10.660,12.85369,12.85529,0.00,0.00
2017.08.17 14:44:11.407,12.85338,12.85509,0.00,0.00
2017.08.17 14:44:11.458,12.85338,12.85459,0.00,0.00
2017.08.17 14:44:11.509,12.85282,12.85459,0.00,0.00
2017.08.17 14:44:11.781,12.85218,12.85459,0.00,0.00
2017.08.17 14:44:11.831,12.85268,12.85459,0.00,0.00
2017.08.17 14:44:12.033,12.85319,12.85542,0.00,0.00
2017.08.17 14:44:12.084,12.85368,12.85542,0.00,0.00
2017.08.17 14:44:12.135,12.85368,12.85549,0.00,0.00
2017.08.17 14:44:12.186,12.85358,12.85549,0.00,0.00
2017.08.17 14:44:12.236,12.85368,12.85549,0.00,0.00
2017.08.17 14:44:12.494,12.85329,12.85549,0.00,0.00
2017.08.17 14:44:12.747,12.85328,12.85592,0.00,0.00
2017.08.17 14:44:12.797,12.85382,12.85618,0.00,0.00
2017.08.17 14:44:13.254,12.85369,12.85591,0.00,0.00
2017.08.17 14:44:13.398,12.85361,12.85591,0.00,0.00
2017.08.17 14:44:13.594,12.85402,12.85591,0.00,0.00
2017.08.17 14:44:13.644,12.85401,12.85622,0.00,0.00
2017.08.17 14:44:13.695,12.85411,12.85622,0.00,0.00
2017.08.17 14:44:13.746,12.85428,12.85692,0.00,0.00
2017.08.17 14:44:13.898,12.85438,12.85692,0.00,0.00
2017.08.17 14:44:14.204,12.85449,12.85692,0.00,0.00
2017.08.17 14:44:14.517,12.85391,12.85641,0.00,0.00
2017.08.17 14:44:14.568,12.85378,12.85508,0.00,0.00
2017.08.17 14:44:14.619,12.85269,12.85492,0.00,0.00
2017.08.17 14:44:14.720,12.85241,12.85492,0.00,0.00
2017.08.17 14:44:15.091,12.85301,12.85501,0.00,0.00
2017.08.17 14:44:15.420,12.85328,12.85519,0.00,0.00
2017.08.17 14:44:15.835,12.85349,12.85519,0.00,0.00
2017.08.17 14:44:15.995,12.85349,12.85592,0.00,0.00
2017.08.17 14:44:16.046,12.85328,12.85592,0.00,0.00
2017.08.17 14:44:16.360,12.85368,12.85599,0.00,0.00
2017.08.17 14:44:16.696,12.85382,12.85598,0.00,0.00
2017.08.17 14:44:17.540,12.85381,12.85599,0.00,0.00
2017.08.17 14:44:18.027,12.85468,12.85641,0.00,0.00
2017.08.17 14:44:18.243,12.85468,12.85669,0.00,0.00
2017.08.17 14:44:18.772,12.85468,12.85672,0.00,0.00
2017.08.17 14:44:19.033,12.85468,12.85692,0.00,0.00
2017.08.17 14:44:19.140,12.85468,12.85682,0.00,0.00
2017.08.17 14:44:19.606,12.85468,12.85671,0.00,0.00
2017.08.17 14:44:19.729,12.85468,12.85681,0.00,0.00
2017.08.17 14:44:19.830,12.85468,12.85702,0.00,0.00
2017.08.17 14:44:20.043,12.85468,12.85708,0.00,0.00
2017.08.17 14:44:20.554,12.85519,12.85722,0.00,0.00
2017.08.17 14:44:20.655,12.85568,12.85781,0.00,0.00
2017.08.17 14:44:20.756,12.85568,12.85799,0.00,0.00
2017.08.17 14:44:20.913,12.85538,12.85708,0.00,0.00
2017.08.17 14:44:20.964,12.85481,12.85702,0.00,0.00
2017.08.17 14:44:21.116,12.85482,12.85708,0.00,0.00
2017.08.17 14:44:21.218,12.85482,12.85691,0.00,0.00
2017.08.17 14:44:21.319,12.85482,12.85702,0.00,0.00
2017.08.17 14:44:21.420,12.85482,12.85708,0.00,0.00
2017.08.17 14:44:21.727,12.85481,12.85701,0.00,0.00
2017.08.17 14:44:22.057,12.85469,12.85701,0.00,0.00
2017.08.17 14:44:22.108,12.85481,12.85701,0.00,0.00
2017.08.17 14:44:22.158,12.85481,12.85709,0.00,0.00
2017.08.17 14:44:23.098,12.85482,12.85708,0.00,0.00
2017.08.17 14:44:23.630,12.85481,12.85709,0.00,0.00
2017.08.17 14:44:24.128,12.85481,12.85702,0.00,0.00
2017.08.17 14:44:24.328,12.85481,12.85709,0.00,0.00
2017.08.17 14:44:24.522,12.85482,12.85691,0.00,0.00
2017.08.17 14:44:24.866,12.85481,12.85681,0.00,0.00
2017.08.17 14:44:25.125,12.85482,12.85692,0.00,0.00
2017.08.17 14:44:25.186,12.85418,12.85598,0.00,0.00
2017.08.17 14:44:25.236,12.85369,12.85582,0.00,0.00
2017.08.17 14:44:25.337,12.85369,12.85592,0.00,0.00
2017.08.17 14:44:25.540,12.85369,12.85609,0.00,0.00
2017.08.17 14:44:25.591,12.85469,12.85618,0.00,0.00
2017.08.17 14:44:25.642,12.85469,12.85632,0.00,0.00
2017.08.17 14:44:25.825,12.85419,12.85669,0.00,0.00
2017.08.17 14:44:25.875,12.85431,12.85669,0.00,0.00
2017.08.17 14:44:26.231,12.85431,12.85642,0.00,0.00
2017.08.17 14:44:26.282,12.85381,12.85609,0.00,0.00
2017.08.17 14:44:26.333,12.85381,12.85591,0.00,0.00
2017.08.17 14:44:26.434,12.85381,12.85601,0.00,0.00
2017.08.17 14:44:26.535,12.85381,12.85609,0.00,0.00
2017.08.17 14:44:26.758,12.85468,12.85669,0.00,0.00
2017.08.17 14:44:26.809,12.85399,12.85628,0.00,0.00
2017.08.17 14:44:26.860,12.85381,12.85629,0.00,0.00
2017.08.17 14:44:27.062,12.85382,12.85622,0.00,0.00
2017.08.17 14:44:27.228,12.85418,12.85678,0.00,0.00
2017.08.17 14:44:27.329,12.85468,12.85698,0.00,0.00
2017.08.17 14:44:27.784,12.85468,12.85668,0.00,0.00
2017.08.17 14:44:27.835,12.85382,12.85608,0.00,0.00
2017.08.17 14:44:27.886,12.85432,12.85632,0.00,0.00
2017.08.17 14:44:27.936,12.85468,12.85679,0.00,0.00
2017.08.17 14:44:28.548,12.85468,12.85708,0.00,0.00
2017.08.17 14:44:28.850,12.85468,12.85702,0.00,0.00
2017.08.17 14:44:28.951,12.85468,12.85709,0.00,0.00
2017.08.17 14:44:29.516,12.85468,12.85708,0.00,0.00
2017.08.17 14:44:29.566,12.85468,12.85702,0.00,0.00
2017.08.17 14:44:29.876,12.85568,12.85809,0.00,0.00
2017.08.17 14:44:30.128,12.85568,12.85798,0.00,0.00
2017.08.17 14:44:30.628,12.85539,12.85709,0.00,0.00
2017.08.17 14:44:30.678,12.85469,12.85709,0.00,0.00
2017.08.17 14:44:30.729,12.85482,12.85708,0.00,0.00
2017.08.17 14:44:31.032,12.85482,12.85702,0.00,0.00
2017.08.17 14:44:31.183,12.85531,12.85769,0.00,0.00
2017.08.17 14:44:31.389,12.85531,12.85752,0.00,0.00
2017.08.17 14:44:31.797,12.85568,12.85752,0.00,0.00
2017.08.17 14:44:31.847,12.85568,12.85798,0.00,0.00
2017.08.17 14:44:31.999,12.85568,12.85768,0.00,0.00
2017.08.17 14:44:32.100,12.85568,12.85772,0.00,0.00
2017.08.17 14:44:32.379,12.85568,12.85809,0.00,0.00
2017.08.17 14:44:32.573,12.85568,12.85801,0.00,0.00
2017.08.17 14:44:32.775,12.85568,12.85808,0.00,0.00
2017.08.17 14:44:32.876,12.85568,12.85791,0.00,0.00
2017.08.17 14:44:33.113,12.85668,12.85829,0.00,0.00
2017.08.17 14:44:33.215,12.85581,12.85829,0.00,0.00
2017.08.17 14:44:33.316,12.85631,12.85832,0.00,0.00
2017.08.17 14:44:33.366,12.85631,12.85852,0.00,0.00
2017.08.17 14:44:33.417,12.85618,12.85829,0.00,0.00
2017.08.17 14:44:33.468,12.85581,12.85812,0.00,0.00
2017.08.17 14:44:33.675,12.85581,12.85829,0.00,0.00
2017.08.17 14:44:33.726,12.85582,12.85808,0.00,0.00
2017.08.17 14:44:34.236,12.85581,12.85809,0.00,0.00
2017.08.17 14:44:34.683,12.85581,12.85801,0.00,0.00
2017.08.17 14:44:34.784,12.85581,12.85809,0.00,0.00
2017.08.17 14:44:34.885,12.85569,12.85842,0.00,0.00
2017.08.17 14:44:34.936,12.85582,12.85808,0.00,0.00
2017.08.17 14:44:35.241,12.85582,12.85828,0.00,0.00
2017.08.17 14:44:35.292,12.85591,12.85829,0.00,0.00
2017.08.17 14:44:35.342,12.85591,12.85841,0.00,0.00
2017.08.17 14:44:35.393,12.85618,12.85868,0.00,0.00
2017.08.17 14:44:35.695,12.85669,12.85842,0.00,0.00
2017.08.17 14:44:35.797,12.85718,12.85908,0.00,0.00
2017.08.17 14:44:35.948,12.85681,12.85909,0.00,0.00
2017.08.17 14:44:36.050,12.85659,12.85912,0.00,0.00
2017.08.17 14:44:36.100,12.85632,12.85868,0.00,0.00
2017.08.17 14:44:36.151,12.85618,12.85869,0.00,0.00
2017.08.17 14:44:36.202,12.85619,12.85852,0.00,0.00
2017.08.17 14:44:36.370,12.85628,12.85868,0.00,0.00
2017.08.17 14:44:36.421,12.85669,12.85899,0.00,0.00
2017.08.17 14:44:36.572,12.85669,12.85909,0.00,0.00
2017.08.17 14:44:36.623,12.85719,12.85909,0.00,0.00
2017.08.17 14:44:36.674,12.85719,12.85931,0.00,0.00
2017.08.17 14:44:36.775,12.85768,12.85969,0.00,0.00
2017.08.17 14:44:37.189,12.85719,12.85901,0.00,0.00
2017.08.17 14:44:37.240,12.85668,12.85901,0.00,0.00
2017.08.17 14:44:37.341,12.85668,12.85898,0.00,0.00
2017.08.17 14:44:37.492,12.85619,12.85869,0.00,0.00
2017.08.17 14:44:37.593,12.85582,12.85808,0.00,0.00
2017.08.17 14:44:37.644,12.85591,12.85842,0.00,0.00
2017.08.17 14:44:37.695,12.85668,12.85832,0.00,0.00
2017.08.17 14:44:37.857,12.85581,12.85822,0.00,0.00
2017.08.17 14:44:37.908,12.85609,12.85809,0.00,0.00
2017.08.17 14:44:38.010,12.85582,12.85808,0.00,0.00
2017.08.17 14:44:38.060,12.85618,12.85802,0.00,0.00
2017.08.17 14:44:38.161,12.85618,12.85811,0.00,0.00
2017.08.17 14:44:38.212,12.85591,12.85811,0.00,0.00
2017.08.17 14:44:38.266,12.85632,12.85841,0.00,0.00
2017.08.17 14:44:38.367,12.85632,12.85868,0.00,0.00
2017.08.17 14:44:38.468,12.85589,12.85861,0.00,0.00
2017.08.17 14:44:38.599,12.85582,12.85808,0.00,0.00
2017.08.17 14:44:38.909,12.85581,12.85799,0.00,0.00
2017.08.17 14:44:38.959,12.85581,12.85802,0.00,0.00
2017.08.17 14:44:39.010,12.85582,12.85808,0.00,0.00
2017.08.17 14:44:39.389,12.85581,12.85801,0.00,0.00
2017.08.17 14:44:39.506,12.85582,12.85808,0.00,0.00
2017.08.17 14:44:39.607,12.85582,12.85801,0.00,0.00
2017.08.17 14:44:39.911,12.85482,12.85708,0.00,0.00
2017.08.17 14:44:40.169,12.85469,12.85712,0.00,0.00
2017.08.17 14:44:40.220,12.85481,12.85709,0.00,0.00
2017.08.17 14:44:40.855,12.85482,12.85708,0.00,0.00
2017.08.17 14:44:41.267,12.85482,12.85668,0.00,0.00
2017.08.17 14:44:41.318,12.85469,12.85702,0.00,0.00
2017.08.17 14:44:41.419,12.85469,12.85709,0.00,0.00
2017.08.17 14:44:41.470,12.85492,12.85712,0.00,0.00
2017.08.17 14:44:41.521,12.85491,12.85749,0.00,0.00
2017.08.17 14:44:41.572,12.85518,12.85749,0.00,0.00
2017.08.17 14:44:41.723,12.85509,12.85749,0.00,0.00
2017.08.17 14:44:41.774,12.85488,12.85749,0.00,0.00
2017.08.17 14:44:41.875,12.85482,12.85742,0.00,0.00
2017.08.17 14:44:42.178,12.85519,12.85769,0.00,0.00
2017.08.17 14:44:42.332,12.85518,12.85779,0.00,0.00
2017.08.17 14:44:42.382,12.85568,12.85778,0.00,0.00
2017.08.17 14:44:43.150,12.85568,12.85779,0.00,0.00
2017.08.17 14:44:43.352,12.85519,12.85769,0.00,0.00
2017.08.17 14:44:43.402,12.85482,12.85722,0.00,0.00
2017.08.17 14:44:43.654,12.85528,12.85769,0.00,0.00
2017.08.17 14:44:43.705,12.85518,12.85762,0.00,0.00
2017.08.17 14:44:44.089,12.85569,12.85779,0.00,0.00
2017.08.17 14:44:44.240,12.85539,12.85769,0.00,0.00
2017.08.17 14:44:44.291,12.85519,12.85761,0.00,0.00
2017.08.17 14:44:44.341,12.85519,12.85709,0.00,0.00
2017.08.17 14:44:44.392,12.85482,12.85708,0.00,0.00
2017.08.17 14:44:44.617,12.85482,12.85668,0.00,0.00
2017.08.17 14:44:44.667,12.85438,12.85678,0.00,0.00
2017.08.17 14:44:44.718,12.85432,12.85668,0.00,0.00
2017.08.17 14:44:44.983,12.85419,12.85669,0.00,0.00
2017.08.17 14:44:45.033,12.85432,12.85668,0.00,0.00
2017.08.17 14:44:45.347,12.85381,12.85609,0.00,0.00
2017.08.17 14:44:45.696,12.85382,12.85592,0.00,0.00
2017.08.17 14:44:46.024,12.85382,12.85581,0.00,0.00
2017.08.17 14:44:46.125,12.85381,12.85609,0.00,0.00
2017.08.17 14:44:46.439,12.85382,12.85601,0.00,0.00
2017.08.17 14:44:46.857,12.85319,12.85509,0.00,0.00
2017.08.17 14:44:46.958,12.85281,12.85509,0.00,0.00
2017.08.17 14:44:47.008,12.85281,12.85499,0.00,0.00
2017.08.17 14:44:47.236,12.85281,12.85509,0.00,0.00
2017.08.17 14:44:47.488,12.85332,12.85552,0.00,0.00
2017.08.17 14:44:47.539,12.85319,12.85561,0.00,0.00
2017.08.17 14:44:47.640,12.85319,12.85568,0.00,0.00
2017.08.17 14:44:47.792,12.85319,12.85551,0.00,0.00
2017.08.17 14:44:47.996,12.85319,12.85561,0.00,0.00
2017.08.17 14:44:48.206,12.85319,12.85552,0.00,0.00
2017.08.17 14:44:48.494,12.85319,12.85568,0.00,0.00
2017.08.17 14:44:48.963,12.85319,12.85509,0.00,0.00
2017.08.17 14:44:49.014,12.85282,12.85508,0.00,0.00
2017.08.17 14:44:49.317,12.85281,12.85492,0.00,0.00
2017.08.17 14:44:49.708,12.85282,12.85478,0.00,0.00
2017.08.17 14:44:49.758,12.85239,12.85468,0.00,0.00
2017.08.17 14:44:49.809,12.85261,12.85469,0.00,0.00
2017.08.17 14:44:50.112,12.85219,12.85469,0.00,0.00
2017.08.17 14:44:50.213,12.85219,12.85462,0.00,0.00
2017.08.17 14:44:50.314,12.85169,12.85452,0.00,0.00
2017.08.17 14:44:50.415,12.85169,12.85441,0.00,0.00
2017.08.17 14:44:50.749,12.85169,12.85409,0.00,0.00
2017.08.17 14:44:51.257,12.85169,12.85408,0.00,0.00
2017.08.17 14:44:51.558,12.85169,12.85401,0.00,0.00
2017.08.17 14:44:51.608,12.85169,12.85442,0.00,0.00
2017.08.17 14:44:51.659,12.85169,12.85409,0.00,0.00
2017.08.17 14:44:52.186,12.85169,12.85408,0.00,0.00
2017.08.17 14:44:52.525,12.85169,12.85399,0.00,0.00
2017.08.17 14:44:52.843,12.85169,12.85378,0.00,0.00
2017.08.17 14:44:53.145,12.85169,12.85369,0.00,0.00
2017.08.17 14:44:53.196,12.85131,12.85369,0.00,0.00
2017.08.17 14:44:53.487,12.85168,12.85369,0.00,0.00
2017.08.17 14:44:53.688,12.85169,12.85399,0.00,0.00
2017.08.17 14:44:53.739,12.85169,12.85379,0.00,0.00
2017.08.17 14:44:53.790,12.85131,12.85379,0.00,0.00
2017.08.17 14:44:53.840,12.85158,12.85369,0.00,0.00
2017.08.17 14:44:53.941,12.85081,12.85309,0.00,0.00
2017.08.17 14:44:54.042,12.85091,12.85309,0.00,0.00
2017.08.17 14:44:54.185,12.85081,12.85331,0.00,0.00
2017.08.17 14:44:54.236,12.85118,12.85361,0.00,0.00
2017.08.17 14:44:54.557,12.85118,12.85369,0.00,0.00
2017.08.17 14:44:54.659,12.85168,12.85378,0.00,0.00
2017.08.17 14:44:54.810,12.85128,12.85362,0.00,0.00
2017.08.17 14:44:54.911,12.85168,12.85379,0.00,0.00
2017.08.17 14:44:55.168,12.85168,12.85399,0.00,0.00
2017.08.17 14:44:55.269,12.85158,12.85308,0.00,0.00
2017.08.17 14:44:55.320,12.85091,12.85309,0.00,0.00
2017.08.17 14:44:55.564,12.85168,12.85332,0.00,0.00
2017.08.17 14:44:55.614,12.85168,12.85378,0.00,0.00
2017.08.17 14:44:55.905,12.85168,12.85398,0.00,0.00
2017.08.17 14:44:56.006,12.85168,12.85408,0.00,0.00
2017.08.17 14:44:56.636,12.85168,12.85409,0.00,0.00
2017.08.17 14:44:57.320,12.85168,12.85401,0.00,0.00
2017.08.17 14:44:57.573,12.85168,12.85408,0.00,0.00
2017.08.17 14:44:57.923,12.85168,12.85402,0.00,0.00
2017.08.17 14:44:58.218,12.85168,12.85409,0.00,0.00
2017.08.17 14:44:59.435,12.85301,12.85462,0.00,0.00
2017.08.17 14:44:59.536,12.85338,12.85548,0.00,0.00
2017.08.17 14:44:59.587,12.85381,12.85622,0.00,0.00
2017.08.17 14:44:59.638,12.85388,12.85661,0.00,0.00
2017.08.17 14:44:59.689,12.85419,12.85668,0.00,0.00
2017.08.17 14:45:00.002,12.85381,12.85602,0.00,0.00
2017.08.17 14:45:00.123,12.85381,12.85609,0.00,0.00
2017.08.17 14:45:00.224,12.85382,12.85601,0.00,0.00
2017.08.17 14:45:00.325,12.85381,12.85609,0.00,0.00
2017.08.17 14:45:00.862,12.85382,12.85608,0.00,0.00
2017.08.17 14:45:01.032,12.85381,12.85602,0.00,0.00
2017.08.17 14:45:01.236,12.85381,12.85609,0.00,0.00
2017.08.17 14:45:01.337,12.85381,12.85591,0.00,0.00
2017.08.17 14:45:01.537,12.85381,12.85609,0.00,0.00
2017.08.17 14:45:01.636,12.85381,12.85591,0.00,0.00
2017.08.17 14:45:01.980,12.85381,12.85562,0.00,0.00
2017.08.17 14:45:02.364,12.85382,12.85582,0.00,0.00
2017.08.17 14:45:02.465,12.85382,12.85562,0.00,0.00
2017.08.17 14:45:02.572,12.85382,12.85582,0.00,0.00
2017.08.17 14:45:02.781,12.85381,12.85562,0.00,0.00
2017.08.17 14:45:02.962,12.85318,12.85509,0.00,0.00
2017.08.17 14:45:03.063,12.85269,12.85452,0.00,0.00
2017.08.17 14:45:03.164,12.85269,12.85462,0.00,0.00
2017.08.17 14:45:03.265,12.85269,12.85501,0.00,0.00
2017.08.17 14:45:03.498,12.85269,12.85472,0.00,0.00
2017.08.17 14:45:03.845,12.85168,12.85372,0.00,0.00
2017.08.17 14:45:04.046,12.85168,12.85399,0.00,0.00
2017.08.17 14:45:04.265,12.85201,12.85402,0.00,0.00
2017.08.17 14:45:04.466,12.85268,12.85502,0.00,0.00
2017.08.17 14:45:04.610,12.85291,12.85509,0.00,0.00
2017.08.17 14:45:04.913,12.85291,12.85472,0.00,0.00
2017.08.17 14:45:04.964,12.85292,12.85482,0.00,0.00
2017.08.17 14:45:05.077,12.85291,12.85509,0.00,0.00
2017.08.17 14:45:05.233,12.85292,12.85501,0.00,0.00
2017.08.17 14:45:05.591,12.85291,12.85492,0.00,0.00
2017.08.17 14:45:05.641,12.85291,12.85509,0.00,0.00
2017.08.17 14:45:06.135,12.85291,12.85502,0.00,0.00
2017.08.17 14:45:06.379,12.85369,12.85581,0.00,0.00
2017.08.17 14:45:06.430,12.85318,12.85569,0.00,0.00
2017.08.17 14:45:06.565,12.85318,12.85522,0.00,0.00
2017.08.17 14:45:06.723,12.85292,12.85522,0.00,0.00
2017.08.17 14:45:06.774,12.85291,12.85502,0.00,0.00
2017.08.17 14:45:07.074,12.85318,12.85561,0.00,0.00
2017.08.17 14:45:07.125,12.85368,12.85561,0.00,0.00
2017.08.17 14:45:07.176,12.85368,12.85579,0.00,0.00
2017.08.17 14:45:07.378,12.85368,12.85561,0.00,0.00
2017.08.17 14:45:07.479,12.85368,12.85592,0.00,0.00
2017.08.17 14:45:07.580,12.85368,12.85582,0.00,0.00
2017.08.17 14:45:07.915,12.85368,12.85561,0.00,0.00
2017.08.17 14:45:08.231,12.85368,12.85552,0.00,0.00
2017.08.17 14:45:08.282,12.85368,12.85582,0.00,0.00
2017.08.17 14:45:08.383,12.85368,12.85572,0.00,0.00
2017.08.17 14:45:08.544,12.85368,12.85582,0.00,0.00
2017.08.17 14:45:08.645,12.85368,12.85551,0.00,0.00
2017.08.17 14:45:09.205,12.85318,12.85551,0.00,0.00
2017.08.17 14:45:09.256,12.85318,12.85532,0.00,0.00
2017.08.17 14:45:09.562,12.85368,12.85569,0.00,0.00
2017.08.17 14:45:09.865,12.85369,12.85592,0.00,0.00
2017.08.17 14:45:10.066,12.85369,12.85569,0.00,0.00
2017.08.17 14:45:10.279,12.85319,12.85541,0.00,0.00
2017.08.17 14:45:10.381,12.85319,12.85531,0.00,0.00
2017.08.17 14:45:10.687,12.85292,12.85478,0.00,0.00
2017.08.17 14:45:10.788,12.85291,12.85492,0.00,0.00
2017.08.17 14:45:10.986,12.85292,12.85498,0.00,0.00
2017.08.17 14:45:11.087,12.85291,12.85509,0.00,0.00
2017.08.17 14:45:11.303,12.85292,12.85492,0.00,0.00
2017.08.17 14:45:11.683,12.85292,12.85482,0.00,0.00
2017.08.17 14:45:11.834,12.85192,12.85408,0.00,0.00
2017.08.17 14:45:12.038,12.85168,12.85392,0.00,0.00
2017.08.17 14:45:12.089,12.85191,12.85392,0.00,0.00
2017.08.17 14:45:12.192,12.85191,12.85402,0.00,0.00
2017.08.17 14:45:12.293,12.85191,12.85409,0.00,0.00
2017.08.17 14:45:12.366,12.85191,12.85401,0.00,0.00
2017.08.17 14:45:12.567,12.85192,12.85408,0.00,0.00
2017.08.17 14:45:12.990,12.85192,12.85402,0.00,0.00
2017.08.17 14:45:13.321,12.85191,12.85369,0.00,0.00
2017.08.17 14:45:14.168,12.85191,12.85362,0.00,0.00
2017.08.17 14:45:14.323,12.85192,12.85368,0.00,0.00
2017.08.17 14:45:14.424,12.85118,12.85309,0.00,0.00
2017.08.17 14:45:14.575,12.85092,12.85308,0.00,0.00
2017.08.17 14:45:14.626,12.85092,12.85282,0.00,0.00
2017.08.17 14:45:15.115,12.85092,12.85262,0.00,0.00
2017.08.17 14:45:15.216,12.85091,12.85309,0.00,0.00
2017.08.17 14:45:15.719,12.85091,12.85301,0.00,0.00
2017.08.17 14:45:16.056,12.85092,12.85291,0.00,0.00
2017.08.17 14:45:16.309,12.85132,12.85368,0.00,0.00
2017.08.17 14:45:16.360,12.85118,12.85308,0.00,0.00
2017.08.17 14:45:16.462,12.85098,12.85308,0.00,0.00
2017.08.17 14:45:16.513,12.85092,12.85302,0.00,0.00
2017.08.17 14:45:16.888,12.85091,12.85309,0.00,0.00
2017.08.17 14:45:17.303,12.85091,12.85282,0.00,0.00
2017.08.17 14:45:17.607,12.85092,12.85298,0.00,0.00
2017.08.17 14:45:18.117,12.85091,12.85309,0.00,0.00
2017.08.17 14:45:18.448,12.85092,12.85298,0.00,0.00
2017.08.17 14:45:18.761,12.85091,12.85292,0.00,0.00
2017.08.17 14:45:18.811,12.85091,12.85299,0.00,0.00
2017.08.17 14:45:18.913,12.85092,12.85291,0.00,0.00
2017.08.17 14:45:19.196,12.85091,12.85299,0.00,0.00
2017.08.17 14:45:19.559,12.85092,12.85308,0.00,0.00
2017.08.17 14:45:19.666,12.85091,12.85299,0.00,0.00
2017.08.17 14:45:19.992,12.85091,12.85292,0.00,0.00
2017.08.17 14:45:20.043,12.85092,12.85298,0.00,0.00
2017.08.17 14:45:20.413,12.85091,12.85309,0.00,0.00
2017.08.17 14:45:20.741,12.85118,12.85332,0.00,0.00
2017.08.17 14:45:20.843,12.85119,12.85368,0.00,0.00
2017.08.17 14:45:20.894,12.85131,12.85369,0.00,0.00
2017.08.17 14:45:21.217,12.85098,12.85349,0.00,0.00
2017.08.17 14:45:21.318,12.85091,12.85309,0.00,0.00
2017.08.17 14:45:21.369,12.85068,12.85322,0.00,0.00
2017.08.17 14:45:21.419,12.85092,12.85302,0.00,0.00
2017.08.17 14:45:21.743,12.85092,12.85308,0.00,0.00
2017.08.17 14:45:22.158,12.85091,12.85302,0.00,0.00
2017.08.17 14:45:22.519,12.85091,12.85309,0.00,0.00
2017.08.17 14:45:22.681,12.85091,12.85301,0.00,0.00
2017.08.17 14:45:23.272,12.85068,12.85301,0.00,0.00
2017.08.17 14:45:23.323,12.85068,12.85309,0.00,0.00
2017.08.17 14:45:23.524,12.85068,12.85301,0.00,0.00
2017.08.17 14:45:24.071,12.85068,12.85308,0.00,0.00
2017.08.17 14:45:24.527,12.85068,12.85302,0.00,0.00
2017.08.17 14:45:24.728,12.85068,12.85308,0.00,0.00
2017.08.17 14:45:25.163,12.85068,12.85302,0.00,0.00
2017.08.17 14:45:25.431,12.85068,12.85309,0.00,0.00
2017.08.17 14:45:25.833,12.85068,12.85301,0.00,0.00
2017.08.17 14:45:26.536,12.85068,12.85308,0.00,0.00
2017.08.17 14:45:26.764,12.85068,12.85301,0.00,0.00
2017.08.17 14:45:27.174,12.85068,12.85309,0.00,0.00
2017.08.17 14:45:27.275,12.85068,12.85302,0.00,0.00
2017.08.17 14:45:27.963,12.85068,12.85268,0.00,0.00
2017.08.17 14:45:28.013,12.85068,12.85279,0.00,0.00
2017.08.17 14:45:28.435,12.85068,12.85299,0.00,0.00
2017.08.17 14:45:28.533,12.85068,12.85309,0.00,0.00
2017.08.17 14:45:28.583,12.85068,12.85282,0.00,0.00
2017.08.17 14:45:28.684,12.85068,12.85309,0.00,0.00
2017.08.17 14:45:29.196,12.85168,12.85322,0.00,0.00
2017.08.17 14:45:29.247,12.85168,12.85332,0.00,0.00
2017.08.17 14:45:29.299,12.85161,12.85332,0.00,0.00
2017.08.17 14:45:29.400,12.85161,12.85361,0.00,0.00
2017.08.17 14:45:29.511,12.85139,12.85361,0.00,0.00
2017.08.17 14:45:29.562,12.85139,12.85369,0.00,0.00
2017.08.17 14:45:30.083,12.85139,12.85372,0.00,0.00
2017.08.17 14:45:30.184,12.85139,12.85351,0.00,0.00
2017.08.17 14:45:30.284,12.85139,12.85401,0.00,0.00
2017.08.17 14:45:30.335,12.85128,12.85302,0.00,0.00
2017.08.17 14:45:30.486,12.85038,12.85281,0.00,0.00
2017.08.17 14:45:30.537,12.84999,12.85202,0.00,0.00
2017.08.17 14:45:30.688,12.85038,12.85242,0.00,0.00
2017.08.17 14:45:30.789,12.85038,12.85262,0.00,0.00
2017.08.17 14:45:30.890,12.85038,12.85292,0.00,0.00
2017.08.17 14:45:31.132,12.85038,12.85262,0.00,0.00
2017.08.17 14:45:31.435,12.85059,12.85248,0.00,0.00
2017.08.17 14:45:31.486,12.85039,12.85249,0.00,0.00
2017.08.17 14:45:31.587,12.85039,12.85262,0.00,0.00
2017.08.17 14:45:31.762,12.84991,12.85252,0.00,0.00
2017.08.17 14:45:31.813,12.85019,12.85218,0.00,0.00
2017.08.17 14:45:31.914,12.84938,12.85202,0.00,0.00
2017.08.17 14:45:32.376,12.84938,12.85192,0.00,0.00
2017.08.17 14:45:32.583,12.84839,12.85101,0.00,0.00
2017.08.17 14:45:32.684,12.84839,12.85082,0.00,0.00
2017.08.17 14:45:32.988,12.84839,12.85101,0.00,0.00
2017.08.17 14:45:33.089,12.84839,12.85092,0.00,0.00
2017.08.17 14:45:33.205,12.84839,12.85101,0.00,0.00
2017.08.17 14:45:33.543,12.84838,12.85051,0.00,0.00
2017.08.17 14:45:33.594,12.84808,12.85051,0.00,0.00
2017.08.17 14:45:33.695,12.84838,12.85052,0.00,0.00
2017.08.17 14:45:33.897,12.84838,12.85078,0.00,0.00
2017.08.17 14:45:34.096,12.84838,12.85099,0.00,0.00
2017.08.17 14:45:34.197,12.84838,12.85092,0.00,0.00
2017.08.17 14:45:34.400,12.84838,12.85102,0.00,0.00
2017.08.17 14:45:34.592,12.84838,12.85081,0.00,0.00
2017.08.17 14:45:34.964,12.84838,12.85102,0.00,0.00
2017.08.17 14:45:35.014,12.84838,12.85069,0.00,0.00
2017.08.17 14:45:35.233,12.84838,12.85071,0.00,0.00
2017.08.17 14:45:35.284,12.84828,12.85052,0.00,0.00
2017.08.17 14:45:35.385,12.84799,12.85052,0.00,0.00
2017.08.17 14:45:35.486,12.84791,12.85052,0.00,0.00
2017.08.17 14:45:35.540,12.84838,12.85052,0.00,0.00
2017.08.17 14:45:35.692,12.84808,12.85052,0.00,0.00
2017.08.17 14:45:35.868,12.84792,12.85052,0.00,0.00
2017.08.17 14:45:36.093,12.84799,12.85052,0.00,0.00
2017.08.17 14:45:36.396,12.84889,12.85099,0.00,0.00
2017.08.17 14:45:36.447,12.84889,12.85101,0.00,0.00
2017.08.17 14:45:36.498,12.84839,12.85091,0.00,0.00
2017.08.17 14:45:36.759,12.84839,12.85082,0.00,0.00
2017.08.17 14:45:37.094,12.84848,12.85101,0.00,0.00
2017.08.17 14:45:37.342,12.84839,12.85099,0.00,0.00
2017.08.17 14:45:37.443,12.84839,12.85072,0.00,0.00
2017.08.17 14:45:37.747,12.84939,12.85179,0.00,0.00
2017.08.17 14:45:37.849,12.84939,12.85168,0.00,0.00
2017.08.17 14:45:38.065,12.84889,12.85141,0.00,0.00
2017.08.17 14:45:38.116,12.84892,12.85131,0.00,0.00
2017.08.17 14:45:38.217,12.84838,12.85092,0.00,0.00
2017.08.17 14:45:38.536,12.84838,12.85081,0.00,0.00
2017.08.17 14:45:38.799,12.84838,12.85102,0.00,0.00
2017.08.17 14:45:39.144,12.84838,12.85009,0.00,0.00
2017.08.17 14:45:39.195,12.84828,12.85008,0.00,0.00
2017.08.17 14:45:39.309,12.84788,12.84992,0.00,0.00
2017.08.17 14:45:39.360,12.84738,12.84992,0.00,0.00
2017.08.17 14:45:39.512,12.84738,12.85001,0.00,0.00
2017.08.17 14:45:39.843,12.84748,12.85002,0.00,0.00
2017.08.17 14:45:40.045,12.84738,12.85002,0.00,0.00
2017.08.17 14:45:40.438,12.84792,12.84992,0.00,0.00
2017.08.17 14:45:40.489,12.84788,12.84992,0.00,0.00
2017.08.17 14:45:40.590,12.84789,12.85001,0.00,0.00
2017.08.17 14:45:40.691,12.84739,12.84998,0.00,0.00
2017.08.17 14:45:40.741,12.84739,12.84962,0.00,0.00
2017.08.17 14:45:41.112,12.84739,12.84979,0.00,0.00
2017.08.17 14:45:41.213,12.84739,12.84961,0.00,0.00
2017.08.17 14:45:41.612,12.84739,12.84972,0.00,0.00
2017.08.17 14:45:41.924,12.84739,12.84992,0.00,0.00
2017.08.17 14:45:42.025,12.84739,12.84999,0.00,0.00
2017.08.17 14:45:42.177,12.84739,12.84978,0.00,0.00
2017.08.17 14:45:42.482,12.84691,12.84951,0.00,0.00
2017.08.17 14:45:42.617,12.84748,12.84952,0.00,0.00
2017.08.17 14:45:42.819,12.84748,12.84968,0.00,0.00
2017.08.17 14:45:42.920,12.84748,12.84941,0.00,0.00
2017.08.17 14:45:43.021,12.84748,12.84968,0.00,0.00
2017.08.17 14:45:43.072,12.84699,12.84908,0.00,0.00
2017.08.17 14:45:43.123,12.84648,12.84881,0.00,0.00
2017.08.17 14:45:43.445,12.84648,12.84892,0.00,0.00
2017.08.17 14:45:43.585,12.84648,12.84908,0.00,0.00
2017.08.17 14:45:43.637,12.84698,12.84909,0.00,0.00
2017.08.17 14:45:43.688,12.84698,12.84941,0.00,0.00
2017.08.17 14:45:43.739,12.84698,12.84952,0.00,0.00
2017.08.17 14:45:43.841,12.84748,12.84972,0.00,0.00
2017.08.17 14:45:43.943,12.84748,12.85008,0.00,0.00
2017.08.17 14:45:44.365,12.84748,12.84981,0.00,0.00
2017.08.17 14:45:44.468,12.84748,12.85001,0.00,0.00
2017.08.17 14:45:44.724,12.84748,12.84971,0.00,0.00
2017.08.17 14:45:45.127,12.84748,12.85001,0.00,0.00
2017.08.17 14:45:45.535,12.84748,12.84998,0.00,0.00
2017.08.17 14:45:45.837,12.84738,12.84982,0.00,0.00
2017.08.17 14:45:45.938,12.84738,12.85001,0.00,0.00
2017.08.17 14:45:46.279,12.84738,12.84962,0.00,0.00
2017.08.17 14:45:46.651,12.84738,12.84952,0.00,0.00
2017.08.17 14:45:46.982,12.84738,12.84912,0.00,0.00
2017.08.17 14:45:47.133,12.84738,12.84942,0.00,0.00
2017.08.17 14:45:47.234,12.84738,12.84951,0.00,0.00
2017.08.17 14:45:47.436,12.84738,12.84922,0.00,0.00
2017.08.17 14:45:47.673,12.84738,12.84961,0.00,0.00
2017.08.17 14:45:47.944,12.84791,12.84922,0.00,0.00
2017.08.17 14:45:48.045,12.84791,12.85012,0.00,0.00
2017.08.17 14:45:48.146,12.84799,12.85021,0.00,0.00
2017.08.17 14:45:48.237,12.84799,12.85032,0.00,0.00
2017.08.17 14:45:48.338,12.84849,12.85032,0.00,0.00
2017.08.17 14:45:48.439,12.84849,12.85051,0.00,0.00
2017.08.17 14:45:48.641,12.84849,12.85021,0.00,0.00
2017.08.17 14:45:48.742,12.84849,12.85051,0.00,0.00
2017.08.17 14:45:48.843,12.84849,12.85062,0.00,0.00
2017.08.17 14:45:49.392,12.84849,12.85031,0.00,0.00
2017.08.17 14:45:49.668,12.84849,12.85061,0.00,0.00
2017.08.17 14:45:49.719,12.84799,12.85008,0.00,0.00
2017.08.17 14:45:50.043,12.84799,12.84931,0.00,0.00
2017.08.17 14:45:50.094,12.84799,12.84961,0.00,0.00
2017.08.17 14:45:50.290,12.84749,12.84942,0.00,0.00
2017.08.17 14:45:50.572,12.84761,12.84932,0.00,0.00
2017.08.17 14:45:50.673,12.84749,12.84992,0.00,0.00
2017.08.17 14:45:50.988,12.84799,12.84971,0.00,0.00
2017.08.17 14:45:51.089,12.84821,12.85042,0.00,0.00
2017.08.17 14:45:51.140,12.84848,12.85042,0.00,0.00
2017.08.17 14:45:51.474,12.84848,12.85012,0.00,0.00
2017.08.17 14:45:51.575,12.84848,12.85042,0.00,0.00
2017.08.17 14:45:51.777,12.84848,12.85052,0.00,0.00
2017.08.17 14:45:51.878,12.84848,12.85062,0.00,0.00
2017.08.17 14:45:52.080,12.84848,12.85022,0.00,0.00
2017.08.17 14:45:52.382,12.84899,12.85122,0.00,0.00
2017.08.17 14:45:52.597,12.84899,12.85102,0.00,0.00
2017.08.17 14:45:52.917,12.84948,12.85142,0.00,0.00
2017.08.17 14:45:53.221,12.84948,12.85122,0.00,0.00
2017.08.17 14:45:53.523,12.84948,12.85111,0.00,0.00
2017.08.17 14:45:53.812,12.84948,12.85141,0.00,0.00
2017.08.17 14:45:54.073,12.84948,12.85132,0.00,0.00
2017.08.17 14:45:54.423,12.84948,12.85112,0.00,0.00
2017.08.17 14:45:54.704,12.84948,12.85152,0.00,0.00
2017.08.17 14:45:54.805,12.84948,12.85131,0.00,0.00
2017.08.17 14:45:55.575,12.84948,12.85122,0.00,0.00
2017.08.17 14:45:55.937,12.84948,12.85102,0.00,0.00
2017.08.17 14:45:56.038,12.84848,12.85041,0.00,0.00
2017.08.17 14:45:56.372,12.84848,12.85052,0.00,0.00
2017.08.17 14:45:56.576,12.84848,12.85022,0.00,0.00
2017.08.17 14:45:56.689,12.84848,12.85061,0.00,0.00
2017.08.17 14:45:57.183,12.84848,12.85032,0.00,0.00
2017.08.17 14:45:58.389,12.84848,12.85012,0.00,0.00
2017.08.17 14:45:58.490,12.84921,12.85121,0.00,0.00
2017.08.17 14:45:58.541,12.84949,12.85121,0.00,0.00
2017.08.17 14:45:58.692,12.84949,12.85132,0.00,0.00
2017.08.17 14:45:58.883,12.84949,12.85112,0.00,0.00
2017.08.17 14:45:58.934,12.84899,12.85112,0.00,0.00
2017.08.17 14:45:58.985,12.84899,12.85022,0.00,0.00
2017.08.17 14:45:59.036,12.84848,12.85022,0.00,0.00
2017.08.17 14:45:59.787,12.84848,12.85031,0.00,0.00
2017.08.17 14:45:59.889,12.84848,12.85011,0.00,0.00
2017.08.17 14:45:59.990,12.84848,12.85021,0.00,0.00
2017.08.17 14:46:00.091,12.84848,12.85042,0.00,0.00
2017.08.17 14:46:00.320,12.84848,12.85022,0.00,0.00
2017.08.17 14:46:00.658,12.84791,12.84941,0.00,0.00
2017.08.17 14:46:00.708,12.84798,12.84962,0.00,0.00
2017.08.17 14:46:00.809,12.84791,12.84992,0.00,0.00
2017.08.17 14:46:00.860,12.84749,12.84992,0.00,0.00
2017.08.17 14:46:00.911,12.84821,12.85011,0.00,0.00
2017.08.17 14:46:01.012,12.84848,12.85042,0.00,0.00
2017.08.17 14:46:01.412,12.84848,12.85031,0.00,0.00
2017.08.17 14:46:01.744,12.84848,12.85022,0.00,0.00
2017.08.17 14:46:01.895,12.84791,12.85001,0.00,0.00
2017.08.17 14:46:01.996,12.84792,12.84962,0.00,0.00
2017.08.17 14:46:02.097,12.84798,12.84971,0.00,0.00
2017.08.17 14:46:02.148,12.84791,12.84971,0.00,0.00
2017.08.17 14:46:02.199,12.84781,12.84962,0.00,0.00
2017.08.17 14:46:02.300,12.84781,12.84951,0.00,0.00
2017.08.17 14:46:02.502,12.84749,12.84951,0.00,0.00
2017.08.17 14:46:02.656,12.84749,12.84961,0.00,0.00
2017.08.17 14:46:02.707,12.84749,12.84942,0.00,0.00
2017.08.17 14:46:03.128,12.84749,12.84952,0.00,0.00
2017.08.17 14:46:03.192,12.84749,12.84941,0.00,0.00
2017.08.17 14:46:03.537,12.84849,12.85041,0.00,0.00
2017.08.17 14:46:03.848,12.84849,12.85032,0.00,0.00
2017.08.17 14:46:03.899,12.84849,12.85052,0.00,0.00
2017.08.17 14:46:04.210,12.84849,12.85022,0.00,0.00
2017.08.17 14:46:04.748,12.84849,12.85032,0.00,0.00
2017.08.17 14:46:04.849,12.84849,12.85042,0.00,0.00
2017.08.17 14:46:04.950,12.84849,12.85012,0.00,0.00
2017.08.17 14:46:05.205,12.84849,12.85041,0.00,0.00
2017.08.17 14:46:05.306,12.84849,12.85011,0.00,0.00
2017.08.17 14:46:05.752,12.84849,12.85032,0.00,0.00
2017.08.17 14:46:06.456,12.84849,12.85009,0.00,0.00
2017.08.17 14:46:06.507,12.84798,12.85032,0.00,0.00
2017.08.17 14:46:06.557,12.84798,12.85001,0.00,0.00
2017.08.17 14:46:06.759,12.84848,12.85061,0.00,0.00
2017.08.17 14:46:06.910,12.84848,12.85032,0.00,0.00
2017.08.17 14:46:07.861,12.84848,12.85062,0.00,0.00
2017.08.17 14:46:08.486,12.84848,12.85061,0.00,0.00
2017.08.17 14:46:08.637,12.84848,12.85031,0.00,0.00
2017.08.17 14:46:08.865,12.84848,12.85062,0.00,0.00
2017.08.17 14:46:09.421,12.84848,12.85052,0.00,0.00
2017.08.17 14:46:10.059,12.84848,12.85021,0.00,0.00
2017.08.17 14:46:10.235,12.84848,12.85032,0.00,0.00
2017.08.17 14:46:10.317,12.84848,12.85061,0.00,0.00
2017.08.17 14:46:10.618,12.84848,12.85042,0.00,0.00
2017.08.17 14:46:10.845,12.84848,12.85062,0.00,0.00
2017.08.17 14:46:10.947,12.84848,12.85041,0.00,0.00
2017.08.17 14:46:11.300,12.84848,12.85051,0.00,0.00
2017.08.17 14:46:11.751,12.84848,12.85031,0.00,0.00
2017.08.17 14:46:12.020,12.84848,12.85061,0.00,0.00
2017.08.17 14:46:12.551,12.84848,12.85081,0.00,0.00
2017.08.17 14:46:12.822,12.84848,12.85072,0.00,0.00
2017.08.17 14:46:13.125,12.84961,12.85171,0.00,0.00
2017.08.17 14:46:13.226,12.84961,12.85182,0.00,0.00
2017.08.17 14:46:13.436,12.84948,12.85152,0.00,0.00
2017.08.17 14:46:13.818,12.84948,12.85121,0.00,0.00
2017.08.17 14:46:13.868,12.84948,12.85141,0.00,0.00
2017.08.17 14:46:13.969,12.84948,12.85152,0.00,0.00
2017.08.17 14:46:14.070,12.84948,12.85172,0.00,0.00
2017.08.17 14:46:14.122,12.85049,12.85172,0.00,0.00
2017.08.17 14:46:14.327,12.85048,12.85231,0.00,0.00
2017.08.17 14:46:14.378,12.84999,12.85231,0.00,0.00
2017.08.17 14:46:14.428,12.84999,12.85182,0.00,0.00
2017.08.17 14:46:14.626,12.84999,12.85222,0.00,0.00
2017.08.17 14:46:14.751,12.85048,12.85222,0.00,0.00
2017.08.17 14:46:14.852,12.85048,12.85231,0.00,0.00
2017.08.17 14:46:15.141,12.85048,12.85241,0.00,0.00
2017.08.17 14:46:15.242,12.84999,12.85212,0.00,0.00
2017.08.17 14:46:15.378,12.84999,12.85201,0.00,0.00
2017.08.17 14:46:15.480,12.84948,12.85151,0.00,0.00
2017.08.17 14:46:15.530,12.84948,12.85142,0.00,0.00
2017.08.17 14:46:15.833,12.84948,12.85122,0.00,0.00
2017.08.17 14:46:15.934,12.84948,12.85131,0.00,0.00
2017.08.17 14:46:16.584,12.84898,12.85109,0.00,0.00
2017.08.17 14:46:16.635,12.84848,12.85042,0.00,0.00
2017.08.17 14:46:17.031,12.84848,12.85061,0.00,0.00
2017.08.17 14:46:17.132,12.84848,12.85081,0.00,0.00
2017.08.17 14:46:17.468,12.84848,12.85052,0.00,0.00
2017.08.17 14:46:17.670,12.84861,12.85071,0.00,0.00
2017.08.17 14:46:17.932,12.84861,12.85082,0.00,0.00
2017.08.17 14:46:18.633,12.84861,12.85062,0.00,0.00
2017.08.17 14:46:18.734,12.84861,12.85072,0.00,0.00
2017.08.17 14:46:18.882,12.84861,12.85042,0.00,0.00
2017.08.17 14:46:19.211,12.84848,12.85042,0.00,0.00
2017.08.17 14:46:19.262,12.84848,12.85051,0.00,0.00
2017.08.17 14:46:19.377,12.84898,12.85051,0.00,0.00
2017.08.17 14:46:19.540,12.84898,12.85091,0.00,0.00
2017.08.17 14:46:19.641,12.84861,12.85071,0.00,0.00
2017.08.17 14:46:19.742,12.84861,12.85052,0.00,0.00
2017.08.17 14:46:19.943,12.84848,12.85081,0.00,0.00
2017.08.17 14:46:20.044,12.84848,12.85061,0.00,0.00
2017.08.17 14:46:20.464,12.84848,12.85052,0.00,0.00
2017.08.17 14:46:20.806,12.84848,12.85042,0.00,0.00
2017.08.17 14:46:21.569,12.84848,12.85062,0.00,0.00
2017.08.17 14:46:21.683,12.84848,12.85031,0.00,0.00
2017.08.17 14:46:21.784,12.84848,12.85061,0.00,0.00
2017.08.17 14:46:21.941,12.84848,12.85041,0.00,0.00
2017.08.17 14:46:22.343,12.84848,12.85081,0.00,0.00
2017.08.17 14:46:22.545,12.84848,12.85071,0.00,0.00
2017.08.17 14:46:22.937,12.84848,12.85062,0.00,0.00
2017.08.17 14:46:23.475,12.84848,12.85042,0.00,0.00
2017.08.17 14:46:23.782,12.84848,12.85061,0.00,0.00
2017.08.17 14:46:23.883,12.84848,12.85042,0.00,0.00
2017.08.17 14:46:24.084,12.84848,12.85051,0.00,0.00
2017.08.17 14:46:24.145,12.84848,12.85041,0.00,0.00
2017.08.17 14:46:24.246,12.84848,12.85062,0.00,0.00
2017.08.17 14:46:24.345,12.84848,12.85072,0.00,0.00
2017.08.17 14:46:24.746,12.84848,12.85082,0.00,0.00
2017.08.17 14:46:24.871,12.84848,12.85061,0.00,0.00
2017.08.17 14:46:25.175,12.84848,12.85041,0.00,0.00
2017.08.17 14:46:25.354,12.84848,12.85071,0.00,0.00
2017.08.17 14:46:25.634,12.84861,12.85071,0.00,0.00
2017.08.17 14:46:25.785,12.84861,12.85082,0.00,0.00
2017.08.17 14:46:25.836,12.84848,12.85082,0.00,0.00
2017.08.17 14:46:25.936,12.84848,12.85091,0.00,0.00
2017.08.17 14:46:25.987,12.84848,12.85051,0.00,0.00
2017.08.17 14:46:26.294,12.84862,12.85052,0.00,0.00
2017.08.17 14:46:26.395,12.84861,12.85081,0.00,0.00
2017.08.17 14:46:26.884,12.84848,12.85081,0.00,0.00
2017.08.17 14:46:27.049,12.84848,12.85061,0.00,0.00
2017.08.17 14:46:27.223,12.84822,12.85061,0.00,0.00
2017.08.17 14:46:27.274,12.84848,12.85011,0.00,0.00
2017.08.17 14:46:27.376,12.84848,12.85031,0.00,0.00
2017.08.17 14:46:27.485,12.84848,12.85072,0.00,0.00
2017.08.17 14:46:27.975,12.84848,12.85082,0.00,0.00
2017.08.17 14:46:28.292,12.84848,12.85052,0.00,0.00
2017.08.17 14:46:28.603,12.84921,12.85061,0.00,0.00
2017.08.17 14:46:28.654,12.84948,12.85152,0.00,0.00
2017.08.17 14:46:28.755,12.84948,12.85161,0.00,0.00
2017.08.17 14:46:29.076,12.84898,12.85108,0.00,0.00
2017.08.17 14:46:29.177,12.84848,12.85062,0.00,0.00
2017.08.17 14:46:29.387,12.84848,12.85042,0.00,0.00
2017.08.17 14:46:29.763,12.84861,12.85042,0.00,0.00
2017.08.17 14:46:29.864,12.84861,12.85071,0.00,0.00
2017.08.17 14:46:29.965,12.84861,12.85091,0.00,0.00
2017.08.17 14:46:30.016,12.84848,12.85091,0.00,0.00
2017.08.17 14:46:30.067,12.84848,12.85082,0.00,0.00
2017.08.17 14:46:30.383,12.84848,12.85042,0.00,0.00
2017.08.17 14:46:30.457,12.84848,12.85061,0.00,0.00
2017.08.17 14:46:30.657,12.84848,12.85041,0.00,0.00
2017.08.17 14:46:30.758,12.84848,12.85051,0.00,0.00
2017.08.17 14:46:31.583,12.84848,12.85052,0.00,0.00
2017.08.17 14:46:31.766,12.84848,12.85042,0.00,0.00
2017.08.17 14:46:32.761,12.84848,12.85072,0.00,0.00
2017.08.17 14:46:33.006,12.84848,12.85082,0.00,0.00
2017.08.17 14:46:33.157,12.84948,12.85092,0.00,0.00
2017.08.17 14:46:33.208,12.84948,12.85151,0.00,0.00
2017.08.17 14:46:33.259,12.84948,12.85109,0.00,0.00
2017.08.17 14:46:33.310,12.84869,12.85108,0.00,0.00
2017.08.17 14:46:33.411,12.84848,12.85052,0.00,0.00
2017.08.17 14:46:33.614,12.84848,12.85071,0.00,0.00
2017.08.17 14:46:33.665,12.84848,12.85052,0.00,0.00
2017.08.17 14:46:33.773,12.84848,12.85081,0.00,0.00
2017.08.17 14:46:34.000,12.84848,12.85062,0.00,0.00
2017.08.17 14:46:34.666,12.84848,12.85081,0.00,0.00
2017.08.17 14:46:35.072,12.84848,12.85052,0.00,0.00
2017.08.17 14:46:35.376,12.84848,12.85022,0.00,0.00
2017.08.17 14:46:35.427,12.84801,12.85022,0.00,0.00
2017.08.17 14:46:35.478,12.84844,12.85031,0.00,0.00
2017.08.17 14:46:35.579,12.84844,12.85072,0.00,0.00
2017.08.17 14:46:35.777,12.84844,12.85061,0.00,0.00
2017.08.17 14:46:35.879,12.84844,12.85091,0.00,0.00
2017.08.17 14:46:36.104,12.84844,12.85052,0.00,0.00
2017.08.17 14:46:36.370,12.84844,12.85061,0.00,0.00
2017.08.17 14:46:36.471,12.84896,12.85042,0.00,0.00
2017.08.17 14:46:36.572,12.84916,12.85161,0.00,0.00
2017.08.17 14:46:36.623,12.84943,12.85162,0.00,0.00
2017.08.17 14:46:36.774,12.84943,12.85191,0.00,0.00
2017.08.17 14:46:36.875,12.84943,12.85141,0.00,0.00
2017.08.17 14:46:37.196,12.84943,12.85152,0.00,0.00
2017.08.17 14:46:37.302,12.84921,12.85112,0.00,0.00
2017.08.17 14:46:37.454,12.84944,12.85161,0.00,0.00
2017.08.17 14:46:37.505,12.84944,12.85131,0.00,0.00
2017.08.17 14:46:37.674,12.84944,12.85171,0.00,0.00
2017.08.17 14:46:37.908,12.84944,12.85152,0.00,0.00
2017.08.17 14:46:38.444,12.84944,12.85132,0.00,0.00
2017.08.17 14:46:38.495,12.84899,12.85108,0.00,0.00
2017.08.17 14:46:38.596,12.84861,12.85062,0.00,0.00
2017.08.17 14:46:38.798,12.84876,12.85109,0.00,0.00
2017.08.17 14:46:38.876,12.84876,12.85091,0.00,0.00
2017.08.17 14:46:38.927,12.84848,12.85091,0.00,0.00
2017.08.17 14:46:38.977,12.84848,12.85062,0.00,0.00
2017.08.17 14:46:39.510,12.84876,12.85062,0.00,0.00
2017.08.17 14:46:39.611,12.84887,12.85108,0.00,0.00
2017.08.17 14:46:39.879,12.84887,12.85101,0.00,0.00
2017.08.17 14:46:40.081,12.84943,12.85172,0.00,0.00
2017.08.17 14:46:40.421,12.84986,12.85191,0.00,0.00
2017.08.17 14:46:40.623,12.85044,12.85261,0.00,0.00
2017.08.17 14:46:40.881,12.85049,12.85232,0.00,0.00
2017.08.17 14:46:40.985,12.85049,12.85271,0.00,0.00
2017.08.17 14:46:41.202,12.85049,12.85241,0.00,0.00
2017.08.17 14:46:41.578,12.85049,12.85231,0.00,0.00
2017.08.17 14:46:41.681,12.85049,12.85262,0.00,0.00
2017.08.17 14:46:41.883,12.85049,12.85232,0.00,0.00
2017.08.17 14:46:42.111,12.85049,12.85252,0.00,0.00
2017.08.17 14:46:42.212,12.85049,12.85262,0.00,0.00
2017.08.17 14:46:42.993,12.85049,12.85282,0.00,0.00
2017.08.17 14:46:43.546,12.85149,12.85282,0.00,0.00
2017.08.17 14:46:43.799,12.85148,12.85342,0.00,0.00
2017.08.17 14:46:43.900,12.85058,12.85199,0.00,0.00
2017.08.17 14:46:44.002,12.84948,12.85161,0.00,0.00
2017.08.17 14:46:44.103,12.84948,12.85152,0.00,0.00
2017.08.17 14:46:44.507,12.84912,12.85142,0.00,0.00
2017.08.17 14:46:44.558,12.84922,12.85142,0.00,0.00
2017.08.17 14:46:44.810,12.84948,12.85171,0.00,0.00
2017.08.17 14:46:45.206,12.84948,12.85152,0.00,0.00
2017.08.17 14:46:45.531,12.84961,12.85152,0.00,0.00
2017.08.17 14:46:45.733,12.84948,12.85199,0.00,0.00
2017.08.17 14:46:45.935,12.84948,12.85161,0.00,0.00
2017.08.17 14:46:46.300,12.84948,12.85192,0.00,0.00
2017.08.17 14:46:46.660,12.84998,12.85192,0.00,0.00
2017.08.17 14:46:46.975,12.85049,12.85218,0.00,0.00
2017.08.17 14:46:47.126,12.85049,12.85282,0.00,0.00
2017.08.17 14:46:47.342,12.85049,12.85252,0.00,0.00
2017.08.17 14:46:47.693,12.85049,12.85271,0.00,0.00
2017.08.17 14:46:47.795,12.85049,12.85241,0.00,0.00
2017.08.17 14:46:47.896,12.85049,12.85282,0.00,0.00
2017.08.17 14:46:48.395,12.85049,12.85242,0.00,0.00
2017.08.17 14:46:48.595,12.85049,12.85308,0.00,0.00
2017.08.17 14:46:48.813,12.85049,12.85282,0.00,0.00
2017.08.17 14:46:49.120,12.84999,12.85208,0.00,0.00
2017.08.17 14:46:49.262,12.84948,12.85172,0.00,0.00
2017.08.17 14:46:49.322,12.84948,12.85142,0.00,0.00
2017.08.17 14:46:49.724,12.84948,12.85162,0.00,0.00
2017.08.17 14:46:49.825,12.84948,12.85182,0.00,0.00
2017.08.17 14:46:50.229,12.84871,12.85082,0.00,0.00
2017.08.17 14:46:50.280,12.84848,12.85082,0.00,0.00
2017.08.17 14:46:50.330,12.84848,12.85052,0.00,0.00
2017.08.17 14:46:50.532,12.84848,12.85061,0.00,0.00
2017.08.17 14:46:50.633,12.84848,12.85041,0.00,0.00
2017.08.17 14:46:50.835,12.84848,12.85082,0.00,0.00
2017.08.17 14:46:51.206,12.84848,12.85051,0.00,0.00
2017.08.17 14:46:51.408,12.84748,12.84991,0.00,0.00
2017.08.17 14:46:51.510,12.84748,12.84972,0.00,0.00
2017.08.17 14:46:51.611,12.84748,12.84981,0.00,0.00
2017.08.17 14:46:51.712,12.84748,12.84992,0.00,0.00
2017.08.17 14:46:51.813,12.84748,12.84962,0.00,0.00
2017.08.17 14:46:52.349,12.84748,12.84952,0.00,0.00
2017.08.17 14:46:52.450,12.84699,12.84929,0.00,0.00
2017.08.17 14:46:52.551,12.84649,12.84882,0.00,0.00
2017.08.17 14:46:52.652,12.84649,12.84862,0.00,0.00
2017.08.17 14:46:52.805,12.84649,12.84892,0.00,0.00
2017.08.17 14:46:52.906,12.84748,12.84861,0.00,0.00
2017.08.17 14:46:53.081,12.84748,12.84998,0.00,0.00
2017.08.17 14:46:53.132,12.84748,12.84982,0.00,0.00
2017.08.17 14:46:53.306,12.84748,12.84992,0.00,0.00
2017.08.17 14:46:53.515,12.84748,12.84952,0.00,0.00
2017.08.17 14:46:53.608,12.84748,12.84991,0.00,0.00
2017.08.17 14:46:53.913,12.84748,12.84971,0.00,0.00
2017.08.17 14:46:54.010,12.84748,12.84991,0.00,0.00
2017.08.17 14:46:54.412,12.84748,12.84962,0.00,0.00
2017.08.17 14:46:54.752,12.84748,12.84981,0.00,0.00
2017.08.17 14:46:54.853,12.84748,12.85001,0.00,0.00
2017.08.17 14:46:55.346,12.84748,12.84962,0.00,0.00
2017.08.17 14:46:55.654,12.84748,12.84952,0.00,0.00
2017.08.17 14:46:55.714,12.84748,12.84982,0.00,0.00
2017.08.17 14:46:55.964,12.84748,12.84952,0.00,0.00
2017.08.17 14:46:56.116,12.84748,12.84982,0.00,0.00
2017.08.17 14:46:56.217,12.84748,12.85001,0.00,0.00
2017.08.17 14:46:56.316,12.84748,12.84981,0.00,0.00
2017.08.17 14:46:56.467,12.84768,12.85012,0.00,0.00
2017.08.17 14:46:56.518,12.84748,12.85012,0.00,0.00
2017.08.17 14:46:56.619,12.84748,12.84962,0.00,0.00
2017.08.17 14:46:56.922,12.84748,12.84931,0.00,0.00
2017.08.17 14:46:57.166,12.84748,12.84941,0.00,0.00
2017.08.17 14:46:57.268,12.84748,12.84972,0.00,0.00
2017.08.17 14:46:57.369,12.84748,12.84981,0.00,0.00
2017.08.17 14:46:57.470,12.84748,12.84992,0.00,0.00
2017.08.17 14:46:57.823,12.84748,12.84961,0.00,0.00
2017.08.17 14:46:58.149,12.84748,12.84942,0.00,0.00
2017.08.17 14:46:58.259,12.84748,12.84952,0.00,0.00
2017.08.17 14:46:58.310,12.84798,12.84952,0.00,0.00
2017.08.17 14:46:58.360,12.84798,12.84962,0.00,0.00
2017.08.17 14:46:58.461,12.84798,12.85032,0.00,0.00
2017.08.17 14:46:58.623,12.84798,12.84991,0.00,0.00
2017.08.17 14:46:58.935,12.84849,12.85052,0.00,0.00
2017.08.17 14:46:59.036,12.84849,12.85062,0.00,0.00
2017.08.17 14:46:59.372,12.84849,12.85032,0.00,0.00
2017.08.17 14:46:59.633,12.84849,12.85072,0.00,0.00
2017.08.17 14:46:59.835,12.84849,12.85032,0.00,0.00
2017.08.17 14:47:00.005,12.84799,12.85029,0.00,0.00
2017.08.17 14:47:00.056,12.84799,12.84972,0.00,0.00
2017.08.17 14:47:00.334,12.84848,12.85062,0.00,0.00
2017.08.17 14:47:00.435,12.84848,12.85021,0.00,0.00
2017.08.17 14:47:00.486,12.84771,12.85011,0.00,0.00
2017.08.17 14:47:00.536,12.84772,12.84992,0.00,0.00
2017.08.17 14:47:00.839,12.84849,12.85041,0.00,0.00
2017.08.17 14:47:00.952,12.84759,12.85011,0.00,0.00
2017.08.17 14:47:01.053,12.84749,12.84932,0.00,0.00
2017.08.17 14:47:01.307,12.84722,12.84922,0.00,0.00
2017.08.17 14:47:01.359,12.84721,12.84911,0.00,0.00
2017.08.17 14:47:01.460,12.84748,12.84972,0.00,0.00
2017.08.17 14:47:01.561,12.84748,12.84992,0.00,0.00
2017.08.17 14:47:01.662,12.84748,12.85002,0.00,0.00
2017.08.17 14:47:01.872,12.84748,12.84981,0.00,0.00
2017.08.17 14:47:02.243,12.84748,12.84971,0.00,0.00
2017.08.17 14:47:02.445,12.84748,12.84992,0.00,0.00
2017.08.17 14:47:02.597,12.84848,12.84992,0.00,0.00
2017.08.17 14:47:02.647,12.84848,12.85001,0.00,0.00
2017.08.17 14:47:02.748,12.84799,12.85051,0.00,0.00
2017.08.17 14:47:02.799,12.84821,12.85051,0.00,0.00
2017.08.17 14:47:03.139,12.84848,12.85042,0.00,0.00
2017.08.17 14:47:03.190,12.84848,12.85051,0.00,0.00
2017.08.17 14:47:03.241,12.84848,12.85072,0.00,0.00
2017.08.17 14:47:03.342,12.84848,12.85021,0.00,0.00
2017.08.17 14:47:03.543,12.84848,12.85061,0.00,0.00
2017.08.17 14:47:03.644,12.84848,12.85071,0.00,0.00
2017.08.17 14:47:03.846,12.84848,12.85041,0.00,0.00
2017.08.17 14:47:04.044,12.84848,12.85081,0.00,0.00
2017.08.17 14:47:04.443,12.84848,12.85071,0.00,0.00
2017.08.17 14:47:04.792,12.84902,12.85082,0.00,0.00
2017.08.17 14:47:04.943,12.84921,12.85151,0.00,0.00
2017.08.17 14:47:04.994,12.84948,12.85162,0.00,0.00
2017.08.17 14:47:05.296,12.84898,12.85121,0.00,0.00
2017.08.17 14:47:05.347,12.84922,12.85102,0.00,0.00
2017.08.17 14:47:05.549,12.84949,12.85152,0.00,0.00
2017.08.17 14:47:05.650,12.84949,12.85102,0.00,0.00
2017.08.17 14:47:06.000,12.84949,12.85171,0.00,0.00
2017.08.17 14:47:06.051,12.84949,12.85141,0.00,0.00
2017.08.17 14:47:06.464,12.84949,12.85111,0.00,0.00
2017.08.17 14:47:06.565,12.84949,12.85122,0.00,0.00
2017.08.17 14:47:06.666,12.84949,12.85132,0.00,0.00
2017.08.17 14:47:06.983,12.84949,12.85172,0.00,0.00
2017.08.17 14:47:07.084,12.84949,12.85152,0.00,0.00
2017.08.17 14:47:07.285,12.84949,12.85171,0.00,0.00
2017.08.17 14:47:07.406,12.84889,12.85112,0.00,0.00
2017.08.17 14:47:07.457,12.84848,12.85072,0.00,0.00
2017.08.17 14:47:07.557,12.84848,12.85062,0.00,0.00
2017.08.17 14:47:07.860,12.84848,12.85052,0.00,0.00
2017.08.17 14:47:08.062,12.84848,12.85092,0.00,0.00
2017.08.17 14:47:08.156,12.84848,12.85062,0.00,0.00
2017.08.17 14:47:08.456,12.84848,12.85082,0.00,0.00
2017.08.17 14:47:08.892,12.84848,12.85062,0.00,0.00
2017.08.17 14:47:08.993,12.84848,12.85081,0.00,0.00
2017.08.17 14:47:09.097,12.84848,12.85051,0.00,0.00
2017.08.17 14:47:09.460,12.84848,12.85091,0.00,0.00
2017.08.17 14:47:09.511,12.84948,12.85171,0.00,0.00
2017.08.17 14:47:09.814,12.84948,12.85142,0.00,0.00
2017.08.17 14:47:09.865,12.84948,12.85171,0.00,0.00
2017.08.17 14:47:10.202,12.84948,12.85142,0.00,0.00
2017.08.17 14:47:10.361,12.84948,12.85151,0.00,0.00
2017.08.17 14:47:10.462,12.84948,12.85142,0.00,0.00
2017.08.17 14:47:10.563,12.84948,12.85191,0.00,0.00
2017.08.17 14:47:11.183,12.84948,12.85152,0.00,0.00
2017.08.17 14:47:11.384,12.85048,12.85268,0.00,0.00
2017.08.17 14:47:11.485,12.85048,12.85211,0.00,0.00
2017.08.17 14:47:11.536,12.84998,12.85211,0.00,0.00
2017.08.17 14:47:11.587,12.84998,12.85181,0.00,0.00
2017.08.17 14:47:11.688,12.85001,12.85212,0.00,0.00
2017.08.17 14:47:11.789,12.85048,12.85271,0.00,0.00
2017.08.17 14:47:12.055,12.85048,12.85291,0.00,0.00
2017.08.17 14:47:12.156,12.85098,12.85291,0.00,0.00
2017.08.17 14:47:12.207,12.85098,12.85302,0.00,0.00
2017.08.17 14:47:12.308,12.85098,12.85312,0.00,0.00
2017.08.17 14:47:12.409,12.85048,12.85281,0.00,0.00
2017.08.17 14:47:12.510,12.85048,12.85242,0.00,0.00
2017.08.17 14:47:12.989,12.85048,12.85262,0.00,0.00
2017.08.17 14:47:13.090,12.85099,12.85271,0.00,0.00
2017.08.17 14:47:13.191,12.85102,12.85302,0.00,0.00
2017.08.17 14:47:13.242,12.85148,12.85302,0.00,0.00
2017.08.17 14:47:13.293,12.85148,12.85362,0.00,0.00
2017.08.17 14:47:13.393,12.85148,12.85371,0.00,0.00
2017.08.17 14:47:13.752,12.85148,12.85361,0.00,0.00
2017.08.17 14:47:13.803,12.85148,12.85381,0.00,0.00
2017.08.17 14:47:14.113,12.85148,12.85371,0.00,0.00
2017.08.17 14:47:14.492,12.85148,12.85341,0.00,0.00
2017.08.17 14:47:14.813,12.85148,12.85372,0.00,0.00
2017.08.17 14:47:14.914,12.85148,12.85341,0.00,0.00
2017.08.17 14:47:15.270,12.85148,12.85371,0.00,0.00
2017.08.17 14:47:15.578,12.85148,12.85382,0.00,0.00
2017.08.17 14:47:15.679,12.85148,12.85372,0.00,0.00
2017.08.17 14:47:16.064,12.85201,12.85342,0.00,0.00
2017.08.17 14:47:16.115,12.85198,12.85402,0.00,0.00
2017.08.17 14:47:16.166,12.85148,12.85402,0.00,0.00
2017.08.17 14:47:16.267,12.85148,12.85412,0.00,0.00
2017.08.17 14:47:16.318,12.85148,12.85351,0.00,0.00
2017.08.17 14:47:16.620,12.85148,12.85342,0.00,0.00
2017.08.17 14:47:16.721,12.85148,12.85371,0.00,0.00
2017.08.17 14:47:16.822,12.85148,12.85381,0.00,0.00
2017.08.17 14:47:16.932,12.85148,12.85372,0.00,0.00
2017.08.17 14:47:16.982,12.85148,12.85382,0.00,0.00
2017.08.17 14:47:17.084,12.85161,12.85382,0.00,0.00
2017.08.17 14:47:17.424,12.85182,12.85391,0.00,0.00
2017.08.17 14:47:17.576,12.85148,12.85391,0.00,0.00
2017.08.17 14:47:17.677,12.85148,12.85371,0.00,0.00
2017.08.17 14:47:18.020,12.85148,12.85322,0.00,0.00
2017.08.17 14:47:18.071,12.85048,12.85312,0.00,0.00
2017.08.17 14:47:18.223,12.85048,12.85292,0.00,0.00
2017.08.17 14:47:18.528,12.85048,12.85232,0.00,0.00
2017.08.17 14:47:18.749,12.85048,12.85261,0.00,0.00
2017.08.17 14:47:18.906,12.85048,12.85251,0.00,0.00
2017.08.17 14:47:19.124,12.85021,12.85232,0.00,0.00
2017.08.17 14:47:19.175,12.84999,12.85228,0.00,0.00
2017.08.17 14:47:19.226,12.84999,12.85222,0.00,0.00
2017.08.17 14:47:19.277,12.84948,12.85212,0.00,0.00
2017.08.17 14:47:19.327,12.84948,12.85162,0.00,0.00
2017.08.17 14:47:19.691,12.84948,12.85142,0.00,0.00
2017.08.17 14:47:19.980,12.84948,12.85152,0.00,0.00
2017.08.17 14:47:20.182,12.84948,12.85171,0.00,0.00
2017.08.17 14:47:20.283,12.84948,12.85182,0.00,0.00
2017.08.17 14:47:20.481,12.84948,12.85151,0.00,0.00
2017.08.17 14:47:20.582,12.84948,12.85181,0.00,0.00
2017.08.17 14:47:20.683,12.84948,12.85162,0.00,0.00
2017.08.17 14:47:21.011,12.84948,12.85182,0.00,0.00
2017.08.17 14:47:21.617,12.84948,12.85152,0.00,0.00
2017.08.17 14:47:21.931,12.84948,12.85172,0.00,0.00
2017.08.17 14:47:22.133,12.84948,12.85142,0.00,0.00
2017.08.17 14:47:22.235,12.84948,12.85152,0.00,0.00
2017.08.17 14:47:22.286,12.84948,12.85182,0.00,0.00
2017.08.17 14:47:22.337,12.85002,12.85182,0.00,0.00
2017.08.17 14:47:22.489,12.85048,12.85281,0.00,0.00
2017.08.17 14:47:22.590,12.85048,12.85292,0.00,0.00
2017.08.17 14:47:22.926,12.85048,12.85251,0.00,0.00
2017.08.17 14:47:23.288,12.85048,12.85292,0.00,0.00
2017.08.17 14:47:23.389,12.85048,12.85302,0.00,0.00
2017.08.17 14:47:23.906,12.85102,12.85301,0.00,0.00
2017.08.17 14:47:24.007,12.85149,12.85352,0.00,0.00
2017.08.17 14:47:24.245,12.85098,12.85352,0.00,0.00
2017.08.17 14:47:24.295,12.85148,12.85352,0.00,0.00
2017.08.17 14:47:24.397,12.85148,12.85362,0.00,0.00
2017.08.17 14:47:24.732,12.85148,12.85331,0.00,0.00
2017.08.17 14:47:24.933,12.85091,12.85311,0.00,0.00
2017.08.17 14:47:25.034,12.85099,12.85312,0.00,0.00
2017.08.17 14:47:25.136,12.85121,12.85351,0.00,0.00
2017.08.17 14:47:25.186,12.85148,12.85351,0.00,0.00
2017.08.17 14:47:25.697,12.85148,12.85361,0.00,0.00
2017.08.17 14:47:26.030,12.85148,12.85322,0.00,0.00
2017.08.17 14:47:26.195,12.85148,12.85361,0.00,0.00
2017.08.17 14:47:26.498,12.85148,12.85341,0.00,0.00
2017.08.17 14:47:26.613,12.85148,12.85361,0.00,0.00
2017.08.17 14:47:27.097,12.85148,12.85352,0.00,0.00
2017.08.17 14:47:27.442,12.85148,12.85331,0.00,0.00
2017.08.17 14:47:27.497,12.85148,12.85361,0.00,0.00
2017.08.17 14:47:28.033,12.85148,12.85351,0.00,0.00
2017.08.17 14:47:28.134,12.85148,12.85361,0.00,0.00
2017.08.17 14:47:28.339,12.85148,12.85332,0.00,0.00
2017.08.17 14:47:28.523,12.85148,12.85371,0.00,0.00
2017.08.17 14:47:28.832,12.85148,12.85351,0.00,0.00
2017.08.17 14:47:28.933,12.85049,12.85261,0.00,0.00
2017.08.17 14:47:29.034,12.85049,12.85242,0.00,0.00
2017.08.17 14:47:29.748,12.85049,12.85232,0.00,0.00
2017.08.17 14:47:29.950,12.85049,12.85252,0.00,0.00
2017.08.17 14:47:30.237,12.85049,12.85241,0.00,0.00
2017.08.17 14:47:30.519,12.85049,12.85261,0.00,0.00
2017.08.17 14:47:30.715,12.85049,12.85222,0.00,0.00
2017.08.17 14:47:30.866,12.84998,12.85222,0.00,0.00
2017.08.17 14:47:30.917,12.84998,12.85202,0.00,0.00
2017.08.17 14:47:30.968,12.84948,12.85202,0.00,0.00
2017.08.17 14:47:31.019,12.84948,12.85141,0.00,0.00
2017.08.17 14:47:31.120,12.84948,12.85152,0.00,0.00
2017.08.17 14:47:31.221,12.84948,12.85131,0.00,0.00
2017.08.17 14:47:31.443,12.84948,12.85152,0.00,0.00
2017.08.17 14:47:31.650,12.84948,12.85162,0.00,0.00
2017.08.17 14:47:31.710,12.84948,12.85151,0.00,0.00
2017.08.17 14:47:31.962,12.84901,12.85112,0.00,0.00
2017.08.17 14:47:32.014,12.84892,12.85112,0.00,0.00
2017.08.17 14:47:32.064,12.84949,12.85112,0.00,0.00
2017.08.17 14:47:32.430,12.84949,12.85152,0.00,0.00
2017.08.17 14:47:32.531,12.84949,12.85122,0.00,0.00
2017.08.17 14:47:32.834,12.84949,12.85112,0.00,0.00
2017.08.17 14:47:32.935,12.84949,12.85142,0.00,0.00
2017.08.17 14:47:33.046,12.84899,12.85129,0.00,0.00
2017.08.17 14:47:33.147,12.84848,12.85111,0.00,0.00
2017.08.17 14:47:33.250,12.84848,12.85062,0.00,0.00
2017.08.17 14:47:33.558,12.84848,12.85051,0.00,0.00
2017.08.17 14:47:33.908,12.84861,12.85051,0.00,0.00
2017.08.17 14:47:33.958,12.84861,12.85091,0.00,0.00
2017.08.17 14:47:34.009,12.84848,12.85091,0.00,0.00
2017.08.17 14:47:34.060,12.84848,12.85102,0.00,0.00
2017.08.17 14:47:34.235,12.84949,12.85071,0.00,0.00
2017.08.17 14:47:34.338,12.84949,12.85162,0.00,0.00
2017.08.17 14:47:34.439,12.84999,12.85172,0.00,0.00
2017.08.17 14:47:34.540,12.84998,12.85222,0.00,0.00
2017.08.17 14:47:34.641,12.84998,12.85229,0.00,0.00
2017.08.17 14:47:34.692,12.84948,12.85212,0.00,0.00
2017.08.17 14:47:34.742,12.84992,12.85212,0.00,0.00
2017.08.17 14:47:35.060,12.85048,12.85252,0.00,0.00
2017.08.17 14:47:35.370,12.84998,12.85229,0.00,0.00
2017.08.17 14:47:35.421,12.84998,12.85211,0.00,0.00
2017.08.17 14:47:35.472,12.84949,12.85211,0.00,0.00
2017.08.17 14:47:35.522,12.84949,12.85151,0.00,0.00
2017.08.17 14:47:35.825,12.84949,12.85142,0.00,0.00
2017.08.17 14:47:35.945,12.84949,12.85151,0.00,0.00
2017.08.17 14:47:36.021,12.84949,12.85172,0.00,0.00
2017.08.17 14:47:36.250,12.84949,12.85151,0.00,0.00
2017.08.17 14:47:36.322,12.84949,12.85171,0.00,0.00
2017.08.17 14:47:36.423,12.84949,12.85162,0.00,0.00
2017.08.17 14:47:36.762,12.84949,12.85141,0.00,0.00
2017.08.17 14:47:36.942,12.84949,12.85162,0.00,0.00
2017.08.17 14:47:36.993,12.85048,12.85162,0.00,0.00
2017.08.17 14:47:37.043,12.85048,12.85172,0.00,0.00
2017.08.17 14:47:37.144,12.84949,12.85211,0.00,0.00
2017.08.17 14:47:37.245,12.84949,12.85191,0.00,0.00
2017.08.17 14:47:37.551,12.84949,12.85142,0.00,0.00
2017.08.17 14:47:37.724,12.84949,12.85151,0.00,0.00
2017.08.17 14:47:38.124,12.84949,12.85142,0.00,0.00
2017.08.17 14:47:38.425,12.84949,12.85171,0.00,0.00
2017.08.17 14:47:38.677,12.84949,12.85131,0.00,0.00
2017.08.17 14:47:38.727,12.84949,12.85152,0.00,0.00
2017.08.17 14:47:38.944,12.84949,12.85162,0.00,0.00
2017.08.17 14:47:39.026,12.84949,12.85182,0.00,0.00
2017.08.17 14:47:39.258,12.84949,12.85151,0.00,0.00
2017.08.17 14:47:39.427,12.84949,12.85162,0.00,0.00
2017.08.17 14:47:39.836,12.84949,12.85152,0.00,0.00
2017.08.17 14:47:40.042,12.84949,12.85162,0.00,0.00
2017.08.17 14:47:40.143,12.84901,12.85161,0.00,0.00
2017.08.17 14:47:40.194,12.84922,12.85161,0.00,0.00
2017.08.17 14:47:40.245,12.84848,12.85102,0.00,0.00
2017.08.17 14:47:40.295,12.84921,12.85102,0.00,0.00
2017.08.17 14:47:40.447,12.84938,12.85131,0.00,0.00
2017.08.17 14:47:40.548,12.84939,12.85141,0.00,0.00
2017.08.17 14:47:40.753,12.84892,12.85112,0.00,0.00
2017.08.17 14:47:40.857,12.84902,12.85112,0.00,0.00
2017.08.17 14:47:41.060,12.84939,12.85151,0.00,0.00
2017.08.17 14:47:41.211,12.84921,12.85151,0.00,0.00
2017.08.17 14:47:41.262,12.84888,12.85129,0.00,0.00
2017.08.17 14:47:41.363,12.84861,12.85102,0.00,0.00
2017.08.17 14:47:41.702,12.84838,12.85082,0.00,0.00
2017.08.17 14:47:42.064,12.84838,12.85101,0.00,0.00
2017.08.17 14:47:42.281,12.84838,12.85051,0.00,0.00
2017.08.17 14:47:42.661,12.84838,12.85092,0.00,0.00
2017.08.17 14:47:42.938,12.84838,12.85102,0.00,0.00
2017.08.17 14:47:43.172,12.84838,12.85072,0.00,0.00
2017.08.17 14:47:43.363,12.84838,12.85092,0.00,0.00
2017.08.17 14:47:43.774,12.84838,12.85102,0.00,0.00
2017.08.17 14:47:43.976,12.84838,12.85052,0.00,0.00
2017.08.17 14:47:44.156,12.84838,12.85062,0.00,0.00
2017.08.17 14:47:45.579,12.84838,12.85052,0.00,0.00
2017.08.17 14:47:45.680,12.84838,12.85062,0.00,0.00
2017.08.17 14:47:45.972,12.84838,12.85082,0.00,0.00
2017.08.17 14:47:46.041,12.84838,12.85091,0.00,0.00
2017.08.17 14:47:46.679,12.84838,12.85052,0.00,0.00
2017.08.17 14:47:47.743,12.84838,12.85071,0.00,0.00
2017.08.17 14:47:48.377,12.84838,12.85051,0.00,0.00
2017.08.17 14:47:48.574,12.84838,12.85072,0.00,0.00
2017.08.17 14:47:49.464,12.84838,12.85082,0.00,0.00
2017.08.17 14:47:49.565,12.84838,12.85052,0.00,0.00
2017.08.17 14:47:50.492,12.84838,12.85062,0.00,0.00
2017.08.17 14:47:50.593,12.84838,12.85052,0.00,0.00
2017.08.17 14:47:50.694,12.84838,12.85082,0.00,0.00
2017.08.17 14:47:50.749,12.84838,12.85061,0.00,0.00
2017.08.17 14:47:50.862,12.84838,12.85082,0.00,0.00
2017.08.17 14:47:51.047,12.84838,12.85052,0.00,0.00
2017.08.17 14:47:51.402,12.84838,12.85041,0.00,0.00
2017.08.17 14:47:51.582,12.84838,12.85061,0.00,0.00
2017.08.17 14:47:52.117,12.84848,12.85061,0.00,0.00
2017.08.17 14:47:52.448,12.84848,12.85041,0.00,0.00
2017.08.17 14:47:52.852,12.84848,12.85031,0.00,0.00
2017.08.17 14:47:53.053,12.84848,12.85062,0.00,0.00
2017.08.17 14:47:53.154,12.84802,12.85011,0.00,0.00
2017.08.17 14:47:53.355,12.84849,12.85072,0.00,0.00
2017.08.17 14:47:53.645,12.84849,12.85041,0.00,0.00
2017.08.17 14:47:53.897,12.84849,12.85061,0.00,0.00
2017.08.17 14:47:53.998,12.84849,12.85071,0.00,0.00
2017.08.17 14:47:54.277,12.84789,12.85012,0.00,0.00
2017.08.17 14:47:54.503,12.84748,12.84972,0.00,0.00
2017.08.17 14:47:54.692,12.84748,12.84981,0.00,0.00
2017.08.17 14:47:54.756,12.84748,12.84972,0.00,0.00
2017.08.17 14:47:55.176,12.84748,12.84961,0.00,0.00
2017.08.17 14:47:55.611,12.84748,12.84982,0.00,0.00
2017.08.17 14:47:55.662,12.84748,12.84911,0.00,0.00
2017.08.17 14:47:55.763,12.84748,12.84942,0.00,0.00
2017.08.17 14:47:55.864,12.84748,12.84972,0.00,0.00
2017.08.17 14:47:56.301,12.84748,12.84952,0.00,0.00
2017.08.17 14:47:56.620,12.84748,12.84941,0.00,0.00
2017.08.17 14:47:56.766,12.84748,12.84952,0.00,0.00
2017.08.17 14:47:56.867,12.84748,12.84942,0.00,0.00
2017.08.17 14:47:56.968,12.84748,12.84971,0.00,0.00
2017.08.17 14:47:57.161,12.84748,12.84952,0.00,0.00
2017.08.17 14:47:57.492,12.84748,12.84962,0.00,0.00
2017.08.17 14:47:57.963,12.84748,12.84972,0.00,0.00
2017.08.17 14:47:58.064,12.84748,12.84982,0.00,0.00
2017.08.17 14:47:58.272,12.84748,12.84951,0.00,0.00
2017.08.17 14:47:58.373,12.84748,12.84962,0.00,0.00
2017.08.17 14:47:58.474,12.84748,12.84952,0.00,0.00
2017.08.17 14:47:58.526,12.84699,12.84952,0.00,0.00
2017.08.17 14:47:58.576,12.84699,12.84931,0.00,0.00
2017.08.17 14:47:58.856,12.84649,12.84911,0.00,0.00
2017.08.17 14:47:58.907,12.84649,12.84861,0.00,0.00
2017.08.17 14:47:59.212,12.84659,12.84861,0.00,0.00
2017.08.17 14:47:59.313,12.84659,12.84871,0.00,0.00
2017.08.17 14:47:59.593,12.84659,12.84861,0.00,0.00
2017.08.17 14:47:59.795,12.84759,12.84982,0.00,0.00
2017.08.17 14:48:00.040,12.84759,12.84991,0.00,0.00
2017.08.17 14:48:00.091,12.84709,12.84929,0.00,0.00
2017.08.17 14:48:00.142,12.84668,12.84922,0.00,0.00
2017.08.17 14:48:00.193,12.84658,12.84871,0.00,0.00
2017.08.17 14:48:00.514,12.84658,12.84902,0.00,0.00
2017.08.17 14:48:00.716,12.84658,12.84872,0.00,0.00
2017.08.17 14:48:00.817,12.84658,12.84911,0.00,0.00
2017.08.17 14:48:00.969,12.84658,12.84882,0.00,0.00
2017.08.17 14:48:01.221,12.84608,12.84868,0.00,0.00
2017.08.17 14:48:01.272,12.84618,12.84848,0.00,0.00
2017.08.17 14:48:01.590,12.84559,12.84782,0.00,0.00
2017.08.17 14:48:01.996,12.84559,12.84801,0.00,0.00
2017.08.17 14:48:02.171,12.84559,12.84791,0.00,0.00
2017.08.17 14:48:02.588,12.84559,12.84771,0.00,0.00
2017.08.17 14:48:02.716,12.84559,12.84802,0.00,0.00
2017.08.17 14:48:02.772,12.84559,12.84771,0.00,0.00
2017.08.17 14:48:02.873,12.84559,12.84792,0.00,0.00
2017.08.17 14:48:03.053,12.84541,12.84771,0.00,0.00
2017.08.17 14:48:03.205,12.84459,12.84712,0.00,0.00
2017.08.17 14:48:03.306,12.84459,12.84682,0.00,0.00
2017.08.17 14:48:03.609,12.84459,12.84672,0.00,0.00
2017.08.17 14:48:03.738,12.84459,12.84721,0.00,0.00
2017.08.17 14:48:03.893,12.84459,12.84682,0.00,0.00
2017.08.17 14:48:04.229,12.84559,12.84712,0.00,0.00
2017.08.17 14:48:04.279,12.84559,12.84792,0.00,0.00
2017.08.17 14:48:04.475,12.84559,12.84762,0.00,0.00
2017.08.17 14:48:04.618,12.84559,12.84782,0.00,0.00
2017.08.17 14:48:04.907,12.84559,12.84762,0.00,0.00
2017.08.17 14:48:05.184,12.84559,12.84802,0.00,0.00
2017.08.17 14:48:05.377,12.84559,12.84772,0.00,0.00
2017.08.17 14:48:05.603,12.84509,12.84768,0.00,0.00
2017.08.17 14:48:05.704,12.84508,12.84742,0.00,0.00
2017.08.17 14:48:06.024,12.84508,12.84769,0.00,0.00
2017.08.17 14:48:06.079,12.84508,12.84751,0.00,0.00
2017.08.17 14:48:06.394,12.84559,12.84769,0.00,0.00
2017.08.17 14:48:06.445,12.84509,12.84769,0.00,0.00
2017.08.17 14:48:06.495,12.84512,12.84771,0.00,0.00
2017.08.17 14:48:06.825,12.84559,12.84801,0.00,0.00
2017.08.17 14:48:07.156,12.84559,12.84772,0.00,0.00
2017.08.17 14:48:07.207,12.84559,12.84791,0.00,0.00
2017.08.17 14:48:07.308,12.84659,12.84792,0.00,0.00
2017.08.17 14:48:07.409,12.84558,12.84769,0.00,0.00
2017.08.17 14:48:07.460,12.84558,12.84811,0.00,0.00
2017.08.17 14:48:07.510,12.84558,12.84792,0.00,0.00
2017.08.17 14:48:07.611,12.84558,12.84801,0.00,0.00
2017.08.17 14:48:07.682,12.84558,12.84822,0.00,0.00
2017.08.17 14:48:07.783,12.84609,12.84801,0.00,0.00
2017.08.17 14:48:07.935,12.84609,12.84861,0.00,0.00
2017.08.17 14:48:08.086,12.84579,12.84821,0.00,0.00
2017.08.17 14:48:08.387,12.84658,12.84878,0.00,0.00
2017.08.17 14:48:09.042,12.84658,12.84879,0.00,0.00
2017.08.17 14:48:09.093,12.84658,12.84892,0.00,0.00
2017.08.17 14:48:09.194,12.84658,12.84902,0.00,0.00
2017.08.17 14:48:09.295,12.84658,12.84899,0.00,0.00
2017.08.17 14:48:09.477,12.84608,12.84862,0.00,0.00
2017.08.17 14:48:09.528,12.84569,12.84822,0.00,0.00
2017.08.17 14:48:09.629,12.84562,12.84821,0.00,0.00
2017.08.17 14:48:09.730,12.84558,12.84812,0.00,0.00
2017.08.17 14:48:09.831,12.84559,12.84822,0.00,0.00
2017.08.17 14:48:09.891,12.84558,12.84791,0.00,0.00
2017.08.17 14:48:10.093,12.84558,12.84822,0.00,0.00
2017.08.17 14:48:10.194,12.84558,12.84782,0.00,0.00
2017.08.17 14:48:10.295,12.84558,12.84791,0.00,0.00
2017.08.17 14:48:10.401,12.84558,12.84781,0.00,0.00
2017.08.17 14:48:10.676,12.84491,12.84721,0.00,0.00
2017.08.17 14:48:10.827,12.84509,12.84752,0.00,0.00
2017.08.17 14:48:10.929,12.84558,12.84742,0.00,0.00
2017.08.17 14:48:11.030,12.84558,12.84772,0.00,0.00
2017.08.17 14:48:11.131,12.84558,12.84799,0.00,0.00
2017.08.17 14:48:11.412,12.84558,12.84772,0.00,0.00
2017.08.17 14:48:11.513,12.84558,12.84802,0.00,0.00
2017.08.17 14:48:11.923,12.84558,12.84772,0.00,0.00
2017.08.17 14:48:12.779,12.84532,12.84768,0.00,0.00
2017.08.17 14:48:12.830,12.84509,12.84768,0.00,0.00
2017.08.17 14:48:12.931,12.84558,12.84752,0.00,0.00
2017.08.17 14:48:13.133,12.84558,12.84791,0.00,0.00
2017.08.17 14:48:13.234,12.84558,12.84779,0.00,0.00
2017.08.17 14:48:13.284,12.84509,12.84768,0.00,0.00
2017.08.17 14:48:13.336,12.84509,12.84752,0.00,0.00
2017.08.17 14:48:13.699,12.84558,12.84768,0.00,0.00
2017.08.17 14:48:13.810,12.84508,12.84769,0.00,0.00
2017.08.17 14:48:13.863,12.84508,12.84732,0.00,0.00
2017.08.17 14:48:14.202,12.84508,12.84751,0.00,0.00
2017.08.17 14:48:14.303,12.84508,12.84731,0.00,0.00
2017.08.17 14:48:14.609,12.84508,12.84752,0.00,0.00
2017.08.17 14:48:14.740,12.84468,12.84721,0.00,0.00
2017.08.17 14:48:14.841,12.84459,12.84702,0.00,0.00
2017.08.17 14:48:15.320,12.84459,12.84721,0.00,0.00
2017.08.17 14:48:15.370,12.84532,12.84742,0.00,0.00
2017.08.17 14:48:15.421,12.84558,12.84778,0.00,0.00
2017.08.17 14:48:15.522,12.84558,12.84782,0.00,0.00
2017.08.17 14:48:15.623,12.84558,12.84791,0.00,0.00
2017.08.17 14:48:15.674,12.84558,12.84768,0.00,0.00
2017.08.17 14:48:15.976,12.84558,12.84762,0.00,0.00
2017.08.17 14:48:16.027,12.84558,12.84792,0.00,0.00
2017.08.17 14:48:16.273,12.84558,12.84778,0.00,0.00
2017.08.17 14:48:16.666,12.84558,12.84761,0.00,0.00
2017.08.17 14:48:17.036,12.84558,12.84771,0.00,0.00
2017.08.17 14:48:17.087,12.84508,12.84728,0.00,0.00
2017.08.17 14:48:17.188,12.84508,12.84769,0.00,0.00
2017.08.17 14:48:17.238,12.84508,12.84732,0.00,0.00
2017.08.17 14:48:17.600,12.84559,12.84782,0.00,0.00
2017.08.17 14:48:17.852,12.84559,12.84791,0.00,0.00
2017.08.17 14:48:18.383,12.84559,12.84792,0.00,0.00
2017.08.17 14:48:18.609,12.84559,12.84762,0.00,0.00
2017.08.17 14:48:18.810,12.84559,12.84781,0.00,0.00
2017.08.17 14:48:18.910,12.84559,12.84792,0.00,0.00
2017.08.17 14:48:19.340,12.84559,12.84781,0.00,0.00
2017.08.17 14:48:19.680,12.84559,12.84761,0.00,0.00
2017.08.17 14:48:19.813,12.84559,12.84791,0.00,0.00
2017.08.17 14:48:20.156,12.84559,12.84761,0.00,0.00
2017.08.17 14:48:21.062,12.84559,12.84791,0.00,0.00
2017.08.17 14:48:21.517,12.84559,12.84771,0.00,0.00
2017.08.17 14:48:21.843,12.84559,12.84791,0.00,0.00
2017.08.17 14:48:21.944,12.84559,12.84761,0.00,0.00
2017.08.17 14:48:22.824,12.84559,12.84792,0.00,0.00
2017.08.17 14:48:23.124,12.84559,12.84771,0.00,0.00
2017.08.17 14:48:23.425,12.84559,12.84792,0.00,0.00
2017.08.17 14:48:23.683,12.84659,12.84801,0.00,0.00
2017.08.17 14:48:23.734,12.84659,12.84811,0.00,0.00
2017.08.17 14:48:23.835,12.84659,12.84862,0.00,0.00
2017.08.17 14:48:24.037,12.84659,12.84871,0.00,0.00
2017.08.17 14:48:24.272,12.84659,12.84861,0.00,0.00
2017.08.17 14:48:24.372,12.84659,12.84882,0.00,0.00
2017.08.17 14:48:24.785,12.84659,12.84878,0.00,0.00
2017.08.17 14:48:25.131,12.84659,12.84882,0.00,0.00
2017.08.17 14:48:25.642,12.84659,12.84862,0.00,0.00
2017.08.17 14:48:25.844,12.84659,12.84882,0.00,0.00
2017.08.17 14:48:26.336,12.84659,12.84852,0.00,0.00
2017.08.17 14:48:26.706,12.84622,12.84828,0.00,0.00
2017.08.17 14:48:26.807,12.84621,12.84821,0.00,0.00
2017.08.17 14:48:26.921,12.84559,12.84761,0.00,0.00
2017.08.17 14:48:27.022,12.84621,12.84761,0.00,0.00
2017.08.17 14:48:27.073,12.84631,12.84792,0.00,0.00
2017.08.17 14:48:27.124,12.84658,12.84792,0.00,0.00
2017.08.17 14:48:27.174,12.84658,12.84869,0.00,0.00
2017.08.17 14:48:27.276,12.84658,12.84872,0.00,0.00
2017.08.17 14:48:27.377,12.84658,12.84882,0.00,0.00
2017.08.17 14:48:27.813,12.84658,12.84872,0.00,0.00
2017.08.17 14:48:28.202,12.84658,12.84851,0.00,0.00
2017.08.17 14:48:28.442,12.84658,12.84872,0.00,0.00
2017.08.17 14:48:29.183,12.84658,12.84882,0.00,0.00
2017.08.17 14:48:29.662,12.84658,12.84871,0.00,0.00
2017.08.17 14:48:29.982,12.84658,12.84851,0.00,0.00
2017.08.17 14:48:30.247,12.84658,12.84871,0.00,0.00
2017.08.17 14:48:30.848,12.84658,12.84891,0.00,0.00
2017.08.17 14:48:30.948,12.84658,12.84881,0.00,0.00
2017.08.17 14:48:31.389,12.84658,12.84872,0.00,0.00
2017.08.17 14:48:31.851,12.84658,12.84891,0.00,0.00
2017.08.17 14:48:33.297,12.84708,12.84901,0.00,0.00
2017.08.17 14:48:33.398,12.84708,12.84912,0.00,0.00
2017.08.17 14:48:33.449,12.84659,12.84912,0.00,0.00
2017.08.17 14:48:33.499,12.84659,12.84902,0.00,0.00
2017.08.17 14:48:33.924,12.84658,12.84822,0.00,0.00
2017.08.17 14:48:33.975,12.84658,12.84871,0.00,0.00
2017.08.17 14:48:34.076,12.84658,12.84882,0.00,0.00
2017.08.17 14:48:34.696,12.84658,12.84852,0.00,0.00
2017.08.17 14:48:35.960,12.84658,12.84861,0.00,0.00
2017.08.17 14:48:36.162,12.84658,12.84852,0.00,0.00
2017.08.17 14:48:36.627,12.84658,12.84831,0.00,0.00
2017.08.17 14:48:36.911,12.84658,12.84851,0.00,0.00
2017.08.17 14:48:37.012,12.84658,12.84831,0.00,0.00
2017.08.17 14:48:37.695,12.84658,12.84862,0.00,0.00
2017.08.17 14:48:37.883,12.84658,12.84881,0.00,0.00
2017.08.17 14:48:37.934,12.84709,12.84881,0.00,0.00
2017.08.17 14:48:37.984,12.84659,12.84911,0.00,0.00
2017.08.17 14:48:38.086,12.84659,12.84882,0.00,0.00
2017.08.17 14:48:38.468,12.84659,12.84862,0.00,0.00
2017.08.17 14:48:38.869,12.84659,12.84882,0.00,0.00
2017.08.17 14:48:38.970,12.84659,12.84892,0.00,0.00
2017.08.17 14:48:39.076,12.84659,12.84862,0.00,0.00
2017.08.17 14:48:39.370,12.84659,12.84892,0.00,0.00
2017.08.17 14:48:39.716,12.84659,12.84899,0.00,0.00
2017.08.17 14:48:39.767,12.84659,12.84902,0.00,0.00
2017.08.17 14:48:39.817,12.84732,12.84902,0.00,0.00
2017.08.17 14:48:39.918,12.84758,12.84962,0.00,0.00
2017.08.17 14:48:40.060,12.84758,12.84972,0.00,0.00
2017.08.17 14:48:40.161,12.84758,12.84981,0.00,0.00
2017.08.17 14:48:40.514,12.84758,12.84961,0.00,0.00
2017.08.17 14:48:40.682,12.84758,12.84981,0.00,0.00
2017.08.17 14:48:41.209,12.84758,12.84992,0.00,0.00
2017.08.17 14:48:41.383,12.84758,12.84952,0.00,0.00
2017.08.17 14:48:42.187,12.84758,12.84962,0.00,0.00
2017.08.17 14:48:42.384,12.84758,12.84942,0.00,0.00
2017.08.17 14:48:42.930,12.84758,12.84961,0.00,0.00
2017.08.17 14:48:43.031,12.84758,12.84941,0.00,0.00
2017.08.17 14:48:43.133,12.84758,12.84978,0.00,0.00
2017.08.17 14:48:43.234,12.84708,12.84922,0.00,0.00
2017.08.17 14:48:43.426,12.84759,12.84982,0.00,0.00
2017.08.17 14:48:44.241,12.84732,12.84968,0.00,0.00
2017.08.17 14:48:44.292,12.84708,12.84891,0.00,0.00
2017.08.17 14:48:44.393,12.84658,12.84861,0.00,0.00
2017.08.17 14:48:44.608,12.84658,12.84892,0.00,0.00
2017.08.17 14:48:44.709,12.84658,12.84882,0.00,0.00
2017.08.17 14:48:45.042,12.84731,12.84862,0.00,0.00
2017.08.17 14:48:45.093,12.84732,12.84971,0.00,0.00
2017.08.17 14:48:45.144,12.84758,12.84982,0.00,0.00
2017.08.17 14:48:45.489,12.84758,12.84972,0.00,0.00
2017.08.17 14:48:45.811,12.84758,12.84962,0.00,0.00
2017.08.17 14:48:45.891,12.84758,12.84992,0.00,0.00
2017.08.17 14:48:46.191,12.84758,12.84982,0.00,0.00
2017.08.17 14:48:46.401,12.84758,12.84992,0.00,0.00
2017.08.17 14:48:46.502,12.84758,12.84951,0.00,0.00
2017.08.17 14:48:46.704,12.84758,12.84981,0.00,0.00
2017.08.17 14:48:46.805,12.84758,12.84951,0.00,0.00
2017.08.17 14:48:47.195,12.84758,12.84981,0.00,0.00
2017.08.17 14:48:47.731,12.84758,12.84992,0.00,0.00
2017.08.17 14:48:48.012,12.84758,12.84971,0.00,0.00
2017.08.17 14:48:48.095,12.84758,12.84992,0.00,0.00
2017.08.17 14:48:48.395,12.84758,12.84962,0.00,0.00
2017.08.17 14:48:48.624,12.84758,12.84991,0.00,0.00
2017.08.17 14:48:48.695,12.84758,12.85002,0.00,0.00
2017.08.17 14:48:48.857,12.84758,12.84982,0.00,0.00
2017.08.17 14:48:49.195,12.84809,12.85019,0.00,0.00
2017.08.17 14:48:49.446,12.84859,12.85082,0.00,0.00
2017.08.17 14:48:49.698,12.84859,12.85062,0.00,0.00
2017.08.17 14:48:50.119,12.84859,12.85052,0.00,0.00
2017.08.17 14:48:50.513,12.84859,12.85041,0.00,0.00
2017.08.17 14:48:50.614,12.84859,12.85082,0.00,0.00
2017.08.17 14:48:50.922,12.84859,12.85062,0.00,0.00
2017.08.17 14:48:51.221,12.84859,12.85082,0.00,0.00
2017.08.17 14:48:51.331,12.84859,12.85051,0.00,0.00
2017.08.17 14:48:51.401,12.84859,12.85081,0.00,0.00
2017.08.17 14:48:53.154,12.84859,12.85082,0.00,0.00
2017.08.17 14:48:53.732,12.84859,12.85062,0.00,0.00
2017.08.17 14:48:53.906,12.84859,12.85082,0.00,0.00
2017.08.17 14:48:54.306,12.84908,12.85102,0.00,0.00
2017.08.17 14:48:54.407,12.84959,12.85161,0.00,0.00
2017.08.17 14:48:54.536,12.84959,12.85172,0.00,0.00
2017.08.17 14:48:54.745,12.84959,12.85182,0.00,0.00
2017.08.17 14:48:54.957,12.84959,12.85172,0.00,0.00
2017.08.17 14:48:55.338,12.84959,12.85141,0.00,0.00
2017.08.17 14:48:55.512,12.84959,12.85172,0.00,0.00
2017.08.17 14:48:55.613,12.84959,12.85162,0.00,0.00
2017.08.17 14:48:55.955,12.84959,12.85182,0.00,0.00
2017.08.17 14:48:56.203,12.85008,12.85182,0.00,0.00
2017.08.17 14:48:56.355,12.85058,12.85262,0.00,0.00
2017.08.17 14:48:56.818,12.85058,12.85268,0.00,0.00
2017.08.17 14:48:57.120,12.85058,12.85251,0.00,0.00
2017.08.17 14:48:57.542,12.85058,12.85268,0.00,0.00
2017.08.17 14:48:57.593,12.85058,12.85282,0.00,0.00
2017.08.17 14:48:57.694,12.85058,12.85279,0.00,0.00
2017.08.17 14:48:57.946,12.85058,12.85281,0.00,0.00
2017.08.17 14:48:58.623,12.85058,12.85282,0.00,0.00
2017.08.17 14:48:58.724,12.85058,12.85291,0.00,0.00
2017.08.17 14:48:58.825,12.85058,12.85281,0.00,0.00
2017.08.17 14:48:59.130,12.85058,12.85252,0.00,0.00
2017.08.17 14:48:59.359,12.85058,12.85282,0.00,0.00
2017.08.17 14:48:59.802,12.85032,12.85268,0.00,0.00
2017.08.17 14:48:59.853,12.85032,12.85232,0.00,0.00
2017.08.17 14:49:00.156,12.85058,12.85282,0.00,0.00
2017.08.17 14:49:00.257,12.85058,12.85242,0.00,0.00
2017.08.17 14:49:00.358,12.85058,12.85282,0.00,0.00
2017.08.17 14:49:00.476,12.85058,12.85292,0.00,0.00
2017.08.17 14:49:00.527,12.85061,12.85262,0.00,0.00
2017.08.17 14:49:00.577,12.85058,12.85262,0.00,0.00
2017.08.17 14:49:00.830,12.85058,12.85292,0.00,0.00
2017.08.17 14:49:00.931,12.85058,12.85252,0.00,0.00
2017.08.17 14:49:01.248,12.85058,12.85261,0.00,0.00
2017.08.17 14:49:01.420,12.85058,12.85292,0.00,0.00
2017.08.17 14:49:02.022,12.85058,12.85272,0.00,0.00
2017.08.17 14:49:02.245,12.85058,12.85291,0.00,0.00
2017.08.17 14:49:02.474,12.85058,12.85251,0.00,0.00
2017.08.17 14:49:02.927,12.85058,12.85241,0.00,0.00
2017.08.17 14:49:03.517,12.85058,12.85242,0.00,0.00
2017.08.17 14:49:03.855,12.85058,12.85282,0.00,0.00
2017.08.17 14:49:04.326,12.85058,12.85262,0.00,0.00
2017.08.17 14:49:04.557,12.85049,12.85262,0.00,0.00
2017.08.17 14:49:04.833,12.85049,12.85251,0.00,0.00
2017.08.17 14:49:05.060,12.84969,12.85211,0.00,0.00
2017.08.17 14:49:05.161,12.84949,12.85171,0.00,0.00
2017.08.17 14:49:05.478,12.84949,12.85162,0.00,0.00
2017.08.17 14:49:05.529,12.84949,12.85181,0.00,0.00
2017.08.17 14:49:05.636,12.84949,12.85192,0.00,0.00
2017.08.17 14:49:05.737,12.84949,12.85161,0.00,0.00
2017.08.17 14:49:06.062,12.84949,12.85152,0.00,0.00
2017.08.17 14:49:06.376,12.85021,12.85261,0.00,0.00
2017.08.17 14:49:06.427,12.85049,12.85261,0.00,0.00
2017.08.17 14:49:06.478,12.85049,12.85268,0.00,0.00
2017.08.17 14:49:06.832,12.85049,12.85262,0.00,0.00
2017.08.17 14:49:06.951,12.85049,12.85268,0.00,0.00
2017.08.17 14:49:07.365,12.85049,12.85251,0.00,0.00
2017.08.17 14:49:08.142,12.85049,12.85272,0.00,0.00
2017.08.17 14:49:08.533,12.85049,12.85282,0.00,0.00
2017.08.17 14:49:08.846,12.85049,12.85291,0.00,0.00
2017.08.17 14:49:08.977,12.85049,12.85299,0.00,0.00
2017.08.17 14:49:09.245,12.85049,12.85262,0.00,0.00
2017.08.17 14:49:09.550,12.85148,12.85352,0.00,0.00
2017.08.17 14:49:09.942,12.85148,12.85312,0.00,0.00
2017.08.17 14:49:10.094,12.85121,12.85312,0.00,0.00
2017.08.17 14:49:10.195,12.85098,12.85301,0.00,0.00
2017.08.17 14:49:10.415,12.85049,12.85299,0.00,0.00
2017.08.17 14:49:10.466,12.85049,12.85251,0.00,0.00
2017.08.17 14:49:11.274,12.85049,12.85282,0.00,0.00
2017.08.17 14:49:11.476,12.85049,12.85251,0.00,0.00
2017.08.17 14:49:11.888,12.85049,12.85232,0.00,0.00
2017.08.17 14:49:12.282,12.85049,12.85271,0.00,0.00
2017.08.17 14:49:12.643,12.85049,12.85262,0.00,0.00
2017.08.17 14:49:13.646,12.85049,12.85272,0.00,0.00
2017.08.17 14:49:13.965,12.85049,12.85242,0.00,0.00
2017.08.17 14:49:14.344,12.85049,12.85252,0.00,0.00
2017.08.17 14:49:14.545,12.85049,12.85242,0.00,0.00
2017.08.17 14:49:14.747,12.85049,12.85281,0.00,0.00
2017.08.17 14:49:14.958,12.85049,12.85251,0.00,0.00
2017.08.17 14:49:15.076,12.85049,12.85282,0.00,0.00
2017.08.17 14:49:15.252,12.85049,12.85262,0.00,0.00
2017.08.17 14:49:15.569,12.85049,12.85242,0.00,0.00
2017.08.17 14:49:15.962,12.85049,12.85261,0.00,0.00
2017.08.17 14:49:16.046,12.85049,12.85272,0.00,0.00
2017.08.17 14:49:16.278,12.85049,12.85262,0.00,0.00
2017.08.17 14:49:16.882,12.85049,12.85272,0.00,0.00
2017.08.17 14:49:16.983,12.85049,12.85241,0.00,0.00
2017.08.17 14:49:17.572,12.85049,12.85242,0.00,0.00
2017.08.17 14:49:17.951,12.85049,12.85252,0.00,0.00
2017.08.17 14:49:18.049,12.85049,12.85242,0.00,0.00
2017.08.17 14:49:18.150,12.85049,12.85271,0.00,0.00
2017.08.17 14:49:18.651,12.85049,12.85251,0.00,0.00
2017.08.17 14:49:20.278,12.85049,12.85271,0.00,0.00
2017.08.17 14:49:20.754,12.85049,12.85242,0.00,0.00
2017.08.17 14:49:20.921,12.84968,12.85212,0.00,0.00
2017.08.17 14:49:20.972,12.84948,12.85212,0.00,0.00
2017.08.17 14:49:21.073,12.84948,12.85152,0.00,0.00
2017.08.17 14:49:21.356,12.84948,12.85182,0.00,0.00
2017.08.17 14:49:22.959,12.84948,12.85152,0.00,0.00
2017.08.17 14:49:23.159,12.84948,12.85181,0.00,0.00
2017.08.17 14:49:23.660,12.84948,12.85161,0.00,0.00
2017.08.17 14:49:24.080,12.84948,12.85152,0.00,0.00
2017.08.17 14:49:24.565,12.84948,12.85172,0.00,0.00
2017.08.17 14:49:24.616,12.85049,12.85172,0.00,0.00
2017.08.17 14:49:24.767,12.85049,12.85282,0.00,0.00
2017.08.17 14:49:25.362,12.85049,12.85252,0.00,0.00
2017.08.17 14:49:25.606,12.85049,12.85261,0.00,0.00
2017.08.17 14:49:26.368,12.85049,12.85282,0.00,0.00
2017.08.17 14:49:27.866,12.85049,12.85271,0.00,0.00
2017.08.17 14:49:28.857,12.85049,12.85282,0.00,0.00
2017.08.17 14:49:29.677,12.85049,12.85272,0.00,0.00
2017.08.17 14:49:30.082,12.85049,12.85242,0.00,0.00
2017.08.17 14:49:30.300,12.84958,12.85212,0.00,0.00
2017.08.17 14:49:30.412,12.85048,12.85229,0.00,0.00
2017.08.17 14:49:30.463,12.85048,12.85232,0.00,0.00
2017.08.17 14:49:30.514,12.85048,12.85241,0.00,0.00
2017.08.17 14:49:30.615,12.85048,12.85272,0.00,0.00
2017.08.17 14:49:30.910,12.85048,12.85242,0.00,0.00
2017.08.17 14:49:31.084,12.85048,12.85271,0.00,0.00
2017.08.17 14:49:31.292,12.85048,12.85252,0.00,0.00
2017.08.17 14:49:31.472,12.85048,12.85271,0.00,0.00
2017.08.17 14:49:32.676,12.85048,12.85251,0.00,0.00
2017.08.17 14:49:32.777,12.85048,12.85271,0.00,0.00
2017.08.17 14:49:32.928,12.85061,12.85272,0.00,0.00
2017.08.17 14:49:32.979,12.85048,12.85272,0.00,0.00
2017.08.17 14:49:33.080,12.85048,12.85282,0.00,0.00
2017.08.17 14:49:33.365,12.85048,12.85251,0.00,0.00
2017.08.17 14:49:33.416,12.85048,12.85282,0.00,0.00
2017.08.17 14:49:33.618,12.85048,12.85252,0.00,0.00
2017.08.17 14:49:33.882,12.85048,12.85272,0.00,0.00
2017.08.17 14:49:34.377,12.85048,12.85252,0.00,0.00
2017.08.17 14:49:34.478,12.85048,12.85272,0.00,0.00
2017.08.17 14:49:34.779,12.84998,12.85242,0.00,0.00
2017.08.17 14:49:34.930,12.84998,12.85192,0.00,0.00
2017.08.17 14:49:35.482,12.84948,12.85202,0.00,0.00
2017.08.17 14:49:35.583,12.84948,12.85172,0.00,0.00
2017.08.17 14:49:35.885,12.85048,12.85269,0.00,0.00
2017.08.17 14:49:36.138,12.85048,12.85281,0.00,0.00
2017.08.17 14:49:36.188,12.85048,12.85251,0.00,0.00
2017.08.17 14:49:36.391,12.85048,12.85261,0.00,0.00
2017.08.17 14:49:36.492,12.85048,12.85292,0.00,0.00
2017.08.17 14:49:36.593,12.85048,12.85281,0.00,0.00
2017.08.17 14:49:37.016,12.85048,12.85251,0.00,0.00
2017.08.17 14:49:37.416,12.85048,12.85262,0.00,0.00
2017.08.17 14:49:37.483,12.85048,12.85241,0.00,0.00
2017.08.17 14:49:38.035,12.85048,12.85232,0.00,0.00
2017.08.17 14:49:38.385,12.85048,12.85242,0.00,0.00
2017.08.17 14:49:38.603,12.85048,12.85272,0.00,0.00
2017.08.17 14:49:39.407,12.85048,12.85262,0.00,0.00
2017.08.17 14:49:39.458,12.85022,12.85262,0.00,0.00
2017.08.17 14:49:39.508,12.84998,12.85221,0.00,0.00
2017.08.17 14:49:39.609,12.84949,12.85202,0.00,0.00
2017.08.17 14:49:39.710,12.84949,12.85171,0.00,0.00
2017.08.17 14:49:40.715,12.84949,12.85151,0.00,0.00
2017.08.17 14:49:41.132,12.84949,12.85182,0.00,0.00
2017.08.17 14:49:42.042,12.84949,12.85151,0.00,0.00
2017.08.17 14:49:42.263,12.84899,12.85151,0.00,0.00
2017.08.17 14:49:42.313,12.84899,12.85128,0.00,0.00
2017.08.17 14:49:42.565,12.84849,12.85091,0.00,0.00
2017.08.17 14:49:42.807,12.84849,12.85111,0.00,0.00
2017.08.17 14:49:42.858,12.84899,12.85122,0.00,0.00
2017.08.17 14:49:42.909,12.84858,12.85111,0.00,0.00
2017.08.17 14:49:43.010,12.84849,12.85071,0.00,0.00
2017.08.17 14:49:43.061,12.84821,12.85062,0.00,0.00
2017.08.17 14:49:43.111,12.84821,12.85051,0.00,0.00
2017.08.17 14:49:43.414,12.84848,12.85068,0.00,0.00
2017.08.17 14:49:43.833,12.84848,12.85041,0.00,0.00
2017.08.17 14:49:44.342,12.84848,12.85068,0.00,0.00
2017.08.17 14:49:45.546,12.84848,12.85082,0.00,0.00
2017.08.17 14:49:45.943,12.84848,12.85052,0.00,0.00
2017.08.17 14:49:46.314,12.84848,12.85061,0.00,0.00
2017.08.17 14:49:46.415,12.84779,12.85012,0.00,0.00
2017.08.17 14:49:46.516,12.84748,12.85011,0.00,0.00
2017.08.17 14:49:46.617,12.84748,12.84972,0.00,0.00
2017.08.17 14:49:46.819,12.84748,12.85011,0.00,0.00
2017.08.17 14:49:46.920,12.84748,12.84971,0.00,0.00
2017.08.17 14:49:47.222,12.84748,12.85001,0.00,0.00
2017.08.17 14:49:47.455,12.84748,12.84972,0.00,0.00
2017.08.17 14:49:48.315,12.84748,12.84992,0.00,0.00
2017.08.17 14:49:48.416,12.84748,12.84962,0.00,0.00
2017.08.17 14:49:48.719,12.84748,12.84982,0.00,0.00
2017.08.17 14:49:48.820,12.84748,12.84962,0.00,0.00
2017.08.17 14:49:49.018,12.84748,12.84982,0.00,0.00
2017.08.17 14:49:49.219,12.84748,12.84962,0.00,0.00
2017.08.17 14:49:49.320,12.84748,12.84981,0.00,0.00
2017.08.17 14:49:49.747,12.84748,12.85012,0.00,0.00
2017.08.17 14:49:49.849,12.84849,12.85022,0.00,0.00
2017.08.17 14:49:49.950,12.84849,12.85069,0.00,0.00
2017.08.17 14:49:50.275,12.84849,12.85052,0.00,0.00
2017.08.17 14:49:50.576,12.84849,12.85041,0.00,0.00
2017.08.17 14:49:51.130,12.84849,12.85068,0.00,0.00
2017.08.17 14:49:51.674,12.84849,12.85069,0.00,0.00
2017.08.17 14:49:51.775,12.84849,12.85052,0.00,0.00
2017.08.17 14:49:51.830,12.84849,12.85069,0.00,0.00
2017.08.17 14:49:52.031,12.84849,12.85042,0.00,0.00
2017.08.17 14:49:52.434,12.84849,12.85072,0.00,0.00
2017.08.17 14:49:52.535,12.84849,12.85081,0.00,0.00
2017.08.17 14:49:52.788,12.84849,12.85069,0.00,0.00
2017.08.17 14:49:53.173,12.84849,12.85041,0.00,0.00
2017.08.17 14:49:53.274,12.84798,12.85018,0.00,0.00
2017.08.17 14:49:53.375,12.84749,12.84981,0.00,0.00
2017.08.17 14:49:53.476,12.84749,12.84961,0.00,0.00
2017.08.17 14:49:53.678,12.84749,12.84992,0.00,0.00
2017.08.17 14:49:53.881,12.84749,12.84962,0.00,0.00
2017.08.17 14:49:54.243,12.84749,12.84951,0.00,0.00
2017.08.17 14:49:54.561,12.84698,12.84919,0.00,0.00
2017.08.17 14:49:54.612,12.84698,12.84879,0.00,0.00
2017.08.17 14:49:54.797,12.84548,12.84782,0.00,0.00
2017.08.17 14:49:54.948,12.84548,12.84802,0.00,0.00
2017.08.17 14:49:55.049,12.84548,12.84772,0.00,0.00
2017.08.17 14:49:55.687,12.84548,12.84781,0.00,0.00
2017.08.17 14:49:55.848,12.84548,12.84792,0.00,0.00
2017.08.17 14:49:56.048,12.84548,12.84761,0.00,0.00
2017.08.17 14:49:56.148,12.84548,12.84782,0.00,0.00
2017.08.17 14:49:56.377,12.84548,12.84761,0.00,0.00
2017.08.17 14:49:56.478,12.84548,12.84802,0.00,0.00
2017.08.17 14:49:56.827,12.84568,12.84802,0.00,0.00
2017.08.17 14:49:57.163,12.84591,12.84812,0.00,0.00
2017.08.17 14:49:57.489,12.84591,12.84782,0.00,0.00
2017.08.17 14:49:57.652,12.84592,12.84811,0.00,0.00
2017.08.17 14:49:58.052,12.84592,12.84782,0.00,0.00
2017.08.17 14:49:58.585,12.84591,12.84781,0.00,0.00
2017.08.17 14:49:58.653,12.84591,12.84811,0.00,0.00
2017.08.17 14:49:59.701,12.84592,12.84811,0.00,0.00
2017.08.17 14:50:00.091,12.84591,12.84781,0.00,0.00
2017.08.17 14:50:00.810,12.84592,12.84782,0.00,0.00
2017.08.17 14:50:00.962,12.84592,12.84812,0.00,0.00
2017.08.17 14:50:01.872,12.84591,12.84812,0.00,0.00
2017.08.17 14:50:02.173,12.84592,12.84802,0.00,0.00
2017.08.17 14:50:02.545,12.84591,12.84782,0.00,0.00
2017.08.17 14:50:02.976,12.84592,12.84792,0.00,0.00
2017.08.17 14:50:03.277,12.84591,12.84782,0.00,0.00
2017.08.17 14:50:03.886,12.84592,12.84782,0.00,0.00
2017.08.17 14:50:03.989,12.84591,12.84791,0.00,0.00
2017.08.17 14:50:04.090,12.84592,12.84811,0.00,0.00
2017.08.17 14:50:04.291,12.84592,12.84782,0.00,0.00
2017.08.17 14:50:04.871,12.84591,12.84782,0.00,0.00
2017.08.17 14:50:05.168,12.84592,12.84791,0.00,0.00
2017.08.17 14:50:05.270,12.84591,12.84812,0.00,0.00
2017.08.17 14:50:05.623,12.84528,12.84769,0.00,0.00
2017.08.17 14:50:05.742,12.84579,12.84769,0.00,0.00
2017.08.17 14:50:05.793,12.84579,12.84771,0.00,0.00
2017.08.17 14:50:05.894,12.84579,12.84799,0.00,0.00
2017.08.17 14:50:06.494,12.84579,12.84781,0.00,0.00
2017.08.17 14:50:06.699,12.84579,12.84799,0.00,0.00
2017.08.17 14:50:07.253,12.84579,12.84798,0.00,0.00
2017.08.17 14:50:07.304,12.84579,12.84782,0.00,0.00
2017.08.17 14:50:07.611,12.84579,12.84772,0.00,0.00
2017.08.17 14:50:07.914,12.84579,12.84792,0.00,0.00
2017.08.17 14:50:07.971,12.84579,12.84782,0.00,0.00
2017.08.17 14:50:08.071,12.84579,12.84791,0.00,0.00
2017.08.17 14:50:08.173,12.84579,12.84811,0.00,0.00
2017.08.17 14:50:08.673,12.84579,12.84802,0.00,0.00
2017.08.17 14:50:08.993,12.84579,12.84782,0.00,0.00
2017.08.17 14:50:09.374,12.84579,12.84772,0.00,0.00
2017.08.17 14:50:09.704,12.84579,12.84792,0.00,0.00
2017.08.17 14:50:10.377,12.84579,12.84782,0.00,0.00
2017.08.17 14:50:10.764,12.84579,12.84779,0.00,0.00
2017.08.17 14:50:10.914,12.84529,12.84779,0.00,0.00
2017.08.17 14:50:10.974,12.84529,12.84728,0.00,0.00
2017.08.17 14:50:11.025,12.84478,12.84682,0.00,0.00
2017.08.17 14:50:11.179,12.84478,12.84722,0.00,0.00
2017.08.17 14:50:11.286,12.84478,12.84692,0.00,0.00
2017.08.17 14:50:11.387,12.84478,12.84721,0.00,0.00
2017.08.17 14:50:11.539,12.84478,12.84719,0.00,0.00
2017.08.17 14:50:12.042,12.84478,12.84712,0.00,0.00
2017.08.17 14:50:12.432,12.84478,12.84691,0.00,0.00
2017.08.17 14:50:12.483,12.84478,12.84712,0.00,0.00
2017.08.17 14:50:12.609,12.84478,12.84692,0.00,0.00
2017.08.17 14:50:12.912,12.84478,12.84719,0.00,0.00
2017.08.17 14:50:13.526,12.84478,12.84712,0.00,0.00
2017.08.17 14:50:13.728,12.84478,12.84719,0.00,0.00
2017.08.17 14:50:14.116,12.84528,12.84722,0.00,0.00
2017.08.17 14:50:14.515,12.84579,12.84768,0.00,0.00
2017.08.17 14:50:14.985,12.84678,12.84811,0.00,0.00
2017.08.17 14:50:15.036,12.84678,12.84831,0.00,0.00
2017.08.17 14:50:15.094,12.84678,12.84899,0.00,0.00
2017.08.17 14:50:15.335,12.84678,12.84892,0.00,0.00
2017.08.17 14:50:15.436,12.84678,12.84899,0.00,0.00
2017.08.17 14:50:15.589,12.84742,12.84922,0.00,0.00
2017.08.17 14:50:15.741,12.84792,12.85012,0.00,0.00
2017.08.17 14:50:15.943,12.84791,12.84981,0.00,0.00
2017.08.17 14:50:16.242,12.84791,12.85012,0.00,0.00
2017.08.17 14:50:16.546,12.84792,12.84991,0.00,0.00
2017.08.17 14:50:16.906,12.84791,12.84981,0.00,0.00
2017.08.17 14:50:17.007,12.84792,12.85019,0.00,0.00
2017.08.17 14:50:17.443,12.84791,12.85011,0.00,0.00
2017.08.17 14:50:17.544,12.84792,12.85019,0.00,0.00
2017.08.17 14:50:18.004,12.84828,12.85022,0.00,0.00
2017.08.17 14:50:18.055,12.84828,12.85042,0.00,0.00
2017.08.17 14:50:18.156,12.84879,12.85068,0.00,0.00
2017.08.17 14:50:19.501,12.84879,12.85061,0.00,0.00
2017.08.17 14:50:19.701,12.84879,12.85068,0.00,0.00
2017.08.17 14:50:19.752,12.84879,12.85072,0.00,0.00
2017.08.17 14:50:19.803,12.84881,12.85119,0.00,0.00
2017.08.17 14:50:19.904,12.84879,12.85119,0.00,0.00
2017.08.17 14:50:20.006,12.84879,12.85082,0.00,0.00
2017.08.17 14:50:20.202,12.84879,12.85111,0.00,0.00
2017.08.17 14:50:20.372,12.84879,12.85082,0.00,0.00
2017.08.17 14:50:20.714,12.84879,12.85071,0.00,0.00
2017.08.17 14:50:20.816,12.84879,12.85112,0.00,0.00
2017.08.17 14:50:21.017,12.84879,12.85081,0.00,0.00
2017.08.17 14:50:21.434,12.84879,12.85072,0.00,0.00
2017.08.17 14:50:21.538,12.84879,12.85082,0.00,0.00
2017.08.17 14:50:21.639,12.84879,12.85119,0.00,0.00
2017.08.17 14:50:21.740,12.84879,12.85112,0.00,0.00
2017.08.17 14:50:22.059,12.84879,12.85071,0.00,0.00
2017.08.17 14:50:22.110,12.84879,12.85101,0.00,0.00
2017.08.17 14:50:22.415,12.84879,12.85071,0.00,0.00
2017.08.17 14:50:22.516,12.84879,12.85102,0.00,0.00
2017.08.17 14:50:22.713,12.84879,12.85082,0.00,0.00
2017.08.17 14:50:22.814,12.84879,12.85098,0.00,0.00
2017.08.17 14:50:23.438,12.84879,12.85082,0.00,0.00
2017.08.17 14:50:24.424,12.84879,12.85098,0.00,0.00
2017.08.17 14:50:24.525,12.84879,12.85071,0.00,0.00
2017.08.17 14:50:24.626,12.84879,12.85098,0.00,0.00
2017.08.17 14:50:24.829,12.84879,12.85072,0.00,0.00
2017.08.17 14:50:25.259,12.84879,12.85098,0.00,0.00
2017.08.17 14:50:25.310,12.84879,12.85082,0.00,0.00
2017.08.17 14:50:25.363,12.84879,12.85112,0.00,0.00
2017.08.17 14:50:25.525,12.84879,12.85072,0.00,0.00
2017.08.17 14:50:26.046,12.84879,12.85082,0.00,0.00
2017.08.17 14:50:26.097,12.84891,12.85082,0.00,0.00
2017.08.17 14:50:26.147,12.84879,12.85082,0.00,0.00
2017.08.17 14:50:26.248,12.84879,12.85119,0.00,0.00
2017.08.17 14:50:26.450,12.84879,12.85092,0.00,0.00
2017.08.17 14:50:27.036,12.84879,12.85101,0.00,0.00
2017.08.17 14:50:27.137,12.84879,12.85119,0.00,0.00
2017.08.17 14:50:27.574,12.84892,12.85119,0.00,0.00
2017.08.17 14:50:27.625,12.84879,12.85119,0.00,0.00
2017.08.17 14:50:28.234,12.84879,12.85102,0.00,0.00
2017.08.17 14:50:28.618,12.84879,12.85092,0.00,0.00
2017.08.17 14:50:28.960,12.85021,12.85121,0.00,0.00
2017.08.17 14:50:29.020,12.85078,12.85178,0.00,0.00
2017.08.17 14:50:29.189,12.85009,12.85173,0.00,0.00
2017.08.17 14:50:29.240,12.84991,12.85173,0.00,0.00
2017.08.17 14:50:29.821,12.84992,12.85173,0.00,0.00
2017.08.17 14:50:30.259,12.84992,12.85211,0.00,0.00
2017.08.17 14:50:30.422,12.84991,12.85186,0.00,0.00
2017.08.17 14:50:30.672,12.84991,12.85192,0.00,0.00
2017.08.17 14:50:30.954,12.84991,12.85177,0.00,0.00
2017.08.17 14:50:31.503,12.84992,12.85176,0.00,0.00
2017.08.17 14:50:31.554,12.84991,12.85181,0.00,0.00
2017.08.17 14:50:31.655,12.84991,12.85202,0.00,0.00
2017.08.17 14:50:32.581,12.84992,12.85202,0.00,0.00
2017.08.17 14:50:32.632,12.84992,12.85186,0.00,0.00
2017.08.17 14:50:32.956,12.84992,12.85177,0.00,0.00
2017.08.17 14:50:33.433,12.84991,12.85166,0.00,0.00
2017.08.17 14:50:33.527,12.84991,12.85181,0.00,0.00
2017.08.17 14:50:33.728,12.84991,12.85162,0.00,0.00
2017.08.17 14:50:34.235,12.84991,12.85161,0.00,0.00
2017.08.17 14:50:34.336,12.84991,12.85192,0.00,0.00
2017.08.17 14:50:34.387,12.85041,12.85192,0.00,0.00
2017.08.17 14:50:34.437,12.85029,12.85212,0.00,0.00
2017.08.17 14:50:34.584,12.85079,12.85271,0.00,0.00
2017.08.17 14:50:34.635,12.85079,12.85292,0.00,0.00
2017.08.17 14:50:34.730,12.85079,12.85261,0.00,0.00
2017.08.17 14:50:35.130,12.85079,12.85292,0.00,0.00
2017.08.17 14:50:35.455,12.85079,12.85282,0.00,0.00
2017.08.17 14:50:35.663,12.85079,12.85291,0.00,0.00
2017.08.17 14:50:35.731,12.85079,12.85301,0.00,0.00
2017.08.17 14:50:35.832,12.85079,12.85272,0.00,0.00
2017.08.17 14:50:35.936,12.85079,12.85302,0.00,0.00
2017.08.17 14:50:36.159,12.85079,12.85268,0.00,0.00
2017.08.17 14:50:36.209,12.85028,12.85229,0.00,0.00
2017.08.17 14:50:36.310,12.84981,12.85229,0.00,0.00
2017.08.17 14:50:36.361,12.84981,12.85172,0.00,0.00
2017.08.17 14:50:36.547,12.84982,12.85202,0.00,0.00
2017.08.17 14:50:36.864,12.84982,12.85172,0.00,0.00
2017.08.17 14:50:36.915,12.84979,12.85172,0.00,0.00
2017.08.17 14:50:37.134,12.84979,12.85161,0.00,0.00
2017.08.17 14:50:37.334,12.84979,12.85191,0.00,0.00
2017.08.17 14:50:37.872,12.84979,12.85161,0.00,0.00
2017.08.17 14:50:37.973,12.84979,12.85172,0.00,0.00
2017.08.17 14:50:38.536,12.84979,12.85162,0.00,0.00
2017.08.17 14:50:38.736,12.84979,12.85182,0.00,0.00
2017.08.17 14:50:39.444,12.84979,12.85191,0.00,0.00
2017.08.17 14:50:39.565,12.84979,12.85161,0.00,0.00
2017.08.17 14:50:39.762,12.84929,12.85161,0.00,0.00
2017.08.17 14:50:39.813,12.84929,12.85128,0.00,0.00
2017.08.17 14:50:40.146,12.84878,12.85061,0.00,0.00
2017.08.17 14:50:40.348,12.84878,12.85071,0.00,0.00
2017.08.17 14:50:40.398,12.84878,12.85069,0.00,0.00
2017.08.17 14:50:40.701,12.84878,12.85051,0.00,0.00
2017.08.17 14:50:40.802,12.84828,12.85051,0.00,0.00
2017.08.17 14:50:40.967,12.84828,12.85031,0.00,0.00
2017.08.17 14:50:41.169,12.84878,12.85082,0.00,0.00
2017.08.17 14:50:41.341,12.84878,12.85102,0.00,0.00
2017.08.17 14:50:41.650,12.84978,12.85111,0.00,0.00
2017.08.17 14:50:41.751,12.84978,12.85132,0.00,0.00
2017.08.17 14:50:41.902,12.84978,12.85161,0.00,0.00
2017.08.17 14:50:42.003,12.84978,12.85201,0.00,0.00
2017.08.17 14:50:42.665,12.84978,12.85202,0.00,0.00
2017.08.17 14:50:42.982,12.84978,12.85211,0.00,0.00
2017.08.17 14:50:43.246,12.84978,12.85182,0.00,0.00
2017.08.17 14:50:43.347,12.84978,12.85211,0.00,0.00
2017.08.17 14:50:43.715,12.84978,12.85182,0.00,0.00
2017.08.17 14:50:44.317,12.84978,12.85181,0.00,0.00
2017.08.17 14:50:44.549,12.84978,12.85192,0.00,0.00
2017.08.17 14:50:45.049,12.84978,12.85212,0.00,0.00
2017.08.17 14:50:45.750,12.84978,12.85202,0.00,0.00
2017.08.17 14:50:46.051,12.84978,12.85192,0.00,0.00
2017.08.17 14:50:46.151,12.84978,12.85211,0.00,0.00
2017.08.17 14:50:46.202,12.85029,12.85211,0.00,0.00
2017.08.17 14:50:46.353,12.85078,12.85291,0.00,0.00
2017.08.17 14:50:46.587,12.85078,12.85281,0.00,0.00
2017.08.17 14:50:46.895,12.85078,12.85252,0.00,0.00
2017.08.17 14:50:47.097,12.85078,12.85291,0.00,0.00
2017.08.17 14:50:47.253,12.85078,12.85262,0.00,0.00
2017.08.17 14:50:47.455,12.85078,12.85292,0.00,0.00
2017.08.17 14:50:47.672,12.85078,12.85301,0.00,0.00
2017.08.17 14:50:47.956,12.85078,12.85281,0.00,0.00
2017.08.17 14:50:48.280,12.85078,12.85272,0.00,0.00
2017.08.17 14:50:48.610,12.85078,12.85261,0.00,0.00
2017.08.17 14:50:48.862,12.85078,12.85282,0.00,0.00
2017.08.17 14:50:50.137,12.85078,12.85261,0.00,0.00
2017.08.17 14:50:50.190,12.85078,12.85301,0.00,0.00
2017.08.17 14:50:50.361,12.85078,12.85292,0.00,0.00
2017.08.17 14:50:50.459,12.85078,12.85301,0.00,0.00
2017.08.17 14:50:51.403,12.85078,12.85272,0.00,0.00
2017.08.17 14:50:51.606,12.85028,12.85272,0.00,0.00
2017.08.17 14:50:51.657,12.84992,12.85228,0.00,0.00
2017.08.17 14:50:51.959,12.85079,12.85292,0.00,0.00
2017.08.17 14:50:52.262,12.85029,12.85252,0.00,0.00
2017.08.17 14:50:52.363,12.85029,12.85222,0.00,0.00
2017.08.17 14:50:52.512,12.84991,12.85212,0.00,0.00
2017.08.17 14:50:52.563,12.84991,12.85242,0.00,0.00
2017.08.17 14:50:52.673,12.84991,12.85192,0.00,0.00
2017.08.17 14:50:52.978,12.84991,12.85151,0.00,0.00
2017.08.17 14:50:53.079,12.84992,12.85202,0.00,0.00
2017.08.17 14:50:53.464,12.84992,12.85192,0.00,0.00
2017.08.17 14:50:53.765,12.84991,12.85171,0.00,0.00
2017.08.17 14:50:53.865,12.84991,12.85201,0.00,0.00
2017.08.17 14:50:54.168,12.84992,12.85212,0.00,0.00
2017.08.17 14:50:54.269,12.84992,12.85172,0.00,0.00
2017.08.17 14:50:54.914,12.84991,12.85172,0.00,0.00
2017.08.17 14:50:55.375,12.84991,12.85201,0.00,0.00
2017.08.17 14:50:55.712,12.84991,12.85171,0.00,0.00
2017.08.17 14:50:56.106,12.84991,12.85191,0.00,0.00
2017.08.17 14:50:56.208,12.84991,12.85211,0.00,0.00
2017.08.17 14:50:56.410,12.84991,12.85182,0.00,0.00
2017.08.17 14:50:56.742,12.84991,12.85162,0.00,0.00
2017.08.17 14:50:56.793,12.84991,12.85192,0.00,0.00
2017.08.17 14:50:56.995,12.84996,12.85202,0.00,0.00
2017.08.17 14:50:57.372,12.84996,12.85172,0.00,0.00
2017.08.17 14:50:57.684,12.85001,12.85181,0.00,0.00
2017.08.17 14:50:57.785,12.85001,12.85172,0.00,0.00
2017.08.17 14:50:58.073,12.85001,12.85202,0.00,0.00
2017.08.17 14:50:58.593,12.85002,12.85202,0.00,0.00
2017.08.17 14:50:58.694,12.85001,12.85192,0.00,0.00
2017.08.17 14:50:58.853,12.85002,12.85212,0.00,0.00
2017.08.17 14:50:59.403,12.85001,12.85212,0.00,0.00
2017.08.17 14:50:59.475,12.85001,12.85182,0.00,0.00
2017.08.17 14:50:59.786,12.85102,12.85202,0.00,0.00
2017.08.17 14:50:59.888,12.85101,12.85302,0.00,0.00
2017.08.17 14:51:00.216,12.85101,12.85282,0.00,0.00
2017.08.17 14:51:00.421,12.85101,12.85302,0.00,0.00
2017.08.17 14:51:00.479,12.85101,12.85292,0.00,0.00
2017.08.17 14:51:00.785,12.85102,12.85261,0.00,0.00
2017.08.17 14:51:00.836,12.85028,12.85261,0.00,0.00
2017.08.17 14:51:00.887,12.85079,12.85252,0.00,0.00
2017.08.17 14:51:01.089,12.85079,12.85282,0.00,0.00
2017.08.17 14:51:01.508,12.85079,12.85262,0.00,0.00
2017.08.17 14:51:01.715,12.85079,12.85281,0.00,0.00
2017.08.17 14:51:01.917,12.85079,12.85291,0.00,0.00
2017.08.17 14:51:01.987,12.85081,12.85291,0.00,0.00
2017.08.17 14:51:02.088,12.85081,12.85302,0.00,0.00
2017.08.17 14:51:02.139,12.85079,12.85302,0.00,0.00
2017.08.17 14:51:02.615,12.85079,12.85281,0.00,0.00
2017.08.17 14:51:02.918,12.85079,12.85292,0.00,0.00
2017.08.17 14:51:03.438,12.85029,12.85269,0.00,0.00
2017.08.17 14:51:03.489,12.85028,12.85201,0.00,0.00
2017.08.17 14:51:03.590,12.85028,12.85211,0.00,0.00
2017.08.17 14:51:03.691,12.85001,12.85231,0.00,0.00
2017.08.17 14:51:03.792,12.85001,12.85212,0.00,0.00
2017.08.17 14:51:04.104,12.85078,12.85302,0.00,0.00
2017.08.17 14:51:04.170,12.85078,12.85298,0.00,0.00
2017.08.17 14:51:04.221,12.85078,12.85312,0.00,0.00
2017.08.17 14:51:04.322,12.85078,12.85301,0.00,0.00
2017.08.17 14:51:04.634,12.85078,12.85271,0.00,0.00
2017.08.17 14:51:04.979,12.85052,12.85271,0.00,0.00
2017.08.17 14:51:05.030,12.85028,12.85271,0.00,0.00
2017.08.17 14:51:05.081,12.85079,12.85271,0.00,0.00
2017.08.17 14:51:05.232,12.84979,12.85229,0.00,0.00
2017.08.17 14:51:05.392,12.84978,12.85182,0.00,0.00
2017.08.17 14:51:07.208,12.84978,12.85171,0.00,0.00
2017.08.17 14:51:07.444,12.84978,12.85192,0.00,0.00
2017.08.17 14:51:07.595,12.84978,12.85201,0.00,0.00
2017.08.17 14:51:07.697,12.84978,12.85171,0.00,0.00
2017.08.17 14:51:07.834,12.84978,12.85211,0.00,0.00
2017.08.17 14:51:07.885,12.84929,12.85129,0.00,0.00
2017.08.17 14:51:07.986,12.84908,12.85128,0.00,0.00
2017.08.17 14:51:08.037,12.84892,12.85092,0.00,0.00
2017.08.17 14:51:08.275,12.84892,12.85102,0.00,0.00
2017.08.17 14:51:08.325,12.84891,12.85072,0.00,0.00
2017.08.17 14:51:08.527,12.84891,12.85101,0.00,0.00
2017.08.17 14:51:08.729,12.84891,12.85072,0.00,0.00
2017.08.17 14:51:09.031,12.84891,12.85081,0.00,0.00
2017.08.17 14:51:09.251,12.84978,12.85081,0.00,0.00
2017.08.17 14:51:09.301,12.84978,12.85212,0.00,0.00
2017.08.17 14:51:09.701,12.84978,12.85221,0.00,0.00
2017.08.17 14:51:09.802,12.84978,12.85202,0.00,0.00
2017.08.17 14:51:10.114,12.84928,12.85112,0.00,0.00
2017.08.17 14:51:10.165,12.84891,12.85112,0.00,0.00
2017.08.17 14:51:10.216,12.84891,12.85101,0.00,0.00
2017.08.17 14:51:10.545,12.84892,12.85128,0.00,0.00
2017.08.17 14:51:10.751,12.84892,12.85092,0.00,0.00
2017.08.17 14:51:11.018,12.84891,12.85121,0.00,0.00
2017.08.17 14:51:11.221,12.84891,12.85102,0.00,0.00
2017.08.17 14:51:11.587,12.84892,12.85081,0.00,0.00
2017.08.17 14:51:11.638,12.84828,12.85029,0.00,0.00
2017.08.17 14:51:11.739,12.84801,12.84992,0.00,0.00
2017.08.17 14:51:12.046,12.84801,12.85011,0.00,0.00
2017.08.17 14:51:12.097,12.84749,12.85011,0.00,0.00
2017.08.17 14:51:12.148,12.84749,12.84991,0.00,0.00
2017.08.17 14:51:12.569,12.84749,12.84972,0.00,0.00
2017.08.17 14:51:12.882,12.84749,12.84962,0.00,0.00
2017.08.17 14:51:13.180,12.84748,12.85001,0.00,0.00
2017.08.17 14:51:13.231,12.84748,12.84962,0.00,0.00
2017.08.17 14:51:13.517,12.84748,12.84982,0.00,0.00
2017.08.17 14:51:13.618,12.84748,12.84972,0.00,0.00
2017.08.17 14:51:13.939,12.84748,12.84981,0.00,0.00
2017.08.17 14:51:14.110,12.84748,12.84962,0.00,0.00
2017.08.17 14:51:14.160,12.84699,12.84961,0.00,0.00
2017.08.17 14:51:14.211,12.84699,12.84941,0.00,0.00
2017.08.17 14:51:14.531,12.84749,12.84982,0.00,0.00
2017.08.17 14:51:14.733,12.84648,12.84912,0.00,0.00
2017.08.17 14:51:14.834,12.84648,12.84891,0.00,0.00
2017.08.17 14:51:15.153,12.84722,12.84932,0.00,0.00
2017.08.17 14:51:15.259,12.84748,12.85001,0.00,0.00
2017.08.17 14:51:15.461,12.84748,12.84982,0.00,0.00
2017.08.17 14:51:15.808,12.84689,12.84912,0.00,0.00
2017.08.17 14:51:15.859,12.84648,12.84901,0.00,0.00
2017.08.17 14:51:15.959,12.84648,12.84892,0.00,0.00
2017.08.17 14:51:16.303,12.84648,12.84881,0.00,0.00
2017.08.17 14:51:16.598,12.84648,12.84912,0.00,0.00
2017.08.17 14:51:16.940,12.84648,12.84871,0.00,0.00
2017.08.17 14:51:17.426,12.84648,12.84882,0.00,0.00
2017.08.17 14:51:17.628,12.84648,12.84902,0.00,0.00
2017.08.17 14:51:17.729,12.84648,12.84881,0.00,0.00
2017.08.17 14:51:17.831,12.84648,12.84901,0.00,0.00
2017.08.17 14:51:18.033,12.84648,12.84881,0.00,0.00
2017.08.17 14:51:18.134,12.84648,12.84902,0.00,0.00
2017.08.17 14:51:18.339,12.84648,12.84882,0.00,0.00
2017.08.17 14:51:18.521,12.84648,12.84902,0.00,0.00
2017.08.17 14:51:18.922,12.84648,12.84861,0.00,0.00
2017.08.17 14:51:19.830,12.84648,12.84882,0.00,0.00
2017.08.17 14:51:20.225,12.84648,12.84862,0.00,0.00
2017.08.17 14:51:20.926,12.84648,12.84881,0.00,0.00
2017.08.17 14:51:20.985,12.84692,12.84881,0.00,0.00
2017.08.17 14:51:21.137,12.84721,12.84961,0.00,0.00
2017.08.17 14:51:21.187,12.84749,12.84972,0.00,0.00
2017.08.17 14:51:21.339,12.84698,12.84922,0.00,0.00
2017.08.17 14:51:21.440,12.84698,12.84912,0.00,0.00
2017.08.17 14:51:21.783,12.84648,12.84862,0.00,0.00
2017.08.17 14:51:21.965,12.84648,12.84872,0.00,0.00
2017.08.17 14:51:22.016,12.84748,12.84872,0.00,0.00
2017.08.17 14:51:22.168,12.84748,12.84972,0.00,0.00
2017.08.17 14:51:22.219,12.84791,12.84972,0.00,0.00
2017.08.17 14:51:22.354,12.84799,12.85021,0.00,0.00
2017.08.17 14:51:22.405,12.84822,12.85021,0.00,0.00
2017.08.17 14:51:22.456,12.84821,12.85032,0.00,0.00
2017.08.17 14:51:22.557,12.84849,12.85032,0.00,0.00
2017.08.17 14:51:22.658,12.84849,12.85052,0.00,0.00
2017.08.17 14:51:22.759,12.84798,12.85029,0.00,0.00
2017.08.17 14:51:22.860,12.84821,12.84961,0.00,0.00
2017.08.17 14:51:22.911,12.84782,12.84961,0.00,0.00
2017.08.17 14:51:23.011,12.84748,12.85012,0.00,0.00
2017.08.17 14:51:23.062,12.84748,12.84992,0.00,0.00
2017.08.17 14:51:23.385,12.84748,12.84952,0.00,0.00
2017.08.17 14:51:23.632,12.84748,12.84982,0.00,0.00
2017.08.17 14:51:24.166,12.84748,12.84952,0.00,0.00
2017.08.17 14:51:24.469,12.84748,12.84992,0.00,0.00
2017.08.17 14:51:24.647,12.84801,12.84992,0.00,0.00
2017.08.17 14:51:24.748,12.84849,12.85062,0.00,0.00
2017.08.17 14:51:24.950,12.84849,12.85072,0.00,0.00
2017.08.17 14:51:25.091,12.84849,12.85091,0.00,0.00
2017.08.17 14:51:25.192,12.84809,12.85062,0.00,0.00
2017.08.17 14:51:25.243,12.84798,12.85032,0.00,0.00
2017.08.17 14:51:25.547,12.84848,12.85022,0.00,0.00
2017.08.17 14:51:25.649,12.84848,12.85081,0.00,0.00
2017.08.17 14:51:25.824,12.84822,12.85061,0.00,0.00
2017.08.17 14:51:25.884,12.84799,12.85029,0.00,0.00
2017.08.17 14:51:25.935,12.84768,12.85012,0.00,0.00
2017.08.17 14:51:25.986,12.84748,12.85002,0.00,0.00
2017.08.17 14:51:26.087,12.84748,12.84962,0.00,0.00
2017.08.17 14:51:26.339,12.84748,12.84982,0.00,0.00
2017.08.17 14:51:26.639,12.84748,12.84972,0.00,0.00
2017.08.17 14:51:27.524,12.84748,12.84981,0.00,0.00
2017.08.17 14:51:27.575,12.84748,12.85012,0.00,0.00
2017.08.17 14:51:27.626,12.84801,12.85021,0.00,0.00
2017.08.17 14:51:27.677,12.84798,12.85021,0.00,0.00
2017.08.17 14:51:27.732,12.84849,12.85021,0.00,0.00
2017.08.17 14:51:27.783,12.84849,12.85092,0.00,0.00
2017.08.17 14:51:27.884,12.84849,12.85102,0.00,0.00
2017.08.17 14:51:27.934,12.84818,12.85061,0.00,0.00
2017.08.17 14:51:28.250,12.84849,12.85091,0.00,0.00
2017.08.17 14:51:28.972,12.84849,12.85062,0.00,0.00
2017.08.17 14:51:29.350,12.84849,12.85071,0.00,0.00
2017.08.17 14:51:29.401,12.84821,12.85011,0.00,0.00
2017.08.17 14:51:29.452,12.84749,12.85011,0.00,0.00
2017.08.17 14:51:29.553,12.84749,12.84951,0.00,0.00
2017.08.17 14:51:29.783,12.84749,12.84962,0.00,0.00
2017.08.17 14:51:30.355,12.84749,12.84972,0.00,0.00
2017.08.17 14:51:30.455,12.84749,12.84952,0.00,0.00
2017.08.17 14:51:30.710,12.84721,12.84942,0.00,0.00
2017.08.17 14:51:30.761,12.84748,12.84912,0.00,0.00
2017.08.17 14:51:30.862,12.84748,12.84961,0.00,0.00
2017.08.17 14:51:30.957,12.84748,12.84992,0.00,0.00
2017.08.17 14:51:31.226,12.84708,12.84928,0.00,0.00
2017.08.17 14:51:31.277,12.84699,12.84928,0.00,0.00
2017.08.17 14:51:31.328,12.84692,12.84912,0.00,0.00
2017.08.17 14:51:31.588,12.84648,12.84912,0.00,0.00
2017.08.17 14:51:31.659,12.84648,12.84861,0.00,0.00
2017.08.17 14:51:31.859,12.84648,12.84882,0.00,0.00
2017.08.17 14:51:31.960,12.84648,12.84862,0.00,0.00
2017.08.17 14:51:32.653,12.84648,12.84872,0.00,0.00
2017.08.17 14:51:33.468,12.84648,12.84891,0.00,0.00
2017.08.17 14:51:33.569,12.84648,12.84871,0.00,0.00
2017.08.17 14:51:33.872,12.84748,12.84952,0.00,0.00
2017.08.17 14:51:34.174,12.84748,12.84922,0.00,0.00
2017.08.17 14:51:34.400,12.84748,12.84981,0.00,0.00
2017.08.17 14:51:34.888,12.84748,12.84971,0.00,0.00
2017.08.17 14:51:35.262,12.84748,12.84952,0.00,0.00
2017.08.17 14:51:35.414,12.84748,12.84962,0.00,0.00
2017.08.17 14:51:35.515,12.84748,12.84992,0.00,0.00
2017.08.17 14:51:35.616,12.84748,12.84962,0.00,0.00
2017.08.17 14:51:36.014,12.84748,12.84982,0.00,0.00
2017.08.17 14:51:36.266,12.84748,12.84962,0.00,0.00
2017.08.17 14:51:36.317,12.84748,12.84982,0.00,0.00
2017.08.17 14:51:36.373,12.84748,12.84962,0.00,0.00
2017.08.17 14:51:36.475,12.84748,12.84982,0.00,0.00
2017.08.17 14:51:36.525,12.84792,12.84982,0.00,0.00
2017.08.17 14:51:36.576,12.84781,12.84991,0.00,0.00
2017.08.17 14:51:36.677,12.84802,12.85002,0.00,0.00
2017.08.17 14:51:36.879,12.84848,12.85052,0.00,0.00
2017.08.17 14:51:36.980,12.84848,12.85042,0.00,0.00
2017.08.17 14:51:37.282,12.84848,12.85012,0.00,0.00
2017.08.17 14:51:37.383,12.84848,12.85061,0.00,0.00
2017.08.17 14:51:37.683,12.84848,12.85031,0.00,0.00
2017.08.17 14:51:37.784,12.84848,12.85051,0.00,0.00
2017.08.17 14:51:37.885,12.84848,12.85062,0.00,0.00
2017.08.17 14:51:38.378,12.84848,12.85032,0.00,0.00
2017.08.17 14:51:38.678,12.84848,12.85051,0.00,0.00
2017.08.17 14:51:38.893,12.84848,12.85072,0.00,0.00
2017.08.17 14:51:40.283,12.84848,12.85061,0.00,0.00
2017.08.17 14:51:40.605,12.84948,12.85161,0.00,0.00
2017.08.17 14:51:41.102,12.84948,12.85132,0.00,0.00
2017.08.17 14:51:41.354,12.84848,12.85112,0.00,0.00
2017.08.17 14:51:41.506,12.84848,12.85032,0.00,0.00
2017.08.17 14:51:41.708,12.84848,12.85041,0.00,0.00
2017.08.17 14:51:41.809,12.84848,12.85072,0.00,0.00
2017.08.17 14:51:42.133,12.84949,12.85072,0.00,0.00
2017.08.17 14:51:42.234,12.84868,12.85112,0.00,0.00
2017.08.17 14:51:42.383,12.84948,12.85129,0.00,0.00
2017.08.17 14:51:42.535,12.84869,12.85112,0.00,0.00
2017.08.17 14:51:42.636,12.84849,12.85112,0.00,0.00
2017.08.17 14:51:42.686,12.84848,12.85052,0.00,0.00
2017.08.17 14:51:43.503,12.84848,12.85042,0.00,0.00
2017.08.17 14:51:43.728,12.84848,12.85072,0.00,0.00
2017.08.17 14:51:43.830,12.84848,12.85052,0.00,0.00
2017.08.17 14:51:44.189,12.84848,12.85081,0.00,0.00
2017.08.17 14:51:44.420,12.84848,12.85051,0.00,0.00
2017.08.17 14:51:44.521,12.84848,12.85082,0.00,0.00
2017.08.17 14:51:44.723,12.84848,12.85071,0.00,0.00
2017.08.17 14:51:44.791,12.84848,12.85092,0.00,0.00
2017.08.17 14:51:44.993,12.84848,12.85062,0.00,0.00
2017.08.17 14:51:45.399,12.84848,12.85052,0.00,0.00
2017.08.17 14:51:45.828,12.84848,12.85042,0.00,0.00
2017.08.17 14:51:45.929,12.84848,12.85082,0.00,0.00
2017.08.17 14:51:46.035,12.84848,12.85092,0.00,0.00
2017.08.17 14:51:46.694,12.84848,12.85082,0.00,0.00
2017.08.17 14:51:48.624,12.84848,12.85051,0.00,0.00
2017.08.17 14:51:48.799,12.84848,12.85082,0.00,0.00
2017.08.17 14:51:49.142,12.84848,12.85072,0.00,0.00
2017.08.17 14:51:49.200,12.84848,12.85081,0.00,0.00
2017.08.17 14:51:49.803,12.84848,12.85052,0.00,0.00
2017.08.17 14:51:50.306,12.84848,12.85081,0.00,0.00
2017.08.17 14:51:50.704,12.84848,12.85061,0.00,0.00
2017.08.17 14:51:51.053,12.84848,12.85052,0.00,0.00
2017.08.17 14:51:51.385,12.84848,12.85032,0.00,0.00
2017.08.17 14:51:51.756,12.84848,12.85071,0.00,0.00
2017.08.17 14:51:51.857,12.84848,12.85042,0.00,0.00
2017.08.17 14:51:52.013,12.84848,12.85071,0.00,0.00
2017.08.17 14:51:52.212,12.84848,12.85041,0.00,0.00
2017.08.17 14:51:52.526,12.84848,12.85031,0.00,0.00
2017.08.17 14:51:52.683,12.84821,12.85031,0.00,0.00
2017.08.17 14:51:52.734,12.84798,12.85002,0.00,0.00
2017.08.17 14:51:52.784,12.84749,12.85002,0.00,0.00
2017.08.17 14:51:52.835,12.84749,12.84952,0.00,0.00
2017.08.17 14:51:52.936,12.84698,12.84932,0.00,0.00
2017.08.17 14:51:53.037,12.84743,12.84932,0.00,0.00
2017.08.17 14:51:53.138,12.84743,12.84971,0.00,0.00
2017.08.17 14:51:53.329,12.84743,12.84982,0.00,0.00
2017.08.17 14:51:53.430,12.84743,12.84952,0.00,0.00
2017.08.17 14:51:53.781,12.84743,12.84941,0.00,0.00
2017.08.17 14:51:53.831,12.84743,12.84951,0.00,0.00
2017.08.17 14:51:53.919,12.84743,12.84972,0.00,0.00
2017.08.17 14:51:54.420,12.84743,12.84992,0.00,0.00
2017.08.17 14:51:55.122,12.84748,12.84962,0.00,0.00
2017.08.17 14:51:56.326,12.84748,12.84972,0.00,0.00
2017.08.17 14:51:56.627,12.84748,12.84981,0.00,0.00
2017.08.17 14:51:57.636,12.84748,12.84951,0.00,0.00
2017.08.17 14:51:58.367,12.84748,12.84972,0.00,0.00
2017.08.17 14:51:58.468,12.84748,12.84992,0.00,0.00
2017.08.17 14:51:58.645,12.84748,12.84962,0.00,0.00
2017.08.17 14:51:58.984,12.84748,12.85002,0.00,0.00
2017.08.17 14:51:59.038,12.84801,12.85032,0.00,0.00
2017.08.17 14:51:59.088,12.84799,12.85032,0.00,0.00
2017.08.17 14:51:59.139,12.84848,12.85071,0.00,0.00
2017.08.17 14:51:59.665,12.84848,12.85082,0.00,0.00
2017.08.17 14:52:00.037,12.84848,12.85042,0.00,0.00
2017.08.17 14:52:00.355,12.84848,12.85072,0.00,0.00
2017.08.17 14:52:00.456,12.84848,12.85081,0.00,0.00
2017.08.17 14:52:01.088,12.84848,12.85082,0.00,0.00
2017.08.17 14:52:01.647,12.84848,12.85072,0.00,0.00
2017.08.17 14:52:01.972,12.84798,12.85051,0.00,0.00
2017.08.17 14:52:02.023,12.84798,12.85029,0.00,0.00
2017.08.17 14:52:02.229,12.84748,12.84981,0.00,0.00
2017.08.17 14:52:02.491,12.84748,12.84992,0.00,0.00
2017.08.17 14:52:02.543,12.84748,12.85002,0.00,0.00
2017.08.17 14:52:02.871,12.84748,12.84971,0.00,0.00
2017.08.17 14:52:03.176,12.84821,12.85062,0.00,0.00
2017.08.17 14:52:03.246,12.84848,12.85062,0.00,0.00
2017.08.17 14:52:03.345,12.84848,12.85081,0.00,0.00
2017.08.17 14:52:03.446,12.84848,12.85052,0.00,0.00
2017.08.17 14:52:03.547,12.84848,12.85092,0.00,0.00
2017.08.17 14:52:03.946,12.84848,12.85072,0.00,0.00
2017.08.17 14:52:04.047,12.84848,12.85091,0.00,0.00
2017.08.17 14:52:04.467,12.84809,12.85012,0.00,0.00
2017.08.17 14:52:04.568,12.84761,12.84971,0.00,0.00
2017.08.17 14:52:04.973,12.84761,12.85012,0.00,0.00
2017.08.17 14:52:05.152,12.84748,12.85012,0.00,0.00
2017.08.17 14:52:05.251,12.84748,12.84982,0.00,0.00
2017.08.17 14:52:05.576,12.84748,12.84972,0.00,0.00
2017.08.17 14:52:05.786,12.84748,12.85001,0.00,0.00
2017.08.17 14:52:06.121,12.84801,12.85001,0.00,0.00
2017.08.17 14:52:06.172,12.84821,12.85061,0.00,0.00
2017.08.17 14:52:06.223,12.84848,12.85072,0.00,0.00
2017.08.17 14:52:06.274,12.84848,12.85081,0.00,0.00
2017.08.17 14:52:06.375,12.84819,12.85011,0.00,0.00
2017.08.17 14:52:06.588,12.84849,12.85051,0.00,0.00
2017.08.17 14:52:06.691,12.84849,12.85082,0.00,0.00
2017.08.17 14:52:06.792,12.84849,12.85092,0.00,0.00
2017.08.17 14:52:06.956,12.84849,12.85098,0.00,0.00
2017.08.17 14:52:07.157,12.84849,12.85072,0.00,0.00
2017.08.17 14:52:07.258,12.84849,12.85098,0.00,0.00
2017.08.17 14:52:07.785,12.84849,12.85062,0.00,0.00
2017.08.17 14:52:08.163,12.84849,12.85082,0.00,0.00
2017.08.17 14:52:08.214,12.84902,12.85082,0.00,0.00
2017.08.17 14:52:08.264,12.84922,12.85162,0.00,0.00
2017.08.17 14:52:08.315,12.84949,12.85169,0.00,0.00
2017.08.17 14:52:08.705,12.84949,12.85151,0.00,0.00
2017.08.17 14:52:09.169,12.84949,12.85161,0.00,0.00
2017.08.17 14:52:09.270,12.84949,12.85132,0.00,0.00
2017.08.17 14:52:09.606,12.84949,12.85172,0.00,0.00
2017.08.17 14:52:09.707,12.84949,12.85152,0.00,0.00
2017.08.17 14:52:10.080,12.84949,12.85131,0.00,0.00
2017.08.17 14:52:10.454,12.84949,12.85121,0.00,0.00
2017.08.17 14:52:10.567,12.84949,12.85132,0.00,0.00
2017.08.17 14:52:10.931,12.84899,12.85119,0.00,0.00
2017.08.17 14:52:10.982,12.84899,12.85081,0.00,0.00
2017.08.17 14:52:11.032,12.84881,12.85081,0.00,0.00
2017.08.17 14:52:11.083,12.84881,12.85072,0.00,0.00
2017.08.17 14:52:11.295,12.84881,12.85082,0.00,0.00
2017.08.17 14:52:11.396,12.84849,12.85082,0.00,0.00
2017.08.17 14:52:12.212,12.84849,12.85062,0.00,0.00
2017.08.17 14:52:12.271,12.84849,12.85102,0.00,0.00
2017.08.17 14:52:12.471,12.84849,12.85081,0.00,0.00
2017.08.17 14:52:12.882,12.84861,12.85081,0.00,0.00
2017.08.17 14:52:12.983,12.84921,12.85161,0.00,0.00
2017.08.17 14:52:13.084,12.84949,12.85161,0.00,0.00
2017.08.17 14:52:13.185,12.84891,12.85112,0.00,0.00
2017.08.17 14:52:13.286,12.84891,12.85081,0.00,0.00
2017.08.17 14:52:13.586,12.84848,12.85081,0.00,0.00
2017.08.17 14:52:13.687,12.84848,12.85052,0.00,0.00
2017.08.17 14:52:15.112,12.84848,12.85081,0.00,0.00
2017.08.17 14:52:15.514,12.84848,12.85071,0.00,0.00
2017.08.17 14:52:16.332,12.84848,12.85072,0.00,0.00
2017.08.17 14:52:16.781,12.84848,12.85082,0.00,0.00
2017.08.17 14:52:17.874,12.84798,12.85012,0.00,0.00
2017.08.17 14:52:17.925,12.84791,12.85012,0.00,0.00
2017.08.17 14:52:17.976,12.84849,12.85019,0.00,0.00
2017.08.17 14:52:18.736,12.84849,12.85052,0.00,0.00
2017.08.17 14:52:18.787,12.84849,12.85042,0.00,0.00
2017.08.17 14:52:19.027,12.84849,12.85081,0.00,0.00
2017.08.17 14:52:19.078,12.84901,12.85081,0.00,0.00
2017.08.17 14:52:19.187,12.84901,12.85092,0.00,0.00
2017.08.17 14:52:19.238,12.84948,12.85092,0.00,0.00
2017.08.17 14:52:19.289,12.84948,12.85118,0.00,0.00
2017.08.17 14:52:19.444,12.84948,12.85182,0.00,0.00
2017.08.17 14:52:19.731,12.84948,12.85171,0.00,0.00
2017.08.17 14:52:20.290,12.84948,12.85161,0.00,0.00
2017.08.17 14:52:20.341,12.84948,12.85181,0.00,0.00
2017.08.17 14:52:20.614,12.84948,12.85162,0.00,0.00
2017.08.17 14:52:20.951,12.84948,12.85151,0.00,0.00
2017.08.17 14:52:21.337,12.84948,12.85172,0.00,0.00
2017.08.17 14:52:21.593,12.84948,12.85142,0.00,0.00
2017.08.17 14:52:22.233,12.84948,12.85151,0.00,0.00
2017.08.17 14:52:22.334,12.84889,12.85112,0.00,0.00
2017.08.17 14:52:22.434,12.84882,12.85112,0.00,0.00
2017.08.17 14:52:22.535,12.84882,12.85072,0.00,0.00
2017.08.17 14:52:22.737,12.84881,12.85082,0.00,0.00
2017.08.17 14:52:22.850,12.84881,12.85071,0.00,0.00
2017.08.17 14:52:23.002,12.84882,12.85101,0.00,0.00
2017.08.17 14:52:23.103,12.84882,12.85081,0.00,0.00
2017.08.17 14:52:23.237,12.84882,12.85102,0.00,0.00
2017.08.17 14:52:23.745,12.84882,12.85101,0.00,0.00
2017.08.17 14:52:23.900,12.84881,12.85081,0.00,0.00
2017.08.17 14:52:24.303,12.84848,12.85062,0.00,0.00
2017.08.17 14:52:24.404,12.84848,12.85051,0.00,0.00
2017.08.17 14:52:24.633,12.84848,12.85092,0.00,0.00
2017.08.17 14:52:24.735,12.84848,12.85081,0.00,0.00
2017.08.17 14:52:24.803,12.84848,12.85101,0.00,0.00
2017.08.17 14:52:25.205,12.84848,12.85082,0.00,0.00
2017.08.17 14:52:25.573,12.84848,12.85061,0.00,0.00
2017.08.17 14:52:25.705,12.84848,12.85091,0.00,0.00
2017.08.17 14:52:26.054,12.84848,12.85082,0.00,0.00
2017.08.17 14:52:27.234,12.84848,12.85071,0.00,0.00
2017.08.17 14:52:27.536,12.84848,12.85062,0.00,0.00
2017.08.17 14:52:27.870,12.84859,12.85061,0.00,0.00
2017.08.17 14:52:28.008,12.84859,12.85071,0.00,0.00
2017.08.17 14:52:28.543,12.84859,12.85051,0.00,0.00
2017.08.17 14:52:29.023,12.84859,12.85092,0.00,0.00
2017.08.17 14:52:29.453,12.84859,12.85061,0.00,0.00
2017.08.17 14:52:29.554,12.84859,12.85091,0.00,0.00
2017.08.17 14:52:30.012,12.84859,12.85082,0.00,0.00
2017.08.17 14:52:30.315,12.85148,12.85301,0.00,0.00
2017.08.17 14:52:30.416,12.85148,12.85369,0.00,0.00
2017.08.17 14:52:30.829,12.85148,12.85342,0.00,0.00
2017.08.17 14:52:31.016,12.85148,12.85362,0.00,0.00
2017.08.17 14:52:31.716,12.85148,12.85352,0.00,0.00
2017.08.17 14:52:31.915,12.85068,12.85312,0.00,0.00
2017.08.17 14:52:31.965,12.85078,12.85312,0.00,0.00
2017.08.17 14:52:32.268,12.85048,12.85241,0.00,0.00
2017.08.17 14:52:32.453,12.85048,12.85261,0.00,0.00
2017.08.17 14:52:33.021,12.85048,12.85231,0.00,0.00
2017.08.17 14:52:33.622,12.85048,12.85241,0.00,0.00
2017.08.17 14:52:33.723,12.85048,12.85261,0.00,0.00
2017.08.17 14:52:33.921,12.85048,12.85252,0.00,0.00
2017.08.17 14:52:34.325,12.85048,12.85261,0.00,0.00
2017.08.17 14:52:34.442,12.85048,12.85232,0.00,0.00
2017.08.17 14:52:34.722,12.85048,12.85262,0.00,0.00
2017.08.17 14:52:35.551,12.85048,12.85232,0.00,0.00
2017.08.17 14:52:35.772,12.85048,12.85261,0.00,0.00
2017.08.17 14:52:36.124,12.85048,12.85252,0.00,0.00
2017.08.17 14:52:36.625,12.85048,12.85272,0.00,0.00
2017.08.17 14:52:37.860,12.85149,12.85272,0.00,0.00
2017.08.17 14:52:38.064,12.85149,12.85362,0.00,0.00
2017.08.17 14:52:38.165,12.85099,12.85338,0.00,0.00
2017.08.17 14:52:38.266,12.85049,12.85311,0.00,0.00
2017.08.17 14:52:38.329,12.85049,12.85251,0.00,0.00
2017.08.17 14:52:38.759,12.85049,12.85242,0.00,0.00
2017.08.17 14:52:39.061,12.85049,12.85262,0.00,0.00
2017.08.17 14:52:39.162,12.85031,12.85262,0.00,0.00
2017.08.17 14:52:39.213,12.84998,12.85239,0.00,0.00
2017.08.17 14:52:39.263,12.84998,12.85232,0.00,0.00
2017.08.17 14:52:39.314,12.84948,12.85199,0.00,0.00
2017.08.17 14:52:39.455,12.84948,12.85162,0.00,0.00
2017.08.17 14:52:39.757,12.84948,12.85151,0.00,0.00
2017.08.17 14:52:39.858,12.84948,12.85171,0.00,0.00
2017.08.17 14:52:39.959,12.84948,12.85151,0.00,0.00
2017.08.17 14:52:40.171,12.84948,12.85172,0.00,0.00
2017.08.17 14:52:40.272,12.84948,12.85199,0.00,0.00
2017.08.17 14:52:40.434,12.84948,12.85172,0.00,0.00
2017.08.17 14:52:40.535,12.84948,12.85181,0.00,0.00
2017.08.17 14:52:40.634,12.84948,12.85199,0.00,0.00
2017.08.17 14:52:41.035,12.84948,12.85172,0.00,0.00
2017.08.17 14:52:41.337,12.85148,12.85268,0.00,0.00
2017.08.17 14:52:41.539,12.85148,12.85391,0.00,0.00
2017.08.17 14:52:41.847,12.85148,12.85362,0.00,0.00
2017.08.17 14:52:42.029,12.85131,12.85362,0.00,0.00
2017.08.17 14:52:42.080,12.85098,12.85339,0.00,0.00
2017.08.17 14:52:42.181,12.85059,12.85312,0.00,0.00
2017.08.17 14:52:42.282,12.85048,12.85272,0.00,0.00
2017.08.17 14:52:42.483,12.85048,12.85281,0.00,0.00
2017.08.17 14:52:42.584,12.85048,12.85271,0.00,0.00
2017.08.17 14:52:42.933,12.85032,12.85261,0.00,0.00
2017.08.17 14:52:42.984,12.85019,12.85211,0.00,0.00
2017.08.17 14:52:43.085,12.84949,12.85181,0.00,0.00
2017.08.17 14:52:43.675,12.84949,12.85201,0.00,0.00
2017.08.17 14:52:43.776,12.84949,12.85172,0.00,0.00
2017.08.17 14:52:44.140,12.84949,12.85202,0.00,0.00
2017.08.17 14:52:44.463,12.84949,12.85171,0.00,0.00
2017.08.17 14:52:44.766,12.84949,12.85202,0.00,0.00
2017.08.17 14:52:45.030,12.84949,12.85182,0.00,0.00
2017.08.17 14:52:45.243,12.84949,12.85202,0.00,0.00
2017.08.17 14:52:45.445,12.84949,12.85192,0.00,0.00
2017.08.17 14:52:45.844,12.84949,12.85202,0.00,0.00
2017.08.17 14:52:46.127,12.84949,12.85192,0.00,0.00
2017.08.17 14:52:46.178,12.84949,12.85211,0.00,0.00
2017.08.17 14:52:46.380,12.84949,12.85171,0.00,0.00
2017.08.17 14:52:47.328,12.85058,12.85171,0.00,0.00
2017.08.17 14:52:47.378,12.85058,12.85312,0.00,0.00
2017.08.17 14:52:47.688,12.85102,12.85311,0.00,0.00
2017.08.17 14:52:48.090,12.85101,12.85292,0.00,0.00
2017.08.17 14:52:48.291,12.85008,12.85218,0.00,0.00
2017.08.17 14:52:48.351,12.85001,12.85202,0.00,0.00
2017.08.17 14:52:48.886,12.85001,12.85182,0.00,0.00
2017.08.17 14:52:49.456,12.85001,12.85211,0.00,0.00
2017.08.17 14:52:49.610,12.84988,12.85211,0.00,0.00
2017.08.17 14:52:49.908,12.85001,12.85212,0.00,0.00
2017.08.17 14:52:50.269,12.84988,12.85212,0.00,0.00
2017.08.17 14:52:50.334,12.85002,12.85212,0.00,0.00
2017.08.17 14:52:50.485,12.85001,12.85218,0.00,0.00
2017.08.17 14:52:51.028,12.85002,12.85118,0.00,0.00
2017.08.17 14:52:51.079,12.84919,12.85118,0.00,0.00
2017.08.17 14:52:51.180,12.84901,12.85101,0.00,0.00
2017.08.17 14:52:51.294,12.84902,12.85112,0.00,0.00
2017.08.17 14:52:51.395,12.84998,12.85118,0.00,0.00
2017.08.17 14:52:51.496,12.84938,12.85118,0.00,0.00
2017.08.17 14:52:51.648,12.84928,12.85118,0.00,0.00
2017.08.17 14:52:51.749,12.84901,12.85092,0.00,0.00
2017.08.17 14:52:51.991,12.84902,12.85101,0.00,0.00
2017.08.17 14:52:52.360,12.84951,12.85142,0.00,0.00
2017.08.17 14:52:52.411,12.84939,12.85142,0.00,0.00
2017.08.17 14:52:52.462,12.84901,12.85168,0.00,0.00
2017.08.17 14:52:52.563,12.84921,12.85101,0.00,0.00
2017.08.17 14:52:52.912,12.84989,12.85168,0.00,0.00
2017.08.17 14:52:53.258,12.85101,12.85201,0.00,0.00
2017.08.17 14:52:53.311,12.85101,12.85269,0.00,0.00
2017.08.17 14:52:54.028,12.85039,12.85269,0.00,0.00
2017.08.17 14:52:54.079,12.85101,12.85269,0.00,0.00
2017.08.17 14:52:54.279,12.85088,12.85269,0.00,0.00
2017.08.17 14:52:54.490,12.85088,12.85301,0.00,0.00
2017.08.17 14:52:54.865,12.85088,12.85291,0.00,0.00
2017.08.17 14:52:55.221,12.85088,12.85312,0.00,0.00
2017.08.17 14:52:55.528,12.85038,12.85258,0.00,0.00
2017.08.17 14:52:55.835,12.84989,12.85181,0.00,0.00
2017.08.17 14:52:55.885,12.84989,12.85212,0.00,0.00
2017.08.17 14:52:56.230,12.84989,12.85192,0.00,0.00
2017.08.17 14:52:56.695,12.84989,12.85171,0.00,0.00
2017.08.17 14:52:56.771,12.84989,12.85198,0.00,0.00
2017.08.17 14:52:57.231,12.84989,12.85192,0.00,0.00
2017.08.17 14:52:57.502,12.84951,12.85169,0.00,0.00
2017.08.17 14:52:57.553,12.84938,12.85169,0.00,0.00
2017.08.17 14:52:57.653,12.84902,12.85168,0.00,0.00
2017.08.17 14:52:57.704,12.84902,12.85092,0.00,0.00
2017.08.17 14:52:58.100,12.84902,12.85102,0.00,0.00
2017.08.17 14:52:58.256,12.84902,12.85092,0.00,0.00
2017.08.17 14:52:58.609,12.84839,12.85069,0.00,0.00
2017.08.17 14:52:58.710,12.84802,12.85061,0.00,0.00
2017.08.17 14:52:58.761,12.84798,12.85061,0.00,0.00
2017.08.17 14:52:58.811,12.84789,12.84991,0.00,0.00
2017.08.17 14:52:59.801,12.84789,12.85022,0.00,0.00
2017.08.17 14:53:00.282,12.84789,12.84992,0.00,0.00
2017.08.17 14:53:00.383,12.84789,12.85021,0.00,0.00
2017.08.17 14:53:00.484,12.84789,12.84991,0.00,0.00
2017.08.17 14:53:00.921,12.84789,12.85011,0.00,0.00
2017.08.17 14:53:01.022,12.84789,12.85002,0.00,0.00
2017.08.17 14:53:01.123,12.84789,12.85012,0.00,0.00
2017.08.17 14:53:01.224,12.84789,12.85031,0.00,0.00
2017.08.17 14:53:01.683,12.84789,12.85022,0.00,0.00
2017.08.17 14:53:02.026,12.84789,12.85002,0.00,0.00
2017.08.17 14:53:02.204,12.84789,12.85031,0.00,0.00
2017.08.17 14:53:02.417,12.84789,12.85002,0.00,0.00
2017.08.17 14:53:02.485,12.84789,12.85022,0.00,0.00
2017.08.17 14:53:02.724,12.84789,12.85001,0.00,0.00
2017.08.17 14:53:02.825,12.84789,12.85021,0.00,0.00
2017.08.17 14:53:02.886,12.84789,12.85031,0.00,0.00
2017.08.17 14:53:02.987,12.84871,12.85031,0.00,0.00
2017.08.17 14:53:03.037,12.84838,12.85031,0.00,0.00
2017.08.17 14:53:03.088,12.84828,12.85061,0.00,0.00
2017.08.17 14:53:03.359,12.84802,12.85002,0.00,0.00
2017.08.17 14:53:03.874,12.84801,12.85002,0.00,0.00
2017.08.17 14:53:04.026,12.84801,12.85012,0.00,0.00
2017.08.17 14:53:04.077,12.84838,12.85012,0.00,0.00
2017.08.17 14:53:04.326,12.84921,12.85098,0.00,0.00
2017.08.17 14:53:04.540,12.84941,12.85132,0.00,0.00
2017.08.17 14:53:04.591,12.84991,12.85091,0.00,0.00
2017.08.17 14:53:04.692,12.85021,12.85201,0.00,0.00
2017.08.17 14:53:04.742,12.85022,12.85198,0.00,0.00
2017.08.17 14:53:05.054,12.84938,12.85169,0.00,0.00
2017.08.17 14:53:05.206,12.84921,12.85091,0.00,0.00
2017.08.17 14:53:05.418,12.84921,12.85121,0.00,0.00
2017.08.17 14:53:05.520,12.84921,12.85091,0.00,0.00
2017.08.17 14:53:05.621,12.84921,12.85111,0.00,0.00
2017.08.17 14:53:05.721,12.84921,12.85092,0.00,0.00
2017.08.17 14:53:05.823,12.84921,12.85121,0.00,0.00
2017.08.17 14:53:05.874,12.84949,12.85121,0.00,0.00
2017.08.17 14:53:05.974,12.84921,12.85121,0.00,0.00
2017.08.17 14:53:06.025,12.84923,12.85162,0.00,0.00
2017.08.17 14:53:06.126,12.84921,12.85162,0.00,0.00
2017.08.17 14:53:06.227,12.84921,12.85102,0.00,0.00
2017.08.17 14:53:06.578,12.84838,12.85069,0.00,0.00
2017.08.17 14:53:06.629,12.84838,12.85041,0.00,0.00
2017.08.17 14:53:06.679,12.84822,12.85041,0.00,0.00
2017.08.17 14:53:06.730,12.84821,12.85001,0.00,0.00
2017.08.17 14:53:06.932,12.84847,12.85068,0.00,0.00
2017.08.17 14:53:07.253,12.84884,12.85069,0.00,0.00
2017.08.17 14:53:07.304,12.84884,12.85079,0.00,0.00
2017.08.17 14:53:07.405,12.84821,12.85062,0.00,0.00
2017.08.17 14:53:07.564,12.84821,12.85022,0.00,0.00
2017.08.17 14:53:07.700,12.84821,12.85032,0.00,0.00
2017.08.17 14:53:08.123,12.84821,12.85052,0.00,0.00
2017.08.17 14:53:08.342,12.84821,12.85062,0.00,0.00
2017.08.17 14:53:08.393,12.84916,12.85062,0.00,0.00
2017.08.17 14:53:08.545,12.84917,12.85099,0.00,0.00
2017.08.17 14:53:08.664,12.84917,12.85122,0.00,0.00
2017.08.17 14:53:08.943,12.84917,12.85132,0.00,0.00
2017.08.17 14:53:09.349,12.84938,12.85132,0.00,0.00
2017.08.17 14:53:09.731,12.85016,12.85222,0.00,0.00
2017.08.17 14:53:09.782,12.84948,12.85169,0.00,0.00
2017.08.17 14:53:09.833,12.84921,12.85111,0.00,0.00
2017.08.17 14:53:10.109,12.84921,12.85121,0.00,0.00
2017.08.17 14:53:10.210,12.84921,12.85142,0.00,0.00
2017.08.17 14:53:10.409,12.84921,12.85132,0.00,0.00
2017.08.17 14:53:11.991,12.84922,12.85098,0.00,0.00
2017.08.17 14:53:12.364,12.84901,12.85079,0.00,0.00
2017.08.17 14:53:12.415,12.84852,12.85068,0.00,0.00
2017.08.17 14:53:12.575,12.84888,12.85068,0.00,0.00
2017.08.17 14:53:13.319,12.84888,12.85069,0.00,0.00
2017.08.17 14:53:13.632,12.84921,12.85079,0.00,0.00
2017.08.17 14:53:13.684,12.84921,12.85102,0.00,0.00
2017.08.17 14:53:13.836,12.84849,12.85069,0.00,0.00
2017.08.17 14:53:13.937,12.84849,12.85062,0.00,0.00
2017.08.17 14:53:14.214,12.84849,12.85069,0.00,0.00
2017.08.17 14:53:14.468,12.84821,12.85069,0.00,0.00
2017.08.17 14:53:14.757,12.84822,12.85071,0.00,0.00
2017.08.17 14:53:14.807,12.84922,12.85071,0.00,0.00
2017.08.17 14:53:14.959,12.84859,12.85068,0.00,0.00
2017.08.17 14:53:15.060,12.84821,12.85051,0.00,0.00
2017.08.17 14:53:15.161,12.84821,12.85041,0.00,0.00
2017.08.17 14:53:15.262,12.84821,12.85062,0.00,0.00
2017.08.17 14:53:15.320,12.84821,12.85042,0.00,0.00
2017.08.17 14:53:15.956,12.84821,12.85022,0.00,0.00
2017.08.17 14:53:16.956,12.84921,12.85022,0.00,0.00
2017.08.17 14:53:17.058,12.84921,12.85071,0.00,0.00
2017.08.17 14:53:17.109,12.84922,12.85122,0.00,0.00
2017.08.17 14:53:17.212,12.84972,12.85122,0.00,0.00
2017.08.17 14:53:17.263,12.84922,12.85148,0.00,0.00
2017.08.17 14:53:17.314,12.84922,12.85122,0.00,0.00
2017.08.17 14:53:17.669,12.84921,12.85102,0.00,0.00
2017.08.17 14:53:18.196,12.84922,12.85102,0.00,0.00
2017.08.17 14:53:18.546,12.84859,12.85069,0.00,0.00
2017.08.17 14:53:18.597,12.84859,12.85072,0.00,0.00
2017.08.17 14:53:18.647,12.84871,12.85072,0.00,0.00
2017.08.17 14:53:18.698,12.84871,12.85079,0.00,0.00
2017.08.17 14:53:18.749,12.84872,12.85081,0.00,0.00
2017.08.17 14:53:18.799,12.84922,12.85081,0.00,0.00
2017.08.17 14:53:18.850,12.84922,12.85121,0.00,0.00
2017.08.17 14:53:18.901,12.84872,12.85068,0.00,0.00
2017.08.17 14:53:18.952,12.84871,12.85079,0.00,0.00
2017.08.17 14:53:19.170,12.84922,12.85101,0.00,0.00
2017.08.17 14:53:19.372,12.84921,12.85111,0.00,0.00
2017.08.17 14:53:19.740,12.84859,12.85102,0.00,0.00
2017.08.17 14:53:19.791,12.84922,12.85102,0.00,0.00
2017.08.17 14:53:20.113,12.84922,12.85091,0.00,0.00
2017.08.17 14:53:20.273,12.84922,12.85121,0.00,0.00
2017.08.17 14:53:20.474,12.84921,12.85101,0.00,0.00
2017.08.17 14:53:21.039,12.84921,12.85091,0.00,0.00
2017.08.17 14:53:21.140,12.84921,12.85121,0.00,0.00
2017.08.17 14:53:21.534,12.84922,12.85102,0.00,0.00
2017.08.17 14:53:21.836,12.84922,12.85091,0.00,0.00
2017.08.17 14:53:22.264,12.84922,12.85082,0.00,0.00
2017.08.17 14:53:22.471,12.84921,12.85092,0.00,0.00
2017.08.17 14:53:22.673,12.84921,12.85112,0.00,0.00
2017.08.17 14:53:23.063,12.84922,12.85081,0.00,0.00
2017.08.17 14:53:23.338,12.84921,12.85101,0.00,0.00
2017.08.17 14:53:23.439,12.84921,12.85121,0.00,0.00
2017.08.17 14:53:23.941,12.84922,12.85121,0.00,0.00
2017.08.17 14:53:24.460,12.84921,12.85121,0.00,0.00
2017.08.17 14:53:24.561,12.84921,12.85092,0.00,0.00
2017.08.17 14:53:24.816,12.84838,12.85072,0.00,0.00
2017.08.17 14:53:24.867,12.84668,12.84922,0.00,0.00
2017.08.17 14:53:24.942,12.84661,12.84902,0.00,0.00
2017.08.17 14:53:25.250,12.84722,12.84901,0.00,0.00
2017.08.17 14:53:25.364,12.84722,12.84922,0.00,0.00
2017.08.17 14:53:25.654,12.84721,12.84901,0.00,0.00
2017.08.17 14:53:25.875,12.84721,12.84922,0.00,0.00
2017.08.17 14:53:26.143,12.84721,12.84912,0.00,0.00
2017.08.17 14:53:26.244,12.84721,12.84932,0.00,0.00
2017.08.17 14:53:26.295,12.84822,12.84932,0.00,0.00
2017.08.17 14:53:26.453,12.84821,12.85011,0.00,0.00
2017.08.17 14:53:26.655,12.84822,12.85021,0.00,0.00
2017.08.17 14:53:26.858,12.84822,12.84998,0.00,0.00
2017.08.17 14:53:27.160,12.84821,12.85011,0.00,0.00
2017.08.17 14:53:27.795,12.84822,12.84991,0.00,0.00
2017.08.17 14:53:28.352,12.84821,12.84991,0.00,0.00
2017.08.17 14:53:28.453,12.84821,12.85021,0.00,0.00
2017.08.17 14:53:28.605,12.84821,12.84999,0.00,0.00
2017.08.17 14:53:29.011,12.84821,12.84991,0.00,0.00
2017.08.17 14:53:29.062,12.84821,12.85021,0.00,0.00
2017.08.17 14:53:29.171,12.84759,12.84969,0.00,0.00
2017.08.17 14:53:29.222,12.84741,12.84972,0.00,0.00
2017.08.17 14:53:29.273,12.84822,12.84972,0.00,0.00
2017.08.17 14:53:29.324,12.84821,12.84982,0.00,0.00
2017.08.17 14:53:29.522,12.84822,12.85021,0.00,0.00
2017.08.17 14:53:29.573,12.84822,12.85001,0.00,0.00
2017.08.17 14:53:30.093,12.84821,12.85021,0.00,0.00
2017.08.17 14:53:30.362,12.84822,12.85002,0.00,0.00
2017.08.17 14:53:30.743,12.84821,12.84979,0.00,0.00
2017.08.17 14:53:30.956,12.84722,12.84968,0.00,0.00
2017.08.17 14:53:31.007,12.84721,12.84961,0.00,0.00
2017.08.17 14:53:31.404,12.84722,12.84892,0.00,0.00
2017.08.17 14:53:31.665,12.84721,12.84922,0.00,0.00
2017.08.17 14:53:32.261,12.84721,12.84911,0.00,0.00
2017.08.17 14:53:32.565,12.84721,12.84892,0.00,0.00
2017.08.17 14:53:32.684,12.84721,12.84911,0.00,0.00
2017.08.17 14:53:33.528,12.84721,12.84912,0.00,0.00
2017.08.17 14:53:33.680,12.84722,12.84922,0.00,0.00
2017.08.17 14:53:34.283,12.84721,12.84912,0.00,0.00
2017.08.17 14:53:34.845,12.84721,12.84891,0.00,0.00
2017.08.17 14:53:35.367,12.84721,12.84912,0.00,0.00
2017.08.17 14:53:35.673,12.84722,12.84891,0.00,0.00
2017.08.17 14:53:35.782,12.84721,12.84921,0.00,0.00
2017.08.17 14:53:36.107,12.84721,12.84892,0.00,0.00
2017.08.17 14:53:36.259,12.84671,12.84879,0.00,0.00
2017.08.17 14:53:36.309,12.84721,12.84872,0.00,0.00
2017.08.17 14:53:36.498,12.84721,12.84932,0.00,0.00
2017.08.17 14:53:36.675,12.84721,12.84891,0.00,0.00
2017.08.17 14:53:36.971,12.84721,12.84912,0.00,0.00
2017.08.17 14:53:37.213,12.84721,12.84892,0.00,0.00
2017.08.17 14:53:37.613,12.84722,12.84922,0.00,0.00
2017.08.17 14:53:37.985,12.84721,12.84892,0.00,0.00
2017.08.17 14:53:38.187,12.84768,12.84942,0.00,0.00
2017.08.17 14:53:38.288,12.84721,12.84931,0.00,0.00
2017.08.17 14:53:38.389,12.84721,12.84912,0.00,0.00
2017.08.17 14:53:38.728,12.84821,12.84931,0.00,0.00
2017.08.17 14:53:38.779,12.84821,12.85021,0.00,0.00
2017.08.17 14:53:38.984,12.84821,12.84979,0.00,0.00
2017.08.17 14:53:39.365,12.84721,12.84931,0.00,0.00
2017.08.17 14:53:39.516,12.84721,12.84901,0.00,0.00
2017.08.17 14:53:39.704,12.84721,12.84931,0.00,0.00
2017.08.17 14:53:39.804,12.84721,12.84901,0.00,0.00
2017.08.17 14:53:40.006,12.84722,12.84931,0.00,0.00
2017.08.17 14:53:40.280,12.84721,12.84901,0.00,0.00
2017.08.17 14:53:40.832,12.84722,12.84901,0.00,0.00
2017.08.17 14:53:40.982,12.84722,12.84911,0.00,0.00
2017.08.17 14:53:41.212,12.84721,12.84899,0.00,0.00
2017.08.17 14:53:41.263,12.84721,12.84901,0.00,0.00
2017.08.17 14:53:41.313,12.84721,12.84892,0.00,0.00
2017.08.17 14:53:41.502,12.84721,12.84922,0.00,0.00
2017.08.17 14:53:42.205,12.84621,12.84869,0.00,0.00
2017.08.17 14:53:42.257,12.84622,12.84848,0.00,0.00
2017.08.17 14:53:42.559,12.84622,12.84831,0.00,0.00
2017.08.17 14:53:42.862,12.84522,12.84722,0.00,0.00
2017.08.17 14:53:43.061,12.84522,12.84731,0.00,0.00
2017.08.17 14:53:43.111,12.84521,12.84712,0.00,0.00
2017.08.17 14:53:43.588,12.84521,12.84731,0.00,0.00
2017.08.17 14:53:43.950,12.84622,12.84742,0.00,0.00
2017.08.17 14:53:44.001,12.84621,12.84782,0.00,0.00
2017.08.17 14:53:44.102,12.84622,12.84831,0.00,0.00
2017.08.17 14:53:44.203,12.84621,12.84801,0.00,0.00
2017.08.17 14:53:44.289,12.84621,12.84831,0.00,0.00
2017.08.17 14:53:44.507,12.84622,12.84822,0.00,0.00
2017.08.17 14:53:44.844,12.84621,12.84802,0.00,0.00
2017.08.17 14:53:45.192,12.84621,12.84821,0.00,0.00
2017.08.17 14:53:45.392,12.84621,12.84802,0.00,0.00
2017.08.17 14:53:45.892,12.84621,12.84821,0.00,0.00
2017.08.17 14:53:46.126,12.84621,12.84831,0.00,0.00
2017.08.17 14:53:46.622,12.84621,12.84802,0.00,0.00
2017.08.17 14:53:46.812,12.84621,12.84821,0.00,0.00
2017.08.17 14:53:47.103,12.84621,12.84811,0.00,0.00
2017.08.17 14:53:47.299,12.84522,12.84731,0.00,0.00
2017.08.17 14:53:47.540,12.84522,12.84722,0.00,0.00
2017.08.17 14:53:47.813,12.84522,12.84732,0.00,0.00
2017.08.17 14:53:47.864,12.84563,12.84741,0.00,0.00
2017.08.17 14:53:47.914,12.84563,12.84748,0.00,0.00
2017.08.17 14:53:47.965,12.84521,12.84732,0.00,0.00
2017.08.17 14:53:48.203,12.84521,12.84749,0.00,0.00
2017.08.17 14:53:48.254,12.84521,12.84721,0.00,0.00
2017.08.17 14:53:48.355,12.84521,12.84742,0.00,0.00
2017.08.17 14:53:48.456,12.84521,12.84749,0.00,0.00
2017.08.17 14:53:48.506,12.84521,12.84721,0.00,0.00
2017.08.17 14:53:49.073,12.84522,12.84721,0.00,0.00
2017.08.17 14:53:49.653,12.84622,12.84722,0.00,0.00
2017.08.17 14:53:49.754,12.84621,12.84752,0.00,0.00
2017.08.17 14:53:49.855,12.84621,12.84821,0.00,0.00
2017.08.17 14:53:50.414,12.84622,12.84821,0.00,0.00
2017.08.17 14:53:50.516,12.84621,12.84812,0.00,0.00
2017.08.17 14:53:50.719,12.84621,12.84821,0.00,0.00
2017.08.17 14:53:50.820,12.84621,12.84802,0.00,0.00
2017.08.17 14:53:50.901,12.84559,12.84802,0.00,0.00
2017.08.17 14:53:50.952,12.84622,12.84802,0.00,0.00
2017.08.17 14:53:51.009,12.84622,12.84821,0.00,0.00
2017.08.17 14:53:51.514,12.84621,12.84821,0.00,0.00
2017.08.17 14:53:53.213,12.84621,12.84812,0.00,0.00
2017.08.17 14:53:53.413,12.84621,12.84821,0.00,0.00
2017.08.17 14:53:53.714,12.84622,12.84811,0.00,0.00
2017.08.17 14:53:54.042,12.84621,12.84821,0.00,0.00
2017.08.17 14:53:54.716,12.84621,12.84801,0.00,0.00
2017.08.17 14:53:54.917,12.84621,12.84821,0.00,0.00
2017.08.17 14:53:55.635,12.84621,12.84821,0.00,0.00
2017.08.17 14:53:55.719,12.84621,12.84812,0.00,0.00
2017.08.17 14:53:56.242,12.84621,12.84812,0.00,0.00
2017.08.17 14:53:56.450,12.84621,12.84821,0.00,0.00
2017.08.17 14:53:56.877,12.84621,12.84812,0.00,0.00
2017.08.17 14:53:57.230,12.84621,12.84821,0.00,0.00
2017.08.17 14:53:57.664,12.84621,12.84811,0.00,0.00
2017.08.17 14:53:57.765,12.84621,12.84821,0.00,0.00
2017.08.17 14:53:57.925,12.84637,12.84868,0.00,0.00
2017.08.17 14:53:58.027,12.84653,12.84869,0.00,0.00
2017.08.17 14:53:58.078,12.84653,12.84879,0.00,0.00
2017.08.17 14:53:58.363,12.84653,12.84899,0.00,0.00
2017.08.17 14:53:58.628,12.84653,12.84862,0.00,0.00
2017.08.17 14:53:59.014,12.84621,12.84849,0.00,0.00
2017.08.17 14:53:59.065,12.84621,12.84822,0.00,0.00
2017.08.17 14:53:59.418,12.84621,12.84802,0.00,0.00
2017.08.17 14:53:59.846,12.84621,12.84831,0.00,0.00
2017.08.17 14:54:00.061,12.84621,12.84811,0.00,0.00
2017.08.17 14:54:00.162,12.84622,12.84832,0.00,0.00
2017.08.17 14:54:00.596,12.84621,12.84869,0.00,0.00
2017.08.17 14:54:00.733,12.84622,12.84872,0.00,0.00
2017.08.17 14:54:00.926,12.84621,12.84869,0.00,0.00
2017.08.17 14:54:01.398,12.84621,12.84811,0.00,0.00
2017.08.17 14:54:01.667,12.84622,12.84832,0.00,0.00
2017.08.17 14:54:01.902,12.84621,12.84812,0.00,0.00
2017.08.17 14:54:01.953,12.84721,12.84931,0.00,0.00
2017.08.17 14:54:02.256,12.84721,12.84892,0.00,0.00
2017.08.17 14:54:02.488,12.84721,12.84902,0.00,0.00
2017.08.17 14:54:02.539,12.84732,12.84902,0.00,0.00
2017.08.17 14:54:02.590,12.84732,12.84941,0.00,0.00
2017.08.17 14:54:02.691,12.84731,12.84969,0.00,0.00
2017.08.17 14:54:02.845,12.84731,12.84951,0.00,0.00
2017.08.17 14:54:02.946,12.84731,12.84969,0.00,0.00
2017.08.17 14:54:03.092,12.84731,12.84932,0.00,0.00
2017.08.17 14:54:03.143,12.84721,12.84932,0.00,0.00
2017.08.17 14:54:03.294,12.84721,12.84911,0.00,0.00
2017.08.17 14:54:03.562,12.84722,12.84922,0.00,0.00
2017.08.17 14:54:03.663,12.84722,12.84912,0.00,0.00
2017.08.17 14:54:03.949,12.84722,12.84921,0.00,0.00
2017.08.17 14:54:04.165,12.84721,12.84911,0.00,0.00
2017.08.17 14:54:04.486,12.84721,12.84902,0.00,0.00
2017.08.17 14:54:04.587,12.84722,12.84932,0.00,0.00
2017.08.17 14:54:04.782,12.84731,12.84911,0.00,0.00
2017.08.17 14:54:04.883,12.84731,12.84969,0.00,0.00
2017.08.17 14:54:05.153,12.84731,12.84952,0.00,0.00
2017.08.17 14:54:05.654,12.84731,12.84969,0.00,0.00
2017.08.17 14:54:06.777,12.84732,12.84968,0.00,0.00
2017.08.17 14:54:07.258,12.84731,12.84952,0.00,0.00
2017.08.17 14:54:07.645,12.84722,12.84921,0.00,0.00
2017.08.17 14:54:08.034,12.84721,12.84911,0.00,0.00
2017.08.17 14:54:08.363,12.84722,12.84902,0.00,0.00
2017.08.17 14:54:08.481,12.84721,12.84921,0.00,0.00
2017.08.17 14:54:08.561,12.84721,12.84912,0.00,0.00
2017.08.17 14:54:09.024,12.84721,12.84902,0.00,0.00
2017.08.17 14:54:09.634,12.84622,12.84868,0.00,0.00
2017.08.17 14:54:09.685,12.84622,12.84848,0.00,0.00
2017.08.17 14:54:10.003,12.84621,12.84812,0.00,0.00
2017.08.17 14:54:10.104,12.84621,12.84822,0.00,0.00
2017.08.17 14:54:10.306,12.84621,12.84802,0.00,0.00
2017.08.17 14:54:10.465,12.84622,12.84822,0.00,0.00
2017.08.17 14:54:11.033,12.84621,12.84822,0.00,0.00
2017.08.17 14:54:11.083,12.84622,12.84812,0.00,0.00
2017.08.17 14:54:11.389,12.84622,12.84822,0.00,0.00
2017.08.17 14:54:11.468,12.84622,12.84812,0.00,0.00
2017.08.17 14:54:12.352,12.84621,12.84812,0.00,0.00
2017.08.17 14:54:12.403,12.84621,12.84822,0.00,0.00
2017.08.17 14:54:12.503,12.84621,12.84811,0.00,0.00
2017.08.17 14:54:12.569,12.84621,12.84822,0.00,0.00
2017.08.17 14:54:12.809,12.84621,12.84811,0.00,0.00
2017.08.17 14:54:12.976,12.84521,12.84769,0.00,0.00
2017.08.17 14:54:13.134,12.84621,12.84772,0.00,0.00
2017.08.17 14:54:13.185,12.84622,12.84822,0.00,0.00
2017.08.17 14:54:13.767,12.84621,12.84822,0.00,0.00
2017.08.17 14:54:13.881,12.84621,12.84782,0.00,0.00
2017.08.17 14:54:13.932,12.84529,12.84749,0.00,0.00
2017.08.17 14:54:13.982,12.84522,12.84712,0.00,0.00
2017.08.17 14:54:14.222,12.84521,12.84732,0.00,0.00
2017.08.17 14:54:14.323,12.84522,12.84712,0.00,0.00
2017.08.17 14:54:14.823,12.84522,12.84702,0.00,0.00
2017.08.17 14:54:15.184,12.84522,12.84721,0.00,0.00
2017.08.17 14:54:15.285,12.84521,12.84732,0.00,0.00
2017.08.17 14:54:15.487,12.84522,12.84701,0.00,0.00
2017.08.17 14:54:15.693,12.84521,12.84711,0.00,0.00
2017.08.17 14:54:16.282,12.84522,12.84732,0.00,0.00
2017.08.17 14:54:16.383,12.84522,12.84701,0.00,0.00
2017.08.17 14:54:16.821,12.84521,12.84732,0.00,0.00
2017.08.17 14:54:17.082,12.84521,12.84702,0.00,0.00
2017.08.17 14:54:17.483,12.84521,12.84732,0.00,0.00
2017.08.17 14:54:17.892,12.84522,12.84702,0.00,0.00
2017.08.17 14:54:17.993,12.84521,12.84732,0.00,0.00
2017.08.17 14:54:18.043,12.84621,12.84732,0.00,0.00
2017.08.17 14:54:18.094,12.84621,12.84741,0.00,0.00
2017.08.17 14:54:18.236,12.84621,12.84782,0.00,0.00
2017.08.17 14:54:18.287,12.84622,12.84821,0.00,0.00
2017.08.17 14:54:18.699,12.84622,12.84832,0.00,0.00
2017.08.17 14:54:18.785,12.84622,12.84802,0.00,0.00
2017.08.17 14:54:18.904,12.84621,12.84812,0.00,0.00
2017.08.17 14:54:19.005,12.84622,12.84831,0.00,0.00
2017.08.17 14:54:19.224,12.84622,12.84801,0.00,0.00
2017.08.17 14:54:19.325,12.84622,12.84812,0.00,0.00
2017.08.17 14:54:19.598,12.84621,12.84801,0.00,0.00
2017.08.17 14:54:19.902,12.84621,12.84811,0.00,0.00
2017.08.17 14:54:20.099,12.84622,12.84801,0.00,0.00
2017.08.17 14:54:20.200,12.84621,12.84832,0.00,0.00
2017.08.17 14:54:20.301,12.84621,12.84801,0.00,0.00
2017.08.17 14:54:20.634,12.84568,12.84801,0.00,0.00
2017.08.17 14:54:20.690,12.84568,12.84821,0.00,0.00
2017.08.17 14:54:20.791,12.84568,12.84831,0.00,0.00
2017.08.17 14:54:20.938,12.84621,12.84801,0.00,0.00
2017.08.17 14:54:21.039,12.84622,12.84832,0.00,0.00
2017.08.17 14:54:21.234,12.84621,12.84801,0.00,0.00
2017.08.17 14:54:21.436,12.84621,12.84832,0.00,0.00
2017.08.17 14:54:21.537,12.84622,12.84801,0.00,0.00
2017.08.17 14:54:21.751,12.84568,12.84801,0.00,0.00
2017.08.17 14:54:21.801,12.84621,12.84812,0.00,0.00
2017.08.17 14:54:21.903,12.84521,12.84769,0.00,0.00
2017.08.17 14:54:21.954,12.84521,12.84749,0.00,0.00
2017.08.17 14:54:22.258,12.84522,12.84732,0.00,0.00
2017.08.17 14:54:22.579,12.84521,12.84702,0.00,0.00
2017.08.17 14:54:22.731,12.84521,12.84732,0.00,0.00
2017.08.17 14:54:22.900,12.84522,12.84702,0.00,0.00
2017.08.17 14:54:23.298,12.84522,12.84722,0.00,0.00
2017.08.17 14:54:23.526,12.84522,12.84732,0.00,0.00
2017.08.17 14:54:23.900,12.84521,12.84722,0.00,0.00
2017.08.17 14:54:24.117,12.84522,12.84731,0.00,0.00
2017.08.17 14:54:24.401,12.84522,12.84711,0.00,0.00
2017.08.17 14:54:24.719,12.84621,12.84821,0.00,0.00
2017.08.17 14:54:24.820,12.84568,12.84779,0.00,0.00
2017.08.17 14:54:24.921,12.84568,12.84751,0.00,0.00
2017.08.17 14:54:24.972,12.84521,12.84751,0.00,0.00
2017.08.17 14:54:25.364,12.84521,12.84732,0.00,0.00
2017.08.17 14:54:25.824,12.84521,12.84712,0.00,0.00
2017.08.17 14:54:27.024,12.84521,12.84732,0.00,0.00
2017.08.17 14:54:27.075,12.84521,12.84719,0.00,0.00
2017.08.17 14:54:27.563,12.84521,12.84702,0.00,0.00
2017.08.17 14:54:27.613,12.84521,12.84719,0.00,0.00
2017.08.17 14:54:28.194,12.84522,12.84719,0.00,0.00
2017.08.17 14:54:28.244,12.84521,12.84702,0.00,0.00
2017.08.17 14:54:28.513,12.84521,12.84719,0.00,0.00
2017.08.17 14:54:29.014,12.84521,12.84712,0.00,0.00
2017.08.17 14:54:29.354,12.84522,12.84692,0.00,0.00
2017.08.17 14:54:29.455,12.84522,12.84719,0.00,0.00
2017.08.17 14:54:29.665,12.84521,12.84692,0.00,0.00
2017.08.17 14:54:30.120,12.84522,12.84719,0.00,0.00
2017.08.17 14:54:30.544,12.84522,12.84692,0.00,0.00
2017.08.17 14:54:30.818,12.84522,12.84719,0.00,0.00
2017.08.17 14:54:31.118,12.84522,12.84712,0.00,0.00
2017.08.17 14:54:31.423,12.84521,12.84692,0.00,0.00
2017.08.17 14:54:31.523,12.84522,12.84719,0.00,0.00
2017.08.17 14:54:31.756,12.84521,12.84702,0.00,0.00
2017.08.17 14:54:31.821,12.84521,12.84719,0.00,0.00
2017.08.17 14:54:32.121,12.84521,12.84702,0.00,0.00
2017.08.17 14:54:32.427,12.84522,12.84719,0.00,0.00
2017.08.17 14:54:32.735,12.84521,12.84702,0.00,0.00
2017.08.17 14:54:32.836,12.84521,12.84719,0.00,0.00
2017.08.17 14:54:33.484,12.84522,12.84719,0.00,0.00
2017.08.17 14:54:33.834,12.84521,12.84702,0.00,0.00
2017.08.17 14:54:34.326,12.84521,12.84712,0.00,0.00
2017.08.17 14:54:34.950,12.84521,12.84719,0.00,0.00
2017.08.17 14:54:35.554,12.84522,12.84719,0.00,0.00
2017.08.17 14:54:36.177,12.84521,12.84719,0.00,0.00
2017.08.17 14:54:36.663,12.84521,12.84691,0.00,0.00
2017.08.17 14:54:36.764,12.84521,12.84712,0.00,0.00
2017.08.17 14:54:37.612,12.84521,12.84719,0.00,0.00
2017.08.17 14:54:37.734,12.84521,12.84712,0.00,0.00
2017.08.17 14:54:38.236,12.84521,12.84719,0.00,0.00
2017.08.17 14:54:38.337,12.84521,12.84692,0.00,0.00
2017.08.17 14:54:38.656,12.84521,12.84719,0.00,0.00
2017.08.17 14:54:39.384,12.84522,12.84719,0.00,0.00
2017.08.17 14:54:39.439,12.84522,12.84691,0.00,0.00
2017.08.17 14:54:40.385,12.84521,12.84701,0.00,0.00
2017.08.17 14:54:40.442,12.84521,12.84719,0.00,0.00
2017.08.17 14:54:40.951,12.84522,12.84719,0.00,0.00
2017.08.17 14:54:41.052,12.84522,12.84692,0.00,0.00
2017.08.17 14:54:41.362,12.84522,12.84719,0.00,0.00
2017.08.17 14:54:41.986,12.84521,12.84719,0.00,0.00
2017.08.17 14:54:42.697,12.84522,12.84719,0.00,0.00
2017.08.17 14:54:43.291,12.84521,12.84719,0.00,0.00
2017.08.17 14:54:43.492,12.84521,12.84702,0.00,0.00
2017.08.17 14:54:43.913,12.84568,12.84769,0.00,0.00
2017.08.17 14:54:43.966,12.84621,12.84769,0.00,0.00
2017.08.17 14:54:44.067,12.84721,12.84881,0.00,0.00
2017.08.17 14:54:44.118,12.84721,12.84912,0.00,0.00
2017.08.17 14:54:44.169,12.84671,12.84922,0.00,0.00
2017.08.17 14:54:44.269,12.84671,12.84932,0.00,0.00
2017.08.17 14:54:44.590,12.84672,12.84901,0.00,0.00
2017.08.17 14:54:44.752,12.84672,12.84911,0.00,0.00
2017.08.17 14:54:44.853,12.84671,12.84892,0.00,0.00
2017.08.17 14:54:44.954,12.84671,12.84932,0.00,0.00
2017.08.17 14:54:45.238,12.84668,12.84932,0.00,0.00
2017.08.17 14:54:45.288,12.84668,12.84892,0.00,0.00
2017.08.17 14:54:45.619,12.84668,12.84891,0.00,0.00
2017.08.17 14:54:45.670,12.84668,12.84921,0.00,0.00
2017.08.17 14:54:46.253,12.84668,12.84922,0.00,0.00
2017.08.17 14:54:46.355,12.84668,12.84912,0.00,0.00
2017.08.17 14:54:46.692,12.84668,12.84902,0.00,0.00
2017.08.17 14:54:46.894,12.84668,12.84922,0.00,0.00
2017.08.17 14:54:47.096,12.84668,12.84892,0.00,0.00
2017.08.17 14:54:47.196,12.84668,12.84922,0.00,0.00
2017.08.17 14:54:47.249,12.84668,12.84869,0.00,0.00
2017.08.17 14:54:47.299,12.84608,12.84832,0.00,0.00
2017.08.17 14:54:47.400,12.84571,12.84802,0.00,0.00
2017.08.17 14:54:47.682,12.84571,12.84831,0.00,0.00
2017.08.17 14:54:48.190,12.84571,12.84831,0.00,0.00
2017.08.17 14:54:48.308,12.84571,12.84822,0.00,0.00
2017.08.17 14:54:48.613,12.84571,12.84791,0.00,0.00
2017.08.17 14:54:48.863,12.84571,12.84812,0.00,0.00
2017.08.17 14:54:49.213,12.84571,12.84792,0.00,0.00
2017.08.17 14:54:49.315,12.84571,12.84832,0.00,0.00
2017.08.17 14:54:49.366,12.84571,12.84801,0.00,0.00
2017.08.17 14:54:49.567,12.84571,12.84812,0.00,0.00
2017.08.17 14:54:49.796,12.84571,12.84792,0.00,0.00
2017.08.17 14:54:50.074,12.84571,12.84812,0.00,0.00
2017.08.17 14:54:50.621,12.84571,12.84811,0.00,0.00
2017.08.17 14:54:51.144,12.84568,12.84769,0.00,0.00
2017.08.17 14:54:51.194,12.84518,12.84768,0.00,0.00
2017.08.17 14:54:51.245,12.84518,12.84618,0.00,0.00
2017.08.17 14:54:51.295,12.84381,12.84618,0.00,0.00
2017.08.17 14:54:51.346,12.84371,12.84618,0.00,0.00
2017.08.17 14:54:51.397,12.84371,12.84611,0.00,0.00
2017.08.17 14:54:51.790,12.84372,12.84618,0.00,0.00
2017.08.17 14:54:52.017,12.84372,12.84601,0.00,0.00
2017.08.17 14:54:52.074,12.84372,12.84618,0.00,0.00
2017.08.17 14:54:52.125,12.84368,12.84618,0.00,0.00
2017.08.17 14:54:52.175,12.84368,12.84601,0.00,0.00
2017.08.17 14:54:52.276,12.84372,12.84618,0.00,0.00
2017.08.17 14:54:52.817,12.84371,12.84618,0.00,0.00
2017.08.17 14:54:53.206,12.84468,12.84642,0.00,0.00
2017.08.17 14:54:53.357,12.84382,12.84631,0.00,0.00
2017.08.17 14:54:53.508,12.84371,12.84612,0.00,0.00
2017.08.17 14:54:53.813,12.84371,12.84602,0.00,0.00
2017.08.17 14:54:54.333,12.84372,12.84602,0.00,0.00
2017.08.17 14:54:54.603,12.84372,12.84619,0.00,0.00
2017.08.17 14:54:55.205,12.84371,12.84619,0.00,0.00
2017.08.17 14:54:55.508,12.84371,12.84611,0.00,0.00
2017.08.17 14:54:55.813,12.84371,12.84602,0.00,0.00
2017.08.17 14:54:56.292,12.84371,12.84611,0.00,0.00
2017.08.17 14:54:56.393,12.84372,12.84619,0.00,0.00
2017.08.17 14:54:56.686,12.84371,12.84592,0.00,0.00
2017.08.17 14:54:57.267,12.84372,12.84592,0.00,0.00
2017.08.17 14:54:57.418,12.84291,12.84519,0.00,0.00
2017.08.17 14:54:57.469,12.84372,12.84519,0.00,0.00
2017.08.17 14:54:57.723,12.84371,12.84621,0.00,0.00
2017.08.17 14:54:57.824,12.84359,12.84591,0.00,0.00
2017.08.17 14:54:58.126,12.84352,12.84568,0.00,0.00
2017.08.17 14:54:58.177,12.84358,12.84612,0.00,0.00
2017.08.17 14:54:58.227,12.84358,12.84599,0.00,0.00
2017.08.17 14:54:58.554,12.84308,12.84541,0.00,0.00
2017.08.17 14:54:58.756,12.84271,12.84511,0.00,0.00
2017.08.17 14:54:59.304,12.84271,12.84522,0.00,0.00
2017.08.17 14:54:59.405,12.84271,12.84502,0.00,0.00
2017.08.17 14:54:59.507,12.84241,12.84479,0.00,0.00
2017.08.17 14:54:59.608,12.84271,12.84498,0.00,0.00
2017.08.17 14:55:00.241,12.84271,12.84501,0.00,0.00
2017.08.17 14:55:00.292,12.84271,12.84512,0.00,0.00
2017.08.17 14:55:00.393,12.84271,12.84532,0.00,0.00
2017.08.17 14:55:00.838,12.84366,12.84531,0.00,0.00
2017.08.17 14:55:00.939,12.84367,12.84542,0.00,0.00
2017.08.17 14:55:00.990,12.84359,12.84542,0.00,0.00
2017.08.17 14:55:01.041,12.84359,12.84621,0.00,0.00
2017.08.17 14:55:01.092,12.84359,12.84612,0.00,0.00
2017.08.17 14:55:01.395,12.84366,12.84621,0.00,0.00
2017.08.17 14:55:01.718,12.84367,12.84582,0.00,0.00
2017.08.17 14:55:01.802,12.84367,12.84592,0.00,0.00
2017.08.17 14:55:01.903,12.84367,12.84621,0.00,0.00
2017.08.17 14:55:01.996,12.84372,12.84598,0.00,0.00
2017.08.17 14:55:02.148,12.84288,12.84531,0.00,0.00
2017.08.17 14:55:02.250,12.84271,12.84502,0.00,0.00
2017.08.17 14:55:02.645,12.84209,12.84432,0.00,0.00
2017.08.17 14:55:02.904,12.84272,12.84521,0.00,0.00
2017.08.17 14:55:03.106,12.84292,12.84491,0.00,0.00
2017.08.17 14:55:03.157,12.84282,12.84491,0.00,0.00
2017.08.17 14:55:03.208,12.84282,12.84522,0.00,0.00
2017.08.17 14:55:03.259,12.84272,12.84522,0.00,0.00
2017.08.17 14:55:03.416,12.84292,12.84491,0.00,0.00
2017.08.17 14:55:03.467,12.84282,12.84491,0.00,0.00
2017.08.17 14:55:03.518,12.84281,12.84531,0.00,0.00
2017.08.17 14:55:03.669,12.84292,12.84531,0.00,0.00
2017.08.17 14:55:03.720,12.84271,12.84531,0.00,0.00
2017.08.17 14:55:03.822,12.84271,12.84491,0.00,0.00
2017.08.17 14:55:04.135,12.84291,12.84522,0.00,0.00
2017.08.17 14:55:04.236,12.84292,12.84531,0.00,0.00
2017.08.17 14:55:04.433,12.84291,12.84521,0.00,0.00
2017.08.17 14:55:04.801,12.84272,12.84512,0.00,0.00
2017.08.17 14:55:05.180,12.84371,12.84512,0.00,0.00
2017.08.17 14:55:05.437,12.84381,12.84598,0.00,0.00
2017.08.17 14:55:05.538,12.84391,12.84598,0.00,0.00
2017.08.17 14:55:05.689,12.84392,12.84622,0.00,0.00
2017.08.17 14:55:05.740,12.84418,12.84622,0.00,0.00
2017.08.17 14:55:05.841,12.84442,12.84661,0.00,0.00
2017.08.17 14:55:05.942,12.84442,12.84632,0.00,0.00
2017.08.17 14:55:06.043,12.84471,12.84692,0.00,0.00
2017.08.17 14:55:06.245,12.84471,12.84702,0.00,0.00
2017.08.17 14:55:06.629,12.84481,12.84702,0.00,0.00
2017.08.17 14:55:06.731,12.84481,12.84712,0.00,0.00
2017.08.17 14:55:06.914,12.84471,12.84712,0.00,0.00
2017.08.17 14:55:07.015,12.84472,12.84681,0.00,0.00
2017.08.17 14:55:07.217,12.84471,12.84711,0.00,0.00
2017.08.17 14:55:07.451,12.84471,12.84682,0.00,0.00
2017.08.17 14:55:07.552,12.84472,12.84691,0.00,0.00
2017.08.17 14:55:07.616,12.84472,12.84721,0.00,0.00
2017.08.17 14:55:08.027,12.84472,12.84702,0.00,0.00
2017.08.17 14:55:08.611,12.84471,12.84701,0.00,0.00
2017.08.17 14:55:08.663,12.84471,12.84722,0.00,0.00
2017.08.17 14:55:08.965,12.84472,12.84692,0.00,0.00
2017.08.17 14:55:09.323,12.84471,12.84701,0.00,0.00
2017.08.17 14:55:09.424,12.84472,12.84711,0.00,0.00
2017.08.17 14:55:09.525,12.84471,12.84701,0.00,0.00
2017.08.17 14:55:09.576,12.84468,12.84701,0.00,0.00
2017.08.17 14:55:09.627,12.84471,12.84712,0.00,0.00
2017.08.17 14:55:09.857,12.84472,12.84722,0.00,0.00
2017.08.17 14:55:10.247,12.84471,12.84712,0.00,0.00
2017.08.17 14:55:10.592,12.84471,12.84691,0.00,0.00
2017.08.17 14:55:10.642,12.84471,12.84702,0.00,0.00
2017.08.17 14:55:10.743,12.84472,12.84681,0.00,0.00
2017.08.17 14:55:10.891,12.84472,12.84722,0.00,0.00
2017.08.17 14:55:10.941,12.84471,12.84682,0.00,0.00
2017.08.17 14:55:11.236,12.84468,12.84682,0.00,0.00
2017.08.17 14:55:11.287,12.84408,12.84672,0.00,0.00
2017.08.17 14:55:11.337,12.84408,12.84648,0.00,0.00
2017.08.17 14:55:11.658,12.84372,12.84592,0.00,0.00
2017.08.17 14:55:12.013,12.84372,12.84582,0.00,0.00
2017.08.17 14:55:12.226,12.84371,12.84601,0.00,0.00
2017.08.17 14:55:12.367,12.84361,12.84601,0.00,0.00
2017.08.17 14:55:12.418,12.84319,12.84549,0.00,0.00
2017.08.17 14:55:12.727,12.84271,12.84512,0.00,0.00
2017.08.17 14:55:12.828,12.84272,12.84502,0.00,0.00
2017.08.17 14:55:13.203,12.84242,12.84432,0.00,0.00
2017.08.17 14:55:13.254,12.84218,12.84432,0.00,0.00
2017.08.17 14:55:13.355,12.84208,12.84432,0.00,0.00
2017.08.17 14:55:13.543,12.84168,12.84399,0.00,0.00
2017.08.17 14:55:13.596,12.84198,12.84399,0.00,0.00
2017.08.17 14:55:13.647,12.84172,12.84392,0.00,0.00
2017.08.17 14:55:13.698,12.84118,12.84382,0.00,0.00
2017.08.17 14:55:13.749,12.84138,12.84348,0.00,0.00
2017.08.17 14:55:13.850,12.84071,12.84312,0.00,0.00
2017.08.17 14:55:14.151,12.84071,12.84332,0.00,0.00
2017.08.17 14:55:14.476,12.84098,12.84332,0.00,0.00
2017.08.17 14:55:14.580,12.84079,12.84332,0.00,0.00
2017.08.17 14:55:14.633,12.84078,12.84342,0.00,0.00
2017.08.17 14:55:14.735,12.84078,12.84322,0.00,0.00
2017.08.17 14:55:14.887,12.84038,12.84292,0.00,0.00
2017.08.17 14:55:14.938,12.84028,12.84259,0.00,0.00
2017.08.17 14:55:15.260,12.84078,12.84342,0.00,0.00
2017.08.17 14:55:15.582,12.84078,12.84332,0.00,0.00
2017.08.17 14:55:15.948,12.84078,12.84342,0.00,0.00
2017.08.17 14:55:16.435,12.84128,12.84352,0.00,0.00
2017.08.17 14:55:16.761,12.84178,12.84399,0.00,0.00
2017.08.17 14:55:16.979,12.84178,12.84438,0.00,0.00
2017.08.17 14:55:17.304,12.84178,12.84441,0.00,0.00
2017.08.17 14:55:17.355,12.84178,12.84401,0.00,0.00
2017.08.17 14:55:17.406,12.84142,12.84382,0.00,0.00
2017.08.17 14:55:17.456,12.84158,12.84382,0.00,0.00
2017.08.17 14:55:17.675,12.84172,12.84401,0.00,0.00
2017.08.17 14:55:17.776,12.84172,12.84431,0.00,0.00
2017.08.17 14:55:17.982,12.84279,12.84441,0.00,0.00
2017.08.17 14:55:18.084,12.84279,12.84452,0.00,0.00
2017.08.17 14:55:18.184,12.84218,12.84442,0.00,0.00
2017.08.17 14:55:18.285,12.84189,12.84442,0.00,0.00
2017.08.17 14:55:18.387,12.84178,12.84412,0.00,0.00
2017.08.17 14:55:18.539,12.84178,12.84432,0.00,0.00
2017.08.17 14:55:18.773,12.84228,12.84412,0.00,0.00
2017.08.17 14:55:18.874,12.84228,12.84431,0.00,0.00
2017.08.17 14:55:18.975,12.84228,12.84492,0.00,0.00
2017.08.17 14:55:19.141,12.84228,12.84472,0.00,0.00
2017.08.17 14:55:19.541,12.84228,12.84481,0.00,0.00
2017.08.17 14:55:19.592,12.84199,12.84442,0.00,0.00
2017.08.17 14:55:19.642,12.84188,12.84442,0.00,0.00
2017.08.17 14:55:19.743,12.84178,12.84422,0.00,0.00
2017.08.17 14:55:20.087,12.84178,12.84412,0.00,0.00
2017.08.17 14:55:20.189,12.84178,12.84441,0.00,0.00
2017.08.17 14:55:20.343,12.84178,12.84411,0.00,0.00
2017.08.17 14:55:20.545,12.84178,12.84432,0.00,0.00
2017.08.17 14:55:20.643,12.84178,12.84441,0.00,0.00
2017.08.17 14:55:21.045,12.84178,12.84432,0.00,0.00
2017.08.17 14:55:21.429,12.84178,12.84412,0.00,0.00
2017.08.17 14:55:21.844,12.84273,12.84412,0.00,0.00
2017.08.17 14:55:21.894,12.84273,12.84461,0.00,0.00
2017.08.17 14:55:21.995,12.84273,12.84502,0.00,0.00
2017.08.17 14:55:22.096,12.84273,12.84519,0.00,0.00
2017.08.17 14:55:22.248,12.84273,12.84522,0.00,0.00
2017.08.17 14:55:22.685,12.84273,12.84492,0.00,0.00
2017.08.17 14:55:22.787,12.84271,12.84491,0.00,0.00
2017.08.17 14:55:22.837,12.84249,12.84439,0.00,0.00
2017.08.17 14:55:23.089,12.84079,12.84332,0.00,0.00
2017.08.17 14:55:23.190,12.84079,12.84321,0.00,0.00
2017.08.17 14:55:23.776,12.84173,12.84321,0.00,0.00
2017.08.17 14:55:23.877,12.84173,12.84331,0.00,0.00
2017.08.17 14:55:23.978,12.84173,12.84398,0.00,0.00
2017.08.17 14:55:24.029,12.84228,12.84431,0.00,0.00
2017.08.17 14:55:24.180,12.84178,12.84442,0.00,0.00
2017.08.17 14:55:24.281,12.84214,12.84452,0.00,0.00
2017.08.17 14:55:24.586,12.84214,12.84422,0.00,0.00
2017.08.17 14:55:24.834,12.84169,12.84392,0.00,0.00
2017.08.17 14:55:24.885,12.84121,12.84331,0.00,0.00
2017.08.17 14:55:25.385,12.84121,12.84362,0.00,0.00
2017.08.17 14:55:25.491,12.84121,12.84341,0.00,0.00
2017.08.17 14:55:25.592,12.84121,12.84361,0.00,0.00
2017.08.17 14:55:25.659,12.84121,12.84342,0.00,0.00
2017.08.17 14:55:26.012,12.84121,12.84362,0.00,0.00
2017.08.17 14:55:26.062,12.84121,12.84352,0.00,0.00
2017.08.17 14:55:26.202,12.84121,12.84362,0.00,0.00
2017.08.17 14:55:26.253,12.84078,12.84309,0.00,0.00
2017.08.17 14:55:26.303,12.84071,12.84309,0.00,0.00
2017.08.17 14:55:26.354,12.84068,12.84299,0.00,0.00
2017.08.17 14:55:26.662,12.84068,12.84299,0.00,0.00
2017.08.17 14:55:26.964,12.84068,12.84232,0.00,0.00
2017.08.17 14:55:27.245,12.84028,12.84232,0.00,0.00
2017.08.17 14:55:27.296,12.84066,12.84262,0.00,0.00
2017.08.17 14:55:27.397,12.84066,12.84272,0.00,0.00
2017.08.17 14:55:27.513,12.84066,12.84299,0.00,0.00
2017.08.17 14:55:27.685,12.84066,12.84291,0.00,0.00
2017.08.17 14:55:28.123,12.84066,12.84211,0.00,0.00
2017.08.17 14:55:28.173,12.84066,12.84231,0.00,0.00
2017.08.17 14:55:28.274,12.84066,12.84212,0.00,0.00
2017.08.17 14:55:28.477,12.84123,12.84291,0.00,0.00
2017.08.17 14:55:28.578,12.84031,12.84252,0.00,0.00
2017.08.17 14:55:28.628,12.84067,12.84252,0.00,0.00
2017.08.17 14:55:28.679,12.84067,12.84301,0.00,0.00
2017.08.17 14:55:28.730,12.84031,12.84301,0.00,0.00
2017.08.17 14:55:28.781,12.84031,12.84211,0.00,0.00
2017.08.17 14:55:28.983,12.83978,12.84199,0.00,0.00
2017.08.17 14:55:29.184,12.83919,12.84122,0.00,0.00
2017.08.17 14:55:29.504,12.83908,12.84101,0.00,0.00
2017.08.17 14:55:29.555,12.83918,12.84192,0.00,0.00
2017.08.17 14:55:29.605,12.83918,12.84131,0.00,0.00
2017.08.17 14:55:29.774,12.83918,12.84162,0.00,0.00
2017.08.17 14:55:30.085,12.83918,12.84131,0.00,0.00
2017.08.17 14:55:30.387,12.83918,12.84161,0.00,0.00
2017.08.17 14:55:30.488,12.83918,12.84151,0.00,0.00
2017.08.17 14:55:30.806,12.83982,12.84201,0.00,0.00
2017.08.17 14:55:30.907,12.84028,12.84252,0.00,0.00
2017.08.17 14:55:31.082,12.84028,12.84209,0.00,0.00
2017.08.17 14:55:31.133,12.83978,12.84208,0.00,0.00
2017.08.17 14:55:31.234,12.83982,12.84218,0.00,0.00
2017.08.17 14:55:31.285,12.83981,12.84181,0.00,0.00
2017.08.17 14:55:31.386,12.84028,12.84241,0.00,0.00
2017.08.17 14:55:31.613,12.84028,12.84191,0.00,0.00
2017.08.17 14:55:31.911,12.84028,12.84232,0.00,0.00
2017.08.17 14:55:32.012,12.84028,12.84212,0.00,0.00
2017.08.17 14:55:32.113,12.83978,12.84192,0.00,0.00
2017.08.17 14:55:32.214,12.83978,12.84119,0.00,0.00
2017.08.17 14:55:32.264,12.83918,12.84109,0.00,0.00
2017.08.17 14:55:32.426,12.83878,12.84109,0.00,0.00
2017.08.17 14:55:32.477,12.83918,12.84101,0.00,0.00
2017.08.17 14:55:32.528,12.83918,12.84121,0.00,0.00
2017.08.17 14:55:32.629,12.83918,12.84151,0.00,0.00
2017.08.17 14:55:32.789,12.83918,12.84119,0.00,0.00
2017.08.17 14:55:32.840,12.83878,12.84108,0.00,0.00
2017.08.17 14:55:32.991,12.83829,12.84062,0.00,0.00
2017.08.17 14:55:33.092,12.83829,12.84022,0.00,0.00
2017.08.17 14:55:33.386,12.83829,12.84051,0.00,0.00
2017.08.17 14:55:33.538,12.83829,12.84039,0.00,0.00
2017.08.17 14:55:33.790,12.83779,12.84008,0.00,0.00
2017.08.17 14:55:33.891,12.83709,12.83951,0.00,0.00
2017.08.17 14:55:34.065,12.83709,12.83852,0.00,0.00
2017.08.17 14:55:34.116,12.83628,12.83852,0.00,0.00
2017.08.17 14:55:34.169,12.83628,12.83838,0.00,0.00
2017.08.17 14:55:34.219,12.83588,12.83831,0.00,0.00
2017.08.17 14:55:34.320,12.83588,12.83819,0.00,0.00
2017.08.17 14:55:34.421,12.83588,12.83821,0.00,0.00
2017.08.17 14:55:34.523,12.83639,12.83801,0.00,0.00
2017.08.17 14:55:34.624,12.83639,12.83811,0.00,0.00
2017.08.17 14:55:34.807,12.83789,12.83962,0.00,0.00
2017.08.17 14:55:34.909,12.83759,12.83952,0.00,0.00
2017.08.17 14:55:35.010,12.83771,12.83952,0.00,0.00
2017.08.17 14:55:35.061,12.83788,12.84019,0.00,0.00
2017.08.17 14:55:35.112,12.83788,12.84012,0.00,0.00
2017.08.17 14:55:35.214,12.83788,12.84019,0.00,0.00
2017.08.17 14:55:35.367,12.83768,12.83969,0.00,0.00
2017.08.17 14:55:35.418,12.83758,12.83969,0.00,0.00
2017.08.17 14:55:35.468,12.83758,12.83919,0.00,0.00
2017.08.17 14:55:35.519,12.83688,12.83909,0.00,0.00
2017.08.17 14:55:35.570,12.83688,12.83931,0.00,0.00
2017.08.17 14:55:35.621,12.83618,12.83851,0.00,0.00
2017.08.17 14:55:35.722,12.83589,12.83839,0.00,0.00
2017.08.17 14:55:35.773,12.83589,12.83808,0.00,0.00
2017.08.17 14:55:36.040,12.83589,12.83822,0.00,0.00
2017.08.17 14:55:36.242,12.83548,12.83802,0.00,0.00
2017.08.17 14:55:36.293,12.83548,12.83769,0.00,0.00
2017.08.17 14:55:36.344,12.83538,12.83802,0.00,0.00
2017.08.17 14:55:36.394,12.83521,12.83752,0.00,0.00
2017.08.17 14:55:36.445,12.83488,12.83722,0.00,0.00
2017.08.17 14:55:36.546,12.83488,12.83752,0.00,0.00
2017.08.17 14:55:36.832,12.83498,12.83752,0.00,0.00
2017.08.17 14:55:36.882,12.83499,12.83761,0.00,0.00
2017.08.17 14:55:36.936,12.83508,12.83739,0.00,0.00
2017.08.17 14:55:36.987,12.83508,12.83761,0.00,0.00
2017.08.17 14:55:37.038,12.83499,12.83711,0.00,0.00
2017.08.17 14:55:37.342,12.83452,12.83662,0.00,0.00
2017.08.17 14:55:37.686,12.83599,12.83802,0.00,0.00
2017.08.17 14:55:37.736,12.83599,12.83812,0.00,0.00
2017.08.17 14:55:37.787,12.83528,12.83761,0.00,0.00
2017.08.17 14:55:37.838,12.83539,12.83761,0.00,0.00
2017.08.17 14:55:37.940,12.83499,12.83739,0.00,0.00
2017.08.17 14:55:38.048,12.83499,12.83702,0.00,0.00
2017.08.17 14:55:38.480,12.83449,12.83702,0.00,0.00
2017.08.17 14:55:38.531,12.83449,12.83709,0.00,0.00
2017.08.17 14:55:38.632,12.83449,12.83702,0.00,0.00
2017.08.17 14:55:38.903,12.83449,12.83708,0.00,0.00
2017.08.17 14:55:39.004,12.83449,12.83692,0.00,0.00
2017.08.17 14:55:39.106,12.83408,12.83662,0.00,0.00
2017.08.17 14:55:39.157,12.83471,12.83662,0.00,0.00
2017.08.17 14:55:39.308,12.83499,12.83708,0.00,0.00
2017.08.17 14:55:39.410,12.83499,12.83682,0.00,0.00
2017.08.17 14:55:39.460,12.83448,12.83682,0.00,0.00
2017.08.17 14:55:39.511,12.83448,12.83701,0.00,0.00
2017.08.17 14:55:39.612,12.83448,12.83708,0.00,0.00
2017.08.17 14:55:39.724,12.83431,12.83662,0.00,0.00
2017.08.17 14:55:39.775,12.83421,12.83662,0.00,0.00
2017.08.17 14:55:39.876,12.83402,12.83662,0.00,0.00
2017.08.17 14:55:39.926,12.83432,12.83632,0.00,0.00
2017.08.17 14:55:40.027,12.83448,12.83662,0.00,0.00
2017.08.17 14:55:40.129,12.83448,12.83709,0.00,0.00
2017.08.17 14:55:40.179,12.83498,12.83711,0.00,0.00
2017.08.17 14:55:40.389,12.83499,12.83732,0.00,0.00
2017.08.17 14:55:40.585,12.83499,12.83719,0.00,0.00
2017.08.17 14:55:40.635,12.83499,12.83732,0.00,0.00
2017.08.17 14:55:40.837,12.83499,12.83752,0.00,0.00
2017.08.17 14:55:40.938,12.83499,12.83742,0.00,0.00
2017.08.17 14:55:41.209,12.83448,12.83692,0.00,0.00
2017.08.17 14:55:41.333,12.83471,12.83662,0.00,0.00
2017.08.17 14:55:41.435,12.83499,12.83691,0.00,0.00
2017.08.17 14:55:41.536,12.83571,12.83732,0.00,0.00
2017.08.17 14:55:41.637,12.83599,12.83802,0.00,0.00
2017.08.17 14:55:41.739,12.83599,12.83821,0.00,0.00
2017.08.17 14:55:41.839,12.83599,12.83861,0.00,0.00
2017.08.17 14:55:41.911,12.83599,12.83801,0.00,0.00
2017.08.17 14:55:42.115,12.83599,12.83822,0.00,0.00
2017.08.17 14:55:42.231,12.83599,12.83831,0.00,0.00
2017.08.17 14:55:42.332,12.83599,12.83802,0.00,0.00
2017.08.17 14:55:42.433,12.83599,12.83832,0.00,0.00
2017.08.17 14:55:42.484,12.83572,12.83812,0.00,0.00
2017.08.17 14:55:42.535,12.83548,12.83808,0.00,0.00
2017.08.17 14:55:42.585,12.83548,12.83778,0.00,0.00
2017.08.17 14:55:42.636,12.83498,12.83762,0.00,0.00
2017.08.17 14:55:42.737,12.83498,12.83722,0.00,0.00
2017.08.17 14:55:42.935,12.83571,12.83801,0.00,0.00
2017.08.17 14:55:42.986,12.83549,12.83801,0.00,0.00
2017.08.17 14:55:43.037,12.83598,12.83821,0.00,0.00
2017.08.17 14:55:43.339,12.83598,12.83792,0.00,0.00
2017.08.17 14:55:43.390,12.83548,12.83792,0.00,0.00
2017.08.17 14:55:43.440,12.83548,12.83778,0.00,0.00
2017.08.17 14:55:43.491,12.83548,12.83808,0.00,0.00
2017.08.17 14:55:43.542,12.83549,12.83772,0.00,0.00
2017.08.17 14:55:43.884,12.83599,12.83822,0.00,0.00
2017.08.17 14:55:44.216,12.83599,12.83809,0.00,0.00
2017.08.17 14:55:44.267,12.83549,12.83808,0.00,0.00
2017.08.17 14:55:44.318,12.83549,12.83778,0.00,0.00
2017.08.17 14:55:44.369,12.83508,12.83761,0.00,0.00
2017.08.17 14:55:44.419,12.83572,12.83752,0.00,0.00
2017.08.17 14:55:44.550,12.83531,12.83761,0.00,0.00
2017.08.17 14:55:44.601,12.83548,12.83802,0.00,0.00
2017.08.17 14:55:44.651,12.83521,12.83762,0.00,0.00
2017.08.17 14:55:44.702,12.83518,12.83762,0.00,0.00
2017.08.17 14:55:44.753,12.83498,12.83761,0.00,0.00
2017.08.17 14:55:44.854,12.83548,12.83712,0.00,0.00
2017.08.17 14:55:45.056,12.83598,12.83821,0.00,0.00
2017.08.17 14:55:45.157,12.83549,12.83809,0.00,0.00
2017.08.17 14:55:45.208,12.83549,12.83779,0.00,0.00
2017.08.17 14:55:45.380,12.83498,12.83751,0.00,0.00
2017.08.17 14:55:45.431,12.83498,12.83742,0.00,0.00
2017.08.17 14:55:45.737,12.83431,12.83662,0.00,0.00
2017.08.17 14:55:46.111,12.83498,12.83651,0.00,0.00
2017.08.17 14:55:46.162,12.83498,12.83721,0.00,0.00
2017.08.17 14:55:46.634,12.83498,12.83701,0.00,0.00
2017.08.17 14:55:46.906,12.83599,12.83822,0.00,0.00
2017.08.17 14:55:46.973,12.83538,12.83802,0.00,0.00
2017.08.17 14:55:47.074,12.83538,12.83709,0.00,0.00
2017.08.17 14:55:47.124,12.83518,12.83709,0.00,0.00
2017.08.17 14:55:47.175,12.83489,12.83709,0.00,0.00
2017.08.17 14:55:47.276,12.83408,12.83652,0.00,0.00
2017.08.17 14:55:47.327,12.83388,12.83611,0.00,0.00
2017.08.17 14:55:47.656,12.83448,12.83621,0.00,0.00
2017.08.17 14:55:47.707,12.83408,12.83661,0.00,0.00
2017.08.17 14:55:47.758,12.83472,12.83661,0.00,0.00
2017.08.17 14:55:47.808,12.83499,12.83692,0.00,0.00
2017.08.17 14:55:47.860,12.83499,12.83701,0.00,0.00
2017.08.17 14:55:47.911,12.83471,12.83701,0.00,0.00
2017.08.17 14:55:48.012,12.83448,12.83679,0.00,0.00
2017.08.17 14:55:48.113,12.83428,12.83662,0.00,0.00
2017.08.17 14:55:48.163,12.83398,12.83622,0.00,0.00
2017.08.17 14:55:48.454,12.83448,12.83682,0.00,0.00
2017.08.17 14:55:48.504,12.83499,12.83682,0.00,0.00
2017.08.17 14:55:48.555,12.83499,12.83692,0.00,0.00
2017.08.17 14:55:48.656,12.83499,12.83712,0.00,0.00
2017.08.17 14:55:48.875,12.83499,12.83722,0.00,0.00
2017.08.17 14:55:49.228,12.83499,12.83702,0.00,0.00
2017.08.17 14:55:49.731,12.83449,12.83709,0.00,0.00
2017.08.17 14:55:49.782,12.83449,12.83678,0.00,0.00
2017.08.17 14:55:49.833,12.83399,12.83652,0.00,0.00
2017.08.17 14:55:49.953,12.83399,12.83612,0.00,0.00
2017.08.17 14:55:50.155,12.83458,12.83681,0.00,0.00
2017.08.17 14:55:50.256,12.83458,12.83692,0.00,0.00
2017.08.17 14:55:50.458,12.83458,12.83672,0.00,0.00
2017.08.17 14:55:50.825,12.83491,12.83711,0.00,0.00
2017.08.17 14:55:50.884,12.83458,12.83709,0.00,0.00
2017.08.17 14:55:50.934,12.83459,12.83651,0.00,0.00
2017.08.17 14:55:51.267,12.83509,12.83711,0.00,0.00
2017.08.17 14:55:51.847,12.83509,12.83682,0.00,0.00
2017.08.17 14:55:51.948,12.83451,12.83672,0.00,0.00
2017.08.17 14:55:51.999,12.83442,12.83672,0.00,0.00
2017.08.17 14:55:52.050,12.83452,12.83652,0.00,0.00
2017.08.17 14:55:52.152,12.83509,12.83739,0.00,0.00
2017.08.17 14:55:52.253,12.83509,12.83722,0.00,0.00
2017.08.17 14:55:52.470,12.83508,12.83772,0.00,0.00
2017.08.17 14:55:52.571,12.83508,12.83741,0.00,0.00
2017.08.17 14:55:52.740,12.83508,12.83751,0.00,0.00
2017.08.17 14:55:53.045,12.83508,12.83721,0.00,0.00
2017.08.17 14:55:53.562,12.83508,12.83732,0.00,0.00
2017.08.17 14:55:53.663,12.83459,12.83699,0.00,0.00
2017.08.17 14:55:53.764,12.83458,12.83681,0.00,0.00
2017.08.17 14:55:53.871,12.83458,12.83699,0.00,0.00
2017.08.17 14:55:53.922,12.83509,12.83699,0.00,0.00
2017.08.17 14:55:54.313,12.83509,12.83742,0.00,0.00
2017.08.17 14:55:54.546,12.83509,12.83722,0.00,0.00
2017.08.17 14:55:54.760,12.83509,12.83732,0.00,0.00
2017.08.17 14:55:55.063,12.83509,12.83712,0.00,0.00
2017.08.17 14:55:55.440,12.83509,12.83691,0.00,0.00
2017.08.17 14:55:55.490,12.83458,12.83691,0.00,0.00
2017.08.17 14:55:55.650,12.83458,12.83671,0.00,0.00
2017.08.17 14:55:55.952,12.83509,12.83722,0.00,0.00
2017.08.17 14:55:56.273,12.83509,12.83692,0.00,0.00
2017.08.17 14:55:56.549,12.83509,12.83712,0.00,0.00
2017.08.17 14:55:56.850,12.83608,12.83712,0.00,0.00
2017.08.17 14:55:56.951,12.83508,12.83722,0.00,0.00
2017.08.17 14:55:57.052,12.83508,12.83762,0.00,0.00
2017.08.17 14:55:57.153,12.83508,12.83681,0.00,0.00
2017.08.17 14:55:57.386,12.83508,12.83712,0.00,0.00
2017.08.17 14:55:57.436,12.83558,12.83712,0.00,0.00
2017.08.17 14:55:57.537,12.83508,12.83682,0.00,0.00
2017.08.17 14:55:57.588,12.83518,12.83772,0.00,0.00
2017.08.17 14:55:57.689,12.83508,12.83712,0.00,0.00
2017.08.17 14:55:57.991,12.83508,12.83682,0.00,0.00
2017.08.17 14:55:58.092,12.83508,12.83722,0.00,0.00
2017.08.17 14:55:58.206,12.83508,12.83772,0.00,0.00
2017.08.17 14:55:58.257,12.83508,12.83732,0.00,0.00
2017.08.17 14:55:58.559,12.83508,12.83682,0.00,0.00
2017.08.17 14:55:58.761,12.83458,12.83682,0.00,0.00
2017.08.17 14:55:58.862,12.83458,12.83662,0.00,0.00
2017.08.17 14:55:59.191,12.83508,12.83712,0.00,0.00
2017.08.17 14:56:00.133,12.83558,12.83712,0.00,0.00
2017.08.17 14:56:00.439,12.83708,12.83849,0.00,0.00
2017.08.17 14:56:00.489,12.83658,12.83849,0.00,0.00
2017.08.17 14:56:00.700,12.83531,12.83751,0.00,0.00
2017.08.17 14:56:00.751,12.83508,12.83698,0.00,0.00
2017.08.17 14:56:00.852,12.83448,12.83672,0.00,0.00
2017.08.17 14:56:00.903,12.83462,12.83641,0.00,0.00
2017.08.17 14:56:01.106,12.83508,12.83698,0.00,0.00
2017.08.17 14:56:01.308,12.83459,12.83679,0.00,0.00
2017.08.17 14:56:01.403,12.83459,12.83671,0.00,0.00
2017.08.17 14:56:01.454,12.83408,12.83671,0.00,0.00
2017.08.17 14:56:01.505,12.83408,12.83622,0.00,0.00
2017.08.17 14:56:01.832,12.83408,12.83582,0.00,0.00
2017.08.17 14:56:02.095,12.83408,12.83612,0.00,0.00
2017.08.17 14:56:02.295,12.83408,12.83582,0.00,0.00
2017.08.17 14:56:02.497,12.83408,12.83622,0.00,0.00
2017.08.17 14:56:02.598,12.83408,12.83582,0.00,0.00
2017.08.17 14:56:02.902,12.83408,12.83621,0.00,0.00
2017.08.17 14:56:03.275,12.83458,12.83621,0.00,0.00
2017.08.17 14:56:03.325,12.83509,12.83701,0.00,0.00
2017.08.17 14:56:03.477,12.83419,12.83672,0.00,0.00
2017.08.17 14:56:03.578,12.83432,12.83592,0.00,0.00
2017.08.17 14:56:03.779,12.83509,12.83711,0.00,0.00
2017.08.17 14:56:03.880,12.83509,12.83761,0.00,0.00
2017.08.17 14:56:04.036,12.83509,12.83722,0.00,0.00
2017.08.17 14:56:04.345,12.83509,12.83682,0.00,0.00
2017.08.17 14:56:04.395,12.83509,12.83712,0.00,0.00
2017.08.17 14:56:04.497,12.83509,12.83721,0.00,0.00
2017.08.17 14:56:04.598,12.83509,12.83702,0.00,0.00
2017.08.17 14:56:04.901,12.83509,12.83692,0.00,0.00
2017.08.17 14:56:05.180,12.83509,12.83702,0.00,0.00
2017.08.17 14:56:05.281,12.83509,12.83681,0.00,0.00
2017.08.17 14:56:05.492,12.83509,12.83712,0.00,0.00
2017.08.17 14:56:05.694,12.83509,12.83762,0.00,0.00
2017.08.17 14:56:05.795,12.83509,12.83701,0.00,0.00
2017.08.17 14:56:06.120,12.83509,12.83692,0.00,0.00
2017.08.17 14:56:06.326,12.83509,12.83722,0.00,0.00
2017.08.17 14:56:06.613,12.83509,12.83692,0.00,0.00
2017.08.17 14:56:06.681,12.83509,12.83721,0.00,0.00
2017.08.17 14:56:06.768,12.83531,12.83721,0.00,0.00
2017.08.17 14:56:06.818,12.83509,12.83721,0.00,0.00
2017.08.17 14:56:06.869,12.83609,12.83721,0.00,0.00
2017.08.17 14:56:06.920,12.83609,12.83782,0.00,0.00
2017.08.17 14:56:07.112,12.83609,12.83811,0.00,0.00
2017.08.17 14:56:07.604,12.83609,12.83781,0.00,0.00
2017.08.17 14:56:07.906,12.83609,12.83822,0.00,0.00
2017.08.17 14:56:08.428,12.83609,12.83792,0.00,0.00
2017.08.17 14:56:08.529,12.83609,12.83871,0.00,0.00
2017.08.17 14:56:08.685,12.83609,12.83841,0.00,0.00
2017.08.17 14:56:09.090,12.83609,12.83792,0.00,0.00
2017.08.17 14:56:09.140,12.83609,12.83822,0.00,0.00
2017.08.17 14:56:09.489,12.83609,12.83862,0.00,0.00
2017.08.17 14:56:09.540,12.83709,12.83862,0.00,0.00
2017.08.17 14:56:09.591,12.83709,12.83902,0.00,0.00
2017.08.17 14:56:09.692,12.83709,12.83919,0.00,0.00
2017.08.17 14:56:09.905,12.83709,12.83921,0.00,0.00
2017.08.17 14:56:10.010,12.83709,12.83919,0.00,0.00
2017.08.17 14:56:10.212,12.83709,12.83921,0.00,0.00
2017.08.17 14:56:10.313,12.83709,12.83892,0.00,0.00
2017.08.17 14:56:10.491,12.83709,12.83911,0.00,0.00
2017.08.17 14:56:10.792,12.83709,12.83922,0.00,0.00
2017.08.17 14:56:11.051,12.83709,12.83891,0.00,0.00
2017.08.17 14:56:11.102,12.83709,12.83931,0.00,0.00
2017.08.17 14:56:11.405,12.83709,12.83891,0.00,0.00
2017.08.17 14:56:12.003,12.83658,12.83801,0.00,0.00
2017.08.17 14:56:12.054,12.83609,12.83801,0.00,0.00
2017.08.17 14:56:12.196,12.83609,12.83811,0.00,0.00
2017.08.17 14:56:12.297,12.83609,12.83822,0.00,0.00
2017.08.17 14:56:12.499,12.83609,12.83841,0.00,0.00
2017.08.17 14:56:12.600,12.83609,12.83822,0.00,0.00
2017.08.17 14:56:13.021,12.83609,12.83852,0.00,0.00
2017.08.17 14:56:13.116,12.83609,12.83871,0.00,0.00
2017.08.17 14:56:13.167,12.83608,12.83862,0.00,0.00
2017.08.17 14:56:13.402,12.83598,12.83862,0.00,0.00
2017.08.17 14:56:13.699,12.83648,12.83871,0.00,0.00
2017.08.17 14:56:13.800,12.83648,12.83902,0.00,0.00
2017.08.17 14:56:14.398,12.83698,12.83902,0.00,0.00
2017.08.17 14:56:14.449,12.83698,12.83932,0.00,0.00
2017.08.17 14:56:14.621,12.83698,12.83921,0.00,0.00
2017.08.17 14:56:14.923,12.83698,12.83901,0.00,0.00
2017.08.17 14:56:15.103,12.83698,12.83912,0.00,0.00
2017.08.17 14:56:15.645,12.83698,12.83931,0.00,0.00
2017.08.17 14:56:15.831,12.83698,12.83902,0.00,0.00
2017.08.17 14:56:15.933,12.83698,12.83932,0.00,0.00
2017.08.17 14:56:16.254,12.83698,12.83901,0.00,0.00
2017.08.17 14:56:16.687,12.83799,12.83901,0.00,0.00
2017.08.17 14:56:16.738,12.83799,12.83922,0.00,0.00
2017.08.17 14:56:16.789,12.83698,12.83922,0.00,0.00
2017.08.17 14:56:16.905,12.83698,12.83952,0.00,0.00
2017.08.17 14:56:16.956,12.83698,12.83942,0.00,0.00
2017.08.17 14:56:17.319,12.83698,12.83932,0.00,0.00
2017.08.17 14:56:17.621,12.83698,12.83891,0.00,0.00
2017.08.17 14:56:18.045,12.83698,12.83921,0.00,0.00
2017.08.17 14:56:18.452,12.83698,12.83932,0.00,0.00
2017.08.17 14:56:18.909,12.83698,12.83912,0.00,0.00
2017.08.17 14:56:19.216,12.83698,12.83901,0.00,0.00
2017.08.17 14:56:19.623,12.83698,12.83882,0.00,0.00
2017.08.17 14:56:19.825,12.83698,12.83921,0.00,0.00
2017.08.17 14:56:19.895,12.83698,12.83909,0.00,0.00
2017.08.17 14:56:19.946,12.83648,12.83879,0.00,0.00
2017.08.17 14:56:20.047,12.83599,12.83812,0.00,0.00
2017.08.17 14:56:20.520,12.83599,12.83802,0.00,0.00
2017.08.17 14:56:21.436,12.83599,12.83832,0.00,0.00
2017.08.17 14:56:21.537,12.83599,12.83801,0.00,0.00
2017.08.17 14:56:21.867,12.83549,12.83779,0.00,0.00
2017.08.17 14:56:21.968,12.83498,12.83762,0.00,0.00
2017.08.17 14:56:22.019,12.83498,12.83722,0.00,0.00
2017.08.17 14:56:22.277,12.83517,12.83762,0.00,0.00
2017.08.17 14:56:22.378,12.83498,12.83762,0.00,0.00
2017.08.17 14:56:22.428,12.83498,12.83712,0.00,0.00
2017.08.17 14:56:22.801,12.83503,12.83712,0.00,0.00
2017.08.17 14:56:22.851,12.83503,12.83732,0.00,0.00
2017.08.17 14:56:22.952,12.83503,12.83742,0.00,0.00
2017.08.17 14:56:23.053,12.83503,12.83721,0.00,0.00
2017.08.17 14:56:23.386,12.83491,12.83698,0.00,0.00
2017.08.17 14:56:23.436,12.83459,12.83678,0.00,0.00
2017.08.17 14:56:23.537,12.83409,12.83621,0.00,0.00
2017.08.17 14:56:23.930,12.83409,12.83652,0.00,0.00
2017.08.17 14:56:24.232,12.83409,12.83622,0.00,0.00
2017.08.17 14:56:24.550,12.83409,12.83652,0.00,0.00
2017.08.17 14:56:24.693,12.83509,12.83652,0.00,0.00
2017.08.17 14:56:24.844,12.83509,12.83732,0.00,0.00
2017.08.17 14:56:25.146,12.83509,12.83741,0.00,0.00
2017.08.17 14:56:25.445,12.83509,12.83722,0.00,0.00
2017.08.17 14:56:25.589,12.83509,12.83732,0.00,0.00
2017.08.17 14:56:25.741,12.83509,12.83701,0.00,0.00
2017.08.17 14:56:25.924,12.83509,12.83731,0.00,0.00
2017.08.17 14:56:26.143,12.83509,12.83702,0.00,0.00
2017.08.17 14:56:26.426,12.83509,12.83722,0.00,0.00
2017.08.17 14:56:26.527,12.83509,12.83702,0.00,0.00
2017.08.17 14:56:26.577,12.83459,12.83679,0.00,0.00
2017.08.17 14:56:26.628,12.83459,12.83671,0.00,0.00
2017.08.17 14:56:26.830,12.83408,12.83662,0.00,0.00
2017.08.17 14:56:27.129,12.83408,12.83621,0.00,0.00
2017.08.17 14:56:27.467,12.83508,12.83641,0.00,0.00
2017.08.17 14:56:27.568,12.83508,12.83732,0.00,0.00
2017.08.17 14:56:27.975,12.83508,12.83722,0.00,0.00
2017.08.17 14:56:28.158,12.83508,12.83732,0.00,0.00
2017.08.17 14:56:28.363,12.83508,12.83701,0.00,0.00
2017.08.17 14:56:28.749,12.83458,12.83701,0.00,0.00
2017.08.17 14:56:28.850,12.83458,12.83672,0.00,0.00
2017.08.17 14:56:29.154,12.83409,12.83611,0.00,0.00
2017.08.17 14:56:29.255,12.83458,12.83709,0.00,0.00
2017.08.17 14:56:29.305,12.83429,12.83672,0.00,0.00
2017.08.17 14:56:29.356,12.83408,12.83672,0.00,0.00
2017.08.17 14:56:29.407,12.83436,12.83672,0.00,0.00
2017.08.17 14:56:29.558,12.83421,12.83672,0.00,0.00
2017.08.17 14:56:29.785,12.83408,12.83671,0.00,0.00
2017.08.17 14:56:29.836,12.83413,12.83672,0.00,0.00
2017.08.17 14:56:30.186,12.83408,12.83652,0.00,0.00
2017.08.17 14:56:30.520,12.83408,12.83612,0.00,0.00
2017.08.17 14:56:30.675,12.83408,12.83641,0.00,0.00
2017.08.17 14:56:30.776,12.83408,12.83612,0.00,0.00
2017.08.17 14:56:31.475,12.83408,12.83651,0.00,0.00
2017.08.17 14:56:31.739,12.83408,12.83621,0.00,0.00
2017.08.17 14:56:31.840,12.83408,12.83631,0.00,0.00
2017.08.17 14:56:31.947,12.83408,12.83621,0.00,0.00
2017.08.17 14:56:32.099,12.83328,12.83571,0.00,0.00
2017.08.17 14:56:32.150,12.83319,12.83571,0.00,0.00
2017.08.17 14:56:32.251,12.83309,12.83522,0.00,0.00
2017.08.17 14:56:32.654,12.83309,12.83512,0.00,0.00
2017.08.17 14:56:32.854,12.83309,12.83551,0.00,0.00
2017.08.17 14:56:33.315,12.83326,12.83552,0.00,0.00
2017.08.17 14:56:33.467,12.83403,12.83642,0.00,0.00
2017.08.17 14:56:33.605,12.83503,12.83642,0.00,0.00
2017.08.17 14:56:33.656,12.83503,12.83692,0.00,0.00
2017.08.17 14:56:33.895,12.83503,12.83699,0.00,0.00
2017.08.17 14:56:33.945,12.83553,12.83731,0.00,0.00
2017.08.17 14:56:34.047,12.83508,12.83742,0.00,0.00
2017.08.17 14:56:34.098,12.83587,12.83742,0.00,0.00
2017.08.17 14:56:34.148,12.83541,12.83772,0.00,0.00
2017.08.17 14:56:34.199,12.83539,12.83772,0.00,0.00
2017.08.17 14:56:34.250,12.83508,12.83722,0.00,0.00
2017.08.17 14:56:34.592,12.83508,12.83711,0.00,0.00
2017.08.17 14:56:34.724,12.83508,12.83732,0.00,0.00
2017.08.17 14:56:34.774,12.83508,12.83712,0.00,0.00
2017.08.17 14:56:35.077,12.83608,12.83799,0.00,0.00
2017.08.17 14:56:35.228,12.83592,12.83799,0.00,0.00
2017.08.17 14:56:35.279,12.83558,12.83779,0.00,0.00
2017.08.17 14:56:35.381,12.83508,12.83721,0.00,0.00
2017.08.17 14:56:35.726,12.83609,12.83801,0.00,0.00
2017.08.17 14:56:35.967,12.83609,12.83812,0.00,0.00
2017.08.17 14:56:36.068,12.83609,12.83821,0.00,0.00
2017.08.17 14:56:36.374,12.83609,12.83812,0.00,0.00
2017.08.17 14:56:36.719,12.83592,12.83752,0.00,0.00
2017.08.17 14:56:36.870,12.83609,12.83799,0.00,0.00
2017.08.17 14:56:37.152,12.83609,12.83781,0.00,0.00
2017.08.17 14:56:37.304,12.83559,12.83781,0.00,0.00
2017.08.17 14:56:37.354,12.83559,12.83742,0.00,0.00
2017.08.17 14:56:37.405,12.83509,12.83742,0.00,0.00
2017.08.17 14:56:37.455,12.83509,12.83702,0.00,0.00
2017.08.17 14:56:37.657,12.83509,12.83741,0.00,0.00
2017.08.17 14:56:37.872,12.83509,12.83711,0.00,0.00
2017.08.17 14:56:38.411,12.83509,12.83712,0.00,0.00
2017.08.17 14:56:38.462,12.83509,12.83771,0.00,0.00
2017.08.17 14:56:38.679,12.83608,12.83798,0.00,0.00
2017.08.17 14:56:38.729,12.83608,12.83822,0.00,0.00
2017.08.17 14:56:39.082,12.83608,12.83832,0.00,0.00
2017.08.17 14:56:39.258,12.83608,12.83812,0.00,0.00
2017.08.17 14:56:39.680,12.83608,12.83801,0.00,0.00
2017.08.17 14:56:39.881,12.83608,12.83831,0.00,0.00
2017.08.17 14:56:40.161,12.83608,12.83829,0.00,0.00
2017.08.17 14:56:40.463,12.83608,12.83822,0.00,0.00
2017.08.17 14:56:40.847,12.83608,12.83802,0.00,0.00
2017.08.17 14:56:40.898,12.83509,12.83722,0.00,0.00
2017.08.17 14:56:40.999,12.83509,12.83761,0.00,0.00
2017.08.17 14:56:41.100,12.83509,12.83771,0.00,0.00
2017.08.17 14:56:41.383,12.83509,12.83761,0.00,0.00
2017.08.17 14:56:41.686,12.83519,12.83728,0.00,0.00
2017.08.17 14:56:41.842,12.83409,12.83672,0.00,0.00
2017.08.17 14:56:41.994,12.83349,12.83571,0.00,0.00
2017.08.17 14:56:42.095,12.83309,12.83571,0.00,0.00
2017.08.17 14:56:42.196,12.83309,12.83529,0.00,0.00
2017.08.17 14:56:42.246,12.83309,12.83531,0.00,0.00
2017.08.17 14:56:42.297,12.83309,12.83528,0.00,0.00
2017.08.17 14:56:42.531,12.83309,12.83531,0.00,0.00
2017.08.17 14:56:42.582,12.83309,12.83539,0.00,0.00
2017.08.17 14:56:42.702,12.83309,12.83532,0.00,0.00
2017.08.17 14:56:42.947,12.83309,12.83562,0.00,0.00
2017.08.17 14:56:43.099,12.83408,12.83532,0.00,0.00
2017.08.17 14:56:43.200,12.83408,12.83642,0.00,0.00
2017.08.17 14:56:43.452,12.83421,12.83642,0.00,0.00
2017.08.17 14:56:43.502,12.83421,12.83661,0.00,0.00
2017.08.17 14:56:43.603,12.83428,12.83672,0.00,0.00
2017.08.17 14:56:43.768,12.83421,12.83672,0.00,0.00
2017.08.17 14:56:43.939,12.83422,12.83632,0.00,0.00
2017.08.17 14:56:44.092,12.83421,12.83672,0.00,0.00
2017.08.17 14:56:44.272,12.83418,12.83672,0.00,0.00
2017.08.17 14:56:44.373,12.83408,12.83641,0.00,0.00
2017.08.17 14:56:44.474,12.83431,12.83672,0.00,0.00
2017.08.17 14:56:44.575,12.83459,12.83629,0.00,0.00
2017.08.17 14:56:44.677,12.83408,12.83629,0.00,0.00
2017.08.17 14:56:45.242,12.83408,12.83628,0.00,0.00
2017.08.17 14:56:45.863,12.83408,12.83629,0.00,0.00
2017.08.17 14:56:46.416,12.83408,12.83628,0.00,0.00
2017.08.17 14:56:46.925,12.83408,12.83629,0.00,0.00
2017.08.17 14:56:47.363,12.83432,12.83661,0.00,0.00
2017.08.17 14:56:47.582,12.83439,12.83672,0.00,0.00
2017.08.17 14:56:47.632,12.83509,12.83699,0.00,0.00
2017.08.17 14:56:47.983,12.83509,12.83722,0.00,0.00
2017.08.17 14:56:48.084,12.83509,12.83729,0.00,0.00
2017.08.17 14:56:48.594,12.83509,12.83728,0.00,0.00
2017.08.17 14:56:48.803,12.83509,12.83722,0.00,0.00
2017.08.17 14:56:48.924,12.83509,12.83729,0.00,0.00
2017.08.17 14:56:49.542,12.83509,12.83728,0.00,0.00
2017.08.17 14:56:49.845,12.83559,12.83769,0.00,0.00
2017.08.17 14:56:49.896,12.83562,12.83792,0.00,0.00
2017.08.17 14:56:49.996,12.83608,12.83829,0.00,0.00
2017.08.17 14:56:50.767,12.83608,12.83828,0.00,0.00
2017.08.17 14:56:50.818,12.83608,12.83862,0.00,0.00
2017.08.17 14:56:50.962,12.83608,12.83829,0.00,0.00
2017.08.17 14:56:51.284,12.83632,12.83862,0.00,0.00
2017.08.17 14:56:51.386,12.83608,12.83862,0.00,0.00
2017.08.17 14:56:51.436,12.83619,12.83869,0.00,0.00
2017.08.17 14:56:51.753,12.83608,12.83829,0.00,0.00
2017.08.17 14:56:52.339,12.83608,12.83828,0.00,0.00
2017.08.17 14:56:52.984,12.83608,12.83829,0.00,0.00
2017.08.17 14:56:53.291,12.83608,12.83822,0.00,0.00
2017.08.17 14:56:54.197,12.83579,12.83822,0.00,0.00
2017.08.17 14:56:54.494,12.83579,12.83829,0.00,0.00
2017.08.17 14:56:55.342,12.83579,12.83812,0.00,0.00
2017.08.17 14:56:55.395,12.83579,12.83829,0.00,0.00
2017.08.17 14:56:56.133,12.83579,12.83828,0.00,0.00
2017.08.17 14:56:56.255,12.83579,12.83811,0.00,0.00
2017.08.17 14:56:56.521,12.83579,12.83829,0.00,0.00
2017.08.17 14:56:56.672,12.83661,12.83841,0.00,0.00
2017.08.17 14:56:56.723,12.83662,12.83872,0.00,0.00
2017.08.17 14:56:56.774,12.83678,12.83872,0.00,0.00
2017.08.17 14:56:56.825,12.83678,12.83928,0.00,0.00
2017.08.17 14:56:56.926,12.83678,12.83902,0.00,0.00
2017.08.17 14:56:57.112,12.83678,12.83928,0.00,0.00
2017.08.17 14:56:57.548,12.83689,12.83929,0.00,0.00
2017.08.17 14:56:57.801,12.83678,12.83929,0.00,0.00
2017.08.17 14:56:58.002,12.83678,12.83911,0.00,0.00
2017.08.17 14:56:58.542,12.83678,12.83921,0.00,0.00
2017.08.17 14:56:58.744,12.83688,12.83928,0.00,0.00
2017.08.17 14:56:59.224,12.83678,12.83928,0.00,0.00
2017.08.17 14:56:59.326,12.83678,12.83912,0.00,0.00
2017.08.17 14:56:59.723,12.83678,12.83928,0.00,0.00
2017.08.17 14:56:59.913,12.83678,12.83912,0.00,0.00
2017.08.17 14:57:00.231,12.83678,12.83928,0.00,0.00
2017.08.17 14:57:00.332,12.83678,12.83902,0.00,0.00
2017.08.17 14:57:00.609,12.83678,12.83928,0.00,0.00
2017.08.17 14:57:00.710,12.83689,12.83929,0.00,0.00
2017.08.17 14:57:01.044,12.83678,12.83928,0.00,0.00
2017.08.17 14:57:01.312,12.83678,12.83912,0.00,0.00
2017.08.17 14:57:01.514,12.83678,12.83928,0.00,0.00
2017.08.17 14:57:01.715,12.83678,12.83902,0.00,0.00
2017.08.17 14:57:01.913,12.83678,12.83929,0.00,0.00
2017.08.17 14:57:02.694,12.83678,12.83928,0.00,0.00
2017.08.17 14:57:03.117,12.83678,12.83901,0.00,0.00
2017.08.17 14:57:03.917,12.83678,12.83921,0.00,0.00
2017.08.17 14:57:04.246,12.83678,12.83899,0.00,0.00
2017.08.17 14:57:04.347,12.83579,12.83822,0.00,0.00
2017.08.17 14:57:04.448,12.83579,12.83801,0.00,0.00
2017.08.17 14:57:04.758,12.83579,12.83829,0.00,0.00
2017.08.17 14:57:04.961,12.83579,12.83802,0.00,0.00
2017.08.17 14:57:05.138,12.83579,12.83829,0.00,0.00
2017.08.17 14:57:05.239,12.83579,12.83801,0.00,0.00
2017.08.17 14:57:05.342,12.83579,12.83829,0.00,0.00
2017.08.17 14:57:05.873,12.83579,12.83828,0.00,0.00
2017.08.17 14:57:06.028,12.83579,12.83811,0.00,0.00
2017.08.17 14:57:06.737,12.83579,12.83821,0.00,0.00
2017.08.17 14:57:06.885,12.83562,12.83791,0.00,0.00
2017.08.17 14:57:06.936,12.83531,12.83782,0.00,0.00
2017.08.17 14:57:07.143,12.83578,12.83798,0.00,0.00
2017.08.17 14:57:07.529,12.83578,12.83792,0.00,0.00
2017.08.17 14:57:08.177,12.83531,12.83792,0.00,0.00
2017.08.17 14:57:08.278,12.83531,12.83782,0.00,0.00
2017.08.17 14:57:08.457,12.83531,12.83792,0.00,0.00
2017.08.17 14:57:08.532,12.83531,12.83781,0.00,0.00
2017.08.17 14:57:08.863,12.83528,12.83781,0.00,0.00
2017.08.17 14:57:08.914,12.83499,12.83729,0.00,0.00
2017.08.17 14:57:09.166,12.83532,12.83791,0.00,0.00
2017.08.17 14:57:09.364,12.83561,12.83791,0.00,0.00
2017.08.17 14:57:09.566,12.83579,12.83829,0.00,0.00
2017.08.17 14:57:09.743,12.83579,12.83801,0.00,0.00
2017.08.17 14:57:10.029,12.83529,12.83791,0.00,0.00
2017.08.17 14:57:10.080,12.83529,12.83729,0.00,0.00
2017.08.17 14:57:10.130,12.83498,12.83729,0.00,0.00
2017.08.17 14:57:10.181,12.83479,12.83722,0.00,0.00
2017.08.17 14:57:10.389,12.83479,12.83728,0.00,0.00
2017.08.17 14:57:10.439,12.83501,12.83729,0.00,0.00
2017.08.17 14:57:10.491,12.83531,12.83771,0.00,0.00
2017.08.17 14:57:10.592,12.83532,12.83792,0.00,0.00
2017.08.17 14:57:10.768,12.83578,12.83798,0.00,0.00
2017.08.17 14:57:10.984,12.83578,12.83822,0.00,0.00
2017.08.17 14:57:11.479,12.83578,12.83802,0.00,0.00
2017.08.17 14:57:12.052,12.83578,12.83799,0.00,0.00
2017.08.17 14:57:12.203,12.83478,12.83729,0.00,0.00
2017.08.17 14:57:12.254,12.83478,12.83722,0.00,0.00
2017.08.17 14:57:12.345,12.83478,12.83729,0.00,0.00
2017.08.17 14:57:12.588,12.83478,12.83721,0.00,0.00
2017.08.17 14:57:12.846,12.83478,12.83728,0.00,0.00
2017.08.17 14:57:13.211,12.83478,12.83712,0.00,0.00
2017.08.17 14:57:13.484,12.83579,12.83829,0.00,0.00
2017.08.17 14:57:13.534,12.83548,12.83792,0.00,0.00
2017.08.17 14:57:13.686,12.83478,12.83729,0.00,0.00
2017.08.17 14:57:13.787,12.83478,12.83722,0.00,0.00
2017.08.17 14:57:14.176,12.83522,12.83728,0.00,0.00
2017.08.17 14:57:14.277,12.83498,12.83729,0.00,0.00
2017.08.17 14:57:14.401,12.83478,12.83722,0.00,0.00
2017.08.17 14:57:14.593,12.83478,12.83728,0.00,0.00
2017.08.17 14:57:14.852,12.83478,12.83722,0.00,0.00
2017.08.17 14:57:15.968,12.83478,12.83711,0.00,0.00
2017.08.17 14:57:16.170,12.83478,12.83728,0.00,0.00
2017.08.17 14:57:16.381,12.83478,12.83712,0.00,0.00
2017.08.17 14:57:16.722,12.83478,12.83702,0.00,0.00
2017.08.17 14:57:17.148,12.83478,12.83729,0.00,0.00
2017.08.17 14:57:17.199,12.83478,12.83701,0.00,0.00
2017.08.17 14:57:17.371,12.83478,12.83729,0.00,0.00
2017.08.17 14:57:17.474,12.83478,12.83722,0.00,0.00
2017.08.17 14:57:17.676,12.83478,12.83729,0.00,0.00
2017.08.17 14:57:17.878,12.83478,12.83712,0.00,0.00
2017.08.17 14:57:17.961,12.83478,12.83728,0.00,0.00
2017.08.17 14:57:18.012,12.83459,12.83691,0.00,0.00
2017.08.17 14:57:18.164,12.83378,12.83622,0.00,0.00
2017.08.17 14:57:18.366,12.83378,12.83628,0.00,0.00
2017.08.17 14:57:18.529,12.83378,12.83622,0.00,0.00
2017.08.17 14:57:18.832,12.83378,12.83611,0.00,0.00
2017.08.17 14:57:18.882,12.83378,12.83629,0.00,0.00
2017.08.17 14:57:19.413,12.83473,12.83622,0.00,0.00
2017.08.17 14:57:19.607,12.83461,12.83691,0.00,0.00
2017.08.17 14:57:19.659,12.83429,12.83629,0.00,0.00
2017.08.17 14:57:19.710,12.83388,12.83629,0.00,0.00
2017.08.17 14:57:19.811,12.83379,12.83628,0.00,0.00
2017.08.17 14:57:19.862,12.83361,12.83591,0.00,0.00
2017.08.17 14:57:20.014,12.83278,12.83529,0.00,0.00
2017.08.17 14:57:20.577,12.83278,12.83522,0.00,0.00
2017.08.17 14:57:20.811,12.83278,12.83528,0.00,0.00
2017.08.17 14:57:21.183,12.83278,12.83508,0.00,0.00
2017.08.17 14:57:21.335,12.83279,12.83522,0.00,0.00
2017.08.17 14:57:21.501,12.83279,12.83529,0.00,0.00
2017.08.17 14:57:21.831,12.83279,12.83508,0.00,0.00
2017.08.17 14:57:21.882,12.83238,12.83492,0.00,0.00
2017.08.17 14:57:21.983,12.83231,12.83492,0.00,0.00
2017.08.17 14:57:22.161,12.83231,12.83441,0.00,0.00
2017.08.17 14:57:22.313,12.83278,12.83499,0.00,0.00
2017.08.17 14:57:22.528,12.83278,12.83528,0.00,0.00
2017.08.17 14:57:23.142,12.83278,12.83529,0.00,0.00
2017.08.17 14:57:23.726,12.83278,12.83511,0.00,0.00
2017.08.17 14:57:24.022,12.83278,12.83528,0.00,0.00
2017.08.17 14:57:24.223,12.83278,12.83522,0.00,0.00
2017.08.17 14:57:24.324,12.83279,12.83528,0.00,0.00
2017.08.17 14:57:24.794,12.83289,12.83528,0.00,0.00
2017.08.17 14:57:24.845,12.83331,12.83571,0.00,0.00
2017.08.17 14:57:24.896,12.83331,12.83591,0.00,0.00
2017.08.17 14:57:25.047,12.83329,12.83592,0.00,0.00
2017.08.17 14:57:25.148,12.83329,12.83529,0.00,0.00
2017.08.17 14:57:25.199,12.83278,12.83529,0.00,0.00
2017.08.17 14:57:25.300,12.83278,12.83522,0.00,0.00
2017.08.17 14:57:25.790,12.83278,12.83529,0.00,0.00
2017.08.17 14:57:26.117,12.83278,12.83521,0.00,0.00
2017.08.17 14:57:26.419,12.83427,12.83622,0.00,0.00
2017.08.17 14:57:26.520,12.83427,12.83629,0.00,0.00
2017.08.17 14:57:26.571,12.83409,12.83628,0.00,0.00
2017.08.17 14:57:26.672,12.83378,12.83628,0.00,0.00
2017.08.17 14:57:26.723,12.83378,12.83611,0.00,0.00
2017.08.17 14:57:27.133,12.83378,12.83622,0.00,0.00
2017.08.17 14:57:27.234,12.83378,12.83628,0.00,0.00
2017.08.17 14:57:27.335,12.83378,12.83611,0.00,0.00
2017.08.17 14:57:27.683,12.83378,12.83602,0.00,0.00
2017.08.17 14:57:28.230,12.83378,12.83628,0.00,0.00
2017.08.17 14:57:28.283,12.83378,12.83602,0.00,0.00
2017.08.17 14:57:28.424,12.83378,12.83612,0.00,0.00
2017.08.17 14:57:28.498,12.83378,12.83629,0.00,0.00
2017.08.17 14:57:28.744,12.83378,12.83601,0.00,0.00
2017.08.17 14:57:29.212,12.83378,12.83628,0.00,0.00
2017.08.17 14:57:29.500,12.83378,12.83601,0.00,0.00
2017.08.17 14:57:29.604,12.83378,12.83628,0.00,0.00
2017.08.17 14:57:29.706,12.83383,12.83629,0.00,0.00
2017.08.17 14:57:30.074,12.83378,12.83611,0.00,0.00
2017.08.17 14:57:30.226,12.83428,12.83691,0.00,0.00
2017.08.17 14:57:30.276,12.83428,12.83668,0.00,0.00
2017.08.17 14:57:30.603,12.83478,12.83701,0.00,0.00
2017.08.17 14:57:30.906,12.83478,12.83682,0.00,0.00
2017.08.17 14:57:31.009,12.83478,12.83702,0.00,0.00
2017.08.17 14:57:31.211,12.83432,12.83672,0.00,0.00
2017.08.17 14:57:31.336,12.83432,12.83652,0.00,0.00
2017.08.17 14:57:31.629,12.83389,12.83628,0.00,0.00
2017.08.17 14:57:31.730,12.83378,12.83592,0.00,0.00
2017.08.17 14:57:32.131,12.83378,12.83571,0.00,0.00
2017.08.17 14:57:32.432,12.83378,12.83601,0.00,0.00
2017.08.17 14:57:32.744,12.83378,12.83621,0.00,0.00
2017.08.17 14:57:32.881,12.83378,12.83582,0.00,0.00
2017.08.17 14:57:33.337,12.83378,12.83611,0.00,0.00
2017.08.17 14:57:33.447,12.83378,12.83629,0.00,0.00
2017.08.17 14:57:33.757,12.83378,12.83618,0.00,0.00
2017.08.17 14:57:34.067,12.83378,12.83628,0.00,0.00
2017.08.17 14:57:34.593,12.83378,12.83631,0.00,0.00
2017.08.17 14:57:34.760,12.83378,12.83628,0.00,0.00
2017.08.17 14:57:35.300,12.83378,12.83629,0.00,0.00
2017.08.17 14:57:35.934,12.83378,12.83628,0.00,0.00
2017.08.17 14:57:36.290,12.83378,12.83622,0.00,0.00
2017.08.17 14:57:36.763,12.83378,12.83612,0.00,0.00
2017.08.17 14:57:36.866,12.83378,12.83629,0.00,0.00
2017.08.17 14:57:37.166,12.83378,12.83621,0.00,0.00
2017.08.17 14:57:37.599,12.83378,12.83629,0.00,0.00
2017.08.17 14:57:37.650,12.83378,12.83602,0.00,0.00
2017.08.17 14:57:37.964,12.83349,12.83592,0.00,0.00
2017.08.17 14:57:38.015,12.83362,12.83592,0.00,0.00
2017.08.17 14:57:38.300,12.83348,12.83579,0.00,0.00
2017.08.17 14:57:38.351,12.83348,12.83529,0.00,0.00
2017.08.17 14:57:38.401,12.83278,12.83522,0.00,0.00
2017.08.17 14:57:38.654,12.83278,12.83529,0.00,0.00
2017.08.17 14:57:39.215,12.83278,12.83522,0.00,0.00
2017.08.17 14:57:39.690,12.83278,12.83528,0.00,0.00
2017.08.17 14:57:39.760,12.83278,12.83522,0.00,0.00
2017.08.17 14:57:40.379,12.83278,12.83529,0.00,0.00
2017.08.17 14:57:40.866,12.83278,12.83512,0.00,0.00
2017.08.17 14:57:41.150,12.83278,12.83529,0.00,0.00
2017.08.17 14:57:41.402,12.83288,12.83528,0.00,0.00
2017.08.17 14:57:41.572,12.83278,12.83528,0.00,0.00
2017.08.17 14:57:42.095,12.83278,12.83529,0.00,0.00
2017.08.17 14:57:42.610,12.83278,12.83528,0.00,0.00
2017.08.17 14:57:42.900,12.83261,12.83442,0.00,0.00
2017.08.17 14:57:42.952,12.83178,12.83429,0.00,0.00
2017.08.17 14:57:43.003,12.83178,12.83422,0.00,0.00
2017.08.17 14:57:43.386,12.83178,12.83429,0.00,0.00
2017.08.17 14:57:43.737,12.83159,12.83309,0.00,0.00
2017.08.17 14:57:43.788,12.83059,12.83292,0.00,0.00
2017.08.17 14:57:43.838,12.83059,12.83268,0.00,0.00
2017.08.17 14:57:43.889,12.83061,12.83292,0.00,0.00
2017.08.17 14:57:43.940,12.83079,12.83312,0.00,0.00
2017.08.17 14:57:43.990,12.83079,12.83302,0.00,0.00
2017.08.17 14:57:44.091,12.83088,12.83329,0.00,0.00
2017.08.17 14:57:44.243,12.83131,12.83372,0.00,0.00
2017.08.17 14:57:44.507,12.83178,12.83428,0.00,0.00
2017.08.17 14:57:45.011,12.83178,12.83429,0.00,0.00
2017.08.17 14:57:45.062,12.83178,12.83442,0.00,0.00
2017.08.17 14:57:45.113,12.83178,12.83429,0.00,0.00
2017.08.17 14:57:45.432,12.83178,12.83411,0.00,0.00
2017.08.17 14:57:45.783,12.83178,12.83429,0.00,0.00
2017.08.17 14:57:46.215,12.83178,12.83412,0.00,0.00
2017.08.17 14:57:46.417,12.83279,12.83528,0.00,0.00
2017.08.17 14:57:46.569,12.83248,12.83491,0.00,0.00
2017.08.17 14:57:46.821,12.83178,12.83428,0.00,0.00
2017.08.17 14:57:47.002,12.83178,12.83391,0.00,0.00
2017.08.17 14:57:47.406,12.83178,12.83422,0.00,0.00
2017.08.17 14:57:47.508,12.83178,12.83429,0.00,0.00
2017.08.17 14:57:47.710,12.83169,12.83391,0.00,0.00
2017.08.17 14:57:48.034,12.83321,12.83431,0.00,0.00
2017.08.17 14:57:48.135,12.83332,12.83482,0.00,0.00
2017.08.17 14:57:48.187,12.83368,12.83571,0.00,0.00
2017.08.17 14:57:48.288,12.83368,12.83579,0.00,0.00
2017.08.17 14:57:48.439,12.83368,12.83572,0.00,0.00
2017.08.17 14:57:48.586,12.83368,12.83579,0.00,0.00
2017.08.17 14:57:48.688,12.83368,12.83628,0.00,0.00
2017.08.17 14:57:48.929,12.83368,12.83612,0.00,0.00
2017.08.17 14:57:49.267,12.83468,12.83591,0.00,0.00
2017.08.17 14:57:49.317,12.83468,12.83628,0.00,0.00
2017.08.17 14:57:49.455,12.83368,12.83629,0.00,0.00
2017.08.17 14:57:49.505,12.83368,12.83592,0.00,0.00
2017.08.17 14:57:49.900,12.83368,12.83602,0.00,0.00
2017.08.17 14:57:50.203,12.83368,12.83629,0.00,0.00
2017.08.17 14:57:50.371,12.83378,12.83629,0.00,0.00
2017.08.17 14:57:50.705,12.83368,12.83601,0.00,0.00
2017.08.17 14:57:51.043,12.83431,12.83611,0.00,0.00
2017.08.17 14:57:51.245,12.83469,12.83702,0.00,0.00
2017.08.17 14:57:51.609,12.83469,12.83671,0.00,0.00
2017.08.17 14:57:51.811,12.83469,12.83711,0.00,0.00
2017.08.17 14:57:52.113,12.83469,12.83722,0.00,0.00
2017.08.17 14:57:52.512,12.83469,12.83692,0.00,0.00
2017.08.17 14:57:52.858,12.83469,12.83682,0.00,0.00
2017.08.17 14:57:52.908,12.83452,12.83682,0.00,0.00
2017.08.17 14:57:52.959,12.83431,12.83682,0.00,0.00
2017.08.17 14:57:53.010,12.83421,12.83659,0.00,0.00
2017.08.17 14:57:53.061,12.83369,12.83631,0.00,0.00
2017.08.17 14:57:53.205,12.83431,12.83622,0.00,0.00
2017.08.17 14:57:53.256,12.83431,12.83692,0.00,0.00
2017.08.17 14:57:53.307,12.83478,12.83692,0.00,0.00
2017.08.17 14:57:53.358,12.83478,12.83702,0.00,0.00
2017.08.17 14:57:53.459,12.83478,12.83722,0.00,0.00
2017.08.17 14:57:53.569,12.83438,12.83642,0.00,0.00
2017.08.17 14:57:53.620,12.83422,12.83642,0.00,0.00
2017.08.17 14:57:53.721,12.83431,12.83652,0.00,0.00
2017.08.17 14:57:53.771,12.83452,12.83652,0.00,0.00
2017.08.17 14:57:53.822,12.83451,12.83692,0.00,0.00
2017.08.17 14:57:53.873,12.83479,12.83721,0.00,0.00
2017.08.17 14:57:54.244,12.83479,12.83712,0.00,0.00
2017.08.17 14:57:54.913,12.83479,12.83711,0.00,0.00
2017.08.17 14:57:55.064,12.83479,12.83729,0.00,0.00
2017.08.17 14:57:55.175,12.83479,12.83709,0.00,0.00
2017.08.17 14:57:55.225,12.83448,12.83692,0.00,0.00
2017.08.17 14:57:55.276,12.83448,12.83659,0.00,0.00
2017.08.17 14:57:55.327,12.83399,12.83629,0.00,0.00
2017.08.17 14:57:55.428,12.83379,12.83629,0.00,0.00
2017.08.17 14:57:56.063,12.83379,12.83628,0.00,0.00
2017.08.17 14:57:56.365,12.83379,12.83621,0.00,0.00
2017.08.17 14:57:56.567,12.83379,12.83629,0.00,0.00
2017.08.17 14:57:56.971,12.83398,12.83628,0.00,0.00
2017.08.17 14:57:57.125,12.83379,12.83629,0.00,0.00
2017.08.17 14:57:57.176,12.83379,12.83622,0.00,0.00
2017.08.17 14:57:57.378,12.83478,12.83729,0.00,0.00
2017.08.17 14:57:57.529,12.83449,12.83691,0.00,0.00
2017.08.17 14:57:57.832,12.83478,12.83701,0.00,0.00
2017.08.17 14:57:57.883,12.83478,12.83729,0.00,0.00
2017.08.17 14:57:58.052,12.83432,12.83692,0.00,0.00
2017.08.17 14:57:58.153,12.83431,12.83681,0.00,0.00
2017.08.17 14:57:58.336,12.83432,12.83691,0.00,0.00
2017.08.17 14:57:58.538,12.83478,12.83692,0.00,0.00
2017.08.17 14:57:58.639,12.83478,12.83719,0.00,0.00
2017.08.17 14:57:58.931,12.83478,12.83722,0.00,0.00
2017.08.17 14:57:58.982,12.83478,12.83692,0.00,0.00
2017.08.17 14:57:59.083,12.83478,12.83729,0.00,0.00
2017.08.17 14:57:59.481,12.83478,12.83721,0.00,0.00
2017.08.17 14:57:59.582,12.83478,12.83729,0.00,0.00
2017.08.17 14:57:59.742,12.83478,12.83702,0.00,0.00
2017.08.17 14:58:00.243,12.83478,12.83721,0.00,0.00
2017.08.17 14:58:00.294,12.83439,12.83692,0.00,0.00
2017.08.17 14:58:00.345,12.83452,12.83692,0.00,0.00
2017.08.17 14:58:00.395,12.83432,12.83692,0.00,0.00
2017.08.17 14:58:00.644,12.83438,12.83692,0.00,0.00
2017.08.17 14:58:00.973,12.83401,12.83642,0.00,0.00
2017.08.17 14:58:01.248,12.83479,12.83729,0.00,0.00
2017.08.17 14:58:01.492,12.83531,12.83741,0.00,0.00
2017.08.17 14:58:01.542,12.83531,12.83752,0.00,0.00
2017.08.17 14:58:01.593,12.83551,12.83782,0.00,0.00
2017.08.17 14:58:01.644,12.83578,12.83782,0.00,0.00
2017.08.17 14:58:01.694,12.83578,12.83822,0.00,0.00
2017.08.17 14:58:02.094,12.83578,12.83802,0.00,0.00
2017.08.17 14:58:02.195,12.83538,12.83791,0.00,0.00
2017.08.17 14:58:02.246,12.83538,12.83728,0.00,0.00
2017.08.17 14:58:02.297,12.83479,12.83729,0.00,0.00
2017.08.17 14:58:02.398,12.83478,12.83711,0.00,0.00
2017.08.17 14:58:02.701,12.83478,12.83722,0.00,0.00
2017.08.17 14:58:02.852,12.83478,12.83701,0.00,0.00
2017.08.17 14:58:03.254,12.83478,12.83728,0.00,0.00
2017.08.17 14:58:03.790,12.83478,12.83742,0.00,0.00
2017.08.17 14:58:03.841,12.83501,12.83729,0.00,0.00
2017.08.17 14:58:04.105,12.83578,12.83809,0.00,0.00
2017.08.17 14:58:04.206,12.83531,12.83791,0.00,0.00
2017.08.17 14:58:04.256,12.83551,12.83791,0.00,0.00
2017.08.17 14:58:04.559,12.83622,12.83822,0.00,0.00
2017.08.17 14:58:04.660,12.83622,12.83828,0.00,0.00
2017.08.17 14:58:05.106,12.83621,12.83822,0.00,0.00
2017.08.17 14:58:05.385,12.83622,12.83828,0.00,0.00
2017.08.17 14:58:05.587,12.83622,12.83802,0.00,0.00
2017.08.17 14:58:05.813,12.83621,12.83829,0.00,0.00
2017.08.17 14:58:06.376,12.83622,12.83828,0.00,0.00
2017.08.17 14:58:06.426,12.83671,12.83831,0.00,0.00
2017.08.17 14:58:06.578,12.83722,12.83928,0.00,0.00
2017.08.17 14:58:06.679,12.83721,12.83901,0.00,0.00
2017.08.17 14:58:06.880,12.83722,12.83928,0.00,0.00
2017.08.17 14:58:07.087,12.83722,12.83902,0.00,0.00
2017.08.17 14:58:07.415,12.83672,12.83898,0.00,0.00
2017.08.17 14:58:07.516,12.83671,12.83861,0.00,0.00
2017.08.17 14:58:07.669,12.83671,12.83892,0.00,0.00
2017.08.17 14:58:07.720,12.83708,12.83892,0.00,0.00
2017.08.17 14:58:07.871,12.83708,12.83898,0.00,0.00
2017.08.17 14:58:07.972,12.83708,12.83892,0.00,0.00
2017.08.17 14:58:08.326,12.83658,12.83829,0.00,0.00
2017.08.17 14:58:08.481,12.83621,12.83811,0.00,0.00
2017.08.17 14:58:08.671,12.83622,12.83828,0.00,0.00
2017.08.17 14:58:08.800,12.83622,12.83821,0.00,0.00
2017.08.17 14:58:09.173,12.83621,12.83802,0.00,0.00
2017.08.17 14:58:09.373,12.83621,12.83829,0.00,0.00
2017.08.17 14:58:09.474,12.83621,12.83802,0.00,0.00
2017.08.17 14:58:09.806,12.83621,12.83829,0.00,0.00
2017.08.17 14:58:09.975,12.83621,12.83811,0.00,0.00
2017.08.17 14:58:10.405,12.83622,12.83828,0.00,0.00
2017.08.17 14:58:10.556,12.83569,12.83728,0.00,0.00
2017.08.17 14:58:10.749,12.83521,12.83729,0.00,0.00
2017.08.17 14:58:10.934,12.83559,12.83729,0.00,0.00
2017.08.17 14:58:10.985,12.83559,12.83762,0.00,0.00
2017.08.17 14:58:11.035,12.83571,12.83762,0.00,0.00
2017.08.17 14:58:11.086,12.83571,12.83799,0.00,0.00
2017.08.17 14:58:11.187,12.83559,12.83799,0.00,0.00
2017.08.17 14:58:11.238,12.83529,12.83728,0.00,0.00
2017.08.17 14:58:11.288,12.83522,12.83728,0.00,0.00
2017.08.17 14:58:11.844,12.83521,12.83729,0.00,0.00
2017.08.17 14:58:12.395,12.83522,12.83728,0.00,0.00
2017.08.17 14:58:13.148,12.83521,12.83729,0.00,0.00
2017.08.17 14:58:13.650,12.83522,12.83728,0.00,0.00
2017.08.17 14:58:14.169,12.83521,12.83729,0.00,0.00
2017.08.17 14:58:14.729,12.83522,12.83728,0.00,0.00
2017.08.17 14:58:15.275,12.83521,12.83729,0.00,0.00
2017.08.17 14:58:15.819,12.83522,12.83728,0.00,0.00
2017.08.17 14:58:16.332,12.83571,12.83732,0.00,0.00
2017.08.17 14:58:16.534,12.83621,12.83829,0.00,0.00
2017.08.17 14:58:16.897,12.83708,12.83842,0.00,0.00
2017.08.17 14:58:16.998,12.83708,12.83898,0.00,0.00
2017.08.17 14:58:17.099,12.83708,12.83909,0.00,0.00
2017.08.17 14:58:17.250,12.83708,12.83911,0.00,0.00
2017.08.17 14:58:17.502,12.83708,12.83882,0.00,0.00
2017.08.17 14:58:17.603,12.83708,12.83929,0.00,0.00
2017.08.17 14:58:18.141,12.83708,12.83928,0.00,0.00
2017.08.17 14:58:18.242,12.83708,12.83911,0.00,0.00
2017.08.17 14:58:18.581,12.83708,12.83892,0.00,0.00
2017.08.17 14:58:18.802,12.83708,12.83921,0.00,0.00
2017.08.17 14:58:19.007,12.83708,12.83882,0.00,0.00
2017.08.17 14:58:19.057,12.83708,12.83902,0.00,0.00
2017.08.17 14:58:19.309,12.83708,12.83911,0.00,0.00
2017.08.17 14:58:19.604,12.83708,12.83892,0.00,0.00
2017.08.17 14:58:19.874,12.83632,12.83892,0.00,0.00
2017.08.17 14:58:19.925,12.83631,12.83872,0.00,0.00
2017.08.17 14:58:20.256,12.83708,12.83898,0.00,0.00
2017.08.17 14:58:20.539,12.83708,12.83928,0.00,0.00
2017.08.17 14:58:20.707,12.83708,12.83921,0.00,0.00
2017.08.17 14:58:20.809,12.83708,12.83929,0.00,0.00
2017.08.17 14:58:20.909,12.83708,12.83921,0.00,0.00
2017.08.17 14:58:21.292,12.83708,12.83911,0.00,0.00
2017.08.17 14:58:21.342,12.83658,12.83909,0.00,0.00
2017.08.17 14:58:21.393,12.83671,12.83909,0.00,0.00
2017.08.17 14:58:21.544,12.83622,12.83878,0.00,0.00
2017.08.17 14:58:21.645,12.83622,12.83832,0.00,0.00
2017.08.17 14:58:21.948,12.83621,12.83829,0.00,0.00
2017.08.17 14:58:22.256,12.83621,12.83822,0.00,0.00
2017.08.17 14:58:22.444,12.83621,12.83829,0.00,0.00
2017.08.17 14:58:24.368,12.83622,12.83828,0.00,0.00
2017.08.17 14:58:24.719,12.83672,12.83832,0.00,0.00
2017.08.17 14:58:24.885,12.83672,12.83852,0.00,0.00
2017.08.17 14:58:24.936,12.83808,12.83998,0.00,0.00
2017.08.17 14:58:25.130,12.83808,12.84022,0.00,0.00
2017.08.17 14:58:25.423,12.83808,12.83991,0.00,0.00
2017.08.17 14:58:25.744,12.83808,12.84002,0.00,0.00
2017.08.17 14:58:25.845,12.83859,12.84021,0.00,0.00
2017.08.17 14:58:25.946,12.83922,12.84121,0.00,0.00
2017.08.17 14:58:26.047,12.83921,12.84129,0.00,0.00
2017.08.17 14:58:26.098,12.84008,12.84132,0.00,0.00
2017.08.17 14:58:26.149,12.84021,12.84212,0.00,0.00
2017.08.17 14:58:26.346,12.84002,12.84102,0.00,0.00
2017.08.17 14:58:26.397,12.83908,12.84102,0.00,0.00
2017.08.17 14:58:26.448,12.83931,12.84102,0.00,0.00
2017.08.17 14:58:26.550,12.84009,12.84191,0.00,0.00
2017.08.17 14:58:26.653,12.84009,12.84222,0.00,0.00
2017.08.17 14:58:26.831,12.84009,12.84191,0.00,0.00
2017.08.17 14:58:26.984,12.84009,12.84201,0.00,0.00
2017.08.17 14:58:27.164,12.84009,12.84211,0.00,0.00
2017.08.17 14:58:27.265,12.84009,12.84229,0.00,0.00
2017.08.17 14:58:27.366,12.84009,12.84201,0.00,0.00
2017.08.17 14:58:27.417,12.83971,12.84179,0.00,0.00
2017.08.17 14:58:27.518,12.83922,12.84178,0.00,0.00
2017.08.17 14:58:27.568,12.83922,12.84142,0.00,0.00
2017.08.17 14:58:27.911,12.84021,12.84229,0.00,0.00
2017.08.17 14:58:28.304,12.84031,12.84231,0.00,0.00
2017.08.17 14:58:28.455,12.84058,12.84272,0.00,0.00
2017.08.17 14:58:28.547,12.84021,12.84242,0.00,0.00
2017.08.17 14:58:28.597,12.84089,12.84242,0.00,0.00
2017.08.17 14:58:28.648,12.84089,12.84312,0.00,0.00
2017.08.17 14:58:28.749,12.84089,12.84321,0.00,0.00
2017.08.17 14:58:29.071,12.84089,12.84292,0.00,0.00
2017.08.17 14:58:29.327,12.83969,12.84228,0.00,0.00
2017.08.17 14:58:29.377,12.84022,12.84211,0.00,0.00
2017.08.17 14:58:29.582,12.84001,12.84241,0.00,0.00
2017.08.17 14:58:29.733,12.83979,12.84241,0.00,0.00
2017.08.17 14:58:29.784,12.84001,12.84231,0.00,0.00
2017.08.17 14:58:29.835,12.83979,12.84229,0.00,0.00
2017.08.17 14:58:29.885,12.83979,12.84221,0.00,0.00
2017.08.17 14:58:30.212,12.83979,12.84212,0.00,0.00
2017.08.17 14:58:30.561,12.83979,12.84229,0.00,0.00
2017.08.17 14:58:30.953,12.83979,12.84212,0.00,0.00
2017.08.17 14:58:31.330,12.83979,12.84201,0.00,0.00
2017.08.17 14:58:31.505,12.83979,12.84212,0.00,0.00
2017.08.17 14:58:31.556,12.83979,12.84202,0.00,0.00
2017.08.17 14:58:31.691,12.83979,12.84212,0.00,0.00
2017.08.17 14:58:31.749,12.83979,12.84228,0.00,0.00
2017.08.17 14:58:31.849,12.84032,12.84231,0.00,0.00
2017.08.17 14:58:31.950,12.84031,12.84282,0.00,0.00
2017.08.17 14:58:32.051,12.84022,12.84282,0.00,0.00
2017.08.17 14:58:32.152,12.84021,12.84262,0.00,0.00
2017.08.17 14:58:32.371,12.84021,12.84282,0.00,0.00
2017.08.17 14:58:32.422,12.84068,12.84282,0.00,0.00
2017.08.17 14:58:32.472,12.84068,12.84302,0.00,0.00
2017.08.17 14:58:32.574,12.84068,12.84321,0.00,0.00
2017.08.17 14:58:33.118,12.84068,12.84322,0.00,0.00
2017.08.17 14:58:33.169,12.84068,12.84311,0.00,0.00
2017.08.17 14:58:33.270,12.84068,12.84322,0.00,0.00
2017.08.17 14:58:33.455,12.84068,12.84311,0.00,0.00
2017.08.17 14:58:33.682,12.84051,12.84321,0.00,0.00
2017.08.17 14:58:33.783,12.84051,12.84312,0.00,0.00
2017.08.17 14:58:33.942,12.84051,12.84329,0.00,0.00
2017.08.17 14:58:33.993,12.84059,12.84328,0.00,0.00
2017.08.17 14:58:34.296,12.84151,12.84419,0.00,0.00
2017.08.17 14:58:34.604,12.84122,12.84328,0.00,0.00
2017.08.17 14:58:34.655,12.84121,12.84332,0.00,0.00
2017.08.17 14:58:34.756,12.84088,12.84331,0.00,0.00
2017.08.17 14:58:34.857,12.84051,12.84321,0.00,0.00
2017.08.17 14:58:34.907,12.84069,12.84329,0.00,0.00
2017.08.17 14:58:35.012,12.84051,12.84322,0.00,0.00
2017.08.17 14:58:35.062,12.84069,12.84329,0.00,0.00
2017.08.17 14:58:35.113,12.84069,12.84331,0.00,0.00
2017.08.17 14:58:35.164,12.84101,12.84331,0.00,0.00
2017.08.17 14:58:35.359,12.84098,12.84329,0.00,0.00
2017.08.17 14:58:35.411,12.84068,12.84329,0.00,0.00
2017.08.17 14:58:35.461,12.84101,12.84331,0.00,0.00
2017.08.17 14:58:35.764,12.84052,12.84318,0.00,0.00
2017.08.17 14:58:35.814,12.84052,12.84292,0.00,0.00
2017.08.17 14:58:35.915,12.84052,12.84318,0.00,0.00
2017.08.17 14:58:36.021,12.84052,12.84321,0.00,0.00
2017.08.17 14:58:36.276,12.84058,12.84329,0.00,0.00
2017.08.17 14:58:36.378,12.84068,12.84328,0.00,0.00
2017.08.17 14:58:36.672,12.84051,12.84329,0.00,0.00
2017.08.17 14:58:36.773,12.84068,12.84329,0.00,0.00
2017.08.17 14:58:36.999,12.84052,12.84322,0.00,0.00
2017.08.17 14:58:37.070,12.84069,12.84328,0.00,0.00
2017.08.17 14:58:37.515,12.84051,12.84329,0.00,0.00
2017.08.17 14:58:37.617,12.84052,12.84312,0.00,0.00
2017.08.17 14:58:37.718,12.84068,12.84329,0.00,0.00
2017.08.17 14:58:38.014,12.84069,12.84321,0.00,0.00
2017.08.17 14:58:38.483,12.84152,12.84311,0.00,0.00
2017.08.17 14:58:38.584,12.84158,12.84382,0.00,0.00
2017.08.17 14:58:38.635,12.84168,12.84409,0.00,0.00
2017.08.17 14:58:38.786,12.84168,12.84391,0.00,0.00
2017.08.17 14:58:39.329,12.84168,12.84392,0.00,0.00
2017.08.17 14:58:39.523,12.84168,12.84419,0.00,0.00
2017.08.17 14:58:39.793,12.84168,12.84422,0.00,0.00
2017.08.17 14:58:39.894,12.84168,12.84429,0.00,0.00
2017.08.17 14:58:40.105,12.84168,12.84401,0.00,0.00
2017.08.17 14:58:40.561,12.84201,12.84401,0.00,0.00
2017.08.17 14:58:40.712,12.84201,12.84429,0.00,0.00
2017.08.17 14:58:40.762,12.84268,12.84451,0.00,0.00
2017.08.17 14:58:40.813,12.84268,12.84472,0.00,0.00
2017.08.17 14:58:40.914,12.84268,12.84511,0.00,0.00
2017.08.17 14:58:41.116,12.84268,12.84482,0.00,0.00
2017.08.17 14:58:41.318,12.84268,12.84511,0.00,0.00
2017.08.17 14:58:41.484,12.84268,12.84482,0.00,0.00
2017.08.17 14:58:42.285,12.84268,12.84511,0.00,0.00
2017.08.17 14:58:42.816,12.84268,12.84509,0.00,0.00
2017.08.17 14:58:42.866,12.84268,12.84511,0.00,0.00
2017.08.17 14:58:42.917,12.84268,12.84481,0.00,0.00
2017.08.17 14:58:43.091,12.84268,12.84512,0.00,0.00
2017.08.17 14:58:43.192,12.84268,12.84482,0.00,0.00
2017.08.17 14:58:43.293,12.84268,12.84522,0.00,0.00
2017.08.17 14:58:43.394,12.84268,12.84529,0.00,0.00
2017.08.17 14:58:44.009,12.84268,12.84512,0.00,0.00
2017.08.17 14:58:44.322,12.84268,12.84491,0.00,0.00
2017.08.17 14:58:44.423,12.84268,12.84501,0.00,0.00
2017.08.17 14:58:45.011,12.84268,12.84521,0.00,0.00
2017.08.17 14:58:45.113,12.84268,12.84492,0.00,0.00
2017.08.17 14:58:45.339,12.84268,12.84522,0.00,0.00
2017.08.17 14:58:45.592,12.84268,12.84502,0.00,0.00
2017.08.17 14:58:46.050,12.84252,12.84482,0.00,0.00
2017.08.17 14:58:46.279,12.84228,12.84461,0.00,0.00
2017.08.17 14:58:46.330,12.84228,12.84492,0.00,0.00
2017.08.17 14:58:46.394,12.84228,12.84462,0.00,0.00
2017.08.17 14:58:46.718,12.84179,12.84401,0.00,0.00
2017.08.17 14:58:46.920,12.84179,12.84441,0.00,0.00
2017.08.17 14:58:47.122,12.84189,12.84441,0.00,0.00
2017.08.17 14:58:47.512,12.84179,12.84432,0.00,0.00
2017.08.17 14:58:47.613,12.84179,12.84421,0.00,0.00
2017.08.17 14:58:47.943,12.84179,12.84402,0.00,0.00
2017.08.17 14:58:48.325,12.84179,12.84411,0.00,0.00
2017.08.17 14:58:48.426,12.84179,12.84402,0.00,0.00
2017.08.17 14:58:48.631,12.84228,12.84482,0.00,0.00
2017.08.17 14:58:49.200,12.84198,12.84432,0.00,0.00
2017.08.17 14:58:49.301,12.84168,12.84432,0.00,0.00
2017.08.17 14:58:49.352,12.84168,12.84429,0.00,0.00
2017.08.17 14:58:49.673,12.84168,12.84401,0.00,0.00
2017.08.17 14:58:49.842,12.84168,12.84422,0.00,0.00
2017.08.17 14:58:49.902,12.84168,12.84429,0.00,0.00
2017.08.17 14:58:50.003,12.84168,12.84411,0.00,0.00
2017.08.17 14:58:50.367,12.84168,12.84391,0.00,0.00
2017.08.17 14:58:50.566,12.84168,12.84421,0.00,0.00
2017.08.17 14:58:50.717,12.84168,12.84392,0.00,0.00
2017.08.17 14:58:50.948,12.84168,12.84421,0.00,0.00
2017.08.17 14:58:51.006,12.84168,12.84402,0.00,0.00
2017.08.17 14:58:51.523,12.84168,12.84391,0.00,0.00
2017.08.17 14:58:52.032,12.84168,12.84419,0.00,0.00
2017.08.17 14:58:52.133,12.84168,12.84392,0.00,0.00
2017.08.17 14:58:52.352,12.84168,12.84422,0.00,0.00
2017.08.17 14:58:52.623,12.84168,12.84391,0.00,0.00
2017.08.17 14:58:53.048,12.84168,12.84422,0.00,0.00
2017.08.17 14:58:53.242,12.84138,12.84329,0.00,0.00
2017.08.17 14:58:53.343,12.84068,12.84328,0.00,0.00
2017.08.17 14:58:53.869,12.84131,12.84359,0.00,0.00
2017.08.17 14:58:53.919,12.84168,12.84408,0.00,0.00
2017.08.17 14:58:54.020,12.84118,12.84382,0.00,0.00
2017.08.17 14:58:54.121,12.84118,12.84362,0.00,0.00
2017.08.17 14:58:54.376,12.84079,12.84329,0.00,0.00
2017.08.17 14:58:54.426,12.84079,12.84302,0.00,0.00
2017.08.17 14:58:55.065,12.84079,12.84312,0.00,0.00
2017.08.17 14:58:55.123,12.84079,12.84329,0.00,0.00
2017.08.17 14:58:55.325,12.84079,12.84312,0.00,0.00
2017.08.17 14:58:55.628,12.84079,12.84301,0.00,0.00
2017.08.17 14:58:55.877,12.84079,12.84309,0.00,0.00
2017.08.17 14:58:56.124,12.84048,12.84229,0.00,0.00
2017.08.17 14:58:56.174,12.84028,12.84228,0.00,0.00
2017.08.17 14:58:56.275,12.83968,12.84229,0.00,0.00
2017.08.17 14:58:56.376,12.83968,12.84212,0.00,0.00
2017.08.17 14:58:56.477,12.83968,12.84228,0.00,0.00
2017.08.17 14:58:56.732,12.83968,12.84212,0.00,0.00
2017.08.17 14:58:57.037,12.83968,12.84229,0.00,0.00
2017.08.17 14:58:57.332,12.83968,12.84212,0.00,0.00
2017.08.17 14:58:57.635,12.83968,12.84228,0.00,0.00
2017.08.17 14:58:57.959,12.83968,12.84202,0.00,0.00
2017.08.17 14:58:58.737,12.83968,12.84222,0.00,0.00
2017.08.17 14:58:58.854,12.83968,12.84228,0.00,0.00
2017.08.17 14:58:58.955,12.83968,12.84222,0.00,0.00
2017.08.17 14:58:59.258,12.83878,12.84129,0.00,0.00
2017.08.17 14:58:59.766,12.83878,12.84128,0.00,0.00
2017.08.17 14:59:00.092,12.83878,12.84121,0.00,0.00
2017.08.17 14:59:00.394,12.83878,12.84099,0.00,0.00
2017.08.17 14:59:00.820,12.83878,12.84129,0.00,0.00
2017.08.17 14:59:00.871,12.83889,12.84129,0.00,0.00
2017.08.17 14:59:01.073,12.83878,12.84129,0.00,0.00
2017.08.17 14:59:01.375,12.83878,12.84121,0.00,0.00
2017.08.17 14:59:01.693,12.83878,12.84128,0.00,0.00
2017.08.17 14:59:02.195,12.83878,12.84129,0.00,0.00
2017.08.17 14:59:02.749,12.83878,12.84122,0.00,0.00
2017.08.17 14:59:02.850,12.83878,12.84128,0.00,0.00
2017.08.17 14:59:02.951,12.83878,12.84121,0.00,0.00
2017.08.17 14:59:03.295,12.83849,12.84081,0.00,0.00
2017.08.17 14:59:03.346,12.83869,12.84128,0.00,0.00
2017.08.17 14:59:03.396,12.83869,12.84122,0.00,0.00
2017.08.17 14:59:03.724,12.83778,12.84022,0.00,0.00
2017.08.17 14:59:03.967,12.83778,12.84029,0.00,0.00
2017.08.17 14:59:04.285,12.83778,12.84022,0.00,0.00
2017.08.17 14:59:04.386,12.83778,12.84029,0.00,0.00
2017.08.17 14:59:04.556,12.83778,12.84021,0.00,0.00
2017.08.17 14:59:04.985,12.83778,12.84029,0.00,0.00
2017.08.17 14:59:05.594,12.83778,12.84028,0.00,0.00
2017.08.17 14:59:05.695,12.83778,12.84011,0.00,0.00
2017.08.17 14:59:06.002,12.83778,12.84029,0.00,0.00
2017.08.17 14:59:06.063,12.83778,12.84012,0.00,0.00
2017.08.17 14:59:06.484,12.83778,12.84019,0.00,0.00
2017.08.17 14:59:06.970,12.83778,12.84029,0.00,0.00
2017.08.17 14:59:07.678,12.83778,12.84028,0.00,0.00
2017.08.17 14:59:08.672,12.83778,12.84021,0.00,0.00
2017.08.17 14:59:09.174,12.83778,12.84029,0.00,0.00
2017.08.17 14:59:09.304,12.83778,12.84019,0.00,0.00
2017.08.17 14:59:09.574,12.83778,12.84029,0.00,0.00
2017.08.17 14:59:11.088,12.83778,12.84002,0.00,0.00
2017.08.17 14:59:11.425,12.83778,12.84022,0.00,0.00
2017.08.17 14:59:11.684,12.83778,12.84029,0.00,0.00
2017.08.17 14:59:11.984,12.83778,12.84022,0.00,0.00
2017.08.17 14:59:12.125,12.83738,12.83992,0.00,0.00
2017.08.17 14:59:12.175,12.83751,12.83992,0.00,0.00
2017.08.17 14:59:12.427,12.83679,12.83928,0.00,0.00
2017.08.17 14:59:12.692,12.83689,12.83928,0.00,0.00
2017.08.17 14:59:12.808,12.83679,12.83928,0.00,0.00
2017.08.17 14:59:13.382,12.83679,12.83929,0.00,0.00
2017.08.17 14:59:13.489,12.83688,12.83929,0.00,0.00
2017.08.17 14:59:13.791,12.83698,12.83929,0.00,0.00
2017.08.17 14:59:14.130,12.83688,12.83928,0.00,0.00
2017.08.17 14:59:14.231,12.83679,12.83928,0.00,0.00
2017.08.17 14:59:14.796,12.83679,12.83929,0.00,0.00
2017.08.17 14:59:15.328,12.83679,12.83928,0.00,0.00
2017.08.17 14:59:16.021,12.83679,12.83929,0.00,0.00
2017.08.17 14:59:16.122,12.83709,12.83929,0.00,0.00
2017.08.17 14:59:16.448,12.83719,12.83929,0.00,0.00
2017.08.17 14:59:16.549,12.83679,12.83929,0.00,0.00
2017.08.17 14:59:17.117,12.83679,12.83928,0.00,0.00
2017.08.17 14:59:17.502,12.83689,12.83929,0.00,0.00
2017.08.17 14:59:17.744,12.83679,12.83929,0.00,0.00
2017.08.17 14:59:17.845,12.83689,12.83928,0.00,0.00
2017.08.17 14:59:18.411,12.83679,12.83929,0.00,0.00
2017.08.17 14:59:18.613,12.83689,12.83928,0.00,0.00
2017.08.17 14:59:18.751,12.83679,12.83929,0.00,0.00
2017.08.17 14:59:19.607,12.83679,12.83928,0.00,0.00
2017.08.17 14:59:20.012,12.83688,12.83929,0.00,0.00
2017.08.17 14:59:20.113,12.83679,12.83928,0.00,0.00
2017.08.17 14:59:20.214,12.83689,12.83929,0.00,0.00
2017.08.17 14:59:20.418,12.83679,12.83929,0.00,0.00
2017.08.17 14:59:20.946,12.83679,12.83928,0.00,0.00
2017.08.17 14:59:21.418,12.83688,12.83928,0.00,0.00
2017.08.17 14:59:21.932,12.83699,12.83928,0.00,0.00
2017.08.17 14:59:22.174,12.83732,12.83981,0.00,0.00
2017.08.17 14:59:22.326,12.83748,12.83981,0.00,0.00
2017.08.17 14:59:22.692,12.83768,12.84008,0.00,0.00
2017.08.17 14:59:22.743,12.83768,12.84002,0.00,0.00
2017.08.17 14:59:22.945,12.83669,12.83928,0.00,0.00
2017.08.17 14:59:23.725,12.83669,12.83929,0.00,0.00
2017.08.17 14:59:24.323,12.83669,12.83928,0.00,0.00
2017.08.17 14:59:24.474,12.83689,12.83929,0.00,0.00
2017.08.17 14:59:24.671,12.83669,12.83929,0.00,0.00
2017.08.17 14:59:25.320,12.83669,12.83928,0.00,0.00
2017.08.17 14:59:25.371,12.83679,12.83928,0.00,0.00
2017.08.17 14:59:25.707,12.83669,12.83928,0.00,0.00
2017.08.17 14:59:26.298,12.83669,12.83929,0.00,0.00
2017.08.17 14:59:26.349,12.83678,12.83929,0.00,0.00
2017.08.17 14:59:26.531,12.83669,12.83929,0.00,0.00
2017.08.17 14:59:26.840,12.83678,12.83928,0.00,0.00
2017.08.17 14:59:27.161,12.83769,12.84028,0.00,0.00
2017.08.17 14:59:27.665,12.83768,12.84022,0.00,0.00
2017.08.17 14:59:27.953,12.83769,12.84029,0.00,0.00
2017.08.17 14:59:28.152,12.83778,12.84029,0.00,0.00
2017.08.17 14:59:28.277,12.83768,12.84028,0.00,0.00
2017.08.17 14:59:28.378,12.83768,12.84022,0.00,0.00
2017.08.17 14:59:28.737,12.83768,12.84028,0.00,0.00
2017.08.17 14:59:29.002,12.83768,12.84032,0.00,0.00
2017.08.17 14:59:29.053,12.83768,12.84028,0.00,0.00
2017.08.17 14:59:29.392,12.83729,12.83929,0.00,0.00
2017.08.17 14:59:29.544,12.83669,12.83921,0.00,0.00
2017.08.17 14:59:29.767,12.83669,12.83928,0.00,0.00
2017.08.17 14:59:29.882,12.83669,12.83922,0.00,0.00
2017.08.17 14:59:30.227,12.83669,12.83912,0.00,0.00
2017.08.17 14:59:30.990,12.83669,12.83922,0.00,0.00
2017.08.17 14:59:31.096,12.83669,12.83919,0.00,0.00
2017.08.17 14:59:31.425,12.83669,12.83909,0.00,0.00
2017.08.17 14:59:32.004,12.83658,12.83881,0.00,0.00
2017.08.17 14:59:32.055,12.83629,12.83881,0.00,0.00
2017.08.17 14:59:32.156,12.83632,12.83858,0.00,0.00
2017.08.17 14:59:32.207,12.83651,12.83882,0.00,0.00
2017.08.17 14:59:32.257,12.83678,12.83909,0.00,0.00
2017.08.17 14:59:32.692,12.83678,12.83918,0.00,0.00
2017.08.17 14:59:33.487,12.83678,12.83929,0.00,0.00
2017.08.17 14:59:33.588,12.83678,12.83911,0.00,0.00
2017.08.17 14:59:33.649,12.83679,12.83928,0.00,0.00
2017.08.17 14:59:33.892,12.83731,12.83932,0.00,0.00
2017.08.17 14:59:33.993,12.83779,12.84028,0.00,0.00
2017.08.17 14:59:34.052,12.83788,12.84028,0.00,0.00
2017.08.17 14:59:34.415,12.83779,12.84029,0.00,0.00
2017.08.17 14:59:34.474,12.83779,12.84021,0.00,0.00
2017.08.17 14:59:34.846,12.83832,12.84021,0.00,0.00
2017.08.17 14:59:34.998,12.83869,12.84129,0.00,0.00
2017.08.17 14:59:35.558,12.83878,12.84129,0.00,0.00
2017.08.17 14:59:35.886,12.83869,12.84129,0.00,0.00
2017.08.17 14:59:36.366,12.83878,12.84129,0.00,0.00
2017.08.17 14:59:36.569,12.83869,12.84129,0.00,0.00
2017.08.17 14:59:36.620,12.83869,12.84119,0.00,0.00
2017.08.17 14:59:37.085,12.83878,12.84119,0.00,0.00
2017.08.17 14:59:37.207,12.83869,12.84119,0.00,0.00
2017.08.17 14:59:37.472,12.83878,12.84119,0.00,0.00
2017.08.17 14:59:37.632,12.83869,12.84119,0.00,0.00
2017.08.17 14:59:37.884,12.83878,12.84119,0.00,0.00
2017.08.17 14:59:38.385,12.83869,12.84119,0.00,0.00
2017.08.17 14:59:38.800,12.83879,12.84119,0.00,0.00
2017.08.17 14:59:39.052,12.83868,12.84132,0.00,0.00
2017.08.17 14:59:39.103,12.83898,12.84132,0.00,0.00
2017.08.17 14:59:39.204,12.83889,12.84129,0.00,0.00
2017.08.17 14:59:39.305,12.83868,12.84118,0.00,0.00
2017.08.17 14:59:39.356,12.83868,12.84108,0.00,0.00
2017.08.17 14:59:39.725,12.83768,12.83989,0.00,0.00
2017.08.17 14:59:40.029,12.84238,12.84452,0.00,0.00
2017.08.17 14:59:40.080,12.84221,12.84452,0.00,0.00
2017.08.17 14:59:40.281,12.84222,12.84422,0.00,0.00
2017.08.17 14:59:40.427,12.84238,12.84452,0.00,0.00
2017.08.17 14:59:40.478,12.84321,12.84462,0.00,0.00
2017.08.17 14:59:40.579,12.84322,12.84552,0.00,0.00
2017.08.17 14:59:40.681,12.84378,12.84571,0.00,0.00
2017.08.17 14:59:40.832,12.84321,12.84541,0.00,0.00
2017.08.17 14:59:40.933,12.84379,12.84542,0.00,0.00
2017.08.17 14:59:41.085,12.84321,12.84541,0.00,0.00
2017.08.17 14:59:41.295,12.84322,12.84511,0.00,0.00
2017.08.17 14:59:41.496,12.84321,12.84522,0.00,0.00
2017.08.17 14:59:41.597,12.84322,12.84511,0.00,0.00
2017.08.17 14:59:41.923,12.84229,12.84491,0.00,0.00
2017.08.17 14:59:41.973,12.84229,12.84469,0.00,0.00
2017.08.17 14:59:42.319,12.84272,12.84422,0.00,0.00
2017.08.17 14:59:42.369,12.84179,12.84422,0.00,0.00
2017.08.17 14:59:42.420,12.84271,12.84422,0.00,0.00
2017.08.17 14:59:42.605,12.84221,12.84422,0.00,0.00
2017.08.17 14:59:42.706,12.84221,12.84432,0.00,0.00
2017.08.17 14:59:42.807,12.84179,12.84412,0.00,0.00
2017.08.17 14:59:42.908,12.84179,12.84401,0.00,0.00
2017.08.17 14:59:43.008,12.84179,12.84422,0.00,0.00
2017.08.17 14:59:43.059,12.84171,12.84392,0.00,0.00
2017.08.17 14:59:43.417,12.84172,12.84412,0.00,0.00
2017.08.17 14:59:43.719,12.84172,12.84392,0.00,0.00
2017.08.17 14:59:43.820,12.84172,12.84412,0.00,0.00
2017.08.17 14:59:43.991,12.84172,12.84391,0.00,0.00
2017.08.17 14:59:44.142,12.84109,12.84362,0.00,0.00
2017.08.17 14:59:44.193,12.84109,12.84319,0.00,0.00
2017.08.17 14:59:44.538,12.84171,12.84412,0.00,0.00
2017.08.17 14:59:44.589,12.84171,12.84361,0.00,0.00
2017.08.17 14:59:44.639,12.84139,12.84361,0.00,0.00
2017.08.17 14:59:44.690,12.84172,12.84361,0.00,0.00
2017.08.17 14:59:45.144,12.84171,12.84302,0.00,0.00
2017.08.17 14:59:45.195,12.84171,12.84311,0.00,0.00
2017.08.17 14:59:45.277,12.84171,12.84301,0.00,0.00
2017.08.17 14:59:45.529,12.84122,12.84311,0.00,0.00
2017.08.17 14:59:45.579,12.84122,12.84302,0.00,0.00
2017.08.17 14:59:46.103,12.84122,12.84311,0.00,0.00
2017.08.17 14:59:46.204,12.84131,12.84311,0.00,0.00
2017.08.17 14:59:46.305,12.84171,12.84361,0.00,0.00
2017.08.17 14:59:46.501,12.84172,12.84372,0.00,0.00
2017.08.17 14:59:46.552,12.84172,12.84412,0.00,0.00
2017.08.17 14:59:46.787,12.84171,12.84402,0.00,0.00
2017.08.17 14:59:46.888,12.84172,12.84412,0.00,0.00
2017.08.17 14:59:47.078,12.84272,12.84441,0.00,0.00
2017.08.17 14:59:47.229,12.84271,12.84512,0.00,0.00
2017.08.17 14:59:47.741,12.84272,12.84512,0.00,0.00
2017.08.17 14:59:48.243,12.84271,12.84512,0.00,0.00
2017.08.17 14:59:48.811,12.84272,12.84512,0.00,0.00
2017.08.17 14:59:49.290,12.84271,12.84492,0.00,0.00
2017.08.17 14:59:49.825,12.84272,12.84492,0.00,0.00
2017.08.17 14:59:49.926,12.84272,12.84512,0.00,0.00
2017.08.17 14:59:50.027,12.84271,12.84492,0.00,0.00
2017.08.17 14:59:50.514,12.84271,12.84512,0.00,0.00
2017.08.17 14:59:50.890,12.84228,12.84412,0.00,0.00
2017.08.17 14:59:50.940,12.84171,12.84402,0.00,0.00
2017.08.17 14:59:51.414,12.84171,12.84412,0.00,0.00
2017.08.17 14:59:51.810,12.84171,12.84402,0.00,0.00
2017.08.17 14:59:52.372,12.84171,12.84401,0.00,0.00
2017.08.17 14:59:52.423,12.84171,12.84412,0.00,0.00
2017.08.17 14:59:52.589,12.84128,12.84361,0.00,0.00
2017.08.17 14:59:52.740,12.84071,12.84312,0.00,0.00
2017.08.17 14:59:53.793,12.84072,12.84312,0.00,0.00
2017.08.17 14:59:53.844,12.84132,12.84312,0.00,0.00
2017.08.17 14:59:53.895,12.84131,12.84342,0.00,0.00
2017.08.17 14:59:53.945,12.84121,12.84319,0.00,0.00
2017.08.17 14:59:54.047,12.84172,12.84401,0.00,0.00
2017.08.17 14:59:54.148,12.84148,12.84361,0.00,0.00
2017.08.17 14:59:54.296,12.84138,12.84361,0.00,0.00
2017.08.17 14:59:54.397,12.84172,12.84372,0.00,0.00
2017.08.17 14:59:54.548,12.84171,12.84409,0.00,0.00
2017.08.17 14:59:54.700,12.84138,12.84361,0.00,0.00
2017.08.17 14:59:54.851,12.84071,12.84311,0.00,0.00
2017.08.17 14:59:55.223,12.84099,12.84311,0.00,0.00
2017.08.17 14:59:55.430,12.84171,12.84412,0.00,0.00
2017.08.17 14:59:55.601,12.84158,12.84361,0.00,0.00
2017.08.17 14:59:55.752,12.84071,12.84311,0.00,0.00
2017.08.17 14:59:56.087,12.84132,12.84318,0.00,0.00
2017.08.17 14:59:56.138,12.84071,12.84311,0.00,0.00
2017.08.17 14:59:56.239,12.84089,12.84311,0.00,0.00
2017.08.17 14:59:56.309,12.84071,12.84311,0.00,0.00
2017.08.17 14:59:57.046,12.84072,12.84311,0.00,0.00
2017.08.17 14:59:57.284,12.84099,12.84319,0.00,0.00
2017.08.17 14:59:57.385,12.84172,12.84412,0.00,0.00
2017.08.17 14:59:57.586,12.84149,12.84362,0.00,0.00
2017.08.17 14:59:57.637,12.84138,12.84362,0.00,0.00
2017.08.17 14:59:57.738,12.84132,12.84362,0.00,0.00
2017.08.17 14:59:57.789,12.84121,12.84319,0.00,0.00
2017.08.17 14:59:58.124,12.84121,12.84312,0.00,0.00
2017.08.17 14:59:58.659,12.84122,12.84312,0.00,0.00
2017.08.17 14:59:59.160,12.84071,12.84312,0.00,0.00
2017.08.17 14:59:59.324,12.84039,12.84261,0.00,0.00
2017.08.17 14:59:59.476,12.83971,12.84211,0.00,0.00
