2011.05.12 02:00:08.962,15.04139,15.04535,0.00,0.00
2011.05.12 02:00:12.991,15.0412,15.04666,0.00,0.00
2011.05.12 02:00:13.100,15.04204,15.04652,0.00,0.00
2011.05.12 02:00:17.231,15.0421,15.04664,0.00,0.00
2011.05.12 02:00:19.872,15.04239,15.04643,0.00,0.00
2011.05.12 02:00:30.512,15.04231,15.04677,0.00,0.00
2011.05.12 02:00:30.620,15.04262,15.04658,0.00,0.00
2011.05.12 02:00:30.731,15.04226,15.04673,0.00,0.00
2011.05.12 02:00:32.129,15.0419,15.04644,0.00,0.00
2011.05.12 02:00:34.231,15.04094,15.04648,0.00,0.00
2011.05.12 02:00:35.541,15.04101,15.04598,0.00,0.00
2011.05.12 02:00:37.932,15.04107,15.04561,0.00,0.00
2011.05.12 02:00:38.531,15.04002,15.04598,0.00,0.00
2011.05.12 02:00:38.750,15.03966,15.04563,0.00,0.00
2011.05.12 02:00:39.080,15.03974,15.04521,0.00,0.00
2011.05.12 02:00:39.591,15.03928,15.04526,0.00,0.00
2011.05.12 02:00:39.934,15.03932,15.0448,0.00,0.00
2011.05.12 02:00:41.859,15.03951,15.04448,0.00,0.00
2011.05.12 02:00:42.396,15.03988,15.04434,0.00,0.00
2011.05.12 02:00:43.991,15.0398,15.04476,0.00,0.00
2011.05.12 02:00:44.173,15.04019,15.04465,0.00,0.00
2011.05.12 02:00:45.312,15.04022,15.04476,0.00,0.00
2011.05.12 02:00:45.892,15.04026,15.04474,0.00,0.00
2011.05.12 02:00:49.614,15.04022,15.0447,0.00,0.00
2011.05.12 02:00:49.721,15.04009,15.04463,0.00,0.00
2011.05.12 02:00:49.832,15.04012,15.04458,0.00,0.00
2011.05.12 02:00:50.162,15.03976,15.04523,0.00,0.00
2011.05.12 02:00:50.271,15.04001,15.04499,0.00,0.00
2011.05.12 02:00:50.381,15.03929,15.04525,0.00,0.00
2011.05.12 02:00:51.291,15.03883,15.04523,0.00,0.00
2011.05.12 02:00:51.401,15.0388,15.04478,0.00,0.00
2011.05.12 02:00:52.918,15.03889,15.04435,0.00,0.00
2011.05.12 02:00:54.001,15.03926,15.04424,0.00,0.00
2011.05.12 02:00:54.311,15.03914,15.04512,0.00,0.00
2011.05.12 02:00:54.640,15.03956,15.04503,0.00,0.00
2011.05.12 02:00:55.883,15.0397,15.04468,0.00,0.00
2011.05.12 02:00:57.251,15.03922,15.04476,0.00,0.00
2011.05.12 02:00:58.800,15.03923,15.04427,0.00,0.00
2011.05.12 02:01:00.798,15.03925,15.04379,0.00,0.00
2011.05.12 02:01:03.971,15.03934,15.04338,0.00,0.00
2011.05.12 02:01:04.081,15.03839,15.04407,0.00,0.00
2011.05.12 02:01:05.069,15.0378,15.0442,0.00,0.00
2011.05.12 02:01:05.840,15.03775,15.04373,0.00,0.00
2011.05.12 02:01:06.321,15.03772,15.04319,0.00,0.00
2011.05.12 02:01:06.650,15.03754,15.04279,0.00,0.00
2011.05.12 02:01:07.492,15.0375,15.04226,0.00,0.00
2011.05.12 02:01:08.867,15.03746,15.04172,0.00,0.00
2011.05.12 02:01:12.923,15.03782,15.04106,0.00,0.00
2011.05.12 02:01:33.663,15.03643,15.04283,0.00,0.00
2011.05.12 02:01:33.881,15.03768,15.04215,0.00,0.00
2011.05.12 02:01:34.570,15.03801,15.04197,0.00,0.00
2011.05.12 02:01:48.902,15.03788,15.04184,0.00,0.00
2011.05.12 02:01:55.148,15.03772,15.04176,0.00,0.00
2011.05.12 02:01:55.360,15.03746,15.0417,0.00,0.00
2011.05.12 02:01:57.191,15.03743,15.04118,0.00,0.00
2011.05.12 02:02:00.971,15.03719,15.04043,0.00,0.00
2011.05.12 02:02:01.731,15.03589,15.04087,0.00,0.00
2011.05.12 02:02:03.261,15.03637,15.04012,0.00,0.00
2011.05.12 02:02:03.931,15.03639,15.03963,0.00,0.00
2011.05.12 02:02:06.498,15.0356,15.03986,0.00,0.00
2011.05.12 02:02:07.070,15.03581,15.03956,0.00,0.00
2011.05.12 02:02:08.421,15.03588,15.03986,0.00,0.00
2011.05.12 02:02:09.138,15.03658,15.03982,0.00,0.00
2011.05.12 02:02:10.332,15.03689,15.04064,0.00,0.00
2011.05.12 02:02:18.580,15.03692,15.0416,0.00,0.00
2011.05.12 02:02:19.842,15.037,15.04098,0.00,0.00
2011.05.12 02:02:24.328,15.0367,15.03995,0.00,0.00
2011.05.12 02:02:28.741,15.03568,15.03992,0.00,0.00
2011.05.12 02:02:29.841,15.03551,15.03926,0.00,0.00
2011.05.12 02:02:32.032,15.03527,15.03851,0.00,0.00
2011.05.12 02:02:32.753,15.03423,15.03921,0.00,0.00
2011.05.12 02:02:32.971,15.03508,15.03883,0.00,0.00
2011.05.12 02:02:33.921,15.03515,15.03841,0.00,0.00
2011.05.12 02:02:36.928,15.03438,15.03834,0.00,0.00
2011.05.12 02:02:40.892,15.0341,15.03806,0.00,0.00
2011.05.12 02:02:49.382,15.03428,15.03754,0.00,0.00
2011.05.12 02:02:51.892,15.03397,15.03745,0.00,0.00
2011.05.12 02:03:13.806,15.03393,15.03741,0.00,0.00
2011.05.12 02:03:13.912,15.0337,15.03766,0.00,0.00
2011.05.12 02:03:14.021,15.03346,15.03772,0.00,0.00
2011.05.12 02:03:16.114,15.03366,15.03741,0.00,0.00
2011.05.12 02:03:18.653,15.03386,15.03734,0.00,0.00
2011.05.12 02:03:18.761,15.03369,15.03765,0.00,0.00
2011.05.12 02:03:18.871,15.03357,15.03783,0.00,0.00
2011.05.12 02:03:22.936,15.03372,15.03776,0.00,0.00
2011.05.12 02:03:25.536,15.03377,15.03773,0.00,0.00
2011.05.12 02:03:25.903,15.0337,15.03774,0.00,0.00
2011.05.12 02:03:26.011,15.03353,15.03777,0.00,0.00
2011.05.12 02:03:27.845,15.03346,15.03764,0.00,0.00
2011.05.12 02:03:28.171,15.03345,15.0372,0.00,0.00
2011.05.12 02:03:29.191,15.03337,15.03661,0.00,0.00
2011.05.12 02:03:32.803,15.03275,15.03679,0.00,0.00
2011.05.12 02:03:33.781,15.03314,15.0364,0.00,0.00
2011.05.12 02:03:35.362,15.03285,15.03681,0.00,0.00
2011.05.12 02:03:39.421,15.03312,15.03687,0.00,0.00
2011.05.12 02:03:40.211,15.03311,15.03637,0.00,0.00
2011.05.12 02:03:41.875,15.03215,15.03711,0.00,0.00
2011.05.12 02:03:44.271,15.0334,15.03664,0.00,0.00
2011.05.12 02:03:44.981,15.03217,15.03857,0.00,0.00
2011.05.12 02:03:45.201,15.03359,15.03755,0.00,0.00
2011.05.12 02:03:45.820,15.03343,15.03769,0.00,0.00
2011.05.12 02:03:48.913,15.03363,15.03738,0.00,0.00
2011.05.12 02:03:49.259,15.03376,15.03724,0.00,0.00
2011.05.12 02:03:49.371,15.03362,15.03737,0.00,0.00
2011.05.12 02:03:49.481,15.03339,15.03763,0.00,0.00
2011.05.12 02:03:51.052,15.03363,15.03738,0.00,0.00
2011.05.12 02:03:56.941,15.03386,15.03734,0.00,0.00
2011.05.12 02:03:57.051,15.0337,15.03766,0.00,0.00
2011.05.12 02:04:00.761,15.0336,15.03786,0.00,0.00
2011.05.12 02:04:02.882,15.03384,15.0378,0.00,0.00
2011.05.12 02:04:03.196,15.03415,15.03763,0.00,0.00
2011.05.12 02:04:03.411,15.03393,15.0379,0.00,0.00
2011.05.12 02:04:03.691,15.03374,15.0382,0.00,0.00
2011.05.12 02:04:04.025,15.03373,15.03848,0.00,0.00
2011.05.12 02:04:05.061,15.03446,15.03821,0.00,0.00
2011.05.12 02:04:07.181,15.0343,15.03854,0.00,0.00
2011.05.12 02:04:08.792,15.03442,15.03817,0.00,0.00
2011.05.12 02:04:09.864,15.0344,15.03766,0.00,0.00
2011.05.12 02:04:12.260,15.03359,15.03783,0.00,0.00
2011.05.12 02:04:12.833,15.03348,15.03723,0.00,0.00
2011.05.12 02:04:20.961,15.03322,15.03646,0.00,0.00
2011.05.12 02:04:23.783,15.03196,15.0365,0.00,0.00
2011.05.12 02:04:26.906,15.03181,15.03585,0.00,0.00
2011.05.12 02:04:29.275,15.03175,15.03572,0.00,0.00
2011.05.12 02:04:29.931,15.03155,15.03601,0.00,0.00
2011.05.12 02:04:32.853,15.03169,15.03566,0.00,0.00
2011.05.12 02:04:37.858,15.03164,15.0356,0.00,0.00
2011.05.12 02:04:38.082,15.03183,15.03529,0.00,0.00
2011.05.12 02:04:55.913,15.03158,15.03506,0.00,0.00
2011.05.12 02:04:59.544,15.03128,15.03524,0.00,0.00
2011.05.12 02:05:02.792,15.03164,15.03512,0.00,0.00
2011.05.12 02:05:10.572,15.0322,15.0352,0.00,0.00
2011.05.12 02:05:20.986,15.03079,15.03719,0.00,0.00
2011.05.12 02:05:21.093,15.03222,15.0364,0.00,0.00
2011.05.12 02:05:25.681,15.03241,15.03709,0.00,0.00
2011.05.12 02:05:26.862,15.03344,15.03692,0.00,0.00
2011.05.12 02:05:29.943,15.03397,15.03697,0.00,0.00
2011.05.12 02:05:32.635,15.03396,15.03742,0.00,0.00
2011.05.12 02:05:39.785,15.03403,15.03751,0.00,0.00
2011.05.12 02:05:40.962,15.03421,15.03767,0.00,0.00
2011.05.12 02:05:41.476,15.03427,15.03775,0.00,0.00
2011.05.12 02:05:43.599,15.03432,15.03756,0.00,0.00
2011.05.12 02:05:48.261,15.03372,15.03796,0.00,0.00
2011.05.12 02:05:48.494,15.03389,15.03787,0.00,0.00
2011.05.12 02:05:49.803,15.0342,15.03746,0.00,0.00
2011.05.12 02:05:50.548,15.03388,15.03734,0.00,0.00
2011.05.12 02:05:52.631,15.03349,15.03724,0.00,0.00
2011.05.12 02:05:53.893,15.03339,15.03663,0.00,0.00
2011.05.12 02:05:56.963,15.03291,15.03639,0.00,0.00
2011.05.12 02:05:57.353,15.03304,15.03604,0.00,0.00
2011.05.12 02:05:59.415,15.033,15.03646,0.00,0.00
2011.05.12 02:06:00.464,15.0334,15.03666,0.00,0.00
2011.05.12 02:06:00.571,15.032,15.0384,0.00,0.00
2011.05.12 02:06:02.296,15.03365,15.03689,0.00,0.00
2011.05.12 02:06:02.512,15.0335,15.03725,0.00,0.00
2011.05.12 02:06:02.742,15.03361,15.03707,0.00,0.00
2011.05.12 02:06:03.332,15.03356,15.0368,0.00,0.00
2011.05.12 02:06:08.632,15.03326,15.0365,0.00,0.00
2011.05.12 02:06:10.991,15.03256,15.03653,0.00,0.00
2011.05.12 02:06:12.879,15.03305,15.03605,0.00,0.00
2011.05.12 02:06:15.243,15.03323,15.03623,0.00,0.00
2011.05.12 02:06:16.442,15.03165,15.03805,0.00,0.00
2011.05.12 02:06:22.892,15.0334,15.0364,0.00,0.00
2011.05.12 02:06:24.107,15.03222,15.0379,0.00,0.00
2011.05.12 02:06:25.997,15.03195,15.03863,0.00,0.00
2011.05.12 02:06:30.109,15.03232,15.03872,0.00,0.00
2011.05.12 02:06:30.221,15.03426,15.03726,0.00,0.00
2011.05.12 02:06:36.468,15.03278,15.03918,0.00,0.00
2011.05.12 02:06:36.681,15.03456,15.03782,0.00,0.00
2011.05.12 02:06:39.921,15.0332,15.0396,0.00,0.00
2011.05.12 02:06:40.362,15.03373,15.03941,0.00,0.00
2011.05.12 02:06:40.692,15.03502,15.03802,0.00,0.00
2011.05.12 02:06:51.961,15.03482,15.03782,0.00,0.00
2011.05.12 02:07:00.311,15.03449,15.03775,0.00,0.00
2011.05.12 02:07:02.857,15.03447,15.03747,0.00,0.00
2011.05.12 02:07:10.012,15.03275,15.03915,0.00,0.00
2011.05.12 02:07:12.867,15.03461,15.03761,0.00,0.00
2011.05.12 02:07:23.203,15.03472,15.03818,0.00,0.00
2011.05.12 02:07:23.312,15.03356,15.03996,0.00,0.00
2011.05.12 02:07:24.264,15.03392,15.0401,0.00,0.00
2011.05.12 02:07:25.514,15.03394,15.04034,0.00,0.00
2011.05.12 02:07:25.622,15.03563,15.03887,0.00,0.00
2011.05.12 02:07:26.492,15.03419,15.04059,0.00,0.00
2011.05.12 02:07:26.830,15.03456,15.04024,0.00,0.00
2011.05.12 02:07:27.162,15.03573,15.03897,0.00,0.00
2011.05.12 02:07:28.529,15.03426,15.04066,0.00,0.00
2011.05.12 02:07:28.872,15.03498,15.04016,0.00,0.00
2011.05.12 02:07:29.408,15.03597,15.03897,0.00,0.00
2011.05.12 02:07:53.033,15.03561,15.03909,0.00,0.00
2011.05.12 02:08:08.563,15.035,15.04018,0.00,0.00
2011.05.12 02:08:34.840,15.03636,15.03984,0.00,0.00
2011.05.12 02:08:38.474,15.03719,15.04019,0.00,0.00
2011.05.12 02:08:41.025,15.03684,15.04202,0.00,0.00
2011.05.12 02:08:41.272,15.03718,15.04336,0.00,0.00
2011.05.12 02:08:45.492,15.03803,15.04321,0.00,0.00
2011.05.12 02:08:47.332,15.03746,15.04364,0.00,0.00
2011.05.12 02:08:59.033,15.03742,15.0431,0.00,0.00
2011.05.12 02:09:00.915,15.03814,15.04114,0.00,0.00
2011.05.12 02:09:07.473,15.03707,15.04053,0.00,0.00
2011.05.12 02:09:11.962,15.03652,15.04,0.00,0.00
2011.05.12 02:09:12.282,15.03657,15.03957,0.00,0.00
2011.05.12 02:09:12.712,15.03508,15.04148,0.00,0.00
2011.05.12 02:09:20.812,15.03717,15.04017,0.00,0.00
2011.05.12 02:09:24.833,15.03582,15.04222,0.00,0.00
2011.05.12 02:09:24.942,15.03742,15.04117,0.00,0.00
2011.05.12 02:09:25.051,15.03765,15.04111,0.00,0.00
2011.05.12 02:09:27.234,15.03741,15.04116,0.00,0.00
2011.05.12 02:09:28.931,15.03747,15.04073,0.00,0.00
2011.05.12 02:09:31.302,15.03758,15.04058,0.00,0.00
2011.05.12 02:09:32.047,15.03625,15.04265,0.00,0.00
2011.05.12 02:09:33.252,15.03654,15.04272,0.00,0.00
2011.05.12 02:09:33.362,15.03752,15.04076,0.00,0.00
2011.05.12 02:09:35.907,15.03686,15.04034,0.00,0.00
2011.05.12 02:09:39.863,15.03646,15.03992,0.00,0.00
2011.05.12 02:09:42.783,15.03655,15.03955,0.00,0.00
2011.05.12 02:09:43.262,15.03507,15.04147,0.00,0.00
2011.05.12 02:09:47.151,15.03715,15.04015,0.00,0.00
2011.05.12 02:09:52.982,15.03574,15.04214,0.00,0.00
2011.05.12 02:09:53.094,15.03752,15.04076,0.00,0.00
2011.05.12 02:10:12.125,15.03612,15.04252,0.00,0.00
2011.05.12 02:10:12.253,15.03761,15.04136,0.00,0.00
2011.05.12 02:10:13.634,15.03655,15.04295,0.00,0.00
2011.05.12 02:10:13.742,15.03846,15.0417,0.00,0.00
2011.05.12 02:10:13.851,15.03713,15.04353,0.00,0.00
2011.05.12 02:10:23.451,15.03729,15.04347,0.00,0.00
2011.05.12 02:10:29.066,15.0387,15.04194,0.00,0.00
2011.05.12 02:10:46.382,15.03713,15.04353,0.00,0.00
2011.05.12 02:10:46.493,15.03833,15.0423,0.00,0.00
2011.05.12 02:10:46.603,15.03836,15.04211,0.00,0.00
2011.05.12 02:10:46.952,15.03783,15.04231,0.00,0.00
2011.05.12 02:10:47.955,15.038,15.04197,0.00,0.00
2011.05.12 02:10:48.517,15.03833,15.04157,0.00,0.00
2011.05.12 02:10:48.742,15.03781,15.04177,0.00,0.00
2011.05.12 02:10:49.482,15.03749,15.04173,0.00,0.00
2011.05.12 02:10:49.594,15.03746,15.04121,0.00,0.00
2011.05.12 02:10:51.015,15.03734,15.04058,0.00,0.00
2011.05.12 02:10:51.958,15.03671,15.04068,0.00,0.00
2011.05.12 02:10:52.315,15.03572,15.04212,0.00,0.00
2011.05.12 02:10:52.422,15.03766,15.04112,0.00,0.00
2011.05.12 02:11:01.381,15.03659,15.04299,0.00,0.00
2011.05.12 02:11:01.713,15.03802,15.04198,0.00,0.00
2011.05.12 02:11:02.903,15.03819,15.04167,0.00,0.00
2011.05.12 02:11:03.892,15.03776,15.04173,0.00,0.00
2011.05.12 02:11:05.875,15.03778,15.04126,0.00,0.00
2011.05.12 02:11:08.845,15.03778,15.04102,0.00,0.00
2011.05.12 02:11:13.833,15.0377,15.04116,0.00,0.00
2011.05.12 02:11:14.332,15.03759,15.04134,0.00,0.00
2011.05.12 02:11:30.555,15.03786,15.04134,0.00,0.00
2011.05.12 02:11:33.452,15.0378,15.04176,0.00,0.00
2011.05.12 02:11:34.411,15.03813,15.04159,0.00,0.00
2011.05.12 02:11:37.545,15.03788,15.04184,0.00,0.00
2011.05.12 02:11:38.193,15.03803,15.04151,0.00,0.00
2011.05.12 02:11:39.904,15.03774,15.04149,0.00,0.00
2011.05.12 02:11:41.203,15.03792,15.04138,0.00,0.00
2011.05.12 02:11:48.014,15.03659,15.04299,0.00,0.00
2011.05.12 02:11:48.121,15.03811,15.04157,0.00,0.00
2011.05.12 02:12:00.142,15.03777,15.04173,0.00,0.00
2011.05.12 02:12:02.845,15.03798,15.04144,0.00,0.00
2011.05.12 02:12:07.785,15.03662,15.04302,0.00,0.00
2011.05.12 02:12:07.892,15.03818,15.04166,0.00,0.00
2011.05.12 02:12:14.604,15.03812,15.04184,0.00,0.00
2011.05.12 02:12:14.712,15.03788,15.0421,0.00,0.00
2011.05.12 02:12:15.882,15.03803,15.04175,0.00,0.00
2011.05.12 02:12:16.763,15.03823,15.04145,0.00,0.00
2011.05.12 02:12:20.397,15.03684,15.04324,0.00,0.00
2011.05.12 02:12:20.723,15.03737,15.04377,0.00,0.00
2011.05.12 02:12:24.290,15.03807,15.04447,0.00,0.00
2011.05.12 02:12:25.763,15.03849,15.04489,0.00,0.00
2011.05.12 02:12:25.982,15.03997,15.04394,0.00,0.00
2011.05.12 02:12:26.093,15.03895,15.04535,0.00,0.00
2011.05.12 02:12:28.195,15.03902,15.04542,0.00,0.00
2011.05.12 02:12:34.412,15.03909,15.04549,0.00,0.00
2011.05.12 02:12:45.616,15.04049,15.04397,0.00,0.00
2011.05.12 02:12:47.935,15.04024,15.04421,0.00,0.00
2011.05.12 02:12:54.815,15.03899,15.04539,0.00,0.00
2011.05.12 02:12:54.922,15.03972,15.0437,0.00,0.00
2011.05.12 02:12:55.031,15.03938,15.04285,0.00,0.00
2011.05.12 02:13:07.941,15.03776,15.04416,0.00,0.00
2011.05.12 02:13:08.052,15.03916,15.04264,0.00,0.00
2011.05.12 02:13:08.161,15.03873,15.04269,0.00,0.00
2011.05.12 02:13:09.848,15.03863,15.04209,0.00,0.00
2011.05.12 02:13:12.863,15.03803,15.04199,0.00,0.00
2011.05.12 02:13:19.243,15.03789,15.04193,0.00,0.00
2011.05.12 02:13:19.463,15.03759,15.04231,0.00,0.00
2011.05.12 02:13:20.670,15.03779,15.04201,0.00,0.00
2011.05.12 02:13:20.992,15.03809,15.04131,0.00,0.00
2011.05.12 02:13:22.992,15.03773,15.04145,0.00,0.00
2011.05.12 02:13:25.022,15.03793,15.04115,0.00,0.00
2011.05.12 02:13:26.372,15.03761,15.04133,0.00,0.00
2011.05.12 02:13:26.482,15.03764,15.04139,0.00,0.00
2011.05.12 02:13:26.592,15.03809,15.04131,0.00,0.00
2011.05.12 02:13:27.142,15.0367,15.0431,0.00,0.00
2011.05.12 02:13:31.873,15.03683,15.04323,0.00,0.00
2011.05.12 02:13:31.982,15.03837,15.04183,0.00,0.00
2011.05.12 02:13:32.092,15.03689,15.04329,0.00,0.00
2011.05.12 02:13:35.013,15.03816,15.04164,0.00,0.00
2011.05.12 02:13:37.912,15.03795,15.0417,0.00,0.00
2011.05.12 02:13:38.087,15.03829,15.04177,0.00,0.00
2011.05.12 02:13:39.012,15.03708,15.04348,0.00,0.00
2011.05.12 02:13:39.122,15.03879,15.04225,0.00,0.00
2011.05.12 02:13:49.391,15.03751,15.04391,0.00,0.00
2011.05.12 02:13:49.721,15.03887,15.04283,0.00,0.00
2011.05.12 02:13:59.431,15.03922,15.0427,0.00,0.00
2011.05.12 02:14:01.816,15.03929,15.04255,0.00,0.00
2011.05.12 02:14:04.894,15.03917,15.04265,0.00,0.00
2011.05.12 02:14:05.332,15.03951,15.04275,0.00,0.00
2011.05.12 02:14:06.367,15.03816,15.04456,0.00,0.00
2011.05.12 02:14:06.472,15.03983,15.04331,0.00,0.00
2011.05.12 02:14:09.052,15.039,15.04468,0.00,0.00
2011.05.12 02:14:09.341,15.04052,15.04376,0.00,0.00
2011.05.12 02:14:10.262,15.04061,15.04407,0.00,0.00
2011.05.12 02:14:10.372,15.04057,15.04432,0.00,0.00
2011.05.12 02:14:10.482,15.04085,15.04431,0.00,0.00
2011.05.12 02:14:12.275,15.03949,15.04589,0.00,0.00
2011.05.12 02:14:12.384,15.04066,15.04463,0.00,0.00
2011.05.12 02:14:16.531,15.04027,15.04475,0.00,0.00
2011.05.12 02:14:17.054,15.03986,15.04484,0.00,0.00
2011.05.12 02:14:17.161,15.03969,15.04473,0.00,0.00
2011.05.12 02:14:17.272,15.03925,15.04473,0.00,0.00
2011.05.12 02:14:17.524,15.03871,15.04469,0.00,0.00
2011.05.12 02:14:18.883,15.03893,15.04389,0.00,0.00
2011.05.12 02:14:19.816,15.03911,15.04359,0.00,0.00
2011.05.12 02:14:20.853,15.03981,15.04329,0.00,0.00
2011.05.12 02:14:23.912,15.03977,15.04374,0.00,0.00
2011.05.12 02:14:28.631,15.04012,15.0436,0.00,0.00
2011.05.12 02:14:28.741,15.03994,15.0439,0.00,0.00
2011.05.12 02:14:30.132,15.04033,15.04381,0.00,0.00
2011.05.12 02:14:34.022,15.03912,15.04552,0.00,0.00
2011.05.12 02:14:34.173,15.04094,15.0444,0.00,0.00
2011.05.12 02:14:42.212,15.04145,15.04493,0.00,0.00
2011.05.12 02:14:42.541,15.04184,15.0453,0.00,0.00
2011.05.12 02:14:44.275,15.04147,15.04571,0.00,0.00
2011.05.12 02:14:44.492,15.04125,15.04573,0.00,0.00
2011.05.12 02:14:45.863,15.04143,15.04539,0.00,0.00
2011.05.12 02:14:46.270,15.04159,15.04534,0.00,0.00
2011.05.12 02:14:46.908,15.04187,15.04533,0.00,0.00
2011.05.12 02:14:47.456,15.04179,15.04575,0.00,0.00
2011.05.12 02:14:47.562,15.04207,15.04533,0.00,0.00
2011.05.12 02:14:54.114,15.04138,15.04536,0.00,0.00
2011.05.12 02:14:56.203,15.04136,15.04482,0.00,0.00
2011.05.12 02:15:28.858,15.04144,15.04444,0.00,0.00
2011.05.12 02:15:50.023,15.04106,15.04478,0.00,0.00
2011.05.12 02:15:57.812,15.04109,15.04481,0.00,0.00
2011.05.12 02:15:58.192,15.04122,15.04468,0.00,0.00
2011.05.12 02:16:06.966,15.04102,15.04474,0.00,0.00
2011.05.12 02:16:07.492,15.04076,15.04474,0.00,0.00
2011.05.12 02:16:08.885,15.04094,15.04442,0.00,0.00
2011.05.12 02:16:13.346,15.04115,15.04437,0.00,0.00
2011.05.12 02:16:17.673,15.04109,15.04457,0.00,0.00
2011.05.12 02:16:24.692,15.04075,15.04479,0.00,0.00
2011.05.12 02:16:24.823,15.0406,15.04486,0.00,0.00
2011.05.12 02:16:25.152,15.04056,15.04474,0.00,0.00
2011.05.12 02:16:26.917,15.04054,15.04452,0.00,0.00
2011.05.12 02:16:32.162,15.04088,15.04434,0.00,0.00
2011.05.12 02:16:39.979,15.03958,15.04598,0.00,0.00
2011.05.12 02:16:40.094,15.0411,15.04458,0.00,0.00
2011.05.12 02:17:12.622,15.04073,15.04469,0.00,0.00
2011.05.12 02:17:14.884,15.0408,15.04428,0.00,0.00
2011.05.12 02:17:36.692,15.0405,15.04446,0.00,0.00
2011.05.12 02:17:37.564,15.04086,15.04434,0.00,0.00
2011.05.12 02:17:50.121,15.03957,15.04597,0.00,0.00
2011.05.12 02:17:50.243,15.0411,15.04458,0.00,0.00
2011.05.12 02:17:54.482,15.04077,15.04473,0.00,0.00
2011.05.12 02:17:56.936,15.04094,15.04442,0.00,0.00
2011.05.12 02:18:17.494,15.03947,15.04587,0.00,0.00
2011.05.12 02:18:26.733,15.04094,15.04442,0.00,0.00
2011.05.12 02:18:35.731,15.03964,15.04604,0.00,0.00
2011.05.12 02:18:35.842,15.04131,15.04479,0.00,0.00
2011.05.12 02:18:38.279,15.04006,15.04646,0.00,0.00
2011.05.12 02:18:38.492,15.04161,15.04507,0.00,0.00
2011.05.12 02:18:41.079,15.04122,15.04518,0.00,0.00
2011.05.12 02:18:41.190,15.04074,15.04528,0.00,0.00
2011.05.12 02:18:41.412,15.04028,15.04526,0.00,0.00
2011.05.12 02:18:42.843,15.0403,15.04478,0.00,0.00
2011.05.12 02:18:43.922,15.04033,15.04429,0.00,0.00
2011.05.12 02:18:46.849,15.04047,15.04395,0.00,0.00
2011.05.12 02:18:58.903,15.03963,15.04481,0.00,0.00
2011.05.12 02:18:59.252,15.04068,15.04392,0.00,0.00
2011.05.12 02:19:03.869,15.03995,15.04513,0.00,0.00
2011.05.12 02:19:09.393,15.04102,15.04426,0.00,0.00
2011.05.12 02:19:10.874,15.04057,15.04454,0.00,0.00
2011.05.12 02:19:15.112,15.04011,15.04529,0.00,0.00
2011.05.12 02:19:15.223,15.04118,15.04465,0.00,0.00
2011.05.12 02:19:16.362,15.04136,15.04482,0.00,0.00
2011.05.12 02:19:16.641,15.04009,15.04649,0.00,0.00
2011.05.12 02:19:17.026,15.04062,15.0463,0.00,0.00
2011.05.12 02:19:18.121,15.04188,15.04536,0.00,0.00
2011.05.12 02:19:20.080,15.04061,15.04701,0.00,0.00
2011.05.12 02:19:20.303,15.04226,15.0455,0.00,0.00
2011.05.12 02:20:12.663,15.04173,15.04569,0.00,0.00
2011.05.12 02:20:14.114,15.0417,15.04516,0.00,0.00
2011.05.12 02:20:16.848,15.04139,15.04537,0.00,0.00
2011.05.12 02:20:39.301,15.04172,15.04569,0.00,0.00
2011.05.12 02:20:48.124,15.04223,15.04569,0.00,0.00
2011.05.12 02:20:49.023,15.04143,15.04661,0.00,0.00
2011.05.12 02:20:49.862,15.042,15.04596,0.00,0.00
2011.05.12 02:20:50.443,15.04233,15.04579,0.00,0.00
2011.05.12 02:20:50.764,15.04143,15.04661,0.00,0.00
2011.05.12 02:20:55.262,15.04184,15.04581,0.00,0.00
2011.05.12 02:20:57.830,15.042,15.04548,0.00,0.00
2011.05.12 02:21:03.803,15.04188,15.04584,0.00,0.00
2011.05.12 02:21:03.912,15.04233,15.04579,0.00,0.00
2011.05.12 02:21:07.987,15.04229,15.04626,0.00,0.00
2011.05.12 02:21:08.203,15.04274,15.04622,0.00,0.00
2011.05.12 02:21:08.633,15.04246,15.04694,0.00,0.00
2011.05.12 02:21:08.963,15.04326,15.04652,0.00,0.00
2011.05.12 02:21:11.224,15.04314,15.0466,0.00,0.00
2011.05.12 02:21:11.332,15.04262,15.04708,0.00,0.00
2011.05.12 02:21:11.693,15.04335,15.04659,0.00,0.00
2011.05.12 02:21:13.434,15.04321,15.04669,0.00,0.00
2011.05.12 02:21:13.653,15.04296,15.04692,0.00,0.00
2011.05.12 02:21:13.873,15.04331,15.04677,0.00,0.00
2011.05.12 02:21:15.526,15.04357,15.04681,0.00,0.00
2011.05.12 02:21:18.182,15.04218,15.04858,0.00,0.00
2011.05.12 02:21:18.292,15.0438,15.04726,0.00,0.00
2011.05.12 02:21:18.632,15.04274,15.04842,0.00,0.00
2011.05.12 02:21:22.837,15.04419,15.04719,0.00,0.00
2011.05.12 02:21:26.154,15.04441,15.04765,0.00,0.00
2011.05.12 02:21:26.373,15.04359,15.04877,0.00,0.00
2011.05.12 02:21:28.417,15.04449,15.04773,0.00,0.00
2011.05.12 02:21:31.503,15.04425,15.04749,0.00,0.00
2011.05.12 02:21:33.909,15.04357,15.04753,0.00,0.00
2011.05.12 02:21:34.899,15.04344,15.04719,0.00,0.00
2011.05.12 02:21:36.554,15.04339,15.04663,0.00,0.00
2011.05.12 02:21:42.844,15.0429,15.04638,0.00,0.00
2011.05.12 02:21:47.991,15.04245,15.04641,0.00,0.00
2011.05.12 02:21:48.760,15.04245,15.0462,0.00,0.00
2011.05.12 02:21:50.824,15.04269,15.04593,0.00,0.00
2011.05.12 02:21:52.233,15.04258,15.04633,0.00,0.00
2011.05.12 02:21:52.913,15.04154,15.04794,0.00,0.00
2011.05.12 02:21:53.403,15.04227,15.04845,0.00,0.00
2011.05.12 02:21:53.632,15.04277,15.04917,0.00,0.00
2011.05.12 02:21:55.051,15.04284,15.04902,0.00,0.00
2011.05.12 02:21:59.022,15.04394,15.04718,0.00,0.00
2011.05.12 02:22:07.475,15.04355,15.0473,0.00,0.00
2011.05.12 02:22:13.044,15.04343,15.04741,0.00,0.00
2011.05.12 02:22:16.331,15.04371,15.04746,0.00,0.00
2011.05.12 02:22:23.145,15.04404,15.04752,0.00,0.00
2011.05.12 02:22:37.243,15.04377,15.04774,0.00,0.00
2011.05.12 02:22:37.352,15.04358,15.04762,0.00,0.00
2011.05.12 02:22:41.393,15.04291,15.04787,0.00,0.00
2011.05.12 02:22:41.612,15.0427,15.04774,0.00,0.00
2011.05.12 02:22:41.722,15.04227,15.04775,0.00,0.00
2011.05.12 02:22:42.912,15.04229,15.04727,0.00,0.00
2011.05.12 02:22:44.003,15.0423,15.04678,0.00,0.00
2011.05.12 02:22:46.875,15.04228,15.04625,0.00,0.00
2011.05.12 02:22:56.063,15.0417,15.04616,0.00,0.00
2011.05.12 02:22:58.661,15.04173,15.04519,0.00,0.00
2011.05.12 02:22:59.859,15.04117,15.04513,0.00,0.00
2011.05.12 02:23:00.825,15.03997,15.04635,0.00,0.00
2011.05.12 02:23:00.933,15.04013,15.04653,0.00,0.00
2011.05.12 02:23:01.043,15.04182,15.04528,0.00,0.00
2011.05.12 02:23:20.593,15.04103,15.04671,0.00,0.00
2011.05.12 02:23:21.553,15.04188,15.04706,0.00,0.00
2011.05.12 02:23:22.654,15.04206,15.04824,0.00,0.00
2011.05.12 02:23:25.984,15.04422,15.04722,0.00,0.00
2011.05.12 02:23:32.474,15.04327,15.04945,0.00,0.00
2011.05.12 02:23:32.583,15.04347,15.04987,0.00,0.00
2011.05.12 02:23:35.023,15.0449,15.04836,0.00,0.00
2011.05.12 02:24:02.583,15.04458,15.04833,0.00,0.00
2011.05.12 02:24:03.895,15.0446,15.04786,0.00,0.00
2011.05.12 02:24:04.884,15.04429,15.04777,0.00,0.00
2011.05.12 02:24:10.865,15.04404,15.04779,0.00,0.00
2011.05.12 02:24:30.108,15.04279,15.04919,0.00,0.00
2011.05.12 02:24:30.215,15.04476,15.04802,0.00,0.00
2011.05.12 02:24:51.943,15.04365,15.05005,0.00,0.00
2011.05.12 02:24:52.053,15.04454,15.04852,0.00,0.00
2011.05.12 02:24:52.163,15.04403,15.04749,0.00,0.00
2011.05.12 02:24:57.233,15.04291,15.04767,0.00,0.00
2011.05.12 02:24:57.453,15.04291,15.04739,0.00,0.00
2011.05.12 02:24:59.696,15.04299,15.04697,0.00,0.00
2011.05.12 02:25:00.038,15.04301,15.04649,0.00,0.00
2011.05.12 02:25:03.013,15.04303,15.04649,0.00,0.00
2011.05.12 02:25:04.393,15.04257,15.04705,0.00,0.00
2011.05.12 02:25:06.383,15.04268,15.04664,0.00,0.00
2011.05.12 02:25:11.833,15.04252,15.04627,0.00,0.00
2011.05.12 02:25:13.914,15.04259,15.04585,0.00,0.00
2011.05.12 02:25:16.844,15.04299,15.04599,0.00,0.00
2011.05.12 02:25:49.519,15.04178,15.04818,0.00,0.00
2011.05.12 02:25:51.953,15.04338,15.04686,0.00,0.00
2011.05.12 02:25:53.911,15.04322,15.04718,0.00,0.00
2011.05.12 02:25:57.311,15.04208,15.04848,0.00,0.00
2011.05.12 02:25:57.423,15.04343,15.04691,0.00,0.00
2011.05.12 02:25:57.533,15.04299,15.04695,0.00,0.00
2011.05.12 02:25:58.858,15.04309,15.04655,0.00,0.00
2011.05.12 02:26:02.152,15.04304,15.04679,0.00,0.00
2011.05.12 02:26:04.569,15.04202,15.04842,0.00,0.00
2011.05.12 02:26:04.783,15.04374,15.0472,0.00,0.00
2011.05.12 02:26:09.054,15.04249,15.04889,0.00,0.00
2011.05.12 02:26:09.180,15.04366,15.04762,0.00,0.00
2011.05.12 02:26:09.946,15.04333,15.04759,0.00,0.00
2011.05.12 02:26:16.165,15.04335,15.0471,0.00,0.00
2011.05.12 02:26:16.273,15.04263,15.04717,0.00,0.00
2011.05.12 02:26:20.895,15.04229,15.04633,0.00,0.00
2011.05.12 02:26:22.054,15.0421,15.04534,0.00,0.00
2011.05.12 02:26:24.594,15.04169,15.04544,0.00,0.00
2011.05.12 02:26:27.024,15.04153,15.04577,0.00,0.00
2011.05.12 02:26:30.912,15.0417,15.04574,0.00,0.00
2011.05.12 02:26:33.803,15.04177,15.04573,0.00,0.00
2011.05.12 02:26:46.923,15.04168,15.04572,0.00,0.00
2011.05.12 02:26:47.033,15.04145,15.04569,0.00,0.00
2011.05.12 02:26:49.877,15.04153,15.04528,0.00,0.00
2011.05.12 02:26:51.363,15.04121,15.04525,0.00,0.00
2011.05.12 02:26:51.473,15.04082,15.04528,0.00,0.00
2011.05.12 02:26:54.935,15.04104,15.04502,0.00,0.00
2011.05.12 02:26:57.685,15.04156,15.0448,0.00,0.00
2011.05.12 02:26:57.924,15.04149,15.04524,0.00,0.00
2011.05.12 02:26:58.066,15.0418,15.04528,0.00,0.00
2011.05.12 02:26:59.743,15.04079,15.04647,0.00,0.00
2011.05.12 02:27:06.752,15.04192,15.04538,0.00,0.00
2011.05.12 02:27:11.912,15.04081,15.04649,0.00,0.00
2011.05.12 02:27:12.120,15.04179,15.04525,0.00,0.00
2011.05.12 02:27:12.223,15.04148,15.04523,0.00,0.00
2011.05.12 02:27:18.858,15.04148,15.04472,0.00,0.00
2011.05.12 02:27:21.751,15.04086,15.04483,0.00,0.00
2011.05.12 02:27:21.863,15.04051,15.04477,0.00,0.00
2011.05.12 02:27:24.875,15.0407,15.04445,0.00,0.00
2011.05.12 02:27:29.519,15.04096,15.04442,0.00,0.00
2011.05.12 02:27:29.833,15.04108,15.04432,0.00,0.00
2011.05.12 02:27:50.353,15.0406,15.04435,0.00,0.00
2011.05.12 02:28:17.856,15.0407,15.04396,0.00,0.00
2011.05.12 02:28:21.733,15.04034,15.04409,0.00,0.00
2011.05.12 02:28:37.862,15.04034,15.0436,0.00,0.00
2011.05.12 02:28:40.935,15.04001,15.04397,0.00,0.00
2011.05.12 02:28:50.184,15.04077,15.04452,0.00,0.00
2011.05.12 02:28:50.404,15.04127,15.04545,0.00,0.00
2011.05.12 02:28:50.734,15.04214,15.04532,0.00,0.00
2011.05.12 02:28:51.873,15.04151,15.04597,0.00,0.00
2011.05.12 02:28:52.994,15.04121,15.04617,0.00,0.00
2011.05.12 02:28:54.857,15.04174,15.04622,0.00,0.00
2011.05.12 02:28:55.563,15.04217,15.04685,0.00,0.00
2011.05.12 02:28:56.003,15.042,15.04718,0.00,0.00
2011.05.12 02:29:00.374,15.04279,15.04603,0.00,0.00
2011.05.12 02:29:02.543,15.04106,15.04746,0.00,0.00
2011.05.12 02:29:04.435,15.04228,15.04552,0.00,0.00
2011.05.12 02:29:09.925,15.04149,15.04545,0.00,0.00
2011.05.12 02:29:25.905,15.04156,15.04504,0.00,0.00
2011.05.12 02:29:45.093,15.04129,15.04547,0.00,0.00
2011.05.12 02:29:45.983,15.04104,15.04622,0.00,0.00
2011.05.12 02:29:46.530,15.04209,15.04627,0.00,0.00
2011.05.12 02:29:47.184,15.04229,15.04747,0.00,0.00
2011.05.12 02:30:01.265,15.04315,15.04733,0.00,0.00
2011.05.12 02:30:01.485,15.04378,15.04678,0.00,0.00
2011.05.12 02:30:02.702,15.04275,15.04793,0.00,0.00
2011.05.12 02:30:03.031,15.04325,15.04743,0.00,0.00
2011.05.12 02:30:03.254,15.04309,15.04705,0.00,0.00
2011.05.12 02:30:03.856,15.04333,15.04659,0.00,0.00
2011.05.12 02:30:09.433,15.04253,15.04721,0.00,0.00
2011.05.12 02:30:11.945,15.04261,15.04587,0.00,0.00
2011.05.12 02:30:13.915,15.04189,15.04586,0.00,0.00
2011.05.12 02:30:17.415,15.04212,15.04538,0.00,0.00
2011.05.12 02:30:44.934,15.0416,15.04556,0.00,0.00
2011.05.12 02:30:53.904,15.04132,15.046,0.00,0.00
2011.05.12 02:31:02.714,15.04106,15.04674,0.00,0.00
2011.05.12 02:31:12.154,15.04225,15.04621,0.00,0.00
2011.05.12 02:31:18.450,15.04243,15.04659,0.00,0.00
2011.05.12 02:31:19.376,15.0427,15.04688,0.00,0.00
2011.05.12 02:31:21.424,15.04325,15.047,0.00,0.00
2011.05.12 02:31:28.775,15.04408,15.04734,0.00,0.00
2011.05.12 02:31:37.074,15.04445,15.04849,0.00,0.00
2011.05.12 02:31:38.790,15.04538,15.04864,0.00,0.00
2011.05.12 02:31:43.524,15.0442,15.05062,0.00,0.00
2011.05.12 02:31:43.634,15.04526,15.05002,0.00,0.00
2011.05.12 02:31:44.997,15.04559,15.04985,0.00,0.00
2011.05.12 02:31:45.644,15.04534,15.0501,0.00,0.00
2011.05.12 02:31:47.101,15.04548,15.04974,0.00,0.00
2011.05.12 02:31:49.915,15.04572,15.04947,0.00,0.00
2011.05.12 02:32:08.710,15.04609,15.04957,0.00,0.00
2011.05.12 02:32:08.924,15.04635,15.0501,0.00,0.00
2011.05.12 02:32:15.395,15.04623,15.05049,0.00,0.00
2011.05.12 02:32:15.504,15.04576,15.05072,0.00,0.00
2011.05.12 02:32:16.918,15.04586,15.05034,0.00,0.00
2011.05.12 02:32:18.038,15.04574,15.05028,0.00,0.00
2011.05.12 02:32:18.143,15.0456,15.05034,0.00,0.00
2011.05.12 02:32:18.357,15.04575,15.05023,0.00,0.00
2011.05.12 02:32:18.574,15.04577,15.05053,0.00,0.00
2011.05.12 02:32:19.401,15.04562,15.05138,0.00,0.00
2011.05.12 02:32:19.504,15.04666,15.05062,0.00,0.00
2011.05.12 02:32:19.614,15.04591,15.05087,0.00,0.00
2011.05.12 02:32:19.723,15.04551,15.05076,0.00,0.00
2011.05.12 02:32:20.877,15.04551,15.05027,0.00,0.00
2011.05.12 02:32:22.810,15.04558,15.04984,0.00,0.00
2011.05.12 02:32:25.838,15.0459,15.04965,0.00,0.00
2011.05.12 02:32:30.024,15.04595,15.04991,0.00,0.00
2011.05.12 02:32:30.133,15.04545,15.05019,0.00,0.00
2011.05.12 02:32:31.886,15.04552,15.04978,0.00,0.00
2011.05.12 02:32:35.684,15.04574,15.04949,0.00,0.00
2011.05.12 02:32:36.203,15.04464,15.05104,0.00,0.00
2011.05.12 02:32:36.424,15.04617,15.05014,0.00,0.00
2011.05.12 02:32:36.533,15.04649,15.05024,0.00,0.00
2011.05.12 02:32:37.515,15.04683,15.05031,0.00,0.00
2011.05.12 02:32:37.624,15.04682,15.05079,0.00,0.00
2011.05.12 02:32:40.213,15.04727,15.05075,0.00,0.00
2011.05.12 02:32:40.635,15.04712,15.05109,0.00,0.00
2011.05.12 02:32:40.916,15.04685,15.05132,0.00,0.00
2011.05.12 02:32:43.764,15.0469,15.05136,0.00,0.00
2011.05.12 02:32:44.905,15.04722,15.05126,0.00,0.00
2011.05.12 02:32:47.412,15.0474,15.05115,0.00,0.00
2011.05.12 02:32:51.493,15.04716,15.0512,0.00,0.00
2011.05.12 02:32:51.621,15.04679,15.05125,0.00,0.00
2011.05.12 02:32:53.876,15.04696,15.05092,0.00,0.00
2011.05.12 02:33:01.174,15.04668,15.05142,0.00,0.00
2011.05.12 02:33:01.393,15.04731,15.05106,0.00,0.00
2011.05.12 02:33:01.944,15.04761,15.05085,0.00,0.00
2011.05.12 02:33:10.275,15.04731,15.05106,0.00,0.00
2011.05.12 02:33:20.876,15.04727,15.05053,0.00,0.00
2011.05.12 02:33:23.840,15.04667,15.05063,0.00,0.00
2011.05.12 02:33:51.994,15.04663,15.05081,0.00,0.00
2011.05.12 02:33:52.104,15.04656,15.05102,0.00,0.00
2011.05.12 02:33:53.875,15.04666,15.05063,0.00,0.00
2011.05.12 02:33:56.674,15.04648,15.05044,0.00,0.00
2011.05.12 02:33:58.222,15.04648,15.05023,0.00,0.00
2011.05.12 02:34:07.378,15.04618,15.05014,0.00,0.00
2011.05.12 02:34:07.594,15.04554,15.05028,0.00,0.00
2011.05.12 02:34:08.855,15.04552,15.04978,0.00,0.00
2011.05.12 02:34:09.845,15.0455,15.04925,0.00,0.00
2011.05.12 02:34:11.387,15.04545,15.04871,0.00,0.00
2011.05.12 02:34:13.866,15.04514,15.04862,0.00,0.00
2011.05.12 02:34:15.855,15.04512,15.04836,0.00,0.00
2011.05.12 02:34:16.769,15.04439,15.04836,0.00,0.00
2011.05.12 02:34:19.914,15.04428,15.04776,0.00,0.00
2011.05.12 02:34:26.345,15.04358,15.04782,0.00,0.00
2011.05.12 02:34:29.855,15.04351,15.04726,0.00,0.00
2011.05.12 02:35:01.554,15.04284,15.04732,0.00,0.00
2011.05.12 02:35:03.886,15.04289,15.04686,0.00,0.00
2011.05.12 02:35:08.455,15.04272,15.04676,0.00,0.00
2011.05.12 02:35:08.674,15.04259,15.04683,0.00,0.00
2011.05.12 02:35:09.887,15.04317,15.04692,0.00,0.00
2011.05.12 02:35:10.895,15.04296,15.04814,0.00,0.00
2011.05.12 02:35:12.870,15.04386,15.04712,0.00,0.00
2011.05.12 02:35:35.294,15.04352,15.04676,0.00,0.00
2011.05.12 02:35:37.308,15.04318,15.04666,0.00,0.00
2011.05.12 02:35:38.954,15.0432,15.04644,0.00,0.00
2011.05.12 02:35:52.060,15.04288,15.04636,0.00,0.00
2011.05.12 02:35:54.889,15.04314,15.04614,0.00,0.00
2011.05.12 02:36:01.804,15.04307,15.04631,0.00,0.00
2011.05.12 02:36:03.787,15.04263,15.04611,0.00,0.00
2011.05.12 02:36:05.704,15.04204,15.04601,0.00,0.00
2011.05.12 02:36:18.865,15.04199,15.04595,0.00,0.00
2011.05.12 02:36:22.004,15.0409,15.0473,0.00,0.00
2011.05.12 02:36:22.114,15.04147,15.04715,0.00,0.00
2011.05.12 02:36:23.617,15.04192,15.04717,0.00,0.00
2011.05.12 02:36:23.834,15.04242,15.04738,0.00,0.00
2011.05.12 02:36:24.886,15.04329,15.04776,0.00,0.00
2011.05.12 02:36:27.857,15.04425,15.04822,0.00,0.00
2011.05.12 02:36:30.155,15.04441,15.04859,0.00,0.00
2011.05.12 02:36:30.374,15.04452,15.04876,0.00,0.00
2011.05.12 02:36:30.484,15.04469,15.04865,0.00,0.00
2011.05.12 02:36:38.673,15.04443,15.04869,0.00,0.00
2011.05.12 02:36:40.916,15.04452,15.04827,0.00,0.00
2011.05.12 02:36:43.897,15.04466,15.0479,0.00,0.00
2011.05.12 02:36:46.044,15.0435,15.04868,0.00,0.00
2011.05.12 02:36:54.884,15.04414,15.0476,0.00,0.00
2011.05.12 02:37:39.596,15.04396,15.04792,0.00,0.00
2011.05.12 02:38:18.935,15.04399,15.04795,0.00,0.00
2011.05.12 02:38:23.842,15.04383,15.04781,0.00,0.00
2011.05.12 02:38:26.776,15.04405,15.04753,0.00,0.00
2011.05.12 02:38:27.917,15.04363,15.04811,0.00,0.00
2011.05.12 02:38:35.836,15.04396,15.04794,0.00,0.00
2011.05.12 02:38:37.815,15.04439,15.04807,0.00,0.00
2011.05.12 02:38:37.925,15.04509,15.04809,0.00,0.00
2011.05.12 02:38:40.204,15.04491,15.04887,0.00,0.00
2011.05.12 02:38:43.265,15.04516,15.04912,0.00,0.00
2011.05.12 02:38:45.304,15.04528,15.04903,0.00,0.00
2011.05.12 02:38:47.794,15.04513,15.04837,0.00,0.00
2011.05.12 02:38:49.913,15.04387,15.04833,0.00,0.00
2011.05.12 02:39:29.928,15.04362,15.0476,0.00,0.00
2011.05.12 02:39:33.397,15.04341,15.04716,0.00,0.00
2011.05.12 02:39:34.054,15.04258,15.04733,0.00,0.00
2011.05.12 02:39:34.984,15.04254,15.04678,0.00,0.00
2011.05.12 02:39:35.897,15.04264,15.04639,0.00,0.00
2011.05.12 02:39:38.869,15.0431,15.04636,0.00,0.00
2011.05.12 02:39:48.965,15.04245,15.04713,0.00,0.00
2011.05.12 02:39:49.944,15.04258,15.04584,0.00,0.00
2011.05.12 02:39:54.052,15.04204,15.04601,0.00,0.00
2011.05.12 02:39:58.475,15.0429,15.04614,0.00,0.00
2011.05.12 02:39:58.585,15.04249,15.04717,0.00,0.00
2011.05.12 02:40:00.673,15.04308,15.04634,0.00,0.00
2011.05.12 02:40:01.055,15.04252,15.04698,0.00,0.00
2011.05.12 02:40:02.835,15.04247,15.04671,0.00,0.00
2011.05.12 02:40:05.876,15.04245,15.0462,0.00,0.00
2011.05.12 02:40:11.854,15.04222,15.04546,0.00,0.00
2011.05.12 02:40:15.505,15.04102,15.04556,0.00,0.00
2011.05.12 02:40:15.955,15.04055,15.04531,0.00,0.00
2011.05.12 02:40:17.877,15.04053,15.04479,0.00,0.00
2011.05.12 02:40:19.866,15.04055,15.0443,0.00,0.00
2011.05.12 02:40:23.935,15.04076,15.04402,0.00,0.00
2011.05.12 02:40:24.385,15.03948,15.04588,0.00,0.00
2011.05.12 02:40:24.495,15.04119,15.04515,0.00,0.00
2011.05.12 02:40:24.884,15.04188,15.04563,0.00,0.00
2011.05.12 02:40:25.624,15.04142,15.0466,0.00,0.00
2011.05.12 02:40:26.586,15.04173,15.04548,0.00,0.00
2011.05.12 02:40:38.905,15.04175,15.04501,0.00,0.00
2011.05.12 02:40:41.117,15.04143,15.04518,0.00,0.00
2011.05.12 02:40:44.035,15.04166,15.04484,0.00,0.00
2011.05.12 02:40:44.145,15.04137,15.04512,0.00,0.00
2011.05.12 02:40:44.584,15.04094,15.04542,0.00,0.00
2011.05.12 02:40:48.570,15.04117,15.04513,0.00,0.00
2011.05.12 02:40:52.985,15.04082,15.0453,0.00,0.00
2011.05.12 02:40:53.740,15.04068,15.04522,0.00,0.00
2011.05.12 02:40:53.844,15.04083,15.04487,0.00,0.00
2011.05.12 02:40:53.955,15.04041,15.04515,0.00,0.00
2011.05.12 02:40:54.654,15.04047,15.04473,0.00,0.00
2011.05.12 02:40:55.848,15.04049,15.04424,0.00,0.00
2011.05.12 02:40:57.867,15.04039,15.04365,0.00,0.00
2011.05.12 02:41:00.838,15.03996,15.04344,0.00,0.00
2011.05.12 02:41:07.354,15.03969,15.04344,0.00,0.00
2011.05.12 02:41:07.465,15.03939,15.04363,0.00,0.00
2011.05.12 02:41:08.305,15.0395,15.04325,0.00,0.00
2011.05.12 02:41:10.866,15.03979,15.04305,0.00,0.00
2011.05.12 02:41:16.850,15.04005,15.0438,0.00,0.00
2011.05.12 02:41:22.411,15.03991,15.04509,0.00,0.00
2011.05.12 02:41:22.625,15.04061,15.04459,0.00,0.00
2011.05.12 02:41:48.485,15.0402,15.04474,0.00,0.00
2011.05.12 02:41:50.806,15.04034,15.04438,0.00,0.00
2011.05.12 02:41:52.386,15.04037,15.04433,0.00,0.00
2011.05.12 02:41:56.631,15.04055,15.0443,0.00,0.00
2011.05.12 02:42:00.515,15.04083,15.04431,0.00,0.00
2011.05.12 02:42:00.735,15.0407,15.04466,0.00,0.00
2011.05.12 02:42:22.009,15.04069,15.04473,0.00,0.00
2011.05.12 02:42:22.115,15.04057,15.04481,0.00,0.00
2011.05.12 02:42:22.334,15.04069,15.04467,0.00,0.00
2011.05.12 02:42:24.895,15.04098,15.04444,0.00,0.00
2011.05.12 02:42:28.357,15.0397,15.0461,0.00,0.00
2011.05.12 02:42:28.575,15.04105,15.04502,0.00,0.00
2011.05.12 02:42:30.836,15.04073,15.04521,0.00,0.00
2011.05.12 02:42:33.847,15.04086,15.04482,0.00,0.00
2011.05.12 02:42:36.795,15.04072,15.04476,0.00,0.00
2011.05.12 02:42:36.905,15.04045,15.04471,0.00,0.00
2011.05.12 02:42:40.886,15.04052,15.04427,0.00,0.00
2011.05.12 02:42:50.841,15.0407,15.04396,0.00,0.00
2011.05.12 02:42:53.545,15.04053,15.04428,0.00,0.00
2011.05.12 02:42:53.655,15.04073,15.04421,0.00,0.00
2011.05.12 02:42:54.659,15.0407,15.04445,0.00,0.00
2011.05.12 02:42:58.386,15.04084,15.04482,0.00,0.00
2011.05.12 02:43:04.289,15.04158,15.04484,0.00,0.00
2011.05.12 02:43:04.395,15.04198,15.04573,0.00,0.00
2011.05.12 02:43:12.217,15.04192,15.0471,0.00,0.00
2011.05.12 02:43:14.515,15.04267,15.04663,0.00,0.00
2011.05.12 02:43:14.678,15.04216,15.0469,0.00,0.00
2011.05.12 02:43:15.455,15.04221,15.04645,0.00,0.00
2011.05.12 02:43:16.850,15.04215,15.0459,0.00,0.00
2011.05.12 02:43:18.946,15.04189,15.04513,0.00,0.00
2011.05.12 02:43:24.716,15.04126,15.04472,0.00,0.00
2011.05.12 02:43:29.770,15.03994,15.04562,0.00,0.00
2011.05.12 02:43:32.471,15.041,15.04448,0.00,0.00
2011.05.12 02:43:35.765,15.0397,15.0461,0.00,0.00
2011.05.12 02:43:35.985,15.04105,15.04502,0.00,0.00
2011.05.12 02:43:37.575,15.04075,15.04523,0.00,0.00
2011.05.12 02:43:39.880,15.04098,15.04495,0.00,0.00
2011.05.12 02:43:40.585,15.04132,15.04456,0.00,0.00
2011.05.12 02:43:44.645,15.04078,15.04474,0.00,0.00
2011.05.12 02:43:48.780,15.04086,15.04432,0.00,0.00
2011.05.12 02:43:57.255,15.04065,15.0444,0.00,0.00
2011.05.12 02:44:10.552,15.04085,15.04433,0.00,0.00
2011.05.12 02:44:10.765,15.04067,15.04463,0.00,0.00
2011.05.12 02:44:23.346,15.04042,15.04468,0.00,0.00
2011.05.12 02:44:23.617,15.04052,15.04427,0.00,0.00
2011.05.12 02:44:27.885,15.04068,15.04394,0.00,0.00
2011.05.12 02:44:28.120,15.04043,15.04418,0.00,0.00
2011.05.12 02:44:31.790,15.04075,15.04401,0.00,0.00
2011.05.12 02:44:33.837,15.04098,15.04444,0.00,0.00
2011.05.12 02:44:33.946,15.04111,15.04507,0.00,0.00
2011.05.12 02:44:34.386,15.04136,15.04511,0.00,0.00
2011.05.12 02:44:34.499,15.04118,15.04515,0.00,0.00
2011.05.12 02:44:35.755,15.04082,15.04528,0.00,0.00
2011.05.12 02:44:37.898,15.04099,15.04497,0.00,0.00
2011.05.12 02:44:40.025,15.04136,15.0446,0.00,0.00
2011.05.12 02:44:40.305,15.04101,15.04498,0.00,0.00
2011.05.12 02:44:55.145,15.04157,15.04481,0.00,0.00
2011.05.12 02:45:04.955,15.04158,15.04533,0.00,0.00
2011.05.12 02:45:18.108,15.04175,15.04579,0.00,0.00
2011.05.12 02:45:20.821,15.04248,15.04572,0.00,0.00
2011.05.12 02:45:25.945,15.04249,15.04624,0.00,0.00
2011.05.12 02:45:33.255,15.04248,15.04672,0.00,0.00
2011.05.12 02:45:36.857,15.04278,15.04682,0.00,0.00
2011.05.12 02:45:42.042,15.04325,15.04649,0.00,0.00
2011.05.12 02:45:48.405,15.04273,15.04677,0.00,0.00
2011.05.12 02:45:50.996,15.04247,15.04673,0.00,0.00
2011.05.12 02:45:53.913,15.04253,15.04628,0.00,0.00
2011.05.12 02:46:00.858,15.04269,15.04593,0.00,0.00
2011.05.12 02:46:02.795,15.04241,15.04616,0.00,0.00
2011.05.12 02:46:06.800,15.04268,15.04594,0.00,0.00
2011.05.12 02:46:07.026,15.04259,15.04634,0.00,0.00
2011.05.12 02:46:12.188,15.04267,15.04671,0.00,0.00
2011.05.12 02:46:13.805,15.04247,15.04723,0.00,0.00
2011.05.12 02:46:14.836,15.04262,15.04716,0.00,0.00
2011.05.12 02:46:15.985,15.04244,15.04718,0.00,0.00
2011.05.12 02:46:16.808,15.04247,15.04673,0.00,0.00
2011.05.12 02:46:19.791,15.04246,15.04621,0.00,0.00
2011.05.12 02:46:25.048,15.04178,15.04632,0.00,0.00
2011.05.12 02:46:27.899,15.04179,15.04583,0.00,0.00
2011.05.12 02:46:38.727,15.04158,15.04554,0.00,0.00
2011.05.12 02:46:38.945,15.04069,15.04587,0.00,0.00
2011.05.12 02:46:39.204,15.04048,15.04574,0.00,0.00
2011.05.12 02:46:39.996,15.04056,15.04532,0.00,0.00
2011.05.12 02:46:40.375,15.04038,15.04506,0.00,0.00
2011.05.12 02:46:44.846,15.04058,15.04433,0.00,0.00
2011.05.12 02:46:52.975,15.04083,15.04407,0.00,0.00
2011.05.12 02:46:55.567,15.04104,15.04479,0.00,0.00
2011.05.12 02:47:04.905,15.04083,15.04601,0.00,0.00
2011.05.12 02:47:05.016,15.04168,15.04543,0.00,0.00
2011.05.12 02:47:05.466,15.04114,15.0461,0.00,0.00
2011.05.12 02:47:05.575,15.04091,15.04639,0.00,0.00
2011.05.12 02:47:07.847,15.04124,15.04628,0.00,0.00
2011.05.12 02:47:08.316,15.04151,15.04627,0.00,0.00
2011.05.12 02:47:08.966,15.04174,15.04628,0.00,0.00
2011.05.12 02:47:11.863,15.04202,15.04606,0.00,0.00
2011.05.12 02:47:12.195,15.04152,15.04626,0.00,0.00
2011.05.12 02:47:12.908,15.04119,15.04623,0.00,0.00
2011.05.12 02:47:13.847,15.04122,15.04576,0.00,0.00
2011.05.12 02:47:14.895,15.04074,15.04578,0.00,0.00
2011.05.12 02:47:15.937,15.04086,15.0454,0.00,0.00
2011.05.12 02:47:17.175,15.0409,15.04538,0.00,0.00
2011.05.12 02:47:19.848,15.04123,15.04527,0.00,0.00
2011.05.12 02:47:25.390,15.04155,15.0453,0.00,0.00
2011.05.12 02:47:41.426,15.04142,15.04596,0.00,0.00
2011.05.12 02:48:02.907,15.0419,15.04594,0.00,0.00
2011.05.12 02:48:05.735,15.04166,15.04612,0.00,0.00
2011.05.12 02:48:07.806,15.04174,15.04578,0.00,0.00
2011.05.12 02:48:16.439,15.04153,15.04549,0.00,0.00
2011.05.12 02:48:16.546,15.04056,15.04574,0.00,0.00
2011.05.12 02:48:16.655,15.03991,15.04589,0.00,0.00
2011.05.12 02:48:17.860,15.04026,15.0453,0.00,0.00
2011.05.12 02:48:20.930,15.0407,15.04474,0.00,0.00
2011.05.12 02:48:28.525,15.04054,15.04508,0.00,0.00
2011.05.12 02:48:30.515,15.04147,15.04473,0.00,0.00
2011.05.12 02:48:45.675,15.04153,15.04528,0.00,0.00
2011.05.12 02:48:50.886,15.04166,15.0457,0.00,0.00
2011.05.12 02:48:52.645,15.04158,15.04632,0.00,0.00
2011.05.12 02:48:53.285,15.0417,15.04674,0.00,0.00
2011.05.12 02:48:55.836,15.04222,15.04676,0.00,0.00
2011.05.12 02:48:59.274,15.04273,15.04677,0.00,0.00
2011.05.12 02:49:08.295,15.04273,15.04727,0.00,0.00
2011.05.12 02:49:08.945,15.04272,15.04776,0.00,0.00
2011.05.12 02:49:09.882,15.04323,15.04777,0.00,0.00
2011.05.12 02:49:12.087,15.04323,15.04827,0.00,0.00
2011.05.12 02:49:13.857,15.04371,15.04825,0.00,0.00
2011.05.12 02:49:16.817,15.0441,15.04814,0.00,0.00
2011.05.12 02:49:36.406,15.04415,15.04812,0.00,0.00
2011.05.12 02:49:36.515,15.04395,15.04841,0.00,0.00
2011.05.12 02:49:37.327,15.0445,15.04825,0.00,0.00
2011.05.12 02:49:38.875,15.04439,15.04865,0.00,0.00
2011.05.12 02:49:43.787,15.04445,15.04891,0.00,0.00
2011.05.12 02:49:44.867,15.04515,15.04841,0.00,0.00
2011.05.12 02:49:45.903,15.04458,15.04884,0.00,0.00
2011.05.12 02:49:46.355,15.04454,15.04908,0.00,0.00
2011.05.12 02:49:46.465,15.04558,15.04882,0.00,0.00
2011.05.12 02:49:53.026,15.04554,15.04978,0.00,0.00
2011.05.12 02:49:54.995,15.04648,15.04974,0.00,0.00
2011.05.12 02:49:56.426,15.04634,15.05052,0.00,0.00
2011.05.12 02:49:56.535,15.04644,15.05068,0.00,0.00
2011.05.12 02:49:56.833,15.04652,15.0507,0.00,0.00
2011.05.12 02:50:01.925,15.04658,15.05054,0.00,0.00
2011.05.12 02:50:10.594,15.04655,15.05003,0.00,0.00
2011.05.12 02:50:10.816,15.04562,15.0503,0.00,0.00
2011.05.12 02:50:11.406,15.04567,15.04985,0.00,0.00
2011.05.12 02:50:13.486,15.04554,15.04978,0.00,0.00
2011.05.12 02:50:13.987,15.04555,15.04973,0.00,0.00
2011.05.12 02:50:14.697,15.0455,15.04976,0.00,0.00
2011.05.12 02:50:15.026,15.04557,15.04975,0.00,0.00
2011.05.12 02:50:16.785,15.04572,15.04968,0.00,0.00
2011.05.12 02:50:17.006,15.0457,15.04974,0.00,0.00
2011.05.12 02:50:17.406,15.0457,15.04966,0.00,0.00
2011.05.12 02:50:17.626,15.04559,15.04977,0.00,0.00
2011.05.12 02:50:18.398,15.04568,15.04992,0.00,0.00
2011.05.12 02:50:18.726,15.04534,15.05052,0.00,0.00
2011.05.12 02:50:18.835,15.04573,15.05041,0.00,0.00
2011.05.12 02:50:19.378,15.04648,15.05016,0.00,0.00
2011.05.12 02:50:19.486,15.04628,15.05054,0.00,0.00
2011.05.12 02:50:21.297,15.04642,15.05017,0.00,0.00
2011.05.12 02:50:24.277,15.04592,15.05046,0.00,0.00
2011.05.12 02:50:24.871,15.0461,15.05014,0.00,0.00
2011.05.12 02:50:25.665,15.04568,15.05022,0.00,0.00
2011.05.12 02:50:26.486,15.04578,15.04974,0.00,0.00
2011.05.12 02:50:26.597,15.04549,15.04967,0.00,0.00
2011.05.12 02:50:28.827,15.04554,15.04929,0.00,0.00
2011.05.12 02:50:31.854,15.04581,15.04907,0.00,0.00
2011.05.12 02:50:33.536,15.0456,15.04984,0.00,0.00
2011.05.12 02:50:35.724,15.04643,15.04967,0.00,0.00
2011.05.12 02:50:35.835,15.04633,15.05008,0.00,0.00
2011.05.12 02:50:50.644,15.04615,15.05019,0.00,0.00
2011.05.12 02:51:03.704,15.0459,15.05044,0.00,0.00
2011.05.12 02:51:06.837,15.04625,15.05029,0.00,0.00
2011.05.12 02:51:14.579,15.04656,15.05031,0.00,0.00
2011.05.12 02:51:14.686,15.04646,15.05072,0.00,0.00
2011.05.12 02:51:18.764,15.04665,15.05069,0.00,0.00
2011.05.12 02:51:24.855,15.04668,15.05065,0.00,0.00
2011.05.12 02:51:24.965,15.04646,15.05064,0.00,0.00
2011.05.12 02:51:25.185,15.04608,15.05056,0.00,0.00
2011.05.12 02:51:28.185,15.04626,15.04972,0.00,0.00
2011.05.12 02:51:28.436,15.04564,15.04961,0.00,0.00
2011.05.12 02:51:40.092,15.0457,15.04888,0.00,0.00
2011.05.12 02:51:40.446,15.04544,15.04862,0.00,0.00
2011.05.12 02:51:59.703,15.04476,15.04872,0.00,0.00
2011.05.12 02:52:04.973,15.04477,15.04852,0.00,0.00
2011.05.12 02:52:06.296,15.04474,15.04898,0.00,0.00
2011.05.12 02:52:07.496,15.04525,15.049,0.00,0.00
2011.05.12 02:52:11.849,15.04568,15.04894,0.00,0.00
2011.05.12 02:52:13.236,15.04543,15.04969,0.00,0.00
2011.05.12 02:52:17.127,15.04577,15.04981,0.00,0.00
2011.05.12 02:52:25.105,15.04575,15.05029,0.00,0.00
2011.05.12 02:52:25.264,15.04628,15.05003,0.00,0.00
2011.05.12 02:52:35.258,15.04641,15.04959,0.00,0.00
2011.05.12 02:52:35.586,15.04585,15.04981,0.00,0.00
2011.05.12 02:52:38.175,15.0457,15.04974,0.00,0.00
2011.05.12 02:52:43.152,15.04594,15.04969,0.00,0.00
2011.05.12 02:52:44.416,15.04623,15.04991,0.00,0.00
2011.05.12 02:52:44.526,15.04661,15.04985,0.00,0.00
2011.05.12 02:52:49.252,15.04653,15.05028,0.00,0.00
2011.05.12 02:52:53.628,15.04646,15.05064,0.00,0.00
2011.05.12 02:52:53.737,15.04657,15.05083,0.00,0.00
2011.05.12 02:52:56.726,15.04643,15.05119,0.00,0.00
2011.05.12 02:52:57.889,15.0465,15.05104,0.00,0.00
2011.05.12 02:52:58.356,15.04689,15.05037,0.00,0.00
2011.05.12 02:52:58.466,15.04643,15.05061,0.00,0.00
2011.05.12 02:53:00.850,15.04656,15.05031,0.00,0.00
2011.05.12 02:53:04.919,15.04696,15.05022,0.00,0.00
2011.05.12 02:53:05.266,15.04737,15.05061,0.00,0.00
2011.05.12 02:53:07.526,15.04736,15.05111,0.00,0.00
2011.05.12 02:53:10.689,15.04747,15.05115,0.00,0.00
2011.05.12 02:53:10.906,15.04745,15.0512,0.00,0.00
2011.05.12 02:53:11.849,15.04774,15.05098,0.00,0.00
2011.05.12 02:53:20.976,15.04742,15.0516,0.00,0.00
2011.05.12 02:53:21.086,15.04746,15.0517,0.00,0.00
2011.05.12 02:53:22.446,15.04748,15.05166,0.00,0.00
2011.05.12 02:53:22.557,15.0473,15.05184,0.00,0.00
2011.05.12 02:53:24.376,15.0474,15.05164,0.00,0.00
2011.05.12 02:53:24.918,15.04755,15.0513,0.00,0.00
2011.05.12 02:53:25.684,15.04747,15.05151,0.00,0.00
2011.05.12 02:53:26.166,15.04723,15.05227,0.00,0.00
2011.05.12 02:53:27.831,15.04781,15.05235,0.00,0.00
2011.05.12 02:53:29.556,15.04766,15.0532,0.00,0.00
2011.05.12 02:53:30.828,15.04817,15.05321,0.00,0.00
2011.05.12 02:53:32.289,15.04855,15.05309,0.00,0.00
2011.05.12 02:53:32.873,15.04886,15.05282,0.00,0.00
2011.05.12 02:53:35.413,15.0486,15.05314,0.00,0.00
2011.05.12 02:53:35.611,15.04893,15.05297,0.00,0.00
2011.05.12 02:53:50.895,15.04951,15.05277,0.00,0.00
2011.05.12 02:53:56.506,15.04938,15.05313,0.00,0.00
2011.05.12 02:54:10.242,15.04927,15.05331,0.00,0.00
2011.05.12 02:54:49.571,15.04945,15.0532,0.00,0.00
2011.05.12 02:54:49.785,15.04938,15.05342,0.00,0.00
2011.05.12 02:55:00.478,15.04666,15.05662,0.00,0.00
2011.05.12 02:55:16.940,15.04751,15.05647,0.00,0.00
2011.05.12 02:55:17.684,15.0481,15.05606,0.00,0.00
2011.05.12 02:55:23.214,15.04728,15.05624,0.00,0.00
2011.05.12 02:55:25.747,15.04828,15.05468,0.00,0.00
2011.05.12 02:55:26.282,15.04931,15.05385,0.00,0.00
2011.05.12 02:55:29.086,15.04976,15.0538,0.00,0.00
2011.05.12 02:55:29.416,15.05025,15.05351,0.00,0.00
2011.05.12 02:55:29.526,15.04986,15.0539,0.00,0.00
2011.05.12 02:55:29.636,15.04957,15.05411,0.00,0.00
2011.05.12 02:55:29.746,15.04976,15.05372,0.00,0.00
2011.05.12 02:55:29.967,15.04954,15.05402,0.00,0.00
2011.05.12 02:55:32.281,15.0504,15.05358,0.00,0.00
2011.05.12 02:55:32.733,15.05054,15.05378,0.00,0.00
2011.05.12 02:55:53.340,15.05041,15.05416,0.00,0.00
2011.05.12 02:55:56.618,15.05044,15.05412,0.00,0.00
2011.05.12 02:55:56.738,15.05017,15.05415,0.00,0.00
2011.05.12 02:55:57.106,15.04981,15.05429,0.00,0.00
2011.05.12 02:55:57.517,15.04973,15.05427,0.00,0.00
2011.05.12 02:55:58.376,15.04968,15.05416,0.00,0.00
2011.05.12 02:55:58.889,15.04989,15.05393,0.00,0.00
2011.05.12 02:55:59.926,15.04979,15.05433,0.00,0.00
2011.05.12 02:56:01.854,15.05027,15.05431,0.00,0.00
2011.05.12 02:56:02.497,15.05033,15.05459,0.00,0.00
2011.05.12 02:56:02.606,15.05029,15.05483,0.00,0.00
2011.05.12 02:56:03.507,15.0506,15.05486,0.00,0.00
2011.05.12 02:56:04.497,15.05064,15.05538,0.00,0.00
2011.05.12 02:56:05.742,15.05106,15.05554,0.00,0.00
2011.05.12 02:56:05.847,15.05124,15.05578,0.00,0.00
2011.05.12 02:56:08.862,15.05161,15.05565,0.00,0.00
2011.05.12 02:56:13.726,15.05156,15.05553,0.00,0.00
2011.05.12 02:56:16.155,15.0515,15.05498,0.00,0.00
2011.05.12 02:56:24.631,15.05082,15.055,0.00,0.00
2011.05.12 02:56:24.736,15.05091,15.05488,0.00,0.00
2011.05.12 02:56:34.498,15.05078,15.05532,0.00,0.00
2011.05.12 02:56:34.606,15.05127,15.05502,0.00,0.00
2011.05.12 02:56:36.553,15.05086,15.0554,0.00,0.00
2011.05.12 02:56:36.956,15.05105,15.05509,0.00,0.00
2011.05.12 02:56:37.316,15.05102,15.05449,0.00,0.00
2011.05.12 02:56:37.647,15.05035,15.05433,0.00,0.00
2011.05.12 02:56:38.676,15.0503,15.05376,0.00,0.00
2011.05.12 02:56:38.787,15.04992,15.05388,0.00,0.00
2011.05.12 02:56:39.748,15.04963,15.05411,0.00,0.00
2011.05.12 02:56:39.857,15.0499,15.05386,0.00,0.00
2011.05.12 02:56:42.696,15.04977,15.05423,0.00,0.00
2011.05.12 02:56:42.806,15.05005,15.05403,0.00,0.00
2011.05.12 02:56:43.696,15.04968,15.05416,0.00,0.00
2011.05.12 02:56:43.999,15.04985,15.05381,0.00,0.00
2011.05.12 02:56:53.995,15.0498,15.05384,0.00,0.00
2011.05.12 02:56:54.106,15.04957,15.05404,0.00,0.00
2011.05.12 02:56:55.173,15.04965,15.05361,0.00,0.00
2011.05.12 02:56:57.407,15.04955,15.05359,0.00,0.00
2011.05.12 02:57:00.098,15.04977,15.05373,0.00,0.00
2011.05.12 02:57:08.887,15.04972,15.05426,0.00,0.00
2011.05.12 02:57:11.881,15.05022,15.05426,0.00,0.00
2011.05.12 02:57:23.651,15.0502,15.05468,0.00,0.00
2011.05.12 02:57:25.797,15.05055,15.05451,0.00,0.00
2011.05.12 02:57:52.399,15.05071,15.05419,0.00,0.00
2011.05.12 02:57:52.616,15.05047,15.05415,0.00,0.00
2011.05.12 02:57:55.026,15.05053,15.05371,0.00,0.00
2011.05.12 02:57:55.163,15.05022,15.0537,0.00,0.00
2011.05.12 02:57:55.266,15.04992,15.05388,0.00,0.00
2011.05.12 02:57:58.866,15.05026,15.05372,0.00,0.00
2011.05.12 02:57:58.976,15.05007,15.05404,0.00,0.00
2011.05.12 02:57:59.086,15.05033,15.05379,0.00,0.00
2011.05.12 02:58:00.658,15.05,15.05397,0.00,0.00
2011.05.12 02:58:03.766,15.04987,15.05383,0.00,0.00
2011.05.12 02:58:10.948,15.04987,15.05391,0.00,0.00
2011.05.12 02:58:11.477,15.04979,15.05433,0.00,0.00
2011.05.12 02:58:13.871,15.05032,15.05436,0.00,0.00
2011.05.12 02:58:20.766,15.0507,15.05468,0.00,0.00
2011.05.12 02:58:23.868,15.05135,15.05483,0.00,0.00
2011.05.12 02:58:33.377,15.0514,15.05558,0.00,0.00
2011.05.12 02:58:33.487,15.05142,15.0561,0.00,0.00
2011.05.12 02:58:34.887,15.05176,15.05622,0.00,0.00
2011.05.12 02:58:35.858,15.05221,15.05617,0.00,0.00
2011.05.12 02:58:39.897,15.05253,15.056,0.00,0.00
2011.05.12 02:58:41.227,15.05219,15.05616,0.00,0.00
2011.05.12 02:58:41.448,15.0524,15.05588,0.00,0.00
2011.05.12 02:58:44.514,15.05229,15.05625,0.00,0.00
2011.05.12 02:58:47.155,15.05274,15.05622,0.00,0.00
2011.05.12 02:59:08.169,15.05259,15.05663,0.00,0.00
2011.05.12 02:59:24.246,15.0526,15.05658,0.00,0.00
2011.05.12 02:59:24.356,15.05223,15.05671,0.00,0.00
2011.05.12 02:59:26.918,15.05241,15.05645,0.00,0.00
2011.05.12 02:59:35.829,15.05229,15.05683,0.00,0.00
2011.05.12 02:59:37.917,15.05275,15.05679,0.00,0.00
2011.05.12 02:59:58.417,15.0527,15.05724,0.00,0.00
