2011.05.25 04:00:17.730,15.25133,15.25573,0.00,0.00
2011.05.25 04:00:17.842,15.25137,15.25555,0.00,0.00
2011.05.25 04:00:20.774,15.25154,15.25551,0.00,0.00
2011.05.25 04:00:28.894,15.25175,15.25515,0.00,0.00
2011.05.25 04:00:33.664,15.25077,15.25525,0.00,0.00
2011.05.25 04:00:33.883,15.25051,15.25469,0.00,0.00
2011.05.25 04:00:34.313,15.25024,15.25434,0.00,0.00
2011.05.25 04:00:36.453,15.25025,15.25365,0.00,0.00
2011.05.25 04:00:36.563,15.24948,15.25388,0.00,0.00
2011.05.25 04:00:36.673,15.24945,15.25375,0.00,0.00
2011.05.25 04:00:37.003,15.24968,15.25348,0.00,0.00
2011.05.25 04:00:39.804,15.24973,15.25321,0.00,0.00
2011.05.25 04:00:39.934,15.24934,15.2533,0.00,0.00
2011.05.25 04:00:42.783,15.24962,15.25308,0.00,0.00
2011.05.25 04:00:46.643,15.24958,15.25338,0.00,0.00
2011.05.25 04:00:46.753,15.2497,15.25316,0.00,0.00
2011.05.25 04:00:51.755,15.24949,15.25329,0.00,0.00
2011.05.25 04:00:51.863,15.24981,15.25311,0.00,0.00
2011.05.25 04:00:51.973,15.24964,15.25334,0.00,0.00
2011.05.25 04:00:56.620,15.24931,15.25351,0.00,0.00
2011.05.25 04:00:57.712,15.24932,15.25329,0.00,0.00
2011.05.25 04:00:58.362,15.24928,15.25308,0.00,0.00
2011.05.25 04:00:58.912,15.24933,15.25283,0.00,0.00
2011.05.25 04:01:00.445,15.24939,15.25269,0.00,0.00
2011.05.25 04:01:03.362,15.24939,15.25285,0.00,0.00
2011.05.25 04:01:17.893,15.24963,15.25273,0.00,0.00
2011.05.25 04:01:19.352,15.24952,15.253,0.00,0.00
2011.05.25 04:01:22.476,15.2498,15.2531,0.00,0.00
2011.05.25 04:01:28.372,15.24998,15.25298,0.00,0.00
2011.05.25 04:01:28.593,15.24948,15.25328,0.00,0.00
2011.05.25 04:01:28.742,15.24959,15.25355,0.00,0.00
2011.05.25 04:01:59.128,15.25041,15.25361,0.00,0.00
2011.05.25 04:02:00.776,15.25084,15.25384,0.00,0.00
2011.05.25 04:02:00.883,15.25075,15.25445,0.00,0.00
2011.05.25 04:02:01.103,15.25144,15.2549,0.00,0.00
2011.05.25 04:02:05.733,15.25183,15.25543,0.00,0.00
2011.05.25 04:02:05.953,15.2518,15.25577,0.00,0.00
2011.05.25 04:02:09.225,15.25201,15.25597,0.00,0.00
2011.05.25 04:02:09.338,15.25264,15.25584,0.00,0.00
2011.05.25 04:02:09.443,15.25276,15.25596,0.00,0.00
2011.05.25 04:02:09.553,15.25257,15.25603,0.00,0.00
2011.05.25 04:02:11.723,15.25188,15.25636,0.00,0.00
2011.05.25 04:02:11.942,15.25187,15.25617,0.00,0.00
2011.05.25 04:02:12.276,15.25191,15.25611,0.00,0.00
2011.05.25 04:02:13.214,15.2522,15.2559,0.00,0.00
2011.05.25 04:02:13.322,15.25177,15.25623,0.00,0.00
2011.05.25 04:02:13.529,15.25188,15.25608,0.00,0.00
2011.05.25 04:02:14.182,15.25171,15.25619,0.00,0.00
2011.05.25 04:02:14.764,15.25199,15.25595,0.00,0.00
2011.05.25 04:02:18.112,15.25248,15.25594,0.00,0.00
2011.05.25 04:02:18.442,15.25253,15.25633,0.00,0.00
2011.05.25 04:02:47.071,15.25272,15.25618,0.00,0.00
2011.05.25 04:02:47.293,15.2525,15.25646,0.00,0.00
2011.05.25 04:02:52.241,15.25301,15.25647,0.00,0.00
2011.05.25 04:03:10.675,15.25299,15.25709,0.00,0.00
2011.05.25 04:03:10.893,15.25352,15.257,0.00,0.00
2011.05.25 04:03:32.715,15.25392,15.25738,0.00,0.00
2011.05.25 04:03:33.162,15.25374,15.25794,0.00,0.00
2011.05.25 04:03:38.766,15.25404,15.2575,0.00,0.00
2011.05.25 04:03:39.553,15.25386,15.25782,0.00,0.00
2011.05.25 04:03:39.663,15.25413,15.25761,0.00,0.00
2011.05.25 04:03:41.299,15.25371,15.25767,0.00,0.00
2011.05.25 04:03:43.754,15.25356,15.25704,0.00,0.00
2011.05.25 04:03:46.403,15.25298,15.25666,0.00,0.00
2011.05.25 04:03:46.512,15.25242,15.2566,0.00,0.00
2011.05.25 04:03:47.744,15.25243,15.25633,0.00,0.00
2011.05.25 04:03:49.762,15.25224,15.25644,0.00,0.00
2011.05.25 04:03:49.874,15.25223,15.25619,0.00,0.00
2011.05.25 04:03:51.877,15.2518,15.25628,0.00,0.00
2011.05.25 04:03:51.982,15.25195,15.25591,0.00,0.00
2011.05.25 04:03:52.416,15.25206,15.25552,0.00,0.00
2011.05.25 04:04:05.942,15.25148,15.25556,0.00,0.00
2011.05.25 04:04:06.070,15.25113,15.25531,0.00,0.00
2011.05.25 04:04:06.843,15.25107,15.25477,0.00,0.00
2011.05.25 04:04:07.254,15.25114,15.25434,0.00,0.00
2011.05.25 04:04:12.763,15.25064,15.25461,0.00,0.00
2011.05.25 04:04:41.583,15.25092,15.25412,0.00,0.00
2011.05.25 04:04:42.462,15.25009,15.25399,0.00,0.00
2011.05.25 04:04:42.573,15.24934,15.25342,0.00,0.00
2011.05.25 04:04:42.682,15.24859,15.25299,0.00,0.00
2011.05.25 04:04:42.922,15.24834,15.25252,0.00,0.00
2011.05.25 04:04:46.303,15.24781,15.25249,0.00,0.00
2011.05.25 04:04:46.413,15.24788,15.25198,0.00,0.00
2011.05.25 04:04:46.932,15.24796,15.25176,0.00,0.00
2011.05.25 04:04:47.923,15.24823,15.25153,0.00,0.00
2011.05.25 04:04:48.284,15.24842,15.25152,0.00,0.00
2011.05.25 04:04:53.022,15.24852,15.252,0.00,0.00
2011.05.25 04:04:58.523,15.24872,15.25268,0.00,0.00
2011.05.25 04:04:58.633,15.24936,15.25284,0.00,0.00
2011.05.25 04:04:59.174,15.2493,15.2532,0.00,0.00
2011.05.25 04:05:00.170,15.24934,15.25282,0.00,0.00
2011.05.25 04:05:00.283,15.24896,15.25294,0.00,0.00
2011.05.25 04:05:00.393,15.24914,15.2526,0.00,0.00
2011.05.25 04:05:00.632,15.24885,15.25255,0.00,0.00
2011.05.25 04:05:01.732,15.24885,15.25235,0.00,0.00
2011.05.25 04:05:05.750,15.24893,15.25223,0.00,0.00
2011.05.25 04:05:08.543,15.24903,15.25203,0.00,0.00
2011.05.25 04:05:10.467,15.24855,15.25235,0.00,0.00
2011.05.25 04:05:10.683,15.24894,15.25224,0.00,0.00
2011.05.25 04:05:11.775,15.2492,15.2524,0.00,0.00
2011.05.25 04:05:17.832,15.24929,15.25269,0.00,0.00
2011.05.25 04:05:18.560,15.24954,15.25302,0.00,0.00
2011.05.25 04:05:38.631,15.25016,15.25316,0.00,0.00
2011.05.25 04:05:38.852,15.25024,15.25364,0.00,0.00
2011.05.25 04:05:39.072,15.25054,15.25402,0.00,0.00
2011.05.25 04:06:22.800,15.25109,15.25427,0.00,0.00
2011.05.25 04:06:22.914,15.25108,15.25454,0.00,0.00
2011.05.25 04:06:44.843,15.25075,15.25471,0.00,0.00
2011.05.25 04:06:45.131,15.25036,15.25474,0.00,0.00
2011.05.25 04:06:45.243,15.2499,15.25478,0.00,0.00
2011.05.25 04:06:46.713,15.24997,15.25433,0.00,0.00
2011.05.25 04:06:47.731,15.24978,15.25424,0.00,0.00
2011.05.25 04:06:49.734,15.25006,15.25402,0.00,0.00
2011.05.25 04:06:53.754,15.25008,15.25468,0.00,0.00
2011.05.25 04:06:53.863,15.25115,15.25461,0.00,0.00
2011.05.25 04:06:57.583,15.25134,15.25522,0.00,0.00
2011.05.25 04:06:57.693,15.25193,15.25541,0.00,0.00
2011.05.25 04:06:58.812,15.25195,15.25595,0.00,0.00
2011.05.25 04:06:58.923,15.25214,15.25562,0.00,0.00
2011.05.25 04:07:22.874,15.25156,15.25584,0.00,0.00
2011.05.25 04:07:23.093,15.25128,15.25574,0.00,0.00
2011.05.25 04:07:25.814,15.25129,15.25525,0.00,0.00
2011.05.25 04:07:47.044,15.25079,15.25526,0.00,0.00
2011.05.25 04:07:47.153,15.25024,15.2552,0.00,0.00
2011.05.25 04:07:47.263,15.25031,15.25449,0.00,0.00
2011.05.25 04:07:47.824,15.25046,15.25386,0.00,0.00
2011.05.25 04:07:56.004,15.25022,15.25368,0.00,0.00
2011.05.25 04:08:41.532,15.24977,15.25307,0.00,0.00
2011.05.25 04:08:42.485,15.24914,15.25224,0.00,0.00
2011.05.25 04:08:45.334,15.24838,15.25198,0.00,0.00
2011.05.25 04:08:45.663,15.24826,15.25126,0.00,0.00
2011.05.25 04:08:55.737,15.24738,15.25146,0.00,0.00
2011.05.25 04:08:55.844,15.24735,15.25105,0.00,0.00
2011.05.25 04:08:56.471,15.24737,15.25077,0.00,0.00
2011.05.25 04:09:02.874,15.24723,15.25069,0.00,0.00
2011.05.25 04:09:02.983,15.24682,15.25078,0.00,0.00
2011.05.25 04:09:03.094,15.24686,15.25056,0.00,0.00
2011.05.25 04:09:06.804,15.24702,15.2505,0.00,0.00
2011.05.25 04:09:23.557,15.24693,15.25063,0.00,0.00
2011.05.25 04:09:25.323,15.24685,15.25031,0.00,0.00
2011.05.25 04:09:31.735,15.2465,15.25046,0.00,0.00
2011.05.25 04:09:31.844,15.24624,15.2507,0.00,0.00
2011.05.25 04:09:32.593,15.24619,15.25059,0.00,0.00
2011.05.25 04:09:36.764,15.24666,15.25012,0.00,0.00
2011.05.25 04:10:00.504,15.24639,15.25049,0.00,0.00
2011.05.25 04:10:01.975,15.24671,15.25017,0.00,0.00
2011.05.25 04:10:02.515,15.24654,15.25054,0.00,0.00
2011.05.25 04:10:02.622,15.24676,15.25022,0.00,0.00
2011.05.25 04:10:02.733,15.24649,15.25045,0.00,0.00
2011.05.25 04:10:04.354,15.2469,15.25038,0.00,0.00
2011.05.25 04:10:06.213,15.24702,15.25099,0.00,0.00
2011.05.25 04:10:08.355,15.24775,15.25075,0.00,0.00
2011.05.25 04:10:08.573,15.24744,15.25094,0.00,0.00
2011.05.25 04:10:08.683,15.24729,15.25099,0.00,0.00
2011.05.25 04:10:12.713,15.2472,15.2509,0.00,0.00
2011.05.25 04:10:13.142,15.24675,15.25095,0.00,0.00
2011.05.25 04:10:13.364,15.24693,15.25043,0.00,0.00
2011.05.25 04:10:24.474,15.24673,15.25041,0.00,0.00
2011.05.25 04:10:24.693,15.24645,15.25055,0.00,0.00
2011.05.25 04:10:25.483,15.24676,15.25022,0.00,0.00
2011.05.25 04:10:32.120,15.24671,15.25011,0.00,0.00
2011.05.25 04:10:35.466,15.24638,15.25028,0.00,0.00
2011.05.25 04:10:35.573,15.2463,15.25026,0.00,0.00
2011.05.25 04:10:35.793,15.24623,15.25013,0.00,0.00
2011.05.25 04:10:37.797,15.24628,15.24976,0.00,0.00
2011.05.25 04:10:49.874,15.24597,15.24993,0.00,0.00
2011.05.25 04:10:49.984,15.24626,15.24966,0.00,0.00
2011.05.25 04:10:50.203,15.24614,15.24961,0.00,0.00
2011.05.25 04:10:52.754,15.24611,15.24947,0.00,0.00
2011.05.25 04:11:10.916,15.24587,15.24985,0.00,0.00
2011.05.25 04:11:11.313,15.24617,15.24963,0.00,0.00
2011.05.25 04:11:24.544,15.24593,15.24981,0.00,0.00
2011.05.25 04:11:24.763,15.24594,15.24991,0.00,0.00
2011.05.25 04:11:45.223,15.246,15.2499,0.00,0.00
2011.05.25 04:11:50.523,15.24621,15.24967,0.00,0.00
2011.05.25 04:11:50.633,15.2458,15.2501,0.00,0.00
2011.05.25 04:11:54.872,15.24612,15.24948,0.00,0.00
2011.05.25 04:11:54.984,15.24617,15.24963,0.00,0.00
2011.05.25 04:11:55.823,15.24633,15.24973,0.00,0.00
2011.05.25 04:11:55.933,15.24598,15.24996,0.00,0.00
2011.05.25 04:11:58.956,15.24617,15.24965,0.00,0.00
2011.05.25 04:12:03.143,15.24576,15.24973,0.00,0.00
2011.05.25 04:12:04.593,15.24529,15.24977,0.00,0.00
2011.05.25 04:12:05.756,15.24531,15.24928,0.00,0.00
2011.05.25 04:12:08.690,15.24544,15.24892,0.00,0.00
2011.05.25 04:12:11.446,15.24556,15.24893,0.00,0.00
2011.05.25 04:12:11.544,15.24562,15.2491,0.00,0.00
2011.05.25 04:12:11.653,15.24545,15.24933,0.00,0.00
2011.05.25 04:12:11.874,15.24554,15.249,0.00,0.00
2011.05.25 04:12:20.774,15.24528,15.24874,0.00,0.00
2011.05.25 04:12:39.776,15.24516,15.24873,0.00,0.00
2011.05.25 04:12:42.894,15.24513,15.24909,0.00,0.00
2011.05.25 04:12:43.005,15.2454,15.2491,0.00,0.00
2011.05.25 04:12:43.333,15.24561,15.24907,0.00,0.00
2011.05.25 04:12:46.520,15.24539,15.24935,0.00,0.00
2011.05.25 04:12:46.634,15.24529,15.24959,0.00,0.00
2011.05.25 04:12:46.743,15.24516,15.24964,0.00,0.00
2011.05.25 04:12:47.546,15.24476,15.24972,0.00,0.00
2011.05.25 04:12:47.654,15.24482,15.24928,0.00,0.00
2011.05.25 04:12:48.687,15.24501,15.24898,0.00,0.00
2011.05.25 04:12:51.213,15.24548,15.24894,0.00,0.00
2011.05.25 04:12:59.774,15.24531,15.24979,0.00,0.00
2011.05.25 04:12:59.883,15.24602,15.24948,0.00,0.00
2011.05.25 04:13:02.029,15.2457,15.24967,0.00,0.00
2011.05.25 04:13:04.797,15.24579,15.24927,0.00,0.00
2011.05.25 04:13:07.163,15.24546,15.24942,0.00,0.00
2011.05.25 04:13:07.272,15.24566,15.24914,0.00,0.00
2011.05.25 04:13:09.114,15.24532,15.24928,0.00,0.00
2011.05.25 04:13:10.685,15.24562,15.2491,0.00,0.00
2011.05.25 04:13:12.823,15.24552,15.24952,0.00,0.00
2011.05.25 04:13:12.932,15.24582,15.24922,0.00,0.00
2011.05.25 04:13:13.061,15.2457,15.24916,0.00,0.00
2011.05.25 04:13:19.604,15.24525,15.24923,0.00,0.00
2011.05.25 04:13:21.795,15.24529,15.24877,0.00,0.00
2011.05.25 04:13:53.477,15.2449,15.24886,0.00,0.00
2011.05.25 04:13:53.694,15.24484,15.24874,0.00,0.00
2011.05.25 04:13:54.699,15.24471,15.24867,0.00,0.00
2011.05.25 04:13:56.695,15.24476,15.24824,0.00,0.00
2011.05.25 04:13:57.284,15.24431,15.24827,0.00,0.00
2011.05.25 04:14:00.815,15.24436,15.24782,0.00,0.00
2011.05.25 04:14:04.621,15.24445,15.24765,0.00,0.00
2011.05.25 04:14:07.783,15.24444,15.24792,0.00,0.00
2011.05.25 04:14:35.933,15.24457,15.24803,0.00,0.00
2011.05.25 04:14:49.605,15.24423,15.24819,0.00,0.00
2011.05.25 04:14:52.756,15.24428,15.24776,0.00,0.00
2011.05.25 04:15:01.643,15.2438,15.24776,0.00,0.00
2011.05.25 04:15:03.705,15.2438,15.24728,0.00,0.00
2011.05.25 04:15:17.393,15.24331,15.24727,0.00,0.00
2011.05.25 04:15:19.765,15.2433,15.24678,0.00,0.00
2011.05.25 04:15:46.833,15.24279,15.24676,0.00,0.00
2011.05.25 04:15:48.775,15.24286,15.24634,0.00,0.00
2011.05.25 04:15:51.794,15.2432,15.24626,0.00,0.00
2011.05.25 04:15:52.503,15.24315,15.24689,0.00,0.00
2011.05.25 04:15:52.613,15.24284,15.24714,0.00,0.00
2011.05.25 04:15:53.715,15.24289,15.24669,0.00,0.00
2011.05.25 04:15:55.534,15.24232,15.24678,0.00,0.00
2011.05.25 04:15:57.675,15.2424,15.24637,0.00,0.00
2011.05.25 04:16:00.815,15.24281,15.24627,0.00,0.00
2011.05.25 04:16:09.344,15.24294,15.24674,0.00,0.00
2011.05.25 04:16:09.454,15.24314,15.24662,0.00,0.00
2011.05.25 04:16:10.543,15.24282,15.24678,0.00,0.00
2011.05.25 04:16:13.150,15.24312,15.2466,0.00,0.00
2011.05.25 04:16:14.604,15.24302,15.24702,0.00,0.00
2011.05.25 04:16:14.715,15.24323,15.24671,0.00,0.00
2011.05.25 04:16:14.823,15.24298,15.24694,0.00,0.00
2011.05.25 04:16:15.183,15.24338,15.24686,0.00,0.00
2011.05.25 04:16:16.723,15.24367,15.24687,0.00,0.00
2011.05.25 04:16:16.833,15.24366,15.24686,0.00,0.00
2011.05.25 04:16:17.833,15.24327,15.24697,0.00,0.00
2011.05.25 04:16:17.944,15.24289,15.24709,0.00,0.00
2011.05.25 04:16:18.078,15.24276,15.24706,0.00,0.00
2011.05.25 04:16:19.728,15.24288,15.24678,0.00,0.00
2011.05.25 04:16:21.048,15.24288,15.24685,0.00,0.00
2011.05.25 04:16:31.989,15.24313,15.24661,0.00,0.00
2011.05.25 04:16:40.846,15.24274,15.24671,0.00,0.00
2011.05.25 04:16:44.734,15.24278,15.24626,0.00,0.00
2011.05.25 04:16:47.293,15.24236,15.24632,0.00,0.00
2011.05.25 04:16:50.785,15.2426,15.24608,0.00,0.00
2011.05.25 04:17:22.986,15.24265,15.24635,0.00,0.00
2011.05.25 04:17:23.154,15.2429,15.24636,0.00,0.00
2011.05.25 04:17:31.315,15.24318,15.24638,0.00,0.00
2011.05.25 04:17:31.681,15.24286,15.24684,0.00,0.00
2011.05.25 04:17:33.527,15.24316,15.24664,0.00,0.00
2011.05.25 04:17:34.076,15.243,15.24697,0.00,0.00
2011.05.25 04:17:44.151,15.24359,15.24707,0.00,0.00
2011.05.25 04:17:44.483,15.24362,15.24802,0.00,0.00
2011.05.25 04:17:50.503,15.24399,15.24809,0.00,0.00
2011.05.25 04:17:50.614,15.24422,15.2477,0.00,0.00
2011.05.25 04:18:33.554,15.24379,15.24775,0.00,0.00
2011.05.25 04:18:35.715,15.24379,15.24727,0.00,0.00
2011.05.25 04:18:36.988,15.24329,15.24725,0.00,0.00
2011.05.25 04:18:40.725,15.2432,15.24668,0.00,0.00
2011.05.25 04:18:42.436,15.24235,15.24689,0.00,0.00
2011.05.25 04:18:42.544,15.242,15.24696,0.00,0.00
2011.05.25 04:18:42.654,15.24221,15.24667,0.00,0.00
2011.05.25 04:18:43.330,15.24237,15.24637,0.00,0.00
2011.05.25 04:18:43.552,15.24224,15.24644,0.00,0.00
2011.05.25 04:18:44.129,15.24221,15.24619,0.00,0.00
2011.05.25 04:18:45.724,15.2423,15.24576,0.00,0.00
2011.05.25 04:18:48.752,15.24248,15.24604,0.00,0.00
2011.05.25 04:18:52.182,15.24302,15.24672,0.00,0.00
2011.05.25 04:18:52.403,15.24349,15.24689,0.00,0.00
2011.05.25 04:18:52.515,15.24326,15.24724,0.00,0.00
2011.05.25 04:18:53.394,15.24337,15.24717,0.00,0.00
2011.05.25 04:18:54.884,15.2434,15.24738,0.00,0.00
2011.05.25 04:18:54.994,15.24394,15.2474,0.00,0.00
2011.05.25 04:18:55.323,15.24448,15.24778,0.00,0.00
2011.05.25 04:18:58.893,15.24439,15.24869,0.00,0.00
2011.05.25 04:18:59.004,15.24505,15.24853,0.00,0.00
2011.05.25 04:19:03.511,15.24498,15.24898,0.00,0.00
2011.05.25 04:19:03.624,15.24513,15.24859,0.00,0.00
2011.05.25 04:19:08.223,15.24435,15.24851,0.00,0.00
2011.05.25 04:19:08.444,15.24391,15.24781,0.00,0.00
2011.05.25 04:19:09.130,15.24303,15.24773,0.00,0.00
2011.05.25 04:19:09.354,15.24302,15.24712,0.00,0.00
2011.05.25 04:19:09.734,15.24275,15.24705,0.00,0.00
2011.05.25 04:19:10.265,15.24237,15.24717,0.00,0.00
2011.05.25 04:19:10.374,15.24261,15.24711,0.00,0.00
2011.05.25 04:19:10.790,15.24255,15.24751,0.00,0.00
2011.05.25 04:19:11.014,15.24278,15.24728,0.00,0.00
2011.05.25 04:19:11.766,15.24271,15.24719,0.00,0.00
2011.05.25 04:19:14.785,15.24282,15.24678,0.00,0.00
2011.05.25 04:19:18.437,15.24251,15.24687,0.00,0.00
2011.05.25 04:19:18.544,15.24248,15.24694,0.00,0.00
2011.05.25 04:19:19.627,15.24306,15.24652,0.00,0.00
2011.05.25 04:19:19.965,15.24316,15.24664,0.00,0.00
2011.05.25 04:19:25.444,15.24295,15.24715,0.00,0.00
2011.05.25 04:19:25.553,15.24323,15.24671,0.00,0.00
2011.05.25 04:19:50.025,15.24284,15.2468,0.00,0.00
2011.05.25 04:19:52.833,15.24304,15.24652,0.00,0.00
2011.05.25 04:19:55.324,15.24307,15.24653,0.00,0.00
2011.05.25 04:19:55.434,15.24256,15.24652,0.00,0.00
2011.05.25 04:19:56.285,15.24243,15.24573,0.00,0.00
2011.05.25 04:19:56.394,15.24168,15.24564,0.00,0.00
2011.05.25 04:19:58.690,15.24113,15.24601,0.00,0.00
2011.05.25 04:19:59.884,15.24183,15.24563,0.00,0.00
2011.05.25 04:19:59.994,15.24204,15.2455,0.00,0.00
2011.05.25 04:20:00.104,15.24176,15.24606,0.00,0.00
2011.05.25 04:20:00.241,15.24168,15.24628,0.00,0.00
2011.05.25 04:20:00.354,15.24189,15.24609,0.00,0.00
2011.05.25 04:20:00.464,15.24176,15.24636,0.00,0.00
2011.05.25 04:20:00.734,15.24204,15.24644,0.00,0.00
2011.05.25 04:20:01.063,15.2429,15.24636,0.00,0.00
2011.05.25 04:20:01.404,15.24302,15.24702,0.00,0.00
2011.05.25 04:20:01.514,15.24357,15.24703,0.00,0.00
2011.05.25 04:20:08.105,15.24345,15.24775,0.00,0.00
2011.05.25 04:20:08.393,15.24405,15.24751,0.00,0.00
2011.05.25 04:20:13.104,15.24411,15.24791,0.00,0.00
2011.05.25 04:20:13.213,15.24443,15.24791,0.00,0.00
2011.05.25 04:20:14.302,15.24462,15.24802,0.00,0.00
2011.05.25 04:20:14.414,15.24439,15.24835,0.00,0.00
2011.05.25 04:20:14.524,15.24465,15.24813,0.00,0.00
2011.05.25 04:20:14.634,15.24432,15.24828,0.00,0.00
2011.05.25 04:20:16.204,15.24424,15.24814,0.00,0.00
2011.05.25 04:20:16.425,15.24382,15.24822,0.00,0.00
2011.05.25 04:20:16.844,15.24368,15.24788,0.00,0.00
2011.05.25 04:20:17.545,15.2434,15.2477,0.00,0.00
2011.05.25 04:20:18.397,15.24346,15.24746,0.00,0.00
2011.05.25 04:20:19.075,15.24367,15.24713,0.00,0.00
2011.05.25 04:20:19.803,15.24327,15.24724,0.00,0.00
2011.05.25 04:20:19.914,15.24299,15.24739,0.00,0.00
2011.05.25 04:20:21.276,15.24324,15.24714,0.00,0.00
2011.05.25 04:20:21.787,15.24325,15.24705,0.00,0.00
2011.05.25 04:20:23.207,15.24332,15.24682,0.00,0.00
2011.05.25 04:20:23.774,15.24325,15.24673,0.00,0.00
2011.05.25 04:20:26.267,15.24328,15.24648,0.00,0.00
2011.05.25 04:20:27.400,15.24304,15.24674,0.00,0.00
2011.05.25 04:20:30.320,15.24336,15.24682,0.00,0.00
2011.05.25 04:20:31.400,15.24358,15.24688,0.00,0.00
2011.05.25 04:20:31.513,15.24334,15.24714,0.00,0.00
2011.05.25 04:20:31.733,15.24323,15.2472,0.00,0.00
2011.05.25 04:20:32.367,15.24324,15.24694,0.00,0.00
2011.05.25 04:20:32.474,15.24281,15.24701,0.00,0.00
2011.05.25 04:20:33.824,15.24283,15.24673,0.00,0.00
2011.05.25 04:20:36.883,15.24304,15.2465,0.00,0.00
2011.05.25 04:20:43.644,15.2432,15.2466,0.00,0.00
2011.05.25 04:20:43.754,15.24316,15.24662,0.00,0.00
2011.05.25 04:20:45.664,15.2428,15.24676,0.00,0.00
2011.05.25 04:20:48.002,15.24306,15.24654,0.00,0.00
2011.05.25 04:20:51.525,15.24321,15.24671,0.00,0.00
2011.05.25 04:20:51.633,15.24338,15.24686,0.00,0.00
2011.05.25 04:20:51.744,15.24349,15.24689,0.00,0.00
2011.05.25 04:20:51.853,15.24328,15.24676,0.00,0.00
2011.05.25 04:20:51.963,15.24289,15.24685,0.00,0.00
2011.05.25 04:20:54.884,15.24295,15.24675,0.00,0.00
2011.05.25 04:20:55.594,15.24326,15.24656,0.00,0.00
2011.05.25 04:20:55.834,15.24317,15.24663,0.00,0.00
2011.05.25 04:20:58.983,15.24275,15.24671,0.00,0.00
2011.05.25 04:21:01.770,15.24278,15.24626,0.00,0.00
2011.05.25 04:21:06.628,15.2423,15.24627,0.00,0.00
2011.05.25 04:21:08.964,15.24184,15.2463,0.00,0.00
2011.05.25 04:21:09.074,15.24197,15.24593,0.00,0.00
2011.05.25 04:21:12.615,15.24221,15.24567,0.00,0.00
2011.05.25 04:21:25.676,15.24195,15.24581,0.00,0.00
2011.05.25 04:21:26.014,15.24198,15.24595,0.00,0.00
2011.05.25 04:21:27.813,15.24258,15.24606,0.00,0.00
2011.05.25 04:21:33.634,15.24278,15.24648,0.00,0.00
2011.05.25 04:21:38.105,15.24294,15.24642,0.00,0.00
2011.05.25 04:21:43.810,15.24276,15.24673,0.00,0.00
2011.05.25 04:21:43.927,15.24277,15.24674,0.00,0.00
2011.05.25 04:21:47.904,15.2427,15.24666,0.00,0.00
2011.05.25 04:21:55.589,15.24233,15.24679,0.00,0.00
2011.05.25 04:21:55.694,15.24227,15.24657,0.00,0.00
2011.05.25 04:21:56.814,15.24227,15.24623,0.00,0.00
2011.05.25 04:21:59.766,15.24232,15.24578,0.00,0.00
2011.05.25 04:22:19.637,15.24195,15.24591,0.00,0.00
2011.05.25 04:22:19.777,15.24171,15.24601,0.00,0.00
2011.05.25 04:22:21.767,15.24175,15.24571,0.00,0.00
2011.05.25 04:22:24.785,15.24178,15.24526,0.00,0.00
2011.05.25 04:22:31.314,15.24136,15.24532,0.00,0.00
2011.05.25 04:22:34.824,15.24155,15.24503,0.00,0.00
2011.05.25 04:22:37.115,15.24164,15.2451,0.00,0.00
2011.05.25 04:22:39.288,15.24137,15.24535,0.00,0.00
2011.05.25 04:22:39.398,15.2415,15.24498,0.00,0.00
2011.05.25 04:22:41.766,15.24108,15.24506,0.00,0.00
2011.05.25 04:22:47.766,15.24137,15.24485,0.00,0.00
2011.05.25 04:22:47.873,15.24114,15.2451,0.00,0.00
2011.05.25 04:22:49.735,15.24125,15.24471,0.00,0.00
2011.05.25 04:22:50.465,15.24079,15.24475,0.00,0.00
2011.05.25 04:22:51.599,15.24023,15.24471,0.00,0.00
2011.05.25 04:22:52.767,15.23995,15.24391,0.00,0.00
2011.05.25 04:22:53.466,15.23988,15.24288,0.00,0.00
2011.05.25 04:22:53.575,15.23967,15.24267,0.00,0.00
2011.05.25 04:22:53.685,15.23954,15.24254,0.00,0.00
2011.05.25 04:22:53.795,15.23895,15.24265,0.00,0.00
2011.05.25 04:22:54.686,15.2384,15.2427,0.00,0.00
2011.05.25 04:22:54.800,15.23816,15.24276,0.00,0.00
2011.05.25 04:22:55.666,15.23815,15.24295,0.00,0.00
2011.05.25 04:22:55.775,15.2384,15.24288,0.00,0.00
2011.05.25 04:22:56.885,15.23881,15.24277,0.00,0.00
2011.05.25 04:22:56.995,15.23882,15.24312,0.00,0.00
2011.05.25 04:22:57.356,15.23922,15.24302,0.00,0.00
2011.05.25 04:22:57.465,15.23916,15.24312,0.00,0.00
2011.05.25 04:22:57.975,15.23877,15.24323,0.00,0.00
2011.05.25 04:22:58.085,15.23884,15.2428,0.00,0.00
2011.05.25 04:22:59.774,15.23859,15.24275,0.00,0.00
2011.05.25 04:23:00.088,15.23822,15.2427,0.00,0.00
2011.05.25 04:23:01.748,15.23816,15.24213,0.00,0.00
2011.05.25 04:23:02.024,15.23756,15.24193,0.00,0.00
2011.05.25 04:23:02.134,15.23749,15.24157,0.00,0.00
2011.05.25 04:23:02.244,15.23733,15.24151,0.00,0.00
2011.05.25 04:23:05.709,15.23744,15.24142,0.00,0.00
2011.05.25 04:23:06.685,15.23731,15.24179,0.00,0.00
2011.05.25 04:23:06.795,15.23761,15.24157,0.00,0.00
2011.05.25 04:23:07.687,15.23777,15.24123,0.00,0.00
2011.05.25 04:23:15.218,15.23744,15.2414,0.00,0.00
2011.05.25 04:23:18.287,15.23768,15.24114,0.00,0.00
2011.05.25 04:23:19.056,15.2373,15.24128,0.00,0.00
2011.05.25 04:23:21.296,15.23724,15.24104,0.00,0.00
2011.05.25 04:23:21.945,15.2371,15.24056,0.00,0.00
2011.05.25 04:23:24.015,15.23595,15.24082,0.00,0.00
2011.05.25 04:23:24.132,15.23592,15.24002,0.00,0.00
2011.05.25 04:23:24.509,15.23551,15.23981,0.00,0.00
2011.05.25 04:23:24.724,15.23525,15.23975,0.00,0.00
2011.05.25 04:23:25.434,15.23539,15.23939,0.00,0.00
2011.05.25 04:23:29.746,15.23536,15.23932,0.00,0.00
2011.05.25 04:23:31.740,15.23541,15.23887,0.00,0.00
2011.05.25 04:23:32.065,15.23485,15.23855,0.00,0.00
2011.05.25 04:23:32.175,15.23402,15.23862,0.00,0.00
2011.05.25 04:23:32.284,15.23409,15.23819,0.00,0.00
2011.05.25 04:23:32.871,15.23422,15.23792,0.00,0.00
2011.05.25 04:23:33.384,15.23395,15.23815,0.00,0.00
2011.05.25 04:23:35.724,15.23423,15.23793,0.00,0.00
2011.05.25 04:23:36.054,15.23427,15.23787,0.00,0.00
2011.05.25 04:23:37.726,15.23428,15.23774,0.00,0.00
2011.05.25 04:23:38.884,15.23438,15.23758,0.00,0.00
2011.05.25 04:23:39.012,15.23421,15.23769,0.00,0.00
2011.05.25 04:23:40.164,15.23394,15.23792,0.00,0.00
2011.05.25 04:23:40.275,15.23426,15.23774,0.00,0.00
2011.05.25 04:23:41.087,15.23445,15.23775,0.00,0.00
2011.05.25 04:23:41.415,15.2345,15.2378,0.00,0.00
2011.05.25 04:23:41.553,15.23391,15.23821,0.00,0.00
2011.05.25 04:23:41.664,15.23376,15.23822,0.00,0.00
2011.05.25 04:23:41.887,15.23404,15.23804,0.00,0.00
2011.05.25 04:23:42.264,15.23429,15.23819,0.00,0.00
2011.05.25 04:23:42.992,15.23467,15.23807,0.00,0.00
2011.05.25 04:23:43.216,15.2346,15.23808,0.00,0.00
2011.05.25 04:23:43.793,15.23396,15.23844,0.00,0.00
2011.05.25 04:23:44.325,15.23411,15.23801,0.00,0.00
2011.05.25 04:23:46.515,15.23389,15.23786,0.00,0.00
2011.05.25 04:23:48.324,15.23374,15.23821,0.00,0.00
2011.05.25 04:23:49.215,15.23452,15.23848,0.00,0.00
2011.05.25 04:23:49.325,15.23555,15.23865,0.00,0.00
2011.05.25 04:23:49.434,15.23579,15.23925,0.00,0.00
2011.05.25 04:23:51.246,15.23612,15.23952,0.00,0.00
2011.05.25 04:23:53.086,15.23614,15.2396,0.00,0.00
2011.05.25 04:23:55.607,15.23574,15.2397,0.00,0.00
2011.05.25 04:23:57.742,15.2358,15.23926,0.00,0.00
2011.05.25 04:23:57.989,15.23538,15.23934,0.00,0.00
2011.05.25 04:23:58.095,15.23537,15.23917,0.00,0.00
2011.05.25 04:24:01.336,15.23523,15.23919,0.00,0.00
2011.05.25 04:24:02.807,15.23546,15.23894,0.00,0.00
2011.05.25 04:24:07.077,15.23584,15.23884,0.00,0.00
2011.05.25 04:24:07.187,15.23606,15.23906,0.00,0.00
2011.05.25 04:24:07.296,15.23594,15.23964,0.00,0.00
2011.05.25 04:24:07.734,15.23569,15.24039,0.00,0.00
2011.05.25 04:24:07.955,15.23629,15.24029,0.00,0.00
2011.05.25 04:24:08.395,15.23681,15.24041,0.00,0.00
2011.05.25 04:24:14.156,15.23768,15.24068,0.00,0.00
2011.05.25 04:24:14.266,15.23787,15.24167,0.00,0.00
2011.05.25 04:24:14.375,15.23803,15.24183,0.00,0.00
2011.05.25 04:24:14.594,15.23809,15.24139,0.00,0.00
2011.05.25 04:24:20.156,15.23739,15.24139,0.00,0.00
2011.05.25 04:24:20.535,15.23686,15.24136,0.00,0.00
2011.05.25 04:24:20.755,15.23681,15.24101,0.00,0.00
2011.05.25 04:24:21.885,15.2369,15.2407,0.00,0.00
2011.05.25 04:24:24.384,15.23706,15.24066,0.00,0.00
2011.05.25 04:24:25.409,15.2375,15.2405,0.00,0.00
2011.05.25 04:24:25.514,15.2372,15.2411,0.00,0.00
2011.05.25 04:24:26.278,15.23777,15.24077,0.00,0.00
2011.05.25 04:24:27.331,15.2374,15.2408,0.00,0.00
2011.05.25 04:24:27.444,15.23742,15.24062,0.00,0.00
2011.05.25 04:24:28.096,15.23741,15.24081,0.00,0.00
2011.05.25 04:24:28.206,15.23777,15.24077,0.00,0.00
2011.05.25 04:24:30.403,15.23777,15.24097,0.00,0.00
2011.05.25 04:24:39.985,15.23765,15.24113,0.00,0.00
2011.05.25 04:24:40.133,15.23774,15.24084,0.00,0.00
2011.05.25 04:24:40.244,15.23731,15.24091,0.00,0.00
2011.05.25 04:24:42.746,15.23727,15.24057,0.00,0.00
2011.05.25 04:24:44.976,15.23685,15.24065,0.00,0.00
2011.05.25 04:24:45.196,15.23684,15.24044,0.00,0.00
2011.05.25 04:24:45.525,15.23693,15.24033,0.00,0.00
2011.05.25 04:24:47.787,15.23714,15.24014,0.00,0.00
2011.05.25 04:24:48.417,15.23691,15.24031,0.00,0.00
2011.05.25 04:24:50.610,15.23694,15.24054,0.00,0.00
2011.05.25 04:25:00.035,15.23732,15.24062,0.00,0.00
2011.05.25 04:25:00.364,15.23754,15.24064,0.00,0.00
2011.05.25 04:25:01.795,15.23728,15.24074,0.00,0.00
2011.05.25 04:25:02.344,15.23727,15.24047,0.00,0.00
2011.05.25 04:25:09.105,15.23685,15.24055,0.00,0.00
2011.05.25 04:25:09.214,15.23683,15.24033,0.00,0.00
2011.05.25 04:25:11.738,15.23674,15.2402,0.00,0.00
2011.05.25 04:25:14.388,15.23634,15.2403,0.00,0.00
2011.05.25 04:25:16.247,15.23632,15.24012,0.00,0.00
2011.05.25 04:25:17.666,15.23651,15.23999,0.00,0.00
2011.05.25 04:25:19.545,15.23671,15.24001,0.00,0.00
2011.05.25 04:25:19.784,15.23683,15.24013,0.00,0.00
2011.05.25 04:25:20.015,15.23691,15.24037,0.00,0.00
2011.05.25 04:25:26.966,15.23719,15.24049,0.00,0.00
2011.05.25 04:25:27.074,15.2373,15.2406,0.00,0.00
2011.05.25 04:25:27.186,15.23733,15.24081,0.00,0.00
2011.05.25 04:25:27.294,15.23762,15.24062,0.00,0.00
2011.05.25 04:25:27.555,15.23725,15.24071,0.00,0.00
2011.05.25 04:25:27.995,15.23684,15.24081,0.00,0.00
2011.05.25 04:25:28.242,15.23684,15.24054,0.00,0.00
2011.05.25 04:25:28.557,15.23689,15.24039,0.00,0.00
2011.05.25 04:25:35.376,15.23683,15.24053,0.00,0.00
2011.05.25 04:25:39.087,15.23675,15.24071,0.00,0.00
2011.05.25 04:25:39.305,15.23675,15.24065,0.00,0.00
2011.05.25 04:25:40.396,15.23673,15.24043,0.00,0.00
2011.05.25 04:25:41.175,15.23634,15.24054,0.00,0.00
2011.05.25 04:25:41.285,15.23634,15.24034,0.00,0.00
2011.05.25 04:25:42.720,15.23628,15.24024,0.00,0.00
2011.05.25 04:25:45.727,15.23665,15.24011,0.00,0.00
2011.05.25 04:25:52.385,15.23718,15.24018,0.00,0.00
2011.05.25 04:25:52.495,15.23736,15.24056,0.00,0.00
2011.05.25 04:25:52.605,15.23773,15.24073,0.00,0.00
2011.05.25 04:25:52.715,15.2377,15.2411,0.00,0.00
2011.05.25 04:25:53.215,15.23765,15.24113,0.00,0.00
2011.05.25 04:25:58.539,15.23725,15.24121,0.00,0.00
2011.05.25 04:25:58.765,15.23677,15.24125,0.00,0.00
2011.05.25 04:25:58.874,15.23626,15.24122,0.00,0.00
2011.05.25 04:25:58.985,15.23641,15.24061,0.00,0.00
2011.05.25 04:25:59.705,15.23644,15.24034,0.00,0.00
2011.05.25 04:26:00.556,15.23648,15.23998,0.00,0.00
2011.05.25 04:26:00.808,15.2362,15.24,0.00,0.00
2011.05.25 04:26:01.026,15.23582,15.24062,0.00,0.00
2011.05.25 04:26:01.134,15.23613,15.24043,0.00,0.00
2011.05.25 04:26:02.376,15.23615,15.24015,0.00,0.00
2011.05.25 04:26:02.707,15.23623,15.23953,0.00,0.00
2011.05.25 04:26:07.756,15.23584,15.2398,0.00,0.00
2011.05.25 04:26:10.935,15.23645,15.23945,0.00,0.00
2011.05.25 04:26:11.155,15.23639,15.23949,0.00,0.00
2011.05.25 04:26:12.155,15.23642,15.23972,0.00,0.00
2011.05.25 04:26:15.825,15.23663,15.24023,0.00,0.00
2011.05.25 04:26:17.896,15.23731,15.24031,0.00,0.00
2011.05.25 04:26:18.115,15.23713,15.24093,0.00,0.00
2011.05.25 04:26:18.335,15.23756,15.24104,0.00,0.00
2011.05.25 04:26:20.366,15.23762,15.24102,0.00,0.00
2011.05.25 04:26:21.166,15.23729,15.24109,0.00,0.00
2011.05.25 04:26:21.275,15.23673,15.24123,0.00,0.00
2011.05.25 04:26:21.385,15.23623,15.24119,0.00,0.00
2011.05.25 04:26:21.494,15.23672,15.24042,0.00,0.00
2011.05.25 04:26:21.825,15.23716,15.24016,0.00,0.00
2011.05.25 04:26:22.045,15.23681,15.24061,0.00,0.00
2011.05.25 04:26:22.265,15.23667,15.24067,0.00,0.00
2011.05.25 04:26:22.374,15.23626,15.24076,0.00,0.00
2011.05.25 04:26:22.625,15.2363,15.2403,0.00,0.00
2011.05.25 04:26:23.911,15.23592,15.24042,0.00,0.00
2011.05.25 04:26:24.025,15.23571,15.24041,0.00,0.00
2011.05.25 04:26:24.244,15.23581,15.24001,0.00,0.00
2011.05.25 04:26:25.205,15.2358,15.2397,0.00,0.00
2011.05.25 04:26:25.726,15.23587,15.23947,0.00,0.00
2011.05.25 04:26:29.817,15.23606,15.23952,0.00,0.00
2011.05.25 04:26:48.096,15.23639,15.23987,0.00,0.00
2011.05.25 04:26:48.425,15.23631,15.24021,0.00,0.00
2011.05.25 04:26:50.947,15.2363,15.23978,0.00,0.00
2011.05.25 04:26:52.548,15.23581,15.23977,0.00,0.00
2011.05.25 04:26:55.727,15.23583,15.23931,0.00,0.00
2011.05.25 04:27:36.769,15.23547,15.23943,0.00,0.00
2011.05.25 04:27:38.356,15.2357,15.23918,0.00,0.00
2011.05.25 04:27:49.906,15.23542,15.23938,0.00,0.00
2011.05.25 04:27:50.126,15.23559,15.23905,0.00,0.00
2011.05.25 04:27:52.866,15.23545,15.23891,0.00,0.00
2011.05.25 04:28:22.179,15.23497,15.23934,0.00,0.00
2011.05.25 04:28:22.287,15.23515,15.23913,0.00,0.00
2011.05.25 04:28:24.750,15.23534,15.2388,0.00,0.00
2011.05.25 04:28:33.101,15.23524,15.23882,0.00,0.00
2011.05.25 04:28:33.316,15.23525,15.23873,0.00,0.00
2011.05.25 04:28:34.749,15.23508,15.23874,0.00,0.00
2011.05.25 04:28:38.571,15.23496,15.23892,0.00,0.00
2011.05.25 04:28:39.711,15.23539,15.23887,0.00,0.00
2011.05.25 04:28:40.676,15.23553,15.23899,0.00,0.00
2011.05.25 04:28:47.198,15.23517,15.23934,0.00,0.00
2011.05.25 04:28:47.428,15.23519,15.23915,0.00,0.00
2011.05.25 04:28:49.770,15.23525,15.23873,0.00,0.00
2011.05.25 04:28:55.608,15.23486,15.23883,0.00,0.00
2011.05.25 04:28:58.740,15.23516,15.23864,0.00,0.00
2011.05.25 04:29:11.089,15.23546,15.23866,0.00,0.00
2011.05.25 04:29:29.788,15.23527,15.23873,0.00,0.00
2011.05.25 04:29:34.717,15.23496,15.23892,0.00,0.00
2011.05.25 04:29:34.826,15.23525,15.23871,0.00,0.00
2011.05.25 04:29:42.638,15.23529,15.23869,0.00,0.00
2011.05.25 04:29:51.186,15.2352,15.23868,0.00,0.00
2011.05.25 04:30:02.708,15.23484,15.2388,0.00,0.00
2011.05.25 04:30:03.327,15.23474,15.23864,0.00,0.00
2011.05.25 04:30:04.731,15.2348,15.23828,0.00,0.00
2011.05.25 04:30:07.457,15.23446,15.23842,0.00,0.00
2011.05.25 04:30:08.021,15.2347,15.23816,0.00,0.00
2011.05.25 04:30:09.456,15.23444,15.2384,0.00,0.00
2011.05.25 04:30:09.887,15.23469,15.23815,0.00,0.00
2011.05.25 04:30:10.209,15.2344,15.23836,0.00,0.00
2011.05.25 04:30:10.558,15.23452,15.23798,0.00,0.00
2011.05.25 04:30:11.867,15.23413,15.23809,0.00,0.00
2011.05.25 04:30:14.537,15.23454,15.23802,0.00,0.00
2011.05.25 04:30:14.866,15.23431,15.23851,0.00,0.00
2011.05.25 04:30:15.286,15.23468,15.23814,0.00,0.00
2011.05.25 04:30:15.616,15.2346,15.2384,0.00,0.00
2011.05.25 04:30:15.726,15.23473,15.23821,0.00,0.00
2011.05.25 04:30:16.886,15.2345,15.23846,0.00,0.00
2011.05.25 04:30:16.997,15.23495,15.23841,0.00,0.00
2011.05.25 04:30:18.348,15.2352,15.23868,0.00,0.00
2011.05.25 04:30:19.608,15.23504,15.239,0.00,0.00
2011.05.25 04:30:20.076,15.23455,15.23933,0.00,0.00
2011.05.25 04:30:20.186,15.23454,15.23944,0.00,0.00
2011.05.25 04:30:20.296,15.23518,15.23908,0.00,0.00
2011.05.25 04:30:20.407,15.23515,15.23912,0.00,0.00
2011.05.25 04:30:20.517,15.23478,15.23926,0.00,0.00
2011.05.25 04:30:20.638,15.23477,15.23897,0.00,0.00
2011.05.25 04:30:21.606,15.23437,15.23907,0.00,0.00
2011.05.25 04:30:21.727,15.23441,15.23891,0.00,0.00
2011.05.25 04:30:22.166,15.23466,15.23862,0.00,0.00
2011.05.25 04:30:23.719,15.23475,15.23821,0.00,0.00
2011.05.25 04:30:26.645,15.23433,15.23829,0.00,0.00
2011.05.25 04:30:26.866,15.23451,15.23797,0.00,0.00
2011.05.25 04:30:27.706,15.23434,15.2383,0.00,0.00
2011.05.25 04:30:28.467,15.23464,15.2381,0.00,0.00
2011.05.25 04:30:29.877,15.23431,15.23827,0.00,0.00
2011.05.25 04:30:29.986,15.23413,15.23839,0.00,0.00
2011.05.25 04:30:30.096,15.23436,15.23832,0.00,0.00
2011.05.25 04:30:32.496,15.23466,15.23812,0.00,0.00
2011.05.25 04:30:34.847,15.23442,15.23838,0.00,0.00
2011.05.25 04:30:36.087,15.23469,15.23815,0.00,0.00
2011.05.25 04:30:37.617,15.23443,15.23839,0.00,0.00
2011.05.25 04:30:37.726,15.23464,15.2381,0.00,0.00
2011.05.25 04:30:38.722,15.23417,15.23813,0.00,0.00
2011.05.25 04:30:39.086,15.23336,15.23832,0.00,0.00
2011.05.25 04:30:39.554,15.23337,15.23787,0.00,0.00
2011.05.25 04:30:39.976,15.2333,15.2376,0.00,0.00
2011.05.25 04:30:41.723,15.23327,15.23724,0.00,0.00
2011.05.25 04:30:44.756,15.2333,15.23676,0.00,0.00
2011.05.25 04:30:46.919,15.23285,15.23681,0.00,0.00
2011.05.25 04:30:47.136,15.23263,15.23679,0.00,0.00
2011.05.25 04:30:47.357,15.23242,15.23678,0.00,0.00
2011.05.25 04:30:47.714,15.23231,15.23677,0.00,0.00
2011.05.25 04:30:47.830,15.23274,15.2367,0.00,0.00
2011.05.25 04:30:56.056,15.23294,15.23714,0.00,0.00
2011.05.25 04:30:56.167,15.23351,15.23698,0.00,0.00
2011.05.25 04:30:56.407,15.2334,15.2373,0.00,0.00
2011.05.25 04:30:57.037,15.23364,15.2371,0.00,0.00
2011.05.25 04:30:57.256,15.23339,15.23729,0.00,0.00
2011.05.25 04:30:58.320,15.23334,15.2368,0.00,0.00
2011.05.25 04:31:00.668,15.23282,15.2368,0.00,0.00
2011.05.25 04:31:01.756,15.2323,15.23678,0.00,0.00
2011.05.25 04:31:03.728,15.2323,15.23627,0.00,0.00
2011.05.25 04:31:06.750,15.23222,15.2357,0.00,0.00
2011.05.25 04:31:10.976,15.23142,15.23588,0.00,0.00
2011.05.25 04:31:13.007,15.23132,15.23552,0.00,0.00
2011.05.25 04:31:13.339,15.23122,15.23518,0.00,0.00
2011.05.25 04:31:15.688,15.23105,15.23503,0.00,0.00
2011.05.25 04:31:21.711,15.23127,15.23477,0.00,0.00
2011.05.25 04:31:21.817,15.2312,15.23468,0.00,0.00
2011.05.25 04:31:27.627,15.23076,15.23474,0.00,0.00
2011.05.25 04:31:29.748,15.23079,15.23425,0.00,0.00
2011.05.25 04:31:32.426,15.23036,15.23433,0.00,0.00
2011.05.25 04:31:35.809,15.2306,15.23408,0.00,0.00
2011.05.25 04:31:37.970,15.23058,15.23438,0.00,0.00
2011.05.25 04:31:38.077,15.23073,15.23419,0.00,0.00
2011.05.25 04:31:38.888,15.23044,15.2344,0.00,0.00
2011.05.25 04:31:41.056,15.23069,15.23415,0.00,0.00
2011.05.25 04:31:44.640,15.23041,15.23437,0.00,0.00
2011.05.25 04:31:44.748,15.23059,15.23407,0.00,0.00
2011.05.25 04:31:46.759,15.23053,15.2343,0.00,0.00
2011.05.25 04:31:49.518,15.23105,15.23445,0.00,0.00
2011.05.25 04:31:49.627,15.23111,15.23457,0.00,0.00
2011.05.25 04:31:49.736,15.23075,15.23471,0.00,0.00
2011.05.25 04:31:56.673,15.23028,15.23476,0.00,0.00
2011.05.25 04:31:58.798,15.23033,15.23429,0.00,0.00
2011.05.25 04:32:01.806,15.23057,15.23405,0.00,0.00
2011.05.25 04:32:12.988,15.23075,15.23472,0.00,0.00
2011.05.25 04:32:18.087,15.23172,15.23472,0.00,0.00
2011.05.25 04:32:18.307,15.23137,15.23534,0.00,0.00
2011.05.25 04:32:18.580,15.23165,15.23513,0.00,0.00
2011.05.25 04:32:21.646,15.23132,15.23529,0.00,0.00
2011.05.25 04:32:22.366,15.23126,15.23516,0.00,0.00
2011.05.25 04:32:23.066,15.23095,15.23535,0.00,0.00
2011.05.25 04:32:23.956,15.23122,15.23512,0.00,0.00
2011.05.25 04:32:24.349,15.23154,15.235,0.00,0.00
2011.05.25 04:32:27.285,15.23163,15.23523,0.00,0.00
2011.05.25 04:32:27.397,15.2317,15.23518,0.00,0.00
2011.05.25 04:32:33.998,15.23143,15.23541,0.00,0.00
2011.05.25 04:32:35.017,15.23169,15.23517,0.00,0.00
2011.05.25 04:32:47.621,15.23143,15.2354,0.00,0.00
2011.05.25 04:32:48.457,15.23165,15.23513,0.00,0.00
2011.05.25 04:32:49.917,15.23125,15.23521,0.00,0.00
2011.05.25 04:32:52.662,15.23125,15.23471,0.00,0.00
2011.05.25 04:32:53.319,15.2306,15.23488,0.00,0.00
2011.05.25 04:32:53.446,15.23035,15.23483,0.00,0.00
2011.05.25 04:32:54.425,15.2303,15.2347,0.00,0.00
2011.05.25 04:32:54.820,15.23036,15.23454,0.00,0.00
2011.05.25 04:32:55.898,15.23026,15.23466,0.00,0.00
2011.05.25 04:32:56.731,15.23058,15.23454,0.00,0.00
2011.05.25 04:32:59.665,15.23095,15.23435,0.00,0.00
2011.05.25 04:32:59.996,15.23075,15.23423,0.00,0.00
2011.05.25 04:33:00.289,15.23036,15.23433,0.00,0.00
2011.05.25 04:33:03.669,15.23064,15.23412,0.00,0.00
2011.05.25 04:33:14.449,15.23052,15.23452,0.00,0.00
2011.05.25 04:33:14.557,15.23073,15.23421,0.00,0.00
2011.05.25 04:33:14.917,15.23049,15.23445,0.00,0.00
2011.05.25 04:33:22.787,15.23093,15.23441,0.00,0.00
2011.05.25 04:33:23.171,15.23113,15.23463,0.00,0.00
2011.05.25 04:33:23.276,15.23116,15.23462,0.00,0.00
2011.05.25 04:33:24.301,15.2308,15.23476,0.00,0.00
2011.05.25 04:33:26.760,15.23107,15.23453,0.00,0.00
2011.05.25 04:33:27.512,15.23117,15.23467,0.00,0.00
2011.05.25 04:33:27.727,15.23116,15.23464,0.00,0.00
2011.05.25 04:33:30.888,15.23077,15.23475,0.00,0.00
2011.05.25 04:33:31.217,15.23037,15.23485,0.00,0.00
2011.05.25 04:33:31.687,15.23036,15.23466,0.00,0.00
2011.05.25 04:33:32.106,15.23022,15.2347,0.00,0.00
2011.05.25 04:33:33.751,15.23048,15.23444,0.00,0.00
2011.05.25 04:33:35.448,15.23082,15.2343,0.00,0.00
2011.05.25 04:33:37.037,15.23061,15.23459,0.00,0.00
2011.05.25 04:33:37.146,15.23025,15.23471,0.00,0.00
2011.05.25 04:33:38.809,15.23027,15.23424,0.00,0.00
2011.05.25 04:33:41.730,15.23026,15.23374,0.00,0.00
2011.05.25 04:34:03.017,15.2297,15.23386,0.00,0.00
2011.05.25 04:34:11.145,15.2295,15.23386,0.00,0.00
2011.05.25 04:34:12.136,15.22958,15.23374,0.00,0.00
2011.05.25 04:34:15.294,15.22951,15.23389,0.00,0.00
2011.05.25 04:34:16.007,15.2298,15.23377,0.00,0.00
2011.05.25 04:34:17.759,15.22997,15.23363,0.00,0.00
2011.05.25 04:34:25.844,15.2297,15.23376,0.00,0.00
2011.05.25 04:34:31.274,15.22948,15.23376,0.00,0.00
2011.05.25 04:34:32.947,15.22926,15.2338,0.00,0.00
2011.05.25 04:34:33.057,15.22916,15.23384,0.00,0.00
2011.05.25 04:34:33.716,15.22924,15.23372,0.00,0.00
2011.05.25 04:34:33.937,15.22908,15.23376,0.00,0.00
2011.05.25 04:34:34.095,15.22891,15.23377,0.00,0.00
2011.05.25 04:34:34.636,15.22887,15.23357,0.00,0.00
2011.05.25 04:34:35.807,15.22894,15.2333,0.00,0.00
2011.05.25 04:34:36.027,15.22882,15.2334,0.00,0.00
2011.05.25 04:34:38.527,15.22907,15.23313,0.00,0.00
2011.05.25 04:34:38.747,15.22876,15.23322,0.00,0.00
2011.05.25 04:34:40.720,15.22888,15.23284,0.00,0.00
2011.05.25 04:34:47.027,15.22878,15.23286,0.00,0.00
2011.05.25 04:34:49.877,15.22891,15.23267,0.00,0.00
2011.05.25 04:34:56.256,15.22863,15.23271,0.00,0.00
2011.05.25 04:34:56.850,15.22848,15.23244,0.00,0.00
2011.05.25 04:34:57.327,15.2282,15.23188,0.00,0.00
2011.05.25 04:34:57.778,15.2271,15.232,0.00,0.00
2011.05.25 04:34:57.888,15.22681,15.23177,0.00,0.00
2011.05.25 04:34:57.996,15.22675,15.23149,0.00,0.00
2011.05.25 04:34:58.326,15.22686,15.23122,0.00,0.00
2011.05.25 04:35:02.398,15.22677,15.23135,0.00,0.00
2011.05.25 04:35:02.617,15.22678,15.23126,0.00,0.00
2011.05.25 04:35:02.837,15.22632,15.23139,0.00,0.00
2011.05.25 04:35:03.437,15.22635,15.23123,0.00,0.00
2011.05.25 04:35:06.746,15.22639,15.23115,0.00,0.00
2011.05.25 04:35:08.738,15.22661,15.23087,0.00,0.00
2011.05.25 04:35:09.516,15.22678,15.23086,0.00,0.00
2011.05.25 04:35:11.306,15.22663,15.23121,0.00,0.00
2011.05.25 04:35:13.746,15.2267,15.23124,0.00,0.00
2011.05.25 04:35:14.788,15.2267,15.23127,0.00,0.00
2011.05.25 04:35:18.756,15.22673,15.23127,0.00,0.00
2011.05.25 04:35:19.436,15.22675,15.23131,0.00,0.00
2011.05.25 04:35:21.875,15.22685,15.23121,0.00,0.00
2011.05.25 04:35:22.926,15.22673,15.23127,0.00,0.00
2011.05.25 04:35:23.036,15.22667,15.23135,0.00,0.00
2011.05.25 04:35:26.277,15.22681,15.23129,0.00,0.00
2011.05.25 04:35:27.204,15.22694,15.23121,0.00,0.00
2011.05.25 04:35:34.114,15.22686,15.23134,0.00,0.00
2011.05.25 04:35:37.173,15.22704,15.2313,0.00,0.00
2011.05.25 04:35:46.176,15.22734,15.2313,0.00,0.00
2011.05.25 04:35:47.556,15.22765,15.23131,0.00,0.00
2011.05.25 04:35:47.666,15.22766,15.23182,0.00,0.00
2011.05.25 04:35:48.597,15.22757,15.23247,0.00,0.00
2011.05.25 04:35:48.706,15.22779,15.23267,0.00,0.00
2011.05.25 04:35:49.337,15.22794,15.23284,0.00,0.00
2011.05.25 04:35:49.447,15.22811,15.23301,0.00,0.00
2011.05.25 04:35:49.907,15.22825,15.23315,0.00,0.00
2011.05.25 04:35:50.457,15.22838,15.23316,0.00,0.00
2011.05.25 04:35:52.267,15.22822,15.2333,0.00,0.00
2011.05.25 04:35:52.758,15.22829,15.23333,0.00,0.00
2011.05.25 04:35:53.064,15.22854,15.2333,0.00,0.00
2011.05.25 04:35:55.247,15.22869,15.23337,0.00,0.00
2011.05.25 04:35:55.594,15.22864,15.23351,0.00,0.00
2011.05.25 04:35:56.894,15.22867,15.23333,0.00,0.00
2011.05.25 04:35:57.538,15.22837,15.23337,0.00,0.00
2011.05.25 04:35:57.646,15.22835,15.23323,0.00,0.00
2011.05.25 04:35:58.106,15.22817,15.23335,0.00,0.00
2011.05.25 04:35:58.926,15.22829,15.23315,0.00,0.00
2011.05.25 04:36:00.766,15.22817,15.23321,0.00,0.00
2011.05.25 04:36:00.986,15.2282,15.23296,0.00,0.00
2011.05.25 04:36:01.736,15.2282,15.23266,0.00,0.00
2011.05.25 04:36:03.398,15.22776,15.23274,0.00,0.00
2011.05.25 04:36:03.507,15.22777,15.23245,0.00,0.00
2011.05.25 04:36:04.147,15.2278,15.23228,0.00,0.00
2011.05.25 04:36:04.483,15.22765,15.23233,0.00,0.00
2011.05.25 04:36:04.597,15.22742,15.23252,0.00,0.00
2011.05.25 04:36:04.707,15.22742,15.23252,0.00,0.00
2011.05.25 04:36:05.147,15.22745,15.23235,0.00,0.00
2011.05.25 04:36:05.367,15.22719,15.23237,0.00,0.00
2011.05.25 04:36:05.554,15.22726,15.23204,0.00,0.00
2011.05.25 04:36:09.679,15.22733,15.23187,0.00,0.00
2011.05.25 04:36:29.477,15.22748,15.23196,0.00,0.00
2011.05.25 04:36:44.558,15.22772,15.2322,0.00,0.00
2011.05.25 04:36:45.176,15.22806,15.23232,0.00,0.00
2011.05.25 04:36:45.537,15.2282,15.2326,0.00,0.00
2011.05.25 04:36:45.648,15.22833,15.23279,0.00,0.00
2011.05.25 04:36:56.969,15.22864,15.23261,0.00,0.00
2011.05.25 04:36:57.187,15.22839,15.23285,0.00,0.00
2011.05.25 04:37:01.205,15.22855,15.23283,0.00,0.00
2011.05.25 04:37:01.788,15.22887,15.23284,0.00,0.00
2011.05.25 04:37:01.888,15.22877,15.23323,0.00,0.00
2011.05.25 04:37:02.515,15.229,15.23326,0.00,0.00
2011.05.25 04:37:03.827,15.22923,15.23329,0.00,0.00
2011.05.25 04:37:04.695,15.22953,15.23329,0.00,0.00
2011.05.25 04:37:04.807,15.22947,15.23373,0.00,0.00
2011.05.25 04:37:06.575,15.22977,15.23383,0.00,0.00
2011.05.25 04:37:09.295,15.23034,15.23382,0.00,0.00
2011.05.25 04:37:09.408,15.23003,15.23479,0.00,0.00
2011.05.25 04:37:14.438,15.23071,15.23467,0.00,0.00
2011.05.25 04:37:15.065,15.23096,15.23464,0.00,0.00
2011.05.25 04:37:15.657,15.23084,15.2347,0.00,0.00
2011.05.25 04:37:21.377,15.23058,15.23474,0.00,0.00
2011.05.25 04:37:21.597,15.23025,15.23473,0.00,0.00
2011.05.25 04:37:23.697,15.23036,15.23432,0.00,0.00
2011.05.25 04:37:24.314,15.23017,15.23443,0.00,0.00
2011.05.25 04:37:24.967,15.23001,15.23479,0.00,0.00
2011.05.25 04:37:25.077,15.2303,15.23476,0.00,0.00
2011.05.25 04:37:29.018,15.23054,15.23482,0.00,0.00
2011.05.25 04:37:31.443,15.23048,15.23524,0.00,0.00
2011.05.25 04:37:31.558,15.23072,15.2352,0.00,0.00
2011.05.25 04:37:32.037,15.2307,15.23496,0.00,0.00
2011.05.25 04:37:32.390,15.23031,15.23471,0.00,0.00
2011.05.25 04:37:32.608,15.23006,15.23416,0.00,0.00
2011.05.25 04:37:33.231,15.2293,15.23418,0.00,0.00
2011.05.25 04:37:33.340,15.2291,15.2338,0.00,0.00
2011.05.25 04:37:33.558,15.22881,15.23371,0.00,0.00
2011.05.25 04:37:34.065,15.22872,15.23362,0.00,0.00
2011.05.25 04:37:34.637,15.22882,15.23352,0.00,0.00
2011.05.25 04:37:34.747,15.22876,15.23366,0.00,0.00
2011.05.25 04:37:36.739,15.22921,15.23367,0.00,0.00
2011.05.25 04:37:38.698,15.23014,15.23354,0.00,0.00
2011.05.25 04:37:38.917,15.23003,15.23401,0.00,0.00
2011.05.25 04:37:39.417,15.22974,15.2342,0.00,0.00
2011.05.25 04:37:39.527,15.22946,15.23416,0.00,0.00
2011.05.25 04:37:39.747,15.22915,15.23405,0.00,0.00
2011.05.25 04:37:39.967,15.22902,15.23392,0.00,0.00
2011.05.25 04:37:40.778,15.22929,15.23369,0.00,0.00
2011.05.25 04:37:40.889,15.22913,15.23373,0.00,0.00
2011.05.25 04:37:41.328,15.22881,15.23371,0.00,0.00
2011.05.25 04:37:41.437,15.22873,15.23339,0.00,0.00
2011.05.25 04:37:41.915,15.22872,15.23298,0.00,0.00
2011.05.25 04:37:42.537,15.22826,15.23306,0.00,0.00
2011.05.25 04:37:43.224,15.22802,15.23302,0.00,0.00
2011.05.25 04:37:44.187,15.22804,15.23284,0.00,0.00
2011.05.25 04:37:44.768,15.22801,15.23277,0.00,0.00
2011.05.25 04:37:45.074,15.22791,15.23287,0.00,0.00
2011.05.25 04:37:45.207,15.22818,15.23266,0.00,0.00
2011.05.25 04:37:45.659,15.22822,15.23242,0.00,0.00
2011.05.25 04:37:47.387,15.22785,15.23255,0.00,0.00
2011.05.25 04:37:50.769,15.22796,15.23244,0.00,0.00
2011.05.25 04:37:56.008,15.22833,15.23231,0.00,0.00
2011.05.25 04:37:56.118,15.22817,15.23265,0.00,0.00
2011.05.25 04:37:56.397,15.22811,15.23287,0.00,0.00
2011.05.25 04:37:57.423,15.22855,15.23302,0.00,0.00
2011.05.25 04:37:57.757,15.22911,15.23321,0.00,0.00
2011.05.25 04:37:58.547,15.22925,15.23355,0.00,0.00
2011.05.25 04:38:04.406,15.22942,15.2339,0.00,0.00
2011.05.25 04:38:11.567,15.23023,15.23369,0.00,0.00
2011.05.25 04:38:11.677,15.23019,15.23409,0.00,0.00
2011.05.25 04:38:11.787,15.23029,15.23425,0.00,0.00
2011.05.25 04:38:17.689,15.23043,15.23459,0.00,0.00
2011.05.25 04:38:20.021,15.23107,15.23467,0.00,0.00
2011.05.25 04:38:20.128,15.23131,15.23491,0.00,0.00
2011.05.25 04:38:20.237,15.23139,15.23527,0.00,0.00
2011.05.25 04:38:20.798,15.2318,15.23528,0.00,0.00
2011.05.25 04:38:21.535,15.2322,15.23537,0.00,0.00
2011.05.25 04:38:25.019,15.23199,15.23615,0.00,0.00
2011.05.25 04:38:25.587,15.23228,15.23624,0.00,0.00
2011.05.25 04:38:34.857,15.23226,15.23656,0.00,0.00
2011.05.25 04:38:34.967,15.23232,15.23678,0.00,0.00
2011.05.25 04:38:37.017,15.23223,15.23713,0.00,0.00
2011.05.25 04:38:37.127,15.23249,15.23709,0.00,0.00
2011.05.25 04:38:37.378,15.23236,15.23724,0.00,0.00
2011.05.25 04:38:37.487,15.23234,15.23714,0.00,0.00
2011.05.25 04:38:38.837,15.23249,15.23686,0.00,0.00
2011.05.25 04:38:41.068,15.23255,15.23672,0.00,0.00
2011.05.25 04:38:41.185,15.2324,15.23676,0.00,0.00
2011.05.25 04:38:44.464,15.23228,15.23682,0.00,0.00
2011.05.25 04:38:45.162,15.23238,15.23686,0.00,0.00
2011.05.25 04:38:50.407,15.23233,15.23723,0.00,0.00
2011.05.25 04:38:50.517,15.23272,15.23712,0.00,0.00
2011.05.25 04:38:50.764,15.23269,15.23717,0.00,0.00
2011.05.25 04:38:50.987,15.23242,15.23729,0.00,0.00
2011.05.25 04:38:52.530,15.23234,15.23714,0.00,0.00
2011.05.25 04:38:53.858,15.23237,15.23675,0.00,0.00
2011.05.25 04:38:56.738,15.23248,15.23636,0.00,0.00
2011.05.25 04:39:01.335,15.23242,15.2364,0.00,0.00
2011.05.25 04:39:01.448,15.23225,15.23665,0.00,0.00
2011.05.25 04:39:01.558,15.23218,15.23666,0.00,0.00
2011.05.25 04:39:11.822,15.23235,15.23631,0.00,0.00
2011.05.25 04:39:25.414,15.23223,15.23641,0.00,0.00
2011.05.25 04:39:25.671,15.23208,15.23676,0.00,0.00
2011.05.25 04:39:25.778,15.23223,15.2367,0.00,0.00
2011.05.25 04:39:29.191,15.23219,15.23673,0.00,0.00
2011.05.25 04:39:29.488,15.23207,15.23675,0.00,0.00
2011.05.25 04:39:29.674,15.23192,15.23688,0.00,0.00
2011.05.25 04:39:29.897,15.23215,15.23661,0.00,0.00
2011.05.25 04:39:31.761,15.2323,15.23626,0.00,0.00
2011.05.25 04:39:40.989,15.23209,15.23627,0.00,0.00
2011.05.25 04:39:41.238,15.23187,15.23634,0.00,0.00
2011.05.25 04:39:44.337,15.23185,15.23639,0.00,0.00
2011.05.25 04:39:51.636,15.2322,15.23617,0.00,0.00
2011.05.25 04:39:51.857,15.23214,15.2363,0.00,0.00
2011.05.25 04:39:54.317,15.23237,15.23633,0.00,0.00
2011.05.25 04:39:54.431,15.23227,15.23673,0.00,0.00
2011.05.25 04:40:02.868,15.23254,15.23682,0.00,0.00
2011.05.25 04:40:03.688,15.23249,15.23725,0.00,0.00
2011.05.25 04:40:03.812,15.23283,15.23729,0.00,0.00
2011.05.25 04:40:05.973,15.2333,15.23726,0.00,0.00
2011.05.25 04:40:06.187,15.23323,15.23763,0.00,0.00
2011.05.25 04:40:06.877,15.2333,15.23776,0.00,0.00
2011.05.25 04:40:07.059,15.23337,15.23797,0.00,0.00
2011.05.25 04:40:07.167,15.23381,15.23791,0.00,0.00
2011.05.25 04:40:07.277,15.23386,15.23832,0.00,0.00
2011.05.25 04:40:07.387,15.23447,15.23844,0.00,0.00
2011.05.25 04:40:07.717,15.23459,15.23905,0.00,0.00
2011.05.25 04:40:08.157,15.23485,15.23911,0.00,0.00
2011.05.25 04:40:09.958,15.23469,15.23917,0.00,0.00
2011.05.25 04:40:11.799,15.23482,15.2388,0.00,0.00
2011.05.25 04:40:13.684,15.23459,15.23877,0.00,0.00
2011.05.25 04:40:14.688,15.23436,15.23883,0.00,0.00
2011.05.25 04:40:18.178,15.23425,15.23879,0.00,0.00
2011.05.25 04:40:18.397,15.23418,15.23874,0.00,0.00
2011.05.25 04:40:18.507,15.23398,15.23875,0.00,0.00
2011.05.25 04:40:18.617,15.23385,15.23855,0.00,0.00
2011.05.25 04:40:18.948,15.23366,15.23836,0.00,0.00
2011.05.25 04:40:19.857,15.23349,15.23839,0.00,0.00
2011.05.25 04:40:19.968,15.23332,15.23842,0.00,0.00
2011.05.25 04:40:20.078,15.23337,15.23835,0.00,0.00
2011.05.25 04:40:21.054,15.23355,15.23822,0.00,0.00
2011.05.25 04:40:21.608,15.23355,15.23815,0.00,0.00
2011.05.25 04:40:22.234,15.23334,15.23814,0.00,0.00
2011.05.25 04:40:22.790,15.23344,15.23782,0.00,0.00
2011.05.25 04:40:23.328,15.23332,15.2378,0.00,0.00
2011.05.25 04:40:23.977,15.23327,15.23783,0.00,0.00
2011.05.25 04:40:25.098,15.23345,15.23771,0.00,0.00
2011.05.25 04:40:25.368,15.2334,15.23788,0.00,0.00
2011.05.25 04:40:25.688,15.23376,15.23784,0.00,0.00
2011.05.25 04:40:29.228,15.23425,15.23773,0.00,0.00
2011.05.25 04:40:29.338,15.23406,15.23822,0.00,0.00
2011.05.25 04:40:29.987,15.23421,15.23817,0.00,0.00
2011.05.25 04:40:31.204,15.23405,15.23821,0.00,0.00
2011.05.25 04:40:32.428,15.23378,15.23824,0.00,0.00
2011.05.25 04:40:34.798,15.234,15.23796,0.00,0.00
2011.05.25 04:40:50.753,15.2344,15.23788,0.00,0.00
2011.05.25 04:40:51.447,15.23449,15.23826,0.00,0.00
2011.05.25 04:40:57.483,15.23497,15.23834,0.00,0.00
2011.05.25 04:41:12.934,15.2347,15.23907,0.00,0.00
2011.05.25 04:41:17.694,15.2347,15.23924,0.00,0.00
2011.05.25 04:41:17.808,15.23467,15.23924,0.00,0.00
2011.05.25 04:41:18.344,15.23462,15.23918,0.00,0.00
2011.05.25 04:41:20.796,15.23485,15.23891,0.00,0.00
2011.05.25 04:41:34.138,15.23513,15.23889,0.00,0.00
2011.05.25 04:41:38.808,15.23523,15.23919,0.00,0.00
2011.05.25 04:41:38.918,15.23549,15.23937,0.00,0.00
2011.05.25 04:41:42.868,15.23566,15.23972,0.00,0.00
2011.05.25 04:41:42.977,15.23556,15.24012,0.00,0.00
2011.05.25 04:41:43.838,15.23552,15.24028,0.00,0.00
2011.05.25 04:41:47.673,15.23568,15.24024,0.00,0.00
2011.05.25 04:41:48.041,15.2357,15.24024,0.00,0.00
2011.05.25 04:41:49.409,15.23562,15.24018,0.00,0.00
2011.05.25 04:41:49.519,15.23537,15.24017,0.00,0.00
2011.05.25 04:41:50.752,15.23546,15.23982,0.00,0.00
2011.05.25 04:41:51.677,15.23528,15.23986,0.00,0.00
2011.05.25 04:41:51.945,15.2354,15.23988,0.00,0.00
2011.05.25 04:41:55.188,15.23531,15.24029,0.00,0.00
2011.05.25 04:41:58.783,15.23569,15.24023,0.00,0.00
2011.05.25 04:42:01.448,15.23591,15.24039,0.00,0.00
2011.05.25 04:42:03.508,15.23609,15.24056,0.00,0.00
2011.05.25 04:42:05.033,15.23592,15.24068,0.00,0.00
2011.05.25 04:42:05.164,15.23581,15.24061,0.00,0.00
2011.05.25 04:42:07.801,15.23595,15.24043,0.00,0.00
2011.05.25 04:42:10.281,15.23633,15.24029,0.00,0.00
2011.05.25 04:42:10.403,15.23627,15.24057,0.00,0.00
2011.05.25 04:42:10.508,15.23624,15.2407,0.00,0.00
2011.05.25 04:42:15.421,15.23617,15.24071,0.00,0.00
2011.05.25 04:42:15.637,15.23597,15.24073,0.00,0.00
2011.05.25 04:42:16.224,15.23583,15.24063,0.00,0.00
2011.05.25 04:42:16.579,15.23564,15.24052,0.00,0.00
2011.05.25 04:42:16.799,15.23546,15.24036,0.00,0.00
2011.05.25 04:42:17.130,15.23538,15.24034,0.00,0.00
2011.05.25 04:42:17.599,15.23534,15.24044,0.00,0.00
2011.05.25 04:42:17.708,15.23548,15.24036,0.00,0.00
2011.05.25 04:42:18.039,15.23576,15.24024,0.00,0.00
2011.05.25 04:42:18.347,15.23585,15.24021,0.00,0.00
2011.05.25 04:42:18.948,15.23579,15.24026,0.00,0.00
2011.05.25 04:42:19.348,15.23573,15.24029,0.00,0.00
2011.05.25 04:42:20.264,15.23573,15.24021,0.00,0.00
2011.05.25 04:42:20.488,15.23553,15.24039,0.00,0.00
2011.05.25 04:42:20.599,15.23574,15.24022,0.00,0.00
2011.05.25 04:42:23.553,15.23569,15.24023,0.00,0.00
2011.05.25 04:42:23.658,15.23558,15.24024,0.00,0.00
2011.05.25 04:42:23.775,15.23541,15.24039,0.00,0.00
2011.05.25 04:42:24.048,15.23566,15.24014,0.00,0.00
2011.05.25 04:42:25.836,15.23537,15.24035,0.00,0.00
2011.05.25 04:42:26.808,15.23538,15.24025,0.00,0.00
2011.05.25 04:42:27.127,15.23528,15.24008,0.00,0.00
2011.05.25 04:42:27.457,15.23518,15.23996,0.00,0.00
2011.05.25 04:42:28.224,15.23537,15.23975,0.00,0.00
2011.05.25 04:42:29.304,15.23528,15.23974,0.00,0.00
2011.05.25 04:42:31.134,15.23509,15.23985,0.00,0.00
2011.05.25 04:42:31.248,15.23518,15.23966,0.00,0.00
2011.05.25 04:42:31.687,15.23533,15.23929,0.00,0.00
2011.05.25 04:42:33.176,15.23512,15.2394,0.00,0.00
2011.05.25 04:42:33.288,15.23536,15.23922,0.00,0.00
2011.05.25 04:42:33.466,15.23534,15.2393,0.00,0.00
2011.05.25 04:42:34.533,15.23552,15.23938,0.00,0.00
2011.05.25 04:42:35.963,15.23553,15.23989,0.00,0.00
2011.05.25 04:42:36.179,15.23556,15.24036,0.00,0.00
2011.05.25 04:42:36.287,15.23543,15.24063,0.00,0.00
2011.05.25 04:42:36.507,15.23558,15.24038,0.00,0.00
2011.05.25 04:42:36.838,15.23535,15.24025,0.00,0.00
2011.05.25 04:42:37.058,15.23512,15.24022,0.00,0.00
2011.05.25 04:42:37.168,15.23529,15.23999,0.00,0.00
2011.05.25 04:42:37.944,15.23532,15.24022,0.00,0.00
2011.05.25 04:42:38.168,15.23565,15.24005,0.00,0.00
2011.05.25 04:42:38.279,15.23548,15.24028,0.00,0.00
2011.05.25 04:42:38.499,15.23568,15.24008,0.00,0.00
2011.05.25 04:42:38.608,15.23535,15.24025,0.00,0.00
2011.05.25 04:42:38.718,15.23523,15.24021,0.00,0.00
2011.05.25 04:42:38.938,15.2351,15.2401,0.00,0.00
2011.05.25 04:42:39.543,15.23512,15.23982,0.00,0.00
2011.05.25 04:42:39.958,15.23493,15.23983,0.00,0.00
2011.05.25 04:42:40.700,15.23483,15.23971,0.00,0.00
2011.05.25 04:42:43.711,15.23504,15.2394,0.00,0.00
2011.05.25 04:42:49.247,15.23528,15.23936,0.00,0.00
2011.05.25 04:42:49.578,15.23566,15.23936,0.00,0.00
2011.05.25 04:42:49.889,15.23564,15.23986,0.00,0.00
2011.05.25 04:42:50.746,15.23593,15.24003,0.00,0.00
2011.05.25 04:42:51.548,15.23602,15.24042,0.00,0.00
2011.05.25 04:42:52.623,15.23643,15.24053,0.00,0.00
2011.05.25 04:42:52.988,15.2366,15.241,0.00,0.00
2011.05.25 04:42:56.838,15.23758,15.24118,0.00,0.00
2011.05.25 04:42:56.947,15.23817,15.24193,0.00,0.00
2011.05.25 04:42:57.167,15.23826,15.24254,0.00,0.00
2011.05.25 04:42:57.517,15.23832,15.24278,0.00,0.00
2011.05.25 04:43:00.207,15.23865,15.24282,0.00,0.00
2011.05.25 04:43:01.799,15.23855,15.24323,0.00,0.00
2011.05.25 04:43:01.910,15.23875,15.24311,0.00,0.00
2011.05.25 04:43:03.098,15.23844,15.24322,0.00,0.00
2011.05.25 04:43:05.799,15.23855,15.24283,0.00,0.00
2011.05.25 04:43:10.293,15.23841,15.24289,0.00,0.00
2011.05.25 04:43:31.176,15.23866,15.24284,0.00,0.00
2011.05.25 04:43:31.287,15.23853,15.24321,0.00,0.00
2011.05.25 04:43:33.709,15.23868,15.24322,0.00,0.00
2011.05.25 04:43:42.613,15.23873,15.24321,0.00,0.00
2011.05.25 04:43:47.424,15.23869,15.24315,0.00,0.00
2011.05.25 04:43:49.769,15.23883,15.2428,0.00,0.00
2011.05.25 04:43:57.723,15.23866,15.24292,0.00,0.00
2011.05.25 04:44:01.897,15.23902,15.2429,0.00,0.00
2011.05.25 04:44:02.479,15.23919,15.24317,0.00,0.00
2011.05.25 04:44:05.147,15.2394,15.24316,0.00,0.00
2011.05.25 04:44:08.507,15.23935,15.24332,0.00,0.00
2011.05.25 04:44:23.093,15.23957,15.24333,0.00,0.00
2011.05.25 04:44:23.197,15.2394,15.24366,0.00,0.00
2011.05.25 04:44:31.058,15.23932,15.2438,0.00,0.00
2011.05.25 04:44:31.295,15.23946,15.24372,0.00,0.00
2011.05.25 04:44:31.514,15.2394,15.24388,0.00,0.00
2011.05.25 04:44:31.629,15.23922,15.24418,0.00,0.00
2011.05.25 04:44:31.739,15.23923,15.24413,0.00,0.00
2011.05.25 04:44:32.068,15.23945,15.24393,0.00,0.00
2011.05.25 04:44:32.289,15.23931,15.24427,0.00,0.00
2011.05.25 04:44:32.398,15.23959,15.24415,0.00,0.00
2011.05.25 04:44:32.591,15.23947,15.24425,0.00,0.00
2011.05.25 04:44:32.928,15.23935,15.24431,0.00,0.00
2011.05.25 04:44:34.358,15.23939,15.24417,0.00,0.00
2011.05.25 04:44:34.750,15.23954,15.2438,0.00,0.00
2011.05.25 04:44:45.118,15.23938,15.24386,0.00,0.00
2011.05.25 04:44:48.698,15.23919,15.24399,0.00,0.00
2011.05.25 04:44:49.030,15.23925,15.24371,0.00,0.00
2011.05.25 04:44:49.140,15.23907,15.24357,0.00,0.00
2011.05.25 04:44:49.248,15.23881,15.24331,0.00,0.00
2011.05.25 04:44:49.578,15.23883,15.24283,0.00,0.00
2011.05.25 04:44:57.609,15.23841,15.24291,0.00,0.00
2011.05.25 04:45:00.798,15.23843,15.24289,0.00,0.00
2011.05.25 04:45:06.078,15.23876,15.24273,0.00,0.00
2011.05.25 04:45:06.298,15.23882,15.24282,0.00,0.00
2011.05.25 04:45:07.186,15.23865,15.24305,0.00,0.00
2011.05.25 04:45:07.299,15.23827,15.24317,0.00,0.00
2011.05.25 04:45:07.409,15.23837,15.24287,0.00,0.00
2011.05.25 04:45:09.963,15.23832,15.2428,0.00,0.00
2011.05.25 04:45:14.018,15.2384,15.2428,0.00,0.00
2011.05.25 04:45:27.748,15.23866,15.24256,0.00,0.00
2011.05.25 04:45:27.859,15.23832,15.2428,0.00,0.00
2011.05.25 04:45:34.469,15.23835,15.24275,0.00,0.00
2011.05.25 04:45:43.414,15.23847,15.24294,0.00,0.00
2011.05.25 04:45:43.519,15.23867,15.24345,0.00,0.00
2011.05.25 04:45:43.628,15.23935,15.24385,0.00,0.00
2011.05.25 04:45:43.959,15.24004,15.24424,0.00,0.00
2011.05.25 04:45:44.069,15.2402,15.24468,0.00,0.00
2011.05.25 04:45:45.058,15.24015,15.24495,0.00,0.00
2011.05.25 04:45:45.168,15.24037,15.24477,0.00,0.00
2011.05.25 04:45:51.023,15.24035,15.24495,0.00,0.00
2011.05.25 04:45:51.801,15.24062,15.24478,0.00,0.00
2011.05.25 04:46:06.619,15.24066,15.24463,0.00,0.00
2011.05.25 04:46:17.350,15.24041,15.24481,0.00,0.00
2011.05.25 04:46:30.203,15.24052,15.24498,0.00,0.00
2011.05.25 04:46:39.910,15.24059,15.24529,0.00,0.00
2011.05.25 04:46:41.791,15.2407,15.24518,0.00,0.00
2011.05.25 04:46:44.979,15.24097,15.24495,0.00,0.00
2011.05.25 04:47:21.500,15.24084,15.24532,0.00,0.00
2011.05.25 04:47:38.830,15.24125,15.24521,0.00,0.00
2011.05.25 04:47:38.978,15.24121,15.24541,0.00,0.00
2011.05.25 04:47:40.308,15.24089,15.24579,0.00,0.00
2011.05.25 04:47:40.538,15.24118,15.24558,0.00,0.00
2011.05.25 04:47:42.718,15.24142,15.24538,0.00,0.00
2011.05.25 04:47:53.458,15.24123,15.24569,0.00,0.00
2011.05.25 04:47:57.026,15.24118,15.24572,0.00,0.00
2011.05.25 04:47:57.139,15.241,15.24576,0.00,0.00
2011.05.25 04:47:57.249,15.24091,15.24581,0.00,0.00
2011.05.25 04:47:57.469,15.24127,15.24567,0.00,0.00
2011.05.25 04:47:59.809,15.24189,15.24586,0.00,0.00
2011.05.25 04:48:03.431,15.24304,15.24604,0.00,0.00
2011.05.25 04:48:03.539,15.24314,15.24684,0.00,0.00
2011.05.25 04:48:07.868,15.24321,15.24731,0.00,0.00
2011.05.25 04:48:10.049,15.24326,15.24756,0.00,0.00
2011.05.25 04:48:34.186,15.24329,15.24775,0.00,0.00
2011.05.25 04:48:38.217,15.24332,15.24792,0.00,0.00
2011.05.25 04:48:38.328,15.24318,15.24816,0.00,0.00
2011.05.25 04:48:38.476,15.24342,15.24802,0.00,0.00
2011.05.25 04:48:42.779,15.24373,15.24789,0.00,0.00
2011.05.25 04:48:43.081,15.24361,15.24809,0.00,0.00
2011.05.25 04:48:43.632,15.24373,15.2479,0.00,0.00
2011.05.25 04:48:49.412,15.2438,15.24776,0.00,0.00
2011.05.25 04:48:51.914,15.24363,15.24781,0.00,0.00
2011.05.25 04:48:58.348,15.24334,15.24794,0.00,0.00
2011.05.25 04:48:59.730,15.24335,15.24783,0.00,0.00
2011.05.25 04:49:03.325,15.24329,15.24789,0.00,0.00
2011.05.25 04:49:03.924,15.24328,15.24796,0.00,0.00
2011.05.25 04:49:06.431,15.24332,15.2482,0.00,0.00
2011.05.25 04:49:07.759,15.24379,15.24815,0.00,0.00
2011.05.25 04:49:17.888,15.24421,15.24818,0.00,0.00
2011.05.25 04:49:17.998,15.24431,15.24841,0.00,0.00
2011.05.25 04:49:24.958,15.24427,15.24873,0.00,0.00
2011.05.25 04:49:31.540,15.2443,15.2489,0.00,0.00
2011.05.25 04:49:31.727,15.24421,15.24911,0.00,0.00
2011.05.25 04:49:32.261,15.24434,15.24894,0.00,0.00
2011.05.25 04:49:35.202,15.24423,15.24903,0.00,0.00
2011.05.25 04:49:35.639,15.24443,15.24883,0.00,0.00
2011.05.25 04:49:42.098,15.24477,15.24867,0.00,0.00
2011.05.25 04:49:42.209,15.24488,15.24884,0.00,0.00
2011.05.25 04:49:44.959,15.24488,15.24928,0.00,0.00
2011.05.25 04:49:45.071,15.24521,15.24941,0.00,0.00
2011.05.25 04:49:48.612,15.24526,15.24966,0.00,0.00
2011.05.25 04:49:57.882,15.24539,15.24987,0.00,0.00
2011.05.25 04:49:58.219,15.2457,15.2499,0.00,0.00
2011.05.25 04:49:58.329,15.24553,15.25021,0.00,0.00
2011.05.25 04:49:58.949,15.24546,15.25034,0.00,0.00
2011.05.25 04:50:00.788,15.2457,15.25024,0.00,0.00
2011.05.25 04:50:04.325,15.24577,15.25023,0.00,0.00
2011.05.25 04:50:04.534,15.24572,15.25026,0.00,0.00
2011.05.25 04:50:04.925,15.24575,15.25021,0.00,0.00
2011.05.25 04:50:09.403,15.24579,15.25019,0.00,0.00
2011.05.25 04:50:09.670,15.24576,15.25022,0.00,0.00
2011.05.25 04:50:09.779,15.24574,15.25028,0.00,0.00
2011.05.25 04:50:09.943,15.2458,15.25027,0.00,0.00
2011.05.25 04:50:10.809,15.24581,15.25021,0.00,0.00
2011.05.25 04:50:11.652,15.24572,15.2502,0.00,0.00
2011.05.25 04:50:13.655,15.24598,15.24996,0.00,0.00
2011.05.25 04:50:22.660,15.24644,15.2499,0.00,0.00
2011.05.25 04:50:22.769,15.24612,15.2506,0.00,0.00
2011.05.25 04:50:51.083,15.24618,15.25072,0.00,0.00
2011.05.25 04:50:51.190,15.24613,15.25081,0.00,0.00
2011.05.25 04:50:53.040,15.24626,15.25072,0.00,0.00
2011.05.25 04:50:57.153,15.24619,15.25073,0.00,0.00
2011.05.25 04:50:57.260,15.24603,15.25091,0.00,0.00
2011.05.25 04:50:57.528,15.24642,15.25088,0.00,0.00
2011.05.25 04:51:11.370,15.24658,15.25158,0.00,0.00
2011.05.25 04:51:11.480,15.24813,15.25113,0.00,0.00
2011.05.25 04:51:11.589,15.24813,15.25183,0.00,0.00
2011.05.25 04:51:11.989,15.24804,15.25204,0.00,0.00
2011.05.25 04:51:12.287,15.24744,15.25234,0.00,0.00
2011.05.25 04:51:12.892,15.24729,15.25209,0.00,0.00
2011.05.25 04:51:13.001,15.24684,15.25204,0.00,0.00
2011.05.25 04:51:13.197,15.24696,15.25166,0.00,0.00
2011.05.25 04:51:15.411,15.24691,15.25181,0.00,0.00
2011.05.25 04:51:15.520,15.24721,15.25169,0.00,0.00
2011.05.25 04:51:17.117,15.24721,15.25178,0.00,0.00
2011.05.25 04:51:17.231,15.24733,15.25169,0.00,0.00
2011.05.25 04:51:17.437,15.24717,15.25183,0.00,0.00
2011.05.25 04:51:17.766,15.24734,15.25182,0.00,0.00
2011.05.25 04:51:22.252,15.24759,15.25185,0.00,0.00
2011.05.25 04:51:22.469,15.24761,15.25209,0.00,0.00
2011.05.25 04:51:23.989,15.24743,15.25221,0.00,0.00
2011.05.25 04:51:24.115,15.24725,15.25215,0.00,0.00
2011.05.25 04:51:26.192,15.24727,15.25175,0.00,0.00
2011.05.25 04:51:27.724,15.24735,15.25131,0.00,0.00
2011.05.25 04:51:30.839,15.24755,15.25103,0.00,0.00
2011.05.25 04:51:35.798,15.24716,15.25162,0.00,0.00
2011.05.25 04:51:36.129,15.24703,15.25181,0.00,0.00
2011.05.25 04:51:37.421,15.24715,15.25161,0.00,0.00
2011.05.25 04:51:40.860,15.24673,15.25171,0.00,0.00
2011.05.25 04:51:41.940,15.24681,15.25139,0.00,0.00
2011.05.25 04:51:43.732,15.24677,15.25131,0.00,0.00
2011.05.25 04:51:45.600,15.24677,15.25125,0.00,0.00
2011.05.25 04:51:50.138,15.24667,15.25121,0.00,0.00
2011.05.25 04:51:50.249,15.24639,15.25126,0.00,0.00
2011.05.25 04:51:53.739,15.24659,15.25095,0.00,0.00
2011.05.25 04:51:59.763,15.24644,15.25132,0.00,0.00
2011.05.25 04:51:59.869,15.24684,15.2513,0.00,0.00
2011.05.25 04:52:03.379,15.24729,15.25126,0.00,0.00
2011.05.25 04:52:03.988,15.24718,15.25164,0.00,0.00
2011.05.25 04:52:10.792,15.24715,15.25169,0.00,0.00
2011.05.25 04:52:10.899,15.24691,15.25189,0.00,0.00
2011.05.25 04:52:11.012,15.24717,15.25163,0.00,0.00
2011.05.25 04:52:13.761,15.24742,15.25139,0.00,0.00
2011.05.25 04:52:16.699,15.24727,15.25167,0.00,0.00
2011.05.25 04:52:16.817,15.24724,15.25172,0.00,0.00
2011.05.25 04:52:21.232,15.24715,15.25173,0.00,0.00
2011.05.25 04:52:21.558,15.24697,15.25173,0.00,0.00
2011.05.25 04:52:21.669,15.24715,15.25141,0.00,0.00
2011.05.25 04:52:21.888,15.24687,15.25163,0.00,0.00
2011.05.25 04:52:24.810,15.24704,15.2513,0.00,0.00
2011.05.25 04:52:29.882,15.24694,15.2514,0.00,0.00
2011.05.25 04:52:34.188,15.24733,15.25129,0.00,0.00
2011.05.25 04:52:34.299,15.2472,15.25168,0.00,0.00
2011.05.25 04:52:59.111,15.24718,15.25172,0.00,0.00
2011.05.25 04:52:59.219,15.24716,15.25164,0.00,0.00
2011.05.25 04:53:02.561,15.2472,15.25136,0.00,0.00
2011.05.25 04:53:02.669,15.24681,15.25141,0.00,0.00
2011.05.25 04:53:03.500,15.24654,15.25144,0.00,0.00
2011.05.25 04:53:03.609,15.24651,15.25129,0.00,0.00
2011.05.25 04:53:03.719,15.24636,15.25124,0.00,0.00
2011.05.25 04:53:05.531,15.24626,15.25106,0.00,0.00
2011.05.25 04:53:05.851,15.24635,15.25065,0.00,0.00
2011.05.25 04:53:05.959,15.24617,15.25053,0.00,0.00
2011.05.25 04:53:06.421,15.24595,15.25055,0.00,0.00
2011.05.25 04:53:06.529,15.2461,15.2502,0.00,0.00
2011.05.25 04:53:06.970,15.24545,15.25055,0.00,0.00
2011.05.25 04:53:07.081,15.24565,15.25025,0.00,0.00
2011.05.25 04:53:07.190,15.24544,15.25032,0.00,0.00
2011.05.25 04:53:07.299,15.24542,15.25012,0.00,0.00
2011.05.25 04:53:07.519,15.24528,15.25018,0.00,0.00
2011.05.25 04:53:08.131,15.24528,15.24998,0.00,0.00
2011.05.25 04:53:08.349,15.24507,15.24987,0.00,0.00
2011.05.25 04:53:08.459,15.24485,15.24965,0.00,0.00
2011.05.25 04:53:09.101,15.245,15.2493,0.00,0.00
2011.05.25 04:53:10.438,15.24533,15.24913,0.00,0.00
2011.05.25 04:53:10.779,15.24527,15.24937,0.00,0.00
2011.05.25 04:53:11.880,15.2452,15.2495,0.00,0.00
2011.05.25 04:53:15.317,15.24521,15.24931,0.00,0.00
2011.05.25 04:53:16.660,15.2447,15.24938,0.00,0.00
2011.05.25 04:53:16.909,15.24467,15.24895,0.00,0.00
2011.05.25 04:53:17.320,15.24422,15.24922,0.00,0.00
2011.05.25 04:53:17.540,15.24508,15.24858,0.00,0.00
2011.05.25 04:53:17.650,15.24484,15.24884,0.00,0.00
2011.05.25 04:53:17.760,15.24468,15.24888,0.00,0.00
2011.05.25 04:53:17.869,15.2443,15.249,0.00,0.00
2011.05.25 04:53:18.116,15.244,15.2489,0.00,0.00
2011.05.25 04:53:18.230,15.24386,15.24856,0.00,0.00
2011.05.25 04:53:18.859,15.24381,15.24821,0.00,0.00
2011.05.25 04:53:19.421,15.24342,15.24832,0.00,0.00
2011.05.25 04:53:19.529,15.24321,15.24839,0.00,0.00
2011.05.25 04:53:19.750,15.24334,15.24804,0.00,0.00
2011.05.25 04:53:20.076,15.24321,15.24799,0.00,0.00
2011.05.25 04:53:20.189,15.2433,15.24777,0.00,0.00
2011.05.25 04:53:20.518,15.24334,15.24774,0.00,0.00
2011.05.25 04:53:20.849,15.24324,15.24784,0.00,0.00
2011.05.25 04:53:21.921,15.24309,15.24777,0.00,0.00
2011.05.25 04:53:22.029,15.24285,15.24765,0.00,0.00
2011.05.25 04:53:22.511,15.24298,15.24738,0.00,0.00
2011.05.25 04:53:23.485,15.24331,15.24721,0.00,0.00
2011.05.25 04:53:23.600,15.2433,15.2474,0.00,0.00
2011.05.25 04:53:23.819,15.24319,15.24759,0.00,0.00
2011.05.25 04:53:25.341,15.24329,15.24739,0.00,0.00
2011.05.25 04:53:28.005,15.24314,15.2473,0.00,0.00
2011.05.25 04:53:28.119,15.24267,15.24735,0.00,0.00
2011.05.25 04:53:28.230,15.24232,15.24712,0.00,0.00
2011.05.25 04:53:28.339,15.24207,15.24697,0.00,0.00
2011.05.25 04:53:30.364,15.2423,15.2467,0.00,0.00
2011.05.25 04:53:30.689,15.24225,15.24671,0.00,0.00
2011.05.25 04:53:31.049,15.24228,15.24658,0.00,0.00
2011.05.25 04:53:34.597,15.24238,15.24638,0.00,0.00
2011.05.25 04:53:44.961,15.24226,15.24646,0.00,0.00
2011.05.25 04:53:49.259,15.2421,15.24638,0.00,0.00
2011.05.25 04:53:49.479,15.24184,15.24634,0.00,0.00
2011.05.25 04:53:50.032,15.2419,15.2461,0.00,0.00
2011.05.25 04:53:51.319,15.24177,15.24617,0.00,0.00
2011.05.25 04:53:59.161,15.24165,15.24611,0.00,0.00
2011.05.25 04:53:59.269,15.24129,15.24619,0.00,0.00
2011.05.25 04:54:02.319,15.24139,15.24589,0.00,0.00
2011.05.25 04:54:02.731,15.24143,15.24589,0.00,0.00
2011.05.25 04:54:07.324,15.24179,15.24575,0.00,0.00
2011.05.25 04:54:07.430,15.24166,15.24596,0.00,0.00
2011.05.25 04:54:07.910,15.24141,15.24621,0.00,0.00
2011.05.25 04:54:09.722,15.2416,15.24598,0.00,0.00
2011.05.25 04:54:10.320,15.24174,15.2456,0.00,0.00
2011.05.25 04:54:12.549,15.24169,15.24535,0.00,0.00
2011.05.25 04:54:25.109,15.24161,15.24497,0.00,0.00
2011.05.25 04:54:25.219,15.24081,15.24517,0.00,0.00
2011.05.25 04:54:25.641,15.24075,15.24471,0.00,0.00
2011.05.25 04:54:26.149,15.24062,15.24428,0.00,0.00
2011.05.25 04:54:27.040,15.2401,15.2444,0.00,0.00
2011.05.25 04:54:27.149,15.24043,15.24423,0.00,0.00
2011.05.25 04:54:27.259,15.24025,15.24475,0.00,0.00
2011.05.25 04:54:27.612,15.24011,15.24501,0.00,0.00
2011.05.25 04:54:28.050,15.24038,15.24468,0.00,0.00
2011.05.25 04:54:29.041,15.2402,15.2447,0.00,0.00
2011.05.25 04:54:29.149,15.2399,15.2447,0.00,0.00
2011.05.25 04:54:29.259,15.23982,15.2444,0.00,0.00
2011.05.25 04:54:29.990,15.23982,15.244,0.00,0.00
2011.05.25 04:54:35.021,15.23983,15.24379,0.00,0.00
2011.05.25 04:54:35.441,15.23969,15.24387,0.00,0.00
2011.05.25 04:54:37.299,15.23977,15.24373,0.00,0.00
2011.05.25 04:54:38.948,15.2398,15.2437,0.00,0.00
2011.05.25 04:54:39.059,15.23984,15.2438,0.00,0.00
2011.05.25 04:54:39.169,15.23966,15.2442,0.00,0.00
2011.05.25 04:54:54.243,15.23975,15.24423,0.00,0.00
2011.05.25 04:54:54.673,15.23974,15.24428,0.00,0.00
2011.05.25 04:54:54.889,15.23979,15.24425,0.00,0.00
2011.05.25 04:54:55.113,15.23976,15.2443,0.00,0.00
2011.05.25 04:54:55.360,15.2399,15.24436,0.00,0.00
2011.05.25 04:54:56.529,15.24036,15.24432,0.00,0.00
2011.05.25 04:54:58.049,15.24043,15.24469,0.00,0.00
2011.05.25 04:54:59.101,15.24075,15.24481,0.00,0.00
2011.05.25 04:54:59.600,15.2412,15.24466,0.00,0.00
2011.05.25 04:54:59.819,15.24079,15.24525,0.00,0.00
2011.05.25 04:54:59.929,15.24089,15.24525,0.00,0.00
2011.05.25 04:55:00.312,15.24094,15.24512,0.00,0.00
2011.05.25 04:55:03.200,15.24046,15.24534,0.00,0.00
2011.05.25 04:55:03.919,15.24037,15.24517,0.00,0.00
2011.05.25 04:55:04.729,15.24051,15.24489,0.00,0.00
2011.05.25 04:55:19.820,15.24065,15.24483,0.00,0.00
2011.05.25 04:55:30.219,15.24086,15.24484,0.00,0.00
2011.05.25 04:55:30.847,15.2412,15.24457,0.00,0.00
2011.05.25 04:55:34.620,15.24083,15.2448,0.00,0.00
2011.05.25 04:55:34.849,15.24071,15.24487,0.00,0.00
2011.05.25 04:56:04.016,15.24097,15.24494,0.00,0.00
2011.05.25 04:56:04.779,15.24075,15.24565,0.00,0.00
2011.05.25 04:56:04.890,15.24096,15.24586,0.00,0.00
2011.05.25 04:56:06.485,15.24126,15.24586,0.00,0.00
2011.05.25 04:56:06.600,15.24117,15.24607,0.00,0.00
2011.05.25 04:56:06.711,15.24137,15.24583,0.00,0.00
2011.05.25 04:56:07.200,15.24141,15.24567,0.00,0.00
2011.05.25 04:56:08.580,15.24116,15.24576,0.00,0.00
2011.05.25 04:56:08.691,15.24107,15.24574,0.00,0.00
2011.05.25 04:56:08.799,15.2409,15.24588,0.00,0.00
2011.05.25 04:56:09.070,15.24107,15.24574,0.00,0.00
2011.05.25 04:56:09.889,15.2411,15.24557,0.00,0.00
2011.05.25 04:56:11.041,15.24095,15.24543,0.00,0.00
2011.05.25 04:56:12.680,15.24098,15.24525,0.00,0.00
2011.05.25 04:56:13.671,15.24083,15.24531,0.00,0.00
2011.05.25 04:56:14.181,15.24083,15.24519,0.00,0.00
2011.05.25 04:56:14.741,15.24055,15.24521,0.00,0.00
2011.05.25 04:56:16.750,15.24064,15.2448,0.00,0.00
2011.05.25 04:56:18.580,15.24042,15.2449,0.00,0.00
2011.05.25 04:56:21.690,15.24059,15.24487,0.00,0.00
2011.05.25 04:56:22.755,15.24048,15.24526,0.00,0.00
2011.05.25 04:56:22.861,15.24076,15.24524,0.00,0.00
2011.05.25 04:56:26.183,15.24095,15.24523,0.00,0.00
2011.05.25 04:56:44.702,15.24101,15.24517,0.00,0.00
2011.05.25 04:56:49.421,15.2408,15.24528,0.00,0.00
2011.05.25 04:57:02.721,15.24071,15.24525,0.00,0.00
2011.05.25 04:57:02.940,15.24049,15.24527,0.00,0.00
2011.05.25 04:57:03.118,15.24029,15.24525,0.00,0.00
2011.05.25 04:57:05.290,15.24029,15.24499,0.00,0.00
2011.05.25 04:57:05.792,15.24027,15.24473,0.00,0.00
2011.05.25 04:57:13.990,15.23984,15.2448,0.00,0.00
2011.05.25 04:57:14.509,15.23975,15.24455,0.00,0.00
2011.05.25 04:57:15.080,15.23958,15.24438,0.00,0.00
2011.05.25 04:57:16.919,15.23944,15.2442,0.00,0.00
2011.05.25 04:57:19.791,15.23956,15.24382,0.00,0.00
2011.05.25 04:57:42.870,15.23939,15.24387,0.00,0.00
2011.05.25 04:57:45.500,15.23916,15.24396,0.00,0.00
2011.05.25 04:57:45.611,15.23905,15.24345,0.00,0.00
2011.05.25 04:57:45.721,15.23847,15.24327,0.00,0.00
2011.05.25 04:57:46.290,15.23848,15.24288,0.00,0.00
2011.05.25 04:57:49.044,15.23829,15.24299,0.00,0.00
2011.05.25 04:57:51.849,15.23854,15.24302,0.00,0.00
2011.05.25 04:57:55.780,15.23893,15.24329,0.00,0.00
2011.05.25 04:57:55.891,15.2392,15.2436,0.00,0.00
2011.05.25 04:57:55.999,15.23913,15.24393,0.00,0.00
2011.05.25 04:57:58.151,15.23921,15.24371,0.00,0.00
2011.05.25 04:57:58.384,15.23883,15.24373,0.00,0.00
2011.05.25 04:57:58.730,15.23859,15.24369,0.00,0.00
2011.05.25 04:57:58.974,15.23874,15.24344,0.00,0.00
2011.05.25 04:58:00.720,15.23876,15.24322,0.00,0.00
2011.05.25 04:58:02.322,15.23844,15.24332,0.00,0.00
2011.05.25 04:58:02.466,15.23836,15.24316,0.00,0.00
2011.05.25 04:58:03.731,15.23849,15.24287,0.00,0.00
2011.05.25 04:58:05.720,15.23855,15.24273,0.00,0.00
2011.05.25 04:58:07.369,15.23841,15.24277,0.00,0.00
2011.05.25 04:58:07.589,15.23835,15.24283,0.00,0.00
2011.05.25 04:58:11.260,15.23856,15.24282,0.00,0.00
2011.05.25 04:58:12.030,15.23883,15.2428,0.00,0.00
2011.05.25 04:58:13.744,15.23917,15.24265,0.00,0.00
2011.05.25 04:58:13.960,15.23902,15.24298,0.00,0.00
2011.05.25 04:58:14.069,15.23873,15.24369,0.00,0.00
2011.05.25 04:58:14.459,15.23897,15.24373,0.00,0.00
2011.05.25 04:58:18.712,15.23923,15.24377,0.00,0.00
2011.05.25 04:58:22.929,15.23953,15.24401,0.00,0.00
2011.05.25 04:58:24.261,15.24022,15.24432,0.00,0.00
2011.05.25 04:58:24.481,15.24054,15.24494,0.00,0.00
2011.05.25 04:58:25.739,15.24079,15.24527,0.00,0.00
2011.05.25 04:58:27.211,15.24132,15.24529,0.00,0.00
2011.05.25 04:58:27.539,15.24173,15.24533,0.00,0.00
2011.05.25 04:58:27.650,15.24162,15.24559,0.00,0.00
2011.05.25 04:58:28.360,15.24128,15.24574,0.00,0.00
2011.05.25 04:58:29.507,15.24102,15.2458,0.00,0.00
2011.05.25 04:58:29.619,15.24095,15.24565,0.00,0.00
2011.05.25 04:58:29.729,15.24076,15.24552,0.00,0.00
2011.05.25 04:58:29.839,15.24051,15.24551,0.00,0.00
2011.05.25 04:58:30.730,15.24053,15.24529,0.00,0.00
2011.05.25 04:58:31.129,15.24043,15.24513,0.00,0.00
2011.05.25 04:58:32.831,15.24047,15.24475,0.00,0.00
2011.05.25 04:58:36.781,15.24057,15.24433,0.00,0.00
2011.05.25 04:58:55.700,15.2404,15.24437,0.00,0.00
2011.05.25 04:58:59.159,15.24058,15.24434,0.00,0.00
2011.05.25 04:59:01.739,15.24099,15.24457,0.00,0.00
2011.05.25 04:59:09.731,15.24101,15.24531,0.00,0.00
2011.05.25 04:59:09.950,15.24098,15.24576,0.00,0.00
2011.05.25 04:59:10.060,15.24135,15.24593,0.00,0.00
2011.05.25 04:59:10.391,15.24174,15.2462,0.00,0.00
2011.05.25 04:59:10.719,15.24227,15.24624,0.00,0.00
2011.05.25 04:59:11.186,15.24279,15.24625,0.00,0.00
2011.05.25 04:59:11.960,15.24277,15.24674,0.00,0.00
2011.05.25 04:59:12.500,15.24315,15.24671,0.00,0.00
2011.05.25 04:59:14.060,15.24337,15.24674,0.00,0.00
2011.05.25 04:59:16.150,15.2435,15.24667,0.00,0.00
2011.05.25 04:59:17.132,15.24323,15.24659,0.00,0.00
2011.05.25 04:59:17.350,15.24247,15.24683,0.00,0.00
2011.05.25 04:59:17.899,15.24209,15.24677,0.00,0.00
2011.05.25 04:59:21.751,15.24213,15.2463,0.00,0.00
2011.05.25 04:59:25.920,15.2418,15.24628,0.00,0.00
2011.05.25 04:59:29.773,15.24196,15.24592,0.00,0.00
2011.05.25 04:59:30.923,15.24217,15.24583,0.00,0.00
2011.05.25 04:59:36.280,15.24243,15.24591,0.00,0.00
2011.05.25 04:59:36.499,15.24212,15.2466,0.00,0.00
2011.05.25 04:59:36.813,15.24212,15.24678,0.00,0.00
2011.05.25 04:59:37.030,15.24225,15.24661,0.00,0.00
2011.05.25 04:59:39.810,15.24238,15.24624,0.00,0.00
2011.05.25 04:59:53.629,15.24204,15.24642,0.00,0.00
2011.05.25 04:59:56.031,15.24184,15.24674,0.00,0.00
2011.05.25 04:59:56.480,15.24199,15.24677,0.00,0.00
2011.05.25 04:59:56.989,15.24214,15.24662,0.00,0.00
