2011.09.28 07:00:00.148,16.51629,16.52027,0.00,0.00
2011.09.28 07:00:00.758,16.51385,16.52025,0.00,0.00
2011.09.28 07:00:00.887,16.5123,16.5197,0.00,0.00
2011.09.28 07:00:01.115,16.51266,16.51906,0.00,0.00
2011.09.28 07:00:01.880,16.51297,16.51937,0.00,0.00
2011.09.28 07:00:02.420,16.51411,16.51907,0.00,0.00
2011.09.28 07:00:02.546,16.51422,16.5197,0.00,0.00
2011.09.28 07:00:02.658,16.51437,16.52033,0.00,0.00
2011.09.28 07:00:02.771,16.51449,16.52089,0.00,0.00
2011.09.28 07:00:04.458,16.51494,16.52092,0.00,0.00
2011.09.28 07:00:04.790,16.51541,16.52109,0.00,0.00
2011.09.28 07:00:05.133,16.51583,16.52129,0.00,0.00
2011.09.28 07:00:05.448,16.51668,16.52116,0.00,0.00
2011.09.28 07:00:06.440,16.51719,16.52116,0.00,0.00
2011.09.28 07:00:07.059,16.51704,16.52102,0.00,0.00
2011.09.28 07:00:07.278,16.51619,16.52115,0.00,0.00
2011.09.28 07:00:07.519,16.51589,16.52135,0.00,0.00
2011.09.28 07:00:08.201,16.51625,16.52121,0.00,0.00
2011.09.28 07:00:09.451,16.51656,16.52104,0.00,0.00
2011.09.28 07:00:09.772,16.51686,16.52082,0.00,0.00
2011.09.28 07:00:10.111,16.51727,16.52075,0.00,0.00
2011.09.28 07:00:10.612,16.51722,16.52118,0.00,0.00
2011.09.28 07:00:11.363,16.51751,16.52097,0.00,0.00
2011.09.28 07:00:11.483,16.51692,16.52089,0.00,0.00
2011.09.28 07:00:11.600,16.51592,16.51986,0.00,0.00
2011.09.28 07:00:12.360,16.51357,16.51997,0.00,0.00
2011.09.28 07:00:13.165,16.51398,16.51946,0.00,0.00
2011.09.28 07:00:13.502,16.5156,16.5186,0.00,0.00
2011.09.28 07:00:13.726,16.51448,16.51995,0.00,0.00
2011.09.28 07:00:14.311,16.51504,16.52028,0.00,0.00
2011.09.28 07:00:14.553,16.51562,16.52036,0.00,0.00
2011.09.28 07:00:14.669,16.51575,16.52071,0.00,0.00
2011.09.28 07:00:15.924,16.51623,16.52071,0.00,0.00
2011.09.28 07:00:17.075,16.51675,16.52072,0.00,0.00
2011.09.28 07:00:17.841,16.51714,16.5206,0.00,0.00
2011.09.28 07:00:18.888,16.51674,16.52018,0.00,0.00
2011.09.28 07:00:21.849,16.51543,16.51991,0.00,0.00
2011.09.28 07:00:22.068,16.51531,16.51879,0.00,0.00
2011.09.28 07:00:22.310,16.51368,16.51864,0.00,0.00
2011.09.28 07:00:22.761,16.51287,16.51783,0.00,0.00
2011.09.28 07:00:23.956,16.51214,16.51854,0.00,0.00
2011.09.28 07:00:24.542,16.51431,16.51731,0.00,0.00
2011.09.28 07:00:24.772,16.51388,16.51712,0.00,0.00
2011.09.28 07:00:24.892,16.51259,16.51657,0.00,0.00
2011.09.28 07:00:25.011,16.51068,16.51666,0.00,0.00
2011.09.28 07:00:26.630,16.51065,16.51633,0.00,0.00
2011.09.28 07:00:29.860,16.51137,16.51633,0.00,0.00
2011.09.28 07:00:30.561,16.51269,16.51615,0.00,0.00
2011.09.28 07:00:31.271,16.51257,16.51654,0.00,0.00
2011.09.28 07:00:31.391,16.51257,16.51632,0.00,0.00
2011.09.28 07:00:31.621,16.51166,16.51664,0.00,0.00
2011.09.28 07:00:31.739,16.51229,16.51529,0.00,0.00
2011.09.28 07:00:31.850,16.51168,16.51515,0.00,0.00
2011.09.28 07:00:32.304,16.51128,16.51475,0.00,0.00
2011.09.28 07:00:32.704,16.51088,16.51434,0.00,0.00
2011.09.28 07:00:33.530,16.51048,16.51396,0.00,0.00
2011.09.28 07:00:35.964,16.50959,16.51407,0.00,0.00
2011.09.28 07:00:37.050,16.50823,16.51463,0.00,0.00
2011.09.28 07:00:37.453,16.50805,16.51403,0.00,0.00
2011.09.28 07:00:37.791,16.50914,16.51214,0.00,0.00
2011.09.28 07:00:40.252,16.50776,16.51273,0.00,0.00
2011.09.28 07:00:40.370,16.50743,16.51227,0.00,0.00
2011.09.28 07:00:40.491,16.50607,16.51284,0.00,0.00
2011.09.28 07:00:40.609,16.50707,16.51103,0.00,0.00
2011.09.28 07:00:41.011,16.50642,16.5109,0.00,0.00
2011.09.28 07:00:41.229,16.50628,16.51026,0.00,0.00
2011.09.28 07:00:41.560,16.50613,16.50961,0.00,0.00
2011.09.28 07:00:41.899,16.50499,16.50995,0.00,0.00
2011.09.28 07:00:42.119,16.50557,16.50857,0.00,0.00
2011.09.28 07:00:42.477,16.50494,16.50841,0.00,0.00
2011.09.28 07:00:42.698,16.5039,16.50865,0.00,0.00
2011.09.28 07:00:42.920,16.50304,16.50872,0.00,0.00
2011.09.28 07:00:43.850,16.50276,16.50794,0.00,0.00
2011.09.28 07:00:44.536,16.50183,16.50681,0.00,0.00
2011.09.28 07:00:46.423,16.50069,16.50517,0.00,0.00
2011.09.28 07:00:46.898,16.50001,16.50355,0.00,0.00
2011.09.28 07:00:47.229,16.49775,16.50415,0.00,0.00
2011.09.28 07:00:47.561,16.49886,16.50186,0.00,0.00
2011.09.28 07:00:48.269,16.49691,16.50238,0.00,0.00
2011.09.28 07:00:49.149,16.49704,16.50202,0.00,0.00
2011.09.28 07:00:49.961,16.49773,16.50171,0.00,0.00
2011.09.28 07:00:52.425,16.49822,16.5017,0.00,0.00
2011.09.28 07:00:52.801,16.49827,16.50224,0.00,0.00
2011.09.28 07:00:54.015,16.49887,16.50235,0.00,0.00
2011.09.28 07:00:54.452,16.49894,16.50291,0.00,0.00
2011.09.28 07:00:55.149,16.49928,16.50276,0.00,0.00
2011.09.28 07:00:55.378,16.49909,16.50305,0.00,0.00
2011.09.28 07:00:55.488,16.49887,16.50333,0.00,0.00
2011.09.28 07:00:55.601,16.4988,16.50376,0.00,0.00
2011.09.28 07:00:55.973,16.49913,16.50437,0.00,0.00
2011.09.28 07:00:56.092,16.49928,16.50568,0.00,0.00
2011.09.28 07:00:56.647,16.49976,16.50616,0.00,0.00
2011.09.28 07:00:57.009,16.49989,16.50629,0.00,0.00
2011.09.28 07:00:57.352,16.50065,16.50561,0.00,0.00
2011.09.28 07:00:58.552,16.50088,16.50434,0.00,0.00
2011.09.28 07:00:59.897,16.49843,16.50483,0.00,0.00
2011.09.28 07:01:00.322,16.49812,16.50452,0.00,0.00
2011.09.28 07:01:00.741,16.49976,16.50374,0.00,0.00
2011.09.28 07:01:02.002,16.5003,16.50376,0.00,0.00
2011.09.28 07:01:03.168,16.49991,16.50439,0.00,0.00
2011.09.28 07:01:03.279,16.50045,16.50391,0.00,0.00
2011.09.28 07:01:03.959,16.50018,16.50442,0.00,0.00
2011.09.28 07:01:04.179,16.50009,16.50457,0.00,0.00
2011.09.28 07:01:04.288,16.50041,16.50437,0.00,0.00
2011.09.28 07:01:05.260,16.50042,16.5049,0.00,0.00
2011.09.28 07:01:05.495,16.50095,16.50491,0.00,0.00
2011.09.28 07:01:08.550,16.50132,16.5048,0.00,0.00
2011.09.28 07:01:08.979,16.50123,16.50519,0.00,0.00
2011.09.28 07:01:09.164,16.50096,16.50542,0.00,0.00
2011.09.28 07:01:10.580,16.50083,16.5048,0.00,0.00
2011.09.28 07:01:10.919,16.4996,16.50578,0.00,0.00
2011.09.28 07:01:11.030,16.50141,16.50485,0.00,0.00
2011.09.28 07:01:11.152,16.50176,16.50522,0.00,0.00
2011.09.28 07:01:12.642,16.50207,16.50541,0.00,0.00
2011.09.28 07:01:13.323,16.50217,16.50551,0.00,0.00
2011.09.28 07:01:13.438,16.50206,16.50554,0.00,0.00
2011.09.28 07:01:13.878,16.50197,16.50545,0.00,0.00
2011.09.28 07:01:14.449,16.50145,16.50541,0.00,0.00
2011.09.28 07:01:14.569,16.50014,16.50654,0.00,0.00
2011.09.28 07:01:15.580,16.50187,16.50601,0.00,0.00
2011.09.28 07:01:15.689,16.50213,16.50661,0.00,0.00
2011.09.28 07:01:16.271,16.50258,16.50656,0.00,0.00
2011.09.28 07:01:17.203,16.50263,16.50611,0.00,0.00
2011.09.28 07:01:17.600,16.50121,16.50689,0.00,0.00
2011.09.28 07:01:17.719,16.50202,16.50548,0.00,0.00
2011.09.28 07:01:18.640,16.50042,16.5056,0.00,0.00
2011.09.28 07:01:19.222,16.50061,16.50459,0.00,0.00
2011.09.28 07:01:19.344,16.50089,16.50437,0.00,0.00
2011.09.28 07:01:21.439,16.49925,16.50565,0.00,0.00
2011.09.28 07:01:21.550,16.49884,16.50522,0.00,0.00
2011.09.28 07:01:22.368,16.49826,16.50424,0.00,0.00
2011.09.28 07:01:22.480,16.49754,16.50352,0.00,0.00
2011.09.28 07:01:23.199,16.49798,16.50296,0.00,0.00
2011.09.28 07:01:23.941,16.49868,16.50266,0.00,0.00
2011.09.28 07:01:24.299,16.49855,16.50303,0.00,0.00
2011.09.28 07:01:24.408,16.49797,16.50393,0.00,0.00
2011.09.28 07:01:25.938,16.4988,16.50376,0.00,0.00
2011.09.28 07:01:26.916,16.49961,16.50357,0.00,0.00
2011.09.28 07:01:27.580,16.49947,16.50394,0.00,0.00
2011.09.28 07:01:27.701,16.50007,16.50353,0.00,0.00
2011.09.28 07:01:28.038,16.49994,16.5039,0.00,0.00
2011.09.28 07:01:28.149,16.50007,16.50355,0.00,0.00
2011.09.28 07:01:28.519,16.4995,16.50396,0.00,0.00
2011.09.28 07:01:28.629,16.49952,16.50448,0.00,0.00
2011.09.28 07:01:28.850,16.49978,16.50525,0.00,0.00
2011.09.28 07:01:30.021,16.50053,16.50549,0.00,0.00
2011.09.28 07:01:30.919,16.501,16.50546,0.00,0.00
2011.09.28 07:01:31.675,16.50135,16.50531,0.00,0.00
2011.09.28 07:01:32.075,16.50121,16.50569,0.00,0.00
2011.09.28 07:01:32.194,16.50159,16.50556,0.00,0.00
2011.09.28 07:01:32.311,16.50152,16.50648,0.00,0.00
2011.09.28 07:01:32.960,16.50236,16.5074,0.00,0.00
2011.09.28 07:01:33.081,16.50222,16.5089,0.00,0.00
2011.09.28 07:01:33.198,16.50212,16.50947,0.00,0.00
2011.09.28 07:01:33.307,16.5028,16.50898,0.00,0.00
2011.09.28 07:01:34.093,16.50362,16.50958,0.00,0.00
2011.09.28 07:01:34.428,16.50621,16.50949,0.00,0.00
2011.09.28 07:01:34.649,16.50545,16.51241,0.00,0.00
2011.09.28 07:01:34.870,16.50679,16.51297,0.00,0.00
2011.09.28 07:01:35.208,16.50724,16.51422,0.00,0.00
2011.09.28 07:01:35.582,16.50774,16.5144,0.00,0.00
2011.09.28 07:01:36.005,16.50863,16.51359,0.00,0.00
2011.09.28 07:01:38.735,16.5089,16.51336,0.00,0.00
2011.09.28 07:01:39.177,16.5088,16.51376,0.00,0.00
2011.09.28 07:01:39.288,16.50879,16.51427,0.00,0.00
2011.09.28 07:01:39.398,16.50946,16.51394,0.00,0.00
2011.09.28 07:01:39.739,16.5096,16.51356,0.00,0.00
2011.09.28 07:01:40.069,16.50942,16.5129,0.00,0.00
2011.09.28 07:01:40.550,16.50787,16.51334,0.00,0.00
2011.09.28 07:01:41.570,16.50802,16.5125,0.00,0.00
2011.09.28 07:01:41.690,16.50768,16.51266,0.00,0.00
2011.09.28 07:01:43.113,16.50801,16.51248,0.00,0.00
2011.09.28 07:01:43.907,16.50891,16.51237,0.00,0.00
2011.09.28 07:01:44.421,16.50869,16.51366,0.00,0.00
2011.09.28 07:01:44.547,16.50865,16.51461,0.00,0.00
2011.09.28 07:01:45.641,16.50884,16.51524,0.00,0.00
2011.09.28 07:01:45.761,16.50975,16.51523,0.00,0.00
2011.09.28 07:01:45.878,16.50969,16.51609,0.00,0.00
2011.09.28 07:01:46.935,16.51021,16.51619,0.00,0.00
2011.09.28 07:01:47.158,16.51032,16.51672,0.00,0.00
2011.09.28 07:01:47.822,16.51146,16.51642,0.00,0.00
2011.09.28 07:01:48.721,16.51137,16.51733,0.00,0.00
2011.09.28 07:01:49.059,16.51246,16.51694,0.00,0.00
2011.09.28 07:01:49.389,16.51268,16.51816,0.00,0.00
2011.09.28 07:01:50.301,16.51318,16.51936,0.00,0.00
2011.09.28 07:01:51.871,16.51416,16.51963,0.00,0.00
2011.09.28 07:01:53.373,16.51511,16.51959,0.00,0.00
2011.09.28 07:01:53.928,16.5157,16.51966,0.00,0.00
2011.09.28 07:01:54.253,16.51619,16.51965,0.00,0.00
2011.09.28 07:01:54.370,16.51607,16.52004,0.00,0.00
2011.09.28 07:01:54.491,16.51638,16.51984,0.00,0.00
2011.09.28 07:01:55.204,16.51578,16.52026,0.00,0.00
2011.09.28 07:01:55.858,16.51456,16.52096,0.00,0.00
2011.09.28 07:01:56.086,16.51462,16.5208,0.00,0.00
2011.09.28 07:01:56.453,16.51484,16.52082,0.00,0.00
2011.09.28 07:01:56.942,16.51495,16.52135,0.00,0.00
2011.09.28 07:01:57.688,16.51549,16.52167,0.00,0.00
2011.09.28 07:01:57.912,16.5158,16.52218,0.00,0.00
2011.09.28 07:01:58.029,16.51636,16.52243,0.00,0.00
2011.09.28 07:01:58.142,16.5166,16.523,0.00,0.00
2011.09.28 07:01:58.263,16.51762,16.52276,0.00,0.00
2011.09.28 07:01:58.380,16.51775,16.52343,0.00,0.00
2011.09.28 07:01:58.599,16.51789,16.52407,0.00,0.00
2011.09.28 07:01:58.817,16.51855,16.52422,0.00,0.00
2011.09.28 07:01:59.770,16.51858,16.52498,0.00,0.00
2011.09.28 07:02:00.221,16.51898,16.52536,0.00,0.00
2011.09.28 07:02:00.528,16.52009,16.52505,0.00,0.00
2011.09.28 07:02:00.639,16.51999,16.52595,0.00,0.00
2011.09.28 07:02:01.269,16.52053,16.5262,0.00,0.00
2011.09.28 07:02:01.714,16.52128,16.52624,0.00,0.00
2011.09.28 07:02:02.048,16.52106,16.52746,0.00,0.00
2011.09.28 07:02:02.820,16.52178,16.52818,0.00,0.00
2011.09.28 07:02:03.158,16.52223,16.52863,0.00,0.00
2011.09.28 07:02:03.490,16.52221,16.52861,0.00,0.00
2011.09.28 07:02:03.609,16.52389,16.52737,0.00,0.00
2011.09.28 07:02:03.831,16.52404,16.52778,0.00,0.00
2011.09.28 07:02:04.689,16.52246,16.52986,0.00,0.00
2011.09.28 07:02:05.354,16.52339,16.52979,0.00,0.00
2011.09.28 07:02:05.704,16.52393,16.53033,0.00,0.00
2011.09.28 07:02:06.606,16.52378,16.53118,0.00,0.00
2011.09.28 07:02:06.938,16.52404,16.5306,0.00,0.00
2011.09.28 07:02:07.679,16.52417,16.53013,0.00,0.00
2011.09.28 07:02:08.078,16.52486,16.52984,0.00,0.00
2011.09.28 07:02:08.843,16.52554,16.52952,0.00,0.00
2011.09.28 07:02:09.897,16.52548,16.52896,0.00,0.00
2011.09.28 07:02:10.268,16.52355,16.52995,0.00,0.00
2011.09.28 07:02:10.729,16.52481,16.52877,0.00,0.00
2011.09.28 07:02:11.627,16.52475,16.52921,0.00,0.00
2011.09.28 07:02:12.225,16.52474,16.5297,0.00,0.00
2011.09.28 07:02:13.723,16.52507,16.52955,0.00,0.00
2011.09.28 07:02:14.730,16.52502,16.529,0.00,0.00
2011.09.28 07:02:15.069,16.52376,16.53016,0.00,0.00
2011.09.28 07:02:15.792,16.52563,16.53009,0.00,0.00
2011.09.28 07:02:16.209,16.52593,16.53191,0.00,0.00
2011.09.28 07:02:16.318,16.52793,16.53211,0.00,0.00
2011.09.28 07:02:16.702,16.52925,16.53319,0.00,0.00
2011.09.28 07:02:16.824,16.53003,16.53499,0.00,0.00
2011.09.28 07:02:20.483,16.53058,16.53604,0.00,0.00
2011.09.28 07:02:20.600,16.53171,16.53668,0.00,0.00
2011.09.28 07:02:20.828,16.53199,16.53839,0.00,0.00
2011.09.28 07:02:23.224,16.53236,16.53976,0.00,0.00
2011.09.28 07:02:25.150,16.53363,16.54003,0.00,0.00
2011.09.28 07:02:25.488,16.53421,16.54061,0.00,0.00
2011.09.28 07:02:25.932,16.53466,16.54106,0.00,0.00
2011.09.28 07:02:26.408,16.5352,16.54147,0.00,0.00
2011.09.28 07:02:26.519,16.53573,16.54213,0.00,0.00
2011.09.28 07:02:26.742,16.5362,16.5426,0.00,0.00
2011.09.28 07:02:27.286,16.53593,16.54333,0.00,0.00
2011.09.28 07:02:27.728,16.53642,16.54282,0.00,0.00
2011.09.28 07:02:30.235,16.53656,16.54254,0.00,0.00
2011.09.28 07:02:30.538,16.53639,16.54187,0.00,0.00
2011.09.28 07:02:30.880,16.5362,16.54016,0.00,0.00
2011.09.28 07:02:31.110,16.53493,16.53941,0.00,0.00
2011.09.28 07:02:31.339,16.53457,16.53853,0.00,0.00
2011.09.28 07:02:31.561,16.53312,16.53908,0.00,0.00
2011.09.28 07:02:31.791,16.53319,16.53865,0.00,0.00
2011.09.28 07:02:32.380,16.53319,16.53815,0.00,0.00
2011.09.28 07:02:32.851,16.53302,16.53698,0.00,0.00
2011.09.28 07:02:32.978,16.5309,16.53686,0.00,0.00
2011.09.28 07:02:33.087,16.52899,16.53697,0.00,0.00
2011.09.28 07:02:33.309,16.53034,16.5343,0.00,0.00
2011.09.28 07:02:38.681,16.52994,16.5339,0.00,0.00
2011.09.28 07:02:46.008,16.52976,16.53373,0.00,0.00
2011.09.28 07:02:46.122,16.53006,16.53352,0.00,0.00
2011.09.28 07:02:47.534,16.52985,16.53383,0.00,0.00
2011.09.28 07:02:49.882,16.52849,16.53445,0.00,0.00
2011.09.28 07:02:49.998,16.52876,16.53273,0.00,0.00
2011.09.28 07:02:50.330,16.52784,16.5313,0.00,0.00
2011.09.28 07:02:50.560,16.52631,16.52953,0.00,0.00
2011.09.28 07:02:50.790,16.52368,16.5299,0.00,0.00
2011.09.28 07:02:50.908,16.5238,16.52902,0.00,0.00
2011.09.28 07:02:51.021,16.5237,16.52854,0.00,0.00
2011.09.28 07:02:52.163,16.52323,16.52795,0.00,0.00
2011.09.28 07:02:52.507,16.52298,16.52672,0.00,0.00
2011.09.28 07:02:52.730,16.52199,16.52673,0.00,0.00
2011.09.28 07:02:52.850,16.52159,16.52643,0.00,0.00
2011.09.28 07:02:53.407,16.52175,16.52549,0.00,0.00
2011.09.28 07:02:53.522,16.52107,16.52581,0.00,0.00
2011.09.28 07:02:53.972,16.52104,16.52628,0.00,0.00
2011.09.28 07:02:54.090,16.52232,16.52556,0.00,0.00
2011.09.28 07:02:54.513,16.52192,16.52616,0.00,0.00
2011.09.28 07:02:54.626,16.52111,16.52659,0.00,0.00
2011.09.28 07:02:54.848,16.52124,16.5247,0.00,0.00
2011.09.28 07:02:55.177,16.51923,16.52471,0.00,0.00
2011.09.28 07:02:55.919,16.51946,16.52392,0.00,0.00
2011.09.28 07:02:56.668,16.52032,16.52378,0.00,0.00
2011.09.28 07:02:59.619,16.52048,16.52444,0.00,0.00
2011.09.28 07:03:00.873,16.52123,16.52471,0.00,0.00
2011.09.28 07:03:00.991,16.52096,16.5269,0.00,0.00
2011.09.28 07:03:01.113,16.52233,16.52747,0.00,0.00
2011.09.28 07:03:01.450,16.52336,16.52792,0.00,0.00
2011.09.28 07:03:01.680,16.52306,16.52946,0.00,0.00
2011.09.28 07:03:03.650,16.52368,16.52966,0.00,0.00
2011.09.28 07:03:05.100,16.52385,16.53025,0.00,0.00
2011.09.28 07:03:05.223,16.52486,16.53033,0.00,0.00
2011.09.28 07:03:05.558,16.52624,16.53102,0.00,0.00
2011.09.28 07:03:05.778,16.52719,16.53267,0.00,0.00
2011.09.28 07:03:06.729,16.52751,16.53391,0.00,0.00
2011.09.28 07:03:08.982,16.52824,16.5342,0.00,0.00
2011.09.28 07:03:09.940,16.52913,16.53411,0.00,0.00
2011.09.28 07:03:11.028,16.5297,16.53418,0.00,0.00
2011.09.28 07:03:11.924,16.53026,16.53422,0.00,0.00
2011.09.28 07:03:13.152,16.53085,16.53433,0.00,0.00
2011.09.28 07:03:18.523,16.53084,16.53481,0.00,0.00
2011.09.28 07:03:25.122,16.53008,16.53504,0.00,0.00
2011.09.28 07:03:25.669,16.52958,16.53394,0.00,0.00
2011.09.28 07:03:25.890,16.5289,16.53334,0.00,0.00
2011.09.28 07:03:26.009,16.52894,16.5339,0.00,0.00
2011.09.28 07:03:26.405,16.52949,16.53525,0.00,0.00
2011.09.28 07:03:26.521,16.53044,16.5364,0.00,0.00
2011.09.28 07:03:26.752,16.53093,16.53651,0.00,0.00
2011.09.28 07:03:27.208,16.5312,16.53596,0.00,0.00
2011.09.28 07:03:27.321,16.53067,16.53594,0.00,0.00
2011.09.28 07:03:27.440,16.52986,16.5372,0.00,0.00
2011.09.28 07:03:27.561,16.52938,16.53945,0.00,0.00
2011.09.28 07:03:27.902,16.53168,16.53808,0.00,0.00
2011.09.28 07:03:28.235,16.5315,16.5379,0.00,0.00
2011.09.28 07:03:28.457,16.53075,16.53773,0.00,0.00
2011.09.28 07:03:29.229,16.53104,16.53688,0.00,0.00
2011.09.28 07:03:30.018,16.53081,16.53705,0.00,0.00
2011.09.28 07:03:31.910,16.53105,16.53679,0.00,0.00
2011.09.28 07:03:32.480,16.53143,16.53637,0.00,0.00
2011.09.28 07:03:33.024,16.5318,16.53624,0.00,0.00
2011.09.28 07:03:33.919,16.53196,16.5362,0.00,0.00
2011.09.28 07:03:34.030,16.53149,16.53667,0.00,0.00
2011.09.28 07:03:34.452,16.53193,16.53667,0.00,0.00
2011.09.28 07:03:34.576,16.53172,16.5375,0.00,0.00
2011.09.28 07:03:34.800,16.53163,16.53799,0.00,0.00
2011.09.28 07:03:35.007,16.53195,16.53793,0.00,0.00
2011.09.28 07:03:37.502,16.53248,16.53752,0.00,0.00
2011.09.28 07:03:37.860,16.5323,16.53704,0.00,0.00
2011.09.28 07:03:38.232,16.53165,16.53679,0.00,0.00
2011.09.28 07:03:38.349,16.53158,16.53622,0.00,0.00
2011.09.28 07:03:39.062,16.53115,16.53529,0.00,0.00
2011.09.28 07:03:39.569,16.53066,16.53394,0.00,0.00
2011.09.28 07:03:39.916,16.52691,16.53639,0.00,0.00
2011.09.28 07:03:40.248,16.52799,16.53439,0.00,0.00
2011.09.28 07:03:40.359,16.52756,16.53396,0.00,0.00
2011.09.28 07:03:40.581,16.52715,16.53355,0.00,0.00
2011.09.28 07:03:41.198,16.52676,16.53316,0.00,0.00
2011.09.28 07:03:41.539,16.52589,16.53327,0.00,0.00
2011.09.28 07:03:43.628,16.52598,16.53238,0.00,0.00
2011.09.28 07:03:44.336,16.52679,16.53076,0.00,0.00
2011.09.28 07:03:44.558,16.52518,16.53158,0.00,0.00
2011.09.28 07:03:46.059,16.52478,16.53118,0.00,0.00
2011.09.28 07:03:46.978,16.52582,16.52936,0.00,0.00
2011.09.28 07:03:47.334,16.52399,16.53039,0.00,0.00
2011.09.28 07:03:47.943,16.52481,16.52877,0.00,0.00
2011.09.28 07:03:48.210,16.52466,16.52813,0.00,0.00
2011.09.28 07:03:48.329,16.52279,16.52919,0.00,0.00
2011.09.28 07:03:48.437,16.52292,16.52828,0.00,0.00
2011.09.28 07:03:48.655,16.52201,16.52841,0.00,0.00
2011.09.28 07:03:48.764,16.52161,16.52801,0.00,0.00
2011.09.28 07:03:49.096,16.52144,16.5274,0.00,0.00
2011.09.28 07:03:50.053,16.52104,16.527,0.00,0.00
2011.09.28 07:03:50.797,16.52137,16.52585,0.00,0.00
2011.09.28 07:03:51.729,16.52123,16.5252,0.00,0.00
2011.09.28 07:03:52.062,16.52083,16.5248,0.00,0.00
2011.09.28 07:03:52.834,16.52043,16.52439,0.00,0.00
2011.09.28 07:03:54.249,16.52004,16.524,0.00,0.00
2011.09.28 07:03:54.468,16.51865,16.52461,0.00,0.00
2011.09.28 07:03:55.139,16.51924,16.5232,0.00,0.00
2011.09.28 07:03:55.591,16.51834,16.5233,0.00,0.00
2011.09.28 07:03:56.913,16.5182,16.52266,0.00,0.00
2011.09.28 07:03:58.383,16.51805,16.52202,0.00,0.00
2011.09.28 07:03:58.708,16.51787,16.52141,0.00,0.00
2011.09.28 07:03:59.096,16.5159,16.5223,0.00,0.00
2011.09.28 07:03:59.430,16.51589,16.52035,0.00,0.00
2011.09.28 07:04:02.120,16.51406,16.52004,0.00,0.00
2011.09.28 07:04:02.413,16.51387,16.51934,0.00,0.00
2011.09.28 07:04:03.667,16.51356,16.51954,0.00,0.00
2011.09.28 07:04:03.943,16.5143,16.51926,0.00,0.00
2011.09.28 07:04:05.682,16.51146,16.5228,0.00,0.00
2011.09.28 07:04:06.018,16.51344,16.52158,0.00,0.00
2011.09.28 07:04:06.127,16.51432,16.52148,0.00,0.00
2011.09.28 07:04:06.456,16.5151,16.5215,0.00,0.00
2011.09.28 07:04:06.790,16.51632,16.52108,0.00,0.00
2011.09.28 07:04:06.907,16.51589,16.52229,0.00,0.00
2011.09.28 07:04:08.000,16.5164,16.52257,0.00,0.00
2011.09.28 07:04:08.229,16.51668,16.52308,0.00,0.00
2011.09.28 07:04:10.180,16.51753,16.523,0.00,0.00
2011.09.28 07:04:10.940,16.51747,16.52387,0.00,0.00
2011.09.28 07:04:11.049,16.51858,16.52354,0.00,0.00
2011.09.28 07:04:12.260,16.51947,16.52343,0.00,0.00
2011.09.28 07:04:12.490,16.51865,16.52505,0.00,0.00
2011.09.28 07:04:14.199,16.51905,16.52545,0.00,0.00
2011.09.28 07:04:15.209,16.51981,16.52549,0.00,0.00
2011.09.28 07:04:15.320,16.51985,16.52624,0.00,0.00
2011.09.28 07:04:17.054,16.52072,16.52619,0.00,0.00
2011.09.28 07:04:17.169,16.52064,16.52704,0.00,0.00
2011.09.28 07:04:17.280,16.52104,16.52742,0.00,0.00
2011.09.28 07:04:17.398,16.52143,16.52783,0.00,0.00
2011.09.28 07:04:17.759,16.52184,16.5282,0.00,0.00
2011.09.28 07:04:18.086,16.52234,16.52852,0.00,0.00
2011.09.28 07:04:18.418,16.52294,16.52871,0.00,0.00
2011.09.28 07:04:18.639,16.52303,16.52943,0.00,0.00
2011.09.28 07:04:19.790,16.52364,16.5296,0.00,0.00
2011.09.28 07:04:20.131,16.52428,16.52976,0.00,0.00
2011.09.28 07:04:21.055,16.52421,16.53061,0.00,0.00
2011.09.28 07:04:22.261,16.52461,16.53101,0.00,0.00
2011.09.28 07:04:22.602,16.52501,16.53141,0.00,0.00
2011.09.28 07:04:22.832,16.52493,16.5323,0.00,0.00
2011.09.28 07:04:22.957,16.5275,16.5305,0.00,0.00
2011.09.28 07:04:23.070,16.52521,16.53358,0.00,0.00
2011.09.28 07:04:23.298,16.52566,16.53394,0.00,0.00
2011.09.28 07:04:23.628,16.52648,16.53388,0.00,0.00
2011.09.28 07:04:24.022,16.52689,16.53427,0.00,0.00
2011.09.28 07:04:24.145,16.52665,16.53529,0.00,0.00
2011.09.28 07:04:24.861,16.52753,16.53519,0.00,0.00
2011.09.28 07:04:25.197,16.52878,16.53474,0.00,0.00
2011.09.28 07:04:25.559,16.52942,16.53489,0.00,0.00
2011.09.28 07:04:26.426,16.52957,16.53554,0.00,0.00
2011.09.28 07:04:26.739,16.52963,16.53657,0.00,0.00
2011.09.28 07:04:26.858,16.5326,16.5356,0.00,0.00
2011.09.28 07:04:26.965,16.53069,16.53965,0.00,0.00
2011.09.28 07:04:27.075,16.53091,16.53966,0.00,0.00
2011.09.28 07:04:27.410,16.53223,16.53771,0.00,0.00
2011.09.28 07:04:27.983,16.53252,16.537,0.00,0.00
2011.09.28 07:04:28.500,16.53223,16.53621,0.00,0.00
2011.09.28 07:04:28.973,16.53051,16.53691,0.00,0.00
2011.09.28 07:04:29.086,16.53068,16.53708,0.00,0.00
2011.09.28 07:04:29.548,16.5311,16.5375,0.00,0.00
2011.09.28 07:04:30.017,16.53158,16.53776,0.00,0.00
2011.09.28 07:04:30.533,16.53194,16.53834,0.00,0.00
2011.09.28 07:04:31.163,16.53306,16.53802,0.00,0.00
2011.09.28 07:04:31.827,16.5334,16.53736,0.00,0.00
2011.09.28 07:04:32.498,16.5329,16.53638,0.00,0.00
2011.09.28 07:04:32.717,16.5318,16.53577,0.00,0.00
2011.09.28 07:04:41.067,16.53053,16.53571,0.00,0.00
2011.09.28 07:04:41.177,16.53103,16.53451,0.00,0.00
2011.09.28 07:04:42.774,16.52941,16.53489,0.00,0.00
2011.09.28 07:04:42.891,16.52958,16.53406,0.00,0.00
2011.09.28 07:04:44.247,16.52971,16.53368,0.00,0.00
2011.09.28 07:04:44.963,16.52957,16.53305,0.00,0.00
2011.09.28 07:04:45.309,16.52769,16.53409,0.00,0.00
2011.09.28 07:04:46.995,16.52873,16.53221,0.00,0.00
2011.09.28 07:04:47.110,16.5269,16.53226,0.00,0.00
2011.09.28 07:04:47.458,16.52608,16.53248,0.00,0.00
2011.09.28 07:04:48.263,16.52772,16.53116,0.00,0.00
2011.09.28 07:04:48.513,16.52644,16.53284,0.00,0.00
2011.09.28 07:04:48.630,16.52893,16.5323,0.00,0.00
2011.09.28 07:04:48.750,16.52824,16.53464,0.00,0.00
2011.09.28 07:04:49.751,16.52852,16.5345,0.00,0.00
2011.09.28 07:04:50.879,16.52934,16.5328,0.00,0.00
2011.09.28 07:04:51.101,16.52858,16.53304,0.00,0.00
2011.09.28 07:04:51.629,16.52785,16.53319,0.00,0.00
2011.09.28 07:04:51.739,16.52768,16.53192,0.00,0.00
2011.09.28 07:04:52.467,16.526,16.5324,0.00,0.00
2011.09.28 07:04:52.690,16.52718,16.53066,0.00,0.00
2011.09.28 07:04:52.801,16.52577,16.53124,0.00,0.00
2011.09.28 07:04:52.921,16.52636,16.53033,0.00,0.00
2011.09.28 07:04:58.561,16.52557,16.53053,0.00,0.00
2011.09.28 07:04:59.442,16.52586,16.52983,0.00,0.00
2011.09.28 07:04:59.560,16.52554,16.52951,0.00,0.00
2011.09.28 07:04:59.678,16.52572,16.5297,0.00,0.00
2011.09.28 07:05:00.613,16.52573,16.53019,0.00,0.00
2011.09.28 07:05:01.549,16.52619,16.53015,0.00,0.00
2011.09.28 07:05:02.360,16.52597,16.53043,0.00,0.00
2011.09.28 07:05:02.833,16.52647,16.52995,0.00,0.00
2011.09.28 07:05:03.461,16.52654,16.53048,0.00,0.00
2011.09.28 07:05:03.690,16.52588,16.53186,0.00,0.00
2011.09.28 07:05:04.196,16.52631,16.53178,0.00,0.00
2011.09.28 07:05:04.530,16.52676,16.53172,0.00,0.00
2011.09.28 07:05:06.390,16.52674,16.53221,0.00,0.00
2011.09.28 07:05:06.619,16.52725,16.53221,0.00,0.00
2011.09.28 07:05:08.231,16.52728,16.53275,0.00,0.00
2011.09.28 07:05:08.353,16.52745,16.53293,0.00,0.00
2011.09.28 07:05:08.661,16.52715,16.53311,0.00,0.00
2011.09.28 07:05:08.939,16.5273,16.53277,0.00,0.00
2011.09.28 07:05:09.270,16.52779,16.53227,0.00,0.00
2011.09.28 07:05:09.932,16.52839,16.53187,0.00,0.00
2011.09.28 07:05:12.932,16.52844,16.53208,0.00,0.00
2011.09.28 07:05:14.030,16.52871,16.53219,0.00,0.00
2011.09.28 07:05:14.153,16.5282,16.53366,0.00,0.00
2011.09.28 07:05:15.975,16.5292,16.53366,0.00,0.00
2011.09.28 07:05:16.735,16.53012,16.5336,0.00,0.00
2011.09.28 07:05:16.960,16.5302,16.53418,0.00,0.00
2011.09.28 07:05:17.519,16.53027,16.53475,0.00,0.00
2011.09.28 07:05:18.032,16.53001,16.53549,0.00,0.00
2011.09.28 07:05:18.150,16.53053,16.53549,0.00,0.00
2011.09.28 07:05:18.509,16.53073,16.53621,0.00,0.00
2011.09.28 07:05:18.618,16.53073,16.53713,0.00,0.00
2011.09.28 07:05:19.494,16.53142,16.53689,0.00,0.00
2011.09.28 07:05:19.933,16.53158,16.53656,0.00,0.00
2011.09.28 07:05:21.221,16.53207,16.53603,0.00,0.00
2011.09.28 07:05:21.529,16.53176,16.53672,0.00,0.00
2011.09.28 07:05:21.640,16.53172,16.53726,0.00,0.00
2011.09.28 07:05:21.753,16.53219,16.53723,0.00,0.00
2011.09.28 07:05:21.915,16.53206,16.53753,0.00,0.00
2011.09.28 07:05:22.334,16.53231,16.53729,0.00,0.00
2011.09.28 07:05:22.670,16.53239,16.53687,0.00,0.00
2011.09.28 07:05:23.457,16.53238,16.53584,0.00,0.00
2011.09.28 07:05:24.469,16.53144,16.53612,0.00,0.00
2011.09.28 07:05:25.411,16.53186,16.53582,0.00,0.00
2011.09.28 07:05:26.269,16.53028,16.53668,0.00,0.00
2011.09.28 07:05:26.381,16.5306,16.53458,0.00,0.00
2011.09.28 07:05:27.522,16.52882,16.53522,0.00,0.00
2011.09.28 07:05:27.991,16.53025,16.53422,0.00,0.00
2011.09.28 07:05:28.112,16.52916,16.53512,0.00,0.00
2011.09.28 07:05:28.449,16.529,16.53446,0.00,0.00
2011.09.28 07:05:28.671,16.5277,16.53368,0.00,0.00
2011.09.28 07:05:29.180,16.52741,16.53089,0.00,0.00
2011.09.28 07:05:30.309,16.52509,16.53056,0.00,0.00
2011.09.28 07:05:30.638,16.52454,16.52902,0.00,0.00
2011.09.28 07:05:30.990,16.52319,16.52959,0.00,0.00
2011.09.28 07:05:31.098,16.52464,16.52862,0.00,0.00
2011.09.28 07:05:31.210,16.5245,16.52796,0.00,0.00
2011.09.28 07:05:31.329,16.52247,16.52887,0.00,0.00
2011.09.28 07:05:32.149,16.52335,16.52831,0.00,0.00
2011.09.28 07:05:32.259,16.5243,16.52826,0.00,0.00
2011.09.28 07:05:33.822,16.5248,16.52826,0.00,0.00
2011.09.28 07:05:34.344,16.52492,16.52888,0.00,0.00
2011.09.28 07:05:34.571,16.52461,16.53009,0.00,0.00
2011.09.28 07:05:35.330,16.52579,16.52975,0.00,0.00
2011.09.28 07:05:35.550,16.52572,16.53068,0.00,0.00
2011.09.28 07:05:35.920,16.52547,16.53145,0.00,0.00
2011.09.28 07:05:36.359,16.52592,16.53138,0.00,0.00
2011.09.28 07:05:36.892,16.52669,16.53117,0.00,0.00
2011.09.28 07:05:38.021,16.52721,16.53119,0.00,0.00
2011.09.28 07:05:40.135,16.5277,16.53117,0.00,0.00
2011.09.28 07:05:40.341,16.52742,16.5314,0.00,0.00
2011.09.28 07:05:40.571,16.52705,16.53051,0.00,0.00
2011.09.28 07:05:42.031,16.52472,16.53112,0.00,0.00
2011.09.28 07:05:42.394,16.52539,16.52987,0.00,0.00
2011.09.28 07:05:42.493,16.52502,16.53048,0.00,0.00
2011.09.28 07:05:43.210,16.52541,16.53039,0.00,0.00
2011.09.28 07:05:44.264,16.52622,16.5302,0.00,0.00
2011.09.28 07:05:45.369,16.52695,16.53041,0.00,0.00
2011.09.28 07:05:47.199,16.52735,16.53131,0.00,0.00
2011.09.28 07:05:47.590,16.52779,16.53187,0.00,0.00
2011.09.28 07:05:47.709,16.5277,16.53284,0.00,0.00
2011.09.28 07:05:47.822,16.52769,16.53473,0.00,0.00
2011.09.28 07:05:47.939,16.52907,16.53514,0.00,0.00
2011.09.28 07:05:48.052,16.5293,16.53548,0.00,0.00
2011.09.28 07:05:48.831,16.52965,16.53533,0.00,0.00
2011.09.28 07:05:49.811,16.53006,16.53504,0.00,0.00
2011.09.28 07:05:50.160,16.53036,16.53484,0.00,0.00
2011.09.28 07:05:50.539,16.5303,16.53526,0.00,0.00
2011.09.28 07:05:50.649,16.53032,16.5358,0.00,0.00
2011.09.28 07:05:51.406,16.53017,16.53657,0.00,0.00
2011.09.28 07:05:51.524,16.53046,16.53644,0.00,0.00
2011.09.28 07:05:52.016,16.53093,16.53589,0.00,0.00
2011.09.28 07:05:52.379,16.53132,16.53578,0.00,0.00
2011.09.28 07:05:52.510,16.53134,16.5363,0.00,0.00
2011.09.28 07:05:52.731,16.53168,16.53664,0.00,0.00
2011.09.28 07:05:52.961,16.53176,16.53723,0.00,0.00
2011.09.28 07:05:53.483,16.53198,16.53796,0.00,0.00
2011.09.28 07:05:53.599,16.53349,16.53745,0.00,0.00
2011.09.28 07:05:54.381,16.53339,16.53787,0.00,0.00
2011.09.28 07:05:54.500,16.533,16.53847,0.00,0.00
2011.09.28 07:05:55.616,16.53332,16.53928,0.00,0.00
2011.09.28 07:05:55.731,16.53386,16.54026,0.00,0.00
2011.09.28 07:05:56.963,16.5345,16.54046,0.00,0.00
2011.09.28 07:05:57.191,16.53461,16.54101,0.00,0.00
2011.09.28 07:05:57.648,16.5349,16.5413,0.00,0.00
2011.09.28 07:05:58.677,16.53502,16.541,0.00,0.00
2011.09.28 07:05:58.790,16.53467,16.54107,0.00,0.00
2011.09.28 07:06:00.631,16.53528,16.54076,0.00,0.00
2011.09.28 07:06:01.410,16.53539,16.54137,0.00,0.00
2011.09.28 07:06:01.530,16.53657,16.54155,0.00,0.00
2011.09.28 07:06:02.168,16.5382,16.54168,0.00,0.00
2011.09.28 07:06:02.278,16.53747,16.54325,0.00,0.00
2011.09.28 07:06:02.741,16.53717,16.54357,0.00,0.00
2011.09.28 07:06:02.859,16.53763,16.5433,0.00,0.00
2011.09.28 07:06:02.968,16.53745,16.54363,0.00,0.00
2011.09.28 07:06:03.080,16.53776,16.54416,0.00,0.00
2011.09.28 07:06:03.601,16.539,16.54406,0.00,0.00
2011.09.28 07:06:03.834,16.53862,16.54449,0.00,0.00
2011.09.28 07:06:03.950,16.53797,16.54437,0.00,0.00
2011.09.28 07:06:04.571,16.53801,16.54389,0.00,0.00
2011.09.28 07:06:04.912,16.5376,16.54388,0.00,0.00
2011.09.28 07:06:05.142,16.53682,16.54366,0.00,0.00
2011.09.28 07:06:05.262,16.53776,16.54173,0.00,0.00
2011.09.28 07:06:05.621,16.53786,16.54134,0.00,0.00
2011.09.28 07:06:06.520,16.53721,16.54169,0.00,0.00
2011.09.28 07:06:07.319,16.53717,16.54185,0.00,0.00
2011.09.28 07:06:07.870,16.53706,16.5429,0.00,0.00
2011.09.28 07:06:07.991,16.53738,16.54236,0.00,0.00
2011.09.28 07:06:08.110,16.53615,16.54255,0.00,0.00
2011.09.28 07:06:08.228,16.53616,16.54112,0.00,0.00
2011.09.28 07:06:08.691,16.53599,16.53945,0.00,0.00
2011.09.28 07:06:09.029,16.53414,16.53962,0.00,0.00
2011.09.28 07:06:09.359,16.53445,16.53891,0.00,0.00
2011.09.28 07:06:09.579,16.53491,16.53889,0.00,0.00
2011.09.28 07:06:11.301,16.53539,16.53885,0.00,0.00
2011.09.28 07:06:11.425,16.5357,16.53968,0.00,0.00
2011.09.28 07:06:12.101,16.53534,16.5413,0.00,0.00
2011.09.28 07:06:13.935,16.53571,16.54069,0.00,0.00
2011.09.28 07:06:14.290,16.53597,16.53943,0.00,0.00
2011.09.28 07:06:14.559,16.53514,16.53988,0.00,0.00
2011.09.28 07:06:14.781,16.5344,16.53938,0.00,0.00
2011.09.28 07:06:14.901,16.53322,16.53869,0.00,0.00
2011.09.28 07:06:15.278,16.5329,16.53786,0.00,0.00
2011.09.28 07:06:15.778,16.53325,16.53723,0.00,0.00
2011.09.28 07:06:16.218,16.53319,16.53715,0.00,0.00
2011.09.28 07:06:16.329,16.53286,16.53634,0.00,0.00
2011.09.28 07:06:16.842,16.53224,16.53572,0.00,0.00
2011.09.28 07:06:17.180,16.53175,16.53571,0.00,0.00
2011.09.28 07:06:17.290,16.5318,16.53526,0.00,0.00
2011.09.28 07:06:18.140,16.53103,16.53499,0.00,0.00
2011.09.28 07:06:19.207,16.52996,16.53444,0.00,0.00
2011.09.28 07:06:19.951,16.52934,16.5348,0.00,0.00
2011.09.28 07:06:20.176,16.5307,16.53418,0.00,0.00
2011.09.28 07:06:20.399,16.53042,16.53438,0.00,0.00
2011.09.28 07:06:23.013,16.53048,16.53394,0.00,0.00
2011.09.28 07:06:23.369,16.53011,16.53409,0.00,0.00
2011.09.28 07:06:23.699,16.53003,16.53351,0.00,0.00
2011.09.28 07:06:23.811,16.52897,16.53293,0.00,0.00
2011.09.28 07:06:24.861,16.52704,16.53344,0.00,0.00
2011.09.28 07:06:24.981,16.52844,16.53192,0.00,0.00
2011.09.28 07:06:25.210,16.52665,16.53305,0.00,0.00
2011.09.28 07:06:25.750,16.52588,16.53228,0.00,0.00
2011.09.28 07:06:25.883,16.52512,16.53152,0.00,0.00
2011.09.28 07:06:26.001,16.52551,16.53097,0.00,0.00
2011.09.28 07:06:26.232,16.52531,16.53171,0.00,0.00
2011.09.28 07:06:26.350,16.52595,16.53193,0.00,0.00
2011.09.28 07:06:26.688,16.52741,16.53159,0.00,0.00
2011.09.28 07:06:26.800,16.52747,16.53245,0.00,0.00
2011.09.28 07:06:27.025,16.52718,16.53358,0.00,0.00
2011.09.28 07:06:27.134,16.5276,16.53398,0.00,0.00
2011.09.28 07:06:27.519,16.52811,16.53429,0.00,0.00
2011.09.28 07:06:27.629,16.52839,16.53479,0.00,0.00
2011.09.28 07:06:27.845,16.52879,16.53519,0.00,0.00
2011.09.28 07:06:28.231,16.52919,16.53559,0.00,0.00
2011.09.28 07:06:28.566,16.52959,16.53599,0.00,0.00
2011.09.28 07:06:28.960,16.52997,16.53639,0.00,0.00
2011.09.28 07:06:29.325,16.53038,16.53678,0.00,0.00
2011.09.28 07:06:29.656,16.53078,16.53718,0.00,0.00
2011.09.28 07:06:30.099,16.53139,16.53736,0.00,0.00
2011.09.28 07:06:30.210,16.53157,16.53797,0.00,0.00
2011.09.28 07:06:30.538,16.53197,16.53836,0.00,0.00
2011.09.28 07:06:30.868,16.53283,16.53829,0.00,0.00
2011.09.28 07:06:30.993,16.53276,16.53916,0.00,0.00
2011.09.28 07:06:31.219,16.53336,16.53934,0.00,0.00
2011.09.28 07:06:32.424,16.53355,16.53995,0.00,0.00
2011.09.28 07:06:32.542,16.53503,16.53927,0.00,0.00
2011.09.28 07:06:32.880,16.53532,16.53978,0.00,0.00
2011.09.28 07:06:34.556,16.53545,16.54043,0.00,0.00
2011.09.28 07:06:34.780,16.53611,16.54057,0.00,0.00
2011.09.28 07:06:35.253,16.53676,16.54072,0.00,0.00
2011.09.28 07:06:35.589,16.5374,16.54086,0.00,0.00
2011.09.28 07:06:36.429,16.53729,16.54177,0.00,0.00
2011.09.28 07:06:37.893,16.53821,16.54167,0.00,0.00
2011.09.28 07:06:38.010,16.53835,16.54231,0.00,0.00
2011.09.28 07:06:38.119,16.5382,16.54326,0.00,0.00
2011.09.28 07:06:38.228,16.53793,16.54432,0.00,0.00
2011.09.28 07:06:38.339,16.53878,16.54425,0.00,0.00
2011.09.28 07:06:38.669,16.53872,16.54512,0.00,0.00
2011.09.28 07:06:39.082,16.5391,16.54552,0.00,0.00
2011.09.28 07:06:39.421,16.54037,16.54533,0.00,0.00
2011.09.28 07:06:39.654,16.54112,16.5466,0.00,0.00
2011.09.28 07:06:39.888,16.54257,16.54755,0.00,0.00
2011.09.28 07:06:40.384,16.54303,16.5485,0.00,0.00
2011.09.28 07:06:40.871,16.54375,16.54871,0.00,0.00
2011.09.28 07:06:42.198,16.54366,16.54962,0.00,0.00
2011.09.28 07:06:42.650,16.54378,16.55018,0.00,0.00
2011.09.28 07:06:43.143,16.54434,16.55032,0.00,0.00
2011.09.28 07:06:43.369,16.5443,16.5507,0.00,0.00
2011.09.28 07:06:43.620,16.54496,16.54992,0.00,0.00
2011.09.28 07:06:43.948,16.54488,16.55034,0.00,0.00
2011.09.28 07:06:44.058,16.54569,16.55065,0.00,0.00
2011.09.28 07:06:45.379,16.54587,16.55205,0.00,0.00
2011.09.28 07:06:45.601,16.54609,16.55249,0.00,0.00
2011.09.28 07:06:46.048,16.54642,16.55158,0.00,0.00
2011.09.28 07:06:46.159,16.54544,16.55184,0.00,0.00
2011.09.28 07:06:46.879,16.54556,16.55154,0.00,0.00
2011.09.28 07:06:47.853,16.5463,16.55126,0.00,0.00
2011.09.28 07:06:48.080,16.54656,16.55202,0.00,0.00
2011.09.28 07:06:48.190,16.54681,16.55321,0.00,0.00
2011.09.28 07:06:48.311,16.54726,16.55366,0.00,0.00
2011.09.28 07:06:48.651,16.54874,16.5522,0.00,0.00
2011.09.28 07:06:49.208,16.54727,16.55367,0.00,0.00
2011.09.28 07:06:49.864,16.54806,16.55362,0.00,0.00
2011.09.28 07:06:49.979,16.55011,16.55329,0.00,0.00
2011.09.28 07:06:50.198,16.54778,16.55772,0.00,0.00
2011.09.28 07:06:50.309,16.55014,16.55654,0.00,0.00
2011.09.28 07:06:50.641,16.55026,16.55666,0.00,0.00
2011.09.28 07:06:50.976,16.5501,16.5565,0.00,0.00
2011.09.28 07:06:51.290,16.54999,16.55639,0.00,0.00
2011.09.28 07:06:51.670,16.5501,16.5565,0.00,0.00
2011.09.28 07:06:52.379,16.55069,16.55709,0.00,0.00
2011.09.28 07:06:53.439,16.55128,16.55768,0.00,0.00
2011.09.28 07:06:53.990,16.55245,16.55763,0.00,0.00
2011.09.28 07:06:54.511,16.55404,16.55704,0.00,0.00
2011.09.28 07:06:54.626,16.55444,16.55762,0.00,0.00
2011.09.28 07:06:54.735,16.55267,16.56007,0.00,0.00
2011.09.28 07:06:54.848,16.5544,16.55866,0.00,0.00
2011.09.28 07:06:54.959,16.55169,16.56109,0.00,0.00
2011.09.28 07:06:55.070,16.55299,16.55939,0.00,0.00
2011.09.28 07:06:55.187,16.55197,16.56054,0.00,0.00
2011.09.28 07:06:55.520,16.55335,16.55891,0.00,0.00
2011.09.28 07:06:55.641,16.55302,16.5588,0.00,0.00
2011.09.28 07:06:55.759,16.552,16.55956,0.00,0.00
2011.09.28 07:06:55.869,16.55218,16.56004,0.00,0.00
2011.09.28 07:06:56.088,16.55316,16.55956,0.00,0.00
2011.09.28 07:06:56.419,16.55271,16.55911,0.00,0.00
2011.09.28 07:06:56.749,16.55237,16.55835,0.00,0.00
2011.09.28 07:06:57.567,16.55266,16.55833,0.00,0.00
2011.09.28 07:06:57.790,16.55267,16.55907,0.00,0.00
2011.09.28 07:06:58.131,16.55303,16.55943,0.00,0.00
2011.09.28 07:06:58.697,16.55439,16.55935,0.00,0.00
2011.09.28 07:06:58.810,16.55441,16.55988,0.00,0.00
2011.09.28 07:06:59.338,16.55456,16.55954,0.00,0.00
2011.09.28 07:06:59.790,16.55413,16.56009,0.00,0.00
2011.09.28 07:07:00.010,16.55526,16.56073,0.00,0.00
2011.09.28 07:07:00.341,16.55807,16.56107,0.00,0.00
2011.09.28 07:07:00.573,16.55846,16.56342,0.00,0.00
2011.09.28 07:07:01.054,16.55854,16.56494,0.00,0.00
2011.09.28 07:07:01.380,16.55914,16.56512,0.00,0.00
2011.09.28 07:07:01.881,16.55886,16.56612,0.00,0.00
2011.09.28 07:07:02.109,16.5591,16.56586,0.00,0.00
2011.09.28 07:07:02.438,16.55903,16.56543,0.00,0.00
2011.09.28 07:07:02.548,16.55866,16.56506,0.00,0.00
2011.09.28 07:07:02.880,16.5595,16.56347,0.00,0.00
2011.09.28 07:07:03.222,16.5579,16.5643,0.00,0.00
2011.09.28 07:07:03.341,16.55834,16.56282,0.00,0.00
2011.09.28 07:07:03.577,16.55719,16.56217,0.00,0.00
2011.09.28 07:07:04.360,16.55652,16.561,0.00,0.00
2011.09.28 07:07:04.908,16.55599,16.56097,0.00,0.00
2011.09.28 07:07:05.020,16.55628,16.56075,0.00,0.00
2011.09.28 07:07:05.130,16.55602,16.56098,0.00,0.00
2011.09.28 07:07:05.238,16.55551,16.56097,0.00,0.00
2011.09.28 07:07:06.399,16.55585,16.55982,0.00,0.00
2011.09.28 07:07:06.954,16.55576,16.55924,0.00,0.00
2011.09.28 07:07:07.074,16.55523,16.55919,0.00,0.00
2011.09.28 07:07:07.325,16.55509,16.55855,0.00,0.00
2011.09.28 07:07:07.659,16.55274,16.55914,0.00,0.00
2011.09.28 07:07:08.098,16.55271,16.55669,0.00,0.00
2011.09.28 07:07:08.247,16.55116,16.55714,0.00,0.00
2011.09.28 07:07:08.840,16.55261,16.55657,0.00,0.00
2011.09.28 07:07:09.401,16.55185,16.55825,0.00,0.00
2011.09.28 07:07:09.520,16.55253,16.55871,0.00,0.00
2011.09.28 07:07:09.739,16.55339,16.55977,0.00,0.00
2011.09.28 07:07:10.009,16.55438,16.56078,0.00,0.00
2011.09.28 07:07:10.120,16.55539,16.56135,0.00,0.00
2011.09.28 07:07:10.230,16.55626,16.56266,0.00,0.00
2011.09.28 07:07:11.152,16.55685,16.56325,0.00,0.00
2011.09.28 07:07:11.489,16.5568,16.5632,0.00,0.00
2011.09.28 07:07:12.990,16.55702,16.56342,0.00,0.00
2011.09.28 07:07:13.331,16.55759,16.56399,0.00,0.00
2011.09.28 07:07:13.670,16.55837,16.56384,0.00,0.00
2011.09.28 07:07:14.171,16.55864,16.5636,0.00,0.00
2011.09.28 07:07:14.635,16.55892,16.56338,0.00,0.00
2011.09.28 07:07:16.024,16.55888,16.56386,0.00,0.00
2011.09.28 07:07:16.969,16.55869,16.56467,0.00,0.00
2011.09.28 07:07:18.063,16.55873,16.56513,0.00,0.00
2011.09.28 07:07:18.549,16.55902,16.565,0.00,0.00
2011.09.28 07:07:18.810,16.55862,16.56502,0.00,0.00
2011.09.28 07:07:19.446,16.55885,16.56432,0.00,0.00
2011.09.28 07:07:19.783,16.55969,16.56366,0.00,0.00
2011.09.28 07:07:19.898,16.5601,16.56446,0.00,0.00
2011.09.28 07:07:20.009,16.56045,16.56589,0.00,0.00
2011.09.28 07:07:20.120,16.5609,16.56658,0.00,0.00
2011.09.28 07:07:20.879,16.5609,16.56608,0.00,0.00
2011.09.28 07:07:21.210,16.56002,16.56524,0.00,0.00
2011.09.28 07:07:21.322,16.55997,16.56393,0.00,0.00
2011.09.28 07:07:21.799,16.55938,16.56434,0.00,0.00
2011.09.28 07:07:23.142,16.55926,16.56473,0.00,0.00
2011.09.28 07:07:23.374,16.55957,16.56465,0.00,0.00
2011.09.28 07:07:23.713,16.55982,16.56478,0.00,0.00
2011.09.28 07:07:23.831,16.55984,16.56531,0.00,0.00
2011.09.28 07:07:24.314,16.55975,16.56615,0.00,0.00
2011.09.28 07:07:24.431,16.56048,16.56684,0.00,0.00
2011.09.28 07:07:24.549,16.56096,16.56833,0.00,0.00
2011.09.28 07:07:24.997,16.56217,16.56855,0.00,0.00
2011.09.28 07:07:25.094,16.56276,16.56916,0.00,0.00
2011.09.28 07:07:25.210,16.56336,16.56976,0.00,0.00
2011.09.28 07:07:25.539,16.56472,16.5697,0.00,0.00
2011.09.28 07:07:25.651,16.56489,16.57087,0.00,0.00
2011.09.28 07:07:25.770,16.56544,16.57111,0.00,0.00
2011.09.28 07:07:25.883,16.56549,16.57145,0.00,0.00
2011.09.28 07:07:26.002,16.56648,16.57146,0.00,0.00
2011.09.28 07:07:26.120,16.56654,16.57202,0.00,0.00
2011.09.28 07:07:26.350,16.56724,16.5722,0.00,0.00
2011.09.28 07:07:26.875,16.56774,16.57322,0.00,0.00
2011.09.28 07:07:26.982,16.56942,16.57288,0.00,0.00
2011.09.28 07:07:27.100,16.56942,16.57338,0.00,0.00
2011.09.28 07:07:27.610,16.56958,16.57304,0.00,0.00
2011.09.28 07:07:27.962,16.56881,16.57329,0.00,0.00
2011.09.28 07:07:28.302,16.56794,16.5729,0.00,0.00
2011.09.28 07:07:29.601,16.56729,16.57177,0.00,0.00
2011.09.28 07:07:29.942,16.56729,16.57077,0.00,0.00
2011.09.28 07:07:30.279,16.56659,16.57106,0.00,0.00
2011.09.28 07:07:30.832,16.56604,16.5715,0.00,0.00
2011.09.28 07:07:31.059,16.56559,16.57157,0.00,0.00
2011.09.28 07:07:31.170,16.5664,16.57088,0.00,0.00
2011.09.28 07:07:31.399,16.56613,16.57211,0.00,0.00
2011.09.28 07:07:31.949,16.56653,16.57293,0.00,0.00
2011.09.28 07:07:32.514,16.56732,16.5735,0.00,0.00
2011.09.28 07:07:33.293,16.56823,16.57369,0.00,0.00
2011.09.28 07:07:33.519,16.56831,16.57471,0.00,0.00
2011.09.28 07:07:34.032,16.56891,16.57531,0.00,0.00
2011.09.28 07:07:34.369,16.56926,16.57566,0.00,0.00
2011.09.28 07:07:35.230,16.56917,16.57557,0.00,0.00
2011.09.28 07:07:35.561,16.56947,16.57495,0.00,0.00
2011.09.28 07:07:36.119,16.56977,16.57511,0.00,0.00
2011.09.28 07:07:36.339,16.56985,16.57625,0.00,0.00
2011.09.28 07:07:36.883,16.57028,16.57668,0.00,0.00
2011.09.28 07:07:37.219,16.57037,16.57677,0.00,0.00
2011.09.28 07:07:38.527,16.57059,16.57655,0.00,0.00
2011.09.28 07:07:39.439,16.57071,16.57617,0.00,0.00
2011.09.28 07:07:39.658,16.57037,16.57635,0.00,0.00
2011.09.28 07:07:39.772,16.57106,16.57553,0.00,0.00
2011.09.28 07:07:40.108,16.5715,16.57496,0.00,0.00
2011.09.28 07:07:41.910,16.571,16.57546,0.00,0.00
2011.09.28 07:07:42.021,16.57147,16.57495,0.00,0.00
2011.09.28 07:07:43.218,16.57084,16.5753,0.00,0.00
2011.09.28 07:07:44.574,16.57063,16.57411,0.00,0.00
2011.09.28 07:07:44.910,16.56825,16.57465,0.00,0.00
2011.09.28 07:07:45.418,16.56778,16.57365,0.00,0.00
2011.09.28 07:07:45.751,16.56656,16.57296,0.00,0.00
2011.09.28 07:07:45.871,16.56567,16.57207,0.00,0.00
2011.09.28 07:07:45.988,16.5658,16.57126,0.00,0.00
2011.09.28 07:07:46.102,16.5656,16.57056,0.00,0.00
2011.09.28 07:07:46.575,16.56575,16.56971,0.00,0.00
2011.09.28 07:07:46.697,16.56595,16.56991,0.00,0.00
2011.09.28 07:07:46.812,16.56632,16.56978,0.00,0.00
2011.09.28 07:07:47.040,16.56622,16.57018,0.00,0.00
2011.09.28 07:07:47.649,16.56598,16.57044,0.00,0.00
2011.09.28 07:07:47.868,16.56643,16.56991,0.00,0.00
2011.09.28 07:07:48.201,16.56628,16.57024,0.00,0.00
2011.09.28 07:07:48.319,16.56608,16.57056,0.00,0.00
2011.09.28 07:07:49.578,16.56636,16.57033,0.00,0.00
2011.09.28 07:07:49.681,16.56613,16.57061,0.00,0.00
2011.09.28 07:07:50.197,16.56607,16.57004,0.00,0.00
2011.09.28 07:07:51.349,16.56583,16.5698,0.00,0.00
2011.09.28 07:07:51.967,16.56622,16.56922,0.00,0.00
2011.09.28 07:07:52.083,16.56508,16.56882,0.00,0.00
2011.09.28 07:07:52.980,16.56428,16.56825,0.00,0.00
2011.09.28 07:07:53.100,16.56369,16.56816,0.00,0.00
2011.09.28 07:07:53.330,16.56346,16.56742,0.00,0.00
2011.09.28 07:07:54.036,16.56242,16.56686,0.00,0.00
2011.09.28 07:07:54.372,16.56241,16.56541,0.00,0.00
2011.09.28 07:07:54.925,16.5615,16.56498,0.00,0.00
2011.09.28 07:07:55.150,16.56057,16.56357,0.00,0.00
2011.09.28 07:07:55.491,16.55927,16.56227,0.00,0.00
2011.09.28 07:07:55.844,16.55578,16.56332,0.00,0.00
2011.09.28 07:07:56.161,16.556,16.56098,0.00,0.00
2011.09.28 07:07:56.499,16.55565,16.55963,0.00,0.00
2011.09.28 07:07:56.610,16.55406,16.56046,0.00,0.00
2011.09.28 07:07:56.719,16.55459,16.56099,0.00,0.00
2011.09.28 07:07:57.469,16.55659,16.56007,0.00,0.00
2011.09.28 07:07:57.739,16.55616,16.55962,0.00,0.00
2011.09.28 07:07:58.313,16.55416,16.56056,0.00,0.00
2011.09.28 07:07:59.054,16.55561,16.55907,0.00,0.00
2011.09.28 07:07:59.861,16.55543,16.5594,0.00,0.00
2011.09.28 07:08:01.285,16.55472,16.56044,0.00,0.00
2011.09.28 07:08:01.661,16.55409,16.56081,0.00,0.00
2011.09.28 07:08:01.779,16.55502,16.55898,0.00,0.00
2011.09.28 07:08:01.889,16.55465,16.55861,0.00,0.00
2011.09.28 07:08:01.998,16.55371,16.55867,0.00,0.00
2011.09.28 07:08:02.218,16.55388,16.55786,0.00,0.00
2011.09.28 07:08:03.190,16.55417,16.55765,0.00,0.00
2011.09.28 07:08:03.863,16.55447,16.55843,0.00,0.00
2011.09.28 07:08:03.980,16.55414,16.56001,0.00,0.00
2011.09.28 07:08:04.102,16.55499,16.55965,0.00,0.00
2011.09.28 07:08:04.709,16.55537,16.55881,0.00,0.00
2011.09.28 07:08:04.819,16.55444,16.55912,0.00,0.00
2011.09.28 07:08:05.040,16.55443,16.55889,0.00,0.00
2011.09.28 07:08:05.271,16.55425,16.55923,0.00,0.00
2011.09.28 07:08:05.389,16.55447,16.55951,0.00,0.00
2011.09.28 07:08:05.502,16.55464,16.56011,0.00,0.00
2011.09.28 07:08:06.133,16.55517,16.56013,0.00,0.00
2011.09.28 07:08:06.250,16.55514,16.56061,0.00,0.00
2011.09.28 07:08:06.479,16.55579,16.56075,0.00,0.00
2011.09.28 07:08:06.808,16.55694,16.56042,0.00,0.00
2011.09.28 07:08:07.011,16.5569,16.56038,0.00,0.00
2011.09.28 07:08:07.504,16.55663,16.5606,0.00,0.00
2011.09.28 07:08:08.480,16.55696,16.56044,0.00,0.00
2011.09.28 07:08:09.691,16.55719,16.56115,0.00,0.00
2011.09.28 07:08:10.180,16.55694,16.5627,0.00,0.00
2011.09.28 07:08:10.291,16.55728,16.56326,0.00,0.00
2011.09.28 07:08:10.409,16.55804,16.56351,0.00,0.00
2011.09.28 07:08:10.738,16.55881,16.56427,0.00,0.00
2011.09.28 07:08:11.331,16.56065,16.56433,0.00,0.00
2011.09.28 07:08:11.449,16.56083,16.56619,0.00,0.00
2011.09.28 07:08:11.562,16.56128,16.56732,0.00,0.00
2011.09.28 07:08:11.680,16.56182,16.5678,0.00,0.00
2011.09.28 07:08:12.040,16.56242,16.56882,0.00,0.00
2011.09.28 07:08:12.618,16.56458,16.56892,0.00,0.00
2011.09.28 07:08:12.842,16.56439,16.57079,0.00,0.00
2011.09.28 07:08:12.960,16.56511,16.57079,0.00,0.00
2011.09.28 07:08:13.368,16.56519,16.57137,0.00,0.00
2011.09.28 07:08:13.479,16.56672,16.5702,0.00,0.00
2011.09.28 07:08:13.591,16.56579,16.57025,0.00,0.00
2011.09.28 07:08:14.510,16.5648,16.57027,0.00,0.00
2011.09.28 07:08:14.950,16.56443,16.56941,0.00,0.00
2011.09.28 07:08:15.171,16.56353,16.56899,0.00,0.00
2011.09.28 07:08:15.291,16.56349,16.56797,0.00,0.00
2011.09.28 07:08:15.629,16.56349,16.56745,0.00,0.00
2011.09.28 07:08:16.291,16.56378,16.56774,0.00,0.00
2011.09.28 07:08:17.531,16.56364,16.5686,0.00,0.00
2011.09.28 07:08:17.762,16.5637,16.56916,0.00,0.00
2011.09.28 07:08:17.881,16.56374,16.5697,0.00,0.00
2011.09.28 07:08:18.001,16.5643,16.56978,0.00,0.00
2011.09.28 07:08:18.341,16.56427,16.57053,0.00,0.00
2011.09.28 07:08:18.459,16.56475,16.57071,0.00,0.00
2011.09.28 07:08:19.118,16.56541,16.57037,0.00,0.00
2011.09.28 07:08:19.452,16.565,16.57098,0.00,0.00
2011.09.28 07:08:20.159,16.56587,16.57083,0.00,0.00
2011.09.28 07:08:20.275,16.56594,16.5719,0.00,0.00
2011.09.28 07:08:21.072,16.56757,16.57153,0.00,0.00
2011.09.28 07:08:21.189,16.56775,16.57249,0.00,0.00
2011.09.28 07:08:21.299,16.56761,16.57359,0.00,0.00
2011.09.28 07:08:21.411,16.56792,16.57368,0.00,0.00
2011.09.28 07:08:21.640,16.56773,16.57413,0.00,0.00
2011.09.28 07:08:21.751,16.56792,16.57432,0.00,0.00
2011.09.28 07:08:22.483,16.56805,16.57445,0.00,0.00
2011.09.28 07:08:23.150,16.56881,16.57428,0.00,0.00
2011.09.28 07:08:23.951,16.56963,16.57411,0.00,0.00
2011.09.28 07:08:24.282,16.56949,16.57445,0.00,0.00
2011.09.28 07:08:24.400,16.56959,16.57405,0.00,0.00
2011.09.28 07:08:24.519,16.56873,16.5742,0.00,0.00
2011.09.28 07:08:25.324,16.56803,16.57347,0.00,0.00
2011.09.28 07:08:25.661,16.56749,16.57245,0.00,0.00
2011.09.28 07:08:25.899,16.56724,16.5727,0.00,0.00
2011.09.28 07:08:26.119,16.5681,16.57308,0.00,0.00
2011.09.28 07:08:29.429,16.5694,16.57337,0.00,0.00
2011.09.28 07:08:29.540,16.56977,16.57425,0.00,0.00
2011.09.28 07:08:30.229,16.56955,16.57551,0.00,0.00
2011.09.28 07:08:30.338,16.57016,16.57563,0.00,0.00
2011.09.28 07:08:30.981,16.57023,16.57619,0.00,0.00
2011.09.28 07:08:31.292,16.57081,16.57627,0.00,0.00
2011.09.28 07:08:31.641,16.57166,16.57613,0.00,0.00
2011.09.28 07:08:31.870,16.57172,16.57668,0.00,0.00
2011.09.28 07:08:31.991,16.57178,16.57726,0.00,0.00
2011.09.28 07:08:32.780,16.57203,16.57749,0.00,0.00
2011.09.28 07:08:33.309,16.57246,16.57742,0.00,0.00
2011.09.28 07:08:34.065,16.57229,16.57776,0.00,0.00
2011.09.28 07:08:34.309,16.57298,16.57696,0.00,0.00
2011.09.28 07:08:34.674,16.5734,16.57686,0.00,0.00
2011.09.28 07:08:35.336,16.57316,16.57764,0.00,0.00
2011.09.28 07:08:35.933,16.57357,16.57754,0.00,0.00
2011.09.28 07:08:36.160,16.57396,16.57742,0.00,0.00
2011.09.28 07:08:36.518,16.5737,16.57818,0.00,0.00
2011.09.28 07:08:37.148,16.57372,16.5787,0.00,0.00
2011.09.28 07:08:37.264,16.5737,16.57918,0.00,0.00
2011.09.28 07:08:37.491,16.57352,16.5795,0.00,0.00
2011.09.28 07:08:38.400,16.57365,16.57912,0.00,0.00
2011.09.28 07:08:38.739,16.57426,16.57822,0.00,0.00
2011.09.28 07:08:40.968,16.57438,16.57786,0.00,0.00
2011.09.28 07:08:41.301,16.57414,16.5776,0.00,0.00
2011.09.28 07:08:42.070,16.5728,16.57878,0.00,0.00
2011.09.28 07:08:42.420,16.57466,16.57814,0.00,0.00
2011.09.28 07:08:42.530,16.57501,16.57897,0.00,0.00
2011.09.28 07:08:42.870,16.57539,16.57963,0.00,0.00
2011.09.28 07:08:42.981,16.57508,16.58104,0.00,0.00
2011.09.28 07:08:43.650,16.57531,16.58171,0.00,0.00
2011.09.28 07:08:44.090,16.57621,16.58168,0.00,0.00
2011.09.28 07:08:44.402,16.57699,16.58195,0.00,0.00
2011.09.28 07:08:45.074,16.57669,16.58303,0.00,0.00
2011.09.28 07:08:45.189,16.57707,16.58253,0.00,0.00
2011.09.28 07:08:45.522,16.57747,16.58193,0.00,0.00
2011.09.28 07:08:46.093,16.57731,16.58227,0.00,0.00
2011.09.28 07:08:46.211,16.5778,16.58248,0.00,0.00
2011.09.28 07:08:46.331,16.57773,16.58391,0.00,0.00
2011.09.28 07:08:46.512,16.57952,16.58349,0.00,0.00
2011.09.28 07:08:47.851,16.57889,16.58436,0.00,0.00
2011.09.28 07:08:47.970,16.57883,16.58329,0.00,0.00
2011.09.28 07:08:48.625,16.57846,16.58192,0.00,0.00
2011.09.28 07:08:48.742,16.57711,16.58108,0.00,0.00
2011.09.28 07:08:49.302,16.57617,16.58115,0.00,0.00
2011.09.28 07:08:49.421,16.57678,16.58126,0.00,0.00
2011.09.28 07:08:49.542,16.5772,16.58116,0.00,0.00
2011.09.28 07:08:49.663,16.57711,16.58135,0.00,0.00
2011.09.28 07:08:49.781,16.57715,16.58111,0.00,0.00
2011.09.28 07:08:50.420,16.57727,16.58075,0.00,0.00
2011.09.28 07:08:50.938,16.57738,16.58062,0.00,0.00
2011.09.28 07:08:51.057,16.57723,16.58097,0.00,0.00
2011.09.28 07:08:51.171,16.57717,16.58114,0.00,0.00
2011.09.28 07:08:51.549,16.57691,16.58115,0.00,0.00
2011.09.28 07:08:51.665,16.5756,16.582,0.00,0.00
2011.09.28 07:08:51.784,16.57585,16.58181,0.00,0.00
2011.09.28 07:08:52.230,16.57574,16.58212,0.00,0.00
2011.09.28 07:08:52.340,16.57587,16.58227,0.00,0.00
2011.09.28 07:08:53.002,16.57626,16.58224,0.00,0.00
2011.09.28 07:08:53.491,16.57674,16.58221,0.00,0.00
2011.09.28 07:08:53.830,16.57776,16.58174,0.00,0.00
2011.09.28 07:08:54.274,16.5784,16.58188,0.00,0.00
2011.09.28 07:08:54.395,16.5781,16.58306,0.00,0.00
2011.09.28 07:08:54.622,16.57867,16.58315,0.00,0.00
2011.09.28 07:08:56.112,16.57919,16.58316,0.00,0.00
2011.09.28 07:08:56.956,16.57953,16.58299,0.00,0.00
2011.09.28 07:08:57.138,16.57922,16.58318,0.00,0.00
2011.09.28 07:08:57.843,16.57957,16.58303,0.00,0.00
2011.09.28 07:08:57.966,16.57949,16.58345,0.00,0.00
2011.09.28 07:08:59.321,16.57923,16.58319,0.00,0.00
2011.09.28 07:08:59.660,16.5783,16.58226,0.00,0.00
2011.09.28 07:08:59.993,16.57599,16.58239,0.00,0.00
2011.09.28 07:09:00.506,16.57625,16.58173,0.00,0.00
2011.09.28 07:09:00.846,16.57803,16.58103,0.00,0.00
2011.09.28 07:09:00.962,16.57686,16.58232,0.00,0.00
2011.09.28 07:09:01.082,16.57638,16.58234,0.00,0.00
2011.09.28 07:09:01.311,16.57703,16.58101,0.00,0.00
2011.09.28 07:09:01.655,16.57713,16.58013,0.00,0.00
2011.09.28 07:09:02.208,16.57504,16.58144,0.00,0.00
2011.09.28 07:09:03.271,16.57452,16.58092,0.00,0.00
2011.09.28 07:09:03.651,16.57479,16.57875,0.00,0.00
2011.09.28 07:09:03.770,16.57333,16.57791,0.00,0.00
2011.09.28 07:09:03.881,16.57309,16.57657,0.00,0.00
2011.09.28 07:09:04.112,16.57103,16.57699,0.00,0.00
2011.09.28 07:09:04.229,16.57122,16.57422,0.00,0.00
2011.09.28 07:09:04.450,16.56803,16.57443,0.00,0.00
2011.09.28 07:09:05.010,16.56813,16.57281,0.00,0.00
2011.09.28 07:09:05.229,16.56742,16.57382,0.00,0.00
2011.09.28 07:09:05.862,16.5679,16.5743,0.00,0.00
2011.09.28 07:09:05.983,16.5695,16.57446,0.00,0.00
2011.09.28 07:09:06.380,16.56987,16.57627,0.00,0.00
2011.09.28 07:09:06.602,16.57063,16.57703,0.00,0.00
2011.09.28 07:09:06.960,16.57159,16.57706,0.00,0.00
2011.09.28 07:09:07.812,16.57173,16.57769,0.00,0.00
2011.09.28 07:09:07.932,16.57196,16.57836,0.00,0.00
2011.09.28 07:09:08.052,16.57277,16.57873,0.00,0.00
2011.09.28 07:09:09.892,16.57402,16.57848,0.00,0.00
2011.09.28 07:09:10.451,16.57445,16.57841,0.00,0.00
2011.09.28 07:09:11.166,16.57447,16.57793,0.00,0.00
2011.09.28 07:09:11.277,16.57341,16.57837,0.00,0.00
2011.09.28 07:09:11.821,16.57363,16.57811,0.00,0.00
2011.09.28 07:09:12.273,16.57325,16.57901,0.00,0.00
2011.09.28 07:09:12.388,16.57308,16.57948,0.00,0.00
2011.09.28 07:09:12.610,16.57372,16.57868,0.00,0.00
2011.09.28 07:09:14.219,16.57396,16.57744,0.00,0.00
2011.09.28 07:09:14.790,16.57181,16.57821,0.00,0.00
2011.09.28 07:09:15.118,16.57202,16.57842,0.00,0.00
2011.09.28 07:09:17.101,16.57446,16.57746,0.00,0.00
2011.09.28 07:09:19.323,16.57296,16.57936,0.00,0.00
2011.09.28 07:09:19.663,16.57456,16.57756,0.00,0.00
2011.09.28 07:09:20.365,16.5728,16.57876,0.00,0.00
2011.09.28 07:09:20.699,16.57319,16.57767,0.00,0.00
2011.09.28 07:09:21.030,16.57231,16.57778,0.00,0.00
2011.09.28 07:09:21.648,16.57216,16.57714,0.00,0.00
2011.09.28 07:09:21.768,16.57252,16.57599,0.00,0.00
2011.09.28 07:09:21.882,16.57186,16.57584,0.00,0.00
2011.09.28 07:09:22.001,16.57148,16.57544,0.00,0.00
2011.09.28 07:09:22.533,16.57133,16.57479,0.00,0.00
2011.09.28 07:09:22.871,16.57093,16.57439,0.00,0.00
2011.09.28 07:09:23.246,16.57049,16.57403,0.00,0.00
2011.09.28 07:09:26.120,16.57035,16.57339,0.00,0.00
2011.09.28 07:09:28.309,16.56825,16.57443,0.00,0.00
2011.09.28 07:09:28.422,16.56836,16.57233,0.00,0.00
2011.09.28 07:09:28.649,16.56714,16.5716,0.00,0.00
2011.09.28 07:09:29.350,16.56729,16.57126,0.00,0.00
2011.09.28 07:09:29.680,16.56668,16.57264,0.00,0.00
2011.09.28 07:09:29.790,16.56685,16.57325,0.00,0.00
2011.09.28 07:09:29.901,16.56721,16.57361,0.00,0.00
2011.09.28 07:09:30.524,16.56769,16.57365,0.00,0.00
2011.09.28 07:09:31.262,16.56805,16.57351,0.00,0.00
2011.09.28 07:09:31.631,16.56836,16.57334,0.00,0.00
2011.09.28 07:09:32.943,16.56872,16.5732,0.00,0.00
2011.09.28 07:09:33.195,16.56857,16.57353,0.00,0.00
2011.09.28 07:09:33.944,16.56886,16.57334,0.00,0.00
2011.09.28 07:09:34.550,16.56879,16.57375,0.00,0.00
2011.09.28 07:09:34.670,16.56884,16.57432,0.00,0.00
2011.09.28 07:09:34.901,16.56925,16.57473,0.00,0.00
2011.09.28 07:09:35.962,16.57013,16.57461,0.00,0.00
2011.09.28 07:09:37.110,16.56973,16.57569,0.00,0.00
2011.09.28 07:09:37.429,16.56987,16.57627,0.00,0.00
2011.09.28 07:09:37.541,16.57079,16.57626,0.00,0.00
2011.09.28 07:09:37.660,16.5707,16.5771,0.00,0.00
2011.09.28 07:09:37.775,16.57122,16.5769,0.00,0.00
2011.09.28 07:09:37.891,16.57073,16.57713,0.00,0.00
2011.09.28 07:09:38.252,16.57079,16.57675,0.00,0.00
2011.09.28 07:09:38.370,16.57059,16.57699,0.00,0.00
2011.09.28 07:09:39.178,16.57096,16.57736,0.00,0.00
2011.09.28 07:09:39.512,16.57168,16.57808,0.00,0.00
2011.09.28 07:09:40.319,16.57254,16.57894,0.00,0.00
2011.09.28 07:09:40.950,16.57322,16.57962,0.00,0.00
2011.09.28 07:09:41.532,16.57333,16.58073,0.00,0.00
2011.09.28 07:09:41.970,16.57453,16.58051,0.00,0.00
2011.09.28 07:09:42.084,16.57455,16.58095,0.00,0.00
2011.09.28 07:09:43.466,16.57486,16.58082,0.00,0.00
2011.09.28 07:09:44.099,16.57484,16.58124,0.00,0.00
2011.09.28 07:09:44.214,16.57534,16.5813,0.00,0.00
2011.09.28 07:09:45.181,16.57617,16.58113,0.00,0.00
2011.09.28 07:09:46.159,16.57621,16.58168,0.00,0.00
2011.09.28 07:09:46.380,16.57626,16.58222,0.00,0.00
2011.09.28 07:09:46.600,16.57688,16.58236,0.00,0.00
2011.09.28 07:09:46.820,16.57698,16.58292,0.00,0.00
2011.09.28 07:09:46.932,16.57708,16.58304,0.00,0.00
2011.09.28 07:09:47.413,16.57737,16.58284,0.00,0.00
2011.09.28 07:09:47.857,16.5778,16.58276,0.00,0.00
2011.09.28 07:09:47.973,16.57783,16.58331,0.00,0.00
2011.09.28 07:09:48.543,16.57878,16.58324,0.00,0.00
2011.09.28 07:09:49.481,16.57865,16.58412,0.00,0.00
2011.09.28 07:09:49.947,16.57919,16.58367,0.00,0.00
2011.09.28 07:09:50.306,16.57906,16.58352,0.00,0.00
2011.09.28 07:09:50.421,16.57887,16.58383,0.00,0.00
2011.09.28 07:09:52.121,16.57938,16.58334,0.00,0.00
2011.09.28 07:09:53.930,16.57958,16.58304,0.00,0.00
2011.09.28 07:09:54.347,16.57926,16.5832,0.00,0.00
2011.09.28 07:09:55.000,16.57949,16.58249,0.00,0.00
2011.09.28 07:09:55.488,16.57917,16.58265,0.00,0.00
2011.09.28 07:09:55.600,16.57943,16.58243,0.00,0.00
2011.09.28 07:09:56.284,16.57935,16.58301,0.00,0.00
2011.09.28 07:09:56.408,16.57726,16.5859,0.00,0.00
2011.09.28 07:09:56.515,16.57591,16.58847,0.00,0.00
2011.09.28 07:09:56.625,16.58013,16.58653,0.00,0.00
2011.09.28 07:09:56.736,16.58142,16.5886,0.00,0.00
2011.09.28 07:09:56.957,16.58265,16.59005,0.00,0.00
2011.09.28 07:09:57.066,16.58375,16.59071,0.00,0.00
2011.09.28 07:09:57.771,16.5848,16.5912,0.00,0.00
2011.09.28 07:09:58.109,16.58534,16.59174,0.00,0.00
2011.09.28 07:09:58.681,16.58585,16.59225,0.00,0.00
2011.09.28 07:09:59.009,16.58654,16.59294,0.00,0.00
2011.09.28 07:09:59.335,16.58689,16.59332,0.00,0.00
2011.09.28 07:09:59.921,16.58712,16.59352,0.00,0.00
2011.09.28 07:10:00.418,16.58724,16.59364,0.00,0.00
2011.09.28 07:10:00.751,16.58719,16.59346,0.00,0.00
2011.09.28 07:10:01.346,16.5874,16.59318,0.00,0.00
2011.09.28 07:10:01.463,16.5868,16.5932,0.00,0.00
2011.09.28 07:10:02.131,16.58702,16.59178,0.00,0.00
2011.09.28 07:10:02.251,16.58596,16.59202,0.00,0.00
2011.09.28 07:10:02.373,16.58697,16.59093,0.00,0.00
2011.09.28 07:10:02.494,16.58651,16.59147,0.00,0.00
2011.09.28 07:10:02.609,16.58645,16.59091,0.00,0.00
2011.09.28 07:10:02.940,16.58602,16.5895,0.00,0.00
2011.09.28 07:10:03.431,16.58413,16.58909,0.00,0.00
2011.09.28 07:10:03.770,16.58308,16.58948,0.00,0.00
2011.09.28 07:10:03.952,16.58455,16.58801,0.00,0.00
2011.09.28 07:10:04.180,16.58242,16.58882,0.00,0.00
2011.09.28 07:10:04.290,16.58188,16.58828,0.00,0.00
2011.09.28 07:10:05.030,16.58198,16.58838,0.00,0.00
2011.09.28 07:10:05.248,16.58401,16.58747,0.00,0.00
2011.09.28 07:10:06.035,16.58273,16.58849,0.00,0.00
2011.09.28 07:10:06.153,16.58297,16.58645,0.00,0.00
2011.09.28 07:10:06.489,16.58094,16.58641,0.00,0.00
2011.09.28 07:10:06.939,16.5808,16.58618,0.00,0.00
2011.09.28 07:10:07.135,16.58206,16.58506,0.00,0.00
2011.09.28 07:10:07.494,16.58113,16.58611,0.00,0.00
2011.09.28 07:10:08.187,16.58231,16.58579,0.00,0.00
2011.09.28 07:10:08.307,16.58171,16.58567,0.00,0.00
2011.09.28 07:10:09.222,16.58007,16.58603,0.00,0.00
2011.09.28 07:10:09.668,16.57993,16.5854,0.00,0.00
2011.09.28 07:10:09.780,16.57922,16.58506,0.00,0.00
2011.09.28 07:10:09.894,16.57953,16.58301,0.00,0.00
2011.09.28 07:10:10.011,16.57766,16.58406,0.00,0.00
2011.09.28 07:10:10.130,16.57902,16.58248,0.00,0.00
2011.09.28 07:10:10.891,16.57679,16.58319,0.00,0.00
2011.09.28 07:10:11.292,16.57652,16.58292,0.00,0.00
2011.09.28 07:10:11.411,16.57785,16.58182,0.00,0.00
2011.09.28 07:10:11.530,16.57774,16.5812,0.00,0.00
2011.09.28 07:10:11.639,16.57622,16.5816,0.00,0.00
2011.09.28 07:10:11.750,16.57641,16.57989,0.00,0.00
2011.09.28 07:10:11.860,16.57468,16.58108,0.00,0.00
2011.09.28 07:10:12.313,16.57645,16.58041,0.00,0.00
2011.09.28 07:10:12.429,16.57664,16.58111,0.00,0.00
2011.09.28 07:10:13.992,16.57724,16.5812,0.00,0.00
2011.09.28 07:10:14.610,16.57637,16.58184,0.00,0.00
2011.09.28 07:10:14.720,16.5759,16.58108,0.00,0.00
2011.09.28 07:10:15.420,16.57538,16.57986,0.00,0.00
2011.09.28 07:10:15.530,16.57373,16.57919,0.00,0.00
2011.09.28 07:10:16.321,16.57393,16.57741,0.00,0.00
2011.09.28 07:10:16.660,16.5718,16.5782,0.00,0.00
2011.09.28 07:10:16.770,16.57258,16.57606,0.00,0.00
2011.09.28 07:10:17.691,16.57144,16.57662,0.00,0.00
2011.09.28 07:10:17.812,16.57263,16.57607,0.00,0.00
2011.09.28 07:10:17.933,16.57271,16.57669,0.00,0.00
2011.09.28 07:10:19.352,16.57335,16.57681,0.00,0.00
2011.09.28 07:10:20.030,16.57273,16.57787,0.00,0.00
2011.09.28 07:10:20.139,16.57358,16.57704,0.00,0.00
2011.09.28 07:10:21.185,16.57341,16.57737,0.00,0.00
2011.09.28 07:10:21.810,16.57385,16.57731,0.00,0.00
2011.09.28 07:10:21.918,16.57314,16.5791,0.00,0.00
2011.09.28 07:10:23.532,16.57411,16.57907,0.00,0.00
2011.09.28 07:10:23.930,16.57473,16.57919,0.00,0.00
2011.09.28 07:10:24.587,16.57544,16.5794,0.00,0.00
2011.09.28 07:10:24.701,16.57497,16.58081,0.00,0.00
2011.09.28 07:10:24.931,16.57518,16.58116,0.00,0.00
2011.09.28 07:10:25.160,16.57555,16.58102,0.00,0.00
2011.09.28 07:10:25.672,16.57587,16.58085,0.00,0.00
2011.09.28 07:10:26.491,16.57637,16.58083,0.00,0.00
2011.09.28 07:10:26.900,16.57719,16.58065,0.00,0.00
2011.09.28 07:10:27.850,16.57729,16.58126,0.00,0.00
2011.09.28 07:10:28.141,16.57709,16.58205,0.00,0.00
2011.09.28 07:10:28.261,16.57722,16.5817,0.00,0.00
2011.09.28 07:10:28.380,16.57576,16.58216,0.00,0.00
2011.09.28 07:10:28.670,16.57622,16.58118,0.00,0.00
2011.09.28 07:10:28.781,16.57634,16.5818,0.00,0.00
2011.09.28 07:10:30.073,16.57719,16.58237,0.00,0.00
2011.09.28 07:10:32.006,16.57743,16.58311,0.00,0.00
2011.09.28 07:10:33.158,16.57768,16.58386,0.00,0.00
2011.09.28 07:10:33.576,16.57851,16.58419,0.00,0.00
2011.09.28 07:10:33.948,16.5788,16.5852,0.00,0.00
2011.09.28 07:10:34.063,16.57968,16.58608,0.00,0.00
2011.09.28 07:10:34.400,16.58145,16.58643,0.00,0.00
2011.09.28 07:10:35.383,16.58145,16.58785,0.00,0.00
2011.09.28 07:10:35.935,16.58189,16.58807,0.00,0.00
2011.09.28 07:10:36.940,16.58214,16.58801,0.00,0.00
2011.09.28 07:10:37.172,16.58188,16.58824,0.00,0.00
2011.09.28 07:10:37.407,16.58187,16.58827,0.00,0.00
2011.09.28 07:10:38.083,16.5819,16.58786,0.00,0.00
2011.09.28 07:10:38.502,16.58133,16.58691,0.00,0.00
2011.09.28 07:10:38.622,16.5806,16.58607,0.00,0.00
2011.09.28 07:10:40.201,16.58102,16.58548,0.00,0.00
2011.09.28 07:10:40.433,16.58072,16.5862,0.00,0.00
2011.09.28 07:10:40.660,16.58123,16.58621,0.00,0.00
2011.09.28 07:10:42.269,16.58184,16.5863,0.00,0.00
2011.09.28 07:10:42.966,16.58283,16.58631,0.00,0.00
2011.09.28 07:10:45.202,16.58309,16.58705,0.00,0.00
2011.09.28 07:10:47.962,16.58364,16.58712,0.00,0.00
2011.09.28 07:10:49.743,16.58358,16.58755,0.00,0.00
2011.09.28 07:10:49.860,16.58259,16.58899,0.00,0.00
2011.09.28 07:10:50.082,16.58323,16.58963,0.00,0.00
2011.09.28 07:10:50.664,16.58412,16.59052,0.00,0.00
2011.09.28 07:10:50.786,16.58398,16.59186,0.00,0.00
2011.09.28 07:10:51.119,16.58406,16.59223,0.00,0.00
2011.09.28 07:10:51.345,16.58366,16.5923,0.00,0.00
2011.09.28 07:10:51.681,16.58416,16.59056,0.00,0.00
2011.09.28 07:10:52.488,16.58386,16.58933,0.00,0.00
2011.09.28 07:10:53.332,16.58378,16.58876,0.00,0.00
2011.09.28 07:10:53.671,16.58394,16.5884,0.00,0.00
2011.09.28 07:10:54.503,16.58424,16.5882,0.00,0.00
2011.09.28 07:10:55.016,16.58437,16.58785,0.00,0.00
2011.09.28 07:10:55.133,16.58335,16.58831,0.00,0.00
2011.09.28 07:10:55.250,16.5833,16.58776,0.00,0.00
2011.09.28 07:10:55.640,16.58288,16.58684,0.00,0.00
2011.09.28 07:10:57.210,16.58159,16.58656,0.00,0.00
2011.09.28 07:10:57.431,16.58193,16.58589,0.00,0.00
2011.09.28 07:10:57.991,16.58232,16.5858,0.00,0.00
2011.09.28 07:10:58.331,16.58243,16.58639,0.00,0.00
2011.09.28 07:10:58.562,16.58206,16.58754,0.00,0.00
2011.09.28 07:10:59.339,16.58201,16.58799,0.00,0.00
2011.09.28 07:10:59.450,16.58236,16.58782,0.00,0.00
2011.09.28 07:11:01.280,16.58225,16.58823,0.00,0.00
2011.09.28 07:11:01.391,16.58213,16.58853,0.00,0.00
2011.09.28 07:11:03.088,16.58245,16.58843,0.00,0.00
2011.09.28 07:11:03.222,16.58331,16.58827,0.00,0.00
2011.09.28 07:11:03.764,16.58413,16.58861,0.00,0.00
2011.09.28 07:11:04.811,16.58383,16.59023,0.00,0.00
2011.09.28 07:11:05.031,16.58438,16.59044,0.00,0.00
2011.09.28 07:11:06.576,16.58477,16.59021,0.00,0.00
2011.09.28 07:11:07.022,16.58476,16.58923,0.00,0.00
2011.09.28 07:11:07.364,16.58367,16.58913,0.00,0.00
2011.09.28 07:11:07.871,16.58436,16.58834,0.00,0.00
2011.09.28 07:11:08.368,16.58301,16.58985,0.00,0.00
2011.09.28 07:11:08.484,16.584,16.58846,0.00,0.00
2011.09.28 07:11:09.029,16.58406,16.58802,0.00,0.00
2011.09.28 07:11:09.443,16.58391,16.58739,0.00,0.00
2011.09.28 07:11:09.566,16.58237,16.58833,0.00,0.00
2011.09.28 07:11:10.491,16.58322,16.58768,0.00,0.00
2011.09.28 07:11:10.913,16.583,16.58796,0.00,0.00
2011.09.28 07:11:11.141,16.58301,16.58797,0.00,0.00
2011.09.28 07:11:11.741,16.58272,16.5887,0.00,0.00
2011.09.28 07:11:11.875,16.5832,16.58898,0.00,0.00
2011.09.28 07:11:12.512,16.58462,16.58859,0.00,0.00
2011.09.28 07:11:13.222,16.58456,16.58954,0.00,0.00
2011.09.28 07:11:13.562,16.58497,16.59025,0.00,0.00
2011.09.28 07:11:13.685,16.58429,16.59207,0.00,0.00
2011.09.28 07:11:14.350,16.58495,16.59173,0.00,0.00
2011.09.28 07:11:15.241,16.58519,16.59167,0.00,0.00
2011.09.28 07:11:15.572,16.58537,16.59177,0.00,0.00
2011.09.28 07:11:16.212,16.58585,16.59213,0.00,0.00
2011.09.28 07:11:16.593,16.58671,16.59267,0.00,0.00
2011.09.28 07:11:19.216,16.58713,16.59353,0.00,0.00
2011.09.28 07:11:19.555,16.58933,16.59235,0.00,0.00
2011.09.28 07:11:20.036,16.58977,16.59307,0.00,0.00
2011.09.28 07:11:20.481,16.59072,16.59452,0.00,0.00
2011.09.28 07:11:20.601,16.59217,16.59697,0.00,0.00
2011.09.28 07:11:20.948,16.59483,16.59783,0.00,0.00
2011.09.28 07:11:21.168,16.59463,16.60087,0.00,0.00
2011.09.28 07:11:21.281,16.59504,16.60294,0.00,0.00
2011.09.28 07:11:21.398,16.59626,16.60298,0.00,0.00
2011.09.28 07:11:22.159,16.5968,16.60294,0.00,0.00
2011.09.28 07:11:22.773,16.5968,16.60352,0.00,0.00
2011.09.28 07:11:23.111,16.59766,16.60358,0.00,0.00
2011.09.28 07:11:23.340,16.59807,16.60479,0.00,0.00
2011.09.28 07:11:23.482,16.59993,16.60451,0.00,0.00
2011.09.28 07:11:24.972,16.59976,16.6053,0.00,0.00
2011.09.28 07:11:25.462,16.59964,16.60578,0.00,0.00
2011.09.28 07:11:25.583,16.59968,16.6059,0.00,0.00
2011.09.28 07:11:26.236,16.59955,16.60589,0.00,0.00
2011.09.28 07:11:26.366,16.59987,16.60534,0.00,0.00
2011.09.28 07:11:26.813,16.59982,16.60536,0.00,0.00
2011.09.28 07:11:26.930,16.59957,16.60553,0.00,0.00
2011.09.28 07:11:27.490,16.59955,16.60502,0.00,0.00
2011.09.28 07:11:27.835,16.59913,16.60411,0.00,0.00
2011.09.28 07:11:27.959,16.59851,16.60247,0.00,0.00
2011.09.28 07:11:28.477,16.59668,16.60216,0.00,0.00
2011.09.28 07:11:28.930,16.59654,16.601,0.00,0.00
2011.09.28 07:11:29.313,16.59603,16.6,0.00,0.00
2011.09.28 07:11:29.651,16.59398,16.59996,0.00,0.00
2011.09.28 07:11:30.232,16.59247,16.60014,0.00,0.00
2011.09.28 07:11:30.358,16.59219,16.60017,0.00,0.00
2011.09.28 07:11:30.472,16.59324,16.5992,0.00,0.00
2011.09.28 07:11:30.811,16.59428,16.59824,0.00,0.00
2011.09.28 07:11:31.043,16.5937,16.59954,0.00,0.00
2011.09.28 07:11:31.271,16.59337,16.60031,0.00,0.00
2011.09.28 07:11:31.602,16.59391,16.59987,0.00,0.00
2011.09.28 07:11:32.470,16.59433,16.5998,0.00,0.00
2011.09.28 07:11:34.511,16.59501,16.59947,0.00,0.00
2011.09.28 07:11:35.300,16.59531,16.59929,0.00,0.00
2011.09.28 07:11:35.744,16.59495,16.59943,0.00,0.00
2011.09.28 07:11:36.619,16.59447,16.59844,0.00,0.00
2011.09.28 07:11:36.952,16.59365,16.59665,0.00,0.00
2011.09.28 07:11:38.122,16.59143,16.59689,0.00,0.00
2011.09.28 07:11:38.712,16.59168,16.59664,0.00,0.00
2011.09.28 07:11:38.839,16.5931,16.5961,0.00,0.00
2011.09.28 07:11:38.951,16.59271,16.59669,0.00,0.00
2011.09.28 07:11:39.195,16.59283,16.59679,0.00,0.00
2011.09.28 07:11:40.751,16.59275,16.59723,0.00,0.00
2011.09.28 07:11:43.665,16.59274,16.59772,0.00,0.00
2011.09.28 07:11:43.787,16.59322,16.5977,0.00,0.00
2011.09.28 07:11:44.124,16.59373,16.5977,0.00,0.00
2011.09.28 07:11:45.731,16.59373,16.59819,0.00,0.00
2011.09.28 07:11:47.132,16.59423,16.5982,0.00,0.00
2011.09.28 07:11:48.581,16.59419,16.59867,0.00,0.00
2011.09.28 07:11:48.865,16.59458,16.59854,0.00,0.00
2011.09.28 07:11:49.332,16.5939,16.59938,0.00,0.00
2011.09.28 07:11:49.452,16.59345,16.59985,0.00,0.00
2011.09.28 07:11:49.564,16.59465,16.59813,0.00,0.00
2011.09.28 07:11:49.902,16.59445,16.59793,0.00,0.00
2011.09.28 07:11:50.012,16.59455,16.59801,0.00,0.00
2011.09.28 07:11:52.035,16.59453,16.59849,0.00,0.00
2011.09.28 07:11:52.363,16.59459,16.59856,0.00,0.00
2011.09.28 07:11:53.149,16.59438,16.59884,0.00,0.00
2011.09.28 07:11:53.404,16.59427,16.59925,0.00,0.00
2011.09.28 07:11:53.522,16.59458,16.59906,0.00,0.00
2011.09.28 07:11:55.895,16.59423,16.59821,0.00,0.00
2011.09.28 07:11:56.215,16.59245,16.59698,0.00,0.00
2011.09.28 07:11:56.441,16.59137,16.59485,0.00,0.00
2011.09.28 07:11:57.186,16.58969,16.59367,0.00,0.00
2011.09.28 07:11:57.418,16.58742,16.59382,0.00,0.00
2011.09.28 07:11:57.533,16.58769,16.59375,0.00,0.00
2011.09.28 07:11:57.653,16.58786,16.59426,0.00,0.00
2011.09.28 07:11:58.059,16.588,16.59396,0.00,0.00
2011.09.28 07:11:58.402,16.58865,16.59311,0.00,0.00
2011.09.28 07:11:59.081,16.5882,16.59216,0.00,0.00
2011.09.28 07:11:59.529,16.58599,16.59239,0.00,0.00
2011.09.28 07:11:59.922,16.58591,16.59231,0.00,0.00
2011.09.28 07:12:01.281,16.58748,16.59096,0.00,0.00
2011.09.28 07:12:02.700,16.58546,16.59186,0.00,0.00
2011.09.28 07:12:03.317,16.58515,16.59155,0.00,0.00
2011.09.28 07:12:03.430,16.58484,16.5923,0.00,0.00
2011.09.28 07:12:04.526,16.5857,16.5921,0.00,0.00
2011.09.28 07:12:04.659,16.58608,16.59155,0.00,0.00
2011.09.28 07:12:07.041,16.58649,16.59095,0.00,0.00
2011.09.28 07:12:07.173,16.58639,16.59137,0.00,0.00
2011.09.28 07:12:07.298,16.58706,16.59102,0.00,0.00
2011.09.28 07:12:07.654,16.58709,16.59055,0.00,0.00
2011.09.28 07:12:08.654,16.58552,16.59192,0.00,0.00
2011.09.28 07:12:11.214,16.58701,16.59047,0.00,0.00
2011.09.28 07:12:12.210,16.58495,16.59135,0.00,0.00
2011.09.28 07:12:13.283,16.58483,16.59123,0.00,0.00
2011.09.28 07:12:13.621,16.58613,16.59009,0.00,0.00
2011.09.28 07:12:14.569,16.58529,16.59027,0.00,0.00
2011.09.28 07:12:14.682,16.5858,16.58928,0.00,0.00
2011.09.28 07:12:15.331,16.58485,16.58931,0.00,0.00
2011.09.28 07:12:17.297,16.5847,16.58866,0.00,0.00
2011.09.28 07:12:17.631,16.58454,16.58902,0.00,0.00
2011.09.28 07:12:18.051,16.58576,16.58974,0.00,0.00
2011.09.28 07:12:18.478,16.58562,16.59202,0.00,0.00
2011.09.28 07:12:18.594,16.5862,16.59238,0.00,0.00
2011.09.28 07:12:19.935,16.58654,16.59238,0.00,0.00
2011.09.28 07:12:20.051,16.58653,16.59271,0.00,0.00
2011.09.28 07:12:20.505,16.58686,16.59284,0.00,0.00
2011.09.28 07:12:20.986,16.58774,16.5927,0.00,0.00
2011.09.28 07:12:21.311,16.58802,16.59349,0.00,0.00
2011.09.28 07:12:21.421,16.5886,16.59426,0.00,0.00
2011.09.28 07:12:21.531,16.58876,16.59516,0.00,0.00
2011.09.28 07:12:21.752,16.58913,16.59553,0.00,0.00
2011.09.28 07:12:22.063,16.58942,16.59538,0.00,0.00
2011.09.28 07:12:23.314,16.58993,16.59467,0.00,0.00
2011.09.28 07:12:23.435,16.58939,16.59487,0.00,0.00
2011.09.28 07:12:24.162,16.58986,16.59382,0.00,0.00
2011.09.28 07:12:24.755,16.589,16.59448,0.00,0.00
2011.09.28 07:12:24.981,16.58945,16.59391,0.00,0.00
2011.09.28 07:12:25.910,16.58878,16.59425,0.00,0.00
2011.09.28 07:12:26.024,16.58903,16.59399,0.00,0.00
2011.09.28 07:12:26.361,16.58973,16.59369,0.00,0.00
2011.09.28 07:12:26.712,16.58968,16.59416,0.00,0.00
2011.09.28 07:12:27.454,16.58987,16.59385,0.00,0.00
2011.09.28 07:12:27.792,16.58945,16.59343,0.00,0.00
2011.09.28 07:12:28.222,16.58935,16.59283,0.00,0.00
2011.09.28 07:12:30.205,16.58909,16.59305,0.00,0.00
2011.09.28 07:12:30.321,16.5894,16.59286,0.00,0.00
2011.09.28 07:12:30.894,16.58896,16.59392,0.00,0.00
2011.09.28 07:12:31.575,16.58911,16.59459,0.00,0.00
2011.09.28 07:12:31.705,16.58965,16.59463,0.00,0.00
2011.09.28 07:12:32.194,16.58954,16.59501,0.00,0.00
2011.09.28 07:12:33.157,16.58982,16.5948,0.00,0.00
2011.09.28 07:12:33.491,16.59009,16.59457,0.00,0.00
2011.09.28 07:12:34.203,16.59022,16.59418,0.00,0.00
2011.09.28 07:12:35.040,16.58986,16.59334,0.00,0.00
2011.09.28 07:12:35.687,16.58761,16.59401,0.00,0.00
2011.09.28 07:12:35.914,16.58733,16.59373,0.00,0.00
2011.09.28 07:12:36.450,16.5873,16.59346,0.00,0.00
2011.09.28 07:12:36.783,16.58726,16.59366,0.00,0.00
2011.09.28 07:12:36.900,16.58856,16.59253,0.00,0.00
2011.09.28 07:12:37.657,16.58714,16.59354,0.00,0.00
2011.09.28 07:12:38.374,16.58715,16.59331,0.00,0.00
2011.09.28 07:12:38.867,16.58692,16.59332,0.00,0.00
2011.09.28 07:12:38.987,16.58702,16.5934,0.00,0.00
2011.09.28 07:12:39.549,16.5878,16.59324,0.00,0.00
2011.09.28 07:12:40.220,16.58847,16.59291,0.00,0.00
2011.09.28 07:12:41.091,16.58842,16.59216,0.00,0.00
2011.09.28 07:12:41.352,16.58643,16.59283,0.00,0.00
2011.09.28 07:12:42.151,16.5865,16.59246,0.00,0.00
2011.09.28 07:12:43.228,16.58645,16.59285,0.00,0.00
2011.09.28 07:12:43.800,16.58722,16.59269,0.00,0.00
2011.09.28 07:12:44.023,16.58737,16.59303,0.00,0.00
2011.09.28 07:12:44.141,16.58751,16.59349,0.00,0.00
2011.09.28 07:12:44.255,16.58785,16.59425,0.00,0.00
2011.09.28 07:12:44.720,16.58863,16.59503,0.00,0.00
2011.09.28 07:12:45.049,16.58951,16.59591,0.00,0.00
2011.09.28 07:12:45.921,16.59018,16.59658,0.00,0.00
2011.09.28 07:12:47.701,16.59119,16.59725,0.00,0.00
2011.09.28 07:12:47.924,16.59211,16.59829,0.00,0.00
2011.09.28 07:12:48.814,16.59255,16.59895,0.00,0.00
2011.09.28 07:12:49.042,16.59229,16.59869,0.00,0.00
2011.09.28 07:12:49.372,16.59233,16.59679,0.00,0.00
2011.09.28 07:12:49.601,16.59061,16.59759,0.00,0.00
2011.09.28 07:12:49.821,16.59193,16.5972,0.00,0.00
2011.09.28 07:12:49.933,16.59214,16.59854,0.00,0.00
2011.09.28 07:12:50.277,16.5924,16.5988,0.00,0.00
2011.09.28 07:12:50.612,16.59224,16.59864,0.00,0.00
2011.09.28 07:12:51.401,16.59289,16.59836,0.00,0.00
2011.09.28 07:12:51.636,16.59305,16.59919,0.00,0.00
2011.09.28 07:12:51.757,16.59372,16.59988,0.00,0.00
2011.09.28 07:12:51.981,16.5942,16.6006,0.00,0.00
2011.09.28 07:12:52.493,16.5942,16.60158,0.00,0.00
2011.09.28 07:12:52.612,16.59438,16.60236,0.00,0.00
2011.09.28 07:12:52.830,16.59557,16.60255,0.00,0.00
2011.09.28 07:12:53.212,16.59656,16.60296,0.00,0.00
2011.09.28 07:12:53.552,16.59735,16.60282,0.00,0.00
2011.09.28 07:12:56.413,16.5974,16.60238,0.00,0.00
2011.09.28 07:12:56.750,16.59714,16.60111,0.00,0.00
2011.09.28 07:12:57.084,16.59615,16.60009,0.00,0.00
2011.09.28 07:12:57.421,16.59445,16.60041,0.00,0.00
2011.09.28 07:12:57.652,16.5951,16.59906,0.00,0.00
2011.09.28 07:12:57.984,16.5948,16.59934,0.00,0.00
2011.09.28 07:12:58.101,16.59461,16.59959,0.00,0.00
2011.09.28 07:12:58.430,16.59497,16.59945,0.00,0.00
2011.09.28 07:12:59.546,16.59476,16.60024,0.00,0.00
2011.09.28 07:13:00.482,16.59542,16.59988,0.00,0.00
2011.09.28 07:13:00.927,16.59502,16.60049,0.00,0.00
2011.09.28 07:13:01.043,16.59584,16.6003,0.00,0.00
2011.09.28 07:13:01.165,16.59541,16.60181,0.00,0.00
2011.09.28 07:13:01.503,16.59794,16.60128,0.00,0.00
2011.09.28 07:13:01.621,16.59912,16.60246,0.00,0.00
2011.09.28 07:13:01.731,16.59949,16.60346,0.00,0.00
2011.09.28 07:13:02.710,16.59969,16.60417,0.00,0.00
2011.09.28 07:13:02.820,16.59984,16.60482,0.00,0.00
2011.09.28 07:13:03.043,16.59974,16.60492,0.00,0.00
2011.09.28 07:13:03.386,16.59935,16.60383,0.00,0.00
2011.09.28 07:13:03.508,16.59838,16.60334,0.00,0.00
2011.09.28 07:13:03.624,16.59796,16.60342,0.00,0.00
2011.09.28 07:13:03.745,16.59781,16.60377,0.00,0.00
2011.09.28 07:13:03.972,16.59784,16.60424,0.00,0.00
2011.09.28 07:13:04.693,16.59848,16.60446,0.00,0.00
2011.09.28 07:13:05.980,16.59944,16.60462,0.00,0.00
2011.09.28 07:13:06.092,16.59935,16.60553,0.00,0.00
2011.09.28 07:13:07.213,16.59981,16.60579,0.00,0.00
2011.09.28 07:13:08.080,16.60067,16.60563,0.00,0.00
2011.09.28 07:13:08.916,16.60113,16.60559,0.00,0.00
2011.09.28 07:13:09.684,16.60124,16.60521,0.00,0.00
2011.09.28 07:13:09.801,16.60082,16.60478,0.00,0.00
2011.09.28 07:13:10.279,16.60005,16.60503,0.00,0.00
2011.09.28 07:13:11.083,16.60032,16.6048,0.00,0.00
2011.09.28 07:13:11.311,16.60019,16.60516,0.00,0.00
2011.09.28 07:13:11.807,16.60025,16.60529,0.00,0.00
2011.09.28 07:13:11.937,16.60057,16.60503,0.00,0.00
2011.09.28 07:13:12.309,16.60067,16.60463,0.00,0.00
2011.09.28 07:13:12.642,16.60054,16.60398,0.00,0.00
2011.09.28 07:13:12.872,16.59937,16.60381,0.00,0.00
2011.09.28 07:13:13.162,16.5987,16.60366,0.00,0.00
2011.09.28 07:13:13.311,16.59968,16.60314,0.00,0.00
2011.09.28 07:13:13.531,16.5997,16.60367,0.00,0.00
2011.09.28 07:13:13.751,16.60019,16.60365,0.00,0.00
2011.09.28 07:13:15.193,16.60007,16.60403,0.00,0.00
2011.09.28 07:13:15.757,16.60045,16.60391,0.00,0.00
2011.09.28 07:13:15.982,16.60019,16.60466,0.00,0.00
2011.09.28 07:13:17.171,16.60056,16.60452,0.00,0.00
2011.09.28 07:13:17.550,16.60082,16.6043,0.00,0.00
2011.09.28 07:13:17.664,16.60061,16.60457,0.00,0.00
2011.09.28 07:13:17.781,16.60089,16.60435,0.00,0.00
2011.09.28 07:13:17.892,16.6008,16.60476,0.00,0.00
2011.09.28 07:13:18.384,16.60087,16.60533,0.00,0.00
2011.09.28 07:13:19.043,16.60186,16.60532,0.00,0.00
2011.09.28 07:13:19.169,16.60167,16.60665,0.00,0.00
2011.09.28 07:13:19.519,16.60262,16.60658,0.00,0.00
2011.09.28 07:13:19.860,16.60273,16.60727,0.00,0.00
2011.09.28 07:13:19.971,16.60303,16.60801,0.00,0.00
2011.09.28 07:13:20.554,16.6041,16.60764,0.00,0.00
2011.09.28 07:13:20.895,16.60391,16.60692,0.00,0.00
2011.09.28 07:13:21.123,16.60269,16.60663,0.00,0.00
2011.09.28 07:13:21.579,16.60265,16.60613,0.00,0.00
2011.09.28 07:13:21.759,16.60227,16.60675,0.00,0.00
2011.09.28 07:13:21.982,16.6027,16.60668,0.00,0.00
2011.09.28 07:13:22.452,16.60255,16.60703,0.00,0.00
2011.09.28 07:13:22.673,16.60287,16.60683,0.00,0.00
2011.09.28 07:13:23.075,16.60274,16.60722,0.00,0.00
2011.09.28 07:13:23.191,16.60294,16.6069,0.00,0.00
2011.09.28 07:13:23.542,16.60257,16.60605,0.00,0.00
2011.09.28 07:13:24.542,16.60017,16.60657,0.00,0.00
2011.09.28 07:13:24.994,16.59962,16.6056,0.00,0.00
2011.09.28 07:13:25.342,16.60037,16.60385,0.00,0.00
2011.09.28 07:13:25.574,16.59995,16.60343,0.00,0.00
2011.09.28 07:13:26.456,16.59795,16.60435,0.00,0.00
2011.09.28 07:13:27.602,16.5982,16.60404,0.00,0.00
2011.09.28 07:13:28.254,16.59893,16.60377,0.00,0.00
2011.09.28 07:13:28.480,16.59896,16.60443,0.00,0.00
2011.09.28 07:13:29.498,16.59985,16.60432,0.00,0.00
2011.09.28 07:13:29.612,16.59928,16.60568,0.00,0.00
2011.09.28 07:13:30.501,16.59979,16.60597,0.00,0.00
2011.09.28 07:13:30.835,16.60093,16.60561,0.00,0.00
2011.09.28 07:13:31.375,16.60047,16.60687,0.00,0.00
2011.09.28 07:13:31.494,16.60108,16.60704,0.00,0.00
2011.09.28 07:13:31.831,16.60126,16.60766,0.00,0.00
2011.09.28 07:13:32.050,16.60224,16.60771,0.00,0.00
2011.09.28 07:13:32.163,16.6027,16.6091,0.00,0.00
2011.09.28 07:13:33.011,16.6042,16.60968,0.00,0.00
2011.09.28 07:13:34.111,16.60511,16.60907,0.00,0.00
2011.09.28 07:13:34.670,16.60363,16.61003,0.00,0.00
2011.09.28 07:13:34.892,16.60484,16.60932,0.00,0.00
2011.09.28 07:13:35.012,16.60452,16.61026,0.00,0.00
2011.09.28 07:13:35.242,16.60492,16.61039,0.00,0.00
2011.09.28 07:13:36.206,16.60543,16.61039,0.00,0.00
2011.09.28 07:13:36.706,16.60624,16.6102,0.00,0.00
2011.09.28 07:13:37.041,16.6065,16.61096,0.00,0.00
2011.09.28 07:13:37.151,16.60645,16.61143,0.00,0.00
2011.09.28 07:13:37.480,16.60618,16.61165,0.00,0.00
2011.09.28 07:13:38.190,16.60646,16.61142,0.00,0.00
2011.09.28 07:13:38.746,16.60655,16.61153,0.00,0.00
2011.09.28 07:13:39.536,16.60682,16.61128,0.00,0.00
2011.09.28 07:13:39.924,16.60711,16.61057,0.00,0.00
2011.09.28 07:13:40.395,16.60651,16.61048,0.00,0.00
2011.09.28 07:13:40.740,16.60639,16.60939,0.00,0.00
2011.09.28 07:13:41.160,16.60468,16.60816,0.00,0.00
2011.09.28 07:13:41.276,16.60246,16.60794,0.00,0.00
2011.09.28 07:13:41.695,16.60234,16.6073,0.00,0.00
2011.09.28 07:13:41.919,16.60326,16.60674,0.00,0.00
2011.09.28 07:13:42.031,16.60332,16.60728,0.00,0.00
2011.09.28 07:13:42.263,16.60313,16.60811,0.00,0.00
2011.09.28 07:13:42.610,16.6035,16.60796,0.00,0.00
2011.09.28 07:13:43.635,16.60367,16.60763,0.00,0.00
2011.09.28 07:13:44.006,16.6037,16.60716,0.00,0.00
2011.09.28 07:13:44.341,16.60306,16.60652,0.00,0.00
2011.09.28 07:13:44.672,16.60063,16.60703,0.00,0.00
2011.09.28 07:13:44.901,16.59998,16.60638,0.00,0.00
2011.09.28 07:13:45.234,16.59987,16.60627,0.00,0.00
2011.09.28 07:13:45.353,16.60047,16.60687,0.00,0.00
2011.09.28 07:13:45.582,16.60234,16.60582,0.00,0.00
2011.09.28 07:13:45.703,16.60102,16.60669,0.00,0.00
2011.09.28 07:13:46.742,16.60075,16.60739,0.00,0.00
2011.09.28 07:13:46.861,16.60153,16.60849,0.00,0.00
2011.09.28 07:13:47.480,16.60347,16.60943,0.00,0.00
2011.09.28 07:13:47.703,16.60435,16.61071,0.00,0.00
2011.09.28 07:13:48.632,16.6052,16.61108,0.00,0.00
2011.09.28 07:13:49.023,16.60545,16.61143,0.00,0.00
2011.09.28 07:13:49.261,16.6058,16.61126,0.00,0.00
2011.09.28 07:13:49.371,16.6056,16.61156,0.00,0.00
2011.09.28 07:13:49.483,16.60588,16.61134,0.00,0.00
2011.09.28 07:13:49.601,16.60578,16.61176,0.00,0.00
2011.09.28 07:13:49.710,16.60583,16.61223,0.00,0.00
2011.09.28 07:13:49.821,16.60637,16.61233,0.00,0.00
2011.09.28 07:13:50.041,16.60631,16.61271,0.00,0.00
2011.09.28 07:13:50.261,16.60645,16.61243,0.00,0.00
2011.09.28 07:13:50.770,16.60628,16.61268,0.00,0.00
2011.09.28 07:13:51.596,16.60678,16.61226,0.00,0.00
2011.09.28 07:13:51.825,16.60654,16.61252,0.00,0.00
2011.09.28 07:13:52.312,16.60711,16.61209,0.00,0.00
2011.09.28 07:13:52.751,16.60713,16.61259,0.00,0.00
2011.09.28 07:13:54.136,16.60698,16.61294,0.00,0.00
2011.09.28 07:13:54.612,16.60754,16.6125,0.00,0.00
2011.09.28 07:13:54.952,16.60783,16.61229,0.00,0.00
2011.09.28 07:13:55.310,16.60798,16.61196,0.00,0.00
2011.09.28 07:13:56.966,16.60829,16.61176,0.00,0.00
2011.09.28 07:13:57.515,16.60794,16.6114,0.00,0.00
2011.09.28 07:13:57.842,16.60677,16.61075,0.00,0.00
2011.09.28 07:13:58.180,16.60602,16.60928,0.00,0.00
2011.09.28 07:13:58.291,16.60467,16.60813,0.00,0.00
2011.09.28 07:13:58.406,16.60393,16.60693,0.00,0.00
2011.09.28 07:13:58.742,16.60312,16.60626,0.00,0.00
2011.09.28 07:13:59.299,16.60086,16.60693,0.00,0.00
2011.09.28 07:13:59.765,16.60031,16.60667,0.00,0.00
2011.09.28 07:14:00.426,16.60014,16.60654,0.00,0.00
2011.09.28 07:14:01.691,16.60014,16.60654,0.00,0.00
2011.09.28 07:14:02.281,16.60088,16.60534,0.00,0.00
2011.09.28 07:14:02.392,16.59948,16.60646,0.00,0.00
2011.09.28 07:14:03.158,16.60041,16.60537,0.00,0.00
2011.09.28 07:14:03.285,16.59936,16.60576,0.00,0.00
2011.09.28 07:14:03.751,16.5999,16.60537,0.00,0.00
2011.09.28 07:14:03.973,16.59972,16.60612,0.00,0.00
2011.09.28 07:14:04.752,16.60007,16.60647,0.00,0.00
2011.09.28 07:14:05.435,16.60058,16.60674,0.00,0.00
2011.09.28 07:14:05.838,16.59996,16.60833,0.00,0.00
2011.09.28 07:14:05.972,16.60231,16.60769,0.00,0.00
2011.09.28 07:14:06.197,16.60324,16.60871,0.00,0.00
2011.09.28 07:14:06.316,16.60366,16.60962,0.00,0.00
2011.09.28 07:14:07.730,16.60465,16.60961,0.00,0.00
2011.09.28 07:14:07.944,16.60438,16.61034,0.00,0.00
2011.09.28 07:14:08.280,16.60448,16.61046,0.00,0.00
2011.09.28 07:14:08.593,16.6053,16.61028,0.00,0.00
2011.09.28 07:14:08.930,16.60566,16.61084,0.00,0.00
2011.09.28 07:14:09.151,16.6055,16.6119,0.00,0.00
2011.09.28 07:14:09.265,16.60618,16.61236,0.00,0.00
2011.09.28 07:14:09.382,16.60688,16.61328,0.00,0.00
2011.09.28 07:14:09.504,16.60765,16.61341,0.00,0.00
2011.09.28 07:14:09.734,16.6075,16.6139,0.00,0.00
2011.09.28 07:14:10.294,16.60758,16.61398,0.00,0.00
2011.09.28 07:14:10.736,16.60783,16.61423,0.00,0.00
2011.09.28 07:14:11.403,16.60848,16.61416,0.00,0.00
2011.09.28 07:14:11.520,16.60881,16.61477,0.00,0.00
2011.09.28 07:14:11.633,16.61039,16.61456,0.00,0.00
2011.09.28 07:14:11.752,16.60993,16.61619,0.00,0.00
2011.09.28 07:14:12.391,16.61001,16.61641,0.00,0.00
2011.09.28 07:14:12.500,16.61007,16.61647,0.00,0.00
2011.09.28 07:14:13.014,16.61076,16.61622,0.00,0.00
2011.09.28 07:14:13.415,16.61081,16.61679,0.00,0.00
2011.09.28 07:14:14.259,16.61177,16.61673,0.00,0.00
2011.09.28 07:14:16.123,16.61284,16.61731,0.00,0.00
2011.09.28 07:14:16.794,16.61436,16.61832,0.00,0.00
2011.09.28 07:14:16.913,16.61368,16.62108,0.00,0.00
2011.09.28 07:14:17.032,16.61424,16.62162,0.00,0.00
2011.09.28 07:14:17.773,16.61496,16.62163,0.00,0.00
2011.09.28 07:14:18.113,16.61533,16.62173,0.00,0.00
2011.09.28 07:14:18.584,16.61531,16.62171,0.00,0.00
2011.09.28 07:14:18.924,16.61455,16.62153,0.00,0.00
2011.09.28 07:14:19.042,16.61516,16.62014,0.00,0.00
2011.09.28 07:14:19.261,16.61446,16.62104,0.00,0.00
2011.09.28 07:14:19.740,16.61552,16.6208,0.00,0.00
2011.09.28 07:14:20.233,16.61521,16.62161,0.00,0.00
2011.09.28 07:14:20.352,16.61543,16.62179,0.00,0.00
2011.09.28 07:14:20.908,16.61607,16.62247,0.00,0.00
2011.09.28 07:14:21.241,16.61675,16.62315,0.00,0.00
2011.09.28 07:14:21.572,16.61733,16.62373,0.00,0.00
2011.09.28 07:14:21.903,16.61858,16.62404,0.00,0.00
2011.09.28 07:14:22.021,16.61867,16.62507,0.00,0.00
2011.09.28 07:14:23.981,16.61895,16.62535,0.00,0.00
2011.09.28 07:14:24.325,16.6192,16.6256,0.00,0.00
2011.09.28 07:14:24.711,16.62006,16.62604,0.00,0.00
2011.09.28 07:14:24.822,16.62074,16.62682,0.00,0.00
2011.09.28 07:14:24.941,16.62079,16.62719,0.00,0.00
2011.09.28 07:14:25.052,16.62101,16.62707,0.00,0.00
2011.09.28 07:14:25.271,16.62151,16.62791,0.00,0.00
2011.09.28 07:14:25.382,16.62257,16.62897,0.00,0.00
2011.09.28 07:14:25.748,16.62313,16.62953,0.00,0.00
2011.09.28 07:14:26.316,16.62325,16.62965,0.00,0.00
2011.09.28 07:14:27.374,16.62362,16.63002,0.00,0.00
2011.09.28 07:14:27.858,16.62474,16.6297,0.00,0.00
2011.09.28 07:14:27.973,16.62382,16.63022,0.00,0.00
2011.09.28 07:14:28.422,16.62394,16.63034,0.00,0.00
2011.09.28 07:14:28.878,16.62467,16.63107,0.00,0.00
2011.09.28 07:14:29.211,16.62607,16.63103,0.00,0.00
2011.09.28 07:14:29.840,16.62646,16.63092,0.00,0.00
2011.09.28 07:14:30.781,16.62652,16.63148,0.00,0.00
2011.09.28 07:14:30.927,16.62717,16.63233,0.00,0.00
2011.09.28 07:14:31.046,16.62847,16.63242,0.00,0.00
2011.09.28 07:14:31.162,16.62852,16.6337,0.00,0.00
2011.09.28 07:14:31.623,16.62892,16.63454,0.00,0.00
2011.09.28 07:14:31.744,16.62981,16.63497,0.00,0.00
2011.09.28 07:14:32.304,16.63109,16.63531,0.00,0.00
2011.09.28 07:14:32.631,16.63107,16.63747,0.00,0.00
2011.09.28 07:14:32.747,16.63401,16.63747,0.00,0.00
2011.09.28 07:14:32.861,16.63346,16.63986,0.00,0.00
2011.09.28 07:14:32.971,16.63349,16.63989,0.00,0.00
2011.09.28 07:14:33.412,16.63109,16.64163,0.00,0.00
2011.09.28 07:14:33.522,16.63263,16.63903,0.00,0.00
2011.09.28 07:14:34.170,16.63269,16.63909,0.00,0.00
2011.09.28 07:14:34.501,16.63307,16.63947,0.00,0.00
2011.09.28 07:14:34.828,16.63329,16.63969,0.00,0.00
2011.09.28 07:14:35.160,16.63387,16.64027,0.00,0.00
2011.09.28 07:14:36.193,16.63483,16.64123,0.00,0.00
2011.09.28 07:14:36.542,16.636,16.6424,0.00,0.00
2011.09.28 07:14:37.777,16.63661,16.64301,0.00,0.00
2011.09.28 07:14:38.190,16.63646,16.64286,0.00,0.00
2011.09.28 07:14:39.276,16.63616,16.64143,0.00,0.00
2011.09.28 07:14:39.876,16.63518,16.63964,0.00,0.00
2011.09.28 07:14:40.211,16.63423,16.6382,0.00,0.00
2011.09.28 07:14:40.762,16.63362,16.63758,0.00,0.00
2011.09.28 07:14:40.878,16.6334,16.63736,0.00,0.00
2011.09.28 07:14:41.544,16.63335,16.63681,0.00,0.00
2011.09.28 07:14:41.668,16.63233,16.6363,0.00,0.00
2011.09.28 07:14:41.786,16.6319,16.6349,0.00,0.00
2011.09.28 07:14:42.739,16.62989,16.63629,0.00,0.00
2011.09.28 07:14:42.867,16.63098,16.63494,0.00,0.00
2011.09.28 07:14:43.090,16.6294,16.63527,0.00,0.00
2011.09.28 07:14:43.314,16.62882,16.63518,0.00,0.00
2011.09.28 07:14:43.764,16.62872,16.63468,0.00,0.00
2011.09.28 07:14:44.104,16.62854,16.63401,0.00,0.00
2011.09.28 07:14:44.487,16.62767,16.63353,0.00,0.00
2011.09.28 07:14:44.993,16.6269,16.63257,0.00,0.00
2011.09.28 07:14:45.335,16.62599,16.63239,0.00,0.00
2011.09.28 07:14:45.458,16.62778,16.63078,0.00,0.00
2011.09.28 07:14:45.700,16.62772,16.63072,0.00,0.00
2011.09.28 07:14:45.972,16.62629,16.63127,0.00,0.00
2011.09.28 07:14:46.090,16.62649,16.63045,0.00,0.00
2011.09.28 07:14:46.584,16.62542,16.6304,0.00,0.00
2011.09.28 07:14:46.722,16.62554,16.6295,0.00,0.00
2011.09.28 07:14:46.845,16.62539,16.62961,0.00,0.00
2011.09.28 07:14:47.326,16.62474,16.62996,0.00,0.00
2011.09.28 07:14:47.618,16.62519,16.62967,0.00,0.00
2011.09.28 07:14:48.632,16.62445,16.63085,0.00,0.00
2011.09.28 07:14:48.863,16.62468,16.63066,0.00,0.00
2011.09.28 07:14:48.982,16.62457,16.63095,0.00,0.00
2011.09.28 07:14:49.104,16.62514,16.63061,0.00,0.00
2011.09.28 07:14:50.308,16.62526,16.62972,0.00,0.00
2011.09.28 07:14:50.641,16.62468,16.62924,0.00,0.00
2011.09.28 07:14:51.154,16.62514,16.62898,0.00,0.00
2011.09.28 07:14:51.276,16.62533,16.62917,0.00,0.00
2011.09.28 07:14:51.392,16.6253,16.62977,0.00,0.00
2011.09.28 07:14:52.377,16.62515,16.63063,0.00,0.00
2011.09.28 07:14:52.614,16.62516,16.63114,0.00,0.00
2011.09.28 07:14:52.735,16.62561,16.63129,0.00,0.00
2011.09.28 07:14:52.854,16.62583,16.6318,0.00,0.00
2011.09.28 07:14:52.973,16.62634,16.63212,0.00,0.00
2011.09.28 07:14:53.094,16.62642,16.63269,0.00,0.00
2011.09.28 07:14:53.212,16.62695,16.63262,0.00,0.00
2011.09.28 07:14:53.952,16.62713,16.6326,0.00,0.00
2011.09.28 07:14:54.077,16.6266,16.633,0.00,0.00
2011.09.28 07:14:54.196,16.6268,16.63236,0.00,0.00
2011.09.28 07:14:54.311,16.62647,16.63245,0.00,0.00
2011.09.28 07:14:54.426,16.62642,16.63282,0.00,0.00
2011.09.28 07:14:54.654,16.62707,16.63305,0.00,0.00
2011.09.28 07:14:55.044,16.6289,16.63247,0.00,0.00
2011.09.28 07:14:55.381,16.6297,16.63288,0.00,0.00
2011.09.28 07:14:55.956,16.63005,16.63361,0.00,0.00
2011.09.28 07:14:56.365,16.63008,16.63414,0.00,0.00
2011.09.28 07:14:56.836,16.63004,16.63426,0.00,0.00
2011.09.28 07:14:57.105,16.62979,16.63435,0.00,0.00
2011.09.28 07:14:57.226,16.62959,16.63443,0.00,0.00
2011.09.28 07:14:57.563,16.62972,16.63446,0.00,0.00
2011.09.28 07:14:57.987,16.63009,16.63465,0.00,0.00
2011.09.28 07:14:58.460,16.6295,16.6359,0.00,0.00
2011.09.28 07:14:58.576,16.62984,16.6359,0.00,0.00
2011.09.28 07:14:59.055,16.63023,16.63587,0.00,0.00
2011.09.28 07:14:59.373,16.63063,16.63575,0.00,0.00
2011.09.28 07:14:59.926,16.63075,16.63572,0.00,0.00
2011.09.28 07:15:00.722,16.63072,16.63584,0.00,0.00
2011.09.28 07:15:00.853,16.63078,16.63584,0.00,0.00
2011.09.28 07:15:00.976,16.63078,16.63591,0.00,0.00
2011.09.28 07:15:01.304,16.63096,16.63602,0.00,0.00
2011.09.28 07:15:01.641,16.63144,16.6364,0.00,0.00
2011.09.28 07:15:02.464,16.63172,16.63812,0.00,0.00
2011.09.28 07:15:02.748,16.63315,16.63921,0.00,0.00
2011.09.28 07:15:03.593,16.63391,16.64031,0.00,0.00
2011.09.28 07:15:04.210,16.63505,16.64083,0.00,0.00
2011.09.28 07:15:04.327,16.63584,16.64191,0.00,0.00
2011.09.28 07:15:04.445,16.63795,16.64201,0.00,0.00
2011.09.28 07:15:04.780,16.63884,16.64268,0.00,0.00
2011.09.28 07:15:04.890,16.63885,16.64369,0.00,0.00
2011.09.28 07:15:05.004,16.63885,16.64418,0.00,0.00
2011.09.28 07:15:05.121,16.63884,16.6444,0.00,0.00
2011.09.28 07:15:05.525,16.6391,16.64442,0.00,0.00
2011.09.28 07:15:05.864,16.6395,16.64423,0.00,0.00
2011.09.28 07:15:06.343,16.63942,16.64446,0.00,0.00
2011.09.28 07:15:06.464,16.63983,16.64439,0.00,0.00
2011.09.28 07:15:06.835,16.64024,16.64457,0.00,0.00
2011.09.28 07:15:07.061,16.63948,16.64564,0.00,0.00
2011.09.28 07:15:07.284,16.63983,16.64451,0.00,0.00
2011.09.28 07:15:07.624,16.63868,16.64364,0.00,0.00
2011.09.28 07:15:07.854,16.63796,16.64192,0.00,0.00
2011.09.28 07:15:08.352,16.63774,16.6412,0.00,0.00
2011.09.28 07:15:08.470,16.63404,16.64502,0.00,0.00
2011.09.28 07:15:08.580,16.63497,16.64465,0.00,0.00
2011.09.28 07:15:08.907,16.63697,16.64337,0.00,0.00
2011.09.28 07:15:09.240,16.63744,16.64384,0.00,0.00
2011.09.28 07:15:09.571,16.63814,16.64454,0.00,0.00
2011.09.28 07:15:09.902,16.63963,16.64419,0.00,0.00
2011.09.28 07:15:10.294,16.63902,16.64408,0.00,0.00
2011.09.28 07:15:10.412,16.63846,16.64234,0.00,0.00
2011.09.28 07:15:11.100,16.63621,16.64261,0.00,0.00
2011.09.28 07:15:11.429,16.63767,16.64073,0.00,0.00
2011.09.28 07:15:11.540,16.63761,16.64117,0.00,0.00
2011.09.28 07:15:11.648,16.63669,16.64275,0.00,0.00
2011.09.28 07:15:11.759,16.63454,16.64594,0.00,0.00
2011.09.28 07:15:11.870,16.63807,16.64452,0.00,0.00
2011.09.28 07:15:12.370,16.63917,16.64615,0.00,0.00
2011.09.28 07:15:12.479,16.64071,16.64694,0.00,0.00
2011.09.28 07:15:13.267,16.64162,16.64774,0.00,0.00
2011.09.28 07:15:14.059,16.64128,16.64773,0.00,0.00
2011.09.28 07:15:14.171,16.64157,16.64481,0.00,0.00
2011.09.28 07:15:14.511,16.63943,16.6434,0.00,0.00
2011.09.28 07:15:14.619,16.63789,16.64245,0.00,0.00
2011.09.28 07:15:15.135,16.63799,16.64205,0.00,0.00
2011.09.28 07:15:15.254,16.6381,16.64408,0.00,0.00
2011.09.28 07:15:15.368,16.64018,16.64536,0.00,0.00
2011.09.28 07:15:15.480,16.64015,16.64755,0.00,0.00
2011.09.28 07:15:15.702,16.64092,16.64708,0.00,0.00
2011.09.28 07:15:15.821,16.64049,16.64689,0.00,0.00
2011.09.28 07:15:15.930,16.63959,16.64599,0.00,0.00
2011.09.28 07:15:16.263,16.638,16.64538,0.00,0.00
2011.09.28 07:15:16.384,16.63783,16.64423,0.00,0.00
2011.09.28 07:15:17.004,16.6378,16.64327,0.00,0.00
2011.09.28 07:15:17.392,16.638,16.64248,0.00,0.00
2011.09.28 07:15:17.515,16.63774,16.6427,0.00,0.00
2011.09.28 07:15:18.093,16.63881,16.64227,0.00,0.00
2011.09.28 07:15:18.219,16.6391,16.64328,0.00,0.00
2011.09.28 07:15:18.345,16.64021,16.64321,0.00,0.00
2011.09.28 07:15:18.461,16.64065,16.64365,0.00,0.00
2011.09.28 07:15:18.572,16.64105,16.64409,0.00,0.00
2011.09.28 07:15:18.697,16.64147,16.64447,0.00,0.00
2011.09.28 07:15:19.085,16.6416,16.64512,0.00,0.00
2011.09.28 07:15:19.201,16.64054,16.64699,0.00,0.00
2011.09.28 07:15:19.313,16.641,16.64732,0.00,0.00
2011.09.28 07:15:19.435,16.64136,16.64776,0.00,0.00
2011.09.28 07:15:19.559,16.64175,16.64815,0.00,0.00
2011.09.28 07:15:19.957,16.64212,16.64857,0.00,0.00
2011.09.28 07:15:20.900,16.64251,16.64899,0.00,0.00
2011.09.28 07:15:21.120,16.64253,16.64976,0.00,0.00
2011.09.28 07:15:21.342,16.64331,16.64977,0.00,0.00
2011.09.28 07:15:21.785,16.64373,16.65013,0.00,0.00
2011.09.28 07:15:22.120,16.64423,16.65041,0.00,0.00
2011.09.28 07:15:22.233,16.64452,16.65092,0.00,0.00
2011.09.28 07:15:22.662,16.64492,16.65132,0.00,0.00
2011.09.28 07:15:23.082,16.64531,16.65171,0.00,0.00
2011.09.28 07:15:23.412,16.64717,16.65064,0.00,0.00
2011.09.28 07:15:23.534,16.64637,16.65224,0.00,0.00
2011.09.28 07:15:23.651,16.6465,16.6529,0.00,0.00
2011.09.28 07:15:23.984,16.64736,16.65284,0.00,0.00
2011.09.28 07:15:24.211,16.64729,16.65369,0.00,0.00
2011.09.28 07:15:24.332,16.64769,16.65409,0.00,0.00
2011.09.28 07:15:25.017,16.64945,16.65311,0.00,0.00
2011.09.28 07:15:25.141,16.64848,16.65488,0.00,0.00
2011.09.28 07:15:26.023,16.64904,16.65511,0.00,0.00
2011.09.28 07:15:26.257,16.64927,16.65567,0.00,0.00
2011.09.28 07:15:26.855,16.65089,16.65486,0.00,0.00
2011.09.28 07:15:26.972,16.65078,16.65576,0.00,0.00
2011.09.28 07:15:27.188,16.65057,16.65675,0.00,0.00
2011.09.28 07:15:27.407,16.65086,16.65726,0.00,0.00
2011.09.28 07:15:27.518,16.65146,16.65744,0.00,0.00
2011.09.28 07:15:27.746,16.65165,16.65805,0.00,0.00
2011.09.28 07:15:27.863,16.65205,16.65845,0.00,0.00
2011.09.28 07:15:28.531,16.65245,16.65885,0.00,0.00
2011.09.28 07:15:29.114,16.65285,16.65925,0.00,0.00
2011.09.28 07:15:29.449,16.65324,16.65964,0.00,0.00
2011.09.28 07:15:29.778,16.65363,16.66003,0.00,0.00
2011.09.28 07:15:30.792,16.65403,16.66043,0.00,0.00
2011.09.28 07:15:31.437,16.65443,16.66083,0.00,0.00
2011.09.28 07:15:31.976,16.65505,16.66101,0.00,0.00
2011.09.28 07:15:32.202,16.65522,16.66162,0.00,0.00
2011.09.28 07:15:32.310,16.65573,16.66191,0.00,0.00
2011.09.28 07:15:32.875,16.65673,16.66171,0.00,0.00
2011.09.28 07:15:33.103,16.65641,16.66281,0.00,0.00
2011.09.28 07:15:33.767,16.65751,16.66249,0.00,0.00
2011.09.28 07:15:34.092,16.65867,16.66213,0.00,0.00
2011.09.28 07:15:34.211,16.65883,16.66279,0.00,0.00
2011.09.28 07:15:34.320,16.65946,16.66294,0.00,0.00
2011.09.28 07:15:35.262,16.65976,16.66344,0.00,0.00
2011.09.28 07:15:35.493,16.65916,16.66484,0.00,0.00
2011.09.28 07:15:36.465,16.65941,16.66539,0.00,0.00
2011.09.28 07:15:36.583,16.66056,16.66504,0.00,0.00
2011.09.28 07:15:36.974,16.66047,16.66593,0.00,0.00
2011.09.28 07:15:37.797,16.66112,16.66608,0.00,0.00
2011.09.28 07:15:38.241,16.66132,16.66666,0.00,0.00
2011.09.28 07:15:38.354,16.66228,16.66648,0.00,0.00
2011.09.28 07:15:38.769,16.66205,16.66752,0.00,0.00
2011.09.28 07:15:39.814,16.662,16.66836,0.00,0.00
2011.09.28 07:15:39.935,16.66276,16.66838,0.00,0.00
2011.09.28 07:15:40.057,16.66277,16.66917,0.00,0.00
2011.09.28 07:15:40.998,16.66338,16.66934,0.00,0.00
2011.09.28 07:15:41.332,16.66463,16.66889,0.00,0.00
2011.09.28 07:15:41.778,16.66416,16.67014,0.00,0.00
2011.09.28 07:15:41.897,16.66435,16.67075,0.00,0.00
2011.09.28 07:15:42.342,16.66501,16.67088,0.00,0.00
2011.09.28 07:15:42.453,16.66517,16.67153,0.00,0.00
2011.09.28 07:15:42.725,16.66565,16.67183,0.00,0.00
2011.09.28 07:15:43.064,16.6664,16.67186,0.00,0.00
2011.09.28 07:15:43.187,16.66655,16.67251,0.00,0.00
2011.09.28 07:15:43.707,16.66743,16.67243,0.00,0.00
2011.09.28 07:15:44.648,16.66713,16.67353,0.00,0.00
2011.09.28 07:15:44.765,16.66757,16.67385,0.00,0.00
2011.09.28 07:15:44.881,16.66791,16.67431,0.00,0.00
2011.09.28 07:15:44.997,16.66953,16.6735,0.00,0.00
2011.09.28 07:15:46.213,16.66964,16.67418,0.00,0.00
2011.09.28 07:15:46.374,16.67021,16.67467,0.00,0.00
2011.09.28 07:15:46.601,16.67069,16.67617,0.00,0.00
2011.09.28 07:15:47.612,16.67211,16.67709,0.00,0.00
2011.09.28 07:15:48.502,16.67252,16.67799,0.00,0.00
2011.09.28 07:15:48.617,16.67303,16.67757,0.00,0.00
2011.09.28 07:15:49.101,16.6718,16.67776,0.00,0.00
2011.09.28 07:15:49.323,16.67092,16.67668,0.00,0.00
2011.09.28 07:15:49.662,16.66943,16.67583,0.00,0.00
2011.09.28 07:15:49.891,16.669,16.6754,0.00,0.00
2011.09.28 07:15:50.223,16.66994,16.67442,0.00,0.00
2011.09.28 07:15:50.560,16.66876,16.67516,0.00,0.00
2011.09.28 07:15:51.065,16.66843,16.67483,0.00,0.00
2011.09.28 07:15:51.735,16.66767,16.67485,0.00,0.00
2011.09.28 07:15:51.853,16.66792,16.6736,0.00,0.00
2011.09.28 07:15:51.972,16.66751,16.67219,0.00,0.00
2011.09.28 07:15:52.305,16.66714,16.67014,0.00,0.00
2011.09.28 07:15:52.419,16.66534,16.6698,0.00,0.00
2011.09.28 07:15:52.861,16.66359,16.66999,0.00,0.00
2011.09.28 07:15:53.344,16.66398,16.66976,0.00,0.00
2011.09.28 07:15:53.469,16.66426,16.67066,0.00,0.00
2011.09.28 07:15:53.655,16.66547,16.67103,0.00,0.00
2011.09.28 07:15:53.770,16.66592,16.67232,0.00,0.00
2011.09.28 07:15:53.991,16.66689,16.67285,0.00,0.00
2011.09.28 07:15:54.654,16.6677,16.6741,0.00,0.00
2011.09.28 07:15:55.240,16.66941,16.67497,0.00,0.00
2011.09.28 07:15:55.761,16.67185,16.67519,0.00,0.00
2011.09.28 07:15:55.880,16.67164,16.67804,0.00,0.00
2011.09.28 07:15:55.992,16.67294,16.67934,0.00,0.00
2011.09.28 07:15:56.319,16.67423,16.68063,0.00,0.00
2011.09.28 07:15:56.651,16.67493,16.68133,0.00,0.00
2011.09.28 07:15:56.983,16.67474,16.68081,0.00,0.00
2011.09.28 07:15:57.423,16.67426,16.68,0.00,0.00
2011.09.28 07:15:57.542,16.6742,16.68038,0.00,0.00
2011.09.28 07:15:57.763,16.67475,16.68115,0.00,0.00
2011.09.28 07:15:58.326,16.67609,16.68077,0.00,0.00
2011.09.28 07:15:58.442,16.67555,16.68173,0.00,0.00
2011.09.28 07:15:58.552,16.67592,16.6819,0.00,0.00
2011.09.28 07:15:58.661,16.67594,16.68234,0.00,0.00
2011.09.28 07:15:58.772,16.676,16.6824,0.00,0.00
2011.09.28 07:15:59.326,16.67604,16.68244,0.00,0.00
2011.09.28 07:16:00.151,16.67617,16.68257,0.00,0.00
2011.09.28 07:16:00.482,16.67732,16.683,0.00,0.00
2011.09.28 07:16:00.939,16.67978,16.68278,0.00,0.00
2011.09.28 07:16:01.064,16.67728,16.68676,0.00,0.00
2011.09.28 07:16:01.178,16.67677,16.68831,0.00,0.00
2011.09.28 07:16:01.287,16.67847,16.68749,0.00,0.00
2011.09.28 07:16:01.397,16.67863,16.68816,0.00,0.00
2011.09.28 07:16:01.516,16.67928,16.68831,0.00,0.00
2011.09.28 07:16:01.864,16.67996,16.68843,0.00,0.00
2011.09.28 07:16:02.202,16.68111,16.68807,0.00,0.00
2011.09.28 07:16:02.885,16.68084,16.68914,0.00,0.00
2011.09.28 07:16:03.000,16.68218,16.68858,0.00,0.00
2011.09.28 07:16:03.327,16.68258,16.68898,0.00,0.00
2011.09.28 07:16:03.662,16.68298,16.68938,0.00,0.00
2011.09.28 07:16:04.001,16.68338,16.68978,0.00,0.00
2011.09.28 07:16:04.329,16.68377,16.69017,0.00,0.00
2011.09.28 07:16:04.441,16.68387,16.69084,0.00,0.00
2011.09.28 07:16:04.660,16.68456,16.69096,0.00,0.00
2011.09.28 07:16:05.403,16.68513,16.69119,0.00,0.00
2011.09.28 07:16:05.513,16.68541,16.69181,0.00,0.00
2011.09.28 07:16:06.021,16.68599,16.69239,0.00,0.00
2011.09.28 07:16:06.451,16.68719,16.69217,0.00,0.00
2011.09.28 07:16:06.560,16.68695,16.69291,0.00,0.00
2011.09.28 07:16:06.779,16.68743,16.69339,0.00,0.00
2011.09.28 07:16:06.889,16.68785,16.69425,0.00,0.00
2011.09.28 07:16:07.511,16.68825,16.69465,0.00,0.00
2011.09.28 07:16:07.910,16.6881,16.6945,0.00,0.00
2011.09.28 07:16:08.501,16.68761,16.69357,0.00,0.00
2011.09.28 07:16:08.721,16.68612,16.69308,0.00,0.00
2011.09.28 07:16:08.834,16.68601,16.69197,0.00,0.00
2011.09.28 07:16:08.952,16.68551,16.69197,0.00,0.00
2011.09.28 07:16:09.065,16.68443,16.69207,0.00,0.00
2011.09.28 07:16:09.589,16.68425,16.68973,0.00,0.00
2011.09.28 07:16:09.935,16.68399,16.68745,0.00,0.00
2011.09.28 07:16:10.158,16.68334,16.68731,0.00,0.00
2011.09.28 07:16:10.273,16.68324,16.6882,0.00,0.00
2011.09.28 07:16:10.391,16.68429,16.68826,0.00,0.00
2011.09.28 07:16:10.503,16.68388,16.68836,0.00,0.00
2011.09.28 07:16:10.621,16.68294,16.6879,0.00,0.00
2011.09.28 07:16:10.954,16.68293,16.68689,0.00,0.00
2011.09.28 07:16:11.440,16.68291,16.68637,0.00,0.00
2011.09.28 07:16:11.554,16.68259,16.68634,0.00,0.00
2011.09.28 07:16:11.671,16.68063,16.68769,0.00,0.00
2011.09.28 07:16:11.894,16.68195,16.68563,0.00,0.00
2011.09.28 07:16:12.012,16.68021,16.68661,0.00,0.00
2011.09.28 07:16:12.460,16.68017,16.68585,0.00,0.00
2011.09.28 07:16:12.791,16.68077,16.68445,0.00,0.00
2011.09.28 07:16:12.904,16.67938,16.68505,0.00,0.00
2011.09.28 07:16:13.024,16.67862,16.68502,0.00,0.00
2011.09.28 07:16:13.141,16.67821,16.68463,0.00,0.00
2011.09.28 07:16:13.561,16.67845,16.68361,0.00,0.00
2011.09.28 07:16:13.694,16.67764,16.68362,0.00,0.00
2011.09.28 07:16:13.814,16.67703,16.68343,0.00,0.00
2011.09.28 07:16:14.154,16.67542,16.68426,0.00,0.00
2011.09.28 07:16:14.272,16.6755,16.68338,0.00,0.00
2011.09.28 07:16:14.612,16.67585,16.68225,0.00,0.00
2011.09.28 07:16:14.838,16.67532,16.68198,0.00,0.00
2011.09.28 07:16:14.951,16.67456,16.68196,0.00,0.00
2011.09.28 07:16:15.511,16.67479,16.68095,0.00,0.00
2011.09.28 07:16:15.844,16.67493,16.68001,0.00,0.00
2011.09.28 07:16:16.180,16.67291,16.68125,0.00,0.00
2011.09.28 07:16:16.291,16.67419,16.67917,0.00,0.00
2011.09.28 07:16:16.511,16.67309,16.67949,0.00,0.00
2011.09.28 07:16:16.621,16.67391,16.67788,0.00,0.00
2011.09.28 07:16:16.844,16.67326,16.67774,0.00,0.00
2011.09.28 07:16:17.996,16.6736,16.6766,0.00,0.00
2011.09.28 07:16:18.111,16.67184,16.67758,0.00,0.00
2011.09.28 07:16:18.220,16.67008,16.67854,0.00,0.00
2011.09.28 07:16:18.443,16.67114,16.67668,0.00,0.00
2011.09.28 07:16:18.782,16.67164,16.67539,0.00,0.00
2011.09.28 07:16:19.001,16.67002,16.6762,0.00,0.00
2011.09.28 07:16:19.111,16.67013,16.6753,0.00,0.00
2011.09.28 07:16:19.441,16.66999,16.67465,0.00,0.00
2011.09.28 07:16:20.019,16.66823,16.67563,0.00,0.00
2011.09.28 07:16:20.133,16.66834,16.67474,0.00,0.00
2011.09.28 07:16:20.872,16.66794,16.67434,0.00,0.00
2011.09.28 07:16:21.702,16.66756,16.67394,0.00,0.00
2011.09.28 07:16:22.249,16.66863,16.67207,0.00,0.00
2011.09.28 07:16:22.375,16.66772,16.67218,0.00,0.00
2011.09.28 07:16:23.054,16.66757,16.67154,0.00,0.00
2011.09.28 07:16:23.392,16.66596,16.67236,0.00,0.00
2011.09.28 07:16:23.513,16.66557,16.67197,0.00,0.00
2011.09.28 07:16:23.631,16.66639,16.67035,0.00,0.00
2011.09.28 07:16:24.219,16.66524,16.67072,0.00,0.00
2011.09.28 07:16:24.772,16.66438,16.67078,0.00,0.00
2011.09.28 07:16:25.000,16.66399,16.67039,0.00,0.00
2011.09.28 07:16:25.441,16.66372,16.66988,0.00,0.00
2011.09.28 07:16:25.774,16.66432,16.66848,0.00,0.00
2011.09.28 07:16:26.385,16.66352,16.6685,0.00,0.00
2011.09.28 07:16:26.511,16.66131,16.66993,0.00,0.00
2011.09.28 07:16:26.625,16.66129,16.66915,0.00,0.00
2011.09.28 07:16:26.745,16.66063,16.669,0.00,0.00
2011.09.28 07:16:27.106,16.66039,16.66847,0.00,0.00
2011.09.28 07:16:27.221,16.65952,16.66856,0.00,0.00
2011.09.28 07:16:27.443,16.65918,16.66812,0.00,0.00
2011.09.28 07:16:27.782,16.66001,16.66647,0.00,0.00
2011.09.28 07:16:27.891,16.65883,16.66689,0.00,0.00
2011.09.28 07:16:28.617,16.65818,16.66684,0.00,0.00
2011.09.28 07:16:28.781,16.65817,16.66661,0.00,0.00
2011.09.28 07:16:29.111,16.65951,16.66591,0.00,0.00
2011.09.28 07:16:29.444,16.66048,16.66688,0.00,0.00
2011.09.28 07:16:29.781,16.66179,16.66815,0.00,0.00
2011.09.28 07:16:30.627,16.6632,16.66836,0.00,0.00
2011.09.28 07:16:30.763,16.66327,16.66894,0.00,0.00
2011.09.28 07:16:30.882,16.66314,16.66901,0.00,0.00
2011.09.28 07:16:31.101,16.66246,16.66886,0.00,0.00
2011.09.28 07:16:31.212,16.66175,16.66751,0.00,0.00
2011.09.28 07:16:31.323,16.66054,16.66672,0.00,0.00
2011.09.28 07:16:31.442,16.66094,16.66591,0.00,0.00
2011.09.28 07:16:31.813,16.66077,16.66623,0.00,0.00
2011.09.28 07:16:32.042,16.66054,16.6665,0.00,0.00
2011.09.28 07:16:32.688,16.66061,16.66607,0.00,0.00
2011.09.28 07:16:33.031,16.66017,16.66563,0.00,0.00
2011.09.28 07:16:33.362,16.65938,16.66436,0.00,0.00
2011.09.28 07:16:33.702,16.65837,16.66285,0.00,0.00
2011.09.28 07:16:35.024,16.65792,16.66176,0.00,0.00
2011.09.28 07:16:35.362,16.65598,16.66238,0.00,0.00
2011.09.28 07:16:35.473,16.65489,16.66129,0.00,0.00
2011.09.28 07:16:37.127,16.65416,16.65912,0.00,0.00
2011.09.28 07:16:38.210,16.65221,16.65819,0.00,0.00
2011.09.28 07:16:38.572,16.65221,16.65539,0.00,0.00
2011.09.28 07:16:38.690,16.651,16.65457,0.00,0.00
2011.09.28 07:16:38.802,16.64982,16.654,0.00,0.00
2011.09.28 07:16:39.021,16.64913,16.65351,0.00,0.00
2011.09.28 07:16:39.130,16.64816,16.65352,0.00,0.00
2011.09.28 07:16:39.352,16.64722,16.65362,0.00,0.00
2011.09.28 07:16:39.763,16.64756,16.65248,0.00,0.00
2011.09.28 07:16:39.883,16.64677,16.65249,0.00,0.00
2011.09.28 07:16:40.001,16.64567,16.65279,0.00,0.00
2011.09.28 07:16:40.220,16.64506,16.65258,0.00,0.00
2011.09.28 07:16:40.554,16.64433,16.65223,0.00,0.00
2011.09.28 07:16:40.781,16.64338,16.65128,0.00,0.00
2011.09.28 07:16:41.380,16.64263,16.65025,0.00,0.00
2011.09.28 07:16:41.711,16.64259,16.65001,0.00,0.00
2011.09.28 07:16:41.821,16.64234,16.64996,0.00,0.00
2011.09.28 07:16:43.035,16.64179,16.64969,0.00,0.00
2011.09.28 07:16:43.153,16.64183,16.64855,0.00,0.00
2011.09.28 07:16:43.569,16.64081,16.64853,0.00,0.00
2011.09.28 07:16:43.693,16.63995,16.64759,0.00,0.00
2011.09.28 07:16:44.091,16.63753,16.64727,0.00,0.00
2011.09.28 07:16:44.201,16.63699,16.64555,0.00,0.00
2011.09.28 07:16:44.531,16.63724,16.64364,0.00,0.00
2011.09.28 07:16:44.871,16.63658,16.64254,0.00,0.00
2011.09.28 07:16:45.091,16.63544,16.64184,0.00,0.00
2011.09.28 07:16:45.898,16.63441,16.64081,0.00,0.00
2011.09.28 07:16:46.234,16.63362,16.64002,0.00,0.00
2011.09.28 07:16:46.753,16.63402,16.63998,0.00,0.00
2011.09.28 07:16:46.876,16.63448,16.64088,0.00,0.00
2011.09.28 07:16:47.102,16.63563,16.6406,0.00,0.00
2011.09.28 07:16:47.222,16.63515,16.64111,0.00,0.00
2011.09.28 07:16:47.552,16.63457,16.64097,0.00,0.00
2011.09.28 07:16:47.661,16.63399,16.64039,0.00,0.00
2011.09.28 07:16:49.350,16.63497,16.63843,0.00,0.00
2011.09.28 07:16:49.462,16.63339,16.64033,0.00,0.00
2011.09.28 07:16:49.691,16.63434,16.64008,0.00,0.00
2011.09.28 07:16:50.034,16.63616,16.63916,0.00,0.00
2011.09.28 07:16:50.597,16.6345,16.64077,0.00,0.00
2011.09.28 07:16:50.713,16.63368,16.64106,0.00,0.00
2011.09.28 07:16:50.865,16.63382,16.64022,0.00,0.00
2011.09.28 07:16:50.986,16.63514,16.63814,0.00,0.00
2011.09.28 07:16:51.105,16.63304,16.63944,0.00,0.00
2011.09.28 07:16:51.220,16.63264,16.63904,0.00,0.00
2011.09.28 07:16:51.552,16.63224,16.63864,0.00,0.00
2011.09.28 07:16:51.882,16.63209,16.63796,0.00,0.00
2011.09.28 07:16:52.001,16.63141,16.63781,0.00,0.00
2011.09.28 07:16:52.545,16.63122,16.63762,0.00,0.00
2011.09.28 07:16:52.966,16.6318,16.63748,0.00,0.00
2011.09.28 07:16:53.086,16.63149,16.63789,0.00,0.00
2011.09.28 07:16:53.312,16.63122,16.63762,0.00,0.00
2011.09.28 07:16:53.862,16.63135,16.63741,0.00,0.00
2011.09.28 07:16:53.973,16.63104,16.63744,0.00,0.00
2011.09.28 07:16:54.092,16.63067,16.63707,0.00,0.00
2011.09.28 07:16:54.693,16.63111,16.63609,0.00,0.00
2011.09.28 07:16:55.142,16.63149,16.63597,0.00,0.00
2011.09.28 07:16:55.364,16.63107,16.63705,0.00,0.00
2011.09.28 07:16:55.701,16.6315,16.6379,0.00,0.00
2011.09.28 07:16:55.815,16.63122,16.64006,0.00,0.00
2011.09.28 07:16:56.043,16.63193,16.6405,0.00,0.00
2011.09.28 07:16:56.383,16.63227,16.64067,0.00,0.00
2011.09.28 07:16:56.886,16.63368,16.64008,0.00,0.00
2011.09.28 07:16:57.583,16.63439,16.64079,0.00,0.00
2011.09.28 07:16:58.862,16.63508,16.64148,0.00,0.00
2011.09.28 07:16:59.302,16.63538,16.64178,0.00,0.00
2011.09.28 07:17:00.623,16.63545,16.64185,0.00,0.00
2011.09.28 07:17:01.044,16.63581,16.64179,0.00,0.00
2011.09.28 07:17:01.162,16.63592,16.64232,0.00,0.00
2011.09.28 07:17:02.323,16.63634,16.64274,0.00,0.00
2011.09.28 07:17:02.852,16.63689,16.64329,0.00,0.00
2011.09.28 07:17:03.190,16.63765,16.64383,0.00,0.00
2011.09.28 07:17:03.593,16.63928,16.64325,0.00,0.00
2011.09.28 07:17:04.905,16.63976,16.64324,0.00,0.00
2011.09.28 07:17:05.413,16.63969,16.64365,0.00,0.00
2011.09.28 07:17:05.656,16.63938,16.64386,0.00,0.00
2011.09.28 07:17:05.883,16.63909,16.64407,0.00,0.00
2011.09.28 07:17:06.740,16.63933,16.64479,0.00,0.00
2011.09.28 07:17:06.879,16.63977,16.64575,0.00,0.00
2011.09.28 07:17:07.102,16.6401,16.64637,0.00,0.00
2011.09.28 07:17:07.212,16.64128,16.64624,0.00,0.00
2011.09.28 07:17:07.325,16.64078,16.64718,0.00,0.00
2011.09.28 07:17:07.442,16.64092,16.6467,0.00,0.00
2011.09.28 07:17:07.552,16.64051,16.64691,0.00,0.00
2011.09.28 07:17:07.665,16.64081,16.64699,0.00,0.00
2011.09.28 07:17:11.194,16.64091,16.64731,0.00,0.00
2011.09.28 07:17:12.071,16.64148,16.64646,0.00,0.00
2011.09.28 07:17:12.694,16.6413,16.64578,0.00,0.00
2011.09.28 07:17:13.044,16.64063,16.6446,0.00,0.00
2011.09.28 07:17:13.735,16.63959,16.64303,0.00,0.00
2011.09.28 07:17:13.871,16.63828,16.64174,0.00,0.00
2011.09.28 07:17:13.982,16.63573,16.64213,0.00,0.00
2011.09.28 07:17:14.238,16.63681,16.64029,0.00,0.00
2011.09.28 07:17:14.616,16.6365,16.64046,0.00,0.00
2011.09.28 07:17:14.843,16.63606,16.64102,0.00,0.00
2011.09.28 07:17:14.962,16.63637,16.64085,0.00,0.00
2011.09.28 07:17:15.073,16.63619,16.64115,0.00,0.00
2011.09.28 07:17:15.194,16.63522,16.64118,0.00,0.00
2011.09.28 07:17:15.826,16.63532,16.63938,0.00,0.00
2011.09.28 07:17:15.943,16.63507,16.63903,0.00,0.00
2011.09.28 07:17:16.612,16.63532,16.63838,0.00,0.00
2011.09.28 07:17:16.753,16.63424,16.6382,0.00,0.00
2011.09.28 07:17:17.980,16.63325,16.63773,0.00,0.00
2011.09.28 07:17:18.093,16.63297,16.63745,0.00,0.00
2011.09.28 07:17:18.212,16.63261,16.63759,0.00,0.00
2011.09.28 07:17:18.331,16.63269,16.63715,0.00,0.00
2011.09.28 07:17:19.210,16.63271,16.63667,0.00,0.00
2011.09.28 07:17:19.977,16.63223,16.6367,0.00,0.00
2011.09.28 07:17:20.204,16.63226,16.63622,0.00,0.00
2011.09.28 07:17:20.617,16.6319,16.63638,0.00,0.00
2011.09.28 07:17:20.735,16.63157,16.63655,0.00,0.00
2011.09.28 07:17:20.853,16.63149,16.63595,0.00,0.00
2011.09.28 07:17:21.256,16.6311,16.63458,0.00,0.00
2011.09.28 07:17:21.943,16.62836,16.63476,0.00,0.00
2011.09.28 07:17:22.267,16.62798,16.63354,0.00,0.00
2011.09.28 07:17:22.664,16.62777,16.634,0.00,0.00
2011.09.28 07:17:22.891,16.62951,16.63299,0.00,0.00
2011.09.28 07:17:23.002,16.62968,16.63364,0.00,0.00
2011.09.28 07:17:23.113,16.62922,16.63549,0.00,0.00
2011.09.28 07:17:23.230,16.62923,16.63563,0.00,0.00
2011.09.28 07:17:23.452,16.62936,16.63492,0.00,0.00
2011.09.28 07:17:23.904,16.62899,16.63447,0.00,0.00
2011.09.28 07:17:24.246,16.62921,16.63221,0.00,0.00
2011.09.28 07:17:24.471,16.62747,16.63099,0.00,0.00
2011.09.28 07:17:24.583,16.62671,16.62971,0.00,0.00
2011.09.28 07:17:24.927,16.62646,16.62946,0.00,0.00
2011.09.28 07:17:25.045,16.62648,16.62954,0.00,0.00
2011.09.28 07:17:25.583,16.62519,16.63067,0.00,0.00
2011.09.28 07:17:26.233,16.62572,16.6309,0.00,0.00
2011.09.28 07:17:26.574,16.62609,16.63249,0.00,0.00
2011.09.28 07:17:27.513,16.62611,16.63465,0.00,0.00
2011.09.28 07:17:27.631,16.62668,16.63502,0.00,0.00
2011.09.28 07:17:28.315,16.62788,16.63424,0.00,0.00
2011.09.28 07:17:28.812,16.62837,16.63433,0.00,0.00
2011.09.28 07:17:29.147,16.62876,16.63463,0.00,0.00
2011.09.28 07:17:29.264,16.62887,16.63523,0.00,0.00
2011.09.28 07:17:29.496,16.62965,16.63572,0.00,0.00
2011.09.28 07:17:29.855,16.63106,16.6359,0.00,0.00
2011.09.28 07:17:30.453,16.63155,16.63639,0.00,0.00
2011.09.28 07:17:30.820,16.63257,16.63611,0.00,0.00
2011.09.28 07:17:31.282,16.6326,16.63644,0.00,0.00
2011.09.28 07:17:31.391,16.63306,16.63612,0.00,0.00
2011.09.28 07:17:31.723,16.63271,16.63627,0.00,0.00
2011.09.28 07:17:32.694,16.63228,16.63684,0.00,0.00
2011.09.28 07:17:32.812,16.63169,16.63809,0.00,0.00
2011.09.28 07:17:32.922,16.63221,16.63817,0.00,0.00
2011.09.28 07:17:33.302,16.63269,16.63816,0.00,0.00
2011.09.28 07:17:34.621,16.63308,16.63814,0.00,0.00
2011.09.28 07:17:34.965,16.63327,16.63823,0.00,0.00
2011.09.28 07:17:35.084,16.6331,16.63856,0.00,0.00
2011.09.28 07:17:35.313,16.63343,16.63839,0.00,0.00
2011.09.28 07:17:35.432,16.633,16.63897,0.00,0.00
2011.09.28 07:17:35.541,16.6331,16.63856,0.00,0.00
2011.09.28 07:17:36.052,16.63335,16.63783,0.00,0.00
2011.09.28 07:17:36.794,16.63368,16.63716,0.00,0.00
2011.09.28 07:17:37.807,16.63327,16.63723,0.00,0.00
2011.09.28 07:17:37.922,16.63349,16.63695,0.00,0.00
2011.09.28 07:17:38.034,16.63289,16.63735,0.00,0.00
2011.09.28 07:17:38.153,16.63251,16.63647,0.00,0.00
2011.09.28 07:17:39.512,16.63178,16.63576,0.00,0.00
2011.09.28 07:17:39.621,16.63172,16.63472,0.00,0.00
2011.09.28 07:17:39.736,16.63096,16.63396,0.00,0.00
2011.09.28 07:17:39.964,16.63059,16.63359,0.00,0.00
2011.09.28 07:17:40.195,16.62978,16.63374,0.00,0.00
2011.09.28 07:17:40.338,16.62967,16.63313,0.00,0.00
2011.09.28 07:17:41.035,16.62877,16.63274,0.00,0.00
2011.09.28 07:17:41.262,16.62687,16.63265,0.00,0.00
2011.09.28 07:17:41.371,16.62588,16.63184,0.00,0.00
2011.09.28 07:17:41.547,16.62584,16.6303,0.00,0.00
2011.09.28 07:17:42.482,16.62502,16.62899,0.00,0.00
2011.09.28 07:17:42.595,16.6223,16.62928,0.00,0.00
2011.09.28 07:17:43.086,16.62224,16.6282,0.00,0.00
2011.09.28 07:17:43.483,16.62295,16.62743,0.00,0.00
2011.09.28 07:17:44.002,16.62248,16.62802,0.00,0.00
2011.09.28 07:17:44.112,16.62265,16.62763,0.00,0.00
2011.09.28 07:17:44.474,16.62272,16.6272,0.00,0.00
2011.09.28 07:17:45.316,16.62292,16.6269,0.00,0.00
2011.09.28 07:17:45.433,16.62279,16.62725,0.00,0.00
2011.09.28 07:17:45.552,16.62319,16.62716,0.00,0.00
2011.09.28 07:17:45.662,16.6229,16.62736,0.00,0.00
2011.09.28 07:17:45.774,16.62295,16.62693,0.00,0.00
2011.09.28 07:17:47.457,16.62256,16.62704,0.00,0.00
2011.09.28 07:17:47.837,16.62237,16.62635,0.00,0.00
2011.09.28 07:17:47.958,16.62141,16.62537,0.00,0.00
2011.09.28 07:17:48.291,16.6206,16.62408,0.00,0.00
2011.09.28 07:17:48.435,16.62004,16.624,0.00,0.00
2011.09.28 07:17:48.881,16.61988,16.62436,0.00,0.00
2011.09.28 07:17:48.994,16.62012,16.6251,0.00,0.00
2011.09.28 07:17:49.799,16.6202,16.6266,0.00,0.00
2011.09.28 07:17:49.927,16.62102,16.62742,0.00,0.00
2011.09.28 07:17:50.371,16.62166,16.62806,0.00,0.00
2011.09.28 07:17:50.704,16.62191,16.62831,0.00,0.00
2011.09.28 07:17:51.805,16.62197,16.62837,0.00,0.00
2011.09.28 07:17:52.264,16.6218,16.6282,0.00,0.00
2011.09.28 07:17:52.721,16.6219,16.62788,0.00,0.00
2011.09.28 07:17:53.161,16.62213,16.6276,0.00,0.00
2011.09.28 07:17:53.462,16.62241,16.62739,0.00,0.00
2011.09.28 07:17:54.210,16.62242,16.62788,0.00,0.00
2011.09.28 07:17:54.454,16.62184,16.62888,0.00,0.00
2011.09.28 07:17:54.575,16.62255,16.62789,0.00,0.00
2011.09.28 07:17:54.910,16.62317,16.62665,0.00,0.00
2011.09.28 07:17:55.643,16.62267,16.62615,0.00,0.00
2011.09.28 07:17:56.315,16.6214,16.62536,0.00,0.00
2011.09.28 07:17:56.432,16.62039,16.62387,0.00,0.00
2011.09.28 07:17:57.298,16.61937,16.62333,0.00,0.00
2011.09.28 07:17:57.688,16.6188,16.62228,0.00,0.00
2011.09.28 07:17:58.242,16.61726,16.62232,0.00,0.00
2011.09.28 07:17:59.342,16.61726,16.62174,0.00,0.00
2011.09.28 07:18:00.604,16.61741,16.62137,0.00,0.00
2011.09.28 07:18:00.833,16.61707,16.62155,0.00,0.00
2011.09.28 07:18:01.372,16.61696,16.6211,0.00,0.00
2011.09.28 07:18:01.702,16.61741,16.62047,0.00,0.00
2011.09.28 07:18:01.812,16.61759,16.62105,0.00,0.00
2011.09.28 07:18:01.922,16.61757,16.62155,0.00,0.00
2011.09.28 07:18:02.034,16.61722,16.62169,0.00,0.00
2011.09.28 07:18:02.151,16.61719,16.62125,0.00,0.00
2011.09.28 07:18:02.373,16.61732,16.6208,0.00,0.00
2011.09.28 07:18:02.876,16.61692,16.61992,0.00,0.00
2011.09.28 07:18:03.749,16.61535,16.62082,0.00,0.00
2011.09.28 07:18:04.845,16.61577,16.62101,0.00,0.00
2011.09.28 07:18:04.968,16.61694,16.62,0.00,0.00
2011.09.28 07:18:05.454,16.61722,16.62078,0.00,0.00
2011.09.28 07:18:05.573,16.61665,16.62305,0.00,0.00
2011.09.28 07:18:06.261,16.617,16.6234,0.00,0.00
2011.09.28 07:18:06.966,16.61673,16.62313,0.00,0.00
2011.09.28 07:18:07.504,16.61685,16.62232,0.00,0.00
2011.09.28 07:18:07.854,16.61694,16.6219,0.00,0.00
2011.09.28 07:18:08.265,16.61709,16.62157,0.00,0.00
2011.09.28 07:18:08.745,16.61663,16.62161,0.00,0.00
2011.09.28 07:18:08.864,16.6168,16.62077,0.00,0.00
2011.09.28 07:18:09.316,16.61667,16.62014,0.00,0.00
2011.09.28 07:18:09.438,16.61603,16.62,0.00,0.00
2011.09.28 07:18:10.258,16.61588,16.61934,0.00,0.00
2011.09.28 07:18:10.591,16.61447,16.61997,0.00,0.00
2011.09.28 07:18:11.392,16.61454,16.61902,0.00,0.00
2011.09.28 07:18:12.637,16.61295,16.61935,0.00,0.00
2011.09.28 07:18:13.732,16.61351,16.61747,0.00,0.00
2011.09.28 07:18:14.272,16.61321,16.61669,0.00,0.00
2011.09.28 07:18:14.603,16.61218,16.61666,0.00,0.00
2011.09.28 07:18:14.724,16.61111,16.61707,0.00,0.00
2011.09.28 07:18:14.954,16.61137,16.61683,0.00,0.00
2011.09.28 07:18:15.339,16.61121,16.61719,0.00,0.00
2011.09.28 07:18:15.457,16.61143,16.61711,0.00,0.00
2011.09.28 07:18:15.834,16.61141,16.61737,0.00,0.00
2011.09.28 07:18:15.953,16.61203,16.6175,0.00,0.00
2011.09.28 07:18:16.927,16.61356,16.61702,0.00,0.00
2011.09.28 07:18:17.048,16.61371,16.61767,0.00,0.00
2011.09.28 07:18:17.470,16.61342,16.61838,0.00,0.00
2011.09.28 07:18:17.692,16.61404,16.618,0.00,0.00
2011.09.28 07:18:17.884,16.61334,16.61882,0.00,0.00
2011.09.28 07:18:18.554,16.61276,16.61916,0.00,0.00
2011.09.28 07:18:18.674,16.61387,16.61883,0.00,0.00
2011.09.28 07:18:19.676,16.61382,16.62022,0.00,0.00
2011.09.28 07:18:19.798,16.614,16.6204,0.00,0.00
2011.09.28 07:18:20.131,16.61466,16.62014,0.00,0.00
2011.09.28 07:18:20.641,16.61454,16.6205,0.00,0.00
2011.09.28 07:18:21.322,16.61528,16.62024,0.00,0.00
2011.09.28 07:18:21.542,16.61414,16.62254,0.00,0.00
2011.09.28 07:18:21.977,16.61505,16.62323,0.00,0.00
2011.09.28 07:18:22.313,16.61687,16.62327,0.00,0.00
2011.09.28 07:18:22.903,16.61772,16.62368,0.00,0.00
2011.09.28 07:18:23.023,16.61777,16.62417,0.00,0.00
2011.09.28 07:18:23.391,16.61782,16.6234,0.00,0.00
2011.09.28 07:18:23.612,16.61599,16.62395,0.00,0.00
2011.09.28 07:18:23.722,16.61627,16.62267,0.00,0.00
2011.09.28 07:18:24.530,16.61631,16.62249,0.00,0.00
2011.09.28 07:18:24.644,16.6161,16.6235,0.00,0.00
2011.09.28 07:18:24.871,16.61653,16.62351,0.00,0.00
2011.09.28 07:18:25.074,16.61654,16.6238,0.00,0.00
2011.09.28 07:18:25.817,16.61712,16.62389,0.00,0.00
2011.09.28 07:18:26.152,16.61779,16.62419,0.00,0.00
2011.09.28 07:18:26.641,16.61817,16.62457,0.00,0.00
2011.09.28 07:18:26.970,16.61805,16.62445,0.00,0.00
2011.09.28 07:18:27.869,16.61749,16.62389,0.00,0.00
2011.09.28 07:18:28.406,16.61725,16.62365,0.00,0.00
2011.09.28 07:18:28.782,16.61742,16.62382,0.00,0.00
2011.09.28 07:18:29.860,16.61942,16.62242,0.00,0.00
2011.09.28 07:18:29.983,16.61955,16.62303,0.00,0.00
2011.09.28 07:18:30.096,16.61907,16.62429,0.00,0.00
2011.09.28 07:18:30.211,16.61957,16.62459,0.00,0.00
2011.09.28 07:18:30.865,16.62026,16.62498,0.00,0.00
2011.09.28 07:18:31.200,16.62157,16.62553,0.00,0.00
2011.09.28 07:18:31.533,16.62218,16.62664,0.00,0.00
2011.09.28 07:18:31.655,16.62139,16.62757,0.00,0.00
2011.09.28 07:18:31.776,16.62152,16.6272,0.00,0.00
2011.09.28 07:18:32.250,16.6212,16.62738,0.00,0.00
2011.09.28 07:18:32.465,16.6215,16.62728,0.00,0.00
2011.09.28 07:18:32.581,16.62136,16.62763,0.00,0.00
2011.09.28 07:18:33.133,16.62148,16.62766,0.00,0.00
2011.09.28 07:18:33.252,16.62155,16.62783,0.00,0.00
2011.09.28 07:18:33.989,16.62216,16.62802,0.00,0.00
2011.09.28 07:18:34.339,16.62388,16.62784,0.00,0.00
2011.09.28 07:18:34.526,16.62385,16.62981,0.00,0.00
2011.09.28 07:18:34.641,16.62444,16.63084,0.00,0.00
2011.09.28 07:18:34.755,16.62462,16.63102,0.00,0.00
2011.09.28 07:18:36.472,16.62466,16.63014,0.00,0.00
2011.09.28 07:18:36.803,16.62386,16.62982,0.00,0.00
2011.09.28 07:18:36.922,16.62407,16.62903,0.00,0.00
2011.09.28 07:18:37.145,16.62377,16.62931,0.00,0.00
2011.09.28 07:18:37.268,16.6239,16.62936,0.00,0.00
2011.09.28 07:18:37.498,16.62329,16.62969,0.00,0.00
2011.09.28 07:18:37.615,16.62227,16.62925,0.00,0.00
2011.09.28 07:18:37.735,16.6231,16.62658,0.00,0.00
2011.09.28 07:18:38.237,16.62215,16.62661,0.00,0.00
2011.09.28 07:18:38.592,16.62186,16.62684,0.00,0.00
2011.09.28 07:18:38.887,16.62181,16.62728,0.00,0.00
2011.09.28 07:18:40.185,16.6224,16.62736,0.00,0.00
2011.09.28 07:18:40.299,16.62197,16.62837,0.00,0.00
2011.09.28 07:18:40.523,16.62233,16.62831,0.00,0.00
2011.09.28 07:18:40.862,16.62281,16.62828,0.00,0.00
2011.09.28 07:18:42.258,16.62297,16.62844,0.00,0.00
2011.09.28 07:18:42.554,16.62267,16.62863,0.00,0.00
2011.09.28 07:18:43.121,16.62272,16.6282,0.00,0.00
2011.09.28 07:18:43.234,16.62196,16.6277,0.00,0.00
2011.09.28 07:18:43.353,16.62077,16.62661,0.00,0.00
2011.09.28 07:18:43.583,16.62086,16.62484,0.00,0.00
2011.09.28 07:18:43.701,16.62026,16.62472,0.00,0.00
2011.09.28 07:18:44.664,16.62022,16.6242,0.00,0.00
2011.09.28 07:18:45.015,16.62023,16.62371,0.00,0.00
2011.09.28 07:18:45.133,16.61976,16.62372,0.00,0.00
2011.09.28 07:18:45.472,16.61942,16.6239,0.00,0.00
2011.09.28 07:18:45.702,16.61932,16.6243,0.00,0.00
2011.09.28 07:18:47.010,16.61993,16.6244,0.00,0.00
2011.09.28 07:18:47.803,16.6196,16.62578,0.00,0.00
2011.09.28 07:18:47.923,16.61987,16.62627,0.00,0.00
2011.09.28 07:18:49.454,16.62012,16.6259,0.00,0.00
2011.09.28 07:18:49.812,16.61957,16.62584,0.00,0.00
2011.09.28 07:18:49.921,16.62022,16.6247,0.00,0.00
2011.09.28 07:18:50.588,16.61939,16.62535,0.00,0.00
2011.09.28 07:18:50.704,16.61999,16.62447,0.00,0.00
2011.09.28 07:18:50.825,16.61983,16.62481,0.00,0.00
2011.09.28 07:18:51.855,16.6203,16.62478,0.00,0.00
2011.09.28 07:18:51.973,16.62,16.62547,0.00,0.00
2011.09.28 07:18:52.094,16.61987,16.62583,0.00,0.00
2011.09.28 07:18:52.953,16.62049,16.62597,0.00,0.00
2011.09.28 07:18:53.080,16.62095,16.62735,0.00,0.00
2011.09.28 07:18:53.192,16.62207,16.62825,0.00,0.00
2011.09.28 07:18:53.304,16.62209,16.62849,0.00,0.00
2011.09.28 07:18:53.424,16.62149,16.62789,0.00,0.00
2011.09.28 07:18:53.763,16.62095,16.62735,0.00,0.00
2011.09.28 07:18:55.062,16.62139,16.62685,0.00,0.00
2011.09.28 07:18:55.843,16.62174,16.62672,0.00,0.00
2011.09.28 07:18:56.989,16.62204,16.6265,0.00,0.00
2011.09.28 07:18:57.533,16.62216,16.62612,0.00,0.00
2011.09.28 07:18:59.022,16.62224,16.62572,0.00,0.00
2011.09.28 07:18:59.379,16.62199,16.62595,0.00,0.00
2011.09.28 07:19:03.005,16.62156,16.62652,0.00,0.00
2011.09.28 07:19:03.344,16.62183,16.62629,0.00,0.00
2011.09.28 07:19:03.655,16.62151,16.62649,0.00,0.00
2011.09.28 07:19:04.282,16.62166,16.6258,0.00,0.00
2011.09.28 07:19:04.624,16.62146,16.62492,0.00,0.00
2011.09.28 07:19:05.155,16.62027,16.62423,0.00,0.00
2011.09.28 07:19:05.277,16.61971,16.62319,0.00,0.00
2011.09.28 07:19:05.394,16.61938,16.62284,0.00,0.00
2011.09.28 07:19:05.511,16.61859,16.62255,0.00,0.00
2011.09.28 07:19:05.619,16.61818,16.62214,0.00,0.00
2011.09.28 07:19:05.840,16.61858,16.62204,0.00,0.00
2011.09.28 07:19:05.949,16.61792,16.62432,0.00,0.00
2011.09.28 07:19:06.060,16.61874,16.62514,0.00,0.00
2011.09.28 07:19:06.389,16.61845,16.62541,0.00,0.00
2011.09.28 07:19:07.483,16.61902,16.62449,0.00,0.00
2011.09.28 07:19:07.885,16.6193,16.62428,0.00,0.00
2011.09.28 07:19:07.999,16.61907,16.62454,0.00,0.00
2011.09.28 07:19:08.109,16.6192,16.62418,0.00,0.00
2011.09.28 07:19:08.441,16.61932,16.62378,0.00,0.00
2011.09.28 07:19:09.216,16.61927,16.62323,0.00,0.00
2011.09.28 07:19:11.233,16.61904,16.62252,0.00,0.00
2011.09.28 07:19:11.493,16.61828,16.62276,0.00,0.00
2011.09.28 07:19:11.721,16.61849,16.62245,0.00,0.00
2011.09.28 07:19:12.164,16.6182,16.62316,0.00,0.00
2011.09.28 07:19:12.282,16.61915,16.62363,0.00,0.00
2011.09.28 07:19:12.393,16.62035,16.62491,0.00,0.00
2011.09.28 07:19:12.817,16.61972,16.62684,0.00,0.00
2011.09.28 07:19:12.943,16.62065,16.62561,0.00,0.00
2011.09.28 07:19:13.054,16.62,16.62598,0.00,0.00
2011.09.28 07:19:13.394,16.62036,16.62622,0.00,0.00
2011.09.28 07:19:13.511,16.62025,16.62723,0.00,0.00
2011.09.28 07:19:13.624,16.62058,16.62698,0.00,0.00
2011.09.28 07:19:14.003,16.62065,16.62705,0.00,0.00
2011.09.28 07:19:14.342,16.62108,16.62748,0.00,0.00
2011.09.28 07:19:15.047,16.62163,16.62803,0.00,0.00
2011.09.28 07:19:15.381,16.62181,16.62821,0.00,0.00
2011.09.28 07:19:16.401,16.62143,16.62783,0.00,0.00
2011.09.28 07:19:17.161,16.62221,16.62617,0.00,0.00
2011.09.28 07:19:17.435,16.62189,16.62635,0.00,0.00
2011.09.28 07:19:17.554,16.62228,16.62624,0.00,0.00
2011.09.28 07:19:17.674,16.62222,16.62669,0.00,0.00
2011.09.28 07:19:17.793,16.62212,16.62708,0.00,0.00
2011.09.28 07:19:17.915,16.62159,16.62755,0.00,0.00
2011.09.28 07:19:18.035,16.62161,16.62708,0.00,0.00
2011.09.28 07:19:19.159,16.62157,16.62611,0.00,0.00
2011.09.28 07:19:19.495,16.62041,16.62537,0.00,0.00
2011.09.28 07:19:20.173,16.61914,16.62461,0.00,0.00
2011.09.28 07:19:20.431,16.61825,16.62465,0.00,0.00
2011.09.28 07:19:20.661,16.61848,16.62395,0.00,0.00
2011.09.28 07:19:20.771,16.6181,16.62408,0.00,0.00
2011.09.28 07:19:21.103,16.61864,16.6231,0.00,0.00
2011.09.28 07:19:24.419,16.61904,16.62204,0.00,0.00
2011.09.28 07:19:24.537,16.61842,16.6219,0.00,0.00
2011.09.28 07:19:24.764,16.61779,16.62175,0.00,0.00
2011.09.28 07:19:25.122,16.61714,16.62162,0.00,0.00
2011.09.28 07:19:25.454,16.61699,16.62096,0.00,0.00
2011.09.28 07:19:25.812,16.61659,16.62055,0.00,0.00
2011.09.28 07:19:26.934,16.61644,16.61992,0.00,0.00
2011.09.28 07:19:27.425,16.61581,16.61977,0.00,0.00
2011.09.28 07:19:27.884,16.61557,16.61921,0.00,0.00
2011.09.28 07:19:28.118,16.61548,16.61852,0.00,0.00
2011.09.28 07:19:28.237,16.6134,16.6198,0.00,0.00
2011.09.28 07:19:28.645,16.61447,16.61794,0.00,0.00
2011.09.28 07:19:28.763,16.61261,16.61901,0.00,0.00
2011.09.28 07:19:29.375,16.61385,16.61699,0.00,0.00
2011.09.28 07:19:29.494,16.61182,16.61822,0.00,0.00
2011.09.28 07:19:29.834,16.61142,16.61782,0.00,0.00
2011.09.28 07:19:30.285,16.6101,16.61836,0.00,0.00
2011.09.28 07:19:30.865,16.61047,16.61719,0.00,0.00
2011.09.28 07:19:30.990,16.61157,16.61529,0.00,0.00
2011.09.28 07:19:31.106,16.61068,16.6154,0.00,0.00
2011.09.28 07:19:31.548,16.61013,16.61517,0.00,0.00
2011.09.28 07:19:31.792,16.61004,16.61476,0.00,0.00
2011.09.28 07:19:32.205,16.61044,16.6149,0.00,0.00
2011.09.28 07:19:32.541,16.60965,16.61687,0.00,0.00
2011.09.28 07:19:32.924,16.61031,16.61685,0.00,0.00
2011.09.28 07:19:33.266,16.61084,16.61724,0.00,0.00
2011.09.28 07:19:33.383,16.61173,16.61813,0.00,0.00
2011.09.28 07:19:33.613,16.61282,16.61922,0.00,0.00
2011.09.28 07:19:34.241,16.61339,16.61979,0.00,0.00
2011.09.28 07:19:34.856,16.61345,16.61972,0.00,0.00
2011.09.28 07:19:35.302,16.61285,16.61925,0.00,0.00
2011.09.28 07:19:35.424,16.61217,16.61857,0.00,0.00
2011.09.28 07:19:36.342,16.61214,16.61812,0.00,0.00
2011.09.28 07:19:36.884,16.61276,16.61774,0.00,0.00
2011.09.28 07:19:37.313,16.61273,16.61821,0.00,0.00
2011.09.28 07:19:37.432,16.61324,16.61821,0.00,0.00
2011.09.28 07:19:37.543,16.61339,16.61886,0.00,0.00
2011.09.28 07:19:38.322,16.61382,16.62022,0.00,0.00
2011.09.28 07:19:38.815,16.61499,16.62139,0.00,0.00
2011.09.28 07:19:40.272,16.61565,16.62205,0.00,0.00
2011.09.28 07:19:40.602,16.61586,16.62226,0.00,0.00
2011.09.28 07:19:42.872,16.61624,16.6222,0.00,0.00
2011.09.28 07:19:43.189,16.61651,16.62219,0.00,0.00
2011.09.28 07:19:43.521,16.61685,16.62231,0.00,0.00
2011.09.28 07:19:44.077,16.61707,16.62303,0.00,0.00
2011.09.28 07:19:44.205,16.61737,16.62377,0.00,0.00
2011.09.28 07:19:44.541,16.61781,16.62379,0.00,0.00
2011.09.28 07:19:44.652,16.61741,16.62381,0.00,0.00
2011.09.28 07:19:46.035,16.6174,16.62287,0.00,0.00
2011.09.28 07:19:46.372,16.61792,16.62238,0.00,0.00
2011.09.28 07:19:46.862,16.61734,16.62352,0.00,0.00
2011.09.28 07:19:46.970,16.61843,16.62339,0.00,0.00
2011.09.28 07:19:47.193,16.61864,16.62504,0.00,0.00
2011.09.28 07:19:47.316,16.6198,16.62598,0.00,0.00
2011.09.28 07:19:47.542,16.62021,16.62639,0.00,0.00
2011.09.28 07:19:48.252,16.62009,16.62649,0.00,0.00
2011.09.28 07:19:48.745,16.62095,16.62491,0.00,0.00
2011.09.28 07:19:48.983,16.61956,16.62454,0.00,0.00
2011.09.28 07:19:49.483,16.61869,16.62315,0.00,0.00
2011.09.28 07:19:49.822,16.61745,16.62293,0.00,0.00
2011.09.28 07:19:49.932,16.61767,16.62213,0.00,0.00
2011.09.28 07:19:50.393,16.61777,16.62225,0.00,0.00
2011.09.28 07:19:50.843,16.61777,16.62275,0.00,0.00
2011.09.28 07:19:51.259,16.61795,16.62343,0.00,0.00
2011.09.28 07:19:51.378,16.61844,16.62411,0.00,0.00
2011.09.28 07:19:52.175,16.61935,16.62453,0.00,0.00
2011.09.28 07:19:52.401,16.61814,16.62631,0.00,0.00
2011.09.28 07:19:52.515,16.61872,16.62512,0.00,0.00
2011.09.28 07:19:54.092,16.61887,16.62485,0.00,0.00
2011.09.28 07:19:54.439,16.61867,16.62507,0.00,0.00
2011.09.28 07:19:54.658,16.6189,16.62488,0.00,0.00
2011.09.28 07:19:56.184,16.61883,16.62523,0.00,0.00
2011.09.28 07:19:56.323,16.61926,16.62522,0.00,0.00
2011.09.28 07:19:56.663,16.61973,16.6252,0.00,0.00
2011.09.28 07:19:57.466,16.61973,16.62569,0.00,0.00
2011.09.28 07:19:57.581,16.61971,16.62609,0.00,0.00
2011.09.28 07:19:57.693,16.61978,16.62618,0.00,0.00
2011.09.28 07:19:58.971,16.61988,16.62586,0.00,0.00
2011.09.28 07:19:59.561,16.61985,16.62532,0.00,0.00
2011.09.28 07:20:00.804,16.61996,16.62494,0.00,0.00
2011.09.28 07:20:01.153,16.62028,16.62426,0.00,0.00
2011.09.28 07:20:01.534,16.61972,16.62369,0.00,0.00
2011.09.28 07:20:02.115,16.61906,16.62252,0.00,0.00
2011.09.28 07:20:03.062,16.6176,16.62206,0.00,0.00
2011.09.28 07:20:03.501,16.61777,16.62125,0.00,0.00
2011.09.28 07:20:04.675,16.61744,16.62142,0.00,0.00
2011.09.28 07:20:04.836,16.61734,16.6218,0.00,0.00
2011.09.28 07:20:05.175,16.61689,16.62236,0.00,0.00
2011.09.28 07:20:05.706,16.61725,16.62173,0.00,0.00
2011.09.28 07:20:06.101,16.61747,16.62143,0.00,0.00
2011.09.28 07:20:06.322,16.61699,16.62195,0.00,0.00
2011.09.28 07:20:07.645,16.61749,16.62145,0.00,0.00
2011.09.28 07:20:10.120,16.61707,16.62203,0.00,0.00
2011.09.28 07:20:10.892,16.61737,16.62185,0.00,0.00
2011.09.28 07:20:12.929,16.61775,16.62171,0.00,0.00
2011.09.28 07:20:13.046,16.61749,16.62197,0.00,0.00
2011.09.28 07:20:13.552,16.61741,16.62138,0.00,0.00
2011.09.28 07:20:13.881,16.61692,16.62088,0.00,0.00
2011.09.28 07:20:14.434,16.6168,16.62026,0.00,0.00
2011.09.28 07:20:14.553,16.61628,16.62024,0.00,0.00
2011.09.28 07:20:14.893,16.61645,16.61993,0.00,0.00
2011.09.28 07:20:15.121,16.61641,16.62037,0.00,0.00
2011.09.28 07:20:15.509,16.61625,16.62121,0.00,0.00
2011.09.28 07:20:15.941,16.61601,16.62197,0.00,0.00
2011.09.28 07:20:16.051,16.61597,16.62237,0.00,0.00
2011.09.28 07:20:17.012,16.61661,16.62208,0.00,0.00
2011.09.28 07:20:17.982,16.61667,16.62165,0.00,0.00
2011.09.28 07:20:18.605,16.61529,16.62169,0.00,0.00
2011.09.28 07:20:18.728,16.61601,16.61901,0.00,0.00
2011.09.28 07:20:18.839,16.61511,16.61859,0.00,0.00
2011.09.28 07:20:18.949,16.61353,16.62049,0.00,0.00
2011.09.28 07:20:19.062,16.6136,16.62038,0.00,0.00
2011.09.28 07:20:19.391,16.61365,16.61963,0.00,0.00
2011.09.28 07:20:19.611,16.61266,16.61906,0.00,0.00
2011.09.28 07:20:20.284,16.61256,16.61714,0.00,0.00
2011.09.28 07:20:20.502,16.61101,16.61741,0.00,0.00
2011.09.28 07:20:20.719,16.61086,16.61684,0.00,0.00
2011.09.28 07:20:20.830,16.6105,16.6169,0.00,0.00
2011.09.28 07:20:20.940,16.61016,16.61656,0.00,0.00
2011.09.28 07:20:21.490,16.60856,16.61696,0.00,0.00
2011.09.28 07:20:21.599,16.60897,16.61637,0.00,0.00
2011.09.28 07:20:21.946,16.60993,16.61633,0.00,0.00
2011.09.28 07:20:23.523,16.61036,16.61676,0.00,0.00
2011.09.28 07:20:23.854,16.61066,16.61706,0.00,0.00
2011.09.28 07:20:24.186,16.61096,16.61736,0.00,0.00
2011.09.28 07:20:24.972,16.61132,16.61679,0.00,0.00
2011.09.28 07:20:25.998,16.61157,16.61604,0.00,0.00
2011.09.28 07:20:26.662,16.61135,16.61631,0.00,0.00
2011.09.28 07:20:27.811,16.61123,16.6167,0.00,0.00
2011.09.28 07:20:27.921,16.61151,16.61647,0.00,0.00
2011.09.28 07:20:28.252,16.61152,16.61598,0.00,0.00
2011.09.28 07:20:28.592,16.61104,16.61602,0.00,0.00
2011.09.28 07:20:28.702,16.61081,16.61628,0.00,0.00
2011.09.28 07:20:29.327,16.61058,16.61656,0.00,0.00
2011.09.28 07:20:29.442,16.61082,16.61628,0.00,0.00
2011.09.28 07:20:29.662,16.61082,16.61646,0.00,0.00
2011.09.28 07:20:29.770,16.6112,16.61634,0.00,0.00
2011.09.28 07:20:29.883,16.61098,16.61646,0.00,0.00
2011.09.28 07:20:30.111,16.61087,16.61585,0.00,0.00
2011.09.28 07:20:30.464,16.61121,16.61467,0.00,0.00
2011.09.28 07:20:31.763,16.60999,16.61546,0.00,0.00
2011.09.28 07:20:31.883,16.61062,16.61458,0.00,0.00
2011.09.28 07:20:32.112,16.61025,16.61523,0.00,0.00
2011.09.28 07:20:32.442,16.61025,16.61573,0.00,0.00
2011.09.28 07:20:32.664,16.61031,16.61629,0.00,0.00
2011.09.28 07:20:32.783,16.61068,16.61664,0.00,0.00
2011.09.28 07:20:33.114,16.61073,16.61713,0.00,0.00
2011.09.28 07:20:33.586,16.61107,16.61714,0.00,0.00
2011.09.28 07:20:34.674,16.61128,16.61726,0.00,0.00
2011.09.28 07:20:35.007,16.61168,16.61716,0.00,0.00
2011.09.28 07:20:36.003,16.61193,16.61689,0.00,0.00
2011.09.28 07:20:36.122,16.61118,16.61756,0.00,0.00
2011.09.28 07:20:36.409,16.61143,16.61783,0.00,0.00
2011.09.28 07:20:37.002,16.61182,16.61822,0.00,0.00
2011.09.28 07:20:37.121,16.61217,16.61857,0.00,0.00
2011.09.28 07:20:38.082,16.61271,16.61889,0.00,0.00
2011.09.28 07:20:38.761,16.61355,16.61995,0.00,0.00
2011.09.28 07:20:38.871,16.61479,16.62119,0.00,0.00
2011.09.28 07:20:39.313,16.6156,16.622,0.00,0.00
2011.09.28 07:20:39.961,16.61597,16.62237,0.00,0.00
2011.09.28 07:20:40.294,16.61595,16.62171,0.00,0.00
2011.09.28 07:20:40.411,16.61503,16.62143,0.00,0.00
2011.09.28 07:20:40.854,16.61494,16.62134,0.00,0.00
2011.09.28 07:20:42.774,16.61525,16.62123,0.00,0.00
2011.09.28 07:20:44.336,16.61554,16.621,0.00,0.00
2011.09.28 07:20:45.074,16.6156,16.62058,0.00,0.00
2011.09.28 07:20:45.412,16.61587,16.61975,0.00,0.00
2011.09.28 07:20:45.634,16.61444,16.62084,0.00,0.00
2011.09.28 07:20:45.861,16.61589,16.61937,0.00,0.00
2011.09.28 07:20:46.192,16.61529,16.61926,0.00,0.00
2011.09.28 07:20:46.411,16.61342,16.61982,0.00,0.00
2011.09.28 07:20:46.989,16.61347,16.61945,0.00,0.00
2011.09.28 07:20:48.279,16.61381,16.61928,0.00,0.00
2011.09.28 07:20:50.037,16.61422,16.6192,0.00,0.00
2011.09.28 07:20:50.964,16.61448,16.61896,0.00,0.00
2011.09.28 07:20:51.301,16.61339,16.61957,0.00,0.00
2011.09.28 07:20:51.446,16.61281,16.61921,0.00,0.00
2011.09.28 07:20:51.563,16.6118,16.6182,0.00,0.00
2011.09.28 07:20:51.903,16.61078,16.61718,0.00,0.00
2011.09.28 07:20:52.460,16.61102,16.61648,0.00,0.00
2011.09.28 07:20:52.569,16.61101,16.61699,0.00,0.00
2011.09.28 07:20:52.899,16.6114,16.6178,0.00,0.00
2011.09.28 07:20:53.296,16.61238,16.61878,0.00,0.00
2011.09.28 07:20:54.732,16.61371,16.61939,0.00,0.00
2011.09.28 07:20:54.950,16.61375,16.62015,0.00,0.00
2011.09.28 07:20:56.552,16.61427,16.61995,0.00,0.00
2011.09.28 07:20:56.699,16.61394,16.62034,0.00,0.00
2011.09.28 07:20:57.142,16.61407,16.62014,0.00,0.00
2011.09.28 07:20:57.474,16.61438,16.61934,0.00,0.00
2011.09.28 07:20:58.018,16.61458,16.61846,0.00,0.00
2011.09.28 07:20:58.137,16.61391,16.61837,0.00,0.00
2011.09.28 07:20:58.693,16.6133,16.61798,0.00,0.00
2011.09.28 07:20:58.812,16.61143,16.61799,0.00,0.00
2011.09.28 07:20:58.920,16.61066,16.61706,0.00,0.00
2011.09.28 07:20:59.361,16.61092,16.61728,0.00,0.00
2011.09.28 07:20:59.582,16.61033,16.61907,0.00,0.00
2011.09.28 07:20:59.691,16.61136,16.61776,0.00,0.00
2011.09.28 07:21:00.021,16.6108,16.6172,0.00,0.00
2011.09.28 07:21:00.132,16.61004,16.61682,0.00,0.00
2011.09.28 07:21:00.349,16.61038,16.61536,0.00,0.00
2011.09.28 07:21:00.935,16.60906,16.61524,0.00,0.00
2011.09.28 07:21:01.055,16.61005,16.61305,0.00,0.00
2011.09.28 07:21:01.285,16.60954,16.613,0.00,0.00
2011.09.28 07:21:01.403,16.60736,16.61376,0.00,0.00
2011.09.28 07:21:01.524,16.60667,16.61265,0.00,0.00
2011.09.28 07:21:02.139,16.60639,16.61187,0.00,0.00
2011.09.28 07:21:02.469,16.60629,16.61125,0.00,0.00
2011.09.28 07:21:04.515,16.60632,16.6108,0.00,0.00
2011.09.28 07:21:05.371,16.60627,16.61061,0.00,0.00
2011.09.28 07:21:05.944,16.60525,16.61141,0.00,0.00
2011.09.28 07:21:06.381,16.60525,16.61111,0.00,0.00
2011.09.28 07:21:06.634,16.60488,16.61128,0.00,0.00
2011.09.28 07:21:06.752,16.60537,16.61135,0.00,0.00
2011.09.28 07:21:07.086,16.60601,16.61187,0.00,0.00
2011.09.28 07:21:07.203,16.60595,16.61235,0.00,0.00
2011.09.28 07:21:07.621,16.6058,16.61187,0.00,0.00
2011.09.28 07:21:07.952,16.60551,16.61099,0.00,0.00
2011.09.28 07:21:08.883,16.60556,16.61054,0.00,0.00
2011.09.28 07:21:09.661,16.60554,16.61101,0.00,0.00
2011.09.28 07:21:11.566,16.60533,16.61173,0.00,0.00
2011.09.28 07:21:12.634,16.60524,16.61164,0.00,0.00
2011.09.28 07:21:13.010,16.60584,16.6108,0.00,0.00
2011.09.28 07:21:13.634,16.60536,16.61134,0.00,0.00
2011.09.28 07:21:14.945,16.60577,16.61124,0.00,0.00
2011.09.28 07:21:16.473,16.60575,16.61171,0.00,0.00
2011.09.28 07:21:16.594,16.60579,16.61219,0.00,0.00
2011.09.28 07:21:18.859,16.6062,16.61218,0.00,0.00
2011.09.28 07:21:20.000,16.60649,16.61197,0.00,0.00
2011.09.28 07:21:20.402,16.60653,16.61151,0.00,0.00
2011.09.28 07:21:20.621,16.60563,16.61203,0.00,0.00
2011.09.28 07:21:22.073,16.60595,16.61191,0.00,0.00
2011.09.28 07:21:22.257,16.60576,16.61214,0.00,0.00
2011.09.28 07:21:22.483,16.60597,16.61144,0.00,0.00
2011.09.28 07:21:24.104,16.60586,16.61084,0.00,0.00
2011.09.28 07:21:24.404,16.60583,16.60929,0.00,0.00
2011.09.28 07:21:24.743,16.6043,16.60928,0.00,0.00
2011.09.28 07:21:24.973,16.60406,16.60902,0.00,0.00
2011.09.28 07:21:25.204,16.60342,16.6094,0.00,0.00
2011.09.28 07:21:25.905,16.60353,16.60849,0.00,0.00
2011.09.28 07:21:27.241,16.60337,16.60835,0.00,0.00
2011.09.28 07:21:27.461,16.60362,16.6096,0.00,0.00
2011.09.28 07:21:27.574,16.6043,16.6107,0.00,0.00
2011.09.28 07:21:27.804,16.6043,16.6107,0.00,0.00
2011.09.28 07:21:28.556,16.60389,16.61029,0.00,0.00
2011.09.28 07:21:29.104,16.60372,16.61012,0.00,0.00
2011.09.28 07:21:29.674,16.60394,16.61034,0.00,0.00
2011.09.28 07:21:31.304,16.60438,16.61078,0.00,0.00
2011.09.28 07:21:32.795,16.60444,16.61184,0.00,0.00
2011.09.28 07:21:32.915,16.60527,16.61167,0.00,0.00
2011.09.28 07:21:34.202,16.60496,16.61103,0.00,0.00
2011.09.28 07:21:34.332,16.60405,16.61023,0.00,0.00
2011.09.28 07:21:34.443,16.6034,16.6098,0.00,0.00
2011.09.28 07:21:34.561,16.60319,16.60917,0.00,0.00
2011.09.28 07:21:35.049,16.60332,16.60828,0.00,0.00
2011.09.28 07:21:35.708,16.60262,16.6081,0.00,0.00
2011.09.28 07:21:35.829,16.60208,16.60704,0.00,0.00
2011.09.28 07:21:37.125,16.60136,16.60584,0.00,0.00
2011.09.28 07:21:37.242,16.60085,16.60531,0.00,0.00
2011.09.28 07:21:37.462,16.60025,16.60523,0.00,0.00
2011.09.28 07:21:37.855,16.59976,16.60524,0.00,0.00
2011.09.28 07:21:38.543,16.60001,16.60499,0.00,0.00
2011.09.28 07:21:38.674,16.60038,16.60585,0.00,0.00
2011.09.28 07:21:41.605,16.60117,16.60757,0.00,0.00
2011.09.28 07:21:41.731,16.6021,16.6085,0.00,0.00
2011.09.28 07:21:42.065,16.60255,16.60802,0.00,0.00
2011.09.28 07:21:43.693,16.60186,16.60826,0.00,0.00
2011.09.28 07:21:43.814,16.60199,16.60795,0.00,0.00
2011.09.28 07:21:44.247,16.60192,16.60832,0.00,0.00
2011.09.28 07:21:44.454,16.60213,16.60853,0.00,0.00
2011.09.28 07:21:44.987,16.60271,16.60867,0.00,0.00
2011.09.28 07:21:45.215,16.60306,16.60946,0.00,0.00
2011.09.28 07:21:45.555,16.60377,16.60973,0.00,0.00
2011.09.28 07:21:45.967,16.60427,16.61033,0.00,0.00
2011.09.28 07:21:46.087,16.60472,16.61112,0.00,0.00
2011.09.28 07:21:46.403,16.60522,16.61162,0.00,0.00
2011.09.28 07:21:46.717,16.60543,16.61183,0.00,0.00
2011.09.28 07:21:47.053,16.60698,16.60998,0.00,0.00
2011.09.28 07:21:47.161,16.60619,16.61015,0.00,0.00
2011.09.28 07:21:48.622,16.60532,16.61028,0.00,0.00
2011.09.28 07:21:49.065,16.60443,16.61039,0.00,0.00
2011.09.28 07:21:49.185,16.60428,16.60976,0.00,0.00
2011.09.28 07:21:49.521,16.60414,16.60912,0.00,0.00
2011.09.28 07:21:49.927,16.6045,16.60796,0.00,0.00
2011.09.28 07:21:50.550,16.60309,16.60856,0.00,0.00
2011.09.28 07:21:50.668,16.60369,16.60716,0.00,0.00
2011.09.28 07:21:50.783,16.60281,16.60699,0.00,0.00
2011.09.28 07:21:50.903,16.60111,16.60679,0.00,0.00
2011.09.28 07:21:51.025,16.59974,16.60572,0.00,0.00
2011.09.28 07:21:51.713,16.59892,16.60439,0.00,0.00
2011.09.28 07:21:52.056,16.59768,16.60366,0.00,0.00
2011.09.28 07:21:52.631,16.59679,16.60319,0.00,0.00
2011.09.28 07:21:52.740,16.59611,16.60309,0.00,0.00
2011.09.28 07:21:53.222,16.59623,16.6027,0.00,0.00
2011.09.28 07:21:53.561,16.59607,16.60247,0.00,0.00
2011.09.28 07:21:54.614,16.59639,16.60155,0.00,0.00
2011.09.28 07:21:55.306,16.59633,16.60117,0.00,0.00
2011.09.28 07:21:55.835,16.59636,16.60092,0.00,0.00
2011.09.28 07:21:55.951,16.59633,16.60097,0.00,0.00
2011.09.28 07:21:56.273,16.59576,16.60174,0.00,0.00
2011.09.28 07:21:56.389,16.59552,16.60192,0.00,0.00
2011.09.28 07:21:56.612,16.59536,16.60176,0.00,0.00
2011.09.28 07:21:56.952,16.59555,16.60153,0.00,0.00
2011.09.28 07:21:57.915,16.59543,16.60183,0.00,0.00
2011.09.28 07:21:58.587,16.59592,16.60188,0.00,0.00
2011.09.28 07:22:00.174,16.5982,16.60176,0.00,0.00
2011.09.28 07:22:00.295,16.59977,16.60352,0.00,0.00
2011.09.28 07:22:00.412,16.59989,16.60629,0.00,0.00
2011.09.28 07:22:00.550,16.60052,16.60692,0.00,0.00
2011.09.28 07:22:00.843,16.6009,16.60726,0.00,0.00
2011.09.28 07:22:00.951,16.60115,16.60755,0.00,0.00
2011.09.28 07:22:01.176,16.60129,16.60765,0.00,0.00
2011.09.28 07:22:01.402,16.60134,16.60774,0.00,0.00
2011.09.28 07:22:02.119,16.60157,16.60753,0.00,0.00
2011.09.28 07:22:02.463,16.60171,16.60719,0.00,0.00
2011.09.28 07:22:03.175,16.60193,16.60691,0.00,0.00
2011.09.28 07:22:03.298,16.60174,16.60721,0.00,0.00
2011.09.28 07:22:03.522,16.60198,16.60644,0.00,0.00
2011.09.28 07:22:04.818,16.60102,16.6062,0.00,0.00
2011.09.28 07:22:05.061,16.60087,16.60485,0.00,0.00
2011.09.28 07:22:10.004,16.59936,16.60432,0.00,0.00
2011.09.28 07:22:10.121,16.59862,16.6036,0.00,0.00
2011.09.28 07:22:13.616,16.59854,16.602,0.00,0.00
2011.09.28 07:22:13.953,16.5969,16.60186,0.00,0.00
2011.09.28 07:22:14.064,16.59556,16.60196,0.00,0.00
2011.09.28 07:22:15.111,16.59555,16.60151,0.00,0.00
2011.09.28 07:22:15.331,16.59547,16.60187,0.00,0.00
2011.09.28 07:22:16.000,16.59571,16.60211,0.00,0.00
2011.09.28 07:22:16.442,16.5961,16.60226,0.00,0.00
2011.09.28 07:22:17.084,16.59676,16.60232,0.00,0.00
2011.09.28 07:22:17.313,16.59683,16.60323,0.00,0.00
2011.09.28 07:22:17.544,16.59803,16.60351,0.00,0.00
2011.09.28 07:22:18.474,16.59875,16.60515,0.00,0.00
2011.09.28 07:22:18.592,16.60114,16.6051,0.00,0.00
2011.09.28 07:22:18.815,16.60113,16.60611,0.00,0.00
2011.09.28 07:22:18.933,16.60051,16.60691,0.00,0.00
2011.09.28 07:22:19.262,16.60049,16.60689,0.00,0.00
2011.09.28 07:22:21.002,16.60024,16.60664,0.00,0.00
2011.09.28 07:22:21.331,16.60009,16.60649,0.00,0.00
2011.09.28 07:22:22.749,16.60052,16.6065,0.00,0.00
2011.09.28 07:22:22.863,16.60073,16.60713,0.00,0.00
2011.09.28 07:22:22.984,16.60095,16.60735,0.00,0.00
2011.09.28 07:22:23.836,16.60105,16.60745,0.00,0.00
2011.09.28 07:22:24.172,16.60123,16.60763,0.00,0.00
2011.09.28 07:22:24.521,16.60152,16.6075,0.00,0.00
2011.09.28 07:22:24.886,16.60219,16.60715,0.00,0.00
2011.09.28 07:22:25.325,16.60248,16.60744,0.00,0.00
2011.09.28 07:22:25.554,16.60199,16.60746,0.00,0.00
2011.09.28 07:22:26.542,16.60176,16.60672,0.00,0.00
2011.09.28 07:22:26.762,16.60141,16.60688,0.00,0.00
2011.09.28 07:22:26.871,16.60127,16.60723,0.00,0.00
2011.09.28 07:22:26.981,16.60157,16.60704,0.00,0.00
2011.09.28 07:22:27.504,16.60119,16.60715,0.00,0.00
2011.09.28 07:22:27.843,16.60135,16.60683,0.00,0.00
2011.09.28 07:22:28.830,16.60144,16.60682,0.00,0.00
2011.09.28 07:22:29.920,16.60127,16.60713,0.00,0.00
2011.09.28 07:22:30.035,16.6012,16.60668,0.00,0.00
2011.09.28 07:22:30.672,16.60094,16.6059,0.00,0.00
2011.09.28 07:22:33.754,16.60081,16.60527,0.00,0.00
2011.09.28 07:22:34.001,16.60021,16.60519,0.00,0.00
2011.09.28 07:22:34.544,16.59991,16.60437,0.00,0.00
2011.09.28 07:22:35.006,16.59946,16.60294,0.00,0.00
2011.09.28 07:22:35.270,16.59784,16.6023,0.00,0.00
2011.09.28 07:22:35.966,16.59686,16.60082,0.00,0.00
2011.09.28 07:22:36.084,16.5949,16.60064,0.00,0.00
2011.09.28 07:22:36.312,16.59424,16.6003,0.00,0.00
2011.09.28 07:22:36.911,16.5942,16.59976,0.00,0.00
2011.09.28 07:22:37.798,16.5945,16.59956,0.00,0.00
2011.09.28 07:22:37.911,16.59496,16.60052,0.00,0.00
2011.09.28 07:22:38.590,16.59549,16.60189,0.00,0.00
2011.09.28 07:22:39.124,16.5962,16.6026,0.00,0.00
2011.09.28 07:22:39.622,16.59786,16.60302,0.00,0.00
2011.09.28 07:22:39.731,16.59827,16.60467,0.00,0.00
2011.09.28 07:22:40.592,16.59906,16.60522,0.00,0.00
2011.09.28 07:22:40.703,16.59925,16.60565,0.00,0.00
2011.09.28 07:22:41.108,16.599,16.6054,0.00,0.00
2011.09.28 07:22:41.471,16.59864,16.60504,0.00,0.00
2011.09.28 07:22:41.931,16.59867,16.60465,0.00,0.00
2011.09.28 07:22:42.512,16.59824,16.60464,0.00,0.00
2011.09.28 07:22:42.621,16.59823,16.60451,0.00,0.00
2011.09.28 07:22:43.878,16.59881,16.60428,0.00,0.00
2011.09.28 07:22:44.864,16.60003,16.60378,0.00,0.00
2011.09.28 07:22:45.092,16.59907,16.60547,0.00,0.00
2011.09.28 07:22:45.203,16.59946,16.60586,0.00,0.00
2011.09.28 07:22:45.544,16.59997,16.60615,0.00,0.00
2011.09.28 07:22:46.121,16.60026,16.60666,0.00,0.00
2011.09.28 07:22:46.912,16.60102,16.6067,0.00,0.00
2011.09.28 07:22:47.022,16.60106,16.60746,0.00,0.00
2011.09.28 07:22:47.574,16.60145,16.60785,0.00,0.00
2011.09.28 07:22:49.213,16.60206,16.60803,0.00,0.00
2011.09.28 07:22:50.433,16.60386,16.60703,0.00,0.00
2011.09.28 07:22:50.764,16.60381,16.60788,0.00,0.00
2011.09.28 07:22:51.001,16.60401,16.60849,0.00,0.00
2011.09.28 07:22:51.628,16.60354,16.60972,0.00,0.00
2011.09.28 07:22:52.171,16.60405,16.61001,0.00,0.00
2011.09.28 07:22:53.492,16.60455,16.61033,0.00,0.00
2011.09.28 07:22:54.073,16.60521,16.61048,0.00,0.00
2011.09.28 07:22:54.666,16.60584,16.61062,0.00,0.00
2011.09.28 07:22:54.783,16.60584,16.61141,0.00,0.00
2011.09.28 07:22:54.902,16.60648,16.61155,0.00,0.00
2011.09.28 07:22:56.306,16.60764,16.6112,0.00,0.00
2011.09.28 07:22:56.425,16.60691,16.61298,0.00,0.00
2011.09.28 07:22:56.542,16.60761,16.61399,0.00,0.00
2011.09.28 07:22:57.015,16.60849,16.61489,0.00,0.00
2011.09.28 07:22:57.737,16.60885,16.61525,0.00,0.00
2011.09.28 07:22:58.221,16.60887,16.61527,0.00,0.00
2011.09.28 07:22:58.770,16.60837,16.61477,0.00,0.00
2011.09.28 07:22:59.103,16.60826,16.61374,0.00,0.00
2011.09.28 07:23:00.236,16.60844,16.61342,0.00,0.00
2011.09.28 07:23:01.141,16.60856,16.61402,0.00,0.00
2011.09.28 07:23:02.694,16.61012,16.61428,0.00,0.00
2011.09.28 07:23:02.812,16.61018,16.61634,0.00,0.00
2011.09.28 07:23:03.032,16.6106,16.617,0.00,0.00
2011.09.28 07:23:03.585,16.61104,16.6171,0.00,0.00
2011.09.28 07:23:04.312,16.6112,16.61707,0.00,0.00
2011.09.28 07:23:05.064,16.611,16.61707,0.00,0.00
2011.09.28 07:23:05.182,16.61092,16.6165,0.00,0.00
2011.09.28 07:23:05.512,16.61064,16.61582,0.00,0.00
2011.09.28 07:23:08.313,16.60989,16.61487,0.00,0.00
2011.09.28 07:23:08.879,16.60975,16.61275,0.00,0.00
2011.09.28 07:23:09.450,16.60865,16.61261,0.00,0.00
2011.09.28 07:23:10.463,16.60797,16.61243,0.00,0.00
2011.09.28 07:23:11.052,16.60655,16.61253,0.00,0.00
2011.09.28 07:23:11.163,16.60685,16.61081,0.00,0.00
2011.09.28 07:23:12.061,16.60564,16.6111,0.00,0.00
2011.09.28 07:23:12.173,16.60484,16.61124,0.00,0.00
2011.09.28 07:23:12.281,16.60512,16.6101,0.00,0.00
2011.09.28 07:23:12.612,16.60511,16.60959,0.00,0.00
2011.09.28 07:23:13.022,16.60494,16.6089,0.00,0.00
2011.09.28 07:23:14.735,16.60331,16.60949,0.00,0.00
2011.09.28 07:23:14.944,16.60287,16.60885,0.00,0.00
2011.09.28 07:23:15.483,16.60355,16.60701,0.00,0.00
2011.09.28 07:23:15.712,16.6031,16.60708,0.00,0.00
2011.09.28 07:23:16.312,16.60274,16.6077,0.00,0.00
2011.09.28 07:23:16.531,16.60258,16.60806,0.00,0.00
2011.09.28 07:23:16.728,16.60235,16.60779,0.00,0.00
2011.09.28 07:23:17.061,16.60233,16.60631,0.00,0.00
2011.09.28 07:23:17.391,16.60031,16.60618,0.00,0.00
2011.09.28 07:23:17.872,16.59964,16.60512,0.00,0.00
2011.09.28 07:23:19.257,16.59935,16.60433,0.00,0.00
2011.09.28 07:23:19.594,16.59909,16.60305,0.00,0.00
2011.09.28 07:23:20.343,16.5981,16.60207,0.00,0.00
2011.09.28 07:23:20.693,16.59743,16.60159,0.00,0.00
2011.09.28 07:23:21.504,16.5974,16.60136,0.00,0.00
2011.09.28 07:23:22.962,16.59758,16.60106,0.00,0.00
2011.09.28 07:23:23.703,16.5972,16.60116,0.00,0.00
2011.09.28 07:23:25.052,16.59726,16.60072,0.00,0.00
2011.09.28 07:23:25.477,16.59692,16.6004,0.00,0.00
2011.09.28 07:23:25.593,16.59663,16.60009,0.00,0.00
2011.09.28 07:23:26.257,16.59637,16.60034,0.00,0.00
2011.09.28 07:23:26.482,16.59625,16.60023,0.00,0.00
2011.09.28 07:23:26.814,16.59597,16.59995,0.00,0.00
2011.09.28 07:23:27.043,16.59588,16.59986,0.00,0.00
2011.09.28 07:23:27.965,16.59613,16.59959,0.00,0.00
2011.09.28 07:23:28.608,16.59589,16.59987,0.00,0.00
2011.09.28 07:23:28.897,16.59579,16.60027,0.00,0.00
2011.09.28 07:23:29.234,16.59567,16.60063,0.00,0.00
2011.09.28 07:23:29.465,16.59562,16.59958,0.00,0.00
2011.09.28 07:23:29.827,16.5948,16.5978,0.00,0.00
2011.09.28 07:23:30.164,16.59321,16.59719,0.00,0.00
2011.09.28 07:23:31.544,16.59275,16.59623,0.00,0.00
2011.09.28 07:23:31.772,16.59209,16.59605,0.00,0.00
2011.09.28 07:23:31.884,16.5917,16.59616,0.00,0.00
2011.09.28 07:23:32.223,16.59185,16.59583,0.00,0.00
2011.09.28 07:23:32.440,16.59145,16.59591,0.00,0.00
2011.09.28 07:23:33.054,16.59149,16.59545,0.00,0.00
2011.09.28 07:23:33.170,16.59112,16.5956,0.00,0.00
2011.09.28 07:23:33.393,16.59121,16.59517,0.00,0.00
2011.09.28 07:23:33.735,16.58972,16.59612,0.00,0.00
2011.09.28 07:23:34.211,16.5895,16.59548,0.00,0.00
2011.09.28 07:23:34.545,16.58914,16.5951,0.00,0.00
2011.09.28 07:23:34.772,16.58884,16.59524,0.00,0.00
2011.09.28 07:23:35.440,16.58938,16.59494,0.00,0.00
2011.09.28 07:23:35.558,16.58915,16.59555,0.00,0.00
2011.09.28 07:23:36.396,16.58916,16.59514,0.00,0.00
2011.09.28 07:23:36.733,16.58937,16.59383,0.00,0.00
2011.09.28 07:23:37.424,16.58852,16.59348,0.00,0.00
2011.09.28 07:23:37.543,16.58842,16.5929,0.00,0.00
2011.09.28 07:23:37.663,16.58786,16.59384,0.00,0.00
2011.09.28 07:23:37.783,16.5877,16.5941,0.00,0.00
2011.09.28 07:23:38.789,16.58799,16.59346,0.00,0.00
2011.09.28 07:23:39.123,16.5887,16.59318,0.00,0.00
2011.09.28 07:23:39.382,16.58871,16.59417,0.00,0.00
2011.09.28 07:23:39.493,16.58863,16.59503,0.00,0.00
2011.09.28 07:23:39.804,16.58896,16.59522,0.00,0.00
2011.09.28 07:23:40.341,16.58885,16.59525,0.00,0.00
2011.09.28 07:23:40.604,16.58874,16.59422,0.00,0.00
2011.09.28 07:23:40.833,16.5878,16.5942,0.00,0.00
2011.09.28 07:23:40.943,16.58818,16.59384,0.00,0.00
2011.09.28 07:23:41.526,16.58851,16.59317,0.00,0.00
2011.09.28 07:23:41.647,16.58811,16.59337,0.00,0.00
2011.09.28 07:23:42.313,16.5883,16.59326,0.00,0.00
2011.09.28 07:23:42.421,16.58808,16.59354,0.00,0.00
2011.09.28 07:23:42.781,16.58773,16.5936,0.00,0.00
2011.09.28 07:23:43.293,16.58772,16.59319,0.00,0.00
2011.09.28 07:23:43.623,16.58775,16.59273,0.00,0.00
2011.09.28 07:23:44.267,16.58792,16.5924,0.00,0.00
2011.09.28 07:23:44.863,16.58835,16.59231,0.00,0.00
2011.09.28 07:23:45.902,16.58906,16.59282,0.00,0.00
2011.09.28 07:23:46.012,16.58936,16.59454,0.00,0.00
2011.09.28 07:23:46.883,16.59108,16.59486,0.00,0.00
2011.09.28 07:23:47.221,16.59249,16.59549,0.00,0.00
2011.09.28 07:23:47.331,16.59248,16.59696,0.00,0.00
2011.09.28 07:23:47.552,16.59282,16.59778,0.00,0.00
2011.09.28 07:23:48.013,16.59352,16.598,0.00,0.00
2011.09.28 07:23:48.352,16.59341,16.59838,0.00,0.00
2011.09.28 07:23:48.573,16.59297,16.59895,0.00,0.00
2011.09.28 07:23:49.030,16.59314,16.59954,0.00,0.00
2011.09.28 07:23:49.142,16.59387,16.60027,0.00,0.00
2011.09.28 07:23:49.891,16.59552,16.60048,0.00,0.00
2011.09.28 07:23:50.003,16.59555,16.60195,0.00,0.00
2011.09.28 07:23:50.231,16.59579,16.60219,0.00,0.00
2011.09.28 07:23:52.152,16.59607,16.60225,0.00,0.00
2011.09.28 07:23:53.915,16.59639,16.60237,0.00,0.00
2011.09.28 07:23:54.174,16.59573,16.60313,0.00,0.00
2011.09.28 07:23:54.294,16.59607,16.60247,0.00,0.00
2011.09.28 07:23:55.012,16.59624,16.6026,0.00,0.00
2011.09.28 07:23:55.342,16.59647,16.60287,0.00,0.00
2011.09.28 07:23:55.781,16.59632,16.60268,0.00,0.00
2011.09.28 07:23:56.506,16.59713,16.60159,0.00,0.00
2011.09.28 07:23:56.734,16.59646,16.60232,0.00,0.00
2011.09.28 07:23:56.854,16.59662,16.60159,0.00,0.00
2011.09.28 07:23:56.971,16.59633,16.60181,0.00,0.00
2011.09.28 07:23:57.982,16.59661,16.60157,0.00,0.00
2011.09.28 07:23:58.627,16.59687,16.60133,0.00,0.00
2011.09.28 07:23:58.972,16.59715,16.60111,0.00,0.00
2011.09.28 07:24:00.132,16.59646,16.60144,0.00,0.00
2011.09.28 07:24:01.166,16.59515,16.60143,0.00,0.00
2011.09.28 07:24:01.284,16.59528,16.59926,0.00,0.00
2011.09.28 07:24:04.778,16.59483,16.59829,0.00,0.00
2011.09.28 07:24:05.585,16.5944,16.59836,0.00,0.00
2011.09.28 07:24:05.816,16.59413,16.59859,0.00,0.00
2011.09.28 07:24:05.936,16.59389,16.59885,0.00,0.00
2011.09.28 07:24:07.146,16.59428,16.59874,0.00,0.00
2011.09.28 07:24:09.925,16.59472,16.59868,0.00,0.00
2011.09.28 07:24:11.471,16.59456,16.59902,0.00,0.00
2011.09.28 07:24:14.382,16.59483,16.5988,0.00,0.00
2011.09.28 07:24:15.328,16.59507,16.59855,0.00,0.00
2011.09.28 07:24:15.656,16.59461,16.59858,0.00,0.00
2011.09.28 07:24:15.775,16.59446,16.59792,0.00,0.00
2011.09.28 07:24:17.013,16.59353,16.59849,0.00,0.00
2011.09.28 07:24:17.233,16.59459,16.59805,0.00,0.00
2011.09.28 07:24:17.351,16.59452,16.59849,0.00,0.00
2011.09.28 07:24:17.573,16.59434,16.59882,0.00,0.00
2011.09.28 07:24:18.015,16.59427,16.59923,0.00,0.00
2011.09.28 07:24:18.133,16.5942,16.59967,0.00,0.00
2011.09.28 07:24:18.254,16.59456,16.59974,0.00,0.00
2011.09.28 07:24:18.775,16.59508,16.60006,0.00,0.00
2011.09.28 07:24:19.132,16.59531,16.60099,0.00,0.00
2011.09.28 07:24:19.241,16.59561,16.60179,0.00,0.00
2011.09.28 07:24:19.468,16.5968,16.60198,0.00,0.00
2011.09.28 07:24:19.803,16.59684,16.60282,0.00,0.00
2011.09.28 07:24:20.033,16.59666,16.60306,0.00,0.00
2011.09.28 07:24:20.484,16.59692,16.60332,0.00,0.00
2011.09.28 07:24:20.976,16.59728,16.60368,0.00,0.00
2011.09.28 07:24:22.003,16.59747,16.60387,0.00,0.00
2011.09.28 07:24:22.469,16.59752,16.60392,0.00,0.00
2011.09.28 07:24:23.872,16.59761,16.60401,0.00,0.00
2011.09.28 07:24:24.875,16.59783,16.60379,0.00,0.00
2011.09.28 07:24:25.122,16.59751,16.60391,0.00,0.00
2011.09.28 07:24:26.593,16.59802,16.60306,0.00,0.00
2011.09.28 07:24:27.054,16.59839,16.60235,0.00,0.00
2011.09.28 07:24:27.282,16.5983,16.60178,0.00,0.00
2011.09.28 07:24:27.391,16.59767,16.60163,0.00,0.00
2011.09.28 07:24:27.732,16.59729,16.60075,0.00,0.00
2011.09.28 07:24:27.845,16.59649,16.60045,0.00,0.00
2011.09.28 07:24:27.964,16.59564,16.6011,0.00,0.00
2011.09.28 07:24:28.503,16.59583,16.60081,0.00,0.00
2011.09.28 07:24:28.843,16.59599,16.60046,0.00,0.00
2011.09.28 07:24:29.682,16.59579,16.60027,0.00,0.00
2011.09.28 07:24:30.122,16.59592,16.59989,0.00,0.00
2011.09.28 07:24:31.260,16.5951,16.60006,0.00,0.00
2011.09.28 07:24:31.703,16.59291,16.60069,0.00,0.00
2011.09.28 07:24:31.823,16.59225,16.59993,0.00,0.00
2011.09.28 07:24:32.161,16.5924,16.59906,0.00,0.00
2011.09.28 07:24:32.859,16.59261,16.59859,0.00,0.00
2011.09.28 07:24:33.261,16.59267,16.59814,0.00,0.00
2011.09.28 07:24:33.593,16.59274,16.59772,0.00,0.00
2011.09.28 07:24:34.443,16.59292,16.5974,0.00,0.00
2011.09.28 07:24:35.802,16.59277,16.59773,0.00,0.00
2011.09.28 07:24:36.066,16.59305,16.59753,0.00,0.00
2011.09.28 07:24:36.915,16.59312,16.59708,0.00,0.00
2011.09.28 07:24:37.604,16.59286,16.59632,0.00,0.00
2011.09.28 07:24:37.721,16.59193,16.59589,0.00,0.00
2011.09.28 07:24:38.685,16.59093,16.5959,0.00,0.00
2011.09.28 07:24:40.563,16.59099,16.59547,0.00,0.00
2011.09.28 07:24:40.905,16.59138,16.59536,0.00,0.00
2011.09.28 07:24:41.048,16.59106,16.59602,0.00,0.00
2011.09.28 07:24:41.382,16.59035,16.59633,0.00,0.00
2011.09.28 07:24:42.317,16.59062,16.59458,0.00,0.00
2011.09.28 07:24:46.172,16.58915,16.59482,0.00,0.00
2011.09.28 07:24:46.415,16.59049,16.59397,0.00,0.00
2011.09.28 07:24:47.565,16.58926,16.5958,0.00,0.00
2011.09.28 07:24:47.683,16.59094,16.59394,0.00,0.00
2011.09.28 07:24:47.912,16.59016,16.59414,0.00,0.00
2011.09.28 07:24:48.022,16.58905,16.59451,0.00,0.00
2011.09.28 07:24:48.464,16.58942,16.59338,0.00,0.00
2011.09.28 07:24:49.112,16.58876,16.59324,0.00,0.00
2011.09.28 07:24:49.636,16.58811,16.59309,0.00,0.00
2011.09.28 07:24:49.863,16.58797,16.59245,0.00,0.00
2011.09.28 07:24:50.578,16.58782,16.5918,0.00,0.00
2011.09.28 07:24:51.043,16.58769,16.59115,0.00,0.00
2011.09.28 07:24:51.382,16.58613,16.59161,0.00,0.00
2011.09.28 07:24:51.711,16.5849,16.59086,0.00,0.00
2011.09.28 07:24:51.822,16.58509,16.58857,0.00,0.00
2011.09.28 07:24:51.931,16.58454,16.5885,0.00,0.00
2011.09.28 07:24:52.262,16.58438,16.58886,0.00,0.00
2011.09.28 07:24:53.678,16.58399,16.58945,0.00,0.00
2011.09.28 07:24:53.901,16.58418,16.58914,0.00,0.00
2011.09.28 07:24:54.623,16.58441,16.58887,0.00,0.00
2011.09.28 07:24:55.024,16.58479,16.58875,0.00,0.00
2011.09.28 07:24:55.512,16.58475,16.58921,0.00,0.00
2011.09.28 07:24:56.710,16.58476,16.58972,0.00,0.00
2011.09.28 07:24:57.961,16.58527,16.58975,0.00,0.00
2011.09.28 07:24:58.503,16.58447,16.59087,0.00,0.00
2011.09.28 07:24:59.529,16.58503,16.5905,0.00,0.00
2011.09.28 07:24:59.645,16.58486,16.59126,0.00,0.00
2011.09.28 07:24:59.984,16.5857,16.59117,0.00,0.00
2011.09.28 07:25:00.212,16.58592,16.59188,0.00,0.00
2011.09.28 07:25:00.328,16.58623,16.59263,0.00,0.00
2011.09.28 07:25:01.449,16.58666,16.59306,0.00,0.00
2011.09.28 07:25:03.096,16.58712,16.59308,0.00,0.00
2011.09.28 07:25:03.452,16.58698,16.59323,0.00,0.00
2011.09.28 07:25:03.563,16.5865,16.59324,0.00,0.00
2011.09.28 07:25:03.671,16.58706,16.59202,0.00,0.00
2011.09.28 07:25:04.478,16.58718,16.59115,0.00,0.00
2011.09.28 07:25:04.843,16.58616,16.59112,0.00,0.00
2011.09.28 07:25:04.952,16.58574,16.58971,0.00,0.00
2011.09.28 07:25:06.544,16.58453,16.589,0.00,0.00
2011.09.28 07:25:06.663,16.584,16.58898,0.00,0.00
2011.09.28 07:25:06.773,16.58379,16.58926,0.00,0.00
2011.09.28 07:25:06.882,16.5836,16.58956,0.00,0.00
2011.09.28 07:25:07.603,16.58388,16.58935,0.00,0.00
2011.09.28 07:25:07.979,16.58425,16.58923,0.00,0.00
2011.09.28 07:25:09.398,16.5841,16.58956,0.00,0.00
2011.09.28 07:25:09.624,16.58436,16.58934,0.00,0.00
2011.09.28 07:25:09.741,16.58428,16.58976,0.00,0.00
2011.09.28 07:25:09.875,16.58474,16.58972,0.00,0.00
2011.09.28 07:25:11.773,16.58473,16.5902,0.00,0.00
2011.09.28 07:25:11.992,16.58477,16.59073,0.00,0.00
2011.09.28 07:25:12.102,16.58492,16.59132,0.00,0.00
2011.09.28 07:25:12.352,16.58543,16.59183,0.00,0.00
2011.09.28 07:25:12.902,16.58571,16.59211,0.00,0.00
2011.09.28 07:25:13.884,16.58594,16.5919,0.00,0.00
2011.09.28 07:25:15.132,16.58638,16.59186,0.00,0.00
2011.09.28 07:25:15.368,16.5867,16.59266,0.00,0.00
2011.09.28 07:25:15.482,16.58851,16.59247,0.00,0.00
2011.09.28 07:25:15.592,16.58915,16.59343,0.00,0.00
2011.09.28 07:25:15.813,16.58922,16.59498,0.00,0.00
2011.09.28 07:25:15.922,16.59022,16.59576,0.00,0.00
2011.09.28 07:25:16.252,16.59147,16.59645,0.00,0.00
2011.09.28 07:25:16.362,16.59131,16.59771,0.00,0.00
2011.09.28 07:25:16.581,16.59172,16.59812,0.00,0.00
2011.09.28 07:25:16.799,16.59137,16.59977,0.00,0.00
2011.09.28 07:25:17.128,16.59289,16.59929,0.00,0.00
2011.09.28 07:25:17.463,16.59342,16.5992,0.00,0.00
2011.09.28 07:25:17.569,16.59328,16.59968,0.00,0.00
2011.09.28 07:25:18.123,16.59364,16.5999,0.00,0.00
2011.09.28 07:25:18.499,16.59423,16.60059,0.00,0.00
2011.09.28 07:25:18.620,16.59492,16.60132,0.00,0.00
2011.09.28 07:25:18.896,16.59558,16.60174,0.00,0.00
2011.09.28 07:25:19.011,16.59621,16.60261,0.00,0.00
2011.09.28 07:25:19.122,16.59719,16.60359,0.00,0.00
2011.09.28 07:25:19.716,16.5979,16.6043,0.00,0.00
2011.09.28 07:25:20.533,16.59833,16.60469,0.00,0.00
2011.09.28 07:25:21.458,16.59848,16.60488,0.00,0.00
2011.09.28 07:25:21.581,16.59853,16.60493,0.00,0.00
2011.09.28 07:25:21.986,16.59914,16.60472,0.00,0.00
2011.09.28 07:25:22.494,16.59968,16.60476,0.00,0.00
2011.09.28 07:25:22.722,16.59993,16.60551,0.00,0.00
2011.09.28 07:25:22.834,16.60019,16.60657,0.00,0.00
2011.09.28 07:25:22.953,16.60071,16.60711,0.00,0.00
2011.09.28 07:25:23.652,16.60107,16.60747,0.00,0.00
2011.09.28 07:25:23.983,16.60172,16.60759,0.00,0.00
2011.09.28 07:25:24.312,16.60162,16.60802,0.00,0.00
2011.09.28 07:25:24.423,16.60094,16.60734,0.00,0.00
2011.09.28 07:25:24.752,16.60094,16.60592,0.00,0.00
2011.09.28 07:25:24.863,16.60041,16.60681,0.00,0.00
2011.09.28 07:25:26.085,16.60139,16.60715,0.00,0.00
2011.09.28 07:25:26.204,16.60243,16.60883,0.00,0.00
2011.09.28 07:25:26.872,16.60525,16.60943,0.00,0.00
2011.09.28 07:25:26.981,16.606,16.61136,0.00,0.00
2011.09.28 07:25:27.091,16.60676,16.61174,0.00,0.00
2011.09.28 07:25:27.453,16.60699,16.61145,0.00,0.00
2011.09.28 07:25:27.562,16.60683,16.61181,0.00,0.00
2011.09.28 07:25:27.974,16.60686,16.61233,0.00,0.00
2011.09.28 07:25:28.092,16.60682,16.61322,0.00,0.00
2011.09.28 07:25:28.787,16.60779,16.61327,0.00,0.00
2011.09.28 07:25:28.906,16.6079,16.6143,0.00,0.00
2011.09.28 07:25:29.242,16.60831,16.61471,0.00,0.00
2011.09.28 07:25:29.573,16.60841,16.61481,0.00,0.00
2011.09.28 07:25:30.022,16.60883,16.61479,0.00,0.00
2011.09.28 07:25:30.244,16.60891,16.61531,0.00,0.00
2011.09.28 07:25:31.895,16.60926,16.61544,0.00,0.00
2011.09.28 07:25:32.552,16.60908,16.61534,0.00,0.00
2011.09.28 07:25:33.424,16.60883,16.61479,0.00,0.00
2011.09.28 07:25:33.882,16.60815,16.61455,0.00,0.00
2011.09.28 07:25:34.107,16.60782,16.61378,0.00,0.00
2011.09.28 07:25:34.441,16.60747,16.61295,0.00,0.00
2011.09.28 07:25:34.772,16.60715,16.61213,0.00,0.00
2011.09.28 07:25:35.363,16.60695,16.61143,0.00,0.00
2011.09.28 07:25:35.693,16.60654,16.6105,0.00,0.00
2011.09.28 07:25:36.237,16.60475,16.61115,0.00,0.00
2011.09.28 07:25:36.663,16.60474,16.61101,0.00,0.00
2011.09.28 07:25:36.772,16.60496,16.61136,0.00,0.00
2011.09.28 07:25:36.884,16.60551,16.61191,0.00,0.00
2011.09.28 07:25:37.223,16.60616,16.61256,0.00,0.00
2011.09.28 07:25:38.447,16.60661,16.61301,0.00,0.00
2011.09.28 07:25:40.793,16.60702,16.61298,0.00,0.00
2011.09.28 07:25:42.111,16.60736,16.61284,0.00,0.00
2011.09.28 07:25:42.882,16.6079,16.61286,0.00,0.00
2011.09.28 07:25:43.686,16.60887,16.61283,0.00,0.00
2011.09.28 07:25:43.912,16.60808,16.61404,0.00,0.00
2011.09.28 07:25:44.244,16.60899,16.61295,0.00,0.00
2011.09.28 07:25:44.996,16.60833,16.61379,0.00,0.00
2011.09.28 07:25:46.032,16.60869,16.61365,0.00,0.00
2011.09.28 07:25:49.092,16.60877,16.61324,0.00,0.00
2011.09.28 07:25:49.485,16.60842,16.61238,0.00,0.00
2011.09.28 07:25:50.453,16.6074,16.61238,0.00,0.00
2011.09.28 07:25:50.837,16.60788,16.61184,0.00,0.00
2011.09.28 07:25:53.637,16.60732,16.61228,0.00,0.00
2011.09.28 07:25:53.882,16.60779,16.61125,0.00,0.00
2011.09.28 07:25:54.212,16.60725,16.61123,0.00,0.00
2011.09.28 07:25:54.604,16.60723,16.61071,0.00,0.00
2011.09.28 07:25:54.723,16.60667,16.61063,0.00,0.00
2011.09.28 07:25:56.537,16.6063,16.60976,0.00,0.00
2011.09.28 07:25:56.654,16.60398,16.60994,0.00,0.00
2011.09.28 07:25:56.774,16.60416,16.60764,0.00,0.00
2011.09.28 07:25:57.113,16.60194,16.60834,0.00,0.00
2011.09.28 07:25:57.223,16.60112,16.60752,0.00,0.00
2011.09.28 07:25:57.334,16.60186,16.60532,0.00,0.00
2011.09.28 07:25:57.452,16.60097,16.60591,0.00,0.00
2011.09.28 07:25:57.566,16.60077,16.60623,0.00,0.00
2011.09.28 07:25:57.793,16.60035,16.60649,0.00,0.00
2011.09.28 07:25:58.013,16.60072,16.60546,0.00,0.00
2011.09.28 07:25:58.690,16.599,16.6064,0.00,0.00
2011.09.28 07:25:59.030,16.59911,16.60551,0.00,0.00
2011.09.28 07:25:59.469,16.59829,16.60525,0.00,0.00
2011.09.28 07:25:59.798,16.59761,16.60401,0.00,0.00
2011.09.28 07:26:00.146,16.59709,16.60256,0.00,0.00
2011.09.28 07:26:00.594,16.59715,16.60211,0.00,0.00
2011.09.28 07:26:00.712,16.59694,16.60292,0.00,0.00
2011.09.28 07:26:01.386,16.59736,16.60376,0.00,0.00
2011.09.28 07:26:01.508,16.5983,16.6047,0.00,0.00
2011.09.28 07:26:01.846,16.59939,16.60579,0.00,0.00
2011.09.28 07:26:02.534,16.60009,16.60649,0.00,0.00
2011.09.28 07:26:02.652,16.59985,16.60725,0.00,0.00
2011.09.28 07:26:02.765,16.60016,16.60656,0.00,0.00
2011.09.28 07:26:03.313,16.59981,16.60621,0.00,0.00
2011.09.28 07:26:04.269,16.59963,16.60603,0.00,0.00
2011.09.28 07:26:04.383,16.59954,16.60594,0.00,0.00
2011.09.28 07:26:05.391,16.59931,16.60571,0.00,0.00
2011.09.28 07:26:05.701,16.59924,16.60522,0.00,0.00
2011.09.28 07:26:06.034,16.59874,16.60468,0.00,0.00
2011.09.28 07:26:06.372,16.59845,16.60342,0.00,0.00
2011.09.28 07:26:06.890,16.59786,16.60234,0.00,0.00
2011.09.28 07:26:07.491,16.59688,16.60184,0.00,0.00
2011.09.28 07:26:07.604,16.5964,16.60186,0.00,0.00
2011.09.28 07:26:07.854,16.59595,16.60191,0.00,0.00
2011.09.28 07:26:08.304,16.59545,16.60193,0.00,0.00
2011.09.28 07:26:08.535,16.5955,16.6019,0.00,0.00
2011.09.28 07:26:09.366,16.596,16.60198,0.00,0.00
2011.09.28 07:26:09.913,16.59527,16.60313,0.00,0.00
2011.09.28 07:26:10.132,16.59537,16.60277,0.00,0.00
2011.09.28 07:26:10.463,16.5957,16.6021,0.00,0.00
2011.09.28 07:26:12.154,16.59579,16.60217,0.00,0.00
2011.09.28 07:26:12.695,16.59659,16.60299,0.00,0.00
2011.09.28 07:26:12.928,16.59835,16.60361,0.00,0.00
2011.09.28 07:26:13.044,16.59857,16.60497,0.00,0.00
2011.09.28 07:26:13.163,16.59903,16.60543,0.00,0.00
2011.09.28 07:26:13.514,16.59964,16.60562,0.00,0.00
2011.09.28 07:26:13.632,16.60009,16.60617,0.00,0.00
2011.09.28 07:26:13.743,16.60023,16.60663,0.00,0.00
2011.09.28 07:26:15.238,16.60009,16.60649,0.00,0.00
2011.09.28 07:26:15.355,16.59897,16.60681,0.00,0.00
2011.09.28 07:26:15.476,16.59979,16.60619,0.00,0.00
2011.09.28 07:26:17.393,16.60025,16.60665,0.00,0.00
2011.09.28 07:26:19.603,16.60065,16.60705,0.00,0.00
2011.09.28 07:26:23.118,16.601,16.60698,0.00,0.00
2011.09.28 07:26:24.292,16.60097,16.60661,0.00,0.00
2011.09.28 07:26:24.627,16.60101,16.60547,0.00,0.00
2011.09.28 07:26:24.743,16.59933,16.60573,0.00,0.00
2011.09.28 07:26:26.784,16.59942,16.60438,0.00,0.00
2011.09.28 07:26:27.042,16.59869,16.60416,0.00,0.00
2011.09.28 07:26:27.553,16.59867,16.60365,0.00,0.00
2011.09.28 07:26:28.473,16.59825,16.60423,0.00,0.00
2011.09.28 07:26:28.936,16.59851,16.60399,0.00,0.00
2011.09.28 07:26:31.074,16.59851,16.60347,0.00,0.00
2011.09.28 07:26:31.255,16.5974,16.6038,0.00,0.00
2011.09.28 07:26:31.376,16.59735,16.60331,0.00,0.00
2011.09.28 07:26:31.836,16.59739,16.60311,0.00,0.00
2011.09.28 07:26:33.123,16.59712,16.60334,0.00,0.00
2011.09.28 07:26:33.351,16.59738,16.6031,0.00,0.00
2011.09.28 07:26:34.554,16.5973,16.60352,0.00,0.00
2011.09.28 07:26:36.413,16.59779,16.60351,0.00,0.00
2011.09.28 07:26:38.026,16.5983,16.60302,0.00,0.00
2011.09.28 07:26:41.974,16.59768,16.60181,0.00,0.00
2011.09.28 07:26:42.084,16.59568,16.6005,0.00,0.00
2011.09.28 07:26:42.202,16.59397,16.59961,0.00,0.00
2011.09.28 07:26:42.373,16.59323,16.59937,0.00,0.00
2011.09.28 07:26:42.494,16.59209,16.60063,0.00,0.00
2011.09.28 07:26:43.226,16.59232,16.60096,0.00,0.00
2011.09.28 07:26:44.383,16.59273,16.60127,0.00,0.00
2011.09.28 07:26:44.858,16.59312,16.60166,0.00,0.00
2011.09.28 07:26:45.974,16.59367,16.60191,0.00,0.00
2011.09.28 07:26:46.351,16.59402,16.60236,0.00,0.00
2011.09.28 07:26:46.462,16.59436,16.603,0.00,0.00
2011.09.28 07:26:46.573,16.59497,16.60391,0.00,0.00
2011.09.28 07:26:46.767,16.59681,16.60346,0.00,0.00
2011.09.28 07:26:46.882,16.59648,16.60392,0.00,0.00
2011.09.28 07:26:46.991,16.59679,16.60291,0.00,0.00
2011.09.28 07:26:47.102,16.59551,16.60223,0.00,0.00
2011.09.28 07:26:47.811,16.5942,16.60092,0.00,0.00
2011.09.28 07:26:48.491,16.59381,16.59927,0.00,0.00
2011.09.28 07:26:48.833,16.59405,16.59751,0.00,0.00
2011.09.28 07:26:48.944,16.59336,16.59732,0.00,0.00
2011.09.28 07:26:51.542,16.5931,16.59684,0.00,0.00
2011.09.28 07:26:51.652,16.59232,16.5968,0.00,0.00
2011.09.28 07:26:52.936,16.59226,16.59622,0.00,0.00
2011.09.28 07:26:54.473,16.59217,16.59565,0.00,0.00
2011.09.28 07:26:54.693,16.59106,16.59604,0.00,0.00
2011.09.28 07:26:55.155,16.59092,16.5954,0.00,0.00
2011.09.28 07:26:55.514,16.59078,16.59474,0.00,0.00
2011.09.28 07:26:57.843,16.59064,16.5941,0.00,0.00
2011.09.28 07:26:57.954,16.58998,16.59395,0.00,0.00
2011.09.28 07:26:58.783,16.58859,16.59456,0.00,0.00
2011.09.28 07:26:58.904,16.58907,16.59303,0.00,0.00
2011.09.28 07:26:59.468,16.58765,16.59261,0.00,0.00
2011.09.28 07:27:03.935,16.58685,16.59131,0.00,0.00
2011.09.28 07:27:06.767,16.58625,16.59049,0.00,0.00
2011.09.28 07:27:07.102,16.58429,16.59069,0.00,0.00
2011.09.28 07:27:07.582,16.58448,16.58894,0.00,0.00
2011.09.28 07:27:08.209,16.58474,16.58842,0.00,0.00
2011.09.28 07:27:08.324,16.58466,16.58884,0.00,0.00
2011.09.28 07:27:08.441,16.58514,16.5889,0.00,0.00
2011.09.28 07:27:08.552,16.5853,16.58958,0.00,0.00
2011.09.28 07:27:08.663,16.58512,16.59058,0.00,0.00
2011.09.28 07:27:10.334,16.58453,16.59093,0.00,0.00
2011.09.28 07:27:10.452,16.5846,16.59036,0.00,0.00
2011.09.28 07:27:11.117,16.58442,16.59038,0.00,0.00
2011.09.28 07:27:11.240,16.58431,16.59071,0.00,0.00
2011.09.28 07:27:12.624,16.58461,16.59087,0.00,0.00
2011.09.28 07:27:12.744,16.585,16.5914,0.00,0.00
2011.09.28 07:27:13.240,16.585,16.5924,0.00,0.00
2011.09.28 07:27:13.361,16.58548,16.59254,0.00,0.00
2011.09.28 07:27:13.694,16.58644,16.59151,0.00,0.00
2011.09.28 07:27:14.349,16.5855,16.5919,0.00,0.00
2011.09.28 07:27:14.465,16.58546,16.59186,0.00,0.00
2011.09.28 07:27:14.963,16.5857,16.59118,0.00,0.00
2011.09.28 07:27:15.228,16.58568,16.59066,0.00,0.00
2011.09.28 07:27:15.563,16.58601,16.58999,0.00,0.00
2011.09.28 07:27:15.895,16.58597,16.59045,0.00,0.00
2011.09.28 07:27:16.014,16.58617,16.59151,0.00,0.00
2011.09.28 07:27:16.135,16.58636,16.59276,0.00,0.00
2011.09.28 07:27:18.274,16.58672,16.5927,0.00,0.00
2011.09.28 07:27:19.754,16.58717,16.59165,0.00,0.00
2011.09.28 07:27:20.095,16.58731,16.59031,0.00,0.00
2011.09.28 07:27:20.213,16.5851,16.59146,0.00,0.00
2011.09.28 07:27:20.321,16.58592,16.59036,0.00,0.00
2011.09.28 07:27:20.603,16.585,16.59086,0.00,0.00
2011.09.28 07:27:21.000,16.58454,16.59094,0.00,0.00
2011.09.28 07:27:21.776,16.58512,16.59008,0.00,0.00
2011.09.28 07:27:22.355,16.58471,16.59067,0.00,0.00
2011.09.28 07:27:22.474,16.58489,16.59037,0.00,0.00
2011.09.28 07:27:22.820,16.58546,16.58944,0.00,0.00
2011.09.28 07:27:23.456,16.58512,16.5896,0.00,0.00
2011.09.28 07:27:23.674,16.5852,16.58918,0.00,0.00
2011.09.28 07:27:24.297,16.58529,16.58877,0.00,0.00
2011.09.28 07:27:25.903,16.58465,16.58913,0.00,0.00
2011.09.28 07:27:27.282,16.5847,16.58867,0.00,0.00
2011.09.28 07:27:27.841,16.58476,16.58822,0.00,0.00
2011.09.28 07:27:27.961,16.58443,16.58839,0.00,0.00
2011.09.28 07:27:28.076,16.58431,16.58877,0.00,0.00
2011.09.28 07:27:29.361,16.58425,16.58923,0.00,0.00
2011.09.28 07:27:29.472,16.58406,16.58953,0.00,0.00
2011.09.28 07:27:30.922,16.58385,16.58881,0.00,0.00
2011.09.28 07:27:31.255,16.58283,16.58879,0.00,0.00
2011.09.28 07:27:31.404,16.58432,16.58778,0.00,0.00
2011.09.28 07:27:32.173,16.58422,16.5887,0.00,0.00
2011.09.28 07:27:32.621,16.58408,16.58955,0.00,0.00
2011.09.28 07:27:33.396,16.58382,16.59022,0.00,0.00
2011.09.28 07:27:34.092,16.58422,16.5897,0.00,0.00
2011.09.28 07:27:34.424,16.58427,16.58873,0.00,0.00
2011.09.28 07:27:34.834,16.58388,16.58786,0.00,0.00
2011.09.28 07:27:36.123,16.58337,16.58735,0.00,0.00
2011.09.28 07:27:36.231,16.58279,16.58775,0.00,0.00
2011.09.28 07:27:37.702,16.58285,16.58733,0.00,0.00
2011.09.28 07:27:38.382,16.58243,16.58641,0.00,0.00
2011.09.28 07:27:38.848,16.58114,16.58528,0.00,0.00
2011.09.28 07:27:38.975,16.57894,16.58492,0.00,0.00
2011.09.28 07:27:39.195,16.57855,16.58401,0.00,0.00
2011.09.28 07:27:39.536,16.57877,16.58323,0.00,0.00
2011.09.28 07:27:39.924,16.57893,16.5829,0.00,0.00
2011.09.28 07:27:40.154,16.57877,16.58325,0.00,0.00
2011.09.28 07:27:42.112,16.57853,16.58349,0.00,0.00
2011.09.28 07:27:42.614,16.57865,16.58312,0.00,0.00
2011.09.28 07:27:42.952,16.57906,16.58254,0.00,0.00
2011.09.28 07:27:43.365,16.57868,16.58264,0.00,0.00
2011.09.28 07:27:43.703,16.5786,16.58206,0.00,0.00
2011.09.28 07:27:43.814,16.57822,16.58218,0.00,0.00
2011.09.28 07:27:44.585,16.57846,16.58194,0.00,0.00
2011.09.28 07:27:45.035,16.57806,16.58252,0.00,0.00
2011.09.28 07:27:46.113,16.57838,16.58235,0.00,0.00
2011.09.28 07:27:47.231,16.57824,16.58272,0.00,0.00
2011.09.28 07:27:47.562,16.57807,16.58305,0.00,0.00
2011.09.28 07:27:48.521,16.57838,16.58286,0.00,0.00
2011.09.28 07:27:48.852,16.57829,16.58327,0.00,0.00
2011.09.28 07:27:49.993,16.57878,16.58326,0.00,0.00
2011.09.28 07:27:50.102,16.57843,16.58389,0.00,0.00
2011.09.28 07:27:50.211,16.5789,16.58338,0.00,0.00
2011.09.28 07:27:51.014,16.57879,16.58375,0.00,0.00
2011.09.28 07:27:51.722,16.57875,16.58422,0.00,0.00
2011.09.28 07:27:51.942,16.57924,16.5842,0.00,0.00
2011.09.28 07:27:53.774,16.57923,16.5847,0.00,0.00
2011.09.28 07:27:54.117,16.57924,16.58522,0.00,0.00
2011.09.28 07:27:54.974,16.57924,16.58564,0.00,0.00
2011.09.28 07:27:55.611,16.57956,16.58554,0.00,0.00
2011.09.28 07:27:56.236,16.57985,16.58533,0.00,0.00
2011.09.28 07:27:56.464,16.57972,16.5857,0.00,0.00
2011.09.28 07:27:57.061,16.57992,16.5854,0.00,0.00
2011.09.28 07:27:57.403,16.57963,16.5851,0.00,0.00
2011.09.28 07:27:59.447,16.58021,16.58417,0.00,0.00
2011.09.28 07:27:59.564,16.57942,16.58489,0.00,0.00
2011.09.28 07:27:59.682,16.57872,16.58512,0.00,0.00
2011.09.28 07:27:59.964,16.579,16.58448,0.00,0.00
2011.09.28 07:28:01.008,16.57929,16.58427,0.00,0.00
2011.09.28 07:28:02.773,16.57907,16.58454,0.00,0.00
2011.09.28 07:28:02.882,16.57917,16.58415,0.00,0.00
2011.09.28 07:28:03.568,16.57931,16.58377,0.00,0.00
2011.09.28 07:28:04.279,16.57924,16.58422,0.00,0.00
2011.09.28 07:28:04.956,16.57883,16.58523,0.00,0.00
2011.09.28 07:28:05.183,16.57891,16.58531,0.00,0.00
2011.09.28 07:28:05.867,16.5793,16.58526,0.00,0.00
2011.09.28 07:28:06.583,16.57932,16.58572,0.00,0.00
2011.09.28 07:28:07.970,16.5799,16.58588,0.00,0.00
2011.09.28 07:28:09.144,16.58061,16.58629,0.00,0.00
2011.09.28 07:28:09.265,16.58099,16.58739,0.00,0.00
2011.09.28 07:28:10.874,16.58245,16.58763,0.00,0.00
2011.09.28 07:28:10.992,16.58242,16.58882,0.00,0.00
2011.09.28 07:28:11.103,16.5825,16.58868,0.00,0.00
2011.09.28 07:28:11.542,16.58252,16.58718,0.00,0.00
2011.09.28 07:28:11.653,16.58122,16.5867,0.00,0.00
2011.09.28 07:28:12.075,16.58056,16.58654,0.00,0.00
2011.09.28 07:28:13.434,16.58055,16.58601,0.00,0.00
2011.09.28 07:28:14.504,16.58006,16.58502,0.00,0.00
2011.09.28 07:28:15.062,16.57899,16.58335,0.00,0.00
2011.09.28 07:28:15.393,16.57704,16.58344,0.00,0.00
2011.09.28 07:28:15.722,16.57667,16.58461,0.00,0.00
2011.09.28 07:28:15.834,16.57993,16.58293,0.00,0.00
2011.09.28 07:28:16.409,16.57857,16.58455,0.00,0.00
2011.09.28 07:28:16.636,16.57964,16.58264,0.00,0.00
2011.09.28 07:28:16.752,16.57783,16.58331,0.00,0.00
2011.09.28 07:28:16.865,16.57704,16.5838,0.00,0.00
2011.09.28 07:28:17.201,16.57707,16.58347,0.00,0.00
2011.09.28 07:28:18.372,16.57683,16.58323,0.00,0.00
2011.09.28 07:28:18.770,16.57686,16.58284,0.00,0.00
2011.09.28 07:28:19.103,16.57733,16.58231,0.00,0.00
2011.09.28 07:28:19.605,16.57706,16.58254,0.00,0.00
2011.09.28 07:28:20.412,16.57717,16.58215,0.00,0.00
2011.09.28 07:28:20.646,16.57677,16.58224,0.00,0.00
2011.09.28 07:28:20.762,16.57699,16.58195,0.00,0.00
2011.09.28 07:28:22.713,16.57644,16.58242,0.00,0.00
2011.09.28 07:28:24.256,16.57622,16.58169,0.00,0.00
2011.09.28 07:28:24.841,16.57598,16.58046,0.00,0.00
2011.09.28 07:28:25.313,16.57554,16.5795,0.00,0.00
2011.09.28 07:28:25.532,16.57427,16.57974,0.00,0.00
2011.09.28 07:28:29.314,16.57447,16.57943,0.00,0.00
2011.09.28 07:28:29.543,16.57401,16.57999,0.00,0.00
2011.09.28 07:28:29.762,16.57423,16.57971,0.00,0.00
2011.09.28 07:28:29.925,16.57422,16.58018,0.00,0.00
2011.09.28 07:28:30.585,16.57534,16.58002,0.00,0.00
2011.09.28 07:28:30.817,16.57542,16.5806,0.00,0.00
2011.09.28 07:28:31.293,16.57524,16.58092,0.00,0.00
2011.09.28 07:28:32.296,16.57464,16.58104,0.00,0.00
2011.09.28 07:28:32.418,16.5747,16.58017,0.00,0.00
2011.09.28 07:28:32.753,16.57424,16.57971,0.00,0.00
2011.09.28 07:28:33.670,16.57396,16.57892,0.00,0.00
2011.09.28 07:28:34.004,16.57378,16.57874,0.00,0.00
2011.09.28 07:28:37.217,16.57336,16.57976,0.00,0.00
2011.09.28 07:28:38.174,16.57363,16.57959,0.00,0.00
2011.09.28 07:28:39.308,16.5739,16.57936,0.00,0.00
2011.09.28 07:28:39.777,16.57379,16.57975,0.00,0.00
2011.09.28 07:28:40.007,16.57424,16.57971,0.00,0.00
2011.09.28 07:28:45.102,16.57424,16.58022,0.00,0.00
2011.09.28 07:28:45.324,16.57424,16.58064,0.00,0.00
2011.09.28 07:28:46.184,16.57456,16.58054,0.00,0.00
2011.09.28 07:28:46.534,16.57485,16.58033,0.00,0.00
2011.09.28 07:28:47.906,16.57477,16.58075,0.00,0.00
2011.09.28 07:28:48.376,16.57521,16.58069,0.00,0.00
2011.09.28 07:28:50.053,16.57503,16.581,0.00,0.00
2011.09.28 07:28:50.165,16.57519,16.58066,0.00,0.00
2011.09.28 07:28:51.904,16.57538,16.58034,0.00,0.00
2011.09.28 07:28:52.026,16.57508,16.58055,0.00,0.00
2011.09.28 07:28:52.145,16.57518,16.58014,0.00,0.00
2011.09.28 07:28:53.506,16.57521,16.57969,0.00,0.00
2011.09.28 07:28:55.585,16.57473,16.57969,0.00,0.00
2011.09.28 07:28:56.935,16.57466,16.5792,0.00,0.00
2011.09.28 07:28:57.275,16.57443,16.57839,0.00,0.00
2011.09.28 07:28:57.962,16.57363,16.57759,0.00,0.00
2011.09.28 07:28:58.080,16.57276,16.57674,0.00,0.00
2011.09.28 07:28:59.903,16.57207,16.57603,0.00,0.00
2011.09.28 07:29:00.122,16.57152,16.57549,0.00,0.00
2011.09.28 07:29:00.914,16.57103,16.57499,0.00,0.00
2011.09.28 07:29:01.023,16.5707,16.57466,0.00,0.00
2011.09.28 07:29:01.496,16.56983,16.57429,0.00,0.00
2011.09.28 07:29:01.884,16.56909,16.57257,0.00,0.00
2011.09.28 07:29:02.225,16.56663,16.57259,0.00,0.00
2011.09.28 07:29:02.345,16.56625,16.57221,0.00,0.00
2011.09.28 07:29:02.814,16.56592,16.57232,0.00,0.00
2011.09.28 07:29:02.925,16.56599,16.57197,0.00,0.00
2011.09.28 07:29:04.082,16.5664,16.57186,0.00,0.00
2011.09.28 07:29:04.413,16.56714,16.572,0.00,0.00
2011.09.28 07:29:04.647,16.56678,16.57318,0.00,0.00
2011.09.28 07:29:05.394,16.56688,16.57328,0.00,0.00
2011.09.28 07:29:05.893,16.56716,16.57314,0.00,0.00
2011.09.28 07:29:07.364,16.56757,16.57255,0.00,0.00
2011.09.28 07:29:08.582,16.56741,16.57189,0.00,0.00
2011.09.28 07:29:08.803,16.56628,16.57126,0.00,0.00
2011.09.28 07:29:09.656,16.56542,16.57038,0.00,0.00
2011.09.28 07:29:09.884,16.56479,16.57027,0.00,0.00
2011.09.28 07:29:10.775,16.56491,16.56987,0.00,0.00
2011.09.28 07:29:11.774,16.56455,16.57002,0.00,0.00
2011.09.28 07:29:12.393,16.56438,16.56936,0.00,0.00
2011.09.28 07:29:12.614,16.56343,16.56911,0.00,0.00
2011.09.28 07:29:12.844,16.56313,16.56811,0.00,0.00
2011.09.28 07:29:12.962,16.5616,16.568,0.00,0.00
2011.09.28 07:29:13.074,16.56101,16.56741,0.00,0.00
2011.09.28 07:29:13.863,16.56021,16.56789,0.00,0.00
2011.09.28 07:29:13.976,16.56003,16.56743,0.00,0.00
2011.09.28 07:29:14.374,16.55979,16.56619,0.00,0.00
2011.09.28 07:29:14.775,16.56051,16.56399,0.00,0.00
2011.09.28 07:29:15.004,16.55933,16.56431,0.00,0.00
2011.09.28 07:29:15.125,16.55932,16.56328,0.00,0.00
2011.09.28 07:29:15.353,16.55838,16.56394,0.00,0.00
2011.09.28 07:29:15.463,16.55737,16.56477,0.00,0.00
2011.09.28 07:29:15.574,16.55823,16.56311,0.00,0.00
2011.09.28 07:29:15.802,16.55823,16.56351,0.00,0.00
2011.09.28 07:29:15.913,16.55763,16.56503,0.00,0.00
2011.09.28 07:29:16.025,16.55807,16.56447,0.00,0.00
2011.09.28 07:29:16.363,16.55777,16.56417,0.00,0.00
2011.09.28 07:29:16.627,16.55758,16.56405,0.00,0.00
2011.09.28 07:29:16.745,16.55746,16.56386,0.00,0.00
2011.09.28 07:29:17.459,16.55853,16.56153,0.00,0.00
2011.09.28 07:29:17.572,16.55517,16.56307,0.00,0.00
2011.09.28 07:29:17.680,16.55419,16.56259,0.00,0.00
2011.09.28 07:29:18.014,16.55511,16.56069,0.00,0.00
2011.09.28 07:29:18.463,16.55486,16.56092,0.00,0.00
2011.09.28 07:29:19.587,16.55503,16.56119,0.00,0.00
2011.09.28 07:29:19.981,16.55551,16.56138,0.00,0.00
2011.09.28 07:29:20.512,16.55568,16.56208,0.00,0.00
2011.09.28 07:29:20.622,16.55632,16.56239,0.00,0.00
2011.09.28 07:29:20.734,16.55669,16.56309,0.00,0.00
2011.09.28 07:29:20.966,16.55678,16.56318,0.00,0.00
2011.09.28 07:29:21.308,16.55649,16.56197,0.00,0.00
2011.09.28 07:29:21.533,16.55493,16.56133,0.00,0.00
2011.09.28 07:29:22.188,16.55463,16.56059,0.00,0.00
2011.09.28 07:29:24.567,16.55469,16.56017,0.00,0.00
2011.09.28 07:29:24.686,16.55446,16.56044,0.00,0.00
2011.09.28 07:29:24.803,16.55465,16.56105,0.00,0.00
2011.09.28 07:29:26.234,16.55525,16.56171,0.00,0.00
2011.09.28 07:29:26.456,16.55587,16.56185,0.00,0.00
2011.09.28 07:29:27.017,16.55564,16.56204,0.00,0.00
2011.09.28 07:29:27.133,16.55572,16.56148,0.00,0.00
2011.09.28 07:29:27.356,16.55539,16.56127,0.00,0.00
2011.09.28 07:29:27.584,16.55508,16.56148,0.00,0.00
2011.09.28 07:29:28.032,16.55523,16.56163,0.00,0.00
2011.09.28 07:29:28.362,16.55557,16.56183,0.00,0.00
2011.09.28 07:29:29.023,16.55671,16.56147,0.00,0.00
2011.09.28 07:29:29.134,16.55641,16.56208,0.00,0.00
2011.09.28 07:29:29.353,16.55611,16.56251,0.00,0.00
2011.09.28 07:29:30.037,16.55641,16.56281,0.00,0.00
2011.09.28 07:29:31.368,16.55677,16.56317,0.00,0.00
2011.09.28 07:29:31.740,16.55681,16.56321,0.00,0.00
2011.09.28 07:29:32.577,16.55602,16.56242,0.00,0.00
2011.09.28 07:29:33.183,16.55479,16.56119,0.00,0.00
2011.09.28 07:29:33.513,16.55394,16.56034,0.00,0.00
2011.09.28 07:29:34.452,16.55368,16.55966,0.00,0.00
2011.09.28 07:29:35.945,16.55385,16.55933,0.00,0.00
2011.09.28 07:29:36.614,16.55362,16.5596,0.00,0.00
2011.09.28 07:29:36.887,16.55338,16.55978,0.00,0.00
2011.09.28 07:29:37.695,16.55351,16.55947,0.00,0.00
2011.09.28 07:29:38.355,16.55374,16.5587,0.00,0.00
2011.09.28 07:29:38.692,16.55373,16.55821,0.00,0.00
2011.09.28 07:29:38.804,16.55321,16.55817,0.00,0.00
2011.09.28 07:29:41.013,16.5526,16.55807,0.00,0.00
2011.09.28 07:29:41.124,16.55306,16.55704,0.00,0.00
2011.09.28 07:29:41.514,16.55285,16.55733,0.00,0.00
2011.09.28 07:29:41.735,16.5528,16.55778,0.00,0.00
2011.09.28 07:29:42.071,16.55242,16.5584,0.00,0.00
2011.09.28 07:29:42.724,16.55304,16.558,0.00,0.00
2011.09.28 07:29:45.447,16.554,16.55796,0.00,0.00
2011.09.28 07:29:46.576,16.55355,16.55953,0.00,0.00
2011.09.28 07:29:46.805,16.55379,16.56019,0.00,0.00
2011.09.28 07:29:47.035,16.5546,16.56008,0.00,0.00
2011.09.28 07:29:47.306,16.55458,16.56054,0.00,0.00
2011.09.28 07:29:47.884,16.55511,16.56059,0.00,0.00
2011.09.28 07:29:48.007,16.55412,16.56252,0.00,0.00
2011.09.28 07:29:48.123,16.55474,16.56292,0.00,0.00
2011.09.28 07:29:48.453,16.55635,16.56275,0.00,0.00
2011.09.28 07:29:50.204,16.55796,16.56314,0.00,0.00
2011.09.28 07:29:50.542,16.55878,16.56426,0.00,0.00
2011.09.28 07:29:51.122,16.55856,16.56496,0.00,0.00
2011.09.28 07:29:52.059,16.55869,16.56437,0.00,0.00
2011.09.28 07:29:52.184,16.55848,16.56455,0.00,0.00
2011.09.28 07:29:52.686,16.55889,16.56495,0.00,0.00
2011.09.28 07:29:52.804,16.55932,16.56572,0.00,0.00
2011.09.28 07:29:53.314,16.55957,16.56597,0.00,0.00
2011.09.28 07:29:53.437,16.55807,16.56691,0.00,0.00
2011.09.28 07:29:53.556,16.55786,16.5662,0.00,0.00
2011.09.28 07:29:54.081,16.55858,16.56464,0.00,0.00
2011.09.28 07:29:54.495,16.55879,16.56446,0.00,0.00
2011.09.28 07:29:55.058,16.5579,16.56506,0.00,0.00
2011.09.28 07:29:55.176,16.5571,16.56458,0.00,0.00
2011.09.28 07:29:55.405,16.55644,16.56384,0.00,0.00
2011.09.28 07:29:55.744,16.55635,16.56275,0.00,0.00
2011.09.28 07:29:58.752,16.55585,16.56225,0.00,0.00
2011.09.28 07:29:59.947,16.55608,16.56154,0.00,0.00
2011.09.28 07:30:00.683,16.55613,16.56211,0.00,0.00
2011.09.28 07:30:01.133,16.55781,16.56229,0.00,0.00
2011.09.28 07:30:01.465,16.55814,16.5643,0.00,0.00
2011.09.28 07:30:01.953,16.55793,16.56567,0.00,0.00
2011.09.28 07:30:02.064,16.55812,16.56552,0.00,0.00
2011.09.28 07:30:02.423,16.55866,16.56506,0.00,0.00
2011.09.28 07:30:02.882,16.55908,16.56548,0.00,0.00
2011.09.28 07:30:03.217,16.5597,16.5661,0.00,0.00
2011.09.28 07:30:03.558,16.56017,16.56657,0.00,0.00
2011.09.28 07:30:04.223,16.56031,16.56671,0.00,0.00
2011.09.28 07:30:04.532,16.56031,16.56671,0.00,0.00
2011.09.28 07:30:04.754,16.5599,16.5673,0.00,0.00
2011.09.28 07:30:06.912,16.56015,16.56655,0.00,0.00
2011.09.28 07:30:07.455,16.55965,16.56605,0.00,0.00
2011.09.28 07:30:09.343,16.5603,16.56428,0.00,0.00
2011.09.28 07:30:09.456,16.55935,16.56433,0.00,0.00
2011.09.28 07:30:11.525,16.55921,16.56367,0.00,0.00
2011.09.28 07:30:12.574,16.55907,16.56303,0.00,0.00
2011.09.28 07:30:12.905,16.559,16.56347,0.00,0.00
2011.09.28 07:30:14.663,16.56056,16.5639,0.00,0.00
2011.09.28 07:30:14.773,16.5607,16.56564,0.00,0.00
2011.09.28 07:30:15.186,16.56087,16.56723,0.00,0.00
2011.09.28 07:30:15.296,16.56158,16.56798,0.00,0.00
2011.09.28 07:30:15.702,16.56198,16.56838,0.00,0.00
2011.09.28 07:30:15.812,16.56142,16.56946,0.00,0.00
2011.09.28 07:30:15.923,16.56293,16.56911,0.00,0.00
2011.09.28 07:30:16.253,16.56353,16.56993,0.00,0.00
2011.09.28 07:30:18.317,16.56398,16.57038,0.00,0.00
2011.09.28 07:30:18.878,16.56449,16.57089,0.00,0.00
2011.09.28 07:30:19.214,16.56507,16.57147,0.00,0.00
2011.09.28 07:30:20.846,16.56512,16.57152,0.00,0.00
2011.09.28 07:30:21.444,16.56517,16.57157,0.00,0.00
2011.09.28 07:30:22.056,16.56563,16.57203,0.00,0.00
2011.09.28 07:30:22.395,16.56684,16.57208,0.00,0.00
2011.09.28 07:30:22.511,16.56672,16.57288,0.00,0.00
2011.09.28 07:30:22.843,16.56659,16.57297,0.00,0.00
2011.09.28 07:30:23.502,16.56689,16.57227,0.00,0.00
2011.09.28 07:30:23.614,16.56658,16.57225,0.00,0.00
2011.09.28 07:30:23.788,16.56641,16.57228,0.00,0.00
2011.09.28 07:30:24.836,16.5665,16.57257,0.00,0.00
2011.09.28 07:30:25.345,16.56677,16.57317,0.00,0.00
2011.09.28 07:30:27.054,16.56715,16.57355,0.00,0.00
2011.09.28 07:30:32.175,16.56746,16.57344,0.00,0.00
2011.09.28 07:30:32.733,16.56694,16.57334,0.00,0.00
2011.09.28 07:30:32.843,16.56641,16.57281,0.00,0.00
2011.09.28 07:30:33.316,16.56654,16.57201,0.00,0.00
2011.09.28 07:30:34.800,16.56618,16.57216,0.00,0.00
2011.09.28 07:30:34.926,16.56638,16.57184,0.00,0.00
2011.09.28 07:30:35.273,16.56662,16.5716,0.00,0.00
2011.09.28 07:30:36.871,16.56637,16.57184,0.00,0.00
2011.09.28 07:30:37.093,16.56607,16.57203,0.00,0.00
2011.09.28 07:30:37.964,16.56611,16.57159,0.00,0.00
2011.09.28 07:30:39.980,16.56637,16.57083,0.00,0.00
2011.09.28 07:30:40.098,16.56562,16.57108,0.00,0.00
2011.09.28 07:30:40.215,16.56543,16.57039,0.00,0.00
2011.09.28 07:30:40.553,16.56474,16.56972,0.00,0.00
2011.09.28 07:30:41.025,16.56348,16.56988,0.00,0.00
2011.09.28 07:30:41.144,16.56332,16.56972,0.00,0.00
2011.09.28 07:30:42.154,16.56328,16.56968,0.00,0.00
2011.09.28 07:30:42.627,16.56306,16.56946,0.00,0.00
2011.09.28 07:30:43.104,16.56318,16.56914,0.00,0.00
2011.09.28 07:30:43.425,16.56336,16.56883,0.00,0.00
2011.09.28 07:30:43.953,16.56351,16.56847,0.00,0.00
2011.09.28 07:30:44.432,16.56378,16.56774,0.00,0.00
2011.09.28 07:30:44.543,16.56293,16.56841,0.00,0.00
2011.09.28 07:30:46.024,16.56281,16.56877,0.00,0.00
2011.09.28 07:30:46.555,16.5628,16.5692,0.00,0.00
2011.09.28 07:30:48.135,16.56321,16.56919,0.00,0.00
2011.09.28 07:30:49.006,16.56348,16.56895,0.00,0.00
2011.09.28 07:30:50.122,16.56363,16.56837,0.00,0.00
2011.09.28 07:30:50.454,16.56344,16.56792,0.00,0.00
2011.09.28 07:30:50.897,16.56306,16.56754,0.00,0.00
2011.09.28 07:30:51.995,16.56242,16.5674,0.00,0.00
2011.09.28 07:30:53.044,16.56215,16.56661,0.00,0.00
2011.09.28 07:30:53.547,16.5614,16.56536,0.00,0.00
2011.09.28 07:30:53.892,16.56007,16.56455,0.00,0.00
2011.09.28 07:30:54.337,16.55947,16.56445,0.00,0.00
2011.09.28 07:30:54.460,16.55959,16.56506,0.00,0.00
2011.09.28 07:30:55.613,16.56,16.5664,0.00,0.00
2011.09.28 07:30:55.982,16.56063,16.56703,0.00,0.00
2011.09.28 07:30:56.754,16.56084,16.56724,0.00,0.00
2011.09.28 07:30:57.431,16.56059,16.56699,0.00,0.00
2011.09.28 07:30:58.154,16.56059,16.56655,0.00,0.00
2011.09.28 07:30:59.322,16.56096,16.56664,0.00,0.00
2011.09.28 07:30:59.547,16.56117,16.56757,0.00,0.00
2011.09.28 07:31:00.323,16.56208,16.56824,0.00,0.00
2011.09.28 07:31:00.438,16.56292,16.56932,0.00,0.00
2011.09.28 07:31:00.744,16.56356,16.56992,0.00,0.00
2011.09.28 07:31:00.862,16.56406,16.57046,0.00,0.00
2011.09.28 07:31:00.976,16.56463,16.57103,0.00,0.00
2011.09.28 07:31:02.135,16.56486,16.57126,0.00,0.00
2011.09.28 07:31:02.474,16.56472,16.57112,0.00,0.00
2011.09.28 07:31:03.353,16.56461,16.57101,0.00,0.00
2011.09.28 07:31:04.130,16.56463,16.57103,0.00,0.00
2011.09.28 07:31:05.449,16.56483,16.57081,0.00,0.00
2011.09.28 07:31:06.703,16.56485,16.57032,0.00,0.00
2011.09.28 07:31:07.352,16.56451,16.56897,0.00,0.00
2011.09.28 07:31:07.903,16.56247,16.56887,0.00,0.00
2011.09.28 07:31:08.456,16.5619,16.5683,0.00,0.00
2011.09.28 07:31:08.572,16.56167,16.56813,0.00,0.00
2011.09.28 07:31:08.683,16.56188,16.56828,0.00,0.00
2011.09.28 07:31:09.522,16.56205,16.56845,0.00,0.00
2011.09.28 07:31:11.325,16.56236,16.56832,0.00,0.00
2011.09.28 07:31:11.442,16.56233,16.56873,0.00,0.00
2011.09.28 07:31:12.974,16.56275,16.56873,0.00,0.00
2011.09.28 07:31:13.685,16.56276,16.56916,0.00,0.00
2011.09.28 07:31:13.803,16.56306,16.56902,0.00,0.00
2011.09.28 07:31:14.393,16.56341,16.56887,0.00,0.00
2011.09.28 07:31:14.713,16.56348,16.56946,0.00,0.00
2011.09.28 07:31:15.044,16.56377,16.57017,0.00,0.00
2011.09.28 07:31:15.374,16.56434,16.57074,0.00,0.00
2011.09.28 07:31:15.824,16.56506,16.57146,0.00,0.00
2011.09.28 07:31:16.460,16.56668,16.57164,0.00,0.00
2011.09.28 07:31:16.576,16.56727,16.57245,0.00,0.00
2011.09.28 07:31:16.743,16.56698,16.57316,0.00,0.00
2011.09.28 07:31:18.696,16.56697,16.57265,0.00,0.00
2011.09.28 07:31:19.308,16.56672,16.57219,0.00,0.00
2011.09.28 07:31:19.434,16.56607,16.57247,0.00,0.00
2011.09.28 07:31:19.786,16.5662,16.57216,0.00,0.00
2011.09.28 07:31:20.948,16.56586,16.57133,0.00,0.00
2011.09.28 07:31:22.275,16.56512,16.5696,0.00,0.00
2011.09.28 07:31:22.613,16.56377,16.56873,0.00,0.00
2011.09.28 07:31:22.758,16.56332,16.5678,0.00,0.00
2011.09.28 07:31:23.093,16.56277,16.56725,0.00,0.00
2011.09.28 07:31:23.425,16.56044,16.5682,0.00,0.00
2011.09.28 07:31:23.546,16.5597,16.56734,0.00,0.00
2011.09.28 07:31:24.134,16.55984,16.56624,0.00,0.00
2011.09.28 07:31:24.464,16.56002,16.56642,0.00,0.00
2011.09.28 07:31:24.982,16.56101,16.56741,0.00,0.00
2011.09.28 07:31:25.313,16.56301,16.56868,0.00,0.00
2011.09.28 07:31:25.422,16.56384,16.57024,0.00,0.00
2011.09.28 07:31:26.063,16.56446,16.57086,0.00,0.00
2011.09.28 07:31:26.387,16.56535,16.57175,0.00,0.00
2011.09.28 07:31:26.724,16.56694,16.5721,0.00,0.00
2011.09.28 07:31:27.115,16.56757,16.57255,0.00,0.00
2011.09.28 07:31:27.950,16.56813,16.57289,0.00,0.00
2011.09.28 07:31:28.279,16.56943,16.57261,0.00,0.00
2011.09.28 07:31:28.611,16.56838,16.57478,0.00,0.00
2011.09.28 07:31:28.860,16.56925,16.57565,0.00,0.00
2011.09.28 07:31:29.078,16.57011,16.57651,0.00,0.00
2011.09.28 07:31:29.300,16.56814,16.57868,0.00,0.00
2011.09.28 07:31:29.413,16.56986,16.57626,0.00,0.00
2011.09.28 07:31:29.753,16.56983,16.57623,0.00,0.00
2011.09.28 07:31:30.092,16.57114,16.5765,0.00,0.00
2011.09.28 07:31:30.610,16.5732,16.57668,0.00,0.00
2011.09.28 07:31:30.720,16.57248,16.57888,0.00,0.00
2011.09.28 07:31:30.830,16.5731,16.57928,0.00,0.00
2011.09.28 07:31:30.940,16.57344,16.57984,0.00,0.00
2011.09.28 07:31:31.049,16.57385,16.58025,0.00,0.00
2011.09.28 07:31:31.380,16.57446,16.58044,0.00,0.00
2011.09.28 07:31:31.490,16.57415,16.58155,0.00,0.00
2011.09.28 07:31:32.043,16.57506,16.58144,0.00,0.00
2011.09.28 07:31:32.371,16.57555,16.58173,0.00,0.00
2011.09.28 07:31:32.700,16.57584,16.58224,0.00,0.00
2011.09.28 07:31:33.950,16.57624,16.58264,0.00,0.00
2011.09.28 07:31:34.518,16.57664,16.58304,0.00,0.00
2011.09.28 07:31:35.351,16.5772,16.58327,0.00,0.00
2011.09.28 07:31:36.315,16.5781,16.58317,0.00,0.00
2011.09.28 07:31:36.886,16.578,16.58407,0.00,0.00
2011.09.28 07:31:37.087,16.57831,16.58471,0.00,0.00
2011.09.28 07:31:37.203,16.57927,16.58523,0.00,0.00
2011.09.28 07:31:37.316,16.57976,16.58616,0.00,0.00
2011.09.28 07:31:37.778,16.57997,16.58633,0.00,0.00
2011.09.28 07:31:38.006,16.57978,16.58618,0.00,0.00
2011.09.28 07:31:38.345,16.57946,16.58586,0.00,0.00
2011.09.28 07:31:39.182,16.57917,16.58513,0.00,0.00
2011.09.28 07:31:40.132,16.57792,16.58432,0.00,0.00
2011.09.28 07:31:40.355,16.5769,16.58288,0.00,0.00
2011.09.28 07:31:40.595,16.57597,16.58237,0.00,0.00
2011.09.28 07:31:41.837,16.57555,16.58195,0.00,0.00
2011.09.28 07:31:42.233,16.57537,16.58133,0.00,0.00
2011.09.28 07:31:42.634,16.57577,16.57973,0.00,0.00
2011.09.28 07:31:42.962,16.57462,16.58008,0.00,0.00
2011.09.28 07:31:43.285,16.57434,16.5803,0.00,0.00
2011.09.28 07:31:43.403,16.57476,16.58044,0.00,0.00
2011.09.28 07:31:43.518,16.57524,16.58163,0.00,0.00
2011.09.28 07:31:44.154,16.57629,16.58269,0.00,0.00
2011.09.28 07:31:44.865,16.57677,16.58317,0.00,0.00
2011.09.28 07:31:45.207,16.57688,16.58328,0.00,0.00
2011.09.28 07:31:46.653,16.57721,16.58357,0.00,0.00
2011.09.28 07:31:46.762,16.57768,16.58408,0.00,0.00
2011.09.28 07:31:47.603,16.5779,16.5843,0.00,0.00
2011.09.28 07:31:50.404,16.5784,16.58386,0.00,0.00
2011.09.28 07:31:51.656,16.57837,16.58435,0.00,0.00
2011.09.28 07:31:52.805,16.57878,16.58518,0.00,0.00
2011.09.28 07:31:53.816,16.58072,16.5854,0.00,0.00
2011.09.28 07:31:54.158,16.5809,16.5873,0.00,0.00
2011.09.28 07:31:55.145,16.58154,16.58794,0.00,0.00
2011.09.28 07:32:00.145,16.58208,16.58826,0.00,0.00
2011.09.28 07:32:00.263,16.58243,16.58861,0.00,0.00
2011.09.28 07:32:00.373,16.58299,16.58855,0.00,0.00
2011.09.28 07:32:00.613,16.58309,16.58895,0.00,0.00
2011.09.28 07:32:00.852,16.58317,16.58955,0.00,0.00
2011.09.28 07:32:01.208,16.58355,16.58973,0.00,0.00
2011.09.28 07:32:01.890,16.58401,16.58973,0.00,0.00
2011.09.28 07:32:02.007,16.58367,16.59007,0.00,0.00
2011.09.28 07:32:02.423,16.58358,16.58998,0.00,0.00
2011.09.28 07:32:02.752,16.58408,16.59026,0.00,0.00
2011.09.28 07:32:03.085,16.58468,16.59108,0.00,0.00
2011.09.28 07:32:03.318,16.58539,16.59135,0.00,0.00
2011.09.28 07:32:04.838,16.58538,16.59178,0.00,0.00
2011.09.28 07:32:05.662,16.58587,16.59183,0.00,0.00
2011.09.28 07:32:06.136,16.58663,16.59189,0.00,0.00
2011.09.28 07:32:06.261,16.5866,16.59256,0.00,0.00
2011.09.28 07:32:06.372,16.58678,16.59204,0.00,0.00
2011.09.28 07:32:06.703,16.58566,16.59206,0.00,0.00
2011.09.28 07:32:07.023,16.5852,16.5916,0.00,0.00
2011.09.28 07:32:08.736,16.58466,16.59106,0.00,0.00
2011.09.28 07:32:09.447,16.58427,16.59067,0.00,0.00
2011.09.28 07:32:09.784,16.58408,16.59048,0.00,0.00
2011.09.28 07:32:10.106,16.58379,16.59019,0.00,0.00
2011.09.28 07:32:10.443,16.58368,16.59008,0.00,0.00
2011.09.28 07:32:11.042,16.58399,16.59039,0.00,0.00
2011.09.28 07:32:11.686,16.58468,16.59108,0.00,0.00
2011.09.28 07:32:12.023,16.58556,16.59196,0.00,0.00
2011.09.28 07:32:12.966,16.58673,16.5922,0.00,0.00
2011.09.28 07:32:13.084,16.58686,16.59302,0.00,0.00
2011.09.28 07:32:13.203,16.58696,16.59336,0.00,0.00
2011.09.28 07:32:16.033,16.58716,16.59352,0.00,0.00
2011.09.28 07:32:17.286,16.58719,16.59359,0.00,0.00
2011.09.28 07:32:18.919,16.58739,16.59335,0.00,0.00
2011.09.28 07:32:19.047,16.58705,16.59345,0.00,0.00
2011.09.28 07:32:19.628,16.58671,16.59311,0.00,0.00
2011.09.28 07:32:20.353,16.58674,16.59222,0.00,0.00
2011.09.28 07:32:20.463,16.58588,16.59228,0.00,0.00
2011.09.28 07:32:20.683,16.58562,16.5916,0.00,0.00
2011.09.28 07:32:21.592,16.58437,16.59077,0.00,0.00
2011.09.28 07:32:22.094,16.5841,16.58808,0.00,0.00
2011.09.28 07:32:23.060,16.5829,16.58736,0.00,0.00
2011.09.28 07:32:23.191,16.58065,16.58853,0.00,0.00
2011.09.28 07:32:23.784,16.58136,16.58682,0.00,0.00
2011.09.28 07:32:24.872,16.58119,16.58615,0.00,0.00
2011.09.28 07:32:25.248,16.58076,16.58572,0.00,0.00
2011.09.28 07:32:26.343,16.581,16.58496,0.00,0.00
2011.09.28 07:32:26.455,16.58051,16.58499,0.00,0.00
2011.09.28 07:32:26.683,16.57957,16.58505,0.00,0.00
2011.09.28 07:32:27.053,16.57979,16.58375,0.00,0.00
2011.09.28 07:32:27.162,16.57871,16.58367,0.00,0.00
2011.09.28 07:32:27.273,16.57804,16.58252,0.00,0.00
2011.09.28 07:32:27.712,16.57655,16.58193,0.00,0.00
2011.09.28 07:32:28.045,16.57614,16.5811,0.00,0.00
2011.09.28 07:32:31.683,16.57541,16.58088,0.00,0.00
2011.09.28 07:32:32.194,16.57545,16.58043,0.00,0.00
2011.09.28 07:32:34.861,16.57571,16.58039,0.00,0.00
2011.09.28 07:32:34.976,16.57578,16.58114,0.00,0.00
2011.09.28 07:32:35.203,16.57524,16.58268,0.00,0.00
2011.09.28 07:32:35.863,16.57562,16.58294,0.00,0.00
2011.09.28 07:32:35.973,16.57572,16.58344,0.00,0.00
2011.09.28 07:32:36.084,16.57628,16.5836,0.00,0.00
2011.09.28 07:32:36.504,16.57606,16.5847,0.00,0.00
2011.09.28 07:32:36.617,16.57637,16.58493,0.00,0.00
2011.09.28 07:32:36.955,16.57627,16.58471,0.00,0.00
2011.09.28 07:32:37.915,16.57639,16.58363,0.00,0.00
2011.09.28 07:32:38.035,16.57565,16.58339,0.00,0.00
2011.09.28 07:32:38.153,16.57593,16.58227,0.00,0.00
2011.09.28 07:32:38.587,16.57585,16.58199,0.00,0.00
2011.09.28 07:32:39.398,16.57603,16.58197,0.00,0.00
2011.09.28 07:32:39.625,16.5757,16.58292,0.00,0.00
2011.09.28 07:32:39.855,16.57583,16.58345,0.00,0.00
2011.09.28 07:32:39.974,16.57598,16.58388,0.00,0.00
2011.09.28 07:32:40.493,16.5764,16.58422,0.00,0.00
2011.09.28 07:32:40.712,16.57683,16.58473,0.00,0.00
2011.09.28 07:32:41.719,16.57722,16.58494,0.00,0.00
2011.09.28 07:32:42.703,16.57728,16.58518,0.00,0.00
2011.09.28 07:32:42.812,16.57741,16.58513,0.00,0.00
2011.09.28 07:32:43.687,16.57788,16.5851,0.00,0.00
2011.09.28 07:32:44.126,16.57868,16.5849,0.00,0.00
2011.09.28 07:32:44.558,16.57868,16.5854,0.00,0.00
2011.09.28 07:32:45.765,16.57901,16.58523,0.00,0.00
2011.09.28 07:32:47.072,16.57865,16.58537,0.00,0.00
2011.09.28 07:32:47.295,16.57892,16.5849,0.00,0.00
2011.09.28 07:32:47.911,16.57865,16.58505,0.00,0.00
2011.09.28 07:32:48.964,16.57868,16.58466,0.00,0.00
2011.09.28 07:32:49.343,16.57865,16.58412,0.00,0.00
2011.09.28 07:32:49.998,16.579,16.58346,0.00,0.00
2011.09.28 07:32:51.168,16.57929,16.58325,0.00,0.00
2011.09.28 07:32:51.745,16.57921,16.58355,0.00,0.00
2011.09.28 07:32:51.863,16.57924,16.58372,0.00,0.00
2011.09.28 07:32:51.976,16.57895,16.58443,0.00,0.00
2011.09.28 07:32:52.094,16.57884,16.58524,0.00,0.00
2011.09.28 07:32:53.447,16.57968,16.58514,0.00,0.00
2011.09.28 07:32:53.867,16.57974,16.5857,0.00,0.00
2011.09.28 07:32:55.676,16.58039,16.58587,0.00,0.00
2011.09.28 07:32:56.553,16.5806,16.58656,0.00,0.00
2011.09.28 07:32:56.835,16.5807,16.5871,0.00,0.00
2011.09.28 07:32:58.372,16.5811,16.58736,0.00,0.00
2011.09.28 07:32:59.292,16.58163,16.58761,0.00,0.00
2011.09.28 07:32:59.957,16.58219,16.58766,0.00,0.00
2011.09.28 07:33:00.796,16.58222,16.5882,0.00,0.00
2011.09.28 07:33:01.023,16.58273,16.5882,0.00,0.00
2011.09.28 07:33:02.935,16.58313,16.5881,0.00,0.00
2011.09.28 07:33:06.316,16.58311,16.58757,0.00,0.00
2011.09.28 07:33:06.883,16.58157,16.58725,0.00,0.00
2011.09.28 07:33:06.993,16.58131,16.58459,0.00,0.00
2011.09.28 07:33:07.434,16.57906,16.58303,0.00,0.00
2011.09.28 07:33:07.895,16.57639,16.58235,0.00,0.00
2011.09.28 07:33:08.234,16.57564,16.58204,0.00,0.00
2011.09.28 07:33:08.344,16.57695,16.58093,0.00,0.00
2011.09.28 07:33:08.453,16.57661,16.58057,0.00,0.00
2011.09.28 07:33:08.788,16.57553,16.58101,0.00,0.00
2011.09.28 07:33:09.529,16.57517,16.58115,0.00,0.00
2011.09.28 07:33:10.617,16.57536,16.58083,0.00,0.00
2011.09.28 07:33:11.004,16.57552,16.5805,0.00,0.00
2011.09.28 07:33:11.376,16.57565,16.57978,0.00,0.00
2011.09.28 07:33:11.713,16.57394,16.58034,0.00,0.00
2011.09.28 07:33:12.158,16.57455,16.57755,0.00,0.00
2011.09.28 07:33:12.748,16.5718,16.5782,0.00,0.00
2011.09.28 07:33:12.809,16.5715,16.5779,0.00,0.00
2011.09.28 07:33:12.932,16.57214,16.57712,0.00,0.00
2011.09.28 07:33:13.045,16.57239,16.57687,0.00,0.00
2011.09.28 07:33:13.383,16.57279,16.57675,0.00,0.00
2011.09.28 07:33:18.905,16.57279,16.57727,0.00,0.00
2011.09.28 07:33:19.356,16.57311,16.57809,0.00,0.00
2011.09.28 07:33:20.083,16.5743,16.57858,0.00,0.00
2011.09.28 07:33:20.305,16.574,16.58038,0.00,0.00
2011.09.28 07:33:20.616,16.57473,16.58113,0.00,0.00
2011.09.28 07:33:21.497,16.57723,16.58041,0.00,0.00
2011.09.28 07:33:21.615,16.57792,16.5816,0.00,0.00
2011.09.28 07:33:21.734,16.57864,16.58312,0.00,0.00
2011.09.28 07:33:21.844,16.57855,16.58495,0.00,0.00
2011.09.28 07:33:22.253,16.5792,16.5856,0.00,0.00
2011.09.28 07:33:22.845,16.58001,16.58608,0.00,0.00
2011.09.28 07:33:23.073,16.5805,16.58677,0.00,0.00
2011.09.28 07:33:23.710,16.58083,16.58723,0.00,0.00
2011.09.28 07:33:23.822,16.58108,16.58748,0.00,0.00
2011.09.28 07:33:24.924,16.58112,16.58728,0.00,0.00
2011.09.28 07:33:25.251,16.58063,16.58659,0.00,0.00
2011.09.28 07:33:26.058,16.58045,16.58563,0.00,0.00
2011.09.28 07:33:26.180,16.57997,16.58637,0.00,0.00
2011.09.28 07:33:26.295,16.5803,16.5867,0.00,0.00
2011.09.28 07:33:29.664,16.58043,16.58683,0.00,0.00
2011.09.28 07:33:30.335,16.58038,16.58656,0.00,0.00
2011.09.28 07:33:30.459,16.58016,16.58656,0.00,0.00
2011.09.28 07:33:33.760,16.58077,16.58623,0.00,0.00
2011.09.28 07:33:34.467,16.58124,16.5862,0.00,0.00
2011.09.28 07:33:35.128,16.58172,16.5862,0.00,0.00
2011.09.28 07:33:35.888,16.5821,16.58606,0.00,0.00
2011.09.28 07:33:38.976,16.58208,16.58554,0.00,0.00
2011.09.28 07:33:42.063,16.58029,16.58636,0.00,0.00
2011.09.28 07:33:42.173,16.58054,16.5845,0.00,0.00
2011.09.28 07:33:43.273,16.57936,16.58254,0.00,0.00
2011.09.28 07:33:43.602,16.57617,16.58357,0.00,0.00
2011.09.28 07:33:43.712,16.57723,16.58171,0.00,0.00
2011.09.28 07:33:43.823,16.57701,16.58047,0.00,0.00
2011.09.28 07:33:44.236,16.57497,16.58095,0.00,0.00
2011.09.28 07:33:44.358,16.57507,16.58005,0.00,0.00
2011.09.28 07:33:45.033,16.57513,16.57959,0.00,0.00
2011.09.28 07:33:45.428,16.57499,16.57897,0.00,0.00
2011.09.28 07:33:46.026,16.57416,16.57862,0.00,0.00
2011.09.28 07:33:46.354,16.57285,16.57881,0.00,0.00
2011.09.28 07:33:46.684,16.57306,16.57804,0.00,0.00
2011.09.28 07:33:47.965,16.57336,16.57783,0.00,0.00
2011.09.28 07:33:49.506,16.57329,16.57827,0.00,0.00
2011.09.28 07:33:49.626,16.57288,16.57928,0.00,0.00
2011.09.28 07:33:51.319,16.57376,16.57923,0.00,0.00
2011.09.28 07:33:52.245,16.57475,16.57971,0.00,0.00
2011.09.28 07:33:52.603,16.57525,16.58132,0.00,0.00
2011.09.28 07:33:52.714,16.57602,16.58242,0.00,0.00
2011.09.28 07:33:53.198,16.5767,16.5831,0.00,0.00
2011.09.28 07:33:53.690,16.57777,16.58345,0.00,0.00
2011.09.28 07:33:53.912,16.57812,16.5842,0.00,0.00
2011.09.28 07:33:54.274,16.57898,16.58344,0.00,0.00
2011.09.28 07:33:54.603,16.57899,16.58297,0.00,0.00
2011.09.28 07:33:54.972,16.5789,16.58238,0.00,0.00
2011.09.28 07:33:55.195,16.57828,16.58224,0.00,0.00
2011.09.28 07:33:55.425,16.57617,16.58357,0.00,0.00
2011.09.28 07:33:55.545,16.57673,16.5822,0.00,0.00
2011.09.28 07:33:55.665,16.57709,16.58106,0.00,0.00
2011.09.28 07:33:55.784,16.57645,16.58091,0.00,0.00
2011.09.28 07:33:56.171,16.57655,16.58001,0.00,0.00
2011.09.28 07:33:56.684,16.57544,16.58032,0.00,0.00
2011.09.28 07:33:56.961,16.57563,16.57909,0.00,0.00
2011.09.28 07:33:57.493,16.57438,16.57834,0.00,0.00
2011.09.28 07:34:04.317,16.5726,16.57807,0.00,0.00
2011.09.28 07:34:05.817,16.57257,16.57755,0.00,0.00
2011.09.28 07:34:05.932,16.57261,16.57808,0.00,0.00
2011.09.28 07:34:06.814,16.57272,16.57912,0.00,0.00
2011.09.28 07:34:07.253,16.57333,16.57973,0.00,0.00
2011.09.28 07:34:07.366,16.57357,16.58097,0.00,0.00
2011.09.28 07:34:08.010,16.57462,16.58102,0.00,0.00
2011.09.28 07:34:08.413,16.57454,16.58094,0.00,0.00
2011.09.28 07:34:09.913,16.57409,16.58049,0.00,0.00
2011.09.28 07:34:10.245,16.57416,16.57963,0.00,0.00
2011.09.28 07:34:10.807,16.5744,16.57936,0.00,0.00
2011.09.28 07:34:10.924,16.57437,16.57984,0.00,0.00
2011.09.28 07:34:11.637,16.57419,16.58059,0.00,0.00
2011.09.28 07:34:13.627,16.57451,16.58049,0.00,0.00
2011.09.28 07:34:14.073,16.57468,16.58016,0.00,0.00
2011.09.28 07:34:15.074,16.5749,16.57988,0.00,0.00
2011.09.28 07:34:16.969,16.57528,16.57976,0.00,0.00
2011.09.28 07:34:19.897,16.57575,16.57972,0.00,0.00
2011.09.28 07:34:20.204,16.57571,16.58017,0.00,0.00
2011.09.28 07:34:21.074,16.57555,16.58052,0.00,0.00
2011.09.28 07:34:21.668,16.57537,16.58084,0.00,0.00
2011.09.28 07:34:21.987,16.57526,16.58124,0.00,0.00
2011.09.28 07:34:23.433,16.57575,16.58121,0.00,0.00
2011.09.28 07:34:24.424,16.57623,16.58119,0.00,0.00
2011.09.28 07:34:26.368,16.57672,16.5812,0.00,0.00
2011.09.28 07:34:27.897,16.57723,16.58119,0.00,0.00
2011.09.28 07:34:29.034,16.57785,16.58133,0.00,0.00
2011.09.28 07:34:29.145,16.57833,16.58231,0.00,0.00
2011.09.28 07:34:29.554,16.57775,16.58415,0.00,0.00
2011.09.28 07:34:29.667,16.5781,16.58406,0.00,0.00
2011.09.28 07:34:35.709,16.57841,16.58389,0.00,0.00
2011.09.28 07:34:36.054,16.5788,16.58276,0.00,0.00
2011.09.28 07:34:36.386,16.57837,16.58183,0.00,0.00
2011.09.28 07:34:37.509,16.57719,16.58117,0.00,0.00
2011.09.28 07:34:37.630,16.5758,16.58012,0.00,0.00
2011.09.28 07:34:37.745,16.57378,16.58018,0.00,0.00
2011.09.28 07:34:37.862,16.57326,16.57966,0.00,0.00
2011.09.28 07:34:38.196,16.57336,16.57934,0.00,0.00
2011.09.28 07:34:38.985,16.5736,16.57908,0.00,0.00
2011.09.28 07:34:39.456,16.57389,16.57885,0.00,0.00
2011.09.28 07:34:39.794,16.57429,16.57875,0.00,0.00
2011.09.28 07:34:40.227,16.57423,16.57919,0.00,0.00
2011.09.28 07:34:41.335,16.57411,16.57958,0.00,0.00
2011.09.28 07:34:41.563,16.57459,16.57907,0.00,0.00
2011.09.28 07:34:41.975,16.57408,16.57906,0.00,0.00
2011.09.28 07:34:42.564,16.57371,16.57819,0.00,0.00
2011.09.28 07:34:42.904,16.57274,16.57792,0.00,0.00
2011.09.28 07:34:43.658,16.57307,16.57703,0.00,0.00
2011.09.28 07:34:48.864,16.5728,16.57678,0.00,0.00
2011.09.28 07:34:51.829,16.573,16.57646,0.00,0.00
2011.09.28 07:34:51.951,16.57176,16.57816,0.00,0.00
2011.09.28 07:34:52.503,16.57208,16.57848,0.00,0.00
2011.09.28 07:34:52.613,16.57198,16.57934,0.00,0.00
2011.09.28 07:34:52.723,16.57235,16.57975,0.00,0.00
2011.09.28 07:34:52.973,16.57339,16.57979,0.00,0.00
2011.09.28 07:34:53.575,16.57394,16.58133,0.00,0.00
2011.09.28 07:34:55.214,16.57576,16.58216,0.00,0.00
2011.09.28 07:34:55.547,16.57671,16.58297,0.00,0.00
2011.09.28 07:34:55.663,16.5772,16.5836,0.00,0.00
2011.09.28 07:34:57.312,16.5775,16.5839,0.00,0.00
2011.09.28 07:34:58.746,16.57784,16.5838,0.00,0.00
2011.09.28 07:34:59.132,16.57827,16.58373,0.00,0.00
2011.09.28 07:35:00.252,16.5782,16.58416,0.00,0.00
2011.09.28 07:35:00.363,16.57851,16.58398,0.00,0.00
2011.09.28 07:35:00.475,16.57808,16.58448,0.00,0.00
2011.09.28 07:35:01.845,16.57829,16.58469,0.00,0.00
2011.09.28 07:35:02.291,16.57874,16.58472,0.00,0.00
2011.09.28 07:35:02.548,16.57882,16.58522,0.00,0.00
2011.09.28 07:35:02.665,16.57944,16.5854,0.00,0.00
2011.09.28 07:35:02.773,16.57975,16.58615,0.00,0.00
2011.09.28 07:35:03.124,16.58024,16.58664,0.00,0.00
2011.09.28 07:35:03.453,16.58199,16.58574,0.00,0.00
2011.09.28 07:35:03.563,16.58109,16.58749,0.00,0.00
2011.09.28 07:35:04.110,16.58149,16.58789,0.00,0.00
2011.09.28 07:35:04.224,16.58188,16.58828,0.00,0.00
2011.09.28 07:35:04.624,16.58228,16.58868,0.00,0.00
2011.09.28 07:35:06.815,16.58279,16.58919,0.00,0.00
2011.09.28 07:35:07.274,16.5837,16.5901,0.00,0.00
2011.09.28 07:35:08.736,16.58473,16.59113,0.00,0.00
2011.09.28 07:35:09.265,16.58555,16.59153,0.00,0.00
2011.09.28 07:35:10.473,16.58614,16.5916,0.00,0.00
2011.09.28 07:35:10.901,16.58658,16.59156,0.00,0.00
2011.09.28 07:35:17.079,16.58719,16.59165,0.00,0.00
2011.09.28 07:35:17.495,16.58844,16.5917,0.00,0.00
2011.09.28 07:35:17.724,16.58838,16.59213,0.00,0.00
2011.09.28 07:35:18.726,16.58809,16.59109,0.00,0.00
2011.09.28 07:35:18.844,16.58681,16.59127,0.00,0.00
2011.09.28 07:35:20.364,16.58661,16.59157,0.00,0.00
2011.09.28 07:35:20.477,16.5863,16.5927,0.00,0.00
2011.09.28 07:35:22.164,16.58724,16.5927,0.00,0.00
2011.09.28 07:35:22.286,16.58719,16.59359,0.00,0.00
2011.09.28 07:35:22.404,16.58766,16.59364,0.00,0.00
2011.09.28 07:35:22.514,16.58749,16.59389,0.00,0.00
2011.09.28 07:35:23.049,16.58731,16.59371,0.00,0.00
2011.09.28 07:35:23.378,16.58745,16.59341,0.00,0.00
2011.09.28 07:35:24.357,16.58738,16.59378,0.00,0.00
2011.09.28 07:35:24.475,16.58795,16.59391,0.00,0.00
2011.09.28 07:35:24.596,16.58852,16.59468,0.00,0.00
2011.09.28 07:35:25.023,16.59046,16.59441,0.00,0.00
2011.09.28 07:35:25.134,16.59133,16.59549,0.00,0.00
2011.09.28 07:35:25.252,16.59141,16.59737,0.00,0.00
2011.09.28 07:35:25.363,16.59217,16.59857,0.00,0.00
2011.09.28 07:35:25.585,16.59368,16.59984,0.00,0.00
2011.09.28 07:35:25.923,16.59641,16.59987,0.00,0.00
2011.09.28 07:35:26.033,16.59531,16.60171,0.00,0.00
2011.09.28 07:35:26.364,16.59487,16.60165,0.00,0.00
2011.09.28 07:35:26.865,16.59543,16.60183,0.00,0.00
2011.09.28 07:35:28.263,16.59607,16.60247,0.00,0.00
2011.09.28 07:35:28.593,16.59646,16.60286,0.00,0.00
2011.09.28 07:35:30.567,16.59626,16.60266,0.00,0.00
2011.09.28 07:35:30.934,16.59623,16.60263,0.00,0.00
2011.09.28 07:35:31.768,16.59719,16.60287,0.00,0.00
2011.09.28 07:35:31.993,16.59747,16.60387,0.00,0.00
2011.09.28 07:35:32.214,16.59724,16.60364,0.00,0.00
2011.09.28 07:35:33.282,16.59628,16.60268,0.00,0.00
2011.09.28 07:35:33.614,16.59601,16.60099,0.00,0.00
2011.09.28 07:35:34.167,16.59545,16.60089,0.00,0.00
2011.09.28 07:35:34.283,16.59544,16.60092,0.00,0.00
2011.09.28 07:35:34.393,16.59563,16.60107,0.00,0.00
2011.09.28 07:35:34.504,16.59586,16.60134,0.00,0.00
2011.09.28 07:35:34.613,16.59616,16.60214,0.00,0.00
2011.09.28 07:35:34.725,16.59777,16.60225,0.00,0.00
2011.09.28 07:35:34.952,16.59755,16.60395,0.00,0.00
2011.09.28 07:35:36.698,16.59789,16.60429,0.00,0.00
2011.09.28 07:35:37.352,16.59802,16.60442,0.00,0.00
2011.09.28 07:35:38.119,16.59872,16.60419,0.00,0.00
2011.09.28 07:35:39.914,16.59915,16.60413,0.00,0.00
2011.09.28 07:35:40.998,16.59928,16.60374,0.00,0.00
2011.09.28 07:35:43.733,16.59798,16.60438,0.00,0.00
2011.09.28 07:35:44.064,16.59826,16.60422,0.00,0.00
2011.09.28 07:35:45.043,16.5997,16.60388,0.00,0.00
2011.09.28 07:35:45.263,16.59977,16.60523,0.00,0.00
2011.09.28 07:35:48.236,16.60101,16.60476,0.00,0.00
2011.09.28 07:35:48.353,16.6006,16.60536,0.00,0.00
2011.09.28 07:35:48.894,16.6009,16.60544,0.00,0.00
2011.09.28 07:35:49.435,16.60174,16.60549,0.00,0.00
2011.09.28 07:35:49.998,16.60126,16.60694,0.00,0.00
2011.09.28 07:35:50.363,16.60157,16.60731,0.00,0.00
2011.09.28 07:35:52.966,16.60227,16.60731,0.00,0.00
2011.09.28 07:35:53.612,16.60209,16.60805,0.00,0.00
2011.09.28 07:35:54.053,16.60228,16.60775,0.00,0.00
2011.09.28 07:35:54.607,16.60226,16.60773,0.00,0.00
2011.09.28 07:35:54.724,16.60287,16.60863,0.00,0.00
2011.09.28 07:35:54.945,16.60413,16.60981,0.00,0.00
2011.09.28 07:35:55.267,16.60478,16.61076,0.00,0.00
2011.09.28 07:35:55.745,16.6051,16.61148,0.00,0.00
2011.09.28 07:35:55.862,16.60567,16.61207,0.00,0.00
2011.09.28 07:35:55.973,16.60658,16.61205,0.00,0.00
2011.09.28 07:35:56.243,16.60693,16.61247,0.00,0.00
2011.09.28 07:35:56.353,16.60818,16.61164,0.00,0.00
2011.09.28 07:35:56.464,16.60705,16.61259,0.00,0.00
2011.09.28 07:35:56.572,16.6066,16.613,0.00,0.00
2011.09.28 07:35:56.683,16.60662,16.61298,0.00,0.00
2011.09.28 07:35:56.903,16.60629,16.61369,0.00,0.00
2011.09.28 07:35:57.014,16.6067,16.61366,0.00,0.00
2011.09.28 07:35:57.344,16.60696,16.61336,0.00,0.00
2011.09.28 07:35:57.673,16.60651,16.61291,0.00,0.00
2011.09.28 07:35:58.744,16.60589,16.61229,0.00,0.00
2011.09.28 07:35:59.274,16.60639,16.61135,0.00,0.00
2011.09.28 07:35:59.781,16.60626,16.61198,0.00,0.00
2011.09.28 07:36:00.123,16.60565,16.61269,0.00,0.00
2011.09.28 07:36:00.234,16.60611,16.61179,0.00,0.00
2011.09.28 07:36:00.343,16.6053,16.61198,0.00,0.00
2011.09.28 07:36:00.455,16.60635,16.61031,0.00,0.00
2011.09.28 07:36:05.165,16.60556,16.61102,0.00,0.00
2011.09.28 07:36:05.394,16.60567,16.61065,0.00,0.00
2011.09.28 07:36:05.723,16.60574,16.61022,0.00,0.00
2011.09.28 07:36:06.054,16.60591,16.60987,0.00,0.00
2011.09.28 07:36:06.554,16.60559,16.61007,0.00,0.00
2011.09.28 07:36:08.163,16.60563,16.6096,0.00,0.00
2011.09.28 07:36:08.497,16.60445,16.60993,0.00,0.00
2011.09.28 07:36:08.615,16.60443,16.60839,0.00,0.00
2011.09.28 07:36:08.737,16.60227,16.60881,0.00,0.00
2011.09.28 07:36:08.970,16.60236,16.60784,0.00,0.00
2011.09.28 07:36:09.308,16.60247,16.60743,0.00,0.00
2011.09.28 07:36:10.125,16.60286,16.60732,0.00,0.00
2011.09.28 07:36:10.795,16.60311,16.60807,0.00,0.00
2011.09.28 07:36:11.025,16.60354,16.60901,0.00,0.00
2011.09.28 07:36:11.834,16.60402,16.60998,0.00,0.00
2011.09.28 07:36:11.988,16.60464,16.61104,0.00,0.00
2011.09.28 07:36:12.109,16.60592,16.61138,0.00,0.00
2011.09.28 07:36:12.335,16.6063,16.61228,0.00,0.00
2011.09.28 07:36:12.675,16.60647,16.61243,0.00,0.00
2011.09.28 07:36:13.014,16.6065,16.61246,0.00,0.00
2011.09.28 07:36:13.354,16.60694,16.61242,0.00,0.00
2011.09.28 07:36:13.464,16.60685,16.61325,0.00,0.00
2011.09.28 07:36:13.575,16.60723,16.61363,0.00,0.00
2011.09.28 07:36:13.971,16.60771,16.61367,0.00,0.00
2011.09.28 07:36:14.804,16.60752,16.6132,0.00,0.00
2011.09.28 07:36:15.537,16.60794,16.61094,0.00,0.00
2011.09.28 07:36:15.657,16.60643,16.61091,0.00,0.00
2011.09.28 07:36:16.637,16.60587,16.60991,0.00,0.00
2011.09.28 07:36:16.866,16.60459,16.60955,0.00,0.00
2011.09.28 07:36:17.099,16.6042,16.60868,0.00,0.00
2011.09.28 07:36:17.433,16.60401,16.60749,0.00,0.00
2011.09.28 07:36:17.765,16.60235,16.60831,0.00,0.00
2011.09.28 07:36:18.105,16.60301,16.60848,0.00,0.00
2011.09.28 07:36:18.395,16.60333,16.60969,0.00,0.00
2011.09.28 07:36:19.006,16.6038,16.6102,0.00,0.00
2011.09.28 07:36:19.233,16.60463,16.61019,0.00,0.00
2011.09.28 07:36:19.347,16.60444,16.61084,0.00,0.00
2011.09.28 07:36:19.683,16.6046,16.611,0.00,0.00
2011.09.28 07:36:20.014,16.60505,16.61145,0.00,0.00
2011.09.28 07:36:20.344,16.60561,16.61201,0.00,0.00
2011.09.28 07:36:21.727,16.60627,16.61225,0.00,0.00
2011.09.28 07:36:21.955,16.60618,16.61258,0.00,0.00
2011.09.28 07:36:22.886,16.60677,16.61124,0.00,0.00
2011.09.28 07:36:23.515,16.60641,16.60989,0.00,0.00
2011.09.28 07:36:24.354,16.60378,16.61005,0.00,0.00
2011.09.28 07:36:24.574,16.60302,16.609,0.00,0.00
2011.09.28 07:36:24.685,16.60312,16.60809,0.00,0.00
2011.09.28 07:36:25.399,16.60333,16.60779,0.00,0.00
2011.09.28 07:36:25.999,16.60362,16.60758,0.00,0.00
2011.09.28 07:36:26.746,16.60394,16.60742,0.00,0.00
2011.09.28 07:36:27.108,16.60402,16.60748,0.00,0.00
2011.09.28 07:36:27.223,16.60352,16.60748,0.00,0.00
2011.09.28 07:36:27.484,16.60259,16.60707,0.00,0.00
2011.09.28 07:36:27.594,16.60115,16.60742,0.00,0.00
2011.09.28 07:36:29.085,16.60237,16.60583,0.00,0.00
2011.09.28 07:36:30.044,16.60079,16.60645,0.00,0.00
2011.09.28 07:36:30.485,16.60072,16.60639,0.00,0.00
2011.09.28 07:36:31.004,16.60173,16.60519,0.00,0.00
2011.09.28 07:36:31.113,16.59979,16.60597,0.00,0.00
2011.09.28 07:36:31.663,16.59958,16.60526,0.00,0.00
2011.09.28 07:36:32.123,16.59918,16.60436,0.00,0.00
2011.09.28 07:36:32.346,16.59862,16.60258,0.00,0.00
2011.09.28 07:36:32.467,16.59627,16.60267,0.00,0.00
2011.09.28 07:36:32.586,16.59591,16.60231,0.00,0.00
2011.09.28 07:36:32.705,16.59626,16.60266,0.00,0.00
2011.09.28 07:36:35.298,16.59833,16.60229,0.00,0.00
2011.09.28 07:36:35.638,16.5993,16.60266,0.00,0.00
2011.09.28 07:36:35.759,16.59972,16.60384,0.00,0.00
2011.09.28 07:36:35.875,16.59948,16.60584,0.00,0.00
2011.09.28 07:36:36.476,16.60051,16.60627,0.00,0.00
2011.09.28 07:36:37.077,16.60044,16.60742,0.00,0.00
2011.09.28 07:36:37.194,16.60078,16.60718,0.00,0.00
2011.09.28 07:36:37.804,16.6006,16.607,0.00,0.00
2011.09.28 07:36:38.366,16.60135,16.60631,0.00,0.00
2011.09.28 07:36:39.946,16.60169,16.60615,0.00,0.00
2011.09.28 07:36:40.680,16.6019,16.60586,0.00,0.00
2011.09.28 07:36:41.036,16.60151,16.60597,0.00,0.00
2011.09.28 07:36:42.036,16.60191,16.60588,0.00,0.00
2011.09.28 07:36:43.314,16.60216,16.60613,0.00,0.00
2011.09.28 07:36:43.426,16.60193,16.60641,0.00,0.00
2011.09.28 07:36:43.543,16.60127,16.60675,0.00,0.00
2011.09.28 07:36:43.655,16.60152,16.60648,0.00,0.00
2011.09.28 07:36:44.897,16.60226,16.60622,0.00,0.00
2011.09.28 07:36:45.886,16.60291,16.60637,0.00,0.00
2011.09.28 07:36:47.845,16.60311,16.60707,0.00,0.00
2011.09.28 07:36:48.186,16.60324,16.6077,0.00,0.00
2011.09.28 07:36:49.512,16.60299,16.60846,0.00,0.00
2011.09.28 07:36:50.466,16.60343,16.60839,0.00,0.00
2011.09.28 07:36:52.174,16.60417,16.60813,0.00,0.00
2011.09.28 07:36:53.615,16.60454,16.60802,0.00,0.00
2011.09.28 07:36:54.233,16.60382,16.60878,0.00,0.00
2011.09.28 07:36:55.477,16.60401,16.60847,0.00,0.00
2011.09.28 07:36:55.819,16.60417,16.60765,0.00,0.00
2011.09.28 07:36:57.936,16.60277,16.60773,0.00,0.00
2011.09.28 07:36:58.757,16.60285,16.60631,0.00,0.00
2011.09.28 07:36:58.999,16.60205,16.60639,0.00,0.00
2011.09.28 07:36:59.115,16.60224,16.60538,0.00,0.00
2011.09.28 07:36:59.741,16.59784,16.60899,0.00,0.00
2011.09.28 07:36:59.863,16.60103,16.605,0.00,0.00
2011.09.28 07:36:59.988,16.60075,16.60421,0.00,0.00
2011.09.28 07:37:00.222,16.59926,16.60374,0.00,0.00
2011.09.28 07:37:01.745,16.59835,16.60233,0.00,0.00
2011.09.28 07:37:02.997,16.59798,16.60144,0.00,0.00
2011.09.28 07:37:03.353,16.59754,16.6015,0.00,0.00
2011.09.28 07:37:03.947,16.59794,16.60142,0.00,0.00
2011.09.28 07:37:06.927,16.59782,16.60178,0.00,0.00
2011.09.28 07:37:11.698,16.59647,16.60243,0.00,0.00
2011.09.28 07:37:11.818,16.59687,16.60083,0.00,0.00
2011.09.28 07:37:12.543,16.59681,16.59981,0.00,0.00
2011.09.28 07:37:12.775,16.59631,16.59931,0.00,0.00
2011.09.28 07:37:12.892,16.59586,16.59886,0.00,0.00
2011.09.28 07:37:13.002,16.59421,16.59968,0.00,0.00
2011.09.28 07:37:13.569,16.59335,16.59975,0.00,0.00
2011.09.28 07:37:13.924,16.59416,16.59814,0.00,0.00
2011.09.28 07:37:14.140,16.59255,16.59895,0.00,0.00
2011.09.28 07:37:14.250,16.59215,16.59855,0.00,0.00
2011.09.28 07:37:15.292,16.59046,16.59943,0.00,0.00
2011.09.28 07:37:15.400,16.5917,16.59742,0.00,0.00
2011.09.28 07:37:15.510,16.59022,16.59812,0.00,0.00
2011.09.28 07:37:15.841,16.58982,16.59772,0.00,0.00
2011.09.28 07:37:16.663,16.58942,16.59732,0.00,0.00
2011.09.28 07:37:17.372,16.58902,16.59692,0.00,0.00
2011.09.28 07:37:18.652,16.59046,16.59468,0.00,0.00
2011.09.28 07:37:19.341,16.58944,16.59492,0.00,0.00
2011.09.28 07:37:19.910,16.58954,16.59402,0.00,0.00
2011.09.28 07:37:20.020,16.58818,16.59458,0.00,0.00
2011.09.28 07:37:21.966,16.589,16.59297,0.00,0.00
2011.09.28 07:37:24.499,16.58739,16.59379,0.00,0.00
2011.09.28 07:37:24.832,16.58699,16.59339,0.00,0.00
2011.09.28 07:37:25.771,16.58659,16.59299,0.00,0.00
2011.09.28 07:37:26.577,16.58619,16.59259,0.00,0.00
2011.09.28 07:37:26.950,16.58727,16.59073,0.00,0.00
2011.09.28 07:37:27.356,16.58661,16.59058,0.00,0.00
2011.09.28 07:37:27.725,16.58646,16.58992,0.00,0.00
2011.09.28 07:37:28.743,16.58557,16.59003,0.00,0.00
2011.09.28 07:37:29.499,16.58541,16.58939,0.00,0.00
2011.09.28 07:37:29.835,16.58528,16.58874,0.00,0.00
2011.09.28 07:37:30.075,16.58411,16.58909,0.00,0.00
2011.09.28 07:37:30.405,16.58346,16.58893,0.00,0.00
2011.09.28 07:37:30.524,16.58332,16.5883,0.00,0.00
2011.09.28 07:37:30.966,16.58343,16.5874,0.00,0.00
2011.09.28 07:37:31.717,16.58254,16.5875,0.00,0.00
2011.09.28 07:37:32.056,16.58164,16.5876,0.00,0.00
2011.09.28 07:37:32.175,16.58175,16.58671,0.00,0.00
2011.09.28 07:37:32.293,16.58061,16.58707,0.00,0.00
2011.09.28 07:37:32.404,16.58026,16.58662,0.00,0.00
2011.09.28 07:37:32.736,16.5803,16.58577,0.00,0.00
2011.09.28 07:37:33.867,16.57965,16.58562,0.00,0.00
2011.09.28 07:37:34.218,16.5795,16.58497,0.00,0.00
2011.09.28 07:37:34.556,16.57934,16.58432,0.00,0.00
2011.09.28 07:37:35.035,16.57932,16.58328,0.00,0.00
2011.09.28 07:37:35.365,16.57778,16.58276,0.00,0.00
2011.09.28 07:37:35.484,16.57671,16.58117,0.00,0.00
2011.09.28 07:37:36.444,16.5752,16.58118,0.00,0.00
2011.09.28 07:37:36.664,16.57542,16.58089,0.00,0.00
2011.09.28 07:37:37.305,16.57509,16.58149,0.00,0.00
2011.09.28 07:37:37.537,16.57532,16.58079,0.00,0.00
2011.09.28 07:37:37.873,16.57538,16.58034,0.00,0.00
2011.09.28 07:37:38.438,16.57537,16.57985,0.00,0.00
2011.09.28 07:37:38.773,16.57558,16.57906,0.00,0.00
2011.09.28 07:37:40.115,16.5752,16.57916,0.00,0.00
2011.09.28 07:37:40.455,16.57442,16.5789,0.00,0.00
2011.09.28 07:37:40.574,16.57345,16.57843,0.00,0.00
2011.09.28 07:37:40.797,16.57364,16.57761,0.00,0.00
2011.09.28 07:37:41.106,16.57334,16.57732,0.00,0.00
2011.09.28 07:37:41.223,16.57253,16.57699,0.00,0.00
2011.09.28 07:37:41.805,16.57236,16.57584,0.00,0.00
2011.09.28 07:37:42.676,16.57134,16.57681,0.00,0.00
2011.09.28 07:37:42.799,16.57246,16.57592,0.00,0.00
2011.09.28 07:37:43.246,16.57143,16.57689,0.00,0.00
2011.09.28 07:37:43.626,16.57234,16.57582,0.00,0.00
2011.09.28 07:37:43.985,16.57167,16.57563,0.00,0.00
2011.09.28 07:37:44.314,16.57118,16.57564,0.00,0.00
2011.09.28 07:37:44.978,16.57116,16.57513,0.00,0.00
2011.09.28 07:37:49.846,16.571,16.57496,0.00,0.00
2011.09.28 07:37:52.184,16.57078,16.57524,0.00,0.00
2011.09.28 07:37:52.404,16.57047,16.57543,0.00,0.00
2011.09.28 07:37:53.428,16.57066,16.5745,0.00,0.00
2011.09.28 07:37:53.964,16.56994,16.57341,0.00,0.00
2011.09.28 07:37:54.079,16.56836,16.57233,0.00,0.00
2011.09.28 07:37:54.195,16.56694,16.57212,0.00,0.00
2011.09.28 07:37:54.317,16.56761,16.57109,0.00,0.00
2011.09.28 07:37:54.693,16.5671,16.57106,0.00,0.00
2011.09.28 07:37:54.803,16.56688,16.57034,0.00,0.00
2011.09.28 07:37:55.801,16.56555,16.57142,0.00,0.00
2011.09.28 07:37:56.105,16.56665,16.57111,0.00,0.00
2011.09.28 07:37:56.324,16.5664,16.57188,0.00,0.00
2011.09.28 07:37:57.333,16.56728,16.57224,0.00,0.00
2011.09.28 07:37:57.702,16.5688,16.57236,0.00,0.00
2011.09.28 07:37:57.817,16.56813,16.57429,0.00,0.00
2011.09.28 07:37:57.937,16.56847,16.57487,0.00,0.00
2011.09.28 07:37:58.537,16.5689,16.5753,0.00,0.00
2011.09.28 07:37:59.097,16.5693,16.5757,0.00,0.00
2011.09.28 07:37:59.957,16.56984,16.57624,0.00,0.00
2011.09.28 07:38:00.293,16.57071,16.57711,0.00,0.00
2011.09.28 07:38:00.514,16.57035,16.57899,0.00,0.00
2011.09.28 07:38:00.623,16.57131,16.57771,0.00,0.00
2011.09.28 07:38:01.505,16.57104,16.57652,0.00,0.00
2011.09.28 07:38:01.836,16.5711,16.57506,0.00,0.00
2011.09.28 07:38:02.325,16.57051,16.57497,0.00,0.00
2011.09.28 07:38:03.486,16.57017,16.57513,0.00,0.00
2011.09.28 07:38:03.964,16.57039,16.57487,0.00,0.00
2011.09.28 07:38:04.583,16.57025,16.57521,0.00,0.00
2011.09.28 07:38:05.279,16.56994,16.57542,0.00,0.00
2011.09.28 07:38:06.324,16.57017,16.57465,0.00,0.00
2011.09.28 07:38:08.220,16.57055,16.57355,0.00,0.00
2011.09.28 07:38:08.698,16.57016,16.57316,0.00,0.00
2011.09.28 07:38:08.816,16.56828,16.57426,0.00,0.00
2011.09.28 07:38:08.932,16.56889,16.57285,0.00,0.00
2011.09.28 07:38:09.152,16.56874,16.57222,0.00,0.00
2011.09.28 07:38:09.371,16.56809,16.57207,0.00,0.00
2011.09.28 07:38:10.846,16.56744,16.57192,0.00,0.00
2011.09.28 07:38:11.072,16.5668,16.57178,0.00,0.00
2011.09.28 07:38:11.834,16.56651,16.57097,0.00,0.00
2011.09.28 07:38:12.322,16.56523,16.57021,0.00,0.00
2011.09.28 07:38:13.542,16.564,16.56896,0.00,0.00
2011.09.28 07:38:17.114,16.56329,16.56775,0.00,0.00
2011.09.28 07:38:18.882,16.56253,16.56699,0.00,0.00
2011.09.28 07:38:19.102,16.56286,16.56634,0.00,0.00
2011.09.28 07:38:19.532,16.5626,16.56658,0.00,0.00
2011.09.28 07:38:19.752,16.56238,16.56686,0.00,0.00
2011.09.28 07:38:21.917,16.56275,16.56671,0.00,0.00
2011.09.28 07:38:22.031,16.56257,16.56705,0.00,0.00
2011.09.28 07:38:23.053,16.56236,16.56734,0.00,0.00
2011.09.28 07:38:23.161,16.56227,16.56773,0.00,0.00
2011.09.28 07:38:25.225,16.56271,16.56769,0.00,0.00
2011.09.28 07:38:25.879,16.56314,16.56762,0.00,0.00
2011.09.28 07:38:26.914,16.56387,16.56784,0.00,0.00
2011.09.28 07:38:27.247,16.56343,16.57039,0.00,0.00
2011.09.28 07:38:27.366,16.56681,16.56981,0.00,0.00
2011.09.28 07:38:27.484,16.56588,16.5733,0.00,0.00
2011.09.28 07:38:29.007,16.56636,16.57426,0.00,0.00
2011.09.28 07:38:29.123,16.56669,16.57459,0.00,0.00
2011.09.28 07:38:29.556,16.56688,16.5746,0.00,0.00
2011.09.28 07:38:30.952,16.56683,16.57473,0.00,0.00
2011.09.28 07:38:31.101,16.5669,16.57462,0.00,0.00
2011.09.28 07:38:32.094,16.56729,16.57451,0.00,0.00
2011.09.28 07:38:32.743,16.56775,16.57447,0.00,0.00
2011.09.28 07:38:33.073,16.56819,16.57441,0.00,0.00
2011.09.28 07:38:33.979,16.56849,16.57421,0.00,0.00
2011.09.28 07:38:34.823,16.56802,16.57474,0.00,0.00
2011.09.28 07:38:35.044,16.56784,16.57548,0.00,0.00
2011.09.28 07:38:36.136,16.56863,16.57527,0.00,0.00
2011.09.28 07:38:36.948,16.56908,16.57522,0.00,0.00
2011.09.28 07:38:37.561,16.56948,16.57522,0.00,0.00
2011.09.28 07:38:37.675,16.56912,16.57616,0.00,0.00
2011.09.28 07:38:39.220,16.56929,16.57653,0.00,0.00
2011.09.28 07:38:39.339,16.56995,16.57637,0.00,0.00
2011.09.28 07:38:39.683,16.56991,16.57663,0.00,0.00
2011.09.28 07:38:40.161,16.5698,16.57702,0.00,0.00
2011.09.28 07:38:40.296,16.57059,16.57663,0.00,0.00
2011.09.28 07:38:40.518,16.57044,16.57668,0.00,0.00
2011.09.28 07:38:40.921,16.57109,16.57511,0.00,0.00
2011.09.28 07:38:41.144,16.56918,16.57624,0.00,0.00
2011.09.28 07:38:41.253,16.56964,16.5763,0.00,0.00
2011.09.28 07:38:41.900,16.5701,16.5765,0.00,0.00
2011.09.28 07:38:42.440,16.56971,16.57611,0.00,0.00
2011.09.28 07:38:42.966,16.56937,16.57533,0.00,0.00
2011.09.28 07:38:43.555,16.56963,16.57459,0.00,0.00
2011.09.28 07:38:45.193,16.56941,16.57389,0.00,0.00
2011.09.28 07:38:45.524,16.56885,16.57282,0.00,0.00
2011.09.28 07:38:48.424,16.56729,16.57369,0.00,0.00
2011.09.28 07:38:48.974,16.56909,16.57306,0.00,0.00
2011.09.28 07:38:49.194,16.56817,16.57457,0.00,0.00
2011.09.28 07:38:49.309,16.56829,16.57425,0.00,0.00
2011.09.28 07:38:49.772,16.5685,16.57398,0.00,0.00
2011.09.28 07:38:49.889,16.56818,16.57436,0.00,0.00
2011.09.28 07:38:50.010,16.56895,16.57363,0.00,0.00
2011.09.28 07:38:50.128,16.56894,16.57392,0.00,0.00
2011.09.28 07:38:50.272,16.56908,16.57354,0.00,0.00
2011.09.28 07:38:50.604,16.56896,16.57342,0.00,0.00
2011.09.28 07:38:53.104,16.56932,16.57328,0.00,0.00
2011.09.28 07:38:56.128,16.56923,16.57369,0.00,0.00
2011.09.28 07:38:56.246,16.56907,16.57403,0.00,0.00
2011.09.28 07:38:56.366,16.56896,16.57443,0.00,0.00
2011.09.28 07:38:57.473,16.56931,16.57527,0.00,0.00
2011.09.28 07:38:57.806,16.57029,16.57605,0.00,0.00
2011.09.28 07:38:58.143,16.57115,16.57613,0.00,0.00
2011.09.28 07:38:58.495,16.57067,16.57665,0.00,0.00
2011.09.28 07:39:00.484,16.57086,16.57633,0.00,0.00
2011.09.28 07:39:00.957,16.57112,16.57609,0.00,0.00
2011.09.28 07:39:02.076,16.57141,16.57587,0.00,0.00
2011.09.28 07:39:02.546,16.57135,16.57639,0.00,0.00
2011.09.28 07:39:03.105,16.57126,16.57722,0.00,0.00
2011.09.28 07:39:04.486,16.5717,16.5781,0.00,0.00
2011.09.28 07:39:04.715,16.57399,16.57817,0.00,0.00
2011.09.28 07:39:05.045,16.57536,16.57883,0.00,0.00
2011.09.28 07:39:05.155,16.57427,16.58053,0.00,0.00
2011.09.28 07:39:05.263,16.57431,16.58071,0.00,0.00
2011.09.28 07:39:06.391,16.57452,16.5809,0.00,0.00
2011.09.28 07:39:06.512,16.57488,16.58128,0.00,0.00
2011.09.28 07:39:06.627,16.57535,16.58163,0.00,0.00
2011.09.28 07:39:06.744,16.57543,16.58183,0.00,0.00
2011.09.28 07:39:08.574,16.57529,16.58155,0.00,0.00
2011.09.28 07:39:08.904,16.57548,16.58095,0.00,0.00
2011.09.28 07:39:09.013,16.57513,16.58109,0.00,0.00
2011.09.28 07:39:09.534,16.57507,16.58054,0.00,0.00
2011.09.28 07:39:10.628,16.57467,16.57965,0.00,0.00
2011.09.28 07:39:10.968,16.57399,16.57946,0.00,0.00
2011.09.28 07:39:11.415,16.57493,16.57841,0.00,0.00
2011.09.28 07:39:11.587,16.57413,16.57809,0.00,0.00
2011.09.28 07:39:12.280,16.57261,16.57809,0.00,0.00
2011.09.28 07:39:12.395,16.57297,16.57643,0.00,0.00
2011.09.28 07:39:12.901,16.57275,16.57673,0.00,0.00
2011.09.28 07:39:13.615,16.57119,16.57933,0.00,0.00
2011.09.28 07:39:13.736,16.57138,16.57978,0.00,0.00
2011.09.28 07:39:13.854,16.57209,16.57977,0.00,0.00
2011.09.28 07:39:14.241,16.57287,16.57927,0.00,0.00
2011.09.28 07:39:14.847,16.5726,16.579,0.00,0.00
2011.09.28 07:39:15.295,16.57303,16.57801,0.00,0.00
2011.09.28 07:39:16.897,16.57315,16.57761,0.00,0.00
2011.09.28 07:39:18.443,16.57321,16.57717,0.00,0.00
2011.09.28 07:39:18.774,16.57327,16.57673,0.00,0.00
2011.09.28 07:39:18.995,16.57297,16.57693,0.00,0.00
2011.09.28 07:39:20.402,16.57248,16.57746,0.00,0.00
2011.09.28 07:39:20.515,16.57301,16.57699,0.00,0.00
2011.09.28 07:39:23.835,16.57272,16.5777,0.00,0.00
2011.09.28 07:39:23.955,16.57273,16.5782,0.00,0.00
2011.09.28 07:39:24.293,16.57283,16.57867,0.00,0.00
2011.09.28 07:39:24.404,16.57361,16.57837,0.00,0.00
2011.09.28 07:39:24.734,16.57384,16.57888,0.00,0.00
2011.09.28 07:39:24.960,16.57398,16.58038,0.00,0.00
2011.09.28 07:39:25.076,16.5746,16.581,0.00,0.00
2011.09.28 07:39:25.414,16.57464,16.58104,0.00,0.00
2011.09.28 07:39:26.894,16.5747,16.58068,0.00,0.00
2011.09.28 07:39:27.223,16.57426,16.58066,0.00,0.00
2011.09.28 07:39:27.331,16.57417,16.58013,0.00,0.00
2011.09.28 07:39:27.665,16.57481,16.57879,0.00,0.00
2011.09.28 07:39:28.027,16.57321,16.57961,0.00,0.00
2011.09.28 07:39:28.145,16.57354,16.57852,0.00,0.00
2011.09.28 07:39:29.056,16.5729,16.57836,0.00,0.00
2011.09.28 07:39:29.173,16.5722,16.57816,0.00,0.00
2011.09.28 07:39:29.284,16.57159,16.57766,0.00,0.00
2011.09.28 07:39:29.394,16.57075,16.57761,0.00,0.00
2011.09.28 07:39:29.613,16.57032,16.57772,0.00,0.00
2011.09.28 07:39:29.863,16.57015,16.57753,0.00,0.00
2011.09.28 07:39:30.524,16.57047,16.57685,0.00,0.00
2011.09.28 07:39:31.304,16.57041,16.57681,0.00,0.00
2011.09.28 07:39:32.560,16.5705,16.57648,0.00,0.00
2011.09.28 07:39:32.915,16.57028,16.57574,0.00,0.00
2011.09.28 07:39:33.144,16.56874,16.5762,0.00,0.00
2011.09.28 07:39:34.056,16.56876,16.57572,0.00,0.00
2011.09.28 07:39:34.731,16.56851,16.57545,0.00,0.00
2011.09.28 07:39:35.064,16.5696,16.57408,0.00,0.00
2011.09.28 07:39:38.097,16.57022,16.57419,0.00,0.00
2011.09.28 07:39:38.474,16.57123,16.57449,0.00,0.00
2011.09.28 07:39:38.913,16.57044,16.57662,0.00,0.00
2011.09.28 07:39:39.544,16.57157,16.57755,0.00,0.00
2011.09.28 07:39:40.318,16.57264,16.5782,0.00,0.00
2011.09.28 07:39:41.164,16.5723,16.57828,0.00,0.00
2011.09.28 07:39:41.275,16.57182,16.57822,0.00,0.00
2011.09.28 07:39:41.493,16.57198,16.57838,0.00,0.00
2011.09.28 07:39:42.684,16.57236,16.57876,0.00,0.00
2011.09.28 07:39:43.059,16.57342,16.57898,0.00,0.00
2011.09.28 07:39:43.175,16.57389,16.58029,0.00,0.00
2011.09.28 07:39:43.286,16.57505,16.58091,0.00,0.00
2011.09.28 07:39:43.406,16.57554,16.58194,0.00,0.00
2011.09.28 07:39:44.176,16.57631,16.58198,0.00,0.00
2011.09.28 07:39:44.294,16.57608,16.58248,0.00,0.00
2011.09.28 07:39:44.406,16.57648,16.58284,0.00,0.00
2011.09.28 07:39:44.526,16.57649,16.58289,0.00,0.00
2011.09.28 07:39:44.644,16.57625,16.58265,0.00,0.00
2011.09.28 07:39:46.265,16.5766,16.58208,0.00,0.00
2011.09.28 07:39:46.603,16.5763,16.5827,0.00,0.00
2011.09.28 07:39:47.969,16.57671,16.58267,0.00,0.00
2011.09.28 07:39:48.824,16.57697,16.58245,0.00,0.00
2011.09.28 07:39:49.436,16.5765,16.58246,0.00,0.00
2011.09.28 07:39:49.557,16.57741,16.58089,0.00,0.00
2011.09.28 07:39:49.673,16.57654,16.581,0.00,0.00
2011.09.28 07:39:49.892,16.5759,16.58087,0.00,0.00
2011.09.28 07:39:50.336,16.5751,16.58058,0.00,0.00
2011.09.28 07:39:50.734,16.57388,16.57984,0.00,0.00
2011.09.28 07:39:50.843,16.57309,16.57856,0.00,0.00
2011.09.28 07:39:51.934,16.57304,16.578,0.00,0.00
2011.09.28 07:39:53.639,16.57277,16.57824,0.00,0.00
2011.09.28 07:39:53.886,16.57314,16.57812,0.00,0.00
2011.09.28 07:39:54.115,16.57306,16.57904,0.00,0.00
2011.09.28 07:39:54.385,16.57378,16.57864,0.00,0.00
2011.09.28 07:39:54.837,16.57358,16.57658,0.00,0.00
2011.09.28 07:39:54.962,16.57176,16.57522,0.00,0.00
2011.09.28 07:39:55.076,16.56893,16.57541,0.00,0.00
2011.09.28 07:39:55.536,16.56809,16.57407,0.00,0.00
2011.09.28 07:39:56.042,16.56753,16.57251,0.00,0.00
2011.09.28 07:39:58.549,16.56734,16.57181,0.00,0.00
2011.09.28 07:39:58.868,16.56741,16.57137,0.00,0.00
2011.09.28 07:39:59.486,16.56744,16.5709,0.00,0.00
2011.09.28 07:39:59.965,16.5669,16.57036,0.00,0.00
2011.09.28 07:40:00.295,16.56647,16.56995,0.00,0.00
2011.09.28 07:40:01.605,16.56642,16.5699,0.00,0.00
2011.09.28 07:40:01.865,16.56613,16.57011,0.00,0.00
2011.09.28 07:40:02.085,16.56604,16.57001,0.00,0.00
2011.09.28 07:40:02.575,16.56522,16.57069,0.00,0.00
2011.09.28 07:40:02.683,16.56624,16.5702,0.00,0.00
2011.09.28 07:40:02.928,16.56634,16.5698,0.00,0.00
2011.09.28 07:40:03.516,16.56558,16.57056,0.00,0.00
2011.09.28 07:40:04.155,16.56642,16.57039,0.00,0.00
2011.09.28 07:40:05.443,16.56613,16.57059,0.00,0.00
2011.09.28 07:40:05.841,16.56599,16.57046,0.00,0.00
2011.09.28 07:40:06.093,16.56625,16.57021,0.00,0.00
2011.09.28 07:40:06.317,16.56612,16.56912,0.00,0.00
2011.09.28 07:40:06.436,16.56438,16.56934,0.00,0.00
2011.09.28 07:40:06.555,16.56442,16.5696,0.00,0.00
2011.09.28 07:40:08.896,16.566,16.56976,0.00,0.00
2011.09.28 07:40:09.014,16.56557,16.57183,0.00,0.00
2011.09.28 07:40:09.235,16.56637,16.57205,0.00,0.00
2011.09.28 07:40:09.573,16.56694,16.57241,0.00,0.00
2011.09.28 07:40:09.793,16.5673,16.57298,0.00,0.00
2011.09.28 07:40:09.914,16.56775,16.57323,0.00,0.00
2011.09.28 07:40:12.367,16.568,16.57376,0.00,0.00
2011.09.28 07:40:12.704,16.56837,16.57405,0.00,0.00
2011.09.28 07:40:13.033,16.56874,16.57421,0.00,0.00
2011.09.28 07:40:14.155,16.56874,16.57472,0.00,0.00
2011.09.28 07:40:14.275,16.56889,16.57529,0.00,0.00
2011.09.28 07:40:14.395,16.56981,16.57559,0.00,0.00
2011.09.28 07:40:14.734,16.5709,16.57594,0.00,0.00
2011.09.28 07:40:15.065,16.57158,16.57592,0.00,0.00
2011.09.28 07:40:15.501,16.5713,16.57644,0.00,0.00
2011.09.28 07:40:15.617,16.57096,16.57703,0.00,0.00
2011.09.28 07:40:15.734,16.57125,16.57683,0.00,0.00
2011.09.28 07:40:15.843,16.57113,16.57719,0.00,0.00
2011.09.28 07:40:16.658,16.57137,16.57713,0.00,0.00
2011.09.28 07:40:18.697,16.57184,16.5768,0.00,0.00
2011.09.28 07:40:20.028,16.57223,16.57669,0.00,0.00
2011.09.28 07:40:23.114,16.57249,16.57645,0.00,0.00
2011.09.28 07:40:24.187,16.57262,16.57562,0.00,0.00
2011.09.28 07:40:24.305,16.57152,16.57506,0.00,0.00
2011.09.28 07:40:24.426,16.57067,16.57371,0.00,0.00
2011.09.28 07:40:24.546,16.5679,16.57468,0.00,0.00
2011.09.28 07:40:24.774,16.56794,16.57258,0.00,0.00
2011.09.28 07:40:24.966,16.56687,16.57183,0.00,0.00
2011.09.28 07:40:25.974,16.56612,16.5716,0.00,0.00
2011.09.28 07:40:26.084,16.56657,16.57053,0.00,0.00
2011.09.28 07:40:27.055,16.56644,16.5709,0.00,0.00
2011.09.28 07:40:27.389,16.56732,16.57149,0.00,0.00
2011.09.28 07:40:27.505,16.56712,16.57396,0.00,0.00
2011.09.28 07:40:27.987,16.56858,16.57414,0.00,0.00
2011.09.28 07:40:28.113,16.56873,16.57513,0.00,0.00
2011.09.28 07:40:31.481,16.56963,16.57509,0.00,0.00
2011.09.28 07:40:31.910,16.57019,16.57517,0.00,0.00
2011.09.28 07:40:34.887,16.57072,16.5752,0.00,0.00
2011.09.28 07:40:36.970,16.57119,16.57515,0.00,0.00
2011.09.28 07:40:43.142,16.57096,16.57542,0.00,0.00
2011.09.28 07:40:43.255,16.56998,16.57634,0.00,0.00
2011.09.28 07:40:43.364,16.57027,16.57667,0.00,0.00
2011.09.28 07:40:44.453,16.57146,16.57642,0.00,0.00
2011.09.28 07:40:44.564,16.57131,16.57679,0.00,0.00
2011.09.28 07:40:46.514,16.57102,16.577,0.00,0.00
2011.09.28 07:40:46.637,16.57115,16.57755,0.00,0.00
2011.09.28 07:40:48.494,16.57165,16.57805,0.00,0.00
2011.09.28 07:40:49.296,16.57237,16.57783,0.00,0.00
2011.09.28 07:40:49.524,16.57195,16.57835,0.00,0.00
2011.09.28 07:40:50.994,16.57239,16.57835,0.00,0.00
2011.09.28 07:40:51.986,16.5732,16.57816,0.00,0.00
2011.09.28 07:40:52.353,16.57277,16.57917,0.00,0.00
2011.09.28 07:40:53.957,16.5732,16.57916,0.00,0.00
2011.09.28 07:40:54.701,16.57304,16.57944,0.00,0.00
2011.09.28 07:40:54.816,16.573,16.5794,0.00,0.00
2011.09.28 07:40:55.932,16.57341,16.57938,0.00,0.00
2011.09.28 07:40:56.990,16.57426,16.57924,0.00,0.00
2011.09.28 07:40:57.999,16.57514,16.57912,0.00,0.00
2011.09.28 07:40:58.208,16.5752,16.57967,0.00,0.00
2011.09.28 07:40:59.727,16.5752,16.58016,0.00,0.00
2011.09.28 07:40:59.955,16.57508,16.58054,0.00,0.00
2011.09.28 07:41:01.214,16.57543,16.58041,0.00,0.00
2011.09.28 07:41:01.977,16.5762,16.58017,0.00,0.00
2011.09.28 07:41:03.128,16.57672,16.58018,0.00,0.00
2011.09.28 07:41:05.210,16.57658,16.58054,0.00,0.00
2011.09.28 07:41:05.436,16.57662,16.58008,0.00,0.00
2011.09.28 07:41:06.715,16.57524,16.58164,0.00,0.00
2011.09.28 07:41:06.935,16.57674,16.58172,0.00,0.00
2011.09.28 07:41:07.055,16.57688,16.58236,0.00,0.00
2011.09.28 07:41:07.164,16.57727,16.58223,0.00,0.00
2011.09.28 07:41:07.384,16.57736,16.5825,0.00,0.00
2011.09.28 07:41:07.604,16.5772,16.58318,0.00,0.00
2011.09.28 07:41:07.713,16.57773,16.5832,0.00,0.00
2011.09.28 07:41:09.020,16.57835,16.58332,0.00,0.00
2011.09.28 07:41:10.042,16.57945,16.58391,0.00,0.00
2011.09.28 07:41:10.956,16.58118,16.58475,0.00,0.00
2011.09.28 07:41:11.184,16.58173,16.58637,0.00,0.00
2011.09.28 07:41:11.512,16.58292,16.58696,0.00,0.00
2011.09.28 07:41:12.006,16.58181,16.58963,0.00,0.00
2011.09.28 07:41:12.504,16.58262,16.58984,0.00,0.00
2011.09.28 07:41:12.614,16.58279,16.59051,0.00,0.00
2011.09.28 07:41:14.019,16.58372,16.59044,0.00,0.00
2011.09.28 07:41:14.623,16.58454,16.59026,0.00,0.00
2011.09.28 07:41:14.845,16.58413,16.59115,0.00,0.00
2011.09.28 07:41:14.967,16.58404,16.59176,0.00,0.00
2011.09.28 07:41:15.085,16.58452,16.59174,0.00,0.00
2011.09.28 07:41:15.194,16.58465,16.59217,0.00,0.00
2011.09.28 07:41:15.414,16.58553,16.59207,0.00,0.00
2011.09.28 07:41:15.895,16.58625,16.59277,0.00,0.00
2011.09.28 07:41:16.225,16.58713,16.593,0.00,0.00
2011.09.28 07:41:16.454,16.58648,16.59288,0.00,0.00
2011.09.28 07:41:16.786,16.58514,16.59262,0.00,0.00
2011.09.28 07:41:16.903,16.58406,16.5915,0.00,0.00
2011.09.28 07:41:17.239,16.58415,16.58911,0.00,0.00
2011.09.28 07:41:17.465,16.58291,16.58931,0.00,0.00
2011.09.28 07:41:17.984,16.58304,16.58944,0.00,0.00
2011.09.28 07:41:18.687,16.58352,16.58992,0.00,0.00
2011.09.28 07:41:19.024,16.58409,16.59049,0.00,0.00
2011.09.28 07:41:19.924,16.58483,16.59079,0.00,0.00
2011.09.28 07:41:20.942,16.5861,16.59106,0.00,0.00
2011.09.28 07:41:21.455,16.58642,16.5924,0.00,0.00
2011.09.28 07:41:21.683,16.58672,16.59312,0.00,0.00
2011.09.28 07:41:23.841,16.58686,16.59326,0.00,0.00
2011.09.28 07:41:24.174,16.58638,16.59278,0.00,0.00
2011.09.28 07:41:24.583,16.5854,16.5918,0.00,0.00
2011.09.28 07:41:24.917,16.58485,16.59081,0.00,0.00
2011.09.28 07:41:26.456,16.58577,16.58877,0.00,0.00
2011.09.28 07:41:27.937,16.58311,16.58957,0.00,0.00
2011.09.28 07:41:28.318,16.5833,16.58838,0.00,0.00
2011.09.28 07:41:28.657,16.5827,16.5891,0.00,0.00
2011.09.28 07:41:29.366,16.5829,16.5893,0.00,0.00
2011.09.28 07:41:29.705,16.58296,16.58936,0.00,0.00
2011.09.28 07:41:32.141,16.58341,16.58939,0.00,0.00
2011.09.28 07:41:33.525,16.58434,16.58932,0.00,0.00
2011.09.28 07:41:33.836,16.58416,16.59034,0.00,0.00
2011.09.28 07:41:33.955,16.58449,16.59047,0.00,0.00
2011.09.28 07:41:34.065,16.58434,16.59074,0.00,0.00
2011.09.28 07:41:35.474,16.58456,16.59074,0.00,0.00
2011.09.28 07:41:37.159,16.58488,16.59084,0.00,0.00
2011.09.28 07:41:37.714,16.5857,16.59066,0.00,0.00
2011.09.28 07:41:37.829,16.58574,16.5912,0.00,0.00
2011.09.28 07:41:38.185,16.58585,16.59183,0.00,0.00
2011.09.28 07:41:38.296,16.58613,16.5922,0.00,0.00
2011.09.28 07:41:38.416,16.58604,16.59244,0.00,0.00
2011.09.28 07:41:38.947,16.58604,16.59244,0.00,0.00
2011.09.28 07:41:39.335,16.58662,16.59209,0.00,0.00
2011.09.28 07:41:40.866,16.58707,16.59205,0.00,0.00
2011.09.28 07:41:41.233,16.58833,16.59181,0.00,0.00
2011.09.28 07:41:41.965,16.58881,16.59277,0.00,0.00
2011.09.28 07:41:42.076,16.58977,16.59374,0.00,0.00
2011.09.28 07:41:42.305,16.58947,16.59587,0.00,0.00
2011.09.28 07:41:42.526,16.58981,16.59621,0.00,0.00
2011.09.28 07:41:44.339,16.59032,16.5963,0.00,0.00
2011.09.28 07:41:45.814,16.59117,16.59613,0.00,0.00
2011.09.28 07:41:46.184,16.5917,16.59618,0.00,0.00
2011.09.28 07:41:46.564,16.59225,16.59623,0.00,0.00
2011.09.28 07:41:48.707,16.59286,16.59634,0.00,0.00
2011.09.28 07:41:51.065,16.59279,16.59675,0.00,0.00
2011.09.28 07:41:52.439,16.59269,16.59615,0.00,0.00
2011.09.28 07:41:53.073,16.59128,16.59768,0.00,0.00
2011.09.28 07:41:53.380,16.5937,16.59784,0.00,0.00
2011.09.28 07:41:54.184,16.59483,16.59981,0.00,0.00
2011.09.28 07:41:54.569,16.59682,16.60038,0.00,0.00
2011.09.28 07:41:55.918,16.59636,16.60276,0.00,0.00
2011.09.28 07:41:57.599,16.59712,16.60259,0.00,0.00
2011.09.28 07:41:57.826,16.59666,16.60306,0.00,0.00
2011.09.28 07:41:58.945,16.59691,16.60331,0.00,0.00
2011.09.28 07:42:00.949,16.5977,16.60317,0.00,0.00
2011.09.28 07:42:01.306,16.59749,16.60373,0.00,0.00
2011.09.28 07:42:01.423,16.59726,16.60392,0.00,0.00
2011.09.28 07:42:01.795,16.59754,16.6038,0.00,0.00
2011.09.28 07:42:02.630,16.59767,16.60393,0.00,0.00
2011.09.28 07:42:02.854,16.59755,16.60395,0.00,0.00
2011.09.28 07:42:03.366,16.5973,16.6037,0.00,0.00
2011.09.28 07:42:04.957,16.59724,16.6032,0.00,0.00
2011.09.28 07:42:05.675,16.59717,16.60265,0.00,0.00
2011.09.28 07:42:06.779,16.5975,16.60198,0.00,0.00
2011.09.28 07:42:07.113,16.59784,16.60181,0.00,0.00
2011.09.28 07:42:08.139,16.5983,16.60178,0.00,0.00
2011.09.28 07:42:10.699,16.59864,16.60188,0.00,0.00
2011.09.28 07:42:11.447,16.59855,16.60209,0.00,0.00
2011.09.28 07:42:11.819,16.59818,16.60222,0.00,0.00
2011.09.28 07:42:12.588,16.59778,16.60232,0.00,0.00
2011.09.28 07:42:12.914,16.59775,16.60223,0.00,0.00
2011.09.28 07:42:13.302,16.5979,16.60214,0.00,0.00
2011.09.28 07:42:13.601,16.59821,16.60217,0.00,0.00
2011.09.28 07:42:13.716,16.59826,16.6025,0.00,0.00
2011.09.28 07:42:16.440,16.59854,16.603,0.00,0.00
2011.09.28 07:42:16.556,16.59878,16.60402,0.00,0.00
2011.09.28 07:42:17.109,16.59838,16.60536,0.00,0.00
2011.09.28 07:42:17.225,16.59902,16.60498,0.00,0.00
2011.09.28 07:42:17.545,16.59915,16.60462,0.00,0.00
2011.09.28 07:42:18.103,16.59925,16.60423,0.00,0.00
2011.09.28 07:42:18.460,16.5995,16.60398,0.00,0.00
2011.09.28 07:42:18.802,16.6002,16.60368,0.00,0.00
2011.09.28 07:42:18.915,16.60004,16.60408,0.00,0.00
2011.09.28 07:42:19.335,16.59981,16.60435,0.00,0.00
2011.09.28 07:42:19.447,16.59979,16.60453,0.00,0.00
2011.09.28 07:42:20.168,16.60012,16.60436,0.00,0.00
2011.09.28 07:42:20.485,16.60034,16.60431,0.00,0.00
2011.09.28 07:42:21.130,16.60073,16.60419,0.00,0.00
2011.09.28 07:42:21.247,16.60076,16.6045,0.00,0.00
2011.09.28 07:42:22.157,16.60119,16.60443,0.00,0.00
2011.09.28 07:42:22.277,16.60103,16.60449,0.00,0.00
2011.09.28 07:42:23.421,16.60065,16.60399,0.00,0.00
2011.09.28 07:42:24.515,16.59872,16.60512,0.00,0.00
2011.09.28 07:42:24.633,16.60006,16.60402,0.00,0.00
2011.09.28 07:42:25.174,16.60017,16.60401,0.00,0.00
2011.09.28 07:42:25.536,16.6005,16.60398,0.00,0.00
2011.09.28 07:42:26.039,16.60047,16.60444,0.00,0.00
2011.09.28 07:42:27.896,16.60097,16.60445,0.00,0.00
2011.09.28 07:42:29.305,16.60135,16.60531,0.00,0.00
2011.09.28 07:42:29.979,16.60094,16.6065,0.00,0.00
2011.09.28 07:42:30.094,16.60177,16.60505,0.00,0.00
2011.09.28 07:42:30.966,16.60174,16.6052,0.00,0.00
2011.09.28 07:42:31.854,16.6011,16.60658,0.00,0.00
2011.09.28 07:42:32.073,16.60121,16.60719,0.00,0.00
2011.09.28 07:42:32.187,16.60187,16.60755,0.00,0.00
2011.09.28 07:42:32.797,16.60304,16.6076,0.00,0.00
2011.09.28 07:42:33.356,16.60371,16.60777,0.00,0.00
2011.09.28 07:42:33.695,16.60435,16.60791,0.00,0.00
2011.09.28 07:42:34.096,16.60514,16.60848,0.00,0.00
2011.09.28 07:42:35.011,16.60418,16.61058,0.00,0.00
2011.09.28 07:42:35.205,16.60612,16.60918,0.00,0.00
2011.09.28 07:42:35.315,16.60507,16.61147,0.00,0.00
2011.09.28 07:42:35.545,16.60628,16.61134,0.00,0.00
2011.09.28 07:42:36.258,16.60721,16.61177,0.00,0.00
2011.09.28 07:42:36.901,16.60756,16.61202,0.00,0.00
2011.09.28 07:42:37.928,16.60726,16.61132,0.00,0.00
2011.09.28 07:42:38.154,16.60618,16.61164,0.00,0.00
2011.09.28 07:42:38.808,16.60645,16.61141,0.00,0.00
2011.09.28 07:42:39.802,16.60712,16.6111,0.00,0.00
2011.09.28 07:42:40.326,16.60699,16.61113,0.00,0.00
2011.09.28 07:42:41.287,16.60659,16.61055,0.00,0.00
2011.09.28 07:42:42.304,16.60504,16.61144,0.00,0.00
2011.09.28 07:42:42.705,16.60684,16.6103,0.00,0.00
2011.09.28 07:42:44.918,16.60686,16.61133,0.00,0.00
2011.09.28 07:42:46.166,16.60724,16.6126,0.00,0.00
2011.09.28 07:42:46.395,16.60749,16.61367,0.00,0.00
2011.09.28 07:42:46.516,16.60868,16.61364,0.00,0.00
2011.09.28 07:42:48.056,16.60865,16.61461,0.00,0.00
2011.09.28 07:42:48.176,16.60882,16.61522,0.00,0.00
2011.09.28 07:42:49.568,16.60917,16.61557,0.00,0.00
2011.09.28 07:42:49.905,16.60952,16.6157,0.00,0.00
2011.09.28 07:42:50.368,16.60981,16.61587,0.00,0.00
2011.09.28 07:42:52.276,16.6103,16.61586,0.00,0.00
2011.09.28 07:42:52.588,16.61077,16.61583,0.00,0.00
2011.09.28 07:42:52.984,16.61113,16.61569,0.00,0.00
2011.09.28 07:42:54.030,16.61093,16.61599,0.00,0.00
2011.09.28 07:42:56.070,16.6113,16.61592,0.00,0.00
2011.09.28 07:42:56.560,16.61175,16.61588,0.00,0.00
2011.09.28 07:42:57.445,16.61226,16.61588,0.00,0.00
2011.09.28 07:42:57.611,16.61238,16.61651,0.00,0.00
2011.09.28 07:42:57.835,16.61205,16.61752,0.00,0.00
2011.09.28 07:42:57.946,16.61238,16.61734,0.00,0.00
2011.09.28 07:42:58.064,16.61159,16.61799,0.00,0.00
2011.09.28 07:42:59.125,16.61154,16.61794,0.00,0.00
2011.09.28 07:43:01.587,16.6114,16.6178,0.00,0.00
2011.09.28 07:43:02.234,16.61231,16.61679,0.00,0.00
2011.09.28 07:43:02.565,16.61289,16.61635,0.00,0.00
2011.09.28 07:43:02.866,16.61239,16.61687,0.00,0.00
2011.09.28 07:43:03.858,16.61274,16.61622,0.00,0.00
2011.09.28 07:43:03.976,16.61245,16.61641,0.00,0.00
2011.09.28 07:43:05.827,16.61233,16.61681,0.00,0.00
2011.09.28 07:43:06.589,16.61191,16.61735,0.00,0.00
2011.09.28 07:43:06.816,16.6122,16.61668,0.00,0.00
2011.09.28 07:43:07.376,16.61212,16.61609,0.00,0.00
2011.09.28 07:43:07.892,16.61176,16.61524,0.00,0.00
2011.09.28 07:43:08.628,16.60993,16.61633,0.00,0.00
2011.09.28 07:43:09.096,16.61136,16.61533,0.00,0.00
2011.09.28 07:43:09.626,16.61159,16.61507,0.00,0.00
2011.09.28 07:43:09.737,16.61114,16.6151,0.00,0.00
2011.09.28 07:43:10.244,16.61096,16.61444,0.00,0.00
2011.09.28 07:43:10.465,16.60984,16.61432,0.00,0.00
2011.09.28 07:43:10.997,16.60945,16.61341,0.00,0.00
2011.09.28 07:43:11.336,16.60907,16.61303,0.00,0.00
2011.09.28 07:43:12.240,16.60824,16.6142,0.00,0.00
2011.09.28 07:43:12.815,16.60828,16.61468,0.00,0.00
2011.09.28 07:43:13.035,16.60875,16.61473,0.00,0.00
2011.09.28 07:43:13.291,16.60899,16.61539,0.00,0.00
2011.09.28 07:43:13.410,16.61084,16.6156,0.00,0.00
2011.09.28 07:43:13.526,16.61187,16.61705,0.00,0.00
2011.09.28 07:43:14.096,16.61194,16.61812,0.00,0.00
2011.09.28 07:43:14.325,16.61201,16.61841,0.00,0.00
2011.09.28 07:43:14.655,16.61224,16.61864,0.00,0.00
2011.09.28 07:43:14.986,16.61262,16.6188,0.00,0.00
2011.09.28 07:43:15.106,16.6127,16.6191,0.00,0.00
2011.09.28 07:43:16.448,16.61229,16.61869,0.00,0.00
2011.09.28 07:43:16.786,16.61252,16.61648,0.00,0.00
2011.09.28 07:43:16.906,16.61106,16.61653,0.00,0.00
2011.09.28 07:43:17.244,16.61104,16.616,0.00,0.00
2011.09.28 07:43:17.610,16.61132,16.6158,0.00,0.00
2011.09.28 07:43:19.027,16.61123,16.61619,0.00,0.00
2011.09.28 07:43:21.138,16.61158,16.61606,0.00,0.00
2011.09.28 07:43:21.359,16.61141,16.61637,0.00,0.00
2011.09.28 07:43:21.475,16.6109,16.61688,0.00,0.00
2011.09.28 07:43:22.157,16.61117,16.61613,0.00,0.00
2011.09.28 07:43:22.586,16.61153,16.61507,0.00,0.00
2011.09.28 07:43:22.906,16.60972,16.61612,0.00,0.00
2011.09.28 07:43:23.027,16.60932,16.61572,0.00,0.00
2011.09.28 07:43:23.257,16.60892,16.61532,0.00,0.00
2011.09.28 07:43:23.380,16.60852,16.61492,0.00,0.00
2011.09.28 07:43:23.607,16.6091,16.61356,0.00,0.00
2011.09.28 07:43:25.416,16.60891,16.61295,0.00,0.00
2011.09.28 07:43:25.746,16.60734,16.61372,0.00,0.00
2011.09.28 07:43:25.863,16.60856,16.6117,0.00,0.00
2011.09.28 07:43:25.973,16.60667,16.6128,0.00,0.00
2011.09.28 07:43:26.083,16.60565,16.61303,0.00,0.00
2011.09.28 07:43:26.463,16.60525,16.61265,0.00,0.00
2011.09.28 07:43:27.265,16.60535,16.61175,0.00,0.00
2011.09.28 07:43:28.201,16.60548,16.61082,0.00,0.00
2011.09.28 07:43:28.495,16.60501,16.61049,0.00,0.00
2011.09.28 07:43:29.084,16.60479,16.60993,0.00,0.00
2011.09.28 07:43:29.418,16.60523,16.6087,0.00,0.00
2011.09.28 07:43:30.021,16.60465,16.60849,0.00,0.00
2011.09.28 07:43:30.139,16.60247,16.60987,0.00,0.00
2011.09.28 07:43:30.308,16.60258,16.60898,0.00,0.00
2011.09.28 07:43:31.221,16.6024,16.60836,0.00,0.00
2011.09.28 07:43:31.976,16.60179,16.60819,0.00,0.00
2011.09.28 07:43:32.314,16.60162,16.60758,0.00,0.00
2011.09.28 07:43:32.658,16.60147,16.60693,0.00,0.00
2011.09.28 07:43:33.694,16.60108,16.60652,0.00,0.00
2011.09.28 07:43:34.137,16.60042,16.60639,0.00,0.00
2011.09.28 07:43:34.652,16.60127,16.60474,0.00,0.00
2011.09.28 07:43:34.874,16.59926,16.60566,0.00,0.00
2011.09.28 07:43:35.315,16.59827,16.60467,0.00,0.00
2011.09.28 07:43:36.847,16.59732,16.60372,0.00,0.00
2011.09.28 07:43:37.228,16.5973,16.6037,0.00,0.00
2011.09.28 07:43:37.567,16.59763,16.60403,0.00,0.00
2011.09.28 07:43:40.743,16.59812,16.60408,0.00,0.00
2011.09.28 07:43:40.857,16.59835,16.60475,0.00,0.00
2011.09.28 07:43:41.866,16.59898,16.60538,0.00,0.00
2011.09.28 07:43:42.214,16.60031,16.60455,0.00,0.00
2011.09.28 07:43:42.581,16.59958,16.60525,0.00,0.00
2011.09.28 07:43:42.683,16.59775,16.60637,0.00,0.00
2011.09.28 07:43:42.791,16.59889,16.60385,0.00,0.00
2011.09.28 07:43:42.900,16.59853,16.60399,0.00,0.00
2011.09.28 07:43:43.514,16.59865,16.60463,0.00,0.00
2011.09.28 07:43:43.935,16.59894,16.60534,0.00,0.00
2011.09.28 07:43:44.152,16.59916,16.60534,0.00,0.00
2011.09.28 07:43:44.484,16.59938,16.60466,0.00,0.00
2011.09.28 07:43:44.595,16.59874,16.60472,0.00,0.00
2011.09.28 07:43:44.704,16.59914,16.6041,0.00,0.00
2011.09.28 07:43:44.818,16.59836,16.60476,0.00,0.00
2011.09.28 07:43:45.865,16.59899,16.60367,0.00,0.00
2011.09.28 07:43:46.195,16.59863,16.60359,0.00,0.00
2011.09.28 07:43:46.400,16.59837,16.60301,0.00,0.00
2011.09.28 07:43:46.625,16.59785,16.60282,0.00,0.00
2011.09.28 07:43:46.844,16.59779,16.60297,0.00,0.00
2011.09.28 07:43:46.954,16.5979,16.60334,0.00,0.00
2011.09.28 07:43:47.067,16.59862,16.60328,0.00,0.00
2011.09.28 07:43:47.186,16.59757,16.60397,0.00,0.00
2011.09.28 07:43:47.645,16.59821,16.60217,0.00,0.00
2011.09.28 07:43:48.886,16.59657,16.60301,0.00,0.00
2011.09.28 07:43:48.994,16.59687,16.60083,0.00,0.00
2011.09.28 07:43:53.209,16.59487,16.60063,0.00,0.00
2011.09.28 07:43:53.329,16.59472,16.59869,0.00,0.00
2011.09.28 07:43:53.445,16.59335,16.59783,0.00,0.00
2011.09.28 07:43:53.793,16.59272,16.5967,0.00,0.00
2011.09.28 07:43:54.345,16.59095,16.59735,0.00,0.00
2011.09.28 07:43:54.456,16.59253,16.59599,0.00,0.00
2011.09.28 07:43:54.685,16.59201,16.59647,0.00,0.00
2011.09.28 07:43:55.717,16.59235,16.59583,0.00,0.00
2011.09.28 07:43:55.836,16.5918,16.59576,0.00,0.00
2011.09.28 07:43:56.248,16.59069,16.59616,0.00,0.00
2011.09.28 07:43:57.309,16.59054,16.59651,0.00,0.00
2011.09.28 07:43:57.424,16.59065,16.59705,0.00,0.00
2011.09.28 07:43:59.067,16.5911,16.59708,0.00,0.00
2011.09.28 07:43:59.280,16.59124,16.59764,0.00,0.00
2011.09.28 07:43:59.398,16.59181,16.59777,0.00,0.00
2011.09.28 07:43:59.514,16.59141,16.59781,0.00,0.00
2011.09.28 07:43:59.917,16.59107,16.59747,0.00,0.00
2011.09.28 07:44:00.295,16.59146,16.59694,0.00,0.00
2011.09.28 07:44:01.328,16.59187,16.59685,0.00,0.00
2011.09.28 07:44:03.489,16.59218,16.59686,0.00,0.00
2011.09.28 07:44:03.605,16.59227,16.59723,0.00,0.00
2011.09.28 07:44:03.935,16.59254,16.59828,0.00,0.00
2011.09.28 07:44:04.043,16.5933,16.59975,0.00,0.00
2011.09.28 07:44:04.155,16.59458,16.60098,0.00,0.00
2011.09.28 07:44:04.375,16.59489,16.60185,0.00,0.00
2011.09.28 07:44:04.968,16.59543,16.60189,0.00,0.00
2011.09.28 07:44:05.195,16.59522,16.60262,0.00,0.00
2011.09.28 07:44:05.305,16.59565,16.60281,0.00,0.00
2011.09.28 07:44:05.910,16.59545,16.60385,0.00,0.00
2011.09.28 07:44:06.022,16.59664,16.60304,0.00,0.00
2011.09.28 07:44:06.243,16.59542,16.6039,0.00,0.00
2011.09.28 07:44:06.354,16.59446,16.6045,0.00,0.00
2011.09.28 07:44:06.682,16.59578,16.60318,0.00,0.00
2011.09.28 07:44:08.262,16.59603,16.60443,0.00,0.00
2011.09.28 07:44:08.374,16.59917,16.60373,0.00,0.00
2011.09.28 07:44:08.704,16.59842,16.60582,0.00,0.00
2011.09.28 07:44:08.813,16.59852,16.60492,0.00,0.00
2011.09.28 07:44:09.965,16.59759,16.60399,0.00,0.00
2011.09.28 07:44:10.296,16.59618,16.60358,0.00,0.00
2011.09.28 07:44:10.415,16.59569,16.60209,0.00,0.00
2011.09.28 07:44:10.800,16.59489,16.60107,0.00,0.00
2011.09.28 07:44:10.915,16.59391,16.60031,0.00,0.00
2011.09.28 07:44:11.135,16.59431,16.59777,0.00,0.00
2011.09.28 07:44:11.468,16.59292,16.5974,0.00,0.00
2011.09.28 07:44:11.585,16.59172,16.59812,0.00,0.00
2011.09.28 07:44:11.804,16.59203,16.59843,0.00,0.00
2011.09.28 07:44:12.456,16.59226,16.59862,0.00,0.00
2011.09.28 07:44:12.676,16.59241,16.59881,0.00,0.00
2011.09.28 07:44:12.936,16.5925,16.5989,0.00,0.00
2011.09.28 07:44:14.027,16.59245,16.59885,0.00,0.00
2011.09.28 07:44:14.654,16.59259,16.59857,0.00,0.00
2011.09.28 07:44:15.355,16.59277,16.59825,0.00,0.00
2011.09.28 07:44:16.282,16.5927,16.59866,0.00,0.00
2011.09.28 07:44:16.677,16.59273,16.59913,0.00,0.00
2011.09.28 07:44:16.795,16.59294,16.59912,0.00,0.00
2011.09.28 07:44:17.371,16.59295,16.59935,0.00,0.00
2011.09.28 07:44:17.487,16.5936,16.59806,0.00,0.00
2011.09.28 07:44:17.716,16.59238,16.59736,0.00,0.00
2011.09.28 07:44:17.838,16.59141,16.59587,0.00,0.00
2011.09.28 07:44:18.179,16.59052,16.59548,0.00,0.00
2011.09.28 07:44:18.849,16.59054,16.59502,0.00,0.00
2011.09.28 07:44:19.974,16.58995,16.59543,0.00,0.00
2011.09.28 07:44:20.086,16.59024,16.59471,0.00,0.00
2011.09.28 07:44:20.237,16.58962,16.5946,0.00,0.00
2011.09.28 07:44:20.967,16.58912,16.5936,0.00,0.00
2011.09.28 07:44:21.304,16.58819,16.59267,0.00,0.00
2011.09.28 07:44:21.525,16.58743,16.59239,0.00,0.00
2011.09.28 07:44:23.415,16.5876,16.59208,0.00,0.00
2011.09.28 07:44:23.636,16.58802,16.59298,0.00,0.00
2011.09.28 07:44:26.326,16.58932,16.59368,0.00,0.00
2011.09.28 07:44:26.449,16.58981,16.59477,0.00,0.00
2011.09.28 07:44:26.710,16.5898,16.5962,0.00,0.00
2011.09.28 07:44:26.997,16.59057,16.59663,0.00,0.00
2011.09.28 07:44:27.116,16.5909,16.5973,0.00,0.00
2011.09.28 07:44:27.784,16.59164,16.5979,0.00,0.00
2011.09.28 07:44:28.007,16.59212,16.59852,0.00,0.00
2011.09.28 07:44:28.602,16.59209,16.59849,0.00,0.00
2011.09.28 07:44:29.884,16.59181,16.59821,0.00,0.00
2011.09.28 07:44:31.415,16.59107,16.59821,0.00,0.00
2011.09.28 07:44:31.524,16.59064,16.59804,0.00,0.00
2011.09.28 07:44:31.857,16.59092,16.5981,0.00,0.00
2011.09.28 07:44:32.197,16.59186,16.59826,0.00,0.00
2011.09.28 07:44:33.835,16.59253,16.59893,0.00,0.00
2011.09.28 07:44:35.234,16.59279,16.59877,0.00,0.00
2011.09.28 07:44:35.346,16.59192,16.59828,0.00,0.00
2011.09.28 07:44:35.464,16.59174,16.59814,0.00,0.00
2011.09.28 07:44:36.394,16.5921,16.5985,0.00,0.00
2011.09.28 07:44:36.745,16.59266,16.59906,0.00,0.00
2011.09.28 07:44:37.075,16.59465,16.59831,0.00,0.00
2011.09.28 07:44:37.193,16.595,16.59998,0.00,0.00
2011.09.28 07:44:37.435,16.59687,16.60083,0.00,0.00
2011.09.28 07:44:37.967,16.59703,16.60343,0.00,0.00
2011.09.28 07:44:38.084,16.59849,16.60447,0.00,0.00
2011.09.28 07:44:38.305,16.59856,16.60496,0.00,0.00
2011.09.28 07:44:38.715,16.59818,16.60458,0.00,0.00
2011.09.28 07:44:41.005,16.59793,16.60429,0.00,0.00
2011.09.28 07:44:41.116,16.59773,16.60413,0.00,0.00
2011.09.28 07:44:43.624,16.59702,16.60342,0.00,0.00
2011.09.28 07:44:44.559,16.5958,16.6022,0.00,0.00
2011.09.28 07:44:44.904,16.59465,16.60105,0.00,0.00
2011.09.28 07:44:45.828,16.59433,16.60031,0.00,0.00
2011.09.28 07:44:47.126,16.59426,16.59973,0.00,0.00
2011.09.28 07:44:47.568,16.5937,16.59968,0.00,0.00
2011.09.28 07:44:48.134,16.59361,16.59907,0.00,0.00
2011.09.28 07:44:48.465,16.59351,16.59847,0.00,0.00
2011.09.28 07:44:50.495,16.59301,16.59849,0.00,0.00
2011.09.28 07:44:55.796,16.59324,16.59748,0.00,0.00
2011.09.28 07:44:56.136,16.59298,16.59694,0.00,0.00
2011.09.28 07:44:56.254,16.59207,16.59705,0.00,0.00
2011.09.28 07:44:57.549,16.59218,16.59615,0.00,0.00
2011.09.28 07:44:57.775,16.59128,16.59626,0.00,0.00
2011.09.28 07:44:58.526,16.58945,16.59732,0.00,0.00
2011.09.28 07:44:58.920,16.58919,16.59677,0.00,0.00
2011.09.28 07:44:59.339,16.59006,16.59512,0.00,0.00
2011.09.28 07:44:59.456,16.5895,16.59488,0.00,0.00
2011.09.28 07:44:59.840,16.58905,16.59452,0.00,0.00
2011.09.28 07:44:59.960,16.5884,16.59437,0.00,0.00
2011.09.28 07:45:00.076,16.58825,16.59372,0.00,0.00
2011.09.28 07:45:00.414,16.58811,16.59307,0.00,0.00
2011.09.28 07:45:02.403,16.58745,16.59293,0.00,0.00
2011.09.28 07:45:02.516,16.58782,16.59178,0.00,0.00
2011.09.28 07:45:02.980,16.58691,16.59189,0.00,0.00
2011.09.28 07:45:04.097,16.58607,16.59163,0.00,0.00
2011.09.28 07:45:05.329,16.5848,16.59087,0.00,0.00
2011.09.28 07:45:05.445,16.58379,16.58946,0.00,0.00
2011.09.28 07:45:06.453,16.58307,16.58843,0.00,0.00
2011.09.28 07:45:08.587,16.5828,16.58698,0.00,0.00
2011.09.28 07:45:08.705,16.5818,16.58676,0.00,0.00
2011.09.28 07:45:09.694,16.58169,16.58565,0.00,0.00
2011.09.28 07:45:10.028,16.58056,16.58502,0.00,0.00
2011.09.28 07:45:10.149,16.57888,16.58492,0.00,0.00
2011.09.28 07:45:10.416,16.57856,16.58452,0.00,0.00
2011.09.28 07:45:10.535,16.57823,16.58463,0.00,0.00
2011.09.28 07:45:11.207,16.5784,16.58438,0.00,0.00
2011.09.28 07:45:12.056,16.5788,16.58427,0.00,0.00
2011.09.28 07:45:13.119,16.57922,16.58418,0.00,0.00
2011.09.28 07:45:13.236,16.57904,16.58451,0.00,0.00
2011.09.28 07:45:13.427,16.57915,16.58413,0.00,0.00
2011.09.28 07:45:14.135,16.57924,16.5837,0.00,0.00
2011.09.28 07:45:14.887,16.57902,16.58398,0.00,0.00
2011.09.28 07:45:15.116,16.57914,16.5846,0.00,0.00
2011.09.28 07:45:15.237,16.57883,16.58523,0.00,0.00
2011.09.28 07:45:15.355,16.57889,16.58437,0.00,0.00
2011.09.28 07:45:15.903,16.57874,16.5837,0.00,0.00
2011.09.28 07:45:16.129,16.57809,16.58356,0.00,0.00
2011.09.28 07:45:16.247,16.57818,16.58265,0.00,0.00
2011.09.28 07:45:16.590,16.57707,16.58274,0.00,0.00
2011.09.28 07:45:17.139,16.57615,16.58193,0.00,0.00
2011.09.28 07:45:17.364,16.57485,16.58125,0.00,0.00
2011.09.28 07:45:20.415,16.57527,16.58023,0.00,0.00
2011.09.28 07:45:20.923,16.57511,16.58109,0.00,0.00
2011.09.28 07:45:21.430,16.57528,16.58168,0.00,0.00
2011.09.28 07:45:21.545,16.5761,16.58077,0.00,0.00
2011.09.28 07:45:21.657,16.57566,16.58064,0.00,0.00
2011.09.28 07:45:23.169,16.57556,16.58004,0.00,0.00
2011.09.28 07:45:23.508,16.57439,16.58046,0.00,0.00
2011.09.28 07:45:23.845,16.57504,16.579,0.00,0.00
2011.09.28 07:45:24.002,16.57389,16.57936,0.00,0.00
2011.09.28 07:45:25.043,16.57303,16.57943,0.00,0.00
2011.09.28 07:45:25.264,16.57263,16.57903,0.00,0.00
2011.09.28 07:45:25.598,16.57294,16.57792,0.00,0.00
2011.09.28 07:45:25.719,16.5717,16.5781,0.00,0.00
2011.09.28 07:45:25.948,16.57082,16.57722,0.00,0.00
2011.09.28 07:45:26.307,16.57028,16.57668,0.00,0.00
2011.09.28 07:45:26.824,16.57067,16.57707,0.00,0.00
2011.09.28 07:45:27.153,16.57083,16.57723,0.00,0.00
2011.09.28 07:45:27.835,16.56985,16.57722,0.00,0.00
2011.09.28 07:45:28.276,16.56981,16.57499,0.00,0.00
2011.09.28 07:45:28.825,16.56913,16.57359,0.00,0.00
2011.09.28 07:45:29.626,16.56879,16.57375,0.00,0.00
2011.09.28 07:45:31.377,16.56914,16.57521,0.00,0.00
2011.09.28 07:45:31.809,16.57221,16.57521,0.00,0.00
2011.09.28 07:45:31.920,16.5718,16.5782,0.00,0.00
2011.09.28 07:45:33.749,16.57263,16.57903,0.00,0.00
2011.09.28 07:45:34.787,16.57318,16.57958,0.00,0.00
2011.09.28 07:45:35.346,16.57293,16.58033,0.00,0.00
2011.09.28 07:45:36.297,16.57349,16.57989,0.00,0.00
2011.09.28 07:45:40.030,16.574,16.57996,0.00,0.00
2011.09.28 07:45:40.509,16.57427,16.58067,0.00,0.00
2011.09.28 07:45:40.627,16.57476,16.58116,0.00,0.00
2011.09.28 07:45:41.235,16.57562,16.5813,0.00,0.00
2011.09.28 07:45:41.344,16.57541,16.58255,0.00,0.00
2011.09.28 07:45:41.454,16.57547,16.58322,0.00,0.00
2011.09.28 07:45:41.718,16.57608,16.58248,0.00,0.00
2011.09.28 07:45:42.957,16.57562,16.5818,0.00,0.00
2011.09.28 07:45:43.074,16.57458,16.58156,0.00,0.00
2011.09.28 07:45:43.188,16.57371,16.58145,0.00,0.00
2011.09.28 07:45:43.304,16.57416,16.58056,0.00,0.00
2011.09.28 07:45:43.899,16.57402,16.58042,0.00,0.00
2011.09.28 07:45:44.991,16.57429,16.58025,0.00,0.00
2011.09.28 07:45:45.412,16.5743,16.58048,0.00,0.00
2011.09.28 07:45:45.635,16.57486,16.58034,0.00,0.00
2011.09.28 07:45:45.978,16.57562,16.58018,0.00,0.00
2011.09.28 07:45:46.097,16.57508,16.58148,0.00,0.00
2011.09.28 07:45:49.255,16.57715,16.58015,0.00,0.00
2011.09.28 07:45:49.372,16.57702,16.58066,0.00,0.00
2011.09.28 07:45:49.490,16.57691,16.58037,0.00,0.00
2011.09.28 07:45:49.716,16.57414,16.58154,0.00,0.00
2011.09.28 07:45:49.836,16.57381,16.58021,0.00,0.00
2011.09.28 07:45:49.956,16.57451,16.57899,0.00,0.00
2011.09.28 07:45:50.185,16.57362,16.5796,0.00,0.00
2011.09.28 07:45:50.294,16.57277,16.58021,0.00,0.00
2011.09.28 07:45:50.405,16.573,16.57896,0.00,0.00
2011.09.28 07:45:50.735,16.57374,16.5772,0.00,0.00
2011.09.28 07:45:51.045,16.5729,16.57738,0.00,0.00
2011.09.28 07:45:51.158,16.57072,16.57909,0.00,0.00
2011.09.28 07:45:51.278,16.57122,16.57898,0.00,0.00
2011.09.28 07:45:52.269,16.57241,16.57848,0.00,0.00
2011.09.28 07:45:52.531,16.57268,16.57904,0.00,0.00
2011.09.28 07:45:53.259,16.57242,16.58078,0.00,0.00
2011.09.28 07:45:53.726,16.57411,16.58097,0.00,0.00
2011.09.28 07:45:53.838,16.57451,16.58195,0.00,0.00
2011.09.28 07:45:54.067,16.57391,16.58235,0.00,0.00
2011.09.28 07:45:54.185,16.57456,16.58092,0.00,0.00
2011.09.28 07:45:54.300,16.57428,16.58068,0.00,0.00
2011.09.28 07:45:54.420,16.57421,16.58061,0.00,0.00
2011.09.28 07:45:55.949,16.57461,16.57999,0.00,0.00
2011.09.28 07:45:56.065,16.57384,16.58024,0.00,0.00
2011.09.28 07:45:56.397,16.57405,16.58045,0.00,0.00
2011.09.28 07:45:56.518,16.57422,16.58109,0.00,0.00
2011.09.28 07:45:56.998,16.57435,16.58175,0.00,0.00
2011.09.28 07:45:57.115,16.57532,16.58172,0.00,0.00
2011.09.28 07:45:57.444,16.5758,16.58216,0.00,0.00
2011.09.28 07:45:58.077,16.57669,16.58205,0.00,0.00
2011.09.28 07:45:58.195,16.57673,16.58251,0.00,0.00
2011.09.28 07:45:59.425,16.57683,16.58281,0.00,0.00
2011.09.28 07:45:59.537,16.57734,16.58281,0.00,0.00
2011.09.28 07:45:59.656,16.57726,16.58342,0.00,0.00
2011.09.28 07:45:59.948,16.57748,16.58388,0.00,0.00
2011.09.28 07:46:00.065,16.57839,16.58417,0.00,0.00
2011.09.28 07:46:00.285,16.57915,16.58555,0.00,0.00
2011.09.28 07:46:03.207,16.58068,16.58654,0.00,0.00
2011.09.28 07:46:03.326,16.58122,16.5876,0.00,0.00
2011.09.28 07:46:03.775,16.5819,16.58806,0.00,0.00
2011.09.28 07:46:06.556,16.58221,16.58861,0.00,0.00
2011.09.28 07:46:06.665,16.58281,16.58877,0.00,0.00
2011.09.28 07:46:06.777,16.58269,16.58973,0.00,0.00
2011.09.28 07:46:06.895,16.58351,16.58991,0.00,0.00
2011.09.28 07:46:07.224,16.58403,16.59043,0.00,0.00
2011.09.28 07:46:08.336,16.58438,16.59076,0.00,0.00
2011.09.28 07:46:08.557,16.58451,16.59091,0.00,0.00
2011.09.28 07:46:08.672,16.58246,16.59186,0.00,0.00
2011.09.28 07:46:08.783,16.58278,16.58918,0.00,0.00
2011.09.28 07:46:10.785,16.5807,16.5891,0.00,0.00
2011.09.28 07:46:10.896,16.58037,16.58785,0.00,0.00
2011.09.28 07:46:11.225,16.58011,16.58607,0.00,0.00
2011.09.28 07:46:12.796,16.57963,16.58409,0.00,0.00
2011.09.28 07:46:13.299,16.57811,16.58407,0.00,0.00
2011.09.28 07:46:14.478,16.5776,16.58398,0.00,0.00
2011.09.28 07:46:14.596,16.57781,16.58379,0.00,0.00
2011.09.28 07:46:15.168,16.57809,16.58355,0.00,0.00
2011.09.28 07:46:16.015,16.57788,16.58384,0.00,0.00
2011.09.28 07:46:17.989,16.57828,16.58374,0.00,0.00
2011.09.28 07:46:18.437,16.57825,16.58421,0.00,0.00
2011.09.28 07:46:19.985,16.57841,16.58481,0.00,0.00
2011.09.28 07:46:20.890,16.57947,16.58563,0.00,0.00
2011.09.28 07:46:21.225,16.58105,16.58701,0.00,0.00
2011.09.28 07:46:21.338,16.58097,16.58937,0.00,0.00
2011.09.28 07:46:21.457,16.58232,16.58872,0.00,0.00
2011.09.28 07:46:21.566,16.58153,16.58891,0.00,0.00
2011.09.28 07:46:21.677,16.58123,16.58863,0.00,0.00
2011.09.28 07:46:22.505,16.58151,16.58791,0.00,0.00
2011.09.28 07:46:23.341,16.58161,16.58797,0.00,0.00
2011.09.28 07:46:24.451,16.58153,16.58859,0.00,0.00
2011.09.28 07:46:24.835,16.58185,16.58871,0.00,0.00
2011.09.28 07:46:25.658,16.58243,16.58861,0.00,0.00
2011.09.28 07:46:25.775,16.58273,16.58959,0.00,0.00
2011.09.28 07:46:25.997,16.58404,16.58991,0.00,0.00
2011.09.28 07:46:26.117,16.58385,16.59023,0.00,0.00
2011.09.28 07:46:27.356,16.58315,16.58955,0.00,0.00
2011.09.28 07:46:27.467,16.58167,16.58893,0.00,0.00
2011.09.28 07:46:27.576,16.58156,16.58796,0.00,0.00
2011.09.28 07:46:27.687,16.58129,16.58827,0.00,0.00
2011.09.28 07:46:27.795,16.58108,16.58848,0.00,0.00
2011.09.28 07:46:29.318,16.58161,16.58801,0.00,0.00
2011.09.28 07:46:31.115,16.5814,16.5888,0.00,0.00
2011.09.28 07:46:36.783,16.58227,16.58867,0.00,0.00
2011.09.28 07:46:37.118,16.58241,16.58881,0.00,0.00
2011.09.28 07:46:37.565,16.58221,16.58861,0.00,0.00
2011.09.28 07:46:38.821,16.58205,16.58845,0.00,0.00
2011.09.28 07:46:39.328,16.58233,16.58829,0.00,0.00
2011.09.28 07:46:40.219,16.58275,16.58823,0.00,0.00
2011.09.28 07:46:40.774,16.58274,16.5887,0.00,0.00
2011.09.28 07:46:41.167,16.58325,16.58872,0.00,0.00
2011.09.28 07:46:43.206,16.58322,16.58918,0.00,0.00
2011.09.28 07:46:43.315,16.58307,16.58943,0.00,0.00
2011.09.28 07:46:44.059,16.58304,16.58944,0.00,0.00
2011.09.28 07:46:45.068,16.58304,16.58944,0.00,0.00
2011.09.28 07:46:47.682,16.58297,16.58937,0.00,0.00
2011.09.28 07:46:48.375,16.58308,16.58906,0.00,0.00
2011.09.28 07:46:49.077,16.5833,16.58804,0.00,0.00
2011.09.28 07:46:49.306,16.58269,16.58765,0.00,0.00
2011.09.28 07:46:50.956,16.58223,16.58769,0.00,0.00
2011.09.28 07:46:51.566,16.58241,16.58739,0.00,0.00
2011.09.28 07:46:52.547,16.58229,16.58775,0.00,0.00
2011.09.28 07:46:52.766,16.58226,16.58822,0.00,0.00
2011.09.28 07:46:52.876,16.58228,16.58868,0.00,0.00
2011.09.28 07:46:54.273,16.58282,16.58878,0.00,0.00
2011.09.28 07:46:54.932,16.58362,16.58909,0.00,0.00
2011.09.28 07:46:55.157,16.58365,16.59005,0.00,0.00
2011.09.28 07:46:55.868,16.58362,16.59002,0.00,0.00
2011.09.28 07:46:56.209,16.58355,16.58953,0.00,0.00
2011.09.28 07:46:56.559,16.58345,16.58892,0.00,0.00
2011.09.28 07:46:56.951,16.58282,16.5888,0.00,0.00
2011.09.28 07:46:57.073,16.58365,16.58711,0.00,0.00
2011.09.28 07:46:57.189,16.58175,16.58802,0.00,0.00
2011.09.28 07:46:57.907,16.58151,16.58791,0.00,0.00
2011.09.28 07:46:58.138,16.58292,16.58758,0.00,0.00
2011.09.28 07:46:58.259,16.58305,16.58901,0.00,0.00
2011.09.28 07:46:58.489,16.58356,16.59012,0.00,0.00
2011.09.28 07:46:58.952,16.5838,16.59148,0.00,0.00
2011.09.28 07:46:59.066,16.58475,16.59115,0.00,0.00
2011.09.28 07:47:00.659,16.58452,16.59092,0.00,0.00
2011.09.28 07:47:01.209,16.58421,16.59061,0.00,0.00
2011.09.28 07:47:02.429,16.58403,16.59043,0.00,0.00
2011.09.28 07:47:03.023,16.58428,16.58946,0.00,0.00
2011.09.28 07:47:03.244,16.58375,16.58922,0.00,0.00
2011.09.28 07:47:03.487,16.58386,16.58833,0.00,0.00
2011.09.28 07:47:03.987,16.58123,16.59017,0.00,0.00
2011.09.28 07:47:04.108,16.58211,16.58851,0.00,0.00
2011.09.28 07:47:04.449,16.58171,16.58811,0.00,0.00
2011.09.28 07:47:05.042,16.58104,16.588,0.00,0.00
2011.09.28 07:47:05.161,16.5805,16.58776,0.00,0.00
2011.09.28 07:47:05.277,16.58023,16.58721,0.00,0.00
2011.09.28 07:47:10.266,16.57963,16.58703,0.00,0.00
2011.09.28 07:47:10.376,16.58019,16.58566,0.00,0.00
2011.09.28 07:47:10.849,16.58005,16.58502,0.00,0.00
2011.09.28 07:47:12.359,16.5799,16.58437,0.00,0.00
2011.09.28 07:47:12.697,16.57925,16.58421,0.00,0.00
2011.09.28 07:47:13.829,16.5786,16.58407,0.00,0.00
2011.09.28 07:47:14.271,16.57845,16.58343,0.00,0.00
2011.09.28 07:47:14.597,16.57734,16.58374,0.00,0.00
2011.09.28 07:47:14.707,16.57765,16.58263,0.00,0.00
2011.09.28 07:47:15.322,16.57776,16.58173,0.00,0.00
2011.09.28 07:47:15.657,16.5763,16.58237,0.00,0.00
2011.09.28 07:47:16.107,16.57586,16.58202,0.00,0.00
2011.09.28 07:47:17.048,16.57706,16.58006,0.00,0.00
2011.09.28 07:47:17.268,16.57644,16.5799,0.00,0.00
2011.09.28 07:47:17.525,16.57528,16.58026,0.00,0.00
2011.09.28 07:47:17.679,16.57464,16.5801,0.00,0.00
2011.09.28 07:47:20.249,16.57448,16.57946,0.00,0.00
2011.09.28 07:47:20.572,16.57384,16.57931,0.00,0.00
2011.09.28 07:47:23.822,16.57319,16.57916,0.00,0.00
2011.09.28 07:47:24.374,16.57304,16.57851,0.00,0.00
2011.09.28 07:47:26.449,16.57225,16.57821,0.00,0.00
2011.09.28 07:47:26.565,16.57146,16.57694,0.00,0.00
2011.09.28 07:47:27.948,16.57062,16.57558,0.00,0.00
2011.09.28 07:47:30.918,16.57049,16.57497,0.00,0.00
2011.09.28 07:47:31.531,16.57007,16.57505,0.00,0.00
2011.09.28 07:47:31.646,16.5701,16.57506,0.00,0.00
2011.09.28 07:47:32.768,16.57006,16.57602,0.00,0.00
2011.09.28 07:47:32.996,16.57202,16.5762,0.00,0.00
2011.09.28 07:47:33.215,16.57244,16.57884,0.00,0.00
2011.09.28 07:47:34.297,16.57445,16.57981,0.00,0.00
2011.09.28 07:47:34.528,16.57498,16.58138,0.00,0.00
2011.09.28 07:47:35.538,16.57566,16.58206,0.00,0.00
2011.09.28 07:47:39.897,16.57649,16.58197,0.00,0.00
2011.09.28 07:47:40.126,16.57609,16.58207,0.00,0.00
2011.09.28 07:47:43.438,16.5752,16.58198,0.00,0.00
2011.09.28 07:47:43.557,16.57529,16.58155,0.00,0.00
2011.09.28 07:47:43.938,16.57538,16.58178,0.00,0.00
2011.09.28 07:47:45.197,16.57559,16.58199,0.00,0.00
2011.09.28 07:47:45.528,16.57603,16.58243,0.00,0.00
2011.09.28 07:47:46.158,16.57688,16.58294,0.00,0.00
2011.09.28 07:47:46.742,16.57694,16.58334,0.00,0.00
2011.09.28 07:47:47.263,16.57682,16.58278,0.00,0.00
2011.09.28 07:47:47.383,16.57595,16.58235,0.00,0.00
2011.09.28 07:47:47.497,16.57593,16.58139,0.00,0.00
2011.09.28 07:47:47.837,16.57597,16.58093,0.00,0.00
2011.09.28 07:47:47.956,16.57557,16.58111,0.00,0.00
2011.09.28 07:47:48.069,16.57504,16.5814,0.00,0.00
2011.09.28 07:47:49.055,16.57644,16.57944,0.00,0.00
2011.09.28 07:47:49.320,16.57395,16.58035,0.00,0.00
2011.09.28 07:47:49.589,16.57302,16.57942,0.00,0.00
2011.09.28 07:47:52.401,16.57283,16.57881,0.00,0.00
2011.09.28 07:47:53.055,16.57294,16.57841,0.00,0.00
2011.09.28 07:47:53.580,16.57331,16.57827,0.00,0.00
2011.09.28 07:47:55.395,16.57326,16.57872,0.00,0.00
2011.09.28 07:47:55.507,16.57324,16.5792,0.00,0.00
2011.09.28 07:47:56.988,16.5737,16.57918,0.00,0.00
2011.09.28 07:47:59.919,16.57404,16.579,0.00,0.00
2011.09.28 07:48:01.286,16.57415,16.57861,0.00,0.00
2011.09.28 07:48:01.616,16.57416,16.57812,0.00,0.00
2011.09.28 07:48:02.388,16.5735,16.57846,0.00,0.00
2011.09.28 07:48:04.437,16.57329,16.57875,0.00,0.00
2011.09.28 07:48:07.008,16.57367,16.57863,0.00,0.00
2011.09.28 07:48:08.236,16.57416,16.57863,0.00,0.00
2011.09.28 07:48:08.766,16.57308,16.57948,0.00,0.00
2011.09.28 07:48:08.875,16.573,16.57798,0.00,0.00
2011.09.28 07:48:09.463,16.57289,16.57685,0.00,0.00
2011.09.28 07:48:09.796,16.57214,16.57712,0.00,0.00
2011.09.28 07:48:10.659,16.57174,16.57772,0.00,0.00
2011.09.28 07:48:12.908,16.5722,16.57768,0.00,0.00
2011.09.28 07:48:13.815,16.5727,16.57866,0.00,0.00
2011.09.28 07:48:13.925,16.57544,16.57862,0.00,0.00
2011.09.28 07:48:14.037,16.57496,16.58092,0.00,0.00
2011.09.28 07:48:14.445,16.57479,16.58075,0.00,0.00
2011.09.28 07:48:14.559,16.57396,16.58036,0.00,0.00
2011.09.28 07:48:17.005,16.5741,16.58008,0.00,0.00
2011.09.28 07:48:17.841,16.57422,16.58038,0.00,0.00
2011.09.28 07:48:18.177,16.57428,16.58068,0.00,0.00
2011.09.28 07:48:18.724,16.57459,16.58065,0.00,0.00
2011.09.28 07:48:19.906,16.57472,16.58059,0.00,0.00
2011.09.28 07:48:20.009,16.57454,16.5807,0.00,0.00
2011.09.28 07:48:20.389,16.57446,16.58086,0.00,0.00
2011.09.28 07:48:20.726,16.57496,16.58094,0.00,0.00
2011.09.28 07:48:20.835,16.57517,16.58157,0.00,0.00
2011.09.28 07:48:25.520,16.57575,16.58171,0.00,0.00
2011.09.28 07:48:25.949,16.57649,16.58196,0.00,0.00
2011.09.28 07:48:26.315,16.57658,16.58298,0.00,0.00
2011.09.28 07:48:30.892,16.57716,16.58312,0.00,0.00
2011.09.28 07:48:32.350,16.57763,16.5831,0.00,0.00
2011.09.28 07:48:33.417,16.57721,16.58319,0.00,0.00
2011.09.28 07:48:33.536,16.57763,16.58161,0.00,0.00
2011.09.28 07:48:34.186,16.57617,16.58204,0.00,0.00
2011.09.28 07:48:34.519,16.57594,16.5819,0.00,0.00
2011.09.28 07:48:38.175,16.5761,16.58157,0.00,0.00
2011.09.28 07:48:39.224,16.57619,16.58117,0.00,0.00
2011.09.28 07:48:39.445,16.57589,16.58135,0.00,0.00
2011.09.28 07:48:39.737,16.57621,16.58137,0.00,0.00
2011.09.28 07:48:39.855,16.57651,16.58218,0.00,0.00
2011.09.28 07:48:39.966,16.57668,16.58308,0.00,0.00
2011.09.28 07:48:40.363,16.57829,16.58127,0.00,0.00
2011.09.28 07:48:40.474,16.57647,16.58143,0.00,0.00
2011.09.28 07:48:40.585,16.5732,16.58182,0.00,0.00
2011.09.28 07:48:40.803,16.57374,16.5787,0.00,0.00
2011.09.28 07:48:41.023,16.57243,16.57839,0.00,0.00
2011.09.28 07:48:41.136,16.57235,16.57731,0.00,0.00
2011.09.28 07:48:41.677,16.57209,16.57657,0.00,0.00
2011.09.28 07:48:42.006,16.57183,16.57579,0.00,0.00
2011.09.28 07:48:42.115,16.57104,16.57602,0.00,0.00
2011.09.28 07:48:42.556,16.57085,16.57631,0.00,0.00
2011.09.28 07:48:42.667,16.57084,16.57682,0.00,0.00
2011.09.28 07:48:43.489,16.57112,16.57718,0.00,0.00
2011.09.28 07:48:43.606,16.57122,16.57762,0.00,0.00
2011.09.28 07:48:43.717,16.57158,16.57764,0.00,0.00
2011.09.28 07:48:44.587,16.57182,16.57768,0.00,0.00
2011.09.28 07:48:45.109,16.57201,16.57768,0.00,0.00
2011.09.28 07:48:46.930,16.57204,16.57752,0.00,0.00
2011.09.28 07:48:47.528,16.57142,16.57709,0.00,0.00
2011.09.28 07:48:47.643,16.57082,16.576,0.00,0.00
2011.09.28 07:48:47.753,16.56982,16.57578,0.00,0.00
2011.09.28 07:48:47.863,16.56984,16.57482,0.00,0.00
2011.09.28 07:48:51.112,16.56993,16.57441,0.00,0.00
2011.09.28 07:48:51.226,16.57013,16.57511,0.00,0.00
2011.09.28 07:48:51.334,16.57026,16.57666,0.00,0.00
2011.09.28 07:48:55.007,16.57121,16.57639,0.00,0.00
2011.09.28 07:48:55.126,16.57049,16.57689,0.00,0.00
2011.09.28 07:48:55.236,16.571,16.57576,0.00,0.00
2011.09.28 07:48:55.459,16.57044,16.57591,0.00,0.00
2011.09.28 07:48:56.146,16.57055,16.57551,0.00,0.00
2011.09.28 07:48:56.263,16.56989,16.57585,0.00,0.00
2011.09.28 07:48:56.567,16.56995,16.57582,0.00,0.00
2011.09.28 07:48:57.909,16.5703,16.57576,0.00,0.00
2011.09.28 07:49:00.343,16.57086,16.57582,0.00,0.00
2011.09.28 07:49:01.117,16.57081,16.57677,0.00,0.00
2011.09.28 07:49:01.238,16.5714,16.57708,0.00,0.00
2011.09.28 07:49:01.356,16.57154,16.57772,0.00,0.00
2011.09.28 07:49:01.467,16.57218,16.57736,0.00,0.00
2011.09.28 07:49:01.797,16.57208,16.57656,0.00,0.00
2011.09.28 07:49:02.027,16.57111,16.57607,0.00,0.00
2011.09.28 07:49:02.595,16.57036,16.57583,0.00,0.00
2011.09.28 07:49:02.790,16.57031,16.57527,0.00,0.00
2011.09.28 07:49:02.906,16.5699,16.57536,0.00,0.00
2011.09.28 07:49:03.971,16.57005,16.57501,0.00,0.00
2011.09.28 07:49:04.308,16.56995,16.57491,0.00,0.00
2011.09.28 07:49:04.542,16.56981,16.57527,0.00,0.00
2011.09.28 07:49:05.035,16.56974,16.57572,0.00,0.00
2011.09.28 07:49:06.410,16.5702,16.57568,0.00,0.00
2011.09.28 07:49:06.975,16.57008,16.57606,0.00,0.00
2011.09.28 07:49:07.355,16.57008,16.57648,0.00,0.00
2011.09.28 07:49:07.799,16.57071,16.57711,0.00,0.00
2011.09.28 07:49:08.247,16.57245,16.57713,0.00,0.00
2011.09.28 07:49:08.815,16.57243,16.57849,0.00,0.00
2011.09.28 07:49:08.923,16.57247,16.57887,0.00,0.00
2011.09.28 07:49:09.258,16.5727,16.5791,0.00,0.00
2011.09.28 07:49:09.658,16.57352,16.57992,0.00,0.00
2011.09.28 07:49:09.998,16.57587,16.57935,0.00,0.00
2011.09.28 07:49:10.377,16.57504,16.5805,0.00,0.00
2011.09.28 07:49:10.607,16.57473,16.58021,0.00,0.00
2011.09.28 07:49:11.206,16.57364,16.57962,0.00,0.00
2011.09.28 07:49:11.423,16.57288,16.57836,0.00,0.00
2011.09.28 07:49:13.421,16.57234,16.57728,0.00,0.00
2011.09.28 07:49:13.756,16.57147,16.57643,0.00,0.00
2011.09.28 07:49:13.979,16.57039,16.57679,0.00,0.00
2011.09.28 07:49:14.994,16.57074,16.57714,0.00,0.00
2011.09.28 07:49:15.436,16.5715,16.57806,0.00,0.00
2011.09.28 07:49:15.546,16.57375,16.57781,0.00,0.00
2011.09.28 07:49:15.661,16.57331,16.57971,0.00,0.00
2011.09.28 07:49:15.777,16.57383,16.57989,0.00,0.00
2011.09.28 07:49:16.145,16.57413,16.58,0.00,0.00
2011.09.28 07:49:20.738,16.57408,16.58024,0.00,0.00
2011.09.28 07:49:20.957,16.57425,16.58021,0.00,0.00
2011.09.28 07:49:22.394,16.57436,16.57982,0.00,0.00
2011.09.28 07:49:22.795,16.57471,16.57867,0.00,0.00
2011.09.28 07:49:22.907,16.57383,16.5788,0.00,0.00
2011.09.28 07:49:23.028,16.57273,16.57913,0.00,0.00
2011.09.28 07:49:23.767,16.57231,16.57871,0.00,0.00
2011.09.28 07:49:24.367,16.57209,16.57849,0.00,0.00
2011.09.28 07:49:25.147,16.57231,16.57827,0.00,0.00
2011.09.28 07:49:27.143,16.57255,16.57803,0.00,0.00
2011.09.28 07:49:27.264,16.57219,16.57817,0.00,0.00
2011.09.28 07:49:27.378,16.57235,16.57782,0.00,0.00
2011.09.28 07:49:27.494,16.57191,16.57789,0.00,0.00
2011.09.28 07:49:27.606,16.57232,16.5768,0.00,0.00
2011.09.28 07:49:28.015,16.5718,16.57678,0.00,0.00
2011.09.28 07:49:34.619,16.57203,16.57649,0.00,0.00
2011.09.28 07:49:34.846,16.57174,16.57721,0.00,0.00
2011.09.28 07:49:35.176,16.57172,16.57768,0.00,0.00
2011.09.28 07:49:35.287,16.57163,16.57799,0.00,0.00
2011.09.28 07:49:35.408,16.57192,16.57779,0.00,0.00
2011.09.28 07:49:35.878,16.57213,16.57789,0.00,0.00
2011.09.28 07:49:36.096,16.57197,16.57837,0.00,0.00
2011.09.28 07:49:37.128,16.57201,16.57828,0.00,0.00
2011.09.28 07:49:37.522,16.57206,16.57804,0.00,0.00
2011.09.28 07:49:37.966,16.57203,16.5779,0.00,0.00
2011.09.28 07:49:38.990,16.57228,16.57776,0.00,0.00
2011.09.28 07:49:39.597,16.57259,16.57755,0.00,0.00
2011.09.28 07:49:40.268,16.57282,16.5773,0.00,0.00
2011.09.28 07:49:40.386,16.57247,16.57744,0.00,0.00
2011.09.28 07:49:40.496,16.57215,16.57713,0.00,0.00
2011.09.28 07:49:40.825,16.57234,16.5763,0.00,0.00
2011.09.28 07:49:41.526,16.57195,16.57643,0.00,0.00
2011.09.28 07:49:41.995,16.57185,16.57683,0.00,0.00
2011.09.28 07:49:47.047,16.57204,16.57751,0.00,0.00
2011.09.28 07:49:47.178,16.57257,16.57804,0.00,0.00
2011.09.28 07:49:47.516,16.5727,16.57868,0.00,0.00
2011.09.28 07:49:47.627,16.57274,16.57914,0.00,0.00
2011.09.28 07:49:50.596,16.57303,16.57899,0.00,0.00
2011.09.28 07:49:51.667,16.57315,16.57861,0.00,0.00
2011.09.28 07:49:51.915,16.57263,16.57861,0.00,0.00
2011.09.28 07:49:53.836,16.57284,16.57782,0.00,0.00
2011.09.28 07:49:53.950,16.57269,16.57787,0.00,0.00
2011.09.28 07:49:54.066,16.57346,16.578,0.00,0.00
2011.09.28 07:49:54.396,16.57314,16.57954,0.00,0.00
2011.09.28 07:49:54.616,16.57339,16.57935,0.00,0.00
2011.09.28 07:49:56.526,16.57304,16.57944,0.00,0.00
2011.09.28 07:49:58.979,16.57322,16.57918,0.00,0.00
2011.09.28 07:49:59.663,16.57367,16.57863,0.00,0.00
2011.09.28 07:50:01.080,16.57336,16.57883,0.00,0.00
2011.09.28 07:50:03.047,16.57362,16.57858,0.00,0.00
2011.09.28 07:50:06.668,16.5734,16.57886,0.00,0.00
2011.09.28 07:50:08.468,16.57383,16.57879,0.00,0.00
2011.09.28 07:50:09.770,16.57345,16.57939,0.00,0.00
2011.09.28 07:50:09.997,16.57344,16.57888,0.00,0.00
2011.09.28 07:50:10.327,16.5737,16.57766,0.00,0.00
2011.09.28 07:50:11.289,16.57251,16.57799,0.00,0.00
2011.09.28 07:50:12.165,16.57245,16.57741,0.00,0.00
2011.09.28 07:50:13.665,16.5722,16.57718,0.00,0.00
2011.09.28 07:50:13.886,16.57187,16.57763,0.00,0.00
2011.09.28 07:50:13.997,16.57343,16.57697,0.00,0.00
2011.09.28 07:50:14.326,16.57303,16.5787,0.00,0.00
2011.09.28 07:50:14.435,16.57322,16.5789,0.00,0.00
2011.09.28 07:50:15.226,16.57278,16.57916,0.00,0.00
2011.09.28 07:50:15.335,16.573,16.57888,0.00,0.00
2011.09.28 07:50:16.902,16.57328,16.57875,0.00,0.00
2011.09.28 07:50:17.288,16.57308,16.57906,0.00,0.00
2011.09.28 07:50:17.405,16.57335,16.57881,0.00,0.00
2011.09.28 07:50:19.199,16.5731,16.57908,0.00,0.00
2011.09.28 07:50:19.426,16.57338,16.57884,0.00,0.00
2011.09.28 07:50:20.819,16.57376,16.57872,0.00,0.00
2011.09.28 07:50:21.170,16.57347,16.57895,0.00,0.00
2011.09.28 07:50:24.285,16.57334,16.5783,0.00,0.00
2011.09.28 07:50:24.618,16.57319,16.57767,0.00,0.00
2011.09.28 07:50:24.955,16.57351,16.57819,0.00,0.00
2011.09.28 07:50:25.069,16.57324,16.58018,0.00,0.00
2011.09.28 07:50:25.188,16.5738,16.5802,0.00,0.00
2011.09.28 07:50:25.526,16.57405,16.57993,0.00,0.00
2011.09.28 07:50:26.387,16.57394,16.5803,0.00,0.00
2011.09.28 07:50:26.496,16.57397,16.58037,0.00,0.00
2011.09.28 07:50:27.596,16.57381,16.58021,0.00,0.00
2011.09.28 07:50:28.295,16.57382,16.57978,0.00,0.00
2011.09.28 07:50:28.780,16.57353,16.579,0.00,0.00
2011.09.28 07:50:29.097,16.57381,16.57681,0.00,0.00
2011.09.28 07:50:29.216,16.57208,16.57704,0.00,0.00
2011.09.28 07:50:29.325,16.57193,16.57639,0.00,0.00
2011.09.28 07:50:29.546,16.57169,16.57615,0.00,0.00
2011.09.28 07:50:32.261,16.57164,16.5756,0.00,0.00
2011.09.28 07:50:32.946,16.57079,16.57577,0.00,0.00
2011.09.28 07:50:33.996,16.57079,16.57525,0.00,0.00
2011.09.28 07:50:34.107,16.57044,16.5754,0.00,0.00
2011.09.28 07:50:36.396,16.5703,16.57578,0.00,0.00
2011.09.28 07:50:40.209,16.57074,16.5757,0.00,0.00
2011.09.28 07:50:41.629,16.57058,16.57605,0.00,0.00
2011.09.28 07:50:42.207,16.5705,16.57618,0.00,0.00
2011.09.28 07:50:42.607,16.57099,16.57617,0.00,0.00
2011.09.28 07:50:43.050,16.57115,16.57702,0.00,0.00
2011.09.28 07:50:43.166,16.57136,16.57776,0.00,0.00
2011.09.28 07:50:43.277,16.5724,16.57758,0.00,0.00
2011.09.28 07:50:43.700,16.57247,16.57815,0.00,0.00
2011.09.28 07:50:44.252,16.57249,16.57867,0.00,0.00
2011.09.28 07:50:44.629,16.57293,16.5788,0.00,0.00
2011.09.28 07:50:44.858,16.57324,16.5792,0.00,0.00
2011.09.28 07:50:44.976,16.57377,16.57925,0.00,0.00
2011.09.28 07:50:45.088,16.57361,16.57967,0.00,0.00
2011.09.28 07:50:45.408,16.5736,16.57966,0.00,0.00
2011.09.28 07:50:46.147,16.57344,16.5798,0.00,0.00
2011.09.28 07:50:46.888,16.57367,16.57973,0.00,0.00
2011.09.28 07:50:47.271,16.57372,16.57978,0.00,0.00
2011.09.28 07:50:47.609,16.57383,16.5797,0.00,0.00
2011.09.28 07:50:48.982,16.57381,16.57979,0.00,0.00
2011.09.28 07:50:49.353,16.57361,16.58001,0.00,0.00
2011.09.28 07:50:50.267,16.57369,16.57987,0.00,0.00
2011.09.28 07:50:51.421,16.57394,16.5799,0.00,0.00
2011.09.28 07:50:51.998,16.57375,16.58015,0.00,0.00
2011.09.28 07:50:52.229,16.57404,16.57951,0.00,0.00
2011.09.28 07:50:52.346,16.57386,16.57984,0.00,0.00
2011.09.28 07:50:52.456,16.57433,16.57951,0.00,0.00
2011.09.28 07:50:52.566,16.57349,16.57989,0.00,0.00
2011.09.28 07:50:52.675,16.57374,16.5787,0.00,0.00
2011.09.28 07:50:54.812,16.5738,16.57776,0.00,0.00
2011.09.28 07:50:55.747,16.5731,16.57808,0.00,0.00
2011.09.28 07:50:57.287,16.57278,16.57876,0.00,0.00
2011.09.28 07:50:57.605,16.57338,16.57925,0.00,0.00
2011.09.28 07:50:57.986,16.57376,16.58016,0.00,0.00
2011.09.28 07:51:00.125,16.57442,16.58038,0.00,0.00
2011.09.28 07:51:00.892,16.5756,16.58028,0.00,0.00
2011.09.28 07:51:01.006,16.57535,16.58131,0.00,0.00
2011.09.28 07:51:01.780,16.57571,16.58117,0.00,0.00
2011.09.28 07:51:02.709,16.57542,16.58178,0.00,0.00
2011.09.28 07:51:02.828,16.57596,16.58212,0.00,0.00
2011.09.28 07:51:02.944,16.5754,16.58394,0.00,0.00
2011.09.28 07:51:03.168,16.57712,16.58352,0.00,0.00
2011.09.28 07:51:05.216,16.57809,16.58449,0.00,0.00
2011.09.28 07:51:05.546,16.57918,16.58514,0.00,0.00
2011.09.28 07:51:05.762,16.57954,16.58572,0.00,0.00
2011.09.28 07:51:05.873,16.57985,16.58625,0.00,0.00
2011.09.28 07:51:05.993,16.5803,16.5867,0.00,0.00
2011.09.28 07:51:06.325,16.58111,16.58629,0.00,0.00
2011.09.28 07:51:06.547,16.58053,16.58671,0.00,0.00
2011.09.28 07:51:06.657,16.58025,16.58665,0.00,0.00
2011.09.28 07:51:06.767,16.57901,16.58703,0.00,0.00
2011.09.28 07:51:06.873,16.57732,16.58696,0.00,0.00
2011.09.28 07:51:06.984,16.57826,16.58424,0.00,0.00
2011.09.28 07:51:07.097,16.57775,16.58415,0.00,0.00
2011.09.28 07:51:08.276,16.57798,16.58438,0.00,0.00
2011.09.28 07:51:09.916,16.57846,16.58486,0.00,0.00
2011.09.28 07:51:10.706,16.57876,16.58516,0.00,0.00
2011.09.28 07:51:11.037,16.5785,16.5849,0.00,0.00
2011.09.28 07:51:11.157,16.57723,16.58527,0.00,0.00
2011.09.28 07:51:11.275,16.57837,16.58435,0.00,0.00
2011.09.28 07:51:11.604,16.57886,16.58526,0.00,0.00
2011.09.28 07:51:13.612,16.57948,16.58566,0.00,0.00
2011.09.28 07:51:13.726,16.5798,16.5862,0.00,0.00
2011.09.28 07:51:13.835,16.58014,16.58654,0.00,0.00
2011.09.28 07:51:14.167,16.58052,16.58688,0.00,0.00
2011.09.28 07:51:14.715,16.5817,16.58718,0.00,0.00
2011.09.28 07:51:15.725,16.58111,16.58967,0.00,0.00
2011.09.28 07:51:15.838,16.58268,16.58908,0.00,0.00
2011.09.28 07:51:17.386,16.58264,16.58904,0.00,0.00
2011.09.28 07:51:17.717,16.58253,16.58893,0.00,0.00
2011.09.28 07:51:22.013,16.58284,16.5888,0.00,0.00
2011.09.28 07:51:22.830,16.58278,16.58918,0.00,0.00
2011.09.28 07:51:23.919,16.58307,16.58905,0.00,0.00
2011.09.28 07:51:25.938,16.58287,16.58871,0.00,0.00
2011.09.28 07:51:26.360,16.58332,16.58728,0.00,0.00
2011.09.28 07:51:26.699,16.58153,16.58793,0.00,0.00
2011.09.28 07:51:27.017,16.58086,16.58684,0.00,0.00
2011.09.28 07:51:27.575,16.58054,16.5855,0.00,0.00
2011.09.28 07:51:28.465,16.58027,16.58575,0.00,0.00
2011.09.28 07:51:28.576,16.58031,16.58671,0.00,0.00
2011.09.28 07:51:28.687,16.58096,16.58736,0.00,0.00
2011.09.28 07:51:29.015,16.58179,16.58819,0.00,0.00
2011.09.28 07:51:30.537,16.58283,16.58923,0.00,0.00
2011.09.28 07:51:31.329,16.58402,16.5892,0.00,0.00
2011.09.28 07:51:31.447,16.58314,16.5891,0.00,0.00
2011.09.28 07:51:31.666,16.58266,16.58906,0.00,0.00
2011.09.28 07:51:32.155,16.5842,16.58888,0.00,0.00
2011.09.28 07:51:32.593,16.58426,16.59066,0.00,0.00
2011.09.28 07:51:33.273,16.58446,16.59086,0.00,0.00
2011.09.28 07:51:34.998,16.58472,16.59019,0.00,0.00
2011.09.28 07:51:35.116,16.5843,16.5907,0.00,0.00
2011.09.28 07:51:35.999,16.58448,16.59086,0.00,0.00
2011.09.28 07:51:36.457,16.58472,16.59112,0.00,0.00
2011.09.28 07:51:37.106,16.58511,16.59127,0.00,0.00
2011.09.28 07:51:37.330,16.58535,16.59175,0.00,0.00
2011.09.28 07:51:38.133,16.58618,16.59165,0.00,0.00
2011.09.28 07:51:38.250,16.58627,16.59225,0.00,0.00
2011.09.28 07:51:38.369,16.58668,16.59274,0.00,0.00
2011.09.28 07:51:38.705,16.58718,16.59358,0.00,0.00
2011.09.28 07:51:38.816,16.58789,16.59429,0.00,0.00
2011.09.28 07:51:39.277,16.58842,16.59458,0.00,0.00
2011.09.28 07:51:44.053,16.5888,16.59478,0.00,0.00
2011.09.28 07:51:44.386,16.58905,16.59501,0.00,0.00
2011.09.28 07:51:44.718,16.58962,16.59509,0.00,0.00
2011.09.28 07:51:45.156,16.58967,16.59607,0.00,0.00
2011.09.28 07:51:45.267,16.59034,16.5963,0.00,0.00
2011.09.28 07:51:45.596,16.59041,16.59681,0.00,0.00
2011.09.28 07:51:45.817,16.59048,16.59688,0.00,0.00
2011.09.28 07:51:46.146,16.59073,16.59689,0.00,0.00
2011.09.28 07:51:46.257,16.59054,16.59694,0.00,0.00
2011.09.28 07:51:46.806,16.59027,16.59667,0.00,0.00
2011.09.28 07:51:47.241,16.59018,16.59658,0.00,0.00
2011.09.28 07:51:47.796,16.59049,16.59689,0.00,0.00
2011.09.28 07:51:48.128,16.59118,16.59758,0.00,0.00
2011.09.28 07:51:50.079,16.59238,16.59786,0.00,0.00
2011.09.28 07:51:51.731,16.59239,16.59837,0.00,0.00
2011.09.28 07:51:51.960,16.59187,16.59901,0.00,0.00
2011.09.28 07:51:52.071,16.59078,16.60062,0.00,0.00
2011.09.28 07:51:52.182,16.59386,16.59804,0.00,0.00
2011.09.28 07:51:52.298,16.59265,16.59905,0.00,0.00
2011.09.28 07:51:52.759,16.59235,16.59841,0.00,0.00
2011.09.28 07:51:52.875,16.59175,16.59815,0.00,0.00
2011.09.28 07:51:53.206,16.59122,16.59762,0.00,0.00
2011.09.28 07:51:53.766,16.59057,16.59697,0.00,0.00
2011.09.28 07:51:54.101,16.59015,16.59655,0.00,0.00
2011.09.28 07:51:54.482,16.59129,16.59475,0.00,0.00
2011.09.28 07:51:55.137,16.5892,16.5956,0.00,0.00
2011.09.28 07:51:55.527,16.58927,16.59567,0.00,0.00
2011.09.28 07:51:55.638,16.59111,16.59475,0.00,0.00
2011.09.28 07:51:55.757,16.58973,16.59613,0.00,0.00
2011.09.28 07:51:55.990,16.58942,16.59596,0.00,0.00
2011.09.28 07:51:56.107,16.58913,16.59553,0.00,0.00
2011.09.28 07:51:56.437,16.58876,16.59516,0.00,0.00
2011.09.28 07:51:57.404,16.58836,16.59476,0.00,0.00
2011.09.28 07:51:58.372,16.58796,16.59436,0.00,0.00
2011.09.28 07:51:59.945,16.58757,16.59397,0.00,0.00
2011.09.28 07:52:00.286,16.58789,16.59287,0.00,0.00
2011.09.28 07:52:00.647,16.58723,16.59271,0.00,0.00
2011.09.28 07:52:02.519,16.58696,16.59192,0.00,0.00
2011.09.28 07:52:04.888,16.58628,16.59074,0.00,0.00
2011.09.28 07:52:06.656,16.58505,16.59003,0.00,0.00
2011.09.28 07:52:08.521,16.585,16.58948,0.00,0.00
2011.09.28 07:52:11.983,16.58532,16.5893,0.00,0.00
2011.09.28 07:52:12.338,16.58522,16.5897,0.00,0.00
2011.09.28 07:52:13.529,16.58505,16.59003,0.00,0.00
2011.09.28 07:52:13.650,16.58482,16.5903,0.00,0.00
2011.09.28 07:52:15.974,16.58512,16.59008,0.00,0.00
2011.09.28 07:52:16.669,16.58541,16.58987,0.00,0.00
2011.09.28 07:52:17.459,16.58486,16.59033,0.00,0.00
2011.09.28 07:52:17.993,16.58497,16.58931,0.00,0.00
2011.09.28 07:52:18.317,16.58476,16.58822,0.00,0.00
2011.09.28 07:52:18.648,16.58394,16.5879,0.00,0.00
2011.09.28 07:52:20.068,16.58379,16.58727,0.00,0.00
2011.09.28 07:52:20.642,16.58357,16.58657,0.00,0.00
2011.09.28 07:52:21.368,16.58102,16.58748,0.00,0.00
2011.09.28 07:52:21.497,16.58038,16.58678,0.00,0.00
2011.09.28 07:52:21.606,16.5815,16.58546,0.00,0.00
2011.09.28 07:52:22.517,16.58101,16.58549,0.00,0.00
2011.09.28 07:52:22.636,16.57998,16.58594,0.00,0.00
2011.09.28 07:52:23.068,16.57997,16.58544,0.00,0.00
2011.09.28 07:52:23.406,16.58036,16.58434,0.00,0.00
2011.09.28 07:52:25.057,16.57997,16.58445,0.00,0.00
2011.09.28 07:52:26.473,16.57987,16.58483,0.00,0.00
2011.09.28 07:52:26.589,16.57947,16.58545,0.00,0.00
2011.09.28 07:52:27.116,16.5795,16.58496,0.00,0.00
2011.09.28 07:52:27.450,16.57836,16.58476,0.00,0.00
2011.09.28 07:52:27.690,16.57838,16.58334,0.00,0.00
2011.09.28 07:52:27.920,16.57799,16.58345,0.00,0.00
2011.09.28 07:52:28.036,16.57801,16.58397,0.00,0.00
2011.09.28 07:52:28.366,16.57826,16.58466,0.00,0.00
2011.09.28 07:52:29.347,16.57868,16.58508,0.00,0.00
2011.09.28 07:52:29.899,16.57919,16.58517,0.00,0.00
2011.09.28 07:52:31.096,16.57972,16.58519,0.00,0.00
2011.09.28 07:52:32.278,16.57973,16.58569,0.00,0.00
2011.09.28 07:52:33.079,16.58021,16.58569,0.00,0.00
2011.09.28 07:52:33.547,16.58018,16.58616,0.00,0.00
2011.09.28 07:52:34.141,16.58053,16.586,0.00,0.00
2011.09.28 07:52:34.289,16.58032,16.58672,0.00,0.00
2011.09.28 07:52:35.607,16.58102,16.58742,0.00,0.00
2011.09.28 07:52:35.957,16.58198,16.58794,0.00,0.00
2011.09.28 07:52:37.147,16.58231,16.58871,0.00,0.00
2011.09.28 07:52:37.258,16.58329,16.58875,0.00,0.00
2011.09.28 07:52:37.375,16.58328,16.58968,0.00,0.00
2011.09.28 07:52:40.154,16.58409,16.58957,0.00,0.00
2011.09.28 07:52:41.627,16.58391,16.58989,0.00,0.00
2011.09.28 07:52:41.846,16.58374,16.58992,0.00,0.00
2011.09.28 07:52:42.377,16.5836,16.59,0.00,0.00
2011.09.28 07:52:42.487,16.58353,16.58971,0.00,0.00
2011.09.28 07:52:42.595,16.58328,16.58968,0.00,0.00
2011.09.28 07:52:42.706,16.58348,16.58976,0.00,0.00
2011.09.28 07:52:43.606,16.58268,16.59122,0.00,0.00
2011.09.28 07:52:43.730,16.58288,16.59082,0.00,0.00
2011.09.28 07:52:44.172,16.58345,16.58972,0.00,0.00
2011.09.28 07:52:44.287,16.58354,16.58994,0.00,0.00
2011.09.28 07:52:44.785,16.58451,16.58969,0.00,0.00
2011.09.28 07:52:44.896,16.58421,16.59039,0.00,0.00
2011.09.28 07:52:45.347,16.58436,16.59004,0.00,0.00
2011.09.28 07:52:45.457,16.58369,16.59009,0.00,0.00
2011.09.28 07:52:45.786,16.58324,16.58964,0.00,0.00
2011.09.28 07:52:46.158,16.58369,16.58867,0.00,0.00
2011.09.28 07:52:46.577,16.58325,16.58923,0.00,0.00
2011.09.28 07:52:47.908,16.58345,16.58893,0.00,0.00
2011.09.28 07:52:48.256,16.58304,16.588,0.00,0.00
2011.09.28 07:52:48.597,16.58256,16.58602,0.00,0.00
2011.09.28 07:52:48.927,16.58009,16.58649,0.00,0.00
2011.09.28 07:52:49.040,16.58004,16.586,0.00,0.00
2011.09.28 07:52:50.193,16.57995,16.58635,0.00,0.00
2011.09.28 07:52:50.307,16.5807,16.58616,0.00,0.00
2011.09.28 07:52:51.272,16.58073,16.58669,0.00,0.00
2011.09.28 07:52:52.977,16.58122,16.58669,0.00,0.00
2011.09.28 07:52:54.082,16.58164,16.58662,0.00,0.00
2011.09.28 07:52:54.979,16.58175,16.58623,0.00,0.00
2011.09.28 07:52:55.523,16.58078,16.58625,0.00,0.00
2011.09.28 07:52:55.640,16.58084,16.58532,0.00,0.00
2011.09.28 07:52:55.977,16.58082,16.58478,0.00,0.00
2011.09.28 07:52:56.599,16.581,16.58448,0.00,0.00
2011.09.28 07:52:56.718,16.58057,16.58503,0.00,0.00
2011.09.28 07:52:56.836,16.58037,16.58533,0.00,0.00
2011.09.28 07:52:57.917,16.58078,16.58524,0.00,0.00
2011.09.28 07:52:59.257,16.58023,16.58621,0.00,0.00
2011.09.28 07:52:59.616,16.58019,16.58659,0.00,0.00
2011.09.28 07:53:00.278,16.58082,16.58629,0.00,0.00
2011.09.28 07:53:00.396,16.58082,16.5868,0.00,0.00
2011.09.28 07:53:01.587,16.58159,16.58697,0.00,0.00
2011.09.28 07:53:02.026,16.58173,16.58813,0.00,0.00
2011.09.28 07:53:02.260,16.58244,16.58884,0.00,0.00
2011.09.28 07:53:02.598,16.58313,16.58953,0.00,0.00
2011.09.28 07:53:06.751,16.58409,16.58956,0.00,0.00
2011.09.28 07:53:07.281,16.58467,16.58965,0.00,0.00
2011.09.28 07:53:08.242,16.58522,16.58969,0.00,0.00
2011.09.28 07:53:12.011,16.58518,16.59016,0.00,0.00
2011.09.28 07:53:12.128,16.58552,16.59,0.00,0.00
2011.09.28 07:53:12.462,16.58467,16.59107,0.00,0.00
2011.09.28 07:53:13.136,16.58476,16.59116,0.00,0.00
2011.09.28 07:53:13.467,16.58463,16.59103,0.00,0.00
2011.09.28 07:53:14.109,16.58448,16.59088,0.00,0.00
2011.09.28 07:53:14.528,16.58402,16.59042,0.00,0.00
2011.09.28 07:53:16.598,16.5849,16.58886,0.00,0.00
2011.09.28 07:53:16.947,16.58473,16.58869,0.00,0.00
2011.09.28 07:53:17.898,16.58424,16.5882,0.00,0.00
2011.09.28 07:53:18.326,16.58324,16.5882,0.00,0.00
2011.09.28 07:53:18.436,16.58321,16.58717,0.00,0.00
2011.09.28 07:53:19.068,16.5825,16.58648,0.00,0.00
2011.09.28 07:53:19.429,16.58063,16.58657,0.00,0.00
2011.09.28 07:53:19.765,16.58108,16.58456,0.00,0.00
2011.09.28 07:53:20.758,16.58034,16.5843,0.00,0.00
2011.09.28 07:53:22.866,16.5802,16.58368,0.00,0.00
2011.09.28 07:53:23.196,16.57836,16.58476,0.00,0.00
2011.09.28 07:53:23.557,16.57906,16.58303,0.00,0.00
2011.09.28 07:53:27.706,16.57776,16.58272,0.00,0.00
2011.09.28 07:53:27.917,16.57741,16.58207,0.00,0.00
2011.09.28 07:53:28.137,16.57715,16.58283,0.00,0.00
2011.09.28 07:53:30.172,16.57753,16.58271,0.00,0.00
2011.09.28 07:53:30.509,16.57773,16.58271,0.00,0.00
2011.09.28 07:53:32.006,16.57798,16.58246,0.00,0.00
2011.09.28 07:53:32.117,16.57741,16.58288,0.00,0.00
2011.09.28 07:53:32.227,16.57767,16.58285,0.00,0.00
2011.09.28 07:53:32.336,16.57784,16.58352,0.00,0.00
2011.09.28 07:53:32.448,16.57846,16.5842,0.00,0.00
2011.09.28 07:53:32.569,16.57873,16.58499,0.00,0.00
2011.09.28 07:53:33.379,16.57921,16.58519,0.00,0.00
2011.09.28 07:53:35.930,16.57975,16.58473,0.00,0.00
2011.09.28 07:53:36.679,16.57866,16.58506,0.00,0.00
2011.09.28 07:53:36.800,16.57851,16.58437,0.00,0.00
2011.09.28 07:53:36.920,16.57802,16.58442,0.00,0.00
2011.09.28 07:53:38.226,16.57816,16.58414,0.00,0.00
2011.09.28 07:53:39.119,16.57794,16.58434,0.00,0.00
2011.09.28 07:53:41.248,16.57827,16.58423,0.00,0.00
2011.09.28 07:53:42.026,16.57854,16.58402,0.00,0.00
2011.09.28 07:53:42.527,16.57866,16.58362,0.00,0.00
2011.09.28 07:53:43.367,16.57865,16.58311,0.00,0.00
2011.09.28 07:53:43.592,16.57791,16.58338,0.00,0.00
2011.09.28 07:53:46.087,16.57838,16.58284,0.00,0.00
2011.09.28 07:53:46.427,16.57819,16.58317,0.00,0.00
2011.09.28 07:53:47.886,16.57819,16.58323,0.00,0.00
2011.09.28 07:53:48.217,16.57823,16.5832,0.00,0.00
2011.09.28 07:53:50.802,16.57822,16.58326,0.00,0.00
2011.09.28 07:53:51.019,16.57847,16.58343,0.00,0.00
2011.09.28 07:54:00.010,16.57896,16.58443,0.00,0.00
2011.09.28 07:54:00.661,16.58125,16.58439,0.00,0.00
2011.09.28 07:54:00.890,16.58086,16.58726,0.00,0.00
2011.09.28 07:54:03.056,16.58241,16.58881,0.00,0.00
2011.09.28 07:54:04.669,16.58408,16.58955,0.00,0.00
2011.09.28 07:54:04.896,16.58368,16.59008,0.00,0.00
2011.09.28 07:54:05.138,16.5847,16.5877,0.00,0.00
2011.09.28 07:54:05.365,16.58366,16.58762,0.00,0.00
2011.09.28 07:54:05.914,16.58343,16.58691,0.00,0.00
2011.09.28 07:54:06.023,16.58155,16.58795,0.00,0.00
2011.09.28 07:54:06.132,16.58116,16.58756,0.00,0.00
2011.09.28 07:54:06.532,16.58076,16.58716,0.00,0.00
2011.09.28 07:54:07.185,16.58035,16.58677,0.00,0.00
2011.09.28 07:54:07.520,16.58043,16.5859,0.00,0.00
2011.09.28 07:54:08.244,16.58028,16.58526,0.00,0.00
2011.09.28 07:54:09.431,16.58012,16.5846,0.00,0.00
2011.09.28 07:54:09.545,16.57923,16.5847,0.00,0.00
2011.09.28 07:54:11.274,16.57909,16.58405,0.00,0.00
2011.09.28 07:54:11.495,16.57819,16.58416,0.00,0.00
2011.09.28 07:54:12.658,16.57804,16.58351,0.00,0.00
2011.09.28 07:54:12.775,16.5774,16.58336,0.00,0.00
2011.09.28 07:54:13.353,16.57723,16.58271,0.00,0.00
2011.09.28 07:54:13.684,16.57709,16.58207,0.00,0.00
2011.09.28 07:54:13.796,16.57644,16.58191,0.00,0.00
2011.09.28 07:54:14.906,16.57705,16.58052,0.00,0.00
2011.09.28 07:54:15.343,16.57515,16.58162,0.00,0.00
2011.09.28 07:54:15.547,16.57524,16.58072,0.00,0.00
2011.09.28 07:54:15.765,16.57461,16.58057,0.00,0.00
2011.09.28 07:54:15.874,16.5747,16.57968,0.00,0.00
2011.09.28 07:54:18.058,16.57454,16.57902,0.00,0.00
2011.09.28 07:54:18.333,16.5739,16.57888,0.00,0.00
2011.09.28 07:54:21.397,16.57361,16.57836,0.00,0.00
2011.09.28 07:54:21.725,16.57239,16.57879,0.00,0.00
2011.09.28 07:54:21.944,16.57345,16.57693,0.00,0.00
2011.09.28 07:54:22.057,16.57256,16.57702,0.00,0.00
2011.09.28 07:54:22.510,16.5719,16.57688,0.00,0.00
2011.09.28 07:54:25.107,16.57176,16.57624,0.00,0.00
2011.09.28 07:54:25.216,16.57111,16.57609,0.00,0.00
2011.09.28 07:54:25.545,16.57133,16.57508,0.00,0.00
2011.09.28 07:54:25.764,16.57006,16.57553,0.00,0.00
2011.09.28 07:54:25.874,16.57082,16.574,0.00,0.00
2011.09.28 07:54:26.204,16.56926,16.5746,0.00,0.00
2011.09.28 07:54:26.314,16.56796,16.57436,0.00,0.00
2011.09.28 07:54:26.887,16.56691,16.57331,0.00,0.00
2011.09.28 07:54:27.213,16.56603,16.57243,0.00,0.00
2011.09.28 07:54:27.544,16.56539,16.57179,0.00,0.00
2011.09.28 07:54:28.316,16.56488,16.57128,0.00,0.00
2011.09.28 07:54:28.643,16.56453,16.57071,0.00,0.00
2011.09.28 07:54:29.365,16.56415,16.56983,0.00,0.00
2011.09.28 07:54:29.697,16.5634,16.56896,0.00,0.00
2011.09.28 07:54:30.026,16.56317,16.56813,0.00,0.00
2011.09.28 07:54:30.657,16.56265,16.56813,0.00,0.00
2011.09.28 07:54:30.876,16.56259,16.56755,0.00,0.00
2011.09.28 07:54:31.209,16.56199,16.56697,0.00,0.00
2011.09.28 07:54:31.610,16.56127,16.56625,0.00,0.00
2011.09.28 07:54:32.061,16.56043,16.56591,0.00,0.00
2011.09.28 07:54:32.177,16.56031,16.56527,0.00,0.00
2011.09.28 07:54:33.346,16.55928,16.56568,0.00,0.00
2011.09.28 07:54:33.456,16.55919,16.56517,0.00,0.00
2011.09.28 07:54:33.826,16.55947,16.56443,0.00,0.00
2011.09.28 07:54:35.880,16.55911,16.56458,0.00,0.00
2011.09.28 07:54:35.998,16.55862,16.56502,0.00,0.00
2011.09.28 07:54:36.466,16.55891,16.56531,0.00,0.00
2011.09.28 07:54:37.367,16.55937,16.56577,0.00,0.00
2011.09.28 07:54:39.029,16.55998,16.56638,0.00,0.00
2011.09.28 07:54:40.514,16.56065,16.56705,0.00,0.00
2011.09.28 07:54:43.308,16.56114,16.56754,0.00,0.00
2011.09.28 07:54:45.109,16.56166,16.56764,0.00,0.00
2011.09.28 07:54:47.792,16.5616,16.568,0.00,0.00
2011.09.28 07:54:47.908,16.56197,16.56793,0.00,0.00
2011.09.28 07:54:48.689,16.56276,16.56794,0.00,0.00
2011.09.28 07:54:48.811,16.56268,16.56908,0.00,0.00
2011.09.28 07:54:49.887,16.563,16.5694,0.00,0.00
2011.09.28 07:54:51.329,16.56334,16.56932,0.00,0.00
2011.09.28 07:54:52.003,16.56381,16.56928,0.00,0.00
2011.09.28 07:54:52.339,16.56417,16.56964,0.00,0.00
2011.09.28 07:54:52.466,16.56407,16.57047,0.00,0.00
2011.09.28 07:54:53.768,16.56472,16.57059,0.00,0.00
2011.09.28 07:54:53.888,16.56506,16.57103,0.00,0.00
2011.09.28 07:54:54.009,16.56539,16.57179,0.00,0.00
2011.09.28 07:54:54.237,16.56639,16.57279,0.00,0.00
2011.09.28 07:54:54.677,16.56738,16.57378,0.00,0.00
2011.09.28 07:54:55.594,16.56724,16.57362,0.00,0.00
2011.09.28 07:54:55.926,16.56721,16.57217,0.00,0.00
2011.09.28 07:54:57.174,16.56659,16.57207,0.00,0.00
2011.09.28 07:54:58.138,16.56631,16.57229,0.00,0.00
2011.09.28 07:54:58.808,16.56632,16.57248,0.00,0.00
2011.09.28 07:54:58.926,16.56629,16.57269,0.00,0.00
2011.09.28 07:54:59.037,16.5665,16.57248,0.00,0.00
2011.09.28 07:54:59.570,16.56691,16.57189,0.00,0.00
2011.09.28 07:55:00.290,16.56663,16.5721,0.00,0.00
2011.09.28 07:55:01.087,16.56689,16.57187,0.00,0.00
2011.09.28 07:55:01.547,16.5668,16.57227,0.00,0.00
2011.09.28 07:55:02.638,16.56686,16.57282,0.00,0.00
2011.09.28 07:55:02.749,16.56716,16.57312,0.00,0.00
2011.09.28 07:55:02.978,16.56703,16.57343,0.00,0.00
2011.09.28 07:55:03.839,16.56698,16.57338,0.00,0.00
2011.09.28 07:55:04.560,16.5673,16.57326,0.00,0.00
2011.09.28 07:55:06.649,16.56782,16.5733,0.00,0.00
2011.09.28 07:55:07.759,16.56841,16.57415,0.00,0.00
2011.09.28 07:55:07.877,16.56988,16.57466,0.00,0.00
2011.09.28 07:55:08.205,16.56916,16.5767,0.00,0.00
2011.09.28 07:55:08.315,16.57024,16.57664,0.00,0.00
2011.09.28 07:55:08.644,16.57078,16.57718,0.00,0.00
2011.09.28 07:55:08.974,16.57164,16.57804,0.00,0.00
2011.09.28 07:55:09.305,16.57238,16.57878,0.00,0.00
2011.09.28 07:55:09.780,16.57216,16.57856,0.00,0.00
2011.09.28 07:55:10.255,16.57196,16.57743,0.00,0.00
2011.09.28 07:55:10.585,16.57152,16.57648,0.00,0.00
2011.09.28 07:55:11.138,16.57048,16.57546,0.00,0.00
2011.09.28 07:55:11.370,16.56921,16.57468,0.00,0.00
2011.09.28 07:55:11.979,16.56807,16.57501,0.00,0.00
2011.09.28 07:55:12.508,16.56852,16.57398,0.00,0.00
2011.09.28 07:55:14.920,16.5686,16.57356,0.00,0.00
2011.09.28 07:55:16.040,16.56856,16.57302,0.00,0.00
2011.09.28 07:55:16.159,16.5682,16.57316,0.00,0.00
2011.09.28 07:55:17.577,16.56864,16.57411,0.00,0.00
2011.09.28 07:55:21.836,16.57091,16.57428,0.00,0.00
2011.09.28 07:55:22.061,16.57191,16.57539,0.00,0.00
2011.09.28 07:55:22.177,16.57217,16.57693,0.00,0.00
2011.09.28 07:55:22.291,16.57213,16.57781,0.00,0.00
2011.09.28 07:55:23.963,16.57193,16.57833,0.00,0.00
2011.09.28 07:55:25.859,16.57247,16.57815,0.00,0.00
2011.09.28 07:55:28.030,16.5728,16.57828,0.00,0.00
2011.09.28 07:55:29.046,16.57294,16.57892,0.00,0.00
2011.09.28 07:55:29.698,16.5732,16.5796,0.00,0.00
2011.09.28 07:55:31.198,16.57356,16.57996,0.00,0.00
2011.09.28 07:55:32.720,16.57414,16.58032,0.00,0.00
2011.09.28 07:55:33.310,16.57491,16.58089,0.00,0.00
2011.09.28 07:55:33.427,16.57494,16.58134,0.00,0.00
2011.09.28 07:55:34.097,16.57444,16.58132,0.00,0.00
2011.09.28 07:55:34.206,16.57494,16.57981,0.00,0.00
2011.09.28 07:55:34.316,16.57408,16.58004,0.00,0.00
2011.09.28 07:55:34.756,16.57434,16.57982,0.00,0.00
2011.09.28 07:55:38.823,16.57423,16.58021,0.00,0.00
2011.09.28 07:55:39.224,16.57457,16.58005,0.00,0.00
2011.09.28 07:55:40.859,16.57437,16.58033,0.00,0.00
2011.09.28 07:55:41.894,16.57471,16.58017,0.00,0.00
2011.09.28 07:55:44.952,16.57492,16.5799,0.00,0.00
2011.09.28 07:55:47.597,16.57461,16.58009,0.00,0.00
2011.09.28 07:55:48.140,16.57444,16.5804,0.00,0.00
2011.09.28 07:55:48.260,16.57491,16.57989,0.00,0.00
2011.09.28 07:55:48.627,16.57486,16.58034,0.00,0.00
2011.09.28 07:55:48.740,16.57556,16.58024,0.00,0.00
2011.09.28 07:55:49.440,16.57543,16.58111,0.00,0.00
2011.09.28 07:55:49.557,16.57642,16.58088,0.00,0.00
2011.09.28 07:55:49.787,16.57657,16.58153,0.00,0.00
2011.09.28 07:55:50.160,16.57646,16.58242,0.00,0.00
2011.09.28 07:55:50.390,16.5774,16.58258,0.00,0.00
2011.09.28 07:55:50.746,16.57848,16.58344,0.00,0.00
2011.09.28 07:55:51.718,16.57952,16.58398,0.00,0.00
2011.09.28 07:55:52.057,16.57822,16.58462,0.00,0.00
2011.09.28 07:55:52.929,16.57741,16.58381,0.00,0.00
2011.09.28 07:55:53.268,16.57693,16.58289,0.00,0.00
2011.09.28 07:55:53.631,16.57708,16.58204,0.00,0.00
2011.09.28 07:55:55.657,16.57678,16.58226,0.00,0.00
2011.09.28 07:55:58.149,16.57681,16.58217,0.00,0.00
2011.09.28 07:55:58.487,16.57617,16.58164,0.00,0.00
2011.09.28 07:55:58.598,16.57593,16.57979,0.00,0.00
2011.09.28 07:55:58.716,16.57455,16.57951,0.00,0.00
2011.09.28 07:55:58.827,16.57411,16.57849,0.00,0.00
2011.09.28 07:55:58.934,16.57335,16.57831,0.00,0.00
2011.09.28 07:55:59.376,16.57323,16.57769,0.00,0.00
2011.09.28 07:55:59.488,16.57255,16.57751,0.00,0.00
2011.09.28 07:55:59.607,16.57134,16.57832,0.00,0.00
2011.09.28 07:56:00.769,16.57183,16.57823,0.00,0.00
2011.09.28 07:56:02.292,16.57199,16.57839,0.00,0.00
2011.09.28 07:56:02.871,16.57206,16.57846,0.00,0.00
2011.09.28 07:56:03.892,16.57228,16.57868,0.00,0.00
2011.09.28 07:56:04.844,16.57274,16.5787,0.00,0.00
2011.09.28 07:56:06.018,16.57318,16.57865,0.00,0.00
2011.09.28 07:56:06.337,16.57297,16.57895,0.00,0.00
2011.09.28 07:56:07.826,16.5734,16.57836,0.00,0.00
2011.09.28 07:56:08.276,16.57301,16.57848,0.00,0.00
2011.09.28 07:56:10.186,16.57274,16.5777,0.00,0.00
2011.09.28 07:56:10.900,16.57099,16.57839,0.00,0.00
2011.09.28 07:56:11.568,16.57143,16.57783,0.00,0.00
2011.09.28 07:56:11.906,16.57134,16.57774,0.00,0.00
2011.09.28 07:56:12.709,16.57112,16.57752,0.00,0.00
2011.09.28 07:56:13.087,16.57137,16.57735,0.00,0.00
2011.09.28 07:56:14.759,16.57187,16.57734,0.00,0.00
2011.09.28 07:56:15.269,16.57173,16.57813,0.00,0.00
2011.09.28 07:56:17.108,16.5722,16.57818,0.00,0.00
2011.09.28 07:56:17.419,16.57199,16.57855,0.00,0.00
2011.09.28 07:56:17.536,16.57208,16.57848,0.00,0.00
2011.09.28 07:56:18.411,16.57222,16.5786,0.00,0.00
2011.09.28 07:56:18.831,16.57232,16.57872,0.00,0.00
2011.09.28 07:56:20.088,16.57253,16.57849,0.00,0.00
2011.09.28 07:56:20.536,16.57252,16.578,0.00,0.00
2011.09.28 07:56:21.135,16.57256,16.57754,0.00,0.00
2011.09.28 07:56:21.457,16.57243,16.5779,0.00,0.00
2011.09.28 07:56:22.377,16.57227,16.57867,0.00,0.00
2011.09.28 07:56:22.487,16.57281,16.57899,0.00,0.00
2011.09.28 07:56:22.598,16.5728,16.5792,0.00,0.00
2011.09.28 07:56:24.558,16.57266,16.57864,0.00,0.00
2011.09.28 07:56:26.686,16.57289,16.57835,0.00,0.00
2011.09.28 07:56:27.677,16.57277,16.57875,0.00,0.00
2011.09.28 07:56:30.690,16.5732,16.57868,0.00,0.00
2011.09.28 07:56:33.221,16.57353,16.57849,0.00,0.00
2011.09.28 07:56:35.177,16.57372,16.5782,0.00,0.00
2011.09.28 07:56:35.288,16.57358,16.57854,0.00,0.00
2011.09.28 07:56:35.409,16.57281,16.57955,0.00,0.00
2011.09.28 07:56:35.530,16.57314,16.57878,0.00,0.00
2011.09.28 07:56:36.203,16.57321,16.57805,0.00,0.00
2011.09.28 07:56:36.536,16.57276,16.57772,0.00,0.00
2011.09.28 07:56:36.842,16.57262,16.5771,0.00,0.00
2011.09.28 07:56:37.156,16.57197,16.57695,0.00,0.00
2011.09.28 07:56:37.267,16.57183,16.5763,0.00,0.00
2011.09.28 07:56:37.378,16.57118,16.57614,0.00,0.00
2011.09.28 07:56:37.499,16.57078,16.57576,0.00,0.00
2011.09.28 07:56:37.966,16.57014,16.57561,0.00,0.00
2011.09.28 07:56:38.081,16.56999,16.57497,0.00,0.00
2011.09.28 07:56:38.829,16.57009,16.57405,0.00,0.00
2011.09.28 07:56:39.166,16.56848,16.57488,0.00,0.00
2011.09.28 07:56:40.012,16.56809,16.57448,0.00,0.00
2011.09.28 07:56:40.130,16.56769,16.57409,0.00,0.00
2011.09.28 07:56:40.882,16.56758,16.57354,0.00,0.00
2011.09.28 07:56:41.181,16.56728,16.57368,0.00,0.00
2011.09.28 07:56:41.686,16.56823,16.57311,0.00,0.00
2011.09.28 07:56:41.910,16.56845,16.57343,0.00,0.00
2011.09.28 07:56:42.139,16.56786,16.57426,0.00,0.00
2011.09.28 07:56:43.590,16.5676,16.574,0.00,0.00
2011.09.28 07:56:43.930,16.56756,16.57352,0.00,0.00
2011.09.28 07:56:44.868,16.56788,16.57335,0.00,0.00
2011.09.28 07:56:47.357,16.56795,16.57393,0.00,0.00
2011.09.28 07:56:48.228,16.56816,16.57456,0.00,0.00
2011.09.28 07:56:50.907,16.56877,16.57473,0.00,0.00
2011.09.28 07:56:53.100,16.56963,16.5751,0.00,0.00
2011.09.28 07:56:53.326,16.57017,16.57591,0.00,0.00
2011.09.28 07:56:53.548,16.57037,16.57655,0.00,0.00
2011.09.28 07:56:54.228,16.5708,16.57697,0.00,0.00
2011.09.28 07:56:54.347,16.57124,16.57764,0.00,0.00
2011.09.28 07:56:54.814,16.57177,16.57817,0.00,0.00
2011.09.28 07:56:55.146,16.57268,16.57815,0.00,0.00
2011.09.28 07:56:57.918,16.57251,16.57891,0.00,0.00
2011.09.28 07:56:58.027,16.57284,16.5788,0.00,0.00
2011.09.28 07:57:02.248,16.57329,16.57875,0.00,0.00
2011.09.28 07:57:05.535,16.57378,16.57874,0.00,0.00
2011.09.28 07:57:07.430,16.57335,16.57933,0.00,0.00
2011.09.28 07:57:07.660,16.57365,16.57861,0.00,0.00
2011.09.28 07:57:07.888,16.57299,16.57897,0.00,0.00
2011.09.28 07:57:10.536,16.57328,16.57874,0.00,0.00
2011.09.28 07:57:13.000,16.57353,16.57849,0.00,0.00
2011.09.28 07:57:15.270,16.57315,16.57911,0.00,0.00
2011.09.28 07:57:15.501,16.57332,16.57972,0.00,0.00
2011.09.28 07:57:15.948,16.57374,16.58014,0.00,0.00
2011.09.28 07:57:18.633,16.57445,16.58013,0.00,0.00
2011.09.28 07:57:20.150,16.57443,16.58061,0.00,0.00
2011.09.28 07:57:20.268,16.57464,16.58062,0.00,0.00
2011.09.28 07:57:23.311,16.57469,16.58087,0.00,0.00
2011.09.28 07:57:23.426,16.57488,16.58128,0.00,0.00
2011.09.28 07:57:23.675,16.57516,16.58156,0.00,0.00
2011.09.28 07:57:24.010,16.57542,16.5816,0.00,0.00
2011.09.28 07:57:24.395,16.57557,16.58197,0.00,0.00
2011.09.28 07:57:24.509,16.57609,16.58249,0.00,0.00
2011.09.28 07:57:24.849,16.57679,16.58226,0.00,0.00
2011.09.28 07:57:25.279,16.57598,16.58238,0.00,0.00
2011.09.28 07:57:26.059,16.57604,16.582,0.00,0.00
2011.09.28 07:57:26.178,16.57597,16.58237,0.00,0.00
2011.09.28 07:57:26.296,16.57625,16.58265,0.00,0.00
2011.09.28 07:57:27.569,16.57679,16.58275,0.00,0.00
2011.09.28 07:57:28.176,16.57712,16.5829,0.00,0.00
2011.09.28 07:57:28.286,16.57697,16.58295,0.00,0.00
2011.09.28 07:57:28.717,16.57712,16.58259,0.00,0.00
2011.09.28 07:57:28.828,16.57681,16.58321,0.00,0.00
2011.09.28 07:57:30.389,16.57724,16.58322,0.00,0.00
2011.09.28 07:57:32.475,16.57754,16.58302,0.00,0.00
2011.09.28 07:57:35.301,16.57724,16.5822,0.00,0.00
2011.09.28 07:57:43.998,16.57572,16.58212,0.00,0.00
2011.09.28 07:57:44.226,16.57625,16.58121,0.00,0.00
2011.09.28 07:57:44.558,16.57656,16.58102,0.00,0.00
2011.09.28 07:57:44.677,16.57599,16.58197,0.00,0.00
2011.09.28 07:57:44.787,16.57588,16.58228,0.00,0.00
2011.09.28 07:57:46.118,16.57628,16.58224,0.00,0.00
2011.09.28 07:57:49.118,16.57671,16.58218,0.00,0.00
2011.09.28 07:57:50.770,16.57668,16.58252,0.00,0.00
2011.09.28 07:57:50.889,16.57679,16.58277,0.00,0.00
2011.09.28 07:57:51.365,16.57696,16.58314,0.00,0.00
2011.09.28 07:57:51.481,16.57793,16.5826,0.00,0.00
2011.09.28 07:57:51.601,16.57746,16.58313,0.00,0.00
2011.09.28 07:57:52.187,16.57715,16.58355,0.00,0.00
2011.09.28 07:57:52.592,16.57713,16.58319,0.00,0.00
2011.09.28 07:57:52.927,16.57696,16.58242,0.00,0.00
2011.09.28 07:57:53.317,16.57735,16.58081,0.00,0.00
2011.09.28 07:57:53.538,16.57635,16.58081,0.00,0.00
2011.09.28 07:57:54.147,16.57622,16.58018,0.00,0.00
2011.09.28 07:57:54.719,16.57547,16.58045,0.00,0.00
2011.09.28 07:57:55.130,16.57512,16.5806,0.00,0.00
2011.09.28 07:57:55.516,16.57518,16.58016,0.00,0.00
2011.09.28 07:57:55.861,16.57527,16.57975,0.00,0.00
2011.09.28 07:57:56.163,16.57501,16.57999,0.00,0.00
2011.09.28 07:57:57.172,16.5747,16.58066,0.00,0.00
2011.09.28 07:57:57.289,16.57451,16.58091,0.00,0.00
2011.09.28 07:57:58.231,16.57493,16.58041,0.00,0.00
2011.09.28 07:57:59.002,16.57531,16.58029,0.00,0.00
2011.09.28 07:58:00.339,16.57536,16.58084,0.00,0.00
2011.09.28 07:58:00.568,16.57529,16.58169,0.00,0.00
2011.09.28 07:58:01.499,16.57545,16.58185,0.00,0.00
2011.09.28 07:58:02.080,16.57502,16.58128,0.00,0.00
2011.09.28 07:58:02.416,16.57492,16.57988,0.00,0.00
2011.09.28 07:58:03.298,16.57444,16.57991,0.00,0.00
2011.09.28 07:58:03.927,16.57417,16.58013,0.00,0.00
2011.09.28 07:58:05.350,16.57448,16.57996,0.00,0.00
2011.09.28 07:58:06.637,16.57356,16.5805,0.00,0.00
2011.09.28 07:58:06.858,16.57355,16.57853,0.00,0.00
2011.09.28 07:58:08.480,16.57286,16.57672,0.00,0.00
2011.09.28 07:58:08.602,16.5715,16.57646,0.00,0.00
2011.09.28 07:58:12.340,16.57116,16.57562,0.00,0.00
2011.09.28 07:58:12.570,16.57033,16.57529,0.00,0.00
2011.09.28 07:58:13.620,16.5698,16.57428,0.00,0.00
2011.09.28 07:58:13.967,16.56918,16.57218,0.00,0.00
2011.09.28 07:58:18.198,16.56712,16.57108,0.00,0.00
2011.09.28 07:58:18.928,16.56542,16.57069,0.00,0.00
2011.09.28 07:58:20.029,16.56519,16.57015,0.00,0.00
2011.09.28 07:58:20.260,16.56569,16.57007,0.00,0.00
2011.09.28 07:58:20.574,16.56511,16.57149,0.00,0.00
2011.09.28 07:58:23.288,16.56554,16.57161,0.00,0.00
2011.09.28 07:58:23.677,16.56578,16.57174,0.00,0.00
2011.09.28 07:58:24.303,16.56623,16.5717,0.00,0.00
2011.09.28 07:58:27.276,16.56671,16.57167,0.00,0.00
2011.09.28 07:58:39.269,16.56657,16.57204,0.00,0.00
2011.09.28 07:58:39.388,16.56632,16.57228,0.00,0.00
2011.09.28 07:58:39.500,16.56598,16.57238,0.00,0.00
2011.09.28 07:58:40.738,16.56604,16.57202,0.00,0.00
2011.09.28 07:58:42.873,16.56633,16.57179,0.00,0.00
2011.09.28 07:58:43.817,16.56571,16.57211,0.00,0.00
2011.09.28 07:58:43.926,16.56592,16.5709,0.00,0.00
2011.09.28 07:58:44.039,16.56537,16.57043,0.00,0.00
2011.09.28 07:58:44.160,16.56526,16.57024,0.00,0.00
2011.09.28 07:58:46.211,16.56484,16.5712,0.00,0.00
2011.09.28 07:58:46.331,16.56448,16.57088,0.00,0.00
2011.09.28 07:58:46.670,16.56472,16.56918,0.00,0.00
2011.09.28 07:58:47.358,16.56381,16.56928,0.00,0.00
2011.09.28 07:58:48.228,16.56375,16.56873,0.00,0.00
2011.09.28 07:58:48.577,16.56373,16.56821,0.00,0.00
2011.09.28 07:58:48.907,16.56376,16.56773,0.00,0.00
2011.09.28 07:58:50.223,16.56296,16.56844,0.00,0.00
2011.09.28 07:58:52.130,16.56348,16.56844,0.00,0.00
2011.09.28 07:58:54.107,16.56322,16.56962,0.00,0.00
2011.09.28 07:58:56.785,16.564,16.57027,0.00,0.00
2011.09.28 07:58:57.006,16.56479,16.57119,0.00,0.00
2011.09.28 07:58:59.706,16.56542,16.5716,0.00,0.00
2011.09.28 07:59:01.066,16.56604,16.57202,0.00,0.00
2011.09.28 07:59:01.661,16.56632,16.57272,0.00,0.00
2011.09.28 07:59:02.480,16.56665,16.57283,0.00,0.00
2011.09.28 07:59:03.317,16.56685,16.57325,0.00,0.00
2011.09.28 07:59:04.293,16.56763,16.57331,0.00,0.00
2011.09.28 07:59:04.410,16.56771,16.57411,0.00,0.00
2011.09.28 07:59:04.530,16.56838,16.57434,0.00,0.00
2011.09.28 07:59:05.888,16.56949,16.57445,0.00,0.00
2011.09.28 07:59:06.379,16.57015,16.57513,0.00,0.00
2011.09.28 07:59:06.721,16.57015,16.57613,0.00,0.00
2011.09.28 07:59:06.899,16.57031,16.57671,0.00,0.00
2011.09.28 07:59:09.685,16.57102,16.5764,0.00,0.00
2011.09.28 07:59:09.922,16.57069,16.57709,0.00,0.00
2011.09.28 07:59:11.192,16.57113,16.57729,0.00,0.00
2011.09.28 07:59:11.307,16.57121,16.57761,0.00,0.00
2011.09.28 07:59:11.747,16.57129,16.57767,0.00,0.00
2011.09.28 07:59:12.381,16.5713,16.57748,0.00,0.00
2011.09.28 07:59:13.041,16.5711,16.5775,0.00,0.00
2011.09.28 07:59:13.911,16.57171,16.57719,0.00,0.00
2011.09.28 07:59:14.480,16.57197,16.57793,0.00,0.00
2011.09.28 07:59:14.961,16.57221,16.57861,0.00,0.00
2011.09.28 07:59:15.078,16.57164,16.57904,0.00,0.00
2011.09.28 07:59:15.202,16.57213,16.57853,0.00,0.00
2011.09.28 07:59:15.537,16.5722,16.5786,0.00,0.00
2011.09.28 07:59:16.020,16.57221,16.57861,0.00,0.00
2011.09.28 07:59:16.667,16.5719,16.5783,0.00,0.00
2011.09.28 07:59:16.997,16.57203,16.57801,0.00,0.00
2011.09.28 07:59:18.057,16.57208,16.57848,0.00,0.00
2011.09.28 07:59:18.169,16.57236,16.57876,0.00,0.00
2011.09.28 07:59:20.024,16.57244,16.57884,0.00,0.00
2011.09.28 07:59:20.596,16.57288,16.57884,0.00,0.00
2011.09.28 07:59:22.009,16.57316,16.57912,0.00,0.00
2011.09.28 07:59:22.921,16.57361,16.57908,0.00,0.00
2011.09.28 07:59:24.987,16.57422,16.57918,0.00,0.00
2011.09.28 07:59:32.137,16.57407,16.58047,0.00,0.00
2011.09.28 07:59:32.902,16.57477,16.58075,0.00,0.00
2011.09.28 07:59:33.291,16.57531,16.58129,0.00,0.00
2011.09.28 07:59:33.519,16.57561,16.58201,0.00,0.00
2011.09.28 07:59:34.802,16.57604,16.58202,0.00,0.00
2011.09.28 07:59:35.028,16.57588,16.58228,0.00,0.00
2011.09.28 07:59:37.898,16.57609,16.58205,0.00,0.00
2011.09.28 07:59:38.927,16.57621,16.58168,0.00,0.00
2011.09.28 07:59:39.389,16.5759,16.58186,0.00,0.00
2011.09.28 07:59:40.010,16.57564,16.58204,0.00,0.00
2011.09.28 07:59:40.608,16.5757,16.58166,0.00,0.00
2011.09.28 07:59:41.349,16.57571,16.58119,0.00,0.00
2011.09.28 07:59:41.853,16.57577,16.58073,0.00,0.00
2011.09.28 07:59:41.971,16.57542,16.5809,0.00,0.00
2011.09.28 07:59:43.092,16.57577,16.58073,0.00,0.00
2011.09.28 07:59:47.140,16.57606,16.58054,0.00,0.00
2011.09.28 07:59:48.839,16.57567,16.58063,0.00,0.00
2011.09.28 07:59:49.295,16.57469,16.58055,0.00,0.00
2011.09.28 07:59:49.408,16.57464,16.5791,0.00,0.00
2011.09.28 07:59:49.527,16.57407,16.57903,0.00,0.00
2011.09.28 07:59:52.919,16.5738,16.57928,0.00,0.00
2011.09.28 07:59:55.930,16.57406,16.57904,0.00,0.00
2011.09.28 07:59:59.056,16.57417,16.57863,0.00,0.00
2011.09.28 07:59:59.172,16.5737,16.57866,0.00,0.00
2011.09.28 07:59:59.291,16.57367,16.57813,0.00,0.00
2011.09.28 07:59:59.411,16.57299,16.57846,0.00,0.00
2011.09.28 07:59:59.982,16.57284,16.57882,0.00,0.00
