2014.10.08 17:00:00.026,12.07171,12.07468,0.00,0.00
2014.10.08 17:00:00.077,12.07157,12.07468,0.00,0.00
2014.10.08 17:00:00.343,12.07149,12.07465,0.00,0.00
2014.10.08 17:00:00.567,12.07112,12.07349,0.00,0.00
2014.10.08 17:00:00.617,12.07099,12.07349,0.00,0.00
2014.10.08 17:00:00.668,12.07099,12.07369,0.00,0.00
2014.10.08 17:00:00.718,12.06929,12.07156,0.00,0.00
2014.10.08 17:00:00.768,12.06868,12.07119,0.00,0.00
2014.10.08 17:00:00.819,12.06871,12.07119,0.00,0.00
2014.10.08 17:00:00.919,12.06869,12.07119,0.00,0.00
2014.10.08 17:00:00.970,12.06842,12.07119,0.00,0.00
2014.10.08 17:00:01.026,12.06816,12.07119,0.00,0.00
2014.10.08 17:00:01.077,12.06849,12.07119,0.00,0.00
2014.10.08 17:00:01.384,12.06876,12.07119,0.00,0.00
2014.10.08 17:00:01.485,12.06867,12.07119,0.00,0.00
2014.10.08 17:00:01.596,12.06841,12.07119,0.00,0.00
2014.10.08 17:00:02.068,12.06848,12.07119,0.00,0.00
2014.10.08 17:00:02.168,12.06848,12.07168,0.00,0.00
2014.10.08 17:00:03.056,12.06877,12.07168,0.00,0.00
2014.10.08 17:00:04.176,12.06898,12.07218,0.00,0.00
2014.10.08 17:00:04.377,12.06876,12.07201,0.00,0.00
2014.10.08 17:00:05.063,12.06898,12.07218,0.00,0.00
2014.10.08 17:00:05.409,12.06883,12.07202,0.00,0.00
2014.10.08 17:00:05.721,12.06883,12.07169,0.00,0.00
2014.10.08 17:00:07.811,12.06872,12.07169,0.00,0.00
2014.10.08 17:00:07.898,12.06872,12.07151,0.00,0.00
2014.10.08 17:00:08.276,12.06849,12.07119,0.00,0.00
2014.10.08 17:00:11.487,12.06862,12.07119,0.00,0.00
2014.10.08 17:00:11.538,12.06862,12.07168,0.00,0.00
2014.10.08 17:00:11.592,12.06876,12.07168,0.00,0.00
2014.10.08 17:00:19.583,12.06821,12.07136,0.00,0.00
2014.10.08 17:00:19.651,12.06821,12.07119,0.00,0.00
2014.10.08 17:00:19.702,12.06794,12.07119,0.00,0.00
2014.10.08 17:00:19.887,12.06794,12.07072,0.00,0.00
2014.10.08 17:00:20.957,12.06794,12.07069,0.00,0.00
2014.10.08 17:00:22.689,12.06806,12.07069,0.00,0.00
2014.10.08 17:00:22.740,12.06806,12.07118,0.00,0.00
2014.10.08 17:00:23.820,12.06792,12.07118,0.00,0.00
2014.10.08 17:00:24.367,12.06792,12.07068,0.00,0.00
2014.10.08 17:00:24.417,12.06774,12.07068,0.00,0.00
2014.10.08 17:00:24.730,12.06786,12.07068,0.00,0.00
2014.10.08 17:00:27.997,12.06786,12.0713,0.00,0.00
2014.10.08 17:00:28.047,12.06862,12.07131,0.00,0.00
2014.10.08 17:00:28.218,12.06841,12.07131,0.00,0.00
2014.10.08 17:00:28.269,12.06841,12.07122,0.00,0.00
2014.10.08 17:00:28.501,12.06828,12.07122,0.00,0.00
2014.10.08 17:00:28.696,12.06828,12.07168,0.00,0.00
2014.10.08 17:00:28.746,12.06862,12.07168,0.00,0.00
2014.10.08 17:00:29.158,12.06886,12.07169,0.00,0.00
2014.10.08 17:00:29.538,12.06864,12.07169,0.00,0.00
2014.10.08 17:00:29.589,12.06864,12.07121,0.00,0.00
2014.10.08 17:00:29.639,12.06844,12.07121,0.00,0.00
2014.10.08 17:00:30.105,12.06861,12.07121,0.00,0.00
2014.10.08 17:00:30.206,12.06845,12.07119,0.00,0.00
2014.10.08 17:00:30.317,12.06819,12.07119,0.00,0.00
2014.10.08 17:00:30.605,12.06837,12.07119,0.00,0.00
2014.10.08 17:00:31.105,12.06819,12.07119,0.00,0.00
2014.10.08 17:00:33.509,12.06831,12.07119,0.00,0.00
2014.10.08 17:00:33.830,12.06818,12.07119,0.00,0.00
2014.10.08 17:00:35.148,12.06831,12.07119,0.00,0.00
2014.10.08 17:00:38.852,12.06819,12.07119,0.00,0.00
2014.10.08 17:00:39.819,12.06831,12.07119,0.00,0.00
2014.10.08 17:00:42.025,12.06862,12.07119,0.00,0.00
2014.10.08 17:00:42.126,12.06862,12.07169,0.00,0.00
2014.10.08 17:00:42.226,12.06887,12.07169,0.00,0.00
2014.10.08 17:00:42.712,12.06861,12.07121,0.00,0.00
2014.10.08 17:00:43.423,12.06861,12.07118,0.00,0.00
2014.10.08 17:00:44.028,12.06847,12.07118,0.00,0.00
2014.10.08 17:00:45.453,12.06861,12.07118,0.00,0.00
2014.10.08 17:00:47.670,12.06846,12.07118,0.00,0.00
2014.10.08 17:00:49.364,12.06861,12.07118,0.00,0.00
2014.10.08 17:00:51.096,12.06861,12.07121,0.00,0.00
2014.10.08 17:00:51.147,12.06861,12.07169,0.00,0.00
2014.10.08 17:00:51.248,12.06887,12.07169,0.00,0.00
2014.10.08 17:00:51.442,12.06875,12.07169,0.00,0.00
2014.10.08 17:00:51.543,12.06857,12.07169,0.00,0.00
2014.10.08 17:00:51.593,12.06857,12.07122,0.00,0.00
2014.10.08 17:00:52.526,12.06857,12.07119,0.00,0.00
2014.10.08 17:00:53.848,12.06857,12.07122,0.00,0.00
2014.10.08 17:00:53.948,12.06872,12.07168,0.00,0.00
2014.10.08 17:00:53.999,12.06886,12.07168,0.00,0.00
2014.10.08 17:00:54.049,12.06871,12.07168,0.00,0.00
2014.10.08 17:00:54.250,12.06886,12.07168,0.00,0.00
2014.10.08 17:00:58.158,12.06886,12.07118,0.00,0.00
2014.10.08 17:00:59.596,12.06886,12.07168,0.00,0.00
2014.10.08 17:01:07.510,12.06906,12.07171,0.00,0.00
2014.10.08 17:01:07.561,12.06906,12.07218,0.00,0.00
2014.10.08 17:01:07.680,12.06869,12.07211,0.00,0.00
2014.10.08 17:01:07.730,12.06886,12.07218,0.00,0.00
2014.10.08 17:01:08.149,12.06907,12.07218,0.00,0.00
2014.10.08 17:01:08.740,12.06895,12.07172,0.00,0.00
2014.10.08 17:01:08.841,12.06877,12.07172,0.00,0.00
2014.10.08 17:01:08.937,12.06877,12.07169,0.00,0.00
2014.10.08 17:01:16.966,12.06877,12.07172,0.00,0.00
2014.10.08 17:01:17.017,12.06926,12.07218,0.00,0.00
2014.10.08 17:01:18.101,12.06926,12.07171,0.00,0.00
2014.10.08 17:01:18.152,12.06915,12.07171,0.00,0.00
2014.10.08 17:01:18.219,12.06901,12.07171,0.00,0.00
2014.10.08 17:01:18.320,12.06901,12.07218,0.00,0.00
2014.10.08 17:01:18.432,12.06901,12.07169,0.00,0.00
2014.10.08 17:01:18.762,12.06916,12.07169,0.00,0.00
2014.10.08 17:01:19.237,12.069,12.07169,0.00,0.00
2014.10.08 17:01:19.338,12.06878,12.07169,0.00,0.00
2014.10.08 17:01:22.946,12.06838,12.07119,0.00,0.00
2014.10.08 17:01:25.216,12.06838,12.07069,0.00,0.00
2014.10.08 17:01:25.267,12.06804,12.07069,0.00,0.00
2014.10.08 17:01:25.367,12.06782,12.07069,0.00,0.00
2014.10.08 17:01:33.686,12.06782,12.07071,0.00,0.00
2014.10.08 17:01:33.737,12.06782,12.07118,0.00,0.00
2014.10.08 17:01:33.787,12.06806,12.07118,0.00,0.00
2014.10.08 17:01:33.908,12.06786,12.07118,0.00,0.00
2014.10.08 17:01:33.959,12.06786,12.07072,0.00,0.00
2014.10.08 17:01:35.131,12.06786,12.07069,0.00,0.00
2014.10.08 17:01:36.201,12.06806,12.07069,0.00,0.00
2014.10.08 17:01:36.302,12.06786,12.07069,0.00,0.00
2014.10.08 17:01:38.640,12.06811,12.07071,0.00,0.00
2014.10.08 17:01:38.791,12.06862,12.07132,0.00,0.00
2014.10.08 17:01:38.904,12.06886,12.07132,0.00,0.00
2014.10.08 17:01:38.988,12.06886,12.07169,0.00,0.00
2014.10.08 17:01:39.420,12.06917,12.07169,0.00,0.00
2014.10.08 17:01:39.521,12.06896,12.07169,0.00,0.00
2014.10.08 17:01:40.066,12.06896,12.07219,0.00,0.00
2014.10.08 17:01:40.480,12.06881,12.07219,0.00,0.00
2014.10.08 17:01:40.530,12.06881,12.07172,0.00,0.00
2014.10.08 17:01:41.386,12.06881,12.07169,0.00,0.00
2014.10.08 17:01:43.609,12.06881,12.07132,0.00,0.00
2014.10.08 17:01:43.710,12.06869,12.07132,0.00,0.00
2014.10.08 17:01:43.761,12.06869,12.06992,0.00,0.00
2014.10.08 17:01:43.811,12.06778,12.06971,0.00,0.00
2014.10.08 17:01:43.862,12.06778,12.06919,0.00,0.00
2014.10.08 17:01:44.013,12.06768,12.06919,0.00,0.00
2014.10.08 17:01:44.164,12.06624,12.06831,0.00,0.00
2014.10.08 17:01:44.264,12.06582,12.06831,0.00,0.00
2014.10.08 17:01:44.386,12.06582,12.06919,0.00,0.00
2014.10.08 17:01:44.706,12.06582,12.06832,0.00,0.00
2014.10.08 17:01:45.292,12.06563,12.06832,0.00,0.00
2014.10.08 17:01:45.433,12.06576,12.06832,0.00,0.00
2014.10.08 17:01:45.534,12.0652,12.06832,0.00,0.00
2014.10.08 17:01:45.593,12.06539,12.06832,0.00,0.00
2014.10.08 17:01:45.742,12.06526,12.06832,0.00,0.00
2014.10.08 17:01:46.568,12.06526,12.06819,0.00,0.00
2014.10.08 17:01:46.619,12.06514,12.06819,0.00,0.00
2014.10.08 17:01:47.096,12.06525,12.06819,0.00,0.00
2014.10.08 17:01:47.397,12.06513,12.06819,0.00,0.00
2014.10.08 17:01:47.498,12.06526,12.06819,0.00,0.00
2014.10.08 17:01:47.600,12.06514,12.06819,0.00,0.00
2014.10.08 17:01:48.400,12.065,12.06819,0.00,0.00
2014.10.08 17:01:48.546,12.06491,12.06819,0.00,0.00
2014.10.08 17:01:48.600,12.0648,12.06819,0.00,0.00
2014.10.08 17:01:48.701,12.06497,12.06819,0.00,0.00
2014.10.08 17:01:49.625,12.0648,12.06819,0.00,0.00
2014.10.08 17:01:49.676,12.0648,12.06719,0.00,0.00
2014.10.08 17:01:49.726,12.06428,12.06709,0.00,0.00
2014.10.08 17:01:49.827,12.06428,12.06669,0.00,0.00
2014.10.08 17:01:49.878,12.06361,12.06622,0.00,0.00
2014.10.08 17:01:50.452,12.06327,12.06619,0.00,0.00
2014.10.08 17:01:54.917,12.06402,12.06619,0.00,0.00
2014.10.08 17:01:54.968,12.06402,12.06668,0.00,0.00
2014.10.08 17:01:55.068,12.06362,12.06668,0.00,0.00
2014.10.08 17:01:55.119,12.06352,12.06668,0.00,0.00
2014.10.08 17:01:55.425,12.06372,12.06668,0.00,0.00
2014.10.08 17:01:55.754,12.06411,12.06668,0.00,0.00
2014.10.08 17:01:56.119,12.06401,12.06668,0.00,0.00
2014.10.08 17:01:56.220,12.06326,12.06668,0.00,0.00
2014.10.08 17:01:56.270,12.06326,12.06619,0.00,0.00
2014.10.08 17:01:56.645,12.0633,12.06619,0.00,0.00
2014.10.08 17:01:56.949,12.06337,12.06619,0.00,0.00
2014.10.08 17:01:57.321,12.06351,12.06619,0.00,0.00
2014.10.08 17:01:57.689,12.06351,12.06669,0.00,0.00
2014.10.08 17:02:01.095,12.06351,12.06622,0.00,0.00
2014.10.08 17:02:01.410,12.06351,12.06619,0.00,0.00
2014.10.08 17:02:02.513,12.06351,12.06669,0.00,0.00
2014.10.08 17:02:03.330,12.06351,12.06621,0.00,0.00
2014.10.08 17:02:03.516,12.06359,12.06669,0.00,0.00
2014.10.08 17:02:03.675,12.06361,12.06669,0.00,0.00
2014.10.08 17:02:04.191,12.06361,12.06622,0.00,0.00
2014.10.08 17:02:04.396,12.06376,12.06669,0.00,0.00
2014.10.08 17:02:04.497,12.06426,12.06718,0.00,0.00
2014.10.08 17:02:04.771,12.06414,12.06718,0.00,0.00
2014.10.08 17:02:04.871,12.06426,12.06718,0.00,0.00
2014.10.08 17:02:06.025,12.06426,12.06722,0.00,0.00
2014.10.08 17:02:06.076,12.06426,12.06769,0.00,0.00
2014.10.08 17:02:06.227,12.06452,12.06769,0.00,0.00
2014.10.08 17:02:06.597,12.06476,12.06769,0.00,0.00
2014.10.08 17:02:06.880,12.06463,12.06769,0.00,0.00
2014.10.08 17:02:06.980,12.06476,12.06769,0.00,0.00
2014.10.08 17:02:08.701,12.0646,12.06769,0.00,0.00
2014.10.08 17:02:09.104,12.06477,12.06769,0.00,0.00
2014.10.08 17:02:09.423,12.06462,12.06769,0.00,0.00
2014.10.08 17:02:09.618,12.06472,12.06769,0.00,0.00
2014.10.08 17:02:10.714,12.0646,12.06769,0.00,0.00
2014.10.08 17:02:11.927,12.06473,12.06769,0.00,0.00
2014.10.08 17:02:13.423,12.06461,12.06769,0.00,0.00
2014.10.08 17:02:14.620,12.06472,12.06769,0.00,0.00
2014.10.08 17:02:14.921,12.06501,12.06769,0.00,0.00
2014.10.08 17:02:14.972,12.06501,12.06819,0.00,0.00
2014.10.08 17:02:15.022,12.06537,12.06819,0.00,0.00
2014.10.08 17:02:15.323,12.06518,12.06819,0.00,0.00
2014.10.08 17:02:15.615,12.06512,12.06819,0.00,0.00
2014.10.08 17:02:16.024,12.065,12.06819,0.00,0.00
2014.10.08 17:02:16.628,12.06526,12.06819,0.00,0.00
2014.10.08 17:02:17.332,12.06502,12.06819,0.00,0.00
2014.10.08 17:02:17.382,12.06502,12.06769,0.00,0.00
2014.10.08 17:02:17.483,12.06422,12.06764,0.00,0.00
2014.10.08 17:02:17.584,12.06432,12.06769,0.00,0.00
2014.10.08 17:02:17.937,12.06437,12.06722,0.00,0.00
2014.10.08 17:02:18.578,12.06449,12.06722,0.00,0.00
2014.10.08 17:02:19.138,12.06449,12.06719,0.00,0.00
2014.10.08 17:02:19.462,12.06524,12.06782,0.00,0.00
2014.10.08 17:02:19.512,12.06524,12.06819,0.00,0.00
2014.10.08 17:02:19.768,12.06503,12.06819,0.00,0.00
2014.10.08 17:02:20.947,12.06514,12.06819,0.00,0.00
2014.10.08 17:02:21.143,12.06549,12.06869,0.00,0.00
2014.10.08 17:02:21.194,12.06561,12.06869,0.00,0.00
2014.10.08 17:02:21.350,12.06519,12.06862,0.00,0.00
2014.10.08 17:02:21.551,12.06519,12.06851,0.00,0.00
2014.10.08 17:02:21.896,12.06511,12.06831,0.00,0.00
2014.10.08 17:02:22.415,12.06506,12.06819,0.00,0.00
2014.10.08 17:02:23.157,12.06502,12.06819,0.00,0.00
2014.10.08 17:02:23.861,12.06515,12.06819,0.00,0.00
2014.10.08 17:02:24.268,12.06527,12.06819,0.00,0.00
2014.10.08 17:02:25.037,12.06527,12.0677,0.00,0.00
2014.10.08 17:02:25.088,12.06471,12.0675,0.00,0.00
2014.10.08 17:02:25.189,12.06419,12.0675,0.00,0.00
2014.10.08 17:02:25.296,12.06412,12.06722,0.00,0.00
2014.10.08 17:02:26.376,12.06411,12.06719,0.00,0.00
2014.10.08 17:02:26.974,12.06409,12.06719,0.00,0.00
2014.10.08 17:02:27.275,12.06396,12.06719,0.00,0.00
2014.10.08 17:02:27.376,12.06422,12.06719,0.00,0.00
2014.10.08 17:02:27.477,12.06409,12.06719,0.00,0.00
2014.10.08 17:02:27.578,12.06396,12.06719,0.00,0.00
2014.10.08 17:02:30.409,12.06419,12.06719,0.00,0.00
2014.10.08 17:02:30.734,12.06397,12.06719,0.00,0.00
2014.10.08 17:02:31.491,12.06408,12.06719,0.00,0.00
2014.10.08 17:02:31.917,12.06396,12.06719,0.00,0.00
2014.10.08 17:02:31.967,12.06396,12.06619,0.00,0.00
2014.10.08 17:02:32.018,12.06311,12.06619,0.00,0.00
2014.10.08 17:02:32.196,12.06327,12.06619,0.00,0.00
2014.10.08 17:02:32.898,12.0631,12.06619,0.00,0.00
2014.10.08 17:02:33.485,12.06312,12.06652,0.00,0.00
2014.10.08 17:02:33.536,12.06327,12.06668,0.00,0.00
2014.10.08 17:02:33.636,12.06336,12.06668,0.00,0.00
2014.10.08 17:02:33.955,12.06347,12.06668,0.00,0.00
2014.10.08 17:02:34.305,12.06318,12.06662,0.00,0.00
2014.10.08 17:02:36.368,12.06361,12.06662,0.00,0.00
2014.10.08 17:02:36.675,12.06426,12.06719,0.00,0.00
2014.10.08 17:02:36.927,12.06418,12.06719,0.00,0.00
2014.10.08 17:02:37.777,12.06418,12.06743,0.00,0.00
2014.10.08 17:02:37.916,12.06422,12.06764,0.00,0.00
2014.10.08 17:02:38.064,12.06418,12.06752,0.00,0.00
2014.10.08 17:02:39.219,12.06425,12.06767,0.00,0.00
2014.10.08 17:02:39.625,12.06418,12.06757,0.00,0.00
2014.10.08 17:02:40.533,12.06426,12.06768,0.00,0.00
2014.10.08 17:02:40.634,12.06418,12.06745,0.00,0.00
2014.10.08 17:02:40.936,12.06418,12.06757,0.00,0.00
2014.10.08 17:02:41.045,12.06469,12.06757,0.00,0.00
2014.10.08 17:02:41.146,12.06469,12.06771,0.00,0.00
2014.10.08 17:02:41.247,12.06469,12.068,0.00,0.00
2014.10.08 17:02:41.404,12.06461,12.06781,0.00,0.00
2014.10.08 17:02:41.885,12.06461,12.06775,0.00,0.00
2014.10.08 17:02:42.515,12.06441,12.06768,0.00,0.00
2014.10.08 17:02:42.566,12.06468,12.06768,0.00,0.00
2014.10.08 17:02:42.895,12.06448,12.06768,0.00,0.00
2014.10.08 17:02:43.150,12.06441,12.06768,0.00,0.00
2014.10.08 17:02:43.357,12.06441,12.06756,0.00,0.00
2014.10.08 17:02:43.686,12.06441,12.06767,0.00,0.00
2014.10.08 17:02:44.276,12.06441,12.06768,0.00,0.00
2014.10.08 17:02:45.859,12.06446,12.06768,0.00,0.00
2014.10.08 17:02:46.881,12.06441,12.06768,0.00,0.00
2014.10.08 17:02:47.793,12.06441,12.06764,0.00,0.00
2014.10.08 17:02:48.164,12.06447,12.06768,0.00,0.00
2014.10.08 17:02:49.115,12.06472,12.06768,0.00,0.00
2014.10.08 17:02:49.167,12.06459,12.06768,0.00,0.00
2014.10.08 17:02:49.434,12.06459,12.06719,0.00,0.00
2014.10.08 17:02:49.585,12.06434,12.06719,0.00,0.00
2014.10.08 17:02:49.778,12.06447,12.06719,0.00,0.00
2014.10.08 17:02:50.237,12.06458,12.06719,0.00,0.00
2014.10.08 17:02:50.864,12.06458,12.06769,0.00,0.00
2014.10.08 17:02:51.376,12.06446,12.06769,0.00,0.00
2014.10.08 17:02:51.474,12.06446,12.06722,0.00,0.00
2014.10.08 17:02:51.625,12.06434,12.06722,0.00,0.00
2014.10.08 17:02:51.726,12.06411,12.06722,0.00,0.00
2014.10.08 17:02:51.879,12.06426,12.06722,0.00,0.00
2014.10.08 17:02:51.980,12.06411,12.06722,0.00,0.00
2014.10.08 17:02:52.296,12.06405,12.06719,0.00,0.00
2014.10.08 17:02:52.598,12.06415,12.06719,0.00,0.00
2014.10.08 17:02:54.630,12.06426,12.06719,0.00,0.00
2014.10.08 17:02:54.791,12.06403,12.06719,0.00,0.00
2014.10.08 17:02:58.455,12.06403,12.06668,0.00,0.00
2014.10.08 17:02:58.605,12.06312,12.06653,0.00,0.00
2014.10.08 17:02:58.735,12.06312,12.06622,0.00,0.00
2014.10.08 17:02:59.885,12.06309,12.06618,0.00,0.00
2014.10.08 17:03:00.719,12.06326,12.06618,0.00,0.00
2014.10.08 17:03:01.221,12.06309,12.06618,0.00,0.00
2014.10.08 17:03:01.522,12.0632,12.06618,0.00,0.00
2014.10.08 17:03:03.426,12.06321,12.06618,0.00,0.00
2014.10.08 17:03:04.151,12.06308,12.06618,0.00,0.00
2014.10.08 17:03:04.251,12.0632,12.06618,0.00,0.00
2014.10.08 17:03:04.366,12.06309,12.06618,0.00,0.00
2014.10.08 17:03:04.467,12.0632,12.06618,0.00,0.00
2014.10.08 17:03:04.568,12.06309,12.06618,0.00,0.00
2014.10.08 17:03:05.546,12.06307,12.06618,0.00,0.00
2014.10.08 17:03:06.462,12.06326,12.06618,0.00,0.00
2014.10.08 17:03:06.614,12.06326,12.06668,0.00,0.00
2014.10.08 17:03:06.715,12.06351,12.06668,0.00,0.00
2014.10.08 17:03:06.816,12.06326,12.06668,0.00,0.00
2014.10.08 17:03:06.866,12.06312,12.06652,0.00,0.00
2014.10.08 17:03:07.171,12.06351,12.06665,0.00,0.00
2014.10.08 17:03:14.712,12.06351,12.06668,0.00,0.00
2014.10.08 17:03:17.594,12.06361,12.06669,0.00,0.00
2014.10.08 17:03:17.924,12.06413,12.06719,0.00,0.00
2014.10.08 17:03:18.181,12.06401,12.06719,0.00,0.00
2014.10.08 17:03:19.005,12.06447,12.06719,0.00,0.00
2014.10.08 17:03:19.056,12.06447,12.06769,0.00,0.00
2014.10.08 17:03:19.284,12.06441,12.06768,0.00,0.00
2014.10.08 17:03:19.847,12.06441,12.06769,0.00,0.00
2014.10.08 17:03:19.898,12.06441,12.06757,0.00,0.00
2014.10.08 17:03:20.086,12.06441,12.06769,0.00,0.00
2014.10.08 17:03:20.202,12.06446,12.06769,0.00,0.00
2014.10.08 17:03:21.036,12.06441,12.06768,0.00,0.00
2014.10.08 17:03:21.425,12.06469,12.06769,0.00,0.00
2014.10.08 17:03:21.526,12.0648,12.06819,0.00,0.00
2014.10.08 17:03:21.893,12.06481,12.06809,0.00,0.00
2014.10.08 17:03:22.519,12.06481,12.0677,0.00,0.00
2014.10.08 17:03:22.569,12.06461,12.0677,0.00,0.00
2014.10.08 17:03:22.620,12.06461,12.06751,0.00,0.00
2014.10.08 17:03:22.764,12.06442,12.06751,0.00,0.00
2014.10.08 17:03:22.897,12.06442,12.06762,0.00,0.00
2014.10.08 17:03:23.294,12.06442,12.06722,0.00,0.00
2014.10.08 17:03:23.345,12.06411,12.06722,0.00,0.00
2014.10.08 17:03:23.702,12.06426,12.06722,0.00,0.00
2014.10.08 17:03:23.903,12.06411,12.06722,0.00,0.00
2014.10.08 17:03:24.195,12.06411,12.06719,0.00,0.00
2014.10.08 17:03:25.408,12.06422,12.06719,0.00,0.00
2014.10.08 17:03:25.709,12.06401,12.06719,0.00,0.00
2014.10.08 17:03:25.809,12.06444,12.06719,0.00,0.00
2014.10.08 17:03:26.315,12.06401,12.06719,0.00,0.00
2014.10.08 17:03:28.023,12.06419,12.06719,0.00,0.00
2014.10.08 17:03:30.833,12.06401,12.06719,0.00,0.00
2014.10.08 17:03:31.645,12.06412,12.06719,0.00,0.00
2014.10.08 17:03:31.856,12.06401,12.06719,0.00,0.00
2014.10.08 17:03:32.085,12.06425,12.06719,0.00,0.00
2014.10.08 17:03:32.269,12.06414,12.06719,0.00,0.00
2014.10.08 17:03:32.997,12.06414,12.06722,0.00,0.00
2014.10.08 17:03:33.097,12.06437,12.06769,0.00,0.00
2014.10.08 17:03:33.148,12.06441,12.06769,0.00,0.00
2014.10.08 17:03:33.299,12.06435,12.06769,0.00,0.00
2014.10.08 17:03:33.350,12.06442,12.06769,0.00,0.00
2014.10.08 17:03:34.072,12.06442,12.06768,0.00,0.00
2014.10.08 17:03:35.034,12.06442,12.06722,0.00,0.00
2014.10.08 17:03:35.185,12.06429,12.06719,0.00,0.00
2014.10.08 17:03:35.654,12.06442,12.06719,0.00,0.00
2014.10.08 17:03:36.404,12.06442,12.06769,0.00,0.00
2014.10.08 17:03:39.384,12.06447,12.06769,0.00,0.00
2014.10.08 17:03:39.685,12.06442,12.06769,0.00,0.00
2014.10.08 17:03:40.587,12.06474,12.06769,0.00,0.00
2014.10.08 17:03:40.736,12.06449,12.06769,0.00,0.00
2014.10.08 17:03:41.122,12.06511,12.06769,0.00,0.00
2014.10.08 17:03:41.173,12.06511,12.06819,0.00,0.00
2014.10.08 17:03:41.590,12.06493,12.06819,0.00,0.00
2014.10.08 17:03:42.111,12.06517,12.06819,0.00,0.00
2014.10.08 17:03:42.442,12.06492,12.06819,0.00,0.00
2014.10.08 17:03:42.893,12.06516,12.06819,0.00,0.00
2014.10.08 17:03:43.434,12.06494,12.06819,0.00,0.00
2014.10.08 17:03:43.894,12.06506,12.06819,0.00,0.00
2014.10.08 17:03:44.373,12.06518,12.06819,0.00,0.00
2014.10.08 17:03:44.424,12.06493,12.06819,0.00,0.00
2014.10.08 17:03:45.414,12.06517,12.06819,0.00,0.00
2014.10.08 17:03:45.597,12.06501,12.06819,0.00,0.00
2014.10.08 17:03:46.235,12.06519,12.06819,0.00,0.00
2014.10.08 17:03:46.498,12.06507,12.06819,0.00,0.00
2014.10.08 17:03:46.666,12.06493,12.06819,0.00,0.00
2014.10.08 17:03:46.717,12.06569,12.06819,0.00,0.00
2014.10.08 17:03:46.949,12.06507,12.06819,0.00,0.00
2014.10.08 17:03:47.100,12.06564,12.06832,0.00,0.00
2014.10.08 17:03:47.151,12.06564,12.06868,0.00,0.00
2014.10.08 17:03:47.900,12.0654,12.06868,0.00,0.00
2014.10.08 17:03:48.337,12.06553,12.06868,0.00,0.00
2014.10.08 17:03:48.692,12.06565,12.06868,0.00,0.00
2014.10.08 17:03:49.052,12.0654,12.06868,0.00,0.00
2014.10.08 17:03:49.506,12.06552,12.06868,0.00,0.00
2014.10.08 17:03:51.030,12.06605,12.06868,0.00,0.00
2014.10.08 17:03:51.080,12.06605,12.06881,0.00,0.00
2014.10.08 17:03:51.131,12.06569,12.06843,0.00,0.00
2014.10.08 17:03:51.643,12.06562,12.06832,0.00,0.00
2014.10.08 17:03:51.803,12.06501,12.06819,0.00,0.00
2014.10.08 17:03:51.854,12.06546,12.06819,0.00,0.00
2014.10.08 17:03:52.350,12.06507,12.06819,0.00,0.00
2014.10.08 17:03:52.915,12.0652,12.06819,0.00,0.00
2014.10.08 17:03:53.261,12.06532,12.06832,0.00,0.00
2014.10.08 17:03:53.362,12.06553,12.06869,0.00,0.00
2014.10.08 17:03:53.416,12.06564,12.06869,0.00,0.00
2014.10.08 17:03:53.917,12.06541,12.06869,0.00,0.00
2014.10.08 17:03:54.919,12.06564,12.06869,0.00,0.00
2014.10.08 17:03:55.544,12.06564,12.06882,0.00,0.00
2014.10.08 17:03:55.644,12.06568,12.06897,0.00,0.00
2014.10.08 17:03:55.821,12.06568,12.06872,0.00,0.00
2014.10.08 17:03:55.871,12.06562,12.06872,0.00,0.00
2014.10.08 17:03:56.121,12.06562,12.06882,0.00,0.00
2014.10.08 17:03:56.649,12.06565,12.06882,0.00,0.00
2014.10.08 17:03:56.922,12.06562,12.06882,0.00,0.00
2014.10.08 17:03:57.023,12.0654,12.06868,0.00,0.00
2014.10.08 17:03:57.223,12.06531,12.06831,0.00,0.00
2014.10.08 17:03:57.323,12.06512,12.06831,0.00,0.00
2014.10.08 17:03:58.314,12.06492,12.06818,0.00,0.00
2014.10.08 17:03:58.453,12.065,12.06818,0.00,0.00
2014.10.08 17:03:58.775,12.06513,12.06818,0.00,0.00
2014.10.08 17:03:59.026,12.06492,12.06818,0.00,0.00
2014.10.08 17:03:59.164,12.06504,12.06818,0.00,0.00
2014.10.08 17:03:59.368,12.06492,12.06818,0.00,0.00
2014.10.08 17:04:00.227,12.06504,12.06818,0.00,0.00
2014.10.08 17:04:00.543,12.06519,12.06818,0.00,0.00
2014.10.08 17:04:00.644,12.06496,12.06818,0.00,0.00
2014.10.08 17:04:00.695,12.06519,12.06818,0.00,0.00
2014.10.08 17:04:00.946,12.0655,12.06869,0.00,0.00
2014.10.08 17:04:01.538,12.06528,12.06869,0.00,0.00
2014.10.08 17:04:02.259,12.06539,12.06869,0.00,0.00
2014.10.08 17:04:02.589,12.06552,12.06869,0.00,0.00
2014.10.08 17:04:03.346,12.0654,12.06869,0.00,0.00
2014.10.08 17:04:03.750,12.06563,12.06869,0.00,0.00
2014.10.08 17:04:04.483,12.06539,12.06869,0.00,0.00
2014.10.08 17:04:05.097,12.06563,12.06869,0.00,0.00
2014.10.08 17:04:05.561,12.0654,12.06869,0.00,0.00
2014.10.08 17:04:05.757,12.06552,12.06869,0.00,0.00
2014.10.08 17:04:08.201,12.06563,12.06869,0.00,0.00
2014.10.08 17:04:08.365,12.06539,12.06869,0.00,0.00
2014.10.08 17:04:08.966,12.06563,12.06869,0.00,0.00
2014.10.08 17:04:09.739,12.06563,12.06881,0.00,0.00
2014.10.08 17:04:09.789,12.06606,12.06881,0.00,0.00
2014.10.08 17:04:09.840,12.06606,12.06918,0.00,0.00
2014.10.08 17:04:11.409,12.06588,12.06918,0.00,0.00
2014.10.08 17:04:12.104,12.06599,12.06918,0.00,0.00
2014.10.08 17:04:12.443,12.06613,12.06918,0.00,0.00
2014.10.08 17:04:12.979,12.06587,12.06918,0.00,0.00
2014.10.08 17:04:13.083,12.06569,12.06843,0.00,0.00
2014.10.08 17:04:13.133,12.06518,12.06843,0.00,0.00
2014.10.08 17:04:13.205,12.06512,12.06832,0.00,0.00
2014.10.08 17:04:13.585,12.06523,12.06832,0.00,0.00
2014.10.08 17:04:13.813,12.06512,12.06832,0.00,0.00
2014.10.08 17:04:14.363,12.06507,12.06819,0.00,0.00
2014.10.08 17:04:14.753,12.0655,12.06819,0.00,0.00
2014.10.08 17:04:14.804,12.0653,12.06819,0.00,0.00
2014.10.08 17:04:14.905,12.06557,12.06819,0.00,0.00
2014.10.08 17:04:15.006,12.06544,12.06819,0.00,0.00
2014.10.08 17:04:15.107,12.06532,12.06819,0.00,0.00
2014.10.08 17:04:15.724,12.06502,12.06819,0.00,0.00
2014.10.08 17:04:16.136,12.06512,12.06831,0.00,0.00
2014.10.08 17:04:16.187,12.0655,12.06868,0.00,0.00
2014.10.08 17:04:16.547,12.06557,12.06868,0.00,0.00
2014.10.08 17:04:16.787,12.06545,12.06868,0.00,0.00
2014.10.08 17:04:17.205,12.06568,12.06868,0.00,0.00
2014.10.08 17:04:17.411,12.06556,12.06868,0.00,0.00
2014.10.08 17:04:17.512,12.06569,12.06868,0.00,0.00
2014.10.08 17:04:17.713,12.0651,12.06818,0.00,0.00
2014.10.08 17:04:18.339,12.06521,12.06818,0.00,0.00
2014.10.08 17:04:18.389,12.06509,12.06818,0.00,0.00
2014.10.08 17:04:18.734,12.06522,12.06818,0.00,0.00
2014.10.08 17:04:18.791,12.06509,12.06818,0.00,0.00
2014.10.08 17:04:18.891,12.06523,12.06818,0.00,0.00
2014.10.08 17:04:19.314,12.06535,12.06831,0.00,0.00
2014.10.08 17:04:19.415,12.06572,12.06869,0.00,0.00
2014.10.08 17:04:19.493,12.06613,12.06869,0.00,0.00
2014.10.08 17:04:20.195,12.06591,12.06869,0.00,0.00
2014.10.08 17:04:20.740,12.06562,12.06869,0.00,0.00
2014.10.08 17:04:20.846,12.06532,12.06869,0.00,0.00
2014.10.08 17:04:22.286,12.06532,12.06819,0.00,0.00
2014.10.08 17:04:22.387,12.06518,12.06819,0.00,0.00
2014.10.08 17:04:22.443,12.06504,12.06819,0.00,0.00
2014.10.08 17:04:23.310,12.06523,12.06819,0.00,0.00
2014.10.08 17:04:23.533,12.06561,12.06882,0.00,0.00
2014.10.08 17:04:23.634,12.06606,12.06882,0.00,0.00
2014.10.08 17:04:23.734,12.06593,12.06882,0.00,0.00
2014.10.08 17:04:23.785,12.06593,12.06919,0.00,0.00
2014.10.08 17:04:24.202,12.06571,12.06912,0.00,0.00
2014.10.08 17:04:24.253,12.06568,12.06912,0.00,0.00
2014.10.08 17:04:24.303,12.06568,12.0686,0.00,0.00
2014.10.08 17:04:24.354,12.06561,12.0686,0.00,0.00
2014.10.08 17:04:24.942,12.06532,12.0686,0.00,0.00
2014.10.08 17:04:25.250,12.06538,12.06869,0.00,0.00
2014.10.08 17:04:26.358,12.06519,12.06805,0.00,0.00
2014.10.08 17:04:26.409,12.06468,12.06805,0.00,0.00
2014.10.08 17:04:26.624,12.06461,12.06782,0.00,0.00
2014.10.08 17:04:27.679,12.0645,12.06768,0.00,0.00
2014.10.08 17:04:27.983,12.06471,12.06748,0.00,0.00
2014.10.08 17:04:28.034,12.06468,12.06748,0.00,0.00
2014.10.08 17:04:28.134,12.06412,12.06721,0.00,0.00
2014.10.08 17:04:28.363,12.06369,12.06668,0.00,0.00
2014.10.08 17:04:28.693,12.06396,12.06668,0.00,0.00
2014.10.08 17:04:28.794,12.06368,12.06653,0.00,0.00
2014.10.08 17:04:28.935,12.06312,12.06622,0.00,0.00
2014.10.08 17:04:29.331,12.06327,12.06622,0.00,0.00
2014.10.08 17:04:29.703,12.06327,12.06668,0.00,0.00
2014.10.08 17:04:29.753,12.06351,12.06668,0.00,0.00
2014.10.08 17:04:30.119,12.06424,12.06619,0.00,0.00
2014.10.08 17:04:30.169,12.06381,12.06619,0.00,0.00
2014.10.08 17:04:30.220,12.06369,12.06619,0.00,0.00
2014.10.08 17:04:30.271,12.06311,12.06619,0.00,0.00
2014.10.08 17:04:30.321,12.06431,12.06622,0.00,0.00
2014.10.08 17:04:30.422,12.06418,12.06622,0.00,0.00
2014.10.08 17:04:30.472,12.06419,12.06618,0.00,0.00
2014.10.08 17:04:30.573,12.06342,12.06618,0.00,0.00
2014.10.08 17:04:30.736,12.06359,12.06618,0.00,0.00
2014.10.08 17:04:31.136,12.06395,12.06618,0.00,0.00
2014.10.08 17:04:31.193,12.06395,12.06718,0.00,0.00
2014.10.08 17:04:31.537,12.06393,12.06718,0.00,0.00
2014.10.08 17:04:31.837,12.06418,12.06718,0.00,0.00
2014.10.08 17:04:33.868,12.0639,12.06669,0.00,0.00
2014.10.08 17:04:33.969,12.06355,12.06669,0.00,0.00
2014.10.08 17:04:34.103,12.06355,12.06621,0.00,0.00
2014.10.08 17:04:34.154,12.06329,12.06621,0.00,0.00
2014.10.08 17:04:34.380,12.06318,12.06621,0.00,0.00
2014.10.08 17:04:34.738,12.06318,12.0657,0.00,0.00
2014.10.08 17:04:34.788,12.06311,12.0657,0.00,0.00
2014.10.08 17:04:34.839,12.06307,12.06518,0.00,0.00
2014.10.08 17:04:34.903,12.06218,12.06518,0.00,0.00
2014.10.08 17:04:35.005,12.06201,12.06518,0.00,0.00
2014.10.08 17:04:35.055,12.06219,12.06518,0.00,0.00
2014.10.08 17:04:35.396,12.06269,12.06518,0.00,0.00
2014.10.08 17:04:35.533,12.06201,12.06518,0.00,0.00
2014.10.08 17:04:35.583,12.0622,12.06518,0.00,0.00
2014.10.08 17:04:35.647,12.06201,12.06518,0.00,0.00
2014.10.08 17:04:36.147,12.06218,12.06518,0.00,0.00
2014.10.08 17:04:36.449,12.06201,12.06518,0.00,0.00
2014.10.08 17:04:36.985,12.06217,12.06518,0.00,0.00
2014.10.08 17:04:37.303,12.06228,12.06518,0.00,0.00
2014.10.08 17:04:37.651,12.06209,12.06518,0.00,0.00
2014.10.08 17:04:37.751,12.06201,12.06518,0.00,0.00
2014.10.08 17:04:38.051,12.06221,12.06518,0.00,0.00
2014.10.08 17:04:38.253,12.06201,12.06518,0.00,0.00
2014.10.08 17:04:38.663,12.06219,12.06518,0.00,0.00
2014.10.08 17:04:39.001,12.06247,12.06518,0.00,0.00
2014.10.08 17:04:39.703,12.06247,12.06568,0.00,0.00
2014.10.08 17:04:39.886,12.06266,12.06568,0.00,0.00
2014.10.08 17:04:40.089,12.06254,12.06568,0.00,0.00
2014.10.08 17:04:40.193,12.06269,12.06568,0.00,0.00
2014.10.08 17:04:40.500,12.06281,12.06568,0.00,0.00
2014.10.08 17:04:40.857,12.06286,12.06568,0.00,0.00
2014.10.08 17:04:41.092,12.06286,12.06619,0.00,0.00
2014.10.08 17:04:41.474,12.06309,12.06619,0.00,0.00
2014.10.08 17:04:41.776,12.0632,12.06619,0.00,0.00
2014.10.08 17:04:42.125,12.06331,12.06619,0.00,0.00
2014.10.08 17:04:42.460,12.06291,12.06615,0.00,0.00
2014.10.08 17:04:42.861,12.0631,12.06619,0.00,0.00
2014.10.08 17:04:43.196,12.06323,12.06665,0.00,0.00
2014.10.08 17:04:43.392,12.06361,12.06665,0.00,0.00
2014.10.08 17:04:44.379,12.06361,12.06621,0.00,0.00
2014.10.08 17:04:44.429,12.06321,12.06621,0.00,0.00
2014.10.08 17:04:44.502,12.06321,12.06619,0.00,0.00
2014.10.08 17:04:45.377,12.06361,12.06619,0.00,0.00
2014.10.08 17:04:45.593,12.06321,12.06619,0.00,0.00
2014.10.08 17:04:49.502,12.06321,12.06572,0.00,0.00
2014.10.08 17:04:49.552,12.06313,12.06572,0.00,0.00
2014.10.08 17:04:49.603,12.06272,12.06568,0.00,0.00
2014.10.08 17:04:50.301,12.06276,12.06568,0.00,0.00
2014.10.08 17:04:50.764,12.0632,12.06568,0.00,0.00
2014.10.08 17:04:50.814,12.06312,12.06568,0.00,0.00
2014.10.08 17:04:50.915,12.06312,12.06619,0.00,0.00
2014.10.08 17:04:53.087,12.06322,12.06619,0.00,0.00
2014.10.08 17:04:53.588,12.06312,12.06619,0.00,0.00
2014.10.08 17:04:55.825,12.06323,12.06619,0.00,0.00
2014.10.08 17:04:57.318,12.06312,12.06619,0.00,0.00
2014.10.08 17:04:58.032,12.06324,12.06619,0.00,0.00
2014.10.08 17:04:58.338,12.06312,12.06619,0.00,0.00
2014.10.08 17:04:59.810,12.06316,12.06619,0.00,0.00
2014.10.08 17:05:00.212,12.06312,12.06619,0.00,0.00
2014.10.08 17:05:00.313,12.06312,12.06572,0.00,0.00
2014.10.08 17:05:00.364,12.06271,12.06568,0.00,0.00
2014.10.08 17:05:00.565,12.06259,12.06568,0.00,0.00
2014.10.08 17:05:00.661,12.06261,12.06568,0.00,0.00
2014.10.08 17:05:00.965,12.06272,12.06522,0.00,0.00
2014.10.08 17:05:01.087,12.06259,12.06522,0.00,0.00
2014.10.08 17:05:01.137,12.06285,12.06522,0.00,0.00
2014.10.08 17:05:01.188,12.06285,12.06568,0.00,0.00
2014.10.08 17:05:01.339,12.06273,12.06568,0.00,0.00
2014.10.08 17:05:01.440,12.06261,12.06568,0.00,0.00
2014.10.08 17:05:01.619,12.06285,12.06568,0.00,0.00
2014.10.08 17:05:01.670,12.06285,12.06572,0.00,0.00
2014.10.08 17:05:01.771,12.06326,12.06619,0.00,0.00
2014.10.08 17:05:02.120,12.06316,12.06619,0.00,0.00
2014.10.08 17:05:02.221,12.06311,12.06619,0.00,0.00
2014.10.08 17:05:02.721,12.06316,12.06619,0.00,0.00
2014.10.08 17:05:03.154,12.06311,12.06619,0.00,0.00
2014.10.08 17:05:03.732,12.06329,12.06619,0.00,0.00
2014.10.08 17:05:03.834,12.06317,12.06619,0.00,0.00
2014.10.08 17:05:04.013,12.06317,12.06569,0.00,0.00
2014.10.08 17:05:04.064,12.06262,12.06568,0.00,0.00
2014.10.08 17:05:04.164,12.06231,12.06558,0.00,0.00
2014.10.08 17:05:04.348,12.06234,12.06569,0.00,0.00
2014.10.08 17:05:04.398,12.06234,12.06521,0.00,0.00
2014.10.08 17:05:04.706,12.06327,12.06569,0.00,0.00
2014.10.08 17:05:04.757,12.06311,12.06569,0.00,0.00
2014.10.08 17:05:04.859,12.06301,12.06569,0.00,0.00
2014.10.08 17:05:05.267,12.06301,12.06522,0.00,0.00
2014.10.08 17:05:05.318,12.06239,12.06518,0.00,0.00
2014.10.08 17:05:05.368,12.06245,12.06518,0.00,0.00
2014.10.08 17:05:05.749,12.06259,12.06518,0.00,0.00
2014.10.08 17:05:06.328,12.06232,12.06518,0.00,0.00
2014.10.08 17:05:07.670,12.06234,12.06518,0.00,0.00
2014.10.08 17:05:08.233,12.06259,12.06518,0.00,0.00
2014.10.08 17:05:08.636,12.06242,12.06518,0.00,0.00
2014.10.08 17:05:08.737,12.0626,12.06518,0.00,0.00
2014.10.08 17:05:08.940,12.06243,12.06518,0.00,0.00
2014.10.08 17:05:09.144,12.0626,12.06518,0.00,0.00
2014.10.08 17:05:09.449,12.06245,12.06518,0.00,0.00
2014.10.08 17:05:09.783,12.06254,12.06518,0.00,0.00
2014.10.08 17:05:09.853,12.06242,12.06518,0.00,0.00
2014.10.08 17:05:10.155,12.06232,12.06518,0.00,0.00
2014.10.08 17:05:10.514,12.06232,12.06471,0.00,0.00
2014.10.08 17:05:10.565,12.06162,12.0646,0.00,0.00
2014.10.08 17:05:10.615,12.06121,12.06418,0.00,0.00
2014.10.08 17:05:11.085,12.06121,12.06382,0.00,0.00
2014.10.08 17:05:11.135,12.0609,12.06371,0.00,0.00
2014.10.08 17:05:11.186,12.06062,12.06366,0.00,0.00
2014.10.08 17:05:11.287,12.06022,12.06319,0.00,0.00
2014.10.08 17:05:11.589,12.06061,12.06319,0.00,0.00
2014.10.08 17:05:11.890,12.06075,12.06319,0.00,0.00
2014.10.08 17:05:11.991,12.06069,12.06319,0.00,0.00
2014.10.08 17:05:12.092,12.06032,12.06319,0.00,0.00
2014.10.08 17:05:12.197,12.06042,12.06319,0.00,0.00
2014.10.08 17:05:12.524,12.06053,12.06319,0.00,0.00
2014.10.08 17:05:13.337,12.06041,12.06319,0.00,0.00
2014.10.08 17:05:13.438,12.06032,12.06319,0.00,0.00
2014.10.08 17:05:14.191,12.06048,12.06319,0.00,0.00
2014.10.08 17:05:14.892,12.06032,12.06319,0.00,0.00
2014.10.08 17:05:17.114,12.06048,12.06319,0.00,0.00
2014.10.08 17:05:18.338,12.06032,12.06319,0.00,0.00
2014.10.08 17:05:18.999,12.06048,12.06319,0.00,0.00
2014.10.08 17:05:19.558,12.06047,12.06319,0.00,0.00
2014.10.08 17:05:20.148,12.06062,12.06319,0.00,0.00
2014.10.08 17:05:21.002,12.06032,12.06319,0.00,0.00
2014.10.08 17:05:21.403,12.06039,12.06319,0.00,0.00
2014.10.08 17:05:21.704,12.06032,12.06319,0.00,0.00
2014.10.08 17:05:23.621,12.06038,12.06319,0.00,0.00
2014.10.08 17:05:25.122,12.06032,12.06319,0.00,0.00
2014.10.08 17:05:26.142,12.06037,12.06319,0.00,0.00
2014.10.08 17:05:26.611,12.06062,12.06319,0.00,0.00
2014.10.08 17:05:26.662,12.06062,12.06332,0.00,0.00
2014.10.08 17:05:26.712,12.0611,12.06368,0.00,0.00
2014.10.08 17:05:27.155,12.06128,12.06368,0.00,0.00
2014.10.08 17:05:27.527,12.06153,12.06368,0.00,0.00
2014.10.08 17:05:28.013,12.06132,12.06368,0.00,0.00
2014.10.08 17:05:28.064,12.06132,12.06418,0.00,0.00
2014.10.08 17:05:28.914,12.06144,12.06418,0.00,0.00
2014.10.08 17:05:29.415,12.06133,12.06418,0.00,0.00
2014.10.08 17:05:29.516,12.06121,12.06418,0.00,0.00
2014.10.08 17:05:31.018,12.06157,12.06418,0.00,0.00
2014.10.08 17:05:31.347,12.06167,12.06418,0.00,0.00
2014.10.08 17:05:31.397,12.06201,12.06472,0.00,0.00
2014.10.08 17:05:31.548,12.06219,12.06519,0.00,0.00
2014.10.08 17:05:31.649,12.06208,12.06519,0.00,0.00
2014.10.08 17:05:31.750,12.06201,12.06508,0.00,0.00
2014.10.08 17:05:31.863,12.06201,12.06519,0.00,0.00
2014.10.08 17:05:31.964,12.06222,12.06519,0.00,0.00
2014.10.08 17:05:32.238,12.0621,12.06519,0.00,0.00
2014.10.08 17:05:32.341,12.06201,12.06519,0.00,0.00
2014.10.08 17:05:32.443,12.06209,12.06519,0.00,0.00
2014.10.08 17:05:32.750,12.06201,12.06519,0.00,0.00
2014.10.08 17:05:33.466,12.0621,12.06519,0.00,0.00
2014.10.08 17:05:33.923,12.0625,12.06519,0.00,0.00
2014.10.08 17:05:34.136,12.06225,12.06519,0.00,0.00
2014.10.08 17:05:34.223,12.06249,12.06519,0.00,0.00
2014.10.08 17:05:34.467,12.06236,12.06519,0.00,0.00
2014.10.08 17:05:34.926,12.06209,12.06519,0.00,0.00
2014.10.08 17:05:36.629,12.0622,12.06519,0.00,0.00
2014.10.08 17:05:36.737,12.06201,12.06519,0.00,0.00
2014.10.08 17:05:37.931,12.06211,12.06519,0.00,0.00
2014.10.08 17:05:38.232,12.06201,12.06519,0.00,0.00
2014.10.08 17:05:38.447,12.06211,12.06519,0.00,0.00
2014.10.08 17:05:39.743,12.06201,12.06519,0.00,0.00
2014.10.08 17:05:40.036,12.06221,12.06519,0.00,0.00
2014.10.08 17:05:40.237,12.06201,12.06519,0.00,0.00
2014.10.08 17:05:40.939,12.06224,12.06519,0.00,0.00
2014.10.08 17:05:41.724,12.06225,12.06519,0.00,0.00
2014.10.08 17:05:41.982,12.06211,12.06519,0.00,0.00
2014.10.08 17:05:42.663,12.06201,12.06519,0.00,0.00
2014.10.08 17:05:44.454,12.06213,12.06519,0.00,0.00
2014.10.08 17:05:45.372,12.06226,12.06519,0.00,0.00
2014.10.08 17:05:46.258,12.06213,12.06519,0.00,0.00
2014.10.08 17:05:48.263,12.06229,12.06519,0.00,0.00
2014.10.08 17:05:48.463,12.06217,12.06519,0.00,0.00
2014.10.08 17:05:48.564,12.06205,12.06519,0.00,0.00
2014.10.08 17:05:49.169,12.06229,12.06519,0.00,0.00
2014.10.08 17:05:49.535,12.06217,12.06519,0.00,0.00
2014.10.08 17:05:51.014,12.06229,12.06519,0.00,0.00
2014.10.08 17:05:52.314,12.06218,12.06519,0.00,0.00
2014.10.08 17:05:53.182,12.06206,12.06519,0.00,0.00
2014.10.08 17:05:53.482,12.06218,12.06519,0.00,0.00
2014.10.08 17:05:55.798,12.06205,12.06519,0.00,0.00
2014.10.08 17:05:56.411,12.06217,12.06519,0.00,0.00
2014.10.08 17:05:56.512,12.06205,12.06519,0.00,0.00
2014.10.08 17:05:57.044,12.06205,12.06472,0.00,0.00
2014.10.08 17:05:57.095,12.06201,12.06472,0.00,0.00
2014.10.08 17:05:57.145,12.06201,12.06469,0.00,0.00
2014.10.08 17:05:57.246,12.06135,12.06469,0.00,0.00
2014.10.08 17:05:57.296,12.06158,12.06469,0.00,0.00
2014.10.08 17:05:57.628,12.06161,12.06469,0.00,0.00
2014.10.08 17:05:58.237,12.06183,12.06469,0.00,0.00
2014.10.08 17:05:58.586,12.06139,12.06418,0.00,0.00
2014.10.08 17:05:58.735,12.06122,12.06418,0.00,0.00
2014.10.08 17:05:59.253,12.06137,12.06418,0.00,0.00
2014.10.08 17:05:59.622,12.06147,12.06418,0.00,0.00
2014.10.08 17:06:00.010,12.06124,12.06418,0.00,0.00
2014.10.08 17:06:00.948,12.06112,12.06418,0.00,0.00
2014.10.08 17:06:01.414,12.06125,12.06418,0.00,0.00
2014.10.08 17:06:02.415,12.06138,12.06418,0.00,0.00
2014.10.08 17:06:03.117,12.06127,12.06418,0.00,0.00
2014.10.08 17:06:03.862,12.06128,12.06418,0.00,0.00
2014.10.08 17:06:04.048,12.06116,12.06418,0.00,0.00
2014.10.08 17:06:04.943,12.06101,12.06418,0.00,0.00
2014.10.08 17:06:05.174,12.06126,12.06418,0.00,0.00
2014.10.08 17:06:05.427,12.06112,12.06418,0.00,0.00
2014.10.08 17:06:06.246,12.06124,12.06418,0.00,0.00
2014.10.08 17:06:06.759,12.06149,12.06418,0.00,0.00
2014.10.08 17:06:06.831,12.06126,12.06418,0.00,0.00
2014.10.08 17:06:07.230,12.06111,12.06418,0.00,0.00
2014.10.08 17:06:07.631,12.06123,12.06418,0.00,0.00
2014.10.08 17:06:09.852,12.0611,12.06418,0.00,0.00
2014.10.08 17:06:10.842,12.06101,12.06418,0.00,0.00
2014.10.08 17:06:11.232,12.06101,12.06331,0.00,0.00
2014.10.08 17:06:11.433,12.06012,12.06318,0.00,0.00
2014.10.08 17:06:12.162,12.06006,12.06318,0.00,0.00
2014.10.08 17:06:14.802,12.06006,12.06281,0.00,0.00
2014.10.08 17:06:14.852,12.05941,12.06269,0.00,0.00
2014.10.08 17:06:15.072,12.05964,12.06269,0.00,0.00
2014.10.08 17:06:17.180,12.05951,12.06269,0.00,0.00
2014.10.08 17:06:17.425,12.05953,12.06269,0.00,0.00
2014.10.08 17:06:18.672,12.05953,12.06219,0.00,0.00
2014.10.08 17:06:18.776,12.05938,12.06219,0.00,0.00
2014.10.08 17:06:18.848,12.05964,12.06219,0.00,0.00
2014.10.08 17:06:19.549,12.05984,12.06219,0.00,0.00
2014.10.08 17:06:19.600,12.05984,12.06319,0.00,0.00
2014.10.08 17:06:19.650,12.06029,12.06319,0.00,0.00
2014.10.08 17:06:20.857,12.06017,12.06319,0.00,0.00
2014.10.08 17:06:22.375,12.06029,12.06319,0.00,0.00
2014.10.08 17:06:23.772,12.06029,12.06221,0.00,0.00
2014.10.08 17:06:23.892,12.05991,12.06218,0.00,0.00
2014.10.08 17:06:23.943,12.05951,12.06218,0.00,0.00
2014.10.08 17:06:24.156,12.05963,12.06218,0.00,0.00
2014.10.08 17:06:25.162,12.05963,12.06268,0.00,0.00
2014.10.08 17:06:26.559,12.05951,12.06268,0.00,0.00
2014.10.08 17:06:27.657,12.05969,12.06268,0.00,0.00
2014.10.08 17:06:27.708,12.05993,12.06319,0.00,0.00
2014.10.08 17:06:28.062,12.05991,12.06319,0.00,0.00
2014.10.08 17:06:28.162,12.05996,12.06319,0.00,0.00
2014.10.08 17:06:28.628,12.06028,12.06319,0.00,0.00
2014.10.08 17:06:28.723,12.06016,12.06319,0.00,0.00
2014.10.08 17:06:29.878,12.06004,12.06319,0.00,0.00
2014.10.08 17:06:30.080,12.06028,12.06319,0.00,0.00
2014.10.08 17:06:30.866,12.06004,12.06319,0.00,0.00
2014.10.08 17:06:30.989,12.06029,12.06319,0.00,0.00
2014.10.08 17:06:35.472,12.06017,12.06319,0.00,0.00
2014.10.08 17:06:36.673,12.06005,12.06319,0.00,0.00
2014.10.08 17:06:40.479,12.06017,12.06319,0.00,0.00
2014.10.08 17:06:40.839,12.06029,12.06319,0.00,0.00
2014.10.08 17:06:42.873,12.06029,12.06218,0.00,0.00
2014.10.08 17:06:42.923,12.05991,12.06218,0.00,0.00
2014.10.08 17:06:42.974,12.05921,12.06218,0.00,0.00
2014.10.08 17:06:43.724,12.05939,12.06218,0.00,0.00
2014.10.08 17:06:43.884,12.05927,12.06218,0.00,0.00
2014.10.08 17:06:44.027,12.05939,12.06218,0.00,0.00
2014.10.08 17:06:44.192,12.05927,12.06218,0.00,0.00
2014.10.08 17:06:44.585,12.05921,12.06218,0.00,0.00
2014.10.08 17:06:44.902,12.05939,12.06218,0.00,0.00
2014.10.08 17:06:44.986,12.05921,12.06218,0.00,0.00
2014.10.08 17:06:45.271,12.05913,12.06218,0.00,0.00
2014.10.08 17:06:45.322,12.05938,12.06218,0.00,0.00
2014.10.08 17:06:45.513,12.05914,12.06218,0.00,0.00
2014.10.08 17:06:45.587,12.05939,12.06218,0.00,0.00
2014.10.08 17:06:47.425,12.05927,12.06218,0.00,0.00
2014.10.08 17:06:49.296,12.05939,12.06218,0.00,0.00
2014.10.08 17:06:49.756,12.05964,12.06218,0.00,0.00
2014.10.08 17:06:49.807,12.05953,12.06218,0.00,0.00
2014.10.08 17:06:50.393,12.05926,12.06218,0.00,0.00
2014.10.08 17:06:51.331,12.05939,12.06218,0.00,0.00
2014.10.08 17:06:51.395,12.05926,12.06218,0.00,0.00
2014.10.08 17:06:51.495,12.05953,12.06218,0.00,0.00
2014.10.08 17:06:51.737,12.05939,12.06218,0.00,0.00
2014.10.08 17:06:52.496,12.05917,12.06218,0.00,0.00
2014.10.08 17:06:53.066,12.05938,12.06218,0.00,0.00
2014.10.08 17:06:53.692,12.05938,12.06172,0.00,0.00
2014.10.08 17:06:53.843,12.05851,12.06169,0.00,0.00
2014.10.08 17:06:53.943,12.05869,12.06169,0.00,0.00
2014.10.08 17:06:54.389,12.05888,12.06169,0.00,0.00
2014.10.08 17:06:54.439,12.0587,12.06169,0.00,0.00
2014.10.08 17:06:54.621,12.05882,12.06169,0.00,0.00
2014.10.08 17:06:54.940,12.05945,12.06169,0.00,0.00
2014.10.08 17:06:55.098,12.05945,12.06219,0.00,0.00
2014.10.08 17:06:55.702,12.05913,12.06219,0.00,0.00
2014.10.08 17:06:55.802,12.05938,12.06219,0.00,0.00
2014.10.08 17:06:56.503,12.05914,12.06219,0.00,0.00
2014.10.08 17:06:56.803,12.05938,12.06219,0.00,0.00
2014.10.08 17:07:00.049,12.05962,12.06219,0.00,0.00
2014.10.08 17:07:01.039,12.05924,12.06219,0.00,0.00
2014.10.08 17:07:01.511,12.05935,12.06219,0.00,0.00
2014.10.08 17:07:01.978,12.05963,12.06219,0.00,0.00
2014.10.08 17:07:02.313,12.0594,12.06219,0.00,0.00
2014.10.08 17:07:02.533,12.05963,12.06219,0.00,0.00
2014.10.08 17:07:02.634,12.05948,12.06219,0.00,0.00
2014.10.08 17:07:02.814,12.05927,12.06219,0.00,0.00
2014.10.08 17:07:05.139,12.05963,12.06222,0.00,0.00
2014.10.08 17:07:05.466,12.06032,12.06268,0.00,0.00
2014.10.08 17:07:05.807,12.06169,12.06331,0.00,0.00
2014.10.08 17:07:05.908,12.06169,12.06381,0.00,0.00
2014.10.08 17:07:05.959,12.06229,12.06381,0.00,0.00
2014.10.08 17:07:06.139,12.06229,12.06472,0.00,0.00
2014.10.08 17:07:06.382,12.06254,12.06518,0.00,0.00
2014.10.08 17:07:06.433,12.06313,12.06518,0.00,0.00
2014.10.08 17:07:06.522,12.06313,12.06572,0.00,0.00
2014.10.08 17:07:06.623,12.06324,12.06619,0.00,0.00
2014.10.08 17:07:06.823,12.06299,12.06619,0.00,0.00
2014.10.08 17:07:06.961,12.06325,12.06619,0.00,0.00
2014.10.08 17:07:07.324,12.06314,12.06619,0.00,0.00
2014.10.08 17:07:07.724,12.06302,12.06619,0.00,0.00
2014.10.08 17:07:07.824,12.06283,12.06619,0.00,0.00
2014.10.08 17:07:07.925,12.06269,12.0656,0.00,0.00
2014.10.08 17:07:07.975,12.06258,12.0656,0.00,0.00
2014.10.08 17:07:08.076,12.06218,12.0656,0.00,0.00
2014.10.08 17:07:08.212,12.06218,12.06522,0.00,0.00
2014.10.08 17:07:08.593,12.06243,12.06522,0.00,0.00
2014.10.08 17:07:08.917,12.06269,12.06569,0.00,0.00
2014.10.08 17:07:08.967,12.06272,12.06569,0.00,0.00
2014.10.08 17:07:09.303,12.06327,12.06569,0.00,0.00
2014.10.08 17:07:09.381,12.06327,12.06619,0.00,0.00
2014.10.08 17:07:09.535,12.06304,12.06619,0.00,0.00
2014.10.08 17:07:10.356,12.06315,12.06619,0.00,0.00
2014.10.08 17:07:10.871,12.06328,12.06619,0.00,0.00
2014.10.08 17:07:10.972,12.06316,12.06619,0.00,0.00
2014.10.08 17:07:11.180,12.06311,12.06621,0.00,0.00
2014.10.08 17:07:11.280,12.06311,12.06669,0.00,0.00
2014.10.08 17:07:11.335,12.06349,12.06669,0.00,0.00
2014.10.08 17:07:11.452,12.06319,12.06669,0.00,0.00
2014.10.08 17:07:11.542,12.06349,12.06669,0.00,0.00
2014.10.08 17:07:11.850,12.06311,12.06621,0.00,0.00
2014.10.08 17:07:12.171,12.06311,12.06669,0.00,0.00
2014.10.08 17:07:12.272,12.06349,12.06669,0.00,0.00
2014.10.08 17:07:12.600,12.06421,12.06719,0.00,0.00
2014.10.08 17:07:13.755,12.0641,12.06719,0.00,0.00
2014.10.08 17:07:16.090,12.06424,12.06719,0.00,0.00
2014.10.08 17:07:16.195,12.06399,12.06719,0.00,0.00
2014.10.08 17:07:16.894,12.06385,12.06719,0.00,0.00
2014.10.08 17:07:17.212,12.06411,12.06719,0.00,0.00
2014.10.08 17:07:18.067,12.06398,12.06719,0.00,0.00
2014.10.08 17:07:19.371,12.0642,12.06719,0.00,0.00
2014.10.08 17:07:20.274,12.06386,12.06719,0.00,0.00
2014.10.08 17:07:20.474,12.06398,12.06719,0.00,0.00
2014.10.08 17:07:20.674,12.06385,12.06719,0.00,0.00
2014.10.08 17:07:21.585,12.06398,12.06719,0.00,0.00
2014.10.08 17:07:22.124,12.06427,12.06719,0.00,0.00
2014.10.08 17:07:24.016,12.06453,12.06719,0.00,0.00
2014.10.08 17:07:24.317,12.06439,12.06719,0.00,0.00
2014.10.08 17:07:24.380,12.06451,12.06719,0.00,0.00
2014.10.08 17:07:24.764,12.06464,12.06719,0.00,0.00
2014.10.08 17:07:24.815,12.06451,12.06719,0.00,0.00
2014.10.08 17:07:25.031,12.06439,12.06719,0.00,0.00
2014.10.08 17:07:25.987,12.06429,12.06719,0.00,0.00
2014.10.08 17:07:26.088,12.06405,12.06719,0.00,0.00
2014.10.08 17:07:26.535,12.06417,12.06719,0.00,0.00
2014.10.08 17:07:26.991,12.06404,12.06719,0.00,0.00
2014.10.08 17:07:27.192,12.06429,12.06719,0.00,0.00
2014.10.08 17:07:27.592,12.06404,12.06719,0.00,0.00
2014.10.08 17:07:27.893,12.06416,12.06719,0.00,0.00
2014.10.08 17:07:28.995,12.06405,12.06719,0.00,0.00
2014.10.08 17:07:29.105,12.06428,12.06719,0.00,0.00
2014.10.08 17:07:29.737,12.06404,12.06719,0.00,0.00
2014.10.08 17:07:30.430,12.06404,12.06622,0.00,0.00
2014.10.08 17:07:30.547,12.06365,12.06619,0.00,0.00
2014.10.08 17:07:30.647,12.06326,12.06619,0.00,0.00
2014.10.08 17:07:30.698,12.06341,12.06619,0.00,0.00
2014.10.08 17:07:31.000,12.06439,12.06619,0.00,0.00
2014.10.08 17:07:31.181,12.06439,12.06718,0.00,0.00
2014.10.08 17:07:31.746,12.06408,12.06718,0.00,0.00
2014.10.08 17:07:32.407,12.06419,12.06718,0.00,0.00
2014.10.08 17:07:32.759,12.06439,12.06718,0.00,0.00
2014.10.08 17:07:33.213,12.06429,12.06718,0.00,0.00
2014.10.08 17:07:34.333,12.06415,12.06718,0.00,0.00
2014.10.08 17:07:34.607,12.06428,12.06718,0.00,0.00
2014.10.08 17:07:35.208,12.06416,12.06718,0.00,0.00
2014.10.08 17:07:38.417,12.06404,12.06718,0.00,0.00
2014.10.08 17:07:38.818,12.0643,12.06718,0.00,0.00
2014.10.08 17:07:39.119,12.06406,12.06718,0.00,0.00
2014.10.08 17:07:40.244,12.06428,12.06718,0.00,0.00
2014.10.08 17:07:44.338,12.06409,12.06718,0.00,0.00
2014.10.08 17:07:44.971,12.06409,12.06619,0.00,0.00
2014.10.08 17:07:45.072,12.06328,12.06619,0.00,0.00
2014.10.08 17:07:45.380,12.06348,12.06619,0.00,0.00
2014.10.08 17:07:45.941,12.0633,12.06619,0.00,0.00
2014.10.08 17:07:46.269,12.06318,12.06619,0.00,0.00
2014.10.08 17:07:46.847,12.06339,12.06619,0.00,0.00
2014.10.08 17:07:47.283,12.0632,12.06619,0.00,0.00
2014.10.08 17:07:48.252,12.06338,12.06619,0.00,0.00
2014.10.08 17:07:49.175,12.06321,12.06619,0.00,0.00
2014.10.08 17:07:49.276,12.06339,12.06669,0.00,0.00
2014.10.08 17:07:50.576,12.06388,12.06669,0.00,0.00
2014.10.08 17:07:50.677,12.06408,12.06718,0.00,0.00
2014.10.08 17:07:50.756,12.06408,12.06671,0.00,0.00
2014.10.08 17:07:51.157,12.06362,12.06622,0.00,0.00
2014.10.08 17:07:51.310,12.0632,12.06619,0.00,0.00
2014.10.08 17:07:51.761,12.06339,12.06619,0.00,0.00
2014.10.08 17:07:54.366,12.06319,12.06619,0.00,0.00
2014.10.08 17:07:55.368,12.0633,12.06619,0.00,0.00
2014.10.08 17:07:55.482,12.06318,12.06619,0.00,0.00
2014.10.08 17:07:55.769,12.0633,12.06619,0.00,0.00
2014.10.08 17:07:55.870,12.06318,12.06619,0.00,0.00
2014.10.08 17:07:56.270,12.0633,12.06619,0.00,0.00
2014.10.08 17:07:57.403,12.06319,12.06619,0.00,0.00
2014.10.08 17:07:58.011,12.06331,12.06619,0.00,0.00
2014.10.08 17:07:58.618,12.06331,12.06622,0.00,0.00
2014.10.08 17:07:58.719,12.06418,12.06669,0.00,0.00
2014.10.08 17:07:59.082,12.06433,12.06669,0.00,0.00
2014.10.08 17:08:00.001,12.06433,12.06718,0.00,0.00
2014.10.08 17:08:01.287,12.06412,12.06718,0.00,0.00
2014.10.08 17:08:01.797,12.06436,12.06718,0.00,0.00
2014.10.08 17:08:02.204,12.06424,12.06718,0.00,0.00
2014.10.08 17:08:02.390,12.06458,12.06718,0.00,0.00
2014.10.08 17:08:03.728,12.06436,12.06718,0.00,0.00
2014.10.08 17:08:03.829,12.06413,12.06718,0.00,0.00
2014.10.08 17:08:03.933,12.06367,12.06709,0.00,0.00
2014.10.08 17:08:03.983,12.06367,12.06672,0.00,0.00
2014.10.08 17:08:04.393,12.06378,12.06669,0.00,0.00
2014.10.08 17:08:05.434,12.06365,12.06669,0.00,0.00
2014.10.08 17:08:06.197,12.06388,12.06669,0.00,0.00
2014.10.08 17:08:07.415,12.06366,12.06669,0.00,0.00
2014.10.08 17:08:08.736,12.06377,12.06669,0.00,0.00
2014.10.08 17:08:08.801,12.06377,12.06672,0.00,0.00
2014.10.08 17:08:08.851,12.0643,12.06718,0.00,0.00
2014.10.08 17:08:09.205,12.0642,12.06718,0.00,0.00
2014.10.08 17:08:09.620,12.06392,12.06718,0.00,0.00
2014.10.08 17:08:09.806,12.0643,12.06718,0.00,0.00
2014.10.08 17:08:13.015,12.06406,12.06718,0.00,0.00
2014.10.08 17:08:13.120,12.06364,12.06669,0.00,0.00
2014.10.08 17:08:13.455,12.06408,12.06669,0.00,0.00
2014.10.08 17:08:14.410,12.06408,12.06719,0.00,0.00
2014.10.08 17:08:14.760,12.06408,12.06672,0.00,0.00
2014.10.08 17:08:14.860,12.06361,12.06672,0.00,0.00
2014.10.08 17:08:15.668,12.06364,12.06672,0.00,0.00
2014.10.08 17:08:16.277,12.06364,12.06668,0.00,0.00
2014.10.08 17:08:17.650,12.06375,12.06668,0.00,0.00
2014.10.08 17:08:19.524,12.06363,12.06668,0.00,0.00
2014.10.08 17:08:19.625,12.06428,12.06672,0.00,0.00
2014.10.08 17:08:19.726,12.06428,12.06719,0.00,0.00
2014.10.08 17:08:21.428,12.06408,12.06719,0.00,0.00
2014.10.08 17:08:21.529,12.06463,12.06719,0.00,0.00
2014.10.08 17:08:21.630,12.06447,12.06719,0.00,0.00
2014.10.08 17:08:21.857,12.06437,12.06719,0.00,0.00
2014.10.08 17:08:22.031,12.06447,12.06719,0.00,0.00
2014.10.08 17:08:22.535,12.06418,12.06719,0.00,0.00
2014.10.08 17:08:23.260,12.06429,12.06719,0.00,0.00
2014.10.08 17:08:24.140,12.06447,12.06719,0.00,0.00
2014.10.08 17:08:24.441,12.06427,12.06719,0.00,0.00
2014.10.08 17:08:24.742,12.06462,12.06719,0.00,0.00
2014.10.08 17:08:24.792,12.06462,12.06768,0.00,0.00
2014.10.08 17:08:25.172,12.06428,12.06768,0.00,0.00
2014.10.08 17:08:25.222,12.06428,12.06722,0.00,0.00
2014.10.08 17:08:26.045,12.06418,12.06722,0.00,0.00
2014.10.08 17:08:26.096,12.06418,12.06719,0.00,0.00
2014.10.08 17:08:26.494,12.06437,12.06719,0.00,0.00
2014.10.08 17:08:27.272,12.06361,12.0666,0.00,0.00
2014.10.08 17:08:27.323,12.06321,12.06619,0.00,0.00
2014.10.08 17:08:27.373,12.06318,12.06619,0.00,0.00
2014.10.08 17:08:27.664,12.06333,12.06619,0.00,0.00
2014.10.08 17:08:27.866,12.06321,12.06619,0.00,0.00
2014.10.08 17:08:28.069,12.06337,12.06619,0.00,0.00
2014.10.08 17:08:28.406,12.06362,12.06619,0.00,0.00
2014.10.08 17:08:28.710,12.06388,12.06668,0.00,0.00
2014.10.08 17:08:28.760,12.06407,12.06668,0.00,0.00
2014.10.08 17:08:28.953,12.06377,12.06668,0.00,0.00
2014.10.08 17:08:29.863,12.06388,12.06668,0.00,0.00
2014.10.08 17:08:30.152,12.06408,12.06719,0.00,0.00
2014.10.08 17:08:30.660,12.06386,12.06719,0.00,0.00
2014.10.08 17:08:30.711,12.06386,12.06672,0.00,0.00
2014.10.08 17:08:30.761,12.06367,12.06672,0.00,0.00
2014.10.08 17:08:31.062,12.06378,12.06672,0.00,0.00
2014.10.08 17:08:31.459,12.06378,12.06668,0.00,0.00
2014.10.08 17:08:33.439,12.06378,12.06672,0.00,0.00
2014.10.08 17:08:33.490,12.06489,12.06672,0.00,0.00
2014.10.08 17:08:33.590,12.06434,12.06719,0.00,0.00
2014.10.08 17:08:33.691,12.06408,12.06719,0.00,0.00
2014.10.08 17:08:34.116,12.0642,12.06719,0.00,0.00
2014.10.08 17:08:35.490,12.06402,12.06719,0.00,0.00
2014.10.08 17:08:35.576,12.06386,12.06719,0.00,0.00
2014.10.08 17:08:36.020,12.06399,12.06719,0.00,0.00
2014.10.08 17:08:36.327,12.06344,12.06669,0.00,0.00
2014.10.08 17:08:36.431,12.06352,12.06669,0.00,0.00
2014.10.08 17:08:36.732,12.06413,12.06669,0.00,0.00
2014.10.08 17:08:37.033,12.06435,12.06669,0.00,0.00
2014.10.08 17:08:37.084,12.06422,12.06669,0.00,0.00
2014.10.08 17:08:37.586,12.06434,12.06669,0.00,0.00
2014.10.08 17:08:37.637,12.06434,12.06722,0.00,0.00
2014.10.08 17:08:37.763,12.06462,12.06768,0.00,0.00
2014.10.08 17:08:37.813,12.06479,12.06768,0.00,0.00
2014.10.08 17:08:39.930,12.06479,12.06782,0.00,0.00
2014.10.08 17:08:39.982,12.06479,12.06818,0.00,0.00
2014.10.08 17:08:40.033,12.06495,12.06818,0.00,0.00
2014.10.08 17:08:40.133,12.06469,12.06803,0.00,0.00
2014.10.08 17:08:40.184,12.06462,12.06782,0.00,0.00
2014.10.08 17:08:40.536,12.06472,12.06782,0.00,0.00
2014.10.08 17:08:40.636,12.06462,12.06782,0.00,0.00
2014.10.08 17:08:41.025,12.06473,12.06782,0.00,0.00
2014.10.08 17:08:41.381,12.06461,12.06768,0.00,0.00
2014.10.08 17:08:44.879,12.06461,12.06782,0.00,0.00
2014.10.08 17:08:45.030,12.06523,12.06819,0.00,0.00
2014.10.08 17:08:47.108,12.06505,12.06819,0.00,0.00
2014.10.08 17:08:49.913,12.06529,12.06819,0.00,0.00
2014.10.08 17:08:50.141,12.06505,12.06819,0.00,0.00
2014.10.08 17:08:50.546,12.0653,12.06819,0.00,0.00
2014.10.08 17:08:50.854,12.06507,12.06819,0.00,0.00
2014.10.08 17:08:51.359,12.06531,12.06819,0.00,0.00
2014.10.08 17:08:51.966,12.06507,12.06819,0.00,0.00
2014.10.08 17:08:52.821,12.06518,12.06819,0.00,0.00
2014.10.08 17:08:52.922,12.06506,12.06819,0.00,0.00
2014.10.08 17:08:53.177,12.06518,12.0685,0.00,0.00
2014.10.08 17:08:53.228,12.0653,12.06868,0.00,0.00
2014.10.08 17:08:53.589,12.06569,12.06868,0.00,0.00
2014.10.08 17:08:53.809,12.06547,12.06868,0.00,0.00
2014.10.08 17:08:53.941,12.06522,12.06866,0.00,0.00
2014.10.08 17:08:56.531,12.06566,12.06868,0.00,0.00
2014.10.08 17:08:56.929,12.06626,12.06868,0.00,0.00
2014.10.08 17:08:57.537,12.06626,12.06918,0.00,0.00
2014.10.08 17:08:57.640,12.06603,12.06918,0.00,0.00
2014.10.08 17:08:58.136,12.06616,12.06918,0.00,0.00
2014.10.08 17:08:59.732,12.06616,12.06869,0.00,0.00
2014.10.08 17:08:59.782,12.06603,12.06869,0.00,0.00
2014.10.08 17:08:59.883,12.06537,12.06869,0.00,0.00
2014.10.08 17:08:59.984,12.06519,12.06856,0.00,0.00
2014.10.08 17:09:00.034,12.06519,12.06821,0.00,0.00
2014.10.08 17:09:00.085,12.06511,12.06821,0.00,0.00
2014.10.08 17:09:00.631,12.06511,12.0682,0.00,0.00
2014.10.08 17:09:01.042,12.06511,12.06832,0.00,0.00
2014.10.08 17:09:01.092,12.06518,12.06832,0.00,0.00
2014.10.08 17:09:01.552,12.0653,12.06819,0.00,0.00
2014.10.08 17:09:02.212,12.0652,12.06819,0.00,0.00
2014.10.08 17:09:02.463,12.06508,12.06819,0.00,0.00
2014.10.08 17:09:02.590,12.06508,12.06769,0.00,0.00
2014.10.08 17:09:02.691,12.06468,12.06769,0.00,0.00
2014.10.08 17:09:02.959,12.06454,12.06769,0.00,0.00
2014.10.08 17:09:03.010,12.06487,12.06769,0.00,0.00
2014.10.08 17:09:04.019,12.06487,12.06819,0.00,0.00
2014.10.08 17:09:05.400,12.06528,12.06819,0.00,0.00
2014.10.08 17:09:06.478,12.06504,12.06819,0.00,0.00
2014.10.08 17:09:10.987,12.06516,12.06819,0.00,0.00
2014.10.08 17:09:11.088,12.06475,12.06817,0.00,0.00
2014.10.08 17:09:11.499,12.06475,12.06719,0.00,0.00
2014.10.08 17:09:11.600,12.06422,12.06719,0.00,0.00
2014.10.08 17:09:12.392,12.06447,12.06719,0.00,0.00
2014.10.08 17:09:12.600,12.0642,12.06719,0.00,0.00
2014.10.08 17:09:13.310,12.06447,12.06719,0.00,0.00
2014.10.08 17:09:14.910,12.06462,12.06719,0.00,0.00
2014.10.08 17:09:14.975,12.06462,12.06721,0.00,0.00
2014.10.08 17:09:15.076,12.06469,12.0676,0.00,0.00
2014.10.08 17:09:15.148,12.06461,12.0676,0.00,0.00
2014.10.08 17:09:15.299,12.06461,12.0677,0.00,0.00
2014.10.08 17:09:15.621,12.06438,12.06719,0.00,0.00
2014.10.08 17:09:17.645,12.06419,12.06719,0.00,0.00
2014.10.08 17:09:22.834,12.06437,12.06719,0.00,0.00
2014.10.08 17:09:22.934,12.06425,12.06719,0.00,0.00
2014.10.08 17:09:23.722,12.06437,12.06719,0.00,0.00
2014.10.08 17:09:30.535,12.06419,12.06719,0.00,0.00
2014.10.08 17:09:30.756,12.06428,12.06719,0.00,0.00
2014.10.08 17:09:33.449,12.06419,12.06719,0.00,0.00
2014.10.08 17:09:36.056,12.06437,12.06719,0.00,0.00
2014.10.08 17:09:36.500,12.06419,12.06719,0.00,0.00
2014.10.08 17:09:39.161,12.06437,12.06719,0.00,0.00
2014.10.08 17:09:40.082,12.06437,12.0667,0.00,0.00
2014.10.08 17:09:40.183,12.06321,12.06665,0.00,0.00
2014.10.08 17:09:40.369,12.06321,12.06622,0.00,0.00
2014.10.08 17:09:40.865,12.06338,12.06622,0.00,0.00
2014.10.08 17:09:40.966,12.06317,12.06622,0.00,0.00
2014.10.08 17:09:41.444,12.06317,12.06618,0.00,0.00
2014.10.08 17:09:41.931,12.06328,12.06618,0.00,0.00
2014.10.08 17:09:42.068,12.06315,12.06618,0.00,0.00
2014.10.08 17:09:42.311,12.06327,12.06618,0.00,0.00
2014.10.08 17:09:43.006,12.06315,12.06618,0.00,0.00
2014.10.08 17:09:44.012,12.06338,12.06618,0.00,0.00
2014.10.08 17:09:44.228,12.06363,12.06705,0.00,0.00
2014.10.08 17:09:44.329,12.06416,12.06718,0.00,0.00
2014.10.08 17:09:44.733,12.06429,12.06718,0.00,0.00
2014.10.08 17:09:44.784,12.06417,12.06718,0.00,0.00
2014.10.08 17:09:45.002,12.06405,12.06718,0.00,0.00
2014.10.08 17:09:45.332,12.0643,12.06718,0.00,0.00
2014.10.08 17:09:49.235,12.06408,12.06718,0.00,0.00
2014.10.08 17:09:49.794,12.0643,12.06718,0.00,0.00
2014.10.08 17:09:50.340,12.06407,12.06718,0.00,0.00
2014.10.08 17:09:51.296,12.06419,12.06718,0.00,0.00
2014.10.08 17:09:54.699,12.06431,12.06718,0.00,0.00
2014.10.08 17:09:55.102,12.06407,12.06718,0.00,0.00
2014.10.08 17:09:56.723,12.06419,12.06718,0.00,0.00
2014.10.08 17:09:59.606,12.06433,12.06718,0.00,0.00
2014.10.08 17:10:00.206,12.06421,12.06718,0.00,0.00
2014.10.08 17:10:00.607,12.0641,12.06718,0.00,0.00
2014.10.08 17:10:00.823,12.06434,12.06718,0.00,0.00
2014.10.08 17:10:01.911,12.06422,12.06718,0.00,0.00
2014.10.08 17:10:02.612,12.06434,12.06718,0.00,0.00
2014.10.08 17:10:02.912,12.06409,12.06718,0.00,0.00
2014.10.08 17:10:04.714,12.06432,12.06718,0.00,0.00
2014.10.08 17:10:06.348,12.06419,12.06718,0.00,0.00
2014.10.08 17:10:06.650,12.06407,12.06718,0.00,0.00
2014.10.08 17:10:08.746,12.06431,12.06718,0.00,0.00
2014.10.08 17:10:10.067,12.06418,12.06718,0.00,0.00
2014.10.08 17:10:11.224,12.06406,12.06718,0.00,0.00
2014.10.08 17:10:12.045,12.06406,12.06672,0.00,0.00
2014.10.08 17:10:12.146,12.06342,12.06668,0.00,0.00
2014.10.08 17:10:12.200,12.06329,12.06668,0.00,0.00
2014.10.08 17:10:12.389,12.06329,12.06622,0.00,0.00
2014.10.08 17:10:13.439,12.06329,12.06619,0.00,0.00
2014.10.08 17:10:14.464,12.06348,12.06619,0.00,0.00
2014.10.08 17:10:16.131,12.06333,12.06619,0.00,0.00
2014.10.08 17:10:16.339,12.06322,12.06619,0.00,0.00
2014.10.08 17:10:17.032,12.06337,12.06619,0.00,0.00
2014.10.08 17:10:17.433,12.0632,12.06619,0.00,0.00
2014.10.08 17:10:20.363,12.06337,12.06619,0.00,0.00
2014.10.08 17:10:25.043,12.06321,12.06619,0.00,0.00
2014.10.08 17:10:25.481,12.06338,12.06619,0.00,0.00
2014.10.08 17:10:25.785,12.06316,12.06619,0.00,0.00
2014.10.08 17:10:30.854,12.06337,12.06619,0.00,0.00
2014.10.08 17:10:31.462,12.06316,12.06619,0.00,0.00
2014.10.08 17:10:31.953,12.06329,12.06619,0.00,0.00
2014.10.08 17:10:32.075,12.06316,12.06619,0.00,0.00
2014.10.08 17:10:32.280,12.06337,12.06619,0.00,0.00
2014.10.08 17:10:34.178,12.06316,12.06571,0.00,0.00
2014.10.08 17:10:34.508,12.06125,12.06419,0.00,0.00
2014.10.08 17:10:34.781,12.06138,12.06419,0.00,0.00
2014.10.08 17:10:34.882,12.06068,12.0637,0.00,0.00
2014.10.08 17:10:35.033,12.06028,12.06318,0.00,0.00
2014.10.08 17:10:35.192,12.06019,12.06318,0.00,0.00
2014.10.08 17:10:35.293,12.06034,12.06318,0.00,0.00
2014.10.08 17:10:35.394,12.06023,12.06318,0.00,0.00
2014.10.08 17:10:35.999,12.06023,12.06282,0.00,0.00
2014.10.08 17:10:36.100,12.05942,12.06219,0.00,0.00
2014.10.08 17:10:36.672,12.0593,12.06219,0.00,0.00
2014.10.08 17:10:37.081,12.0595,12.06219,0.00,0.00
2014.10.08 17:10:38.102,12.05969,12.06268,0.00,0.00
2014.10.08 17:10:38.203,12.06005,12.06268,0.00,0.00
2014.10.08 17:10:38.749,12.06021,12.06268,0.00,0.00
2014.10.08 17:10:39.067,12.06039,12.06268,0.00,0.00
2014.10.08 17:10:39.118,12.06064,12.06369,0.00,0.00
2014.10.08 17:10:39.218,12.06021,12.06369,0.00,0.00
2014.10.08 17:10:39.369,12.06018,12.06369,0.00,0.00
2014.10.08 17:10:39.520,12.06011,12.06331,0.00,0.00
2014.10.08 17:10:40.391,12.05977,12.06318,0.00,0.00
2014.10.08 17:10:42.183,12.05969,12.06318,0.00,0.00
2014.10.08 17:10:43.204,12.05985,12.06318,0.00,0.00
2014.10.08 17:10:43.579,12.05985,12.06331,0.00,0.00
2014.10.08 17:10:44.280,12.0604,12.06331,0.00,0.00
2014.10.08 17:10:45.729,12.06017,12.06331,0.00,0.00
2014.10.08 17:10:45.982,12.06029,12.06331,0.00,0.00
2014.10.08 17:10:46.183,12.06017,12.06331,0.00,0.00
2014.10.08 17:10:47.585,12.0604,12.06331,0.00,0.00
2014.10.08 17:10:49.288,12.06002,12.06331,0.00,0.00
2014.10.08 17:10:49.588,12.06014,12.06331,0.00,0.00
2014.10.08 17:10:50.188,12.06014,12.06292,0.00,0.00
2014.10.08 17:10:51.291,12.06039,12.06292,0.00,0.00
2014.10.08 17:10:51.618,12.06028,12.06231,0.00,0.00
2014.10.08 17:10:51.719,12.05951,12.06231,0.00,0.00
2014.10.08 17:10:51.926,12.0596,12.06231,0.00,0.00
2014.10.08 17:10:52.280,12.05951,12.06181,0.00,0.00
2014.10.08 17:10:52.538,12.05918,12.06181,0.00,0.00
2014.10.08 17:10:52.638,12.05933,12.06132,0.00,0.00
2014.10.08 17:10:52.842,12.05949,12.06182,0.00,0.00
2014.10.08 17:10:52.997,12.05935,12.06182,0.00,0.00
2014.10.08 17:10:53.095,12.05949,12.06182,0.00,0.00
2014.10.08 17:10:53.595,12.05936,12.06182,0.00,0.00
2014.10.08 17:10:53.896,12.0595,12.06182,0.00,0.00
2014.10.08 17:10:54.797,12.05934,12.06182,0.00,0.00
2014.10.08 17:10:54.898,12.05948,12.06182,0.00,0.00
2014.10.08 17:10:55.198,12.05935,12.06182,0.00,0.00
2014.10.08 17:10:55.299,12.05949,12.06182,0.00,0.00
2014.10.08 17:10:55.699,12.05935,12.06182,0.00,0.00
2014.10.08 17:10:56.700,12.05949,12.06182,0.00,0.00
2014.10.08 17:10:59.454,12.05934,12.06182,0.00,0.00
2014.10.08 17:11:00.105,12.0595,12.06182,0.00,0.00
2014.10.08 17:11:00.307,12.05936,12.06182,0.00,0.00
2014.10.08 17:11:01.243,12.0592,12.06182,0.00,0.00
2014.10.08 17:11:01.808,12.0594,12.06182,0.00,0.00
2014.10.08 17:11:02.109,12.0595,12.06182,0.00,0.00
2014.10.08 17:11:03.611,12.05938,12.06182,0.00,0.00
2014.10.08 17:11:06.923,12.05949,12.06182,0.00,0.00
2014.10.08 17:11:07.626,12.05935,12.06182,0.00,0.00
2014.10.08 17:11:07.727,12.05949,12.06182,0.00,0.00
2014.10.08 17:11:08.630,12.05935,12.06182,0.00,0.00
2014.10.08 17:11:10.383,12.05851,12.06182,0.00,0.00
2014.10.08 17:11:10.433,12.05851,12.06132,0.00,0.00
2014.10.08 17:11:10.769,12.05851,12.06071,0.00,0.00
2014.10.08 17:11:11.091,12.05874,12.06071,0.00,0.00
2014.10.08 17:11:11.198,12.05874,12.06132,0.00,0.00
2014.10.08 17:11:11.248,12.05885,12.06132,0.00,0.00
2014.10.08 17:11:11.751,12.05899,12.06132,0.00,0.00
2014.10.08 17:11:14.388,12.05899,12.06182,0.00,0.00
2014.10.08 17:11:14.489,12.0595,12.06182,0.00,0.00
2014.10.08 17:11:14.840,12.05949,12.06232,0.00,0.00
2014.10.08 17:11:14.890,12.05974,12.06232,0.00,0.00
2014.10.08 17:11:15.192,12.06,12.06279,0.00,0.00
2014.10.08 17:11:15.292,12.0605,12.06279,0.00,0.00
2014.10.08 17:11:15.393,12.0605,12.06292,0.00,0.00
2014.10.08 17:11:16.075,12.06026,12.06292,0.00,0.00
2014.10.08 17:11:16.169,12.06002,12.06292,0.00,0.00
2014.10.08 17:11:16.269,12.06001,12.06231,0.00,0.00
2014.10.08 17:11:16.320,12.05959,12.06231,0.00,0.00
2014.10.08 17:11:16.370,12.05959,12.06182,0.00,0.00
2014.10.08 17:11:16.702,12.05971,12.06182,0.00,0.00
2014.10.08 17:11:17.469,12.05971,12.06232,0.00,0.00
2014.10.08 17:11:17.618,12.05984,12.06232,0.00,0.00
2014.10.08 17:11:17.829,12.06042,12.06292,0.00,0.00
2014.10.08 17:11:18.417,12.06023,12.06292,0.00,0.00
2014.10.08 17:11:18.885,12.05983,12.06292,0.00,0.00
2014.10.08 17:11:18.936,12.05983,12.06231,0.00,0.00
2014.10.08 17:11:18.986,12.05958,12.06231,0.00,0.00
2014.10.08 17:11:19.087,12.05999,12.06231,0.00,0.00
2014.10.08 17:11:19.359,12.06045,12.06291,0.00,0.00
2014.10.08 17:11:19.791,12.06023,12.06291,0.00,0.00
2014.10.08 17:11:21.044,12.0598,12.06291,0.00,0.00
2014.10.08 17:11:21.144,12.0598,12.06231,0.00,0.00
2014.10.08 17:11:22.744,12.05999,12.06231,0.00,0.00
2014.10.08 17:11:23.408,12.05999,12.06291,0.00,0.00
2014.10.08 17:11:23.459,12.06002,12.06291,0.00,0.00
2014.10.08 17:11:23.966,12.06044,12.06291,0.00,0.00
2014.10.08 17:11:24.937,12.06021,12.06291,0.00,0.00
2014.10.08 17:11:25.038,12.06045,12.06291,0.00,0.00
2014.10.08 17:11:25.245,12.06034,12.06291,0.00,0.00
2014.10.08 17:11:26.215,12.06046,12.06291,0.00,0.00
2014.10.08 17:11:26.655,12.06075,12.06291,0.00,0.00
2014.10.08 17:11:30.668,12.06075,12.06331,0.00,0.00
2014.10.08 17:11:30.769,12.06094,12.06331,0.00,0.00
2014.10.08 17:11:31.020,12.06139,12.06382,0.00,0.00
2014.10.08 17:11:31.260,12.06127,12.06382,0.00,0.00
2014.10.08 17:11:31.336,12.0614,12.06382,0.00,0.00
2014.10.08 17:11:34.749,12.06124,12.06382,0.00,0.00
2014.10.08 17:11:35.288,12.06147,12.06382,0.00,0.00
2014.10.08 17:11:35.952,12.06135,12.06382,0.00,0.00
2014.10.08 17:11:37.065,12.06123,12.06382,0.00,0.00
2014.10.08 17:11:37.880,12.06171,12.06382,0.00,0.00
2014.10.08 17:11:37.989,12.06157,12.06382,0.00,0.00
2014.10.08 17:11:39.260,12.06201,12.06382,0.00,0.00
2014.10.08 17:11:39.408,12.06201,12.06481,0.00,0.00
2014.10.08 17:11:39.610,12.06201,12.06432,0.00,0.00
2014.10.08 17:11:40.687,12.06194,12.06432,0.00,0.00
2014.10.08 17:11:40.961,12.06182,12.06432,0.00,0.00
2014.10.08 17:11:41.362,12.06195,12.06432,0.00,0.00
2014.10.08 17:11:41.666,12.06151,12.06432,0.00,0.00
2014.10.08 17:11:41.717,12.06151,12.06381,0.00,0.00
2014.10.08 17:11:41.991,12.06051,12.06332,0.00,0.00
2014.10.08 17:11:42.221,12.06051,12.06292,0.00,0.00
2014.10.08 17:11:42.328,12.0606,12.06332,0.00,0.00
2014.10.08 17:11:42.379,12.06074,12.06332,0.00,0.00
2014.10.08 17:11:42.747,12.06099,12.06332,0.00,0.00
2014.10.08 17:11:42.798,12.06099,12.06382,0.00,0.00
2014.10.08 17:11:42.899,12.06155,12.06382,0.00,0.00
2014.10.08 17:11:43.106,12.06124,12.06382,0.00,0.00
2014.10.08 17:11:43.307,12.06108,12.06382,0.00,0.00
2014.10.08 17:11:43.511,12.06101,12.06382,0.00,0.00
2014.10.08 17:11:43.561,12.06101,12.06332,0.00,0.00
2014.10.08 17:11:43.766,12.06101,12.06381,0.00,0.00
2014.10.08 17:11:43.867,12.06144,12.06381,0.00,0.00
2014.10.08 17:11:44.268,12.06135,12.06381,0.00,0.00
2014.10.08 17:11:44.468,12.06148,12.06381,0.00,0.00
2014.10.08 17:11:44.769,12.06123,12.06381,0.00,0.00
2014.10.08 17:11:45.069,12.06157,12.06381,0.00,0.00
2014.10.08 17:11:45.170,12.06102,12.06381,0.00,0.00
2014.10.08 17:11:45.670,12.06119,12.06381,0.00,0.00
2014.10.08 17:11:46.201,12.06146,12.06381,0.00,0.00
2014.10.08 17:11:46.372,12.06101,12.06381,0.00,0.00
2014.10.08 17:11:46.764,12.06101,12.06331,0.00,0.00
2014.10.08 17:11:46.972,12.06037,12.06331,0.00,0.00
2014.10.08 17:11:47.058,12.06037,12.06292,0.00,0.00
2014.10.08 17:11:48.203,12.06026,12.06292,0.00,0.00
2014.10.08 17:11:48.419,12.06044,12.06292,0.00,0.00
2014.10.08 17:11:48.696,12.06033,12.06292,0.00,0.00
2014.10.08 17:11:49.205,12.06049,12.06292,0.00,0.00
2014.10.08 17:11:50.409,12.06033,12.06292,0.00,0.00
2014.10.08 17:11:50.879,12.06014,12.06292,0.00,0.00
2014.10.08 17:11:50.929,12.06014,12.06232,0.00,0.00
2014.10.08 17:11:50.980,12.05974,12.06232,0.00,0.00
2014.10.08 17:11:51.181,12.05984,12.06231,0.00,0.00
2014.10.08 17:11:51.531,12.05968,12.06181,0.00,0.00
2014.10.08 17:11:52.117,12.05968,12.06232,0.00,0.00
2014.10.08 17:11:52.378,12.05967,12.06182,0.00,0.00
2014.10.08 17:11:53.029,12.05967,12.06232,0.00,0.00
2014.10.08 17:11:53.200,12.05984,12.06232,0.00,0.00
2014.10.08 17:11:53.714,12.05999,12.06232,0.00,0.00
2014.10.08 17:11:55.027,12.05986,12.06232,0.00,0.00
2014.10.08 17:11:55.590,12.05999,12.06232,0.00,0.00
2014.10.08 17:11:55.890,12.05985,12.06232,0.00,0.00
2014.10.08 17:11:56.187,12.05985,12.06292,0.00,0.00
2014.10.08 17:11:56.290,12.06009,12.06292,0.00,0.00
2014.10.08 17:11:56.391,12.05985,12.06292,0.00,0.00
2014.10.08 17:11:56.567,12.05985,12.06232,0.00,0.00
2014.10.08 17:11:56.892,12.05981,12.06182,0.00,0.00
2014.10.08 17:11:56.992,12.05966,12.06182,0.00,0.00
2014.10.08 17:11:57.894,12.0594,12.06182,0.00,0.00
2014.10.08 17:12:13.244,12.05936,12.06182,0.00,0.00
2014.10.08 17:12:13.345,12.05907,12.06182,0.00,0.00
2014.10.08 17:12:13.512,12.05919,12.06182,0.00,0.00
2014.10.08 17:12:14.013,12.0594,12.06182,0.00,0.00
2014.10.08 17:12:16.260,12.05922,12.06182,0.00,0.00
2014.10.08 17:12:16.533,12.05935,12.06182,0.00,0.00
2014.10.08 17:12:17.138,12.05921,12.06182,0.00,0.00
2014.10.08 17:12:18.755,12.05946,12.06182,0.00,0.00
2014.10.08 17:12:18.957,12.05934,12.06182,0.00,0.00
2014.10.08 17:12:22.151,12.05934,12.06231,0.00,0.00
2014.10.08 17:12:22.251,12.05967,12.06231,0.00,0.00
2014.10.08 17:12:22.760,12.05992,12.06231,0.00,0.00
2014.10.08 17:12:23.138,12.05976,12.06231,0.00,0.00
2014.10.08 17:12:23.687,12.05976,12.06292,0.00,0.00
2014.10.08 17:12:23.737,12.05981,12.06292,0.00,0.00
2014.10.08 17:12:24.081,12.06033,12.06292,0.00,0.00
2014.10.08 17:12:24.729,12.06045,12.06292,0.00,0.00
2014.10.08 17:12:25.644,12.06016,12.06292,0.00,0.00
2014.10.08 17:12:26.310,12.06016,12.0627,0.00,0.00
2014.10.08 17:12:26.647,12.05941,12.06182,0.00,0.00
2014.10.08 17:12:26.773,12.05929,12.06182,0.00,0.00
2014.10.08 17:12:27.379,12.05949,12.06182,0.00,0.00
2014.10.08 17:12:29.536,12.0593,12.06182,0.00,0.00
2014.10.08 17:12:29.637,12.05941,12.06182,0.00,0.00
2014.10.08 17:12:29.737,12.05929,12.06182,0.00,0.00
2014.10.08 17:12:30.073,12.05949,12.06182,0.00,0.00
2014.10.08 17:12:30.237,12.05899,12.06182,0.00,0.00
2014.10.08 17:12:30.288,12.05899,12.06132,0.00,0.00
2014.10.08 17:12:30.338,12.05872,12.06132,0.00,0.00
2014.10.08 17:12:30.439,12.05926,12.06132,0.00,0.00
2014.10.08 17:12:30.545,12.05949,12.06182,0.00,0.00
2014.10.08 17:12:30.733,12.05949,12.06208,0.00,0.00
2014.10.08 17:12:30.838,12.05974,12.06208,0.00,0.00
2014.10.08 17:12:30.956,12.05974,12.06231,0.00,0.00
2014.10.08 17:12:31.442,12.05999,12.06231,0.00,0.00
2014.10.08 17:12:31.739,12.05988,12.06231,0.00,0.00
2014.10.08 17:12:33.703,12.05988,12.06181,0.00,0.00
2014.10.08 17:12:33.753,12.05934,12.06181,0.00,0.00
2014.10.08 17:12:33.854,12.05951,12.06181,0.00,0.00
2014.10.08 17:12:33.955,12.05969,12.06231,0.00,0.00
2014.10.08 17:12:34.906,12.05969,12.06181,0.00,0.00
2014.10.08 17:12:34.956,12.05931,12.06181,0.00,0.00
2014.10.08 17:12:35.974,12.05959,12.06181,0.00,0.00
2014.10.08 17:12:36.280,12.0595,12.06181,0.00,0.00
2014.10.08 17:12:36.485,12.05931,12.06181,0.00,0.00
2014.10.08 17:12:36.747,12.05897,12.06181,0.00,0.00
2014.10.08 17:12:36.848,12.05886,12.06181,0.00,0.00
2014.10.08 17:12:36.898,12.05886,12.06131,0.00,0.00
2014.10.08 17:12:37.664,12.05899,12.06131,0.00,0.00
2014.10.08 17:12:38.654,12.05851,12.06131,0.00,0.00
2014.10.08 17:12:38.805,12.05851,12.06072,0.00,0.00
2014.10.08 17:12:39.170,12.05874,12.06071,0.00,0.00
2014.10.08 17:12:40.077,12.05874,12.06131,0.00,0.00
2014.10.08 17:12:40.191,12.05852,12.06131,0.00,0.00
2014.10.08 17:12:40.406,12.05852,12.06072,0.00,0.00
2014.10.08 17:12:42.957,12.05841,12.06072,0.00,0.00
2014.10.08 17:12:46.694,12.05874,12.06132,0.00,0.00
2014.10.08 17:12:46.794,12.05885,12.06132,0.00,0.00
2014.10.08 17:12:46.895,12.05871,12.06132,0.00,0.00
2014.10.08 17:12:47.336,12.05871,12.06071,0.00,0.00
2014.10.08 17:12:47.387,12.05842,12.06071,0.00,0.00
2014.10.08 17:12:49.567,12.0586,12.06071,0.00,0.00
2014.10.08 17:12:49.977,12.05934,12.06071,0.00,0.00
2014.10.08 17:12:50.028,12.05934,12.06131,0.00,0.00
2014.10.08 17:12:50.078,12.05949,12.06131,0.00,0.00
2014.10.08 17:12:50.229,12.05949,12.06182,0.00,0.00
2014.10.08 17:12:51.220,12.05927,12.06182,0.00,0.00
2014.10.08 17:12:51.907,12.05949,12.06182,0.00,0.00
2014.10.08 17:12:52.087,12.05926,12.06182,0.00,0.00
2014.10.08 17:12:52.292,12.05938,12.06182,0.00,0.00
2014.10.08 17:12:54.499,12.0595,12.06182,0.00,0.00
2014.10.08 17:12:55.077,12.05926,12.06182,0.00,0.00
2014.10.08 17:12:55.578,12.05938,12.06182,0.00,0.00
2014.10.08 17:12:56.100,12.05949,12.06182,0.00,0.00
2014.10.08 17:12:56.880,12.05927,12.06182,0.00,0.00
2014.10.08 17:12:58.182,12.05939,12.06182,0.00,0.00
2014.10.08 17:13:00.646,12.05939,12.06232,0.00,0.00
2014.10.08 17:13:00.747,12.05932,12.06232,0.00,0.00
2014.10.08 17:13:00.797,12.0596,12.06232,0.00,0.00
2014.10.08 17:13:05.166,12.05981,12.06232,0.00,0.00
2014.10.08 17:13:05.266,12.05999,12.06291,0.00,0.00
2014.10.08 17:13:05.317,12.06049,12.06291,0.00,0.00
2014.10.08 17:13:05.994,12.06039,12.06291,0.00,0.00
2014.10.08 17:13:06.194,12.0605,12.06291,0.00,0.00
2014.10.08 17:13:06.542,12.06082,12.06291,0.00,0.00
2014.10.08 17:13:06.593,12.06082,12.06332,0.00,0.00
2014.10.08 17:13:06.644,12.06129,12.06332,0.00,0.00
2014.10.08 17:13:06.809,12.06143,12.06382,0.00,0.00
2014.10.08 17:13:07.704,12.06124,12.06382,0.00,0.00
2014.10.08 17:13:07.927,12.06147,12.06382,0.00,0.00
2014.10.08 17:13:08.197,12.06135,12.06382,0.00,0.00
2014.10.08 17:13:09.244,12.06147,12.06382,0.00,0.00
2014.10.08 17:13:09.447,12.06123,12.06382,0.00,0.00
2014.10.08 17:13:10.739,12.06147,12.06382,0.00,0.00
2014.10.08 17:13:11.336,12.06124,12.06382,0.00,0.00
2014.10.08 17:13:16.509,12.06146,12.06382,0.00,0.00
2014.10.08 17:13:19.936,12.0616,12.06382,0.00,0.00
2014.10.08 17:13:20.006,12.0616,12.06431,0.00,0.00
2014.10.08 17:13:20.057,12.06222,12.06431,0.00,0.00
2014.10.08 17:13:20.164,12.06206,12.06431,0.00,0.00
2014.10.08 17:13:20.215,12.06235,12.06431,0.00,0.00
2014.10.08 17:13:20.366,12.06236,12.06482,0.00,0.00
2014.10.08 17:13:22.139,12.06224,12.06482,0.00,0.00
2014.10.08 17:13:22.318,12.06212,12.06482,0.00,0.00
2014.10.08 17:13:23.019,12.06225,12.06482,0.00,0.00
2014.10.08 17:13:23.720,12.06237,12.06482,0.00,0.00
2014.10.08 17:13:25.128,12.06215,12.06482,0.00,0.00
2014.10.08 17:13:27.158,12.06226,12.06482,0.00,0.00
2014.10.08 17:13:28.376,12.06213,12.06482,0.00,0.00
2014.10.08 17:13:29.355,12.06213,12.06557,0.00,0.00
2014.10.08 17:13:29.406,12.06282,12.06557,0.00,0.00
2014.10.08 17:13:29.456,12.06282,12.06572,0.00,0.00
2014.10.08 17:13:29.557,12.06326,12.06572,0.00,0.00
2014.10.08 17:13:30.028,12.06338,12.06572,0.00,0.00
2014.10.08 17:13:30.228,12.06325,12.06572,0.00,0.00
2014.10.08 17:13:30.329,12.06339,12.06572,0.00,0.00
2014.10.08 17:13:30.878,12.06338,12.06572,0.00,0.00
2014.10.08 17:13:31.862,12.06314,12.06572,0.00,0.00
2014.10.08 17:13:32.332,12.06327,12.06572,0.00,0.00
2014.10.08 17:13:32.682,12.06347,12.06572,0.00,0.00
2014.10.08 17:13:32.932,12.06315,12.06572,0.00,0.00
2014.10.08 17:13:35.135,12.06338,12.06572,0.00,0.00
2014.10.08 17:13:36.137,12.06316,12.06572,0.00,0.00
2014.10.08 17:13:38.507,12.06331,12.06572,0.00,0.00
2014.10.08 17:13:38.608,12.06338,12.06631,0.00,0.00
2014.10.08 17:13:38.659,12.06331,12.06631,0.00,0.00
2014.10.08 17:13:39.363,12.06331,12.06632,0.00,0.00
2014.10.08 17:13:39.935,12.06291,12.06632,0.00,0.00
2014.10.08 17:13:40.846,12.06281,12.06632,0.00,0.00
2014.10.08 17:13:43.689,12.06262,12.06532,0.00,0.00
2014.10.08 17:13:43.740,12.06259,12.06532,0.00,0.00
2014.10.08 17:13:43.877,12.06231,12.06481,0.00,0.00
2014.10.08 17:13:44.877,12.06231,12.06531,0.00,0.00
2014.10.08 17:13:45.855,12.06231,12.06481,0.00,0.00
2014.10.08 17:13:45.906,12.06181,12.06481,0.00,0.00
2014.10.08 17:13:47.175,12.06181,12.06532,0.00,0.00
2014.10.08 17:13:47.225,12.06231,12.06532,0.00,0.00
2014.10.08 17:13:47.559,12.06231,12.06482,0.00,0.00
2014.10.08 17:13:47.837,12.06231,12.06532,0.00,0.00
2014.10.08 17:13:47.994,12.06245,12.06532,0.00,0.00
2014.10.08 17:13:48.095,12.06261,12.06572,0.00,0.00
2014.10.08 17:13:48.324,12.06261,12.06532,0.00,0.00
2014.10.08 17:13:48.760,12.06277,12.06532,0.00,0.00
2014.10.08 17:13:49.061,12.06289,12.06532,0.00,0.00
2014.10.08 17:13:49.633,12.06289,12.06481,0.00,0.00
2014.10.08 17:13:49.683,12.06219,12.06481,0.00,0.00
2014.10.08 17:13:49.863,12.06244,12.06481,0.00,0.00
2014.10.08 17:13:50.772,12.06219,12.06481,0.00,0.00
2014.10.08 17:13:51.013,12.06243,12.06481,0.00,0.00
2014.10.08 17:13:51.685,12.06243,12.06382,0.00,0.00
2014.10.08 17:13:51.786,12.06159,12.06382,0.00,0.00
2014.10.08 17:13:51.887,12.06189,12.06382,0.00,0.00
2014.10.08 17:13:51.987,12.06165,12.06381,0.00,0.00
2014.10.08 17:13:52.089,12.06142,12.06381,0.00,0.00
2014.10.08 17:13:52.285,12.06174,12.06381,0.00,0.00
2014.10.08 17:13:52.455,12.06184,12.06432,0.00,0.00
2014.10.08 17:13:52.506,12.06199,12.06432,0.00,0.00
2014.10.08 17:13:53.472,12.06233,12.06432,0.00,0.00
2014.10.08 17:13:53.573,12.06233,12.06482,0.00,0.00
2014.10.08 17:13:55.276,12.06212,12.06482,0.00,0.00
2014.10.08 17:13:56.892,12.06235,12.06482,0.00,0.00
2014.10.08 17:13:57.399,12.06247,12.06482,0.00,0.00
2014.10.08 17:13:57.554,12.06247,12.06532,0.00,0.00
2014.10.08 17:13:57.604,12.06315,12.06532,0.00,0.00
2014.10.08 17:13:57.735,12.06315,12.06571,0.00,0.00
2014.10.08 17:13:57.785,12.06337,12.06571,0.00,0.00
2014.10.08 17:13:58.620,12.06326,12.06571,0.00,0.00
2014.10.08 17:13:59.127,12.06338,12.06571,0.00,0.00
2014.10.08 17:13:59.983,12.06325,12.06571,0.00,0.00
2014.10.08 17:14:00.685,12.06338,12.06571,0.00,0.00
2014.10.08 17:14:00.735,12.06338,12.06632,0.00,0.00
2014.10.08 17:14:00.787,12.06351,12.06632,0.00,0.00
2014.10.08 17:14:02.246,12.06351,12.0667,0.00,0.00
2014.10.08 17:14:02.297,12.06381,12.06682,0.00,0.00
2014.10.08 17:14:02.797,12.06434,12.06682,0.00,0.00
2014.10.08 17:14:03.692,12.06423,12.06682,0.00,0.00
2014.10.08 17:14:03.837,12.06436,12.06682,0.00,0.00
2014.10.08 17:14:04.216,12.06424,12.06682,0.00,0.00
2014.10.08 17:14:04.267,12.06481,12.06682,0.00,0.00
2014.10.08 17:14:04.368,12.06481,12.06792,0.00,0.00
2014.10.08 17:14:04.418,12.06527,12.06792,0.00,0.00
2014.10.08 17:14:04.755,12.06538,12.06792,0.00,0.00
2014.10.08 17:14:05.396,12.06539,12.06792,0.00,0.00
2014.10.08 17:14:05.765,12.06539,12.06831,0.00,0.00
2014.10.08 17:14:05.930,12.06531,12.06831,0.00,0.00
2014.10.08 17:14:06.135,12.06531,12.06792,0.00,0.00
2014.10.08 17:14:07.256,12.06491,12.06792,0.00,0.00
2014.10.08 17:14:08.301,12.06481,12.06792,0.00,0.00
2014.10.08 17:14:08.894,12.06471,12.06731,0.00,0.00
2014.10.08 17:14:08.945,12.06461,12.06731,0.00,0.00
2014.10.08 17:14:09.045,12.06383,12.06731,0.00,0.00
2014.10.08 17:14:09.096,12.064,12.06731,0.00,0.00
2014.10.08 17:14:09.397,12.06434,12.06731,0.00,0.00
2014.10.08 17:14:09.506,12.06434,12.06759,0.00,0.00
2014.10.08 17:14:09.557,12.06451,12.06759,0.00,0.00
2014.10.08 17:14:09.808,12.06481,12.06792,0.00,0.00
2014.10.08 17:14:10.633,12.06492,12.06792,0.00,0.00
2014.10.08 17:14:10.937,12.06492,12.06832,0.00,0.00
2014.10.08 17:14:11.047,12.06544,12.06832,0.00,0.00
2014.10.08 17:14:11.378,12.06555,12.06832,0.00,0.00
2014.10.08 17:14:11.429,12.06531,12.06832,0.00,0.00
2014.10.08 17:14:11.607,12.06555,12.06832,0.00,0.00
2014.10.08 17:14:13.610,12.06543,12.06832,0.00,0.00
2014.10.08 17:14:13.685,12.06543,12.06792,0.00,0.00
2014.10.08 17:14:13.735,12.06531,12.06792,0.00,0.00
2014.10.08 17:14:13.836,12.06519,12.06792,0.00,0.00
2014.10.08 17:14:14.118,12.06544,12.06792,0.00,0.00
2014.10.08 17:14:14.716,12.06568,12.06792,0.00,0.00
2014.10.08 17:14:14.817,12.06568,12.06818,0.00,0.00
2014.10.08 17:14:15.164,12.06568,12.06882,0.00,0.00
2014.10.08 17:14:15.215,12.06629,12.06882,0.00,0.00
2014.10.08 17:14:16.348,12.0661,12.06882,0.00,0.00
2014.10.08 17:14:16.554,12.06632,12.06882,0.00,0.00
2014.10.08 17:14:16.960,12.06621,12.06882,0.00,0.00
2014.10.08 17:14:18.359,12.06608,12.06882,0.00,0.00
2014.10.08 17:14:20.420,12.06632,12.06882,0.00,0.00
2014.10.08 17:14:21.221,12.0662,12.06882,0.00,0.00
2014.10.08 17:14:22.166,12.06646,12.06931,0.00,0.00
2014.10.08 17:14:22.371,12.06613,12.06931,0.00,0.00
2014.10.08 17:14:22.929,12.06613,12.06932,0.00,0.00
2014.10.08 17:14:23.143,12.06611,12.06932,0.00,0.00
2014.10.08 17:14:23.452,12.06634,12.06932,0.00,0.00
2014.10.08 17:14:23.938,12.06634,12.06919,0.00,0.00
2014.10.08 17:14:24.374,12.06611,12.06919,0.00,0.00
2014.10.08 17:14:25.963,12.06623,12.06919,0.00,0.00
2014.10.08 17:14:26.229,12.06611,12.06919,0.00,0.00
2014.10.08 17:14:26.330,12.06637,12.06919,0.00,0.00
2014.10.08 17:14:27.231,12.06611,12.06919,0.00,0.00
2014.10.08 17:14:27.332,12.06624,12.06919,0.00,0.00
2014.10.08 17:14:27.898,12.06639,12.06919,0.00,0.00
2014.10.08 17:14:27.949,12.06612,12.06919,0.00,0.00
2014.10.08 17:14:28.657,12.06636,12.06919,0.00,0.00
2014.10.08 17:14:29.755,12.06613,12.06919,0.00,0.00
2014.10.08 17:14:30.157,12.06638,12.06919,0.00,0.00
2014.10.08 17:14:32.137,12.06615,12.06919,0.00,0.00
2014.10.08 17:14:32.838,12.06627,12.06919,0.00,0.00
2014.10.08 17:14:33.439,12.06664,12.06919,0.00,0.00
2014.10.08 17:14:33.539,12.06683,12.06968,0.00,0.00
2014.10.08 17:14:33.711,12.06711,12.06968,0.00,0.00
2014.10.08 17:14:34.013,12.06733,12.06968,0.00,0.00
2014.10.08 17:14:34.063,12.06708,12.06968,0.00,0.00
2014.10.08 17:14:34.371,12.06684,12.06968,0.00,0.00
2014.10.08 17:14:34.694,12.06684,12.06932,0.00,0.00
2014.10.08 17:14:34.745,12.06674,12.06932,0.00,0.00
2014.10.08 17:14:34.880,12.06663,12.06932,0.00,0.00
2014.10.08 17:14:34.982,12.06697,12.06932,0.00,0.00
2014.10.08 17:14:35.033,12.06697,12.06968,0.00,0.00
2014.10.08 17:14:35.083,12.06712,12.06981,0.00,0.00
2014.10.08 17:14:35.490,12.06731,12.06981,0.00,0.00
2014.10.08 17:14:36.544,12.06745,12.06981,0.00,0.00
2014.10.08 17:14:36.595,12.06745,12.07031,0.00,0.00
2014.10.08 17:14:36.945,12.06722,12.07031,0.00,0.00
2014.10.08 17:14:37.245,12.06733,12.07031,0.00,0.00
2014.10.08 17:14:37.994,12.06733,12.06982,0.00,0.00
2014.10.08 17:14:38.094,12.06721,12.06982,0.00,0.00
2014.10.08 17:14:38.647,12.0674,12.06982,0.00,0.00
2014.10.08 17:14:38.847,12.06729,12.06982,0.00,0.00
2014.10.08 17:14:38.948,12.06741,12.06982,0.00,0.00
2014.10.08 17:14:39.348,12.06718,12.06982,0.00,0.00
2014.10.08 17:14:40.049,12.06729,12.06982,0.00,0.00
2014.10.08 17:14:40.850,12.06742,12.06982,0.00,0.00
2014.10.08 17:14:41.001,12.06769,12.07032,0.00,0.00
2014.10.08 17:14:41.184,12.06769,12.07068,0.00,0.00
2014.10.08 17:14:41.251,12.06746,12.07068,0.00,0.00
2014.10.08 17:14:41.351,12.06758,12.07068,0.00,0.00
2014.10.08 17:14:41.763,12.0682,12.07068,0.00,0.00
2014.10.08 17:14:42.078,12.06809,12.07068,0.00,0.00
2014.10.08 17:14:42.305,12.06809,12.07072,0.00,0.00
2014.10.08 17:14:42.474,12.06822,12.07072,0.00,0.00
2014.10.08 17:14:42.853,12.06811,12.07072,0.00,0.00
2014.10.08 17:14:43.655,12.06823,12.07072,0.00,0.00
2014.10.08 17:14:43.856,12.06811,12.07072,0.00,0.00
2014.10.08 17:14:43.957,12.06823,12.07072,0.00,0.00
2014.10.08 17:14:44.269,12.06829,12.07072,0.00,0.00
2014.10.08 17:14:44.470,12.06823,12.07072,0.00,0.00
2014.10.08 17:14:44.558,12.06808,12.07072,0.00,0.00
2014.10.08 17:14:45.059,12.06823,12.07072,0.00,0.00
2014.10.08 17:14:45.772,12.06808,12.07072,0.00,0.00
2014.10.08 17:14:46.161,12.06823,12.07072,0.00,0.00
2014.10.08 17:14:46.562,12.06808,12.07072,0.00,0.00
2014.10.08 17:14:48.711,12.06788,12.07072,0.00,0.00
2014.10.08 17:14:48.811,12.06781,12.07072,0.00,0.00
2014.10.08 17:14:49.104,12.06781,12.06982,0.00,0.00
2014.10.08 17:14:49.154,12.06768,12.06982,0.00,0.00
2014.10.08 17:14:49.205,12.06718,12.06982,0.00,0.00
2014.10.08 17:14:50.228,12.06718,12.06919,0.00,0.00
2014.10.08 17:14:50.279,12.06634,12.06919,0.00,0.00
2014.10.08 17:14:50.379,12.06619,12.06919,0.00,0.00
2014.10.08 17:14:50.535,12.06619,12.06882,0.00,0.00
2014.10.08 17:14:50.765,12.06632,12.06919,0.00,0.00
2014.10.08 17:14:50.816,12.06682,12.06919,0.00,0.00
2014.10.08 17:14:50.923,12.06713,12.06982,0.00,0.00
2014.10.08 17:14:50.974,12.06724,12.06982,0.00,0.00
2014.10.08 17:14:51.474,12.06735,12.06982,0.00,0.00
2014.10.08 17:14:51.975,12.06724,12.06982,0.00,0.00
2014.10.08 17:14:52.275,12.06735,12.06982,0.00,0.00
2014.10.08 17:14:52.577,12.06724,12.06982,0.00,0.00
2014.10.08 17:14:52.678,12.06712,12.06982,0.00,0.00
2014.10.08 17:14:53.177,12.06736,12.06982,0.00,0.00
2014.10.08 17:14:54.191,12.06712,12.06982,0.00,0.00
2014.10.08 17:14:54.292,12.06737,12.06982,0.00,0.00
2014.10.08 17:14:54.689,12.06714,12.06982,0.00,0.00
2014.10.08 17:14:55.825,12.06736,12.06982,0.00,0.00
2014.10.08 17:14:56.216,12.06724,12.06982,0.00,0.00
2014.10.08 17:14:56.318,12.06712,12.06982,0.00,0.00
2014.10.08 17:14:56.418,12.06737,12.06982,0.00,0.00
2014.10.08 17:14:57.632,12.06725,12.06982,0.00,0.00
2014.10.08 17:14:57.684,12.06738,12.06982,0.00,0.00
2014.10.08 17:14:58.184,12.06719,12.06982,0.00,0.00
2014.10.08 17:14:58.285,12.06737,12.06982,0.00,0.00
2014.10.08 17:14:58.386,12.06713,12.06982,0.00,0.00
2014.10.08 17:14:58.785,12.06725,12.06982,0.00,0.00
2014.10.08 17:15:00.204,12.06739,12.06982,0.00,0.00
2014.10.08 17:15:00.434,12.06739,12.07019,0.00,0.00
2014.10.08 17:15:00.485,12.06739,12.07032,0.00,0.00
2014.10.08 17:15:00.535,12.06763,12.07032,0.00,0.00
2014.10.08 17:15:00.736,12.06741,12.07032,0.00,0.00
2014.10.08 17:15:00.787,12.06741,12.06982,0.00,0.00
2014.10.08 17:15:01.128,12.06752,12.07031,0.00,0.00
2014.10.08 17:15:01.229,12.06816,12.07031,0.00,0.00
2014.10.08 17:15:01.330,12.06833,12.07069,0.00,0.00
2014.10.08 17:15:01.490,12.06793,12.07069,0.00,0.00
2014.10.08 17:15:01.894,12.06793,12.07072,0.00,0.00
2014.10.08 17:15:01.996,12.06811,12.07072,0.00,0.00
2014.10.08 17:15:02.508,12.06833,12.07072,0.00,0.00
2014.10.08 17:15:03.094,12.06811,12.07072,0.00,0.00
2014.10.08 17:15:03.194,12.06834,12.07072,0.00,0.00
2014.10.08 17:15:05.103,12.06824,12.07072,0.00,0.00
2014.10.08 17:15:07.344,12.06812,12.07072,0.00,0.00
2014.10.08 17:15:07.400,12.06837,12.07072,0.00,0.00
2014.10.08 17:15:08.220,12.06824,12.07072,0.00,0.00
2014.10.08 17:15:09.002,12.06836,12.07072,0.00,0.00
2014.10.08 17:15:09.211,12.06824,12.07072,0.00,0.00
2014.10.08 17:15:09.904,12.06811,12.07072,0.00,0.00
2014.10.08 17:15:10.104,12.06823,12.07072,0.00,0.00
2014.10.08 17:15:10.705,12.06836,12.07072,0.00,0.00
2014.10.08 17:15:11.550,12.06824,12.07072,0.00,0.00
2014.10.08 17:15:12.117,12.06812,12.07072,0.00,0.00
2014.10.08 17:15:12.218,12.06826,12.07072,0.00,0.00
2014.10.08 17:15:13.527,12.06811,12.07072,0.00,0.00
2014.10.08 17:15:14.411,12.06821,12.07072,0.00,0.00
2014.10.08 17:15:16.858,12.06834,12.07072,0.00,0.00
2014.10.08 17:15:17.159,12.06822,12.07072,0.00,0.00
2014.10.08 17:15:17.715,12.06821,12.07072,0.00,0.00
2014.10.08 17:15:18.216,12.06809,12.07072,0.00,0.00
2014.10.08 17:15:18.325,12.06821,12.07072,0.00,0.00
2014.10.08 17:15:19.639,12.06792,12.07072,0.00,0.00
2014.10.08 17:15:20.648,12.06777,12.07072,0.00,0.00
2014.10.08 17:15:20.749,12.06832,12.07072,0.00,0.00
2014.10.08 17:15:21.053,12.06787,12.07072,0.00,0.00
2014.10.08 17:15:21.449,12.06768,12.07032,0.00,0.00
2014.10.08 17:15:21.660,12.06725,12.07032,0.00,0.00
2014.10.08 17:15:21.711,12.06725,12.06982,0.00,0.00
2014.10.08 17:15:23.624,12.06745,12.06982,0.00,0.00
2014.10.08 17:15:24.141,12.06692,12.06982,0.00,0.00
2014.10.08 17:15:24.191,12.06692,12.06971,0.00,0.00
2014.10.08 17:15:24.292,12.06618,12.06919,0.00,0.00
2014.10.08 17:15:24.443,12.06643,12.06882,0.00,0.00
2014.10.08 17:15:24.544,12.06629,12.06882,0.00,0.00
2014.10.08 17:15:24.644,12.06618,12.06882,0.00,0.00
2014.10.08 17:15:24.927,12.06641,12.06882,0.00,0.00
2014.10.08 17:15:25.328,12.0663,12.06882,0.00,0.00
2014.10.08 17:15:25.428,12.06642,12.06882,0.00,0.00
2014.10.08 17:15:25.650,12.06618,12.06882,0.00,0.00
2014.10.08 17:15:27.230,12.06631,12.06882,0.00,0.00
2014.10.08 17:15:28.052,12.0662,12.06882,0.00,0.00
2014.10.08 17:15:29.234,12.06644,12.06882,0.00,0.00
2014.10.08 17:15:30.242,12.06633,12.06882,0.00,0.00
2014.10.08 17:15:31.136,12.06649,12.06882,0.00,0.00
2014.10.08 17:15:31.667,12.06637,12.06882,0.00,0.00
2014.10.08 17:15:31.737,12.06626,12.06882,0.00,0.00
2014.10.08 17:15:32.438,12.06648,12.06882,0.00,0.00
2014.10.08 17:15:32.739,12.06625,12.06882,0.00,0.00
2014.10.08 17:15:32.854,12.06638,12.06882,0.00,0.00
2014.10.08 17:15:32.987,12.06626,12.06882,0.00,0.00
2014.10.08 17:15:33.540,12.06625,12.06882,0.00,0.00
2014.10.08 17:15:34.674,12.06625,12.06869,0.00,0.00
2014.10.08 17:15:34.741,12.06577,12.06869,0.00,0.00
2014.10.08 17:15:34.892,12.06577,12.06832,0.00,0.00
2014.10.08 17:15:35.993,12.06589,12.06832,0.00,0.00
2014.10.08 17:15:36.243,12.06576,12.06832,0.00,0.00
2014.10.08 17:15:36.444,12.06576,12.06792,0.00,0.00
2014.10.08 17:15:36.494,12.06535,12.06792,0.00,0.00
2014.10.08 17:15:36.844,12.06548,12.06792,0.00,0.00
2014.10.08 17:15:38.475,12.06534,12.06792,0.00,0.00
2014.10.08 17:15:38.886,12.06549,12.06792,0.00,0.00
2014.10.08 17:15:39.293,12.06568,12.06819,0.00,0.00
2014.10.08 17:15:39.344,12.06568,12.06831,0.00,0.00
2014.10.08 17:15:39.394,12.06614,12.06831,0.00,0.00
2014.10.08 17:15:39.905,12.06658,12.06869,0.00,0.00
2014.10.08 17:15:40.724,12.06658,12.06881,0.00,0.00
2014.10.08 17:15:43.084,12.06682,12.06881,0.00,0.00
2014.10.08 17:15:43.135,12.06682,12.06932,0.00,0.00
2014.10.08 17:15:43.185,12.06724,12.06932,0.00,0.00
2014.10.08 17:15:43.336,12.06738,12.06969,0.00,0.00
2014.10.08 17:15:43.676,12.06757,12.06969,0.00,0.00
2014.10.08 17:15:44.464,12.06757,12.06981,0.00,0.00
2014.10.08 17:15:53.107,12.06737,12.06981,0.00,0.00
2014.10.08 17:15:55.237,12.06749,12.06981,0.00,0.00
2014.10.08 17:15:57.123,12.06737,12.06981,0.00,0.00
2014.10.08 17:15:57.203,12.06757,12.06981,0.00,0.00
2014.10.08 17:15:57.454,12.06738,12.06981,0.00,0.00
2014.10.08 17:15:57.504,12.0675,12.06981,0.00,0.00
2014.10.08 17:15:59.207,12.06735,12.06981,0.00,0.00
2014.10.08 17:15:59.507,12.06749,12.06981,0.00,0.00
2014.10.08 17:15:59.609,12.06737,12.06981,0.00,0.00
2014.10.08 17:16:01.310,12.06749,12.06981,0.00,0.00
2014.10.08 17:16:02.316,12.06736,12.06981,0.00,0.00
2014.10.08 17:16:04.515,12.06757,12.06981,0.00,0.00
2014.10.08 17:16:05.917,12.06736,12.06981,0.00,0.00
2014.10.08 17:16:07.057,12.06748,12.06981,0.00,0.00
2014.10.08 17:16:07.319,12.06735,12.06981,0.00,0.00
2014.10.08 17:16:08.720,12.06757,12.06981,0.00,0.00
2014.10.08 17:16:09.221,12.06739,12.06981,0.00,0.00
2014.10.08 17:16:10.067,12.06757,12.06981,0.00,0.00
2014.10.08 17:16:10.753,12.06736,12.06981,0.00,0.00
2014.10.08 17:16:12.225,12.06749,12.06981,0.00,0.00
2014.10.08 17:16:12.826,12.06738,12.06981,0.00,0.00
2014.10.08 17:16:14.967,12.06758,12.06981,0.00,0.00
2014.10.08 17:16:15.346,12.06737,12.06981,0.00,0.00
2014.10.08 17:16:16.669,12.06757,12.06981,0.00,0.00
2014.10.08 17:16:19.588,12.06762,12.06981,0.00,0.00
2014.10.08 17:16:19.638,12.06809,12.07032,0.00,0.00
2014.10.08 17:16:19.739,12.06785,12.07032,0.00,0.00
2014.10.08 17:16:20.038,12.06797,12.07032,0.00,0.00
2014.10.08 17:16:20.339,12.06858,12.07068,0.00,0.00
2014.10.08 17:16:20.739,12.06834,12.07068,0.00,0.00
2014.10.08 17:16:20.984,12.06834,12.07072,0.00,0.00
2014.10.08 17:16:21.040,12.06857,12.07072,0.00,0.00
2014.10.08 17:16:21.240,12.06847,12.07072,0.00,0.00
2014.10.08 17:16:21.441,12.06857,12.07072,0.00,0.00
2014.10.08 17:16:22.587,12.06835,12.07072,0.00,0.00
2014.10.08 17:16:23.548,12.06802,12.07072,0.00,0.00
2014.10.08 17:16:23.855,12.06829,12.07072,0.00,0.00
2014.10.08 17:16:24.159,12.06848,12.07072,0.00,0.00
2014.10.08 17:16:24.473,12.06848,12.07118,0.00,0.00
2014.10.08 17:16:24.574,12.06882,12.07131,0.00,0.00
2014.10.08 17:16:25.149,12.06883,12.07131,0.00,0.00
2014.10.08 17:16:25.243,12.06883,12.07168,0.00,0.00
2014.10.08 17:16:25.346,12.06916,12.07168,0.00,0.00
2014.10.08 17:16:25.770,12.0694,12.07168,0.00,0.00
2014.10.08 17:16:25.933,12.0694,12.07181,0.00,0.00
2014.10.08 17:16:26.190,12.06923,12.07181,0.00,0.00
2014.10.08 17:16:26.348,12.06921,12.07181,0.00,0.00
2014.10.08 17:16:26.449,12.069,12.07181,0.00,0.00
2014.10.08 17:16:26.882,12.06924,12.07181,0.00,0.00
2014.10.08 17:16:27.186,12.06951,12.07181,0.00,0.00
2014.10.08 17:16:27.450,12.06929,12.07181,0.00,0.00
2014.10.08 17:16:27.883,12.06929,12.07219,0.00,0.00
2014.10.08 17:16:27.933,12.0703,12.07232,0.00,0.00
2014.10.08 17:16:28.034,12.0698,12.07232,0.00,0.00
2014.10.08 17:16:28.084,12.07021,12.07232,0.00,0.00
2014.10.08 17:16:28.235,12.07042,12.07269,0.00,0.00
2014.10.08 17:16:28.807,12.07043,12.07269,0.00,0.00
2014.10.08 17:16:28.858,12.07018,12.07269,0.00,0.00
2014.10.08 17:16:28.953,12.0703,12.07269,0.00,0.00
2014.10.08 17:16:29.169,12.07018,12.07269,0.00,0.00
2014.10.08 17:16:29.365,12.07002,12.07291,0.00,0.00
2014.10.08 17:16:29.568,12.07035,12.07291,0.00,0.00
2014.10.08 17:16:30.775,12.07018,12.07291,0.00,0.00
2014.10.08 17:16:31.384,12.07044,12.07291,0.00,0.00
2014.10.08 17:16:32.908,12.0702,12.07291,0.00,0.00
2014.10.08 17:16:33.390,12.07043,12.07291,0.00,0.00
2014.10.08 17:16:35.790,12.07032,12.07291,0.00,0.00
2014.10.08 17:16:37.089,12.07048,12.07291,0.00,0.00
2014.10.08 17:16:37.565,12.07024,12.07291,0.00,0.00
2014.10.08 17:16:38.100,12.07035,12.07291,0.00,0.00
2014.10.08 17:16:38.716,12.07023,12.07291,0.00,0.00
2014.10.08 17:16:38.767,12.07,12.07291,0.00,0.00
2014.10.08 17:16:39.419,12.07,12.07268,0.00,0.00
2014.10.08 17:16:39.469,12.06971,12.07268,0.00,0.00
2014.10.08 17:16:39.520,12.06957,12.07268,0.00,0.00
2014.10.08 17:16:39.570,12.06931,12.07232,0.00,0.00
2014.10.08 17:16:39.896,12.06932,12.07182,0.00,0.00
2014.10.08 17:16:41.273,12.06954,12.07182,0.00,0.00
2014.10.08 17:16:41.673,12.0693,12.07182,0.00,0.00
2014.10.08 17:16:42.721,12.06942,12.07182,0.00,0.00
2014.10.08 17:16:43.907,12.06955,12.07182,0.00,0.00
2014.10.08 17:16:45.220,12.06936,12.07182,0.00,0.00
2014.10.08 17:16:46.743,12.06936,12.07119,0.00,0.00
2014.10.08 17:16:46.793,12.06849,12.07119,0.00,0.00
2014.10.08 17:16:46.844,12.0682,12.07071,0.00,0.00
2014.10.08 17:16:47.293,12.06836,12.07071,0.00,0.00
2014.10.08 17:16:48.614,12.06856,12.07071,0.00,0.00
2014.10.08 17:16:49.089,12.06839,12.07071,0.00,0.00
2014.10.08 17:16:49.590,12.06851,12.07071,0.00,0.00
2014.10.08 17:16:50.806,12.0682,12.07071,0.00,0.00
2014.10.08 17:16:52.513,12.06931,12.07071,0.00,0.00
2014.10.08 17:16:52.564,12.06931,12.07132,0.00,0.00
2014.10.08 17:16:52.682,12.06891,12.07132,0.00,0.00
2014.10.08 17:16:52.733,12.06888,12.07132,0.00,0.00
2014.10.08 17:16:52.833,12.06906,12.07132,0.00,0.00
2014.10.08 17:16:52.897,12.06887,12.07132,0.00,0.00
2014.10.08 17:16:52.998,12.06906,12.07132,0.00,0.00
2014.10.08 17:16:53.446,12.06887,12.07132,0.00,0.00
2014.10.08 17:16:54.304,12.06899,12.07132,0.00,0.00
2014.10.08 17:16:54.833,12.06899,12.07081,0.00,0.00
2014.10.08 17:16:55.925,12.06916,12.07081,0.00,0.00
2014.10.08 17:16:55.976,12.06916,12.07131,0.00,0.00
2014.10.08 17:16:56.027,12.06937,12.07131,0.00,0.00
2014.10.08 17:16:56.536,12.06943,12.07131,0.00,0.00
2014.10.08 17:16:56.862,12.06956,12.07131,0.00,0.00
2014.10.08 17:16:58.405,12.06939,12.07131,0.00,0.00
2014.10.08 17:16:58.705,12.06952,12.07131,0.00,0.00
2014.10.08 17:17:00.217,12.06922,12.07131,0.00,0.00
2014.10.08 17:17:00.430,12.06957,12.07131,0.00,0.00
2014.10.08 17:17:05.502,12.06957,12.07218,0.00,0.00
2014.10.08 17:17:05.553,12.06981,12.07241,0.00,0.00
2014.10.08 17:17:05.878,12.07051,12.07241,0.00,0.00
2014.10.08 17:17:06.440,12.07052,12.07241,0.00,0.00
2014.10.08 17:17:06.540,12.07027,12.07241,0.00,0.00
2014.10.08 17:17:06.737,12.07052,12.07241,0.00,0.00
2014.10.08 17:17:07.217,12.0704,12.07241,0.00,0.00
2014.10.08 17:17:07.417,12.07028,12.07241,0.00,0.00
2014.10.08 17:17:07.518,12.07053,12.07241,0.00,0.00
2014.10.08 17:17:08.468,12.07029,12.07241,0.00,0.00
2014.10.08 17:17:09.921,12.0704,12.07241,0.00,0.00
2014.10.08 17:17:10.321,12.07028,12.07241,0.00,0.00
2014.10.08 17:17:10.722,12.07053,12.07241,0.00,0.00
2014.10.08 17:17:12.446,12.07055,12.07241,0.00,0.00
2014.10.08 17:17:13.772,12.07039,12.07241,0.00,0.00
2014.10.08 17:17:14.127,12.07056,12.07241,0.00,0.00
2014.10.08 17:17:14.376,12.07037,12.07241,0.00,0.00
2014.10.08 17:17:16.131,12.07057,12.07241,0.00,0.00
2014.10.08 17:17:16.632,12.07035,12.07241,0.00,0.00
2014.10.08 17:17:16.832,12.07057,12.07241,0.00,0.00
2014.10.08 17:17:17.434,12.07038,12.07241,0.00,0.00
2014.10.08 17:17:17.557,12.06992,12.07241,0.00,0.00
2014.10.08 17:17:17.607,12.06992,12.07192,0.00,0.00
2014.10.08 17:17:17.658,12.06834,12.07118,0.00,0.00
2014.10.08 17:17:17.823,12.06834,12.07032,0.00,0.00
2014.10.08 17:17:17.935,12.06811,12.07032,0.00,0.00
2014.10.08 17:17:18.137,12.06827,12.07032,0.00,0.00
2014.10.08 17:17:18.252,12.06816,12.07032,0.00,0.00
2014.10.08 17:17:18.673,12.068,12.07032,0.00,0.00
2014.10.08 17:17:18.723,12.068,12.06981,0.00,0.00
2014.10.08 17:17:18.774,12.0676,12.06981,0.00,0.00
2014.10.08 17:17:18.923,12.0676,12.06932,0.00,0.00
2014.10.08 17:17:20.453,12.06729,12.06932,0.00,0.00
2014.10.08 17:17:20.504,12.06681,12.06882,0.00,0.00
2014.10.08 17:17:20.856,12.06666,12.06881,0.00,0.00
2014.10.08 17:17:20.906,12.06666,12.06842,0.00,0.00
2014.10.08 17:17:21.057,12.06626,12.06842,0.00,0.00
2014.10.08 17:17:21.235,12.06626,12.06792,0.00,0.00
2014.10.08 17:17:21.286,12.06611,12.06792,0.00,0.00
2014.10.08 17:17:21.437,12.06575,12.06792,0.00,0.00
2014.10.08 17:17:21.794,12.06642,12.06819,0.00,0.00
2014.10.08 17:17:22.074,12.06667,12.06882,0.00,0.00
2014.10.08 17:17:22.257,12.06682,12.06882,0.00,0.00
2014.10.08 17:17:22.572,12.0668,12.06842,0.00,0.00
2014.10.08 17:17:22.684,12.06667,12.06842,0.00,0.00
2014.10.08 17:17:23.150,12.06681,12.06842,0.00,0.00
2014.10.08 17:17:25.015,12.06681,12.06882,0.00,0.00
2014.10.08 17:17:25.066,12.06732,12.06882,0.00,0.00
2014.10.08 17:17:25.198,12.06756,12.06932,0.00,0.00
2014.10.08 17:17:25.301,12.0674,12.06932,0.00,0.00
2014.10.08 17:17:25.758,12.06756,12.06932,0.00,0.00
2014.10.08 17:17:26.158,12.06742,12.06932,0.00,0.00
2014.10.08 17:17:26.393,12.06754,12.06932,0.00,0.00
2014.10.08 17:17:26.693,12.0668,12.06881,0.00,0.00
2014.10.08 17:17:26.842,12.0668,12.06841,0.00,0.00
2014.10.08 17:17:27.061,12.06661,12.06841,0.00,0.00
2014.10.08 17:17:28.805,12.06649,12.06841,0.00,0.00
2014.10.08 17:17:29.011,12.06666,12.06841,0.00,0.00
2014.10.08 17:17:29.366,12.06651,12.06841,0.00,0.00
2014.10.08 17:17:29.814,12.06651,12.06791,0.00,0.00
2014.10.08 17:17:29.867,12.06615,12.06791,0.00,0.00
2014.10.08 17:17:29.968,12.06604,12.06791,0.00,0.00
2014.10.08 17:17:30.142,12.06604,12.06741,0.00,0.00
2014.10.08 17:17:30.300,12.06565,12.06741,0.00,0.00
2014.10.08 17:17:30.508,12.06578,12.06741,0.00,0.00
2014.10.08 17:17:31.297,12.06564,12.06741,0.00,0.00
2014.10.08 17:17:31.462,12.06514,12.06678,0.00,0.00
2014.10.08 17:17:31.512,12.06516,12.06632,0.00,0.00
2014.10.08 17:17:31.613,12.06552,12.06819,0.00,0.00
2014.10.08 17:17:31.721,12.06567,12.06692,0.00,0.00
2014.10.08 17:17:31.772,12.06582,12.06692,0.00,0.00
2014.10.08 17:17:31.923,12.06641,12.06819,0.00,0.00
2014.10.08 17:17:31.973,12.06656,12.06819,0.00,0.00
2014.10.08 17:17:32.074,12.06656,12.06842,0.00,0.00
2014.10.08 17:17:33.820,12.06639,12.06842,0.00,0.00
2014.10.08 17:17:33.921,12.06616,12.06842,0.00,0.00
2014.10.08 17:17:34.582,12.06605,12.06792,0.00,0.00
2014.10.08 17:17:34.683,12.06566,12.06792,0.00,0.00
2014.10.08 17:17:34.784,12.06566,12.06741,0.00,0.00
2014.10.08 17:17:35.753,12.06566,12.06692,0.00,0.00
2014.10.08 17:17:35.803,12.06556,12.06692,0.00,0.00
2014.10.08 17:17:35.904,12.06467,12.06692,0.00,0.00
2014.10.08 17:17:36.005,12.06467,12.06632,0.00,0.00
2014.10.08 17:17:36.743,12.06467,12.06692,0.00,0.00
2014.10.08 17:17:36.794,12.06482,12.06692,0.00,0.00
2014.10.08 17:17:36.901,12.06467,12.06692,0.00,0.00
2014.10.08 17:17:37.001,12.06481,12.06691,0.00,0.00
2014.10.08 17:17:37.203,12.06467,12.06691,0.00,0.00
2014.10.08 17:17:37.324,12.06467,12.06632,0.00,0.00
2014.10.08 17:17:38.960,12.06417,12.06568,0.00,0.00
2014.10.08 17:17:39.010,12.06457,12.06718,0.00,0.00
2014.10.08 17:17:39.111,12.0649,12.06718,0.00,0.00
2014.10.08 17:17:39.212,12.0649,12.06632,0.00,0.00
2014.10.08 17:17:39.312,12.06532,12.06632,0.00,0.00
2014.10.08 17:17:39.413,12.06557,12.06718,0.00,0.00
2014.10.08 17:17:39.564,12.06557,12.06742,0.00,0.00
2014.10.08 17:17:43.502,12.06505,12.06632,0.00,0.00
2014.10.08 17:17:43.603,12.06432,12.06632,0.00,0.00
2014.10.08 17:17:44.926,12.06382,12.06581,0.00,0.00
2014.10.08 17:17:45.027,12.06356,12.06581,0.00,0.00
2014.10.08 17:17:45.151,12.06356,12.06532,0.00,0.00
2014.10.08 17:17:45.812,12.06382,12.06532,0.00,0.00
2014.10.08 17:17:46.255,12.06367,12.06532,0.00,0.00
2014.10.08 17:17:48.511,12.06351,12.06532,0.00,0.00
2014.10.08 17:17:48.612,12.06365,12.06532,0.00,0.00
2014.10.08 17:17:49.445,12.06348,12.06532,0.00,0.00
2014.10.08 17:17:51.156,12.0636,12.06532,0.00,0.00
2014.10.08 17:17:51.481,12.0636,12.06582,0.00,0.00
2014.10.08 17:17:51.532,12.06401,12.06582,0.00,0.00
2014.10.08 17:17:51.733,12.06451,12.06669,0.00,0.00
2014.10.08 17:17:52.862,12.06451,12.06682,0.00,0.00
2014.10.08 17:17:53.117,12.06428,12.06682,0.00,0.00
2014.10.08 17:17:53.318,12.06452,12.06682,0.00,0.00
2014.10.08 17:17:53.369,12.06452,12.06719,0.00,0.00
2014.10.08 17:17:53.419,12.06481,12.06719,0.00,0.00
2014.10.08 17:17:53.618,12.06461,12.06719,0.00,0.00
2014.10.08 17:17:53.719,12.0648,12.06719,0.00,0.00
2014.10.08 17:17:54.225,12.06491,12.06719,0.00,0.00
2014.10.08 17:17:54.326,12.06504,12.06768,0.00,0.00
2014.10.08 17:17:54.376,12.06504,12.06731,0.00,0.00
2014.10.08 17:17:54.520,12.06492,12.06731,0.00,0.00
2014.10.08 17:17:54.620,12.06525,12.06731,0.00,0.00
2014.10.08 17:17:54.721,12.06547,12.06768,0.00,0.00
2014.10.08 17:17:55.221,12.06536,12.06768,0.00,0.00
2014.10.08 17:17:55.612,12.06536,12.06791,0.00,0.00
2014.10.08 17:17:55.721,12.06548,12.06791,0.00,0.00
2014.10.08 17:17:56.624,12.0652,12.06791,0.00,0.00
2014.10.08 17:17:56.674,12.0652,12.06731,0.00,0.00
2014.10.08 17:17:56.725,12.06489,12.06719,0.00,0.00
2014.10.08 17:17:56.804,12.06434,12.06719,0.00,0.00
2014.10.08 17:17:56.872,12.06434,12.06682,0.00,0.00
2014.10.08 17:17:57.215,12.06469,12.06682,0.00,0.00
2014.10.08 17:17:57.974,12.06454,12.06682,0.00,0.00
2014.10.08 17:17:58.075,12.06441,12.06682,0.00,0.00
2014.10.08 17:17:58.226,12.06453,12.06682,0.00,0.00
2014.10.08 17:17:58.359,12.06442,12.06682,0.00,0.00
2014.10.08 17:17:59.128,12.06439,12.06682,0.00,0.00
2014.10.08 17:18:01.385,12.06439,12.06632,0.00,0.00
2014.10.08 17:18:01.435,12.06342,12.06632,0.00,0.00
2014.10.08 17:18:01.712,12.06342,12.06571,0.00,0.00
2014.10.08 17:18:02.036,12.06355,12.06571,0.00,0.00
2014.10.08 17:18:02.136,12.0634,12.06571,0.00,0.00
2014.10.08 17:18:02.236,12.06381,12.06571,0.00,0.00
2014.10.08 17:18:02.287,12.06381,12.06631,0.00,0.00
2014.10.08 17:18:02.337,12.0644,12.06631,0.00,0.00
2014.10.08 17:18:02.438,12.06433,12.06631,0.00,0.00
2014.10.08 17:18:02.560,12.06433,12.06682,0.00,0.00
2014.10.08 17:18:02.738,12.06456,12.06682,0.00,0.00
2014.10.08 17:18:03.082,12.06393,12.06631,0.00,0.00
2014.10.08 17:18:03.139,12.06377,12.06631,0.00,0.00
2014.10.08 17:18:03.290,12.06377,12.06572,0.00,0.00
2014.10.08 17:18:03.653,12.06348,12.06572,0.00,0.00
2014.10.08 17:18:03.754,12.06341,12.06572,0.00,0.00
2014.10.08 17:18:04.643,12.06289,12.06572,0.00,0.00
2014.10.08 17:18:04.694,12.06289,12.06531,0.00,0.00
2014.10.08 17:18:04.794,12.06274,12.06531,0.00,0.00
2014.10.08 17:18:04.901,12.06274,12.06482,0.00,0.00
2014.10.08 17:18:05.444,12.06251,12.06482,0.00,0.00
2014.10.08 17:18:05.844,12.06262,12.06482,0.00,0.00
2014.10.08 17:18:06.154,12.0628,12.06532,0.00,0.00
2014.10.08 17:18:06.254,12.06306,12.06532,0.00,0.00
2014.10.08 17:18:06.355,12.06249,12.06532,0.00,0.00
2014.10.08 17:18:06.456,12.06249,12.06482,0.00,0.00
2014.10.08 17:18:07.474,12.0628,12.06572,0.00,0.00
2014.10.08 17:18:07.675,12.06271,12.06482,0.00,0.00
2014.10.08 17:18:08.422,12.06271,12.06531,0.00,0.00
2014.10.08 17:18:08.472,12.06281,12.06531,0.00,0.00
2014.10.08 17:18:08.652,12.06321,12.06572,0.00,0.00
2014.10.08 17:18:08.702,12.06341,12.06572,0.00,0.00
2014.10.08 17:18:08.803,12.06288,12.06572,0.00,0.00
2014.10.08 17:18:08.853,12.06301,12.06572,0.00,0.00
2014.10.08 17:18:09.213,12.06277,12.06532,0.00,0.00
2014.10.08 17:18:09.757,12.06301,12.06532,0.00,0.00
2014.10.08 17:18:11.362,12.06318,12.06532,0.00,0.00
2014.10.08 17:18:11.412,12.06318,12.06571,0.00,0.00
2014.10.08 17:18:11.513,12.06305,12.06571,0.00,0.00
2014.10.08 17:18:11.613,12.06278,12.06531,0.00,0.00
2014.10.08 17:18:12.367,12.06289,12.06531,0.00,0.00
2014.10.08 17:18:12.569,12.06278,12.06531,0.00,0.00
2014.10.08 17:18:12.619,12.06278,12.06482,0.00,0.00
2014.10.08 17:18:12.670,12.06243,12.06482,0.00,0.00
2014.10.08 17:18:13.472,12.06231,12.06482,0.00,0.00
2014.10.08 17:18:14.275,12.06244,12.06482,0.00,0.00
2014.10.08 17:18:15.205,12.06256,12.06482,0.00,0.00
2014.10.08 17:18:16.078,12.06243,12.06482,0.00,0.00
2014.10.08 17:18:16.181,12.06231,12.06482,0.00,0.00
2014.10.08 17:18:16.688,12.06252,12.06482,0.00,0.00
2014.10.08 17:18:17.001,12.06252,12.06431,0.00,0.00
2014.10.08 17:18:17.102,12.06188,12.06431,0.00,0.00
2014.10.08 17:18:17.281,12.06158,12.06431,0.00,0.00
2014.10.08 17:18:17.406,12.06126,12.06431,0.00,0.00
2014.10.08 17:18:17.456,12.06126,12.06381,0.00,0.00
2014.10.08 17:18:17.795,12.06165,12.06381,0.00,0.00
2014.10.08 17:18:17.918,12.06143,12.06381,0.00,0.00
2014.10.08 17:18:18.505,12.06155,12.06381,0.00,0.00
2014.10.08 17:18:18.791,12.06133,12.06381,0.00,0.00
2014.10.08 17:18:18.987,12.06154,12.06381,0.00,0.00
2014.10.08 17:18:21.299,12.0614,12.06381,0.00,0.00
2014.10.08 17:18:21.408,12.06051,12.06381,0.00,0.00
2014.10.08 17:18:21.459,12.06047,12.06381,0.00,0.00
2014.10.08 17:18:21.509,12.06047,12.0637,0.00,0.00
2014.10.08 17:18:21.835,12.06047,12.06332,0.00,0.00
2014.10.08 17:18:21.886,12.06034,12.06332,0.00,0.00
2014.10.08 17:18:21.936,12.06055,12.06332,0.00,0.00
2014.10.08 17:18:22.250,12.06036,12.06292,0.00,0.00
2014.10.08 17:18:23.005,12.06047,12.06292,0.00,0.00
2014.10.08 17:18:23.336,12.06064,12.06292,0.00,0.00
2014.10.08 17:18:24.207,12.06046,12.06292,0.00,0.00
2014.10.08 17:18:24.497,12.06046,12.06331,0.00,0.00
2014.10.08 17:18:24.547,12.06065,12.06331,0.00,0.00
2014.10.08 17:18:24.883,12.06155,12.06382,0.00,0.00
2014.10.08 17:18:25.756,12.06139,12.06382,0.00,0.00
2014.10.08 17:18:25.812,12.06164,12.06382,0.00,0.00
2014.10.08 17:18:26.012,12.06146,12.06382,0.00,0.00
2014.10.08 17:18:26.132,12.06146,12.06418,0.00,0.00
2014.10.08 17:18:26.213,12.0621,12.06418,0.00,0.00
2014.10.08 17:18:26.314,12.06164,12.06418,0.00,0.00
2014.10.08 17:18:26.416,12.06142,12.06418,0.00,0.00
2014.10.08 17:18:26.466,12.06142,12.06382,0.00,0.00
2014.10.08 17:18:26.517,12.06115,12.06382,0.00,0.00
2014.10.08 17:18:26.914,12.06127,12.06382,0.00,0.00
2014.10.08 17:18:27.015,12.06108,12.06382,0.00,0.00
2014.10.08 17:18:27.215,12.06162,12.06382,0.00,0.00
2014.10.08 17:18:27.515,12.0613,12.06382,0.00,0.00
2014.10.08 17:18:27.632,12.06154,12.06382,0.00,0.00
2014.10.08 17:18:28.017,12.06144,12.06382,0.00,0.00
2014.10.08 17:18:28.117,12.06155,12.06382,0.00,0.00
2014.10.08 17:18:28.619,12.06143,12.06382,0.00,0.00
2014.10.08 17:18:28.737,12.06154,12.06382,0.00,0.00
2014.10.08 17:18:28.788,12.06154,12.06432,0.00,0.00
2014.10.08 17:18:28.838,12.06179,12.06432,0.00,0.00
2014.10.08 17:18:28.943,12.06164,12.06432,0.00,0.00
2014.10.08 17:18:28.994,12.06164,12.06381,0.00,0.00
2014.10.08 17:18:29.044,12.06131,12.06381,0.00,0.00
2014.10.08 17:18:30.058,12.06155,12.06381,0.00,0.00
2014.10.08 17:18:30.639,12.06178,12.06381,0.00,0.00
2014.10.08 17:18:32.038,12.06189,12.06381,0.00,0.00
2014.10.08 17:18:32.089,12.06189,12.06431,0.00,0.00
2014.10.08 17:18:32.139,12.06209,12.06431,0.00,0.00
2014.10.08 17:18:32.330,12.06223,12.06469,0.00,0.00
2014.10.08 17:18:32.569,12.06199,12.06469,0.00,0.00
2014.10.08 17:18:32.938,12.06273,12.06469,0.00,0.00
2014.10.08 17:18:33.451,12.06273,12.06482,0.00,0.00
2014.10.08 17:18:33.552,12.0626,12.06482,0.00,0.00
2014.10.08 17:18:33.933,12.06249,12.06482,0.00,0.00
2014.10.08 17:18:34.034,12.06234,12.06482,0.00,0.00
2014.10.08 17:18:35.035,12.06219,12.06482,0.00,0.00
2014.10.08 17:18:35.183,12.06202,12.06482,0.00,0.00
2014.10.08 17:18:35.562,12.06216,12.06482,0.00,0.00
2014.10.08 17:18:35.838,12.06202,12.06482,0.00,0.00
2014.10.08 17:18:36.138,12.06216,12.06482,0.00,0.00
2014.10.08 17:18:36.473,12.06192,12.06381,0.00,0.00
2014.10.08 17:18:36.574,12.06113,12.06381,0.00,0.00
2014.10.08 17:18:36.675,12.06102,12.06381,0.00,0.00
2014.10.08 17:18:36.840,12.06149,12.06381,0.00,0.00
2014.10.08 17:18:36.941,12.06133,12.06381,0.00,0.00
2014.10.08 17:18:37.441,12.06147,12.06381,0.00,0.00
2014.10.08 17:18:37.985,12.06169,12.06381,0.00,0.00
2014.10.08 17:18:38.086,12.06155,12.06381,0.00,0.00
2014.10.08 17:18:38.361,12.06142,12.06381,0.00,0.00
2014.10.08 17:18:38.462,12.06155,12.06381,0.00,0.00
2014.10.08 17:18:38.758,12.06143,12.06381,0.00,0.00
2014.10.08 17:18:39.687,12.06143,12.06432,0.00,0.00
2014.10.08 17:18:39.788,12.06222,12.06432,0.00,0.00
2014.10.08 17:18:39.989,12.06157,12.06381,0.00,0.00
2014.10.08 17:18:40.213,12.06157,12.06432,0.00,0.00
2014.10.08 17:18:40.263,12.06193,12.06432,0.00,0.00
2014.10.08 17:18:40.449,12.06173,12.06432,0.00,0.00
2014.10.08 17:18:40.500,12.06261,12.06432,0.00,0.00
2014.10.08 17:18:40.651,12.06268,12.06481,0.00,0.00
2014.10.08 17:18:40.751,12.06278,12.06481,0.00,0.00
2014.10.08 17:18:40.902,12.06291,12.06531,0.00,0.00
2014.10.08 17:18:41.852,12.06292,12.06531,0.00,0.00
2014.10.08 17:18:42.278,12.06335,12.06531,0.00,0.00
2014.10.08 17:18:42.329,12.06335,12.06568,0.00,0.00
2014.10.08 17:18:42.753,12.06314,12.06568,0.00,0.00
2014.10.08 17:18:43.154,12.06336,12.06568,0.00,0.00
2014.10.08 17:18:43.397,12.06336,12.06571,0.00,0.00
2014.10.08 17:18:44.074,12.06339,12.06571,0.00,0.00
2014.10.08 17:18:44.176,12.06325,12.06571,0.00,0.00
2014.10.08 17:18:46.404,12.06325,12.06531,0.00,0.00
2014.10.08 17:18:46.505,12.06282,12.06531,0.00,0.00
2014.10.08 17:18:46.605,12.06211,12.06531,0.00,0.00
2014.10.08 17:18:46.707,12.06211,12.06482,0.00,0.00
2014.10.08 17:18:47.030,12.06211,12.06431,0.00,0.00
2014.10.08 17:18:47.263,12.06243,12.06482,0.00,0.00
2014.10.08 17:18:48.966,12.06222,12.06482,0.00,0.00
2014.10.08 17:18:49.266,12.06247,12.06482,0.00,0.00
2014.10.08 17:18:49.667,12.0623,12.06482,0.00,0.00
2014.10.08 17:18:51.490,12.06214,12.06482,0.00,0.00
2014.10.08 17:18:51.591,12.06202,12.06482,0.00,0.00
2014.10.08 17:18:52.016,12.06188,12.06482,0.00,0.00
2014.10.08 17:18:53.316,12.06188,12.06502,0.00,0.00
2014.10.08 17:18:53.976,12.06219,12.06502,0.00,0.00
2014.10.08 17:18:54.464,12.06242,12.06502,0.00,0.00
2014.10.08 17:18:57.081,12.06196,12.06502,0.00,0.00
2014.10.08 17:18:57.282,12.06185,12.06502,0.00,0.00
2014.10.08 17:18:57.382,12.06182,12.06452,0.00,0.00
2014.10.08 17:18:57.533,12.06128,12.06452,0.00,0.00
2014.10.08 17:18:57.700,12.06128,12.06412,0.00,0.00
2014.10.08 17:18:58.196,12.06149,12.06412,0.00,0.00
2014.10.08 17:18:58.824,12.06149,12.06469,0.00,0.00
2014.10.08 17:18:58.874,12.06172,12.06419,0.00,0.00
2014.10.08 17:18:59.345,12.06239,12.06419,0.00,0.00
2014.10.08 17:18:59.520,12.06239,12.06502,0.00,0.00
2014.10.08 17:19:00.621,12.06218,12.06502,0.00,0.00
2014.10.08 17:19:01.537,12.06242,12.06502,0.00,0.00
2014.10.08 17:19:02.190,12.06218,12.06502,0.00,0.00
2014.10.08 17:19:03.697,12.06231,12.06502,0.00,0.00
2014.10.08 17:19:03.899,12.06218,12.06502,0.00,0.00
2014.10.08 17:19:04.502,12.06243,12.06502,0.00,0.00
2014.10.08 17:19:05.003,12.06219,12.06502,0.00,0.00
2014.10.08 17:19:06.241,12.06243,12.06502,0.00,0.00
2014.10.08 17:19:06.729,12.06219,12.06502,0.00,0.00
2014.10.08 17:19:06.847,12.06244,12.06502,0.00,0.00
2014.10.08 17:19:07.808,12.06232,12.06502,0.00,0.00
2014.10.08 17:19:07.909,12.06219,12.06502,0.00,0.00
2014.10.08 17:19:08.511,12.06243,12.06502,0.00,0.00
2014.10.08 17:19:08.612,12.06219,12.06502,0.00,0.00
2014.10.08 17:19:09.513,12.06244,12.06502,0.00,0.00
2014.10.08 17:19:10.726,12.06223,12.06502,0.00,0.00
2014.10.08 17:19:11.321,12.0623,12.06502,0.00,0.00
2014.10.08 17:19:11.844,12.06229,12.06502,0.00,0.00
2014.10.08 17:19:13.429,12.06215,12.06502,0.00,0.00
2014.10.08 17:19:15.532,12.06226,12.06502,0.00,0.00
2014.10.08 17:19:15.679,12.06215,12.06502,0.00,0.00
2014.10.08 17:19:16.533,12.06238,12.06502,0.00,0.00
2014.10.08 17:19:17.234,12.06217,12.06502,0.00,0.00
2014.10.08 17:19:20.169,12.06244,12.06502,0.00,0.00
2014.10.08 17:19:22.944,12.06245,12.06502,0.00,0.00
2014.10.08 17:19:24.331,12.06245,12.06552,0.00,0.00
2014.10.08 17:19:24.381,12.06318,12.06552,0.00,0.00
2014.10.08 17:19:24.843,12.06338,12.06569,0.00,0.00
2014.10.08 17:19:25.251,12.06326,12.06569,0.00,0.00
2014.10.08 17:19:25.449,12.06338,12.06569,0.00,0.00
2014.10.08 17:19:25.583,12.06327,12.06569,0.00,0.00
2014.10.08 17:19:25.709,12.06327,12.06601,0.00,0.00
2014.10.08 17:19:25.760,12.06339,12.06601,0.00,0.00
2014.10.08 17:19:25.964,12.06314,12.06601,0.00,0.00
2014.10.08 17:19:26.266,12.06326,12.06601,0.00,0.00
2014.10.08 17:19:26.587,12.06314,12.06601,0.00,0.00
2014.10.08 17:19:26.849,12.06314,12.06551,0.00,0.00
2014.10.08 17:19:26.951,12.06272,12.06551,0.00,0.00
2014.10.08 17:19:27.052,12.0627,12.06551,0.00,0.00
2014.10.08 17:19:27.352,12.06294,12.06551,0.00,0.00
2014.10.08 17:19:27.953,12.0627,12.06551,0.00,0.00
2014.10.08 17:19:28.401,12.06281,12.06551,0.00,0.00
2014.10.08 17:19:29.956,12.06269,12.06551,0.00,0.00
2014.10.08 17:19:30.256,12.06281,12.06551,0.00,0.00
2014.10.08 17:19:31.961,12.06268,12.06551,0.00,0.00
2014.10.08 17:19:33.263,12.0628,12.06551,0.00,0.00
2014.10.08 17:19:33.864,12.06267,12.06551,0.00,0.00
2014.10.08 17:19:35.580,12.06279,12.06551,0.00,0.00
2014.10.08 17:19:36.929,12.06279,12.06519,0.00,0.00
2014.10.08 17:19:36.980,12.06241,12.06502,0.00,0.00
2014.10.08 17:19:37.088,12.06231,12.06502,0.00,0.00
2014.10.08 17:19:40.474,12.06247,12.06502,0.00,0.00
2014.10.08 17:19:40.675,12.06221,12.06502,0.00,0.00
2014.10.08 17:19:41.513,12.06234,12.06502,0.00,0.00
2014.10.08 17:19:41.876,12.06222,12.06502,0.00,0.00
2014.10.08 17:19:42.218,12.06246,12.06502,0.00,0.00
2014.10.08 17:19:42.478,12.06223,12.06502,0.00,0.00
2014.10.08 17:19:44.820,12.06248,12.06502,0.00,0.00
2014.10.08 17:19:45.526,12.06237,12.06502,0.00,0.00
2014.10.08 17:19:45.722,12.06248,12.06502,0.00,0.00
2014.10.08 17:19:46.586,12.06225,12.06502,0.00,0.00
2014.10.08 17:19:46.786,12.06237,12.06502,0.00,0.00
2014.10.08 17:19:46.986,12.06225,12.06502,0.00,0.00
2014.10.08 17:19:47.589,12.06237,12.06502,0.00,0.00
2014.10.08 17:19:49.294,12.06223,12.06502,0.00,0.00
2014.10.08 17:19:49.734,12.06246,12.06502,0.00,0.00
2014.10.08 17:19:50.004,12.06222,12.06502,0.00,0.00
2014.10.08 17:19:50.411,12.06246,12.06502,0.00,0.00
2014.10.08 17:19:50.515,12.06221,12.06502,0.00,0.00
2014.10.08 17:19:51.334,12.06234,12.06502,0.00,0.00
2014.10.08 17:19:51.995,12.06221,12.06502,0.00,0.00
2014.10.08 17:19:53.645,12.06232,12.06502,0.00,0.00
2014.10.08 17:19:54.008,12.06245,12.06502,0.00,0.00
2014.10.08 17:19:55.015,12.0622,12.06502,0.00,0.00
2014.10.08 17:19:57.328,12.06243,12.06502,0.00,0.00
2014.10.08 17:19:57.834,12.06219,12.06502,0.00,0.00
2014.10.08 17:19:59.459,12.06243,12.06502,0.00,0.00
2014.10.08 17:20:01.124,12.06222,12.06502,0.00,0.00
2014.10.08 17:20:01.275,12.06235,12.06502,0.00,0.00
2014.10.08 17:20:01.949,12.06246,12.06502,0.00,0.00
2014.10.08 17:20:02.269,12.06235,12.06502,0.00,0.00
2014.10.08 17:20:02.630,12.06222,12.06502,0.00,0.00
2014.10.08 17:20:02.731,12.06235,12.06502,0.00,0.00
2014.10.08 17:20:02.831,12.06222,12.06502,0.00,0.00
2014.10.08 17:20:03.932,12.06247,12.06502,0.00,0.00
2014.10.08 17:20:04.051,12.06235,12.06502,0.00,0.00
2014.10.08 17:20:04.356,12.06248,12.06502,0.00,0.00
2014.10.08 17:20:05.377,12.06236,12.06502,0.00,0.00
2014.10.08 17:20:05.479,12.06248,12.06502,0.00,0.00
2014.10.08 17:20:05.937,12.06226,12.06502,0.00,0.00
2014.10.08 17:20:06.241,12.06238,12.06502,0.00,0.00
2014.10.08 17:20:06.538,12.06226,12.06502,0.00,0.00
2014.10.08 17:20:07.439,12.06237,12.06502,0.00,0.00
2014.10.08 17:20:08.751,12.06226,12.06502,0.00,0.00
2014.10.08 17:20:09.260,12.06249,12.06502,0.00,0.00
2014.10.08 17:20:09.561,12.06236,12.06502,0.00,0.00
2014.10.08 17:20:09.970,12.06249,12.06502,0.00,0.00
2014.10.08 17:20:11.949,12.06237,12.06502,0.00,0.00
2014.10.08 17:20:13.382,12.06248,12.06502,0.00,0.00
2014.10.08 17:20:13.655,12.06237,12.06502,0.00,0.00
2014.10.08 17:20:13.992,12.06249,12.06502,0.00,0.00
2014.10.08 17:20:14.598,12.0625,12.06502,0.00,0.00
2014.10.08 17:20:15.780,12.06239,12.06502,0.00,0.00
2014.10.08 17:20:15.960,12.06332,12.06502,0.00,0.00
2014.10.08 17:20:16.061,12.06361,12.06551,0.00,0.00
2014.10.08 17:20:16.111,12.06391,12.06551,0.00,0.00
2014.10.08 17:20:16.271,12.0645,12.06652,0.00,0.00
2014.10.08 17:20:16.575,12.06442,12.06652,0.00,0.00
2014.10.08 17:20:16.977,12.06429,12.06652,0.00,0.00
2014.10.08 17:20:17.077,12.06521,12.06719,0.00,0.00
2014.10.08 17:20:17.128,12.06521,12.06761,0.00,0.00
2014.10.08 17:20:17.272,12.06521,12.06812,0.00,0.00
2014.10.08 17:20:17.322,12.06535,12.06812,0.00,0.00
2014.10.08 17:20:17.480,12.06523,12.06812,0.00,0.00
2014.10.08 17:20:17.583,12.06536,12.06812,0.00,0.00
2014.10.08 17:20:17.812,12.06523,12.06812,0.00,0.00
2014.10.08 17:20:18.201,12.06536,12.06812,0.00,0.00
2014.10.08 17:20:19.026,12.06515,12.06762,0.00,0.00
2014.10.08 17:20:19.127,12.06504,12.06762,0.00,0.00
2014.10.08 17:20:19.228,12.0647,12.06762,0.00,0.00
2014.10.08 17:20:19.411,12.06481,12.06762,0.00,0.00
2014.10.08 17:20:19.795,12.06504,12.06768,0.00,0.00
2014.10.08 17:20:20.099,12.06491,12.06768,0.00,0.00
2014.10.08 17:20:20.199,12.06481,12.06768,0.00,0.00
2014.10.08 17:20:20.250,12.0647,12.06761,0.00,0.00
2014.10.08 17:20:20.500,12.06481,12.06761,0.00,0.00
2014.10.08 17:20:20.901,12.06468,12.06761,0.00,0.00
2014.10.08 17:20:21.103,12.06533,12.06761,0.00,0.00
2014.10.08 17:20:21.203,12.06533,12.06811,0.00,0.00
2014.10.08 17:20:22.807,12.06514,12.06811,0.00,0.00
2014.10.08 17:20:22.907,12.06489,12.06811,0.00,0.00
2014.10.08 17:20:22.958,12.06489,12.06762,0.00,0.00
2014.10.08 17:20:23.209,12.06513,12.06811,0.00,0.00
2014.10.08 17:20:23.421,12.06501,12.06811,0.00,0.00
2014.10.08 17:20:23.910,12.06482,12.06811,0.00,0.00
2014.10.08 17:20:24.018,12.06482,12.06768,0.00,0.00
2014.10.08 17:20:24.119,12.06471,12.06761,0.00,0.00
2014.10.08 17:20:24.526,12.06442,12.06761,0.00,0.00
2014.10.08 17:20:24.577,12.06432,12.06761,0.00,0.00
2014.10.08 17:20:24.627,12.06432,12.06702,0.00,0.00
2014.10.08 17:20:24.778,12.0637,12.06668,0.00,0.00
2014.10.08 17:20:24.829,12.06356,12.06601,0.00,0.00
2014.10.08 17:20:24.941,12.06325,12.06601,0.00,0.00
2014.10.08 17:20:25.717,12.06312,12.06601,0.00,0.00
2014.10.08 17:20:26.018,12.06346,12.06601,0.00,0.00
2014.10.08 17:20:26.920,12.06322,12.06601,0.00,0.00
2014.10.08 17:20:28.022,12.06346,12.06601,0.00,0.00
2014.10.08 17:20:28.537,12.06358,12.06601,0.00,0.00
2014.10.08 17:20:28.947,12.06318,12.06601,0.00,0.00
2014.10.08 17:20:29.525,12.06343,12.06601,0.00,0.00
2014.10.08 17:20:29.646,12.0633,12.06601,0.00,0.00
2014.10.08 17:20:29.926,12.06343,12.06601,0.00,0.00
2014.10.08 17:20:30.256,12.06359,12.06601,0.00,0.00
2014.10.08 17:20:30.528,12.06324,12.06601,0.00,0.00
2014.10.08 17:20:30.628,12.06349,12.06601,0.00,0.00
2014.10.08 17:20:30.828,12.06325,12.06601,0.00,0.00
2014.10.08 17:20:32.031,12.06336,12.06601,0.00,0.00
2014.10.08 17:20:33.834,12.06323,12.06601,0.00,0.00
2014.10.08 17:20:34.297,12.06347,12.06601,0.00,0.00
2014.10.08 17:20:34.535,12.06336,12.06601,0.00,0.00
2014.10.08 17:20:35.336,12.06323,12.06601,0.00,0.00
2014.10.08 17:20:35.972,12.06334,12.06601,0.00,0.00
2014.10.08 17:20:36.959,12.06323,12.06601,0.00,0.00
2014.10.08 17:20:37.857,12.06346,12.06601,0.00,0.00
2014.10.08 17:20:38.441,12.06323,12.06601,0.00,0.00
2014.10.08 17:20:38.888,12.06306,12.06601,0.00,0.00
2014.10.08 17:20:40.563,12.06306,12.06552,0.00,0.00
2014.10.08 17:20:40.664,12.06279,12.06552,0.00,0.00
2014.10.08 17:20:41.146,12.06302,12.06552,0.00,0.00
2014.10.08 17:20:41.246,12.06277,12.06552,0.00,0.00
2014.10.08 17:20:41.868,12.06289,12.06552,0.00,0.00
2014.10.08 17:20:41.969,12.06234,12.06501,0.00,0.00
2014.10.08 17:20:42.282,12.06222,12.06501,0.00,0.00
2014.10.08 17:20:42.950,12.06253,12.06501,0.00,0.00
2014.10.08 17:20:43.250,12.06228,12.06501,0.00,0.00
2014.10.08 17:20:43.535,12.06228,12.06412,0.00,0.00
2014.10.08 17:20:43.586,12.06184,12.06412,0.00,0.00
2014.10.08 17:20:43.652,12.06117,12.06412,0.00,0.00
2014.10.08 17:20:43.703,12.06141,12.06412,0.00,0.00
2014.10.08 17:20:43.803,12.06102,12.06412,0.00,0.00
2014.10.08 17:20:44.178,12.06109,12.06412,0.00,0.00
2014.10.08 17:20:44.500,12.06177,12.06412,0.00,0.00
2014.10.08 17:20:44.550,12.06177,12.06451,0.00,0.00
2014.10.08 17:20:44.601,12.06181,12.06451,0.00,0.00
2014.10.08 17:20:44.755,12.06181,12.06501,0.00,0.00
2014.10.08 17:20:44.855,12.06161,12.06501,0.00,0.00
2014.10.08 17:20:44.958,12.06161,12.06452,0.00,0.00
2014.10.08 17:20:45.920,12.06155,12.06452,0.00,0.00
2014.10.08 17:20:45.970,12.06141,12.06411,0.00,0.00
2014.10.08 17:20:46.021,12.06113,12.06411,0.00,0.00
2014.10.08 17:20:46.694,12.06112,12.06411,0.00,0.00
2014.10.08 17:20:46.745,12.06086,12.06369,0.00,0.00
2014.10.08 17:20:46.795,12.06011,12.06369,0.00,0.00
2014.10.08 17:20:46.846,12.06011,12.06362,0.00,0.00
2014.10.08 17:20:47.190,12.06043,12.06361,0.00,0.00
2014.10.08 17:20:47.962,12.06113,12.06361,0.00,0.00
2014.10.08 17:20:48.063,12.06144,12.06411,0.00,0.00
2014.10.08 17:20:49.867,12.06122,12.06411,0.00,0.00
2014.10.08 17:20:50.500,12.06135,12.06411,0.00,0.00
2014.10.08 17:20:50.869,12.06123,12.06411,0.00,0.00
2014.10.08 17:20:51.871,12.06147,12.06411,0.00,0.00
2014.10.08 17:20:53.974,12.06125,12.06411,0.00,0.00
2014.10.08 17:20:55.376,12.0611,12.06411,0.00,0.00
2014.10.08 17:20:55.819,12.06126,12.06411,0.00,0.00
2014.10.08 17:20:56.979,12.06103,12.06411,0.00,0.00
2014.10.08 17:20:59.230,12.06103,12.06369,0.00,0.00
2014.10.08 17:20:59.333,12.06092,12.06369,0.00,0.00
2014.10.08 17:20:59.383,12.06092,12.06362,0.00,0.00
2014.10.08 17:20:59.434,12.06038,12.06362,0.00,0.00
2014.10.08 17:20:59.484,12.06038,12.06311,0.00,0.00
2014.10.08 17:20:59.904,12.05988,12.06269,0.00,0.00
2014.10.08 17:20:59.955,12.05988,12.06262,0.00,0.00
2014.10.08 17:21:00.487,12.06004,12.06262,0.00,0.00
2014.10.08 17:21:00.899,12.05992,12.06262,0.00,0.00
2014.10.08 17:21:01.796,12.06003,12.06262,0.00,0.00
2014.10.08 17:21:02.310,12.06004,12.06262,0.00,0.00
2014.10.08 17:21:02.361,12.06004,12.06311,0.00,0.00
2014.10.08 17:21:02.411,12.06055,12.06311,0.00,0.00
2014.10.08 17:21:02.925,12.06042,12.06311,0.00,0.00
2014.10.08 17:21:04.195,12.06055,12.06311,0.00,0.00
2014.10.08 17:21:06.033,12.06034,12.06311,0.00,0.00
2014.10.08 17:21:06.984,12.0608,12.06362,0.00,0.00
2014.10.08 17:21:07.034,12.06139,12.06362,0.00,0.00
2014.10.08 17:21:07.400,12.06155,12.06369,0.00,0.00
2014.10.08 17:21:07.940,12.06125,12.06369,0.00,0.00
2014.10.08 17:21:08.041,12.0611,12.06369,0.00,0.00
2014.10.08 17:21:08.251,12.0611,12.06411,0.00,0.00
2014.10.08 17:21:08.351,12.06107,12.06411,0.00,0.00
2014.10.08 17:21:08.405,12.06152,12.06411,0.00,0.00
2014.10.08 17:21:08.705,12.06131,12.06411,0.00,0.00
2014.10.08 17:21:09.006,12.06143,12.06411,0.00,0.00
2014.10.08 17:21:09.422,12.06154,12.06411,0.00,0.00
2014.10.08 17:21:09.507,12.06143,12.06411,0.00,0.00
2014.10.08 17:21:09.608,12.0613,12.06411,0.00,0.00
2014.10.08 17:21:10.346,12.06154,12.06411,0.00,0.00
2014.10.08 17:21:11.736,12.06128,12.06411,0.00,0.00
2014.10.08 17:21:12.355,12.06147,12.06471,0.00,0.00
2014.10.08 17:21:12.405,12.06181,12.06491,0.00,0.00
2014.10.08 17:21:12.556,12.06237,12.06552,0.00,0.00
2014.10.08 17:21:12.607,12.06237,12.06501,0.00,0.00
2014.10.08 17:21:12.759,12.06222,12.06501,0.00,0.00
2014.10.08 17:21:12.863,12.06246,12.06501,0.00,0.00
2014.10.08 17:21:12.914,12.06246,12.06552,0.00,0.00
2014.10.08 17:21:13.020,12.0625,12.06552,0.00,0.00
2014.10.08 17:21:13.329,12.06262,12.06501,0.00,0.00
2014.10.08 17:21:13.749,12.06245,12.06501,0.00,0.00
2014.10.08 17:21:14.319,12.06245,12.06519,0.00,0.00
2014.10.08 17:21:14.369,12.0626,12.06519,0.00,0.00
2014.10.08 17:21:14.420,12.06261,12.06552,0.00,0.00
2014.10.08 17:21:14.470,12.06331,12.06552,0.00,0.00
2014.10.08 17:21:14.671,12.06344,12.06601,0.00,0.00
2014.10.08 17:21:14.747,12.06368,12.06601,0.00,0.00
2014.10.08 17:21:15.048,12.06377,12.06619,0.00,0.00
2014.10.08 17:21:15.099,12.06377,12.06702,0.00,0.00
2014.10.08 17:21:15.149,12.06389,12.06702,0.00,0.00
2014.10.08 17:21:15.350,12.06378,12.06702,0.00,0.00
2014.10.08 17:21:15.550,12.06364,12.06702,0.00,0.00
2014.10.08 17:21:15.651,12.06423,12.06702,0.00,0.00
2014.10.08 17:21:16.759,12.06432,12.06702,0.00,0.00
2014.10.08 17:21:17.074,12.06471,12.06762,0.00,0.00
2014.10.08 17:21:17.361,12.06419,12.06762,0.00,0.00
2014.10.08 17:21:17.512,12.06419,12.06702,0.00,0.00
2014.10.08 17:21:17.877,12.06428,12.06702,0.00,0.00
2014.10.08 17:21:18.162,12.06416,12.06702,0.00,0.00
2014.10.08 17:21:18.663,12.06452,12.06702,0.00,0.00
2014.10.08 17:21:18.964,12.0644,12.06702,0.00,0.00
2014.10.08 17:21:19.907,12.06453,12.06702,0.00,0.00
2014.10.08 17:21:20.166,12.0643,12.06702,0.00,0.00
2014.10.08 17:21:20.767,12.06418,12.06702,0.00,0.00
2014.10.08 17:21:23.207,12.06444,12.06702,0.00,0.00
2014.10.08 17:21:24.683,12.0642,12.06702,0.00,0.00
2014.10.08 17:21:24.774,12.06444,12.06702,0.00,0.00
2014.10.08 17:21:25.775,12.06419,12.06702,0.00,0.00
2014.10.08 17:21:26.230,12.06439,12.06702,0.00,0.00
2014.10.08 17:21:26.322,12.06427,12.06702,0.00,0.00
2014.10.08 17:21:27.751,12.06416,12.06702,0.00,0.00
2014.10.08 17:21:27.925,12.06429,12.06702,0.00,0.00
2014.10.08 17:21:28.357,12.06441,12.06702,0.00,0.00
2014.10.08 17:21:28.870,12.0652,12.06762,0.00,0.00
2014.10.08 17:21:29.314,12.06538,12.06768,0.00,0.00
2014.10.08 17:21:30.160,12.06526,12.06811,0.00,0.00
2014.10.08 17:21:30.730,12.06539,12.06811,0.00,0.00
2014.10.08 17:21:31.533,12.06516,12.06811,0.00,0.00
2014.10.08 17:21:32.455,12.06562,12.06811,0.00,0.00
2014.10.08 17:21:32.556,12.06541,12.06811,0.00,0.00
2014.10.08 17:21:32.753,12.06529,12.06811,0.00,0.00
2014.10.08 17:21:32.958,12.0654,12.06811,0.00,0.00
2014.10.08 17:21:33.134,12.06516,12.06811,0.00,0.00
2014.10.08 17:21:33.568,12.06471,12.06769,0.00,0.00
2014.10.08 17:21:33.618,12.06471,12.06762,0.00,0.00
2014.10.08 17:21:34.077,12.06489,12.06762,0.00,0.00
2014.10.08 17:21:34.180,12.06477,12.06762,0.00,0.00
2014.10.08 17:21:34.235,12.06489,12.06762,0.00,0.00
2014.10.08 17:21:35.146,12.06563,12.06811,0.00,0.00
2014.10.08 17:21:35.247,12.06548,12.06811,0.00,0.00
2014.10.08 17:21:35.448,12.06525,12.06811,0.00,0.00
2014.10.08 17:21:35.638,12.06547,12.06811,0.00,0.00
2014.10.08 17:21:35.838,12.06536,12.06811,0.00,0.00
2014.10.08 17:21:36.239,12.06547,12.06811,0.00,0.00
2014.10.08 17:21:36.318,12.06547,12.06818,0.00,0.00
2014.10.08 17:21:36.369,12.06564,12.06818,0.00,0.00
2014.10.08 17:21:36.540,12.06573,12.06861,0.00,0.00
2014.10.08 17:21:36.641,12.0654,12.06861,0.00,0.00
2014.10.08 17:21:36.691,12.0654,12.06811,0.00,0.00
2014.10.08 17:21:36.742,12.06515,12.06811,0.00,0.00
2014.10.08 17:21:37.341,12.06539,12.06811,0.00,0.00
2014.10.08 17:21:38.456,12.06527,12.06811,0.00,0.00
2014.10.08 17:21:38.628,12.06527,12.06761,0.00,0.00
2014.10.08 17:21:38.779,12.0647,12.06761,0.00,0.00
2014.10.08 17:21:39.057,12.06481,12.06761,0.00,0.00
2014.10.08 17:21:39.508,12.0648,12.06701,0.00,0.00
2014.10.08 17:21:39.559,12.06427,12.06701,0.00,0.00
2014.10.08 17:21:41.196,12.06449,12.06701,0.00,0.00
2014.10.08 17:21:41.367,12.06425,12.06701,0.00,0.00
2014.10.08 17:21:41.754,12.06437,12.06701,0.00,0.00
2014.10.08 17:21:42.060,12.06448,12.06701,0.00,0.00
2014.10.08 17:21:42.155,12.06436,12.06701,0.00,0.00
2014.10.08 17:21:42.252,12.06448,12.06701,0.00,0.00
2014.10.08 17:21:42.553,12.06507,12.06701,0.00,0.00
2014.10.08 17:21:42.604,12.06507,12.06761,0.00,0.00
2014.10.08 17:21:42.654,12.06537,12.06761,0.00,0.00
2014.10.08 17:21:42.855,12.0654,12.06811,0.00,0.00
2014.10.08 17:21:43.138,12.0654,12.06819,0.00,0.00
2014.10.08 17:21:43.239,12.06561,12.06862,0.00,0.00
2014.10.08 17:21:43.390,12.06573,12.06862,0.00,0.00
2014.10.08 17:21:43.896,12.06586,12.06861,0.00,0.00
2014.10.08 17:21:43.955,12.06574,12.06861,0.00,0.00
2014.10.08 17:21:44.169,12.06519,12.06812,0.00,0.00
2014.10.08 17:21:46.387,12.06547,12.06812,0.00,0.00
2014.10.08 17:21:46.578,12.06562,12.06861,0.00,0.00
2014.10.08 17:21:47.203,12.06584,12.06861,0.00,0.00
2014.10.08 17:21:47.407,12.06571,12.06861,0.00,0.00
2014.10.08 17:21:49.745,12.06571,12.06812,0.00,0.00
2014.10.08 17:21:49.796,12.06515,12.06812,0.00,0.00
2014.10.08 17:21:50.869,12.06527,12.06812,0.00,0.00
2014.10.08 17:21:51.767,12.06551,12.06812,0.00,0.00
2014.10.08 17:21:51.967,12.06527,12.06812,0.00,0.00
2014.10.08 17:21:54.420,12.06515,12.06812,0.00,0.00
2014.10.08 17:21:55.673,12.0654,12.06812,0.00,0.00
2014.10.08 17:21:57.482,12.06551,12.06812,0.00,0.00
2014.10.08 17:21:58.802,12.06529,12.06812,0.00,0.00
2014.10.08 17:21:59.378,12.06518,12.06812,0.00,0.00
2014.10.08 17:22:00.779,12.0653,12.06812,0.00,0.00
2014.10.08 17:22:01.080,12.06516,12.06812,0.00,0.00
2014.10.08 17:22:02.258,12.06562,12.06812,0.00,0.00
2014.10.08 17:22:02.309,12.0658,12.06885,0.00,0.00
2014.10.08 17:22:02.359,12.06591,12.06885,0.00,0.00
2014.10.08 17:22:02.409,12.06613,12.06912,0.00,0.00
2014.10.08 17:22:02.510,12.06627,12.06912,0.00,0.00
2014.10.08 17:22:02.682,12.06596,12.06912,0.00,0.00
2014.10.08 17:22:02.782,12.06591,12.06912,0.00,0.00
2014.10.08 17:22:03.333,12.06592,12.06912,0.00,0.00
2014.10.08 17:22:04.184,12.06594,12.06912,0.00,0.00
2014.10.08 17:22:04.751,12.06611,12.06912,0.00,0.00
2014.10.08 17:22:05.485,12.06601,12.06912,0.00,0.00
2014.10.08 17:22:05.591,12.06613,12.06912,0.00,0.00
2014.10.08 17:22:06.000,12.06601,12.06912,0.00,0.00
2014.10.08 17:22:11.594,12.06622,12.06912,0.00,0.00
2014.10.08 17:22:15.699,12.06604,12.06912,0.00,0.00
2014.10.08 17:22:16.823,12.06585,12.06912,0.00,0.00
2014.10.08 17:22:16.924,12.06614,12.06912,0.00,0.00
2014.10.08 17:22:17.294,12.06627,12.06912,0.00,0.00
2014.10.08 17:22:17.502,12.06615,12.06912,0.00,0.00
2014.10.08 17:22:17.803,12.06628,12.06912,0.00,0.00
2014.10.08 17:22:20.106,12.06614,12.06912,0.00,0.00
2014.10.08 17:22:20.407,12.0663,12.06912,0.00,0.00
2014.10.08 17:22:21.638,12.06617,12.06912,0.00,0.00
2014.10.08 17:22:21.739,12.0663,12.06912,0.00,0.00
2014.10.08 17:22:22.630,12.06619,12.06912,0.00,0.00
2014.10.08 17:22:23.461,12.06631,12.06912,0.00,0.00
2014.10.08 17:22:25.755,12.06618,12.06912,0.00,0.00
2014.10.08 17:22:27.745,12.06631,12.06912,0.00,0.00
2014.10.08 17:22:28.253,12.06614,12.06912,0.00,0.00
2014.10.08 17:22:29.228,12.0663,12.06912,0.00,0.00
2014.10.08 17:22:30.856,12.06614,12.06912,0.00,0.00
2014.10.08 17:22:31.261,12.06633,12.06912,0.00,0.00
2014.10.08 17:22:32.172,12.06615,12.06912,0.00,0.00
2014.10.08 17:22:32.862,12.06632,12.06912,0.00,0.00
2014.10.08 17:22:33.427,12.06621,12.06912,0.00,0.00
2014.10.08 17:22:34.230,12.06632,12.06912,0.00,0.00
2014.10.08 17:22:34.430,12.06614,12.06912,0.00,0.00
2014.10.08 17:22:36.359,12.06631,12.06912,0.00,0.00
2014.10.08 17:22:36.925,12.06619,12.06912,0.00,0.00
2014.10.08 17:22:40.739,12.06632,12.06912,0.00,0.00
2014.10.08 17:22:41.140,12.0662,12.06912,0.00,0.00
2014.10.08 17:22:49.855,12.06633,12.06912,0.00,0.00
2014.10.08 17:22:50.155,12.06614,12.06912,0.00,0.00
2014.10.08 17:22:51.257,12.06633,12.06912,0.00,0.00
2014.10.08 17:22:51.358,12.0662,12.06912,0.00,0.00
2014.10.08 17:22:55.163,12.06632,12.06912,0.00,0.00
2014.10.08 17:22:55.712,12.0662,12.06912,0.00,0.00
2014.10.08 17:23:00.214,12.06634,12.06912,0.00,0.00
2014.10.08 17:23:01.774,12.06614,12.06912,0.00,0.00
2014.10.08 17:23:02.532,12.06614,12.06958,0.00,0.00
2014.10.08 17:23:02.777,12.06634,12.0697,0.00,0.00
2014.10.08 17:23:03.107,12.06634,12.06951,0.00,0.00
2014.10.08 17:23:03.437,12.06664,12.06952,0.00,0.00
2014.10.08 17:23:03.812,12.06683,12.06952,0.00,0.00
2014.10.08 17:23:03.987,12.06683,12.06969,0.00,0.00
2014.10.08 17:23:04.082,12.067,12.06969,0.00,0.00
2014.10.08 17:23:04.417,12.06729,12.06969,0.00,0.00
2014.10.08 17:23:04.519,12.06729,12.07001,0.00,0.00
2014.10.08 17:23:04.620,12.06714,12.07001,0.00,0.00
2014.10.08 17:23:05.387,12.06734,12.07001,0.00,0.00
2014.10.08 17:23:09.005,12.06723,12.07001,0.00,0.00
2014.10.08 17:23:12.286,12.06742,12.07001,0.00,0.00
2014.10.08 17:23:12.589,12.06806,12.07068,0.00,0.00
2014.10.08 17:23:12.640,12.06775,12.07068,0.00,0.00
2014.10.08 17:23:12.842,12.06811,12.07068,0.00,0.00
2014.10.08 17:23:13.364,12.06823,12.07068,0.00,0.00
2014.10.08 17:23:13.705,12.06675,12.06912,0.00,0.00
2014.10.08 17:23:13.756,12.06648,12.06912,0.00,0.00
2014.10.08 17:23:14.572,12.06623,12.06912,0.00,0.00
2014.10.08 17:23:14.735,12.06647,12.06912,0.00,0.00
2014.10.08 17:23:14.936,12.06623,12.06912,0.00,0.00
2014.10.08 17:23:15.538,12.06632,12.06912,0.00,0.00
2014.10.08 17:23:17.744,12.06621,12.06912,0.00,0.00
2014.10.08 17:23:18.044,12.06645,12.06912,0.00,0.00
2014.10.08 17:23:18.548,12.06629,12.06912,0.00,0.00
2014.10.08 17:23:22.064,12.06618,12.06912,0.00,0.00
2014.10.08 17:23:24.767,12.06642,12.06912,0.00,0.00
2014.10.08 17:23:25.169,12.06631,12.06912,0.00,0.00
2014.10.08 17:23:32.784,12.06642,12.06912,0.00,0.00
2014.10.08 17:23:32.885,12.0663,12.06912,0.00,0.00
2014.10.08 17:23:34.588,12.06573,12.06912,0.00,0.00
2014.10.08 17:23:34.638,12.06573,12.06818,0.00,0.00
2014.10.08 17:23:34.739,12.06554,12.06812,0.00,0.00
2014.10.08 17:23:34.889,12.06527,12.06812,0.00,0.00
2014.10.08 17:23:35.393,12.06547,12.06811,0.00,0.00
2014.10.08 17:23:36.808,12.06536,12.06811,0.00,0.00
2014.10.08 17:23:37.136,12.06524,12.06811,0.00,0.00
2014.10.08 17:23:39.397,12.06547,12.06811,0.00,0.00
2014.10.08 17:23:40.098,12.06535,12.06811,0.00,0.00
2014.10.08 17:23:40.699,12.06522,12.06811,0.00,0.00
2014.10.08 17:23:42.401,12.06511,12.06811,0.00,0.00
2014.10.08 17:23:44.439,12.06492,12.06769,0.00,0.00
2014.10.08 17:23:44.539,12.06444,12.06761,0.00,0.00
2014.10.08 17:23:44.687,12.06444,12.06701,0.00,0.00
2014.10.08 17:23:46.134,12.0642,12.06701,0.00,0.00
2014.10.08 17:23:46.235,12.06447,12.06701,0.00,0.00
2014.10.08 17:23:46.609,12.06436,12.06701,0.00,0.00
2014.10.08 17:23:47.053,12.06423,12.06701,0.00,0.00
2014.10.08 17:23:48.012,12.06442,12.06701,0.00,0.00
2014.10.08 17:23:50.014,12.0651,12.06701,0.00,0.00
2014.10.08 17:23:50.115,12.0651,12.06762,0.00,0.00
2014.10.08 17:23:50.216,12.06533,12.06762,0.00,0.00
2014.10.08 17:23:50.316,12.06533,12.06768,0.00,0.00
2014.10.08 17:23:50.515,12.0652,12.06768,0.00,0.00
2014.10.08 17:23:50.616,12.06533,12.06768,0.00,0.00
2014.10.08 17:23:51.216,12.0652,12.06768,0.00,0.00
2014.10.08 17:23:51.317,12.06534,12.06768,0.00,0.00
2014.10.08 17:23:51.490,12.06534,12.06812,0.00,0.00
2014.10.08 17:23:52.318,12.06521,12.06812,0.00,0.00
2014.10.08 17:23:53.331,12.06535,12.06812,0.00,0.00
2014.10.08 17:23:54.040,12.06515,12.06812,0.00,0.00
2014.10.08 17:23:54.648,12.06535,12.06812,0.00,0.00
2014.10.08 17:23:54.849,12.06514,12.06812,0.00,0.00
2014.10.08 17:23:58.227,12.06515,12.06812,0.00,0.00
2014.10.08 17:23:58.527,12.06532,12.06812,0.00,0.00
2014.10.08 17:23:59.829,12.06515,12.06812,0.00,0.00
2014.10.08 17:23:59.936,12.06475,12.06812,0.00,0.00
2014.10.08 17:24:00.073,12.06475,12.0677,0.00,0.00
2014.10.08 17:24:00.173,12.06465,12.06762,0.00,0.00
2014.10.08 17:24:00.331,12.06439,12.06702,0.00,0.00
2014.10.08 17:24:00.831,12.06425,12.06702,0.00,0.00
2014.10.08 17:24:03.156,12.06458,12.06702,0.00,0.00
2014.10.08 17:24:03.206,12.06458,12.06761,0.00,0.00
2014.10.08 17:24:03.257,12.06472,12.06761,0.00,0.00
2014.10.08 17:24:04.173,12.06472,12.06768,0.00,0.00
2014.10.08 17:24:04.274,12.06555,12.06768,0.00,0.00
2014.10.08 17:24:04.426,12.06555,12.06811,0.00,0.00
2014.10.08 17:24:04.925,12.06555,12.06819,0.00,0.00
2014.10.08 17:24:05.139,12.0654,12.06819,0.00,0.00
2014.10.08 17:24:05.189,12.0654,12.06812,0.00,0.00
2014.10.08 17:24:05.367,12.06539,12.06819,0.00,0.00
2014.10.08 17:24:05.467,12.06558,12.06819,0.00,0.00
2014.10.08 17:24:05.839,12.06568,12.06819,0.00,0.00
2014.10.08 17:24:05.890,12.06568,12.06861,0.00,0.00
2014.10.08 17:24:06.241,12.06581,12.06861,0.00,0.00
2014.10.08 17:24:06.743,12.06515,12.06857,0.00,0.00
2014.10.08 17:24:06.844,12.06515,12.06812,0.00,0.00
2014.10.08 17:24:08.845,12.06531,12.06812,0.00,0.00
2014.10.08 17:24:10.248,12.0655,12.06812,0.00,0.00
2014.10.08 17:24:10.553,12.06619,12.06868,0.00,0.00
2014.10.08 17:24:11.575,12.06619,12.06911,0.00,0.00
2014.10.08 17:24:12.283,12.06632,12.06911,0.00,0.00
2014.10.08 17:24:12.384,12.06615,12.06911,0.00,0.00
2014.10.08 17:24:12.686,12.06631,12.06911,0.00,0.00
2014.10.08 17:24:13.095,12.06614,12.06911,0.00,0.00
2014.10.08 17:24:20.813,12.06565,12.06909,0.00,0.00
2014.10.08 17:24:20.913,12.06565,12.06861,0.00,0.00
2014.10.08 17:24:21.477,12.06582,12.06861,0.00,0.00
2014.10.08 17:24:21.767,12.06565,12.06861,0.00,0.00
2014.10.08 17:24:21.872,12.06524,12.06812,0.00,0.00
2014.10.08 17:24:35.991,12.0654,12.06812,0.00,0.00
2014.10.08 17:24:37.638,12.0652,12.06812,0.00,0.00
2014.10.08 17:24:38.927,12.06544,12.06812,0.00,0.00
2014.10.08 17:24:39.319,12.06559,12.06812,0.00,0.00
2014.10.08 17:24:39.399,12.06539,12.06812,0.00,0.00
2014.10.08 17:24:39.546,12.06515,12.06812,0.00,0.00
2014.10.08 17:24:42.608,12.06534,12.06812,0.00,0.00
2014.10.08 17:24:42.910,12.06545,12.06812,0.00,0.00
2014.10.08 17:24:43.061,12.06514,12.06812,0.00,0.00
2014.10.08 17:24:44.421,12.06535,12.06812,0.00,0.00
2014.10.08 17:24:44.650,12.06523,12.06812,0.00,0.00
2014.10.08 17:24:44.751,12.06536,12.06812,0.00,0.00
2014.10.08 17:24:45.223,12.06515,12.06812,0.00,0.00
2014.10.08 17:24:48.991,12.06515,12.06769,0.00,0.00
2014.10.08 17:24:49.041,12.06418,12.0676,0.00,0.00
2014.10.08 17:24:49.565,12.06418,12.06701,0.00,0.00
2014.10.08 17:24:49.736,12.0644,12.06701,0.00,0.00
2014.10.08 17:24:49.837,12.06415,12.06701,0.00,0.00
2014.10.08 17:24:49.948,12.06415,12.06701,0.00,0.00
2014.10.08 17:24:50.152,12.06415,12.06701,0.00,0.00
2014.10.08 17:24:50.870,12.06415,12.06701,0.00,0.00
2014.10.08 17:24:51.551,12.06415,12.06701,0.00,0.00
2014.10.08 17:24:51.881,12.06415,12.06701,0.00,0.00
2014.10.08 17:24:52.347,12.06434,12.06701,0.00,0.00
2014.10.08 17:24:52.997,12.06434,12.06701,0.00,0.00
2014.10.08 17:24:53.149,12.06414,12.06701,0.00,0.00
2014.10.08 17:24:53.454,12.06438,12.06701,0.00,0.00
2014.10.08 17:24:53.555,12.06415,12.06701,0.00,0.00
2014.10.08 17:24:54.465,12.06429,12.06701,0.00,0.00
2014.10.08 17:24:54.924,12.06429,12.06701,0.00,0.00
2014.10.08 17:24:54.975,12.06418,12.06701,0.00,0.00
2014.10.08 17:24:55.027,12.06418,12.06701,0.00,0.00
2014.10.08 17:24:55.513,12.06429,12.06701,0.00,0.00
2014.10.08 17:24:55.843,12.06472,12.06701,0.00,0.00
2014.10.08 17:24:56.495,12.06446,12.06701,0.00,0.00
2014.10.08 17:24:57.091,12.06446,12.06701,0.00,0.00
2014.10.08 17:24:57.656,12.06446,12.06701,0.00,0.00
2014.10.08 17:24:57.825,12.06436,12.06701,0.00,0.00
2014.10.08 17:24:58.364,12.0646,12.06701,0.00,0.00
2014.10.08 17:24:58.569,12.06428,12.06701,0.00,0.00
2014.10.08 17:24:59.145,12.06428,12.06701,0.00,0.00
2014.10.08 17:24:59.668,12.06447,12.06701,0.00,0.00
2014.10.08 17:25:00.187,12.0647,12.06701,0.00,0.00
2014.10.08 17:25:00.515,12.06451,12.06701,0.00,0.00
2014.10.08 17:25:00.570,12.06463,12.06701,0.00,0.00
2014.10.08 17:25:00.671,12.06451,12.06701,0.00,0.00
2014.10.08 17:25:01.199,12.06426,12.06701,0.00,0.00
2014.10.08 17:25:01.507,12.06446,12.06701,0.00,0.00
2014.10.08 17:25:01.912,12.06434,12.06701,0.00,0.00
2014.10.08 17:25:02.076,12.06423,12.06701,0.00,0.00
2014.10.08 17:25:02.377,12.06445,12.06701,0.00,0.00
2014.10.08 17:25:02.979,12.0642,12.06701,0.00,0.00
2014.10.08 17:25:03.282,12.06442,12.06701,0.00,0.00
2014.10.08 17:25:03.687,12.06419,12.06701,0.00,0.00
2014.10.08 17:25:04.245,12.06419,12.06701,0.00,0.00
2014.10.08 17:25:04.295,12.06442,12.06701,0.00,0.00
2014.10.08 17:25:05.054,12.06442,12.06701,0.00,0.00
2014.10.08 17:25:05.105,12.06432,12.06701,0.00,0.00
2014.10.08 17:25:05.281,12.06419,12.06701,0.00,0.00
2014.10.08 17:25:05.614,12.06432,12.06701,0.00,0.00
2014.10.08 17:25:06.170,12.06432,12.06671,0.00,0.00
2014.10.08 17:25:06.321,12.0633,12.06652,0.00,0.00
2014.10.08 17:25:06.424,12.0633,12.06602,0.00,0.00
2014.10.08 17:25:07.184,12.0635,12.06602,0.00,0.00
2014.10.08 17:25:07.285,12.06326,12.06602,0.00,0.00
2014.10.08 17:25:08.486,12.06345,12.06602,0.00,0.00
2014.10.08 17:25:08.887,12.06321,12.06602,0.00,0.00
2014.10.08 17:25:09.106,12.06346,12.06602,0.00,0.00
2014.10.08 17:25:09.206,12.06334,12.06602,0.00,0.00
2014.10.08 17:25:09.437,12.06346,12.06602,0.00,0.00
2014.10.08 17:25:09.816,12.06332,12.06602,0.00,0.00
2014.10.08 17:25:10.693,12.06319,12.06602,0.00,0.00
2014.10.08 17:25:11.137,12.06332,12.06602,0.00,0.00
2014.10.08 17:25:14.829,12.06369,12.06602,0.00,0.00
2014.10.08 17:25:14.930,12.06356,12.06602,0.00,0.00
2014.10.08 17:25:16.715,12.06343,12.06602,0.00,0.00
2014.10.08 17:25:18.230,12.06331,12.06602,0.00,0.00
2014.10.08 17:25:18.633,12.0637,12.06602,0.00,0.00
2014.10.08 17:25:18.734,12.06357,12.06602,0.00,0.00
2014.10.08 17:25:18.840,12.06332,12.06602,0.00,0.00
2014.10.08 17:25:18.942,12.06343,12.06602,0.00,0.00
2014.10.08 17:25:19.281,12.0637,12.06602,0.00,0.00
2014.10.08 17:25:19.751,12.06357,12.06602,0.00,0.00
2014.10.08 17:25:20.253,12.06345,12.06602,0.00,0.00
2014.10.08 17:25:20.354,12.06331,12.06602,0.00,0.00
2014.10.08 17:25:20.761,12.06343,12.06602,0.00,0.00
2014.10.08 17:25:21.336,12.06331,12.06602,0.00,0.00
2014.10.08 17:25:21.516,12.06356,12.06602,0.00,0.00
2014.10.08 17:25:22.086,12.06356,12.06519,0.00,0.00
2014.10.08 17:25:22.137,12.0631,12.06501,0.00,0.00
2014.10.08 17:25:22.219,12.06282,12.06501,0.00,0.00
2014.10.08 17:25:22.270,12.0624,12.06501,0.00,0.00
2014.10.08 17:25:22.657,12.06252,12.06501,0.00,0.00
2014.10.08 17:25:23.122,12.06264,12.06501,0.00,0.00
2014.10.08 17:25:23.724,12.0624,12.06501,0.00,0.00
2014.10.08 17:25:23.825,12.06253,12.06501,0.00,0.00
2014.10.08 17:25:24.159,12.06264,12.06501,0.00,0.00
2014.10.08 17:25:24.738,12.06253,12.06501,0.00,0.00
2014.10.08 17:25:24.838,12.06229,12.06501,0.00,0.00
2014.10.08 17:25:25.729,12.06276,12.06501,0.00,0.00
2014.10.08 17:25:25.830,12.06264,12.06501,0.00,0.00
2014.10.08 17:25:26.130,12.06239,12.06501,0.00,0.00
2014.10.08 17:25:28.575,12.06254,12.06501,0.00,0.00
2014.10.08 17:25:29.081,12.06236,12.06501,0.00,0.00
2014.10.08 17:25:30.141,12.06253,12.06501,0.00,0.00
2014.10.08 17:25:30.842,12.06228,12.06501,0.00,0.00
2014.10.08 17:25:32.851,12.0625,12.06501,0.00,0.00
2014.10.08 17:25:33.875,12.06238,12.06501,0.00,0.00
2014.10.08 17:25:34.947,12.0628,12.06501,0.00,0.00
2014.10.08 17:25:35.048,12.06274,12.06551,0.00,0.00
2014.10.08 17:25:35.149,12.06247,12.06551,0.00,0.00
2014.10.08 17:25:35.566,12.0623,12.06552,0.00,0.00
2014.10.08 17:25:35.776,12.0623,12.06569,0.00,0.00
2014.10.08 17:25:35.897,12.06261,12.06569,0.00,0.00
2014.10.08 17:25:36.275,12.06261,12.06602,0.00,0.00
2014.10.08 17:25:36.357,12.06272,12.06602,0.00,0.00
2014.10.08 17:25:36.705,12.06261,12.06552,0.00,0.00
2014.10.08 17:25:36.909,12.06274,12.06602,0.00,0.00
2014.10.08 17:25:36.980,12.06297,12.06602,0.00,0.00
2014.10.08 17:25:37.266,12.06273,12.06602,0.00,0.00
2014.10.08 17:25:37.367,12.06298,12.06602,0.00,0.00
2014.10.08 17:25:39.666,12.06276,12.06602,0.00,0.00
2014.10.08 17:25:40.798,12.063,12.06602,0.00,0.00
2014.10.08 17:25:41.767,12.06347,12.06602,0.00,0.00
2014.10.08 17:25:42.221,12.06347,12.06569,0.00,0.00
2014.10.08 17:25:42.272,12.06231,12.06569,0.00,0.00
2014.10.08 17:25:42.379,12.06231,12.06552,0.00,0.00
2014.10.08 17:25:42.869,12.06241,12.06552,0.00,0.00
2014.10.08 17:25:43.070,12.06224,12.06552,0.00,0.00
2014.10.08 17:25:43.121,12.06224,12.06469,0.00,0.00
2014.10.08 17:25:43.171,12.06148,12.06451,0.00,0.00
2014.10.08 17:25:43.272,12.06136,12.06451,0.00,0.00
2014.10.08 17:25:43.504,12.06154,12.06412,0.00,0.00
2014.10.08 17:25:43.973,12.06137,12.06412,0.00,0.00
2014.10.08 17:25:44.274,12.06131,12.06412,0.00,0.00
2014.10.08 17:25:44.517,12.06154,12.06412,0.00,0.00
2014.10.08 17:25:45.577,12.0614,12.06412,0.00,0.00
2014.10.08 17:25:45.814,12.06152,12.06412,0.00,0.00
2014.10.08 17:25:46.078,12.06126,12.06412,0.00,0.00
2014.10.08 17:25:46.379,12.06149,12.06412,0.00,0.00
2014.10.08 17:25:47.582,12.06177,12.06412,0.00,0.00
2014.10.08 17:25:48.205,12.06177,12.06418,0.00,0.00
2014.10.08 17:25:48.306,12.06179,12.06452,0.00,0.00
2014.10.08 17:25:48.406,12.06141,12.06452,0.00,0.00
2014.10.08 17:25:48.457,12.06131,12.06452,0.00,0.00
2014.10.08 17:25:48.585,12.06131,12.06412,0.00,0.00
2014.10.08 17:25:51.288,12.06153,12.06412,0.00,0.00
2014.10.08 17:25:51.489,12.0614,12.06412,0.00,0.00
2014.10.08 17:25:51.590,12.06153,12.06412,0.00,0.00
2014.10.08 17:25:52.126,12.06143,12.06412,0.00,0.00
2014.10.08 17:25:52.920,12.06153,12.06412,0.00,0.00
2014.10.08 17:25:53.615,12.06177,12.06452,0.00,0.00
2014.10.08 17:25:53.740,12.06164,12.06452,0.00,0.00
2014.10.08 17:25:53.894,12.06151,12.06452,0.00,0.00
2014.10.08 17:25:53.944,12.06151,12.06412,0.00,0.00
2014.10.08 17:25:53.995,12.06138,12.06412,0.00,0.00
2014.10.08 17:25:55.997,12.06162,12.06412,0.00,0.00
2014.10.08 17:25:56.198,12.06136,12.06412,0.00,0.00
2014.10.08 17:25:57.300,12.06152,12.06412,0.00,0.00
2014.10.08 17:25:57.945,12.06129,12.06412,0.00,0.00
2014.10.08 17:25:58.150,12.06142,12.06412,0.00,0.00
2014.10.08 17:25:58.402,12.06129,12.06412,0.00,0.00
2014.10.08 17:25:58.843,12.06141,12.06412,0.00,0.00
2014.10.08 17:25:59.200,12.06153,12.06412,0.00,0.00
2014.10.08 17:25:59.404,12.06129,12.06412,0.00,0.00
2014.10.08 17:25:59.704,12.06141,12.06412,0.00,0.00
2014.10.08 17:26:00.184,12.06154,12.06412,0.00,0.00
2014.10.08 17:26:01.659,12.06178,12.06412,0.00,0.00
2014.10.08 17:26:02.210,12.06155,12.06412,0.00,0.00
2014.10.08 17:26:04.012,12.06166,12.06412,0.00,0.00
2014.10.08 17:26:04.113,12.06153,12.06412,0.00,0.00
2014.10.08 17:26:04.631,12.06152,12.06412,0.00,0.00
2014.10.08 17:26:06.464,12.06149,12.06412,0.00,0.00
2014.10.08 17:26:06.517,12.06139,12.06412,0.00,0.00
2014.10.08 17:26:06.818,12.0615,12.06412,0.00,0.00
2014.10.08 17:26:07.544,12.06139,12.06412,0.00,0.00
2014.10.08 17:26:07.645,12.06158,12.06412,0.00,0.00
2014.10.08 17:26:08.152,12.06148,12.06412,0.00,0.00
2014.10.08 17:26:08.330,12.06135,12.06412,0.00,0.00
2014.10.08 17:26:09.425,12.06152,12.06412,0.00,0.00
2014.10.08 17:26:11.131,12.06136,12.06412,0.00,0.00
2014.10.08 17:26:11.575,12.06175,12.06412,0.00,0.00
2014.10.08 17:26:11.837,12.06131,12.06412,0.00,0.00
2014.10.08 17:26:11.888,12.06128,12.06412,0.00,0.00
2014.10.08 17:26:13.143,12.06153,12.06412,0.00,0.00
2014.10.08 17:26:13.543,12.06174,12.06412,0.00,0.00
2014.10.08 17:26:13.593,12.06163,12.06412,0.00,0.00
2014.10.08 17:26:13.957,12.0615,12.06412,0.00,0.00
2014.10.08 17:26:14.069,12.06129,12.06412,0.00,0.00
2014.10.08 17:26:14.253,12.0614,12.06412,0.00,0.00
2014.10.08 17:26:14.685,12.06127,12.06412,0.00,0.00
2014.10.08 17:26:15.186,12.06151,12.06412,0.00,0.00
2014.10.08 17:26:16.152,12.06138,12.06412,0.00,0.00
2014.10.08 17:26:16.653,12.06127,12.06412,0.00,0.00
2014.10.08 17:26:17.155,12.06137,12.06412,0.00,0.00
2014.10.08 17:26:17.756,12.0615,12.06412,0.00,0.00
2014.10.08 17:26:18.190,12.06138,12.06412,0.00,0.00
2014.10.08 17:26:18.257,12.06126,12.06412,0.00,0.00
2014.10.08 17:26:18.876,12.06116,12.06412,0.00,0.00
2014.10.08 17:26:19.368,12.06148,12.06412,0.00,0.00
2014.10.08 17:26:19.620,12.06148,12.06412,0.00,0.00
2014.10.08 17:26:19.670,12.06164,12.06412,0.00,0.00
2014.10.08 17:26:19.868,12.0614,12.06412,0.00,0.00
2014.10.08 17:26:21.601,12.06125,12.06412,0.00,0.00
2014.10.08 17:26:21.803,12.06136,12.06412,0.00,0.00
2014.10.08 17:26:24.072,12.06124,12.06412,0.00,0.00
2014.10.08 17:26:24.273,12.06141,12.06412,0.00,0.00
2014.10.08 17:26:24.874,12.06165,12.06412,0.00,0.00
2014.10.08 17:26:25.779,12.06149,12.06412,0.00,0.00
2014.10.08 17:26:26.090,12.06163,12.06412,0.00,0.00
2014.10.08 17:26:26.486,12.06163,12.06362,0.00,0.00
2014.10.08 17:26:26.604,12.06108,12.06362,0.00,0.00
2014.10.08 17:26:26.707,12.06122,12.06362,0.00,0.00
2014.10.08 17:26:27.065,12.06145,12.06369,0.00,0.00
2014.10.08 17:26:27.115,12.06122,12.06369,0.00,0.00
2014.10.08 17:26:27.885,12.06122,12.06412,0.00,0.00
2014.10.08 17:26:28.541,12.06149,12.06412,0.00,0.00
2014.10.08 17:26:29.107,12.06133,12.06412,0.00,0.00
2014.10.08 17:26:29.197,12.06155,12.06412,0.00,0.00
2014.10.08 17:26:29.599,12.06135,12.06412,0.00,0.00
2014.10.08 17:26:29.900,12.06154,12.06412,0.00,0.00
2014.10.08 17:26:30.211,12.06138,12.06412,0.00,0.00
2014.10.08 17:26:30.924,12.06154,12.06412,0.00,0.00
2014.10.08 17:26:31.139,12.06137,12.06412,0.00,0.00
2014.10.08 17:26:31.419,12.06119,12.06412,0.00,0.00
2014.10.08 17:26:32.338,12.06135,12.06412,0.00,0.00
2014.10.08 17:26:33.815,12.06154,12.06412,0.00,0.00
2014.10.08 17:26:37.229,12.0613,12.06412,0.00,0.00
2014.10.08 17:26:37.432,12.06155,12.06412,0.00,0.00
2014.10.08 17:26:39.567,12.06136,12.06412,0.00,0.00
2014.10.08 17:26:39.979,12.06148,12.06412,0.00,0.00
2014.10.08 17:26:41.144,12.06129,12.06412,0.00,0.00
2014.10.08 17:26:43.709,12.06129,12.06412,0.00,0.00
2014.10.08 17:26:44.722,12.06129,12.06412,0.00,0.00
2014.10.08 17:26:44.970,12.0614,12.06412,0.00,0.00
2014.10.08 17:26:45.581,12.0614,12.06412,0.00,0.00
2014.10.08 17:26:46.240,12.0614,12.06412,0.00,0.00
2014.10.08 17:26:47.595,12.06141,12.06412,0.00,0.00
2014.10.08 17:26:48.179,12.06141,12.06412,0.00,0.00
2014.10.08 17:26:49.081,12.06152,12.06412,0.00,0.00
2014.10.08 17:26:54.545,12.06178,12.06412,0.00,0.00
2014.10.08 17:26:55.220,12.06166,12.06412,0.00,0.00
2014.10.08 17:26:55.534,12.06144,12.06412,0.00,0.00
2014.10.08 17:26:55.847,12.06162,12.06412,0.00,0.00
2014.10.08 17:26:56.257,12.06177,12.06412,0.00,0.00
2014.10.08 17:26:57.291,12.0615,12.06412,0.00,0.00
2014.10.08 17:26:57.549,12.06177,12.06412,0.00,0.00
2014.10.08 17:26:58.555,12.06156,12.06412,0.00,0.00
2014.10.08 17:26:58.881,12.06178,12.06412,0.00,0.00
2014.10.08 17:27:00.162,12.06163,12.06412,0.00,0.00
2014.10.08 17:27:00.679,12.06177,12.06412,0.00,0.00
2014.10.08 17:27:01.701,12.06163,12.06412,0.00,0.00
2014.10.08 17:27:05.488,12.06177,12.06412,0.00,0.00
2014.10.08 17:27:06.493,12.06157,12.06412,0.00,0.00
2014.10.08 17:27:10.109,12.06146,12.06412,0.00,0.00
2014.10.08 17:27:11.190,12.06162,12.06412,0.00,0.00
2014.10.08 17:27:11.713,12.06177,12.06412,0.00,0.00
2014.10.08 17:27:12.813,12.06145,12.06412,0.00,0.00
2014.10.08 17:27:12.863,12.06118,12.06369,0.00,0.00
2014.10.08 17:27:12.914,12.06077,12.06361,0.00,0.00
2014.10.08 17:27:13.014,12.06095,12.06361,0.00,0.00
2014.10.08 17:27:13.382,12.06152,12.06369,0.00,0.00
2014.10.08 17:27:13.496,12.06139,12.06369,0.00,0.00
2014.10.08 17:27:14.009,12.06151,12.06369,0.00,0.00
2014.10.08 17:27:14.212,12.06177,12.06412,0.00,0.00
2014.10.08 17:27:15.749,12.06154,12.06412,0.00,0.00
2014.10.08 17:27:17.421,12.06139,12.06362,0.00,0.00
2014.10.08 17:27:17.522,12.06046,12.06362,0.00,0.00
2014.10.08 17:27:17.673,12.06046,12.06311,0.00,0.00
2014.10.08 17:27:20.683,12.06046,12.06269,0.00,0.00
2014.10.08 17:27:20.836,12.05995,12.06262,0.00,0.00
2014.10.08 17:27:20.937,12.05995,12.06269,0.00,0.00
2014.10.08 17:27:21.039,12.06009,12.06269,0.00,0.00
2014.10.08 17:27:21.570,12.06033,12.06269,0.00,0.00
2014.10.08 17:27:21.671,12.0602,12.06261,0.00,0.00
2014.10.08 17:27:21.947,12.0602,12.06269,0.00,0.00
2014.10.08 17:27:22.027,12.06033,12.06269,0.00,0.00
2014.10.08 17:27:22.114,12.06033,12.06311,0.00,0.00
2014.10.08 17:27:23.058,12.06033,12.06262,0.00,0.00
2014.10.08 17:27:23.160,12.0602,12.06262,0.00,0.00
2014.10.08 17:27:23.280,12.0602,12.06218,0.00,0.00
2014.10.08 17:27:23.331,12.05983,12.06218,0.00,0.00
2014.10.08 17:27:23.382,12.05983,12.06202,0.00,0.00
2014.10.08 17:27:23.723,12.06014,12.06218,0.00,0.00
2014.10.08 17:27:24.025,12.06034,12.06218,0.00,0.00
2014.10.08 17:27:24.075,12.06015,12.06218,0.00,0.00
2014.10.08 17:27:24.438,12.06028,12.06218,0.00,0.00
2014.10.08 17:27:24.533,12.06028,12.06262,0.00,0.00
2014.10.08 17:27:24.689,12.06028,12.06269,0.00,0.00
2014.10.08 17:27:24.740,12.06042,12.06269,0.00,0.00
2014.10.08 17:27:25.973,12.06042,12.06311,0.00,0.00
2014.10.08 17:27:30.387,12.06032,12.06311,0.00,0.00
2014.10.08 17:27:31.667,12.06016,12.06311,0.00,0.00
2014.10.08 17:27:31.718,12.06016,12.06271,0.00,0.00
2014.10.08 17:27:31.768,12.05967,12.06271,0.00,0.00
2014.10.08 17:27:31.869,12.05967,12.06202,0.00,0.00
2014.10.08 17:27:37.243,12.05967,12.06261,0.00,0.00
2014.10.08 17:27:37.293,12.06027,12.06261,0.00,0.00
2014.10.08 17:27:37.545,12.06038,12.06312,0.00,0.00
2014.10.08 17:27:37.939,12.0605,12.06312,0.00,0.00
2014.10.08 17:27:39.192,12.06033,12.06312,0.00,0.00
2014.10.08 17:27:39.693,12.0605,12.06312,0.00,0.00
2014.10.08 17:27:40.107,12.06039,12.06312,0.00,0.00
2014.10.08 17:27:40.500,12.06051,12.06312,0.00,0.00
2014.10.08 17:27:40.701,12.06036,12.06312,0.00,0.00
2014.10.08 17:27:40.751,12.06036,12.06262,0.00,0.00
2014.10.08 17:27:40.801,12.06009,12.06262,0.00,0.00
2014.10.08 17:27:41.203,12.06021,12.06262,0.00,0.00
2014.10.08 17:27:42.521,12.06009,12.06311,0.00,0.00
2014.10.08 17:27:42.724,12.06009,12.06261,0.00,0.00
2014.10.08 17:27:43.403,12.06009,12.06201,0.00,0.00
2014.10.08 17:27:43.453,12.05966,12.06201,0.00,0.00
2014.10.08 17:27:43.593,12.05966,12.06262,0.00,0.00
2014.10.08 17:27:43.643,12.05986,12.06262,0.00,0.00
2014.10.08 17:27:44.016,12.06027,12.06262,0.00,0.00
2014.10.08 17:27:44.250,12.06007,12.06262,0.00,0.00
2014.10.08 17:27:44.300,12.06007,12.06202,0.00,0.00
2014.10.08 17:27:44.350,12.05988,12.06202,0.00,0.00
2014.10.08 17:27:44.726,12.05999,12.06202,0.00,0.00
2014.10.08 17:27:45.513,12.05988,12.06202,0.00,0.00
2014.10.08 17:27:46.814,12.05998,12.06202,0.00,0.00
2014.10.08 17:27:46.915,12.05972,12.06202,0.00,0.00
2014.10.08 17:27:48.433,12.05988,12.06202,0.00,0.00
2014.10.08 17:27:48.545,12.059,12.06202,0.00,0.00
2014.10.08 17:27:48.697,12.059,12.06152,0.00,0.00
2014.10.08 17:27:48.747,12.05877,12.06152,0.00,0.00
2014.10.08 17:27:48.798,12.05877,12.06201,0.00,0.00
2014.10.08 17:27:49.093,12.05877,12.06151,0.00,0.00
2014.10.08 17:27:49.252,12.05853,12.06151,0.00,0.00
2014.10.08 17:27:49.353,12.05853,12.06102,0.00,0.00
2014.10.08 17:27:49.767,12.05877,12.06152,0.00,0.00
2014.10.08 17:27:50.920,12.05852,12.06152,0.00,0.00
2014.10.08 17:27:51.072,12.05847,12.06152,0.00,0.00
2014.10.08 17:27:51.123,12.05847,12.06102,0.00,0.00
2014.10.08 17:27:51.428,12.05863,12.06102,0.00,0.00
2014.10.08 17:27:51.703,12.05938,12.06201,0.00,0.00
2014.10.08 17:27:51.754,12.05953,12.06201,0.00,0.00
2014.10.08 17:27:52.724,12.05933,12.06201,0.00,0.00
2014.10.08 17:27:53.325,12.05953,12.06201,0.00,0.00
2014.10.08 17:27:55.028,12.05939,12.06201,0.00,0.00
2014.10.08 17:27:55.730,12.05952,12.06201,0.00,0.00
2014.10.08 17:27:55.948,12.05934,12.06201,0.00,0.00
2014.10.08 17:27:56.331,12.05945,12.06201,0.00,0.00
2014.10.08 17:28:06.572,12.05945,12.06262,0.00,0.00
2014.10.08 17:28:06.647,12.06028,12.06262,0.00,0.00
2014.10.08 17:28:06.945,12.06052,12.06312,0.00,0.00
2014.10.08 17:28:07.248,12.06037,12.06312,0.00,0.00
2014.10.08 17:28:07.348,12.06049,12.06312,0.00,0.00
2014.10.08 17:28:07.672,12.06153,12.06412,0.00,0.00
2014.10.08 17:28:10.152,12.06134,12.06412,0.00,0.00
2014.10.08 17:28:10.253,12.06123,12.06412,0.00,0.00
2014.10.08 17:28:10.653,12.06147,12.06412,0.00,0.00
2014.10.08 17:28:10.954,12.06123,12.06412,0.00,0.00
2014.10.08 17:28:11.797,12.06146,12.06412,0.00,0.00
2014.10.08 17:28:12.357,12.06135,12.06412,0.00,0.00
2014.10.08 17:28:12.457,12.06146,12.06412,0.00,0.00
2014.10.08 17:28:14.174,12.06135,12.06412,0.00,0.00
2014.10.08 17:28:14.276,12.06122,12.06412,0.00,0.00
2014.10.08 17:28:14.488,12.06143,12.06412,0.00,0.00
2014.10.08 17:28:14.818,12.06034,12.06312,0.00,0.00
2014.10.08 17:28:14.925,12.06003,12.06312,0.00,0.00
2014.10.08 17:28:15.162,12.06026,12.06312,0.00,0.00
2014.10.08 17:28:15.290,12.06002,12.06312,0.00,0.00
2014.10.08 17:28:15.491,12.06026,12.06312,0.00,0.00
2014.10.08 17:28:15.663,12.06014,12.06312,0.00,0.00
2014.10.08 17:28:16.090,12.06026,12.06312,0.00,0.00
2014.10.08 17:28:16.450,12.06047,12.06312,0.00,0.00
2014.10.08 17:28:16.501,12.06003,12.06312,0.00,0.00
2014.10.08 17:28:16.707,12.06027,12.06312,0.00,0.00
2014.10.08 17:28:16.984,12.06002,12.06312,0.00,0.00
2014.10.08 17:28:17.713,12.06027,12.06312,0.00,0.00
2014.10.08 17:28:18.069,12.06017,12.06312,0.00,0.00
2014.10.08 17:28:18.119,12.06017,12.06279,0.00,0.00
2014.10.08 17:28:18.170,12.06005,12.06279,0.00,0.00
2014.10.08 17:28:18.399,12.06027,12.06279,0.00,0.00
2014.10.08 17:28:18.570,12.06024,12.06279,0.00,0.00
2014.10.08 17:28:18.671,12.06002,12.06279,0.00,0.00
2014.10.08 17:28:18.971,12.06028,12.06279,0.00,0.00
2014.10.08 17:28:19.212,12.06028,12.06312,0.00,0.00
2014.10.08 17:28:19.390,12.06002,12.06312,0.00,0.00
2014.10.08 17:28:19.772,12.06002,12.06262,0.00,0.00
2014.10.08 17:28:19.933,12.05928,12.06219,0.00,0.00
2014.10.08 17:28:19.992,12.05928,12.06201,0.00,0.00
2014.10.08 17:28:20.329,12.05952,12.06201,0.00,0.00
2014.10.08 17:28:20.656,12.05909,12.06201,0.00,0.00
2014.10.08 17:28:20.757,12.05878,12.06119,0.00,0.00
2014.10.08 17:28:21.092,12.05907,12.06119,0.00,0.00
2014.10.08 17:28:21.413,12.05887,12.06119,0.00,0.00
2014.10.08 17:28:21.513,12.05853,12.06119,0.00,0.00
2014.10.08 17:28:21.564,12.05853,12.06102,0.00,0.00
2014.10.08 17:28:21.793,12.05878,12.06151,0.00,0.00
2014.10.08 17:28:21.893,12.05902,12.06151,0.00,0.00
2014.10.08 17:28:22.094,12.05902,12.06201,0.00,0.00
2014.10.08 17:28:22.302,12.05902,12.06151,0.00,0.00
2014.10.08 17:28:23.588,12.05922,12.06151,0.00,0.00
2014.10.08 17:28:23.638,12.05922,12.06169,0.00,0.00
2014.10.08 17:28:23.689,12.05943,12.06169,0.00,0.00
2014.10.08 17:28:24.090,12.05899,12.06169,0.00,0.00
2014.10.08 17:28:24.219,12.0593,12.06101,0.00,0.00
2014.10.08 17:28:24.392,12.0593,12.06169,0.00,0.00
2014.10.08 17:28:24.602,12.0593,12.06201,0.00,0.00
2014.10.08 17:28:27.500,12.05887,12.06201,0.00,0.00
2014.10.08 17:28:27.572,12.05887,12.06168,0.00,0.00
2014.10.08 17:28:27.723,12.05862,12.06152,0.00,0.00
2014.10.08 17:28:27.824,12.05862,12.06101,0.00,0.00
2014.10.08 17:28:30.027,12.05878,12.06119,0.00,0.00
2014.10.08 17:28:30.233,12.05902,12.06119,0.00,0.00
2014.10.08 17:28:30.334,12.05902,12.06152,0.00,0.00
2014.10.08 17:28:30.554,12.05902,12.06168,0.00,0.00
2014.10.08 17:28:30.654,12.05922,12.06168,0.00,0.00
2014.10.08 17:28:31.158,12.05932,12.06168,0.00,0.00
2014.10.08 17:28:31.570,12.05951,12.06168,0.00,0.00
2014.10.08 17:28:31.878,12.05877,12.06152,0.00,0.00
2014.10.08 17:28:31.978,12.05897,12.06152,0.00,0.00
2014.10.08 17:28:32.093,12.05897,12.06202,0.00,0.00
2014.10.08 17:28:32.234,12.05917,12.06202,0.00,0.00
2014.10.08 17:28:33.036,12.05937,12.06202,0.00,0.00
2014.10.08 17:28:40.354,12.05917,12.06202,0.00,0.00
2014.10.08 17:28:40.455,12.05952,12.06202,0.00,0.00
2014.10.08 17:28:50.381,12.05933,12.06202,0.00,0.00
2014.10.08 17:28:50.682,12.05952,12.06202,0.00,0.00
2014.10.08 17:28:51.026,12.05933,12.06202,0.00,0.00
2014.10.08 17:28:51.127,12.05952,12.06202,0.00,0.00
2014.10.08 17:28:51.887,12.05945,12.06202,0.00,0.00
2014.10.08 17:28:51.988,12.05932,12.06202,0.00,0.00
2014.10.08 17:28:52.188,12.05944,12.06202,0.00,0.00
2014.10.08 17:28:52.489,12.05934,12.06202,0.00,0.00
2014.10.08 17:28:52.590,12.05952,12.06202,0.00,0.00
2014.10.08 17:28:53.292,12.05946,12.06202,0.00,0.00
2014.10.08 17:28:53.694,12.05933,12.06202,0.00,0.00
2014.10.08 17:28:53.795,12.05945,12.06202,0.00,0.00
2014.10.08 17:28:54.032,12.05893,12.06151,0.00,0.00
2014.10.08 17:28:54.132,12.05882,12.06151,0.00,0.00
2014.10.08 17:28:59.249,12.05928,12.06151,0.00,0.00
2014.10.08 17:28:59.337,12.05928,12.06202,0.00,0.00
2014.10.08 17:29:00.044,12.05904,12.06202,0.00,0.00
2014.10.08 17:29:00.155,12.05871,12.06102,0.00,0.00
2014.10.08 17:29:00.409,12.05952,12.06201,0.00,0.00
2014.10.08 17:29:00.460,12.05918,12.06201,0.00,0.00
2014.10.08 17:29:00.562,12.05934,12.06201,0.00,0.00
2014.10.08 17:29:00.864,12.05891,12.06152,0.00,0.00
2014.10.08 17:29:01.173,12.05923,12.06168,0.00,0.00
2014.10.08 17:29:01.632,12.05953,12.06168,0.00,0.00
2014.10.08 17:29:02.024,12.05933,12.06202,0.00,0.00
2014.10.08 17:29:02.125,12.05952,12.06202,0.00,0.00
2014.10.08 17:29:03.618,12.05977,12.06202,0.00,0.00
2014.10.08 17:29:03.668,12.05977,12.06262,0.00,0.00
2014.10.08 17:29:03.719,12.05997,12.06262,0.00,0.00
2014.10.08 17:29:04.020,12.05943,12.06201,0.00,0.00
2014.10.08 17:29:04.365,12.05842,12.06119,0.00,0.00
2014.10.08 17:29:04.566,12.05842,12.06102,0.00,0.00
2014.10.08 17:29:10.622,12.05842,12.06069,0.00,0.00
2014.10.08 17:29:10.673,12.05747,12.06069,0.00,0.00
2014.10.08 17:29:10.833,12.05747,12.06051,0.00,0.00
2014.10.08 17:29:11.191,12.05747,12.06001,0.00,0.00
2014.10.08 17:29:11.307,12.05742,12.06001,0.00,0.00
2014.10.08 17:29:12.064,12.05762,12.06001,0.00,0.00
2014.10.08 17:29:12.378,12.05743,12.06001,0.00,0.00
2014.10.08 17:29:12.983,12.05762,12.06001,0.00,0.00
2014.10.08 17:29:13.493,12.05778,12.06001,0.00,0.00
2014.10.08 17:29:13.796,12.0575,12.06001,0.00,0.00
2014.10.08 17:29:13.948,12.05763,12.06001,0.00,0.00
2014.10.08 17:29:14.149,12.05741,12.06001,0.00,0.00
2014.10.08 17:29:14.450,12.05753,12.06001,0.00,0.00
2014.10.08 17:29:14.650,12.05739,12.06001,0.00,0.00
2014.10.08 17:29:15.452,12.05752,12.06001,0.00,0.00
2014.10.08 17:29:15.652,12.05737,12.06001,0.00,0.00
2014.10.08 17:29:15.753,12.05753,12.06001,0.00,0.00
2014.10.08 17:29:16.455,12.05738,12.06001,0.00,0.00
2014.10.08 17:29:16.756,12.05752,12.06001,0.00,0.00
2014.10.08 17:29:17.338,12.05752,12.05952,0.00,0.00
2014.10.08 17:29:17.388,12.05665,12.05952,0.00,0.00
2014.10.08 17:29:17.489,12.0564,12.05952,0.00,0.00
2014.10.08 17:29:17.661,12.05652,12.05911,0.00,0.00
2014.10.08 17:29:17.761,12.05639,12.05911,0.00,0.00
2014.10.08 17:29:18.212,12.05653,12.05911,0.00,0.00
2014.10.08 17:29:18.388,12.05641,12.05911,0.00,0.00
2014.10.08 17:29:18.489,12.05652,12.05911,0.00,0.00
2014.10.08 17:29:18.589,12.05642,12.05911,0.00,0.00
2014.10.08 17:29:18.675,12.05652,12.05911,0.00,0.00
2014.10.08 17:29:18.781,12.05641,12.05911,0.00,0.00
2014.10.08 17:29:19.912,12.05652,12.05911,0.00,0.00
2014.10.08 17:29:20.012,12.05639,12.05911,0.00,0.00
2014.10.08 17:29:20.063,12.05639,12.05862,0.00,0.00
2014.10.08 17:29:20.113,12.05614,12.05862,0.00,0.00
2014.10.08 17:29:20.214,12.05549,12.05862,0.00,0.00
2014.10.08 17:29:20.395,12.05622,12.05868,0.00,0.00
2014.10.08 17:29:20.801,12.05646,12.05868,0.00,0.00
2014.10.08 17:29:21.512,12.05646,12.05912,0.00,0.00
2014.10.08 17:29:21.812,12.05633,12.05912,0.00,0.00
2014.10.08 17:29:21.914,12.0562,12.05912,0.00,0.00
2014.10.08 17:29:22.222,12.05631,12.05912,0.00,0.00
2014.10.08 17:29:22.556,12.05646,12.05912,0.00,0.00
2014.10.08 17:29:22.979,12.05633,12.05912,0.00,0.00
2014.10.08 17:29:23.683,12.05644,12.05912,0.00,0.00
2014.10.08 17:29:24.511,12.05646,12.05912,0.00,0.00
2014.10.08 17:29:24.818,12.05633,12.05912,0.00,0.00
2014.10.08 17:29:25.114,12.05646,12.05912,0.00,0.00
2014.10.08 17:29:25.215,12.05632,12.05912,0.00,0.00
2014.10.08 17:29:25.490,12.05645,12.05912,0.00,0.00
2014.10.08 17:29:26.293,12.05633,12.05912,0.00,0.00
2014.10.08 17:29:26.596,12.05647,12.05912,0.00,0.00
2014.10.08 17:29:26.696,12.05633,12.05912,0.00,0.00
2014.10.08 17:29:26.797,12.05644,12.05912,0.00,0.00
2014.10.08 17:29:27.101,12.05732,12.05951,0.00,0.00
2014.10.08 17:29:27.348,12.05747,12.06001,0.00,0.00
2014.10.08 17:29:27.601,12.05689,12.06001,0.00,0.00
2014.10.08 17:29:27.652,12.05689,12.05912,0.00,0.00
2014.10.08 17:29:27.861,12.05746,12.06001,0.00,0.00
2014.10.08 17:29:28.113,12.0573,12.06001,0.00,0.00
2014.10.08 17:29:28.226,12.05715,12.06001,0.00,0.00
2014.10.08 17:29:28.730,12.05736,12.06001,0.00,0.00
2014.10.08 17:29:29.019,12.05729,12.06001,0.00,0.00
2014.10.08 17:29:29.647,12.05742,12.06001,0.00,0.00
2014.10.08 17:29:30.109,12.05731,12.06001,0.00,0.00
2014.10.08 17:29:30.210,12.05719,12.06001,0.00,0.00
2014.10.08 17:29:30.310,12.05732,12.06001,0.00,0.00
2014.10.08 17:29:30.704,12.05744,12.06001,0.00,0.00
2014.10.08 17:29:30.755,12.05721,12.06001,0.00,0.00
2014.10.08 17:29:31.117,12.05744,12.06001,0.00,0.00
2014.10.08 17:29:31.753,12.05732,12.06001,0.00,0.00
2014.10.08 17:29:31.919,12.05744,12.06001,0.00,0.00
2014.10.08 17:29:32.455,12.05731,12.06001,0.00,0.00
2014.10.08 17:29:32.740,12.05745,12.06052,0.00,0.00
2014.10.08 17:29:32.840,12.05801,12.06052,0.00,0.00
2014.10.08 17:29:33.122,12.05808,12.06069,0.00,0.00
2014.10.08 17:29:33.243,12.05836,12.06069,0.00,0.00
2014.10.08 17:29:33.423,12.05824,12.06069,0.00,0.00
2014.10.08 17:29:33.540,12.05811,12.06069,0.00,0.00
2014.10.08 17:29:33.845,12.05836,12.06069,0.00,0.00
2014.10.08 17:29:33.924,12.05811,12.06069,0.00,0.00
2014.10.08 17:29:34.131,12.05811,12.06102,0.00,0.00
2014.10.08 17:29:34.765,12.05769,12.06102,0.00,0.00
2014.10.08 17:29:34.815,12.05769,12.06018,0.00,0.00
2014.10.08 17:29:34.866,12.05724,12.06018,0.00,0.00
2014.10.08 17:29:35.045,12.05724,12.06001,0.00,0.00
2014.10.08 17:29:35.476,12.05747,12.06001,0.00,0.00
2014.10.08 17:29:35.577,12.05723,12.06001,0.00,0.00
2014.10.08 17:29:35.883,12.05746,12.06001,0.00,0.00
2014.10.08 17:29:36.085,12.05722,12.06001,0.00,0.00
2014.10.08 17:29:36.236,12.05746,12.06001,0.00,0.00
2014.10.08 17:29:36.436,12.05723,12.06001,0.00,0.00
2014.10.08 17:29:37.239,12.05746,12.06001,0.00,0.00
2014.10.08 17:29:38.140,12.05723,12.06001,0.00,0.00
2014.10.08 17:29:38.743,12.05734,12.06001,0.00,0.00
2014.10.08 17:29:38.944,12.05723,12.06001,0.00,0.00
2014.10.08 17:29:39.145,12.05734,12.06001,0.00,0.00
2014.10.08 17:29:39.246,12.05722,12.06001,0.00,0.00
2014.10.08 17:29:39.847,12.05746,12.06001,0.00,0.00
2014.10.08 17:29:40.048,12.05733,12.06001,0.00,0.00
2014.10.08 17:29:40.150,12.05745,12.06001,0.00,0.00
2014.10.08 17:29:40.657,12.05734,12.06001,0.00,0.00
2014.10.08 17:29:40.987,12.05732,12.06001,0.00,0.00
2014.10.08 17:29:41.559,12.05746,12.06001,0.00,0.00
2014.10.08 17:29:41.758,12.05732,12.06001,0.00,0.00
2014.10.08 17:29:42.059,12.05744,12.06001,0.00,0.00
2014.10.08 17:29:42.371,12.05811,12.06001,0.00,0.00
2014.10.08 17:29:42.422,12.05811,12.06052,0.00,0.00
2014.10.08 17:29:42.472,12.05844,12.06052,0.00,0.00
2014.10.08 17:29:42.577,12.05779,12.06052,0.00,0.00
2014.10.08 17:29:42.678,12.05761,12.06052,0.00,0.00
2014.10.08 17:29:42.860,12.05761,12.06002,0.00,0.00
2014.10.08 17:29:43.084,12.05776,12.06052,0.00,0.00
2014.10.08 17:29:43.185,12.05821,12.06052,0.00,0.00
2014.10.08 17:29:43.392,12.05845,12.06102,0.00,0.00
2014.10.08 17:29:43.901,12.05822,12.06102,0.00,0.00
2014.10.08 17:29:44.002,12.05833,12.06102,0.00,0.00
2014.10.08 17:29:44.368,12.05822,12.06102,0.00,0.00
2014.10.08 17:29:44.618,12.05834,12.06102,0.00,0.00
2014.10.08 17:29:45.069,12.05845,12.06102,0.00,0.00
2014.10.08 17:29:45.281,12.05656,12.05919,0.00,0.00
2014.10.08 17:29:45.401,12.05668,12.05919,0.00,0.00
2014.10.08 17:29:45.783,12.05684,12.05919,0.00,0.00
2014.10.08 17:29:46.035,12.05696,12.06001,0.00,0.00
2014.10.08 17:29:46.085,12.05726,12.06001,0.00,0.00
2014.10.08 17:29:46.425,12.05728,12.06001,0.00,0.00
2014.10.08 17:29:46.797,12.05739,12.06001,0.00,0.00
2014.10.08 17:29:46.876,12.05728,12.06001,0.00,0.00
2014.10.08 17:29:47.179,12.05739,12.06001,0.00,0.00
2014.10.08 17:29:47.380,12.05727,12.06001,0.00,0.00
2014.10.08 17:29:47.919,12.05739,12.06001,0.00,0.00
2014.10.08 17:29:48.182,12.05727,12.06001,0.00,0.00
2014.10.08 17:29:48.684,12.05737,12.06001,0.00,0.00
2014.10.08 17:29:48.989,12.05726,12.06001,0.00,0.00
2014.10.08 17:29:49.392,12.05737,12.06001,0.00,0.00
2014.10.08 17:29:49.625,12.05721,12.06001,0.00,0.00
2014.10.08 17:29:49.686,12.05709,12.06001,0.00,0.00
2014.10.08 17:29:49.796,12.05704,12.06001,0.00,0.00
2014.10.08 17:29:50.100,12.05716,12.06001,0.00,0.00
2014.10.08 17:29:50.508,12.05681,12.06001,0.00,0.00
2014.10.08 17:29:50.710,12.05716,12.06001,0.00,0.00
2014.10.08 17:29:51.089,12.05736,12.06001,0.00,0.00
2014.10.08 17:29:51.938,12.0571,12.06001,0.00,0.00
2014.10.08 17:29:52.215,12.05736,12.06001,0.00,0.00
2014.10.08 17:29:52.391,12.05723,12.06001,0.00,0.00
2014.10.08 17:29:52.899,12.05703,12.06001,0.00,0.00
2014.10.08 17:29:53.270,12.05703,12.05952,0.00,0.00
2014.10.08 17:29:53.321,12.05681,12.05952,0.00,0.00
2014.10.08 17:29:53.490,12.05664,12.05952,0.00,0.00
2014.10.08 17:29:53.593,12.05638,12.05952,0.00,0.00
2014.10.08 17:29:53.643,12.05638,12.05912,0.00,0.00
2014.10.08 17:29:53.930,12.05638,12.05962,0.00,0.00
2014.10.08 17:29:54.920,12.05638,12.05959,0.00,0.00
2014.10.08 17:29:55.254,12.05672,12.05959,0.00,0.00
2014.10.08 17:29:55.580,12.05746,12.06052,0.00,0.00
2014.10.08 17:29:55.700,12.057,12.06044,0.00,0.00
2014.10.08 17:29:55.801,12.05727,12.06052,0.00,0.00
2014.10.08 17:29:56.202,12.05739,12.06052,0.00,0.00
2014.10.08 17:29:57.204,12.05727,12.06052,0.00,0.00
2014.10.08 17:29:58.006,12.05739,12.06052,0.00,0.00
2014.10.08 17:29:58.107,12.05712,12.06052,0.00,0.00
2014.10.08 17:29:58.441,12.05738,12.06052,0.00,0.00
2014.10.08 17:29:58.709,12.05727,12.06052,0.00,0.00
2014.10.08 17:29:58.860,12.05712,12.06052,0.00,0.00
2014.10.08 17:29:59.161,12.05726,12.06052,0.00,0.00
2014.10.08 17:29:59.262,12.05666,12.06002,0.00,0.00
2014.10.08 17:29:59.560,12.05666,12.0597,0.00,0.00
2014.10.08 17:29:59.614,12.0565,12.0597,0.00,0.00
2014.10.08 17:29:59.664,12.0565,12.05962,0.00,0.00
2014.10.08 17:29:59.914,12.05672,12.06001,0.00,0.00
2014.10.08 17:30:00.483,12.05672,12.05971,0.00,0.00
2014.10.08 17:30:00.534,12.05635,12.05961,0.00,0.00
2014.10.08 17:30:00.584,12.05635,12.05859,0.00,0.00
2014.10.08 17:30:00.635,12.05569,12.05859,0.00,0.00
2014.10.08 17:30:00.887,12.05541,12.05859,0.00,0.00
2014.10.08 17:30:00.937,12.05557,12.05859,0.00,0.00
2014.10.08 17:30:01.414,12.05572,12.05859,0.00,0.00
2014.10.08 17:30:01.464,12.05547,12.05859,0.00,0.00
2014.10.08 17:30:01.633,12.05534,12.05859,0.00,0.00
2014.10.08 17:30:01.772,12.05547,12.05859,0.00,0.00
2014.10.08 17:30:02.083,12.05556,12.05859,0.00,0.00
2014.10.08 17:30:02.333,12.05535,12.05859,0.00,0.00
2014.10.08 17:30:02.622,12.05535,12.05818,0.00,0.00
2014.10.08 17:30:03.235,12.05547,12.05818,0.00,0.00
2014.10.08 17:30:05.939,12.05532,12.05818,0.00,0.00
2014.10.08 17:30:06.040,12.05545,12.05818,0.00,0.00
2014.10.08 17:30:06.843,12.05534,12.05818,0.00,0.00
2014.10.08 17:30:07.144,12.05545,12.05818,0.00,0.00
2014.10.08 17:30:09.796,12.05565,12.05869,0.00,0.00
2014.10.08 17:30:09.896,12.05631,12.05869,0.00,0.00
2014.10.08 17:30:10.345,12.05645,12.05869,0.00,0.00
2014.10.08 17:30:10.543,12.05645,12.05969,0.00,0.00
2014.10.08 17:30:10.594,12.0573,12.05969,0.00,0.00
2014.10.08 17:30:10.660,12.0571,12.05969,0.00,0.00
2014.10.08 17:30:10.762,12.0566,12.05969,0.00,0.00
2014.10.08 17:30:10.812,12.0566,12.05962,0.00,0.00
2014.10.08 17:30:11.266,12.0567,12.05962,0.00,0.00
2014.10.08 17:30:11.971,12.05657,12.05962,0.00,0.00
2014.10.08 17:30:12.082,12.05657,12.06001,0.00,0.00
2014.10.08 17:30:12.183,12.0567,12.06002,0.00,0.00
2014.10.08 17:30:12.775,12.05658,12.06002,0.00,0.00
2014.10.08 17:30:13.074,12.0567,12.06002,0.00,0.00
2014.10.08 17:30:13.182,12.0567,12.06014,0.00,0.00
2014.10.08 17:30:13.283,12.057,12.06029,0.00,0.00
2014.10.08 17:30:13.646,12.05726,12.06051,0.00,0.00
2014.10.08 17:30:13.787,12.05712,12.06051,0.00,0.00
2014.10.08 17:30:13.954,12.05712,12.06001,0.00,0.00
2014.10.08 17:30:14.205,12.05617,12.0592,0.00,0.00
2014.10.08 17:30:15.056,12.05617,12.05921,0.00,0.00
2014.10.08 17:30:15.106,12.05631,12.05921,0.00,0.00
2014.10.08 17:30:15.365,12.05631,12.05962,0.00,0.00
2014.10.08 17:30:15.416,12.05646,12.05962,0.00,0.00
2014.10.08 17:30:15.726,12.05627,12.05962,0.00,0.00
2014.10.08 17:30:16.011,12.05645,12.05962,0.00,0.00
2014.10.08 17:30:16.591,12.05633,12.05962,0.00,0.00
2014.10.08 17:30:16.792,12.05645,12.05962,0.00,0.00
2014.10.08 17:30:17.395,12.05656,12.05962,0.00,0.00
2014.10.08 17:30:18.333,12.05639,12.05962,0.00,0.00
2014.10.08 17:30:20.421,12.05627,12.05962,0.00,0.00
2014.10.08 17:30:20.553,12.05601,12.05882,0.00,0.00
2014.10.08 17:30:20.604,12.05551,12.05882,0.00,0.00
2014.10.08 17:30:20.655,12.05551,12.0587,0.00,0.00
2014.10.08 17:30:20.973,12.05551,12.05862,0.00,0.00
2014.10.08 17:30:21.872,12.05546,12.05862,0.00,0.00
2014.10.08 17:30:24.075,12.05551,12.05862,0.00,0.00
2014.10.08 17:30:24.380,12.05655,12.05912,0.00,0.00
2014.10.08 17:30:24.430,12.05655,12.05929,0.00,0.00
2014.10.08 17:30:24.651,12.05636,12.05929,0.00,0.00
2014.10.08 17:30:24.974,12.05649,12.05929,0.00,0.00
2014.10.08 17:30:25.352,12.05618,12.05929,0.00,0.00
2014.10.08 17:30:25.408,12.05618,12.05921,0.00,0.00
2014.10.08 17:30:25.717,12.0563,12.05921,0.00,0.00
2014.10.08 17:30:26.076,12.05616,12.0592,0.00,0.00
2014.10.08 17:30:26.180,12.05601,12.05912,0.00,0.00
2014.10.08 17:30:26.280,12.05601,12.0591,0.00,0.00
2014.10.08 17:30:26.931,12.05566,12.0591,0.00,0.00
2014.10.08 17:30:27.564,12.0558,12.05911,0.00,0.00
2014.10.08 17:30:27.615,12.0558,12.05921,0.00,0.00
2014.10.08 17:30:28.277,12.05601,12.05921,0.00,0.00
2014.10.08 17:30:28.544,12.0562,12.05961,0.00,0.00
2014.10.08 17:30:28.594,12.05655,12.05961,0.00,0.00
2014.10.08 17:30:28.937,12.05655,12.05971,0.00,0.00
2014.10.08 17:30:28.987,12.05671,12.05979,0.00,0.00
2014.10.08 17:30:29.088,12.05655,12.05979,0.00,0.00
2014.10.08 17:30:29.191,12.05671,12.05979,0.00,0.00
2014.10.08 17:30:29.513,12.05671,12.05962,0.00,0.00
2014.10.08 17:30:29.614,12.05601,12.05921,0.00,0.00
2014.10.08 17:30:30.157,12.05601,12.0592,0.00,0.00
2014.10.08 17:30:30.208,12.05646,12.05962,0.00,0.00
2014.10.08 17:30:30.766,12.05629,12.05962,0.00,0.00
2014.10.08 17:30:30.867,12.05616,12.0596,0.00,0.00
2014.10.08 17:30:31.268,12.05645,12.05962,0.00,0.00
2014.10.08 17:30:31.579,12.05629,12.05962,0.00,0.00
2014.10.08 17:30:32.269,12.05646,12.05962,0.00,0.00
2014.10.08 17:30:32.995,12.05655,12.05962,0.00,0.00
2014.10.08 17:30:33.301,12.0567,12.05962,0.00,0.00
2014.10.08 17:30:33.352,12.0567,12.06002,0.00,0.00
2014.10.08 17:30:33.402,12.05745,12.06002,0.00,0.00
2014.10.08 17:30:33.555,12.05745,12.06028,0.00,0.00
2014.10.08 17:30:34.015,12.05721,12.06028,0.00,0.00
2014.10.08 17:30:34.222,12.05746,12.06028,0.00,0.00
2014.10.08 17:30:34.573,12.05734,12.06028,0.00,0.00
2014.10.08 17:30:34.632,12.05734,12.06052,0.00,0.00
2014.10.08 17:30:35.175,12.05719,12.06052,0.00,0.00
2014.10.08 17:30:36.281,12.05719,12.06019,0.00,0.00
2014.10.08 17:30:36.811,12.05705,12.06019,0.00,0.00
2014.10.08 17:30:36.878,12.05716,12.06019,0.00,0.00
2014.10.08 17:30:37.179,12.05742,12.06019,0.00,0.00
2014.10.08 17:30:37.521,12.0573,12.06019,0.00,0.00
2014.10.08 17:30:38.211,12.05742,12.06019,0.00,0.00
2014.10.08 17:30:38.791,12.05719,12.06019,0.00,0.00
2014.10.08 17:30:38.921,12.0573,12.06019,0.00,0.00
2014.10.08 17:30:39.684,12.05718,12.06019,0.00,0.00
2014.10.08 17:30:41.023,12.05718,12.05919,0.00,0.00
2014.10.08 17:30:41.124,12.05632,12.05919,0.00,0.00
2014.10.08 17:30:41.502,12.05645,12.05919,0.00,0.00
2014.10.08 17:30:42.143,12.0567,12.05919,0.00,0.00
2014.10.08 17:30:42.451,12.0567,12.05969,0.00,0.00
2014.10.08 17:30:42.602,12.05715,12.05969,0.00,0.00
2014.10.08 17:30:43.034,12.05724,12.05969,0.00,0.00
2014.10.08 17:30:43.771,12.05724,12.06018,0.00,0.00
2014.10.08 17:30:44.302,12.05713,12.06018,0.00,0.00
2014.10.08 17:30:44.550,12.05722,12.06018,0.00,0.00
2014.10.08 17:30:45.004,12.0571,12.06018,0.00,0.00
2014.10.08 17:30:45.404,12.05734,12.06018,0.00,0.00
2014.10.08 17:30:46.306,12.05729,12.06018,0.00,0.00
2014.10.08 17:30:46.406,12.05716,12.06018,0.00,0.00
2014.10.08 17:30:46.507,12.05728,12.06018,0.00,0.00
2014.10.08 17:30:47.308,12.05717,12.06018,0.00,0.00
2014.10.08 17:30:47.608,12.05701,12.06018,0.00,0.00
2014.10.08 17:30:48.034,12.05685,12.06018,0.00,0.00
2014.10.08 17:30:48.085,12.05685,12.05969,0.00,0.00
2014.10.08 17:30:48.135,12.05629,12.05969,0.00,0.00
2014.10.08 17:30:48.271,12.05629,12.05961,0.00,0.00
2014.10.08 17:30:49.025,12.0564,12.05961,0.00,0.00
2014.10.08 17:30:49.136,12.05627,12.05961,0.00,0.00
2014.10.08 17:30:49.371,12.05627,12.05912,0.00,0.00
2014.10.08 17:30:49.421,12.05552,12.05868,0.00,0.00
2014.10.08 17:30:49.490,12.05537,12.05868,0.00,0.00
2014.10.08 17:30:49.591,12.05537,12.05862,0.00,0.00
2014.10.08 17:30:50.811,12.05537,12.05818,0.00,0.00
2014.10.08 17:30:51.666,12.05525,12.05818,0.00,0.00
2014.10.08 17:30:52.658,12.05545,12.05818,0.00,0.00
2014.10.08 17:30:53.128,12.05533,12.05818,0.00,0.00
2014.10.08 17:30:53.943,12.05545,12.05818,0.00,0.00
2014.10.08 17:30:54.029,12.05534,12.05818,0.00,0.00
2014.10.08 17:30:54.231,12.05545,12.05818,0.00,0.00
2014.10.08 17:30:54.457,12.05531,12.05818,0.00,0.00
2014.10.08 17:30:54.558,12.05519,12.05818,0.00,0.00
2014.10.08 17:30:54.764,12.05545,12.05818,0.00,0.00
2014.10.08 17:30:55.784,12.05556,12.05818,0.00,0.00
2014.10.08 17:30:55.837,12.05543,12.05818,0.00,0.00
2014.10.08 17:30:56.839,12.05556,12.05818,0.00,0.00
2014.10.08 17:30:57.039,12.05542,12.05818,0.00,0.00
2014.10.08 17:30:57.140,12.05526,12.05818,0.00,0.00
2014.10.08 17:30:57.241,12.05545,12.05818,0.00,0.00
2014.10.08 17:30:57.741,12.05534,12.05818,0.00,0.00
2014.10.08 17:30:58.647,12.05545,12.05818,0.00,0.00
2014.10.08 17:31:00.134,12.05629,12.05818,0.00,0.00
2014.10.08 17:31:00.185,12.05662,12.05862,0.00,0.00
2014.10.08 17:31:00.286,12.05662,12.05911,0.00,0.00
2014.10.08 17:31:00.390,12.05746,12.05911,0.00,0.00
2014.10.08 17:31:00.480,12.05746,12.06001,0.00,0.00
2014.10.08 17:31:00.863,12.05771,12.06001,0.00,0.00
2014.10.08 17:31:00.922,12.05771,12.06078,0.00,0.00
2014.10.08 17:31:00.972,12.0582,12.06101,0.00,0.00
2014.10.08 17:31:01.461,12.05834,12.06118,0.00,0.00
2014.10.08 17:31:02.165,12.05845,12.06118,0.00,0.00
2014.10.08 17:31:04.210,12.05833,12.06118,0.00,0.00
2014.10.08 17:31:04.311,12.05845,12.06118,0.00,0.00
2014.10.08 17:31:08.769,12.05911,12.06189,0.00,0.00
2014.10.08 17:31:08.820,12.05942,12.06219,0.00,0.00
2014.10.08 17:31:09.157,12.06056,12.06219,0.00,0.00
2014.10.08 17:31:09.363,12.06042,12.06219,0.00,0.00
2014.10.08 17:31:09.414,12.06042,12.06319,0.00,0.00
2014.10.08 17:31:09.515,12.06054,12.06319,0.00,0.00
2014.10.08 17:31:10.201,12.06058,12.06319,0.00,0.00
2014.10.08 17:31:12.470,12.06069,12.06319,0.00,0.00
2014.10.08 17:31:12.521,12.06069,12.0637,0.00,0.00
2014.10.08 17:31:12.621,12.06069,12.06419,0.00,0.00
2014.10.08 17:31:12.845,12.06061,12.06411,0.00,0.00
2014.10.08 17:31:13.570,12.06068,12.06419,0.00,0.00
2014.10.08 17:31:13.620,12.06068,12.06319,0.00,0.00
2014.10.08 17:31:13.837,12.06045,12.06319,0.00,0.00
2014.10.08 17:31:14.043,12.06056,12.06319,0.00,0.00
2014.10.08 17:31:14.143,12.06043,12.06319,0.00,0.00
2014.10.08 17:31:15.615,12.06043,12.06271,0.00,0.00
2014.10.08 17:31:15.716,12.05941,12.06268,0.00,0.00
2014.10.08 17:31:16.990,12.05941,12.06219,0.00,0.00
2014.10.08 17:31:17.522,12.05918,12.06219,0.00,0.00
2014.10.08 17:31:19.955,12.05926,12.06219,0.00,0.00
2014.10.08 17:31:20.875,12.05852,12.06169,0.00,0.00
2014.10.08 17:31:20.979,12.05847,12.06169,0.00,0.00
2014.10.08 17:31:21.079,12.05847,12.06152,0.00,0.00
2014.10.08 17:31:21.589,12.0583,12.06152,0.00,0.00
2014.10.08 17:31:22.142,12.05846,12.06152,0.00,0.00
2014.10.08 17:31:22.562,12.05846,12.06119,0.00,0.00
2014.10.08 17:31:25.668,12.05826,12.06119,0.00,0.00
2014.10.08 17:31:25.969,12.05855,12.06119,0.00,0.00
2014.10.08 17:31:26.157,12.05846,12.06119,0.00,0.00
2014.10.08 17:31:26.707,12.05832,12.06119,0.00,0.00
2014.10.08 17:31:26.808,12.05821,12.06119,0.00,0.00
2014.10.08 17:31:27.102,12.05845,12.06119,0.00,0.00
2014.10.08 17:31:28.767,12.05824,12.06119,0.00,0.00
2014.10.08 17:31:29.071,12.05826,12.06119,0.00,0.00
2014.10.08 17:31:29.582,12.05846,12.06119,0.00,0.00
2014.10.08 17:31:29.777,12.05829,12.06119,0.00,0.00
2014.10.08 17:31:30.177,12.05845,12.06119,0.00,0.00
2014.10.08 17:31:30.290,12.05822,12.06119,0.00,0.00
2014.10.08 17:31:30.622,12.05822,12.06101,0.00,0.00
2014.10.08 17:31:30.723,12.05771,12.06068,0.00,0.00
2014.10.08 17:31:30.901,12.05712,12.06068,0.00,0.00
2014.10.08 17:31:30.951,12.05712,12.06052,0.00,0.00
2014.10.08 17:31:32.061,12.05684,12.06019,0.00,0.00
2014.10.08 17:31:32.928,12.05695,12.06019,0.00,0.00
2014.10.08 17:31:34.988,12.05681,12.06019,0.00,0.00
2014.10.08 17:31:35.188,12.05719,12.06019,0.00,0.00
2014.10.08 17:31:35.289,12.0569,12.06019,0.00,0.00
2014.10.08 17:31:40.854,12.0569,12.06002,0.00,0.00
2014.10.08 17:31:40.905,12.05674,12.06002,0.00,0.00
2014.10.08 17:31:40.962,12.05674,12.05971,0.00,0.00
2014.10.08 17:31:41.013,12.05608,12.05919,0.00,0.00
2014.10.08 17:31:41.185,12.05582,12.05919,0.00,0.00
2014.10.08 17:31:47.558,12.05629,12.05919,0.00,0.00
2014.10.08 17:31:47.609,12.05629,12.05961,0.00,0.00
2014.10.08 17:31:47.659,12.05679,12.05961,0.00,0.00
2014.10.08 17:31:47.710,12.05679,12.05968,0.00,0.00
2014.10.08 17:31:47.760,12.05704,12.05968,0.00,0.00
2014.10.08 17:31:48.999,12.05704,12.06019,0.00,0.00
2014.10.08 17:31:50.216,12.05684,12.06019,0.00,0.00
2014.10.08 17:31:51.152,12.05705,12.06019,0.00,0.00
2014.10.08 17:31:51.468,12.05685,12.06019,0.00,0.00
2014.10.08 17:31:52.297,12.05705,12.06019,0.00,0.00
2014.10.08 17:31:53.108,12.05705,12.05968,0.00,0.00
2014.10.08 17:31:53.159,12.05685,12.05968,0.00,0.00
2014.10.08 17:31:53.210,12.05685,12.05819,0.00,0.00
2014.10.08 17:31:53.260,12.05608,12.05819,0.00,0.00
2014.10.08 17:31:53.424,12.05492,12.05819,0.00,0.00
2014.10.08 17:31:53.767,12.05471,12.05819,0.00,0.00
2014.10.08 17:31:54.822,12.05471,12.05812,0.00,0.00
2014.10.08 17:31:55.124,12.05308,12.05519,0.00,0.00
2014.10.08 17:31:55.174,12.05361,12.0567,0.00,0.00
2014.10.08 17:31:55.225,12.05361,12.05702,0.00,0.00
2014.10.08 17:31:55.275,12.05379,12.05552,0.00,0.00
2014.10.08 17:31:55.593,12.05405,12.05719,0.00,0.00
2014.10.08 17:31:55.644,12.05386,12.05719,0.00,0.00
2014.10.08 17:31:55.744,12.05361,12.05671,0.00,0.00
2014.10.08 17:31:55.858,12.05295,12.05618,0.00,0.00
2014.10.08 17:31:56.236,12.0532,12.05618,0.00,0.00
2014.10.08 17:31:56.636,12.0529,12.05618,0.00,0.00
2014.10.08 17:31:56.737,12.05272,12.05618,0.00,0.00
2014.10.08 17:31:56.838,12.05262,12.05612,0.00,0.00
2014.10.08 17:31:56.889,12.05262,12.0557,0.00,0.00
2014.10.08 17:31:56.939,12.05208,12.05519,0.00,0.00
2014.10.08 17:31:57.040,12.05204,12.05519,0.00,0.00
2014.10.08 17:31:58.041,12.05189,12.05519,0.00,0.00
2014.10.08 17:32:00.580,12.05204,12.05519,0.00,0.00
2014.10.08 17:32:00.681,12.05231,12.05568,0.00,0.00
2014.10.08 17:32:00.871,12.05231,12.05562,0.00,0.00
2014.10.08 17:32:01.022,12.05212,12.05562,0.00,0.00
2014.10.08 17:32:01.419,12.05212,12.05568,0.00,0.00
2014.10.08 17:32:02.097,12.05262,12.05618,0.00,0.00
2014.10.08 17:32:02.402,12.05262,12.05612,0.00,0.00
2014.10.08 17:32:02.852,12.05262,12.05618,0.00,0.00
2014.10.08 17:32:02.902,12.05294,12.05618,0.00,0.00
2014.10.08 17:32:03.054,12.05278,12.05618,0.00,0.00
2014.10.08 17:32:03.104,12.05278,12.05612,0.00,0.00
2014.10.08 17:32:03.155,12.05262,12.05612,0.00,0.00
2014.10.08 17:32:03.389,12.05232,12.05569,0.00,0.00
2014.10.08 17:32:03.733,12.0528,12.05569,0.00,0.00
2014.10.08 17:32:03.884,12.05252,12.05569,0.00,0.00
2014.10.08 17:32:04.086,12.05241,12.05562,0.00,0.00
2014.10.08 17:32:04.466,12.05211,12.05548,0.00,0.00
2014.10.08 17:32:04.517,12.05204,12.05468,0.00,0.00
2014.10.08 17:32:04.567,12.05196,12.05468,0.00,0.00
2014.10.08 17:32:04.668,12.05181,12.05468,0.00,0.00
2014.10.08 17:32:04.770,12.05235,12.05468,0.00,0.00
2014.10.08 17:32:05.190,12.05222,12.05468,0.00,0.00
2014.10.08 17:32:05.460,12.05236,12.05468,0.00,0.00
2014.10.08 17:32:05.960,12.05236,12.05518,0.00,0.00
2014.10.08 17:32:06.995,12.05195,12.05518,0.00,0.00
2014.10.08 17:32:07.046,12.05195,12.05512,0.00,0.00
2014.10.08 17:32:07.383,12.05235,12.05468,0.00,0.00
2014.10.08 17:32:07.707,12.0519,12.05468,0.00,0.00
2014.10.08 17:32:07.808,12.05221,12.05468,0.00,0.00
2014.10.08 17:32:07.909,12.05219,12.05468,0.00,0.00
2014.10.08 17:32:08.110,12.05245,12.05468,0.00,0.00
2014.10.08 17:32:08.671,12.05245,12.05519,0.00,0.00
2014.10.08 17:32:09.771,12.05234,12.05519,0.00,0.00
2014.10.08 17:32:10.175,12.05217,12.05519,0.00,0.00
2014.10.08 17:32:10.275,12.05231,12.05519,0.00,0.00
2014.10.08 17:32:10.626,12.05245,12.05519,0.00,0.00
2014.10.08 17:32:10.882,12.05201,12.05519,0.00,0.00
2014.10.08 17:32:10.935,12.05201,12.05471,0.00,0.00
2014.10.08 17:32:11.036,12.05145,12.05418,0.00,0.00
2014.10.08 17:32:11.576,12.0517,12.05418,0.00,0.00
2014.10.08 17:32:11.639,12.0517,12.05462,0.00,0.00
2014.10.08 17:32:11.690,12.0523,12.05512,0.00,0.00
2014.10.08 17:32:12.078,12.05229,12.05518,0.00,0.00
2014.10.08 17:32:12.223,12.05218,12.05518,0.00,0.00
2014.10.08 17:32:12.378,12.05236,12.05518,0.00,0.00
2014.10.08 17:32:12.678,12.05218,12.05518,0.00,0.00
2014.10.08 17:32:12.779,12.05229,12.05518,0.00,0.00
2014.10.08 17:32:13.480,12.05246,12.05518,0.00,0.00
2014.10.08 17:32:13.531,12.05251,12.05568,0.00,0.00
2014.10.08 17:32:13.581,12.0526,12.05568,0.00,0.00
2014.10.08 17:32:13.959,12.05244,12.05568,0.00,0.00
2014.10.08 17:32:14.009,12.05261,12.05568,0.00,0.00
2014.10.08 17:32:14.682,12.053,12.05568,0.00,0.00
2014.10.08 17:32:14.833,12.05325,12.05619,0.00,0.00
2014.10.08 17:32:15.885,12.05308,12.05619,0.00,0.00
2014.10.08 17:32:15.941,12.05308,12.05601,0.00,0.00
2014.10.08 17:32:15.991,12.05261,12.056,0.00,0.00
2014.10.08 17:32:16.259,12.05256,12.05568,0.00,0.00
2014.10.08 17:32:16.787,12.05301,12.05568,0.00,0.00
2014.10.08 17:32:17.184,12.05333,12.05568,0.00,0.00
2014.10.08 17:32:17.288,12.05309,12.05568,0.00,0.00
2014.10.08 17:32:17.589,12.05295,12.05568,0.00,0.00
2014.10.08 17:32:17.690,12.05295,12.05618,0.00,0.00
2014.10.08 17:32:18.791,12.05277,12.05618,0.00,0.00
2014.10.08 17:32:18.841,12.05277,12.05601,0.00,0.00
2014.10.08 17:32:18.892,12.05262,12.05591,0.00,0.00
2014.10.08 17:32:19.009,12.05249,12.05569,0.00,0.00
2014.10.08 17:32:19.347,12.0526,12.05569,0.00,0.00
2014.10.08 17:32:19.398,12.0525,12.05569,0.00,0.00
2014.10.08 17:32:19.500,12.05211,12.05545,0.00,0.00
2014.10.08 17:32:19.603,12.05211,12.05533,0.00,0.00
2014.10.08 17:32:19.706,12.05211,12.05547,0.00,0.00
2014.10.08 17:32:19.812,12.05235,12.05552,0.00,0.00
2014.10.08 17:32:20.460,12.05235,12.05519,0.00,0.00
2014.10.08 17:32:20.896,12.05224,12.05519,0.00,0.00
2014.10.08 17:32:21.144,12.05235,12.05519,0.00,0.00
2014.10.08 17:32:21.244,12.05211,12.05519,0.00,0.00
2014.10.08 17:32:21.507,12.0526,12.05519,0.00,0.00
2014.10.08 17:32:21.767,12.05262,12.05604,0.00,0.00
2014.10.08 17:32:21.818,12.05306,12.05608,0.00,0.00
2014.10.08 17:32:21.918,12.05262,12.05571,0.00,0.00
2014.10.08 17:32:22.019,12.05262,12.05551,0.00,0.00
2014.10.08 17:32:22.251,12.05262,12.05573,0.00,0.00
2014.10.08 17:32:22.352,12.05262,12.05601,0.00,0.00
2014.10.08 17:32:22.909,12.05262,12.05571,0.00,0.00
2014.10.08 17:32:23.271,12.05223,12.05518,0.00,0.00
2014.10.08 17:32:23.423,12.0522,12.05518,0.00,0.00
2014.10.08 17:32:23.941,12.05202,12.05518,0.00,0.00
2014.10.08 17:32:24.289,12.05202,12.05469,0.00,0.00
2014.10.08 17:32:24.340,12.05175,12.05469,0.00,0.00
2014.10.08 17:32:24.406,12.05133,12.05469,0.00,0.00
2014.10.08 17:32:24.522,12.05133,12.05462,0.00,0.00
2014.10.08 17:32:25.409,12.0512,12.05462,0.00,0.00
2014.10.08 17:32:25.709,12.05135,12.05462,0.00,0.00
2014.10.08 17:32:26.096,12.05161,12.05419,0.00,0.00
2014.10.08 17:32:27.039,12.05181,12.05419,0.00,0.00
2014.10.08 17:32:27.140,12.0516,12.05419,0.00,0.00
2014.10.08 17:32:27.191,12.0516,12.05462,0.00,0.00
2014.10.08 17:32:27.269,12.0516,12.05469,0.00,0.00
2014.10.08 17:32:27.539,12.05186,12.05469,0.00,0.00
2014.10.08 17:32:27.706,12.05261,12.05551,0.00,0.00
2014.10.08 17:32:27.758,12.05261,12.0557,0.00,0.00
2014.10.08 17:32:27.858,12.05311,12.05601,0.00,0.00
2014.10.08 17:32:28.060,12.05261,12.05584,0.00,0.00
2014.10.08 17:32:28.364,12.05261,12.05602,0.00,0.00
2014.10.08 17:32:28.481,12.05261,12.05604,0.00,0.00
2014.10.08 17:32:28.532,12.05285,12.05619,0.00,0.00
2014.10.08 17:32:29.019,12.05328,12.05619,0.00,0.00
2014.10.08 17:32:29.120,12.05319,12.05619,0.00,0.00
2014.10.08 17:32:29.541,12.05288,12.05619,0.00,0.00
2014.10.08 17:32:29.591,12.05288,12.05568,0.00,0.00
2014.10.08 17:32:29.642,12.05271,12.05568,0.00,0.00
2014.10.08 17:32:29.743,12.05228,12.05568,0.00,0.00
2014.10.08 17:32:29.843,12.05228,12.05551,0.00,0.00
2014.10.08 17:32:30.322,12.05246,12.05551,0.00,0.00
2014.10.08 17:32:30.373,12.05246,12.05568,0.00,0.00
2014.10.08 17:32:30.423,12.05261,12.05568,0.00,0.00
2014.10.08 17:32:30.933,12.05261,12.05552,0.00,0.00
2014.10.08 17:32:31.240,12.05235,12.05518,0.00,0.00
2014.10.08 17:32:31.570,12.05281,12.05518,0.00,0.00
2014.10.08 17:32:31.671,12.0526,12.05518,0.00,0.00
2014.10.08 17:32:31.801,12.0526,12.05602,0.00,0.00
2014.10.08 17:32:32.919,12.0526,12.05604,0.00,0.00
2014.10.08 17:32:32.970,12.05286,12.05628,0.00,0.00
2014.10.08 17:32:33.343,12.05335,12.05652,0.00,0.00
2014.10.08 17:32:33.630,12.05318,12.05652,0.00,0.00
2014.10.08 17:32:34.230,12.05335,12.05652,0.00,0.00
2014.10.08 17:32:35.332,12.05321,12.05652,0.00,0.00
2014.10.08 17:32:36.150,12.05333,12.05652,0.00,0.00
2014.10.08 17:32:36.474,12.05346,12.05652,0.00,0.00
2014.10.08 17:32:37.179,12.05324,12.05552,0.00,0.00
2014.10.08 17:32:37.282,12.0526,12.05552,0.00,0.00
2014.10.08 17:32:37.444,12.05277,12.05598,0.00,0.00
2014.10.08 17:32:37.495,12.05285,12.05598,0.00,0.00
2014.10.08 17:32:37.818,12.05336,12.05652,0.00,0.00
2014.10.08 17:32:39.141,12.0532,12.05652,0.00,0.00
2014.10.08 17:32:39.192,12.0532,12.05664,0.00,0.00
2014.10.08 17:32:39.242,12.0536,12.05699,0.00,0.00
2014.10.08 17:32:39.293,12.0536,12.05702,0.00,0.00
2014.10.08 17:32:39.642,12.05345,12.05689,0.00,0.00
2014.10.08 17:32:40.444,12.05359,12.05701,0.00,0.00
2014.10.08 17:32:40.845,12.05346,12.05688,0.00,0.00
2014.10.08 17:32:41.646,12.0536,12.05702,0.00,0.00
2014.10.08 17:32:42.699,12.0536,12.05704,0.00,0.00
2014.10.08 17:32:42.750,12.05346,12.05688,0.00,0.00
2014.10.08 17:32:43.303,12.05321,12.05652,0.00,0.00
2014.10.08 17:32:43.868,12.05323,12.05652,0.00,0.00
2014.10.08 17:32:44.280,12.05334,12.05652,0.00,0.00
2014.10.08 17:32:44.437,12.05286,12.05628,0.00,0.00
2014.10.08 17:32:44.590,12.05335,12.05652,0.00,0.00
2014.10.08 17:32:45.156,12.05322,12.05652,0.00,0.00
2014.10.08 17:32:45.758,12.05288,12.0563,0.00,0.00
2014.10.08 17:32:46.259,12.05326,12.05652,0.00,0.00
2014.10.08 17:32:47.466,12.05321,12.05652,0.00,0.00
2014.10.08 17:32:47.664,12.05332,12.05652,0.00,0.00
2014.10.08 17:32:47.971,12.0532,12.0557,0.00,0.00
2014.10.08 17:32:48.078,12.05208,12.0555,0.00,0.00
2014.10.08 17:32:48.140,12.05208,12.05502,0.00,0.00
2014.10.08 17:32:48.449,12.05271,12.05502,0.00,0.00
2014.10.08 17:32:48.500,12.05227,12.05552,0.00,0.00
2014.10.08 17:32:48.973,12.05217,12.05552,0.00,0.00
2014.10.08 17:32:49.303,12.05236,12.05552,0.00,0.00
2014.10.08 17:32:49.566,12.05215,12.05552,0.00,0.00
2014.10.08 17:32:49.667,12.05235,12.05552,0.00,0.00
2014.10.08 17:32:49.869,12.05216,12.05552,0.00,0.00
2014.10.08 17:32:50.168,12.05235,12.05552,0.00,0.00
2014.10.08 17:32:50.869,12.05224,12.05552,0.00,0.00
2014.10.08 17:32:51.170,12.05236,12.05552,0.00,0.00
2014.10.08 17:32:51.408,12.05214,12.05552,0.00,0.00
2014.10.08 17:32:51.680,12.05226,12.05552,0.00,0.00
2014.10.08 17:32:52.196,12.0521,12.05552,0.00,0.00
2014.10.08 17:32:52.816,12.05234,12.05552,0.00,0.00
2014.10.08 17:32:53.618,12.05213,12.05552,0.00,0.00
2014.10.08 17:32:53.768,12.05213,12.05519,0.00,0.00
2014.10.08 17:32:54.078,12.05235,12.05519,0.00,0.00
2014.10.08 17:32:54.178,12.05215,12.05519,0.00,0.00
2014.10.08 17:32:54.609,12.05235,12.05519,0.00,0.00
2014.10.08 17:32:55.485,12.05215,12.05519,0.00,0.00
2014.10.08 17:32:55.588,12.05203,12.05519,0.00,0.00
2014.10.08 17:32:56.000,12.05228,12.05519,0.00,0.00
2014.10.08 17:32:56.920,12.05213,12.05519,0.00,0.00
2014.10.08 17:32:57.021,12.05224,12.05519,0.00,0.00
2014.10.08 17:32:58.011,12.05211,12.05519,0.00,0.00
2014.10.08 17:32:59.589,12.05202,12.05519,0.00,0.00
2014.10.08 17:32:59.690,12.05232,12.05519,0.00,0.00
2014.10.08 17:33:00.090,12.05221,12.05519,0.00,0.00
2014.10.08 17:33:01.211,12.05233,12.05519,0.00,0.00
2014.10.08 17:33:01.428,12.05221,12.05519,0.00,0.00
2014.10.08 17:33:02.394,12.05208,12.05519,0.00,0.00
2014.10.08 17:33:02.842,12.05247,12.05568,0.00,0.00
2014.10.08 17:33:02.943,12.05301,12.05568,0.00,0.00
2014.10.08 17:33:03.740,12.05315,12.05568,0.00,0.00
2014.10.08 17:33:04.146,12.05301,12.05568,0.00,0.00
2014.10.08 17:33:04.218,12.05301,12.05619,0.00,0.00
2014.10.08 17:33:07.403,12.05323,12.05619,0.00,0.00
2014.10.08 17:33:07.503,12.05311,12.05619,0.00,0.00
2014.10.08 17:33:08.304,12.05301,12.05619,0.00,0.00
2014.10.08 17:33:09.019,12.05307,12.05619,0.00,0.00
2014.10.08 17:33:09.368,12.05307,12.05602,0.00,0.00
2014.10.08 17:33:09.506,12.05252,12.05569,0.00,0.00
2014.10.08 17:33:09.845,12.05266,12.05569,0.00,0.00
2014.10.08 17:33:10.124,12.05254,12.05569,0.00,0.00
2014.10.08 17:33:10.245,12.05283,12.05569,0.00,0.00
2014.10.08 17:33:10.608,12.05318,12.05569,0.00,0.00
2014.10.08 17:33:10.658,12.05292,12.05569,0.00,0.00
2014.10.08 17:33:10.728,12.05292,12.05619,0.00,0.00
2014.10.08 17:33:10.829,12.05322,12.05619,0.00,0.00
2014.10.08 17:33:11.115,12.05297,12.05619,0.00,0.00
2014.10.08 17:33:11.216,12.05292,12.05614,0.00,0.00
2014.10.08 17:33:11.518,12.05322,12.05619,0.00,0.00
2014.10.08 17:33:12.512,12.05323,12.05619,0.00,0.00
2014.10.08 17:33:13.919,12.05323,12.05652,0.00,0.00
2014.10.08 17:33:13.988,12.05323,12.05665,0.00,0.00
2014.10.08 17:33:14.038,12.05411,12.05669,0.00,0.00
2014.10.08 17:33:14.367,12.05428,12.05669,0.00,0.00
2014.10.08 17:33:14.579,12.05431,12.05752,0.00,0.00
2014.10.08 17:33:15.240,12.05512,12.05811,0.00,0.00
2014.10.08 17:33:15.447,12.05521,12.05862,0.00,0.00
2014.10.08 17:33:15.620,12.05512,12.05853,0.00,0.00
2014.10.08 17:33:16.013,12.05522,12.05862,0.00,0.00
2014.10.08 17:33:16.064,12.05512,12.05855,0.00,0.00
2014.10.08 17:33:16.270,12.05524,12.05862,0.00,0.00
2014.10.08 17:33:16.422,12.05512,12.05856,0.00,0.00
2014.10.08 17:33:16.622,12.05524,12.05862,0.00,0.00
2014.10.08 17:33:17.549,12.05512,12.05844,0.00,0.00
2014.10.08 17:33:17.650,12.05524,12.05862,0.00,0.00
2014.10.08 17:33:18.225,12.05512,12.05848,0.00,0.00
2014.10.08 17:33:18.654,12.05512,12.05821,0.00,0.00
2014.10.08 17:33:18.981,12.05512,12.05812,0.00,0.00
2014.10.08 17:33:19.032,12.05527,12.05862,0.00,0.00
2014.10.08 17:33:19.427,12.05512,12.05845,0.00,0.00
2014.10.08 17:33:19.728,12.05512,12.05828,0.00,0.00
2014.10.08 17:33:20.588,12.05512,12.05811,0.00,0.00
2014.10.08 17:33:20.770,12.05462,12.05786,0.00,0.00
2014.10.08 17:33:21.075,12.05462,12.05806,0.00,0.00
2014.10.08 17:33:23.042,12.0548,12.05811,0.00,0.00
2014.10.08 17:33:23.407,12.05501,12.0582,0.00,0.00
2014.10.08 17:33:23.947,12.05501,12.05821,0.00,0.00
2014.10.08 17:33:24.286,12.05501,12.05781,0.00,0.00
2014.10.08 17:33:24.489,12.05452,12.05752,0.00,0.00
2014.10.08 17:33:24.539,12.05452,12.05737,0.00,0.00
2014.10.08 17:33:25.797,12.05421,12.05737,0.00,0.00
2014.10.08 17:33:27.489,12.05421,12.05751,0.00,0.00
2014.10.08 17:33:28.672,12.05421,12.0574,0.00,0.00
2014.10.08 17:33:28.980,12.05421,12.05716,0.00,0.00
2014.10.08 17:33:29.646,12.05421,12.0572,0.00,0.00
2014.10.08 17:33:30.234,12.05421,12.05721,0.00,0.00
2014.10.08 17:33:31.407,12.05401,12.05721,0.00,0.00
2014.10.08 17:33:31.623,12.05401,12.05739,0.00,0.00
2014.10.08 17:33:31.749,12.05434,12.05752,0.00,0.00
2014.10.08 17:33:32.082,12.05409,12.05752,0.00,0.00
2014.10.08 17:33:32.852,12.05425,12.05752,0.00,0.00
2014.10.08 17:33:33.768,12.05413,12.05752,0.00,0.00
2014.10.08 17:33:33.872,12.05401,12.05745,0.00,0.00
2014.10.08 17:33:34.480,12.05401,12.05728,0.00,0.00
2014.10.08 17:33:36.757,12.05417,12.05752,0.00,0.00
2014.10.08 17:33:37.558,12.05401,12.05745,0.00,0.00
2014.10.08 17:33:38.759,12.05401,12.05729,0.00,0.00
2014.10.08 17:33:40.278,12.05409,12.05729,0.00,0.00
2014.10.08 17:33:40.378,12.05409,12.05741,0.00,0.00
2014.10.08 17:33:40.669,12.05409,12.05728,0.00,0.00
2014.10.08 17:33:42.198,12.05409,12.0574,0.00,0.00
2014.10.08 17:33:45.803,12.05418,12.05762,0.00,0.00
2014.10.08 17:33:47.493,12.05416,12.0576,0.00,0.00
2014.10.08 17:33:47.838,12.05508,12.05807,0.00,0.00
2014.10.08 17:33:48.140,12.05501,12.05789,0.00,0.00
2014.10.08 17:33:48.442,12.05501,12.05777,0.00,0.00
2014.10.08 17:33:48.493,12.05501,12.05789,0.00,0.00
2014.10.08 17:33:49.131,12.05458,12.05789,0.00,0.00
2014.10.08 17:33:49.280,12.05458,12.05777,0.00,0.00
2014.10.08 17:33:49.512,12.05458,12.05789,0.00,0.00
2014.10.08 17:33:49.834,12.05458,12.05771,0.00,0.00
2014.10.08 17:33:50.344,12.05451,12.0572,0.00,0.00
2014.10.08 17:33:50.444,12.05401,12.0572,0.00,0.00
2014.10.08 17:33:50.495,12.05401,12.05621,0.00,0.00
2014.10.08 17:33:50.547,12.05351,12.05621,0.00,0.00
2014.10.08 17:33:50.653,12.05351,12.05647,0.00,0.00
2014.10.08 17:33:50.753,12.05351,12.05663,0.00,0.00
2014.10.08 17:33:50.804,12.05351,12.05671,0.00,0.00
2014.10.08 17:33:50.909,12.05351,12.05662,0.00,0.00
2014.10.08 17:33:51.526,12.05351,12.0567,0.00,0.00
2014.10.08 17:33:51.867,12.05329,12.05671,0.00,0.00
2014.10.08 17:33:52.286,12.05342,12.05671,0.00,0.00
2014.10.08 17:33:52.977,12.05342,12.0567,0.00,0.00
2014.10.08 17:33:53.116,12.0533,12.0567,0.00,0.00
2014.10.08 17:33:53.217,12.05311,12.05639,0.00,0.00
2014.10.08 17:33:53.725,12.05311,12.0562,0.00,0.00
2014.10.08 17:33:54.244,12.05311,12.05621,0.00,0.00
2014.10.08 17:33:54.703,12.0532,12.05621,0.00,0.00
2014.10.08 17:33:54.891,12.05311,12.05621,0.00,0.00
2014.10.08 17:33:57.295,12.05311,12.05616,0.00,0.00
2014.10.08 17:33:57.615,12.05302,12.05616,0.00,0.00
2014.10.08 17:33:57.897,12.05302,12.0562,0.00,0.00
2014.10.08 17:33:58.217,12.05302,12.05603,0.00,0.00
2014.10.08 17:33:59.300,12.05302,12.05621,0.00,0.00
2014.10.08 17:33:59.797,12.05292,12.0562,0.00,0.00
2014.10.08 17:33:59.848,12.05282,12.0557,0.00,0.00
2014.10.08 17:33:59.898,12.05258,12.0557,0.00,0.00
2014.10.08 17:34:00.331,12.05252,12.05558,0.00,0.00
2014.10.08 17:34:00.706,12.05252,12.05548,0.00,0.00
2014.10.08 17:34:01.217,12.05208,12.0552,0.00,0.00
2014.10.08 17:34:01.719,12.05208,12.05521,0.00,0.00
2014.10.08 17:34:02.210,12.05208,12.05508,0.00,0.00
2014.10.08 17:34:02.411,12.05159,12.0547,0.00,0.00
2014.10.08 17:34:02.512,12.05159,12.05486,0.00,0.00
2014.10.08 17:34:02.562,12.05159,12.0547,0.00,0.00
2014.10.08 17:34:02.718,12.05144,12.0547,0.00,0.00
2014.10.08 17:34:02.818,12.05132,12.05462,0.00,0.00
2014.10.08 17:34:03.357,12.05132,12.05461,0.00,0.00
2014.10.08 17:34:03.407,12.05158,12.05461,0.00,0.00
2014.10.08 17:34:03.458,12.05158,12.05499,0.00,0.00
2014.10.08 17:34:03.977,12.05157,12.05459,0.00,0.00
2014.10.08 17:34:04.128,12.05121,12.05459,0.00,0.00
2014.10.08 17:34:04.257,12.05158,12.05459,0.00,0.00
2014.10.08 17:34:05.399,12.05158,12.05509,0.00,0.00
2014.10.08 17:34:05.500,12.05209,12.05509,0.00,0.00
2014.10.08 17:34:05.938,12.05258,12.05509,0.00,0.00
2014.10.08 17:34:06.082,12.05258,12.05521,0.00,0.00
2014.10.08 17:34:07.309,12.05258,12.05602,0.00,0.00
2014.10.08 17:34:07.360,12.05258,12.05609,0.00,0.00
2014.10.08 17:34:08.147,12.05258,12.05558,0.00,0.00
2014.10.08 17:34:08.298,12.05211,12.05521,0.00,0.00
2014.10.08 17:34:08.349,12.05211,12.05486,0.00,0.00
2014.10.08 17:34:08.449,12.05182,12.05469,0.00,0.00
2014.10.08 17:34:08.959,12.05127,12.05458,0.00,0.00
2014.10.08 17:34:09.340,12.05148,12.05458,0.00,0.00
2014.10.08 17:34:10.052,12.05123,12.05458,0.00,0.00
2014.10.08 17:34:10.156,12.05147,12.05458,0.00,0.00
2014.10.08 17:34:11.128,12.05124,12.05458,0.00,0.00
2014.10.08 17:34:13.641,12.05122,12.05456,0.00,0.00
2014.10.08 17:34:13.943,12.05031,12.0536,0.00,0.00
2014.10.08 17:34:14.053,12.05038,12.05371,0.00,0.00
2014.10.08 17:34:14.242,12.05048,12.05371,0.00,0.00
2014.10.08 17:34:14.636,12.0512,12.05409,0.00,0.00
2014.10.08 17:34:15.078,12.0512,12.0542,0.00,0.00
2014.10.08 17:34:15.589,12.05159,12.0542,0.00,0.00
2014.10.08 17:34:15.740,12.05218,12.05551,0.00,0.00
2014.10.08 17:34:15.841,12.05229,12.05559,0.00,0.00
2014.10.08 17:34:16.140,12.05221,12.05559,0.00,0.00
2014.10.08 17:34:16.190,12.05221,12.05521,0.00,0.00
2014.10.08 17:34:16.291,12.05255,12.05559,0.00,0.00
2014.10.08 17:34:16.396,12.05241,12.05559,0.00,0.00
2014.10.08 17:34:16.686,12.05258,12.05559,0.00,0.00
2014.10.08 17:34:17.180,12.05321,12.05621,0.00,0.00
2014.10.08 17:34:17.743,12.05321,12.0562,0.00,0.00
2014.10.08 17:34:18.244,12.05321,12.05621,0.00,0.00
2014.10.08 17:34:18.881,12.05321,12.05619,0.00,0.00
2014.10.08 17:34:19.345,12.05321,12.05621,0.00,0.00
2014.10.08 17:34:19.872,12.05322,12.05621,0.00,0.00
2014.10.08 17:34:20.398,12.05321,12.05621,0.00,0.00
2014.10.08 17:34:21.003,12.05321,12.0562,0.00,0.00
2014.10.08 17:34:22.340,12.05321,12.05621,0.00,0.00
2014.10.08 17:34:22.956,12.05321,12.0562,0.00,0.00
2014.10.08 17:34:23.461,12.05321,12.05621,0.00,0.00
2014.10.08 17:34:24.492,12.05321,12.0562,0.00,0.00
2014.10.08 17:34:26.143,12.05321,12.05621,0.00,0.00
2014.10.08 17:34:26.366,12.05349,12.05621,0.00,0.00
2014.10.08 17:34:26.417,12.05391,12.05694,0.00,0.00
2014.10.08 17:34:26.518,12.05391,12.05709,0.00,0.00
2014.10.08 17:34:26.618,12.05393,12.05709,0.00,0.00
2014.10.08 17:34:26.919,12.05338,12.0568,0.00,0.00
2014.10.08 17:34:27.020,12.05331,12.05692,0.00,0.00
2014.10.08 17:34:27.260,12.05331,12.05671,0.00,0.00
2014.10.08 17:34:27.853,12.05321,12.05658,0.00,0.00
2014.10.08 17:34:28.198,12.05321,12.05602,0.00,0.00
2014.10.08 17:34:28.299,12.05282,12.05602,0.00,0.00
2014.10.08 17:34:28.349,12.05282,12.05591,0.00,0.00
2014.10.08 17:34:28.550,12.05282,12.05603,0.00,0.00
2014.10.08 17:34:28.651,12.05282,12.05616,0.00,0.00
2014.10.08 17:34:28.839,12.05282,12.05591,0.00,0.00
2014.10.08 17:34:29.169,12.05272,12.05591,0.00,0.00
2014.10.08 17:34:29.620,12.05272,12.05603,0.00,0.00
2014.10.08 17:34:29.671,12.05272,12.05601,0.00,0.00
2014.10.08 17:34:30.054,12.05313,12.05608,0.00,0.00
2014.10.08 17:34:30.487,12.05313,12.0562,0.00,0.00
2014.10.08 17:34:30.825,12.05299,12.0562,0.00,0.00
2014.10.08 17:34:31.208,12.05292,12.05621,0.00,0.00
2014.10.08 17:34:31.278,12.05282,12.05587,0.00,0.00
2014.10.08 17:34:31.633,12.05282,12.05598,0.00,0.00
2014.10.08 17:34:31.916,12.05259,12.05598,0.00,0.00
2014.10.08 17:34:32.039,12.05259,12.05582,0.00,0.00
2014.10.08 17:34:32.197,12.05252,12.05582,0.00,0.00
2014.10.08 17:34:32.248,12.05232,12.05558,0.00,0.00
2014.10.08 17:34:33.286,12.05216,12.05558,0.00,0.00
2014.10.08 17:34:33.477,12.05237,12.05558,0.00,0.00
2014.10.08 17:34:33.651,12.05226,12.05558,0.00,0.00
2014.10.08 17:34:34.469,12.05247,12.05558,0.00,0.00
2014.10.08 17:34:34.836,12.05321,12.05621,0.00,0.00
2014.10.08 17:34:35.338,12.0536,12.05651,0.00,0.00
2014.10.08 17:34:35.388,12.05312,12.05651,0.00,0.00
2014.10.08 17:34:36.657,12.05301,12.05639,0.00,0.00
2014.10.08 17:34:37.008,12.05301,12.0562,0.00,0.00
2014.10.08 17:34:37.719,12.05301,12.05621,0.00,0.00
2014.10.08 17:34:37.870,12.05261,12.05586,0.00,0.00
2014.10.08 17:34:38.049,12.05299,12.05586,0.00,0.00
2014.10.08 17:34:38.099,12.05299,12.05603,0.00,0.00
2014.10.08 17:34:38.200,12.05333,12.05608,0.00,0.00
2014.10.08 17:34:39.164,12.05319,12.05608,0.00,0.00
2014.10.08 17:34:39.215,12.05319,12.05658,0.00,0.00
2014.10.08 17:34:39.699,12.05348,12.05658,0.00,0.00
2014.10.08 17:34:40.030,12.05408,12.05658,0.00,0.00
2014.10.08 17:34:40.182,12.05408,12.05721,0.00,0.00
2014.10.08 17:34:40.388,12.05414,12.05721,0.00,0.00
2014.10.08 17:34:40.690,12.05408,12.0572,0.00,0.00
2014.10.08 17:34:41.108,12.05416,12.05721,0.00,0.00
2014.10.08 17:34:41.161,12.05416,12.05759,0.00,0.00
2014.10.08 17:34:41.212,12.05428,12.05759,0.00,0.00
2014.10.08 17:34:41.380,12.05416,12.05758,0.00,0.00
2014.10.08 17:34:41.582,12.05427,12.05759,0.00,0.00
2014.10.08 17:34:42.185,12.05408,12.05747,0.00,0.00
2014.10.08 17:34:42.486,12.05428,12.05759,0.00,0.00
2014.10.08 17:34:42.588,12.05408,12.05747,0.00,0.00
2014.10.08 17:34:42.638,12.05431,12.05747,0.00,0.00
2014.10.08 17:34:42.739,12.05486,12.05809,0.00,0.00
2014.10.08 17:34:42.869,12.05509,12.05809,0.00,0.00
2014.10.08 17:34:44.048,12.05509,12.0582,0.00,0.00
2014.10.08 17:34:44.652,12.05509,12.05821,0.00,0.00
2014.10.08 17:34:45.107,12.05483,12.05821,0.00,0.00
2014.10.08 17:34:45.210,12.05482,12.05784,0.00,0.00
2014.10.08 17:34:45.446,12.05459,12.05784,0.00,0.00
2014.10.08 17:34:45.547,12.05459,12.05798,0.00,0.00
2014.10.08 17:34:46.131,12.05465,12.05808,0.00,0.00
2014.10.08 17:34:46.708,12.05479,12.05808,0.00,0.00
2014.10.08 17:34:48.476,12.05508,12.05808,0.00,0.00
2014.10.08 17:34:48.577,12.05508,12.05839,0.00,0.00
2014.10.08 17:34:48.713,12.05508,12.05817,0.00,0.00
2014.10.08 17:34:48.814,12.05508,12.05842,0.00,0.00
2014.10.08 17:34:49.015,12.05508,12.05817,0.00,0.00
2014.10.08 17:34:50.016,12.05481,12.05817,0.00,0.00
2014.10.08 17:34:50.066,12.05473,12.05808,0.00,0.00
2014.10.08 17:34:50.346,12.05437,12.05779,0.00,0.00
2014.10.08 17:34:50.524,12.05435,12.05779,0.00,0.00
2014.10.08 17:34:50.730,12.05448,12.05792,0.00,0.00
2014.10.08 17:34:51.236,12.05478,12.05808,0.00,0.00
2014.10.08 17:34:55.821,12.05482,12.05812,0.00,0.00
2014.10.08 17:34:55.972,12.05517,12.05858,0.00,0.00
2014.10.08 17:34:56.341,12.05499,12.05841,0.00,0.00
2014.10.08 17:34:56.586,12.05482,12.05822,0.00,0.00
2014.10.08 17:34:57.623,12.05482,12.05752,0.00,0.00
2014.10.08 17:34:57.673,12.05429,12.05752,0.00,0.00
2014.10.08 17:34:57.747,12.05405,12.05749,0.00,0.00
2014.10.08 17:34:58.896,12.05431,12.05751,0.00,0.00
2014.10.08 17:34:59.186,12.05456,12.05798,0.00,0.00
2014.10.08 17:34:59.287,12.055,12.05809,0.00,0.00
2014.10.08 17:34:59.558,12.05481,12.05809,0.00,0.00
2014.10.08 17:34:59.660,12.05505,12.05809,0.00,0.00
2014.10.08 17:35:00.497,12.05512,12.05809,0.00,0.00
2014.10.08 17:35:00.547,12.05512,12.05821,0.00,0.00
2014.10.08 17:35:01.124,12.05487,12.05821,0.00,0.00
2014.10.08 17:35:01.492,12.05499,12.0582,0.00,0.00
2014.10.08 17:35:02.623,12.05524,12.05859,0.00,0.00
2014.10.08 17:35:02.685,12.0551,12.05854,0.00,0.00
2014.10.08 17:35:03.386,12.05499,12.05841,0.00,0.00
2014.10.08 17:35:04.196,12.05522,12.05859,0.00,0.00
2014.10.08 17:35:04.789,12.055,12.05842,0.00,0.00
2014.10.08 17:35:04.912,12.05511,12.05855,0.00,0.00
2014.10.08 17:35:05.117,12.05487,12.05831,0.00,0.00
2014.10.08 17:35:05.730,12.05523,12.05859,0.00,0.00
2014.10.08 17:35:06.110,12.05499,12.05843,0.00,0.00
2014.10.08 17:35:07.028,12.05524,12.05859,0.00,0.00
2014.10.08 17:35:08.596,12.05512,12.05854,0.00,0.00
2014.10.08 17:35:08.696,12.05499,12.05843,0.00,0.00
2014.10.08 17:35:09.741,12.05487,12.05821,0.00,0.00
2014.10.08 17:35:10.702,12.05504,12.05821,0.00,0.00
2014.10.08 17:35:11.391,12.05504,12.0582,0.00,0.00
2014.10.08 17:35:11.442,12.05487,12.0582,0.00,0.00
2014.10.08 17:35:11.542,12.05481,12.05814,0.00,0.00
2014.10.08 17:35:13.805,12.05485,12.05821,0.00,0.00
2014.10.08 17:35:14.205,12.05481,12.05815,0.00,0.00
2014.10.08 17:35:14.806,12.05496,12.05821,0.00,0.00
2014.10.08 17:35:15.541,12.05496,12.0582,0.00,0.00
2014.10.08 17:35:15.608,12.05481,12.0582,0.00,0.00
2014.10.08 17:35:15.909,12.05481,12.0581,0.00,0.00
2014.10.08 17:35:16.009,12.05481,12.05821,0.00,0.00
2014.10.08 17:35:16.110,12.05505,12.05821,0.00,0.00
2014.10.08 17:35:16.621,12.05505,12.0582,0.00,0.00
2014.10.08 17:35:18.510,12.05505,12.05821,0.00,0.00
2014.10.08 17:35:18.815,12.05505,12.05849,0.00,0.00
2014.10.08 17:35:18.914,12.05533,12.05859,0.00,0.00
2014.10.08 17:35:19.531,12.05534,12.05859,0.00,0.00
2014.10.08 17:35:19.663,12.05521,12.05859,0.00,0.00
2014.10.08 17:35:22.533,12.05533,12.05859,0.00,0.00
2014.10.08 17:35:23.224,12.0551,12.05852,0.00,0.00
2014.10.08 17:35:24.069,12.055,12.05842,0.00,0.00
2014.10.08 17:35:24.326,12.05511,12.05855,0.00,0.00
2014.10.08 17:35:25.274,12.05527,12.05859,0.00,0.00
2014.10.08 17:35:25.488,12.05531,12.05869,0.00,0.00
2014.10.08 17:35:25.539,12.05549,12.05893,0.00,0.00
2014.10.08 17:35:26.529,12.05531,12.05871,0.00,0.00
2014.10.08 17:35:28.111,12.05554,12.05898,0.00,0.00
2014.10.08 17:35:28.269,12.05582,12.05898,0.00,0.00
2014.10.08 17:35:28.370,12.05602,12.05921,0.00,0.00
2014.10.08 17:35:28.420,12.05679,12.05946,0.00,0.00
2014.10.08 17:35:28.471,12.05679,12.05958,0.00,0.00
2014.10.08 17:35:28.572,12.05719,12.05958,0.00,0.00
2014.10.08 17:35:28.780,12.05709,12.05958,0.00,0.00
2014.10.08 17:35:28.931,12.05709,12.0602,0.00,0.00
2014.10.08 17:35:29.135,12.05744,12.0602,0.00,0.00
2014.10.08 17:35:29.185,12.05744,12.06058,0.00,0.00
2014.10.08 17:35:29.236,12.05793,12.06058,0.00,0.00
2014.10.08 17:35:29.538,12.05815,12.06058,0.00,0.00
2014.10.08 17:35:29.704,12.05815,12.06151,0.00,0.00
2014.10.08 17:35:29.845,12.05802,12.06146,0.00,0.00
2014.10.08 17:35:29.946,12.05815,12.06151,0.00,0.00
2014.10.08 17:35:30.572,12.05803,12.06147,0.00,0.00
2014.10.08 17:35:33.569,12.05781,12.06111,0.00,0.00
2014.10.08 17:35:33.793,12.05781,12.06123,0.00,0.00
2014.10.08 17:35:33.894,12.05781,12.06112,0.00,0.00
2014.10.08 17:35:33.944,12.05781,12.06123,0.00,0.00
2014.10.08 17:35:34.185,12.05792,12.06134,0.00,0.00
2014.10.08 17:35:34.495,12.05781,12.06112,0.00,0.00
2014.10.08 17:35:35.176,12.05791,12.06135,0.00,0.00
2014.10.08 17:35:35.557,12.05791,12.06102,0.00,0.00
2014.10.08 17:35:35.658,12.05748,12.06092,0.00,0.00
2014.10.08 17:35:36.188,12.0577,12.06102,0.00,0.00
2014.10.08 17:35:36.288,12.05748,12.06092,0.00,0.00
2014.10.08 17:35:38.028,12.05748,12.06058,0.00,0.00
2014.10.08 17:35:38.189,12.05682,12.06052,0.00,0.00
2014.10.08 17:35:40.255,12.05692,12.06052,0.00,0.00
2014.10.08 17:35:40.757,12.05682,12.06052,0.00,0.00
2014.10.08 17:35:44.687,12.05708,12.06058,0.00,0.00
2014.10.08 17:35:47.877,12.05709,12.06058,0.00,0.00
2014.10.08 17:35:48.761,12.05758,12.06058,0.00,0.00
2014.10.08 17:35:48.811,12.05758,12.06071,0.00,0.00
2014.10.08 17:35:49.120,12.05731,12.06071,0.00,0.00
2014.10.08 17:35:49.639,12.05758,12.0607,0.00,0.00
2014.10.08 17:35:49.890,12.05731,12.06071,0.00,0.00
2014.10.08 17:35:50.273,12.05708,12.06058,0.00,0.00
2014.10.08 17:36:01.037,12.05708,12.06008,0.00,0.00
2014.10.08 17:36:01.087,12.05667,12.06008,0.00,0.00
2014.10.08 17:36:01.138,12.05658,12.05987,0.00,0.00
2014.10.08 17:36:01.533,12.05608,12.05818,0.00,0.00
2014.10.08 17:36:01.627,12.05509,12.05818,0.00,0.00
2014.10.08 17:36:02.528,12.05462,12.05818,0.00,0.00
2014.10.08 17:36:02.579,12.05459,12.05719,0.00,0.00
2014.10.08 17:36:02.757,12.05408,12.05719,0.00,0.00
2014.10.08 17:36:03.747,12.05508,12.05719,0.00,0.00
2014.10.08 17:36:03.798,12.05508,12.0577,0.00,0.00
2014.10.08 17:36:03.899,12.05508,12.05818,0.00,0.00
2014.10.08 17:36:04.377,12.05558,12.05818,0.00,0.00
2014.10.08 17:36:05.107,12.05558,12.05868,0.00,0.00
2014.10.08 17:36:09.659,12.05512,12.05868,0.00,0.00
2014.10.08 17:36:09.760,12.05509,12.05856,0.00,0.00
2014.10.08 17:36:09.861,12.05509,12.05869,0.00,0.00
2014.10.08 17:36:10.037,12.05508,12.0582,0.00,0.00
2014.10.08 17:36:10.340,12.05458,12.05719,0.00,0.00
2014.10.08 17:36:10.440,12.05408,12.05719,0.00,0.00
2014.10.08 17:36:19.937,12.05419,12.05719,0.00,0.00
2014.10.08 17:36:19.988,12.05419,12.05769,0.00,0.00
2014.10.08 17:36:20.038,12.05478,12.05769,0.00,0.00
2014.10.08 17:36:20.267,12.05458,12.05769,0.00,0.00
2014.10.08 17:36:21.449,12.05466,12.05769,0.00,0.00
2014.10.08 17:36:22.762,12.05479,12.05769,0.00,0.00
2014.10.08 17:36:23.087,12.05454,12.05719,0.00,0.00
2014.10.08 17:36:31.773,12.05425,12.05719,0.00,0.00
2014.10.08 17:36:33.021,12.05437,12.05719,0.00,0.00
2014.10.08 17:36:37.695,12.05461,12.05719,0.00,0.00
2014.10.08 17:36:37.896,12.05437,12.05719,0.00,0.00
2014.10.08 17:36:41.656,12.05452,12.05719,0.00,0.00
2014.10.08 17:36:42.254,12.0544,12.05719,0.00,0.00
2014.10.08 17:36:42.611,12.05452,12.05719,0.00,0.00
2014.10.08 17:36:43.014,12.05446,12.05719,0.00,0.00
2014.10.08 17:36:43.114,12.05433,12.05719,0.00,0.00
2014.10.08 17:36:44.318,12.0545,12.05719,0.00,0.00
2014.10.08 17:36:45.420,12.05434,12.05719,0.00,0.00
2014.10.08 17:36:46.229,12.05459,12.05719,0.00,0.00
2014.10.08 17:36:46.323,12.05446,12.05719,0.00,0.00
2014.10.08 17:36:46.425,12.05433,12.05719,0.00,0.00
2014.10.08 17:36:47.676,12.05433,12.05669,0.00,0.00
2014.10.08 17:36:47.878,12.05408,12.05669,0.00,0.00
2014.10.08 17:36:47.978,12.05388,12.05669,0.00,0.00
2014.10.08 17:36:48.079,12.05407,12.05669,0.00,0.00
2014.10.08 17:36:48.180,12.05384,12.05669,0.00,0.00
2014.10.08 17:36:48.431,12.05407,12.05669,0.00,0.00
2014.10.08 17:36:48.733,12.05422,12.05669,0.00,0.00
2014.10.08 17:36:49.106,12.05422,12.05719,0.00,0.00
2014.10.08 17:36:49.270,12.05404,12.05719,0.00,0.00
2014.10.08 17:36:49.791,12.05415,12.05719,0.00,0.00
2014.10.08 17:36:50.246,12.05415,12.05701,0.00,0.00
2014.10.08 17:36:50.465,12.05314,12.05619,0.00,0.00
2014.10.08 17:36:50.660,12.05326,12.05619,0.00,0.00
2014.10.08 17:36:51.062,12.05359,12.05619,0.00,0.00
2014.10.08 17:36:51.163,12.05345,12.05619,0.00,0.00
2014.10.08 17:36:51.563,12.05334,12.05619,0.00,0.00
2014.10.08 17:36:53.506,12.05361,12.0567,0.00,0.00
2014.10.08 17:36:53.557,12.05409,12.05678,0.00,0.00
2014.10.08 17:36:53.607,12.05409,12.05719,0.00,0.00
2014.10.08 17:36:53.708,12.05412,12.05719,0.00,0.00
2014.10.08 17:36:54.027,12.05438,12.05719,0.00,0.00
2014.10.08 17:36:54.172,12.05409,12.05719,0.00,0.00
2014.10.08 17:36:54.480,12.05417,12.05719,0.00,0.00
2014.10.08 17:36:55.089,12.05416,12.05719,0.00,0.00
2014.10.08 17:36:55.613,12.05409,12.05719,0.00,0.00
2014.10.08 17:36:56.223,12.05435,12.05719,0.00,0.00
2014.10.08 17:36:56.427,12.0541,12.05719,0.00,0.00
2014.10.08 17:36:56.633,12.05435,12.05719,0.00,0.00
2014.10.08 17:36:57.028,12.05435,12.05769,0.00,0.00
2014.10.08 17:36:57.078,12.05458,12.05769,0.00,0.00
2014.10.08 17:36:57.288,12.05411,12.05747,0.00,0.00
2014.10.08 17:36:57.393,12.05414,12.05758,0.00,0.00
2014.10.08 17:36:58.295,12.05411,12.05746,0.00,0.00
2014.10.08 17:36:58.721,12.05408,12.05719,0.00,0.00
2014.10.08 17:36:59.497,12.05427,12.05719,0.00,0.00
2014.10.08 17:37:00.501,12.05402,12.05719,0.00,0.00
2014.10.08 17:37:02.639,12.05402,12.05669,0.00,0.00
2014.10.08 17:37:02.740,12.05311,12.05595,0.00,0.00
2014.10.08 17:37:02.790,12.05308,12.05519,0.00,0.00
2014.10.08 17:37:02.941,12.05288,12.05519,0.00,0.00
2014.10.08 17:37:03.042,12.0535,12.05519,0.00,0.00
2014.10.08 17:37:03.143,12.05328,12.05519,0.00,0.00
2014.10.08 17:37:03.318,12.05318,12.05519,0.00,0.00
2014.10.08 17:37:03.419,12.05318,12.05619,0.00,0.00
2014.10.08 17:37:03.940,12.05304,12.05619,0.00,0.00
2014.10.08 17:37:04.044,12.05316,12.05619,0.00,0.00
2014.10.08 17:37:04.858,12.05304,12.05619,0.00,0.00
2014.10.08 17:37:04.958,12.05317,12.05619,0.00,0.00
2014.10.08 17:37:05.323,12.05328,12.05619,0.00,0.00
2014.10.08 17:37:05.653,12.05331,12.05619,0.00,0.00
2014.10.08 17:37:06.125,12.05331,12.05608,0.00,0.00
2014.10.08 17:37:06.176,12.05258,12.05568,0.00,0.00
2014.10.08 17:37:06.226,12.05253,12.05552,0.00,0.00
2014.10.08 17:37:06.277,12.05212,12.05552,0.00,0.00
2014.10.08 17:37:06.533,12.0523,12.05552,0.00,0.00
2014.10.08 17:37:06.834,12.05212,12.05549,0.00,0.00
2014.10.08 17:37:06.935,12.05212,12.05533,0.00,0.00
2014.10.08 17:37:07.234,12.05229,12.05552,0.00,0.00
2014.10.08 17:37:07.475,12.05229,12.05518,0.00,0.00
2014.10.08 17:37:07.935,12.05206,12.05518,0.00,0.00
2014.10.08 17:37:08.136,12.0523,12.05518,0.00,0.00
2014.10.08 17:37:08.491,12.05244,12.05518,0.00,0.00
2014.10.08 17:37:08.837,12.05224,12.05518,0.00,0.00
2014.10.08 17:37:08.938,12.05236,12.05518,0.00,0.00
2014.10.08 17:37:09.538,12.05223,12.05518,0.00,0.00
2014.10.08 17:37:10.556,12.05223,12.05552,0.00,0.00
2014.10.08 17:37:10.607,12.05223,12.05567,0.00,0.00
2014.10.08 17:37:10.657,12.05243,12.05568,0.00,0.00
2014.10.08 17:37:11.266,12.05304,12.05568,0.00,0.00
2014.10.08 17:37:11.593,12.05302,12.05568,0.00,0.00
2014.10.08 17:37:11.745,12.05326,12.05568,0.00,0.00
2014.10.08 17:37:11.986,12.05326,12.05618,0.00,0.00
2014.10.08 17:37:12.147,12.05337,12.05618,0.00,0.00
2014.10.08 17:37:12.448,12.05324,12.05618,0.00,0.00
2014.10.08 17:37:12.549,12.05337,12.05618,0.00,0.00
2014.10.08 17:37:13.578,12.05313,12.05618,0.00,0.00
2014.10.08 17:37:15.357,12.05324,12.05618,0.00,0.00
2014.10.08 17:37:15.989,12.05337,12.05618,0.00,0.00
2014.10.08 17:37:16.090,12.05351,12.05652,0.00,0.00
2014.10.08 17:37:16.219,12.05351,12.05668,0.00,0.00
2014.10.08 17:37:17.365,12.05331,12.05668,0.00,0.00
2014.10.08 17:37:18.075,12.05331,12.05652,0.00,0.00
2014.10.08 17:37:18.296,12.05293,12.05618,0.00,0.00
2014.10.08 17:37:18.710,12.05304,12.05618,0.00,0.00
2014.10.08 17:37:19.317,12.05316,12.05618,0.00,0.00
2014.10.08 17:37:19.672,12.05293,12.05618,0.00,0.00
2014.10.08 17:37:19.911,12.05303,12.05618,0.00,0.00
2014.10.08 17:37:23.922,12.05317,12.05618,0.00,0.00
2014.10.08 17:37:24.203,12.05305,12.05618,0.00,0.00
2014.10.08 17:37:25.022,12.05318,12.05618,0.00,0.00
2014.10.08 17:37:25.732,12.05305,12.05618,0.00,0.00
2014.10.08 17:37:26.139,12.0527,12.05612,0.00,0.00
2014.10.08 17:37:26.843,12.05281,12.05618,0.00,0.00
2014.10.08 17:37:27.397,12.05301,12.05618,0.00,0.00
2014.10.08 17:37:27.783,12.05316,12.05618,0.00,0.00
2014.10.08 17:37:27.834,12.05303,12.05618,0.00,0.00
2014.10.08 17:37:32.312,12.05302,12.05618,0.00,0.00
2014.10.08 17:37:32.513,12.05314,12.05618,0.00,0.00
2014.10.08 17:37:33.015,12.05303,12.05618,0.00,0.00
2014.10.08 17:37:34.670,12.05313,12.05618,0.00,0.00
2014.10.08 17:37:34.720,12.05301,12.05618,0.00,0.00
2014.10.08 17:37:35.056,12.05315,12.05618,0.00,0.00
2014.10.08 17:37:36.323,12.05303,12.05618,0.00,0.00
2014.10.08 17:37:38.270,12.05274,12.05616,0.00,0.00
2014.10.08 17:37:38.656,12.05286,12.05618,0.00,0.00
2014.10.08 17:37:38.989,12.05308,12.05618,0.00,0.00
2014.10.08 17:37:39.937,12.0529,12.05618,0.00,0.00
2014.10.08 17:37:40.137,12.05315,12.05618,0.00,0.00
2014.10.08 17:37:40.438,12.05303,12.05618,0.00,0.00
2014.10.08 17:37:44.044,12.05326,12.05618,0.00,0.00
2014.10.08 17:37:44.244,12.05315,12.05618,0.00,0.00
2014.10.08 17:37:44.360,12.05302,12.05618,0.00,0.00
2014.10.08 17:37:44.444,12.05291,12.05618,0.00,0.00
2014.10.08 17:37:44.845,12.05303,12.05618,0.00,0.00
2014.10.08 17:37:48.952,12.05314,12.05618,0.00,0.00
2014.10.08 17:37:49.253,12.05303,12.05618,0.00,0.00
2014.10.08 17:37:49.453,12.05329,12.05618,0.00,0.00
2014.10.08 17:37:49.855,12.0528,12.05618,0.00,0.00
2014.10.08 17:37:49.955,12.05301,12.05618,0.00,0.00
2014.10.08 17:37:50.276,12.05329,12.05618,0.00,0.00
2014.10.08 17:37:50.756,12.05307,12.05618,0.00,0.00
2014.10.08 17:37:51.056,12.05331,12.05618,0.00,0.00
2014.10.08 17:37:51.357,12.05318,12.05618,0.00,0.00
2014.10.08 17:37:52.559,12.0533,12.05618,0.00,0.00
2014.10.08 17:37:53.505,12.05318,12.05618,0.00,0.00
2014.10.08 17:37:55.664,12.05316,12.05618,0.00,0.00
2014.10.08 17:37:55.765,12.05329,12.05618,0.00,0.00
2014.10.08 17:37:56.165,12.05305,12.05618,0.00,0.00
2014.10.08 17:37:57.066,12.05288,12.05618,0.00,0.00
2014.10.08 17:37:57.367,12.05328,12.05618,0.00,0.00
2014.10.08 17:37:57.968,12.05315,12.05618,0.00,0.00
2014.10.08 17:37:58.169,12.05328,12.05618,0.00,0.00
2014.10.08 17:37:58.369,12.05317,12.05618,0.00,0.00
2014.10.08 17:38:00.373,12.05304,12.05618,0.00,0.00
2014.10.08 17:38:03.919,12.05327,12.05618,0.00,0.00
2014.10.08 17:38:04.381,12.05276,12.05618,0.00,0.00
2014.10.08 17:38:05.085,12.05308,12.05618,0.00,0.00
2014.10.08 17:38:05.405,12.05324,12.05618,0.00,0.00
2014.10.08 17:38:07.595,12.05347,12.05618,0.00,0.00
2014.10.08 17:38:07.699,12.05346,12.05652,0.00,0.00
2014.10.08 17:38:07.805,12.05366,12.05652,0.00,0.00
2014.10.08 17:38:07.855,12.05366,12.05669,0.00,0.00
2014.10.08 17:38:09.744,12.05366,12.05702,0.00,0.00
2014.10.08 17:38:10.599,12.05346,12.05688,0.00,0.00
2014.10.08 17:38:11.002,12.05358,12.057,0.00,0.00
2014.10.08 17:38:11.944,12.05382,12.057,0.00,0.00
2014.10.08 17:38:12.045,12.0539,12.05719,0.00,0.00
2014.10.08 17:38:12.146,12.05432,12.05751,0.00,0.00
2014.10.08 17:38:12.500,12.05418,12.05751,0.00,0.00
2014.10.08 17:38:14.871,12.05442,12.05751,0.00,0.00
2014.10.08 17:38:15.203,12.05431,12.05751,0.00,0.00
2014.10.08 17:38:15.304,12.05452,12.05751,0.00,0.00
2014.10.08 17:38:15.504,12.05427,12.05751,0.00,0.00
2014.10.08 17:38:15.746,12.05438,12.05751,0.00,0.00
2014.10.08 17:38:15.936,12.05426,12.05751,0.00,0.00
2014.10.08 17:38:16.215,12.05441,12.05751,0.00,0.00
2014.10.08 17:38:16.306,12.05408,12.05751,0.00,0.00
2014.10.08 17:38:16.357,12.05408,12.05702,0.00,0.00
2014.10.08 17:38:16.919,12.0544,12.05702,0.00,0.00
2014.10.08 17:38:17.633,12.05428,12.05702,0.00,0.00
2014.10.08 17:38:20.713,12.05415,12.05702,0.00,0.00
2014.10.08 17:38:20.813,12.05384,12.05702,0.00,0.00
2014.10.08 17:38:20.914,12.05407,12.05702,0.00,0.00
2014.10.08 17:38:21.357,12.0542,12.05702,0.00,0.00
2014.10.08 17:38:21.414,12.054,12.05702,0.00,0.00
2014.10.08 17:38:21.515,12.0542,12.05702,0.00,0.00
2014.10.08 17:38:22.016,12.05408,12.05702,0.00,0.00
2014.10.08 17:38:22.117,12.05391,12.05702,0.00,0.00
2014.10.08 17:38:22.816,12.05402,12.05702,0.00,0.00
2014.10.08 17:38:23.417,12.05424,12.05702,0.00,0.00
2014.10.08 17:38:24.719,12.0544,12.05702,0.00,0.00
2014.10.08 17:38:25.004,12.0544,12.05758,0.00,0.00
2014.10.08 17:38:25.105,12.0544,12.05762,0.00,0.00
2014.10.08 17:38:25.155,12.0551,12.05762,0.00,0.00
2014.10.08 17:38:25.356,12.05524,12.05809,0.00,0.00
2014.10.08 17:38:25.520,12.05512,12.05809,0.00,0.00
2014.10.08 17:38:26.020,12.05525,12.05809,0.00,0.00
2014.10.08 17:38:26.321,12.05512,12.05809,0.00,0.00
2014.10.08 17:38:26.455,12.05524,12.05809,0.00,0.00
2014.10.08 17:38:26.505,12.05524,12.05812,0.00,0.00
2014.10.08 17:38:27.570,12.05512,12.05812,0.00,0.00
2014.10.08 17:38:29.525,12.05525,12.05812,0.00,0.00
2014.10.08 17:38:32.830,12.055,12.05812,0.00,0.00
2014.10.08 17:38:35.733,12.05518,12.05812,0.00,0.00
2014.10.08 17:38:37.858,12.05507,12.05812,0.00,0.00
2014.10.08 17:38:40.640,12.05524,12.05812,0.00,0.00
2014.10.08 17:38:40.948,12.05501,12.05812,0.00,0.00
2014.10.08 17:38:48.565,12.05522,12.05812,0.00,0.00
2014.10.08 17:38:49.297,12.05497,12.05812,0.00,0.00
2014.10.08 17:38:49.398,12.05509,12.05812,0.00,0.00
2014.10.08 17:38:50.059,12.05498,12.05812,0.00,0.00
2014.10.08 17:38:50.160,12.05509,12.05812,0.00,0.00
2014.10.08 17:38:51.361,12.05521,12.05812,0.00,0.00
2014.10.08 17:38:51.862,12.0551,12.05812,0.00,0.00
2014.10.08 17:38:54.067,12.05523,12.05812,0.00,0.00
2014.10.08 17:38:54.609,12.05511,12.05812,0.00,0.00
2014.10.08 17:38:55.081,12.05521,12.05812,0.00,0.00
2014.10.08 17:38:55.690,12.05534,12.05812,0.00,0.00
2014.10.08 17:38:56.470,12.05521,12.05812,0.00,0.00
2014.10.08 17:38:57.082,12.05544,12.05812,0.00,0.00
2014.10.08 17:38:57.272,12.05531,12.05812,0.00,0.00
2014.10.08 17:39:05.912,12.0551,12.05812,0.00,0.00
2014.10.08 17:39:13.535,12.05529,12.05812,0.00,0.00
2014.10.08 17:39:16.810,12.05512,12.05812,0.00,0.00
2014.10.08 17:39:16.911,12.05524,12.05812,0.00,0.00
2014.10.08 17:39:22.725,12.05553,12.05812,0.00,0.00
2014.10.08 17:39:22.825,12.05528,12.05812,0.00,0.00
2014.10.08 17:39:23.228,12.0554,12.05812,0.00,0.00
2014.10.08 17:39:23.633,12.05553,12.05812,0.00,0.00
2014.10.08 17:39:24.856,12.05506,12.05812,0.00,0.00
2014.10.08 17:39:26.236,12.05518,12.05812,0.00,0.00
2014.10.08 17:39:30.062,12.05529,12.05812,0.00,0.00
2014.10.08 17:39:31.286,12.05538,12.05812,0.00,0.00
2014.10.08 17:39:31.453,12.05526,12.05812,0.00,0.00
2014.10.08 17:39:31.787,12.05537,12.05812,0.00,0.00
2014.10.08 17:39:32.348,12.05572,12.05812,0.00,0.00
2014.10.08 17:39:35.063,12.05541,12.05812,0.00,0.00
2014.10.08 17:39:42.633,12.05539,12.05812,0.00,0.00
2014.10.08 17:39:44.216,12.05522,12.05812,0.00,0.00
2014.10.08 17:39:45.480,12.05557,12.05812,0.00,0.00
2014.10.08 17:39:46.072,12.05557,12.05862,0.00,0.00
2014.10.08 17:39:46.123,12.05578,12.05862,0.00,0.00
2014.10.08 17:39:46.223,12.05565,12.05862,0.00,0.00
2014.10.08 17:39:46.324,12.05565,12.05812,0.00,0.00
2014.10.08 17:39:46.382,12.05553,12.05812,0.00,0.00
2014.10.08 17:39:47.883,12.05565,12.05812,0.00,0.00
2014.10.08 17:39:50.317,12.05522,12.05812,0.00,0.00
2014.10.08 17:39:50.628,12.05531,12.05812,0.00,0.00
2014.10.08 17:39:53.993,12.05522,12.05812,0.00,0.00
2014.10.08 17:39:54.695,12.05556,12.05812,0.00,0.00
2014.10.08 17:39:54.795,12.05541,12.05812,0.00,0.00
2014.10.08 17:39:54.896,12.05556,12.05812,0.00,0.00
2014.10.08 17:39:54.996,12.0553,12.05812,0.00,0.00
2014.10.08 17:39:55.319,12.05522,12.05812,0.00,0.00
2014.10.08 17:39:56.019,12.05541,12.05812,0.00,0.00
2014.10.08 17:39:57.637,12.05528,12.05812,0.00,0.00
2014.10.08 17:39:57.700,12.05522,12.05812,0.00,0.00
2014.10.08 17:39:58.101,12.05528,12.05812,0.00,0.00
2014.10.08 17:39:59.203,12.05522,12.05812,0.00,0.00
2014.10.08 17:39:59.754,12.05522,12.05762,0.00,0.00
2014.10.08 17:39:59.805,12.05451,12.05762,0.00,0.00
2014.10.08 17:40:00.044,12.05451,12.05702,0.00,0.00
2014.10.08 17:40:00.598,12.05451,12.05761,0.00,0.00
2014.10.08 17:40:00.649,12.05475,12.05761,0.00,0.00
2014.10.08 17:40:00.950,12.05516,12.05811,0.00,0.00
2014.10.08 17:40:01.006,12.05504,12.05811,0.00,0.00
2014.10.08 17:40:01.108,12.05517,12.05811,0.00,0.00
2014.10.08 17:40:01.312,12.05504,12.05811,0.00,0.00
2014.10.08 17:40:01.508,12.05516,12.05811,0.00,0.00
2014.10.08 17:40:01.709,12.05502,12.05811,0.00,0.00
2014.10.08 17:40:02.240,12.05514,12.05811,0.00,0.00
2014.10.08 17:40:03.058,12.05502,12.05811,0.00,0.00
2014.10.08 17:40:03.159,12.05514,12.05811,0.00,0.00
2014.10.08 17:40:03.813,12.05527,12.05811,0.00,0.00
2014.10.08 17:40:04.442,12.05515,12.05811,0.00,0.00
2014.10.08 17:40:05.215,12.05502,12.05811,0.00,0.00
2014.10.08 17:40:05.315,12.05516,12.05811,0.00,0.00
2014.10.08 17:40:09.149,12.05502,12.05811,0.00,0.00
2014.10.08 17:40:09.460,12.05527,12.05811,0.00,0.00
2014.10.08 17:40:09.561,12.05502,12.05811,0.00,0.00
2014.10.08 17:40:13.462,12.05514,12.05811,0.00,0.00
2014.10.08 17:40:13.916,12.05527,12.05811,0.00,0.00
2014.10.08 17:40:15.352,12.05502,12.05811,0.00,0.00
2014.10.08 17:40:15.587,12.05515,12.05811,0.00,0.00
2014.10.08 17:40:16.940,12.05528,12.05811,0.00,0.00
2014.10.08 17:40:18.974,12.05502,12.05811,0.00,0.00
2014.10.08 17:40:19.567,12.05515,12.05811,0.00,0.00
2014.10.08 17:40:21.657,12.05502,12.05811,0.00,0.00
2014.10.08 17:40:22.353,12.05529,12.05811,0.00,0.00
2014.10.08 17:40:22.977,12.05512,12.05811,0.00,0.00
2014.10.08 17:40:23.054,12.05524,12.05811,0.00,0.00
2014.10.08 17:40:24.457,12.05513,12.05811,0.00,0.00
2014.10.08 17:40:24.558,12.05524,12.05811,0.00,0.00
2014.10.08 17:40:25.264,12.05525,12.05811,0.00,0.00
2014.10.08 17:40:25.465,12.05513,12.05811,0.00,0.00
2014.10.08 17:40:28.007,12.05525,12.05811,0.00,0.00
2014.10.08 17:40:28.996,12.05536,12.05811,0.00,0.00
2014.10.08 17:40:30.919,12.05524,12.05811,0.00,0.00
2014.10.08 17:40:30.973,12.05513,12.05811,0.00,0.00
2014.10.08 17:40:31.475,12.05524,12.05811,0.00,0.00
2014.10.08 17:40:33.080,12.05503,12.05811,0.00,0.00
2014.10.08 17:40:34.306,12.05528,12.05811,0.00,0.00
2014.10.08 17:40:35.489,12.05515,12.05811,0.00,0.00
2014.10.08 17:40:37.092,12.05503,12.05811,0.00,0.00
2014.10.08 17:40:37.193,12.05515,12.05811,0.00,0.00
2014.10.08 17:40:38.597,12.05502,12.05811,0.00,0.00
2014.10.08 17:40:40.004,12.05515,12.05811,0.00,0.00
2014.10.08 17:40:40.444,12.05434,12.05702,0.00,0.00
2014.10.08 17:40:40.607,12.05424,12.05702,0.00,0.00
2014.10.08 17:40:40.908,12.05436,12.05702,0.00,0.00
2014.10.08 17:40:41.310,12.05424,12.05702,0.00,0.00
2014.10.08 17:40:41.613,12.05448,12.05702,0.00,0.00
2014.10.08 17:40:42.216,12.05435,12.05702,0.00,0.00
2014.10.08 17:40:42.639,12.05447,12.05702,0.00,0.00
2014.10.08 17:40:42.740,12.05435,12.05702,0.00,0.00
2014.10.08 17:40:42.892,12.05459,12.05702,0.00,0.00
2014.10.08 17:40:42.992,12.05502,12.05761,0.00,0.00
2014.10.08 17:40:43.043,12.0552,12.05761,0.00,0.00
2014.10.08 17:40:44.730,12.05501,12.05761,0.00,0.00
2014.10.08 17:40:45.836,12.05523,12.05761,0.00,0.00
2014.10.08 17:40:47.295,12.05526,12.05761,0.00,0.00
2014.10.08 17:40:47.346,12.05513,12.05761,0.00,0.00
2014.10.08 17:40:47.857,12.05501,12.05761,0.00,0.00
2014.10.08 17:40:49.084,12.05513,12.05761,0.00,0.00
2014.10.08 17:40:49.685,12.05525,12.05761,0.00,0.00
2014.10.08 17:40:50.066,12.05659,12.05761,0.00,0.00
2014.10.08 17:40:50.117,12.05659,12.05862,0.00,0.00
2014.10.08 17:40:50.167,12.05713,12.05862,0.00,0.00
2014.10.08 17:40:50.319,12.05713,12.05929,0.00,0.00
2014.10.08 17:40:50.470,12.05713,12.05952,0.00,0.00
2014.10.08 17:40:50.776,12.05702,12.05952,0.00,0.00
2014.10.08 17:40:52.118,12.05659,12.05952,0.00,0.00
2014.10.08 17:40:52.219,12.05651,12.05943,0.00,0.00
2014.10.08 17:40:52.485,12.05651,12.05952,0.00,0.00
2014.10.08 17:40:53.087,12.05651,12.05944,0.00,0.00
2014.10.08 17:40:53.432,12.05601,12.05944,0.00,0.00
2014.10.08 17:40:53.635,12.05609,12.05944,0.00,0.00
2014.10.08 17:40:53.937,12.0569,12.05979,0.00,0.00
2014.10.08 17:40:54.250,12.05714,12.06001,0.00,0.00
2014.10.08 17:40:54.301,12.05701,12.06001,0.00,0.00
2014.10.08 17:40:55.648,12.05705,12.06001,0.00,0.00
2014.10.08 17:40:55.853,12.05701,12.06001,0.00,0.00
2014.10.08 17:40:55.908,12.05714,12.06001,0.00,0.00
2014.10.08 17:40:56.059,12.05751,12.06052,0.00,0.00
2014.10.08 17:40:56.159,12.05763,12.06052,0.00,0.00
2014.10.08 17:40:56.264,12.05763,12.06102,0.00,0.00
2014.10.08 17:40:56.364,12.05752,12.06094,0.00,0.00
2014.10.08 17:40:56.415,12.05751,12.06102,0.00,0.00
2014.10.08 17:40:56.582,12.05751,12.06052,0.00,0.00
2014.10.08 17:40:57.638,12.05709,12.06052,0.00,0.00
2014.10.08 17:40:57.689,12.05702,12.06001,0.00,0.00
2014.10.08 17:40:58.268,12.05709,12.06001,0.00,0.00
2014.10.08 17:40:59.226,12.05715,12.06001,0.00,0.00
2014.10.08 17:41:00.103,12.05715,12.06051,0.00,0.00
2014.10.08 17:41:00.154,12.05802,12.06051,0.00,0.00
2014.10.08 17:41:00.355,12.05806,12.06102,0.00,0.00
2014.10.08 17:41:00.634,12.05802,12.06102,0.00,0.00
2014.10.08 17:41:00.873,12.05802,12.06051,0.00,0.00
2014.10.08 17:41:01.024,12.05724,12.06051,0.00,0.00
2014.10.08 17:41:01.124,12.0571,12.06051,0.00,0.00
2014.10.08 17:41:01.225,12.0571,12.06002,0.00,0.00
2014.10.08 17:41:01.569,12.05805,12.06078,0.00,0.00
2014.10.08 17:41:01.682,12.05805,12.06101,0.00,0.00
2014.10.08 17:41:05.584,12.05801,12.06101,0.00,0.00
2014.10.08 17:41:05.634,12.05801,12.06051,0.00,0.00
2014.10.08 17:41:05.685,12.05752,12.06051,0.00,0.00
2014.10.08 17:41:05.931,12.05752,12.06002,0.00,0.00
2014.10.08 17:41:07.072,12.05728,12.06002,0.00,0.00
2014.10.08 17:41:07.232,12.05709,12.06002,0.00,0.00
2014.10.08 17:41:08.740,12.05739,12.06002,0.00,0.00
2014.10.08 17:41:08.992,12.05727,12.06002,0.00,0.00
2014.10.08 17:41:10.204,12.05709,12.06002,0.00,0.00
2014.10.08 17:41:17.420,12.05725,12.06002,0.00,0.00
2014.10.08 17:41:17.748,12.05713,12.06002,0.00,0.00
2014.10.08 17:41:20.929,12.05725,12.06002,0.00,0.00
2014.10.08 17:41:21.630,12.05713,12.06002,0.00,0.00
2014.10.08 17:41:22.542,12.05743,12.06052,0.00,0.00
2014.10.08 17:41:22.593,12.05751,12.06052,0.00,0.00
2014.10.08 17:41:23.101,12.05762,12.06052,0.00,0.00
2014.10.08 17:41:24.471,12.05751,12.06052,0.00,0.00
2014.10.08 17:41:24.792,12.05724,12.06002,0.00,0.00
2014.10.08 17:41:24.843,12.05709,12.06002,0.00,0.00
2014.10.08 17:41:25.189,12.05741,12.06002,0.00,0.00
2014.10.08 17:41:25.346,12.0573,12.06002,0.00,0.00
2014.10.08 17:41:25.731,12.0573,12.06052,0.00,0.00
2014.10.08 17:41:25.782,12.05742,12.06052,0.00,0.00
2014.10.08 17:41:26.221,12.05763,12.06052,0.00,0.00
2014.10.08 17:41:28.593,12.05763,12.06102,0.00,0.00
2014.10.08 17:41:28.643,12.05801,12.06102,0.00,0.00
2014.10.08 17:41:30.131,12.05801,12.06052,0.00,0.00
2014.10.08 17:41:30.232,12.05751,12.06052,0.00,0.00
2014.10.08 17:41:30.282,12.05786,12.06052,0.00,0.00
2014.10.08 17:41:30.464,12.05786,12.06102,0.00,0.00
2014.10.08 17:41:31.214,12.058,12.06102,0.00,0.00
2014.10.08 17:41:32.016,12.05801,12.06102,0.00,0.00
2014.10.08 17:41:32.879,12.0581,12.06102,0.00,0.00
2014.10.08 17:41:33.594,12.05852,12.06102,0.00,0.00
2014.10.08 17:41:33.695,12.05901,12.06152,0.00,0.00
2014.10.08 17:41:33.796,12.05866,12.06152,0.00,0.00
2014.10.08 17:41:33.897,12.059,12.06151,0.00,0.00
2014.10.08 17:41:34.098,12.059,12.06202,0.00,0.00
2014.10.08 17:41:34.789,12.0588,12.06202,0.00,0.00
2014.10.08 17:41:35.041,12.05901,12.06202,0.00,0.00
2014.10.08 17:41:36.291,12.05901,12.06222,0.00,0.00
2014.10.08 17:41:36.342,12.06001,12.0625,0.00,0.00
2014.10.08 17:41:36.443,12.06001,12.06262,0.00,0.00
2014.10.08 17:41:36.621,12.06001,12.06312,0.00,0.00
2014.10.08 17:41:38.006,12.06099,12.06312,0.00,0.00
2014.10.08 17:41:38.163,12.06099,12.06362,0.00,0.00
2014.10.08 17:41:39.421,12.06102,12.06362,0.00,0.00
2014.10.08 17:41:40.582,12.06102,12.06423,0.00,0.00
2014.10.08 17:41:40.632,12.06201,12.06471,0.00,0.00
2014.10.08 17:41:40.683,12.06201,12.06502,0.00,0.00
2014.10.08 17:41:41.582,12.06201,12.06451,0.00,0.00
2014.10.08 17:41:41.841,12.06102,12.06442,0.00,0.00
2014.10.08 17:41:41.942,12.06102,12.06411,0.00,0.00
2014.10.08 17:41:42.273,12.06118,12.06411,0.00,0.00
2014.10.08 17:41:44.281,12.06102,12.06411,0.00,0.00
2014.10.08 17:41:44.571,12.06114,12.06411,0.00,0.00
2014.10.08 17:41:46.230,12.06114,12.06451,0.00,0.00
2014.10.08 17:41:46.286,12.06152,12.06451,0.00,0.00
2014.10.08 17:41:46.651,12.06152,12.06501,0.00,0.00
2014.10.08 17:41:46.702,12.06179,12.06501,0.00,0.00
2014.10.08 17:41:46.757,12.06161,12.06501,0.00,0.00
2014.10.08 17:41:47.671,12.06202,12.06501,0.00,0.00
2014.10.08 17:41:50.118,12.06239,12.06501,0.00,0.00
2014.10.08 17:41:52.534,12.06219,12.06501,0.00,0.00
2014.10.08 17:41:52.989,12.06212,12.06501,0.00,0.00
2014.10.08 17:41:53.081,12.06202,12.06501,0.00,0.00
2014.10.08 17:41:56.591,12.06202,12.06552,0.00,0.00
2014.10.08 17:41:56.810,12.06209,12.06559,0.00,0.00
2014.10.08 17:41:57.355,12.06229,12.06559,0.00,0.00
2014.10.08 17:41:57.406,12.06229,12.06571,0.00,0.00
2014.10.08 17:41:57.540,12.06259,12.06571,0.00,0.00
2014.10.08 17:41:57.591,12.06279,12.06628,0.00,0.00
2014.10.08 17:41:58.131,12.0628,12.06628,0.00,0.00
2014.10.08 17:41:58.370,12.06258,12.06628,0.00,0.00
2014.10.08 17:41:59.410,12.06299,12.06628,0.00,0.00
2014.10.08 17:41:59.461,12.06302,12.06649,0.00,0.00
2014.10.08 17:41:59.570,12.06302,12.06669,0.00,0.00
2014.10.08 17:41:59.621,12.06302,12.06585,0.00,0.00
2014.10.08 17:42:00.083,12.06302,12.066,0.00,0.00
2014.10.08 17:42:00.870,12.06258,12.066,0.00,0.00
2014.10.08 17:42:00.921,12.06258,12.06584,0.00,0.00
2014.10.08 17:42:01.687,12.06258,12.06549,0.00,0.00
2014.10.08 17:42:01.737,12.06252,12.06549,0.00,0.00
2014.10.08 17:42:01.788,12.06208,12.06518,0.00,0.00
2014.10.08 17:42:01.838,12.06208,12.0645,0.00,0.00
2014.10.08 17:42:01.958,12.06181,12.0645,0.00,0.00
2014.10.08 17:42:02.008,12.06109,12.06351,0.00,0.00
2014.10.08 17:42:02.210,12.06009,12.06351,0.00,0.00
2014.10.08 17:42:03.302,12.06009,12.06336,0.00,0.00
2014.10.08 17:42:03.909,12.06037,12.06359,0.00,0.00
2014.10.08 17:42:04.251,12.06032,12.06356,0.00,0.00
2014.10.08 17:42:05.282,12.06012,12.06356,0.00,0.00
2014.10.08 17:42:05.333,12.06009,12.06341,0.00,0.00
2014.10.08 17:42:07.581,12.06009,12.06309,0.00,0.00
2014.10.08 17:42:07.682,12.05997,12.06309,0.00,0.00
2014.10.08 17:42:07.732,12.05959,12.06271,0.00,0.00
2014.10.08 17:42:07.881,12.05943,12.06271,0.00,0.00
2014.10.08 17:42:08.347,12.05968,12.06271,0.00,0.00
2014.10.08 17:42:08.398,12.05968,12.06309,0.00,0.00
2014.10.08 17:42:08.499,12.0596,12.06309,0.00,0.00
2014.10.08 17:42:08.549,12.06009,12.06309,0.00,0.00
2014.10.08 17:42:08.798,12.05958,12.06309,0.00,0.00
2014.10.08 17:42:09.358,12.05938,12.06258,0.00,0.00
2014.10.08 17:42:09.459,12.05917,12.06258,0.00,0.00
2014.10.08 17:42:09.924,12.0593,12.06258,0.00,0.00
2014.10.08 17:42:10.226,12.06108,12.06437,0.00,0.00
2014.10.08 17:42:10.347,12.06108,12.06459,0.00,0.00
2014.10.08 17:42:10.412,12.06081,12.06459,0.00,0.00
2014.10.08 17:42:12.128,12.06131,12.06462,0.00,0.00
2014.10.08 17:42:12.179,12.06131,12.06471,0.00,0.00
2014.10.08 17:42:12.279,12.06156,12.06501,0.00,0.00
2014.10.08 17:42:12.330,12.06159,12.06509,0.00,0.00
2014.10.08 17:42:12.758,12.06281,12.06579,0.00,0.00
2014.10.08 17:42:12.808,12.06281,12.06602,0.00,0.00
2014.10.08 17:42:13.009,12.06281,12.06571,0.00,0.00
2014.10.08 17:42:13.816,12.06281,12.0657,0.00,0.00
2014.10.08 17:42:14.073,12.06231,12.0657,0.00,0.00
2014.10.08 17:42:14.174,12.06231,12.06602,0.00,0.00
2014.10.08 17:42:16.694,12.06231,12.06551,0.00,0.00
2014.10.08 17:42:16.744,12.06206,12.06551,0.00,0.00
2014.10.08 17:42:16.845,12.06181,12.06551,0.00,0.00
2014.10.08 17:42:17.692,12.06181,12.0647,0.00,0.00
2014.10.08 17:42:17.743,12.06108,12.06459,0.00,0.00
2014.10.08 17:42:18.020,12.06186,12.06459,0.00,0.00
2014.10.08 17:42:18.250,12.06232,12.06549,0.00,0.00
2014.10.08 17:42:18.911,12.06207,12.06509,0.00,0.00
2014.10.08 17:42:19.012,12.06131,12.0645,0.00,0.00
2014.10.08 17:42:19.175,12.06159,12.06498,0.00,0.00
2014.10.08 17:42:19.276,12.06159,12.06502,0.00,0.00
2014.10.08 17:42:20.313,12.06159,12.06503,0.00,0.00
2014.10.08 17:42:20.363,12.06182,12.06503,0.00,0.00
2014.10.08 17:42:20.414,12.06186,12.0653,0.00,0.00
2014.10.08 17:42:20.678,12.06182,12.06505,0.00,0.00
2014.10.08 17:42:20.778,12.06182,12.06519,0.00,0.00
2014.10.08 17:42:20.986,12.06196,12.0654,0.00,0.00
2014.10.08 17:42:24.415,12.06207,12.06551,0.00,0.00
2014.10.08 17:42:24.870,12.06232,12.06551,0.00,0.00
2014.10.08 17:42:24.920,12.06232,12.06562,0.00,0.00
2014.10.08 17:42:25.024,12.06257,12.06601,0.00,0.00
2014.10.08 17:42:28.189,12.06276,12.06602,0.00,0.00
2014.10.08 17:42:28.240,12.06276,12.06608,0.00,0.00
2014.10.08 17:42:28.340,12.06282,12.0662,0.00,0.00
2014.10.08 17:42:28.597,12.06282,12.066,0.00,0.00
2014.10.08 17:42:29.000,12.06282,12.0656,0.00,0.00
2014.10.08 17:42:29.307,12.06282,12.06591,0.00,0.00
2014.10.08 17:42:29.716,12.06247,12.06591,0.00,0.00
2014.10.08 17:42:33.070,12.06259,12.06591,0.00,0.00
2014.10.08 17:42:33.340,12.06306,12.0665,0.00,0.00
2014.10.08 17:42:33.398,12.06327,12.06659,0.00,0.00
2014.10.08 17:42:33.715,12.06281,12.0658,0.00,0.00
2014.10.08 17:42:33.798,12.06281,12.066,0.00,0.00
2014.10.08 17:42:33.849,12.06299,12.066,0.00,0.00
2014.10.08 17:42:33.899,12.06299,12.0664,0.00,0.00
2014.10.08 17:42:34.610,12.06296,12.0664,0.00,0.00
2014.10.08 17:42:34.660,12.06296,12.06571,0.00,0.00
2014.10.08 17:42:34.711,12.06258,12.06571,0.00,0.00
2014.10.08 17:42:35.101,12.06261,12.0657,0.00,0.00
2014.10.08 17:42:35.536,12.06258,12.06571,0.00,0.00
2014.10.08 17:42:36.345,12.0627,12.06592,0.00,0.00
2014.10.08 17:42:36.395,12.06299,12.06592,0.00,0.00
2014.10.08 17:42:36.445,12.06299,12.06609,0.00,0.00
2014.10.08 17:42:36.496,12.06299,12.06571,0.00,0.00
2014.10.08 17:42:36.597,12.06299,12.06622,0.00,0.00
2014.10.08 17:42:36.786,12.06326,12.06659,0.00,0.00
2014.10.08 17:42:37.306,12.06298,12.0664,0.00,0.00
2014.10.08 17:42:37.407,12.06326,12.06659,0.00,0.00
2014.10.08 17:42:37.763,12.06333,12.06659,0.00,0.00
2014.10.08 17:42:38.066,12.06348,12.0667,0.00,0.00
2014.10.08 17:42:38.166,12.06339,12.0667,0.00,0.00
2014.10.08 17:42:38.217,12.06331,12.06669,0.00,0.00
2014.10.08 17:42:38.321,12.06356,12.067,0.00,0.00
2014.10.08 17:42:38.422,12.06376,12.0667,0.00,0.00
2014.10.08 17:42:38.523,12.06376,12.06709,0.00,0.00
2014.10.08 17:42:38.607,12.06361,12.06705,0.00,0.00
2014.10.08 17:42:38.931,12.06377,12.06709,0.00,0.00
2014.10.08 17:42:39.132,12.06361,12.06705,0.00,0.00
2014.10.08 17:42:39.184,12.06361,12.0667,0.00,0.00
2014.10.08 17:42:39.235,12.06331,12.06669,0.00,0.00
2014.10.08 17:42:39.285,12.06327,12.06659,0.00,0.00
2014.10.08 17:42:39.588,12.06327,12.06571,0.00,0.00
2014.10.08 17:42:39.720,12.06281,12.0657,0.00,0.00
2014.10.08 17:42:39.940,12.06226,12.06558,0.00,0.00
2014.10.08 17:42:40.140,12.06281,12.06558,0.00,0.00
2014.10.08 17:42:40.555,12.06301,12.06558,0.00,0.00
2014.10.08 17:42:40.711,12.06327,12.06658,0.00,0.00
2014.10.08 17:42:42.121,12.06353,12.06658,0.00,0.00
2014.10.08 17:42:42.171,12.06353,12.0667,0.00,0.00
2014.10.08 17:42:42.310,12.06334,12.0667,0.00,0.00
2014.10.08 17:42:43.440,12.06334,12.06659,0.00,0.00
2014.10.08 17:42:43.818,12.06353,12.06659,0.00,0.00
2014.10.08 17:42:43.969,12.06349,12.06659,0.00,0.00
2014.10.08 17:42:44.069,12.06402,12.06659,0.00,0.00
2014.10.08 17:42:44.120,12.06408,12.06744,0.00,0.00
2014.10.08 17:42:44.170,12.06427,12.06759,0.00,0.00
2014.10.08 17:42:44.669,12.06427,12.06718,0.00,0.00
2014.10.08 17:42:44.871,12.06351,12.06659,0.00,0.00
2014.10.08 17:42:45.355,12.06386,12.06659,0.00,0.00
2014.10.08 17:42:45.556,12.06328,12.06659,0.00,0.00
2014.10.08 17:42:46.490,12.06349,12.06659,0.00,0.00
2014.10.08 17:42:46.540,12.06352,12.06671,0.00,0.00
2014.10.08 17:42:46.634,12.06349,12.06671,0.00,0.00
2014.10.08 17:42:46.837,12.06349,12.0668,0.00,0.00
2014.10.08 17:42:46.929,12.06408,12.0668,0.00,0.00
2014.10.08 17:42:46.980,12.06426,12.06709,0.00,0.00
2014.10.08 17:42:47.450,12.06348,12.06671,0.00,0.00
2014.10.08 17:42:47.589,12.06337,12.06671,0.00,0.00
2014.10.08 17:42:47.740,12.06298,12.06608,0.00,0.00
2014.10.08 17:42:47.949,12.06287,12.06608,0.00,0.00
2014.10.08 17:42:48.939,12.06287,12.06629,0.00,0.00
2014.10.08 17:42:53.100,12.06307,12.06649,0.00,0.00
2014.10.08 17:42:53.499,12.06327,12.06669,0.00,0.00
2014.10.08 17:42:55.259,12.06316,12.0666,0.00,0.00
2014.10.08 17:42:55.360,12.06311,12.0664,0.00,0.00
2014.10.08 17:42:55.620,12.06226,12.0657,0.00,0.00
2014.10.08 17:42:55.761,12.06261,12.06571,0.00,0.00
2014.10.08 17:42:56.262,12.06239,12.06571,0.00,0.00
2014.10.08 17:42:56.947,12.06239,12.0657,0.00,0.00
2014.10.08 17:42:57.597,12.06239,12.06571,0.00,0.00
2014.10.08 17:43:00.528,12.06239,12.0657,0.00,0.00
2014.10.08 17:43:01.680,12.06286,12.06628,0.00,0.00
2014.10.08 17:43:02.840,12.06286,12.06609,0.00,0.00
2014.10.08 17:43:03.319,12.06298,12.06609,0.00,0.00
2014.10.08 17:43:03.649,12.06348,12.06609,0.00,0.00
2014.10.08 17:43:03.750,12.06362,12.06671,0.00,0.00
2014.10.08 17:43:04.116,12.06362,12.06669,0.00,0.00
2014.10.08 17:43:04.167,12.06331,12.06669,0.00,0.00
2014.10.08 17:43:05.039,12.06327,12.06659,0.00,0.00
2014.10.08 17:43:05.399,12.0638,12.06659,0.00,0.00
2014.10.08 17:43:05.701,12.06409,12.06719,0.00,0.00
2014.10.08 17:43:05.783,12.06409,12.0667,0.00,0.00
2014.10.08 17:43:05.934,12.06409,12.06718,0.00,0.00
2014.10.08 17:43:06.034,12.06381,12.06719,0.00,0.00
2014.10.08 17:43:06.085,12.06426,12.06759,0.00,0.00
2014.10.08 17:43:10.299,12.06401,12.06718,0.00,0.00
2014.10.08 17:43:10.551,12.06375,12.06709,0.00,0.00
2014.10.08 17:43:10.849,12.06375,12.0667,0.00,0.00
2014.10.08 17:43:10.900,12.06371,12.06668,0.00,0.00
2014.10.08 17:43:10.959,12.06331,12.06668,0.00,0.00
2014.10.08 17:43:11.639,12.06331,12.06659,0.00,0.00
2014.10.08 17:43:13.497,12.06396,12.06659,0.00,0.00
2014.10.08 17:43:13.547,12.06396,12.06709,0.00,0.00
2014.10.08 17:43:13.598,12.06426,12.06709,0.00,0.00
2014.10.08 17:43:14.939,12.06426,12.06759,0.00,0.00
2014.10.08 17:43:15.139,12.06402,12.06738,0.00,0.00
2014.10.08 17:43:15.196,12.06402,12.06719,0.00,0.00
2014.10.08 17:43:15.297,12.06381,12.06719,0.00,0.00
2014.10.08 17:43:15.497,12.06381,12.06668,0.00,0.00
2014.10.08 17:43:15.648,12.06348,12.06659,0.00,0.00
2014.10.08 17:43:16.920,12.06348,12.06668,0.00,0.00
2014.10.08 17:43:17.020,12.06361,12.0667,0.00,0.00
2014.10.08 17:43:17.594,12.06361,12.06671,0.00,0.00
2014.10.08 17:43:18.460,12.06361,12.06658,0.00,0.00
2014.10.08 17:43:18.561,12.06345,12.06658,0.00,0.00
2014.10.08 17:43:18.749,12.06331,12.06658,0.00,0.00
2014.10.08 17:43:24.229,12.06346,12.06658,0.00,0.00
2014.10.08 17:43:24.342,12.06334,12.06658,0.00,0.00
2014.10.08 17:43:26.615,12.06345,12.06658,0.00,0.00
2014.10.08 17:43:29.067,12.06331,12.06658,0.00,0.00
2014.10.08 17:43:29.220,12.06347,12.06658,0.00,0.00
2014.10.08 17:43:29.499,12.06243,12.0657,0.00,0.00
2014.10.08 17:43:29.828,12.06231,12.06571,0.00,0.00
2014.10.08 17:43:30.024,12.06243,12.06571,0.00,0.00
2014.10.08 17:43:30.222,12.06231,12.06571,0.00,0.00
2014.10.08 17:43:30.559,12.06231,12.06558,0.00,0.00
2014.10.08 17:43:31.453,12.06246,12.06558,0.00,0.00
2014.10.08 17:43:31.524,12.06231,12.06558,0.00,0.00
2014.10.08 17:43:32.426,12.06231,12.06471,0.00,0.00
2014.10.08 17:43:32.526,12.06159,12.06454,0.00,0.00
2014.10.08 17:43:32.728,12.06131,12.06424,0.00,0.00
2014.10.08 17:43:32.927,12.06131,12.06448,0.00,0.00
2014.10.08 17:43:33.089,12.06104,12.06409,0.00,0.00
2014.10.08 17:43:33.828,12.06094,12.06409,0.00,0.00
2014.10.08 17:43:34.246,12.0608,12.06409,0.00,0.00
2014.10.08 17:43:34.429,12.06093,12.06409,0.00,0.00
2014.10.08 17:43:34.854,12.06104,12.06409,0.00,0.00
2014.10.08 17:43:35.570,12.06093,12.06409,0.00,0.00
2014.10.08 17:43:35.671,12.06109,12.06409,0.00,0.00
2014.10.08 17:43:35.774,12.0615,12.06458,0.00,0.00
2014.10.08 17:43:36.132,12.06137,12.06458,0.00,0.00
2014.10.08 17:43:36.957,12.06126,12.06458,0.00,0.00
2014.10.08 17:43:37.469,12.06105,12.06371,0.00,0.00
2014.10.08 17:43:37.569,12.06059,12.06371,0.00,0.00
2014.10.08 17:43:37.664,12.06039,12.06371,0.00,0.00
2014.10.08 17:43:37.945,12.06062,12.06371,0.00,0.00
2014.10.08 17:43:38.809,12.06062,12.06359,0.00,0.00
2014.10.08 17:43:39.547,12.06049,12.06359,0.00,0.00
2014.10.08 17:43:39.648,12.06095,12.06359,0.00,0.00
2014.10.08 17:43:39.698,12.06095,12.06439,0.00,0.00
2014.10.08 17:43:39.749,12.06105,12.06449,0.00,0.00
2014.10.08 17:43:40.106,12.06108,12.06449,0.00,0.00
2014.10.08 17:43:40.535,12.06119,12.06449,0.00,0.00
2014.10.08 17:43:41.340,12.06119,12.06437,0.00,0.00
2014.10.08 17:43:41.640,12.0613,12.06459,0.00,0.00
2014.10.08 17:43:41.691,12.06132,12.06471,0.00,0.00
2014.10.08 17:43:41.741,12.06247,12.06508,0.00,0.00
2014.10.08 17:43:42.141,12.06225,12.06508,0.00,0.00
2014.10.08 17:43:42.648,12.06236,12.06508,0.00,0.00
2014.10.08 17:43:42.992,12.06239,12.06508,0.00,0.00
2014.10.08 17:43:43.099,12.06239,12.06558,0.00,0.00
2014.10.08 17:43:44.382,12.06217,12.06558,0.00,0.00
2014.10.08 17:43:45.409,12.06217,12.06509,0.00,0.00
2014.10.08 17:43:45.560,12.06158,12.06471,0.00,0.00
2014.10.08 17:43:45.925,12.06158,12.0648,0.00,0.00
2014.10.08 17:43:46.079,12.06161,12.06503,0.00,0.00
2014.10.08 17:43:46.892,12.06161,12.06422,0.00,0.00
2014.10.08 17:43:46.993,12.06081,12.06393,0.00,0.00
2014.10.08 17:43:47.125,12.06081,12.06371,0.00,0.00
2014.10.08 17:43:47.501,12.06034,12.06359,0.00,0.00
2014.10.08 17:43:47.751,12.06045,12.06359,0.00,0.00
2014.10.08 17:43:48.754,12.06072,12.06359,0.00,0.00
2014.10.08 17:43:49.056,12.06078,12.06359,0.00,0.00
2014.10.08 17:43:51.067,12.06046,12.06359,0.00,0.00
2014.10.08 17:43:51.678,12.06046,12.06319,0.00,0.00
2014.10.08 17:43:51.781,12.0602,12.06319,0.00,0.00
2014.10.08 17:43:51.985,12.06045,12.06319,0.00,0.00
2014.10.08 17:43:53.518,12.06034,12.06319,0.00,0.00
2014.10.08 17:43:56.621,12.06021,12.06319,0.00,0.00
2014.10.08 17:43:57.647,12.0603,12.06319,0.00,0.00
2014.10.08 17:44:00.820,12.06043,12.06319,0.00,0.00
2014.10.08 17:44:00.921,12.0602,12.06319,0.00,0.00
2014.10.08 17:44:01.432,12.06032,12.06319,0.00,0.00
2014.10.08 17:44:01.762,12.06019,12.06269,0.00,0.00
2014.10.08 17:44:01.863,12.05977,12.06269,0.00,0.00
2014.10.08 17:44:02.058,12.05977,12.06261,0.00,0.00
2014.10.08 17:44:02.348,12.05951,12.06261,0.00,0.00
2014.10.08 17:44:02.530,12.05968,12.06261,0.00,0.00
2014.10.08 17:44:02.913,12.05981,12.06261,0.00,0.00
2014.10.08 17:44:03.081,12.05984,12.06269,0.00,0.00
2014.10.08 17:44:03.134,12.06002,12.06269,0.00,0.00
2014.10.08 17:44:03.680,12.05991,12.06269,0.00,0.00
2014.10.08 17:44:05.695,12.06018,12.06269,0.00,0.00
2014.10.08 17:44:06.081,12.06037,12.06269,0.00,0.00
2014.10.08 17:44:06.132,12.06037,12.06319,0.00,0.00
2014.10.08 17:44:06.684,12.06018,12.06319,0.00,0.00
2014.10.08 17:44:07.261,12.06041,12.06319,0.00,0.00
2014.10.08 17:44:07.773,12.0603,12.06319,0.00,0.00
2014.10.08 17:44:08.163,12.06018,12.06319,0.00,0.00
2014.10.08 17:44:10.517,12.0603,12.06319,0.00,0.00
2014.10.08 17:44:10.871,12.06042,12.06319,0.00,0.00
2014.10.08 17:44:11.169,12.06029,12.06319,0.00,0.00
2014.10.08 17:44:13.472,12.06042,12.06319,0.00,0.00
2014.10.08 17:44:14.008,12.06042,12.06271,0.00,0.00
2014.10.08 17:44:14.108,12.05968,12.06269,0.00,0.00
2014.10.08 17:44:14.209,12.05991,12.06269,0.00,0.00
2014.10.08 17:44:14.555,12.06014,12.06269,0.00,0.00
2014.10.08 17:44:15.175,12.05992,12.06269,0.00,0.00
2014.10.08 17:44:15.808,12.06018,12.06269,0.00,0.00
2014.10.08 17:44:15.908,12.06038,12.06318,0.00,0.00
2014.10.08 17:44:16.778,12.06028,12.06318,0.00,0.00
2014.10.08 17:44:16.878,12.06018,12.06318,0.00,0.00
2014.10.08 17:44:17.679,12.06039,12.06318,0.00,0.00
2014.10.08 17:44:18.380,12.06018,12.06318,0.00,0.00
2014.10.08 17:44:19.328,12.06013,12.06318,0.00,0.00
2014.10.08 17:44:19.381,12.05991,12.06318,0.00,0.00
2014.10.08 17:44:19.432,12.05991,12.06269,0.00,0.00
2014.10.08 17:44:19.683,12.05969,12.06269,0.00,0.00
2014.10.08 17:44:19.783,12.05942,12.06262,0.00,0.00
2014.10.08 17:44:19.888,12.05942,12.0623,0.00,0.00
2014.10.08 17:44:19.988,12.05911,12.06216,0.00,0.00
2014.10.08 17:44:20.039,12.05911,12.06161,0.00,0.00
2014.10.08 17:44:20.140,12.05911,12.06212,0.00,0.00
2014.10.08 17:44:20.190,12.05904,12.06168,0.00,0.00
2014.10.08 17:44:20.308,12.05858,12.06155,0.00,0.00
2014.10.08 17:44:20.485,12.05858,12.06142,0.00,0.00
2014.10.08 17:44:20.586,12.05812,12.06142,0.00,0.00
2014.10.08 17:44:20.721,12.05871,12.06161,0.00,0.00
2014.10.08 17:44:21.031,12.05908,12.06168,0.00,0.00
2014.10.08 17:44:21.235,12.05892,12.06168,0.00,0.00
2014.10.08 17:44:21.487,12.05879,12.06168,0.00,0.00
2014.10.08 17:44:21.787,12.05867,12.06168,0.00,0.00
2014.10.08 17:44:22.371,12.05867,12.06119,0.00,0.00
2014.10.08 17:44:22.421,12.05859,12.06119,0.00,0.00
2014.10.08 17:44:22.522,12.05856,12.06119,0.00,0.00
2014.10.08 17:44:22.789,12.05834,12.06119,0.00,0.00
2014.10.08 17:44:23.237,12.05846,12.06119,0.00,0.00
2014.10.08 17:44:23.549,12.05857,12.06119,0.00,0.00
2014.10.08 17:44:23.691,12.05846,12.06119,0.00,0.00
2014.10.08 17:44:23.805,12.05824,12.06119,0.00,0.00
2014.10.08 17:44:23.909,12.05824,12.06069,0.00,0.00
2014.10.08 17:44:24.010,12.05759,12.06069,0.00,0.00
2014.10.08 17:44:24.178,12.0573,12.06061,0.00,0.00
2014.10.08 17:44:24.423,12.05738,12.06061,0.00,0.00
2014.10.08 17:44:24.524,12.05724,12.06061,0.00,0.00
2014.10.08 17:44:24.625,12.05712,12.06054,0.00,0.00
2014.10.08 17:44:24.839,12.05725,12.06061,0.00,0.00
2014.10.08 17:44:25.195,12.05711,12.06055,0.00,0.00
2014.10.08 17:44:25.381,12.05711,12.06018,0.00,0.00
2014.10.08 17:44:25.997,12.05742,12.06018,0.00,0.00
2014.10.08 17:44:26.298,12.05724,12.06018,0.00,0.00
2014.10.08 17:44:28.213,12.05725,12.06018,0.00,0.00
2014.10.08 17:44:28.420,12.0575,12.06018,0.00,0.00
2014.10.08 17:44:29.956,12.05738,12.06018,0.00,0.00
2014.10.08 17:44:34.613,12.05722,12.06018,0.00,0.00
2014.10.08 17:44:35.133,12.05732,12.06018,0.00,0.00
2014.10.08 17:44:37.050,12.05745,12.06018,0.00,0.00
2014.10.08 17:44:37.918,12.0572,12.06018,0.00,0.00
2014.10.08 17:44:39.119,12.05732,12.06018,0.00,0.00
2014.10.08 17:44:40.421,12.05744,12.06018,0.00,0.00
2014.10.08 17:44:41.622,12.0572,12.06018,0.00,0.00
2014.10.08 17:44:41.723,12.05704,12.06018,0.00,0.00
2014.10.08 17:44:42.047,12.05744,12.06018,0.00,0.00
2014.10.08 17:44:43.950,12.05722,12.06018,0.00,0.00
2014.10.08 17:44:44.151,12.05734,12.06018,0.00,0.00
2014.10.08 17:44:44.995,12.05747,12.06018,0.00,0.00
2014.10.08 17:44:46.654,12.05726,12.06018,0.00,0.00
2014.10.08 17:44:47.569,12.05739,12.06018,0.00,0.00
2014.10.08 17:44:47.916,12.05832,12.06068,0.00,0.00
2014.10.08 17:44:48.157,12.05821,12.06068,0.00,0.00
2014.10.08 17:44:48.296,12.05834,12.06068,0.00,0.00
2014.10.08 17:44:48.497,12.05862,12.06168,0.00,0.00
2014.10.08 17:44:48.597,12.05906,12.06168,0.00,0.00
2014.10.08 17:44:48.799,12.05887,12.06168,0.00,0.00
2014.10.08 17:44:48.899,12.05869,12.06168,0.00,0.00
2014.10.08 17:44:48.950,12.05866,12.06168,0.00,0.00
2014.10.08 17:44:49.060,12.05887,12.06168,0.00,0.00
2014.10.08 17:44:49.694,12.05873,12.06168,0.00,0.00
2014.10.08 17:44:50.209,12.05886,12.06168,0.00,0.00
2014.10.08 17:44:51.598,12.05873,12.06168,0.00,0.00
2014.10.08 17:44:53.166,12.05885,12.06168,0.00,0.00
2014.10.08 17:44:53.366,12.05873,12.06168,0.00,0.00
2014.10.08 17:44:53.837,12.05873,12.06118,0.00,0.00
2014.10.08 17:44:53.888,12.05836,12.06118,0.00,0.00
2014.10.08 17:44:55.471,12.05853,12.06118,0.00,0.00
2014.10.08 17:44:55.789,12.05832,12.06069,0.00,0.00
2014.10.08 17:44:56.122,12.05842,12.06069,0.00,0.00
2014.10.08 17:44:56.960,12.05842,12.06119,0.00,0.00
2014.10.08 17:44:58.276,12.05831,12.06119,0.00,0.00
2014.10.08 17:44:58.567,12.05831,12.06122,0.00,0.00
2014.10.08 17:44:58.667,12.05831,12.06168,0.00,0.00
2014.10.08 17:44:58.718,12.05866,12.06168,0.00,0.00
2014.10.08 17:44:59.303,12.05851,12.06168,0.00,0.00
2014.10.08 17:44:59.404,12.05888,12.06168,0.00,0.00
2014.10.08 17:44:59.505,12.05866,12.06168,0.00,0.00
2014.10.08 17:45:00.107,12.05866,12.06119,0.00,0.00
2014.10.08 17:45:00.208,12.05824,12.06119,0.00,0.00
2014.10.08 17:45:01.020,12.05831,12.06119,0.00,0.00
2014.10.08 17:45:01.500,12.0582,12.06119,0.00,0.00
2014.10.08 17:45:01.888,12.05832,12.06119,0.00,0.00
2014.10.08 17:45:02.238,12.05816,12.06119,0.00,0.00
2014.10.08 17:45:03.510,12.05787,12.06119,0.00,0.00
2014.10.08 17:45:04.520,12.05807,12.06119,0.00,0.00
2014.10.08 17:45:04.621,12.05794,12.06119,0.00,0.00
2014.10.08 17:45:04.721,12.05807,12.06119,0.00,0.00
2014.10.08 17:45:04.894,12.05795,12.06119,0.00,0.00
2014.10.08 17:45:07.522,12.05806,12.06119,0.00,0.00
2014.10.08 17:45:08.343,12.05787,12.06109,0.00,0.00
2014.10.08 17:45:08.393,12.05787,12.06018,0.00,0.00
2014.10.08 17:45:08.444,12.05718,12.06018,0.00,0.00
2014.10.08 17:45:08.701,12.05737,12.06018,0.00,0.00
2014.10.08 17:45:08.902,12.05716,12.06018,0.00,0.00
2014.10.08 17:45:09.421,12.05738,12.06018,0.00,0.00
2014.10.08 17:45:09.604,12.05716,12.06018,0.00,0.00
2014.10.08 17:45:11.209,12.05748,12.06018,0.00,0.00
2014.10.08 17:45:11.510,12.05735,12.06018,0.00,0.00
2014.10.08 17:45:12.723,12.05748,12.06018,0.00,0.00
2014.10.08 17:45:15.517,12.05732,12.06018,0.00,0.00
2014.10.08 17:45:16.024,12.05748,12.06018,0.00,0.00
2014.10.08 17:45:18.038,12.05748,12.06021,0.00,0.00
2014.10.08 17:45:18.089,12.05748,12.06068,0.00,0.00
2014.10.08 17:45:18.139,12.05774,12.06068,0.00,0.00
2014.10.08 17:45:18.340,12.05757,12.06068,0.00,0.00
2014.10.08 17:45:18.441,12.05782,12.06068,0.00,0.00
2014.10.08 17:45:18.759,12.05758,12.06068,0.00,0.00
2014.10.08 17:45:19.140,12.05769,12.06068,0.00,0.00
2014.10.08 17:45:19.924,12.05782,12.06068,0.00,0.00
2014.10.08 17:45:21.238,12.05836,12.06068,0.00,0.00
2014.10.08 17:45:22.128,12.05817,12.06068,0.00,0.00
2014.10.08 17:45:22.363,12.05791,12.06068,0.00,0.00
2014.10.08 17:45:22.438,12.05791,12.06119,0.00,0.00
2014.10.08 17:45:22.678,12.05802,12.06119,0.00,0.00
2014.10.08 17:45:23.547,12.05781,12.06119,0.00,0.00
2014.10.08 17:45:23.831,12.05792,12.06119,0.00,0.00
2014.10.08 17:45:24.163,12.05833,12.06119,0.00,0.00
2014.10.08 17:45:24.674,12.05816,12.06119,0.00,0.00
2014.10.08 17:45:24.776,12.05839,12.06119,0.00,0.00
2014.10.08 17:45:25.234,12.05816,12.06119,0.00,0.00
2014.10.08 17:45:25.334,12.05816,12.06119,0.00,0.00
2014.10.08 17:45:25.667,12.05839,12.06119,0.00,0.00
2014.10.08 17:45:26.065,12.05827,12.06119,0.00,0.00
2014.10.08 17:45:26.398,12.05827,12.06122,0.00,0.00
2014.10.08 17:45:26.557,12.0585,12.06169,0.00,0.00
2014.10.08 17:45:26.658,12.05861,12.06169,0.00,0.00
2014.10.08 17:45:28.562,12.05838,12.06169,0.00,0.00
2014.10.08 17:45:29.542,12.05851,12.06169,0.00,0.00
2014.10.08 17:45:32.048,12.05868,12.06169,0.00,0.00
2014.10.08 17:45:32.583,12.05951,12.06219,0.00,0.00
2014.10.08 17:45:32.683,12.05941,12.06219,0.00,0.00
2014.10.08 17:45:34.283,12.05955,12.06219,0.00,0.00
2014.10.08 17:45:34.953,12.05935,12.06219,0.00,0.00
2014.10.08 17:45:36.861,12.05915,12.06169,0.00,0.00
2014.10.08 17:45:36.962,12.05885,12.06169,0.00,0.00
2014.10.08 17:45:37.256,12.05906,12.06169,0.00,0.00
2014.10.08 17:45:37.974,12.05894,12.06169,0.00,0.00
2014.10.08 17:45:40.148,12.05894,12.06118,0.00,0.00
2014.10.08 17:45:40.299,12.05829,12.06118,0.00,0.00
2014.10.08 17:45:40.510,12.05829,12.06071,0.00,0.00
2014.10.08 17:45:40.611,12.05791,12.06071,0.00,0.00
2014.10.08 17:45:41.062,12.05803,12.06071,0.00,0.00
2014.10.08 17:45:41.596,12.05803,12.06069,0.00,0.00
2014.10.08 17:45:41.964,12.0579,12.06069,0.00,0.00
2014.10.08 17:45:42.594,12.05802,12.06069,0.00,0.00
2014.10.08 17:45:43.668,12.05824,12.06069,0.00,0.00
2014.10.08 17:45:44.007,12.05857,12.06118,0.00,0.00
2014.10.08 17:45:44.401,12.05835,12.06118,0.00,0.00
2014.10.08 17:45:44.504,12.05868,12.06118,0.00,0.00
2014.10.08 17:45:45.973,12.05883,12.06118,0.00,0.00
2014.10.08 17:45:46.024,12.05883,12.06169,0.00,0.00
2014.10.08 17:45:46.074,12.05949,12.06169,0.00,0.00
2014.10.08 17:45:46.275,12.05935,12.06169,0.00,0.00
2014.10.08 17:45:46.475,12.0596,12.06169,0.00,0.00
2014.10.08 17:45:46.675,12.05946,12.06169,0.00,0.00
2014.10.08 17:45:47.282,12.05935,12.06169,0.00,0.00
2014.10.08 17:45:47.383,12.05956,12.06218,0.00,0.00
2014.10.08 17:45:47.477,12.05944,12.06218,0.00,0.00
2014.10.08 17:45:49.188,12.05916,12.06168,0.00,0.00
2014.10.08 17:45:49.297,12.05889,12.06168,0.00,0.00
2014.10.08 17:45:49.581,12.05902,12.06168,0.00,0.00
2014.10.08 17:45:50.182,12.05914,12.06168,0.00,0.00
2014.10.08 17:45:50.512,12.05955,12.06218,0.00,0.00
2014.10.08 17:45:51.183,12.05942,12.06218,0.00,0.00
2014.10.08 17:45:51.894,12.05953,12.06218,0.00,0.00
2014.10.08 17:45:53.530,12.05942,12.06218,0.00,0.00
2014.10.08 17:45:55.689,12.05953,12.06218,0.00,0.00
2014.10.08 17:45:56.590,12.05942,12.06218,0.00,0.00
2014.10.08 17:45:58.993,12.05925,12.06218,0.00,0.00
2014.10.08 17:45:59.094,12.05925,12.06172,0.00,0.00
2014.10.08 17:45:59.145,12.059,12.06172,0.00,0.00
2014.10.08 17:45:59.245,12.05842,12.06118,0.00,0.00
2014.10.08 17:46:00.196,12.05864,12.06118,0.00,0.00
2014.10.08 17:46:00.496,12.05852,12.06118,0.00,0.00
2014.10.08 17:46:00.896,12.0584,12.06118,0.00,0.00
2014.10.08 17:46:01.197,12.05864,12.06118,0.00,0.00
2014.10.08 17:46:02.398,12.0589,12.06118,0.00,0.00
2014.10.08 17:46:02.725,12.05962,12.06168,0.00,0.00
2014.10.08 17:46:02.800,12.05937,12.06168,0.00,0.00
2014.10.08 17:46:03.138,12.0593,12.06168,0.00,0.00
2014.10.08 17:46:03.242,12.05916,12.06168,0.00,0.00
2014.10.08 17:46:03.780,12.05916,12.06219,0.00,0.00
2014.10.08 17:46:03.901,12.05899,12.06219,0.00,0.00
2014.10.08 17:46:03.952,12.05899,12.06172,0.00,0.00
2014.10.08 17:46:04.402,12.0592,12.06172,0.00,0.00
2014.10.08 17:46:05.197,12.0592,12.06169,0.00,0.00
2014.10.08 17:46:05.904,12.05907,12.06169,0.00,0.00
2014.10.08 17:46:06.957,12.05907,12.06119,0.00,0.00
2014.10.08 17:46:07.008,12.0588,12.06119,0.00,0.00
2014.10.08 17:46:08.157,12.05905,12.06119,0.00,0.00
2014.10.08 17:46:08.407,12.05892,12.06119,0.00,0.00
2014.10.08 17:46:08.708,12.05917,12.06119,0.00,0.00
2014.10.08 17:46:08.758,12.05917,12.06122,0.00,0.00
2014.10.08 17:46:08.809,12.0594,12.06122,0.00,0.00
2014.10.08 17:46:08.910,12.0594,12.06169,0.00,0.00
2014.10.08 17:46:09.328,12.05954,12.06169,0.00,0.00
2014.10.08 17:46:10.148,12.05954,12.06218,0.00,0.00
2014.10.08 17:46:12.213,12.05938,12.06218,0.00,0.00
2014.10.08 17:46:13.215,12.05949,12.06218,0.00,0.00
2014.10.08 17:46:13.744,12.05936,12.06218,0.00,0.00
2014.10.08 17:46:13.853,12.05908,12.06218,0.00,0.00
2014.10.08 17:46:14.255,12.05919,12.06218,0.00,0.00
2014.10.08 17:46:15.118,12.05906,12.06218,0.00,0.00
2014.10.08 17:46:15.219,12.05919,12.06218,0.00,0.00
2014.10.08 17:46:16.357,12.05919,12.06171,0.00,0.00
2014.10.08 17:46:16.467,12.05906,12.06171,0.00,0.00
2014.10.08 17:46:16.521,12.05896,12.06171,0.00,0.00
2014.10.08 17:46:16.637,12.05896,12.06168,0.00,0.00
2014.10.08 17:46:16.955,12.05919,12.06168,0.00,0.00
2014.10.08 17:46:17.056,12.05895,12.06168,0.00,0.00
2014.10.08 17:46:20.751,12.05907,12.06168,0.00,0.00
2014.10.08 17:46:23.252,12.0592,12.06168,0.00,0.00
2014.10.08 17:46:25.732,12.05907,12.06168,0.00,0.00
2014.10.08 17:46:27.635,12.05895,12.06168,0.00,0.00
2014.10.08 17:46:29.547,12.05907,12.06168,0.00,0.00
2014.10.08 17:46:30.529,12.05907,12.06218,0.00,0.00
2014.10.08 17:46:30.580,12.05919,12.06218,0.00,0.00
2014.10.08 17:46:30.740,12.05904,12.06218,0.00,0.00
2014.10.08 17:46:30.968,12.05928,12.06218,0.00,0.00
2014.10.08 17:46:31.419,12.0594,12.06218,0.00,0.00
2014.10.08 17:46:31.575,12.05928,12.06218,0.00,0.00
2014.10.08 17:46:31.679,12.05905,12.06218,0.00,0.00
2014.10.08 17:46:32.187,12.05938,12.06218,0.00,0.00
2014.10.08 17:46:32.943,12.05919,12.06218,0.00,0.00
2014.10.08 17:46:33.458,12.05906,12.06218,0.00,0.00
2014.10.08 17:46:40.456,12.0593,12.06218,0.00,0.00
2014.10.08 17:46:40.657,12.05917,12.06218,0.00,0.00
2014.10.08 17:46:40.757,12.05929,12.06218,0.00,0.00
2014.10.08 17:46:40.858,12.05917,12.06218,0.00,0.00
2014.10.08 17:46:42.596,12.05917,12.06168,0.00,0.00
2014.10.08 17:46:42.698,12.05904,12.06168,0.00,0.00
2014.10.08 17:46:42.798,12.05854,12.06168,0.00,0.00
2014.10.08 17:46:42.867,12.05854,12.06122,0.00,0.00
2014.10.08 17:46:43.316,12.05875,12.06122,0.00,0.00
2014.10.08 17:46:44.027,12.05875,12.06119,0.00,0.00
2014.10.08 17:46:45.605,12.05863,12.06119,0.00,0.00
2014.10.08 17:46:46.313,12.05849,12.06119,0.00,0.00
2014.10.08 17:46:46.821,12.05861,12.06119,0.00,0.00
2014.10.08 17:46:47.475,12.05848,12.06119,0.00,0.00
2014.10.08 17:46:47.576,12.05809,12.06119,0.00,0.00
2014.10.08 17:46:48.146,12.05809,12.06068,0.00,0.00
2014.10.08 17:46:48.196,12.05799,12.06068,0.00,0.00
2014.10.08 17:46:48.580,12.05824,12.06068,0.00,0.00
2014.10.08 17:46:48.680,12.05798,12.06068,0.00,0.00
2014.10.08 17:46:53.693,12.05809,12.06068,0.00,0.00
2014.10.08 17:46:55.727,12.05862,12.06118,0.00,0.00
2014.10.08 17:46:55.998,12.0584,12.06118,0.00,0.00
2014.10.08 17:46:57.247,12.05862,12.06118,0.00,0.00
2014.10.08 17:46:57.615,12.05838,12.06118,0.00,0.00
2014.10.08 17:46:58.022,12.05851,12.06118,0.00,0.00
2014.10.08 17:46:59.034,12.05838,12.06068,0.00,0.00
2014.10.08 17:46:59.136,12.05757,12.06068,0.00,0.00
2014.10.08 17:46:59.287,12.05757,12.06022,0.00,0.00
2014.10.08 17:46:59.649,12.05784,12.06022,0.00,0.00
2014.10.08 17:46:59.750,12.05772,12.06022,0.00,0.00
2014.10.08 17:46:59.951,12.0576,12.06022,0.00,0.00
2014.10.08 17:47:00.416,12.0576,12.06018,0.00,0.00
2014.10.08 17:47:01.520,12.05775,12.06018,0.00,0.00
2014.10.08 17:47:03.512,12.05762,12.06018,0.00,0.00
2014.10.08 17:47:06.141,12.0575,12.06018,0.00,0.00
2014.10.08 17:47:06.665,12.05794,12.06018,0.00,0.00
2014.10.08 17:47:06.922,12.05782,12.06018,0.00,0.00
2014.10.08 17:47:07.724,12.05769,12.06018,0.00,0.00
2014.10.08 17:47:08.726,12.05781,12.06018,0.00,0.00
2014.10.08 17:47:08.927,12.0577,12.06018,0.00,0.00
2014.10.08 17:47:09.028,12.0575,12.06018,0.00,0.00
2014.10.08 17:47:09.229,12.05762,12.06018,0.00,0.00
2014.10.08 17:47:17.388,12.05773,12.06018,0.00,0.00
2014.10.08 17:47:18.749,12.05762,12.06018,0.00,0.00
2014.10.08 17:47:18.951,12.05738,12.06018,0.00,0.00
2014.10.08 17:47:22.160,12.05761,12.06018,0.00,0.00
2014.10.08 17:47:25.790,12.05748,12.06018,0.00,0.00
2014.10.08 17:47:26.909,12.05736,12.06018,0.00,0.00
2014.10.08 17:47:27.010,12.05748,12.06018,0.00,0.00
2014.10.08 17:47:27.551,12.05749,12.06018,0.00,0.00
2014.10.08 17:47:27.668,12.05736,12.06018,0.00,0.00
2014.10.08 17:47:27.969,12.05747,12.06018,0.00,0.00
2014.10.08 17:47:28.520,12.05759,12.06018,0.00,0.00
2014.10.08 17:47:28.871,12.05771,12.06018,0.00,0.00
2014.10.08 17:47:29.292,12.05747,12.06018,0.00,0.00
2014.10.08 17:47:33.088,12.05758,12.06018,0.00,0.00
2014.10.08 17:47:34.304,12.05771,12.06018,0.00,0.00
2014.10.08 17:47:34.927,12.05758,12.06018,0.00,0.00
2014.10.08 17:47:36.201,12.0577,12.06018,0.00,0.00
2014.10.08 17:47:36.384,12.05759,12.06018,0.00,0.00
2014.10.08 17:47:37.689,12.0577,12.06018,0.00,0.00
2014.10.08 17:47:40.096,12.0576,12.06018,0.00,0.00
2014.10.08 17:47:40.772,12.05761,12.06018,0.00,0.00
2014.10.08 17:47:41.713,12.05741,12.06018,0.00,0.00
2014.10.08 17:47:41.814,12.05716,12.06018,0.00,0.00
2014.10.08 17:47:41.919,12.05731,12.06018,0.00,0.00
2014.10.08 17:47:42.422,12.0575,12.06018,0.00,0.00
2014.10.08 17:47:43.131,12.05762,12.06018,0.00,0.00
2014.10.08 17:47:44.043,12.05763,12.06018,0.00,0.00
2014.10.08 17:47:46.112,12.05742,12.06018,0.00,0.00
2014.10.08 17:47:48.217,12.05765,12.06018,0.00,0.00
2014.10.08 17:47:49.737,12.0573,12.06018,0.00,0.00
2014.10.08 17:47:50.323,12.05754,12.06018,0.00,0.00
2014.10.08 17:47:50.724,12.05731,12.06018,0.00,0.00
2014.10.08 17:47:51.526,12.05742,12.06018,0.00,0.00
2014.10.08 17:47:55.260,12.05754,12.06018,0.00,0.00
2014.10.08 17:47:56.072,12.05731,12.06018,0.00,0.00
2014.10.08 17:47:56.134,12.05743,12.06018,0.00,0.00
2014.10.08 17:48:00.631,12.05743,12.06071,0.00,0.00
2014.10.08 17:48:01.390,12.05763,12.06071,0.00,0.00
2014.10.08 17:48:04.033,12.05763,12.0607,0.00,0.00
2014.10.08 17:48:04.083,12.05739,12.0607,0.00,0.00
2014.10.08 17:48:04.592,12.05739,12.06071,0.00,0.00
2014.10.08 17:48:05.302,12.05763,12.06071,0.00,0.00
2014.10.08 17:48:05.758,12.05752,12.06071,0.00,0.00
2014.10.08 17:48:06.683,12.05752,12.0607,0.00,0.00
2014.10.08 17:48:08.496,12.05752,12.06071,0.00,0.00
2014.10.08 17:48:08.663,12.0574,12.06071,0.00,0.00
2014.10.08 17:48:09.776,12.05751,12.06071,0.00,0.00
2014.10.08 17:48:09.971,12.05739,12.06071,0.00,0.00
2014.10.08 17:48:10.369,12.05763,12.06071,0.00,0.00
2014.10.08 17:48:12.043,12.05763,12.0607,0.00,0.00
2014.10.08 17:48:12.093,12.05739,12.0607,0.00,0.00
2014.10.08 17:48:12.842,12.05739,12.06071,0.00,0.00
2014.10.08 17:48:13.816,12.05761,12.06071,0.00,0.00
2014.10.08 17:48:17.783,12.05749,12.06071,0.00,0.00
2014.10.08 17:48:17.883,12.05737,12.0607,0.00,0.00
2014.10.08 17:48:17.984,12.05749,12.06071,0.00,0.00
2014.10.08 17:48:19.841,12.05749,12.0607,0.00,0.00
2014.10.08 17:48:20.241,12.05737,12.0607,0.00,0.00
2014.10.08 17:48:20.398,12.05761,12.0607,0.00,0.00
2014.10.08 17:48:20.658,12.0575,12.06071,0.00,0.00
2014.10.08 17:48:20.712,12.05737,12.06071,0.00,0.00
2014.10.08 17:48:21.010,12.0576,12.06071,0.00,0.00
2014.10.08 17:48:22.683,12.0576,12.0607,0.00,0.00
2014.10.08 17:48:22.733,12.05748,12.0607,0.00,0.00
2014.10.08 17:48:23.135,12.05761,12.06071,0.00,0.00
2014.10.08 17:48:23.239,12.05734,12.06071,0.00,0.00
2014.10.08 17:48:23.756,12.05734,12.0607,0.00,0.00
2014.10.08 17:48:23.806,12.05757,12.06071,0.00,0.00
2014.10.08 17:48:24.007,12.05648,12.05968,0.00,0.00
2014.10.08 17:48:24.064,12.05648,12.05932,0.00,0.00
2014.10.08 17:48:24.402,12.05667,12.05932,0.00,0.00
2014.10.08 17:48:24.503,12.05646,12.05932,0.00,0.00
2014.10.08 17:48:24.905,12.05667,12.05932,0.00,0.00
2014.10.08 17:48:25.244,12.05667,12.05919,0.00,0.00
2014.10.08 17:48:26.510,12.05647,12.05919,0.00,0.00
2014.10.08 17:48:27.444,12.05647,12.05868,0.00,0.00
2014.10.08 17:48:27.545,12.05557,12.05868,0.00,0.00
2014.10.08 17:48:27.710,12.05557,12.05832,0.00,0.00
2014.10.08 17:48:28.148,12.05547,12.05832,0.00,0.00
2014.10.08 17:48:28.519,12.05557,12.05832,0.00,0.00
2014.10.08 17:48:28.920,12.05546,12.05818,0.00,0.00
2014.10.08 17:48:29.631,12.05534,12.05818,0.00,0.00
2014.10.08 17:48:30.022,12.05547,12.05818,0.00,0.00
2014.10.08 17:48:30.359,12.05559,12.05818,0.00,0.00
2014.10.08 17:48:30.855,12.05534,12.05818,0.00,0.00
2014.10.08 17:48:31.465,12.05558,12.05818,0.00,0.00
2014.10.08 17:48:31.675,12.05508,12.05818,0.00,0.00
2014.10.08 17:48:32.228,12.05536,12.05818,0.00,0.00
2014.10.08 17:48:33.932,12.0552,12.05818,0.00,0.00
2014.10.08 17:48:35.061,12.05509,12.05818,0.00,0.00
2014.10.08 17:48:35.236,12.05526,12.05818,0.00,0.00
2014.10.08 17:48:35.564,12.05526,12.05781,0.00,0.00
2014.10.08 17:48:35.665,12.05434,12.05769,0.00,0.00
2014.10.08 17:48:35.765,12.05449,12.05769,0.00,0.00
2014.10.08 17:48:36.093,12.05471,12.05722,0.00,0.00
2014.10.08 17:48:36.244,12.05427,12.05721,0.00,0.00
2014.10.08 17:48:36.904,12.05427,12.05718,0.00,0.00
2014.10.08 17:48:37.289,12.0545,12.05718,0.00,0.00
2014.10.08 17:48:39.291,12.05456,12.05718,0.00,0.00
2014.10.08 17:48:39.342,12.05456,12.05722,0.00,0.00
2014.10.08 17:48:39.493,12.0554,12.05769,0.00,0.00
2014.10.08 17:48:39.905,12.05528,12.05769,0.00,0.00
2014.10.08 17:48:40.082,12.05541,12.05769,0.00,0.00
2014.10.08 17:48:40.754,12.05541,12.05818,0.00,0.00
2014.10.08 17:48:44.375,12.05499,12.05818,0.00,0.00
2014.10.08 17:48:45.954,12.05518,12.05818,0.00,0.00
2014.10.08 17:48:46.055,12.0555,12.05869,0.00,0.00
2014.10.08 17:48:46.106,12.05574,12.05869,0.00,0.00
2014.10.08 17:48:46.407,12.05614,12.05832,0.00,0.00
2014.10.08 17:48:47.104,12.05555,12.05832,0.00,0.00
2014.10.08 17:48:47.355,12.05555,12.05819,0.00,0.00
2014.10.08 17:48:47.663,12.05577,12.05819,0.00,0.00
2014.10.08 17:48:48.035,12.05613,12.05882,0.00,0.00
2014.10.08 17:48:48.136,12.05658,12.05882,0.00,0.00
2014.10.08 17:48:48.287,12.05658,12.05919,0.00,0.00
2014.10.08 17:48:48.911,12.05636,12.05919,0.00,0.00
2014.10.08 17:48:49.094,12.05661,12.05919,0.00,0.00
2014.10.08 17:48:49.294,12.05636,12.05919,0.00,0.00
2014.10.08 17:48:49.696,12.0565,12.05919,0.00,0.00
2014.10.08 17:48:50.500,12.05663,12.05919,0.00,0.00
2014.10.08 17:48:51.102,12.05649,12.05919,0.00,0.00
2014.10.08 17:48:52.313,12.0566,12.05919,0.00,0.00
2014.10.08 17:48:54.865,12.0566,12.05931,0.00,0.00
2014.10.08 17:48:54.916,12.05728,12.05931,0.00,0.00
2014.10.08 17:48:55.016,12.05696,12.05969,0.00,0.00
2014.10.08 17:48:55.308,12.05732,12.05969,0.00,0.00
2014.10.08 17:48:56.265,12.05732,12.0597,0.00,0.00
2014.10.08 17:48:56.884,12.05732,12.05971,0.00,0.00
2014.10.08 17:48:57.823,12.05723,12.05971,0.00,0.00
2014.10.08 17:48:59.315,12.05755,12.05971,0.00,0.00
2014.10.08 17:48:59.365,12.05755,12.06018,0.00,0.00
2014.10.08 17:48:59.466,12.05733,12.06018,0.00,0.00
2014.10.08 17:48:59.716,12.05743,12.06018,0.00,0.00
2014.10.08 17:49:00.084,12.05757,12.06018,0.00,0.00
2014.10.08 17:49:01.724,12.05734,12.06018,0.00,0.00
2014.10.08 17:49:01.825,12.05761,12.06018,0.00,0.00
2014.10.08 17:49:02.219,12.05748,12.06018,0.00,0.00
2014.10.08 17:49:03.357,12.05736,12.06018,0.00,0.00
2014.10.08 17:49:04.836,12.05757,12.06018,0.00,0.00
2014.10.08 17:49:05.427,12.05732,12.06018,0.00,0.00
2014.10.08 17:49:05.528,12.05745,12.06018,0.00,0.00
2014.10.08 17:49:14.151,12.05758,12.06018,0.00,0.00
2014.10.08 17:49:16.058,12.05731,12.06018,0.00,0.00
2014.10.08 17:49:16.770,12.05672,12.05968,0.00,0.00
2014.10.08 17:49:16.821,12.05642,12.05968,0.00,0.00
2014.10.08 17:49:17.297,12.0564,12.05968,0.00,0.00
2014.10.08 17:49:17.588,12.05623,12.05967,0.00,0.00
2014.10.08 17:49:18.064,12.05656,12.05968,0.00,0.00
2014.10.08 17:49:18.366,12.05664,12.05918,0.00,0.00
2014.10.08 17:49:18.712,12.0569,12.05918,0.00,0.00
2014.10.08 17:49:18.970,12.05727,12.06019,0.00,0.00
2014.10.08 17:49:19.070,12.05746,12.06019,0.00,0.00
2014.10.08 17:49:20.384,12.05746,12.05972,0.00,0.00
2014.10.08 17:49:20.484,12.05726,12.05969,0.00,0.00
2014.10.08 17:49:20.585,12.05689,12.05969,0.00,0.00
2014.10.08 17:49:22.902,12.05689,12.05972,0.00,0.00
2014.10.08 17:49:23.003,12.05722,12.06018,0.00,0.00
2014.10.08 17:49:23.724,12.05696,12.06018,0.00,0.00
2014.10.08 17:49:24.079,12.05721,12.06018,0.00,0.00
2014.10.08 17:49:24.479,12.05743,12.06018,0.00,0.00
2014.10.08 17:49:26.482,12.0573,12.06018,0.00,0.00
2014.10.08 17:49:27.284,12.05754,12.06018,0.00,0.00
2014.10.08 17:49:29.613,12.05741,12.06018,0.00,0.00
2014.10.08 17:49:30.940,12.05698,12.06018,0.00,0.00
2014.10.08 17:49:31.791,12.05731,12.06018,0.00,0.00
2014.10.08 17:49:32.604,12.05718,12.06018,0.00,0.00
2014.10.08 17:49:33.113,12.05718,12.05969,0.00,0.00
2014.10.08 17:49:33.215,12.05689,12.05969,0.00,0.00
2014.10.08 17:49:34.046,12.05652,12.05969,0.00,0.00
2014.10.08 17:49:34.096,12.05652,12.05932,0.00,0.00
2014.10.08 17:49:34.147,12.05633,12.05932,0.00,0.00
2014.10.08 17:49:34.406,12.05686,12.05932,0.00,0.00
2014.10.08 17:49:34.761,12.05686,12.05918,0.00,0.00
2014.10.08 17:49:34.812,12.05675,12.05918,0.00,0.00
2014.10.08 17:49:40.221,12.05645,12.05918,0.00,0.00
2014.10.08 17:49:40.430,12.05656,12.05918,0.00,0.00
2014.10.08 17:49:43.229,12.05645,12.05918,0.00,0.00
2014.10.08 17:49:43.840,12.05665,12.05918,0.00,0.00
2014.10.08 17:49:52.973,12.05685,12.05918,0.00,0.00
2014.10.08 17:49:54.775,12.05663,12.05918,0.00,0.00
2014.10.08 17:49:55.219,12.05653,12.05918,0.00,0.00
2014.10.08 17:49:55.717,12.05666,12.05918,0.00,0.00
2014.10.08 17:49:56.296,12.05654,12.05918,0.00,0.00
2014.10.08 17:49:57.079,12.05673,12.05918,0.00,0.00
2014.10.08 17:49:57.987,12.05644,12.05918,0.00,0.00
2014.10.08 17:49:58.281,12.05656,12.05918,0.00,0.00
2014.10.08 17:49:58.682,12.05644,12.05918,0.00,0.00
2014.10.08 17:49:59.183,12.05656,12.05918,0.00,0.00
2014.10.08 17:49:59.545,12.05673,12.05918,0.00,0.00
2014.10.08 17:50:00.178,12.05673,12.05868,0.00,0.00
2014.10.08 17:50:00.228,12.05596,12.05868,0.00,0.00
2014.10.08 17:50:00.329,12.05643,12.05868,0.00,0.00
2014.10.08 17:50:00.666,12.05663,12.05868,0.00,0.00
2014.10.08 17:50:00.716,12.05639,12.05868,0.00,0.00
2014.10.08 17:50:01.494,12.05639,12.05919,0.00,0.00
2014.10.08 17:50:02.557,12.05639,12.05881,0.00,0.00
2014.10.08 17:50:02.608,12.05595,12.05881,0.00,0.00
2014.10.08 17:50:02.924,12.05595,12.05869,0.00,0.00
2014.10.08 17:50:03.193,12.05549,12.05831,0.00,0.00
2014.10.08 17:50:03.493,12.05572,12.05831,0.00,0.00
2014.10.08 17:50:03.838,12.05588,12.05831,0.00,0.00
2014.10.08 17:50:04.196,12.05577,12.05831,0.00,0.00
2014.10.08 17:50:04.247,12.05577,12.05818,0.00,0.00
2014.10.08 17:50:04.996,12.05563,12.05818,0.00,0.00
2014.10.08 17:50:05.118,12.05541,12.05818,0.00,0.00
2014.10.08 17:50:05.219,12.05512,12.05781,0.00,0.00
2014.10.08 17:50:05.538,12.05481,12.05719,0.00,0.00
2014.10.08 17:50:05.798,12.05468,12.05719,0.00,0.00
2014.10.08 17:50:06.099,12.0544,12.05719,0.00,0.00
2014.10.08 17:50:06.200,12.05426,12.05719,0.00,0.00
2014.10.08 17:50:06.300,12.05439,12.05719,0.00,0.00
2014.10.08 17:50:07.002,12.05457,12.05719,0.00,0.00
2014.10.08 17:50:07.849,12.05433,12.05719,0.00,0.00
2014.10.08 17:50:07.949,12.05459,12.05719,0.00,0.00
2014.10.08 17:50:08.205,12.05434,12.05719,0.00,0.00
2014.10.08 17:50:08.386,12.05459,12.05719,0.00,0.00
2014.10.08 17:50:08.486,12.05481,12.05769,0.00,0.00
2014.10.08 17:50:08.737,12.05466,12.05769,0.00,0.00
2014.10.08 17:50:08.840,12.05479,12.05769,0.00,0.00
2014.10.08 17:50:09.765,12.05479,12.05718,0.00,0.00
2014.10.08 17:50:09.908,12.05463,12.05718,0.00,0.00
2014.10.08 17:50:12.159,12.0545,12.05718,0.00,0.00
2014.10.08 17:50:12.665,12.05473,12.05718,0.00,0.00
2014.10.08 17:50:12.716,12.05462,12.05718,0.00,0.00
2014.10.08 17:50:13.271,12.05433,12.05718,0.00,0.00
2014.10.08 17:50:13.716,12.05412,12.05718,0.00,0.00
2014.10.08 17:50:14.518,12.05424,12.05718,0.00,0.00
2014.10.08 17:50:16.203,12.05424,12.0562,0.00,0.00
2014.10.08 17:50:16.254,12.05408,12.0562,0.00,0.00
2014.10.08 17:50:16.354,12.05348,12.05621,0.00,0.00
2014.10.08 17:50:16.525,12.05331,12.0562,0.00,0.00
2014.10.08 17:50:16.761,12.05348,12.0562,0.00,0.00
2014.10.08 17:50:16.922,12.05373,12.05669,0.00,0.00
2014.10.08 17:50:17.223,12.05348,12.05669,0.00,0.00
2014.10.08 17:50:17.595,12.05348,12.05618,0.00,0.00
2014.10.08 17:50:17.924,12.05359,12.05618,0.00,0.00
2014.10.08 17:50:18.275,12.05372,12.05618,0.00,0.00
2014.10.08 17:50:19.072,12.05316,12.05618,0.00,0.00
2014.10.08 17:50:19.826,12.05337,12.05618,0.00,0.00
2014.10.08 17:50:19.927,12.05325,12.05618,0.00,0.00
2014.10.08 17:50:20.028,12.05348,12.05618,0.00,0.00
2014.10.08 17:50:20.327,12.05316,12.05618,0.00,0.00
2014.10.08 17:50:20.428,12.05352,12.05618,0.00,0.00
2014.10.08 17:50:20.790,12.05359,12.05621,0.00,0.00
2014.10.08 17:50:22.319,12.05359,12.0562,0.00,0.00
2014.10.08 17:50:23.691,12.05359,12.05621,0.00,0.00
2014.10.08 17:50:24.723,12.05359,12.05618,0.00,0.00
2014.10.08 17:50:24.824,12.05308,12.05618,0.00,0.00
2014.10.08 17:50:27.914,12.05312,12.0562,0.00,0.00
2014.10.08 17:50:28.262,12.05412,12.05668,0.00,0.00
2014.10.08 17:50:28.652,12.05408,12.05668,0.00,0.00
2014.10.08 17:50:29.354,12.05408,12.05719,0.00,0.00
2014.10.08 17:50:29.454,12.05412,12.05719,0.00,0.00
2014.10.08 17:50:30.055,12.05408,12.05719,0.00,0.00
2014.10.08 17:50:32.328,12.05412,12.05719,0.00,0.00
2014.10.08 17:50:34.089,12.05408,12.05719,0.00,0.00
2014.10.08 17:50:35.664,12.05402,12.05712,0.00,0.00
2014.10.08 17:50:35.993,12.05312,12.05662,0.00,0.00
2014.10.08 17:50:37.044,12.05312,12.05618,0.00,0.00
2014.10.08 17:50:39.243,12.05312,12.05662,0.00,0.00
2014.10.08 17:50:39.294,12.05359,12.05669,0.00,0.00
2014.10.08 17:50:39.665,12.05411,12.05669,0.00,0.00
2014.10.08 17:50:40.018,12.05409,12.05669,0.00,0.00
2014.10.08 17:50:40.069,12.05392,12.05669,0.00,0.00
2014.10.08 17:50:40.120,12.05366,12.05669,0.00,0.00
2014.10.08 17:50:40.283,12.05366,12.05661,0.00,0.00
2014.10.08 17:50:40.673,12.05366,12.05618,0.00,0.00
2014.10.08 17:50:40.993,12.05463,12.05618,0.00,0.00
2014.10.08 17:50:41.193,12.0543,12.05618,0.00,0.00
2014.10.08 17:50:41.323,12.05455,12.05618,0.00,0.00
2014.10.08 17:50:41.374,12.05455,12.05718,0.00,0.00
2014.10.08 17:50:41.884,12.05476,12.05718,0.00,0.00
2014.10.08 17:50:42.763,12.05476,12.05768,0.00,0.00
2014.10.08 17:50:42.814,12.05476,12.05762,0.00,0.00
2014.10.08 17:50:42.987,12.05412,12.05734,0.00,0.00
2014.10.08 17:50:43.173,12.05412,12.05712,0.00,0.00
2014.10.08 17:50:43.530,12.05392,12.05669,0.00,0.00
2014.10.08 17:50:44.370,12.05408,12.05669,0.00,0.00
2014.10.08 17:50:44.774,12.05453,12.05669,0.00,0.00
2014.10.08 17:50:44.853,12.05453,12.05718,0.00,0.00
2014.10.08 17:50:45.493,12.05444,12.05718,0.00,0.00
2014.10.08 17:50:48.225,12.05455,12.05718,0.00,0.00
2014.10.08 17:50:49.004,12.05444,12.05718,0.00,0.00
2014.10.08 17:50:49.237,12.05431,12.05718,0.00,0.00
2014.10.08 17:50:49.539,12.05444,12.05718,0.00,0.00
2014.10.08 17:50:50.128,12.05455,12.05718,0.00,0.00
2014.10.08 17:50:50.258,12.05439,12.05718,0.00,0.00
2014.10.08 17:50:50.611,12.05408,12.05718,0.00,0.00
2014.10.08 17:50:50.712,12.05408,12.05669,0.00,0.00
2014.10.08 17:50:50.762,12.05386,12.05669,0.00,0.00
2014.10.08 17:50:52.120,12.05392,12.05712,0.00,0.00
2014.10.08 17:50:52.170,12.05409,12.05719,0.00,0.00
2014.10.08 17:50:52.321,12.05366,12.05708,0.00,0.00
2014.10.08 17:50:52.450,12.05378,12.05711,0.00,0.00
2014.10.08 17:50:53.439,12.05378,12.05669,0.00,0.00
2014.10.08 17:50:53.770,12.05388,12.05669,0.00,0.00
2014.10.08 17:50:55.648,12.05403,12.05711,0.00,0.00
2014.10.08 17:50:55.699,12.05408,12.05719,0.00,0.00
2014.10.08 17:50:55.750,12.05424,12.05719,0.00,0.00
2014.10.08 17:50:56.226,12.05449,12.05719,0.00,0.00
2014.10.08 17:50:57.401,12.05449,12.05762,0.00,0.00
2014.10.08 17:50:57.451,12.05529,12.05768,0.00,0.00
2014.10.08 17:50:57.833,12.05541,12.05768,0.00,0.00
2014.10.08 17:50:58.436,12.0552,12.05768,0.00,0.00
2014.10.08 17:50:58.582,12.05532,12.05768,0.00,0.00
2014.10.08 17:50:58.824,12.05532,12.05819,0.00,0.00
2014.10.08 17:50:59.941,12.0552,12.05819,0.00,0.00
2014.10.08 17:51:04.958,12.05519,12.05819,0.00,0.00
2014.10.08 17:51:05.677,12.05543,12.05819,0.00,0.00
2014.10.08 17:51:06.007,12.05565,12.05819,0.00,0.00
2014.10.08 17:51:06.864,12.05555,12.05819,0.00,0.00
2014.10.08 17:51:06.914,12.05568,12.05819,0.00,0.00
2014.10.08 17:51:06.965,12.05568,12.05869,0.00,0.00
2014.10.08 17:51:07.065,12.05634,12.05869,0.00,0.00
2014.10.08 17:51:07.466,12.05623,12.05869,0.00,0.00
2014.10.08 17:51:07.666,12.05634,12.05869,0.00,0.00
2014.10.08 17:51:08.393,12.05634,12.05918,0.00,0.00
2014.10.08 17:51:08.700,12.05623,12.05918,0.00,0.00
2014.10.08 17:51:10.086,12.05634,12.05918,0.00,0.00
2014.10.08 17:51:10.372,12.05624,12.05918,0.00,0.00
2014.10.08 17:51:10.573,12.05634,12.05918,0.00,0.00
2014.10.08 17:51:10.960,12.05634,12.05968,0.00,0.00
2014.10.08 17:51:11.011,12.05717,12.05968,0.00,0.00
2014.10.08 17:51:11.569,12.05728,12.05968,0.00,0.00
2014.10.08 17:51:12.013,12.05673,12.05968,0.00,0.00
2014.10.08 17:51:13.783,12.05673,12.06012,0.00,0.00
2014.10.08 17:51:13.833,12.05708,12.06017,0.00,0.00
2014.10.08 17:51:14.197,12.05724,12.06018,0.00,0.00
2014.10.08 17:51:14.713,12.05758,12.06018,0.00,0.00
2014.10.08 17:51:15.044,12.05708,12.06018,0.00,0.00
2014.10.08 17:51:18.292,12.05711,12.06062,0.00,0.00
2014.10.08 17:51:18.343,12.05758,12.06069,0.00,0.00
2014.10.08 17:51:18.832,12.05809,12.06069,0.00,0.00
2014.10.08 17:51:19.724,12.05809,12.06118,0.00,0.00
2014.10.08 17:51:25.863,12.05858,12.06169,0.00,0.00
2014.10.08 17:51:25.914,12.05868,12.06169,0.00,0.00
2014.10.08 17:51:26.427,12.05908,12.06169,0.00,0.00
2014.10.08 17:51:27.202,12.05908,12.06219,0.00,0.00
2014.10.08 17:51:30.947,12.05908,12.06259,0.00,0.00
2014.10.08 17:51:32.262,12.05908,12.06209,0.00,0.00
2014.10.08 17:51:32.363,12.05858,12.06209,0.00,0.00
2014.10.08 17:51:34.512,12.05847,12.06161,0.00,0.00
2014.10.08 17:51:34.663,12.05809,12.06158,0.00,0.00
2014.10.08 17:51:35.613,12.05858,12.06158,0.00,0.00
2014.10.08 17:51:35.714,12.05881,12.06212,0.00,0.00
2014.10.08 17:51:35.942,12.05908,12.06259,0.00,0.00
2014.10.08 17:51:49.904,12.05908,12.06209,0.00,0.00
2014.10.08 17:51:50.406,12.05929,12.06209,0.00,0.00
2014.10.08 17:51:51.232,12.05929,12.06258,0.00,0.00
2014.10.08 17:51:55.173,12.0596,12.06261,0.00,0.00
2014.10.08 17:51:55.223,12.05969,12.06304,0.00,0.00
2014.10.08 17:51:55.273,12.06025,12.06309,0.00,0.00
2014.10.08 17:51:55.630,12.06023,12.06309,0.00,0.00
2014.10.08 17:51:56.572,12.06023,12.06358,0.00,0.00
2014.10.08 17:51:57.537,12.06037,12.06358,0.00,0.00
2014.10.08 17:51:59.048,12.06024,12.06358,0.00,0.00
2014.10.08 17:51:59.422,12.06024,12.0627,0.00,0.00
2014.10.08 17:51:59.523,12.05968,12.06258,0.00,0.00
2014.10.08 17:51:59.728,12.0595,12.06258,0.00,0.00
2014.10.08 17:51:59.778,12.05974,12.06258,0.00,0.00
2014.10.08 17:51:59.855,12.0595,12.06258,0.00,0.00
2014.10.08 17:52:00.601,12.05962,12.06258,0.00,0.00
2014.10.08 17:52:00.806,12.05975,12.06308,0.00,0.00
2014.10.08 17:52:00.862,12.05994,12.06308,0.00,0.00
2014.10.08 17:52:01.064,12.05981,12.06308,0.00,0.00
2014.10.08 17:52:01.667,12.05968,12.06302,0.00,0.00
2014.10.08 17:52:01.719,12.05958,12.06261,0.00,0.00
2014.10.08 17:52:01.918,12.05983,12.06308,0.00,0.00
2014.10.08 17:52:01.970,12.05993,12.06308,0.00,0.00
2014.10.08 17:52:02.071,12.05982,12.06308,0.00,0.00
2014.10.08 17:52:02.864,12.05982,12.06259,0.00,0.00
2014.10.08 17:52:02.914,12.05927,12.06259,0.00,0.00
2014.10.08 17:52:03.077,12.05948,12.06259,0.00,0.00
2014.10.08 17:52:03.379,12.05973,12.06259,0.00,0.00
2014.10.08 17:52:03.741,12.05992,12.06259,0.00,0.00
2014.10.08 17:52:03.882,12.05979,12.06259,0.00,0.00
2014.10.08 17:52:04.292,12.05979,12.06309,0.00,0.00
2014.10.08 17:52:06.493,12.05981,12.06322,0.00,0.00
2014.10.08 17:52:06.544,12.06018,12.06323,0.00,0.00
2014.10.08 17:52:06.594,12.0603,12.06359,0.00,0.00
2014.10.08 17:52:10.123,12.06031,12.06371,0.00,0.00
2014.10.08 17:52:10.225,12.06057,12.06372,0.00,0.00
2014.10.08 17:52:10.275,12.06069,12.06401,0.00,0.00
2014.10.08 17:52:10.326,12.06126,12.06409,0.00,0.00
2014.10.08 17:52:11.591,12.06126,12.06459,0.00,0.00
2014.10.08 17:52:12.912,12.06127,12.06459,0.00,0.00
2014.10.08 17:52:17.272,12.06127,12.06419,0.00,0.00
2014.10.08 17:52:23.469,12.06141,12.06419,0.00,0.00
2014.10.08 17:52:25.577,12.06129,12.06419,0.00,0.00
2014.10.08 17:52:25.642,12.06143,12.06419,0.00,0.00
2014.10.08 17:52:26.144,12.0613,12.06419,0.00,0.00
2014.10.08 17:52:26.982,12.06158,12.06419,0.00,0.00
2014.10.08 17:52:27.083,12.06166,12.06469,0.00,0.00
2014.10.08 17:52:27.183,12.06219,12.06469,0.00,0.00
2014.10.08 17:52:27.485,12.06261,12.06469,0.00,0.00
2014.10.08 17:52:27.586,12.06258,12.06469,0.00,0.00
2014.10.08 17:52:27.751,12.06209,12.06469,0.00,0.00
2014.10.08 17:52:28.383,12.06209,12.06519,0.00,0.00
2014.10.08 17:52:28.632,12.06258,12.06519,0.00,0.00
2014.10.08 17:52:28.948,12.06261,12.06519,0.00,0.00
2014.10.08 17:52:29.048,12.06278,12.06612,0.00,0.00
2014.10.08 17:52:30.692,12.06361,12.06612,0.00,0.00
2014.10.08 17:52:30.742,12.06408,12.06699,0.00,0.00
2014.10.08 17:52:30.843,12.06408,12.06719,0.00,0.00
2014.10.08 17:52:31.381,12.06366,12.06712,0.00,0.00
2014.10.08 17:52:31.432,12.06366,12.06671,0.00,0.00
2014.10.08 17:52:31.798,12.06319,12.06619,0.00,0.00
2014.10.08 17:52:34.110,12.06309,12.06518,0.00,0.00
2014.10.08 17:52:34.160,12.06282,12.06518,0.00,0.00
2014.10.08 17:52:34.211,12.06259,12.06518,0.00,0.00
2014.10.08 17:52:34.354,12.06309,12.06518,0.00,0.00
2014.10.08 17:52:34.761,12.06321,12.06619,0.00,0.00
2014.10.08 17:52:35.809,12.06309,12.06619,0.00,0.00
2014.10.08 17:52:36.065,12.06322,12.06619,0.00,0.00
2014.10.08 17:52:36.166,12.06309,12.06619,0.00,0.00
2014.10.08 17:52:38.870,12.06316,12.06619,0.00,0.00
2014.10.08 17:52:39.570,12.0633,12.06619,0.00,0.00
2014.10.08 17:52:39.620,12.0633,12.06658,0.00,0.00
2014.10.08 17:52:39.671,12.06386,12.06668,0.00,0.00
2014.10.08 17:52:39.978,12.06518,12.06668,0.00,0.00
2014.10.08 17:52:40.101,12.06468,12.06668,0.00,0.00
2014.10.08 17:52:40.441,12.06371,12.06668,0.00,0.00
2014.10.08 17:52:40.492,12.06368,12.06664,0.00,0.00
2014.10.08 17:52:40.645,12.06322,12.06664,0.00,0.00
2014.10.08 17:52:41.059,12.06322,12.06619,0.00,0.00
2014.10.08 17:52:41.274,12.06319,12.06619,0.00,0.00
2014.10.08 17:52:41.885,12.06338,12.06619,0.00,0.00
2014.10.08 17:52:42.901,12.06338,12.06668,0.00,0.00
2014.10.08 17:52:43.009,12.06349,12.06668,0.00,0.00
2014.10.08 17:52:43.352,12.06364,12.06668,0.00,0.00
2014.10.08 17:52:44.782,12.06351,12.06668,0.00,0.00
2014.10.08 17:52:44.982,12.06362,12.06668,0.00,0.00
2014.10.08 17:52:45.671,12.06362,12.06671,0.00,0.00
2014.10.08 17:52:45.772,12.06368,12.06694,0.00,0.00
2014.10.08 17:52:45.822,12.06432,12.06719,0.00,0.00
2014.10.08 17:52:45.885,12.06418,12.06719,0.00,0.00
2014.10.08 17:52:45.935,12.06418,12.06671,0.00,0.00
2014.10.08 17:52:45.986,12.06361,12.06671,0.00,0.00
2014.10.08 17:52:46.286,12.0639,12.06671,0.00,0.00
2014.10.08 17:52:46.601,12.06322,12.06618,0.00,0.00
2014.10.08 17:52:48.025,12.06344,12.06618,0.00,0.00
2014.10.08 17:52:48.355,12.06355,12.06618,0.00,0.00
2014.10.08 17:52:48.511,12.06355,12.06668,0.00,0.00
2014.10.08 17:52:48.612,12.06373,12.06668,0.00,0.00
2014.10.08 17:52:48.791,12.06371,12.06668,0.00,0.00
2014.10.08 17:52:48.902,12.06394,12.06668,0.00,0.00
2014.10.08 17:52:49.205,12.06383,12.06668,0.00,0.00
2014.10.08 17:52:49.724,12.06384,12.06668,0.00,0.00
2014.10.08 17:52:49.825,12.06426,12.06668,0.00,0.00
2014.10.08 17:52:49.875,12.06426,12.06719,0.00,0.00
2014.10.08 17:52:50.630,12.06411,12.06719,0.00,0.00
2014.10.08 17:52:50.731,12.06392,12.06719,0.00,0.00
2014.10.08 17:52:51.041,12.06461,12.06721,0.00,0.00
2014.10.08 17:52:51.141,12.06502,12.06819,0.00,0.00
2014.10.08 17:52:51.192,12.06529,12.06819,0.00,0.00
2014.10.08 17:52:51.542,12.06521,12.06819,0.00,0.00
2014.10.08 17:52:51.897,12.06536,12.06819,0.00,0.00
2014.10.08 17:52:51.998,12.06532,12.06819,0.00,0.00
2014.10.08 17:52:52.999,12.06507,12.06819,0.00,0.00
2014.10.08 17:52:53.049,12.06507,12.0677,0.00,0.00
2014.10.08 17:52:53.100,12.06491,12.0677,0.00,0.00
2014.10.08 17:52:53.214,12.06431,12.0677,0.00,0.00
2014.10.08 17:52:53.381,12.06431,12.06721,0.00,0.00
2014.10.08 17:52:57.609,12.06418,12.06721,0.00,0.00
2014.10.08 17:52:59.870,12.06431,12.06721,0.00,0.00
2014.10.08 17:52:59.921,12.06469,12.06782,0.00,0.00
2014.10.08 17:53:00.008,12.0648,12.06782,0.00,0.00
2014.10.08 17:53:00.109,12.06468,12.06782,0.00,0.00
2014.10.08 17:53:00.210,12.06538,12.06809,0.00,0.00
2014.10.08 17:53:01.010,12.06519,12.06809,0.00,0.00
2014.10.08 17:53:01.345,12.06519,12.06831,0.00,0.00
2014.10.08 17:53:02.943,12.06528,12.06831,0.00,0.00
2014.10.08 17:53:03.013,12.06511,12.06831,0.00,0.00
2014.10.08 17:53:03.063,12.06511,12.06782,0.00,0.00
2014.10.08 17:53:03.114,12.06436,12.06771,0.00,0.00
2014.10.08 17:53:03.330,12.06457,12.06721,0.00,0.00
2014.10.08 17:53:03.634,12.06444,12.06721,0.00,0.00
2014.10.08 17:53:03.836,12.06432,12.06721,0.00,0.00
2014.10.08 17:53:04.415,12.06445,12.06721,0.00,0.00
2014.10.08 17:53:05.459,12.06458,12.06721,0.00,0.00
2014.10.08 17:53:05.917,12.06481,12.06721,0.00,0.00
2014.10.08 17:53:06.418,12.0647,12.06721,0.00,0.00
2014.10.08 17:53:06.519,12.06432,12.06721,0.00,0.00
2014.10.08 17:53:06.930,12.06443,12.06721,0.00,0.00
2014.10.08 17:53:07.463,12.06455,12.06721,0.00,0.00
2014.10.08 17:53:07.621,12.06443,12.06721,0.00,0.00
2014.10.08 17:53:08.722,12.06456,12.06721,0.00,0.00
2014.10.08 17:53:09.023,12.06444,12.06721,0.00,0.00
2014.10.08 17:53:09.826,12.06431,12.06721,0.00,0.00
2014.10.08 17:53:10.045,12.06457,12.06721,0.00,0.00
2014.10.08 17:53:10.557,12.0653,12.06781,0.00,0.00
2014.10.08 17:53:10.769,12.06547,12.06809,0.00,0.00
2014.10.08 17:53:11.830,12.06547,12.06832,0.00,0.00
2014.10.08 17:53:13.456,12.06527,12.06832,0.00,0.00
2014.10.08 17:53:15.039,12.06547,12.06819,0.00,0.00
2014.10.08 17:53:16.036,12.06527,12.06819,0.00,0.00
2014.10.08 17:53:16.136,12.06548,12.06819,0.00,0.00
2014.10.08 17:53:16.260,12.06527,12.06819,0.00,0.00
2014.10.08 17:53:16.780,12.06527,12.06832,0.00,0.00
2014.10.08 17:53:16.831,12.06529,12.06869,0.00,0.00
2014.10.08 17:53:16.881,12.06557,12.06869,0.00,0.00
2014.10.08 17:53:17.225,12.06579,12.06869,0.00,0.00
2014.10.08 17:53:17.376,12.06527,12.06832,0.00,0.00
2014.10.08 17:53:18.211,12.06527,12.06819,0.00,0.00
2014.10.08 17:53:19.443,12.06552,12.06819,0.00,0.00
2014.10.08 17:53:19.544,12.06527,12.06819,0.00,0.00
2014.10.08 17:53:25.404,12.06579,12.06819,0.00,0.00
2014.10.08 17:53:25.505,12.06579,12.06919,0.00,0.00
2014.10.08 17:53:25.555,12.06622,12.06919,0.00,0.00
2014.10.08 17:53:25.878,12.06629,12.06919,0.00,0.00
2014.10.08 17:53:26.251,12.06623,12.06919,0.00,0.00
2014.10.08 17:53:26.597,12.06664,12.06919,0.00,0.00
2014.10.08 17:53:26.698,12.06651,12.06919,0.00,0.00
2014.10.08 17:53:26.855,12.06633,12.06919,0.00,0.00
2014.10.08 17:53:31.312,12.06633,12.06868,0.00,0.00
2014.10.08 17:53:31.362,12.06571,12.06868,0.00,0.00
2014.10.08 17:53:31.413,12.06529,12.06868,0.00,0.00
2014.10.08 17:53:31.990,12.06529,12.06859,0.00,0.00
2014.10.08 17:53:32.652,12.06529,12.06818,0.00,0.00
2014.10.08 17:53:33.200,12.06504,12.06781,0.00,0.00
2014.10.08 17:53:33.301,12.06488,12.06771,0.00,0.00
2014.10.08 17:53:33.402,12.06439,12.06718,0.00,0.00
2014.10.08 17:53:36.114,12.06445,12.06718,0.00,0.00
2014.10.08 17:53:36.768,12.06413,12.06718,0.00,0.00
2014.10.08 17:53:36.869,12.06432,12.06718,0.00,0.00
2014.10.08 17:53:37.419,12.06457,12.06718,0.00,0.00
2014.10.08 17:53:37.470,12.06431,12.06718,0.00,0.00
2014.10.08 17:53:38.591,12.06473,12.06722,0.00,0.00
2014.10.08 17:53:38.641,12.06479,12.0677,0.00,0.00
2014.10.08 17:53:38.932,12.06461,12.06722,0.00,0.00
2014.10.08 17:53:39.341,12.06431,12.06719,0.00,0.00
2014.10.08 17:53:39.441,12.06412,12.06719,0.00,0.00
2014.10.08 17:53:40.380,12.06396,12.06719,0.00,0.00
2014.10.08 17:53:40.489,12.06396,12.06672,0.00,0.00
2014.10.08 17:53:40.847,12.06396,12.06668,0.00,0.00
2014.10.08 17:53:40.975,12.06384,12.06668,0.00,0.00
2014.10.08 17:53:41.622,12.06449,12.06668,0.00,0.00
2014.10.08 17:53:42.090,12.06449,12.06719,0.00,0.00
2014.10.08 17:53:43.378,12.06433,12.06719,0.00,0.00
2014.10.08 17:53:45.681,12.0645,12.06719,0.00,0.00
2014.10.08 17:53:46.193,12.06438,12.06719,0.00,0.00
2014.10.08 17:53:46.389,12.0645,12.06719,0.00,0.00
2014.10.08 17:53:46.582,12.06427,12.06719,0.00,0.00
2014.10.08 17:53:47.097,12.06452,12.06719,0.00,0.00
2014.10.08 17:53:47.610,12.06434,12.06719,0.00,0.00
2014.10.08 17:53:47.887,12.06457,12.06719,0.00,0.00
2014.10.08 17:53:48.127,12.06432,12.06719,0.00,0.00
2014.10.08 17:53:48.833,12.06444,12.06719,0.00,0.00
2014.10.08 17:53:50.091,12.0643,12.06719,0.00,0.00
2014.10.08 17:53:50.291,12.06454,12.06719,0.00,0.00
2014.10.08 17:53:50.892,12.06441,12.06719,0.00,0.00
2014.10.08 17:53:57.326,12.06426,12.06719,0.00,0.00
2014.10.08 17:53:57.427,12.06452,12.06761,0.00,0.00
2014.10.08 17:53:57.536,12.06465,12.06768,0.00,0.00
2014.10.08 17:53:57.838,12.06541,12.06768,0.00,0.00
2014.10.08 17:53:58.300,12.06611,12.06768,0.00,0.00
2014.10.08 17:53:58.809,12.06611,12.06818,0.00,0.00
2014.10.08 17:53:58.989,12.06602,12.06818,0.00,0.00
2014.10.08 17:53:59.090,12.06608,12.06818,0.00,0.00
2014.10.08 17:53:59.191,12.06602,12.06818,0.00,0.00
2014.10.08 17:53:59.356,12.06681,12.06818,0.00,0.00
2014.10.08 17:53:59.507,12.06681,12.06918,0.00,0.00
2014.10.08 17:54:01.524,12.06638,12.06918,0.00,0.00
2014.10.08 17:54:10.660,12.0665,12.06918,0.00,0.00
2014.10.08 17:54:11.527,12.06637,12.06918,0.00,0.00
2014.10.08 17:54:12.128,12.06628,12.06918,0.00,0.00
2014.10.08 17:54:12.331,12.06648,12.06918,0.00,0.00
2014.10.08 17:54:12.428,12.06629,12.06918,0.00,0.00
2014.10.08 17:54:20.460,12.06639,12.06918,0.00,0.00
2014.10.08 17:54:21.760,12.06629,12.06918,0.00,0.00
2014.10.08 17:54:23.763,12.06649,12.06918,0.00,0.00
2014.10.08 17:54:26.570,12.06629,12.06918,0.00,0.00
2014.10.08 17:54:27.187,12.06652,12.06918,0.00,0.00
2014.10.08 17:54:27.372,12.06628,12.06918,0.00,0.00
2014.10.08 17:54:30.717,12.06628,12.06968,0.00,0.00
2014.10.08 17:54:30.767,12.06658,12.06968,0.00,0.00
2014.10.08 17:54:31.026,12.06641,12.06968,0.00,0.00
2014.10.08 17:54:31.127,12.06701,12.06968,0.00,0.00
2014.10.08 17:54:31.479,12.06709,12.06968,0.00,0.00
2014.10.08 17:54:31.830,12.06728,12.06968,0.00,0.00
2014.10.08 17:54:32.139,12.06744,12.07019,0.00,0.00
2014.10.08 17:54:32.380,12.06701,12.06998,0.00,0.00
2014.10.08 17:54:32.431,12.06661,12.06998,0.00,0.00
2014.10.08 17:54:32.484,12.06679,12.07019,0.00,0.00
2014.10.08 17:54:32.599,12.06709,12.07019,0.00,0.00
2014.10.08 17:54:33.040,12.06719,12.07019,0.00,0.00
2014.10.08 17:54:34.183,12.06709,12.07019,0.00,0.00
2014.10.08 17:54:34.686,12.06709,12.06969,0.00,0.00
2014.10.08 17:54:34.736,12.06702,12.06969,0.00,0.00
2014.10.08 17:54:34.787,12.06665,12.06969,0.00,0.00
2014.10.08 17:54:34.884,12.06676,12.06969,0.00,0.00
2014.10.08 17:54:36.539,12.06676,12.06918,0.00,0.00
2014.10.08 17:54:36.590,12.06662,12.06918,0.00,0.00
2014.10.08 17:54:36.690,12.06638,12.06918,0.00,0.00
2014.10.08 17:54:37.236,12.06622,12.06918,0.00,0.00
2014.10.08 17:54:37.412,12.06636,12.06918,0.00,0.00
2014.10.08 17:54:38.013,12.06654,12.06918,0.00,0.00
2014.10.08 17:54:38.725,12.06643,12.06918,0.00,0.00
2014.10.08 17:54:38.958,12.06643,12.06958,0.00,0.00
2014.10.08 17:54:41.196,12.06631,12.06958,0.00,0.00
2014.10.08 17:54:42.122,12.06643,12.06958,0.00,0.00
2014.10.08 17:54:45.110,12.06664,12.06958,0.00,0.00
2014.10.08 17:54:45.161,12.06664,12.06971,0.00,0.00
2014.10.08 17:54:45.211,12.06694,12.06971,0.00,0.00
2014.10.08 17:54:45.262,12.06694,12.07009,0.00,0.00
2014.10.08 17:54:45.312,12.06729,12.07009,0.00,0.00
2014.10.08 17:54:45.612,12.06709,12.07009,0.00,0.00
2014.10.08 17:54:45.663,12.06709,12.06971,0.00,0.00
2014.10.08 17:54:45.713,12.06661,12.06971,0.00,0.00
2014.10.08 17:54:45.814,12.06666,12.0697,0.00,0.00
2014.10.08 17:54:45.864,12.06666,12.07009,0.00,0.00
2014.10.08 17:54:45.915,12.06677,12.07009,0.00,0.00
2014.10.08 17:54:48.130,12.06666,12.07009,0.00,0.00
2014.10.08 17:54:48.919,12.06658,12.06996,0.00,0.00
2014.10.08 17:54:49.020,12.06631,12.0697,0.00,0.00
2014.10.08 17:54:49.541,12.06627,12.06959,0.00,0.00
2014.10.08 17:54:50.249,12.06649,12.06959,0.00,0.00
2014.10.08 17:54:51.162,12.06638,12.06959,0.00,0.00
2014.10.08 17:54:51.313,12.06681,12.0697,0.00,0.00
2014.10.08 17:54:51.363,12.06681,12.0698,0.00,0.00
2014.10.08 17:54:51.478,12.06741,12.07012,0.00,0.00
2014.10.08 17:54:51.529,12.06759,12.07059,0.00,0.00
2014.10.08 17:54:52.428,12.06729,12.07059,0.00,0.00
2014.10.08 17:54:52.635,12.06717,12.06971,0.00,0.00
2014.10.08 17:54:52.736,12.06658,12.0697,0.00,0.00
2014.10.08 17:54:52.838,12.06649,12.0697,0.00,0.00
2014.10.08 17:54:53.031,12.0666,12.0697,0.00,0.00
2014.10.08 17:54:53.142,12.0666,12.06972,0.00,0.00
2014.10.08 17:54:53.232,12.06688,12.06972,0.00,0.00
2014.10.08 17:54:54.138,12.06688,12.06959,0.00,0.00
2014.10.08 17:54:54.666,12.06675,12.06959,0.00,0.00
2014.10.08 17:54:54.767,12.06663,12.06959,0.00,0.00
2014.10.08 17:54:55.743,12.06647,12.06959,0.00,0.00
2014.10.08 17:54:57.559,12.06658,12.06959,0.00,0.00
2014.10.08 17:54:57.761,12.06646,12.06959,0.00,0.00
2014.10.08 17:55:00.079,12.06646,12.06971,0.00,0.00
2014.10.08 17:55:00.243,12.06659,12.0699,0.00,0.00
2014.10.08 17:55:00.293,12.06686,12.0697,0.00,0.00
2014.10.08 17:55:00.400,12.06684,12.06971,0.00,0.00
2014.10.08 17:55:00.651,12.06709,12.06971,0.00,0.00
2014.10.08 17:55:00.701,12.06709,12.07005,0.00,0.00
2014.10.08 17:55:00.757,12.06751,12.07009,0.00,0.00
2014.10.08 17:55:00.888,12.06736,12.07009,0.00,0.00
2014.10.08 17:55:01.060,12.06711,12.07009,0.00,0.00
2014.10.08 17:55:01.162,12.06723,12.07009,0.00,0.00
2014.10.08 17:55:01.550,12.06723,12.07059,0.00,0.00
2014.10.08 17:55:02.104,12.06723,12.07021,0.00,0.00
2014.10.08 17:55:02.268,12.06709,12.07021,0.00,0.00
2014.10.08 17:55:02.369,12.06743,12.0702,0.00,0.00
2014.10.08 17:55:02.470,12.06709,12.07021,0.00,0.00
2014.10.08 17:55:03.112,12.06709,12.0702,0.00,0.00
2014.10.08 17:55:03.809,12.06709,12.07021,0.00,0.00
2014.10.08 17:55:05.574,12.06721,12.07021,0.00,0.00
2014.10.08 17:55:06.075,12.0675,12.07021,0.00,0.00
2014.10.08 17:55:06.780,12.0675,12.0702,0.00,0.00
2014.10.08 17:55:08.227,12.0675,12.07021,0.00,0.00
2014.10.08 17:55:08.939,12.0675,12.0702,0.00,0.00
2014.10.08 17:55:09.546,12.0675,12.07059,0.00,0.00
2014.10.08 17:55:09.597,12.0677,12.07059,0.00,0.00
2014.10.08 17:55:10.284,12.06775,12.07059,0.00,0.00
2014.10.08 17:55:10.611,12.06788,12.07059,0.00,0.00
2014.10.08 17:55:11.186,12.06764,12.07059,0.00,0.00
2014.10.08 17:55:11.319,12.06788,12.07059,0.00,0.00
2014.10.08 17:55:11.929,12.06776,12.07059,0.00,0.00
2014.10.08 17:55:16.406,12.06758,12.07059,0.00,0.00
2014.10.08 17:55:17.931,12.0677,12.07059,0.00,0.00
2014.10.08 17:55:20.308,12.06743,12.07059,0.00,0.00
2014.10.08 17:55:20.358,12.06743,12.07012,0.00,0.00
2014.10.08 17:55:20.559,12.06658,12.06971,0.00,0.00
2014.10.08 17:55:20.764,12.0668,12.06971,0.00,0.00
2014.10.08 17:55:20.815,12.06656,12.06971,0.00,0.00
2014.10.08 17:55:21.026,12.06653,12.06971,0.00,0.00
2014.10.08 17:55:21.537,12.06653,12.0697,0.00,0.00
2014.10.08 17:55:21.719,12.06653,12.06959,0.00,0.00
2014.10.08 17:55:22.915,12.06674,12.06959,0.00,0.00
2014.10.08 17:55:22.966,12.06682,12.06972,0.00,0.00
2014.10.08 17:55:23.067,12.06742,12.07058,0.00,0.00
2014.10.08 17:55:23.117,12.06764,12.07058,0.00,0.00
2014.10.08 17:55:23.619,12.06765,12.07058,0.00,0.00
2014.10.08 17:55:23.918,12.06753,12.07058,0.00,0.00
2014.10.08 17:55:25.642,12.06763,12.07058,0.00,0.00
2014.10.08 17:55:27.864,12.06742,12.07058,0.00,0.00
2014.10.08 17:55:29.429,12.06753,12.07058,0.00,0.00
2014.10.08 17:55:30.276,12.06768,12.07058,0.00,0.00
2014.10.08 17:55:30.531,12.06742,12.07058,0.00,0.00
2014.10.08 17:55:30.836,12.06753,12.07058,0.00,0.00
2014.10.08 17:55:31.536,12.06767,12.07058,0.00,0.00
2014.10.08 17:55:31.785,12.06755,12.07058,0.00,0.00
2014.10.08 17:55:37.553,12.06771,12.07058,0.00,0.00
2014.10.08 17:55:37.949,12.0676,12.07058,0.00,0.00
2014.10.08 17:55:40.699,12.06771,12.07058,0.00,0.00
2014.10.08 17:55:40.954,12.06758,12.07058,0.00,0.00
2014.10.08 17:55:41.555,12.0677,12.07058,0.00,0.00
2014.10.08 17:55:42.056,12.06747,12.07058,0.00,0.00
2014.10.08 17:55:45.286,12.06763,12.07058,0.00,0.00
2014.10.08 17:55:46.910,12.06742,12.07058,0.00,0.00
2014.10.08 17:55:48.064,12.06764,12.07058,0.00,0.00
2014.10.08 17:55:49.166,12.06741,12.07058,0.00,0.00
2014.10.08 17:55:51.113,12.06752,12.07058,0.00,0.00
2014.10.08 17:55:51.473,12.06762,12.07058,0.00,0.00
2014.10.08 17:55:51.798,12.0675,12.07058,0.00,0.00
2014.10.08 17:55:53.206,12.06764,12.07058,0.00,0.00
2014.10.08 17:55:53.601,12.06741,12.07058,0.00,0.00
2014.10.08 17:55:54.120,12.06753,12.07058,0.00,0.00
2014.10.08 17:55:54.321,12.06741,12.07058,0.00,0.00
2014.10.08 17:55:54.776,12.06751,12.07058,0.00,0.00
2014.10.08 17:55:55.777,12.06764,12.07058,0.00,0.00
2014.10.08 17:55:55.977,12.06741,12.07058,0.00,0.00
2014.10.08 17:55:56.378,12.06714,12.07058,0.00,0.00
2014.10.08 17:55:56.479,12.06742,12.07058,0.00,0.00
2014.10.08 17:55:56.808,12.06749,12.0702,0.00,0.00
2014.10.08 17:55:56.980,12.06737,12.0702,0.00,0.00
2014.10.08 17:55:57.214,12.06737,12.06971,0.00,0.00
2014.10.08 17:55:57.411,12.06714,12.06971,0.00,0.00
2014.10.08 17:55:57.519,12.06709,12.06971,0.00,0.00
2014.10.08 17:55:57.670,12.06658,12.0697,0.00,0.00
2014.10.08 17:55:57.850,12.06649,12.06971,0.00,0.00
2014.10.08 17:55:58.029,12.06668,12.0697,0.00,0.00
2014.10.08 17:55:58.130,12.06644,12.06971,0.00,0.00
2014.10.08 17:55:58.742,12.06644,12.0697,0.00,0.00
2014.10.08 17:55:58.793,12.06654,12.0697,0.00,0.00
2014.10.08 17:55:59.145,12.06654,12.06958,0.00,0.00
2014.10.08 17:55:59.195,12.06642,12.06958,0.00,0.00
2014.10.08 17:55:59.605,12.06666,12.06958,0.00,0.00
2014.10.08 17:55:59.809,12.06642,12.06958,0.00,0.00
2014.10.08 17:56:00.003,12.06665,12.06958,0.00,0.00
2014.10.08 17:56:00.215,12.06642,12.06958,0.00,0.00
2014.10.08 17:56:00.317,12.06669,12.06958,0.00,0.00
2014.10.08 17:56:00.519,12.06644,12.06958,0.00,0.00
2014.10.08 17:56:00.827,12.06656,12.06958,0.00,0.00
2014.10.08 17:56:01.869,12.06656,12.06971,0.00,0.00
2014.10.08 17:56:01.920,12.06673,12.0697,0.00,0.00
2014.10.08 17:56:02.262,12.06686,12.06971,0.00,0.00
2014.10.08 17:56:02.592,12.06698,12.06971,0.00,0.00
2014.10.08 17:56:04.357,12.06698,12.07009,0.00,0.00
2014.10.08 17:56:04.460,12.06698,12.07012,0.00,0.00
2014.10.08 17:56:04.510,12.06754,12.07012,0.00,0.00
2014.10.08 17:56:04.561,12.06754,12.07021,0.00,0.00
2014.10.08 17:56:05.282,12.06754,12.0702,0.00,0.00
2014.10.08 17:56:05.433,12.06731,12.0702,0.00,0.00
2014.10.08 17:56:06.221,12.06731,12.07021,0.00,0.00
2014.10.08 17:56:06.698,12.06765,12.07021,0.00,0.00
2014.10.08 17:56:08.200,12.06753,12.07021,0.00,0.00
2014.10.08 17:56:10.303,12.06742,12.07021,0.00,0.00
2014.10.08 17:56:10.603,12.06754,12.07021,0.00,0.00
2014.10.08 17:56:11.670,12.06754,12.0702,0.00,0.00
2014.10.08 17:56:11.721,12.0673,12.0702,0.00,0.00
2014.10.08 17:56:11.822,12.06754,12.07021,0.00,0.00
2014.10.08 17:56:13.603,12.06754,12.0702,0.00,0.00
2014.10.08 17:56:13.654,12.06743,12.0702,0.00,0.00
2014.10.08 17:56:16.443,12.06743,12.07021,0.00,0.00
2014.10.08 17:56:20.568,12.06743,12.07018,0.00,0.00
2014.10.08 17:56:20.888,12.06753,12.07018,0.00,0.00
2014.10.08 17:56:25.226,12.06726,12.07018,0.00,0.00
2014.10.08 17:56:25.827,12.06739,12.07018,0.00,0.00
2014.10.08 17:56:26.127,12.06726,12.07018,0.00,0.00
2014.10.08 17:56:26.528,12.06738,12.07018,0.00,0.00
2014.10.08 17:56:27.540,12.06762,12.07018,0.00,0.00
2014.10.08 17:56:28.154,12.06738,12.07018,0.00,0.00
2014.10.08 17:56:28.968,12.06749,12.07018,0.00,0.00
2014.10.08 17:56:29.477,12.06736,12.07018,0.00,0.00
2014.10.08 17:56:29.681,12.0676,12.07012,0.00,0.00
2014.10.08 17:56:29.781,12.06671,12.06969,0.00,0.00
2014.10.08 17:56:29.832,12.06663,12.06969,0.00,0.00
2014.10.08 17:56:30.038,12.0668,12.06969,0.00,0.00
2014.10.08 17:56:30.235,12.06656,12.06969,0.00,0.00
2014.10.08 17:56:30.635,12.06679,12.06969,0.00,0.00
2014.10.08 17:56:31.018,12.06679,12.06918,0.00,0.00
2014.10.08 17:56:31.069,12.06669,12.06918,0.00,0.00
2014.10.08 17:56:31.837,12.06656,12.06918,0.00,0.00
2014.10.08 17:56:32.338,12.06681,12.06918,0.00,0.00
2014.10.08 17:56:32.538,12.06657,12.06918,0.00,0.00
2014.10.08 17:56:32.638,12.06669,12.06918,0.00,0.00
2014.10.08 17:56:33.551,12.06658,12.06918,0.00,0.00
2014.10.08 17:56:33.957,12.06671,12.06918,0.00,0.00
2014.10.08 17:56:34.262,12.06658,12.06918,0.00,0.00
2014.10.08 17:56:34.363,12.06618,12.06869,0.00,0.00
2014.10.08 17:56:34.414,12.06584,12.06869,0.00,0.00
2014.10.08 17:56:34.467,12.06605,12.06869,0.00,0.00
2014.10.08 17:56:34.808,12.06585,12.06869,0.00,0.00
2014.10.08 17:56:34.977,12.06572,12.06869,0.00,0.00
2014.10.08 17:56:35.282,12.06601,12.06869,0.00,0.00
2014.10.08 17:56:35.586,12.06625,12.06869,0.00,0.00
2014.10.08 17:56:35.852,12.06572,12.06818,0.00,0.00
2014.10.08 17:56:36.546,12.06585,12.06818,0.00,0.00
2014.10.08 17:56:37.674,12.0657,12.06818,0.00,0.00
2014.10.08 17:56:37.747,12.06583,12.06818,0.00,0.00
2014.10.08 17:56:40.050,12.0657,12.06818,0.00,0.00
2014.10.08 17:56:40.265,12.06585,12.06818,0.00,0.00
2014.10.08 17:56:43.997,12.06569,12.06818,0.00,0.00
2014.10.08 17:56:44.475,12.06581,12.06818,0.00,0.00
2014.10.08 17:56:44.678,12.06569,12.06818,0.00,0.00
2014.10.08 17:56:44.985,12.06559,12.06818,0.00,0.00
2014.10.08 17:56:45.594,12.06574,12.06818,0.00,0.00
2014.10.08 17:56:56.275,12.06554,12.06818,0.00,0.00
2014.10.08 17:56:57.176,12.06518,12.06818,0.00,0.00
2014.10.08 17:56:57.249,12.0651,12.06818,0.00,0.00
2014.10.08 17:56:57.300,12.06494,12.06771,0.00,0.00
2014.10.08 17:56:57.604,12.06524,12.06768,0.00,0.00
2014.10.08 17:56:57.908,12.06507,12.06768,0.00,0.00
2014.10.08 17:56:58.388,12.06523,12.06768,0.00,0.00
2014.10.08 17:57:00.281,12.06512,12.06768,0.00,0.00
2014.10.08 17:57:03.607,12.06523,12.06768,0.00,0.00
2014.10.08 17:57:03.987,12.06501,12.06768,0.00,0.00
2014.10.08 17:57:04.788,12.06496,12.06768,0.00,0.00
2014.10.08 17:57:04.838,12.06496,12.06718,0.00,0.00
2014.10.08 17:57:04.889,12.06469,12.06718,0.00,0.00
2014.10.08 17:57:04.948,12.0646,12.06718,0.00,0.00
2014.10.08 17:57:05.402,12.06472,12.06718,0.00,0.00
2014.10.08 17:57:05.732,12.0646,12.06718,0.00,0.00
2014.10.08 17:57:07.893,12.06471,12.06718,0.00,0.00
2014.10.08 17:57:08.893,12.06459,12.06718,0.00,0.00
2014.10.08 17:57:11.298,12.0647,12.06718,0.00,0.00
2014.10.08 17:57:12.817,12.06458,12.06718,0.00,0.00
2014.10.08 17:57:14.335,12.06474,12.06718,0.00,0.00
2014.10.08 17:57:16.707,12.06474,12.06762,0.00,0.00
2014.10.08 17:57:16.808,12.06497,12.06769,0.00,0.00
2014.10.08 17:57:17.255,12.06517,12.06769,0.00,0.00
2014.10.08 17:57:17.305,12.06492,12.06762,0.00,0.00
2014.10.08 17:57:17.406,12.06473,12.06762,0.00,0.00
2014.10.08 17:57:18.106,12.0649,12.06762,0.00,0.00
2014.10.08 17:57:18.456,12.06522,12.06718,0.00,0.00
2014.10.08 17:57:19.007,12.06512,12.06718,0.00,0.00
2014.10.08 17:57:19.457,12.06512,12.06768,0.00,0.00
2014.10.08 17:57:19.918,12.06489,12.06768,0.00,0.00
2014.10.08 17:57:22.412,12.06476,12.06768,0.00,0.00
2014.10.08 17:57:22.463,12.06476,12.06719,0.00,0.00
2014.10.08 17:57:22.513,12.06452,12.06719,0.00,0.00
2014.10.08 17:57:23.013,12.06463,12.06719,0.00,0.00
2014.10.08 17:57:28.021,12.06449,12.06719,0.00,0.00
2014.10.08 17:57:29.851,12.06467,12.06719,0.00,0.00
2014.10.08 17:57:30.025,12.06455,12.06719,0.00,0.00
2014.10.08 17:57:30.838,12.06466,12.06719,0.00,0.00
2014.10.08 17:57:31.650,12.06479,12.06719,0.00,0.00
2014.10.08 17:57:32.529,12.06454,12.06719,0.00,0.00
2014.10.08 17:57:35.478,12.06443,12.06719,0.00,0.00
2014.10.08 17:57:35.735,12.06457,12.06719,0.00,0.00
2014.10.08 17:57:37.352,12.06469,12.06719,0.00,0.00
2014.10.08 17:57:37.759,12.06444,12.06668,0.00,0.00
2014.10.08 17:57:37.860,12.06358,12.06668,0.00,0.00
2014.10.08 17:57:37.958,12.06357,12.06661,0.00,0.00
2014.10.08 17:57:38.239,12.06355,12.06661,0.00,0.00
2014.10.08 17:57:38.289,12.06355,12.06612,0.00,0.00
2014.10.08 17:57:38.623,12.06316,12.06568,0.00,0.00
2014.10.08 17:57:39.036,12.06326,12.06568,0.00,0.00
2014.10.08 17:57:39.189,12.06312,12.06568,0.00,0.00
2014.10.08 17:57:39.395,12.06312,12.06562,0.00,0.00
2014.10.08 17:57:39.445,12.06264,12.06562,0.00,0.00
2014.10.08 17:57:39.607,12.06264,12.06568,0.00,0.00
2014.10.08 17:57:39.807,12.06264,12.06519,0.00,0.00
2014.10.08 17:57:40.143,12.06326,12.06519,0.00,0.00
2014.10.08 17:57:40.462,12.06313,12.06519,0.00,0.00
2014.10.08 17:57:40.644,12.06302,12.06519,0.00,0.00
2014.10.08 17:57:40.745,12.06327,12.06519,0.00,0.00
2014.10.08 17:57:40.850,12.06302,12.06519,0.00,0.00
2014.10.08 17:57:41.028,12.06302,12.06618,0.00,0.00
2014.10.08 17:57:41.078,12.06314,12.06618,0.00,0.00
2014.10.08 17:57:41.146,12.06301,12.06618,0.00,0.00
2014.10.08 17:57:41.546,12.06311,12.06618,0.00,0.00
2014.10.08 17:57:42.248,12.063,12.06618,0.00,0.00
2014.10.08 17:57:42.447,12.063,12.06569,0.00,0.00
2014.10.08 17:57:43.004,12.06313,12.06569,0.00,0.00
2014.10.08 17:57:43.054,12.06274,12.06569,0.00,0.00
2014.10.08 17:57:43.767,12.06274,12.06518,0.00,0.00
2014.10.08 17:57:45.193,12.06251,12.06518,0.00,0.00
2014.10.08 17:57:45.498,12.06275,12.06518,0.00,0.00
2014.10.08 17:57:46.154,12.06263,12.06518,0.00,0.00
2014.10.08 17:57:48.758,12.06248,12.06518,0.00,0.00
2014.10.08 17:57:49.059,12.06259,12.06518,0.00,0.00
2014.10.08 17:57:49.160,12.06247,12.06518,0.00,0.00
2014.10.08 17:57:49.459,12.06259,12.06518,0.00,0.00
2014.10.08 17:57:49.660,12.06246,12.06518,0.00,0.00
2014.10.08 17:57:50.065,12.06263,12.06518,0.00,0.00
2014.10.08 17:57:50.370,12.06239,12.06518,0.00,0.00
2014.10.08 17:57:50.976,12.06263,12.06518,0.00,0.00
2014.10.08 17:57:51.163,12.06251,12.06518,0.00,0.00
2014.10.08 17:57:51.917,12.06252,12.06518,0.00,0.00
2014.10.08 17:57:53.166,12.06263,12.06518,0.00,0.00
2014.10.08 17:57:54.168,12.06275,12.06518,0.00,0.00
2014.10.08 17:57:54.269,12.06262,12.06518,0.00,0.00
2014.10.08 17:57:56.213,12.06249,12.06518,0.00,0.00
2014.10.08 17:57:56.773,12.06238,12.06518,0.00,0.00
2014.10.08 17:57:57.374,12.06264,12.06518,0.00,0.00
2014.10.08 17:57:57.688,12.06251,12.06518,0.00,0.00
2014.10.08 17:58:00.088,12.06238,12.06518,0.00,0.00
2014.10.08 17:58:00.145,12.06238,12.0647,0.00,0.00
2014.10.08 17:58:00.296,12.06159,12.06468,0.00,0.00
2014.10.08 17:58:00.396,12.06147,12.06468,0.00,0.00
2014.10.08 17:58:01.110,12.0617,12.06468,0.00,0.00
2014.10.08 17:58:01.216,12.0613,12.06468,0.00,0.00
2014.10.08 17:58:01.418,12.06112,12.06468,0.00,0.00
2014.10.08 17:58:01.476,12.06108,12.06418,0.00,0.00
2014.10.08 17:58:02.539,12.06123,12.06418,0.00,0.00
2014.10.08 17:58:02.793,12.06108,12.06418,0.00,0.00
2014.10.08 17:58:02.912,12.06108,12.06319,0.00,0.00
2014.10.08 17:58:02.963,12.06099,12.06319,0.00,0.00
2014.10.08 17:58:03.094,12.06008,12.06319,0.00,0.00
2014.10.08 17:58:03.996,12.06012,12.06319,0.00,0.00
2014.10.08 17:58:04.237,12.06008,12.06319,0.00,0.00
2014.10.08 17:58:04.611,12.06013,12.06319,0.00,0.00
2014.10.08 17:58:05.298,12.06008,12.06319,0.00,0.00
2014.10.08 17:58:07.307,12.06012,12.06368,0.00,0.00
2014.10.08 17:58:07.357,12.06059,12.06368,0.00,0.00
2014.10.08 17:58:07.778,12.06109,12.06368,0.00,0.00
2014.10.08 17:58:08.746,12.06109,12.06419,0.00,0.00
2014.10.08 17:58:13.213,12.06117,12.06419,0.00,0.00
2014.10.08 17:58:13.537,12.06109,12.06419,0.00,0.00
2014.10.08 17:58:37.046,12.06158,12.06419,0.00,0.00
2014.10.08 17:58:37.097,12.06158,12.06469,0.00,0.00
2014.10.08 17:58:38.583,12.0616,12.06469,0.00,0.00
2014.10.08 17:58:38.676,12.06161,12.06519,0.00,0.00
2014.10.08 17:58:38.726,12.06209,12.06519,0.00,0.00
2014.10.08 17:58:42.383,12.06209,12.06471,0.00,0.00
2014.10.08 17:58:42.433,12.06158,12.06468,0.00,0.00
2014.10.08 17:58:42.637,12.06125,12.06468,0.00,0.00
2014.10.08 17:58:42.718,12.06112,12.06468,0.00,0.00
2014.10.08 17:58:42.919,12.06126,12.06468,0.00,0.00
2014.10.08 17:58:43.735,12.06126,12.06418,0.00,0.00
2014.10.08 17:58:45.715,12.06159,12.06468,0.00,0.00
2014.10.08 17:58:45.886,12.06171,12.06468,0.00,0.00
2014.10.08 17:58:47.486,12.06171,12.06419,0.00,0.00
2014.10.08 17:58:47.639,12.06121,12.06419,0.00,0.00
2014.10.08 17:58:54.011,12.06102,12.06368,0.00,0.00
2014.10.08 17:58:54.369,12.06109,12.06368,0.00,0.00
2014.10.08 17:58:55.321,12.06102,12.06368,0.00,0.00
2014.10.08 17:58:55.371,12.06111,12.06368,0.00,0.00
2014.10.08 17:58:55.689,12.06111,12.06319,0.00,0.00
2014.10.08 17:58:56.070,12.06111,12.06418,0.00,0.00
2014.10.08 17:59:00.127,12.06111,12.0647,0.00,0.00
2014.10.08 17:59:00.178,12.06152,12.06471,0.00,0.00
2014.10.08 17:59:00.455,12.06111,12.0647,0.00,0.00
2014.10.08 17:59:01.103,12.06111,12.06471,0.00,0.00
2014.10.08 17:59:01.248,12.06158,12.0652,0.00,0.00
2014.10.08 17:59:01.409,12.06158,12.06471,0.00,0.00
2014.10.08 17:59:01.460,12.06152,12.06471,0.00,0.00
2014.10.08 17:59:01.560,12.06108,12.06471,0.00,0.00
2014.10.08 17:59:02.199,12.06108,12.0647,0.00,0.00
2014.10.08 17:59:02.546,12.06101,12.06462,0.00,0.00
2014.10.08 17:59:02.697,12.06058,12.06421,0.00,0.00
2014.10.08 17:59:02.841,12.06058,12.06462,0.00,0.00
2014.10.08 17:59:04.197,12.06041,12.06412,0.00,0.00
2014.10.08 17:59:04.602,12.06008,12.0637,0.00,0.00
2014.10.08 17:59:04.747,12.05991,12.06362,0.00,0.00
2014.10.08 17:59:04.797,12.05959,12.06271,0.00,0.00
2014.10.08 17:59:04.998,12.05909,12.0627,0.00,0.00
2014.10.08 17:59:05.594,12.05909,12.06271,0.00,0.00
2014.10.08 17:59:06.066,12.05891,12.06251,0.00,0.00
2014.10.08 17:59:06.117,12.05849,12.06251,0.00,0.00
2014.10.08 17:59:10.287,12.05848,12.06252,0.00,0.00
2014.10.08 17:59:11.605,12.05842,12.06202,0.00,0.00
2014.10.08 17:59:11.915,12.05771,12.06101,0.00,0.00
2014.10.08 17:59:11.966,12.05742,12.06101,0.00,0.00
2014.10.08 17:59:13.988,12.05742,12.06132,0.00,0.00
2014.10.08 17:59:14.419,12.05742,12.06021,0.00,0.00
2014.10.08 17:59:14.723,12.057,12.0612,0.00,0.00
2014.10.08 17:59:14.774,12.05684,12.06082,0.00,0.00
2014.10.08 17:59:14.984,12.05709,12.06121,0.00,0.00
2014.10.08 17:59:15.239,12.05709,12.06101,0.00,0.00
2014.10.08 17:59:15.565,12.05708,12.06121,0.00,0.00
2014.10.08 17:59:16.174,12.05708,12.0612,0.00,0.00
2014.10.08 17:59:17.288,12.05708,12.06121,0.00,0.00
2014.10.08 17:59:17.339,12.05712,12.06121,0.00,0.00
2014.10.08 17:59:17.642,12.05741,12.06121,0.00,0.00
2014.10.08 17:59:18.155,12.05741,12.0612,0.00,0.00
2014.10.08 17:59:18.606,12.05741,12.06082,0.00,0.00
2014.10.08 17:59:18.656,12.05691,12.06071,0.00,0.00
2014.10.08 17:59:19.046,12.05708,12.06071,0.00,0.00
2014.10.08 17:59:19.127,12.05708,12.06121,0.00,0.00
2014.10.08 17:59:19.228,12.05742,12.06121,0.00,0.00
2014.10.08 17:59:20.459,12.05742,12.0612,0.00,0.00
2014.10.08 17:59:20.734,12.05701,12.06081,0.00,0.00
2014.10.08 17:59:21.057,12.05724,12.06081,0.00,0.00
2014.10.08 17:59:21.158,12.05742,12.06121,0.00,0.00
2014.10.08 17:59:21.788,12.05742,12.0612,0.00,0.00
2014.10.08 17:59:22.707,12.05742,12.06121,0.00,0.00
2014.10.08 17:59:23.624,12.05742,12.06132,0.00,0.00
2014.10.08 17:59:23.678,12.05759,12.06181,0.00,0.00
2014.10.08 17:59:23.728,12.05852,12.06181,0.00,0.00
2014.10.08 17:59:24.097,12.05852,12.06172,0.00,0.00
2014.10.08 17:59:27.955,12.05968,12.06271,0.00,0.00
2014.10.08 17:59:28.021,12.05968,12.06308,0.00,0.00
2014.10.08 17:59:28.122,12.05971,12.06321,0.00,0.00
2014.10.08 17:59:28.440,12.05971,12.06392,0.00,0.00
2014.10.08 17:59:28.490,12.05997,12.06392,0.00,0.00
2014.10.08 17:59:28.541,12.06008,12.06432,0.00,0.00
2014.10.08 17:59:28.769,12.05997,12.06391,0.00,0.00
2014.10.08 17:59:29.122,12.06042,12.06431,0.00,0.00
2014.10.08 17:59:29.826,12.06108,12.06471,0.00,0.00
2014.10.08 17:59:29.876,12.06121,12.06521,0.00,0.00
2014.10.08 17:59:29.945,12.06121,12.06532,0.00,0.00
2014.10.08 17:59:30.045,12.06108,12.06532,0.00,0.00
2014.10.08 17:59:30.096,12.06098,12.06481,0.00,0.00
2014.10.08 17:59:30.406,12.06092,12.06481,0.00,0.00
2014.10.08 17:59:30.816,12.06109,12.06521,0.00,0.00
2014.10.08 17:59:30.867,12.06109,12.06531,0.00,0.00
2014.10.08 17:59:30.968,12.06132,12.06531,0.00,0.00
2014.10.08 17:59:31.219,12.06059,12.0647,0.00,0.00
2014.10.08 17:59:31.410,12.06041,12.06431,0.00,0.00
2014.10.08 17:59:33.454,12.06041,12.06392,0.00,0.00
2014.10.08 17:59:33.605,12.05991,12.06371,0.00,0.00
2014.10.08 17:59:35.674,12.05991,12.06392,0.00,0.00
2014.10.08 17:59:36.534,12.05991,12.06371,0.00,0.00
2014.10.08 17:59:40.176,12.05991,12.0637,0.00,0.00
2014.10.08 17:59:40.226,12.05962,12.0637,0.00,0.00
2014.10.08 17:59:40.984,12.05962,12.06371,0.00,0.00
2014.10.08 17:59:41.196,12.05932,12.06371,0.00,0.00
2014.10.08 17:59:41.859,12.05958,12.06371,0.00,0.00
2014.10.08 17:59:41.960,12.05958,12.06388,0.00,0.00
2014.10.08 17:59:42.147,12.05971,12.06372,0.00,0.00
2014.10.08 17:59:42.298,12.05932,12.06371,0.00,0.00
2014.10.08 17:59:42.744,12.05892,12.06271,0.00,0.00
2014.10.08 17:59:43.294,12.05892,12.0627,0.00,0.00
2014.10.08 17:59:43.896,12.05892,12.06271,0.00,0.00
2014.10.08 17:59:43.950,12.05892,12.06322,0.00,0.00
2014.10.08 17:59:45.478,12.05892,12.0632,0.00,0.00
2014.10.08 17:59:45.730,12.05832,12.06271,0.00,0.00
2014.10.08 17:59:46.313,12.05832,12.06272,0.00,0.00
2014.10.08 17:59:47.252,12.05881,12.06322,0.00,0.00
2014.10.08 17:59:50.655,12.05882,12.06272,0.00,0.00
2014.10.08 17:59:50.879,12.05882,12.06321,0.00,0.00
2014.10.08 17:59:54.075,12.05882,12.06271,0.00,0.00
2014.10.08 17:59:54.174,12.05832,12.06271,0.00,0.00
2014.10.08 17:59:55.174,12.05802,12.06222,0.00,0.00
2014.10.08 17:59:56.672,12.05802,12.06258,0.00,0.00
2014.10.08 17:59:56.722,12.05841,12.06272,0.00,0.00
2014.10.08 17:59:56.887,12.05841,12.06299,0.00,0.00
2014.10.08 17:59:58.034,12.05841,12.06291,0.00,0.00
2014.10.08 17:59:58.315,12.05802,12.06258,0.00,0.00
2014.10.08 17:59:58.365,12.05852,12.06302,0.00,0.00
2014.10.08 17:59:59.894,12.05931,12.06302,0.00,0.00
