2016.08.15 22:00:00.798,13.39549,13.40211,0.00,0.00
2016.08.15 22:00:01.224,13.39498,13.40162,0.00,0.00
2016.08.15 22:00:02.103,13.39538,13.40202,0.00,0.00
2016.08.15 22:00:02.469,13.39568,13.40232,0.00,0.00
2016.08.15 22:00:03.081,13.39509,13.40171,0.00,0.00
2016.08.15 22:00:06.614,13.39469,13.40131,0.00,0.00
2016.08.15 22:00:11.026,13.39439,13.40101,0.00,0.00
2016.08.15 22:00:11.868,13.39479,13.40141,0.00,0.00
2016.08.15 22:00:14.548,13.39508,13.40172,0.00,0.00
2016.08.15 22:00:15.237,13.39449,13.40111,0.00,0.00
2016.08.15 22:00:15.337,13.39408,13.40072,0.00,0.00
2016.08.15 22:00:17.675,13.39438,13.40102,0.00,0.00
2016.08.15 22:00:19.445,13.39428,13.40092,0.00,0.00
2016.08.15 22:00:21.964,13.39458,13.40122,0.00,0.00
2016.08.15 22:00:22.839,13.39378,13.40042,0.00,0.00
2016.08.15 22:00:23.658,13.39499,13.39981,0.00,0.00
2016.08.15 22:00:26.162,13.39458,13.39942,0.00,0.00
2016.08.15 22:00:26.258,13.39458,13.39921,0.00,0.00
2016.08.15 22:00:26.761,13.39468,13.39921,0.00,0.00
2016.08.15 22:00:29.166,13.39468,13.3992,0.00,0.00
2016.08.15 22:00:29.217,13.39438,13.3992,0.00,0.00
2016.08.15 22:00:29.318,13.39458,13.3992,0.00,0.00
2016.08.15 22:00:29.372,13.39439,13.3992,0.00,0.00
2016.08.15 22:00:30.102,13.39439,13.39921,0.00,0.00
2016.08.15 22:00:30.498,13.39528,13.40012,0.00,0.00
2016.08.15 22:00:30.721,13.39568,13.40052,0.00,0.00
2016.08.15 22:00:31.097,13.39539,13.40021,0.00,0.00
2016.08.15 22:00:32.078,13.39568,13.40052,0.00,0.00
2016.08.15 22:00:32.178,13.39588,13.40072,0.00,0.00
2016.08.15 22:00:33.392,13.39558,13.40042,0.00,0.00
2016.08.15 22:00:35.041,13.39558,13.39971,0.00,0.00
2016.08.15 22:00:35.091,13.39539,13.39971,0.00,0.00
2016.08.15 22:00:35.184,13.39479,13.39962,0.00,0.00
2016.08.15 22:00:36.241,13.3948,13.39962,0.00,0.00
2016.08.15 22:00:36.292,13.39509,13.39991,0.00,0.00
2016.08.15 22:00:36.385,13.39528,13.40012,0.00,0.00
2016.08.15 22:00:36.486,13.39558,13.40042,0.00,0.00
2016.08.15 22:00:39.393,13.39548,13.40032,0.00,0.00
2016.08.15 22:00:40.219,13.39528,13.40012,0.00,0.00
2016.08.15 22:00:40.706,13.39548,13.40032,0.00,0.00
2016.08.15 22:00:41.145,13.39569,13.40051,0.00,0.00
2016.08.15 22:00:43.948,13.39569,13.3997,0.00,0.00
2016.08.15 22:00:44.030,13.39528,13.3997,0.00,0.00
2016.08.15 22:00:44.380,13.39458,13.39942,0.00,0.00
2016.08.15 22:00:44.806,13.39439,13.39921,0.00,0.00
2016.08.15 22:00:46.617,13.39469,13.39951,0.00,0.00
2016.08.15 22:00:47.027,13.39529,13.39971,0.00,0.00
2016.08.15 22:00:47.380,13.39599,13.40081,0.00,0.00
2016.08.15 22:00:47.751,13.39569,13.40051,0.00,0.00
2016.08.15 22:00:50.845,13.3963,13.40031,0.00,0.00
2016.08.15 22:00:51.190,13.39638,13.40122,0.00,0.00
2016.08.15 22:00:51.620,13.39668,13.40152,0.00,0.00
2016.08.15 22:00:58.243,13.39638,13.40122,0.00,0.00
2016.08.15 22:00:58.597,13.39669,13.40151,0.00,0.00
2016.08.15 22:00:59.538,13.39658,13.40142,0.00,0.00
2016.08.15 22:00:59.949,13.39648,13.40132,0.00,0.00
2016.08.15 22:01:00.555,13.39628,13.40112,0.00,0.00
2016.08.15 22:01:00.995,13.39439,13.39921,0.00,0.00
2016.08.15 22:01:01.045,13.39518,13.39971,0.00,0.00
2016.08.15 22:01:01.096,13.3953,13.40002,0.00,0.00
2016.08.15 22:01:01.146,13.39568,13.40052,0.00,0.00
2016.08.15 22:01:01.555,13.39549,13.4002,0.00,0.00
2016.08.15 22:01:01.645,13.39508,13.39992,0.00,0.00
2016.08.15 22:01:01.978,13.39469,13.39951,0.00,0.00
2016.08.15 22:01:02.502,13.39499,13.39981,0.00,0.00
2016.08.15 22:01:02.947,13.39518,13.40002,0.00,0.00
2016.08.15 22:01:04.563,13.3953,13.40002,0.00,0.00
2016.08.15 22:01:04.664,13.39538,13.40021,0.00,0.00
2016.08.15 22:01:05.184,13.39518,13.40002,0.00,0.00
2016.08.15 22:01:06.138,13.39498,13.39982,0.00,0.00
2016.08.15 22:01:07.765,13.39529,13.40011,0.00,0.00
2016.08.15 22:01:07.815,13.39529,13.40011,0.00,0.00
2016.08.15 22:01:07.866,13.39589,13.40071,0.00,0.00
2016.08.15 22:01:07.967,13.39648,13.40132,0.00,0.00
2016.08.15 22:01:09.769,13.39619,13.40101,0.00,0.00
2016.08.15 22:01:12.259,13.39649,13.40131,0.00,0.00
2016.08.15 22:01:12.309,13.39618,13.40102,0.00,0.00
2016.08.15 22:01:13.011,13.39618,13.4007,0.00,0.00
2016.08.15 22:01:13.122,13.39588,13.4007,0.00,0.00
2016.08.15 22:01:13.174,13.39548,13.40032,0.00,0.00
2016.08.15 22:01:13.536,13.39508,13.39992,0.00,0.00
2016.08.15 22:01:13.869,13.39529,13.40011,0.00,0.00
2016.08.15 22:01:14.203,13.39559,13.40041,0.00,0.00
2016.08.15 22:01:14.376,13.39578,13.40062,0.00,0.00
2016.08.15 22:01:14.476,13.39609,13.40091,0.00,0.00
2016.08.15 22:01:14.582,13.39628,13.40112,0.00,0.00
2016.08.15 22:01:15.537,13.39478,13.39962,0.00,0.00
2016.08.15 22:01:16.081,13.39508,13.3997,0.00,0.00
2016.08.15 22:01:16.132,13.39508,13.39992,0.00,0.00
2016.08.15 22:01:16.484,13.39539,13.40021,0.00,0.00
2016.08.15 22:01:16.534,13.39539,13.39971,0.00,0.00
2016.08.15 22:01:16.585,13.39518,13.39971,0.00,0.00
2016.08.15 22:01:16.954,13.39489,13.39971,0.00,0.00
2016.08.15 22:01:17.294,13.39489,13.3997,0.00,0.00
2016.08.15 22:01:19.339,13.39478,13.39962,0.00,0.00
2016.08.15 22:01:19.789,13.39499,13.3997,0.00,0.00
2016.08.15 22:01:20.320,13.39499,13.39971,0.00,0.00
2016.08.15 22:01:20.440,13.39499,13.39981,0.00,0.00
2016.08.15 22:01:20.491,13.39518,13.40002,0.00,0.00
2016.08.15 22:01:24.180,13.39499,13.39981,0.00,0.00
2016.08.15 22:01:25.147,13.39468,13.39952,0.00,0.00
2016.08.15 22:01:29.554,13.39498,13.39982,0.00,0.00
2016.08.15 22:01:30.023,13.39498,13.39951,0.00,0.00
2016.08.15 22:01:30.709,13.39449,13.39921,0.00,0.00
2016.08.15 22:01:30.979,13.39459,13.39931,0.00,0.00
2016.08.15 22:01:31.371,13.39478,13.39931,0.00,0.00
2016.08.15 22:01:32.348,13.39478,13.3993,0.00,0.00
2016.08.15 22:01:34.336,13.39478,13.39931,0.00,0.00
2016.08.15 22:01:37.694,13.39509,13.39962,0.00,0.00
2016.08.15 22:01:37.846,13.39519,13.39981,0.00,0.00
2016.08.15 22:01:37.927,13.39509,13.39971,0.00,0.00
2016.08.15 22:01:39.430,13.39509,13.39981,0.00,0.00
2016.08.15 22:01:43.483,13.3951,13.3998,0.00,0.00
2016.08.15 22:01:45.263,13.39509,13.39981,0.00,0.00
2016.08.15 22:01:48.470,13.3951,13.3998,0.00,0.00
2016.08.15 22:01:49.070,13.39509,13.39981,0.00,0.00
2016.08.15 22:01:54.785,13.3951,13.3998,0.00,0.00
2016.08.15 22:01:56.695,13.39509,13.39981,0.00,0.00
2016.08.15 22:01:59.364,13.39509,13.39981,0.00,0.00
2016.08.15 22:02:00.167,13.39509,13.39952,0.00,0.00
2016.08.15 22:02:00.218,13.39468,13.3993,0.00,0.00
2016.08.15 22:02:03.913,13.39468,13.39931,0.00,0.00
2016.08.15 22:02:05.162,13.39468,13.3993,0.00,0.00
2016.08.15 22:02:11.868,13.39459,13.39931,0.00,0.00
2016.08.15 22:02:15.765,13.3946,13.3993,0.00,0.00
2016.08.15 22:02:15.816,13.39469,13.3993,0.00,0.00
2016.08.15 22:02:17.604,13.3946,13.3993,0.00,0.00
2016.08.15 22:02:21.392,13.39459,13.39931,0.00,0.00
2016.08.15 22:02:24.872,13.3946,13.3993,0.00,0.00
2016.08.15 22:02:28.818,13.39459,13.39931,0.00,0.00
2016.08.15 22:02:29.468,13.3946,13.3993,0.00,0.00
2016.08.15 22:02:30.342,13.39459,13.39931,0.00,0.00
2016.08.15 22:02:35.045,13.39459,13.39922,0.00,0.00
2016.08.15 22:02:35.157,13.3946,13.3993,0.00,0.00
2016.08.15 22:02:39.483,13.39459,13.39931,0.00,0.00
2016.08.15 22:02:40.665,13.39469,13.39931,0.00,0.00
2016.08.15 22:02:45.537,13.3946,13.3993,0.00,0.00
2016.08.15 22:02:46.575,13.39468,13.39931,0.00,0.00
2016.08.15 22:02:49.531,13.39468,13.3993,0.00,0.00
2016.08.15 22:02:51.436,13.39468,13.39931,0.00,0.00
2016.08.15 22:02:52.430,13.39468,13.3993,0.00,0.00
2016.08.15 22:02:52.481,13.39459,13.39931,0.00,0.00
2016.08.15 22:02:53.363,13.3946,13.3993,0.00,0.00
2016.08.15 22:02:53.492,13.39468,13.39931,0.00,0.00
2016.08.15 22:02:58.192,13.39468,13.3993,0.00,0.00
2016.08.15 22:02:58.251,13.3946,13.3993,0.00,0.00
2016.08.15 22:02:58.352,13.39468,13.3993,0.00,0.00
2016.08.15 22:02:59.363,13.3946,13.3993,0.00,0.00
2016.08.15 22:03:00.068,13.39479,13.39931,0.00,0.00
2016.08.15 22:03:05.303,13.39479,13.3993,0.00,0.00
2016.08.15 22:03:05.819,13.39459,13.39912,0.00,0.00
2016.08.15 22:03:06.488,13.3946,13.39912,0.00,0.00
2016.08.15 22:03:07.360,13.39459,13.39912,0.00,0.00
2016.08.15 22:03:08.803,13.3946,13.39912,0.00,0.00
2016.08.15 22:03:10.476,13.39459,13.39912,0.00,0.00
2016.08.15 22:03:11.580,13.3946,13.39912,0.00,0.00
2016.08.15 22:03:15.289,13.39459,13.39912,0.00,0.00
2016.08.15 22:03:15.838,13.3946,13.39912,0.00,0.00
2016.08.15 22:03:18.097,13.39459,13.39912,0.00,0.00
2016.08.15 22:03:19.424,13.39459,13.39921,0.00,0.00
2016.08.15 22:03:20.003,13.3946,13.39921,0.00,0.00
2016.08.15 22:03:21.808,13.39459,13.39921,0.00,0.00
2016.08.15 22:03:27.525,13.3946,13.39921,0.00,0.00
2016.08.15 22:03:29.430,13.39459,13.39921,0.00,0.00
2016.08.15 22:03:30.854,13.3946,13.39921,0.00,0.00
2016.08.15 22:03:31.453,13.39459,13.39921,0.00,0.00
2016.08.15 22:03:39.165,13.3946,13.39921,0.00,0.00
2016.08.15 22:03:40.885,13.39459,13.39921,0.00,0.00
2016.08.15 22:03:45.967,13.39459,13.39931,0.00,0.00
2016.08.15 22:03:46.017,13.3946,13.3993,0.00,0.00
2016.08.15 22:03:46.665,13.39459,13.39931,0.00,0.00
2016.08.15 22:03:48.636,13.3946,13.3993,0.00,0.00
2016.08.15 22:03:50.386,13.39459,13.39931,0.00,0.00
2016.08.15 22:03:54.199,13.3946,13.3993,0.00,0.00
2016.08.15 22:03:56.103,13.39459,13.39931,0.00,0.00
2016.08.15 22:03:57.927,13.3946,13.3993,0.00,0.00
2016.08.15 22:03:59.972,13.39459,13.39931,0.00,0.00
2016.08.15 22:04:05.521,13.3946,13.3993,0.00,0.00
2016.08.15 22:04:07.426,13.39459,13.39931,0.00,0.00
2016.08.15 22:04:11.407,13.3946,13.3993,0.00,0.00
2016.08.15 22:04:13.137,13.39459,13.39931,0.00,0.00
2016.08.15 22:04:14.539,13.39478,13.39931,0.00,0.00
2016.08.15 22:04:15.041,13.39478,13.3993,0.00,0.00
2016.08.15 22:04:16.945,13.39478,13.39931,0.00,0.00
2016.08.15 22:04:19.394,13.39468,13.39931,0.00,0.00
2016.08.15 22:04:24.561,13.39468,13.3993,0.00,0.00
2016.08.15 22:04:26.466,13.39468,13.39931,0.00,0.00
2016.08.15 22:04:32.207,13.39468,13.3993,0.00,0.00
2016.08.15 22:04:34.082,13.39468,13.39931,0.00,0.00
2016.08.15 22:04:39.426,13.39478,13.39931,0.00,0.00
2016.08.15 22:04:40.008,13.39478,13.3993,0.00,0.00
2016.08.15 22:04:42.301,13.39478,13.39931,0.00,0.00
2016.08.15 22:04:43.470,13.39529,13.39981,0.00,0.00
2016.08.15 22:04:43.521,13.3961,13.39982,0.00,0.00
2016.08.15 22:04:43.573,13.3961,13.40022,0.00,0.00
2016.08.15 22:04:43.675,13.39609,13.40081,0.00,0.00
2016.08.15 22:04:44.183,13.3961,13.4008,0.00,0.00
2016.08.15 22:04:45.307,13.39609,13.40081,0.00,0.00
2016.08.15 22:04:46.926,13.39659,13.40092,0.00,0.00
2016.08.15 22:04:47.078,13.39659,13.40112,0.00,0.00
2016.08.15 22:04:47.140,13.39659,13.40131,0.00,0.00
2016.08.15 22:04:48.197,13.3966,13.40111,0.00,0.00
2016.08.15 22:04:50.163,13.39659,13.40081,0.00,0.00
2016.08.15 22:04:50.266,13.39609,13.40061,0.00,0.00
2016.08.15 22:04:52.041,13.3961,13.40061,0.00,0.00
2016.08.15 22:04:57.731,13.39609,13.40061,0.00,0.00
2016.08.15 22:04:57.980,13.39609,13.40081,0.00,0.00
2016.08.15 22:04:58.031,13.3961,13.4008,0.00,0.00
2016.08.15 22:05:00.535,13.39609,13.40081,0.00,0.00
2016.08.15 22:05:01.538,13.3961,13.4008,0.00,0.00
2016.08.15 22:05:03.474,13.39609,13.40081,0.00,0.00
2016.08.15 22:05:03.900,13.39659,13.40131,0.00,0.00
2016.08.15 22:05:04.207,13.39669,13.40131,0.00,0.00
2016.08.15 22:05:05.928,13.39669,13.4013,0.00,0.00
2016.08.15 22:05:07.684,13.39669,13.40131,0.00,0.00
2016.08.15 22:05:13.400,13.39669,13.4013,0.00,0.00
2016.08.15 22:05:14.515,13.39698,13.4013,0.00,0.00
2016.08.15 22:05:14.616,13.3976,13.4022,0.00,0.00
2016.08.15 22:05:15.263,13.39759,13.40221,0.00,0.00
2016.08.15 22:05:16.407,13.3976,13.4022,0.00,0.00
2016.08.15 22:05:18.260,13.39759,13.40221,0.00,0.00
2016.08.15 22:05:19.395,13.39759,13.40221,0.00,0.00
2016.08.15 22:05:20.156,13.3976,13.4022,0.00,0.00
2016.08.15 22:05:24.001,13.39759,13.40221,0.00,0.00
2016.08.15 22:05:30.629,13.39758,13.40181,0.00,0.00
2016.08.15 22:05:30.730,13.3971,13.40152,0.00,0.00
2016.08.15 22:05:31.322,13.39709,13.40152,0.00,0.00
2016.08.15 22:05:31.955,13.39759,13.40181,0.00,0.00
2016.08.15 22:05:32.007,13.3976,13.4023,0.00,0.00
2016.08.15 22:05:33.384,13.39759,13.40181,0.00,0.00
2016.08.15 22:05:33.435,13.39729,13.40181,0.00,0.00
2016.08.15 22:05:33.536,13.39709,13.40151,0.00,0.00
2016.08.15 22:05:34.081,13.3971,13.40151,0.00,0.00
2016.08.15 22:05:35.245,13.39709,13.40151,0.00,0.00
2016.08.15 22:05:35.784,13.3976,13.40151,0.00,0.00
2016.08.15 22:05:35.835,13.3976,13.40191,0.00,0.00
2016.08.15 22:05:35.936,13.39759,13.40231,0.00,0.00
2016.08.15 22:05:39.423,13.39759,13.40222,0.00,0.00
2016.08.15 22:05:40.031,13.3976,13.40222,0.00,0.00
2016.08.15 22:05:41.458,13.39759,13.40222,0.00,0.00
2016.08.15 22:05:52.883,13.3976,13.40222,0.00,0.00
2016.08.15 22:05:56.691,13.39759,13.40222,0.00,0.00
2016.08.15 22:05:58.595,13.3976,13.40222,0.00,0.00
2016.08.15 22:05:59.395,13.3976,13.40221,0.00,0.00
2016.08.15 22:06:00.067,13.39759,13.40221,0.00,0.00
2016.08.15 22:06:00.118,13.39769,13.40221,0.00,0.00
2016.08.15 22:06:00.802,13.3977,13.4022,0.00,0.00
2016.08.15 22:06:02.405,13.39769,13.40221,0.00,0.00
2016.08.15 22:06:02.706,13.3972,13.4017,0.00,0.00
2016.08.15 22:06:03.508,13.39719,13.40171,0.00,0.00
2016.08.15 22:06:08.450,13.3972,13.4017,0.00,0.00
2016.08.15 22:06:09.360,13.3977,13.40172,0.00,0.00
2016.08.15 22:06:09.411,13.3977,13.40202,0.00,0.00
2016.08.15 22:06:09.512,13.39769,13.40221,0.00,0.00
2016.08.15 22:06:13.138,13.3977,13.4022,0.00,0.00
2016.08.15 22:06:16.319,13.3977,13.40211,0.00,0.00
2016.08.15 22:06:16.420,13.3972,13.4017,0.00,0.00
2016.08.15 22:06:17.103,13.39719,13.40171,0.00,0.00
2016.08.15 22:06:22.060,13.3972,13.4017,0.00,0.00
2016.08.15 22:06:24.176,13.39719,13.40171,0.00,0.00
2016.08.15 22:06:27.691,13.3972,13.4017,0.00,0.00
2016.08.15 22:06:29.578,13.39719,13.40171,0.00,0.00
2016.08.15 22:06:31.583,13.3972,13.4017,0.00,0.00
2016.08.15 22:06:33.385,13.39719,13.40171,0.00,0.00
2016.08.15 22:06:35.336,13.3972,13.4017,0.00,0.00
2016.08.15 22:06:37.330,13.39719,13.40171,0.00,0.00
2016.08.15 22:06:41.902,13.3972,13.4017,0.00,0.00
2016.08.15 22:06:43.009,13.39719,13.40171,0.00,0.00
2016.08.15 22:06:47.765,13.39719,13.40151,0.00,0.00
2016.08.15 22:06:47.816,13.39669,13.40121,0.00,0.00
2016.08.15 22:06:47.866,13.39669,13.40121,0.00,0.00
2016.08.15 22:06:49.718,13.3967,13.4012,0.00,0.00
2016.08.15 22:06:51.622,13.39669,13.40121,0.00,0.00
2016.08.15 22:06:52.023,13.39719,13.40131,0.00,0.00
2016.08.15 22:06:52.074,13.39719,13.40162,0.00,0.00
2016.08.15 22:06:52.136,13.39719,13.40171,0.00,0.00
2016.08.15 22:06:53.932,13.3972,13.4017,0.00,0.00
2016.08.15 22:06:54.548,13.39679,13.40121,0.00,0.00
2016.08.15 22:06:54.649,13.3967,13.4012,0.00,0.00
2016.08.15 22:06:56.433,13.39669,13.40121,0.00,0.00
2016.08.15 22:06:58.000,13.39719,13.40171,0.00,0.00
2016.08.15 22:07:00.026,13.3972,13.4017,0.00,0.00
2016.08.15 22:07:01.930,13.39719,13.40171,0.00,0.00
2016.08.15 22:07:03.559,13.3972,13.4017,0.00,0.00
2016.08.15 22:07:07.377,13.39719,13.40171,0.00,0.00
2016.08.15 22:07:08.177,13.3977,13.4022,0.00,0.00
2016.08.15 22:07:08.662,13.3977,13.40161,0.00,0.00
2016.08.15 22:07:08.712,13.39719,13.40161,0.00,0.00
2016.08.15 22:07:12.168,13.3972,13.40161,0.00,0.00
2016.08.15 22:07:14.072,13.39719,13.40161,0.00,0.00
2016.08.15 22:07:15.215,13.39669,13.40121,0.00,0.00
2016.08.15 22:07:17.078,13.3967,13.4012,0.00,0.00
2016.08.15 22:07:18.794,13.39619,13.40071,0.00,0.00
2016.08.15 22:07:18.929,13.3972,13.4017,0.00,0.00
2016.08.15 22:07:20.788,13.39719,13.40171,0.00,0.00
2016.08.15 22:07:21.689,13.3972,13.4017,0.00,0.00
2016.08.15 22:07:24.604,13.39719,13.40171,0.00,0.00
2016.08.15 22:07:32.213,13.3972,13.4017,0.00,0.00
2016.08.15 22:07:35.827,13.39769,13.40202,0.00,0.00
2016.08.15 22:07:36.172,13.3972,13.40142,0.00,0.00
2016.08.15 22:07:37.727,13.39719,13.40142,0.00,0.00
2016.08.15 22:07:38.309,13.39719,13.40171,0.00,0.00
2016.08.15 22:07:38.847,13.3972,13.4017,0.00,0.00
2016.08.15 22:07:39.879,13.3972,13.40162,0.00,0.00
2016.08.15 22:07:39.941,13.39669,13.40121,0.00,0.00
2016.08.15 22:07:40.130,13.39669,13.40121,0.00,0.00
2016.08.15 22:07:40.433,13.3977,13.4022,0.00,0.00
2016.08.15 22:07:41.347,13.39769,13.40221,0.00,0.00
2016.08.15 22:07:46.052,13.3977,13.4022,0.00,0.00
2016.08.15 22:07:47.951,13.39769,13.40221,0.00,0.00
2016.08.15 22:07:51.794,13.39748,13.40171,0.00,0.00
2016.08.15 22:07:51.844,13.39729,13.40171,0.00,0.00
2016.08.15 22:07:51.946,13.39719,13.40171,0.00,0.00
2016.08.15 22:07:56.193,13.39708,13.40121,0.00,0.00
2016.08.15 22:07:56.245,13.39669,13.40121,0.00,0.00
2016.08.15 22:08:01.985,13.39688,13.40121,0.00,0.00
2016.08.15 22:08:02.153,13.3967,13.4012,0.00,0.00
2016.08.15 22:08:03.192,13.39669,13.40121,0.00,0.00
2016.08.15 22:08:03.711,13.39719,13.40141,0.00,0.00
2016.08.15 22:08:03.762,13.39719,13.40162,0.00,0.00
2016.08.15 22:08:03.863,13.3972,13.4017,0.00,0.00
2016.08.15 22:08:04.189,13.39769,13.40191,0.00,0.00
2016.08.15 22:08:04.290,13.3977,13.4022,0.00,0.00
2016.08.15 22:08:05.095,13.3977,13.40172,0.00,0.00
2016.08.15 22:08:05.145,13.39719,13.40171,0.00,0.00
2016.08.15 22:08:06.949,13.3972,13.4017,0.00,0.00
2016.08.15 22:08:07.510,13.39719,13.40171,0.00,0.00
2016.08.15 22:08:12.507,13.3972,13.4017,0.00,0.00
2016.08.15 22:08:13.911,13.39719,13.40171,0.00,0.00
2016.08.15 22:08:14.069,13.3972,13.40161,0.00,0.00
2016.08.15 22:08:14.413,13.3977,13.4022,0.00,0.00
2016.08.15 22:08:16.153,13.39769,13.40221,0.00,0.00
2016.08.15 22:08:17.410,13.39769,13.40202,0.00,0.00
2016.08.15 22:08:18.019,13.3977,13.40202,0.00,0.00
2016.08.15 22:08:18.795,13.39671,13.40071,0.00,0.00
2016.08.15 22:08:18.880,13.39619,13.40062,0.00,0.00
2016.08.15 22:08:19.406,13.3962,13.4007,0.00,0.00
2016.08.15 22:08:22.527,13.39619,13.40071,0.00,0.00
2016.08.15 22:08:24.314,13.39619,13.40041,0.00,0.00
2016.08.15 22:08:24.365,13.39569,13.40021,0.00,0.00
2016.08.15 22:08:26.734,13.3957,13.4002,0.00,0.00
2016.08.15 22:08:28.150,13.39569,13.40021,0.00,0.00
2016.08.15 22:08:33.762,13.3957,13.4002,0.00,0.00
2016.08.15 22:08:35.655,13.39569,13.40021,0.00,0.00
2016.08.15 22:08:36.179,13.39569,13.40021,0.00,0.00
2016.08.15 22:08:36.452,13.39569,13.40021,0.00,0.00
2016.08.15 22:08:40.514,13.39569,13.40021,0.00,0.00
2016.08.15 22:08:40.657,13.39588,13.40021,0.00,0.00
2016.08.15 22:08:41.201,13.39588,13.4002,0.00,0.00
2016.08.15 22:08:43.268,13.39588,13.40021,0.00,0.00
2016.08.15 22:08:44.362,13.39569,13.40021,0.00,0.00
2016.08.15 22:08:44.413,13.39569,13.3992,0.00,0.00
2016.08.15 22:08:44.514,13.39488,13.39921,0.00,0.00
2016.08.15 22:08:44.564,13.39469,13.39921,0.00,0.00
2016.08.15 22:08:45.175,13.3947,13.3992,0.00,0.00
2016.08.15 22:08:45.226,13.39479,13.3992,0.00,0.00
2016.08.15 22:08:46.047,13.39479,13.39921,0.00,0.00
2016.08.15 22:08:46.265,13.39569,13.40021,0.00,0.00
2016.08.15 22:08:46.366,13.39578,13.4002,0.00,0.00
2016.08.15 22:08:48.076,13.39578,13.40021,0.00,0.00
2016.08.15 22:08:55.689,13.39578,13.4002,0.00,0.00
2016.08.15 22:08:58.019,13.39578,13.40021,0.00,0.00
2016.08.15 22:08:59.340,13.39569,13.40021,0.00,0.00
2016.08.15 22:09:02.034,13.39549,13.39971,0.00,0.00
2016.08.15 22:09:02.084,13.39519,13.39971,0.00,0.00
2016.08.15 22:09:02.161,13.3952,13.39952,0.00,0.00
2016.08.15 22:09:02.211,13.39469,13.39921,0.00,0.00
2016.08.15 22:09:06.107,13.3947,13.3992,0.00,0.00
2016.08.15 22:09:07.910,13.39469,13.39921,0.00,0.00
2016.08.15 22:09:10.121,13.3947,13.3992,0.00,0.00
2016.08.15 22:09:13.619,13.39469,13.39921,0.00,0.00
2016.08.15 22:09:15.574,13.39489,13.39921,0.00,0.00
2016.08.15 22:09:15.625,13.3952,13.3997,0.00,0.00
2016.08.15 22:09:16.183,13.39519,13.39971,0.00,0.00
2016.08.15 22:09:16.843,13.3952,13.3997,0.00,0.00
2016.08.15 22:09:17.601,13.39519,13.39971,0.00,0.00
2016.08.15 22:09:19.604,13.39519,13.39971,0.00,0.00
2016.08.15 22:09:23.456,13.3952,13.3997,0.00,0.00
2016.08.15 22:09:30.871,13.39519,13.39971,0.00,0.00
2016.08.15 22:09:32.777,13.3952,13.3997,0.00,0.00
2016.08.15 22:09:34.878,13.39519,13.39971,0.00,0.00
2016.08.15 22:09:38.492,13.3952,13.3997,0.00,0.00
2016.08.15 22:09:38.904,13.3947,13.3992,0.00,0.00
2016.08.15 22:09:40.458,13.39469,13.39921,0.00,0.00
2016.08.15 22:09:44.609,13.3947,13.3992,0.00,0.00
2016.08.15 22:09:45.645,13.39469,13.39921,0.00,0.00
2016.08.15 22:09:48.418,13.3947,13.3992,0.00,0.00
2016.08.15 22:09:48.748,13.39479,13.3992,0.00,0.00
2016.08.15 22:09:48.849,13.3952,13.3997,0.00,0.00
2016.08.15 22:09:49.319,13.39519,13.39971,0.00,0.00
2016.08.15 22:09:50.629,13.39488,13.39871,0.00,0.00
2016.08.15 22:09:50.731,13.39438,13.3987,0.00,0.00
2016.08.15 22:09:50.818,13.3942,13.3987,0.00,0.00
2016.08.15 22:09:51.439,13.3947,13.39911,0.00,0.00
2016.08.15 22:09:51.552,13.39469,13.39921,0.00,0.00
2016.08.15 22:10:00.946,13.3947,13.3992,0.00,0.00
2016.08.15 22:10:01.751,13.39469,13.39921,0.00,0.00
2016.08.15 22:10:04.757,13.3947,13.3992,0.00,0.00
2016.08.15 22:10:06.660,13.39469,13.39921,0.00,0.00
2016.08.15 22:10:07.248,13.39528,13.39921,0.00,0.00
2016.08.15 22:10:07.498,13.39528,13.39971,0.00,0.00
2016.08.15 22:10:07.646,13.39519,13.39971,0.00,0.00
2016.08.15 22:10:07.874,13.39469,13.39921,0.00,0.00
2016.08.15 22:10:08.862,13.39478,13.39921,0.00,0.00
2016.08.15 22:10:09.446,13.39478,13.3992,0.00,0.00
2016.08.15 22:10:09.496,13.3947,13.3992,0.00,0.00
2016.08.15 22:10:10.087,13.39469,13.39921,0.00,0.00
2016.08.15 22:10:11.681,13.3947,13.3992,0.00,0.00
2016.08.15 22:10:13.807,13.39469,13.39921,0.00,0.00
2016.08.15 22:10:15.489,13.3947,13.3992,0.00,0.00
2016.08.15 22:10:19.297,13.39469,13.39921,0.00,0.00
2016.08.15 22:10:21.204,13.3947,13.3992,0.00,0.00
2016.08.15 22:10:26.912,13.39469,13.39921,0.00,0.00
2016.08.15 22:10:32.760,13.3947,13.3992,0.00,0.00
2016.08.15 22:10:35.229,13.39469,13.39921,0.00,0.00
2016.08.15 22:10:35.288,13.39479,13.39921,0.00,0.00
2016.08.15 22:10:39.437,13.39469,13.39921,0.00,0.00
2016.08.15 22:10:41.956,13.3947,13.3992,0.00,0.00
2016.08.15 22:10:42.563,13.39469,13.39921,0.00,0.00
2016.08.15 22:10:43.096,13.39569,13.39942,0.00,0.00
2016.08.15 22:10:43.146,13.39569,13.39972,0.00,0.00
2016.08.15 22:10:43.200,13.39569,13.40021,0.00,0.00
2016.08.15 22:10:50.661,13.3957,13.4002,0.00,0.00
2016.08.15 22:10:51.387,13.39569,13.40021,0.00,0.00
2016.08.15 22:10:52.357,13.39569,13.40021,0.00,0.00
2016.08.15 22:10:52.408,13.3957,13.4002,0.00,0.00
2016.08.15 22:10:54.269,13.39569,13.40021,0.00,0.00
2016.08.15 22:10:56.072,13.3957,13.4002,0.00,0.00
2016.08.15 22:10:57.977,13.39569,13.40021,0.00,0.00
2016.08.15 22:10:59.431,13.39569,13.40021,0.00,0.00
2016.08.15 22:11:07.497,13.3957,13.4002,0.00,0.00
2016.08.15 22:11:11.445,13.39569,13.40021,0.00,0.00
2016.08.15 22:11:12.670,13.39589,13.40001,0.00,0.00
2016.08.15 22:11:13.211,13.3959,13.4,0.00,0.00
2016.08.15 22:11:15.513,13.39589,13.40011,0.00,0.00
2016.08.15 22:11:16.615,13.3959,13.4001,0.00,0.00
2016.08.15 22:11:19.172,13.39589,13.40011,0.00,0.00
2016.08.15 22:11:21.627,13.3959,13.4002,0.00,0.00
2016.08.15 22:11:21.728,13.39589,13.40011,0.00,0.00
2016.08.15 22:11:24.635,13.3959,13.4001,0.00,0.00
2016.08.15 22:11:26.581,13.39589,13.40011,0.00,0.00
2016.08.15 22:11:30.264,13.39559,13.3976,0.00,0.00
2016.08.15 22:11:30.366,13.39528,13.39751,0.00,0.00
2016.08.15 22:11:30.467,13.39468,13.39751,0.00,0.00
2016.08.15 22:11:30.517,13.39389,13.39751,0.00,0.00
2016.08.15 22:11:31.225,13.3939,13.3975,0.00,0.00
2016.08.15 22:11:32.267,13.39389,13.39751,0.00,0.00
2016.08.15 22:11:34.760,13.39389,13.39751,0.00,0.00
2016.08.15 22:11:35.962,13.3939,13.3975,0.00,0.00
2016.08.15 22:11:41.674,13.39389,13.39751,0.00,0.00
2016.08.15 22:11:45.484,13.3939,13.3975,0.00,0.00
2016.08.15 22:11:47.388,13.39389,13.39751,0.00,0.00
2016.08.15 22:11:47.788,13.3939,13.3975,0.00,0.00
2016.08.15 22:11:49.291,13.39389,13.39751,0.00,0.00
2016.08.15 22:11:55.003,13.3939,13.3975,0.00,0.00
2016.08.15 22:11:58.320,13.39389,13.39751,0.00,0.00
2016.08.15 22:12:04.522,13.3939,13.3975,0.00,0.00
2016.08.15 22:12:06.428,13.39389,13.39751,0.00,0.00
2016.08.15 22:12:12.137,13.3939,13.3975,0.00,0.00
2016.08.15 22:12:14.041,13.39389,13.39751,0.00,0.00
2016.08.15 22:12:15.584,13.39389,13.39751,0.00,0.00
2016.08.15 22:12:16.886,13.3939,13.3975,0.00,0.00
2016.08.15 22:12:18.589,13.39389,13.39751,0.00,0.00
2016.08.15 22:12:21.560,13.3939,13.3975,0.00,0.00
2016.08.15 22:12:25.366,13.39389,13.39751,0.00,0.00
2016.08.15 22:12:27.269,13.3939,13.3975,0.00,0.00
2016.08.15 22:12:27.479,13.39389,13.39751,0.00,0.00
2016.08.15 22:12:29.172,13.3939,13.3975,0.00,0.00
2016.08.15 22:12:32.308,13.39389,13.39751,0.00,0.00
2016.08.15 22:12:33.516,13.3939,13.3975,0.00,0.00
2016.08.15 22:12:34.167,13.39389,13.39751,0.00,0.00
2016.08.15 22:12:40.220,13.3946,13.3975,0.00,0.00
2016.08.15 22:12:40.921,13.39459,13.39751,0.00,0.00
2016.08.15 22:12:42.129,13.39389,13.39751,0.00,0.00
2016.08.15 22:12:42.631,13.39529,13.39862,0.00,0.00
2016.08.15 22:12:42.682,13.39529,13.39932,0.00,0.00
2016.08.15 22:12:42.732,13.39529,13.39932,0.00,0.00
2016.08.15 22:12:42.783,13.39529,13.39951,0.00,0.00
2016.08.15 22:12:42.834,13.39529,13.39981,0.00,0.00
2016.08.15 22:12:43.332,13.39589,13.40012,0.00,0.00
2016.08.15 22:12:43.383,13.39589,13.40021,0.00,0.00
2016.08.15 22:12:43.535,13.3959,13.4003,0.00,0.00
2016.08.15 22:12:43.926,13.3959,13.4003,0.00,0.00
2016.08.15 22:12:45.036,13.39589,13.40031,0.00,0.00
2016.08.15 22:12:45.701,13.3959,13.4003,0.00,0.00
2016.08.15 22:12:45.802,13.39618,13.4002,0.00,0.00
2016.08.15 22:12:46.387,13.3959,13.4002,0.00,0.00
2016.08.15 22:12:46.438,13.39589,13.40021,0.00,0.00
2016.08.15 22:12:46.791,13.39609,13.40021,0.00,0.00
2016.08.15 22:12:46.841,13.39609,13.40031,0.00,0.00
2016.08.15 22:12:47.191,13.39628,13.4003,0.00,0.00
2016.08.15 22:12:47.241,13.3963,13.4005,0.00,0.00
2016.08.15 22:12:47.591,13.39649,13.40051,0.00,0.00
2016.08.15 22:12:47.865,13.3973,13.4014,0.00,0.00
2016.08.15 22:12:47.916,13.39718,13.4013,0.00,0.00
2016.08.15 22:12:48.283,13.39689,13.40131,0.00,0.00
2016.08.15 22:12:48.334,13.3969,13.4013,0.00,0.00
2016.08.15 22:12:49.433,13.39689,13.40131,0.00,0.00
2016.08.15 22:12:50.007,13.3973,13.4015,0.00,0.00
2016.08.15 22:12:50.109,13.39708,13.4013,0.00,0.00
2016.08.15 22:12:50.186,13.3969,13.4013,0.00,0.00
2016.08.15 22:12:50.287,13.39698,13.4013,0.00,0.00
2016.08.15 22:12:50.387,13.3969,13.4013,0.00,0.00
2016.08.15 22:12:51.510,13.39689,13.40131,0.00,0.00
2016.08.15 22:12:51.808,13.39708,13.40131,0.00,0.00
2016.08.15 22:12:53.643,13.39708,13.4013,0.00,0.00
2016.08.15 22:12:59.398,13.3969,13.4013,0.00,0.00
2016.08.15 22:13:01.035,13.39689,13.40131,0.00,0.00
2016.08.15 22:13:04.440,13.3969,13.4013,0.00,0.00
2016.08.15 22:13:06.507,13.39718,13.4013,0.00,0.00
2016.08.15 22:13:06.558,13.39718,13.40131,0.00,0.00
2016.08.15 22:13:06.906,13.39718,13.4013,0.00,0.00
2016.08.15 22:13:06.957,13.3969,13.4013,0.00,0.00
2016.08.15 22:13:07.008,13.39698,13.4013,0.00,0.00
2016.08.15 22:13:08.647,13.39698,13.40131,0.00,0.00
2016.08.15 22:13:09.166,13.3973,13.4015,0.00,0.00
2016.08.15 22:13:09.267,13.39729,13.40151,0.00,0.00
2016.08.15 22:13:09.350,13.3973,13.4015,0.00,0.00
2016.08.15 22:13:10.598,13.3973,13.4018,0.00,0.00
2016.08.15 22:13:11.111,13.39729,13.40181,0.00,0.00
2016.08.15 22:13:12.057,13.3973,13.4018,0.00,0.00
2016.08.15 22:13:12.758,13.39729,13.40181,0.00,0.00
2016.08.15 22:13:13.469,13.3983,13.40212,0.00,0.00
2016.08.15 22:13:13.520,13.3983,13.4025,0.00,0.00
2016.08.15 22:13:13.672,13.3989,13.4025,0.00,0.00
2016.08.15 22:13:14.005,13.39889,13.40251,0.00,0.00
2016.08.15 22:13:14.868,13.3989,13.4025,0.00,0.00
2016.08.15 22:13:15.580,13.39889,13.40251,0.00,0.00
2016.08.15 22:13:19.069,13.3989,13.4025,0.00,0.00
2016.08.15 22:13:19.831,13.39889,13.40251,0.00,0.00
2016.08.15 22:13:23.088,13.3989,13.4025,0.00,0.00
2016.08.15 22:13:24.015,13.39889,13.40251,0.00,0.00
2016.08.15 22:13:24.791,13.39889,13.40251,0.00,0.00
2016.08.15 22:13:27.035,13.3989,13.4025,0.00,0.00
2016.08.15 22:13:28.889,13.39889,13.40251,0.00,0.00
2016.08.15 22:13:30.791,13.3989,13.4025,0.00,0.00
2016.08.15 22:13:34.598,13.39889,13.40251,0.00,0.00
2016.08.15 22:13:40.113,13.3989,13.4025,0.00,0.00
2016.08.15 22:13:43.022,13.39889,13.40251,0.00,0.00
2016.08.15 22:13:45.926,13.3989,13.4025,0.00,0.00
2016.08.15 22:13:47.832,13.39889,13.40251,0.00,0.00
2016.08.15 22:13:50.142,13.3989,13.4025,0.00,0.00
2016.08.15 22:13:53.550,13.39889,13.40251,0.00,0.00
2016.08.15 22:13:55.454,13.3989,13.4025,0.00,0.00
2016.08.15 22:13:57.862,13.39889,13.40321,0.00,0.00
2016.08.15 22:13:57.912,13.39889,13.40321,0.00,0.00
2016.08.15 22:13:57.963,13.3989,13.4032,0.00,0.00
2016.08.15 22:13:58.014,13.39908,13.4032,0.00,0.00
2016.08.15 22:13:59.300,13.39908,13.40321,0.00,0.00
2016.08.15 22:14:02.271,13.39908,13.4033,0.00,0.00
2016.08.15 22:14:08.793,13.39908,13.40331,0.00,0.00
2016.08.15 22:14:10.697,13.39908,13.4033,0.00,0.00
2016.08.15 22:14:12.603,13.39908,13.40331,0.00,0.00
2016.08.15 22:14:13.341,13.39908,13.40321,0.00,0.00
2016.08.15 22:14:13.392,13.39889,13.40321,0.00,0.00
2016.08.15 22:14:13.807,13.39918,13.40331,0.00,0.00
2016.08.15 22:14:14.371,13.39918,13.4033,0.00,0.00
2016.08.15 22:14:14.422,13.40059,13.40382,0.00,0.00
2016.08.15 22:14:14.731,13.40049,13.4043,0.00,0.00
2016.08.15 22:14:14.832,13.39989,13.40351,0.00,0.00
2016.08.15 22:14:14.933,13.39899,13.4033,0.00,0.00
2016.08.15 22:14:15.353,13.3989,13.4033,0.00,0.00
2016.08.15 22:14:16.817,13.39889,13.40331,0.00,0.00
2016.08.15 22:14:17.039,13.39909,13.40331,0.00,0.00
2016.08.15 22:14:18.722,13.39909,13.4033,0.00,0.00
2016.08.15 22:14:19.357,13.3989,13.4033,0.00,0.00
2016.08.15 22:14:20.629,13.39889,13.40331,0.00,0.00
2016.08.15 22:14:20.860,13.39889,13.40331,0.00,0.00
2016.08.15 22:14:20.917,13.39908,13.40331,0.00,0.00
2016.08.15 22:14:21.418,13.39908,13.4033,0.00,0.00
2016.08.15 22:14:22.534,13.39908,13.40331,0.00,0.00
2016.08.15 22:14:23.330,13.39928,13.40331,0.00,0.00
2016.08.15 22:14:23.381,13.39929,13.40351,0.00,0.00
2016.08.15 22:14:23.864,13.39989,13.40351,0.00,0.00
2016.08.15 22:14:24.512,13.3999,13.4035,0.00,0.00
2016.08.15 22:14:25.749,13.39989,13.40351,0.00,0.00
2016.08.15 22:14:26.541,13.3999,13.4035,0.00,0.00
2016.08.15 22:14:27.657,13.39989,13.40351,0.00,0.00
2016.08.15 22:14:31.369,13.3999,13.4035,0.00,0.00
2016.08.15 22:14:33.273,13.39989,13.40351,0.00,0.00
2016.08.15 22:14:35.677,13.39998,13.40351,0.00,0.00
2016.08.15 22:14:38.625,13.39989,13.40351,0.00,0.00
2016.08.15 22:14:39.058,13.40009,13.4035,0.00,0.00
2016.08.15 22:14:39.159,13.39989,13.40351,0.00,0.00
2016.08.15 22:14:40.946,13.39989,13.40351,0.00,0.00
2016.08.15 22:14:40.998,13.39989,13.40351,0.00,0.00
2016.08.15 22:14:41.049,13.40008,13.40351,0.00,0.00
2016.08.15 22:14:44.709,13.40008,13.4035,0.00,0.00
2016.08.15 22:14:48.519,13.40008,13.40351,0.00,0.00
2016.08.15 22:14:50.425,13.40008,13.4035,0.00,0.00
2016.08.15 22:14:55.147,13.40008,13.40421,0.00,0.00
2016.08.15 22:14:55.692,13.39989,13.40421,0.00,0.00
2016.08.15 22:14:55.743,13.39989,13.40411,0.00,0.00
2016.08.15 22:14:55.794,13.40008,13.40411,0.00,0.00
2016.08.15 22:14:56.451,13.40008,13.4041,0.00,0.00
2016.08.15 22:14:58.509,13.40008,13.4044,0.00,0.00
2016.08.15 22:14:59.373,13.40019,13.4044,0.00,0.00
2016.08.15 22:15:00.283,13.40019,13.40421,0.00,0.00
2016.08.15 22:15:00.599,13.39998,13.40421,0.00,0.00
2016.08.15 22:15:03.739,13.39998,13.4042,0.00,0.00
2016.08.15 22:15:09.454,13.39998,13.40421,0.00,0.00
2016.08.15 22:15:11.693,13.40018,13.40421,0.00,0.00
2016.08.15 22:15:15.068,13.40018,13.4042,0.00,0.00
2016.08.15 22:15:18.451,13.39998,13.4042,0.00,0.00
2016.08.15 22:15:18.502,13.40019,13.4043,0.00,0.00
2016.08.15 22:15:19.120,13.40019,13.40431,0.00,0.00
2016.08.15 22:15:20.822,13.40019,13.4043,0.00,0.00
2016.08.15 22:15:23.307,13.40049,13.4043,0.00,0.00
2016.08.15 22:15:23.408,13.40089,13.40521,0.00,0.00
2016.08.15 22:15:23.510,13.40099,13.40521,0.00,0.00
2016.08.15 22:15:23.629,13.4017,13.4052,0.00,0.00
2016.08.15 22:15:23.739,13.40179,13.40531,0.00,0.00
2016.08.15 22:15:23.791,13.40128,13.40431,0.00,0.00
2016.08.15 22:15:23.842,13.40028,13.40431,0.00,0.00
2016.08.15 22:15:23.893,13.40028,13.40421,0.00,0.00
2016.08.15 22:15:23.943,13.39989,13.40421,0.00,0.00
2016.08.15 22:15:24.305,13.3999,13.4043,0.00,0.00
2016.08.15 22:15:24.356,13.40008,13.4043,0.00,0.00
2016.08.15 22:15:24.704,13.40008,13.4042,0.00,0.00
2016.08.15 22:15:25.391,13.40008,13.40421,0.00,0.00
2016.08.15 22:15:27.612,13.40008,13.4042,0.00,0.00
2016.08.15 22:15:29.196,13.40008,13.40431,0.00,0.00
2016.08.15 22:15:29.873,13.40008,13.4043,0.00,0.00
2016.08.15 22:15:30.165,13.40028,13.4043,0.00,0.00
2016.08.15 22:15:30.215,13.40049,13.40451,0.00,0.00
2016.08.15 22:15:30.868,13.4005,13.4045,0.00,0.00
2016.08.15 22:15:32.814,13.40049,13.40451,0.00,0.00
2016.08.15 22:15:34.314,13.4005,13.4045,0.00,0.00
2016.08.15 22:15:35.921,13.40049,13.40451,0.00,0.00
2016.08.15 22:15:39.728,13.4005,13.4045,0.00,0.00
2016.08.15 22:15:40.728,13.40059,13.4045,0.00,0.00
2016.08.15 22:15:40.779,13.40059,13.40481,0.00,0.00
2016.08.15 22:15:40.930,13.4006,13.4048,0.00,0.00
2016.08.15 22:15:41.631,13.40059,13.40481,0.00,0.00
2016.08.15 22:15:43.132,13.40059,13.40481,0.00,0.00
2016.08.15 22:15:43.536,13.4006,13.4047,0.00,0.00
2016.08.15 22:15:45.600,13.40059,13.40471,0.00,0.00
2016.08.15 22:15:47.190,13.40059,13.40451,0.00,0.00
2016.08.15 22:15:47.800,13.4006,13.4045,0.00,0.00
2016.08.15 22:15:52.395,13.40059,13.40481,0.00,0.00
2016.08.15 22:15:52.958,13.4006,13.4048,0.00,0.00
2016.08.15 22:15:54.891,13.40079,13.4048,0.00,0.00
2016.08.15 22:15:54.995,13.40149,13.40551,0.00,0.00
2016.08.15 22:15:55.549,13.40099,13.40531,0.00,0.00
2016.08.15 22:15:57.530,13.401,13.4053,0.00,0.00
2016.08.15 22:15:58.111,13.40099,13.40451,0.00,0.00
2016.08.15 22:15:58.212,13.40089,13.40481,0.00,0.00
2016.08.15 22:15:58.607,13.4005,13.4048,0.00,0.00
2016.08.15 22:15:59.217,13.40049,13.40481,0.00,0.00
2016.08.15 22:16:00.163,13.40058,13.40481,0.00,0.00
2016.08.15 22:16:00.580,13.4005,13.4047,0.00,0.00
2016.08.15 22:16:01.983,13.40049,13.40471,0.00,0.00
2016.08.15 22:16:05.063,13.40059,13.40471,0.00,0.00
2016.08.15 22:16:05.845,13.40059,13.4047,0.00,0.00
2016.08.15 22:16:06.505,13.40059,13.40471,0.00,0.00
2016.08.15 22:16:11.506,13.40059,13.4047,0.00,0.00
2016.08.15 22:16:12.829,13.4006,13.4048,0.00,0.00
2016.08.15 22:16:13.309,13.40059,13.40481,0.00,0.00
2016.08.15 22:16:14.861,13.40028,13.4043,0.00,0.00
2016.08.15 22:16:15.176,13.40008,13.4043,0.00,0.00
2016.08.15 22:16:15.476,13.4,13.4043,0.00,0.00
2016.08.15 22:16:15.527,13.39989,13.40381,0.00,0.00
2016.08.15 22:16:15.628,13.39999,13.40411,0.00,0.00
2016.08.15 22:16:16.033,13.4,13.4043,0.00,0.00
2016.08.15 22:16:16.083,13.40008,13.4043,0.00,0.00
2016.08.15 22:16:16.872,13.4,13.4043,0.00,0.00
2016.08.15 22:16:16.923,13.39999,13.40421,0.00,0.00
2016.08.15 22:16:18.236,13.4,13.404,0.00,0.00
2016.08.15 22:16:19.432,13.39999,13.40401,0.00,0.00
2016.08.15 22:16:19.983,13.4,13.404,0.00,0.00
2016.08.15 22:16:20.139,13.39998,13.4035,0.00,0.00
2016.08.15 22:16:20.189,13.3999,13.4035,0.00,0.00
2016.08.15 22:16:20.240,13.39999,13.40401,0.00,0.00
2016.08.15 22:16:20.639,13.39999,13.40421,0.00,0.00
2016.08.15 22:16:20.710,13.40018,13.40421,0.00,0.00
2016.08.15 22:16:21.385,13.39999,13.40421,0.00,0.00
2016.08.15 22:16:22.168,13.4,13.4042,0.00,0.00
2016.08.15 22:16:22.845,13.39999,13.40421,0.00,0.00
2016.08.15 22:16:24.027,13.4,13.4042,0.00,0.00
2016.08.15 22:16:25.177,13.39979,13.40351,0.00,0.00
2016.08.15 22:16:25.278,13.39948,13.4032,0.00,0.00
2016.08.15 22:16:25.437,13.39909,13.4032,0.00,0.00
2016.08.15 22:16:25.647,13.39909,13.4033,0.00,0.00
2016.08.15 22:16:27.065,13.39909,13.40331,0.00,0.00
2016.08.15 22:16:30.688,13.39909,13.4033,0.00,0.00
2016.08.15 22:16:31.515,13.39909,13.40331,0.00,0.00
2016.08.15 22:16:31.755,13.39909,13.40341,0.00,0.00
2016.08.15 22:16:32.749,13.39909,13.4034,0.00,0.00
2016.08.15 22:16:36.558,13.39909,13.40341,0.00,0.00
2016.08.15 22:16:42.268,13.39909,13.4034,0.00,0.00
2016.08.15 22:16:44.174,13.39909,13.40341,0.00,0.00
2016.08.15 22:16:46.088,13.39909,13.4034,0.00,0.00
2016.08.15 22:16:48.113,13.39909,13.40341,0.00,0.00
2016.08.15 22:16:52.896,13.39909,13.4034,0.00,0.00
2016.08.15 22:16:55.602,13.39909,13.40341,0.00,0.00
2016.08.15 22:16:57.506,13.39909,13.4034,0.00,0.00
2016.08.15 22:16:59.310,13.39909,13.40341,0.00,0.00
2016.08.15 22:17:00.112,13.39908,13.40321,0.00,0.00
2016.08.15 22:17:00.410,13.39899,13.40321,0.00,0.00
2016.08.15 22:17:10.766,13.399,13.4032,0.00,0.00
2016.08.15 22:17:11.781,13.39899,13.40251,0.00,0.00
2016.08.15 22:17:11.882,13.3989,13.4025,0.00,0.00
2016.08.15 22:17:13.737,13.39889,13.40251,0.00,0.00
2016.08.15 22:17:15.640,13.3989,13.4025,0.00,0.00
2016.08.15 22:17:17.544,13.39889,13.40251,0.00,0.00
2016.08.15 22:17:19.093,13.399,13.4025,0.00,0.00
2016.08.15 22:17:19.363,13.39908,13.40251,0.00,0.00
2016.08.15 22:17:19.598,13.39899,13.40251,0.00,0.00
2016.08.15 22:17:20.950,13.399,13.4025,0.00,0.00
2016.08.15 22:17:22.854,13.39899,13.40251,0.00,0.00
2016.08.15 22:17:23.386,13.39889,13.40251,0.00,0.00
2016.08.15 22:17:23.489,13.39899,13.40251,0.00,0.00
2016.08.15 22:17:29.164,13.3989,13.4025,0.00,0.00
2016.08.15 22:17:32.971,13.39889,13.40251,0.00,0.00
2016.08.15 22:17:34.896,13.3989,13.4025,0.00,0.00
2016.08.15 22:17:34.998,13.39818,13.40221,0.00,0.00
2016.08.15 22:17:35.127,13.398,13.4022,0.00,0.00
2016.08.15 22:17:35.767,13.39799,13.40221,0.00,0.00
2016.08.15 22:17:36.881,13.398,13.4022,0.00,0.00
2016.08.15 22:17:38.784,13.39799,13.40221,0.00,0.00
2016.08.15 22:17:40.687,13.398,13.4022,0.00,0.00
2016.08.15 22:17:40.788,13.398,13.4018,0.00,0.00
2016.08.15 22:17:42.590,13.39799,13.40181,0.00,0.00
2016.08.15 22:17:43.229,13.398,13.4018,0.00,0.00
2016.08.15 22:17:43.292,13.39799,13.40221,0.00,0.00
2016.08.15 22:17:43.342,13.39829,13.40221,0.00,0.00
2016.08.15 22:17:44.494,13.39829,13.4022,0.00,0.00
2016.08.15 22:17:46.430,13.39829,13.40221,0.00,0.00
2016.08.15 22:17:46.600,13.39799,13.40221,0.00,0.00
2016.08.15 22:17:47.139,13.39799,13.40181,0.00,0.00
2016.08.15 22:17:48.949,13.398,13.4022,0.00,0.00
2016.08.15 22:17:49.574,13.39829,13.40231,0.00,0.00
2016.08.15 22:17:51.543,13.39889,13.40301,0.00,0.00
2016.08.15 22:17:51.645,13.39899,13.40341,0.00,0.00
2016.08.15 22:17:51.956,13.39908,13.40341,0.00,0.00
2016.08.15 22:17:52.279,13.39938,13.4034,0.00,0.00
2016.08.15 22:17:52.406,13.39909,13.40331,0.00,0.00
2016.08.15 22:17:55.425,13.39909,13.4033,0.00,0.00
2016.08.15 22:17:57.357,13.39909,13.40331,0.00,0.00
2016.08.15 22:17:58.149,13.39909,13.40291,0.00,0.00
2016.08.15 22:17:58.351,13.399,13.4031,0.00,0.00
2016.08.15 22:17:58.546,13.39909,13.4031,0.00,0.00
2016.08.15 22:18:03.045,13.39909,13.40311,0.00,0.00
2016.08.15 22:18:04.022,13.39928,13.40311,0.00,0.00
2016.08.15 22:18:04.073,13.39928,13.40321,0.00,0.00
2016.08.15 22:18:04.197,13.39928,13.40331,0.00,0.00
2016.08.15 22:18:04.949,13.39928,13.4033,0.00,0.00
2016.08.15 22:18:08.659,13.39928,13.40331,0.00,0.00
2016.08.15 22:18:10.562,13.39928,13.4033,0.00,0.00
2016.08.15 22:18:12.527,13.39928,13.40331,0.00,0.00
2016.08.15 22:18:19.445,13.39919,13.40331,0.00,0.00
2016.08.15 22:18:21.985,13.39919,13.4033,0.00,0.00
2016.08.15 22:18:22.521,13.39919,13.40341,0.00,0.00
2016.08.15 22:18:27.861,13.39919,13.4034,0.00,0.00
2016.08.15 22:18:31.505,13.39919,13.40341,0.00,0.00
2016.08.15 22:18:33.408,13.39919,13.4034,0.00,0.00
2016.08.15 22:18:39.120,13.39919,13.40341,0.00,0.00
2016.08.15 22:18:39.375,13.39929,13.40341,0.00,0.00
2016.08.15 22:18:41.181,13.39929,13.4034,0.00,0.00
2016.08.15 22:18:41.372,13.3997,13.4039,0.00,0.00
2016.08.15 22:18:41.473,13.39958,13.4039,0.00,0.00
2016.08.15 22:18:41.932,13.39978,13.40391,0.00,0.00
2016.08.15 22:18:42.179,13.39949,13.40391,0.00,0.00
2016.08.15 22:18:43.229,13.3995,13.4039,0.00,0.00
2016.08.15 22:18:45.133,13.39949,13.40391,0.00,0.00
2016.08.15 22:18:47.038,13.3995,13.4039,0.00,0.00
2016.08.15 22:18:49.365,13.39949,13.40391,0.00,0.00
2016.08.15 22:18:52.751,13.3995,13.4039,0.00,0.00
2016.08.15 22:18:54.656,13.39949,13.40391,0.00,0.00
2016.08.15 22:18:59.424,13.39969,13.40391,0.00,0.00
2016.08.15 22:19:00.414,13.39969,13.4039,0.00,0.00
2016.08.15 22:19:02.274,13.39969,13.40391,0.00,0.00
2016.08.15 22:19:09.890,13.39969,13.4039,0.00,0.00
2016.08.15 22:19:11.812,13.39969,13.40391,0.00,0.00
2016.08.15 22:19:19.313,13.39969,13.4039,0.00,0.00
2016.08.15 22:19:19.983,13.39968,13.4039,0.00,0.00
2016.08.15 22:19:23.123,13.39968,13.40391,0.00,0.00
2016.08.15 22:19:25.053,13.39968,13.4039,0.00,0.00
2016.08.15 22:19:27.080,13.39968,13.40391,0.00,0.00
2016.08.15 22:19:34.553,13.39968,13.40391,0.00,0.00
2016.08.15 22:19:39.356,13.39969,13.40391,0.00,0.00
2016.08.15 22:19:40.274,13.39969,13.4039,0.00,0.00
2016.08.15 22:19:49.794,13.39969,13.40391,0.00,0.00
2016.08.15 22:19:51.697,13.39969,13.4039,0.00,0.00
2016.08.15 22:19:57.308,13.39969,13.40391,0.00,0.00
2016.08.15 22:19:59.383,13.39968,13.40391,0.00,0.00
2016.08.15 22:20:01.116,13.39968,13.4039,0.00,0.00
2016.08.15 22:20:03.078,13.39968,13.40391,0.00,0.00
2016.08.15 22:20:04.942,13.39968,13.4039,0.00,0.00
2016.08.15 22:20:06.845,13.39968,13.40391,0.00,0.00
2016.08.15 22:20:16.361,13.39968,13.4039,0.00,0.00
2016.08.15 22:20:18.264,13.39968,13.40391,0.00,0.00
2016.08.15 22:20:19.766,13.39969,13.40391,0.00,0.00
2016.08.15 22:20:20.417,13.39969,13.4039,0.00,0.00
2016.08.15 22:20:25.902,13.39969,13.40391,0.00,0.00
2016.08.15 22:20:27.781,13.39969,13.4039,0.00,0.00
2016.08.15 22:20:29.688,13.39969,13.40391,0.00,0.00
2016.08.15 22:20:37.311,13.39969,13.4039,0.00,0.00
2016.08.15 22:20:39.441,13.39968,13.4039,0.00,0.00
2016.08.15 22:20:42.925,13.39968,13.40391,0.00,0.00
2016.08.15 22:20:44.830,13.39968,13.4039,0.00,0.00
2016.08.15 22:20:52.447,13.39968,13.40391,0.00,0.00
2016.08.15 22:21:00.061,13.39968,13.4039,0.00,0.00
2016.08.15 22:21:01.964,13.39968,13.40391,0.00,0.00
2016.08.15 22:21:04.484,13.39968,13.40281,0.00,0.00
2016.08.15 22:21:04.588,13.39939,13.4028,0.00,0.00
2016.08.15 22:21:04.719,13.39889,13.40281,0.00,0.00
2016.08.15 22:21:05.250,13.3989,13.4028,0.00,0.00
2016.08.15 22:21:06.372,13.39889,13.40281,0.00,0.00
2016.08.15 22:21:08.275,13.3989,13.4028,0.00,0.00
2016.08.15 22:21:12.088,13.39889,13.40281,0.00,0.00
2016.08.15 22:21:19.711,13.3989,13.4028,0.00,0.00
2016.08.15 22:21:21.615,13.39889,13.40281,0.00,0.00
2016.08.15 22:21:23.520,13.3989,13.4028,0.00,0.00
2016.08.15 22:21:25.425,13.39889,13.40281,0.00,0.00
2016.08.15 22:21:33.043,13.3989,13.4028,0.00,0.00
2016.08.15 22:21:34.946,13.39889,13.40281,0.00,0.00
2016.08.15 22:21:36.968,13.3989,13.4028,0.00,0.00
2016.08.15 22:21:38.751,13.39889,13.40281,0.00,0.00
2016.08.15 22:21:40.655,13.3989,13.4028,0.00,0.00
2016.08.15 22:21:44.462,13.39889,13.40281,0.00,0.00
2016.08.15 22:21:44.803,13.39868,13.40281,0.00,0.00
2016.08.15 22:21:48.168,13.39868,13.4028,0.00,0.00
2016.08.15 22:21:55.781,13.39868,13.40281,0.00,0.00
2016.08.15 22:21:56.482,13.3996,13.4028,0.00,0.00
2016.08.15 22:21:57.597,13.39959,13.40281,0.00,0.00
2016.08.15 22:21:58.257,13.3996,13.4028,0.00,0.00
2016.08.15 22:21:59.588,13.39959,13.40281,0.00,0.00
2016.08.15 22:22:01.491,13.3996,13.4028,0.00,0.00
2016.08.15 22:22:05.332,13.39959,13.40281,0.00,0.00
2016.08.15 22:22:09.105,13.3996,13.4028,0.00,0.00
2016.08.15 22:22:11.008,13.39959,13.40281,0.00,0.00
2016.08.15 22:22:18.620,13.3996,13.4028,0.00,0.00
2016.08.15 22:22:24.329,13.39959,13.40281,0.00,0.00
2016.08.15 22:22:26.275,13.3996,13.4028,0.00,0.00
2016.08.15 22:22:28.135,13.39959,13.40281,0.00,0.00
2016.08.15 22:22:32.544,13.3996,13.4028,0.00,0.00
2016.08.15 22:22:35.750,13.39959,13.40281,0.00,0.00
2016.08.15 22:22:52.789,13.3996,13.4028,0.00,0.00
2016.08.15 22:22:55.399,13.39959,13.40281,0.00,0.00
2016.08.15 22:22:56.603,13.3996,13.4028,0.00,0.00
2016.08.15 22:23:04.232,13.39959,13.40281,0.00,0.00
2016.08.15 22:23:09.985,13.3996,13.4028,0.00,0.00
2016.08.15 22:23:13.718,13.39959,13.40281,0.00,0.00
2016.08.15 22:23:21.292,13.3996,13.4028,0.00,0.00
2016.08.15 22:23:25.164,13.39959,13.40281,0.00,0.00
2016.08.15 22:23:27.012,13.3996,13.4028,0.00,0.00
2016.08.15 22:23:28.556,13.39959,13.40291,0.00,0.00
2016.08.15 22:23:32.730,13.3996,13.4029,0.00,0.00
2016.08.15 22:23:34.393,13.40009,13.40321,0.00,0.00
2016.08.15 22:23:34.563,13.4001,13.4033,0.00,0.00
2016.08.15 22:23:38.148,13.40009,13.40331,0.00,0.00
2016.08.15 22:24:02.820,13.4001,13.4033,0.00,0.00
2016.08.15 22:24:04.766,13.40009,13.40331,0.00,0.00
2016.08.15 22:24:33.282,13.4001,13.4033,0.00,0.00
2016.08.15 22:24:35.185,13.40009,13.40331,0.00,0.00
2016.08.15 22:24:46.509,13.4001,13.4033,0.00,0.00
2016.08.15 22:24:48.416,13.40009,13.40331,0.00,0.00
2016.08.15 22:24:54.234,13.4001,13.4033,0.00,0.00
2016.08.15 22:24:56.035,13.40009,13.40331,0.00,0.00
2016.08.15 22:24:57.940,13.4001,13.4033,0.00,0.00
2016.08.15 22:24:59.844,13.40009,13.40331,0.00,0.00
2016.08.15 22:25:09.179,13.39959,13.40251,0.00,0.00
2016.08.15 22:25:09.766,13.3996,13.4025,0.00,0.00
2016.08.15 22:25:10.467,13.39959,13.40251,0.00,0.00
2016.08.15 22:25:11.069,13.3996,13.4025,0.00,0.00
2016.08.15 22:25:11.650,13.39959,13.40251,0.00,0.00
2016.08.15 22:25:20.601,13.3996,13.4025,0.00,0.00
2016.08.15 22:25:22.406,13.39959,13.40251,0.00,0.00
2016.08.15 22:25:24.310,13.3996,13.4025,0.00,0.00
2016.08.15 22:25:24.811,13.39959,13.40251,0.00,0.00
2016.08.15 22:25:26.914,13.40009,13.40311,0.00,0.00
2016.08.15 22:25:27.150,13.4001,13.4033,0.00,0.00
2016.08.15 22:25:27.763,13.40009,13.40331,0.00,0.00
2016.08.15 22:25:41.149,13.4001,13.4033,0.00,0.00
2016.08.15 22:25:42.871,13.40009,13.40331,0.00,0.00
2016.08.15 22:25:48.669,13.4001,13.4033,0.00,0.00
2016.08.15 22:25:50.573,13.40009,13.40331,0.00,0.00
2016.08.15 22:25:54.380,13.4001,13.4033,0.00,0.00
2016.08.15 22:25:56.284,13.40009,13.40331,0.00,0.00
2016.08.15 22:25:58.188,13.4001,13.4033,0.00,0.00
2016.08.15 22:26:01.996,13.40009,13.40331,0.00,0.00
2016.08.15 22:26:02.219,13.4006,13.4034,0.00,0.00
2016.08.15 22:26:02.321,13.40009,13.40341,0.00,0.00
2016.08.15 22:26:03.850,13.40009,13.40331,0.00,0.00
2016.08.15 22:26:06.122,13.4001,13.4033,0.00,0.00
2016.08.15 22:26:06.256,13.40009,13.40341,0.00,0.00
2016.08.15 22:26:06.990,13.4001,13.4034,0.00,0.00
2016.08.15 22:26:08.010,13.40009,13.40341,0.00,0.00
2016.08.15 22:26:09.759,13.40009,13.40331,0.00,0.00
2016.08.15 22:26:11.845,13.4001,13.4033,0.00,0.00
2016.08.15 22:26:13.731,13.40009,13.40331,0.00,0.00
2016.08.15 22:26:15.668,13.4001,13.4033,0.00,0.00
2016.08.15 22:26:17.529,13.40009,13.40331,0.00,0.00
2016.08.15 22:26:19.434,13.4001,13.4033,0.00,0.00
2016.08.15 22:26:21.338,13.40009,13.40331,0.00,0.00
2016.08.15 22:26:23.481,13.4001,13.4033,0.00,0.00
2016.08.15 22:26:24.572,13.39959,13.40251,0.00,0.00
2016.08.15 22:26:25.082,13.3996,13.4025,0.00,0.00
2016.08.15 22:26:25.741,13.39959,13.40251,0.00,0.00
2016.08.15 22:26:26.451,13.3996,13.4025,0.00,0.00
2016.08.15 22:26:28.254,13.39959,13.40251,0.00,0.00
2016.08.15 22:26:30.159,13.3996,13.4025,0.00,0.00
2016.08.15 22:26:31.254,13.3996,13.4032,0.00,0.00
2016.08.15 22:26:31.305,13.40059,13.40351,0.00,0.00
2016.08.15 22:26:33.365,13.4006,13.4035,0.00,0.00
2016.08.15 22:26:36.975,13.40059,13.40351,0.00,0.00
2016.08.15 22:26:40.784,13.4006,13.4035,0.00,0.00
2016.08.15 22:26:42.688,13.40059,13.40351,0.00,0.00
2016.08.15 22:26:48.803,13.4006,13.4035,0.00,0.00
2016.08.15 22:26:52.111,13.40059,13.40351,0.00,0.00
2016.08.15 22:26:58.117,13.4006,13.4035,0.00,0.00
2016.08.15 22:26:59.729,13.40059,13.40351,0.00,0.00
2016.08.15 22:27:05.438,13.4006,13.4035,0.00,0.00
2016.08.15 22:27:15.003,13.40059,13.40351,0.00,0.00
2016.08.15 22:27:16.864,13.4006,13.4035,0.00,0.00
2016.08.15 22:27:18.771,13.40059,13.40351,0.00,0.00
2016.08.15 22:27:20.883,13.4006,13.40351,0.00,0.00
2016.08.15 22:27:21.085,13.40009,13.40336,0.00,0.00
2016.08.15 22:27:23.953,13.40009,13.40331,0.00,0.00
2016.08.15 22:27:26.720,13.4001,13.4033,0.00,0.00
2016.08.15 22:27:28.704,13.40009,13.40331,0.00,0.00
2016.08.15 22:27:36.248,13.4001,13.4033,0.00,0.00
2016.08.15 22:27:40.054,13.40009,13.40331,0.00,0.00
2016.08.15 22:27:40.422,13.40059,13.40341,0.00,0.00
2016.08.15 22:27:40.473,13.40059,13.40351,0.00,0.00
2016.08.15 22:27:47.972,13.4006,13.4035,0.00,0.00
2016.08.15 22:27:49.893,13.40059,13.40351,0.00,0.00
2016.08.15 22:27:53.681,13.4006,13.4035,0.00,0.00
2016.08.15 22:27:55.591,13.40059,13.40351,0.00,0.00
2016.08.15 22:27:57.487,13.4006,13.4035,0.00,0.00
2016.08.15 22:27:59.418,13.40059,13.40351,0.00,0.00
2016.08.15 22:28:01.297,13.4006,13.4035,0.00,0.00
2016.08.15 22:28:05.008,13.40059,13.40351,0.00,0.00
2016.08.15 22:28:06.914,13.4006,13.4035,0.00,0.00
2016.08.15 22:28:10.149,13.40009,13.40341,0.00,0.00
2016.08.15 22:28:10.702,13.4001,13.4033,0.00,0.00
2016.08.15 22:28:17.781,13.40009,13.40331,0.00,0.00
2016.08.15 22:28:23.450,13.4001,13.4033,0.00,0.00
2016.08.15 22:28:27.257,13.40009,13.40331,0.00,0.00
2016.08.15 22:28:29.161,13.4001,13.4033,0.00,0.00
2016.08.15 22:28:33.182,13.40009,13.40331,0.00,0.00
2016.08.15 22:28:42.498,13.4001,13.4033,0.00,0.00
2016.08.15 22:28:45.483,13.40009,13.40331,0.00,0.00
2016.08.15 22:28:48.197,13.4001,13.4033,0.00,0.00
2016.08.15 22:28:50.101,13.40009,13.40331,0.00,0.00
2016.08.15 22:28:52.006,13.4001,13.4033,0.00,0.00
2016.08.15 22:28:53.896,13.40009,13.40331,0.00,0.00
2016.08.15 22:28:55.713,13.4001,13.4033,0.00,0.00
2016.08.15 22:28:59.521,13.40009,13.40331,0.00,0.00
2016.08.15 22:29:05.294,13.4001,13.4033,0.00,0.00
2016.08.15 22:29:07.178,13.40009,13.40331,0.00,0.00
2016.08.15 22:29:10.942,13.4001,13.4033,0.00,0.00
2016.08.15 22:29:14.777,13.40009,13.40331,0.00,0.00
2016.08.15 22:29:18.257,13.4001,13.4033,0.00,0.00
2016.08.15 22:29:18.557,13.4001,13.4032,0.00,0.00
2016.08.15 22:29:18.861,13.4001,13.4033,0.00,0.00
2016.08.15 22:29:19.401,13.40009,13.40331,0.00,0.00
2016.08.15 22:29:22.374,13.4001,13.4033,0.00,0.00
2016.08.15 22:29:24.506,13.40009,13.40331,0.00,0.00
2016.08.15 22:29:35.691,13.4001,13.4033,0.00,0.00
2016.08.15 22:29:37.594,13.40009,13.40331,0.00,0.00
2016.08.15 22:29:39.511,13.4001,13.4033,0.00,0.00
2016.08.15 22:29:41.451,13.40009,13.40331,0.00,0.00
2016.08.15 22:29:45.109,13.4001,13.4033,0.00,0.00
2016.08.15 22:29:48.916,13.40009,13.40331,0.00,0.00
2016.08.15 22:29:52.725,13.4001,13.4033,0.00,0.00
2016.08.15 22:30:00.142,13.40079,13.4033,0.00,0.00
2016.08.15 22:30:00.193,13.40199,13.40461,0.00,0.00
2016.08.15 22:30:00.294,13.40259,13.40551,0.00,0.00
2016.08.15 22:30:00.345,13.40259,13.40551,0.00,0.00
2016.08.15 22:30:00.783,13.4026,13.4061,0.00,0.00
2016.08.15 22:30:00.845,13.40259,13.40601,0.00,0.00
2016.08.15 22:30:00.984,13.40349,13.40621,0.00,0.00
2016.08.15 22:30:01.085,13.40309,13.40621,0.00,0.00
2016.08.15 22:30:01.694,13.4031,13.4062,0.00,0.00
2016.08.15 22:30:02.887,13.40309,13.40621,0.00,0.00
2016.08.15 22:30:03.424,13.4031,13.4061,0.00,0.00
2016.08.15 22:30:03.741,13.4031,13.406,0.00,0.00
2016.08.15 22:30:05.501,13.4026,13.4055,0.00,0.00
2016.08.15 22:30:06.060,13.40259,13.40551,0.00,0.00
2016.08.15 22:30:07.397,13.4026,13.4055,0.00,0.00
2016.08.15 22:30:10.809,13.4031,13.4055,0.00,0.00
2016.08.15 22:30:11.440,13.4026,13.4055,0.00,0.00
2016.08.15 22:30:12.049,13.40259,13.40551,0.00,0.00
2016.08.15 22:30:20.347,13.4026,13.4055,0.00,0.00
2016.08.15 22:30:23.579,13.4021,13.4054,0.00,0.00
2016.08.15 22:30:23.980,13.40209,13.40521,0.00,0.00
2016.08.15 22:30:25.631,13.4021,13.4052,0.00,0.00
2016.08.15 22:30:26.638,13.40209,13.40511,0.00,0.00
2016.08.15 22:30:27.087,13.4021,13.405,0.00,0.00
2016.08.15 22:30:27.828,13.40209,13.40501,0.00,0.00
2016.08.15 22:30:29.244,13.4021,13.405,0.00,0.00
2016.08.15 22:30:29.527,13.40159,13.40451,0.00,0.00
2016.08.15 22:30:29.855,13.40109,13.40451,0.00,0.00
2016.08.15 22:30:29.957,13.40109,13.40411,0.00,0.00
2016.08.15 22:30:30.058,13.40109,13.40421,0.00,0.00
2016.08.15 22:30:35.055,13.4011,13.4042,0.00,0.00
2016.08.15 22:30:36.961,13.40109,13.40421,0.00,0.00
2016.08.15 22:30:37.887,13.4011,13.4041,0.00,0.00
2016.08.15 22:30:40.065,13.40109,13.40421,0.00,0.00
2016.08.15 22:30:40.466,13.40209,13.40451,0.00,0.00
2016.08.15 22:30:47.092,13.40159,13.40451,0.00,0.00
2016.08.15 22:30:47.812,13.4016,13.4045,0.00,0.00
2016.08.15 22:30:49.141,13.40159,13.40481,0.00,0.00
2016.08.15 22:30:49.584,13.40159,13.40471,0.00,0.00
2016.08.15 22:30:50.135,13.4016,13.4047,0.00,0.00
2016.08.15 22:30:50.887,13.40159,13.40471,0.00,0.00
2016.08.15 22:30:55.287,13.4016,13.4045,0.00,0.00
2016.08.15 22:30:56.600,13.40159,13.40451,0.00,0.00
2016.08.15 22:31:00.108,13.4016,13.4045,0.00,0.00
2016.08.15 22:31:01.096,13.40109,13.40421,0.00,0.00
2016.08.15 22:31:02.632,13.4011,13.4042,0.00,0.00
2016.08.15 22:31:03.615,13.40109,13.40421,0.00,0.00
2016.08.15 22:31:06.322,13.4011,13.4042,0.00,0.00
2016.08.15 22:31:10.132,13.40109,13.40421,0.00,0.00
2016.08.15 22:31:12.036,13.4011,13.4042,0.00,0.00
2016.08.15 22:31:13.982,13.40109,13.40421,0.00,0.00
2016.08.15 22:31:14.741,13.4011,13.4042,0.00,0.00
2016.08.15 22:31:15.307,13.40109,13.40421,0.00,0.00
2016.08.15 22:31:15.644,13.4011,13.4041,0.00,0.00
2016.08.15 22:31:16.237,13.40109,13.40411,0.00,0.00
2016.08.15 22:31:18.150,13.4011,13.4041,0.00,0.00
2016.08.15 22:31:19.698,13.40109,13.40411,0.00,0.00
2016.08.15 22:31:21.487,13.4011,13.4041,0.00,0.00
2016.08.15 22:31:23.362,13.40109,13.40411,0.00,0.00
2016.08.15 22:31:27.207,13.4011,13.4041,0.00,0.00
2016.08.15 22:31:29.080,13.40109,13.40411,0.00,0.00
2016.08.15 22:31:32.387,13.4011,13.4041,0.00,0.00
2016.08.15 22:31:32.898,13.40109,13.40411,0.00,0.00
2016.08.15 22:31:36.811,13.4011,13.4041,0.00,0.00
2016.08.15 22:31:41.040,13.4011,13.4042,0.00,0.00
2016.08.15 22:31:42.696,13.40109,13.40421,0.00,0.00
2016.08.15 22:31:48.121,13.4011,13.4042,0.00,0.00
2016.08.15 22:31:50.162,13.40159,13.40451,0.00,0.00
2016.08.15 22:31:50.263,13.4021,13.4045,0.00,0.00
2016.08.15 22:31:50.893,13.40209,13.40451,0.00,0.00
2016.08.15 22:31:52.129,13.4021,13.4045,0.00,0.00
2016.08.15 22:31:52.874,13.40209,13.40451,0.00,0.00
2016.08.15 22:31:55.936,13.4021,13.4045,0.00,0.00
2016.08.15 22:31:56.865,13.40209,13.40451,0.00,0.00
2016.08.15 22:31:57.521,13.4021,13.4045,0.00,0.00
2016.08.15 22:31:58.741,13.40209,13.40451,0.00,0.00
2016.08.15 22:31:59.374,13.4021,13.4045,0.00,0.00
2016.08.15 22:32:00.455,13.40209,13.40451,0.00,0.00
2016.08.15 22:32:01.072,13.4021,13.4045,0.00,0.00
2016.08.15 22:32:04.464,13.40209,13.40451,0.00,0.00
2016.08.15 22:32:06.374,13.4021,13.4045,0.00,0.00
2016.08.15 22:32:08.276,13.40209,13.40451,0.00,0.00
2016.08.15 22:32:10.185,13.4021,13.4045,0.00,0.00
2016.08.15 22:32:12.114,13.40209,13.40451,0.00,0.00
2016.08.15 22:32:14.897,13.4021,13.4045,0.00,0.00
2016.08.15 22:32:15.899,13.40209,13.40451,0.00,0.00
2016.08.15 22:32:19.809,13.4021,13.4045,0.00,0.00
2016.08.15 22:32:20.311,13.40209,13.40451,0.00,0.00
2016.08.15 22:32:23.517,13.4021,13.4045,0.00,0.00
2016.08.15 22:32:27.324,13.40209,13.40451,0.00,0.00
2016.08.15 22:32:29.415,13.4021,13.4045,0.00,0.00
2016.08.15 22:32:29.771,13.40259,13.40551,0.00,0.00
2016.08.15 22:32:29.873,13.40259,13.40511,0.00,0.00
2016.08.15 22:32:29.930,13.4026,13.4055,0.00,0.00
2016.08.15 22:32:30.685,13.40259,13.40551,0.00,0.00
2016.08.15 22:32:31.634,13.4026,13.4055,0.00,0.00
2016.08.15 22:32:33.539,13.40259,13.40551,0.00,0.00
2016.08.15 22:32:35.376,13.40309,13.40631,0.00,0.00
2016.08.15 22:32:35.582,13.40359,13.40651,0.00,0.00
2016.08.15 22:32:36.320,13.4036,13.4065,0.00,0.00
2016.08.15 22:32:36.976,13.40359,13.40651,0.00,0.00
2016.08.15 22:32:37.077,13.40309,13.40641,0.00,0.00
2016.08.15 22:32:37.184,13.4031,13.4063,0.00,0.00
2016.08.15 22:32:38.250,13.40309,13.40631,0.00,0.00
2016.08.15 22:32:38.825,13.4031,13.4063,0.00,0.00
2016.08.15 22:32:39.160,13.40359,13.40651,0.00,0.00
2016.08.15 22:32:39.679,13.40309,13.40641,0.00,0.00
2016.08.15 22:32:43.193,13.40309,13.40631,0.00,0.00
2016.08.15 22:32:45.795,13.40309,13.40621,0.00,0.00
2016.08.15 22:32:47.271,13.4031,13.4062,0.00,0.00
2016.08.15 22:32:49.688,13.40359,13.40651,0.00,0.00
2016.08.15 22:32:51.707,13.4031,13.4064,0.00,0.00
2016.08.15 22:32:52.161,13.40309,13.40631,0.00,0.00
2016.08.15 22:32:54.801,13.40359,13.40651,0.00,0.00
2016.08.15 22:33:00.447,13.40409,13.40651,0.00,0.00
2016.08.15 22:33:00.548,13.40409,13.40681,0.00,0.00
2016.08.15 22:33:00.916,13.40409,13.40721,0.00,0.00
2016.08.15 22:33:05.613,13.4041,13.4072,0.00,0.00
2016.08.15 22:33:05.727,13.40409,13.40731,0.00,0.00
2016.08.15 22:33:07.451,13.40509,13.40781,0.00,0.00
2016.08.15 22:33:08.117,13.4051,13.4078,0.00,0.00
2016.08.15 22:33:09.158,13.40509,13.40781,0.00,0.00
2016.08.15 22:33:15.939,13.4051,13.4078,0.00,0.00
2016.08.15 22:33:16.137,13.4051,13.4082,0.00,0.00
2016.08.15 22:33:17.156,13.40509,13.40821,0.00,0.00
2016.08.15 22:33:17.680,13.4051,13.4082,0.00,0.00
2016.08.15 22:33:18.342,13.40509,13.40821,0.00,0.00
2016.08.15 22:33:26.461,13.4051,13.4082,0.00,0.00
2016.08.15 22:33:28.365,13.40509,13.40821,0.00,0.00
2016.08.15 22:33:32.174,13.4051,13.4082,0.00,0.00
2016.08.15 22:33:35.983,13.40509,13.40821,0.00,0.00
2016.08.15 22:33:36.666,13.4051,13.4082,0.00,0.00
2016.08.15 22:33:43.529,13.40489,13.40861,0.00,0.00
2016.08.15 22:33:43.948,13.40498,13.4086,0.00,0.00
2016.08.15 22:33:44.001,13.40498,13.40921,0.00,0.00
2016.08.15 22:33:46.080,13.40529,13.40921,0.00,0.00
2016.08.15 22:33:46.131,13.40599,13.40921,0.00,0.00
2016.08.15 22:33:47.207,13.406,13.4092,0.00,0.00
2016.08.15 22:33:50.112,13.40599,13.40921,0.00,0.00
2016.08.15 22:33:53.855,13.40599,13.40931,0.00,0.00
2016.08.15 22:33:54.652,13.406,13.4093,0.00,0.00
2016.08.15 22:33:58.148,13.40699,13.40971,0.00,0.00
2016.08.15 22:33:58.681,13.407,13.4097,0.00,0.00
2016.08.15 22:33:59.208,13.40699,13.40971,0.00,0.00
2016.08.15 22:34:05.883,13.407,13.4097,0.00,0.00
2016.08.15 22:34:06.488,13.40699,13.40971,0.00,0.00
2016.08.15 22:34:07.715,13.407,13.4097,0.00,0.00
2016.08.15 22:34:09.958,13.40699,13.40971,0.00,0.00
2016.08.15 22:34:11.357,13.407,13.4097,0.00,0.00
2016.08.15 22:34:12.259,13.40699,13.40971,0.00,0.00
2016.08.15 22:34:12.902,13.407,13.4097,0.00,0.00
2016.08.15 22:34:15.165,13.40699,13.40971,0.00,0.00
2016.08.15 22:34:17.069,13.407,13.4097,0.00,0.00
2016.08.15 22:34:20.878,13.40699,13.40971,0.00,0.00
2016.08.15 22:34:27.693,13.407,13.4097,0.00,0.00
2016.08.15 22:34:28.481,13.40699,13.40971,0.00,0.00
2016.08.15 22:34:29.003,13.407,13.4097,0.00,0.00
2016.08.15 22:34:30.401,13.40699,13.40971,0.00,0.00
2016.08.15 22:34:36.115,13.407,13.4097,0.00,0.00
2016.08.15 22:34:38.466,13.40799,13.41111,0.00,0.00
2016.08.15 22:34:38.624,13.408,13.4112,0.00,0.00
2016.08.15 22:34:39.125,13.40799,13.41121,0.00,0.00
2016.08.15 22:34:42.236,13.408,13.4112,0.00,0.00
2016.08.15 22:34:44.141,13.40799,13.41121,0.00,0.00
2016.08.15 22:34:44.718,13.408,13.4112,0.00,0.00
2016.08.15 22:34:46.053,13.40799,13.41121,0.00,0.00
2016.08.15 22:34:46.803,13.40718,13.4102,0.00,0.00
2016.08.15 22:34:46.854,13.407,13.4102,0.00,0.00
2016.08.15 22:34:47.380,13.40699,13.41021,0.00,0.00
2016.08.15 22:34:50.364,13.407,13.4102,0.00,0.00
2016.08.15 22:34:52.469,13.40699,13.41021,0.00,0.00
2016.08.15 22:35:03.907,13.407,13.4102,0.00,0.00
2016.08.15 22:35:05.709,13.40699,13.41021,0.00,0.00
2016.08.15 22:35:06.058,13.40599,13.41021,0.00,0.00
2016.08.15 22:35:06.531,13.4055,13.4092,0.00,0.00
2016.08.15 22:35:06.930,13.4045,13.4082,0.00,0.00
2016.08.15 22:35:07.031,13.40408,13.40821,0.00,0.00
2016.08.15 22:35:07.081,13.40399,13.40821,0.00,0.00
2016.08.15 22:35:07.553,13.40399,13.40781,0.00,0.00
2016.08.15 22:35:07.654,13.40399,13.40821,0.00,0.00
2016.08.15 22:35:08.022,13.404,13.4078,0.00,0.00
2016.08.15 22:35:08.716,13.40399,13.40781,0.00,0.00
2016.08.15 22:35:10.350,13.40389,13.40801,0.00,0.00
2016.08.15 22:35:10.451,13.40399,13.40811,0.00,0.00
2016.08.15 22:35:10.619,13.404,13.4082,0.00,0.00
2016.08.15 22:35:11.951,13.40399,13.40821,0.00,0.00
2016.08.15 22:35:12.693,13.404,13.4082,0.00,0.00
2016.08.15 22:35:13.353,13.40399,13.40821,0.00,0.00
2016.08.15 22:35:15.162,13.40398,13.40801,0.00,0.00
2016.08.15 22:35:15.214,13.40389,13.40801,0.00,0.00
2016.08.15 22:35:15.265,13.40389,13.40751,0.00,0.00
2016.08.15 22:35:15.629,13.40399,13.40751,0.00,0.00
2016.08.15 22:35:16.231,13.404,13.4075,0.00,0.00
2016.08.15 22:35:17.285,13.40359,13.40731,0.00,0.00
2016.08.15 22:35:17.336,13.4036,13.4075,0.00,0.00
2016.08.15 22:35:18.094,13.40359,13.40751,0.00,0.00
2016.08.15 22:35:18.235,13.40349,13.40751,0.00,0.00
2016.08.15 22:35:18.936,13.4035,13.4075,0.00,0.00
2016.08.15 22:35:19.637,13.40359,13.40751,0.00,0.00
2016.08.15 22:35:21.141,13.4036,13.4075,0.00,0.00
2016.08.15 22:35:23.118,13.40359,13.40751,0.00,0.00
2016.08.15 22:35:28.757,13.4036,13.4075,0.00,0.00
2016.08.15 22:35:30.661,13.40359,13.40751,0.00,0.00
2016.08.15 22:35:32.888,13.4036,13.4075,0.00,0.00
2016.08.15 22:35:34.441,13.40359,13.40751,0.00,0.00
2016.08.15 22:35:38.174,13.4036,13.4075,0.00,0.00
2016.08.15 22:35:40.125,13.40359,13.40751,0.00,0.00
2016.08.15 22:35:41.982,13.4036,13.4075,0.00,0.00
2016.08.15 22:35:45.891,13.40359,13.40751,0.00,0.00
2016.08.15 22:35:49.598,13.4036,13.4075,0.00,0.00
2016.08.15 22:35:55.337,13.40359,13.40751,0.00,0.00
2016.08.15 22:36:01.259,13.4036,13.4075,0.00,0.00
2016.08.15 22:36:02.027,13.40359,13.40751,0.00,0.00
2016.08.15 22:36:04.836,13.4036,13.4075,0.00,0.00
2016.08.15 22:36:05.840,13.40399,13.40811,0.00,0.00
2016.08.15 22:36:07.498,13.404,13.4081,0.00,0.00
2016.08.15 22:36:09.249,13.40399,13.40811,0.00,0.00
2016.08.15 22:36:16.872,13.404,13.4081,0.00,0.00
2016.08.15 22:36:18.861,13.40399,13.40821,0.00,0.00
2016.08.15 22:36:19.367,13.404,13.4082,0.00,0.00
2016.08.15 22:36:24.493,13.40399,13.40821,0.00,0.00
2016.08.15 22:36:26.394,13.404,13.4082,0.00,0.00
2016.08.15 22:36:28.300,13.40399,13.40821,0.00,0.00
2016.08.15 22:36:34.061,13.404,13.4082,0.00,0.00
2016.08.15 22:36:35.915,13.40399,13.40821,0.00,0.00
2016.08.15 22:36:37.718,13.404,13.4082,0.00,0.00
2016.08.15 22:36:39.632,13.40399,13.40821,0.00,0.00
2016.08.15 22:36:41.527,13.404,13.4082,0.00,0.00
2016.08.15 22:36:43.434,13.40399,13.40821,0.00,0.00
2016.08.15 22:36:46.066,13.404,13.4082,0.00,0.00
2016.08.15 22:36:47.146,13.40399,13.40821,0.00,0.00
2016.08.15 22:36:49.507,13.40429,13.40821,0.00,0.00
2016.08.15 22:36:49.558,13.40499,13.40911,0.00,0.00
2016.08.15 22:36:49.656,13.4051,13.40911,0.00,0.00
2016.08.15 22:36:49.757,13.4051,13.4092,0.00,0.00
2016.08.15 22:36:50.334,13.40509,13.40921,0.00,0.00
2016.08.15 22:36:50.385,13.40509,13.40931,0.00,0.00
2016.08.15 22:36:51.645,13.405,13.4092,0.00,0.00
2016.08.15 22:36:56.471,13.40499,13.40921,0.00,0.00
2016.08.15 22:36:56.521,13.40508,13.40921,0.00,0.00
2016.08.15 22:36:56.618,13.40499,13.40921,0.00,0.00
2016.08.15 22:37:00.977,13.405,13.4092,0.00,0.00
2016.08.15 22:37:02.880,13.40499,13.40921,0.00,0.00
2016.08.15 22:37:04.783,13.405,13.4092,0.00,0.00
2016.08.15 22:37:08.591,13.40499,13.40921,0.00,0.00
2016.08.15 22:37:11.713,13.40499,13.40931,0.00,0.00
2016.08.15 22:37:16.205,13.405,13.4093,0.00,0.00
2016.08.15 22:37:20.374,13.40499,13.40931,0.00,0.00
2016.08.15 22:37:22.016,13.405,13.4093,0.00,0.00
2016.08.15 22:37:23.920,13.40499,13.40931,0.00,0.00
2016.08.15 22:37:26.224,13.40499,13.40921,0.00,0.00
2016.08.15 22:37:31.755,13.405,13.4093,0.00,0.00
2016.08.15 22:37:31.805,13.40509,13.4093,0.00,0.00
2016.08.15 22:37:33.439,13.40509,13.40931,0.00,0.00
2016.08.15 22:37:33.792,13.405,13.4093,0.00,0.00
2016.08.15 22:37:37.251,13.40499,13.40931,0.00,0.00
2016.08.15 22:37:39.385,13.40499,13.40931,0.00,0.00
2016.08.15 22:37:44.682,13.405,13.4092,0.00,0.00
2016.08.15 22:37:46.778,13.40499,13.40921,0.00,0.00
2016.08.15 22:37:50.588,13.405,13.4092,0.00,0.00
2016.08.15 22:37:51.504,13.40499,13.40921,0.00,0.00
2016.08.15 22:37:54.398,13.405,13.4092,0.00,0.00
2016.08.15 22:37:56.531,13.40449,13.40881,0.00,0.00
2016.08.15 22:37:56.655,13.40449,13.40881,0.00,0.00
2016.08.15 22:37:57.276,13.4045,13.4088,0.00,0.00
2016.08.15 22:37:58.410,13.40449,13.40881,0.00,0.00
2016.08.15 22:38:05.930,13.4045,13.4088,0.00,0.00
2016.08.15 22:38:11.949,13.40449,13.40881,0.00,0.00
2016.08.15 22:38:15.194,13.405,13.4088,0.00,0.00
2016.08.15 22:38:17.068,13.40499,13.40881,0.00,0.00
2016.08.15 22:38:20.490,13.4046,13.4088,0.00,0.00
2016.08.15 22:38:21.071,13.4045,13.4088,0.00,0.00
2016.08.15 22:38:22.901,13.405,13.4088,0.00,0.00
2016.08.15 22:38:23.240,13.40549,13.40951,0.00,0.00
2016.08.15 22:38:23.290,13.40549,13.40951,0.00,0.00
2016.08.15 22:38:23.701,13.406,13.4095,0.00,0.00
2016.08.15 22:38:24.941,13.40599,13.41011,0.00,0.00
2016.08.15 22:38:25.857,13.406,13.4101,0.00,0.00
2016.08.15 22:38:26.137,13.40599,13.41021,0.00,0.00
2016.08.15 22:38:29.413,13.406,13.4102,0.00,0.00
2016.08.15 22:38:30.149,13.40599,13.41031,0.00,0.00
2016.08.15 22:38:37.074,13.406,13.4103,0.00,0.00
2016.08.15 22:38:38.272,13.406,13.4102,0.00,0.00
2016.08.15 22:38:38.800,13.40599,13.41021,0.00,0.00
2016.08.15 22:38:38.851,13.4059,13.41,0.00,0.00
2016.08.15 22:38:38.953,13.406,13.4102,0.00,0.00
2016.08.15 22:38:40.890,13.40599,13.41021,0.00,0.00
2016.08.15 22:38:43.968,13.40599,13.40951,0.00,0.00
2016.08.15 22:38:44.069,13.40599,13.41021,0.00,0.00
2016.08.15 22:38:47.426,13.40599,13.41031,0.00,0.00
2016.08.15 22:38:48.046,13.406,13.4103,0.00,0.00
2016.08.15 22:38:49.678,13.40599,13.41031,0.00,0.00
2016.08.15 22:38:50.986,13.40599,13.41021,0.00,0.00
2016.08.15 22:38:51.519,13.406,13.4103,0.00,0.00
2016.08.15 22:38:51.787,13.406,13.4102,0.00,0.00
2016.08.15 22:38:54.093,13.40599,13.41021,0.00,0.00
2016.08.15 22:38:58.600,13.406,13.4102,0.00,0.00
2016.08.15 22:39:00.504,13.40599,13.41021,0.00,0.00
2016.08.15 22:39:02.407,13.406,13.4102,0.00,0.00
2016.08.15 22:39:04.444,13.40599,13.41021,0.00,0.00
2016.08.15 22:39:08.015,13.406,13.4102,0.00,0.00
2016.08.15 22:39:09.919,13.40599,13.41021,0.00,0.00
2016.08.15 22:39:19.209,13.40599,13.41011,0.00,0.00
2016.08.15 22:39:19.818,13.406,13.4101,0.00,0.00
2016.08.15 22:39:23.244,13.40599,13.41011,0.00,0.00
2016.08.15 22:39:24.784,13.4056,13.4095,0.00,0.00
2016.08.15 22:39:24.948,13.40549,13.40951,0.00,0.00
2016.08.15 22:39:25.216,13.40559,13.40951,0.00,0.00
2016.08.15 22:39:25.269,13.4055,13.4095,0.00,0.00
2016.08.15 22:39:27.289,13.40599,13.40951,0.00,0.00
2016.08.15 22:39:33.303,13.40589,13.40951,0.00,0.00
2016.08.15 22:39:33.404,13.406,13.4095,0.00,0.00
2016.08.15 22:39:35.170,13.40599,13.40951,0.00,0.00
2016.08.15 22:39:37.074,13.406,13.4095,0.00,0.00
2016.08.15 22:39:40.882,13.40599,13.40951,0.00,0.00
2016.08.15 22:39:41.592,13.40559,13.40951,0.00,0.00
2016.08.15 22:39:41.694,13.4055,13.4095,0.00,0.00
2016.08.15 22:39:42.239,13.40549,13.40951,0.00,0.00
2016.08.15 22:39:45.572,13.4055,13.4095,0.00,0.00
2016.08.15 22:39:48.911,13.40549,13.40951,0.00,0.00
2016.08.15 22:39:51.117,13.4055,13.4095,0.00,0.00
2016.08.15 22:39:51.895,13.40549,13.40951,0.00,0.00
2016.08.15 22:39:52.938,13.4055,13.4095,0.00,0.00
2016.08.15 22:39:55.133,13.40549,13.40951,0.00,0.00
2016.08.15 22:39:56.776,13.4055,13.4095,0.00,0.00
2016.08.15 22:40:00.541,13.40549,13.40951,0.00,0.00
2016.08.15 22:40:04.485,13.4055,13.4095,0.00,0.00
2016.08.15 22:40:11.993,13.40549,13.40951,0.00,0.00
2016.08.15 22:40:21.274,13.40599,13.40951,0.00,0.00
2016.08.15 22:40:23.139,13.406,13.4095,0.00,0.00
2016.08.15 22:40:25.039,13.40599,13.40951,0.00,0.00
2016.08.15 22:40:26.944,13.406,13.4095,0.00,0.00
2016.08.15 22:40:27.748,13.40599,13.40951,0.00,0.00
2016.08.15 22:40:30.152,13.406,13.4101,0.00,0.00
2016.08.15 22:40:30.772,13.40599,13.41011,0.00,0.00
2016.08.15 22:40:32.165,13.406,13.4101,0.00,0.00
2016.08.15 22:40:32.260,13.40599,13.41021,0.00,0.00
2016.08.15 22:40:32.777,13.406,13.4102,0.00,0.00
2016.08.15 22:40:34.564,13.40599,13.41021,0.00,0.00
2016.08.15 22:40:35.112,13.406,13.4102,0.00,0.00
2016.08.15 22:40:35.270,13.40599,13.41011,0.00,0.00
2016.08.15 22:40:36.487,13.406,13.4101,0.00,0.00
2016.08.15 22:40:37.908,13.40599,13.40981,0.00,0.00
2016.08.15 22:40:39.781,13.406,13.4095,0.00,0.00
2016.08.15 22:40:39.989,13.40599,13.40981,0.00,0.00
2016.08.15 22:40:41.697,13.406,13.4098,0.00,0.00
2016.08.15 22:40:43.619,13.40599,13.40981,0.00,0.00
2016.08.15 22:40:49.551,13.406,13.4098,0.00,0.00
2016.08.15 22:40:50.113,13.406,13.4101,0.00,0.00
2016.08.15 22:40:51.383,13.40599,13.41011,0.00,0.00
2016.08.15 22:40:55.412,13.406,13.4101,0.00,0.00
2016.08.15 22:40:57.164,13.40599,13.41011,0.00,0.00
2016.08.15 22:41:02.964,13.40599,13.40981,0.00,0.00
2016.08.15 22:41:03.367,13.406,13.4101,0.00,0.00
2016.08.15 22:41:04.470,13.40599,13.41011,0.00,0.00
2016.08.15 22:41:10.291,13.406,13.4101,0.00,0.00
2016.08.15 22:41:15.908,13.40599,13.41011,0.00,0.00
2016.08.15 22:41:17.813,13.406,13.4101,0.00,0.00
2016.08.15 22:41:25.432,13.40599,13.41011,0.00,0.00
2016.08.15 22:41:29.281,13.40599,13.40981,0.00,0.00
2016.08.15 22:41:31.653,13.406,13.4095,0.00,0.00
2016.08.15 22:41:31.796,13.40599,13.40981,0.00,0.00
2016.08.15 22:41:41.069,13.406,13.4098,0.00,0.00
2016.08.15 22:41:43.054,13.40599,13.40981,0.00,0.00
2016.08.15 22:41:44.878,13.406,13.4098,0.00,0.00
2016.08.15 22:41:46.782,13.40599,13.40981,0.00,0.00
2016.08.15 22:41:52.331,13.406,13.4095,0.00,0.00
2016.08.15 22:41:52.826,13.40538,13.40921,0.00,0.00
2016.08.15 22:41:52.927,13.40509,13.4092,0.00,0.00
2016.08.15 22:41:53.029,13.40499,13.40921,0.00,0.00
2016.08.15 22:41:53.276,13.40508,13.40921,0.00,0.00
2016.08.15 22:41:59.434,13.405,13.4092,0.00,0.00
2016.08.15 22:41:59.584,13.40518,13.4092,0.00,0.00
2016.08.15 22:42:00.165,13.40518,13.40921,0.00,0.00
2016.08.15 22:42:07.954,13.40518,13.4092,0.00,0.00
2016.08.15 22:42:09.098,13.405,13.4092,0.00,0.00
2016.08.15 22:42:11.750,13.40499,13.40921,0.00,0.00
2016.08.15 22:42:15.562,13.405,13.4092,0.00,0.00
2016.08.15 22:42:17.466,13.40499,13.40921,0.00,0.00
2016.08.15 22:42:19.460,13.405,13.4092,0.00,0.00
2016.08.15 22:42:23.371,13.40499,13.40921,0.00,0.00
2016.08.15 22:42:23.981,13.405,13.4092,0.00,0.00
2016.08.15 22:42:25.178,13.40499,13.40921,0.00,0.00
2016.08.15 22:42:27.790,13.405,13.4092,0.00,0.00
2016.08.15 22:42:29.794,13.40499,13.40921,0.00,0.00
2016.08.15 22:42:31.697,13.405,13.4092,0.00,0.00
2016.08.15 22:42:34.117,13.40499,13.40921,0.00,0.00
2016.08.15 22:42:42.333,13.40478,13.40831,0.00,0.00
2016.08.15 22:42:42.415,13.404,13.4081,0.00,0.00
2016.08.15 22:42:42.637,13.40399,13.40811,0.00,0.00
2016.08.15 22:42:45.944,13.404,13.4081,0.00,0.00
2016.08.15 22:42:47.848,13.40399,13.40811,0.00,0.00
2016.08.15 22:42:55.490,13.404,13.4081,0.00,0.00
2016.08.15 22:42:57.068,13.40399,13.40811,0.00,0.00
2016.08.15 22:42:57.168,13.404,13.4081,0.00,0.00
2016.08.15 22:42:57.268,13.40419,13.4081,0.00,0.00
2016.08.15 22:42:57.318,13.40419,13.40821,0.00,0.00
2016.08.15 22:42:59.075,13.40389,13.40821,0.00,0.00
2016.08.15 22:42:59.618,13.40389,13.40811,0.00,0.00
2016.08.15 22:43:00.205,13.40418,13.4081,0.00,0.00
2016.08.15 22:43:00.376,13.40418,13.40821,0.00,0.00
2016.08.15 22:43:01.527,13.40418,13.4082,0.00,0.00
2016.08.15 22:43:03.081,13.40418,13.40821,0.00,0.00
2016.08.15 22:43:04.984,13.40418,13.4082,0.00,0.00
2016.08.15 22:43:05.218,13.40418,13.4083,0.00,0.00
2016.08.15 22:43:05.798,13.40418,13.40831,0.00,0.00
2016.08.15 22:43:10.709,13.40418,13.4083,0.00,0.00
2016.08.15 22:43:12.600,13.40418,13.40831,0.00,0.00
2016.08.15 22:43:16.231,13.40489,13.40851,0.00,0.00
2016.08.15 22:43:16.332,13.40489,13.40851,0.00,0.00
2016.08.15 22:43:16.840,13.4049,13.4085,0.00,0.00
2016.08.15 22:43:20.021,13.40489,13.40851,0.00,0.00
2016.08.15 22:43:21.926,13.4049,13.4085,0.00,0.00
2016.08.15 22:43:23.881,13.40489,13.40851,0.00,0.00
2016.08.15 22:43:27.643,13.4049,13.4085,0.00,0.00
2016.08.15 22:43:29.549,13.40489,13.40851,0.00,0.00
2016.08.15 22:43:31.455,13.4049,13.4085,0.00,0.00
2016.08.15 22:43:33.260,13.40489,13.40851,0.00,0.00
2016.08.15 22:43:36.816,13.40489,13.40851,0.00,0.00
2016.08.15 22:43:44.287,13.4049,13.4085,0.00,0.00
2016.08.15 22:43:46.191,13.40489,13.40851,0.00,0.00
2016.08.15 22:43:50.088,13.4049,13.4085,0.00,0.00
2016.08.15 22:43:51.903,13.40489,13.40851,0.00,0.00
2016.08.15 22:43:57.321,13.4049,13.4085,0.00,0.00
2016.08.15 22:44:01.331,13.40489,13.40851,0.00,0.00
2016.08.15 22:44:05.140,13.4049,13.4085,0.00,0.00
2016.08.15 22:44:05.556,13.40489,13.40921,0.00,0.00
2016.08.15 22:44:05.691,13.40498,13.40921,0.00,0.00
2016.08.15 22:44:08.950,13.40498,13.4092,0.00,0.00
2016.08.15 22:44:10.858,13.40498,13.40921,0.00,0.00
2016.08.15 22:44:12.943,13.40498,13.4092,0.00,0.00
2016.08.15 22:44:14.520,13.4049,13.4092,0.00,0.00
2016.08.15 22:44:15.449,13.40489,13.40921,0.00,0.00
2016.08.15 22:44:19.385,13.40489,13.40921,0.00,0.00
2016.08.15 22:44:22.286,13.4049,13.4092,0.00,0.00
2016.08.15 22:44:24.189,13.40489,13.40921,0.00,0.00
2016.08.15 22:44:29.906,13.4049,13.4092,0.00,0.00
2016.08.15 22:44:31.804,13.40489,13.40921,0.00,0.00
2016.08.15 22:44:35.521,13.4049,13.4092,0.00,0.00
2016.08.15 22:44:41.229,13.40489,13.40921,0.00,0.00
2016.08.15 22:44:43.132,13.4049,13.4092,0.00,0.00
2016.08.15 22:44:45.035,13.40489,13.40921,0.00,0.00
2016.08.15 22:44:48.842,13.4049,13.4092,0.00,0.00
2016.08.15 22:44:50.747,13.40489,13.40921,0.00,0.00
2016.08.15 22:44:58.369,13.4049,13.4092,0.00,0.00
2016.08.15 22:45:00.534,13.40468,13.4082,0.00,0.00
2016.08.15 22:45:00.624,13.40448,13.4082,0.00,0.00
2016.08.15 22:45:00.725,13.40419,13.40821,0.00,0.00
2016.08.15 22:45:00.876,13.4041,13.4082,0.00,0.00
2016.08.15 22:45:02.307,13.40409,13.40821,0.00,0.00
2016.08.15 22:45:04.208,13.4041,13.4082,0.00,0.00
2016.08.15 22:45:06.096,13.40409,13.40821,0.00,0.00
2016.08.15 22:45:08.098,13.4041,13.4082,0.00,0.00
2016.08.15 22:45:09.906,13.40409,13.40821,0.00,0.00
2016.08.15 22:45:16.118,13.4041,13.4082,0.00,0.00
2016.08.15 22:45:16.169,13.40419,13.4082,0.00,0.00
2016.08.15 22:45:17.581,13.40419,13.40821,0.00,0.00
2016.08.15 22:45:19.441,13.4041,13.4082,0.00,0.00
2016.08.15 22:45:21.330,13.40409,13.40821,0.00,0.00
2016.08.15 22:45:22.133,13.4041,13.4082,0.00,0.00
2016.08.15 22:45:25.140,13.40409,13.40821,0.00,0.00
2016.08.15 22:45:27.086,13.40429,13.40821,0.00,0.00
2016.08.15 22:45:27.832,13.4043,13.4082,0.00,0.00
2016.08.15 22:45:30.190,13.40389,13.40821,0.00,0.00
2016.08.15 22:45:30.253,13.40389,13.40821,0.00,0.00
2016.08.15 22:45:30.955,13.4039,13.4078,0.00,0.00
2016.08.15 22:45:31.006,13.40399,13.4078,0.00,0.00
2016.08.15 22:45:31.107,13.4039,13.4078,0.00,0.00
2016.08.15 22:45:31.907,13.40398,13.4078,0.00,0.00
2016.08.15 22:45:31.957,13.4041,13.4081,0.00,0.00
2016.08.15 22:45:32.059,13.40409,13.40821,0.00,0.00
2016.08.15 22:45:35.193,13.4042,13.4082,0.00,0.00
2016.08.15 22:45:35.257,13.4039,13.4078,0.00,0.00
2016.08.15 22:45:35.308,13.4039,13.4082,0.00,0.00
2016.08.15 22:45:35.370,13.4039,13.4082,0.00,0.00
2016.08.15 22:45:35.421,13.40409,13.4082,0.00,0.00
2016.08.15 22:45:35.472,13.4042,13.4082,0.00,0.00
2016.08.15 22:45:36.485,13.40419,13.40821,0.00,0.00
2016.08.15 22:45:37.302,13.40489,13.40851,0.00,0.00
2016.08.15 22:45:37.404,13.4046,13.4083,0.00,0.00
2016.08.15 22:45:37.729,13.4044,13.4083,0.00,0.00
2016.08.15 22:45:43.114,13.40439,13.40831,0.00,0.00
2016.08.15 22:45:46.896,13.4044,13.4083,0.00,0.00
2016.08.15 22:45:48.795,13.40439,13.40831,0.00,0.00
2016.08.15 22:45:50.200,13.4044,13.4083,0.00,0.00
2016.08.15 22:45:50.905,13.40469,13.40851,0.00,0.00
2016.08.15 22:45:56.516,13.4047,13.4085,0.00,0.00
2016.08.15 22:46:02.513,13.40469,13.40851,0.00,0.00
2016.08.15 22:46:04.263,13.4047,13.4085,0.00,0.00
2016.08.15 22:46:11.299,13.4043,13.4082,0.00,0.00
2016.08.15 22:46:12.524,13.40429,13.40821,0.00,0.00
2016.08.15 22:46:15.415,13.40449,13.40831,0.00,0.00
2016.08.15 22:46:15.516,13.4045,13.4085,0.00,0.00
2016.08.15 22:46:17.276,13.40449,13.40851,0.00,0.00
2016.08.15 22:46:20.803,13.40489,13.40851,0.00,0.00
2016.08.15 22:46:22.994,13.405,13.4092,0.00,0.00
2016.08.15 22:46:23.396,13.4052,13.4092,0.00,0.00
2016.08.15 22:46:24.021,13.40519,13.40921,0.00,0.00
2016.08.15 22:46:25.037,13.4052,13.4092,0.00,0.00
2016.08.15 22:46:26.303,13.40519,13.40921,0.00,0.00
2016.08.15 22:46:35.745,13.4052,13.4092,0.00,0.00
2016.08.15 22:46:36.537,13.4049,13.4085,0.00,0.00
2016.08.15 22:46:36.638,13.40489,13.40851,0.00,0.00
2016.08.15 22:46:36.739,13.4049,13.4085,0.00,0.00
2016.08.15 22:46:37.330,13.40489,13.40851,0.00,0.00
2016.08.15 22:46:46.043,13.4049,13.4085,0.00,0.00
2016.08.15 22:46:47.646,13.40489,13.40851,0.00,0.00
2016.08.15 22:46:48.363,13.4049,13.4085,0.00,0.00
2016.08.15 22:46:49.850,13.40489,13.40851,0.00,0.00
2016.08.15 22:46:53.739,13.4049,13.4085,0.00,0.00
2016.08.15 22:46:55.463,13.40489,13.40851,0.00,0.00
2016.08.15 22:46:57.809,13.4049,13.4092,0.00,0.00
2016.08.15 22:46:57.910,13.40498,13.4092,0.00,0.00
2016.08.15 22:46:58.314,13.40489,13.40921,0.00,0.00
2016.08.15 22:46:59.988,13.4049,13.4092,0.00,0.00
2016.08.15 22:47:01.674,13.40489,13.40921,0.00,0.00
2016.08.15 22:47:03.577,13.4049,13.4092,0.00,0.00
2016.08.15 22:47:07.384,13.40489,13.40921,0.00,0.00
2016.08.15 22:47:11.200,13.4049,13.4092,0.00,0.00
2016.08.15 22:47:12.032,13.40498,13.4092,0.00,0.00
2016.08.15 22:47:12.133,13.4049,13.4092,0.00,0.00
2016.08.15 22:47:12.745,13.40489,13.40921,0.00,0.00
2016.08.15 22:47:14.914,13.4049,13.4092,0.00,0.00
2016.08.15 22:47:16.419,13.4049,13.4088,0.00,0.00
2016.08.15 22:47:22.538,13.40489,13.40881,0.00,0.00
2016.08.15 22:47:30.159,13.4049,13.4088,0.00,0.00
2016.08.15 22:47:32.062,13.40489,13.40881,0.00,0.00
2016.08.15 22:47:37.908,13.4049,13.4088,0.00,0.00
2016.08.15 22:47:39.675,13.40489,13.40881,0.00,0.00
2016.08.15 22:47:41.579,13.4049,13.4088,0.00,0.00
2016.08.15 22:47:43.482,13.40489,13.40881,0.00,0.00
2016.08.15 22:47:47.289,13.4049,13.4088,0.00,0.00
2016.08.15 22:47:49.476,13.40489,13.40881,0.00,0.00
2016.08.15 22:47:53.000,13.4049,13.4088,0.00,0.00
2016.08.15 22:47:54.788,13.40498,13.4088,0.00,0.00
2016.08.15 22:47:54.839,13.40519,13.40921,0.00,0.00
2016.08.15 22:47:55.224,13.40519,13.40921,0.00,0.00
2016.08.15 22:47:55.275,13.4052,13.4092,0.00,0.00
2016.08.15 22:47:57.048,13.40519,13.40921,0.00,0.00
2016.08.15 22:47:57.099,13.40519,13.40921,0.00,0.00
2016.08.15 22:48:01.622,13.4051,13.4088,0.00,0.00
2016.08.15 22:48:01.739,13.4049,13.4088,0.00,0.00
2016.08.15 22:48:01.923,13.40489,13.40881,0.00,0.00
2016.08.15 22:48:04.329,13.4049,13.4088,0.00,0.00
2016.08.15 22:48:06.231,13.40489,13.40881,0.00,0.00
2016.08.15 22:48:13.861,13.4049,13.4088,0.00,0.00
2016.08.15 22:48:15.749,13.40489,13.40881,0.00,0.00
2016.08.15 22:48:21.459,13.4049,13.4088,0.00,0.00
2016.08.15 22:48:23.441,13.40489,13.40881,0.00,0.00
2016.08.15 22:48:32.878,13.4049,13.4088,0.00,0.00
2016.08.15 22:48:34.781,13.40489,13.40881,0.00,0.00
2016.08.15 22:48:38.607,13.4049,13.4088,0.00,0.00
2016.08.15 22:48:40.494,13.40489,13.40881,0.00,0.00
2016.08.15 22:48:42.399,13.4049,13.4088,0.00,0.00
2016.08.15 22:48:44.249,13.40489,13.40881,0.00,0.00
2016.08.15 22:48:53.723,13.4049,13.4088,0.00,0.00
2016.08.15 22:48:55.626,13.40489,13.40881,0.00,0.00
2016.08.15 22:48:57.529,13.4049,13.4088,0.00,0.00
2016.08.15 22:49:01.336,13.40489,13.40881,0.00,0.00
2016.08.15 22:49:08.950,13.4049,13.4088,0.00,0.00
2016.08.15 22:49:11.301,13.40489,13.40881,0.00,0.00
2016.08.15 22:49:14.660,13.4049,13.4088,0.00,0.00
2016.08.15 22:49:16.595,13.40489,13.40881,0.00,0.00
2016.08.15 22:49:22.272,13.4049,13.4088,0.00,0.00
2016.08.15 22:49:24.175,13.40489,13.40881,0.00,0.00
2016.08.15 22:49:26.112,13.4049,13.4088,0.00,0.00
2016.08.15 22:49:27.981,13.40489,13.40881,0.00,0.00
2016.08.15 22:49:31.787,13.4049,13.4088,0.00,0.00
2016.08.15 22:49:35.819,13.40489,13.40881,0.00,0.00
2016.08.15 22:49:37.502,13.4049,13.4088,0.00,0.00
2016.08.15 22:49:41.254,13.40489,13.40881,0.00,0.00
2016.08.15 22:49:43.119,13.4049,13.4088,0.00,0.00
2016.08.15 22:49:46.967,13.40489,13.40881,0.00,0.00
2016.08.15 22:49:48.835,13.4049,13.4088,0.00,0.00
2016.08.15 22:49:50.740,13.40489,13.40881,0.00,0.00
2016.08.15 22:49:52.691,13.4049,13.4088,0.00,0.00
2016.08.15 22:49:54.553,13.40489,13.40881,0.00,0.00
2016.08.15 22:50:04.010,13.40498,13.40881,0.00,0.00
2016.08.15 22:50:04.060,13.4052,13.4092,0.00,0.00
2016.08.15 22:50:09.843,13.40519,13.40921,0.00,0.00
2016.08.15 22:50:11.607,13.4052,13.4092,0.00,0.00
2016.08.15 22:50:12.455,13.4069,13.4103,0.00,0.00
2016.08.15 22:50:12.558,13.40659,13.41031,0.00,0.00
2016.08.15 22:50:12.610,13.40689,13.41051,0.00,0.00
2016.08.15 22:50:13.412,13.4069,13.4103,0.00,0.00
2016.08.15 22:50:13.768,13.40759,13.41131,0.00,0.00
2016.08.15 22:50:13.919,13.40719,13.41031,0.00,0.00
2016.08.15 22:50:13.970,13.40658,13.41031,0.00,0.00
2016.08.15 22:50:14.071,13.4063,13.4103,0.00,0.00
2016.08.15 22:50:14.747,13.4064,13.4103,0.00,0.00
2016.08.15 22:50:14.915,13.4066,13.4105,0.00,0.00
2016.08.15 22:50:18.723,13.40659,13.41051,0.00,0.00
2016.08.15 22:50:20.152,13.40628,13.4095,0.00,0.00
2016.08.15 22:50:20.203,13.40608,13.4095,0.00,0.00
2016.08.15 22:50:20.254,13.40608,13.40921,0.00,0.00
2016.08.15 22:50:20.304,13.40539,13.40921,0.00,0.00
2016.08.15 22:50:20.405,13.40539,13.40921,0.00,0.00
2016.08.15 22:50:20.456,13.40589,13.40931,0.00,0.00
2016.08.15 22:50:20.859,13.40589,13.40951,0.00,0.00
2016.08.15 22:50:21.330,13.40589,13.40951,0.00,0.00
2016.08.15 22:50:24.375,13.40589,13.40981,0.00,0.00
2016.08.15 22:50:29.167,13.40689,13.41051,0.00,0.00
2016.08.15 22:50:29.269,13.40689,13.41051,0.00,0.00
2016.08.15 22:50:29.370,13.4069,13.4105,0.00,0.00
2016.08.15 22:50:30.174,13.40689,13.41051,0.00,0.00
2016.08.15 22:50:30.847,13.4069,13.4105,0.00,0.00
2016.08.15 22:50:31.531,13.40689,13.41051,0.00,0.00
2016.08.15 22:50:34.095,13.4069,13.4108,0.00,0.00
2016.08.15 22:50:34.956,13.40689,13.41081,0.00,0.00
2016.08.15 22:50:40.165,13.40689,13.41121,0.00,0.00
2016.08.15 22:50:40.216,13.40698,13.41121,0.00,0.00
2016.08.15 22:50:40.398,13.40689,13.41121,0.00,0.00
2016.08.15 22:50:40.499,13.40789,13.41151,0.00,0.00
2016.08.15 22:50:40.566,13.4079,13.4115,0.00,0.00
2016.08.15 22:50:40.769,13.40768,13.4112,0.00,0.00
2016.08.15 22:50:40.820,13.40728,13.4112,0.00,0.00
2016.08.15 22:50:40.871,13.40728,13.41081,0.00,0.00
2016.08.15 22:50:40.921,13.40699,13.41081,0.00,0.00
2016.08.15 22:50:40.972,13.40699,13.4105,0.00,0.00
2016.08.15 22:50:41.023,13.40671,13.4105,0.00,0.00
2016.08.15 22:50:41.218,13.4066,13.4105,0.00,0.00
2016.08.15 22:50:41.629,13.4064,13.4105,0.00,0.00
2016.08.15 22:50:43.079,13.40639,13.41051,0.00,0.00
2016.08.15 22:50:44.477,13.4066,13.4105,0.00,0.00
2016.08.15 22:50:45.010,13.40659,13.41051,0.00,0.00
2016.08.15 22:50:48.687,13.4066,13.4105,0.00,0.00
2016.08.15 22:50:50.929,13.40659,13.41051,0.00,0.00
2016.08.15 22:50:52.511,13.40689,13.41111,0.00,0.00
2016.08.15 22:50:53.012,13.4079,13.4111,0.00,0.00
2016.08.15 22:50:53.253,13.40789,13.41151,0.00,0.00
2016.08.15 22:50:54.203,13.4079,13.4115,0.00,0.00
2016.08.15 22:50:55.005,13.40789,13.41151,0.00,0.00
2016.08.15 22:50:56.007,13.4079,13.4115,0.00,0.00
2016.08.15 22:50:56.842,13.40789,13.41151,0.00,0.00
2016.08.15 22:50:58.332,13.40739,13.41151,0.00,0.00
2016.08.15 22:50:58.433,13.40719,13.41121,0.00,0.00
2016.08.15 22:50:58.534,13.407,13.4112,0.00,0.00
2016.08.15 22:50:58.825,13.40689,13.41121,0.00,0.00
2016.08.15 22:51:00.205,13.4069,13.4112,0.00,0.00
2016.08.15 22:51:00.256,13.40709,13.4112,0.00,0.00
2016.08.15 22:51:00.420,13.40689,13.41121,0.00,0.00
2016.08.15 22:51:02.535,13.40708,13.4113,0.00,0.00
2016.08.15 22:51:02.623,13.40709,13.41131,0.00,0.00
2016.08.15 22:51:02.724,13.40759,13.41151,0.00,0.00
2016.08.15 22:51:04.129,13.408,13.4121,0.00,0.00
2016.08.15 22:51:04.230,13.40799,13.41211,0.00,0.00
2016.08.15 22:51:04.323,13.40799,13.41211,0.00,0.00
2016.08.15 22:51:04.374,13.40789,13.41221,0.00,0.00
2016.08.15 22:51:04.425,13.40808,13.41221,0.00,0.00
2016.08.15 22:51:04.929,13.40808,13.4124,0.00,0.00
2016.08.15 22:51:05.527,13.408,13.4124,0.00,0.00
2016.08.15 22:51:05.817,13.4079,13.4123,0.00,0.00
2016.08.15 22:51:06.469,13.40789,13.41231,0.00,0.00
2016.08.15 22:51:07.740,13.4079,13.4123,0.00,0.00
2016.08.15 22:51:08.529,13.40818,13.4123,0.00,0.00
2016.08.15 22:51:08.680,13.40818,13.41231,0.00,0.00
2016.08.15 22:51:12.235,13.40809,13.41231,0.00,0.00
2016.08.15 22:51:12.285,13.408,13.4122,0.00,0.00
2016.08.15 22:51:12.400,13.4079,13.4122,0.00,0.00
2016.08.15 22:51:13.644,13.40789,13.41221,0.00,0.00
2016.08.15 22:51:15.373,13.4079,13.4122,0.00,0.00
2016.08.15 22:51:16.958,13.40789,13.41221,0.00,0.00
2016.08.15 22:51:17.704,13.4079,13.4122,0.00,0.00
2016.08.15 22:51:19.069,13.40789,13.41221,0.00,0.00
2016.08.15 22:51:19.342,13.40789,13.41221,0.00,0.00
2016.08.15 22:51:20.056,13.4077,13.4113,0.00,0.00
2016.08.15 22:51:20.124,13.40718,13.41201,0.00,0.00
2016.08.15 22:51:20.175,13.4076,13.4115,0.00,0.00
2016.08.15 22:51:20.999,13.40759,13.41151,0.00,0.00
2016.08.15 22:51:25.871,13.4076,13.4115,0.00,0.00
2016.08.15 22:51:28.002,13.4071,13.4113,0.00,0.00
2016.08.15 22:51:28.104,13.40719,13.41131,0.00,0.00
2016.08.15 22:51:28.505,13.4074,13.4115,0.00,0.00
2016.08.15 22:51:28.868,13.40789,13.41151,0.00,0.00
2016.08.15 22:51:29.523,13.4079,13.4115,0.00,0.00
2016.08.15 22:51:30.683,13.40789,13.41151,0.00,0.00
2016.08.15 22:51:43.523,13.40789,13.41221,0.00,0.00
2016.08.15 22:51:44.272,13.4079,13.4122,0.00,0.00
2016.08.15 22:51:49.301,13.40799,13.4122,0.00,0.00
2016.08.15 22:51:49.876,13.40799,13.41221,0.00,0.00
2016.08.15 22:51:57.243,13.40799,13.4122,0.00,0.00
2016.08.15 22:51:59.314,13.40799,13.41221,0.00,0.00
2016.08.15 22:52:04.903,13.40799,13.4122,0.00,0.00
2016.08.15 22:52:08.670,13.40799,13.41221,0.00,0.00
2016.08.15 22:52:12.478,13.40799,13.4122,0.00,0.00
2016.08.15 22:52:13.317,13.4079,13.4122,0.00,0.00
2016.08.15 22:52:16.288,13.40789,13.41221,0.00,0.00
2016.08.15 22:52:19.452,13.40789,13.41221,0.00,0.00
2016.08.15 22:52:23.813,13.4079,13.4122,0.00,0.00
2016.08.15 22:52:29.537,13.40789,13.41221,0.00,0.00
2016.08.15 22:52:34.959,13.4079,13.4122,0.00,0.00
2016.08.15 22:52:37.166,13.40789,13.41221,0.00,0.00
2016.08.15 22:52:37.841,13.40789,13.41221,0.00,0.00
2016.08.15 22:52:39.095,13.4079,13.4122,0.00,0.00
2016.08.15 22:52:40.975,13.40789,13.41221,0.00,0.00
2016.08.15 22:52:42.881,13.4079,13.4118,0.00,0.00
2016.08.15 22:52:43.427,13.40789,13.41181,0.00,0.00
2016.08.15 22:52:46.688,13.4079,13.4118,0.00,0.00
2016.08.15 22:52:54.215,13.40789,13.41221,0.00,0.00
2016.08.15 22:52:54.545,13.40789,13.41221,0.00,0.00
2016.08.15 22:52:54.596,13.40798,13.41221,0.00,0.00
2016.08.15 22:52:55.068,13.40789,13.41221,0.00,0.00
2016.08.15 22:52:56.962,13.4079,13.4122,0.00,0.00
2016.08.15 22:52:57.017,13.40789,13.41181,0.00,0.00
2016.08.15 22:52:57.572,13.4079,13.4118,0.00,0.00
2016.08.15 22:52:59.928,13.40789,13.41181,0.00,0.00
2016.08.15 22:53:01.534,13.4079,13.4118,0.00,0.00
2016.08.15 22:53:01.774,13.4079,13.4118,0.00,0.00
2016.08.15 22:53:01.875,13.4079,13.4118,0.00,0.00
2016.08.15 22:53:02.529,13.40789,13.41181,0.00,0.00
2016.08.15 22:53:05.648,13.4079,13.4118,0.00,0.00
2016.08.15 22:53:07.555,13.40789,13.41181,0.00,0.00
2016.08.15 22:53:09.615,13.4079,13.4122,0.00,0.00
2016.08.15 22:53:09.666,13.4079,13.4121,0.00,0.00
2016.08.15 22:53:13.319,13.40789,13.41211,0.00,0.00
2016.08.15 22:53:15.175,13.4079,13.4121,0.00,0.00
2016.08.15 22:53:16.612,13.40789,13.41221,0.00,0.00
2016.08.15 22:53:16.717,13.40738,13.41121,0.00,0.00
2016.08.15 22:53:16.831,13.40709,13.41121,0.00,0.00
2016.08.15 22:53:17.482,13.40719,13.41121,0.00,0.00
2016.08.15 22:53:17.532,13.40719,13.41121,0.00,0.00
2016.08.15 22:53:17.583,13.40789,13.41131,0.00,0.00
2016.08.15 22:53:17.923,13.40789,13.41151,0.00,0.00
2016.08.15 22:53:18.298,13.40789,13.41221,0.00,0.00
2016.08.15 22:53:20.017,13.40789,13.41181,0.00,0.00
2016.08.15 22:53:20.086,13.40789,13.41181,0.00,0.00
2016.08.15 22:53:20.188,13.40759,13.41121,0.00,0.00
2016.08.15 22:53:20.289,13.40718,13.41121,0.00,0.00
2016.08.15 22:53:20.339,13.40709,13.41121,0.00,0.00
2016.08.15 22:53:20.487,13.40699,13.41121,0.00,0.00
2016.08.15 22:53:20.988,13.4069,13.4112,0.00,0.00
2016.08.15 22:53:22.090,13.40689,13.41121,0.00,0.00
2016.08.15 22:53:25.216,13.40709,13.41121,0.00,0.00
2016.08.15 22:53:25.267,13.40709,13.41121,0.00,0.00
2016.08.15 22:53:25.556,13.4071,13.4112,0.00,0.00
2016.08.15 22:53:25.697,13.40709,13.41121,0.00,0.00
2016.08.15 22:53:25.748,13.40709,13.41121,0.00,0.00
2016.08.15 22:53:26.521,13.4071,13.4112,0.00,0.00
2016.08.15 22:53:27.802,13.40709,13.41121,0.00,0.00
2016.08.15 22:53:29.706,13.4071,13.4112,0.00,0.00
2016.08.15 22:53:31.512,13.40709,13.41121,0.00,0.00
2016.08.15 22:53:33.419,13.4071,13.4112,0.00,0.00
2016.08.15 22:53:35.326,13.40709,13.41121,0.00,0.00
2016.08.15 22:53:37.231,13.4071,13.4112,0.00,0.00
2016.08.15 22:53:40.140,13.40699,13.41121,0.00,0.00
2016.08.15 22:53:40.286,13.40699,13.41121,0.00,0.00
2016.08.15 22:53:40.337,13.40689,13.41121,0.00,0.00
2016.08.15 22:53:41.064,13.4069,13.4112,0.00,0.00
2016.08.15 22:53:42.942,13.40689,13.41121,0.00,0.00
2016.08.15 22:53:45.753,13.4069,13.4112,0.00,0.00
2016.08.15 22:53:48.675,13.40689,13.41121,0.00,0.00
2016.08.15 22:53:52.465,13.4069,13.4112,0.00,0.00
2016.08.15 22:53:54.394,13.40689,13.41121,0.00,0.00
2016.08.15 22:53:59.375,13.40689,13.41121,0.00,0.00
2016.08.15 22:54:00.116,13.4069,13.4112,0.00,0.00
2016.08.15 22:54:05.804,13.40689,13.41121,0.00,0.00
2016.08.15 22:54:11.419,13.4069,13.4112,0.00,0.00
2016.08.15 22:54:13.321,13.40689,13.41121,0.00,0.00
2016.08.15 22:54:15.529,13.40689,13.41131,0.00,0.00
2016.08.15 22:54:15.630,13.40719,13.41131,0.00,0.00
2016.08.15 22:54:20.242,13.40698,13.4112,0.00,0.00
2016.08.15 22:54:20.297,13.4069,13.4112,0.00,0.00
2016.08.15 22:54:20.443,13.40689,13.41121,0.00,0.00
2016.08.15 22:54:24.755,13.4069,13.4112,0.00,0.00
2016.08.15 22:54:28.566,13.40689,13.41121,0.00,0.00
2016.08.15 22:54:32.385,13.4069,13.4112,0.00,0.00
2016.08.15 22:54:38.095,13.40689,13.41121,0.00,0.00
2016.08.15 22:54:42.931,13.4069,13.4112,0.00,0.00
2016.08.15 22:54:43.707,13.40689,13.41121,0.00,0.00
2016.08.15 22:54:45.615,13.4069,13.4112,0.00,0.00
2016.08.15 22:54:49.425,13.40689,13.41121,0.00,0.00
2016.08.15 22:54:53.238,13.4069,13.4112,0.00,0.00
2016.08.15 22:54:55.142,13.40689,13.41121,0.00,0.00
2016.08.15 22:54:57.050,13.4069,13.4112,0.00,0.00
2016.08.15 22:54:59.172,13.40689,13.41121,0.00,0.00
2016.08.15 22:55:02.729,13.4069,13.4112,0.00,0.00
2016.08.15 22:55:05.204,13.40689,13.41121,0.00,0.00
2016.08.15 22:55:06.731,13.4069,13.4112,0.00,0.00
2016.08.15 22:55:10.746,13.40689,13.41121,0.00,0.00
2016.08.15 22:55:12.274,13.4069,13.4112,0.00,0.00
2016.08.15 22:55:14.154,13.40689,13.41121,0.00,0.00
2016.08.15 22:55:17.974,13.4069,13.4112,0.00,0.00
2016.08.15 22:55:19.866,13.40689,13.41121,0.00,0.00
2016.08.15 22:55:25.591,13.4069,13.4112,0.00,0.00
2016.08.15 22:55:27.482,13.40689,13.41121,0.00,0.00
2016.08.15 22:55:33.198,13.4069,13.4112,0.00,0.00
2016.08.15 22:55:35.284,13.40689,13.41121,0.00,0.00
2016.08.15 22:55:39.418,13.40689,13.41121,0.00,0.00
2016.08.15 22:55:42.720,13.4069,13.4112,0.00,0.00
2016.08.15 22:55:46.650,13.40689,13.41121,0.00,0.00
2016.08.15 22:55:57.856,13.4069,13.4112,0.00,0.00
2016.08.15 22:55:59.160,13.40689,13.41051,0.00,0.00
2016.08.15 22:55:59.261,13.40659,13.41051,0.00,0.00
2016.08.15 22:55:59.348,13.40639,13.41051,0.00,0.00
2016.08.15 22:55:59.600,13.40628,13.41021,0.00,0.00
2016.08.15 22:55:59.651,13.40589,13.41021,0.00,0.00
2016.08.15 22:56:00.277,13.4059,13.4102,0.00,0.00
2016.08.15 22:56:01.464,13.40589,13.41021,0.00,0.00
2016.08.15 22:56:07.357,13.4059,13.4102,0.00,0.00
2016.08.15 22:56:09.205,13.40589,13.41021,0.00,0.00
2016.08.15 22:56:12.184,13.40589,13.41021,0.00,0.00
2016.08.15 22:56:12.886,13.4059,13.4102,0.00,0.00
2016.08.15 22:56:14.789,13.40589,13.41021,0.00,0.00
2016.08.15 22:56:18.499,13.4059,13.4102,0.00,0.00
2016.08.15 22:56:20.140,13.4059,13.41001,0.00,0.00
2016.08.15 22:56:20.241,13.4056,13.4092,0.00,0.00
2016.08.15 22:56:20.342,13.40528,13.4088,0.00,0.00
2016.08.15 22:56:20.393,13.4049,13.4088,0.00,0.00
2016.08.15 22:56:20.705,13.40489,13.40881,0.00,0.00
2016.08.15 22:56:21.105,13.40489,13.40841,0.00,0.00
2016.08.15 22:56:21.206,13.4049,13.4085,0.00,0.00
2016.08.15 22:56:21.308,13.40509,13.40921,0.00,0.00
2016.08.15 22:56:21.882,13.40509,13.4092,0.00,0.00
2016.08.15 22:56:23.009,13.40509,13.40921,0.00,0.00
2016.08.15 22:56:25.486,13.40489,13.40921,0.00,0.00
2016.08.15 22:56:30.758,13.4049,13.4092,0.00,0.00
2016.08.15 22:56:32.024,13.405,13.4092,0.00,0.00
2016.08.15 22:56:32.125,13.40509,13.4092,0.00,0.00
2016.08.15 22:56:32.688,13.40509,13.40921,0.00,0.00
2016.08.15 22:56:34.654,13.40509,13.4088,0.00,0.00
2016.08.15 22:56:34.704,13.4049,13.4088,0.00,0.00
2016.08.15 22:56:34.856,13.4049,13.4088,0.00,0.00
2016.08.15 22:56:35.406,13.40489,13.40881,0.00,0.00
2016.08.15 22:56:36.051,13.4049,13.4088,0.00,0.00
2016.08.15 22:56:36.741,13.40489,13.40881,0.00,0.00
2016.08.15 22:56:38.235,13.4049,13.4088,0.00,0.00
2016.08.15 22:56:40.189,13.40489,13.40881,0.00,0.00
2016.08.15 22:56:44.028,13.4049,13.4088,0.00,0.00
2016.08.15 22:56:44.757,13.40489,13.40881,0.00,0.00
2016.08.15 22:56:49.661,13.4049,13.4088,0.00,0.00
2016.08.15 22:56:50.863,13.40489,13.40881,0.00,0.00
2016.08.15 22:56:51.409,13.4049,13.4088,0.00,0.00
2016.08.15 22:56:53.468,13.40489,13.40881,0.00,0.00
2016.08.15 22:56:55.436,13.4049,13.4088,0.00,0.00
2016.08.15 22:56:57.274,13.40489,13.40881,0.00,0.00
2016.08.15 22:56:59.180,13.4049,13.4088,0.00,0.00
2016.08.15 22:57:01.117,13.40489,13.40881,0.00,0.00
2016.08.15 22:57:04.901,13.4049,13.4088,0.00,0.00
2016.08.15 22:57:06.805,13.40489,13.40881,0.00,0.00
2016.08.15 22:57:08.607,13.4049,13.4088,0.00,0.00
2016.08.15 22:57:09.371,13.40498,13.4088,0.00,0.00
2016.08.15 22:57:09.422,13.40498,13.4092,0.00,0.00
2016.08.15 22:57:10.511,13.40498,13.40921,0.00,0.00
2016.08.15 22:57:12.414,13.40498,13.4092,0.00,0.00
2016.08.15 22:57:16.242,13.40498,13.40921,0.00,0.00
2016.08.15 22:57:24.593,13.40489,13.40921,0.00,0.00
2016.08.15 22:57:24.644,13.4049,13.4092,0.00,0.00
2016.08.15 22:57:25.598,13.40489,13.40921,0.00,0.00
2016.08.15 22:57:29.936,13.4049,13.4092,0.00,0.00
2016.08.15 22:57:31.453,13.40489,13.40921,0.00,0.00
2016.08.15 22:57:33.358,13.4049,13.4092,0.00,0.00
2016.08.15 22:57:35.271,13.40489,13.40921,0.00,0.00
2016.08.15 22:57:39.387,13.40498,13.40921,0.00,0.00
2016.08.15 22:57:40.973,13.40498,13.4092,0.00,0.00
2016.08.15 22:57:44.779,13.40498,13.40921,0.00,0.00
2016.08.15 22:57:46.694,13.40498,13.4092,0.00,0.00
2016.08.15 22:57:52.394,13.40498,13.40921,0.00,0.00
2016.08.15 22:57:59.311,13.40509,13.40921,0.00,0.00
2016.08.15 22:57:59.909,13.40509,13.4092,0.00,0.00
2016.08.15 22:58:00.925,13.4049,13.4092,0.00,0.00
2016.08.15 22:58:03.717,13.40489,13.40921,0.00,0.00
2016.08.15 22:58:13.237,13.4049,13.4092,0.00,0.00
2016.08.15 22:58:14.559,13.40489,13.40921,0.00,0.00
2016.08.15 22:58:18.954,13.4049,13.4092,0.00,0.00
2016.08.15 22:58:20.857,13.40489,13.40921,0.00,0.00
2016.08.15 22:58:22.762,13.4049,13.4092,0.00,0.00
2016.08.15 22:58:28.483,13.40489,13.40921,0.00,0.00
2016.08.15 22:58:31.294,13.4049,13.4086,0.00,0.00
2016.08.15 22:58:32.117,13.40489,13.40861,0.00,0.00
2016.08.15 22:58:34.200,13.4049,13.4086,0.00,0.00
2016.08.15 22:58:37.542,13.4049,13.4092,0.00,0.00
2016.08.15 22:58:38.234,13.40489,13.40921,0.00,0.00
2016.08.15 22:58:50.536,13.4049,13.4092,0.00,0.00
2016.08.15 22:58:51.460,13.40489,13.40921,0.00,0.00
2016.08.15 22:58:54.446,13.4049,13.4092,0.00,0.00
2016.08.15 22:58:55.047,13.40489,13.40921,0.00,0.00
2016.08.15 22:59:07.617,13.40489,13.40902,0.00,0.00
2016.08.15 22:59:07.668,13.4043,13.4082,0.00,0.00
2016.08.15 22:59:07.719,13.4054,13.4088,0.00,0.00
2016.08.15 22:59:07.820,13.4054,13.4091,0.00,0.00
2016.08.15 22:59:07.870,13.4054,13.4095,0.00,0.00
2016.08.15 22:59:08.571,13.40539,13.40951,0.00,0.00
2016.08.15 22:59:10.208,13.4054,13.4095,0.00,0.00
2016.08.15 22:59:13.479,13.40539,13.40951,0.00,0.00
2016.08.15 22:59:15.382,13.4054,13.4095,0.00,0.00
2016.08.15 22:59:19.191,13.40539,13.40951,0.00,0.00
2016.08.15 22:59:24.832,13.4054,13.4095,0.00,0.00
2016.08.15 22:59:25.478,13.4059,13.4095,0.00,0.00
2016.08.15 22:59:27.159,13.40589,13.40951,0.00,0.00
2016.08.15 22:59:32.823,13.4059,13.4095,0.00,0.00
2016.08.15 22:59:36.632,13.40589,13.40951,0.00,0.00
2016.08.15 22:59:38.375,13.4059,13.4095,0.00,0.00
2016.08.15 22:59:38.959,13.40589,13.40951,0.00,0.00
2016.08.15 22:59:40.438,13.4059,13.4095,0.00,0.00
2016.08.15 22:59:41.940,13.40589,13.40951,0.00,0.00
2016.08.15 22:59:44.348,13.4059,13.4095,0.00,0.00
2016.08.15 22:59:46.147,13.40589,13.40951,0.00,0.00
2016.08.15 22:59:50.100,13.4059,13.4095,0.00,0.00
2016.08.15 22:59:51.905,13.40589,13.40951,0.00,0.00
2016.08.15 22:59:59.500,13.40599,13.41021,0.00,0.00
2016.08.15 22:59:59.601,13.40689,13.41051,0.00,0.00
2016.08.15 22:59:59.704,13.40689,13.41051,0.00,0.00
