2016.08.09 06:00:00.230,13.3255,13.32812,0.00,0.00
2016.08.09 06:00:00.280,13.32618,13.3291,0.00,0.00
2016.08.09 06:00:00.331,13.32618,13.32922,0.00,0.00
2016.08.09 06:00:00.770,13.32628,13.32932,0.00,0.00
2016.08.09 06:00:01.181,13.32638,13.32942,0.00,0.00
2016.08.09 06:00:01.484,13.32518,13.32822,0.00,0.00
2016.08.09 06:00:01.639,13.32488,13.32771,0.00,0.00
2016.08.09 06:00:01.954,13.32508,13.32771,0.00,0.00
2016.08.09 06:00:02.005,13.32318,13.32622,0.00,0.00
2016.08.09 06:00:02.056,13.32399,13.32659,0.00,0.00
2016.08.09 06:00:02.106,13.32399,13.327,0.00,0.00
2016.08.09 06:00:02.207,13.32438,13.32742,0.00,0.00
2016.08.09 06:00:02.258,13.32428,13.32732,0.00,0.00
2016.08.09 06:00:02.309,13.32428,13.32722,0.00,0.00
2016.08.09 06:00:02.359,13.32398,13.327,0.00,0.00
2016.08.09 06:00:02.460,13.32349,13.32642,0.00,0.00
2016.08.09 06:00:02.511,13.32349,13.32639,0.00,0.00
2016.08.09 06:00:02.562,13.32319,13.32552,0.00,0.00
2016.08.09 06:00:02.663,13.32299,13.32601,0.00,0.00
2016.08.09 06:00:03.051,13.32258,13.32562,0.00,0.00
2016.08.09 06:00:03.102,13.32238,13.32542,0.00,0.00
2016.08.09 06:00:03.443,13.32228,13.32532,0.00,0.00
2016.08.09 06:00:03.746,13.32188,13.3247,0.00,0.00
2016.08.09 06:00:03.847,13.32188,13.32492,0.00,0.00
2016.08.09 06:00:04.266,13.32229,13.32531,0.00,0.00
2016.08.09 06:00:05.246,13.3225,13.32531,0.00,0.00
2016.08.09 06:00:05.297,13.32338,13.32642,0.00,0.00
2016.08.09 06:00:05.602,13.32308,13.32612,0.00,0.00
2016.08.09 06:00:05.907,13.32329,13.32631,0.00,0.00
2016.08.09 06:00:05.962,13.32308,13.32612,0.00,0.00
2016.08.09 06:00:06.198,13.32329,13.32631,0.00,0.00
2016.08.09 06:00:06.347,13.32329,13.326,0.00,0.00
2016.08.09 06:00:06.398,13.32298,13.326,0.00,0.00
2016.08.09 06:00:06.449,13.32298,13.32602,0.00,0.00
2016.08.09 06:00:06.547,13.32298,13.32571,0.00,0.00
2016.08.09 06:00:06.724,13.32298,13.32571,0.00,0.00
2016.08.09 06:00:06.775,13.32249,13.32556,0.00,0.00
2016.08.09 06:00:06.970,13.32218,13.32527,0.00,0.00
2016.08.09 06:00:07.300,13.32208,13.32517,0.00,0.00
2016.08.09 06:00:08.203,13.32229,13.32531,0.00,0.00
2016.08.09 06:00:08.402,13.32218,13.32527,0.00,0.00
2016.08.09 06:00:09.011,13.32199,13.32506,0.00,0.00
2016.08.09 06:00:09.170,13.32208,13.32517,0.00,0.00
2016.08.09 06:00:09.455,13.32208,13.32505,0.00,0.00
2016.08.09 06:00:09.753,13.32208,13.32512,0.00,0.00
2016.08.09 06:00:09.923,13.32219,13.32521,0.00,0.00
2016.08.09 06:00:09.975,13.32188,13.32476,0.00,0.00
2016.08.09 06:00:10.155,13.32199,13.32501,0.00,0.00
2016.08.09 06:00:10.206,13.32228,13.32501,0.00,0.00
2016.08.09 06:00:10.257,13.32228,13.32532,0.00,0.00
2016.08.09 06:00:10.534,13.32228,13.32532,0.00,0.00
2016.08.09 06:00:10.585,13.32188,13.32475,0.00,0.00
2016.08.09 06:00:10.707,13.32158,13.32467,0.00,0.00
2016.08.09 06:00:11.027,13.32179,13.32426,0.00,0.00
2016.08.09 06:00:11.078,13.32228,13.32532,0.00,0.00
2016.08.09 06:00:11.208,13.32208,13.32517,0.00,0.00
2016.08.09 06:00:11.259,13.32208,13.32506,0.00,0.00
2016.08.09 06:00:11.310,13.32228,13.32501,0.00,0.00
2016.08.09 06:00:11.411,13.32189,13.32491,0.00,0.00
2016.08.09 06:00:11.609,13.32219,13.325,0.00,0.00
2016.08.09 06:00:11.676,13.32199,13.325,0.00,0.00
2016.08.09 06:00:11.778,13.32178,13.32482,0.00,0.00
2016.08.09 06:00:11.876,13.32199,13.325,0.00,0.00
2016.08.09 06:00:12.020,13.32178,13.32482,0.00,0.00
2016.08.09 06:00:12.311,13.32208,13.32512,0.00,0.00
2016.08.09 06:00:13.212,13.32219,13.32521,0.00,0.00
2016.08.09 06:00:13.263,13.32219,13.3247,0.00,0.00
2016.08.09 06:00:13.415,13.32119,13.32421,0.00,0.00
2016.08.09 06:00:13.516,13.32138,13.32442,0.00,0.00
2016.08.09 06:00:13.617,13.32149,13.32451,0.00,0.00
2016.08.09 06:00:13.938,13.32118,13.32422,0.00,0.00
2016.08.09 06:00:14.214,13.32138,13.32442,0.00,0.00
2016.08.09 06:00:14.581,13.32118,13.32422,0.00,0.00
2016.08.09 06:00:15.107,13.32138,13.32442,0.00,0.00
2016.08.09 06:00:15.367,13.32138,13.3244,0.00,0.00
2016.08.09 06:00:15.417,13.32109,13.32411,0.00,0.00
2016.08.09 06:00:15.519,13.32098,13.32402,0.00,0.00
2016.08.09 06:00:15.620,13.32068,13.32372,0.00,0.00
2016.08.09 06:00:15.923,13.32138,13.32442,0.00,0.00
2016.08.09 06:00:15.973,13.32138,13.32441,0.00,0.00
2016.08.09 06:00:16.024,13.32098,13.32402,0.00,0.00
2016.08.09 06:00:16.409,13.32128,13.32432,0.00,0.00
2016.08.09 06:00:16.756,13.32119,13.32421,0.00,0.00
2016.08.09 06:00:16.807,13.32128,13.32432,0.00,0.00
2016.08.09 06:00:17.221,13.32108,13.32412,0.00,0.00
2016.08.09 06:00:17.616,13.32128,13.32432,0.00,0.00
2016.08.09 06:00:18.426,13.32118,13.32422,0.00,0.00
2016.08.09 06:00:18.756,13.32108,13.32412,0.00,0.00
2016.08.09 06:00:19.215,13.32129,13.32431,0.00,0.00
2016.08.09 06:00:19.316,13.32108,13.32412,0.00,0.00
2016.08.09 06:00:19.910,13.32129,13.32431,0.00,0.00
2016.08.09 06:00:20.533,13.32138,13.32442,0.00,0.00
2016.08.09 06:00:20.635,13.32148,13.32452,0.00,0.00
2016.08.09 06:00:20.971,13.32119,13.32421,0.00,0.00
2016.08.09 06:00:21.215,13.32138,13.32442,0.00,0.00
2016.08.09 06:00:22.094,13.32129,13.32431,0.00,0.00
2016.08.09 06:00:22.742,13.32138,13.32442,0.00,0.00
2016.08.09 06:00:23.298,13.32118,13.32422,0.00,0.00
2016.08.09 06:00:23.746,13.32139,13.32441,0.00,0.00
2016.08.09 06:00:24.313,13.32119,13.32421,0.00,0.00
2016.08.09 06:00:24.899,13.32128,13.32432,0.00,0.00
2016.08.09 06:00:26.136,13.32118,13.32422,0.00,0.00
2016.08.09 06:00:27.005,13.32088,13.32371,0.00,0.00
2016.08.09 06:00:27.287,13.32098,13.32402,0.00,0.00
2016.08.09 06:00:27.605,13.32088,13.32392,0.00,0.00
2016.08.09 06:00:27.943,13.32128,13.32432,0.00,0.00
2016.08.09 06:00:29.109,13.32118,13.32422,0.00,0.00
2016.08.09 06:00:29.511,13.32129,13.32431,0.00,0.00
2016.08.09 06:00:30.447,13.32129,13.32409,0.00,0.00
2016.08.09 06:00:30.497,13.32008,13.32312,0.00,0.00
2016.08.09 06:00:30.548,13.32098,13.32402,0.00,0.00
2016.08.09 06:00:30.649,13.3217,13.3247,0.00,0.00
2016.08.09 06:00:30.828,13.32169,13.32462,0.00,0.00
2016.08.09 06:00:31.295,13.3217,13.32451,0.00,0.00
2016.08.09 06:00:31.346,13.32169,13.32462,0.00,0.00
2016.08.09 06:00:31.410,13.32169,13.32452,0.00,0.00
2016.08.09 06:00:31.747,13.32169,13.32471,0.00,0.00
2016.08.09 06:00:32.147,13.32169,13.32441,0.00,0.00
2016.08.09 06:00:32.211,13.32169,13.32471,0.00,0.00
2016.08.09 06:00:33.449,13.32169,13.32462,0.00,0.00
2016.08.09 06:00:33.513,13.32169,13.32471,0.00,0.00
2016.08.09 06:00:33.814,13.32169,13.32462,0.00,0.00
2016.08.09 06:00:34.199,13.32169,13.32451,0.00,0.00
2016.08.09 06:00:34.250,13.3217,13.3247,0.00,0.00
2016.08.09 06:00:34.751,13.32169,13.32471,0.00,0.00
2016.08.09 06:00:34.852,13.3227,13.32512,0.00,0.00
2016.08.09 06:00:34.953,13.32269,13.32552,0.00,0.00
2016.08.09 06:00:35.244,13.3227,13.3257,0.00,0.00
2016.08.09 06:00:35.451,13.3227,13.32551,0.00,0.00
2016.08.09 06:00:36.130,13.32269,13.32551,0.00,0.00
2016.08.09 06:00:36.254,13.3227,13.3257,0.00,0.00
2016.08.09 06:00:36.334,13.32269,13.32571,0.00,0.00
2016.08.09 06:00:36.527,13.32198,13.32501,0.00,0.00
2016.08.09 06:00:36.628,13.32179,13.32481,0.00,0.00
2016.08.09 06:00:36.900,13.32169,13.32452,0.00,0.00
2016.08.09 06:00:36.950,13.3217,13.32462,0.00,0.00
2016.08.09 06:00:37.053,13.32179,13.3247,0.00,0.00
2016.08.09 06:00:37.156,13.32189,13.32471,0.00,0.00
2016.08.09 06:00:37.220,13.32179,13.32471,0.00,0.00
2016.08.09 06:00:37.321,13.3217,13.32451,0.00,0.00
2016.08.09 06:00:37.755,13.3217,13.32462,0.00,0.00
2016.08.09 06:00:38.021,13.3217,13.32451,0.00,0.00
2016.08.09 06:00:38.722,13.3217,13.32462,0.00,0.00
2016.08.09 06:00:39.401,13.3217,13.3247,0.00,0.00
2016.08.09 06:00:39.523,13.3217,13.32462,0.00,0.00
2016.08.09 06:00:40.159,13.32188,13.32471,0.00,0.00
2016.08.09 06:00:40.233,13.32188,13.32471,0.00,0.00
2016.08.09 06:00:40.359,13.3217,13.32462,0.00,0.00
2016.08.09 06:00:40.460,13.3217,13.32451,0.00,0.00
2016.08.09 06:00:40.960,13.3217,13.32462,0.00,0.00
2016.08.09 06:00:41.162,13.3222,13.32452,0.00,0.00
2016.08.09 06:00:41.358,13.3222,13.3248,0.00,0.00
2016.08.09 06:00:41.408,13.32198,13.3247,0.00,0.00
2016.08.09 06:00:41.561,13.32169,13.32471,0.00,0.00
2016.08.09 06:00:41.627,13.32189,13.32471,0.00,0.00
2016.08.09 06:00:41.728,13.32169,13.32461,0.00,0.00
2016.08.09 06:00:43.139,13.3217,13.32461,0.00,0.00
2016.08.09 06:00:45.043,13.32169,13.32461,0.00,0.00
2016.08.09 06:00:45.769,13.32178,13.32471,0.00,0.00
2016.08.09 06:00:45.870,13.32269,13.32571,0.00,0.00
2016.08.09 06:00:45.933,13.32269,13.32502,0.00,0.00
2016.08.09 06:00:46.085,13.32188,13.32492,0.00,0.00
2016.08.09 06:00:46.633,13.32218,13.32522,0.00,0.00
2016.08.09 06:00:47.171,13.32208,13.32512,0.00,0.00
2016.08.09 06:00:47.232,13.32208,13.32508,0.00,0.00
2016.08.09 06:00:47.282,13.32188,13.32471,0.00,0.00
2016.08.09 06:00:47.383,13.3217,13.3247,0.00,0.00
2016.08.09 06:00:47.588,13.32169,13.32471,0.00,0.00
2016.08.09 06:00:47.639,13.32169,13.32462,0.00,0.00
2016.08.09 06:00:48.336,13.32179,13.32471,0.00,0.00
2016.08.09 06:00:48.495,13.32269,13.32541,0.00,0.00
2016.08.09 06:00:48.545,13.32269,13.32551,0.00,0.00
2016.08.09 06:00:48.665,13.32269,13.32561,0.00,0.00
2016.08.09 06:00:48.749,13.32269,13.32551,0.00,0.00
2016.08.09 06:00:48.874,13.32269,13.32552,0.00,0.00
2016.08.09 06:00:48.937,13.32269,13.32561,0.00,0.00
2016.08.09 06:00:49.326,13.32269,13.32541,0.00,0.00
2016.08.09 06:00:49.478,13.32189,13.3247,0.00,0.00
2016.08.09 06:00:49.580,13.32169,13.32452,0.00,0.00
2016.08.09 06:00:49.775,13.32178,13.32471,0.00,0.00
2016.08.09 06:00:49.842,13.32169,13.32451,0.00,0.00
2016.08.09 06:00:50.252,13.32149,13.32451,0.00,0.00
2016.08.09 06:00:50.877,13.32169,13.3247,0.00,0.00
2016.08.09 06:00:51.055,13.32169,13.32471,0.00,0.00
2016.08.09 06:00:51.955,13.32169,13.3247,0.00,0.00
2016.08.09 06:00:52.056,13.32169,13.32471,0.00,0.00
2016.08.09 06:00:52.179,13.32149,13.32442,0.00,0.00
2016.08.09 06:00:52.976,13.32149,13.32451,0.00,0.00
2016.08.09 06:00:53.258,13.3215,13.32451,0.00,0.00
2016.08.09 06:00:53.459,13.32149,13.32451,0.00,0.00
2016.08.09 06:00:53.782,13.32159,13.32461,0.00,0.00
2016.08.09 06:00:54.074,13.3215,13.32457,0.00,0.00
2016.08.09 06:00:54.383,13.32158,13.32462,0.00,0.00
2016.08.09 06:00:54.983,13.3215,13.32456,0.00,0.00
2016.08.09 06:00:55.060,13.3215,13.32437,0.00,0.00
2016.08.09 06:00:55.161,13.3215,13.32452,0.00,0.00
2016.08.09 06:00:55.733,13.32149,13.32452,0.00,0.00
2016.08.09 06:00:56.086,13.32159,13.32461,0.00,0.00
2016.08.09 06:00:56.636,13.32158,13.32462,0.00,0.00
2016.08.09 06:00:56.687,13.32149,13.32457,0.00,0.00
2016.08.09 06:00:56.788,13.32249,13.32436,0.00,0.00
2016.08.09 06:00:56.889,13.3225,13.32552,0.00,0.00
2016.08.09 06:00:57.066,13.3225,13.32537,0.00,0.00
2016.08.09 06:00:57.789,13.32249,13.32551,0.00,0.00
2016.08.09 06:00:58.164,13.32249,13.32546,0.00,0.00
2016.08.09 06:00:58.531,13.32249,13.32537,0.00,0.00
2016.08.09 06:00:58.764,13.32249,13.32541,0.00,0.00
2016.08.09 06:00:59.524,13.3225,13.32541,0.00,0.00
2016.08.09 06:00:59.696,13.32249,13.32537,0.00,0.00
2016.08.09 06:00:59.766,13.32268,13.32571,0.00,0.00
2016.08.09 06:00:59.966,13.3225,13.32546,0.00,0.00
2016.08.09 06:01:00.274,13.32258,13.32562,0.00,0.00
2016.08.09 06:01:01.068,13.3225,13.32552,0.00,0.00
2016.08.09 06:01:01.800,13.32259,13.32561,0.00,0.00
2016.08.09 06:01:02.103,13.3235,13.32612,0.00,0.00
2016.08.09 06:01:02.169,13.3235,13.32651,0.00,0.00
2016.08.09 06:01:02.219,13.32349,13.32651,0.00,0.00
2016.08.09 06:01:02.578,13.32349,13.32632,0.00,0.00
2016.08.09 06:01:02.803,13.32349,13.32642,0.00,0.00
2016.08.09 06:01:04.272,13.32349,13.32621,0.00,0.00
2016.08.09 06:01:04.809,13.32349,13.32641,0.00,0.00
2016.08.09 06:01:04.873,13.32349,13.32621,0.00,0.00
2016.08.09 06:01:05.009,13.32349,13.32642,0.00,0.00
2016.08.09 06:01:05.073,13.32349,13.32651,0.00,0.00
2016.08.09 06:01:05.175,13.32349,13.32582,0.00,0.00
2016.08.09 06:01:05.276,13.32349,13.32651,0.00,0.00
2016.08.09 06:01:05.510,13.32349,13.32641,0.00,0.00
2016.08.09 06:01:05.574,13.32349,13.32622,0.00,0.00
2016.08.09 06:01:06.312,13.32349,13.32642,0.00,0.00
2016.08.09 06:01:06.713,13.32349,13.32621,0.00,0.00
2016.08.09 06:01:07.014,13.32349,13.32642,0.00,0.00
2016.08.09 06:01:07.732,13.3235,13.32642,0.00,0.00
2016.08.09 06:01:07.833,13.32399,13.32652,0.00,0.00
2016.08.09 06:01:07.889,13.32399,13.32672,0.00,0.00
2016.08.09 06:01:07.939,13.32368,13.3267,0.00,0.00
2016.08.09 06:01:07.990,13.3235,13.32651,0.00,0.00
2016.08.09 06:01:08.041,13.32349,13.32651,0.00,0.00
2016.08.09 06:01:08.091,13.32368,13.32671,0.00,0.00
2016.08.09 06:01:08.378,13.3235,13.32651,0.00,0.00
2016.08.09 06:01:08.584,13.32388,13.3267,0.00,0.00
2016.08.09 06:01:08.721,13.32419,13.32721,0.00,0.00
2016.08.09 06:01:09.080,13.32399,13.32692,0.00,0.00
2016.08.09 06:01:09.181,13.32408,13.32712,0.00,0.00
2016.08.09 06:01:09.421,13.32419,13.32721,0.00,0.00
2016.08.09 06:01:09.922,13.32399,13.32692,0.00,0.00
2016.08.09 06:01:10.381,13.32408,13.32712,0.00,0.00
2016.08.09 06:01:10.482,13.32399,13.32691,0.00,0.00
2016.08.09 06:01:10.809,13.32418,13.32722,0.00,0.00
2016.08.09 06:01:11.025,13.32368,13.32671,0.00,0.00
2016.08.09 06:01:11.126,13.32349,13.32651,0.00,0.00
2016.08.09 06:01:11.283,13.32358,13.32662,0.00,0.00
2016.08.09 06:01:11.483,13.32368,13.32671,0.00,0.00
2016.08.09 06:01:11.584,13.32349,13.32651,0.00,0.00
2016.08.09 06:01:11.701,13.3235,13.32651,0.00,0.00
2016.08.09 06:01:11.802,13.32349,13.32651,0.00,0.00
2016.08.09 06:01:11.904,13.32399,13.32651,0.00,0.00
2016.08.09 06:01:12.119,13.32418,13.32722,0.00,0.00
2016.08.09 06:01:12.385,13.32409,13.32711,0.00,0.00
2016.08.09 06:01:12.729,13.32399,13.32702,0.00,0.00
2016.08.09 06:01:12.830,13.32418,13.32722,0.00,0.00
2016.08.09 06:01:12.942,13.32449,13.32722,0.00,0.00
2016.08.09 06:01:13.093,13.32449,13.32742,0.00,0.00
2016.08.09 06:01:13.194,13.32449,13.32731,0.00,0.00
2016.08.09 06:01:13.682,13.3245,13.32741,0.00,0.00
2016.08.09 06:01:13.782,13.32439,13.32721,0.00,0.00
2016.08.09 06:01:13.832,13.32418,13.32721,0.00,0.00
2016.08.09 06:01:13.887,13.32399,13.32702,0.00,0.00
2016.08.09 06:01:14.288,13.32408,13.32712,0.00,0.00
2016.08.09 06:01:14.388,13.32399,13.32701,0.00,0.00
2016.08.09 06:01:14.929,13.32409,13.32711,0.00,0.00
2016.08.09 06:01:15.536,13.32409,13.3269,0.00,0.00
2016.08.09 06:01:15.637,13.32379,13.3267,0.00,0.00
2016.08.09 06:01:15.691,13.3235,13.32631,0.00,0.00
2016.08.09 06:01:16.037,13.32349,13.32642,0.00,0.00
2016.08.09 06:01:16.138,13.32349,13.32652,0.00,0.00
2016.08.09 06:01:16.538,13.32349,13.32641,0.00,0.00
2016.08.09 06:01:16.940,13.32349,13.32632,0.00,0.00
2016.08.09 06:01:17.293,13.32349,13.32642,0.00,0.00
2016.08.09 06:01:17.920,13.32349,13.32652,0.00,0.00
2016.08.09 06:01:18.141,13.32349,13.32641,0.00,0.00
2016.08.09 06:01:18.450,13.32349,13.32632,0.00,0.00
2016.08.09 06:01:18.665,13.32349,13.32618,0.00,0.00
2016.08.09 06:01:18.716,13.32299,13.32562,0.00,0.00
2016.08.09 06:01:18.785,13.32258,13.32562,0.00,0.00
2016.08.09 06:01:18.835,13.32349,13.32501,0.00,0.00
2016.08.09 06:01:18.943,13.32279,13.32572,0.00,0.00
2016.08.09 06:01:19.003,13.32348,13.32652,0.00,0.00
2016.08.09 06:01:19.104,13.32309,13.32611,0.00,0.00
2016.08.09 06:01:19.357,13.3234,13.32621,0.00,0.00
2016.08.09 06:01:19.408,13.32348,13.32652,0.00,0.00
2016.08.09 06:01:19.509,13.32339,13.32631,0.00,0.00
2016.08.09 06:01:19.560,13.32329,13.32631,0.00,0.00
2016.08.09 06:01:19.848,13.32298,13.32602,0.00,0.00
2016.08.09 06:01:20.007,13.32308,13.32612,0.00,0.00
2016.08.09 06:01:20.457,13.32329,13.32631,0.00,0.00
2016.08.09 06:01:20.747,13.32349,13.32612,0.00,0.00
2016.08.09 06:01:21.011,13.32408,13.32712,0.00,0.00
2016.08.09 06:01:21.699,13.32409,13.32711,0.00,0.00
2016.08.09 06:01:21.750,13.32388,13.32692,0.00,0.00
2016.08.09 06:01:22.851,13.32398,13.32702,0.00,0.00
2016.08.09 06:01:23.245,13.32408,13.32712,0.00,0.00
2016.08.09 06:01:23.486,13.32408,13.32708,0.00,0.00
2016.08.09 06:01:23.537,13.32378,13.32681,0.00,0.00
2016.08.09 06:01:23.831,13.32319,13.32621,0.00,0.00
2016.08.09 06:01:24.014,13.32308,13.32612,0.00,0.00
2016.08.09 06:01:24.115,13.32338,13.32642,0.00,0.00
2016.08.09 06:01:24.317,13.32389,13.32691,0.00,0.00
2016.08.09 06:01:24.519,13.32368,13.32672,0.00,0.00
2016.08.09 06:01:24.570,13.32368,13.32671,0.00,0.00
2016.08.09 06:01:24.620,13.32309,13.32611,0.00,0.00
2016.08.09 06:01:25.394,13.32288,13.32592,0.00,0.00
2016.08.09 06:01:26.257,13.32298,13.32602,0.00,0.00
2016.08.09 06:01:26.630,13.32318,13.32622,0.00,0.00
2016.08.09 06:01:27.459,13.32299,13.32601,0.00,0.00
2016.08.09 06:01:27.662,13.32318,13.32622,0.00,0.00
2016.08.09 06:01:28.371,13.32329,13.32631,0.00,0.00
2016.08.09 06:01:28.690,13.32329,13.32591,0.00,0.00
2016.08.09 06:01:28.741,13.32308,13.32591,0.00,0.00
2016.08.09 06:01:28.791,13.32308,13.32612,0.00,0.00
2016.08.09 06:01:28.842,13.32288,13.32592,0.00,0.00
2016.08.09 06:01:29.360,13.32289,13.32591,0.00,0.00
2016.08.09 06:01:29.686,13.32279,13.32581,0.00,0.00
2016.08.09 06:01:30.838,13.32228,13.32532,0.00,0.00
2016.08.09 06:01:31.031,13.32238,13.32542,0.00,0.00
2016.08.09 06:01:31.450,13.32228,13.32532,0.00,0.00
2016.08.09 06:01:32.435,13.32238,13.32542,0.00,0.00
2016.08.09 06:01:32.738,13.32249,13.32551,0.00,0.00
2016.08.09 06:01:33.680,13.32239,13.32541,0.00,0.00
2016.08.09 06:01:34.039,13.32229,13.32531,0.00,0.00
2016.08.09 06:01:34.770,13.32238,13.32542,0.00,0.00
2016.08.09 06:01:35.242,13.32228,13.32532,0.00,0.00
2016.08.09 06:01:36.061,13.32229,13.32531,0.00,0.00
2016.08.09 06:01:36.243,13.32248,13.32552,0.00,0.00
2016.08.09 06:01:36.344,13.32239,13.32541,0.00,0.00
2016.08.09 06:01:37.875,13.32229,13.32531,0.00,0.00
2016.08.09 06:01:38.199,13.32209,13.32511,0.00,0.00
2016.08.09 06:01:38.249,13.32238,13.32542,0.00,0.00
2016.08.09 06:01:38.448,13.32209,13.32511,0.00,0.00
2016.08.09 06:01:38.766,13.32219,13.32521,0.00,0.00
2016.08.09 06:01:39.149,13.32238,13.32542,0.00,0.00
2016.08.09 06:01:39.249,13.32218,13.32522,0.00,0.00
2016.08.09 06:01:39.755,13.32239,13.32541,0.00,0.00
2016.08.09 06:01:40.951,13.32238,13.32542,0.00,0.00
2016.08.09 06:01:41.269,13.32218,13.32522,0.00,0.00
2016.08.09 06:01:41.987,13.32279,13.32531,0.00,0.00
2016.08.09 06:01:42.088,13.32318,13.32622,0.00,0.00
2016.08.09 06:01:42.455,13.32298,13.32602,0.00,0.00
2016.08.09 06:01:43.016,13.32289,13.32591,0.00,0.00
2016.08.09 06:01:43.770,13.32293,13.32602,0.00,0.00
2016.08.09 06:01:44.490,13.32298,13.32602,0.00,0.00
2016.08.09 06:01:45.069,13.32289,13.32591,0.00,0.00
2016.08.09 06:01:45.321,13.32269,13.3257,0.00,0.00
2016.08.09 06:01:45.372,13.32199,13.32501,0.00,0.00
2016.08.09 06:01:45.560,13.32208,13.32512,0.00,0.00
2016.08.09 06:01:46.190,13.32218,13.32522,0.00,0.00
2016.08.09 06:01:47.599,13.32198,13.32502,0.00,0.00
2016.08.09 06:01:47.912,13.32209,13.32511,0.00,0.00
2016.08.09 06:01:49.798,13.32309,13.32611,0.00,0.00
2016.08.09 06:01:50.115,13.32288,13.32592,0.00,0.00
2016.08.09 06:01:51.017,13.32298,13.32602,0.00,0.00
2016.08.09 06:01:51.490,13.32288,13.32592,0.00,0.00
2016.08.09 06:01:51.897,13.32308,13.32612,0.00,0.00
2016.08.09 06:01:52.528,13.32319,13.32621,0.00,0.00
2016.08.09 06:01:54.831,13.32298,13.32602,0.00,0.00
2016.08.09 06:01:54.902,13.32319,13.32621,0.00,0.00
2016.08.09 06:01:55.283,13.32329,13.32631,0.00,0.00
2016.08.09 06:01:55.734,13.32299,13.32601,0.00,0.00
2016.08.09 06:01:55.805,13.32318,13.32622,0.00,0.00
2016.08.09 06:01:55.906,13.32328,13.32632,0.00,0.00
2016.08.09 06:01:56.058,13.32349,13.32602,0.00,0.00
2016.08.09 06:01:56.109,13.32379,13.32602,0.00,0.00
2016.08.09 06:01:56.213,13.32418,13.32722,0.00,0.00
2016.08.09 06:01:57.346,13.32399,13.32701,0.00,0.00
2016.08.09 06:01:57.727,13.32379,13.32681,0.00,0.00
2016.08.09 06:01:58.061,13.32369,13.32671,0.00,0.00
2016.08.09 06:01:58.112,13.32378,13.32682,0.00,0.00
2016.08.09 06:01:58.410,13.32368,13.32672,0.00,0.00
2016.08.09 06:01:58.813,13.32378,13.32682,0.00,0.00
2016.08.09 06:01:59.415,13.32399,13.32701,0.00,0.00
2016.08.09 06:01:59.515,13.32378,13.32682,0.00,0.00
2016.08.09 06:01:59.916,13.32339,13.32641,0.00,0.00
2016.08.09 06:01:59.967,13.32358,13.32662,0.00,0.00
2016.08.09 06:02:00.460,13.32328,13.32632,0.00,0.00
2016.08.09 06:02:01.022,13.32348,13.32652,0.00,0.00
2016.08.09 06:02:01.519,13.32328,13.32632,0.00,0.00
2016.08.09 06:02:02.345,13.32359,13.32661,0.00,0.00
2016.08.09 06:02:02.695,13.32319,13.32621,0.00,0.00
2016.08.09 06:02:02.745,13.32308,13.32612,0.00,0.00
2016.08.09 06:02:02.965,13.32339,13.32641,0.00,0.00
2016.08.09 06:02:03.174,13.32308,13.32612,0.00,0.00
2016.08.09 06:02:04.305,13.32358,13.32662,0.00,0.00
2016.08.09 06:02:04.776,13.32338,13.32642,0.00,0.00
2016.08.09 06:02:05.132,13.32359,13.32661,0.00,0.00
2016.08.09 06:02:05.669,13.32378,13.32682,0.00,0.00
2016.08.09 06:02:05.770,13.32408,13.32712,0.00,0.00
2016.08.09 06:02:06.772,13.32388,13.32692,0.00,0.00
2016.08.09 06:02:07.091,13.32379,13.32681,0.00,0.00
2016.08.09 06:02:07.441,13.32408,13.32712,0.00,0.00
2016.08.09 06:02:07.752,13.32389,13.32691,0.00,0.00
2016.08.09 06:02:07.854,13.32368,13.32672,0.00,0.00
2016.08.09 06:02:07.941,13.32399,13.32701,0.00,0.00
2016.08.09 06:02:08.147,13.32388,13.32692,0.00,0.00
2016.08.09 06:02:08.454,13.3238,13.32672,0.00,0.00
2016.08.09 06:02:08.555,13.32408,13.32712,0.00,0.00
2016.08.09 06:02:08.657,13.32389,13.32691,0.00,0.00
2016.08.09 06:02:08.898,13.32378,13.32682,0.00,0.00
2016.08.09 06:02:08.949,13.32388,13.32692,0.00,0.00
2016.08.09 06:02:09.406,13.32398,13.32702,0.00,0.00
2016.08.09 06:02:09.839,13.32388,13.32692,0.00,0.00
2016.08.09 06:02:10.358,13.32388,13.3269,0.00,0.00
2016.08.09 06:02:10.452,13.32338,13.32642,0.00,0.00
2016.08.09 06:02:10.815,13.32348,13.32652,0.00,0.00
2016.08.09 06:02:11.140,13.32308,13.32612,0.00,0.00
2016.08.09 06:02:11.440,13.32339,13.32641,0.00,0.00
2016.08.09 06:02:11.759,13.32348,13.32652,0.00,0.00
2016.08.09 06:02:12.778,13.32338,13.32642,0.00,0.00
2016.08.09 06:02:13.297,13.32348,13.32652,0.00,0.00
2016.08.09 06:02:13.657,13.32339,13.32641,0.00,0.00
2016.08.09 06:02:15.715,13.32328,13.32632,0.00,0.00
2016.08.09 06:02:15.861,13.32339,13.32641,0.00,0.00
2016.08.09 06:02:16.204,13.32358,13.32662,0.00,0.00
2016.08.09 06:02:17.070,13.32349,13.32651,0.00,0.00
2016.08.09 06:02:17.171,13.32338,13.32642,0.00,0.00
2016.08.09 06:02:17.365,13.32329,13.32631,0.00,0.00
2016.08.09 06:02:17.665,13.32338,13.32642,0.00,0.00
2016.08.09 06:02:20.199,13.32299,13.32601,0.00,0.00
2016.08.09 06:02:20.674,13.32308,13.32612,0.00,0.00
2016.08.09 06:02:20.775,13.32318,13.32622,0.00,0.00
2016.08.09 06:02:21.159,13.32338,13.32642,0.00,0.00
2016.08.09 06:02:21.486,13.32328,13.32632,0.00,0.00
2016.08.09 06:02:21.908,13.32319,13.32621,0.00,0.00
2016.08.09 06:02:22.002,13.32328,13.32632,0.00,0.00
2016.08.09 06:02:22.283,13.3234,13.32632,0.00,0.00
2016.08.09 06:02:22.384,13.32358,13.32662,0.00,0.00
2016.08.09 06:02:22.485,13.32399,13.32701,0.00,0.00
2016.08.09 06:02:22.674,13.32368,13.32672,0.00,0.00
2016.08.09 06:02:22.925,13.32388,13.32691,0.00,0.00
2016.08.09 06:02:23.011,13.32358,13.32662,0.00,0.00
2016.08.09 06:02:23.291,13.32349,13.32651,0.00,0.00
2016.08.09 06:02:23.901,13.32369,13.32671,0.00,0.00
2016.08.09 06:02:24.387,13.32389,13.32691,0.00,0.00
2016.08.09 06:02:24.803,13.32398,13.32702,0.00,0.00
2016.08.09 06:02:24.878,13.32388,13.32692,0.00,0.00
2016.08.09 06:02:25.481,13.32398,13.32702,0.00,0.00
2016.08.09 06:02:25.881,13.32408,13.32712,0.00,0.00
2016.08.09 06:02:26.183,13.32398,13.32702,0.00,0.00
2016.08.09 06:02:26.784,13.32418,13.32722,0.00,0.00
2016.08.09 06:02:27.201,13.32409,13.32711,0.00,0.00
2016.08.09 06:02:27.282,13.32398,13.32702,0.00,0.00
2016.08.09 06:02:28.086,13.32428,13.32732,0.00,0.00
2016.08.09 06:02:29.388,13.32408,13.32712,0.00,0.00
2016.08.09 06:02:29.698,13.32388,13.32692,0.00,0.00
2016.08.09 06:02:30.172,13.32408,13.32712,0.00,0.00
2016.08.09 06:02:30.586,13.32398,13.32702,0.00,0.00
2016.08.09 06:02:32.088,13.32379,13.32681,0.00,0.00
2016.08.09 06:02:32.139,13.32379,13.32681,0.00,0.00
2016.08.09 06:02:32.189,13.32319,13.32621,0.00,0.00
2016.08.09 06:02:32.589,13.32338,13.32642,0.00,0.00
2016.08.09 06:02:33.193,13.32329,13.32631,0.00,0.00
2016.08.09 06:02:34.362,13.32349,13.32652,0.00,0.00
2016.08.09 06:02:34.441,13.32418,13.32722,0.00,0.00
2016.08.09 06:02:35.092,13.32398,13.32702,0.00,0.00
2016.08.09 06:02:35.455,13.32408,13.32712,0.00,0.00
2016.08.09 06:02:35.835,13.32428,13.32732,0.00,0.00
2016.08.09 06:02:36.294,13.32408,13.32712,0.00,0.00
2016.08.09 06:02:37.795,13.32399,13.32701,0.00,0.00
2016.08.09 06:02:38.150,13.32408,13.32712,0.00,0.00
2016.08.09 06:02:40.618,13.32399,13.32701,0.00,0.00
2016.08.09 06:02:40.719,13.32378,13.32682,0.00,0.00
2016.08.09 06:02:40.956,13.32398,13.32702,0.00,0.00
2016.08.09 06:02:41.300,13.32409,13.32711,0.00,0.00
2016.08.09 06:02:41.523,13.32418,13.32722,0.00,0.00
2016.08.09 06:02:41.624,13.32398,13.32702,0.00,0.00
2016.08.09 06:02:41.948,13.32408,13.32712,0.00,0.00
2016.08.09 06:02:43.409,13.32398,13.32702,0.00,0.00
2016.08.09 06:02:43.760,13.32428,13.32732,0.00,0.00
2016.08.09 06:02:44.110,13.32418,13.32722,0.00,0.00
2016.08.09 06:02:48.232,13.32428,13.32732,0.00,0.00
2016.08.09 06:02:49.032,13.32408,13.32712,0.00,0.00
2016.08.09 06:02:52.275,13.3242,13.32712,0.00,0.00
2016.08.09 06:02:52.325,13.32438,13.32742,0.00,0.00
2016.08.09 06:02:52.648,13.32428,13.32732,0.00,0.00
2016.08.09 06:02:52.990,13.32449,13.32751,0.00,0.00
2016.08.09 06:02:55.530,13.32428,13.32732,0.00,0.00
2016.08.09 06:02:56.439,13.32448,13.32752,0.00,0.00
2016.08.09 06:02:57.234,13.32458,13.32762,0.00,0.00
2016.08.09 06:02:58.845,13.32428,13.32732,0.00,0.00
2016.08.09 06:02:59.198,13.32438,13.32742,0.00,0.00
2016.08.09 06:03:00.353,13.32449,13.32751,0.00,0.00
2016.08.09 06:03:00.540,13.32418,13.32722,0.00,0.00
2016.08.09 06:03:01.654,13.32408,13.32712,0.00,0.00
2016.08.09 06:03:02.209,13.32418,13.32722,0.00,0.00
2016.08.09 06:03:03.446,13.32428,13.32732,0.00,0.00
2016.08.09 06:03:03.904,13.32418,13.32722,0.00,0.00
2016.08.09 06:03:05.550,13.32408,13.32712,0.00,0.00
2016.08.09 06:03:05.973,13.32438,13.32742,0.00,0.00
2016.08.09 06:03:10.057,13.32408,13.32712,0.00,0.00
2016.08.09 06:03:10.860,13.32418,13.32722,0.00,0.00
2016.08.09 06:03:13.263,13.32409,13.32711,0.00,0.00
2016.08.09 06:03:14.165,13.32438,13.32742,0.00,0.00
2016.08.09 06:03:14.766,13.32419,13.32721,0.00,0.00
2016.08.09 06:03:17.074,13.32428,13.32732,0.00,0.00
2016.08.09 06:03:17.204,13.32439,13.32741,0.00,0.00
2016.08.09 06:03:17.523,13.32419,13.32721,0.00,0.00
2016.08.09 06:03:19.208,13.32438,13.32742,0.00,0.00
2016.08.09 06:03:19.258,13.32449,13.32742,0.00,0.00
2016.08.09 06:03:19.360,13.32479,13.32742,0.00,0.00
2016.08.09 06:03:19.461,13.3248,13.32762,0.00,0.00
2016.08.09 06:03:19.607,13.32519,13.32821,0.00,0.00
2016.08.09 06:03:20.405,13.32498,13.32802,0.00,0.00
2016.08.09 06:03:20.477,13.32528,13.32832,0.00,0.00
2016.08.09 06:03:20.915,13.32518,13.32822,0.00,0.00
2016.08.09 06:03:21.613,13.32508,13.32812,0.00,0.00
2016.08.09 06:03:23.116,13.32518,13.32822,0.00,0.00
2016.08.09 06:03:23.690,13.32509,13.32811,0.00,0.00
2016.08.09 06:03:25.622,13.32528,13.32832,0.00,0.00
2016.08.09 06:03:25.997,13.32509,13.32811,0.00,0.00
2016.08.09 06:03:26.596,13.32529,13.32831,0.00,0.00
2016.08.09 06:03:26.929,13.32519,13.32821,0.00,0.00
2016.08.09 06:03:27.030,13.32528,13.32832,0.00,0.00
2016.08.09 06:03:28.023,13.32499,13.32801,0.00,0.00
2016.08.09 06:03:28.570,13.32529,13.32831,0.00,0.00
2016.08.09 06:03:30.305,13.32508,13.32812,0.00,0.00
2016.08.09 06:03:30.833,13.32528,13.32832,0.00,0.00
2016.08.09 06:03:31.322,13.32518,13.32822,0.00,0.00
2016.08.09 06:03:32.916,13.32499,13.32801,0.00,0.00
2016.08.09 06:03:33.288,13.32519,13.32821,0.00,0.00
2016.08.09 06:03:33.339,13.32528,13.32832,0.00,0.00
2016.08.09 06:03:33.509,13.32498,13.32802,0.00,0.00
2016.08.09 06:03:35.733,13.32528,13.32832,0.00,0.00
2016.08.09 06:03:36.082,13.32499,13.32801,0.00,0.00
2016.08.09 06:03:36.133,13.32488,13.32792,0.00,0.00
2016.08.09 06:03:36.234,13.32498,13.3278,0.00,0.00
2016.08.09 06:03:36.316,13.32479,13.32742,0.00,0.00
2016.08.09 06:03:36.489,13.32489,13.32791,0.00,0.00
2016.08.09 06:03:36.541,13.32529,13.32831,0.00,0.00
2016.08.09 06:03:36.642,13.32558,13.32862,0.00,0.00
2016.08.09 06:03:36.743,13.32568,13.32872,0.00,0.00
2016.08.09 06:03:37.116,13.32508,13.32812,0.00,0.00
2016.08.09 06:03:37.517,13.32528,13.32832,0.00,0.00
2016.08.09 06:03:39.145,13.32509,13.32811,0.00,0.00
2016.08.09 06:03:39.739,13.32529,13.32831,0.00,0.00
2016.08.09 06:03:40.240,13.32508,13.32812,0.00,0.00
2016.08.09 06:03:40.725,13.32528,13.32832,0.00,0.00
2016.08.09 06:03:41.222,13.32538,13.32842,0.00,0.00
2016.08.09 06:03:41.844,13.32528,13.32832,0.00,0.00
2016.08.09 06:03:42.241,13.32508,13.32812,0.00,0.00
2016.08.09 06:03:42.745,13.32518,13.32822,0.00,0.00
2016.08.09 06:03:43.088,13.32538,13.32842,0.00,0.00
2016.08.09 06:03:44.130,13.32509,13.32811,0.00,0.00
2016.08.09 06:03:44.431,13.32528,13.32832,0.00,0.00
2016.08.09 06:03:44.850,13.32519,13.32821,0.00,0.00
2016.08.09 06:03:46.134,13.32528,13.32832,0.00,0.00
2016.08.09 06:03:46.235,13.32558,13.32862,0.00,0.00
2016.08.09 06:03:46.628,13.32589,13.32891,0.00,0.00
2016.08.09 06:03:46.935,13.32599,13.32901,0.00,0.00
2016.08.09 06:03:47.238,13.32619,13.32921,0.00,0.00
2016.08.09 06:03:47.788,13.32599,13.32901,0.00,0.00
2016.08.09 06:03:48.252,13.32609,13.32911,0.00,0.00
2016.08.09 06:03:49.338,13.32619,13.32921,0.00,0.00
2016.08.09 06:03:49.887,13.32608,13.32912,0.00,0.00
2016.08.09 06:03:49.988,13.32618,13.32922,0.00,0.00
2016.08.09 06:03:50.289,13.32589,13.32891,0.00,0.00
2016.08.09 06:03:50.956,13.32598,13.32902,0.00,0.00
2016.08.09 06:03:51.144,13.32589,13.32891,0.00,0.00
2016.08.09 06:03:51.949,13.32599,13.32901,0.00,0.00
2016.08.09 06:03:52.053,13.32609,13.32911,0.00,0.00
2016.08.09 06:03:52.846,13.32609,13.3291,0.00,0.00
2016.08.09 06:03:54.000,13.32609,13.32911,0.00,0.00
2016.08.09 06:03:54.849,13.32598,13.32902,0.00,0.00
2016.08.09 06:03:54.989,13.32609,13.32911,0.00,0.00
2016.08.09 06:03:55.462,13.32599,13.32901,0.00,0.00
2016.08.09 06:03:55.549,13.32588,13.32892,0.00,0.00
2016.08.09 06:03:56.464,13.32599,13.32901,0.00,0.00
2016.08.09 06:03:56.551,13.32588,13.32892,0.00,0.00
2016.08.09 06:03:58.566,13.32598,13.32902,0.00,0.00
2016.08.09 06:03:59.155,13.32609,13.32911,0.00,0.00
2016.08.09 06:03:59.255,13.32588,13.32892,0.00,0.00
2016.08.09 06:04:00.770,13.32598,13.32902,0.00,0.00
2016.08.09 06:04:01.120,13.32589,13.32891,0.00,0.00
2016.08.09 06:04:01.170,13.32598,13.32902,0.00,0.00
2016.08.09 06:04:01.785,13.32608,13.3291,0.00,0.00
2016.08.09 06:04:02.003,13.32598,13.32902,0.00,0.00
2016.08.09 06:04:02.056,13.32578,13.32861,0.00,0.00
2016.08.09 06:04:02.106,13.32559,13.32811,0.00,0.00
2016.08.09 06:04:02.160,13.32508,13.32811,0.00,0.00
2016.08.09 06:04:02.262,13.32528,13.32811,0.00,0.00
2016.08.09 06:04:02.561,13.32508,13.3281,0.00,0.00
2016.08.09 06:04:02.983,13.32488,13.32792,0.00,0.00
2016.08.09 06:04:03.084,13.32529,13.32792,0.00,0.00
2016.08.09 06:04:03.185,13.32508,13.3281,0.00,0.00
2016.08.09 06:04:03.263,13.32528,13.3281,0.00,0.00
2016.08.09 06:04:03.613,13.32538,13.3281,0.00,0.00
2016.08.09 06:04:04.316,13.32538,13.32811,0.00,0.00
2016.08.09 06:04:05.055,13.32518,13.32811,0.00,0.00
2016.08.09 06:04:05.980,13.32508,13.32811,0.00,0.00
2016.08.09 06:04:06.182,13.32498,13.32802,0.00,0.00
2016.08.09 06:04:06.771,13.32508,13.32811,0.00,0.00
2016.08.09 06:04:07.382,13.32499,13.32801,0.00,0.00
2016.08.09 06:04:07.797,13.32529,13.3281,0.00,0.00
2016.08.09 06:04:07.983,13.32499,13.32801,0.00,0.00
2016.08.09 06:04:08.884,13.32508,13.32811,0.00,0.00
2016.08.09 06:04:08.985,13.32488,13.32802,0.00,0.00
2016.08.09 06:04:09.475,13.32519,13.3281,0.00,0.00
2016.08.09 06:04:09.976,13.32518,13.3281,0.00,0.00
2016.08.09 06:04:10.077,13.32498,13.32802,0.00,0.00
2016.08.09 06:04:10.286,13.32518,13.32811,0.00,0.00
2016.08.09 06:04:10.702,13.32509,13.32811,0.00,0.00
2016.08.09 06:04:11.483,13.32499,13.32801,0.00,0.00
2016.08.09 06:04:11.584,13.32509,13.3281,0.00,0.00
2016.08.09 06:04:12.010,13.32509,13.32811,0.00,0.00
2016.08.09 06:04:12.513,13.32519,13.32811,0.00,0.00
2016.08.09 06:04:12.624,13.32498,13.32802,0.00,0.00
2016.08.09 06:04:12.685,13.32519,13.32811,0.00,0.00
2016.08.09 06:04:13.420,13.32519,13.3281,0.00,0.00
2016.08.09 06:04:14.016,13.32519,13.32811,0.00,0.00
2016.08.09 06:04:14.117,13.32509,13.32811,0.00,0.00
2016.08.09 06:04:14.191,13.32499,13.32801,0.00,0.00
2016.08.09 06:04:14.403,13.32518,13.32811,0.00,0.00
2016.08.09 06:04:15.566,13.32518,13.3276,0.00,0.00
2016.08.09 06:04:15.617,13.32498,13.3276,0.00,0.00
2016.08.09 06:04:15.667,13.32498,13.32802,0.00,0.00
2016.08.09 06:04:15.718,13.32468,13.32772,0.00,0.00
2016.08.09 06:04:16.063,13.32498,13.32802,0.00,0.00
2016.08.09 06:04:16.394,13.32519,13.32811,0.00,0.00
2016.08.09 06:04:16.994,13.32519,13.3281,0.00,0.00
2016.08.09 06:04:17.431,13.32519,13.32811,0.00,0.00
2016.08.09 06:04:17.496,13.32508,13.32811,0.00,0.00
2016.08.09 06:04:17.546,13.32508,13.3281,0.00,0.00
2016.08.09 06:04:17.597,13.32489,13.32791,0.00,0.00
2016.08.09 06:04:19.100,13.32468,13.32772,0.00,0.00
2016.08.09 06:04:19.150,13.32468,13.32761,0.00,0.00
2016.08.09 06:04:19.223,13.32458,13.32761,0.00,0.00
2016.08.09 06:04:19.544,13.32469,13.32761,0.00,0.00
2016.08.09 06:04:19.893,13.32479,13.3276,0.00,0.00
2016.08.09 06:04:20.435,13.32459,13.3276,0.00,0.00
2016.08.09 06:04:20.605,13.32468,13.3276,0.00,0.00
2016.08.09 06:04:21.155,13.32468,13.32761,0.00,0.00
2016.08.09 06:04:21.458,13.32428,13.32711,0.00,0.00
2016.08.09 06:04:22.246,13.32428,13.3271,0.00,0.00
2016.08.09 06:04:22.555,13.32449,13.32711,0.00,0.00
2016.08.09 06:04:24.507,13.32418,13.32711,0.00,0.00
2016.08.09 06:04:25.910,13.32429,13.32711,0.00,0.00
2016.08.09 06:04:27.119,13.32429,13.3271,0.00,0.00
2016.08.09 06:04:27.913,13.32448,13.3271,0.00,0.00
2016.08.09 06:04:28.433,13.32448,13.32711,0.00,0.00
2016.08.09 06:04:29.093,13.32448,13.3271,0.00,0.00
2016.08.09 06:04:29.616,13.32428,13.3271,0.00,0.00
2016.08.09 06:04:30.164,13.32419,13.32711,0.00,0.00
2016.08.09 06:04:30.217,13.32428,13.32711,0.00,0.00
2016.08.09 06:04:30.718,13.32448,13.32711,0.00,0.00
2016.08.09 06:04:30.768,13.32448,13.327,0.00,0.00
2016.08.09 06:04:30.819,13.32419,13.327,0.00,0.00
2016.08.09 06:04:30.870,13.32419,13.3271,0.00,0.00
2016.08.09 06:04:30.920,13.32439,13.3271,0.00,0.00
2016.08.09 06:04:31.733,13.32439,13.32711,0.00,0.00
2016.08.09 06:04:32.022,13.32418,13.32711,0.00,0.00
2016.08.09 06:04:32.445,13.32428,13.32711,0.00,0.00
2016.08.09 06:04:34.578,13.32428,13.3271,0.00,0.00
2016.08.09 06:04:35.318,13.32449,13.3271,0.00,0.00
2016.08.09 06:04:35.479,13.32438,13.32711,0.00,0.00
2016.08.09 06:04:36.312,13.32419,13.3271,0.00,0.00
2016.08.09 06:04:36.537,13.32438,13.32711,0.00,0.00
2016.08.09 06:04:38.240,13.32418,13.32711,0.00,0.00
2016.08.09 06:04:38.841,13.32438,13.3271,0.00,0.00
2016.08.09 06:04:40.195,13.32438,13.32711,0.00,0.00
2016.08.09 06:04:42.103,13.32438,13.3271,0.00,0.00
2016.08.09 06:04:43.889,13.32418,13.3271,0.00,0.00
2016.08.09 06:04:44.160,13.32438,13.32711,0.00,0.00
2016.08.09 06:04:44.682,13.32438,13.3271,0.00,0.00
2016.08.09 06:04:44.861,13.32418,13.3271,0.00,0.00
2016.08.09 06:04:44.963,13.32449,13.32711,0.00,0.00
2016.08.09 06:04:45.064,13.32438,13.32711,0.00,0.00
2016.08.09 06:04:48.520,13.32438,13.3271,0.00,0.00
2016.08.09 06:04:48.571,13.32419,13.3271,0.00,0.00
2016.08.09 06:04:49.128,13.32419,13.32711,0.00,0.00
2016.08.09 06:04:49.499,13.32429,13.3271,0.00,0.00
2016.08.09 06:04:50.099,13.32429,13.32711,0.00,0.00
2016.08.09 06:04:50.364,13.32418,13.3271,0.00,0.00
2016.08.09 06:04:50.973,13.32439,13.3271,0.00,0.00
2016.08.09 06:04:51.627,13.32439,13.32711,0.00,0.00
2016.08.09 06:04:52.493,13.32429,13.32711,0.00,0.00
2016.08.09 06:04:53.478,13.32449,13.32711,0.00,0.00
2016.08.09 06:04:54.080,13.32438,13.32711,0.00,0.00
2016.08.09 06:04:54.131,13.32448,13.32711,0.00,0.00
2016.08.09 06:04:54.633,13.32448,13.3271,0.00,0.00
2016.08.09 06:04:54.784,13.32438,13.32711,0.00,0.00
2016.08.09 06:04:54.885,13.32448,13.32711,0.00,0.00
2016.08.09 06:04:55.185,13.32428,13.3271,0.00,0.00
2016.08.09 06:04:55.428,13.32449,13.32711,0.00,0.00
2016.08.09 06:04:55.529,13.32438,13.32711,0.00,0.00
2016.08.09 06:04:55.630,13.32448,13.32711,0.00,0.00
2016.08.09 06:04:55.810,13.32439,13.32711,0.00,0.00
2016.08.09 06:04:55.911,13.32448,13.3271,0.00,0.00
2016.08.09 06:04:56.182,13.32439,13.3271,0.00,0.00
2016.08.09 06:04:56.982,13.32428,13.3271,0.00,0.00
2016.08.09 06:04:57.392,13.32448,13.3271,0.00,0.00
2016.08.09 06:04:58.051,13.32448,13.32711,0.00,0.00
2016.08.09 06:04:58.431,13.32438,13.32711,0.00,0.00
2016.08.09 06:04:58.934,13.32448,13.32711,0.00,0.00
2016.08.09 06:04:59.421,13.32418,13.3271,0.00,0.00
2016.08.09 06:04:59.522,13.32448,13.32711,0.00,0.00
2016.08.09 06:05:00.031,13.32448,13.3271,0.00,0.00
2016.08.09 06:05:00.087,13.32439,13.3271,0.00,0.00
2016.08.09 06:05:00.414,13.32418,13.32711,0.00,0.00
2016.08.09 06:05:00.637,13.32428,13.3271,0.00,0.00
2016.08.09 06:05:00.967,13.32448,13.3271,0.00,0.00
2016.08.09 06:05:01.018,13.32418,13.3271,0.00,0.00
2016.08.09 06:05:01.897,13.32428,13.3271,0.00,0.00
2016.08.09 06:05:02.008,13.32419,13.32711,0.00,0.00
2016.08.09 06:05:04.899,13.32438,13.32711,0.00,0.00
2016.08.09 06:05:05.202,13.32378,13.32661,0.00,0.00
2016.08.09 06:05:05.304,13.32398,13.32661,0.00,0.00
2016.08.09 06:05:05.528,13.32368,13.32661,0.00,0.00
2016.08.09 06:05:05.730,13.32358,13.3261,0.00,0.00
2016.08.09 06:05:05.902,13.32378,13.3267,0.00,0.00
2016.08.09 06:05:06.212,13.32388,13.32671,0.00,0.00
2016.08.09 06:05:06.301,13.32368,13.32671,0.00,0.00
2016.08.09 06:05:06.501,13.32379,13.32671,0.00,0.00
2016.08.09 06:05:06.705,13.32408,13.32712,0.00,0.00
2016.08.09 06:05:06.943,13.32428,13.3272,0.00,0.00
2016.08.09 06:05:07.213,13.32418,13.32721,0.00,0.00
2016.08.09 06:05:07.404,13.32409,13.32711,0.00,0.00
2016.08.09 06:05:08.208,13.32428,13.3272,0.00,0.00
2016.08.09 06:05:08.582,13.32439,13.3272,0.00,0.00
2016.08.09 06:05:09.114,13.32429,13.32721,0.00,0.00
2016.08.09 06:05:09.217,13.32419,13.3272,0.00,0.00
2016.08.09 06:05:09.618,13.32439,13.3272,0.00,0.00
2016.08.09 06:05:10.619,13.32428,13.3272,0.00,0.00
2016.08.09 06:05:10.720,13.32418,13.3272,0.00,0.00
2016.08.09 06:05:11.432,13.32439,13.3272,0.00,0.00
2016.08.09 06:05:11.924,13.32428,13.3272,0.00,0.00
2016.08.09 06:05:12.069,13.32449,13.32721,0.00,0.00
2016.08.09 06:05:12.670,13.32419,13.32721,0.00,0.00
2016.08.09 06:05:12.868,13.32438,13.32721,0.00,0.00
2016.08.09 06:05:13.371,13.32448,13.32721,0.00,0.00
2016.08.09 06:05:14.023,13.32448,13.3272,0.00,0.00
2016.08.09 06:05:14.684,13.32448,13.32721,0.00,0.00
2016.08.09 06:05:15.225,13.32448,13.3272,0.00,0.00
2016.08.09 06:05:16.232,13.32428,13.3272,0.00,0.00
2016.08.09 06:05:17.108,13.32419,13.3272,0.00,0.00
2016.08.09 06:05:18.031,13.32419,13.32721,0.00,0.00
2016.08.09 06:05:18.082,13.32448,13.32721,0.00,0.00
2016.08.09 06:05:19.237,13.32428,13.32721,0.00,0.00
2016.08.09 06:05:19.337,13.32448,13.32721,0.00,0.00
2016.08.09 06:05:19.571,13.32419,13.32721,0.00,0.00
2016.08.09 06:05:19.837,13.32428,13.32721,0.00,0.00
2016.08.09 06:05:21.640,13.32418,13.32721,0.00,0.00
2016.08.09 06:05:21.890,13.32428,13.32721,0.00,0.00
2016.08.09 06:05:22.741,13.32428,13.3272,0.00,0.00
2016.08.09 06:05:23.042,13.32419,13.3272,0.00,0.00
2016.08.09 06:05:23.642,13.32429,13.3272,0.00,0.00
2016.08.09 06:05:24.332,13.32429,13.32721,0.00,0.00
2016.08.09 06:05:25.546,13.32418,13.32721,0.00,0.00
2016.08.09 06:05:27.448,13.32428,13.32721,0.00,0.00
2016.08.09 06:05:28.033,13.32428,13.3272,0.00,0.00
2016.08.09 06:05:28.579,13.32428,13.32721,0.00,0.00
2016.08.09 06:05:28.651,13.32419,13.32721,0.00,0.00
2016.08.09 06:05:28.701,13.32428,13.32721,0.00,0.00
2016.08.09 06:05:28.951,13.32418,13.32721,0.00,0.00
2016.08.09 06:05:29.453,13.32428,13.32721,0.00,0.00
2016.08.09 06:05:30.754,13.32418,13.32721,0.00,0.00
2016.08.09 06:05:30.954,13.32408,13.32712,0.00,0.00
2016.08.09 06:05:31.255,13.32414,13.3272,0.00,0.00
2016.08.09 06:05:31.306,13.32414,13.32721,0.00,0.00
2016.08.09 06:05:31.409,13.32414,13.3272,0.00,0.00
2016.08.09 06:05:31.460,13.32398,13.32702,0.00,0.00
2016.08.09 06:05:31.943,13.32423,13.3272,0.00,0.00
2016.08.09 06:05:31.994,13.32423,13.32732,0.00,0.00
2016.08.09 06:05:32.095,13.32433,13.32742,0.00,0.00
2016.08.09 06:05:32.678,13.32408,13.32712,0.00,0.00
2016.08.09 06:05:34.160,13.32428,13.32732,0.00,0.00
2016.08.09 06:05:37.303,13.32469,13.32771,0.00,0.00
2016.08.09 06:05:37.404,13.32518,13.32822,0.00,0.00
2016.08.09 06:05:37.717,13.32509,13.32811,0.00,0.00
2016.08.09 06:05:37.768,13.32518,13.32822,0.00,0.00
2016.08.09 06:05:38.238,13.32488,13.32792,0.00,0.00
2016.08.09 06:05:40.920,13.32498,13.32802,0.00,0.00
2016.08.09 06:05:43.976,13.32489,13.32791,0.00,0.00
2016.08.09 06:05:44.885,13.32493,13.32802,0.00,0.00
2016.08.09 06:05:45.387,13.32503,13.32812,0.00,0.00
2016.08.09 06:05:46.100,13.32479,13.32782,0.00,0.00
2016.08.09 06:05:46.288,13.32494,13.32801,0.00,0.00
2016.08.09 06:05:46.493,13.32503,13.32812,0.00,0.00
2016.08.09 06:05:46.690,13.32489,13.32791,0.00,0.00
2016.08.09 06:05:47.791,13.32509,13.32811,0.00,0.00
2016.08.09 06:05:47.891,13.32488,13.32792,0.00,0.00
2016.08.09 06:05:48.192,13.32508,13.32812,0.00,0.00
2016.08.09 06:05:48.804,13.32498,13.32802,0.00,0.00
2016.08.09 06:05:49.794,13.32489,13.32791,0.00,0.00
2016.08.09 06:05:50.795,13.32498,13.32802,0.00,0.00
2016.08.09 06:05:53.520,13.32509,13.32811,0.00,0.00
2016.08.09 06:05:53.702,13.32498,13.32802,0.00,0.00
2016.08.09 06:05:53.803,13.32489,13.32791,0.00,0.00
2016.08.09 06:05:54.807,13.3248,13.32761,0.00,0.00
2016.08.09 06:05:54.858,13.32459,13.32761,0.00,0.00
2016.08.09 06:05:54.909,13.32468,13.32772,0.00,0.00
2016.08.09 06:05:55.155,13.32478,13.32782,0.00,0.00
2016.08.09 06:05:55.475,13.32498,13.32802,0.00,0.00
2016.08.09 06:05:56.522,13.32508,13.32812,0.00,0.00
2016.08.09 06:05:56.843,13.32518,13.32822,0.00,0.00
2016.08.09 06:05:57.916,13.32508,13.32812,0.00,0.00
2016.08.09 06:05:58.244,13.32519,13.32821,0.00,0.00
2016.08.09 06:05:58.583,13.32509,13.32811,0.00,0.00
2016.08.09 06:06:00.220,13.32489,13.32791,0.00,0.00
2016.08.09 06:06:02.227,13.32498,13.32802,0.00,0.00
2016.08.09 06:06:02.329,13.32518,13.32822,0.00,0.00
2016.08.09 06:06:03.352,13.32498,13.32802,0.00,0.00
2016.08.09 06:06:04.031,13.32498,13.32812,0.00,0.00
2016.08.09 06:06:04.232,13.32488,13.32802,0.00,0.00
2016.08.09 06:06:05.033,13.32488,13.32792,0.00,0.00
2016.08.09 06:06:05.479,13.32479,13.32781,0.00,0.00
2016.08.09 06:06:05.592,13.32479,13.32781,0.00,0.00
2016.08.09 06:06:06.116,13.32498,13.32802,0.00,0.00
2016.08.09 06:06:06.836,13.32468,13.32772,0.00,0.00
2016.08.09 06:06:07.089,13.32459,13.32761,0.00,0.00
2016.08.09 06:06:07.139,13.32518,13.32791,0.00,0.00
2016.08.09 06:06:07.190,13.32518,13.3282,0.00,0.00
2016.08.09 06:06:07.241,13.32498,13.32802,0.00,0.00
2016.08.09 06:06:07.713,13.32519,13.32821,0.00,0.00
2016.08.09 06:06:08.766,13.32488,13.32792,0.00,0.00
2016.08.09 06:06:09.240,13.32518,13.32822,0.00,0.00
2016.08.09 06:06:10.342,13.32519,13.32821,0.00,0.00
2016.08.09 06:06:11.276,13.32508,13.32812,0.00,0.00
2016.08.09 06:06:11.343,13.32488,13.32792,0.00,0.00
2016.08.09 06:06:11.869,13.32478,13.32782,0.00,0.00
2016.08.09 06:06:12.261,13.32498,13.32802,0.00,0.00
2016.08.09 06:06:12.965,13.32469,13.32771,0.00,0.00
2016.08.09 06:06:13.346,13.32489,13.32791,0.00,0.00
2016.08.09 06:06:14.887,13.32489,13.32791,0.00,0.00
2016.08.09 06:06:14.988,13.32459,13.32761,0.00,0.00
2016.08.09 06:06:15.368,13.32409,13.32711,0.00,0.00
2016.08.09 06:06:20.972,13.32408,13.32712,0.00,0.00
2016.08.09 06:06:22.694,13.32469,13.32732,0.00,0.00
2016.08.09 06:06:22.920,13.32508,13.32812,0.00,0.00
2016.08.09 06:06:23.149,13.32488,13.32792,0.00,0.00
2016.08.09 06:06:23.480,13.32508,13.32812,0.00,0.00
2016.08.09 06:06:23.584,13.32508,13.3279,0.00,0.00
2016.08.09 06:06:23.640,13.32478,13.32782,0.00,0.00
2016.08.09 06:06:23.981,13.32449,13.32751,0.00,0.00
2016.08.09 06:06:24.133,13.32468,13.32772,0.00,0.00
2016.08.09 06:06:24.237,13.32488,13.32791,0.00,0.00
2016.08.09 06:06:24.555,13.32468,13.32772,0.00,0.00
2016.08.09 06:06:24.606,13.32488,13.32791,0.00,0.00
2016.08.09 06:06:24.798,13.32468,13.32772,0.00,0.00
2016.08.09 06:06:25.492,13.32468,13.32761,0.00,0.00
2016.08.09 06:06:25.542,13.32449,13.32751,0.00,0.00
2016.08.09 06:06:25.643,13.32458,13.3276,0.00,0.00
2016.08.09 06:06:25.704,13.32439,13.32741,0.00,0.00
2016.08.09 06:06:26.019,13.32448,13.32752,0.00,0.00
2016.08.09 06:06:27.207,13.32439,13.32741,0.00,0.00
2016.08.09 06:06:27.962,13.32458,13.32761,0.00,0.00
2016.08.09 06:06:28.109,13.32448,13.32752,0.00,0.00
2016.08.09 06:06:28.932,13.32458,13.32761,0.00,0.00
2016.08.09 06:06:29.411,13.32449,13.32751,0.00,0.00
2016.08.09 06:06:30.840,13.3245,13.32751,0.00,0.00
2016.08.09 06:06:30.941,13.32459,13.3276,0.00,0.00
2016.08.09 06:06:31.420,13.32438,13.3271,0.00,0.00
2016.08.09 06:06:31.564,13.32398,13.32702,0.00,0.00
2016.08.09 06:06:31.742,13.32408,13.32711,0.00,0.00
2016.08.09 06:06:31.942,13.32398,13.32702,0.00,0.00
2016.08.09 06:06:35.148,13.32409,13.32711,0.00,0.00
2016.08.09 06:06:36.560,13.32399,13.32701,0.00,0.00
2016.08.09 06:06:36.727,13.32408,13.32711,0.00,0.00
2016.08.09 06:06:36.850,13.32398,13.32702,0.00,0.00
2016.08.09 06:06:37.251,13.32429,13.32691,0.00,0.00
2016.08.09 06:06:37.363,13.32399,13.32701,0.00,0.00
2016.08.09 06:06:37.429,13.32428,13.32711,0.00,0.00
2016.08.09 06:06:37.865,13.32408,13.3271,0.00,0.00
2016.08.09 06:06:37.930,13.32399,13.32701,0.00,0.00
2016.08.09 06:06:40.055,13.32403,13.32711,0.00,0.00
2016.08.09 06:06:40.133,13.32398,13.32702,0.00,0.00
2016.08.09 06:06:40.884,13.32413,13.32711,0.00,0.00
2016.08.09 06:06:40.935,13.32389,13.32691,0.00,0.00
2016.08.09 06:06:41.157,13.32393,13.32702,0.00,0.00
2016.08.09 06:06:42.039,13.32398,13.32702,0.00,0.00
2016.08.09 06:06:43.741,13.32419,13.3271,0.00,0.00
2016.08.09 06:06:43.839,13.32398,13.32702,0.00,0.00
2016.08.09 06:06:47.765,13.32389,13.32691,0.00,0.00
2016.08.09 06:06:48.371,13.32398,13.32702,0.00,0.00
2016.08.09 06:06:50.756,13.32388,13.32692,0.00,0.00
2016.08.09 06:06:51.648,13.32399,13.32701,0.00,0.00
2016.08.09 06:06:52.472,13.32399,13.32661,0.00,0.00
2016.08.09 06:06:52.650,13.32358,13.32661,0.00,0.00
2016.08.09 06:06:52.874,13.32379,13.32661,0.00,0.00
2016.08.09 06:06:52.953,13.32369,13.32661,0.00,0.00
2016.08.09 06:06:53.054,13.32379,13.3266,0.00,0.00
2016.08.09 06:06:53.542,13.32368,13.32611,0.00,0.00
2016.08.09 06:06:53.592,13.3235,13.32641,0.00,0.00
2016.08.09 06:06:53.655,13.32358,13.3266,0.00,0.00
2016.08.09 06:06:54.055,13.32378,13.32661,0.00,0.00
2016.08.09 06:06:54.562,13.32369,13.32661,0.00,0.00
2016.08.09 06:06:55.360,13.32399,13.32661,0.00,0.00
2016.08.09 06:06:55.411,13.32399,13.32701,0.00,0.00
2016.08.09 06:06:55.462,13.32428,13.3271,0.00,0.00
2016.08.09 06:06:55.563,13.32418,13.3271,0.00,0.00
2016.08.09 06:06:55.664,13.32389,13.32691,0.00,0.00
2016.08.09 06:06:56.782,13.32408,13.3271,0.00,0.00
2016.08.09 06:06:57.498,13.32408,13.32711,0.00,0.00
2016.08.09 06:07:00.282,13.32389,13.32691,0.00,0.00
2016.08.09 06:07:01.190,13.32399,13.32701,0.00,0.00
2016.08.09 06:07:01.879,13.32378,13.32682,0.00,0.00
2016.08.09 06:07:01.930,13.32378,13.32661,0.00,0.00
2016.08.09 06:07:01.981,13.32358,13.32661,0.00,0.00
2016.08.09 06:07:02.192,13.32369,13.32661,0.00,0.00
2016.08.09 06:07:02.566,13.32378,13.3266,0.00,0.00
2016.08.09 06:07:03.272,13.32368,13.3266,0.00,0.00
2016.08.09 06:07:07.498,13.32368,13.32661,0.00,0.00
2016.08.09 06:07:09.907,13.32368,13.32672,0.00,0.00
2016.08.09 06:07:10.008,13.32389,13.32691,0.00,0.00
2016.08.09 06:07:10.109,13.32408,13.32711,0.00,0.00
2016.08.09 06:07:10.390,13.32389,13.32691,0.00,0.00
2016.08.09 06:07:10.440,13.32389,13.3266,0.00,0.00
2016.08.09 06:07:10.592,13.32359,13.3266,0.00,0.00
2016.08.09 06:07:10.710,13.32378,13.32661,0.00,0.00
2016.08.09 06:07:11.412,13.32368,13.32661,0.00,0.00
2016.08.09 06:07:12.407,13.32368,13.3266,0.00,0.00
2016.08.09 06:07:12.509,13.32349,13.32631,0.00,0.00
2016.08.09 06:07:12.610,13.3235,13.32642,0.00,0.00
2016.08.09 06:07:12.660,13.32339,13.32642,0.00,0.00
2016.08.09 06:07:12.812,13.32379,13.32661,0.00,0.00
2016.08.09 06:07:12.916,13.32369,13.3266,0.00,0.00
2016.08.09 06:07:12.993,13.32359,13.3266,0.00,0.00
2016.08.09 06:07:13.117,13.32369,13.3266,0.00,0.00
2016.08.09 06:07:13.496,13.32338,13.32642,0.00,0.00
2016.08.09 06:07:13.552,13.32339,13.32642,0.00,0.00
2016.08.09 06:07:13.795,13.32338,13.32642,0.00,0.00
2016.08.09 06:07:13.895,13.32359,13.3266,0.00,0.00
2016.08.09 06:07:14.306,13.32369,13.32661,0.00,0.00
2016.08.09 06:07:14.496,13.32359,13.32661,0.00,0.00
2016.08.09 06:07:17.731,13.32378,13.32682,0.00,0.00
2016.08.09 06:07:17.801,13.32408,13.32711,0.00,0.00
2016.08.09 06:07:18.328,13.32379,13.32681,0.00,0.00
2016.08.09 06:07:18.930,13.32409,13.3271,0.00,0.00
2016.08.09 06:07:19.404,13.32388,13.32692,0.00,0.00
2016.08.09 06:07:19.805,13.32418,13.3271,0.00,0.00
2016.08.09 06:07:19.906,13.32379,13.32681,0.00,0.00
2016.08.09 06:07:19.957,13.32379,13.3266,0.00,0.00
2016.08.09 06:07:20.007,13.3235,13.32652,0.00,0.00
2016.08.09 06:07:20.406,13.32358,13.32661,0.00,0.00
2016.08.09 06:07:21.008,13.32369,13.32661,0.00,0.00
2016.08.09 06:07:21.207,13.32358,13.32661,0.00,0.00
2016.08.09 06:07:23.845,13.32349,13.32642,0.00,0.00
2016.08.09 06:07:24.290,13.3235,13.32642,0.00,0.00
2016.08.09 06:07:24.536,13.32398,13.32702,0.00,0.00
2016.08.09 06:07:24.614,13.32409,13.3271,0.00,0.00
2016.08.09 06:07:24.743,13.32409,13.32711,0.00,0.00
2016.08.09 06:07:24.859,13.32399,13.32701,0.00,0.00
2016.08.09 06:07:26.114,13.32378,13.32682,0.00,0.00
2016.08.09 06:07:26.165,13.32408,13.3271,0.00,0.00
2016.08.09 06:07:26.717,13.32398,13.32702,0.00,0.00
2016.08.09 06:07:27.044,13.32388,13.32692,0.00,0.00
2016.08.09 06:07:27.318,13.32359,13.32652,0.00,0.00
2016.08.09 06:07:27.368,13.32368,13.32661,0.00,0.00
2016.08.09 06:07:28.159,13.32349,13.32651,0.00,0.00
2016.08.09 06:07:29.921,13.32368,13.32661,0.00,0.00
2016.08.09 06:07:30.021,13.32339,13.32641,0.00,0.00
2016.08.09 06:07:30.192,13.32339,13.3261,0.00,0.00
2016.08.09 06:07:30.243,13.32319,13.3261,0.00,0.00
2016.08.09 06:07:30.293,13.32319,13.32621,0.00,0.00
2016.08.09 06:07:30.344,13.32309,13.32611,0.00,0.00
2016.08.09 06:07:30.445,13.32328,13.32632,0.00,0.00
2016.08.09 06:07:30.546,13.32338,13.32642,0.00,0.00
2016.08.09 06:07:30.840,13.32319,13.32612,0.00,0.00
2016.08.09 06:07:30.944,13.32338,13.32642,0.00,0.00
2016.08.09 06:07:31.045,13.32369,13.32661,0.00,0.00
2016.08.09 06:07:31.123,13.32348,13.32652,0.00,0.00
2016.08.09 06:07:33.727,13.32349,13.32661,0.00,0.00
2016.08.09 06:07:34.528,13.32349,13.32651,0.00,0.00
2016.08.09 06:07:35.672,13.32349,13.32611,0.00,0.00
2016.08.09 06:07:35.856,13.3235,13.32642,0.00,0.00
2016.08.09 06:07:35.958,13.32358,13.32661,0.00,0.00
2016.08.09 06:07:36.282,13.32378,13.3266,0.00,0.00
2016.08.09 06:07:36.733,13.32368,13.3266,0.00,0.00
2016.08.09 06:07:39.199,13.32368,13.32611,0.00,0.00
2016.08.09 06:07:39.250,13.32349,13.32611,0.00,0.00
2016.08.09 06:07:39.300,13.32349,13.32631,0.00,0.00
2016.08.09 06:07:39.452,13.32379,13.32661,0.00,0.00
2016.08.09 06:07:39.667,13.32368,13.32661,0.00,0.00
2016.08.09 06:07:39.768,13.32378,13.32661,0.00,0.00
2016.08.09 06:07:39.964,13.32358,13.32661,0.00,0.00
2016.08.09 06:07:40.279,13.32378,13.32661,0.00,0.00
2016.08.09 06:07:40.340,13.32369,13.32661,0.00,0.00
2016.08.09 06:07:40.776,13.32318,13.3261,0.00,0.00
2016.08.09 06:07:40.840,13.32309,13.3261,0.00,0.00
2016.08.09 06:07:41.070,13.32318,13.3261,0.00,0.00
2016.08.09 06:07:41.241,13.32308,13.32611,0.00,0.00
2016.08.09 06:07:41.441,13.32299,13.32601,0.00,0.00
2016.08.09 06:07:41.701,13.32299,13.3256,0.00,0.00
2016.08.09 06:07:41.927,13.32258,13.32561,0.00,0.00
2016.08.09 06:07:42.143,13.32249,13.32552,0.00,0.00
2016.08.09 06:07:42.347,13.32269,13.3256,0.00,0.00
2016.08.09 06:07:42.448,13.32298,13.3256,0.00,0.00
2016.08.09 06:07:42.499,13.3231,13.32602,0.00,0.00
2016.08.09 06:07:42.549,13.32338,13.3261,0.00,0.00
2016.08.09 06:07:42.744,13.32318,13.3261,0.00,0.00
2016.08.09 06:07:43.518,13.32318,13.32611,0.00,0.00
2016.08.09 06:07:43.746,13.32309,13.32611,0.00,0.00
2016.08.09 06:07:43.796,13.32309,13.3261,0.00,0.00
2016.08.09 06:07:45.060,13.32324,13.3261,0.00,0.00
2016.08.09 06:07:45.229,13.32324,13.3261,0.00,0.00
2016.08.09 06:07:45.280,13.32319,13.3261,0.00,0.00
2016.08.09 06:07:45.330,13.32319,13.32611,0.00,0.00
2016.08.09 06:07:45.381,13.32299,13.32601,0.00,0.00
2016.08.09 06:07:46.351,13.32313,13.3261,0.00,0.00
2016.08.09 06:07:47.996,13.32298,13.32602,0.00,0.00
2016.08.09 06:07:48.054,13.32304,13.3261,0.00,0.00
2016.08.09 06:07:48.155,13.32298,13.32602,0.00,0.00
2016.08.09 06:07:48.355,13.32303,13.32611,0.00,0.00
2016.08.09 06:07:48.658,13.32278,13.32582,0.00,0.00
2016.08.09 06:07:48.759,13.3225,13.3251,0.00,0.00
2016.08.09 06:07:48.833,13.32249,13.32551,0.00,0.00
2016.08.09 06:07:48.883,13.32228,13.32532,0.00,0.00
2016.08.09 06:07:48.934,13.32244,13.32532,0.00,0.00
2016.08.09 06:07:48.985,13.32253,13.32561,0.00,0.00
2016.08.09 06:07:49.035,13.32258,13.32561,0.00,0.00
2016.08.09 06:07:49.157,13.32249,13.32552,0.00,0.00
2016.08.09 06:07:50.158,13.32253,13.32561,0.00,0.00
2016.08.09 06:07:50.961,13.32249,13.32511,0.00,0.00
2016.08.09 06:07:51.442,13.32239,13.32511,0.00,0.00
2016.08.09 06:07:51.862,13.32243,13.32511,0.00,0.00
2016.08.09 06:07:52.163,13.32239,13.32511,0.00,0.00
2016.08.09 06:07:52.664,13.32228,13.32511,0.00,0.00
2016.08.09 06:07:53.104,13.32233,13.32511,0.00,0.00
2016.08.09 06:07:54.102,13.32238,13.32511,0.00,0.00
2016.08.09 06:07:54.266,13.32219,13.32511,0.00,0.00
2016.08.09 06:07:54.667,13.32238,13.32511,0.00,0.00
2016.08.09 06:07:54.768,13.32228,13.3251,0.00,0.00
2016.08.09 06:07:56.507,13.32228,13.32511,0.00,0.00
2016.08.09 06:07:57.005,13.32239,13.32511,0.00,0.00
2016.08.09 06:07:57.873,13.32228,13.32511,0.00,0.00
2016.08.09 06:07:57.993,13.32238,13.32511,0.00,0.00
2016.08.09 06:07:58.653,13.32238,13.3251,0.00,0.00
2016.08.09 06:07:58.704,13.32209,13.3251,0.00,0.00
2016.08.09 06:07:58.755,13.32209,13.32511,0.00,0.00
2016.08.09 06:07:59.132,13.32239,13.32511,0.00,0.00
2016.08.09 06:07:59.638,13.32319,13.32541,0.00,0.00
2016.08.09 06:07:59.689,13.32319,13.32521,0.00,0.00
2016.08.09 06:07:59.790,13.32348,13.32611,0.00,0.00
2016.08.09 06:08:00.203,13.32309,13.32611,0.00,0.00
2016.08.09 06:08:00.405,13.32298,13.32602,0.00,0.00
2016.08.09 06:08:00.579,13.32319,13.32611,0.00,0.00
2016.08.09 06:08:00.680,13.32299,13.32601,0.00,0.00
2016.08.09 06:08:01.191,13.32298,13.32602,0.00,0.00
2016.08.09 06:08:01.503,13.32318,13.32611,0.00,0.00
2016.08.09 06:08:02.457,13.32299,13.32601,0.00,0.00
2016.08.09 06:08:02.825,13.32318,13.32611,0.00,0.00
2016.08.09 06:08:03.827,13.32318,13.3261,0.00,0.00
2016.08.09 06:08:04.107,13.32299,13.32601,0.00,0.00
2016.08.09 06:08:04.708,13.32338,13.32611,0.00,0.00
2016.08.09 06:08:04.860,13.32359,13.32661,0.00,0.00
2016.08.09 06:08:05.011,13.32378,13.32661,0.00,0.00
2016.08.09 06:08:05.196,13.32369,13.32661,0.00,0.00
2016.08.09 06:08:05.507,13.32359,13.3266,0.00,0.00
2016.08.09 06:08:05.621,13.32368,13.3266,0.00,0.00
2016.08.09 06:08:05.997,13.32358,13.3266,0.00,0.00
2016.08.09 06:08:06.210,13.3235,13.32622,0.00,0.00
2016.08.09 06:08:06.261,13.32318,13.32611,0.00,0.00
2016.08.09 06:08:06.362,13.32308,13.32611,0.00,0.00
2016.08.09 06:08:06.610,13.32328,13.32611,0.00,0.00
2016.08.09 06:08:06.711,13.32309,13.32611,0.00,0.00
2016.08.09 06:08:07.011,13.32318,13.32611,0.00,0.00
2016.08.09 06:08:07.353,13.32328,13.32611,0.00,0.00
2016.08.09 06:08:07.505,13.32318,13.32611,0.00,0.00
2016.08.09 06:08:07.604,13.32308,13.32611,0.00,0.00
2016.08.09 06:08:08.063,13.32308,13.3261,0.00,0.00
2016.08.09 06:08:08.164,13.32308,13.32611,0.00,0.00
2016.08.09 06:08:08.214,13.32289,13.32591,0.00,0.00
2016.08.09 06:08:08.419,13.32299,13.32601,0.00,0.00
2016.08.09 06:08:08.881,13.32308,13.32611,0.00,0.00
2016.08.09 06:08:09.207,13.32299,13.32601,0.00,0.00
2016.08.09 06:08:11.611,13.32318,13.3261,0.00,0.00
2016.08.09 06:08:11.811,13.32308,13.32611,0.00,0.00
2016.08.09 06:08:12.710,13.32308,13.3261,0.00,0.00
2016.08.09 06:08:12.760,13.32318,13.3261,0.00,0.00
2016.08.09 06:08:13.816,13.32308,13.3261,0.00,0.00
2016.08.09 06:08:14.222,13.32319,13.32611,0.00,0.00
2016.08.09 06:08:14.729,13.32329,13.32611,0.00,0.00
2016.08.09 06:08:15.770,13.32329,13.3261,0.00,0.00
2016.08.09 06:08:16.222,13.32299,13.32601,0.00,0.00
2016.08.09 06:08:17.725,13.32329,13.32611,0.00,0.00
2016.08.09 06:08:18.325,13.32318,13.3261,0.00,0.00
2016.08.09 06:08:18.426,13.32328,13.32611,0.00,0.00
2016.08.09 06:08:19.274,13.32328,13.32591,0.00,0.00
2016.08.09 06:08:19.324,13.32339,13.32591,0.00,0.00
2016.08.09 06:08:19.375,13.32339,13.32612,0.00,0.00
2016.08.09 06:08:19.476,13.32359,13.32661,0.00,0.00
2016.08.09 06:08:19.527,13.32359,13.3266,0.00,0.00
2016.08.09 06:08:19.578,13.32328,13.32632,0.00,0.00
2016.08.09 06:08:19.629,13.32318,13.3261,0.00,0.00
2016.08.09 06:08:19.731,13.32338,13.32611,0.00,0.00
2016.08.09 06:08:19.930,13.32329,13.32611,0.00,0.00
2016.08.09 06:08:20.231,13.32308,13.32611,0.00,0.00
2016.08.09 06:08:20.834,13.32308,13.3261,0.00,0.00
2016.08.09 06:08:21.178,13.32318,13.3261,0.00,0.00
2016.08.09 06:08:21.233,13.32308,13.3261,0.00,0.00
2016.08.09 06:08:21.825,13.32308,13.32611,0.00,0.00
2016.08.09 06:08:22.034,13.32368,13.32611,0.00,0.00
2016.08.09 06:08:22.135,13.32409,13.32691,0.00,0.00
2016.08.09 06:08:22.683,13.32389,13.3269,0.00,0.00
2016.08.09 06:08:22.734,13.32389,13.32691,0.00,0.00
2016.08.09 06:08:22.784,13.32419,13.3271,0.00,0.00
2016.08.09 06:08:23.334,13.32419,13.32711,0.00,0.00
2016.08.09 06:08:23.435,13.32449,13.32712,0.00,0.00
2016.08.09 06:08:23.536,13.32449,13.32732,0.00,0.00
2016.08.09 06:08:23.587,13.32508,13.32791,0.00,0.00
2016.08.09 06:08:23.686,13.32478,13.32761,0.00,0.00
2016.08.09 06:08:23.755,13.32449,13.32742,0.00,0.00
2016.08.09 06:08:24.034,13.3245,13.32752,0.00,0.00
2016.08.09 06:08:24.085,13.32459,13.32761,0.00,0.00
2016.08.09 06:08:24.136,13.32459,13.32761,0.00,0.00
2016.08.09 06:08:24.186,13.32479,13.32761,0.00,0.00
2016.08.09 06:08:24.340,13.32459,13.32761,0.00,0.00
2016.08.09 06:08:24.438,13.32449,13.32751,0.00,0.00
2016.08.09 06:08:24.539,13.32449,13.32741,0.00,0.00
2016.08.09 06:08:24.939,13.3245,13.32752,0.00,0.00
2016.08.09 06:08:25.040,13.3245,13.3276,0.00,0.00
2016.08.09 06:08:25.141,13.32428,13.32711,0.00,0.00
2016.08.09 06:08:25.242,13.32408,13.3271,0.00,0.00
2016.08.09 06:08:25.960,13.32408,13.32711,0.00,0.00
2016.08.09 06:08:26.042,13.32409,13.32711,0.00,0.00
2016.08.09 06:08:26.242,13.32419,13.32711,0.00,0.00
2016.08.09 06:08:27.000,13.32419,13.3271,0.00,0.00
2016.08.09 06:08:28.493,13.32408,13.3271,0.00,0.00
2016.08.09 06:08:28.922,13.32419,13.3271,0.00,0.00
2016.08.09 06:08:29.745,13.32419,13.32711,0.00,0.00
2016.08.09 06:08:29.795,13.32408,13.32711,0.00,0.00
2016.08.09 06:08:29.897,13.32398,13.32702,0.00,0.00
2016.08.09 06:08:30.296,13.32408,13.3271,0.00,0.00
2016.08.09 06:08:30.348,13.32418,13.3271,0.00,0.00
2016.08.09 06:08:30.800,13.32408,13.3271,0.00,0.00
2016.08.09 06:08:31.292,13.32418,13.3271,0.00,0.00
2016.08.09 06:08:31.750,13.32408,13.3271,0.00,0.00
2016.08.09 06:08:31.961,13.32399,13.32701,0.00,0.00
2016.08.09 06:08:32.011,13.32399,13.3266,0.00,0.00
2016.08.09 06:08:32.231,13.32359,13.32661,0.00,0.00
2016.08.09 06:08:32.282,13.32349,13.32652,0.00,0.00
2016.08.09 06:08:32.351,13.32369,13.32661,0.00,0.00
2016.08.09 06:08:32.752,13.32359,13.32661,0.00,0.00
2016.08.09 06:08:33.309,13.32359,13.3266,0.00,0.00
2016.08.09 06:08:33.360,13.3235,13.32642,0.00,0.00
2016.08.09 06:08:33.932,13.32349,13.32642,0.00,0.00
2016.08.09 06:08:34.964,13.32358,13.32661,0.00,0.00
2016.08.09 06:08:35.116,13.32358,13.32662,0.00,0.00
2016.08.09 06:08:35.167,13.32379,13.32681,0.00,0.00
2016.08.09 06:08:35.268,13.32419,13.3271,0.00,0.00
2016.08.09 06:08:35.606,13.32409,13.3271,0.00,0.00
2016.08.09 06:08:35.657,13.32398,13.32702,0.00,0.00
2016.08.09 06:08:36.057,13.32408,13.3271,0.00,0.00
2016.08.09 06:08:36.266,13.32388,13.32692,0.00,0.00
2016.08.09 06:08:37.359,13.32398,13.32702,0.00,0.00
2016.08.09 06:08:37.960,13.32418,13.3271,0.00,0.00
2016.08.09 06:08:38.148,13.32418,13.32722,0.00,0.00
2016.08.09 06:08:38.589,13.32429,13.32731,0.00,0.00
2016.08.09 06:08:38.793,13.32408,13.32712,0.00,0.00
2016.08.09 06:08:38.861,13.32429,13.32731,0.00,0.00
2016.08.09 06:08:39.180,13.32419,13.32721,0.00,0.00
2016.08.09 06:08:39.282,13.32398,13.32702,0.00,0.00
2016.08.09 06:08:39.461,13.32408,13.32712,0.00,0.00
2016.08.09 06:08:39.910,13.32398,13.32702,0.00,0.00
2016.08.09 06:08:40.276,13.32408,13.32712,0.00,0.00
2016.08.09 06:08:40.511,13.32428,13.3272,0.00,0.00
2016.08.09 06:08:40.613,13.32389,13.32691,0.00,0.00
2016.08.09 06:08:40.962,13.32409,13.32711,0.00,0.00
2016.08.09 06:08:41.075,13.32418,13.32722,0.00,0.00
2016.08.09 06:08:41.326,13.32369,13.32671,0.00,0.00
2016.08.09 06:08:41.377,13.32408,13.32712,0.00,0.00
2016.08.09 06:08:41.776,13.32379,13.32681,0.00,0.00
2016.08.09 06:08:42.653,13.32398,13.32702,0.00,0.00
2016.08.09 06:08:42.866,13.32409,13.32711,0.00,0.00
2016.08.09 06:08:43.973,13.32398,13.32702,0.00,0.00
2016.08.09 06:08:44.369,13.32418,13.32722,0.00,0.00
2016.08.09 06:08:44.733,13.32398,13.32702,0.00,0.00
2016.08.09 06:08:45.312,13.32409,13.32711,0.00,0.00
2016.08.09 06:08:45.970,13.32419,13.32721,0.00,0.00
2016.08.09 06:08:47.172,13.32409,13.32711,0.00,0.00
2016.08.09 06:08:47.287,13.32418,13.32722,0.00,0.00
2016.08.09 06:08:48.274,13.32409,13.32711,0.00,0.00
2016.08.09 06:08:48.804,13.32428,13.32732,0.00,0.00
2016.08.09 06:08:50.867,13.32418,13.32722,0.00,0.00
2016.08.09 06:08:52.079,13.32398,13.32702,0.00,0.00
2016.08.09 06:08:52.444,13.32429,13.32731,0.00,0.00
2016.08.09 06:08:52.494,13.32418,13.32722,0.00,0.00
2016.08.09 06:08:54.301,13.32428,13.32732,0.00,0.00
2016.08.09 06:08:55.083,13.32419,13.32721,0.00,0.00
2016.08.09 06:08:58.710,13.32428,13.32732,0.00,0.00
2016.08.09 06:08:58.791,13.32398,13.32702,0.00,0.00
2016.08.09 06:09:01.115,13.32428,13.32732,0.00,0.00
2016.08.09 06:09:01.642,13.32398,13.32702,0.00,0.00
2016.08.09 06:09:01.968,13.32408,13.32712,0.00,0.00
2016.08.09 06:09:02.318,13.32398,13.32702,0.00,0.00
2016.08.09 06:09:02.699,13.32419,13.32721,0.00,0.00
2016.08.09 06:09:03.370,13.32419,13.3272,0.00,0.00
2016.08.09 06:09:03.421,13.32398,13.32702,0.00,0.00
2016.08.09 06:09:03.956,13.32408,13.32712,0.00,0.00
2016.08.09 06:09:04.297,13.32379,13.32681,0.00,0.00
2016.08.09 06:09:04.401,13.32409,13.32691,0.00,0.00
2016.08.09 06:09:04.522,13.32388,13.3269,0.00,0.00
2016.08.09 06:09:04.623,13.32408,13.32691,0.00,0.00
2016.08.09 06:09:04.825,13.32388,13.32681,0.00,0.00
2016.08.09 06:09:04.926,13.32319,13.32621,0.00,0.00
2016.08.09 06:09:06.831,13.32338,13.32642,0.00,0.00
2016.08.09 06:09:07.045,13.32308,13.32612,0.00,0.00
2016.08.09 06:09:09.416,13.32298,13.3259,0.00,0.00
2016.08.09 06:09:09.517,13.32298,13.32602,0.00,0.00
2016.08.09 06:09:09.917,13.32289,13.32591,0.00,0.00
2016.08.09 06:09:10.211,13.32309,13.32621,0.00,0.00
2016.08.09 06:09:10.450,13.32298,13.32612,0.00,0.00
2016.08.09 06:09:10.612,13.32298,13.32621,0.00,0.00
2016.08.09 06:09:11.113,13.32299,13.32611,0.00,0.00
2016.08.09 06:09:11.425,13.32319,13.32621,0.00,0.00
2016.08.09 06:09:11.545,13.32338,13.32652,0.00,0.00
2016.08.09 06:09:11.614,13.32348,13.32662,0.00,0.00
2016.08.09 06:09:11.920,13.32339,13.32641,0.00,0.00
2016.08.09 06:09:12.533,13.32338,13.32642,0.00,0.00
2016.08.09 06:09:12.822,13.32389,13.32691,0.00,0.00
2016.08.09 06:09:12.923,13.32389,13.3269,0.00,0.00
2016.08.09 06:09:12.997,13.32389,13.3269,0.00,0.00
2016.08.09 06:09:13.227,13.32379,13.32681,0.00,0.00
2016.08.09 06:09:13.298,13.32379,13.32681,0.00,0.00
2016.08.09 06:09:13.348,13.32418,13.32691,0.00,0.00
2016.08.09 06:09:13.449,13.32389,13.3269,0.00,0.00
2016.08.09 06:09:13.517,13.32379,13.32681,0.00,0.00
2016.08.09 06:09:13.749,13.32388,13.3269,0.00,0.00
2016.08.09 06:09:13.848,13.32378,13.32682,0.00,0.00
2016.08.09 06:09:13.949,13.32408,13.3269,0.00,0.00
2016.08.09 06:09:14.018,13.32388,13.3269,0.00,0.00
2016.08.09 06:09:14.318,13.32408,13.3269,0.00,0.00
2016.08.09 06:09:14.525,13.32389,13.32691,0.00,0.00
2016.08.09 06:09:14.802,13.32419,13.3269,0.00,0.00
2016.08.09 06:09:14.852,13.32398,13.3269,0.00,0.00
2016.08.09 06:09:14.903,13.32398,13.32681,0.00,0.00
2016.08.09 06:09:14.954,13.32368,13.32672,0.00,0.00
2016.08.09 06:09:15.055,13.32339,13.32641,0.00,0.00
2016.08.09 06:09:15.521,13.32358,13.32662,0.00,0.00
2016.08.09 06:09:15.721,13.32348,13.32652,0.00,0.00
2016.08.09 06:09:16.928,13.32399,13.3269,0.00,0.00
2016.08.09 06:09:17.631,13.32368,13.32672,0.00,0.00
2016.08.09 06:09:17.960,13.32339,13.32641,0.00,0.00
2016.08.09 06:09:18.139,13.32358,13.32662,0.00,0.00
2016.08.09 06:09:18.240,13.32328,13.32611,0.00,0.00
2016.08.09 06:09:18.341,13.32309,13.32611,0.00,0.00
2016.08.09 06:09:18.638,13.32329,13.32631,0.00,0.00
2016.08.09 06:09:20.933,13.32338,13.32642,0.00,0.00
2016.08.09 06:09:21.133,13.32329,13.32631,0.00,0.00
2016.08.09 06:09:21.272,13.32338,13.32642,0.00,0.00
2016.08.09 06:09:21.373,13.32358,13.32662,0.00,0.00
2016.08.09 06:09:22.435,13.32349,13.32651,0.00,0.00
2016.08.09 06:09:23.879,13.32369,13.32671,0.00,0.00
2016.08.09 06:09:24.294,13.32359,13.32661,0.00,0.00
2016.08.09 06:09:25.636,13.32379,13.32661,0.00,0.00
2016.08.09 06:09:25.687,13.32388,13.32692,0.00,0.00
2016.08.09 06:09:25.788,13.32429,13.32731,0.00,0.00
2016.08.09 06:09:26.182,13.32409,13.32711,0.00,0.00
2016.08.09 06:09:27.789,13.32398,13.32702,0.00,0.00
2016.08.09 06:09:27.890,13.32388,13.32692,0.00,0.00
2016.08.09 06:09:28.287,13.32409,13.32711,0.00,0.00
2016.08.09 06:09:29.891,13.32388,13.32692,0.00,0.00
2016.08.09 06:09:30.357,13.32409,13.32711,0.00,0.00
2016.08.09 06:09:30.458,13.32388,13.32692,0.00,0.00
2016.08.09 06:09:31.352,13.32419,13.32721,0.00,0.00
2016.08.09 06:09:31.770,13.32398,13.32702,0.00,0.00
2016.08.09 06:09:31.872,13.32379,13.32681,0.00,0.00
2016.08.09 06:09:32.295,13.32389,13.32691,0.00,0.00
2016.08.09 06:09:32.913,13.32388,13.32692,0.00,0.00
2016.08.09 06:09:33.256,13.32408,13.32712,0.00,0.00
2016.08.09 06:09:33.573,13.32399,13.32701,0.00,0.00
2016.08.09 06:09:35.798,13.32409,13.32711,0.00,0.00
2016.08.09 06:09:36.232,13.32389,13.32691,0.00,0.00
2016.08.09 06:09:36.460,13.32378,13.32682,0.00,0.00
2016.08.09 06:09:36.562,13.32419,13.32721,0.00,0.00
2016.08.09 06:09:36.663,13.32408,13.32712,0.00,0.00
2016.08.09 06:09:36.758,13.32379,13.32681,0.00,0.00
2016.08.09 06:09:37.359,13.32358,13.32662,0.00,0.00
2016.08.09 06:09:37.460,13.32319,13.32621,0.00,0.00
2016.08.09 06:09:37.759,13.32328,13.32632,0.00,0.00
2016.08.09 06:09:37.860,13.32308,13.32612,0.00,0.00
2016.08.09 06:09:39.264,13.32338,13.32642,0.00,0.00
2016.08.09 06:09:39.724,13.32318,13.32622,0.00,0.00
2016.08.09 06:09:39.862,13.32328,13.32631,0.00,0.00
2016.08.09 06:09:39.965,13.32328,13.32632,0.00,0.00
2016.08.09 06:09:40.316,13.32358,13.32662,0.00,0.00
2016.08.09 06:09:40.864,13.32368,13.32672,0.00,0.00
2016.08.09 06:09:41.345,13.32358,13.32662,0.00,0.00
2016.08.09 06:09:41.905,13.32369,13.32671,0.00,0.00
2016.08.09 06:09:42.006,13.32408,13.32691,0.00,0.00
2016.08.09 06:09:42.369,13.32399,13.32691,0.00,0.00
2016.08.09 06:09:42.470,13.32379,13.32681,0.00,0.00
2016.08.09 06:09:42.571,13.32429,13.32681,0.00,0.00
2016.08.09 06:09:42.672,13.32388,13.3269,0.00,0.00
2016.08.09 06:09:42.991,13.32338,13.32642,0.00,0.00
2016.08.09 06:09:43.411,13.32349,13.32651,0.00,0.00
2016.08.09 06:09:43.720,13.32359,13.32661,0.00,0.00
2016.08.09 06:09:43.771,13.32338,13.32642,0.00,0.00
2016.08.09 06:09:44.092,13.32348,13.32652,0.00,0.00
2016.08.09 06:09:44.682,13.32339,13.32641,0.00,0.00
2016.08.09 06:09:45.012,13.32349,13.32651,0.00,0.00
2016.08.09 06:09:45.393,13.32338,13.32642,0.00,0.00
2016.08.09 06:09:47.174,13.32358,13.32662,0.00,0.00
2016.08.09 06:09:48.176,13.32338,13.32642,0.00,0.00
2016.08.09 06:09:48.626,13.32329,13.32631,0.00,0.00
2016.08.09 06:09:48.706,13.32308,13.32612,0.00,0.00
2016.08.09 06:09:49.023,13.32319,13.32621,0.00,0.00
2016.08.09 06:09:49.478,13.32328,13.32632,0.00,0.00
2016.08.09 06:09:50.178,13.32318,13.32622,0.00,0.00
2016.08.09 06:09:50.702,13.32298,13.32602,0.00,0.00
2016.08.09 06:09:51.780,13.32309,13.32611,0.00,0.00
2016.08.09 06:09:52.783,13.32319,13.32621,0.00,0.00
2016.08.09 06:09:52.884,13.32298,13.32602,0.00,0.00
2016.08.09 06:09:53.086,13.32288,13.32592,0.00,0.00
2016.08.09 06:09:53.510,13.32299,13.32601,0.00,0.00
2016.08.09 06:09:53.883,13.32308,13.32612,0.00,0.00
2016.08.09 06:09:54.575,13.32288,13.32592,0.00,0.00
2016.08.09 06:09:54.896,13.32299,13.32601,0.00,0.00
2016.08.09 06:09:55.792,13.3228,13.32582,0.00,0.00
2016.08.09 06:09:56.743,13.32279,13.32582,0.00,0.00
2016.08.09 06:09:57.290,13.32308,13.32612,0.00,0.00
2016.08.09 06:09:58.117,13.3228,13.32582,0.00,0.00
2016.08.09 06:09:58.192,13.32288,13.32592,0.00,0.00
2016.08.09 06:09:58.396,13.3228,13.32582,0.00,0.00
2016.08.09 06:09:58.696,13.32288,13.32592,0.00,0.00
2016.08.09 06:09:59.297,13.32309,13.32611,0.00,0.00
2016.08.09 06:09:59.697,13.32298,13.32602,0.00,0.00
2016.08.09 06:09:59.939,13.32279,13.32582,0.00,0.00
2016.08.09 06:10:00.295,13.32279,13.32572,0.00,0.00
2016.08.09 06:10:00.706,13.32268,13.32572,0.00,0.00
2016.08.09 06:10:00.808,13.32279,13.32562,0.00,0.00
2016.08.09 06:10:01.130,13.32279,13.32582,0.00,0.00
2016.08.09 06:10:01.297,13.32279,13.32561,0.00,0.00
2016.08.09 06:10:01.586,13.32288,13.32592,0.00,0.00
2016.08.09 06:10:02.012,13.32298,13.32602,0.00,0.00
2016.08.09 06:10:02.125,13.32349,13.32602,0.00,0.00
2016.08.09 06:10:02.277,13.32298,13.32602,0.00,0.00
2016.08.09 06:10:02.429,13.32279,13.32582,0.00,0.00
2016.08.09 06:10:02.640,13.3228,13.32582,0.00,0.00
2016.08.09 06:10:03.062,13.3228,13.32571,0.00,0.00
2016.08.09 06:10:03.668,13.32279,13.32571,0.00,0.00
2016.08.09 06:10:03.903,13.3228,13.32581,0.00,0.00
2016.08.09 06:10:04.143,13.32279,13.32581,0.00,0.00
2016.08.09 06:10:04.344,13.3228,13.32581,0.00,0.00
2016.08.09 06:10:04.445,13.32279,13.32581,0.00,0.00
2016.08.09 06:10:07.474,13.32279,13.32581,0.00,0.00
2016.08.09 06:10:07.654,13.3228,13.32581,0.00,0.00
2016.08.09 06:10:07.704,13.32309,13.32611,0.00,0.00
2016.08.09 06:10:07.810,13.32299,13.32601,0.00,0.00
2016.08.09 06:10:11.216,13.3228,13.32572,0.00,0.00
2016.08.09 06:10:11.536,13.32279,13.32562,0.00,0.00
2016.08.09 06:10:11.586,13.32279,13.32572,0.00,0.00
2016.08.09 06:10:12.047,13.3228,13.32561,0.00,0.00
2016.08.09 06:10:12.235,13.32289,13.32591,0.00,0.00
2016.08.09 06:10:12.286,13.3234,13.32591,0.00,0.00
2016.08.09 06:10:12.387,13.32319,13.32622,0.00,0.00
2016.08.09 06:10:12.437,13.32319,13.32611,0.00,0.00
2016.08.09 06:10:12.488,13.32309,13.32611,0.00,0.00
2016.08.09 06:10:13.535,13.32289,13.32591,0.00,0.00
2016.08.09 06:10:13.811,13.32299,13.32601,0.00,0.00
2016.08.09 06:10:14.422,13.3228,13.32582,0.00,0.00
2016.08.09 06:10:16.041,13.32289,13.32591,0.00,0.00
2016.08.09 06:10:18.528,13.32339,13.32641,0.00,0.00
2016.08.09 06:10:18.579,13.3234,13.32641,0.00,0.00
2016.08.09 06:10:18.680,13.32339,13.32641,0.00,0.00
2016.08.09 06:10:18.731,13.32339,13.32621,0.00,0.00
2016.08.09 06:10:18.781,13.32319,13.32621,0.00,0.00
2016.08.09 06:10:18.832,13.32319,13.32602,0.00,0.00
2016.08.09 06:10:18.883,13.32298,13.32602,0.00,0.00
2016.08.09 06:10:18.933,13.3229,13.32592,0.00,0.00
2016.08.09 06:10:19.061,13.32288,13.32592,0.00,0.00
2016.08.09 06:10:19.864,13.32279,13.32562,0.00,0.00
2016.08.09 06:10:20.564,13.3228,13.32562,0.00,0.00
2016.08.09 06:10:20.631,13.32289,13.32591,0.00,0.00
2016.08.09 06:10:20.732,13.32298,13.32602,0.00,0.00
2016.08.09 06:10:20.969,13.32309,13.32611,0.00,0.00
2016.08.09 06:10:24.236,13.32314,13.32621,0.00,0.00
2016.08.09 06:10:24.287,13.32344,13.32621,0.00,0.00
2016.08.09 06:10:24.388,13.32344,13.32631,0.00,0.00
2016.08.09 06:10:24.438,13.32353,13.32662,0.00,0.00
2016.08.09 06:10:24.636,13.32363,13.32672,0.00,0.00
2016.08.09 06:10:25.136,13.32349,13.32652,0.00,0.00
2016.08.09 06:10:25.939,13.32379,13.32681,0.00,0.00
2016.08.09 06:10:26.100,13.32379,13.32681,0.00,0.00
2016.08.09 06:10:26.439,13.32379,13.32662,0.00,0.00
2016.08.09 06:10:26.942,13.32379,13.32671,0.00,0.00
2016.08.09 06:10:27.978,13.32379,13.32651,0.00,0.00
2016.08.09 06:10:28.029,13.3235,13.32651,0.00,0.00
2016.08.09 06:10:28.423,13.32368,13.32672,0.00,0.00
2016.08.09 06:10:28.846,13.32358,13.32662,0.00,0.00
2016.08.09 06:10:29.647,13.32368,13.32672,0.00,0.00
2016.08.09 06:10:30.253,13.32379,13.32681,0.00,0.00
2016.08.09 06:10:30.354,13.32398,13.32702,0.00,0.00
2016.08.09 06:10:30.582,13.3238,13.32682,0.00,0.00
2016.08.09 06:10:30.990,13.32379,13.32671,0.00,0.00
2016.08.09 06:10:31.567,13.3238,13.32671,0.00,0.00
2016.08.09 06:10:31.950,13.32389,13.32691,0.00,0.00
2016.08.09 06:10:32.376,13.3238,13.32681,0.00,0.00
2016.08.09 06:10:32.451,13.3238,13.32672,0.00,0.00
2016.08.09 06:10:32.719,13.3238,13.32672,0.00,0.00
2016.08.09 06:10:32.932,13.32349,13.32651,0.00,0.00
2016.08.09 06:10:33.034,13.32349,13.32651,0.00,0.00
2016.08.09 06:10:33.152,13.32368,13.32672,0.00,0.00
2016.08.09 06:10:33.653,13.32349,13.32641,0.00,0.00
2016.08.09 06:10:34.855,13.32358,13.32662,0.00,0.00
2016.08.09 06:10:35.255,13.32349,13.32652,0.00,0.00
2016.08.09 06:10:35.357,13.32359,13.32661,0.00,0.00
2016.08.09 06:10:36.818,13.32368,13.32672,0.00,0.00
2016.08.09 06:10:37.459,13.32358,13.32662,0.00,0.00
2016.08.09 06:10:37.970,13.32379,13.32681,0.00,0.00
2016.08.09 06:10:38.021,13.32379,13.32681,0.00,0.00
2016.08.09 06:10:38.071,13.32388,13.32692,0.00,0.00
2016.08.09 06:10:38.411,13.3238,13.32672,0.00,0.00
2016.08.09 06:10:39.191,13.3238,13.32681,0.00,0.00
2016.08.09 06:10:40.990,13.32388,13.32692,0.00,0.00
2016.08.09 06:10:41.091,13.3238,13.32671,0.00,0.00
2016.08.09 06:10:41.368,13.3238,13.32681,0.00,0.00
2016.08.09 06:10:42.043,13.32379,13.3268,0.00,0.00
2016.08.09 06:10:42.097,13.32368,13.32672,0.00,0.00
2016.08.09 06:10:42.198,13.32299,13.32601,0.00,0.00
2016.08.09 06:10:42.299,13.32279,13.32582,0.00,0.00
2016.08.09 06:10:42.371,13.32298,13.32602,0.00,0.00
2016.08.09 06:10:42.573,13.32279,13.32582,0.00,0.00
2016.08.09 06:10:42.871,13.32288,13.32592,0.00,0.00
2016.08.09 06:10:44.347,13.3232,13.32592,0.00,0.00
2016.08.09 06:10:44.448,13.3233,13.32582,0.00,0.00
2016.08.09 06:10:44.498,13.32369,13.32671,0.00,0.00
2016.08.09 06:10:45.378,13.32348,13.32652,0.00,0.00
2016.08.09 06:10:45.429,13.32379,13.32652,0.00,0.00
2016.08.09 06:10:45.480,13.32388,13.32692,0.00,0.00
2016.08.09 06:10:45.799,13.32379,13.32671,0.00,0.00
2016.08.09 06:10:45.850,13.32379,13.32671,0.00,0.00
2016.08.09 06:10:46.828,13.3238,13.32671,0.00,0.00
2016.08.09 06:10:47.561,13.32389,13.32691,0.00,0.00
2016.08.09 06:10:48.309,13.3238,13.32681,0.00,0.00
2016.08.09 06:10:49.185,13.32388,13.32692,0.00,0.00
2016.08.09 06:10:50.809,13.32379,13.32672,0.00,0.00
2016.08.09 06:10:50.939,13.32379,13.32672,0.00,0.00
2016.08.09 06:10:51.041,13.32379,13.32682,0.00,0.00
2016.08.09 06:10:51.863,13.3238,13.32682,0.00,0.00
2016.08.09 06:10:51.913,13.3238,13.32672,0.00,0.00
2016.08.09 06:10:52.614,13.32389,13.32691,0.00,0.00
2016.08.09 06:10:53.491,13.32379,13.32682,0.00,0.00
2016.08.09 06:10:55.218,13.32379,13.32671,0.00,0.00
2016.08.09 06:10:56.029,13.32388,13.32692,0.00,0.00
2016.08.09 06:10:58.745,13.3238,13.32672,0.00,0.00
2016.08.09 06:10:59.392,13.32393,13.32702,0.00,0.00
2016.08.09 06:11:00.102,13.3238,13.32671,0.00,0.00
2016.08.09 06:11:00.642,13.32379,13.32671,0.00,0.00
2016.08.09 06:11:01.126,13.32379,13.32681,0.00,0.00
2016.08.09 06:11:05.716,13.32398,13.32702,0.00,0.00
2016.08.09 06:11:07.279,13.32379,13.32682,0.00,0.00
2016.08.09 06:11:08.186,13.3238,13.32682,0.00,0.00
2016.08.09 06:11:10.091,13.32379,13.32682,0.00,0.00
2016.08.09 06:11:10.777,13.32379,13.32671,0.00,0.00
2016.08.09 06:11:10.918,13.32379,13.32681,0.00,0.00
2016.08.09 06:11:12.222,13.32379,13.32672,0.00,0.00
2016.08.09 06:11:13.247,13.32379,13.32682,0.00,0.00
2016.08.09 06:11:13.349,13.32379,13.32672,0.00,0.00
2016.08.09 06:11:14.729,13.32398,13.32702,0.00,0.00
2016.08.09 06:11:18.345,13.3238,13.32682,0.00,0.00
2016.08.09 06:11:20.170,13.32398,13.32702,0.00,0.00
2016.08.09 06:11:21.255,13.32388,13.32692,0.00,0.00
2016.08.09 06:11:22.336,13.32379,13.32682,0.00,0.00
2016.08.09 06:11:22.972,13.32399,13.32701,0.00,0.00
2016.08.09 06:11:23.893,13.32388,13.32692,0.00,0.00
2016.08.09 06:11:27.678,13.32379,13.32682,0.00,0.00
2016.08.09 06:11:28.229,13.3238,13.32682,0.00,0.00
2016.08.09 06:11:30.186,13.32388,13.32692,0.00,0.00
2016.08.09 06:11:30.288,13.32379,13.32672,0.00,0.00
2016.08.09 06:11:30.958,13.3238,13.32672,0.00,0.00
2016.08.09 06:11:32.779,13.32398,13.32691,0.00,0.00
2016.08.09 06:11:32.880,13.3233,13.32622,0.00,0.00
2016.08.09 06:11:33.098,13.32359,13.32661,0.00,0.00
2016.08.09 06:11:33.287,13.3238,13.32652,0.00,0.00
2016.08.09 06:11:33.388,13.32389,13.32691,0.00,0.00
2016.08.09 06:11:33.489,13.32358,13.32662,0.00,0.00
2016.08.09 06:11:33.590,13.3235,13.32641,0.00,0.00
2016.08.09 06:11:34.653,13.32358,13.32662,0.00,0.00
2016.08.09 06:11:34.754,13.3235,13.32642,0.00,0.00
2016.08.09 06:11:35.180,13.3235,13.32652,0.00,0.00
2016.08.09 06:11:35.298,13.32319,13.32622,0.00,0.00
2016.08.09 06:11:35.654,13.32338,13.32642,0.00,0.00
2016.08.09 06:11:36.055,13.32329,13.32631,0.00,0.00
2016.08.09 06:11:37.556,13.32319,13.32622,0.00,0.00
2016.08.09 06:11:38.466,13.32358,13.32662,0.00,0.00
2016.08.09 06:11:38.784,13.32348,13.32652,0.00,0.00
2016.08.09 06:11:38.858,13.32289,13.32592,0.00,0.00
2016.08.09 06:11:38.980,13.32288,13.32592,0.00,0.00
2016.08.09 06:11:39.296,13.32308,13.32612,0.00,0.00
2016.08.09 06:11:40.699,13.32298,13.32602,0.00,0.00
2016.08.09 06:11:40.800,13.3228,13.32582,0.00,0.00
2016.08.09 06:11:41.052,13.3228,13.32582,0.00,0.00
2016.08.09 06:11:41.299,13.32288,13.32592,0.00,0.00
2016.08.09 06:11:41.363,13.32279,13.32582,0.00,0.00
2016.08.09 06:11:42.665,13.32309,13.32611,0.00,0.00
2016.08.09 06:11:43.904,13.32288,13.32592,0.00,0.00
2016.08.09 06:11:45.006,13.3228,13.32582,0.00,0.00
2016.08.09 06:11:46.399,13.32279,13.32582,0.00,0.00
2016.08.09 06:11:47.609,13.32288,13.32592,0.00,0.00
2016.08.09 06:11:47.965,13.32308,13.32612,0.00,0.00
2016.08.09 06:11:50.614,13.3228,13.32582,0.00,0.00
2016.08.09 06:11:52.113,13.32279,13.32582,0.00,0.00
2016.08.09 06:11:52.718,13.32308,13.32612,0.00,0.00
2016.08.09 06:11:52.783,13.32289,13.32591,0.00,0.00
2016.08.09 06:11:53.120,13.32309,13.32611,0.00,0.00
2016.08.09 06:11:53.315,13.32349,13.32611,0.00,0.00
2016.08.09 06:11:53.522,13.32379,13.32681,0.00,0.00
2016.08.09 06:11:53.698,13.32358,13.32662,0.00,0.00
2016.08.09 06:11:53.785,13.32378,13.32682,0.00,0.00
2016.08.09 06:11:53.886,13.32369,13.32672,0.00,0.00
2016.08.09 06:11:54.079,13.32389,13.32691,0.00,0.00
2016.08.09 06:11:54.317,13.32378,13.32682,0.00,0.00
2016.08.09 06:11:54.420,13.32368,13.32672,0.00,0.00
2016.08.09 06:11:54.821,13.32379,13.32681,0.00,0.00
2016.08.09 06:11:55.187,13.32368,13.32672,0.00,0.00
2016.08.09 06:11:56.527,13.32359,13.32661,0.00,0.00
2016.08.09 06:11:56.638,13.32349,13.32612,0.00,0.00
2016.08.09 06:11:56.890,13.32349,13.32622,0.00,0.00
2016.08.09 06:11:56.990,13.32349,13.32631,0.00,0.00
2016.08.09 06:11:57.390,13.32349,13.32622,0.00,0.00
2016.08.09 06:11:57.731,13.32329,13.32622,0.00,0.00
2016.08.09 06:11:57.833,13.32333,13.32642,0.00,0.00
2016.08.09 06:11:57.891,13.32318,13.32622,0.00,0.00
2016.08.09 06:11:58.283,13.32298,13.32602,0.00,0.00
2016.08.09 06:11:58.634,13.32303,13.32612,0.00,0.00
2016.08.09 06:11:58.698,13.32343,13.32652,0.00,0.00
2016.08.09 06:11:59.394,13.32328,13.32632,0.00,0.00
2016.08.09 06:11:59.556,13.32363,13.32632,0.00,0.00
2016.08.09 06:11:59.657,13.32374,13.32632,0.00,0.00
2016.08.09 06:11:59.708,13.32374,13.32662,0.00,0.00
2016.08.09 06:11:59.778,13.32358,13.32662,0.00,0.00
2016.08.09 06:11:59.997,13.32368,13.32672,0.00,0.00
2016.08.09 06:12:00.338,13.32339,13.32641,0.00,0.00
2016.08.09 06:12:00.396,13.3232,13.32621,0.00,0.00
2016.08.09 06:12:00.596,13.32323,13.32632,0.00,0.00
2016.08.09 06:12:00.697,13.32319,13.32621,0.00,0.00
2016.08.09 06:12:00.937,13.32324,13.32621,0.00,0.00
2016.08.09 06:12:01.097,13.32368,13.32672,0.00,0.00
2016.08.09 06:12:01.338,13.32379,13.32672,0.00,0.00
2016.08.09 06:12:01.549,13.32389,13.32691,0.00,0.00
2016.08.09 06:12:01.898,13.32379,13.32671,0.00,0.00
2016.08.09 06:12:02.299,13.3238,13.32681,0.00,0.00
2016.08.09 06:12:02.905,13.3238,13.32682,0.00,0.00
2016.08.09 06:12:03.300,13.32388,13.32692,0.00,0.00
2016.08.09 06:12:03.541,13.3238,13.32672,0.00,0.00
2016.08.09 06:12:04.142,13.3238,13.32682,0.00,0.00
2016.08.09 06:12:04.244,13.32359,13.32661,0.00,0.00
2016.08.09 06:12:04.602,13.32368,13.32672,0.00,0.00
2016.08.09 06:12:04.704,13.32348,13.32652,0.00,0.00
2016.08.09 06:12:05.206,13.32368,13.32672,0.00,0.00
2016.08.09 06:12:05.462,13.32368,13.32672,0.00,0.00
2016.08.09 06:12:05.512,13.32378,13.32682,0.00,0.00
2016.08.09 06:12:05.860,13.3238,13.32681,0.00,0.00
2016.08.09 06:12:05.962,13.32389,13.32691,0.00,0.00
2016.08.09 06:12:06.013,13.32379,13.32672,0.00,0.00
2016.08.09 06:12:06.114,13.32379,13.32682,0.00,0.00
2016.08.09 06:12:06.301,13.32388,13.32692,0.00,0.00
2016.08.09 06:12:07.246,13.32379,13.32672,0.00,0.00
2016.08.09 06:12:07.347,13.32379,13.32682,0.00,0.00
2016.08.09 06:12:09.287,13.32398,13.32702,0.00,0.00
2016.08.09 06:12:09.634,13.32389,13.32691,0.00,0.00
2016.08.09 06:12:09.735,13.32398,13.32702,0.00,0.00
2016.08.09 06:12:09.912,13.32379,13.32682,0.00,0.00
2016.08.09 06:12:10.112,13.32388,13.32692,0.00,0.00
2016.08.09 06:12:10.613,13.32379,13.32681,0.00,0.00
2016.08.09 06:12:10.838,13.32379,13.32682,0.00,0.00
2016.08.09 06:12:11.113,13.32389,13.32691,0.00,0.00
2016.08.09 06:12:11.915,13.32379,13.32671,0.00,0.00
2016.08.09 06:12:13.317,13.32388,13.32692,0.00,0.00
2016.08.09 06:12:13.597,13.32398,13.32702,0.00,0.00
2016.08.09 06:12:15.920,13.32379,13.32681,0.00,0.00
2016.08.09 06:12:16.729,13.32389,13.32691,0.00,0.00
2016.08.09 06:12:17.523,13.3238,13.32672,0.00,0.00
2016.08.09 06:12:18.525,13.32388,13.32692,0.00,0.00
2016.08.09 06:12:18.647,13.3238,13.32672,0.00,0.00
2016.08.09 06:12:18.825,13.32398,13.32702,0.00,0.00
2016.08.09 06:12:18.926,13.32389,13.32691,0.00,0.00
2016.08.09 06:12:19.526,13.32398,13.32702,0.00,0.00
2016.08.09 06:12:20.328,13.32379,13.32672,0.00,0.00
2016.08.09 06:12:21.157,13.32388,13.32692,0.00,0.00
2016.08.09 06:12:21.429,13.32399,13.32701,0.00,0.00
2016.08.09 06:12:21.830,13.3238,13.32672,0.00,0.00
2016.08.09 06:12:22.429,13.32379,13.32672,0.00,0.00
2016.08.09 06:12:22.731,13.32388,13.32692,0.00,0.00
2016.08.09 06:12:22.832,13.32398,13.32702,0.00,0.00
2016.08.09 06:12:23.418,13.32389,13.32691,0.00,0.00
2016.08.09 06:12:23.733,13.3238,13.32672,0.00,0.00
2016.08.09 06:12:24.505,13.32379,13.32672,0.00,0.00
2016.08.09 06:12:25.244,13.3238,13.32672,0.00,0.00
2016.08.09 06:12:25.506,13.32368,13.32672,0.00,0.00
2016.08.09 06:12:25.557,13.32378,13.32682,0.00,0.00
2016.08.09 06:12:25.800,13.32368,13.32652,0.00,0.00
2016.08.09 06:12:25.953,13.32368,13.32672,0.00,0.00
2016.08.09 06:12:26.036,13.32378,13.32682,0.00,0.00
2016.08.09 06:12:26.758,13.3235,13.32641,0.00,0.00
2016.08.09 06:12:26.809,13.32339,13.32641,0.00,0.00
2016.08.09 06:12:26.860,13.32308,13.32612,0.00,0.00
2016.08.09 06:12:28.073,13.32319,13.32621,0.00,0.00
2016.08.09 06:12:28.839,13.32299,13.32601,0.00,0.00
2016.08.09 06:12:29.608,13.32308,13.32612,0.00,0.00
2016.08.09 06:12:29.659,13.32288,13.32592,0.00,0.00
2016.08.09 06:12:30.553,13.32309,13.32611,0.00,0.00
2016.08.09 06:12:31.443,13.32288,13.32592,0.00,0.00
2016.08.09 06:12:31.729,13.32308,13.32612,0.00,0.00
2016.08.09 06:12:32.144,13.3228,13.32582,0.00,0.00
2016.08.09 06:12:32.244,13.32298,13.32602,0.00,0.00
2016.08.09 06:12:33.260,13.32288,13.32592,0.00,0.00
2016.08.09 06:12:34.668,13.32298,13.32602,0.00,0.00
2016.08.09 06:12:35.013,13.32289,13.32591,0.00,0.00
2016.08.09 06:12:35.548,13.32298,13.32602,0.00,0.00
2016.08.09 06:12:35.649,13.3228,13.32582,0.00,0.00
2016.08.09 06:12:36.031,13.32288,13.32592,0.00,0.00
2016.08.09 06:12:36.082,13.3228,13.32582,0.00,0.00
2016.08.09 06:12:36.400,13.32309,13.32611,0.00,0.00
2016.08.09 06:12:36.774,13.32288,13.32592,0.00,0.00
2016.08.09 06:12:36.998,13.3228,13.32572,0.00,0.00
2016.08.09 06:12:37.251,13.32288,13.32592,0.00,0.00
2016.08.09 06:12:37.474,13.3228,13.32582,0.00,0.00
2016.08.09 06:12:38.211,13.32279,13.32582,0.00,0.00
2016.08.09 06:12:38.698,13.32309,13.32611,0.00,0.00
2016.08.09 06:12:39.076,13.32288,13.32592,0.00,0.00
2016.08.09 06:12:39.261,13.32269,13.32571,0.00,0.00
2016.08.09 06:12:39.362,13.3228,13.32581,0.00,0.00
2016.08.09 06:12:39.554,13.32288,13.32592,0.00,0.00
2016.08.09 06:12:39.792,13.32279,13.32581,0.00,0.00
2016.08.09 06:12:39.842,13.32279,13.32581,0.00,0.00
2016.08.09 06:12:39.893,13.32308,13.32591,0.00,0.00
2016.08.09 06:12:39.944,13.32308,13.32591,0.00,0.00
2016.08.09 06:12:39.995,13.32249,13.32541,0.00,0.00
2016.08.09 06:12:40.155,13.32249,13.32552,0.00,0.00
2016.08.09 06:12:40.336,13.3225,13.32541,0.00,0.00
2016.08.09 06:12:40.456,13.32259,13.32561,0.00,0.00
2016.08.09 06:12:41.059,13.3225,13.32551,0.00,0.00
2016.08.09 06:12:41.428,13.32249,13.32551,0.00,0.00
2016.08.09 06:12:41.479,13.32249,13.32542,0.00,0.00
2016.08.09 06:12:41.696,13.3225,13.32552,0.00,0.00
2016.08.09 06:12:41.798,13.32298,13.32602,0.00,0.00
2016.08.09 06:12:42.158,13.32278,13.32582,0.00,0.00
2016.08.09 06:12:42.550,13.32259,13.32561,0.00,0.00
2016.08.09 06:12:42.601,13.32198,13.32502,0.00,0.00
2016.08.09 06:12:42.659,13.32208,13.32512,0.00,0.00
2016.08.09 06:12:43.322,13.32209,13.32511,0.00,0.00
2016.08.09 06:12:43.608,13.32218,13.32522,0.00,0.00
2016.08.09 06:12:44.763,13.32208,13.32512,0.00,0.00
2016.08.09 06:12:45.195,13.32198,13.32502,0.00,0.00
2016.08.09 06:12:45.246,13.32219,13.32502,0.00,0.00
2016.08.09 06:12:45.297,13.32259,13.32561,0.00,0.00
2016.08.09 06:12:45.564,13.32248,13.32552,0.00,0.00
2016.08.09 06:12:46.888,13.32279,13.32572,0.00,0.00
2016.08.09 06:12:46.946,13.32268,13.32572,0.00,0.00
2016.08.09 06:12:46.997,13.32308,13.32612,0.00,0.00
2016.08.09 06:12:47.468,13.32288,13.32592,0.00,0.00
2016.08.09 06:12:47.807,13.32278,13.32582,0.00,0.00
2016.08.09 06:12:49.076,13.32279,13.32581,0.00,0.00
2016.08.09 06:12:49.370,13.32298,13.32602,0.00,0.00
2016.08.09 06:12:50.921,13.32278,13.32582,0.00,0.00
2016.08.09 06:12:52.087,13.32299,13.32601,0.00,0.00
2016.08.09 06:12:52.579,13.32289,13.32591,0.00,0.00
2016.08.09 06:12:52.674,13.32298,13.32602,0.00,0.00
2016.08.09 06:12:53.075,13.32288,13.32592,0.00,0.00
2016.08.09 06:12:53.426,13.32299,13.32601,0.00,0.00
2016.08.09 06:12:53.840,13.32279,13.32581,0.00,0.00
2016.08.09 06:12:54.900,13.32288,13.32592,0.00,0.00
2016.08.09 06:12:54.977,13.32308,13.32612,0.00,0.00
2016.08.09 06:12:57.723,13.32289,13.32591,0.00,0.00
2016.08.09 06:12:58.018,13.32289,13.32591,0.00,0.00
2016.08.09 06:12:58.182,13.32298,13.32602,0.00,0.00
2016.08.09 06:12:58.534,13.32308,13.32612,0.00,0.00
2016.08.09 06:12:59.785,13.32298,13.32602,0.00,0.00
2016.08.09 06:13:00.327,13.32288,13.32592,0.00,0.00
2016.08.09 06:13:00.830,13.32298,13.32602,0.00,0.00
2016.08.09 06:13:01.288,13.32308,13.32612,0.00,0.00
2016.08.09 06:13:02.333,13.32289,13.32591,0.00,0.00
2016.08.09 06:13:02.715,13.32278,13.32582,0.00,0.00
2016.08.09 06:13:02.816,13.32258,13.32562,0.00,0.00
2016.08.09 06:13:02.935,13.32249,13.32542,0.00,0.00
2016.08.09 06:13:03.237,13.32279,13.32581,0.00,0.00
2016.08.09 06:13:03.291,13.32268,13.32572,0.00,0.00
2016.08.09 06:13:03.392,13.32278,13.32582,0.00,0.00
2016.08.09 06:13:03.710,13.32288,13.32592,0.00,0.00
2016.08.09 06:13:04.689,13.32288,13.32591,0.00,0.00
2016.08.09 06:13:04.740,13.32278,13.32582,0.00,0.00
2016.08.09 06:13:04.790,13.32278,13.32581,0.00,0.00
2016.08.09 06:13:04.894,13.32198,13.32502,0.00,0.00
2016.08.09 06:13:05.202,13.32209,13.32511,0.00,0.00
2016.08.09 06:13:05.253,13.32268,13.32511,0.00,0.00
2016.08.09 06:13:05.406,13.3228,13.32522,0.00,0.00
2016.08.09 06:13:05.507,13.32299,13.32601,0.00,0.00
2016.08.09 06:13:05.596,13.32279,13.32581,0.00,0.00
2016.08.09 06:13:05.729,13.32299,13.32601,0.00,0.00
2016.08.09 06:13:07.044,13.32289,13.32591,0.00,0.00
2016.08.09 06:13:07.100,13.32308,13.32612,0.00,0.00
2016.08.09 06:13:07.401,13.32288,13.32592,0.00,0.00
2016.08.09 06:13:10.506,13.32279,13.32581,0.00,0.00
2016.08.09 06:13:11.002,13.3228,13.32581,0.00,0.00
2016.08.09 06:13:12.308,13.32298,13.32602,0.00,0.00
2016.08.09 06:13:12.636,13.32308,13.32612,0.00,0.00
2016.08.09 06:13:13.047,13.32298,13.32602,0.00,0.00
2016.08.09 06:13:13.433,13.32309,13.32611,0.00,0.00
2016.08.09 06:13:13.510,13.32298,13.32602,0.00,0.00
2016.08.09 06:13:14.759,13.3228,13.32581,0.00,0.00
2016.08.09 06:13:15.312,13.32293,13.32602,0.00,0.00
2016.08.09 06:13:16.513,13.3228,13.32582,0.00,0.00
2016.08.09 06:13:17.022,13.32279,13.32582,0.00,0.00
2016.08.09 06:13:17.439,13.32288,13.32592,0.00,0.00
2016.08.09 06:13:17.806,13.32309,13.32611,0.00,0.00
2016.08.09 06:13:18.342,13.32308,13.32612,0.00,0.00
2016.08.09 06:13:18.916,13.32289,13.32591,0.00,0.00
2016.08.09 06:13:19.219,13.32269,13.32571,0.00,0.00
2016.08.09 06:13:20.567,13.3228,13.32571,0.00,0.00
2016.08.09 06:13:20.619,13.32289,13.32591,0.00,0.00
2016.08.09 06:13:20.720,13.32298,13.32602,0.00,0.00
2016.08.09 06:13:20.920,13.32308,13.32612,0.00,0.00
2016.08.09 06:13:20.970,13.32329,13.32612,0.00,0.00
2016.08.09 06:13:21.027,13.32308,13.32612,0.00,0.00
2016.08.09 06:13:21.548,13.32298,13.32602,0.00,0.00
2016.08.09 06:13:21.880,13.32309,13.32611,0.00,0.00
2016.08.09 06:13:22.422,13.32299,13.32601,0.00,0.00
2016.08.09 06:13:23.423,13.32308,13.32612,0.00,0.00
2016.08.09 06:13:23.723,13.32299,13.32601,0.00,0.00
2016.08.09 06:13:24.571,13.32288,13.32592,0.00,0.00
2016.08.09 06:13:24.825,13.3228,13.32581,0.00,0.00
2016.08.09 06:13:24.875,13.32279,13.32581,0.00,0.00
2016.08.09 06:13:24.926,13.32279,13.32572,0.00,0.00
2016.08.09 06:13:25.079,13.32268,13.32572,0.00,0.00
2016.08.09 06:13:25.325,13.32279,13.32581,0.00,0.00
2016.08.09 06:13:26.933,13.32268,13.32572,0.00,0.00
2016.08.09 06:13:27.201,13.32199,13.32501,0.00,0.00
2016.08.09 06:13:27.251,13.32208,13.32512,0.00,0.00
2016.08.09 06:13:27.428,13.32199,13.32501,0.00,0.00
2016.08.09 06:13:27.872,13.32208,13.32512,0.00,0.00
2016.08.09 06:13:29.030,13.32219,13.32521,0.00,0.00
2016.08.09 06:13:29.081,13.32249,13.32521,0.00,0.00
2016.08.09 06:13:29.297,13.32279,13.32521,0.00,0.00
2016.08.09 06:13:29.348,13.32308,13.32612,0.00,0.00
2016.08.09 06:13:29.431,13.32289,13.32591,0.00,0.00
2016.08.09 06:13:29.932,13.32298,13.32602,0.00,0.00
2016.08.09 06:13:30.252,13.32289,13.32591,0.00,0.00
2016.08.09 06:13:30.974,13.32308,13.32612,0.00,0.00
2016.08.09 06:13:31.170,13.32288,13.32592,0.00,0.00
2016.08.09 06:13:31.626,13.32268,13.32572,0.00,0.00
2016.08.09 06:13:32.239,13.32248,13.32552,0.00,0.00
2016.08.09 06:13:32.583,13.32209,13.32511,0.00,0.00
2016.08.09 06:13:32.736,13.32218,13.32522,0.00,0.00
2016.08.09 06:13:35.655,13.32199,13.32501,0.00,0.00
2016.08.09 06:13:35.841,13.32208,13.32512,0.00,0.00
2016.08.09 06:13:36.793,13.3223,13.32512,0.00,0.00
2016.08.09 06:13:36.843,13.32239,13.32541,0.00,0.00
2016.08.09 06:13:36.944,13.32278,13.32582,0.00,0.00
2016.08.09 06:13:37.046,13.32289,13.32591,0.00,0.00
2016.08.09 06:13:37.096,13.32289,13.32581,0.00,0.00
2016.08.09 06:13:37.147,13.32199,13.32502,0.00,0.00
2016.08.09 06:13:37.198,13.32229,13.32502,0.00,0.00
2016.08.09 06:13:37.299,13.32239,13.32541,0.00,0.00
2016.08.09 06:13:37.349,13.32249,13.32551,0.00,0.00
2016.08.09 06:13:37.450,13.32238,13.32542,0.00,0.00
2016.08.09 06:13:37.544,13.32199,13.32501,0.00,0.00
2016.08.09 06:13:37.800,13.32269,13.32551,0.00,0.00
2016.08.09 06:13:37.851,13.32308,13.32612,0.00,0.00
2016.08.09 06:13:38.377,13.32299,13.32601,0.00,0.00
2016.08.09 06:13:38.546,13.32288,13.32592,0.00,0.00
2016.08.09 06:13:38.846,13.32298,13.32602,0.00,0.00
2016.08.09 06:13:39.278,13.32289,13.32591,0.00,0.00
2016.08.09 06:13:39.597,13.32299,13.32601,0.00,0.00
2016.08.09 06:13:39.961,13.3228,13.32582,0.00,0.00
2016.08.09 06:13:40.397,13.32229,13.32531,0.00,0.00
2016.08.09 06:13:40.649,13.32208,13.32512,0.00,0.00
2016.08.09 06:13:40.749,13.32219,13.32521,0.00,0.00
2016.08.09 06:13:40.850,13.32228,13.32532,0.00,0.00
2016.08.09 06:13:41.050,13.32249,13.32551,0.00,0.00
2016.08.09 06:13:41.151,13.32258,13.32562,0.00,0.00
2016.08.09 06:13:41.252,13.32278,13.32582,0.00,0.00
2016.08.09 06:13:41.586,13.32259,13.32561,0.00,0.00
2016.08.09 06:13:43.053,13.32279,13.32581,0.00,0.00
2016.08.09 06:13:43.457,13.32229,13.32531,0.00,0.00
2016.08.09 06:13:43.558,13.32238,13.32542,0.00,0.00
2016.08.09 06:13:43.659,13.32258,13.32562,0.00,0.00
2016.08.09 06:13:44.055,13.32199,13.32501,0.00,0.00
2016.08.09 06:13:44.355,13.32208,13.32512,0.00,0.00
2016.08.09 06:13:46.893,13.32188,13.32492,0.00,0.00
2016.08.09 06:13:47.870,13.32249,13.32551,0.00,0.00
2016.08.09 06:13:47.971,13.32228,13.32532,0.00,0.00
2016.08.09 06:13:48.399,13.32208,13.32512,0.00,0.00
2016.08.09 06:13:48.861,13.32218,13.32522,0.00,0.00
2016.08.09 06:13:49.262,13.32198,13.32502,0.00,0.00
2016.08.09 06:13:49.864,13.32219,13.32521,0.00,0.00
2016.08.09 06:13:51.569,13.32198,13.32502,0.00,0.00
2016.08.09 06:13:51.778,13.32209,13.32511,0.00,0.00
2016.08.09 06:13:52.007,13.32219,13.32511,0.00,0.00
2016.08.09 06:13:52.058,13.32249,13.32511,0.00,0.00
2016.08.09 06:13:52.109,13.32299,13.32601,0.00,0.00
2016.08.09 06:13:52.210,13.32299,13.3259,0.00,0.00
2016.08.09 06:13:52.311,13.32259,13.32561,0.00,0.00
2016.08.09 06:13:52.769,13.32199,13.32501,0.00,0.00
2016.08.09 06:13:53.102,13.32219,13.32521,0.00,0.00
2016.08.09 06:13:53.250,13.3224,13.32521,0.00,0.00
2016.08.09 06:13:53.301,13.32258,13.32562,0.00,0.00
2016.08.09 06:13:53.402,13.32289,13.32591,0.00,0.00
2016.08.09 06:13:53.452,13.32289,13.32591,0.00,0.00
2016.08.09 06:13:53.939,13.32269,13.32571,0.00,0.00
2016.08.09 06:13:53.990,13.32198,13.32502,0.00,0.00
2016.08.09 06:13:54.273,13.32209,13.32511,0.00,0.00
2016.08.09 06:13:54.423,13.32218,13.32522,0.00,0.00
2016.08.09 06:13:54.806,13.32219,13.32512,0.00,0.00
2016.08.09 06:13:54.857,13.32229,13.32512,0.00,0.00
2016.08.09 06:13:54.907,13.32278,13.32582,0.00,0.00
2016.08.09 06:13:55.008,13.32289,13.32591,0.00,0.00
2016.08.09 06:13:55.124,13.32268,13.32572,0.00,0.00
2016.08.09 06:13:55.218,13.32288,13.32592,0.00,0.00
2016.08.09 06:13:55.563,13.32298,13.32602,0.00,0.00
2016.08.09 06:13:55.918,13.32309,13.32611,0.00,0.00
2016.08.09 06:13:55.969,13.32298,13.32602,0.00,0.00
2016.08.09 06:13:56.020,13.32289,13.32591,0.00,0.00
2016.08.09 06:13:56.077,13.32298,13.32602,0.00,0.00
2016.08.09 06:13:56.177,13.32308,13.32612,0.00,0.00
2016.08.09 06:13:57.232,13.32289,13.32591,0.00,0.00
2016.08.09 06:13:57.679,13.3228,13.32582,0.00,0.00
2016.08.09 06:13:58.180,13.32288,13.32592,0.00,0.00
2016.08.09 06:13:58.613,13.32279,13.32582,0.00,0.00
2016.08.09 06:13:59.406,13.32279,13.32562,0.00,0.00
2016.08.09 06:13:59.457,13.32258,13.32562,0.00,0.00
2016.08.09 06:13:59.704,13.32279,13.32581,0.00,0.00
2016.08.09 06:13:59.782,13.32258,13.32562,0.00,0.00
2016.08.09 06:13:59.882,13.32279,13.32581,0.00,0.00
2016.08.09 06:14:00.215,13.32258,13.32562,0.00,0.00
2016.08.09 06:14:00.582,13.32279,13.32581,0.00,0.00
2016.08.09 06:14:02.926,13.32279,13.3256,0.00,0.00
2016.08.09 06:14:03.128,13.32229,13.32511,0.00,0.00
2016.08.09 06:14:03.187,13.32188,13.32492,0.00,0.00
2016.08.09 06:14:03.633,13.32199,13.32501,0.00,0.00
2016.08.09 06:14:03.978,13.32189,13.32491,0.00,0.00
2016.08.09 06:14:04.029,13.32218,13.3251,0.00,0.00
2016.08.09 06:14:04.931,13.32188,13.32492,0.00,0.00
2016.08.09 06:14:07.794,13.32208,13.32511,0.00,0.00
2016.08.09 06:14:08.862,13.32188,13.32492,0.00,0.00
2016.08.09 06:14:09.947,13.32188,13.32461,0.00,0.00
2016.08.09 06:14:09.997,13.32178,13.32461,0.00,0.00
2016.08.09 06:14:10.099,13.3216,13.32452,0.00,0.00
2016.08.09 06:14:10.149,13.3215,13.32452,0.00,0.00
2016.08.09 06:14:10.200,13.3215,13.32432,0.00,0.00
2016.08.09 06:14:10.429,13.32149,13.32452,0.00,0.00
2016.08.09 06:14:10.531,13.32158,13.32461,0.00,0.00
2016.08.09 06:14:10.839,13.32169,13.3246,0.00,0.00
2016.08.09 06:14:10.890,13.32169,13.32462,0.00,0.00
2016.08.09 06:14:10.991,13.32169,13.32472,0.00,0.00
2016.08.09 06:14:11.041,13.32198,13.32502,0.00,0.00
2016.08.09 06:14:11.226,13.32189,13.32491,0.00,0.00
2016.08.09 06:14:11.836,13.32199,13.32501,0.00,0.00
2016.08.09 06:14:12.135,13.32188,13.32492,0.00,0.00
2016.08.09 06:14:13.494,13.32229,13.32492,0.00,0.00
2016.08.09 06:14:13.544,13.32229,13.32472,0.00,0.00
2016.08.09 06:14:13.595,13.32169,13.32472,0.00,0.00
2016.08.09 06:14:13.672,13.32218,13.32511,0.00,0.00
2016.08.09 06:14:13.723,13.32189,13.32491,0.00,0.00
2016.08.09 06:14:14.396,13.32189,13.3246,0.00,0.00
2016.08.09 06:14:14.447,13.32179,13.3246,0.00,0.00
2016.08.09 06:14:14.498,13.32179,13.32481,0.00,0.00
2016.08.09 06:14:14.548,13.32169,13.32462,0.00,0.00
2016.08.09 06:14:14.649,13.32179,13.32481,0.00,0.00
2016.08.09 06:14:14.704,13.32188,13.32492,0.00,0.00
2016.08.09 06:14:14.804,13.32199,13.32501,0.00,0.00
2016.08.09 06:14:14.855,13.32199,13.3246,0.00,0.00
2016.08.09 06:14:14.906,13.32189,13.3246,0.00,0.00
2016.08.09 06:14:14.956,13.32189,13.32491,0.00,0.00
2016.08.09 06:14:15.007,13.32168,13.32462,0.00,0.00
2016.08.09 06:14:15.108,13.32179,13.32481,0.00,0.00
2016.08.09 06:14:15.209,13.32188,13.32492,0.00,0.00
2016.08.09 06:14:15.306,13.32198,13.32502,0.00,0.00
2016.08.09 06:14:15.946,13.32188,13.32492,0.00,0.00
2016.08.09 06:14:16.199,13.32178,13.3246,0.00,0.00
2016.08.09 06:14:16.250,13.32158,13.3246,0.00,0.00
2016.08.09 06:14:16.351,13.32149,13.32441,0.00,0.00
2016.08.09 06:14:16.452,13.3215,13.32452,0.00,0.00
2016.08.09 06:14:16.553,13.32178,13.32461,0.00,0.00
2016.08.09 06:14:16.875,13.32178,13.32411,0.00,0.00
2016.08.09 06:14:16.926,13.32149,13.32411,0.00,0.00
2016.08.09 06:14:16.977,13.32149,13.32441,0.00,0.00
2016.08.09 06:14:17.185,13.32168,13.3246,0.00,0.00
2016.08.09 06:14:17.555,13.32178,13.32461,0.00,0.00
2016.08.09 06:14:18.311,13.32168,13.32461,0.00,0.00
2016.08.09 06:14:18.501,13.32168,13.32411,0.00,0.00
2016.08.09 06:14:18.698,13.32149,13.32411,0.00,0.00
2016.08.09 06:14:18.749,13.32149,13.32452,0.00,0.00
2016.08.09 06:14:18.860,13.32178,13.3246,0.00,0.00
2016.08.09 06:14:20.314,13.32169,13.3246,0.00,0.00
2016.08.09 06:14:20.449,13.32178,13.3246,0.00,0.00
2016.08.09 06:14:20.500,13.32178,13.32482,0.00,0.00
2016.08.09 06:14:20.551,13.32209,13.3251,0.00,0.00
2016.08.09 06:14:20.881,13.32188,13.3246,0.00,0.00
2016.08.09 06:14:20.931,13.32169,13.3246,0.00,0.00
2016.08.09 06:14:21.119,13.32158,13.3246,0.00,0.00
2016.08.09 06:14:21.344,13.32168,13.3246,0.00,0.00
2016.08.09 06:14:22.838,13.3215,13.32451,0.00,0.00
2016.08.09 06:14:22.888,13.32149,13.32451,0.00,0.00
2016.08.09 06:14:23.800,13.3215,13.32451,0.00,0.00
2016.08.09 06:14:23.850,13.32168,13.3246,0.00,0.00
2016.08.09 06:14:23.951,13.32149,13.32451,0.00,0.00
2016.08.09 06:14:24.156,13.3215,13.32432,0.00,0.00
2016.08.09 06:14:24.363,13.3215,13.32452,0.00,0.00
2016.08.09 06:14:24.436,13.32158,13.3246,0.00,0.00
2016.08.09 06:14:24.811,13.32158,13.3241,0.00,0.00
2016.08.09 06:14:24.862,13.3215,13.3241,0.00,0.00
2016.08.09 06:14:24.912,13.32149,13.32431,0.00,0.00
2016.08.09 06:14:24.963,13.32168,13.32461,0.00,0.00
2016.08.09 06:14:25.064,13.32158,13.32461,0.00,0.00
2016.08.09 06:14:25.166,13.32149,13.32452,0.00,0.00
2016.08.09 06:14:25.413,13.32158,13.32461,0.00,0.00
2016.08.09 06:14:25.855,13.32149,13.32452,0.00,0.00
2016.08.09 06:14:25.956,13.32159,13.32461,0.00,0.00
2016.08.09 06:14:26.365,13.32149,13.32442,0.00,0.00
2016.08.09 06:14:26.416,13.3215,13.32442,0.00,0.00
2016.08.09 06:14:26.467,13.3215,13.32452,0.00,0.00
2016.08.09 06:14:26.517,13.3215,13.32452,0.00,0.00
2016.08.09 06:14:26.580,13.3215,13.32452,0.00,0.00
2016.08.09 06:14:26.832,13.32149,13.32432,0.00,0.00
2016.08.09 06:14:26.927,13.32159,13.32461,0.00,0.00
2016.08.09 06:14:27.176,13.32149,13.32442,0.00,0.00
2016.08.09 06:14:28.364,13.32169,13.32442,0.00,0.00
2016.08.09 06:14:28.466,13.32169,13.32472,0.00,0.00
2016.08.09 06:14:28.567,13.32198,13.32502,0.00,0.00
2016.08.09 06:14:28.617,13.322,13.32502,0.00,0.00
2016.08.09 06:14:28.695,13.322,13.32472,0.00,0.00
2016.08.09 06:14:28.745,13.32219,13.3251,0.00,0.00
2016.08.09 06:14:28.846,13.32199,13.32502,0.00,0.00
2016.08.09 06:14:28.931,13.32209,13.32511,0.00,0.00
2016.08.09 06:14:29.190,13.32209,13.3251,0.00,0.00
2016.08.09 06:14:30.180,13.32188,13.32492,0.00,0.00
2016.08.09 06:14:30.331,13.32199,13.32492,0.00,0.00
2016.08.09 06:14:30.433,13.32218,13.32511,0.00,0.00
2016.08.09 06:14:31.279,13.32189,13.32491,0.00,0.00
2016.08.09 06:14:31.380,13.32219,13.32511,0.00,0.00
2016.08.09 06:14:31.824,13.32219,13.3246,0.00,0.00
2016.08.09 06:14:31.874,13.32198,13.3246,0.00,0.00
2016.08.09 06:14:31.976,13.32169,13.32461,0.00,0.00
2016.08.09 06:14:32.172,13.32198,13.32498,0.00,0.00
2016.08.09 06:14:32.273,13.3215,13.32442,0.00,0.00
2016.08.09 06:14:32.374,13.3215,13.32452,0.00,0.00
2016.08.09 06:14:32.425,13.32149,13.32452,0.00,0.00
2016.08.09 06:14:32.476,13.32178,13.32461,0.00,0.00
2016.08.09 06:14:32.744,13.32168,13.3246,0.00,0.00
2016.08.09 06:14:32.878,13.32178,13.3246,0.00,0.00
2016.08.09 06:14:33.040,13.32149,13.32432,0.00,0.00
2016.08.09 06:14:33.141,13.32149,13.32452,0.00,0.00
2016.08.09 06:14:33.242,13.32169,13.32471,0.00,0.00
2016.08.09 06:14:33.338,13.32179,13.32481,0.00,0.00
2016.08.09 06:14:33.773,13.32209,13.32511,0.00,0.00
2016.08.09 06:14:34.240,13.32188,13.32492,0.00,0.00
2016.08.09 06:14:35.592,13.3218,13.32481,0.00,0.00
2016.08.09 06:14:35.643,13.32228,13.32532,0.00,0.00
2016.08.09 06:14:35.847,13.32199,13.32501,0.00,0.00
2016.08.09 06:14:36.043,13.32218,13.32522,0.00,0.00
2016.08.09 06:14:36.782,13.32209,13.32511,0.00,0.00
2016.08.09 06:14:37.055,13.32238,13.32542,0.00,0.00
2016.08.09 06:14:38.046,13.32208,13.32512,0.00,0.00
2016.08.09 06:14:38.796,13.32259,13.32561,0.00,0.00
2016.08.09 06:14:39.160,13.32239,13.32541,0.00,0.00
2016.08.09 06:14:39.450,13.32258,13.32562,0.00,0.00
2016.08.09 06:14:39.828,13.3222,13.32521,0.00,0.00
2016.08.09 06:14:39.879,13.32208,13.32512,0.00,0.00
2016.08.09 06:14:40.551,13.32238,13.32542,0.00,0.00
2016.08.09 06:14:40.859,13.32219,13.32521,0.00,0.00
2016.08.09 06:14:41.469,13.32208,13.32512,0.00,0.00
2016.08.09 06:14:41.553,13.32248,13.32552,0.00,0.00
2016.08.09 06:14:42.141,13.32248,13.3251,0.00,0.00
2016.08.09 06:14:42.192,13.32199,13.32501,0.00,0.00
2016.08.09 06:14:42.408,13.32188,13.32492,0.00,0.00
2016.08.09 06:14:42.692,13.32218,13.32522,0.00,0.00
2016.08.09 06:14:43.069,13.32228,13.32532,0.00,0.00
2016.08.09 06:14:43.408,13.32198,13.32502,0.00,0.00
2016.08.09 06:14:43.975,13.32179,13.32481,0.00,0.00
2016.08.09 06:14:44.278,13.32199,13.32501,0.00,0.00
2016.08.09 06:14:44.380,13.32178,13.32482,0.00,0.00
2016.08.09 06:14:44.481,13.32158,13.32462,0.00,0.00
2016.08.09 06:14:44.907,13.32209,13.32511,0.00,0.00
2016.08.09 06:14:45.410,13.32188,13.32492,0.00,0.00
2016.08.09 06:14:45.511,13.32178,13.32482,0.00,0.00
2016.08.09 06:14:45.847,13.32188,13.32492,0.00,0.00
2016.08.09 06:14:46.439,13.32189,13.32491,0.00,0.00
2016.08.09 06:14:47.649,13.32189,13.32491,0.00,0.00
2016.08.09 06:14:47.700,13.32159,13.32461,0.00,0.00
2016.08.09 06:14:47.976,13.32198,13.32502,0.00,0.00
2016.08.09 06:14:48.068,13.32168,13.32472,0.00,0.00
2016.08.09 06:14:49.184,13.32198,13.32502,0.00,0.00
2016.08.09 06:14:49.799,13.32168,13.32472,0.00,0.00
2016.08.09 06:14:50.102,13.32179,13.32481,0.00,0.00
2016.08.09 06:14:50.152,13.32179,13.32481,0.00,0.00
2016.08.09 06:14:50.203,13.32209,13.32511,0.00,0.00
2016.08.09 06:14:50.687,13.32189,13.32491,0.00,0.00
2016.08.09 06:14:51.405,13.32179,13.32472,0.00,0.00
2016.08.09 06:14:51.456,13.32168,13.32472,0.00,0.00
2016.08.09 06:14:51.506,13.32168,13.32472,0.00,0.00
2016.08.09 06:14:51.824,13.32178,13.32482,0.00,0.00
2016.08.09 06:14:52.437,13.32169,13.32471,0.00,0.00
2016.08.09 06:14:52.707,13.32149,13.32452,0.00,0.00
2016.08.09 06:14:52.808,13.32169,13.32471,0.00,0.00
2016.08.09 06:14:53.093,13.32198,13.32502,0.00,0.00
2016.08.09 06:14:53.144,13.32198,13.3249,0.00,0.00
2016.08.09 06:14:53.194,13.32168,13.32472,0.00,0.00
2016.08.09 06:14:53.295,13.32188,13.3249,0.00,0.00
2016.08.09 06:14:53.651,13.32188,13.3248,0.00,0.00
2016.08.09 06:14:53.706,13.32149,13.32451,0.00,0.00
2016.08.09 06:14:53.807,13.32098,13.32402,0.00,0.00
2016.08.09 06:14:54.078,13.32118,13.32422,0.00,0.00
2016.08.09 06:14:54.407,13.32099,13.32401,0.00,0.00
2016.08.09 06:14:54.665,13.32123,13.32432,0.00,0.00
2016.08.09 06:14:54.715,13.32099,13.32401,0.00,0.00
2016.08.09 06:14:55.080,13.32114,13.32421,0.00,0.00
2016.08.09 06:14:55.182,13.32099,13.32401,0.00,0.00
2016.08.09 06:14:55.470,13.32099,13.32391,0.00,0.00
2016.08.09 06:14:55.522,13.32079,13.32381,0.00,0.00
2016.08.09 06:14:55.623,13.32068,13.32372,0.00,0.00
2016.08.09 06:14:55.864,13.32058,13.32362,0.00,0.00
2016.08.09 06:14:55.916,13.32063,13.32372,0.00,0.00
2016.08.09 06:14:56.018,13.32073,13.32382,0.00,0.00
2016.08.09 06:14:56.282,13.32083,13.3239,0.00,0.00
2016.08.09 06:14:56.383,13.32059,13.32361,0.00,0.00
2016.08.09 06:14:56.721,13.32064,13.32371,0.00,0.00
2016.08.09 06:14:56.822,13.32038,13.32342,0.00,0.00
2016.08.09 06:14:56.974,13.32064,13.32311,0.00,0.00
2016.08.09 06:14:57.024,13.32064,13.32342,0.00,0.00
2016.08.09 06:14:57.125,13.32068,13.32372,0.00,0.00
2016.08.09 06:14:57.176,13.32068,13.32372,0.00,0.00
2016.08.09 06:14:57.512,13.32068,13.32311,0.00,0.00
2016.08.09 06:14:57.564,13.32068,13.32342,0.00,0.00
2016.08.09 06:14:57.716,13.32068,13.32338,0.00,0.00
2016.08.09 06:14:57.766,13.32038,13.3229,0.00,0.00
2016.08.09 06:14:57.868,13.31988,13.3229,0.00,0.00
2016.08.09 06:14:57.919,13.31979,13.32281,0.00,0.00
2016.08.09 06:14:58.253,13.31979,13.3228,0.00,0.00
2016.08.09 06:14:58.304,13.3197,13.32271,0.00,0.00
2016.08.09 06:14:58.354,13.31969,13.32271,0.00,0.00
2016.08.09 06:14:58.595,13.31984,13.3228,0.00,0.00
2016.08.09 06:14:59.007,13.31969,13.32271,0.00,0.00
2016.08.09 06:14:59.214,13.31974,13.32281,0.00,0.00
2016.08.09 06:14:59.315,13.31969,13.32261,0.00,0.00
2016.08.09 06:14:59.888,13.31973,13.3228,0.00,0.00
2016.08.09 06:15:00.317,13.31978,13.3228,0.00,0.00
2016.08.09 06:15:00.418,13.31969,13.32251,0.00,0.00
2016.08.09 06:15:00.714,13.31969,13.32272,0.00,0.00
2016.08.09 06:15:00.790,13.31969,13.32251,0.00,0.00
2016.08.09 06:15:01.197,13.31969,13.32271,0.00,0.00
2016.08.09 06:15:01.316,13.31969,13.32252,0.00,0.00
2016.08.09 06:15:01.417,13.31979,13.32281,0.00,0.00
2016.08.09 06:15:01.768,13.31979,13.3228,0.00,0.00
2016.08.09 06:15:01.821,13.3197,13.32252,0.00,0.00
2016.08.09 06:15:02.376,13.31969,13.32252,0.00,0.00
2016.08.09 06:15:02.644,13.31969,13.32271,0.00,0.00
2016.08.09 06:15:02.868,13.31969,13.32259,0.00,0.00
2016.08.09 06:15:02.919,13.31948,13.32191,0.00,0.00
2016.08.09 06:15:03.020,13.3187,13.32151,0.00,0.00
2016.08.09 06:15:03.145,13.3187,13.32162,0.00,0.00
2016.08.09 06:15:03.196,13.31858,13.32162,0.00,0.00
2016.08.09 06:15:03.246,13.31838,13.32142,0.00,0.00
2016.08.09 06:15:03.587,13.31869,13.32161,0.00,0.00
2016.08.09 06:15:03.638,13.31879,13.32181,0.00,0.00
2016.08.09 06:15:03.702,13.31918,13.3222,0.00,0.00
2016.08.09 06:15:03.797,13.31929,13.3222,0.00,0.00
2016.08.09 06:15:04.113,13.31898,13.32191,0.00,0.00
2016.08.09 06:15:04.448,13.31918,13.3219,0.00,0.00
2016.08.09 06:15:04.544,13.31888,13.32191,0.00,0.00
2016.08.09 06:15:04.599,13.31888,13.32192,0.00,0.00
2016.08.09 06:15:04.649,13.31928,13.32232,0.00,0.00
2016.08.09 06:15:04.979,13.31898,13.32198,0.00,0.00
2016.08.09 06:15:05.030,13.31889,13.32191,0.00,0.00
2016.08.09 06:15:05.301,13.31899,13.32191,0.00,0.00
2016.08.09 06:15:05.601,13.31908,13.32191,0.00,0.00
2016.08.09 06:15:05.923,13.31888,13.3218,0.00,0.00
2016.08.09 06:15:06.230,13.31838,13.32142,0.00,0.00
2016.08.09 06:15:06.558,13.31859,13.32161,0.00,0.00
2016.08.09 06:15:07.054,13.31848,13.32152,0.00,0.00
2016.08.09 06:15:07.106,13.31858,13.32162,0.00,0.00
2016.08.09 06:15:07.742,13.31849,13.32151,0.00,0.00
2016.08.09 06:15:08.708,13.31839,13.32141,0.00,0.00
2016.08.09 06:15:09.091,13.31919,13.32152,0.00,0.00
2016.08.09 06:15:09.142,13.31938,13.32242,0.00,0.00
2016.08.09 06:15:09.357,13.31919,13.32212,0.00,0.00
2016.08.09 06:15:09.459,13.31919,13.32221,0.00,0.00
2016.08.09 06:15:09.555,13.31939,13.32241,0.00,0.00
2016.08.09 06:15:09.610,13.31928,13.32232,0.00,0.00
2016.08.09 06:15:09.710,13.31939,13.32241,0.00,0.00
2016.08.09 06:15:09.860,13.31919,13.32222,0.00,0.00
2016.08.09 06:15:09.911,13.31938,13.32242,0.00,0.00
2016.08.09 06:15:10.712,13.31919,13.32222,0.00,0.00
2016.08.09 06:15:10.813,13.31928,13.32232,0.00,0.00
2016.08.09 06:15:11.447,13.31919,13.32221,0.00,0.00
2016.08.09 06:15:11.958,13.31899,13.32201,0.00,0.00
2016.08.09 06:15:12.340,13.31919,13.3218,0.00,0.00
2016.08.09 06:15:12.441,13.31889,13.3218,0.00,0.00
2016.08.09 06:15:12.632,13.3185,13.32151,0.00,0.00
2016.08.09 06:15:12.817,13.31869,13.32171,0.00,0.00
2016.08.09 06:15:13.567,13.31879,13.32181,0.00,0.00
2016.08.09 06:15:13.960,13.31908,13.32212,0.00,0.00
2016.08.09 06:15:14.061,13.31928,13.32221,0.00,0.00
2016.08.09 06:15:14.565,13.31928,13.3222,0.00,0.00
2016.08.09 06:15:14.943,13.31919,13.32222,0.00,0.00
2016.08.09 06:15:15.044,13.31948,13.32252,0.00,0.00
2016.08.09 06:15:15.422,13.31929,13.32231,0.00,0.00
2016.08.09 06:15:15.653,13.31948,13.32252,0.00,0.00
2016.08.09 06:15:15.704,13.31948,13.32248,0.00,0.00
2016.08.09 06:15:15.755,13.31918,13.32211,0.00,0.00
2016.08.09 06:15:15.942,13.31908,13.32212,0.00,0.00
2016.08.09 06:15:16.287,13.31918,13.32222,0.00,0.00
2016.08.09 06:15:17.360,13.31898,13.32181,0.00,0.00
2016.08.09 06:15:17.640,13.3185,13.32152,0.00,0.00
2016.08.09 06:15:18.962,13.31848,13.32152,0.00,0.00
2016.08.09 06:15:19.278,13.31838,13.32142,0.00,0.00
2016.08.09 06:15:20.448,13.31919,13.32142,0.00,0.00
2016.08.09 06:15:20.549,13.31919,13.32162,0.00,0.00
2016.08.09 06:15:20.630,13.31948,13.32252,0.00,0.00
2016.08.09 06:15:20.931,13.31928,13.32232,0.00,0.00
2016.08.09 06:15:21.466,13.31939,13.32241,0.00,0.00
2016.08.09 06:15:22.038,13.31929,13.32231,0.00,0.00
2016.08.09 06:15:23.418,13.31929,13.32198,0.00,0.00
2016.08.09 06:15:23.468,13.31929,13.32191,0.00,0.00
2016.08.09 06:15:23.584,13.31848,13.32152,0.00,0.00
2016.08.09 06:15:23.685,13.31889,13.32191,0.00,0.00
2016.08.09 06:15:23.736,13.31918,13.32191,0.00,0.00
2016.08.09 06:15:23.787,13.31918,13.3219,0.00,0.00
2016.08.09 06:15:23.837,13.31908,13.3219,0.00,0.00
2016.08.09 06:15:23.938,13.31869,13.32152,0.00,0.00
2016.08.09 06:15:24.090,13.31848,13.32152,0.00,0.00
2016.08.09 06:15:24.236,13.31858,13.32162,0.00,0.00
2016.08.09 06:15:24.636,13.31848,13.32152,0.00,0.00
2016.08.09 06:15:25.437,13.31859,13.32161,0.00,0.00
2016.08.09 06:15:25.637,13.31878,13.32182,0.00,0.00
2016.08.09 06:15:25.739,13.31848,13.32152,0.00,0.00
2016.08.09 06:15:26.098,13.31769,13.32042,0.00,0.00
2016.08.09 06:15:26.149,13.31728,13.32032,0.00,0.00
2016.08.09 06:15:26.540,13.31759,13.32061,0.00,0.00
2016.08.09 06:15:26.641,13.31748,13.32052,0.00,0.00
2016.08.09 06:15:27.143,13.31739,13.32041,0.00,0.00
2016.08.09 06:15:27.444,13.31749,13.32051,0.00,0.00
2016.08.09 06:15:28.245,13.31728,13.32032,0.00,0.00
2016.08.09 06:15:28.442,13.31738,13.32042,0.00,0.00
2016.08.09 06:15:28.849,13.31719,13.32022,0.00,0.00
2016.08.09 06:15:29.243,13.31739,13.32041,0.00,0.00
2016.08.09 06:15:29.344,13.31719,13.32022,0.00,0.00
2016.08.09 06:15:29.395,13.31719,13.32019,0.00,0.00
2016.08.09 06:15:29.445,13.31719,13.31998,0.00,0.00
2016.08.09 06:15:29.669,13.31718,13.31981,0.00,0.00
2016.08.09 06:15:29.743,13.31669,13.31911,0.00,0.00
2016.08.09 06:15:29.844,13.31669,13.31972,0.00,0.00
2016.08.09 06:15:30.245,13.3167,13.31951,0.00,0.00
2016.08.09 06:15:30.346,13.31669,13.31961,0.00,0.00
2016.08.09 06:15:30.447,13.31678,13.31981,0.00,0.00
2016.08.09 06:15:30.655,13.31669,13.31962,0.00,0.00
2016.08.09 06:15:30.756,13.3167,13.31952,0.00,0.00
2016.08.09 06:15:31.360,13.31669,13.31952,0.00,0.00
2016.08.09 06:15:31.658,13.31669,13.31962,0.00,0.00
2016.08.09 06:15:31.759,13.31669,13.31951,0.00,0.00
2016.08.09 06:15:32.059,13.31669,13.31941,0.00,0.00
2016.08.09 06:15:32.259,13.31679,13.31941,0.00,0.00
2016.08.09 06:15:32.309,13.31679,13.31971,0.00,0.00
2016.08.09 06:15:32.460,13.31679,13.31961,0.00,0.00
2016.08.09 06:15:32.862,13.31679,13.31971,0.00,0.00
2016.08.09 06:15:33.052,13.31688,13.31971,0.00,0.00
2016.08.09 06:15:33.263,13.31688,13.31891,0.00,0.00
2016.08.09 06:15:33.364,13.31668,13.31891,0.00,0.00
2016.08.09 06:15:33.465,13.31609,13.31901,0.00,0.00
2016.08.09 06:15:33.593,13.31609,13.31891,0.00,0.00
2016.08.09 06:15:33.694,13.31628,13.31891,0.00,0.00
2016.08.09 06:15:33.795,13.3161,13.31892,0.00,0.00
2016.08.09 06:15:33.852,13.3161,13.31912,0.00,0.00
2016.08.09 06:15:33.953,13.31629,13.31931,0.00,0.00
2016.08.09 06:15:34.259,13.31659,13.3194,0.00,0.00
2016.08.09 06:15:34.310,13.31659,13.3196,0.00,0.00
2016.08.09 06:15:34.361,13.31629,13.31931,0.00,0.00
2016.08.09 06:15:34.411,13.31629,13.3192,0.00,0.00
2016.08.09 06:15:34.513,13.31618,13.3192,0.00,0.00
2016.08.09 06:15:34.605,13.31608,13.3188,0.00,0.00
2016.08.09 06:15:34.707,13.31548,13.31852,0.00,0.00
2016.08.09 06:15:34.871,13.31578,13.3188,0.00,0.00
2016.08.09 06:15:35.273,13.31568,13.31872,0.00,0.00
2016.08.09 06:15:35.565,13.31618,13.3189,0.00,0.00
2016.08.09 06:15:35.667,13.31598,13.3189,0.00,0.00
2016.08.09 06:15:35.768,13.31609,13.3189,0.00,0.00
2016.08.09 06:15:36.171,13.31619,13.31921,0.00,0.00
2016.08.09 06:15:36.273,13.31658,13.31961,0.00,0.00
2016.08.09 06:15:36.462,13.31638,13.31942,0.00,0.00
2016.08.09 06:15:36.580,13.31668,13.31961,0.00,0.00
2016.08.09 06:15:36.790,13.31638,13.31942,0.00,0.00
2016.08.09 06:15:36.891,13.31668,13.31961,0.00,0.00
2016.08.09 06:15:36.963,13.31648,13.31952,0.00,0.00
2016.08.09 06:15:37.610,13.31628,13.31891,0.00,0.00
2016.08.09 06:15:37.711,13.3161,13.3189,0.00,0.00
2016.08.09 06:15:37.812,13.31619,13.31921,0.00,0.00
2016.08.09 06:15:37.864,13.31658,13.3195,0.00,0.00
2016.08.09 06:15:38.075,13.31658,13.31961,0.00,0.00
2016.08.09 06:15:38.706,13.31658,13.31921,0.00,0.00
2016.08.09 06:15:38.807,13.31629,13.31921,0.00,0.00
2016.08.09 06:15:38.908,13.31609,13.31902,0.00,0.00
2016.08.09 06:15:39.009,13.31629,13.31931,0.00,0.00
2016.08.09 06:15:39.066,13.31659,13.31951,0.00,0.00
2016.08.09 06:15:39.117,13.31659,13.31961,0.00,0.00
2016.08.09 06:15:39.178,13.31659,13.31961,0.00,0.00
2016.08.09 06:15:39.279,13.31669,13.3197,0.00,0.00
2016.08.09 06:15:39.384,13.31669,13.31971,0.00,0.00
2016.08.09 06:15:39.667,13.31649,13.31951,0.00,0.00
2016.08.09 06:15:39.768,13.31658,13.31962,0.00,0.00
2016.08.09 06:15:39.869,13.31668,13.31972,0.00,0.00
2016.08.09 06:15:40.092,13.31739,13.32011,0.00,0.00
2016.08.09 06:15:40.193,13.31739,13.32041,0.00,0.00
2016.08.09 06:15:40.486,13.31758,13.32062,0.00,0.00
2016.08.09 06:15:40.987,13.31768,13.32072,0.00,0.00
2016.08.09 06:15:41.289,13.31738,13.32042,0.00,0.00
2016.08.09 06:15:41.744,13.31769,13.32071,0.00,0.00
2016.08.09 06:15:42.074,13.31739,13.32041,0.00,0.00
2016.08.09 06:15:42.391,13.31759,13.32061,0.00,0.00
2016.08.09 06:15:42.678,13.31738,13.32042,0.00,0.00
2016.08.09 06:15:43.008,13.31758,13.32062,0.00,0.00
2016.08.09 06:15:43.342,13.31739,13.32041,0.00,0.00
2016.08.09 06:15:43.393,13.31768,13.32072,0.00,0.00
2016.08.09 06:15:43.993,13.31748,13.32052,0.00,0.00
2016.08.09 06:15:44.094,13.31808,13.3209,0.00,0.00
2016.08.09 06:15:44.431,13.31829,13.32091,0.00,0.00
2016.08.09 06:15:44.482,13.31809,13.32091,0.00,0.00
2016.08.09 06:15:44.617,13.31839,13.32091,0.00,0.00
2016.08.09 06:15:44.719,13.31808,13.32091,0.00,0.00
2016.08.09 06:15:44.820,13.31748,13.32052,0.00,0.00
2016.08.09 06:15:45.504,13.31759,13.32061,0.00,0.00
2016.08.09 06:15:45.697,13.31728,13.32032,0.00,0.00
2016.08.09 06:15:46.021,13.31758,13.32062,0.00,0.00
2016.08.09 06:15:46.348,13.31728,13.32032,0.00,0.00
2016.08.09 06:15:46.828,13.31788,13.32091,0.00,0.00
2016.08.09 06:15:46.986,13.31769,13.32071,0.00,0.00
2016.08.09 06:15:47.087,13.31788,13.3209,0.00,0.00
2016.08.09 06:15:47.138,13.31788,13.32092,0.00,0.00
2016.08.09 06:15:47.490,13.31829,13.32131,0.00,0.00
2016.08.09 06:15:47.805,13.31799,13.32101,0.00,0.00
2016.08.09 06:15:47.886,13.31808,13.32112,0.00,0.00
2016.08.09 06:15:47.987,13.31828,13.32132,0.00,0.00
2016.08.09 06:15:48.605,13.31818,13.32122,0.00,0.00
2016.08.09 06:15:49.589,13.31828,13.32132,0.00,0.00
2016.08.09 06:15:50.064,13.31809,13.32111,0.00,0.00
2016.08.09 06:15:50.790,13.31819,13.32121,0.00,0.00
2016.08.09 06:15:53.293,13.31829,13.32131,0.00,0.00
2016.08.09 06:15:53.794,13.31809,13.32111,0.00,0.00
2016.08.09 06:15:54.094,13.31819,13.32121,0.00,0.00
2016.08.09 06:15:54.920,13.31879,13.32131,0.00,0.00
2016.08.09 06:15:55.021,13.31898,13.32202,0.00,0.00
2016.08.09 06:15:55.096,13.31918,13.32222,0.00,0.00
2016.08.09 06:15:56.415,13.31899,13.32201,0.00,0.00
2016.08.09 06:15:56.704,13.31888,13.32191,0.00,0.00
2016.08.09 06:15:56.757,13.31888,13.32181,0.00,0.00
2016.08.09 06:15:56.809,13.31828,13.32132,0.00,0.00
2016.08.09 06:15:57.112,13.31809,13.32111,0.00,0.00
2016.08.09 06:15:57.584,13.31819,13.32121,0.00,0.00
2016.08.09 06:15:57.823,13.31808,13.32112,0.00,0.00
2016.08.09 06:15:58.102,13.31828,13.32132,0.00,0.00
2016.08.09 06:15:58.523,13.31819,13.32121,0.00,0.00
2016.08.09 06:15:59.520,13.31808,13.32112,0.00,0.00
2016.08.09 06:15:59.821,13.31829,13.32131,0.00,0.00
2016.08.09 06:16:00.172,13.31819,13.32121,0.00,0.00
2016.08.09 06:16:02.544,13.31798,13.32102,0.00,0.00
2016.08.09 06:16:02.645,13.31788,13.32092,0.00,0.00
2016.08.09 06:16:03.141,13.31808,13.32112,0.00,0.00
2016.08.09 06:16:03.526,13.31818,13.32122,0.00,0.00
2016.08.09 06:16:04.269,13.31798,13.32102,0.00,0.00
2016.08.09 06:16:04.617,13.31818,13.32122,0.00,0.00
2016.08.09 06:16:05.216,13.31809,13.32111,0.00,0.00
2016.08.09 06:16:05.536,13.31799,13.32101,0.00,0.00
2016.08.09 06:16:06.132,13.31819,13.32121,0.00,0.00
2016.08.09 06:16:06.933,13.31799,13.32101,0.00,0.00
2016.08.09 06:16:07.034,13.31848,13.32152,0.00,0.00
2016.08.09 06:16:07.135,13.31828,13.32132,0.00,0.00
2016.08.09 06:16:07.456,13.31818,13.32122,0.00,0.00
2016.08.09 06:16:08.471,13.31828,13.32132,0.00,0.00
2016.08.09 06:16:08.773,13.31818,13.32122,0.00,0.00
2016.08.09 06:16:09.523,13.31838,13.32142,0.00,0.00
2016.08.09 06:16:09.823,13.31819,13.32121,0.00,0.00
2016.08.09 06:16:10.389,13.31839,13.32141,0.00,0.00
2016.08.09 06:16:10.440,13.31808,13.32112,0.00,0.00
2016.08.09 06:16:11.328,13.31799,13.32101,0.00,0.00
2016.08.09 06:16:11.830,13.31808,13.32112,0.00,0.00
2016.08.09 06:16:11.931,13.31829,13.32131,0.00,0.00
2016.08.09 06:16:12.432,13.31809,13.32111,0.00,0.00
2016.08.09 06:16:12.762,13.31828,13.32132,0.00,0.00
2016.08.09 06:16:16.042,13.31838,13.32142,0.00,0.00
2016.08.09 06:16:16.393,13.31828,13.32132,0.00,0.00
2016.08.09 06:16:16.863,13.31818,13.32122,0.00,0.00
2016.08.09 06:16:17.245,13.31828,13.32132,0.00,0.00
2016.08.09 06:16:17.853,13.31829,13.32131,0.00,0.00
2016.08.09 06:16:18.239,13.31839,13.32141,0.00,0.00
2016.08.09 06:16:19.041,13.31829,13.32131,0.00,0.00
2016.08.09 06:16:19.755,13.31838,13.32142,0.00,0.00
2016.08.09 06:16:19.842,13.31819,13.32121,0.00,0.00
2016.08.09 06:16:20.042,13.31838,13.32142,0.00,0.00
2016.08.09 06:16:20.373,13.31879,13.32142,0.00,0.00
2016.08.09 06:16:20.424,13.31889,13.32191,0.00,0.00
2016.08.09 06:16:20.475,13.31928,13.32232,0.00,0.00
2016.08.09 06:16:20.576,13.31909,13.32211,0.00,0.00
2016.08.09 06:16:20.643,13.31928,13.32232,0.00,0.00
2016.08.09 06:16:21.155,13.31919,13.32221,0.00,0.00
2016.08.09 06:16:21.462,13.31929,13.32231,0.00,0.00
2016.08.09 06:16:21.563,13.31908,13.32212,0.00,0.00
2016.08.09 06:16:21.645,13.31918,13.32222,0.00,0.00
2016.08.09 06:16:22.070,13.31928,13.32232,0.00,0.00
2016.08.09 06:16:22.450,13.31909,13.32211,0.00,0.00
2016.08.09 06:16:23.058,13.31929,13.32231,0.00,0.00
2016.08.09 06:16:23.832,13.31928,13.32232,0.00,0.00
2016.08.09 06:16:24.425,13.31908,13.32212,0.00,0.00
2016.08.09 06:16:25.252,13.31929,13.32231,0.00,0.00
2016.08.09 06:16:25.747,13.31909,13.32211,0.00,0.00
2016.08.09 06:16:26.354,13.31918,13.32222,0.00,0.00
2016.08.09 06:16:28.367,13.31939,13.32241,0.00,0.00
2016.08.09 06:16:30.228,13.31919,13.32221,0.00,0.00
2016.08.09 06:16:30.329,13.31919,13.32221,0.00,0.00
2016.08.09 06:16:30.380,13.31998,13.32291,0.00,0.00
2016.08.09 06:16:30.481,13.32029,13.32331,0.00,0.00
2016.08.09 06:16:31.166,13.32028,13.32332,0.00,0.00
2016.08.09 06:16:32.364,13.32008,13.32312,0.00,0.00
2016.08.09 06:16:33.166,13.32029,13.32331,0.00,0.00
2016.08.09 06:16:34.614,13.32019,13.32321,0.00,0.00
2016.08.09 06:16:34.969,13.32008,13.32312,0.00,0.00
2016.08.09 06:16:35.788,13.32029,13.32312,0.00,0.00
2016.08.09 06:16:35.970,13.32048,13.32352,0.00,0.00
2016.08.09 06:16:36.772,13.32038,13.32342,0.00,0.00
2016.08.09 06:16:37.079,13.32009,13.32311,0.00,0.00
2016.08.09 06:16:37.173,13.32018,13.32322,0.00,0.00
2016.08.09 06:16:39.305,13.32028,13.32332,0.00,0.00
2016.08.09 06:16:39.792,13.32058,13.32362,0.00,0.00
2016.08.09 06:16:40.163,13.32128,13.32432,0.00,0.00
2016.08.09 06:16:40.647,13.32128,13.32399,0.00,0.00
2016.08.09 06:16:40.698,13.32079,13.32381,0.00,0.00
2016.08.09 06:16:40.799,13.32038,13.32342,0.00,0.00
2016.08.09 06:16:40.900,13.32008,13.32312,0.00,0.00
2016.08.09 06:16:41.379,13.32028,13.32332,0.00,0.00
2016.08.09 06:16:41.481,13.3205,13.32332,0.00,0.00
2016.08.09 06:16:41.633,13.32068,13.32372,0.00,0.00
2016.08.09 06:16:41.734,13.32099,13.3239,0.00,0.00
2016.08.09 06:16:41.785,13.32099,13.32401,0.00,0.00
2016.08.09 06:16:41.937,13.32108,13.32412,0.00,0.00
2016.08.09 06:16:42.094,13.32098,13.32402,0.00,0.00
2016.08.09 06:16:42.486,13.32128,13.32432,0.00,0.00
2016.08.09 06:16:42.888,13.32118,13.32422,0.00,0.00
2016.08.09 06:16:43.715,13.32109,13.32411,0.00,0.00
2016.08.09 06:16:44.298,13.32119,13.32421,0.00,0.00
2016.08.09 06:16:45.922,13.32108,13.32412,0.00,0.00
2016.08.09 06:16:46.523,13.32119,13.32421,0.00,0.00
2016.08.09 06:16:46.594,13.32128,13.32432,0.00,0.00
2016.08.09 06:16:48.095,13.32118,13.32422,0.00,0.00
2016.08.09 06:16:48.428,13.32108,13.32412,0.00,0.00
2016.08.09 06:16:49.128,13.32128,13.32432,0.00,0.00
2016.08.09 06:16:49.479,13.32108,13.32412,0.00,0.00
2016.08.09 06:16:49.797,13.32118,13.32422,0.00,0.00
2016.08.09 06:16:50.498,13.32108,13.32412,0.00,0.00
2016.08.09 06:16:51.099,13.32118,13.32422,0.00,0.00
2016.08.09 06:16:53.317,13.32128,13.32432,0.00,0.00
2016.08.09 06:16:53.803,13.32118,13.32422,0.00,0.00
2016.08.09 06:16:54.430,13.32128,13.32432,0.00,0.00
2016.08.09 06:16:54.905,13.32108,13.32412,0.00,0.00
2016.08.09 06:16:57.408,13.32118,13.32422,0.00,0.00
2016.08.09 06:16:58.010,13.32129,13.32431,0.00,0.00
2016.08.09 06:16:58.948,13.32119,13.32421,0.00,0.00
2016.08.09 06:16:59.856,13.32128,13.32432,0.00,0.00
2016.08.09 06:17:00.112,13.32109,13.32411,0.00,0.00
2016.08.09 06:17:00.851,13.32118,13.32422,0.00,0.00
2016.08.09 06:17:01.434,13.32108,13.32412,0.00,0.00
2016.08.09 06:17:02.117,13.32119,13.32421,0.00,0.00
2016.08.09 06:17:03.247,13.32109,13.32411,0.00,0.00
2016.08.09 06:17:03.609,13.32119,13.32421,0.00,0.00
2016.08.09 06:17:05.122,13.32109,13.32411,0.00,0.00
2016.08.09 06:17:05.424,13.32109,13.32371,0.00,0.00
2016.08.09 06:17:05.526,13.32028,13.32332,0.00,0.00
2016.08.09 06:17:05.910,13.32009,13.32311,0.00,0.00
2016.08.09 06:17:06.435,13.32018,13.32322,0.00,0.00
2016.08.09 06:17:06.536,13.32009,13.32311,0.00,0.00
2016.08.09 06:17:07.064,13.32018,13.32322,0.00,0.00
2016.08.09 06:17:07.125,13.32008,13.32312,0.00,0.00
2016.08.09 06:17:07.492,13.32019,13.32321,0.00,0.00
2016.08.09 06:17:07.543,13.32008,13.32312,0.00,0.00
2016.08.09 06:17:07.835,13.32013,13.32322,0.00,0.00
2016.08.09 06:17:08.345,13.32024,13.32331,0.00,0.00
2016.08.09 06:17:08.888,13.32009,13.32311,0.00,0.00
2016.08.09 06:17:09.435,13.32014,13.32321,0.00,0.00
2016.08.09 06:17:10.336,13.32033,13.32342,0.00,0.00
2016.08.09 06:17:10.387,13.32038,13.32342,0.00,0.00
2016.08.09 06:17:10.849,13.32018,13.32322,0.00,0.00
2016.08.09 06:17:12.851,13.32039,13.32312,0.00,0.00
2016.08.09 06:17:12.952,13.32059,13.32361,0.00,0.00
2016.08.09 06:17:13.176,13.32028,13.32332,0.00,0.00
2016.08.09 06:17:13.278,13.32018,13.32322,0.00,0.00
2016.08.09 06:17:13.609,13.32028,13.32332,0.00,0.00
2016.08.09 06:17:14.442,13.32018,13.32322,0.00,0.00
2016.08.09 06:17:15.244,13.32038,13.32342,0.00,0.00
2016.08.09 06:17:16.185,13.32008,13.32312,0.00,0.00
2016.08.09 06:17:16.522,13.31999,13.32301,0.00,0.00
2016.08.09 06:17:19.921,13.31979,13.32282,0.00,0.00
2016.08.09 06:17:20.195,13.31999,13.32301,0.00,0.00
2016.08.09 06:17:20.552,13.31988,13.32292,0.00,0.00
2016.08.09 06:17:23.370,13.32018,13.32322,0.00,0.00
2016.08.09 06:17:24.063,13.32008,13.32312,0.00,0.00
2016.08.09 06:17:25.267,13.32019,13.32321,0.00,0.00
2016.08.09 06:17:25.807,13.32008,13.32312,0.00,0.00
2016.08.09 06:17:28.215,13.32018,13.32322,0.00,0.00
2016.08.09 06:17:28.608,13.31998,13.32302,0.00,0.00
2016.08.09 06:17:29.050,13.32028,13.32332,0.00,0.00
2016.08.09 06:17:30.205,13.31999,13.32301,0.00,0.00
2016.08.09 06:17:30.509,13.31932,13.32212,0.00,0.00
2016.08.09 06:17:30.560,13.31908,13.32212,0.00,0.00
2016.08.09 06:17:31.085,13.31928,13.32232,0.00,0.00
2016.08.09 06:17:32.373,13.31909,13.32211,0.00,0.00
2016.08.09 06:17:33.025,13.31928,13.32232,0.00,0.00
2016.08.09 06:17:33.281,13.31909,13.32211,0.00,0.00
2016.08.09 06:17:33.696,13.31858,13.32162,0.00,0.00
2016.08.09 06:17:33.798,13.31874,13.32171,0.00,0.00
2016.08.09 06:17:33.899,13.31924,13.32231,0.00,0.00
2016.08.09 06:17:34.284,13.31909,13.32211,0.00,0.00
2016.08.09 06:17:34.583,13.31914,13.32221,0.00,0.00
2016.08.09 06:17:34.990,13.31899,13.32201,0.00,0.00
2016.08.09 06:17:35.572,13.31884,13.32191,0.00,0.00
2016.08.09 06:17:36.092,13.31878,13.32182,0.00,0.00
2016.08.09 06:17:36.186,13.31884,13.32191,0.00,0.00
2016.08.09 06:17:36.287,13.31893,13.32202,0.00,0.00
2016.08.09 06:17:36.388,13.31924,13.32231,0.00,0.00
2016.08.09 06:17:36.786,13.31898,13.32202,0.00,0.00
2016.08.09 06:17:37.369,13.31903,13.32212,0.00,0.00
2016.08.09 06:17:37.643,13.31908,13.32212,0.00,0.00
2016.08.09 06:17:37.978,13.31868,13.32172,0.00,0.00
2016.08.09 06:17:38.295,13.31888,13.32192,0.00,0.00
2016.08.09 06:17:38.640,13.31918,13.32222,0.00,0.00
2016.08.09 06:17:41.995,13.31899,13.32201,0.00,0.00
2016.08.09 06:17:42.427,13.31974,13.32262,0.00,0.00
2016.08.09 06:17:42.629,13.31938,13.32242,0.00,0.00
2016.08.09 06:17:42.697,13.31919,13.32221,0.00,0.00
2016.08.09 06:17:42.901,13.31933,13.32242,0.00,0.00
2016.08.09 06:17:43.097,13.31909,13.32211,0.00,0.00
2016.08.09 06:17:43.835,13.31928,13.32232,0.00,0.00
2016.08.09 06:17:45.205,13.31899,13.32201,0.00,0.00
2016.08.09 06:17:45.606,13.31919,13.32221,0.00,0.00
2016.08.09 06:17:47.114,13.31898,13.32202,0.00,0.00
2016.08.09 06:17:49.008,13.31919,13.32221,0.00,0.00
2016.08.09 06:17:52.517,13.31898,13.32202,0.00,0.00
2016.08.09 06:17:53.761,13.3194,13.32202,0.00,0.00
2016.08.09 06:17:53.821,13.3194,13.32241,0.00,0.00
2016.08.09 06:17:53.872,13.31939,13.32241,0.00,0.00
2016.08.09 06:17:53.922,13.31929,13.32231,0.00,0.00
2016.08.09 06:17:54.250,13.31898,13.32202,0.00,0.00
2016.08.09 06:17:54.351,13.31918,13.32222,0.00,0.00
2016.08.09 06:17:54.668,13.31899,13.32201,0.00,0.00
2016.08.09 06:17:55.273,13.31919,13.32221,0.00,0.00
2016.08.09 06:17:58.231,13.31928,13.32232,0.00,0.00
2016.08.09 06:18:00.334,13.31919,13.32221,0.00,0.00
2016.08.09 06:18:02.874,13.31908,13.32212,0.00,0.00
2016.08.09 06:18:02.937,13.3188,13.32182,0.00,0.00
2016.08.09 06:18:03.240,13.31919,13.32221,0.00,0.00
2016.08.09 06:18:04.540,13.31898,13.32202,0.00,0.00
2016.08.09 06:18:04.641,13.31908,13.32212,0.00,0.00
2016.08.09 06:18:05.141,13.31899,13.32201,0.00,0.00
2016.08.09 06:18:06.142,13.31908,13.32212,0.00,0.00
2016.08.09 06:18:06.743,13.31899,13.32201,0.00,0.00
2016.08.09 06:18:07.144,13.31909,13.32211,0.00,0.00
2016.08.09 06:18:08.045,13.31899,13.32201,0.00,0.00
2016.08.09 06:18:09.148,13.31903,13.32212,0.00,0.00
2016.08.09 06:18:10.860,13.31908,13.32212,0.00,0.00
2016.08.09 06:18:12.309,13.31908,13.3218,0.00,0.00
2016.08.09 06:18:12.360,13.31899,13.3218,0.00,0.00
2016.08.09 06:18:12.461,13.31828,13.32132,0.00,0.00
2016.08.09 06:18:12.555,13.31809,13.32111,0.00,0.00
2016.08.09 06:18:12.655,13.31828,13.32132,0.00,0.00
2016.08.09 06:18:12.756,13.31849,13.32151,0.00,0.00
2016.08.09 06:18:12.857,13.31868,13.32172,0.00,0.00
2016.08.09 06:18:12.958,13.31878,13.32182,0.00,0.00
2016.08.09 06:18:13.318,13.31868,13.32172,0.00,0.00
2016.08.09 06:18:14.070,13.31809,13.32111,0.00,0.00
2016.08.09 06:18:14.259,13.31818,13.32122,0.00,0.00
2016.08.09 06:18:14.468,13.31828,13.32132,0.00,0.00
2016.08.09 06:18:14.865,13.31808,13.32112,0.00,0.00
2016.08.09 06:18:15.386,13.31818,13.32122,0.00,0.00
2016.08.09 06:18:15.715,13.31809,13.32111,0.00,0.00
2016.08.09 06:18:16.193,13.31819,13.32121,0.00,0.00
2016.08.09 06:18:16.564,13.31808,13.32112,0.00,0.00
2016.08.09 06:18:16.665,13.31829,13.32131,0.00,0.00
2016.08.09 06:18:17.132,13.31809,13.32111,0.00,0.00
2016.08.09 06:18:17.565,13.31819,13.32121,0.00,0.00
2016.08.09 06:18:18.122,13.31818,13.32122,0.00,0.00
2016.08.09 06:18:20.816,13.31879,13.32132,0.00,0.00
2016.08.09 06:18:20.870,13.31929,13.32231,0.00,0.00
2016.08.09 06:18:21.270,13.31899,13.32201,0.00,0.00
2016.08.09 06:18:21.371,13.31928,13.32232,0.00,0.00
2016.08.09 06:18:21.476,13.31918,13.32222,0.00,0.00
2016.08.09 06:18:21.971,13.31908,13.32212,0.00,0.00
2016.08.09 06:18:22.322,13.31919,13.32221,0.00,0.00
2016.08.09 06:18:22.373,13.31928,13.32232,0.00,0.00
2016.08.09 06:18:22.572,13.31918,13.32222,0.00,0.00
2016.08.09 06:18:24.581,13.31908,13.32212,0.00,0.00
2016.08.09 06:18:26.984,13.31919,13.32221,0.00,0.00
2016.08.09 06:18:27.686,13.31929,13.32231,0.00,0.00
2016.08.09 06:18:29.524,13.31918,13.32222,0.00,0.00
2016.08.09 06:18:30.242,13.31928,13.32232,0.00,0.00
2016.08.09 06:18:31.791,13.31918,13.32222,0.00,0.00
2016.08.09 06:18:32.318,13.31908,13.32212,0.00,0.00
2016.08.09 06:18:32.792,13.31919,13.32221,0.00,0.00
2016.08.09 06:18:34.494,13.31928,13.32232,0.00,0.00
2016.08.09 06:18:36.597,13.31919,13.32221,0.00,0.00
2016.08.09 06:18:37.600,13.31908,13.32212,0.00,0.00
2016.08.09 06:18:37.801,13.31928,13.32232,0.00,0.00
2016.08.09 06:18:38.231,13.31918,13.32222,0.00,0.00
2016.08.09 06:18:38.539,13.31908,13.32212,0.00,0.00
2016.08.09 06:18:38.604,13.31913,13.32222,0.00,0.00
2016.08.09 06:18:39.849,13.31923,13.32232,0.00,0.00
2016.08.09 06:18:40.207,13.31918,13.32222,0.00,0.00
2016.08.09 06:18:44.513,13.31909,13.32211,0.00,0.00
2016.08.09 06:18:45.214,13.31919,13.32221,0.00,0.00
2016.08.09 06:18:46.336,13.31908,13.32212,0.00,0.00
2016.08.09 06:18:47.819,13.31918,13.32222,0.00,0.00
2016.08.09 06:18:51.161,13.31909,13.32211,0.00,0.00
2016.08.09 06:18:53.426,13.31928,13.32232,0.00,0.00
2016.08.09 06:18:53.827,13.31908,13.32212,0.00,0.00
2016.08.09 06:18:54.539,13.31929,13.32231,0.00,0.00
2016.08.09 06:18:56.253,13.31918,13.32222,0.00,0.00
2016.08.09 06:18:56.430,13.31899,13.32201,0.00,0.00
2016.08.09 06:18:56.668,13.31918,13.32222,0.00,0.00
2016.08.09 06:19:00.837,13.31928,13.32232,0.00,0.00
2016.08.09 06:19:01.371,13.31929,13.32231,0.00,0.00
2016.08.09 06:19:01.637,13.31918,13.32222,0.00,0.00
2016.08.09 06:19:01.744,13.31928,13.32232,0.00,0.00
2016.08.09 06:19:03.039,13.31918,13.32222,0.00,0.00
2016.08.09 06:19:04.252,13.31929,13.32231,0.00,0.00
2016.08.09 06:19:04.480,13.31908,13.32212,0.00,0.00
2016.08.09 06:19:04.582,13.31928,13.32232,0.00,0.00
2016.08.09 06:19:05.042,13.31918,13.32222,0.00,0.00
2016.08.09 06:19:05.382,13.31998,13.32291,0.00,0.00
2016.08.09 06:19:05.559,13.3198,13.32282,0.00,0.00
2016.08.09 06:19:05.856,13.32018,13.32322,0.00,0.00
2016.08.09 06:19:05.961,13.31999,13.32301,0.00,0.00
2016.08.09 06:19:07.074,13.32008,13.32312,0.00,0.00
2016.08.09 06:19:07.175,13.32019,13.32321,0.00,0.00
2016.08.09 06:19:07.886,13.32009,13.32311,0.00,0.00
2016.08.09 06:19:08.267,13.32019,13.32321,0.00,0.00
2016.08.09 06:19:08.876,13.32008,13.32312,0.00,0.00
2016.08.09 06:19:09.571,13.32028,13.32332,0.00,0.00
2016.08.09 06:19:10.049,13.31998,13.32302,0.00,0.00
2016.08.09 06:19:10.371,13.32028,13.32332,0.00,0.00
2016.08.09 06:19:11.251,13.32008,13.32312,0.00,0.00
2016.08.09 06:19:13.454,13.32029,13.32331,0.00,0.00
2016.08.09 06:19:14.357,13.32008,13.32312,0.00,0.00
2016.08.09 06:19:14.593,13.32029,13.32331,0.00,0.00
2016.08.09 06:19:14.659,13.31998,13.32302,0.00,0.00
2016.08.09 06:19:14.781,13.32018,13.32322,0.00,0.00
2016.08.09 06:19:15.163,13.32009,13.32311,0.00,0.00
2016.08.09 06:19:16.462,13.32019,13.32321,0.00,0.00
2016.08.09 06:19:17.079,13.31999,13.32301,0.00,0.00
2016.08.09 06:19:17.450,13.31979,13.32281,0.00,0.00
2016.08.09 06:19:17.664,13.31988,13.32292,0.00,0.00
2016.08.09 06:19:17.779,13.31959,13.32261,0.00,0.00
2016.08.09 06:19:17.880,13.3195,13.32242,0.00,0.00
2016.08.09 06:19:18.065,13.3195,13.32252,0.00,0.00
2016.08.09 06:19:18.184,13.31959,13.32261,0.00,0.00
2016.08.09 06:19:18.265,13.31949,13.32252,0.00,0.00
2016.08.09 06:19:18.516,13.31949,13.32241,0.00,0.00
2016.08.09 06:19:19.641,13.3195,13.32241,0.00,0.00
2016.08.09 06:19:19.869,13.3195,13.32251,0.00,0.00
2016.08.09 06:19:19.942,13.3196,13.32251,0.00,0.00
2016.08.09 06:19:20.095,13.31988,13.3229,0.00,0.00
2016.08.09 06:19:20.688,13.31978,13.32282,0.00,0.00
2016.08.09 06:19:21.173,13.31988,13.32291,0.00,0.00
2016.08.09 06:19:21.245,13.31988,13.32292,0.00,0.00
2016.08.09 06:19:21.295,13.32018,13.32322,0.00,0.00
2016.08.09 06:19:21.765,13.32029,13.32331,0.00,0.00
2016.08.09 06:19:23.099,13.31998,13.32302,0.00,0.00
2016.08.09 06:19:23.413,13.32008,13.32312,0.00,0.00
2016.08.09 06:19:23.905,13.31998,13.32302,0.00,0.00
2016.08.09 06:19:28.089,13.31969,13.32271,0.00,0.00
2016.08.09 06:19:28.190,13.31908,13.32212,0.00,0.00
2016.08.09 06:19:28.291,13.3193,13.32222,0.00,0.00
2016.08.09 06:19:28.392,13.31969,13.32271,0.00,0.00
2016.08.09 06:19:28.609,13.31949,13.32251,0.00,0.00
2016.08.09 06:19:28.797,13.31968,13.32272,0.00,0.00
2016.08.09 06:19:29.093,13.31948,13.32252,0.00,0.00
2016.08.09 06:19:30.189,13.31979,13.32272,0.00,0.00
2016.08.09 06:19:30.310,13.32009,13.32311,0.00,0.00
2016.08.09 06:19:30.611,13.31998,13.32302,0.00,0.00
2016.08.09 06:19:30.712,13.32008,13.32312,0.00,0.00
2016.08.09 06:19:31.107,13.32018,13.32322,0.00,0.00
2016.08.09 06:19:31.431,13.31988,13.32292,0.00,0.00
2016.08.09 06:19:32.592,13.32019,13.32321,0.00,0.00
2016.08.09 06:19:33.211,13.31979,13.32272,0.00,0.00
2016.08.09 06:19:33.262,13.31968,13.32272,0.00,0.00
2016.08.09 06:19:33.642,13.31998,13.32291,0.00,0.00
2016.08.09 06:19:34.115,13.31959,13.32261,0.00,0.00
2016.08.09 06:19:34.196,13.31949,13.32251,0.00,0.00
2016.08.09 06:19:34.633,13.31968,13.32272,0.00,0.00
2016.08.09 06:19:35.188,13.31948,13.32252,0.00,0.00
2016.08.09 06:19:35.521,13.31938,13.32242,0.00,0.00
2016.08.09 06:19:35.894,13.3195,13.32242,0.00,0.00
2016.08.09 06:19:35.944,13.31958,13.32262,0.00,0.00
2016.08.09 06:19:35.995,13.31969,13.32262,0.00,0.00
2016.08.09 06:19:36.045,13.31969,13.32271,0.00,0.00
2016.08.09 06:19:36.096,13.3202,13.32271,0.00,0.00
2016.08.09 06:19:36.147,13.3202,13.32291,0.00,0.00
2016.08.09 06:19:36.350,13.32038,13.3232,0.00,0.00
2016.08.09 06:19:36.401,13.32029,13.3232,0.00,0.00
2016.08.09 06:19:36.923,13.32019,13.32311,0.00,0.00
2016.08.09 06:19:37.602,13.32038,13.32321,0.00,0.00
2016.08.09 06:19:37.825,13.32019,13.32321,0.00,0.00
2016.08.09 06:19:38.107,13.31988,13.32291,0.00,0.00
2016.08.09 06:19:38.292,13.31969,13.32272,0.00,0.00
2016.08.09 06:19:38.403,13.31979,13.32281,0.00,0.00
2016.08.09 06:19:38.717,13.31999,13.32291,0.00,0.00
2016.08.09 06:19:39.097,13.3202,13.3227,0.00,0.00
2016.08.09 06:19:39.198,13.31979,13.32251,0.00,0.00
2016.08.09 06:19:39.249,13.32008,13.32251,0.00,0.00
2016.08.09 06:19:39.299,13.32008,13.3227,0.00,0.00
2016.08.09 06:19:39.350,13.3197,13.32261,0.00,0.00
2016.08.09 06:19:39.451,13.31978,13.32281,0.00,0.00
2016.08.09 06:19:39.577,13.31978,13.32282,0.00,0.00
2016.08.09 06:19:39.628,13.31969,13.32272,0.00,0.00
2016.08.09 06:19:39.827,13.31978,13.32282,0.00,0.00
2016.08.09 06:19:40.854,13.31969,13.32262,0.00,0.00
2016.08.09 06:19:41.135,13.3197,13.32272,0.00,0.00
2016.08.09 06:19:42.110,13.31978,13.32282,0.00,0.00
2016.08.09 06:19:42.519,13.3197,13.32262,0.00,0.00
2016.08.09 06:19:42.907,13.3207,13.32262,0.00,0.00
2016.08.09 06:19:42.958,13.3207,13.32281,0.00,0.00
2016.08.09 06:19:43.059,13.3207,13.32301,0.00,0.00
2016.08.09 06:19:43.161,13.32048,13.32321,0.00,0.00
2016.08.09 06:19:43.262,13.32029,13.3232,0.00,0.00
2016.08.09 06:19:43.444,13.3202,13.3232,0.00,0.00
2016.08.09 06:19:43.644,13.32038,13.3232,0.00,0.00
2016.08.09 06:19:43.718,13.3202,13.3232,0.00,0.00
2016.08.09 06:19:44.996,13.32019,13.32321,0.00,0.00
2016.08.09 06:19:45.711,13.3202,13.3232,0.00,0.00
2016.08.09 06:19:46.499,13.32019,13.32321,0.00,0.00
2016.08.09 06:19:46.722,13.32019,13.32312,0.00,0.00
2016.08.09 06:19:46.823,13.3197,13.32261,0.00,0.00
2016.08.09 06:19:47.026,13.3202,13.3227,0.00,0.00
2016.08.09 06:19:47.127,13.32029,13.32271,0.00,0.00
2016.08.09 06:19:47.566,13.32019,13.32271,0.00,0.00
2016.08.09 06:19:47.843,13.31988,13.32271,0.00,0.00
2016.08.09 06:19:47.945,13.31969,13.32262,0.00,0.00
2016.08.09 06:19:48.153,13.31969,13.32271,0.00,0.00
2016.08.09 06:19:48.353,13.31979,13.32271,0.00,0.00
2016.08.09 06:19:49.025,13.31969,13.32271,0.00,0.00
2016.08.09 06:19:49.455,13.31969,13.32262,0.00,0.00
2016.08.09 06:19:50.207,13.31958,13.32262,0.00,0.00
2016.08.09 06:19:50.547,13.31928,13.32232,0.00,0.00
2016.08.09 06:19:50.627,13.31944,13.32251,0.00,0.00
2016.08.09 06:19:50.815,13.31949,13.32251,0.00,0.00
2016.08.09 06:19:52.862,13.31928,13.32232,0.00,0.00
2016.08.09 06:19:53.232,13.31939,13.32241,0.00,0.00
2016.08.09 06:19:53.464,13.31958,13.32262,0.00,0.00
2016.08.09 06:19:53.810,13.31949,13.32251,0.00,0.00
2016.08.09 06:19:57.928,13.3195,13.32251,0.00,0.00
2016.08.09 06:19:58.455,13.31949,13.32231,0.00,0.00
2016.08.09 06:19:58.660,13.31998,13.3227,0.00,0.00
2016.08.09 06:19:58.729,13.31998,13.32271,0.00,0.00
2016.08.09 06:19:58.780,13.32003,13.32271,0.00,0.00
2016.08.09 06:19:58.943,13.31999,13.32271,0.00,0.00
2016.08.09 06:19:59.489,13.31999,13.3227,0.00,0.00
2016.08.09 06:20:00.433,13.31999,13.32271,0.00,0.00
2016.08.09 06:20:01.242,13.31988,13.32271,0.00,0.00
2016.08.09 06:20:01.292,13.31958,13.32262,0.00,0.00
2016.08.09 06:20:03.371,13.31928,13.32232,0.00,0.00
2016.08.09 06:20:03.678,13.31909,13.32211,0.00,0.00
2016.08.09 06:20:03.895,13.31898,13.32202,0.00,0.00
2016.08.09 06:20:05.301,13.31928,13.32232,0.00,0.00
2016.08.09 06:20:06.100,13.31908,13.32212,0.00,0.00
2016.08.09 06:20:08.295,13.31918,13.32222,0.00,0.00
2016.08.09 06:20:11.365,13.31898,13.32202,0.00,0.00
2016.08.09 06:20:11.997,13.31979,13.32232,0.00,0.00
2016.08.09 06:20:12.098,13.3198,13.32281,0.00,0.00
2016.08.09 06:20:12.166,13.32018,13.32322,0.00,0.00
2016.08.09 06:20:12.216,13.32069,13.32322,0.00,0.00
2016.08.09 06:20:12.317,13.32069,13.32362,0.00,0.00
2016.08.09 06:20:12.368,13.32069,13.32371,0.00,0.00
2016.08.09 06:20:12.419,13.32068,13.32271,0.00,0.00
2016.08.09 06:20:12.469,13.31969,13.32261,0.00,0.00
2016.08.09 06:20:12.970,13.31978,13.3227,0.00,0.00
2016.08.09 06:20:15.092,13.31978,13.32271,0.00,0.00
2016.08.09 06:20:15.193,13.3197,13.32262,0.00,0.00
2016.08.09 06:20:15.673,13.31969,13.32271,0.00,0.00
2016.08.09 06:20:18.291,13.3197,13.3227,0.00,0.00
2016.08.09 06:20:18.392,13.31978,13.32271,0.00,0.00
2016.08.09 06:20:18.494,13.31988,13.32271,0.00,0.00
2016.08.09 06:20:18.816,13.31998,13.32271,0.00,0.00
2016.08.09 06:20:18.877,13.31988,13.32271,0.00,0.00
2016.08.09 06:20:18.979,13.32009,13.32271,0.00,0.00
2016.08.09 06:20:20.298,13.32009,13.3227,0.00,0.00
2016.08.09 06:20:20.380,13.31989,13.3227,0.00,0.00
2016.08.09 06:20:21.100,13.3202,13.32291,0.00,0.00
2016.08.09 06:20:21.201,13.32069,13.32312,0.00,0.00
2016.08.09 06:20:21.302,13.32069,13.32321,0.00,0.00
2016.08.09 06:20:21.526,13.32038,13.32331,0.00,0.00
2016.08.09 06:20:21.582,13.32019,13.32311,0.00,0.00
2016.08.09 06:20:21.632,13.32009,13.3227,0.00,0.00
2016.08.09 06:20:21.734,13.31978,13.3227,0.00,0.00
2016.08.09 06:20:21.818,13.3197,13.32261,0.00,0.00
2016.08.09 06:20:22.000,13.3197,13.3227,0.00,0.00
2016.08.09 06:20:22.051,13.32019,13.32271,0.00,0.00
2016.08.09 06:20:22.101,13.32028,13.32332,0.00,0.00
2016.08.09 06:20:22.383,13.32019,13.32312,0.00,0.00
2016.08.09 06:20:22.500,13.32019,13.32321,0.00,0.00
2016.08.09 06:20:22.551,13.3202,13.32321,0.00,0.00
2016.08.09 06:20:23.907,13.32019,13.32321,0.00,0.00
2016.08.09 06:20:27.965,13.3202,13.32321,0.00,0.00
2016.08.09 06:20:28.031,13.32028,13.32332,0.00,0.00
2016.08.09 06:20:29.009,13.3202,13.32322,0.00,0.00
2016.08.09 06:20:29.060,13.32018,13.32281,0.00,0.00
2016.08.09 06:20:29.110,13.31989,13.32281,0.00,0.00
2016.08.09 06:20:29.161,13.3202,13.3228,0.00,0.00
2016.08.09 06:20:29.344,13.32019,13.32291,0.00,0.00
2016.08.09 06:20:29.395,13.32048,13.32351,0.00,0.00
2016.08.09 06:20:29.525,13.32048,13.32352,0.00,0.00
2016.08.09 06:20:29.593,13.32019,13.32321,0.00,0.00
2016.08.09 06:20:30.327,13.3202,13.32321,0.00,0.00
2016.08.09 06:20:30.428,13.32038,13.32342,0.00,0.00
2016.08.09 06:20:33.242,13.32048,13.32271,0.00,0.00
2016.08.09 06:20:33.298,13.31999,13.32271,0.00,0.00
2016.08.09 06:20:33.400,13.31969,13.32271,0.00,0.00
2016.08.09 06:20:33.616,13.31979,13.32271,0.00,0.00
2016.08.09 06:20:33.815,13.31998,13.32271,0.00,0.00
2016.08.09 06:20:34.200,13.31978,13.32271,0.00,0.00
2016.08.09 06:20:34.300,13.31969,13.32271,0.00,0.00
2016.08.09 06:20:35.118,13.31988,13.32271,0.00,0.00
2016.08.09 06:20:37.042,13.31988,13.3227,0.00,0.00
2016.08.09 06:20:38.255,13.32014,13.32302,0.00,0.00
2016.08.09 06:20:38.356,13.32053,13.32351,0.00,0.00
2016.08.09 06:20:38.697,13.32038,13.32342,0.00,0.00
2016.08.09 06:20:38.808,13.32043,13.3235,0.00,0.00
2016.08.09 06:20:40.136,13.32048,13.3235,0.00,0.00
2016.08.09 06:20:40.952,13.32048,13.32341,0.00,0.00
2016.08.09 06:20:41.011,13.32008,13.32312,0.00,0.00
2016.08.09 06:20:41.112,13.31998,13.32302,0.00,0.00
2016.08.09 06:20:41.264,13.31998,13.3227,0.00,0.00
2016.08.09 06:20:41.314,13.31979,13.3227,0.00,0.00
2016.08.09 06:20:41.415,13.31948,13.32252,0.00,0.00
2016.08.09 06:20:41.628,13.31958,13.32262,0.00,0.00
2016.08.09 06:20:42.130,13.31948,13.32252,0.00,0.00
2016.08.09 06:20:42.849,13.31978,13.32282,0.00,0.00
2016.08.09 06:20:43.257,13.32008,13.32312,0.00,0.00
2016.08.09 06:20:43.616,13.31998,13.32302,0.00,0.00
2016.08.09 06:20:44.331,13.32009,13.32311,0.00,0.00
2016.08.09 06:20:45.417,13.31999,13.32301,0.00,0.00
2016.08.09 06:20:47.038,13.31978,13.32282,0.00,0.00
2016.08.09 06:20:47.089,13.31978,13.32271,0.00,0.00
2016.08.09 06:20:47.140,13.31949,13.32251,0.00,0.00
2016.08.09 06:20:47.467,13.31968,13.32271,0.00,0.00
2016.08.09 06:20:47.521,13.31948,13.32252,0.00,0.00
2016.08.09 06:20:48.738,13.31969,13.3227,0.00,0.00
2016.08.09 06:20:48.869,13.31969,13.32271,0.00,0.00
2016.08.09 06:20:49.272,13.31969,13.32271,0.00,0.00
2016.08.09 06:20:49.373,13.31959,13.32261,0.00,0.00
2016.08.09 06:20:49.424,13.31969,13.32271,0.00,0.00
2016.08.09 06:20:49.791,13.31969,13.32271,0.00,0.00
2016.08.09 06:20:49.842,13.32009,13.32281,0.00,0.00
2016.08.09 06:20:49.892,13.32009,13.32291,0.00,0.00
2016.08.09 06:20:50.120,13.32029,13.32331,0.00,0.00
2016.08.09 06:20:50.171,13.32019,13.32321,0.00,0.00
2016.08.09 06:20:50.491,13.31999,13.32301,0.00,0.00
2016.08.09 06:20:50.541,13.32018,13.32322,0.00,0.00
2016.08.09 06:20:51.142,13.32039,13.32341,0.00,0.00
2016.08.09 06:20:51.193,13.32039,13.32341,0.00,0.00
2016.08.09 06:20:51.344,13.32059,13.32361,0.00,0.00
2016.08.09 06:20:51.395,13.32059,13.32361,0.00,0.00
2016.08.09 06:20:51.661,13.32039,13.32341,0.00,0.00
2016.08.09 06:20:52.344,13.32018,13.32322,0.00,0.00
2016.08.09 06:20:52.445,13.32029,13.32331,0.00,0.00
2016.08.09 06:20:52.546,13.32068,13.3237,0.00,0.00
2016.08.09 06:20:52.744,13.32048,13.32352,0.00,0.00
2016.08.09 06:20:53.413,13.32049,13.32351,0.00,0.00
2016.08.09 06:20:54.235,13.32038,13.32342,0.00,0.00
2016.08.09 06:20:54.835,13.32048,13.32352,0.00,0.00
2016.08.09 06:20:55.515,13.32038,13.32342,0.00,0.00
2016.08.09 06:20:55.840,13.32048,13.32352,0.00,0.00
2016.08.09 06:20:56.341,13.32038,13.32342,0.00,0.00
2016.08.09 06:20:56.855,13.32048,13.32352,0.00,0.00
2016.08.09 06:20:57.187,13.32039,13.32341,0.00,0.00
2016.08.09 06:20:57.545,13.32068,13.32371,0.00,0.00
2016.08.09 06:20:58.554,13.32048,13.32352,0.00,0.00
2016.08.09 06:20:58.950,13.32039,13.32341,0.00,0.00
2016.08.09 06:20:59.454,13.32058,13.32362,0.00,0.00
2016.08.09 06:20:59.555,13.32049,13.32351,0.00,0.00
2016.08.09 06:21:00.104,13.32059,13.32361,0.00,0.00
2016.08.09 06:21:00.452,13.32019,13.3227,0.00,0.00
2016.08.09 06:21:00.719,13.31948,13.32252,0.00,0.00
2016.08.09 06:21:00.770,13.31968,13.3227,0.00,0.00
2016.08.09 06:21:01.145,13.31959,13.32261,0.00,0.00
2016.08.09 06:21:01.445,13.31963,13.32271,0.00,0.00
2016.08.09 06:21:01.869,13.32003,13.323,0.00,0.00
2016.08.09 06:21:01.937,13.32003,13.32312,0.00,0.00
2016.08.09 06:21:02.309,13.32008,13.32312,0.00,0.00
2016.08.09 06:21:02.360,13.32014,13.32321,0.00,0.00
2016.08.09 06:21:03.466,13.32008,13.32312,0.00,0.00
2016.08.09 06:21:03.656,13.32053,13.3235,0.00,0.00
2016.08.09 06:21:03.707,13.32053,13.32362,0.00,0.00
2016.08.09 06:21:04.128,13.32038,13.32342,0.00,0.00
2016.08.09 06:21:04.654,13.32043,13.32352,0.00,0.00
2016.08.09 06:21:05.203,13.32048,13.32352,0.00,0.00
2016.08.09 06:21:08.362,13.32039,13.32341,0.00,0.00
2016.08.09 06:21:08.463,13.32039,13.32341,0.00,0.00
2016.08.09 06:21:08.564,13.32039,13.32341,0.00,0.00
2016.08.09 06:21:08.775,13.32048,13.32352,0.00,0.00
2016.08.09 06:21:08.975,13.32058,13.32362,0.00,0.00
2016.08.09 06:21:11.444,13.32038,13.32342,0.00,0.00
2016.08.09 06:21:11.799,13.32058,13.32362,0.00,0.00
2016.08.09 06:21:12.605,13.32059,13.32361,0.00,0.00
2016.08.09 06:21:13.082,13.32039,13.32341,0.00,0.00
2016.08.09 06:21:13.278,13.32069,13.32371,0.00,0.00
2016.08.09 06:21:13.382,13.32039,13.32341,0.00,0.00
2016.08.09 06:21:13.869,13.32068,13.32341,0.00,0.00
2016.08.09 06:21:13.920,13.32068,13.32371,0.00,0.00
2016.08.09 06:21:13.970,13.32068,13.32372,0.00,0.00
2016.08.09 06:21:14.021,13.32118,13.32422,0.00,0.00
2016.08.09 06:21:14.122,13.32159,13.32461,0.00,0.00
2016.08.09 06:21:14.173,13.32159,13.3239,0.00,0.00
2016.08.09 06:21:14.223,13.32098,13.3239,0.00,0.00
2016.08.09 06:21:14.325,13.32078,13.32382,0.00,0.00
2016.08.09 06:21:14.375,13.32088,13.32391,0.00,0.00
2016.08.09 06:21:14.484,13.32098,13.32441,0.00,0.00
2016.08.09 06:21:15.485,13.32119,13.32441,0.00,0.00
2016.08.09 06:21:16.048,13.32119,13.3244,0.00,0.00
2016.08.09 06:21:17.084,13.32048,13.32371,0.00,0.00
2016.08.09 06:21:17.187,13.32078,13.3237,0.00,0.00
2016.08.09 06:21:17.488,13.32049,13.32371,0.00,0.00
2016.08.09 06:21:17.850,13.32079,13.3237,0.00,0.00
2016.08.09 06:21:18.479,13.32079,13.3244,0.00,0.00
2016.08.09 06:21:18.580,13.32109,13.3247,0.00,0.00
2016.08.09 06:21:18.956,13.32179,13.32471,0.00,0.00
2016.08.09 06:21:19.668,13.32158,13.32471,0.00,0.00
2016.08.09 06:21:19.893,13.32148,13.32461,0.00,0.00
2016.08.09 06:21:19.994,13.32119,13.32461,0.00,0.00
2016.08.09 06:21:20.084,13.32138,13.32461,0.00,0.00
2016.08.09 06:21:20.284,13.32138,13.3247,0.00,0.00
2016.08.09 06:21:20.335,13.32168,13.3247,0.00,0.00
2016.08.09 06:21:20.886,13.32158,13.32471,0.00,0.00
2016.08.09 06:21:21.186,13.32168,13.32471,0.00,0.00
2016.08.09 06:21:21.764,13.32168,13.3247,0.00,0.00
2016.08.09 06:21:22.273,13.32168,13.32471,0.00,0.00
2016.08.09 06:21:22.861,13.32168,13.3247,0.00,0.00
2016.08.09 06:21:23.990,13.32129,13.3247,0.00,0.00
2016.08.09 06:21:24.041,13.32119,13.32411,0.00,0.00
2016.08.09 06:21:24.221,13.32099,13.3241,0.00,0.00
2016.08.09 06:21:24.322,13.32139,13.3241,0.00,0.00
2016.08.09 06:21:24.592,13.32128,13.32411,0.00,0.00
2016.08.09 06:21:25.193,13.32129,13.32411,0.00,0.00
2016.08.09 06:21:25.401,13.32098,13.32411,0.00,0.00
2016.08.09 06:21:25.994,13.32109,13.3241,0.00,0.00
2016.08.09 06:21:26.495,13.32119,13.32411,0.00,0.00
2016.08.09 06:21:27.298,13.32118,13.32411,0.00,0.00
2016.08.09 06:21:28.119,13.32118,13.3241,0.00,0.00
2016.08.09 06:21:29.838,13.32138,13.3241,0.00,0.00
2016.08.09 06:21:29.939,13.32168,13.32461,0.00,0.00
2016.08.09 06:21:29.990,13.32168,13.32411,0.00,0.00
2016.08.09 06:21:30.040,13.32139,13.32411,0.00,0.00
2016.08.09 06:21:30.091,13.32128,13.3241,0.00,0.00
2016.08.09 06:21:30.205,13.32108,13.3241,0.00,0.00
2016.08.09 06:21:30.534,13.32108,13.32411,0.00,0.00
2016.08.09 06:21:30.642,13.32128,13.3241,0.00,0.00
2016.08.09 06:21:31.209,13.32099,13.32401,0.00,0.00
2016.08.09 06:21:31.304,13.32119,13.3241,0.00,0.00
2016.08.09 06:21:31.895,13.32119,13.32411,0.00,0.00
2016.08.09 06:21:32.046,13.32099,13.32401,0.00,0.00
2016.08.09 06:21:32.662,13.32129,13.3241,0.00,0.00
2016.08.09 06:21:32.930,13.32119,13.3241,0.00,0.00
2016.08.09 06:21:33.455,13.32128,13.32411,0.00,0.00
2016.08.09 06:21:34.015,13.32119,13.32411,0.00,0.00
2016.08.09 06:21:34.308,13.32108,13.32411,0.00,0.00
2016.08.09 06:21:34.423,13.32108,13.3241,0.00,0.00
2016.08.09 06:21:35.816,13.32108,13.32411,0.00,0.00
2016.08.09 06:21:36.134,13.32129,13.3241,0.00,0.00
2016.08.09 06:21:36.435,13.32098,13.32402,0.00,0.00
2016.08.09 06:21:37.710,13.32098,13.3236,0.00,0.00
2016.08.09 06:21:37.963,13.32019,13.3231,0.00,0.00
2016.08.09 06:21:38.261,13.32039,13.3231,0.00,0.00
2016.08.09 06:21:38.511,13.32028,13.32311,0.00,0.00
2016.08.09 06:21:39.714,13.32028,13.3231,0.00,0.00
2016.08.09 06:21:41.532,13.32018,13.3231,0.00,0.00
2016.08.09 06:21:41.870,13.32008,13.32311,0.00,0.00
2016.08.09 06:21:41.920,13.32028,13.32311,0.00,0.00
2016.08.09 06:21:42.019,13.32009,13.32311,0.00,0.00
2016.08.09 06:21:42.250,13.32018,13.32311,0.00,0.00
2016.08.09 06:21:42.896,13.32028,13.32311,0.00,0.00
2016.08.09 06:21:43.221,13.32019,13.32311,0.00,0.00
2016.08.09 06:21:45.150,13.32019,13.3231,0.00,0.00
2016.08.09 06:21:45.258,13.32023,13.32311,0.00,0.00
2016.08.09 06:21:45.359,13.31998,13.32302,0.00,0.00
2016.08.09 06:21:45.424,13.32013,13.32311,0.00,0.00
2016.08.09 06:21:45.525,13.31999,13.32301,0.00,0.00
2016.08.09 06:21:45.627,13.32023,13.32311,0.00,0.00
2016.08.09 06:21:46.153,13.32018,13.32311,0.00,0.00
2016.08.09 06:21:46.271,13.32023,13.3231,0.00,0.00
2016.08.09 06:21:46.654,13.32018,13.3231,0.00,0.00
2016.08.09 06:21:47.844,13.32008,13.3231,0.00,0.00
2016.08.09 06:21:48.358,13.32008,13.32311,0.00,0.00
2016.08.09 06:21:48.409,13.32018,13.32311,0.00,0.00
2016.08.09 06:21:52.363,13.32028,13.32311,0.00,0.00
2016.08.09 06:21:52.864,13.32008,13.32311,0.00,0.00
2016.08.09 06:21:52.936,13.32019,13.32311,0.00,0.00
2016.08.09 06:21:53.785,13.32019,13.3231,0.00,0.00
2016.08.09 06:21:54.102,13.32038,13.32311,0.00,0.00
2016.08.09 06:21:54.238,13.32019,13.32311,0.00,0.00
2016.08.09 06:21:55.240,13.32028,13.32311,0.00,0.00
2016.08.09 06:21:57.157,13.32028,13.32332,0.00,0.00
2016.08.09 06:21:57.481,13.32059,13.32361,0.00,0.00
2016.08.09 06:21:57.532,13.32078,13.32371,0.00,0.00
2016.08.09 06:21:58.073,13.32058,13.32362,0.00,0.00
2016.08.09 06:21:58.560,13.32048,13.32352,0.00,0.00
2016.08.09 06:21:59.175,13.32078,13.3237,0.00,0.00
2016.08.09 06:22:00.759,13.32059,13.32361,0.00,0.00
2016.08.09 06:22:00.860,13.32108,13.324,0.00,0.00
2016.08.09 06:22:01.178,13.32098,13.32401,0.00,0.00
2016.08.09 06:22:01.350,13.32089,13.32391,0.00,0.00
2016.08.09 06:22:02.153,13.32098,13.32401,0.00,0.00
2016.08.09 06:22:02.773,13.32098,13.324,0.00,0.00
2016.08.09 06:22:02.881,13.32078,13.32382,0.00,0.00
2016.08.09 06:22:02.982,13.32099,13.32401,0.00,0.00
2016.08.09 06:22:05.546,13.32099,13.324,0.00,0.00
2016.08.09 06:22:05.596,13.32088,13.32371,0.00,0.00
2016.08.09 06:22:05.698,13.32058,13.32362,0.00,0.00
2016.08.09 06:22:10.173,13.32078,13.3237,0.00,0.00
2016.08.09 06:22:10.274,13.32048,13.32352,0.00,0.00
2016.08.09 06:22:10.799,13.32069,13.3237,0.00,0.00
2016.08.09 06:22:11.256,13.32069,13.32371,0.00,0.00
2016.08.09 06:22:11.900,13.32059,13.32361,0.00,0.00
2016.08.09 06:22:15.579,13.32068,13.32371,0.00,0.00
2016.08.09 06:22:16.208,13.32058,13.32362,0.00,0.00
2016.08.09 06:22:21.421,13.32019,13.32301,0.00,0.00
2016.08.09 06:22:21.472,13.32019,13.32271,0.00,0.00
2016.08.09 06:22:21.523,13.32028,13.32271,0.00,0.00
2016.08.09 06:22:21.573,13.32028,13.32271,0.00,0.00
2016.08.09 06:22:21.624,13.31998,13.32271,0.00,0.00
2016.08.09 06:22:21.675,13.31998,13.32271,0.00,0.00
2016.08.09 06:22:21.776,13.31979,13.32271,0.00,0.00
2016.08.09 06:22:21.826,13.31959,13.32261,0.00,0.00
2016.08.09 06:22:21.927,13.31969,13.32271,0.00,0.00
2016.08.09 06:22:21.978,13.31969,13.3227,0.00,0.00
2016.08.09 06:22:22.029,13.31978,13.3227,0.00,0.00
2016.08.09 06:22:22.130,13.31949,13.32251,0.00,0.00
2016.08.09 06:22:22.519,13.31979,13.32271,0.00,0.00
2016.08.09 06:22:22.621,13.31948,13.32252,0.00,0.00
2016.08.09 06:22:24.122,13.31958,13.32262,0.00,0.00
2016.08.09 06:22:24.422,13.31978,13.3227,0.00,0.00
2016.08.09 06:22:25.045,13.31978,13.32271,0.00,0.00
2016.08.09 06:22:25.209,13.31968,13.32271,0.00,0.00
2016.08.09 06:22:25.597,13.31918,13.32171,0.00,0.00
2016.08.09 06:22:25.698,13.31899,13.322,0.00,0.00
2016.08.09 06:22:25.767,13.31899,13.32201,0.00,0.00
2016.08.09 06:22:25.868,13.31948,13.32252,0.00,0.00
2016.08.09 06:22:25.919,13.31968,13.32261,0.00,0.00
2016.08.09 06:22:26.025,13.31958,13.32261,0.00,0.00
2016.08.09 06:22:26.126,13.31948,13.32252,0.00,0.00
2016.08.09 06:22:26.522,13.31959,13.32261,0.00,0.00
2016.08.09 06:22:26.827,13.31968,13.32261,0.00,0.00
2016.08.09 06:22:26.878,13.31968,13.32171,0.00,0.00
2016.08.09 06:22:27.023,13.31878,13.3217,0.00,0.00
2016.08.09 06:22:27.289,13.31889,13.3217,0.00,0.00
2016.08.09 06:22:27.340,13.31878,13.3217,0.00,0.00
2016.08.09 06:22:27.598,13.31888,13.3217,0.00,0.00
2016.08.09 06:22:27.700,13.31878,13.32171,0.00,0.00
2016.08.09 06:22:28.328,13.31889,13.32171,0.00,0.00
2016.08.09 06:22:28.630,13.31908,13.3217,0.00,0.00
2016.08.09 06:22:28.830,13.31889,13.32171,0.00,0.00
2016.08.09 06:22:30.210,13.31908,13.32212,0.00,0.00
2016.08.09 06:22:30.311,13.31968,13.3227,0.00,0.00
2016.08.09 06:22:30.425,13.31959,13.32261,0.00,0.00
2016.08.09 06:22:30.476,13.31959,13.32199,0.00,0.00
2016.08.09 06:22:30.527,13.3188,13.32151,0.00,0.00
2016.08.09 06:22:30.633,13.31849,13.32151,0.00,0.00
2016.08.09 06:22:30.704,13.31879,13.32171,0.00,0.00
2016.08.09 06:22:30.817,13.31848,13.32152,0.00,0.00
2016.08.09 06:22:30.934,13.31878,13.32171,0.00,0.00
2016.08.09 06:22:31.039,13.31868,13.3217,0.00,0.00
2016.08.09 06:22:31.309,13.31978,13.32271,0.00,0.00
2016.08.09 06:22:31.435,13.31948,13.32252,0.00,0.00
2016.08.09 06:22:31.933,13.31899,13.32201,0.00,0.00
2016.08.09 06:22:32.237,13.31868,13.32171,0.00,0.00
2016.08.09 06:22:32.543,13.31888,13.32171,0.00,0.00
2016.08.09 06:22:32.644,13.31879,13.32171,0.00,0.00
2016.08.09 06:22:32.883,13.31858,13.32162,0.00,0.00
2016.08.09 06:22:33.044,13.31878,13.3217,0.00,0.00
2016.08.09 06:22:33.205,13.31878,13.32171,0.00,0.00
2016.08.09 06:22:33.256,13.31858,13.32162,0.00,0.00
2016.08.09 06:22:34.157,13.31878,13.3217,0.00,0.00
2016.08.09 06:22:34.790,13.31878,13.32171,0.00,0.00
2016.08.09 06:22:35.381,13.31878,13.3217,0.00,0.00
2016.08.09 06:22:35.512,13.31868,13.3217,0.00,0.00
2016.08.09 06:22:36.614,13.31868,13.32171,0.00,0.00
2016.08.09 06:22:37.015,13.31878,13.32171,0.00,0.00
2016.08.09 06:22:37.556,13.31878,13.3217,0.00,0.00
2016.08.09 06:22:38.746,13.31868,13.3217,0.00,0.00
2016.08.09 06:22:40.441,13.31868,13.32171,0.00,0.00
2016.08.09 06:22:41.120,13.31868,13.3217,0.00,0.00
2016.08.09 06:22:41.171,13.31873,13.3217,0.00,0.00
2016.08.09 06:22:41.221,13.31869,13.3217,0.00,0.00
2016.08.09 06:22:43.752,13.31878,13.32171,0.00,0.00
2016.08.09 06:22:44.025,13.31859,13.32161,0.00,0.00
2016.08.09 06:22:45.027,13.31868,13.3217,0.00,0.00
2016.08.09 06:22:45.833,13.31868,13.32171,0.00,0.00
2016.08.09 06:22:46.058,13.31858,13.32162,0.00,0.00
2016.08.09 06:22:46.629,13.31878,13.3217,0.00,0.00
2016.08.09 06:22:46.730,13.31858,13.32162,0.00,0.00
2016.08.09 06:22:48.059,13.31868,13.32171,0.00,0.00
2016.08.09 06:22:48.332,13.31858,13.32162,0.00,0.00
2016.08.09 06:22:48.532,13.31868,13.32171,0.00,0.00
2016.08.09 06:22:49.761,13.31858,13.32162,0.00,0.00
2016.08.09 06:22:50.234,13.31868,13.32171,0.00,0.00
2016.08.09 06:22:50.462,13.31859,13.32161,0.00,0.00
2016.08.09 06:22:50.658,13.31879,13.32171,0.00,0.00
2016.08.09 06:22:50.963,13.31869,13.32171,0.00,0.00
2016.08.09 06:22:51.364,13.31859,13.32161,0.00,0.00
2016.08.09 06:22:51.436,13.31848,13.32152,0.00,0.00
2016.08.09 06:22:52.365,13.31848,13.321,0.00,0.00
2016.08.09 06:22:52.437,13.31858,13.321,0.00,0.00
2016.08.09 06:22:52.487,13.31858,13.32162,0.00,0.00
2016.08.09 06:22:52.538,13.31868,13.32171,0.00,0.00
2016.08.09 06:22:52.639,13.31848,13.32152,0.00,0.00
2016.08.09 06:22:53.266,13.31858,13.32162,0.00,0.00
2016.08.09 06:22:53.338,13.31868,13.3217,0.00,0.00
2016.08.09 06:22:53.439,13.31858,13.32162,0.00,0.00
2016.08.09 06:22:53.792,13.31838,13.32142,0.00,0.00
2016.08.09 06:22:55.470,13.31868,13.3217,0.00,0.00
2016.08.09 06:22:55.871,13.31858,13.32162,0.00,0.00
2016.08.09 06:22:56.580,13.31869,13.3208,0.00,0.00
2016.08.09 06:22:56.681,13.31788,13.32092,0.00,0.00
2016.08.09 06:22:56.812,13.31788,13.32071,0.00,0.00
2016.08.09 06:22:56.913,13.31818,13.32101,0.00,0.00
2016.08.09 06:22:56.964,13.31788,13.32092,0.00,0.00
2016.08.09 06:22:57.065,13.31859,13.32071,0.00,0.00
2016.08.09 06:22:57.166,13.31778,13.32071,0.00,0.00
2016.08.09 06:22:57.550,13.31789,13.32071,0.00,0.00
2016.08.09 06:22:57.958,13.31768,13.32071,0.00,0.00
2016.08.09 06:22:58.346,13.31789,13.32071,0.00,0.00
2016.08.09 06:22:58.868,13.31798,13.32071,0.00,0.00
2016.08.09 06:22:59.047,13.31788,13.32071,0.00,0.00
2016.08.09 06:22:59.337,13.31799,13.32071,0.00,0.00
2016.08.09 06:22:59.388,13.31799,13.32101,0.00,0.00
2016.08.09 06:22:59.550,13.31848,13.32152,0.00,0.00
2016.08.09 06:22:59.651,13.31868,13.3217,0.00,0.00
2016.08.09 06:22:59.702,13.31868,13.321,0.00,0.00
2016.08.09 06:22:59.803,13.31848,13.32071,0.00,0.00
2016.08.09 06:22:59.954,13.31758,13.32062,0.00,0.00
2016.08.09 06:23:00.257,13.31779,13.3207,0.00,0.00
2016.08.09 06:23:00.485,13.31759,13.32061,0.00,0.00
2016.08.09 06:23:00.569,13.31748,13.32052,0.00,0.00
2016.08.09 06:23:01.055,13.31768,13.32071,0.00,0.00
2016.08.09 06:23:01.178,13.31748,13.32052,0.00,0.00
2016.08.09 06:23:01.357,13.31758,13.32062,0.00,0.00
2016.08.09 06:23:02.029,13.31769,13.3207,0.00,0.00
2016.08.09 06:23:02.177,13.31748,13.32052,0.00,0.00
2016.08.09 06:23:02.509,13.31768,13.3207,0.00,0.00
2016.08.09 06:23:02.758,13.31758,13.32062,0.00,0.00
2016.08.09 06:23:03.118,13.31748,13.32052,0.00,0.00
2016.08.09 06:23:03.615,13.31759,13.32061,0.00,0.00
2016.08.09 06:23:06.278,13.31769,13.3207,0.00,0.00
2016.08.09 06:23:06.392,13.31758,13.32062,0.00,0.00
2016.08.09 06:23:07.195,13.31769,13.32071,0.00,0.00
2016.08.09 06:23:07.681,13.31748,13.32052,0.00,0.00
2016.08.09 06:23:07.871,13.31869,13.32151,0.00,0.00
2016.08.09 06:23:07.922,13.31869,13.32171,0.00,0.00
2016.08.09 06:23:07.973,13.31839,13.32141,0.00,0.00
2016.08.09 06:23:08.074,13.31869,13.32171,0.00,0.00
2016.08.09 06:23:08.124,13.31869,13.32091,0.00,0.00
2016.08.09 06:23:08.175,13.31798,13.32091,0.00,0.00
2016.08.09 06:23:08.226,13.31798,13.32102,0.00,0.00
2016.08.09 06:23:08.276,13.31838,13.32142,0.00,0.00
2016.08.09 06:23:08.800,13.31869,13.32171,0.00,0.00
2016.08.09 06:23:09.503,13.31859,13.32161,0.00,0.00
2016.08.09 06:23:09.576,13.31868,13.32171,0.00,0.00
2016.08.09 06:23:10.286,13.31819,13.32121,0.00,0.00
2016.08.09 06:23:10.337,13.31819,13.32101,0.00,0.00
2016.08.09 06:23:10.556,13.31839,13.32141,0.00,0.00
2016.08.09 06:23:10.677,13.31848,13.32152,0.00,0.00
2016.08.09 06:23:10.808,13.31869,13.32171,0.00,0.00
2016.08.09 06:23:11.411,13.31848,13.32152,0.00,0.00
2016.08.09 06:23:11.478,13.31869,13.32171,0.00,0.00
2016.08.09 06:23:11.831,13.31859,13.32161,0.00,0.00
2016.08.09 06:23:12.480,13.31838,13.32142,0.00,0.00
2016.08.09 06:23:12.581,13.31869,13.32171,0.00,0.00
2016.08.09 06:23:13.415,13.31839,13.32141,0.00,0.00
2016.08.09 06:23:14.332,13.31849,13.32151,0.00,0.00
2016.08.09 06:23:14.383,13.31869,13.32171,0.00,0.00
2016.08.09 06:23:14.783,13.31859,13.32161,0.00,0.00
2016.08.09 06:23:14.910,13.31868,13.32171,0.00,0.00
2016.08.09 06:23:15.083,13.31858,13.32162,0.00,0.00
2016.08.09 06:23:17.186,13.31838,13.32142,0.00,0.00
2016.08.09 06:23:17.491,13.31868,13.3217,0.00,0.00
2016.08.09 06:23:18.628,13.31859,13.32161,0.00,0.00
2016.08.09 06:23:18.718,13.31868,13.3217,0.00,0.00
2016.08.09 06:23:19.298,13.31858,13.32162,0.00,0.00
2016.08.09 06:23:19.790,13.31868,13.32171,0.00,0.00
2016.08.09 06:23:21.191,13.31858,13.32162,0.00,0.00
2016.08.09 06:23:21.529,13.31869,13.32171,0.00,0.00
2016.08.09 06:23:21.792,13.31858,13.32162,0.00,0.00
2016.08.09 06:23:22.639,13.31868,13.32171,0.00,0.00
2016.08.09 06:23:23.841,13.31868,13.3217,0.00,0.00
2016.08.09 06:23:23.895,13.31848,13.32152,0.00,0.00
2016.08.09 06:23:24.797,13.31858,13.32162,0.00,0.00
2016.08.09 06:23:25.332,13.31898,13.32202,0.00,0.00
2016.08.09 06:23:25.545,13.31969,13.32271,0.00,0.00
2016.08.09 06:23:25.598,13.31948,13.32252,0.00,0.00
2016.08.09 06:23:26.128,13.31949,13.32251,0.00,0.00
2016.08.09 06:23:28.526,13.31958,13.32262,0.00,0.00
2016.08.09 06:23:29.004,13.31939,13.32241,0.00,0.00
2016.08.09 06:23:31.674,13.31939,13.32201,0.00,0.00
2016.08.09 06:23:31.826,13.31919,13.32201,0.00,0.00
2016.08.09 06:23:31.977,13.31918,13.32222,0.00,0.00
2016.08.09 06:23:32.116,13.31909,13.32211,0.00,0.00
2016.08.09 06:23:32.798,13.31968,13.3219,0.00,0.00
2016.08.09 06:23:32.890,13.31888,13.32192,0.00,0.00
2016.08.09 06:23:33.199,13.31918,13.32222,0.00,0.00
2016.08.09 06:23:33.604,13.31908,13.32212,0.00,0.00
2016.08.09 06:23:36.553,13.31928,13.32232,0.00,0.00
2016.08.09 06:23:36.624,13.31968,13.32271,0.00,0.00
2016.08.09 06:23:36.825,13.31959,13.32261,0.00,0.00
2016.08.09 06:23:37.326,13.31939,13.32241,0.00,0.00
2016.08.09 06:23:37.727,13.31958,13.32262,0.00,0.00
2016.08.09 06:23:37.828,13.31938,13.32242,0.00,0.00
2016.08.09 06:23:38.537,13.31968,13.32271,0.00,0.00
2016.08.09 06:23:38.846,13.31948,13.32252,0.00,0.00
2016.08.09 06:23:39.730,13.31969,13.3227,0.00,0.00
2016.08.09 06:23:40.270,13.31969,13.32271,0.00,0.00
2016.08.09 06:23:40.440,13.31948,13.32252,0.00,0.00
2016.08.09 06:23:40.541,13.31968,13.3227,0.00,0.00
2016.08.09 06:23:41.087,13.31968,13.32271,0.00,0.00
2016.08.09 06:23:41.138,13.31948,13.32252,0.00,0.00
2016.08.09 06:23:41.533,13.31939,13.32241,0.00,0.00
2016.08.09 06:23:41.760,13.31898,13.32202,0.00,0.00
2016.08.09 06:23:42.052,13.31908,13.32212,0.00,0.00
2016.08.09 06:23:42.407,13.31899,13.32201,0.00,0.00
2016.08.09 06:23:43.061,13.31929,13.3223,0.00,0.00
2016.08.09 06:23:43.162,13.31968,13.3227,0.00,0.00
2016.08.09 06:23:43.271,13.31968,13.32271,0.00,0.00
2016.08.09 06:23:43.322,13.31968,13.32249,0.00,0.00
2016.08.09 06:23:43.372,13.31938,13.32242,0.00,0.00
2016.08.09 06:23:43.423,13.31938,13.32191,0.00,0.00
2016.08.09 06:23:43.639,13.31919,13.32191,0.00,0.00
2016.08.09 06:23:43.724,13.31919,13.32221,0.00,0.00
2016.08.09 06:23:43.937,13.31898,13.32202,0.00,0.00
2016.08.09 06:23:44.038,13.31968,13.3227,0.00,0.00
2016.08.09 06:23:44.718,13.31968,13.32271,0.00,0.00
2016.08.09 06:23:45.169,13.31948,13.32252,0.00,0.00
2016.08.09 06:23:45.489,13.31959,13.32261,0.00,0.00
2016.08.09 06:23:45.540,13.31969,13.3227,0.00,0.00
2016.08.09 06:23:45.986,13.31969,13.32271,0.00,0.00
2016.08.09 06:23:46.842,13.31958,13.32262,0.00,0.00
2016.08.09 06:23:47.762,13.31949,13.32251,0.00,0.00
2016.08.09 06:23:47.944,13.31969,13.3227,0.00,0.00
2016.08.09 06:23:48.762,13.31968,13.3227,0.00,0.00
2016.08.09 06:23:48.966,13.31959,13.32261,0.00,0.00
2016.08.09 06:23:49.016,13.3196,13.32261,0.00,0.00
2016.08.09 06:23:49.117,13.31948,13.32252,0.00,0.00
2016.08.09 06:23:49.168,13.31999,13.3227,0.00,0.00
2016.08.09 06:23:49.269,13.31969,13.32271,0.00,0.00
2016.08.09 06:23:49.319,13.31969,13.3227,0.00,0.00
2016.08.09 06:23:49.693,13.31969,13.32271,0.00,0.00
2016.08.09 06:23:50.561,13.31959,13.32261,0.00,0.00
2016.08.09 06:23:51.373,13.31948,13.32252,0.00,0.00
2016.08.09 06:23:53.607,13.31968,13.32271,0.00,0.00
2016.08.09 06:23:54.260,13.31948,13.32252,0.00,0.00
2016.08.09 06:23:54.515,13.31948,13.3217,0.00,0.00
2016.08.09 06:23:54.566,13.31859,13.32161,0.00,0.00
2016.08.09 06:23:54.785,13.31878,13.32171,0.00,0.00
2016.08.09 06:23:54.886,13.31858,13.32162,0.00,0.00
2016.08.09 06:23:59.393,13.31888,13.3219,0.00,0.00
2016.08.09 06:23:59.443,13.31888,13.32192,0.00,0.00
2016.08.09 06:23:59.508,13.31929,13.32211,0.00,0.00
2016.08.09 06:23:59.559,13.31929,13.32231,0.00,0.00
2016.08.09 06:23:59.610,13.31938,13.32242,0.00,0.00
2016.08.09 06:23:59.711,13.31969,13.3227,0.00,0.00
2016.08.09 06:23:59.761,13.31969,13.32271,0.00,0.00
2016.08.09 06:23:59.872,13.31948,13.32252,0.00,0.00
2016.08.09 06:24:00.341,13.31918,13.322,0.00,0.00
2016.08.09 06:24:00.442,13.31898,13.32202,0.00,0.00
2016.08.09 06:24:00.601,13.31928,13.3223,0.00,0.00
2016.08.09 06:24:00.702,13.31898,13.32202,0.00,0.00
2016.08.09 06:24:00.970,13.31918,13.32222,0.00,0.00
2016.08.09 06:24:02.898,13.31929,13.32231,0.00,0.00
2016.08.09 06:24:03.118,13.31968,13.32271,0.00,0.00
2016.08.09 06:24:03.220,13.31949,13.32251,0.00,0.00
2016.08.09 06:24:03.399,13.31968,13.32271,0.00,0.00
2016.08.09 06:24:03.675,13.31958,13.32262,0.00,0.00
2016.08.09 06:24:04.079,13.31949,13.32239,0.00,0.00
2016.08.09 06:24:04.130,13.31949,13.32199,0.00,0.00
2016.08.09 06:24:04.180,13.31859,13.32161,0.00,0.00
2016.08.09 06:24:04.404,13.31879,13.32171,0.00,0.00
2016.08.09 06:24:04.744,13.31858,13.32162,0.00,0.00
2016.08.09 06:24:05.107,13.31878,13.3217,0.00,0.00
2016.08.09 06:24:05.377,13.31848,13.32152,0.00,0.00
2016.08.09 06:24:06.323,13.31869,13.3217,0.00,0.00
2016.08.09 06:24:06.503,13.31848,13.32152,0.00,0.00
2016.08.09 06:24:06.680,13.31858,13.32162,0.00,0.00
2016.08.09 06:24:07.067,13.31849,13.32151,0.00,0.00
2016.08.09 06:24:08.222,13.31869,13.32171,0.00,0.00
2016.08.09 06:24:08.323,13.31849,13.32151,0.00,0.00
2016.08.09 06:24:08.424,13.31878,13.32171,0.00,0.00
2016.08.09 06:24:09.118,13.31848,13.32152,0.00,0.00
2016.08.09 06:24:09.688,13.31858,13.32162,0.00,0.00
2016.08.09 06:24:10.190,13.31879,13.32171,0.00,0.00
2016.08.09 06:24:10.731,13.31858,13.32162,0.00,0.00
2016.08.09 06:24:10.943,13.31878,13.32171,0.00,0.00
2016.08.09 06:24:11.233,13.31858,13.32162,0.00,0.00
2016.08.09 06:24:11.284,13.3187,13.32162,0.00,0.00
2016.08.09 06:24:11.391,13.3187,13.3217,0.00,0.00
2016.08.09 06:24:11.492,13.31848,13.32152,0.00,0.00
2016.08.09 06:24:12.192,13.31858,13.32162,0.00,0.00
2016.08.09 06:24:13.845,13.31849,13.32151,0.00,0.00
2016.08.09 06:24:14.246,13.31858,13.32162,0.00,0.00
2016.08.09 06:24:14.297,13.31848,13.32152,0.00,0.00
2016.08.09 06:24:16.399,13.31858,13.32162,0.00,0.00
2016.08.09 06:24:16.500,13.31878,13.3217,0.00,0.00
2016.08.09 06:24:16.601,13.31849,13.32151,0.00,0.00
2016.08.09 06:24:17.578,13.31809,13.32111,0.00,0.00
2016.08.09 06:24:17.703,13.31768,13.32071,0.00,0.00
2016.08.09 06:24:17.906,13.31748,13.32052,0.00,0.00
2016.08.09 06:24:19.009,13.31778,13.3207,0.00,0.00
2016.08.09 06:24:20.123,13.31769,13.3207,0.00,0.00
2016.08.09 06:24:20.211,13.31769,13.32071,0.00,0.00
2016.08.09 06:24:20.312,13.31759,13.32061,0.00,0.00
2016.08.09 06:24:20.407,13.31768,13.32071,0.00,0.00
2016.08.09 06:24:20.943,13.31758,13.32062,0.00,0.00
2016.08.09 06:24:21.208,13.31749,13.32051,0.00,0.00
2016.08.09 06:24:21.810,13.31769,13.32071,0.00,0.00
2016.08.09 06:24:22.637,13.31759,13.32061,0.00,0.00
2016.08.09 06:24:23.203,13.31749,13.32051,0.00,0.00
2016.08.09 06:24:23.914,13.31759,13.32061,0.00,0.00
2016.08.09 06:24:27.933,13.31759,13.31971,0.00,0.00
2016.08.09 06:24:28.034,13.31768,13.31971,0.00,0.00
2016.08.09 06:24:28.135,13.31668,13.3197,0.00,0.00
2016.08.09 06:24:28.220,13.31648,13.31952,0.00,0.00
2016.08.09 06:24:28.271,13.3165,13.31952,0.00,0.00
2016.08.09 06:24:28.321,13.31679,13.31981,0.00,0.00
2016.08.09 06:24:28.372,13.3169,13.31981,0.00,0.00
2016.08.09 06:24:28.422,13.31768,13.3207,0.00,0.00
2016.08.09 06:24:28.726,13.31749,13.32051,0.00,0.00
2016.08.09 06:24:29.600,13.31749,13.32049,0.00,0.00
2016.08.09 06:24:29.651,13.31759,13.31971,0.00,0.00
2016.08.09 06:24:29.722,13.31709,13.31971,0.00,0.00
2016.08.09 06:24:29.773,13.31709,13.3197,0.00,0.00
2016.08.09 06:24:29.824,13.31648,13.31952,0.00,0.00
2016.08.09 06:24:29.922,13.31678,13.3197,0.00,0.00
2016.08.09 06:24:30.145,13.31648,13.31952,0.00,0.00
2016.08.09 06:24:30.247,13.31658,13.31962,0.00,0.00
2016.08.09 06:24:30.607,13.31648,13.31952,0.00,0.00
2016.08.09 06:24:31.107,13.31649,13.31951,0.00,0.00
2016.08.09 06:24:31.726,13.31659,13.31961,0.00,0.00
2016.08.09 06:24:32.026,13.31648,13.31952,0.00,0.00
2016.08.09 06:24:32.226,13.31658,13.31962,0.00,0.00
2016.08.09 06:24:34.145,13.31669,13.31971,0.00,0.00
2016.08.09 06:24:35.159,13.31659,13.31961,0.00,0.00
2016.08.09 06:24:35.669,13.31678,13.31971,0.00,0.00
2016.08.09 06:24:36.836,13.31648,13.31952,0.00,0.00
2016.08.09 06:24:37.163,13.31658,13.31962,0.00,0.00
2016.08.09 06:24:39.749,13.31658,13.319,0.00,0.00
2016.08.09 06:24:39.850,13.31649,13.31951,0.00,0.00
2016.08.09 06:24:39.941,13.31628,13.31932,0.00,0.00
2016.08.09 06:24:40.042,13.31648,13.31952,0.00,0.00
2016.08.09 06:24:40.508,13.31659,13.31961,0.00,0.00
2016.08.09 06:24:40.680,13.31668,13.3197,0.00,0.00
2016.08.09 06:24:40.889,13.31648,13.31952,0.00,0.00
2016.08.09 06:24:41.194,13.31658,13.31962,0.00,0.00
2016.08.09 06:24:41.499,13.31649,13.31951,0.00,0.00
2016.08.09 06:24:42.045,13.31658,13.31962,0.00,0.00
2016.08.09 06:24:42.145,13.31669,13.3197,0.00,0.00
2016.08.09 06:24:42.254,13.31669,13.31971,0.00,0.00
2016.08.09 06:24:42.445,13.31659,13.31961,0.00,0.00
2016.08.09 06:24:43.251,13.31669,13.3197,0.00,0.00
2016.08.09 06:24:43.757,13.31669,13.31871,0.00,0.00
2016.08.09 06:24:43.859,13.31658,13.319,0.00,0.00
2016.08.09 06:24:43.960,13.31578,13.31882,0.00,0.00
2016.08.09 06:24:44.061,13.31639,13.31881,0.00,0.00
2016.08.09 06:24:44.162,13.31689,13.31932,0.00,0.00
2016.08.09 06:24:44.263,13.31689,13.31922,0.00,0.00
2016.08.09 06:24:44.371,13.31779,13.3207,0.00,0.00
2016.08.09 06:24:44.449,13.31758,13.32062,0.00,0.00
2016.08.09 06:24:44.751,13.31709,13.32011,0.00,0.00
2016.08.09 06:24:44.802,13.31709,13.31971,0.00,0.00
2016.08.09 06:24:44.852,13.31689,13.31971,0.00,0.00
2016.08.09 06:24:44.903,13.31689,13.31991,0.00,0.00
2016.08.09 06:24:44.954,13.31709,13.32011,0.00,0.00
2016.08.09 06:24:45.055,13.31729,13.32031,0.00,0.00
2016.08.09 06:24:45.251,13.31719,13.32021,0.00,0.00
2016.08.09 06:24:45.352,13.31708,13.32012,0.00,0.00
2016.08.09 06:24:45.563,13.31728,13.32031,0.00,0.00
2016.08.09 06:24:45.664,13.31718,13.31971,0.00,0.00
2016.08.09 06:24:45.798,13.31678,13.3197,0.00,0.00
2016.08.09 06:24:45.852,13.31658,13.31962,0.00,0.00
2016.08.09 06:24:46.042,13.31689,13.3197,0.00,0.00
2016.08.09 06:24:46.195,13.31659,13.31961,0.00,0.00
2016.08.09 06:24:46.754,13.31668,13.3197,0.00,0.00
2016.08.09 06:24:46.855,13.31659,13.31961,0.00,0.00
2016.08.09 06:24:47.254,13.31678,13.3197,0.00,0.00
2016.08.09 06:24:47.855,13.31678,13.31971,0.00,0.00
2016.08.09 06:24:47.955,13.31658,13.31962,0.00,0.00
2016.08.09 06:24:48.567,13.31669,13.31971,0.00,0.00
2016.08.09 06:24:49.158,13.31658,13.31962,0.00,0.00
2016.08.09 06:24:49.660,13.31678,13.31971,0.00,0.00
2016.08.09 06:24:50.723,13.31678,13.31971,0.00,0.00
2016.08.09 06:24:50.774,13.31668,13.31971,0.00,0.00
2016.08.09 06:24:50.824,13.3169,13.31972,0.00,0.00
2016.08.09 06:24:50.875,13.31788,13.32071,0.00,0.00
2016.08.09 06:24:51.063,13.31758,13.32062,0.00,0.00
2016.08.09 06:24:51.164,13.31768,13.32071,0.00,0.00
2016.08.09 06:24:51.265,13.31788,13.32071,0.00,0.00
2016.08.09 06:24:51.366,13.31759,13.32061,0.00,0.00
2016.08.09 06:24:51.467,13.31768,13.3207,0.00,0.00
2016.08.09 06:24:51.568,13.31758,13.32062,0.00,0.00
2016.08.09 06:24:51.811,13.31748,13.3197,0.00,0.00
2016.08.09 06:24:51.864,13.31688,13.3197,0.00,0.00
2016.08.09 06:24:52.144,13.31689,13.31971,0.00,0.00
2016.08.09 06:24:52.265,13.31669,13.3197,0.00,0.00
2016.08.09 06:24:52.383,13.31669,13.31971,0.00,0.00
2016.08.09 06:24:52.484,13.31669,13.3197,0.00,0.00
2016.08.09 06:24:52.808,13.31669,13.31971,0.00,0.00
2016.08.09 06:24:52.885,13.31669,13.3197,0.00,0.00
2016.08.09 06:24:53.476,13.31688,13.3197,0.00,0.00
2016.08.09 06:24:53.527,13.3169,13.31992,0.00,0.00
2016.08.09 06:24:53.578,13.31758,13.3205,0.00,0.00
2016.08.09 06:24:53.629,13.31758,13.32062,0.00,0.00
2016.08.09 06:24:53.723,13.31789,13.32071,0.00,0.00
2016.08.09 06:24:54.259,13.31789,13.3207,0.00,0.00
2016.08.09 06:24:54.310,13.31758,13.32062,0.00,0.00
2016.08.09 06:24:54.568,13.31769,13.32071,0.00,0.00
2016.08.09 06:24:56.290,13.31758,13.32062,0.00,0.00
2016.08.09 06:24:56.972,13.31769,13.3207,0.00,0.00
2016.08.09 06:24:57.241,13.31769,13.32071,0.00,0.00
2016.08.09 06:24:57.462,13.31779,13.32071,0.00,0.00
2016.08.09 06:24:57.583,13.31768,13.32071,0.00,0.00
2016.08.09 06:24:58.898,13.31788,13.32071,0.00,0.00
2016.08.09 06:24:58.949,13.31788,13.32071,0.00,0.00
2016.08.09 06:24:59.777,13.31768,13.32071,0.00,0.00
2016.08.09 06:25:01.009,13.31768,13.3207,0.00,0.00
2016.08.09 06:25:01.479,13.31788,13.3207,0.00,0.00
2016.08.09 06:25:02.188,13.31768,13.3207,0.00,0.00
2016.08.09 06:25:02.574,13.31768,13.32072,0.00,0.00
2016.08.09 06:25:02.625,13.31798,13.32102,0.00,0.00
2016.08.09 06:25:03.027,13.31809,13.32111,0.00,0.00
2016.08.09 06:25:03.256,13.31809,13.32071,0.00,0.00
2016.08.09 06:25:03.307,13.31779,13.32071,0.00,0.00
2016.08.09 06:25:03.358,13.31779,13.3207,0.00,0.00
2016.08.09 06:25:03.408,13.31758,13.32062,0.00,0.00
2016.08.09 06:25:03.603,13.31768,13.3207,0.00,0.00
2016.08.09 06:25:03.787,13.31788,13.3207,0.00,0.00
2016.08.09 06:25:03.882,13.31788,13.32071,0.00,0.00
2016.08.09 06:25:04.025,13.31769,13.32071,0.00,0.00
2016.08.09 06:25:04.225,13.31758,13.32062,0.00,0.00
2016.08.09 06:25:04.526,13.31779,13.3207,0.00,0.00
2016.08.09 06:25:04.889,13.31769,13.3207,0.00,0.00
2016.08.09 06:25:05.185,13.31769,13.32071,0.00,0.00
2016.08.09 06:25:06.095,13.31789,13.32071,0.00,0.00
2016.08.09 06:25:06.196,13.31829,13.3213,0.00,0.00
2016.08.09 06:25:06.529,13.31819,13.32121,0.00,0.00
2016.08.09 06:25:06.591,13.31798,13.32102,0.00,0.00
2016.08.09 06:25:06.692,13.31759,13.32061,0.00,0.00
2016.08.09 06:25:07.181,13.31878,13.32151,0.00,0.00
2016.08.09 06:25:07.232,13.31878,13.32171,0.00,0.00
2016.08.09 06:25:07.430,13.31849,13.32151,0.00,0.00
2016.08.09 06:25:07.830,13.31869,13.32171,0.00,0.00
2016.08.09 06:25:08.832,13.31848,13.32152,0.00,0.00
2016.08.09 06:25:08.943,13.31868,13.3217,0.00,0.00
2016.08.09 06:25:10.321,13.31878,13.32171,0.00,0.00
2016.08.09 06:25:10.735,13.31859,13.32161,0.00,0.00
2016.08.09 06:25:10.847,13.31878,13.32171,0.00,0.00
2016.08.09 06:25:11.593,13.31869,13.32171,0.00,0.00
2016.08.09 06:25:12.150,13.31859,13.32161,0.00,0.00
2016.08.09 06:25:12.437,13.31859,13.32151,0.00,0.00
2016.08.09 06:25:12.488,13.31859,13.32099,0.00,0.00
2016.08.09 06:25:12.539,13.31828,13.32071,0.00,0.00
2016.08.09 06:25:12.640,13.31758,13.32062,0.00,0.00
2016.08.09 06:25:12.700,13.31788,13.32071,0.00,0.00
2016.08.09 06:25:13.001,13.31759,13.32061,0.00,0.00
2016.08.09 06:25:13.439,13.31768,13.3207,0.00,0.00
2016.08.09 06:25:13.958,13.31789,13.3207,0.00,0.00
2016.08.09 06:25:14.338,13.31768,13.32071,0.00,0.00
2016.08.09 06:25:16.142,13.31759,13.32061,0.00,0.00
2016.08.09 06:25:16.405,13.31768,13.32071,0.00,0.00
2016.08.09 06:25:18.109,13.31768,13.3207,0.00,0.00
2016.08.09 06:25:19.347,13.31759,13.32061,0.00,0.00
2016.08.09 06:25:21.211,13.31768,13.32071,0.00,0.00
2016.08.09 06:25:23.823,13.31768,13.3207,0.00,0.00
2016.08.09 06:25:27.431,13.31768,13.32071,0.00,0.00
2016.08.09 06:25:27.933,13.31758,13.32062,0.00,0.00
2016.08.09 06:25:28.720,13.31769,13.32071,0.00,0.00
2016.08.09 06:25:29.535,13.31769,13.3207,0.00,0.00
2016.08.09 06:25:31.066,13.31759,13.32061,0.00,0.00
2016.08.09 06:25:31.866,13.31768,13.32071,0.00,0.00
2016.08.09 06:25:33.342,13.31768,13.3207,0.00,0.00
2016.08.09 06:25:35.332,13.31768,13.32071,0.00,0.00
2016.08.09 06:25:40.579,13.31768,13.32071,0.00,0.00
2016.08.09 06:25:40.638,13.31758,13.32062,0.00,0.00
2016.08.09 06:25:41.180,13.31764,13.3207,0.00,0.00
2016.08.09 06:25:41.568,13.31769,13.3207,0.00,0.00
2016.08.09 06:25:42.859,13.31769,13.32071,0.00,0.00
2016.08.09 06:25:44.483,13.31769,13.32071,0.00,0.00
2016.08.09 06:25:44.543,13.31778,13.32071,0.00,0.00
2016.08.09 06:25:44.884,13.31768,13.32071,0.00,0.00
2016.08.09 06:25:44.980,13.31779,13.32071,0.00,0.00
2016.08.09 06:25:45.184,13.31769,13.32071,0.00,0.00
2016.08.09 06:25:45.286,13.31759,13.32061,0.00,0.00
2016.08.09 06:25:45.344,13.31769,13.32071,0.00,0.00
2016.08.09 06:25:45.613,13.31769,13.32071,0.00,0.00
2016.08.09 06:25:45.663,13.31798,13.32102,0.00,0.00
2016.08.09 06:25:45.765,13.31828,13.3213,0.00,0.00
2016.08.09 06:25:45.856,13.31798,13.32102,0.00,0.00
2016.08.09 06:25:46.259,13.31809,13.32111,0.00,0.00
2016.08.09 06:25:47.787,13.31809,13.3207,0.00,0.00
2016.08.09 06:25:47.888,13.31788,13.3207,0.00,0.00
2016.08.09 06:25:47.947,13.31759,13.32061,0.00,0.00
2016.08.09 06:25:48.164,13.31768,13.3207,0.00,0.00
2016.08.09 06:25:48.348,13.31758,13.32062,0.00,0.00
2016.08.09 06:25:48.583,13.31768,13.3207,0.00,0.00
2016.08.09 06:25:49.370,13.31768,13.32071,0.00,0.00
2016.08.09 06:25:51.281,13.31799,13.32101,0.00,0.00
2016.08.09 06:25:51.352,13.31829,13.32131,0.00,0.00
2016.08.09 06:25:51.403,13.31829,13.3213,0.00,0.00
2016.08.09 06:25:51.504,13.31798,13.32102,0.00,0.00
2016.08.09 06:25:51.793,13.31809,13.32111,0.00,0.00
2016.08.09 06:25:54.857,13.31828,13.32131,0.00,0.00
2016.08.09 06:25:55.086,13.31849,13.3215,0.00,0.00
2016.08.09 06:25:55.187,13.31849,13.32151,0.00,0.00
2016.08.09 06:25:55.515,13.31849,13.3215,0.00,0.00
2016.08.09 06:25:55.566,13.31829,13.32131,0.00,0.00
2016.08.09 06:25:55.660,13.31839,13.32141,0.00,0.00
2016.08.09 06:26:01.171,13.31849,13.32151,0.00,0.00
2016.08.09 06:26:02.282,13.31868,13.32151,0.00,0.00
2016.08.09 06:26:02.383,13.31859,13.3215,0.00,0.00
2016.08.09 06:26:02.484,13.31868,13.3215,0.00,0.00
2016.08.09 06:26:02.706,13.31868,13.32171,0.00,0.00
2016.08.09 06:26:02.807,13.31848,13.32152,0.00,0.00
2016.08.09 06:26:02.874,13.31868,13.32171,0.00,0.00
2016.08.09 06:26:03.411,13.31859,13.32161,0.00,0.00
2016.08.09 06:26:04.498,13.31829,13.32131,0.00,0.00
2016.08.09 06:26:04.841,13.31849,13.32151,0.00,0.00
2016.08.09 06:26:04.941,13.31858,13.32162,0.00,0.00
2016.08.09 06:26:04.992,13.31879,13.32171,0.00,0.00
2016.08.09 06:26:05.498,13.31879,13.3217,0.00,0.00
2016.08.09 06:26:05.614,13.31859,13.32161,0.00,0.00
2016.08.09 06:26:05.679,13.31879,13.3217,0.00,0.00
2016.08.09 06:26:06.115,13.31859,13.32161,0.00,0.00
2016.08.09 06:26:06.216,13.31848,13.32152,0.00,0.00
2016.08.09 06:26:06.279,13.31878,13.32171,0.00,0.00
2016.08.09 06:26:06.416,13.31858,13.32162,0.00,0.00
2016.08.09 06:26:06.697,13.31878,13.32171,0.00,0.00
2016.08.09 06:26:07.016,13.31849,13.32151,0.00,0.00
2016.08.09 06:26:07.081,13.31878,13.3217,0.00,0.00
2016.08.09 06:26:08.437,13.31869,13.3217,0.00,0.00
2016.08.09 06:26:09.420,13.31848,13.32152,0.00,0.00
2016.08.09 06:26:09.920,13.31859,13.32161,0.00,0.00
2016.08.09 06:26:10.179,13.31848,13.32152,0.00,0.00
2016.08.09 06:26:10.521,13.31859,13.32161,0.00,0.00
2016.08.09 06:26:11.167,13.31858,13.32162,0.00,0.00
2016.08.09 06:26:12.104,13.31848,13.32152,0.00,0.00
2016.08.09 06:26:12.989,13.31878,13.32171,0.00,0.00
2016.08.09 06:26:14.191,13.31858,13.32162,0.00,0.00
2016.08.09 06:26:14.532,13.31849,13.32151,0.00,0.00
2016.08.09 06:26:14.732,13.31858,13.32162,0.00,0.00
2016.08.09 06:26:14.792,13.31879,13.32171,0.00,0.00
2016.08.09 06:26:15.032,13.31858,13.32162,0.00,0.00
2016.08.09 06:26:15.591,13.31858,13.32149,0.00,0.00
2016.08.09 06:26:15.642,13.31839,13.3207,0.00,0.00
2016.08.09 06:26:15.693,13.31779,13.3207,0.00,0.00
2016.08.09 06:26:15.994,13.31788,13.3207,0.00,0.00
2016.08.09 06:26:16.094,13.31778,13.3207,0.00,0.00
2016.08.09 06:26:16.695,13.31808,13.3207,0.00,0.00
2016.08.09 06:26:19.470,13.31808,13.32071,0.00,0.00
2016.08.09 06:26:19.521,13.31789,13.32071,0.00,0.00
2016.08.09 06:26:19.800,13.31778,13.32071,0.00,0.00
2016.08.09 06:26:20.345,13.31778,13.3207,0.00,0.00
2016.08.09 06:26:20.527,13.31758,13.32062,0.00,0.00
2016.08.09 06:26:20.628,13.31793,13.32101,0.00,0.00
2016.08.09 06:26:20.729,13.31813,13.32101,0.00,0.00
2016.08.09 06:26:21.048,13.31808,13.321,0.00,0.00
2016.08.09 06:26:23.550,13.31808,13.3208,0.00,0.00
2016.08.09 06:26:23.652,13.31778,13.3208,0.00,0.00
2016.08.09 06:26:23.841,13.31808,13.3208,0.00,0.00
2016.08.09 06:26:23.892,13.31808,13.321,0.00,0.00
2016.08.09 06:26:23.993,13.31828,13.32131,0.00,0.00
2016.08.09 06:26:24.527,13.31809,13.32111,0.00,0.00
2016.08.09 06:26:25.237,13.31828,13.32131,0.00,0.00
2016.08.09 06:26:25.617,13.31849,13.32151,0.00,0.00
2016.08.09 06:26:25.753,13.31828,13.32132,0.00,0.00
2016.08.09 06:26:27.013,13.31849,13.32151,0.00,0.00
2016.08.09 06:26:27.213,13.31858,13.32162,0.00,0.00
2016.08.09 06:26:27.314,13.31878,13.3217,0.00,0.00
2016.08.09 06:26:27.365,13.31878,13.32171,0.00,0.00
2016.08.09 06:26:27.415,13.31848,13.32149,0.00,0.00
2016.08.09 06:26:27.466,13.31848,13.3213,0.00,0.00
2016.08.09 06:26:27.517,13.31808,13.32112,0.00,0.00
2016.08.09 06:26:27.756,13.31819,13.32121,0.00,0.00
2016.08.09 06:26:28.102,13.31808,13.32112,0.00,0.00
2016.08.09 06:26:28.358,13.31839,13.32141,0.00,0.00
2016.08.09 06:26:28.459,13.31878,13.3217,0.00,0.00
2016.08.09 06:26:28.659,13.31858,13.32162,0.00,0.00
2016.08.09 06:26:28.917,13.31878,13.3217,0.00,0.00
2016.08.09 06:26:29.264,13.31878,13.32071,0.00,0.00
2016.08.09 06:26:29.365,13.31808,13.32071,0.00,0.00
2016.08.09 06:26:29.588,13.31748,13.32052,0.00,0.00
2016.08.09 06:26:29.638,13.31779,13.3207,0.00,0.00
2016.08.09 06:26:30.198,13.31779,13.32071,0.00,0.00
2016.08.09 06:26:30.951,13.31758,13.32062,0.00,0.00
2016.08.09 06:26:32.172,13.31779,13.32071,0.00,0.00
2016.08.09 06:26:32.425,13.31768,13.32071,0.00,0.00
2016.08.09 06:26:32.925,13.31778,13.32071,0.00,0.00
2016.08.09 06:26:33.643,13.31778,13.3207,0.00,0.00
2016.08.09 06:26:33.975,13.31769,13.32071,0.00,0.00
2016.08.09 06:26:34.028,13.31758,13.32062,0.00,0.00
2016.08.09 06:26:36.555,13.31768,13.32071,0.00,0.00
2016.08.09 06:26:37.783,13.31768,13.3207,0.00,0.00
2016.08.09 06:26:38.046,13.31749,13.32051,0.00,0.00
2016.08.09 06:26:38.281,13.31769,13.3207,0.00,0.00
2016.08.09 06:26:39.486,13.31769,13.32071,0.00,0.00
2016.08.09 06:26:39.709,13.31779,13.32071,0.00,0.00
2016.08.09 06:26:39.837,13.31768,13.32071,0.00,0.00
2016.08.09 06:26:40.187,13.31768,13.3207,0.00,0.00
2016.08.09 06:26:40.238,13.31748,13.32052,0.00,0.00
2016.08.09 06:26:41.345,13.31768,13.32071,0.00,0.00
2016.08.09 06:26:41.447,13.31748,13.32052,0.00,0.00
2016.08.09 06:26:41.789,13.31779,13.32071,0.00,0.00
2016.08.09 06:26:42.592,13.31779,13.3207,0.00,0.00
2016.08.09 06:26:44.247,13.31768,13.3207,0.00,0.00
2016.08.09 06:26:44.344,13.31778,13.3207,0.00,0.00
2016.08.09 06:26:44.645,13.31768,13.32071,0.00,0.00
2016.08.09 06:26:44.748,13.31748,13.32052,0.00,0.00
2016.08.09 06:26:44.849,13.31779,13.32071,0.00,0.00
2016.08.09 06:26:45.022,13.3179,13.32081,0.00,0.00
2016.08.09 06:26:45.073,13.3179,13.32092,0.00,0.00
2016.08.09 06:26:45.272,13.31828,13.32132,0.00,0.00
2016.08.09 06:26:45.345,13.31858,13.3215,0.00,0.00
2016.08.09 06:26:46.146,13.31829,13.32131,0.00,0.00
2016.08.09 06:26:46.802,13.31829,13.3213,0.00,0.00
2016.08.09 06:26:46.852,13.31849,13.3213,0.00,0.00
2016.08.09 06:26:46.903,13.31849,13.32151,0.00,0.00
2016.08.09 06:26:47.134,13.31858,13.32161,0.00,0.00
2016.08.09 06:26:47.198,13.31849,13.32151,0.00,0.00
2016.08.09 06:26:47.249,13.31858,13.32162,0.00,0.00
2016.08.09 06:26:47.352,13.31878,13.3217,0.00,0.00
2016.08.09 06:26:47.448,13.31858,13.32162,0.00,0.00
2016.08.09 06:26:48.464,13.31878,13.32171,0.00,0.00
2016.08.09 06:26:49.224,13.31878,13.3217,0.00,0.00
2016.08.09 06:26:50.809,13.31878,13.32171,0.00,0.00
2016.08.09 06:26:50.859,13.31859,13.32161,0.00,0.00
2016.08.09 06:26:52.964,13.31878,13.32171,0.00,0.00
2016.08.09 06:26:53.903,13.31869,13.32171,0.00,0.00
2016.08.09 06:26:55.617,13.31869,13.3217,0.00,0.00
2016.08.09 06:26:56.769,13.31879,13.3217,0.00,0.00
2016.08.09 06:26:57.062,13.31868,13.32171,0.00,0.00
2016.08.09 06:26:57.570,13.31868,13.3217,0.00,0.00
2016.08.09 06:26:58.364,13.31879,13.3217,0.00,0.00
2016.08.09 06:26:58.421,13.31879,13.3217,0.00,0.00
2016.08.09 06:26:58.764,13.31868,13.32171,0.00,0.00
2016.08.09 06:26:58.872,13.31878,13.32171,0.00,0.00
2016.08.09 06:26:59.423,13.31878,13.3217,0.00,0.00
2016.08.09 06:27:00.675,13.31869,13.32171,0.00,0.00
2016.08.09 06:27:00.726,13.31869,13.32171,0.00,0.00
2016.08.09 06:27:00.777,13.31898,13.32171,0.00,0.00
2016.08.09 06:27:00.878,13.31858,13.32162,0.00,0.00
2016.08.09 06:27:01.176,13.31868,13.32171,0.00,0.00
2016.08.09 06:27:01.268,13.31848,13.32152,0.00,0.00
2016.08.09 06:27:04.271,13.31869,13.32171,0.00,0.00
2016.08.09 06:27:04.394,13.31848,13.32152,0.00,0.00
2016.08.09 06:27:04.972,13.31859,13.32161,0.00,0.00
2016.08.09 06:27:05.335,13.31849,13.32151,0.00,0.00
2016.08.09 06:27:05.387,13.31858,13.32162,0.00,0.00
2016.08.09 06:27:06.275,13.31878,13.32171,0.00,0.00
2016.08.09 06:27:06.676,13.31859,13.32161,0.00,0.00
2016.08.09 06:27:06.819,13.31848,13.32152,0.00,0.00
2016.08.09 06:27:08.295,13.31869,13.3217,0.00,0.00
2016.08.09 06:27:12.683,13.31848,13.32152,0.00,0.00
2016.08.09 06:27:13.484,13.31858,13.32162,0.00,0.00
2016.08.09 06:27:13.605,13.31878,13.3217,0.00,0.00
2016.08.09 06:27:15.286,13.31858,13.32162,0.00,0.00
2016.08.09 06:27:17.555,13.31849,13.32151,0.00,0.00
2016.08.09 06:27:19.392,13.31869,13.32171,0.00,0.00
2016.08.09 06:27:19.680,13.31869,13.3217,0.00,0.00
2016.08.09 06:27:20.489,13.31869,13.32071,0.00,0.00
2016.08.09 06:27:20.703,13.31758,13.32062,0.00,0.00
2016.08.09 06:27:20.896,13.31768,13.3207,0.00,0.00
2016.08.09 06:27:20.998,13.31758,13.32062,0.00,0.00
2016.08.09 06:27:21.099,13.31769,13.32071,0.00,0.00
2016.08.09 06:27:21.169,13.31769,13.3207,0.00,0.00
2016.08.09 06:27:21.296,13.31758,13.32062,0.00,0.00
2016.08.09 06:27:21.737,13.31768,13.3207,0.00,0.00
2016.08.09 06:27:22.697,13.31759,13.32061,0.00,0.00
2016.08.09 06:27:22.898,13.31768,13.3207,0.00,0.00
2016.08.09 06:27:23.178,13.31768,13.31971,0.00,0.00
2016.08.09 06:27:23.330,13.31758,13.3197,0.00,0.00
2016.08.09 06:27:23.547,13.31658,13.31962,0.00,0.00
2016.08.09 06:27:23.799,13.31668,13.3197,0.00,0.00
2016.08.09 06:27:23.919,13.31659,13.31961,0.00,0.00
2016.08.09 06:27:24.099,13.31669,13.3197,0.00,0.00
2016.08.09 06:27:24.500,13.31658,13.31962,0.00,0.00
2016.08.09 06:27:24.601,13.31729,13.3203,0.00,0.00
2016.08.09 06:27:25.220,13.31679,13.3197,0.00,0.00
2016.08.09 06:27:25.321,13.31618,13.31901,0.00,0.00
2016.08.09 06:27:25.422,13.31639,13.31941,0.00,0.00
2016.08.09 06:27:25.523,13.31648,13.31952,0.00,0.00
2016.08.09 06:27:25.625,13.31679,13.31971,0.00,0.00
2016.08.09 06:27:26.103,13.31669,13.31971,0.00,0.00
2016.08.09 06:27:26.314,13.31688,13.31971,0.00,0.00
2016.08.09 06:27:26.504,13.31679,13.31971,0.00,0.00
2016.08.09 06:27:27.002,13.31679,13.319,0.00,0.00
2016.08.09 06:27:27.053,13.31638,13.319,0.00,0.00
2016.08.09 06:27:27.104,13.31638,13.31942,0.00,0.00
2016.08.09 06:27:27.154,13.31598,13.31902,0.00,0.00
2016.08.09 06:27:27.306,13.31678,13.31961,0.00,0.00
2016.08.09 06:27:27.536,13.31649,13.31951,0.00,0.00
2016.08.09 06:27:27.606,13.31659,13.31961,0.00,0.00
2016.08.09 06:27:27.887,13.31659,13.31961,0.00,0.00
2016.08.09 06:27:27.938,13.31678,13.31971,0.00,0.00
2016.08.09 06:27:28.007,13.31669,13.31971,0.00,0.00
2016.08.09 06:27:28.775,13.31669,13.31898,0.00,0.00
2016.08.09 06:27:28.826,13.31609,13.3188,0.00,0.00
2016.08.09 06:27:28.927,13.3159,13.3188,0.00,0.00
2016.08.09 06:27:29.089,13.31628,13.31932,0.00,0.00
2016.08.09 06:27:29.139,13.31678,13.31961,0.00,0.00
2016.08.09 06:27:29.414,13.31679,13.31971,0.00,0.00
2016.08.09 06:27:30.210,13.31658,13.31962,0.00,0.00
2016.08.09 06:27:30.260,13.31658,13.31952,0.00,0.00
2016.08.09 06:27:30.311,13.31668,13.31901,0.00,0.00
2016.08.09 06:27:30.412,13.31589,13.31892,0.00,0.00
2016.08.09 06:27:30.513,13.31648,13.31952,0.00,0.00
2016.08.09 06:27:30.612,13.31678,13.31961,0.00,0.00
2016.08.09 06:27:30.873,13.31668,13.31961,0.00,0.00
2016.08.09 06:27:30.924,13.31749,13.3203,0.00,0.00
2016.08.09 06:27:30.993,13.31749,13.32051,0.00,0.00
2016.08.09 06:27:31.071,13.31779,13.32071,0.00,0.00
2016.08.09 06:27:31.352,13.31769,13.32071,0.00,0.00
2016.08.09 06:27:31.453,13.31748,13.32052,0.00,0.00
2016.08.09 06:27:31.554,13.31768,13.32071,0.00,0.00
2016.08.09 06:27:31.745,13.31778,13.32071,0.00,0.00
2016.08.09 06:27:31.922,13.31778,13.31999,0.00,0.00
2016.08.09 06:27:31.973,13.31718,13.31971,0.00,0.00
2016.08.09 06:27:32.023,13.31658,13.31962,0.00,0.00
2016.08.09 06:27:32.447,13.31678,13.3197,0.00,0.00
2016.08.09 06:27:33.398,13.31678,13.31971,0.00,0.00
2016.08.09 06:27:33.449,13.31668,13.31971,0.00,0.00
2016.08.09 06:27:33.550,13.31658,13.31962,0.00,0.00
2016.08.09 06:27:33.717,13.31679,13.31971,0.00,0.00
2016.08.09 06:27:34.050,13.31658,13.31962,0.00,0.00
2016.08.09 06:27:34.184,13.31658,13.31951,0.00,0.00
2016.08.09 06:27:34.235,13.31678,13.31871,0.00,0.00
2016.08.09 06:27:34.336,13.31628,13.319,0.00,0.00
2016.08.09 06:27:34.437,13.31639,13.3191,0.00,0.00
2016.08.09 06:27:34.501,13.31639,13.31941,0.00,0.00
2016.08.09 06:27:34.551,13.31678,13.3197,0.00,0.00
2016.08.09 06:27:34.799,13.31658,13.31962,0.00,0.00
2016.08.09 06:27:35.019,13.31678,13.31971,0.00,0.00
2016.08.09 06:27:36.103,13.31678,13.3197,0.00,0.00
2016.08.09 06:27:36.934,13.31658,13.31962,0.00,0.00
2016.08.09 06:27:37.105,13.31658,13.31871,0.00,0.00
2016.08.09 06:27:37.206,13.31658,13.31871,0.00,0.00
2016.08.09 06:27:37.256,13.31608,13.31871,0.00,0.00
2016.08.09 06:27:37.358,13.31568,13.31871,0.00,0.00
2016.08.09 06:27:37.459,13.31589,13.31871,0.00,0.00
2016.08.09 06:27:37.723,13.31578,13.31871,0.00,0.00
2016.08.09 06:27:37.857,13.31599,13.3187,0.00,0.00
2016.08.09 06:27:38.110,13.31589,13.31871,0.00,0.00
2016.08.09 06:27:39.159,13.31568,13.31871,0.00,0.00
2016.08.09 06:27:39.386,13.31579,13.31871,0.00,0.00
2016.08.09 06:27:40.141,13.31579,13.3187,0.00,0.00
2016.08.09 06:27:40.242,13.31568,13.31681,0.00,0.00
2016.08.09 06:27:40.343,13.31429,13.31731,0.00,0.00
2016.08.09 06:27:40.444,13.31458,13.3176,0.00,0.00
2016.08.09 06:27:40.512,13.31458,13.31571,0.00,0.00
2016.08.09 06:27:40.613,13.31488,13.316,0.00,0.00
2016.08.09 06:27:40.663,13.31458,13.316,0.00,0.00
2016.08.09 06:27:40.871,13.31378,13.316,0.00,0.00
2016.08.09 06:27:40.973,13.31388,13.31651,0.00,0.00
2016.08.09 06:27:41.023,13.31388,13.3158,0.00,0.00
2016.08.09 06:27:41.091,13.31348,13.3158,0.00,0.00
2016.08.09 06:27:41.192,13.31328,13.316,0.00,0.00
2016.08.09 06:27:41.244,13.31359,13.31561,0.00,0.00
2016.08.09 06:27:41.362,13.31308,13.31551,0.00,0.00
2016.08.09 06:27:41.413,13.31308,13.31571,0.00,0.00
2016.08.09 06:27:41.513,13.31308,13.31551,0.00,0.00
2016.08.09 06:27:41.564,13.31329,13.31551,0.00,0.00
2016.08.09 06:27:41.614,13.31329,13.31571,0.00,0.00
2016.08.09 06:27:41.716,13.31329,13.31571,0.00,0.00
2016.08.09 06:27:41.915,13.31329,13.31588,0.00,0.00
2016.08.09 06:27:42.016,13.31348,13.316,0.00,0.00
2016.08.09 06:27:42.565,13.31368,13.31601,0.00,0.00
2016.08.09 06:27:42.643,13.31368,13.31689,0.00,0.00
2016.08.09 06:27:43.217,13.31368,13.31581,0.00,0.00
2016.08.09 06:27:43.318,13.31368,13.31661,0.00,0.00
2016.08.09 06:27:43.368,13.31398,13.31661,0.00,0.00
2016.08.09 06:27:43.419,13.31398,13.3167,0.00,0.00
2016.08.09 06:27:43.990,13.31398,13.31671,0.00,0.00
2016.08.09 06:27:44.044,13.31419,13.3177,0.00,0.00
2016.08.09 06:27:44.145,13.31479,13.31771,0.00,0.00
2016.08.09 06:27:44.472,13.31469,13.31771,0.00,0.00
2016.08.09 06:27:44.533,13.31498,13.31771,0.00,0.00
2016.08.09 06:27:44.661,13.31468,13.31771,0.00,0.00
2016.08.09 06:27:44.974,13.31499,13.31771,0.00,0.00
2016.08.09 06:27:45.491,13.31499,13.3177,0.00,0.00
2016.08.09 06:27:46.352,13.31469,13.31771,0.00,0.00
2016.08.09 06:27:46.453,13.31498,13.31771,0.00,0.00
2016.08.09 06:27:46.862,13.3152,13.3186,0.00,0.00
2016.08.09 06:27:47.031,13.31569,13.31871,0.00,0.00
2016.08.09 06:27:47.082,13.31588,13.31871,0.00,0.00
2016.08.09 06:27:47.437,13.31629,13.31871,0.00,0.00
2016.08.09 06:27:47.847,13.31599,13.31871,0.00,0.00
2016.08.09 06:27:48.334,13.31599,13.31861,0.00,0.00
2016.08.09 06:27:48.539,13.31623,13.3186,0.00,0.00
2016.08.09 06:27:48.835,13.31623,13.3187,0.00,0.00
2016.08.09 06:27:49.575,13.31628,13.3187,0.00,0.00
2016.08.09 06:27:49.840,13.31598,13.3187,0.00,0.00
2016.08.09 06:27:50.052,13.31628,13.3195,0.00,0.00
2016.08.09 06:27:50.153,13.31718,13.3197,0.00,0.00
2016.08.09 06:27:50.488,13.31698,13.3197,0.00,0.00
2016.08.09 06:27:50.789,13.31719,13.31971,0.00,0.00
2016.08.09 06:27:51.641,13.31719,13.3197,0.00,0.00
2016.08.09 06:27:52.292,13.31699,13.3197,0.00,0.00
2016.08.09 06:27:52.753,13.31718,13.31971,0.00,0.00
2016.08.09 06:27:55.047,13.31718,13.3197,0.00,0.00
2016.08.09 06:27:55.150,13.31649,13.31971,0.00,0.00
2016.08.09 06:27:55.352,13.31649,13.31881,0.00,0.00
2016.08.09 06:27:55.540,13.31649,13.31951,0.00,0.00
2016.08.09 06:27:55.649,13.31678,13.31951,0.00,0.00
2016.08.09 06:27:56.169,13.31669,13.31951,0.00,0.00
2016.08.09 06:27:56.270,13.31709,13.31989,0.00,0.00
2016.08.09 06:27:56.321,13.31709,13.3206,0.00,0.00
2016.08.09 06:27:56.371,13.31759,13.32071,0.00,0.00
2016.08.09 06:27:56.701,13.31789,13.3207,0.00,0.00
2016.08.09 06:27:56.751,13.31768,13.32071,0.00,0.00
2016.08.09 06:27:57.297,13.31789,13.32071,0.00,0.00
2016.08.09 06:27:57.452,13.31769,13.32071,0.00,0.00
2016.08.09 06:27:58.457,13.31769,13.3207,0.00,0.00
2016.08.09 06:27:58.977,13.31769,13.32071,0.00,0.00
2016.08.09 06:27:59.292,13.31789,13.3207,0.00,0.00
2016.08.09 06:27:59.980,13.31789,13.32071,0.00,0.00
2016.08.09 06:28:00.639,13.31789,13.3207,0.00,0.00
2016.08.09 06:28:01.209,13.31789,13.32071,0.00,0.00
2016.08.09 06:28:01.602,13.31769,13.32071,0.00,0.00
2016.08.09 06:28:01.703,13.31788,13.32071,0.00,0.00
2016.08.09 06:28:01.759,13.31768,13.32071,0.00,0.00
2016.08.09 06:28:02.370,13.31768,13.3207,0.00,0.00
2016.08.09 06:28:02.460,13.31788,13.3207,0.00,0.00
2016.08.09 06:28:03.541,13.31788,13.32071,0.00,0.00
2016.08.09 06:28:04.174,13.31788,13.3207,0.00,0.00
2016.08.09 06:28:04.263,13.31768,13.3207,0.00,0.00
2016.08.09 06:28:04.464,13.31789,13.3207,0.00,0.00
2016.08.09 06:28:04.792,13.31769,13.32071,0.00,0.00
2016.08.09 06:28:05.295,13.31799,13.3207,0.00,0.00
2016.08.09 06:28:05.685,13.31778,13.3207,0.00,0.00
2016.08.09 06:28:06.267,13.31769,13.32071,0.00,0.00
2016.08.09 06:28:06.368,13.31788,13.3207,0.00,0.00
2016.08.09 06:28:06.680,13.31769,13.32071,0.00,0.00
2016.08.09 06:28:06.781,13.31738,13.3207,0.00,0.00
2016.08.09 06:28:06.868,13.31768,13.3207,0.00,0.00
2016.08.09 06:28:07.439,13.31768,13.32071,0.00,0.00
2016.08.09 06:28:07.767,13.31788,13.32071,0.00,0.00
2016.08.09 06:28:08.421,13.31788,13.3207,0.00,0.00
2016.08.09 06:28:08.883,13.31788,13.32071,0.00,0.00
2016.08.09 06:28:08.984,13.3182,13.3208,0.00,0.00
2016.08.09 06:28:09.086,13.31858,13.32141,0.00,0.00
2016.08.09 06:28:09.371,13.31848,13.32141,0.00,0.00
2016.08.09 06:28:09.472,13.31879,13.32141,0.00,0.00
2016.08.09 06:28:09.872,13.31848,13.32141,0.00,0.00
2016.08.09 06:28:10.888,13.31848,13.3214,0.00,0.00
2016.08.09 06:28:11.282,13.31798,13.3207,0.00,0.00
2016.08.09 06:28:11.417,13.31869,13.32141,0.00,0.00
2016.08.09 06:28:11.518,13.31908,13.32171,0.00,0.00
2016.08.09 06:28:11.675,13.31898,13.3217,0.00,0.00
2016.08.09 06:28:11.779,13.31919,13.3217,0.00,0.00
2016.08.09 06:28:11.876,13.31899,13.3217,0.00,0.00
2016.08.09 06:28:11.977,13.31918,13.32171,0.00,0.00
2016.08.09 06:28:12.522,13.31898,13.32171,0.00,0.00
2016.08.09 06:28:13.293,13.31898,13.3217,0.00,0.00
2016.08.09 06:28:13.514,13.31918,13.3217,0.00,0.00
2016.08.09 06:28:13.578,13.31889,13.3217,0.00,0.00
2016.08.09 06:28:14.587,13.3187,13.3217,0.00,0.00
2016.08.09 06:28:14.738,13.31869,13.32161,0.00,0.00
2016.08.09 06:28:15.247,13.3187,13.3216,0.00,0.00
2016.08.09 06:28:16.231,13.31868,13.32071,0.00,0.00
2016.08.09 06:28:16.317,13.31829,13.32141,0.00,0.00
2016.08.09 06:28:16.381,13.31838,13.32141,0.00,0.00
2016.08.09 06:28:16.883,13.31868,13.32141,0.00,0.00
2016.08.09 06:28:17.645,13.31868,13.32151,0.00,0.00
2016.08.09 06:28:17.746,13.31848,13.32151,0.00,0.00
2016.08.09 06:28:17.796,13.31889,13.32151,0.00,0.00
2016.08.09 06:28:17.847,13.31889,13.32161,0.00,0.00
2016.08.09 06:28:18.094,13.31828,13.32151,0.00,0.00
2016.08.09 06:28:18.427,13.31829,13.32101,0.00,0.00
2016.08.09 06:28:18.735,13.31859,13.3215,0.00,0.00
2016.08.09 06:28:19.352,13.31859,13.32151,0.00,0.00
2016.08.09 06:28:19.403,13.31828,13.32151,0.00,0.00
2016.08.09 06:28:19.950,13.31839,13.32151,0.00,0.00
2016.08.09 06:28:20.289,13.31858,13.32151,0.00,0.00
2016.08.09 06:28:21.133,13.31859,13.32151,0.00,0.00
2016.08.09 06:28:21.625,13.31858,13.32081,0.00,0.00
2016.08.09 06:28:21.732,13.31798,13.32112,0.00,0.00
2016.08.09 06:28:21.992,13.31848,13.32141,0.00,0.00
2016.08.09 06:28:22.192,13.31839,13.32141,0.00,0.00
2016.08.09 06:28:22.309,13.31818,13.32122,0.00,0.00
2016.08.09 06:28:22.359,13.31818,13.3207,0.00,0.00
2016.08.09 06:28:22.410,13.31779,13.32071,0.00,0.00
2016.08.09 06:28:22.601,13.31798,13.32102,0.00,0.00
2016.08.09 06:28:22.652,13.3184,13.32102,0.00,0.00
2016.08.09 06:28:22.703,13.31868,13.3215,0.00,0.00
2016.08.09 06:28:22.854,13.31838,13.32142,0.00,0.00
2016.08.09 06:28:23.387,13.31839,13.32141,0.00,0.00
2016.08.09 06:28:23.494,13.31849,13.3215,0.00,0.00
2016.08.09 06:28:23.795,13.31839,13.32141,0.00,0.00
2016.08.09 06:28:24.355,13.3184,13.32141,0.00,0.00
2016.08.09 06:28:24.456,13.31839,13.32141,0.00,0.00
2016.08.09 06:28:24.507,13.31878,13.32171,0.00,0.00
2016.08.09 06:28:24.696,13.31868,13.3217,0.00,0.00
2016.08.09 06:28:24.997,13.31858,13.32162,0.00,0.00
2016.08.09 06:28:25.048,13.31858,13.3216,0.00,0.00
2016.08.09 06:28:25.197,13.31869,13.3216,0.00,0.00
2016.08.09 06:28:26.129,13.31869,13.3215,0.00,0.00
2016.08.09 06:28:26.230,13.31849,13.3207,0.00,0.00
2016.08.09 06:28:26.331,13.31779,13.32071,0.00,0.00
2016.08.09 06:28:26.416,13.31779,13.32071,0.00,0.00
2016.08.09 06:28:26.499,13.31789,13.32071,0.00,0.00
2016.08.09 06:28:26.599,13.31778,13.32071,0.00,0.00
2016.08.09 06:28:26.701,13.31789,13.32071,0.00,0.00
2016.08.09 06:28:26.752,13.3179,13.3208,0.00,0.00
2016.08.09 06:28:26.954,13.31839,13.32141,0.00,0.00
2016.08.09 06:28:27.004,13.31849,13.32151,0.00,0.00
2016.08.09 06:28:27.100,13.31839,13.32141,0.00,0.00
2016.08.09 06:28:27.323,13.31849,13.32151,0.00,0.00
2016.08.09 06:28:28.802,13.31838,13.32142,0.00,0.00
2016.08.09 06:28:30.019,13.31828,13.32132,0.00,0.00
2016.08.09 06:28:30.070,13.31828,13.32071,0.00,0.00
2016.08.09 06:28:30.331,13.31789,13.3207,0.00,0.00
2016.08.09 06:28:30.404,13.31779,13.3207,0.00,0.00
2016.08.09 06:28:30.633,13.31788,13.3207,0.00,0.00
2016.08.09 06:28:30.734,13.31808,13.3208,0.00,0.00
2016.08.09 06:28:31.033,13.31848,13.3215,0.00,0.00
2016.08.09 06:28:31.140,13.31839,13.32141,0.00,0.00
2016.08.09 06:28:31.205,13.31848,13.3215,0.00,0.00
2016.08.09 06:28:31.606,13.31838,13.32142,0.00,0.00
2016.08.09 06:28:33.041,13.31828,13.32132,0.00,0.00
2016.08.09 06:28:33.848,13.31839,13.32141,0.00,0.00
2016.08.09 06:28:35.213,13.31818,13.32122,0.00,0.00
2016.08.09 06:28:35.449,13.31848,13.32071,0.00,0.00
2016.08.09 06:28:35.550,13.31808,13.3207,0.00,0.00
2016.08.09 06:28:35.651,13.31829,13.3207,0.00,0.00
2016.08.09 06:28:35.723,13.31798,13.3207,0.00,0.00
2016.08.09 06:28:35.954,13.31829,13.32071,0.00,0.00
2016.08.09 06:28:36.415,13.31808,13.32071,0.00,0.00
2016.08.09 06:28:37.339,13.31808,13.3207,0.00,0.00
2016.08.09 06:28:38.542,13.31808,13.32071,0.00,0.00
2016.08.09 06:28:38.619,13.31829,13.32071,0.00,0.00
2016.08.09 06:28:38.720,13.31819,13.32071,0.00,0.00
2016.08.09 06:28:41.998,13.31819,13.32121,0.00,0.00
2016.08.09 06:28:42.049,13.31848,13.32151,0.00,0.00
2016.08.09 06:28:42.269,13.31828,13.32132,0.00,0.00
2016.08.09 06:28:42.323,13.31848,13.32151,0.00,0.00
2016.08.09 06:28:42.523,13.31839,13.32141,0.00,0.00
2016.08.09 06:28:42.766,13.31939,13.32161,0.00,0.00
2016.08.09 06:28:42.867,13.31989,13.32252,0.00,0.00
2016.08.09 06:28:42.918,13.31989,13.3227,0.00,0.00
2016.08.09 06:28:42.969,13.31958,13.32111,0.00,0.00
2016.08.09 06:28:43.070,13.31858,13.32162,0.00,0.00
2016.08.09 06:28:43.124,13.31868,13.3217,0.00,0.00
2016.08.09 06:28:43.661,13.31868,13.32171,0.00,0.00
2016.08.09 06:28:44.176,13.31868,13.32101,0.00,0.00
2016.08.09 06:28:44.227,13.31848,13.32101,0.00,0.00
2016.08.09 06:28:44.277,13.31848,13.321,0.00,0.00
2016.08.09 06:28:44.378,13.3184,13.3209,0.00,0.00
2016.08.09 06:28:44.480,13.31839,13.32101,0.00,0.00
2016.08.09 06:28:44.530,13.31858,13.32101,0.00,0.00
2016.08.09 06:28:44.732,13.31839,13.32101,0.00,0.00
2016.08.09 06:28:44.783,13.31839,13.3207,0.00,0.00
2016.08.09 06:28:44.884,13.31848,13.32101,0.00,0.00
2016.08.09 06:28:44.935,13.31798,13.32082,0.00,0.00
2016.08.09 06:28:44.985,13.3184,13.3208,0.00,0.00
2016.08.09 06:28:45.065,13.31839,13.32101,0.00,0.00
2016.08.09 06:28:45.166,13.31808,13.3208,0.00,0.00
2016.08.09 06:28:45.271,13.31808,13.32071,0.00,0.00
2016.08.09 06:28:45.542,13.31778,13.3207,0.00,0.00
2016.08.09 06:28:45.644,13.31798,13.32071,0.00,0.00
2016.08.09 06:28:46.229,13.31789,13.32071,0.00,0.00
2016.08.09 06:28:46.353,13.31798,13.32071,0.00,0.00
2016.08.09 06:28:46.629,13.31789,13.32071,0.00,0.00
2016.08.09 06:28:47.170,13.31789,13.3207,0.00,0.00
2016.08.09 06:28:47.734,13.31798,13.3207,0.00,0.00
2016.08.09 06:28:47.784,13.31798,13.32071,0.00,0.00
2016.08.09 06:28:47.835,13.31789,13.32071,0.00,0.00
2016.08.09 06:28:47.936,13.31779,13.32071,0.00,0.00
2016.08.09 06:28:48.273,13.31779,13.31971,0.00,0.00
2016.08.09 06:28:48.375,13.31799,13.32001,0.00,0.00
2016.08.09 06:28:48.476,13.3174,13.32012,0.00,0.00
2016.08.09 06:28:48.577,13.31749,13.32051,0.00,0.00
2016.08.09 06:28:48.799,13.31789,13.3206,0.00,0.00
2016.08.09 06:28:48.888,13.31779,13.3207,0.00,0.00
2016.08.09 06:28:49.332,13.31769,13.32071,0.00,0.00
2016.08.09 06:28:49.433,13.31749,13.32051,0.00,0.00
2016.08.09 06:28:50.233,13.31768,13.32071,0.00,0.00
2016.08.09 06:28:50.529,13.31779,13.32071,0.00,0.00
2016.08.09 06:28:50.880,13.31748,13.32052,0.00,0.00
2016.08.09 06:28:51.133,13.31728,13.31971,0.00,0.00
2016.08.09 06:28:51.209,13.31659,13.31961,0.00,0.00
2016.08.09 06:28:51.483,13.31668,13.31971,0.00,0.00
2016.08.09 06:28:51.533,13.31698,13.31971,0.00,0.00
2016.08.09 06:28:51.635,13.31698,13.31991,0.00,0.00
2016.08.09 06:28:51.685,13.31779,13.32071,0.00,0.00
2016.08.09 06:28:52.186,13.31779,13.3207,0.00,0.00
2016.08.09 06:28:52.237,13.31749,13.32051,0.00,0.00
2016.08.09 06:28:52.737,13.31769,13.3207,0.00,0.00
2016.08.09 06:28:53.690,13.31769,13.32,0.00,0.00
2016.08.09 06:28:53.791,13.31778,13.32071,0.00,0.00
2016.08.09 06:28:53.841,13.31758,13.32062,0.00,0.00
2016.08.09 06:28:53.939,13.31778,13.32071,0.00,0.00
2016.08.09 06:28:54.040,13.31768,13.32051,0.00,0.00
2016.08.09 06:28:54.091,13.31768,13.3197,0.00,0.00
2016.08.09 06:28:54.142,13.31659,13.31961,0.00,0.00
2016.08.09 06:28:54.243,13.31638,13.31942,0.00,0.00
2016.08.09 06:28:54.345,13.31669,13.31961,0.00,0.00
2016.08.09 06:28:54.440,13.31638,13.31942,0.00,0.00
2016.08.09 06:28:54.671,13.31668,13.31961,0.00,0.00
2016.08.09 06:28:54.740,13.31648,13.31952,0.00,0.00
2016.08.09 06:28:54.989,13.31668,13.3196,0.00,0.00
2016.08.09 06:28:55.146,13.31618,13.31922,0.00,0.00
2016.08.09 06:28:55.197,13.31618,13.3187,0.00,0.00
2016.08.09 06:28:55.248,13.31559,13.31861,0.00,0.00
2016.08.09 06:28:55.790,13.31569,13.31871,0.00,0.00
2016.08.09 06:28:55.891,13.31588,13.31871,0.00,0.00
2016.08.09 06:28:57.459,13.31559,13.31861,0.00,0.00
2016.08.09 06:28:57.946,13.31563,13.31871,0.00,0.00
2016.08.09 06:28:58.347,13.31573,13.31871,0.00,0.00
2016.08.09 06:28:58.716,13.31704,13.31971,0.00,0.00
2016.08.09 06:28:58.813,13.31679,13.31971,0.00,0.00
2016.08.09 06:28:58.948,13.31684,13.31971,0.00,0.00
2016.08.09 06:28:59.524,13.31704,13.31971,0.00,0.00
2016.08.09 06:28:59.575,13.31688,13.31971,0.00,0.00
2016.08.09 06:29:00.351,13.31704,13.31971,0.00,0.00
2016.08.09 06:29:00.452,13.31774,13.3207,0.00,0.00
2016.08.09 06:29:00.845,13.31779,13.3207,0.00,0.00
2016.08.09 06:29:00.961,13.31768,13.3207,0.00,0.00
2016.08.09 06:29:01.152,13.31758,13.32062,0.00,0.00
2016.08.09 06:29:01.477,13.31779,13.32071,0.00,0.00
2016.08.09 06:29:01.578,13.31748,13.32052,0.00,0.00
2016.08.09 06:29:01.680,13.31729,13.32031,0.00,0.00
2016.08.09 06:29:01.781,13.31748,13.32052,0.00,0.00
2016.08.09 06:29:02.054,13.31768,13.3206,0.00,0.00
2016.08.09 06:29:02.754,13.31739,13.32041,0.00,0.00
2016.08.09 06:29:02.932,13.31788,13.3206,0.00,0.00
2016.08.09 06:29:02.983,13.31799,13.3207,0.00,0.00
2016.08.09 06:29:03.642,13.31799,13.31971,0.00,0.00
2016.08.09 06:29:03.733,13.31779,13.31971,0.00,0.00
2016.08.09 06:29:03.784,13.31698,13.31971,0.00,0.00
2016.08.09 06:29:04.006,13.31708,13.31971,0.00,0.00
2016.08.09 06:29:04.283,13.31688,13.31971,0.00,0.00
2016.08.09 06:29:04.758,13.31718,13.31971,0.00,0.00
2016.08.09 06:29:05.271,13.31718,13.3197,0.00,0.00
2016.08.09 06:29:05.705,13.31708,13.3197,0.00,0.00
2016.08.09 06:29:07.483,13.31688,13.3197,0.00,0.00
2016.08.09 06:29:07.962,13.31709,13.3197,0.00,0.00
2016.08.09 06:29:09.328,13.31709,13.31971,0.00,0.00
2016.08.09 06:29:10.865,13.3177,13.32011,0.00,0.00
2016.08.09 06:29:10.916,13.3177,13.32022,0.00,0.00
2016.08.09 06:29:10.967,13.31768,13.32051,0.00,0.00
2016.08.09 06:29:11.068,13.31779,13.32051,0.00,0.00
2016.08.09 06:29:11.167,13.31758,13.32051,0.00,0.00
2016.08.09 06:29:11.416,13.31768,13.32051,0.00,0.00
2016.08.09 06:29:11.947,13.31769,13.32051,0.00,0.00
2016.08.09 06:29:12.067,13.31769,13.32071,0.00,0.00
2016.08.09 06:29:12.117,13.31788,13.32071,0.00,0.00
2016.08.09 06:29:12.517,13.31798,13.32071,0.00,0.00
2016.08.09 06:29:12.771,13.31779,13.3207,0.00,0.00
2016.08.09 06:29:13.440,13.31779,13.32071,0.00,0.00
2016.08.09 06:29:14.209,13.31779,13.3207,0.00,0.00
2016.08.09 06:29:14.310,13.31798,13.32071,0.00,0.00
2016.08.09 06:29:14.411,13.31779,13.32071,0.00,0.00
2016.08.09 06:29:14.772,13.31799,13.32071,0.00,0.00
2016.08.09 06:29:15.287,13.31808,13.3207,0.00,0.00
2016.08.09 06:29:15.591,13.31799,13.32071,0.00,0.00
2016.08.09 06:29:16.169,13.31799,13.3207,0.00,0.00
2016.08.09 06:29:16.686,13.31788,13.3207,0.00,0.00
2016.08.09 06:29:16.736,13.31799,13.3207,0.00,0.00
2016.08.09 06:29:17.745,13.31799,13.32071,0.00,0.00
2016.08.09 06:29:19.373,13.31809,13.32071,0.00,0.00
2016.08.09 06:29:20.032,13.31809,13.3207,0.00,0.00
2016.08.09 06:29:20.215,13.31799,13.3207,0.00,0.00
2016.08.09 06:29:20.265,13.31799,13.3197,0.00,0.00
2016.08.09 06:29:20.366,13.31698,13.3197,0.00,0.00
2016.08.09 06:29:20.501,13.31708,13.3197,0.00,0.00
2016.08.09 06:29:21.823,13.31699,13.3197,0.00,0.00
2016.08.09 06:29:21.874,13.31719,13.32001,0.00,0.00
2016.08.09 06:29:21.924,13.31789,13.32061,0.00,0.00
2016.08.09 06:29:22.196,13.31779,13.32061,0.00,0.00
2016.08.09 06:29:22.306,13.31789,13.32061,0.00,0.00
2016.08.09 06:29:23.118,13.31719,13.31982,0.00,0.00
2016.08.09 06:29:23.169,13.31678,13.3194,0.00,0.00
2016.08.09 06:29:23.478,13.31719,13.31971,0.00,0.00
2016.08.09 06:29:23.792,13.31729,13.32001,0.00,0.00
2016.08.09 06:29:23.959,13.31748,13.32052,0.00,0.00
2016.08.09 06:29:24.010,13.31779,13.32071,0.00,0.00
2016.08.09 06:29:24.286,13.31759,13.32061,0.00,0.00
2016.08.09 06:29:25.777,13.31759,13.31971,0.00,0.00
2016.08.09 06:29:25.828,13.31748,13.31971,0.00,0.00
2016.08.09 06:29:25.879,13.31748,13.3197,0.00,0.00
2016.08.09 06:29:25.980,13.31708,13.3197,0.00,0.00
2016.08.09 06:29:26.194,13.31688,13.3197,0.00,0.00
2016.08.09 06:29:26.327,13.31698,13.3197,0.00,0.00
2016.08.09 06:29:26.395,13.31688,13.3197,0.00,0.00
2016.08.09 06:29:26.784,13.3172,13.3197,0.00,0.00
2016.08.09 06:29:26.835,13.31759,13.3197,0.00,0.00
2016.08.09 06:29:26.987,13.31759,13.32001,0.00,0.00
2016.08.09 06:29:27.088,13.31738,13.32001,0.00,0.00
2016.08.09 06:29:27.138,13.31748,13.32001,0.00,0.00
2016.08.09 06:29:27.340,13.31728,13.32001,0.00,0.00
2016.08.09 06:29:27.441,13.31719,13.32001,0.00,0.00
2016.08.09 06:29:28.098,13.31728,13.32032,0.00,0.00
2016.08.09 06:29:28.970,13.31728,13.32,0.00,0.00
2016.08.09 06:29:29.282,13.31728,13.3196,0.00,0.00
2016.08.09 06:29:29.333,13.31708,13.3196,0.00,0.00
2016.08.09 06:29:29.434,13.31689,13.3196,0.00,0.00
2016.08.09 06:29:30.183,13.317,13.3196,0.00,0.00
2016.08.09 06:29:30.720,13.31708,13.3195,0.00,0.00
2016.08.09 06:29:30.801,13.317,13.3195,0.00,0.00
2016.08.09 06:29:31.336,13.31699,13.31951,0.00,0.00
2016.08.09 06:29:31.584,13.31688,13.31871,0.00,0.00
2016.08.09 06:29:31.635,13.31609,13.31871,0.00,0.00
2016.08.09 06:29:31.685,13.31609,13.31871,0.00,0.00
2016.08.09 06:29:32.108,13.31629,13.31871,0.00,0.00
2016.08.09 06:29:32.509,13.31618,13.31871,0.00,0.00
2016.08.09 06:29:33.029,13.31629,13.31871,0.00,0.00
2016.08.09 06:29:33.744,13.31618,13.3191,0.00,0.00
2016.08.09 06:29:33.802,13.31618,13.31922,0.00,0.00
2016.08.09 06:29:33.853,13.31658,13.31951,0.00,0.00
2016.08.09 06:29:33.904,13.31658,13.31961,0.00,0.00
2016.08.09 06:29:33.954,13.31669,13.31961,0.00,0.00
2016.08.09 06:29:34.212,13.31679,13.3197,0.00,0.00
2016.08.09 06:29:34.863,13.31679,13.31971,0.00,0.00
2016.08.09 06:29:34.914,13.31668,13.31971,0.00,0.00
2016.08.09 06:29:35.381,13.31658,13.3187,0.00,0.00
2016.08.09 06:29:35.484,13.31589,13.31871,0.00,0.00
2016.08.09 06:29:35.635,13.31598,13.31871,0.00,0.00
2016.08.09 06:29:36.008,13.31609,13.3187,0.00,0.00
2016.08.09 06:29:36.488,13.31699,13.31911,0.00,0.00
2016.08.09 06:29:36.539,13.31699,13.31942,0.00,0.00
2016.08.09 06:29:36.590,13.31638,13.31942,0.00,0.00
2016.08.09 06:29:36.641,13.31659,13.31961,0.00,0.00
2016.08.09 06:29:36.691,13.317,13.3195,0.00,0.00
2016.08.09 06:29:37.087,13.317,13.31941,0.00,0.00
2016.08.09 06:29:37.750,13.31699,13.31941,0.00,0.00
2016.08.09 06:29:37.853,13.31699,13.31951,0.00,0.00
2016.08.09 06:29:37.954,13.31699,13.31961,0.00,0.00
2016.08.09 06:29:38.005,13.31658,13.31871,0.00,0.00
2016.08.09 06:29:38.106,13.31589,13.3187,0.00,0.00
2016.08.09 06:29:38.317,13.31609,13.3187,0.00,0.00
2016.08.09 06:29:38.418,13.31629,13.31931,0.00,0.00
2016.08.09 06:29:38.512,13.31659,13.31941,0.00,0.00
2016.08.09 06:29:38.712,13.31648,13.31941,0.00,0.00
2016.08.09 06:29:38.964,13.31648,13.3195,0.00,0.00
2016.08.09 06:29:40.421,13.31659,13.3195,0.00,0.00
2016.08.09 06:29:40.654,13.31648,13.3195,0.00,0.00
2016.08.09 06:29:40.821,13.31629,13.31821,0.00,0.00
2016.08.09 06:29:40.922,13.31529,13.31811,0.00,0.00
2016.08.09 06:29:40.998,13.31529,13.31821,0.00,0.00
2016.08.09 06:29:41.100,13.31529,13.31811,0.00,0.00
2016.08.09 06:29:41.150,13.31558,13.31811,0.00,0.00
2016.08.09 06:29:41.216,13.31529,13.31811,0.00,0.00
2016.08.09 06:29:41.792,13.31529,13.31821,0.00,0.00
2016.08.09 06:29:41.842,13.31539,13.31821,0.00,0.00
2016.08.09 06:29:42.024,13.31529,13.31812,0.00,0.00
2016.08.09 06:29:42.159,13.31568,13.31821,0.00,0.00
2016.08.09 06:29:42.324,13.31548,13.3182,0.00,0.00
2016.08.09 06:29:42.518,13.31568,13.3182,0.00,0.00
2016.08.09 06:29:43.426,13.31538,13.31721,0.00,0.00
2016.08.09 06:29:43.527,13.31448,13.31721,0.00,0.00
2016.08.09 06:29:43.758,13.31479,13.31721,0.00,0.00
2016.08.09 06:29:43.859,13.31449,13.31721,0.00,0.00
2016.08.09 06:29:43.959,13.31468,13.31721,0.00,0.00
2016.08.09 06:29:44.020,13.31449,13.31721,0.00,0.00
2016.08.09 06:29:44.260,13.31478,13.31721,0.00,0.00
2016.08.09 06:29:44.814,13.31459,13.31721,0.00,0.00
2016.08.09 06:29:45.145,13.31499,13.31771,0.00,0.00
2016.08.09 06:29:45.246,13.31518,13.31781,0.00,0.00
2016.08.09 06:29:45.364,13.31499,13.31781,0.00,0.00
2016.08.09 06:29:45.957,13.31499,13.3178,0.00,0.00
2016.08.09 06:29:46.023,13.31508,13.3178,0.00,0.00
2016.08.09 06:29:46.406,13.31579,13.31791,0.00,0.00
2016.08.09 06:29:46.566,13.31449,13.31721,0.00,0.00
2016.08.09 06:29:46.617,13.31449,13.31751,0.00,0.00
2016.08.09 06:29:46.668,13.31469,13.31751,0.00,0.00
2016.08.09 06:29:46.770,13.31489,13.31751,0.00,0.00
2016.08.09 06:29:46.932,13.31469,13.3176,0.00,0.00
2016.08.09 06:29:47.069,13.31499,13.31761,0.00,0.00
2016.08.09 06:29:47.232,13.31469,13.31761,0.00,0.00
2016.08.09 06:29:47.325,13.31489,13.31761,0.00,0.00
2016.08.09 06:29:47.747,13.31498,13.31771,0.00,0.00
2016.08.09 06:29:48.026,13.31478,13.31771,0.00,0.00
2016.08.09 06:29:48.127,13.31519,13.31802,0.00,0.00
2016.08.09 06:29:48.228,13.31599,13.31861,0.00,0.00
2016.08.09 06:29:48.434,13.31589,13.3187,0.00,0.00
2016.08.09 06:29:48.575,13.31598,13.3187,0.00,0.00
2016.08.09 06:29:48.809,13.31598,13.31802,0.00,0.00
2016.08.09 06:29:48.890,13.31588,13.31802,0.00,0.00
2016.08.09 06:29:48.941,13.31599,13.31731,0.00,0.00
2016.08.09 06:29:49.042,13.31459,13.31731,0.00,0.00
2016.08.09 06:29:49.123,13.31459,13.3174,0.00,0.00
2016.08.09 06:29:49.174,13.31498,13.3174,0.00,0.00
2016.08.09 06:29:49.224,13.31498,13.31761,0.00,0.00
2016.08.09 06:29:49.326,13.31498,13.31771,0.00,0.00
2016.08.09 06:29:49.436,13.31479,13.31731,0.00,0.00
2016.08.09 06:29:49.537,13.31459,13.31721,0.00,0.00
2016.08.09 06:29:49.638,13.31428,13.31721,0.00,0.00
2016.08.09 06:29:49.740,13.31448,13.3172,0.00,0.00
2016.08.09 06:29:50.351,13.31479,13.3172,0.00,0.00
2016.08.09 06:29:50.737,13.31479,13.31761,0.00,0.00
2016.08.09 06:29:50.838,13.31499,13.3176,0.00,0.00
2016.08.09 06:29:50.926,13.31499,13.3177,0.00,0.00
2016.08.09 06:29:51.428,13.31499,13.31771,0.00,0.00
2016.08.09 06:29:51.755,13.31478,13.31771,0.00,0.00
2016.08.09 06:29:51.878,13.31499,13.31771,0.00,0.00
2016.08.09 06:29:52.340,13.31488,13.3169,0.00,0.00
2016.08.09 06:29:52.441,13.3152,13.31792,0.00,0.00
2016.08.09 06:29:52.542,13.31579,13.3187,0.00,0.00
2016.08.09 06:29:52.734,13.31568,13.31871,0.00,0.00
2016.08.09 06:29:52.785,13.31568,13.31681,0.00,0.00
2016.08.09 06:29:52.836,13.31431,13.31661,0.00,0.00
2016.08.09 06:29:52.937,13.31378,13.31661,0.00,0.00
2016.08.09 06:29:53.256,13.31379,13.3165,0.00,0.00
2016.08.09 06:29:53.434,13.31368,13.3165,0.00,0.00
2016.08.09 06:29:53.541,13.31378,13.3165,0.00,0.00
2016.08.09 06:29:54.708,13.31328,13.3162,0.00,0.00
2016.08.09 06:29:54.886,13.31358,13.31621,0.00,0.00
2016.08.09 06:29:54.987,13.31349,13.3162,0.00,0.00
2016.08.09 06:29:55.039,13.31358,13.31662,0.00,0.00
2016.08.09 06:29:55.140,13.31388,13.31691,0.00,0.00
2016.08.09 06:29:55.286,13.31438,13.31691,0.00,0.00
2016.08.09 06:29:55.438,13.31428,13.3169,0.00,0.00
2016.08.09 06:29:55.545,13.31438,13.31691,0.00,0.00
2016.08.09 06:29:55.687,13.31418,13.31691,0.00,0.00
2016.08.09 06:29:55.738,13.31439,13.31691,0.00,0.00
2016.08.09 06:29:55.845,13.31419,13.3165,0.00,0.00
2016.08.09 06:29:55.947,13.31438,13.31671,0.00,0.00
2016.08.09 06:29:56.117,13.31369,13.31671,0.00,0.00
2016.08.09 06:29:56.170,13.31399,13.31681,0.00,0.00
2016.08.09 06:29:56.639,13.31399,13.31671,0.00,0.00
2016.08.09 06:29:56.690,13.31388,13.31671,0.00,0.00
2016.08.09 06:29:56.791,13.31378,13.3167,0.00,0.00
2016.08.09 06:29:57.398,13.31378,13.31671,0.00,0.00
2016.08.09 06:29:57.449,13.31399,13.3167,0.00,0.00
2016.08.09 06:29:57.550,13.31409,13.3169,0.00,0.00
2016.08.09 06:29:57.692,13.31438,13.31691,0.00,0.00
2016.08.09 06:29:57.843,13.31419,13.31722,0.00,0.00
2016.08.09 06:29:57.944,13.31488,13.3178,0.00,0.00
2016.08.09 06:29:58.046,13.31498,13.31802,0.00,0.00
2016.08.09 06:29:58.332,13.31588,13.3188,0.00,0.00
2016.08.09 06:29:58.384,13.31568,13.31872,0.00,0.00
2016.08.09 06:29:58.444,13.31568,13.3184,0.00,0.00
2016.08.09 06:29:58.494,13.31558,13.3184,0.00,0.00
2016.08.09 06:29:58.596,13.31548,13.31841,0.00,0.00
2016.08.09 06:29:58.646,13.31518,13.31822,0.00,0.00
2016.08.09 06:29:59.047,13.31538,13.31841,0.00,0.00
2016.08.09 06:29:59.345,13.31538,13.31842,0.00,0.00
2016.08.09 06:29:59.674,13.31539,13.3184,0.00,0.00
2016.08.09 06:29:59.848,13.31529,13.31831,0.00,0.00
2016.08.09 06:30:00.454,13.31519,13.31821,0.00,0.00
2016.08.09 06:30:00.943,13.31528,13.31832,0.00,0.00
2016.08.09 06:30:01.255,13.31519,13.31741,0.00,0.00
2016.08.09 06:30:01.356,13.31439,13.3174,0.00,0.00
2016.08.09 06:30:01.471,13.31418,13.31722,0.00,0.00
2016.08.09 06:30:01.651,13.31448,13.3174,0.00,0.00
2016.08.09 06:30:01.752,13.31418,13.31722,0.00,0.00
2016.08.09 06:30:01.803,13.3142,13.31722,0.00,0.00
2016.08.09 06:30:01.854,13.31468,13.3177,0.00,0.00
2016.08.09 06:30:02.161,13.31468,13.31761,0.00,0.00
2016.08.09 06:30:02.212,13.31508,13.31812,0.00,0.00
2016.08.09 06:30:02.313,13.31569,13.3186,0.00,0.00
2016.08.09 06:30:02.515,13.31538,13.31841,0.00,0.00
2016.08.09 06:30:02.566,13.31558,13.31841,0.00,0.00
2016.08.09 06:30:02.671,13.31558,13.31851,0.00,0.00
2016.08.09 06:30:02.756,13.31568,13.31851,0.00,0.00
2016.08.09 06:30:03.056,13.31559,13.31851,0.00,0.00
2016.08.09 06:30:03.107,13.31559,13.3186,0.00,0.00
2016.08.09 06:30:03.808,13.31559,13.31861,0.00,0.00
2016.08.09 06:30:03.894,13.31588,13.31861,0.00,0.00
2016.08.09 06:30:04.532,13.3162,13.31892,0.00,0.00
2016.08.09 06:30:04.583,13.3162,13.31902,0.00,0.00
2016.08.09 06:30:04.684,13.31639,13.31941,0.00,0.00
2016.08.09 06:30:04.785,13.31659,13.3195,0.00,0.00
2016.08.09 06:30:04.835,13.31659,13.31961,0.00,0.00
2016.08.09 06:30:05.052,13.31689,13.31971,0.00,0.00
2016.08.09 06:30:05.103,13.31699,13.31971,0.00,0.00
2016.08.09 06:30:05.255,13.31699,13.3198,0.00,0.00
2016.08.09 06:30:05.306,13.31688,13.3198,0.00,0.00
2016.08.09 06:30:05.407,13.31669,13.31971,0.00,0.00
2016.08.09 06:30:05.509,13.31698,13.3198,0.00,0.00
2016.08.09 06:30:05.613,13.31668,13.31972,0.00,0.00
2016.08.09 06:30:05.897,13.31678,13.31981,0.00,0.00
2016.08.09 06:30:05.961,13.31668,13.31972,0.00,0.00
2016.08.09 06:30:06.084,13.31678,13.31981,0.00,0.00
2016.08.09 06:30:06.447,13.31708,13.31971,0.00,0.00
2016.08.09 06:30:06.598,13.31669,13.31971,0.00,0.00
2016.08.09 06:30:06.730,13.31669,13.31921,0.00,0.00
2016.08.09 06:30:06.780,13.31638,13.31921,0.00,0.00
2016.08.09 06:30:07.030,13.31638,13.31942,0.00,0.00
2016.08.09 06:30:07.081,13.31689,13.31951,0.00,0.00
2016.08.09 06:30:07.182,13.31678,13.31951,0.00,0.00
2016.08.09 06:30:07.331,13.31678,13.31971,0.00,0.00
2016.08.09 06:30:07.381,13.31689,13.31971,0.00,0.00
2016.08.09 06:30:07.789,13.31658,13.31962,0.00,0.00
2016.08.09 06:30:07.890,13.31688,13.3198,0.00,0.00
2016.08.09 06:30:08.167,13.31708,13.32012,0.00,0.00
2016.08.09 06:30:08.268,13.31759,13.3206,0.00,0.00
2016.08.09 06:30:08.588,13.31778,13.3207,0.00,0.00
2016.08.09 06:30:08.639,13.31778,13.3208,0.00,0.00
2016.08.09 06:30:08.731,13.31788,13.3208,0.00,0.00
2016.08.09 06:30:08.885,13.31778,13.32081,0.00,0.00
2016.08.09 06:30:08.988,13.31768,13.32072,0.00,0.00
2016.08.09 06:30:09.291,13.31759,13.32061,0.00,0.00
2016.08.09 06:30:09.443,13.31759,13.32041,0.00,0.00
2016.08.09 06:30:09.495,13.31748,13.32041,0.00,0.00
2016.08.09 06:30:09.545,13.31748,13.31991,0.00,0.00
2016.08.09 06:30:09.596,13.31699,13.31991,0.00,0.00
2016.08.09 06:30:09.786,13.31728,13.31991,0.00,0.00
2016.08.09 06:30:09.889,13.31719,13.31991,0.00,0.00
2016.08.09 06:30:10.538,13.31719,13.3199,0.00,0.00
2016.08.09 06:30:10.589,13.31729,13.3199,0.00,0.00
2016.08.09 06:30:10.902,13.31739,13.31991,0.00,0.00
2016.08.09 06:30:11.205,13.31778,13.31991,0.00,0.00
2016.08.09 06:30:11.256,13.31778,13.32071,0.00,0.00
2016.08.09 06:30:11.307,13.31809,13.32071,0.00,0.00
2016.08.09 06:30:11.389,13.31789,13.32071,0.00,0.00
2016.08.09 06:30:11.490,13.31769,13.32071,0.00,0.00
2016.08.09 06:30:11.592,13.31798,13.32071,0.00,0.00
2016.08.09 06:30:11.671,13.31768,13.32071,0.00,0.00
2016.08.09 06:30:11.791,13.31788,13.32071,0.00,0.00
2016.08.09 06:30:12.112,13.31798,13.32071,0.00,0.00
2016.08.09 06:30:12.294,13.31788,13.32071,0.00,0.00
2016.08.09 06:30:12.493,13.31778,13.3207,0.00,0.00
2016.08.09 06:30:13.082,13.31799,13.3207,0.00,0.00
2016.08.09 06:30:13.133,13.31799,13.32101,0.00,0.00
2016.08.09 06:30:13.184,13.31838,13.32141,0.00,0.00
2016.08.09 06:30:13.487,13.31899,13.3217,0.00,0.00
2016.08.09 06:30:13.588,13.31958,13.32251,0.00,0.00
2016.08.09 06:30:13.691,13.31978,13.3225,0.00,0.00
2016.08.09 06:30:13.746,13.31978,13.3227,0.00,0.00
2016.08.09 06:30:13.898,13.31988,13.3227,0.00,0.00
2016.08.09 06:30:14.390,13.31969,13.3227,0.00,0.00
2016.08.09 06:30:14.491,13.31958,13.32262,0.00,0.00
2016.08.09 06:30:15.402,13.31968,13.32271,0.00,0.00
2016.08.09 06:30:15.795,13.31959,13.3226,0.00,0.00
2016.08.09 06:30:16.179,13.31969,13.3226,0.00,0.00
2016.08.09 06:30:16.397,13.31978,13.32271,0.00,0.00
2016.08.09 06:30:16.903,13.32008,13.32312,0.00,0.00
2016.08.09 06:30:17.005,13.32038,13.32321,0.00,0.00
2016.08.09 06:30:17.056,13.32038,13.3234,0.00,0.00
2016.08.09 06:30:17.106,13.3202,13.32321,0.00,0.00
2016.08.09 06:30:17.157,13.32019,13.32321,0.00,0.00
2016.08.09 06:30:17.208,13.32058,13.32341,0.00,0.00
2016.08.09 06:30:17.259,13.32058,13.32351,0.00,0.00
2016.08.09 06:30:17.356,13.32058,13.32361,0.00,0.00
2016.08.09 06:30:17.407,13.32069,13.32361,0.00,0.00
2016.08.09 06:30:17.659,13.32048,13.3235,0.00,0.00
2016.08.09 06:30:17.710,13.32018,13.32322,0.00,0.00
2016.08.09 06:30:17.811,13.32038,13.32342,0.00,0.00
2016.08.09 06:30:18.011,13.32058,13.32351,0.00,0.00
2016.08.09 06:30:18.062,13.32058,13.32362,0.00,0.00
2016.08.09 06:30:18.363,13.32038,13.32342,0.00,0.00
2016.08.09 06:30:18.761,13.32058,13.32362,0.00,0.00
2016.08.09 06:30:19.157,13.32038,13.32342,0.00,0.00
2016.08.09 06:30:19.363,13.32049,13.32301,0.00,0.00
2016.08.09 06:30:19.561,13.32009,13.32311,0.00,0.00
2016.08.09 06:30:19.864,13.31989,13.32291,0.00,0.00
2016.08.09 06:30:20.214,13.32019,13.32321,0.00,0.00
2016.08.09 06:30:20.415,13.32028,13.32332,0.00,0.00
2016.08.09 06:30:20.719,13.32048,13.32352,0.00,0.00
2016.08.09 06:30:21.150,13.32019,13.32322,0.00,0.00
2016.08.09 06:30:21.301,13.32048,13.32352,0.00,0.00
2016.08.09 06:30:21.409,13.32098,13.32402,0.00,0.00
2016.08.09 06:30:21.611,13.32128,13.32391,0.00,0.00
2016.08.09 06:30:21.666,13.32128,13.32391,0.00,0.00
2016.08.09 06:30:21.717,13.32119,13.32391,0.00,0.00
2016.08.09 06:30:21.789,13.32119,13.32391,0.00,0.00
2016.08.09 06:30:21.917,13.32119,13.32391,0.00,0.00
2016.08.09 06:30:22.090,13.32089,13.32381,0.00,0.00
2016.08.09 06:30:22.192,13.32019,13.32312,0.00,0.00
2016.08.09 06:30:22.493,13.32019,13.32321,0.00,0.00
2016.08.09 06:30:22.928,13.32019,13.32319,0.00,0.00
2016.08.09 06:30:22.979,13.32018,13.3227,0.00,0.00
2016.08.09 06:30:23.030,13.31999,13.3227,0.00,0.00
2016.08.09 06:30:23.080,13.31999,13.32281,0.00,0.00
2016.08.09 06:30:23.131,13.31939,13.32241,0.00,0.00
2016.08.09 06:30:23.232,13.31968,13.32272,0.00,0.00
2016.08.09 06:30:23.292,13.31938,13.32242,0.00,0.00
2016.08.09 06:30:23.540,13.31968,13.32271,0.00,0.00
2016.08.09 06:30:23.641,13.31938,13.32242,0.00,0.00
2016.08.09 06:30:23.971,13.31969,13.32271,0.00,0.00
2016.08.09 06:30:24.272,13.31939,13.32241,0.00,0.00
2016.08.09 06:30:24.500,13.31968,13.32272,0.00,0.00
2016.08.09 06:30:24.795,13.31948,13.32252,0.00,0.00
2016.08.09 06:30:25.107,13.31988,13.3229,0.00,0.00
2016.08.09 06:30:25.482,13.32019,13.32292,0.00,0.00
2016.08.09 06:30:25.533,13.32019,13.32311,0.00,0.00
2016.08.09 06:30:25.634,13.32039,13.32341,0.00,0.00
2016.08.09 06:30:25.685,13.3207,13.32341,0.00,0.00
2016.08.09 06:30:25.735,13.3207,13.32362,0.00,0.00
2016.08.09 06:30:25.786,13.32119,13.32362,0.00,0.00
2016.08.09 06:30:25.836,13.32119,13.32391,0.00,0.00
2016.08.09 06:30:25.887,13.32119,13.32391,0.00,0.00
2016.08.09 06:30:26.233,13.32118,13.3237,0.00,0.00
2016.08.09 06:30:26.334,13.32058,13.32362,0.00,0.00
2016.08.09 06:30:26.527,13.32119,13.32391,0.00,0.00
2016.08.09 06:30:26.679,13.32128,13.32411,0.00,0.00
2016.08.09 06:30:26.922,13.32138,13.32442,0.00,0.00
2016.08.09 06:30:27.028,13.32158,13.32462,0.00,0.00
2016.08.09 06:30:27.502,13.32139,13.32441,0.00,0.00
2016.08.09 06:30:27.552,13.32158,13.3245,0.00,0.00
2016.08.09 06:30:27.603,13.32169,13.32471,0.00,0.00
2016.08.09 06:30:27.806,13.3222,13.32462,0.00,0.00
2016.08.09 06:30:27.907,13.3217,13.32462,0.00,0.00
2016.08.09 06:30:28.030,13.32178,13.3247,0.00,0.00
2016.08.09 06:30:28.081,13.32219,13.32471,0.00,0.00
2016.08.09 06:30:28.131,13.32219,13.32441,0.00,0.00
2016.08.09 06:30:28.233,13.32219,13.32471,0.00,0.00
2016.08.09 06:30:28.334,13.32138,13.32442,0.00,0.00
2016.08.09 06:30:28.435,13.3212,13.32412,0.00,0.00
2016.08.09 06:30:28.485,13.32169,13.32412,0.00,0.00
2016.08.09 06:30:28.536,13.32169,13.32462,0.00,0.00
2016.08.09 06:30:28.870,13.32219,13.32471,0.00,0.00
2016.08.09 06:30:28.920,13.3217,13.32452,0.00,0.00
2016.08.09 06:30:29.023,13.32219,13.32471,0.00,0.00
2016.08.09 06:30:29.326,13.32169,13.32451,0.00,0.00
2016.08.09 06:30:29.432,13.32119,13.32411,0.00,0.00
2016.08.09 06:30:29.483,13.3212,13.32412,0.00,0.00
2016.08.09 06:30:29.732,13.32158,13.32451,0.00,0.00
2016.08.09 06:30:29.834,13.32148,13.32451,0.00,0.00
2016.08.09 06:30:29.935,13.32119,13.32421,0.00,0.00
2016.08.09 06:30:30.036,13.32159,13.32451,0.00,0.00
2016.08.09 06:30:30.086,13.3217,13.3245,0.00,0.00
2016.08.09 06:30:30.197,13.32169,13.32461,0.00,0.00
2016.08.09 06:30:30.247,13.32169,13.32471,0.00,0.00
2016.08.09 06:30:30.449,13.3217,13.32422,0.00,0.00
2016.08.09 06:30:30.662,13.3217,13.3245,0.00,0.00
2016.08.09 06:30:30.726,13.3222,13.32442,0.00,0.00
2016.08.09 06:30:30.836,13.3222,13.3247,0.00,0.00
2016.08.09 06:30:30.938,13.32219,13.32471,0.00,0.00
2016.08.09 06:30:30.988,13.3222,13.3247,0.00,0.00
2016.08.09 06:30:31.186,13.32219,13.32471,0.00,0.00
2016.08.09 06:30:31.587,13.3222,13.3247,0.00,0.00
2016.08.09 06:30:31.739,13.32188,13.3247,0.00,0.00
2016.08.09 06:30:31.790,13.32219,13.32471,0.00,0.00
2016.08.09 06:30:31.841,13.32219,13.32441,0.00,0.00
2016.08.09 06:30:31.910,13.32219,13.32471,0.00,0.00
2016.08.09 06:30:32.437,13.3222,13.3247,0.00,0.00
2016.08.09 06:30:32.639,13.3222,13.32441,0.00,0.00
2016.08.09 06:30:32.741,13.32219,13.32459,0.00,0.00
2016.08.09 06:30:32.791,13.32189,13.3241,0.00,0.00
2016.08.09 06:30:32.842,13.32118,13.3241,0.00,0.00
2016.08.09 06:30:32.943,13.32078,13.32382,0.00,0.00
2016.08.09 06:30:32.994,13.32119,13.32382,0.00,0.00
2016.08.09 06:30:33.045,13.32128,13.32432,0.00,0.00
2016.08.09 06:30:33.247,13.32169,13.32441,0.00,0.00
2016.08.09 06:30:33.348,13.32148,13.3244,0.00,0.00
2016.08.09 06:30:33.518,13.3212,13.32412,0.00,0.00
2016.08.09 06:30:33.569,13.32169,13.32412,0.00,0.00
2016.08.09 06:30:33.620,13.32128,13.32398,0.00,0.00
2016.08.09 06:30:33.839,13.32039,13.32341,0.00,0.00
2016.08.09 06:30:33.892,13.32039,13.3234,0.00,0.00
2016.08.09 06:30:33.943,13.31968,13.32272,0.00,0.00
2016.08.09 06:30:33.993,13.31968,13.3227,0.00,0.00
2016.08.09 06:30:34.095,13.31988,13.3224,0.00,0.00
2016.08.09 06:30:34.145,13.31929,13.32231,0.00,0.00
2016.08.09 06:30:34.203,13.31929,13.32071,0.00,0.00
2016.08.09 06:30:34.254,13.31888,13.32071,0.00,0.00
2016.08.09 06:30:34.304,13.31888,13.3204,0.00,0.00
2016.08.09 06:30:34.356,13.31848,13.3204,0.00,0.00
2016.08.09 06:30:34.406,13.3184,13.31971,0.00,0.00
2016.08.09 06:30:34.507,13.31729,13.3197,0.00,0.00
2016.08.09 06:30:34.558,13.31628,13.31932,0.00,0.00
2016.08.09 06:30:34.608,13.31628,13.31871,0.00,0.00
2016.08.09 06:30:34.659,13.31638,13.31871,0.00,0.00
2016.08.09 06:30:34.710,13.31638,13.31941,0.00,0.00
2016.08.09 06:30:34.760,13.31598,13.31902,0.00,0.00
2016.08.09 06:30:34.946,13.31579,13.31792,0.00,0.00
2016.08.09 06:30:34.997,13.31488,13.31641,0.00,0.00
2016.08.09 06:30:35.047,13.31389,13.31641,0.00,0.00
2016.08.09 06:30:35.098,13.31389,13.3164,0.00,0.00
2016.08.09 06:30:35.149,13.31328,13.31579,0.00,0.00
2016.08.09 06:30:35.200,13.31328,13.31541,0.00,0.00
2016.08.09 06:30:35.301,13.31268,13.3147,0.00,0.00
2016.08.09 06:30:35.402,13.31268,13.31471,0.00,0.00
2016.08.09 06:30:35.503,13.31188,13.31471,0.00,0.00
2016.08.09 06:30:35.604,13.31189,13.31491,0.00,0.00
2016.08.09 06:30:35.705,13.31178,13.31431,0.00,0.00
2016.08.09 06:30:35.806,13.31158,13.31381,0.00,0.00
2016.08.09 06:30:35.857,13.31119,13.31381,0.00,0.00
2016.08.09 06:30:35.907,13.31179,13.31411,0.00,0.00
2016.08.09 06:30:35.958,13.31228,13.31532,0.00,0.00
2016.08.09 06:30:36.008,13.31249,13.31532,0.00,0.00
2016.08.09 06:30:36.059,13.31299,13.31601,0.00,0.00
2016.08.09 06:30:36.110,13.3135,13.31601,0.00,0.00
2016.08.09 06:30:36.308,13.31408,13.3169,0.00,0.00
2016.08.09 06:30:36.360,13.31369,13.31671,0.00,0.00
2016.08.09 06:30:36.439,13.31349,13.31641,0.00,0.00
2016.08.09 06:30:36.644,13.31318,13.31622,0.00,0.00
2016.08.09 06:30:36.948,13.31299,13.31601,0.00,0.00
2016.08.09 06:30:37.150,13.31328,13.31632,0.00,0.00
2016.08.09 06:30:37.737,13.31248,13.3154,0.00,0.00
2016.08.09 06:30:37.838,13.31359,13.3164,0.00,0.00
2016.08.09 06:30:37.940,13.31308,13.31612,0.00,0.00
2016.08.09 06:30:38.051,13.31279,13.31581,0.00,0.00
2016.08.09 06:30:38.402,13.31299,13.31601,0.00,0.00
2016.08.09 06:30:38.453,13.31318,13.31622,0.00,0.00
2016.08.09 06:30:38.666,13.31339,13.3164,0.00,0.00
2016.08.09 06:30:38.739,13.31329,13.31631,0.00,0.00
2016.08.09 06:30:38.847,13.31348,13.31641,0.00,0.00
2016.08.09 06:30:38.949,13.31329,13.31631,0.00,0.00
2016.08.09 06:30:38.999,13.31332,13.31631,0.00,0.00
2016.08.09 06:30:39.050,13.31408,13.31712,0.00,0.00
2016.08.09 06:30:39.252,13.31379,13.31681,0.00,0.00
2016.08.09 06:30:39.430,13.31398,13.31702,0.00,0.00
2016.08.09 06:30:39.731,13.31349,13.31651,0.00,0.00
2016.08.09 06:30:39.833,13.31358,13.31662,0.00,0.00
2016.08.09 06:30:39.934,13.31339,13.31632,0.00,0.00
2016.08.09 06:30:40.056,13.31348,13.31652,0.00,0.00
2016.08.09 06:30:40.408,13.31359,13.31652,0.00,0.00
2016.08.09 06:30:41.004,13.3136,13.31652,0.00,0.00
2016.08.09 06:30:41.609,13.31348,13.31652,0.00,0.00
2016.08.09 06:30:41.659,13.31339,13.31631,0.00,0.00
2016.08.09 06:30:41.760,13.31359,13.31661,0.00,0.00
2016.08.09 06:30:42.135,13.31349,13.31651,0.00,0.00
2016.08.09 06:30:42.379,13.3154,13.31651,0.00,0.00
2016.08.09 06:30:42.430,13.31468,13.31631,0.00,0.00
2016.08.09 06:30:42.531,13.31439,13.31631,0.00,0.00
2016.08.09 06:30:42.661,13.31468,13.31772,0.00,0.00
2016.08.09 06:30:43.064,13.31499,13.31801,0.00,0.00
2016.08.09 06:30:43.115,13.31499,13.31801,0.00,0.00
2016.08.09 06:30:43.165,13.31448,13.31752,0.00,0.00
2016.08.09 06:30:43.266,13.31458,13.31762,0.00,0.00
2016.08.09 06:30:43.613,13.31478,13.31782,0.00,0.00
2016.08.09 06:30:43.956,13.31458,13.317,0.00,0.00
2016.08.09 06:30:44.057,13.31378,13.31651,0.00,0.00
2016.08.09 06:30:44.114,13.31378,13.31682,0.00,0.00
2016.08.09 06:30:44.265,13.31358,13.31662,0.00,0.00
2016.08.09 06:30:44.615,13.31398,13.31702,0.00,0.00
2016.08.09 06:30:44.967,13.31378,13.31682,0.00,0.00
2016.08.09 06:30:45.595,13.31389,13.31691,0.00,0.00
2016.08.09 06:30:45.941,13.31379,13.31681,0.00,0.00
2016.08.09 06:30:46.370,13.31388,13.31692,0.00,0.00
2016.08.09 06:30:46.453,13.31398,13.31702,0.00,0.00
2016.08.09 06:30:46.760,13.31378,13.31682,0.00,0.00
2016.08.09 06:30:47.099,13.31388,13.31692,0.00,0.00
2016.08.09 06:30:47.421,13.31319,13.31621,0.00,0.00
2016.08.09 06:30:47.761,13.31338,13.31642,0.00,0.00
2016.08.09 06:30:47.845,13.31349,13.31651,0.00,0.00
2016.08.09 06:30:49.474,13.31339,13.31641,0.00,0.00
2016.08.09 06:30:49.527,13.3134,13.31641,0.00,0.00
2016.08.09 06:30:49.578,13.31389,13.31691,0.00,0.00
2016.08.09 06:30:50.766,13.31389,13.31662,0.00,0.00
2016.08.09 06:30:50.867,13.3139,13.31632,0.00,0.00
2016.08.09 06:30:50.973,13.31448,13.31752,0.00,0.00
2016.08.09 06:30:51.298,13.31429,13.31731,0.00,0.00
2016.08.09 06:30:51.350,13.31458,13.31762,0.00,0.00
2016.08.09 06:30:51.853,13.31489,13.31791,0.00,0.00
2016.08.09 06:30:52.084,13.31478,13.31782,0.00,0.00
2016.08.09 06:30:52.185,13.31489,13.31791,0.00,0.00
2016.08.09 06:30:52.286,13.31498,13.31802,0.00,0.00
2016.08.09 06:30:52.552,13.31508,13.31812,0.00,0.00
2016.08.09 06:30:52.953,13.31498,13.31802,0.00,0.00
2016.08.09 06:30:53.174,13.3153,13.31791,0.00,0.00
2016.08.09 06:30:53.275,13.31608,13.31912,0.00,0.00
2016.08.09 06:30:53.593,13.31589,13.31891,0.00,0.00
2016.08.09 06:30:53.970,13.31578,13.31882,0.00,0.00
2016.08.09 06:30:54.371,13.31588,13.31892,0.00,0.00
2016.08.09 06:30:54.740,13.31618,13.31922,0.00,0.00
2016.08.09 06:30:55.156,13.31589,13.31891,0.00,0.00
2016.08.09 06:30:55.361,13.31608,13.31912,0.00,0.00
2016.08.09 06:30:55.462,13.3164,13.31942,0.00,0.00
2016.08.09 06:30:55.564,13.31688,13.31992,0.00,0.00
2016.08.09 06:30:55.673,13.31699,13.32001,0.00,0.00
2016.08.09 06:30:55.774,13.31678,13.31982,0.00,0.00
2016.08.09 06:30:55.875,13.31699,13.32001,0.00,0.00
2016.08.09 06:30:55.964,13.31678,13.31982,0.00,0.00
2016.08.09 06:30:56.173,13.31699,13.32001,0.00,0.00
2016.08.09 06:30:56.495,13.31678,13.31982,0.00,0.00
2016.08.09 06:30:56.895,13.31688,13.31992,0.00,0.00
2016.08.09 06:30:57.161,13.31688,13.31961,0.00,0.00
2016.08.09 06:30:57.212,13.31669,13.31961,0.00,0.00
2016.08.09 06:30:57.263,13.31669,13.31971,0.00,0.00
2016.08.09 06:30:57.313,13.3164,13.31942,0.00,0.00
2016.08.09 06:30:57.414,13.31668,13.31972,0.00,0.00
2016.08.09 06:30:57.668,13.31678,13.31982,0.00,0.00
2016.08.09 06:30:58.215,13.31679,13.31981,0.00,0.00
2016.08.09 06:30:58.787,13.31698,13.32002,0.00,0.00
2016.08.09 06:30:59.171,13.31689,13.31991,0.00,0.00
2016.08.09 06:30:59.603,13.31699,13.32001,0.00,0.00
2016.08.09 06:30:59.872,13.31668,13.31972,0.00,0.00
2016.08.09 06:30:59.973,13.31699,13.31991,0.00,0.00
2016.08.09 06:31:00.074,13.31649,13.31951,0.00,0.00
2016.08.09 06:31:00.273,13.31658,13.31962,0.00,0.00
2016.08.09 06:31:02.584,13.31658,13.3193,0.00,0.00
2016.08.09 06:31:02.686,13.31608,13.31912,0.00,0.00
2016.08.09 06:31:02.810,13.31568,13.31872,0.00,0.00
2016.08.09 06:31:03.117,13.31598,13.31902,0.00,0.00
2016.08.09 06:31:03.612,13.31578,13.31882,0.00,0.00
2016.08.09 06:31:07.584,13.31568,13.31872,0.00,0.00
2016.08.09 06:31:08.598,13.31599,13.31872,0.00,0.00
2016.08.09 06:31:08.711,13.31608,13.31912,0.00,0.00
2016.08.09 06:31:09.059,13.31599,13.31901,0.00,0.00
2016.08.09 06:31:09.199,13.31578,13.31882,0.00,0.00
2016.08.09 06:31:09.400,13.31598,13.31902,0.00,0.00
2016.08.09 06:31:09.702,13.31598,13.3189,0.00,0.00
2016.08.09 06:31:09.803,13.31609,13.31891,0.00,0.00
2016.08.09 06:31:09.904,13.31548,13.31852,0.00,0.00
2016.08.09 06:31:10.303,13.31539,13.31841,0.00,0.00
2016.08.09 06:31:10.645,13.31549,13.31851,0.00,0.00
2016.08.09 06:31:10.696,13.31538,13.31842,0.00,0.00
2016.08.09 06:31:11.279,13.31538,13.31841,0.00,0.00
2016.08.09 06:31:11.330,13.31548,13.31841,0.00,0.00
2016.08.09 06:31:11.380,13.31548,13.31811,0.00,0.00
2016.08.09 06:31:11.431,13.31529,13.31811,0.00,0.00
2016.08.09 06:31:11.503,13.31478,13.31782,0.00,0.00
2016.08.09 06:31:11.706,13.31498,13.31802,0.00,0.00
2016.08.09 06:31:12.133,13.31488,13.31792,0.00,0.00
2016.08.09 06:31:12.494,13.31498,13.31802,0.00,0.00
2016.08.09 06:31:13.837,13.31479,13.31781,0.00,0.00
2016.08.09 06:31:14.199,13.31488,13.31792,0.00,0.00
2016.08.09 06:31:14.601,13.31499,13.31801,0.00,0.00
2016.08.09 06:31:14.801,13.31488,13.31792,0.00,0.00
2016.08.09 06:31:15.485,13.31508,13.31812,0.00,0.00
2016.08.09 06:31:16.003,13.31498,13.31802,0.00,0.00
2016.08.09 06:31:16.195,13.31529,13.31791,0.00,0.00
2016.08.09 06:31:16.246,13.31529,13.31832,0.00,0.00
2016.08.09 06:31:16.297,13.31539,13.31832,0.00,0.00
2016.08.09 06:31:16.348,13.31608,13.31912,0.00,0.00
2016.08.09 06:31:20.309,13.31589,13.31891,0.00,0.00
2016.08.09 06:31:21.227,13.31608,13.31912,0.00,0.00
2016.08.09 06:31:21.328,13.31589,13.31891,0.00,0.00
2016.08.09 06:31:21.527,13.31608,13.31912,0.00,0.00
2016.08.09 06:31:21.828,13.31588,13.31892,0.00,0.00
2016.08.09 06:31:22.222,13.31608,13.31912,0.00,0.00
2016.08.09 06:31:22.529,13.31618,13.31922,0.00,0.00
2016.08.09 06:31:23.130,13.31609,13.31911,0.00,0.00
2016.08.09 06:31:23.718,13.31598,13.31902,0.00,0.00
2016.08.09 06:31:25.200,13.31609,13.31911,0.00,0.00
2016.08.09 06:31:25.616,13.31599,13.31901,0.00,0.00
2016.08.09 06:31:26.117,13.31608,13.31912,0.00,0.00
2016.08.09 06:31:26.217,13.31599,13.31901,0.00,0.00
2016.08.09 06:31:26.835,13.3163,13.31921,0.00,0.00
2016.08.09 06:31:26.937,13.31679,13.31981,0.00,0.00
2016.08.09 06:31:27.018,13.31708,13.32012,0.00,0.00
2016.08.09 06:31:27.236,13.31688,13.31992,0.00,0.00
2016.08.09 06:31:27.619,13.31648,13.31952,0.00,0.00
2016.08.09 06:31:28.345,13.31659,13.31961,0.00,0.00
2016.08.09 06:31:29.122,13.31648,13.31952,0.00,0.00
2016.08.09 06:31:33.127,13.31659,13.31961,0.00,0.00
2016.08.09 06:31:33.527,13.31648,13.31952,0.00,0.00
2016.08.09 06:31:34.829,13.31638,13.31942,0.00,0.00
2016.08.09 06:31:34.984,13.31638,13.31941,0.00,0.00
2016.08.09 06:31:35.035,13.31618,13.31922,0.00,0.00
2016.08.09 06:31:35.237,13.31579,13.31881,0.00,0.00
2016.08.09 06:31:35.454,13.31608,13.31912,0.00,0.00
2016.08.09 06:31:35.565,13.31578,13.31882,0.00,0.00
2016.08.09 06:31:36.231,13.31599,13.31901,0.00,0.00
2016.08.09 06:31:38.051,13.31609,13.31911,0.00,0.00
2016.08.09 06:31:39.245,13.31599,13.31901,0.00,0.00
2016.08.09 06:31:39.347,13.31608,13.31912,0.00,0.00
2016.08.09 06:31:39.448,13.31628,13.31932,0.00,0.00
2016.08.09 06:31:39.806,13.31658,13.31962,0.00,0.00
2016.08.09 06:31:40.208,13.31698,13.32002,0.00,0.00
2016.08.09 06:31:40.633,13.31688,13.31992,0.00,0.00
2016.08.09 06:31:40.948,13.31668,13.31972,0.00,0.00
2016.08.09 06:31:41.347,13.31679,13.31981,0.00,0.00
2016.08.09 06:31:43.222,13.31668,13.31972,0.00,0.00
2016.08.09 06:31:43.273,13.31649,13.31951,0.00,0.00
2016.08.09 06:31:43.350,13.31668,13.31972,0.00,0.00
2016.08.09 06:31:43.450,13.31678,13.31982,0.00,0.00
2016.08.09 06:31:43.751,13.31688,13.31992,0.00,0.00
2016.08.09 06:31:47.169,13.31669,13.31971,0.00,0.00
2016.08.09 06:31:47.458,13.31684,13.31991,0.00,0.00
2016.08.09 06:31:47.659,13.31694,13.32001,0.00,0.00
2016.08.09 06:31:48.771,13.31669,13.31971,0.00,0.00
2016.08.09 06:31:49.774,13.31693,13.32002,0.00,0.00
2016.08.09 06:31:49.875,13.31703,13.32012,0.00,0.00
2016.08.09 06:31:50.223,13.31698,13.32002,0.00,0.00
2016.08.09 06:31:50.526,13.31668,13.31972,0.00,0.00
2016.08.09 06:31:50.912,13.31688,13.31992,0.00,0.00
2016.08.09 06:31:51.224,13.31668,13.31941,0.00,0.00
2016.08.09 06:31:51.275,13.31588,13.31892,0.00,0.00
2016.08.09 06:31:51.616,13.31578,13.31882,0.00,0.00
2016.08.09 06:31:52.408,13.31598,13.31902,0.00,0.00
2016.08.09 06:31:52.747,13.31609,13.31911,0.00,0.00
2016.08.09 06:31:53.169,13.31599,13.31901,0.00,0.00
2016.08.09 06:31:53.270,13.31588,13.31892,0.00,0.00
2016.08.09 06:31:53.570,13.31598,13.31902,0.00,0.00
2016.08.09 06:31:54.176,13.31608,13.31912,0.00,0.00
2016.08.09 06:31:54.227,13.31608,13.31881,0.00,0.00
2016.08.09 06:31:54.278,13.31539,13.31842,0.00,0.00
2016.08.09 06:31:54.379,13.31568,13.31872,0.00,0.00
2016.08.09 06:31:54.482,13.31598,13.31902,0.00,0.00
2016.08.09 06:31:55.677,13.31588,13.31892,0.00,0.00
2016.08.09 06:31:56.712,13.31588,13.3184,0.00,0.00
2016.08.09 06:31:56.813,13.31568,13.31841,0.00,0.00
2016.08.09 06:31:56.914,13.31529,13.31811,0.00,0.00
2016.08.09 06:31:57.015,13.3154,13.31831,0.00,0.00
2016.08.09 06:31:57.116,13.31609,13.31911,0.00,0.00
2016.08.09 06:31:57.480,13.31598,13.31902,0.00,0.00
2016.08.09 06:31:58.216,13.31608,13.31912,0.00,0.00
2016.08.09 06:31:58.709,13.31598,13.31902,0.00,0.00
2016.08.09 06:31:59.033,13.31588,13.31892,0.00,0.00
2016.08.09 06:31:59.464,13.31598,13.31902,0.00,0.00
2016.08.09 06:31:59.795,13.31589,13.31891,0.00,0.00
2016.08.09 06:32:00.159,13.31608,13.31912,0.00,0.00
2016.08.09 06:32:00.387,13.31599,13.31901,0.00,0.00
2016.08.09 06:32:00.596,13.31608,13.31912,0.00,0.00
2016.08.09 06:32:01.199,13.31598,13.31902,0.00,0.00
2016.08.09 06:32:02.798,13.31589,13.31891,0.00,0.00
2016.08.09 06:32:03.531,13.31609,13.31911,0.00,0.00
2016.08.09 06:32:03.699,13.31598,13.31902,0.00,0.00
2016.08.09 06:32:03.800,13.31608,13.31912,0.00,0.00
2016.08.09 06:32:05.502,13.31599,13.31901,0.00,0.00
2016.08.09 06:32:06.079,13.31599,13.3188,0.00,0.00
2016.08.09 06:32:06.231,13.31548,13.31852,0.00,0.00
2016.08.09 06:32:06.534,13.31558,13.31862,0.00,0.00
2016.08.09 06:32:06.611,13.31588,13.3188,0.00,0.00
2016.08.09 06:32:06.713,13.31568,13.31872,0.00,0.00
2016.08.09 06:32:06.839,13.31568,13.31861,0.00,0.00
2016.08.09 06:32:06.940,13.31608,13.3188,0.00,0.00
2016.08.09 06:32:07.042,13.31569,13.31871,0.00,0.00
2016.08.09 06:32:07.108,13.31578,13.3188,0.00,0.00
2016.08.09 06:32:07.159,13.31578,13.31861,0.00,0.00
2016.08.09 06:32:07.310,13.31529,13.31832,0.00,0.00
2016.08.09 06:32:07.841,13.3153,13.31832,0.00,0.00
2016.08.09 06:32:08.933,13.31548,13.31852,0.00,0.00
2016.08.09 06:32:09.145,13.31554,13.31861,0.00,0.00
2016.08.09 06:32:09.264,13.31603,13.31912,0.00,0.00
2016.08.09 06:32:09.418,13.31588,13.31892,0.00,0.00
2016.08.09 06:32:10.243,13.31603,13.31912,0.00,0.00
2016.08.09 06:32:11.244,13.31599,13.31901,0.00,0.00
2016.08.09 06:32:11.324,13.31603,13.31912,0.00,0.00
2016.08.09 06:32:11.427,13.31599,13.31901,0.00,0.00
2016.08.09 06:32:11.716,13.31603,13.31912,0.00,0.00
2016.08.09 06:32:11.926,13.31588,13.31892,0.00,0.00
2016.08.09 06:32:12.626,13.31599,13.31901,0.00,0.00
2016.08.09 06:32:13.066,13.31578,13.31882,0.00,0.00
2016.08.09 06:32:13.167,13.31578,13.3188,0.00,0.00
2016.08.09 06:32:13.269,13.3154,13.31842,0.00,0.00
2016.08.09 06:32:13.370,13.31568,13.31872,0.00,0.00
2016.08.09 06:32:13.528,13.31608,13.3189,0.00,0.00
2016.08.09 06:32:13.629,13.31548,13.31852,0.00,0.00
2016.08.09 06:32:14.836,13.31568,13.31872,0.00,0.00
2016.08.09 06:32:15.858,13.31568,13.3184,0.00,0.00
2016.08.09 06:32:15.960,13.31538,13.3184,0.00,0.00
2016.08.09 06:32:16.061,13.31539,13.31812,0.00,0.00
2016.08.09 06:32:16.155,13.31599,13.31901,0.00,0.00
2016.08.09 06:32:16.749,13.31609,13.31911,0.00,0.00
2016.08.09 06:32:17.735,13.31598,13.31902,0.00,0.00
2016.08.09 06:32:21.281,13.31649,13.3194,0.00,0.00
2016.08.09 06:32:21.331,13.31649,13.31951,0.00,0.00
2016.08.09 06:32:21.382,13.31679,13.31981,0.00,0.00
2016.08.09 06:32:21.541,13.31658,13.31962,0.00,0.00
2016.08.09 06:32:21.741,13.31668,13.31972,0.00,0.00
2016.08.09 06:32:26.353,13.31638,13.31942,0.00,0.00
2016.08.09 06:32:29.858,13.31658,13.31962,0.00,0.00
2016.08.09 06:32:30.275,13.31718,13.32022,0.00,0.00
2016.08.09 06:32:30.427,13.31709,13.32001,0.00,0.00
2016.08.09 06:32:30.478,13.31729,13.32031,0.00,0.00
2016.08.09 06:32:30.681,13.3168,13.31982,0.00,0.00
2016.08.09 06:32:30.732,13.31678,13.31982,0.00,0.00
2016.08.09 06:32:31.040,13.31698,13.32002,0.00,0.00
2016.08.09 06:32:31.576,13.31699,13.32001,0.00,0.00
2016.08.09 06:32:32.463,13.31718,13.32022,0.00,0.00
2016.08.09 06:32:32.791,13.31708,13.32012,0.00,0.00
2016.08.09 06:32:33.315,13.31709,13.32011,0.00,0.00
2016.08.09 06:32:33.643,13.31699,13.32001,0.00,0.00
2016.08.09 06:32:34.721,13.31729,13.32001,0.00,0.00
2016.08.09 06:32:34.772,13.31729,13.32021,0.00,0.00
2016.08.09 06:32:34.881,13.31769,13.32071,0.00,0.00
2016.08.09 06:32:34.982,13.31748,13.32052,0.00,0.00
2016.08.09 06:32:35.083,13.3174,13.32041,0.00,0.00
2016.08.09 06:32:35.332,13.31748,13.32052,0.00,0.00
2016.08.09 06:32:35.398,13.3173,13.32031,0.00,0.00
2016.08.09 06:32:35.575,13.31738,13.32042,0.00,0.00
2016.08.09 06:32:35.712,13.3173,13.32021,0.00,0.00
2016.08.09 06:32:35.763,13.31719,13.32021,0.00,0.00
2016.08.09 06:32:35.813,13.31699,13.32002,0.00,0.00
2016.08.09 06:32:35.864,13.31729,13.32002,0.00,0.00
2016.08.09 06:32:35.914,13.31758,13.32062,0.00,0.00
2016.08.09 06:32:35.965,13.31758,13.3204,0.00,0.00
2016.08.09 06:32:36.016,13.31739,13.3204,0.00,0.00
2016.08.09 06:32:36.066,13.31739,13.32041,0.00,0.00
2016.08.09 06:32:36.117,13.31719,13.32021,0.00,0.00
2016.08.09 06:32:36.218,13.31748,13.32052,0.00,0.00
2016.08.09 06:32:36.269,13.31718,13.32022,0.00,0.00
2016.08.09 06:32:36.574,13.31699,13.32001,0.00,0.00
2016.08.09 06:32:36.772,13.31668,13.31972,0.00,0.00
2016.08.09 06:32:37.185,13.31698,13.32002,0.00,0.00
2016.08.09 06:32:37.528,13.31668,13.31972,0.00,0.00
2016.08.09 06:32:37.971,13.31699,13.32001,0.00,0.00
2016.08.09 06:32:38.321,13.31729,13.32031,0.00,0.00
2016.08.09 06:32:38.372,13.31729,13.3201,0.00,0.00
2016.08.09 06:32:38.422,13.3172,13.32001,0.00,0.00
2016.08.09 06:32:39.126,13.31719,13.32001,0.00,0.00
2016.08.09 06:32:39.177,13.31719,13.32012,0.00,0.00
2016.08.09 06:32:39.278,13.31729,13.32031,0.00,0.00
2016.08.09 06:32:39.379,13.31738,13.32042,0.00,0.00
2016.08.09 06:32:39.895,13.31933,13.32048,0.00,0.00
2016.08.09 06:32:39.946,13.31948,13.32048,0.00,0.00
2016.08.09 06:32:39.996,13.31948,13.3206,0.00,0.00
2016.08.09 06:32:40.047,13.31948,13.32052,0.00,0.00
2016.08.09 06:32:40.097,13.31919,13.32221,0.00,0.00
2016.08.09 06:32:40.198,13.3192,13.32201,0.00,0.00
2016.08.09 06:32:40.299,13.31919,13.32211,0.00,0.00
2016.08.09 06:32:40.400,13.31919,13.32222,0.00,0.00
2016.08.09 06:32:40.502,13.31938,13.32242,0.00,0.00
2016.08.09 06:32:40.576,13.31919,13.32222,0.00,0.00
2016.08.09 06:32:40.930,13.31919,13.32212,0.00,0.00
2016.08.09 06:32:40.980,13.31869,13.32171,0.00,0.00
2016.08.09 06:32:41.778,13.31888,13.32192,0.00,0.00
2016.08.09 06:32:42.135,13.31899,13.32201,0.00,0.00
2016.08.09 06:32:42.185,13.31888,13.32192,0.00,0.00
2016.08.09 06:32:42.482,13.31919,13.32192,0.00,0.00
2016.08.09 06:32:42.532,13.31939,13.32241,0.00,0.00
2016.08.09 06:32:42.583,13.31919,13.32222,0.00,0.00
2016.08.09 06:32:42.888,13.3192,13.32211,0.00,0.00
2016.08.09 06:32:43.087,13.3192,13.32221,0.00,0.00
2016.08.09 06:32:43.287,13.31919,13.32212,0.00,0.00
2016.08.09 06:32:43.389,13.31929,13.32231,0.00,0.00
2016.08.09 06:32:43.481,13.31919,13.32212,0.00,0.00
2016.08.09 06:32:43.694,13.31919,13.32221,0.00,0.00
2016.08.09 06:32:45.596,13.31919,13.32162,0.00,0.00
2016.08.09 06:32:45.646,13.3187,13.3216,0.00,0.00
2016.08.09 06:32:47.278,13.31858,13.32161,0.00,0.00
2016.08.09 06:32:47.339,13.31829,13.32131,0.00,0.00
2016.08.09 06:32:47.389,13.31839,13.32141,0.00,0.00
2016.08.09 06:32:47.888,13.31829,13.32131,0.00,0.00
2016.08.09 06:32:48.614,13.31818,13.32122,0.00,0.00
2016.08.09 06:32:51.200,13.31848,13.32152,0.00,0.00
2016.08.09 06:32:51.503,13.31868,13.32172,0.00,0.00
2016.08.09 06:32:51.901,13.31848,13.32152,0.00,0.00
2016.08.09 06:32:52.351,13.31869,13.32171,0.00,0.00
2016.08.09 06:32:52.402,13.31878,13.32182,0.00,0.00
2016.08.09 06:32:53.661,13.31869,13.32171,0.00,0.00
2016.08.09 06:32:54.706,13.31868,13.32172,0.00,0.00
2016.08.09 06:32:55.322,13.31858,13.32162,0.00,0.00
2016.08.09 06:32:56.399,13.31889,13.32191,0.00,0.00
2016.08.09 06:33:00.926,13.31878,13.32182,0.00,0.00
2016.08.09 06:33:01.127,13.31869,13.32171,0.00,0.00
2016.08.09 06:33:01.730,13.31873,13.32182,0.00,0.00
2016.08.09 06:33:04.242,13.31883,13.32192,0.00,0.00
2016.08.09 06:33:04.589,13.31868,13.32172,0.00,0.00
2016.08.09 06:33:05.211,13.31888,13.32192,0.00,0.00
2016.08.09 06:33:05.573,13.31868,13.32172,0.00,0.00
2016.08.09 06:33:07.844,13.31879,13.32181,0.00,0.00
2016.08.09 06:33:08.598,13.31909,13.32211,0.00,0.00
2016.08.09 06:33:08.649,13.31888,13.32192,0.00,0.00
2016.08.09 06:33:09.046,13.31909,13.32211,0.00,0.00
2016.08.09 06:33:09.118,13.31938,13.32242,0.00,0.00
2016.08.09 06:33:09.319,13.31908,13.32212,0.00,0.00
2016.08.09 06:33:09.626,13.31919,13.32221,0.00,0.00
2016.08.09 06:33:10.193,13.31928,13.32232,0.00,0.00
2016.08.09 06:33:10.244,13.31918,13.32222,0.00,0.00
2016.08.09 06:33:11.455,13.31908,13.32212,0.00,0.00
2016.08.09 06:33:12.159,13.31889,13.32191,0.00,0.00
2016.08.09 06:33:12.423,13.31878,13.32182,0.00,0.00
2016.08.09 06:33:14.199,13.31911,13.32182,0.00,0.00
2016.08.09 06:33:14.371,13.31928,13.32232,0.00,0.00
2016.08.09 06:33:14.422,13.3194,13.32232,0.00,0.00
2016.08.09 06:33:14.473,13.31969,13.32271,0.00,0.00
2016.08.09 06:33:14.526,13.31979,13.32281,0.00,0.00
2016.08.09 06:33:14.955,13.31958,13.32262,0.00,0.00
2016.08.09 06:33:15.088,13.32014,13.32262,0.00,0.00
2016.08.09 06:33:15.139,13.32014,13.32292,0.00,0.00
2016.08.09 06:33:15.227,13.32014,13.32311,0.00,0.00
2016.08.09 06:33:16.153,13.32015,13.32311,0.00,0.00
2016.08.09 06:33:16.357,13.32018,13.32322,0.00,0.00
2016.08.09 06:33:16.418,13.32018,13.32322,0.00,0.00
2016.08.09 06:33:16.730,13.32018,13.32312,0.00,0.00
2016.08.09 06:33:16.831,13.32024,13.32331,0.00,0.00
2016.08.09 06:33:16.882,13.32024,13.32321,0.00,0.00
2016.08.09 06:33:16.932,13.32019,13.32292,0.00,0.00
2016.08.09 06:33:17.231,13.32019,13.32301,0.00,0.00
2016.08.09 06:33:20.934,13.3197,13.32242,0.00,0.00
2016.08.09 06:33:21.165,13.3197,13.32272,0.00,0.00
2016.08.09 06:33:21.266,13.31978,13.3228,0.00,0.00
2016.08.09 06:33:21.316,13.32019,13.32282,0.00,0.00
2016.08.09 06:33:21.367,13.32019,13.32311,0.00,0.00
2016.08.09 06:33:21.418,13.3202,13.3231,0.00,0.00
2016.08.09 06:33:21.537,13.3202,13.32291,0.00,0.00
2016.08.09 06:33:21.765,13.3202,13.32281,0.00,0.00
2016.08.09 06:33:22.115,13.3197,13.32242,0.00,0.00
2016.08.09 06:33:22.166,13.3197,13.3226,0.00,0.00
2016.08.09 06:33:22.217,13.3197,13.32262,0.00,0.00
2016.08.09 06:33:22.371,13.31979,13.32281,0.00,0.00
2016.08.09 06:33:22.900,13.3202,13.3231,0.00,0.00
2016.08.09 06:33:23.039,13.3202,13.32292,0.00,0.00
2016.08.09 06:33:23.275,13.3202,13.32301,0.00,0.00
2016.08.09 06:33:23.340,13.3202,13.32291,0.00,0.00
2016.08.09 06:33:24.678,13.32019,13.32291,0.00,0.00
2016.08.09 06:33:25.743,13.32019,13.32302,0.00,0.00
2016.08.09 06:33:27.062,13.32019,13.32311,0.00,0.00
2016.08.09 06:33:27.113,13.32008,13.32251,0.00,0.00
2016.08.09 06:33:27.164,13.31969,13.32232,0.00,0.00
2016.08.09 06:33:27.445,13.3197,13.32241,0.00,0.00
2016.08.09 06:33:27.817,13.31989,13.3225,0.00,0.00
2016.08.09 06:33:27.868,13.3202,13.3231,0.00,0.00
2016.08.09 06:33:27.919,13.32019,13.32311,0.00,0.00
2016.08.09 06:33:28.075,13.32019,13.32291,0.00,0.00
2016.08.09 06:33:28.147,13.32019,13.32282,0.00,0.00
2016.08.09 06:33:28.248,13.32019,13.32312,0.00,0.00
2016.08.09 06:33:29.232,13.32019,13.32302,0.00,0.00
2016.08.09 06:33:29.884,13.3202,13.32302,0.00,0.00
2016.08.09 06:33:31.506,13.32019,13.32302,0.00,0.00
2016.08.09 06:33:33.411,13.3202,13.32302,0.00,0.00
2016.08.09 06:33:34.870,13.3202,13.32291,0.00,0.00
2016.08.09 06:33:35.128,13.3202,13.32312,0.00,0.00
2016.08.09 06:33:35.452,13.32039,13.32341,0.00,0.00
2016.08.09 06:33:35.522,13.3207,13.32341,0.00,0.00
2016.08.09 06:33:35.573,13.3207,13.3235,0.00,0.00
2016.08.09 06:33:35.623,13.32059,13.32351,0.00,0.00
2016.08.09 06:33:35.674,13.32029,13.32331,0.00,0.00
2016.08.09 06:33:36.024,13.32019,13.32292,0.00,0.00
2016.08.09 06:33:36.075,13.32019,13.32321,0.00,0.00
2016.08.09 06:33:36.689,13.32019,13.32312,0.00,0.00
2016.08.09 06:33:36.771,13.32019,13.32321,0.00,0.00
2016.08.09 06:33:37.276,13.32019,13.32311,0.00,0.00
2016.08.09 06:33:37.594,13.32019,13.32302,0.00,0.00
2016.08.09 06:33:37.695,13.32019,13.32311,0.00,0.00
2016.08.09 06:33:38.017,13.3202,13.32301,0.00,0.00
2016.08.09 06:33:38.499,13.3202,13.32322,0.00,0.00
2016.08.09 06:33:39.238,13.32019,13.32322,0.00,0.00
2016.08.09 06:33:39.490,13.32019,13.32292,0.00,0.00
2016.08.09 06:33:40.278,13.3202,13.32312,0.00,0.00
2016.08.09 06:33:40.594,13.3202,13.32302,0.00,0.00
2016.08.09 06:33:41.396,13.32019,13.32302,0.00,0.00
2016.08.09 06:33:41.447,13.32019,13.32322,0.00,0.00
2016.08.09 06:33:41.889,13.32029,13.32331,0.00,0.00
2016.08.09 06:33:42.897,13.32019,13.32321,0.00,0.00
2016.08.09 06:33:45.146,13.3202,13.32321,0.00,0.00
2016.08.09 06:33:45.508,13.3202,13.32311,0.00,0.00
2016.08.09 06:33:45.888,13.3202,13.32321,0.00,0.00
2016.08.09 06:33:45.998,13.3202,13.32302,0.00,0.00
2016.08.09 06:33:46.499,13.32019,13.32302,0.00,0.00
2016.08.09 06:33:48.198,13.32019,13.32292,0.00,0.00
2016.08.09 06:33:48.252,13.31988,13.3225,0.00,0.00
2016.08.09 06:33:48.303,13.3192,13.32212,0.00,0.00
2016.08.09 06:33:48.503,13.31939,13.32241,0.00,0.00
2016.08.09 06:33:48.605,13.31919,13.32211,0.00,0.00
2016.08.09 06:33:48.707,13.31938,13.32242,0.00,0.00
2016.08.09 06:33:49.239,13.3192,13.32221,0.00,0.00
2016.08.09 06:33:50.156,13.31919,13.32221,0.00,0.00
2016.08.09 06:33:50.710,13.31934,13.32241,0.00,0.00
2016.08.09 06:33:51.181,13.3192,13.32211,0.00,0.00
2016.08.09 06:33:51.232,13.3192,13.32221,0.00,0.00
2016.08.09 06:33:52.061,13.31919,13.32221,0.00,0.00
2016.08.09 06:33:53.381,13.31919,13.32211,0.00,0.00
2016.08.09 06:33:53.431,13.31919,13.32201,0.00,0.00
2016.08.09 06:33:53.699,13.31919,13.32211,0.00,0.00
2016.08.09 06:33:53.814,13.31919,13.32201,0.00,0.00
2016.08.09 06:33:54.765,13.3192,13.32201,0.00,0.00
2016.08.09 06:33:54.815,13.3192,13.32212,0.00,0.00
2016.08.09 06:33:54.901,13.3192,13.32202,0.00,0.00
2016.08.09 06:33:55.916,13.31919,13.32221,0.00,0.00
2016.08.09 06:33:56.316,13.3192,13.32222,0.00,0.00
2016.08.09 06:33:56.976,13.31919,13.32222,0.00,0.00
2016.08.09 06:33:57.204,13.31928,13.32232,0.00,0.00
2016.08.09 06:33:59.331,13.31919,13.32212,0.00,0.00
2016.08.09 06:34:00.144,13.3192,13.32212,0.00,0.00
2016.08.09 06:34:01.210,13.3192,13.32221,0.00,0.00
2016.08.09 06:34:01.625,13.31919,13.32202,0.00,0.00
2016.08.09 06:34:01.713,13.31919,13.32221,0.00,0.00
2016.08.09 06:34:01.825,13.31929,13.32231,0.00,0.00
2016.08.09 06:34:02.215,13.31919,13.32222,0.00,0.00
2016.08.09 06:34:03.394,13.3192,13.32222,0.00,0.00
2016.08.09 06:34:04.633,13.3192,13.32211,0.00,0.00
2016.08.09 06:34:04.739,13.31929,13.32231,0.00,0.00
2016.08.09 06:34:05.636,13.3192,13.32212,0.00,0.00
2016.08.09 06:34:06.281,13.31919,13.32212,0.00,0.00
2016.08.09 06:34:06.803,13.3192,13.32212,0.00,0.00
2016.08.09 06:34:06.854,13.31929,13.32231,0.00,0.00
2016.08.09 06:34:14.144,13.31919,13.32212,0.00,0.00
2016.08.09 06:34:14.266,13.3187,13.3215,0.00,0.00
2016.08.09 06:34:14.367,13.3191,13.32181,0.00,0.00
2016.08.09 06:34:14.418,13.31879,13.32151,0.00,0.00
2016.08.09 06:34:14.469,13.31869,13.32151,0.00,0.00
2016.08.09 06:34:14.648,13.31869,13.32151,0.00,0.00
2016.08.09 06:34:16.056,13.31919,13.32202,0.00,0.00
2016.08.09 06:34:16.157,13.31869,13.32151,0.00,0.00
2016.08.09 06:34:16.564,13.31879,13.3215,0.00,0.00
2016.08.09 06:34:16.665,13.31819,13.32111,0.00,0.00
2016.08.09 06:34:16.945,13.31839,13.32141,0.00,0.00
2016.08.09 06:34:18.692,13.31829,13.32131,0.00,0.00
2016.08.09 06:34:19.313,13.31819,13.32111,0.00,0.00
2016.08.09 06:34:20.324,13.31828,13.32132,0.00,0.00
2016.08.09 06:34:22.569,13.31839,13.32141,0.00,0.00
2016.08.09 06:34:22.672,13.31828,13.32132,0.00,0.00
2016.08.09 06:34:22.862,13.3182,13.32112,0.00,0.00
2016.08.09 06:34:23.270,13.31839,13.32141,0.00,0.00
2016.08.09 06:34:23.538,13.31869,13.32141,0.00,0.00
2016.08.09 06:34:23.588,13.3187,13.32171,0.00,0.00
2016.08.09 06:34:23.764,13.31889,13.3218,0.00,0.00
2016.08.09 06:34:23.871,13.31889,13.32191,0.00,0.00
2016.08.09 06:34:24.541,13.31889,13.32181,0.00,0.00
2016.08.09 06:34:24.592,13.31869,13.32152,0.00,0.00
2016.08.09 06:34:25.344,13.31848,13.32151,0.00,0.00
2016.08.09 06:34:25.394,13.31869,13.32151,0.00,0.00
2016.08.09 06:34:25.495,13.31819,13.32112,0.00,0.00
2016.08.09 06:34:25.546,13.3182,13.3211,0.00,0.00
2016.08.09 06:34:25.597,13.3182,13.32101,0.00,0.00
2016.08.09 06:34:25.968,13.3182,13.32092,0.00,0.00
2016.08.09 06:34:26.019,13.3182,13.321,0.00,0.00
2016.08.09 06:34:29.152,13.31819,13.32101,0.00,0.00
2016.08.09 06:34:29.495,13.31769,13.32071,0.00,0.00
2016.08.09 06:34:29.604,13.3182,13.32082,0.00,0.00
2016.08.09 06:34:29.724,13.3182,13.32092,0.00,0.00
2016.08.09 06:34:29.825,13.31819,13.32121,0.00,0.00
2016.08.09 06:34:29.876,13.31829,13.32131,0.00,0.00
2016.08.09 06:34:30.180,13.31819,13.32102,0.00,0.00
2016.08.09 06:34:30.508,13.31819,13.32122,0.00,0.00
2016.08.09 06:34:32.682,13.31828,13.32132,0.00,0.00
2016.08.09 06:34:33.617,13.31839,13.32141,0.00,0.00
2016.08.09 06:34:35.173,13.31839,13.3214,0.00,0.00
2016.08.09 06:34:35.288,13.31828,13.32132,0.00,0.00
2016.08.09 06:34:37.389,13.3182,13.3215,0.00,0.00
2016.08.09 06:34:38.639,13.31819,13.32151,0.00,0.00
2016.08.09 06:34:39.420,13.3182,13.3215,0.00,0.00
2016.08.09 06:34:40.196,13.31829,13.32131,0.00,0.00
2016.08.09 06:34:40.293,13.31838,13.32142,0.00,0.00
2016.08.09 06:34:41.596,13.31828,13.32132,0.00,0.00
2016.08.09 06:34:41.897,13.3182,13.32121,0.00,0.00
2016.08.09 06:34:42.236,13.31819,13.32121,0.00,0.00
2016.08.09 06:34:42.600,13.31828,13.32132,0.00,0.00
2016.08.09 06:34:42.802,13.31941,13.3217,0.00,0.00
2016.08.09 06:34:42.853,13.31941,13.32232,0.00,0.00
2016.08.09 06:34:42.903,13.31928,13.32232,0.00,0.00
2016.08.09 06:34:42.954,13.31969,13.32232,0.00,0.00
2016.08.09 06:34:43.005,13.31988,13.32281,0.00,0.00
2016.08.09 06:34:43.106,13.3197,13.32261,0.00,0.00
2016.08.09 06:34:43.330,13.31978,13.3227,0.00,0.00
2016.08.09 06:34:43.499,13.31969,13.32252,0.00,0.00
2016.08.09 06:34:43.699,13.31969,13.32271,0.00,0.00
2016.08.09 06:34:43.750,13.31969,13.32271,0.00,0.00
2016.08.09 06:34:43.801,13.31988,13.32281,0.00,0.00
2016.08.09 06:34:43.851,13.32019,13.32292,0.00,0.00
2016.08.09 06:34:43.902,13.32019,13.32321,0.00,0.00
2016.08.09 06:34:44.100,13.32019,13.32312,0.00,0.00
2016.08.09 06:34:44.699,13.32019,13.32301,0.00,0.00
2016.08.09 06:34:44.750,13.32019,13.32312,0.00,0.00
2016.08.09 06:34:44.801,13.32019,13.32321,0.00,0.00
2016.08.09 06:34:45.004,13.32019,13.32311,0.00,0.00
2016.08.09 06:34:45.740,13.3202,13.32311,0.00,0.00
2016.08.09 06:34:45.803,13.3202,13.32301,0.00,0.00
2016.08.09 06:34:46.246,13.32019,13.32311,0.00,0.00
2016.08.09 06:34:46.507,13.32019,13.32321,0.00,0.00
2016.08.09 06:34:46.558,13.32019,13.32322,0.00,0.00
2016.08.09 06:34:46.705,13.3202,13.32301,0.00,0.00
2016.08.09 06:34:46.906,13.3202,13.32312,0.00,0.00
2016.08.09 06:34:47.607,13.3202,13.32322,0.00,0.00
2016.08.09 06:34:48.217,13.32019,13.32322,0.00,0.00
2016.08.09 06:34:48.309,13.32019,13.32312,0.00,0.00
2016.08.09 06:34:49.539,13.3202,13.32312,0.00,0.00
2016.08.09 06:34:51.816,13.32029,13.32331,0.00,0.00
2016.08.09 06:34:51.918,13.32038,13.32342,0.00,0.00
2016.08.09 06:34:52.092,13.32119,13.32342,0.00,0.00
2016.08.09 06:34:52.243,13.32119,13.32422,0.00,0.00
2016.08.09 06:34:52.344,13.32139,13.32441,0.00,0.00
2016.08.09 06:34:52.665,13.3212,13.32412,0.00,0.00
2016.08.09 06:34:52.716,13.32138,13.32442,0.00,0.00
2016.08.09 06:34:53.918,13.32128,13.32432,0.00,0.00
2016.08.09 06:34:56.426,13.32119,13.32411,0.00,0.00
2016.08.09 06:34:56.745,13.32119,13.32391,0.00,0.00
2016.08.09 06:34:57.262,13.3212,13.32402,0.00,0.00
2016.08.09 06:34:57.328,13.3212,13.32382,0.00,0.00
2016.08.09 06:34:57.829,13.32119,13.32402,0.00,0.00
2016.08.09 06:35:00.900,13.32169,13.32402,0.00,0.00
2016.08.09 06:35:00.951,13.32169,13.32412,0.00,0.00
2016.08.09 06:35:01.052,13.32169,13.32451,0.00,0.00
2016.08.09 06:35:01.250,13.3217,13.32432,0.00,0.00
2016.08.09 06:35:01.549,13.32179,13.32451,0.00,0.00
2016.08.09 06:35:01.650,13.3217,13.32432,0.00,0.00
2016.08.09 06:35:01.736,13.3217,13.3245,0.00,0.00
2016.08.09 06:35:01.836,13.3217,13.32432,0.00,0.00
2016.08.09 06:35:01.938,13.32169,13.32441,0.00,0.00
2016.08.09 06:35:02.038,13.32169,13.32422,0.00,0.00
2016.08.09 06:35:02.283,13.32169,13.32442,0.00,0.00
2016.08.09 06:35:02.486,13.32169,13.32422,0.00,0.00
2016.08.09 06:35:02.587,13.32169,13.32442,0.00,0.00
2016.08.09 06:35:02.638,13.32138,13.32442,0.00,0.00
2016.08.09 06:35:02.689,13.32119,13.32421,0.00,0.00
2016.08.09 06:35:02.790,13.3212,13.32401,0.00,0.00
2016.08.09 06:35:02.951,13.3212,13.32422,0.00,0.00
2016.08.09 06:35:03.002,13.32169,13.32422,0.00,0.00
2016.08.09 06:35:03.052,13.32169,13.32451,0.00,0.00
2016.08.09 06:35:03.561,13.3217,13.32431,0.00,0.00
2016.08.09 06:35:04.042,13.3217,13.3245,0.00,0.00
2016.08.09 06:35:04.365,13.32179,13.3245,0.00,0.00
2016.08.09 06:35:04.466,13.3222,13.32501,0.00,0.00
2016.08.09 06:35:04.811,13.32099,13.32392,0.00,0.00
2016.08.09 06:35:05.058,13.3222,13.32392,0.00,0.00
2016.08.09 06:35:05.261,13.32219,13.32482,0.00,0.00
2016.08.09 06:35:05.371,13.32219,13.32502,0.00,0.00
2016.08.09 06:35:05.749,13.32219,13.32521,0.00,0.00
2016.08.09 06:35:06.058,13.32219,13.32512,0.00,0.00
2016.08.09 06:35:06.250,13.32219,13.32501,0.00,0.00
2016.08.09 06:35:07.473,13.3222,13.32522,0.00,0.00
2016.08.09 06:35:07.863,13.3222,13.32502,0.00,0.00
2016.08.09 06:35:08.480,13.32199,13.32481,0.00,0.00
2016.08.09 06:35:08.560,13.32199,13.32492,0.00,0.00
2016.08.09 06:35:08.878,13.322,13.32472,0.00,0.00
2016.08.09 06:35:09.063,13.322,13.32491,0.00,0.00
2016.08.09 06:35:10.764,13.32199,13.32491,0.00,0.00
2016.08.09 06:35:10.815,13.32199,13.32482,0.00,0.00
2016.08.09 06:35:13.276,13.32219,13.32511,0.00,0.00
2016.08.09 06:35:13.472,13.32219,13.32491,0.00,0.00
2016.08.09 06:35:13.870,13.32219,13.32511,0.00,0.00
2016.08.09 06:35:14.183,13.32219,13.32521,0.00,0.00
2016.08.09 06:35:14.474,13.32219,13.32512,0.00,0.00
2016.08.09 06:35:15.206,13.3222,13.32512,0.00,0.00
2016.08.09 06:35:15.373,13.32219,13.32491,0.00,0.00
2016.08.09 06:35:16.174,13.32219,13.32502,0.00,0.00
2016.08.09 06:35:17.178,13.32219,13.32511,0.00,0.00
2016.08.09 06:35:18.380,13.3222,13.32511,0.00,0.00
2016.08.09 06:35:19.583,13.32219,13.32511,0.00,0.00
2016.08.09 06:35:19.680,13.32219,13.32501,0.00,0.00
2016.08.09 06:35:19.982,13.32219,13.32512,0.00,0.00
2016.08.09 06:35:20.682,13.32219,13.32502,0.00,0.00
2016.08.09 06:35:21.513,13.32219,13.32501,0.00,0.00
2016.08.09 06:35:22.488,13.3222,13.32501,0.00,0.00
2016.08.09 06:35:22.835,13.32189,13.3246,0.00,0.00
2016.08.09 06:35:22.886,13.3217,13.32452,0.00,0.00
2016.08.09 06:35:23.191,13.32209,13.32501,0.00,0.00
2016.08.09 06:35:23.413,13.32169,13.32472,0.00,0.00
2016.08.09 06:35:23.738,13.3217,13.32461,0.00,0.00
2016.08.09 06:35:23.788,13.32178,13.32482,0.00,0.00
2016.08.09 06:35:23.889,13.3217,13.32461,0.00,0.00
2016.08.09 06:35:25.110,13.32169,13.32461,0.00,0.00
2016.08.09 06:35:25.833,13.32219,13.32492,0.00,0.00
2016.08.09 06:35:25.894,13.32219,13.32511,0.00,0.00
2016.08.09 06:35:26.194,13.32219,13.32502,0.00,0.00
2016.08.09 06:35:26.676,13.32219,13.32482,0.00,0.00
2016.08.09 06:35:27.900,13.32219,13.32501,0.00,0.00
2016.08.09 06:35:28.343,13.32209,13.32451,0.00,0.00
2016.08.09 06:35:28.434,13.3212,13.32422,0.00,0.00
2016.08.09 06:35:28.753,13.32149,13.32422,0.00,0.00
2016.08.09 06:35:28.804,13.32219,13.32501,0.00,0.00
2016.08.09 06:35:28.864,13.3222,13.325,0.00,0.00
2016.08.09 06:35:29.160,13.32219,13.32511,0.00,0.00
2016.08.09 06:35:29.211,13.32219,13.32501,0.00,0.00
2016.08.09 06:35:29.312,13.32219,13.32451,0.00,0.00
2016.08.09 06:35:29.362,13.32169,13.32451,0.00,0.00
2016.08.09 06:35:29.524,13.32169,13.32461,0.00,0.00
2016.08.09 06:35:29.614,13.32189,13.32481,0.00,0.00
2016.08.09 06:35:30.117,13.32169,13.32462,0.00,0.00
2016.08.09 06:35:30.245,13.32158,13.3245,0.00,0.00
2016.08.09 06:35:30.346,13.32188,13.32451,0.00,0.00
2016.08.09 06:35:30.418,13.32119,13.32421,0.00,0.00
2016.08.09 06:35:30.726,13.3212,13.32421,0.00,0.00
2016.08.09 06:35:30.828,13.32119,13.32421,0.00,0.00
2016.08.09 06:35:31.421,13.32119,13.32412,0.00,0.00
2016.08.09 06:35:31.522,13.32119,13.32422,0.00,0.00
2016.08.09 06:35:32.123,13.32138,13.32441,0.00,0.00
2016.08.09 06:35:32.174,13.32138,13.32442,0.00,0.00
2016.08.09 06:35:32.489,13.32138,13.32441,0.00,0.00
2016.08.09 06:35:32.539,13.32119,13.32411,0.00,0.00
2016.08.09 06:35:32.828,13.32138,13.3243,0.00,0.00
2016.08.09 06:35:32.929,13.32138,13.32441,0.00,0.00
2016.08.09 06:35:32.980,13.32138,13.32442,0.00,0.00
2016.08.09 06:35:33.932,13.32119,13.32422,0.00,0.00
2016.08.09 06:35:35.511,13.32129,13.32431,0.00,0.00
2016.08.09 06:35:36.433,13.32119,13.32422,0.00,0.00
2016.08.09 06:35:36.534,13.32119,13.32382,0.00,0.00
2016.08.09 06:35:36.585,13.32078,13.32382,0.00,0.00
2016.08.09 06:35:36.834,13.32088,13.32392,0.00,0.00
2016.08.09 06:35:37.134,13.32109,13.32411,0.00,0.00
2016.08.09 06:35:37.185,13.32109,13.3241,0.00,0.00
2016.08.09 06:35:37.562,13.32098,13.32402,0.00,0.00
2016.08.09 06:35:38.438,13.3202,13.32302,0.00,0.00
2016.08.09 06:35:38.489,13.32028,13.32332,0.00,0.00
2016.08.09 06:35:38.640,13.32038,13.32342,0.00,0.00
2016.08.09 06:35:38.740,13.32048,13.32351,0.00,0.00
2016.08.09 06:35:39.141,13.32038,13.32342,0.00,0.00
2016.08.09 06:35:41.707,13.32099,13.32342,0.00,0.00
2016.08.09 06:35:41.757,13.32099,13.32351,0.00,0.00
2016.08.09 06:35:41.808,13.32119,13.32362,0.00,0.00
2016.08.09 06:35:41.859,13.32129,13.32431,0.00,0.00
2016.08.09 06:35:41.910,13.32129,13.3241,0.00,0.00
2016.08.09 06:35:41.960,13.32138,13.3241,0.00,0.00
2016.08.09 06:35:42.037,13.32138,13.32441,0.00,0.00
2016.08.09 06:35:42.088,13.32128,13.32432,0.00,0.00
2016.08.09 06:35:42.249,13.32138,13.32441,0.00,0.00
2016.08.09 06:35:42.299,13.32138,13.32442,0.00,0.00
2016.08.09 06:35:43.134,13.32119,13.32422,0.00,0.00
2016.08.09 06:35:44.249,13.32129,13.32431,0.00,0.00
2016.08.09 06:35:47.353,13.32138,13.32442,0.00,0.00
2016.08.09 06:35:47.581,13.32169,13.32442,0.00,0.00
2016.08.09 06:35:47.700,13.3212,13.32421,0.00,0.00
2016.08.09 06:35:47.753,13.32168,13.3245,0.00,0.00
2016.08.09 06:35:48.073,13.32119,13.32421,0.00,0.00
2016.08.09 06:35:48.263,13.32148,13.32451,0.00,0.00
2016.08.09 06:35:48.555,13.32138,13.32442,0.00,0.00
2016.08.09 06:35:48.855,13.32148,13.3245,0.00,0.00
2016.08.09 06:35:49.135,13.32148,13.3245,0.00,0.00
2016.08.09 06:35:49.186,13.32138,13.32442,0.00,0.00
2016.08.09 06:35:49.256,13.32119,13.32422,0.00,0.00
2016.08.09 06:35:50.391,13.32129,13.32431,0.00,0.00
2016.08.09 06:35:55.067,13.32149,13.32451,0.00,0.00
2016.08.09 06:35:55.267,13.32128,13.32432,0.00,0.00
2016.08.09 06:35:58.921,13.32119,13.32422,0.00,0.00
2016.08.09 06:35:59.417,13.32129,13.32431,0.00,0.00
2016.08.09 06:36:04.399,13.32138,13.32442,0.00,0.00
2016.08.09 06:36:05.884,13.32129,13.32431,0.00,0.00
2016.08.09 06:36:06.225,13.32119,13.32422,0.00,0.00
2016.08.09 06:36:06.700,13.32129,13.32431,0.00,0.00
2016.08.09 06:36:07.427,13.32119,13.32421,0.00,0.00
2016.08.09 06:36:08.497,13.3212,13.32421,0.00,0.00
2016.08.09 06:36:10.232,13.32119,13.32421,0.00,0.00
2016.08.09 06:36:10.289,13.32128,13.32432,0.00,0.00
2016.08.09 06:36:11.771,13.32199,13.32432,0.00,0.00
2016.08.09 06:36:11.824,13.32199,13.32451,0.00,0.00
2016.08.09 06:36:12.440,13.322,13.3245,0.00,0.00
2016.08.09 06:36:12.943,13.32199,13.32451,0.00,0.00
2016.08.09 06:36:20.004,13.32199,13.32451,0.00,0.00
2016.08.09 06:36:20.605,13.32199,13.32451,0.00,0.00
2016.08.09 06:36:25.501,13.322,13.3245,0.00,0.00
2016.08.09 06:36:25.897,13.322,13.3244,0.00,0.00
2016.08.09 06:36:26.049,13.322,13.32421,0.00,0.00
2016.08.09 06:36:26.162,13.322,13.3244,0.00,0.00
2016.08.09 06:36:26.213,13.322,13.3245,0.00,0.00
2016.08.09 06:36:27.372,13.32199,13.32451,0.00,0.00
2016.08.09 06:36:29.309,13.322,13.3245,0.00,0.00
2016.08.09 06:36:29.916,13.322,13.32402,0.00,0.00
2016.08.09 06:36:30.017,13.32199,13.32441,0.00,0.00
2016.08.09 06:36:30.118,13.32199,13.32451,0.00,0.00
2016.08.09 06:36:30.714,13.322,13.3245,0.00,0.00
2016.08.09 06:36:31.240,13.32199,13.32451,0.00,0.00
2016.08.09 06:36:31.855,13.322,13.3245,0.00,0.00
2016.08.09 06:36:32.559,13.32199,13.32451,0.00,0.00
2016.08.09 06:36:33.090,13.322,13.3245,0.00,0.00
2016.08.09 06:36:33.629,13.32199,13.32451,0.00,0.00
2016.08.09 06:36:34.029,13.32199,13.32451,0.00,0.00
2016.08.09 06:36:34.130,13.32218,13.32481,0.00,0.00
2016.08.09 06:36:34.192,13.3222,13.3252,0.00,0.00
2016.08.09 06:36:34.343,13.32219,13.32501,0.00,0.00
2016.08.09 06:36:34.394,13.32219,13.32491,0.00,0.00
2016.08.09 06:36:35.695,13.3222,13.3251,0.00,0.00
2016.08.09 06:36:36.140,13.3222,13.32482,0.00,0.00
2016.08.09 06:36:36.241,13.32169,13.32471,0.00,0.00
2016.08.09 06:36:36.491,13.32179,13.32481,0.00,0.00
2016.08.09 06:36:36.639,13.32199,13.32481,0.00,0.00
2016.08.09 06:36:36.690,13.32199,13.32481,0.00,0.00
2016.08.09 06:36:36.740,13.32219,13.32511,0.00,0.00
2016.08.09 06:36:36.841,13.3222,13.3251,0.00,0.00
2016.08.09 06:36:38.616,13.32209,13.32461,0.00,0.00
2016.08.09 06:36:38.667,13.32188,13.32461,0.00,0.00
2016.08.09 06:36:38.801,13.32188,13.3248,0.00,0.00
2016.08.09 06:36:38.937,13.3217,13.32471,0.00,0.00
2016.08.09 06:36:39.038,13.32189,13.3248,0.00,0.00
2016.08.09 06:36:39.878,13.32179,13.3248,0.00,0.00
2016.08.09 06:36:40.103,13.32179,13.32481,0.00,0.00
2016.08.09 06:36:40.239,13.32169,13.32452,0.00,0.00
2016.08.09 06:36:40.439,13.32169,13.32462,0.00,0.00
2016.08.09 06:36:40.555,13.32169,13.32452,0.00,0.00
2016.08.09 06:36:41.144,13.32169,13.32461,0.00,0.00
2016.08.09 06:36:42.411,13.32178,13.32481,0.00,0.00
2016.08.09 06:36:43.230,13.32178,13.3248,0.00,0.00
2016.08.09 06:36:43.521,13.32199,13.32451,0.00,0.00
2016.08.09 06:36:43.572,13.32199,13.32442,0.00,0.00
2016.08.09 06:36:43.861,13.322,13.3245,0.00,0.00
2016.08.09 06:36:44.576,13.32199,13.32451,0.00,0.00
2016.08.09 06:36:46.266,13.32199,13.32441,0.00,0.00
2016.08.09 06:36:47.266,13.32199,13.32451,0.00,0.00
2016.08.09 06:36:49.760,13.32199,13.32441,0.00,0.00
2016.08.09 06:36:51.764,13.32199,13.32451,0.00,0.00
2016.08.09 06:36:52.767,13.322,13.3245,0.00,0.00
2016.08.09 06:36:54.011,13.322,13.32442,0.00,0.00
2016.08.09 06:36:54.545,13.32199,13.32442,0.00,0.00
2016.08.09 06:36:54.635,13.322,13.3244,0.00,0.00
2016.08.09 06:36:54.685,13.322,13.32401,0.00,0.00
2016.08.09 06:36:54.975,13.32119,13.32372,0.00,0.00
2016.08.09 06:36:55.305,13.3212,13.32401,0.00,0.00
2016.08.09 06:36:55.487,13.3212,13.32411,0.00,0.00
2016.08.09 06:36:55.843,13.3217,13.32411,0.00,0.00
2016.08.09 06:36:55.894,13.3217,13.3245,0.00,0.00
2016.08.09 06:36:56.038,13.32169,13.32451,0.00,0.00
2016.08.09 06:36:56.373,13.32169,13.32442,0.00,0.00
2016.08.09 06:36:56.488,13.3217,13.3245,0.00,0.00
2016.08.09 06:36:56.674,13.32169,13.32432,0.00,0.00
2016.08.09 06:36:56.774,13.32169,13.32442,0.00,0.00
2016.08.09 06:36:57.091,13.32169,13.32431,0.00,0.00
2016.08.09 06:36:57.187,13.32169,13.32451,0.00,0.00
2016.08.09 06:36:57.275,13.32169,13.32442,0.00,0.00
2016.08.09 06:36:59.858,13.3217,13.32442,0.00,0.00
2016.08.09 06:37:01.936,13.32169,13.32451,0.00,0.00
2016.08.09 06:37:01.987,13.32178,13.32482,0.00,0.00
2016.08.09 06:37:02.038,13.32198,13.32482,0.00,0.00
2016.08.09 06:37:02.088,13.3222,13.32492,0.00,0.00
2016.08.09 06:37:02.291,13.3222,13.32511,0.00,0.00
2016.08.09 06:37:02.392,13.3227,13.32511,0.00,0.00
2016.08.09 06:37:02.504,13.32269,13.32532,0.00,0.00
2016.08.09 06:37:02.982,13.32269,13.32551,0.00,0.00
2016.08.09 06:37:03.088,13.3227,13.32531,0.00,0.00
2016.08.09 06:37:04.005,13.3227,13.32511,0.00,0.00
2016.08.09 06:37:04.665,13.32269,13.32511,0.00,0.00
2016.08.09 06:37:04.716,13.32269,13.32542,0.00,0.00
2016.08.09 06:37:05.013,13.3227,13.32552,0.00,0.00
2016.08.09 06:37:05.063,13.3227,13.3255,0.00,0.00
2016.08.09 06:37:05.164,13.32269,13.32561,0.00,0.00
2016.08.09 06:37:05.378,13.32298,13.32551,0.00,0.00
2016.08.09 06:37:05.429,13.32269,13.32531,0.00,0.00
2016.08.09 06:37:05.714,13.32269,13.32541,0.00,0.00
2016.08.09 06:37:05.865,13.32269,13.32531,0.00,0.00
2016.08.09 06:37:05.916,13.32269,13.32531,0.00,0.00
2016.08.09 06:37:06.165,13.32269,13.32531,0.00,0.00
2016.08.09 06:37:06.215,13.32269,13.32551,0.00,0.00
2016.08.09 06:37:06.792,13.3227,13.3255,0.00,0.00
2016.08.09 06:37:07.350,13.32269,13.32551,0.00,0.00
2016.08.09 06:37:08.270,13.3227,13.3255,0.00,0.00
2016.08.09 06:37:08.320,13.3227,13.32532,0.00,0.00
2016.08.09 06:37:08.719,13.3227,13.3255,0.00,0.00
2016.08.09 06:37:08.771,13.3227,13.32552,0.00,0.00
2016.08.09 06:37:08.822,13.3227,13.3256,0.00,0.00
2016.08.09 06:37:09.043,13.32298,13.32541,0.00,0.00
2016.08.09 06:37:09.144,13.32298,13.32572,0.00,0.00
2016.08.09 06:37:09.245,13.32298,13.32582,0.00,0.00
2016.08.09 06:37:09.297,13.32298,13.32592,0.00,0.00
2016.08.09 06:37:09.396,13.32298,13.32582,0.00,0.00
2016.08.09 06:37:09.499,13.32298,13.32592,0.00,0.00
2016.08.09 06:37:10.298,13.32298,13.32572,0.00,0.00
2016.08.09 06:37:10.348,13.32269,13.32572,0.00,0.00
2016.08.09 06:37:10.584,13.3227,13.32532,0.00,0.00
2016.08.09 06:37:10.775,13.32228,13.32532,0.00,0.00
2016.08.09 06:37:10.826,13.32259,13.32551,0.00,0.00
2016.08.09 06:37:10.927,13.32229,13.32531,0.00,0.00
2016.08.09 06:37:11.242,13.32219,13.32522,0.00,0.00
2016.08.09 06:37:11.292,13.32219,13.32491,0.00,0.00
2016.08.09 06:37:11.394,13.32219,13.32492,0.00,0.00
2016.08.09 06:37:11.633,13.32219,13.32511,0.00,0.00
2016.08.09 06:37:11.683,13.32219,13.32512,0.00,0.00
2016.08.09 06:37:13.327,13.32219,13.32522,0.00,0.00
2016.08.09 06:37:13.403,13.32228,13.32532,0.00,0.00
2016.08.09 06:37:13.703,13.32219,13.32522,0.00,0.00
2016.08.09 06:37:14.273,13.3222,13.32522,0.00,0.00
2016.08.09 06:37:16.089,13.32219,13.32522,0.00,0.00
2016.08.09 06:37:18.269,13.32219,13.32491,0.00,0.00
2016.08.09 06:37:18.421,13.3222,13.32501,0.00,0.00
2016.08.09 06:37:18.512,13.3222,13.32521,0.00,0.00
2016.08.09 06:37:18.595,13.32219,13.32521,0.00,0.00
2016.08.09 06:37:19.640,13.32219,13.32512,0.00,0.00
2016.08.09 06:37:20.251,13.3222,13.32512,0.00,0.00
2016.08.09 06:37:21.917,13.3222,13.32521,0.00,0.00
2016.08.09 06:37:22.002,13.32219,13.32521,0.00,0.00
2016.08.09 06:37:22.052,13.32228,13.32532,0.00,0.00
2016.08.09 06:37:22.154,13.32219,13.32521,0.00,0.00
2016.08.09 06:37:23.604,13.3222,13.32521,0.00,0.00
2016.08.09 06:37:25.509,13.32219,13.32521,0.00,0.00
2016.08.09 06:37:26.411,13.3222,13.32521,0.00,0.00
2016.08.09 06:37:26.512,13.32239,13.32541,0.00,0.00
2016.08.09 06:37:28.465,13.3222,13.32522,0.00,0.00
2016.08.09 06:37:28.770,13.32219,13.32512,0.00,0.00
2016.08.09 06:37:29.732,13.32228,13.32532,0.00,0.00
2016.08.09 06:37:30.171,13.32219,13.32522,0.00,0.00
2016.08.09 06:37:30.273,13.32219,13.32521,0.00,0.00
2016.08.09 06:37:30.374,13.32238,13.32542,0.00,0.00
2016.08.09 06:37:30.756,13.32219,13.32522,0.00,0.00
2016.08.09 06:37:32.036,13.32238,13.32542,0.00,0.00
2016.08.09 06:37:32.736,13.32228,13.32532,0.00,0.00
2016.08.09 06:37:33.124,13.32219,13.32512,0.00,0.00
2016.08.09 06:37:33.239,13.32228,13.32532,0.00,0.00
2016.08.09 06:37:34.280,13.32238,13.32542,0.00,0.00
2016.08.09 06:37:34.584,13.32328,13.32611,0.00,0.00
2016.08.09 06:37:34.779,13.32319,13.32602,0.00,0.00
2016.08.09 06:37:34.881,13.32329,13.32611,0.00,0.00
2016.08.09 06:37:35.139,13.32319,13.32611,0.00,0.00
2016.08.09 06:37:35.240,13.32328,13.32611,0.00,0.00
2016.08.09 06:37:35.620,13.3232,13.3261,0.00,0.00
2016.08.09 06:37:36.133,13.32319,13.32611,0.00,0.00
2016.08.09 06:37:36.184,13.32319,13.32611,0.00,0.00
2016.08.09 06:37:36.986,13.32328,13.32611,0.00,0.00
2016.08.09 06:37:37.491,13.32319,13.32611,0.00,0.00
2016.08.09 06:37:37.541,13.3232,13.3261,0.00,0.00
2016.08.09 06:37:37.843,13.32329,13.3261,0.00,0.00
2016.08.09 06:37:37.957,13.32319,13.32611,0.00,0.00
2016.08.09 06:37:38.567,13.32328,13.3261,0.00,0.00
2016.08.09 06:37:38.889,13.32319,13.32611,0.00,0.00
2016.08.09 06:37:39.149,13.32319,13.32611,0.00,0.00
2016.08.09 06:37:40.542,13.3232,13.3261,0.00,0.00
2016.08.09 06:37:40.944,13.32329,13.3261,0.00,0.00
2016.08.09 06:37:41.051,13.3232,13.3261,0.00,0.00
2016.08.09 06:37:41.295,13.32329,13.32611,0.00,0.00
2016.08.09 06:37:41.614,13.32319,13.32611,0.00,0.00
2016.08.09 06:37:41.754,13.32319,13.32611,0.00,0.00
2016.08.09 06:37:42.313,13.3232,13.3261,0.00,0.00
2016.08.09 06:37:42.942,13.32319,13.32611,0.00,0.00
2016.08.09 06:37:43.257,13.32329,13.3261,0.00,0.00
2016.08.09 06:37:43.557,13.3232,13.3261,0.00,0.00
2016.08.09 06:37:44.708,13.32328,13.3261,0.00,0.00
2016.08.09 06:37:45.325,13.32328,13.32611,0.00,0.00
2016.08.09 06:37:45.375,13.32319,13.32611,0.00,0.00
2016.08.09 06:37:46.762,13.32319,13.32622,0.00,0.00
2016.08.09 06:37:46.813,13.32328,13.32632,0.00,0.00
2016.08.09 06:37:47.263,13.3232,13.32612,0.00,0.00
2016.08.09 06:37:47.364,13.32339,13.32641,0.00,0.00
2016.08.09 06:37:47.902,13.32328,13.32632,0.00,0.00
2016.08.09 06:37:48.114,13.32339,13.32641,0.00,0.00
2016.08.09 06:37:48.467,13.32319,13.32612,0.00,0.00
2016.08.09 06:37:48.568,13.32338,13.32642,0.00,0.00
2016.08.09 06:37:50.579,13.32328,13.32632,0.00,0.00
2016.08.09 06:37:50.933,13.32339,13.32641,0.00,0.00
2016.08.09 06:37:51.784,13.32328,13.32632,0.00,0.00
2016.08.09 06:37:52.328,13.3232,13.32622,0.00,0.00
2016.08.09 06:37:53.193,13.32329,13.32631,0.00,0.00
2016.08.09 06:37:53.646,13.3232,13.32611,0.00,0.00
2016.08.09 06:37:54.026,13.3232,13.32621,0.00,0.00
2016.08.09 06:37:55.255,13.32398,13.32621,0.00,0.00
2016.08.09 06:37:55.305,13.32419,13.32612,0.00,0.00
2016.08.09 06:37:55.407,13.32419,13.32661,0.00,0.00
2016.08.09 06:37:55.670,13.32398,13.32651,0.00,0.00
2016.08.09 06:37:55.722,13.32328,13.32632,0.00,0.00
2016.08.09 06:37:56.707,13.32319,13.32612,0.00,0.00
2016.08.09 06:37:57.208,13.3232,13.32612,0.00,0.00
2016.08.09 06:37:57.832,13.32319,13.32612,0.00,0.00
2016.08.09 06:37:57.895,13.32328,13.32632,0.00,0.00
2016.08.09 06:37:58.542,13.32319,13.32622,0.00,0.00
2016.08.09 06:37:59.393,13.3232,13.32622,0.00,0.00
2016.08.09 06:38:00.728,13.32338,13.32642,0.00,0.00
2016.08.09 06:38:00.829,13.32348,13.32651,0.00,0.00
2016.08.09 06:38:00.999,13.32338,13.32642,0.00,0.00
2016.08.09 06:38:01.350,13.32348,13.32652,0.00,0.00
2016.08.09 06:38:02.319,13.32339,13.32641,0.00,0.00
2016.08.09 06:38:02.901,13.32348,13.32652,0.00,0.00
2016.08.09 06:38:03.307,13.32338,13.32642,0.00,0.00
2016.08.09 06:38:06.226,13.32329,13.32631,0.00,0.00
2016.08.09 06:38:07.309,13.32338,13.32642,0.00,0.00
2016.08.09 06:38:09.010,13.3232,13.32622,0.00,0.00
2016.08.09 06:38:10.112,13.32328,13.32632,0.00,0.00
2016.08.09 06:38:10.923,13.32348,13.32651,0.00,0.00
2016.08.09 06:38:11.102,13.32319,13.32621,0.00,0.00
2016.08.09 06:38:11.324,13.32338,13.32641,0.00,0.00
2016.08.09 06:38:11.417,13.32319,13.32621,0.00,0.00
2016.08.09 06:38:12.842,13.32328,13.32632,0.00,0.00
2016.08.09 06:38:12.921,13.32339,13.32641,0.00,0.00
2016.08.09 06:38:12.972,13.32339,13.32641,0.00,0.00
2016.08.09 06:38:13.322,13.32328,13.32632,0.00,0.00
2016.08.09 06:38:14.926,13.32319,13.32621,0.00,0.00
2016.08.09 06:38:15.026,13.32349,13.32651,0.00,0.00
2016.08.09 06:38:15.128,13.32358,13.32651,0.00,0.00
2016.08.09 06:38:18.632,13.32348,13.32651,0.00,0.00
2016.08.09 06:38:20.049,13.32358,13.32651,0.00,0.00
2016.08.09 06:38:21.137,13.32349,13.32651,0.00,0.00
2016.08.09 06:38:25.170,13.32349,13.3265,0.00,0.00
2016.08.09 06:38:27.953,13.32359,13.3266,0.00,0.00
2016.08.09 06:38:28.631,13.32398,13.3266,0.00,0.00
2016.08.09 06:38:28.681,13.32419,13.32682,0.00,0.00
2016.08.09 06:38:28.754,13.32419,13.32711,0.00,0.00
2016.08.09 06:38:28.805,13.32419,13.32721,0.00,0.00
2016.08.09 06:38:28.856,13.32448,13.32751,0.00,0.00
2016.08.09 06:38:29.101,13.32428,13.32732,0.00,0.00
2016.08.09 06:38:29.156,13.32449,13.32751,0.00,0.00
2016.08.09 06:38:29.207,13.32449,13.3275,0.00,0.00
2016.08.09 06:38:29.257,13.3242,13.32721,0.00,0.00
2016.08.09 06:38:29.356,13.32428,13.32732,0.00,0.00
2016.08.09 06:38:29.457,13.32449,13.3275,0.00,0.00
2016.08.09 06:38:29.657,13.32438,13.32742,0.00,0.00
2016.08.09 06:38:29.758,13.32428,13.32732,0.00,0.00
2016.08.09 06:38:30.558,13.32444,13.32751,0.00,0.00
2016.08.09 06:38:30.758,13.32419,13.32722,0.00,0.00
2016.08.09 06:38:30.982,13.32419,13.3271,0.00,0.00
2016.08.09 06:38:31.183,13.32434,13.32741,0.00,0.00
2016.08.09 06:38:32.508,13.32434,13.3274,0.00,0.00
2016.08.09 06:38:33.086,13.32439,13.3274,0.00,0.00
2016.08.09 06:38:33.237,13.32448,13.3275,0.00,0.00
2016.08.09 06:38:33.288,13.32448,13.32751,0.00,0.00
2016.08.09 06:38:33.562,13.32439,13.32741,0.00,0.00
2016.08.09 06:38:35.866,13.32449,13.32751,0.00,0.00
2016.08.09 06:38:35.917,13.32449,13.32751,0.00,0.00
2016.08.09 06:38:36.293,13.32449,13.3275,0.00,0.00
2016.08.09 06:38:36.399,13.32449,13.32661,0.00,0.00
2016.08.09 06:38:36.500,13.32438,13.3266,0.00,0.00
2016.08.09 06:38:36.567,13.32338,13.32642,0.00,0.00
2016.08.09 06:38:36.814,13.32359,13.32661,0.00,0.00
2016.08.09 06:38:36.894,13.32359,13.3266,0.00,0.00
2016.08.09 06:38:37.014,13.32338,13.32642,0.00,0.00
2016.08.09 06:38:37.068,13.32368,13.3266,0.00,0.00
2016.08.09 06:38:37.755,13.32369,13.3266,0.00,0.00
2016.08.09 06:38:38.397,13.32369,13.32661,0.00,0.00
2016.08.09 06:38:38.881,13.32338,13.32642,0.00,0.00
2016.08.09 06:38:39.419,13.32368,13.32661,0.00,0.00
2016.08.09 06:38:39.969,13.32368,13.3266,0.00,0.00
2016.08.09 06:38:40.020,13.32358,13.3266,0.00,0.00
2016.08.09 06:38:40.520,13.32369,13.32661,0.00,0.00
2016.08.09 06:38:41.121,13.32358,13.32661,0.00,0.00
2016.08.09 06:38:42.823,13.32348,13.32652,0.00,0.00
2016.08.09 06:38:43.779,13.32358,13.32661,0.00,0.00
2016.08.09 06:38:44.475,13.32358,13.3266,0.00,0.00
2016.08.09 06:38:44.525,13.32399,13.32661,0.00,0.00
2016.08.09 06:38:44.727,13.32398,13.32661,0.00,0.00
2016.08.09 06:38:44.781,13.32419,13.32661,0.00,0.00
2016.08.09 06:38:45.081,13.32389,13.3266,0.00,0.00
2016.08.09 06:38:45.487,13.32409,13.3266,0.00,0.00
2016.08.09 06:38:46.618,13.32409,13.32661,0.00,0.00
2016.08.09 06:38:46.726,13.32599,13.32722,0.00,0.00
2016.08.09 06:38:46.794,13.32599,13.32842,0.00,0.00
2016.08.09 06:38:46.895,13.32599,13.32811,0.00,0.00
2016.08.09 06:38:46.996,13.32599,13.32842,0.00,0.00
2016.08.09 06:38:47.278,13.326,13.3285,0.00,0.00
2016.08.09 06:38:47.386,13.326,13.32821,0.00,0.00
2016.08.09 06:38:47.788,13.32599,13.32842,0.00,0.00
2016.08.09 06:38:48.290,13.32599,13.32832,0.00,0.00
2016.08.09 06:38:49.492,13.32599,13.32851,0.00,0.00
2016.08.09 06:38:49.915,13.32599,13.32831,0.00,0.00
2016.08.09 06:38:49.993,13.32599,13.32851,0.00,0.00
2016.08.09 06:38:50.043,13.32599,13.32851,0.00,0.00
2016.08.09 06:38:51.595,13.32599,13.32832,0.00,0.00
2016.08.09 06:38:52.205,13.32599,13.32821,0.00,0.00
2016.08.09 06:38:53.102,13.32599,13.32851,0.00,0.00
2016.08.09 06:38:53.153,13.32599,13.32901,0.00,0.00
2016.08.09 06:38:53.204,13.32623,13.32921,0.00,0.00
2016.08.09 06:38:53.254,13.32645,13.3292,0.00,0.00
2016.08.09 06:38:53.305,13.32649,13.3292,0.00,0.00
2016.08.09 06:38:53.356,13.32649,13.3292,0.00,0.00
2016.08.09 06:38:53.406,13.32649,13.3292,0.00,0.00
2016.08.09 06:38:53.457,13.32628,13.32932,0.00,0.00
2016.08.09 06:38:53.507,13.32643,13.3294,0.00,0.00
2016.08.09 06:38:53.558,13.32643,13.32951,0.00,0.00
2016.08.09 06:38:53.698,13.32629,13.32931,0.00,0.00
2016.08.09 06:38:53.799,13.32634,13.32941,0.00,0.00
2016.08.09 06:38:53.900,13.32643,13.3295,0.00,0.00
2016.08.09 06:38:54.001,13.32619,13.32922,0.00,0.00
2016.08.09 06:38:54.566,13.32634,13.32941,0.00,0.00
2016.08.09 06:38:54.800,13.32628,13.32932,0.00,0.00
2016.08.09 06:38:54.901,13.32619,13.32921,0.00,0.00
2016.08.09 06:38:55.101,13.32633,13.32942,0.00,0.00
2016.08.09 06:38:55.402,13.32629,13.32931,0.00,0.00
2016.08.09 06:38:55.502,13.32629,13.32922,0.00,0.00
2016.08.09 06:38:55.830,13.32629,13.32932,0.00,0.00
2016.08.09 06:38:56.216,13.32629,13.32921,0.00,0.00
2016.08.09 06:38:56.303,13.32629,13.32932,0.00,0.00
2016.08.09 06:38:56.407,13.32639,13.32941,0.00,0.00
2016.08.09 06:38:57.207,13.32629,13.32931,0.00,0.00
2016.08.09 06:38:58.056,13.32629,13.32921,0.00,0.00
2016.08.09 06:38:58.406,13.32629,13.32932,0.00,0.00
2016.08.09 06:38:59.708,13.32648,13.32951,0.00,0.00
2016.08.09 06:39:00.109,13.32638,13.32942,0.00,0.00
2016.08.09 06:39:01.310,13.3263,13.32931,0.00,0.00
2016.08.09 06:39:01.360,13.32629,13.32931,0.00,0.00
2016.08.09 06:39:01.553,13.32649,13.32951,0.00,0.00
2016.08.09 06:39:02.000,13.32649,13.3285,0.00,0.00
2016.08.09 06:39:02.051,13.32609,13.3285,0.00,0.00
2016.08.09 06:39:02.152,13.32599,13.32851,0.00,0.00
2016.08.09 06:39:02.203,13.32629,13.32872,0.00,0.00
2016.08.09 06:39:02.254,13.32629,13.32901,0.00,0.00
2016.08.09 06:39:02.311,13.32639,13.32931,0.00,0.00
2016.08.09 06:39:02.582,13.32629,13.32931,0.00,0.00
2016.08.09 06:39:03.242,13.32638,13.32931,0.00,0.00
2016.08.09 06:39:03.293,13.32638,13.32942,0.00,0.00
2016.08.09 06:39:03.513,13.32629,13.32932,0.00,0.00
2016.08.09 06:39:05.710,13.32638,13.32942,0.00,0.00
2016.08.09 06:39:06.546,13.3263,13.32932,0.00,0.00
2016.08.09 06:39:07.063,13.32629,13.32921,0.00,0.00
2016.08.09 06:39:07.119,13.32629,13.32932,0.00,0.00
2016.08.09 06:39:08.222,13.32639,13.32941,0.00,0.00
2016.08.09 06:39:08.424,13.32629,13.32931,0.00,0.00
2016.08.09 06:39:10.269,13.3263,13.32931,0.00,0.00
2016.08.09 06:39:11.686,13.32629,13.32931,0.00,0.00
2016.08.09 06:39:13.067,13.32629,13.32922,0.00,0.00
2016.08.09 06:39:13.118,13.32618,13.32921,0.00,0.00
2016.08.09 06:39:13.238,13.32599,13.32901,0.00,0.00
2016.08.09 06:39:13.339,13.32608,13.32912,0.00,0.00
2016.08.09 06:39:13.869,13.32599,13.32901,0.00,0.00
2016.08.09 06:39:15.986,13.32599,13.32851,0.00,0.00
2016.08.09 06:39:16.087,13.32579,13.3285,0.00,0.00
2016.08.09 06:39:16.142,13.32539,13.32841,0.00,0.00
2016.08.09 06:39:17.043,13.32548,13.32851,0.00,0.00
2016.08.09 06:39:17.244,13.32539,13.32841,0.00,0.00
2016.08.09 06:39:18.034,13.32548,13.32851,0.00,0.00
2016.08.09 06:39:19.368,13.32538,13.32842,0.00,0.00
2016.08.09 06:39:19.479,13.32569,13.32851,0.00,0.00
2016.08.09 06:39:19.580,13.32539,13.32841,0.00,0.00
2016.08.09 06:39:20.763,13.32549,13.32851,0.00,0.00
2016.08.09 06:39:20.967,13.32558,13.32851,0.00,0.00
2016.08.09 06:39:24.032,13.32558,13.3285,0.00,0.00
2016.08.09 06:39:24.184,13.32539,13.32841,0.00,0.00
2016.08.09 06:39:24.234,13.32539,13.32751,0.00,0.00
2016.08.09 06:39:24.285,13.32419,13.32721,0.00,0.00
2016.08.09 06:39:24.517,13.32448,13.32751,0.00,0.00
2016.08.09 06:39:24.571,13.32409,13.32711,0.00,0.00
2016.08.09 06:39:25.290,13.32399,13.32701,0.00,0.00
2016.08.09 06:39:27.732,13.32398,13.32691,0.00,0.00
2016.08.09 06:39:28.005,13.32398,13.32702,0.00,0.00
2016.08.09 06:39:29.407,13.32418,13.32722,0.00,0.00
2016.08.09 06:39:30.037,13.32409,13.32711,0.00,0.00
2016.08.09 06:39:30.109,13.32398,13.32692,0.00,0.00
2016.08.09 06:39:30.509,13.32419,13.32721,0.00,0.00
2016.08.09 06:39:31.911,13.32399,13.32701,0.00,0.00
2016.08.09 06:39:32.012,13.32408,13.32712,0.00,0.00
2016.08.09 06:39:32.602,13.32398,13.32702,0.00,0.00
2016.08.09 06:39:32.669,13.32439,13.32741,0.00,0.00
2016.08.09 06:39:32.813,13.32428,13.32732,0.00,0.00
2016.08.09 06:39:32.914,13.32399,13.32701,0.00,0.00
2016.08.09 06:39:33.214,13.32408,13.32712,0.00,0.00
2016.08.09 06:39:33.815,13.32398,13.32702,0.00,0.00
2016.08.09 06:39:33.916,13.32419,13.32721,0.00,0.00
2016.08.09 06:39:34.215,13.32408,13.32712,0.00,0.00
2016.08.09 06:39:34.415,13.32399,13.32701,0.00,0.00
2016.08.09 06:39:34.816,13.32409,13.32711,0.00,0.00
2016.08.09 06:39:35.151,13.32399,13.32701,0.00,0.00
2016.08.09 06:39:35.252,13.32428,13.32732,0.00,0.00
2016.08.09 06:39:35.624,13.32418,13.32722,0.00,0.00
2016.08.09 06:39:36.712,13.32398,13.32702,0.00,0.00
2016.08.09 06:39:37.520,13.32408,13.32712,0.00,0.00
2016.08.09 06:39:37.621,13.32398,13.32702,0.00,0.00
2016.08.09 06:39:37.820,13.32418,13.32722,0.00,0.00
2016.08.09 06:39:37.921,13.32398,13.32692,0.00,0.00
2016.08.09 06:39:38.281,13.32418,13.32722,0.00,0.00
2016.08.09 06:39:40.928,13.32408,13.32712,0.00,0.00
2016.08.09 06:39:41.347,13.32399,13.32701,0.00,0.00
2016.08.09 06:39:41.729,13.32419,13.32721,0.00,0.00
2016.08.09 06:39:42.156,13.32409,13.32711,0.00,0.00
2016.08.09 06:39:44.734,13.32398,13.32691,0.00,0.00
2016.08.09 06:39:45.373,13.32408,13.32712,0.00,0.00
2016.08.09 06:39:45.876,13.32398,13.32691,0.00,0.00
2016.08.09 06:39:46.039,13.32408,13.32712,0.00,0.00
2016.08.09 06:39:46.541,13.32398,13.32692,0.00,0.00
2016.08.09 06:39:46.642,13.32399,13.32701,0.00,0.00
2016.08.09 06:39:51.552,13.32398,13.32691,0.00,0.00
2016.08.09 06:39:53.180,13.32399,13.32701,0.00,0.00
2016.08.09 06:39:58.161,13.32418,13.32722,0.00,0.00
2016.08.09 06:39:58.262,13.32369,13.32621,0.00,0.00
2016.08.09 06:39:58.363,13.32339,13.32641,0.00,0.00
2016.08.09 06:39:59.062,13.32348,13.32651,0.00,0.00
2016.08.09 06:40:04.811,13.32398,13.32651,0.00,0.00
2016.08.09 06:40:04.987,13.32438,13.32711,0.00,0.00
2016.08.09 06:40:05.038,13.32438,13.32742,0.00,0.00
2016.08.09 06:40:05.822,13.32448,13.3275,0.00,0.00
2016.08.09 06:40:05.975,13.32459,13.32751,0.00,0.00
2016.08.09 06:40:06.715,13.32448,13.32751,0.00,0.00
2016.08.09 06:40:06.816,13.32438,13.32742,0.00,0.00
2016.08.09 06:40:06.898,13.32468,13.3275,0.00,0.00
2016.08.09 06:40:07.177,13.32458,13.3275,0.00,0.00
2016.08.09 06:40:07.481,13.32469,13.3275,0.00,0.00
2016.08.09 06:40:07.778,13.32459,13.32751,0.00,0.00
2016.08.09 06:40:07.878,13.32438,13.32742,0.00,0.00
2016.08.09 06:40:08.279,13.32458,13.32751,0.00,0.00
2016.08.09 06:40:08.618,13.32438,13.32742,0.00,0.00
2016.08.09 06:40:08.845,13.32519,13.32742,0.00,0.00
2016.08.09 06:40:09.038,13.32548,13.32831,0.00,0.00
2016.08.09 06:40:09.089,13.32548,13.3285,0.00,0.00
2016.08.09 06:40:09.181,13.3252,13.32822,0.00,0.00
2016.08.09 06:40:09.429,13.32528,13.32832,0.00,0.00
2016.08.09 06:40:09.481,13.32548,13.32851,0.00,0.00
2016.08.09 06:40:09.682,13.32539,13.32841,0.00,0.00
2016.08.09 06:40:10.282,13.32549,13.32851,0.00,0.00
2016.08.09 06:40:10.333,13.32549,13.3285,0.00,0.00
2016.08.09 06:40:10.384,13.32559,13.3285,0.00,0.00
2016.08.09 06:40:10.730,13.32548,13.32851,0.00,0.00
2016.08.09 06:40:10.831,13.32559,13.32851,0.00,0.00
2016.08.09 06:40:10.983,13.32549,13.32851,0.00,0.00
2016.08.09 06:40:11.784,13.32538,13.32842,0.00,0.00
2016.08.09 06:40:13.086,13.32549,13.32851,0.00,0.00
2016.08.09 06:40:13.787,13.32539,13.32841,0.00,0.00
2016.08.09 06:40:14.365,13.3252,13.32821,0.00,0.00
2016.08.09 06:40:14.841,13.32519,13.32821,0.00,0.00
2016.08.09 06:40:15.490,13.32539,13.32841,0.00,0.00
2016.08.09 06:40:17.397,13.32519,13.32822,0.00,0.00
2016.08.09 06:40:18.263,13.32539,13.32841,0.00,0.00
2016.08.09 06:40:18.627,13.32519,13.32821,0.00,0.00
2016.08.09 06:40:18.678,13.3252,13.32821,0.00,0.00
2016.08.09 06:40:19.500,13.32528,13.32832,0.00,0.00
2016.08.09 06:40:21.553,13.32548,13.3285,0.00,0.00
2016.08.09 06:40:21.604,13.32559,13.32851,0.00,0.00
2016.08.09 06:40:22.104,13.32539,13.32841,0.00,0.00
2016.08.09 06:40:22.722,13.32548,13.3285,0.00,0.00
2016.08.09 06:40:23.345,13.32558,13.3285,0.00,0.00
2016.08.09 06:40:23.506,13.32548,13.3285,0.00,0.00
2016.08.09 06:40:24.193,13.32548,13.32851,0.00,0.00
2016.08.09 06:40:27.925,13.32538,13.32842,0.00,0.00
2016.08.09 06:40:29.027,13.32519,13.32821,0.00,0.00
2016.08.09 06:40:29.078,13.3252,13.32821,0.00,0.00
2016.08.09 06:40:29.214,13.32528,13.32832,0.00,0.00
2016.08.09 06:40:30.016,13.32519,13.32822,0.00,0.00
2016.08.09 06:40:30.131,13.32538,13.32841,0.00,0.00
2016.08.09 06:40:30.232,13.3252,13.32822,0.00,0.00
2016.08.09 06:40:31.318,13.32529,13.32831,0.00,0.00
2016.08.09 06:40:33.015,13.32529,13.32751,0.00,0.00
2016.08.09 06:40:33.116,13.32529,13.32751,0.00,0.00
2016.08.09 06:40:33.166,13.32478,13.32751,0.00,0.00
2016.08.09 06:40:33.549,13.32508,13.3275,0.00,0.00
2016.08.09 06:40:33.857,13.32489,13.32751,0.00,0.00
2016.08.09 06:40:33.907,13.32489,13.3275,0.00,0.00
2016.08.09 06:40:33.958,13.32499,13.3275,0.00,0.00
2016.08.09 06:40:34.008,13.3252,13.32772,0.00,0.00
2016.08.09 06:40:34.109,13.3252,13.32781,0.00,0.00
2016.08.09 06:40:34.160,13.32548,13.3283,0.00,0.00
2016.08.09 06:40:34.324,13.32538,13.3283,0.00,0.00
2016.08.09 06:40:34.559,13.3252,13.32822,0.00,0.00
2016.08.09 06:40:34.944,13.32529,13.3283,0.00,0.00
2016.08.09 06:40:35.392,13.32529,13.32831,0.00,0.00
2016.08.09 06:40:35.443,13.32549,13.32831,0.00,0.00
2016.08.09 06:40:35.722,13.32549,13.32781,0.00,0.00
2016.08.09 06:40:35.823,13.32478,13.3278,0.00,0.00
2016.08.09 06:40:36.126,13.32499,13.3278,0.00,0.00
2016.08.09 06:40:36.193,13.32499,13.32781,0.00,0.00
2016.08.09 06:40:36.450,13.32488,13.32781,0.00,0.00
2016.08.09 06:40:36.927,13.32498,13.32781,0.00,0.00
2016.08.09 06:40:37.527,13.32498,13.3278,0.00,0.00
2016.08.09 06:40:38.299,13.32498,13.32781,0.00,0.00
2016.08.09 06:40:41.819,13.32498,13.3275,0.00,0.00
2016.08.09 06:40:41.870,13.32469,13.3275,0.00,0.00
2016.08.09 06:40:41.920,13.32469,13.3275,0.00,0.00
2016.08.09 06:40:41.971,13.32448,13.3275,0.00,0.00
2016.08.09 06:40:42.236,13.32459,13.3275,0.00,0.00
2016.08.09 06:40:42.336,13.32439,13.32741,0.00,0.00
2016.08.09 06:40:43.254,13.32459,13.3275,0.00,0.00
2016.08.09 06:40:43.989,13.32459,13.32751,0.00,0.00
2016.08.09 06:40:44.533,13.32439,13.32741,0.00,0.00
2016.08.09 06:40:44.912,13.32439,13.3274,0.00,0.00
2016.08.09 06:40:45.077,13.32428,13.32732,0.00,0.00
2016.08.09 06:40:45.241,13.32438,13.3274,0.00,0.00
2016.08.09 06:40:45.796,13.32438,13.32741,0.00,0.00
2016.08.09 06:40:46.129,13.32459,13.32741,0.00,0.00
2016.08.09 06:40:46.179,13.32428,13.32732,0.00,0.00
2016.08.09 06:40:47.043,13.32438,13.32741,0.00,0.00
2016.08.09 06:40:47.680,13.32438,13.3274,0.00,0.00
2016.08.09 06:40:47.730,13.32438,13.32742,0.00,0.00
2016.08.09 06:40:47.781,13.32459,13.3275,0.00,0.00
2016.08.09 06:40:48.946,13.32438,13.32742,0.00,0.00
2016.08.09 06:40:53.184,13.32458,13.32751,0.00,0.00
2016.08.09 06:40:54.097,13.32449,13.32751,0.00,0.00
2016.08.09 06:40:54.991,13.32468,13.32751,0.00,0.00
2016.08.09 06:40:55.356,13.32449,13.3275,0.00,0.00
2016.08.09 06:40:55.457,13.32438,13.32742,0.00,0.00
2016.08.09 06:40:56.025,13.32439,13.32741,0.00,0.00
2016.08.09 06:41:02.166,13.32468,13.3275,0.00,0.00
2016.08.09 06:41:02.266,13.32438,13.32742,0.00,0.00
2016.08.09 06:41:02.399,13.32428,13.32732,0.00,0.00
2016.08.09 06:41:02.506,13.32408,13.3266,0.00,0.00
2016.08.09 06:41:02.782,13.32448,13.3273,0.00,0.00
2016.08.09 06:41:02.963,13.32448,13.32741,0.00,0.00
2016.08.09 06:41:03.069,13.32428,13.32732,0.00,0.00
2016.08.09 06:41:04.670,13.32439,13.32741,0.00,0.00
2016.08.09 06:41:13.886,13.32439,13.3274,0.00,0.00
2016.08.09 06:41:15.902,13.32439,13.32741,0.00,0.00
2016.08.09 06:41:17.284,13.32449,13.32741,0.00,0.00
2016.08.09 06:41:17.334,13.32519,13.32732,0.00,0.00
2016.08.09 06:41:17.389,13.32539,13.32841,0.00,0.00
2016.08.09 06:41:17.689,13.32529,13.32831,0.00,0.00
2016.08.09 06:41:18.074,13.32539,13.32841,0.00,0.00
2016.08.09 06:41:21.194,13.32528,13.32832,0.00,0.00
2016.08.09 06:41:21.535,13.32528,13.3275,0.00,0.00
2016.08.09 06:41:21.637,13.32428,13.32732,0.00,0.00
2016.08.09 06:41:21.695,13.32459,13.3275,0.00,0.00
2016.08.09 06:41:21.944,13.32449,13.3275,0.00,0.00
2016.08.09 06:41:21.996,13.32429,13.32731,0.00,0.00
2016.08.09 06:41:22.296,13.32449,13.3275,0.00,0.00
2016.08.09 06:41:23.328,13.32449,13.32751,0.00,0.00
2016.08.09 06:41:25.788,13.32429,13.32731,0.00,0.00
2016.08.09 06:41:26.704,13.32449,13.32751,0.00,0.00
2016.08.09 06:41:27.139,13.32449,13.3275,0.00,0.00
2016.08.09 06:41:30.996,13.32449,13.32751,0.00,0.00
2016.08.09 06:41:31.253,13.32449,13.3275,0.00,0.00
2016.08.09 06:41:31.354,13.32458,13.3275,0.00,0.00
2016.08.09 06:41:31.411,13.32439,13.32741,0.00,0.00
2016.08.09 06:41:32.376,13.32458,13.3275,0.00,0.00
2016.08.09 06:41:32.763,13.32448,13.32751,0.00,0.00
2016.08.09 06:41:34.017,13.32469,13.32751,0.00,0.00
2016.08.09 06:41:35.562,13.32458,13.32751,0.00,0.00
2016.08.09 06:41:35.663,13.32478,13.32751,0.00,0.00
2016.08.09 06:41:36.427,13.32448,13.32751,0.00,0.00
2016.08.09 06:41:37.924,13.32454,13.32751,0.00,0.00
2016.08.09 06:41:40.652,13.32459,13.32751,0.00,0.00
2016.08.09 06:41:45.782,13.32478,13.32751,0.00,0.00
2016.08.09 06:41:45.833,13.32478,13.3276,0.00,0.00
2016.08.09 06:41:45.883,13.32509,13.3276,0.00,0.00
2016.08.09 06:41:45.984,13.32479,13.32761,0.00,0.00
2016.08.09 06:41:46.085,13.32459,13.3276,0.00,0.00
2016.08.09 06:41:46.237,13.32468,13.3276,0.00,0.00
2016.08.09 06:41:46.350,13.32458,13.32761,0.00,0.00
2016.08.09 06:41:46.400,13.32458,13.32751,0.00,0.00
2016.08.09 06:41:46.552,13.32448,13.3275,0.00,0.00
2016.08.09 06:41:47.083,13.32448,13.32751,0.00,0.00
2016.08.09 06:41:47.184,13.32468,13.32751,0.00,0.00
2016.08.09 06:41:47.484,13.32459,13.32751,0.00,0.00
2016.08.09 06:41:48.163,13.32459,13.3275,0.00,0.00
2016.08.09 06:41:49.709,13.32459,13.32751,0.00,0.00
2016.08.09 06:41:51.616,13.32459,13.3275,0.00,0.00
2016.08.09 06:41:52.972,13.32448,13.3275,0.00,0.00
2016.08.09 06:41:53.048,13.32438,13.32742,0.00,0.00
2016.08.09 06:41:53.248,13.32459,13.3275,0.00,0.00
2016.08.09 06:41:53.782,13.32429,13.32731,0.00,0.00
2016.08.09 06:41:53.950,13.32458,13.3275,0.00,0.00
2016.08.09 06:41:55.431,13.32458,13.32751,0.00,0.00
2016.08.09 06:41:56.949,13.32458,13.3274,0.00,0.00
2016.08.09 06:41:57.050,13.32439,13.32741,0.00,0.00
2016.08.09 06:41:57.101,13.32429,13.32731,0.00,0.00
2016.08.09 06:41:57.202,13.32409,13.32711,0.00,0.00
2016.08.09 06:41:57.500,13.32439,13.3274,0.00,0.00
2016.08.09 06:41:58.706,13.32428,13.32732,0.00,0.00
2016.08.09 06:42:01.406,13.32438,13.32741,0.00,0.00
2016.08.09 06:42:02.903,13.32428,13.32732,0.00,0.00
2016.08.09 06:42:04.883,13.32418,13.32722,0.00,0.00
2016.08.09 06:42:07.566,13.32418,13.32661,0.00,0.00
2016.08.09 06:42:07.617,13.32388,13.32661,0.00,0.00
2016.08.09 06:42:07.667,13.32388,13.3265,0.00,0.00
2016.08.09 06:42:07.822,13.32408,13.32651,0.00,0.00
2016.08.09 06:42:07.872,13.32378,13.32682,0.00,0.00
2016.08.09 06:42:08.356,13.32428,13.32732,0.00,0.00
2016.08.09 06:42:11.778,13.32419,13.32721,0.00,0.00
2016.08.09 06:42:11.879,13.32438,13.32741,0.00,0.00
2016.08.09 06:42:12.980,13.32429,13.32731,0.00,0.00
2016.08.09 06:42:17.391,13.32439,13.3274,0.00,0.00
2016.08.09 06:42:17.782,13.32439,13.32741,0.00,0.00
2016.08.09 06:42:17.833,13.32418,13.32722,0.00,0.00
2016.08.09 06:42:19.585,13.32418,13.3268,0.00,0.00
2016.08.09 06:42:19.635,13.32398,13.3268,0.00,0.00
2016.08.09 06:42:19.686,13.32398,13.32702,0.00,0.00
2016.08.09 06:42:19.736,13.32408,13.32712,0.00,0.00
2016.08.09 06:42:20.036,13.32438,13.32731,0.00,0.00
2016.08.09 06:42:20.886,13.32438,13.32741,0.00,0.00
2016.08.09 06:42:20.937,13.32419,13.32721,0.00,0.00
2016.08.09 06:42:20.997,13.32408,13.32712,0.00,0.00
2016.08.09 06:42:21.326,13.32418,13.32722,0.00,0.00
2016.08.09 06:42:23.041,13.32439,13.3274,0.00,0.00
2016.08.09 06:42:23.092,13.32439,13.3274,0.00,0.00
2016.08.09 06:42:23.193,13.32439,13.32741,0.00,0.00
2016.08.09 06:42:24.411,13.32408,13.32712,0.00,0.00
2016.08.09 06:42:24.644,13.32438,13.32741,0.00,0.00
2016.08.09 06:42:25.196,13.32438,13.3274,0.00,0.00
2016.08.09 06:42:25.246,13.32408,13.32712,0.00,0.00
2016.08.09 06:42:26.248,13.32438,13.32741,0.00,0.00
2016.08.09 06:42:26.349,13.32419,13.32721,0.00,0.00
2016.08.09 06:42:30.715,13.32409,13.32691,0.00,0.00
2016.08.09 06:42:30.816,13.32419,13.32721,0.00,0.00
2016.08.09 06:42:31.733,13.32438,13.32741,0.00,0.00
2016.08.09 06:42:32.109,13.32448,13.32741,0.00,0.00
2016.08.09 06:42:32.160,13.32418,13.32722,0.00,0.00
2016.08.09 06:42:32.862,13.32438,13.3274,0.00,0.00
2016.08.09 06:42:33.417,13.32448,13.3274,0.00,0.00
2016.08.09 06:42:34.214,13.32448,13.32741,0.00,0.00
2016.08.09 06:42:34.264,13.32439,13.32741,0.00,0.00
2016.08.09 06:42:36.858,13.32449,13.32741,0.00,0.00
2016.08.09 06:42:38.332,13.32439,13.32741,0.00,0.00
2016.08.09 06:42:38.602,13.32439,13.3274,0.00,0.00
2016.08.09 06:42:39.260,13.32439,13.32741,0.00,0.00
2016.08.09 06:42:39.470,13.32418,13.32722,0.00,0.00
2016.08.09 06:42:39.780,13.32449,13.32741,0.00,0.00
2016.08.09 06:42:40.179,13.32438,13.32741,0.00,0.00
2016.08.09 06:42:40.280,13.32418,13.32722,0.00,0.00
2016.08.09 06:42:40.637,13.32448,13.32741,0.00,0.00
2016.08.09 06:42:40.838,13.32439,13.32741,0.00,0.00
2016.08.09 06:42:44.163,13.32439,13.3274,0.00,0.00
2016.08.09 06:42:44.493,13.32419,13.32721,0.00,0.00
2016.08.09 06:42:49.558,13.32398,13.32681,0.00,0.00
2016.08.09 06:42:49.612,13.32409,13.32711,0.00,0.00
2016.08.09 06:42:53.458,13.32438,13.32741,0.00,0.00
2016.08.09 06:42:53.509,13.32438,13.3274,0.00,0.00
2016.08.09 06:42:53.716,13.32438,13.32709,0.00,0.00
2016.08.09 06:42:53.766,13.32379,13.3264,0.00,0.00
2016.08.09 06:42:53.867,13.32358,13.32641,0.00,0.00
2016.08.09 06:42:54.259,13.32389,13.32641,0.00,0.00
2016.08.09 06:42:54.490,13.32429,13.32711,0.00,0.00
2016.08.09 06:42:54.699,13.32429,13.32731,0.00,0.00
2016.08.09 06:42:58.865,13.32438,13.32741,0.00,0.00
2016.08.09 06:42:59.343,13.32438,13.32741,0.00,0.00
2016.08.09 06:42:59.394,13.32398,13.32691,0.00,0.00
2016.08.09 06:42:59.495,13.32388,13.3269,0.00,0.00
2016.08.09 06:42:59.878,13.32398,13.3269,0.00,0.00
2016.08.09 06:43:01.281,13.32398,13.32691,0.00,0.00
2016.08.09 06:43:01.769,13.32413,13.32691,0.00,0.00
2016.08.09 06:43:01.870,13.32398,13.32691,0.00,0.00
2016.08.09 06:43:02.169,13.32403,13.32691,0.00,0.00
2016.08.09 06:43:02.815,13.32403,13.3269,0.00,0.00
2016.08.09 06:43:03.562,13.32403,13.32691,0.00,0.00
2016.08.09 06:43:04.223,13.32408,13.32691,0.00,0.00
2016.08.09 06:43:06.876,13.32399,13.32691,0.00,0.00
2016.08.09 06:43:07.400,13.32378,13.32641,0.00,0.00
2016.08.09 06:43:07.501,13.32368,13.3266,0.00,0.00
2016.08.09 06:43:07.825,13.32408,13.3266,0.00,0.00
2016.08.09 06:43:08.926,13.32399,13.3266,0.00,0.00
2016.08.09 06:43:09.583,13.32399,13.32661,0.00,0.00
2016.08.09 06:43:11.281,13.32399,13.3266,0.00,0.00
2016.08.09 06:43:13.107,13.32399,13.32661,0.00,0.00
2016.08.09 06:43:15.010,13.32399,13.3266,0.00,0.00
2016.08.09 06:43:15.356,13.32399,13.3264,0.00,0.00
2016.08.09 06:43:15.406,13.32378,13.3264,0.00,0.00
2016.08.09 06:43:15.487,13.32368,13.3264,0.00,0.00
2016.08.09 06:43:15.688,13.32379,13.3264,0.00,0.00
2016.08.09 06:43:15.989,13.32368,13.3264,0.00,0.00
2016.08.09 06:43:16.188,13.32388,13.3264,0.00,0.00
2016.08.09 06:43:16.411,13.32359,13.3264,0.00,0.00
2016.08.09 06:43:16.689,13.32368,13.3264,0.00,0.00
2016.08.09 06:43:17.217,13.32368,13.32641,0.00,0.00
2016.08.09 06:43:18.057,13.32398,13.32672,0.00,0.00
2016.08.09 06:43:18.108,13.32398,13.3268,0.00,0.00
2016.08.09 06:43:18.209,13.32408,13.32681,0.00,0.00
2016.08.09 06:43:18.260,13.32408,13.32712,0.00,0.00
2016.08.09 06:43:18.667,13.32428,13.32732,0.00,0.00
2016.08.09 06:43:19.119,13.32438,13.32741,0.00,0.00
2016.08.09 06:43:19.559,13.32438,13.32641,0.00,0.00
2016.08.09 06:43:19.610,13.32378,13.32641,0.00,0.00
2016.08.09 06:43:19.711,13.32369,13.32641,0.00,0.00
2016.08.09 06:43:20.109,13.32388,13.32641,0.00,0.00
2016.08.09 06:43:21.196,13.32378,13.32641,0.00,0.00
2016.08.09 06:43:21.420,13.32358,13.32641,0.00,0.00
2016.08.09 06:43:21.472,13.32358,13.32641,0.00,0.00
2016.08.09 06:43:21.596,13.32379,13.32641,0.00,0.00
2016.08.09 06:43:21.647,13.32379,13.32641,0.00,0.00
2016.08.09 06:43:22.072,13.32389,13.3264,0.00,0.00
2016.08.09 06:43:22.899,13.32378,13.3264,0.00,0.00
2016.08.09 06:43:24.031,13.32378,13.32641,0.00,0.00
2016.08.09 06:43:24.305,13.32358,13.3264,0.00,0.00
2016.08.09 06:43:24.701,13.32378,13.3264,0.00,0.00
2016.08.09 06:43:27.137,13.32378,13.32641,0.00,0.00
2016.08.09 06:43:27.604,13.32359,13.3264,0.00,0.00
2016.08.09 06:43:27.936,13.32368,13.3264,0.00,0.00
2016.08.09 06:43:29.040,13.32368,13.32641,0.00,0.00
2016.08.09 06:43:33.224,13.32388,13.32691,0.00,0.00
2016.08.09 06:43:33.275,13.32428,13.3269,0.00,0.00
2016.08.09 06:43:33.326,13.32409,13.3269,0.00,0.00
2016.08.09 06:43:33.511,13.32388,13.3269,0.00,0.00
2016.08.09 06:43:33.717,13.32398,13.3269,0.00,0.00
2016.08.09 06:43:33.811,13.32389,13.3269,0.00,0.00
2016.08.09 06:43:34.047,13.32398,13.3269,0.00,0.00
2016.08.09 06:43:34.423,13.32378,13.32641,0.00,0.00
2016.08.09 06:43:34.473,13.32378,13.32661,0.00,0.00
2016.08.09 06:43:34.852,13.32388,13.32691,0.00,0.00
2016.08.09 06:43:35.213,13.32369,13.3264,0.00,0.00
2016.08.09 06:43:36.131,13.32368,13.3264,0.00,0.00
2016.08.09 06:43:37.116,13.32388,13.3264,0.00,0.00
2016.08.09 06:43:37.217,13.32368,13.3264,0.00,0.00
2016.08.09 06:43:38.618,13.32378,13.3264,0.00,0.00
2016.08.09 06:43:39.223,13.32378,13.32641,0.00,0.00
2016.08.09 06:43:42.315,13.32378,13.3264,0.00,0.00
2016.08.09 06:43:42.365,13.32329,13.32631,0.00,0.00
2016.08.09 06:43:42.423,13.32359,13.32641,0.00,0.00
2016.08.09 06:43:42.473,13.32359,13.32641,0.00,0.00
2016.08.09 06:43:42.625,13.32348,13.3264,0.00,0.00
2016.08.09 06:43:43.024,13.32339,13.32641,0.00,0.00
2016.08.09 06:43:44.572,13.32339,13.3264,0.00,0.00
2016.08.09 06:43:44.726,13.32348,13.3264,0.00,0.00
2016.08.09 06:43:45.780,13.32348,13.3264,0.00,0.00
2016.08.09 06:43:45.830,13.32338,13.3264,0.00,0.00
2016.08.09 06:43:45.931,13.32349,13.32641,0.00,0.00
2016.08.09 06:43:46.033,13.32339,13.3264,0.00,0.00
2016.08.09 06:43:46.127,13.32328,13.32632,0.00,0.00
2016.08.09 06:43:47.118,13.32348,13.32641,0.00,0.00
2016.08.09 06:43:52.246,13.32348,13.3264,0.00,0.00
2016.08.09 06:43:52.737,13.32338,13.3264,0.00,0.00
2016.08.09 06:43:53.490,13.32338,13.32641,0.00,0.00
2016.08.09 06:43:54.141,13.32319,13.32621,0.00,0.00
2016.08.09 06:43:56.242,13.32339,13.32641,0.00,0.00
2016.08.09 06:43:56.295,13.32339,13.3264,0.00,0.00
2016.08.09 06:43:56.345,13.32348,13.3264,0.00,0.00
2016.08.09 06:43:57.798,13.32348,13.32641,0.00,0.00
2016.08.09 06:43:57.849,13.32339,13.32641,0.00,0.00
2016.08.09 06:44:00.146,13.32328,13.32632,0.00,0.00
2016.08.09 06:44:01.148,13.32339,13.32641,0.00,0.00
2016.08.09 06:44:03.613,13.32339,13.3264,0.00,0.00
2016.08.09 06:44:07.419,13.32339,13.32641,0.00,0.00
2016.08.09 06:44:09.103,13.32318,13.32622,0.00,0.00
2016.08.09 06:44:10.360,13.32339,13.32641,0.00,0.00
2016.08.09 06:44:10.461,13.32339,13.3264,0.00,0.00
2016.08.09 06:44:11.226,13.32339,13.32641,0.00,0.00
2016.08.09 06:44:12.277,13.32328,13.32632,0.00,0.00
2016.08.09 06:44:15.115,13.32348,13.3264,0.00,0.00
2016.08.09 06:44:15.643,13.32348,13.32641,0.00,0.00
2016.08.09 06:44:18.748,13.32348,13.3264,0.00,0.00
2016.08.09 06:44:20.653,13.32348,13.32641,0.00,0.00
2016.08.09 06:44:20.876,13.32338,13.32641,0.00,0.00
2016.08.09 06:44:21.656,13.32338,13.3264,0.00,0.00
2016.08.09 06:44:21.706,13.32318,13.32622,0.00,0.00
2016.08.09 06:44:23.179,13.32329,13.32631,0.00,0.00
2016.08.09 06:44:23.585,13.32319,13.32621,0.00,0.00
2016.08.09 06:44:25.300,13.32328,13.32632,0.00,0.00
2016.08.09 06:44:25.883,13.32318,13.32622,0.00,0.00
2016.08.09 06:44:26.372,13.32329,13.32631,0.00,0.00
2016.08.09 06:44:26.885,13.32338,13.32641,0.00,0.00
2016.08.09 06:44:27.487,13.32328,13.32632,0.00,0.00
2016.08.09 06:44:30.540,13.32299,13.32601,0.00,0.00
2016.08.09 06:44:30.693,13.32318,13.32622,0.00,0.00
2016.08.09 06:44:34.099,13.32298,13.32602,0.00,0.00
2016.08.09 06:44:34.249,13.32328,13.32632,0.00,0.00
2016.08.09 06:44:36.107,13.3234,13.32632,0.00,0.00
2016.08.09 06:44:36.208,13.32348,13.32601,0.00,0.00
2016.08.09 06:44:36.309,13.32399,13.32691,0.00,0.00
2016.08.09 06:44:36.527,13.32388,13.32691,0.00,0.00
2016.08.09 06:44:36.702,13.32399,13.3269,0.00,0.00
2016.08.09 06:44:37.708,13.32378,13.32682,0.00,0.00
2016.08.09 06:44:37.813,13.32348,13.3264,0.00,0.00
2016.08.09 06:44:37.914,13.32328,13.32632,0.00,0.00
2016.08.09 06:44:38.104,13.32348,13.3264,0.00,0.00
2016.08.09 06:44:38.205,13.32338,13.3264,0.00,0.00
2016.08.09 06:44:38.304,13.32328,13.32632,0.00,0.00
2016.08.09 06:44:41.008,13.32329,13.32631,0.00,0.00
2016.08.09 06:44:41.209,13.32338,13.3264,0.00,0.00
2016.08.09 06:44:41.310,13.32318,13.32622,0.00,0.00
2016.08.09 06:44:45.115,13.32338,13.32641,0.00,0.00
2016.08.09 06:44:46.818,13.32328,13.32632,0.00,0.00
2016.08.09 06:44:47.540,13.32318,13.32622,0.00,0.00
2016.08.09 06:44:49.221,13.32299,13.32601,0.00,0.00
2016.08.09 06:44:49.522,13.32319,13.32621,0.00,0.00
2016.08.09 06:44:50.235,13.32299,13.32601,0.00,0.00
2016.08.09 06:44:51.061,13.32309,13.32611,0.00,0.00
2016.08.09 06:44:53.967,13.32309,13.32601,0.00,0.00
2016.08.09 06:44:54.029,13.32298,13.32582,0.00,0.00
2016.08.09 06:44:54.130,13.32298,13.32592,0.00,0.00
2016.08.09 06:44:54.231,13.32318,13.32622,0.00,0.00
2016.08.09 06:44:54.353,13.32318,13.32591,0.00,0.00
2016.08.09 06:44:54.455,13.32308,13.3257,0.00,0.00
2016.08.09 06:44:54.556,13.32258,13.32541,0.00,0.00
2016.08.09 06:44:54.657,13.32249,13.32552,0.00,0.00
2016.08.09 06:44:54.835,13.32279,13.32581,0.00,0.00
2016.08.09 06:44:54.937,13.32268,13.32572,0.00,0.00
2016.08.09 06:44:55.031,13.32279,13.32581,0.00,0.00
2016.08.09 06:44:55.283,13.32279,13.32541,0.00,0.00
2016.08.09 06:44:55.334,13.32269,13.32541,0.00,0.00
2016.08.09 06:44:55.384,13.32269,13.3256,0.00,0.00
2016.08.09 06:44:55.435,13.32249,13.32551,0.00,0.00
2016.08.09 06:44:55.637,13.32278,13.32561,0.00,0.00
2016.08.09 06:44:56.585,13.32278,13.32571,0.00,0.00
2016.08.09 06:44:56.635,13.32249,13.32551,0.00,0.00
2016.08.09 06:44:56.736,13.32249,13.32531,0.00,0.00
2016.08.09 06:44:56.837,13.32249,13.32552,0.00,0.00
2016.08.09 06:44:56.935,13.32279,13.3257,0.00,0.00
2016.08.09 06:44:57.136,13.32268,13.32571,0.00,0.00
2016.08.09 06:44:57.237,13.32279,13.32571,0.00,0.00
2016.08.09 06:44:57.338,13.32258,13.32562,0.00,0.00
2016.08.09 06:44:57.436,13.32279,13.3257,0.00,0.00
2016.08.09 06:44:58.071,13.32269,13.3257,0.00,0.00
2016.08.09 06:44:58.462,13.32269,13.32571,0.00,0.00
2016.08.09 06:45:00.366,13.32269,13.3257,0.00,0.00
2016.08.09 06:45:00.952,13.32278,13.3257,0.00,0.00
2016.08.09 06:45:01.819,13.32278,13.32541,0.00,0.00
2016.08.09 06:45:01.869,13.32259,13.32541,0.00,0.00
2016.08.09 06:45:01.920,13.32259,13.32561,0.00,0.00
2016.08.09 06:45:01.971,13.32328,13.32632,0.00,0.00
2016.08.09 06:45:02.146,13.32309,13.32611,0.00,0.00
2016.08.09 06:45:02.323,13.32338,13.32641,0.00,0.00
2016.08.09 06:45:02.476,13.32268,13.32572,0.00,0.00
2016.08.09 06:45:02.526,13.32268,13.32541,0.00,0.00
2016.08.09 06:45:02.577,13.32258,13.32541,0.00,0.00
2016.08.09 06:45:02.647,13.32239,13.32541,0.00,0.00
2016.08.09 06:45:02.748,13.32248,13.3254,0.00,0.00
2016.08.09 06:45:02.849,13.32228,13.32532,0.00,0.00
2016.08.09 06:45:03.472,13.32218,13.32522,0.00,0.00
2016.08.09 06:45:05.067,13.32238,13.32541,0.00,0.00
2016.08.09 06:45:06.167,13.32218,13.32522,0.00,0.00
2016.08.09 06:45:06.968,13.32229,13.32511,0.00,0.00
2016.08.09 06:45:07.162,13.32208,13.32511,0.00,0.00
2016.08.09 06:45:08.527,13.32208,13.32512,0.00,0.00
2016.08.09 06:45:08.578,13.32238,13.32541,0.00,0.00
2016.08.09 06:45:08.656,13.32229,13.32531,0.00,0.00
2016.08.09 06:45:10.163,13.32219,13.32521,0.00,0.00
2016.08.09 06:45:10.494,13.32228,13.32531,0.00,0.00
2016.08.09 06:45:13.026,13.32219,13.32521,0.00,0.00
2016.08.09 06:45:14.271,13.32228,13.32532,0.00,0.00
2016.08.09 06:45:17.014,13.32238,13.3254,0.00,0.00
2016.08.09 06:45:17.282,13.32229,13.32531,0.00,0.00
2016.08.09 06:45:17.396,13.32238,13.3254,0.00,0.00
2016.08.09 06:45:18.261,13.32238,13.32541,0.00,0.00
2016.08.09 06:45:19.084,13.32229,13.32531,0.00,0.00
2016.08.09 06:45:19.641,13.32239,13.32541,0.00,0.00
2016.08.09 06:45:19.779,13.32218,13.32522,0.00,0.00
2016.08.09 06:45:20.379,13.32228,13.32532,0.00,0.00
2016.08.09 06:45:22.922,13.32219,13.32521,0.00,0.00
2016.08.09 06:45:23.485,13.32229,13.32531,0.00,0.00
2016.08.09 06:45:23.785,13.32239,13.32541,0.00,0.00
2016.08.09 06:45:25.445,13.32239,13.3247,0.00,0.00
2016.08.09 06:45:25.496,13.32219,13.3247,0.00,0.00
2016.08.09 06:45:25.712,13.32219,13.32471,0.00,0.00
2016.08.09 06:45:25.813,13.32188,13.3247,0.00,0.00
2016.08.09 06:45:25.914,13.32168,13.3247,0.00,0.00
2016.08.09 06:45:25.989,13.32178,13.3247,0.00,0.00
2016.08.09 06:45:27.341,13.32178,13.32471,0.00,0.00
2016.08.09 06:45:27.735,13.32168,13.3247,0.00,0.00
2016.08.09 06:45:30.363,13.32168,13.3247,0.00,0.00
2016.08.09 06:45:30.414,13.32138,13.32442,0.00,0.00
2016.08.09 06:45:30.515,13.32188,13.32471,0.00,0.00
2016.08.09 06:45:30.704,13.32168,13.32471,0.00,0.00
2016.08.09 06:45:30.800,13.32179,13.32471,0.00,0.00
2016.08.09 06:45:30.901,13.32168,13.32472,0.00,0.00
2016.08.09 06:45:31.004,13.32238,13.3254,0.00,0.00
2016.08.09 06:45:31.405,13.32218,13.32522,0.00,0.00
2016.08.09 06:45:32.607,13.32238,13.3254,0.00,0.00
2016.08.09 06:45:33.510,13.32218,13.32522,0.00,0.00
2016.08.09 06:45:34.212,13.32229,13.32531,0.00,0.00
2016.08.09 06:45:34.434,13.32218,13.32522,0.00,0.00
2016.08.09 06:45:37.519,13.32229,13.32531,0.00,0.00
2016.08.09 06:45:38.702,13.32238,13.32541,0.00,0.00
2016.08.09 06:45:39.223,13.32218,13.32522,0.00,0.00
2016.08.09 06:45:39.423,13.32238,13.32541,0.00,0.00
2016.08.09 06:45:39.624,13.32218,13.32522,0.00,0.00
2016.08.09 06:45:40.426,13.32229,13.32531,0.00,0.00
2016.08.09 06:45:41.129,13.32218,13.32522,0.00,0.00
2016.08.09 06:45:41.630,13.32238,13.32541,0.00,0.00
2016.08.09 06:45:44.189,13.32238,13.3254,0.00,0.00
2016.08.09 06:45:44.240,13.32218,13.32522,0.00,0.00
2016.08.09 06:45:48.893,13.32208,13.32512,0.00,0.00
2016.08.09 06:45:49.345,13.32218,13.32441,0.00,0.00
2016.08.09 06:45:49.449,13.32138,13.3244,0.00,0.00
2016.08.09 06:45:49.651,13.32159,13.32441,0.00,0.00
2016.08.09 06:45:49.850,13.32129,13.32431,0.00,0.00
2016.08.09 06:45:54.680,13.32169,13.32441,0.00,0.00
2016.08.09 06:45:54.747,13.32229,13.32531,0.00,0.00
2016.08.09 06:45:54.951,13.32208,13.32512,0.00,0.00
2016.08.09 06:45:55.066,13.32199,13.32501,0.00,0.00
2016.08.09 06:45:55.117,13.32199,13.32501,0.00,0.00
2016.08.09 06:45:55.168,13.32188,13.32492,0.00,0.00
2016.08.09 06:45:55.320,13.32208,13.32491,0.00,0.00
2016.08.09 06:45:55.370,13.32198,13.32491,0.00,0.00
2016.08.09 06:45:55.471,13.32159,13.32461,0.00,0.00
2016.08.09 06:45:56.285,13.32188,13.32491,0.00,0.00
2016.08.09 06:45:56.386,13.32158,13.32462,0.00,0.00
2016.08.09 06:45:57.755,13.32149,13.32441,0.00,0.00
2016.08.09 06:45:57.865,13.32128,13.32432,0.00,0.00
2016.08.09 06:45:57.966,13.32138,13.32441,0.00,0.00
2016.08.09 06:45:58.242,13.32129,13.32431,0.00,0.00
2016.08.09 06:45:58.949,13.32148,13.32441,0.00,0.00
2016.08.09 06:45:59.151,13.32148,13.32451,0.00,0.00
2016.08.09 06:45:59.268,13.32139,13.32441,0.00,0.00
2016.08.09 06:45:59.369,13.32159,13.32451,0.00,0.00
2016.08.09 06:46:00.551,13.32138,13.32442,0.00,0.00
2016.08.09 06:46:00.972,13.32128,13.32432,0.00,0.00
2016.08.09 06:46:01.152,13.32149,13.32451,0.00,0.00
2016.08.09 06:46:01.357,13.32158,13.32451,0.00,0.00
2016.08.09 06:46:01.754,13.32129,13.32431,0.00,0.00
2016.08.09 06:46:03.775,13.32149,13.3245,0.00,0.00
2016.08.09 06:46:04.127,13.32149,13.32451,0.00,0.00
2016.08.09 06:46:04.178,13.32159,13.32451,0.00,0.00
2016.08.09 06:46:04.857,13.32159,13.3245,0.00,0.00
2016.08.09 06:46:05.517,13.32159,13.32451,0.00,0.00
2016.08.09 06:46:06.260,13.32149,13.32451,0.00,0.00
2016.08.09 06:46:06.331,13.32149,13.3245,0.00,0.00
2016.08.09 06:46:06.382,13.32139,13.32441,0.00,0.00
2016.08.09 06:46:06.962,13.32158,13.3245,0.00,0.00
2016.08.09 06:46:07.386,13.32149,13.3245,0.00,0.00
2016.08.09 06:46:07.935,13.32149,13.32451,0.00,0.00
2016.08.09 06:46:07.986,13.32158,13.32451,0.00,0.00
2016.08.09 06:46:08.764,13.32148,13.32451,0.00,0.00
2016.08.09 06:46:09.289,13.32148,13.3245,0.00,0.00
2016.08.09 06:46:11.041,13.32148,13.32451,0.00,0.00
2016.08.09 06:46:12.949,13.32148,13.3245,0.00,0.00
2016.08.09 06:46:14.651,13.32148,13.32451,0.00,0.00
2016.08.09 06:46:14.702,13.32138,13.32442,0.00,0.00
2016.08.09 06:46:15.373,13.32149,13.3245,0.00,0.00
2016.08.09 06:46:16.792,13.32149,13.32451,0.00,0.00
2016.08.09 06:46:18.200,13.32188,13.32492,0.00,0.00
2016.08.09 06:46:18.303,13.32219,13.32521,0.00,0.00
2016.08.09 06:46:18.408,13.32258,13.3255,0.00,0.00
2016.08.09 06:46:18.459,13.32258,13.32551,0.00,0.00
2016.08.09 06:46:18.510,13.32228,13.32532,0.00,0.00
2016.08.09 06:46:20.008,13.32239,13.32541,0.00,0.00
2016.08.09 06:46:20.169,13.32239,13.32501,0.00,0.00
2016.08.09 06:46:20.220,13.32219,13.32501,0.00,0.00
2016.08.09 06:46:20.271,13.32219,13.32501,0.00,0.00
2016.08.09 06:46:20.720,13.32208,13.325,0.00,0.00
2016.08.09 06:46:20.821,13.32188,13.32492,0.00,0.00
2016.08.09 06:46:21.182,13.32193,13.32501,0.00,0.00
2016.08.09 06:46:23.319,13.32178,13.32482,0.00,0.00
2016.08.09 06:46:23.698,13.32178,13.32451,0.00,0.00
2016.08.09 06:46:23.991,13.32168,13.32472,0.00,0.00
2016.08.09 06:46:24.112,13.32208,13.32501,0.00,0.00
2016.08.09 06:46:24.221,13.32178,13.32482,0.00,0.00
2016.08.09 06:46:24.480,13.32178,13.32451,0.00,0.00
2016.08.09 06:46:24.581,13.32178,13.3247,0.00,0.00
2016.08.09 06:46:24.631,13.32158,13.32462,0.00,0.00
2016.08.09 06:46:24.732,13.32168,13.32472,0.00,0.00
2016.08.09 06:46:24.888,13.32199,13.32501,0.00,0.00
2016.08.09 06:46:25.114,13.32199,13.32501,0.00,0.00
2016.08.09 06:46:25.215,13.32188,13.32492,0.00,0.00
2016.08.09 06:46:25.472,13.32198,13.325,0.00,0.00
2016.08.09 06:46:25.523,13.32178,13.32482,0.00,0.00
2016.08.09 06:46:25.825,13.32209,13.32511,0.00,0.00
2016.08.09 06:46:25.891,13.32238,13.32542,0.00,0.00
2016.08.09 06:46:38.635,13.32218,13.32522,0.00,0.00
2016.08.09 06:46:39.032,13.32248,13.32551,0.00,0.00
2016.08.09 06:46:39.208,13.32248,13.3255,0.00,0.00
2016.08.09 06:46:41.139,13.32228,13.32532,0.00,0.00
2016.08.09 06:46:41.340,13.32249,13.32551,0.00,0.00
2016.08.09 06:46:46.666,13.32249,13.3255,0.00,0.00
2016.08.09 06:46:49.208,13.32229,13.32531,0.00,0.00
2016.08.09 06:46:50.324,13.32249,13.32531,0.00,0.00
2016.08.09 06:46:50.375,13.32278,13.32582,0.00,0.00
2016.08.09 06:46:50.463,13.32349,13.32651,0.00,0.00
2016.08.09 06:46:50.525,13.32318,13.32622,0.00,0.00
2016.08.09 06:46:51.261,13.32358,13.32662,0.00,0.00
2016.08.09 06:46:51.958,13.32369,13.3267,0.00,0.00
2016.08.09 06:46:54.230,13.32348,13.32652,0.00,0.00
2016.08.09 06:46:55.163,13.32353,13.32662,0.00,0.00
2016.08.09 06:46:55.231,13.32348,13.32652,0.00,0.00
2016.08.09 06:46:56.074,13.32374,13.32671,0.00,0.00
2016.08.09 06:46:56.793,13.32374,13.3267,0.00,0.00
2016.08.09 06:46:57.035,13.32368,13.3267,0.00,0.00
2016.08.09 06:46:57.983,13.32368,13.32671,0.00,0.00
2016.08.09 06:47:00.275,13.32348,13.32571,0.00,0.00
2016.08.09 06:47:00.376,13.32328,13.32571,0.00,0.00
2016.08.09 06:47:00.477,13.32258,13.32562,0.00,0.00
2016.08.09 06:47:00.658,13.32288,13.3257,0.00,0.00
2016.08.09 06:47:00.776,13.32288,13.32561,0.00,0.00
2016.08.09 06:47:01.039,13.32258,13.32561,0.00,0.00
2016.08.09 06:47:01.706,13.32258,13.3256,0.00,0.00
2016.08.09 06:47:02.260,13.32258,13.32561,0.00,0.00
2016.08.09 06:47:03.663,13.32258,13.32551,0.00,0.00
2016.08.09 06:47:06.772,13.32258,13.32562,0.00,0.00
2016.08.09 06:47:06.873,13.32278,13.32571,0.00,0.00
2016.08.09 06:47:06.993,13.32259,13.32561,0.00,0.00
2016.08.09 06:47:07.055,13.32278,13.32571,0.00,0.00
2016.08.09 06:47:07.571,13.32278,13.3256,0.00,0.00
2016.08.09 06:47:07.696,13.32258,13.3256,0.00,0.00
2016.08.09 06:47:07.896,13.32278,13.32561,0.00,0.00
2016.08.09 06:47:08.072,13.32278,13.32571,0.00,0.00
2016.08.09 06:47:11.963,13.32259,13.32561,0.00,0.00
2016.08.09 06:47:16.198,13.32263,13.32571,0.00,0.00
2016.08.09 06:47:17.495,13.32263,13.3257,0.00,0.00
2016.08.09 06:47:18.561,13.32268,13.3257,0.00,0.00
2016.08.09 06:47:19.298,13.32268,13.32571,0.00,0.00
2016.08.09 06:47:21.317,13.32268,13.3257,0.00,0.00
2016.08.09 06:47:22.993,13.32279,13.3257,0.00,0.00
2016.08.09 06:47:23.185,13.32258,13.32562,0.00,0.00
2016.08.09 06:47:23.235,13.32258,13.32551,0.00,0.00
2016.08.09 06:47:23.286,13.32239,13.32541,0.00,0.00
2016.08.09 06:47:23.387,13.32248,13.32551,0.00,0.00
2016.08.09 06:47:24.105,13.32278,13.32551,0.00,0.00
2016.08.09 06:47:24.156,13.32278,13.32471,0.00,0.00
2016.08.09 06:47:24.207,13.32238,13.32471,0.00,0.00
2016.08.09 06:47:24.258,13.32238,13.32471,0.00,0.00
2016.08.09 06:47:24.309,13.32168,13.32471,0.00,0.00
2016.08.09 06:47:24.410,13.32178,13.32471,0.00,0.00
2016.08.09 06:47:24.487,13.32168,13.32471,0.00,0.00
2016.08.09 06:47:24.588,13.32199,13.32471,0.00,0.00
2016.08.09 06:47:24.689,13.32189,13.3247,0.00,0.00
2016.08.09 06:47:24.790,13.32168,13.32471,0.00,0.00
2016.08.09 06:47:25.293,13.32168,13.3247,0.00,0.00
2016.08.09 06:47:27.014,13.32178,13.3247,0.00,0.00
2016.08.09 06:47:28.016,13.32178,13.32471,0.00,0.00
2016.08.09 06:47:31.105,13.32189,13.32471,0.00,0.00
2016.08.09 06:47:33.821,13.32189,13.324,0.00,0.00
2016.08.09 06:47:33.872,13.32128,13.32432,0.00,0.00
2016.08.09 06:47:33.930,13.32139,13.32441,0.00,0.00
2016.08.09 06:47:34.000,13.32178,13.32441,0.00,0.00
2016.08.09 06:47:34.101,13.32168,13.32441,0.00,0.00
2016.08.09 06:47:34.612,13.32178,13.32441,0.00,0.00
2016.08.09 06:47:34.662,13.32178,13.3247,0.00,0.00
2016.08.09 06:47:35.174,13.32178,13.32471,0.00,0.00
2016.08.09 06:47:36.851,13.32159,13.32461,0.00,0.00
2016.08.09 06:47:39.519,13.32168,13.32471,0.00,0.00
2016.08.09 06:47:40.410,13.32158,13.32462,0.00,0.00
2016.08.09 06:47:41.212,13.32169,13.32471,0.00,0.00
2016.08.09 06:47:43.176,13.32169,13.32461,0.00,0.00
2016.08.09 06:47:43.328,13.32148,13.32451,0.00,0.00
2016.08.09 06:47:45.478,13.32148,13.32452,0.00,0.00
2016.08.09 06:47:45.529,13.32168,13.32461,0.00,0.00
2016.08.09 06:47:45.618,13.32149,13.32451,0.00,0.00
2016.08.09 06:47:48.064,13.32178,13.32471,0.00,0.00
2016.08.09 06:47:48.658,13.32179,13.32471,0.00,0.00
2016.08.09 06:47:52.689,13.32179,13.3246,0.00,0.00
2016.08.09 06:47:52.740,13.32148,13.32452,0.00,0.00
2016.08.09 06:47:54.229,13.32168,13.3246,0.00,0.00
2016.08.09 06:47:54.842,13.32168,13.32461,0.00,0.00
2016.08.09 06:47:54.893,13.32168,13.32451,0.00,0.00
2016.08.09 06:47:54.943,13.32148,13.32451,0.00,0.00
2016.08.09 06:47:57.196,13.32148,13.32452,0.00,0.00
2016.08.09 06:47:57.247,13.32168,13.3246,0.00,0.00
2016.08.09 06:47:58.390,13.32168,13.32461,0.00,0.00
2016.08.09 06:47:59.871,13.32178,13.32461,0.00,0.00
2016.08.09 06:47:59.921,13.32178,13.3247,0.00,0.00
2016.08.09 06:48:00.437,13.32169,13.3247,0.00,0.00
2016.08.09 06:48:02.200,13.32169,13.32471,0.00,0.00
2016.08.09 06:48:02.739,13.32148,13.32452,0.00,0.00
2016.08.09 06:48:02.840,13.32148,13.32451,0.00,0.00
2016.08.09 06:48:04.125,13.32148,13.3245,0.00,0.00
2016.08.09 06:48:04.786,13.32178,13.3246,0.00,0.00
2016.08.09 06:48:04.843,13.32169,13.3247,0.00,0.00
2016.08.09 06:48:05.394,13.32188,13.32471,0.00,0.00
2016.08.09 06:48:06.946,13.32168,13.32471,0.00,0.00
2016.08.09 06:48:07.468,13.32188,13.32471,0.00,0.00
2016.08.09 06:48:07.646,13.32168,13.32471,0.00,0.00
2016.08.09 06:48:07.847,13.32159,13.32461,0.00,0.00
2016.08.09 06:48:13.753,13.32168,13.32471,0.00,0.00
2016.08.09 06:48:15.139,13.32168,13.3246,0.00,0.00
2016.08.09 06:48:15.240,13.32168,13.32431,0.00,0.00
2016.08.09 06:48:15.913,13.32169,13.3243,0.00,0.00
2016.08.09 06:48:16.132,13.32169,13.3246,0.00,0.00
2016.08.09 06:48:16.293,13.32178,13.3246,0.00,0.00
2016.08.09 06:48:17.435,13.32178,13.32461,0.00,0.00
2016.08.09 06:48:19.144,13.32178,13.3247,0.00,0.00
2016.08.09 06:48:19.262,13.32158,13.32462,0.00,0.00
2016.08.09 06:48:19.363,13.32173,13.32471,0.00,0.00
2016.08.09 06:48:20.865,13.32169,13.32471,0.00,0.00
2016.08.09 06:48:23.149,13.32169,13.3247,0.00,0.00
2016.08.09 06:48:23.785,13.32173,13.3247,0.00,0.00
2016.08.09 06:48:23.872,13.32168,13.3247,0.00,0.00
2016.08.09 06:48:24.102,13.32178,13.3247,0.00,0.00
2016.08.09 06:48:24.311,13.32159,13.32461,0.00,0.00
2016.08.09 06:48:24.781,13.32158,13.3246,0.00,0.00
2016.08.09 06:48:25.385,13.32158,13.32461,0.00,0.00
2016.08.09 06:48:25.457,13.32158,13.32462,0.00,0.00
2016.08.09 06:48:25.857,13.32178,13.3247,0.00,0.00
2016.08.09 06:48:26.464,13.32178,13.32471,0.00,0.00
2016.08.09 06:48:27.230,13.32178,13.3247,0.00,0.00
2016.08.09 06:48:28.766,13.32178,13.32471,0.00,0.00
2016.08.09 06:48:30.671,13.32178,13.3247,0.00,0.00
2016.08.09 06:48:32.427,13.32159,13.32461,0.00,0.00
2016.08.09 06:48:32.999,13.32169,13.32471,0.00,0.00
2016.08.09 06:48:33.130,13.32188,13.32471,0.00,0.00
2016.08.09 06:48:33.335,13.32159,13.32461,0.00,0.00
2016.08.09 06:48:34.137,13.32159,13.3242,0.00,0.00
2016.08.09 06:48:34.238,13.32138,13.3244,0.00,0.00
2016.08.09 06:48:34.691,13.32158,13.3244,0.00,0.00
2016.08.09 06:48:36.193,13.32158,13.3245,0.00,0.00
2016.08.09 06:48:36.843,13.32158,13.32451,0.00,0.00
2016.08.09 06:48:36.894,13.32158,13.32461,0.00,0.00
2016.08.09 06:48:37.010,13.32178,13.32461,0.00,0.00
2016.08.09 06:48:37.194,13.32158,13.32462,0.00,0.00
2016.08.09 06:48:37.592,13.32178,13.3247,0.00,0.00
2016.08.09 06:48:38.292,13.32178,13.32471,0.00,0.00
2016.08.09 06:48:41.148,13.32169,13.32471,0.00,0.00
2016.08.09 06:48:42.102,13.32169,13.3247,0.00,0.00
2016.08.09 06:48:44.131,13.32138,13.32442,0.00,0.00
2016.08.09 06:48:44.205,13.32148,13.32451,0.00,0.00
2016.08.09 06:48:44.306,13.32138,13.32442,0.00,0.00
2016.08.09 06:48:44.649,13.32129,13.32431,0.00,0.00
2016.08.09 06:48:44.750,13.32108,13.324,0.00,0.00
2016.08.09 06:48:44.811,13.32108,13.32412,0.00,0.00
2016.08.09 06:48:45.957,13.32129,13.32431,0.00,0.00
2016.08.09 06:48:50.314,13.32148,13.3244,0.00,0.00
2016.08.09 06:48:50.414,13.32128,13.32432,0.00,0.00
2016.08.09 06:48:52.454,13.32148,13.3245,0.00,0.00
2016.08.09 06:48:52.517,13.32118,13.32422,0.00,0.00
2016.08.09 06:49:00.130,13.32148,13.3245,0.00,0.00
2016.08.09 06:49:00.181,13.32148,13.324,0.00,0.00
2016.08.09 06:49:00.231,13.32109,13.324,0.00,0.00
2016.08.09 06:49:00.282,13.32109,13.32381,0.00,0.00
2016.08.09 06:49:00.351,13.32109,13.32411,0.00,0.00
2016.08.09 06:49:00.529,13.32139,13.3244,0.00,0.00
2016.08.09 06:49:00.920,13.32108,13.32412,0.00,0.00
2016.08.09 06:49:00.971,13.32139,13.32441,0.00,0.00
2016.08.09 06:49:01.087,13.32139,13.32391,0.00,0.00
2016.08.09 06:49:01.137,13.32118,13.32391,0.00,0.00
2016.08.09 06:49:01.238,13.32129,13.32401,0.00,0.00
2016.08.09 06:49:01.289,13.32129,13.32431,0.00,0.00
2016.08.09 06:49:01.339,13.32148,13.3244,0.00,0.00
2016.08.09 06:49:01.441,13.32128,13.32432,0.00,0.00
2016.08.09 06:49:01.491,13.32128,13.324,0.00,0.00
2016.08.09 06:49:01.932,13.32148,13.324,0.00,0.00
2016.08.09 06:49:01.983,13.32148,13.32441,0.00,0.00
2016.08.09 06:49:02.957,13.32148,13.3245,0.00,0.00
2016.08.09 06:49:03.157,13.32148,13.3245,0.00,0.00
2016.08.09 06:49:03.258,13.32158,13.3245,0.00,0.00
2016.08.09 06:49:03.987,13.32158,13.32451,0.00,0.00
2016.08.09 06:49:05.063,13.32138,13.32442,0.00,0.00
2016.08.09 06:49:09.875,13.32159,13.32451,0.00,0.00
2016.08.09 06:49:10.255,13.32148,13.3245,0.00,0.00
2016.08.09 06:49:10.587,13.32158,13.3245,0.00,0.00
2016.08.09 06:49:11.048,13.32149,13.32451,0.00,0.00
2016.08.09 06:49:12.079,13.32149,13.32451,0.00,0.00
2016.08.09 06:49:12.180,13.32128,13.32432,0.00,0.00
2016.08.09 06:49:16.456,13.32144,13.32451,0.00,0.00
2016.08.09 06:49:16.702,13.32144,13.3243,0.00,0.00
2016.08.09 06:49:17.491,13.32144,13.32431,0.00,0.00
2016.08.09 06:49:18.192,13.32144,13.3243,0.00,0.00
2016.08.09 06:49:18.816,13.32144,13.3245,0.00,0.00
2016.08.09 06:49:18.867,13.32138,13.32442,0.00,0.00
2016.08.09 06:49:18.960,13.32143,13.3245,0.00,0.00
2016.08.09 06:49:19.267,13.32138,13.32442,0.00,0.00
2016.08.09 06:49:19.854,13.32153,13.32451,0.00,0.00
2016.08.09 06:49:20.362,13.32148,13.3245,0.00,0.00
2016.08.09 06:49:21.063,13.32128,13.32432,0.00,0.00
2016.08.09 06:49:21.764,13.32119,13.32421,0.00,0.00
2016.08.09 06:49:22.265,13.32133,13.32442,0.00,0.00
2016.08.09 06:49:22.365,13.32143,13.32451,0.00,0.00
2016.08.09 06:49:22.429,13.32148,13.32451,0.00,0.00
2016.08.09 06:49:23.667,13.32138,13.32442,0.00,0.00
2016.08.09 06:49:23.967,13.32118,13.32422,0.00,0.00
2016.08.09 06:49:24.069,13.32159,13.32451,0.00,0.00
2016.08.09 06:49:24.869,13.32148,13.32451,0.00,0.00
2016.08.09 06:49:25.070,13.32128,13.32432,0.00,0.00
2016.08.09 06:49:25.470,13.32138,13.32442,0.00,0.00
2016.08.09 06:49:27.072,13.32158,13.32451,0.00,0.00
2016.08.09 06:49:28.455,13.32138,13.32442,0.00,0.00
2016.08.09 06:49:28.505,13.32248,13.32551,0.00,0.00
2016.08.09 06:49:28.657,13.32208,13.3245,0.00,0.00
2016.08.09 06:49:28.707,13.32139,13.32441,0.00,0.00
2016.08.09 06:49:28.859,13.32139,13.32441,0.00,0.00
2016.08.09 06:49:28.910,13.32138,13.32441,0.00,0.00
2016.08.09 06:49:29.214,13.32158,13.32461,0.00,0.00
2016.08.09 06:49:29.377,13.32159,13.32461,0.00,0.00
2016.08.09 06:49:30.217,13.32159,13.32451,0.00,0.00
2016.08.09 06:49:30.319,13.32138,13.32442,0.00,0.00
2016.08.09 06:49:31.146,13.32138,13.32431,0.00,0.00
2016.08.09 06:49:31.519,13.32138,13.3242,0.00,0.00
2016.08.09 06:49:32.466,13.32138,13.32421,0.00,0.00
2016.08.09 06:49:33.194,13.32168,13.32471,0.00,0.00
2016.08.09 06:49:34.325,13.32168,13.3247,0.00,0.00
2016.08.09 06:49:35.126,13.32168,13.32471,0.00,0.00
2016.08.09 06:49:35.186,13.32148,13.32452,0.00,0.00
2016.08.09 06:49:35.287,13.32179,13.32471,0.00,0.00
2016.08.09 06:49:36.229,13.32179,13.3247,0.00,0.00
2016.08.09 06:49:37.294,13.32158,13.32462,0.00,0.00
2016.08.09 06:49:38.474,13.32178,13.32471,0.00,0.00
2016.08.09 06:49:39.953,13.32178,13.3247,0.00,0.00
2016.08.09 06:49:41.199,13.32158,13.32462,0.00,0.00
2016.08.09 06:49:42.525,13.32179,13.3247,0.00,0.00
2016.08.09 06:49:42.801,13.32168,13.3247,0.00,0.00
2016.08.09 06:49:43.750,13.32168,13.32471,0.00,0.00
2016.08.09 06:49:44.855,13.32168,13.3247,0.00,0.00
2016.08.09 06:49:44.905,13.32148,13.32452,0.00,0.00
2016.08.09 06:49:47.107,13.32163,13.32471,0.00,0.00
2016.08.09 06:49:47.628,13.32159,13.32461,0.00,0.00
2016.08.09 06:49:47.704,13.32148,13.32452,0.00,0.00
2016.08.09 06:49:49.911,13.32168,13.3246,0.00,0.00
2016.08.09 06:49:50.311,13.32159,13.3246,0.00,0.00
2016.08.09 06:49:52.013,13.32148,13.32452,0.00,0.00
2016.08.09 06:49:52.313,13.32158,13.3246,0.00,0.00
2016.08.09 06:49:52.410,13.32138,13.32442,0.00,0.00
2016.08.09 06:49:52.620,13.32158,13.3246,0.00,0.00
2016.08.09 06:49:52.914,13.32168,13.3246,0.00,0.00
2016.08.09 06:49:53.215,13.32168,13.3247,0.00,0.00
2016.08.09 06:49:55.227,13.32168,13.32471,0.00,0.00
2016.08.09 06:49:56.588,13.32168,13.3247,0.00,0.00
2016.08.09 06:49:56.639,13.32148,13.32452,0.00,0.00
2016.08.09 06:49:59.430,13.32153,13.32462,0.00,0.00
2016.08.09 06:49:59.636,13.32148,13.32452,0.00,0.00
2016.08.09 06:50:00.324,13.32163,13.3247,0.00,0.00
2016.08.09 06:50:00.734,13.32148,13.32452,0.00,0.00
2016.08.09 06:50:01.125,13.32153,13.32462,0.00,0.00
2016.08.09 06:50:01.899,13.32158,13.32462,0.00,0.00
2016.08.09 06:50:04.510,13.32178,13.3247,0.00,0.00
2016.08.09 06:50:04.659,13.32159,13.32461,0.00,0.00
2016.08.09 06:50:05.268,13.32149,13.32451,0.00,0.00
2016.08.09 06:50:06.120,13.32149,13.3242,0.00,0.00
2016.08.09 06:50:06.338,13.32128,13.3241,0.00,0.00
2016.08.09 06:50:06.948,13.32128,13.32411,0.00,0.00
2016.08.09 06:50:07.236,13.32138,13.32411,0.00,0.00
2016.08.09 06:50:07.337,13.32138,13.3243,0.00,0.00
2016.08.09 06:50:08.526,13.32138,13.32431,0.00,0.00
2016.08.09 06:50:09.829,13.32138,13.32442,0.00,0.00
2016.08.09 06:50:09.879,13.32158,13.32462,0.00,0.00
2016.08.09 06:50:09.980,13.32168,13.3247,0.00,0.00
2016.08.09 06:50:10.280,13.32148,13.32452,0.00,0.00
2016.08.09 06:50:12.443,13.32159,13.32461,0.00,0.00
2016.08.09 06:50:13.646,13.32148,13.32452,0.00,0.00
2016.08.09 06:50:13.976,13.32158,13.32462,0.00,0.00
2016.08.09 06:50:16.051,13.32168,13.32471,0.00,0.00
2016.08.09 06:50:17.252,13.32158,13.32462,0.00,0.00
2016.08.09 06:50:21.883,13.32168,13.32471,0.00,0.00
2016.08.09 06:50:22.490,13.32188,13.32492,0.00,0.00
2016.08.09 06:50:22.642,13.32199,13.32492,0.00,0.00
2016.08.09 06:50:22.692,13.32268,13.325,0.00,0.00
2016.08.09 06:50:22.793,13.32158,13.32462,0.00,0.00
2016.08.09 06:50:23.056,13.32158,13.32461,0.00,0.00
2016.08.09 06:50:23.388,13.32149,13.3243,0.00,0.00
2016.08.09 06:50:23.590,13.32168,13.32461,0.00,0.00
2016.08.09 06:50:23.662,13.32158,13.32461,0.00,0.00
2016.08.09 06:50:23.758,13.32158,13.32451,0.00,0.00
2016.08.09 06:50:24.163,13.32169,13.32451,0.00,0.00
2016.08.09 06:50:24.811,13.32159,13.32451,0.00,0.00
2016.08.09 06:50:24.861,13.32159,13.32441,0.00,0.00
2016.08.09 06:50:25.041,13.32148,13.32441,0.00,0.00
2016.08.09 06:50:26.263,13.32148,13.32452,0.00,0.00
2016.08.09 06:50:26.314,13.32179,13.32471,0.00,0.00
2016.08.09 06:50:27.666,13.32179,13.3247,0.00,0.00
2016.08.09 06:50:28.508,13.32179,13.32471,0.00,0.00
2016.08.09 06:50:32.475,13.32179,13.3247,0.00,0.00
2016.08.09 06:50:32.526,13.32158,13.32462,0.00,0.00
2016.08.09 06:50:33.178,13.32179,13.32471,0.00,0.00
2016.08.09 06:50:33.612,13.32159,13.32461,0.00,0.00
2016.08.09 06:50:34.279,13.32159,13.3246,0.00,0.00
2016.08.09 06:50:34.330,13.32179,13.3246,0.00,0.00
2016.08.09 06:50:34.380,13.32149,13.32451,0.00,0.00
2016.08.09 06:50:36.283,13.32168,13.3246,0.00,0.00
2016.08.09 06:50:37.985,13.32168,13.32461,0.00,0.00
2016.08.09 06:50:38.788,13.32148,13.32452,0.00,0.00
2016.08.09 06:50:39.395,13.32169,13.32461,0.00,0.00
2016.08.09 06:50:39.522,13.32149,13.32451,0.00,0.00
2016.08.09 06:50:39.812,13.32179,13.3247,0.00,0.00
2016.08.09 06:50:40.621,13.32159,13.32461,0.00,0.00
2016.08.09 06:50:41.139,13.32159,13.32451,0.00,0.00
2016.08.09 06:50:41.799,13.32159,13.3245,0.00,0.00
2016.08.09 06:50:43.957,13.32158,13.3246,0.00,0.00
2016.08.09 06:50:45.125,13.32178,13.3246,0.00,0.00
2016.08.09 06:50:45.501,13.32168,13.3246,0.00,0.00
2016.08.09 06:50:46.006,13.32149,13.32451,0.00,0.00
2016.08.09 06:50:47.103,13.32178,13.3246,0.00,0.00
2016.08.09 06:50:47.748,13.32178,13.32461,0.00,0.00
2016.08.09 06:50:48.131,13.32168,13.32461,0.00,0.00
2016.08.09 06:50:49.308,13.32168,13.3246,0.00,0.00
2016.08.09 06:50:49.751,13.32149,13.32451,0.00,0.00
2016.08.09 06:50:49.810,13.32178,13.32471,0.00,0.00
2016.08.09 06:50:50.197,13.32169,13.32471,0.00,0.00
2016.08.09 06:50:50.510,13.32179,13.32471,0.00,0.00
2016.08.09 06:50:51.213,13.32169,13.32471,0.00,0.00
2016.08.09 06:50:51.311,13.32189,13.32471,0.00,0.00
2016.08.09 06:50:51.731,13.32159,13.32461,0.00,0.00
2016.08.09 06:50:53.013,13.32168,13.32471,0.00,0.00
2016.08.09 06:50:53.901,13.32158,13.32462,0.00,0.00
2016.08.09 06:50:54.415,13.32168,13.32471,0.00,0.00
2016.08.09 06:50:55.717,13.32178,13.32471,0.00,0.00
2016.08.09 06:50:57.746,13.3222,13.32492,0.00,0.00
2016.08.09 06:50:57.848,13.32278,13.32571,0.00,0.00
2016.08.09 06:50:57.920,13.32248,13.32552,0.00,0.00
2016.08.09 06:50:57.971,13.32248,13.32551,0.00,0.00
2016.08.09 06:50:58.072,13.32248,13.32552,0.00,0.00
2016.08.09 06:50:58.223,13.32248,13.32551,0.00,0.00
2016.08.09 06:50:58.288,13.32248,13.32552,0.00,0.00
2016.08.09 06:50:58.339,13.32248,13.3255,0.00,0.00
2016.08.09 06:50:58.421,13.32218,13.32522,0.00,0.00
2016.08.09 06:50:58.522,13.32249,13.3255,0.00,0.00
2016.08.09 06:50:58.768,13.32249,13.32551,0.00,0.00
2016.08.09 06:50:58.838,13.32269,13.32551,0.00,0.00
2016.08.09 06:50:59.261,13.32249,13.32471,0.00,0.00
2016.08.09 06:50:59.362,13.32158,13.32462,0.00,0.00
2016.08.09 06:50:59.463,13.32209,13.3251,0.00,0.00
2016.08.09 06:50:59.812,13.32238,13.32511,0.00,0.00
2016.08.09 06:50:59.973,13.32248,13.32552,0.00,0.00
2016.08.09 06:51:00.275,13.32208,13.32471,0.00,0.00
2016.08.09 06:51:00.325,13.32159,13.32461,0.00,0.00
2016.08.09 06:51:00.633,13.32168,13.32471,0.00,0.00
2016.08.09 06:51:01.726,13.32189,13.32471,0.00,0.00
2016.08.09 06:51:01.777,13.32189,13.32471,0.00,0.00
2016.08.09 06:51:01.827,13.32158,13.32462,0.00,0.00
2016.08.09 06:51:02.276,13.32168,13.3247,0.00,0.00
2016.08.09 06:51:02.578,13.32188,13.3247,0.00,0.00
2016.08.09 06:51:02.828,13.32169,13.3247,0.00,0.00
2016.08.09 06:51:04.041,13.32169,13.32471,0.00,0.00
2016.08.09 06:51:04.130,13.32159,13.32461,0.00,0.00
2016.08.09 06:51:06.362,13.322,13.32452,0.00,0.00
2016.08.09 06:51:06.433,13.32218,13.3247,0.00,0.00
2016.08.09 06:51:06.747,13.322,13.3247,0.00,0.00
2016.08.09 06:51:07.850,13.32199,13.32471,0.00,0.00
2016.08.09 06:51:08.064,13.32208,13.32471,0.00,0.00
2016.08.09 06:51:08.165,13.32199,13.32471,0.00,0.00
2016.08.09 06:51:08.236,13.32219,13.32471,0.00,0.00
2016.08.09 06:51:08.797,13.32219,13.3247,0.00,0.00
2016.08.09 06:51:09.238,13.322,13.3247,0.00,0.00
2016.08.09 06:51:09.538,13.32208,13.3247,0.00,0.00
2016.08.09 06:51:10.339,13.322,13.3247,0.00,0.00
2016.08.09 06:51:10.758,13.32199,13.32431,0.00,0.00
2016.08.09 06:51:10.859,13.32089,13.32371,0.00,0.00
2016.08.09 06:51:10.910,13.32089,13.32371,0.00,0.00
2016.08.09 06:51:10.960,13.32109,13.3238,0.00,0.00
2016.08.09 06:51:11.061,13.32118,13.3237,0.00,0.00
2016.08.09 06:51:11.257,13.321,13.3237,0.00,0.00
2016.08.09 06:51:11.308,13.32099,13.32371,0.00,0.00
2016.08.09 06:51:11.461,13.32109,13.32371,0.00,0.00
2016.08.09 06:51:11.541,13.32119,13.32371,0.00,0.00
2016.08.09 06:51:11.641,13.32099,13.32371,0.00,0.00
2016.08.09 06:51:11.789,13.32119,13.32371,0.00,0.00
2016.08.09 06:51:12.042,13.32109,13.32371,0.00,0.00
2016.08.09 06:51:12.143,13.32099,13.32371,0.00,0.00
2016.08.09 06:51:12.786,13.321,13.3237,0.00,0.00
2016.08.09 06:51:13.393,13.32099,13.32371,0.00,0.00
2016.08.09 06:51:13.444,13.32109,13.32371,0.00,0.00
2016.08.09 06:51:14.917,13.32109,13.3237,0.00,0.00
2016.08.09 06:51:16.448,13.32109,13.32371,0.00,0.00
2016.08.09 06:51:16.548,13.32099,13.32371,0.00,0.00
2016.08.09 06:51:17.049,13.32108,13.3237,0.00,0.00
2016.08.09 06:51:17.550,13.32118,13.32371,0.00,0.00
2016.08.09 06:51:18.050,13.32108,13.32371,0.00,0.00
2016.08.09 06:51:21.502,13.32099,13.32371,0.00,0.00
2016.08.09 06:51:21.956,13.32109,13.32371,0.00,0.00
2016.08.09 06:51:23.158,13.321,13.3237,0.00,0.00
2016.08.09 06:51:24.342,13.32099,13.32371,0.00,0.00
2016.08.09 06:51:24.556,13.32089,13.3227,0.00,0.00
2016.08.09 06:51:24.607,13.32048,13.3227,0.00,0.00
2016.08.09 06:51:24.708,13.31988,13.32271,0.00,0.00
2016.08.09 06:51:24.860,13.32099,13.32341,0.00,0.00
2016.08.09 06:51:24.994,13.32108,13.32371,0.00,0.00
2016.08.09 06:51:25.342,13.32099,13.32371,0.00,0.00
2016.08.09 06:51:25.393,13.32108,13.32371,0.00,0.00
2016.08.09 06:51:25.560,13.32099,13.32371,0.00,0.00
2016.08.09 06:51:26.362,13.32099,13.32371,0.00,0.00
2016.08.09 06:51:26.562,13.32099,13.32371,0.00,0.00
2016.08.09 06:51:26.749,13.321,13.3237,0.00,0.00
2016.08.09 06:51:26.851,13.32099,13.32371,0.00,0.00
2016.08.09 06:51:27.865,13.32108,13.3237,0.00,0.00
2016.08.09 06:51:27.966,13.32199,13.32409,0.00,0.00
2016.08.09 06:51:28.067,13.322,13.3247,0.00,0.00
2016.08.09 06:51:28.168,13.32179,13.32471,0.00,0.00
2016.08.09 06:51:28.218,13.32179,13.32459,0.00,0.00
2016.08.09 06:51:28.269,13.3215,13.32451,0.00,0.00
2016.08.09 06:51:28.365,13.32158,13.32459,0.00,0.00
2016.08.09 06:51:28.469,13.32169,13.32459,0.00,0.00
2016.08.09 06:51:30.288,13.32159,13.32459,0.00,0.00
2016.08.09 06:51:31.072,13.3215,13.32451,0.00,0.00
2016.08.09 06:51:31.771,13.32169,13.32459,0.00,0.00
2016.08.09 06:51:31.872,13.32169,13.3247,0.00,0.00
2016.08.09 06:51:31.922,13.32208,13.3247,0.00,0.00
2016.08.09 06:51:31.973,13.32208,13.32459,0.00,0.00
2016.08.09 06:51:32.024,13.32178,13.32459,0.00,0.00
2016.08.09 06:51:32.175,13.32168,13.32459,0.00,0.00
2016.08.09 06:51:32.316,13.32159,13.32459,0.00,0.00
2016.08.09 06:51:32.776,13.3215,13.32442,0.00,0.00
2016.08.09 06:51:33.277,13.32158,13.32459,0.00,0.00
2016.08.09 06:51:33.822,13.32149,13.32442,0.00,0.00
2016.08.09 06:51:34.379,13.32158,13.32459,0.00,0.00
2016.08.09 06:51:35.800,13.32099,13.32391,0.00,0.00
2016.08.09 06:51:35.901,13.32099,13.32381,0.00,0.00
2016.08.09 06:51:35.978,13.321,13.3238,0.00,0.00
2016.08.09 06:51:36.084,13.32108,13.3238,0.00,0.00
2016.08.09 06:51:36.431,13.32099,13.32381,0.00,0.00
2016.08.09 06:51:36.985,13.32108,13.32381,0.00,0.00
2016.08.09 06:51:38.737,13.321,13.3238,0.00,0.00
2016.08.09 06:51:38.939,13.32099,13.32342,0.00,0.00
2016.08.09 06:51:38.990,13.32099,13.32381,0.00,0.00
2016.08.09 06:51:39.225,13.32099,13.32342,0.00,0.00
2016.08.09 06:51:39.290,13.32099,13.32381,0.00,0.00
2016.08.09 06:51:39.592,13.32099,13.32381,0.00,0.00
2016.08.09 06:51:39.692,13.321,13.3238,0.00,0.00
2016.08.09 06:51:39.794,13.32089,13.32281,0.00,0.00
2016.08.09 06:51:39.895,13.32,13.3228,0.00,0.00
2016.08.09 06:51:39.993,13.32018,13.3228,0.00,0.00
2016.08.09 06:51:40.094,13.32,13.3228,0.00,0.00
2016.08.09 06:51:40.380,13.32018,13.32281,0.00,0.00
2016.08.09 06:51:40.595,13.32009,13.32281,0.00,0.00
2016.08.09 06:51:41.152,13.32009,13.3228,0.00,0.00
2016.08.09 06:51:41.707,13.32009,13.32281,0.00,0.00
2016.08.09 06:51:41.935,13.31998,13.32281,0.00,0.00
2016.08.09 06:51:42.037,13.32018,13.32281,0.00,0.00
2016.08.09 06:51:42.098,13.32009,13.32281,0.00,0.00
2016.08.09 06:51:43.506,13.32009,13.3228,0.00,0.00
2016.08.09 06:51:44.836,13.3209,13.32332,0.00,0.00
2016.08.09 06:51:44.902,13.3209,13.3235,0.00,0.00
2016.08.09 06:51:44.953,13.3209,13.32372,0.00,0.00
2016.08.09 06:51:45.003,13.32109,13.3238,0.00,0.00
2016.08.09 06:51:45.205,13.3209,13.3238,0.00,0.00
2016.08.09 06:51:45.303,13.32109,13.3238,0.00,0.00
2016.08.09 06:51:45.697,13.32039,13.32281,0.00,0.00
2016.08.09 06:51:45.748,13.31989,13.32271,0.00,0.00
2016.08.09 06:51:45.804,13.31989,13.32271,0.00,0.00
2016.08.09 06:51:45.855,13.3199,13.3227,0.00,0.00
2016.08.09 06:51:46.205,13.31998,13.3227,0.00,0.00
2016.08.09 06:51:47.516,13.31998,13.32271,0.00,0.00
2016.08.09 06:51:48.711,13.32018,13.32271,0.00,0.00
2016.08.09 06:51:48.786,13.32018,13.32281,0.00,0.00
2016.08.09 06:51:49.203,13.31989,13.32281,0.00,0.00
2016.08.09 06:51:49.811,13.3199,13.3228,0.00,0.00
2016.08.09 06:51:49.923,13.31998,13.3228,0.00,0.00
2016.08.09 06:51:50.546,13.32008,13.3228,0.00,0.00
2016.08.09 06:51:50.925,13.31999,13.3228,0.00,0.00
2016.08.09 06:51:51.225,13.3199,13.3228,0.00,0.00
2016.08.09 06:51:52.030,13.31989,13.32281,0.00,0.00
2016.08.09 06:51:52.227,13.31998,13.32281,0.00,0.00
2016.08.09 06:51:55.136,13.31998,13.3228,0.00,0.00
2016.08.09 06:51:57.235,13.32008,13.3228,0.00,0.00
2016.08.09 06:51:58.215,13.31998,13.3228,0.00,0.00
2016.08.09 06:51:58.947,13.31998,13.32281,0.00,0.00
2016.08.09 06:51:59.636,13.31989,13.32281,0.00,0.00
2016.08.09 06:52:00.320,13.31989,13.32219,0.00,0.00
2016.08.09 06:52:00.371,13.31928,13.32181,0.00,0.00
2016.08.09 06:52:00.437,13.31899,13.32181,0.00,0.00
2016.08.09 06:52:00.682,13.31918,13.3218,0.00,0.00
2016.08.09 06:52:00.838,13.31908,13.32181,0.00,0.00
2016.08.09 06:52:01.042,13.31889,13.32181,0.00,0.00
2016.08.09 06:52:01.143,13.31918,13.32181,0.00,0.00
2016.08.09 06:52:01.345,13.31899,13.32181,0.00,0.00
2016.08.09 06:52:01.539,13.31908,13.32181,0.00,0.00
2016.08.09 06:52:02.257,13.31908,13.3218,0.00,0.00
2016.08.09 06:52:03.542,13.31919,13.3218,0.00,0.00
2016.08.09 06:52:04.160,13.31919,13.32181,0.00,0.00
2016.08.09 06:52:04.343,13.31908,13.32181,0.00,0.00
2016.08.09 06:52:04.794,13.31939,13.32212,0.00,0.00
2016.08.09 06:52:04.844,13.31939,13.32241,0.00,0.00
2016.08.09 06:52:04.895,13.31989,13.32242,0.00,0.00
2016.08.09 06:52:04.946,13.32008,13.32271,0.00,0.00
2016.08.09 06:52:04.996,13.32008,13.32261,0.00,0.00
2016.08.09 06:52:05.047,13.31989,13.32251,0.00,0.00
2016.08.09 06:52:05.145,13.32008,13.32261,0.00,0.00
2016.08.09 06:52:05.245,13.31998,13.32261,0.00,0.00
2016.08.09 06:52:05.295,13.31998,13.32271,0.00,0.00
2016.08.09 06:52:05.346,13.32009,13.32271,0.00,0.00
2016.08.09 06:52:05.783,13.31999,13.32271,0.00,0.00
2016.08.09 06:52:06.725,13.31999,13.32169,0.00,0.00
2016.08.09 06:52:06.776,13.31981,13.32081,0.00,0.00
2016.08.09 06:52:06.877,13.3184,13.32121,0.00,0.00
2016.08.09 06:52:06.948,13.3184,13.3214,0.00,0.00
2016.08.09 06:52:07.055,13.31858,13.3214,0.00,0.00
2016.08.09 06:52:07.156,13.31868,13.32141,0.00,0.00
2016.08.09 06:52:07.257,13.31858,13.3214,0.00,0.00
2016.08.09 06:52:07.308,13.31889,13.32159,0.00,0.00
2016.08.09 06:52:07.358,13.31909,13.32159,0.00,0.00
2016.08.09 06:52:07.580,13.31879,13.32161,0.00,0.00
2016.08.09 06:52:07.650,13.31868,13.32161,0.00,0.00
2016.08.09 06:52:07.751,13.31879,13.32161,0.00,0.00
2016.08.09 06:52:08.794,13.31838,13.32101,0.00,0.00
2016.08.09 06:52:08.851,13.31818,13.32101,0.00,0.00
2016.08.09 06:52:08.967,13.31828,13.32101,0.00,0.00
2016.08.09 06:52:09.018,13.31828,13.32131,0.00,0.00
2016.08.09 06:52:09.152,13.31839,13.32131,0.00,0.00
2016.08.09 06:52:09.643,13.31848,13.32131,0.00,0.00
2016.08.09 06:52:09.868,13.31798,13.32102,0.00,0.00
2016.08.09 06:52:09.919,13.31798,13.32081,0.00,0.00
2016.08.09 06:52:09.970,13.31768,13.32072,0.00,0.00
2016.08.09 06:52:10.154,13.31779,13.32081,0.00,0.00
2016.08.09 06:52:10.391,13.31768,13.32072,0.00,0.00
2016.08.09 06:52:11.280,13.31768,13.3205,0.00,0.00
2016.08.09 06:52:11.604,13.31788,13.32081,0.00,0.00
2016.08.09 06:52:11.706,13.31769,13.32071,0.00,0.00
2016.08.09 06:52:11.856,13.31788,13.32081,0.00,0.00
2016.08.09 06:52:11.957,13.31768,13.32072,0.00,0.00
2016.08.09 06:52:12.156,13.31788,13.3208,0.00,0.00
2016.08.09 06:52:12.580,13.31799,13.32081,0.00,0.00
2016.08.09 06:52:12.800,13.31778,13.32081,0.00,0.00
2016.08.09 06:52:12.858,13.31768,13.32072,0.00,0.00
2016.08.09 06:52:13.959,13.31798,13.3208,0.00,0.00
2016.08.09 06:52:14.259,13.31778,13.32081,0.00,0.00
2016.08.09 06:52:14.361,13.31769,13.32071,0.00,0.00
2016.08.09 06:52:14.815,13.31779,13.3207,0.00,0.00
2016.08.09 06:52:14.917,13.31768,13.32061,0.00,0.00
2016.08.09 06:52:14.967,13.31748,13.32052,0.00,0.00
2016.08.09 06:52:15.019,13.31748,13.3201,0.00,0.00
2016.08.09 06:52:15.070,13.3172,13.3201,0.00,0.00
2016.08.09 06:52:15.120,13.31719,13.32022,0.00,0.00
2016.08.09 06:52:15.171,13.31758,13.32051,0.00,0.00
2016.08.09 06:52:15.501,13.31779,13.32061,0.00,0.00
2016.08.09 06:52:15.729,13.31789,13.32081,0.00,0.00
2016.08.09 06:52:16.379,13.31789,13.3208,0.00,0.00
2016.08.09 06:52:16.692,13.31789,13.3207,0.00,0.00
2016.08.09 06:52:17.045,13.31769,13.3205,0.00,0.00
2016.08.09 06:52:17.193,13.31769,13.3206,0.00,0.00
2016.08.09 06:52:17.704,13.31769,13.32061,0.00,0.00
2016.08.09 06:52:19.297,13.31769,13.3206,0.00,0.00
2016.08.09 06:52:20.506,13.31769,13.32041,0.00,0.00
2016.08.09 06:52:20.607,13.31759,13.32041,0.00,0.00
2016.08.09 06:52:20.708,13.31738,13.32042,0.00,0.00
2016.08.09 06:52:20.810,13.31758,13.3205,0.00,0.00
2016.08.09 06:52:20.872,13.31778,13.3205,0.00,0.00
2016.08.09 06:52:21.175,13.31728,13.32032,0.00,0.00
2016.08.09 06:52:21.461,13.31749,13.32051,0.00,0.00
2016.08.09 06:52:21.511,13.31749,13.32051,0.00,0.00
2016.08.09 06:52:21.613,13.31758,13.32061,0.00,0.00
2016.08.09 06:52:22.010,13.31788,13.32071,0.00,0.00
2016.08.09 06:52:22.077,13.31778,13.32071,0.00,0.00
2016.08.09 06:52:22.428,13.31759,13.32061,0.00,0.00
2016.08.09 06:52:22.479,13.31798,13.32081,0.00,0.00
2016.08.09 06:52:22.883,13.31769,13.32071,0.00,0.00
2016.08.09 06:52:23.080,13.31778,13.3208,0.00,0.00
2016.08.09 06:52:23.130,13.31778,13.32081,0.00,0.00
2016.08.09 06:52:23.181,13.31799,13.32081,0.00,0.00
2016.08.09 06:52:23.578,13.31788,13.3208,0.00,0.00
2016.08.09 06:52:23.628,13.31778,13.3207,0.00,0.00
2016.08.09 06:52:23.909,13.31769,13.32071,0.00,0.00
2016.08.09 06:52:24.020,13.31788,13.32081,0.00,0.00
2016.08.09 06:52:24.109,13.31788,13.32081,0.00,0.00
2016.08.09 06:52:24.682,13.31768,13.32072,0.00,0.00
2016.08.09 06:52:25.012,13.31788,13.32081,0.00,0.00
2016.08.09 06:52:25.344,13.31788,13.32081,0.00,0.00
2016.08.09 06:52:25.432,13.31778,13.32081,0.00,0.00
2016.08.09 06:52:25.702,13.31738,13.32042,0.00,0.00
2016.08.09 06:52:25.917,13.31748,13.32052,0.00,0.00
2016.08.09 06:52:25.985,13.31758,13.32061,0.00,0.00
2016.08.09 06:52:26.035,13.31758,13.32062,0.00,0.00
2016.08.09 06:52:26.086,13.31768,13.32071,0.00,0.00
2016.08.09 06:52:26.285,13.31769,13.32071,0.00,0.00
2016.08.09 06:52:26.336,13.31769,13.32071,0.00,0.00
2016.08.09 06:52:26.387,13.31789,13.32081,0.00,0.00
2016.08.09 06:52:27.288,13.31769,13.32071,0.00,0.00
2016.08.09 06:52:28.790,13.31748,13.32052,0.00,0.00
2016.08.09 06:52:28.891,13.31778,13.32081,0.00,0.00
2016.08.09 06:52:29.391,13.31749,13.32051,0.00,0.00
2016.08.09 06:52:29.793,13.31768,13.32072,0.00,0.00
2016.08.09 06:52:29.894,13.31748,13.32052,0.00,0.00
2016.08.09 06:52:30.296,13.31758,13.32062,0.00,0.00
2016.08.09 06:52:30.644,13.31768,13.32072,0.00,0.00
2016.08.09 06:52:31.645,13.31768,13.3205,0.00,0.00
2016.08.09 06:52:31.695,13.31739,13.32041,0.00,0.00
2016.08.09 06:52:32.096,13.31768,13.32051,0.00,0.00
2016.08.09 06:52:32.146,13.31768,13.32071,0.00,0.00
2016.08.09 06:52:32.197,13.31749,13.32051,0.00,0.00
2016.08.09 06:52:34.084,13.31749,13.32001,0.00,0.00
2016.08.09 06:52:34.135,13.31769,13.32001,0.00,0.00
2016.08.09 06:52:34.199,13.31719,13.32001,0.00,0.00
2016.08.09 06:52:34.309,13.31748,13.32001,0.00,0.00
2016.08.09 06:52:34.359,13.31748,13.31981,0.00,0.00
2016.08.09 06:52:34.410,13.31668,13.31972,0.00,0.00
2016.08.09 06:52:34.837,13.31649,13.31951,0.00,0.00
2016.08.09 06:52:35.378,13.31679,13.31981,0.00,0.00
2016.08.09 06:52:35.440,13.31679,13.3198,0.00,0.00
2016.08.09 06:52:35.702,13.31658,13.31962,0.00,0.00
2016.08.09 06:52:36.034,13.31648,13.31952,0.00,0.00
2016.08.09 06:52:36.397,13.31658,13.31962,0.00,0.00
2016.08.09 06:52:36.804,13.31648,13.31952,0.00,0.00
2016.08.09 06:52:37.386,13.31669,13.31971,0.00,0.00
2016.08.09 06:52:39.952,13.31678,13.3198,0.00,0.00
2016.08.09 06:52:40.198,13.31649,13.31951,0.00,0.00
2016.08.09 06:52:41.111,13.31669,13.31971,0.00,0.00
2016.08.09 06:52:41.851,13.31648,13.31952,0.00,0.00
2016.08.09 06:52:41.952,13.31658,13.31962,0.00,0.00
2016.08.09 06:52:43.352,13.31668,13.31972,0.00,0.00
2016.08.09 06:52:43.690,13.31658,13.31962,0.00,0.00
2016.08.09 06:52:44.131,13.31649,13.31951,0.00,0.00
2016.08.09 06:52:44.855,13.31668,13.31972,0.00,0.00
2016.08.09 06:52:46.058,13.31648,13.31952,0.00,0.00
2016.08.09 06:52:46.408,13.31669,13.31971,0.00,0.00
2016.08.09 06:52:46.459,13.31678,13.31981,0.00,0.00
2016.08.09 06:52:47.084,13.31678,13.3198,0.00,0.00
2016.08.09 06:52:47.922,13.31668,13.31972,0.00,0.00
2016.08.09 06:52:48.222,13.31658,13.31962,0.00,0.00
2016.08.09 06:52:48.551,13.31678,13.3198,0.00,0.00
2016.08.09 06:52:48.864,13.31668,13.31972,0.00,0.00
2016.08.09 06:52:48.965,13.31768,13.3206,0.00,0.00
2016.08.09 06:52:49.016,13.31768,13.32072,0.00,0.00
2016.08.09 06:52:49.324,13.31758,13.32062,0.00,0.00
2016.08.09 06:52:49.756,13.31738,13.32042,0.00,0.00
2016.08.09 06:52:50.106,13.31759,13.32061,0.00,0.00
2016.08.09 06:52:50.668,13.31738,13.32042,0.00,0.00
2016.08.09 06:52:50.959,13.31758,13.32062,0.00,0.00
2016.08.09 06:52:51.268,13.31738,13.32042,0.00,0.00
2016.08.09 06:52:52.019,13.31738,13.32029,0.00,0.00
2016.08.09 06:52:52.070,13.31719,13.32021,0.00,0.00
2016.08.09 06:52:52.121,13.31719,13.3198,0.00,0.00
2016.08.09 06:52:52.171,13.31659,13.31961,0.00,0.00
2016.08.09 06:52:52.579,13.31679,13.31981,0.00,0.00
2016.08.09 06:52:52.731,13.3167,13.31952,0.00,0.00
2016.08.09 06:52:52.836,13.31679,13.3198,0.00,0.00
2016.08.09 06:52:52.886,13.31679,13.31981,0.00,0.00
2016.08.09 06:52:52.937,13.31718,13.31981,0.00,0.00
2016.08.09 06:52:52.987,13.31718,13.3198,0.00,0.00
2016.08.09 06:52:53.038,13.31688,13.3198,0.00,0.00
2016.08.09 06:52:53.089,13.31688,13.3198,0.00,0.00
2016.08.09 06:52:53.139,13.31658,13.31962,0.00,0.00
2016.08.09 06:52:53.190,13.31658,13.31921,0.00,0.00
2016.08.09 06:52:53.291,13.31638,13.31881,0.00,0.00
2016.08.09 06:52:53.342,13.31619,13.31881,0.00,0.00
2016.08.09 06:52:53.393,13.31598,13.31902,0.00,0.00
2016.08.09 06:52:53.443,13.31638,13.31911,0.00,0.00
2016.08.09 06:52:53.494,13.31638,13.31942,0.00,0.00
2016.08.09 06:52:53.633,13.31618,13.31922,0.00,0.00
2016.08.09 06:52:53.908,13.31669,13.31961,0.00,0.00
2016.08.09 06:52:54.022,13.31669,13.31971,0.00,0.00
2016.08.09 06:52:54.109,13.31649,13.31951,0.00,0.00
2016.08.09 06:52:54.472,13.31659,13.31961,0.00,0.00
2016.08.09 06:52:54.523,13.31659,13.31882,0.00,0.00
2016.08.09 06:52:54.574,13.3162,13.31821,0.00,0.00
2016.08.09 06:52:54.624,13.31519,13.318,0.00,0.00
2016.08.09 06:52:54.675,13.31508,13.318,0.00,0.00
2016.08.09 06:52:54.725,13.31508,13.31812,0.00,0.00
2016.08.09 06:52:54.776,13.31519,13.31821,0.00,0.00
2016.08.09 06:52:54.827,13.31519,13.318,0.00,0.00
2016.08.09 06:52:54.877,13.31508,13.318,0.00,0.00
2016.08.09 06:52:55.035,13.31528,13.318,0.00,0.00
2016.08.09 06:52:55.090,13.31528,13.31832,0.00,0.00
2016.08.09 06:52:55.141,13.31548,13.31851,0.00,0.00
2016.08.09 06:52:55.416,13.31548,13.31852,0.00,0.00
2016.08.09 06:52:55.568,13.31579,13.3188,0.00,0.00
2016.08.09 06:52:55.892,13.31579,13.31881,0.00,0.00
2016.08.09 06:52:55.942,13.31569,13.31871,0.00,0.00
2016.08.09 06:52:56.036,13.31578,13.31881,0.00,0.00
2016.08.09 06:52:57.286,13.31619,13.31891,0.00,0.00
2016.08.09 06:52:57.337,13.31619,13.31921,0.00,0.00
2016.08.09 06:52:57.387,13.31668,13.31961,0.00,0.00
2016.08.09 06:52:57.438,13.31668,13.31972,0.00,0.00
2016.08.09 06:52:57.646,13.31678,13.31981,0.00,0.00
2016.08.09 06:52:58.039,13.31658,13.31962,0.00,0.00
2016.08.09 06:52:58.348,13.31669,13.31971,0.00,0.00
2016.08.09 06:52:58.892,13.31659,13.31961,0.00,0.00
2016.08.09 06:52:59.777,13.31648,13.31952,0.00,0.00
2016.08.09 06:53:00.593,13.31659,13.31961,0.00,0.00
2016.08.09 06:53:00.644,13.31678,13.31981,0.00,0.00
2016.08.09 06:53:01.154,13.31659,13.31961,0.00,0.00
2016.08.09 06:53:01.255,13.31648,13.31952,0.00,0.00
2016.08.09 06:53:06.893,13.31668,13.31972,0.00,0.00
2016.08.09 06:53:07.895,13.31689,13.31981,0.00,0.00
2016.08.09 06:53:08.094,13.31658,13.31962,0.00,0.00
2016.08.09 06:53:08.156,13.31699,13.31981,0.00,0.00
2016.08.09 06:53:08.257,13.31738,13.32042,0.00,0.00
2016.08.09 06:53:08.576,13.31728,13.32032,0.00,0.00
2016.08.09 06:53:09.176,13.31739,13.32041,0.00,0.00
2016.08.09 06:53:09.858,13.31718,13.32022,0.00,0.00
2016.08.09 06:53:10.606,13.31728,13.32032,0.00,0.00
2016.08.09 06:53:12.664,13.31738,13.32042,0.00,0.00
2016.08.09 06:53:13.002,13.31769,13.32071,0.00,0.00
2016.08.09 06:53:13.265,13.31738,13.32042,0.00,0.00
2016.08.09 06:53:13.366,13.31709,13.32011,0.00,0.00
2016.08.09 06:53:13.925,13.31708,13.32012,0.00,0.00
2016.08.09 06:53:14.367,13.31728,13.32032,0.00,0.00
2016.08.09 06:53:16.207,13.31738,13.32042,0.00,0.00
2016.08.09 06:53:16.565,13.31769,13.32071,0.00,0.00
2016.08.09 06:53:17.613,13.31749,13.32051,0.00,0.00
2016.08.09 06:53:17.914,13.31778,13.32081,0.00,0.00
2016.08.09 06:53:18.015,13.31749,13.32051,0.00,0.00
2016.08.09 06:53:18.402,13.31758,13.32062,0.00,0.00
2016.08.09 06:53:18.474,13.31768,13.32072,0.00,0.00
2016.08.09 06:53:18.875,13.31758,13.32062,0.00,0.00
2016.08.09 06:53:19.218,13.31769,13.32071,0.00,0.00
2016.08.09 06:53:20.259,13.31769,13.32071,0.00,0.00
2016.08.09 06:53:20.309,13.31779,13.32081,0.00,0.00
2016.08.09 06:53:20.361,13.31779,13.3208,0.00,0.00
2016.08.09 06:53:20.462,13.31779,13.32081,0.00,0.00
2016.08.09 06:53:20.513,13.31768,13.32072,0.00,0.00
2016.08.09 06:53:20.981,13.31749,13.32051,0.00,0.00
2016.08.09 06:53:21.178,13.31758,13.32062,0.00,0.00
2016.08.09 06:53:21.692,13.31769,13.32071,0.00,0.00
2016.08.09 06:53:22.385,13.31758,13.32062,0.00,0.00
2016.08.09 06:53:23.029,13.31749,13.32051,0.00,0.00
2016.08.09 06:53:24.291,13.31763,13.3207,0.00,0.00
2016.08.09 06:53:24.392,13.31773,13.32081,0.00,0.00
2016.08.09 06:53:24.568,13.31818,13.321,0.00,0.00
2016.08.09 06:53:24.669,13.31818,13.32122,0.00,0.00
2016.08.09 06:53:24.783,13.31813,13.32122,0.00,0.00
2016.08.09 06:53:24.884,13.31834,13.32141,0.00,0.00
2016.08.09 06:53:25.185,13.31748,13.32052,0.00,0.00
2016.08.09 06:53:25.520,13.31733,13.32042,0.00,0.00
2016.08.09 06:53:25.725,13.31753,13.32062,0.00,0.00
2016.08.09 06:53:26.685,13.31719,13.32002,0.00,0.00
2016.08.09 06:53:26.787,13.31679,13.3198,0.00,0.00
2016.08.09 06:53:26.888,13.31648,13.31952,0.00,0.00
2016.08.09 06:53:27.390,13.31668,13.31972,0.00,0.00
2016.08.09 06:53:28.401,13.31658,13.31962,0.00,0.00
2016.08.09 06:53:28.789,13.31663,13.31972,0.00,0.00
2016.08.09 06:53:30.006,13.31684,13.31991,0.00,0.00
2016.08.09 06:53:30.107,13.31714,13.3199,0.00,0.00
2016.08.09 06:53:30.282,13.31733,13.32042,0.00,0.00
2016.08.09 06:53:30.333,13.31729,13.32031,0.00,0.00
2016.08.09 06:53:30.591,13.31723,13.32032,0.00,0.00
2016.08.09 06:53:31.212,13.31718,13.32022,0.00,0.00
2016.08.09 06:53:32.091,13.31719,13.32022,0.00,0.00
2016.08.09 06:53:32.142,13.31728,13.32032,0.00,0.00
2016.08.09 06:53:32.243,13.31768,13.32072,0.00,0.00
2016.08.09 06:53:32.616,13.31759,13.32061,0.00,0.00
2016.08.09 06:53:32.716,13.31748,13.32052,0.00,0.00
2016.08.09 06:53:35.800,13.31759,13.32061,0.00,0.00
2016.08.09 06:53:38.904,13.31768,13.32072,0.00,0.00
2016.08.09 06:53:39.322,13.31759,13.32061,0.00,0.00
2016.08.09 06:53:39.504,13.31768,13.32072,0.00,0.00
2016.08.09 06:53:41.207,13.31758,13.32062,0.00,0.00
2016.08.09 06:53:41.620,13.31748,13.32052,0.00,0.00
2016.08.09 06:53:43.344,13.31758,13.32062,0.00,0.00
2016.08.09 06:53:43.692,13.31768,13.32072,0.00,0.00
2016.08.09 06:53:44.395,13.31758,13.32062,0.00,0.00
2016.08.09 06:53:44.814,13.31749,13.32051,0.00,0.00
2016.08.09 06:53:45.016,13.31718,13.32022,0.00,0.00
2016.08.09 06:53:45.326,13.31739,13.32041,0.00,0.00
2016.08.09 06:53:45.778,13.31719,13.32021,0.00,0.00
2016.08.09 06:53:46.248,13.31728,13.32032,0.00,0.00
2016.08.09 06:53:46.314,13.31718,13.32022,0.00,0.00
2016.08.09 06:53:46.818,13.31738,13.32042,0.00,0.00
2016.08.09 06:53:47.802,13.31738,13.32009,0.00,0.00
2016.08.09 06:53:47.852,13.31678,13.31981,0.00,0.00
2016.08.09 06:53:47.918,13.31649,13.31951,0.00,0.00
2016.08.09 06:53:48.286,13.31678,13.31981,0.00,0.00
2016.08.09 06:53:48.384,13.31648,13.31952,0.00,0.00
2016.08.09 06:53:49.353,13.3162,13.3188,0.00,0.00
2016.08.09 06:53:49.835,13.31619,13.31862,0.00,0.00
2016.08.09 06:53:49.886,13.31558,13.31862,0.00,0.00
2016.08.09 06:53:50.123,13.31564,13.31871,0.00,0.00
2016.08.09 06:53:50.225,13.31573,13.31881,0.00,0.00
2016.08.09 06:53:50.275,13.31573,13.31882,0.00,0.00
2016.08.09 06:53:50.326,13.31593,13.31891,0.00,0.00
2016.08.09 06:53:50.377,13.31593,13.31881,0.00,0.00
2016.08.09 06:53:50.479,13.31588,13.31881,0.00,0.00
2016.08.09 06:53:50.581,13.31588,13.31892,0.00,0.00
2016.08.09 06:53:50.733,13.31613,13.31922,0.00,0.00
2016.08.09 06:53:51.044,13.31633,13.31942,0.00,0.00
2016.08.09 06:53:51.358,13.31608,13.31912,0.00,0.00
2016.08.09 06:53:51.426,13.31633,13.31942,0.00,0.00
2016.08.09 06:53:52.227,13.31629,13.31931,0.00,0.00
2016.08.09 06:53:52.530,13.31569,13.31862,0.00,0.00
2016.08.09 06:53:52.581,13.31558,13.31862,0.00,0.00
2016.08.09 06:53:52.939,13.31574,13.31881,0.00,0.00
2016.08.09 06:53:53.045,13.31574,13.3188,0.00,0.00
2016.08.09 06:53:54.111,13.31568,13.31872,0.00,0.00
2016.08.09 06:53:54.348,13.31558,13.31862,0.00,0.00
2016.08.09 06:53:54.841,13.31568,13.31872,0.00,0.00
2016.08.09 06:53:55.681,13.31548,13.31852,0.00,0.00
2016.08.09 06:53:56.333,13.31569,13.31871,0.00,0.00
2016.08.09 06:53:56.434,13.31548,13.31852,0.00,0.00
2016.08.09 06:53:57.636,13.31569,13.31871,0.00,0.00
2016.08.09 06:53:58.536,13.31548,13.31852,0.00,0.00
2016.08.09 06:53:58.869,13.31568,13.31872,0.00,0.00
2016.08.09 06:54:00.271,13.31549,13.31851,0.00,0.00
2016.08.09 06:54:01.275,13.31559,13.31861,0.00,0.00
2016.08.09 06:54:01.341,13.31578,13.31881,0.00,0.00
2016.08.09 06:54:01.874,13.31549,13.31851,0.00,0.00
2016.08.09 06:54:02.576,13.31569,13.31871,0.00,0.00
2016.08.09 06:54:02.844,13.31538,13.31842,0.00,0.00
2016.08.09 06:54:02.949,13.31548,13.31852,0.00,0.00
2016.08.09 06:54:03.557,13.31538,13.31842,0.00,0.00
2016.08.09 06:54:04.950,13.31529,13.31831,0.00,0.00
2016.08.09 06:54:05.651,13.31538,13.31842,0.00,0.00
2016.08.09 06:54:05.752,13.31528,13.31832,0.00,0.00
2016.08.09 06:54:06.653,13.31549,13.31851,0.00,0.00
2016.08.09 06:54:06.953,13.31528,13.31832,0.00,0.00
2016.08.09 06:54:07.955,13.31539,13.31841,0.00,0.00
2016.08.09 06:54:08.056,13.31528,13.31832,0.00,0.00
2016.08.09 06:54:10.280,13.31548,13.31852,0.00,0.00
2016.08.09 06:54:13.564,13.31529,13.31831,0.00,0.00
2016.08.09 06:54:17.169,13.31548,13.31852,0.00,0.00
2016.08.09 06:54:19.073,13.31529,13.31831,0.00,0.00
2016.08.09 06:54:20.474,13.31519,13.31821,0.00,0.00
2016.08.09 06:54:20.575,13.31519,13.31811,0.00,0.00
2016.08.09 06:54:20.676,13.31529,13.31831,0.00,0.00
2016.08.09 06:54:20.727,13.31529,13.31781,0.00,0.00
2016.08.09 06:54:20.777,13.31419,13.31722,0.00,0.00
2016.08.09 06:54:20.828,13.31419,13.31722,0.00,0.00
2016.08.09 06:54:21.221,13.31438,13.31742,0.00,0.00
2016.08.09 06:54:21.276,13.31428,13.31732,0.00,0.00
2016.08.09 06:54:21.376,13.31419,13.31721,0.00,0.00
2016.08.09 06:54:22.210,13.31428,13.31732,0.00,0.00
2016.08.09 06:54:23.626,13.3142,13.31722,0.00,0.00
2016.08.09 06:54:24.191,13.31439,13.31741,0.00,0.00
2016.08.09 06:54:25.021,13.31429,13.31731,0.00,0.00
2016.08.09 06:54:26.733,13.31429,13.31731,0.00,0.00
2016.08.09 06:54:26.835,13.3152,13.31712,0.00,0.00
2016.08.09 06:54:26.886,13.3152,13.31731,0.00,0.00
2016.08.09 06:54:26.987,13.3152,13.31812,0.00,0.00
2016.08.09 06:54:27.088,13.31519,13.31821,0.00,0.00
2016.08.09 06:54:27.213,13.3152,13.31821,0.00,0.00
2016.08.09 06:54:27.434,13.3152,13.31791,0.00,0.00
2016.08.09 06:54:27.536,13.3152,13.31821,0.00,0.00
2016.08.09 06:54:28.537,13.31519,13.31821,0.00,0.00
2016.08.09 06:54:29.388,13.31569,13.31871,0.00,0.00
2016.08.09 06:54:29.466,13.31569,13.31871,0.00,0.00
2016.08.09 06:54:29.516,13.31578,13.31882,0.00,0.00
2016.08.09 06:54:29.588,13.31569,13.31872,0.00,0.00
2016.08.09 06:54:30.289,13.31578,13.31882,0.00,0.00
2016.08.09 06:54:30.757,13.3162,13.31862,0.00,0.00
2016.08.09 06:54:30.808,13.3162,13.31912,0.00,0.00
2016.08.09 06:54:31.403,13.31619,13.31912,0.00,0.00
2016.08.09 06:54:32.324,13.3162,13.31912,0.00,0.00
2016.08.09 06:54:33.054,13.31619,13.31912,0.00,0.00
2016.08.09 06:54:33.293,13.31619,13.31892,0.00,0.00
2016.08.09 06:54:33.594,13.3162,13.31902,0.00,0.00
2016.08.09 06:54:33.894,13.3162,13.31911,0.00,0.00
2016.08.09 06:54:33.996,13.3162,13.31902,0.00,0.00
2016.08.09 06:54:37.004,13.3162,13.31891,0.00,0.00
2016.08.09 06:54:37.343,13.3162,13.31912,0.00,0.00
2016.08.09 06:54:38.333,13.3162,13.31902,0.00,0.00
2016.08.09 06:54:39.037,13.31619,13.31902,0.00,0.00
2016.08.09 06:54:40.203,13.31619,13.31872,0.00,0.00
2016.08.09 06:54:40.254,13.31568,13.31872,0.00,0.00
2016.08.09 06:54:40.305,13.31559,13.31852,0.00,0.00
2016.08.09 06:54:41.156,13.31569,13.31871,0.00,0.00
2016.08.09 06:54:41.909,13.3156,13.31851,0.00,0.00
2016.08.09 06:54:42.010,13.31559,13.31841,0.00,0.00
2016.08.09 06:54:42.111,13.31559,13.31852,0.00,0.00
2016.08.09 06:54:42.609,13.3156,13.31861,0.00,0.00
2016.08.09 06:54:44.749,13.31559,13.31861,0.00,0.00
2016.08.09 06:54:47.617,13.31579,13.31881,0.00,0.00
2016.08.09 06:54:48.118,13.31568,13.31872,0.00,0.00
2016.08.09 06:54:50.122,13.31559,13.31852,0.00,0.00
2016.08.09 06:54:50.472,13.31568,13.31872,0.00,0.00
2016.08.09 06:54:50.736,13.31559,13.31851,0.00,0.00
2016.08.09 06:54:51.423,13.3156,13.31851,0.00,0.00
2016.08.09 06:54:51.524,13.31568,13.31872,0.00,0.00
2016.08.09 06:54:56.882,13.31559,13.31861,0.00,0.00
2016.08.09 06:54:56.932,13.31549,13.31832,0.00,0.00
2016.08.09 06:54:57.182,13.31559,13.31861,0.00,0.00
2016.08.09 06:54:57.233,13.31568,13.31872,0.00,0.00
2016.08.09 06:54:59.035,13.3156,13.31862,0.00,0.00
2016.08.09 06:54:59.136,13.31578,13.31882,0.00,0.00
2016.08.09 06:54:59.422,13.31559,13.31862,0.00,0.00
2016.08.09 06:54:59.485,13.31578,13.31882,0.00,0.00
2016.08.09 06:54:59.537,13.31559,13.31852,0.00,0.00
2016.08.09 06:55:00.086,13.31559,13.31861,0.00,0.00
2016.08.09 06:55:00.138,13.31559,13.31851,0.00,0.00
2016.08.09 06:55:00.315,13.31559,13.31861,0.00,0.00
2016.08.09 06:55:02.343,13.31569,13.31871,0.00,0.00
2016.08.09 06:55:02.444,13.3155,13.31852,0.00,0.00
2016.08.09 06:55:03.723,13.31549,13.31852,0.00,0.00
2016.08.09 06:55:04.019,13.31548,13.31852,0.00,0.00
2016.08.09 06:55:04.229,13.3147,13.31771,0.00,0.00
2016.08.09 06:55:04.280,13.3147,13.31762,0.00,0.00
2016.08.09 06:55:04.360,13.31478,13.31782,0.00,0.00
2016.08.09 06:55:04.759,13.31459,13.31762,0.00,0.00
2016.08.09 06:55:04.860,13.31489,13.31791,0.00,0.00
2016.08.09 06:55:05.048,13.31469,13.31762,0.00,0.00
2016.08.09 06:55:06.111,13.31459,13.31762,0.00,0.00
2016.08.09 06:55:06.730,13.31459,13.31752,0.00,0.00
2016.08.09 06:55:07.993,13.3146,13.31752,0.00,0.00
2016.08.09 06:55:08.469,13.31468,13.31772,0.00,0.00
2016.08.09 06:55:08.871,13.31459,13.31762,0.00,0.00
2016.08.09 06:55:09.090,13.31468,13.31772,0.00,0.00
2016.08.09 06:55:09.292,13.31459,13.31761,0.00,0.00
2016.08.09 06:55:09.551,13.31469,13.31771,0.00,0.00
2016.08.09 06:55:10.225,13.31469,13.31771,0.00,0.00
2016.08.09 06:55:10.275,13.31479,13.31781,0.00,0.00
2016.08.09 06:55:11.862,13.31549,13.31781,0.00,0.00
2016.08.09 06:55:11.913,13.31549,13.31822,0.00,0.00
2016.08.09 06:55:11.963,13.31549,13.31822,0.00,0.00
2016.08.09 06:55:12.014,13.31549,13.31852,0.00,0.00
2016.08.09 06:55:12.115,13.31568,13.31872,0.00,0.00
2016.08.09 06:55:12.216,13.31558,13.31862,0.00,0.00
2016.08.09 06:55:12.658,13.31568,13.31872,0.00,0.00
2016.08.09 06:55:13.183,13.31558,13.31862,0.00,0.00
2016.08.09 06:55:13.284,13.31549,13.31841,0.00,0.00
2016.08.09 06:55:13.647,13.3155,13.31832,0.00,0.00
2016.08.09 06:55:15.073,13.31549,13.31851,0.00,0.00
2016.08.09 06:55:15.174,13.31579,13.31881,0.00,0.00
2016.08.09 06:55:15.523,13.31568,13.31872,0.00,0.00
2016.08.09 06:55:15.574,13.31559,13.31861,0.00,0.00
2016.08.09 06:55:16.090,13.31568,13.31872,0.00,0.00
2016.08.09 06:55:16.664,13.31589,13.31891,0.00,0.00
2016.08.09 06:55:16.791,13.3156,13.31862,0.00,0.00
2016.08.09 06:55:16.892,13.31589,13.31891,0.00,0.00
2016.08.09 06:55:17.075,13.31578,13.31882,0.00,0.00
2016.08.09 06:55:17.990,13.31559,13.31862,0.00,0.00
2016.08.09 06:55:18.394,13.31588,13.31892,0.00,0.00
2016.08.09 06:55:18.595,13.31568,13.31872,0.00,0.00
2016.08.09 06:55:19.396,13.31589,13.31891,0.00,0.00
2016.08.09 06:55:19.798,13.31569,13.31872,0.00,0.00
2016.08.09 06:55:19.980,13.31568,13.31872,0.00,0.00
2016.08.09 06:55:20.181,13.3156,13.31861,0.00,0.00
2016.08.09 06:55:20.949,13.31559,13.31861,0.00,0.00
2016.08.09 06:55:21.082,13.31568,13.31872,0.00,0.00
2016.08.09 06:55:22.366,13.31588,13.31892,0.00,0.00
2016.08.09 06:55:22.504,13.31559,13.31861,0.00,0.00
2016.08.09 06:55:22.554,13.3156,13.31861,0.00,0.00
2016.08.09 06:55:22.605,13.31588,13.31892,0.00,0.00
2016.08.09 06:55:22.905,13.3156,13.31861,0.00,0.00
2016.08.09 06:55:24.056,13.31559,13.31861,0.00,0.00
2016.08.09 06:55:24.107,13.31578,13.31882,0.00,0.00
2016.08.09 06:55:24.720,13.3156,13.31862,0.00,0.00
2016.08.09 06:55:25.115,13.31588,13.31892,0.00,0.00
2016.08.09 06:55:25.940,13.31568,13.31872,0.00,0.00
2016.08.09 06:55:26.907,13.31629,13.31862,0.00,0.00
2016.08.09 06:55:26.996,13.31629,13.31902,0.00,0.00
2016.08.09 06:55:27.580,13.3163,13.31902,0.00,0.00
2016.08.09 06:55:28.168,13.31598,13.31902,0.00,0.00
2016.08.09 06:55:28.219,13.31559,13.31862,0.00,0.00
2016.08.09 06:55:28.971,13.3156,13.31862,0.00,0.00
2016.08.09 06:55:29.423,13.31589,13.31891,0.00,0.00
2016.08.09 06:55:30.101,13.31568,13.31872,0.00,0.00
2016.08.09 06:55:30.627,13.31588,13.31892,0.00,0.00
2016.08.09 06:55:30.728,13.31559,13.31852,0.00,0.00
2016.08.09 06:55:30.947,13.31568,13.31872,0.00,0.00
2016.08.09 06:55:32.253,13.3156,13.31851,0.00,0.00
2016.08.09 06:55:32.649,13.31569,13.31871,0.00,0.00
2016.08.09 06:55:33.332,13.31579,13.31881,0.00,0.00
2016.08.09 06:55:34.107,13.31568,13.31872,0.00,0.00
2016.08.09 06:55:35.906,13.31569,13.31872,0.00,0.00
2016.08.09 06:55:35.956,13.31569,13.31852,0.00,0.00
2016.08.09 06:55:36.057,13.31599,13.31901,0.00,0.00
2016.08.09 06:55:36.158,13.31589,13.31891,0.00,0.00
2016.08.09 06:55:36.569,13.31598,13.31902,0.00,0.00
2016.08.09 06:55:36.739,13.31559,13.31862,0.00,0.00
2016.08.09 06:55:37.040,13.31579,13.31881,0.00,0.00
2016.08.09 06:55:37.941,13.31588,13.31892,0.00,0.00
2016.08.09 06:55:38.514,13.31579,13.31881,0.00,0.00
2016.08.09 06:55:42.364,13.31559,13.31861,0.00,0.00
2016.08.09 06:55:42.645,13.3156,13.31861,0.00,0.00
2016.08.09 06:55:43.217,13.31584,13.3184,0.00,0.00
2016.08.09 06:55:43.268,13.31508,13.31812,0.00,0.00
2016.08.09 06:55:43.369,13.3148,13.31772,0.00,0.00
2016.08.09 06:55:43.471,13.3148,13.31782,0.00,0.00
2016.08.09 06:55:43.521,13.31478,13.31782,0.00,0.00
2016.08.09 06:55:43.635,13.31483,13.31792,0.00,0.00
2016.08.09 06:55:43.746,13.31478,13.31782,0.00,0.00
2016.08.09 06:55:44.142,13.31483,13.31792,0.00,0.00
2016.08.09 06:55:44.222,13.31478,13.31782,0.00,0.00
2016.08.09 06:55:44.575,13.31468,13.31772,0.00,0.00
2016.08.09 06:55:44.959,13.31484,13.31791,0.00,0.00
2016.08.09 06:55:45.159,13.31504,13.31811,0.00,0.00
2016.08.09 06:55:45.824,13.31479,13.31781,0.00,0.00
2016.08.09 06:55:46.525,13.31498,13.31802,0.00,0.00
2016.08.09 06:55:47.826,13.31509,13.31811,0.00,0.00
2016.08.09 06:55:48.373,13.31498,13.31802,0.00,0.00
2016.08.09 06:55:51.570,13.31479,13.31781,0.00,0.00
2016.08.09 06:55:51.920,13.31469,13.31771,0.00,0.00
2016.08.09 06:55:52.386,13.31489,13.31791,0.00,0.00
2016.08.09 06:55:53.357,13.31559,13.31802,0.00,0.00
2016.08.09 06:55:53.458,13.31559,13.31841,0.00,0.00
2016.08.09 06:55:53.524,13.31538,13.31841,0.00,0.00
2016.08.09 06:55:53.574,13.31528,13.31832,0.00,0.00
2016.08.09 06:55:53.675,13.3149,13.31792,0.00,0.00
2016.08.09 06:55:53.845,13.31508,13.31812,0.00,0.00
2016.08.09 06:55:55.549,13.31488,13.31792,0.00,0.00
2016.08.09 06:55:55.850,13.31469,13.31771,0.00,0.00
2016.08.09 06:55:58.041,13.31478,13.31782,0.00,0.00
2016.08.09 06:55:58.378,13.31469,13.31771,0.00,0.00
2016.08.09 06:55:58.848,13.31499,13.31801,0.00,0.00
2016.08.09 06:55:59.090,13.31468,13.31772,0.00,0.00
2016.08.09 06:55:59.590,13.31498,13.31802,0.00,0.00
2016.08.09 06:56:00.280,13.31479,13.31771,0.00,0.00
2016.08.09 06:56:00.394,13.31509,13.31811,0.00,0.00
2016.08.09 06:56:00.573,13.31498,13.31802,0.00,0.00
2016.08.09 06:56:00.846,13.31479,13.31781,0.00,0.00
2016.08.09 06:56:01.194,13.31498,13.31802,0.00,0.00
2016.08.09 06:56:01.385,13.31479,13.31781,0.00,0.00
2016.08.09 06:56:03.551,13.31468,13.31772,0.00,0.00
2016.08.09 06:56:04.499,13.31479,13.31781,0.00,0.00
2016.08.09 06:56:06.558,13.31498,13.31802,0.00,0.00
2016.08.09 06:56:06.887,13.31478,13.31782,0.00,0.00
2016.08.09 06:56:07.663,13.31498,13.31802,0.00,0.00
2016.08.09 06:56:08.906,13.31479,13.31781,0.00,0.00
2016.08.09 06:56:08.958,13.31488,13.31792,0.00,0.00
2016.08.09 06:56:11.608,13.31469,13.31771,0.00,0.00
2016.08.09 06:56:11.709,13.31459,13.31762,0.00,0.00
2016.08.09 06:56:11.762,13.31468,13.31772,0.00,0.00
2016.08.09 06:56:13.064,13.31489,13.31791,0.00,0.00
2016.08.09 06:56:13.165,13.31468,13.31772,0.00,0.00
2016.08.09 06:56:13.215,13.31529,13.31772,0.00,0.00
2016.08.09 06:56:13.317,13.31518,13.31822,0.00,0.00
2016.08.09 06:56:13.367,13.31509,13.31811,0.00,0.00
2016.08.09 06:56:14.114,13.31468,13.31772,0.00,0.00
2016.08.09 06:56:14.715,13.31479,13.31781,0.00,0.00
2016.08.09 06:56:15.143,13.31469,13.31771,0.00,0.00
2016.08.09 06:56:15.668,13.31468,13.31772,0.00,0.00
2016.08.09 06:56:16.116,13.31479,13.31781,0.00,0.00
2016.08.09 06:56:16.720,13.3154,13.31781,0.00,0.00
2016.08.09 06:56:16.770,13.3154,13.31811,0.00,0.00
2016.08.09 06:56:16.821,13.3154,13.31811,0.00,0.00
2016.08.09 06:56:16.922,13.31559,13.31811,0.00,0.00
2016.08.09 06:56:16.973,13.31588,13.31891,0.00,0.00
2016.08.09 06:56:17.024,13.31588,13.31892,0.00,0.00
2016.08.09 06:56:17.074,13.31569,13.31871,0.00,0.00
2016.08.09 06:56:17.175,13.31578,13.31882,0.00,0.00
2016.08.09 06:56:17.277,13.31599,13.31901,0.00,0.00
2016.08.09 06:56:17.471,13.31608,13.31912,0.00,0.00
2016.08.09 06:56:17.572,13.31599,13.31901,0.00,0.00
2016.08.09 06:56:18.422,13.31589,13.31891,0.00,0.00
2016.08.09 06:56:18.873,13.31598,13.31902,0.00,0.00
2016.08.09 06:56:19.574,13.31569,13.31871,0.00,0.00
2016.08.09 06:56:19.625,13.3157,13.31871,0.00,0.00
2016.08.09 06:56:19.675,13.31598,13.31902,0.00,0.00
2016.08.09 06:56:20.075,13.31579,13.31881,0.00,0.00
2016.08.09 06:56:20.376,13.31588,13.31892,0.00,0.00
2016.08.09 06:56:20.576,13.31579,13.31881,0.00,0.00
2016.08.09 06:56:21.154,13.31569,13.31871,0.00,0.00
2016.08.09 06:56:21.206,13.31578,13.31882,0.00,0.00
2016.08.09 06:56:22.580,13.31588,13.31892,0.00,0.00
2016.08.09 06:56:23.015,13.31579,13.31881,0.00,0.00
2016.08.09 06:56:23.280,13.31568,13.31872,0.00,0.00
2016.08.09 06:56:23.381,13.31579,13.31881,0.00,0.00
2016.08.09 06:56:23.481,13.31598,13.31902,0.00,0.00
2016.08.09 06:56:24.082,13.31578,13.31882,0.00,0.00
2016.08.09 06:56:24.386,13.31569,13.31871,0.00,0.00
2016.08.09 06:56:24.687,13.31579,13.31881,0.00,0.00
2016.08.09 06:56:25.928,13.31598,13.31902,0.00,0.00
2016.08.09 06:56:26.786,13.31589,13.31891,0.00,0.00
2016.08.09 06:56:29.093,13.31598,13.31902,0.00,0.00
2016.08.09 06:56:29.494,13.3156,13.3194,0.00,0.00
2016.08.09 06:56:29.643,13.31589,13.31891,0.00,0.00
2016.08.09 06:56:30.122,13.31599,13.31901,0.00,0.00
2016.08.09 06:56:30.172,13.31588,13.31892,0.00,0.00
2016.08.09 06:56:32.814,13.31598,13.31902,0.00,0.00
2016.08.09 06:56:33.498,13.31588,13.31892,0.00,0.00
2016.08.09 06:56:33.827,13.31578,13.31882,0.00,0.00
2016.08.09 06:56:35.403,13.31599,13.31901,0.00,0.00
2016.08.09 06:56:35.943,13.31589,13.31891,0.00,0.00
2016.08.09 06:56:36.831,13.31598,13.31902,0.00,0.00
2016.08.09 06:56:37.106,13.31588,13.31892,0.00,0.00
2016.08.09 06:56:37.752,13.31588,13.3184,0.00,0.00
2016.08.09 06:56:37.807,13.31578,13.3184,0.00,0.00
2016.08.09 06:56:37.908,13.31479,13.31781,0.00,0.00
2016.08.09 06:56:38.009,13.31469,13.31771,0.00,0.00
2016.08.09 06:56:38.110,13.31478,13.31782,0.00,0.00
2016.08.09 06:56:38.211,13.31498,13.31802,0.00,0.00
2016.08.09 06:56:38.674,13.31511,13.31802,0.00,0.00
2016.08.09 06:56:38.775,13.31559,13.31802,0.00,0.00
2016.08.09 06:56:38.876,13.31559,13.31792,0.00,0.00
2016.08.09 06:56:38.926,13.31589,13.31891,0.00,0.00
2016.08.09 06:56:39.250,13.31579,13.31881,0.00,0.00
2016.08.09 06:56:39.310,13.31588,13.31892,0.00,0.00
2016.08.09 06:56:40.976,13.31569,13.31871,0.00,0.00
2016.08.09 06:56:43.621,13.31508,13.31812,0.00,0.00
2016.08.09 06:56:43.722,13.31518,13.31822,0.00,0.00
2016.08.09 06:56:44.325,13.31509,13.31811,0.00,0.00
2016.08.09 06:56:44.651,13.31469,13.31771,0.00,0.00
2016.08.09 06:56:45.321,13.31478,13.31782,0.00,0.00
2016.08.09 06:56:46.864,13.31498,13.31802,0.00,0.00
2016.08.09 06:56:47.202,13.31479,13.31781,0.00,0.00
2016.08.09 06:56:47.384,13.31489,13.31781,0.00,0.00
2016.08.09 06:56:47.435,13.31528,13.31832,0.00,0.00
2016.08.09 06:56:47.842,13.31478,13.31782,0.00,0.00
2016.08.09 06:56:48.228,13.31468,13.31772,0.00,0.00
2016.08.09 06:56:48.537,13.3145,13.31742,0.00,0.00
2016.08.09 06:56:48.588,13.31449,13.31742,0.00,0.00
2016.08.09 06:56:49.328,13.31449,13.31732,0.00,0.00
2016.08.09 06:56:50.029,13.31449,13.31742,0.00,0.00
2016.08.09 06:56:50.630,13.3145,13.31722,0.00,0.00
2016.08.09 06:56:50.931,13.3145,13.31732,0.00,0.00
2016.08.09 06:56:52.008,13.31449,13.31732,0.00,0.00
2016.08.09 06:56:52.133,13.31449,13.31741,0.00,0.00
2016.08.09 06:56:52.769,13.31449,13.31732,0.00,0.00
2016.08.09 06:56:52.820,13.31428,13.31732,0.00,0.00
2016.08.09 06:56:53.235,13.31403,13.31712,0.00,0.00
2016.08.09 06:56:53.337,13.31398,13.31702,0.00,0.00
2016.08.09 06:56:53.436,13.31404,13.31711,0.00,0.00
2016.08.09 06:56:53.536,13.31388,13.31692,0.00,0.00
2016.08.09 06:56:53.645,13.31393,13.31702,0.00,0.00
2016.08.09 06:56:53.763,13.31403,13.31712,0.00,0.00
2016.08.09 06:56:54.152,13.31398,13.31702,0.00,0.00
2016.08.09 06:56:54.253,13.31403,13.31712,0.00,0.00
2016.08.09 06:56:54.354,13.31389,13.31691,0.00,0.00
2016.08.09 06:56:54.649,13.31393,13.31702,0.00,0.00
2016.08.09 06:56:54.750,13.31388,13.31692,0.00,0.00
2016.08.09 06:56:55.439,13.31394,13.31701,0.00,0.00
2016.08.09 06:56:56.755,13.31388,13.31692,0.00,0.00
2016.08.09 06:56:57.259,13.31408,13.31712,0.00,0.00
2016.08.09 06:56:57.642,13.31398,13.31702,0.00,0.00
2016.08.09 06:56:58.062,13.31408,13.31712,0.00,0.00
2016.08.09 06:56:58.426,13.31398,13.31702,0.00,0.00
2016.08.09 06:56:58.750,13.31378,13.31682,0.00,0.00
2016.08.09 06:56:59.145,13.31399,13.31701,0.00,0.00
2016.08.09 06:56:59.865,13.31379,13.31681,0.00,0.00
2016.08.09 06:57:00.948,13.31388,13.31692,0.00,0.00
2016.08.09 06:57:02.450,13.31408,13.31712,0.00,0.00
2016.08.09 06:57:03.680,13.31408,13.31701,0.00,0.00
2016.08.09 06:57:03.730,13.31408,13.31641,0.00,0.00
2016.08.09 06:57:03.805,13.31379,13.31641,0.00,0.00
2016.08.09 06:57:03.855,13.31309,13.31611,0.00,0.00
2016.08.09 06:57:03.974,13.31268,13.31572,0.00,0.00
2016.08.09 06:57:04.024,13.3129,13.31572,0.00,0.00
2016.08.09 06:57:04.075,13.31299,13.31601,0.00,0.00
2016.08.09 06:57:04.176,13.31309,13.31611,0.00,0.00
2016.08.09 06:57:04.378,13.31288,13.31592,0.00,0.00
2016.08.09 06:57:04.530,13.31359,13.31592,0.00,0.00
2016.08.09 06:57:04.619,13.31359,13.31611,0.00,0.00
2016.08.09 06:57:04.670,13.31368,13.31672,0.00,0.00
2016.08.09 06:57:04.978,13.31398,13.31702,0.00,0.00
2016.08.09 06:57:05.330,13.31369,13.31671,0.00,0.00
2016.08.09 06:57:05.957,13.31388,13.31692,0.00,0.00
2016.08.09 06:57:07.622,13.31399,13.31701,0.00,0.00
2016.08.09 06:57:07.673,13.31388,13.31692,0.00,0.00
2016.08.09 06:57:08.483,13.31398,13.31702,0.00,0.00
2016.08.09 06:57:08.961,13.31389,13.31691,0.00,0.00
2016.08.09 06:57:09.187,13.31378,13.31682,0.00,0.00
2016.08.09 06:57:09.289,13.31369,13.31671,0.00,0.00
2016.08.09 06:57:09.339,13.31369,13.3164,0.00,0.00
2016.08.09 06:57:09.390,13.3133,13.31612,0.00,0.00
2016.08.09 06:57:09.786,13.31329,13.31602,0.00,0.00
2016.08.09 06:57:10.066,13.3133,13.31612,0.00,0.00
2016.08.09 06:57:10.137,13.31308,13.31612,0.00,0.00
2016.08.09 06:57:10.187,13.31299,13.31601,0.00,0.00
2016.08.09 06:57:10.712,13.31279,13.31581,0.00,0.00
2016.08.09 06:57:11.369,13.31298,13.31602,0.00,0.00
2016.08.09 06:57:11.697,13.31279,13.31581,0.00,0.00
2016.08.09 06:57:12.033,13.31289,13.31591,0.00,0.00
2016.08.09 06:57:12.412,13.31298,13.31602,0.00,0.00
2016.08.09 06:57:12.463,13.3136,13.31602,0.00,0.00
2016.08.09 06:57:12.514,13.3136,13.31642,0.00,0.00
2016.08.09 06:57:12.615,13.31388,13.31692,0.00,0.00
2016.08.09 06:57:12.716,13.31398,13.31702,0.00,0.00
2016.08.09 06:57:14.677,13.31398,13.31702,0.00,0.00
2016.08.09 06:57:14.728,13.31398,13.31702,0.00,0.00
2016.08.09 06:57:14.778,13.31358,13.3164,0.00,0.00
2016.08.09 06:57:14.829,13.31358,13.31602,0.00,0.00
2016.08.09 06:57:14.880,13.31288,13.31592,0.00,0.00
2016.08.09 06:57:14.981,13.31259,13.31542,0.00,0.00
2016.08.09 06:57:15.082,13.3126,13.31561,0.00,0.00
2016.08.09 06:57:15.183,13.31279,13.31581,0.00,0.00
2016.08.09 06:57:15.277,13.31259,13.31561,0.00,0.00
2016.08.09 06:57:15.354,13.3126,13.31561,0.00,0.00
2016.08.09 06:57:15.565,13.31279,13.31581,0.00,0.00
2016.08.09 06:57:15.879,13.31259,13.31561,0.00,0.00
2016.08.09 06:57:15.955,13.3126,13.31561,0.00,0.00
2016.08.09 06:57:16.006,13.31308,13.31612,0.00,0.00
2016.08.09 06:57:16.888,13.31308,13.31601,0.00,0.00
2016.08.09 06:57:16.939,13.31308,13.31601,0.00,0.00
2016.08.09 06:57:16.989,13.31278,13.31541,0.00,0.00
2016.08.09 06:57:17.244,13.31189,13.31491,0.00,0.00
2016.08.09 06:57:17.301,13.31209,13.31511,0.00,0.00
2016.08.09 06:57:17.981,13.31188,13.31492,0.00,0.00
2016.08.09 06:57:18.682,13.31208,13.31512,0.00,0.00
2016.08.09 06:57:19.262,13.31189,13.31491,0.00,0.00
2016.08.09 06:57:20.015,13.31179,13.31481,0.00,0.00
2016.08.09 06:57:21.286,13.31198,13.31502,0.00,0.00
2016.08.09 06:57:22.613,13.31179,13.31481,0.00,0.00
2016.08.09 06:57:22.714,13.31158,13.31462,0.00,0.00
2016.08.09 06:57:22.880,13.31179,13.31481,0.00,0.00
2016.08.09 06:57:22.930,13.31208,13.31512,0.00,0.00
2016.08.09 06:57:23.120,13.31189,13.31491,0.00,0.00
2016.08.09 06:57:23.330,13.31218,13.31522,0.00,0.00
2016.08.09 06:57:23.431,13.31188,13.31492,0.00,0.00
2016.08.09 06:57:23.748,13.31079,13.31381,0.00,0.00
2016.08.09 06:57:23.813,13.31088,13.31392,0.00,0.00
2016.08.09 06:57:23.922,13.31119,13.31421,0.00,0.00
2016.08.09 06:57:23.973,13.31159,13.31421,0.00,0.00
2016.08.09 06:57:24.023,13.31159,13.31462,0.00,0.00
2016.08.09 06:57:24.125,13.31188,13.3149,0.00,0.00
2016.08.09 06:57:24.175,13.31188,13.31492,0.00,0.00
2016.08.09 06:57:24.226,13.3116,13.31461,0.00,0.00
2016.08.09 06:57:24.327,13.31198,13.31502,0.00,0.00
2016.08.09 06:57:24.428,13.31218,13.31522,0.00,0.00
2016.08.09 06:57:24.890,13.31188,13.31492,0.00,0.00
2016.08.09 06:57:25.225,13.31198,13.31502,0.00,0.00
2016.08.09 06:57:25.575,13.31188,13.31492,0.00,0.00
2016.08.09 06:57:25.782,13.31169,13.31441,0.00,0.00
2016.08.09 06:57:25.832,13.31109,13.31411,0.00,0.00
2016.08.09 06:57:26.182,13.31129,13.31431,0.00,0.00
2016.08.09 06:57:26.670,13.31099,13.31401,0.00,0.00
2016.08.09 06:57:27.104,13.31118,13.31422,0.00,0.00
2016.08.09 06:57:27.232,13.31099,13.31401,0.00,0.00
2016.08.09 06:57:27.555,13.31129,13.31431,0.00,0.00
2016.08.09 06:57:29.033,13.31168,13.31441,0.00,0.00
2016.08.09 06:57:29.189,13.31168,13.31472,0.00,0.00
2016.08.09 06:57:29.511,13.31198,13.31502,0.00,0.00
2016.08.09 06:57:30.018,13.31219,13.31521,0.00,0.00
2016.08.09 06:57:30.148,13.31199,13.31492,0.00,0.00
2016.08.09 06:57:30.199,13.31189,13.31492,0.00,0.00
2016.08.09 06:57:30.249,13.31199,13.31501,0.00,0.00
2016.08.09 06:57:30.410,13.31209,13.31511,0.00,0.00
2016.08.09 06:57:30.720,13.31198,13.31502,0.00,0.00
2016.08.09 06:57:30.829,13.31209,13.31511,0.00,0.00
2016.08.09 06:57:31.449,13.3119,13.31491,0.00,0.00
2016.08.09 06:57:31.657,13.31229,13.31531,0.00,0.00
2016.08.09 06:57:31.708,13.3126,13.31531,0.00,0.00
2016.08.09 06:57:31.758,13.31269,13.31571,0.00,0.00
2016.08.09 06:57:31.859,13.31298,13.31602,0.00,0.00
2016.08.09 06:57:31.915,13.31318,13.31622,0.00,0.00
2016.08.09 06:57:32.568,13.31321,13.31622,0.00,0.00
2016.08.09 06:57:32.619,13.3136,13.31661,0.00,0.00
2016.08.09 06:57:32.720,13.31379,13.31641,0.00,0.00
2016.08.09 06:57:32.891,13.31329,13.31631,0.00,0.00
2016.08.09 06:57:33.154,13.31298,13.31602,0.00,0.00
2016.08.09 06:57:33.470,13.31308,13.31612,0.00,0.00
2016.08.09 06:57:33.857,13.31299,13.31601,0.00,0.00
2016.08.09 06:57:33.907,13.31299,13.31591,0.00,0.00
2016.08.09 06:57:33.958,13.31268,13.31572,0.00,0.00
2016.08.09 06:57:34.059,13.31259,13.31501,0.00,0.00
2016.08.09 06:57:34.261,13.31298,13.31602,0.00,0.00
2016.08.09 06:57:34.314,13.31298,13.31591,0.00,0.00
2016.08.09 06:57:34.364,13.31259,13.31562,0.00,0.00
2016.08.09 06:57:34.560,13.31288,13.31591,0.00,0.00
2016.08.09 06:57:35.125,13.31259,13.31561,0.00,0.00
2016.08.09 06:57:35.425,13.31268,13.31572,0.00,0.00
2016.08.09 06:57:35.627,13.31259,13.31562,0.00,0.00
2016.08.09 06:57:36.044,13.31319,13.31621,0.00,0.00
2016.08.09 06:57:36.461,13.31359,13.31661,0.00,0.00
2016.08.09 06:57:36.562,13.31399,13.31701,0.00,0.00
2016.08.09 06:57:36.663,13.31378,13.31682,0.00,0.00
2016.08.09 06:57:36.714,13.31378,13.31641,0.00,0.00
2016.08.09 06:57:36.765,13.31338,13.31641,0.00,0.00
2016.08.09 06:57:36.866,13.31298,13.31602,0.00,0.00
2016.08.09 06:57:37.068,13.31318,13.31622,0.00,0.00
2016.08.09 06:57:37.630,13.31319,13.31621,0.00,0.00
2016.08.09 06:57:37.767,13.31308,13.31612,0.00,0.00
2016.08.09 06:57:37.817,13.31308,13.31591,0.00,0.00
2016.08.09 06:57:37.868,13.31249,13.31552,0.00,0.00
2016.08.09 06:57:37.918,13.31248,13.3154,0.00,0.00
2016.08.09 06:57:38.070,13.31188,13.31492,0.00,0.00
2016.08.09 06:57:38.569,13.31208,13.31512,0.00,0.00
2016.08.09 06:57:39.460,13.31199,13.31501,0.00,0.00
2016.08.09 06:57:41.178,13.31208,13.31512,0.00,0.00
2016.08.09 06:57:41.286,13.31188,13.31492,0.00,0.00
2016.08.09 06:57:41.881,13.31209,13.31511,0.00,0.00
2016.08.09 06:57:42.238,13.3125,13.31511,0.00,0.00
2016.08.09 06:57:42.289,13.3125,13.3154,0.00,0.00
2016.08.09 06:57:42.340,13.31259,13.31542,0.00,0.00
2016.08.09 06:57:42.390,13.31299,13.31601,0.00,0.00
2016.08.09 06:57:42.784,13.31278,13.31582,0.00,0.00
2016.08.09 06:57:43.489,13.31288,13.31592,0.00,0.00
2016.08.09 06:57:43.942,13.31278,13.31582,0.00,0.00
2016.08.09 06:57:44.468,13.31288,13.31592,0.00,0.00
2016.08.09 06:57:45.248,13.31278,13.31541,0.00,0.00
2016.08.09 06:57:45.560,13.31199,13.31501,0.00,0.00
2016.08.09 06:57:45.661,13.31208,13.31512,0.00,0.00
2016.08.09 06:57:46.085,13.31228,13.31532,0.00,0.00
2016.08.09 06:57:46.395,13.31208,13.31512,0.00,0.00
2016.08.09 06:57:46.996,13.31198,13.31502,0.00,0.00
2016.08.09 06:57:47.597,13.31208,13.31512,0.00,0.00
2016.08.09 06:57:48.384,13.3125,13.31512,0.00,0.00
2016.08.09 06:57:48.435,13.31252,13.31512,0.00,0.00
2016.08.09 06:57:48.486,13.3136,13.31542,0.00,0.00
2016.08.09 06:57:48.587,13.31359,13.31662,0.00,0.00
2016.08.09 06:57:48.700,13.31399,13.31701,0.00,0.00
2016.08.09 06:57:48.806,13.31379,13.31681,0.00,0.00
2016.08.09 06:57:48.857,13.31328,13.31632,0.00,0.00
2016.08.09 06:57:49.042,13.3136,13.31661,0.00,0.00
2016.08.09 06:57:49.093,13.31409,13.31711,0.00,0.00
2016.08.09 06:57:49.194,13.31388,13.31692,0.00,0.00
2016.08.09 06:57:49.296,13.31359,13.31662,0.00,0.00
2016.08.09 06:57:49.397,13.31348,13.31641,0.00,0.00
2016.08.09 06:57:49.498,13.31299,13.31601,0.00,0.00
2016.08.09 06:57:49.662,13.31308,13.31612,0.00,0.00
2016.08.09 06:57:49.763,13.31319,13.31621,0.00,0.00
2016.08.09 06:57:49.858,13.31308,13.31612,0.00,0.00
2016.08.09 06:57:50.512,13.31299,13.31601,0.00,0.00
2016.08.09 06:57:52.207,13.31308,13.31612,0.00,0.00
2016.08.09 06:57:52.808,13.31299,13.31601,0.00,0.00
2016.08.09 06:57:54.011,13.31318,13.31622,0.00,0.00
2016.08.09 06:57:55.405,13.31288,13.31592,0.00,0.00
2016.08.09 06:57:56.116,13.31298,13.31602,0.00,0.00
2016.08.09 06:58:00.177,13.31303,13.31612,0.00,0.00
2016.08.09 06:58:00.948,13.31308,13.31612,0.00,0.00
2016.08.09 06:58:01.281,13.3129,13.31592,0.00,0.00
2016.08.09 06:58:01.332,13.31288,13.31592,0.00,0.00
2016.08.09 06:58:03.723,13.31308,13.31612,0.00,0.00
2016.08.09 06:58:04.186,13.31289,13.31591,0.00,0.00
2016.08.09 06:58:04.930,13.31298,13.31602,0.00,0.00
2016.08.09 06:58:05.530,13.31309,13.31611,0.00,0.00
2016.08.09 06:58:05.858,13.31338,13.31641,0.00,0.00
2016.08.09 06:58:05.909,13.31288,13.31592,0.00,0.00
2016.08.09 06:58:06.390,13.31299,13.31601,0.00,0.00
2016.08.09 06:58:07.893,13.31288,13.31592,0.00,0.00
2016.08.09 06:58:08.609,13.31309,13.31611,0.00,0.00
2016.08.09 06:58:08.711,13.31368,13.3164,0.00,0.00
2016.08.09 06:58:08.803,13.31329,13.31631,0.00,0.00
2016.08.09 06:58:08.936,13.31298,13.31602,0.00,0.00
2016.08.09 06:58:08.995,13.31329,13.31631,0.00,0.00
2016.08.09 06:58:09.096,13.31308,13.31612,0.00,0.00
2016.08.09 06:58:09.197,13.31298,13.31602,0.00,0.00
2016.08.09 06:58:10.438,13.31328,13.31632,0.00,0.00
2016.08.09 06:58:10.540,13.31338,13.31641,0.00,0.00
2016.08.09 06:58:10.597,13.31329,13.31631,0.00,0.00
2016.08.09 06:58:11.339,13.3135,13.31622,0.00,0.00
2016.08.09 06:58:11.440,13.3136,13.31661,0.00,0.00
2016.08.09 06:58:11.541,13.31388,13.31692,0.00,0.00
2016.08.09 06:58:11.879,13.31409,13.31711,0.00,0.00
2016.08.09 06:58:11.929,13.3139,13.31692,0.00,0.00
2016.08.09 06:58:12.000,13.31428,13.31732,0.00,0.00
2016.08.09 06:58:12.441,13.31419,13.31721,0.00,0.00
2016.08.09 06:58:12.802,13.31409,13.31711,0.00,0.00
2016.08.09 06:58:12.941,13.31418,13.31722,0.00,0.00
2016.08.09 06:58:13.042,13.31398,13.3164,0.00,0.00
2016.08.09 06:58:13.143,13.31338,13.31641,0.00,0.00
2016.08.09 06:58:13.302,13.31339,13.31641,0.00,0.00
2016.08.09 06:58:13.403,13.31319,13.31621,0.00,0.00
2016.08.09 06:58:14.745,13.31299,13.31601,0.00,0.00
2016.08.09 06:58:14.945,13.31288,13.31592,0.00,0.00
2016.08.09 06:58:15.505,13.31268,13.31572,0.00,0.00
2016.08.09 06:58:15.905,13.31249,13.31532,0.00,0.00
2016.08.09 06:58:16.007,13.31249,13.31542,0.00,0.00
2016.08.09 06:58:16.207,13.31249,13.31532,0.00,0.00
2016.08.09 06:58:16.359,13.31218,13.31522,0.00,0.00
2016.08.09 06:58:16.664,13.31209,13.31511,0.00,0.00
2016.08.09 06:58:17.100,13.31189,13.31491,0.00,0.00
2016.08.09 06:58:17.209,13.31198,13.31502,0.00,0.00
2016.08.09 06:58:17.449,13.31208,13.31512,0.00,0.00
2016.08.09 06:58:18.251,13.31179,13.31482,0.00,0.00
2016.08.09 06:58:18.311,13.31229,13.31531,0.00,0.00
2016.08.09 06:58:18.412,13.31218,13.31522,0.00,0.00
2016.08.09 06:58:18.697,13.31252,13.31522,0.00,0.00
2016.08.09 06:58:18.775,13.31349,13.31551,0.00,0.00
2016.08.09 06:58:18.825,13.31338,13.31641,0.00,0.00
2016.08.09 06:58:18.926,13.31319,13.31621,0.00,0.00
2016.08.09 06:58:19.062,13.31298,13.31602,0.00,0.00
2016.08.09 06:58:19.112,13.31308,13.31612,0.00,0.00
2016.08.09 06:58:19.418,13.31319,13.31621,0.00,0.00
2016.08.09 06:58:19.721,13.31309,13.31611,0.00,0.00
2016.08.09 06:58:19.931,13.31318,13.31622,0.00,0.00
2016.08.09 06:58:20.315,13.31309,13.31611,0.00,0.00
2016.08.09 06:58:20.916,13.31298,13.31602,0.00,0.00
2016.08.09 06:58:21.356,13.31308,13.31612,0.00,0.00
2016.08.09 06:58:21.728,13.31318,13.31622,0.00,0.00
2016.08.09 06:58:22.619,13.31298,13.31602,0.00,0.00
2016.08.09 06:58:24.461,13.31309,13.31611,0.00,0.00
2016.08.09 06:58:24.854,13.31349,13.31641,0.00,0.00
2016.08.09 06:58:24.955,13.31379,13.31681,0.00,0.00
2016.08.09 06:58:25.056,13.31408,13.317,0.00,0.00
2016.08.09 06:58:25.163,13.3135,13.31652,0.00,0.00
2016.08.09 06:58:25.230,13.31368,13.31672,0.00,0.00
2016.08.09 06:58:25.527,13.31349,13.31651,0.00,0.00
2016.08.09 06:58:25.734,13.31358,13.31662,0.00,0.00
2016.08.09 06:58:26.165,13.31388,13.31681,0.00,0.00
2016.08.09 06:58:26.234,13.31378,13.31681,0.00,0.00
2016.08.09 06:58:26.335,13.31388,13.3168,0.00,0.00
2016.08.09 06:58:26.386,13.31388,13.31692,0.00,0.00
2016.08.09 06:58:26.642,13.31349,13.31652,0.00,0.00
2016.08.09 06:58:26.950,13.31319,13.31622,0.00,0.00
2016.08.09 06:58:27.052,13.31348,13.31652,0.00,0.00
2016.08.09 06:58:27.136,13.31378,13.3168,0.00,0.00
2016.08.09 06:58:27.537,13.31358,13.31662,0.00,0.00
2016.08.09 06:58:27.838,13.31348,13.31652,0.00,0.00
2016.08.09 06:58:28.268,13.31358,13.31662,0.00,0.00
2016.08.09 06:58:28.494,13.31359,13.31662,0.00,0.00
2016.08.09 06:58:28.544,13.31388,13.31692,0.00,0.00
2016.08.09 06:58:28.928,13.31398,13.31702,0.00,0.00
2016.08.09 06:58:29.257,13.31378,13.31682,0.00,0.00
2016.08.09 06:58:30.143,13.31399,13.31701,0.00,0.00
2016.08.09 06:58:30.244,13.31408,13.31712,0.00,0.00
2016.08.09 06:58:30.352,13.31379,13.31681,0.00,0.00
2016.08.09 06:58:30.846,13.31398,13.31702,0.00,0.00
2016.08.09 06:58:30.946,13.31379,13.31681,0.00,0.00
2016.08.09 06:58:31.447,13.31388,13.31692,0.00,0.00
2016.08.09 06:58:31.674,13.31418,13.31722,0.00,0.00
2016.08.09 06:58:32.342,13.31409,13.31711,0.00,0.00
2016.08.09 06:58:36.572,13.31419,13.31721,0.00,0.00
2016.08.09 06:58:36.674,13.31428,13.31732,0.00,0.00
2016.08.09 06:58:36.782,13.31398,13.31702,0.00,0.00
2016.08.09 06:58:37.182,13.31429,13.31731,0.00,0.00
2016.08.09 06:58:37.563,13.31419,13.31721,0.00,0.00
2016.08.09 06:58:39.151,13.31398,13.31702,0.00,0.00
2016.08.09 06:58:40.298,13.31408,13.31712,0.00,0.00
2016.08.09 06:58:40.772,13.31429,13.31731,0.00,0.00
2016.08.09 06:58:41.172,13.31408,13.31712,0.00,0.00
2016.08.09 06:58:43.262,13.31428,13.31732,0.00,0.00
2016.08.09 06:58:43.600,13.31408,13.31712,0.00,0.00
2016.08.09 06:58:44.177,13.31399,13.31701,0.00,0.00
2016.08.09 06:58:45.098,13.31408,13.31712,0.00,0.00
2016.08.09 06:58:45.179,13.31428,13.31732,0.00,0.00
2016.08.09 06:58:45.579,13.31408,13.31712,0.00,0.00
2016.08.09 06:58:46.402,13.31428,13.31732,0.00,0.00
2016.08.09 06:58:47.885,13.31419,13.31721,0.00,0.00
2016.08.09 06:58:48.605,13.31398,13.31702,0.00,0.00
2016.08.09 06:58:49.788,13.31428,13.31732,0.00,0.00
2016.08.09 06:58:50.409,13.31418,13.31722,0.00,0.00
2016.08.09 06:58:53.238,13.31429,13.31731,0.00,0.00
2016.08.09 06:58:53.339,13.3145,13.31731,0.00,0.00
2016.08.09 06:58:53.524,13.31429,13.31731,0.00,0.00
2016.08.09 06:58:53.575,13.31448,13.31751,0.00,0.00
2016.08.09 06:58:53.625,13.31438,13.31742,0.00,0.00
2016.08.09 06:58:53.996,13.31408,13.31712,0.00,0.00
2016.08.09 06:58:54.317,13.31438,13.31742,0.00,0.00
2016.08.09 06:58:54.619,13.31448,13.31752,0.00,0.00
2016.08.09 06:58:55.000,13.31438,13.31742,0.00,0.00
2016.08.09 06:58:56.119,13.31449,13.31751,0.00,0.00
2016.08.09 06:58:56.784,13.31498,13.31771,0.00,0.00
2016.08.09 06:58:56.834,13.31519,13.31811,0.00,0.00
2016.08.09 06:58:56.935,13.31549,13.31851,0.00,0.00
2016.08.09 06:58:57.522,13.31538,13.31842,0.00,0.00
2016.08.09 06:58:57.823,13.31548,13.31852,0.00,0.00
2016.08.09 06:58:59.418,13.31558,13.31862,0.00,0.00
2016.08.09 06:58:59.752,13.31639,13.31941,0.00,0.00
2016.08.09 06:58:59.849,13.31659,13.31961,0.00,0.00
2016.08.09 06:58:59.909,13.31629,13.31931,0.00,0.00
2016.08.09 06:59:00.235,13.31638,13.31942,0.00,0.00
2016.08.09 06:59:00.336,13.31659,13.31961,0.00,0.00
2016.08.09 06:59:00.694,13.31629,13.31931,0.00,0.00
2016.08.09 06:59:01.111,13.31639,13.31941,0.00,0.00
2016.08.09 06:59:02.063,13.31628,13.31932,0.00,0.00
2016.08.09 06:59:02.114,13.31649,13.31951,0.00,0.00
2016.08.09 06:59:02.215,13.31668,13.31971,0.00,0.00
2016.08.09 06:59:02.316,13.31648,13.31952,0.00,0.00
2016.08.09 06:59:02.665,13.31638,13.31942,0.00,0.00
2016.08.09 06:59:03.103,13.31629,13.31931,0.00,0.00
2016.08.09 06:59:03.840,13.31649,13.31951,0.00,0.00
2016.08.09 06:59:04.258,13.31629,13.31931,0.00,0.00
2016.08.09 06:59:05.237,13.31648,13.31952,0.00,0.00
2016.08.09 06:59:05.338,13.31628,13.31932,0.00,0.00
2016.08.09 06:59:06.232,13.31658,13.31962,0.00,0.00
2016.08.09 06:59:06.862,13.31669,13.31971,0.00,0.00
2016.08.09 06:59:06.963,13.31658,13.31962,0.00,0.00
2016.08.09 06:59:07.852,13.31639,13.31941,0.00,0.00
2016.08.09 06:59:08.848,13.31719,13.31962,0.00,0.00
2016.08.09 06:59:08.949,13.31719,13.32001,0.00,0.00
2016.08.09 06:59:09.077,13.31749,13.32051,0.00,0.00
2016.08.09 06:59:09.657,13.31729,13.32031,0.00,0.00
2016.08.09 06:59:10.040,13.3172,13.32022,0.00,0.00
2016.08.09 06:59:10.158,13.31729,13.31971,0.00,0.00
2016.08.09 06:59:10.434,13.31639,13.31941,0.00,0.00
2016.08.09 06:59:10.534,13.31628,13.31932,0.00,0.00
2016.08.09 06:59:10.978,13.31648,13.31932,0.00,0.00
2016.08.09 06:59:11.079,13.31679,13.31981,0.00,0.00
2016.08.09 06:59:11.135,13.31749,13.32041,0.00,0.00
2016.08.09 06:59:11.186,13.31749,13.32051,0.00,0.00
2016.08.09 06:59:11.443,13.31709,13.32011,0.00,0.00
2016.08.09 06:59:11.764,13.31739,13.32041,0.00,0.00
2016.08.09 06:59:11.963,13.31718,13.32022,0.00,0.00
2016.08.09 06:59:13.571,13.31728,13.31971,0.00,0.00
2016.08.09 06:59:13.673,13.3163,13.31922,0.00,0.00
2016.08.09 06:59:13.774,13.31618,13.31922,0.00,0.00
2016.08.09 06:59:14.369,13.31628,13.31932,0.00,0.00
2016.08.09 06:59:14.734,13.31638,13.31942,0.00,0.00
2016.08.09 06:59:15.071,13.31618,13.31922,0.00,0.00
2016.08.09 06:59:15.372,13.31628,13.31932,0.00,0.00
2016.08.09 06:59:16.073,13.31638,13.31942,0.00,0.00
2016.08.09 06:59:16.424,13.31649,13.31951,0.00,0.00
2016.08.09 06:59:16.662,13.31619,13.31922,0.00,0.00
2016.08.09 06:59:16.772,13.31639,13.31941,0.00,0.00
2016.08.09 06:59:17.303,13.3162,13.31921,0.00,0.00
2016.08.09 06:59:17.761,13.31658,13.31962,0.00,0.00
2016.08.09 06:59:17.812,13.3168,13.31962,0.00,0.00
2016.08.09 06:59:18.039,13.31709,13.32011,0.00,0.00
2016.08.09 06:59:18.228,13.31718,13.32022,0.00,0.00
2016.08.09 06:59:18.278,13.31708,13.32012,0.00,0.00
2016.08.09 06:59:18.703,13.31699,13.32001,0.00,0.00
2016.08.09 06:59:18.947,13.31708,13.32012,0.00,0.00
2016.08.09 06:59:19.049,13.31698,13.32002,0.00,0.00
2016.08.09 06:59:19.367,13.31708,13.32012,0.00,0.00
2016.08.09 06:59:21.272,13.31718,13.32022,0.00,0.00
2016.08.09 06:59:21.582,13.31698,13.32002,0.00,0.00
2016.08.09 06:59:22.003,13.31709,13.32011,0.00,0.00
2016.08.09 06:59:22.465,13.31719,13.32021,0.00,0.00
2016.08.09 06:59:22.953,13.31699,13.32001,0.00,0.00
2016.08.09 06:59:23.564,13.31708,13.32012,0.00,0.00
2016.08.09 06:59:24.085,13.31698,13.32002,0.00,0.00
2016.08.09 06:59:24.452,13.31708,13.32012,0.00,0.00
2016.08.09 06:59:25.032,13.31698,13.32002,0.00,0.00
2016.08.09 06:59:25.314,13.31679,13.31971,0.00,0.00
2016.08.09 06:59:25.467,13.31669,13.31942,0.00,0.00
2016.08.09 06:59:25.518,13.31638,13.31942,0.00,0.00
2016.08.09 06:59:25.569,13.3162,13.31921,0.00,0.00
2016.08.09 06:59:25.619,13.31619,13.31921,0.00,0.00
2016.08.09 06:59:25.735,13.3162,13.31921,0.00,0.00
2016.08.09 06:59:26.007,13.31619,13.31921,0.00,0.00
2016.08.09 06:59:26.057,13.3162,13.31921,0.00,0.00
2016.08.09 06:59:26.297,13.31619,13.31921,0.00,0.00
2016.08.09 06:59:26.363,13.31638,13.31942,0.00,0.00
2016.08.09 06:59:26.864,13.31619,13.31922,0.00,0.00
2016.08.09 06:59:27.501,13.31638,13.31942,0.00,0.00
2016.08.09 06:59:28.582,13.31669,13.31951,0.00,0.00
2016.08.09 06:59:28.794,13.31738,13.32042,0.00,0.00
2016.08.09 06:59:29.105,13.31719,13.32021,0.00,0.00
2016.08.09 06:59:29.169,13.31739,13.32041,0.00,0.00
2016.08.09 06:59:29.304,13.31739,13.32,0.00,0.00
2016.08.09 06:59:29.551,13.3172,13.32,0.00,0.00
2016.08.09 06:59:29.602,13.3172,13.3201,0.00,0.00
2016.08.09 06:59:29.672,13.3172,13.32001,0.00,0.00
2016.08.09 06:59:29.808,13.3172,13.3201,0.00,0.00
2016.08.09 06:59:30.201,13.31738,13.31998,0.00,0.00
2016.08.09 06:59:30.381,13.31619,13.31922,0.00,0.00
2016.08.09 06:59:30.484,13.31638,13.31942,0.00,0.00
2016.08.09 06:59:30.586,13.31619,13.31921,0.00,0.00
2016.08.09 06:59:30.636,13.3162,13.31921,0.00,0.00
2016.08.09 06:59:30.811,13.31619,13.31901,0.00,0.00
2016.08.09 06:59:30.912,13.31628,13.31932,0.00,0.00
2016.08.09 06:59:31.015,13.31619,13.31912,0.00,0.00
2016.08.09 06:59:31.076,13.31638,13.31942,0.00,0.00
2016.08.09 06:59:31.312,13.31628,13.31931,0.00,0.00
2016.08.09 06:59:31.414,13.31619,13.31921,0.00,0.00
2016.08.09 06:59:31.476,13.31619,13.31911,0.00,0.00
2016.08.09 06:59:31.712,13.31619,13.31922,0.00,0.00
2016.08.09 06:59:31.914,13.3162,13.31911,0.00,0.00
2016.08.09 06:59:32.514,13.3162,13.31921,0.00,0.00
2016.08.09 06:59:33.317,13.31619,13.31921,0.00,0.00
2016.08.09 06:59:33.380,13.31638,13.31942,0.00,0.00
2016.08.09 06:59:34.807,13.31619,13.31922,0.00,0.00
2016.08.09 06:59:35.222,13.31639,13.31941,0.00,0.00
2016.08.09 06:59:37.159,13.31639,13.31861,0.00,0.00
2016.08.09 06:59:37.372,13.31569,13.31841,0.00,0.00
2016.08.09 06:59:37.488,13.31569,13.31871,0.00,0.00
2016.08.09 06:59:37.731,13.3157,13.31861,0.00,0.00
2016.08.09 06:59:37.788,13.3157,13.3187,0.00,0.00
2016.08.09 06:59:38.034,13.31569,13.31862,0.00,0.00
2016.08.09 06:59:38.644,13.3157,13.31862,0.00,0.00
2016.08.09 06:59:39.325,13.31578,13.3187,0.00,0.00
2016.08.09 06:59:39.375,13.31619,13.31882,0.00,0.00
2016.08.09 06:59:39.426,13.31619,13.31901,0.00,0.00
2016.08.09 06:59:39.742,13.31628,13.31932,0.00,0.00
2016.08.09 06:59:40.268,13.31619,13.31911,0.00,0.00
2016.08.09 06:59:40.738,13.31639,13.31941,0.00,0.00
2016.08.09 06:59:41.140,13.31628,13.31932,0.00,0.00
2016.08.09 06:59:41.194,13.31639,13.31941,0.00,0.00
2016.08.09 06:59:41.947,13.31598,13.31871,0.00,0.00
2016.08.09 06:59:41.998,13.31519,13.31821,0.00,0.00
2016.08.09 06:59:42.099,13.31548,13.31852,0.00,0.00
2016.08.09 06:59:42.246,13.31549,13.31822,0.00,0.00
2016.08.09 06:59:42.297,13.31639,13.31911,0.00,0.00
2016.08.09 06:59:42.347,13.31639,13.31941,0.00,0.00
2016.08.09 06:59:42.643,13.31619,13.31922,0.00,0.00
2016.08.09 06:59:42.797,13.31629,13.31931,0.00,0.00
2016.08.09 06:59:43.265,13.3162,13.31922,0.00,0.00
2016.08.09 06:59:43.545,13.31628,13.31932,0.00,0.00
2016.08.09 06:59:43.646,13.31638,13.31942,0.00,0.00
2016.08.09 06:59:44.278,13.31639,13.31941,0.00,0.00
2016.08.09 06:59:45.373,13.31629,13.31931,0.00,0.00
2016.08.09 06:59:45.850,13.31619,13.31922,0.00,0.00
2016.08.09 06:59:46.367,13.3162,13.31922,0.00,0.00
2016.08.09 06:59:46.851,13.31639,13.31941,0.00,0.00
2016.08.09 06:59:47.352,13.31628,13.31932,0.00,0.00
2016.08.09 06:59:47.735,13.31639,13.31941,0.00,0.00
2016.08.09 06:59:47.786,13.31639,13.31941,0.00,0.00
2016.08.09 06:59:47.836,13.31619,13.31922,0.00,0.00
2016.08.09 06:59:48.254,13.31639,13.31941,0.00,0.00
2016.08.09 06:59:49.121,13.31628,13.31932,0.00,0.00
2016.08.09 06:59:49.215,13.31638,13.31942,0.00,0.00
2016.08.09 06:59:49.816,13.31628,13.31932,0.00,0.00
2016.08.09 06:59:50.481,13.31629,13.31931,0.00,0.00
2016.08.09 06:59:50.863,13.31619,13.31921,0.00,0.00
2016.08.09 06:59:51.053,13.31628,13.31932,0.00,0.00
2016.08.09 06:59:51.354,13.31639,13.31941,0.00,0.00
2016.08.09 06:59:51.854,13.31609,13.31911,0.00,0.00
2016.08.09 06:59:52.025,13.31578,13.31882,0.00,0.00
2016.08.09 06:59:52.130,13.31558,13.31862,0.00,0.00
2016.08.09 06:59:52.506,13.31568,13.31872,0.00,0.00
2016.08.09 06:59:52.877,13.31578,13.31882,0.00,0.00
2016.08.09 06:59:53.222,13.31599,13.31892,0.00,0.00
2016.08.09 06:59:53.272,13.31599,13.31902,0.00,0.00
2016.08.09 06:59:53.408,13.31578,13.31882,0.00,0.00
2016.08.09 06:59:53.459,13.31559,13.31861,0.00,0.00
2016.08.09 06:59:53.523,13.31568,13.31872,0.00,0.00
2016.08.09 06:59:53.624,13.31558,13.31862,0.00,0.00
2016.08.09 06:59:54.160,13.31568,13.31872,0.00,0.00
2016.08.09 06:59:55.067,13.31549,13.31852,0.00,0.00
2016.08.09 06:59:55.227,13.3155,13.319,0.00,0.00
2016.08.09 06:59:56.841,13.3162,13.3195,0.00,0.00
2016.08.09 06:59:57.064,13.3162,13.3196,0.00,0.00
2016.08.09 06:59:57.267,13.3162,13.31939,0.00,0.00
2016.08.09 06:59:57.318,13.31569,13.31901,0.00,0.00
2016.08.09 06:59:58.815,13.31619,13.31971,0.00,0.00
2016.08.09 06:59:58.867,13.3155,13.3196,0.00,0.00
2016.08.09 06:59:58.919,13.31632,13.3196,0.00,0.00
2016.08.09 06:59:59.000,13.3165,13.3205,0.00,0.00
2016.08.09 06:59:59.271,13.31649,13.32061,0.00,0.00
2016.08.09 06:59:59.560,13.3165,13.32069,0.00,0.00
2016.08.09 06:59:59.722,13.3165,13.3206,0.00,0.00
2016.08.09 06:59:59.872,13.3165,13.3197,0.00,0.00
2016.08.09 06:59:59.965,13.31649,13.32001,0.00,0.00
