2017.04.06 13:00:00.001,12.53238,12.53472,0.00,0.00
2017.04.06 13:00:00.052,12.53231,12.53472,0.00,0.00
2017.04.06 13:00:00.102,12.53308,12.53502,0.00,0.00
2017.04.06 13:00:00.361,12.53208,12.53422,0.00,0.00
2017.04.06 13:00:00.595,12.53178,12.53422,0.00,0.00
2017.04.06 13:00:00.653,12.53178,12.53412,0.00,0.00
2017.04.06 13:00:00.771,12.53178,12.53438,0.00,0.00
2017.04.06 13:00:01.353,12.53178,12.53412,0.00,0.00
2017.04.06 13:00:01.454,12.53178,12.53422,0.00,0.00
2017.04.06 13:00:01.756,12.53178,12.53411,0.00,0.00
2017.04.06 13:00:02.517,12.53178,12.53438,0.00,0.00
2017.04.06 13:00:02.567,12.53178,12.53401,0.00,0.00
2017.04.06 13:00:02.719,12.53108,12.53339,0.00,0.00
2017.04.06 13:00:02.770,12.53079,12.53339,0.00,0.00
2017.04.06 13:00:02.958,12.53079,12.53322,0.00,0.00
2017.04.06 13:00:03.063,12.53079,12.53339,0.00,0.00
2017.04.06 13:00:03.157,12.53079,12.53321,0.00,0.00
2017.04.06 13:00:03.558,12.53079,12.53339,0.00,0.00
2017.04.06 13:00:03.858,12.53079,12.53332,0.00,0.00
2017.04.06 13:00:04.239,12.53079,12.53321,0.00,0.00
2017.04.06 13:00:04.695,12.53079,12.53332,0.00,0.00
2017.04.06 13:00:04.800,12.53079,12.53312,0.00,0.00
2017.04.06 13:00:05.385,12.53079,12.53322,0.00,0.00
2017.04.06 13:00:05.700,12.53079,12.53328,0.00,0.00
2017.04.06 13:00:05.802,12.53079,12.53301,0.00,0.00
2017.04.06 13:00:05.995,12.53079,12.53328,0.00,0.00
2017.04.06 13:00:06.756,12.53079,12.53301,0.00,0.00
2017.04.06 13:00:06.807,12.53079,12.53328,0.00,0.00
2017.04.06 13:00:06.909,12.53079,12.53312,0.00,0.00
2017.04.06 13:00:06.966,12.53079,12.53328,0.00,0.00
2017.04.06 13:00:07.912,12.53079,12.53218,0.00,0.00
2017.04.06 13:00:08.215,12.52921,12.52922,0.00,0.00
2017.04.06 13:00:08.316,12.5294,12.52941,0.00,0.00
2017.04.06 13:00:08.420,12.52891,12.52892,0.00,0.00
2017.04.06 13:00:08.616,12.52699,12.52841,0.00,0.00
2017.04.06 13:00:08.671,12.52598,12.52841,0.00,0.00
2017.04.06 13:00:08.777,12.52579,12.52841,0.00,0.00
2017.04.06 13:00:09.002,12.52598,12.52841,0.00,0.00
2017.04.06 13:00:09.114,12.52579,12.52841,0.00,0.00
2017.04.06 13:00:09.375,12.52629,12.52841,0.00,0.00
2017.04.06 13:00:09.495,12.52579,12.52841,0.00,0.00
2017.04.06 13:00:09.596,12.52599,12.52841,0.00,0.00
2017.04.06 13:00:09.821,12.52579,12.52851,0.00,0.00
2017.04.06 13:00:09.874,12.52598,12.52851,0.00,0.00
2017.04.06 13:00:10.175,12.52588,12.52851,0.00,0.00
2017.04.06 13:00:10.276,12.52609,12.52851,0.00,0.00
2017.04.06 13:00:10.693,12.52588,12.52851,0.00,0.00
2017.04.06 13:00:10.794,12.52579,12.52851,0.00,0.00
2017.04.06 13:00:10.899,12.52638,12.52851,0.00,0.00
2017.04.06 13:00:11.001,12.52619,12.52851,0.00,0.00
2017.04.06 13:00:11.104,12.52589,12.52851,0.00,0.00
2017.04.06 13:00:11.278,12.52608,12.52851,0.00,0.00
2017.04.06 13:00:11.328,12.52618,12.52878,0.00,0.00
2017.04.06 13:00:11.504,12.52618,12.52862,0.00,0.00
2017.04.06 13:00:11.825,12.52618,12.52848,0.00,0.00
2017.04.06 13:00:12.162,12.52629,12.52848,0.00,0.00
2017.04.06 13:00:12.512,12.52618,12.52848,0.00,0.00
2017.04.06 13:00:12.889,12.52618,12.52848,0.00,0.00
2017.04.06 13:00:13.715,12.52668,12.52848,0.00,0.00
2017.04.06 13:00:13.766,12.52668,12.52858,0.00,0.00
2017.04.06 13:00:13.867,12.52619,12.52858,0.00,0.00
2017.04.06 13:00:14.330,12.52702,12.52902,0.00,0.00
2017.04.06 13:00:14.632,12.53169,12.53301,0.00,0.00
2017.04.06 13:00:14.733,12.53219,12.53391,0.00,0.00
2017.04.06 13:00:14.833,12.53149,12.53419,0.00,0.00
2017.04.06 13:00:15.044,12.53088,12.53332,0.00,0.00
2017.04.06 13:00:15.210,12.53088,12.53361,0.00,0.00
2017.04.06 13:00:15.495,12.53099,12.53362,0.00,0.00
2017.04.06 13:00:15.597,12.53088,12.53361,0.00,0.00
2017.04.06 13:00:15.647,12.53079,12.53312,0.00,0.00
2017.04.06 13:00:15.814,12.52988,12.53241,0.00,0.00
2017.04.06 13:00:15.891,12.52999,12.53262,0.00,0.00
2017.04.06 13:00:16.010,12.52988,12.53262,0.00,0.00
2017.04.06 13:00:16.111,12.52988,12.53231,0.00,0.00
2017.04.06 13:00:16.191,12.52988,12.53251,0.00,0.00
2017.04.06 13:00:16.462,12.52969,12.53211,0.00,0.00
2017.04.06 13:00:16.513,12.52948,12.53211,0.00,0.00
2017.04.06 13:00:16.614,12.52898,12.53141,0.00,0.00
2017.04.06 13:00:16.773,12.52898,12.53172,0.00,0.00
2017.04.06 13:00:16.930,12.52918,12.53172,0.00,0.00
2017.04.06 13:00:17.294,12.52898,12.53172,0.00,0.00
2017.04.06 13:00:17.546,12.52898,12.53149,0.00,0.00
2017.04.06 13:00:17.886,12.52898,12.53131,0.00,0.00
2017.04.06 13:00:18.017,12.52898,12.53149,0.00,0.00
2017.04.06 13:00:18.124,12.52908,12.53149,0.00,0.00
2017.04.06 13:00:18.437,12.52898,12.53149,0.00,0.00
2017.04.06 13:00:18.938,12.52899,12.53149,0.00,0.00
2017.04.06 13:00:19.096,12.52898,12.53132,0.00,0.00
2017.04.06 13:00:19.332,12.52898,12.53149,0.00,0.00
2017.04.06 13:00:19.435,12.52908,12.53149,0.00,0.00
2017.04.06 13:00:19.598,12.52898,12.53149,0.00,0.00
2017.04.06 13:00:19.698,12.52898,12.53132,0.00,0.00
2017.04.06 13:00:20.099,12.52898,12.53142,0.00,0.00
2017.04.06 13:00:20.530,12.52898,12.53149,0.00,0.00
2017.04.06 13:00:20.684,12.52909,12.53149,0.00,0.00
2017.04.06 13:00:20.826,12.52899,12.53149,0.00,0.00
2017.04.06 13:00:21.101,12.52919,12.53149,0.00,0.00
2017.04.06 13:00:21.202,12.52898,12.53149,0.00,0.00
2017.04.06 13:00:21.308,12.52898,12.53142,0.00,0.00
2017.04.06 13:00:21.671,12.52918,12.53149,0.00,0.00
2017.04.06 13:00:21.977,12.52928,12.53149,0.00,0.00
2017.04.06 13:00:22.027,12.52918,12.53149,0.00,0.00
2017.04.06 13:00:22.104,12.52908,12.53149,0.00,0.00
2017.04.06 13:00:22.764,12.52961,12.53192,0.00,0.00
2017.04.06 13:00:22.815,12.52961,12.53212,0.00,0.00
2017.04.06 13:00:22.865,12.52998,12.53212,0.00,0.00
2017.04.06 13:00:22.916,12.52998,12.53249,0.00,0.00
2017.04.06 13:00:23.020,12.53019,12.53249,0.00,0.00
2017.04.06 13:00:23.131,12.52998,12.53249,0.00,0.00
2017.04.06 13:00:23.236,12.52998,12.53242,0.00,0.00
2017.04.06 13:00:23.308,12.52998,12.53249,0.00,0.00
2017.04.06 13:00:23.444,12.52998,12.53242,0.00,0.00
2017.04.06 13:00:23.652,12.52998,12.53249,0.00,0.00
2017.04.06 13:00:24.436,12.52998,12.53242,0.00,0.00
2017.04.06 13:00:24.651,12.53051,12.53311,0.00,0.00
2017.04.06 13:00:24.701,12.53098,12.53312,0.00,0.00
2017.04.06 13:00:24.752,12.53098,12.53349,0.00,0.00
2017.04.06 13:00:25.142,12.53098,12.53331,0.00,0.00
2017.04.06 13:00:25.315,12.53099,12.53349,0.00,0.00
2017.04.06 13:00:25.721,12.53098,12.53321,0.00,0.00
2017.04.06 13:00:26.081,12.53098,12.53349,0.00,0.00
2017.04.06 13:00:26.132,12.53098,12.53322,0.00,0.00
2017.04.06 13:00:26.233,12.53098,12.53349,0.00,0.00
2017.04.06 13:00:26.414,12.53068,12.53261,0.00,0.00
2017.04.06 13:00:26.619,12.52999,12.53261,0.00,0.00
2017.04.06 13:00:26.820,12.53028,12.53261,0.00,0.00
2017.04.06 13:00:26.921,12.53008,12.53261,0.00,0.00
2017.04.06 13:00:27.021,12.52999,12.53232,0.00,0.00
2017.04.06 13:00:27.362,12.52938,12.53162,0.00,0.00
2017.04.06 13:00:27.423,12.52898,12.53142,0.00,0.00
2017.04.06 13:00:27.560,12.52898,12.53162,0.00,0.00
2017.04.06 13:00:27.663,12.52898,12.53142,0.00,0.00
2017.04.06 13:00:27.950,12.52809,12.53062,0.00,0.00
2017.04.06 13:00:28.051,12.52818,12.53069,0.00,0.00
2017.04.06 13:00:28.356,12.52838,12.53069,0.00,0.00
2017.04.06 13:00:28.426,12.52828,12.53069,0.00,0.00
2017.04.06 13:00:28.527,12.52808,12.53069,0.00,0.00
2017.04.06 13:00:28.627,12.52808,12.53042,0.00,0.00
2017.04.06 13:00:28.932,12.52838,12.53069,0.00,0.00
2017.04.06 13:00:29.262,12.52808,12.53052,0.00,0.00
2017.04.06 13:00:29.432,12.52808,12.53069,0.00,0.00
2017.04.06 13:00:29.531,12.52838,12.53069,0.00,0.00
2017.04.06 13:00:29.632,12.52808,12.53069,0.00,0.00
2017.04.06 13:00:29.832,12.52838,12.53069,0.00,0.00
2017.04.06 13:00:30.032,12.52818,12.53069,0.00,0.00
2017.04.06 13:00:30.252,12.52808,12.53051,0.00,0.00
2017.04.06 13:00:30.634,12.52808,12.53061,0.00,0.00
2017.04.06 13:00:30.849,12.52808,12.53052,0.00,0.00
2017.04.06 13:00:30.950,12.52808,12.53062,0.00,0.00
2017.04.06 13:00:31.037,12.52808,12.53069,0.00,0.00
2017.04.06 13:00:31.360,12.52808,12.53051,0.00,0.00
2017.04.06 13:00:31.671,12.52849,12.53069,0.00,0.00
2017.04.06 13:00:31.740,12.52808,12.53061,0.00,0.00
2017.04.06 13:00:31.841,12.52808,12.53051,0.00,0.00
2017.04.06 13:00:32.182,12.52839,12.53069,0.00,0.00
2017.04.06 13:00:32.360,12.52818,12.53069,0.00,0.00
2017.04.06 13:00:32.444,12.52838,12.53069,0.00,0.00
2017.04.06 13:00:32.646,12.52819,12.53069,0.00,0.00
2017.04.06 13:00:32.763,12.52808,12.53051,0.00,0.00
2017.04.06 13:00:32.992,12.52808,12.53069,0.00,0.00
2017.04.06 13:00:33.650,12.52808,12.53062,0.00,0.00
2017.04.06 13:00:33.780,12.52808,12.53069,0.00,0.00
2017.04.06 13:00:34.051,12.52808,12.53061,0.00,0.00
2017.04.06 13:00:34.693,12.52808,12.53069,0.00,0.00
2017.04.06 13:00:34.755,12.52838,12.53069,0.00,0.00
2017.04.06 13:00:34.872,12.52808,12.53069,0.00,0.00
2017.04.06 13:00:34.956,12.52818,12.53069,0.00,0.00
2017.04.06 13:00:35.357,12.52808,12.53069,0.00,0.00
2017.04.06 13:00:35.460,12.52808,12.53052,0.00,0.00
2017.04.06 13:00:35.961,12.52808,12.53062,0.00,0.00
2017.04.06 13:00:36.075,12.52808,12.53069,0.00,0.00
2017.04.06 13:00:36.275,12.52808,12.53062,0.00,0.00
2017.04.06 13:00:37.512,12.52808,12.53072,0.00,0.00
2017.04.06 13:00:37.578,12.52848,12.53072,0.00,0.00
2017.04.06 13:00:37.920,12.52859,12.53079,0.00,0.00
2017.04.06 13:00:37.971,12.52881,12.53122,0.00,0.00
2017.04.06 13:00:38.072,12.52909,12.53122,0.00,0.00
2017.04.06 13:00:38.124,12.52909,12.53151,0.00,0.00
2017.04.06 13:00:38.225,12.52909,12.53169,0.00,0.00
2017.04.06 13:00:38.280,12.52938,12.53169,0.00,0.00
2017.04.06 13:00:38.981,12.52918,12.53169,0.00,0.00
2017.04.06 13:00:39.210,12.52938,12.53069,0.00,0.00
2017.04.06 13:00:39.526,12.52909,12.53069,0.00,0.00
2017.04.06 13:00:40.216,12.52919,12.53069,0.00,0.00
2017.04.06 13:00:40.683,12.52929,12.53069,0.00,0.00
2017.04.06 13:00:40.784,12.52909,12.53069,0.00,0.00
2017.04.06 13:00:43.693,12.52919,12.53069,0.00,0.00
2017.04.06 13:00:43.899,12.52909,12.53069,0.00,0.00
2017.04.06 13:00:49.297,12.52859,12.53069,0.00,0.00
2017.04.06 13:00:49.404,12.52878,12.53069,0.00,0.00
2017.04.06 13:00:49.532,12.52819,12.53062,0.00,0.00
2017.04.06 13:00:49.641,12.52819,12.53069,0.00,0.00
2017.04.06 13:00:49.699,12.52819,12.53052,0.00,0.00
2017.04.06 13:00:50.053,12.52819,12.53021,0.00,0.00
2017.04.06 13:00:50.404,12.52819,12.53041,0.00,0.00
2017.04.06 13:00:50.505,12.52819,12.53021,0.00,0.00
2017.04.06 13:00:50.616,12.52819,12.53051,0.00,0.00
2017.04.06 13:00:51.117,12.52819,12.53068,0.00,0.00
2017.04.06 13:00:51.324,12.52788,12.52979,0.00,0.00
2017.04.06 13:00:51.424,12.52769,12.52978,0.00,0.00
2017.04.06 13:00:51.475,12.52769,12.52958,0.00,0.00
2017.04.06 13:00:51.525,12.52718,12.52942,0.00,0.00
2017.04.06 13:00:51.751,12.52718,12.52952,0.00,0.00
2017.04.06 13:00:51.804,12.52718,12.52921,0.00,0.00
2017.04.06 13:00:52.228,12.52718,12.52958,0.00,0.00
2017.04.06 13:00:52.717,12.52718,12.52951,0.00,0.00
2017.04.06 13:00:52.830,12.52718,12.52958,0.00,0.00
2017.04.06 13:00:53.143,12.52718,12.52952,0.00,0.00
2017.04.06 13:00:53.421,12.52718,12.52958,0.00,0.00
2017.04.06 13:00:53.738,12.52688,12.52881,0.00,0.00
2017.04.06 13:00:53.958,12.52619,12.52868,0.00,0.00
2017.04.06 13:00:54.010,12.52619,12.52862,0.00,0.00
2017.04.06 13:00:54.111,12.52619,12.52868,0.00,0.00
2017.04.06 13:00:54.344,12.52619,12.52851,0.00,0.00
2017.04.06 13:00:54.634,12.52619,12.52868,0.00,0.00
2017.04.06 13:00:54.734,12.52619,12.52851,0.00,0.00
2017.04.06 13:00:55.064,12.52649,12.52868,0.00,0.00
2017.04.06 13:00:55.212,12.52619,12.52868,0.00,0.00
2017.04.06 13:00:55.312,12.52628,12.52868,0.00,0.00
2017.04.06 13:00:55.914,12.52619,12.52868,0.00,0.00
2017.04.06 13:00:56.049,12.52628,12.52868,0.00,0.00
2017.04.06 13:00:56.114,12.52619,12.52868,0.00,0.00
2017.04.06 13:00:57.316,12.52628,12.52868,0.00,0.00
2017.04.06 13:00:57.655,12.52619,12.52842,0.00,0.00
2017.04.06 13:00:57.847,12.52619,12.52868,0.00,0.00
2017.04.06 13:00:58.028,12.52638,12.52868,0.00,0.00
2017.04.06 13:00:58.117,12.52619,12.52852,0.00,0.00
2017.04.06 13:00:58.718,12.52619,12.52868,0.00,0.00
2017.04.06 13:00:59.025,12.52619,12.52851,0.00,0.00
2017.04.06 13:00:59.127,12.52619,12.52868,0.00,0.00
2017.04.06 13:00:59.519,12.52619,12.52852,0.00,0.00
2017.04.06 13:01:00.132,12.52619,12.52861,0.00,0.00
2017.04.06 13:01:00.220,12.52619,12.52881,0.00,0.00
2017.04.06 13:01:00.322,12.52621,12.52881,0.00,0.00
2017.04.06 13:01:00.653,12.52621,12.52862,0.00,0.00
2017.04.06 13:01:01.000,12.52631,12.52862,0.00,0.00
2017.04.06 13:01:01.050,12.52631,12.52881,0.00,0.00
2017.04.06 13:01:01.457,12.52631,12.52862,0.00,0.00
2017.04.06 13:01:01.560,12.52631,12.52871,0.00,0.00
2017.04.06 13:01:01.916,12.52732,12.52932,0.00,0.00
2017.04.06 13:01:01.967,12.52732,12.52981,0.00,0.00
2017.04.06 13:01:02.023,12.52748,12.52981,0.00,0.00
2017.04.06 13:01:02.224,12.52732,12.52981,0.00,0.00
2017.04.06 13:01:02.460,12.52748,12.52981,0.00,0.00
2017.04.06 13:01:02.568,12.52732,12.52981,0.00,0.00
2017.04.06 13:01:02.860,12.52831,12.53022,0.00,0.00
2017.04.06 13:01:02.973,12.52831,12.53069,0.00,0.00
2017.04.06 13:01:04.428,12.52831,12.53042,0.00,0.00
2017.04.06 13:01:04.553,12.52758,12.52981,0.00,0.00
2017.04.06 13:01:04.654,12.52741,12.52951,0.00,0.00
2017.04.06 13:01:04.820,12.52721,12.52951,0.00,0.00
2017.04.06 13:01:04.927,12.52721,12.52981,0.00,0.00
2017.04.06 13:01:05.430,12.52728,12.52981,0.00,0.00
2017.04.06 13:01:05.546,12.52721,12.52981,0.00,0.00
2017.04.06 13:01:05.730,12.52728,12.52981,0.00,0.00
2017.04.06 13:01:06.065,12.52749,12.52981,0.00,0.00
2017.04.06 13:01:06.131,12.52721,12.52981,0.00,0.00
2017.04.06 13:01:06.231,12.52729,12.52981,0.00,0.00
2017.04.06 13:01:06.632,12.52721,12.52981,0.00,0.00
2017.04.06 13:01:06.732,12.52721,12.52951,0.00,0.00
2017.04.06 13:01:06.836,12.52721,12.52972,0.00,0.00
2017.04.06 13:01:06.937,12.52821,12.53021,0.00,0.00
2017.04.06 13:01:07.039,12.52821,12.53042,0.00,0.00
2017.04.06 13:01:07.180,12.52821,12.53069,0.00,0.00
2017.04.06 13:01:07.394,12.52799,12.53028,0.00,0.00
2017.04.06 13:01:07.608,12.52732,12.52982,0.00,0.00
2017.04.06 13:01:07.658,12.52732,12.52952,0.00,0.00
2017.04.06 13:01:07.734,12.52738,12.52982,0.00,0.00
2017.04.06 13:01:07.861,12.52732,12.52951,0.00,0.00
2017.04.06 13:01:08.034,12.52732,12.52981,0.00,0.00
2017.04.06 13:01:08.151,12.52738,12.52982,0.00,0.00
2017.04.06 13:01:08.365,12.52732,12.52982,0.00,0.00
2017.04.06 13:01:08.939,12.52732,12.52952,0.00,0.00
2017.04.06 13:01:09.065,12.52732,12.52962,0.00,0.00
2017.04.06 13:01:09.174,12.52732,12.52982,0.00,0.00
2017.04.06 13:01:09.356,12.52732,12.52961,0.00,0.00
2017.04.06 13:01:09.475,12.52732,12.52981,0.00,0.00
2017.04.06 13:01:09.537,12.52738,12.52982,0.00,0.00
2017.04.06 13:01:09.932,12.52732,12.52952,0.00,0.00
2017.04.06 13:01:09.982,12.52732,12.52961,0.00,0.00
2017.04.06 13:01:11.167,12.52732,12.52981,0.00,0.00
2017.04.06 13:01:11.240,12.52732,12.52962,0.00,0.00
2017.04.06 13:01:11.444,12.52732,12.52982,0.00,0.00
2017.04.06 13:01:11.575,12.52721,12.52952,0.00,0.00
2017.04.06 13:01:11.965,12.52721,12.52962,0.00,0.00
2017.04.06 13:01:12.087,12.52721,12.52982,0.00,0.00
2017.04.06 13:01:12.643,12.52721,12.52962,0.00,0.00
2017.04.06 13:01:13.006,12.52721,12.52942,0.00,0.00
2017.04.06 13:01:13.056,12.52721,12.52962,0.00,0.00
2017.04.06 13:01:13.168,12.52721,12.52972,0.00,0.00
2017.04.06 13:01:13.850,12.52721,12.52962,0.00,0.00
2017.04.06 13:01:16.173,12.52721,12.52982,0.00,0.00
2017.04.06 13:01:16.274,12.52721,12.52941,0.00,0.00
2017.04.06 13:01:16.448,12.52721,12.52962,0.00,0.00
2017.04.06 13:01:16.599,12.52721,12.52941,0.00,0.00
2017.04.06 13:01:17.049,12.52721,12.52952,0.00,0.00
2017.04.06 13:01:17.150,12.52722,12.52941,0.00,0.00
2017.04.06 13:01:17.750,12.52722,12.52951,0.00,0.00
2017.04.06 13:01:18.366,12.52722,12.52971,0.00,0.00
2017.04.06 13:01:19.154,12.52722,12.52962,0.00,0.00
2017.04.06 13:01:19.255,12.52722,12.52972,0.00,0.00
2017.04.06 13:01:19.353,12.52722,12.52962,0.00,0.00
2017.04.06 13:01:19.844,12.52722,12.52942,0.00,0.00
2017.04.06 13:01:20.016,12.52671,12.52931,0.00,0.00
2017.04.06 13:01:20.067,12.52671,12.52872,0.00,0.00
2017.04.06 13:01:20.168,12.52671,12.52931,0.00,0.00
2017.04.06 13:01:20.269,12.52718,12.52922,0.00,0.00
2017.04.06 13:01:20.384,12.52718,12.52971,0.00,0.00
2017.04.06 13:01:20.495,12.52718,12.52942,0.00,0.00
2017.04.06 13:01:21.390,12.52718,12.52952,0.00,0.00
2017.04.06 13:01:21.734,12.52718,12.52942,0.00,0.00
2017.04.06 13:01:21.957,12.52718,12.52972,0.00,0.00
2017.04.06 13:01:22.161,12.52718,12.52941,0.00,0.00
2017.04.06 13:01:22.211,12.52668,12.52919,0.00,0.00
2017.04.06 13:01:22.262,12.52668,12.52881,0.00,0.00
2017.04.06 13:01:22.312,12.52621,12.52881,0.00,0.00
2017.04.06 13:01:22.466,12.52659,12.52881,0.00,0.00
2017.04.06 13:01:22.649,12.52718,12.52941,0.00,0.00
2017.04.06 13:01:22.807,12.52718,12.52971,0.00,0.00
2017.04.06 13:01:23.492,12.52718,12.52961,0.00,0.00
2017.04.06 13:01:23.862,12.52718,12.52942,0.00,0.00
2017.04.06 13:01:23.962,12.52669,12.52919,0.00,0.00
2017.04.06 13:01:24.069,12.52621,12.52881,0.00,0.00
2017.04.06 13:01:24.172,12.52621,12.52842,0.00,0.00
2017.04.06 13:01:24.430,12.52621,12.52851,0.00,0.00
2017.04.06 13:01:24.481,12.52621,12.52832,0.00,0.00
2017.04.06 13:01:24.797,12.52621,12.52851,0.00,0.00
2017.04.06 13:01:24.863,12.52621,12.52871,0.00,0.00
2017.04.06 13:01:25.486,12.52621,12.52841,0.00,0.00
2017.04.06 13:01:25.776,12.52621,12.52872,0.00,0.00
2017.04.06 13:01:25.877,12.52621,12.52851,0.00,0.00
2017.04.06 13:01:26.350,12.52621,12.52842,0.00,0.00
2017.04.06 13:01:26.400,12.52621,12.52871,0.00,0.00
2017.04.06 13:01:26.501,12.52621,12.52831,0.00,0.00
2017.04.06 13:01:27.168,12.52621,12.52841,0.00,0.00
2017.04.06 13:01:27.510,12.52621,12.52852,0.00,0.00
2017.04.06 13:01:27.915,12.52621,12.52831,0.00,0.00
2017.04.06 13:01:28.119,12.52621,12.52862,0.00,0.00
2017.04.06 13:01:28.275,12.52621,12.52832,0.00,0.00
2017.04.06 13:01:28.783,12.52621,12.52862,0.00,0.00
2017.04.06 13:01:29.191,12.52621,12.52831,0.00,0.00
2017.04.06 13:01:29.271,12.52621,12.52862,0.00,0.00
2017.04.06 13:01:29.374,12.52621,12.52831,0.00,0.00
2017.04.06 13:01:30.118,12.52621,12.52862,0.00,0.00
2017.04.06 13:01:30.172,12.52621,12.52842,0.00,0.00
2017.04.06 13:01:30.633,12.52621,12.52832,0.00,0.00
2017.04.06 13:01:30.684,12.52621,12.52842,0.00,0.00
2017.04.06 13:01:30.913,12.52621,12.52831,0.00,0.00
2017.04.06 13:01:30.973,12.52621,12.52862,0.00,0.00
2017.04.06 13:01:31.395,12.52621,12.52831,0.00,0.00
2017.04.06 13:01:31.777,12.52621,12.52841,0.00,0.00
2017.04.06 13:01:31.875,12.52621,12.52862,0.00,0.00
2017.04.06 13:01:32.094,12.52621,12.52832,0.00,0.00
2017.04.06 13:01:32.199,12.52621,12.52861,0.00,0.00
2017.04.06 13:01:34.101,12.52621,12.52832,0.00,0.00
2017.04.06 13:01:34.178,12.52621,12.52872,0.00,0.00
2017.04.06 13:01:34.506,12.52621,12.52852,0.00,0.00
2017.04.06 13:01:34.714,12.52621,12.52871,0.00,0.00
2017.04.06 13:01:34.817,12.52621,12.52852,0.00,0.00
2017.04.06 13:01:35.358,12.52621,12.52832,0.00,0.00
2017.04.06 13:01:35.514,12.52669,12.52921,0.00,0.00
2017.04.06 13:01:35.940,12.52668,12.52842,0.00,0.00
2017.04.06 13:01:35.991,12.52668,12.52892,0.00,0.00
2017.04.06 13:01:36.091,12.52668,12.52921,0.00,0.00
2017.04.06 13:01:36.772,12.52719,12.52921,0.00,0.00
2017.04.06 13:01:36.923,12.52719,12.52952,0.00,0.00
2017.04.06 13:01:38.198,12.52719,12.52921,0.00,0.00
2017.04.06 13:01:38.284,12.52719,12.52941,0.00,0.00
2017.04.06 13:01:39.598,12.52719,12.52922,0.00,0.00
2017.04.06 13:01:39.700,12.52719,12.52952,0.00,0.00
2017.04.06 13:01:40.030,12.52719,12.52942,0.00,0.00
2017.04.06 13:01:40.132,12.52719,12.52978,0.00,0.00
2017.04.06 13:01:40.187,12.52719,12.52951,0.00,0.00
2017.04.06 13:01:40.487,12.52719,12.52978,0.00,0.00
2017.04.06 13:01:41.014,12.52719,12.52962,0.00,0.00
2017.04.06 13:01:41.351,12.52719,12.52912,0.00,0.00
2017.04.06 13:01:42.635,12.52719,12.52952,0.00,0.00
2017.04.06 13:01:43.192,12.52719,12.52921,0.00,0.00
2017.04.06 13:01:43.493,12.52719,12.52952,0.00,0.00
2017.04.06 13:01:43.694,12.52719,12.52978,0.00,0.00
2017.04.06 13:01:43.810,12.52719,12.52961,0.00,0.00
2017.04.06 13:01:44.266,12.52719,12.52952,0.00,0.00
2017.04.06 13:01:44.707,12.52719,12.52942,0.00,0.00
2017.04.06 13:01:44.757,12.52719,12.52962,0.00,0.00
2017.04.06 13:01:44.808,12.52719,12.52921,0.00,0.00
2017.04.06 13:01:45.001,12.52719,12.52981,0.00,0.00
2017.04.06 13:01:45.994,12.52768,12.53001,0.00,0.00
2017.04.06 13:01:46.582,12.52769,12.53002,0.00,0.00
2017.04.06 13:01:47.339,12.52769,12.52981,0.00,0.00
2017.04.06 13:01:47.440,12.52769,12.53012,0.00,0.00
2017.04.06 13:01:47.499,12.52769,12.52991,0.00,0.00
2017.04.06 13:01:47.849,12.52769,12.52981,0.00,0.00
2017.04.06 13:01:47.900,12.52769,12.52992,0.00,0.00
2017.04.06 13:01:48.296,12.52718,12.52979,0.00,0.00
2017.04.06 13:01:48.401,12.52718,12.52921,0.00,0.00
2017.04.06 13:01:48.601,12.52718,12.52952,0.00,0.00
2017.04.06 13:01:49.119,12.52818,12.52952,0.00,0.00
2017.04.06 13:01:49.303,12.52818,12.53031,0.00,0.00
2017.04.06 13:01:49.518,12.52818,12.53022,0.00,0.00
2017.04.06 13:01:49.662,12.52818,12.53032,0.00,0.00
2017.04.06 13:01:50.307,12.52818,12.53021,0.00,0.00
2017.04.06 13:01:50.530,12.52818,12.53041,0.00,0.00
2017.04.06 13:01:51.147,12.52769,12.53031,0.00,0.00
2017.04.06 13:01:51.248,12.52769,12.53022,0.00,0.00
2017.04.06 13:01:51.349,12.52718,12.52982,0.00,0.00
2017.04.06 13:01:51.409,12.52718,12.52931,0.00,0.00
2017.04.06 13:01:51.646,12.52718,12.52952,0.00,0.00
2017.04.06 13:01:51.810,12.52718,12.52941,0.00,0.00
2017.04.06 13:01:53.074,12.52819,12.52941,0.00,0.00
2017.04.06 13:01:53.125,12.52819,12.52951,0.00,0.00
2017.04.06 13:01:53.256,12.52819,12.53031,0.00,0.00
2017.04.06 13:01:53.430,12.52768,12.53031,0.00,0.00
2017.04.06 13:01:53.535,12.52768,12.53002,0.00,0.00
2017.04.06 13:01:53.873,12.52752,12.52982,0.00,0.00
2017.04.06 13:01:54.016,12.52769,12.53011,0.00,0.00
2017.04.06 13:01:54.117,12.52769,12.52992,0.00,0.00
2017.04.06 13:01:54.222,12.52769,12.53011,0.00,0.00
2017.04.06 13:01:54.336,12.52769,12.52992,0.00,0.00
2017.04.06 13:01:56.350,12.52769,12.53012,0.00,0.00
2017.04.06 13:01:56.420,12.52769,12.53002,0.00,0.00
2017.04.06 13:01:56.749,12.52818,12.52982,0.00,0.00
2017.04.06 13:01:56.853,12.52818,12.53041,0.00,0.00
2017.04.06 13:01:56.922,12.52818,12.53051,0.00,0.00
2017.04.06 13:01:57.058,12.52818,12.52999,0.00,0.00
2017.04.06 13:01:57.108,12.52738,12.52982,0.00,0.00
2017.04.06 13:01:57.159,12.52718,12.52961,0.00,0.00
2017.04.06 13:01:57.361,12.52729,12.52982,0.00,0.00
2017.04.06 13:01:57.462,12.52739,12.52982,0.00,0.00
2017.04.06 13:01:57.524,12.52718,12.52972,0.00,0.00
2017.04.06 13:01:57.625,12.52718,12.52982,0.00,0.00
2017.04.06 13:01:57.827,12.52818,12.52981,0.00,0.00
2017.04.06 13:01:57.929,12.52818,12.52992,0.00,0.00
2017.04.06 13:01:58.068,12.52818,12.53051,0.00,0.00
2017.04.06 13:01:58.442,12.52818,12.53031,0.00,0.00
2017.04.06 13:01:58.558,12.52818,12.53051,0.00,0.00
2017.04.06 13:01:59.329,12.52818,12.53031,0.00,0.00
2017.04.06 13:01:59.745,12.52818,12.53052,0.00,0.00
2017.04.06 13:01:59.831,12.52818,12.53031,0.00,0.00
2017.04.06 13:02:00.124,12.52808,12.53022,0.00,0.00
2017.04.06 13:02:00.231,12.52808,12.53031,0.00,0.00
2017.04.06 13:02:00.375,12.52808,12.53022,0.00,0.00
2017.04.06 13:02:00.432,12.52808,12.53052,0.00,0.00
2017.04.06 13:02:02.007,12.52768,12.52989,0.00,0.00
2017.04.06 13:02:02.165,12.52738,12.52972,0.00,0.00
2017.04.06 13:02:02.237,12.52708,12.52941,0.00,0.00
2017.04.06 13:02:02.342,12.52708,12.52962,0.00,0.00
2017.04.06 13:02:02.444,12.52708,12.52931,0.00,0.00
2017.04.06 13:02:02.953,12.52708,12.52962,0.00,0.00
2017.04.06 13:02:03.240,12.52708,12.52952,0.00,0.00
2017.04.06 13:02:04.752,12.52708,12.52932,0.00,0.00
2017.04.06 13:02:04.845,12.52708,12.52942,0.00,0.00
2017.04.06 13:02:05.190,12.52708,12.52932,0.00,0.00
2017.04.06 13:02:05.246,12.52708,12.52941,0.00,0.00
2017.04.06 13:02:06.249,12.52708,12.52932,0.00,0.00
2017.04.06 13:02:06.350,12.52708,12.52962,0.00,0.00
2017.04.06 13:02:06.676,12.52708,12.52941,0.00,0.00
2017.04.06 13:02:06.751,12.52708,12.52962,0.00,0.00
2017.04.06 13:02:06.951,12.52708,12.52932,0.00,0.00
2017.04.06 13:02:07.452,12.52708,12.52952,0.00,0.00
2017.04.06 13:02:07.856,12.52708,12.52932,0.00,0.00
2017.04.06 13:02:07.995,12.52708,12.52941,0.00,0.00
2017.04.06 13:02:08.187,12.52708,12.52932,0.00,0.00
2017.04.06 13:02:08.856,12.52708,12.52922,0.00,0.00
2017.04.06 13:02:09.263,12.52708,12.52942,0.00,0.00
2017.04.06 13:02:09.364,12.52708,12.52921,0.00,0.00
2017.04.06 13:02:09.610,12.52708,12.52952,0.00,0.00
2017.04.06 13:02:10.039,12.52759,12.52952,0.00,0.00
2017.04.06 13:02:10.262,12.52809,12.53039,0.00,0.00
2017.04.06 13:02:10.477,12.52809,12.53012,0.00,0.00
2017.04.06 13:02:10.563,12.52809,12.53039,0.00,0.00
2017.04.06 13:02:10.669,12.52809,12.53032,0.00,0.00
2017.04.06 13:02:10.763,12.52809,12.53039,0.00,0.00
2017.04.06 13:02:11.235,12.52809,12.53031,0.00,0.00
2017.04.06 13:02:11.286,12.52809,12.53039,0.00,0.00
2017.04.06 13:02:11.405,12.52809,12.53012,0.00,0.00
2017.04.06 13:02:11.868,12.52809,12.53031,0.00,0.00
2017.04.06 13:02:11.971,12.52809,12.53039,0.00,0.00
2017.04.06 13:02:12.136,12.52809,12.53042,0.00,0.00
2017.04.06 13:02:12.771,12.52809,12.53032,0.00,0.00
2017.04.06 13:02:13.006,12.52758,12.52988,0.00,0.00
2017.04.06 13:02:13.107,12.52758,12.52962,0.00,0.00
2017.04.06 13:02:13.308,12.52808,12.53031,0.00,0.00
2017.04.06 13:02:13.373,12.52808,12.53042,0.00,0.00
2017.04.06 13:02:13.515,12.52808,12.53031,0.00,0.00
2017.04.06 13:02:13.617,12.52808,12.53042,0.00,0.00
2017.04.06 13:02:13.750,12.52808,12.53012,0.00,0.00
2017.04.06 13:02:14.075,12.52808,12.53041,0.00,0.00
2017.04.06 13:02:14.275,12.52808,12.53032,0.00,0.00
2017.04.06 13:02:15.484,12.52808,12.53042,0.00,0.00
2017.04.06 13:02:16.779,12.52808,12.53032,0.00,0.00
2017.04.06 13:02:17.248,12.52808,12.53012,0.00,0.00
2017.04.06 13:02:17.608,12.52808,12.53041,0.00,0.00
2017.04.06 13:02:17.681,12.52808,12.53012,0.00,0.00
2017.04.06 13:02:18.466,12.52808,12.53042,0.00,0.00
2017.04.06 13:02:18.517,12.52808,12.53022,0.00,0.00
2017.04.06 13:02:18.869,12.52808,12.53012,0.00,0.00
2017.04.06 13:02:19.216,12.52808,12.53042,0.00,0.00
2017.04.06 13:02:19.609,12.52808,12.53022,0.00,0.00
2017.04.06 13:02:21.689,12.52808,12.53042,0.00,0.00
2017.04.06 13:02:21.918,12.52808,12.53011,0.00,0.00
2017.04.06 13:02:22.091,12.52808,12.53022,0.00,0.00
2017.04.06 13:02:22.392,12.52808,12.53042,0.00,0.00
2017.04.06 13:02:23.694,12.52808,12.53012,0.00,0.00
2017.04.06 13:02:23.795,12.52808,12.53042,0.00,0.00
2017.04.06 13:02:24.309,12.52808,12.53021,0.00,0.00
2017.04.06 13:02:24.697,12.52808,12.53011,0.00,0.00
2017.04.06 13:02:24.999,12.52808,12.53042,0.00,0.00
2017.04.06 13:02:25.107,12.52808,12.53011,0.00,0.00
2017.04.06 13:02:25.699,12.52808,12.53022,0.00,0.00
2017.04.06 13:02:27.203,12.52808,12.53041,0.00,0.00
2017.04.06 13:02:27.401,12.52808,12.53012,0.00,0.00
2017.04.06 13:02:29.706,12.52808,12.53042,0.00,0.00
2017.04.06 13:02:30.144,12.52858,12.53042,0.00,0.00
2017.04.06 13:02:30.508,12.52908,12.53069,0.00,0.00
2017.04.06 13:02:39.181,12.52908,12.53068,0.00,0.00
2017.04.06 13:02:39.433,12.52731,12.52968,0.00,0.00
2017.04.06 13:02:39.557,12.52731,12.52922,0.00,0.00
2017.04.06 13:02:39.607,12.52708,12.52922,0.00,0.00
2017.04.06 13:02:39.658,12.52708,12.52931,0.00,0.00
2017.04.06 13:02:39.768,12.52708,12.52921,0.00,0.00
2017.04.06 13:02:39.833,12.52708,12.52932,0.00,0.00
2017.04.06 13:02:40.151,12.52708,12.52922,0.00,0.00
2017.04.06 13:02:40.435,12.52708,12.52931,0.00,0.00
2017.04.06 13:02:40.534,12.52708,12.52951,0.00,0.00
2017.04.06 13:02:40.735,12.52708,12.52932,0.00,0.00
2017.04.06 13:02:41.135,12.52708,12.52921,0.00,0.00
2017.04.06 13:02:41.736,12.52708,12.52932,0.00,0.00
2017.04.06 13:02:43.078,12.52708,12.52921,0.00,0.00
2017.04.06 13:02:44.518,12.52708,12.52932,0.00,0.00
2017.04.06 13:02:44.568,12.52708,12.52921,0.00,0.00
2017.04.06 13:02:44.689,12.52708,12.52931,0.00,0.00
2017.04.06 13:02:45.546,12.52708,12.52951,0.00,0.00
2017.04.06 13:02:45.814,12.52669,12.52869,0.00,0.00
2017.04.06 13:02:45.969,12.52639,12.52869,0.00,0.00
2017.04.06 13:02:46.070,12.52608,12.52869,0.00,0.00
2017.04.06 13:02:46.318,12.52608,12.52832,0.00,0.00
2017.04.06 13:02:46.444,12.52608,12.52842,0.00,0.00
2017.04.06 13:02:46.867,12.52608,12.52861,0.00,0.00
2017.04.06 13:02:47.873,12.52608,12.52842,0.00,0.00
2017.04.06 13:02:47.948,12.52608,12.52862,0.00,0.00
2017.04.06 13:02:48.110,12.52672,12.52862,0.00,0.00
2017.04.06 13:02:48.173,12.52708,12.52912,0.00,0.00
2017.04.06 13:02:48.276,12.52708,12.52938,0.00,0.00
2017.04.06 13:02:48.625,12.52659,12.52918,0.00,0.00
2017.04.06 13:02:48.675,12.52659,12.52912,0.00,0.00
2017.04.06 13:02:49.025,12.52708,12.52922,0.00,0.00
2017.04.06 13:02:49.075,12.52708,12.52938,0.00,0.00
2017.04.06 13:02:49.853,12.52728,12.52938,0.00,0.00
2017.04.06 13:02:50.095,12.52708,12.52938,0.00,0.00
2017.04.06 13:02:50.171,12.52708,12.52968,0.00,0.00
2017.04.06 13:02:50.467,12.52708,12.52942,0.00,0.00
2017.04.06 13:02:50.675,12.52708,12.52952,0.00,0.00
2017.04.06 13:02:50.798,12.52728,12.52968,0.00,0.00
2017.04.06 13:02:51.103,12.52768,12.52968,0.00,0.00
2017.04.06 13:02:51.204,12.52739,12.52968,0.00,0.00
2017.04.06 13:02:51.255,12.52709,12.52942,0.00,0.00
2017.04.06 13:02:51.458,12.52709,12.52968,0.00,0.00
2017.04.06 13:02:51.567,12.52709,12.52962,0.00,0.00
2017.04.06 13:02:52.959,12.52709,12.52968,0.00,0.00
2017.04.06 13:02:53.660,12.52739,12.52968,0.00,0.00
2017.04.06 13:02:53.711,12.52771,12.53021,0.00,0.00
2017.04.06 13:02:53.762,12.52771,12.52987,0.00,0.00
2017.04.06 13:02:54.005,12.52808,12.53039,0.00,0.00
2017.04.06 13:02:54.364,12.52808,12.53069,0.00,0.00
2017.04.06 13:02:54.414,12.52859,12.53069,0.00,0.00
2017.04.06 13:02:54.515,12.52808,12.53047,0.00,0.00
2017.04.06 13:02:54.566,12.52828,12.53069,0.00,0.00
2017.04.06 13:02:54.687,12.52839,12.53069,0.00,0.00
2017.04.06 13:02:54.788,12.52809,12.53069,0.00,0.00
2017.04.06 13:02:54.909,12.52808,12.53046,0.00,0.00
2017.04.06 13:02:55.517,12.52808,12.53037,0.00,0.00
2017.04.06 13:02:56.188,12.52808,12.53052,0.00,0.00
2017.04.06 13:02:56.467,12.52808,12.53059,0.00,0.00
2017.04.06 13:02:56.566,12.52808,12.53036,0.00,0.00
2017.04.06 13:02:56.907,12.52808,12.53052,0.00,0.00
2017.04.06 13:02:57.008,12.52808,12.53037,0.00,0.00
2017.04.06 13:02:57.109,12.52808,12.53059,0.00,0.00
2017.04.06 13:02:57.398,12.52808,12.53027,0.00,0.00
2017.04.06 13:02:57.469,12.52808,12.53041,0.00,0.00
2017.04.06 13:02:57.609,12.52759,12.52983,0.00,0.00
2017.04.06 13:02:57.776,12.52709,12.52961,0.00,0.00
2017.04.06 13:02:57.944,12.52772,12.52961,0.00,0.00
2017.04.06 13:02:57.995,12.52772,12.52991,0.00,0.00
2017.04.06 13:02:58.097,12.52808,12.52972,0.00,0.00
2017.04.06 13:02:58.208,12.52769,12.52972,0.00,0.00
2017.04.06 13:02:58.310,12.52789,12.52972,0.00,0.00
2017.04.06 13:02:58.416,12.52748,12.52972,0.00,0.00
2017.04.06 13:02:58.472,12.52708,12.52951,0.00,0.00
2017.04.06 13:02:58.574,12.52709,12.52972,0.00,0.00
2017.04.06 13:02:58.672,12.52708,12.52951,0.00,0.00
2017.04.06 13:02:59.004,12.52808,12.52979,0.00,0.00
2017.04.06 13:02:59.240,12.52808,12.53058,0.00,0.00
2017.04.06 13:02:59.878,12.52808,12.53051,0.00,0.00
2017.04.06 13:02:59.977,12.52808,12.53058,0.00,0.00
2017.04.06 13:03:01.581,12.52808,12.53051,0.00,0.00
2017.04.06 13:03:01.884,12.52718,12.52971,0.00,0.00
2017.04.06 13:03:01.935,12.52808,12.52979,0.00,0.00
2017.04.06 13:03:01.985,12.52808,12.52992,0.00,0.00
2017.04.06 13:03:02.086,12.52808,12.53068,0.00,0.00
2017.04.06 13:03:02.263,12.52839,12.53068,0.00,0.00
2017.04.06 13:03:02.319,12.52808,12.53042,0.00,0.00
2017.04.06 13:03:02.370,12.52798,12.53042,0.00,0.00
2017.04.06 13:03:02.527,12.52798,12.53052,0.00,0.00
2017.04.06 13:03:02.629,12.52798,12.53062,0.00,0.00
2017.04.06 13:03:03.084,12.52798,12.53042,0.00,0.00
2017.04.06 13:03:03.194,12.52798,12.53062,0.00,0.00
2017.04.06 13:03:03.721,12.52798,12.53058,0.00,0.00
2017.04.06 13:03:04.226,12.52798,12.53041,0.00,0.00
2017.04.06 13:03:05.031,12.52798,12.53058,0.00,0.00
2017.04.06 13:03:07.740,12.52798,12.53042,0.00,0.00
2017.04.06 13:03:07.795,12.52798,12.53058,0.00,0.00
2017.04.06 13:03:09.547,12.52798,12.53042,0.00,0.00
2017.04.06 13:03:10.148,12.52798,12.53058,0.00,0.00
2017.04.06 13:03:10.199,12.52798,12.53042,0.00,0.00
2017.04.06 13:03:10.726,12.52798,12.53058,0.00,0.00
2017.04.06 13:03:10.835,12.52798,12.53042,0.00,0.00
2017.04.06 13:03:11.101,12.52798,12.53052,0.00,0.00
2017.04.06 13:03:11.468,12.52768,12.52979,0.00,0.00
2017.04.06 13:03:11.626,12.52718,12.52962,0.00,0.00
2017.04.06 13:03:11.734,12.52698,12.52961,0.00,0.00
2017.04.06 13:03:11.802,12.52708,12.52962,0.00,0.00
2017.04.06 13:03:12.051,12.52698,12.52962,0.00,0.00
2017.04.06 13:03:13.453,12.52708,12.52962,0.00,0.00
2017.04.06 13:03:13.757,12.52698,12.52931,0.00,0.00
2017.04.06 13:03:13.808,12.52698,12.52942,0.00,0.00
2017.04.06 13:03:13.916,12.52699,12.52959,0.00,0.00
2017.04.06 13:03:14.321,12.52698,12.52951,0.00,0.00
2017.04.06 13:03:14.437,12.52698,12.52959,0.00,0.00
2017.04.06 13:03:14.993,12.52699,12.52959,0.00,0.00
2017.04.06 13:03:15.170,12.52698,12.52952,0.00,0.00
2017.04.06 13:03:15.612,12.52698,12.52959,0.00,0.00
2017.04.06 13:03:15.862,12.52698,12.52951,0.00,0.00
2017.04.06 13:03:15.912,12.52698,12.52959,0.00,0.00
2017.04.06 13:03:16.517,12.52698,12.52952,0.00,0.00
2017.04.06 13:03:17.115,12.52698,12.52959,0.00,0.00
2017.04.06 13:03:17.991,12.52698,12.52938,0.00,0.00
2017.04.06 13:03:18.243,12.52598,12.52851,0.00,0.00
2017.04.06 13:03:18.369,12.52608,12.52862,0.00,0.00
2017.04.06 13:03:18.419,12.52598,12.52851,0.00,0.00
2017.04.06 13:03:18.788,12.52609,12.52862,0.00,0.00
2017.04.06 13:03:19.257,12.52598,12.52862,0.00,0.00
2017.04.06 13:03:19.646,12.52608,12.52862,0.00,0.00
2017.04.06 13:03:20.464,12.52599,12.52862,0.00,0.00
2017.04.06 13:03:20.514,12.52699,12.52881,0.00,0.00
2017.04.06 13:03:20.761,12.52699,12.52938,0.00,0.00
2017.04.06 13:03:21.625,12.52708,12.52938,0.00,0.00
2017.04.06 13:03:22.645,12.52708,12.52961,0.00,0.00
2017.04.06 13:03:22.827,12.52699,12.52952,0.00,0.00
2017.04.06 13:03:23.128,12.52708,12.52961,0.00,0.00
2017.04.06 13:03:24.077,12.52699,12.52961,0.00,0.00
2017.04.06 13:03:24.229,12.52708,12.52961,0.00,0.00
2017.04.06 13:03:24.675,12.52749,12.52961,0.00,0.00
2017.04.06 13:03:24.730,12.52699,12.52961,0.00,0.00
2017.04.06 13:03:25.245,12.52708,12.52961,0.00,0.00
2017.04.06 13:03:25.597,12.52699,12.52961,0.00,0.00
2017.04.06 13:03:26.333,12.52699,12.52951,0.00,0.00
2017.04.06 13:03:26.458,12.52699,12.52961,0.00,0.00
2017.04.06 13:03:27.242,12.52669,12.52911,0.00,0.00
2017.04.06 13:03:27.479,12.52599,12.52861,0.00,0.00
2017.04.06 13:03:27.850,12.52609,12.52861,0.00,0.00
2017.04.06 13:03:28.037,12.52599,12.52861,0.00,0.00
2017.04.06 13:03:28.188,12.52648,12.52872,0.00,0.00
2017.04.06 13:03:28.239,12.52648,12.52879,0.00,0.00
2017.04.06 13:03:28.344,12.52668,12.52879,0.00,0.00
2017.04.06 13:03:28.579,12.52649,12.52862,0.00,0.00
2017.04.06 13:03:28.638,12.52619,12.52862,0.00,0.00
2017.04.06 13:03:28.739,12.52598,12.52861,0.00,0.00
2017.04.06 13:03:28.958,12.52619,12.52862,0.00,0.00
2017.04.06 13:03:29.067,12.52598,12.52851,0.00,0.00
2017.04.06 13:03:29.181,12.52598,12.52862,0.00,0.00
2017.04.06 13:03:29.282,12.52598,12.52852,0.00,0.00
2017.04.06 13:03:29.446,12.52598,12.52862,0.00,0.00
2017.04.06 13:03:29.541,12.52598,12.52852,0.00,0.00
2017.04.06 13:03:29.866,12.52599,12.52862,0.00,0.00
2017.04.06 13:03:30.077,12.52638,12.52862,0.00,0.00
2017.04.06 13:03:30.190,12.52598,12.52862,0.00,0.00
2017.04.06 13:03:30.437,12.52649,12.52862,0.00,0.00
2017.04.06 13:03:30.644,12.52609,12.52862,0.00,0.00
2017.04.06 13:03:30.694,12.52671,12.52891,0.00,0.00
2017.04.06 13:03:30.745,12.52671,12.52912,0.00,0.00
2017.04.06 13:03:30.796,12.52648,12.52912,0.00,0.00
2017.04.06 13:03:30.847,12.52668,12.52912,0.00,0.00
2017.04.06 13:03:30.948,12.52659,12.52912,0.00,0.00
2017.04.06 13:03:31.045,12.52648,12.52902,0.00,0.00
2017.04.06 13:03:31.159,12.52648,12.52912,0.00,0.00
2017.04.06 13:03:31.260,12.52648,12.52901,0.00,0.00
2017.04.06 13:03:31.595,12.52638,12.52862,0.00,0.00
2017.04.06 13:03:31.647,12.52598,12.52841,0.00,0.00
2017.04.06 13:03:31.747,12.52599,12.52862,0.00,0.00
2017.04.06 13:03:31.876,12.52628,12.52862,0.00,0.00
2017.04.06 13:03:32.589,12.52598,12.52842,0.00,0.00
2017.04.06 13:03:32.955,12.52598,12.52862,0.00,0.00
2017.04.06 13:03:34.065,12.52598,12.52861,0.00,0.00
2017.04.06 13:03:34.115,12.52592,12.52831,0.00,0.00
2017.04.06 13:03:35.078,12.52618,12.52831,0.00,0.00
2017.04.06 13:03:35.184,12.52599,12.52831,0.00,0.00
2017.04.06 13:03:35.856,12.52592,12.52831,0.00,0.00
2017.04.06 13:03:36.881,12.52681,12.52872,0.00,0.00
2017.04.06 13:03:37.082,12.52681,12.52932,0.00,0.00
2017.04.06 13:03:37.133,12.52668,12.52881,0.00,0.00
2017.04.06 13:03:37.183,12.52641,12.52881,0.00,0.00
2017.04.06 13:03:37.590,12.52609,12.52832,0.00,0.00
2017.04.06 13:03:37.690,12.52591,12.52832,0.00,0.00
2017.04.06 13:03:37.872,12.52618,12.52832,0.00,0.00
2017.04.06 13:03:38.087,12.52591,12.52832,0.00,0.00
2017.04.06 13:03:41.145,12.52641,12.52852,0.00,0.00
2017.04.06 13:03:41.196,12.52641,12.52872,0.00,0.00
2017.04.06 13:03:41.397,12.52641,12.52882,0.00,0.00
2017.04.06 13:03:41.448,12.52628,12.52832,0.00,0.00
2017.04.06 13:03:41.499,12.52618,12.52832,0.00,0.00
2017.04.06 13:03:41.599,12.52592,12.52831,0.00,0.00
2017.04.06 13:03:42.102,12.52592,12.52832,0.00,0.00
2017.04.06 13:03:43.588,12.52592,12.52831,0.00,0.00
2017.04.06 13:03:43.639,12.52581,12.52831,0.00,0.00
2017.04.06 13:03:43.689,12.52588,12.52832,0.00,0.00
2017.04.06 13:03:44.006,12.52581,12.52832,0.00,0.00
2017.04.06 13:03:46.186,12.52581,12.52831,0.00,0.00
2017.04.06 13:03:46.705,12.52581,12.52832,0.00,0.00
2017.04.06 13:03:46.778,12.52581,12.52822,0.00,0.00
2017.04.06 13:03:47.186,12.52581,12.52832,0.00,0.00
2017.04.06 13:03:47.379,12.52581,12.52822,0.00,0.00
2017.04.06 13:03:47.723,12.52581,12.52832,0.00,0.00
2017.04.06 13:03:48.230,12.52581,12.52831,0.00,0.00
2017.04.06 13:03:49.716,12.52538,12.52778,0.00,0.00
2017.04.06 13:03:50.082,12.52492,12.52732,0.00,0.00
2017.04.06 13:03:51.328,12.52518,12.52732,0.00,0.00
2017.04.06 13:03:51.388,12.52499,12.52732,0.00,0.00
2017.04.06 13:03:51.489,12.52528,12.52732,0.00,0.00
2017.04.06 13:03:51.588,12.52508,12.52732,0.00,0.00
2017.04.06 13:03:51.724,12.52528,12.52732,0.00,0.00
2017.04.06 13:03:52.036,12.52571,12.52782,0.00,0.00
2017.04.06 13:03:52.189,12.52571,12.52792,0.00,0.00
2017.04.06 13:03:52.296,12.52571,12.52831,0.00,0.00
2017.04.06 13:03:53.009,12.52528,12.52732,0.00,0.00
2017.04.06 13:03:53.109,12.52491,12.52732,0.00,0.00
2017.04.06 13:03:53.192,12.52498,12.52732,0.00,0.00
2017.04.06 13:03:53.499,12.52491,12.52732,0.00,0.00
2017.04.06 13:03:54.015,12.52492,12.52732,0.00,0.00
2017.04.06 13:03:55.012,12.52492,12.52731,0.00,0.00
2017.04.06 13:03:56.440,12.52498,12.52731,0.00,0.00
2017.04.06 13:03:56.498,12.52492,12.52731,0.00,0.00
2017.04.06 13:03:59.217,12.52458,12.52709,0.00,0.00
2017.04.06 13:03:59.268,12.52469,12.52682,0.00,0.00
2017.04.06 13:03:59.436,12.52401,12.52652,0.00,0.00
2017.04.06 13:03:59.487,12.52401,12.52631,0.00,0.00
2017.04.06 13:04:02.532,12.52399,12.52532,0.00,0.00
2017.04.06 13:04:02.632,12.52392,12.52611,0.00,0.00
2017.04.06 13:04:02.733,12.52392,12.52621,0.00,0.00
2017.04.06 13:04:02.838,12.52392,12.52631,0.00,0.00
2017.04.06 13:04:03.633,12.52392,12.52622,0.00,0.00
2017.04.06 13:04:03.833,12.52301,12.52532,0.00,0.00
2017.04.06 13:04:04.034,12.52308,12.52532,0.00,0.00
2017.04.06 13:04:04.434,12.52301,12.52532,0.00,0.00
2017.04.06 13:04:04.534,12.52308,12.52532,0.00,0.00
2017.04.06 13:04:04.637,12.52301,12.52532,0.00,0.00
2017.04.06 13:04:05.761,12.52338,12.52532,0.00,0.00
2017.04.06 13:04:05.836,12.52309,12.52532,0.00,0.00
2017.04.06 13:04:06.149,12.52301,12.52532,0.00,0.00
2017.04.06 13:04:07.325,12.52291,12.52532,0.00,0.00
2017.04.06 13:04:07.584,12.52298,12.52532,0.00,0.00
2017.04.06 13:04:08.555,12.52291,12.52532,0.00,0.00
2017.04.06 13:04:08.741,12.52298,12.52532,0.00,0.00
2017.04.06 13:04:09.342,12.52291,12.52532,0.00,0.00
2017.04.06 13:04:09.471,12.52368,12.52561,0.00,0.00
2017.04.06 13:04:09.572,12.52381,12.52592,0.00,0.00
2017.04.06 13:04:09.732,12.52378,12.52531,0.00,0.00
2017.04.06 13:04:09.784,12.52329,12.52531,0.00,0.00
2017.04.06 13:04:09.844,12.52301,12.52531,0.00,0.00
2017.04.06 13:04:09.992,12.52328,12.52531,0.00,0.00
2017.04.06 13:04:10.044,12.52301,12.52531,0.00,0.00
2017.04.06 13:04:10.366,12.52308,12.52531,0.00,0.00
2017.04.06 13:04:10.467,12.52301,12.52531,0.00,0.00
2017.04.06 13:04:10.790,12.52308,12.52531,0.00,0.00
2017.04.06 13:04:10.894,12.52301,12.52531,0.00,0.00
2017.04.06 13:04:12.654,12.52309,12.52531,0.00,0.00
2017.04.06 13:04:12.789,12.52301,12.52531,0.00,0.00
2017.04.06 13:04:14.782,12.52298,12.52531,0.00,0.00
2017.04.06 13:04:15.010,12.52282,12.52531,0.00,0.00
2017.04.06 13:04:15.283,12.52248,12.52482,0.00,0.00
2017.04.06 13:04:15.390,12.52219,12.52472,0.00,0.00
2017.04.06 13:04:15.441,12.52221,12.52472,0.00,0.00
2017.04.06 13:04:15.767,12.52221,12.52462,0.00,0.00
2017.04.06 13:04:15.955,12.52221,12.52472,0.00,0.00
2017.04.06 13:04:16.200,12.52221,12.52462,0.00,0.00
2017.04.06 13:04:16.356,12.52221,12.52472,0.00,0.00
2017.04.06 13:04:16.576,12.52248,12.52472,0.00,0.00
2017.04.06 13:04:16.677,12.52221,12.52462,0.00,0.00
2017.04.06 13:04:16.737,12.52211,12.52462,0.00,0.00
2017.04.06 13:04:16.787,12.52211,12.52452,0.00,0.00
2017.04.06 13:04:17.196,12.52211,12.52472,0.00,0.00
2017.04.06 13:04:17.370,12.52211,12.52451,0.00,0.00
2017.04.06 13:04:17.805,12.52211,12.52472,0.00,0.00
2017.04.06 13:04:18.103,12.52211,12.52461,0.00,0.00
2017.04.06 13:04:18.204,12.52211,12.52472,0.00,0.00
2017.04.06 13:04:18.538,12.52211,12.52458,0.00,0.00
2017.04.06 13:04:18.639,12.52208,12.52458,0.00,0.00
2017.04.06 13:04:19.262,12.52209,12.52458,0.00,0.00
2017.04.06 13:04:19.789,12.52208,12.52458,0.00,0.00
2017.04.06 13:04:20.865,12.52208,12.52451,0.00,0.00
2017.04.06 13:04:21.201,12.52108,12.52372,0.00,0.00
2017.04.06 13:04:21.268,12.52119,12.52372,0.00,0.00
2017.04.06 13:04:21.805,12.52169,12.52372,0.00,0.00
2017.04.06 13:04:21.908,12.52108,12.52372,0.00,0.00
2017.04.06 13:04:22.187,12.52118,12.52372,0.00,0.00
2017.04.06 13:04:22.495,12.52108,12.52372,0.00,0.00
2017.04.06 13:04:22.597,12.52108,12.52362,0.00,0.00
2017.04.06 13:04:22.991,12.52108,12.52372,0.00,0.00
2017.04.06 13:04:23.095,12.52108,12.52361,0.00,0.00
2017.04.06 13:04:23.520,12.52108,12.52372,0.00,0.00
2017.04.06 13:04:24.085,12.52108,12.52361,0.00,0.00
2017.04.06 13:04:24.195,12.52109,12.52372,0.00,0.00
2017.04.06 13:04:24.375,12.52108,12.52361,0.00,0.00
2017.04.06 13:04:24.775,12.52108,12.52372,0.00,0.00
2017.04.06 13:04:24.925,12.52108,12.52362,0.00,0.00
2017.04.06 13:04:25.276,12.52108,12.52372,0.00,0.00
2017.04.06 13:04:25.327,12.52099,12.52199,0.00,0.00
2017.04.06 13:04:25.479,12.5207,12.52179,0.00,0.00
2017.04.06 13:04:25.580,12.51928,12.52172,0.00,0.00
2017.04.06 13:04:25.677,12.51908,12.52172,0.00,0.00
2017.04.06 13:04:25.805,12.51928,12.52172,0.00,0.00
2017.04.06 13:04:26.021,12.51908,12.52172,0.00,0.00
2017.04.06 13:04:26.122,12.51929,12.52172,0.00,0.00
2017.04.06 13:04:26.225,12.51908,12.52172,0.00,0.00
2017.04.06 13:04:26.579,12.51929,12.52172,0.00,0.00
2017.04.06 13:04:26.695,12.51908,12.52172,0.00,0.00
2017.04.06 13:04:26.779,12.51929,12.52172,0.00,0.00
2017.04.06 13:04:27.086,12.52008,12.52171,0.00,0.00
2017.04.06 13:04:27.204,12.52018,12.52239,0.00,0.00
2017.04.06 13:04:27.309,12.52028,12.52239,0.00,0.00
2017.04.06 13:04:27.410,12.52008,12.52239,0.00,0.00
2017.04.06 13:04:27.568,12.52059,12.52292,0.00,0.00
2017.04.06 13:04:27.619,12.52091,12.52261,0.00,0.00
2017.04.06 13:04:27.720,12.52108,12.52291,0.00,0.00
2017.04.06 13:04:27.782,12.52108,12.52359,0.00,0.00
2017.04.06 13:04:27.833,12.52098,12.52262,0.00,0.00
2017.04.06 13:04:28.047,12.52018,12.52262,0.00,0.00
2017.04.06 13:04:28.099,12.52002,12.52262,0.00,0.00
2017.04.06 13:04:28.475,12.52002,12.52211,0.00,0.00
2017.04.06 13:04:28.785,12.51911,12.52162,0.00,0.00
2017.04.06 13:04:28.929,12.51928,12.52162,0.00,0.00
2017.04.06 13:04:29.098,12.51911,12.52162,0.00,0.00
2017.04.06 13:04:29.428,12.51928,12.52162,0.00,0.00
2017.04.06 13:04:29.686,12.51911,12.52162,0.00,0.00
2017.04.06 13:04:29.882,12.51949,12.52182,0.00,0.00
2017.04.06 13:04:30.034,12.52001,12.52252,0.00,0.00
2017.04.06 13:04:30.086,12.52001,12.52259,0.00,0.00
2017.04.06 13:04:30.187,12.52008,12.52259,0.00,0.00
2017.04.06 13:04:30.300,12.52001,12.52259,0.00,0.00
2017.04.06 13:04:30.453,12.52001,12.52211,0.00,0.00
2017.04.06 13:04:30.554,12.52001,12.52259,0.00,0.00
2017.04.06 13:04:30.788,12.52008,12.52259,0.00,0.00
2017.04.06 13:04:31.029,12.52001,12.52259,0.00,0.00
2017.04.06 13:04:31.135,12.52008,12.52259,0.00,0.00
2017.04.06 13:04:31.289,12.52001,12.52259,0.00,0.00
2017.04.06 13:04:31.505,12.52009,12.52259,0.00,0.00
2017.04.06 13:04:31.589,12.52001,12.52259,0.00,0.00
2017.04.06 13:04:33.639,12.52008,12.52259,0.00,0.00
2017.04.06 13:04:33.740,12.52001,12.52259,0.00,0.00
2017.04.06 13:04:34.115,12.52001,12.52222,0.00,0.00
2017.04.06 13:04:37.690,12.52101,12.52272,0.00,0.00
2017.04.06 13:04:37.844,12.52101,12.52292,0.00,0.00
2017.04.06 13:04:37.899,12.52101,12.52322,0.00,0.00
2017.04.06 13:04:38.504,12.52028,12.52222,0.00,0.00
2017.04.06 13:04:38.605,12.52022,12.52222,0.00,0.00
2017.04.06 13:04:39.087,12.52022,12.52261,0.00,0.00
2017.04.06 13:04:39.320,12.52038,12.52261,0.00,0.00
2017.04.06 13:04:39.435,12.52022,12.52261,0.00,0.00
2017.04.06 13:04:39.541,12.52022,12.52242,0.00,0.00
2017.04.06 13:04:39.702,12.52022,12.52261,0.00,0.00
2017.04.06 13:04:39.808,12.52022,12.52241,0.00,0.00
2017.04.06 13:04:40.120,12.52002,12.52251,0.00,0.00
2017.04.06 13:04:40.237,12.52002,12.52222,0.00,0.00
2017.04.06 13:04:40.395,12.51938,12.52162,0.00,0.00
2017.04.06 13:04:40.446,12.51968,12.52162,0.00,0.00
2017.04.06 13:04:40.504,12.51938,12.52162,0.00,0.00
2017.04.06 13:04:40.639,12.51911,12.52142,0.00,0.00
2017.04.06 13:04:40.704,12.51911,12.52162,0.00,0.00
2017.04.06 13:04:40.804,12.51911,12.52152,0.00,0.00
2017.04.06 13:04:41.451,12.51911,12.52141,0.00,0.00
2017.04.06 13:04:42.150,12.51911,12.52132,0.00,0.00
2017.04.06 13:04:42.526,12.51902,12.52132,0.00,0.00
2017.04.06 13:04:42.948,12.51902,12.52142,0.00,0.00
2017.04.06 13:04:43.008,12.51902,12.52121,0.00,0.00
2017.04.06 13:04:43.110,12.51849,12.52111,0.00,0.00
2017.04.06 13:04:43.228,12.51879,12.52062,0.00,0.00
2017.04.06 13:04:43.334,12.51812,12.52062,0.00,0.00
2017.04.06 13:04:43.441,12.51812,12.52041,0.00,0.00
2017.04.06 13:04:43.617,12.51812,12.52062,0.00,0.00
2017.04.06 13:04:43.726,12.51812,12.52041,0.00,0.00
2017.04.06 13:04:43.829,12.51812,12.52062,0.00,0.00
2017.04.06 13:04:44.010,12.51812,12.52042,0.00,0.00
2017.04.06 13:04:44.210,12.51812,12.52062,0.00,0.00
2017.04.06 13:04:44.311,12.51812,12.52041,0.00,0.00
2017.04.06 13:04:44.617,12.51812,12.52062,0.00,0.00
2017.04.06 13:04:44.735,12.51812,12.52042,0.00,0.00
2017.04.06 13:04:44.954,12.51812,12.52062,0.00,0.00
2017.04.06 13:04:45.157,12.51812,12.52041,0.00,0.00
2017.04.06 13:04:45.285,12.51802,12.52041,0.00,0.00
2017.04.06 13:04:45.655,12.51802,12.52062,0.00,0.00
2017.04.06 13:04:45.913,12.51802,12.52041,0.00,0.00
2017.04.06 13:04:46.217,12.51759,12.52008,0.00,0.00
2017.04.06 13:04:46.321,12.51769,12.52008,0.00,0.00
2017.04.06 13:04:46.422,12.51718,12.51962,0.00,0.00
2017.04.06 13:04:46.655,12.51702,12.51951,0.00,0.00
2017.04.06 13:04:46.836,12.51702,12.51962,0.00,0.00
2017.04.06 13:04:46.954,12.51702,12.51952,0.00,0.00
2017.04.06 13:04:47.015,12.51702,12.51962,0.00,0.00
2017.04.06 13:04:47.436,12.51702,12.51941,0.00,0.00
2017.04.06 13:04:47.544,12.51702,12.51962,0.00,0.00
2017.04.06 13:04:47.716,12.51702,12.51952,0.00,0.00
2017.04.06 13:04:47.836,12.51702,12.51962,0.00,0.00
2017.04.06 13:04:47.916,12.51702,12.51952,0.00,0.00
2017.04.06 13:04:48.017,12.51702,12.51962,0.00,0.00
2017.04.06 13:04:48.134,12.51702,12.51942,0.00,0.00
2017.04.06 13:04:48.362,12.51702,12.51961,0.00,0.00
2017.04.06 13:04:48.896,12.51702,12.51962,0.00,0.00
2017.04.06 13:04:49.132,12.51702,12.51952,0.00,0.00
2017.04.06 13:04:49.526,12.51702,12.51962,0.00,0.00
2017.04.06 13:04:50.367,12.51702,12.51951,0.00,0.00
2017.04.06 13:04:50.421,12.51702,12.51961,0.00,0.00
2017.04.06 13:04:50.520,12.51702,12.51951,0.00,0.00
2017.04.06 13:04:50.997,12.51691,12.51911,0.00,0.00
2017.04.06 13:04:51.097,12.51699,12.51942,0.00,0.00
2017.04.06 13:04:51.325,12.51699,12.51961,0.00,0.00
2017.04.06 13:04:51.758,12.51699,12.51952,0.00,0.00
2017.04.06 13:04:51.939,12.51699,12.51961,0.00,0.00
2017.04.06 13:04:52.043,12.51699,12.51942,0.00,0.00
2017.04.06 13:04:52.160,12.51699,12.51961,0.00,0.00
2017.04.06 13:04:52.223,12.51699,12.51941,0.00,0.00
2017.04.06 13:04:52.523,12.51699,12.51961,0.00,0.00
2017.04.06 13:04:52.874,12.51699,12.51952,0.00,0.00
2017.04.06 13:04:53.033,12.51699,12.51961,0.00,0.00
2017.04.06 13:04:53.144,12.51659,12.51862,0.00,0.00
2017.04.06 13:04:53.246,12.51611,12.51862,0.00,0.00
2017.04.06 13:04:53.364,12.51611,12.51852,0.00,0.00
2017.04.06 13:04:53.523,12.51658,12.51912,0.00,0.00
2017.04.06 13:04:53.573,12.51648,12.51862,0.00,0.00
2017.04.06 13:04:53.674,12.51602,12.51852,0.00,0.00
2017.04.06 13:04:53.826,12.51609,12.51862,0.00,0.00
2017.04.06 13:04:53.926,12.51638,12.51862,0.00,0.00
2017.04.06 13:04:54.027,12.51602,12.51852,0.00,0.00
2017.04.06 13:04:54.370,12.51602,12.51862,0.00,0.00
2017.04.06 13:04:54.427,12.51602,12.51851,0.00,0.00
2017.04.06 13:04:54.528,12.51602,12.51862,0.00,0.00
2017.04.06 13:04:54.645,12.51602,12.51842,0.00,0.00
2017.04.06 13:04:54.977,12.51699,12.51959,0.00,0.00
2017.04.06 13:04:55.371,12.51699,12.51941,0.00,0.00
2017.04.06 13:04:55.428,12.51699,12.51959,0.00,0.00
2017.04.06 13:04:55.639,12.51699,12.51931,0.00,0.00
2017.04.06 13:04:55.841,12.51798,12.52042,0.00,0.00
2017.04.06 13:04:55.891,12.51798,12.52008,0.00,0.00
2017.04.06 13:04:56.042,12.51702,12.51961,0.00,0.00
2017.04.06 13:04:56.263,12.51709,12.51961,0.00,0.00
2017.04.06 13:04:56.464,12.51749,12.52011,0.00,0.00
2017.04.06 13:04:56.515,12.51749,12.52009,0.00,0.00
2017.04.06 13:04:56.731,12.51701,12.51962,0.00,0.00
2017.04.06 13:04:57.232,12.51701,12.51951,0.00,0.00
2017.04.06 13:04:57.629,12.51701,12.51941,0.00,0.00
2017.04.06 13:04:57.882,12.51701,12.51962,0.00,0.00
2017.04.06 13:04:57.933,12.51701,12.51952,0.00,0.00
2017.04.06 13:04:58.241,12.51701,12.51942,0.00,0.00
2017.04.06 13:04:58.734,12.51701,12.51952,0.00,0.00
2017.04.06 13:04:58.834,12.51701,12.51932,0.00,0.00
2017.04.06 13:04:59.437,12.51701,12.51952,0.00,0.00
2017.04.06 13:04:59.550,12.51701,12.51962,0.00,0.00
2017.04.06 13:05:00.199,12.51701,12.51959,0.00,0.00
2017.04.06 13:05:00.537,12.51701,12.51952,0.00,0.00
2017.04.06 13:05:00.838,12.51701,12.51959,0.00,0.00
2017.04.06 13:05:01.139,12.51701,12.51942,0.00,0.00
2017.04.06 13:05:01.702,12.51701,12.51932,0.00,0.00
2017.04.06 13:05:02.177,12.51701,12.51959,0.00,0.00
2017.04.06 13:05:02.443,12.51701,12.51941,0.00,0.00
2017.04.06 13:05:02.848,12.51701,12.51959,0.00,0.00
2017.04.06 13:05:03.202,12.51701,12.51962,0.00,0.00
2017.04.06 13:05:03.348,12.51701,12.51941,0.00,0.00
2017.04.06 13:05:03.786,12.51709,12.51941,0.00,0.00
2017.04.06 13:05:03.845,12.51709,12.51951,0.00,0.00
2017.04.06 13:05:03.945,12.51709,12.51962,0.00,0.00
2017.04.06 13:05:04.447,12.51709,12.51951,0.00,0.00
2017.04.06 13:05:04.646,12.51709,12.51962,0.00,0.00
2017.04.06 13:05:04.747,12.51709,12.51932,0.00,0.00
2017.04.06 13:05:04.846,12.51709,12.51952,0.00,0.00
2017.04.06 13:05:04.947,12.51709,12.51932,0.00,0.00
2017.04.06 13:05:05.282,12.51702,12.51921,0.00,0.00
2017.04.06 13:05:05.584,12.51939,12.52061,0.00,0.00
2017.04.06 13:05:05.685,12.51938,12.52132,0.00,0.00
2017.04.06 13:05:05.787,12.51938,12.52181,0.00,0.00
2017.04.06 13:05:05.955,12.51938,12.52121,0.00,0.00
2017.04.06 13:05:06.293,12.51938,12.52152,0.00,0.00
2017.04.06 13:05:06.349,12.51938,12.52162,0.00,0.00
2017.04.06 13:05:06.451,12.51938,12.52131,0.00,0.00
2017.04.06 13:05:06.556,12.51938,12.52162,0.00,0.00
2017.04.06 13:05:06.850,12.51938,12.52141,0.00,0.00
2017.04.06 13:05:06.961,12.51938,12.52182,0.00,0.00
2017.04.06 13:05:07.050,12.51938,12.52192,0.00,0.00
2017.04.06 13:05:07.351,12.51938,12.52151,0.00,0.00
2017.04.06 13:05:07.721,12.51938,12.52132,0.00,0.00
2017.04.06 13:05:07.952,12.51938,12.52141,0.00,0.00
2017.04.06 13:05:08.102,12.51938,12.52132,0.00,0.00
2017.04.06 13:05:08.153,12.51938,12.52141,0.00,0.00
2017.04.06 13:05:08.682,12.51938,12.52162,0.00,0.00
2017.04.06 13:05:08.783,12.51938,12.52132,0.00,0.00
2017.04.06 13:05:08.887,12.51938,12.52162,0.00,0.00
2017.04.06 13:05:08.954,12.51938,12.52142,0.00,0.00
2017.04.06 13:05:09.274,12.51938,12.52161,0.00,0.00
2017.04.06 13:05:09.702,12.51938,12.52142,0.00,0.00
2017.04.06 13:05:09.855,12.51938,12.52161,0.00,0.00
2017.04.06 13:05:10.565,12.51938,12.52142,0.00,0.00
2017.04.06 13:05:10.657,12.51938,12.52162,0.00,0.00
2017.04.06 13:05:10.870,12.51938,12.52132,0.00,0.00
2017.04.06 13:05:11.007,12.51938,12.52161,0.00,0.00
2017.04.06 13:05:11.150,12.51938,12.52201,0.00,0.00
2017.04.06 13:05:11.408,12.51938,12.52192,0.00,0.00
2017.04.06 13:05:11.722,12.52039,12.52251,0.00,0.00
2017.04.06 13:05:11.859,12.52039,12.52281,0.00,0.00
2017.04.06 13:05:12.074,12.52039,12.52222,0.00,0.00
2017.04.06 13:05:12.179,12.52039,12.52282,0.00,0.00
2017.04.06 13:05:12.260,12.52039,12.52241,0.00,0.00
2017.04.06 13:05:12.396,12.52039,12.52252,0.00,0.00
2017.04.06 13:05:12.508,12.52039,12.52282,0.00,0.00
2017.04.06 13:05:12.560,12.52039,12.52262,0.00,0.00
2017.04.06 13:05:13.082,12.52039,12.52251,0.00,0.00
2017.04.06 13:05:13.382,12.52048,12.52301,0.00,0.00
2017.04.06 13:05:13.562,12.52048,12.52222,0.00,0.00
2017.04.06 13:05:13.825,12.52048,12.52232,0.00,0.00
2017.04.06 13:05:14.202,12.52048,12.52291,0.00,0.00
2017.04.06 13:05:14.309,12.52048,12.52251,0.00,0.00
2017.04.06 13:05:14.664,12.52048,12.52221,0.00,0.00
2017.04.06 13:05:15.605,12.52048,12.52232,0.00,0.00
2017.04.06 13:05:16.011,12.52048,12.52201,0.00,0.00
2017.04.06 13:05:16.313,12.52048,12.52231,0.00,0.00
2017.04.06 13:05:16.366,12.52048,12.52222,0.00,0.00
2017.04.06 13:05:17.167,12.52048,12.52202,0.00,0.00
2017.04.06 13:05:17.268,12.52048,12.52272,0.00,0.00
2017.04.06 13:05:18.013,12.51988,12.52228,0.00,0.00
2017.04.06 13:05:18.148,12.51968,12.52228,0.00,0.00
2017.04.06 13:05:18.199,12.51948,12.52122,0.00,0.00
2017.04.06 13:05:18.269,12.51948,12.52162,0.00,0.00
2017.04.06 13:05:18.406,12.51948,12.52202,0.00,0.00
2017.04.06 13:05:18.469,12.51948,12.52122,0.00,0.00
2017.04.06 13:05:18.790,12.52001,12.52141,0.00,0.00
2017.04.06 13:05:18.891,12.52048,12.52282,0.00,0.00
2017.04.06 13:05:19.070,12.52048,12.52252,0.00,0.00
2017.04.06 13:05:19.311,12.52048,12.52281,0.00,0.00
2017.04.06 13:05:20.071,12.52048,12.52267,0.00,0.00
2017.04.06 13:05:20.889,12.52048,12.52217,0.00,0.00
2017.04.06 13:05:21.075,12.52048,12.52242,0.00,0.00
2017.04.06 13:05:21.712,12.52048,12.52291,0.00,0.00
2017.04.06 13:05:21.816,12.52048,12.52302,0.00,0.00
2017.04.06 13:05:21.974,12.52048,12.52276,0.00,0.00
2017.04.06 13:05:22.206,12.52048,12.52321,0.00,0.00
2017.04.06 13:05:22.313,12.52048,12.52306,0.00,0.00
2017.04.06 13:05:22.674,12.52048,12.52227,0.00,0.00
2017.04.06 13:05:22.725,12.52048,12.52242,0.00,0.00
2017.04.06 13:05:22.776,12.52048,12.52216,0.00,0.00
2017.04.06 13:05:22.877,12.52048,12.52291,0.00,0.00
2017.04.06 13:05:23.013,12.52048,12.52257,0.00,0.00
2017.04.06 13:05:23.226,12.52048,12.52292,0.00,0.00
2017.04.06 13:05:23.422,12.52048,12.52266,0.00,0.00
2017.04.06 13:05:24.180,12.52048,12.52271,0.00,0.00
2017.04.06 13:05:24.284,12.52048,12.52227,0.00,0.00
2017.04.06 13:05:25.203,12.52048,12.52232,0.00,0.00
2017.04.06 13:05:25.280,12.52048,12.52221,0.00,0.00
2017.04.06 13:05:25.498,12.52048,12.52292,0.00,0.00
2017.04.06 13:05:25.899,12.52048,12.52271,0.00,0.00
2017.04.06 13:05:26.202,12.52048,12.52302,0.00,0.00
2017.04.06 13:05:26.282,12.52048,12.52221,0.00,0.00
2017.04.06 13:05:26.501,12.52048,12.52291,0.00,0.00
2017.04.06 13:05:26.614,12.52048,12.52311,0.00,0.00
2017.04.06 13:05:26.682,12.52048,12.52221,0.00,0.00
2017.04.06 13:05:26.926,12.52048,12.52251,0.00,0.00
2017.04.06 13:05:26.983,12.52048,12.52212,0.00,0.00
2017.04.06 13:05:27.183,12.52048,12.52231,0.00,0.00
2017.04.06 13:05:27.418,12.52048,12.52242,0.00,0.00
2017.04.06 13:05:27.710,12.52048,12.52231,0.00,0.00
2017.04.06 13:05:28.084,12.52048,12.52212,0.00,0.00
2017.04.06 13:05:28.185,12.52048,12.52292,0.00,0.00
2017.04.06 13:05:28.284,12.52048,12.52252,0.00,0.00
2017.04.06 13:05:28.626,12.52148,12.52292,0.00,0.00
2017.04.06 13:05:28.727,12.52148,12.52339,0.00,0.00
2017.04.06 13:05:28.828,12.52148,12.52332,0.00,0.00
2017.04.06 13:05:28.885,12.52148,12.52339,0.00,0.00
2017.04.06 13:05:29.103,12.52148,12.52302,0.00,0.00
2017.04.06 13:05:29.508,12.52148,12.52331,0.00,0.00
2017.04.06 13:05:29.627,12.52148,12.52302,0.00,0.00
2017.04.06 13:05:29.734,12.52148,12.52331,0.00,0.00
2017.04.06 13:05:30.107,12.52148,12.52321,0.00,0.00
2017.04.06 13:05:30.187,12.52148,12.52332,0.00,0.00
2017.04.06 13:05:30.292,12.52148,12.52371,0.00,0.00
2017.04.06 13:05:30.433,12.52148,12.52332,0.00,0.00
2017.04.06 13:05:30.749,12.52148,12.52322,0.00,0.00
2017.04.06 13:05:31.012,12.52148,12.52331,0.00,0.00
2017.04.06 13:05:31.210,12.52148,12.52322,0.00,0.00
2017.04.06 13:05:31.289,12.52148,12.52332,0.00,0.00
2017.04.06 13:05:31.524,12.52148,12.52302,0.00,0.00
2017.04.06 13:05:31.590,12.52148,12.52332,0.00,0.00
2017.04.06 13:05:31.826,12.52148,12.52321,0.00,0.00
2017.04.06 13:05:32.218,12.52148,12.52302,0.00,0.00
2017.04.06 13:05:32.291,12.52148,12.52311,0.00,0.00
2017.04.06 13:05:32.419,12.52148,12.52331,0.00,0.00
2017.04.06 13:05:32.529,12.52148,12.52302,0.00,0.00
2017.04.06 13:05:32.592,12.52148,12.52341,0.00,0.00
2017.04.06 13:05:32.792,12.52148,12.52312,0.00,0.00
2017.04.06 13:05:32.897,12.52148,12.52331,0.00,0.00
2017.04.06 13:05:33.041,12.52148,12.52341,0.00,0.00
2017.04.06 13:05:33.142,12.52148,12.52311,0.00,0.00
2017.04.06 13:05:33.293,12.52148,12.52322,0.00,0.00
2017.04.06 13:05:34.094,12.52148,12.52341,0.00,0.00
2017.04.06 13:05:34.895,12.52148,12.52331,0.00,0.00
2017.04.06 13:05:34.995,12.52148,12.52392,0.00,0.00
2017.04.06 13:05:35.096,12.52148,12.52341,0.00,0.00
2017.04.06 13:05:35.699,12.52148,12.52312,0.00,0.00
2017.04.06 13:05:35.810,12.52148,12.52342,0.00,0.00
2017.04.06 13:05:36.013,12.52148,12.52331,0.00,0.00
2017.04.06 13:05:36.114,12.52148,12.52342,0.00,0.00
2017.04.06 13:05:36.198,12.52148,12.52312,0.00,0.00
2017.04.06 13:05:36.297,12.52148,12.52341,0.00,0.00
2017.04.06 13:05:36.606,12.52148,12.52322,0.00,0.00
2017.04.06 13:05:37.099,12.52148,12.52342,0.00,0.00
2017.04.06 13:05:37.227,12.52148,12.52332,0.00,0.00
2017.04.06 13:05:37.576,12.52148,12.52312,0.00,0.00
2017.04.06 13:05:38.001,12.52148,12.52341,0.00,0.00
2017.04.06 13:05:38.502,12.52148,12.52332,0.00,0.00
2017.04.06 13:05:38.736,12.52148,12.52342,0.00,0.00
2017.04.06 13:05:38.803,12.52148,12.52332,0.00,0.00
2017.04.06 13:05:38.914,12.52148,12.52342,0.00,0.00
2017.04.06 13:05:39.343,12.52148,12.52321,0.00,0.00
2017.04.06 13:05:39.444,12.52148,12.52342,0.00,0.00
2017.04.06 13:05:39.790,12.52201,12.52382,0.00,0.00
2017.04.06 13:05:39.941,12.52149,12.52381,0.00,0.00
2017.04.06 13:05:40.055,12.52149,12.52391,0.00,0.00
2017.04.06 13:05:40.433,12.52149,12.52362,0.00,0.00
2017.04.06 13:05:40.721,12.52149,12.52381,0.00,0.00
2017.04.06 13:05:40.907,12.52149,12.52392,0.00,0.00
2017.04.06 13:05:41.282,12.52199,12.52392,0.00,0.00
2017.04.06 13:05:41.603,12.52249,12.52422,0.00,0.00
2017.04.06 13:05:41.709,12.52249,12.52461,0.00,0.00
2017.04.06 13:05:41.810,12.52249,12.52392,0.00,0.00
2017.04.06 13:05:41.911,12.52249,12.52412,0.00,0.00
2017.04.06 13:05:42.049,12.52249,12.52432,0.00,0.00
2017.04.06 13:05:42.110,12.52249,12.52412,0.00,0.00
2017.04.06 13:05:42.813,12.52249,12.52462,0.00,0.00
2017.04.06 13:05:43.117,12.52249,12.52441,0.00,0.00
2017.04.06 13:05:43.439,12.52249,12.52402,0.00,0.00
2017.04.06 13:05:43.751,12.52249,12.52412,0.00,0.00
2017.04.06 13:05:43.913,12.52249,12.52432,0.00,0.00
2017.04.06 13:05:44.013,12.52249,12.52462,0.00,0.00
2017.04.06 13:05:44.213,12.52249,12.52432,0.00,0.00
2017.04.06 13:05:44.549,12.52249,12.52412,0.00,0.00
2017.04.06 13:05:44.881,12.52249,12.52392,0.00,0.00
2017.04.06 13:05:45.215,12.52249,12.52411,0.00,0.00
2017.04.06 13:05:45.315,12.52249,12.52452,0.00,0.00
2017.04.06 13:05:45.527,12.52249,12.52442,0.00,0.00
2017.04.06 13:05:46.127,12.52249,12.52392,0.00,0.00
2017.04.06 13:05:46.609,12.52198,12.52392,0.00,0.00
2017.04.06 13:05:46.660,12.52198,12.52412,0.00,0.00
2017.04.06 13:05:46.761,12.52148,12.52361,0.00,0.00
2017.04.06 13:05:47.030,12.52148,12.52391,0.00,0.00
2017.04.06 13:05:47.218,12.52148,12.52362,0.00,0.00
2017.04.06 13:05:47.342,12.52148,12.52391,0.00,0.00
2017.04.06 13:05:47.731,12.52148,12.52361,0.00,0.00
2017.04.06 13:05:48.101,12.52148,12.52312,0.00,0.00
2017.04.06 13:05:48.428,12.52148,12.52322,0.00,0.00
2017.04.06 13:05:48.520,12.52148,12.52392,0.00,0.00
2017.04.06 13:05:48.621,12.52148,12.52341,0.00,0.00
2017.04.06 13:05:48.977,12.52199,12.52341,0.00,0.00
2017.04.06 13:05:49.121,12.52199,12.52412,0.00,0.00
2017.04.06 13:05:49.259,12.52248,12.52412,0.00,0.00
2017.04.06 13:05:49.422,12.52248,12.52462,0.00,0.00
2017.04.06 13:05:49.822,12.52248,12.52402,0.00,0.00
2017.04.06 13:05:50.023,12.52248,12.52422,0.00,0.00
2017.04.06 13:05:50.323,12.52248,12.52442,0.00,0.00
2017.04.06 13:05:51.025,12.52248,12.52452,0.00,0.00
2017.04.06 13:05:51.569,12.52248,12.52422,0.00,0.00
2017.04.06 13:05:51.625,12.52248,12.52451,0.00,0.00
2017.04.06 13:05:51.725,12.52248,12.52502,0.00,0.00
2017.04.06 13:05:51.833,12.52248,12.52422,0.00,0.00
2017.04.06 13:05:51.934,12.52248,12.52442,0.00,0.00
2017.04.06 13:05:52.026,12.52248,12.52461,0.00,0.00
2017.04.06 13:05:52.453,12.52248,12.52422,0.00,0.00
2017.04.06 13:05:52.639,12.52248,12.52492,0.00,0.00
2017.04.06 13:05:52.961,12.52248,12.52471,0.00,0.00
2017.04.06 13:05:53.328,12.52248,12.52421,0.00,0.00
2017.04.06 13:05:53.464,12.52248,12.52452,0.00,0.00
2017.04.06 13:05:53.830,12.52248,12.52431,0.00,0.00
2017.04.06 13:05:55.294,12.52248,12.52411,0.00,0.00
2017.04.06 13:05:55.344,12.52248,12.52441,0.00,0.00
2017.04.06 13:05:55.433,12.52248,12.52448,0.00,0.00
2017.04.06 13:05:55.843,12.52248,12.52482,0.00,0.00
2017.04.06 13:05:56.636,12.52248,12.52451,0.00,0.00
2017.04.06 13:05:56.737,12.52248,12.52492,0.00,0.00
2017.04.06 13:05:56.943,12.52248,12.52482,0.00,0.00
2017.04.06 13:05:58.037,12.52248,12.52492,0.00,0.00
2017.04.06 13:05:58.337,12.52248,12.52482,0.00,0.00
2017.04.06 13:05:58.638,12.52248,12.52412,0.00,0.00
2017.04.06 13:05:59.583,12.52248,12.52452,0.00,0.00
2017.04.06 13:06:00.290,12.52248,12.52431,0.00,0.00
2017.04.06 13:06:00.549,12.52248,12.52459,0.00,0.00
2017.04.06 13:06:00.642,12.52248,12.52451,0.00,0.00
2017.04.06 13:06:01.185,12.52248,12.52442,0.00,0.00
2017.04.06 13:06:01.443,12.52248,12.52459,0.00,0.00
2017.04.06 13:06:01.564,12.52248,12.52451,0.00,0.00
2017.04.06 13:06:02.091,12.52248,12.52459,0.00,0.00
2017.04.06 13:06:02.144,12.52248,12.52422,0.00,0.00
2017.04.06 13:06:02.389,12.52248,12.52432,0.00,0.00
2017.04.06 13:06:02.445,12.52248,12.52422,0.00,0.00
2017.04.06 13:06:02.554,12.52248,12.52459,0.00,0.00
2017.04.06 13:06:02.646,12.52248,12.52422,0.00,0.00
2017.04.06 13:06:03.650,12.52248,12.52431,0.00,0.00
2017.04.06 13:06:03.760,12.52248,12.52438,0.00,0.00
2017.04.06 13:06:03.811,12.52259,12.52438,0.00,0.00
2017.04.06 13:06:04.149,12.52259,12.52421,0.00,0.00
2017.04.06 13:06:04.250,12.52259,12.52452,0.00,0.00
2017.04.06 13:06:04.400,12.52259,12.52422,0.00,0.00
2017.04.06 13:06:04.450,12.52259,12.52459,0.00,0.00
2017.04.06 13:06:04.792,12.52259,12.52421,0.00,0.00
2017.04.06 13:06:05.799,12.52259,12.52442,0.00,0.00
2017.04.06 13:06:05.900,12.52259,12.52451,0.00,0.00
2017.04.06 13:06:06.237,12.52308,12.52451,0.00,0.00
2017.04.06 13:06:06.430,12.52308,12.52542,0.00,0.00
2017.04.06 13:06:06.481,12.52358,12.52559,0.00,0.00
2017.04.06 13:06:06.531,12.52328,12.52559,0.00,0.00
2017.04.06 13:06:06.856,12.52328,12.52552,0.00,0.00
2017.04.06 13:06:07.176,12.52328,12.52531,0.00,0.00
2017.04.06 13:06:07.357,12.52328,12.52551,0.00,0.00
2017.04.06 13:06:08.167,12.52328,12.52531,0.00,0.00
2017.04.06 13:06:08.506,12.52328,12.52552,0.00,0.00
2017.04.06 13:06:09.531,12.52328,12.52522,0.00,0.00
2017.04.06 13:06:10.762,12.52328,12.52542,0.00,0.00
2017.04.06 13:06:10.863,12.52328,12.52522,0.00,0.00
2017.04.06 13:06:11.489,12.52328,12.52541,0.00,0.00
2017.04.06 13:06:12.698,12.52328,12.52522,0.00,0.00
2017.04.06 13:06:13.584,12.52328,12.52542,0.00,0.00
2017.04.06 13:06:14.969,12.52328,12.52552,0.00,0.00
2017.04.06 13:06:15.270,12.52328,12.52559,0.00,0.00
2017.04.06 13:06:15.719,12.52328,12.52522,0.00,0.00
2017.04.06 13:06:15.997,12.52328,12.52531,0.00,0.00
2017.04.06 13:06:16.072,12.52328,12.52551,0.00,0.00
2017.04.06 13:06:16.201,12.52328,12.52521,0.00,0.00
2017.04.06 13:06:16.273,12.52328,12.52552,0.00,0.00
2017.04.06 13:06:17.374,12.52328,12.52522,0.00,0.00
2017.04.06 13:06:18.275,12.52328,12.52532,0.00,0.00
2017.04.06 13:06:18.513,12.52328,12.52521,0.00,0.00
2017.04.06 13:06:19.176,12.52328,12.52532,0.00,0.00
2017.04.06 13:06:19.502,12.52328,12.52551,0.00,0.00
2017.04.06 13:06:19.884,12.52328,12.52541,0.00,0.00
2017.04.06 13:06:21.110,12.52278,12.52479,0.00,0.00
2017.04.06 13:06:21.321,12.52229,12.52462,0.00,0.00
2017.04.06 13:06:21.482,12.52229,12.52479,0.00,0.00
2017.04.06 13:06:21.652,12.52229,12.52462,0.00,0.00
2017.04.06 13:06:21.703,12.52229,12.52479,0.00,0.00
2017.04.06 13:06:22.407,12.52229,12.52461,0.00,0.00
2017.04.06 13:06:22.781,12.52229,12.52452,0.00,0.00
2017.04.06 13:06:24.187,12.52229,12.52472,0.00,0.00
2017.04.06 13:06:24.305,12.52229,12.52479,0.00,0.00
2017.04.06 13:06:24.408,12.52229,12.52472,0.00,0.00
2017.04.06 13:06:24.777,12.52229,12.52432,0.00,0.00
2017.04.06 13:06:24.828,12.52229,12.52451,0.00,0.00
2017.04.06 13:06:24.989,12.52229,12.52461,0.00,0.00
2017.04.06 13:06:25.389,12.52229,12.52479,0.00,0.00
2017.04.06 13:06:25.529,12.52229,12.52461,0.00,0.00
2017.04.06 13:06:26.225,12.52229,12.52452,0.00,0.00
2017.04.06 13:06:26.290,12.52229,12.52461,0.00,0.00
2017.04.06 13:06:26.391,12.52229,12.52431,0.00,0.00
2017.04.06 13:06:26.647,12.52179,12.52431,0.00,0.00
2017.04.06 13:06:26.747,12.52178,12.52389,0.00,0.00
2017.04.06 13:06:26.798,12.52129,12.52389,0.00,0.00
2017.04.06 13:06:26.899,12.52129,12.52352,0.00,0.00
2017.04.06 13:06:27.233,12.52129,12.52389,0.00,0.00
2017.04.06 13:06:27.292,12.52129,12.52351,0.00,0.00
2017.04.06 13:06:27.531,12.52129,12.52372,0.00,0.00
2017.04.06 13:06:27.593,12.52129,12.52341,0.00,0.00
2017.04.06 13:06:27.816,12.52129,12.52362,0.00,0.00
2017.04.06 13:06:27.894,12.52129,12.52342,0.00,0.00
2017.04.06 13:06:28.118,12.52129,12.52362,0.00,0.00
2017.04.06 13:06:28.294,12.52129,12.52341,0.00,0.00
2017.04.06 13:06:28.395,12.52129,12.52389,0.00,0.00
2017.04.06 13:06:28.494,12.52129,12.52341,0.00,0.00
2017.04.06 13:06:29.596,12.52129,12.52351,0.00,0.00
2017.04.06 13:06:29.708,12.52129,12.52342,0.00,0.00
2017.04.06 13:06:29.809,12.52138,12.52389,0.00,0.00
2017.04.06 13:06:29.897,12.52129,12.52372,0.00,0.00
2017.04.06 13:06:30.394,12.52129,12.52368,0.00,0.00
2017.04.06 13:06:30.734,12.52098,12.52279,0.00,0.00
2017.04.06 13:06:30.835,12.52028,12.52279,0.00,0.00
2017.04.06 13:06:31.199,12.52028,12.52261,0.00,0.00
2017.04.06 13:06:31.307,12.52028,12.52279,0.00,0.00
2017.04.06 13:06:31.413,12.52059,12.52279,0.00,0.00
2017.04.06 13:06:31.534,12.52028,12.52251,0.00,0.00
2017.04.06 13:06:31.640,12.52028,12.52279,0.00,0.00
2017.04.06 13:06:31.700,12.52038,12.52279,0.00,0.00
2017.04.06 13:06:32.001,12.52028,12.52251,0.00,0.00
2017.04.06 13:06:32.301,12.52039,12.52279,0.00,0.00
2017.04.06 13:06:32.602,12.52028,12.52252,0.00,0.00
2017.04.06 13:06:34.148,12.52038,12.52279,0.00,0.00
2017.04.06 13:06:34.203,12.52058,12.52279,0.00,0.00
2017.04.06 13:06:34.704,12.52028,12.52279,0.00,0.00
2017.04.06 13:06:34.837,12.52028,12.52252,0.00,0.00
2017.04.06 13:06:35.056,12.52028,12.52272,0.00,0.00
2017.04.06 13:06:35.107,12.52039,12.52279,0.00,0.00
2017.04.06 13:06:35.412,12.52128,12.52322,0.00,0.00
2017.04.06 13:06:35.513,12.52128,12.52369,0.00,0.00
2017.04.06 13:06:36.007,12.52128,12.52332,0.00,0.00
2017.04.06 13:06:37.938,12.52128,12.52352,0.00,0.00
2017.04.06 13:06:38.310,12.52128,12.52362,0.00,0.00
2017.04.06 13:06:38.920,12.52128,12.52369,0.00,0.00
2017.04.06 13:06:39.054,12.52128,12.52331,0.00,0.00
2017.04.06 13:06:39.157,12.52128,12.52369,0.00,0.00
2017.04.06 13:06:39.376,12.52128,12.52322,0.00,0.00
2017.04.06 13:06:39.631,12.52128,12.52352,0.00,0.00
2017.04.06 13:06:41.036,12.52128,12.52369,0.00,0.00
2017.04.06 13:06:41.144,12.52128,12.52352,0.00,0.00
2017.04.06 13:06:41.302,12.52128,12.52369,0.00,0.00
2017.04.06 13:06:41.353,12.52128,12.52362,0.00,0.00
2017.04.06 13:06:42.477,12.52128,12.52342,0.00,0.00
2017.04.06 13:06:42.629,12.52128,12.52362,0.00,0.00
2017.04.06 13:06:43.130,12.52148,12.52378,0.00,0.00
2017.04.06 13:06:44.259,12.52128,12.52332,0.00,0.00
2017.04.06 13:06:44.547,12.52138,12.52378,0.00,0.00
2017.04.06 13:06:44.669,12.52128,12.52331,0.00,0.00
2017.04.06 13:06:45.354,12.52128,12.52341,0.00,0.00
2017.04.06 13:06:45.455,12.52128,12.52361,0.00,0.00
2017.04.06 13:06:45.535,12.52129,12.52378,0.00,0.00
2017.04.06 13:06:45.637,12.52128,12.52372,0.00,0.00
2017.04.06 13:06:45.947,12.52139,12.52378,0.00,0.00
2017.04.06 13:06:46.439,12.52128,12.52378,0.00,0.00
2017.04.06 13:06:46.540,12.52139,12.52378,0.00,0.00
2017.04.06 13:06:46.762,12.52128,12.52378,0.00,0.00
2017.04.06 13:06:47.473,12.52138,12.52378,0.00,0.00
2017.04.06 13:06:47.781,12.52128,12.52378,0.00,0.00
2017.04.06 13:06:47.844,12.52128,12.52341,0.00,0.00
2017.04.06 13:06:48.070,12.52128,12.52351,0.00,0.00
2017.04.06 13:06:48.246,12.52128,12.52321,0.00,0.00
2017.04.06 13:06:48.460,12.52039,12.52288,0.00,0.00
2017.04.06 13:06:48.569,12.52078,12.52288,0.00,0.00
2017.04.06 13:06:48.647,12.52029,12.52288,0.00,0.00
2017.04.06 13:06:48.849,12.52038,12.52288,0.00,0.00
2017.04.06 13:06:48.968,12.52029,12.52288,0.00,0.00
2017.04.06 13:06:49.150,12.52029,12.52252,0.00,0.00
2017.04.06 13:06:49.250,12.52049,12.52288,0.00,0.00
2017.04.06 13:06:49.673,12.52039,12.52288,0.00,0.00
2017.04.06 13:06:49.752,12.52029,12.52251,0.00,0.00
2017.04.06 13:06:50.603,12.52049,12.52288,0.00,0.00
2017.04.06 13:06:50.656,12.52029,12.52288,0.00,0.00
2017.04.06 13:06:50.757,12.52068,12.52288,0.00,0.00
2017.04.06 13:06:50.888,12.52029,12.52252,0.00,0.00
2017.04.06 13:06:50.958,12.52048,12.52288,0.00,0.00
2017.04.06 13:06:51.372,12.52029,12.52251,0.00,0.00
2017.04.06 13:06:51.675,12.52039,12.52288,0.00,0.00
2017.04.06 13:06:51.761,12.52029,12.52252,0.00,0.00
2017.04.06 13:06:51.883,12.52049,12.52288,0.00,0.00
2017.04.06 13:06:52.086,12.52029,12.52252,0.00,0.00
2017.04.06 13:06:52.268,12.52029,12.52288,0.00,0.00
2017.04.06 13:06:52.386,12.52029,12.52272,0.00,0.00
2017.04.06 13:06:53.168,12.52029,12.52288,0.00,0.00
2017.04.06 13:06:53.402,12.52029,12.52251,0.00,0.00
2017.04.06 13:06:53.770,12.52138,12.52378,0.00,0.00
2017.04.06 13:06:53.958,12.52179,12.52422,0.00,0.00
2017.04.06 13:06:54.009,12.52179,12.52352,0.00,0.00
2017.04.06 13:06:54.060,12.52128,12.52352,0.00,0.00
2017.04.06 13:06:54.111,12.52128,12.52391,0.00,0.00
2017.04.06 13:06:54.161,12.52179,12.52391,0.00,0.00
2017.04.06 13:06:54.212,12.52209,12.52439,0.00,0.00
2017.04.06 13:06:54.325,12.52179,12.52431,0.00,0.00
2017.04.06 13:06:54.375,12.52149,12.52389,0.00,0.00
2017.04.06 13:06:54.426,12.52128,12.52389,0.00,0.00
2017.04.06 13:06:54.478,12.52159,12.52389,0.00,0.00
2017.04.06 13:06:54.580,12.52128,12.52381,0.00,0.00
2017.04.06 13:06:54.636,12.52178,12.52381,0.00,0.00
2017.04.06 13:06:54.789,12.52178,12.52429,0.00,0.00
2017.04.06 13:06:54.911,12.52229,12.52432,0.00,0.00
2017.04.06 13:06:55.085,12.52229,12.52439,0.00,0.00
2017.04.06 13:06:55.299,12.52208,12.52439,0.00,0.00
2017.04.06 13:06:55.350,12.52208,12.52388,0.00,0.00
2017.04.06 13:06:55.400,12.52178,12.52388,0.00,0.00
2017.04.06 13:06:55.451,12.52168,12.52388,0.00,0.00
2017.04.06 13:06:55.551,12.52178,12.52382,0.00,0.00
2017.04.06 13:06:55.602,12.52178,12.52402,0.00,0.00
2017.04.06 13:06:55.712,12.52178,12.52428,0.00,0.00
2017.04.06 13:06:55.927,12.52178,12.52421,0.00,0.00
2017.04.06 13:06:56.043,12.52178,12.52428,0.00,0.00
2017.04.06 13:06:56.093,12.52178,12.52401,0.00,0.00
2017.04.06 13:06:56.144,12.52129,12.52389,0.00,0.00
2017.04.06 13:06:56.194,12.52129,12.52341,0.00,0.00
2017.04.06 13:06:56.303,12.52129,12.52389,0.00,0.00
2017.04.06 13:06:57.002,12.52129,12.52341,0.00,0.00
2017.04.06 13:06:57.694,12.52178,12.52341,0.00,0.00
2017.04.06 13:06:57.744,12.52178,12.52428,0.00,0.00
2017.04.06 13:06:57.944,12.52168,12.52391,0.00,0.00
2017.04.06 13:06:58.045,12.52151,12.52391,0.00,0.00
2017.04.06 13:06:58.095,12.52229,12.52421,0.00,0.00
2017.04.06 13:06:58.146,12.52229,12.52479,0.00,0.00
2017.04.06 13:06:58.196,12.52229,12.52388,0.00,0.00
2017.04.06 13:06:58.247,12.52219,12.52388,0.00,0.00
2017.04.06 13:06:58.354,12.52151,12.52381,0.00,0.00
2017.04.06 13:06:58.636,12.52151,12.52342,0.00,0.00
2017.04.06 13:06:58.689,12.52128,12.52342,0.00,0.00
2017.04.06 13:06:59.524,12.52128,12.52388,0.00,0.00
2017.04.06 13:06:59.638,12.52128,12.52372,0.00,0.00
2017.04.06 13:06:59.826,12.52129,12.52388,0.00,0.00
2017.04.06 13:07:00.054,12.52128,12.52381,0.00,0.00
2017.04.06 13:07:00.453,12.52128,12.52331,0.00,0.00
2017.04.06 13:07:00.766,12.52128,12.52368,0.00,0.00
2017.04.06 13:07:00.827,12.52128,12.52351,0.00,0.00
2017.04.06 13:07:01.172,12.52128,12.52368,0.00,0.00
2017.04.06 13:07:01.233,12.52128,12.52332,0.00,0.00
2017.04.06 13:07:01.655,12.52178,12.52401,0.00,0.00
2017.04.06 13:07:01.879,12.52228,12.52468,0.00,0.00
2017.04.06 13:07:02.091,12.52228,12.52461,0.00,0.00
2017.04.06 13:07:02.266,12.52228,12.52468,0.00,0.00
2017.04.06 13:07:02.798,12.52228,12.52469,0.00,0.00
2017.04.06 13:07:02.851,12.52228,12.52432,0.00,0.00
2017.04.06 13:07:03.280,12.52228,12.52469,0.00,0.00
2017.04.06 13:07:04.366,12.52239,12.52469,0.00,0.00
2017.04.06 13:07:06.001,12.52239,12.52461,0.00,0.00
2017.04.06 13:07:06.356,12.52239,12.52469,0.00,0.00
2017.04.06 13:07:07.364,12.52239,12.52431,0.00,0.00
2017.04.06 13:07:08.772,12.52239,12.52422,0.00,0.00
2017.04.06 13:07:09.705,12.52239,12.52451,0.00,0.00
2017.04.06 13:07:09.777,12.52239,12.52461,0.00,0.00
2017.04.06 13:07:10.410,12.52239,12.52469,0.00,0.00
2017.04.06 13:07:10.478,12.52239,12.52461,0.00,0.00
2017.04.06 13:07:10.987,12.52239,12.52441,0.00,0.00
2017.04.06 13:07:11.629,12.52209,12.52441,0.00,0.00
2017.04.06 13:07:11.793,12.52209,12.52461,0.00,0.00
2017.04.06 13:07:12.166,12.52308,12.52461,0.00,0.00
2017.04.06 13:07:12.217,12.52308,12.52512,0.00,0.00
2017.04.06 13:07:12.322,12.52308,12.52558,0.00,0.00
2017.04.06 13:07:12.700,12.52308,12.52512,0.00,0.00
2017.04.06 13:07:13.232,12.52308,12.52532,0.00,0.00
2017.04.06 13:07:13.334,12.52308,12.52541,0.00,0.00
2017.04.06 13:07:14.112,12.52308,12.52531,0.00,0.00
2017.04.06 13:07:14.218,12.52308,12.52572,0.00,0.00
2017.04.06 13:07:14.322,12.52308,12.52552,0.00,0.00
2017.04.06 13:07:14.864,12.52309,12.52572,0.00,0.00
2017.04.06 13:07:14.920,12.52329,12.52572,0.00,0.00
2017.04.06 13:07:15.148,12.52308,12.52572,0.00,0.00
2017.04.06 13:07:15.851,12.52318,12.52572,0.00,0.00
2017.04.06 13:07:16.726,12.52308,12.52572,0.00,0.00
2017.04.06 13:07:17.878,12.52318,12.52572,0.00,0.00
2017.04.06 13:07:17.929,12.52308,12.52572,0.00,0.00
2017.04.06 13:07:18.229,12.52328,12.52572,0.00,0.00
2017.04.06 13:07:18.943,12.52308,12.52541,0.00,0.00
2017.04.06 13:07:19.273,12.52308,12.52572,0.00,0.00
2017.04.06 13:07:20.036,12.52308,12.52552,0.00,0.00
2017.04.06 13:07:20.436,12.52308,12.52572,0.00,0.00
2017.04.06 13:07:20.948,12.52308,12.52552,0.00,0.00
2017.04.06 13:07:21.042,12.52319,12.52572,0.00,0.00
2017.04.06 13:07:21.279,12.52328,12.52572,0.00,0.00
2017.04.06 13:07:21.843,12.52318,12.52572,0.00,0.00
2017.04.06 13:07:23.258,12.52338,12.52572,0.00,0.00
2017.04.06 13:07:23.363,12.52318,12.52572,0.00,0.00
2017.04.06 13:07:23.451,12.52308,12.52571,0.00,0.00
2017.04.06 13:07:23.853,12.52308,12.52531,0.00,0.00
2017.04.06 13:07:26.768,12.52308,12.52541,0.00,0.00
2017.04.06 13:07:27.150,12.52259,12.52489,0.00,0.00
2017.04.06 13:07:27.372,12.52208,12.52472,0.00,0.00
2017.04.06 13:07:27.575,12.52238,12.52472,0.00,0.00
2017.04.06 13:07:27.676,12.52218,12.52472,0.00,0.00
2017.04.06 13:07:27.806,12.52208,12.52472,0.00,0.00
2017.04.06 13:07:28.691,12.52208,12.52432,0.00,0.00
2017.04.06 13:07:28.779,12.52208,12.52472,0.00,0.00
2017.04.06 13:07:29.608,12.52208,12.52461,0.00,0.00
2017.04.06 13:07:29.887,12.52208,12.52472,0.00,0.00
2017.04.06 13:07:29.981,12.52208,12.52441,0.00,0.00
2017.04.06 13:07:30.582,12.52208,12.52462,0.00,0.00
2017.04.06 13:07:31.083,12.52208,12.52441,0.00,0.00
2017.04.06 13:07:31.389,12.52208,12.52462,0.00,0.00
2017.04.06 13:07:31.584,12.52208,12.52441,0.00,0.00
2017.04.06 13:07:32.085,12.52208,12.52472,0.00,0.00
2017.04.06 13:07:32.591,12.52208,12.52461,0.00,0.00
2017.04.06 13:07:33.022,12.52219,12.52472,0.00,0.00
2017.04.06 13:07:33.287,12.52209,12.52472,0.00,0.00
2017.04.06 13:07:33.397,12.52208,12.52431,0.00,0.00
2017.04.06 13:07:33.508,12.52208,12.52462,0.00,0.00
2017.04.06 13:07:33.588,12.52208,12.52431,0.00,0.00
2017.04.06 13:07:33.788,12.52158,12.52422,0.00,0.00
2017.04.06 13:07:33.934,12.52208,12.52459,0.00,0.00
2017.04.06 13:07:34.289,12.52208,12.52442,0.00,0.00
2017.04.06 13:07:35.118,12.52208,12.52452,0.00,0.00
2017.04.06 13:07:35.190,12.52208,12.52441,0.00,0.00
2017.04.06 13:07:35.820,12.52228,12.52458,0.00,0.00
2017.04.06 13:07:36.166,12.52268,12.52472,0.00,0.00
2017.04.06 13:07:36.216,12.52251,12.52472,0.00,0.00
2017.04.06 13:07:36.582,12.52219,12.52472,0.00,0.00
2017.04.06 13:07:36.822,12.52309,12.52488,0.00,0.00
2017.04.06 13:07:36.872,12.52309,12.52501,0.00,0.00
2017.04.06 13:07:37.063,12.52318,12.52538,0.00,0.00
2017.04.06 13:07:37.114,12.52329,12.52538,0.00,0.00
2017.04.06 13:07:37.306,12.52329,12.52569,0.00,0.00
2017.04.06 13:07:37.595,12.52309,12.52552,0.00,0.00
2017.04.06 13:07:37.718,12.52348,12.52569,0.00,0.00
2017.04.06 13:07:37.841,12.52309,12.52569,0.00,0.00
2017.04.06 13:07:37.895,12.52309,12.52542,0.00,0.00
2017.04.06 13:07:38.513,12.52309,12.52562,0.00,0.00
2017.04.06 13:07:38.718,12.52339,12.52569,0.00,0.00
2017.04.06 13:07:38.830,12.52309,12.52569,0.00,0.00
2017.04.06 13:07:39.098,12.52309,12.52562,0.00,0.00
2017.04.06 13:07:39.650,12.52338,12.52569,0.00,0.00
2017.04.06 13:07:39.817,12.52309,12.52541,0.00,0.00
2017.04.06 13:07:40.823,12.52309,12.52561,0.00,0.00
2017.04.06 13:07:40.902,12.52309,12.52569,0.00,0.00
2017.04.06 13:07:41.019,12.52309,12.52562,0.00,0.00
2017.04.06 13:07:41.630,12.52348,12.52569,0.00,0.00
2017.04.06 13:07:41.830,12.52328,12.52569,0.00,0.00
2017.04.06 13:07:43.534,12.52338,12.52569,0.00,0.00
2017.04.06 13:07:43.650,12.52319,12.52569,0.00,0.00
2017.04.06 13:07:43.707,12.52338,12.52569,0.00,0.00
2017.04.06 13:07:43.808,12.52318,12.52569,0.00,0.00
2017.04.06 13:07:44.007,12.52309,12.52552,0.00,0.00
2017.04.06 13:07:44.108,12.52309,12.52569,0.00,0.00
2017.04.06 13:07:44.508,12.52319,12.52569,0.00,0.00
2017.04.06 13:07:44.654,12.52309,12.52569,0.00,0.00
2017.04.06 13:07:44.852,12.52349,12.52569,0.00,0.00
2017.04.06 13:07:45.013,12.52339,12.52569,0.00,0.00
2017.04.06 13:07:45.210,12.52349,12.52569,0.00,0.00
2017.04.06 13:07:45.260,12.52349,12.52571,0.00,0.00
2017.04.06 13:07:45.510,12.52309,12.52532,0.00,0.00
2017.04.06 13:07:47.113,12.52309,12.52551,0.00,0.00
2017.04.06 13:07:48.934,12.52359,12.52622,0.00,0.00
2017.04.06 13:07:49.056,12.52419,12.52659,0.00,0.00
2017.04.06 13:07:49.217,12.52408,12.52659,0.00,0.00
2017.04.06 13:07:49.317,12.52408,12.52642,0.00,0.00
2017.04.06 13:07:49.422,12.52408,12.52651,0.00,0.00
2017.04.06 13:07:49.523,12.52408,12.52631,0.00,0.00
2017.04.06 13:07:49.922,12.52408,12.52642,0.00,0.00
2017.04.06 13:07:50.265,12.52408,12.52631,0.00,0.00
2017.04.06 13:07:50.319,12.52408,12.52661,0.00,0.00
2017.04.06 13:07:50.655,12.52408,12.52651,0.00,0.00
2017.04.06 13:07:50.920,12.52408,12.52662,0.00,0.00
2017.04.06 13:07:51.221,12.52408,12.52632,0.00,0.00
2017.04.06 13:07:51.324,12.52408,12.52662,0.00,0.00
2017.04.06 13:07:51.431,12.52408,12.52632,0.00,0.00
2017.04.06 13:07:51.754,12.52408,12.52662,0.00,0.00
2017.04.06 13:07:51.855,12.52408,12.52622,0.00,0.00
2017.04.06 13:07:52.150,12.52359,12.52589,0.00,0.00
2017.04.06 13:07:52.266,12.52309,12.52571,0.00,0.00
2017.04.06 13:07:52.439,12.52328,12.52571,0.00,0.00
2017.04.06 13:07:52.545,12.52309,12.52571,0.00,0.00
2017.04.06 13:07:53.326,12.52329,12.52571,0.00,0.00
2017.04.06 13:07:54.422,12.52358,12.52611,0.00,0.00
2017.04.06 13:07:54.473,12.52358,12.52589,0.00,0.00
2017.04.06 13:07:54.576,12.52308,12.52571,0.00,0.00
2017.04.06 13:07:54.642,12.52308,12.52542,0.00,0.00
2017.04.06 13:07:54.762,12.52308,12.52572,0.00,0.00
2017.04.06 13:07:56.361,12.52308,12.52542,0.00,0.00
2017.04.06 13:07:56.461,12.52329,12.52572,0.00,0.00
2017.04.06 13:07:56.675,12.52308,12.52572,0.00,0.00
2017.04.06 13:07:56.834,12.52308,12.52522,0.00,0.00
2017.04.06 13:07:56.933,12.52308,12.52531,0.00,0.00
2017.04.06 13:07:57.490,12.52329,12.52572,0.00,0.00
2017.04.06 13:07:57.541,12.52318,12.52572,0.00,0.00
2017.04.06 13:07:57.634,12.52308,12.52532,0.00,0.00
2017.04.06 13:07:58.032,12.52352,12.52532,0.00,0.00
2017.04.06 13:07:58.083,12.52358,12.52612,0.00,0.00
2017.04.06 13:07:58.183,12.52409,12.52651,0.00,0.00
2017.04.06 13:07:58.235,12.52409,12.52671,0.00,0.00
2017.04.06 13:07:58.567,12.52409,12.52622,0.00,0.00
2017.04.06 13:07:58.799,12.52358,12.52622,0.00,0.00
2017.04.06 13:07:58.900,12.52408,12.52631,0.00,0.00
2017.04.06 13:07:58.951,12.52408,12.52672,0.00,0.00
2017.04.06 13:07:59.068,12.52408,12.52621,0.00,0.00
2017.04.06 13:07:59.169,12.52418,12.52672,0.00,0.00
2017.04.06 13:07:59.381,12.52408,12.52672,0.00,0.00
2017.04.06 13:07:59.931,12.52408,12.52661,0.00,0.00
2017.04.06 13:08:00.265,12.52408,12.52672,0.00,0.00
2017.04.06 13:08:00.485,12.52408,12.52652,0.00,0.00
2017.04.06 13:08:00.541,12.52408,12.52672,0.00,0.00
2017.04.06 13:08:00.769,12.52408,12.52652,0.00,0.00
2017.04.06 13:08:00.877,12.52408,12.52672,0.00,0.00
2017.04.06 13:08:01.066,12.52408,12.52651,0.00,0.00
2017.04.06 13:08:01.393,12.52408,12.52611,0.00,0.00
2017.04.06 13:08:01.542,12.52408,12.52621,0.00,0.00
2017.04.06 13:08:01.643,12.52408,12.52641,0.00,0.00
2017.04.06 13:08:01.814,12.52408,12.52672,0.00,0.00
2017.04.06 13:08:02.060,12.52408,12.52651,0.00,0.00
2017.04.06 13:08:02.192,12.52408,12.52672,0.00,0.00
2017.04.06 13:08:02.645,12.52408,12.52662,0.00,0.00
2017.04.06 13:08:02.990,12.52418,12.52672,0.00,0.00
2017.04.06 13:08:03.354,12.52408,12.52641,0.00,0.00
2017.04.06 13:08:03.589,12.52408,12.52651,0.00,0.00
2017.04.06 13:08:03.693,12.52408,12.52612,0.00,0.00
2017.04.06 13:08:03.879,12.52408,12.52672,0.00,0.00
2017.04.06 13:08:03.948,12.52408,12.52612,0.00,0.00
2017.04.06 13:08:04.149,12.52408,12.52641,0.00,0.00
2017.04.06 13:08:04.449,12.52408,12.52612,0.00,0.00
2017.04.06 13:08:04.636,12.52408,12.52642,0.00,0.00
2017.04.06 13:08:04.958,12.52408,12.52622,0.00,0.00
2017.04.06 13:08:05.301,12.52318,12.52571,0.00,0.00
2017.04.06 13:08:05.352,12.52318,12.52582,0.00,0.00
2017.04.06 13:08:06.053,12.52318,12.52572,0.00,0.00
2017.04.06 13:08:06.298,12.52318,12.52582,0.00,0.00
2017.04.06 13:08:06.654,12.52318,12.52571,0.00,0.00
2017.04.06 13:08:08.271,12.52318,12.52522,0.00,0.00
2017.04.06 13:08:08.757,12.52318,12.52531,0.00,0.00
2017.04.06 13:08:09.803,12.52319,12.52582,0.00,0.00
2017.04.06 13:08:09.859,12.52318,12.52571,0.00,0.00
2017.04.06 13:08:10.060,12.52368,12.52632,0.00,0.00
2017.04.06 13:08:10.261,12.52419,12.52661,0.00,0.00
2017.04.06 13:08:10.372,12.52419,12.52678,0.00,0.00
2017.04.06 13:08:10.446,12.52399,12.52631,0.00,0.00
2017.04.06 13:08:10.760,12.52318,12.52572,0.00,0.00
2017.04.06 13:08:10.860,12.52318,12.52582,0.00,0.00
2017.04.06 13:08:10.961,12.52318,12.52542,0.00,0.00
2017.04.06 13:08:11.790,12.52318,12.52582,0.00,0.00
2017.04.06 13:08:11.898,12.52318,12.52522,0.00,0.00
2017.04.06 13:08:11.962,12.52318,12.52562,0.00,0.00
2017.04.06 13:08:12.076,12.52328,12.52582,0.00,0.00
2017.04.06 13:08:12.163,12.52318,12.52562,0.00,0.00
2017.04.06 13:08:13.346,12.52368,12.52611,0.00,0.00
2017.04.06 13:08:13.397,12.52418,12.52672,0.00,0.00
2017.04.06 13:08:13.466,12.52418,12.52652,0.00,0.00
2017.04.06 13:08:13.567,12.52418,12.52679,0.00,0.00
2017.04.06 13:08:13.786,12.52418,12.52671,0.00,0.00
2017.04.06 13:08:14.126,12.52418,12.52622,0.00,0.00
2017.04.06 13:08:14.177,12.52418,12.52651,0.00,0.00
2017.04.06 13:08:14.267,12.52419,12.52679,0.00,0.00
2017.04.06 13:08:14.589,12.52418,12.52622,0.00,0.00
2017.04.06 13:08:15.080,12.52418,12.52632,0.00,0.00
2017.04.06 13:08:15.131,12.52418,12.52652,0.00,0.00
2017.04.06 13:08:15.299,12.52418,12.52679,0.00,0.00
2017.04.06 13:08:15.508,12.52418,12.52621,0.00,0.00
2017.04.06 13:08:15.981,12.52418,12.52652,0.00,0.00
2017.04.06 13:08:16.114,12.52418,12.52622,0.00,0.00
2017.04.06 13:08:16.471,12.52418,12.52632,0.00,0.00
2017.04.06 13:08:16.572,12.52418,12.52621,0.00,0.00
2017.04.06 13:08:16.672,12.52418,12.52632,0.00,0.00
2017.04.06 13:08:18.820,12.52339,12.52582,0.00,0.00
2017.04.06 13:08:19.005,12.52318,12.52572,0.00,0.00
2017.04.06 13:08:19.077,12.52318,12.52582,0.00,0.00
2017.04.06 13:08:19.178,12.52318,12.52532,0.00,0.00
2017.04.06 13:08:21.628,12.52318,12.52542,0.00,0.00
2017.04.06 13:08:21.730,12.52318,12.52562,0.00,0.00
2017.04.06 13:08:22.193,12.52318,12.52542,0.00,0.00
2017.04.06 13:08:22.283,12.52318,12.52562,0.00,0.00
2017.04.06 13:08:22.998,12.52328,12.52582,0.00,0.00
2017.04.06 13:08:23.171,12.52318,12.52531,0.00,0.00
2017.04.06 13:08:23.222,12.52318,12.52541,0.00,0.00
2017.04.06 13:08:24.289,12.52318,12.52562,0.00,0.00
2017.04.06 13:08:24.389,12.52328,12.52582,0.00,0.00
2017.04.06 13:08:24.490,12.52418,12.52588,0.00,0.00
2017.04.06 13:08:24.596,12.52379,12.52581,0.00,0.00
2017.04.06 13:08:24.700,12.52319,12.52572,0.00,0.00
2017.04.06 13:08:24.891,12.52319,12.52581,0.00,0.00
2017.04.06 13:08:25.003,12.52319,12.52532,0.00,0.00
2017.04.06 13:08:25.231,12.52319,12.52552,0.00,0.00
2017.04.06 13:08:25.693,12.52319,12.52522,0.00,0.00
2017.04.06 13:08:25.814,12.52319,12.52542,0.00,0.00
2017.04.06 13:08:26.325,12.52319,12.52522,0.00,0.00
2017.04.06 13:08:26.601,12.52319,12.52551,0.00,0.00
2017.04.06 13:08:26.697,12.52319,12.52542,0.00,0.00
2017.04.06 13:08:27.136,12.52319,12.52561,0.00,0.00
2017.04.06 13:08:27.201,12.52328,12.52581,0.00,0.00
2017.04.06 13:08:27.301,12.52319,12.52581,0.00,0.00
2017.04.06 13:08:27.421,12.52319,12.52521,0.00,0.00
2017.04.06 13:08:27.540,12.52319,12.52552,0.00,0.00
2017.04.06 13:08:27.710,12.52328,12.52581,0.00,0.00
2017.04.06 13:08:27.814,12.52319,12.52571,0.00,0.00
2017.04.06 13:08:28.211,12.52319,12.52542,0.00,0.00
2017.04.06 13:08:28.805,12.52319,12.52552,0.00,0.00
2017.04.06 13:08:30.345,12.52319,12.52571,0.00,0.00
2017.04.06 13:08:30.407,12.52328,12.52581,0.00,0.00
2017.04.06 13:08:30.583,12.52338,12.52581,0.00,0.00
2017.04.06 13:08:30.638,12.52319,12.52581,0.00,0.00
2017.04.06 13:08:31.409,12.52319,12.52521,0.00,0.00
2017.04.06 13:08:32.144,12.52419,12.52552,0.00,0.00
2017.04.06 13:08:32.245,12.52368,12.52632,0.00,0.00
2017.04.06 13:08:32.310,12.52368,12.52622,0.00,0.00
2017.04.06 13:08:32.677,12.52368,12.52612,0.00,0.00
2017.04.06 13:08:32.728,12.52368,12.52621,0.00,0.00
2017.04.06 13:08:33.415,12.52418,12.52672,0.00,0.00
2017.04.06 13:08:33.518,12.52418,12.52641,0.00,0.00
2017.04.06 13:08:33.619,12.52418,12.52679,0.00,0.00
2017.04.06 13:08:33.919,12.52418,12.52661,0.00,0.00
2017.04.06 13:08:34.384,12.52418,12.52679,0.00,0.00
2017.04.06 13:08:34.434,12.52418,12.52662,0.00,0.00
2017.04.06 13:08:36.224,12.52418,12.52651,0.00,0.00
2017.04.06 13:08:36.375,12.52369,12.52612,0.00,0.00
2017.04.06 13:08:36.426,12.52368,12.52601,0.00,0.00
2017.04.06 13:08:36.625,12.52378,12.52632,0.00,0.00
2017.04.06 13:08:36.677,12.52368,12.52631,0.00,0.00
2017.04.06 13:08:36.730,12.52419,12.52631,0.00,0.00
2017.04.06 13:08:36.831,12.52419,12.52652,0.00,0.00
2017.04.06 13:08:36.941,12.52419,12.52659,0.00,0.00
2017.04.06 13:08:37.042,12.52419,12.52652,0.00,0.00
2017.04.06 13:08:37.144,12.52419,12.52659,0.00,0.00
2017.04.06 13:08:37.195,12.52419,12.52681,0.00,0.00
2017.04.06 13:08:37.246,12.52419,12.52661,0.00,0.00
2017.04.06 13:08:37.346,12.52419,12.52681,0.00,0.00
2017.04.06 13:08:37.819,12.52419,12.52662,0.00,0.00
2017.04.06 13:08:38.161,12.52419,12.52651,0.00,0.00
2017.04.06 13:08:38.266,12.52369,12.52632,0.00,0.00
2017.04.06 13:08:38.367,12.52398,12.52581,0.00,0.00
2017.04.06 13:08:38.468,12.52348,12.52581,0.00,0.00
2017.04.06 13:08:38.518,12.52418,12.52632,0.00,0.00
2017.04.06 13:08:38.669,12.52418,12.52652,0.00,0.00
2017.04.06 13:08:38.808,12.52418,12.52659,0.00,0.00
2017.04.06 13:08:38.921,12.52418,12.52611,0.00,0.00
2017.04.06 13:08:39.142,12.52418,12.52642,0.00,0.00
2017.04.06 13:08:39.248,12.52418,12.52678,0.00,0.00
2017.04.06 13:08:39.578,12.52398,12.52632,0.00,0.00
2017.04.06 13:08:39.629,12.52369,12.52632,0.00,0.00
2017.04.06 13:08:39.680,12.52419,12.52651,0.00,0.00
2017.04.06 13:08:39.730,12.52419,12.52671,0.00,0.00
2017.04.06 13:08:39.840,12.52419,12.52652,0.00,0.00
2017.04.06 13:08:40.257,12.52419,12.52611,0.00,0.00
2017.04.06 13:08:40.550,12.52419,12.52641,0.00,0.00
2017.04.06 13:08:41.190,12.52368,12.52599,0.00,0.00
2017.04.06 13:08:41.291,12.52368,12.52621,0.00,0.00
2017.04.06 13:08:41.342,12.52368,12.52531,0.00,0.00
2017.04.06 13:08:41.443,12.52369,12.52582,0.00,0.00
2017.04.06 13:08:41.546,12.52339,12.52582,0.00,0.00
2017.04.06 13:08:41.647,12.52318,12.52541,0.00,0.00
2017.04.06 13:08:41.826,12.52318,12.52562,0.00,0.00
2017.04.06 13:08:41.960,12.52368,12.52551,0.00,0.00
2017.04.06 13:08:42.061,12.52419,12.52642,0.00,0.00
2017.04.06 13:08:42.163,12.52419,12.52681,0.00,0.00
2017.04.06 13:08:42.349,12.52419,12.52651,0.00,0.00
2017.04.06 13:08:42.427,12.52419,12.52681,0.00,0.00
2017.04.06 13:08:42.553,12.52419,12.52622,0.00,0.00
2017.04.06 13:08:42.977,12.52419,12.52611,0.00,0.00
2017.04.06 13:08:43.028,12.52419,12.52641,0.00,0.00
2017.04.06 13:08:43.129,12.52419,12.52632,0.00,0.00
2017.04.06 13:08:43.460,12.52419,12.52611,0.00,0.00
2017.04.06 13:08:43.530,12.52419,12.52631,0.00,0.00
2017.04.06 13:08:43.636,12.52419,12.52642,0.00,0.00
2017.04.06 13:08:43.741,12.52419,12.52611,0.00,0.00
2017.04.06 13:08:43.791,12.52369,12.52599,0.00,0.00
2017.04.06 13:08:43.842,12.52369,12.52571,0.00,0.00
2017.04.06 13:08:43.893,12.52319,12.52571,0.00,0.00
2017.04.06 13:08:44.074,12.52319,12.52532,0.00,0.00
2017.04.06 13:08:44.531,12.52319,12.52541,0.00,0.00
2017.04.06 13:08:44.745,12.52319,12.52561,0.00,0.00
2017.04.06 13:08:44.951,12.52319,12.52542,0.00,0.00
2017.04.06 13:08:45.079,12.52338,12.52581,0.00,0.00
2017.04.06 13:08:45.129,12.52368,12.52599,0.00,0.00
2017.04.06 13:08:45.333,12.52419,12.52679,0.00,0.00
2017.04.06 13:08:45.449,12.52419,12.52641,0.00,0.00
2017.04.06 13:08:45.784,12.52419,12.52632,0.00,0.00
2017.04.06 13:08:45.945,12.52419,12.52679,0.00,0.00
2017.04.06 13:08:46.316,12.52419,12.52659,0.00,0.00
2017.04.06 13:08:46.467,12.52318,12.52572,0.00,0.00
2017.04.06 13:08:46.952,12.52318,12.52582,0.00,0.00
2017.04.06 13:08:47.546,12.52318,12.52581,0.00,0.00
2017.04.06 13:08:49.839,12.52318,12.52532,0.00,0.00
2017.04.06 13:08:50.981,12.52338,12.52582,0.00,0.00
2017.04.06 13:08:51.041,12.52318,12.52562,0.00,0.00
2017.04.06 13:08:51.141,12.52329,12.52582,0.00,0.00
2017.04.06 13:08:51.341,12.52318,12.52532,0.00,0.00
2017.04.06 13:08:52.242,12.52318,12.52551,0.00,0.00
2017.04.06 13:08:52.743,12.52338,12.52582,0.00,0.00
2017.04.06 13:08:53.878,12.52318,12.52582,0.00,0.00
2017.04.06 13:08:53.991,12.52318,12.52522,0.00,0.00
2017.04.06 13:08:54.045,12.52318,12.52572,0.00,0.00
2017.04.06 13:08:54.152,12.52318,12.52562,0.00,0.00
2017.04.06 13:08:55.447,12.52318,12.52551,0.00,0.00
2017.04.06 13:08:56.265,12.52328,12.52582,0.00,0.00
2017.04.06 13:08:56.349,12.52318,12.52571,0.00,0.00
2017.04.06 13:08:56.452,12.52328,12.52582,0.00,0.00
2017.04.06 13:08:56.593,12.52349,12.52582,0.00,0.00
2017.04.06 13:08:56.749,12.52338,12.52582,0.00,0.00
2017.04.06 13:08:56.856,12.52318,12.52561,0.00,0.00
2017.04.06 13:08:57.293,12.52318,12.52552,0.00,0.00
2017.04.06 13:08:57.972,12.52328,12.52582,0.00,0.00
2017.04.06 13:08:58.051,12.52318,12.52531,0.00,0.00
2017.04.06 13:08:58.496,12.52318,12.52552,0.00,0.00
2017.04.06 13:08:58.598,12.52318,12.52572,0.00,0.00
2017.04.06 13:08:59.224,12.52318,12.52571,0.00,0.00
2017.04.06 13:08:59.720,12.52318,12.52551,0.00,0.00
2017.04.06 13:08:59.771,12.52318,12.52572,0.00,0.00
2017.04.06 13:08:59.954,12.52318,12.52552,0.00,0.00
2017.04.06 13:09:00.264,12.52338,12.52582,0.00,0.00
2017.04.06 13:09:00.462,12.52328,12.52582,0.00,0.00
2017.04.06 13:09:00.655,12.52349,12.52582,0.00,0.00
2017.04.06 13:09:00.797,12.52318,12.52582,0.00,0.00
2017.04.06 13:09:00.856,12.52318,12.52532,0.00,0.00
2017.04.06 13:09:01.157,12.52318,12.52571,0.00,0.00
2017.04.06 13:09:01.258,12.52338,12.52582,0.00,0.00
2017.04.06 13:09:01.570,12.52318,12.52531,0.00,0.00
2017.04.06 13:09:02.380,12.52318,12.52561,0.00,0.00
2017.04.06 13:09:02.661,12.52318,12.52552,0.00,0.00
2017.04.06 13:09:02.762,12.52318,12.52562,0.00,0.00
2017.04.06 13:09:02.946,12.52318,12.52521,0.00,0.00
2017.04.06 13:09:03.562,12.52318,12.52542,0.00,0.00
2017.04.06 13:09:03.613,12.52262,12.52482,0.00,0.00
2017.04.06 13:09:03.767,12.52218,12.52461,0.00,0.00
2017.04.06 13:09:03.974,12.52218,12.52482,0.00,0.00
2017.04.06 13:09:04.164,12.52218,12.52472,0.00,0.00
2017.04.06 13:09:04.369,12.52219,12.52482,0.00,0.00
2017.04.06 13:09:04.491,12.52218,12.52432,0.00,0.00
2017.04.06 13:09:04.596,12.52218,12.52461,0.00,0.00
2017.04.06 13:09:04.983,12.52218,12.52432,0.00,0.00
2017.04.06 13:09:05.877,12.52219,12.52482,0.00,0.00
2017.04.06 13:09:05.978,12.52218,12.52432,0.00,0.00
2017.04.06 13:09:06.094,12.52218,12.52462,0.00,0.00
2017.04.06 13:09:06.434,12.52218,12.52432,0.00,0.00
2017.04.06 13:09:06.768,12.52218,12.52452,0.00,0.00
2017.04.06 13:09:06.879,12.52218,12.52431,0.00,0.00
2017.04.06 13:09:06.980,12.52218,12.52462,0.00,0.00
2017.04.06 13:09:07.369,12.52218,12.52452,0.00,0.00
2017.04.06 13:09:08.171,12.52218,12.52432,0.00,0.00
2017.04.06 13:09:08.472,12.52218,12.52461,0.00,0.00
2017.04.06 13:09:09.605,12.52218,12.52432,0.00,0.00
2017.04.06 13:09:11.377,12.52218,12.52452,0.00,0.00
2017.04.06 13:09:14.083,12.52218,12.52442,0.00,0.00
2017.04.06 13:09:14.213,12.52218,12.52472,0.00,0.00
2017.04.06 13:09:14.319,12.52218,12.52442,0.00,0.00
2017.04.06 13:09:14.589,12.52218,12.52451,0.00,0.00
2017.04.06 13:09:14.684,12.52219,12.52482,0.00,0.00
2017.04.06 13:09:15.437,12.52218,12.52482,0.00,0.00
2017.04.06 13:09:15.593,12.52218,12.52431,0.00,0.00
2017.04.06 13:09:16.086,12.52218,12.52451,0.00,0.00
2017.04.06 13:09:17.133,12.52218,12.52432,0.00,0.00
2017.04.06 13:09:17.234,12.52218,12.52462,0.00,0.00
2017.04.06 13:09:17.288,12.52238,12.52482,0.00,0.00
2017.04.06 13:09:17.688,12.52218,12.52432,0.00,0.00
2017.04.06 13:09:18.426,12.52218,12.52452,0.00,0.00
2017.04.06 13:09:18.527,12.52238,12.52482,0.00,0.00
2017.04.06 13:09:18.665,12.52229,12.52482,0.00,0.00
2017.04.06 13:09:18.717,12.52218,12.52482,0.00,0.00
2017.04.06 13:09:18.790,12.52218,12.52431,0.00,0.00
2017.04.06 13:09:20.219,12.52218,12.52461,0.00,0.00
2017.04.06 13:09:20.295,12.52218,12.52432,0.00,0.00
2017.04.06 13:09:20.522,12.52218,12.52452,0.00,0.00
2017.04.06 13:09:20.595,12.52218,12.52432,0.00,0.00
2017.04.06 13:09:20.702,12.52218,12.52482,0.00,0.00
2017.04.06 13:09:20.796,12.52218,12.52431,0.00,0.00
2017.04.06 13:09:21.285,12.52149,12.52381,0.00,0.00
2017.04.06 13:09:21.336,12.52158,12.52381,0.00,0.00
2017.04.06 13:09:21.512,12.52119,12.52381,0.00,0.00
2017.04.06 13:09:21.598,12.52148,12.52381,0.00,0.00
2017.04.06 13:09:21.916,12.52129,12.52381,0.00,0.00
2017.04.06 13:09:21.999,12.52149,12.52381,0.00,0.00
2017.04.06 13:09:22.217,12.52128,12.52381,0.00,0.00
2017.04.06 13:09:22.318,12.52119,12.52381,0.00,0.00
2017.04.06 13:09:22.419,12.52119,12.52342,0.00,0.00
2017.04.06 13:09:23.242,12.52119,12.52361,0.00,0.00
2017.04.06 13:09:23.831,12.52169,12.52361,0.00,0.00
2017.04.06 13:09:23.931,12.52169,12.52431,0.00,0.00
2017.04.06 13:09:25.455,12.52218,12.52439,0.00,0.00
2017.04.06 13:09:25.505,12.52218,12.52451,0.00,0.00
2017.04.06 13:09:25.606,12.52218,12.52422,0.00,0.00
2017.04.06 13:09:25.710,12.52218,12.52472,0.00,0.00
2017.04.06 13:09:25.811,12.52218,12.52482,0.00,0.00
2017.04.06 13:09:25.951,12.52229,12.52482,0.00,0.00
2017.04.06 13:09:26.206,12.52219,12.52482,0.00,0.00
2017.04.06 13:09:27.221,12.52218,12.52482,0.00,0.00
2017.04.06 13:09:27.346,12.52218,12.52431,0.00,0.00
2017.04.06 13:09:27.709,12.52218,12.52451,0.00,0.00
2017.04.06 13:09:27.809,12.52218,12.52462,0.00,0.00
2017.04.06 13:09:28.777,12.52218,12.52458,0.00,0.00
2017.04.06 13:09:29.116,12.52119,12.52341,0.00,0.00
2017.04.06 13:09:29.217,12.52119,12.52371,0.00,0.00
2017.04.06 13:09:29.465,12.52119,12.52342,0.00,0.00
2017.04.06 13:09:29.863,12.52119,12.52352,0.00,0.00
2017.04.06 13:09:30.830,12.52169,12.52352,0.00,0.00
2017.04.06 13:09:30.930,12.52169,12.52419,0.00,0.00
2017.04.06 13:09:31.031,12.52198,12.52419,0.00,0.00
2017.04.06 13:09:31.350,12.52132,12.52369,0.00,0.00
2017.04.06 13:09:31.458,12.52118,12.52369,0.00,0.00
2017.04.06 13:09:31.559,12.52118,12.52342,0.00,0.00
2017.04.06 13:09:32.417,12.52118,12.52352,0.00,0.00
2017.04.06 13:09:33.017,12.52118,12.52369,0.00,0.00
2017.04.06 13:09:33.165,12.52139,12.52369,0.00,0.00
2017.04.06 13:09:33.360,12.52128,12.52369,0.00,0.00
2017.04.06 13:09:33.463,12.52138,12.52369,0.00,0.00
2017.04.06 13:09:33.568,12.52118,12.52369,0.00,0.00
2017.04.06 13:09:33.618,12.52118,12.52342,0.00,0.00
2017.04.06 13:09:34.182,12.52118,12.52341,0.00,0.00
2017.04.06 13:09:34.233,12.52128,12.52369,0.00,0.00
2017.04.06 13:09:34.920,12.52118,12.52369,0.00,0.00
2017.04.06 13:09:35.050,12.52118,12.52341,0.00,0.00
2017.04.06 13:09:35.122,12.52139,12.52369,0.00,0.00
2017.04.06 13:09:35.545,12.52119,12.52369,0.00,0.00
2017.04.06 13:09:35.748,12.52118,12.52342,0.00,0.00
2017.04.06 13:09:36.136,12.52118,12.52352,0.00,0.00
2017.04.06 13:09:37.132,12.52118,12.52369,0.00,0.00
2017.04.06 13:09:37.227,12.52139,12.52369,0.00,0.00
2017.04.06 13:09:37.360,12.52118,12.52369,0.00,0.00
2017.04.06 13:09:37.427,12.52118,12.52332,0.00,0.00
2017.04.06 13:09:37.528,12.52118,12.52352,0.00,0.00
2017.04.06 13:09:37.728,12.52118,12.52332,0.00,0.00
2017.04.06 13:09:38.750,12.52118,12.52369,0.00,0.00
2017.04.06 13:09:38.930,12.52128,12.52369,0.00,0.00
2017.04.06 13:09:39.038,12.52118,12.52369,0.00,0.00
2017.04.06 13:09:39.331,12.52138,12.52369,0.00,0.00
2017.04.06 13:09:39.464,12.52118,12.52369,0.00,0.00
2017.04.06 13:09:40.583,12.52118,12.52331,0.00,0.00
2017.04.06 13:09:40.942,12.52118,12.52351,0.00,0.00
2017.04.06 13:09:41.034,12.52118,12.52332,0.00,0.00
2017.04.06 13:09:41.135,12.52118,12.52352,0.00,0.00
2017.04.06 13:09:41.336,12.52118,12.52361,0.00,0.00
2017.04.06 13:09:41.636,12.52118,12.52352,0.00,0.00
2017.04.06 13:09:42.452,12.52118,12.52361,0.00,0.00
2017.04.06 13:09:42.663,12.52128,12.52369,0.00,0.00
2017.04.06 13:09:43.045,12.52138,12.52369,0.00,0.00
2017.04.06 13:09:44.840,12.52128,12.52369,0.00,0.00
2017.04.06 13:09:46.552,12.52138,12.52369,0.00,0.00
2017.04.06 13:09:46.963,12.52148,12.52369,0.00,0.00
2017.04.06 13:09:47.064,12.52139,12.52369,0.00,0.00
2017.04.06 13:09:47.946,12.52118,12.52342,0.00,0.00
2017.04.06 13:09:49.150,12.52118,12.52352,0.00,0.00
2017.04.06 13:09:49.297,12.52118,12.52342,0.00,0.00
2017.04.06 13:09:49.952,12.52118,12.52369,0.00,0.00
2017.04.06 13:09:50.052,12.52128,12.52369,0.00,0.00
2017.04.06 13:09:50.701,12.52118,12.52369,0.00,0.00
2017.04.06 13:09:52.101,12.52118,12.52332,0.00,0.00
2017.04.06 13:09:52.592,12.52118,12.52352,0.00,0.00
2017.04.06 13:09:54.563,12.52118,12.52369,0.00,0.00
2017.04.06 13:09:54.663,12.52138,12.52369,0.00,0.00
2017.04.06 13:09:55.025,12.52148,12.52369,0.00,0.00
2017.04.06 13:09:55.567,12.52218,12.52432,0.00,0.00
2017.04.06 13:09:55.669,12.52218,12.52459,0.00,0.00
2017.04.06 13:09:55.867,12.52218,12.52431,0.00,0.00
2017.04.06 13:09:55.983,12.52218,12.52459,0.00,0.00
2017.04.06 13:09:56.084,12.52218,12.52431,0.00,0.00
2017.04.06 13:09:56.377,12.52218,12.52448,0.00,0.00
2017.04.06 13:09:57.173,12.52229,12.52448,0.00,0.00
2017.04.06 13:09:57.270,12.52218,12.52448,0.00,0.00
2017.04.06 13:09:58.108,12.52218,12.52432,0.00,0.00
2017.04.06 13:09:59.074,12.52218,12.52448,0.00,0.00
2017.04.06 13:09:59.175,12.52218,12.52442,0.00,0.00
2017.04.06 13:09:59.274,12.52218,12.52448,0.00,0.00
2017.04.06 13:10:01.111,12.52228,12.52448,0.00,0.00
2017.04.06 13:10:01.509,12.52238,12.52448,0.00,0.00
2017.04.06 13:10:03.686,12.52269,12.52458,0.00,0.00
2017.04.06 13:10:03.736,12.52269,12.52522,0.00,0.00
2017.04.06 13:10:03.787,12.52319,12.52531,0.00,0.00
2017.04.06 13:10:03.910,12.52319,12.52548,0.00,0.00
2017.04.06 13:10:04.295,12.52319,12.52521,0.00,0.00
2017.04.06 13:10:04.399,12.52319,12.52548,0.00,0.00
2017.04.06 13:10:05.687,12.52319,12.52522,0.00,0.00
2017.04.06 13:10:06.215,12.52319,12.52541,0.00,0.00
2017.04.06 13:10:06.288,12.52319,12.52548,0.00,0.00
2017.04.06 13:10:06.389,12.52319,12.52521,0.00,0.00
2017.04.06 13:10:06.634,12.52319,12.52542,0.00,0.00
2017.04.06 13:10:07.215,12.52319,12.52548,0.00,0.00
2017.04.06 13:10:08.197,12.52319,12.52528,0.00,0.00
2017.04.06 13:10:08.811,12.52319,12.52522,0.00,0.00
2017.04.06 13:10:09.140,12.52419,12.52592,0.00,0.00
2017.04.06 13:10:09.330,12.52419,12.52618,0.00,0.00
2017.04.06 13:10:09.497,12.52419,12.52612,0.00,0.00
2017.04.06 13:10:09.733,12.52419,12.52618,0.00,0.00
2017.04.06 13:10:10.499,12.52419,12.52611,0.00,0.00
2017.04.06 13:10:11.005,12.52419,12.52618,0.00,0.00
2017.04.06 13:10:14.741,12.52398,12.52618,0.00,0.00
2017.04.06 13:10:15.996,12.52398,12.52621,0.00,0.00
2017.04.06 13:10:16.111,12.52398,12.52629,0.00,0.00
2017.04.06 13:10:16.813,12.52398,12.52611,0.00,0.00
2017.04.06 13:10:17.815,12.52398,12.52629,0.00,0.00
2017.04.06 13:10:18.652,12.52398,12.52621,0.00,0.00
2017.04.06 13:10:18.753,12.52398,12.52629,0.00,0.00
2017.04.06 13:10:20.852,12.52408,12.52629,0.00,0.00
2017.04.06 13:10:20.961,12.52398,12.52622,0.00,0.00
2017.04.06 13:10:21.062,12.52418,12.52629,0.00,0.00
2017.04.06 13:10:21.165,12.52398,12.52629,0.00,0.00
2017.04.06 13:10:21.534,12.52408,12.52629,0.00,0.00
2017.04.06 13:10:21.761,12.52398,12.52629,0.00,0.00
2017.04.06 13:10:22.025,12.52398,12.52611,0.00,0.00
2017.04.06 13:10:22.527,12.52398,12.52629,0.00,0.00
2017.04.06 13:10:22.627,12.52398,12.52602,0.00,0.00
2017.04.06 13:10:22.927,12.52398,12.52621,0.00,0.00
2017.04.06 13:10:25.740,12.52398,12.52591,0.00,0.00
2017.04.06 13:10:26.042,12.52398,12.52621,0.00,0.00
2017.04.06 13:10:26.557,12.52398,12.52612,0.00,0.00
2017.04.06 13:10:26.635,12.52398,12.52629,0.00,0.00
2017.04.06 13:10:26.735,12.52398,12.52592,0.00,0.00
2017.04.06 13:10:26.935,12.52398,12.52612,0.00,0.00
2017.04.06 13:10:27.037,12.52398,12.52591,0.00,0.00
2017.04.06 13:10:27.275,12.52398,12.52622,0.00,0.00
2017.04.06 13:10:27.376,12.52398,12.52629,0.00,0.00
2017.04.06 13:10:30.844,12.52398,12.52591,0.00,0.00
2017.04.06 13:10:31.176,12.52449,12.52591,0.00,0.00
2017.04.06 13:10:31.306,12.52449,12.52631,0.00,0.00
2017.04.06 13:10:31.357,12.52499,12.52721,0.00,0.00
2017.04.06 13:10:31.579,12.52499,12.52729,0.00,0.00
2017.04.06 13:10:31.630,12.52499,12.52749,0.00,0.00
2017.04.06 13:10:31.879,12.52499,12.52692,0.00,0.00
2017.04.06 13:10:31.989,12.52499,12.52701,0.00,0.00
2017.04.06 13:10:32.095,12.52499,12.52732,0.00,0.00
2017.04.06 13:10:32.392,12.52499,12.52692,0.00,0.00
2017.04.06 13:10:32.717,12.52499,12.52749,0.00,0.00
2017.04.06 13:10:32.767,12.52499,12.52702,0.00,0.00
2017.04.06 13:10:33.053,12.52499,12.52732,0.00,0.00
2017.04.06 13:10:33.154,12.52499,12.52721,0.00,0.00
2017.04.06 13:10:33.254,12.52499,12.52732,0.00,0.00
2017.04.06 13:10:33.454,12.52499,12.52702,0.00,0.00
2017.04.06 13:10:33.555,12.52499,12.52749,0.00,0.00
2017.04.06 13:10:34.006,12.52499,12.52702,0.00,0.00
2017.04.06 13:10:34.057,12.52499,12.52722,0.00,0.00
2017.04.06 13:10:35.374,12.52499,12.52702,0.00,0.00
2017.04.06 13:10:35.499,12.52499,12.52731,0.00,0.00
2017.04.06 13:10:35.560,12.52499,12.52701,0.00,0.00
2017.04.06 13:10:35.703,12.52499,12.52722,0.00,0.00
2017.04.06 13:10:35.886,12.52499,12.52702,0.00,0.00
2017.04.06 13:10:36.261,12.52499,12.52711,0.00,0.00
2017.04.06 13:10:36.364,12.52499,12.52722,0.00,0.00
2017.04.06 13:10:36.600,12.52499,12.52741,0.00,0.00
2017.04.06 13:10:36.701,12.52499,12.52721,0.00,0.00
2017.04.06 13:10:37.040,12.52499,12.52711,0.00,0.00
2017.04.06 13:10:37.464,12.52499,12.52742,0.00,0.00
2017.04.06 13:10:37.764,12.52499,12.52732,0.00,0.00
2017.04.06 13:10:39.167,12.52499,12.52742,0.00,0.00
2017.04.06 13:10:39.868,12.52499,12.52712,0.00,0.00
2017.04.06 13:10:40.569,12.52499,12.52732,0.00,0.00
2017.04.06 13:10:40.969,12.52499,12.52741,0.00,0.00
2017.04.06 13:10:41.788,12.52499,12.52732,0.00,0.00
2017.04.06 13:10:41.871,12.52499,12.52741,0.00,0.00
2017.04.06 13:10:42.013,12.52508,12.52749,0.00,0.00
2017.04.06 13:10:42.472,12.52499,12.52749,0.00,0.00
2017.04.06 13:10:42.773,12.52499,12.52722,0.00,0.00
2017.04.06 13:10:43.495,12.52499,12.52732,0.00,0.00
2017.04.06 13:10:43.574,12.52499,12.52741,0.00,0.00
2017.04.06 13:10:44.024,12.52499,12.52732,0.00,0.00
2017.04.06 13:10:45.205,12.52499,12.52742,0.00,0.00
2017.04.06 13:10:47.280,12.52499,12.52731,0.00,0.00
2017.04.06 13:10:47.714,12.52499,12.52742,0.00,0.00
2017.04.06 13:10:47.826,12.52499,12.52712,0.00,0.00
2017.04.06 13:10:48.582,12.52499,12.52742,0.00,0.00
2017.04.06 13:10:49.283,12.52499,12.52732,0.00,0.00
2017.04.06 13:10:50.284,12.52499,12.52712,0.00,0.00
2017.04.06 13:10:50.618,12.52499,12.52741,0.00,0.00
2017.04.06 13:10:50.814,12.52449,12.52659,0.00,0.00
2017.04.06 13:10:50.915,12.52439,12.52659,0.00,0.00
2017.04.06 13:10:51.016,12.52399,12.52659,0.00,0.00
2017.04.06 13:10:51.123,12.52418,12.52659,0.00,0.00
2017.04.06 13:10:51.225,12.52399,12.52659,0.00,0.00
2017.04.06 13:10:51.287,12.52399,12.52621,0.00,0.00
2017.04.06 13:10:51.634,12.52399,12.52632,0.00,0.00
2017.04.06 13:10:51.687,12.52399,12.52622,0.00,0.00
2017.04.06 13:10:51.787,12.52399,12.52652,0.00,0.00
2017.04.06 13:10:51.896,12.52399,12.52631,0.00,0.00
2017.04.06 13:10:52.246,12.52399,12.52621,0.00,0.00
2017.04.06 13:10:52.296,12.52418,12.52659,0.00,0.00
2017.04.06 13:10:53.141,12.52408,12.52659,0.00,0.00
2017.04.06 13:10:53.192,12.52419,12.52659,0.00,0.00
2017.04.06 13:10:53.300,12.52399,12.52659,0.00,0.00
2017.04.06 13:10:53.407,12.52399,12.52622,0.00,0.00
2017.04.06 13:10:54.314,12.52399,12.52631,0.00,0.00
2017.04.06 13:10:54.424,12.52399,12.52612,0.00,0.00
2017.04.06 13:10:54.527,12.52399,12.52642,0.00,0.00
2017.04.06 13:10:54.648,12.52399,12.52612,0.00,0.00
2017.04.06 13:10:54.699,12.52399,12.52651,0.00,0.00
2017.04.06 13:10:54.834,12.52399,12.52621,0.00,0.00
2017.04.06 13:10:54.937,12.52399,12.52652,0.00,0.00
2017.04.06 13:10:55.038,12.52399,12.52659,0.00,0.00
2017.04.06 13:10:55.496,12.52399,12.52632,0.00,0.00
2017.04.06 13:10:55.906,12.52399,12.52622,0.00,0.00
2017.04.06 13:10:56.010,12.52399,12.52641,0.00,0.00
2017.04.06 13:10:56.096,12.52399,12.52622,0.00,0.00
2017.04.06 13:10:56.452,12.52399,12.52642,0.00,0.00
2017.04.06 13:10:57.199,12.52399,12.52622,0.00,0.00
2017.04.06 13:10:57.335,12.52399,12.52659,0.00,0.00
2017.04.06 13:10:58.228,12.52399,12.52652,0.00,0.00
2017.04.06 13:10:58.329,12.52399,12.52659,0.00,0.00
2017.04.06 13:10:59.647,12.52399,12.52651,0.00,0.00
2017.04.06 13:10:59.924,12.52399,12.52659,0.00,0.00
2017.04.06 13:11:00.354,12.52399,12.52652,0.00,0.00
2017.04.06 13:11:00.405,12.52399,12.52659,0.00,0.00
2017.04.06 13:11:00.733,12.52399,12.52642,0.00,0.00
2017.04.06 13:11:00.806,12.52399,12.52652,0.00,0.00
2017.04.06 13:11:01.908,12.52399,12.52631,0.00,0.00
2017.04.06 13:11:02.297,12.52448,12.52659,0.00,0.00
2017.04.06 13:11:02.728,12.52418,12.52668,0.00,0.00
2017.04.06 13:11:02.831,12.52508,12.52668,0.00,0.00
2017.04.06 13:11:02.938,12.52399,12.52668,0.00,0.00
2017.04.06 13:11:03.042,12.52398,12.52632,0.00,0.00
2017.04.06 13:11:03.143,12.52398,12.52641,0.00,0.00
2017.04.06 13:11:03.211,12.52398,12.52668,0.00,0.00
2017.04.06 13:11:03.311,12.52398,12.52642,0.00,0.00
2017.04.06 13:11:03.512,12.52398,12.52668,0.00,0.00
2017.04.06 13:11:03.647,12.52398,12.52652,0.00,0.00
2017.04.06 13:11:03.939,12.52398,12.52668,0.00,0.00
2017.04.06 13:11:04.013,12.52398,12.52652,0.00,0.00
2017.04.06 13:11:04.365,12.52398,12.52641,0.00,0.00
2017.04.06 13:11:04.416,12.52398,12.52651,0.00,0.00
2017.04.06 13:11:07.420,12.52398,12.52659,0.00,0.00
2017.04.06 13:11:07.524,12.52398,12.52642,0.00,0.00
2017.04.06 13:11:07.626,12.52398,12.52652,0.00,0.00
2017.04.06 13:11:07.727,12.52398,12.52659,0.00,0.00
2017.04.06 13:11:07.821,12.52398,12.52632,0.00,0.00
2017.04.06 13:11:08.149,12.52379,12.52568,0.00,0.00
2017.04.06 13:11:08.267,12.52298,12.52541,0.00,0.00
2017.04.06 13:11:08.322,12.52318,12.52568,0.00,0.00
2017.04.06 13:11:08.423,12.52298,12.52542,0.00,0.00
2017.04.06 13:11:08.526,12.52298,12.52552,0.00,0.00
2017.04.06 13:11:08.762,12.52298,12.52568,0.00,0.00
2017.04.06 13:11:08.863,12.52298,12.52549,0.00,0.00
2017.04.06 13:11:09.197,12.52329,12.52549,0.00,0.00
2017.04.06 13:11:09.374,12.52298,12.52549,0.00,0.00
2017.04.06 13:11:09.425,12.52338,12.52549,0.00,0.00
2017.04.06 13:11:09.706,12.52371,12.52621,0.00,0.00
2017.04.06 13:11:09.806,12.52398,12.52632,0.00,0.00
2017.04.06 13:11:10.089,12.52398,12.52649,0.00,0.00
2017.04.06 13:11:10.139,12.52428,12.52649,0.00,0.00
2017.04.06 13:11:10.243,12.52398,12.52649,0.00,0.00
2017.04.06 13:11:10.845,12.52398,12.52642,0.00,0.00
2017.04.06 13:11:11.028,12.52398,12.52649,0.00,0.00
2017.04.06 13:11:11.079,12.52389,12.52568,0.00,0.00
2017.04.06 13:11:11.129,12.52358,12.52568,0.00,0.00
2017.04.06 13:11:11.230,12.52309,12.52568,0.00,0.00
2017.04.06 13:11:11.452,12.52339,12.52568,0.00,0.00
2017.04.06 13:11:11.668,12.52308,12.52568,0.00,0.00
2017.04.06 13:11:11.769,12.52339,12.52568,0.00,0.00
2017.04.06 13:11:12.177,12.52329,12.52568,0.00,0.00
2017.04.06 13:11:12.279,12.52339,12.52568,0.00,0.00
2017.04.06 13:11:12.624,12.52359,12.52568,0.00,0.00
2017.04.06 13:11:12.675,12.52348,12.52568,0.00,0.00
2017.04.06 13:11:12.826,12.52349,12.52591,0.00,0.00
2017.04.06 13:11:12.876,12.52369,12.52609,0.00,0.00
2017.04.06 13:11:13.238,12.52358,12.52609,0.00,0.00
2017.04.06 13:11:13.338,12.52369,12.52609,0.00,0.00
2017.04.06 13:11:13.726,12.52399,12.52621,0.00,0.00
2017.04.06 13:11:14.066,12.52429,12.52648,0.00,0.00
2017.04.06 13:11:14.341,12.52399,12.52648,0.00,0.00
2017.04.06 13:11:14.447,12.52399,12.52642,0.00,0.00
2017.04.06 13:11:17.146,12.52399,12.52648,0.00,0.00
2017.04.06 13:11:17.347,12.52399,12.52642,0.00,0.00
2017.04.06 13:11:17.621,12.52398,12.52649,0.00,0.00
2017.04.06 13:11:17.672,12.52398,12.52612,0.00,0.00
2017.04.06 13:11:17.786,12.52398,12.52649,0.00,0.00
2017.04.06 13:11:17.847,12.52428,12.52649,0.00,0.00
2017.04.06 13:11:18.148,12.52398,12.52641,0.00,0.00
2017.04.06 13:11:18.649,12.52398,12.52649,0.00,0.00
2017.04.06 13:11:20.100,12.52398,12.52642,0.00,0.00
2017.04.06 13:11:20.685,12.52398,12.52649,0.00,0.00
2017.04.06 13:11:20.786,12.52398,12.52642,0.00,0.00
2017.04.06 13:11:21.570,12.52398,12.52649,0.00,0.00
2017.04.06 13:11:21.680,12.52398,12.52642,0.00,0.00
2017.04.06 13:11:21.781,12.52398,12.52649,0.00,0.00
2017.04.06 13:11:23.782,12.52438,12.52649,0.00,0.00
2017.04.06 13:11:24.561,12.52418,12.52649,0.00,0.00
2017.04.06 13:11:24.773,12.52398,12.52641,0.00,0.00
2017.04.06 13:11:25.168,12.52398,12.52649,0.00,0.00
2017.04.06 13:11:26.992,12.52398,12.52631,0.00,0.00
2017.04.06 13:11:27.168,12.52398,12.52649,0.00,0.00
2017.04.06 13:11:27.366,12.52398,12.52642,0.00,0.00
2017.04.06 13:11:27.467,12.52398,12.52649,0.00,0.00
2017.04.06 13:11:27.978,12.52398,12.52642,0.00,0.00
2017.04.06 13:11:28.780,12.52398,12.52649,0.00,0.00
2017.04.06 13:11:29.805,12.52398,12.52642,0.00,0.00
2017.04.06 13:11:30.117,12.52398,12.52649,0.00,0.00
2017.04.06 13:11:30.274,12.52398,12.52631,0.00,0.00
2017.04.06 13:11:30.678,12.52398,12.52642,0.00,0.00
2017.04.06 13:11:30.775,12.52398,12.52649,0.00,0.00
2017.04.06 13:11:31.500,12.52398,12.52642,0.00,0.00
2017.04.06 13:11:31.943,12.52398,12.52631,0.00,0.00
2017.04.06 13:11:32.204,12.52398,12.52641,0.00,0.00
2017.04.06 13:11:32.278,12.52398,12.52649,0.00,0.00
2017.04.06 13:11:32.648,12.52429,12.52649,0.00,0.00
2017.04.06 13:11:32.701,12.52398,12.52632,0.00,0.00
2017.04.06 13:11:32.819,12.52398,12.52649,0.00,0.00
2017.04.06 13:11:32.980,12.52408,12.52649,0.00,0.00
2017.04.06 13:11:33.430,12.52398,12.52622,0.00,0.00
2017.04.06 13:11:34.283,12.52398,12.52649,0.00,0.00
2017.04.06 13:11:34.383,12.52398,12.52641,0.00,0.00
2017.04.06 13:11:34.700,12.52398,12.52649,0.00,0.00
2017.04.06 13:11:35.101,12.52398,12.52641,0.00,0.00
2017.04.06 13:11:35.185,12.52398,12.52649,0.00,0.00
2017.04.06 13:11:35.987,12.52398,12.52641,0.00,0.00
2017.04.06 13:11:36.990,12.52398,12.52649,0.00,0.00
2017.04.06 13:11:37.114,12.52398,12.52632,0.00,0.00
2017.04.06 13:11:37.491,12.52398,12.52642,0.00,0.00
2017.04.06 13:11:37.892,12.52398,12.52632,0.00,0.00
2017.04.06 13:11:38.293,12.52398,12.52642,0.00,0.00
2017.04.06 13:11:38.944,12.52398,12.52622,0.00,0.00
2017.04.06 13:11:39.021,12.52398,12.52649,0.00,0.00
2017.04.06 13:11:39.095,12.52398,12.52642,0.00,0.00
2017.04.06 13:11:39.496,12.52398,12.52621,0.00,0.00
2017.04.06 13:11:39.705,12.52398,12.52649,0.00,0.00
2017.04.06 13:11:39.797,12.52398,12.52621,0.00,0.00
2017.04.06 13:11:40.341,12.52398,12.52641,0.00,0.00
2017.04.06 13:11:40.399,12.52398,12.52649,0.00,0.00
2017.04.06 13:11:41.718,12.52398,12.52642,0.00,0.00
2017.04.06 13:11:42.129,12.52398,12.52649,0.00,0.00
2017.04.06 13:11:47.234,12.52398,12.52632,0.00,0.00
2017.04.06 13:11:47.309,12.52398,12.52649,0.00,0.00
2017.04.06 13:11:49.674,12.52428,12.52649,0.00,0.00
2017.04.06 13:11:50.425,12.52409,12.52658,0.00,0.00
2017.04.06 13:11:50.527,12.52438,12.52658,0.00,0.00
2017.04.06 13:11:51.288,12.52472,12.52672,0.00,0.00
2017.04.06 13:11:51.339,12.52509,12.52748,0.00,0.00
2017.04.06 13:11:51.463,12.52499,12.52748,0.00,0.00
2017.04.06 13:11:51.565,12.52518,12.52748,0.00,0.00
2017.04.06 13:11:51.753,12.52499,12.52748,0.00,0.00
2017.04.06 13:11:51.819,12.52499,12.52722,0.00,0.00
2017.04.06 13:11:52.386,12.52531,12.52722,0.00,0.00
2017.04.06 13:11:52.619,12.52609,12.52809,0.00,0.00
2017.04.06 13:11:52.670,12.52609,12.52838,0.00,0.00
2017.04.06 13:11:52.771,12.52609,12.52849,0.00,0.00
2017.04.06 13:11:52.823,12.52618,12.52849,0.00,0.00
2017.04.06 13:11:53.174,12.52609,12.52832,0.00,0.00
2017.04.06 13:11:53.225,12.52579,12.52822,0.00,0.00
2017.04.06 13:11:53.276,12.52579,12.52768,0.00,0.00
2017.04.06 13:11:53.326,12.52558,12.52768,0.00,0.00
2017.04.06 13:11:53.377,12.52551,12.52768,0.00,0.00
2017.04.06 13:11:53.531,12.52509,12.52768,0.00,0.00
2017.04.06 13:11:54.845,12.52499,12.52742,0.00,0.00
2017.04.06 13:11:55.175,12.52549,12.52768,0.00,0.00
2017.04.06 13:11:55.230,12.52538,12.52768,0.00,0.00
2017.04.06 13:11:55.758,12.52538,12.52771,0.00,0.00
2017.04.06 13:11:56.060,12.52508,12.52771,0.00,0.00
2017.04.06 13:11:56.161,12.52528,12.52771,0.00,0.00
2017.04.06 13:11:56.558,12.52508,12.52771,0.00,0.00
2017.04.06 13:11:57.972,12.52548,12.52771,0.00,0.00
2017.04.06 13:11:58.082,12.52499,12.52731,0.00,0.00
2017.04.06 13:11:58.136,12.52508,12.52771,0.00,0.00
2017.04.06 13:11:58.482,12.52518,12.52771,0.00,0.00
2017.04.06 13:11:59.021,12.52499,12.52732,0.00,0.00
2017.04.06 13:11:59.138,12.52499,12.52751,0.00,0.00
2017.04.06 13:11:59.399,12.52549,12.52771,0.00,0.00
2017.04.06 13:11:59.450,12.52499,12.52752,0.00,0.00
2017.04.06 13:11:59.559,12.52558,12.52771,0.00,0.00
2017.04.06 13:11:59.664,12.52499,12.52751,0.00,0.00
2017.04.06 13:11:59.764,12.52518,12.52771,0.00,0.00
2017.04.06 13:11:59.839,12.52528,12.52771,0.00,0.00
2017.04.06 13:12:00.265,12.52549,12.52771,0.00,0.00
2017.04.06 13:12:00.442,12.52499,12.52752,0.00,0.00
2017.04.06 13:12:00.942,12.52499,12.52771,0.00,0.00
2017.04.06 13:12:01.342,12.52548,12.52771,0.00,0.00
2017.04.06 13:12:01.844,12.52538,12.52771,0.00,0.00
2017.04.06 13:12:02.877,12.52528,12.52771,0.00,0.00
2017.04.06 13:12:02.947,12.52509,12.52771,0.00,0.00
2017.04.06 13:12:03.147,12.52548,12.52771,0.00,0.00
2017.04.06 13:12:03.475,12.52529,12.52771,0.00,0.00
2017.04.06 13:12:03.550,12.52499,12.52731,0.00,0.00
2017.04.06 13:12:03.668,12.52499,12.52741,0.00,0.00
2017.04.06 13:12:03.869,12.52499,12.52762,0.00,0.00
2017.04.06 13:12:03.951,12.52558,12.52771,0.00,0.00
2017.04.06 13:12:04.152,12.52538,12.52771,0.00,0.00
2017.04.06 13:12:04.276,12.52528,12.52771,0.00,0.00
2017.04.06 13:12:06.156,12.52559,12.52771,0.00,0.00
2017.04.06 13:12:06.958,12.52538,12.52771,0.00,0.00
2017.04.06 13:12:07.298,12.52528,12.52771,0.00,0.00
2017.04.06 13:12:07.509,12.52509,12.52771,0.00,0.00
2017.04.06 13:12:07.676,12.52499,12.52751,0.00,0.00
2017.04.06 13:12:07.862,12.52499,12.52771,0.00,0.00
2017.04.06 13:12:07.988,12.52499,12.52742,0.00,0.00
2017.04.06 13:12:08.485,12.52499,12.52771,0.00,0.00
2017.04.06 13:12:08.992,12.52499,12.52761,0.00,0.00
2017.04.06 13:12:09.767,12.52499,12.52752,0.00,0.00
2017.04.06 13:12:11.372,12.52499,12.52771,0.00,0.00
2017.04.06 13:12:12.475,12.52499,12.52762,0.00,0.00
2017.04.06 13:12:13.124,12.52558,12.52771,0.00,0.00
2017.04.06 13:12:13.308,12.52558,12.52822,0.00,0.00
2017.04.06 13:12:13.409,12.52609,12.52822,0.00,0.00
2017.04.06 13:12:13.586,12.52619,12.52858,0.00,0.00
2017.04.06 13:12:13.920,12.52609,12.52858,0.00,0.00
2017.04.06 13:12:13.980,12.52609,12.52831,0.00,0.00
2017.04.06 13:12:14.080,12.52619,12.52858,0.00,0.00
2017.04.06 13:12:14.482,12.52609,12.52858,0.00,0.00
2017.04.06 13:12:15.143,12.52609,12.52842,0.00,0.00
2017.04.06 13:12:15.515,12.52609,12.52851,0.00,0.00
2017.04.06 13:12:15.585,12.52609,12.52858,0.00,0.00
2017.04.06 13:12:15.685,12.52609,12.52852,0.00,0.00
2017.04.06 13:12:15.812,12.52609,12.52858,0.00,0.00
2017.04.06 13:12:16.987,12.52609,12.52832,0.00,0.00
2017.04.06 13:12:17.300,12.52618,12.52858,0.00,0.00
2017.04.06 13:12:17.388,12.52609,12.52858,0.00,0.00
2017.04.06 13:12:17.490,12.52609,12.52842,0.00,0.00
2017.04.06 13:12:18.121,12.52619,12.52858,0.00,0.00
2017.04.06 13:12:18.222,12.52609,12.52832,0.00,0.00
2017.04.06 13:12:18.592,12.52609,12.52842,0.00,0.00
2017.04.06 13:12:20.028,12.52609,12.52858,0.00,0.00
2017.04.06 13:12:20.614,12.52708,12.52872,0.00,0.00
2017.04.06 13:12:20.715,12.52609,12.52832,0.00,0.00
2017.04.06 13:12:20.823,12.52628,12.52871,0.00,0.00
2017.04.06 13:12:20.874,12.52649,12.52878,0.00,0.00
2017.04.06 13:12:22.726,12.52649,12.52831,0.00,0.00
2017.04.06 13:12:22.828,12.52649,12.52842,0.00,0.00
2017.04.06 13:12:22.879,12.52698,12.52842,0.00,0.00
2017.04.06 13:12:22.930,12.52698,12.52919,0.00,0.00
2017.04.06 13:12:23.031,12.52748,12.52932,0.00,0.00
2017.04.06 13:12:23.138,12.52748,12.52941,0.00,0.00
2017.04.06 13:12:23.200,12.52748,12.52958,0.00,0.00
2017.04.06 13:12:23.521,12.52748,12.52922,0.00,0.00
2017.04.06 13:12:24.529,12.52748,12.52932,0.00,0.00
2017.04.06 13:12:25.139,12.52748,12.52951,0.00,0.00
2017.04.06 13:12:25.206,12.52748,12.52958,0.00,0.00
2017.04.06 13:12:26.184,12.52708,12.52958,0.00,0.00
2017.04.06 13:12:26.316,12.52708,12.52868,0.00,0.00
2017.04.06 13:12:26.367,12.52648,12.52868,0.00,0.00
2017.04.06 13:12:27.209,12.52648,12.52841,0.00,0.00
2017.04.06 13:12:28.715,12.52648,12.52868,0.00,0.00
2017.04.06 13:12:29.550,12.52648,12.52831,0.00,0.00
2017.04.06 13:12:29.613,12.52648,12.52868,0.00,0.00
2017.04.06 13:12:29.761,12.52648,12.52862,0.00,0.00
2017.04.06 13:12:30.036,12.52648,12.52868,0.00,0.00
2017.04.06 13:12:30.788,12.52749,12.52922,0.00,0.00
2017.04.06 13:12:30.838,12.52749,12.52958,0.00,0.00
2017.04.06 13:12:31.253,12.52749,12.52921,0.00,0.00
2017.04.06 13:12:31.608,12.52749,12.52912,0.00,0.00
2017.04.06 13:12:31.735,12.52749,12.52958,0.00,0.00
2017.04.06 13:12:31.862,12.52749,12.52952,0.00,0.00
2017.04.06 13:12:32.215,12.52749,12.52912,0.00,0.00
2017.04.06 13:12:32.265,12.52749,12.52958,0.00,0.00
2017.04.06 13:12:32.322,12.52749,12.52952,0.00,0.00
2017.04.06 13:12:32.623,12.52749,12.52931,0.00,0.00
2017.04.06 13:12:32.872,12.52749,12.52958,0.00,0.00
2017.04.06 13:12:32.924,12.52749,12.52911,0.00,0.00
2017.04.06 13:12:33.058,12.52749,12.52952,0.00,0.00
2017.04.06 13:12:33.247,12.52749,12.52922,0.00,0.00
2017.04.06 13:12:33.770,12.52749,12.52912,0.00,0.00
2017.04.06 13:12:34.152,12.52749,12.52921,0.00,0.00
2017.04.06 13:12:34.228,12.52749,12.52942,0.00,0.00
2017.04.06 13:12:34.332,12.52749,12.52958,0.00,0.00
2017.04.06 13:12:34.828,12.52749,12.52941,0.00,0.00
2017.04.06 13:12:35.158,12.52749,12.52912,0.00,0.00
2017.04.06 13:12:36.272,12.52749,12.52921,0.00,0.00
2017.04.06 13:12:36.580,12.52749,12.52958,0.00,0.00
2017.04.06 13:12:36.631,12.52749,12.52941,0.00,0.00
2017.04.06 13:12:37.162,12.52749,12.52931,0.00,0.00
2017.04.06 13:12:37.624,12.52749,12.52912,0.00,0.00
2017.04.06 13:12:37.733,12.52749,12.52922,0.00,0.00
2017.04.06 13:12:37.950,12.52749,12.52931,0.00,0.00
2017.04.06 13:12:38.133,12.52749,12.52922,0.00,0.00
2017.04.06 13:12:40.872,12.52749,12.52931,0.00,0.00
2017.04.06 13:12:41.281,12.52749,12.52958,0.00,0.00
2017.04.06 13:12:41.338,12.52749,12.52902,0.00,0.00
2017.04.06 13:12:41.555,12.52749,12.52958,0.00,0.00
2017.04.06 13:12:41.798,12.52749,12.52942,0.00,0.00
2017.04.06 13:12:42.178,12.52648,12.52869,0.00,0.00
2017.04.06 13:12:42.278,12.52648,12.52852,0.00,0.00
2017.04.06 13:12:42.579,12.52648,12.52869,0.00,0.00
2017.04.06 13:12:42.884,12.52648,12.52861,0.00,0.00
2017.04.06 13:12:43.206,12.52648,12.52852,0.00,0.00
2017.04.06 13:12:43.345,12.52648,12.52869,0.00,0.00
2017.04.06 13:12:43.442,12.52648,12.52822,0.00,0.00
2017.04.06 13:12:43.962,12.52648,12.52852,0.00,0.00
2017.04.06 13:12:44.072,12.52648,12.52869,0.00,0.00
2017.04.06 13:12:46.146,12.52648,12.52822,0.00,0.00
2017.04.06 13:12:46.247,12.52648,12.52869,0.00,0.00
2017.04.06 13:12:46.886,12.52648,12.52812,0.00,0.00
2017.04.06 13:12:47.353,12.52648,12.52842,0.00,0.00
2017.04.06 13:12:48.452,12.52648,12.52821,0.00,0.00
2017.04.06 13:12:49.332,12.52748,12.52848,0.00,0.00
2017.04.06 13:12:49.383,12.52748,12.52912,0.00,0.00
2017.04.06 13:12:49.455,12.52748,12.52951,0.00,0.00
2017.04.06 13:12:49.556,12.52748,12.52959,0.00,0.00
2017.04.06 13:12:49.976,12.52748,12.52901,0.00,0.00
2017.04.06 13:12:50.458,12.52699,12.52902,0.00,0.00
2017.04.06 13:12:50.509,12.52748,12.52902,0.00,0.00
2017.04.06 13:12:50.559,12.52748,12.52958,0.00,0.00
2017.04.06 13:12:50.691,12.52699,12.52919,0.00,0.00
2017.04.06 13:12:50.792,12.52648,12.52878,0.00,0.00
2017.04.06 13:12:50.893,12.52648,12.52831,0.00,0.00
2017.04.06 13:12:51.194,12.52748,12.52959,0.00,0.00
2017.04.06 13:12:51.960,12.52748,12.52902,0.00,0.00
2017.04.06 13:12:52.800,12.52748,12.52932,0.00,0.00
2017.04.06 13:12:52.901,12.52748,12.52901,0.00,0.00
2017.04.06 13:12:53.067,12.52748,12.52922,0.00,0.00
2017.04.06 13:12:53.163,12.52748,12.52942,0.00,0.00
2017.04.06 13:12:54.108,12.52748,12.52921,0.00,0.00
2017.04.06 13:12:54.166,12.52748,12.52959,0.00,0.00
2017.04.06 13:12:54.816,12.52748,12.52942,0.00,0.00
2017.04.06 13:12:55.716,12.52748,12.52922,0.00,0.00
2017.04.06 13:12:55.768,12.52748,12.52941,0.00,0.00
2017.04.06 13:12:56.270,12.52748,12.52921,0.00,0.00
2017.04.06 13:12:56.370,12.52748,12.52942,0.00,0.00
2017.04.06 13:12:56.705,12.52748,12.52902,0.00,0.00
2017.04.06 13:12:57.498,12.52748,12.52952,0.00,0.00
2017.04.06 13:12:57.604,12.52748,12.52901,0.00,0.00
2017.04.06 13:12:57.722,12.52748,12.52922,0.00,0.00
2017.04.06 13:12:57.773,12.52748,12.52911,0.00,0.00
2017.04.06 13:12:58.211,12.52748,12.52932,0.00,0.00
2017.04.06 13:12:58.274,12.52748,12.52911,0.00,0.00
2017.04.06 13:12:58.696,12.52748,12.52892,0.00,0.00
2017.04.06 13:12:58.799,12.52748,12.52959,0.00,0.00
2017.04.06 13:12:58.992,12.52748,12.52941,0.00,0.00
2017.04.06 13:12:59.503,12.52748,12.52932,0.00,0.00
2017.04.06 13:12:59.604,12.52748,12.52951,0.00,0.00
2017.04.06 13:12:59.678,12.52748,12.52959,0.00,0.00
2017.04.06 13:12:59.795,12.52748,12.52901,0.00,0.00
2017.04.06 13:12:59.899,12.52748,12.52932,0.00,0.00
2017.04.06 13:12:59.979,12.52748,12.52911,0.00,0.00
2017.04.06 13:13:00.297,12.52748,12.52959,0.00,0.00
2017.04.06 13:13:01.248,12.52679,12.52879,0.00,0.00
2017.04.06 13:13:01.299,12.52648,12.52879,0.00,0.00
2017.04.06 13:13:01.416,12.52648,12.52812,0.00,0.00
2017.04.06 13:13:01.483,12.52648,12.52842,0.00,0.00
2017.04.06 13:13:02.418,12.52648,12.52879,0.00,0.00
2017.04.06 13:13:02.520,12.52648,12.52812,0.00,0.00
2017.04.06 13:13:02.620,12.52648,12.52821,0.00,0.00
2017.04.06 13:13:03.994,12.52648,12.52832,0.00,0.00
2017.04.06 13:13:04.692,12.52648,12.52879,0.00,0.00
2017.04.06 13:13:07.798,12.52648,12.52812,0.00,0.00
2017.04.06 13:13:09.739,12.52648,12.52832,0.00,0.00
2017.04.06 13:13:10.639,12.52648,12.52852,0.00,0.00
2017.04.06 13:13:10.703,12.52648,12.52812,0.00,0.00
2017.04.06 13:13:10.850,12.52648,12.52821,0.00,0.00
2017.04.06 13:13:10.951,12.52648,12.52811,0.00,0.00
2017.04.06 13:13:11.421,12.52648,12.52832,0.00,0.00
2017.04.06 13:13:12.106,12.52648,12.52879,0.00,0.00
2017.04.06 13:13:12.236,12.52648,12.52841,0.00,0.00
2017.04.06 13:13:12.307,12.52648,12.52879,0.00,0.00
2017.04.06 13:13:13.042,12.52648,12.52862,0.00,0.00
2017.04.06 13:13:13.952,12.52648,12.52852,0.00,0.00
2017.04.06 13:13:15.514,12.52648,12.52872,0.00,0.00
2017.04.06 13:13:17.138,12.52648,12.52852,0.00,0.00
2017.04.06 13:13:17.216,12.52648,12.52879,0.00,0.00
2017.04.06 13:13:18.018,12.52648,12.52821,0.00,0.00
2017.04.06 13:13:19.019,12.52648,12.52832,0.00,0.00
2017.04.06 13:13:19.860,12.52648,12.52821,0.00,0.00
2017.04.06 13:13:19.965,12.52648,12.52879,0.00,0.00
2017.04.06 13:13:22.524,12.52648,12.52872,0.00,0.00
2017.04.06 13:13:25.730,12.52648,12.52879,0.00,0.00
2017.04.06 13:13:26.412,12.52698,12.52881,0.00,0.00
2017.04.06 13:13:26.706,12.52748,12.52959,0.00,0.00
2017.04.06 13:13:26.757,12.52748,12.52952,0.00,0.00
2017.04.06 13:13:26.858,12.52748,12.52959,0.00,0.00
2017.04.06 13:13:27.051,12.52748,12.52912,0.00,0.00
2017.04.06 13:13:27.154,12.52748,12.52951,0.00,0.00
2017.04.06 13:13:27.379,12.52748,12.52959,0.00,0.00
2017.04.06 13:13:27.436,12.52748,12.52942,0.00,0.00
2017.04.06 13:13:27.536,12.52748,12.52959,0.00,0.00
2017.04.06 13:13:27.636,12.52748,12.52951,0.00,0.00
2017.04.06 13:13:27.936,12.52748,12.52959,0.00,0.00
2017.04.06 13:13:28.538,12.52748,12.52911,0.00,0.00
2017.04.06 13:13:28.739,12.52748,12.52931,0.00,0.00
2017.04.06 13:13:28.840,12.52748,12.52959,0.00,0.00
2017.04.06 13:13:29.178,12.52748,12.52931,0.00,0.00
2017.04.06 13:13:29.482,12.52748,12.52952,0.00,0.00
2017.04.06 13:13:29.842,12.52748,12.52942,0.00,0.00
2017.04.06 13:13:30.356,12.52748,12.52959,0.00,0.00
2017.04.06 13:13:30.653,12.52748,12.52942,0.00,0.00
2017.04.06 13:13:31.263,12.52748,12.52952,0.00,0.00
2017.04.06 13:13:31.366,12.52748,12.52931,0.00,0.00
2017.04.06 13:13:31.467,12.52748,12.52959,0.00,0.00
2017.04.06 13:13:31.761,12.52748,12.52952,0.00,0.00
2017.04.06 13:13:32.226,12.52798,12.52952,0.00,0.00
2017.04.06 13:13:32.378,12.52848,12.53031,0.00,0.00
2017.04.06 13:13:32.479,12.52848,12.53058,0.00,0.00
2017.04.06 13:13:32.530,12.52851,12.53059,0.00,0.00
2017.04.06 13:13:32.840,12.52949,12.53069,0.00,0.00
2017.04.06 13:13:35.687,12.52898,12.53069,0.00,0.00
2017.04.06 13:13:35.788,12.52878,12.53069,0.00,0.00
2017.04.06 13:13:35.980,12.52851,12.53042,0.00,0.00
2017.04.06 13:13:36.191,12.52851,12.53069,0.00,0.00
2017.04.06 13:13:36.242,12.52849,12.53069,0.00,0.00
2017.04.06 13:13:36.292,12.52849,12.53042,0.00,0.00
2017.04.06 13:13:36.566,12.52849,12.53062,0.00,0.00
2017.04.06 13:13:36.863,12.52849,12.53042,0.00,0.00
2017.04.06 13:13:37.253,12.52852,12.53042,0.00,0.00
2017.04.06 13:13:37.556,12.52948,12.53069,0.00,0.00
2017.04.06 13:13:40.002,12.52868,12.53069,0.00,0.00
2017.04.06 13:13:40.111,12.52969,12.53069,0.00,0.00
2017.04.06 13:13:40.501,12.52989,12.53069,0.00,0.00
2017.04.06 13:13:40.665,12.52969,12.53069,0.00,0.00
2017.04.06 13:13:42.369,12.53008,12.53069,0.00,0.00
2017.04.06 13:13:42.569,12.52989,12.53069,0.00,0.00
2017.04.06 13:13:42.695,12.52969,12.53069,0.00,0.00
2017.04.06 13:13:42.908,12.53018,12.53069,0.00,0.00
2017.04.06 13:13:43.216,12.53068,12.53069,0.00,0.00
2017.04.06 13:13:43.405,12.53018,12.53069,0.00,0.00
2017.04.06 13:13:43.515,12.52992,12.53069,0.00,0.00
2017.04.06 13:13:43.884,12.53008,12.53069,0.00,0.00
2017.04.06 13:13:43.991,12.52992,12.53069,0.00,0.00
2017.04.06 13:13:44.174,12.53009,12.53069,0.00,0.00
2017.04.06 13:13:44.408,12.52998,12.53069,0.00,0.00
2017.04.06 13:13:44.474,12.52992,12.53069,0.00,0.00
2017.04.06 13:13:44.799,12.53009,12.53069,0.00,0.00
2017.04.06 13:13:45.009,12.52998,12.53069,0.00,0.00
2017.04.06 13:13:45.379,12.53018,12.53069,0.00,0.00
2017.04.06 13:13:45.480,12.52971,12.53069,0.00,0.00
2017.04.06 13:13:46.577,12.53028,12.53069,0.00,0.00
2017.04.06 13:13:46.690,12.52971,12.53069,0.00,0.00
2017.04.06 13:13:46.985,12.52979,12.53069,0.00,0.00
2017.04.06 13:13:47.199,12.52971,12.53069,0.00,0.00
2017.04.06 13:13:47.479,12.52979,12.53069,0.00,0.00
2017.04.06 13:13:47.781,12.53028,12.53069,0.00,0.00
2017.04.06 13:13:48.414,12.53061,12.53069,0.00,0.00
2017.04.06 13:13:48.740,12.53089,12.5309,0.00,0.00
2017.04.06 13:13:48.790,12.53068,12.53069,0.00,0.00
2017.04.06 13:13:48.841,12.53069,12.53341,0.00,0.00
2017.04.06 13:13:48.984,12.53069,12.53352,0.00,0.00
2017.04.06 13:13:49.091,12.53069,12.53302,0.00,0.00
2017.04.06 13:13:49.192,12.53069,12.53322,0.00,0.00
2017.04.06 13:13:49.385,12.53089,12.53369,0.00,0.00
2017.04.06 13:13:49.496,12.53069,12.53302,0.00,0.00
2017.04.06 13:13:49.703,12.53069,12.53322,0.00,0.00
2017.04.06 13:13:49.809,12.53069,12.53342,0.00,0.00
2017.04.06 13:13:49.963,12.53069,12.53302,0.00,0.00
2017.04.06 13:13:50.087,12.53069,12.53312,0.00,0.00
2017.04.06 13:13:50.912,12.53069,12.53301,0.00,0.00
2017.04.06 13:13:51.122,12.53069,12.53322,0.00,0.00
2017.04.06 13:13:51.190,12.53069,12.53292,0.00,0.00
2017.04.06 13:13:51.424,12.53069,12.53312,0.00,0.00
2017.04.06 13:13:52.092,12.53069,12.53331,0.00,0.00
2017.04.06 13:13:52.292,12.53069,12.53312,0.00,0.00
2017.04.06 13:13:52.536,12.53069,12.53331,0.00,0.00
2017.04.06 13:13:52.894,12.53069,12.53301,0.00,0.00
2017.04.06 13:13:53.194,12.53069,12.53332,0.00,0.00
2017.04.06 13:13:53.294,12.53069,12.53322,0.00,0.00
2017.04.06 13:13:53.497,12.53098,12.53369,0.00,0.00
2017.04.06 13:13:53.865,12.53069,12.53302,0.00,0.00
2017.04.06 13:13:54.045,12.53069,12.53332,0.00,0.00
2017.04.06 13:13:54.548,12.53069,12.53321,0.00,0.00
2017.04.06 13:13:54.636,12.53069,12.53351,0.00,0.00
2017.04.06 13:13:54.700,12.53108,12.53369,0.00,0.00
2017.04.06 13:13:54.827,12.53088,12.53369,0.00,0.00
2017.04.06 13:13:54.936,12.53069,12.53322,0.00,0.00
2017.04.06 13:13:55.703,12.53069,12.53351,0.00,0.00
2017.04.06 13:13:56.104,12.53118,12.53369,0.00,0.00
2017.04.06 13:13:56.255,12.53189,12.53458,0.00,0.00
2017.04.06 13:13:56.306,12.53169,12.53441,0.00,0.00
2017.04.06 13:13:56.550,12.53169,12.53401,0.00,0.00
2017.04.06 13:13:56.723,12.53169,12.53441,0.00,0.00
2017.04.06 13:13:56.847,12.53178,12.53459,0.00,0.00
2017.04.06 13:13:56.997,12.53178,12.53462,0.00,0.00
2017.04.06 13:13:57.048,12.53169,12.53401,0.00,0.00
2017.04.06 13:13:57.208,12.53181,12.53442,0.00,0.00
2017.04.06 13:13:57.407,12.53208,12.53471,0.00,0.00
2017.04.06 13:13:57.513,12.53181,12.53452,0.00,0.00
2017.04.06 13:13:57.630,12.53199,12.53471,0.00,0.00
2017.04.06 13:13:57.756,12.53181,12.53431,0.00,0.00
2017.04.06 13:13:57.925,12.53181,12.53451,0.00,0.00
2017.04.06 13:13:58.032,12.53181,12.53431,0.00,0.00
2017.04.06 13:13:58.133,12.53181,12.53452,0.00,0.00
2017.04.06 13:13:58.254,12.53208,12.53471,0.00,0.00
2017.04.06 13:13:58.356,12.53181,12.53462,0.00,0.00
2017.04.06 13:13:58.408,12.53181,12.53411,0.00,0.00
2017.04.06 13:13:58.529,12.53181,12.53442,0.00,0.00
2017.04.06 13:13:58.630,12.53228,12.53471,0.00,0.00
2017.04.06 13:13:58.709,12.53181,12.53451,0.00,0.00
2017.04.06 13:13:58.815,12.53181,12.53421,0.00,0.00
2017.04.06 13:13:58.916,12.53181,12.53462,0.00,0.00
2017.04.06 13:13:58.969,12.53191,12.53462,0.00,0.00
2017.04.06 13:13:59.304,12.53269,12.53502,0.00,0.00
2017.04.06 13:13:59.355,12.53202,12.53451,0.00,0.00
2017.04.06 13:13:59.575,12.53202,12.53461,0.00,0.00
2017.04.06 13:13:59.738,12.53202,12.53421,0.00,0.00
2017.04.06 13:13:59.911,12.53229,12.53472,0.00,0.00
2017.04.06 13:14:00.112,12.53238,12.53472,0.00,0.00
2017.04.06 13:14:00.214,12.53218,12.53472,0.00,0.00
2017.04.06 13:14:00.356,12.53192,12.53471,0.00,0.00
2017.04.06 13:14:00.412,12.53208,12.53472,0.00,0.00
2017.04.06 13:14:00.758,12.53192,12.53421,0.00,0.00
2017.04.06 13:14:00.960,12.53271,12.53542,0.00,0.00
2017.04.06 13:14:01.014,12.53298,12.53572,0.00,0.00
2017.04.06 13:14:01.124,12.53271,12.53502,0.00,0.00
2017.04.06 13:14:01.312,12.53268,12.53502,0.00,0.00
2017.04.06 13:14:01.363,12.53268,12.53521,0.00,0.00
2017.04.06 13:14:01.413,12.53239,12.53489,0.00,0.00
2017.04.06 13:14:01.464,12.53218,12.53489,0.00,0.00
2017.04.06 13:14:01.515,12.53218,12.53451,0.00,0.00
2017.04.06 13:14:01.565,12.53181,12.53451,0.00,0.00
2017.04.06 13:14:01.616,12.53181,12.53461,0.00,0.00
2017.04.06 13:14:01.822,12.53181,12.53442,0.00,0.00
2017.04.06 13:14:01.942,12.53188,12.53472,0.00,0.00
2017.04.06 13:14:02.053,12.53181,12.53412,0.00,0.00
2017.04.06 13:14:02.116,12.53208,12.53472,0.00,0.00
2017.04.06 13:14:02.666,12.53219,12.53472,0.00,0.00
2017.04.06 13:14:02.719,12.53199,12.53472,0.00,0.00
2017.04.06 13:14:03.030,12.53219,12.53472,0.00,0.00
2017.04.06 13:14:03.246,12.53199,12.53472,0.00,0.00
2017.04.06 13:14:03.560,12.53218,12.53472,0.00,0.00
2017.04.06 13:14:03.850,12.53181,12.53442,0.00,0.00
2017.04.06 13:14:03.967,12.53229,12.53472,0.00,0.00
2017.04.06 13:14:04.222,12.53219,12.53472,0.00,0.00
2017.04.06 13:14:04.357,12.53208,12.53472,0.00,0.00
2017.04.06 13:14:04.422,12.53228,12.53472,0.00,0.00
2017.04.06 13:14:04.652,12.53209,12.53472,0.00,0.00
2017.04.06 13:14:04.778,12.53249,12.53472,0.00,0.00
2017.04.06 13:14:04.829,12.53269,12.53551,0.00,0.00
2017.04.06 13:14:04.942,12.53298,12.53568,0.00,0.00
2017.04.06 13:14:05.261,12.53289,12.53489,0.00,0.00
2017.04.06 13:14:05.362,12.53252,12.53471,0.00,0.00
2017.04.06 13:14:05.463,12.53181,12.53431,0.00,0.00
2017.04.06 13:14:05.647,12.53181,12.53462,0.00,0.00
2017.04.06 13:14:05.752,12.53181,12.53442,0.00,0.00
2017.04.06 13:14:06.101,12.53251,12.53411,0.00,0.00
2017.04.06 13:14:06.152,12.53262,12.53442,0.00,0.00
2017.04.06 13:14:06.270,12.53269,12.53521,0.00,0.00
2017.04.06 13:14:06.425,12.53278,12.53562,0.00,0.00
2017.04.06 13:14:06.475,12.53269,12.53532,0.00,0.00
2017.04.06 13:14:06.528,12.53298,12.53568,0.00,0.00
2017.04.06 13:14:06.655,12.53269,12.53521,0.00,0.00
2017.04.06 13:14:06.846,12.53298,12.53568,0.00,0.00
2017.04.06 13:14:06.953,12.53269,12.53532,0.00,0.00
2017.04.06 13:14:07.054,12.53288,12.53568,0.00,0.00
2017.04.06 13:14:07.263,12.53279,12.53561,0.00,0.00
2017.04.06 13:14:07.364,12.53269,12.53542,0.00,0.00
2017.04.06 13:14:07.719,12.53298,12.53568,0.00,0.00
2017.04.06 13:14:08.032,12.53269,12.53542,0.00,0.00
2017.04.06 13:14:08.144,12.53269,12.53532,0.00,0.00
2017.04.06 13:14:08.467,12.53258,12.53479,0.00,0.00
2017.04.06 13:14:08.568,12.53189,12.53471,0.00,0.00
2017.04.06 13:14:08.634,12.53218,12.53472,0.00,0.00
2017.04.06 13:14:08.735,12.53188,12.53472,0.00,0.00
2017.04.06 13:14:08.834,12.53219,12.53472,0.00,0.00
2017.04.06 13:14:08.937,12.53172,12.53432,0.00,0.00
2017.04.06 13:14:09.038,12.53178,12.53462,0.00,0.00
2017.04.06 13:14:09.140,12.53208,12.53472,0.00,0.00
2017.04.06 13:14:09.251,12.53179,12.53461,0.00,0.00
2017.04.06 13:14:09.352,12.53218,12.53472,0.00,0.00
2017.04.06 13:14:09.898,12.53172,12.53422,0.00,0.00
2017.04.06 13:14:11.275,12.53178,12.53462,0.00,0.00
2017.04.06 13:14:11.558,12.53228,12.53472,0.00,0.00
2017.04.06 13:14:11.660,12.53219,12.53472,0.00,0.00
2017.04.06 13:14:11.990,12.53198,12.53472,0.00,0.00
2017.04.06 13:14:13.167,12.53171,12.53452,0.00,0.00
2017.04.06 13:14:13.243,12.53179,12.53461,0.00,0.00
2017.04.06 13:14:13.344,12.53171,12.53422,0.00,0.00
2017.04.06 13:14:13.746,12.53171,12.53442,0.00,0.00
2017.04.06 13:14:14.476,12.53171,12.53412,0.00,0.00
2017.04.06 13:14:14.650,12.53171,12.53451,0.00,0.00
2017.04.06 13:14:14.962,12.53171,12.53431,0.00,0.00
2017.04.06 13:14:15.082,12.53209,12.53472,0.00,0.00
2017.04.06 13:14:16.148,12.53189,12.53471,0.00,0.00
2017.04.06 13:14:16.498,12.53208,12.53472,0.00,0.00
2017.04.06 13:14:16.549,12.53171,12.53451,0.00,0.00
2017.04.06 13:14:16.650,12.53179,12.53461,0.00,0.00
2017.04.06 13:14:16.895,12.53171,12.53421,0.00,0.00
2017.04.06 13:14:17.024,12.53168,12.53421,0.00,0.00
2017.04.06 13:14:17.075,12.53168,12.53452,0.00,0.00
2017.04.06 13:14:17.150,12.53168,12.53442,0.00,0.00
2017.04.06 13:14:17.485,12.53168,12.53421,0.00,0.00
2017.04.06 13:14:17.792,12.53168,12.53411,0.00,0.00
2017.04.06 13:14:17.896,12.53168,12.53452,0.00,0.00
2017.04.06 13:14:17.951,12.53208,12.53468,0.00,0.00
2017.04.06 13:14:18.083,12.53188,12.53468,0.00,0.00
2017.04.06 13:14:18.151,12.53168,12.53421,0.00,0.00
2017.04.06 13:14:18.569,12.53169,12.53442,0.00,0.00
2017.04.06 13:14:18.756,12.53081,12.53341,0.00,0.00
2017.04.06 13:14:18.898,12.53108,12.53372,0.00,0.00
2017.04.06 13:14:18.953,12.53149,12.53372,0.00,0.00
2017.04.06 13:14:19.153,12.53119,12.53372,0.00,0.00
2017.04.06 13:14:19.254,12.53081,12.53342,0.00,0.00
2017.04.06 13:14:19.459,12.53081,12.53362,0.00,0.00
2017.04.06 13:14:19.546,12.53119,12.53362,0.00,0.00
2017.04.06 13:14:19.596,12.53119,12.53372,0.00,0.00
2017.04.06 13:14:19.655,12.53158,12.53379,0.00,0.00
2017.04.06 13:14:19.804,12.53088,12.53371,0.00,0.00
2017.04.06 13:14:19.855,12.53108,12.53371,0.00,0.00
2017.04.06 13:14:20.156,12.53138,12.53371,0.00,0.00
2017.04.06 13:14:20.267,12.53071,12.53341,0.00,0.00
2017.04.06 13:14:20.658,12.53078,12.53362,0.00,0.00
2017.04.06 13:14:20.877,12.53159,12.53371,0.00,0.00
2017.04.06 13:14:21.159,12.53138,12.53371,0.00,0.00
2017.04.06 13:14:21.360,12.53119,12.53371,0.00,0.00
2017.04.06 13:14:22.668,12.53071,12.53322,0.00,0.00
2017.04.06 13:14:22.780,12.53108,12.53371,0.00,0.00
2017.04.06 13:14:23.102,12.53119,12.53371,0.00,0.00
2017.04.06 13:14:23.165,12.53071,12.53341,0.00,0.00
2017.04.06 13:14:23.466,12.53138,12.53371,0.00,0.00
2017.04.06 13:14:23.993,12.53071,12.53342,0.00,0.00
2017.04.06 13:14:24.225,12.53071,12.53321,0.00,0.00
2017.04.06 13:14:24.531,12.53139,12.53379,0.00,0.00
2017.04.06 13:14:24.581,12.53161,12.53422,0.00,0.00
2017.04.06 13:14:24.682,12.53169,12.53452,0.00,0.00
2017.04.06 13:14:25.088,12.53169,12.53411,0.00,0.00
2017.04.06 13:14:25.211,12.53169,12.53422,0.00,0.00
2017.04.06 13:14:25.724,12.53169,12.53432,0.00,0.00
2017.04.06 13:14:26.082,12.53169,12.53422,0.00,0.00
2017.04.06 13:14:26.203,12.53169,12.53452,0.00,0.00
2017.04.06 13:14:27.278,12.53169,12.53431,0.00,0.00
2017.04.06 13:14:28.086,12.53169,12.53421,0.00,0.00
2017.04.06 13:14:28.720,12.53188,12.53469,0.00,0.00
2017.04.06 13:14:28.783,12.53169,12.53451,0.00,0.00
2017.04.06 13:14:28.902,12.53218,12.53469,0.00,0.00
2017.04.06 13:14:29.119,12.53289,12.53558,0.00,0.00
2017.04.06 13:14:29.185,12.53268,12.53532,0.00,0.00
2017.04.06 13:14:29.507,12.53188,12.53471,0.00,0.00
2017.04.06 13:14:29.709,12.53181,12.53431,0.00,0.00
2017.04.06 13:14:30.014,12.53229,12.53472,0.00,0.00
2017.04.06 13:14:30.212,12.53199,12.53472,0.00,0.00
2017.04.06 13:14:30.315,12.53228,12.53472,0.00,0.00
2017.04.06 13:14:30.421,12.53181,12.53441,0.00,0.00
2017.04.06 13:14:30.661,12.53189,12.53471,0.00,0.00
2017.04.06 13:14:30.711,12.53181,12.53421,0.00,0.00
2017.04.06 13:14:30.921,12.53269,12.53532,0.00,0.00
2017.04.06 13:14:31.397,12.53269,12.53501,0.00,0.00
2017.04.06 13:14:31.594,12.53269,12.53511,0.00,0.00
2017.04.06 13:14:31.695,12.53259,12.53479,0.00,0.00
2017.04.06 13:14:31.802,12.53189,12.53471,0.00,0.00
2017.04.06 13:14:31.911,12.53178,12.53462,0.00,0.00
2017.04.06 13:14:32.031,12.53171,12.53422,0.00,0.00
2017.04.06 13:14:32.419,12.53171,12.53412,0.00,0.00
2017.04.06 13:14:32.624,12.53171,12.53432,0.00,0.00
2017.04.06 13:14:32.727,12.53208,12.53472,0.00,0.00
2017.04.06 13:14:33.049,12.53252,12.53472,0.00,0.00
2017.04.06 13:14:33.200,12.53282,12.53522,0.00,0.00
2017.04.06 13:14:33.365,12.53282,12.53561,0.00,0.00
2017.04.06 13:14:33.416,12.53282,12.53521,0.00,0.00
2017.04.06 13:14:33.725,12.53282,12.53532,0.00,0.00
2017.04.06 13:14:33.826,12.53282,12.53512,0.00,0.00
2017.04.06 13:14:34.098,12.53218,12.53472,0.00,0.00
2017.04.06 13:14:34.148,12.53249,12.53472,0.00,0.00
2017.04.06 13:14:34.383,12.53191,12.53462,0.00,0.00
2017.04.06 13:14:34.434,12.53281,12.53511,0.00,0.00
2017.04.06 13:14:34.635,12.53192,12.53431,0.00,0.00
2017.04.06 13:14:34.845,12.53192,12.53422,0.00,0.00
2017.04.06 13:14:35.149,12.53282,12.53521,0.00,0.00
2017.04.06 13:14:35.253,12.53282,12.53511,0.00,0.00
2017.04.06 13:14:35.526,12.53282,12.53562,0.00,0.00
2017.04.06 13:14:35.643,12.53282,12.53521,0.00,0.00
2017.04.06 13:14:35.747,12.53282,12.53532,0.00,0.00
2017.04.06 13:14:35.978,12.53289,12.53571,0.00,0.00
2017.04.06 13:14:36.029,12.53282,12.53562,0.00,0.00
2017.04.06 13:14:36.361,12.53282,12.53521,0.00,0.00
2017.04.06 13:14:36.462,12.53289,12.53571,0.00,0.00
2017.04.06 13:14:36.613,12.53282,12.53502,0.00,0.00
2017.04.06 13:14:37.114,12.53282,12.53511,0.00,0.00
2017.04.06 13:14:37.757,12.53282,12.53491,0.00,0.00
2017.04.06 13:14:37.816,12.53282,12.53511,0.00,0.00
2017.04.06 13:14:38.213,12.53288,12.53572,0.00,0.00
2017.04.06 13:14:38.457,12.53298,12.53572,0.00,0.00
2017.04.06 13:14:38.902,12.53282,12.53491,0.00,0.00
2017.04.06 13:14:39.047,12.53282,12.53522,0.00,0.00
2017.04.06 13:14:39.221,12.53282,12.53492,0.00,0.00
2017.04.06 13:14:39.321,12.53282,12.53522,0.00,0.00
2017.04.06 13:14:39.522,12.53298,12.53572,0.00,0.00
2017.04.06 13:14:39.623,12.53282,12.53522,0.00,0.00
2017.04.06 13:14:39.940,12.53282,12.53512,0.00,0.00
2017.04.06 13:14:40.062,12.53288,12.53572,0.00,0.00
2017.04.06 13:14:40.243,12.53282,12.53521,0.00,0.00
2017.04.06 13:14:40.603,12.53282,12.53492,0.00,0.00
2017.04.06 13:14:40.654,12.53282,12.53511,0.00,0.00
2017.04.06 13:14:41.130,12.53289,12.53571,0.00,0.00
2017.04.06 13:14:41.231,12.53282,12.53511,0.00,0.00
2017.04.06 13:14:41.532,12.53282,12.53521,0.00,0.00
2017.04.06 13:14:42.102,12.53282,12.53512,0.00,0.00
2017.04.06 13:14:42.152,12.53282,12.53522,0.00,0.00
2017.04.06 13:14:42.233,12.53282,12.53492,0.00,0.00
2017.04.06 13:14:42.577,12.53372,12.53612,0.00,0.00
2017.04.06 13:14:42.683,12.53328,12.53578,0.00,0.00
2017.04.06 13:14:42.784,12.53338,12.53568,0.00,0.00
2017.04.06 13:14:43.080,12.53271,12.53531,0.00,0.00
2017.04.06 13:14:43.262,12.53269,12.53531,0.00,0.00
2017.04.06 13:14:43.485,12.53269,12.53491,0.00,0.00
2017.04.06 13:14:43.776,12.53269,12.53531,0.00,0.00
2017.04.06 13:14:43.987,12.53269,12.53521,0.00,0.00
2017.04.06 13:14:44.338,12.53269,12.53531,0.00,0.00
2017.04.06 13:14:44.441,12.53269,12.53512,0.00,0.00
2017.04.06 13:14:44.777,12.53269,12.53492,0.00,0.00
2017.04.06 13:14:44.878,12.53269,12.53501,0.00,0.00
2017.04.06 13:14:44.940,12.53269,12.53522,0.00,0.00
2017.04.06 13:14:45.141,12.53269,12.53492,0.00,0.00
2017.04.06 13:14:45.242,12.53269,12.53522,0.00,0.00
2017.04.06 13:14:45.480,12.53269,12.53511,0.00,0.00
2017.04.06 13:14:45.827,12.53269,12.53492,0.00,0.00
2017.04.06 13:14:45.878,12.53269,12.53512,0.00,0.00
2017.04.06 13:14:45.980,12.53269,12.53492,0.00,0.00
2017.04.06 13:14:46.166,12.53269,12.53511,0.00,0.00
2017.04.06 13:14:46.245,12.53269,12.53521,0.00,0.00
2017.04.06 13:14:46.601,12.53269,12.53511,0.00,0.00
2017.04.06 13:14:46.652,12.53269,12.53531,0.00,0.00
2017.04.06 13:14:47.348,12.53269,12.53511,0.00,0.00
2017.04.06 13:14:47.849,12.53269,12.53501,0.00,0.00
2017.04.06 13:14:48.077,12.53269,12.53522,0.00,0.00
2017.04.06 13:14:48.250,12.53269,12.53531,0.00,0.00
2017.04.06 13:14:48.450,12.53269,12.53511,0.00,0.00
2017.04.06 13:14:48.551,12.53269,12.53531,0.00,0.00
2017.04.06 13:14:48.752,12.53269,12.53502,0.00,0.00
2017.04.06 13:14:48.853,12.53269,12.53542,0.00,0.00
2017.04.06 13:14:49.057,12.53269,12.53512,0.00,0.00
2017.04.06 13:14:49.162,12.53288,12.53549,0.00,0.00
2017.04.06 13:14:49.265,12.53269,12.53542,0.00,0.00
2017.04.06 13:14:49.431,12.53258,12.53472,0.00,0.00
2017.04.06 13:14:49.594,12.53202,12.53442,0.00,0.00
2017.04.06 13:14:49.756,12.53202,12.53422,0.00,0.00
2017.04.06 13:14:50.167,12.53168,12.53422,0.00,0.00
2017.04.06 13:14:50.285,12.53168,12.53452,0.00,0.00
2017.04.06 13:14:50.592,12.53168,12.53422,0.00,0.00
2017.04.06 13:14:50.658,12.53179,12.53461,0.00,0.00
2017.04.06 13:14:51.360,12.53168,12.53431,0.00,0.00
2017.04.06 13:14:51.560,12.53178,12.53462,0.00,0.00
2017.04.06 13:14:51.666,12.53168,12.53421,0.00,0.00
2017.04.06 13:14:51.775,12.53168,12.53441,0.00,0.00
2017.04.06 13:14:51.878,12.53168,12.53421,0.00,0.00
2017.04.06 13:14:52.177,12.53069,12.53332,0.00,0.00
2017.04.06 13:14:52.288,12.53098,12.53368,0.00,0.00
2017.04.06 13:14:52.393,12.53129,12.53368,0.00,0.00
2017.04.06 13:14:52.494,12.53069,12.53342,0.00,0.00
2017.04.06 13:14:52.898,12.53069,12.53352,0.00,0.00
2017.04.06 13:14:52.949,12.53069,12.53331,0.00,0.00
2017.04.06 13:14:53.000,12.53069,12.53341,0.00,0.00
2017.04.06 13:14:53.270,12.53078,12.53362,0.00,0.00
2017.04.06 13:14:53.408,12.53069,12.53341,0.00,0.00
2017.04.06 13:14:53.970,12.53088,12.53368,0.00,0.00
2017.04.06 13:14:54.174,12.53069,12.53352,0.00,0.00
2017.04.06 13:14:54.390,12.53068,12.53258,0.00,0.00
2017.04.06 13:14:54.573,12.52988,12.53258,0.00,0.00
2017.04.06 13:14:54.800,12.52999,12.53258,0.00,0.00
2017.04.06 13:14:54.874,12.52979,12.53258,0.00,0.00
2017.04.06 13:14:55.020,12.52968,12.53252,0.00,0.00
2017.04.06 13:14:55.074,12.52968,12.53242,0.00,0.00
2017.04.06 13:14:55.376,12.53069,12.53332,0.00,0.00
2017.04.06 13:14:55.477,12.53088,12.53359,0.00,0.00
2017.04.06 13:14:55.578,12.53118,12.53371,0.00,0.00
2017.04.06 13:14:55.677,12.53072,12.53341,0.00,0.00
2017.04.06 13:14:56.097,12.53072,12.53352,0.00,0.00
2017.04.06 13:14:56.198,12.53089,12.53371,0.00,0.00
2017.04.06 13:14:56.379,12.53078,12.53362,0.00,0.00
2017.04.06 13:14:56.552,12.53089,12.53371,0.00,0.00
2017.04.06 13:14:57.144,12.53089,12.53328,0.00,0.00
2017.04.06 13:14:57.283,12.53072,12.53328,0.00,0.00
2017.04.06 13:14:57.433,12.53079,12.53328,0.00,0.00
2017.04.06 13:14:57.598,12.53072,12.53328,0.00,0.00
2017.04.06 13:14:57.684,12.53078,12.53328,0.00,0.00
2017.04.06 13:14:57.785,12.53072,12.53328,0.00,0.00
2017.04.06 13:14:58.125,12.53078,12.53328,0.00,0.00
2017.04.06 13:14:58.226,12.53072,12.53328,0.00,0.00
2017.04.06 13:14:58.287,12.53088,12.53328,0.00,0.00
2017.04.06 13:14:58.401,12.53072,12.53328,0.00,0.00
2017.04.06 13:14:58.622,12.53061,12.53271,0.00,0.00
2017.04.06 13:14:58.723,12.53078,12.53328,0.00,0.00
2017.04.06 13:14:58.855,12.53068,12.53328,0.00,0.00
2017.04.06 13:14:58.905,12.53088,12.53328,0.00,0.00
2017.04.06 13:14:59.332,12.53068,12.53328,0.00,0.00
2017.04.06 13:14:59.385,12.53061,12.53271,0.00,0.00
2017.04.06 13:14:59.436,12.53048,12.53271,0.00,0.00
2017.04.06 13:14:59.491,12.53038,12.53271,0.00,0.00
2017.04.06 13:14:59.592,12.53019,12.53272,0.00,0.00
2017.04.06 13:14:59.809,12.52972,12.53241,0.00,0.00
2017.04.06 13:15:00.101,12.52999,12.53272,0.00,0.00
2017.04.06 13:15:00.154,12.52999,12.53229,0.00,0.00
2017.04.06 13:15:00.494,12.53012,12.53229,0.00,0.00
2017.04.06 13:15:03.202,12.52991,12.53229,0.00,0.00
2017.04.06 13:15:03.253,12.52979,12.53208,0.00,0.00
2017.04.06 13:15:03.303,12.52959,12.53208,0.00,0.00
2017.04.06 13:15:03.353,12.52959,12.53172,0.00,0.00
2017.04.06 13:15:03.404,12.52902,12.53161,0.00,0.00
2017.04.06 13:15:03.522,12.52919,12.53172,0.00,0.00
2017.04.06 13:15:03.852,12.52991,12.53222,0.00,0.00
2017.04.06 13:15:03.903,12.52951,12.53222,0.00,0.00
2017.04.06 13:15:03.953,12.52969,12.53222,0.00,0.00
2017.04.06 13:15:04.305,12.52992,12.53229,0.00,0.00
2017.04.06 13:15:05.206,12.52952,12.53221,0.00,0.00
2017.04.06 13:15:05.257,12.52991,12.53221,0.00,0.00
2017.04.06 13:15:05.308,12.52991,12.53229,0.00,0.00
2017.04.06 13:15:05.508,12.52991,12.53212,0.00,0.00
2017.04.06 13:15:05.559,12.52952,12.53212,0.00,0.00
2017.04.06 13:15:05.609,12.52979,12.53212,0.00,0.00
2017.04.06 13:15:05.717,12.52952,12.53212,0.00,0.00
2017.04.06 13:15:06.411,12.52959,12.53212,0.00,0.00
2017.04.06 13:15:06.511,12.52952,12.53212,0.00,0.00
2017.04.06 13:15:06.917,12.52991,12.53221,0.00,0.00
2017.04.06 13:15:07.018,12.52991,12.53242,0.00,0.00
2017.04.06 13:15:07.120,12.52991,12.53252,0.00,0.00
2017.04.06 13:15:07.225,12.53008,12.53262,0.00,0.00
2017.04.06 13:15:07.313,12.52991,12.53261,0.00,0.00
2017.04.06 13:15:08.017,12.52991,12.53252,0.00,0.00
2017.04.06 13:15:08.521,12.52991,12.53262,0.00,0.00
2017.04.06 13:15:08.757,12.52991,12.53252,0.00,0.00
2017.04.06 13:15:09.525,12.52991,12.53262,0.00,0.00
2017.04.06 13:15:09.621,12.52991,12.53252,0.00,0.00
2017.04.06 13:15:10.523,12.52991,12.53262,0.00,0.00
2017.04.06 13:15:11.853,12.52991,12.53242,0.00,0.00
2017.04.06 13:15:11.928,12.52991,12.53252,0.00,0.00
2017.04.06 13:15:12.037,12.52991,12.53262,0.00,0.00
2017.04.06 13:15:12.758,12.52991,12.53232,0.00,0.00
2017.04.06 13:15:12.980,12.53019,12.53262,0.00,0.00
2017.04.06 13:15:13.081,12.52991,12.53262,0.00,0.00
2017.04.06 13:15:13.233,12.52991,12.53252,0.00,0.00
2017.04.06 13:15:13.582,12.52991,12.53262,0.00,0.00
2017.04.06 13:15:13.635,12.53028,12.53262,0.00,0.00
2017.04.06 13:15:13.736,12.53008,12.53262,0.00,0.00
2017.04.06 13:15:13.855,12.52991,12.53242,0.00,0.00
2017.04.06 13:15:14.168,12.53028,12.53262,0.00,0.00
2017.04.06 13:15:14.386,12.53008,12.53262,0.00,0.00
2017.04.06 13:15:15.183,12.53029,12.53262,0.00,0.00
2017.04.06 13:15:15.241,12.53002,12.53242,0.00,0.00
2017.04.06 13:15:15.767,12.53091,12.53242,0.00,0.00
2017.04.06 13:15:16.002,12.53129,12.53362,0.00,0.00
2017.04.06 13:15:16.174,12.53091,12.53362,0.00,0.00
2017.04.06 13:15:16.366,12.53091,12.53321,0.00,0.00
2017.04.06 13:15:17.046,12.53091,12.53331,0.00,0.00
2017.04.06 13:15:17.306,12.53101,12.53331,0.00,0.00
2017.04.06 13:15:17.495,12.53101,12.53362,0.00,0.00
2017.04.06 13:15:17.547,12.53118,12.53362,0.00,0.00
2017.04.06 13:15:18.169,12.53201,12.53372,0.00,0.00
2017.04.06 13:15:18.270,12.53201,12.53441,0.00,0.00
2017.04.06 13:15:18.569,12.53201,12.53452,0.00,0.00
2017.04.06 13:15:18.953,12.53201,12.53431,0.00,0.00
2017.04.06 13:15:19.384,12.53201,12.53422,0.00,0.00
2017.04.06 13:15:19.583,12.53201,12.53452,0.00,0.00
2017.04.06 13:15:19.885,12.53201,12.53432,0.00,0.00
2017.04.06 13:15:20.195,12.53208,12.53462,0.00,0.00
2017.04.06 13:15:20.455,12.53188,12.53462,0.00,0.00
2017.04.06 13:15:20.781,12.53209,12.53462,0.00,0.00
2017.04.06 13:15:21.057,12.53199,12.53462,0.00,0.00
2017.04.06 13:15:21.190,12.53182,12.53422,0.00,0.00
2017.04.06 13:15:21.258,12.53182,12.53452,0.00,0.00
2017.04.06 13:15:23.666,12.53182,12.53422,0.00,0.00
2017.04.06 13:15:23.968,12.53182,12.53461,0.00,0.00
2017.04.06 13:15:24.369,12.53199,12.53462,0.00,0.00
2017.04.06 13:15:24.870,12.53182,12.53461,0.00,0.00
2017.04.06 13:15:25.372,12.53182,12.53432,0.00,0.00
2017.04.06 13:15:25.673,12.53202,12.53461,0.00,0.00
2017.04.06 13:15:25.778,12.53219,12.53462,0.00,0.00
2017.04.06 13:15:25.918,12.53208,12.53462,0.00,0.00
2017.04.06 13:15:25.974,12.53202,12.53462,0.00,0.00
2017.04.06 13:15:26.795,12.53198,12.53462,0.00,0.00
2017.04.06 13:15:26.979,12.53182,12.53461,0.00,0.00
2017.04.06 13:15:27.093,12.53208,12.53462,0.00,0.00
2017.04.06 13:15:27.219,12.53182,12.53462,0.00,0.00
2017.04.06 13:15:27.402,12.53198,12.53462,0.00,0.00
2017.04.06 13:15:27.716,12.53282,12.53512,0.00,0.00
2017.04.06 13:15:27.832,12.53299,12.53561,0.00,0.00
2017.04.06 13:15:28.188,12.53288,12.53561,0.00,0.00
2017.04.06 13:15:28.238,12.53292,12.53561,0.00,0.00
2017.04.06 13:15:28.549,12.53308,12.53561,0.00,0.00
2017.04.06 13:15:28.898,12.53319,12.53561,0.00,0.00
2017.04.06 13:15:29.236,12.53301,12.53521,0.00,0.00
2017.04.06 13:15:29.535,12.53301,12.53542,0.00,0.00
2017.04.06 13:15:29.739,12.53301,12.53552,0.00,0.00
2017.04.06 13:15:29.791,12.53301,12.53532,0.00,0.00
2017.04.06 13:15:30.191,12.53301,12.53542,0.00,0.00
2017.04.06 13:15:30.734,12.53301,12.53522,0.00,0.00
2017.04.06 13:15:30.785,12.53292,12.53522,0.00,0.00
2017.04.06 13:15:30.885,12.53308,12.53561,0.00,0.00
2017.04.06 13:15:30.936,12.53292,12.53542,0.00,0.00
2017.04.06 13:15:30.993,12.53292,12.53551,0.00,0.00
2017.04.06 13:15:31.117,12.53292,12.53511,0.00,0.00
2017.04.06 13:15:31.294,12.53292,12.53541,0.00,0.00
2017.04.06 13:15:31.609,12.53292,12.53531,0.00,0.00
2017.04.06 13:15:31.923,12.53292,12.53512,0.00,0.00
2017.04.06 13:15:32.039,12.53292,12.53542,0.00,0.00
2017.04.06 13:15:32.095,12.53292,12.53512,0.00,0.00
2017.04.06 13:15:32.195,12.53292,12.53522,0.00,0.00
2017.04.06 13:15:32.496,12.53292,12.53541,0.00,0.00
2017.04.06 13:15:33.762,12.53292,12.53522,0.00,0.00
2017.04.06 13:15:34.139,12.53292,12.53512,0.00,0.00
2017.04.06 13:15:34.309,12.53292,12.53522,0.00,0.00
2017.04.06 13:15:34.600,12.53292,12.53542,0.00,0.00
2017.04.06 13:15:34.700,12.53292,12.53522,0.00,0.00
2017.04.06 13:15:35.028,12.53292,12.53532,0.00,0.00
2017.04.06 13:15:35.301,12.53292,12.53522,0.00,0.00
2017.04.06 13:15:36.118,12.53292,12.53502,0.00,0.00
2017.04.06 13:15:36.219,12.53292,12.53531,0.00,0.00
2017.04.06 13:15:36.703,12.53292,12.53502,0.00,0.00
2017.04.06 13:15:37.022,12.53292,12.53522,0.00,0.00
2017.04.06 13:15:37.103,12.53292,12.53502,0.00,0.00
2017.04.06 13:15:38.350,12.53292,12.53532,0.00,0.00
2017.04.06 13:15:38.634,12.53292,12.53541,0.00,0.00
2017.04.06 13:15:38.705,12.53292,12.53511,0.00,0.00
2017.04.06 13:15:38.826,12.53292,12.53522,0.00,0.00
2017.04.06 13:15:39.406,12.53292,12.53512,0.00,0.00
2017.04.06 13:15:40.125,12.53292,12.53541,0.00,0.00
2017.04.06 13:15:40.254,12.53292,12.53531,0.00,0.00
2017.04.06 13:15:40.408,12.53292,12.53561,0.00,0.00
2017.04.06 13:15:40.459,12.53292,12.53532,0.00,0.00
2017.04.06 13:15:40.784,12.53292,12.53491,0.00,0.00
2017.04.06 13:15:41.151,12.53271,12.53491,0.00,0.00
2017.04.06 13:15:41.202,12.53251,12.53491,0.00,0.00
2017.04.06 13:15:41.253,12.53272,12.53511,0.00,0.00
2017.04.06 13:15:41.303,12.53259,12.53511,0.00,0.00
2017.04.06 13:15:41.354,12.53251,12.53491,0.00,0.00
2017.04.06 13:15:41.555,12.53281,12.53522,0.00,0.00
2017.04.06 13:15:41.656,12.53281,12.53532,0.00,0.00
2017.04.06 13:15:41.825,12.53281,12.53502,0.00,0.00
2017.04.06 13:15:42.062,12.53281,12.53531,0.00,0.00
2017.04.06 13:15:42.238,12.53281,12.53512,0.00,0.00
2017.04.06 13:15:42.346,12.53281,12.53531,0.00,0.00
2017.04.06 13:15:42.512,12.53281,12.53491,0.00,0.00
2017.04.06 13:15:42.650,12.53281,12.53532,0.00,0.00
2017.04.06 13:15:42.757,12.53281,12.53502,0.00,0.00
2017.04.06 13:15:42.913,12.53281,12.53562,0.00,0.00
2017.04.06 13:15:43.047,12.53299,12.53562,0.00,0.00
2017.04.06 13:15:43.148,12.53281,12.53561,0.00,0.00
2017.04.06 13:15:43.259,12.53281,12.53532,0.00,0.00
2017.04.06 13:15:43.313,12.53281,12.53552,0.00,0.00
2017.04.06 13:15:43.418,12.53281,12.53532,0.00,0.00
2017.04.06 13:15:43.520,12.53308,12.53592,0.00,0.00
2017.04.06 13:15:43.657,12.53329,12.53562,0.00,0.00
2017.04.06 13:15:43.758,12.53292,12.53542,0.00,0.00
2017.04.06 13:15:43.815,12.53292,12.53531,0.00,0.00
2017.04.06 13:15:44.060,12.53292,12.53552,0.00,0.00
2017.04.06 13:15:44.161,12.53292,12.53492,0.00,0.00
2017.04.06 13:15:44.218,12.53292,12.53532,0.00,0.00
2017.04.06 13:15:44.328,12.53292,12.53491,0.00,0.00
2017.04.06 13:15:44.516,12.53292,12.53511,0.00,0.00
2017.04.06 13:15:44.633,12.53292,12.53532,0.00,0.00
2017.04.06 13:15:44.832,12.53292,12.53492,0.00,0.00
2017.04.06 13:15:44.941,12.53292,12.53562,0.00,0.00
2017.04.06 13:15:45.053,12.53308,12.53562,0.00,0.00
2017.04.06 13:15:45.153,12.53298,12.53562,0.00,0.00
2017.04.06 13:15:45.572,12.53292,12.53502,0.00,0.00
2017.04.06 13:15:45.724,12.53292,12.53562,0.00,0.00
2017.04.06 13:15:45.820,12.53292,12.53532,0.00,0.00
2017.04.06 13:15:46.135,12.53372,12.53602,0.00,0.00
2017.04.06 13:15:46.241,12.53372,12.53612,0.00,0.00
2017.04.06 13:15:46.765,12.53372,12.53621,0.00,0.00
2017.04.06 13:15:47.006,12.53372,12.53612,0.00,0.00
2017.04.06 13:15:47.057,12.53372,12.53621,0.00,0.00
2017.04.06 13:15:47.268,12.53372,12.53582,0.00,0.00
2017.04.06 13:15:47.632,12.53372,12.53592,0.00,0.00
2017.04.06 13:15:47.723,12.53372,12.53621,0.00,0.00
2017.04.06 13:15:47.923,12.53372,12.53581,0.00,0.00
2017.04.06 13:15:48.325,12.53372,12.53621,0.00,0.00
2017.04.06 13:15:48.925,12.53372,12.53602,0.00,0.00
2017.04.06 13:15:49.090,12.53372,12.53622,0.00,0.00
2017.04.06 13:15:49.142,12.53372,12.53592,0.00,0.00
2017.04.06 13:15:50.042,12.53372,12.53582,0.00,0.00
2017.04.06 13:15:50.269,12.53372,12.53602,0.00,0.00
2017.04.06 13:15:50.754,12.53372,12.53621,0.00,0.00
2017.04.06 13:15:51.478,12.53372,12.53561,0.00,0.00
2017.04.06 13:15:51.528,12.53339,12.53561,0.00,0.00
2017.04.06 13:15:51.579,12.53319,12.53561,0.00,0.00
2017.04.06 13:15:51.632,12.53309,12.53561,0.00,0.00
2017.04.06 13:15:51.743,12.53302,12.53522,0.00,0.00
2017.04.06 13:15:51.977,12.53302,12.53542,0.00,0.00
2017.04.06 13:15:52.032,12.53302,12.53502,0.00,0.00
2017.04.06 13:15:52.661,12.53302,12.53521,0.00,0.00
2017.04.06 13:15:52.733,12.53302,12.53561,0.00,0.00
2017.04.06 13:15:52.834,12.53302,12.53492,0.00,0.00
2017.04.06 13:15:52.961,12.53282,12.53492,0.00,0.00
2017.04.06 13:15:53.161,12.53282,12.53511,0.00,0.00
2017.04.06 13:15:53.262,12.53282,12.53491,0.00,0.00
2017.04.06 13:15:53.467,12.53271,12.53521,0.00,0.00
2017.04.06 13:15:53.585,12.53271,12.53492,0.00,0.00
2017.04.06 13:15:53.853,12.53271,12.53522,0.00,0.00
2017.04.06 13:15:54.385,12.53271,12.53542,0.00,0.00
2017.04.06 13:15:54.437,12.53271,12.53522,0.00,0.00
2017.04.06 13:15:54.838,12.53289,12.53561,0.00,0.00
2017.04.06 13:15:54.938,12.53271,12.53521,0.00,0.00
2017.04.06 13:15:55.240,12.53271,12.53491,0.00,0.00
2017.04.06 13:15:55.360,12.53271,12.53501,0.00,0.00
2017.04.06 13:15:55.439,12.53271,12.53491,0.00,0.00
2017.04.06 13:15:55.583,12.53268,12.53549,0.00,0.00
2017.04.06 13:15:56.340,12.53259,12.53491,0.00,0.00
2017.04.06 13:15:56.456,12.53288,12.53549,0.00,0.00
2017.04.06 13:15:56.574,12.53259,12.53511,0.00,0.00
2017.04.06 13:15:57.167,12.53259,12.53492,0.00,0.00
2017.04.06 13:15:57.267,12.53259,12.53501,0.00,0.00
2017.04.06 13:15:58.348,12.53298,12.53549,0.00,0.00
2017.04.06 13:15:58.476,12.53259,12.53491,0.00,0.00
2017.04.06 13:15:58.579,12.53259,12.53531,0.00,0.00
2017.04.06 13:15:58.746,12.53288,12.53549,0.00,0.00
2017.04.06 13:15:58.846,12.53269,12.53549,0.00,0.00
2017.04.06 13:15:59.246,12.53288,12.53549,0.00,0.00
2017.04.06 13:15:59.948,12.53268,12.53549,0.00,0.00
2017.04.06 13:16:00.350,12.53259,12.53482,0.00,0.00
2017.04.06 13:16:00.449,12.53259,12.53491,0.00,0.00
2017.04.06 13:16:00.589,12.53259,12.53541,0.00,0.00
2017.04.06 13:16:00.722,12.53259,12.53522,0.00,0.00
2017.04.06 13:16:01.366,12.53278,12.53549,0.00,0.00
2017.04.06 13:16:01.467,12.53259,12.53491,0.00,0.00
2017.04.06 13:16:01.677,12.53259,12.53541,0.00,0.00
2017.04.06 13:16:01.778,12.53278,12.53549,0.00,0.00
2017.04.06 13:16:02.367,12.53308,12.53549,0.00,0.00
2017.04.06 13:16:02.711,12.53259,12.53491,0.00,0.00
2017.04.06 13:16:03.256,12.53259,12.53501,0.00,0.00
2017.04.06 13:16:03.356,12.53259,12.53492,0.00,0.00
2017.04.06 13:16:04.086,12.53259,12.53522,0.00,0.00
2017.04.06 13:16:04.158,12.53259,12.53482,0.00,0.00
2017.04.06 13:16:04.659,12.53259,12.53522,0.00,0.00
2017.04.06 13:16:05.199,12.53259,12.53511,0.00,0.00
2017.04.06 13:16:05.682,12.53259,12.53491,0.00,0.00
2017.04.06 13:16:05.959,12.53209,12.53448,0.00,0.00
2017.04.06 13:16:06.110,12.53198,12.53449,0.00,0.00
2017.04.06 13:16:06.162,12.53188,12.53449,0.00,0.00
2017.04.06 13:16:06.274,12.53168,12.53449,0.00,0.00
2017.04.06 13:16:06.392,12.53161,12.53441,0.00,0.00
2017.04.06 13:16:06.707,12.53161,12.53412,0.00,0.00
2017.04.06 13:16:07.064,12.53179,12.53449,0.00,0.00
2017.04.06 13:16:07.164,12.53161,12.53442,0.00,0.00
2017.04.06 13:16:07.382,12.53161,12.53432,0.00,0.00
2017.04.06 13:16:07.703,12.53158,12.53402,0.00,0.00
2017.04.06 13:16:08.306,12.53118,12.53348,0.00,0.00
2017.04.06 13:16:08.467,12.53101,12.53348,0.00,0.00
2017.04.06 13:16:08.705,12.53101,12.53311,0.00,0.00
2017.04.06 13:16:09.014,12.53139,12.53348,0.00,0.00
2017.04.06 13:16:10.444,12.53139,12.53339,0.00,0.00
2017.04.06 13:16:10.773,12.53139,12.53312,0.00,0.00
2017.04.06 13:16:11.090,12.53139,12.53322,0.00,0.00
2017.04.06 13:16:11.174,12.53139,12.53339,0.00,0.00
2017.04.06 13:16:11.706,12.53139,12.53312,0.00,0.00
2017.04.06 13:16:11.875,12.53139,12.53339,0.00,0.00
2017.04.06 13:16:12.303,12.53139,12.53332,0.00,0.00
2017.04.06 13:16:12.803,12.53139,12.53301,0.00,0.00
2017.04.06 13:16:12.878,12.53139,12.53339,0.00,0.00
2017.04.06 13:16:13.684,12.53139,12.53322,0.00,0.00
2017.04.06 13:16:14.517,12.53139,12.53331,0.00,0.00
2017.04.06 13:16:15.319,12.53139,12.53322,0.00,0.00
2017.04.06 13:16:15.419,12.53139,12.53339,0.00,0.00
2017.04.06 13:16:15.481,12.53139,12.53312,0.00,0.00
2017.04.06 13:16:15.882,12.53139,12.53332,0.00,0.00
2017.04.06 13:16:16.108,12.53139,12.53339,0.00,0.00
2017.04.06 13:16:17.043,12.53139,12.53321,0.00,0.00
2017.04.06 13:16:18.121,12.53139,12.53332,0.00,0.00
2017.04.06 13:16:18.287,12.53139,12.53339,0.00,0.00
2017.04.06 13:16:18.388,12.53139,12.53312,0.00,0.00
2017.04.06 13:16:20.390,12.53139,12.53332,0.00,0.00
2017.04.06 13:16:22.609,12.53139,12.53339,0.00,0.00
2017.04.06 13:16:22.710,12.53139,12.53312,0.00,0.00
2017.04.06 13:16:23.032,12.53139,12.53322,0.00,0.00
2017.04.06 13:16:23.195,12.53139,12.53339,0.00,0.00
2017.04.06 13:16:23.442,12.53139,12.53311,0.00,0.00
2017.04.06 13:16:24.497,12.53139,12.53339,0.00,0.00
2017.04.06 13:16:24.625,12.53139,12.53312,0.00,0.00
2017.04.06 13:16:24.697,12.53139,12.53332,0.00,0.00
2017.04.06 13:16:24.748,12.53048,12.53249,0.00,0.00
2017.04.06 13:16:24.799,12.53059,12.53249,0.00,0.00
2017.04.06 13:16:25.000,12.53038,12.53249,0.00,0.00
2017.04.06 13:16:25.500,12.53089,12.53262,0.00,0.00
2017.04.06 13:16:25.609,12.53138,12.53312,0.00,0.00
2017.04.06 13:16:25.796,12.53138,12.53332,0.00,0.00
2017.04.06 13:16:25.847,12.53138,12.53338,0.00,0.00
2017.04.06 13:16:25.902,12.53138,12.53302,0.00,0.00
2017.04.06 13:16:26.102,12.53138,12.53312,0.00,0.00
2017.04.06 13:16:26.203,12.53138,12.53331,0.00,0.00
2017.04.06 13:16:26.519,12.53138,12.53302,0.00,0.00
2017.04.06 13:16:27.034,12.53138,12.53332,0.00,0.00
2017.04.06 13:16:27.141,12.53138,12.53338,0.00,0.00
2017.04.06 13:16:28.564,12.53088,12.53259,0.00,0.00
2017.04.06 13:16:28.665,12.53038,12.53259,0.00,0.00
2017.04.06 13:16:28.716,12.53038,12.53251,0.00,0.00
2017.04.06 13:16:28.810,12.53038,12.53259,0.00,0.00
2017.04.06 13:16:29.311,12.53038,12.53232,0.00,0.00
2017.04.06 13:16:29.525,12.53038,12.53251,0.00,0.00
2017.04.06 13:16:29.717,12.53038,12.53259,0.00,0.00
2017.04.06 13:16:29.847,12.53038,12.53221,0.00,0.00
2017.04.06 13:16:30.514,12.53038,12.53252,0.00,0.00
2017.04.06 13:16:30.614,12.53038,12.53212,0.00,0.00
2017.04.06 13:16:31.215,12.53038,12.53252,0.00,0.00
2017.04.06 13:16:31.633,12.53038,12.53242,0.00,0.00
2017.04.06 13:16:31.939,12.53038,12.53221,0.00,0.00
2017.04.06 13:16:32.062,12.53038,12.53242,0.00,0.00
2017.04.06 13:16:32.163,12.53038,12.53259,0.00,0.00
2017.04.06 13:16:32.449,12.53038,12.53231,0.00,0.00
2017.04.06 13:16:33.222,12.53038,12.53242,0.00,0.00
2017.04.06 13:16:33.320,12.53038,12.53259,0.00,0.00
2017.04.06 13:16:33.569,12.53038,12.53252,0.00,0.00
2017.04.06 13:16:33.947,12.53038,12.53231,0.00,0.00
2017.04.06 13:16:34.123,12.53038,12.53241,0.00,0.00
2017.04.06 13:16:34.224,12.53038,12.53259,0.00,0.00
2017.04.06 13:16:35.336,12.53038,12.53232,0.00,0.00
2017.04.06 13:16:35.747,12.53038,12.53259,0.00,0.00
2017.04.06 13:16:35.855,12.53038,12.53232,0.00,0.00
2017.04.06 13:16:35.929,12.53038,12.53259,0.00,0.00
2017.04.06 13:16:36.029,12.53038,12.53232,0.00,0.00
2017.04.06 13:16:36.242,12.53038,12.53251,0.00,0.00
2017.04.06 13:16:36.438,12.53038,12.53259,0.00,0.00
2017.04.06 13:16:36.542,12.53038,12.53232,0.00,0.00
2017.04.06 13:16:36.755,12.53049,12.53259,0.00,0.00
2017.04.06 13:16:36.856,12.53039,12.53259,0.00,0.00
2017.04.06 13:16:37.222,12.53088,12.53259,0.00,0.00
2017.04.06 13:16:37.272,12.53088,12.53311,0.00,0.00
2017.04.06 13:16:37.468,12.53108,12.53338,0.00,0.00
2017.04.06 13:16:37.519,12.53138,12.53338,0.00,0.00
2017.04.06 13:16:37.975,12.53138,12.53322,0.00,0.00
2017.04.06 13:16:38.238,12.53138,12.53338,0.00,0.00
2017.04.06 13:16:39.328,12.53138,12.53258,0.00,0.00
2017.04.06 13:16:39.379,12.53089,12.53248,0.00,0.00
2017.04.06 13:16:39.480,12.53038,12.53248,0.00,0.00
2017.04.06 13:16:39.581,12.53088,12.53281,0.00,0.00
2017.04.06 13:16:39.732,12.53039,12.53241,0.00,0.00
2017.04.06 13:16:39.833,12.53039,12.53259,0.00,0.00
2017.04.06 13:16:39.883,12.53089,12.53259,0.00,0.00
2017.04.06 13:16:39.934,12.53089,12.53299,0.00,0.00
2017.04.06 13:16:39.985,12.53089,12.53242,0.00,0.00
2017.04.06 13:16:40.043,12.53089,12.53299,0.00,0.00
2017.04.06 13:16:40.393,12.53038,12.53259,0.00,0.00
2017.04.06 13:16:40.544,12.53048,12.53259,0.00,0.00
2017.04.06 13:16:40.651,12.53038,12.53259,0.00,0.00
2017.04.06 13:16:40.945,12.53038,12.53231,0.00,0.00
2017.04.06 13:16:41.189,12.53038,12.53259,0.00,0.00
2017.04.06 13:16:41.747,12.53038,12.53231,0.00,0.00
2017.04.06 13:16:42.097,12.53088,12.53252,0.00,0.00
2017.04.06 13:16:42.147,12.53138,12.53339,0.00,0.00
2017.04.06 13:16:42.975,12.53138,12.53322,0.00,0.00
2017.04.06 13:16:43.145,12.53138,12.53339,0.00,0.00
2017.04.06 13:16:43.196,12.53138,12.53311,0.00,0.00
2017.04.06 13:16:43.649,12.53138,12.53339,0.00,0.00
2017.04.06 13:16:43.750,12.53138,12.53312,0.00,0.00
2017.04.06 13:16:44.254,12.53138,12.53339,0.00,0.00
2017.04.06 13:16:44.755,12.53138,12.53321,0.00,0.00
2017.04.06 13:16:44.856,12.53138,12.53339,0.00,0.00
2017.04.06 13:16:45.253,12.53138,12.53311,0.00,0.00
2017.04.06 13:16:45.353,12.53138,12.53339,0.00,0.00
2017.04.06 13:16:45.655,12.53138,12.53331,0.00,0.00
2017.04.06 13:16:45.770,12.53138,12.53339,0.00,0.00
2017.04.06 13:16:46.486,12.53138,12.53331,0.00,0.00
2017.04.06 13:16:46.658,12.53138,12.53339,0.00,0.00
2017.04.06 13:16:49.563,12.53138,12.53332,0.00,0.00
2017.04.06 13:16:50.085,12.53138,12.53321,0.00,0.00
2017.04.06 13:16:50.300,12.53138,12.53339,0.00,0.00
2017.04.06 13:16:54.271,12.53138,12.53312,0.00,0.00
2017.04.06 13:16:56.690,12.53138,12.53331,0.00,0.00
2017.04.06 13:16:56.794,12.53138,12.53312,0.00,0.00
2017.04.06 13:16:56.976,12.53138,12.53339,0.00,0.00
2017.04.06 13:17:00.302,12.53138,12.53301,0.00,0.00
2017.04.06 13:17:00.724,12.53138,12.53311,0.00,0.00
2017.04.06 13:17:00.782,12.53138,12.53301,0.00,0.00
2017.04.06 13:17:00.883,12.53138,12.53339,0.00,0.00
2017.04.06 13:17:01.003,12.53138,12.53302,0.00,0.00
2017.04.06 13:17:01.125,12.53138,12.53321,0.00,0.00
2017.04.06 13:17:01.230,12.53138,12.53339,0.00,0.00
2017.04.06 13:17:01.583,12.53138,12.53322,0.00,0.00
2017.04.06 13:17:01.684,12.53138,12.53339,0.00,0.00
2017.04.06 13:17:01.884,12.53138,12.53332,0.00,0.00
2017.04.06 13:17:02.585,12.53138,12.53312,0.00,0.00
2017.04.06 13:17:02.764,12.53038,12.53258,0.00,0.00
2017.04.06 13:17:02.814,12.53059,12.53258,0.00,0.00
2017.04.06 13:17:02.886,12.53038,12.53258,0.00,0.00
2017.04.06 13:17:03.093,12.53038,12.53241,0.00,0.00
2017.04.06 13:17:03.286,12.53038,12.53251,0.00,0.00
2017.04.06 13:17:03.410,12.53038,12.53232,0.00,0.00
2017.04.06 13:17:03.707,12.53038,12.53242,0.00,0.00
2017.04.06 13:17:03.808,12.53038,12.53252,0.00,0.00
2017.04.06 13:17:03.914,12.53038,12.53211,0.00,0.00
2017.04.06 13:17:03.988,12.53038,12.53258,0.00,0.00
2017.04.06 13:17:04.523,12.53089,12.53302,0.00,0.00
2017.04.06 13:17:04.841,12.53139,12.53332,0.00,0.00
2017.04.06 13:17:05.099,12.53139,12.53348,0.00,0.00
2017.04.06 13:17:05.190,12.53139,12.53312,0.00,0.00
2017.04.06 13:17:05.293,12.53139,12.53341,0.00,0.00
2017.04.06 13:17:05.498,12.53139,12.53348,0.00,0.00
2017.04.06 13:17:06.061,12.53139,12.53322,0.00,0.00
2017.04.06 13:17:06.192,12.53139,12.53342,0.00,0.00
2017.04.06 13:17:06.406,12.53139,12.53321,0.00,0.00
2017.04.06 13:17:06.727,12.53139,12.53312,0.00,0.00
2017.04.06 13:17:06.918,12.53139,12.53321,0.00,0.00
2017.04.06 13:17:06.994,12.53139,12.53312,0.00,0.00
2017.04.06 13:17:07.294,12.53139,12.53322,0.00,0.00
2017.04.06 13:17:07.395,12.53139,12.53342,0.00,0.00
2017.04.06 13:17:08.210,12.53139,12.53302,0.00,0.00
2017.04.06 13:17:08.895,12.53139,12.53312,0.00,0.00
2017.04.06 13:17:09.396,12.53139,12.53322,0.00,0.00
2017.04.06 13:17:10.197,12.53139,12.53301,0.00,0.00
2017.04.06 13:17:10.307,12.53139,12.53342,0.00,0.00
2017.04.06 13:17:10.438,12.53139,12.53302,0.00,0.00
2017.04.06 13:17:10.498,12.53139,12.53348,0.00,0.00
2017.04.06 13:17:10.698,12.53139,12.53312,0.00,0.00
2017.04.06 13:17:10.913,12.53139,12.53321,0.00,0.00
2017.04.06 13:17:11.017,12.53139,12.53342,0.00,0.00
2017.04.06 13:17:11.118,12.53139,12.53302,0.00,0.00
2017.04.06 13:17:11.226,12.53139,12.53322,0.00,0.00
2017.04.06 13:17:11.349,12.53139,12.53348,0.00,0.00
2017.04.06 13:17:11.526,12.53139,12.53359,0.00,0.00
2017.04.06 13:17:11.629,12.53088,12.53259,0.00,0.00
2017.04.06 13:17:11.831,12.53038,12.53259,0.00,0.00
2017.04.06 13:17:12.001,12.53058,12.53259,0.00,0.00
2017.04.06 13:17:12.217,12.53048,12.53259,0.00,0.00
2017.04.06 13:17:12.457,12.53038,12.53259,0.00,0.00
2017.04.06 13:17:12.508,12.53038,12.53249,0.00,0.00
2017.04.06 13:17:12.828,12.53038,12.53241,0.00,0.00
2017.04.06 13:17:12.903,12.53038,12.53249,0.00,0.00
2017.04.06 13:17:15.408,12.53038,12.53241,0.00,0.00
2017.04.06 13:17:16.062,12.53038,12.53249,0.00,0.00
2017.04.06 13:17:16.113,12.53038,12.53212,0.00,0.00
2017.04.06 13:17:16.356,12.52951,12.53201,0.00,0.00
2017.04.06 13:17:16.407,12.52939,12.53159,0.00,0.00
2017.04.06 13:17:16.813,12.52988,12.53249,0.00,0.00
2017.04.06 13:17:16.917,12.53022,12.53122,0.00,0.00
2017.04.06 13:17:17.010,12.53039,12.53242,0.00,0.00
2017.04.06 13:17:17.115,12.53039,12.53249,0.00,0.00
2017.04.06 13:17:17.398,12.52999,12.53209,0.00,0.00
2017.04.06 13:17:17.448,12.52988,12.53209,0.00,0.00
2017.04.06 13:17:18.244,12.53038,12.53248,0.00,0.00
2017.04.06 13:17:18.545,12.53048,12.53248,0.00,0.00
2017.04.06 13:17:19.314,12.53048,12.53242,0.00,0.00
2017.04.06 13:17:19.503,12.52968,12.53242,0.00,0.00
2017.04.06 13:17:19.632,12.52988,12.53248,0.00,0.00
2017.04.06 13:17:19.755,12.52979,12.53248,0.00,0.00
2017.04.06 13:17:20.026,12.52979,12.53159,0.00,0.00
2017.04.06 13:17:20.215,12.52898,12.53159,0.00,0.00
2017.04.06 13:17:20.464,12.52871,12.53142,0.00,0.00
2017.04.06 13:17:20.875,12.52968,12.53159,0.00,0.00
2017.04.06 13:17:21.060,12.52968,12.53222,0.00,0.00
2017.04.06 13:17:21.161,12.52951,12.53222,0.00,0.00
2017.04.06 13:17:21.212,12.52968,12.53222,0.00,0.00
2017.04.06 13:17:21.262,12.52969,12.53238,0.00,0.00
2017.04.06 13:17:21.317,12.53009,12.53238,0.00,0.00
2017.04.06 13:17:21.418,12.52968,12.53238,0.00,0.00
2017.04.06 13:17:21.550,12.52968,12.53249,0.00,0.00
2017.04.06 13:17:21.837,12.52968,12.53222,0.00,0.00
2017.04.06 13:17:22.200,12.52968,12.53211,0.00,0.00
2017.04.06 13:17:22.419,12.52968,12.53249,0.00,0.00
2017.04.06 13:17:22.773,12.52968,12.53241,0.00,0.00
2017.04.06 13:17:22.823,12.52968,12.53249,0.00,0.00
2017.04.06 13:17:22.920,12.53009,12.53249,0.00,0.00
2017.04.06 13:17:23.320,12.52988,12.53249,0.00,0.00
2017.04.06 13:17:24.429,12.53008,12.53249,0.00,0.00
2017.04.06 13:17:24.523,12.52968,12.53221,0.00,0.00
2017.04.06 13:17:25.323,12.52968,12.53242,0.00,0.00
2017.04.06 13:17:26.849,12.53008,12.53249,0.00,0.00
2017.04.06 13:17:27.326,12.52999,12.53249,0.00,0.00
2017.04.06 13:17:29.202,12.53061,12.53281,0.00,0.00
2017.04.06 13:17:29.252,12.53061,12.53302,0.00,0.00
2017.04.06 13:17:29.353,12.53068,12.53339,0.00,0.00
2017.04.06 13:17:29.731,12.53108,12.53339,0.00,0.00
2017.04.06 13:17:29.830,12.53068,12.53311,0.00,0.00
2017.04.06 13:17:30.047,12.53068,12.53331,0.00,0.00
2017.04.06 13:17:30.130,12.53068,12.53349,0.00,0.00
2017.04.06 13:17:30.631,12.53068,12.53342,0.00,0.00
2017.04.06 13:17:30.754,12.53068,12.53349,0.00,0.00
2017.04.06 13:17:31.043,12.53108,12.53349,0.00,0.00
2017.04.06 13:17:31.132,12.53068,12.53322,0.00,0.00
2017.04.06 13:17:31.432,12.53068,12.53341,0.00,0.00
2017.04.06 13:17:32.765,12.53068,12.53321,0.00,0.00
2017.04.06 13:17:32.835,12.53078,12.53349,0.00,0.00
2017.04.06 13:17:34.645,12.53088,12.53349,0.00,0.00
2017.04.06 13:17:34.847,12.53068,12.53342,0.00,0.00
2017.04.06 13:17:34.938,12.53068,12.53349,0.00,0.00
2017.04.06 13:17:35.244,12.53078,12.53259,0.00,0.00
2017.04.06 13:17:35.345,12.52989,12.53259,0.00,0.00
2017.04.06 13:17:36.234,12.52989,12.53248,0.00,0.00
2017.04.06 13:17:36.537,12.52902,12.53132,0.00,0.00
2017.04.06 13:17:36.765,12.52902,12.53151,0.00,0.00
2017.04.06 13:17:36.883,12.52902,12.53142,0.00,0.00
2017.04.06 13:17:37.236,12.52929,12.53159,0.00,0.00
2017.04.06 13:17:37.545,12.52908,12.53159,0.00,0.00
2017.04.06 13:17:38.445,12.52889,12.53159,0.00,0.00
2017.04.06 13:17:38.726,12.52871,12.53142,0.00,0.00
2017.04.06 13:17:38.777,12.52871,12.53151,0.00,0.00
2017.04.06 13:17:39.852,12.52928,12.53159,0.00,0.00
2017.04.06 13:17:40.190,12.52898,12.53159,0.00,0.00
2017.04.06 13:17:40.842,12.52919,12.53182,0.00,0.00
2017.04.06 13:17:40.942,12.52928,12.53158,0.00,0.00
2017.04.06 13:17:41.195,12.52872,12.53142,0.00,0.00
2017.04.06 13:17:41.751,12.52878,12.53158,0.00,0.00
2017.04.06 13:17:41.852,12.52872,12.53121,0.00,0.00
2017.04.06 13:17:41.969,12.52878,12.53158,0.00,0.00
2017.04.06 13:17:42.051,12.52872,12.53152,0.00,0.00
2017.04.06 13:17:42.752,12.52872,12.53122,0.00,0.00
2017.04.06 13:17:42.853,12.52872,12.53132,0.00,0.00
2017.04.06 13:17:43.353,12.52872,12.53142,0.00,0.00
2017.04.06 13:17:43.679,12.52878,12.53158,0.00,0.00
2017.04.06 13:17:44.020,12.52918,12.53158,0.00,0.00
2017.04.06 13:17:44.296,12.52899,12.53158,0.00,0.00
2017.04.06 13:17:44.355,12.52868,12.53132,0.00,0.00
2017.04.06 13:17:44.893,12.52868,12.53121,0.00,0.00
2017.04.06 13:17:45.259,12.52868,12.53152,0.00,0.00
2017.04.06 13:17:45.374,12.52879,12.53158,0.00,0.00
2017.04.06 13:17:45.747,12.52868,12.53121,0.00,0.00
2017.04.06 13:17:46.162,12.52918,12.53158,0.00,0.00
2017.04.06 13:17:46.274,12.52868,12.53121,0.00,0.00
2017.04.06 13:17:46.460,12.52869,12.53151,0.00,0.00
2017.04.06 13:17:47.162,12.52868,12.53122,0.00,0.00
2017.04.06 13:17:47.903,12.52918,12.53158,0.00,0.00
2017.04.06 13:17:50.075,12.52889,12.53158,0.00,0.00
2017.04.06 13:17:50.680,12.52908,12.53158,0.00,0.00
2017.04.06 13:17:50.782,12.52868,12.53131,0.00,0.00
2017.04.06 13:17:51.474,12.52868,12.53152,0.00,0.00
2017.04.06 13:17:52.063,12.52919,12.53152,0.00,0.00
2017.04.06 13:17:52.367,12.52998,12.53158,0.00,0.00
2017.04.06 13:17:52.418,12.52919,12.53158,0.00,0.00
2017.04.06 13:17:52.519,12.52952,12.53221,0.00,0.00
2017.04.06 13:17:52.569,12.52968,12.53231,0.00,0.00
2017.04.06 13:17:52.620,12.52968,12.53238,0.00,0.00
2017.04.06 13:17:52.778,12.52968,12.53212,0.00,0.00
2017.04.06 13:17:53.181,12.52968,12.53238,0.00,0.00
2017.04.06 13:17:53.799,12.52968,12.53221,0.00,0.00
2017.04.06 13:17:54.002,12.52978,12.53259,0.00,0.00
2017.04.06 13:17:54.482,12.52968,12.53232,0.00,0.00
2017.04.06 13:17:55.214,12.53018,12.53269,0.00,0.00
2017.04.06 13:17:55.322,12.52978,12.53262,0.00,0.00
2017.04.06 13:17:55.423,12.52969,12.53251,0.00,0.00
2017.04.06 13:17:56.030,12.52998,12.53269,0.00,0.00
2017.04.06 13:17:56.446,12.52968,12.53212,0.00,0.00
2017.04.06 13:17:56.763,12.52968,12.53202,0.00,0.00
2017.04.06 13:17:57.106,12.52968,12.53192,0.00,0.00
2017.04.06 13:17:57.188,12.52968,12.53202,0.00,0.00
2017.04.06 13:17:57.601,12.52968,12.53212,0.00,0.00
2017.04.06 13:17:57.689,12.52968,12.53231,0.00,0.00
2017.04.06 13:17:57.994,12.52968,12.53242,0.00,0.00
2017.04.06 13:17:58.091,12.52968,12.53211,0.00,0.00
2017.04.06 13:17:58.291,12.52968,12.53252,0.00,0.00
2017.04.06 13:17:58.692,12.52968,12.53232,0.00,0.00
2017.04.06 13:18:00.209,12.52968,12.53252,0.00,0.00
2017.04.06 13:18:00.395,12.53008,12.53269,0.00,0.00
2017.04.06 13:18:02.124,12.53008,12.53272,0.00,0.00
2017.04.06 13:18:02.237,12.52979,12.53261,0.00,0.00
2017.04.06 13:18:02.298,12.52968,12.53241,0.00,0.00
2017.04.06 13:18:02.650,12.53018,12.53272,0.00,0.00
2017.04.06 13:18:03.202,12.52979,12.53261,0.00,0.00
2017.04.06 13:18:03.344,12.52969,12.53251,0.00,0.00
2017.04.06 13:18:03.663,12.52989,12.53271,0.00,0.00
2017.04.06 13:18:03.996,12.52968,12.53212,0.00,0.00
2017.04.06 13:18:04.047,12.52968,12.53252,0.00,0.00
2017.04.06 13:18:04.104,12.53009,12.53272,0.00,0.00
2017.04.06 13:18:04.406,12.53001,12.53262,0.00,0.00
2017.04.06 13:18:04.740,12.53001,12.53271,0.00,0.00
2017.04.06 13:18:05.628,12.52999,12.53271,0.00,0.00
2017.04.06 13:18:06.309,12.53008,12.53271,0.00,0.00
2017.04.06 13:18:06.747,12.52978,12.53262,0.00,0.00
2017.04.06 13:18:07.151,12.52969,12.53212,0.00,0.00
2017.04.06 13:18:07.252,12.52969,12.53252,0.00,0.00
2017.04.06 13:18:07.413,12.52988,12.53271,0.00,0.00
2017.04.06 13:18:07.765,12.52969,12.53221,0.00,0.00
2017.04.06 13:18:08.014,12.52969,12.53232,0.00,0.00
2017.04.06 13:18:08.115,12.52969,12.53222,0.00,0.00
2017.04.06 13:18:08.415,12.52969,12.53232,0.00,0.00
2017.04.06 13:18:08.529,12.52969,12.53221,0.00,0.00
2017.04.06 13:18:09.141,12.52969,12.53232,0.00,0.00
2017.04.06 13:18:09.217,12.52969,12.53251,0.00,0.00
2017.04.06 13:18:09.867,12.52969,12.53232,0.00,0.00
2017.04.06 13:18:10.169,12.52969,12.53212,0.00,0.00
2017.04.06 13:18:10.419,12.52969,12.53242,0.00,0.00
2017.04.06 13:18:10.755,12.52969,12.53252,0.00,0.00
2017.04.06 13:18:11.041,12.52969,12.53232,0.00,0.00
2017.04.06 13:18:11.388,12.52969,12.53222,0.00,0.00
2017.04.06 13:18:11.574,12.52969,12.53241,0.00,0.00
2017.04.06 13:18:12.554,12.52969,12.53252,0.00,0.00
2017.04.06 13:18:12.838,12.52969,12.53231,0.00,0.00
2017.04.06 13:18:13.149,12.53009,12.53271,0.00,0.00
2017.04.06 13:18:13.493,12.52969,12.53222,0.00,0.00
2017.04.06 13:18:13.544,12.53008,12.53271,0.00,0.00
2017.04.06 13:18:13.797,12.52969,12.53222,0.00,0.00
2017.04.06 13:18:13.848,12.52978,12.53262,0.00,0.00
2017.04.06 13:18:14.145,12.52969,12.53221,0.00,0.00
2017.04.06 13:18:14.349,12.53029,12.53311,0.00,0.00
2017.04.06 13:18:14.728,12.53018,12.53291,0.00,0.00
2017.04.06 13:18:14.829,12.53029,12.53311,0.00,0.00
2017.04.06 13:18:15.133,12.53018,12.53292,0.00,0.00
2017.04.06 13:18:16.343,12.53018,12.53282,0.00,0.00
2017.04.06 13:18:16.496,12.52998,12.53271,0.00,0.00
2017.04.06 13:18:16.546,12.53018,12.53271,0.00,0.00
2017.04.06 13:18:16.631,12.52978,12.53262,0.00,0.00
2017.04.06 13:18:16.852,12.53018,12.53271,0.00,0.00
2017.04.06 13:18:17.232,12.53008,12.53271,0.00,0.00
2017.04.06 13:18:17.385,12.53042,12.53292,0.00,0.00
2017.04.06 13:18:17.537,12.53068,12.53332,0.00,0.00
2017.04.06 13:18:17.948,12.53068,12.53312,0.00,0.00
2017.04.06 13:18:18.034,12.53068,12.53331,0.00,0.00
2017.04.06 13:18:19.167,12.53068,12.53312,0.00,0.00
2017.04.06 13:18:19.464,12.53068,12.53321,0.00,0.00
2017.04.06 13:18:19.937,12.53068,12.53292,0.00,0.00
2017.04.06 13:18:20.166,12.53068,12.53332,0.00,0.00
2017.04.06 13:18:20.359,12.53068,12.53322,0.00,0.00
2017.04.06 13:18:20.741,12.53068,12.53302,0.00,0.00
2017.04.06 13:18:21.941,12.53068,12.53322,0.00,0.00
2017.04.06 13:18:22.642,12.53068,12.53302,0.00,0.00
2017.04.06 13:18:22.692,12.53018,12.53289,0.00,0.00
2017.04.06 13:18:22.793,12.53008,12.53272,0.00,0.00
2017.04.06 13:18:22.844,12.52981,12.53252,0.00,0.00
2017.04.06 13:18:23.069,12.53009,12.53272,0.00,0.00
2017.04.06 13:18:23.211,12.52988,12.53272,0.00,0.00
2017.04.06 13:18:23.262,12.52981,12.53252,0.00,0.00
2017.04.06 13:18:23.646,12.52989,12.53271,0.00,0.00
2017.04.06 13:18:23.696,12.53018,12.53271,0.00,0.00
2017.04.06 13:18:23.747,12.53042,12.53302,0.00,0.00
2017.04.06 13:18:23.847,12.53069,12.53321,0.00,0.00
2017.04.06 13:18:23.999,12.53009,12.53272,0.00,0.00
2017.04.06 13:18:24.099,12.52978,12.53262,0.00,0.00
2017.04.06 13:18:24.248,12.52999,12.53272,0.00,0.00
2017.04.06 13:18:24.354,12.52979,12.53261,0.00,0.00
2017.04.06 13:18:24.456,12.52968,12.53221,0.00,0.00
2017.04.06 13:18:24.648,12.53009,12.53272,0.00,0.00
2017.04.06 13:18:24.787,12.52968,12.53222,0.00,0.00
2017.04.06 13:18:24.849,12.52968,12.53231,0.00,0.00
2017.04.06 13:18:25.186,12.53009,12.53272,0.00,0.00
2017.04.06 13:18:25.560,12.52968,12.53221,0.00,0.00
2017.04.06 13:18:25.650,12.53008,12.53272,0.00,0.00
2017.04.06 13:18:25.996,12.52988,12.53272,0.00,0.00
2017.04.06 13:18:26.051,12.53028,12.53272,0.00,0.00
2017.04.06 13:18:26.398,12.52998,12.53272,0.00,0.00
2017.04.06 13:18:26.452,12.52968,12.53211,0.00,0.00
2017.04.06 13:18:26.553,12.52969,12.53251,0.00,0.00
2017.04.06 13:18:26.653,12.53008,12.53272,0.00,0.00
2017.04.06 13:18:27.216,12.53041,12.53302,0.00,0.00
2017.04.06 13:18:27.266,12.53068,12.53332,0.00,0.00
2017.04.06 13:18:27.454,12.53068,12.53302,0.00,0.00
2017.04.06 13:18:27.555,12.53098,12.53339,0.00,0.00
2017.04.06 13:18:27.661,12.53068,12.53339,0.00,0.00
2017.04.06 13:18:28.414,12.53068,12.53342,0.00,0.00
2017.04.06 13:18:29.170,12.53068,12.53322,0.00,0.00
2017.04.06 13:18:29.258,12.53068,12.53341,0.00,0.00
2017.04.06 13:18:29.959,12.53068,12.53321,0.00,0.00
2017.04.06 13:18:30.100,12.53098,12.53369,0.00,0.00
2017.04.06 13:18:30.460,12.53068,12.53312,0.00,0.00
2017.04.06 13:18:31.508,12.53068,12.53322,0.00,0.00
2017.04.06 13:18:31.777,12.53068,12.53331,0.00,0.00
2017.04.06 13:18:31.878,12.53068,12.53302,0.00,0.00
2017.04.06 13:18:32.263,12.53068,12.53332,0.00,0.00
2017.04.06 13:18:32.965,12.53068,12.53281,0.00,0.00
2017.04.06 13:18:33.075,12.53088,12.53369,0.00,0.00
2017.04.06 13:18:33.176,12.53098,12.53369,0.00,0.00
2017.04.06 13:18:33.297,12.53069,12.53351,0.00,0.00
2017.04.06 13:18:33.366,12.53088,12.53369,0.00,0.00
2017.04.06 13:18:33.417,12.53088,12.53372,0.00,0.00
2017.04.06 13:18:33.467,12.53068,12.53342,0.00,0.00
2017.04.06 13:18:33.805,12.53099,12.53372,0.00,0.00
2017.04.06 13:18:34.550,12.53079,12.53361,0.00,0.00
2017.04.06 13:18:35.571,12.53068,12.53341,0.00,0.00
2017.04.06 13:18:35.888,12.53088,12.53372,0.00,0.00
2017.04.06 13:18:35.991,12.53068,12.53302,0.00,0.00
2017.04.06 13:18:36.072,12.53068,12.53342,0.00,0.00
2017.04.06 13:18:36.173,12.53068,12.53331,0.00,0.00
2017.04.06 13:18:37.513,12.53079,12.53361,0.00,0.00
2017.04.06 13:18:37.614,12.53068,12.53322,0.00,0.00
2017.04.06 13:18:37.768,12.53019,12.53289,0.00,0.00
2017.04.06 13:18:37.819,12.53019,12.53282,0.00,0.00
2017.04.06 13:18:37.870,12.53001,12.53272,0.00,0.00
2017.04.06 13:18:37.920,12.53001,12.53211,0.00,0.00
2017.04.06 13:18:37.977,12.53001,12.53252,0.00,0.00
2017.04.06 13:18:38.582,12.53001,12.53272,0.00,0.00
2017.04.06 13:18:39.135,12.52998,12.53272,0.00,0.00
2017.04.06 13:18:39.186,12.52988,12.53272,0.00,0.00
2017.04.06 13:18:39.280,12.52998,12.53272,0.00,0.00
2017.04.06 13:18:41.539,12.52999,12.53272,0.00,0.00
2017.04.06 13:18:41.589,12.52969,12.53251,0.00,0.00
2017.04.06 13:18:41.819,12.52998,12.53272,0.00,0.00
2017.04.06 13:18:42.185,12.52968,12.53222,0.00,0.00
2017.04.06 13:18:42.286,12.52968,12.53232,0.00,0.00
2017.04.06 13:18:42.406,12.52972,12.53232,0.00,0.00
2017.04.06 13:18:42.507,12.52972,12.53242,0.00,0.00
2017.04.06 13:18:42.633,12.53018,12.53272,0.00,0.00
2017.04.06 13:18:42.734,12.52972,12.53252,0.00,0.00
2017.04.06 13:18:42.786,12.52972,12.53222,0.00,0.00
2017.04.06 13:18:43.122,12.53069,12.53321,0.00,0.00
2017.04.06 13:18:43.394,12.53069,12.53282,0.00,0.00
2017.04.06 13:18:43.502,12.53069,12.53302,0.00,0.00
2017.04.06 13:18:43.587,12.53069,12.53281,0.00,0.00
2017.04.06 13:18:43.696,12.53069,12.53322,0.00,0.00
2017.04.06 13:18:44.941,12.53069,12.53311,0.00,0.00
2017.04.06 13:18:45.089,12.53069,12.53332,0.00,0.00
2017.04.06 13:18:45.791,12.53069,12.53292,0.00,0.00
2017.04.06 13:18:45.998,12.53069,12.53311,0.00,0.00
2017.04.06 13:18:46.225,12.53069,12.53332,0.00,0.00
2017.04.06 13:18:46.292,12.53089,12.53369,0.00,0.00
2017.04.06 13:18:46.521,12.53098,12.53369,0.00,0.00
2017.04.06 13:18:46.695,12.53089,12.53369,0.00,0.00
2017.04.06 13:18:46.793,12.53069,12.53311,0.00,0.00
2017.04.06 13:18:47.294,12.53069,12.53302,0.00,0.00
2017.04.06 13:18:47.395,12.53069,12.53342,0.00,0.00
2017.04.06 13:18:47.496,12.53088,12.53369,0.00,0.00
2017.04.06 13:18:48.803,12.53079,12.53361,0.00,0.00
2017.04.06 13:18:48.917,12.53069,12.53342,0.00,0.00
2017.04.06 13:18:50.631,12.53069,12.53352,0.00,0.00
2017.04.06 13:18:50.700,12.53089,12.53369,0.00,0.00
2017.04.06 13:18:51.032,12.53069,12.53301,0.00,0.00
2017.04.06 13:18:51.413,12.53069,12.53312,0.00,0.00
2017.04.06 13:18:52.047,12.53069,12.53342,0.00,0.00
2017.04.06 13:18:52.517,12.53069,12.53321,0.00,0.00
2017.04.06 13:18:53.008,12.53069,12.53302,0.00,0.00
2017.04.06 13:18:53.111,12.53099,12.53369,0.00,0.00
2017.04.06 13:18:53.203,12.53069,12.53341,0.00,0.00
2017.04.06 13:18:53.311,12.53069,12.53321,0.00,0.00
2017.04.06 13:18:53.430,12.53098,12.53369,0.00,0.00
2017.04.06 13:18:53.811,12.53109,12.53369,0.00,0.00
2017.04.06 13:18:54.180,12.53069,12.53312,0.00,0.00
2017.04.06 13:18:55.707,12.53069,12.53342,0.00,0.00
2017.04.06 13:18:56.645,12.53069,12.53312,0.00,0.00
2017.04.06 13:18:56.811,12.53069,12.53342,0.00,0.00
2017.04.06 13:18:56.909,12.53069,12.53311,0.00,0.00
2017.04.06 13:18:57.838,12.53069,12.53342,0.00,0.00
2017.04.06 13:18:58.011,12.53069,12.53302,0.00,0.00
2017.04.06 13:18:58.111,12.53069,12.53321,0.00,0.00
2017.04.06 13:18:58.612,12.53078,12.53362,0.00,0.00
2017.04.06 13:18:58.753,12.53069,12.53292,0.00,0.00
2017.04.06 13:18:59.513,12.53069,12.53322,0.00,0.00
2017.04.06 13:19:00.616,12.53069,12.53301,0.00,0.00
2017.04.06 13:19:00.740,12.53069,12.53311,0.00,0.00
2017.04.06 13:19:00.841,12.53069,12.53332,0.00,0.00
2017.04.06 13:19:00.916,12.53069,12.53352,0.00,0.00
2017.04.06 13:19:01.087,12.53069,12.53312,0.00,0.00
2017.04.06 13:19:01.520,12.53069,12.53341,0.00,0.00
2017.04.06 13:19:02.018,12.53069,12.53312,0.00,0.00
2017.04.06 13:19:02.144,12.53069,12.53322,0.00,0.00
2017.04.06 13:19:02.629,12.53069,12.53342,0.00,0.00
2017.04.06 13:19:03.435,12.53069,12.53331,0.00,0.00
2017.04.06 13:19:03.721,12.53069,12.53341,0.00,0.00
2017.04.06 13:19:03.822,12.53069,12.53332,0.00,0.00
2017.04.06 13:19:03.921,12.53069,12.53351,0.00,0.00
2017.04.06 13:19:04.022,12.53108,12.53371,0.00,0.00
2017.04.06 13:19:04.737,12.53069,12.53311,0.00,0.00
2017.04.06 13:19:05.446,12.53069,12.53341,0.00,0.00
2017.04.06 13:19:05.725,12.53069,12.53312,0.00,0.00
2017.04.06 13:19:06.326,12.53098,12.53371,0.00,0.00
2017.04.06 13:19:06.437,12.53069,12.53341,0.00,0.00
2017.04.06 13:19:06.854,12.53069,12.53321,0.00,0.00
2017.04.06 13:19:06.927,12.53089,12.53371,0.00,0.00
2017.04.06 13:19:07.027,12.53069,12.53301,0.00,0.00
2017.04.06 13:19:07.864,12.53069,12.53342,0.00,0.00
2017.04.06 13:19:08.351,12.53069,12.53322,0.00,0.00
2017.04.06 13:19:08.669,12.53069,12.53302,0.00,0.00
2017.04.06 13:19:08.770,12.53069,12.53332,0.00,0.00
2017.04.06 13:19:08.830,12.53069,12.53342,0.00,0.00
2017.04.06 13:19:09.079,12.53069,12.53332,0.00,0.00
2017.04.06 13:19:09.180,12.53098,12.53371,0.00,0.00
2017.04.06 13:19:09.461,12.53069,12.53351,0.00,0.00
2017.04.06 13:19:10.445,12.53098,12.53371,0.00,0.00
2017.04.06 13:19:10.771,12.53088,12.53371,0.00,0.00
2017.04.06 13:19:10.960,12.53079,12.53361,0.00,0.00
2017.04.06 13:19:11.035,12.53088,12.53371,0.00,0.00
2017.04.06 13:19:11.456,12.53108,12.53371,0.00,0.00
2017.04.06 13:19:11.937,12.53089,12.53371,0.00,0.00
2017.04.06 13:19:12.037,12.53108,12.53371,0.00,0.00
2017.04.06 13:19:13.139,12.53069,12.53351,0.00,0.00
2017.04.06 13:19:13.352,12.53069,12.53312,0.00,0.00
2017.04.06 13:19:14.140,12.53069,12.53311,0.00,0.00
2017.04.06 13:19:14.240,12.53069,12.53322,0.00,0.00
2017.04.06 13:19:14.441,12.53069,12.53302,0.00,0.00
2017.04.06 13:19:14.586,12.53069,12.53321,0.00,0.00
2017.04.06 13:19:14.741,12.53069,12.53312,0.00,0.00
2017.04.06 13:19:14.841,12.53069,12.53332,0.00,0.00
2017.04.06 13:19:15.577,12.53069,12.53311,0.00,0.00
2017.04.06 13:19:15.685,12.53069,12.53332,0.00,0.00
2017.04.06 13:19:15.800,12.53069,12.53302,0.00,0.00
2017.04.06 13:19:16.383,12.53069,12.53342,0.00,0.00
2017.04.06 13:19:16.492,12.53098,12.53371,0.00,0.00
2017.04.06 13:19:16.544,12.53078,12.53362,0.00,0.00
2017.04.06 13:19:16.978,12.53099,12.53371,0.00,0.00
2017.04.06 13:19:17.363,12.53069,12.53311,0.00,0.00
2017.04.06 13:19:17.846,12.53069,12.53331,0.00,0.00
2017.04.06 13:19:17.949,12.53069,12.53341,0.00,0.00
2017.04.06 13:19:18.347,12.53069,12.53331,0.00,0.00
2017.04.06 13:19:18.448,12.53108,12.53371,0.00,0.00
2017.04.06 13:19:18.647,12.53089,12.53371,0.00,0.00
2017.04.06 13:19:18.819,12.53108,12.53371,0.00,0.00
2017.04.06 13:19:21.852,12.53098,12.53371,0.00,0.00
2017.04.06 13:19:22.695,12.53069,12.53312,0.00,0.00
2017.04.06 13:19:24.556,12.53109,12.53371,0.00,0.00
2017.04.06 13:19:24.857,12.53088,12.53371,0.00,0.00
2017.04.06 13:19:25.678,12.53079,12.53361,0.00,0.00
2017.04.06 13:19:26.280,12.53108,12.53371,0.00,0.00
2017.04.06 13:19:28.202,12.53079,12.53361,0.00,0.00
2017.04.06 13:19:28.350,12.53069,12.53321,0.00,0.00
2017.04.06 13:19:28.401,12.53069,12.53351,0.00,0.00
2017.04.06 13:19:28.463,12.53069,12.53312,0.00,0.00
2017.04.06 13:19:28.780,12.53069,12.53342,0.00,0.00
2017.04.06 13:19:28.864,12.53069,12.53351,0.00,0.00
2017.04.06 13:19:29.407,12.53108,12.53371,0.00,0.00
2017.04.06 13:19:29.784,12.53069,12.53312,0.00,0.00
2017.04.06 13:19:29.889,12.53069,12.53322,0.00,0.00
2017.04.06 13:19:30.011,12.53069,12.53342,0.00,0.00
2017.04.06 13:19:30.177,12.53069,12.53312,0.00,0.00
2017.04.06 13:19:30.268,12.53069,12.53322,0.00,0.00
2017.04.06 13:19:30.800,12.53069,12.53292,0.00,0.00
2017.04.06 13:19:31.093,12.53069,12.53311,0.00,0.00
2017.04.06 13:19:31.872,12.53078,12.53362,0.00,0.00
2017.04.06 13:19:32.208,12.53069,12.53332,0.00,0.00
2017.04.06 13:19:32.272,12.53069,12.53351,0.00,0.00
2017.04.06 13:19:34.516,12.52982,12.53222,0.00,0.00
2017.04.06 13:19:34.677,12.53008,12.53272,0.00,0.00
2017.04.06 13:19:35.003,12.52982,12.53262,0.00,0.00
2017.04.06 13:19:35.078,12.52999,12.53272,0.00,0.00
2017.04.06 13:19:35.582,12.53008,12.53272,0.00,0.00
2017.04.06 13:19:36.179,12.52982,12.53262,0.00,0.00
2017.04.06 13:19:36.324,12.52982,12.53221,0.00,0.00
2017.04.06 13:19:36.380,12.52982,12.53262,0.00,0.00
2017.04.06 13:19:36.544,12.53009,12.53272,0.00,0.00
2017.04.06 13:19:36.596,12.52988,12.53272,0.00,0.00
2017.04.06 13:19:36.780,12.53008,12.53272,0.00,0.00
2017.04.06 13:19:37.081,12.52999,12.53272,0.00,0.00
2017.04.06 13:19:38.286,12.52968,12.53222,0.00,0.00
2017.04.06 13:19:38.506,12.52979,12.53261,0.00,0.00
2017.04.06 13:19:38.621,12.52998,12.53272,0.00,0.00
2017.04.06 13:19:38.684,12.52969,12.53251,0.00,0.00
2017.04.06 13:19:39.295,12.52978,12.53262,0.00,0.00
2017.04.06 13:19:39.398,12.52999,12.53272,0.00,0.00
2017.04.06 13:19:39.625,12.52979,12.53261,0.00,0.00
2017.04.06 13:19:40.430,12.52998,12.53272,0.00,0.00
2017.04.06 13:19:41.000,12.52969,12.53251,0.00,0.00
2017.04.06 13:19:41.419,12.52988,12.53272,0.00,0.00
2017.04.06 13:19:41.528,12.53008,12.53272,0.00,0.00
2017.04.06 13:19:41.832,12.52999,12.53272,0.00,0.00
2017.04.06 13:19:44.399,12.53018,12.53272,0.00,0.00
2017.04.06 13:19:44.758,12.53068,12.53311,0.00,0.00
2017.04.06 13:19:44.808,12.53068,12.53331,0.00,0.00
2017.04.06 13:19:44.910,12.53068,12.53291,0.00,0.00
2017.04.06 13:19:45.274,12.53051,12.53272,0.00,0.00
2017.04.06 13:19:45.325,12.53009,12.53272,0.00,0.00
2017.04.06 13:19:45.426,12.53028,12.53312,0.00,0.00
2017.04.06 13:19:45.500,12.53018,12.53222,0.00,0.00
2017.04.06 13:19:45.601,12.53018,12.53281,0.00,0.00
2017.04.06 13:19:45.702,12.53038,12.53272,0.00,0.00
2017.04.06 13:19:45.818,12.52968,12.53222,0.00,0.00
2017.04.06 13:19:45.919,12.52988,12.53272,0.00,0.00
2017.04.06 13:19:46.092,12.53018,12.53272,0.00,0.00
2017.04.06 13:19:46.502,12.53008,12.53272,0.00,0.00
2017.04.06 13:19:47.903,12.53028,12.53272,0.00,0.00
2017.04.06 13:19:48.015,12.52968,12.53221,0.00,0.00
2017.04.06 13:19:48.221,12.52978,12.53262,0.00,0.00
2017.04.06 13:19:48.304,12.52989,12.53271,0.00,0.00
2017.04.06 13:19:49.739,12.52968,12.53242,0.00,0.00
2017.04.06 13:19:50.259,12.53029,12.53272,0.00,0.00
2017.04.06 13:19:51.008,12.52971,12.53232,0.00,0.00
2017.04.06 13:19:51.448,12.52971,12.53242,0.00,0.00
2017.04.06 13:19:51.509,12.52971,12.53221,0.00,0.00
2017.04.06 13:19:51.927,12.53028,12.53272,0.00,0.00
2017.04.06 13:19:52.042,12.52971,12.53221,0.00,0.00
2017.04.06 13:19:54.439,12.53018,12.53211,0.00,0.00
2017.04.06 13:19:54.540,12.53028,12.53309,0.00,0.00
2017.04.06 13:19:55.425,12.53018,12.53302,0.00,0.00
2017.04.06 13:19:56.716,12.53038,12.53309,0.00,0.00
2017.04.06 13:19:56.816,12.53018,12.53292,0.00,0.00
2017.04.06 13:19:59.222,12.53018,12.53268,0.00,0.00
2017.04.06 13:19:59.325,12.52968,12.53221,0.00,0.00
2017.04.06 13:19:59.375,12.52972,12.53221,0.00,0.00
2017.04.06 13:19:59.551,12.52979,12.53261,0.00,0.00
2017.04.06 13:19:59.766,12.52972,12.53241,0.00,0.00
2017.04.06 13:20:00.038,12.52979,12.53261,0.00,0.00
2017.04.06 13:20:00.120,12.52972,12.53221,0.00,0.00
2017.04.06 13:20:00.221,12.53018,12.53268,0.00,0.00
2017.04.06 13:20:00.338,12.53029,12.53268,0.00,0.00
2017.04.06 13:20:00.445,12.52972,12.53251,0.00,0.00
2017.04.06 13:20:00.636,12.52999,12.53268,0.00,0.00
2017.04.06 13:20:00.986,12.53069,12.53269,0.00,0.00
2017.04.06 13:20:01.037,12.52972,12.53232,0.00,0.00
2017.04.06 13:20:01.266,12.52972,12.53241,0.00,0.00
2017.04.06 13:20:01.444,12.53018,12.53221,0.00,0.00
2017.04.06 13:20:01.545,12.53041,12.53312,0.00,0.00
2017.04.06 13:20:01.595,12.53068,12.53312,0.00,0.00
2017.04.06 13:20:01.646,12.53068,12.53322,0.00,0.00
2017.04.06 13:20:02.141,12.53068,12.53311,0.00,0.00
2017.04.06 13:20:02.534,12.53068,12.53302,0.00,0.00
2017.04.06 13:20:02.672,12.53018,12.53302,0.00,0.00
2017.04.06 13:20:02.722,12.53028,12.53308,0.00,0.00
2017.04.06 13:20:02.823,12.53008,12.53292,0.00,0.00
2017.04.06 13:20:02.980,12.53059,12.53292,0.00,0.00
2017.04.06 13:20:03.031,12.53059,12.53301,0.00,0.00
2017.04.06 13:20:03.164,12.53059,12.53321,0.00,0.00
2017.04.06 13:20:03.959,12.53059,12.53332,0.00,0.00
2017.04.06 13:20:04.124,12.53059,12.53341,0.00,0.00
2017.04.06 13:20:04.458,12.53059,12.53301,0.00,0.00
2017.04.06 13:20:04.567,12.53088,12.53349,0.00,0.00
2017.04.06 13:20:04.925,12.53068,12.53349,0.00,0.00
2017.04.06 13:20:05.025,12.53088,12.53349,0.00,0.00
2017.04.06 13:20:07.328,12.53068,12.53349,0.00,0.00
2017.04.06 13:20:08.857,12.53059,12.53342,0.00,0.00
2017.04.06 13:20:09.431,12.53059,12.53331,0.00,0.00
2017.04.06 13:20:09.797,12.53059,12.53301,0.00,0.00
2017.04.06 13:20:10.032,12.53059,12.53332,0.00,0.00
2017.04.06 13:20:10.154,12.53059,12.53342,0.00,0.00
2017.04.06 13:20:10.332,12.53059,12.53332,0.00,0.00
2017.04.06 13:20:10.762,12.53059,12.53312,0.00,0.00
2017.04.06 13:20:10.863,12.53059,12.53321,0.00,0.00
2017.04.06 13:20:10.933,12.53059,12.53302,0.00,0.00
2017.04.06 13:20:11.053,12.53068,12.53349,0.00,0.00
2017.04.06 13:20:11.157,12.53059,12.53292,0.00,0.00
2017.04.06 13:20:11.434,12.53059,12.53302,0.00,0.00
2017.04.06 13:20:11.535,12.53059,12.53332,0.00,0.00
2017.04.06 13:20:11.646,12.53059,12.53302,0.00,0.00
2017.04.06 13:20:11.734,12.53059,12.53322,0.00,0.00
2017.04.06 13:20:11.943,12.53059,12.53301,0.00,0.00
2017.04.06 13:20:12.075,12.53088,12.53349,0.00,0.00
2017.04.06 13:20:13.176,12.53059,12.53332,0.00,0.00
2017.04.06 13:20:13.284,12.53059,12.53291,0.00,0.00
2017.04.06 13:20:13.543,12.53069,12.53349,0.00,0.00
2017.04.06 13:20:13.654,12.53078,12.53349,0.00,0.00
2017.04.06 13:20:13.984,12.53059,12.53311,0.00,0.00
2017.04.06 13:20:15.440,12.53059,12.53302,0.00,0.00
2017.04.06 13:20:15.540,12.53059,12.53322,0.00,0.00
2017.04.06 13:20:16.544,12.53059,12.53312,0.00,0.00
2017.04.06 13:20:16.884,12.53059,12.53332,0.00,0.00
2017.04.06 13:20:18.644,12.53059,12.53302,0.00,0.00
2017.04.06 13:20:18.750,12.53059,12.53331,0.00,0.00
2017.04.06 13:20:18.851,12.53059,12.53302,0.00,0.00
2017.04.06 13:20:19.245,12.53059,12.53311,0.00,0.00
2017.04.06 13:20:20.247,12.53059,12.53302,0.00,0.00
2017.04.06 13:20:20.372,12.53059,12.53312,0.00,0.00
2017.04.06 13:20:20.979,12.53089,12.53349,0.00,0.00
2017.04.06 13:20:21.283,12.53068,12.53349,0.00,0.00
2017.04.06 13:20:23.585,12.53059,12.53342,0.00,0.00
2017.04.06 13:20:24.173,12.53068,12.53349,0.00,0.00
2017.04.06 13:20:24.573,12.53078,12.53349,0.00,0.00
2017.04.06 13:20:25.072,12.53099,12.53349,0.00,0.00
2017.04.06 13:20:25.472,12.53059,12.53341,0.00,0.00
2017.04.06 13:20:25.554,12.53059,12.53291,0.00,0.00
2017.04.06 13:20:26.701,12.53059,12.53311,0.00,0.00
2017.04.06 13:20:26.756,12.53088,12.53349,0.00,0.00
2017.04.06 13:20:28.093,12.53059,12.53301,0.00,0.00
2017.04.06 13:20:28.447,12.53059,12.53291,0.00,0.00
2017.04.06 13:20:30.160,12.53078,12.53349,0.00,0.00
2017.04.06 13:20:30.286,12.53068,12.53349,0.00,0.00
2017.04.06 13:20:30.593,12.53059,12.53331,0.00,0.00
2017.04.06 13:20:31.075,12.53059,12.53312,0.00,0.00
2017.04.06 13:20:31.262,12.53059,12.53332,0.00,0.00
2017.04.06 13:20:31.468,12.53059,12.53311,0.00,0.00
2017.04.06 13:20:31.798,12.53059,12.53301,0.00,0.00
2017.04.06 13:20:32.864,12.53059,12.53321,0.00,0.00
2017.04.06 13:20:32.964,12.53059,12.53291,0.00,0.00
2017.04.06 13:20:33.279,12.53158,12.53422,0.00,0.00
2017.04.06 13:20:33.474,12.53158,12.53392,0.00,0.00
2017.04.06 13:20:33.665,12.53158,12.53412,0.00,0.00
2017.04.06 13:20:33.778,12.53158,12.53422,0.00,0.00
2017.04.06 13:20:34.175,12.53159,12.53441,0.00,0.00
2017.04.06 13:20:34.266,12.53158,12.53412,0.00,0.00
2017.04.06 13:20:34.741,12.53158,12.53401,0.00,0.00
2017.04.06 13:20:34.792,12.53158,12.53432,0.00,0.00
2017.04.06 13:20:34.867,12.53158,12.53392,0.00,0.00
2017.04.06 13:20:35.167,12.53158,12.53412,0.00,0.00
2017.04.06 13:20:37.170,12.53158,12.53432,0.00,0.00
2017.04.06 13:20:37.470,12.53158,12.53391,0.00,0.00
2017.04.06 13:20:38.475,12.53158,12.53422,0.00,0.00
2017.04.06 13:20:39.573,12.53158,12.53392,0.00,0.00
2017.04.06 13:20:40.661,12.53109,12.53359,0.00,0.00
2017.04.06 13:20:40.812,12.53072,12.53341,0.00,0.00
2017.04.06 13:20:41.024,12.53089,12.53359,0.00,0.00
2017.04.06 13:20:41.075,12.53072,12.53302,0.00,0.00
2017.04.06 13:20:41.300,12.53072,12.53332,0.00,0.00
2017.04.06 13:20:41.401,12.53072,12.53292,0.00,0.00
2017.04.06 13:20:41.476,12.53072,12.53312,0.00,0.00
2017.04.06 13:20:42.182,12.53088,12.53359,0.00,0.00
2017.04.06 13:20:42.879,12.53098,12.53359,0.00,0.00
2017.04.06 13:20:43.366,12.53072,12.53302,0.00,0.00
2017.04.06 13:20:43.486,12.53072,12.53321,0.00,0.00
2017.04.06 13:20:43.629,12.53058,12.53321,0.00,0.00
2017.04.06 13:20:44.104,12.53058,12.53301,0.00,0.00
2017.04.06 13:20:44.796,12.53058,12.53332,0.00,0.00
2017.04.06 13:20:46.191,12.53078,12.53359,0.00,0.00
2017.04.06 13:20:46.307,12.53058,12.53292,0.00,0.00
2017.04.06 13:20:46.728,12.53058,12.53312,0.00,0.00
2017.04.06 13:20:46.784,12.53058,12.53322,0.00,0.00
2017.04.06 13:20:47.913,12.53088,12.53359,0.00,0.00
2017.04.06 13:20:48.083,12.53058,12.53302,0.00,0.00
2017.04.06 13:20:48.208,12.53058,12.53322,0.00,0.00
2017.04.06 13:20:49.123,12.53058,12.53332,0.00,0.00
2017.04.06 13:20:49.187,12.53058,12.53301,0.00,0.00
2017.04.06 13:20:49.804,12.53058,12.53291,0.00,0.00
2017.04.06 13:20:50.368,12.53058,12.53322,0.00,0.00
2017.04.06 13:20:50.418,12.53058,12.53312,0.00,0.00
2017.04.06 13:20:50.628,12.53069,12.53351,0.00,0.00
2017.04.06 13:20:50.790,12.53058,12.53331,0.00,0.00
2017.04.06 13:20:51.102,12.53058,12.53342,0.00,0.00
2017.04.06 13:20:51.326,12.53058,12.53321,0.00,0.00
2017.04.06 13:20:51.691,12.53058,12.53312,0.00,0.00
2017.04.06 13:20:52.210,12.53058,12.53301,0.00,0.00
2017.04.06 13:20:52.704,12.53058,12.53321,0.00,0.00
2017.04.06 13:20:52.894,12.53059,12.53341,0.00,0.00
2017.04.06 13:20:53.626,12.53058,12.53322,0.00,0.00
2017.04.06 13:20:54.432,12.53058,12.53311,0.00,0.00
2017.04.06 13:20:55.196,12.53059,12.53341,0.00,0.00
2017.04.06 13:20:56.399,12.53058,12.53311,0.00,0.00
2017.04.06 13:20:56.928,12.53058,12.53321,0.00,0.00
2017.04.06 13:20:57.031,12.53058,12.53301,0.00,0.00
2017.04.06 13:20:57.700,12.53058,12.53322,0.00,0.00
2017.04.06 13:20:58.018,12.53058,12.53302,0.00,0.00
2017.04.06 13:20:58.119,12.53058,12.53332,0.00,0.00
2017.04.06 13:20:58.501,12.53058,12.53311,0.00,0.00
2017.04.06 13:20:59.139,12.53058,12.53331,0.00,0.00
2017.04.06 13:20:59.240,12.53058,12.53302,0.00,0.00
2017.04.06 13:20:59.406,12.53058,12.53342,0.00,0.00
2017.04.06 13:20:59.628,12.53058,12.53312,0.00,0.00
2017.04.06 13:20:59.889,12.53051,12.53312,0.00,0.00
2017.04.06 13:20:59.940,12.53051,12.53259,0.00,0.00
2017.04.06 13:21:00.041,12.53018,12.53259,0.00,0.00
2017.04.06 13:21:00.145,12.52978,12.53259,0.00,0.00
2017.04.06 13:21:00.204,12.52958,12.53222,0.00,0.00
2017.04.06 13:21:00.705,12.52959,12.53241,0.00,0.00
2017.04.06 13:21:00.829,12.52969,12.53251,0.00,0.00
2017.04.06 13:21:01.447,12.52958,12.53222,0.00,0.00
2017.04.06 13:21:02.819,12.52968,12.53252,0.00,0.00
2017.04.06 13:21:02.909,12.52958,12.53232,0.00,0.00
2017.04.06 13:21:04.232,12.52969,12.53251,0.00,0.00
2017.04.06 13:21:04.417,12.52958,12.53222,0.00,0.00
2017.04.06 13:21:04.517,12.52979,12.53259,0.00,0.00
2017.04.06 13:21:04.611,12.52959,12.53241,0.00,0.00
2017.04.06 13:21:04.812,12.52979,12.53259,0.00,0.00
2017.04.06 13:21:05.315,12.52968,12.53252,0.00,0.00
2017.04.06 13:21:05.458,12.52958,12.53222,0.00,0.00
2017.04.06 13:21:05.957,12.52958,12.53242,0.00,0.00
2017.04.06 13:21:06.014,12.53018,12.53259,0.00,0.00
2017.04.06 13:21:06.831,12.52988,12.53259,0.00,0.00
2017.04.06 13:21:06.944,12.53008,12.53259,0.00,0.00
2017.04.06 13:21:08.517,12.52988,12.53259,0.00,0.00
2017.04.06 13:21:08.617,12.52958,12.53222,0.00,0.00
2017.04.06 13:21:09.567,12.52968,12.53252,0.00,0.00
2017.04.06 13:21:09.620,12.53019,12.53259,0.00,0.00
2017.04.06 13:21:09.719,12.52958,12.53222,0.00,0.00
2017.04.06 13:21:09.963,12.52969,12.53251,0.00,0.00
2017.04.06 13:21:10.021,12.52958,12.53222,0.00,0.00
2017.04.06 13:21:11.271,12.52958,12.53232,0.00,0.00
2017.04.06 13:21:11.323,12.52958,12.53221,0.00,0.00
2017.04.06 13:21:11.523,12.52958,12.53232,0.00,0.00
2017.04.06 13:21:12.750,12.52958,12.53222,0.00,0.00
2017.04.06 13:21:13.083,12.52958,12.53202,0.00,0.00
2017.04.06 13:21:13.133,12.52958,12.53221,0.00,0.00
2017.04.06 13:21:13.237,12.52968,12.53252,0.00,0.00
2017.04.06 13:21:13.464,12.53029,12.53259,0.00,0.00
2017.04.06 13:21:13.597,12.52968,12.53252,0.00,0.00
2017.04.06 13:21:13.647,12.53018,12.53259,0.00,0.00
2017.04.06 13:21:13.771,12.53032,12.53302,0.00,0.00
2017.04.06 13:21:13.872,12.53058,12.53321,0.00,0.00
2017.04.06 13:21:14.181,12.53009,12.53258,0.00,0.00
2017.04.06 13:21:14.331,12.52978,12.53258,0.00,0.00
2017.04.06 13:21:14.436,12.52989,12.53258,0.00,0.00
2017.04.06 13:21:14.783,12.53018,12.53258,0.00,0.00
2017.04.06 13:21:14.833,12.52989,12.53258,0.00,0.00
2017.04.06 13:21:15.334,12.52998,12.53258,0.00,0.00
2017.04.06 13:21:15.635,12.53019,12.53258,0.00,0.00
2017.04.06 13:21:15.842,12.53058,12.53312,0.00,0.00
2017.04.06 13:21:15.943,12.53058,12.53242,0.00,0.00
2017.04.06 13:21:16.079,12.53058,12.53292,0.00,0.00
2017.04.06 13:21:16.136,12.53058,12.53312,0.00,0.00
2017.04.06 13:21:16.275,12.53058,12.53322,0.00,0.00
2017.04.06 13:21:19.141,12.53058,12.53292,0.00,0.00
2017.04.06 13:21:19.358,12.53008,12.53259,0.00,0.00
2017.04.06 13:21:19.459,12.53039,12.53259,0.00,0.00
2017.04.06 13:21:19.565,12.53001,12.53259,0.00,0.00
2017.04.06 13:21:19.676,12.53001,12.53221,0.00,0.00
2017.04.06 13:21:19.777,12.53001,12.53242,0.00,0.00
2017.04.06 13:21:19.908,12.53001,12.53259,0.00,0.00
2017.04.06 13:21:19.959,12.53001,12.53222,0.00,0.00
2017.04.06 13:21:20.065,12.53018,12.53259,0.00,0.00
2017.04.06 13:21:20.178,12.53001,12.53222,0.00,0.00
2017.04.06 13:21:20.285,12.53001,12.53259,0.00,0.00
2017.04.06 13:21:20.457,12.53058,12.53241,0.00,0.00
2017.04.06 13:21:20.558,12.53058,12.53262,0.00,0.00
2017.04.06 13:21:20.645,12.53058,12.53321,0.00,0.00
2017.04.06 13:21:20.963,12.53058,12.53312,0.00,0.00
2017.04.06 13:21:21.064,12.53058,12.53321,0.00,0.00
2017.04.06 13:21:21.374,12.53058,12.53291,0.00,0.00
2017.04.06 13:21:21.476,12.53058,12.53322,0.00,0.00
2017.04.06 13:21:21.648,12.53058,12.53332,0.00,0.00
2017.04.06 13:21:21.849,12.53058,12.53311,0.00,0.00
2017.04.06 13:21:22.190,12.53058,12.53342,0.00,0.00
2017.04.06 13:21:22.559,12.53058,12.53322,0.00,0.00
2017.04.06 13:21:22.752,12.53058,12.53331,0.00,0.00
2017.04.06 13:21:22.852,12.53078,12.53348,0.00,0.00
2017.04.06 13:21:23.489,12.53068,12.53348,0.00,0.00
2017.04.06 13:21:23.554,12.53088,12.53348,0.00,0.00
2017.04.06 13:21:23.657,12.53079,12.53348,0.00,0.00
2017.04.06 13:21:25.678,12.53059,12.53341,0.00,0.00
2017.04.06 13:21:25.786,12.53058,12.53321,0.00,0.00
2017.04.06 13:21:25.886,12.53058,12.53332,0.00,0.00
2017.04.06 13:21:26.080,12.53089,12.53359,0.00,0.00
2017.04.06 13:21:26.361,12.53059,12.53341,0.00,0.00
2017.04.06 13:21:26.561,12.53088,12.53359,0.00,0.00
2017.04.06 13:21:26.669,12.53059,12.53341,0.00,0.00
2017.04.06 13:21:26.983,12.53068,12.53352,0.00,0.00
2017.04.06 13:21:27.063,12.53088,12.53359,0.00,0.00
2017.04.06 13:21:27.264,12.53079,12.53359,0.00,0.00
2017.04.06 13:21:27.365,12.53058,12.53301,0.00,0.00
2017.04.06 13:21:28.676,12.53088,12.53359,0.00,0.00
2017.04.06 13:21:28.794,12.53058,12.53342,0.00,0.00
2017.04.06 13:21:28.998,12.53058,12.53302,0.00,0.00
2017.04.06 13:21:29.314,12.53098,12.53362,0.00,0.00
2017.04.06 13:21:29.370,12.53089,12.53362,0.00,0.00
2017.04.06 13:21:29.487,12.53071,12.53302,0.00,0.00
2017.04.06 13:21:29.689,12.53158,12.53402,0.00,0.00
2017.04.06 13:21:29.872,12.53158,12.53412,0.00,0.00
2017.04.06 13:21:30.181,12.53158,12.53402,0.00,0.00
2017.04.06 13:21:30.488,12.53158,12.53382,0.00,0.00
2017.04.06 13:21:30.618,12.53158,12.53421,0.00,0.00
2017.04.06 13:21:30.922,12.53158,12.53402,0.00,0.00
2017.04.06 13:21:31.023,12.53158,12.53422,0.00,0.00
2017.04.06 13:21:31.180,12.53158,12.53412,0.00,0.00
2017.04.06 13:21:31.284,12.53158,12.53422,0.00,0.00
2017.04.06 13:21:31.711,12.53158,12.53412,0.00,0.00
2017.04.06 13:21:32.257,12.53158,12.53392,0.00,0.00
2017.04.06 13:21:32.780,12.53158,12.53401,0.00,0.00
2017.04.06 13:21:33.281,12.53158,12.53392,0.00,0.00
2017.04.06 13:21:33.416,12.53158,12.53422,0.00,0.00
2017.04.06 13:21:33.782,12.53158,12.53401,0.00,0.00
2017.04.06 13:21:34.083,12.53158,12.53391,0.00,0.00
2017.04.06 13:21:35.285,12.53158,12.53382,0.00,0.00
2017.04.06 13:21:35.787,12.53158,12.53422,0.00,0.00
2017.04.06 13:21:36.109,12.53158,12.53402,0.00,0.00
2017.04.06 13:21:36.210,12.53158,12.53422,0.00,0.00
2017.04.06 13:21:36.288,12.53158,12.53401,0.00,0.00
2017.04.06 13:21:36.525,12.53158,12.53422,0.00,0.00
2017.04.06 13:21:36.589,12.53158,12.53402,0.00,0.00
2017.04.06 13:21:37.722,12.53158,12.53382,0.00,0.00
2017.04.06 13:21:37.994,12.53158,12.53391,0.00,0.00
2017.04.06 13:21:38.381,12.53158,12.53412,0.00,0.00
2017.04.06 13:21:38.694,12.53158,12.53402,0.00,0.00
2017.04.06 13:21:39.620,12.53158,12.53412,0.00,0.00
2017.04.06 13:21:39.897,12.53158,12.53401,0.00,0.00
2017.04.06 13:21:40.128,12.53158,12.53411,0.00,0.00
2017.04.06 13:21:41.205,12.53158,12.53381,0.00,0.00
2017.04.06 13:21:42.001,12.53158,12.53401,0.00,0.00
2017.04.06 13:21:42.450,12.53158,12.53411,0.00,0.00
2017.04.06 13:21:44.304,12.53158,12.53401,0.00,0.00
2017.04.06 13:21:44.795,12.53158,12.53382,0.00,0.00
2017.04.06 13:21:45.206,12.53158,12.53412,0.00,0.00
2017.04.06 13:21:45.430,12.53158,12.53381,0.00,0.00
2017.04.06 13:21:46.512,12.53158,12.53412,0.00,0.00
2017.04.06 13:21:47.629,12.53108,12.53368,0.00,0.00
2017.04.06 13:21:47.733,12.53071,12.53322,0.00,0.00
2017.04.06 13:21:47.911,12.53101,12.53361,0.00,0.00
2017.04.06 13:21:47.962,12.53108,12.53382,0.00,0.00
2017.04.06 13:21:48.114,12.53119,12.53401,0.00,0.00
2017.04.06 13:21:48.242,12.53109,12.53391,0.00,0.00
2017.04.06 13:21:48.364,12.53118,12.53402,0.00,0.00
2017.04.06 13:21:49.214,12.53108,12.53371,0.00,0.00
2017.04.06 13:21:49.664,12.53108,12.53392,0.00,0.00
2017.04.06 13:21:49.715,12.53158,12.53392,0.00,0.00
2017.04.06 13:21:49.945,12.53158,12.53422,0.00,0.00
2017.04.06 13:21:50.146,12.53158,12.53392,0.00,0.00
2017.04.06 13:21:50.668,12.53158,12.53402,0.00,0.00
2017.04.06 13:21:51.201,12.53118,12.53358,0.00,0.00
2017.04.06 13:21:51.360,12.53108,12.53358,0.00,0.00
2017.04.06 13:21:51.461,12.53058,12.53302,0.00,0.00
2017.04.06 13:21:51.520,12.53058,12.53342,0.00,0.00
2017.04.06 13:21:51.720,12.53078,12.53358,0.00,0.00
2017.04.06 13:21:51.821,12.53059,12.53341,0.00,0.00
2017.04.06 13:21:52.654,12.53078,12.53358,0.00,0.00
2017.04.06 13:21:53.007,12.53082,12.53362,0.00,0.00
2017.04.06 13:21:53.396,12.53082,12.53342,0.00,0.00
2017.04.06 13:21:53.924,12.53082,12.53361,0.00,0.00
2017.04.06 13:21:54.024,12.53082,12.53301,0.00,0.00
2017.04.06 13:21:54.245,12.53082,12.53331,0.00,0.00
2017.04.06 13:21:54.325,12.53082,12.53302,0.00,0.00
2017.04.06 13:21:54.936,12.53082,12.53311,0.00,0.00
2017.04.06 13:21:55.026,12.53082,12.53301,0.00,0.00
2017.04.06 13:21:57.331,12.53082,12.53312,0.00,0.00
2017.04.06 13:21:58.046,12.53082,12.53331,0.00,0.00
2017.04.06 13:21:58.181,12.53082,12.53291,0.00,0.00
2017.04.06 13:21:58.569,12.53082,12.53332,0.00,0.00
2017.04.06 13:21:58.675,12.53082,12.53302,0.00,0.00
2017.04.06 13:21:59.235,12.53082,12.53322,0.00,0.00
2017.04.06 13:21:59.837,12.53082,12.53332,0.00,0.00
2017.04.06 13:22:00.290,12.53082,12.53291,0.00,0.00
2017.04.06 13:22:00.484,12.53082,12.53311,0.00,0.00
2017.04.06 13:22:00.588,12.53082,12.53331,0.00,0.00
2017.04.06 13:22:00.639,12.53082,12.53302,0.00,0.00
2017.04.06 13:22:00.739,12.53082,12.53322,0.00,0.00
2017.04.06 13:22:01.341,12.53082,12.53312,0.00,0.00
2017.04.06 13:22:01.478,12.53082,12.53341,0.00,0.00
2017.04.06 13:22:02.718,12.53161,12.53341,0.00,0.00
2017.04.06 13:22:02.869,12.53158,12.53382,0.00,0.00
2017.04.06 13:22:02.974,12.53162,12.53411,0.00,0.00
2017.04.06 13:22:03.075,12.53162,12.53372,0.00,0.00
2017.04.06 13:22:03.175,12.53162,12.53411,0.00,0.00
2017.04.06 13:22:03.669,12.53162,12.53401,0.00,0.00
2017.04.06 13:22:03.771,12.53162,12.53412,0.00,0.00
2017.04.06 13:22:03.846,12.53168,12.53452,0.00,0.00
2017.04.06 13:22:03.947,12.53162,12.53411,0.00,0.00
2017.04.06 13:22:04.262,12.53162,12.53391,0.00,0.00
2017.04.06 13:22:04.505,12.53162,12.53432,0.00,0.00
2017.04.06 13:22:05.153,12.53162,12.53411,0.00,0.00
2017.04.06 13:22:05.403,12.53162,12.53432,0.00,0.00
2017.04.06 13:22:08.168,12.53162,12.53412,0.00,0.00
2017.04.06 13:22:08.469,12.53162,12.53392,0.00,0.00
2017.04.06 13:22:09.664,12.53162,12.53412,0.00,0.00
2017.04.06 13:22:09.835,12.53162,12.53382,0.00,0.00
2017.04.06 13:22:09.886,12.53109,12.53382,0.00,0.00
2017.04.06 13:22:09.987,12.53109,12.53361,0.00,0.00
2017.04.06 13:22:10.265,12.53082,12.53361,0.00,0.00
2017.04.06 13:22:10.498,12.53082,12.53332,0.00,0.00
2017.04.06 13:22:10.823,12.53082,12.53302,0.00,0.00
2017.04.06 13:22:10.873,12.53082,12.53321,0.00,0.00
2017.04.06 13:22:10.967,12.53082,12.53302,0.00,0.00
2017.04.06 13:22:11.372,12.53082,12.53292,0.00,0.00
2017.04.06 13:22:11.512,12.53082,12.53312,0.00,0.00
2017.04.06 13:22:11.668,12.53082,12.53332,0.00,0.00
2017.04.06 13:22:12.215,12.53089,12.53361,0.00,0.00
2017.04.06 13:22:12.270,12.53082,12.53331,0.00,0.00
2017.04.06 13:22:12.719,12.53082,12.53321,0.00,0.00
2017.04.06 13:22:13.072,12.53082,12.53311,0.00,0.00
2017.04.06 13:22:13.573,12.53082,12.53292,0.00,0.00
2017.04.06 13:22:13.747,12.53082,12.53302,0.00,0.00
2017.04.06 13:22:13.874,12.53082,12.53291,0.00,0.00
2017.04.06 13:22:16.514,12.53082,12.53332,0.00,0.00
2017.04.06 13:22:16.678,12.53082,12.53302,0.00,0.00
2017.04.06 13:22:17.486,12.53082,12.53332,0.00,0.00
2017.04.06 13:22:17.591,12.53082,12.53312,0.00,0.00
2017.04.06 13:22:18.389,12.53082,12.53311,0.00,0.00
2017.04.06 13:22:19.494,12.53082,12.53302,0.00,0.00
2017.04.06 13:22:19.967,12.53071,12.53302,0.00,0.00
2017.04.06 13:22:20.122,12.53071,12.53331,0.00,0.00
2017.04.06 13:22:20.786,12.53071,12.53291,0.00,0.00
2017.04.06 13:22:22.612,12.53071,12.53322,0.00,0.00
2017.04.06 13:22:22.790,12.53071,12.53282,0.00,0.00
2017.04.06 13:22:22.895,12.53071,12.53332,0.00,0.00
2017.04.06 13:22:24.071,12.53048,12.53288,0.00,0.00
2017.04.06 13:22:24.337,12.52982,12.53252,0.00,0.00
2017.04.06 13:22:24.739,12.52982,12.53261,0.00,0.00
2017.04.06 13:22:24.796,12.52982,12.53242,0.00,0.00
2017.04.06 13:22:25.098,12.52982,12.53222,0.00,0.00
2017.04.06 13:22:25.306,12.52989,12.53261,0.00,0.00
2017.04.06 13:22:25.604,12.52982,12.53261,0.00,0.00
2017.04.06 13:22:25.730,12.52982,12.53241,0.00,0.00
2017.04.06 13:22:26.070,12.53008,12.53261,0.00,0.00
2017.04.06 13:22:26.376,12.53062,12.53312,0.00,0.00
2017.04.06 13:22:26.426,12.53062,12.53332,0.00,0.00
2017.04.06 13:22:27.478,12.53062,12.53312,0.00,0.00
2017.04.06 13:22:28.219,12.53062,12.53332,0.00,0.00
2017.04.06 13:22:28.827,12.53062,12.53312,0.00,0.00
2017.04.06 13:22:29.032,12.53062,12.53332,0.00,0.00
2017.04.06 13:22:29.132,12.53062,12.53292,0.00,0.00
2017.04.06 13:22:30.020,12.53062,12.53312,0.00,0.00
2017.04.06 13:22:30.145,12.53062,12.53291,0.00,0.00
2017.04.06 13:22:30.923,12.53062,12.53331,0.00,0.00
2017.04.06 13:22:31.023,12.53062,12.53321,0.00,0.00
2017.04.06 13:22:31.397,12.53062,12.53302,0.00,0.00
2017.04.06 13:22:31.776,12.53062,12.53291,0.00,0.00
2017.04.06 13:22:33.014,12.53062,12.53312,0.00,0.00
2017.04.06 13:22:33.214,12.53062,12.53292,0.00,0.00
2017.04.06 13:22:33.321,12.53062,12.53312,0.00,0.00
2017.04.06 13:22:33.433,12.53062,12.53322,0.00,0.00
2017.04.06 13:22:33.922,12.53062,12.53312,0.00,0.00
2017.04.06 13:22:34.260,12.53062,12.53292,0.00,0.00
2017.04.06 13:22:34.717,12.53062,12.53311,0.00,0.00
2017.04.06 13:22:35.141,12.53062,12.53332,0.00,0.00
2017.04.06 13:22:36.050,12.53062,12.53302,0.00,0.00
2017.04.06 13:22:36.120,12.53062,12.53332,0.00,0.00
2017.04.06 13:22:36.293,12.53062,12.53302,0.00,0.00
2017.04.06 13:22:37.930,12.53062,12.53332,0.00,0.00
2017.04.06 13:22:38.338,12.53062,12.53301,0.00,0.00
2017.04.06 13:22:38.751,12.53062,12.53292,0.00,0.00
2017.04.06 13:22:38.826,12.53062,12.53331,0.00,0.00
2017.04.06 13:22:38.927,12.53029,12.53288,0.00,0.00
2017.04.06 13:22:39.253,12.52982,12.53251,0.00,0.00
2017.04.06 13:22:39.354,12.52999,12.53262,0.00,0.00
2017.04.06 13:22:39.528,12.52982,12.53261,0.00,0.00
2017.04.06 13:22:39.637,12.52982,12.53251,0.00,0.00
2017.04.06 13:22:39.858,12.52982,12.53262,0.00,0.00
2017.04.06 13:22:40.522,12.52978,12.53189,0.00,0.00
2017.04.06 13:22:40.731,12.52901,12.53132,0.00,0.00
2017.04.06 13:22:40.831,12.52901,12.53162,0.00,0.00
2017.04.06 13:22:41.066,12.52901,12.53132,0.00,0.00
2017.04.06 13:22:41.376,12.52901,12.53121,0.00,0.00
2017.04.06 13:22:41.947,12.52901,12.53142,0.00,0.00
2017.04.06 13:22:42.047,12.52881,12.53121,0.00,0.00
2017.04.06 13:22:42.133,12.52881,12.53152,0.00,0.00
2017.04.06 13:22:42.333,12.52908,12.53162,0.00,0.00
2017.04.06 13:22:42.774,12.52881,12.53122,0.00,0.00
2017.04.06 13:22:43.034,12.52881,12.53141,0.00,0.00
2017.04.06 13:22:43.646,12.52881,12.53152,0.00,0.00
2017.04.06 13:22:43.735,12.52881,12.53122,0.00,0.00
2017.04.06 13:22:43.842,12.52881,12.53152,0.00,0.00
2017.04.06 13:22:43.943,12.52881,12.53121,0.00,0.00
2017.04.06 13:22:44.443,12.52881,12.53151,0.00,0.00
2017.04.06 13:22:44.536,12.52881,12.53122,0.00,0.00
2017.04.06 13:22:45.037,12.52881,12.53152,0.00,0.00
2017.04.06 13:22:45.137,12.52881,12.53122,0.00,0.00
2017.04.06 13:22:45.338,12.52881,12.53152,0.00,0.00
2017.04.06 13:22:45.940,12.52881,12.53141,0.00,0.00
2017.04.06 13:22:46.045,12.52881,12.53152,0.00,0.00
2017.04.06 13:22:46.154,12.52881,12.53122,0.00,0.00
2017.04.06 13:22:47.231,12.52871,12.53122,0.00,0.00
2017.04.06 13:22:47.282,12.52871,12.53132,0.00,0.00
2017.04.06 13:22:47.341,12.52871,12.53111,0.00,0.00
2017.04.06 13:22:47.741,12.52871,12.53152,0.00,0.00
2017.04.06 13:22:48.446,12.52908,12.53162,0.00,0.00
2017.04.06 13:22:48.629,12.52879,12.53161,0.00,0.00
2017.04.06 13:22:49.345,12.52919,12.53162,0.00,0.00
2017.04.06 13:22:49.490,12.52878,12.53162,0.00,0.00
2017.04.06 13:22:49.646,12.52871,12.53132,0.00,0.00
2017.04.06 13:22:50.015,12.52919,12.53162,0.00,0.00
2017.04.06 13:22:50.447,12.52888,12.53162,0.00,0.00
2017.04.06 13:22:50.548,12.52871,12.53131,0.00,0.00
2017.04.06 13:22:51.249,12.52871,12.53151,0.00,0.00
2017.04.06 13:22:51.299,12.52959,12.53151,0.00,0.00
2017.04.06 13:22:51.406,12.52891,12.53151,0.00,0.00
2017.04.06 13:22:51.457,12.52939,12.53161,0.00,0.00
2017.04.06 13:22:51.558,12.52909,12.53161,0.00,0.00
2017.04.06 13:22:51.649,12.52898,12.53161,0.00,0.00
2017.04.06 13:22:51.986,12.52928,12.53161,0.00,0.00
2017.04.06 13:22:52.190,12.52891,12.53161,0.00,0.00
2017.04.06 13:22:52.250,12.52928,12.53161,0.00,0.00
2017.04.06 13:22:52.874,12.52919,12.53161,0.00,0.00
2017.04.06 13:22:53.653,12.52898,12.53161,0.00,0.00
2017.04.06 13:22:53.766,12.52881,12.53141,0.00,0.00
2017.04.06 13:22:54.054,12.52881,12.53152,0.00,0.00
2017.04.06 13:22:54.166,12.52881,12.53131,0.00,0.00
2017.04.06 13:22:54.554,12.52881,12.53152,0.00,0.00
2017.04.06 13:22:54.659,12.52881,12.53131,0.00,0.00
2017.04.06 13:22:54.762,12.52881,12.53151,0.00,0.00
2017.04.06 13:22:54.972,12.52881,12.53131,0.00,0.00
2017.04.06 13:22:56.190,12.52881,12.53151,0.00,0.00
2017.04.06 13:22:56.957,12.52881,12.53161,0.00,0.00
2017.04.06 13:22:57.057,12.52881,12.53131,0.00,0.00
2017.04.06 13:22:57.283,12.52881,12.53161,0.00,0.00
2017.04.06 13:22:57.390,12.52929,12.53161,0.00,0.00
2017.04.06 13:22:57.491,12.52889,12.53161,0.00,0.00
2017.04.06 13:22:57.558,12.52881,12.53121,0.00,0.00
2017.04.06 13:22:57.900,12.52881,12.53132,0.00,0.00
2017.04.06 13:22:57.959,12.52881,12.53161,0.00,0.00
2017.04.06 13:22:58.059,12.52881,12.53142,0.00,0.00
2017.04.06 13:22:58.860,12.52881,12.53131,0.00,0.00
2017.04.06 13:22:59.561,12.52881,12.53161,0.00,0.00
2017.04.06 13:22:59.661,12.52881,12.53131,0.00,0.00
2017.04.06 13:23:00.262,12.52881,12.53141,0.00,0.00
2017.04.06 13:23:00.383,12.52881,12.53131,0.00,0.00
2017.04.06 13:23:00.609,12.52881,12.53161,0.00,0.00
2017.04.06 13:23:00.863,12.52881,12.53132,0.00,0.00
2017.04.06 13:23:01.200,12.52848,12.53089,0.00,0.00
2017.04.06 13:23:01.510,12.52798,12.53061,0.00,0.00
2017.04.06 13:23:01.612,12.52781,12.53041,0.00,0.00
2017.04.06 13:23:01.806,12.52799,12.53061,0.00,0.00
2017.04.06 13:23:01.973,12.52818,12.53061,0.00,0.00
2017.04.06 13:23:02.076,12.52798,12.53061,0.00,0.00
2017.04.06 13:23:02.266,12.52828,12.53061,0.00,0.00
2017.04.06 13:23:02.549,12.52798,12.53061,0.00,0.00
2017.04.06 13:23:02.600,12.52829,12.53061,0.00,0.00
2017.04.06 13:23:02.796,12.52798,12.53061,0.00,0.00
2017.04.06 13:23:03.387,12.52828,12.53061,0.00,0.00
2017.04.06 13:23:03.487,12.52781,12.53042,0.00,0.00
2017.04.06 13:23:04.551,12.52829,12.53061,0.00,0.00
2017.04.06 13:23:04.776,12.52789,12.53061,0.00,0.00
2017.04.06 13:23:04.879,12.52828,12.53061,0.00,0.00
2017.04.06 13:23:05.195,12.52799,12.53061,0.00,0.00
2017.04.06 13:23:05.275,12.52828,12.53061,0.00,0.00
2017.04.06 13:23:05.675,12.52818,12.53061,0.00,0.00
2017.04.06 13:23:06.276,12.52828,12.53061,0.00,0.00
2017.04.06 13:23:06.378,12.52819,12.53062,0.00,0.00
2017.04.06 13:23:06.527,12.52799,12.53062,0.00,0.00
2017.04.06 13:23:06.577,12.52819,12.53062,0.00,0.00
2017.04.06 13:23:06.680,12.52781,12.53042,0.00,0.00
2017.04.06 13:23:07.278,12.52781,12.53062,0.00,0.00
2017.04.06 13:23:07.418,12.52799,12.53062,0.00,0.00
2017.04.06 13:23:08.239,12.52781,12.53042,0.00,0.00
2017.04.06 13:23:08.702,12.52781,12.53011,0.00,0.00
2017.04.06 13:23:08.807,12.52781,12.53022,0.00,0.00
2017.04.06 13:23:08.882,12.52781,12.53032,0.00,0.00
2017.04.06 13:23:08.983,12.52781,12.53002,0.00,0.00
2017.04.06 13:23:09.320,12.52781,12.53021,0.00,0.00
2017.04.06 13:23:09.885,12.52781,12.53042,0.00,0.00
2017.04.06 13:23:11.387,12.52781,12.53062,0.00,0.00
2017.04.06 13:23:11.633,12.52781,12.53031,0.00,0.00
2017.04.06 13:23:11.981,12.52781,12.53021,0.00,0.00
2017.04.06 13:23:12.891,12.52781,12.53031,0.00,0.00
2017.04.06 13:23:13.192,12.52781,12.53002,0.00,0.00
2017.04.06 13:23:13.292,12.52781,12.53021,0.00,0.00
2017.04.06 13:23:13.467,12.52781,12.53032,0.00,0.00
2017.04.06 13:23:14.527,12.52781,12.53012,0.00,0.00
2017.04.06 13:23:14.988,12.52781,12.52992,0.00,0.00
2017.04.06 13:23:16.110,12.52781,12.53012,0.00,0.00
2017.04.06 13:23:16.200,12.52781,12.52991,0.00,0.00
2017.04.06 13:23:19.202,12.52781,12.53022,0.00,0.00
2017.04.06 13:23:19.305,12.52672,12.52961,0.00,0.00
2017.04.06 13:23:19.534,12.52672,12.52892,0.00,0.00
2017.04.06 13:23:19.603,12.52672,12.52922,0.00,0.00
2017.04.06 13:23:19.826,12.52672,12.52892,0.00,0.00
2017.04.06 13:23:19.977,12.52661,12.52912,0.00,0.00
2017.04.06 13:23:20.028,12.52661,12.52881,0.00,0.00
2017.04.06 13:23:20.153,12.52609,12.52879,0.00,0.00
2017.04.06 13:23:20.254,12.52571,12.52862,0.00,0.00
2017.04.06 13:23:20.405,12.52571,12.52822,0.00,0.00
2017.04.06 13:23:20.729,12.52571,12.52849,0.00,0.00
2017.04.06 13:23:20.780,12.52661,12.52849,0.00,0.00
2017.04.06 13:23:20.830,12.52608,12.52849,0.00,0.00
2017.04.06 13:23:20.881,12.52571,12.52849,0.00,0.00
2017.04.06 13:23:20.931,12.52571,12.52842,0.00,0.00
2017.04.06 13:23:21.040,12.52571,12.52849,0.00,0.00
2017.04.06 13:23:21.483,12.52571,12.52832,0.00,0.00
2017.04.06 13:23:21.753,12.52571,12.52849,0.00,0.00
2017.04.06 13:23:21.807,12.52571,12.52821,0.00,0.00
2017.04.06 13:23:21.925,12.52488,12.52761,0.00,0.00
2017.04.06 13:23:22.030,12.52461,12.52761,0.00,0.00
2017.04.06 13:23:22.108,12.52461,12.52722,0.00,0.00
2017.04.06 13:23:22.236,12.52461,12.52752,0.00,0.00
2017.04.06 13:23:22.342,12.52472,12.52752,0.00,0.00
2017.04.06 13:23:22.513,12.52472,12.52761,0.00,0.00
2017.04.06 13:23:22.752,12.52472,12.52742,0.00,0.00
2017.04.06 13:23:23.051,12.52472,12.52752,0.00,0.00
2017.04.06 13:23:23.214,12.52472,12.52741,0.00,0.00
2017.04.06 13:23:23.265,12.52472,12.52761,0.00,0.00
2017.04.06 13:23:23.315,12.52472,12.52749,0.00,0.00
2017.04.06 13:23:23.711,12.52472,12.52741,0.00,0.00
2017.04.06 13:23:24.234,12.52472,12.52749,0.00,0.00
2017.04.06 13:23:24.341,12.52472,12.52732,0.00,0.00
2017.04.06 13:23:24.412,12.52472,12.52749,0.00,0.00
2017.04.06 13:23:24.512,12.52472,12.52742,0.00,0.00
2017.04.06 13:23:24.822,12.52472,12.52749,0.00,0.00
2017.04.06 13:23:24.913,12.52472,12.52742,0.00,0.00
2017.04.06 13:23:25.018,12.52472,12.52749,0.00,0.00
2017.04.06 13:23:25.982,12.52559,12.52772,0.00,0.00
2017.04.06 13:23:26.135,12.52572,12.52841,0.00,0.00
2017.04.06 13:23:26.264,12.52572,12.52848,0.00,0.00
2017.04.06 13:23:26.656,12.52572,12.52811,0.00,0.00
2017.04.06 13:23:26.716,12.52572,12.52848,0.00,0.00
2017.04.06 13:23:27.217,12.52572,12.52831,0.00,0.00
2017.04.06 13:23:27.658,12.52572,12.52822,0.00,0.00
2017.04.06 13:23:28.256,12.52572,12.52848,0.00,0.00
2017.04.06 13:23:28.357,12.52572,12.52802,0.00,0.00
2017.04.06 13:23:28.524,12.52572,12.52821,0.00,0.00
2017.04.06 13:23:28.828,12.52572,12.52832,0.00,0.00
2017.04.06 13:23:28.943,12.52572,12.52802,0.00,0.00
2017.04.06 13:23:29.550,12.52572,12.52848,0.00,0.00
2017.04.06 13:23:29.650,12.52572,12.52841,0.00,0.00
2017.04.06 13:23:30.068,12.52572,12.52801,0.00,0.00
2017.04.06 13:23:30.325,12.52572,12.52832,0.00,0.00
2017.04.06 13:23:30.425,12.52572,12.52791,0.00,0.00
2017.04.06 13:23:30.769,12.52572,12.52811,0.00,0.00
2017.04.06 13:23:30.826,12.52572,12.52792,0.00,0.00
2017.04.06 13:23:30.942,12.52572,12.52832,0.00,0.00
2017.04.06 13:23:31.158,12.52572,12.52821,0.00,0.00
2017.04.06 13:23:31.501,12.52672,12.52892,0.00,0.00
2017.04.06 13:23:32.167,12.52609,12.52871,0.00,0.00
2017.04.06 13:23:32.268,12.52581,12.52802,0.00,0.00
2017.04.06 13:23:32.330,12.52581,12.52842,0.00,0.00
2017.04.06 13:23:32.562,12.52581,12.52849,0.00,0.00
2017.04.06 13:23:33.233,12.52581,12.52802,0.00,0.00
2017.04.06 13:23:34.348,12.52581,12.52849,0.00,0.00
2017.04.06 13:23:34.435,12.52581,12.52831,0.00,0.00
2017.04.06 13:23:34.742,12.52581,12.52812,0.00,0.00
2017.04.06 13:23:36.440,12.52581,12.52849,0.00,0.00
2017.04.06 13:23:37.285,12.52581,12.52842,0.00,0.00
2017.04.06 13:23:37.624,12.52609,12.52842,0.00,0.00
2017.04.06 13:23:37.842,12.52672,12.52909,0.00,0.00
2017.04.06 13:23:37.965,12.52672,12.52881,0.00,0.00
2017.04.06 13:23:38.243,12.52672,12.52909,0.00,0.00
2017.04.06 13:23:38.686,12.52672,12.52892,0.00,0.00
2017.04.06 13:23:38.744,12.52672,12.52909,0.00,0.00
2017.04.06 13:23:39.145,12.52672,12.52891,0.00,0.00
2017.04.06 13:23:39.257,12.52672,12.52909,0.00,0.00
2017.04.06 13:23:39.308,12.52672,12.52922,0.00,0.00
2017.04.06 13:23:39.615,12.52672,12.52891,0.00,0.00
2017.04.06 13:23:39.751,12.52672,12.52912,0.00,0.00
2017.04.06 13:23:39.990,12.52672,12.52892,0.00,0.00
2017.04.06 13:23:40.047,12.52672,12.52922,0.00,0.00
2017.04.06 13:23:40.173,12.52672,12.52881,0.00,0.00
2017.04.06 13:23:40.650,12.52672,12.52912,0.00,0.00
2017.04.06 13:23:41.299,12.52672,12.52902,0.00,0.00
2017.04.06 13:23:41.446,12.52672,12.52912,0.00,0.00
2017.04.06 13:23:41.500,12.52672,12.52902,0.00,0.00
2017.04.06 13:23:42.173,12.52672,12.52882,0.00,0.00
2017.04.06 13:23:42.224,12.52609,12.52882,0.00,0.00
2017.04.06 13:23:42.324,12.52609,12.52888,0.00,0.00
2017.04.06 13:23:42.375,12.52582,12.52862,0.00,0.00
2017.04.06 13:23:42.453,12.52582,12.52801,0.00,0.00
2017.04.06 13:23:42.555,12.52582,12.52832,0.00,0.00
2017.04.06 13:23:42.754,12.52582,12.52792,0.00,0.00
2017.04.06 13:23:42.856,12.52582,12.52841,0.00,0.00
2017.04.06 13:23:42.957,12.52582,12.52781,0.00,0.00
2017.04.06 13:23:43.055,12.52582,12.52822,0.00,0.00
2017.04.06 13:23:43.583,12.52582,12.52821,0.00,0.00
2017.04.06 13:23:43.684,12.52582,12.52792,0.00,0.00
2017.04.06 13:23:43.971,12.52582,12.52811,0.00,0.00
2017.04.06 13:23:44.057,12.52582,12.52791,0.00,0.00
2017.04.06 13:23:44.584,12.52582,12.52811,0.00,0.00
2017.04.06 13:23:44.635,12.52509,12.52789,0.00,0.00
2017.04.06 13:23:44.735,12.52481,12.52762,0.00,0.00
2017.04.06 13:23:44.786,12.52481,12.52711,0.00,0.00
2017.04.06 13:23:44.998,12.52481,12.52742,0.00,0.00
2017.04.06 13:23:45.160,12.52481,12.52722,0.00,0.00
2017.04.06 13:23:45.538,12.52481,12.52712,0.00,0.00
2017.04.06 13:23:45.730,12.52481,12.52721,0.00,0.00
2017.04.06 13:23:45.781,12.52481,12.52712,0.00,0.00
2017.04.06 13:23:46.378,12.52481,12.52702,0.00,0.00
2017.04.06 13:23:46.763,12.52481,12.52711,0.00,0.00
2017.04.06 13:23:46.863,12.52481,12.52701,0.00,0.00
2017.04.06 13:23:47.063,12.52481,12.52712,0.00,0.00
2017.04.06 13:23:48.071,12.52481,12.52732,0.00,0.00
2017.04.06 13:23:48.766,12.52481,12.52742,0.00,0.00
2017.04.06 13:23:49.167,12.52481,12.52701,0.00,0.00
2017.04.06 13:23:49.267,12.52481,12.52721,0.00,0.00
2017.04.06 13:23:49.906,12.52481,12.52702,0.00,0.00
2017.04.06 13:23:50.719,12.52481,12.52722,0.00,0.00
2017.04.06 13:23:50.857,12.52461,12.52722,0.00,0.00
2017.04.06 13:23:51.476,12.52461,12.52701,0.00,0.00
2017.04.06 13:23:51.916,12.52461,12.52721,0.00,0.00
2017.04.06 13:23:52.019,12.52461,12.52741,0.00,0.00
2017.04.06 13:23:52.073,12.52461,12.52701,0.00,0.00
2017.04.06 13:23:52.690,12.52461,12.52721,0.00,0.00
2017.04.06 13:23:52.774,12.52461,12.52702,0.00,0.00
2017.04.06 13:23:53.891,12.52461,12.52721,0.00,0.00
2017.04.06 13:23:53.977,12.52461,12.52742,0.00,0.00
2017.04.06 13:23:54.720,12.52461,12.52722,0.00,0.00
2017.04.06 13:23:55.086,12.52461,12.52702,0.00,0.00
2017.04.06 13:23:55.190,12.52489,12.52749,0.00,0.00
2017.04.06 13:23:55.291,12.52461,12.52701,0.00,0.00
2017.04.06 13:23:55.924,12.52461,12.52722,0.00,0.00
2017.04.06 13:23:55.982,12.52461,12.52702,0.00,0.00
2017.04.06 13:23:56.321,12.52461,12.52722,0.00,0.00
2017.04.06 13:23:56.583,12.52461,12.52732,0.00,0.00
2017.04.06 13:23:57.142,12.52551,12.52732,0.00,0.00
2017.04.06 13:23:57.192,12.52512,12.52722,0.00,0.00
2017.04.06 13:23:57.370,12.52551,12.52808,0.00,0.00
2017.04.06 13:23:57.424,12.52558,12.52791,0.00,0.00
2017.04.06 13:23:57.525,12.52558,12.52808,0.00,0.00
2017.04.06 13:23:57.689,12.52558,12.52792,0.00,0.00
2017.04.06 13:23:57.820,12.52558,12.52808,0.00,0.00
2017.04.06 13:23:58.226,12.52558,12.52792,0.00,0.00
2017.04.06 13:23:58.540,12.52558,12.52781,0.00,0.00
2017.04.06 13:23:58.663,12.52558,12.52808,0.00,0.00
2017.04.06 13:23:58.795,12.52558,12.52822,0.00,0.00
2017.04.06 13:23:59.628,12.52652,12.52822,0.00,0.00
2017.04.06 13:23:59.693,12.52652,12.52872,0.00,0.00
2017.04.06 13:23:59.743,12.52659,12.52872,0.00,0.00
2017.04.06 13:23:59.794,12.52659,12.52902,0.00,0.00
2017.04.06 13:24:00.248,12.52609,12.52888,0.00,0.00
2017.04.06 13:24:00.299,12.52629,12.52888,0.00,0.00
2017.04.06 13:24:00.601,12.52622,12.52892,0.00,0.00
2017.04.06 13:24:00.651,12.52662,12.52892,0.00,0.00
2017.04.06 13:24:00.824,12.52622,12.52902,0.00,0.00
2017.04.06 13:24:00.925,12.52622,12.52861,0.00,0.00
2017.04.06 13:24:01.026,12.52661,12.52902,0.00,0.00
2017.04.06 13:24:01.301,12.52661,12.52872,0.00,0.00
2017.04.06 13:24:02.426,12.52661,12.52882,0.00,0.00
2017.04.06 13:24:02.527,12.52661,12.52902,0.00,0.00
2017.04.06 13:24:02.628,12.52661,12.52872,0.00,0.00
2017.04.06 13:24:02.801,12.52661,12.52882,0.00,0.00
2017.04.06 13:24:02.901,12.52661,12.52871,0.00,0.00
2017.04.06 13:24:03.128,12.52661,12.52882,0.00,0.00
2017.04.06 13:24:03.402,12.52661,12.52902,0.00,0.00
2017.04.06 13:24:03.804,12.52661,12.52872,0.00,0.00
2017.04.06 13:24:04.147,12.52661,12.52882,0.00,0.00
2017.04.06 13:24:04.253,12.52661,12.52901,0.00,0.00
2017.04.06 13:24:04.640,12.52661,12.52891,0.00,0.00
2017.04.06 13:24:04.706,12.52661,12.52902,0.00,0.00
2017.04.06 13:24:05.242,12.52661,12.52871,0.00,0.00
2017.04.06 13:24:05.351,12.52661,12.52891,0.00,0.00
2017.04.06 13:24:05.408,12.52661,12.52871,0.00,0.00
2017.04.06 13:24:05.629,12.52661,12.52892,0.00,0.00
2017.04.06 13:24:05.937,12.52661,12.52872,0.00,0.00
2017.04.06 13:24:07.012,12.52661,12.52892,0.00,0.00
2017.04.06 13:24:08.037,12.52661,12.52902,0.00,0.00
2017.04.06 13:24:08.356,12.52661,12.52891,0.00,0.00
2017.04.06 13:24:08.414,12.52661,12.52902,0.00,0.00
2017.04.06 13:24:09.216,12.52661,12.52891,0.00,0.00
2017.04.06 13:24:09.636,12.52661,12.52871,0.00,0.00
2017.04.06 13:24:09.817,12.52661,12.52902,0.00,0.00
2017.04.06 13:24:10.017,12.52661,12.52891,0.00,0.00
2017.04.06 13:24:11.019,12.52661,12.52872,0.00,0.00
2017.04.06 13:24:11.337,12.52661,12.52892,0.00,0.00
2017.04.06 13:24:12.656,12.52661,12.52911,0.00,0.00
2017.04.06 13:24:13.337,12.52661,12.52871,0.00,0.00
2017.04.06 13:24:14.057,12.52661,12.52891,0.00,0.00
2017.04.06 13:24:14.158,12.52661,12.52902,0.00,0.00
2017.04.06 13:24:14.469,12.52661,12.52891,0.00,0.00
2017.04.06 13:24:14.762,12.52661,12.52902,0.00,0.00
2017.04.06 13:24:15.141,12.52661,12.52891,0.00,0.00
2017.04.06 13:24:18.333,12.52661,12.52872,0.00,0.00
2017.04.06 13:24:19.167,12.52661,12.52902,0.00,0.00
2017.04.06 13:24:19.337,12.52661,12.52931,0.00,0.00
2017.04.06 13:24:19.448,12.52661,12.52902,0.00,0.00
2017.04.06 13:24:20.238,12.52661,12.52901,0.00,0.00
2017.04.06 13:24:20.660,12.52661,12.52892,0.00,0.00
2017.04.06 13:24:21.099,12.52661,12.52872,0.00,0.00
2017.04.06 13:24:21.478,12.52661,12.52892,0.00,0.00
2017.04.06 13:24:21.673,12.52661,12.52871,0.00,0.00
2017.04.06 13:24:22.074,12.52661,12.52881,0.00,0.00
2017.04.06 13:24:23.374,12.52658,12.52881,0.00,0.00
2017.04.06 13:24:23.781,12.52658,12.52902,0.00,0.00
2017.04.06 13:24:24.084,12.52658,12.52872,0.00,0.00
2017.04.06 13:24:24.153,12.52658,12.52901,0.00,0.00
2017.04.06 13:24:24.241,12.52658,12.52882,0.00,0.00
2017.04.06 13:24:24.518,12.52608,12.52869,0.00,0.00
2017.04.06 13:24:24.569,12.52618,12.52869,0.00,0.00
2017.04.06 13:24:24.894,12.52561,12.52812,0.00,0.00
2017.04.06 13:24:25.652,12.52561,12.52802,0.00,0.00
2017.04.06 13:24:26.007,12.52561,12.52791,0.00,0.00
2017.04.06 13:24:26.058,12.52561,12.52802,0.00,0.00
2017.04.06 13:24:26.209,12.52561,12.52752,0.00,0.00
2017.04.06 13:24:26.325,12.52498,12.52752,0.00,0.00
2017.04.06 13:24:26.375,12.52498,12.52731,0.00,0.00
2017.04.06 13:24:26.426,12.52472,12.52731,0.00,0.00
2017.04.06 13:24:26.476,12.52472,12.52671,0.00,0.00
2017.04.06 13:24:27.156,12.52472,12.52692,0.00,0.00
2017.04.06 13:24:27.257,12.52472,12.52672,0.00,0.00
2017.04.06 13:24:27.456,12.52472,12.52682,0.00,0.00
2017.04.06 13:24:27.650,12.52472,12.52672,0.00,0.00
2017.04.06 13:24:28.069,12.52472,12.52651,0.00,0.00
2017.04.06 13:24:29.063,12.52472,12.52662,0.00,0.00
2017.04.06 13:24:29.410,12.52472,12.52682,0.00,0.00
2017.04.06 13:24:30.063,12.52472,12.52662,0.00,0.00
2017.04.06 13:24:30.596,12.52472,12.52682,0.00,0.00
2017.04.06 13:24:30.805,12.52472,12.52722,0.00,0.00
2017.04.06 13:24:30.906,12.52472,12.52682,0.00,0.00
2017.04.06 13:24:31.079,12.52472,12.52692,0.00,0.00
2017.04.06 13:24:31.467,12.52472,12.52672,0.00,0.00
2017.04.06 13:24:32.386,12.52472,12.52651,0.00,0.00
2017.04.06 13:24:32.494,12.52472,12.52672,0.00,0.00
2017.04.06 13:24:32.595,12.52472,12.52692,0.00,0.00
2017.04.06 13:24:32.697,12.52472,12.52652,0.00,0.00
2017.04.06 13:24:32.770,12.52472,12.52691,0.00,0.00
2017.04.06 13:24:33.212,12.52472,12.52672,0.00,0.00
2017.04.06 13:24:33.775,12.52472,12.52651,0.00,0.00
2017.04.06 13:24:33.876,12.52472,12.52672,0.00,0.00
2017.04.06 13:24:34.914,12.52472,12.52652,0.00,0.00
2017.04.06 13:24:35.017,12.52472,12.52671,0.00,0.00
2017.04.06 13:24:35.075,12.52472,12.52651,0.00,0.00
2017.04.06 13:24:35.395,12.52472,12.52672,0.00,0.00
2017.04.06 13:24:35.823,12.52472,12.52682,0.00,0.00
2017.04.06 13:24:37.179,12.52472,12.52672,0.00,0.00
2017.04.06 13:24:37.506,12.52472,12.52652,0.00,0.00
2017.04.06 13:24:38.981,12.52472,12.52672,0.00,0.00
2017.04.06 13:24:39.082,12.52472,12.52692,0.00,0.00
2017.04.06 13:24:41.010,12.52472,12.52671,0.00,0.00
2017.04.06 13:24:41.295,12.52561,12.52762,0.00,0.00
2017.04.06 13:24:41.735,12.52561,12.52742,0.00,0.00
2017.04.06 13:24:41.786,12.52561,12.52772,0.00,0.00
2017.04.06 13:24:41.987,12.52561,12.52782,0.00,0.00
2017.04.06 13:24:42.839,12.52561,12.52761,0.00,0.00
2017.04.06 13:24:43.089,12.52561,12.52781,0.00,0.00
2017.04.06 13:24:43.323,12.52661,12.52781,0.00,0.00
2017.04.06 13:24:43.374,12.52661,12.52802,0.00,0.00
2017.04.06 13:24:43.424,12.52661,12.52792,0.00,0.00
2017.04.06 13:24:43.525,12.52661,12.52882,0.00,0.00
2017.04.06 13:24:43.724,12.52661,12.52842,0.00,0.00
2017.04.06 13:24:43.828,12.52661,12.52862,0.00,0.00
2017.04.06 13:24:43.891,12.52661,12.52841,0.00,0.00
2017.04.06 13:24:43.997,12.52661,12.52862,0.00,0.00
2017.04.06 13:24:44.092,12.52661,12.52871,0.00,0.00
2017.04.06 13:24:44.193,12.52661,12.52861,0.00,0.00
2017.04.06 13:24:44.292,12.52661,12.52871,0.00,0.00
2017.04.06 13:24:44.469,12.52661,12.52851,0.00,0.00
2017.04.06 13:24:44.838,12.52698,12.52851,0.00,0.00
2017.04.06 13:24:45.039,12.52762,12.52942,0.00,0.00
2017.04.06 13:24:45.094,12.52762,12.52972,0.00,0.00
2017.04.06 13:24:45.294,12.52762,12.52951,0.00,0.00
2017.04.06 13:24:45.610,12.52771,12.52972,0.00,0.00
2017.04.06 13:24:45.907,12.52771,12.52942,0.00,0.00
2017.04.06 13:24:46.124,12.52771,12.52972,0.00,0.00
2017.04.06 13:24:46.396,12.52771,12.52941,0.00,0.00
2017.04.06 13:24:46.497,12.52771,12.52972,0.00,0.00
2017.04.06 13:24:46.598,12.52698,12.52952,0.00,0.00
2017.04.06 13:24:46.700,12.52681,12.52881,0.00,0.00
2017.04.06 13:24:47.017,12.52681,12.52862,0.00,0.00
2017.04.06 13:24:47.225,12.52762,12.52971,0.00,0.00
2017.04.06 13:24:47.336,12.52772,12.52971,0.00,0.00
2017.04.06 13:24:47.879,12.52772,12.52972,0.00,0.00
2017.04.06 13:24:48.084,12.52698,12.52972,0.00,0.00
2017.04.06 13:24:48.135,12.52698,12.52962,0.00,0.00
2017.04.06 13:24:48.186,12.52681,12.52952,0.00,0.00
2017.04.06 13:24:48.236,12.52681,12.52852,0.00,0.00
2017.04.06 13:24:48.445,12.52681,12.52882,0.00,0.00
2017.04.06 13:24:48.603,12.52681,12.52872,0.00,0.00
2017.04.06 13:24:48.985,12.52681,12.52852,0.00,0.00
2017.04.06 13:24:49.149,12.52681,12.52882,0.00,0.00
2017.04.06 13:24:49.204,12.52681,12.52852,0.00,0.00
2017.04.06 13:24:49.405,12.52681,12.52882,0.00,0.00
2017.04.06 13:24:49.506,12.52681,12.52872,0.00,0.00
2017.04.06 13:24:49.706,12.52681,12.52882,0.00,0.00
2017.04.06 13:24:49.946,12.52681,12.52852,0.00,0.00
2017.04.06 13:24:50.048,12.52681,12.52882,0.00,0.00
2017.04.06 13:24:50.148,12.52681,12.52851,0.00,0.00
2017.04.06 13:24:51.438,12.52681,12.52872,0.00,0.00
2017.04.06 13:24:55.510,12.52662,12.52872,0.00,0.00
2017.04.06 13:24:55.561,12.52662,12.52852,0.00,0.00
2017.04.06 13:24:56.238,12.52662,12.52871,0.00,0.00
2017.04.06 13:24:57.179,12.52662,12.52852,0.00,0.00
2017.04.06 13:24:58.394,12.52599,12.52852,0.00,0.00
2017.04.06 13:24:58.445,12.52599,12.52842,0.00,0.00
2017.04.06 13:24:58.495,12.52571,12.52842,0.00,0.00
2017.04.06 13:24:58.546,12.52571,12.52771,0.00,0.00
2017.04.06 13:24:58.934,12.52571,12.52802,0.00,0.00
2017.04.06 13:24:59.035,12.52571,12.52772,0.00,0.00
2017.04.06 13:24:59.824,12.52571,12.52781,0.00,0.00
2017.04.06 13:25:00.343,12.52571,12.52762,0.00,0.00
2017.04.06 13:25:00.754,12.52571,12.52781,0.00,0.00
2017.04.06 13:25:01.765,12.52571,12.52762,0.00,0.00
2017.04.06 13:25:02.783,12.52571,12.52772,0.00,0.00
2017.04.06 13:25:02.834,12.52571,12.52761,0.00,0.00
2017.04.06 13:25:02.948,12.52571,12.52792,0.00,0.00
2017.04.06 13:25:04.245,12.52498,12.52722,0.00,0.00
2017.04.06 13:25:04.296,12.52481,12.52722,0.00,0.00
2017.04.06 13:25:04.346,12.52481,12.52702,0.00,0.00
2017.04.06 13:25:04.660,12.52481,12.52711,0.00,0.00
2017.04.06 13:25:04.778,12.52481,12.52671,0.00,0.00
2017.04.06 13:25:04.954,12.52481,12.52692,0.00,0.00
2017.04.06 13:25:05.055,12.52481,12.52671,0.00,0.00
2017.04.06 13:25:05.156,12.52481,12.52722,0.00,0.00
2017.04.06 13:25:05.438,12.52481,12.52702,0.00,0.00
2017.04.06 13:25:05.759,12.52571,12.52792,0.00,0.00
2017.04.06 13:25:06.174,12.52571,12.52771,0.00,0.00
2017.04.06 13:25:07.779,12.52571,12.52762,0.00,0.00
2017.04.06 13:25:07.980,12.52571,12.52792,0.00,0.00
2017.04.06 13:25:08.668,12.52571,12.52771,0.00,0.00
2017.04.06 13:25:08.768,12.52571,12.52792,0.00,0.00
2017.04.06 13:25:09.265,12.52571,12.52782,0.00,0.00
2017.04.06 13:25:09.451,12.52571,12.52792,0.00,0.00
2017.04.06 13:25:10.285,12.52571,12.52761,0.00,0.00
2017.04.06 13:25:10.454,12.52571,12.52771,0.00,0.00
2017.04.06 13:25:11.858,12.52571,12.52761,0.00,0.00
2017.04.06 13:25:11.909,12.52482,12.52752,0.00,0.00
2017.04.06 13:25:11.960,12.52482,12.52702,0.00,0.00
2017.04.06 13:25:12.319,12.52482,12.52671,0.00,0.00
2017.04.06 13:25:12.837,12.52482,12.52682,0.00,0.00
2017.04.06 13:25:13.963,12.52482,12.52702,0.00,0.00
2017.04.06 13:25:14.163,12.52482,12.52692,0.00,0.00
2017.04.06 13:25:15.379,12.52482,12.52701,0.00,0.00
2017.04.06 13:25:17.869,12.52482,12.52752,0.00,0.00
2017.04.06 13:25:17.983,12.52482,12.52711,0.00,0.00
2017.04.06 13:25:18.570,12.52482,12.52721,0.00,0.00
2017.04.06 13:25:18.770,12.52482,12.52682,0.00,0.00
2017.04.06 13:25:18.888,12.52482,12.52722,0.00,0.00
2017.04.06 13:25:18.989,12.52482,12.52692,0.00,0.00
2017.04.06 13:25:19.071,12.52482,12.52711,0.00,0.00
2017.04.06 13:25:19.313,12.52482,12.52692,0.00,0.00
2017.04.06 13:25:20.501,12.52461,12.52692,0.00,0.00
2017.04.06 13:25:20.606,12.52461,12.52711,0.00,0.00
2017.04.06 13:25:20.657,12.52461,12.52702,0.00,0.00
2017.04.06 13:25:20.707,12.52398,12.52662,0.00,0.00
2017.04.06 13:25:20.758,12.52378,12.52652,0.00,0.00
2017.04.06 13:25:20.860,12.52371,12.52652,0.00,0.00
2017.04.06 13:25:20.911,12.52371,12.52592,0.00,0.00
2017.04.06 13:25:20.977,12.52371,12.52622,0.00,0.00
2017.04.06 13:25:21.109,12.52371,12.52591,0.00,0.00
2017.04.06 13:25:21.320,12.52371,12.52612,0.00,0.00
2017.04.06 13:25:21.378,12.52371,12.52622,0.00,0.00
2017.04.06 13:25:21.610,12.52399,12.52622,0.00,0.00
2017.04.06 13:25:21.925,12.52471,12.52692,0.00,0.00
2017.04.06 13:25:22.143,12.52471,12.52701,0.00,0.00
2017.04.06 13:25:22.195,12.52471,12.52682,0.00,0.00
2017.04.06 13:25:22.503,12.52471,12.52701,0.00,0.00
2017.04.06 13:25:22.712,12.52471,12.52671,0.00,0.00
2017.04.06 13:25:22.995,12.52471,12.52682,0.00,0.00
2017.04.06 13:25:23.099,12.52471,12.52702,0.00,0.00
2017.04.06 13:25:23.399,12.52471,12.52692,0.00,0.00
2017.04.06 13:25:23.756,12.52471,12.52671,0.00,0.00
2017.04.06 13:25:23.807,12.52398,12.52671,0.00,0.00
2017.04.06 13:25:23.908,12.52382,12.52592,0.00,0.00
2017.04.06 13:25:24.216,12.52382,12.52582,0.00,0.00
2017.04.06 13:25:24.269,12.52382,12.52611,0.00,0.00
2017.04.06 13:25:24.319,12.52382,12.52582,0.00,0.00
2017.04.06 13:25:24.434,12.52382,12.52612,0.00,0.00
2017.04.06 13:25:24.494,12.52382,12.52582,0.00,0.00
2017.04.06 13:25:24.594,12.52382,12.52592,0.00,0.00
2017.04.06 13:25:25.909,12.52382,12.52582,0.00,0.00
2017.04.06 13:25:26.024,12.52382,12.52602,0.00,0.00
2017.04.06 13:25:26.397,12.52382,12.52592,0.00,0.00
2017.04.06 13:25:26.728,12.52472,12.52592,0.00,0.00
2017.04.06 13:25:26.829,12.52472,12.52621,0.00,0.00
2017.04.06 13:25:26.930,12.52472,12.52691,0.00,0.00
2017.04.06 13:25:26.998,12.52472,12.52661,0.00,0.00
2017.04.06 13:25:27.049,12.52381,12.52652,0.00,0.00
2017.04.06 13:25:27.099,12.52381,12.52642,0.00,0.00
2017.04.06 13:25:27.375,12.52381,12.52652,0.00,0.00
2017.04.06 13:25:27.426,12.52381,12.52622,0.00,0.00
2017.04.06 13:25:27.747,12.52381,12.52592,0.00,0.00
2017.04.06 13:25:27.800,12.52381,12.52621,0.00,0.00
2017.04.06 13:25:27.901,12.52381,12.52641,0.00,0.00
2017.04.06 13:25:28.219,12.52381,12.52631,0.00,0.00
2017.04.06 13:25:29.133,12.52381,12.52642,0.00,0.00
2017.04.06 13:25:29.540,12.52381,12.52612,0.00,0.00
2017.04.06 13:25:29.604,12.52381,12.52631,0.00,0.00
2017.04.06 13:25:29.854,12.52471,12.52631,0.00,0.00
2017.04.06 13:25:29.905,12.52471,12.52642,0.00,0.00
2017.04.06 13:25:30.006,12.52471,12.52679,0.00,0.00
2017.04.06 13:25:30.057,12.52471,12.52681,0.00,0.00
2017.04.06 13:25:30.206,12.52471,12.52671,0.00,0.00
2017.04.06 13:25:30.311,12.52471,12.52682,0.00,0.00
2017.04.06 13:25:30.512,12.52471,12.52652,0.00,0.00
2017.04.06 13:25:30.607,12.52471,12.52682,0.00,0.00
2017.04.06 13:25:30.719,12.52471,12.52651,0.00,0.00
2017.04.06 13:25:31.050,12.52471,12.52662,0.00,0.00
2017.04.06 13:25:31.108,12.52471,12.52682,0.00,0.00
2017.04.06 13:25:31.509,12.52471,12.52662,0.00,0.00
2017.04.06 13:25:31.815,12.52471,12.52682,0.00,0.00
2017.04.06 13:25:32.636,12.52398,12.52682,0.00,0.00
2017.04.06 13:25:32.737,12.52388,12.52652,0.00,0.00
2017.04.06 13:25:33.096,12.52382,12.52572,0.00,0.00
2017.04.06 13:25:33.413,12.52382,12.52562,0.00,0.00
2017.04.06 13:25:34.217,12.52382,12.52592,0.00,0.00
2017.04.06 13:25:34.318,12.52382,12.52562,0.00,0.00
2017.04.06 13:25:35.631,12.52382,12.52591,0.00,0.00
2017.04.06 13:25:35.717,12.52382,12.52602,0.00,0.00
2017.04.06 13:25:36.419,12.52382,12.52572,0.00,0.00
2017.04.06 13:25:36.520,12.52382,12.52602,0.00,0.00
2017.04.06 13:25:37.553,12.52382,12.52622,0.00,0.00
2017.04.06 13:25:37.926,12.52382,12.52582,0.00,0.00
2017.04.06 13:25:39.548,12.52472,12.52611,0.00,0.00
2017.04.06 13:25:39.650,12.52472,12.52651,0.00,0.00
2017.04.06 13:25:39.725,12.52472,12.52681,0.00,0.00
2017.04.06 13:25:40.046,12.52472,12.52692,0.00,0.00
2017.04.06 13:25:40.261,12.52472,12.52681,0.00,0.00
2017.04.06 13:25:40.632,12.52472,12.52691,0.00,0.00
2017.04.06 13:25:40.727,12.52472,12.52671,0.00,0.00
2017.04.06 13:25:40.827,12.52472,12.52691,0.00,0.00
2017.04.06 13:25:41.441,12.52472,12.52672,0.00,0.00
2017.04.06 13:25:41.629,12.52472,12.52692,0.00,0.00
2017.04.06 13:25:41.933,12.52472,12.52672,0.00,0.00
2017.04.06 13:25:42.576,12.52472,12.52691,0.00,0.00
2017.04.06 13:25:43.478,12.52472,12.52681,0.00,0.00
2017.04.06 13:25:44.770,12.52562,12.52681,0.00,0.00
2017.04.06 13:25:44.876,12.52562,12.52691,0.00,0.00
2017.04.06 13:25:45.066,12.52562,12.52781,0.00,0.00
2017.04.06 13:25:45.117,12.52499,12.52781,0.00,0.00
2017.04.06 13:25:45.167,12.52499,12.52751,0.00,0.00
2017.04.06 13:25:45.218,12.52482,12.52751,0.00,0.00
2017.04.06 13:25:45.269,12.52482,12.52701,0.00,0.00
2017.04.06 13:25:45.590,12.52482,12.52661,0.00,0.00
2017.04.06 13:25:45.640,12.52482,12.52692,0.00,0.00
2017.04.06 13:25:45.757,12.52482,12.52652,0.00,0.00
2017.04.06 13:25:46.236,12.52482,12.52691,0.00,0.00
2017.04.06 13:25:46.341,12.52482,12.52681,0.00,0.00
2017.04.06 13:25:46.738,12.52482,12.52652,0.00,0.00
2017.04.06 13:25:46.922,12.52381,12.52652,0.00,0.00
2017.04.06 13:25:46.973,12.52381,12.52582,0.00,0.00
2017.04.06 13:25:47.139,12.52381,12.52602,0.00,0.00
2017.04.06 13:25:47.367,12.52381,12.52582,0.00,0.00
2017.04.06 13:25:47.439,12.52381,12.52602,0.00,0.00
2017.04.06 13:25:47.571,12.52381,12.52581,0.00,0.00
2017.04.06 13:25:47.846,12.52381,12.52601,0.00,0.00
2017.04.06 13:25:47.970,12.52381,12.52631,0.00,0.00
2017.04.06 13:25:48.041,12.52381,12.52571,0.00,0.00
2017.04.06 13:25:48.547,12.52381,12.52611,0.00,0.00
2017.04.06 13:25:48.648,12.52381,12.52581,0.00,0.00
2017.04.06 13:25:48.979,12.52381,12.52561,0.00,0.00
2017.04.06 13:25:49.093,12.52381,12.52601,0.00,0.00
2017.04.06 13:25:49.144,12.52381,12.52561,0.00,0.00
2017.04.06 13:25:49.459,12.52381,12.52581,0.00,0.00
2017.04.06 13:25:49.545,12.52381,12.52592,0.00,0.00
2017.04.06 13:25:49.661,12.52381,12.52562,0.00,0.00
2017.04.06 13:25:49.746,12.52381,12.52582,0.00,0.00
2017.04.06 13:25:49.998,12.52438,12.52582,0.00,0.00
2017.04.06 13:25:50.048,12.52438,12.52602,0.00,0.00
2017.04.06 13:25:50.099,12.52381,12.52602,0.00,0.00
2017.04.06 13:25:50.149,12.52381,12.52642,0.00,0.00
2017.04.06 13:25:50.371,12.52381,12.52612,0.00,0.00
2017.04.06 13:25:50.559,12.52381,12.52642,0.00,0.00
2017.04.06 13:25:50.660,12.52381,12.52622,0.00,0.00
2017.04.06 13:25:50.990,12.52381,12.52611,0.00,0.00
2017.04.06 13:25:51.375,12.52381,12.52621,0.00,0.00
2017.04.06 13:25:51.481,12.52381,12.52581,0.00,0.00
2017.04.06 13:25:51.813,12.52381,12.52572,0.00,0.00
2017.04.06 13:25:51.864,12.52381,12.52592,0.00,0.00
2017.04.06 13:25:51.979,12.52381,12.52601,0.00,0.00
2017.04.06 13:25:52.110,12.52361,12.52601,0.00,0.00
2017.04.06 13:25:52.161,12.52361,12.52592,0.00,0.00
2017.04.06 13:25:52.467,12.52361,12.52561,0.00,0.00
2017.04.06 13:25:53.085,12.52361,12.52582,0.00,0.00
2017.04.06 13:25:55.192,12.52361,12.52561,0.00,0.00
2017.04.06 13:25:55.293,12.52361,12.52581,0.00,0.00
2017.04.06 13:25:55.356,12.52361,12.52561,0.00,0.00
2017.04.06 13:25:56.459,12.52361,12.52582,0.00,0.00
2017.04.06 13:25:56.578,12.52361,12.52592,0.00,0.00
2017.04.06 13:25:56.758,12.52361,12.52582,0.00,0.00
2017.04.06 13:25:56.974,12.52361,12.52631,0.00,0.00
2017.04.06 13:25:57.075,12.52361,12.52602,0.00,0.00
2017.04.06 13:25:57.387,12.52361,12.52561,0.00,0.00
2017.04.06 13:25:57.489,12.52361,12.52582,0.00,0.00
2017.04.06 13:25:58.160,12.52361,12.52591,0.00,0.00
2017.04.06 13:25:58.261,12.52361,12.52581,0.00,0.00
2017.04.06 13:25:59.074,12.52361,12.52562,0.00,0.00
2017.04.06 13:25:59.562,12.52361,12.52581,0.00,0.00
2017.04.06 13:26:00.292,12.52361,12.52562,0.00,0.00
2017.04.06 13:26:00.364,12.52361,12.52592,0.00,0.00
2017.04.06 13:26:02.166,12.52361,12.52582,0.00,0.00
2017.04.06 13:26:02.274,12.52361,12.52592,0.00,0.00
2017.04.06 13:26:02.376,12.52361,12.52562,0.00,0.00
2017.04.06 13:26:02.833,12.52351,12.52562,0.00,0.00
2017.04.06 13:26:02.915,12.52351,12.52552,0.00,0.00
2017.04.06 13:26:03.081,12.52351,12.52591,0.00,0.00
2017.04.06 13:26:03.776,12.52351,12.52572,0.00,0.00
2017.04.06 13:26:04.092,12.52351,12.52592,0.00,0.00
2017.04.06 13:26:04.210,12.52351,12.52551,0.00,0.00
2017.04.06 13:26:04.311,12.52351,12.52581,0.00,0.00
2017.04.06 13:26:04.370,12.52351,12.52562,0.00,0.00
2017.04.06 13:26:04.471,12.52351,12.52592,0.00,0.00
2017.04.06 13:26:05.290,12.52351,12.52572,0.00,0.00
2017.04.06 13:26:05.416,12.52351,12.52591,0.00,0.00
2017.04.06 13:26:05.472,12.52351,12.52561,0.00,0.00
2017.04.06 13:26:05.610,12.52291,12.52561,0.00,0.00
2017.04.06 13:26:05.770,12.52291,12.52541,0.00,0.00
2017.04.06 13:26:06.129,12.52272,12.52512,0.00,0.00
2017.04.06 13:26:06.674,12.52272,12.52501,0.00,0.00
2017.04.06 13:26:07.174,12.52272,12.52482,0.00,0.00
2017.04.06 13:26:07.588,12.52272,12.52502,0.00,0.00
2017.04.06 13:26:07.690,12.52272,12.52472,0.00,0.00
2017.04.06 13:26:07.794,12.52272,12.52481,0.00,0.00
2017.04.06 13:26:08.175,12.52272,12.52492,0.00,0.00
2017.04.06 13:26:08.388,12.52262,12.52441,0.00,0.00
2017.04.06 13:26:08.439,12.52262,12.52462,0.00,0.00
2017.04.06 13:26:08.490,12.52238,12.52442,0.00,0.00
2017.04.06 13:26:08.590,12.52181,12.52442,0.00,0.00
2017.04.06 13:26:08.703,12.52181,12.52392,0.00,0.00
2017.04.06 13:26:09.191,12.52181,12.52422,0.00,0.00
2017.04.06 13:26:09.488,12.52181,12.52392,0.00,0.00
2017.04.06 13:26:09.589,12.52181,12.52401,0.00,0.00
2017.04.06 13:26:09.893,12.52181,12.52422,0.00,0.00
2017.04.06 13:26:10.364,12.52189,12.52422,0.00,0.00
2017.04.06 13:26:10.742,12.52271,12.52502,0.00,0.00
2017.04.06 13:26:11.080,12.52271,12.52512,0.00,0.00
2017.04.06 13:26:11.281,12.52271,12.52472,0.00,0.00
2017.04.06 13:26:11.587,12.52271,12.52492,0.00,0.00
2017.04.06 13:26:11.718,12.52271,12.52472,0.00,0.00
2017.04.06 13:26:11.781,12.52271,12.52501,0.00,0.00
2017.04.06 13:26:12.650,12.52271,12.52481,0.00,0.00
2017.04.06 13:26:13.456,12.52271,12.52491,0.00,0.00
2017.04.06 13:26:13.622,12.52271,12.52481,0.00,0.00
2017.04.06 13:26:14.795,12.52191,12.52421,0.00,0.00
2017.04.06 13:26:14.897,12.52191,12.52412,0.00,0.00
2017.04.06 13:26:15.075,12.52181,12.52412,0.00,0.00
2017.04.06 13:26:15.192,12.52181,12.52422,0.00,0.00
2017.04.06 13:26:15.299,12.52181,12.52412,0.00,0.00
2017.04.06 13:26:15.387,12.52181,12.52442,0.00,0.00
2017.04.06 13:26:15.637,12.52272,12.52451,0.00,0.00
2017.04.06 13:26:15.688,12.52272,12.52471,0.00,0.00
2017.04.06 13:26:15.789,12.52272,12.52511,0.00,0.00
2017.04.06 13:26:16.003,12.52272,12.52472,0.00,0.00
2017.04.06 13:26:16.789,12.52272,12.52502,0.00,0.00
2017.04.06 13:26:17.609,12.52198,12.52482,0.00,0.00
2017.04.06 13:26:17.718,12.52191,12.52421,0.00,0.00
2017.04.06 13:26:18.019,12.52191,12.52412,0.00,0.00
2017.04.06 13:26:18.070,12.52182,12.52412,0.00,0.00
2017.04.06 13:26:18.121,12.52182,12.52401,0.00,0.00
2017.04.06 13:26:18.441,12.52262,12.52441,0.00,0.00
2017.04.06 13:26:18.492,12.52262,12.52479,0.00,0.00
2017.04.06 13:26:18.594,12.52222,12.52479,0.00,0.00
2017.04.06 13:26:18.645,12.52199,12.52478,0.00,0.00
2017.04.06 13:26:18.695,12.52172,12.52402,0.00,0.00
2017.04.06 13:26:18.796,12.52172,12.52432,0.00,0.00
2017.04.06 13:26:18.892,12.52172,12.52392,0.00,0.00
2017.04.06 13:26:19.693,12.52172,12.52412,0.00,0.00
2017.04.06 13:26:20.332,12.52172,12.52421,0.00,0.00
2017.04.06 13:26:20.795,12.52172,12.52392,0.00,0.00
2017.04.06 13:26:21.205,12.52172,12.52402,0.00,0.00
2017.04.06 13:26:21.518,12.52172,12.52422,0.00,0.00
2017.04.06 13:26:21.723,12.52172,12.52402,0.00,0.00
2017.04.06 13:26:22.599,12.52172,12.52391,0.00,0.00
2017.04.06 13:26:22.702,12.52172,12.52422,0.00,0.00
2017.04.06 13:26:23.509,12.52172,12.52392,0.00,0.00
2017.04.06 13:26:24.403,12.52172,12.52422,0.00,0.00
2017.04.06 13:26:25.602,12.52172,12.52392,0.00,0.00
2017.04.06 13:26:25.653,12.52172,12.52421,0.00,0.00
2017.04.06 13:26:25.705,12.52172,12.52392,0.00,0.00
2017.04.06 13:26:26.254,12.52108,12.52341,0.00,0.00
2017.04.06 13:26:26.355,12.52098,12.52341,0.00,0.00
2017.04.06 13:26:26.409,12.52071,12.52341,0.00,0.00
2017.04.06 13:26:26.515,12.52071,12.52331,0.00,0.00
2017.04.06 13:26:26.609,12.52078,12.52341,0.00,0.00
2017.04.06 13:26:26.710,12.52071,12.52332,0.00,0.00
2017.04.06 13:26:27.046,12.52161,12.52412,0.00,0.00
2017.04.06 13:26:27.372,12.52161,12.52402,0.00,0.00
2017.04.06 13:26:27.422,12.52161,12.52421,0.00,0.00
2017.04.06 13:26:27.855,12.52161,12.52402,0.00,0.00
2017.04.06 13:26:27.912,12.52161,12.52421,0.00,0.00
2017.04.06 13:26:28.013,12.52161,12.52401,0.00,0.00
2017.04.06 13:26:28.418,12.52161,12.52421,0.00,0.00
2017.04.06 13:26:28.713,12.52161,12.52401,0.00,0.00
2017.04.06 13:26:29.017,12.52161,12.52421,0.00,0.00
2017.04.06 13:26:29.454,12.52161,12.52392,0.00,0.00
2017.04.06 13:26:29.514,12.52161,12.52402,0.00,0.00
2017.04.06 13:26:29.621,12.52161,12.52422,0.00,0.00
2017.04.06 13:26:29.731,12.52161,12.52391,0.00,0.00
2017.04.06 13:26:29.916,12.52161,12.52422,0.00,0.00
2017.04.06 13:26:30.017,12.52161,12.52391,0.00,0.00
2017.04.06 13:26:30.339,12.52161,12.52422,0.00,0.00
2017.04.06 13:26:30.643,12.52161,12.52402,0.00,0.00
2017.04.06 13:26:30.917,12.52161,12.52422,0.00,0.00
2017.04.06 13:26:31.020,12.52161,12.52402,0.00,0.00
2017.04.06 13:26:31.651,12.52161,12.52422,0.00,0.00
2017.04.06 13:26:31.718,12.52161,12.52432,0.00,0.00
2017.04.06 13:26:31.833,12.52161,12.52422,0.00,0.00
2017.04.06 13:26:32.154,12.52161,12.52391,0.00,0.00
2017.04.06 13:26:32.346,12.52161,12.52421,0.00,0.00
2017.04.06 13:26:34.042,12.52161,12.52391,0.00,0.00
2017.04.06 13:26:34.122,12.52161,12.52421,0.00,0.00
2017.04.06 13:26:34.338,12.52161,12.52392,0.00,0.00
2017.04.06 13:26:34.443,12.52161,12.52412,0.00,0.00
2017.04.06 13:26:34.570,12.52161,12.52432,0.00,0.00
2017.04.06 13:26:34.622,12.52161,12.52401,0.00,0.00
2017.04.06 13:26:35.070,12.52161,12.52391,0.00,0.00
2017.04.06 13:26:35.235,12.52161,12.52422,0.00,0.00
2017.04.06 13:26:35.424,12.52161,12.52392,0.00,0.00
2017.04.06 13:26:35.648,12.52161,12.52422,0.00,0.00
2017.04.06 13:26:37.558,12.52161,12.52411,0.00,0.00
2017.04.06 13:26:38.055,12.52161,12.52421,0.00,0.00
2017.04.06 13:26:38.155,12.52252,12.52391,0.00,0.00
2017.04.06 13:26:38.256,12.52252,12.52522,0.00,0.00
2017.04.06 13:26:38.440,12.52252,12.52502,0.00,0.00
2017.04.06 13:26:38.798,12.52252,12.52482,0.00,0.00
2017.04.06 13:26:39.153,12.52252,12.52502,0.00,0.00
2017.04.06 13:26:40.131,12.52252,12.52492,0.00,0.00
2017.04.06 13:26:40.232,12.52252,12.52522,0.00,0.00
2017.04.06 13:26:40.452,12.52252,12.52501,0.00,0.00
2017.04.06 13:26:40.897,12.52252,12.52511,0.00,0.00
2017.04.06 13:26:41.281,12.52252,12.52502,0.00,0.00
2017.04.06 13:26:41.559,12.52252,12.52522,0.00,0.00
2017.04.06 13:26:41.634,12.52252,12.52481,0.00,0.00
2017.04.06 13:26:42.134,12.52252,12.52502,0.00,0.00
2017.04.06 13:26:44.186,12.52252,12.52521,0.00,0.00
2017.04.06 13:26:44.286,12.52252,12.52482,0.00,0.00
2017.04.06 13:26:44.838,12.52252,12.52501,0.00,0.00
2017.04.06 13:26:44.939,12.52252,12.52482,0.00,0.00
2017.04.06 13:26:45.065,12.52252,12.52502,0.00,0.00
2017.04.06 13:26:45.359,12.52252,12.52512,0.00,0.00
2017.04.06 13:26:45.531,12.52228,12.52442,0.00,0.00
2017.04.06 13:26:45.582,12.52198,12.52442,0.00,0.00
2017.04.06 13:26:45.683,12.52172,12.52432,0.00,0.00
2017.04.06 13:26:45.740,12.52172,12.52402,0.00,0.00
2017.04.06 13:26:46.387,12.52152,12.52402,0.00,0.00
2017.04.06 13:26:46.441,12.52152,12.52432,0.00,0.00
2017.04.06 13:26:46.577,12.52152,12.52411,0.00,0.00
2017.04.06 13:26:46.903,12.52152,12.52402,0.00,0.00
2017.04.06 13:26:46.953,12.52152,12.52422,0.00,0.00
2017.04.06 13:26:47.743,12.52152,12.52402,0.00,0.00
2017.04.06 13:26:48.644,12.52152,12.52432,0.00,0.00
2017.04.06 13:26:48.744,12.52152,12.52422,0.00,0.00
2017.04.06 13:26:50.247,12.52152,12.52402,0.00,0.00
2017.04.06 13:26:50.488,12.52152,12.52422,0.00,0.00
2017.04.06 13:26:50.648,12.52152,12.52401,0.00,0.00
2017.04.06 13:26:50.748,12.52152,12.52421,0.00,0.00
2017.04.06 13:26:52.647,12.52139,12.52342,0.00,0.00
2017.04.06 13:26:52.774,12.52119,12.52342,0.00,0.00
2017.04.06 13:26:52.875,12.52071,12.52332,0.00,0.00
2017.04.06 13:26:53.154,12.52071,12.52321,0.00,0.00
2017.04.06 13:26:53.409,12.52051,12.52321,0.00,0.00
2017.04.06 13:26:53.644,12.52068,12.52342,0.00,0.00
2017.04.06 13:26:53.853,12.52051,12.52331,0.00,0.00
2017.04.06 13:26:53.904,12.52138,12.52331,0.00,0.00
2017.04.06 13:26:53.955,12.52138,12.52352,0.00,0.00
2017.04.06 13:26:54.055,12.52141,12.52421,0.00,0.00
2017.04.06 13:26:54.106,12.52139,12.52358,0.00,0.00
2017.04.06 13:26:54.286,12.52108,12.52341,0.00,0.00
2017.04.06 13:26:54.395,12.52061,12.52341,0.00,0.00
2017.04.06 13:26:54.502,12.52061,12.52321,0.00,0.00
2017.04.06 13:26:54.555,12.52061,12.52332,0.00,0.00
2017.04.06 13:26:54.655,12.52078,12.52341,0.00,0.00
2017.04.06 13:26:54.797,12.52052,12.52321,0.00,0.00
2017.04.06 13:26:55.167,12.52052,12.52332,0.00,0.00
2017.04.06 13:26:55.256,12.52052,12.52321,0.00,0.00
2017.04.06 13:26:55.894,12.52052,12.52311,0.00,0.00
2017.04.06 13:26:55.957,12.52068,12.52341,0.00,0.00
2017.04.06 13:26:56.398,12.52052,12.52322,0.00,0.00
2017.04.06 13:26:57.159,12.52069,12.52341,0.00,0.00
2017.04.06 13:26:57.278,12.52052,12.52322,0.00,0.00
2017.04.06 13:26:57.359,12.52069,12.52341,0.00,0.00
2017.04.06 13:26:57.808,12.52052,12.52322,0.00,0.00
2017.04.06 13:26:58.807,12.52052,12.52332,0.00,0.00
2017.04.06 13:26:58.931,12.52072,12.52332,0.00,0.00
2017.04.06 13:26:59.233,12.52148,12.52342,0.00,0.00
2017.04.06 13:26:59.284,12.52128,12.52342,0.00,0.00
2017.04.06 13:26:59.397,12.52078,12.52342,0.00,0.00
2017.04.06 13:26:59.565,12.52108,12.52342,0.00,0.00
2017.04.06 13:26:59.615,12.52131,12.52391,0.00,0.00
2017.04.06 13:26:59.666,12.52131,12.52361,0.00,0.00
2017.04.06 13:26:59.767,12.52138,12.52391,0.00,0.00
2017.04.06 13:26:59.867,12.52148,12.52432,0.00,0.00
2017.04.06 13:27:00.216,12.52152,12.52422,0.00,0.00
2017.04.06 13:27:00.267,12.52152,12.52432,0.00,0.00
2017.04.06 13:27:00.365,12.52152,12.52422,0.00,0.00
2017.04.06 13:27:01.490,12.52152,12.52432,0.00,0.00
2017.04.06 13:27:01.591,12.52152,12.52421,0.00,0.00
2017.04.06 13:27:02.195,12.52152,12.52402,0.00,0.00
2017.04.06 13:27:02.394,12.52152,12.52421,0.00,0.00
2017.04.06 13:27:02.970,12.52152,12.52402,0.00,0.00
2017.04.06 13:27:03.084,12.52158,12.52442,0.00,0.00
2017.04.06 13:27:03.270,12.52152,12.52401,0.00,0.00
2017.04.06 13:27:03.421,12.52158,12.52442,0.00,0.00
2017.04.06 13:27:03.572,12.52152,12.52421,0.00,0.00
2017.04.06 13:27:03.923,12.52099,12.52341,0.00,0.00
2017.04.06 13:27:03.973,12.52088,12.52341,0.00,0.00
2017.04.06 13:27:04.072,12.52079,12.52341,0.00,0.00
2017.04.06 13:27:04.294,12.52069,12.52341,0.00,0.00
2017.04.06 13:27:04.373,12.52062,12.52331,0.00,0.00
2017.04.06 13:27:04.894,12.52078,12.52341,0.00,0.00
2017.04.06 13:27:04.995,12.52062,12.52332,0.00,0.00
2017.04.06 13:27:05.074,12.52062,12.52322,0.00,0.00
2017.04.06 13:27:05.422,12.52088,12.52322,0.00,0.00
2017.04.06 13:27:05.624,12.52142,12.52421,0.00,0.00
2017.04.06 13:27:05.676,12.52148,12.52432,0.00,0.00
2017.04.06 13:27:05.903,12.52142,12.52392,0.00,0.00
2017.04.06 13:27:06.080,12.52108,12.52369,0.00,0.00
2017.04.06 13:27:06.181,12.52098,12.52341,0.00,0.00
2017.04.06 13:27:06.284,12.52061,12.52332,0.00,0.00
2017.04.06 13:27:06.377,12.52068,12.52341,0.00,0.00
2017.04.06 13:27:06.477,12.52108,12.52341,0.00,0.00
2017.04.06 13:27:06.612,12.52088,12.52341,0.00,0.00
2017.04.06 13:27:06.715,12.52061,12.52321,0.00,0.00
2017.04.06 13:27:06.778,12.52061,12.52332,0.00,0.00
2017.04.06 13:27:06.978,12.52068,12.52341,0.00,0.00
2017.04.06 13:27:07.413,12.52079,12.52341,0.00,0.00
2017.04.06 13:27:07.830,12.52061,12.52311,0.00,0.00
2017.04.06 13:27:08.092,12.52068,12.52341,0.00,0.00
2017.04.06 13:27:08.411,12.52061,12.52332,0.00,0.00
2017.04.06 13:27:08.630,12.52069,12.52341,0.00,0.00
2017.04.06 13:27:08.731,12.52078,12.52341,0.00,0.00
2017.04.06 13:27:09.090,12.52061,12.52321,0.00,0.00
2017.04.06 13:27:09.524,12.52152,12.52352,0.00,0.00
2017.04.06 13:27:09.625,12.52152,12.52392,0.00,0.00
2017.04.06 13:27:09.726,12.52152,12.52432,0.00,0.00
2017.04.06 13:27:10.424,12.52158,12.52442,0.00,0.00
2017.04.06 13:27:10.710,12.52152,12.52412,0.00,0.00
2017.04.06 13:27:10.829,12.52152,12.52432,0.00,0.00
2017.04.06 13:27:11.485,12.52152,12.52422,0.00,0.00
2017.04.06 13:27:12.591,12.52152,12.52402,0.00,0.00
2017.04.06 13:27:13.120,12.52188,12.52442,0.00,0.00
2017.04.06 13:27:13.188,12.52152,12.52431,0.00,0.00
2017.04.06 13:27:13.689,12.52152,12.52422,0.00,0.00
2017.04.06 13:27:14.612,12.52152,12.52401,0.00,0.00
2017.04.06 13:27:14.834,12.52152,12.52422,0.00,0.00
2017.04.06 13:27:14.890,12.52158,12.52442,0.00,0.00
2017.04.06 13:27:15.091,12.52152,12.52412,0.00,0.00
2017.04.06 13:27:15.592,12.52152,12.52421,0.00,0.00
2017.04.06 13:27:15.706,12.52152,12.52401,0.00,0.00
2017.04.06 13:27:16.411,12.52152,12.52422,0.00,0.00
2017.04.06 13:27:16.582,12.52152,12.52432,0.00,0.00
2017.04.06 13:27:16.633,12.52152,12.52402,0.00,0.00
2017.04.06 13:27:17.033,12.52152,12.52431,0.00,0.00
2017.04.06 13:27:17.620,12.52152,12.52422,0.00,0.00
2017.04.06 13:27:17.721,12.52152,12.52432,0.00,0.00
2017.04.06 13:27:18.295,12.52152,12.52422,0.00,0.00
2017.04.06 13:27:18.802,12.52152,12.52402,0.00,0.00
2017.04.06 13:27:19.402,12.52152,12.52431,0.00,0.00
2017.04.06 13:27:20.404,12.52152,12.52401,0.00,0.00
2017.04.06 13:27:20.804,12.52152,12.52421,0.00,0.00
2017.04.06 13:27:21.053,12.52158,12.52442,0.00,0.00
2017.04.06 13:27:21.407,12.52152,12.52422,0.00,0.00
2017.04.06 13:27:23.211,12.52152,12.52401,0.00,0.00
2017.04.06 13:27:25.233,12.52152,12.52421,0.00,0.00
2017.04.06 13:27:26.162,12.52152,12.52402,0.00,0.00
2017.04.06 13:27:27.124,12.52152,12.52392,0.00,0.00
2017.04.06 13:27:27.325,12.52061,12.52322,0.00,0.00
2017.04.06 13:27:27.558,12.52069,12.52342,0.00,0.00
2017.04.06 13:27:27.658,12.52061,12.52341,0.00,0.00
2017.04.06 13:27:27.766,12.52061,12.52322,0.00,0.00
2017.04.06 13:27:27.965,12.52061,12.52331,0.00,0.00
2017.04.06 13:27:28.258,12.52061,12.52321,0.00,0.00
2017.04.06 13:27:28.573,12.52061,12.52312,0.00,0.00
2017.04.06 13:27:28.627,12.52061,12.52342,0.00,0.00
2017.04.06 13:27:28.727,12.52061,12.52311,0.00,0.00
2017.04.06 13:27:29.451,12.52061,12.52341,0.00,0.00
2017.04.06 13:27:29.529,12.52061,12.52332,0.00,0.00
2017.04.06 13:27:30.261,12.52051,12.52332,0.00,0.00
2017.04.06 13:27:30.364,12.52051,12.52312,0.00,0.00
2017.04.06 13:27:30.655,12.52051,12.52332,0.00,0.00
2017.04.06 13:27:30.972,12.52051,12.52322,0.00,0.00
2017.04.06 13:27:31.146,12.52058,12.52342,0.00,0.00
2017.04.06 13:27:31.445,12.52051,12.52322,0.00,0.00
2017.04.06 13:27:31.575,12.52058,12.52342,0.00,0.00
2017.04.06 13:27:31.684,12.52051,12.52321,0.00,0.00
2017.04.06 13:27:31.734,12.52058,12.52342,0.00,0.00
2017.04.06 13:27:31.934,12.52051,12.52311,0.00,0.00
2017.04.06 13:27:32.035,12.52058,12.52342,0.00,0.00
2017.04.06 13:27:32.137,12.52051,12.52312,0.00,0.00
2017.04.06 13:27:32.448,12.52138,12.52369,0.00,0.00
2017.04.06 13:27:32.674,12.52061,12.52301,0.00,0.00
2017.04.06 13:27:32.739,12.52061,12.52342,0.00,0.00
2017.04.06 13:27:32.997,12.52061,12.52302,0.00,0.00
2017.04.06 13:27:33.540,12.52061,12.52322,0.00,0.00
2017.04.06 13:27:33.665,12.52061,12.52342,0.00,0.00
2017.04.06 13:27:33.740,12.52061,12.52322,0.00,0.00
2017.04.06 13:27:34.050,12.52061,12.52312,0.00,0.00
2017.04.06 13:27:34.381,12.52141,12.52342,0.00,0.00
2017.04.06 13:27:34.433,12.52102,12.52342,0.00,0.00
2017.04.06 13:27:34.483,12.52108,12.52341,0.00,0.00
2017.04.06 13:27:34.686,12.52088,12.52341,0.00,0.00
2017.04.06 13:27:34.810,12.52061,12.52292,0.00,0.00
2017.04.06 13:27:35.250,12.52061,12.52312,0.00,0.00
2017.04.06 13:27:35.351,12.52061,12.52332,0.00,0.00
2017.04.06 13:27:35.491,12.52061,12.52311,0.00,0.00
2017.04.06 13:27:35.553,12.52061,12.52332,0.00,0.00
2017.04.06 13:27:35.654,12.52061,12.52312,0.00,0.00
2017.04.06 13:27:35.745,12.52061,12.52331,0.00,0.00
2017.04.06 13:27:36.194,12.52061,12.52312,0.00,0.00
2017.04.06 13:27:36.346,12.52061,12.52332,0.00,0.00
2017.04.06 13:27:36.485,12.52061,12.52302,0.00,0.00
2017.04.06 13:27:36.546,12.52061,12.52331,0.00,0.00
2017.04.06 13:27:36.699,12.52061,12.52302,0.00,0.00
2017.04.06 13:27:36.750,12.52061,12.52341,0.00,0.00
2017.04.06 13:27:36.969,12.52061,12.52301,0.00,0.00
2017.04.06 13:27:37.270,12.52061,12.52341,0.00,0.00
2017.04.06 13:27:37.348,12.52061,12.52302,0.00,0.00
2017.04.06 13:27:37.551,12.52061,12.52332,0.00,0.00
2017.04.06 13:27:37.881,12.52061,12.52292,0.00,0.00
2017.04.06 13:27:38.072,12.52061,12.52331,0.00,0.00
2017.04.06 13:27:38.197,12.52061,12.52291,0.00,0.00
2017.04.06 13:27:38.251,12.52061,12.52312,0.00,0.00
2017.04.06 13:27:38.351,12.52061,12.52292,0.00,0.00
2017.04.06 13:27:38.751,12.52061,12.52312,0.00,0.00
2017.04.06 13:27:38.991,12.52061,12.52331,0.00,0.00
2017.04.06 13:27:39.255,12.52061,12.52292,0.00,0.00
2017.04.06 13:27:39.392,12.52101,12.52342,0.00,0.00
2017.04.06 13:27:39.493,12.52088,12.52312,0.00,0.00
2017.04.06 13:27:39.543,12.52062,12.52312,0.00,0.00
2017.04.06 13:27:39.594,12.52062,12.52332,0.00,0.00
2017.04.06 13:27:39.699,12.52062,12.52291,0.00,0.00
2017.04.06 13:27:39.756,12.52062,12.52302,0.00,0.00
2017.04.06 13:27:39.872,12.52062,12.52291,0.00,0.00
2017.04.06 13:27:39.981,12.52062,12.52312,0.00,0.00
2017.04.06 13:27:40.081,12.52062,12.52291,0.00,0.00
2017.04.06 13:27:41.675,12.52062,12.52321,0.00,0.00
2017.04.06 13:27:41.809,12.52062,12.52312,0.00,0.00
2017.04.06 13:27:42.273,12.52062,12.52291,0.00,0.00
2017.04.06 13:27:42.499,12.52078,12.52341,0.00,0.00
2017.04.06 13:27:42.563,12.52062,12.52291,0.00,0.00
2017.04.06 13:27:42.863,12.52062,12.52302,0.00,0.00
2017.04.06 13:27:43.125,12.52062,12.52322,0.00,0.00
2017.04.06 13:27:43.268,12.52062,12.52292,0.00,0.00
2017.04.06 13:27:43.908,12.52078,12.52341,0.00,0.00
2017.04.06 13:27:43.965,12.52062,12.52321,0.00,0.00
2017.04.06 13:27:44.775,12.52062,12.52311,0.00,0.00
2017.04.06 13:27:45.382,12.52062,12.52322,0.00,0.00
2017.04.06 13:27:45.507,12.52062,12.52292,0.00,0.00
2017.04.06 13:27:45.982,12.52062,12.52322,0.00,0.00
2017.04.06 13:27:46.139,12.52041,12.52322,0.00,0.00
2017.04.06 13:27:46.190,12.52041,12.52312,0.00,0.00
2017.04.06 13:27:48.376,12.52048,12.52332,0.00,0.00
2017.04.06 13:27:48.915,12.52041,12.52302,0.00,0.00
2017.04.06 13:27:49.016,12.52041,12.52312,0.00,0.00
2017.04.06 13:27:50.481,12.52041,12.52242,0.00,0.00
2017.04.06 13:27:50.584,12.52041,12.52271,0.00,0.00
2017.04.06 13:27:50.684,12.52041,12.52292,0.00,0.00
2017.04.06 13:27:50.735,12.52061,12.52292,0.00,0.00
2017.04.06 13:27:50.786,12.52061,12.52322,0.00,0.00
2017.04.06 13:27:50.899,12.52061,12.52292,0.00,0.00
2017.04.06 13:27:51.003,12.52061,12.52302,0.00,0.00
2017.04.06 13:27:51.155,12.52018,12.52292,0.00,0.00
2017.04.06 13:27:51.205,12.52038,12.52292,0.00,0.00
2017.04.06 13:27:51.311,12.52011,12.52281,0.00,0.00
2017.04.06 13:27:51.683,12.52011,12.52272,0.00,0.00
2017.04.06 13:27:51.886,12.52011,12.52292,0.00,0.00
2017.04.06 13:27:52.095,12.52032,12.52292,0.00,0.00
2017.04.06 13:27:52.489,12.51981,12.52221,0.00,0.00
2017.04.06 13:27:53.187,12.51981,12.52241,0.00,0.00
2017.04.06 13:27:54.126,12.52071,12.52211,0.00,0.00
2017.04.06 13:27:54.227,12.52038,12.52242,0.00,0.00
2017.04.06 13:27:54.328,12.52072,12.52242,0.00,0.00
2017.04.06 13:27:54.379,12.52072,12.52322,0.00,0.00
2017.04.06 13:27:54.429,12.52072,12.52261,0.00,0.00
2017.04.06 13:27:54.491,12.52072,12.52291,0.00,0.00
2017.04.06 13:27:54.632,12.52072,12.52321,0.00,0.00
2017.04.06 13:27:54.748,12.52072,12.52291,0.00,0.00
2017.04.06 13:27:54.902,12.52072,12.52321,0.00,0.00
2017.04.06 13:27:55.310,12.52072,12.52312,0.00,0.00
2017.04.06 13:27:55.531,12.52072,12.52322,0.00,0.00
2017.04.06 13:27:55.582,12.52041,12.52322,0.00,0.00
2017.04.06 13:27:55.632,12.52041,12.52312,0.00,0.00
2017.04.06 13:27:57.225,12.52041,12.52322,0.00,0.00
2017.04.06 13:27:58.729,12.52041,12.52292,0.00,0.00
2017.04.06 13:27:58.805,12.52041,12.52301,0.00,0.00
2017.04.06 13:27:59.343,12.52041,12.52322,0.00,0.00
2017.04.06 13:27:59.722,12.52041,12.52292,0.00,0.00
2017.04.06 13:27:59.839,12.52048,12.52332,0.00,0.00
2017.04.06 13:28:00.009,12.52041,12.52311,0.00,0.00
2017.04.06 13:28:00.422,12.52061,12.52311,0.00,0.00
2017.04.06 13:28:00.473,12.52061,12.52341,0.00,0.00
2017.04.06 13:28:02.758,12.52061,12.52312,0.00,0.00
2017.04.06 13:28:03.115,12.52061,12.52332,0.00,0.00
2017.04.06 13:28:03.831,12.52061,12.52341,0.00,0.00
2017.04.06 13:28:05.553,12.52061,12.52331,0.00,0.00
2017.04.06 13:28:05.764,12.52061,12.52341,0.00,0.00
2017.04.06 13:28:05.825,12.52061,12.52302,0.00,0.00
2017.04.06 13:28:05.928,12.52061,12.52332,0.00,0.00
2017.04.06 13:28:06.340,12.52061,12.52291,0.00,0.00
2017.04.06 13:28:06.827,12.52061,12.52312,0.00,0.00
2017.04.06 13:28:07.064,12.52061,12.52332,0.00,0.00
2017.04.06 13:28:07.914,12.52061,12.52312,0.00,0.00
2017.04.06 13:28:08.662,12.52061,12.52332,0.00,0.00
2017.04.06 13:28:08.785,12.52061,12.52301,0.00,0.00
2017.04.06 13:28:09.138,12.52061,12.52312,0.00,0.00
2017.04.06 13:28:09.773,12.52061,12.52331,0.00,0.00
2017.04.06 13:28:10.664,12.52061,12.52322,0.00,0.00
2017.04.06 13:28:11.360,12.52061,12.52302,0.00,0.00
2017.04.06 13:28:12.768,12.52061,12.52332,0.00,0.00
2017.04.06 13:28:12.847,12.52061,12.52322,0.00,0.00
2017.04.06 13:28:13.254,12.52061,12.52302,0.00,0.00
2017.04.06 13:28:13.507,12.52061,12.52322,0.00,0.00
2017.04.06 13:28:15.659,12.52061,12.52301,0.00,0.00
2017.04.06 13:28:16.855,12.52061,12.52332,0.00,0.00
2017.04.06 13:28:17.446,12.52061,12.52312,0.00,0.00
2017.04.06 13:28:17.598,12.51979,12.52232,0.00,0.00
2017.04.06 13:28:17.704,12.51971,12.52232,0.00,0.00
2017.04.06 13:28:17.757,12.51978,12.52232,0.00,0.00
2017.04.06 13:28:18.000,12.51971,12.52232,0.00,0.00
2017.04.06 13:28:18.057,12.51978,12.52232,0.00,0.00
2017.04.06 13:28:18.158,12.51971,12.52232,0.00,0.00
2017.04.06 13:28:19.163,12.51971,12.52212,0.00,0.00
2017.04.06 13:28:20.794,12.51971,12.52231,0.00,0.00
2017.04.06 13:28:20.864,12.51971,12.52221,0.00,0.00
2017.04.06 13:28:21.392,12.51979,12.52232,0.00,0.00
2017.04.06 13:28:21.465,12.51971,12.52232,0.00,0.00
2017.04.06 13:28:23.180,12.51979,12.52232,0.00,0.00
2017.04.06 13:28:23.713,12.51971,12.52232,0.00,0.00
2017.04.06 13:28:24.101,12.51971,12.52211,0.00,0.00
2017.04.06 13:28:24.420,12.51971,12.52232,0.00,0.00
2017.04.06 13:28:24.684,12.51998,12.52232,0.00,0.00
2017.04.06 13:28:25.040,12.52062,12.52282,0.00,0.00
2017.04.06 13:28:25.199,12.52062,12.52322,0.00,0.00
2017.04.06 13:28:25.575,12.52062,12.52312,0.00,0.00
2017.04.06 13:28:25.894,12.52062,12.52291,0.00,0.00
2017.04.06 13:28:25.995,12.52062,12.52311,0.00,0.00
2017.04.06 13:28:26.479,12.52062,12.52331,0.00,0.00
2017.04.06 13:28:27.281,12.52062,12.52312,0.00,0.00
2017.04.06 13:28:27.393,12.52062,12.52332,0.00,0.00
2017.04.06 13:28:27.614,12.52062,12.52321,0.00,0.00
2017.04.06 13:28:27.682,12.52062,12.52331,0.00,0.00
2017.04.06 13:28:27.782,12.52062,12.52302,0.00,0.00
2017.04.06 13:28:28.484,12.52062,12.52312,0.00,0.00
2017.04.06 13:28:28.588,12.52062,12.52332,0.00,0.00
2017.04.06 13:28:28.985,12.52062,12.52321,0.00,0.00
2017.04.06 13:28:29.390,12.52062,12.52331,0.00,0.00
2017.04.06 13:28:29.487,12.52062,12.52322,0.00,0.00
2017.04.06 13:28:29.593,12.52062,12.52332,0.00,0.00
2017.04.06 13:28:29.923,12.52062,12.52312,0.00,0.00
2017.04.06 13:28:29.988,12.52069,12.52332,0.00,0.00
2017.04.06 13:28:30.109,12.52062,12.52331,0.00,0.00
2017.04.06 13:28:30.211,12.52062,12.52311,0.00,0.00
2017.04.06 13:28:30.424,12.52062,12.52332,0.00,0.00
2017.04.06 13:28:30.491,12.52062,12.52322,0.00,0.00
2017.04.06 13:28:30.812,12.52062,12.52312,0.00,0.00
2017.04.06 13:28:31.295,12.52062,12.52332,0.00,0.00
2017.04.06 13:28:31.414,12.52062,12.52302,0.00,0.00
2017.04.06 13:28:31.846,12.52062,12.52312,0.00,0.00
2017.04.06 13:28:32.101,12.52062,12.52332,0.00,0.00
2017.04.06 13:28:32.428,12.52062,12.52302,0.00,0.00
2017.04.06 13:28:32.633,12.52062,12.52311,0.00,0.00
2017.04.06 13:28:32.697,12.52062,12.52332,0.00,0.00
2017.04.06 13:28:33.839,12.52062,12.52321,0.00,0.00
2017.04.06 13:28:34.012,12.52062,12.52332,0.00,0.00
2017.04.06 13:28:34.100,12.52062,12.52301,0.00,0.00
2017.04.06 13:28:34.411,12.52062,12.52322,0.00,0.00
2017.04.06 13:28:34.522,12.52062,12.52332,0.00,0.00
2017.04.06 13:28:34.710,12.52062,12.52301,0.00,0.00
2017.04.06 13:28:35.021,12.52062,12.52332,0.00,0.00
2017.04.06 13:28:35.328,12.52062,12.52322,0.00,0.00
2017.04.06 13:28:35.432,12.52062,12.52332,0.00,0.00
2017.04.06 13:28:35.606,12.52068,12.52332,0.00,0.00
2017.04.06 13:28:35.715,12.52062,12.52332,0.00,0.00
2017.04.06 13:28:35.916,12.52062,12.52311,0.00,0.00
2017.04.06 13:28:36.009,12.52068,12.52332,0.00,0.00
2017.04.06 13:28:36.229,12.52062,12.52312,0.00,0.00
2017.04.06 13:28:36.337,12.52062,12.52331,0.00,0.00
2017.04.06 13:28:36.411,12.52062,12.52321,0.00,0.00
2017.04.06 13:28:36.844,12.52089,12.52332,0.00,0.00
2017.04.06 13:28:36.945,12.52062,12.52331,0.00,0.00
2017.04.06 13:28:37.557,12.52062,12.52322,0.00,0.00
2017.04.06 13:28:38.414,12.52062,12.52331,0.00,0.00
2017.04.06 13:28:39.323,12.52062,12.52322,0.00,0.00
2017.04.06 13:28:39.425,12.52062,12.52331,0.00,0.00
2017.04.06 13:28:39.537,12.52068,12.52331,0.00,0.00
2017.04.06 13:28:39.829,12.52062,12.52331,0.00,0.00
2017.04.06 13:28:39.943,12.52069,12.52331,0.00,0.00
2017.04.06 13:28:40.350,12.52062,12.52331,0.00,0.00
2017.04.06 13:28:40.527,12.52068,12.52331,0.00,0.00
2017.04.06 13:28:40.968,12.52151,12.52352,0.00,0.00
2017.04.06 13:28:41.249,12.52151,12.52378,0.00,0.00
2017.04.06 13:28:41.488,12.52151,12.52431,0.00,0.00
2017.04.06 13:28:41.667,12.52149,12.52332,0.00,0.00
2017.04.06 13:28:41.768,12.52119,12.52332,0.00,0.00
2017.04.06 13:28:41.823,12.52091,12.52321,0.00,0.00
2017.04.06 13:28:42.048,12.52091,12.52331,0.00,0.00
2017.04.06 13:28:42.230,12.52071,12.52322,0.00,0.00
2017.04.06 13:28:42.945,12.52071,12.52332,0.00,0.00
2017.04.06 13:28:43.460,12.52071,12.52322,0.00,0.00
2017.04.06 13:28:43.865,12.52071,12.52312,0.00,0.00
2017.04.06 13:28:44.430,12.52071,12.52321,0.00,0.00
2017.04.06 13:28:45.229,12.52099,12.52332,0.00,0.00
2017.04.06 13:28:45.330,12.52071,12.52332,0.00,0.00
2017.04.06 13:28:45.830,12.52099,12.52332,0.00,0.00
2017.04.06 13:28:45.965,12.52071,12.52311,0.00,0.00
2017.04.06 13:28:46.262,12.52071,12.52331,0.00,0.00
2017.04.06 13:28:46.463,12.52071,12.52322,0.00,0.00
2017.04.06 13:28:46.564,12.52071,12.52331,0.00,0.00
2017.04.06 13:28:50.353,12.52078,12.52331,0.00,0.00
2017.04.06 13:28:51.241,12.52071,12.52331,0.00,0.00
2017.04.06 13:28:52.242,12.52079,12.52331,0.00,0.00
2017.04.06 13:28:52.593,12.52071,12.52321,0.00,0.00
2017.04.06 13:28:53.646,12.52071,12.52331,0.00,0.00
2017.04.06 13:28:54.135,12.52068,12.52331,0.00,0.00
2017.04.06 13:28:54.185,12.52061,12.52311,0.00,0.00
2017.04.06 13:28:54.576,12.52061,12.52301,0.00,0.00
2017.04.06 13:28:54.774,12.52061,12.52321,0.00,0.00
2017.04.06 13:28:55.173,12.52061,12.52331,0.00,0.00
2017.04.06 13:28:55.564,12.52061,12.52322,0.00,0.00
2017.04.06 13:28:56.352,12.52061,12.52301,0.00,0.00
2017.04.06 13:28:57.575,12.52061,12.52322,0.00,0.00
2017.04.06 13:28:58.486,12.52061,12.52331,0.00,0.00
2017.04.06 13:28:58.555,12.52061,12.52321,0.00,0.00
2017.04.06 13:28:58.660,12.52061,12.52331,0.00,0.00
2017.04.06 13:28:59.460,12.52061,12.52321,0.00,0.00
2017.04.06 13:28:59.757,12.52061,12.52331,0.00,0.00
2017.04.06 13:28:59.958,12.52061,12.52302,0.00,0.00
2017.04.06 13:29:00.185,12.52061,12.52331,0.00,0.00
2017.04.06 13:29:00.392,12.52061,12.52322,0.00,0.00
2017.04.06 13:29:01.023,12.52061,12.52302,0.00,0.00
2017.04.06 13:29:02.112,12.52061,12.52321,0.00,0.00
2017.04.06 13:29:02.163,12.52061,12.52301,0.00,0.00
2017.04.06 13:29:02.991,12.52061,12.52332,0.00,0.00
2017.04.06 13:29:03.265,12.52061,12.52322,0.00,0.00
2017.04.06 13:29:04.671,12.52061,12.52332,0.00,0.00
2017.04.06 13:29:04.818,12.52061,12.52322,0.00,0.00
2017.04.06 13:29:05.475,12.52061,12.52331,0.00,0.00
2017.04.06 13:29:05.525,12.52061,12.52301,0.00,0.00
2017.04.06 13:29:05.993,12.52061,12.52322,0.00,0.00
2017.04.06 13:29:06.114,12.52061,12.52332,0.00,0.00
2017.04.06 13:29:06.215,12.52068,12.52332,0.00,0.00
2017.04.06 13:29:06.320,12.52061,12.52332,0.00,0.00
2017.04.06 13:29:06.379,12.52061,12.52321,0.00,0.00
2017.04.06 13:29:06.580,12.52069,12.52332,0.00,0.00
2017.04.06 13:29:07.410,12.52061,12.52331,0.00,0.00
2017.04.06 13:29:07.511,12.52068,12.52332,0.00,0.00
2017.04.06 13:29:07.716,12.52061,12.52331,0.00,0.00
2017.04.06 13:29:07.818,12.52061,12.52321,0.00,0.00
2017.04.06 13:29:07.921,12.52061,12.52331,0.00,0.00
2017.04.06 13:29:07.983,12.52061,12.52322,0.00,0.00
2017.04.06 13:29:08.331,12.52068,12.52332,0.00,0.00
2017.04.06 13:29:08.384,12.52061,12.52311,0.00,0.00
2017.04.06 13:29:08.931,12.52061,12.52332,0.00,0.00
2017.04.06 13:29:09.929,12.52068,12.52332,0.00,0.00
2017.04.06 13:29:10.300,12.52061,12.52312,0.00,0.00
2017.04.06 13:29:10.434,12.52061,12.52332,0.00,0.00
2017.04.06 13:29:10.590,12.52068,12.52332,0.00,0.00
2017.04.06 13:29:10.960,12.52061,12.52332,0.00,0.00
2017.04.06 13:29:11.011,12.52061,12.52322,0.00,0.00
2017.04.06 13:29:11.393,12.52061,12.52331,0.00,0.00
2017.04.06 13:29:11.494,12.52068,12.52332,0.00,0.00
2017.04.06 13:29:12.119,12.52061,12.52332,0.00,0.00
2017.04.06 13:29:12.225,12.52068,12.52332,0.00,0.00
2017.04.06 13:29:12.430,12.52061,12.52332,0.00,0.00
2017.04.06 13:29:12.496,12.52061,12.52312,0.00,0.00
2017.04.06 13:29:12.609,12.52069,12.52332,0.00,0.00
2017.04.06 13:29:12.764,12.52061,12.52312,0.00,0.00
2017.04.06 13:29:12.815,12.52061,12.52332,0.00,0.00
2017.04.06 13:29:12.925,12.52078,12.52332,0.00,0.00
2017.04.06 13:29:12.997,12.52061,12.52322,0.00,0.00
2017.04.06 13:29:13.162,12.52061,12.52311,0.00,0.00
2017.04.06 13:29:13.301,12.52061,12.52332,0.00,0.00
2017.04.06 13:29:13.399,12.52061,12.52312,0.00,0.00
2017.04.06 13:29:13.804,12.52061,12.52332,0.00,0.00
2017.04.06 13:29:14.360,12.52079,12.52342,0.00,0.00
2017.04.06 13:29:14.674,12.52079,12.52332,0.00,0.00
2017.04.06 13:29:14.725,12.52071,12.52332,0.00,0.00
2017.04.06 13:29:14.921,12.52079,12.52332,0.00,0.00
2017.04.06 13:29:15.003,12.52071,12.52332,0.00,0.00
2017.04.06 13:29:15.150,12.52078,12.52332,0.00,0.00
2017.04.06 13:29:15.415,12.52071,12.52331,0.00,0.00
2017.04.06 13:29:16.246,12.52168,12.52362,0.00,0.00
2017.04.06 13:29:16.348,12.52168,12.52431,0.00,0.00
2017.04.06 13:29:16.735,12.52168,12.52421,0.00,0.00
2017.04.06 13:29:16.808,12.52168,12.52432,0.00,0.00
2017.04.06 13:29:17.254,12.52168,12.52421,0.00,0.00
2017.04.06 13:29:18.012,12.52168,12.52402,0.00,0.00
2017.04.06 13:29:18.949,12.52168,12.52422,0.00,0.00
2017.04.06 13:29:19.050,12.52168,12.52432,0.00,0.00
2017.04.06 13:29:20.140,12.52168,12.52422,0.00,0.00
2017.04.06 13:29:20.213,12.52168,12.52432,0.00,0.00
2017.04.06 13:29:20.414,12.52168,12.52422,0.00,0.00
2017.04.06 13:29:21.339,12.52168,12.52432,0.00,0.00
2017.04.06 13:29:21.516,12.52168,12.52422,0.00,0.00
2017.04.06 13:29:22.481,12.52168,12.52421,0.00,0.00
2017.04.06 13:29:23.559,12.52168,12.52432,0.00,0.00
2017.04.06 13:29:24.067,12.52168,12.52422,0.00,0.00
2017.04.06 13:29:24.122,12.52168,12.52432,0.00,0.00
2017.04.06 13:29:24.470,12.52168,12.52422,0.00,0.00
2017.04.06 13:29:24.522,12.52168,12.52432,0.00,0.00
2017.04.06 13:29:25.042,12.52168,12.52412,0.00,0.00
2017.04.06 13:29:25.124,12.52168,12.52422,0.00,0.00
2017.04.06 13:29:25.256,12.52168,12.52432,0.00,0.00
2017.04.06 13:29:25.361,12.52168,12.52422,0.00,0.00
2017.04.06 13:29:25.909,12.52168,12.52421,0.00,0.00
2017.04.06 13:29:27.164,12.52168,12.52432,0.00,0.00
2017.04.06 13:29:27.215,12.52218,12.52442,0.00,0.00
2017.04.06 13:29:27.384,12.52269,12.52531,0.00,0.00
2017.04.06 13:29:27.578,12.52269,12.52511,0.00,0.00
2017.04.06 13:29:27.630,12.52269,12.52531,0.00,0.00
2017.04.06 13:29:27.831,12.52269,12.52511,0.00,0.00
2017.04.06 13:29:28.147,12.52269,12.52521,0.00,0.00
2017.04.06 13:29:28.249,12.52262,12.52481,0.00,0.00
2017.04.06 13:29:28.299,12.52219,12.52479,0.00,0.00
2017.04.06 13:29:28.350,12.52219,12.52432,0.00,0.00
2017.04.06 13:29:28.401,12.52171,12.52432,0.00,0.00
2017.04.06 13:29:28.839,12.52171,12.52422,0.00,0.00
2017.04.06 13:29:29.262,12.52171,12.52432,0.00,0.00
2017.04.06 13:29:30.134,12.52171,12.52422,0.00,0.00
2017.04.06 13:29:30.530,12.52171,12.52412,0.00,0.00
2017.04.06 13:29:30.777,12.52171,12.52432,0.00,0.00
2017.04.06 13:29:31.872,12.52171,12.52422,0.00,0.00
2017.04.06 13:29:32.240,12.52171,12.52432,0.00,0.00
2017.04.06 13:29:34.680,12.52171,12.52412,0.00,0.00
2017.04.06 13:29:34.744,12.52171,12.52432,0.00,0.00
2017.04.06 13:29:35.266,12.52171,12.52422,0.00,0.00
2017.04.06 13:29:35.382,12.52171,12.52432,0.00,0.00
2017.04.06 13:29:35.645,12.52171,12.52421,0.00,0.00
2017.04.06 13:29:35.970,12.52171,12.52432,0.00,0.00
2017.04.06 13:29:37.095,12.52171,12.52431,0.00,0.00
2017.04.06 13:29:37.484,12.52171,12.52412,0.00,0.00
2017.04.06 13:29:37.599,12.52171,12.52432,0.00,0.00
2017.04.06 13:29:37.650,12.52171,12.52411,0.00,0.00
2017.04.06 13:29:37.751,12.52171,12.52422,0.00,0.00
2017.04.06 13:29:38.051,12.52171,12.52432,0.00,0.00
2017.04.06 13:29:39.254,12.52171,12.52422,0.00,0.00
2017.04.06 13:29:39.495,12.52171,12.52431,0.00,0.00
2017.04.06 13:29:39.895,12.52171,12.52422,0.00,0.00
2017.04.06 13:29:41.259,12.52171,12.52432,0.00,0.00
2017.04.06 13:29:42.171,12.52252,12.52442,0.00,0.00
2017.04.06 13:29:42.374,12.52268,12.52532,0.00,0.00
2017.04.06 13:29:42.461,12.52268,12.52501,0.00,0.00
2017.04.06 13:29:42.746,12.52219,12.52478,0.00,0.00
2017.04.06 13:29:42.848,12.52219,12.52432,0.00,0.00
2017.04.06 13:29:42.899,12.52208,12.52432,0.00,0.00
2017.04.06 13:29:43.000,12.52172,12.52432,0.00,0.00
2017.04.06 13:29:43.102,12.52208,12.52432,0.00,0.00
2017.04.06 13:29:43.282,12.52218,12.52478,0.00,0.00
2017.04.06 13:29:43.333,12.52221,12.52482,0.00,0.00
2017.04.06 13:29:43.433,12.52268,12.52502,0.00,0.00
2017.04.06 13:29:43.586,12.52268,12.52522,0.00,0.00
2017.04.06 13:29:43.763,12.52268,12.52511,0.00,0.00
2017.04.06 13:29:44.064,12.52268,12.52522,0.00,0.00
2017.04.06 13:29:44.270,12.52268,12.52511,0.00,0.00
2017.04.06 13:29:44.652,12.52229,12.52482,0.00,0.00
2017.04.06 13:29:44.702,12.52239,12.52482,0.00,0.00
2017.04.06 13:29:44.803,12.52221,12.52482,0.00,0.00
2017.04.06 13:29:45.075,12.52229,12.52482,0.00,0.00
2017.04.06 13:29:45.176,12.52221,12.52482,0.00,0.00
2017.04.06 13:29:45.784,12.52198,12.52431,0.00,0.00
2017.04.06 13:29:45.867,12.52172,12.52431,0.00,0.00
2017.04.06 13:29:45.918,12.52222,12.52451,0.00,0.00
2017.04.06 13:29:46.068,12.52222,12.52461,0.00,0.00
2017.04.06 13:29:46.168,12.52228,12.52481,0.00,0.00
2017.04.06 13:29:46.268,12.52222,12.52481,0.00,0.00
2017.04.06 13:29:46.370,12.52228,12.52481,0.00,0.00
2017.04.06 13:29:46.471,12.52219,12.52478,0.00,0.00
2017.04.06 13:29:46.522,12.52218,12.52432,0.00,0.00
2017.04.06 13:29:46.572,12.52198,12.52432,0.00,0.00
2017.04.06 13:29:46.687,12.52172,12.52431,0.00,0.00
2017.04.06 13:29:46.769,12.52172,12.52411,0.00,0.00
2017.04.06 13:29:46.886,12.52172,12.52432,0.00,0.00
2017.04.06 13:29:47.370,12.52199,12.52432,0.00,0.00
2017.04.06 13:29:47.589,12.52172,12.52432,0.00,0.00
2017.04.06 13:29:47.704,12.52172,12.52422,0.00,0.00
2017.04.06 13:29:47.995,12.52172,12.52432,0.00,0.00
2017.04.06 13:29:48.067,12.52198,12.52451,0.00,0.00
2017.04.06 13:29:48.601,12.52198,12.52432,0.00,0.00
2017.04.06 13:29:48.822,12.52198,12.52451,0.00,0.00
2017.04.06 13:29:49.522,12.52198,12.52442,0.00,0.00
2017.04.06 13:29:49.575,12.52198,12.52452,0.00,0.00
2017.04.06 13:29:49.678,12.52198,12.52462,0.00,0.00
2017.04.06 13:29:49.792,12.52198,12.52452,0.00,0.00
2017.04.06 13:29:50.183,12.52218,12.52462,0.00,0.00
2017.04.06 13:29:50.476,12.52198,12.52451,0.00,0.00
2017.04.06 13:29:50.576,12.52208,12.52462,0.00,0.00
2017.04.06 13:29:50.695,12.52198,12.52462,0.00,0.00
2017.04.06 13:29:50.796,12.52198,12.52422,0.00,0.00
2017.04.06 13:29:50.902,12.52198,12.52452,0.00,0.00
2017.04.06 13:29:51.111,12.52198,12.52422,0.00,0.00
2017.04.06 13:29:51.177,12.52198,12.52432,0.00,0.00
2017.04.06 13:29:51.316,12.52198,12.52422,0.00,0.00
2017.04.06 13:29:51.478,12.52198,12.52431,0.00,0.00
2017.04.06 13:29:51.792,12.52198,12.52452,0.00,0.00
2017.04.06 13:29:51.979,12.52198,12.52441,0.00,0.00
2017.04.06 13:29:52.290,12.52198,12.52422,0.00,0.00
2017.04.06 13:29:52.929,12.52198,12.52431,0.00,0.00
2017.04.06 13:29:52.981,12.52198,12.52412,0.00,0.00
2017.04.06 13:29:53.671,12.52148,12.52399,0.00,0.00
2017.04.06 13:29:53.779,12.52128,12.52362,0.00,0.00
2017.04.06 13:29:53.829,12.52098,12.52361,0.00,0.00
2017.04.06 13:29:53.882,12.52098,12.52322,0.00,0.00
2017.04.06 13:29:54.109,12.52098,12.52342,0.00,0.00
2017.04.06 13:29:54.183,12.52098,12.52351,0.00,0.00
2017.04.06 13:29:54.299,12.52098,12.52341,0.00,0.00
2017.04.06 13:29:54.884,12.52098,12.52362,0.00,0.00
2017.04.06 13:29:55.685,12.52098,12.52361,0.00,0.00
2017.04.06 13:29:55.786,12.52098,12.52341,0.00,0.00
2017.04.06 13:29:56.089,12.52098,12.52362,0.00,0.00
2017.04.06 13:29:56.800,12.52098,12.52342,0.00,0.00
2017.04.06 13:29:57.288,12.52098,12.52362,0.00,0.00
2017.04.06 13:29:57.339,12.52149,12.52371,0.00,0.00
2017.04.06 13:29:57.688,12.52148,12.52362,0.00,0.00
2017.04.06 13:29:57.738,12.52108,12.52362,0.00,0.00
2017.04.06 13:29:57.789,12.52098,12.52352,0.00,0.00
2017.04.06 13:29:57.990,12.52098,12.52362,0.00,0.00
2017.04.06 13:29:58.230,12.52098,12.52352,0.00,0.00
2017.04.06 13:29:58.547,12.52098,12.52341,0.00,0.00
2017.04.06 13:29:58.597,12.52098,12.52351,0.00,0.00
2017.04.06 13:29:58.728,12.52098,12.52362,0.00,0.00
2017.04.06 13:29:59.034,12.52098,12.52342,0.00,0.00
2017.04.06 13:29:59.135,12.52098,12.52362,0.00,0.00
2017.04.06 13:29:59.192,12.52098,12.52342,0.00,0.00
2017.04.06 13:29:59.398,12.52098,12.52362,0.00,0.00
2017.04.06 13:29:59.631,12.52098,12.52341,0.00,0.00
2017.04.06 13:29:59.696,12.52098,12.52362,0.00,0.00
2017.04.06 13:29:59.993,12.52098,12.52342,0.00,0.00
2017.04.06 13:30:00.305,12.52181,12.52381,0.00,0.00
2017.04.06 13:30:00.406,12.52181,12.52392,0.00,0.00
2017.04.06 13:30:00.457,12.52198,12.52392,0.00,0.00
2017.04.06 13:30:00.507,12.52198,12.52442,0.00,0.00
2017.04.06 13:30:00.558,12.52181,12.52411,0.00,0.00
2017.04.06 13:30:00.896,12.52198,12.52459,0.00,0.00
2017.04.06 13:30:01.112,12.52149,12.52411,0.00,0.00
2017.04.06 13:30:01.213,12.52139,12.52362,0.00,0.00
2017.04.06 13:30:01.314,12.52129,12.52362,0.00,0.00
2017.04.06 13:30:01.428,12.52098,12.52352,0.00,0.00
2017.04.06 13:30:01.840,12.52098,12.52361,0.00,0.00
2017.04.06 13:30:01.959,12.52098,12.52342,0.00,0.00
2017.04.06 13:30:02.010,12.52099,12.52362,0.00,0.00
2017.04.06 13:30:02.110,12.52098,12.52342,0.00,0.00
2017.04.06 13:30:02.433,12.52181,12.52412,0.00,0.00
2017.04.06 13:30:02.596,12.52198,12.52452,0.00,0.00
2017.04.06 13:30:02.697,12.52198,12.52458,0.00,0.00
2017.04.06 13:30:03.005,12.52178,12.52399,0.00,0.00
2017.04.06 13:30:03.244,12.52139,12.52362,0.00,0.00
2017.04.06 13:30:03.345,12.52098,12.52352,0.00,0.00
2017.04.06 13:30:03.445,12.52098,12.52342,0.00,0.00
2017.04.06 13:30:03.930,12.52098,12.52361,0.00,0.00
2017.04.06 13:30:04.040,12.52128,12.52362,0.00,0.00
2017.04.06 13:30:04.416,12.52099,12.52362,0.00,0.00
2017.04.06 13:30:04.500,12.52108,12.52362,0.00,0.00
2017.04.06 13:30:04.943,12.52138,12.52362,0.00,0.00
2017.04.06 13:30:05.333,12.52108,12.52362,0.00,0.00
2017.04.06 13:30:05.434,12.52098,12.52341,0.00,0.00
2017.04.06 13:30:05.607,12.52099,12.52362,0.00,0.00
2017.04.06 13:30:05.712,12.52138,12.52362,0.00,0.00
2017.04.06 13:30:05.813,12.52098,12.52362,0.00,0.00
2017.04.06 13:30:06.008,12.52181,12.52372,0.00,0.00
2017.04.06 13:30:06.109,12.52198,12.52431,0.00,0.00
2017.04.06 13:30:06.223,12.52198,12.52451,0.00,0.00
2017.04.06 13:30:06.343,12.52181,12.52412,0.00,0.00
2017.04.06 13:30:06.500,12.52198,12.52441,0.00,0.00
2017.04.06 13:30:06.550,12.52198,12.52421,0.00,0.00
2017.04.06 13:30:06.605,12.52198,12.52458,0.00,0.00
2017.04.06 13:30:07.205,12.52198,12.52442,0.00,0.00
2017.04.06 13:30:07.306,12.52198,12.52458,0.00,0.00
2017.04.06 13:30:07.642,12.52198,12.52432,0.00,0.00
2017.04.06 13:30:07.743,12.52198,12.52458,0.00,0.00
2017.04.06 13:30:08.132,12.52198,12.52462,0.00,0.00
2017.04.06 13:30:08.186,12.52281,12.52462,0.00,0.00
2017.04.06 13:30:08.237,12.52298,12.52531,0.00,0.00
2017.04.06 13:30:08.308,12.52298,12.52541,0.00,0.00
2017.04.06 13:30:08.422,12.52298,12.52551,0.00,0.00
2017.04.06 13:30:08.632,12.52298,12.52541,0.00,0.00
2017.04.06 13:30:08.921,12.52298,12.52558,0.00,0.00
2017.04.06 13:30:09.210,12.52298,12.52542,0.00,0.00
2017.04.06 13:30:09.589,12.52298,12.52558,0.00,0.00
2017.04.06 13:30:09.639,12.52319,12.52558,0.00,0.00
2017.04.06 13:30:09.911,12.52398,12.52652,0.00,0.00
2017.04.06 13:30:10.015,12.52418,12.52659,0.00,0.00
2017.04.06 13:30:10.117,12.52398,12.52659,0.00,0.00
2017.04.06 13:30:10.243,12.52398,12.52622,0.00,0.00
2017.04.06 13:30:10.459,12.52398,12.52651,0.00,0.00
2017.04.06 13:30:10.622,12.52419,12.52659,0.00,0.00
2017.04.06 13:30:10.923,12.52448,12.52622,0.00,0.00
2017.04.06 13:30:11.024,12.52471,12.52702,0.00,0.00
2017.04.06 13:30:11.126,12.52498,12.52721,0.00,0.00
2017.04.06 13:30:11.229,12.52501,12.52731,0.00,0.00
2017.04.06 13:30:11.615,12.52501,12.52712,0.00,0.00
2017.04.06 13:30:12.123,12.52501,12.52731,0.00,0.00
2017.04.06 13:30:12.238,12.52482,12.52731,0.00,0.00
2017.04.06 13:30:12.449,12.52482,12.52712,0.00,0.00
2017.04.06 13:30:12.664,12.52489,12.52731,0.00,0.00
2017.04.06 13:30:12.717,12.52482,12.52702,0.00,0.00
2017.04.06 13:30:13.173,12.52482,12.52731,0.00,0.00
2017.04.06 13:30:13.224,12.52482,12.52702,0.00,0.00
2017.04.06 13:30:13.405,12.52482,12.52731,0.00,0.00
2017.04.06 13:30:13.760,12.52482,12.52712,0.00,0.00
2017.04.06 13:30:13.920,12.52482,12.52731,0.00,0.00
2017.04.06 13:30:14.365,12.52498,12.52731,0.00,0.00
2017.04.06 13:30:14.420,12.52482,12.52731,0.00,0.00
2017.04.06 13:30:14.620,12.52482,12.52712,0.00,0.00
2017.04.06 13:30:14.939,12.52482,12.52702,0.00,0.00
2017.04.06 13:30:15.060,12.52482,12.52711,0.00,0.00
2017.04.06 13:30:15.121,12.52482,12.52702,0.00,0.00
2017.04.06 13:30:15.277,12.52482,12.52731,0.00,0.00
2017.04.06 13:30:16.023,12.52482,12.52701,0.00,0.00
2017.04.06 13:30:16.140,12.52488,12.52731,0.00,0.00
2017.04.06 13:30:16.223,12.52482,12.52731,0.00,0.00
2017.04.06 13:30:16.327,12.52482,12.52701,0.00,0.00
2017.04.06 13:30:16.523,12.52482,12.52731,0.00,0.00
2017.04.06 13:30:16.627,12.52482,12.52711,0.00,0.00
2017.04.06 13:30:16.736,12.52482,12.52731,0.00,0.00
2017.04.06 13:30:17.060,12.52482,12.52712,0.00,0.00
2017.04.06 13:30:17.375,12.52482,12.52701,0.00,0.00
2017.04.06 13:30:17.426,12.52482,12.52731,0.00,0.00
2017.04.06 13:30:17.924,12.52502,12.52731,0.00,0.00
2017.04.06 13:30:18.230,12.52502,12.52722,0.00,0.00
2017.04.06 13:30:18.618,12.52572,12.52781,0.00,0.00
2017.04.06 13:30:18.669,12.52572,12.52831,0.00,0.00
2017.04.06 13:30:19.168,12.52572,12.52812,0.00,0.00
2017.04.06 13:30:19.328,12.52572,12.52831,0.00,0.00
2017.04.06 13:30:19.428,12.52572,12.52812,0.00,0.00
2017.04.06 13:30:19.771,12.52572,12.52801,0.00,0.00
2017.04.06 13:30:20.093,12.52541,12.52731,0.00,0.00
2017.04.06 13:30:20.323,12.52482,12.52691,0.00,0.00
2017.04.06 13:30:20.374,12.52482,12.52731,0.00,0.00
2017.04.06 13:30:20.676,12.52482,12.52702,0.00,0.00
2017.04.06 13:30:20.984,12.52482,12.52692,0.00,0.00
2017.04.06 13:30:21.035,12.52482,12.52731,0.00,0.00
2017.04.06 13:30:21.162,12.52482,12.52722,0.00,0.00
2017.04.06 13:30:21.458,12.52489,12.52731,0.00,0.00
2017.04.06 13:30:21.848,12.52482,12.52731,0.00,0.00
2017.04.06 13:30:22.047,12.52498,12.52731,0.00,0.00
2017.04.06 13:30:22.378,12.52482,12.52702,0.00,0.00
2017.04.06 13:30:22.757,12.52482,12.52712,0.00,0.00
2017.04.06 13:30:23.411,12.52482,12.52731,0.00,0.00
2017.04.06 13:30:23.461,12.52482,12.52702,0.00,0.00
2017.04.06 13:30:23.847,12.52482,12.52712,0.00,0.00
2017.04.06 13:30:23.959,12.52482,12.52731,0.00,0.00
2017.04.06 13:30:24.010,12.52571,12.52732,0.00,0.00
2017.04.06 13:30:24.061,12.52571,12.52761,0.00,0.00
2017.04.06 13:30:24.162,12.52521,12.52782,0.00,0.00
2017.04.06 13:30:24.262,12.52502,12.52731,0.00,0.00
2017.04.06 13:30:24.564,12.52572,12.52751,0.00,0.00
2017.04.06 13:30:24.806,12.52572,12.52802,0.00,0.00
2017.04.06 13:30:24.968,12.52572,12.52812,0.00,0.00
2017.04.06 13:30:25.069,12.52572,12.52772,0.00,0.00
2017.04.06 13:30:25.170,12.52572,12.52792,0.00,0.00
2017.04.06 13:30:25.238,12.52572,12.52802,0.00,0.00
2017.04.06 13:30:25.479,12.52572,12.52792,0.00,0.00
2017.04.06 13:30:25.641,12.52572,12.52811,0.00,0.00
2017.04.06 13:30:25.839,12.52572,12.52802,0.00,0.00
2017.04.06 13:30:26.064,12.52572,12.52822,0.00,0.00
2017.04.06 13:30:26.166,12.52572,12.52782,0.00,0.00
2017.04.06 13:30:26.477,12.52572,12.52811,0.00,0.00
2017.04.06 13:30:26.582,12.52572,12.52792,0.00,0.00
2017.04.06 13:30:26.770,12.52542,12.52771,0.00,0.00
2017.04.06 13:30:26.871,12.52498,12.52781,0.00,0.00
2017.04.06 13:30:26.922,12.52498,12.52732,0.00,0.00
2017.04.06 13:30:26.972,12.52482,12.52731,0.00,0.00
2017.04.06 13:30:27.042,12.52482,12.52681,0.00,0.00
2017.04.06 13:30:27.143,12.52482,12.52692,0.00,0.00
2017.04.06 13:30:27.266,12.52482,12.52732,0.00,0.00
2017.04.06 13:30:27.568,12.52482,12.52692,0.00,0.00
2017.04.06 13:30:27.758,12.52482,12.52732,0.00,0.00
2017.04.06 13:30:28.063,12.52482,12.52702,0.00,0.00
2017.04.06 13:30:28.182,12.52482,12.52732,0.00,0.00
2017.04.06 13:30:28.288,12.52482,12.52692,0.00,0.00
2017.04.06 13:30:28.444,12.52482,12.52711,0.00,0.00
2017.04.06 13:30:28.544,12.52482,12.52681,0.00,0.00
2017.04.06 13:30:28.945,12.52482,12.52701,0.00,0.00
2017.04.06 13:30:29.739,12.52482,12.52692,0.00,0.00
2017.04.06 13:30:30.082,12.52471,12.52681,0.00,0.00
2017.04.06 13:30:30.185,12.52471,12.52722,0.00,0.00
2017.04.06 13:30:30.395,12.52471,12.52702,0.00,0.00
2017.04.06 13:30:30.447,12.52471,12.52721,0.00,0.00
2017.04.06 13:30:30.523,12.52572,12.52721,0.00,0.00
2017.04.06 13:30:30.681,12.52572,12.52802,0.00,0.00
2017.04.06 13:30:31.157,12.52572,12.52791,0.00,0.00
2017.04.06 13:30:31.349,12.52572,12.52812,0.00,0.00
2017.04.06 13:30:31.762,12.52572,12.52822,0.00,0.00
2017.04.06 13:30:31.879,12.52572,12.52812,0.00,0.00
2017.04.06 13:30:32.201,12.52572,12.52771,0.00,0.00
2017.04.06 13:30:32.252,12.52572,12.52791,0.00,0.00
2017.04.06 13:30:32.457,12.52572,12.52812,0.00,0.00
2017.04.06 13:30:32.591,12.52572,12.52781,0.00,0.00
2017.04.06 13:30:32.952,12.52572,12.52821,0.00,0.00
2017.04.06 13:30:33.081,12.52572,12.52801,0.00,0.00
2017.04.06 13:30:33.427,12.52561,12.52782,0.00,0.00
2017.04.06 13:30:33.528,12.52561,12.52822,0.00,0.00
2017.04.06 13:30:33.579,12.52561,12.52771,0.00,0.00
2017.04.06 13:30:33.691,12.52502,12.52782,0.00,0.00
2017.04.06 13:30:33.791,12.52502,12.52732,0.00,0.00
2017.04.06 13:30:34.100,12.52562,12.52732,0.00,0.00
2017.04.06 13:30:34.154,12.52562,12.52812,0.00,0.00
2017.04.06 13:30:34.294,12.52502,12.52771,0.00,0.00
2017.04.06 13:30:34.395,12.52481,12.52731,0.00,0.00
2017.04.06 13:30:34.755,12.52481,12.52721,0.00,0.00
2017.04.06 13:30:35.147,12.52481,12.52702,0.00,0.00
2017.04.06 13:30:35.598,12.52481,12.52712,0.00,0.00
2017.04.06 13:30:35.783,12.52481,12.52692,0.00,0.00
2017.04.06 13:30:36.097,12.52471,12.52682,0.00,0.00
2017.04.06 13:30:36.147,12.52401,12.52682,0.00,0.00
2017.04.06 13:30:36.198,12.52401,12.52672,0.00,0.00
2017.04.06 13:30:36.516,12.52401,12.52622,0.00,0.00
2017.04.06 13:30:36.854,12.52401,12.52592,0.00,0.00
2017.04.06 13:30:36.966,12.52401,12.52612,0.00,0.00
2017.04.06 13:30:37.067,12.52401,12.52632,0.00,0.00
2017.04.06 13:30:37.179,12.52382,12.52632,0.00,0.00
2017.04.06 13:30:37.290,12.52382,12.52591,0.00,0.00
2017.04.06 13:30:37.460,12.52382,12.52631,0.00,0.00
2017.04.06 13:30:37.761,12.52382,12.52612,0.00,0.00
2017.04.06 13:30:37.883,12.52382,12.52631,0.00,0.00
2017.04.06 13:30:38.072,12.52382,12.52612,0.00,0.00
2017.04.06 13:30:38.442,12.52382,12.52592,0.00,0.00
2017.04.06 13:30:38.492,12.52382,12.52612,0.00,0.00
2017.04.06 13:30:38.594,12.52382,12.52621,0.00,0.00
2017.04.06 13:30:38.696,12.52382,12.52592,0.00,0.00
2017.04.06 13:30:38.898,12.52382,12.52622,0.00,0.00
2017.04.06 13:30:39.081,12.52338,12.52582,0.00,0.00
2017.04.06 13:30:39.182,12.52329,12.52531,0.00,0.00
2017.04.06 13:30:39.305,12.52282,12.52531,0.00,0.00
2017.04.06 13:30:39.407,12.52288,12.52531,0.00,0.00
2017.04.06 13:30:39.733,12.52372,12.52622,0.00,0.00
2017.04.06 13:30:39.866,12.52372,12.52602,0.00,0.00
2017.04.06 13:30:40.049,12.52318,12.52582,0.00,0.00
2017.04.06 13:30:40.150,12.52309,12.52531,0.00,0.00
2017.04.06 13:30:40.200,12.52299,12.52531,0.00,0.00
2017.04.06 13:30:40.267,12.52282,12.52512,0.00,0.00
2017.04.06 13:30:40.417,12.52282,12.52531,0.00,0.00
2017.04.06 13:30:40.467,12.52281,12.52512,0.00,0.00
2017.04.06 13:30:40.899,12.52382,12.52512,0.00,0.00
2017.04.06 13:30:41.050,12.52382,12.52522,0.00,0.00
2017.04.06 13:30:41.101,12.52418,12.52661,0.00,0.00
2017.04.06 13:30:41.168,12.52382,12.52631,0.00,0.00
2017.04.06 13:30:41.302,12.52382,12.52601,0.00,0.00
2017.04.06 13:30:41.369,12.52382,12.52641,0.00,0.00
2017.04.06 13:30:41.589,12.52382,12.52661,0.00,0.00
2017.04.06 13:30:41.669,12.52382,12.52602,0.00,0.00
2017.04.06 13:30:42.031,12.52382,12.52582,0.00,0.00
2017.04.06 13:30:42.132,12.52311,12.52582,0.00,0.00
2017.04.06 13:30:42.182,12.52311,12.52532,0.00,0.00
2017.04.06 13:30:42.562,12.52311,12.52522,0.00,0.00
2017.04.06 13:30:42.613,12.52281,12.52502,0.00,0.00
2017.04.06 13:30:42.668,12.52261,12.52431,0.00,0.00
2017.04.06 13:30:42.719,12.52248,12.52431,0.00,0.00
2017.04.06 13:30:42.774,12.52228,12.52431,0.00,0.00
2017.04.06 13:30:42.886,12.52222,12.52422,0.00,0.00
2017.04.06 13:30:43.080,12.52222,12.52431,0.00,0.00
2017.04.06 13:30:43.319,12.52222,12.52401,0.00,0.00
2017.04.06 13:30:43.420,12.52222,12.52431,0.00,0.00
2017.04.06 13:30:43.576,12.52198,12.52431,0.00,0.00
2017.04.06 13:30:43.895,12.52172,12.52431,0.00,0.00
2017.04.06 13:30:44.093,12.52198,12.52431,0.00,0.00
2017.04.06 13:30:44.196,12.52189,12.52431,0.00,0.00
2017.04.06 13:30:44.401,12.52172,12.52431,0.00,0.00
2017.04.06 13:30:44.783,12.52188,12.52431,0.00,0.00
2017.04.06 13:30:45.120,12.52198,12.52431,0.00,0.00
2017.04.06 13:30:45.578,12.52172,12.52431,0.00,0.00
2017.04.06 13:30:46.086,12.52198,12.52431,0.00,0.00
2017.04.06 13:30:46.187,12.52188,12.52431,0.00,0.00
2017.04.06 13:30:46.294,12.52208,12.52431,0.00,0.00
2017.04.06 13:30:46.610,12.52188,12.52431,0.00,0.00
2017.04.06 13:30:46.679,12.52208,12.52431,0.00,0.00
2017.04.06 13:30:47.007,12.52289,12.52531,0.00,0.00
2017.04.06 13:30:47.109,12.52289,12.52482,0.00,0.00
2017.04.06 13:30:47.210,12.52258,12.52482,0.00,0.00
2017.04.06 13:30:47.261,12.52258,12.52432,0.00,0.00
2017.04.06 13:30:47.311,12.52201,12.52432,0.00,0.00
2017.04.06 13:30:47.727,12.52209,12.52432,0.00,0.00
2017.04.06 13:30:47.828,12.52181,12.52432,0.00,0.00
2017.04.06 13:30:47.932,12.52208,12.52432,0.00,0.00
2017.04.06 13:30:47.982,12.52181,12.52432,0.00,0.00
2017.04.06 13:30:48.580,12.52208,12.52432,0.00,0.00
2017.04.06 13:30:48.883,12.52181,12.52432,0.00,0.00
2017.04.06 13:30:48.996,12.52271,12.52482,0.00,0.00
2017.04.06 13:30:49.203,12.52308,12.52532,0.00,0.00
2017.04.06 13:30:49.410,12.52271,12.52532,0.00,0.00
2017.04.06 13:30:49.709,12.52288,12.52532,0.00,0.00
2017.04.06 13:30:50.052,12.52271,12.52532,0.00,0.00
2017.04.06 13:30:50.286,12.52298,12.52532,0.00,0.00
2017.04.06 13:30:50.393,12.52271,12.52532,0.00,0.00
2017.04.06 13:30:50.615,12.52298,12.52532,0.00,0.00
2017.04.06 13:30:50.687,12.52271,12.52532,0.00,0.00
2017.04.06 13:30:50.738,12.52259,12.52482,0.00,0.00
2017.04.06 13:30:51.014,12.52198,12.52432,0.00,0.00
2017.04.06 13:30:51.117,12.52209,12.52432,0.00,0.00
2017.04.06 13:30:51.289,12.52182,12.52432,0.00,0.00
2017.04.06 13:30:51.808,12.52198,12.52432,0.00,0.00
2017.04.06 13:30:51.890,12.52182,12.52432,0.00,0.00
2017.04.06 13:30:52.215,12.52188,12.52432,0.00,0.00
2017.04.06 13:30:52.291,12.52182,12.52432,0.00,0.00
2017.04.06 13:30:52.407,12.52209,12.52432,0.00,0.00
2017.04.06 13:30:52.695,12.52201,12.52432,0.00,0.00
2017.04.06 13:30:52.962,12.52219,12.52432,0.00,0.00
2017.04.06 13:30:53.012,12.52201,12.52432,0.00,0.00
2017.04.06 13:30:53.556,12.52182,12.52432,0.00,0.00
2017.04.06 13:30:53.900,12.52188,12.52432,0.00,0.00
2017.04.06 13:30:54.122,12.52182,12.52432,0.00,0.00
2017.04.06 13:30:54.232,12.52188,12.52432,0.00,0.00
2017.04.06 13:30:54.295,12.52182,12.52432,0.00,0.00
2017.04.06 13:30:54.797,12.52182,12.52431,0.00,0.00
2017.04.06 13:30:55.408,12.52182,12.52432,0.00,0.00
2017.04.06 13:30:55.799,12.52189,12.52432,0.00,0.00
2017.04.06 13:30:56.199,12.52182,12.52432,0.00,0.00
2017.04.06 13:30:56.299,12.52188,12.52432,0.00,0.00
2017.04.06 13:30:56.399,12.52182,12.52432,0.00,0.00
2017.04.06 13:30:56.500,12.52172,12.52432,0.00,0.00
2017.04.06 13:30:56.606,12.52188,12.52432,0.00,0.00
2017.04.06 13:30:56.714,12.52172,12.52432,0.00,0.00
2017.04.06 13:30:56.947,12.52188,12.52432,0.00,0.00
2017.04.06 13:30:57.001,12.52172,12.52432,0.00,0.00
2017.04.06 13:30:57.201,12.52189,12.52432,0.00,0.00
2017.04.06 13:30:57.323,12.52172,12.52432,0.00,0.00
2017.04.06 13:30:57.523,12.52189,12.52432,0.00,0.00
2017.04.06 13:30:57.650,12.52172,12.52432,0.00,0.00
2017.04.06 13:30:57.880,12.52188,12.52432,0.00,0.00
2017.04.06 13:30:58.202,12.52172,12.52432,0.00,0.00
2017.04.06 13:30:59.441,12.52188,12.52432,0.00,0.00
2017.04.06 13:30:59.504,12.52178,12.52432,0.00,0.00
2017.04.06 13:30:59.912,12.52172,12.52432,0.00,0.00
2017.04.06 13:31:00.118,12.52169,12.52419,0.00,0.00
2017.04.06 13:31:00.326,12.52158,12.52419,0.00,0.00
2017.04.06 13:31:00.406,12.52148,12.52419,0.00,0.00
2017.04.06 13:31:00.507,12.52159,12.52419,0.00,0.00
2017.04.06 13:31:00.707,12.52202,12.52472,0.00,0.00
2017.04.06 13:31:00.757,12.52228,12.52472,0.00,0.00
2017.04.06 13:31:00.909,12.52269,12.52532,0.00,0.00
2017.04.06 13:31:01.010,12.52231,12.52511,0.00,0.00
2017.04.06 13:31:01.158,12.52238,12.52522,0.00,0.00
2017.04.06 13:31:01.209,12.52269,12.52532,0.00,0.00
2017.04.06 13:31:01.532,12.52159,12.52432,0.00,0.00
2017.04.06 13:31:01.859,12.52188,12.52432,0.00,0.00
2017.04.06 13:31:01.910,12.52169,12.52432,0.00,0.00
2017.04.06 13:31:02.010,12.52159,12.52432,0.00,0.00
2017.04.06 13:31:02.110,12.52169,12.52432,0.00,0.00
2017.04.06 13:31:02.449,12.52148,12.52432,0.00,0.00
2017.04.06 13:31:03.015,12.52168,12.52432,0.00,0.00
2017.04.06 13:31:03.112,12.52149,12.52431,0.00,0.00
2017.04.06 13:31:03.212,12.52168,12.52432,0.00,0.00
2017.04.06 13:31:03.538,12.52258,12.52528,0.00,0.00
2017.04.06 13:31:03.644,12.52269,12.52528,0.00,0.00
2017.04.06 13:31:04.060,12.52238,12.52522,0.00,0.00
2017.04.06 13:31:04.117,12.52269,12.52528,0.00,0.00
2017.04.06 13:31:04.218,12.52238,12.52522,0.00,0.00
2017.04.06 13:31:04.327,12.52278,12.52528,0.00,0.00
2017.04.06 13:31:04.548,12.52148,12.52432,0.00,0.00
2017.04.06 13:31:04.599,12.52229,12.52432,0.00,0.00
2017.04.06 13:31:04.649,12.52229,12.52441,0.00,0.00
2017.04.06 13:31:04.751,12.52258,12.52529,0.00,0.00
2017.04.06 13:31:04.942,12.52258,12.52431,0.00,0.00
2017.04.06 13:31:05.043,12.52218,12.52431,0.00,0.00
2017.04.06 13:31:05.161,12.52158,12.52431,0.00,0.00
2017.04.06 13:31:05.346,12.52218,12.52431,0.00,0.00
2017.04.06 13:31:05.594,12.52151,12.52421,0.00,0.00
2017.04.06 13:31:05.853,12.52178,12.52431,0.00,0.00
2017.04.06 13:31:06.021,12.52151,12.52421,0.00,0.00
2017.04.06 13:31:06.133,12.52151,12.52411,0.00,0.00
2017.04.06 13:31:06.327,12.52151,12.52431,0.00,0.00
2017.04.06 13:31:06.753,12.52159,12.52431,0.00,0.00
2017.04.06 13:31:07.066,12.52248,12.52531,0.00,0.00
2017.04.06 13:31:07.247,12.52241,12.52502,0.00,0.00
2017.04.06 13:31:07.351,12.52248,12.52531,0.00,0.00
2017.04.06 13:31:07.469,12.52258,12.52531,0.00,0.00
2017.04.06 13:31:07.848,12.52258,12.52512,0.00,0.00
2017.04.06 13:31:08.134,12.52258,12.52532,0.00,0.00
2017.04.06 13:31:08.628,12.52258,12.52512,0.00,0.00
2017.04.06 13:31:08.732,12.52258,12.52532,0.00,0.00
2017.04.06 13:31:09.030,12.52278,12.52532,0.00,0.00
2017.04.06 13:31:09.446,12.52258,12.52532,0.00,0.00
2017.04.06 13:31:10.077,12.52259,12.52532,0.00,0.00
2017.04.06 13:31:10.357,12.52268,12.52532,0.00,0.00
2017.04.06 13:31:10.698,12.52309,12.52549,0.00,0.00
2017.04.06 13:31:10.749,12.52328,12.52581,0.00,0.00
2017.04.06 13:31:10.799,12.52332,12.52581,0.00,0.00
2017.04.06 13:31:10.850,12.52359,12.52631,0.00,0.00
2017.04.06 13:31:11.658,12.52359,12.52622,0.00,0.00
2017.04.06 13:31:12.056,12.52269,12.52531,0.00,0.00
2017.04.06 13:31:12.363,12.52259,12.52521,0.00,0.00
2017.04.06 13:31:12.698,12.52298,12.52531,0.00,0.00
2017.04.06 13:31:12.748,12.52278,12.52531,0.00,0.00
2017.04.06 13:31:13.201,12.52259,12.52531,0.00,0.00
2017.04.06 13:31:13.491,12.52359,12.52531,0.00,0.00
2017.04.06 13:31:13.541,12.52359,12.52631,0.00,0.00
2017.04.06 13:31:13.861,12.52359,12.52622,0.00,0.00
2017.04.06 13:31:14.190,12.52359,12.52602,0.00,0.00
2017.04.06 13:31:14.243,12.52359,12.52621,0.00,0.00
2017.04.06 13:31:14.468,12.52331,12.52558,0.00,0.00
2017.04.06 13:31:14.519,12.52319,12.52558,0.00,0.00
2017.04.06 13:31:14.621,12.52278,12.52532,0.00,0.00
2017.04.06 13:31:14.818,12.52258,12.52532,0.00,0.00
2017.04.06 13:31:14.944,12.52298,12.52532,0.00,0.00
2017.04.06 13:31:15.073,12.52258,12.52532,0.00,0.00
2017.04.06 13:31:15.186,12.52258,12.52521,0.00,0.00
2017.04.06 13:31:15.445,12.52258,12.52532,0.00,0.00
2017.04.06 13:31:16.085,12.52258,12.52512,0.00,0.00
2017.04.06 13:31:16.190,12.52258,12.52531,0.00,0.00
2017.04.06 13:31:16.454,12.52269,12.52532,0.00,0.00
2017.04.06 13:31:16.851,12.52258,12.52532,0.00,0.00
2017.04.06 13:31:17.549,12.52258,12.52521,0.00,0.00
2017.04.06 13:31:17.775,12.52259,12.52532,0.00,0.00
2017.04.06 13:31:17.901,12.52258,12.52511,0.00,0.00
2017.04.06 13:31:18.276,12.52258,12.52532,0.00,0.00
2017.04.06 13:31:18.872,12.52269,12.52532,0.00,0.00
2017.04.06 13:31:18.973,12.52258,12.52532,0.00,0.00
2017.04.06 13:31:19.492,12.52268,12.52532,0.00,0.00
2017.04.06 13:31:19.778,12.52359,12.52631,0.00,0.00
2017.04.06 13:31:19.853,12.52359,12.52621,0.00,0.00
2017.04.06 13:31:20.004,12.52309,12.52582,0.00,0.00
2017.04.06 13:31:20.055,12.52331,12.52581,0.00,0.00
2017.04.06 13:31:20.157,12.52358,12.52632,0.00,0.00
2017.04.06 13:31:20.585,12.52358,12.52612,0.00,0.00
2017.04.06 13:31:20.655,12.52358,12.52631,0.00,0.00
2017.04.06 13:31:20.756,12.52358,12.52601,0.00,0.00
2017.04.06 13:31:20.877,12.52358,12.52632,0.00,0.00
2017.04.06 13:31:21.203,12.52358,12.52612,0.00,0.00
2017.04.06 13:31:21.511,12.52358,12.52621,0.00,0.00
2017.04.06 13:31:21.561,12.52432,12.52621,0.00,0.00
2017.04.06 13:31:21.612,12.52432,12.52642,0.00,0.00
2017.04.06 13:31:21.663,12.52459,12.52642,0.00,0.00
2017.04.06 13:31:21.713,12.52459,12.52659,0.00,0.00
2017.04.06 13:31:21.818,12.52429,12.52632,0.00,0.00
2017.04.06 13:31:21.869,12.52402,12.52612,0.00,0.00
2017.04.06 13:31:22.100,12.52402,12.52632,0.00,0.00
2017.04.06 13:31:22.151,12.52432,12.52632,0.00,0.00
2017.04.06 13:31:22.365,12.52448,12.52649,0.00,0.00
2017.04.06 13:31:22.416,12.52438,12.52649,0.00,0.00
2017.04.06 13:31:22.466,12.52438,12.52632,0.00,0.00
2017.04.06 13:31:22.517,12.52402,12.52612,0.00,0.00
2017.04.06 13:31:22.644,12.52358,12.52612,0.00,0.00
2017.04.06 13:31:22.695,12.52359,12.52632,0.00,0.00
2017.04.06 13:31:22.872,12.52358,12.52622,0.00,0.00
2017.04.06 13:31:22.982,12.52358,12.52632,0.00,0.00
2017.04.06 13:31:23.184,12.52358,12.52621,0.00,0.00
2017.04.06 13:31:23.497,12.52358,12.52602,0.00,0.00
2017.04.06 13:31:23.612,12.52358,12.52611,0.00,0.00
2017.04.06 13:31:23.712,12.52358,12.52601,0.00,0.00
2017.04.06 13:31:23.775,12.52358,12.52612,0.00,0.00
2017.04.06 13:31:23.910,12.52358,12.52632,0.00,0.00
2017.04.06 13:31:24.083,12.52358,12.52611,0.00,0.00
2017.04.06 13:31:24.368,12.52358,12.52631,0.00,0.00
2017.04.06 13:31:24.823,12.52358,12.52621,0.00,0.00
2017.04.06 13:31:24.877,12.52358,12.52632,0.00,0.00
2017.04.06 13:31:25.525,12.52358,12.52601,0.00,0.00
2017.04.06 13:31:25.626,12.52358,12.52631,0.00,0.00
2017.04.06 13:31:25.980,12.52358,12.52622,0.00,0.00
2017.04.06 13:31:26.292,12.52338,12.52582,0.00,0.00
2017.04.06 13:31:26.494,12.52359,12.52631,0.00,0.00
2017.04.06 13:31:26.688,12.52359,12.52601,0.00,0.00
2017.04.06 13:31:26.782,12.52359,12.52622,0.00,0.00
2017.04.06 13:31:26.887,12.52359,12.52631,0.00,0.00
2017.04.06 13:31:27.416,12.52359,12.52621,0.00,0.00
2017.04.06 13:31:27.484,12.52359,12.52631,0.00,0.00
2017.04.06 13:31:27.584,12.52379,12.52631,0.00,0.00
2017.04.06 13:31:27.696,12.52359,12.52631,0.00,0.00
2017.04.06 13:31:27.818,12.52359,12.52601,0.00,0.00
2017.04.06 13:31:28.087,12.52359,12.52631,0.00,0.00
2017.04.06 13:31:28.206,12.52359,12.52612,0.00,0.00
2017.04.06 13:31:28.320,12.52368,12.52631,0.00,0.00
2017.04.06 13:31:28.834,12.52359,12.52631,0.00,0.00
2017.04.06 13:31:28.889,12.52359,12.52622,0.00,0.00
2017.04.06 13:31:28.992,12.52359,12.52631,0.00,0.00
2017.04.06 13:31:29.115,12.52359,12.52611,0.00,0.00
2017.04.06 13:31:29.190,12.52359,12.52631,0.00,0.00
2017.04.06 13:31:29.290,12.52359,12.52611,0.00,0.00
2017.04.06 13:31:29.820,12.52359,12.52631,0.00,0.00
2017.04.06 13:31:29.891,12.52399,12.52631,0.00,0.00
2017.04.06 13:31:30.136,12.52378,12.52631,0.00,0.00
2017.04.06 13:31:30.411,12.52359,12.52621,0.00,0.00
2017.04.06 13:31:30.592,12.52368,12.52631,0.00,0.00
2017.04.06 13:31:31.027,12.52359,12.52631,0.00,0.00
2017.04.06 13:31:31.205,12.52359,12.52622,0.00,0.00
2017.04.06 13:31:31.558,12.52369,12.52631,0.00,0.00
2017.04.06 13:31:31.905,12.52359,12.52621,0.00,0.00
2017.04.06 13:31:32.008,12.52359,12.52631,0.00,0.00
2017.04.06 13:31:32.114,12.52359,12.52622,0.00,0.00
2017.04.06 13:31:32.724,12.52359,12.52631,0.00,0.00
2017.04.06 13:31:33.007,12.52369,12.52631,0.00,0.00
2017.04.06 13:31:33.351,12.52359,12.52532,0.00,0.00
2017.04.06 13:31:33.402,12.52268,12.52532,0.00,0.00
2017.04.06 13:31:33.621,12.52258,12.52521,0.00,0.00
2017.04.06 13:31:33.942,12.52268,12.52432,0.00,0.00
2017.04.06 13:31:34.046,12.52241,12.52432,0.00,0.00
2017.04.06 13:31:34.146,12.52188,12.52432,0.00,0.00
2017.04.06 13:31:34.205,12.52179,12.52432,0.00,0.00
2017.04.06 13:31:34.311,12.52158,12.52432,0.00,0.00
2017.04.06 13:31:34.539,12.52158,12.52421,0.00,0.00
2017.04.06 13:31:34.861,12.52178,12.52432,0.00,0.00
2017.04.06 13:31:35.048,12.52158,12.52431,0.00,0.00
2017.04.06 13:31:35.209,12.52179,12.52432,0.00,0.00
2017.04.06 13:31:35.339,12.52158,12.52421,0.00,0.00
2017.04.06 13:31:36.392,12.52159,12.52432,0.00,0.00
2017.04.06 13:31:36.443,12.52158,12.52422,0.00,0.00
2017.04.06 13:31:36.759,12.52201,12.52432,0.00,0.00
2017.04.06 13:31:37.632,12.52219,12.52432,0.00,0.00
2017.04.06 13:31:37.733,12.52199,12.52432,0.00,0.00
2017.04.06 13:31:37.900,12.52158,12.52432,0.00,0.00
2017.04.06 13:31:38.020,12.52189,12.52432,0.00,0.00
2017.04.06 13:31:38.135,12.52208,12.52459,0.00,0.00
2017.04.06 13:31:38.186,12.52231,12.52471,0.00,0.00
2017.04.06 13:31:38.236,12.52231,12.52482,0.00,0.00
2017.04.06 13:31:38.287,12.52259,12.52511,0.00,0.00
2017.04.06 13:31:38.337,12.52298,12.52531,0.00,0.00
2017.04.06 13:31:38.556,12.52268,12.52531,0.00,0.00
2017.04.06 13:31:38.617,12.52259,12.52522,0.00,0.00
2017.04.06 13:31:38.968,12.52259,12.52512,0.00,0.00
2017.04.06 13:31:39.018,12.52259,12.52531,0.00,0.00
2017.04.06 13:31:39.346,12.52259,12.52512,0.00,0.00
2017.04.06 13:31:39.520,12.52268,12.52531,0.00,0.00
2017.04.06 13:31:40.011,12.52268,12.52458,0.00,0.00
2017.04.06 13:31:40.061,12.52249,12.52458,0.00,0.00
2017.04.06 13:31:40.112,12.52249,12.52431,0.00,0.00
2017.04.06 13:31:40.162,12.52181,12.52431,0.00,0.00
2017.04.06 13:31:40.365,12.52218,12.52431,0.00,0.00
2017.04.06 13:31:40.415,12.52241,12.52482,0.00,0.00
2017.04.06 13:31:40.516,12.52258,12.52501,0.00,0.00
2017.04.06 13:31:40.567,12.52258,12.52532,0.00,0.00
2017.04.06 13:31:40.849,12.52258,12.52511,0.00,0.00
2017.04.06 13:31:40.950,12.52269,12.52532,0.00,0.00
2017.04.06 13:31:41.051,12.52258,12.52512,0.00,0.00
2017.04.06 13:31:41.257,12.52258,12.52531,0.00,0.00
2017.04.06 13:31:41.446,12.52258,12.52511,0.00,0.00
2017.04.06 13:31:41.824,12.52231,12.52482,0.00,0.00
2017.04.06 13:31:42.166,12.52231,12.52431,0.00,0.00
2017.04.06 13:31:42.277,12.52159,12.52431,0.00,0.00
2017.04.06 13:31:42.327,12.52178,12.52431,0.00,0.00
2017.04.06 13:31:42.427,12.52159,12.52431,0.00,0.00
2017.04.06 13:31:42.544,12.52169,12.52431,0.00,0.00
2017.04.06 13:31:42.955,12.52179,12.52431,0.00,0.00
2017.04.06 13:31:44.530,12.52159,12.52431,0.00,0.00
2017.04.06 13:31:45.642,12.52209,12.52431,0.00,0.00
2017.04.06 13:31:45.745,12.52159,12.52422,0.00,0.00
2017.04.06 13:31:46.179,12.52159,12.52431,0.00,0.00
2017.04.06 13:31:46.234,12.52169,12.52431,0.00,0.00
2017.04.06 13:31:46.559,12.52159,12.52431,0.00,0.00
2017.04.06 13:31:46.660,12.52169,12.52431,0.00,0.00
2017.04.06 13:31:47.002,12.52159,12.52412,0.00,0.00
2017.04.06 13:31:47.052,12.52168,12.52431,0.00,0.00
2017.04.06 13:31:47.157,12.52178,12.52431,0.00,0.00
2017.04.06 13:31:47.488,12.52188,12.52431,0.00,0.00
2017.04.06 13:31:47.539,12.52159,12.52421,0.00,0.00
2017.04.06 13:31:47.942,12.52179,12.52431,0.00,0.00
2017.04.06 13:31:48.341,12.52169,12.52431,0.00,0.00
2017.04.06 13:31:48.542,12.52189,12.52431,0.00,0.00
2017.04.06 13:31:48.707,12.52159,12.52421,0.00,0.00
2017.04.06 13:31:48.758,12.52168,12.52431,0.00,0.00
2017.04.06 13:31:48.843,12.52159,12.52431,0.00,0.00
2017.04.06 13:31:49.866,12.52159,12.52421,0.00,0.00
2017.04.06 13:31:49.967,12.52168,12.52431,0.00,0.00
2017.04.06 13:31:50.287,12.52159,12.52422,0.00,0.00
2017.04.06 13:31:50.596,12.52169,12.52431,0.00,0.00
2017.04.06 13:31:50.987,12.52159,12.52431,0.00,0.00
2017.04.06 13:31:51.096,12.52159,12.52422,0.00,0.00
2017.04.06 13:31:51.386,12.52159,12.52431,0.00,0.00
2017.04.06 13:31:51.447,12.52159,12.52422,0.00,0.00
2017.04.06 13:31:51.994,12.52168,12.52431,0.00,0.00
2017.04.06 13:31:52.752,12.52159,12.52422,0.00,0.00
2017.04.06 13:31:53.254,12.52159,12.52421,0.00,0.00
2017.04.06 13:31:53.461,12.52168,12.52431,0.00,0.00
2017.04.06 13:31:53.797,12.52159,12.52431,0.00,0.00
2017.04.06 13:31:53.851,12.52168,12.52431,0.00,0.00
2017.04.06 13:31:54.180,12.52179,12.52431,0.00,0.00
2017.04.06 13:31:54.284,12.52159,12.52422,0.00,0.00
2017.04.06 13:31:54.352,12.52159,12.52431,0.00,0.00
2017.04.06 13:31:54.667,12.52159,12.52422,0.00,0.00
2017.04.06 13:31:54.770,12.52159,12.52431,0.00,0.00
2017.04.06 13:31:54.953,12.52179,12.52431,0.00,0.00
2017.04.06 13:31:55.074,12.52168,12.52431,0.00,0.00
2017.04.06 13:31:55.154,12.52159,12.52422,0.00,0.00
2017.04.06 13:31:55.484,12.52168,12.52431,0.00,0.00
2017.04.06 13:31:55.828,12.52178,12.52431,0.00,0.00
2017.04.06 13:31:56.253,12.52208,12.52431,0.00,0.00
2017.04.06 13:31:56.661,12.52188,12.52431,0.00,0.00
2017.04.06 13:31:56.854,12.52202,12.52431,0.00,0.00
2017.04.06 13:31:56.904,12.52212,12.52472,0.00,0.00
2017.04.06 13:31:57.005,12.52258,12.52432,0.00,0.00
2017.04.06 13:31:57.057,12.52258,12.52528,0.00,0.00
2017.04.06 13:31:57.170,12.52258,12.52501,0.00,0.00
2017.04.06 13:31:57.498,12.52258,12.52528,0.00,0.00
2017.04.06 13:31:57.557,12.52258,12.52501,0.00,0.00
2017.04.06 13:31:57.661,12.52219,12.52482,0.00,0.00
2017.04.06 13:31:57.711,12.52219,12.52448,0.00,0.00
2017.04.06 13:31:57.761,12.52208,12.52448,0.00,0.00
2017.04.06 13:31:57.812,12.52202,12.52432,0.00,0.00
2017.04.06 13:31:57.913,12.52158,12.52432,0.00,0.00
2017.04.06 13:31:57.963,12.52178,12.52432,0.00,0.00
2017.04.06 13:31:58.259,12.52158,12.52432,0.00,0.00
2017.04.06 13:31:58.360,12.52158,12.52421,0.00,0.00
2017.04.06 13:31:58.495,12.52158,12.52431,0.00,0.00
2017.04.06 13:31:58.971,12.52169,12.52432,0.00,0.00
2017.04.06 13:31:59.102,12.52158,12.52422,0.00,0.00
2017.04.06 13:31:59.464,12.52158,12.52411,0.00,0.00
2017.04.06 13:31:59.672,12.52211,12.52479,0.00,0.00
2017.04.06 13:31:59.723,12.52258,12.52479,0.00,0.00
2017.04.06 13:32:00.089,12.52258,12.52529,0.00,0.00
2017.04.06 13:32:00.194,12.52258,12.52511,0.00,0.00
2017.04.06 13:32:00.364,12.52259,12.52529,0.00,0.00
2017.04.06 13:32:00.468,12.52258,12.52512,0.00,0.00
2017.04.06 13:32:00.673,12.52258,12.52521,0.00,0.00
2017.04.06 13:32:00.787,12.52268,12.52529,0.00,0.00
2017.04.06 13:32:00.985,12.52258,12.52529,0.00,0.00
2017.04.06 13:32:01.087,12.52289,12.52529,0.00,0.00
2017.04.06 13:32:01.192,12.52268,12.52529,0.00,0.00
2017.04.06 13:32:01.445,12.52309,12.52529,0.00,0.00
2017.04.06 13:32:01.496,12.52309,12.52571,0.00,0.00
2017.04.06 13:32:01.598,12.52359,12.52538,0.00,0.00
2017.04.06 13:32:01.699,12.52328,12.52531,0.00,0.00
2017.04.06 13:32:01.768,12.52271,12.52531,0.00,0.00
2017.04.06 13:32:01.903,12.52298,12.52531,0.00,0.00
2017.04.06 13:32:02.013,12.52271,12.52531,0.00,0.00
2017.04.06 13:32:02.069,12.52271,12.52521,0.00,0.00
2017.04.06 13:32:02.427,12.52259,12.52521,0.00,0.00
2017.04.06 13:32:02.871,12.52268,12.52531,0.00,0.00
2017.04.06 13:32:02.972,12.52259,12.52522,0.00,0.00
2017.04.06 13:32:03.340,12.52259,12.52512,0.00,0.00
2017.04.06 13:32:03.888,12.52259,12.52531,0.00,0.00
2017.04.06 13:32:04.000,12.52259,12.52501,0.00,0.00
2017.04.06 13:32:04.331,12.52258,12.52461,0.00,0.00
2017.04.06 13:32:04.382,12.52258,12.52519,0.00,0.00
2017.04.06 13:32:04.610,12.52258,12.52502,0.00,0.00
2017.04.06 13:32:04.820,12.52258,12.52511,0.00,0.00
2017.04.06 13:32:04.924,12.52258,12.52519,0.00,0.00
2017.04.06 13:32:06.316,12.52258,12.52501,0.00,0.00
2017.04.06 13:32:06.702,12.52258,12.52512,0.00,0.00
2017.04.06 13:32:07.228,12.52258,12.52519,0.00,0.00
2017.04.06 13:32:08.204,12.52258,12.52501,0.00,0.00
2017.04.06 13:32:08.539,12.52258,12.52519,0.00,0.00
2017.04.06 13:32:08.589,12.52268,12.52519,0.00,0.00
2017.04.06 13:32:09.290,12.52258,12.52501,0.00,0.00
2017.04.06 13:32:09.391,12.52268,12.52519,0.00,0.00
2017.04.06 13:32:09.592,12.52258,12.52519,0.00,0.00
2017.04.06 13:32:10.510,12.52258,12.52522,0.00,0.00
2017.04.06 13:32:10.615,12.52358,12.52551,0.00,0.00
2017.04.06 13:32:10.816,12.52358,12.52579,0.00,0.00
2017.04.06 13:32:10.898,12.52358,12.52619,0.00,0.00
2017.04.06 13:32:10.949,12.52349,12.52538,0.00,0.00
2017.04.06 13:32:10.999,12.52309,12.52538,0.00,0.00
2017.04.06 13:32:11.050,12.52309,12.52532,0.00,0.00
2017.04.06 13:32:11.101,12.52292,12.52532,0.00,0.00
2017.04.06 13:32:11.195,12.52292,12.52512,0.00,0.00
2017.04.06 13:32:11.590,12.52258,12.52512,0.00,0.00
2017.04.06 13:32:11.896,12.52268,12.52532,0.00,0.00
2017.04.06 13:32:12.314,12.52258,12.52521,0.00,0.00
2017.04.06 13:32:12.505,12.52259,12.52532,0.00,0.00
2017.04.06 13:32:12.630,12.52258,12.52521,0.00,0.00
2017.04.06 13:32:12.961,12.52258,12.52512,0.00,0.00
2017.04.06 13:32:13.112,12.52258,12.52521,0.00,0.00
2017.04.06 13:32:13.423,12.52258,12.52512,0.00,0.00
2017.04.06 13:32:13.487,12.52258,12.52532,0.00,0.00
2017.04.06 13:32:14.150,12.52258,12.52522,0.00,0.00
2017.04.06 13:32:14.204,12.52259,12.52532,0.00,0.00
2017.04.06 13:32:14.325,12.52258,12.52512,0.00,0.00
2017.04.06 13:32:14.625,12.52158,12.52422,0.00,0.00
2017.04.06 13:32:14.809,12.52158,12.52432,0.00,0.00
2017.04.06 13:32:14.918,12.52158,12.52422,0.00,0.00
2017.04.06 13:32:15.252,12.52158,12.52411,0.00,0.00
2017.04.06 13:32:15.639,12.52159,12.52432,0.00,0.00
2017.04.06 13:32:16.037,12.52158,12.52411,0.00,0.00
2017.04.06 13:32:16.219,12.52158,12.52432,0.00,0.00
2017.04.06 13:32:16.567,12.52172,12.52432,0.00,0.00
2017.04.06 13:32:17.012,12.52172,12.52422,0.00,0.00
2017.04.06 13:32:17.338,12.52172,12.52432,0.00,0.00
2017.04.06 13:32:17.439,12.52172,12.52411,0.00,0.00
2017.04.06 13:32:17.640,12.52158,12.52421,0.00,0.00
2017.04.06 13:32:17.939,12.52168,12.52432,0.00,0.00
2017.04.06 13:32:18.046,12.52158,12.52412,0.00,0.00
2017.04.06 13:32:18.351,12.52159,12.52432,0.00,0.00
2017.04.06 13:32:18.460,12.52178,12.52432,0.00,0.00
2017.04.06 13:32:18.764,12.52199,12.52432,0.00,0.00
2017.04.06 13:32:19.152,12.52158,12.52411,0.00,0.00
2017.04.06 13:32:19.352,12.52158,12.52431,0.00,0.00
2017.04.06 13:32:19.864,12.52158,12.52432,0.00,0.00
2017.04.06 13:32:19.966,12.52158,12.52421,0.00,0.00
2017.04.06 13:32:20.322,12.52178,12.52432,0.00,0.00
2017.04.06 13:32:20.436,12.52158,12.52432,0.00,0.00
2017.04.06 13:32:20.662,12.52169,12.52432,0.00,0.00
2017.04.06 13:32:20.993,12.52158,12.52421,0.00,0.00
2017.04.06 13:32:21.362,12.52159,12.52432,0.00,0.00
2017.04.06 13:32:21.422,12.52178,12.52432,0.00,0.00
2017.04.06 13:32:21.786,12.52259,12.52462,0.00,0.00
2017.04.06 13:32:21.937,12.52269,12.52519,0.00,0.00
2017.04.06 13:32:22.038,12.52279,12.52519,0.00,0.00
2017.04.06 13:32:22.362,12.52269,12.52519,0.00,0.00
2017.04.06 13:32:22.467,12.52259,12.52519,0.00,0.00
2017.04.06 13:32:22.872,12.52269,12.52519,0.00,0.00
2017.04.06 13:32:23.012,12.52271,12.52531,0.00,0.00
2017.04.06 13:32:23.113,12.52308,12.52541,0.00,0.00
2017.04.06 13:32:23.164,12.52308,12.52582,0.00,0.00
2017.04.06 13:32:23.215,12.52358,12.52592,0.00,0.00
2017.04.06 13:32:23.266,12.52368,12.52619,0.00,0.00
2017.04.06 13:32:23.631,12.52368,12.52539,0.00,0.00
2017.04.06 13:32:23.682,12.52329,12.52539,0.00,0.00
2017.04.06 13:32:23.733,12.52271,12.52532,0.00,0.00
2017.04.06 13:32:23.839,12.52271,12.52521,0.00,0.00
2017.04.06 13:32:24.012,12.52258,12.52521,0.00,0.00
2017.04.06 13:32:24.234,12.52308,12.52522,0.00,0.00
2017.04.06 13:32:24.536,12.52458,12.52638,0.00,0.00
2017.04.06 13:32:24.637,12.52371,12.52632,0.00,0.00
2017.04.06 13:32:24.996,12.52371,12.52622,0.00,0.00
2017.04.06 13:32:25.375,12.52358,12.52622,0.00,0.00
2017.04.06 13:32:25.880,12.52358,12.52612,0.00,0.00
2017.04.06 13:32:26.203,12.52348,12.52539,0.00,0.00
2017.04.06 13:32:26.253,12.52319,12.52531,0.00,0.00
2017.04.06 13:32:26.354,12.52278,12.52531,0.00,0.00
2017.04.06 13:32:26.605,12.52259,12.52531,0.00,0.00
2017.04.06 13:32:26.655,12.52259,12.52512,0.00,0.00
2017.04.06 13:32:26.964,12.52358,12.52579,0.00,0.00
2017.04.06 13:32:27.014,12.52358,12.52611,0.00,0.00
2017.04.06 13:32:27.065,12.52358,12.52619,0.00,0.00
2017.04.06 13:32:27.239,12.52358,12.52612,0.00,0.00
2017.04.06 13:32:27.340,12.52358,12.52619,0.00,0.00
2017.04.06 13:32:28.846,12.52368,12.52619,0.00,0.00
2017.04.06 13:32:29.056,12.52358,12.52619,0.00,0.00
2017.04.06 13:32:29.634,12.52339,12.52532,0.00,0.00
2017.04.06 13:32:29.684,12.52258,12.52532,0.00,0.00
2017.04.06 13:32:29.871,12.52309,12.52539,0.00,0.00
2017.04.06 13:32:29.922,12.52309,12.52542,0.00,0.00
2017.04.06 13:32:30.022,12.52358,12.52602,0.00,0.00
2017.04.06 13:32:30.073,12.52369,12.52629,0.00,0.00
2017.04.06 13:32:30.264,12.52378,12.52629,0.00,0.00
2017.04.06 13:32:30.594,12.52359,12.52629,0.00,0.00
2017.04.06 13:32:30.695,12.52369,12.52629,0.00,0.00
2017.04.06 13:32:31.021,12.52388,12.52629,0.00,0.00
2017.04.06 13:32:31.387,12.52358,12.52621,0.00,0.00
2017.04.06 13:32:31.564,12.52379,12.52629,0.00,0.00
2017.04.06 13:32:31.849,12.52358,12.52622,0.00,0.00
2017.04.06 13:32:31.976,12.52358,12.52629,0.00,0.00
2017.04.06 13:32:32.068,12.52379,12.52629,0.00,0.00
2017.04.06 13:32:32.390,12.52358,12.52621,0.00,0.00
2017.04.06 13:32:32.798,12.52369,12.52629,0.00,0.00
2017.04.06 13:32:33.572,12.52359,12.52629,0.00,0.00
2017.04.06 13:32:33.652,12.52358,12.52621,0.00,0.00
2017.04.06 13:32:33.791,12.52358,12.52629,0.00,0.00
2017.04.06 13:32:33.953,12.52378,12.52629,0.00,0.00
2017.04.06 13:32:34.171,12.52358,12.52629,0.00,0.00
2017.04.06 13:32:34.455,12.52358,12.52538,0.00,0.00
2017.04.06 13:32:34.578,12.52319,12.52538,0.00,0.00
2017.04.06 13:32:34.628,12.52319,12.52532,0.00,0.00
2017.04.06 13:32:34.679,12.52292,12.52532,0.00,0.00
2017.04.06 13:32:34.782,12.52319,12.52532,0.00,0.00
2017.04.06 13:32:34.891,12.52292,12.52532,0.00,0.00
2017.04.06 13:32:34.992,12.52258,12.52532,0.00,0.00
2017.04.06 13:32:35.495,12.52269,12.52532,0.00,0.00
2017.04.06 13:32:35.558,12.52258,12.52532,0.00,0.00
2017.04.06 13:32:36.516,12.52289,12.52532,0.00,0.00
2017.04.06 13:32:36.567,12.52258,12.52531,0.00,0.00
2017.04.06 13:32:36.865,12.52279,12.52532,0.00,0.00
2017.04.06 13:32:36.979,12.52258,12.52522,0.00,0.00
2017.04.06 13:32:37.169,12.52259,12.52532,0.00,0.00
2017.04.06 13:32:37.505,12.52279,12.52532,0.00,0.00
2017.04.06 13:32:38.130,12.52278,12.52532,0.00,0.00
2017.04.06 13:32:38.180,12.52268,12.52532,0.00,0.00
2017.04.06 13:32:39.303,12.52279,12.52532,0.00,0.00
2017.04.06 13:32:39.366,12.52258,12.52532,0.00,0.00
2017.04.06 13:32:39.970,12.52258,12.52531,0.00,0.00
2017.04.06 13:32:40.086,12.52239,12.52432,0.00,0.00
2017.04.06 13:32:40.186,12.52188,12.52432,0.00,0.00
2017.04.06 13:32:40.237,12.52212,12.52472,0.00,0.00
2017.04.06 13:32:40.288,12.52212,12.52482,0.00,0.00
2017.04.06 13:32:40.338,12.52259,12.52491,0.00,0.00
2017.04.06 13:32:40.389,12.52288,12.52528,0.00,0.00
2017.04.06 13:32:40.570,12.52298,12.52528,0.00,0.00
2017.04.06 13:32:40.681,12.52259,12.52528,0.00,0.00
2017.04.06 13:32:41.071,12.52288,12.52528,0.00,0.00
2017.04.06 13:32:41.385,12.52259,12.52528,0.00,0.00
2017.04.06 13:32:41.573,12.52288,12.52528,0.00,0.00
2017.04.06 13:32:41.673,12.52259,12.52528,0.00,0.00
2017.04.06 13:32:41.798,12.52278,12.52528,0.00,0.00
2017.04.06 13:32:42.117,12.52368,12.52578,0.00,0.00
2017.04.06 13:32:42.450,12.52378,12.52578,0.00,0.00
2017.04.06 13:32:42.676,12.52459,12.52662,0.00,0.00
2017.04.06 13:32:42.777,12.52449,12.52631,0.00,0.00
2017.04.06 13:32:42.887,12.52409,12.52631,0.00,0.00
2017.04.06 13:32:42.988,12.52371,12.52631,0.00,0.00
2017.04.06 13:32:43.551,12.52359,12.52631,0.00,0.00
2017.04.06 13:32:43.602,12.52379,12.52631,0.00,0.00
2017.04.06 13:32:43.722,12.52359,12.52631,0.00,0.00
2017.04.06 13:32:43.889,12.52379,12.52631,0.00,0.00
2017.04.06 13:32:44.185,12.52359,12.52622,0.00,0.00
2017.04.06 13:32:44.523,12.52359,12.52631,0.00,0.00
2017.04.06 13:32:44.591,12.52388,12.52631,0.00,0.00
2017.04.06 13:32:44.699,12.52359,12.52631,0.00,0.00
2017.04.06 13:32:44.780,12.52368,12.52631,0.00,0.00
2017.04.06 13:32:45.091,12.52359,12.52631,0.00,0.00
2017.04.06 13:32:45.212,12.52379,12.52631,0.00,0.00
2017.04.06 13:32:45.316,12.52369,12.52631,0.00,0.00
2017.04.06 13:32:45.481,12.52389,12.52631,0.00,0.00
2017.04.06 13:32:45.803,12.52359,12.52631,0.00,0.00
2017.04.06 13:32:46.012,12.52379,12.52631,0.00,0.00
2017.04.06 13:32:46.117,12.52359,12.52631,0.00,0.00
2017.04.06 13:32:46.289,12.52379,12.52631,0.00,0.00
2017.04.06 13:32:46.454,12.52411,12.52681,0.00,0.00
2017.04.06 13:32:46.504,12.52428,12.52638,0.00,0.00
2017.04.06 13:32:46.719,12.52371,12.52632,0.00,0.00
2017.04.06 13:32:47.166,12.52408,12.52631,0.00,0.00
2017.04.06 13:32:47.216,12.52412,12.52642,0.00,0.00
2017.04.06 13:32:47.325,12.52468,12.52728,0.00,0.00
2017.04.06 13:32:47.504,12.52458,12.52712,0.00,0.00
2017.04.06 13:32:47.711,12.52358,12.52631,0.00,0.00
2017.04.06 13:32:47.761,12.52411,12.52631,0.00,0.00
2017.04.06 13:32:48.101,12.52459,12.52678,0.00,0.00
2017.04.06 13:32:48.406,12.52459,12.52729,0.00,0.00
2017.04.06 13:32:48.508,12.52458,12.52712,0.00,0.00
2017.04.06 13:32:49.088,12.52458,12.52729,0.00,0.00
2017.04.06 13:32:49.196,12.52479,12.52729,0.00,0.00
2017.04.06 13:32:49.458,12.52508,12.52761,0.00,0.00
2017.04.06 13:32:49.509,12.52508,12.52732,0.00,0.00
2017.04.06 13:32:49.559,12.52471,12.52732,0.00,0.00
2017.04.06 13:32:49.610,12.52549,12.52732,0.00,0.00
2017.04.06 13:32:49.848,12.52479,12.52732,0.00,0.00
2017.04.06 13:32:49.899,12.52471,12.52731,0.00,0.00
2017.04.06 13:32:50.120,12.52478,12.52732,0.00,0.00
2017.04.06 13:32:50.325,12.52471,12.52732,0.00,0.00
2017.04.06 13:32:50.441,12.52479,12.52732,0.00,0.00
2017.04.06 13:32:50.740,12.52468,12.52732,0.00,0.00
2017.04.06 13:32:50.791,12.52458,12.52731,0.00,0.00
2017.04.06 13:32:50.902,12.52439,12.52721,0.00,0.00
2017.04.06 13:32:51.418,12.52458,12.52729,0.00,0.00
2017.04.06 13:32:51.670,12.52548,12.52829,0.00,0.00
2017.04.06 13:32:51.789,12.52548,12.52739,0.00,0.00
2017.04.06 13:32:51.840,12.52519,12.52739,0.00,0.00
2017.04.06 13:32:51.890,12.52519,12.52732,0.00,0.00
2017.04.06 13:32:51.941,12.52472,12.52732,0.00,0.00
2017.04.06 13:32:52.208,12.52508,12.52732,0.00,0.00
2017.04.06 13:32:52.325,12.52472,12.52732,0.00,0.00
2017.04.06 13:32:52.394,12.52479,12.52732,0.00,0.00
2017.04.06 13:32:52.516,12.52439,12.52721,0.00,0.00
2017.04.06 13:32:52.618,12.52448,12.52732,0.00,0.00
2017.04.06 13:32:52.795,12.52489,12.52732,0.00,0.00
2017.04.06 13:32:52.923,12.52438,12.52722,0.00,0.00
2017.04.06 13:32:53.053,12.52428,12.52712,0.00,0.00
2017.04.06 13:32:53.372,12.52468,12.52732,0.00,0.00
2017.04.06 13:32:53.897,12.52448,12.52732,0.00,0.00
2017.04.06 13:32:54.105,12.52468,12.52732,0.00,0.00
2017.04.06 13:32:54.219,12.52438,12.52722,0.00,0.00
2017.04.06 13:32:55.007,12.52448,12.52732,0.00,0.00
2017.04.06 13:32:55.364,12.52478,12.52732,0.00,0.00
2017.04.06 13:32:55.415,12.52438,12.52722,0.00,0.00
2017.04.06 13:32:55.518,12.52459,12.52732,0.00,0.00
2017.04.06 13:32:56.321,12.52478,12.52739,0.00,0.00
2017.04.06 13:32:56.627,12.52549,12.52819,0.00,0.00
2017.04.06 13:32:56.803,12.52528,12.52792,0.00,0.00
2017.04.06 13:32:57.014,12.52539,12.52819,0.00,0.00
2017.04.06 13:32:57.199,12.52539,12.52738,0.00,0.00
2017.04.06 13:32:57.306,12.52478,12.52731,0.00,0.00
2017.04.06 13:32:57.407,12.52468,12.52731,0.00,0.00
2017.04.06 13:32:57.457,12.52479,12.52738,0.00,0.00
2017.04.06 13:32:57.508,12.52479,12.52752,0.00,0.00
2017.04.06 13:32:57.609,12.52529,12.52762,0.00,0.00
2017.04.06 13:32:57.710,12.52529,12.52779,0.00,0.00
2017.04.06 13:32:57.820,12.52538,12.52779,0.00,0.00
2017.04.06 13:32:58.009,12.52529,12.52802,0.00,0.00
2017.04.06 13:32:58.110,12.52529,12.52791,0.00,0.00
2017.04.06 13:32:58.336,12.52538,12.52818,0.00,0.00
2017.04.06 13:32:58.555,12.52558,12.52818,0.00,0.00
2017.04.06 13:32:58.908,12.52538,12.52818,0.00,0.00
2017.04.06 13:32:58.958,12.52571,12.52822,0.00,0.00
2017.04.06 13:32:59.009,12.52578,12.52839,0.00,0.00
2017.04.06 13:32:59.110,12.52571,12.52831,0.00,0.00
2017.04.06 13:32:59.439,12.52571,12.52802,0.00,0.00
2017.04.06 13:32:59.617,12.52571,12.52821,0.00,0.00
2017.04.06 13:32:59.718,12.52571,12.52791,0.00,0.00
2017.04.06 13:32:59.778,12.52529,12.52791,0.00,0.00
2017.04.06 13:32:59.954,12.52471,12.52732,0.00,0.00
2017.04.06 13:33:00.262,12.52529,12.52751,0.00,0.00
2017.04.06 13:33:00.313,12.52538,12.52819,0.00,0.00
2017.04.06 13:33:00.413,12.52549,12.52819,0.00,0.00
2017.04.06 13:33:00.747,12.52558,12.52819,0.00,0.00
2017.04.06 13:33:00.815,12.52529,12.52802,0.00,0.00
2017.04.06 13:33:00.923,12.52538,12.52819,0.00,0.00
2017.04.06 13:33:01.189,12.52529,12.52791,0.00,0.00
2017.04.06 13:33:01.329,12.52529,12.52812,0.00,0.00
2017.04.06 13:33:01.417,12.52529,12.52791,0.00,0.00
2017.04.06 13:33:01.531,12.52549,12.52819,0.00,0.00
2017.04.06 13:33:01.639,12.52539,12.52819,0.00,0.00
2017.04.06 13:33:01.740,12.52548,12.52819,0.00,0.00
2017.04.06 13:33:01.929,12.52529,12.52802,0.00,0.00
2017.04.06 13:33:02.035,12.52529,12.52792,0.00,0.00
2017.04.06 13:33:02.220,12.52529,12.52812,0.00,0.00
2017.04.06 13:33:02.353,12.52538,12.52819,0.00,0.00
2017.04.06 13:33:02.678,12.52548,12.52819,0.00,0.00
2017.04.06 13:33:03.048,12.52569,12.52819,0.00,0.00
2017.04.06 13:33:03.122,12.52559,12.52819,0.00,0.00
2017.04.06 13:33:03.227,12.52529,12.52802,0.00,0.00
2017.04.06 13:33:03.322,12.52529,12.52792,0.00,0.00
2017.04.06 13:33:03.622,12.52538,12.52819,0.00,0.00
2017.04.06 13:33:03.850,12.52529,12.52792,0.00,0.00
2017.04.06 13:33:04.010,12.52548,12.52819,0.00,0.00
2017.04.06 13:33:04.124,12.52529,12.52792,0.00,0.00
2017.04.06 13:33:04.224,12.52529,12.52801,0.00,0.00
2017.04.06 13:33:04.371,12.52558,12.52819,0.00,0.00
2017.04.06 13:33:04.704,12.52602,12.52842,0.00,0.00
2017.04.06 13:33:04.827,12.52629,12.52912,0.00,0.00
2017.04.06 13:33:05.073,12.52629,12.52882,0.00,0.00
2017.04.06 13:33:05.127,12.52629,12.52911,0.00,0.00
2017.04.06 13:33:05.241,12.52629,12.52901,0.00,0.00
2017.04.06 13:33:05.370,12.52629,12.52912,0.00,0.00
2017.04.06 13:33:05.473,12.52639,12.52918,0.00,0.00
2017.04.06 13:33:05.680,12.52639,12.52921,0.00,0.00
2017.04.06 13:33:05.858,12.52648,12.52931,0.00,0.00
2017.04.06 13:33:06.141,12.52631,12.52892,0.00,0.00
2017.04.06 13:33:06.273,12.52631,12.52911,0.00,0.00
2017.04.06 13:33:06.376,12.52631,12.52891,0.00,0.00
2017.04.06 13:33:06.431,12.52631,12.52911,0.00,0.00
2017.04.06 13:33:06.932,12.52649,12.52931,0.00,0.00
2017.04.06 13:33:07.039,12.52631,12.52911,0.00,0.00
2017.04.06 13:33:07.353,12.52639,12.52921,0.00,0.00
2017.04.06 13:33:07.458,12.52631,12.52892,0.00,0.00
2017.04.06 13:33:07.533,12.52631,12.52902,0.00,0.00
2017.04.06 13:33:07.651,12.52631,12.52892,0.00,0.00
2017.04.06 13:33:08.534,12.52608,12.52832,0.00,0.00
2017.04.06 13:33:08.776,12.52531,12.52801,0.00,0.00
2017.04.06 13:33:08.836,12.52531,12.52811,0.00,0.00
2017.04.06 13:33:09.193,12.52531,12.52802,0.00,0.00
2017.04.06 13:33:09.445,12.52638,12.52922,0.00,0.00
2017.04.06 13:33:09.749,12.52629,12.52892,0.00,0.00
2017.04.06 13:33:09.888,12.52638,12.52922,0.00,0.00
2017.04.06 13:33:09.939,12.52648,12.52931,0.00,0.00
2017.04.06 13:33:10.245,12.52639,12.52921,0.00,0.00
2017.04.06 13:33:10.777,12.52642,12.52902,0.00,0.00
2017.04.06 13:33:10.880,12.52659,12.52931,0.00,0.00
2017.04.06 13:33:10.940,12.52679,12.52931,0.00,0.00
2017.04.06 13:33:11.153,12.52648,12.52931,0.00,0.00
2017.04.06 13:33:11.261,12.52629,12.52881,0.00,0.00
2017.04.06 13:33:11.370,12.52629,12.52891,0.00,0.00
2017.04.06 13:33:11.480,12.52638,12.52922,0.00,0.00
2017.04.06 13:33:11.884,12.52629,12.52912,0.00,0.00
2017.04.06 13:33:12.192,12.52629,12.52892,0.00,0.00
2017.04.06 13:33:12.372,12.52639,12.52921,0.00,0.00
2017.04.06 13:33:12.487,12.52629,12.52891,0.00,0.00
2017.04.06 13:33:12.646,12.52638,12.52922,0.00,0.00
2017.04.06 13:33:12.876,12.52629,12.52891,0.00,0.00
2017.04.06 13:33:13.101,12.52568,12.52831,0.00,0.00
2017.04.06 13:33:13.202,12.52541,12.52812,0.00,0.00
2017.04.06 13:33:13.368,12.52559,12.52831,0.00,0.00
2017.04.06 13:33:13.484,12.52541,12.52801,0.00,0.00
2017.04.06 13:33:13.788,12.52541,12.52791,0.00,0.00
2017.04.06 13:33:13.849,12.52541,12.52802,0.00,0.00
2017.04.06 13:33:14.450,12.52541,12.52782,0.00,0.00
2017.04.06 13:33:14.794,12.52541,12.52801,0.00,0.00
2017.04.06 13:33:14.852,12.52541,12.52811,0.00,0.00
2017.04.06 13:33:15.067,12.52541,12.52782,0.00,0.00
2017.04.06 13:33:15.575,12.52541,12.52811,0.00,0.00
2017.04.06 13:33:15.654,12.52541,12.52782,0.00,0.00
2017.04.06 13:33:16.222,12.52541,12.52812,0.00,0.00
2017.04.06 13:33:16.955,12.52541,12.52781,0.00,0.00
2017.04.06 13:33:17.056,12.52541,12.52821,0.00,0.00
2017.04.06 13:33:17.186,12.52541,12.52782,0.00,0.00
2017.04.06 13:33:17.682,12.52541,12.52821,0.00,0.00
2017.04.06 13:33:18.073,12.52541,12.52801,0.00,0.00
2017.04.06 13:33:18.258,12.52541,12.52821,0.00,0.00
2017.04.06 13:33:18.676,12.52541,12.52782,0.00,0.00
2017.04.06 13:33:18.990,12.52541,12.52792,0.00,0.00
2017.04.06 13:33:19.059,12.52541,12.52812,0.00,0.00
2017.04.06 13:33:19.607,12.52629,12.52812,0.00,0.00
2017.04.06 13:33:19.762,12.52629,12.52879,0.00,0.00
2017.04.06 13:33:20.285,12.52639,12.52879,0.00,0.00
2017.04.06 13:33:20.386,12.52629,12.52879,0.00,0.00
2017.04.06 13:33:20.437,12.52629,12.52882,0.00,0.00
2017.04.06 13:33:20.765,12.52629,12.52912,0.00,0.00
2017.04.06 13:33:21.109,12.52629,12.52902,0.00,0.00
2017.04.06 13:33:21.632,12.52629,12.52901,0.00,0.00
2017.04.06 13:33:21.936,12.52629,12.52872,0.00,0.00
2017.04.06 13:33:22.296,12.52629,12.52911,0.00,0.00
2017.04.06 13:33:22.708,12.52639,12.52921,0.00,0.00
2017.04.06 13:33:23.896,12.52629,12.52902,0.00,0.00
2017.04.06 13:33:24.511,12.52639,12.52921,0.00,0.00
2017.04.06 13:33:24.577,12.52648,12.52931,0.00,0.00
2017.04.06 13:33:24.777,12.52629,12.52902,0.00,0.00
2017.04.06 13:33:25.379,12.52629,12.52911,0.00,0.00
2017.04.06 13:33:25.579,12.52668,12.52931,0.00,0.00
2017.04.06 13:33:25.694,12.52629,12.52901,0.00,0.00
2017.04.06 13:33:25.807,12.52629,12.52892,0.00,0.00
2017.04.06 13:33:26.124,12.52629,12.52912,0.00,0.00
2017.04.06 13:33:26.406,12.52629,12.52891,0.00,0.00
2017.04.06 13:33:26.483,12.52629,12.52912,0.00,0.00
2017.04.06 13:33:26.900,12.52628,12.52882,0.00,0.00
2017.04.06 13:33:27.310,12.52629,12.52912,0.00,0.00
2017.04.06 13:33:27.705,12.52668,12.52931,0.00,0.00
2017.04.06 13:33:27.813,12.52658,12.52931,0.00,0.00
2017.04.06 13:33:27.919,12.52598,12.52859,0.00,0.00
2017.04.06 13:33:28.231,12.52532,12.52812,0.00,0.00
2017.04.06 13:33:28.332,12.52532,12.52792,0.00,0.00
2017.04.06 13:33:28.790,12.52532,12.52811,0.00,0.00
2017.04.06 13:33:29.090,12.52532,12.52801,0.00,0.00
2017.04.06 13:33:29.451,12.52548,12.52831,0.00,0.00
2017.04.06 13:33:29.624,12.52532,12.52801,0.00,0.00
2017.04.06 13:33:30.006,12.52548,12.52831,0.00,0.00
2017.04.06 13:33:30.227,12.52538,12.52822,0.00,0.00
2017.04.06 13:33:30.328,12.52548,12.52831,0.00,0.00
2017.04.06 13:33:30.694,12.52532,12.52811,0.00,0.00
2017.04.06 13:33:31.196,12.52532,12.52812,0.00,0.00
2017.04.06 13:33:31.296,12.52548,12.52831,0.00,0.00
2017.04.06 13:33:31.417,12.52558,12.52831,0.00,0.00
2017.04.06 13:33:31.497,12.52548,12.52831,0.00,0.00
2017.04.06 13:33:31.774,12.52532,12.52811,0.00,0.00
2017.04.06 13:33:32.202,12.52558,12.52831,0.00,0.00
2017.04.06 13:33:32.507,12.52532,12.52812,0.00,0.00
2017.04.06 13:33:32.608,12.52532,12.52802,0.00,0.00
2017.04.06 13:33:33.455,12.52518,12.52758,0.00,0.00
2017.04.06 13:33:33.505,12.52508,12.52758,0.00,0.00
2017.04.06 13:33:33.556,12.52508,12.52731,0.00,0.00
2017.04.06 13:33:33.606,12.52442,12.52712,0.00,0.00
2017.04.06 13:33:33.713,12.52442,12.52722,0.00,0.00
2017.04.06 13:33:33.817,12.52468,12.52731,0.00,0.00
2017.04.06 13:33:34.038,12.52442,12.52711,0.00,0.00
2017.04.06 13:33:34.352,12.52449,12.52731,0.00,0.00
2017.04.06 13:33:34.452,12.52459,12.52731,0.00,0.00
2017.04.06 13:33:34.625,12.52449,12.52731,0.00,0.00
2017.04.06 13:33:34.707,12.52458,12.52731,0.00,0.00
2017.04.06 13:33:35.211,12.52442,12.52722,0.00,0.00
2017.04.06 13:33:35.312,12.52478,12.52731,0.00,0.00
2017.04.06 13:33:35.427,12.52448,12.52731,0.00,0.00
2017.04.06 13:33:35.508,12.52442,12.52721,0.00,0.00
2017.04.06 13:33:36.039,12.52458,12.52731,0.00,0.00
2017.04.06 13:33:37.624,12.52449,12.52731,0.00,0.00
2017.04.06 13:33:37.733,12.52498,12.52758,0.00,0.00
2017.04.06 13:33:38.044,12.52448,12.52731,0.00,0.00
2017.04.06 13:33:38.257,12.52499,12.52731,0.00,0.00
2017.04.06 13:33:38.315,12.52479,12.52731,0.00,0.00
2017.04.06 13:33:38.551,12.52449,12.52731,0.00,0.00
2017.04.06 13:33:38.601,12.52449,12.52658,0.00,0.00
2017.04.06 13:33:38.652,12.52439,12.52658,0.00,0.00
2017.04.06 13:33:38.752,12.52469,12.52631,0.00,0.00
2017.04.06 13:33:38.858,12.52368,12.52631,0.00,0.00
2017.04.06 13:33:38.964,12.52332,12.52612,0.00,0.00
2017.04.06 13:33:39.119,12.52349,12.52631,0.00,0.00
2017.04.06 13:33:39.263,12.52368,12.52532,0.00,0.00
2017.04.06 13:33:39.314,12.52368,12.52632,0.00,0.00
2017.04.06 13:33:39.365,12.52332,12.52612,0.00,0.00
2017.04.06 13:33:39.420,12.52389,12.52632,0.00,0.00
2017.04.06 13:33:39.527,12.52358,12.52632,0.00,0.00
2017.04.06 13:33:39.720,12.52349,12.52631,0.00,0.00
2017.04.06 13:33:39.920,12.52379,12.52632,0.00,0.00
2017.04.06 13:33:40.144,12.52358,12.52632,0.00,0.00
2017.04.06 13:33:40.221,12.52388,12.52632,0.00,0.00
2017.04.06 13:33:40.322,12.52369,12.52632,0.00,0.00
2017.04.06 13:33:40.470,12.52348,12.52632,0.00,0.00
2017.04.06 13:33:40.633,12.52338,12.52622,0.00,0.00
2017.04.06 13:33:40.962,12.52378,12.52632,0.00,0.00
2017.04.06 13:33:41.223,12.52368,12.52632,0.00,0.00
2017.04.06 13:33:41.324,12.52389,12.52632,0.00,0.00
2017.04.06 13:33:41.436,12.52338,12.52622,0.00,0.00
2017.04.06 13:33:41.547,12.52389,12.52632,0.00,0.00
2017.04.06 13:33:41.648,12.52369,12.52632,0.00,0.00
2017.04.06 13:33:42.125,12.52348,12.52632,0.00,0.00
2017.04.06 13:33:42.425,12.52389,12.52632,0.00,0.00
2017.04.06 13:33:42.655,12.52369,12.52632,0.00,0.00
2017.04.06 13:33:42.726,12.52418,12.52632,0.00,0.00
2017.04.06 13:33:42.847,12.52339,12.52621,0.00,0.00
2017.04.06 13:33:42.948,12.52332,12.52612,0.00,0.00
2017.04.06 13:33:43.026,12.52348,12.52632,0.00,0.00
2017.04.06 13:33:43.760,12.52369,12.52632,0.00,0.00
2017.04.06 13:33:44.082,12.52378,12.52632,0.00,0.00
2017.04.06 13:33:44.360,12.52459,12.52732,0.00,0.00
2017.04.06 13:33:44.529,12.52431,12.52711,0.00,0.00
2017.04.06 13:33:44.718,12.52429,12.52658,0.00,0.00
2017.04.06 13:33:44.876,12.52372,12.52622,0.00,0.00
2017.04.06 13:33:45.008,12.52342,12.52622,0.00,0.00
2017.04.06 13:33:45.137,12.52358,12.52632,0.00,0.00
2017.04.06 13:33:45.248,12.52342,12.52622,0.00,0.00
2017.04.06 13:33:45.542,12.52349,12.52631,0.00,0.00
2017.04.06 13:33:45.643,12.52378,12.52632,0.00,0.00
2017.04.06 13:33:45.786,12.52368,12.52632,0.00,0.00
2017.04.06 13:33:45.839,12.52349,12.52631,0.00,0.00
2017.04.06 13:33:46.245,12.52358,12.52632,0.00,0.00
2017.04.06 13:33:46.348,12.52342,12.52621,0.00,0.00
2017.04.06 13:33:46.450,12.52368,12.52632,0.00,0.00
2017.04.06 13:33:46.744,12.52342,12.52621,0.00,0.00
2017.04.06 13:33:46.889,12.52358,12.52632,0.00,0.00
2017.04.06 13:33:46.945,12.52342,12.52621,0.00,0.00
2017.04.06 13:33:47.057,12.52368,12.52632,0.00,0.00
2017.04.06 13:33:47.146,12.52359,12.52632,0.00,0.00
2017.04.06 13:33:47.363,12.52342,12.52622,0.00,0.00
2017.04.06 13:33:47.650,12.52349,12.52631,0.00,0.00
2017.04.06 13:33:47.750,12.52359,12.52632,0.00,0.00
2017.04.06 13:33:48.180,12.52349,12.52631,0.00,0.00
2017.04.06 13:33:48.281,12.52358,12.52632,0.00,0.00
2017.04.06 13:33:48.626,12.52388,12.52632,0.00,0.00
2017.04.06 13:33:48.796,12.52369,12.52632,0.00,0.00
2017.04.06 13:33:48.855,12.52388,12.52632,0.00,0.00
2017.04.06 13:33:48.956,12.52342,12.52621,0.00,0.00
2017.04.06 13:33:49.283,12.52379,12.52632,0.00,0.00
2017.04.06 13:33:49.384,12.52342,12.52621,0.00,0.00
2017.04.06 13:33:50.000,12.52379,12.52632,0.00,0.00
2017.04.06 13:33:50.465,12.52368,12.52632,0.00,0.00
2017.04.06 13:33:50.867,12.52379,12.52632,0.00,0.00
2017.04.06 13:33:51.205,12.52439,12.52659,0.00,0.00
2017.04.06 13:33:51.307,12.52371,12.52631,0.00,0.00
2017.04.06 13:33:51.474,12.52379,12.52631,0.00,0.00
2017.04.06 13:33:51.776,12.52371,12.52631,0.00,0.00
2017.04.06 13:33:51.847,12.52368,12.52631,0.00,0.00
2017.04.06 13:33:52.183,12.52358,12.52631,0.00,0.00
2017.04.06 13:33:52.310,12.52368,12.52631,0.00,0.00
2017.04.06 13:33:52.692,12.52359,12.52631,0.00,0.00
2017.04.06 13:33:53.391,12.52368,12.52631,0.00,0.00
2017.04.06 13:33:53.717,12.52358,12.52631,0.00,0.00
2017.04.06 13:33:53.827,12.52369,12.52631,0.00,0.00
2017.04.06 13:33:54.021,12.52359,12.52631,0.00,0.00
2017.04.06 13:33:55.128,12.52369,12.52631,0.00,0.00
2017.04.06 13:33:55.388,12.52351,12.52631,0.00,0.00
2017.04.06 13:33:55.925,12.52441,12.52651,0.00,0.00
2017.04.06 13:33:56.026,12.52468,12.52732,0.00,0.00
2017.04.06 13:33:56.218,12.52441,12.52712,0.00,0.00
2017.04.06 13:33:56.319,12.52468,12.52732,0.00,0.00
2017.04.06 13:33:56.449,12.52441,12.52711,0.00,0.00
2017.04.06 13:33:57.032,12.52459,12.52732,0.00,0.00
2017.04.06 13:33:57.196,12.52449,12.52731,0.00,0.00
2017.04.06 13:33:57.297,12.52458,12.52732,0.00,0.00
2017.04.06 13:33:58.201,12.52441,12.52722,0.00,0.00
2017.04.06 13:33:58.302,12.52498,12.52732,0.00,0.00
2017.04.06 13:33:58.748,12.52488,12.52732,0.00,0.00
2017.04.06 13:33:58.803,12.52441,12.52722,0.00,0.00
2017.04.06 13:33:58.910,12.52479,12.52732,0.00,0.00
2017.04.06 13:33:59.252,12.52542,12.52778,0.00,0.00
2017.04.06 13:33:59.568,12.52558,12.52778,0.00,0.00
2017.04.06 13:33:59.618,12.52558,12.52831,0.00,0.00
2017.04.06 13:33:59.707,12.52542,12.52812,0.00,0.00
2017.04.06 13:33:59.807,12.52559,12.52831,0.00,0.00
2017.04.06 13:33:59.913,12.52549,12.52831,0.00,0.00
2017.04.06 13:34:00.018,12.52542,12.52811,0.00,0.00
2017.04.06 13:34:00.327,12.52548,12.52831,0.00,0.00
2017.04.06 13:34:00.377,12.52628,12.52832,0.00,0.00
2017.04.06 13:34:00.428,12.52632,12.52841,0.00,0.00
2017.04.06 13:34:00.528,12.52648,12.52932,0.00,0.00
2017.04.06 13:34:00.644,12.52659,12.52932,0.00,0.00
2017.04.06 13:34:00.992,12.52699,12.52968,0.00,0.00
2017.04.06 13:34:01.163,12.52758,12.53032,0.00,0.00
2017.04.06 13:34:01.453,12.52758,12.52981,0.00,0.00
2017.04.06 13:34:01.554,12.52718,12.52958,0.00,0.00
2017.04.06 13:34:01.605,12.52718,12.52931,0.00,0.00
2017.04.06 13:34:01.656,12.52678,12.52931,0.00,0.00
2017.04.06 13:34:01.855,12.52689,12.52931,0.00,0.00
2017.04.06 13:34:01.965,12.52648,12.52931,0.00,0.00
2017.04.06 13:34:02.122,12.52668,12.52931,0.00,0.00
2017.04.06 13:34:02.227,12.52649,12.52931,0.00,0.00
2017.04.06 13:34:02.340,12.52642,12.52921,0.00,0.00
2017.04.06 13:34:02.704,12.52658,12.52931,0.00,0.00
2017.04.06 13:34:02.755,12.52642,12.52922,0.00,0.00
2017.04.06 13:34:03.238,12.52648,12.52931,0.00,0.00
2017.04.06 13:34:03.323,12.52658,12.52931,0.00,0.00
2017.04.06 13:34:03.837,12.52642,12.52921,0.00,0.00
2017.04.06 13:34:03.938,12.52658,12.52931,0.00,0.00
2017.04.06 13:34:04.369,12.52642,12.52911,0.00,0.00
2017.04.06 13:34:04.560,12.52649,12.52931,0.00,0.00
2017.04.06 13:34:04.627,12.52659,12.52931,0.00,0.00
2017.04.06 13:34:04.982,12.52642,12.52911,0.00,0.00
2017.04.06 13:34:05.134,12.52658,12.52931,0.00,0.00
2017.04.06 13:34:05.776,12.52642,12.52922,0.00,0.00
2017.04.06 13:34:05.880,12.52642,12.52902,0.00,0.00
2017.04.06 13:34:06.666,12.52642,12.52922,0.00,0.00
2017.04.06 13:34:07.234,12.52648,12.52931,0.00,0.00
2017.04.06 13:34:07.758,12.52658,12.52931,0.00,0.00
2017.04.06 13:34:08.135,12.52642,12.52912,0.00,0.00
2017.04.06 13:34:08.541,12.52642,12.52902,0.00,0.00
2017.04.06 13:34:09.283,12.52642,12.52921,0.00,0.00
2017.04.06 13:34:09.339,12.52658,12.52931,0.00,0.00
2017.04.06 13:34:09.467,12.52642,12.52922,0.00,0.00
2017.04.06 13:34:09.578,12.52648,12.52931,0.00,0.00
2017.04.06 13:34:09.788,12.52668,12.52931,0.00,0.00
2017.04.06 13:34:09.941,12.52642,12.52921,0.00,0.00
2017.04.06 13:34:10.040,12.52642,12.52901,0.00,0.00
2017.04.06 13:34:10.174,12.52642,12.52921,0.00,0.00
2017.04.06 13:34:10.274,12.52642,12.52902,0.00,0.00
2017.04.06 13:34:10.742,12.52659,12.52931,0.00,0.00
2017.04.06 13:34:10.944,12.52642,12.52921,0.00,0.00
2017.04.06 13:34:11.083,12.52659,12.52931,0.00,0.00
2017.04.06 13:34:11.244,12.52642,12.52921,0.00,0.00
2017.04.06 13:34:11.367,12.52668,12.52931,0.00,0.00
2017.04.06 13:34:11.479,12.52642,12.52911,0.00,0.00
2017.04.06 13:34:11.700,12.52721,12.52931,0.00,0.00
2017.04.06 13:34:11.753,12.52749,12.53031,0.00,0.00
2017.04.06 13:34:12.049,12.52729,12.53011,0.00,0.00
2017.04.06 13:34:12.394,12.52679,12.52932,0.00,0.00
2017.04.06 13:34:12.549,12.52651,12.52931,0.00,0.00
2017.04.06 13:34:12.694,12.52649,12.52931,0.00,0.00
2017.04.06 13:34:12.949,12.52658,12.52932,0.00,0.00
2017.04.06 13:34:13.250,12.52678,12.52932,0.00,0.00
2017.04.06 13:34:13.599,12.52648,12.52932,0.00,0.00
2017.04.06 13:34:13.651,12.52642,12.52922,0.00,0.00
2017.04.06 13:34:13.964,12.52709,12.52932,0.00,0.00
2017.04.06 13:34:14.072,12.52678,12.52932,0.00,0.00
2017.04.06 13:34:14.680,12.52648,12.52932,0.00,0.00
2017.04.06 13:34:14.781,12.52678,12.52932,0.00,0.00
2017.04.06 13:34:14.854,12.52658,12.52932,0.00,0.00
2017.04.06 13:34:15.270,12.52648,12.52932,0.00,0.00
2017.04.06 13:34:15.388,12.52699,12.52932,0.00,0.00
2017.04.06 13:34:15.456,12.52649,12.52931,0.00,0.00
2017.04.06 13:34:15.584,12.52638,12.52922,0.00,0.00
2017.04.06 13:34:15.793,12.52668,12.52932,0.00,0.00
2017.04.06 13:34:15.857,12.52659,12.52932,0.00,0.00
2017.04.06 13:34:16.024,12.52638,12.52922,0.00,0.00
2017.04.06 13:34:16.075,12.52658,12.52932,0.00,0.00
2017.04.06 13:34:16.181,12.52638,12.52922,0.00,0.00
2017.04.06 13:34:16.758,12.52648,12.52932,0.00,0.00
2017.04.06 13:34:17.059,12.52669,12.52932,0.00,0.00
2017.04.06 13:34:17.409,12.52671,12.52932,0.00,0.00
2017.04.06 13:34:17.728,12.52719,12.52931,0.00,0.00
2017.04.06 13:34:17.779,12.52671,12.52922,0.00,0.00
2017.04.06 13:34:18.180,12.52671,12.52931,0.00,0.00
2017.04.06 13:34:18.281,12.52671,12.52921,0.00,0.00
2017.04.06 13:34:18.331,12.52642,12.52921,0.00,0.00
2017.04.06 13:34:18.382,12.52668,12.52931,0.00,0.00
2017.04.06 13:34:18.759,12.52678,12.52931,0.00,0.00
2017.04.06 13:34:18.887,12.52668,12.52931,0.00,0.00
2017.04.06 13:34:18.964,12.52642,12.52921,0.00,0.00
2017.04.06 13:34:19.802,12.52658,12.52931,0.00,0.00
2017.04.06 13:34:19.866,12.52642,12.52922,0.00,0.00
2017.04.06 13:34:20.091,12.52658,12.52931,0.00,0.00
2017.04.06 13:34:20.195,12.52642,12.52922,0.00,0.00
2017.04.06 13:34:20.702,12.52679,12.52931,0.00,0.00
2017.04.06 13:34:21.170,12.52642,12.52922,0.00,0.00
2017.04.06 13:34:21.382,12.52669,12.52931,0.00,0.00
2017.04.06 13:34:21.712,12.52649,12.52931,0.00,0.00
2017.04.06 13:34:21.873,12.52678,12.52931,0.00,0.00
2017.04.06 13:34:22.086,12.52668,12.52931,0.00,0.00
2017.04.06 13:34:22.304,12.52642,12.52921,0.00,0.00
2017.04.06 13:34:22.414,12.52649,12.52931,0.00,0.00
2017.04.06 13:34:22.475,12.52688,12.52931,0.00,0.00
2017.04.06 13:34:22.686,12.52729,12.52979,0.00,0.00
2017.04.06 13:34:22.790,12.52749,12.52979,0.00,0.00
2017.04.06 13:34:23.038,12.52749,12.53031,0.00,0.00
2017.04.06 13:34:23.089,12.52729,12.53012,0.00,0.00
2017.04.06 13:34:23.512,12.52739,12.53021,0.00,0.00
2017.04.06 13:34:24.023,12.52738,12.53022,0.00,0.00
2017.04.06 13:34:24.349,12.52758,12.53031,0.00,0.00
2017.04.06 13:34:24.613,12.52738,12.53022,0.00,0.00
2017.04.06 13:34:24.726,12.52759,12.53031,0.00,0.00
2017.04.06 13:34:24.784,12.52729,12.53012,0.00,0.00
2017.04.06 13:34:25.202,12.52758,12.53031,0.00,0.00
2017.04.06 13:34:25.386,12.52729,12.53011,0.00,0.00
2017.04.06 13:34:25.694,12.52758,12.53031,0.00,0.00
2017.04.06 13:34:25.788,12.52729,12.53011,0.00,0.00
2017.04.06 13:34:25.914,12.52729,12.53002,0.00,0.00
2017.04.06 13:34:25.988,12.52739,12.53021,0.00,0.00
2017.04.06 13:34:26.389,12.52729,12.53002,0.00,0.00
2017.04.06 13:34:26.699,12.52729,12.53012,0.00,0.00
2017.04.06 13:34:27.330,12.52758,12.53031,0.00,0.00
2017.04.06 13:34:27.491,12.52738,12.53022,0.00,0.00
2017.04.06 13:34:27.730,12.52758,12.53031,0.00,0.00
2017.04.06 13:34:27.994,12.52748,12.53031,0.00,0.00
2017.04.06 13:34:28.127,12.52758,12.53031,0.00,0.00
2017.04.06 13:34:28.233,12.52729,12.53011,0.00,0.00
2017.04.06 13:34:28.295,12.52778,12.53031,0.00,0.00
2017.04.06 13:34:28.421,12.52768,12.53031,0.00,0.00
2017.04.06 13:34:28.640,12.52738,12.53022,0.00,0.00
2017.04.06 13:34:28.833,12.52749,12.53031,0.00,0.00
2017.04.06 13:34:29.186,12.52778,12.53031,0.00,0.00
2017.04.06 13:34:29.237,12.52758,12.53031,0.00,0.00
2017.04.06 13:34:29.298,12.52779,12.53031,0.00,0.00
2017.04.06 13:34:29.646,12.52832,12.53031,0.00,0.00
2017.04.06 13:34:29.696,12.52832,12.53061,0.00,0.00
2017.04.06 13:34:29.747,12.52832,12.53042,0.00,0.00
2017.04.06 13:34:29.800,12.52848,12.53132,0.00,0.00
2017.04.06 13:34:29.901,12.52889,12.53132,0.00,0.00
2017.04.06 13:34:30.023,12.52859,12.53132,0.00,0.00
2017.04.06 13:34:30.074,12.52859,12.53032,0.00,0.00
2017.04.06 13:34:30.124,12.52828,12.53032,0.00,0.00
2017.04.06 13:34:30.326,12.52809,12.53031,0.00,0.00
2017.04.06 13:34:30.426,12.52848,12.53031,0.00,0.00
2017.04.06 13:34:30.502,12.52789,12.53031,0.00,0.00
2017.04.06 13:34:30.561,12.52789,12.53058,0.00,0.00
2017.04.06 13:34:30.611,12.52781,12.53021,0.00,0.00
2017.04.06 13:34:30.914,12.52742,12.53022,0.00,0.00
2017.04.06 13:34:31.312,12.52758,12.53031,0.00,0.00
2017.04.06 13:34:31.415,12.52742,12.53021,0.00,0.00
2017.04.06 13:34:31.728,12.52759,12.53031,0.00,0.00
2017.04.06 13:34:31.805,12.52742,12.53021,0.00,0.00
2017.04.06 13:34:31.931,12.52769,12.53031,0.00,0.00
2017.04.06 13:34:32.754,12.52742,12.53021,0.00,0.00
2017.04.06 13:34:33.146,12.52758,12.53031,0.00,0.00
2017.04.06 13:34:33.355,12.52749,12.53031,0.00,0.00
2017.04.06 13:34:33.910,12.52759,12.53031,0.00,0.00
2017.04.06 13:34:34.350,12.52778,12.53031,0.00,0.00
2017.04.06 13:34:34.412,12.52742,12.53021,0.00,0.00
2017.04.06 13:34:34.726,12.52759,12.53031,0.00,0.00
2017.04.06 13:34:35.314,12.52778,12.53031,0.00,0.00
2017.04.06 13:34:35.662,12.52829,12.53031,0.00,0.00
2017.04.06 13:34:35.734,12.52848,12.53131,0.00,0.00
2017.04.06 13:34:35.917,12.52829,12.53101,0.00,0.00
2017.04.06 13:34:36.265,12.52849,12.53131,0.00,0.00
2017.04.06 13:34:36.782,12.52848,12.53131,0.00,0.00
2017.04.06 13:34:37.001,12.52848,12.53032,0.00,0.00
2017.04.06 13:34:37.152,12.52828,12.53079,0.00,0.00
2017.04.06 13:34:37.253,12.52828,12.53042,0.00,0.00
2017.04.06 13:34:37.321,12.52828,12.53079,0.00,0.00
2017.04.06 13:34:37.375,12.52822,12.53079,0.00,0.00
2017.04.06 13:34:37.425,12.52848,12.53069,0.00,0.00
2017.04.06 13:34:37.526,12.52808,12.53031,0.00,0.00
2017.04.06 13:34:37.665,12.52741,12.53022,0.00,0.00
2017.04.06 13:34:37.722,12.52741,12.53011,0.00,0.00
2017.04.06 13:34:38.046,12.52798,12.53031,0.00,0.00
2017.04.06 13:34:38.272,12.52769,12.53031,0.00,0.00
2017.04.06 13:34:38.323,12.52749,12.53031,0.00,0.00
2017.04.06 13:34:38.769,12.52769,12.53031,0.00,0.00
2017.04.06 13:34:38.824,12.52759,12.53031,0.00,0.00
2017.04.06 13:34:38.930,12.52741,12.53021,0.00,0.00
2017.04.06 13:34:39.024,12.52759,12.53031,0.00,0.00
2017.04.06 13:34:39.361,12.52741,12.53022,0.00,0.00
2017.04.06 13:34:39.468,12.52769,12.53031,0.00,0.00
2017.04.06 13:34:39.625,12.52741,12.53022,0.00,0.00
2017.04.06 13:34:39.726,12.52741,12.53012,0.00,0.00
2017.04.06 13:34:40.326,12.52748,12.53031,0.00,0.00
2017.04.06 13:34:40.753,12.52798,12.53031,0.00,0.00
2017.04.06 13:34:40.829,12.52741,12.53022,0.00,0.00
2017.04.06 13:34:41.029,12.52769,12.53031,0.00,0.00
2017.04.06 13:34:41.341,12.52848,12.53132,0.00,0.00
2017.04.06 13:34:41.532,12.52858,12.53132,0.00,0.00
2017.04.06 13:34:41.770,12.52848,12.53132,0.00,0.00
2017.04.06 13:34:42.240,12.52858,12.53132,0.00,0.00
2017.04.06 13:34:42.442,12.52939,12.53221,0.00,0.00
2017.04.06 13:34:42.521,12.52939,12.53132,0.00,0.00
2017.04.06 13:34:42.571,12.52908,12.53132,0.00,0.00
2017.04.06 13:34:42.635,12.52872,12.53112,0.00,0.00
2017.04.06 13:34:42.776,12.52872,12.53131,0.00,0.00
2017.04.06 13:34:42.962,12.52872,12.53102,0.00,0.00
2017.04.06 13:34:43.037,12.52872,12.53132,0.00,0.00
2017.04.06 13:34:43.257,12.52831,12.53102,0.00,0.00
2017.04.06 13:34:43.438,12.52849,12.53131,0.00,0.00
2017.04.06 13:34:43.551,12.52849,12.53059,0.00,0.00
2017.04.06 13:34:43.652,12.52831,12.53101,0.00,0.00
2017.04.06 13:34:43.753,12.52828,12.53069,0.00,0.00
2017.04.06 13:34:43.941,12.52741,12.53022,0.00,0.00
2017.04.06 13:34:44.052,12.52741,12.53011,0.00,0.00
2017.04.06 13:34:44.283,12.52758,12.53032,0.00,0.00
2017.04.06 13:34:44.441,12.52749,12.53031,0.00,0.00
2017.04.06 13:34:44.553,12.52741,12.53011,0.00,0.00
2017.04.06 13:34:44.753,12.52741,12.53022,0.00,0.00
2017.04.06 13:34:44.855,12.52758,12.53032,0.00,0.00
2017.04.06 13:34:45.366,12.52741,12.53011,0.00,0.00
2017.04.06 13:34:45.556,12.52741,12.53021,0.00,0.00
2017.04.06 13:34:45.665,12.52741,12.53012,0.00,0.00
2017.04.06 13:34:45.889,12.52759,12.53032,0.00,0.00
2017.04.06 13:34:45.995,12.52741,12.53011,0.00,0.00
2017.04.06 13:34:46.181,12.52749,12.53031,0.00,0.00
2017.04.06 13:34:46.585,12.52741,12.53022,0.00,0.00
2017.04.06 13:34:46.894,12.52778,12.53032,0.00,0.00
2017.04.06 13:34:47.162,12.52772,12.53032,0.00,0.00
2017.04.06 13:34:47.464,12.52772,12.53012,0.00,0.00
2017.04.06 13:34:47.551,12.52772,12.53032,0.00,0.00
2017.04.06 13:34:47.619,12.52769,12.53032,0.00,0.00
2017.04.06 13:34:47.876,12.52748,12.53032,0.00,0.00
2017.04.06 13:34:47.953,12.52768,12.53032,0.00,0.00
2017.04.06 13:34:48.174,12.52741,12.53021,0.00,0.00
2017.04.06 13:34:48.855,12.52741,12.53012,0.00,0.00
2017.04.06 13:34:48.972,12.52758,12.53032,0.00,0.00
2017.04.06 13:34:49.176,12.52741,12.53011,0.00,0.00
2017.04.06 13:34:50.057,12.52741,12.53021,0.00,0.00
2017.04.06 13:34:50.158,12.52741,12.53012,0.00,0.00
2017.04.06 13:34:50.600,12.52758,12.53032,0.00,0.00
2017.04.06 13:34:50.797,12.52832,12.53012,0.00,0.00
2017.04.06 13:34:50.906,12.52832,12.53021,0.00,0.00
2017.04.06 13:34:50.960,12.52838,12.53079,0.00,0.00
2017.04.06 13:34:51.061,12.52832,12.53079,0.00,0.00
2017.04.06 13:34:51.164,12.52798,12.53031,0.00,0.00
2017.04.06 13:34:51.407,12.52741,12.53012,0.00,0.00
2017.04.06 13:34:51.763,12.52759,12.53031,0.00,0.00
2017.04.06 13:34:51.983,12.52741,12.53022,0.00,0.00
2017.04.06 13:34:52.267,12.52749,12.53031,0.00,0.00
2017.04.06 13:34:52.368,12.52741,12.53012,0.00,0.00
2017.04.06 13:34:52.993,12.52748,12.53031,0.00,0.00
2017.04.06 13:34:53.067,12.52758,12.53031,0.00,0.00
2017.04.06 13:34:53.369,12.52741,12.53011,0.00,0.00
2017.04.06 13:34:53.975,12.52759,12.53031,0.00,0.00
2017.04.06 13:34:54.076,12.52741,12.53011,0.00,0.00
2017.04.06 13:34:54.469,12.52741,12.53021,0.00,0.00
2017.04.06 13:34:54.585,12.52758,12.53031,0.00,0.00
2017.04.06 13:34:54.919,12.52741,12.53001,0.00,0.00
2017.04.06 13:34:55.072,12.52741,12.53022,0.00,0.00
2017.04.06 13:34:55.779,12.52749,12.53031,0.00,0.00
2017.04.06 13:34:55.898,12.52741,12.53001,0.00,0.00
2017.04.06 13:34:56.006,12.52758,12.53031,0.00,0.00
2017.04.06 13:34:56.186,12.52741,12.53001,0.00,0.00
2017.04.06 13:34:56.289,12.52741,12.53011,0.00,0.00
2017.04.06 13:34:56.678,12.52748,12.53031,0.00,0.00
2017.04.06 13:34:56.848,12.52748,12.52969,0.00,0.00
2017.04.06 13:34:56.898,12.52718,12.52969,0.00,0.00
2017.04.06 13:34:56.949,12.52718,12.52932,0.00,0.00
2017.04.06 13:34:57.000,12.52708,12.52932,0.00,0.00
2017.04.06 13:34:57.114,12.52671,12.52922,0.00,0.00
2017.04.06 13:34:57.382,12.52698,12.52932,0.00,0.00
2017.04.06 13:34:57.490,12.52671,12.52912,0.00,0.00
2017.04.06 13:34:57.660,12.52631,12.52912,0.00,0.00
2017.04.06 13:34:57.804,12.52658,12.52932,0.00,0.00
2017.04.06 13:34:58.410,12.52648,12.52932,0.00,0.00
2017.04.06 13:34:58.523,12.52631,12.52911,0.00,0.00
2017.04.06 13:34:58.853,12.52629,12.52859,0.00,0.00
2017.04.06 13:34:59.004,12.52541,12.52822,0.00,0.00
2017.04.06 13:34:59.087,12.52578,12.52832,0.00,0.00
2017.04.06 13:34:59.187,12.52549,12.52831,0.00,0.00
2017.04.06 13:34:59.310,12.52541,12.52822,0.00,0.00
2017.04.06 13:34:59.639,12.52618,12.52832,0.00,0.00
2017.04.06 13:34:59.690,12.52578,12.52832,0.00,0.00
2017.04.06 13:34:59.790,12.52598,12.52832,0.00,0.00
2017.04.06 13:34:59.891,12.52621,12.52861,0.00,0.00
2017.04.06 13:34:59.992,12.52659,12.52932,0.00,0.00
2017.04.06 13:35:00.227,12.52628,12.52901,0.00,0.00
2017.04.06 13:35:00.327,12.52658,12.52932,0.00,0.00
2017.04.06 13:35:00.557,12.52679,12.52932,0.00,0.00
2017.04.06 13:35:00.871,12.52739,12.52982,0.00,0.00
2017.04.06 13:35:00.972,12.52739,12.53021,0.00,0.00
2017.04.06 13:35:01.128,12.52728,12.53002,0.00,0.00
2017.04.06 13:35:01.498,12.52748,12.53032,0.00,0.00
2017.04.06 13:35:01.660,12.52728,12.53012,0.00,0.00
2017.04.06 13:35:01.981,12.52709,12.52981,0.00,0.00
2017.04.06 13:35:02.199,12.52748,12.53031,0.00,0.00
2017.04.06 13:35:02.500,12.52731,12.53011,0.00,0.00
2017.04.06 13:35:02.600,12.52749,12.53031,0.00,0.00
2017.04.06 13:35:02.701,12.52739,12.53021,0.00,0.00
2017.04.06 13:35:02.939,12.52748,12.53031,0.00,0.00
2017.04.06 13:35:03.334,12.52731,12.53002,0.00,0.00
2017.04.06 13:35:03.401,12.52749,12.53031,0.00,0.00
2017.04.06 13:35:03.501,12.52739,12.53021,0.00,0.00
2017.04.06 13:35:03.813,12.52769,12.53031,0.00,0.00
2017.04.06 13:35:04.035,12.52742,12.53022,0.00,0.00
2017.04.06 13:35:04.223,12.52769,12.53031,0.00,0.00
2017.04.06 13:35:04.416,12.52742,12.53021,0.00,0.00
2017.04.06 13:35:04.732,12.52769,12.53031,0.00,0.00
2017.04.06 13:35:05.032,12.52742,12.53021,0.00,0.00
2017.04.06 13:35:05.107,12.52768,12.53031,0.00,0.00
2017.04.06 13:35:05.217,12.52742,12.53022,0.00,0.00
2017.04.06 13:35:05.356,12.52742,12.53012,0.00,0.00
2017.04.06 13:35:05.408,12.52742,12.53021,0.00,0.00
2017.04.06 13:35:05.810,12.52742,12.53011,0.00,0.00
2017.04.06 13:35:06.141,12.52749,12.53031,0.00,0.00
2017.04.06 13:35:06.210,12.52769,12.53032,0.00,0.00
2017.04.06 13:35:06.415,12.52742,12.53012,0.00,0.00
2017.04.06 13:35:06.632,12.52759,12.53032,0.00,0.00
2017.04.06 13:35:06.949,12.52742,12.53001,0.00,0.00
2017.04.06 13:35:07.258,12.52758,12.53032,0.00,0.00
2017.04.06 13:35:07.434,12.52742,12.53011,0.00,0.00
2017.04.06 13:35:07.514,12.52748,12.53032,0.00,0.00
2017.04.06 13:35:07.634,12.52742,12.53011,0.00,0.00
2017.04.06 13:35:08.750,12.52742,12.53022,0.00,0.00
2017.04.06 13:35:08.817,12.52742,12.53002,0.00,0.00
2017.04.06 13:35:09.232,12.52749,12.52932,0.00,0.00
2017.04.06 13:35:09.342,12.52718,12.52931,0.00,0.00
2017.04.06 13:35:09.488,12.52678,12.52931,0.00,0.00
2017.04.06 13:35:09.539,12.52651,12.52931,0.00,0.00
2017.04.06 13:35:10.020,12.52651,12.52922,0.00,0.00
2017.04.06 13:35:10.233,12.52642,12.52921,0.00,0.00
2017.04.06 13:35:10.421,12.52669,12.52931,0.00,0.00
2017.04.06 13:35:10.550,12.52642,12.52912,0.00,0.00
2017.04.06 13:35:11.022,12.52648,12.52931,0.00,0.00
2017.04.06 13:35:11.199,12.52658,12.52931,0.00,0.00
2017.04.06 13:35:11.328,12.52649,12.52931,0.00,0.00
2017.04.06 13:35:11.442,12.52642,12.52911,0.00,0.00
2017.04.06 13:35:11.567,12.52648,12.52931,0.00,0.00
2017.04.06 13:35:11.623,12.52658,12.52931,0.00,0.00
2017.04.06 13:35:12.176,12.52642,12.52911,0.00,0.00
2017.04.06 13:35:12.227,12.52648,12.52931,0.00,0.00
2017.04.06 13:35:12.334,12.52648,12.52859,0.00,0.00
2017.04.06 13:35:12.439,12.52619,12.52859,0.00,0.00
2017.04.06 13:35:12.490,12.52619,12.52831,0.00,0.00
2017.04.06 13:35:12.540,12.52541,12.52821,0.00,0.00
2017.04.06 13:35:12.801,12.52549,12.52831,0.00,0.00
2017.04.06 13:35:13.438,12.52578,12.52831,0.00,0.00
2017.04.06 13:35:13.726,12.52669,12.52932,0.00,0.00
2017.04.06 13:35:13.777,12.52678,12.52932,0.00,0.00
2017.04.06 13:35:14.091,12.52708,12.52932,0.00,0.00
2017.04.06 13:35:14.142,12.52651,12.52932,0.00,0.00
2017.04.06 13:35:14.431,12.52679,12.52932,0.00,0.00
2017.04.06 13:35:14.538,12.52658,12.52932,0.00,0.00
2017.04.06 13:35:14.942,12.52641,12.52921,0.00,0.00
2017.04.06 13:35:15.246,12.52658,12.52932,0.00,0.00
2017.04.06 13:35:15.567,12.52718,12.52932,0.00,0.00
2017.04.06 13:35:15.633,12.52688,12.52932,0.00,0.00
2017.04.06 13:35:15.858,12.52658,12.52932,0.00,0.00
2017.04.06 13:35:16.375,12.52689,12.52932,0.00,0.00
2017.04.06 13:35:16.434,12.52649,12.52931,0.00,0.00
2017.04.06 13:35:16.655,12.52679,12.52951,0.00,0.00
2017.04.06 13:35:16.963,12.52671,12.52932,0.00,0.00
2017.04.06 13:35:17.308,12.52688,12.52932,0.00,0.00
2017.04.06 13:35:17.358,12.52671,12.52932,0.00,0.00
2017.04.06 13:35:17.471,12.52679,12.52932,0.00,0.00
2017.04.06 13:35:17.840,12.52658,12.52932,0.00,0.00
2017.04.06 13:35:17.990,12.52678,12.52942,0.00,0.00
2017.04.06 13:35:18.040,12.52678,12.52952,0.00,0.00
2017.04.06 13:35:18.091,12.52722,12.52952,0.00,0.00
2017.04.06 13:35:18.247,12.52738,12.52988,0.00,0.00
2017.04.06 13:35:18.298,12.52738,12.52968,0.00,0.00
2017.04.06 13:35:18.552,12.52659,12.52931,0.00,0.00
2017.04.06 13:35:18.653,12.52748,12.52931,0.00,0.00
2017.04.06 13:35:18.777,12.52649,12.52931,0.00,0.00
2017.04.06 13:35:19.042,12.52668,12.52931,0.00,0.00
2017.04.06 13:35:19.364,12.52648,12.52931,0.00,0.00
2017.04.06 13:35:19.472,12.52668,12.52931,0.00,0.00
2017.04.06 13:35:19.540,12.52649,12.52931,0.00,0.00
2017.04.06 13:35:19.653,12.52669,12.52931,0.00,0.00
2017.04.06 13:35:19.865,12.52641,12.52921,0.00,0.00
2017.04.06 13:35:20.059,12.52669,12.52931,0.00,0.00
2017.04.06 13:35:20.162,12.52641,12.52922,0.00,0.00
2017.04.06 13:35:20.284,12.52658,12.52931,0.00,0.00
2017.04.06 13:35:20.388,12.52638,12.52922,0.00,0.00
2017.04.06 13:35:20.489,12.52658,12.52931,0.00,0.00
2017.04.06 13:35:20.975,12.52669,12.52931,0.00,0.00
2017.04.06 13:35:21.044,12.52638,12.52922,0.00,0.00
2017.04.06 13:35:21.145,12.52668,12.52931,0.00,0.00
2017.04.06 13:35:21.352,12.52679,12.52958,0.00,0.00
2017.04.06 13:35:21.403,12.52731,12.52962,0.00,0.00
2017.04.06 13:35:21.454,12.52731,12.52981,0.00,0.00
2017.04.06 13:35:21.554,12.52759,12.53032,0.00,0.00
2017.04.06 13:35:23.205,12.52759,12.52968,0.00,0.00
2017.04.06 13:35:23.255,12.52728,12.52968,0.00,0.00
2017.04.06 13:35:23.362,12.52659,12.52931,0.00,0.00
2017.04.06 13:35:24.216,12.52669,12.52931,0.00,0.00
2017.04.06 13:35:24.266,12.52658,12.52931,0.00,0.00
2017.04.06 13:35:24.990,12.52669,12.52931,0.00,0.00
2017.04.06 13:35:25.092,12.52648,12.52931,0.00,0.00
2017.04.06 13:35:25.762,12.52669,12.52931,0.00,0.00
2017.04.06 13:35:25.858,12.52648,12.52931,0.00,0.00
2017.04.06 13:35:26.202,12.52659,12.52931,0.00,0.00
2017.04.06 13:35:26.308,12.52649,12.52931,0.00,0.00
2017.04.06 13:35:26.420,12.52649,12.52858,0.00,0.00
2017.04.06 13:35:26.471,12.52639,12.52858,0.00,0.00
2017.04.06 13:35:26.522,12.52639,12.52832,0.00,0.00
2017.04.06 13:35:26.572,12.52559,12.52832,0.00,0.00
2017.04.06 13:35:26.677,12.52569,12.52832,0.00,0.00
2017.04.06 13:35:27.593,12.52579,12.52832,0.00,0.00
2017.04.06 13:35:28.215,12.52589,12.52759,0.00,0.00
2017.04.06 13:35:28.316,12.52489,12.52732,0.00,0.00
2017.04.06 13:35:28.500,12.52392,12.52632,0.00,0.00
2017.04.06 13:35:29.017,12.52368,12.52632,0.00,0.00
2017.04.06 13:35:29.340,12.52368,12.52581,0.00,0.00
2017.04.06 13:35:29.646,12.52318,12.52569,0.00,0.00
2017.04.06 13:35:29.697,12.52388,12.52569,0.00,0.00
2017.04.06 13:35:29.798,12.52279,12.52532,0.00,0.00
2017.04.06 13:35:29.917,12.52299,12.52532,0.00,0.00
2017.04.06 13:35:29.972,12.52278,12.52532,0.00,0.00
2017.04.06 13:35:30.073,12.52309,12.52532,0.00,0.00
2017.04.06 13:35:30.195,12.52288,12.52532,0.00,0.00
2017.04.06 13:35:30.313,12.52308,12.52532,0.00,0.00
2017.04.06 13:35:30.891,12.52318,12.52532,0.00,0.00
2017.04.06 13:35:30.993,12.52308,12.52532,0.00,0.00
2017.04.06 13:35:31.044,12.52308,12.52459,0.00,0.00
2017.04.06 13:35:31.094,12.52198,12.52459,0.00,0.00
2017.04.06 13:35:31.145,12.52198,12.52432,0.00,0.00
2017.04.06 13:35:31.377,12.52188,12.52432,0.00,0.00
2017.04.06 13:35:31.476,12.52219,12.52432,0.00,0.00
2017.04.06 13:35:31.726,12.52189,12.52432,0.00,0.00
2017.04.06 13:35:31.889,12.52219,12.52432,0.00,0.00
2017.04.06 13:35:32.098,12.52188,12.52432,0.00,0.00
2017.04.06 13:35:32.426,12.52178,12.52432,0.00,0.00
2017.04.06 13:35:32.578,12.52199,12.52432,0.00,0.00
2017.04.06 13:35:32.881,12.52189,12.52432,0.00,0.00
2017.04.06 13:35:32.985,12.52219,12.52459,0.00,0.00
2017.04.06 13:35:33.085,12.52308,12.52568,0.00,0.00
2017.04.06 13:35:33.136,12.52308,12.52532,0.00,0.00
2017.04.06 13:35:33.404,12.52289,12.52532,0.00,0.00
2017.04.06 13:35:33.685,12.52319,12.52532,0.00,0.00
2017.04.06 13:35:33.783,12.52289,12.52532,0.00,0.00
2017.04.06 13:35:33.915,12.52328,12.52532,0.00,0.00
2017.04.06 13:35:34.122,12.52298,12.52532,0.00,0.00
2017.04.06 13:35:34.184,12.52318,12.52532,0.00,0.00
2017.04.06 13:35:34.524,12.52308,12.52532,0.00,0.00
2017.04.06 13:35:34.584,12.52289,12.52532,0.00,0.00
2017.04.06 13:35:34.688,12.52349,12.52532,0.00,0.00
2017.04.06 13:35:34.785,12.52319,12.52532,0.00,0.00
2017.04.06 13:35:35.015,12.52328,12.52532,0.00,0.00
2017.04.06 13:35:35.118,12.52288,12.52532,0.00,0.00
2017.04.06 13:35:35.286,12.52298,12.52532,0.00,0.00
2017.04.06 13:35:35.387,12.52278,12.52532,0.00,0.00
2017.04.06 13:35:35.518,12.52328,12.52532,0.00,0.00
2017.04.06 13:35:36.187,12.52298,12.52532,0.00,0.00
2017.04.06 13:35:36.287,12.52318,12.52532,0.00,0.00
2017.04.06 13:35:36.388,12.52298,12.52532,0.00,0.00
2017.04.06 13:35:37.623,12.52278,12.52532,0.00,0.00
2017.04.06 13:35:37.891,12.52298,12.52532,0.00,0.00
2017.04.06 13:35:38.196,12.52318,12.52532,0.00,0.00
2017.04.06 13:35:38.544,12.52338,12.52532,0.00,0.00
2017.04.06 13:35:38.717,12.52338,12.52568,0.00,0.00
2017.04.06 13:35:38.817,12.52348,12.52632,0.00,0.00
2017.04.06 13:35:38.868,12.52348,12.52531,0.00,0.00
2017.04.06 13:35:38.918,12.52328,12.52531,0.00,0.00
2017.04.06 13:35:38.969,12.52332,12.52531,0.00,0.00
2017.04.06 13:35:39.019,12.52332,12.52579,0.00,0.00
2017.04.06 13:35:39.233,12.52389,12.52579,0.00,0.00
2017.04.06 13:35:39.594,12.52408,12.52579,0.00,0.00
2017.04.06 13:35:39.644,12.52408,12.52631,0.00,0.00
2017.04.06 13:35:39.695,12.52378,12.52631,0.00,0.00
2017.04.06 13:35:39.809,12.52368,12.52631,0.00,0.00
2017.04.06 13:35:39.927,12.52379,12.52631,0.00,0.00
2017.04.06 13:35:40.243,12.52409,12.52631,0.00,0.00
2017.04.06 13:35:40.295,12.52369,12.52631,0.00,0.00
2017.04.06 13:35:40.592,12.52388,12.52631,0.00,0.00
2017.04.06 13:35:40.642,12.52369,12.52631,0.00,0.00
2017.04.06 13:35:41.196,12.52389,12.52631,0.00,0.00
2017.04.06 13:35:41.571,12.52409,12.52631,0.00,0.00
2017.04.06 13:35:41.724,12.52409,12.52669,0.00,0.00
2017.04.06 13:35:41.825,12.52378,12.52631,0.00,0.00
2017.04.06 13:35:42.138,12.52418,12.52631,0.00,0.00
2017.04.06 13:35:42.297,12.52379,12.52631,0.00,0.00
2017.04.06 13:35:42.348,12.52408,12.52631,0.00,0.00
2017.04.06 13:35:42.715,12.52439,12.52631,0.00,0.00
2017.04.06 13:35:42.816,12.52428,12.52631,0.00,0.00
2017.04.06 13:35:43.119,12.52448,12.52631,0.00,0.00
2017.04.06 13:35:43.222,12.52428,12.52631,0.00,0.00
2017.04.06 13:35:43.340,12.52378,12.52631,0.00,0.00
2017.04.06 13:35:43.775,12.52398,12.52631,0.00,0.00
2017.04.06 13:35:44.132,12.52419,12.52631,0.00,0.00
2017.04.06 13:35:44.506,12.52379,12.52631,0.00,0.00
2017.04.06 13:35:44.852,12.52408,12.52661,0.00,0.00
2017.04.06 13:35:45.003,12.52408,12.52669,0.00,0.00
2017.04.06 13:35:45.103,12.52399,12.52621,0.00,0.00
2017.04.06 13:35:45.425,12.52319,12.52568,0.00,0.00
2017.04.06 13:35:45.505,12.52309,12.52562,0.00,0.00
2017.04.06 13:35:45.605,12.52309,12.52568,0.00,0.00
2017.04.06 13:35:45.708,12.52338,12.52568,0.00,0.00
2017.04.06 13:35:45.812,12.52309,12.52568,0.00,0.00
2017.04.06 13:35:45.944,12.52309,12.52561,0.00,0.00
2017.04.06 13:35:46.309,12.52279,12.52522,0.00,0.00
2017.04.06 13:35:46.592,12.52208,12.52459,0.00,0.00
2017.04.06 13:35:46.744,12.52219,12.52459,0.00,0.00
2017.04.06 13:35:46.845,12.52208,12.52459,0.00,0.00
2017.04.06 13:35:47.579,12.52219,12.52459,0.00,0.00
2017.04.06 13:35:48.310,12.52259,12.52459,0.00,0.00
2017.04.06 13:35:48.361,12.52259,12.52469,0.00,0.00
2017.04.06 13:35:48.462,12.52228,12.52469,0.00,0.00
2017.04.06 13:35:48.512,12.52259,12.52469,0.00,0.00
2017.04.06 13:35:48.660,12.52219,12.52469,0.00,0.00
2017.04.06 13:35:48.958,12.52269,12.52469,0.00,0.00
2017.04.06 13:35:49.061,12.52208,12.52469,0.00,0.00
2017.04.06 13:35:49.162,12.52268,12.52469,0.00,0.00
2017.04.06 13:35:49.214,12.52208,12.52469,0.00,0.00
2017.04.06 13:35:49.715,12.52259,12.52469,0.00,0.00
2017.04.06 13:35:50.028,12.52288,12.52469,0.00,0.00
2017.04.06 13:35:50.129,12.52279,12.52469,0.00,0.00
2017.04.06 13:35:50.247,12.52249,12.52469,0.00,0.00
2017.04.06 13:35:50.354,12.52208,12.52461,0.00,0.00
2017.04.06 13:35:50.455,12.52208,12.52469,0.00,0.00
2017.04.06 13:35:50.632,12.52208,12.52462,0.00,0.00
2017.04.06 13:35:51.031,12.52218,12.52469,0.00,0.00
2017.04.06 13:35:51.341,12.52208,12.52459,0.00,0.00
2017.04.06 13:35:51.762,12.52238,12.52459,0.00,0.00
2017.04.06 13:35:52.020,12.52119,12.52359,0.00,0.00
2017.04.06 13:35:52.121,12.52109,12.52359,0.00,0.00
2017.04.06 13:35:52.262,12.52118,12.52359,0.00,0.00
2017.04.06 13:35:52.623,12.52109,12.52359,0.00,0.00
2017.04.06 13:35:52.812,12.52208,12.52359,0.00,0.00
2017.04.06 13:35:52.863,12.52209,12.52448,0.00,0.00
2017.04.06 13:35:53.473,12.52208,12.52448,0.00,0.00
2017.04.06 13:35:53.974,12.52188,12.52369,0.00,0.00
2017.04.06 13:35:54.025,12.52178,12.52369,0.00,0.00
2017.04.06 13:35:54.126,12.52109,12.52369,0.00,0.00
2017.04.06 13:35:54.302,12.52118,12.52369,0.00,0.00
2017.04.06 13:35:54.352,12.52159,12.52421,0.00,0.00
2017.04.06 13:35:54.453,12.52208,12.52412,0.00,0.00
2017.04.06 13:35:54.626,12.52228,12.52439,0.00,0.00
2017.04.06 13:35:54.762,12.52208,12.52439,0.00,0.00
2017.04.06 13:35:54.863,12.52238,12.52438,0.00,0.00
2017.04.06 13:35:54.994,12.52238,12.52449,0.00,0.00
2017.04.06 13:35:55.045,12.52208,12.52449,0.00,0.00
2017.04.06 13:35:55.095,12.52272,12.52482,0.00,0.00
2017.04.06 13:35:55.458,12.52338,12.52548,0.00,0.00
2017.04.06 13:35:55.793,12.52269,12.52459,0.00,0.00
2017.04.06 13:35:55.844,12.52228,12.52459,0.00,0.00
2017.04.06 13:35:55.946,12.52219,12.52459,0.00,0.00
2017.04.06 13:35:56.029,12.52238,12.52459,0.00,0.00
2017.04.06 13:35:56.170,12.52219,12.52459,0.00,0.00
2017.04.06 13:35:56.271,12.52258,12.52459,0.00,0.00
2017.04.06 13:35:56.378,12.52219,12.52459,0.00,0.00
2017.04.06 13:35:57.232,12.52229,12.52459,0.00,0.00
2017.04.06 13:35:57.432,12.52219,12.52459,0.00,0.00
2017.04.06 13:35:57.924,12.52318,12.52458,0.00,0.00
2017.04.06 13:35:58.077,12.52269,12.52458,0.00,0.00
2017.04.06 13:35:58.178,12.52218,12.52449,0.00,0.00
2017.04.06 13:35:58.233,12.52268,12.52449,0.00,0.00
2017.04.06 13:35:58.359,12.52218,12.52449,0.00,0.00
2017.04.06 13:35:58.590,12.52228,12.52449,0.00,0.00
2017.04.06 13:35:58.642,12.52218,12.52449,0.00,0.00
2017.04.06 13:35:59.470,12.52269,12.52449,0.00,0.00
2017.04.06 13:35:59.644,12.52218,12.52449,0.00,0.00
2017.04.06 13:36:00.938,12.52219,12.52449,0.00,0.00
2017.04.06 13:36:01.450,12.52218,12.52449,0.00,0.00
2017.04.06 13:36:01.869,12.52259,12.52449,0.00,0.00
2017.04.06 13:36:02.274,12.52218,12.52449,0.00,0.00
2017.04.06 13:36:02.341,12.52249,12.52449,0.00,0.00
2017.04.06 13:36:02.721,12.52258,12.52449,0.00,0.00
2017.04.06 13:36:02.873,12.52249,12.52449,0.00,0.00
2017.04.06 13:36:02.987,12.52218,12.52449,0.00,0.00
2017.04.06 13:36:03.310,12.52248,12.52449,0.00,0.00
2017.04.06 13:36:03.361,12.52218,12.52449,0.00,0.00
2017.04.06 13:36:03.412,12.52178,12.52329,0.00,0.00
2017.04.06 13:36:03.714,12.51989,12.52149,0.00,0.00
2017.04.06 13:36:03.765,12.51918,12.52149,0.00,0.00
2017.04.06 13:36:03.944,12.51968,12.52149,0.00,0.00
2017.04.06 13:36:04.049,12.51938,12.52149,0.00,0.00
2017.04.06 13:36:04.291,12.51969,12.52149,0.00,0.00
2017.04.06 13:36:04.392,12.51938,12.52149,0.00,0.00
2017.04.06 13:36:04.493,12.51948,12.52149,0.00,0.00
2017.04.06 13:36:04.815,12.51718,12.51969,0.00,0.00
2017.04.06 13:36:04.866,12.51769,12.51969,0.00,0.00
2017.04.06 13:36:05.094,12.51739,12.51969,0.00,0.00
2017.04.06 13:36:05.144,12.51739,12.51868,0.00,0.00
2017.04.06 13:36:05.295,12.51718,12.51851,0.00,0.00
2017.04.06 13:36:05.396,12.51719,12.51942,0.00,0.00
2017.04.06 13:36:05.448,12.51719,12.51969,0.00,0.00
2017.04.06 13:36:05.499,12.51708,12.51951,0.00,0.00
2017.04.06 13:36:05.801,12.51759,12.51952,0.00,0.00
2017.04.06 13:36:06.150,12.51789,12.51952,0.00,0.00
2017.04.06 13:36:06.254,12.51719,12.51952,0.00,0.00
2017.04.06 13:36:06.671,12.51738,12.51952,0.00,0.00
2017.04.06 13:36:06.787,12.51708,12.51952,0.00,0.00
2017.04.06 13:36:06.888,12.51779,12.51952,0.00,0.00
2017.04.06 13:36:07.091,12.51748,12.51952,0.00,0.00
2017.04.06 13:36:07.259,12.51748,12.51962,0.00,0.00
2017.04.06 13:36:07.378,12.51709,12.51962,0.00,0.00
2017.04.06 13:36:07.492,12.51738,12.51962,0.00,0.00
2017.04.06 13:36:07.553,12.51709,12.51962,0.00,0.00
2017.04.06 13:36:07.653,12.51768,12.51962,0.00,0.00
2017.04.06 13:36:07.998,12.51778,12.51962,0.00,0.00
2017.04.06 13:36:08.305,12.51769,12.51962,0.00,0.00
2017.04.06 13:36:08.448,12.51718,12.51962,0.00,0.00
2017.04.06 13:36:08.652,12.51738,12.51962,0.00,0.00
2017.04.06 13:36:08.755,12.51708,12.51962,0.00,0.00
2017.04.06 13:36:08.856,12.51808,12.51962,0.00,0.00
2017.04.06 13:36:08.988,12.51709,12.51962,0.00,0.00
2017.04.06 13:36:09.056,12.51728,12.51962,0.00,0.00
2017.04.06 13:36:09.392,12.51812,12.51991,0.00,0.00
2017.04.06 13:36:09.604,12.51829,12.52072,0.00,0.00
2017.04.06 13:36:09.657,12.51849,12.52072,0.00,0.00
2017.04.06 13:36:09.866,12.51812,12.52072,0.00,0.00
2017.04.06 13:36:10.098,12.51888,12.52072,0.00,0.00
2017.04.06 13:36:10.259,12.51812,12.52072,0.00,0.00
2017.04.06 13:36:10.360,12.51849,12.52072,0.00,0.00
2017.04.06 13:36:10.478,12.51812,12.52072,0.00,0.00
2017.04.06 13:36:10.603,12.51829,12.52072,0.00,0.00
2017.04.06 13:36:10.709,12.51812,12.52072,0.00,0.00
2017.04.06 13:36:10.810,12.51879,12.52072,0.00,0.00
2017.04.06 13:36:11.190,12.51848,12.52072,0.00,0.00
2017.04.06 13:36:11.302,12.51812,12.52072,0.00,0.00
2017.04.06 13:36:11.468,12.51839,12.52072,0.00,0.00
2017.04.06 13:36:11.769,12.51779,12.51962,0.00,0.00
2017.04.06 13:36:11.962,12.51712,12.51962,0.00,0.00
2017.04.06 13:36:12.091,12.51719,12.51962,0.00,0.00
2017.04.06 13:36:12.406,12.51812,12.52042,0.00,0.00
2017.04.06 13:36:12.507,12.51829,12.52061,0.00,0.00
2017.04.06 13:36:12.558,12.51829,12.52098,0.00,0.00
2017.04.06 13:36:12.608,12.51912,12.52112,0.00,0.00
2017.04.06 13:36:12.714,12.51912,12.52162,0.00,0.00
2017.04.06 13:36:12.765,12.51928,12.52162,0.00,0.00
2017.04.06 13:36:12.866,12.52011,12.52251,0.00,0.00
2017.04.06 13:36:12.916,12.51969,12.52199,0.00,0.00
2017.04.06 13:36:13.486,12.51938,12.52162,0.00,0.00
2017.04.06 13:36:13.537,12.51921,12.52192,0.00,0.00
2017.04.06 13:36:13.643,12.51921,12.52162,0.00,0.00
2017.04.06 13:36:13.966,12.51961,12.52172,0.00,0.00
2017.04.06 13:36:14.351,12.52011,12.52261,0.00,0.00
2017.04.06 13:36:14.869,12.52019,12.52261,0.00,0.00
2017.04.06 13:36:14.971,12.52011,12.52261,0.00,0.00
2017.04.06 13:36:15.724,12.51978,12.52212,0.00,0.00
2017.04.06 13:36:15.984,12.51971,12.52212,0.00,0.00
2017.04.06 13:36:16.196,12.51988,12.52212,0.00,0.00
2017.04.06 13:36:16.246,12.52011,12.52262,0.00,0.00
2017.04.06 13:36:16.297,12.52111,12.52251,0.00,0.00
2017.04.06 13:36:16.397,12.52118,12.52362,0.00,0.00
2017.04.06 13:36:16.509,12.52159,12.52262,0.00,0.00
2017.04.06 13:36:16.610,12.52098,12.52262,0.00,0.00
2017.04.06 13:36:16.786,12.52038,12.52262,0.00,0.00
2017.04.06 13:36:16.887,12.52022,12.52282,0.00,0.00
2017.04.06 13:36:16.937,12.52068,12.52298,0.00,0.00
2017.04.06 13:36:17.088,12.52119,12.52381,0.00,0.00
2017.04.06 13:36:17.197,12.52128,12.52381,0.00,0.00
2017.04.06 13:36:17.298,12.52119,12.52381,0.00,0.00
2017.04.06 13:36:17.409,12.52119,12.52371,0.00,0.00
2017.04.06 13:36:17.675,12.52119,12.52381,0.00,0.00
2017.04.06 13:36:17.726,12.52111,12.52331,0.00,0.00
2017.04.06 13:36:17.827,12.52118,12.52372,0.00,0.00
2017.04.06 13:36:17.877,12.52118,12.52341,0.00,0.00
2017.04.06 13:36:18.111,12.52118,12.52372,0.00,0.00
2017.04.06 13:36:18.176,12.52118,12.52382,0.00,0.00
2017.04.06 13:36:18.620,12.52149,12.52382,0.00,0.00
2017.04.06 13:36:18.678,12.52118,12.52382,0.00,0.00
2017.04.06 13:36:18.780,12.52118,12.52361,0.00,0.00
2017.04.06 13:36:19.189,12.52118,12.52381,0.00,0.00
2017.04.06 13:36:19.405,12.52148,12.52382,0.00,0.00
2017.04.06 13:36:19.479,12.52118,12.52381,0.00,0.00
2017.04.06 13:36:19.580,12.52129,12.52382,0.00,0.00
2017.04.06 13:36:19.907,12.52118,12.52382,0.00,0.00
2017.04.06 13:36:20.392,12.52129,12.52382,0.00,0.00
2017.04.06 13:36:20.632,12.52118,12.52381,0.00,0.00
2017.04.06 13:36:20.682,12.52118,12.52351,0.00,0.00
2017.04.06 13:36:20.783,12.52118,12.52382,0.00,0.00
2017.04.06 13:36:21.082,12.52118,12.52372,0.00,0.00
2017.04.06 13:36:21.184,12.52118,12.52381,0.00,0.00
2017.04.06 13:36:21.307,12.52118,12.52351,0.00,0.00
2017.04.06 13:36:21.483,12.52118,12.52382,0.00,0.00
2017.04.06 13:36:21.589,12.52121,12.52382,0.00,0.00
2017.04.06 13:36:21.895,12.52138,12.52382,0.00,0.00
2017.04.06 13:36:22.001,12.52128,12.52382,0.00,0.00
2017.04.06 13:36:22.185,12.52121,12.52352,0.00,0.00
2017.04.06 13:36:22.434,12.52121,12.52371,0.00,0.00
2017.04.06 13:36:22.486,12.52121,12.52351,0.00,0.00
2017.04.06 13:36:22.589,12.52138,12.52382,0.00,0.00
2017.04.06 13:36:22.690,12.52121,12.52362,0.00,0.00
2017.04.06 13:36:22.808,12.52121,12.52382,0.00,0.00
2017.04.06 13:36:23.022,12.52112,12.52332,0.00,0.00
2017.04.06 13:36:23.314,12.52129,12.52382,0.00,0.00
2017.04.06 13:36:23.618,12.52148,12.52382,0.00,0.00
2017.04.06 13:36:23.889,12.52128,12.52382,0.00,0.00
2017.04.06 13:36:24.326,12.52118,12.52382,0.00,0.00
2017.04.06 13:36:24.548,12.52118,12.52342,0.00,0.00
2017.04.06 13:36:24.599,12.52118,12.52351,0.00,0.00
2017.04.06 13:36:24.701,12.52118,12.52382,0.00,0.00
2017.04.06 13:36:25.027,12.52129,12.52382,0.00,0.00
2017.04.06 13:36:25.357,12.52101,12.52332,0.00,0.00
2017.04.06 13:36:25.700,12.52119,12.52379,0.00,0.00
2017.04.06 13:36:25.952,12.52119,12.52351,0.00,0.00
2017.04.06 13:36:26.002,12.52119,12.52379,0.00,0.00
2017.04.06 13:36:26.109,12.52119,12.52352,0.00,0.00
2017.04.06 13:36:26.221,12.52119,12.52379,0.00,0.00
2017.04.06 13:36:26.710,12.52069,12.52288,0.00,0.00
2017.04.06 13:36:26.811,12.52019,12.52252,0.00,0.00
2017.04.06 13:36:26.922,12.52019,12.52272,0.00,0.00
2017.04.06 13:36:27.059,12.52019,12.52281,0.00,0.00
2017.04.06 13:36:27.109,12.52019,12.52252,0.00,0.00
2017.04.06 13:36:27.234,12.52019,12.52261,0.00,0.00
2017.04.06 13:36:27.507,12.52102,12.52331,0.00,0.00
2017.04.06 13:36:27.708,12.52119,12.52378,0.00,0.00
2017.04.06 13:36:27.922,12.52119,12.52342,0.00,0.00
2017.04.06 13:36:28.203,12.52119,12.52378,0.00,0.00
2017.04.06 13:36:28.356,12.52102,12.52331,0.00,0.00
2017.04.06 13:36:28.653,12.52022,12.52271,0.00,0.00
2017.04.06 13:36:28.757,12.52028,12.52282,0.00,0.00
2017.04.06 13:36:28.808,12.52058,12.52282,0.00,0.00
2017.04.06 13:36:28.898,12.52028,12.52282,0.00,0.00
2017.04.06 13:36:29.123,12.52048,12.52282,0.00,0.00
2017.04.06 13:36:29.199,12.52022,12.52261,0.00,0.00
2017.04.06 13:36:29.503,12.52022,12.52282,0.00,0.00
2017.04.06 13:36:29.605,12.52022,12.52262,0.00,0.00
2017.04.06 13:36:29.930,12.52022,12.52282,0.00,0.00
2017.04.06 13:36:30.122,12.52022,12.52262,0.00,0.00
2017.04.06 13:36:30.433,12.51969,12.52181,0.00,0.00
2017.04.06 13:36:30.536,12.51921,12.52172,0.00,0.00
2017.04.06 13:36:30.638,12.51921,12.52181,0.00,0.00
2017.04.06 13:36:30.702,12.51948,12.52181,0.00,0.00
2017.04.06 13:36:30.812,12.51921,12.52181,0.00,0.00
2017.04.06 13:36:31.103,12.51938,12.52181,0.00,0.00
2017.04.06 13:36:31.237,12.51921,12.52181,0.00,0.00
2017.04.06 13:36:31.338,12.51921,12.52172,0.00,0.00
2017.04.06 13:36:31.644,12.51921,12.52181,0.00,0.00
2017.04.06 13:36:31.850,12.51948,12.52181,0.00,0.00
2017.04.06 13:36:31.904,12.51921,12.52171,0.00,0.00
2017.04.06 13:36:32.443,12.51919,12.52178,0.00,0.00
2017.04.06 13:36:32.505,12.51919,12.52171,0.00,0.00
2017.04.06 13:36:32.947,12.51839,12.52082,0.00,0.00
2017.04.06 13:36:33.037,12.51822,12.52082,0.00,0.00
2017.04.06 13:36:33.088,12.51798,12.52032,0.00,0.00
2017.04.06 13:36:33.188,12.51819,12.52081,0.00,0.00
2017.04.06 13:36:33.239,12.51819,12.52071,0.00,0.00
2017.04.06 13:36:33.542,12.51828,12.52082,0.00,0.00
2017.04.06 13:36:33.592,12.51918,12.52112,0.00,0.00
2017.04.06 13:36:33.643,12.51918,12.52162,0.00,0.00
2017.04.06 13:36:33.753,12.51939,12.52182,0.00,0.00
2017.04.06 13:36:33.908,12.51969,12.52231,0.00,0.00
2017.04.06 13:36:33.959,12.51969,12.52171,0.00,0.00
2017.04.06 13:36:34.086,12.51969,12.52231,0.00,0.00
2017.04.06 13:36:34.137,12.51929,12.52182,0.00,0.00
2017.04.06 13:36:34.444,12.51918,12.52171,0.00,0.00
2017.04.06 13:36:34.798,12.51938,12.52182,0.00,0.00
2017.04.06 13:36:34.848,12.51918,12.52171,0.00,0.00
2017.04.06 13:36:35.110,12.51938,12.52182,0.00,0.00
2017.04.06 13:36:35.221,12.51918,12.52182,0.00,0.00
2017.04.06 13:36:35.822,12.51968,12.52182,0.00,0.00
2017.04.06 13:36:35.954,12.51918,12.52182,0.00,0.00
2017.04.06 13:36:36.011,12.51978,12.52182,0.00,0.00
2017.04.06 13:36:36.112,12.51968,12.52232,0.00,0.00
2017.04.06 13:36:36.213,12.51999,12.52232,0.00,0.00
2017.04.06 13:36:36.515,12.52028,12.52279,0.00,0.00
2017.04.06 13:36:36.616,12.52019,12.52279,0.00,0.00
2017.04.06 13:36:36.721,12.52058,12.52279,0.00,0.00
2017.04.06 13:36:36.771,12.52058,12.52281,0.00,0.00
2017.04.06 13:36:36.822,12.52019,12.52272,0.00,0.00
2017.04.06 13:36:37.039,12.52019,12.52281,0.00,0.00
2017.04.06 13:36:37.159,12.52068,12.52281,0.00,0.00
2017.04.06 13:36:38.046,12.52038,12.52281,0.00,0.00
2017.04.06 13:36:38.152,12.52019,12.52272,0.00,0.00
2017.04.06 13:36:38.828,12.52019,12.52281,0.00,0.00
2017.04.06 13:36:39.231,12.52019,12.52262,0.00,0.00
2017.04.06 13:36:39.455,12.52019,12.52281,0.00,0.00
2017.04.06 13:36:39.556,12.51979,12.52189,0.00,0.00
2017.04.06 13:36:39.720,12.51928,12.52189,0.00,0.00
2017.04.06 13:36:39.819,12.51958,12.52189,0.00,0.00
2017.04.06 13:36:40.080,12.52008,12.52242,0.00,0.00
2017.04.06 13:36:40.131,12.52049,12.52278,0.00,0.00
2017.04.06 13:36:40.237,12.52028,12.52278,0.00,0.00
2017.04.06 13:36:40.321,12.52058,12.52278,0.00,0.00
2017.04.06 13:36:40.465,12.52028,12.52262,0.00,0.00
2017.04.06 13:36:40.621,12.52028,12.52278,0.00,0.00
2017.04.06 13:36:40.743,12.52009,12.52242,0.00,0.00
2017.04.06 13:36:40.844,12.52001,12.52242,0.00,0.00
2017.04.06 13:36:40.945,12.52029,12.52221,0.00,0.00
2017.04.06 13:36:41.058,12.52029,12.52262,0.00,0.00
2017.04.06 13:36:41.160,12.52039,12.52279,0.00,0.00
2017.04.06 13:36:41.261,12.52029,12.52262,0.00,0.00
2017.04.06 13:36:41.554,12.52001,12.52242,0.00,0.00
2017.04.06 13:36:41.605,12.52028,12.52202,0.00,0.00
2017.04.06 13:36:41.657,12.52028,12.52261,0.00,0.00
2017.04.06 13:36:41.766,12.52048,12.52279,0.00,0.00
2017.04.06 13:36:41.978,12.52038,12.52279,0.00,0.00
2017.04.06 13:36:42.028,12.52028,12.52241,0.00,0.00
2017.04.06 13:36:42.129,12.52028,12.52279,0.00,0.00
2017.04.06 13:36:42.253,12.52039,12.52279,0.00,0.00
2017.04.06 13:36:42.566,12.52028,12.52279,0.00,0.00
2017.04.06 13:36:42.629,12.52028,12.52262,0.00,0.00
2017.04.06 13:36:42.753,12.52028,12.52272,0.00,0.00
2017.04.06 13:36:42.871,12.52028,12.52279,0.00,0.00
2017.04.06 13:36:42.929,12.52028,12.52272,0.00,0.00
2017.04.06 13:36:43.273,12.52028,12.52261,0.00,0.00
2017.04.06 13:36:43.379,12.52028,12.52279,0.00,0.00
2017.04.06 13:36:43.430,12.52049,12.52279,0.00,0.00
2017.04.06 13:36:43.635,12.52028,12.52279,0.00,0.00
2017.04.06 13:36:43.751,12.52048,12.52279,0.00,0.00
2017.04.06 13:36:43.932,12.52028,12.52262,0.00,0.00
2017.04.06 13:36:44.188,12.52048,12.52279,0.00,0.00
2017.04.06 13:36:44.333,12.52028,12.52262,0.00,0.00
2017.04.06 13:36:44.565,12.52028,12.52279,0.00,0.00
2017.04.06 13:36:44.634,12.52028,12.52261,0.00,0.00
2017.04.06 13:36:44.852,12.52029,12.52279,0.00,0.00
2017.04.06 13:36:44.957,12.52048,12.52279,0.00,0.00
2017.04.06 13:36:45.059,12.52038,12.52279,0.00,0.00
2017.04.06 13:36:45.167,12.52028,12.52279,0.00,0.00
2017.04.06 13:36:45.738,12.52028,12.52261,0.00,0.00
2017.04.06 13:36:45.871,12.52028,12.52279,0.00,0.00
2017.04.06 13:36:46.055,12.52028,12.52262,0.00,0.00
2017.04.06 13:36:46.466,12.52028,12.52279,0.00,0.00
2017.04.06 13:36:46.907,12.52039,12.52279,0.00,0.00
2017.04.06 13:36:46.958,12.52028,12.52279,0.00,0.00
2017.04.06 13:36:47.008,12.52009,12.52242,0.00,0.00
2017.04.06 13:36:47.168,12.52028,12.52279,0.00,0.00
2017.04.06 13:36:47.272,12.52028,12.52262,0.00,0.00
2017.04.06 13:36:47.594,12.52129,12.52351,0.00,0.00
2017.04.06 13:36:47.644,12.52138,12.52378,0.00,0.00
2017.04.06 13:36:47.752,12.52129,12.52378,0.00,0.00
2017.04.06 13:36:47.984,12.52129,12.52352,0.00,0.00
2017.04.06 13:36:48.256,12.52239,12.52479,0.00,0.00
2017.04.06 13:36:48.446,12.52228,12.52479,0.00,0.00
2017.04.06 13:36:48.593,12.52228,12.52462,0.00,0.00
2017.04.06 13:36:48.647,12.52228,12.52479,0.00,0.00
2017.04.06 13:36:48.875,12.52228,12.52461,0.00,0.00
2017.04.06 13:36:48.984,12.52239,12.52479,0.00,0.00
2017.04.06 13:36:49.048,12.52228,12.52479,0.00,0.00
2017.04.06 13:36:49.148,12.52238,12.52479,0.00,0.00
2017.04.06 13:36:49.253,12.52228,12.52479,0.00,0.00
2017.04.06 13:36:49.568,12.52302,12.52452,0.00,0.00
2017.04.06 13:36:49.699,12.52279,12.52482,0.00,0.00
2017.04.06 13:36:49.750,12.52229,12.52482,0.00,0.00
2017.04.06 13:36:49.801,12.52238,12.52491,0.00,0.00
2017.04.06 13:36:49.852,12.52229,12.52491,0.00,0.00
2017.04.06 13:36:50.099,12.52229,12.52452,0.00,0.00
2017.04.06 13:36:50.464,12.52229,12.52462,0.00,0.00
2017.04.06 13:36:50.574,12.52229,12.52482,0.00,0.00
2017.04.06 13:36:50.788,12.52229,12.52452,0.00,0.00
2017.04.06 13:36:50.904,12.52229,12.52472,0.00,0.00
2017.04.06 13:36:50.955,12.52229,12.52481,0.00,0.00
2017.04.06 13:36:51.005,12.52212,12.52441,0.00,0.00
2017.04.06 13:36:51.225,12.52138,12.52388,0.00,0.00
2017.04.06 13:36:51.276,12.52138,12.52351,0.00,0.00
2017.04.06 13:36:51.401,12.52138,12.52388,0.00,0.00
2017.04.06 13:36:51.582,12.52138,12.52351,0.00,0.00
2017.04.06 13:36:51.781,12.52138,12.52372,0.00,0.00
2017.04.06 13:36:51.891,12.52148,12.52388,0.00,0.00
2017.04.06 13:36:52.057,12.52138,12.52352,0.00,0.00
2017.04.06 13:36:52.173,12.52158,12.52388,0.00,0.00
2017.04.06 13:36:52.503,12.52138,12.52388,0.00,0.00
2017.04.06 13:36:52.604,12.52138,12.52352,0.00,0.00
2017.04.06 13:36:52.920,12.52192,12.52352,0.00,0.00
2017.04.06 13:36:53.071,12.52238,12.52468,0.00,0.00
2017.04.06 13:36:53.410,12.52208,12.52388,0.00,0.00
2017.04.06 13:36:53.562,12.52138,12.52342,0.00,0.00
2017.04.06 13:36:53.749,12.52138,12.52388,0.00,0.00
2017.04.06 13:36:53.910,12.52138,12.52352,0.00,0.00
2017.04.06 13:36:53.961,12.52159,12.52388,0.00,0.00
2017.04.06 13:36:54.403,12.52138,12.52341,0.00,0.00
2017.04.06 13:36:54.662,12.52238,12.52468,0.00,0.00
2017.04.06 13:36:54.800,12.52238,12.52462,0.00,0.00
2017.04.06 13:36:54.901,12.52238,12.52468,0.00,0.00
2017.04.06 13:36:55.046,12.52238,12.52479,0.00,0.00
2017.04.06 13:36:55.097,12.52288,12.52528,0.00,0.00
2017.04.06 13:36:55.408,12.52239,12.52489,0.00,0.00
2017.04.06 13:36:56.376,12.52239,12.52442,0.00,0.00
2017.04.06 13:36:56.571,12.52239,12.52462,0.00,0.00
2017.04.06 13:36:56.666,12.52239,12.52481,0.00,0.00
2017.04.06 13:36:56.766,12.52239,12.52452,0.00,0.00
2017.04.06 13:36:56.885,12.52239,12.52481,0.00,0.00
2017.04.06 13:36:57.001,12.52239,12.52462,0.00,0.00
2017.04.06 13:36:57.068,12.52239,12.52489,0.00,0.00
2017.04.06 13:36:57.176,12.52239,12.52451,0.00,0.00
2017.04.06 13:36:57.669,12.52239,12.52462,0.00,0.00
2017.04.06 13:36:57.969,12.52239,12.52452,0.00,0.00
2017.04.06 13:36:58.075,12.52239,12.52489,0.00,0.00
2017.04.06 13:36:58.208,12.52239,12.52451,0.00,0.00
2017.04.06 13:36:58.309,12.52239,12.52482,0.00,0.00
2017.04.06 13:36:58.482,12.52239,12.52489,0.00,0.00
2017.04.06 13:36:58.598,12.52239,12.52451,0.00,0.00
2017.04.06 13:36:58.699,12.52289,12.52529,0.00,0.00
2017.04.06 13:36:58.871,12.52288,12.52512,0.00,0.00
2017.04.06 13:36:59.330,12.52288,12.52529,0.00,0.00
2017.04.06 13:37:00.061,12.52251,12.52501,0.00,0.00
2017.04.06 13:37:00.111,12.52239,12.52489,0.00,0.00
2017.04.06 13:37:00.911,12.52239,12.52441,0.00,0.00
2017.04.06 13:37:01.079,12.52239,12.52462,0.00,0.00
2017.04.06 13:37:01.180,12.52188,12.52399,0.00,0.00
2017.04.06 13:37:01.283,12.52139,12.52399,0.00,0.00
2017.04.06 13:37:01.334,12.52161,12.52402,0.00,0.00
2017.04.06 13:37:01.535,12.52139,12.52392,0.00,0.00
2017.04.06 13:37:01.724,12.52139,12.52398,0.00,0.00
2017.04.06 13:37:01.777,12.52139,12.52351,0.00,0.00
2017.04.06 13:37:01.991,12.52139,12.52381,0.00,0.00
2017.04.06 13:37:02.092,12.52148,12.52398,0.00,0.00
2017.04.06 13:37:02.177,12.52139,12.52381,0.00,0.00
2017.04.06 13:37:02.283,12.52139,12.52391,0.00,0.00
2017.04.06 13:37:02.412,12.52148,12.52398,0.00,0.00
2017.04.06 13:37:02.478,12.52139,12.52398,0.00,0.00
2017.04.06 13:37:02.600,12.52148,12.52398,0.00,0.00
2017.04.06 13:37:02.905,12.52238,12.52479,0.00,0.00
2017.04.06 13:37:03.277,12.52238,12.52441,0.00,0.00
2017.04.06 13:37:03.614,12.52249,12.52488,0.00,0.00
2017.04.06 13:37:03.682,12.52238,12.52472,0.00,0.00
2017.04.06 13:37:03.886,12.52238,12.52482,0.00,0.00
2017.04.06 13:37:04.117,12.52238,12.52488,0.00,0.00
2017.04.06 13:37:04.327,12.52238,12.52442,0.00,0.00
2017.04.06 13:37:04.621,12.52238,12.52461,0.00,0.00
2017.04.06 13:37:04.723,12.52238,12.52442,0.00,0.00
2017.04.06 13:37:04.883,12.52238,12.52472,0.00,0.00
2017.04.06 13:37:05.012,12.52249,12.52488,0.00,0.00
2017.04.06 13:37:05.120,12.52239,12.52488,0.00,0.00
2017.04.06 13:37:05.306,12.52238,12.52432,0.00,0.00
2017.04.06 13:37:05.407,12.52238,12.52482,0.00,0.00
2017.04.06 13:37:05.585,12.52238,12.52488,0.00,0.00
2017.04.06 13:37:05.701,12.52249,12.52488,0.00,0.00
2017.04.06 13:37:06.004,12.52311,12.52522,0.00,0.00
2017.04.06 13:37:06.105,12.52338,12.52589,0.00,0.00
2017.04.06 13:37:06.229,12.52338,12.52571,0.00,0.00
2017.04.06 13:37:06.555,12.52338,12.52531,0.00,0.00
2017.04.06 13:37:06.606,12.52338,12.52572,0.00,0.00
2017.04.06 13:37:07.035,12.52338,12.52541,0.00,0.00
2017.04.06 13:37:07.188,12.52338,12.52589,0.00,0.00
2017.04.06 13:37:07.408,12.52338,12.52561,0.00,0.00
2017.04.06 13:37:07.535,12.52338,12.52589,0.00,0.00
2017.04.06 13:37:08.031,12.52338,12.52542,0.00,0.00
2017.04.06 13:37:08.190,12.52338,12.52552,0.00,0.00
2017.04.06 13:37:08.940,12.52289,12.52539,0.00,0.00
2017.04.06 13:37:09.125,12.52289,12.52522,0.00,0.00
2017.04.06 13:37:09.431,12.52239,12.52498,0.00,0.00
2017.04.06 13:37:09.533,12.52239,12.52442,0.00,0.00
2017.04.06 13:37:09.727,12.52239,12.52491,0.00,0.00
2017.04.06 13:37:09.831,12.52239,12.52442,0.00,0.00
2017.04.06 13:37:09.932,12.52239,12.52491,0.00,0.00
2017.04.06 13:37:10.279,12.52261,12.52499,0.00,0.00
2017.04.06 13:37:10.371,12.52338,12.52578,0.00,0.00
2017.04.06 13:37:10.895,12.52338,12.52571,0.00,0.00
2017.04.06 13:37:11.011,12.52338,12.52578,0.00,0.00
2017.04.06 13:37:11.129,12.52338,12.52571,0.00,0.00
2017.04.06 13:37:11.447,12.52338,12.52531,0.00,0.00
2017.04.06 13:37:11.498,12.52338,12.52552,0.00,0.00
2017.04.06 13:37:11.679,12.52338,12.52499,0.00,0.00
2017.04.06 13:37:11.730,12.52239,12.52461,0.00,0.00
2017.04.06 13:37:11.831,12.52338,12.52442,0.00,0.00
2017.04.06 13:37:11.934,12.52338,12.52579,0.00,0.00
2017.04.06 13:37:12.087,12.52309,12.52499,0.00,0.00
2017.04.06 13:37:12.137,12.52288,12.52499,0.00,0.00
2017.04.06 13:37:12.188,12.52238,12.52499,0.00,0.00
2017.04.06 13:37:12.238,12.52238,12.52482,0.00,0.00
2017.04.06 13:37:12.298,12.52238,12.52492,0.00,0.00
2017.04.06 13:37:12.415,12.52238,12.52432,0.00,0.00
2017.04.06 13:37:12.516,12.52238,12.52499,0.00,0.00
2017.04.06 13:37:12.633,12.52238,12.52431,0.00,0.00
2017.04.06 13:37:12.740,12.52238,12.52442,0.00,0.00
2017.04.06 13:37:12.843,12.52239,12.52499,0.00,0.00
2017.04.06 13:37:13.004,12.52238,12.52462,0.00,0.00
2017.04.06 13:37:13.200,12.52248,12.52499,0.00,0.00
2017.04.06 13:37:13.335,12.52238,12.52499,0.00,0.00
2017.04.06 13:37:13.578,12.52302,12.52491,0.00,0.00
2017.04.06 13:37:13.629,12.52339,12.52578,0.00,0.00
2017.04.06 13:37:13.680,12.52298,12.52539,0.00,0.00
2017.04.06 13:37:13.730,12.52308,12.52539,0.00,0.00
2017.04.06 13:37:13.781,12.52308,12.52552,0.00,0.00
2017.04.06 13:37:13.831,12.52338,12.52578,0.00,0.00
2017.04.06 13:37:14.402,12.52338,12.52561,0.00,0.00
2017.04.06 13:37:14.903,12.52338,12.52578,0.00,0.00
2017.04.06 13:37:15.126,12.52338,12.52561,0.00,0.00
2017.04.06 13:37:15.242,12.52338,12.52578,0.00,0.00
2017.04.06 13:37:15.517,12.52338,12.52521,0.00,0.00
2017.04.06 13:37:15.621,12.52338,12.52551,0.00,0.00
2017.04.06 13:37:15.731,12.52338,12.52578,0.00,0.00
2017.04.06 13:37:16.028,12.52338,12.52498,0.00,0.00
2017.04.06 13:37:16.079,12.52288,12.52499,0.00,0.00
2017.04.06 13:37:16.130,12.52302,12.52481,0.00,0.00
2017.04.06 13:37:16.231,12.52339,12.52578,0.00,0.00
2017.04.06 13:37:16.575,12.52302,12.52552,0.00,0.00
2017.04.06 13:37:16.626,12.52319,12.52552,0.00,0.00
2017.04.06 13:37:16.958,12.52338,12.52522,0.00,0.00
2017.04.06 13:37:17.008,12.52338,12.52579,0.00,0.00
2017.04.06 13:37:17.745,12.52338,12.52562,0.00,0.00
2017.04.06 13:37:17.810,12.52338,12.52579,0.00,0.00
2017.04.06 13:37:18.133,12.52338,12.52531,0.00,0.00
2017.04.06 13:37:18.354,12.52289,12.52499,0.00,0.00
2017.04.06 13:37:18.405,12.52289,12.52521,0.00,0.00
2017.04.06 13:37:18.455,12.52279,12.52498,0.00,0.00
2017.04.06 13:37:18.556,12.52239,12.52498,0.00,0.00
2017.04.06 13:37:18.752,12.52248,12.52498,0.00,0.00
2017.04.06 13:37:19.111,12.52239,12.52452,0.00,0.00
2017.04.06 13:37:19.422,12.52239,12.52498,0.00,0.00
2017.04.06 13:37:19.530,12.52239,12.52432,0.00,0.00
2017.04.06 13:37:19.744,12.52239,12.52461,0.00,0.00
2017.04.06 13:37:19.813,12.52239,12.52472,0.00,0.00
2017.04.06 13:37:20.013,12.52239,12.52498,0.00,0.00
2017.04.06 13:37:20.114,12.52239,12.52432,0.00,0.00
2017.04.06 13:37:20.354,12.52239,12.52472,0.00,0.00
2017.04.06 13:37:20.457,12.52239,12.52451,0.00,0.00
2017.04.06 13:37:20.514,12.52239,12.52471,0.00,0.00
2017.04.06 13:37:20.744,12.52239,12.52441,0.00,0.00
2017.04.06 13:37:20.861,12.52239,12.52471,0.00,0.00
2017.04.06 13:37:20.915,12.52239,12.52442,0.00,0.00
2017.04.06 13:37:21.015,12.52239,12.52461,0.00,0.00
2017.04.06 13:37:21.116,12.52239,12.52472,0.00,0.00
2017.04.06 13:37:21.425,12.52239,12.52452,0.00,0.00
2017.04.06 13:37:21.528,12.52239,12.52498,0.00,0.00
2017.04.06 13:37:22.380,12.52239,12.52488,0.00,0.00
2017.04.06 13:37:22.803,12.52138,12.52388,0.00,0.00
2017.04.06 13:37:23.219,12.52149,12.52388,0.00,0.00
2017.04.06 13:37:23.330,12.52138,12.52388,0.00,0.00
2017.04.06 13:37:23.380,12.52238,12.52388,0.00,0.00
2017.04.06 13:37:23.431,12.52238,12.52422,0.00,0.00
2017.04.06 13:37:23.532,12.52219,12.52439,0.00,0.00
2017.04.06 13:37:23.582,12.52219,12.52388,0.00,0.00
2017.04.06 13:37:23.633,12.52189,12.52388,0.00,0.00
2017.04.06 13:37:23.684,12.52168,12.52388,0.00,0.00
2017.04.06 13:37:23.788,12.52138,12.52362,0.00,0.00
2017.04.06 13:37:23.839,12.52138,12.52341,0.00,0.00
2017.04.06 13:37:24.042,12.52138,12.52371,0.00,0.00
2017.04.06 13:37:24.168,12.52138,12.52388,0.00,0.00
2017.04.06 13:37:24.317,12.52149,12.52388,0.00,0.00
2017.04.06 13:37:24.642,12.52138,12.52379,0.00,0.00
2017.04.06 13:37:24.793,12.52099,12.52289,0.00,0.00
2017.04.06 13:37:24.844,12.52088,12.52289,0.00,0.00
2017.04.06 13:37:24.946,12.52039,12.52289,0.00,0.00
2017.04.06 13:37:25.164,12.52039,12.52241,0.00,0.00
2017.04.06 13:37:25.223,12.52039,12.52289,0.00,0.00
2017.04.06 13:37:25.374,12.52039,12.52279,0.00,0.00
2017.04.06 13:37:26.053,12.52048,12.52279,0.00,0.00
2017.04.06 13:37:26.386,12.52069,12.52279,0.00,0.00
2017.04.06 13:37:26.437,12.52039,12.52279,0.00,0.00
2017.04.06 13:37:26.543,12.52138,12.52332,0.00,0.00
2017.04.06 13:37:26.645,12.52139,12.52378,0.00,0.00
2017.04.06 13:37:26.760,12.52149,12.52378,0.00,0.00
2017.04.06 13:37:27.060,12.52138,12.52378,0.00,0.00
2017.04.06 13:37:27.161,12.52138,12.52351,0.00,0.00
2017.04.06 13:37:27.376,12.52139,12.52378,0.00,0.00
2017.04.06 13:37:27.477,12.52138,12.52342,0.00,0.00
2017.04.06 13:37:27.529,12.52169,12.52378,0.00,0.00
2017.04.06 13:37:27.665,12.52138,12.52351,0.00,0.00
2017.04.06 13:37:27.770,12.52138,12.52378,0.00,0.00
2017.04.06 13:37:27.933,12.52102,12.52352,0.00,0.00
2017.04.06 13:37:27.983,12.52088,12.52289,0.00,0.00
2017.04.06 13:37:28.135,12.52091,12.52301,0.00,0.00
2017.04.06 13:37:28.185,12.52139,12.52331,0.00,0.00
2017.04.06 13:37:28.236,12.52139,12.52369,0.00,0.00
2017.04.06 13:37:29.451,12.52118,12.52329,0.00,0.00
2017.04.06 13:37:29.602,12.52038,12.52261,0.00,0.00
2017.04.06 13:37:29.653,12.52038,12.52289,0.00,0.00
2017.04.06 13:37:30.173,12.52138,12.52289,0.00,0.00
2017.04.06 13:37:30.306,12.52059,12.52289,0.00,0.00
2017.04.06 13:37:30.357,12.52068,12.52302,0.00,0.00
2017.04.06 13:37:30.458,12.52098,12.52328,0.00,0.00
2017.04.06 13:37:30.535,12.52088,12.52328,0.00,0.00
2017.04.06 13:37:30.878,12.52099,12.52328,0.00,0.00
2017.04.06 13:37:30.929,12.52138,12.52379,0.00,0.00
2017.04.06 13:37:30.979,12.52138,12.52341,0.00,0.00
2017.04.06 13:37:31.037,12.52138,12.52379,0.00,0.00
2017.04.06 13:37:31.088,12.52108,12.52339,0.00,0.00
2017.04.06 13:37:31.241,12.52038,12.52272,0.00,0.00
2017.04.06 13:37:31.360,12.52068,12.52298,0.00,0.00
2017.04.06 13:37:31.678,12.52038,12.52292,0.00,0.00
2017.04.06 13:37:31.912,12.52038,12.52262,0.00,0.00
2017.04.06 13:37:31.962,12.52048,12.52289,0.00,0.00
2017.04.06 13:37:32.013,12.52048,12.52249,0.00,0.00
2017.04.06 13:37:32.063,12.51989,12.52249,0.00,0.00
2017.04.06 13:37:32.114,12.51989,12.52199,0.00,0.00
2017.04.06 13:37:32.165,12.51969,12.52199,0.00,0.00
2017.04.06 13:37:32.240,12.51939,12.52199,0.00,0.00
2017.04.06 13:37:32.368,12.51959,12.52199,0.00,0.00
2017.04.06 13:37:32.469,12.51939,12.52199,0.00,0.00
2017.04.06 13:37:32.541,12.51939,12.52181,0.00,0.00
2017.04.06 13:37:32.887,12.51939,12.52199,0.00,0.00
2017.04.06 13:37:33.142,12.51939,12.52181,0.00,0.00
2017.04.06 13:37:33.542,12.51939,12.52191,0.00,0.00
2017.04.06 13:37:34.147,12.51939,12.52182,0.00,0.00
2017.04.06 13:37:34.490,12.51958,12.52199,0.00,0.00
2017.04.06 13:37:34.854,12.51948,12.52199,0.00,0.00
2017.04.06 13:37:34.966,12.51939,12.52199,0.00,0.00
2017.04.06 13:37:35.082,12.51958,12.52199,0.00,0.00
2017.04.06 13:37:35.183,12.51939,12.52188,0.00,0.00
2017.04.06 13:37:35.245,12.51978,12.52188,0.00,0.00
2017.04.06 13:37:35.345,12.51939,12.52188,0.00,0.00
2017.04.06 13:37:35.662,12.51979,12.52188,0.00,0.00
2017.04.06 13:37:35.712,12.51939,12.52188,0.00,0.00
2017.04.06 13:37:35.763,12.51968,12.52188,0.00,0.00
2017.04.06 13:37:35.946,12.51939,12.52188,0.00,0.00
2017.04.06 13:37:36.393,12.51939,12.52182,0.00,0.00
2017.04.06 13:37:36.719,12.51989,12.52188,0.00,0.00
2017.04.06 13:37:36.770,12.51939,12.52171,0.00,0.00
2017.04.06 13:37:36.889,12.51988,12.52188,0.00,0.00
2017.04.06 13:37:37.248,12.51939,12.52172,0.00,0.00
2017.04.06 13:37:37.365,12.51979,12.52188,0.00,0.00
2017.04.06 13:37:37.466,12.51939,12.52171,0.00,0.00
2017.04.06 13:37:37.577,12.51939,12.52181,0.00,0.00
2017.04.06 13:37:37.739,12.51988,12.52181,0.00,0.00
2017.04.06 13:37:37.840,12.51938,12.52181,0.00,0.00
2017.04.06 13:37:37.891,12.51978,12.52198,0.00,0.00
2017.04.06 13:37:38.060,12.51968,12.52198,0.00,0.00
2017.04.06 13:37:38.389,12.51988,12.52198,0.00,0.00
2017.04.06 13:37:38.490,12.51969,12.52198,0.00,0.00
2017.04.06 13:37:38.550,12.51989,12.52198,0.00,0.00
2017.04.06 13:37:38.951,12.51998,12.52198,0.00,0.00
2017.04.06 13:37:39.093,12.51938,12.52172,0.00,0.00
2017.04.06 13:37:39.202,12.51949,12.52198,0.00,0.00
2017.04.06 13:37:39.318,12.51938,12.52198,0.00,0.00
2017.04.06 13:37:39.925,12.52001,12.52199,0.00,0.00
2017.04.06 13:37:39.976,12.52001,12.52202,0.00,0.00
2017.04.06 13:37:40.026,12.52039,12.52202,0.00,0.00
2017.04.06 13:37:40.077,12.52039,12.52279,0.00,0.00
2017.04.06 13:37:40.153,12.52059,12.52279,0.00,0.00
2017.04.06 13:37:40.353,12.52048,12.52279,0.00,0.00
2017.04.06 13:37:40.454,12.52059,12.52279,0.00,0.00
2017.04.06 13:37:40.574,12.52039,12.52262,0.00,0.00
2017.04.06 13:37:40.756,12.52068,12.52199,0.00,0.00
2017.04.06 13:37:40.857,12.51989,12.52199,0.00,0.00
2017.04.06 13:37:40.958,12.51958,12.52199,0.00,0.00
2017.04.06 13:37:41.066,12.51938,12.52172,0.00,0.00
2017.04.06 13:37:41.392,12.51989,12.52192,0.00,0.00
2017.04.06 13:37:41.493,12.51998,12.52239,0.00,0.00
2017.04.06 13:37:41.555,12.52039,12.52239,0.00,0.00
2017.04.06 13:37:41.851,12.52038,12.52278,0.00,0.00
2017.04.06 13:37:41.901,12.52038,12.52198,0.00,0.00
2017.04.06 13:37:42.002,12.52002,12.52252,0.00,0.00
2017.04.06 13:37:42.103,12.52039,12.52221,0.00,0.00
2017.04.06 13:37:42.156,12.52039,12.52252,0.00,0.00
2017.04.06 13:37:42.263,12.52002,12.52251,0.00,0.00
2017.04.06 13:37:42.313,12.51999,12.52199,0.00,0.00
2017.04.06 13:37:42.364,12.51989,12.52199,0.00,0.00
2017.04.06 13:37:42.469,12.51968,12.52199,0.00,0.00
2017.04.06 13:37:42.520,12.51938,12.52199,0.00,0.00
2017.04.06 13:37:42.571,12.51938,12.52171,0.00,0.00
2017.04.06 13:37:42.892,12.51979,12.52199,0.00,0.00
2017.04.06 13:37:43.064,12.51938,12.52171,0.00,0.00
2017.04.06 13:37:43.258,12.51939,12.52199,0.00,0.00
2017.04.06 13:37:43.395,12.51978,12.52199,0.00,0.00
2017.04.06 13:37:43.458,12.51958,12.52199,0.00,0.00
2017.04.06 13:37:43.727,12.51938,12.52171,0.00,0.00
2017.04.06 13:37:43.777,12.51938,12.52181,0.00,0.00
2017.04.06 13:37:43.884,12.51938,12.52199,0.00,0.00
2017.04.06 13:37:43.959,12.51938,12.52171,0.00,0.00
2017.04.06 13:37:44.299,12.51938,12.52191,0.00,0.00
2017.04.06 13:37:44.400,12.51938,12.52199,0.00,0.00
2017.04.06 13:37:44.670,12.51969,12.52199,0.00,0.00
2017.04.06 13:37:44.860,12.51938,12.52171,0.00,0.00
2017.04.06 13:37:44.962,12.51979,12.52199,0.00,0.00
2017.04.06 13:37:45.063,12.51968,12.52199,0.00,0.00
2017.04.06 13:37:45.183,12.51938,12.52181,0.00,0.00
2017.04.06 13:37:45.396,12.51968,12.52199,0.00,0.00
2017.04.06 13:37:45.716,12.51938,12.52171,0.00,0.00
2017.04.06 13:37:45.964,12.51938,12.52179,0.00,0.00
2017.04.06 13:37:46.483,12.51949,12.52179,0.00,0.00
2017.04.06 13:37:47.008,12.51968,12.52179,0.00,0.00
2017.04.06 13:37:47.109,12.51938,12.52171,0.00,0.00
2017.04.06 13:37:47.167,12.51938,12.52179,0.00,0.00
2017.04.06 13:37:47.408,12.51989,12.52179,0.00,0.00
2017.04.06 13:37:47.509,12.51938,12.52172,0.00,0.00
2017.04.06 13:37:47.611,12.51968,12.52179,0.00,0.00
2017.04.06 13:37:48.470,12.51958,12.52179,0.00,0.00
2017.04.06 13:37:48.944,12.52001,12.52242,0.00,0.00
2017.04.06 13:37:48.995,12.52001,12.52162,0.00,0.00
2017.04.06 13:37:49.338,12.51988,12.52199,0.00,0.00
2017.04.06 13:37:49.389,12.51948,12.52199,0.00,0.00
2017.04.06 13:37:49.618,12.52001,12.52232,0.00,0.00
2017.04.06 13:37:49.875,12.51939,12.52189,0.00,0.00
2017.04.06 13:37:50.099,12.51948,12.52189,0.00,0.00
2017.04.06 13:37:50.476,12.52039,12.52278,0.00,0.00
2017.04.06 13:37:50.732,12.52002,12.52252,0.00,0.00
2017.04.06 13:37:50.788,12.51938,12.52162,0.00,0.00
2017.04.06 13:37:50.878,12.51938,12.52188,0.00,0.00
2017.04.06 13:37:50.982,12.51958,12.52188,0.00,0.00
2017.04.06 13:37:51.090,12.51938,12.52188,0.00,0.00
2017.04.06 13:37:51.223,12.51938,12.52171,0.00,0.00
2017.04.06 13:37:51.280,12.51938,12.52188,0.00,0.00
2017.04.06 13:37:51.430,12.51938,12.52171,0.00,0.00
2017.04.06 13:37:51.480,12.51938,12.52188,0.00,0.00
2017.04.06 13:37:53.484,12.51938,12.52172,0.00,0.00
2017.04.06 13:37:53.825,12.51938,12.52162,0.00,0.00
2017.04.06 13:37:54.120,12.51938,12.52179,0.00,0.00
2017.04.06 13:37:54.186,12.51938,12.52162,0.00,0.00
2017.04.06 13:37:54.304,12.51938,12.52179,0.00,0.00
2017.04.06 13:37:54.405,12.51898,12.52088,0.00,0.00
2017.04.06 13:37:54.506,12.51878,12.52088,0.00,0.00
2017.04.06 13:37:54.614,12.51852,12.52088,0.00,0.00
2017.04.06 13:37:54.818,12.51852,12.52072,0.00,0.00
2017.04.06 13:37:54.888,12.51852,12.52088,0.00,0.00
2017.04.06 13:37:55.107,12.51869,12.52088,0.00,0.00
2017.04.06 13:37:55.227,12.51852,12.52088,0.00,0.00
2017.04.06 13:37:55.328,12.51888,12.52152,0.00,0.00
2017.04.06 13:37:55.429,12.51938,12.52142,0.00,0.00
2017.04.06 13:37:55.530,12.51948,12.52159,0.00,0.00
2017.04.06 13:37:55.589,12.51958,12.52159,0.00,0.00
2017.04.06 13:37:55.834,12.51938,12.52159,0.00,0.00
2017.04.06 13:37:55.890,12.51938,12.52152,0.00,0.00
2017.04.06 13:37:55.998,12.51938,12.52159,0.00,0.00
2017.04.06 13:37:56.049,12.51938,12.52171,0.00,0.00
2017.04.06 13:37:56.100,12.51958,12.52179,0.00,0.00
2017.04.06 13:37:56.206,12.51949,12.52179,0.00,0.00
2017.04.06 13:37:56.308,12.51939,12.52151,0.00,0.00
2017.04.06 13:37:56.526,12.51938,12.52162,0.00,0.00
2017.04.06 13:37:56.638,12.51938,12.52179,0.00,0.00
2017.04.06 13:37:56.691,12.51949,12.52179,0.00,0.00
2017.04.06 13:37:56.899,12.51939,12.52179,0.00,0.00
2017.04.06 13:37:57.105,12.51959,12.52179,0.00,0.00
2017.04.06 13:37:57.804,12.51938,12.52179,0.00,0.00
2017.04.06 13:37:57.918,12.51938,12.52162,0.00,0.00
2017.04.06 13:37:58.023,12.51938,12.52179,0.00,0.00
2017.04.06 13:37:58.094,12.51959,12.52179,0.00,0.00
2017.04.06 13:37:58.294,12.51939,12.52179,0.00,0.00
2017.04.06 13:37:58.695,12.51949,12.52179,0.00,0.00
2017.04.06 13:37:58.808,12.51939,12.52179,0.00,0.00
2017.04.06 13:37:58.929,12.51959,12.52179,0.00,0.00
2017.04.06 13:37:59.096,12.51938,12.52179,0.00,0.00
2017.04.06 13:37:59.318,12.51929,12.52152,0.00,0.00
2017.04.06 13:37:59.520,12.51889,12.52139,0.00,0.00
2017.04.06 13:37:59.576,12.51889,12.52151,0.00,0.00
2017.04.06 13:37:59.627,12.51938,12.52178,0.00,0.00
2017.04.06 13:37:59.729,12.51889,12.52139,0.00,0.00
2017.04.06 13:37:59.809,12.51938,12.52139,0.00,0.00
2017.04.06 13:37:59.926,12.51938,12.52152,0.00,0.00
2017.04.06 13:38:00.057,12.51938,12.52178,0.00,0.00
2017.04.06 13:38:00.223,12.51949,12.52179,0.00,0.00
2017.04.06 13:38:00.357,12.51968,12.52202,0.00,0.00
2017.04.06 13:38:00.458,12.51948,12.52202,0.00,0.00
2017.04.06 13:38:00.508,12.51938,12.52172,0.00,0.00
2017.04.06 13:38:00.700,12.51938,12.52202,0.00,0.00
2017.04.06 13:38:00.809,12.51938,12.52172,0.00,0.00
2017.04.06 13:38:01.117,12.51938,12.52201,0.00,0.00
2017.04.06 13:38:01.302,12.51949,12.52202,0.00,0.00
2017.04.06 13:38:01.566,12.51938,12.52202,0.00,0.00
2017.04.06 13:38:01.616,12.51938,12.52172,0.00,0.00
2017.04.06 13:38:01.811,12.51938,12.52201,0.00,0.00
2017.04.06 13:38:02.719,12.51938,12.52182,0.00,0.00
2017.04.06 13:38:02.804,12.51938,12.52202,0.00,0.00
2017.04.06 13:38:02.905,12.51959,12.52202,0.00,0.00
2017.04.06 13:38:03.277,12.51938,12.52171,0.00,0.00
2017.04.06 13:38:03.474,12.51938,12.52202,0.00,0.00
2017.04.06 13:38:03.525,12.51938,12.52172,0.00,0.00
2017.04.06 13:38:03.605,12.51938,12.52191,0.00,0.00
2017.04.06 13:38:03.818,12.51938,12.52162,0.00,0.00
2017.04.06 13:38:03.919,12.51958,12.52202,0.00,0.00
2017.04.06 13:38:04.006,12.51968,12.52202,0.00,0.00
2017.04.06 13:38:04.107,12.51959,12.52202,0.00,0.00
2017.04.06 13:38:04.208,12.51979,12.52202,0.00,0.00
2017.04.06 13:38:04.525,12.51938,12.52202,0.00,0.00
2017.04.06 13:38:04.607,12.51938,12.52172,0.00,0.00
2017.04.06 13:38:04.747,12.51938,12.52202,0.00,0.00
2017.04.06 13:38:04.855,12.51938,12.52171,0.00,0.00
2017.04.06 13:38:04.908,12.51938,12.52202,0.00,0.00
2017.04.06 13:38:05.031,12.51938,12.52172,0.00,0.00
2017.04.06 13:38:05.108,12.51938,12.52201,0.00,0.00
2017.04.06 13:38:05.301,12.51958,12.52202,0.00,0.00
2017.04.06 13:38:05.413,12.51938,12.52202,0.00,0.00
2017.04.06 13:38:05.518,12.51938,12.52172,0.00,0.00
2017.04.06 13:38:06.110,12.51938,12.52182,0.00,0.00
2017.04.06 13:38:06.212,12.51938,12.52202,0.00,0.00
2017.04.06 13:38:06.335,12.51968,12.52202,0.00,0.00
2017.04.06 13:38:06.385,12.52012,12.52252,0.00,0.00
2017.04.06 13:38:06.436,12.52012,12.52202,0.00,0.00
2017.04.06 13:38:06.537,12.52038,12.52291,0.00,0.00
2017.04.06 13:38:06.716,12.52049,12.52218,0.00,0.00
2017.04.06 13:38:06.818,12.52018,12.52202,0.00,0.00
2017.04.06 13:38:06.919,12.51951,12.52201,0.00,0.00
2017.04.06 13:38:07.023,12.51958,12.52201,0.00,0.00
2017.04.06 13:38:07.224,12.51939,12.52201,0.00,0.00
2017.04.06 13:38:07.350,12.51958,12.52201,0.00,0.00
2017.04.06 13:38:07.413,12.51948,12.52201,0.00,0.00
2017.04.06 13:38:07.514,12.51939,12.52201,0.00,0.00
2017.04.06 13:38:07.743,12.51958,12.52201,0.00,0.00
2017.04.06 13:38:08.062,12.51939,12.52192,0.00,0.00
2017.04.06 13:38:08.236,12.51939,12.52171,0.00,0.00
2017.04.06 13:38:08.339,12.51958,12.52201,0.00,0.00
2017.04.06 13:38:08.464,12.51968,12.52201,0.00,0.00
2017.04.06 13:38:08.716,12.51939,12.52201,0.00,0.00
2017.04.06 13:38:09.047,12.51939,12.52172,0.00,0.00
2017.04.06 13:38:09.158,12.51958,12.52201,0.00,0.00
2017.04.06 13:38:09.317,12.51939,12.52201,0.00,0.00
2017.04.06 13:38:09.431,12.51939,12.52192,0.00,0.00
2017.04.06 13:38:09.775,12.51939,12.52171,0.00,0.00
2017.04.06 13:38:09.826,12.51939,12.52201,0.00,0.00
2017.04.06 13:38:09.919,12.51939,12.52161,0.00,0.00
2017.04.06 13:38:09.969,12.51922,12.52151,0.00,0.00
2017.04.06 13:38:10.127,12.51939,12.52101,0.00,0.00
2017.04.06 13:38:10.220,12.51939,12.52158,0.00,0.00
2017.04.06 13:38:10.332,12.51949,12.52158,0.00,0.00
2017.04.06 13:38:10.420,12.51939,12.52158,0.00,0.00
2017.04.06 13:38:10.751,12.51888,12.52152,0.00,0.00
2017.04.06 13:38:10.801,12.51911,12.52152,0.00,0.00
2017.04.06 13:38:11.133,12.51849,12.52102,0.00,0.00
2017.04.06 13:38:11.184,12.51911,12.52102,0.00,0.00
2017.04.06 13:38:11.335,12.51948,12.52202,0.00,0.00
2017.04.06 13:38:11.559,12.51938,12.52202,0.00,0.00
2017.04.06 13:38:11.622,12.51938,12.52172,0.00,0.00
2017.04.06 13:38:12.055,12.51938,12.52201,0.00,0.00
2017.04.06 13:38:12.130,12.51938,12.52182,0.00,0.00
2017.04.06 13:38:12.524,12.51938,12.52202,0.00,0.00
2017.04.06 13:38:12.624,12.51938,12.52181,0.00,0.00
2017.04.06 13:38:13.528,12.51938,12.52201,0.00,0.00
2017.04.06 13:38:13.796,12.51919,12.52152,0.00,0.00
2017.04.06 13:38:13.897,12.51938,12.52172,0.00,0.00
2017.04.06 13:38:13.948,12.51938,12.52202,0.00,0.00
2017.04.06 13:38:14.072,12.51959,12.52202,0.00,0.00
2017.04.06 13:38:14.430,12.51938,12.52171,0.00,0.00
2017.04.06 13:38:14.630,12.51938,12.52202,0.00,0.00
2017.04.06 13:38:14.863,12.51931,12.52151,0.00,0.00
2017.04.06 13:38:14.914,12.51899,12.52129,0.00,0.00
2017.04.06 13:38:15.015,12.51879,12.52101,0.00,0.00
2017.04.06 13:38:15.065,12.51858,12.52101,0.00,0.00
2017.04.06 13:38:15.116,12.51889,12.52129,0.00,0.00
2017.04.06 13:38:15.453,12.51938,12.52158,0.00,0.00
2017.04.06 13:38:15.765,12.51958,12.52158,0.00,0.00
2017.04.06 13:38:15.816,12.51958,12.52202,0.00,0.00
2017.04.06 13:38:15.866,12.51938,12.52172,0.00,0.00
2017.04.06 13:38:16.042,12.51938,12.52202,0.00,0.00
2017.04.06 13:38:16.144,12.51938,12.52191,0.00,0.00
2017.04.06 13:38:16.448,12.51958,12.52202,0.00,0.00
2017.04.06 13:38:16.551,12.51949,12.52202,0.00,0.00
2017.04.06 13:38:17.041,12.51968,12.52202,0.00,0.00
2017.04.06 13:38:17.355,12.51941,12.52202,0.00,0.00
2017.04.06 13:38:17.438,12.51941,12.52161,0.00,0.00
2017.04.06 13:38:17.539,12.51941,12.52181,0.00,0.00
2017.04.06 13:38:17.651,12.51968,12.52202,0.00,0.00
2017.04.06 13:38:18.039,12.51959,12.52202,0.00,0.00
2017.04.06 13:38:18.479,12.51948,12.52202,0.00,0.00
2017.04.06 13:38:18.750,12.51941,12.52201,0.00,0.00
2017.04.06 13:38:18.850,12.51959,12.52202,0.00,0.00
2017.04.06 13:38:19.190,12.51968,12.52202,0.00,0.00
2017.04.06 13:38:19.355,12.51941,12.52202,0.00,0.00
2017.04.06 13:38:19.467,12.51969,12.52201,0.00,0.00
2017.04.06 13:38:19.542,12.51941,12.52201,0.00,0.00
2017.04.06 13:38:19.653,12.51969,12.52201,0.00,0.00
2017.04.06 13:38:19.876,12.51988,12.52222,0.00,0.00
2017.04.06 13:38:19.977,12.51959,12.52202,0.00,0.00
2017.04.06 13:38:20.192,12.51941,12.52202,0.00,0.00
2017.04.06 13:38:20.244,12.51978,12.52202,0.00,0.00
2017.04.06 13:38:20.295,12.52021,12.52252,0.00,0.00
2017.04.06 13:38:20.396,12.52048,12.52251,0.00,0.00
2017.04.06 13:38:20.447,12.52048,12.52312,0.00,0.00
2017.04.06 13:38:20.548,12.52029,12.52211,0.00,0.00
2017.04.06 13:38:20.649,12.51959,12.52202,0.00,0.00
2017.04.06 13:38:20.751,12.51952,12.52171,0.00,0.00
2017.04.06 13:38:20.952,12.51999,12.52262,0.00,0.00
2017.04.06 13:38:21.297,12.51999,12.52211,0.00,0.00
2017.04.06 13:38:21.348,12.51949,12.52211,0.00,0.00
2017.04.06 13:38:21.582,12.51978,12.52211,0.00,0.00
2017.04.06 13:38:21.877,12.52021,12.52261,0.00,0.00
2017.04.06 13:38:21.928,12.52048,12.52261,0.00,0.00
2017.04.06 13:38:21.978,12.52048,12.52312,0.00,0.00
2017.04.06 13:38:22.191,12.52059,12.52312,0.00,0.00
2017.04.06 13:38:22.250,12.52048,12.52312,0.00,0.00
2017.04.06 13:38:22.360,12.52048,12.52302,0.00,0.00
2017.04.06 13:38:22.497,12.52048,12.52312,0.00,0.00
2017.04.06 13:38:22.551,12.52048,12.52292,0.00,0.00
2017.04.06 13:38:22.773,12.52149,12.52411,0.00,0.00
2017.04.06 13:38:22.874,12.52149,12.52381,0.00,0.00
2017.04.06 13:38:23.101,12.52149,12.52411,0.00,0.00
2017.04.06 13:38:23.253,12.52149,12.52382,0.00,0.00
2017.04.06 13:38:23.385,12.52149,12.52411,0.00,0.00
2017.04.06 13:38:23.487,12.52169,12.52411,0.00,0.00
2017.04.06 13:38:23.591,12.52149,12.52411,0.00,0.00
2017.04.06 13:38:23.654,12.52149,12.52371,0.00,0.00
2017.04.06 13:38:23.755,12.52188,12.52411,0.00,0.00
2017.04.06 13:38:23.856,12.52149,12.52411,0.00,0.00
2017.04.06 13:38:23.986,12.52169,12.52411,0.00,0.00
2017.04.06 13:38:24.055,12.52149,12.52411,0.00,0.00
2017.04.06 13:38:24.156,12.52159,12.52411,0.00,0.00
2017.04.06 13:38:24.472,12.52088,12.52301,0.00,0.00
2017.04.06 13:38:24.583,12.52058,12.52301,0.00,0.00
2017.04.06 13:38:24.657,12.52088,12.52301,0.00,0.00
2017.04.06 13:38:24.799,12.52059,12.52301,0.00,0.00
2017.04.06 13:38:25.063,12.52088,12.52301,0.00,0.00
2017.04.06 13:38:25.164,12.52049,12.52301,0.00,0.00
2017.04.06 13:38:25.359,12.52039,12.52301,0.00,0.00
2017.04.06 13:38:25.409,12.52038,12.52258,0.00,0.00
2017.04.06 13:38:25.560,12.51959,12.52202,0.00,0.00
2017.04.06 13:38:25.839,12.51988,12.52202,0.00,0.00
2017.04.06 13:38:26.306,12.51938,12.52202,0.00,0.00
2017.04.06 13:38:26.470,12.51959,12.52202,0.00,0.00
2017.04.06 13:38:26.571,12.51938,12.52201,0.00,0.00
2017.04.06 13:38:26.801,12.51988,12.52202,0.00,0.00
2017.04.06 13:38:27.148,12.51998,12.52202,0.00,0.00
2017.04.06 13:38:27.579,12.51938,12.52202,0.00,0.00
2017.04.06 13:38:27.689,12.51999,12.52202,0.00,0.00
2017.04.06 13:38:28.090,12.52019,12.52202,0.00,0.00
2017.04.06 13:38:28.141,12.52021,12.52251,0.00,0.00
2017.04.06 13:38:28.242,12.52039,12.52272,0.00,0.00
2017.04.06 13:38:28.292,12.52078,12.52301,0.00,0.00
2017.04.06 13:38:28.604,12.52089,12.52301,0.00,0.00
2017.04.06 13:38:28.666,12.52068,12.52301,0.00,0.00
2017.04.06 13:38:29.080,12.52048,12.52301,0.00,0.00
2017.04.06 13:38:29.404,12.52039,12.52271,0.00,0.00
2017.04.06 13:38:29.568,12.52039,12.52301,0.00,0.00
2017.04.06 13:38:29.682,12.52039,12.52292,0.00,0.00
2017.04.06 13:38:30.197,12.52039,12.52271,0.00,0.00
2017.04.06 13:38:30.408,12.52039,12.52292,0.00,0.00
2017.04.06 13:38:30.670,12.52039,12.52271,0.00,0.00
2017.04.06 13:38:31.074,12.52039,12.52292,0.00,0.00
2017.04.06 13:38:31.175,12.52039,12.52301,0.00,0.00
2017.04.06 13:38:31.528,12.52039,12.52271,0.00,0.00
2017.04.06 13:38:31.804,12.52039,12.52292,0.00,0.00
2017.04.06 13:38:31.908,12.52069,12.52301,0.00,0.00
2017.04.06 13:38:32.074,12.52039,12.52301,0.00,0.00
2017.04.06 13:38:32.174,12.52039,12.52272,0.00,0.00
2017.04.06 13:38:32.385,12.52039,12.52301,0.00,0.00
2017.04.06 13:38:33.206,12.52039,12.52292,0.00,0.00
2017.04.06 13:38:33.504,12.52039,12.52301,0.00,0.00
2017.04.06 13:38:33.904,12.52069,12.52301,0.00,0.00
2017.04.06 13:38:33.978,12.52039,12.52291,0.00,0.00
2017.04.06 13:38:34.104,12.52058,12.52301,0.00,0.00
2017.04.06 13:38:34.414,12.52048,12.52301,0.00,0.00
2017.04.06 13:38:34.480,12.52039,12.52272,0.00,0.00
2017.04.06 13:38:34.680,12.52039,12.52301,0.00,0.00
2017.04.06 13:38:34.795,12.52068,12.52301,0.00,0.00
2017.04.06 13:38:34.896,12.52039,12.52301,0.00,0.00
2017.04.06 13:38:35.127,12.52039,12.52291,0.00,0.00
2017.04.06 13:38:35.228,12.52039,12.52301,0.00,0.00
2017.04.06 13:38:35.512,12.52039,12.52292,0.00,0.00
2017.04.06 13:38:35.817,12.52039,12.52272,0.00,0.00
2017.04.06 13:38:36.195,12.52039,12.52301,0.00,0.00
2017.04.06 13:38:36.302,12.52059,12.52301,0.00,0.00
2017.04.06 13:38:36.586,12.52039,12.52301,0.00,0.00
2017.04.06 13:38:36.830,12.52039,12.52271,0.00,0.00
2017.04.06 13:38:37.013,12.52039,12.52301,0.00,0.00
2017.04.06 13:38:37.489,12.52039,12.52242,0.00,0.00
2017.04.06 13:38:37.690,12.52048,12.52271,0.00,0.00
2017.04.06 13:38:37.792,12.52048,12.52312,0.00,0.00
2017.04.06 13:38:37.920,12.52048,12.52252,0.00,0.00
2017.04.06 13:38:38.022,12.52059,12.52312,0.00,0.00
2017.04.06 13:38:38.073,12.52149,12.52341,0.00,0.00
2017.04.06 13:38:38.173,12.52059,12.52312,0.00,0.00
2017.04.06 13:38:38.224,12.52048,12.52251,0.00,0.00
2017.04.06 13:38:38.295,12.52048,12.52291,0.00,0.00
2017.04.06 13:38:38.493,12.52048,12.52282,0.00,0.00
2017.04.06 13:38:38.800,12.52048,12.52272,0.00,0.00
2017.04.06 13:38:39.195,12.52048,12.52252,0.00,0.00
2017.04.06 13:38:39.706,12.52021,12.52252,0.00,0.00
2017.04.06 13:38:39.911,12.52049,12.52258,0.00,0.00
2017.04.06 13:38:40.498,12.52049,12.52242,0.00,0.00
2017.04.06 13:38:40.826,12.52049,12.52262,0.00,0.00
2017.04.06 13:38:40.928,12.52049,12.52242,0.00,0.00
2017.04.06 13:38:41.416,12.52049,12.52282,0.00,0.00
2017.04.06 13:38:41.501,12.52049,12.52262,0.00,0.00
2017.04.06 13:38:41.708,12.52049,12.52282,0.00,0.00
2017.04.06 13:38:42.002,12.52049,12.52262,0.00,0.00
2017.04.06 13:38:42.102,12.52049,12.52281,0.00,0.00
2017.04.06 13:38:42.202,12.52049,12.52262,0.00,0.00
2017.04.06 13:38:42.303,12.51988,12.52219,0.00,0.00
2017.04.06 13:38:42.404,12.51958,12.52202,0.00,0.00
2017.04.06 13:38:42.503,12.51949,12.52202,0.00,0.00
2017.04.06 13:38:42.783,12.51988,12.52242,0.00,0.00
2017.04.06 13:38:42.835,12.51988,12.52222,0.00,0.00
2017.04.06 13:38:42.904,12.51988,12.52252,0.00,0.00
2017.04.06 13:38:43.405,12.51989,12.52252,0.00,0.00
2017.04.06 13:38:43.561,12.51979,12.52201,0.00,0.00
2017.04.06 13:38:43.813,12.52049,12.52301,0.00,0.00
2017.04.06 13:38:43.928,12.52039,12.52292,0.00,0.00
2017.04.06 13:38:44.151,12.52039,12.52262,0.00,0.00
2017.04.06 13:38:44.206,12.52039,12.52291,0.00,0.00
2017.04.06 13:38:44.307,12.52049,12.52301,0.00,0.00
2017.04.06 13:38:44.629,12.52058,12.52301,0.00,0.00
2017.04.06 13:38:44.997,12.52039,12.52261,0.00,0.00
2017.04.06 13:38:45.048,12.52039,12.52292,0.00,0.00
2017.04.06 13:38:45.109,12.52039,12.52271,0.00,0.00
2017.04.06 13:38:45.209,12.52039,12.52291,0.00,0.00
2017.04.06 13:38:45.747,12.52049,12.52301,0.00,0.00
2017.04.06 13:38:45.911,12.52039,12.52301,0.00,0.00
2017.04.06 13:38:46.813,12.52039,12.52261,0.00,0.00
2017.04.06 13:38:47.037,12.52048,12.52301,0.00,0.00
2017.04.06 13:38:47.113,12.52039,12.52261,0.00,0.00
2017.04.06 13:38:47.926,12.52039,12.52281,0.00,0.00
2017.04.06 13:38:48.027,12.52039,12.52262,0.00,0.00
2017.04.06 13:38:49.057,12.52039,12.52258,0.00,0.00
2017.04.06 13:38:49.108,12.51988,12.52228,0.00,0.00
2017.04.06 13:38:49.209,12.51978,12.52202,0.00,0.00
2017.04.06 13:38:49.356,12.51938,12.52202,0.00,0.00
2017.04.06 13:38:49.457,12.51958,12.52202,0.00,0.00
2017.04.06 13:38:49.807,12.52038,12.52258,0.00,0.00
2017.04.06 13:38:49.969,12.52039,12.52302,0.00,0.00
2017.04.06 13:38:50.141,12.52059,12.52302,0.00,0.00
2017.04.06 13:38:50.254,12.52049,12.52302,0.00,0.00
2017.04.06 13:38:50.851,12.52038,12.52262,0.00,0.00
2017.04.06 13:38:51.122,12.51969,12.52202,0.00,0.00
2017.04.06 13:38:51.221,12.51949,12.52202,0.00,0.00
2017.04.06 13:38:51.330,12.51968,12.52202,0.00,0.00
2017.04.06 13:38:51.431,12.51939,12.52202,0.00,0.00
2017.04.06 13:38:51.538,12.51938,12.52172,0.00,0.00
2017.04.06 13:38:51.845,12.51938,12.52201,0.00,0.00
2017.04.06 13:38:51.973,12.51958,12.52202,0.00,0.00
2017.04.06 13:38:52.023,12.51948,12.52202,0.00,0.00
2017.04.06 13:38:52.291,12.51938,12.52202,0.00,0.00
2017.04.06 13:38:52.341,12.51938,12.52171,0.00,0.00
2017.04.06 13:38:52.667,12.51878,12.52101,0.00,0.00
2017.04.06 13:38:52.773,12.51839,12.52101,0.00,0.00
2017.04.06 13:38:53.371,12.51839,12.52072,0.00,0.00
2017.04.06 13:38:53.527,12.51839,12.52101,0.00,0.00
2017.04.06 13:38:53.835,12.51868,12.52101,0.00,0.00
2017.04.06 13:38:54.128,12.51858,12.52101,0.00,0.00
2017.04.06 13:38:54.432,12.51848,12.52101,0.00,0.00
2017.04.06 13:38:54.728,12.51839,12.52072,0.00,0.00
2017.04.06 13:38:54.830,12.51839,12.52101,0.00,0.00
2017.04.06 13:38:55.044,12.51849,12.52101,0.00,0.00
2017.04.06 13:38:55.145,12.51839,12.52101,0.00,0.00
2017.04.06 13:38:55.232,12.51839,12.52061,0.00,0.00
2017.04.06 13:38:55.561,12.51839,12.52081,0.00,0.00
2017.04.06 13:38:55.633,12.51839,12.52061,0.00,0.00
2017.04.06 13:38:55.943,12.51839,12.52101,0.00,0.00
2017.04.06 13:38:55.994,12.51839,12.52052,0.00,0.00
2017.04.06 13:38:56.045,12.51839,12.52072,0.00,0.00
2017.04.06 13:38:56.167,12.51839,12.52092,0.00,0.00
2017.04.06 13:38:56.274,12.51859,12.52101,0.00,0.00
2017.04.06 13:38:56.379,12.51839,12.52092,0.00,0.00
2017.04.06 13:38:56.434,12.51839,12.52101,0.00,0.00
2017.04.06 13:38:56.537,12.51839,12.52062,0.00,0.00
2017.04.06 13:38:57.414,12.51849,12.52101,0.00,0.00
2017.04.06 13:38:57.839,12.51839,12.52101,0.00,0.00
2017.04.06 13:38:57.948,12.51859,12.52101,0.00,0.00
2017.04.06 13:38:58.257,12.51939,12.52102,0.00,0.00
2017.04.06 13:38:58.338,12.51848,12.52102,0.00,0.00
2017.04.06 13:38:58.456,12.51838,12.52102,0.00,0.00
2017.04.06 13:38:58.539,12.51849,12.52102,0.00,0.00
2017.04.06 13:38:58.778,12.51838,12.52102,0.00,0.00
2017.04.06 13:38:58.886,12.51858,12.52102,0.00,0.00
2017.04.06 13:38:59.225,12.51879,12.52102,0.00,0.00
2017.04.06 13:38:59.275,12.51858,12.52102,0.00,0.00
2017.04.06 13:38:59.383,12.51838,12.52062,0.00,0.00
2017.04.06 13:38:59.641,12.51938,12.52202,0.00,0.00
2017.04.06 13:38:59.764,12.51949,12.52202,0.00,0.00
2017.04.06 13:39:00.074,12.51938,12.52202,0.00,0.00
2017.04.06 13:39:00.335,12.51938,12.52151,0.00,0.00
2017.04.06 13:39:00.543,12.51938,12.52181,0.00,0.00
2017.04.06 13:39:00.883,12.51938,12.52151,0.00,0.00
2017.04.06 13:39:01.066,12.51939,12.52202,0.00,0.00
2017.04.06 13:39:02.028,12.51938,12.52152,0.00,0.00
2017.04.06 13:39:02.079,12.51938,12.52192,0.00,0.00
2017.04.06 13:39:02.187,12.51938,12.52151,0.00,0.00
2017.04.06 13:39:02.554,12.51938,12.52172,0.00,0.00
2017.04.06 13:39:02.957,12.51938,12.52198,0.00,0.00
2017.04.06 13:39:03.062,12.51938,12.52151,0.00,0.00
2017.04.06 13:39:03.559,12.51938,12.52181,0.00,0.00
2017.04.06 13:39:03.650,12.51949,12.52198,0.00,0.00
2017.04.06 13:39:03.701,12.51949,12.52172,0.00,0.00
2017.04.06 13:39:04.022,12.51968,12.52191,0.00,0.00
2017.04.06 13:39:04.181,12.51911,12.52172,0.00,0.00
2017.04.06 13:39:04.252,12.51939,12.52172,0.00,0.00
2017.04.06 13:39:04.390,12.51911,12.52172,0.00,0.00
2017.04.06 13:39:04.453,12.51948,12.52172,0.00,0.00
2017.04.06 13:39:04.554,12.51938,12.52172,0.00,0.00
2017.04.06 13:39:04.605,12.51938,12.52122,0.00,0.00
2017.04.06 13:39:04.656,12.51898,12.52098,0.00,0.00
2017.04.06 13:39:04.756,12.51818,12.52071,0.00,0.00
2017.04.06 13:39:04.863,12.51812,12.52051,0.00,0.00
2017.04.06 13:39:05.190,12.51812,12.52071,0.00,0.00
2017.04.06 13:39:05.296,12.51812,12.52062,0.00,0.00
2017.04.06 13:39:05.355,12.51818,12.52071,0.00,0.00
2017.04.06 13:39:05.459,12.51849,12.52071,0.00,0.00
2017.04.06 13:39:05.560,12.51829,12.52071,0.00,0.00
2017.04.06 13:39:05.893,12.51859,12.52071,0.00,0.00
2017.04.06 13:39:05.944,12.51902,12.52121,0.00,0.00
2017.04.06 13:39:06.051,12.51902,12.52152,0.00,0.00
2017.04.06 13:39:06.102,12.51938,12.52172,0.00,0.00
2017.04.06 13:39:06.262,12.51902,12.52172,0.00,0.00
2017.04.06 13:39:06.403,12.51938,12.52172,0.00,0.00
2017.04.06 13:39:06.505,12.51902,12.52151,0.00,0.00
2017.04.06 13:39:06.608,12.51902,12.52172,0.00,0.00
2017.04.06 13:39:06.659,12.51949,12.52172,0.00,0.00
2017.04.06 13:39:06.876,12.51908,12.52172,0.00,0.00
2017.04.06 13:39:07.074,12.51902,12.52152,0.00,0.00
2017.04.06 13:39:07.454,12.51868,12.52109,0.00,0.00
2017.04.06 13:39:07.764,12.51818,12.52071,0.00,0.00
2017.04.06 13:39:07.865,12.51811,12.52071,0.00,0.00
2017.04.06 13:39:07.978,12.51811,12.52061,0.00,0.00
2017.04.06 13:39:08.083,12.51818,12.52071,0.00,0.00
2017.04.06 13:39:08.265,12.51869,12.52071,0.00,0.00
2017.04.06 13:39:08.317,12.51811,12.52051,0.00,0.00
2017.04.06 13:39:08.452,12.51829,12.52071,0.00,0.00
2017.04.06 13:39:08.503,12.51818,12.52071,0.00,0.00
2017.04.06 13:39:08.566,12.51848,12.52071,0.00,0.00
2017.04.06 13:39:08.782,12.51818,12.52071,0.00,0.00
2017.04.06 13:39:08.883,12.51811,12.52052,0.00,0.00
2017.04.06 13:39:09.060,12.51802,12.52052,0.00,0.00
2017.04.06 13:39:09.111,12.51808,12.52071,0.00,0.00
2017.04.06 13:39:09.212,12.51802,12.52052,0.00,0.00
2017.04.06 13:39:09.627,12.51769,12.52008,0.00,0.00
2017.04.06 13:39:09.677,12.51718,12.51962,0.00,0.00
2017.04.06 13:39:09.728,12.51801,12.51962,0.00,0.00
2017.04.06 13:39:09.779,12.51801,12.52002,0.00,0.00
2017.04.06 13:39:09.891,12.51828,12.52072,0.00,0.00
2017.04.06 13:39:10.033,12.51828,12.51972,0.00,0.00
2017.04.06 13:39:10.083,12.51799,12.51972,0.00,0.00
2017.04.06 13:39:10.184,12.51808,12.51972,0.00,0.00
2017.04.06 13:39:10.271,12.51738,12.51972,0.00,0.00
2017.04.06 13:39:10.376,12.51769,12.51972,0.00,0.00
2017.04.06 13:39:10.482,12.51749,12.51972,0.00,0.00
2017.04.06 13:39:10.572,12.51712,12.51961,0.00,0.00
2017.04.06 13:39:10.982,12.51712,12.51971,0.00,0.00
2017.04.06 13:39:11.073,12.51712,12.51961,0.00,0.00
2017.04.06 13:39:11.490,12.51712,12.51972,0.00,0.00
2017.04.06 13:39:11.575,12.51712,12.51961,0.00,0.00
2017.04.06 13:39:12.017,12.51768,12.51972,0.00,0.00
2017.04.06 13:39:12.193,12.51738,12.51972,0.00,0.00
2017.04.06 13:39:12.304,12.51768,12.51972,0.00,0.00
2017.04.06 13:39:12.412,12.51729,12.51972,0.00,0.00
2017.04.06 13:39:12.513,12.51712,12.51962,0.00,0.00
2017.04.06 13:39:12.794,12.51712,12.51972,0.00,0.00
2017.04.06 13:39:12.844,12.51752,12.51972,0.00,0.00
2017.04.06 13:39:13.146,12.51829,12.51972,0.00,0.00
2017.04.06 13:39:13.372,12.51752,12.51972,0.00,0.00
2017.04.06 13:39:13.806,12.51778,12.52009,0.00,0.00
2017.04.06 13:39:13.857,12.51801,12.52021,0.00,0.00
2017.04.06 13:39:13.969,12.51801,12.52062,0.00,0.00
2017.04.06 13:39:14.019,12.51839,12.52069,0.00,0.00
2017.04.06 13:39:14.125,12.51819,12.52069,0.00,0.00
2017.04.06 13:39:14.184,12.51809,12.52069,0.00,0.00
2017.04.06 13:39:14.292,12.51838,12.52069,0.00,0.00
2017.04.06 13:39:14.522,12.51801,12.52069,0.00,0.00
2017.04.06 13:39:14.585,12.51839,12.52069,0.00,0.00
2017.04.06 13:39:14.701,12.51801,12.52042,0.00,0.00
2017.04.06 13:39:14.801,12.51838,12.52071,0.00,0.00
2017.04.06 13:39:14.885,12.51801,12.52071,0.00,0.00
2017.04.06 13:39:14.938,12.51812,12.52071,0.00,0.00
2017.04.06 13:39:15.297,12.51812,12.52042,0.00,0.00
2017.04.06 13:39:15.527,12.51812,12.52051,0.00,0.00
2017.04.06 13:39:15.588,12.51812,12.52042,0.00,0.00
2017.04.06 13:39:15.888,12.51812,12.52071,0.00,0.00
2017.04.06 13:39:16.006,12.51838,12.52071,0.00,0.00
2017.04.06 13:39:16.126,12.51812,12.52052,0.00,0.00
2017.04.06 13:39:16.236,12.51812,12.52041,0.00,0.00
2017.04.06 13:39:16.289,12.51812,12.52071,0.00,0.00
2017.04.06 13:39:16.398,12.51838,12.52071,0.00,0.00
2017.04.06 13:39:16.730,12.51848,12.52071,0.00,0.00
2017.04.06 13:39:17.090,12.51812,12.52071,0.00,0.00
2017.04.06 13:39:17.191,12.51829,12.52071,0.00,0.00
2017.04.06 13:39:17.603,12.51818,12.52071,0.00,0.00
2017.04.06 13:39:17.692,12.51838,12.52071,0.00,0.00
2017.04.06 13:39:18.031,12.51828,12.52071,0.00,0.00
2017.04.06 13:39:18.094,12.51812,12.52061,0.00,0.00
2017.04.06 13:39:18.197,12.51812,12.52051,0.00,0.00
2017.04.06 13:39:18.395,12.51819,12.52071,0.00,0.00
2017.04.06 13:39:18.515,12.51851,12.52098,0.00,0.00
2017.04.06 13:39:18.666,12.51901,12.52162,0.00,0.00
2017.04.06 13:39:18.716,12.51918,12.52171,0.00,0.00
2017.04.06 13:39:19.082,12.51851,12.52072,0.00,0.00
2017.04.06 13:39:19.236,12.51819,12.52072,0.00,0.00
2017.04.06 13:39:19.337,12.51828,12.52072,0.00,0.00
2017.04.06 13:39:19.880,12.51829,12.52072,0.00,0.00
2017.04.06 13:39:19.931,12.51829,12.52099,0.00,0.00
2017.04.06 13:39:19.981,12.51901,12.52111,0.00,0.00
2017.04.06 13:39:20.032,12.51901,12.52121,0.00,0.00
2017.04.06 13:39:20.133,12.51901,12.52161,0.00,0.00
2017.04.06 13:39:20.233,12.51918,12.52171,0.00,0.00
2017.04.06 13:39:20.575,12.51908,12.52121,0.00,0.00
2017.04.06 13:39:20.626,12.51838,12.52108,0.00,0.00
2017.04.06 13:39:20.676,12.51838,12.52072,0.00,0.00
2017.04.06 13:39:20.727,12.51829,12.52072,0.00,0.00
2017.04.06 13:39:20.852,12.51818,12.52072,0.00,0.00
2017.04.06 13:39:20.903,12.51812,12.52052,0.00,0.00
2017.04.06 13:39:21.012,12.51818,12.52072,0.00,0.00
2017.04.06 13:39:21.124,12.51812,12.52072,0.00,0.00
2017.04.06 13:39:21.224,12.51838,12.52072,0.00,0.00
2017.04.06 13:39:21.533,12.51828,12.52072,0.00,0.00
2017.04.06 13:39:21.634,12.51848,12.52072,0.00,0.00
2017.04.06 13:39:21.705,12.51828,12.52072,0.00,0.00
2017.04.06 13:39:21.933,12.51812,12.52051,0.00,0.00
2017.04.06 13:39:22.287,12.51838,12.52072,0.00,0.00
2017.04.06 13:39:22.337,12.51812,12.52051,0.00,0.00
2017.04.06 13:39:22.412,12.51801,12.52051,0.00,0.00
2017.04.06 13:39:22.729,12.51802,12.52072,0.00,0.00
2017.04.06 13:39:22.808,12.51849,12.52072,0.00,0.00
2017.04.06 13:39:23.321,12.51828,12.52072,0.00,0.00
2017.04.06 13:39:23.609,12.51849,12.52072,0.00,0.00
2017.04.06 13:39:24.052,12.51809,12.52072,0.00,0.00
2017.04.06 13:39:24.216,12.51829,12.52072,0.00,0.00
2017.04.06 13:39:24.913,12.51808,12.52072,0.00,0.00
2017.04.06 13:39:25.461,12.51802,12.52052,0.00,0.00
2017.04.06 13:39:26.021,12.51802,12.52062,0.00,0.00
2017.04.06 13:39:26.135,12.51798,12.51972,0.00,0.00
2017.04.06 13:39:26.236,12.51758,12.51972,0.00,0.00
2017.04.06 13:39:26.317,12.51728,12.51972,0.00,0.00
2017.04.06 13:39:26.417,12.51712,12.51951,0.00,0.00
2017.04.06 13:39:26.518,12.51712,12.51972,0.00,0.00
2017.04.06 13:39:26.617,12.51769,12.51972,0.00,0.00
2017.04.06 13:39:26.757,12.51738,12.51972,0.00,0.00
2017.04.06 13:39:26.859,12.51712,12.51951,0.00,0.00
2017.04.06 13:39:26.918,12.51748,12.51972,0.00,0.00
2017.04.06 13:39:27.137,12.51712,12.51972,0.00,0.00
2017.04.06 13:39:27.188,12.51792,12.51992,0.00,0.00
2017.04.06 13:39:27.238,12.51792,12.52022,0.00,0.00
2017.04.06 13:39:27.289,12.51792,12.52071,0.00,0.00
2017.04.06 13:39:27.339,12.51829,12.52071,0.00,0.00
2017.04.06 13:39:27.641,12.51752,12.51972,0.00,0.00
2017.04.06 13:39:28.021,12.51758,12.51972,0.00,0.00
2017.04.06 13:39:28.230,12.51711,12.51952,0.00,0.00
2017.04.06 13:39:28.366,12.51758,12.51972,0.00,0.00
2017.04.06 13:39:28.422,12.51711,12.51951,0.00,0.00
2017.04.06 13:39:28.962,12.51711,12.51961,0.00,0.00
2017.04.06 13:39:29.023,12.51711,12.51952,0.00,0.00
2017.04.06 13:39:29.224,12.51711,12.51962,0.00,0.00
2017.04.06 13:39:29.925,12.51711,12.51952,0.00,0.00
2017.04.06 13:39:30.293,12.51748,12.51972,0.00,0.00
2017.04.06 13:39:30.344,12.51711,12.51951,0.00,0.00
2017.04.06 13:39:30.426,12.51768,12.51972,0.00,0.00
2017.04.06 13:39:31.231,12.51728,12.51972,0.00,0.00
2017.04.06 13:39:31.428,12.51749,12.51972,0.00,0.00
2017.04.06 13:39:32.063,12.51758,12.51972,0.00,0.00
2017.04.06 13:39:32.164,12.51711,12.51972,0.00,0.00
2017.04.06 13:39:32.276,12.51711,12.51961,0.00,0.00
2017.04.06 13:39:32.331,12.51711,12.51972,0.00,0.00
2017.04.06 13:39:32.432,12.51779,12.51972,0.00,0.00
2017.04.06 13:39:32.556,12.51758,12.51972,0.00,0.00
2017.04.06 13:39:32.632,12.51711,12.51962,0.00,0.00
2017.04.06 13:39:33.135,12.51711,12.51972,0.00,0.00
2017.04.06 13:39:33.234,12.51718,12.51972,0.00,0.00
2017.04.06 13:39:33.377,12.51711,12.51972,0.00,0.00
2017.04.06 13:39:33.753,12.51718,12.51972,0.00,0.00
2017.04.06 13:39:34.637,12.51768,12.51972,0.00,0.00
2017.04.06 13:39:34.956,12.51739,12.51972,0.00,0.00
2017.04.06 13:39:35.263,12.51769,12.51972,0.00,0.00
2017.04.06 13:39:35.371,12.51711,12.51971,0.00,0.00
2017.04.06 13:39:35.639,12.51758,12.51972,0.00,0.00
2017.04.06 13:39:35.977,12.51778,12.51972,0.00,0.00
2017.04.06 13:39:36.186,12.51711,12.51962,0.00,0.00
2017.04.06 13:39:37.481,12.51711,12.51972,0.00,0.00
2017.04.06 13:39:37.764,12.51769,12.51972,0.00,0.00
2017.04.06 13:39:37.842,12.51711,12.51962,0.00,0.00
2017.04.06 13:39:37.971,12.51711,12.51972,0.00,0.00
2017.04.06 13:39:38.071,12.51779,12.51972,0.00,0.00
2017.04.06 13:39:38.122,12.51801,12.52022,0.00,0.00
2017.04.06 13:39:38.223,12.51751,12.52002,0.00,0.00
2017.04.06 13:39:38.273,12.51818,12.52008,0.00,0.00
2017.04.06 13:39:38.374,12.51728,12.51972,0.00,0.00
2017.04.06 13:39:38.591,12.51712,12.51971,0.00,0.00
2017.04.06 13:39:38.692,12.51728,12.51972,0.00,0.00
2017.04.06 13:39:38.745,12.51712,12.51972,0.00,0.00
2017.04.06 13:39:39.017,12.51779,12.51972,0.00,0.00
2017.04.06 13:39:39.067,12.51768,12.51972,0.00,0.00
2017.04.06 13:39:39.247,12.51712,12.51962,0.00,0.00
2017.04.06 13:39:39.448,12.51769,12.51972,0.00,0.00
2017.04.06 13:39:39.550,12.51712,12.51972,0.00,0.00
2017.04.06 13:39:39.663,12.51712,12.51962,0.00,0.00
2017.04.06 13:39:40.085,12.51758,12.51972,0.00,0.00
2017.04.06 13:39:40.239,12.51712,12.51952,0.00,0.00
2017.04.06 13:39:41.197,12.51712,12.51972,0.00,0.00
2017.04.06 13:39:41.601,12.51712,12.51952,0.00,0.00
2017.04.06 13:39:41.925,12.51758,12.51972,0.00,0.00
2017.04.06 13:39:42.154,12.51712,12.51961,0.00,0.00
2017.04.06 13:39:42.257,12.51712,12.51972,0.00,0.00
2017.04.06 13:39:42.455,12.51749,12.51972,0.00,0.00
2017.04.06 13:39:42.802,12.51768,12.51972,0.00,0.00
2017.04.06 13:39:42.855,12.51729,12.51972,0.00,0.00
2017.04.06 13:39:42.956,12.51778,12.51972,0.00,0.00
2017.04.06 13:39:43.082,12.51712,12.51961,0.00,0.00
2017.04.06 13:39:43.301,12.51769,12.51972,0.00,0.00
2017.04.06 13:39:43.576,12.51712,12.51971,0.00,0.00
2017.04.06 13:39:43.857,12.51749,12.51972,0.00,0.00
2017.04.06 13:39:43.958,12.51712,12.51962,0.00,0.00
2017.04.06 13:39:44.178,12.51729,12.51972,0.00,0.00
2017.04.06 13:39:44.617,12.51712,12.51972,0.00,0.00
2017.04.06 13:39:45.194,12.51719,12.51972,0.00,0.00
2017.04.06 13:39:45.563,12.51712,12.51962,0.00,0.00
2017.04.06 13:39:45.664,12.51708,12.51972,0.00,0.00
2017.04.06 13:39:45.766,12.51718,12.51972,0.00,0.00
2017.04.06 13:39:46.290,12.51719,12.51972,0.00,0.00
2017.04.06 13:39:46.602,12.51738,12.51972,0.00,0.00
2017.04.06 13:39:46.778,12.51701,12.51961,0.00,0.00
2017.04.06 13:39:47.167,12.51709,12.51972,0.00,0.00
2017.04.06 13:39:47.687,12.51768,12.51972,0.00,0.00
2017.04.06 13:39:47.768,12.51709,12.51972,0.00,0.00
2017.04.06 13:39:47.998,12.51701,12.51962,0.00,0.00
2017.04.06 13:39:48.210,12.51701,12.51972,0.00,0.00
2017.04.06 13:39:48.314,12.51701,12.51961,0.00,0.00
2017.04.06 13:39:48.570,12.51708,12.51972,0.00,0.00
2017.04.06 13:39:48.775,12.51759,12.51972,0.00,0.00
2017.04.06 13:39:48.899,12.51701,12.51972,0.00,0.00
2017.04.06 13:39:49.000,12.51749,12.51972,0.00,0.00
2017.04.06 13:39:49.121,12.51701,12.51971,0.00,0.00
2017.04.06 13:39:49.310,12.51768,12.51972,0.00,0.00
2017.04.06 13:39:49.372,12.51729,12.51972,0.00,0.00
2017.04.06 13:39:49.511,12.51768,12.51972,0.00,0.00
2017.04.06 13:39:49.573,12.51729,12.51972,0.00,0.00
2017.04.06 13:39:50.302,12.51768,12.51972,0.00,0.00
2017.04.06 13:39:50.403,12.51701,12.51962,0.00,0.00
2017.04.06 13:39:50.575,12.51758,12.51972,0.00,0.00
2017.04.06 13:39:51.277,12.51749,12.51972,0.00,0.00
2017.04.06 13:39:51.378,12.51758,12.51972,0.00,0.00
2017.04.06 13:39:51.478,12.51748,12.51972,0.00,0.00
2017.04.06 13:39:51.723,12.51701,12.51962,0.00,0.00
2017.04.06 13:39:51.779,12.51768,12.51972,0.00,0.00
2017.04.06 13:39:52.016,12.51701,12.51961,0.00,0.00
2017.04.06 13:39:52.118,12.51728,12.51972,0.00,0.00
2017.04.06 13:39:52.180,12.51719,12.51972,0.00,0.00
2017.04.06 13:39:52.320,12.51758,12.51972,0.00,0.00
2017.04.06 13:39:52.581,12.51739,12.51972,0.00,0.00
2017.04.06 13:39:52.682,12.51701,12.51962,0.00,0.00
2017.04.06 13:39:52.830,12.51709,12.51972,0.00,0.00
2017.04.06 13:39:52.882,12.51728,12.51972,0.00,0.00
2017.04.06 13:39:53.091,12.51701,12.51952,0.00,0.00
2017.04.06 13:39:53.417,12.51709,12.51972,0.00,0.00
2017.04.06 13:39:54.229,12.51738,12.51972,0.00,0.00
2017.04.06 13:39:54.531,12.51748,12.51972,0.00,0.00
2017.04.06 13:39:54.585,12.51701,12.51952,0.00,0.00
2017.04.06 13:39:54.743,12.51712,12.51952,0.00,0.00
2017.04.06 13:39:54.999,12.51622,12.51872,0.00,0.00
2017.04.06 13:39:55.101,12.51648,12.51872,0.00,0.00
2017.04.06 13:39:55.225,12.51639,12.51872,0.00,0.00
2017.04.06 13:39:55.326,12.51631,12.51861,0.00,0.00
2017.04.06 13:39:55.388,12.51631,12.51872,0.00,0.00
2017.04.06 13:39:55.617,12.51668,12.51872,0.00,0.00
2017.04.06 13:39:55.689,12.51631,12.51872,0.00,0.00
2017.04.06 13:39:55.999,12.51679,12.51872,0.00,0.00
2017.04.06 13:39:56.309,12.51628,12.51872,0.00,0.00
2017.04.06 13:39:56.410,12.51622,12.51872,0.00,0.00
2017.04.06 13:39:56.513,12.51648,12.51872,0.00,0.00
2017.04.06 13:39:56.858,12.51648,12.51772,0.00,0.00
2017.04.06 13:39:56.909,12.51618,12.51772,0.00,0.00
2017.04.06 13:39:57.010,12.51552,12.51761,0.00,0.00
2017.04.06 13:39:57.111,12.51531,12.51772,0.00,0.00
2017.04.06 13:39:57.218,12.51578,12.51772,0.00,0.00
2017.04.06 13:39:57.319,12.51531,12.51772,0.00,0.00
2017.04.06 13:39:57.394,12.51558,12.51772,0.00,0.00
2017.04.06 13:39:57.528,12.51531,12.51772,0.00,0.00
2017.04.06 13:39:57.629,12.51569,12.51772,0.00,0.00
2017.04.06 13:39:57.805,12.51531,12.51762,0.00,0.00
2017.04.06 13:39:57.896,12.51531,12.51772,0.00,0.00
2017.04.06 13:39:58.297,12.51531,12.51761,0.00,0.00
2017.04.06 13:39:58.509,12.51531,12.51772,0.00,0.00
2017.04.06 13:39:58.611,12.51548,12.51772,0.00,0.00
2017.04.06 13:39:58.698,12.51531,12.51762,0.00,0.00
2017.04.06 13:39:58.802,12.51569,12.51772,0.00,0.00
2017.04.06 13:39:58.909,12.51549,12.51772,0.00,0.00
2017.04.06 13:39:59.219,12.51531,12.51761,0.00,0.00
2017.04.06 13:39:59.320,12.51531,12.51771,0.00,0.00
2017.04.06 13:39:59.448,12.51531,12.51762,0.00,0.00
2017.04.06 13:39:59.607,12.51531,12.51771,0.00,0.00
2017.04.06 13:39:59.732,12.51531,12.51761,0.00,0.00
2017.04.06 13:39:59.908,12.51531,12.51771,0.00,0.00
2017.04.06 13:40:00.403,12.51531,12.51751,0.00,0.00
2017.04.06 13:40:00.553,12.51531,12.51762,0.00,0.00
2017.04.06 13:40:00.604,12.51548,12.51771,0.00,0.00
2017.04.06 13:40:00.905,12.51559,12.51771,0.00,0.00
2017.04.06 13:40:01.032,12.51538,12.51771,0.00,0.00
2017.04.06 13:40:01.137,12.51531,12.51762,0.00,0.00
2017.04.06 13:40:01.470,12.51558,12.51771,0.00,0.00
2017.04.06 13:40:01.636,12.51531,12.51761,0.00,0.00
2017.04.06 13:40:01.737,12.51621,12.51822,0.00,0.00
2017.04.06 13:40:01.853,12.51621,12.51872,0.00,0.00
2017.04.06 13:40:01.954,12.51628,12.51872,0.00,0.00
2017.04.06 13:40:02.106,12.51621,12.51872,0.00,0.00
2017.04.06 13:40:02.270,12.51628,12.51872,0.00,0.00
2017.04.06 13:40:02.509,12.51621,12.51871,0.00,0.00
2017.04.06 13:40:02.623,12.51648,12.51872,0.00,0.00
2017.04.06 13:40:03.030,12.51621,12.51872,0.00,0.00
2017.04.06 13:40:03.347,12.51621,12.51851,0.00,0.00
2017.04.06 13:40:03.782,12.51648,12.51872,0.00,0.00
2017.04.06 13:40:04.109,12.51621,12.51852,0.00,0.00
2017.04.06 13:40:04.209,12.51621,12.51872,0.00,0.00
2017.04.06 13:40:04.440,12.51598,12.51821,0.00,0.00
2017.04.06 13:40:04.644,12.51521,12.51771,0.00,0.00
2017.04.06 13:40:04.755,12.51521,12.51751,0.00,0.00
2017.04.06 13:40:04.930,12.51521,12.51771,0.00,0.00
2017.04.06 13:40:05.011,12.51548,12.51771,0.00,0.00
2017.04.06 13:40:05.257,12.51521,12.51752,0.00,0.00
2017.04.06 13:40:05.312,12.51521,12.51771,0.00,0.00
2017.04.06 13:40:05.436,12.51549,12.51771,0.00,0.00
2017.04.06 13:40:05.512,12.51529,12.51771,0.00,0.00
2017.04.06 13:40:05.614,12.51559,12.51771,0.00,0.00
2017.04.06 13:40:05.763,12.51548,12.51771,0.00,0.00
2017.04.06 13:40:05.815,12.51559,12.51771,0.00,0.00
2017.04.06 13:40:05.916,12.51532,12.51771,0.00,0.00
2017.04.06 13:40:06.116,12.51548,12.51771,0.00,0.00
2017.04.06 13:40:06.219,12.51532,12.51771,0.00,0.00
2017.04.06 13:40:06.320,12.51578,12.51771,0.00,0.00
2017.04.06 13:40:06.418,12.51532,12.51771,0.00,0.00
2017.04.06 13:40:06.636,12.51539,12.51771,0.00,0.00
2017.04.06 13:40:06.870,12.51532,12.51771,0.00,0.00
2017.04.06 13:40:06.921,12.51549,12.51771,0.00,0.00
2017.04.06 13:40:07.244,12.51568,12.51771,0.00,0.00
2017.04.06 13:40:07.426,12.51532,12.51771,0.00,0.00
2017.04.06 13:40:07.529,12.51559,12.51771,0.00,0.00
2017.04.06 13:40:08.260,12.51568,12.51771,0.00,0.00
2017.04.06 13:40:08.322,12.51532,12.51761,0.00,0.00
2017.04.06 13:40:08.528,12.51532,12.51771,0.00,0.00
2017.04.06 13:40:08.579,12.51532,12.51761,0.00,0.00
2017.04.06 13:40:08.629,12.51622,12.51858,0.00,0.00
2017.04.06 13:40:08.856,12.51638,12.51858,0.00,0.00
2017.04.06 13:40:08.956,12.51622,12.51852,0.00,0.00
2017.04.06 13:40:09.059,12.51622,12.51858,0.00,0.00
2017.04.06 13:40:09.160,12.51622,12.51851,0.00,0.00
2017.04.06 13:40:09.425,12.51622,12.51858,0.00,0.00
2017.04.06 13:40:09.475,12.51578,12.51779,0.00,0.00
2017.04.06 13:40:09.534,12.51568,12.51779,0.00,0.00
2017.04.06 13:40:09.613,12.51568,12.51772,0.00,0.00
2017.04.06 13:40:09.664,12.51531,12.51752,0.00,0.00
2017.04.06 13:40:09.768,12.51531,12.51772,0.00,0.00
2017.04.06 13:40:09.825,12.51558,12.51772,0.00,0.00
2017.04.06 13:40:10.059,12.51531,12.51752,0.00,0.00
2017.04.06 13:40:10.359,12.51531,12.51772,0.00,0.00
2017.04.06 13:40:10.426,12.51531,12.51752,0.00,0.00
2017.04.06 13:40:10.529,12.51531,12.51761,0.00,0.00
2017.04.06 13:40:10.631,12.51531,12.51752,0.00,0.00
2017.04.06 13:40:10.682,12.51522,12.51752,0.00,0.00
2017.04.06 13:40:10.964,12.51522,12.51772,0.00,0.00
2017.04.06 13:40:11.015,12.51531,12.51772,0.00,0.00
2017.04.06 13:40:11.317,12.51539,12.51801,0.00,0.00
2017.04.06 13:40:11.373,12.51551,12.51801,0.00,0.00
2017.04.06 13:40:11.705,12.51562,12.51762,0.00,0.00
2017.04.06 13:40:11.755,12.51562,12.51792,0.00,0.00
2017.04.06 13:40:11.831,12.51562,12.51751,0.00,0.00
2017.04.06 13:40:11.932,12.51562,12.51801,0.00,0.00
2017.04.06 13:40:12.153,12.51562,12.51782,0.00,0.00
2017.04.06 13:40:12.375,12.51562,12.51801,0.00,0.00
2017.04.06 13:40:12.478,12.51562,12.51782,0.00,0.00
2017.04.06 13:40:12.823,12.51562,12.51751,0.00,0.00
2017.04.06 13:40:12.976,12.51562,12.51779,0.00,0.00
2017.04.06 13:40:13.375,12.51562,12.51752,0.00,0.00
2017.04.06 13:40:13.476,12.51562,12.51779,0.00,0.00
2017.04.06 13:40:13.722,12.51562,12.51801,0.00,0.00
2017.04.06 13:40:13.773,12.51662,12.51801,0.00,0.00
2017.04.06 13:40:13.824,12.51662,12.51822,0.00,0.00
2017.04.06 13:40:13.924,12.51662,12.51839,0.00,0.00
2017.04.06 13:40:14.427,12.51662,12.51892,0.00,0.00
2017.04.06 13:40:14.541,12.51662,12.51842,0.00,0.00
2017.04.06 13:40:14.656,12.51662,12.51892,0.00,0.00
2017.04.06 13:40:14.765,12.51662,12.51861,0.00,0.00
2017.04.06 13:40:14.866,12.51662,12.51892,0.00,0.00
2017.04.06 13:40:15.031,12.51662,12.51862,0.00,0.00
2017.04.06 13:40:15.144,12.51589,12.51851,0.00,0.00
2017.04.06 13:40:15.195,12.51662,12.51851,0.00,0.00
2017.04.06 13:40:15.296,12.51651,12.51872,0.00,0.00
2017.04.06 13:40:15.406,12.51651,12.51881,0.00,0.00
2017.04.06 13:40:15.457,12.51651,12.51891,0.00,0.00
2017.04.06 13:40:15.744,12.51651,12.51861,0.00,0.00
2017.04.06 13:40:15.852,12.51651,12.51872,0.00,0.00
2017.04.06 13:40:15.989,12.51651,12.51862,0.00,0.00
2017.04.06 13:40:16.293,12.51651,12.51891,0.00,0.00
2017.04.06 13:40:16.346,12.51651,12.51851,0.00,0.00
2017.04.06 13:40:16.460,12.51651,12.51891,0.00,0.00
2017.04.06 13:40:16.656,12.51651,12.51861,0.00,0.00
2017.04.06 13:40:16.987,12.51742,12.51882,0.00,0.00
2017.04.06 13:40:17.088,12.51752,12.51979,0.00,0.00
2017.04.06 13:40:17.474,12.51752,12.51951,0.00,0.00
2017.04.06 13:40:17.618,12.51752,12.51979,0.00,0.00
2017.04.06 13:40:17.804,12.51791,12.52032,0.00,0.00
2017.04.06 13:40:17.855,12.51841,12.51942,0.00,0.00
2017.04.06 13:40:17.905,12.51778,12.51942,0.00,0.00
2017.04.06 13:40:17.956,12.51768,12.51991,0.00,0.00
2017.04.06 13:40:18.064,12.51751,12.51982,0.00,0.00
2017.04.06 13:40:18.165,12.51751,12.51951,0.00,0.00
2017.04.06 13:40:18.366,12.51801,12.52041,0.00,0.00
2017.04.06 13:40:18.552,12.51801,12.52021,0.00,0.00
2017.04.06 13:40:18.764,12.51751,12.51991,0.00,0.00
2017.04.06 13:40:18.864,12.51751,12.51952,0.00,0.00
2017.04.06 13:40:18.967,12.51751,12.51981,0.00,0.00
2017.04.06 13:40:19.190,12.51751,12.51991,0.00,0.00
2017.04.06 13:40:19.575,12.51751,12.51952,0.00,0.00
2017.04.06 13:40:19.767,12.51751,12.51981,0.00,0.00
2017.04.06 13:40:19.856,12.51751,12.51991,0.00,0.00
2017.04.06 13:40:19.906,12.51751,12.51981,0.00,0.00
2017.04.06 13:40:20.428,12.51751,12.51952,0.00,0.00
2017.04.06 13:40:21.291,12.51751,12.51981,0.00,0.00
2017.04.06 13:40:21.800,12.51842,12.52021,0.00,0.00
2017.04.06 13:40:21.962,12.51842,12.52059,0.00,0.00
2017.04.06 13:40:22.178,12.51842,12.52052,0.00,0.00
2017.04.06 13:40:22.263,12.51842,12.52059,0.00,0.00
2017.04.06 13:40:22.665,12.51842,12.52041,0.00,0.00
2017.04.06 13:40:22.787,12.51842,12.52059,0.00,0.00
2017.04.06 13:40:23.099,12.51842,12.52041,0.00,0.00
2017.04.06 13:40:23.484,12.51842,12.52032,0.00,0.00
2017.04.06 13:40:24.020,12.51842,12.52041,0.00,0.00
2017.04.06 13:40:24.073,12.51842,12.52052,0.00,0.00
2017.04.06 13:40:24.174,12.51842,12.52062,0.00,0.00
2017.04.06 13:40:25.523,12.51842,12.52042,0.00,0.00
2017.04.06 13:40:25.574,12.51842,12.52052,0.00,0.00
2017.04.06 13:40:25.692,12.51842,12.52041,0.00,0.00
2017.04.06 13:40:25.903,12.51842,12.52071,0.00,0.00
2017.04.06 13:40:26.020,12.51842,12.52042,0.00,0.00
2017.04.06 13:40:26.316,12.51842,12.52061,0.00,0.00
2017.04.06 13:40:26.422,12.51842,12.52071,0.00,0.00
2017.04.06 13:40:26.622,12.51842,12.52031,0.00,0.00
2017.04.06 13:40:27.341,12.51842,12.52051,0.00,0.00
2017.04.06 13:40:27.503,12.51842,12.52071,0.00,0.00
2017.04.06 13:40:27.789,12.51941,12.52072,0.00,0.00
2017.04.06 13:40:27.895,12.51941,12.52109,0.00,0.00
2017.04.06 13:40:28.403,12.51941,12.52161,0.00,0.00
2017.04.06 13:40:28.635,12.51941,12.52132,0.00,0.00
2017.04.06 13:40:28.687,12.51941,12.52142,0.00,0.00
2017.04.06 13:40:28.788,12.51941,12.52162,0.00,0.00
2017.04.06 13:40:28.917,12.51941,12.52171,0.00,0.00
2017.04.06 13:40:29.920,12.51941,12.52161,0.00,0.00
2017.04.06 13:40:30.515,12.51941,12.52171,0.00,0.00
2017.04.06 13:40:30.995,12.51941,12.52152,0.00,0.00
2017.04.06 13:40:31.348,12.51941,12.52142,0.00,0.00
2017.04.06 13:40:31.399,12.51941,12.52171,0.00,0.00
2017.04.06 13:40:31.728,12.51941,12.52142,0.00,0.00
2017.04.06 13:40:31.798,12.51941,12.52171,0.00,0.00
2017.04.06 13:40:31.914,12.51941,12.52142,0.00,0.00
2017.04.06 13:40:31.998,12.51941,12.52171,0.00,0.00
2017.04.06 13:40:32.099,12.51941,12.52152,0.00,0.00
2017.04.06 13:40:32.597,12.51941,12.52142,0.00,0.00
2017.04.06 13:40:32.721,12.51941,12.52152,0.00,0.00
2017.04.06 13:40:32.895,12.51941,12.52171,0.00,0.00
2017.04.06 13:40:32.946,12.51941,12.52142,0.00,0.00
2017.04.06 13:40:33.050,12.51941,12.52162,0.00,0.00
2017.04.06 13:40:33.102,12.51941,12.52131,0.00,0.00
2017.04.06 13:40:33.210,12.51941,12.52161,0.00,0.00
2017.04.06 13:40:33.317,12.51941,12.52152,0.00,0.00
2017.04.06 13:40:34.054,12.51941,12.52132,0.00,0.00
2017.04.06 13:40:34.108,12.51941,12.52152,0.00,0.00
2017.04.06 13:40:34.283,12.51941,12.52161,0.00,0.00
2017.04.06 13:40:34.334,12.51941,12.52131,0.00,0.00
2017.04.06 13:40:34.748,12.51941,12.52162,0.00,0.00
2017.04.06 13:40:34.854,12.51941,12.52132,0.00,0.00
2017.04.06 13:40:34.910,12.51941,12.52161,0.00,0.00
2017.04.06 13:40:34.961,12.51879,12.52072,0.00,0.00
2017.04.06 13:40:35.011,12.51851,12.52072,0.00,0.00
2017.04.06 13:40:35.062,12.51849,12.52072,0.00,0.00
2017.04.06 13:40:35.206,12.51831,12.52072,0.00,0.00
2017.04.06 13:40:35.257,12.51831,12.52041,0.00,0.00
2017.04.06 13:40:35.362,12.51838,12.52072,0.00,0.00
2017.04.06 13:40:35.413,12.51831,12.52051,0.00,0.00
2017.04.06 13:40:35.629,12.51831,12.52072,0.00,0.00
2017.04.06 13:40:35.921,12.51922,12.52072,0.00,0.00
2017.04.06 13:40:35.972,12.51922,12.52112,0.00,0.00
2017.04.06 13:40:36.109,12.51922,12.52161,0.00,0.00
2017.04.06 13:40:36.215,12.51922,12.52132,0.00,0.00
2017.04.06 13:40:36.544,12.51922,12.52162,0.00,0.00
2017.04.06 13:40:36.943,12.52008,12.52162,0.00,0.00
2017.04.06 13:40:37.044,12.52008,12.52218,0.00,0.00
2017.04.06 13:40:37.095,12.51939,12.52172,0.00,0.00
2017.04.06 13:40:37.198,12.51932,12.52172,0.00,0.00
2017.04.06 13:40:37.249,12.51932,12.52161,0.00,0.00
2017.04.06 13:40:37.696,12.51932,12.52132,0.00,0.00
2017.04.06 13:40:38.021,12.51932,12.52161,0.00,0.00
2017.04.06 13:40:38.222,12.51932,12.52132,0.00,0.00
2017.04.06 13:40:38.757,12.51932,12.52142,0.00,0.00
2017.04.06 13:40:38.823,12.51932,12.52162,0.00,0.00
2017.04.06 13:40:39.065,12.51932,12.52172,0.00,0.00
2017.04.06 13:40:39.251,12.51932,12.52132,0.00,0.00
2017.04.06 13:40:39.559,12.51932,12.52152,0.00,0.00
2017.04.06 13:40:39.760,12.51932,12.52132,0.00,0.00
2017.04.06 13:40:40.539,12.51932,12.52152,0.00,0.00
2017.04.06 13:40:40.642,12.51932,12.52172,0.00,0.00
2017.04.06 13:40:40.743,12.51922,12.52172,0.00,0.00
2017.04.06 13:40:40.863,12.51922,12.52142,0.00,0.00
2017.04.06 13:40:41.049,12.51922,12.52171,0.00,0.00
2017.04.06 13:40:41.631,12.51922,12.52141,0.00,0.00
2017.04.06 13:40:41.831,12.51922,12.52172,0.00,0.00
2017.04.06 13:40:41.932,12.51922,12.52142,0.00,0.00
2017.04.06 13:40:42.155,12.51922,12.52171,0.00,0.00
2017.04.06 13:40:42.232,12.51922,12.52152,0.00,0.00
2017.04.06 13:40:42.447,12.51922,12.52162,0.00,0.00
2017.04.06 13:40:42.533,12.51922,12.52171,0.00,0.00
2017.04.06 13:40:42.738,12.51922,12.52141,0.00,0.00
2017.04.06 13:40:42.842,12.51922,12.52151,0.00,0.00
2017.04.06 13:40:43.006,12.51922,12.52172,0.00,0.00
2017.04.06 13:40:43.057,12.51922,12.52152,0.00,0.00
2017.04.06 13:40:43.165,12.51922,12.52171,0.00,0.00
2017.04.06 13:40:43.580,12.51922,12.52152,0.00,0.00
2017.04.06 13:40:43.783,12.51922,12.52172,0.00,0.00
2017.04.06 13:40:43.954,12.51922,12.52142,0.00,0.00
2017.04.06 13:40:44.269,12.51922,12.52172,0.00,0.00
2017.04.06 13:40:44.821,12.51922,12.52171,0.00,0.00
2017.04.06 13:40:44.872,12.51922,12.52161,0.00,0.00
2017.04.06 13:40:45.187,12.51922,12.52142,0.00,0.00
2017.04.06 13:40:45.238,12.51922,12.52172,0.00,0.00
2017.04.06 13:40:45.354,12.51922,12.52162,0.00,0.00
2017.04.06 13:40:45.656,12.51922,12.52171,0.00,0.00
2017.04.06 13:40:45.768,12.51922,12.52142,0.00,0.00
2017.04.06 13:40:46.040,12.51922,12.52171,0.00,0.00
2017.04.06 13:40:46.140,12.51922,12.52142,0.00,0.00
2017.04.06 13:40:46.345,12.51922,12.52152,0.00,0.00
2017.04.06 13:40:46.448,12.51922,12.52172,0.00,0.00
2017.04.06 13:40:46.696,12.51922,12.52142,0.00,0.00
2017.04.06 13:40:46.746,12.51922,12.52172,0.00,0.00
2017.04.06 13:40:47.050,12.51922,12.52152,0.00,0.00
2017.04.06 13:40:47.382,12.51922,12.52141,0.00,0.00
2017.04.06 13:40:47.703,12.51922,12.52132,0.00,0.00
2017.04.06 13:40:47.753,12.51922,12.52171,0.00,0.00
2017.04.06 13:40:47.891,12.51922,12.52131,0.00,0.00
2017.04.06 13:40:48.069,12.51922,12.52152,0.00,0.00
2017.04.06 13:40:48.182,12.51922,12.52171,0.00,0.00
2017.04.06 13:40:48.652,12.51922,12.52161,0.00,0.00
2017.04.06 13:40:48.756,12.51922,12.52171,0.00,0.00
2017.04.06 13:40:48.848,12.51922,12.52141,0.00,0.00
2017.04.06 13:40:48.950,12.51922,12.52171,0.00,0.00
2017.04.06 13:40:49.051,12.51928,12.52172,0.00,0.00
2017.04.06 13:40:49.289,12.51922,12.52172,0.00,0.00
2017.04.06 13:40:49.390,12.51928,12.52172,0.00,0.00
2017.04.06 13:40:49.450,12.51922,12.52172,0.00,0.00
2017.04.06 13:40:49.550,12.51922,12.52142,0.00,0.00
2017.04.06 13:40:49.777,12.51922,12.52152,0.00,0.00
2017.04.06 13:40:49.879,12.51922,12.52162,0.00,0.00
2017.04.06 13:40:50.172,12.51948,12.52198,0.00,0.00
2017.04.06 13:40:50.223,12.51972,12.52198,0.00,0.00
2017.04.06 13:40:50.589,12.51948,12.52212,0.00,0.00
2017.04.06 13:40:50.639,12.51971,12.52212,0.00,0.00
2017.04.06 13:40:50.990,12.51971,12.52201,0.00,0.00
2017.04.06 13:40:51.091,12.51922,12.52161,0.00,0.00
2017.04.06 13:40:51.293,12.51922,12.52132,0.00,0.00
2017.04.06 13:40:51.454,12.51922,12.52151,0.00,0.00
2017.04.06 13:40:51.671,12.51922,12.52161,0.00,0.00
2017.04.06 13:40:51.755,12.51922,12.52142,0.00,0.00
2017.04.06 13:40:51.904,12.51922,12.52161,0.00,0.00
2017.04.06 13:40:52.004,12.51911,12.52131,0.00,0.00
2017.04.06 13:40:52.235,12.51849,12.52109,0.00,0.00
2017.04.06 13:40:52.416,12.51831,12.52061,0.00,0.00
2017.04.06 13:40:52.989,12.51831,12.52052,0.00,0.00
2017.04.06 13:40:53.198,12.51831,12.52061,0.00,0.00
2017.04.06 13:40:53.261,12.51831,12.52052,0.00,0.00
2017.04.06 13:40:53.635,12.51912,12.52081,0.00,0.00
2017.04.06 13:40:53.686,12.51911,12.52131,0.00,0.00
2017.04.06 13:40:53.764,12.51911,12.52161,0.00,0.00
2017.04.06 13:40:54.293,12.51928,12.52161,0.00,0.00
2017.04.06 13:40:54.465,12.51911,12.52161,0.00,0.00
2017.04.06 13:40:54.578,12.51911,12.52142,0.00,0.00
2017.04.06 13:40:55.206,12.51911,12.52161,0.00,0.00
2017.04.06 13:40:55.585,12.51911,12.52141,0.00,0.00
2017.04.06 13:40:55.685,12.51918,12.52161,0.00,0.00
2017.04.06 13:40:55.811,12.51911,12.52142,0.00,0.00
2017.04.06 13:40:55.868,12.51911,12.52152,0.00,0.00
2017.04.06 13:40:55.983,12.51911,12.52142,0.00,0.00
2017.04.06 13:40:56.179,12.51911,12.52161,0.00,0.00
2017.04.06 13:40:56.300,12.51911,12.52142,0.00,0.00
2017.04.06 13:40:56.536,12.51821,12.52061,0.00,0.00
2017.04.06 13:40:57.182,12.51821,12.52062,0.00,0.00
2017.04.06 13:40:57.337,12.51848,12.52082,0.00,0.00
2017.04.06 13:40:57.670,12.51911,12.52108,0.00,0.00
2017.04.06 13:40:57.955,12.51911,12.52152,0.00,0.00
2017.04.06 13:40:58.006,12.51911,12.52161,0.00,0.00
2017.04.06 13:40:58.375,12.51911,12.52142,0.00,0.00
2017.04.06 13:40:58.719,12.51911,12.52161,0.00,0.00
2017.04.06 13:40:59.176,12.51911,12.52141,0.00,0.00
2017.04.06 13:40:59.414,12.51899,12.52141,0.00,0.00
2017.04.06 13:40:59.464,12.51911,12.52112,0.00,0.00
2017.04.06 13:40:59.616,12.51911,12.52141,0.00,0.00
2017.04.06 13:40:59.677,12.51911,12.52162,0.00,0.00
2017.04.06 13:41:00.009,12.51911,12.52142,0.00,0.00
2017.04.06 13:41:00.518,12.51911,12.52111,0.00,0.00
2017.04.06 13:41:00.569,12.51889,12.52111,0.00,0.00
2017.04.06 13:41:00.670,12.51858,12.52062,0.00,0.00
2017.04.06 13:41:00.720,12.51831,12.52061,0.00,0.00
2017.04.06 13:41:01.287,12.51831,12.52062,0.00,0.00
2017.04.06 13:41:01.683,12.51858,12.52062,0.00,0.00
2017.04.06 13:41:02.011,12.51911,12.52109,0.00,0.00
2017.04.06 13:41:02.367,12.51911,12.52162,0.00,0.00
2017.04.06 13:41:02.519,12.51911,12.52152,0.00,0.00
2017.04.06 13:41:02.842,12.51849,12.52062,0.00,0.00
2017.04.06 13:41:02.892,12.51831,12.52061,0.00,0.00
2017.04.06 13:41:03.122,12.51848,12.52061,0.00,0.00
2017.04.06 13:41:03.223,12.51838,12.52061,0.00,0.00
2017.04.06 13:41:03.286,12.51831,12.52061,0.00,0.00
2017.04.06 13:41:03.798,12.51831,12.52052,0.00,0.00
2017.04.06 13:41:03.908,12.51821,12.52052,0.00,0.00
2017.04.06 13:41:04.228,12.51821,12.52061,0.00,0.00
2017.04.06 13:41:04.333,12.51821,12.52052,0.00,0.00
2017.04.06 13:41:04.389,12.51821,12.52061,0.00,0.00
2017.04.06 13:41:05.391,12.51829,12.52061,0.00,0.00
2017.04.06 13:41:05.738,12.51821,12.52052,0.00,0.00
2017.04.06 13:41:05.911,12.51821,12.52061,0.00,0.00
2017.04.06 13:41:07.104,12.51821,12.52051,0.00,0.00
2017.04.06 13:41:07.422,12.51821,12.52061,0.00,0.00
2017.04.06 13:41:07.877,12.51789,12.52012,0.00,0.00
2017.04.06 13:41:08.221,12.51732,12.51962,0.00,0.00
2017.04.06 13:41:08.996,12.51732,12.51961,0.00,0.00
2017.04.06 13:41:09.245,12.51722,12.51961,0.00,0.00
2017.04.06 13:41:09.793,12.51722,12.51962,0.00,0.00
2017.04.06 13:41:10.036,12.51722,12.51951,0.00,0.00
2017.04.06 13:41:10.346,12.51812,12.51992,0.00,0.00
2017.04.06 13:41:10.399,12.51812,12.52059,0.00,0.00
2017.04.06 13:41:10.543,12.51812,12.52052,0.00,0.00
2017.04.06 13:41:10.600,12.51812,12.52059,0.00,0.00
2017.04.06 13:41:10.740,12.51758,12.52012,0.00,0.00
2017.04.06 13:41:10.891,12.51758,12.51961,0.00,0.00
2017.04.06 13:41:11.000,12.51722,12.51961,0.00,0.00
2017.04.06 13:41:13.842,12.51759,12.51961,0.00,0.00
2017.04.06 13:41:14.046,12.51722,12.51961,0.00,0.00
2017.04.06 13:41:14.097,12.51749,12.51992,0.00,0.00
2017.04.06 13:41:14.148,12.51771,12.51961,0.00,0.00
2017.04.06 13:41:14.356,12.51811,12.52052,0.00,0.00
2017.04.06 13:41:14.536,12.51811,12.52001,0.00,0.00
2017.04.06 13:41:14.587,12.51778,12.52001,0.00,0.00
2017.04.06 13:41:14.637,12.51789,12.52001,0.00,0.00
2017.04.06 13:41:14.838,12.51732,12.51951,0.00,0.00
2017.04.06 13:41:15.031,12.51759,12.51951,0.00,0.00
2017.04.06 13:41:15.161,12.51738,12.51951,0.00,0.00
2017.04.06 13:41:15.214,12.51759,12.51951,0.00,0.00
2017.04.06 13:41:15.427,12.51811,12.52008,0.00,0.00
2017.04.06 13:41:15.920,12.51811,12.52052,0.00,0.00
2017.04.06 13:41:16.218,12.51811,12.52042,0.00,0.00
2017.04.06 13:41:16.320,12.51811,12.52052,0.00,0.00
2017.04.06 13:41:16.549,12.51811,12.52001,0.00,0.00
2017.04.06 13:41:16.600,12.51768,12.52001,0.00,0.00
2017.04.06 13:41:16.754,12.51759,12.51952,0.00,0.00
2017.04.06 13:41:16.856,12.51721,12.51952,0.00,0.00
2017.04.06 13:41:19.569,12.51721,12.51951,0.00,0.00
2017.04.06 13:41:20.095,12.51721,12.51952,0.00,0.00
2017.04.06 13:41:21.844,12.51721,12.51951,0.00,0.00
2017.04.06 13:41:21.968,12.51701,12.51951,0.00,0.00
2017.04.06 13:41:22.473,12.51701,12.51952,0.00,0.00
2017.04.06 13:41:24.173,12.51708,12.51952,0.00,0.00
2017.04.06 13:41:24.764,12.51701,12.51952,0.00,0.00
2017.04.06 13:41:25.315,12.51701,12.51951,0.00,0.00
2017.04.06 13:41:25.366,12.51708,12.51952,0.00,0.00
2017.04.06 13:41:25.472,12.51701,12.51952,0.00,0.00
2017.04.06 13:41:26.469,12.51701,12.51951,0.00,0.00
2017.04.06 13:41:27.653,12.51701,12.51952,0.00,0.00
2017.04.06 13:41:27.782,12.51708,12.51952,0.00,0.00
2017.04.06 13:41:28.086,12.51802,12.52018,0.00,0.00
2017.04.06 13:41:28.732,12.51802,12.52052,0.00,0.00
2017.04.06 13:41:29.783,12.51809,12.52052,0.00,0.00
2017.04.06 13:41:30.059,12.51802,12.52051,0.00,0.00
2017.04.06 13:41:30.160,12.51808,12.52052,0.00,0.00
2017.04.06 13:41:30.260,12.51802,12.52052,0.00,0.00
2017.04.06 13:41:30.608,12.51808,12.52052,0.00,0.00
2017.04.06 13:41:30.906,12.51802,12.52052,0.00,0.00
2017.04.06 13:41:31.138,12.51818,12.52052,0.00,0.00
2017.04.06 13:41:31.264,12.51802,12.52052,0.00,0.00
2017.04.06 13:41:31.665,12.51818,12.52052,0.00,0.00
2017.04.06 13:41:32.002,12.51888,12.52072,0.00,0.00
2017.04.06 13:41:32.053,12.51812,12.52052,0.00,0.00
2017.04.06 13:41:32.103,12.51898,12.52052,0.00,0.00
2017.04.06 13:41:32.204,12.51819,12.52052,0.00,0.00
2017.04.06 13:41:32.511,12.51812,12.52052,0.00,0.00
2017.04.06 13:41:32.617,12.51802,12.52052,0.00,0.00
2017.04.06 13:41:33.871,12.51808,12.52052,0.00,0.00
2017.04.06 13:41:34.207,12.51802,12.52052,0.00,0.00
2017.04.06 13:41:34.390,12.51808,12.52052,0.00,0.00
2017.04.06 13:41:34.492,12.51802,12.52052,0.00,0.00
2017.04.06 13:41:34.601,12.51818,12.52052,0.00,0.00
2017.04.06 13:41:34.676,12.51808,12.52052,0.00,0.00
2017.04.06 13:41:34.778,12.51802,12.52052,0.00,0.00
2017.04.06 13:41:34.899,12.51819,12.52052,0.00,0.00
2017.04.06 13:41:35.377,12.51802,12.52052,0.00,0.00
2017.04.06 13:41:35.482,12.51819,12.52052,0.00,0.00
2017.04.06 13:41:35.589,12.51802,12.52052,0.00,0.00
2017.04.06 13:41:35.783,12.51808,12.52052,0.00,0.00
2017.04.06 13:41:36.215,12.51802,12.52052,0.00,0.00
2017.04.06 13:41:36.279,12.51808,12.52052,0.00,0.00
2017.04.06 13:41:36.901,12.51802,12.52052,0.00,0.00
2017.04.06 13:41:36.981,12.51808,12.52052,0.00,0.00
2017.04.06 13:41:37.130,12.51802,12.52052,0.00,0.00
2017.04.06 13:41:37.322,12.51808,12.52052,0.00,0.00
2017.04.06 13:41:37.381,12.51802,12.52052,0.00,0.00
2017.04.06 13:41:37.899,12.51991,12.52091,0.00,0.00
2017.04.06 13:41:37.950,12.51911,12.52082,0.00,0.00
2017.04.06 13:41:38.051,12.51948,12.52151,0.00,0.00
2017.04.06 13:41:38.255,12.51992,12.52151,0.00,0.00
2017.04.06 13:41:38.309,12.51988,12.52199,0.00,0.00
2017.04.06 13:41:38.422,12.51978,12.52199,0.00,0.00
2017.04.06 13:41:38.523,12.51951,12.52199,0.00,0.00
2017.04.06 13:41:38.855,12.51951,12.52201,0.00,0.00
2017.04.06 13:41:38.906,12.51992,12.52251,0.00,0.00
2017.04.06 13:41:39.434,12.51992,12.52241,0.00,0.00
2017.04.06 13:41:39.586,12.51992,12.52251,0.00,0.00
2017.04.06 13:41:39.900,12.51992,12.52241,0.00,0.00
2017.04.06 13:41:40.224,12.51992,12.52251,0.00,0.00
2017.04.06 13:41:40.478,12.52002,12.52251,0.00,0.00
2017.04.06 13:41:40.789,12.51951,12.52162,0.00,0.00
2017.04.06 13:41:40.948,12.51911,12.52151,0.00,0.00
2017.04.06 13:41:41.290,12.51928,12.52151,0.00,0.00
2017.04.06 13:41:41.422,12.51911,12.52151,0.00,0.00
2017.04.06 13:41:41.539,12.51911,12.52141,0.00,0.00
2017.04.06 13:41:41.693,12.51911,12.52151,0.00,0.00
2017.04.06 13:41:41.824,12.51939,12.52151,0.00,0.00
2017.04.06 13:41:41.925,12.51911,12.52151,0.00,0.00
2017.04.06 13:41:43.654,12.51911,12.52141,0.00,0.00
2017.04.06 13:41:43.995,12.51911,12.52151,0.00,0.00
2017.04.06 13:41:46.311,12.51911,12.52142,0.00,0.00
2017.04.06 13:41:46.362,12.51858,12.52098,0.00,0.00
2017.04.06 13:41:46.463,12.51849,12.52051,0.00,0.00
2017.04.06 13:41:46.513,12.51812,12.52051,0.00,0.00
2017.04.06 13:41:51.215,12.51768,12.51998,0.00,0.00
2017.04.06 13:41:51.370,12.51791,12.52041,0.00,0.00
2017.04.06 13:41:51.421,12.51791,12.52022,0.00,0.00
2017.04.06 13:41:51.528,12.51791,12.52032,0.00,0.00
2017.04.06 13:41:51.629,12.51791,12.52052,0.00,0.00
2017.04.06 13:41:51.741,12.51779,12.51998,0.00,0.00
2017.04.06 13:41:51.948,12.51712,12.51952,0.00,0.00
2017.04.06 13:41:52.322,12.51748,12.51952,0.00,0.00
2017.04.06 13:41:52.424,12.51712,12.51952,0.00,0.00
2017.04.06 13:41:52.524,12.51708,12.51952,0.00,0.00
2017.04.06 13:41:52.629,12.51701,12.51941,0.00,0.00
2017.04.06 13:41:52.858,12.51698,12.51952,0.00,0.00
2017.04.06 13:41:52.923,12.51692,12.51912,0.00,0.00
2017.04.06 13:41:53.118,12.51692,12.51932,0.00,0.00
2017.04.06 13:41:53.169,12.51692,12.51952,0.00,0.00
2017.04.06 13:41:53.270,12.51692,12.51942,0.00,0.00
2017.04.06 13:41:53.324,12.51692,12.51952,0.00,0.00
2017.04.06 13:41:53.557,12.51699,12.51952,0.00,0.00
2017.04.06 13:41:54.327,12.51692,12.51952,0.00,0.00
2017.04.06 13:41:54.472,12.51692,12.51941,0.00,0.00
2017.04.06 13:41:54.842,12.51692,12.51952,0.00,0.00
2017.04.06 13:41:54.979,12.51692,12.51901,0.00,0.00
2017.04.06 13:41:55.029,12.51688,12.51899,0.00,0.00
2017.04.06 13:41:55.080,12.51692,12.51901,0.00,0.00
2017.04.06 13:41:55.130,12.51692,12.51951,0.00,0.00
2017.04.06 13:41:55.181,12.51689,12.51899,0.00,0.00
2017.04.06 13:41:55.282,12.51611,12.51852,0.00,0.00
2017.04.06 13:41:55.573,12.51619,12.51852,0.00,0.00
2017.04.06 13:41:55.674,12.51592,12.51851,0.00,0.00
2017.04.06 13:41:55.932,12.51599,12.51852,0.00,0.00
2017.04.06 13:41:56.250,12.51588,12.51852,0.00,0.00
2017.04.06 13:41:57.636,12.51609,12.51852,0.00,0.00
2017.04.06 13:41:59.147,12.51589,12.51852,0.00,0.00
2017.04.06 13:41:59.933,12.51589,12.51802,0.00,0.00
2017.04.06 13:41:59.984,12.51569,12.51802,0.00,0.00
2017.04.06 13:42:00.160,12.51498,12.51751,0.00,0.00
2017.04.06 13:42:00.261,12.51528,12.51751,0.00,0.00
2017.04.06 13:42:00.385,12.51492,12.51751,0.00,0.00
2017.04.06 13:42:00.742,12.51489,12.51751,0.00,0.00
2017.04.06 13:42:00.943,12.51508,12.51751,0.00,0.00
2017.04.06 13:42:01.311,12.51489,12.51751,0.00,0.00
2017.04.06 13:42:01.452,12.51508,12.51751,0.00,0.00
2017.04.06 13:42:01.553,12.51499,12.51751,0.00,0.00
2017.04.06 13:42:01.680,12.51489,12.51751,0.00,0.00
2017.04.06 13:42:01.862,12.51519,12.51751,0.00,0.00
2017.04.06 13:42:01.947,12.51499,12.51751,0.00,0.00
2017.04.06 13:42:02.054,12.51489,12.51751,0.00,0.00
2017.04.06 13:42:02.279,12.51498,12.51751,0.00,0.00
2017.04.06 13:42:02.548,12.51508,12.51762,0.00,0.00
2017.04.06 13:42:02.599,12.51498,12.51762,0.00,0.00
2017.04.06 13:42:02.649,12.51519,12.51762,0.00,0.00
2017.04.06 13:42:02.750,12.51498,12.51761,0.00,0.00
2017.04.06 13:42:02.951,12.51559,12.51762,0.00,0.00
2017.04.06 13:42:03.095,12.51508,12.51762,0.00,0.00
2017.04.06 13:42:03.151,12.51498,12.51761,0.00,0.00
2017.04.06 13:42:03.465,12.51508,12.51762,0.00,0.00
2017.04.06 13:42:03.789,12.51498,12.51761,0.00,0.00
2017.04.06 13:42:03.856,12.51558,12.51762,0.00,0.00
2017.04.06 13:42:03.991,12.51498,12.51762,0.00,0.00
2017.04.06 13:42:04.104,12.51549,12.51772,0.00,0.00
2017.04.06 13:42:04.306,12.51598,12.51839,0.00,0.00
2017.04.06 13:42:04.882,12.51599,12.51839,0.00,0.00
2017.04.06 13:42:04.933,12.51598,12.51852,0.00,0.00
2017.04.06 13:42:04.984,12.51609,12.51862,0.00,0.00
2017.04.06 13:42:05.059,12.51598,12.51861,0.00,0.00
2017.04.06 13:42:05.260,12.51608,12.51862,0.00,0.00
2017.04.06 13:42:06.900,12.51599,12.51862,0.00,0.00
2017.04.06 13:42:07.006,12.51609,12.51862,0.00,0.00
2017.04.06 13:42:07.062,12.51598,12.51862,0.00,0.00
2017.04.06 13:42:07.896,12.51598,12.51809,0.00,0.00
2017.04.06 13:42:07.946,12.51589,12.51809,0.00,0.00
2017.04.06 13:42:07.997,12.51599,12.51809,0.00,0.00
2017.04.06 13:42:08.097,12.51498,12.51762,0.00,0.00
2017.04.06 13:42:08.306,12.51561,12.51811,0.00,0.00
2017.04.06 13:42:08.514,12.51599,12.51861,0.00,0.00
2017.04.06 13:42:08.766,12.51599,12.51851,0.00,0.00
2017.04.06 13:42:08.993,12.51599,12.51861,0.00,0.00
2017.04.06 13:42:09.095,12.51599,12.51852,0.00,0.00
2017.04.06 13:42:09.494,12.51598,12.51831,0.00,0.00
2017.04.06 13:42:09.645,12.51649,12.51892,0.00,0.00
2017.04.06 13:42:09.696,12.51618,12.51861,0.00,0.00
2017.04.06 13:42:09.971,12.51599,12.51861,0.00,0.00
2017.04.06 13:42:10.110,12.51599,12.51851,0.00,0.00
2017.04.06 13:42:10.372,12.51599,12.51861,0.00,0.00
2017.04.06 13:42:10.724,12.51598,12.51841,0.00,0.00
2017.04.06 13:42:10.904,12.51599,12.51862,0.00,0.00
2017.04.06 13:42:11.075,12.51598,12.51851,0.00,0.00
2017.04.06 13:42:11.187,12.51598,12.51862,0.00,0.00
2017.04.06 13:42:11.774,12.51599,12.51862,0.00,0.00
2017.04.06 13:42:12.017,12.51598,12.51852,0.00,0.00
2017.04.06 13:42:12.601,12.51588,12.51852,0.00,0.00
2017.04.06 13:42:12.717,12.51608,12.51852,0.00,0.00
2017.04.06 13:42:12.778,12.51598,12.51852,0.00,0.00
2017.04.06 13:42:12.882,12.51589,12.51852,0.00,0.00
2017.04.06 13:42:12.983,12.51608,12.51852,0.00,0.00
2017.04.06 13:42:13.397,12.51588,12.51852,0.00,0.00
2017.04.06 13:42:13.781,12.51599,12.51852,0.00,0.00
2017.04.06 13:42:13.987,12.51588,12.51852,0.00,0.00
2017.04.06 13:42:14.182,12.51608,12.51852,0.00,0.00
2017.04.06 13:42:14.285,12.51588,12.51852,0.00,0.00
2017.04.06 13:42:14.411,12.51608,12.51852,0.00,0.00
2017.04.06 13:42:14.683,12.51588,12.51852,0.00,0.00
2017.04.06 13:42:14.904,12.51609,12.51852,0.00,0.00
2017.04.06 13:42:15.118,12.51638,12.51891,0.00,0.00
2017.04.06 13:42:15.219,12.51589,12.51851,0.00,0.00
2017.04.06 13:42:15.320,12.51609,12.51851,0.00,0.00
2017.04.06 13:42:15.733,12.51599,12.51851,0.00,0.00
2017.04.06 13:42:15.786,12.51658,12.51851,0.00,0.00
2017.04.06 13:42:15.886,12.51638,12.51851,0.00,0.00
2017.04.06 13:42:15.989,12.51649,12.51911,0.00,0.00
2017.04.06 13:42:16.039,12.51662,12.51911,0.00,0.00
2017.04.06 13:42:16.190,12.51698,12.51961,0.00,0.00
2017.04.06 13:42:16.294,12.51679,12.51911,0.00,0.00
2017.04.06 13:42:16.395,12.51669,12.51911,0.00,0.00
2017.04.06 13:42:16.445,12.51669,12.51862,0.00,0.00
2017.04.06 13:42:16.496,12.51612,12.51862,0.00,0.00
2017.04.06 13:42:16.720,12.51698,12.51862,0.00,0.00
2017.04.06 13:42:16.822,12.51698,12.51901,0.00,0.00
2017.04.06 13:42:16.927,12.51698,12.51962,0.00,0.00
2017.04.06 13:42:17.090,12.51698,12.51952,0.00,0.00
2017.04.06 13:42:17.491,12.51698,12.51962,0.00,0.00
2017.04.06 13:42:17.818,12.51698,12.51951,0.00,0.00
2017.04.06 13:42:17.992,12.51698,12.51962,0.00,0.00
2017.04.06 13:42:19.232,12.51698,12.51952,0.00,0.00
2017.04.06 13:42:19.596,12.51698,12.51942,0.00,0.00
2017.04.06 13:42:19.713,12.51699,12.51962,0.00,0.00
2017.04.06 13:42:19.796,12.51738,12.51962,0.00,0.00
2017.04.06 13:42:20.082,12.51779,12.52012,0.00,0.00
2017.04.06 13:42:20.133,12.51769,12.51961,0.00,0.00
2017.04.06 13:42:20.234,12.51699,12.51951,0.00,0.00
2017.04.06 13:42:20.400,12.51699,12.51942,0.00,0.00
2017.04.06 13:42:20.713,12.51699,12.51961,0.00,0.00
2017.04.06 13:42:20.800,12.51738,12.51961,0.00,0.00
2017.04.06 13:42:20.901,12.51708,12.51961,0.00,0.00
2017.04.06 13:42:21.538,12.51699,12.51961,0.00,0.00
2017.04.06 13:42:21.802,12.51708,12.51961,0.00,0.00
2017.04.06 13:42:22.375,12.51708,12.51952,0.00,0.00
2017.04.06 13:42:22.734,12.51688,12.51952,0.00,0.00
2017.04.06 13:42:22.844,12.51698,12.51952,0.00,0.00
2017.04.06 13:42:23.550,12.51689,12.51952,0.00,0.00
2017.04.06 13:42:23.606,12.51698,12.51952,0.00,0.00
2017.04.06 13:42:23.709,12.51688,12.51951,0.00,0.00
2017.04.06 13:42:24.970,12.51698,12.51952,0.00,0.00
2017.04.06 13:42:25.020,12.51688,12.51952,0.00,0.00
2017.04.06 13:42:25.418,12.51699,12.51952,0.00,0.00
2017.04.06 13:42:25.840,12.51739,12.51952,0.00,0.00
2017.04.06 13:42:26.621,12.51688,12.51952,0.00,0.00
2017.04.06 13:42:27.715,12.51699,12.51952,0.00,0.00
2017.04.06 13:42:28.330,12.51688,12.51951,0.00,0.00
2017.04.06 13:42:28.661,12.51678,12.51901,0.00,0.00
2017.04.06 13:42:28.766,12.51688,12.51941,0.00,0.00
2017.04.06 13:42:28.868,12.51688,12.51932,0.00,0.00
2017.04.06 13:42:28.919,12.51688,12.51942,0.00,0.00
2017.04.06 13:42:29.040,12.51688,12.51952,0.00,0.00
2017.04.06 13:42:29.421,12.51688,12.51942,0.00,0.00
2017.04.06 13:42:29.553,12.51689,12.51952,0.00,0.00
2017.04.06 13:42:29.837,12.51688,12.51942,0.00,0.00
2017.04.06 13:42:30.441,12.51688,12.51952,0.00,0.00
2017.04.06 13:42:30.845,12.51688,12.51941,0.00,0.00
2017.04.06 13:42:30.924,12.51688,12.51952,0.00,0.00
2017.04.06 13:42:31.557,12.51689,12.51952,0.00,0.00
2017.04.06 13:42:31.657,12.51688,12.51941,0.00,0.00
2017.04.06 13:42:31.926,12.51688,12.51952,0.00,0.00
2017.04.06 13:42:32.229,12.51688,12.51941,0.00,0.00
2017.04.06 13:42:32.744,12.51688,12.51952,0.00,0.00
2017.04.06 13:42:32.860,12.51688,12.51932,0.00,0.00
2017.04.06 13:42:33.177,12.51688,12.51891,0.00,0.00
2017.04.06 13:42:33.228,12.51688,12.51952,0.00,0.00
2017.04.06 13:42:33.534,12.51698,12.51952,0.00,0.00
2017.04.06 13:42:33.655,12.51688,12.51952,0.00,0.00
2017.04.06 13:42:33.729,12.51698,12.51952,0.00,0.00
2017.04.06 13:42:33.841,12.51688,12.51952,0.00,0.00
2017.04.06 13:42:34.430,12.51698,12.51952,0.00,0.00
2017.04.06 13:42:34.876,12.51688,12.51952,0.00,0.00
2017.04.06 13:42:35.258,12.51698,12.51952,0.00,0.00
2017.04.06 13:42:35.432,12.51688,12.51952,0.00,0.00
2017.04.06 13:42:35.848,12.51698,12.51952,0.00,0.00
2017.04.06 13:42:35.932,12.51689,12.51952,0.00,0.00
2017.04.06 13:42:36.090,12.51761,12.51971,0.00,0.00
2017.04.06 13:42:36.140,12.51761,12.52002,0.00,0.00
2017.04.06 13:42:36.191,12.51789,12.52012,0.00,0.00
2017.04.06 13:42:36.242,12.51789,12.52051,0.00,0.00
2017.04.06 13:42:36.453,12.51789,12.52041,0.00,0.00
2017.04.06 13:42:36.634,12.51789,12.52051,0.00,0.00
2017.04.06 13:42:37.163,12.51789,12.52042,0.00,0.00
2017.04.06 13:42:37.214,12.51789,12.52051,0.00,0.00
2017.04.06 13:42:37.558,12.51789,12.52032,0.00,0.00
2017.04.06 13:42:37.663,12.51789,12.52051,0.00,0.00
2017.04.06 13:42:38.470,12.51828,12.52051,0.00,0.00
2017.04.06 13:42:38.571,12.51789,12.52051,0.00,0.00
2017.04.06 13:42:38.937,12.51789,12.52032,0.00,0.00
2017.04.06 13:42:39.129,12.51789,12.52042,0.00,0.00
2017.04.06 13:42:39.638,12.51789,12.52051,0.00,0.00
2017.04.06 13:42:40.339,12.51789,12.52042,0.00,0.00
2017.04.06 13:42:40.439,12.51789,12.52051,0.00,0.00
2017.04.06 13:42:41.248,12.51789,12.52032,0.00,0.00
2017.04.06 13:42:41.749,12.51789,12.52042,0.00,0.00
2017.04.06 13:42:42.042,12.51789,12.52051,0.00,0.00
2017.04.06 13:42:42.168,12.51789,12.52032,0.00,0.00
2017.04.06 13:42:42.342,12.51789,12.52042,0.00,0.00
2017.04.06 13:42:42.644,12.51789,12.52051,0.00,0.00
2017.04.06 13:42:42.755,12.51789,12.52032,0.00,0.00
2017.04.06 13:42:42.856,12.51789,12.52051,0.00,0.00
2017.04.06 13:42:43.945,12.51789,12.52032,0.00,0.00
2017.04.06 13:42:44.082,12.51789,12.52051,0.00,0.00
2017.04.06 13:42:44.183,12.51789,12.52031,0.00,0.00
2017.04.06 13:42:44.245,12.51789,12.52051,0.00,0.00
2017.04.06 13:42:44.547,12.51789,12.52041,0.00,0.00
2017.04.06 13:42:44.793,12.51789,12.52051,0.00,0.00
2017.04.06 13:42:45.547,12.51829,12.52051,0.00,0.00
2017.04.06 13:42:45.735,12.51829,12.52082,0.00,0.00
2017.04.06 13:42:45.949,12.51798,12.52082,0.00,0.00
2017.04.06 13:42:46.074,12.51788,12.52042,0.00,0.00
2017.04.06 13:42:46.457,12.51788,12.52072,0.00,0.00
2017.04.06 13:42:46.559,12.51788,12.52031,0.00,0.00
2017.04.06 13:42:47.077,12.51788,12.52052,0.00,0.00
2017.04.06 13:42:47.150,12.51788,12.52032,0.00,0.00
2017.04.06 13:42:48.168,12.51788,12.52061,0.00,0.00
2017.04.06 13:42:48.353,12.51788,12.52051,0.00,0.00
2017.04.06 13:42:49.103,12.51788,12.52032,0.00,0.00
2017.04.06 13:42:49.656,12.51788,12.52061,0.00,0.00
2017.04.06 13:42:50.154,12.51788,12.52031,0.00,0.00
2017.04.06 13:42:51.458,12.51788,12.52052,0.00,0.00
2017.04.06 13:42:52.662,12.51788,12.52041,0.00,0.00
2017.04.06 13:42:53.299,12.51788,12.52022,0.00,0.00
2017.04.06 13:42:53.508,12.51788,12.52042,0.00,0.00
2017.04.06 13:42:53.690,12.51788,12.52051,0.00,0.00
2017.04.06 13:42:53.764,12.51788,12.52042,0.00,0.00
2017.04.06 13:42:54.192,12.51788,12.52051,0.00,0.00
2017.04.06 13:42:54.266,12.51788,12.52032,0.00,0.00
2017.04.06 13:42:54.802,12.51788,12.52022,0.00,0.00
2017.04.06 13:42:57.706,12.51788,12.52011,0.00,0.00
2017.04.06 13:42:58.042,12.51739,12.51961,0.00,0.00
2017.04.06 13:42:58.093,12.51739,12.51992,0.00,0.00
2017.04.06 13:42:58.255,12.51798,12.51942,0.00,0.00
2017.04.06 13:42:58.375,12.51798,12.52032,0.00,0.00
2017.04.06 13:42:58.486,12.51798,12.52062,0.00,0.00
2017.04.06 13:42:59.092,12.51798,12.52051,0.00,0.00
2017.04.06 13:42:59.193,12.51798,12.52062,0.00,0.00
2017.04.06 13:42:59.305,12.51798,12.52042,0.00,0.00
2017.04.06 13:42:59.377,12.51798,12.52062,0.00,0.00
2017.04.06 13:42:59.478,12.51828,12.52062,0.00,0.00
2017.04.06 13:42:59.878,12.51798,12.52042,0.00,0.00
2017.04.06 13:43:00.189,12.51798,12.52062,0.00,0.00
2017.04.06 13:43:00.702,12.51798,12.52052,0.00,0.00
2017.04.06 13:43:01.281,12.51798,12.52061,0.00,0.00
2017.04.06 13:43:01.882,12.51798,12.52052,0.00,0.00
2017.04.06 13:43:02.583,12.51798,12.52062,0.00,0.00
2017.04.06 13:43:02.800,12.51838,12.52062,0.00,0.00
2017.04.06 13:43:02.884,12.51798,12.52052,0.00,0.00
2017.04.06 13:43:03.136,12.51798,12.52032,0.00,0.00
2017.04.06 13:43:03.485,12.51798,12.52062,0.00,0.00
2017.04.06 13:43:04.486,12.51799,12.52062,0.00,0.00
2017.04.06 13:43:04.610,12.51838,12.52062,0.00,0.00
2017.04.06 13:43:04.910,12.51809,12.52062,0.00,0.00
2017.04.06 13:43:05.046,12.51838,12.52062,0.00,0.00
2017.04.06 13:43:05.097,12.51828,12.52062,0.00,0.00
2017.04.06 13:43:05.615,12.51838,12.52062,0.00,0.00
2017.04.06 13:43:05.934,12.51899,12.52119,0.00,0.00
2017.04.06 13:43:06.803,12.51899,12.52142,0.00,0.00
2017.04.06 13:43:06.908,12.51899,12.52152,0.00,0.00
2017.04.06 13:43:06.991,12.51899,12.52121,0.00,0.00
2017.04.06 13:43:07.097,12.51899,12.52161,0.00,0.00
2017.04.06 13:43:07.440,12.51899,12.52132,0.00,0.00
2017.04.06 13:43:07.743,12.51899,12.52161,0.00,0.00
2017.04.06 13:43:07.794,12.51899,12.52132,0.00,0.00
2017.04.06 13:43:07.895,12.51899,12.52141,0.00,0.00
2017.04.06 13:43:08.037,12.51899,12.52161,0.00,0.00
2017.04.06 13:43:08.500,12.51899,12.52132,0.00,0.00
2017.04.06 13:43:08.725,12.51899,12.52152,0.00,0.00
2017.04.06 13:43:08.826,12.51899,12.52161,0.00,0.00
2017.04.06 13:43:08.933,12.51899,12.52122,0.00,0.00
2017.04.06 13:43:09.041,12.51899,12.52142,0.00,0.00
2017.04.06 13:43:09.443,12.51899,12.52121,0.00,0.00
2017.04.06 13:43:09.496,12.51899,12.52161,0.00,0.00
2017.04.06 13:43:10.298,12.51899,12.52142,0.00,0.00
2017.04.06 13:43:10.413,12.51899,12.52161,0.00,0.00
2017.04.06 13:43:10.999,12.51899,12.52151,0.00,0.00
2017.04.06 13:43:11.347,12.51899,12.52161,0.00,0.00
2017.04.06 13:43:11.400,12.51899,12.52152,0.00,0.00
2017.04.06 13:43:11.503,12.51899,12.52161,0.00,0.00
2017.04.06 13:43:11.714,12.51929,12.52161,0.00,0.00
2017.04.06 13:43:12.092,12.51998,12.52218,0.00,0.00
2017.04.06 13:43:12.824,12.51998,12.52252,0.00,0.00
2017.04.06 13:43:13.212,12.51998,12.52262,0.00,0.00
2017.04.06 13:43:13.663,12.51998,12.52242,0.00,0.00
2017.04.06 13:43:13.990,12.51998,12.52232,0.00,0.00
2017.04.06 13:43:14.139,12.51998,12.52241,0.00,0.00
2017.04.06 13:43:14.190,12.51988,12.52241,0.00,0.00
2017.04.06 13:43:14.291,12.51988,12.52252,0.00,0.00
2017.04.06 13:43:14.506,12.51988,12.52242,0.00,0.00
2017.04.06 13:43:14.835,12.51988,12.52232,0.00,0.00
2017.04.06 13:43:15.107,12.51988,12.52252,0.00,0.00
2017.04.06 13:43:15.438,12.51988,12.52242,0.00,0.00
2017.04.06 13:43:15.590,12.51988,12.52252,0.00,0.00
2017.04.06 13:43:15.660,12.51988,12.52242,0.00,0.00
2017.04.06 13:43:16.009,12.51988,12.52252,0.00,0.00
2017.04.06 13:43:16.309,12.51988,12.52242,0.00,0.00
2017.04.06 13:43:16.416,12.51988,12.52252,0.00,0.00
2017.04.06 13:43:17.326,12.51999,12.52252,0.00,0.00
2017.04.06 13:43:17.538,12.51988,12.52252,0.00,0.00
2017.04.06 13:43:17.711,12.51988,12.52242,0.00,0.00
2017.04.06 13:43:18.044,12.51989,12.52252,0.00,0.00
2017.04.06 13:43:18.563,12.51988,12.52252,0.00,0.00
2017.04.06 13:43:18.614,12.51998,12.52252,0.00,0.00
2017.04.06 13:43:18.831,12.51988,12.52252,0.00,0.00
2017.04.06 13:43:18.932,12.52009,12.52252,0.00,0.00
2017.04.06 13:43:19.515,12.51988,12.52252,0.00,0.00
2017.04.06 13:43:20.249,12.52061,12.52272,0.00,0.00
2017.04.06 13:43:20.350,12.52061,12.52291,0.00,0.00
2017.04.06 13:43:20.401,12.52088,12.52291,0.00,0.00
2017.04.06 13:43:20.451,12.52088,12.52319,0.00,0.00
2017.04.06 13:43:21.369,12.52088,12.52341,0.00,0.00
2017.04.06 13:43:21.420,12.52088,12.52332,0.00,0.00
2017.04.06 13:43:21.712,12.52048,12.52302,0.00,0.00
2017.04.06 13:43:21.763,12.52078,12.52302,0.00,0.00
2017.04.06 13:43:21.863,12.51992,12.52251,0.00,0.00
2017.04.06 13:43:22.063,12.51992,12.52241,0.00,0.00
2017.04.06 13:43:22.253,12.51988,12.52241,0.00,0.00
2017.04.06 13:43:22.356,12.51988,12.52252,0.00,0.00
2017.04.06 13:43:22.421,12.52019,12.52252,0.00,0.00
2017.04.06 13:43:22.558,12.51988,12.52252,0.00,0.00
2017.04.06 13:43:22.665,12.51988,12.52241,0.00,0.00
2017.04.06 13:43:22.721,12.51988,12.52252,0.00,0.00
2017.04.06 13:43:22.835,12.51988,12.52242,0.00,0.00
2017.04.06 13:43:23.159,12.52062,12.52302,0.00,0.00
2017.04.06 13:43:23.259,12.52088,12.52352,0.00,0.00
2017.04.06 13:43:23.444,12.52088,12.52332,0.00,0.00
2017.04.06 13:43:23.864,12.52088,12.52352,0.00,0.00
2017.04.06 13:43:24.134,12.52088,12.52331,0.00,0.00
2017.04.06 13:43:24.235,12.52088,12.52352,0.00,0.00
2017.04.06 13:43:24.555,12.52088,12.52332,0.00,0.00
2017.04.06 13:43:24.738,12.52088,12.52352,0.00,0.00
2017.04.06 13:43:25.127,12.52088,12.52332,0.00,0.00
2017.04.06 13:43:25.252,12.52088,12.52352,0.00,0.00
2017.04.06 13:43:27.235,12.52088,12.52332,0.00,0.00
2017.04.06 13:43:27.379,12.52088,12.52351,0.00,0.00
2017.04.06 13:43:27.430,12.52088,12.52332,0.00,0.00
2017.04.06 13:43:27.568,12.52088,12.52352,0.00,0.00
2017.04.06 13:43:27.677,12.52088,12.52332,0.00,0.00
2017.04.06 13:43:28.079,12.52088,12.52352,0.00,0.00
2017.04.06 13:43:28.131,12.52088,12.52331,0.00,0.00
2017.04.06 13:43:28.243,12.52088,12.52352,0.00,0.00
2017.04.06 13:43:28.769,12.52099,12.52352,0.00,0.00
2017.04.06 13:43:29.257,12.52088,12.52352,0.00,0.00
2017.04.06 13:43:29.368,12.52088,12.52342,0.00,0.00
2017.04.06 13:43:29.634,12.52088,12.52351,0.00,0.00
2017.04.06 13:43:29.807,12.52188,12.52351,0.00,0.00
2017.04.06 13:43:29.858,12.52188,12.52381,0.00,0.00
2017.04.06 13:43:30.068,12.52188,12.52452,0.00,0.00
2017.04.06 13:43:30.238,12.52239,12.52471,0.00,0.00
2017.04.06 13:43:30.339,12.52239,12.52498,0.00,0.00
2017.04.06 13:43:30.389,12.52229,12.52452,0.00,0.00
2017.04.06 13:43:30.440,12.52188,12.52452,0.00,0.00
2017.04.06 13:43:30.550,12.52188,12.52431,0.00,0.00
2017.04.06 13:43:30.845,12.52188,12.52452,0.00,0.00
2017.04.06 13:43:30.963,12.52188,12.52441,0.00,0.00
2017.04.06 13:43:31.037,12.52188,12.52452,0.00,0.00
2017.04.06 13:43:31.138,12.52188,12.52432,0.00,0.00
2017.04.06 13:43:31.266,12.52188,12.52452,0.00,0.00
2017.04.06 13:43:31.654,12.52188,12.52432,0.00,0.00
2017.04.06 13:43:31.815,12.52148,12.52402,0.00,0.00
2017.04.06 13:43:31.915,12.52128,12.52351,0.00,0.00
2017.04.06 13:43:31.966,12.52089,12.52341,0.00,0.00
2017.04.06 13:43:32.262,12.52139,12.52341,0.00,0.00
2017.04.06 13:43:32.413,12.52138,12.52351,0.00,0.00
2017.04.06 13:43:32.464,12.52138,12.52381,0.00,0.00
2017.04.06 13:43:32.565,12.52158,12.52351,0.00,0.00
2017.04.06 13:43:32.908,12.52089,12.52351,0.00,0.00
2017.04.06 13:43:33.127,12.52112,12.52351,0.00,0.00
2017.04.06 13:43:33.342,12.52188,12.52452,0.00,0.00
2017.04.06 13:43:33.787,12.52261,12.52431,0.00,0.00
2017.04.06 13:43:33.888,12.52261,12.52502,0.00,0.00
2017.04.06 13:43:33.939,12.52288,12.52541,0.00,0.00
2017.04.06 13:43:34.046,12.52288,12.52552,0.00,0.00
2017.04.06 13:43:34.380,12.52288,12.52542,0.00,0.00
2017.04.06 13:43:34.445,12.52288,12.52552,0.00,0.00
2017.04.06 13:43:34.561,12.52288,12.52521,0.00,0.00
2017.04.06 13:43:34.745,12.52288,12.52541,0.00,0.00
2017.04.06 13:43:34.945,12.52288,12.52552,0.00,0.00
2017.04.06 13:43:35.561,12.52288,12.52541,0.00,0.00
2017.04.06 13:43:35.869,12.52288,12.52512,0.00,0.00
2017.04.06 13:43:35.919,12.52288,12.52552,0.00,0.00
2017.04.06 13:43:36.047,12.52288,12.52522,0.00,0.00
2017.04.06 13:43:36.170,12.52288,12.52531,0.00,0.00
2017.04.06 13:43:36.271,12.52288,12.52552,0.00,0.00
2017.04.06 13:43:36.568,12.52288,12.52541,0.00,0.00
2017.04.06 13:43:36.872,12.52388,12.52602,0.00,0.00
2017.04.06 13:43:36.977,12.52388,12.52618,0.00,0.00
2017.04.06 13:43:37.081,12.52388,12.52611,0.00,0.00
2017.04.06 13:43:37.182,12.52361,12.52602,0.00,0.00
2017.04.06 13:43:37.369,12.52362,12.52521,0.00,0.00
2017.04.06 13:43:37.470,12.52388,12.52618,0.00,0.00
2017.04.06 13:43:37.595,12.52388,12.52632,0.00,0.00
2017.04.06 13:43:37.784,12.52388,12.52622,0.00,0.00
2017.04.06 13:43:37.850,12.52388,12.52632,0.00,0.00
2017.04.06 13:43:38.251,12.52388,12.52602,0.00,0.00
2017.04.06 13:43:38.451,12.52388,12.52631,0.00,0.00
2017.04.06 13:43:39.154,12.52388,12.52622,0.00,0.00
2017.04.06 13:43:39.364,12.52388,12.52642,0.00,0.00
2017.04.06 13:43:39.452,12.52388,12.52602,0.00,0.00
2017.04.06 13:43:39.555,12.52388,12.52641,0.00,0.00
2017.04.06 13:43:39.670,12.52388,12.52652,0.00,0.00
2017.04.06 13:43:40.054,12.52388,12.52632,0.00,0.00
2017.04.06 13:43:40.491,12.52388,12.52612,0.00,0.00
2017.04.06 13:43:40.702,12.52388,12.52631,0.00,0.00
2017.04.06 13:43:40.829,12.52388,12.52612,0.00,0.00
2017.04.06 13:43:40.880,12.52388,12.52641,0.00,0.00
2017.04.06 13:43:41.186,12.52388,12.52631,0.00,0.00
2017.04.06 13:43:41.501,12.52388,12.52622,0.00,0.00
2017.04.06 13:43:41.603,12.52388,12.52641,0.00,0.00
2017.04.06 13:43:41.656,12.52388,12.52612,0.00,0.00
2017.04.06 13:43:41.957,12.52388,12.52631,0.00,0.00
2017.04.06 13:43:42.057,12.52388,12.52611,0.00,0.00
2017.04.06 13:43:42.458,12.52388,12.52602,0.00,0.00
2017.04.06 13:43:43.170,12.52388,12.52611,0.00,0.00
2017.04.06 13:43:43.292,12.52388,12.52602,0.00,0.00
2017.04.06 13:43:43.996,12.52292,12.52521,0.00,0.00
2017.04.06 13:43:44.176,12.52289,12.52512,0.00,0.00
2017.04.06 13:43:44.461,12.52289,12.52521,0.00,0.00
2017.04.06 13:43:44.578,12.52289,12.52541,0.00,0.00
2017.04.06 13:43:44.863,12.52289,12.52522,0.00,0.00
2017.04.06 13:43:44.913,12.52239,12.52501,0.00,0.00
2017.04.06 13:43:44.964,12.52261,12.52471,0.00,0.00
2017.04.06 13:43:45.065,12.52288,12.52501,0.00,0.00
2017.04.06 13:43:45.240,12.52249,12.52451,0.00,0.00
2017.04.06 13:43:45.300,12.52189,12.52441,0.00,0.00
2017.04.06 13:43:45.351,12.52252,12.52441,0.00,0.00
2017.04.06 13:43:45.401,12.52289,12.52481,0.00,0.00
2017.04.06 13:43:45.502,12.52289,12.52499,0.00,0.00
2017.04.06 13:43:45.994,12.52289,12.52511,0.00,0.00
2017.04.06 13:43:46.166,12.52289,12.52541,0.00,0.00
2017.04.06 13:43:46.282,12.52289,12.52512,0.00,0.00
2017.04.06 13:43:46.585,12.52289,12.52509,0.00,0.00
2017.04.06 13:43:46.686,12.52188,12.52432,0.00,0.00
2017.04.06 13:43:46.787,12.52188,12.52452,0.00,0.00
2017.04.06 13:43:46.859,12.52238,12.52472,0.00,0.00
2017.04.06 13:43:47.162,12.52288,12.52498,0.00,0.00
2017.04.06 13:43:47.368,12.52288,12.52552,0.00,0.00
2017.04.06 13:43:47.768,12.52288,12.52512,0.00,0.00
2017.04.06 13:43:47.941,12.52288,12.52521,0.00,0.00
2017.04.06 13:43:47.992,12.52288,12.52551,0.00,0.00
2017.04.06 13:43:48.189,12.52288,12.52542,0.00,0.00
2017.04.06 13:43:48.563,12.52361,12.52602,0.00,0.00
2017.04.06 13:43:48.614,12.52338,12.52602,0.00,0.00
2017.04.06 13:43:48.715,12.52291,12.52532,0.00,0.00
2017.04.06 13:43:48.984,12.52291,12.52541,0.00,0.00
2017.04.06 13:43:49.071,12.52291,12.52551,0.00,0.00
2017.04.06 13:43:49.275,12.52289,12.52551,0.00,0.00
2017.04.06 13:43:49.326,12.52308,12.52551,0.00,0.00
2017.04.06 13:43:49.377,12.52289,12.52551,0.00,0.00
2017.04.06 13:43:49.472,12.52308,12.52551,0.00,0.00
2017.04.06 13:43:49.772,12.52289,12.52551,0.00,0.00
2017.04.06 13:43:49.874,12.52289,12.52521,0.00,0.00
2017.04.06 13:43:50.108,12.52289,12.52551,0.00,0.00
2017.04.06 13:43:50.316,12.52338,12.52592,0.00,0.00
2017.04.06 13:43:50.670,12.52388,12.52621,0.00,0.00
2017.04.06 13:43:50.720,12.52288,12.52552,0.00,0.00
2017.04.06 13:43:50.774,12.52288,12.52521,0.00,0.00
2017.04.06 13:43:50.882,12.52288,12.52552,0.00,0.00
2017.04.06 13:43:51.184,12.52288,12.52541,0.00,0.00
2017.04.06 13:43:51.516,12.52288,12.52521,0.00,0.00
2017.04.06 13:43:51.683,12.52288,12.52552,0.00,0.00
2017.04.06 13:43:51.784,12.52288,12.52522,0.00,0.00
2017.04.06 13:43:52.092,12.52288,12.52542,0.00,0.00
2017.04.06 13:43:52.404,12.52288,12.52532,0.00,0.00
2017.04.06 13:43:52.478,12.52288,12.52542,0.00,0.00
2017.04.06 13:43:52.751,12.52338,12.52542,0.00,0.00
2017.04.06 13:43:52.801,12.52338,12.52552,0.00,0.00
2017.04.06 13:43:52.902,12.52288,12.52552,0.00,0.00
2017.04.06 13:43:53.113,12.52288,12.52522,0.00,0.00
2017.04.06 13:43:53.432,12.52288,12.52552,0.00,0.00
2017.04.06 13:43:53.593,12.52288,12.52532,0.00,0.00
2017.04.06 13:43:53.680,12.52288,12.52551,0.00,0.00
2017.04.06 13:43:53.881,12.52288,12.52532,0.00,0.00
2017.04.06 13:43:53.997,12.52272,12.52522,0.00,0.00
2017.04.06 13:43:54.199,12.52251,12.52522,0.00,0.00
2017.04.06 13:43:54.259,12.52272,12.52522,0.00,0.00
2017.04.06 13:43:54.697,12.52278,12.52522,0.00,0.00
2017.04.06 13:43:54.803,12.52272,12.52522,0.00,0.00
2017.04.06 13:43:55.023,12.52281,12.52551,0.00,0.00
2017.04.06 13:43:55.074,12.52371,12.52551,0.00,0.00
2017.04.06 13:43:55.124,12.52371,12.52562,0.00,0.00
2017.04.06 13:43:55.225,12.52371,12.52572,0.00,0.00
2017.04.06 13:43:55.326,12.52361,12.52599,0.00,0.00
2017.04.06 13:43:55.585,12.52361,12.52612,0.00,0.00
2017.04.06 13:43:55.697,12.52361,12.52621,0.00,0.00
2017.04.06 13:43:55.785,12.52361,12.52612,0.00,0.00
2017.04.06 13:43:56.128,12.52361,12.52621,0.00,0.00
2017.04.06 13:43:56.721,12.52368,12.52621,0.00,0.00
2017.04.06 13:43:57.037,12.52318,12.52572,0.00,0.00
2017.04.06 13:43:57.088,12.52308,12.52572,0.00,0.00
2017.04.06 13:43:57.191,12.52281,12.52522,0.00,0.00
2017.04.06 13:43:57.292,12.52272,12.52522,0.00,0.00
2017.04.06 13:43:57.991,12.52279,12.52522,0.00,0.00
2017.04.06 13:43:58.189,12.52272,12.52522,0.00,0.00
2017.04.06 13:43:58.842,12.52272,12.52521,0.00,0.00
2017.04.06 13:43:59.592,12.52279,12.52522,0.00,0.00
2017.04.06 13:43:59.924,12.52261,12.52472,0.00,0.00
2017.04.06 13:44:00.031,12.52261,12.52509,0.00,0.00
2017.04.06 13:44:00.210,12.52239,12.52469,0.00,0.00
2017.04.06 13:44:00.313,12.52181,12.52421,0.00,0.00
2017.04.06 13:44:00.494,12.52229,12.52421,0.00,0.00
2017.04.06 13:44:00.610,12.52229,12.52469,0.00,0.00
2017.04.06 13:44:00.661,12.52261,12.52471,0.00,0.00
2017.04.06 13:44:00.762,12.52268,12.52509,0.00,0.00
2017.04.06 13:44:00.986,12.52268,12.52472,0.00,0.00
2017.04.06 13:44:01.138,12.52208,12.52421,0.00,0.00
2017.04.06 13:44:01.239,12.52181,12.52421,0.00,0.00
2017.04.06 13:44:01.414,12.52198,12.52421,0.00,0.00
2017.04.06 13:44:01.465,12.52181,12.52421,0.00,0.00
2017.04.06 13:44:01.616,12.52199,12.52421,0.00,0.00
2017.04.06 13:44:01.721,12.52181,12.52421,0.00,0.00
2017.04.06 13:44:02.331,12.52198,12.52421,0.00,0.00
2017.04.06 13:44:02.538,12.52188,12.52421,0.00,0.00
2017.04.06 13:44:02.640,12.52198,12.52421,0.00,0.00
2017.04.06 13:44:02.698,12.52181,12.52421,0.00,0.00
2017.04.06 13:44:02.909,12.52222,12.52421,0.00,0.00
2017.04.06 13:44:02.960,12.52238,12.52472,0.00,0.00
2017.04.06 13:44:03.011,12.52259,12.52472,0.00,0.00
2017.04.06 13:44:03.359,12.52259,12.52422,0.00,0.00
2017.04.06 13:44:03.409,12.52219,12.52422,0.00,0.00
2017.04.06 13:44:03.522,12.52181,12.52422,0.00,0.00
2017.04.06 13:44:03.700,12.52189,12.52422,0.00,0.00
2017.04.06 13:44:03.850,12.52222,12.52492,0.00,0.00
2017.04.06 13:44:03.901,12.52261,12.52508,0.00,0.00
2017.04.06 13:44:04.404,12.52269,12.52508,0.00,0.00
2017.04.06 13:44:04.504,12.52261,12.52508,0.00,0.00
2017.04.06 13:44:05.107,12.52261,12.52522,0.00,0.00
2017.04.06 13:44:05.162,12.52268,12.52522,0.00,0.00
2017.04.06 13:44:05.412,12.52261,12.52522,0.00,0.00
2017.04.06 13:44:05.615,12.52268,12.52522,0.00,0.00
2017.04.06 13:44:05.987,12.52271,12.52472,0.00,0.00
2017.04.06 13:44:06.038,12.52271,12.52522,0.00,0.00
2017.04.06 13:44:06.474,12.52248,12.52471,0.00,0.00
2017.04.06 13:44:06.524,12.52238,12.52471,0.00,0.00
2017.04.06 13:44:06.576,12.52238,12.52422,0.00,0.00
2017.04.06 13:44:06.627,12.52188,12.52422,0.00,0.00
2017.04.06 13:44:06.754,12.52198,12.52422,0.00,0.00
2017.04.06 13:44:07.132,12.52262,12.52488,0.00,0.00
2017.04.06 13:44:07.233,12.52278,12.52488,0.00,0.00
2017.04.06 13:44:07.440,12.52188,12.52421,0.00,0.00
2017.04.06 13:44:07.541,12.52209,12.52421,0.00,0.00
2017.04.06 13:44:07.654,12.52189,12.52421,0.00,0.00
2017.04.06 13:44:07.719,12.52208,12.52421,0.00,0.00
2017.04.06 13:44:07.849,12.52181,12.52421,0.00,0.00
2017.04.06 13:44:08.056,12.52208,12.52421,0.00,0.00
2017.04.06 13:44:08.120,12.52181,12.52421,0.00,0.00
2017.04.06 13:44:08.663,12.52198,12.52421,0.00,0.00
2017.04.06 13:44:08.771,12.52181,12.52421,0.00,0.00
2017.04.06 13:44:08.823,12.52189,12.52421,0.00,0.00
2017.04.06 13:44:09.125,12.52219,12.52421,0.00,0.00
2017.04.06 13:44:09.459,12.52199,12.52421,0.00,0.00
2017.04.06 13:44:09.575,12.52189,12.52421,0.00,0.00
2017.04.06 13:44:10.231,12.52198,12.52421,0.00,0.00
2017.04.06 13:44:10.336,12.52181,12.52421,0.00,0.00
2017.04.06 13:44:10.431,12.52198,12.52421,0.00,0.00
2017.04.06 13:44:11.141,12.52208,12.52421,0.00,0.00
2017.04.06 13:44:11.348,12.52198,12.52421,0.00,0.00
2017.04.06 13:44:11.469,12.52218,12.52421,0.00,0.00
2017.04.06 13:44:11.682,12.52189,12.52421,0.00,0.00
2017.04.06 13:44:12.864,12.52208,12.52421,0.00,0.00
2017.04.06 13:44:12.939,12.52188,12.52421,0.00,0.00
2017.04.06 13:44:13.575,12.52199,12.52421,0.00,0.00
2017.04.06 13:44:14.178,12.52198,12.52421,0.00,0.00
2017.04.06 13:44:14.571,12.52218,12.52421,0.00,0.00
2017.04.06 13:44:15.447,12.52181,12.52421,0.00,0.00
2017.04.06 13:44:15.949,12.52198,12.52421,0.00,0.00
2017.04.06 13:44:16.258,12.52238,12.52421,0.00,0.00
2017.04.06 13:44:16.539,12.52218,12.52421,0.00,0.00
2017.04.06 13:44:16.589,12.52249,12.52421,0.00,0.00
2017.04.06 13:44:16.694,12.52188,12.52421,0.00,0.00
2017.04.06 13:44:16.901,12.52181,12.52421,0.00,0.00
2017.04.06 13:44:16.955,12.52189,12.52421,0.00,0.00
2017.04.06 13:44:17.372,12.52199,12.52421,0.00,0.00
2017.04.06 13:44:17.455,12.52181,12.52421,0.00,0.00
2017.04.06 13:44:17.692,12.52218,12.52421,0.00,0.00
2017.04.06 13:44:17.757,12.52208,12.52421,0.00,0.00
2017.04.06 13:44:17.858,12.52188,12.52421,0.00,0.00
2017.04.06 13:44:17.958,12.52181,12.52421,0.00,0.00
2017.04.06 13:44:18.058,12.52219,12.52421,0.00,0.00
2017.04.06 13:44:18.392,12.52208,12.52421,0.00,0.00
2017.04.06 13:44:18.503,12.52181,12.52421,0.00,0.00
2017.04.06 13:44:18.604,12.52188,12.52421,0.00,0.00
2017.04.06 13:44:18.655,12.52188,12.52459,0.00,0.00
2017.04.06 13:44:18.705,12.52271,12.52459,0.00,0.00
2017.04.06 13:44:19.022,12.52188,12.52422,0.00,0.00
2017.04.06 13:44:19.206,12.52181,12.52422,0.00,0.00
2017.04.06 13:44:19.262,12.52228,12.52422,0.00,0.00
2017.04.06 13:44:20.064,12.52208,12.52422,0.00,0.00
2017.04.06 13:44:20.165,12.52198,12.52422,0.00,0.00
2017.04.06 13:44:20.265,12.52208,12.52422,0.00,0.00
2017.04.06 13:44:20.365,12.52199,12.52422,0.00,0.00
2017.04.06 13:44:20.709,12.52181,12.52422,0.00,0.00
2017.04.06 13:44:20.895,12.52218,12.52422,0.00,0.00
2017.04.06 13:44:21.011,12.52181,12.52422,0.00,0.00
2017.04.06 13:44:21.368,12.52198,12.52422,0.00,0.00
2017.04.06 13:44:21.568,12.52181,12.52422,0.00,0.00
2017.04.06 13:44:21.976,12.52189,12.52422,0.00,0.00
2017.04.06 13:44:22.370,12.52181,12.52422,0.00,0.00
2017.04.06 13:44:22.584,12.52218,12.52422,0.00,0.00
2017.04.06 13:44:22.693,12.52188,12.52422,0.00,0.00
2017.04.06 13:44:22.906,12.52219,12.52421,0.00,0.00
2017.04.06 13:44:23.493,12.52248,12.52421,0.00,0.00
2017.04.06 13:44:23.657,12.52248,12.52469,0.00,0.00
2017.04.06 13:44:23.732,12.52289,12.52522,0.00,0.00
2017.04.06 13:44:23.783,12.52271,12.52522,0.00,0.00
2017.04.06 13:44:23.833,12.52259,12.52472,0.00,0.00
2017.04.06 13:44:23.884,12.52248,12.52472,0.00,0.00
2017.04.06 13:44:23.984,12.52188,12.52422,0.00,0.00
2017.04.06 13:44:24.425,12.52209,12.52422,0.00,0.00
2017.04.06 13:44:24.587,12.52188,12.52422,0.00,0.00
2017.04.06 13:44:24.688,12.52181,12.52422,0.00,0.00
2017.04.06 13:44:24.790,12.52188,12.52422,0.00,0.00
2017.04.06 13:44:25.119,12.52288,12.52521,0.00,0.00
2017.04.06 13:44:26.693,12.52269,12.52472,0.00,0.00
2017.04.06 13:44:26.794,12.52189,12.52422,0.00,0.00
2017.04.06 13:44:27.113,12.52209,12.52422,0.00,0.00
2017.04.06 13:44:27.437,12.52238,12.52422,0.00,0.00
2017.04.06 13:44:27.607,12.52228,12.52422,0.00,0.00
2017.04.06 13:44:27.722,12.52209,12.52422,0.00,0.00
2017.04.06 13:44:27.823,12.52181,12.52422,0.00,0.00
2017.04.06 13:44:27.925,12.52218,12.52422,0.00,0.00
2017.04.06 13:44:28.229,12.52199,12.52422,0.00,0.00
2017.04.06 13:44:28.279,12.52221,12.52438,0.00,0.00
2017.04.06 13:44:28.330,12.52219,12.52438,0.00,0.00
2017.04.06 13:44:28.511,12.52208,12.52421,0.00,0.00
2017.04.06 13:44:28.624,12.52191,12.52421,0.00,0.00
2017.04.06 13:44:28.830,12.52199,12.52421,0.00,0.00
2017.04.06 13:44:29.184,12.52219,12.52438,0.00,0.00
2017.04.06 13:44:29.340,12.52272,12.52509,0.00,0.00
2017.04.06 13:44:29.390,12.52289,12.52509,0.00,0.00
2017.04.06 13:44:29.491,12.52278,12.52509,0.00,0.00
2017.04.06 13:44:29.592,12.52272,12.52509,0.00,0.00
2017.04.06 13:44:29.831,12.52288,12.52509,0.00,0.00
2017.04.06 13:44:30.162,12.52308,12.52509,0.00,0.00
2017.04.06 13:44:30.693,12.52298,12.52509,0.00,0.00
2017.04.06 13:44:30.795,12.52318,12.52509,0.00,0.00
2017.04.06 13:44:31.205,12.52299,12.52509,0.00,0.00
2017.04.06 13:44:31.395,12.52309,12.52509,0.00,0.00
2017.04.06 13:44:31.534,12.52278,12.52509,0.00,0.00
2017.04.06 13:44:31.695,12.52278,12.52522,0.00,0.00
2017.04.06 13:44:31.746,12.52298,12.52522,0.00,0.00
2017.04.06 13:44:31.897,12.52279,12.52522,0.00,0.00
2017.04.06 13:44:31.999,12.52319,12.52522,0.00,0.00
2017.04.06 13:44:32.198,12.52298,12.52522,0.00,0.00
2017.04.06 13:44:32.399,12.52319,12.52522,0.00,0.00
2017.04.06 13:44:32.578,12.52298,12.52522,0.00,0.00
2017.04.06 13:44:32.699,12.52279,12.52522,0.00,0.00
2017.04.06 13:44:32.824,12.52299,12.52522,0.00,0.00
2017.04.06 13:44:32.933,12.52272,12.52522,0.00,0.00
2017.04.06 13:44:33.000,12.52278,12.52522,0.00,0.00
2017.04.06 13:44:33.428,12.52308,12.52522,0.00,0.00
2017.04.06 13:44:33.501,12.52278,12.52522,0.00,0.00
2017.04.06 13:44:33.615,12.52308,12.52522,0.00,0.00
2017.04.06 13:44:33.902,12.52298,12.52522,0.00,0.00
2017.04.06 13:44:34.225,12.52279,12.52522,0.00,0.00
2017.04.06 13:44:34.326,12.52298,12.52522,0.00,0.00
2017.04.06 13:44:34.549,12.52382,12.52619,0.00,0.00
2017.04.06 13:44:34.649,12.52398,12.52619,0.00,0.00
2017.04.06 13:44:34.937,12.52388,12.52619,0.00,0.00
2017.04.06 13:44:35.004,12.52408,12.52619,0.00,0.00
2017.04.06 13:44:35.345,12.52382,12.52619,0.00,0.00
2017.04.06 13:44:35.405,12.52398,12.52619,0.00,0.00
2017.04.06 13:44:35.703,12.52398,12.52622,0.00,0.00
2017.04.06 13:44:35.806,12.52428,12.52672,0.00,0.00
2017.04.06 13:44:35.857,12.52428,12.52622,0.00,0.00
2017.04.06 13:44:35.907,12.52381,12.52622,0.00,0.00
2017.04.06 13:44:36.010,12.52471,12.52719,0.00,0.00
2017.04.06 13:44:36.856,12.52479,12.52719,0.00,0.00
2017.04.06 13:44:36.957,12.52471,12.52719,0.00,0.00
2017.04.06 13:44:37.009,12.52478,12.52719,0.00,0.00
2017.04.06 13:44:37.116,12.52471,12.52719,0.00,0.00
2017.04.06 13:44:37.454,12.52481,12.52719,0.00,0.00
2017.04.06 13:44:37.869,12.52481,12.52732,0.00,0.00
2017.04.06 13:44:37.920,12.52508,12.52758,0.00,0.00
2017.04.06 13:44:38.241,12.52481,12.52721,0.00,0.00
2017.04.06 13:44:38.723,12.52489,12.52721,0.00,0.00
2017.04.06 13:44:38.829,12.52481,12.52721,0.00,0.00
2017.04.06 13:44:39.121,12.52488,12.52721,0.00,0.00
2017.04.06 13:44:39.232,12.52481,12.52721,0.00,0.00
2017.04.06 13:44:39.742,12.52532,12.52732,0.00,0.00
2017.04.06 13:44:40.014,12.52481,12.52721,0.00,0.00
2017.04.06 13:44:40.437,12.52498,12.52721,0.00,0.00
2017.04.06 13:44:40.654,12.52481,12.52721,0.00,0.00
2017.04.06 13:44:42.521,12.52488,12.52721,0.00,0.00
2017.04.06 13:44:42.684,12.52481,12.52721,0.00,0.00
2017.04.06 13:44:42.919,12.52488,12.52722,0.00,0.00
2017.04.06 13:44:43.044,12.52481,12.52722,0.00,0.00
2017.04.06 13:44:43.420,12.52489,12.52722,0.00,0.00
2017.04.06 13:44:43.823,12.52481,12.52722,0.00,0.00
2017.04.06 13:44:43.931,12.52489,12.52722,0.00,0.00
2017.04.06 13:44:44.021,12.52481,12.52722,0.00,0.00
2017.04.06 13:44:44.325,12.52489,12.52722,0.00,0.00
2017.04.06 13:44:44.958,12.52481,12.52722,0.00,0.00
2017.04.06 13:44:45.023,12.52499,12.52722,0.00,0.00
2017.04.06 13:44:45.174,12.52509,12.52758,0.00,0.00
2017.04.06 13:44:45.224,12.52559,12.52722,0.00,0.00
2017.04.06 13:44:45.325,12.52508,12.52722,0.00,0.00
2017.04.06 13:44:45.459,12.52482,12.52722,0.00,0.00
2017.04.06 13:44:46.846,12.52488,12.52722,0.00,0.00
2017.04.06 13:44:46.926,12.52482,12.52722,0.00,0.00
2017.04.06 13:44:47.650,12.52489,12.52722,0.00,0.00
2017.04.06 13:44:47.953,12.52579,12.52819,0.00,0.00
2017.04.06 13:44:48.169,12.52572,12.52819,0.00,0.00
2017.04.06 13:44:48.328,12.52578,12.52819,0.00,0.00
2017.04.06 13:44:48.528,12.52572,12.52819,0.00,0.00
2017.04.06 13:44:49.430,12.52578,12.52819,0.00,0.00
2017.04.06 13:44:49.546,12.52572,12.52819,0.00,0.00
2017.04.06 13:44:50.254,12.52598,12.52819,0.00,0.00
2017.04.06 13:44:50.305,12.52598,12.52822,0.00,0.00
2017.04.06 13:44:50.408,12.52581,12.52822,0.00,0.00
2017.04.06 13:44:50.459,12.52609,12.52822,0.00,0.00
2017.04.06 13:44:50.560,12.52581,12.52822,0.00,0.00
2017.04.06 13:44:52.166,12.52599,12.52869,0.00,0.00
2017.04.06 13:44:52.217,12.52662,12.52871,0.00,0.00
2017.04.06 13:44:52.484,12.52662,12.52918,0.00,0.00
2017.04.06 13:44:52.537,12.52662,12.52871,0.00,0.00
2017.04.06 13:44:52.588,12.52648,12.52869,0.00,0.00
2017.04.06 13:44:52.638,12.52661,12.52871,0.00,0.00
2017.04.06 13:44:52.689,12.52661,12.52912,0.00,0.00
2017.04.06 13:44:52.740,12.52661,12.52892,0.00,0.00
2017.04.06 13:44:52.850,12.52661,12.52901,0.00,0.00
2017.04.06 13:44:52.962,12.52661,12.52918,0.00,0.00
2017.04.06 13:44:53.038,12.52661,12.52902,0.00,0.00
2017.04.06 13:44:53.238,12.52661,12.52918,0.00,0.00
2017.04.06 13:44:53.372,12.52661,12.52901,0.00,0.00
2017.04.06 13:44:53.479,12.52661,12.52918,0.00,0.00
2017.04.06 13:44:53.762,12.52661,12.52901,0.00,0.00
2017.04.06 13:44:53.939,12.52661,12.52918,0.00,0.00
2017.04.06 13:44:54.056,12.52661,12.52912,0.00,0.00
2017.04.06 13:44:54.162,12.52661,12.52918,0.00,0.00
2017.04.06 13:44:54.903,12.52661,12.52902,0.00,0.00
2017.04.06 13:44:55.161,12.52661,12.52918,0.00,0.00
2017.04.06 13:44:55.389,12.52661,12.52902,0.00,0.00
2017.04.06 13:44:55.442,12.52661,12.52918,0.00,0.00
2017.04.06 13:44:55.565,12.52751,12.52932,0.00,0.00
2017.04.06 13:44:55.767,12.52849,12.53059,0.00,0.00
2017.04.06 13:44:55.817,12.52818,12.53022,0.00,0.00
2017.04.06 13:44:55.868,12.52771,12.53022,0.00,0.00
2017.04.06 13:44:56.009,12.52771,12.53012,0.00,0.00
2017.04.06 13:44:56.059,12.52771,12.53022,0.00,0.00
2017.04.06 13:44:56.193,12.52751,12.53002,0.00,0.00
2017.04.06 13:44:56.245,12.52758,12.53022,0.00,0.00
2017.04.06 13:44:56.391,12.52788,12.53022,0.00,0.00
2017.04.06 13:44:56.722,12.52851,12.53121,0.00,0.00
2017.04.06 13:44:56.885,12.52851,12.53091,0.00,0.00
2017.04.06 13:44:56.996,12.52849,12.53102,0.00,0.00
2017.04.06 13:44:57.047,12.52849,12.53091,0.00,0.00
2017.04.06 13:44:57.261,12.52849,12.53121,0.00,0.00
2017.04.06 13:44:57.603,12.52852,12.53121,0.00,0.00
2017.04.06 13:44:57.947,12.52928,12.53122,0.00,0.00
2017.04.06 13:44:57.998,12.52919,12.53122,0.00,0.00
2017.04.06 13:44:58.099,12.52852,12.53092,0.00,0.00
2017.04.06 13:44:58.200,12.52852,12.53121,0.00,0.00
2017.04.06 13:44:58.350,12.52852,12.53092,0.00,0.00
2017.04.06 13:44:58.551,12.52849,12.53121,0.00,0.00
2017.04.06 13:44:58.857,12.52841,12.53122,0.00,0.00
2017.04.06 13:44:58.958,12.52841,12.53092,0.00,0.00
2017.04.06 13:44:59.151,12.52841,12.53101,0.00,0.00
2017.04.06 13:44:59.252,12.52841,12.53091,0.00,0.00
2017.04.06 13:44:59.457,12.52761,12.53022,0.00,0.00
2017.04.06 13:44:59.558,12.52769,12.53049,0.00,0.00
2017.04.06 13:44:59.668,12.52779,12.53049,0.00,0.00
2017.04.06 13:45:00.000,12.52851,12.53068,0.00,0.00
2017.04.06 13:45:00.205,12.52851,12.53131,0.00,0.00
2017.04.06 13:45:00.374,12.52858,12.53142,0.00,0.00
2017.04.06 13:45:00.485,12.52851,12.53132,0.00,0.00
2017.04.06 13:45:00.791,12.52851,12.53082,0.00,0.00
2017.04.06 13:45:00.998,12.52851,12.53132,0.00,0.00
2017.04.06 13:45:01.057,12.52851,12.53101,0.00,0.00
2017.04.06 13:45:01.172,12.52851,12.53112,0.00,0.00
2017.04.06 13:45:01.300,12.52851,12.53131,0.00,0.00
2017.04.06 13:45:01.406,12.52851,12.53112,0.00,0.00
2017.04.06 13:45:01.723,12.52851,12.53101,0.00,0.00
2017.04.06 13:45:01.779,12.52851,12.53132,0.00,0.00
2017.04.06 13:45:01.993,12.52851,12.53102,0.00,0.00
2017.04.06 13:45:02.159,12.52851,12.53121,0.00,0.00
2017.04.06 13:45:02.282,12.52851,12.53092,0.00,0.00
2017.04.06 13:45:02.390,12.52851,12.53122,0.00,0.00
2017.04.06 13:45:02.563,12.52851,12.53091,0.00,0.00
2017.04.06 13:45:02.664,12.52851,12.53121,0.00,0.00
2017.04.06 13:45:02.775,12.52888,12.53121,0.00,0.00
2017.04.06 13:45:02.876,12.52888,12.53141,0.00,0.00
2017.04.06 13:45:03.190,12.52888,12.53149,0.00,0.00
2017.04.06 13:45:03.241,12.52938,12.53138,0.00,0.00
2017.04.06 13:45:03.342,12.52918,12.53138,0.00,0.00
2017.04.06 13:45:03.443,12.52888,12.53138,0.00,0.00
2017.04.06 13:45:03.494,12.52888,12.53101,0.00,0.00
2017.04.06 13:45:03.967,12.52888,12.53122,0.00,0.00
2017.04.06 13:45:04.208,12.52879,12.53138,0.00,0.00
2017.04.06 13:45:04.261,12.52879,12.53101,0.00,0.00
2017.04.06 13:45:04.368,12.52879,12.53138,0.00,0.00
2017.04.06 13:45:04.576,12.52879,12.53101,0.00,0.00
2017.04.06 13:45:04.662,12.52879,12.53121,0.00,0.00
2017.04.06 13:45:04.712,12.52928,12.53121,0.00,0.00
2017.04.06 13:45:04.881,12.52879,12.53131,0.00,0.00
2017.04.06 13:45:05.057,12.52942,12.53131,0.00,0.00
2017.04.06 13:45:05.208,12.52978,12.53209,0.00,0.00
2017.04.06 13:45:05.389,12.52978,12.53202,0.00,0.00
2017.04.06 13:45:05.513,12.52978,12.53209,0.00,0.00
2017.04.06 13:45:05.614,12.52978,12.53202,0.00,0.00
2017.04.06 13:45:05.665,12.52978,12.53209,0.00,0.00
2017.04.06 13:45:06.066,12.52978,12.53191,0.00,0.00
2017.04.06 13:45:06.266,12.52978,12.53209,0.00,0.00
2017.04.06 13:45:06.400,12.52978,12.53191,0.00,0.00
2017.04.06 13:45:06.501,12.52978,12.53222,0.00,0.00
2017.04.06 13:45:06.968,12.52978,12.53211,0.00,0.00
2017.04.06 13:45:07.095,12.52978,12.53232,0.00,0.00
2017.04.06 13:45:07.343,12.52978,12.53212,0.00,0.00
2017.04.06 13:45:07.394,12.52978,12.53232,0.00,0.00
2017.04.06 13:45:07.469,12.52978,12.53191,0.00,0.00
2017.04.06 13:45:07.570,12.52978,12.53232,0.00,0.00
2017.04.06 13:45:08.473,12.52978,12.53202,0.00,0.00
2017.04.06 13:45:08.573,12.52978,12.53231,0.00,0.00
2017.04.06 13:45:08.678,12.52978,12.53238,0.00,0.00
2017.04.06 13:45:08.794,12.52978,12.53202,0.00,0.00
2017.04.06 13:45:09.073,12.52978,12.53212,0.00,0.00
2017.04.06 13:45:09.124,12.52978,12.53202,0.00,0.00
2017.04.06 13:45:09.175,12.52978,12.53231,0.00,0.00
2017.04.06 13:45:09.289,12.52978,12.53192,0.00,0.00
2017.04.06 13:45:09.394,12.52978,12.53232,0.00,0.00
2017.04.06 13:45:09.610,12.52978,12.53211,0.00,0.00
2017.04.06 13:45:09.775,12.52978,12.53231,0.00,0.00
2017.04.06 13:45:09.983,12.52978,12.53212,0.00,0.00
2017.04.06 13:45:10.294,12.52978,12.53238,0.00,0.00
2017.04.06 13:45:10.547,12.52978,12.53202,0.00,0.00
2017.04.06 13:45:10.597,12.52978,12.53231,0.00,0.00
2017.04.06 13:45:10.678,12.52978,12.53202,0.00,0.00
2017.04.06 13:45:10.781,12.52978,12.53232,0.00,0.00
2017.04.06 13:45:10.938,12.53041,12.53232,0.00,0.00
2017.04.06 13:45:10.989,12.53041,12.53241,0.00,0.00
2017.04.06 13:45:11.039,12.53078,12.53241,0.00,0.00
2017.04.06 13:45:11.090,12.53078,12.53319,0.00,0.00
2017.04.06 13:45:11.279,12.53078,12.53292,0.00,0.00
2017.04.06 13:45:11.680,12.53078,12.53319,0.00,0.00
2017.04.06 13:45:11.953,12.53078,12.53311,0.00,0.00
2017.04.06 13:45:12.004,12.53041,12.53292,0.00,0.00
2017.04.06 13:45:12.105,12.53078,12.53282,0.00,0.00
2017.04.06 13:45:12.290,12.53078,12.53311,0.00,0.00
2017.04.06 13:45:12.796,12.53078,12.53312,0.00,0.00
2017.04.06 13:45:12.897,12.53078,12.53319,0.00,0.00
2017.04.06 13:45:13.028,12.53078,12.53292,0.00,0.00
2017.04.06 13:45:13.327,12.53078,12.53319,0.00,0.00
2017.04.06 13:45:13.377,12.53009,12.53242,0.00,0.00
2017.04.06 13:45:13.428,12.52978,12.53212,0.00,0.00
2017.04.06 13:45:13.485,12.52978,12.53222,0.00,0.00
2017.04.06 13:45:13.612,12.52978,12.53241,0.00,0.00
2017.04.06 13:45:13.715,12.52978,12.53222,0.00,0.00
2017.04.06 13:45:13.785,12.52978,12.53232,0.00,0.00
2017.04.06 13:45:14.012,12.52988,12.53242,0.00,0.00
2017.04.06 13:45:14.186,12.52978,12.53242,0.00,0.00
2017.04.06 13:45:14.333,12.52988,12.53242,0.00,0.00
2017.04.06 13:45:14.387,12.52978,12.53242,0.00,0.00
2017.04.06 13:45:14.493,12.52978,12.53232,0.00,0.00
2017.04.06 13:45:14.788,12.52978,12.53242,0.00,0.00
2017.04.06 13:45:15.033,12.52978,12.53239,0.00,0.00
2017.04.06 13:45:15.596,12.52978,12.53232,0.00,0.00
2017.04.06 13:45:15.918,12.52979,12.53239,0.00,0.00
2017.04.06 13:45:16.026,12.52978,12.53232,0.00,0.00
2017.04.06 13:45:16.240,12.52978,12.53239,0.00,0.00
2017.04.06 13:45:16.292,12.52978,12.53231,0.00,0.00
2017.04.06 13:45:16.593,12.52979,12.53239,0.00,0.00
2017.04.06 13:45:16.793,12.52978,12.53222,0.00,0.00
2017.04.06 13:45:16.940,12.52979,12.53239,0.00,0.00
2017.04.06 13:45:17.041,12.52978,12.53221,0.00,0.00
2017.04.06 13:45:17.194,12.52988,12.53239,0.00,0.00
2017.04.06 13:45:17.294,12.52978,12.53239,0.00,0.00
2017.04.06 13:45:18.135,12.52978,12.53232,0.00,0.00
2017.04.06 13:45:19.037,12.52979,12.53239,0.00,0.00
2017.04.06 13:45:19.598,12.52978,12.53231,0.00,0.00
2017.04.06 13:45:19.898,12.52979,12.53239,0.00,0.00
2017.04.06 13:45:20.017,12.52979,12.53211,0.00,0.00
2017.04.06 13:45:20.339,12.52951,12.53211,0.00,0.00
2017.04.06 13:45:20.616,12.52978,12.53211,0.00,0.00
2017.04.06 13:45:20.734,12.52958,12.53211,0.00,0.00
2017.04.06 13:45:20.928,12.52979,12.53211,0.00,0.00
2017.04.06 13:45:21.029,12.53058,12.53312,0.00,0.00
2017.04.06 13:45:21.224,12.53041,12.53311,0.00,0.00
2017.04.06 13:45:21.329,12.53068,12.53312,0.00,0.00
2017.04.06 13:45:21.515,12.53048,12.53312,0.00,0.00
2017.04.06 13:45:21.621,12.53041,12.53312,0.00,0.00
2017.04.06 13:45:21.803,12.53048,12.53312,0.00,0.00
2017.04.06 13:45:21.905,12.53041,12.53311,0.00,0.00
2017.04.06 13:45:22.031,12.53049,12.53312,0.00,0.00
2017.04.06 13:45:22.103,12.53041,12.53311,0.00,0.00
2017.04.06 13:45:22.212,12.53069,12.53312,0.00,0.00
2017.04.06 13:45:22.522,12.53041,12.53312,0.00,0.00
2017.04.06 13:45:22.573,12.53028,12.53261,0.00,0.00
2017.04.06 13:45:22.623,12.53019,12.53261,0.00,0.00
2017.04.06 13:45:22.724,12.53001,12.53262,0.00,0.00
2017.04.06 13:45:22.834,12.53028,12.53281,0.00,0.00
2017.04.06 13:45:23.136,12.53041,12.53312,0.00,0.00
2017.04.06 13:45:23.348,12.53041,12.53292,0.00,0.00
2017.04.06 13:45:23.406,12.53058,12.53312,0.00,0.00
2017.04.06 13:45:23.512,12.53041,12.53312,0.00,0.00
2017.04.06 13:45:23.807,12.53059,12.53312,0.00,0.00
2017.04.06 13:45:23.909,12.53041,12.53312,0.00,0.00
2017.04.06 13:45:24.027,12.53058,12.53312,0.00,0.00
2017.04.06 13:45:24.334,12.53041,12.53312,0.00,0.00
2017.04.06 13:45:24.437,12.53041,12.53302,0.00,0.00
2017.04.06 13:45:24.753,12.53018,12.53211,0.00,0.00
2017.04.06 13:45:24.809,12.52979,12.53211,0.00,0.00
2017.04.06 13:45:24.949,12.52958,12.53211,0.00,0.00
2017.04.06 13:45:25.115,12.52979,12.53211,0.00,0.00
2017.04.06 13:45:25.247,12.52952,12.53211,0.00,0.00
2017.04.06 13:45:25.355,12.52978,12.53211,0.00,0.00
2017.04.06 13:45:25.555,12.52952,12.53211,0.00,0.00
2017.04.06 13:45:25.610,12.53009,12.53211,0.00,0.00
2017.04.06 13:45:25.711,12.52988,12.53211,0.00,0.00
2017.04.06 13:45:25.907,12.52958,12.53211,0.00,0.00
2017.04.06 13:45:26.111,12.52968,12.53211,0.00,0.00
2017.04.06 13:45:26.212,12.52952,12.53211,0.00,0.00
2017.04.06 13:45:26.314,12.52978,12.53211,0.00,0.00
2017.04.06 13:45:26.404,12.52978,12.53242,0.00,0.00
2017.04.06 13:45:27.213,12.52978,12.53231,0.00,0.00
2017.04.06 13:45:27.443,12.52978,12.53242,0.00,0.00
2017.04.06 13:45:27.572,12.53078,12.53262,0.00,0.00
2017.04.06 13:45:27.623,12.53078,12.53272,0.00,0.00
2017.04.06 13:45:27.715,12.53078,12.53338,0.00,0.00
2017.04.06 13:45:27.814,12.53078,12.53322,0.00,0.00
2017.04.06 13:45:27.915,12.53078,12.53338,0.00,0.00
2017.04.06 13:45:28.229,12.53078,12.53322,0.00,0.00
2017.04.06 13:45:28.424,12.53078,12.53338,0.00,0.00
2017.04.06 13:45:29.128,12.53078,12.53321,0.00,0.00
2017.04.06 13:45:29.216,12.53078,12.53338,0.00,0.00
2017.04.06 13:45:29.422,12.53078,12.53321,0.00,0.00
2017.04.06 13:45:29.534,12.53078,12.53338,0.00,0.00
2017.04.06 13:45:29.584,12.53141,12.53352,0.00,0.00
2017.04.06 13:45:29.635,12.53141,12.53361,0.00,0.00
2017.04.06 13:45:29.685,12.53168,12.53361,0.00,0.00
2017.04.06 13:45:30.057,12.53118,12.53339,0.00,0.00
2017.04.06 13:45:30.108,12.53169,12.53402,0.00,0.00
2017.04.06 13:45:30.214,12.53169,12.53419,0.00,0.00
2017.04.06 13:45:30.627,12.53169,12.53412,0.00,0.00
2017.04.06 13:45:30.748,12.53169,12.53419,0.00,0.00
2017.04.06 13:45:30.909,12.53169,12.53429,0.00,0.00
2017.04.06 13:45:31.070,12.53169,12.53412,0.00,0.00
2017.04.06 13:45:31.226,12.53169,12.53429,0.00,0.00
2017.04.06 13:45:31.522,12.53169,12.53411,0.00,0.00
2017.04.06 13:45:31.626,12.53169,12.53429,0.00,0.00
2017.04.06 13:45:31.985,12.53268,12.53432,0.00,0.00
2017.04.06 13:45:32.036,12.53268,12.53478,0.00,0.00
2017.04.06 13:45:32.193,12.53252,12.53431,0.00,0.00
2017.04.06 13:45:32.244,12.53239,12.53431,0.00,0.00
2017.04.06 13:45:32.344,12.53199,12.53431,0.00,0.00
2017.04.06 13:45:32.502,12.53169,12.53411,0.00,0.00
2017.04.06 13:45:32.553,12.53169,12.53431,0.00,0.00
2017.04.06 13:45:32.761,12.53169,12.53412,0.00,0.00
2017.04.06 13:45:32.867,12.53169,12.53431,0.00,0.00
2017.04.06 13:45:33.151,12.53169,12.53411,0.00,0.00
2017.04.06 13:45:33.358,12.53169,12.53431,0.00,0.00
2017.04.06 13:45:33.461,12.53169,12.53422,0.00,0.00
2017.04.06 13:45:33.526,12.53169,12.53431,0.00,0.00
2017.04.06 13:45:33.866,12.53169,12.53421,0.00,0.00
2017.04.06 13:45:34.037,12.53169,12.53431,0.00,0.00
2017.04.06 13:45:34.478,12.53168,12.53379,0.00,0.00
2017.04.06 13:45:34.529,12.53138,12.53379,0.00,0.00
2017.04.06 13:45:34.579,12.53138,12.53338,0.00,0.00
2017.04.06 13:45:34.630,12.53119,12.53338,0.00,0.00
2017.04.06 13:45:34.736,12.53091,12.53338,0.00,0.00
2017.04.06 13:45:34.854,12.53091,12.53332,0.00,0.00
2017.04.06 13:45:35.066,12.53091,12.53338,0.00,0.00
2017.04.06 13:45:35.130,12.53091,12.53322,0.00,0.00
2017.04.06 13:45:35.180,12.53078,12.53322,0.00,0.00
2017.04.06 13:45:35.327,12.53078,12.53338,0.00,0.00
2017.04.06 13:45:35.378,12.53078,12.53322,0.00,0.00
2017.04.06 13:45:35.731,12.53078,12.53338,0.00,0.00
2017.04.06 13:45:36.079,12.53078,12.53322,0.00,0.00
2017.04.06 13:45:36.249,12.53078,12.53338,0.00,0.00
2017.04.06 13:45:36.360,12.53078,12.53322,0.00,0.00
2017.04.06 13:45:36.505,12.53078,12.53338,0.00,0.00
2017.04.06 13:45:36.633,12.53078,12.53321,0.00,0.00
2017.04.06 13:45:36.735,12.53078,12.53338,0.00,0.00
2017.04.06 13:45:36.837,12.53078,12.53322,0.00,0.00
2017.04.06 13:45:37.234,12.53078,12.53328,0.00,0.00
2017.04.06 13:45:37.378,12.53078,12.53322,0.00,0.00
2017.04.06 13:45:37.434,12.53078,12.53328,0.00,0.00
2017.04.06 13:45:37.558,12.53078,12.53322,0.00,0.00
2017.04.06 13:45:37.835,12.53078,12.53328,0.00,0.00
2017.04.06 13:45:38.676,12.53078,12.53311,0.00,0.00
2017.04.06 13:45:38.781,12.53078,12.53328,0.00,0.00
2017.04.06 13:45:38.945,12.53078,12.53321,0.00,0.00
2017.04.06 13:45:39.247,12.52979,12.53222,0.00,0.00
2017.04.06 13:45:39.438,12.52979,12.53228,0.00,0.00
2017.04.06 13:45:39.743,12.52979,12.53221,0.00,0.00
2017.04.06 13:45:40.045,12.53078,12.53319,0.00,0.00
2017.04.06 13:45:40.418,12.52991,12.53228,0.00,0.00
2017.04.06 13:45:40.909,12.52978,12.53228,0.00,0.00
2017.04.06 13:45:41.249,12.53028,12.53228,0.00,0.00
2017.04.06 13:45:41.475,12.52988,12.53228,0.00,0.00
2017.04.06 13:45:41.541,12.52979,12.53228,0.00,0.00
2017.04.06 13:45:41.813,12.53078,12.53228,0.00,0.00
2017.04.06 13:45:41.864,12.53078,12.53231,0.00,0.00
2017.04.06 13:45:41.965,12.53078,12.53262,0.00,0.00
2017.04.06 13:45:42.042,12.53078,12.53319,0.00,0.00
2017.04.06 13:45:42.144,12.53048,12.53228,0.00,0.00
2017.04.06 13:45:42.245,12.53018,12.53228,0.00,0.00
2017.04.06 13:45:42.361,12.52991,12.53228,0.00,0.00
2017.04.06 13:45:42.521,12.53028,12.53228,0.00,0.00
2017.04.06 13:45:42.672,12.53079,12.53341,0.00,0.00
2017.04.06 13:45:42.877,12.53079,12.53321,0.00,0.00
2017.04.06 13:45:42.944,12.53079,12.53341,0.00,0.00
2017.04.06 13:45:43.187,12.53108,12.53341,0.00,0.00
2017.04.06 13:45:43.244,12.53079,12.53341,0.00,0.00
2017.04.06 13:45:43.481,12.53161,12.53362,0.00,0.00
2017.04.06 13:45:43.545,12.53161,12.53392,0.00,0.00
2017.04.06 13:45:43.595,12.53178,12.53392,0.00,0.00
2017.04.06 13:45:43.646,12.53178,12.53419,0.00,0.00
2017.04.06 13:45:44.246,12.53178,12.53402,0.00,0.00
2017.04.06 13:45:44.683,12.53178,12.53421,0.00,0.00
2017.04.06 13:45:44.785,12.53178,12.53402,0.00,0.00
2017.04.06 13:45:44.847,12.53178,12.53432,0.00,0.00
2017.04.06 13:45:44.965,12.53178,12.53402,0.00,0.00
2017.04.06 13:45:46.097,12.53178,12.53432,0.00,0.00
2017.04.06 13:45:46.450,12.53178,12.53401,0.00,0.00
2017.04.06 13:45:46.857,12.53178,12.53431,0.00,0.00
2017.04.06 13:45:46.958,12.53178,12.53411,0.00,0.00
2017.04.06 13:45:47.163,12.53178,12.53421,0.00,0.00
2017.04.06 13:45:47.557,12.53178,12.53391,0.00,0.00
2017.04.06 13:45:47.659,12.53178,12.53431,0.00,0.00
2017.04.06 13:45:47.934,12.53161,12.53392,0.00,0.00
2017.04.06 13:45:48.253,12.53179,12.53422,0.00,0.00
2017.04.06 13:45:48.486,12.53179,12.53391,0.00,0.00
2017.04.06 13:45:48.589,12.53179,12.53422,0.00,0.00
2017.04.06 13:45:48.690,12.53179,12.53392,0.00,0.00
2017.04.06 13:45:48.754,12.53179,12.53422,0.00,0.00
2017.04.06 13:45:48.854,12.53179,12.53432,0.00,0.00
2017.04.06 13:45:49.278,12.53179,12.53402,0.00,0.00
2017.04.06 13:45:49.555,12.53179,12.53431,0.00,0.00
2017.04.06 13:45:49.858,12.53179,12.53412,0.00,0.00
2017.04.06 13:45:50.075,12.53179,12.53431,0.00,0.00
2017.04.06 13:45:50.199,12.53179,12.53402,0.00,0.00
2017.04.06 13:45:50.538,12.53179,12.53432,0.00,0.00
2017.04.06 13:45:50.692,12.53179,12.53402,0.00,0.00
2017.04.06 13:45:50.793,12.53179,12.53432,0.00,0.00
2017.04.06 13:45:50.904,12.53179,12.53441,0.00,0.00
2017.04.06 13:45:51.059,12.53179,12.53412,0.00,0.00
2017.04.06 13:45:51.360,12.53179,12.53441,0.00,0.00
2017.04.06 13:45:51.495,12.53179,12.53432,0.00,0.00
2017.04.06 13:45:51.560,12.53179,12.53441,0.00,0.00
2017.04.06 13:45:51.661,12.53179,12.53432,0.00,0.00
2017.04.06 13:45:51.760,12.53179,12.53441,0.00,0.00
2017.04.06 13:45:52.256,12.53278,12.53442,0.00,0.00
2017.04.06 13:45:52.408,12.53278,12.53452,0.00,0.00
2017.04.06 13:45:52.462,12.53319,12.53542,0.00,0.00
2017.04.06 13:45:52.563,12.53279,12.53531,0.00,0.00
2017.04.06 13:45:52.664,12.53279,12.53501,0.00,0.00
2017.04.06 13:45:53.002,12.53279,12.53522,0.00,0.00
2017.04.06 13:45:53.195,12.53279,12.53512,0.00,0.00
2017.04.06 13:45:53.296,12.53279,12.53521,0.00,0.00
2017.04.06 13:45:53.567,12.53279,12.53541,0.00,0.00
2017.04.06 13:45:53.727,12.53279,12.53528,0.00,0.00
2017.04.06 13:45:54.041,12.53279,12.53511,0.00,0.00
2017.04.06 13:45:54.092,12.53279,12.53522,0.00,0.00
2017.04.06 13:45:54.186,12.53279,12.53512,0.00,0.00
2017.04.06 13:45:54.407,12.53279,12.53528,0.00,0.00
2017.04.06 13:45:54.511,12.53279,12.53521,0.00,0.00
2017.04.06 13:45:54.808,12.53279,12.53528,0.00,0.00
2017.04.06 13:45:55.199,12.53279,12.53521,0.00,0.00
2017.04.06 13:45:55.598,12.53279,12.53501,0.00,0.00
2017.04.06 13:45:55.705,12.53279,12.53509,0.00,0.00
2017.04.06 13:45:55.973,12.53279,12.53501,0.00,0.00
2017.04.06 13:45:56.397,12.53279,12.53509,0.00,0.00
2017.04.06 13:45:57.011,12.53329,12.53542,0.00,0.00
2017.04.06 13:45:57.171,12.53379,12.53619,0.00,0.00
2017.04.06 13:45:57.576,12.53379,12.53602,0.00,0.00
2017.04.06 13:45:57.677,12.53379,12.53619,0.00,0.00
2017.04.06 13:45:57.806,12.53379,12.53602,0.00,0.00
2017.04.06 13:45:57.872,12.53379,12.53619,0.00,0.00
2017.04.06 13:45:57.997,12.53379,12.53601,0.00,0.00
2017.04.06 13:45:58.311,12.53379,12.53619,0.00,0.00
2017.04.06 13:45:58.675,12.53379,12.53592,0.00,0.00
2017.04.06 13:45:58.891,12.53379,12.53612,0.00,0.00
2017.04.06 13:45:59.005,12.53368,12.53619,0.00,0.00
2017.04.06 13:45:59.375,12.53368,12.53611,0.00,0.00
2017.04.06 13:45:59.797,12.53368,12.53592,0.00,0.00
2017.04.06 13:46:00.178,12.53469,12.53591,0.00,0.00
2017.04.06 13:46:00.229,12.53469,12.53631,0.00,0.00
2017.04.06 13:46:00.280,12.53469,12.53709,0.00,0.00
2017.04.06 13:46:00.380,12.53469,12.53698,0.00,0.00
2017.04.06 13:46:00.703,12.53469,12.53681,0.00,0.00
2017.04.06 13:46:00.918,12.53469,12.53688,0.00,0.00
2017.04.06 13:46:01.019,12.53469,12.53612,0.00,0.00
2017.04.06 13:46:01.079,12.53469,12.53682,0.00,0.00
2017.04.06 13:46:01.264,12.53469,12.53699,0.00,0.00
2017.04.06 13:46:01.481,12.53469,12.53692,0.00,0.00
2017.04.06 13:46:01.581,12.53469,12.53699,0.00,0.00
2017.04.06 13:46:01.959,12.53518,12.53699,0.00,0.00
2017.04.06 13:46:02.009,12.53518,12.53709,0.00,0.00
2017.04.06 13:46:02.110,12.53469,12.53709,0.00,0.00
2017.04.06 13:46:02.411,12.53469,12.53692,0.00,0.00
2017.04.06 13:46:02.611,12.53469,12.53709,0.00,0.00
2017.04.06 13:46:02.662,12.53519,12.53721,0.00,0.00
2017.04.06 13:46:02.713,12.53519,12.53732,0.00,0.00
2017.04.06 13:46:02.763,12.53569,12.53732,0.00,0.00
2017.04.06 13:46:02.914,12.53492,12.53699,0.00,0.00
2017.04.06 13:46:03.305,12.53518,12.53699,0.00,0.00
2017.04.06 13:46:03.356,12.53518,12.53701,0.00,0.00
2017.04.06 13:46:03.407,12.53518,12.53741,0.00,0.00
2017.04.06 13:46:03.457,12.53569,12.53741,0.00,0.00
2017.04.06 13:46:03.508,12.53569,12.53779,0.00,0.00
2017.04.06 13:46:03.733,12.53569,12.53771,0.00,0.00
2017.04.06 13:46:04.046,12.53599,12.53831,0.00,0.00
2017.04.06 13:46:04.096,12.53592,12.53822,0.00,0.00
2017.04.06 13:46:04.413,12.53592,12.53772,0.00,0.00
2017.04.06 13:46:04.492,12.53592,12.53791,0.00,0.00
2017.04.06 13:46:04.593,12.53569,12.53831,0.00,0.00
2017.04.06 13:46:04.718,12.53569,12.53812,0.00,0.00
2017.04.06 13:46:05.043,12.53569,12.53782,0.00,0.00
2017.04.06 13:46:05.334,12.53569,12.53812,0.00,0.00
2017.04.06 13:46:05.494,12.53569,12.53822,0.00,0.00
2017.04.06 13:46:05.606,12.53618,12.53842,0.00,0.00
2017.04.06 13:46:05.808,12.53668,12.53902,0.00,0.00
2017.04.06 13:46:06.024,12.53668,12.53892,0.00,0.00
2017.04.06 13:46:06.227,12.53668,12.53911,0.00,0.00
2017.04.06 13:46:06.442,12.53668,12.53872,0.00,0.00
2017.04.06 13:46:06.639,12.53668,12.53902,0.00,0.00
2017.04.06 13:46:06.827,12.53668,12.53881,0.00,0.00
2017.04.06 13:46:07.189,12.53668,12.53859,0.00,0.00
2017.04.06 13:46:07.351,12.53652,12.53859,0.00,0.00
2017.04.06 13:46:07.401,12.53652,12.53758,0.00,0.00
2017.04.06 13:46:07.560,12.53652,12.53832,0.00,0.00
2017.04.06 13:46:07.611,12.53669,12.53801,0.00,0.00
2017.04.06 13:46:07.730,12.53669,12.53859,0.00,0.00
2017.04.06 13:46:08.050,12.53718,12.53909,0.00,0.00
2017.04.06 13:46:08.101,12.53718,12.53931,0.00,0.00
2017.04.06 13:46:08.151,12.53769,12.53948,0.00,0.00
2017.04.06 13:46:08.354,12.53718,12.53948,0.00,0.00
2017.04.06 13:46:08.405,12.53718,12.53859,0.00,0.00
2017.04.06 13:46:08.506,12.53669,12.53859,0.00,0.00
2017.04.06 13:46:09.757,12.53769,12.53911,0.00,0.00
2017.04.06 13:46:09.916,12.53769,12.53959,0.00,0.00
2017.04.06 13:46:11.648,12.53818,12.53959,0.00,0.00
2017.04.06 13:46:11.755,12.53768,12.53959,0.00,0.00
2017.04.06 13:46:12.256,12.53768,12.53958,0.00,0.00
2017.04.06 13:46:12.312,12.53768,12.53951,0.00,0.00
2017.04.06 13:46:12.414,12.53768,12.53958,0.00,0.00
2017.04.06 13:46:12.686,12.53691,12.53858,0.00,0.00
2017.04.06 13:46:12.937,12.53671,12.53858,0.00,0.00
2017.04.06 13:46:13.752,12.53668,12.53858,0.00,0.00
2017.04.06 13:46:14.130,12.53668,12.53849,0.00,0.00
2017.04.06 13:46:17.556,12.53629,12.53758,0.00,0.00
2017.04.06 13:46:17.622,12.53618,12.53758,0.00,0.00
2017.04.06 13:46:17.673,12.53591,12.53758,0.00,0.00
2017.04.06 13:46:17.774,12.53768,12.53868,0.00,0.00
2017.04.06 13:46:17.824,12.53752,12.53852,0.00,0.00
2017.04.06 13:46:17.982,12.53768,12.53949,0.00,0.00
2017.04.06 13:46:19.441,12.53748,12.53858,0.00,0.00
2017.04.06 13:46:19.542,12.53688,12.53858,0.00,0.00
2017.04.06 13:46:19.630,12.53668,12.53858,0.00,0.00
2017.04.06 13:46:19.926,12.53639,12.53848,0.00,0.00
2017.04.06 13:46:19.977,12.53618,12.53758,0.00,0.00
2017.04.06 13:46:20.198,12.53568,12.53758,0.00,0.00
2017.04.06 13:46:20.249,12.53619,12.53842,0.00,0.00
2017.04.06 13:46:20.400,12.53669,12.53842,0.00,0.00
2017.04.06 13:46:20.451,12.53669,12.53849,0.00,0.00
2017.04.06 13:46:20.943,12.53619,12.53758,0.00,0.00
2017.04.06 13:46:21.100,12.53608,12.53749,0.00,0.00
2017.04.06 13:46:21.151,12.53568,12.53749,0.00,0.00
2017.04.06 13:46:21.343,12.53578,12.53749,0.00,0.00
2017.04.06 13:46:21.461,12.53568,12.53749,0.00,0.00
2017.04.06 13:46:23.888,12.53568,12.53739,0.00,0.00
2017.04.06 13:46:24.492,12.53568,12.53668,0.00,0.00
2017.04.06 13:46:24.543,12.53519,12.53648,0.00,0.00
2017.04.06 13:46:24.694,12.53468,12.53648,0.00,0.00
2017.04.06 13:46:24.843,12.53478,12.53648,0.00,0.00
2017.04.06 13:46:25.446,12.53478,12.53649,0.00,0.00
2017.04.06 13:46:25.648,12.53429,12.53639,0.00,0.00
2017.04.06 13:46:25.699,12.53429,12.53539,0.00,0.00
2017.04.06 13:46:25.799,12.53419,12.53539,0.00,0.00
2017.04.06 13:46:25.850,12.53348,12.53474,0.00,0.00
2017.04.06 13:46:25.901,12.53338,12.53448,0.00,0.00
2017.04.06 13:46:26.028,12.53279,12.53448,0.00,0.00
2017.04.06 13:46:27.602,12.53248,12.53348,0.00,0.00
2017.04.06 13:46:27.653,12.53228,12.53439,0.00,0.00
2017.04.06 13:46:27.849,12.53278,12.53439,0.00,0.00
2017.04.06 13:46:28.220,12.53259,12.53439,0.00,0.00
2017.04.06 13:46:28.324,12.53228,12.53438,0.00,0.00
2017.04.06 13:46:28.374,12.53278,12.53438,0.00,0.00
2017.04.06 13:46:28.551,12.53268,12.53438,0.00,0.00
2017.04.06 13:46:28.602,12.53288,12.53438,0.00,0.00
2017.04.06 13:46:28.654,12.53269,12.53438,0.00,0.00
2017.04.06 13:46:28.759,12.53229,12.53438,0.00,0.00
2017.04.06 13:46:28.989,12.53238,12.53438,0.00,0.00
2017.04.06 13:46:29.327,12.53288,12.53438,0.00,0.00
2017.04.06 13:46:29.377,12.53268,12.53438,0.00,0.00
2017.04.06 13:46:29.480,12.53288,12.53438,0.00,0.00
2017.04.06 13:46:29.649,12.53288,12.53538,0.00,0.00
2017.04.06 13:46:29.700,12.53299,12.53529,0.00,0.00
2017.04.06 13:46:30.006,12.53299,12.53538,0.00,0.00
2017.04.06 13:46:30.057,12.53288,12.53538,0.00,0.00
2017.04.06 13:46:30.108,12.53348,12.53488,0.00,0.00
2017.04.06 13:46:30.282,12.53348,12.53539,0.00,0.00
2017.04.06 13:46:30.383,12.53348,12.53499,0.00,0.00
2017.04.06 13:46:30.483,12.53288,12.53448,0.00,0.00
2017.04.06 13:46:30.590,12.53279,12.53448,0.00,0.00
2017.04.06 13:46:30.801,12.53269,12.53429,0.00,0.00
2017.04.06 13:46:31.003,12.53198,12.53388,0.00,0.00
2017.04.06 13:46:31.053,12.53198,12.53349,0.00,0.00
2017.04.06 13:46:31.219,12.53178,12.53349,0.00,0.00
2017.04.06 13:46:31.270,12.53238,12.53349,0.00,0.00
2017.04.06 13:46:31.371,12.53188,12.53349,0.00,0.00
2017.04.06 13:46:31.502,12.53198,12.53349,0.00,0.00
2017.04.06 13:46:31.553,12.53198,12.53388,0.00,0.00
2017.04.06 13:46:31.654,12.53208,12.53439,0.00,0.00
2017.04.06 13:46:31.704,12.53269,12.53439,0.00,0.00
2017.04.06 13:46:31.805,12.53309,12.53538,0.00,0.00
2017.04.06 13:46:31.906,12.53328,12.53538,0.00,0.00
2017.04.06 13:46:32.272,12.53248,12.53448,0.00,0.00
2017.04.06 13:46:32.373,12.53239,12.53448,0.00,0.00
2017.04.06 13:46:32.669,12.53249,12.53448,0.00,0.00
2017.04.06 13:46:32.870,12.53238,12.53448,0.00,0.00
2017.04.06 13:46:33.317,12.53259,12.53448,0.00,0.00
2017.04.06 13:46:33.707,12.53298,12.53448,0.00,0.00
2017.04.06 13:46:33.771,12.53238,12.53448,0.00,0.00
2017.04.06 13:46:33.874,12.53279,12.53539,0.00,0.00
2017.04.06 13:46:33.977,12.53318,12.53539,0.00,0.00
2017.04.06 13:46:34.328,12.53359,12.53539,0.00,0.00
2017.04.06 13:46:34.588,12.53309,12.53538,0.00,0.00
2017.04.06 13:46:34.694,12.53319,12.53538,0.00,0.00
2017.04.06 13:46:35.078,12.53308,12.53459,0.00,0.00
2017.04.06 13:46:35.246,12.53258,12.53459,0.00,0.00
2017.04.06 13:46:35.354,12.53239,12.53459,0.00,0.00
2017.04.06 13:46:35.626,12.53268,12.53459,0.00,0.00
2017.04.06 13:46:35.785,12.53228,12.53459,0.00,0.00
2017.04.06 13:46:35.892,12.53259,12.53459,0.00,0.00
2017.04.06 13:46:35.978,12.53238,12.53459,0.00,0.00
2017.04.06 13:46:36.079,12.53248,12.53459,0.00,0.00
2017.04.06 13:46:36.178,12.53238,12.53459,0.00,0.00
2017.04.06 13:46:36.278,12.53269,12.53459,0.00,0.00
2017.04.06 13:46:36.394,12.53259,12.53459,0.00,0.00
2017.04.06 13:46:36.503,12.53239,12.53459,0.00,0.00
2017.04.06 13:46:36.881,12.53228,12.53459,0.00,0.00
2017.04.06 13:46:37.001,12.53278,12.53459,0.00,0.00
2017.04.06 13:46:37.102,12.53268,12.53459,0.00,0.00
2017.04.06 13:46:37.207,12.53228,12.53459,0.00,0.00
2017.04.06 13:46:37.320,12.53218,12.53459,0.00,0.00
2017.04.06 13:46:37.490,12.53209,12.53459,0.00,0.00
2017.04.06 13:46:37.647,12.53208,12.53438,0.00,0.00
2017.04.06 13:46:38.046,12.53248,12.53438,0.00,0.00
2017.04.06 13:46:38.096,12.53238,12.53438,0.00,0.00
2017.04.06 13:46:38.208,12.53208,12.53438,0.00,0.00
2017.04.06 13:46:38.315,12.53219,12.53438,0.00,0.00
2017.04.06 13:46:38.736,12.53248,12.53438,0.00,0.00
2017.04.06 13:46:38.856,12.53248,12.53449,0.00,0.00
2017.04.06 13:46:38.907,12.53259,12.53449,0.00,0.00
2017.04.06 13:46:39.188,12.53249,12.53449,0.00,0.00
2017.04.06 13:46:39.330,12.53228,12.53449,0.00,0.00
2017.04.06 13:46:39.515,12.53218,12.53449,0.00,0.00
2017.04.06 13:46:39.789,12.53229,12.53449,0.00,0.00
2017.04.06 13:46:40.028,12.53218,12.53449,0.00,0.00
2017.04.06 13:46:40.591,12.53229,12.53449,0.00,0.00
2017.04.06 13:46:40.915,12.53209,12.53449,0.00,0.00
2017.04.06 13:46:41.244,12.53239,12.53449,0.00,0.00
2017.04.06 13:46:41.519,12.53208,12.53449,0.00,0.00
2017.04.06 13:46:41.620,12.53248,12.53449,0.00,0.00
2017.04.06 13:46:41.800,12.53219,12.53449,0.00,0.00
2017.04.06 13:46:41.904,12.53248,12.53449,0.00,0.00
2017.04.06 13:46:42.095,12.53228,12.53449,0.00,0.00
2017.04.06 13:46:42.196,12.53219,12.53449,0.00,0.00
2017.04.06 13:46:42.297,12.53209,12.53469,0.00,0.00
2017.04.06 13:46:42.418,12.53238,12.53469,0.00,0.00
2017.04.06 13:46:42.629,12.53228,12.53469,0.00,0.00
2017.04.06 13:46:42.875,12.53248,12.53469,0.00,0.00
2017.04.06 13:46:43.102,12.53218,12.53469,0.00,0.00
2017.04.06 13:46:43.217,12.53248,12.53469,0.00,0.00
2017.04.06 13:46:43.320,12.53218,12.53469,0.00,0.00
2017.04.06 13:46:43.422,12.53209,12.53469,0.00,0.00
2017.04.06 13:46:43.700,12.53218,12.53469,0.00,0.00
2017.04.06 13:46:44.148,12.53218,12.53419,0.00,0.00
2017.04.06 13:46:44.249,12.53198,12.53419,0.00,0.00
2017.04.06 13:46:44.493,12.53208,12.53468,0.00,0.00
2017.04.06 13:46:44.645,12.53238,12.53468,0.00,0.00
2017.04.06 13:46:44.930,12.53228,12.53468,0.00,0.00
2017.04.06 13:46:45.031,12.53209,12.53468,0.00,0.00
2017.04.06 13:46:45.139,12.53218,12.53468,0.00,0.00
2017.04.06 13:46:45.205,12.53208,12.53468,0.00,0.00
2017.04.06 13:46:45.433,12.53238,12.53468,0.00,0.00
2017.04.06 13:46:45.563,12.53209,12.53468,0.00,0.00
2017.04.06 13:46:45.614,12.53238,12.53468,0.00,0.00
2017.04.06 13:46:45.718,12.53208,12.53468,0.00,0.00
2017.04.06 13:46:45.849,12.53238,12.53419,0.00,0.00
2017.04.06 13:46:46.050,12.53138,12.53379,0.00,0.00
2017.04.06 13:46:46.109,12.53178,12.53379,0.00,0.00
2017.04.06 13:46:46.214,12.53128,12.53379,0.00,0.00
2017.04.06 13:46:46.712,12.53139,12.53379,0.00,0.00
2017.04.06 13:46:46.953,12.53129,12.53379,0.00,0.00
2017.04.06 13:46:47.013,12.53178,12.53379,0.00,0.00
2017.04.06 13:46:47.117,12.53168,12.53379,0.00,0.00
2017.04.06 13:46:47.168,12.53168,12.53419,0.00,0.00
2017.04.06 13:46:47.218,12.53218,12.53389,0.00,0.00
2017.04.06 13:46:47.321,12.53178,12.53389,0.00,0.00
2017.04.06 13:46:47.422,12.53188,12.53429,0.00,0.00
2017.04.06 13:46:47.525,12.53218,12.53429,0.00,0.00
2017.04.06 13:46:47.745,12.53148,12.53389,0.00,0.00
2017.04.06 13:46:47.900,12.53168,12.53428,0.00,0.00
2017.04.06 13:46:47.951,12.53208,12.53388,0.00,0.00
2017.04.06 13:46:48.052,12.53178,12.53388,0.00,0.00
2017.04.06 13:46:48.118,12.53138,12.53388,0.00,0.00
2017.04.06 13:46:48.339,12.53148,12.53388,0.00,0.00
2017.04.06 13:46:48.468,12.53119,12.53388,0.00,0.00
2017.04.06 13:46:48.643,12.53158,12.53388,0.00,0.00
2017.04.06 13:46:48.745,12.53119,12.53388,0.00,0.00
2017.04.06 13:46:49.166,12.53148,12.53388,0.00,0.00
2017.04.06 13:46:49.524,12.53168,12.53388,0.00,0.00
2017.04.06 13:46:49.725,12.53139,12.53388,0.00,0.00
2017.04.06 13:46:49.825,12.53168,12.53388,0.00,0.00
2017.04.06 13:46:49.926,12.53148,12.53388,0.00,0.00
2017.04.06 13:46:50.457,12.53169,12.53388,0.00,0.00
2017.04.06 13:46:50.528,12.53129,12.53388,0.00,0.00
2017.04.06 13:46:51.056,12.53139,12.53388,0.00,0.00
2017.04.06 13:46:51.233,12.53128,12.53388,0.00,0.00
2017.04.06 13:46:51.334,12.53119,12.53388,0.00,0.00
2017.04.06 13:46:51.577,12.53158,12.53388,0.00,0.00
2017.04.06 13:46:51.833,12.53138,12.53388,0.00,0.00
2017.04.06 13:46:52.012,12.53158,12.53388,0.00,0.00
2017.04.06 13:46:52.063,12.53138,12.53388,0.00,0.00
2017.04.06 13:46:52.750,12.53128,12.53388,0.00,0.00
2017.04.06 13:46:52.801,12.53169,12.53388,0.00,0.00
2017.04.06 13:46:52.851,12.53169,12.53439,0.00,0.00
2017.04.06 13:46:52.953,12.53208,12.53449,0.00,0.00
2017.04.06 13:46:53.111,12.53219,12.53492,0.00,0.00
2017.04.06 13:46:53.164,12.53219,12.53481,0.00,0.00
2017.04.06 13:46:53.440,12.53219,12.53492,0.00,0.00
2017.04.06 13:46:53.640,12.53248,12.53498,0.00,0.00
2017.04.06 13:46:54.040,12.53219,12.53498,0.00,0.00
2017.04.06 13:46:54.141,12.53238,12.53498,0.00,0.00
2017.04.06 13:46:54.445,12.53328,12.53572,0.00,0.00
2017.04.06 13:46:54.496,12.53328,12.53599,0.00,0.00
2017.04.06 13:46:54.624,12.53318,12.53592,0.00,0.00
2017.04.06 13:46:54.675,12.53338,12.53599,0.00,0.00
2017.04.06 13:46:55.147,12.53319,12.53599,0.00,0.00
2017.04.06 13:46:55.244,12.53318,12.53591,0.00,0.00
2017.04.06 13:46:55.563,12.53318,12.53582,0.00,0.00
2017.04.06 13:46:55.848,12.53318,12.53591,0.00,0.00
2017.04.06 13:46:55.899,12.53369,12.53591,0.00,0.00
2017.04.06 13:46:56.070,12.53418,12.53702,0.00,0.00
2017.04.06 13:46:56.466,12.53418,12.53691,0.00,0.00
2017.04.06 13:46:56.861,12.53419,12.53701,0.00,0.00
2017.04.06 13:46:56.986,12.53418,12.53672,0.00,0.00
2017.04.06 13:46:57.098,12.53419,12.53701,0.00,0.00
2017.04.06 13:46:57.276,12.53418,12.53672,0.00,0.00
2017.04.06 13:46:57.627,12.53388,12.53618,0.00,0.00
2017.04.06 13:46:57.778,12.53322,12.53592,0.00,0.00
2017.04.06 13:46:58.099,12.53339,12.53618,0.00,0.00
2017.04.06 13:46:58.280,12.53322,12.53592,0.00,0.00
2017.04.06 13:46:58.356,12.53338,12.53618,0.00,0.00
2017.04.06 13:46:58.694,12.53348,12.53618,0.00,0.00
2017.04.06 13:46:58.856,12.53338,12.53618,0.00,0.00
2017.04.06 13:46:59.028,12.53348,12.53618,0.00,0.00
2017.04.06 13:46:59.395,12.53322,12.53601,0.00,0.00
2017.04.06 13:46:59.683,12.53348,12.53618,0.00,0.00
2017.04.06 13:47:00.049,12.53322,12.53591,0.00,0.00
2017.04.06 13:47:00.099,12.53329,12.53611,0.00,0.00
2017.04.06 13:47:00.208,12.53348,12.53599,0.00,0.00
2017.04.06 13:47:00.461,12.53338,12.53599,0.00,0.00
2017.04.06 13:47:00.685,12.53319,12.53599,0.00,0.00
2017.04.06 13:47:00.813,12.53349,12.53599,0.00,0.00
2017.04.06 13:47:00.962,12.53429,12.53688,0.00,0.00
2017.04.06 13:47:01.256,12.53468,12.53698,0.00,0.00
2017.04.06 13:47:01.508,12.53528,12.53789,0.00,0.00
2017.04.06 13:47:01.687,12.53489,12.53689,0.00,0.00
2017.04.06 13:47:01.788,12.53518,12.53768,0.00,0.00
2017.04.06 13:47:01.888,12.53518,12.53689,0.00,0.00
2017.04.06 13:47:01.939,12.53438,12.53689,0.00,0.00
2017.04.06 13:47:01.989,12.53519,12.53689,0.00,0.00
2017.04.06 13:47:02.090,12.53468,12.53689,0.00,0.00
2017.04.06 13:47:02.267,12.53428,12.53689,0.00,0.00
2017.04.06 13:47:02.467,12.53418,12.53689,0.00,0.00
2017.04.06 13:47:02.628,12.53418,12.53589,0.00,0.00
2017.04.06 13:47:02.678,12.53418,12.53661,0.00,0.00
2017.04.06 13:47:02.729,12.53418,12.53669,0.00,0.00
2017.04.06 13:47:02.780,12.53408,12.53669,0.00,0.00
2017.04.06 13:47:02.880,12.53408,12.53662,0.00,0.00
2017.04.06 13:47:03.269,12.53439,12.53669,0.00,0.00
2017.04.06 13:47:03.370,12.53429,12.53669,0.00,0.00
2017.04.06 13:47:03.472,12.53449,12.53669,0.00,0.00
2017.04.06 13:47:03.576,12.53408,12.53669,0.00,0.00
2017.04.06 13:47:03.909,12.53438,12.53669,0.00,0.00
2017.04.06 13:47:04.010,12.53408,12.53669,0.00,0.00
2017.04.06 13:47:04.115,12.53438,12.53669,0.00,0.00
2017.04.06 13:47:04.373,12.53318,12.53588,0.00,0.00
2017.04.06 13:47:04.423,12.53318,12.53489,0.00,0.00
2017.04.06 13:47:04.617,12.53318,12.53569,0.00,0.00
2017.04.06 13:47:04.668,12.53309,12.53569,0.00,0.00
2017.04.06 13:47:04.718,12.53318,12.53569,0.00,0.00
2017.04.06 13:47:05.070,12.53358,12.53579,0.00,0.00
2017.04.06 13:47:05.226,12.53381,12.53642,0.00,0.00
2017.04.06 13:47:05.410,12.53409,12.53642,0.00,0.00
2017.04.06 13:47:05.460,12.53428,12.53689,0.00,0.00
2017.04.06 13:47:05.511,12.53438,12.53689,0.00,0.00
2017.04.06 13:47:05.576,12.53409,12.53689,0.00,0.00
2017.04.06 13:47:05.677,12.53438,12.53689,0.00,0.00
2017.04.06 13:47:06.098,12.53429,12.53689,0.00,0.00
2017.04.06 13:47:06.211,12.53449,12.53689,0.00,0.00
2017.04.06 13:47:06.312,12.53438,12.53689,0.00,0.00
2017.04.06 13:47:06.378,12.53459,12.53689,0.00,0.00
2017.04.06 13:47:06.585,12.53418,12.53689,0.00,0.00
2017.04.06 13:47:06.797,12.53409,12.53689,0.00,0.00
2017.04.06 13:47:06.879,12.53418,12.53689,0.00,0.00
2017.04.06 13:47:07.147,12.53409,12.53689,0.00,0.00
2017.04.06 13:47:07.393,12.53428,12.53689,0.00,0.00
2017.04.06 13:47:07.518,12.53409,12.53689,0.00,0.00
2017.04.06 13:47:07.681,12.53438,12.53689,0.00,0.00
2017.04.06 13:47:07.789,12.53409,12.53689,0.00,0.00
2017.04.06 13:47:07.934,12.53449,12.53689,0.00,0.00
2017.04.06 13:47:08.103,12.53438,12.53689,0.00,0.00
2017.04.06 13:47:08.221,12.53419,12.53689,0.00,0.00
2017.04.06 13:47:08.322,12.53449,12.53689,0.00,0.00
2017.04.06 13:47:08.429,12.53418,12.53689,0.00,0.00
2017.04.06 13:47:08.482,12.53409,12.53682,0.00,0.00
2017.04.06 13:47:08.611,12.53409,12.53689,0.00,0.00
2017.04.06 13:47:08.716,12.53448,12.53689,0.00,0.00
2017.04.06 13:47:08.834,12.53492,12.53742,0.00,0.00
2017.04.06 13:47:09.149,12.53528,12.53688,0.00,0.00
2017.04.06 13:47:09.201,12.53519,12.53688,0.00,0.00
2017.04.06 13:47:09.302,12.53488,12.53688,0.00,0.00
2017.04.06 13:47:09.434,12.53409,12.53688,0.00,0.00
2017.04.06 13:47:09.786,12.53419,12.53688,0.00,0.00
2017.04.06 13:47:10.088,12.53509,12.53788,0.00,0.00
2017.04.06 13:47:10.487,12.53508,12.53782,0.00,0.00
2017.04.06 13:47:10.621,12.53508,12.53789,0.00,0.00
2017.04.06 13:47:10.988,12.53508,12.53782,0.00,0.00
2017.04.06 13:47:11.090,12.53518,12.53798,0.00,0.00
2017.04.06 13:47:11.196,12.53512,12.53772,0.00,0.00
2017.04.06 13:47:11.537,12.53609,12.53802,0.00,0.00
2017.04.06 13:47:11.588,12.53518,12.53799,0.00,0.00
2017.04.06 13:47:11.639,12.53551,12.53811,0.00,0.00
2017.04.06 13:47:11.689,12.53558,12.53831,0.00,0.00
2017.04.06 13:47:11.740,12.53568,12.53849,0.00,0.00
2017.04.06 13:47:11.906,12.53549,12.53799,0.00,0.00
2017.04.06 13:47:12.007,12.53609,12.53861,0.00,0.00
2017.04.06 13:47:12.107,12.53609,12.53841,0.00,0.00
2017.04.06 13:47:12.239,12.53619,12.53889,0.00,0.00
2017.04.06 13:47:12.294,12.53628,12.53889,0.00,0.00
2017.04.06 13:47:12.443,12.53609,12.53889,0.00,0.00
2017.04.06 13:47:12.494,12.53628,12.53889,0.00,0.00
2017.04.06 13:47:12.845,12.53648,12.53889,0.00,0.00
2017.04.06 13:47:12.946,12.53629,12.53889,0.00,0.00
2017.04.06 13:47:13.057,12.53609,12.53879,0.00,0.00
2017.04.06 13:47:13.222,12.53639,12.53879,0.00,0.00
2017.04.06 13:47:13.542,12.53618,12.53879,0.00,0.00
2017.04.06 13:47:13.735,12.53608,12.53861,0.00,0.00
2017.04.06 13:47:13.921,12.53609,12.53869,0.00,0.00
2017.04.06 13:47:13.972,12.53609,12.53861,0.00,0.00
2017.04.06 13:47:14.023,12.53609,12.53869,0.00,0.00
2017.04.06 13:47:14.198,12.53618,12.53869,0.00,0.00
2017.04.06 13:47:14.499,12.53609,12.53869,0.00,0.00
2017.04.06 13:47:14.787,12.53599,12.53789,0.00,0.00
2017.04.06 13:47:14.888,12.53629,12.53879,0.00,0.00
2017.04.06 13:47:14.960,12.53638,12.53879,0.00,0.00
2017.04.06 13:47:15.010,12.53609,12.53862,0.00,0.00
2017.04.06 13:47:15.246,12.53639,12.53829,0.00,0.00
2017.04.06 13:47:15.347,12.53579,12.53778,0.00,0.00
2017.04.06 13:47:15.401,12.53568,12.53778,0.00,0.00
2017.04.06 13:47:15.502,12.53549,12.53778,0.00,0.00
2017.04.06 13:47:15.603,12.53558,12.53778,0.00,0.00
2017.04.06 13:47:15.653,12.53571,12.53831,0.00,0.00
2017.04.06 13:47:15.704,12.53578,12.53862,0.00,0.00
2017.04.06 13:47:15.755,12.53608,12.53862,0.00,0.00
2017.04.06 13:47:15.805,12.53608,12.53869,0.00,0.00
2017.04.06 13:47:15.908,12.53628,12.53869,0.00,0.00
2017.04.06 13:47:15.958,12.53628,12.53879,0.00,0.00
2017.04.06 13:47:16.009,12.53608,12.53879,0.00,0.00
2017.04.06 13:47:16.246,12.53649,12.53879,0.00,0.00
2017.04.06 13:47:16.430,12.53639,12.53879,0.00,0.00
2017.04.06 13:47:16.506,12.53609,12.53879,0.00,0.00
2017.04.06 13:47:16.741,12.53628,12.53879,0.00,0.00
2017.04.06 13:47:16.844,12.53608,12.53879,0.00,0.00
2017.04.06 13:47:16.950,12.53608,12.53871,0.00,0.00
2017.04.06 13:47:17.007,12.53608,12.53879,0.00,0.00
2017.04.06 13:47:17.114,12.53638,12.53879,0.00,0.00
2017.04.06 13:47:17.337,12.53608,12.53879,0.00,0.00
2017.04.06 13:47:17.445,12.53628,12.53879,0.00,0.00
2017.04.06 13:47:17.782,12.53638,12.53879,0.00,0.00
2017.04.06 13:47:17.833,12.53609,12.53879,0.00,0.00
2017.04.06 13:47:17.911,12.53659,12.53879,0.00,0.00
2017.04.06 13:47:18.139,12.53639,12.53879,0.00,0.00
2017.04.06 13:47:18.308,12.53658,12.53888,0.00,0.00
2017.04.06 13:47:18.361,12.53608,12.53888,0.00,0.00
2017.04.06 13:47:18.413,12.53668,12.53888,0.00,0.00
2017.04.06 13:47:18.518,12.53648,12.53888,0.00,0.00
2017.04.06 13:47:18.614,12.53628,12.53888,0.00,0.00
2017.04.06 13:47:18.715,12.53678,12.53888,0.00,0.00
2017.04.06 13:47:18.814,12.53658,12.53888,0.00,0.00
2017.04.06 13:47:18.920,12.53629,12.53888,0.00,0.00
2017.04.06 13:47:19.115,12.53658,12.53888,0.00,0.00
2017.04.06 13:47:19.508,12.53709,12.53952,0.00,0.00
2017.04.06 13:47:19.660,12.53718,12.53969,0.00,0.00
2017.04.06 13:47:19.761,12.53718,12.53889,0.00,0.00
2017.04.06 13:47:20.055,12.53639,12.53879,0.00,0.00
2017.04.06 13:47:20.164,12.53608,12.53862,0.00,0.00
2017.04.06 13:47:20.265,12.53608,12.53879,0.00,0.00
2017.04.06 13:47:20.316,12.53608,12.53779,0.00,0.00
2017.04.06 13:47:20.366,12.53578,12.53779,0.00,0.00
2017.04.06 13:47:20.469,12.53589,12.53779,0.00,0.00
2017.04.06 13:47:20.630,12.53589,12.53811,0.00,0.00
2017.04.06 13:47:20.681,12.53538,12.53778,0.00,0.00
2017.04.06 13:47:20.731,12.53599,12.53778,0.00,0.00
2017.04.06 13:47:20.839,12.53558,12.53789,0.00,0.00
2017.04.06 13:47:20.890,12.53558,12.53799,0.00,0.00
2017.04.06 13:47:20.991,12.53559,12.53812,0.00,0.00
2017.04.06 13:47:21.041,12.53559,12.53802,0.00,0.00
2017.04.06 13:47:21.092,12.53518,12.53799,0.00,0.00
2017.04.06 13:47:21.142,12.53598,12.53799,0.00,0.00
2017.04.06 13:47:21.193,12.53598,12.53811,0.00,0.00
2017.04.06 13:47:21.243,12.53588,12.53799,0.00,0.00
2017.04.06 13:47:21.294,12.53588,12.53812,0.00,0.00
2017.04.06 13:47:21.398,12.53559,12.53812,0.00,0.00
2017.04.06 13:47:21.499,12.53608,12.53841,0.00,0.00
2017.04.06 13:47:21.549,12.53609,12.53879,0.00,0.00
2017.04.06 13:47:21.653,12.53608,12.53852,0.00,0.00
2017.04.06 13:47:21.869,12.53618,12.53879,0.00,0.00
2017.04.06 13:47:21.920,12.53618,12.53869,0.00,0.00
2017.04.06 13:47:22.036,12.53608,12.53869,0.00,0.00
2017.04.06 13:47:22.157,12.53628,12.53869,0.00,0.00
2017.04.06 13:47:22.262,12.53608,12.53869,0.00,0.00
2017.04.06 13:47:22.424,12.53619,12.53869,0.00,0.00
2017.04.06 13:47:22.545,12.53608,12.53869,0.00,0.00
2017.04.06 13:47:22.595,12.53588,12.53788,0.00,0.00
2017.04.06 13:47:22.746,12.53529,12.53788,0.00,0.00
2017.04.06 13:47:23.266,12.53548,12.53788,0.00,0.00
2017.04.06 13:47:23.469,12.53508,12.53768,0.00,0.00
2017.04.06 13:47:23.729,12.53539,12.53768,0.00,0.00
2017.04.06 13:47:23.975,12.53508,12.53768,0.00,0.00
2017.04.06 13:47:24.076,12.53558,12.53768,0.00,0.00
2017.04.06 13:47:24.232,12.53529,12.53768,0.00,0.00
2017.04.06 13:47:24.459,12.53508,12.53768,0.00,0.00
2017.04.06 13:47:24.510,12.53558,12.53768,0.00,0.00
2017.04.06 13:47:24.561,12.53548,12.53768,0.00,0.00
2017.04.06 13:47:24.671,12.53548,12.53779,0.00,0.00
2017.04.06 13:47:24.733,12.53519,12.53779,0.00,0.00
2017.04.06 13:47:24.783,12.53581,12.53801,0.00,0.00
2017.04.06 13:47:24.834,12.53581,12.53842,0.00,0.00
2017.04.06 13:47:24.938,12.53608,12.53828,0.00,0.00
2017.04.06 13:47:25.240,12.53568,12.53812,0.00,0.00
2017.04.06 13:47:25.341,12.53558,12.53829,0.00,0.00
2017.04.06 13:47:25.461,12.53578,12.53789,0.00,0.00
2017.04.06 13:47:25.564,12.53609,12.53869,0.00,0.00
2017.04.06 13:47:25.615,12.53609,12.53828,0.00,0.00
2017.04.06 13:47:25.716,12.53569,12.53828,0.00,0.00
2017.04.06 13:47:25.766,12.53608,12.53828,0.00,0.00
2017.04.06 13:47:25.949,12.53609,12.53869,0.00,0.00
2017.04.06 13:47:26.051,12.53609,12.53852,0.00,0.00
2017.04.06 13:47:26.102,12.53581,12.53852,0.00,0.00
2017.04.06 13:47:26.152,12.53608,12.53829,0.00,0.00
2017.04.06 13:47:26.357,12.53559,12.53828,0.00,0.00
2017.04.06 13:47:26.438,12.53589,12.53828,0.00,0.00
2017.04.06 13:47:26.690,12.53539,12.53788,0.00,0.00
2017.04.06 13:47:26.841,12.53548,12.53788,0.00,0.00
2017.04.06 13:47:27.170,12.53579,12.53788,0.00,0.00
2017.04.06 13:47:27.394,12.53529,12.53788,0.00,0.00
2017.04.06 13:47:27.498,12.53558,12.53788,0.00,0.00
2017.04.06 13:47:27.649,12.53609,12.53842,0.00,0.00
2017.04.06 13:47:27.771,12.53619,12.53868,0.00,0.00
2017.04.06 13:47:27.843,12.53609,12.53868,0.00,0.00
2017.04.06 13:47:27.894,12.53609,12.53811,0.00,0.00
2017.04.06 13:47:27.944,12.53578,12.53789,0.00,0.00
2017.04.06 13:47:28.045,12.53609,12.53868,0.00,0.00
2017.04.06 13:47:28.108,12.53609,12.53858,0.00,0.00
2017.04.06 13:47:28.430,12.53618,12.53859,0.00,0.00
2017.04.06 13:47:28.480,12.53578,12.53859,0.00,0.00
2017.04.06 13:47:28.531,12.53608,12.53859,0.00,0.00
2017.04.06 13:47:29.067,12.53609,12.53859,0.00,0.00
2017.04.06 13:47:29.398,12.53569,12.53819,0.00,0.00
2017.04.06 13:47:29.449,12.53558,12.53819,0.00,0.00
2017.04.06 13:47:29.673,12.53568,12.53819,0.00,0.00
2017.04.06 13:47:29.987,12.53598,12.53779,0.00,0.00
2017.04.06 13:47:30.087,12.53559,12.53779,0.00,0.00
2017.04.06 13:47:30.189,12.53538,12.53779,0.00,0.00
2017.04.06 13:47:30.289,12.53571,12.53822,0.00,0.00
2017.04.06 13:47:30.390,12.53608,12.53872,0.00,0.00
2017.04.06 13:47:30.441,12.53612,12.53872,0.00,0.00
2017.04.06 13:47:30.491,12.53618,12.53898,0.00,0.00
2017.04.06 13:47:30.699,12.53612,12.53861,0.00,0.00
2017.04.06 13:47:30.800,12.53612,12.53881,0.00,0.00
2017.04.06 13:47:30.852,12.53612,12.53891,0.00,0.00
2017.04.06 13:47:30.953,12.53628,12.53898,0.00,0.00
2017.04.06 13:47:31.269,12.53638,12.53889,0.00,0.00
2017.04.06 13:47:31.453,12.53608,12.53882,0.00,0.00
2017.04.06 13:47:31.562,12.53638,12.53889,0.00,0.00
2017.04.06 13:47:31.902,12.53608,12.53889,0.00,0.00
2017.04.06 13:47:32.004,12.53628,12.53889,0.00,0.00
2017.04.06 13:47:32.057,12.53608,12.53889,0.00,0.00
2017.04.06 13:47:32.418,12.53639,12.53889,0.00,0.00
2017.04.06 13:47:32.468,12.53609,12.53889,0.00,0.00
2017.04.06 13:47:32.598,12.53629,12.53889,0.00,0.00
2017.04.06 13:47:32.658,12.53609,12.53889,0.00,0.00
2017.04.06 13:47:32.758,12.53629,12.53889,0.00,0.00
2017.04.06 13:47:32.909,12.53609,12.53889,0.00,0.00
2017.04.06 13:47:33.207,12.53629,12.53889,0.00,0.00
2017.04.06 13:47:33.761,12.53628,12.53889,0.00,0.00
2017.04.06 13:47:34.072,12.53558,12.53799,0.00,0.00
2017.04.06 13:47:34.394,12.53578,12.53799,0.00,0.00
2017.04.06 13:47:34.911,12.53579,12.53799,0.00,0.00
2017.04.06 13:47:35.579,12.53578,12.53799,0.00,0.00
2017.04.06 13:47:36.220,12.53578,12.53789,0.00,0.00
2017.04.06 13:47:37.226,12.53629,12.53789,0.00,0.00
2017.04.06 13:47:37.277,12.53629,12.53881,0.00,0.00
2017.04.06 13:47:37.386,12.53679,12.53889,0.00,0.00
2017.04.06 13:47:37.523,12.53578,12.53789,0.00,0.00
2017.04.06 13:47:37.624,12.53628,12.53832,0.00,0.00
2017.04.06 13:47:37.677,12.53629,12.53878,0.00,0.00
2017.04.06 13:47:37.778,12.53678,12.53899,0.00,0.00
2017.04.06 13:47:38.782,12.53678,12.53882,0.00,0.00
2017.04.06 13:47:38.908,12.53678,12.53899,0.00,0.00
2017.04.06 13:47:39.011,12.53678,12.53882,0.00,0.00
2017.04.06 13:47:39.062,12.53598,12.53841,0.00,0.00
2017.04.06 13:47:39.169,12.53629,12.53849,0.00,0.00
2017.04.06 13:47:39.320,12.53578,12.53809,0.00,0.00
2017.04.06 13:47:39.737,12.53589,12.53809,0.00,0.00
2017.04.06 13:47:39.788,12.53579,12.53809,0.00,0.00
2017.04.06 13:47:39.987,12.53588,12.53809,0.00,0.00
2017.04.06 13:47:40.308,12.53628,12.53809,0.00,0.00
2017.04.06 13:47:40.358,12.53599,12.53809,0.00,0.00
2017.04.06 13:47:40.409,12.53579,12.53809,0.00,0.00
2017.04.06 13:47:40.537,12.53589,12.53809,0.00,0.00
2017.04.06 13:47:40.588,12.53579,12.53809,0.00,0.00
2017.04.06 13:47:40.829,12.53588,12.53809,0.00,0.00
2017.04.06 13:47:41.038,12.53579,12.53809,0.00,0.00
2017.04.06 13:47:42.796,12.53579,12.53799,0.00,0.00
2017.04.06 13:47:43.194,12.53579,12.53792,0.00,0.00
2017.04.06 13:47:43.341,12.53579,12.53799,0.00,0.00
2017.04.06 13:47:45.599,12.53579,12.53791,0.00,0.00
2017.04.06 13:47:45.707,12.53579,12.53799,0.00,0.00
2017.04.06 13:47:46.019,12.53579,12.53791,0.00,0.00
2017.04.06 13:47:46.133,12.53579,12.53799,0.00,0.00
2017.04.06 13:47:46.422,12.53588,12.53799,0.00,0.00
2017.04.06 13:47:46.622,12.53579,12.53799,0.00,0.00
2017.04.06 13:47:46.816,12.53588,12.53799,0.00,0.00
2017.04.06 13:47:47.124,12.53579,12.53799,0.00,0.00
2017.04.06 13:47:47.309,12.53588,12.53799,0.00,0.00
2017.04.06 13:47:47.438,12.53579,12.53799,0.00,0.00
2017.04.06 13:47:47.984,12.53679,12.53852,0.00,0.00
2017.04.06 13:47:48.034,12.53679,12.53879,0.00,0.00
2017.04.06 13:47:48.724,12.53778,12.53961,0.00,0.00
2017.04.06 13:47:48.825,12.53778,12.53989,0.00,0.00
2017.04.06 13:47:49.233,12.53829,12.54022,0.00,0.00
2017.04.06 13:47:49.311,12.53848,12.54078,0.00,0.00
2017.04.06 13:47:49.362,12.53878,12.54078,0.00,0.00
2017.04.06 13:47:49.414,12.53878,12.54089,0.00,0.00
2017.04.06 13:47:49.520,12.53878,12.54068,0.00,0.00
2017.04.06 13:47:49.813,12.53869,12.54068,0.00,0.00
2017.04.06 13:47:50.900,12.53818,12.53979,0.00,0.00
2017.04.06 13:47:50.950,12.53768,12.53979,0.00,0.00
2017.04.06 13:47:51.001,12.53869,12.53979,0.00,0.00
2017.04.06 13:47:51.178,12.53869,12.54062,0.00,0.00
2017.04.06 13:47:51.233,12.53869,12.54068,0.00,0.00
2017.04.06 13:47:51.334,12.53869,12.54078,0.00,0.00
2017.04.06 13:47:51.517,12.53869,12.54062,0.00,0.00
2017.04.06 13:47:51.818,12.53869,12.54078,0.00,0.00
2017.04.06 13:47:52.190,12.53828,12.54078,0.00,0.00
2017.04.06 13:47:52.240,12.53828,12.53989,0.00,0.00
2017.04.06 13:47:52.341,12.53779,12.53989,0.00,0.00
2017.04.06 13:47:53.231,12.53779,12.53979,0.00,0.00
2017.04.06 13:47:53.296,12.53759,12.53979,0.00,0.00
2017.04.06 13:47:53.346,12.53718,12.53889,0.00,0.00
2017.04.06 13:47:53.447,12.53668,12.53889,0.00,0.00
2017.04.06 13:47:53.778,12.53718,12.53911,0.00,0.00
2017.04.06 13:47:53.829,12.53718,12.53922,0.00,0.00
2017.04.06 13:47:53.879,12.53718,12.53889,0.00,0.00
2017.04.06 13:47:53.930,12.53689,12.53889,0.00,0.00
2017.04.06 13:47:54.031,12.53668,12.53889,0.00,0.00
2017.04.06 13:47:54.132,12.53719,12.53912,0.00,0.00
2017.04.06 13:47:54.232,12.53718,12.53929,0.00,0.00
2017.04.06 13:47:54.383,12.53729,12.53929,0.00,0.00
2017.04.06 13:47:54.484,12.53729,12.53958,0.00,0.00
2017.04.06 13:47:54.677,12.53679,12.53942,0.00,0.00
2017.04.06 13:47:54.728,12.53679,12.53918,0.00,0.00
2017.04.06 13:47:55.077,12.53678,12.53912,0.00,0.00
2017.04.06 13:47:55.229,12.53678,12.53918,0.00,0.00
2017.04.06 13:47:55.354,12.53678,12.53912,0.00,0.00
2017.04.06 13:47:55.678,12.53678,12.53918,0.00,0.00
2017.04.06 13:47:55.830,12.53678,12.53911,0.00,0.00
2017.04.06 13:47:55.950,12.53678,12.53918,0.00,0.00
2017.04.06 13:47:56.182,12.53678,12.53912,0.00,0.00
2017.04.06 13:47:56.345,12.53678,12.53918,0.00,0.00
2017.04.06 13:47:56.497,12.53678,12.53942,0.00,0.00
2017.04.06 13:47:56.547,12.53729,12.53918,0.00,0.00
2017.04.06 13:47:56.648,12.53699,12.53942,0.00,0.00
2017.04.06 13:47:56.750,12.53729,12.53959,0.00,0.00
2017.04.06 13:47:57.131,12.53679,12.53919,0.00,0.00
2017.04.06 13:47:57.181,12.53708,12.53942,0.00,0.00
2017.04.06 13:47:57.484,12.53678,12.53911,0.00,0.00
2017.04.06 13:47:57.883,12.53678,12.53918,0.00,0.00
2017.04.06 13:47:59.190,12.53728,12.53918,0.00,0.00
2017.04.06 13:47:59.242,12.53728,12.53931,0.00,0.00
2017.04.06 13:47:59.343,12.53728,12.53958,0.00,0.00
2017.04.06 13:47:59.601,12.53778,12.53949,0.00,0.00
2017.04.06 13:47:59.702,12.53729,12.53908,0.00,0.00
2017.04.06 13:47:59.753,12.53688,12.53908,0.00,0.00
2017.04.06 13:47:59.854,12.53728,12.53949,0.00,0.00
2017.04.06 13:48:00.001,12.53778,12.53949,0.00,0.00
2017.04.06 13:48:00.052,12.53778,12.53989,0.00,0.00
2017.04.06 13:48:00.102,12.53778,12.53948,0.00,0.00
2017.04.06 13:48:00.153,12.53739,12.53948,0.00,0.00
2017.04.06 13:48:00.204,12.53739,12.53888,0.00,0.00
2017.04.06 13:48:00.434,12.53688,12.53888,0.00,0.00
2017.04.06 13:48:01.054,12.53688,12.53879,0.00,0.00
2017.04.06 13:48:01.221,12.53659,12.53879,0.00,0.00
2017.04.06 13:48:01.272,12.53638,12.53798,0.00,0.00
2017.04.06 13:48:01.446,12.53589,12.53798,0.00,0.00
2017.04.06 13:48:01.816,12.53589,12.53779,0.00,0.00
2017.04.06 13:48:05.352,12.53589,12.53809,0.00,0.00
2017.04.06 13:48:05.794,12.53579,12.53809,0.00,0.00
2017.04.06 13:48:06.210,12.53588,12.53809,0.00,0.00
2017.04.06 13:48:06.263,12.53579,12.53809,0.00,0.00
2017.04.06 13:48:06.665,12.53598,12.53809,0.00,0.00
2017.04.06 13:48:06.775,12.53579,12.53809,0.00,0.00
2017.04.06 13:48:07.268,12.53588,12.53809,0.00,0.00
2017.04.06 13:48:07.938,12.53628,12.53809,0.00,0.00
2017.04.06 13:48:07.989,12.53628,12.53862,0.00,0.00
2017.04.06 13:48:08.092,12.53678,12.53889,0.00,0.00
2017.04.06 13:48:08.446,12.53678,12.53881,0.00,0.00
2017.04.06 13:48:08.573,12.53678,12.53889,0.00,0.00
2017.04.06 13:48:08.674,12.53678,12.53882,0.00,0.00
2017.04.06 13:48:08.771,12.53678,12.53889,0.00,0.00
2017.04.06 13:48:09.172,12.53678,12.53881,0.00,0.00
2017.04.06 13:48:09.473,12.53678,12.53889,0.00,0.00
2017.04.06 13:48:09.573,12.53638,12.53892,0.00,0.00
2017.04.06 13:48:09.678,12.53678,12.53882,0.00,0.00
2017.04.06 13:48:09.807,12.53678,12.53899,0.00,0.00
2017.04.06 13:48:10.475,12.53678,12.53891,0.00,0.00
2017.04.06 13:48:10.684,12.53678,12.53899,0.00,0.00
2017.04.06 13:48:12.379,12.53678,12.53892,0.00,0.00
2017.04.06 13:48:12.500,12.53678,12.53899,0.00,0.00
2017.04.06 13:48:12.880,12.53678,12.53892,0.00,0.00
2017.04.06 13:48:13.080,12.53678,12.53899,0.00,0.00
2017.04.06 13:48:13.413,12.53678,12.53881,0.00,0.00
2017.04.06 13:48:13.482,12.53678,12.53899,0.00,0.00
2017.04.06 13:48:15.087,12.53679,12.53899,0.00,0.00
2017.04.06 13:48:15.652,12.53678,12.53899,0.00,0.00
2017.04.06 13:48:16.393,12.53678,12.53891,0.00,0.00
2017.04.06 13:48:17.043,12.53678,12.53899,0.00,0.00
2017.04.06 13:48:19.156,12.53628,12.53892,0.00,0.00
2017.04.06 13:48:19.207,12.53658,12.53892,0.00,0.00
2017.04.06 13:48:19.609,12.53678,12.53898,0.00,0.00
2017.04.06 13:48:19.914,12.53678,12.53881,0.00,0.00
2017.04.06 13:48:20.046,12.53678,12.53898,0.00,0.00
2017.04.06 13:48:20.467,12.53649,12.53891,0.00,0.00
2017.04.06 13:48:20.517,12.53668,12.53809,0.00,0.00
2017.04.06 13:48:20.623,12.53578,12.53809,0.00,0.00
2017.04.06 13:48:22.002,12.53628,12.53862,0.00,0.00
2017.04.06 13:48:22.114,12.53678,12.53832,0.00,0.00
2017.04.06 13:48:22.218,12.53678,12.53898,0.00,0.00
2017.04.06 13:48:23.605,12.53649,12.53809,0.00,0.00
2017.04.06 13:48:23.656,12.53629,12.53809,0.00,0.00
2017.04.06 13:48:23.756,12.53592,12.53809,0.00,0.00
2017.04.06 13:48:23.858,12.53578,12.53809,0.00,0.00
2017.04.06 13:48:24.135,12.53589,12.53809,0.00,0.00
2017.04.06 13:48:24.207,12.53578,12.53809,0.00,0.00
2017.04.06 13:48:24.822,12.53579,12.53809,0.00,0.00
2017.04.06 13:48:25.450,12.53578,12.53809,0.00,0.00
2017.04.06 13:48:25.930,12.53578,12.53792,0.00,0.00
2017.04.06 13:48:26.242,12.53478,12.53709,0.00,0.00
2017.04.06 13:48:26.834,12.53479,12.53709,0.00,0.00
2017.04.06 13:48:27.337,12.53478,12.53709,0.00,0.00
2017.04.06 13:48:27.387,12.53578,12.53708,0.00,0.00
2017.04.06 13:48:27.488,12.53579,12.53741,0.00,0.00
2017.04.06 13:48:27.539,12.53579,12.53799,0.00,0.00
2017.04.06 13:48:27.740,12.53671,12.53799,0.00,0.00
2017.04.06 13:48:27.791,12.53678,12.53831,0.00,0.00
2017.04.06 13:48:27.841,12.53702,12.53802,0.00,0.00
2017.04.06 13:48:27.942,12.53878,12.54022,0.00,0.00
2017.04.06 13:48:28.043,12.53878,12.54059,0.00,0.00
2017.04.06 13:48:28.354,12.53878,12.54131,0.00,0.00
2017.04.06 13:48:28.420,12.53878,12.54141,0.00,0.00
2017.04.06 13:48:29.073,12.53878,12.54142,0.00,0.00
2017.04.06 13:48:29.124,12.53878,12.54112,0.00,0.00
2017.04.06 13:48:29.423,12.53878,12.54131,0.00,0.00
2017.04.06 13:48:29.525,12.53878,12.54121,0.00,0.00
2017.04.06 13:48:29.920,12.53878,12.54092,0.00,0.00
2017.04.06 13:48:30.038,12.53878,12.54102,0.00,0.00
2017.04.06 13:48:30.240,12.53878,12.54062,0.00,0.00
2017.04.06 13:48:30.471,12.53878,12.54142,0.00,0.00
2017.04.06 13:48:30.573,12.53978,12.54142,0.00,0.00
2017.04.06 13:48:30.726,12.53978,12.54212,0.00,0.00
2017.04.06 13:48:30.832,12.53978,12.54229,0.00,0.00
2017.04.06 13:48:30.933,12.53978,12.54199,0.00,0.00
2017.04.06 13:48:30.984,12.53978,12.54212,0.00,0.00
2017.04.06 13:48:31.089,12.53978,12.54222,0.00,0.00
2017.04.06 13:48:31.140,12.53978,12.54229,0.00,0.00
2017.04.06 13:48:31.238,12.53978,12.54201,0.00,0.00
2017.04.06 13:48:31.490,12.53909,12.54191,0.00,0.00
2017.04.06 13:48:31.541,12.53909,12.54139,0.00,0.00
2017.04.06 13:48:31.591,12.53909,12.54181,0.00,0.00
2017.04.06 13:48:31.642,12.53889,12.54161,0.00,0.00
2017.04.06 13:48:31.865,12.53908,12.54192,0.00,0.00
2017.04.06 13:48:31.966,12.53948,12.54212,0.00,0.00
2017.04.06 13:48:32.131,12.53919,12.54201,0.00,0.00
2017.04.06 13:48:32.231,12.53939,12.54212,0.00,0.00
2017.04.06 13:48:32.479,12.53929,12.54211,0.00,0.00
2017.04.06 13:48:32.532,12.53948,12.54212,0.00,0.00
2017.04.06 13:48:32.755,12.53938,12.54212,0.00,0.00
2017.04.06 13:48:32.875,12.53948,12.54212,0.00,0.00
2017.04.06 13:48:32.976,12.53928,12.54212,0.00,0.00
2017.04.06 13:48:33.033,12.53948,12.54212,0.00,0.00
2017.04.06 13:48:33.275,12.53938,12.54212,0.00,0.00
2017.04.06 13:48:33.334,12.53948,12.54212,0.00,0.00
2017.04.06 13:48:33.535,12.53939,12.54212,0.00,0.00
2017.04.06 13:48:33.779,12.53958,12.54212,0.00,0.00
2017.04.06 13:48:33.836,12.53928,12.54212,0.00,0.00
2017.04.06 13:48:33.974,12.53948,12.54212,0.00,0.00
2017.04.06 13:48:34.324,12.53978,12.54232,0.00,0.00
2017.04.06 13:48:34.797,12.53978,12.54182,0.00,0.00
2017.04.06 13:48:34.847,12.53978,12.54192,0.00,0.00
2017.04.06 13:48:34.963,12.53978,12.54222,0.00,0.00
2017.04.06 13:48:35.069,12.53978,12.54212,0.00,0.00
2017.04.06 13:48:35.181,12.53978,12.54229,0.00,0.00
2017.04.06 13:48:35.240,12.53978,12.54182,0.00,0.00
2017.04.06 13:48:35.341,12.53978,12.54212,0.00,0.00
2017.04.06 13:48:35.463,12.53978,12.54202,0.00,0.00
2017.04.06 13:48:35.879,12.53978,12.54182,0.00,0.00
2017.04.06 13:48:36.278,12.53879,12.54101,0.00,0.00
2017.04.06 13:48:36.343,12.53879,12.54122,0.00,0.00
2017.04.06 13:48:36.444,12.53879,12.54128,0.00,0.00
2017.04.06 13:48:36.743,12.53879,12.54101,0.00,0.00
2017.04.06 13:48:36.993,12.53879,12.54128,0.00,0.00
2017.04.06 13:48:37.044,12.53929,12.54128,0.00,0.00
2017.04.06 13:48:37.095,12.53929,12.54142,0.00,0.00
2017.04.06 13:48:37.196,12.53978,12.54211,0.00,0.00
2017.04.06 13:48:37.296,12.53978,12.54232,0.00,0.00
2017.04.06 13:48:37.347,12.53978,12.54241,0.00,0.00
2017.04.06 13:48:37.740,12.53978,12.54202,0.00,0.00
2017.04.06 13:48:37.791,12.53978,12.54222,0.00,0.00
2017.04.06 13:48:37.842,12.53978,12.54218,0.00,0.00
2017.04.06 13:48:38.285,12.53978,12.54211,0.00,0.00
2017.04.06 13:48:38.347,12.53978,12.54218,0.00,0.00
2017.04.06 13:48:38.460,12.53978,12.54211,0.00,0.00
2017.04.06 13:48:38.675,12.53978,12.54218,0.00,0.00
2017.04.06 13:48:38.790,12.53978,12.54202,0.00,0.00
2017.04.06 13:48:38.849,12.53978,12.54218,0.00,0.00
2017.04.06 13:48:39.285,12.53978,12.54181,0.00,0.00
2017.04.06 13:48:39.350,12.53978,12.54218,0.00,0.00
2017.04.06 13:48:39.762,12.53978,12.54201,0.00,0.00
2017.04.06 13:48:40.534,12.53919,12.54019,0.00,0.00
2017.04.06 13:48:40.584,12.53898,12.54019,0.00,0.00
2017.04.06 13:48:40.718,12.53878,12.54019,0.00,0.00
2017.04.06 13:48:40.769,12.53779,12.53972,0.00,0.00
2017.04.06 13:48:40.854,12.53779,12.54019,0.00,0.00
2017.04.06 13:48:40.954,12.53779,12.53972,0.00,0.00
2017.04.06 13:48:41.155,12.53779,12.54019,0.00,0.00
2017.04.06 13:48:41.388,12.53779,12.53992,0.00,0.00
2017.04.06 13:48:41.455,12.53779,12.54019,0.00,0.00
2017.04.06 13:48:42.257,12.53779,12.54011,0.00,0.00
2017.04.06 13:48:42.585,12.53839,12.54019,0.00,0.00
2017.04.06 13:48:42.690,12.53778,12.54019,0.00,0.00
2017.04.06 13:48:43.121,12.53778,12.54012,0.00,0.00
2017.04.06 13:48:43.376,12.53778,12.54019,0.00,0.00
2017.04.06 13:48:43.485,12.53778,12.54002,0.00,0.00
2017.04.06 13:48:43.706,12.53679,12.53929,0.00,0.00
2017.04.06 13:48:44.378,12.53678,12.53921,0.00,0.00
2017.04.06 13:48:44.486,12.53678,12.53929,0.00,0.00
2017.04.06 13:48:44.587,12.53678,12.53911,0.00,0.00
2017.04.06 13:48:44.699,12.53678,12.53929,0.00,0.00
2017.04.06 13:48:44.763,12.53678,12.53911,0.00,0.00
2017.04.06 13:48:44.963,12.53678,12.53929,0.00,0.00
2017.04.06 13:48:45.398,12.53678,12.53921,0.00,0.00
2017.04.06 13:48:45.465,12.53678,12.53929,0.00,0.00
2017.04.06 13:48:45.696,12.53678,12.53922,0.00,0.00
2017.04.06 13:48:45.886,12.53678,12.53929,0.00,0.00
2017.04.06 13:48:45.966,12.53678,12.53921,0.00,0.00
2017.04.06 13:48:46.227,12.53678,12.53929,0.00,0.00
2017.04.06 13:48:47.070,12.53689,12.53929,0.00,0.00
2017.04.06 13:48:47.271,12.53678,12.53929,0.00,0.00
2017.04.06 13:48:47.382,12.53688,12.53929,0.00,0.00
2017.04.06 13:48:47.729,12.53779,12.54002,0.00,0.00
2017.04.06 13:48:47.779,12.53779,12.54019,0.00,0.00
2017.04.06 13:48:47.991,12.53779,12.54012,0.00,0.00
2017.04.06 13:48:48.215,12.53779,12.54019,0.00,0.00
2017.04.06 13:48:48.577,12.53779,12.54002,0.00,0.00
2017.04.06 13:48:48.729,12.53688,12.53928,0.00,0.00
2017.04.06 13:48:48.838,12.53678,12.53928,0.00,0.00
2017.04.06 13:48:49.181,12.53681,12.53942,0.00,0.00
2017.04.06 13:48:49.238,12.53779,12.54002,0.00,0.00
2017.04.06 13:48:49.315,12.53779,12.54019,0.00,0.00
2017.04.06 13:48:49.700,12.53779,12.54012,0.00,0.00
2017.04.06 13:48:49.802,12.53779,12.54019,0.00,0.00
2017.04.06 13:48:49.902,12.53779,12.53989,0.00,0.00
2017.04.06 13:48:51.080,12.53779,12.53982,0.00,0.00
2017.04.06 13:48:51.390,12.53779,12.53979,0.00,0.00
2017.04.06 13:48:54.063,12.53779,12.53969,0.00,0.00
2017.04.06 13:48:54.264,12.53688,12.53879,0.00,0.00
2017.04.06 13:48:54.315,12.53678,12.53879,0.00,0.00
2017.04.06 13:48:54.976,12.53778,12.53879,0.00,0.00
2017.04.06 13:48:55.026,12.53778,12.53988,0.00,0.00
2017.04.06 13:48:56.090,12.53778,12.53972,0.00,0.00
2017.04.06 13:48:56.433,12.53778,12.53952,0.00,0.00
2017.04.06 13:48:56.582,12.53778,12.53999,0.00,0.00
2017.04.06 13:48:56.840,12.53778,12.53991,0.00,0.00
2017.04.06 13:48:57.034,12.53778,12.53999,0.00,0.00
2017.04.06 13:48:57.295,12.53778,12.53992,0.00,0.00
2017.04.06 13:48:57.354,12.53708,12.53942,0.00,0.00
2017.04.06 13:48:57.405,12.53739,12.53909,0.00,0.00
2017.04.06 13:48:57.506,12.53678,12.53909,0.00,0.00
2017.04.06 13:48:57.814,12.53678,12.53901,0.00,0.00
2017.04.06 13:48:57.931,12.53678,12.53909,0.00,0.00
2017.04.06 13:48:57.982,12.53728,12.53909,0.00,0.00
2017.04.06 13:48:58.083,12.53678,12.53909,0.00,0.00
2017.04.06 13:48:58.258,12.53688,12.53898,0.00,0.00
2017.04.06 13:48:58.308,12.53679,12.53898,0.00,0.00
2017.04.06 13:48:58.746,12.53729,12.53902,0.00,0.00
2017.04.06 13:48:58.796,12.53729,12.53909,0.00,0.00
2017.04.06 13:48:58.897,12.53679,12.53909,0.00,0.00
2017.04.06 13:48:58.971,12.53679,12.53889,0.00,0.00
2017.04.06 13:48:59.123,12.53578,12.53799,0.00,0.00
2017.04.06 13:48:59.274,12.53538,12.53698,0.00,0.00
2017.04.06 13:48:59.325,12.53529,12.53698,0.00,0.00
2017.04.06 13:48:59.425,12.53479,12.53698,0.00,0.00
2017.04.06 13:48:59.533,12.53498,12.53698,0.00,0.00
2017.04.06 13:48:59.584,12.53498,12.53718,0.00,0.00
2017.04.06 13:48:59.690,12.53479,12.53718,0.00,0.00
2017.04.06 13:48:59.741,12.53578,12.53731,0.00,0.00
2017.04.06 13:48:59.799,12.53578,12.53782,0.00,0.00
2017.04.06 13:48:59.970,12.53578,12.53809,0.00,0.00
2017.04.06 13:49:01.195,12.53628,12.53842,0.00,0.00
2017.04.06 13:49:01.359,12.53678,12.53918,0.00,0.00
2017.04.06 13:49:01.826,12.53678,12.53902,0.00,0.00
2017.04.06 13:49:02.047,12.53678,12.53918,0.00,0.00
2017.04.06 13:49:02.151,12.53678,12.53902,0.00,0.00
2017.04.06 13:49:02.564,12.53629,12.53891,0.00,0.00
2017.04.06 13:49:02.614,12.53629,12.53819,0.00,0.00
2017.04.06 13:49:02.836,12.53578,12.53811,0.00,0.00
2017.04.06 13:49:03.115,12.53578,12.53819,0.00,0.00
2017.04.06 13:49:03.215,12.53578,12.53792,0.00,0.00
2017.04.06 13:49:03.326,12.53528,12.53792,0.00,0.00
2017.04.06 13:49:03.426,12.53539,12.53729,0.00,0.00
2017.04.06 13:49:03.527,12.53509,12.53729,0.00,0.00
2017.04.06 13:49:03.608,12.53479,12.53721,0.00,0.00
2017.04.06 13:49:03.709,12.53479,12.53729,0.00,0.00
2017.04.06 13:49:04.050,12.53479,12.53722,0.00,0.00
2017.04.06 13:49:04.386,12.53528,12.53729,0.00,0.00
2017.04.06 13:49:04.436,12.53498,12.53729,0.00,0.00
2017.04.06 13:49:04.553,12.53578,12.53722,0.00,0.00
2017.04.06 13:49:04.611,12.53578,12.53809,0.00,0.00
2017.04.06 13:49:04.778,12.53548,12.53728,0.00,0.00
2017.04.06 13:49:04.828,12.53488,12.53728,0.00,0.00
2017.04.06 13:49:04.929,12.53478,12.53728,0.00,0.00
2017.04.06 13:49:04.980,12.53529,12.53728,0.00,0.00
2017.04.06 13:49:05.030,12.53529,12.53791,0.00,0.00
2017.04.06 13:49:05.081,12.53529,12.53768,0.00,0.00
2017.04.06 13:49:05.475,12.53518,12.53742,0.00,0.00
2017.04.06 13:49:05.626,12.53478,12.53729,0.00,0.00
2017.04.06 13:49:08.540,12.53488,12.53729,0.00,0.00
2017.04.06 13:49:08.864,12.53478,12.53729,0.00,0.00
2017.04.06 13:49:09.224,12.53488,12.53729,0.00,0.00
2017.04.06 13:49:09.275,12.53528,12.53772,0.00,0.00
2017.04.06 13:49:09.479,12.53559,12.53792,0.00,0.00
2017.04.06 13:49:09.801,12.53578,12.53808,0.00,0.00
2017.04.06 13:49:10.523,12.53678,12.53821,0.00,0.00
2017.04.06 13:49:10.574,12.53678,12.53851,0.00,0.00
2017.04.06 13:49:10.675,12.53598,12.53818,0.00,0.00
2017.04.06 13:49:10.727,12.53589,12.53818,0.00,0.00
2017.04.06 13:49:10.861,12.53579,12.53818,0.00,0.00
2017.04.06 13:49:11.259,12.53579,12.53812,0.00,0.00
2017.04.06 13:49:11.456,12.53579,12.53818,0.00,0.00
2017.04.06 13:49:11.567,12.53579,12.53811,0.00,0.00
2017.04.06 13:49:11.629,12.53579,12.53818,0.00,0.00
2017.04.06 13:49:13.284,12.53628,12.53852,0.00,0.00
2017.04.06 13:49:13.335,12.53628,12.53868,0.00,0.00
2017.04.06 13:49:13.689,12.53679,12.53868,0.00,0.00
2017.04.06 13:49:13.740,12.53679,12.53908,0.00,0.00
2017.04.06 13:49:14.636,12.53638,12.53891,0.00,0.00
2017.04.06 13:49:14.688,12.53638,12.53828,0.00,0.00
2017.04.06 13:49:14.738,12.53629,12.53828,0.00,0.00
2017.04.06 13:49:14.789,12.53579,12.53828,0.00,0.00
2017.04.06 13:49:14.890,12.53678,12.53861,0.00,0.00
2017.04.06 13:49:14.940,12.53678,12.53909,0.00,0.00
2017.04.06 13:49:14.991,12.53678,12.53829,0.00,0.00
2017.04.06 13:49:15.041,12.53638,12.53841,0.00,0.00
2017.04.06 13:49:15.092,12.53638,12.53829,0.00,0.00
2017.04.06 13:49:15.143,12.53639,12.53851,0.00,0.00
2017.04.06 13:49:15.243,12.53639,12.53869,0.00,0.00
2017.04.06 13:49:15.294,12.53589,12.53828,0.00,0.00
2017.04.06 13:49:15.344,12.53598,12.53828,0.00,0.00
2017.04.06 13:49:15.646,12.53589,12.53829,0.00,0.00
2017.04.06 13:49:16.904,12.53638,12.53842,0.00,0.00
2017.04.06 13:49:16.955,12.53638,12.53872,0.00,0.00
2017.04.06 13:49:17.005,12.53689,12.53872,0.00,0.00
2017.04.06 13:49:17.056,12.53689,12.53909,0.00,0.00
2017.04.06 13:49:19.378,12.53689,12.53902,0.00,0.00
2017.04.06 13:49:19.479,12.53689,12.53909,0.00,0.00
2017.04.06 13:49:19.788,12.53689,12.53901,0.00,0.00
2017.04.06 13:49:20.145,12.53689,12.53909,0.00,0.00
2017.04.06 13:49:24.054,12.53689,12.53902,0.00,0.00
2017.04.06 13:49:24.558,12.53689,12.53909,0.00,0.00
2017.04.06 13:49:24.659,12.53689,12.53902,0.00,0.00
2017.04.06 13:49:24.962,12.53689,12.53909,0.00,0.00
2017.04.06 13:49:25.179,12.53689,12.53902,0.00,0.00
2017.04.06 13:49:25.301,12.53689,12.53909,0.00,0.00
2017.04.06 13:49:26.698,12.53788,12.53931,0.00,0.00
2017.04.06 13:49:26.800,12.53788,12.54009,0.00,0.00
2017.04.06 13:49:27.128,12.53788,12.53982,0.00,0.00
2017.04.06 13:49:27.600,12.53788,12.54002,0.00,0.00
2017.04.06 13:49:27.701,12.53788,12.54009,0.00,0.00
2017.04.06 13:49:28.164,12.53788,12.54001,0.00,0.00
2017.04.06 13:49:28.272,12.53788,12.54009,0.00,0.00
2017.04.06 13:49:28.377,12.53788,12.54002,0.00,0.00
2017.04.06 13:49:28.502,12.53788,12.54009,0.00,0.00
2017.04.06 13:49:28.726,12.53779,12.53991,0.00,0.00
2017.04.06 13:49:29.147,12.53779,12.53981,0.00,0.00
2017.04.06 13:49:29.198,12.53779,12.54009,0.00,0.00
2017.04.06 13:49:29.303,12.53779,12.53972,0.00,0.00
2017.04.06 13:49:29.477,12.53779,12.54002,0.00,0.00
2017.04.06 13:49:29.581,12.53779,12.53972,0.00,0.00
2017.04.06 13:49:29.682,12.53779,12.54009,0.00,0.00
2017.04.06 13:49:30.169,12.53779,12.53992,0.00,0.00
2017.04.06 13:49:30.403,12.53779,12.54009,0.00,0.00
2017.04.06 13:49:30.608,12.53779,12.53982,0.00,0.00
2017.04.06 13:49:30.912,12.53779,12.53952,0.00,0.00
2017.04.06 13:49:31.191,12.53779,12.53971,0.00,0.00
2017.04.06 13:49:31.292,12.53779,12.53952,0.00,0.00
2017.04.06 13:49:31.421,12.53779,12.54001,0.00,0.00
2017.04.06 13:49:31.472,12.53779,12.54009,0.00,0.00
2017.04.06 13:49:32.465,12.53779,12.53991,0.00,0.00
2017.04.06 13:49:32.799,12.53779,12.54009,0.00,0.00
2017.04.06 13:49:32.876,12.53779,12.53992,0.00,0.00
2017.04.06 13:49:33.075,12.53779,12.54002,0.00,0.00
2017.04.06 13:49:33.196,12.53779,12.53981,0.00,0.00
2017.04.06 13:49:33.677,12.53779,12.54009,0.00,0.00
2017.04.06 13:49:34.204,12.53779,12.53981,0.00,0.00
2017.04.06 13:49:34.420,12.53779,12.54009,0.00,0.00
2017.04.06 13:49:35.227,12.53779,12.53992,0.00,0.00
2017.04.06 13:49:35.279,12.53779,12.54009,0.00,0.00
2017.04.06 13:49:35.499,12.53779,12.54012,0.00,0.00
2017.04.06 13:49:35.600,12.53779,12.54019,0.00,0.00
2017.04.06 13:49:35.650,12.53828,12.54019,0.00,0.00
2017.04.06 13:49:35.701,12.53828,12.54071,0.00,0.00
2017.04.06 13:49:35.813,12.53878,12.54082,0.00,0.00
2017.04.06 13:49:35.914,12.53878,12.54092,0.00,0.00
2017.04.06 13:49:35.981,12.53878,12.54101,0.00,0.00
2017.04.06 13:49:36.181,12.53878,12.54092,0.00,0.00
2017.04.06 13:49:36.325,12.53878,12.54102,0.00,0.00
2017.04.06 13:49:36.482,12.53878,12.54091,0.00,0.00
2017.04.06 13:49:36.583,12.53878,12.54102,0.00,0.00
2017.04.06 13:49:36.721,12.53878,12.54108,0.00,0.00
2017.04.06 13:49:36.905,12.53878,12.54082,0.00,0.00
2017.04.06 13:49:36.984,12.53878,12.54108,0.00,0.00
2017.04.06 13:49:37.089,12.53878,12.54071,0.00,0.00
2017.04.06 13:49:37.303,12.53878,12.54102,0.00,0.00
2017.04.06 13:49:37.368,12.53878,12.54099,0.00,0.00
2017.04.06 13:49:37.769,12.53878,12.54072,0.00,0.00
2017.04.06 13:49:37.819,12.53878,12.54099,0.00,0.00
2017.04.06 13:49:38.122,12.53878,12.54071,0.00,0.00
2017.04.06 13:49:38.224,12.53878,12.54099,0.00,0.00
2017.04.06 13:49:38.328,12.53878,12.54072,0.00,0.00
2017.04.06 13:49:38.601,12.53878,12.54099,0.00,0.00
2017.04.06 13:49:38.708,12.53878,12.54071,0.00,0.00
2017.04.06 13:49:38.816,12.53878,12.54099,0.00,0.00
2017.04.06 13:49:38.917,12.53878,12.54071,0.00,0.00
2017.04.06 13:49:39.503,12.53878,12.54099,0.00,0.00
2017.04.06 13:49:39.556,12.53828,12.54099,0.00,0.00
2017.04.06 13:49:39.837,12.53808,12.54071,0.00,0.00
2017.04.06 13:49:39.891,12.53809,12.54091,0.00,0.00
2017.04.06 13:49:39.994,12.53829,12.54099,0.00,0.00
2017.04.06 13:49:40.198,12.53909,12.54188,0.00,0.00
2017.04.06 13:49:40.300,12.53908,12.54162,0.00,0.00
2017.04.06 13:49:40.601,12.53908,12.54188,0.00,0.00
2017.04.06 13:49:40.763,12.53908,12.54172,0.00,0.00
2017.04.06 13:49:41.017,12.53862,12.54131,0.00,0.00
2017.04.06 13:49:41.120,12.53862,12.54091,0.00,0.00
2017.04.06 13:49:41.340,12.53909,12.54191,0.00,0.00
2017.04.06 13:49:41.396,12.53909,12.54181,0.00,0.00
2017.04.06 13:49:41.697,12.53909,12.54132,0.00,0.00
2017.04.06 13:49:41.927,12.53909,12.54151,0.00,0.00
2017.04.06 13:49:41.997,12.53909,12.54122,0.00,0.00
2017.04.06 13:49:42.223,12.53848,12.54109,0.00,0.00
2017.04.06 13:49:42.332,12.53808,12.54082,0.00,0.00
2017.04.06 13:49:42.434,12.53829,12.54109,0.00,0.00
2017.04.06 13:49:42.499,12.53808,12.54072,0.00,0.00
2017.04.06 13:49:42.727,12.53809,12.54091,0.00,0.00
2017.04.06 13:49:42.799,12.53808,12.54082,0.00,0.00
2017.04.06 13:49:43.100,12.53808,12.54072,0.00,0.00
2017.04.06 13:49:43.150,12.53818,12.54102,0.00,0.00
2017.04.06 13:49:43.282,12.53808,12.54072,0.00,0.00
2017.04.06 13:49:43.333,12.53808,12.54088,0.00,0.00
2017.04.06 13:49:43.631,12.53808,12.54061,0.00,0.00
2017.04.06 13:49:43.737,12.53819,12.54088,0.00,0.00
2017.04.06 13:49:43.848,12.53829,12.54088,0.00,0.00
2017.04.06 13:49:43.951,12.53858,12.54121,0.00,0.00
2017.04.06 13:49:44.052,12.53908,12.54132,0.00,0.00
2017.04.06 13:49:44.102,12.53908,12.54179,0.00,0.00
2017.04.06 13:49:44.223,12.53908,12.54162,0.00,0.00
2017.04.06 13:49:44.273,12.53878,12.54162,0.00,0.00
2017.04.06 13:49:44.324,12.53858,12.54089,0.00,0.00
2017.04.06 13:49:44.428,12.53838,12.54089,0.00,0.00
2017.04.06 13:49:44.503,12.53811,12.54061,0.00,0.00
2017.04.06 13:49:44.684,12.53829,12.54089,0.00,0.00
2017.04.06 13:49:45.060,12.53828,12.54082,0.00,0.00
2017.04.06 13:49:45.386,12.53828,12.54062,0.00,0.00
2017.04.06 13:49:45.437,12.53828,12.54089,0.00,0.00
2017.04.06 13:49:45.792,12.53879,12.54112,0.00,0.00
2017.04.06 13:49:46.047,12.53938,12.54182,0.00,0.00
2017.04.06 13:49:46.098,12.53938,12.54169,0.00,0.00
2017.04.06 13:49:46.148,12.53889,12.54161,0.00,0.00
2017.04.06 13:49:46.199,12.53889,12.54079,0.00,0.00
2017.04.06 13:49:46.300,12.53848,12.54079,0.00,0.00
2017.04.06 13:49:46.410,12.53839,12.54079,0.00,0.00
2017.04.06 13:49:46.548,12.53888,12.54091,0.00,0.00
2017.04.06 13:49:46.810,12.53938,12.54169,0.00,0.00
2017.04.06 13:49:46.920,12.53889,12.54161,0.00,0.00
2017.04.06 13:49:46.971,12.53889,12.54078,0.00,0.00
2017.04.06 13:49:47.072,12.53838,12.54078,0.00,0.00
2017.04.06 13:49:48.636,12.53839,12.54078,0.00,0.00
2017.04.06 13:49:48.737,12.53838,12.54071,0.00,0.00
2017.04.06 13:49:48.929,12.53838,12.54078,0.00,0.00
2017.04.06 13:49:49.547,12.53789,12.53979,0.00,0.00
2017.04.06 13:49:49.651,12.53738,12.53979,0.00,0.00
2017.04.06 13:49:50.522,12.53738,12.53972,0.00,0.00
2017.04.06 13:49:50.823,12.53839,12.53962,0.00,0.00
2017.04.06 13:49:51.062,12.53839,12.54081,0.00,0.00
2017.04.06 13:49:51.124,12.53839,12.54092,0.00,0.00
2017.04.06 13:49:51.330,12.53808,12.54049,0.00,0.00
2017.04.06 13:49:51.432,12.53791,12.54049,0.00,0.00
2017.04.06 13:49:51.552,12.53791,12.54032,0.00,0.00
2017.04.06 13:49:51.946,12.53839,12.54061,0.00,0.00
2017.04.06 13:49:52.047,12.53839,12.54072,0.00,0.00
2017.04.06 13:49:52.225,12.53839,12.54031,0.00,0.00
2017.04.06 13:49:52.275,12.53839,12.54042,0.00,0.00
2017.04.06 13:49:52.376,12.53839,12.54021,0.00,0.00
2017.04.06 13:49:52.428,12.53839,12.54062,0.00,0.00
2017.04.06 13:49:52.555,12.53839,12.54042,0.00,0.00
2017.04.06 13:49:52.674,12.53839,12.54062,0.00,0.00
2017.04.06 13:49:53.130,12.53839,12.54032,0.00,0.00
2017.04.06 13:49:53.333,12.53839,12.54078,0.00,0.00
2017.04.06 13:49:53.739,12.53839,12.54062,0.00,0.00
2017.04.06 13:49:53.863,12.53839,12.54072,0.00,0.00
2017.04.06 13:49:53.966,12.53839,12.54031,0.00,0.00
2017.04.06 13:49:54.132,12.53839,12.54062,0.00,0.00
2017.04.06 13:49:54.234,12.53839,12.54011,0.00,0.00
2017.04.06 13:49:54.357,12.53839,12.54042,0.00,0.00
2017.04.06 13:49:54.610,12.53801,12.54042,0.00,0.00
2017.04.06 13:49:54.661,12.53801,12.54062,0.00,0.00
2017.04.06 13:49:54.761,12.53838,12.54052,0.00,0.00
2017.04.06 13:49:54.934,12.53768,12.54011,0.00,0.00
2017.04.06 13:49:55.034,12.53788,12.54021,0.00,0.00
2017.04.06 13:49:55.337,12.53839,12.54068,0.00,0.00
2017.04.06 13:49:55.660,12.53839,12.54049,0.00,0.00
2017.04.06 13:49:55.787,12.53798,12.54011,0.00,0.00
2017.04.06 13:49:55.838,12.53798,12.53968,0.00,0.00
2017.04.06 13:49:55.949,12.53778,12.53968,0.00,0.00
2017.04.06 13:49:56.049,12.53739,12.53968,0.00,0.00
2017.04.06 13:49:56.153,12.53739,12.53962,0.00,0.00
2017.04.06 13:49:56.440,12.53739,12.53968,0.00,0.00
2017.04.06 13:49:56.574,12.53739,12.53941,0.00,0.00
2017.04.06 13:49:57.141,12.53739,12.53952,0.00,0.00
2017.04.06 13:49:57.267,12.53739,12.53968,0.00,0.00
2017.04.06 13:49:57.470,12.53739,12.53942,0.00,0.00
2017.04.06 13:49:57.579,12.53739,12.53968,0.00,0.00
2017.04.06 13:49:57.685,12.53739,12.53962,0.00,0.00
2017.04.06 13:49:57.909,12.53739,12.53968,0.00,0.00
2017.04.06 13:49:58.145,12.53739,12.53961,0.00,0.00
2017.04.06 13:49:58.244,12.53739,12.53968,0.00,0.00
2017.04.06 13:49:58.345,12.53739,12.53962,0.00,0.00
2017.04.06 13:49:58.549,12.53739,12.53969,0.00,0.00
2017.04.06 13:49:58.966,12.53739,12.53942,0.00,0.00
2017.04.06 13:49:59.163,12.53739,12.53962,0.00,0.00
2017.04.06 13:49:59.300,12.53739,12.53969,0.00,0.00
2017.04.06 13:49:59.571,12.53739,12.53959,0.00,0.00
2017.04.06 13:50:00.097,12.53739,12.53949,0.00,0.00
2017.04.06 13:50:00.401,12.53652,12.53859,0.00,0.00
2017.04.06 13:50:00.739,12.53652,12.53839,0.00,0.00
2017.04.06 13:50:01.365,12.53638,12.53839,0.00,0.00
2017.04.06 13:50:02.007,12.53638,12.53859,0.00,0.00
2017.04.06 13:50:02.455,12.53638,12.53852,0.00,0.00
2017.04.06 13:50:02.802,12.53638,12.53859,0.00,0.00
2017.04.06 13:50:03.058,12.53638,12.53852,0.00,0.00
2017.04.06 13:50:03.621,12.53638,12.53859,0.00,0.00
2017.04.06 13:50:04.186,12.53588,12.53808,0.00,0.00
2017.04.06 13:50:04.337,12.53588,12.53821,0.00,0.00
2017.04.06 13:50:04.388,12.53588,12.53842,0.00,0.00
2017.04.06 13:50:04.438,12.53639,12.53842,0.00,0.00
2017.04.06 13:50:04.489,12.53639,12.53859,0.00,0.00
2017.04.06 13:50:05.460,12.53639,12.53868,0.00,0.00
2017.04.06 13:50:05.563,12.53649,12.53868,0.00,0.00
2017.04.06 13:50:05.697,12.53639,12.53868,0.00,0.00
2017.04.06 13:50:06.295,12.53658,12.53868,0.00,0.00
2017.04.06 13:50:06.612,12.53639,12.53868,0.00,0.00
2017.04.06 13:50:06.968,12.53648,12.53868,0.00,0.00
2017.04.06 13:50:07.340,12.53639,12.53868,0.00,0.00
2017.04.06 13:50:08.711,12.53648,12.53868,0.00,0.00
2017.04.06 13:50:08.943,12.53639,12.53868,0.00,0.00
2017.04.06 13:50:09.975,12.53648,12.53868,0.00,0.00
2017.04.06 13:50:10.186,12.53639,12.53868,0.00,0.00
2017.04.06 13:50:12.181,12.53689,12.53912,0.00,0.00
2017.04.06 13:50:12.524,12.53678,12.53878,0.00,0.00
2017.04.06 13:50:12.627,12.53638,12.53878,0.00,0.00
2017.04.06 13:50:13.488,12.53638,12.53869,0.00,0.00
2017.04.06 13:50:13.877,12.53638,12.53852,0.00,0.00
2017.04.06 13:50:13.927,12.53638,12.53869,0.00,0.00
2017.04.06 13:50:16.027,12.53638,12.53878,0.00,0.00
2017.04.06 13:50:16.207,12.53648,12.53878,0.00,0.00
2017.04.06 13:50:16.308,12.53691,12.53932,0.00,0.00
2017.04.06 13:50:16.409,12.53738,12.53911,0.00,0.00
2017.04.06 13:50:16.537,12.53738,12.53968,0.00,0.00
2017.04.06 13:50:18.239,12.53739,12.53968,0.00,0.00
2017.04.06 13:50:18.800,12.53738,12.53968,0.00,0.00
2017.04.06 13:50:20.404,12.53739,12.53968,0.00,0.00
2017.04.06 13:50:20.947,12.53738,12.53968,0.00,0.00
2017.04.06 13:50:22.642,12.53739,12.53968,0.00,0.00
2017.04.06 13:50:23.178,12.53738,12.53968,0.00,0.00
2017.04.06 13:50:23.628,12.53738,12.53952,0.00,0.00
2017.04.06 13:50:23.935,12.53738,12.53968,0.00,0.00
2017.04.06 13:50:25.526,12.53738,12.53978,0.00,0.00
2017.04.06 13:50:25.626,12.53748,12.53978,0.00,0.00
2017.04.06 13:50:25.853,12.53739,12.53978,0.00,0.00
2017.04.06 13:50:26.191,12.53839,12.53992,0.00,0.00
2017.04.06 13:50:26.259,12.53839,12.54002,0.00,0.00
2017.04.06 13:50:26.360,12.53839,12.53992,0.00,0.00
2017.04.06 13:50:26.461,12.53839,12.54059,0.00,0.00
2017.04.06 13:50:26.565,12.53792,12.53959,0.00,0.00
2017.04.06 13:50:26.978,12.53738,12.53959,0.00,0.00
2017.04.06 13:50:27.428,12.53729,12.53858,0.00,0.00
2017.04.06 13:50:27.530,12.53692,12.53858,0.00,0.00
2017.04.06 13:50:27.633,12.53639,12.53858,0.00,0.00
2017.04.06 13:50:27.825,12.53649,12.53858,0.00,0.00
2017.04.06 13:50:27.926,12.53639,12.53858,0.00,0.00
2017.04.06 13:50:28.569,12.53648,12.53858,0.00,0.00
2017.04.06 13:50:28.887,12.53692,12.53922,0.00,0.00
2017.04.06 13:50:28.938,12.53719,12.53948,0.00,0.00
2017.04.06 13:50:28.988,12.53738,12.53969,0.00,0.00
2017.04.06 13:50:30.140,12.53739,12.53969,0.00,0.00
2017.04.06 13:50:30.381,12.53789,12.53969,0.00,0.00
2017.04.06 13:50:30.580,12.53778,12.53978,0.00,0.00
2017.04.06 13:50:30.633,12.53771,12.53978,0.00,0.00
2017.04.06 13:50:30.906,12.53771,12.53952,0.00,0.00
2017.04.06 13:50:31.057,12.53679,12.53928,0.00,0.00
2017.04.06 13:50:31.258,12.53699,12.53929,0.00,0.00
2017.04.06 13:50:31.309,12.53729,12.53968,0.00,0.00
2017.04.06 13:50:31.937,12.53738,12.53968,0.00,0.00
2017.04.06 13:50:32.446,12.53729,12.53968,0.00,0.00
2017.04.06 13:50:34.156,12.53699,12.53888,0.00,0.00
2017.04.06 13:50:34.504,12.53691,12.53878,0.00,0.00
2017.04.06 13:50:34.814,12.53639,12.53878,0.00,0.00
2017.04.06 13:50:34.945,12.53649,12.53878,0.00,0.00
2017.04.06 13:50:35.258,12.53678,12.53878,0.00,0.00
2017.04.06 13:50:35.309,12.53678,12.53889,0.00,0.00
2017.04.06 13:50:35.410,12.53669,12.53889,0.00,0.00
2017.04.06 13:50:35.588,12.53629,12.53889,0.00,0.00
2017.04.06 13:50:35.770,12.53668,12.53889,0.00,0.00
2017.04.06 13:50:35.963,12.53638,12.53889,0.00,0.00
2017.04.06 13:50:36.089,12.53658,12.53889,0.00,0.00
2017.04.06 13:50:36.148,12.53638,12.53889,0.00,0.00
2017.04.06 13:50:36.392,12.53691,12.53922,0.00,0.00
2017.04.06 13:50:36.716,12.53739,12.53969,0.00,0.00
2017.04.06 13:50:37.596,12.53719,12.53889,0.00,0.00
2017.04.06 13:50:37.751,12.53658,12.53889,0.00,0.00
2017.04.06 13:50:38.015,12.53639,12.53889,0.00,0.00
2017.04.06 13:50:38.181,12.53658,12.53889,0.00,0.00
2017.04.06 13:50:38.535,12.53668,12.53889,0.00,0.00
2017.04.06 13:50:38.585,12.53639,12.53889,0.00,0.00
2017.04.06 13:50:38.874,12.53659,12.53889,0.00,0.00
2017.04.06 13:50:39.157,12.53648,12.53889,0.00,0.00
2017.04.06 13:50:39.292,12.53658,12.53889,0.00,0.00
2017.04.06 13:50:39.454,12.53639,12.53889,0.00,0.00
2017.04.06 13:50:40.055,12.53658,12.53889,0.00,0.00
2017.04.06 13:50:40.106,12.53691,12.53942,0.00,0.00
2017.04.06 13:50:40.157,12.53691,12.53879,0.00,0.00
2017.04.06 13:50:40.875,12.53638,12.53879,0.00,0.00
2017.04.06 13:50:40.988,12.53658,12.53879,0.00,0.00
2017.04.06 13:50:41.057,12.53638,12.53879,0.00,0.00
2017.04.06 13:50:41.281,12.53648,12.53879,0.00,0.00
2017.04.06 13:50:41.358,12.53638,12.53879,0.00,0.00
2017.04.06 13:50:41.659,12.53648,12.53879,0.00,0.00
2017.04.06 13:50:41.859,12.53638,12.53879,0.00,0.00
2017.04.06 13:50:43.562,12.53648,12.53879,0.00,0.00
2017.04.06 13:50:43.663,12.53638,12.53879,0.00,0.00
2017.04.06 13:50:44.501,12.53689,12.53879,0.00,0.00
2017.04.06 13:50:44.610,12.53658,12.53879,0.00,0.00
2017.04.06 13:50:44.978,12.53639,12.53879,0.00,0.00
2017.04.06 13:50:45.667,12.53648,12.53879,0.00,0.00
2017.04.06 13:50:45.776,12.53639,12.53879,0.00,0.00
2017.04.06 13:50:45.868,12.53659,12.53879,0.00,0.00
2017.04.06 13:50:46.167,12.53689,12.53961,0.00,0.00
2017.04.06 13:50:46.268,12.53739,12.53961,0.00,0.00
2017.04.06 13:50:46.370,12.53739,12.53978,0.00,0.00
2017.04.06 13:50:47.879,12.53708,12.53888,0.00,0.00
2017.04.06 13:50:47.981,12.53688,12.53888,0.00,0.00
2017.04.06 13:50:48.075,12.53628,12.53888,0.00,0.00
2017.04.06 13:50:48.476,12.53659,12.53888,0.00,0.00
2017.04.06 13:50:48.578,12.53628,12.53888,0.00,0.00
2017.04.06 13:50:48.690,12.53649,12.53888,0.00,0.00
2017.04.06 13:50:48.914,12.53628,12.53888,0.00,0.00
2017.04.06 13:50:49.780,12.53629,12.53888,0.00,0.00
2017.04.06 13:50:49.985,12.53628,12.53868,0.00,0.00
2017.04.06 13:50:50.298,12.53649,12.53868,0.00,0.00
2017.04.06 13:50:50.782,12.53638,12.53868,0.00,0.00
2017.04.06 13:50:50.883,12.53658,12.53868,0.00,0.00
2017.04.06 13:50:51.117,12.53628,12.53868,0.00,0.00
2017.04.06 13:50:51.184,12.53649,12.53868,0.00,0.00
2017.04.06 13:50:51.384,12.53628,12.53868,0.00,0.00
2017.04.06 13:50:51.525,12.53658,12.53868,0.00,0.00
2017.04.06 13:50:51.626,12.53648,12.53868,0.00,0.00
2017.04.06 13:50:51.734,12.53629,12.53868,0.00,0.00
2017.04.06 13:50:52.186,12.53658,12.53868,0.00,0.00
2017.04.06 13:50:52.386,12.53629,12.53868,0.00,0.00
2017.04.06 13:50:52.587,12.53659,12.53868,0.00,0.00
2017.04.06 13:50:52.687,12.53649,12.53868,0.00,0.00
2017.04.06 13:50:52.824,12.53658,12.53868,0.00,0.00
2017.04.06 13:50:52.924,12.53648,12.53868,0.00,0.00
2017.04.06 13:50:53.517,12.53659,12.53868,0.00,0.00
2017.04.06 13:50:53.924,12.53729,12.53941,0.00,0.00
2017.04.06 13:50:54.026,12.53729,12.53951,0.00,0.00
2017.04.06 13:50:54.128,12.53729,12.53969,0.00,0.00
2017.04.06 13:50:54.419,12.53738,12.53969,0.00,0.00
2017.04.06 13:50:54.991,12.53729,12.53969,0.00,0.00
2017.04.06 13:50:55.785,12.53718,12.53911,0.00,0.00
2017.04.06 13:50:55.835,12.53678,12.53879,0.00,0.00
2017.04.06 13:50:55.942,12.53678,12.53962,0.00,0.00
2017.04.06 13:50:55.995,12.53678,12.53912,0.00,0.00
2017.04.06 13:50:56.397,12.53729,12.53968,0.00,0.00
2017.04.06 13:50:56.522,12.53748,12.53968,0.00,0.00
2017.04.06 13:50:56.798,12.53739,12.53968,0.00,0.00
2017.04.06 13:50:56.899,12.53729,12.53968,0.00,0.00
2017.04.06 13:50:57.029,12.53698,12.53878,0.00,0.00
2017.04.06 13:50:57.130,12.53691,12.53879,0.00,0.00
2017.04.06 13:50:57.281,12.53728,12.53922,0.00,0.00
2017.04.06 13:50:57.435,12.53728,12.53961,0.00,0.00
2017.04.06 13:50:57.535,12.53738,12.53969,0.00,0.00
2017.04.06 13:50:57.642,12.53729,12.53969,0.00,0.00
2017.04.06 13:50:57.700,12.53739,12.53969,0.00,0.00
2017.04.06 13:50:58.101,12.53728,12.53969,0.00,0.00
2017.04.06 13:50:58.202,12.53728,12.53961,0.00,0.00
2017.04.06 13:50:58.333,12.53728,12.53969,0.00,0.00
2017.04.06 13:50:58.609,12.53728,12.53961,0.00,0.00
2017.04.06 13:50:58.941,12.53648,12.53878,0.00,0.00
2017.04.06 13:50:59.002,12.53639,12.53878,0.00,0.00
2017.04.06 13:50:59.533,12.53638,12.53878,0.00,0.00
2017.04.06 13:50:59.703,12.53649,12.53878,0.00,0.00
2017.04.06 13:51:00.304,12.53639,12.53878,0.00,0.00
2017.04.06 13:51:00.405,12.53648,12.53878,0.00,0.00
2017.04.06 13:51:00.619,12.53638,12.53878,0.00,0.00
2017.04.06 13:51:01.126,12.53668,12.53878,0.00,0.00
2017.04.06 13:51:01.334,12.53648,12.53878,0.00,0.00
2017.04.06 13:51:01.453,12.53668,12.53878,0.00,0.00
2017.04.06 13:51:01.716,12.53648,12.53878,0.00,0.00
2017.04.06 13:51:02.007,12.53669,12.53878,0.00,0.00
2017.04.06 13:51:02.107,12.53639,12.53878,0.00,0.00
2017.04.06 13:51:02.315,12.53668,12.53878,0.00,0.00
2017.04.06 13:51:02.418,12.53638,12.53878,0.00,0.00
2017.04.06 13:51:02.547,12.53669,12.53878,0.00,0.00
2017.04.06 13:51:02.725,12.53638,12.53878,0.00,0.00
2017.04.06 13:51:02.901,12.53648,12.53878,0.00,0.00
2017.04.06 13:51:03.110,12.53628,12.53878,0.00,0.00
2017.04.06 13:51:03.466,12.53631,12.53878,0.00,0.00
2017.04.06 13:51:03.811,12.53729,12.53969,0.00,0.00
2017.04.06 13:51:04.333,12.53728,12.53969,0.00,0.00
2017.04.06 13:51:04.875,12.53729,12.53969,0.00,0.00
2017.04.06 13:51:05.203,12.53739,12.53969,0.00,0.00
2017.04.06 13:51:05.376,12.53728,12.53969,0.00,0.00
2017.04.06 13:51:07.034,12.53729,12.53969,0.00,0.00
2017.04.06 13:51:07.768,12.53728,12.53969,0.00,0.00
2017.04.06 13:51:08.889,12.53729,12.53969,0.00,0.00
2017.04.06 13:51:09.552,12.53728,12.53969,0.00,0.00
2017.04.06 13:51:10.025,12.53691,12.53878,0.00,0.00
2017.04.06 13:51:10.404,12.53691,12.53868,0.00,0.00
2017.04.06 13:51:10.800,12.53629,12.53868,0.00,0.00
2017.04.06 13:51:10.851,12.53639,12.53868,0.00,0.00
2017.04.06 13:51:11.075,12.53628,12.53868,0.00,0.00
2017.04.06 13:51:11.126,12.53638,12.53868,0.00,0.00
2017.04.06 13:51:11.426,12.53628,12.53868,0.00,0.00
2017.04.06 13:51:12.227,12.53629,12.53868,0.00,0.00
2017.04.06 13:51:12.328,12.53638,12.53868,0.00,0.00
2017.04.06 13:51:12.651,12.53628,12.53868,0.00,0.00
2017.04.06 13:51:12.728,12.53649,12.53868,0.00,0.00
2017.04.06 13:51:13.047,12.53628,12.53868,0.00,0.00
2017.04.06 13:51:13.237,12.53649,12.53868,0.00,0.00
2017.04.06 13:51:13.553,12.53699,12.53879,0.00,0.00
2017.04.06 13:51:13.654,12.53691,12.53879,0.00,0.00
2017.04.06 13:51:14.080,12.53691,12.53912,0.00,0.00
2017.04.06 13:51:14.131,12.53691,12.53932,0.00,0.00
2017.04.06 13:51:14.181,12.53691,12.53902,0.00,0.00
2017.04.06 13:51:14.232,12.53728,12.53959,0.00,0.00
2017.04.06 13:51:15.551,12.53738,12.53959,0.00,0.00
2017.04.06 13:51:16.162,12.53739,12.53959,0.00,0.00
2017.04.06 13:51:16.674,12.53778,12.54021,0.00,0.00
2017.04.06 13:51:16.778,12.53829,12.54012,0.00,0.00
2017.04.06 13:51:16.879,12.53829,12.54048,0.00,0.00
2017.04.06 13:51:18.089,12.53882,12.54048,0.00,0.00
2017.04.06 13:51:18.240,12.53961,12.54142,0.00,0.00
2017.04.06 13:51:18.291,12.54101,12.54201,0.00,0.00
2017.04.06 13:51:18.341,12.54101,12.54311,0.00,0.00
2017.04.06 13:51:18.392,12.54138,12.54312,0.00,0.00
2017.04.06 13:51:18.442,12.54138,12.54368,0.00,0.00
2017.04.06 13:51:18.543,12.54101,12.54259,0.00,0.00
2017.04.06 13:51:18.867,12.54101,12.54218,0.00,0.00
2017.04.06 13:51:19.163,12.54101,12.54229,0.00,0.00
2017.04.06 13:51:19.264,12.54098,12.54229,0.00,0.00
2017.04.06 13:51:20.213,12.54108,12.54229,0.00,0.00
2017.04.06 13:51:21.000,12.54108,12.54238,0.00,0.00
2017.04.06 13:51:24.456,12.54122,12.54238,0.00,0.00
2017.04.06 13:51:24.507,12.54159,12.54291,0.00,0.00
2017.04.06 13:51:24.608,12.54208,12.54321,0.00,0.00
2017.04.06 13:51:24.658,12.54208,12.54348,0.00,0.00
2017.04.06 13:51:24.818,12.54208,12.54329,0.00,0.00
2017.04.06 13:51:25.154,12.54208,12.54319,0.00,0.00
2017.04.06 13:51:25.403,12.54208,12.54339,0.00,0.00
2017.04.06 13:51:25.607,12.54208,12.54329,0.00,0.00
2017.04.06 13:51:27.365,12.54159,12.54329,0.00,0.00
2017.04.06 13:51:27.415,12.54148,12.54248,0.00,0.00
2017.04.06 13:51:27.516,12.54109,12.54218,0.00,0.00
2017.04.06 13:51:27.865,12.54118,12.54218,0.00,0.00
2017.04.06 13:51:28.515,12.54019,12.54134,0.00,0.00
2017.04.06 13:51:28.616,12.54019,12.54119,0.00,0.00
2017.04.06 13:51:29.158,12.54018,12.54119,0.00,0.00
2017.04.06 13:51:30.119,12.54092,12.54192,0.00,0.00
2017.04.06 13:51:30.169,12.54109,12.54209,0.00,0.00
2017.04.06 13:51:30.220,12.54118,12.54228,0.00,0.00
2017.04.06 13:51:30.877,12.54118,12.54219,0.00,0.00
2017.04.06 13:51:31.809,12.54118,12.54229,0.00,0.00
2017.04.06 13:51:35.331,12.54118,12.54218,0.00,0.00
2017.04.06 13:51:35.590,12.54018,12.54129,0.00,0.00
2017.04.06 13:51:36.428,12.54008,12.54108,0.00,0.00
2017.04.06 13:51:38.583,12.54018,12.54118,0.00,0.00
2017.04.06 13:51:40.219,12.54109,12.54209,0.00,0.00
2017.04.06 13:51:40.454,12.54118,12.54218,0.00,0.00
2017.04.06 13:51:40.776,12.54068,12.54218,0.00,0.00
2017.04.06 13:51:40.827,12.54028,12.54154,0.00,0.00
2017.04.06 13:51:40.974,12.54028,12.54128,0.00,0.00
2017.04.06 13:51:41.025,12.54019,12.54128,0.00,0.00
2017.04.06 13:51:41.177,12.54028,12.54128,0.00,0.00
2017.04.06 13:51:41.228,12.54068,12.54219,0.00,0.00
2017.04.06 13:51:41.329,12.54118,12.54219,0.00,0.00
2017.04.06 13:51:41.530,12.54021,12.54128,0.00,0.00
2017.04.06 13:51:41.994,12.54018,12.54128,0.00,0.00
2017.04.06 13:51:42.458,12.54018,12.54118,0.00,0.00
2017.04.06 13:51:44.841,12.54028,12.54128,0.00,0.00
2017.04.06 13:51:44.910,12.54018,12.54118,0.00,0.00
2017.04.06 13:51:45.422,12.54028,12.54128,0.00,0.00
2017.04.06 13:51:45.523,12.54018,12.54118,0.00,0.00
2017.04.06 13:51:53.423,12.53999,12.54099,0.00,0.00
2017.04.06 13:51:56.377,12.54018,12.54129,0.00,0.00
2017.04.06 13:51:59.964,12.53939,12.54129,0.00,0.00
2017.04.06 13:52:03.819,12.53898,12.54029,0.00,0.00
2017.04.06 13:52:03.870,12.53879,12.54029,0.00,0.00
2017.04.06 13:52:03.998,12.53871,12.54029,0.00,0.00
2017.04.06 13:52:04.278,12.53879,12.54029,0.00,0.00
2017.04.06 13:52:04.379,12.53871,12.54029,0.00,0.00
2017.04.06 13:52:04.513,12.53799,12.54029,0.00,0.00
2017.04.06 13:52:04.564,12.53799,12.53928,0.00,0.00
2017.04.06 13:52:04.615,12.53739,12.53928,0.00,0.00
2017.04.06 13:52:04.768,12.53769,12.53928,0.00,0.00
2017.04.06 13:52:04.969,12.53739,12.53928,0.00,0.00
2017.04.06 13:52:05.672,12.53748,12.53928,0.00,0.00
2017.04.06 13:52:05.893,12.53739,12.53928,0.00,0.00
2017.04.06 13:52:05.971,12.53749,12.53928,0.00,0.00
2017.04.06 13:52:06.072,12.53739,12.53928,0.00,0.00
2017.04.06 13:52:06.223,12.53749,12.53928,0.00,0.00
2017.04.06 13:52:06.373,12.53739,12.53928,0.00,0.00
2017.04.06 13:52:06.473,12.53749,12.53928,0.00,0.00
2017.04.06 13:52:06.617,12.53739,12.53928,0.00,0.00
2017.04.06 13:52:06.894,12.53748,12.53928,0.00,0.00
2017.04.06 13:52:07.199,12.53691,12.53828,0.00,0.00
2017.04.06 13:52:07.829,12.53591,12.53828,0.00,0.00
2017.04.06 13:52:07.879,12.53619,12.53728,0.00,0.00
2017.04.06 13:52:07.980,12.53591,12.53728,0.00,0.00
2017.04.06 13:52:08.414,12.53568,12.53728,0.00,0.00
2017.04.06 13:52:08.490,12.53538,12.53728,0.00,0.00
2017.04.06 13:52:08.714,12.53569,12.53728,0.00,0.00
2017.04.06 13:52:08.883,12.53549,12.53728,0.00,0.00
2017.04.06 13:52:08.984,12.53638,12.53818,0.00,0.00
2017.04.06 13:52:09.185,12.53618,12.53739,0.00,0.00
2017.04.06 13:52:09.286,12.53569,12.53739,0.00,0.00
2017.04.06 13:52:09.387,12.53558,12.53739,0.00,0.00
2017.04.06 13:52:10.046,12.53548,12.53739,0.00,0.00
2017.04.06 13:52:10.097,12.53538,12.53739,0.00,0.00
2017.04.06 13:52:10.414,12.53558,12.53739,0.00,0.00
2017.04.06 13:52:10.615,12.53438,12.53722,0.00,0.00
2017.04.06 13:52:10.716,12.53539,12.53729,0.00,0.00
2017.04.06 13:52:11.128,12.53569,12.53739,0.00,0.00
2017.04.06 13:52:11.229,12.53558,12.53739,0.00,0.00
2017.04.06 13:52:11.330,12.53539,12.53739,0.00,0.00
2017.04.06 13:52:11.392,12.53579,12.53739,0.00,0.00
2017.04.06 13:52:11.510,12.53558,12.53739,0.00,0.00
2017.04.06 13:52:11.614,12.53539,12.53739,0.00,0.00
2017.04.06 13:52:11.715,12.53558,12.53739,0.00,0.00
2017.04.06 13:52:11.826,12.53539,12.53739,0.00,0.00
2017.04.06 13:52:12.044,12.53578,12.53739,0.00,0.00
2017.04.06 13:52:12.095,12.53568,12.53739,0.00,0.00
2017.04.06 13:52:12.205,12.53539,12.53739,0.00,0.00
2017.04.06 13:52:12.513,12.53558,12.53739,0.00,0.00
2017.04.06 13:52:12.598,12.53539,12.53739,0.00,0.00
2017.04.06 13:52:12.699,12.53559,12.53739,0.00,0.00
2017.04.06 13:52:12.900,12.53449,12.53639,0.00,0.00
2017.04.06 13:52:13.247,12.53468,12.53639,0.00,0.00
2017.04.06 13:52:13.348,12.53448,12.53639,0.00,0.00
2017.04.06 13:52:13.401,12.53439,12.53639,0.00,0.00
2017.04.06 13:52:13.903,12.53448,12.53639,0.00,0.00
2017.04.06 13:52:14.238,12.53438,12.53629,0.00,0.00
2017.04.06 13:52:14.866,12.53459,12.53629,0.00,0.00
2017.04.06 13:52:14.920,12.53438,12.53629,0.00,0.00
2017.04.06 13:52:15.007,12.53458,12.53629,0.00,0.00
2017.04.06 13:52:15.108,12.53438,12.53629,0.00,0.00
2017.04.06 13:52:15.308,12.53459,12.53629,0.00,0.00
2017.04.06 13:52:15.536,12.53438,12.53629,0.00,0.00
2017.04.06 13:52:15.609,12.53458,12.53629,0.00,0.00
2017.04.06 13:52:15.855,12.53438,12.53629,0.00,0.00
2017.04.06 13:52:16.253,12.53418,12.53539,0.00,0.00
2017.04.06 13:52:16.354,12.53429,12.53629,0.00,0.00
2017.04.06 13:52:16.404,12.53438,12.53629,0.00,0.00
2017.04.06 13:52:16.744,12.53418,12.53569,0.00,0.00
2017.04.06 13:52:16.851,12.53369,12.53569,0.00,0.00
2017.04.06 13:52:16.911,12.53379,12.53569,0.00,0.00
2017.04.06 13:52:17.112,12.53388,12.53649,0.00,0.00
2017.04.06 13:52:17.213,12.53438,12.53649,0.00,0.00
2017.04.06 13:52:17.529,12.53408,12.53608,0.00,0.00
2017.04.06 13:52:17.629,12.53398,12.53608,0.00,0.00
2017.04.06 13:52:17.680,12.53398,12.53569,0.00,0.00
2017.04.06 13:52:17.731,12.53388,12.53642,0.00,0.00
2017.04.06 13:52:17.781,12.53388,12.53609,0.00,0.00
2017.04.06 13:52:18.121,12.53348,12.53569,0.00,0.00
2017.04.06 13:52:18.417,12.53409,12.53649,0.00,0.00
2017.04.06 13:52:18.467,12.53409,12.53609,0.00,0.00
2017.04.06 13:52:18.518,12.53398,12.53609,0.00,0.00
2017.04.06 13:52:18.627,12.53438,12.53568,0.00,0.00
2017.04.06 13:52:18.728,12.53418,12.53568,0.00,0.00
2017.04.06 13:52:18.899,12.53369,12.53568,0.00,0.00
2017.04.06 13:52:18.979,12.53399,12.53568,0.00,0.00
2017.04.06 13:52:19.029,12.53399,12.53609,0.00,0.00
2017.04.06 13:52:19.130,12.53408,12.53609,0.00,0.00
2017.04.06 13:52:19.331,12.53399,12.53609,0.00,0.00
2017.04.06 13:52:19.504,12.53379,12.53568,0.00,0.00
2017.04.06 13:52:19.741,12.53448,12.53648,0.00,0.00
2017.04.06 13:52:19.841,12.53409,12.53609,0.00,0.00
2017.04.06 13:52:20.147,12.53448,12.53648,0.00,0.00
2017.04.06 13:52:20.907,12.53448,12.53668,0.00,0.00
2017.04.06 13:52:21.066,12.53458,12.53668,0.00,0.00
2017.04.06 13:52:21.169,12.53458,12.53698,0.00,0.00
2017.04.06 13:52:21.325,12.53448,12.53698,0.00,0.00
2017.04.06 13:52:21.525,12.53458,12.53698,0.00,0.00
2017.04.06 13:52:21.841,12.53448,12.53698,0.00,0.00
2017.04.06 13:52:22.327,12.53458,12.53698,0.00,0.00
2017.04.06 13:52:22.428,12.53448,12.53698,0.00,0.00
2017.04.06 13:52:22.627,12.53468,12.53698,0.00,0.00
2017.04.06 13:52:23.134,12.53449,12.53698,0.00,0.00
2017.04.06 13:52:23.260,12.53468,12.53698,0.00,0.00
2017.04.06 13:52:23.586,12.53448,12.53698,0.00,0.00
2017.04.06 13:52:23.837,12.53459,12.53698,0.00,0.00
2017.04.06 13:52:24.131,12.53448,12.53698,0.00,0.00
2017.04.06 13:52:24.344,12.53469,12.53698,0.00,0.00
2017.04.06 13:52:24.532,12.53458,12.53698,0.00,0.00
2017.04.06 13:52:24.641,12.53468,12.53698,0.00,0.00
2017.04.06 13:52:24.742,12.53448,12.53698,0.00,0.00
2017.04.06 13:52:25.251,12.53518,12.53698,0.00,0.00
2017.04.06 13:52:27.590,12.53518,12.53719,0.00,0.00
2017.04.06 13:52:27.753,12.53518,12.53739,0.00,0.00
2017.04.06 13:52:32.436,12.53522,12.53739,0.00,0.00
2017.04.06 13:52:32.654,12.53619,12.53848,0.00,0.00
2017.04.06 13:52:32.861,12.53619,12.53841,0.00,0.00
2017.04.06 13:52:32.955,12.53619,12.53848,0.00,0.00
2017.04.06 13:52:33.489,12.53619,12.53842,0.00,0.00
2017.04.06 13:52:33.902,12.53619,12.53848,0.00,0.00
2017.04.06 13:52:34.705,12.53619,12.53842,0.00,0.00
2017.04.06 13:52:34.760,12.53619,12.53848,0.00,0.00
2017.04.06 13:52:35.762,12.53619,12.53841,0.00,0.00
2017.04.06 13:52:35.873,12.53619,12.53848,0.00,0.00
2017.04.06 13:52:36.364,12.53619,12.53842,0.00,0.00
2017.04.06 13:52:36.467,12.53619,12.53848,0.00,0.00
2017.04.06 13:52:36.518,12.53629,12.53848,0.00,0.00
2017.04.06 13:52:37.280,12.53629,12.53841,0.00,0.00
2017.04.06 13:52:37.767,12.53629,12.53848,0.00,0.00
2017.04.06 13:52:39.470,12.53678,12.53848,0.00,0.00
2017.04.06 13:52:39.749,12.53648,12.53858,0.00,0.00
2017.04.06 13:52:39.800,12.53669,12.53858,0.00,0.00
2017.04.06 13:52:39.901,12.53628,12.53831,0.00,0.00
2017.04.06 13:52:40.104,12.53628,12.53858,0.00,0.00
2017.04.06 13:52:40.210,12.53628,12.53851,0.00,0.00
2017.04.06 13:52:40.373,12.53628,12.53858,0.00,0.00
2017.04.06 13:52:40.578,12.53628,12.53831,0.00,0.00
2017.04.06 13:52:40.692,12.53628,12.53858,0.00,0.00
2017.04.06 13:52:41.014,12.53628,12.53852,0.00,0.00
2017.04.06 13:52:41.348,12.53628,12.53832,0.00,0.00
2017.04.06 13:52:41.398,12.53628,12.53851,0.00,0.00
2017.04.06 13:52:41.475,12.53628,12.53858,0.00,0.00
2017.04.06 13:52:41.689,12.53628,12.53832,0.00,0.00
2017.04.06 13:52:41.776,12.53628,12.53858,0.00,0.00
2017.04.06 13:52:41.882,12.53628,12.53832,0.00,0.00
2017.04.06 13:52:42.211,12.53628,12.53852,0.00,0.00
2017.04.06 13:52:42.277,12.53628,12.53858,0.00,0.00
2017.04.06 13:52:42.502,12.53628,12.53831,0.00,0.00
2017.04.06 13:52:42.678,12.53628,12.53852,0.00,0.00
2017.04.06 13:52:42.916,12.53628,12.53832,0.00,0.00
2017.04.06 13:52:43.103,12.53628,12.53858,0.00,0.00
2017.04.06 13:52:43.220,12.53628,12.53832,0.00,0.00
2017.04.06 13:52:43.680,12.53628,12.53858,0.00,0.00
2017.04.06 13:52:43.828,12.53628,12.53832,0.00,0.00
2017.04.06 13:52:44.206,12.53628,12.53821,0.00,0.00
2017.04.06 13:52:44.315,12.53628,12.53851,0.00,0.00
2017.04.06 13:52:44.830,12.53628,12.53822,0.00,0.00
2017.04.06 13:52:44.930,12.53628,12.53851,0.00,0.00
2017.04.06 13:52:44.984,12.53628,12.53822,0.00,0.00
2017.04.06 13:52:45.115,12.53628,12.53852,0.00,0.00
2017.04.06 13:52:45.221,12.53628,12.53822,0.00,0.00
2017.04.06 13:52:45.402,12.53628,12.53851,0.00,0.00
2017.04.06 13:52:45.453,12.53628,12.53822,0.00,0.00
2017.04.06 13:52:45.735,12.53628,12.53832,0.00,0.00
2017.04.06 13:52:45.786,12.53628,12.53851,0.00,0.00
2017.04.06 13:52:46.008,12.53628,12.53822,0.00,0.00
2017.04.06 13:52:46.124,12.53628,12.53831,0.00,0.00
2017.04.06 13:52:46.225,12.53628,12.53851,0.00,0.00
2017.04.06 13:52:46.507,12.53628,12.53821,0.00,0.00
2017.04.06 13:52:46.813,12.53628,12.53851,0.00,0.00
2017.04.06 13:52:47.102,12.53628,12.53822,0.00,0.00
2017.04.06 13:52:47.411,12.53628,12.53831,0.00,0.00
2017.04.06 13:52:47.536,12.53628,12.53821,0.00,0.00
2017.04.06 13:52:47.841,12.53628,12.53832,0.00,0.00
2017.04.06 13:52:47.891,12.53628,12.53822,0.00,0.00
2017.04.06 13:52:48.091,12.53628,12.53832,0.00,0.00
2017.04.06 13:52:48.197,12.53628,12.53852,0.00,0.00
2017.04.06 13:52:48.315,12.53628,12.53821,0.00,0.00
2017.04.06 13:52:48.556,12.53628,12.53852,0.00,0.00
2017.04.06 13:52:48.693,12.53628,12.53832,0.00,0.00
2017.04.06 13:52:49.094,12.53628,12.53822,0.00,0.00
2017.04.06 13:52:49.295,12.53628,12.53858,0.00,0.00
2017.04.06 13:52:49.428,12.53628,12.53822,0.00,0.00
2017.04.06 13:52:49.534,12.53628,12.53832,0.00,0.00
2017.04.06 13:52:49.584,12.53673,12.53832,0.00,0.00
2017.04.06 13:52:49.635,12.53673,12.53852,0.00,0.00
2017.04.06 13:52:49.686,12.53723,12.53852,0.00,0.00
2017.04.06 13:52:49.736,12.53723,12.53939,0.00,0.00
2017.04.06 13:52:49.926,12.53723,12.53911,0.00,0.00
2017.04.06 13:52:49.997,12.53723,12.53939,0.00,0.00
2017.04.06 13:52:50.430,12.53723,12.53921,0.00,0.00
2017.04.06 13:52:51.417,12.53728,12.53912,0.00,0.00
2017.04.06 13:52:51.866,12.53728,12.53939,0.00,0.00
2017.04.06 13:52:51.917,12.53728,12.53922,0.00,0.00
2017.04.06 13:52:52.220,12.53728,12.53939,0.00,0.00
2017.04.06 13:52:52.504,12.53728,12.53912,0.00,0.00
2017.04.06 13:52:52.819,12.53728,12.53921,0.00,0.00
2017.04.06 13:52:52.920,12.53728,12.53939,0.00,0.00
2017.04.06 13:52:53.329,12.53728,12.53911,0.00,0.00
2017.04.06 13:52:53.708,12.53728,12.53882,0.00,0.00
2017.04.06 13:52:53.937,12.53728,12.53892,0.00,0.00
2017.04.06 13:52:54.038,12.53728,12.53939,0.00,0.00
2017.04.06 13:52:54.109,12.53728,12.53872,0.00,0.00
2017.04.06 13:52:54.255,12.53728,12.53902,0.00,0.00
2017.04.06 13:52:54.356,12.53728,12.53932,0.00,0.00
2017.04.06 13:52:54.618,12.53728,12.53922,0.00,0.00
2017.04.06 13:52:54.832,12.53728,12.53939,0.00,0.00
2017.04.06 13:52:54.985,12.53779,12.53942,0.00,0.00
2017.04.06 13:52:55.035,12.53779,12.53961,0.00,0.00
2017.04.06 13:52:55.086,12.53829,12.53961,0.00,0.00
2017.04.06 13:52:55.136,12.53829,12.54021,0.00,0.00
2017.04.06 13:52:55.244,12.53719,12.53958,0.00,0.00
2017.04.06 13:52:55.346,12.53748,12.53958,0.00,0.00
2017.04.06 13:52:55.714,12.53718,12.53942,0.00,0.00
2017.04.06 13:52:55.935,12.53718,12.53911,0.00,0.00
2017.04.06 13:52:56.041,12.53718,12.53942,0.00,0.00
2017.04.06 13:52:56.216,12.53718,12.53921,0.00,0.00
2017.04.06 13:52:56.424,12.53718,12.53951,0.00,0.00
2017.04.06 13:52:56.728,12.53718,12.53921,0.00,0.00
2017.04.06 13:52:56.959,12.53718,12.53958,0.00,0.00
2017.04.06 13:52:57.018,12.53718,12.53911,0.00,0.00
2017.04.06 13:52:57.138,12.53718,12.53922,0.00,0.00
2017.04.06 13:52:57.219,12.53718,12.53901,0.00,0.00
2017.04.06 13:52:57.320,12.53718,12.53941,0.00,0.00
2017.04.06 13:52:57.420,12.53718,12.53882,0.00,0.00
2017.04.06 13:52:57.930,12.53718,12.53892,0.00,0.00
2017.04.06 13:52:58.069,12.53718,12.53882,0.00,0.00
2017.04.06 13:52:58.222,12.53718,12.53891,0.00,0.00
2017.04.06 13:52:58.523,12.53718,12.53881,0.00,0.00
2017.04.06 13:52:58.724,12.53718,12.53891,0.00,0.00
2017.04.06 13:52:59.131,12.53718,12.53942,0.00,0.00
2017.04.06 13:52:59.338,12.53718,12.53921,0.00,0.00
2017.04.06 13:53:00.031,12.53718,12.53932,0.00,0.00
2017.04.06 13:53:00.233,12.53718,12.53922,0.00,0.00
2017.04.06 13:53:00.342,12.53718,12.53932,0.00,0.00
2017.04.06 13:53:00.629,12.53718,12.53922,0.00,0.00
2017.04.06 13:53:01.002,12.53718,12.53902,0.00,0.00
2017.04.06 13:53:01.130,12.53718,12.53921,0.00,0.00
2017.04.06 13:53:01.300,12.53718,12.53882,0.00,0.00
2017.04.06 13:53:01.354,12.53718,12.53901,0.00,0.00
2017.04.06 13:53:01.467,12.53718,12.53932,0.00,0.00
2017.04.06 13:53:01.570,12.53718,12.53902,0.00,0.00
2017.04.06 13:53:01.861,12.53718,12.53922,0.00,0.00
2017.04.06 13:53:01.933,12.53718,12.53941,0.00,0.00
2017.04.06 13:53:02.034,12.53718,12.53951,0.00,0.00
2017.04.06 13:53:02.278,12.53718,12.53942,0.00,0.00
2017.04.06 13:53:02.597,12.53718,12.53912,0.00,0.00
2017.04.06 13:53:02.767,12.53718,12.53941,0.00,0.00
2017.04.06 13:53:02.873,12.53718,12.53912,0.00,0.00
2017.04.06 13:53:02.937,12.53718,12.53931,0.00,0.00
2017.04.06 13:53:03.037,12.53718,12.53941,0.00,0.00
2017.04.06 13:53:03.261,12.53718,12.53911,0.00,0.00
2017.04.06 13:53:03.362,12.53718,12.53932,0.00,0.00
2017.04.06 13:53:03.739,12.53718,12.53911,0.00,0.00
2017.04.06 13:53:04.172,12.53819,12.53919,0.00,0.00
2017.04.06 13:53:04.273,12.53819,12.53972,0.00,0.00
2017.04.06 13:53:04.500,12.53819,12.54001,0.00,0.00
2017.04.06 13:53:04.553,12.53819,12.53962,0.00,0.00
2017.04.06 13:53:04.772,12.53819,12.53982,0.00,0.00
2017.04.06 13:53:04.885,12.53819,12.54022,0.00,0.00
2017.04.06 13:53:04.936,12.53768,12.53979,0.00,0.00
2017.04.06 13:53:05.036,12.53818,12.54001,0.00,0.00
2017.04.06 13:53:05.472,12.53818,12.54011,0.00,0.00
2017.04.06 13:53:05.579,12.53818,12.53981,0.00,0.00
2017.04.06 13:53:05.791,12.53818,12.54002,0.00,0.00
2017.04.06 13:53:05.847,12.53818,12.53961,0.00,0.00
2017.04.06 13:53:06.155,12.53818,12.53982,0.00,0.00
2017.04.06 13:53:06.268,12.53818,12.54001,0.00,0.00
2017.04.06 13:53:06.470,12.53818,12.54012,0.00,0.00
2017.04.06 13:53:06.549,12.53818,12.53982,0.00,0.00
2017.04.06 13:53:06.863,12.53818,12.54011,0.00,0.00
2017.04.06 13:53:06.963,12.53818,12.54022,0.00,0.00
2017.04.06 13:53:07.066,12.53818,12.53972,0.00,0.00
2017.04.06 13:53:07.352,12.53818,12.54011,0.00,0.00
2017.04.06 13:53:07.853,12.53818,12.53991,0.00,0.00
2017.04.06 13:53:08.755,12.53818,12.53982,0.00,0.00
2017.04.06 13:53:08.901,12.53768,12.53979,0.00,0.00
2017.04.06 13:53:09.002,12.53718,12.53912,0.00,0.00
2017.04.06 13:53:10.073,12.53718,12.53931,0.00,0.00
2017.04.06 13:53:10.911,12.53718,12.53911,0.00,0.00
2017.04.06 13:53:11.316,12.53718,12.53932,0.00,0.00
2017.04.06 13:53:11.366,12.53718,12.53911,0.00,0.00
2017.04.06 13:53:12.099,12.53718,12.53921,0.00,0.00
2017.04.06 13:53:12.166,12.53718,12.53942,0.00,0.00
2017.04.06 13:53:12.384,12.53718,12.53912,0.00,0.00
2017.04.06 13:53:12.514,12.53718,12.53922,0.00,0.00
2017.04.06 13:53:12.567,12.53718,12.53892,0.00,0.00
2017.04.06 13:53:12.813,12.53718,12.53951,0.00,0.00
2017.04.06 13:53:13.016,12.53718,12.53921,0.00,0.00
2017.04.06 13:53:13.400,12.53718,12.53882,0.00,0.00
2017.04.06 13:53:13.451,12.53718,12.53922,0.00,0.00
2017.04.06 13:53:13.502,12.53718,12.53932,0.00,0.00
2017.04.06 13:53:13.672,12.53718,12.53951,0.00,0.00
2017.04.06 13:53:13.773,12.53718,12.53922,0.00,0.00
2017.04.06 13:53:14.121,12.53718,12.53902,0.00,0.00
2017.04.06 13:53:14.294,12.53718,12.53969,0.00,0.00
2017.04.06 13:53:14.398,12.53718,12.53952,0.00,0.00
2017.04.06 13:53:15.094,12.53668,12.53921,0.00,0.00
2017.04.06 13:53:15.168,12.53668,12.53878,0.00,0.00
2017.04.06 13:53:15.218,12.53619,12.53878,0.00,0.00
2017.04.06 13:53:15.384,12.53619,12.53832,0.00,0.00
2017.04.06 13:53:15.641,12.53619,12.53861,0.00,0.00
2017.04.06 13:53:15.691,12.53619,12.53841,0.00,0.00
2017.04.06 13:53:15.792,12.53619,12.53861,0.00,0.00
2017.04.06 13:53:15.860,12.53592,12.53782,0.00,0.00
2017.04.06 13:53:15.911,12.53551,12.53782,0.00,0.00
2017.04.06 13:53:16.012,12.53578,12.53781,0.00,0.00
2017.04.06 13:53:16.113,12.53519,12.53732,0.00,0.00
2017.04.06 13:53:16.302,12.53519,12.53762,0.00,0.00
2017.04.06 13:53:16.480,12.53519,12.53768,0.00,0.00
2017.04.06 13:53:16.531,12.53568,12.53768,0.00,0.00
2017.04.06 13:53:16.848,12.53619,12.53869,0.00,0.00
2017.04.06 13:53:16.982,12.53619,12.53842,0.00,0.00
2017.04.06 13:53:17.088,12.53619,12.53852,0.00,0.00
2017.04.06 13:53:17.307,12.53619,12.53869,0.00,0.00
2017.04.06 13:53:17.383,12.53619,12.53811,0.00,0.00
2017.04.06 13:53:17.840,12.53529,12.53779,0.00,0.00
2017.04.06 13:53:17.891,12.53558,12.53779,0.00,0.00
2017.04.06 13:53:18.231,12.53518,12.53731,0.00,0.00
2017.04.06 13:53:18.537,12.53619,12.53832,0.00,0.00
2017.04.06 13:53:18.887,12.53619,12.53802,0.00,0.00
2017.04.06 13:53:19.010,12.53619,12.53821,0.00,0.00
2017.04.06 13:53:19.087,12.53619,12.53782,0.00,0.00
2017.04.06 13:53:19.283,12.53619,12.53821,0.00,0.00
2017.04.06 13:53:19.334,12.53619,12.53841,0.00,0.00
2017.04.06 13:53:19.390,12.53619,12.53831,0.00,0.00
2017.04.06 13:53:19.735,12.53528,12.53779,0.00,0.00
2017.04.06 13:53:19.836,12.53518,12.53742,0.00,0.00
2017.04.06 13:53:20.308,12.53568,12.53742,0.00,0.00
2017.04.06 13:53:20.409,12.53568,12.53752,0.00,0.00
2017.04.06 13:53:20.460,12.53619,12.53752,0.00,0.00
2017.04.06 13:53:20.511,12.53619,12.53811,0.00,0.00
2017.04.06 13:53:20.921,12.53568,12.53802,0.00,0.00
2017.04.06 13:53:20.972,12.53522,12.53779,0.00,0.00
2017.04.06 13:53:21.023,12.53522,12.53731,0.00,0.00
2017.04.06 13:53:21.138,12.53522,12.53741,0.00,0.00
2017.04.06 13:53:21.329,12.53519,12.53741,0.00,0.00
2017.04.06 13:53:21.430,12.53519,12.53772,0.00,0.00
2017.04.06 13:53:21.643,12.53519,12.53752,0.00,0.00
2017.04.06 13:53:21.696,12.53519,12.53771,0.00,0.00
2017.04.06 13:53:21.872,12.53519,12.53752,0.00,0.00
2017.04.06 13:53:22.199,12.53519,12.53772,0.00,0.00
2017.04.06 13:53:22.732,12.53519,12.53751,0.00,0.00
2017.04.06 13:53:22.838,12.53519,12.53779,0.00,0.00
2017.04.06 13:53:22.943,12.53519,12.53772,0.00,0.00
2017.04.06 13:53:23.283,12.53519,12.53741,0.00,0.00
2017.04.06 13:53:23.334,12.53519,12.53751,0.00,0.00
2017.04.06 13:53:23.542,12.53519,12.53772,0.00,0.00
2017.04.06 13:53:23.705,12.53519,12.53741,0.00,0.00
2017.04.06 13:53:23.835,12.53519,12.53771,0.00,0.00
2017.04.06 13:53:23.904,12.53519,12.53762,0.00,0.00
2017.04.06 13:53:24.271,12.53618,12.53841,0.00,0.00
2017.04.06 13:53:24.590,12.53618,12.53832,0.00,0.00
2017.04.06 13:53:24.641,12.53618,12.53852,0.00,0.00
2017.04.06 13:53:24.755,12.53618,12.53832,0.00,0.00
2017.04.06 13:53:25.080,12.53618,12.53822,0.00,0.00
2017.04.06 13:53:25.209,12.53618,12.53832,0.00,0.00
2017.04.06 13:53:25.312,12.53618,12.53822,0.00,0.00
2017.04.06 13:53:25.410,12.53618,12.53832,0.00,0.00
2017.04.06 13:53:25.553,12.53618,12.53858,0.00,0.00
2017.04.06 13:53:25.950,12.53618,12.53841,0.00,0.00
2017.04.06 13:53:26.285,12.53618,12.53811,0.00,0.00
2017.04.06 13:53:26.336,12.53618,12.53831,0.00,0.00
2017.04.06 13:53:26.414,12.53618,12.53801,0.00,0.00
2017.04.06 13:53:26.644,12.53618,12.53822,0.00,0.00
2017.04.06 13:53:26.748,12.53618,12.53851,0.00,0.00
2017.04.06 13:53:27.040,12.53618,12.53831,0.00,0.00
2017.04.06 13:53:27.428,12.53618,12.53821,0.00,0.00
2017.04.06 13:53:27.633,12.53519,12.53768,0.00,0.00
2017.04.06 13:53:27.735,12.53519,12.53741,0.00,0.00
2017.04.06 13:53:27.851,12.53519,12.53768,0.00,0.00
2017.04.06 13:53:27.953,12.53519,12.53742,0.00,0.00
2017.04.06 13:53:28.738,12.53519,12.53762,0.00,0.00
2017.04.06 13:53:28.842,12.53519,12.53768,0.00,0.00
2017.04.06 13:53:28.943,12.53519,12.53742,0.00,0.00
2017.04.06 13:53:29.447,12.53519,12.53762,0.00,0.00
2017.04.06 13:53:29.524,12.53519,12.53731,0.00,0.00
2017.04.06 13:53:29.625,12.53489,12.53741,0.00,0.00
2017.04.06 13:53:29.764,12.53489,12.53751,0.00,0.00
2017.04.06 13:53:29.965,12.53489,12.53722,0.00,0.00
2017.04.06 13:53:30.298,12.53489,12.53711,0.00,0.00
2017.04.06 13:53:30.636,12.53489,12.53722,0.00,0.00
2017.04.06 13:53:30.875,12.53489,12.53732,0.00,0.00
2017.04.06 13:53:31.028,12.53489,12.53702,0.00,0.00
2017.04.06 13:53:31.136,12.53489,12.53712,0.00,0.00
2017.04.06 13:53:31.255,12.53489,12.53742,0.00,0.00
2017.04.06 13:53:31.434,12.53489,12.53751,0.00,0.00
2017.04.06 13:53:31.778,12.53489,12.53742,0.00,0.00
2017.04.06 13:53:31.946,12.53489,12.53751,0.00,0.00
2017.04.06 13:53:32.031,12.53489,12.53742,0.00,0.00
2017.04.06 13:53:32.460,12.53489,12.53751,0.00,0.00
2017.04.06 13:53:32.832,12.53489,12.53732,0.00,0.00
2017.04.06 13:53:33.183,12.53489,12.53722,0.00,0.00
2017.04.06 13:53:33.348,12.53489,12.53751,0.00,0.00
2017.04.06 13:53:33.734,12.53489,12.53712,0.00,0.00
2017.04.06 13:53:33.868,12.53489,12.53751,0.00,0.00
2017.04.06 13:53:34.058,12.53489,12.53742,0.00,0.00
2017.04.06 13:53:34.135,12.53489,12.53751,0.00,0.00
2017.04.06 13:53:34.670,12.53489,12.53712,0.00,0.00
2017.04.06 13:53:34.884,12.53489,12.53751,0.00,0.00
2017.04.06 13:53:34.936,12.53489,12.53732,0.00,0.00
2017.04.06 13:53:35.263,12.53489,12.53702,0.00,0.00
2017.04.06 13:53:35.584,12.53489,12.53741,0.00,0.00
2017.04.06 13:53:35.847,12.53489,12.53711,0.00,0.00
2017.04.06 13:53:35.938,12.53489,12.53742,0.00,0.00
2017.04.06 13:53:36.408,12.53489,12.53722,0.00,0.00
2017.04.06 13:53:36.459,12.53489,12.53741,0.00,0.00
2017.04.06 13:53:36.560,12.53489,12.53711,0.00,0.00
2017.04.06 13:53:36.940,12.53489,12.53722,0.00,0.00
2017.04.06 13:53:37.441,12.53489,12.53702,0.00,0.00
2017.04.06 13:53:37.742,12.53489,12.53731,0.00,0.00
2017.04.06 13:53:37.942,12.53489,12.53711,0.00,0.00
2017.04.06 13:53:38.257,12.53489,12.53722,0.00,0.00
2017.04.06 13:53:38.672,12.53489,12.53692,0.00,0.00
2017.04.06 13:53:39.273,12.53489,12.53722,0.00,0.00
2017.04.06 13:53:39.387,12.53489,12.53742,0.00,0.00
2017.04.06 13:53:39.445,12.53489,12.53692,0.00,0.00
2017.04.06 13:53:39.627,12.53438,12.53669,0.00,0.00
2017.04.06 13:53:39.728,12.53408,12.53652,0.00,0.00
2017.04.06 13:53:39.779,12.53399,12.53652,0.00,0.00
2017.04.06 13:53:40.005,12.53452,12.53631,0.00,0.00
2017.04.06 13:53:40.055,12.53452,12.53662,0.00,0.00
2017.04.06 13:53:40.111,12.53488,12.53662,0.00,0.00
2017.04.06 13:53:40.248,12.53488,12.53721,0.00,0.00
2017.04.06 13:53:41.464,12.53488,12.53741,0.00,0.00
2017.04.06 13:53:41.550,12.53488,12.53722,0.00,0.00
2017.04.06 13:53:41.851,12.53488,12.53712,0.00,0.00
2017.04.06 13:53:42.021,12.53442,12.53691,0.00,0.00
2017.04.06 13:53:42.071,12.53442,12.53682,0.00,0.00
2017.04.06 13:53:42.398,12.53488,12.53732,0.00,0.00
2017.04.06 13:53:42.452,12.53488,12.53701,0.00,0.00
2017.04.06 13:53:42.800,12.53488,12.53711,0.00,0.00
2017.04.06 13:53:42.853,12.53488,12.53732,0.00,0.00
2017.04.06 13:53:42.954,12.53488,12.53711,0.00,0.00
2017.04.06 13:53:43.257,12.53488,12.53681,0.00,0.00
2017.04.06 13:53:43.359,12.53488,12.53691,0.00,0.00
2017.04.06 13:53:43.596,12.53488,12.53721,0.00,0.00
2017.04.06 13:53:43.655,12.53488,12.53711,0.00,0.00
2017.04.06 13:53:44.005,12.53442,12.53702,0.00,0.00
2017.04.06 13:53:44.056,12.53438,12.53659,0.00,0.00
2017.04.06 13:53:44.162,12.53398,12.53652,0.00,0.00
2017.04.06 13:53:44.265,12.53391,12.53622,0.00,0.00
2017.04.06 13:53:44.370,12.53398,12.53652,0.00,0.00
2017.04.06 13:53:44.557,12.53391,12.53652,0.00,0.00
2017.04.06 13:53:44.701,12.53391,12.53631,0.00,0.00
2017.04.06 13:53:44.804,12.53391,12.53642,0.00,0.00
2017.04.06 13:53:45.059,12.53391,12.53621,0.00,0.00
2017.04.06 13:53:45.174,12.53388,12.53632,0.00,0.00
2017.04.06 13:53:45.302,12.53388,12.53652,0.00,0.00
2017.04.06 13:53:45.559,12.53388,12.53641,0.00,0.00
2017.04.06 13:53:45.997,12.53388,12.53632,0.00,0.00
2017.04.06 13:53:46.300,12.53388,12.53611,0.00,0.00
2017.04.06 13:53:46.531,12.53388,12.53631,0.00,0.00
2017.04.06 13:53:46.631,12.53388,12.53651,0.00,0.00
2017.04.06 13:53:46.682,12.53388,12.53642,0.00,0.00
2017.04.06 13:53:47.064,12.53388,12.53651,0.00,0.00
2017.04.06 13:53:47.241,12.53441,12.53651,0.00,0.00
2017.04.06 13:53:47.291,12.53441,12.53692,0.00,0.00
2017.04.06 13:53:47.342,12.53488,12.53692,0.00,0.00
2017.04.06 13:53:47.392,12.53488,12.53731,0.00,0.00
2017.04.06 13:53:47.507,12.53488,12.53742,0.00,0.00
2017.04.06 13:53:47.629,12.53488,12.53701,0.00,0.00
2017.04.06 13:53:47.680,12.53488,12.53732,0.00,0.00
2017.04.06 13:53:48.007,12.53488,12.53722,0.00,0.00
2017.04.06 13:53:48.331,12.53488,12.53702,0.00,0.00
2017.04.06 13:53:48.569,12.53488,12.53721,0.00,0.00
2017.04.06 13:53:48.669,12.53488,12.53702,0.00,0.00
2017.04.06 13:53:49.047,12.53488,12.53712,0.00,0.00
2017.04.06 13:53:49.097,12.53488,12.53701,0.00,0.00
2017.04.06 13:53:49.442,12.53488,12.53691,0.00,0.00
2017.04.06 13:53:49.824,12.53478,12.53691,0.00,0.00
2017.04.06 13:53:50.038,12.53478,12.53722,0.00,0.00
2017.04.06 13:53:50.808,12.53478,12.53702,0.00,0.00
2017.04.06 13:53:50.875,12.53478,12.53722,0.00,0.00
2017.04.06 13:53:51.159,12.53478,12.53692,0.00,0.00
2017.04.06 13:53:51.681,12.53478,12.53682,0.00,0.00
2017.04.06 13:53:51.782,12.53478,12.53692,0.00,0.00
2017.04.06 13:53:53.060,12.53429,12.53668,0.00,0.00
2017.04.06 13:53:53.161,12.53418,12.53642,0.00,0.00
2017.04.06 13:53:53.211,12.53391,12.53632,0.00,0.00
2017.04.06 13:53:53.262,12.53451,12.53632,0.00,0.00
2017.04.06 13:53:53.483,12.53479,12.53722,0.00,0.00
2017.04.06 13:53:53.619,12.53479,12.53702,0.00,0.00
2017.04.06 13:53:53.720,12.53479,12.53732,0.00,0.00
2017.04.06 13:53:53.983,12.53479,12.53691,0.00,0.00
2017.04.06 13:53:54.484,12.53479,12.53702,0.00,0.00
2017.04.06 13:53:54.885,12.53479,12.53722,0.00,0.00
2017.04.06 13:53:55.208,12.53479,12.53702,0.00,0.00
2017.04.06 13:53:55.570,12.53479,12.53692,0.00,0.00
2017.04.06 13:53:55.699,12.53479,12.53731,0.00,0.00
2017.04.06 13:53:56.196,12.53479,12.53712,0.00,0.00
2017.04.06 13:53:56.338,12.53408,12.53642,0.00,0.00
2017.04.06 13:53:56.501,12.53378,12.53642,0.00,0.00
2017.04.06 13:53:56.690,12.53388,12.53642,0.00,0.00
2017.04.06 13:53:56.994,12.53378,12.53611,0.00,0.00
2017.04.06 13:53:57.131,12.53378,12.53621,0.00,0.00
2017.04.06 13:53:57.334,12.53378,12.53612,0.00,0.00
2017.04.06 13:53:57.708,12.53378,12.53642,0.00,0.00
2017.04.06 13:53:57.917,12.53378,12.53612,0.00,0.00
2017.04.06 13:53:58.191,12.53378,12.53621,0.00,0.00
2017.04.06 13:53:58.592,12.53378,12.53642,0.00,0.00
2017.04.06 13:53:58.700,12.53378,12.53612,0.00,0.00
2017.04.06 13:53:58.894,12.53391,12.53642,0.00,0.00
2017.04.06 13:53:59.073,12.53391,12.53612,0.00,0.00
2017.04.06 13:53:59.123,12.53391,12.53641,0.00,0.00
2017.04.06 13:53:59.234,12.53391,12.53611,0.00,0.00
2017.04.06 13:53:59.496,12.53391,12.53622,0.00,0.00
2017.04.06 13:53:59.609,12.53391,12.53631,0.00,0.00
2017.04.06 13:53:59.726,12.53391,12.53642,0.00,0.00
2017.04.06 13:53:59.896,12.53378,12.53592,0.00,0.00
2017.04.06 13:53:59.948,12.53378,12.53642,0.00,0.00
2017.04.06 13:54:00.115,12.53378,12.53622,0.00,0.00
2017.04.06 13:54:00.299,12.53378,12.53631,0.00,0.00
2017.04.06 13:54:00.516,12.53378,12.53642,0.00,0.00
2017.04.06 13:54:00.627,12.53378,12.53622,0.00,0.00
2017.04.06 13:54:00.855,12.53378,12.53632,0.00,0.00
2017.04.06 13:54:00.906,12.53378,12.53642,0.00,0.00
2017.04.06 13:54:01.029,12.53378,12.53631,0.00,0.00
2017.04.06 13:54:01.238,12.53378,12.53642,0.00,0.00
2017.04.06 13:54:01.603,12.53378,12.53632,0.00,0.00
2017.04.06 13:54:01.827,12.53378,12.53642,0.00,0.00
2017.04.06 13:54:02.246,12.53378,12.53632,0.00,0.00
2017.04.06 13:54:02.405,12.53378,12.53642,0.00,0.00
2017.04.06 13:54:02.914,12.53378,12.53631,0.00,0.00
2017.04.06 13:54:03.230,12.53391,12.53642,0.00,0.00
2017.04.06 13:54:03.573,12.53391,12.53622,0.00,0.00
2017.04.06 13:54:03.623,12.53398,12.53642,0.00,0.00
2017.04.06 13:54:03.730,12.53391,12.53632,0.00,0.00
2017.04.06 13:54:04.035,12.53378,12.53631,0.00,0.00
2017.04.06 13:54:04.111,12.53378,12.53642,0.00,0.00
2017.04.06 13:54:04.227,12.53378,12.53631,0.00,0.00
2017.04.06 13:54:04.580,12.53478,12.53718,0.00,0.00
2017.04.06 13:54:04.814,12.53478,12.53742,0.00,0.00
2017.04.06 13:54:05.617,12.53478,12.53732,0.00,0.00
2017.04.06 13:54:05.791,12.53429,12.53688,0.00,0.00
2017.04.06 13:54:05.892,12.53422,12.53642,0.00,0.00
2017.04.06 13:54:06.209,12.53479,12.53732,0.00,0.00
2017.04.06 13:54:06.363,12.53479,12.53702,0.00,0.00
2017.04.06 13:54:06.519,12.53479,12.53731,0.00,0.00
2017.04.06 13:54:06.921,12.53479,12.53741,0.00,0.00
2017.04.06 13:54:07.222,12.53479,12.53712,0.00,0.00
2017.04.06 13:54:07.334,12.53479,12.53741,0.00,0.00
2017.04.06 13:54:07.551,12.53479,12.53732,0.00,0.00
2017.04.06 13:54:07.824,12.53479,12.53741,0.00,0.00
2017.04.06 13:54:08.061,12.53479,12.53712,0.00,0.00
2017.04.06 13:54:08.124,12.53479,12.53741,0.00,0.00
2017.04.06 13:54:08.251,12.53479,12.53712,0.00,0.00
2017.04.06 13:54:08.626,12.53479,12.53731,0.00,0.00
2017.04.06 13:54:08.927,12.53479,12.53692,0.00,0.00
2017.04.06 13:54:08.978,12.53422,12.53641,0.00,0.00
2017.04.06 13:54:09.079,12.53398,12.53641,0.00,0.00
2017.04.06 13:54:09.129,12.53378,12.53621,0.00,0.00
2017.04.06 13:54:09.261,12.53378,12.53642,0.00,0.00
2017.04.06 13:54:09.328,12.53398,12.53642,0.00,0.00
2017.04.06 13:54:09.837,12.53378,12.53642,0.00,0.00
2017.04.06 13:54:10.280,12.53378,12.53631,0.00,0.00
2017.04.06 13:54:10.381,12.53378,12.53642,0.00,0.00
2017.04.06 13:54:10.789,12.53378,12.53632,0.00,0.00
2017.04.06 13:54:11.135,12.53378,12.53601,0.00,0.00
2017.04.06 13:54:11.254,12.53378,12.53611,0.00,0.00
2017.04.06 13:54:11.335,12.53378,12.53641,0.00,0.00
2017.04.06 13:54:11.625,12.53391,12.53642,0.00,0.00
2017.04.06 13:54:12.346,12.53391,12.53631,0.00,0.00
2017.04.06 13:54:12.450,12.53391,12.53641,0.00,0.00
2017.04.06 13:54:12.501,12.53378,12.53641,0.00,0.00
2017.04.06 13:54:12.615,12.53479,12.53641,0.00,0.00
2017.04.06 13:54:12.766,12.53479,12.53651,0.00,0.00
2017.04.06 13:54:12.867,12.53479,12.53709,0.00,0.00
2017.04.06 13:54:13.243,12.53479,12.53702,0.00,0.00
2017.04.06 13:54:13.516,12.53452,12.53691,0.00,0.00
2017.04.06 13:54:13.617,12.53429,12.53691,0.00,0.00
2017.04.06 13:54:13.751,12.53452,12.53691,0.00,0.00
2017.04.06 13:54:13.801,12.53478,12.53722,0.00,0.00
2017.04.06 13:54:13.972,12.53478,12.53731,0.00,0.00
2017.04.06 13:54:14.351,12.53478,12.53701,0.00,0.00
2017.04.06 13:54:14.590,12.53478,12.53711,0.00,0.00
2017.04.06 13:54:14.646,12.53478,12.53692,0.00,0.00
2017.04.06 13:54:14.847,12.53478,12.53702,0.00,0.00
2017.04.06 13:54:14.956,12.53478,12.53692,0.00,0.00
2017.04.06 13:54:15.353,12.53478,12.53712,0.00,0.00
2017.04.06 13:54:15.486,12.53478,12.53701,0.00,0.00
2017.04.06 13:54:16.380,12.53478,12.53722,0.00,0.00
2017.04.06 13:54:16.449,12.53478,12.53732,0.00,0.00
2017.04.06 13:54:16.673,12.53478,12.53722,0.00,0.00
2017.04.06 13:54:16.990,12.53478,12.53691,0.00,0.00
2017.04.06 13:54:17.091,12.53478,12.53712,0.00,0.00
2017.04.06 13:54:17.150,12.53478,12.53682,0.00,0.00
2017.04.06 13:54:17.252,12.53428,12.53679,0.00,0.00
2017.04.06 13:54:17.379,12.53428,12.53632,0.00,0.00
2017.04.06 13:54:17.429,12.53378,12.53632,0.00,0.00
2017.04.06 13:54:17.600,12.53378,12.53642,0.00,0.00
2017.04.06 13:54:17.651,12.53388,12.53642,0.00,0.00
2017.04.06 13:54:17.963,12.53378,12.53611,0.00,0.00
2017.04.06 13:54:18.102,12.53378,12.53631,0.00,0.00
2017.04.06 13:54:18.208,12.53378,12.53642,0.00,0.00
2017.04.06 13:54:18.258,12.53378,12.53622,0.00,0.00
2017.04.06 13:54:18.462,12.53438,12.53692,0.00,0.00
2017.04.06 13:54:18.579,12.53429,12.53642,0.00,0.00
2017.04.06 13:54:18.685,12.53391,12.53611,0.00,0.00
2017.04.06 13:54:18.786,12.53391,12.53642,0.00,0.00
2017.04.06 13:54:18.954,12.53391,12.53612,0.00,0.00
2017.04.06 13:54:19.161,12.53409,12.53642,0.00,0.00
2017.04.06 13:54:19.605,12.53391,12.53642,0.00,0.00
2017.04.06 13:54:19.656,12.53391,12.53622,0.00,0.00
2017.04.06 13:54:19.756,12.53378,12.53611,0.00,0.00
2017.04.06 13:54:19.976,12.53378,12.53601,0.00,0.00
2017.04.06 13:54:20.081,12.53378,12.53611,0.00,0.00
2017.04.06 13:54:20.182,12.53378,12.53642,0.00,0.00
2017.04.06 13:54:20.468,12.53378,12.53632,0.00,0.00
2017.04.06 13:54:20.670,12.53379,12.53642,0.00,0.00
2017.04.06 13:54:20.851,12.53378,12.53632,0.00,0.00
2017.04.06 13:54:21.259,12.53379,12.53642,0.00,0.00
2017.04.06 13:54:21.401,12.53379,12.53568,0.00,0.00
2017.04.06 13:54:21.561,12.53278,12.53541,0.00,0.00
2017.04.06 13:54:21.661,12.53278,12.53521,0.00,0.00
2017.04.06 13:54:21.862,12.53178,12.53442,0.00,0.00
2017.04.06 13:54:22.087,12.53169,12.53342,0.00,0.00
2017.04.06 13:54:22.138,12.53169,12.53392,0.00,0.00
2017.04.06 13:54:22.188,12.53141,12.53342,0.00,0.00
2017.04.06 13:54:22.289,12.53179,12.53411,0.00,0.00
2017.04.06 13:54:22.393,12.53179,12.53441,0.00,0.00
2017.04.06 13:54:22.450,12.53168,12.53392,0.00,0.00
2017.04.06 13:54:22.704,12.53091,12.53342,0.00,0.00
2017.04.06 13:54:22.961,12.53088,12.53342,0.00,0.00
2017.04.06 13:54:23.017,12.53078,12.53342,0.00,0.00
2017.04.06 13:54:23.068,12.53088,12.53342,0.00,0.00
2017.04.06 13:54:23.178,12.53078,12.53342,0.00,0.00
2017.04.06 13:54:23.514,12.53068,12.53342,0.00,0.00
2017.04.06 13:54:23.616,12.53051,12.53331,0.00,0.00
2017.04.06 13:54:23.666,12.53079,12.53342,0.00,0.00
2017.04.06 13:54:24.001,12.53059,12.53341,0.00,0.00
2017.04.06 13:54:24.103,12.53078,12.53342,0.00,0.00
2017.04.06 13:54:24.415,12.53059,12.53341,0.00,0.00
2017.04.06 13:54:24.467,12.53092,12.53341,0.00,0.00
2017.04.06 13:54:24.668,12.53168,12.53441,0.00,0.00
2017.04.06 13:54:25.069,12.53141,12.53421,0.00,0.00
2017.04.06 13:54:25.170,12.53169,12.53441,0.00,0.00
2017.04.06 13:54:25.481,12.53148,12.53379,0.00,0.00
2017.04.06 13:54:25.671,12.53078,12.53342,0.00,0.00
2017.04.06 13:54:25.772,12.53088,12.53342,0.00,0.00
2017.04.06 13:54:26.003,12.53059,12.53341,0.00,0.00
2017.04.06 13:54:26.104,12.53051,12.53331,0.00,0.00
2017.04.06 13:54:26.409,12.53109,12.53342,0.00,0.00
2017.04.06 13:54:26.677,12.53059,12.53341,0.00,0.00
2017.04.06 13:54:26.777,12.53089,12.53342,0.00,0.00
2017.04.06 13:54:27.001,12.53058,12.53342,0.00,0.00
2017.04.06 13:54:27.102,12.53088,12.53342,0.00,0.00
2017.04.06 13:54:27.153,12.53092,12.53372,0.00,0.00
2017.04.06 13:54:27.203,12.53092,12.53362,0.00,0.00
2017.04.06 13:54:27.535,12.53092,12.53341,0.00,0.00
2017.04.06 13:54:27.866,12.53092,12.53331,0.00,0.00
2017.04.06 13:54:27.977,12.53092,12.53341,0.00,0.00
2017.04.06 13:54:28.237,12.53079,12.53341,0.00,0.00
2017.04.06 13:54:28.287,12.53083,12.53341,0.00,0.00
2017.04.06 13:54:28.390,12.53058,12.53341,0.00,0.00
2017.04.06 13:54:28.513,12.53074,12.53341,0.00,0.00
2017.04.06 13:54:28.828,12.53058,12.53341,0.00,0.00
2017.04.06 13:54:29.008,12.53084,12.53341,0.00,0.00
2017.04.06 13:54:29.080,12.53059,12.53341,0.00,0.00
2017.04.06 13:54:29.251,12.53073,12.53341,0.00,0.00
2017.04.06 13:54:29.597,12.53058,12.53341,0.00,0.00
2017.04.06 13:54:29.706,12.53051,12.53331,0.00,0.00
2017.04.06 13:54:29.883,12.53054,12.53341,0.00,0.00
2017.04.06 13:54:30.323,12.53078,12.53341,0.00,0.00
2017.04.06 13:54:30.632,12.53089,12.53341,0.00,0.00
2017.04.06 13:54:30.811,12.53058,12.53341,0.00,0.00
2017.04.06 13:54:30.921,12.53068,12.53341,0.00,0.00
2017.04.06 13:54:31.254,12.53089,12.53268,0.00,0.00
2017.04.06 13:54:31.304,12.53001,12.53221,0.00,0.00
2017.04.06 13:54:31.405,12.53001,12.53232,0.00,0.00
2017.04.06 13:54:31.506,12.53018,12.53241,0.00,0.00
2017.04.06 13:54:31.711,12.53001,12.53231,0.00,0.00
2017.04.06 13:54:31.819,12.53001,12.53241,0.00,0.00
2017.04.06 13:54:31.888,12.53019,12.53241,0.00,0.00
2017.04.06 13:54:31.997,12.53001,12.53241,0.00,0.00
2017.04.06 13:54:32.130,12.52952,12.53231,0.00,0.00
2017.04.06 13:54:32.310,12.53039,12.53268,0.00,0.00
2017.04.06 13:54:32.362,12.53041,12.53318,0.00,0.00
2017.04.06 13:54:32.413,12.53078,12.53318,0.00,0.00
2017.04.06 13:54:32.723,12.52999,12.53242,0.00,0.00
2017.04.06 13:54:32.831,12.52989,12.53271,0.00,0.00
2017.04.06 13:54:32.882,12.53001,12.53271,0.00,0.00
2017.04.06 13:54:32.932,12.53042,12.53318,0.00,0.00
2017.04.06 13:54:32.983,12.53042,12.53321,0.00,0.00
2017.04.06 13:54:33.033,12.53059,12.53241,0.00,0.00
2017.04.06 13:54:33.235,12.53029,12.53241,0.00,0.00
2017.04.06 13:54:33.293,12.53021,12.53241,0.00,0.00
2017.04.06 13:54:33.806,12.52962,12.53241,0.00,0.00
2017.04.06 13:54:34.031,12.52968,12.53241,0.00,0.00
2017.04.06 13:54:34.135,12.52962,12.53241,0.00,0.00
2017.04.06 13:54:34.314,12.52969,12.53241,0.00,0.00
2017.04.06 13:54:34.396,12.52962,12.53241,0.00,0.00
2017.04.06 13:54:34.522,12.52962,12.53232,0.00,0.00
2017.04.06 13:54:34.800,12.52968,12.53241,0.00,0.00
2017.04.06 13:54:35.097,12.52999,12.53241,0.00,0.00
2017.04.06 13:54:35.198,12.52959,12.53241,0.00,0.00
2017.04.06 13:54:35.404,12.52998,12.53241,0.00,0.00
2017.04.06 13:54:35.926,12.52958,12.53241,0.00,0.00
2017.04.06 13:54:36.200,12.52988,12.53241,0.00,0.00
2017.04.06 13:54:36.825,12.52958,12.53241,0.00,0.00
2017.04.06 13:54:37.027,12.52989,12.53241,0.00,0.00
2017.04.06 13:54:37.231,12.52979,12.53241,0.00,0.00
2017.04.06 13:54:37.344,12.52958,12.53241,0.00,0.00
2017.04.06 13:54:37.448,12.53029,12.53241,0.00,0.00
2017.04.06 13:54:37.505,12.52999,12.53241,0.00,0.00
2017.04.06 13:54:37.627,12.52948,12.53232,0.00,0.00
2017.04.06 13:54:37.790,12.52992,12.53232,0.00,0.00
2017.04.06 13:54:38.021,12.52992,12.53241,0.00,0.00
2017.04.06 13:54:38.134,12.52992,12.53232,0.00,0.00
2017.04.06 13:54:38.338,12.52992,12.53241,0.00,0.00
2017.04.06 13:54:38.899,12.52968,12.53241,0.00,0.00
2017.04.06 13:54:39.009,12.52979,12.53241,0.00,0.00
2017.04.06 13:54:39.225,12.52949,12.53231,0.00,0.00
2017.04.06 13:54:39.711,12.52968,12.53241,0.00,0.00
2017.04.06 13:54:39.913,12.52948,12.53232,0.00,0.00
2017.04.06 13:54:40.100,12.52992,12.53232,0.00,0.00
2017.04.06 13:54:40.150,12.52992,12.53241,0.00,0.00
2017.04.06 13:54:40.213,12.53028,12.53241,0.00,0.00
2017.04.06 13:54:40.316,12.53018,12.53241,0.00,0.00
2017.04.06 13:54:40.454,12.52992,12.53241,0.00,0.00
2017.04.06 13:54:40.559,12.52992,12.53232,0.00,0.00
2017.04.06 13:54:40.705,12.52992,12.53241,0.00,0.00
2017.04.06 13:54:40.756,12.53018,12.53241,0.00,0.00
2017.04.06 13:54:40.960,12.52998,12.53241,0.00,0.00
2017.04.06 13:54:41.016,12.52992,12.53241,0.00,0.00
2017.04.06 13:54:41.182,12.52988,12.53241,0.00,0.00
2017.04.06 13:54:41.439,12.52999,12.53241,0.00,0.00
2017.04.06 13:54:41.517,12.52948,12.53232,0.00,0.00
2017.04.06 13:54:41.748,12.52942,12.53211,0.00,0.00
2017.04.06 13:54:41.956,12.52958,12.53241,0.00,0.00
2017.04.06 13:54:42.067,12.52942,12.53212,0.00,0.00
2017.04.06 13:54:42.118,12.52959,12.53241,0.00,0.00
2017.04.06 13:54:42.218,12.52942,12.53212,0.00,0.00
2017.04.06 13:54:42.531,12.52959,12.53241,0.00,0.00
2017.04.06 13:54:42.717,12.52991,12.53241,0.00,0.00
2017.04.06 13:54:43.032,12.52991,12.53212,0.00,0.00
2017.04.06 13:54:43.235,12.52991,12.53241,0.00,0.00
2017.04.06 13:54:43.286,12.53038,12.53251,0.00,0.00
2017.04.06 13:54:43.336,12.53038,12.53301,0.00,0.00
2017.04.06 13:54:43.566,12.53048,12.53332,0.00,0.00
2017.04.06 13:54:43.868,12.52988,12.53221,0.00,0.00
2017.04.06 13:54:43.969,12.52968,12.53242,0.00,0.00
2017.04.06 13:54:44.069,12.52942,12.53222,0.00,0.00
2017.04.06 13:54:44.229,12.52998,12.53242,0.00,0.00
2017.04.06 13:54:44.442,12.52988,12.53242,0.00,0.00
2017.04.06 13:54:44.544,12.52969,12.53242,0.00,0.00
2017.04.06 13:54:44.622,12.52988,12.53242,0.00,0.00
2017.04.06 13:54:44.932,12.52992,12.53242,0.00,0.00
2017.04.06 13:54:45.364,12.52992,12.53221,0.00,0.00
2017.04.06 13:54:45.533,12.52992,12.53242,0.00,0.00
2017.04.06 13:54:45.659,12.53008,12.53242,0.00,0.00
2017.04.06 13:54:45.925,12.52992,12.53242,0.00,0.00
2017.04.06 13:54:45.976,12.52988,12.53242,0.00,0.00
2017.04.06 13:54:46.111,12.52978,12.53242,0.00,0.00
2017.04.06 13:54:46.547,12.52988,12.53242,0.00,0.00
2017.04.06 13:54:46.751,12.52968,12.53242,0.00,0.00
2017.04.06 13:54:46.852,12.53009,12.53242,0.00,0.00
2017.04.06 13:54:46.953,12.52938,12.53222,0.00,0.00
2017.04.06 13:54:47.229,12.52959,12.53241,0.00,0.00
2017.04.06 13:54:47.537,12.52991,12.53241,0.00,0.00
2017.04.06 13:54:48.058,12.52991,12.53242,0.00,0.00
2017.04.06 13:54:48.624,12.52969,12.53242,0.00,0.00
2017.04.06 13:54:48.758,12.52949,12.53231,0.00,0.00
2017.04.06 13:54:48.955,12.52969,12.53242,0.00,0.00
2017.04.06 13:54:49.141,12.52958,12.53242,0.00,0.00
2017.04.06 13:54:49.335,12.52988,12.53242,0.00,0.00
2017.04.06 13:54:49.665,12.52978,12.53242,0.00,0.00
2017.04.06 13:54:49.777,12.52938,12.53211,0.00,0.00
2017.04.06 13:54:49.835,12.52938,12.53222,0.00,0.00
2017.04.06 13:54:49.939,12.52938,12.53212,0.00,0.00
2017.04.06 13:54:50.310,12.52938,12.53222,0.00,0.00
2017.04.06 13:54:50.360,12.52938,12.53202,0.00,0.00
2017.04.06 13:54:50.670,12.52939,12.53221,0.00,0.00
2017.04.06 13:54:50.771,12.52938,12.53202,0.00,0.00
2017.04.06 13:54:51.090,12.52988,12.53242,0.00,0.00
2017.04.06 13:54:51.484,12.52972,12.53242,0.00,0.00
2017.04.06 13:54:51.540,12.52972,12.53201,0.00,0.00
2017.04.06 13:54:51.757,12.52972,12.53231,0.00,0.00
2017.04.06 13:54:51.904,12.52972,12.53202,0.00,0.00
2017.04.06 13:54:52.120,12.52938,12.53202,0.00,0.00
2017.04.06 13:54:52.171,12.52938,12.53222,0.00,0.00
2017.04.06 13:54:52.242,12.52949,12.53231,0.00,0.00
2017.04.06 13:54:52.882,12.52938,12.53222,0.00,0.00
2017.04.06 13:54:52.943,12.52998,12.53242,0.00,0.00
2017.04.06 13:54:53.057,12.52978,12.53242,0.00,0.00
2017.04.06 13:54:53.165,12.52989,12.53242,0.00,0.00
2017.04.06 13:54:53.272,12.52938,12.53222,0.00,0.00
2017.04.06 13:54:53.344,12.52938,12.53202,0.00,0.00
2017.04.06 13:54:53.445,12.52958,12.53242,0.00,0.00
2017.04.06 13:54:53.550,12.52999,12.53242,0.00,0.00
2017.04.06 13:54:53.750,12.52938,12.53211,0.00,0.00
2017.04.06 13:54:53.873,12.52958,12.53242,0.00,0.00
2017.04.06 13:54:53.932,12.52991,12.53242,0.00,0.00
2017.04.06 13:54:54.342,12.52991,12.53212,0.00,0.00
2017.04.06 13:54:54.447,12.52991,12.53221,0.00,0.00
2017.04.06 13:54:54.556,12.52991,12.53169,0.00,0.00
2017.04.06 13:54:54.657,12.52922,12.53161,0.00,0.00
2017.04.06 13:54:54.708,12.52882,12.53142,0.00,0.00
2017.04.06 13:54:54.759,12.52919,12.53142,0.00,0.00
2017.04.06 13:54:54.809,12.52938,12.53201,0.00,0.00
2017.04.06 13:54:55.019,12.52988,12.53208,0.00,0.00
2017.04.06 13:54:55.171,12.52938,12.53208,0.00,0.00
2017.04.06 13:54:55.290,12.52938,12.53212,0.00,0.00
2017.04.06 13:54:55.391,12.52932,12.53141,0.00,0.00
2017.04.06 13:54:55.441,12.52928,12.53141,0.00,0.00
2017.04.06 13:54:55.492,12.52922,12.53141,0.00,0.00
2017.04.06 13:54:55.594,12.52939,12.53202,0.00,0.00
2017.04.06 13:54:55.696,12.52959,12.53241,0.00,0.00
2017.04.06 13:54:55.751,12.52988,12.53241,0.00,0.00
2017.04.06 13:54:55.952,12.52978,12.53241,0.00,0.00
2017.04.06 13:54:56.053,12.52959,12.53241,0.00,0.00
2017.04.06 13:54:56.103,12.52959,12.53191,0.00,0.00
2017.04.06 13:54:56.380,12.52859,12.53141,0.00,0.00
2017.04.06 13:54:56.431,12.52889,12.53141,0.00,0.00
2017.04.06 13:54:56.481,12.52909,12.53191,0.00,0.00
2017.04.06 13:54:56.532,12.52921,12.53191,0.00,0.00
2017.04.06 13:54:56.582,12.52938,12.53209,0.00,0.00
2017.04.06 13:54:56.683,12.52949,12.53209,0.00,0.00
2017.04.06 13:54:56.907,12.52949,12.53231,0.00,0.00
2017.04.06 13:54:56.958,12.52938,12.53211,0.00,0.00
2017.04.06 13:54:57.291,12.52931,12.53142,0.00,0.00
2017.04.06 13:54:57.392,12.52938,12.53201,0.00,0.00
2017.04.06 13:54:57.493,12.52938,12.53222,0.00,0.00
2017.04.06 13:54:57.593,12.52939,12.53192,0.00,0.00
2017.04.06 13:54:57.931,12.52919,12.53141,0.00,0.00
2017.04.06 13:54:57.981,12.52921,12.53192,0.00,0.00
2017.04.06 13:54:58.082,12.52939,12.53141,0.00,0.00
2017.04.06 13:54:58.183,12.52958,12.53208,0.00,0.00
2017.04.06 13:54:58.407,12.52939,12.53202,0.00,0.00
2017.04.06 13:54:58.508,12.52949,12.53231,0.00,0.00
2017.04.06 13:54:58.562,12.52939,12.53182,0.00,0.00
2017.04.06 13:54:58.683,12.52939,12.53202,0.00,0.00
2017.04.06 13:54:58.763,12.52949,12.53231,0.00,0.00
2017.04.06 13:54:58.864,12.52958,12.53239,0.00,0.00
2017.04.06 13:54:59.328,12.52939,12.53212,0.00,0.00
2017.04.06 13:54:59.380,12.52958,12.53239,0.00,0.00
2017.04.06 13:54:59.667,12.52939,12.53211,0.00,0.00
2017.04.06 13:54:59.869,12.52958,12.53239,0.00,0.00
2017.04.06 13:55:00.174,12.52939,12.53222,0.00,0.00
2017.04.06 13:55:00.380,12.52968,12.53241,0.00,0.00
2017.04.06 13:55:00.596,12.52948,12.53232,0.00,0.00
2017.04.06 13:55:00.798,12.52969,12.53241,0.00,0.00
2017.04.06 13:55:00.873,12.52959,12.53241,0.00,0.00
2017.04.06 13:55:00.979,12.52959,12.53142,0.00,0.00
2017.04.06 13:55:01.080,12.52939,12.53142,0.00,0.00
2017.04.06 13:55:01.181,12.52868,12.53141,0.00,0.00
2017.04.06 13:55:01.292,12.52841,12.53121,0.00,0.00
2017.04.06 13:55:01.401,12.52909,12.53149,0.00,0.00
2017.04.06 13:55:01.502,12.52888,12.53149,0.00,0.00
2017.04.06 13:55:01.604,12.52878,12.53141,0.00,0.00
2017.04.06 13:55:01.763,12.52898,12.53141,0.00,0.00
2017.04.06 13:55:01.919,12.52878,12.53141,0.00,0.00
2017.04.06 13:55:02.023,12.52841,12.53111,0.00,0.00
2017.04.06 13:55:02.076,12.52869,12.53141,0.00,0.00
2017.04.06 13:55:02.177,12.52841,12.53112,0.00,0.00
2017.04.06 13:55:02.390,12.52859,12.53141,0.00,0.00
2017.04.06 13:55:02.491,12.52841,12.53112,0.00,0.00
2017.04.06 13:55:02.576,12.52858,12.53141,0.00,0.00
2017.04.06 13:55:02.682,12.52841,12.53111,0.00,0.00
2017.04.06 13:55:02.948,12.52868,12.53141,0.00,0.00
2017.04.06 13:55:03.073,12.52841,12.53122,0.00,0.00
2017.04.06 13:55:03.525,12.52868,12.53141,0.00,0.00
2017.04.06 13:55:03.578,12.52859,12.53141,0.00,0.00
2017.04.06 13:55:03.629,12.52859,12.53059,0.00,0.00
2017.04.06 13:55:03.780,12.52828,12.53042,0.00,0.00
2017.04.06 13:55:04.034,12.52738,12.53012,0.00,0.00
2017.04.06 13:55:04.085,12.52778,12.53042,0.00,0.00
2017.04.06 13:55:04.280,12.52748,12.53032,0.00,0.00
2017.04.06 13:55:04.402,12.52779,12.53042,0.00,0.00
2017.04.06 13:55:04.718,12.52788,12.52921,0.00,0.00
2017.04.06 13:55:04.875,12.52828,12.53008,0.00,0.00
2017.04.06 13:55:04.926,12.52799,12.53008,0.00,0.00
2017.04.06 13:55:04.983,12.52758,12.53008,0.00,0.00
2017.04.06 13:55:05.087,12.52741,12.53012,0.00,0.00
2017.04.06 13:55:05.137,12.52838,12.53012,0.00,0.00
2017.04.06 13:55:05.188,12.52838,12.53072,0.00,0.00
2017.04.06 13:55:05.289,12.52848,12.53132,0.00,0.00
2017.04.06 13:55:05.401,12.52858,12.53142,0.00,0.00
2017.04.06 13:55:05.725,12.52828,12.53042,0.00,0.00
2017.04.06 13:55:05.777,12.52838,12.53112,0.00,0.00
2017.04.06 13:55:05.886,12.52838,12.53102,0.00,0.00
2017.04.06 13:55:06.024,12.52849,12.53131,0.00,0.00
2017.04.06 13:55:06.515,12.52838,12.53102,0.00,0.00
2017.04.06 13:55:06.825,12.52798,12.53042,0.00,0.00
2017.04.06 13:55:06.928,12.52728,12.52991,0.00,0.00
2017.04.06 13:55:07.034,12.52739,12.52942,0.00,0.00
2017.04.06 13:55:07.092,12.52691,12.52912,0.00,0.00
2017.04.06 13:55:07.193,12.52659,12.52941,0.00,0.00
2017.04.06 13:55:07.297,12.52648,12.52932,0.00,0.00
2017.04.06 13:55:07.559,12.52658,12.52942,0.00,0.00
2017.04.06 13:55:07.878,12.52679,12.52942,0.00,0.00
2017.04.06 13:55:07.929,12.52638,12.52912,0.00,0.00
2017.04.06 13:55:08.034,12.52658,12.52942,0.00,0.00
2017.04.06 13:55:08.442,12.52638,12.52922,0.00,0.00
2017.04.06 13:55:08.751,12.52739,12.52971,0.00,0.00
2017.04.06 13:55:09.003,12.52739,12.53001,0.00,0.00
2017.04.06 13:55:09.102,12.52739,12.53018,0.00,0.00
2017.04.06 13:55:09.282,12.52739,12.53012,0.00,0.00
2017.04.06 13:55:09.592,12.52848,12.53042,0.00,0.00
2017.04.06 13:55:09.642,12.52848,12.53058,0.00,0.00
2017.04.06 13:55:09.751,12.52848,12.53012,0.00,0.00
2017.04.06 13:55:09.949,12.52848,12.53041,0.00,0.00
2017.04.06 13:55:10.006,12.52848,12.53022,0.00,0.00
2017.04.06 13:55:10.310,12.52948,12.53122,0.00,0.00
2017.04.06 13:55:10.416,12.52948,12.53151,0.00,0.00
2017.04.06 13:55:10.521,12.52898,12.53142,0.00,0.00
2017.04.06 13:55:10.572,12.52898,12.53069,0.00,0.00
2017.04.06 13:55:10.673,12.52862,12.53069,0.00,0.00
2017.04.06 13:55:10.723,12.52848,12.53011,0.00,0.00
2017.04.06 13:55:10.923,12.52848,12.53069,0.00,0.00
2017.04.06 13:55:11.024,12.52848,12.53001,0.00,0.00
2017.04.06 13:55:11.109,12.52848,12.53012,0.00,0.00
2017.04.06 13:55:11.286,12.52848,12.53041,0.00,0.00
2017.04.06 13:55:11.336,12.52848,12.53031,0.00,0.00
2017.04.06 13:55:11.649,12.52841,12.53012,0.00,0.00
2017.04.06 13:55:11.750,12.52914,12.53122,0.00,0.00
2017.04.06 13:55:11.851,12.52914,12.53052,0.00,0.00
2017.04.06 13:55:11.962,12.52914,12.53122,0.00,0.00
2017.04.06 13:55:12.143,12.52914,12.53161,0.00,0.00
2017.04.06 13:55:12.344,12.52914,12.53131,0.00,0.00
2017.04.06 13:55:12.450,12.52914,12.53161,0.00,0.00
2017.04.06 13:55:12.555,12.52914,12.53102,0.00,0.00
2017.04.06 13:55:12.614,12.52914,12.53151,0.00,0.00
2017.04.06 13:55:12.721,12.52914,12.53142,0.00,0.00
2017.04.06 13:55:13.135,12.52914,12.53101,0.00,0.00
2017.04.06 13:55:13.186,12.52914,12.53132,0.00,0.00
2017.04.06 13:55:13.323,12.52914,12.53101,0.00,0.00
2017.04.06 13:55:13.374,12.52819,12.53068,0.00,0.00
2017.04.06 13:55:13.424,12.52844,12.53049,0.00,0.00
2017.04.06 13:55:13.633,12.52678,12.52942,0.00,0.00
2017.04.06 13:55:13.734,12.52638,12.52922,0.00,0.00
2017.04.06 13:55:13.944,12.52638,12.52902,0.00,0.00
2017.04.06 13:55:14.280,12.52739,12.52922,0.00,0.00
2017.04.06 13:55:14.436,12.52754,12.53041,0.00,0.00
2017.04.06 13:55:14.675,12.52741,12.53002,0.00,0.00
2017.04.06 13:55:15.230,12.52741,12.52992,0.00,0.00
2017.04.06 13:55:15.553,12.52749,12.53031,0.00,0.00
2017.04.06 13:55:15.722,12.52741,12.53002,0.00,0.00
2017.04.06 13:55:16.221,12.52741,12.52992,0.00,0.00
2017.04.06 13:55:16.625,12.52748,12.53032,0.00,0.00
2017.04.06 13:55:16.834,12.52741,12.53002,0.00,0.00
2017.04.06 13:55:16.965,12.52758,12.53041,0.00,0.00
2017.04.06 13:55:17.066,12.52748,12.53032,0.00,0.00
2017.04.06 13:55:17.126,12.52741,12.53001,0.00,0.00
2017.04.06 13:55:17.227,12.52761,12.53031,0.00,0.00
2017.04.06 13:55:17.350,12.52808,12.53041,0.00,0.00
2017.04.06 13:55:17.472,12.52761,12.53041,0.00,0.00
2017.04.06 13:55:17.575,12.52761,12.53002,0.00,0.00
2017.04.06 13:55:17.677,12.52761,12.53041,0.00,0.00
2017.04.06 13:55:17.729,12.52769,12.53041,0.00,0.00
2017.04.06 13:55:17.938,12.52841,12.53122,0.00,0.00
2017.04.06 13:55:18.039,12.52838,12.53041,0.00,0.00
2017.04.06 13:55:18.240,12.52728,12.52942,0.00,0.00
2017.04.06 13:55:18.342,12.52661,12.52912,0.00,0.00
2017.04.06 13:55:18.471,12.52731,12.52911,0.00,0.00
2017.04.06 13:55:18.622,12.52731,12.52991,0.00,0.00
2017.04.06 13:55:18.674,12.52748,12.53032,0.00,0.00
2017.04.06 13:55:18.738,12.52738,12.53022,0.00,0.00
2017.04.06 13:55:19.081,12.52742,12.53022,0.00,0.00
2017.04.06 13:55:19.134,12.52748,12.53032,0.00,0.00
2017.04.06 13:55:19.242,12.52742,12.52992,0.00,0.00
2017.04.06 13:55:19.343,12.52742,12.53022,0.00,0.00
2017.04.06 13:55:19.572,12.52742,12.52949,0.00,0.00
2017.04.06 13:55:19.623,12.52738,12.52949,0.00,0.00
2017.04.06 13:55:19.731,12.52708,12.52942,0.00,0.00
2017.04.06 13:55:19.782,12.52638,12.52891,0.00,0.00
2017.04.06 13:55:19.884,12.52638,12.52901,0.00,0.00
2017.04.06 13:55:19.936,12.52668,12.52942,0.00,0.00
2017.04.06 13:55:20.158,12.52638,12.52912,0.00,0.00
2017.04.06 13:55:20.437,12.52659,12.52941,0.00,0.00
2017.04.06 13:55:20.558,12.52638,12.52902,0.00,0.00
2017.04.06 13:55:20.738,12.52658,12.52942,0.00,0.00
2017.04.06 13:55:20.838,12.52638,12.52911,0.00,0.00
2017.04.06 13:55:20.971,12.52639,12.52921,0.00,0.00
2017.04.06 13:55:21.073,12.52659,12.52941,0.00,0.00
2017.04.06 13:55:21.283,12.52638,12.52922,0.00,0.00
2017.04.06 13:55:21.339,12.52638,12.52902,0.00,0.00
2017.04.06 13:55:21.455,12.52658,12.52942,0.00,0.00
2017.04.06 13:55:21.563,12.52638,12.52922,0.00,0.00
2017.04.06 13:55:21.909,12.52849,12.53058,0.00,0.00
2017.04.06 13:55:22.065,12.52842,12.53058,0.00,0.00
2017.04.06 13:55:22.116,12.52842,12.53102,0.00,0.00
2017.04.06 13:55:22.241,12.52842,12.53122,0.00,0.00
2017.04.06 13:55:22.342,12.52869,12.53141,0.00,0.00
2017.04.06 13:55:22.666,12.52842,12.53102,0.00,0.00
2017.04.06 13:55:22.968,12.52842,12.53092,0.00,0.00
2017.04.06 13:55:23.244,12.52842,12.53121,0.00,0.00
2017.04.06 13:55:23.649,12.52842,12.53112,0.00,0.00
2017.04.06 13:55:23.770,12.52842,12.53121,0.00,0.00
2017.04.06 13:55:23.991,12.52842,12.53112,0.00,0.00
2017.04.06 13:55:24.304,12.52842,12.53102,0.00,0.00
2017.04.06 13:55:24.354,12.52849,12.53131,0.00,0.00
2017.04.06 13:55:24.546,12.52842,12.53092,0.00,0.00
2017.04.06 13:55:24.893,12.52842,12.53102,0.00,0.00
2017.04.06 13:55:24.995,12.52849,12.53131,0.00,0.00
2017.04.06 13:55:25.046,12.52849,12.53042,0.00,0.00
2017.04.06 13:55:25.097,12.52818,12.53042,0.00,0.00
2017.04.06 13:55:25.198,12.52798,12.53042,0.00,0.00
2017.04.06 13:55:25.298,12.52791,12.53041,0.00,0.00
2017.04.06 13:55:25.437,12.52791,12.53002,0.00,0.00
2017.04.06 13:55:25.488,12.52791,12.53041,0.00,0.00
2017.04.06 13:55:25.590,12.52791,12.53002,0.00,0.00
2017.04.06 13:55:25.876,12.52791,12.53022,0.00,0.00
2017.04.06 13:55:25.927,12.52841,12.53022,0.00,0.00
2017.04.06 13:55:25.977,12.52841,12.53032,0.00,0.00
2017.04.06 13:55:26.078,12.52841,12.53111,0.00,0.00
2017.04.06 13:55:26.150,12.52841,12.53122,0.00,0.00
2017.04.06 13:55:26.459,12.52841,12.53112,0.00,0.00
2017.04.06 13:55:26.771,12.52841,12.53101,0.00,0.00
2017.04.06 13:55:27.006,12.52859,12.53141,0.00,0.00
2017.04.06 13:55:27.057,12.52841,12.53111,0.00,0.00
2017.04.06 13:55:27.189,12.52858,12.53142,0.00,0.00
2017.04.06 13:55:27.291,12.52841,12.53122,0.00,0.00
2017.04.06 13:55:27.461,12.52858,12.53142,0.00,0.00
2017.04.06 13:55:27.564,12.52841,12.53111,0.00,0.00
2017.04.06 13:55:27.778,12.52841,12.53121,0.00,0.00
2017.04.06 13:55:27.854,12.52849,12.53131,0.00,0.00
2017.04.06 13:55:28.291,12.52841,12.53092,0.00,0.00
2017.04.06 13:55:28.486,12.52841,12.53122,0.00,0.00
2017.04.06 13:55:28.591,12.52841,12.53091,0.00,0.00
2017.04.06 13:55:28.692,12.52841,12.53121,0.00,0.00
2017.04.06 13:55:28.974,12.52841,12.53111,0.00,0.00
2017.04.06 13:55:29.056,12.52841,12.53122,0.00,0.00
2017.04.06 13:55:29.290,12.52841,12.53112,0.00,0.00
2017.04.06 13:55:29.647,12.52828,12.53068,0.00,0.00
2017.04.06 13:55:29.930,12.52758,12.53042,0.00,0.00
2017.04.06 13:55:29.980,12.52752,12.53001,0.00,0.00
2017.04.06 13:55:30.196,12.52752,12.53032,0.00,0.00
2017.04.06 13:55:30.306,12.52752,12.53001,0.00,0.00
2017.04.06 13:55:30.458,12.52798,12.53068,0.00,0.00
2017.04.06 13:55:30.508,12.52831,12.53082,0.00,0.00
2017.04.06 13:55:30.559,12.52798,12.53082,0.00,0.00
2017.04.06 13:55:30.609,12.52819,12.53091,0.00,0.00
2017.04.06 13:55:30.761,12.52838,12.53111,0.00,0.00
2017.04.06 13:55:31.102,12.52838,12.53122,0.00,0.00
2017.04.06 13:55:31.232,12.52838,12.53092,0.00,0.00
2017.04.06 13:55:31.283,12.52848,12.53132,0.00,0.00
2017.04.06 13:55:31.461,12.52838,12.53122,0.00,0.00
2017.04.06 13:55:31.841,12.52848,12.53132,0.00,0.00
2017.04.06 13:55:32.161,12.52838,12.53101,0.00,0.00
2017.04.06 13:55:32.285,12.52838,12.53122,0.00,0.00
2017.04.06 13:55:32.612,12.52838,12.53101,0.00,0.00
2017.04.06 13:55:32.893,12.52838,12.53111,0.00,0.00
2017.04.06 13:55:32.994,12.52838,12.53122,0.00,0.00
2017.04.06 13:55:33.065,12.52838,12.53101,0.00,0.00
2017.04.06 13:55:33.366,12.52838,12.53122,0.00,0.00
2017.04.06 13:55:33.645,12.52858,12.53142,0.00,0.00
2017.04.06 13:55:33.986,12.52838,12.53111,0.00,0.00
2017.04.06 13:55:34.297,12.52839,12.53092,0.00,0.00
2017.04.06 13:55:34.468,12.52859,12.53141,0.00,0.00
2017.04.06 13:55:34.568,12.52839,12.53092,0.00,0.00
2017.04.06 13:55:34.669,12.52839,12.53122,0.00,0.00
2017.04.06 13:55:34.776,12.52839,12.53102,0.00,0.00
2017.04.06 13:55:34.994,12.52851,12.53122,0.00,0.00
2017.04.06 13:55:35.291,12.52851,12.53132,0.00,0.00
2017.04.06 13:55:35.419,12.52851,12.53112,0.00,0.00
2017.04.06 13:55:35.470,12.52851,12.53132,0.00,0.00
2017.04.06 13:55:35.585,12.52851,12.53102,0.00,0.00
2017.04.06 13:55:35.706,12.52851,12.53112,0.00,0.00
2017.04.06 13:55:35.895,12.52851,12.53102,0.00,0.00
2017.04.06 13:55:36.285,12.52851,12.53111,0.00,0.00
2017.04.06 13:55:36.390,12.52851,12.53101,0.00,0.00
2017.04.06 13:55:36.516,12.52851,12.53111,0.00,0.00
2017.04.06 13:55:36.617,12.52851,12.53132,0.00,0.00
2017.04.06 13:55:37.013,12.52851,12.53102,0.00,0.00
2017.04.06 13:55:37.374,12.52851,12.53132,0.00,0.00
2017.04.06 13:55:37.705,12.52851,12.53091,0.00,0.00
2017.04.06 13:55:37.774,12.52851,12.53132,0.00,0.00
2017.04.06 13:55:37.874,12.52851,12.53101,0.00,0.00
2017.04.06 13:55:38.075,12.52851,12.53132,0.00,0.00
2017.04.06 13:55:38.186,12.52851,12.53092,0.00,0.00
2017.04.06 13:55:38.385,12.52851,12.53112,0.00,0.00
2017.04.06 13:55:38.570,12.52851,12.53132,0.00,0.00
2017.04.06 13:55:39.026,12.52851,12.53092,0.00,0.00
2017.04.06 13:55:39.077,12.52851,12.53111,0.00,0.00
2017.04.06 13:55:39.185,12.52851,12.53092,0.00,0.00
2017.04.06 13:55:39.309,12.52851,12.53121,0.00,0.00
2017.04.06 13:55:39.477,12.52851,12.53111,0.00,0.00
2017.04.06 13:55:39.983,12.52851,12.53092,0.00,0.00
2017.04.06 13:55:40.319,12.52851,12.53111,0.00,0.00
2017.04.06 13:55:40.379,12.52851,12.53132,0.00,0.00
2017.04.06 13:55:40.524,12.52851,12.53112,0.00,0.00
2017.04.06 13:55:40.780,12.52851,12.53122,0.00,0.00
2017.04.06 13:55:41.304,12.52851,12.53092,0.00,0.00
2017.04.06 13:55:41.501,12.52851,12.53121,0.00,0.00
2017.04.06 13:55:41.605,12.52851,12.53132,0.00,0.00
2017.04.06 13:55:41.882,12.52851,12.53112,0.00,0.00
2017.04.06 13:55:41.983,12.52851,12.53132,0.00,0.00
2017.04.06 13:55:42.085,12.52851,12.53122,0.00,0.00
2017.04.06 13:55:42.427,12.52851,12.53102,0.00,0.00
2017.04.06 13:55:42.583,12.52851,12.53132,0.00,0.00
2017.04.06 13:55:42.883,12.52851,12.53092,0.00,0.00
2017.04.06 13:55:43.008,12.52851,12.53112,0.00,0.00
2017.04.06 13:55:43.083,12.52851,12.53101,0.00,0.00
2017.04.06 13:55:43.226,12.52851,12.53112,0.00,0.00
2017.04.06 13:55:43.328,12.52851,12.53131,0.00,0.00
2017.04.06 13:55:43.430,12.52859,12.53141,0.00,0.00
2017.04.06 13:55:43.488,12.52851,12.53121,0.00,0.00
2017.04.06 13:55:43.785,12.52851,12.53101,0.00,0.00
2017.04.06 13:55:44.202,12.52851,12.53131,0.00,0.00
2017.04.06 13:55:44.286,12.52869,12.53141,0.00,0.00
2017.04.06 13:55:44.615,12.52931,12.53091,0.00,0.00
2017.04.06 13:55:44.774,12.52939,12.53192,0.00,0.00
2017.04.06 13:55:44.826,12.52939,12.53209,0.00,0.00
2017.04.06 13:55:45.087,12.52939,12.53192,0.00,0.00
2017.04.06 13:55:45.191,12.52939,12.53209,0.00,0.00
2017.04.06 13:55:45.242,12.52939,12.53222,0.00,0.00
2017.04.06 13:55:45.420,12.52901,12.53141,0.00,0.00
2017.04.06 13:55:45.739,12.52901,12.53131,0.00,0.00
2017.04.06 13:55:45.955,12.52852,12.53131,0.00,0.00
2017.04.06 13:55:46.198,12.52852,12.53101,0.00,0.00
2017.04.06 13:55:46.319,12.52852,12.53131,0.00,0.00
2017.04.06 13:55:46.431,12.52852,12.53102,0.00,0.00
2017.04.06 13:55:46.632,12.52852,12.53111,0.00,0.00
2017.04.06 13:55:46.735,12.52852,12.53101,0.00,0.00
2017.04.06 13:55:47.117,12.52852,12.53112,0.00,0.00
2017.04.06 13:55:47.341,12.52938,12.53201,0.00,0.00
2017.04.06 13:55:47.494,12.52938,12.53171,0.00,0.00
2017.04.06 13:55:47.604,12.52938,12.53202,0.00,0.00
2017.04.06 13:55:47.708,12.52938,12.53172,0.00,0.00
2017.04.06 13:55:47.829,12.52948,12.53232,0.00,0.00
2017.04.06 13:55:47.939,12.52938,12.53222,0.00,0.00
2017.04.06 13:55:48.294,12.52938,12.53212,0.00,0.00
2017.04.06 13:55:48.612,12.52932,12.53192,0.00,0.00
2017.04.06 13:55:48.764,12.52938,12.53212,0.00,0.00
2017.04.06 13:55:48.864,12.52939,12.53221,0.00,0.00
2017.04.06 13:55:48.915,12.52928,12.53168,0.00,0.00
2017.04.06 13:55:49.025,12.52859,12.53132,0.00,0.00
2017.04.06 13:55:49.126,12.52852,12.53111,0.00,0.00
2017.04.06 13:55:50.143,12.52852,12.53122,0.00,0.00
2017.04.06 13:55:50.193,12.52931,12.53122,0.00,0.00
2017.04.06 13:55:50.244,12.52931,12.53182,0.00,0.00
2017.04.06 13:55:50.297,12.52948,12.53231,0.00,0.00
2017.04.06 13:55:50.489,12.52948,12.53181,0.00,0.00
2017.04.06 13:55:50.539,12.52918,12.53181,0.00,0.00
2017.04.06 13:55:50.598,12.52891,12.53172,0.00,0.00
2017.04.06 13:55:50.887,12.52929,12.53172,0.00,0.00
2017.04.06 13:55:50.937,12.52931,12.53212,0.00,0.00
2017.04.06 13:55:51.299,12.52931,12.53202,0.00,0.00
2017.04.06 13:55:51.445,12.52938,12.53222,0.00,0.00
2017.04.06 13:55:51.499,12.52931,12.53201,0.00,0.00
2017.04.06 13:55:51.940,12.52948,12.53231,0.00,0.00
2017.04.06 13:55:52.042,12.52931,12.53202,0.00,0.00
2017.04.06 13:55:52.447,12.52938,12.53222,0.00,0.00
2017.04.06 13:55:52.549,12.52931,12.53201,0.00,0.00
2017.04.06 13:55:52.702,12.52949,12.53231,0.00,0.00
2017.04.06 13:55:52.804,12.52931,12.53191,0.00,0.00
2017.04.06 13:55:53.003,12.52949,12.53231,0.00,0.00
2017.04.06 13:55:53.309,12.52931,12.53202,0.00,0.00
2017.04.06 13:55:53.681,12.52931,12.53172,0.00,0.00
2017.04.06 13:55:53.732,12.52931,12.53182,0.00,0.00
2017.04.06 13:55:53.905,12.52962,12.53182,0.00,0.00
2017.04.06 13:55:53.955,12.52962,12.53191,0.00,0.00
2017.04.06 13:55:54.006,12.52962,12.53172,0.00,0.00
2017.04.06 13:55:54.208,12.52962,12.53221,0.00,0.00
2017.04.06 13:55:54.344,12.52962,12.53201,0.00,0.00
2017.04.06 13:55:54.883,12.52962,12.53221,0.00,0.00
2017.04.06 13:55:54.933,12.52962,12.53191,0.00,0.00
2017.04.06 13:55:55.607,12.52962,12.53202,0.00,0.00
2017.04.06 13:55:55.839,12.52962,12.53222,0.00,0.00
2017.04.06 13:55:56.239,12.52962,12.53202,0.00,0.00
2017.04.06 13:55:56.556,12.52962,12.53192,0.00,0.00
2017.04.06 13:55:56.609,12.52962,12.53222,0.00,0.00
2017.04.06 13:55:57.010,12.52962,12.53191,0.00,0.00
2017.04.06 13:55:57.203,12.52881,12.53161,0.00,0.00
2017.04.06 13:55:57.361,12.52898,12.53132,0.00,0.00
2017.04.06 13:55:57.411,12.52881,12.53132,0.00,0.00
2017.04.06 13:55:57.515,12.52888,12.53132,0.00,0.00
2017.04.06 13:55:57.822,12.52961,12.53132,0.00,0.00
2017.04.06 13:55:57.873,12.52961,12.53151,0.00,0.00
2017.04.06 13:55:57.974,12.52898,12.53131,0.00,0.00
2017.04.06 13:55:58.025,12.52888,12.53131,0.00,0.00
2017.04.06 13:55:58.112,12.52881,12.53131,0.00,0.00
2017.04.06 13:55:58.213,12.52881,12.53101,0.00,0.00
2017.04.06 13:55:58.536,12.52962,12.53222,0.00,0.00
2017.04.06 13:55:58.790,12.52962,12.53192,0.00,0.00
2017.04.06 13:55:59.014,12.52962,12.53222,0.00,0.00
2017.04.06 13:55:59.239,12.52962,12.53192,0.00,0.00
2017.04.06 13:55:59.453,12.52962,12.53212,0.00,0.00
2017.04.06 13:55:59.515,12.52962,12.53232,0.00,0.00
2017.04.06 13:55:59.583,12.52962,12.53182,0.00,0.00
2017.04.06 13:55:59.633,12.52908,12.53182,0.00,0.00
2017.04.06 13:55:59.740,12.52902,12.53121,0.00,0.00
2017.04.06 13:55:59.840,12.52881,12.53132,0.00,0.00
2017.04.06 13:56:00.256,12.52888,12.53132,0.00,0.00
2017.04.06 13:56:00.666,12.52881,12.53132,0.00,0.00
2017.04.06 13:56:00.717,12.52881,12.53121,0.00,0.00
2017.04.06 13:56:01.097,12.52881,12.53102,0.00,0.00
2017.04.06 13:56:01.259,12.52881,12.53112,0.00,0.00
2017.04.06 13:56:01.366,12.52881,12.53102,0.00,0.00
2017.04.06 13:56:01.419,12.52881,12.53111,0.00,0.00
2017.04.06 13:56:01.519,12.52881,12.53132,0.00,0.00
2017.04.06 13:56:01.939,12.52881,12.53122,0.00,0.00
2017.04.06 13:56:02.067,12.52881,12.53132,0.00,0.00
2017.04.06 13:56:02.254,12.52881,12.53112,0.00,0.00
2017.04.06 13:56:02.435,12.52881,12.53132,0.00,0.00
2017.04.06 13:56:02.485,12.52961,12.53141,0.00,0.00
2017.04.06 13:56:02.536,12.52961,12.53182,0.00,0.00
2017.04.06 13:56:02.587,12.52961,12.53191,0.00,0.00
2017.04.06 13:56:02.722,12.52961,12.53231,0.00,0.00
2017.04.06 13:56:02.922,12.52961,12.53202,0.00,0.00
2017.04.06 13:56:03.022,12.52961,12.53231,0.00,0.00
2017.04.06 13:56:03.281,12.52939,12.53182,0.00,0.00
2017.04.06 13:56:03.332,12.52908,12.53182,0.00,0.00
2017.04.06 13:56:03.382,12.52908,12.53131,0.00,0.00
2017.04.06 13:56:03.433,12.52881,12.53131,0.00,0.00
2017.04.06 13:56:03.535,12.52881,12.53111,0.00,0.00
2017.04.06 13:56:03.644,12.52898,12.53131,0.00,0.00
2017.04.06 13:56:03.756,12.52881,12.53112,0.00,0.00
2017.04.06 13:56:04.034,12.52881,12.53131,0.00,0.00
2017.04.06 13:56:04.138,12.52881,12.53112,0.00,0.00
2017.04.06 13:56:04.525,12.52881,12.53131,0.00,0.00
2017.04.06 13:56:04.627,12.52881,12.53101,0.00,0.00
2017.04.06 13:56:04.750,12.52881,12.53131,0.00,0.00
2017.04.06 13:56:04.955,12.52881,12.53082,0.00,0.00
2017.04.06 13:56:05.026,12.52881,12.53092,0.00,0.00
2017.04.06 13:56:05.131,12.52881,12.53131,0.00,0.00
2017.04.06 13:56:05.235,12.52881,12.53122,0.00,0.00
2017.04.06 13:56:05.549,12.52782,12.53032,0.00,0.00
2017.04.06 13:56:05.671,12.52782,12.53011,0.00,0.00
2017.04.06 13:56:05.831,12.52782,12.53032,0.00,0.00
2017.04.06 13:56:05.928,12.52782,12.53002,0.00,0.00
2017.04.06 13:56:06.054,12.52782,12.53032,0.00,0.00
2017.04.06 13:56:06.155,12.52772,12.53012,0.00,0.00
2017.04.06 13:56:06.256,12.52718,12.52982,0.00,0.00
2017.04.06 13:56:06.356,12.52698,12.52932,0.00,0.00
2017.04.06 13:56:06.592,12.52691,12.52932,0.00,0.00
2017.04.06 13:56:07.027,12.52682,12.52932,0.00,0.00
2017.04.06 13:56:08.646,12.52682,12.52931,0.00,0.00
2017.04.06 13:56:09.338,12.52682,12.52932,0.00,0.00
2017.04.06 13:56:09.389,12.52661,12.52932,0.00,0.00
2017.04.06 13:56:09.439,12.52661,12.52921,0.00,0.00
2017.04.06 13:56:09.745,12.52661,12.52931,0.00,0.00
2017.04.06 13:56:09.856,12.52661,12.52921,0.00,0.00
2017.04.06 13:56:10.362,12.52661,12.52902,0.00,0.00
2017.04.06 13:56:10.769,12.52572,12.52832,0.00,0.00
2017.04.06 13:56:10.870,12.52579,12.52832,0.00,0.00
2017.04.06 13:56:11.071,12.52572,12.52832,0.00,0.00
2017.04.06 13:56:11.562,12.52578,12.52832,0.00,0.00
2017.04.06 13:56:11.830,12.52572,12.52832,0.00,0.00
2017.04.06 13:56:11.940,12.52579,12.52832,0.00,0.00
2017.04.06 13:56:12.103,12.52572,12.52832,0.00,0.00
2017.04.06 13:56:12.154,12.52588,12.52832,0.00,0.00
2017.04.06 13:56:12.442,12.52572,12.52831,0.00,0.00
2017.04.06 13:56:12.752,12.52592,12.52831,0.00,0.00
2017.04.06 13:56:12.953,12.52661,12.52922,0.00,0.00
2017.04.06 13:56:13.214,12.52661,12.52881,0.00,0.00
2017.04.06 13:56:13.376,12.52609,12.52831,0.00,0.00
2017.04.06 13:56:13.477,12.52592,12.52831,0.00,0.00
2017.04.06 13:56:14.000,12.52591,12.52831,0.00,0.00
2017.04.06 13:56:15.395,12.52588,12.52831,0.00,0.00
2017.04.06 13:56:15.496,12.52578,12.52831,0.00,0.00
2017.04.06 13:56:15.547,12.52578,12.52781,0.00,0.00
2017.04.06 13:56:15.597,12.52538,12.52781,0.00,0.00
2017.04.06 13:56:15.806,12.52481,12.52731,0.00,0.00
2017.04.06 13:56:15.857,12.52493,12.52731,0.00,0.00
2017.04.06 13:56:15.949,12.52481,12.52731,0.00,0.00
2017.04.06 13:56:16.483,12.52484,12.52731,0.00,0.00
2017.04.06 13:56:16.550,12.52481,12.52731,0.00,0.00
2017.04.06 13:56:16.600,12.52529,12.52752,0.00,0.00
2017.04.06 13:56:16.751,12.52566,12.52831,0.00,0.00
2017.04.06 13:56:16.903,12.52566,12.52832,0.00,0.00
2017.04.06 13:56:16.954,12.52518,12.52732,0.00,0.00
2017.04.06 13:56:17.087,12.52491,12.52732,0.00,0.00
2017.04.06 13:56:17.462,12.52482,12.52732,0.00,0.00
2017.04.06 13:56:17.552,12.52498,12.52732,0.00,0.00
2017.04.06 13:56:17.788,12.52482,12.52732,0.00,0.00
2017.04.06 13:56:18.153,12.52489,12.52732,0.00,0.00
2017.04.06 13:56:18.284,12.52482,12.52732,0.00,0.00
2017.04.06 13:56:18.577,12.52488,12.52732,0.00,0.00
2017.04.06 13:56:18.695,12.52482,12.52732,0.00,0.00
2017.04.06 13:56:19.055,12.52488,12.52732,0.00,0.00
2017.04.06 13:56:19.286,12.52482,12.52732,0.00,0.00
2017.04.06 13:56:19.389,12.52488,12.52732,0.00,0.00
2017.04.06 13:56:19.754,12.52482,12.52732,0.00,0.00
2017.04.06 13:56:19.805,12.52489,12.52732,0.00,0.00
2017.04.06 13:56:19.957,12.52482,12.52732,0.00,0.00
2017.04.06 13:56:20.076,12.52488,12.52732,0.00,0.00
2017.04.06 13:56:20.228,12.52471,12.52732,0.00,0.00
2017.04.06 13:56:20.278,12.52471,12.52722,0.00,0.00
2017.04.06 13:56:20.598,12.52432,12.52681,0.00,0.00
2017.04.06 13:56:20.800,12.52382,12.52651,0.00,0.00
2017.04.06 13:56:21.004,12.52468,12.52682,0.00,0.00
2017.04.06 13:56:21.105,12.52459,12.52682,0.00,0.00
2017.04.06 13:56:21.160,12.52422,12.52682,0.00,0.00
2017.04.06 13:56:21.227,12.52422,12.52632,0.00,0.00
2017.04.06 13:56:21.378,12.52381,12.52662,0.00,0.00
2017.04.06 13:56:21.479,12.52388,12.52672,0.00,0.00
2017.04.06 13:56:21.529,12.52388,12.52631,0.00,0.00
2017.04.06 13:56:21.580,12.52382,12.52631,0.00,0.00
2017.04.06 13:56:21.867,12.52388,12.52631,0.00,0.00
2017.04.06 13:56:21.970,12.52382,12.52631,0.00,0.00
2017.04.06 13:56:22.499,12.52371,12.52631,0.00,0.00
2017.04.06 13:56:22.791,12.52378,12.52631,0.00,0.00
2017.04.06 13:56:22.965,12.52371,12.52631,0.00,0.00
2017.04.06 13:56:23.079,12.52389,12.52631,0.00,0.00
2017.04.06 13:56:23.163,12.52371,12.52631,0.00,0.00
2017.04.06 13:56:23.364,12.52389,12.52631,0.00,0.00
2017.04.06 13:56:23.465,12.52371,12.52631,0.00,0.00
2017.04.06 13:56:23.568,12.52371,12.52581,0.00,0.00
2017.04.06 13:56:23.619,12.52348,12.52581,0.00,0.00
2017.04.06 13:56:23.855,12.52281,12.52531,0.00,0.00
2017.04.06 13:56:24.086,12.52298,12.52531,0.00,0.00
2017.04.06 13:56:24.165,12.52281,12.52531,0.00,0.00
2017.04.06 13:56:24.282,12.52298,12.52531,0.00,0.00
2017.04.06 13:56:24.416,12.52289,12.52531,0.00,0.00
2017.04.06 13:56:24.646,12.52362,12.52571,0.00,0.00
2017.04.06 13:56:24.797,12.52388,12.52631,0.00,0.00
2017.04.06 13:56:24.847,12.52472,12.52631,0.00,0.00
2017.04.06 13:56:24.898,12.52388,12.52631,0.00,0.00
2017.04.06 13:56:25.101,12.52382,12.52631,0.00,0.00
2017.04.06 13:56:25.619,12.52348,12.52582,0.00,0.00
2017.04.06 13:56:25.770,12.52378,12.52631,0.00,0.00
2017.04.06 13:56:25.940,12.52391,12.52662,0.00,0.00
2017.04.06 13:56:25.991,12.52432,12.52681,0.00,0.00
2017.04.06 13:56:26.202,12.52471,12.52732,0.00,0.00
2017.04.06 13:56:26.420,12.52471,12.52712,0.00,0.00
2017.04.06 13:56:26.520,12.52482,12.52732,0.00,0.00
2017.04.06 13:56:26.571,12.52482,12.52712,0.00,0.00
2017.04.06 13:56:26.849,12.52482,12.52732,0.00,0.00
2017.04.06 13:56:27.488,12.52482,12.52712,0.00,0.00
2017.04.06 13:56:27.672,12.52482,12.52731,0.00,0.00
2017.04.06 13:56:27.984,12.52482,12.52712,0.00,0.00
2017.04.06 13:56:28.085,12.52482,12.52731,0.00,0.00
2017.04.06 13:56:28.186,12.52482,12.52712,0.00,0.00
2017.04.06 13:56:28.413,12.52482,12.52732,0.00,0.00
2017.04.06 13:56:28.923,12.52482,12.52731,0.00,0.00
2017.04.06 13:56:29.083,12.52482,12.52712,0.00,0.00
2017.04.06 13:56:29.487,12.52482,12.52731,0.00,0.00
2017.04.06 13:56:29.807,12.52482,12.52721,0.00,0.00
2017.04.06 13:56:30.091,12.52482,12.52732,0.00,0.00
2017.04.06 13:56:30.401,12.52482,12.52711,0.00,0.00
2017.04.06 13:56:30.502,12.52482,12.52732,0.00,0.00
2017.04.06 13:56:31.011,12.52482,12.52702,0.00,0.00
2017.04.06 13:56:31.411,12.52482,12.52722,0.00,0.00
2017.04.06 13:56:31.580,12.52482,12.52732,0.00,0.00
2017.04.06 13:56:32.095,12.52482,12.52722,0.00,0.00
2017.04.06 13:56:32.420,12.52482,12.52701,0.00,0.00
2017.04.06 13:56:32.482,12.52482,12.52732,0.00,0.00
2017.04.06 13:56:32.603,12.52482,12.52722,0.00,0.00
2017.04.06 13:56:32.683,12.52482,12.52731,0.00,0.00
2017.04.06 13:56:32.787,12.52482,12.52702,0.00,0.00
2017.04.06 13:56:32.903,12.52482,12.52721,0.00,0.00
2017.04.06 13:56:33.122,12.52482,12.52701,0.00,0.00
2017.04.06 13:56:33.284,12.52482,12.52732,0.00,0.00
2017.04.06 13:56:33.484,12.52482,12.52702,0.00,0.00
2017.04.06 13:56:33.593,12.52482,12.52721,0.00,0.00
2017.04.06 13:56:33.885,12.52482,12.52701,0.00,0.00
2017.04.06 13:56:34.221,12.52482,12.52732,0.00,0.00
2017.04.06 13:56:34.286,12.52482,12.52722,0.00,0.00
2017.04.06 13:56:34.635,12.52482,12.52682,0.00,0.00
2017.04.06 13:56:34.835,12.52482,12.52712,0.00,0.00
2017.04.06 13:56:34.887,12.52482,12.52721,0.00,0.00
2017.04.06 13:56:35.004,12.52482,12.52732,0.00,0.00
2017.04.06 13:56:35.337,12.52482,12.52721,0.00,0.00
2017.04.06 13:56:35.488,12.52482,12.52732,0.00,0.00
2017.04.06 13:56:35.620,12.52482,12.52702,0.00,0.00
2017.04.06 13:56:35.736,12.52482,12.52731,0.00,0.00
2017.04.06 13:56:35.789,12.52482,12.52692,0.00,0.00
2017.04.06 13:56:36.026,12.52482,12.52721,0.00,0.00
2017.04.06 13:56:36.127,12.52439,12.52631,0.00,0.00
2017.04.06 13:56:36.278,12.52492,12.52692,0.00,0.00
2017.04.06 13:56:36.329,12.52492,12.52622,0.00,0.00
2017.04.06 13:56:36.429,12.52528,12.52771,0.00,0.00
2017.04.06 13:56:36.530,12.52528,12.52731,0.00,0.00
2017.04.06 13:56:36.590,12.52491,12.52731,0.00,0.00
2017.04.06 13:56:36.647,12.52491,12.52761,0.00,0.00
2017.04.06 13:56:36.698,12.52581,12.52741,0.00,0.00
2017.04.06 13:56:36.803,12.52581,12.52812,0.00,0.00
2017.04.06 13:56:36.854,12.52528,12.52778,0.00,0.00
2017.04.06 13:56:36.954,12.52339,12.52621,0.00,0.00
2017.04.06 13:56:37.005,12.52379,12.52631,0.00,0.00
2017.04.06 13:56:37.056,12.52379,12.52661,0.00,0.00
2017.04.06 13:56:37.157,12.52398,12.52681,0.00,0.00
2017.04.06 13:56:37.383,12.52428,12.52681,0.00,0.00
2017.04.06 13:56:37.492,12.52338,12.52622,0.00,0.00
2017.04.06 13:56:37.703,12.52348,12.52631,0.00,0.00
2017.04.06 13:56:38.044,12.52438,12.52681,0.00,0.00
2017.04.06 13:56:38.095,12.52438,12.52722,0.00,0.00
2017.04.06 13:56:38.240,12.52438,12.52681,0.00,0.00
2017.04.06 13:56:38.593,12.52392,12.52611,0.00,0.00
2017.04.06 13:56:38.967,12.52349,12.52631,0.00,0.00
2017.04.06 13:56:39.068,12.52329,12.52612,0.00,0.00
2017.04.06 13:56:39.169,12.52398,12.52682,0.00,0.00
2017.04.06 13:56:39.219,12.52378,12.52621,0.00,0.00
2017.04.06 13:56:39.270,12.52339,12.52621,0.00,0.00
2017.04.06 13:56:39.515,12.52378,12.52621,0.00,0.00
2017.04.06 13:56:39.666,12.52328,12.52612,0.00,0.00
2017.04.06 13:56:39.716,12.52398,12.52632,0.00,0.00
2017.04.06 13:56:39.797,12.52358,12.52632,0.00,0.00
2017.04.06 13:56:39.905,12.52329,12.52611,0.00,0.00
2017.04.06 13:56:40.128,12.52339,12.52621,0.00,0.00
2017.04.06 13:56:40.496,12.52381,12.52621,0.00,0.00
2017.04.06 13:56:40.716,12.52381,12.52632,0.00,0.00
2017.04.06 13:56:41.015,12.52381,12.52622,0.00,0.00
2017.04.06 13:56:41.127,12.52381,12.52632,0.00,0.00
2017.04.06 13:56:41.342,12.52381,12.52612,0.00,0.00
2017.04.06 13:56:41.501,12.52381,12.52632,0.00,0.00
2017.04.06 13:56:41.624,12.52381,12.52601,0.00,0.00
2017.04.06 13:56:42.215,12.52381,12.52632,0.00,0.00
2017.04.06 13:56:42.303,12.52381,12.52601,0.00,0.00
2017.04.06 13:56:42.735,12.52381,12.52632,0.00,0.00
2017.04.06 13:56:42.854,12.52372,12.52632,0.00,0.00
2017.04.06 13:56:43.147,12.52378,12.52632,0.00,0.00
2017.04.06 13:56:43.448,12.52372,12.52601,0.00,0.00
2017.04.06 13:56:43.505,12.52372,12.52612,0.00,0.00
2017.04.06 13:56:43.706,12.52372,12.52632,0.00,0.00
2017.04.06 13:56:44.221,12.52372,12.52611,0.00,0.00
2017.04.06 13:56:44.323,12.52372,12.52621,0.00,0.00
2017.04.06 13:56:44.446,12.52372,12.52632,0.00,0.00
2017.04.06 13:56:44.656,12.52372,12.52602,0.00,0.00
2017.04.06 13:56:44.949,12.52372,12.52622,0.00,0.00
2017.04.06 13:56:45.316,12.52372,12.52602,0.00,0.00
2017.04.06 13:56:45.435,12.52372,12.52612,0.00,0.00
2017.04.06 13:56:45.509,12.52372,12.52632,0.00,0.00
2017.04.06 13:56:45.617,12.52372,12.52621,0.00,0.00
2017.04.06 13:56:45.825,12.52372,12.52632,0.00,0.00
2017.04.06 13:56:45.946,12.52372,12.52621,0.00,0.00
2017.04.06 13:56:46.110,12.52372,12.52632,0.00,0.00
2017.04.06 13:56:46.223,12.52348,12.52531,0.00,0.00
2017.04.06 13:56:46.435,12.52281,12.52531,0.00,0.00
2017.04.06 13:56:46.511,12.52281,12.52522,0.00,0.00
2017.04.06 13:56:46.644,12.52281,12.52562,0.00,0.00
2017.04.06 13:56:46.694,12.52372,12.52562,0.00,0.00
2017.04.06 13:56:46.845,12.52372,12.52609,0.00,0.00
2017.04.06 13:56:47.012,12.52372,12.52602,0.00,0.00
2017.04.06 13:56:47.116,12.52309,12.52581,0.00,0.00
2017.04.06 13:56:47.218,12.52281,12.52531,0.00,0.00
2017.04.06 13:56:47.420,12.52372,12.52632,0.00,0.00
2017.04.06 13:56:47.714,12.52372,12.52602,0.00,0.00
2017.04.06 13:56:47.917,12.52372,12.52622,0.00,0.00
2017.04.06 13:56:48.018,12.52372,12.52632,0.00,0.00
2017.04.06 13:56:48.656,12.52372,12.52622,0.00,0.00
2017.04.06 13:56:48.760,12.52372,12.52632,0.00,0.00
2017.04.06 13:56:49.123,12.52372,12.52621,0.00,0.00
2017.04.06 13:56:49.324,12.52381,12.52631,0.00,0.00
2017.04.06 13:56:49.445,12.52472,12.52641,0.00,0.00
2017.04.06 13:56:49.546,12.52472,12.52709,0.00,0.00
2017.04.06 13:56:49.878,12.52439,12.52681,0.00,0.00
2017.04.06 13:56:49.929,12.52471,12.52681,0.00,0.00
2017.04.06 13:56:49.979,12.52471,12.52692,0.00,0.00
2017.04.06 13:56:50.030,12.52471,12.52682,0.00,0.00
2017.04.06 13:56:50.265,12.52471,12.52712,0.00,0.00
2017.04.06 13:56:50.319,12.52471,12.52671,0.00,0.00
2017.04.06 13:56:50.430,12.52471,12.52682,0.00,0.00
2017.04.06 13:56:50.561,12.52471,12.52711,0.00,0.00
2017.04.06 13:56:50.662,12.52471,12.52672,0.00,0.00
2017.04.06 13:56:50.961,12.52471,12.52681,0.00,0.00
2017.04.06 13:56:51.012,12.52402,12.52681,0.00,0.00
2017.04.06 13:56:51.178,12.52402,12.52611,0.00,0.00
2017.04.06 13:56:51.228,12.52392,12.52611,0.00,0.00
2017.04.06 13:56:51.329,12.52392,12.52601,0.00,0.00
2017.04.06 13:56:51.523,12.52392,12.52632,0.00,0.00
2017.04.06 13:56:51.624,12.52392,12.52602,0.00,0.00
2017.04.06 13:56:51.725,12.52392,12.52632,0.00,0.00
2017.04.06 13:56:51.839,12.52392,12.52602,0.00,0.00
2017.04.06 13:56:52.524,12.52392,12.52621,0.00,0.00
2017.04.06 13:56:52.626,12.52392,12.52632,0.00,0.00
2017.04.06 13:56:53.449,12.52392,12.52602,0.00,0.00
2017.04.06 13:56:53.666,12.52392,12.52611,0.00,0.00
2017.04.06 13:56:53.726,12.52392,12.52622,0.00,0.00
2017.04.06 13:56:53.777,12.52472,12.52622,0.00,0.00
2017.04.06 13:56:53.827,12.52472,12.52651,0.00,0.00
2017.04.06 13:56:53.928,12.52472,12.52702,0.00,0.00
2017.04.06 13:56:54.029,12.52472,12.52712,0.00,0.00
2017.04.06 13:56:54.155,12.52472,12.52682,0.00,0.00
2017.04.06 13:56:54.354,12.52472,12.52692,0.00,0.00
2017.04.06 13:56:54.455,12.52472,12.52701,0.00,0.00
2017.04.06 13:56:54.528,12.52472,12.52721,0.00,0.00
2017.04.06 13:56:54.867,12.52472,12.52681,0.00,0.00
2017.04.06 13:56:54.929,12.52472,12.52701,0.00,0.00
2017.04.06 13:56:55.038,12.52472,12.52722,0.00,0.00
2017.04.06 13:56:55.147,12.52472,12.52701,0.00,0.00
2017.04.06 13:56:55.259,12.52472,12.52731,0.00,0.00
2017.04.06 13:56:55.329,12.52472,12.52722,0.00,0.00
2017.04.06 13:56:55.630,12.52461,12.52711,0.00,0.00
2017.04.06 13:56:55.935,12.52461,12.52692,0.00,0.00
2017.04.06 13:56:56.091,12.52461,12.52711,0.00,0.00
2017.04.06 13:56:57.252,12.52461,12.52681,0.00,0.00
2017.04.06 13:56:57.443,12.52461,12.52711,0.00,0.00
2017.04.06 13:56:57.684,12.52461,12.52721,0.00,0.00
2017.04.06 13:56:57.934,12.52461,12.52682,0.00,0.00
2017.04.06 13:56:58.034,12.52461,12.52702,0.00,0.00
2017.04.06 13:56:58.135,12.52461,12.52721,0.00,0.00
2017.04.06 13:56:58.872,12.52461,12.52691,0.00,0.00
2017.04.06 13:56:58.973,12.52461,12.52701,0.00,0.00
2017.04.06 13:56:59.036,12.52461,12.52682,0.00,0.00
2017.04.06 13:56:59.337,12.52461,12.52691,0.00,0.00
2017.04.06 13:56:59.638,12.52461,12.52682,0.00,0.00
2017.04.06 13:57:00.178,12.52461,12.52712,0.00,0.00
2017.04.06 13:57:00.286,12.52461,12.52681,0.00,0.00
2017.04.06 13:57:00.339,12.52461,12.52712,0.00,0.00
2017.04.06 13:57:00.860,12.52461,12.52681,0.00,0.00
2017.04.06 13:57:01.175,12.52461,12.52701,0.00,0.00
2017.04.06 13:57:01.441,12.52461,12.52681,0.00,0.00
2017.04.06 13:57:02.084,12.52461,12.52702,0.00,0.00
2017.04.06 13:57:02.274,12.52461,12.52681,0.00,0.00
2017.04.06 13:57:02.774,12.52461,12.52691,0.00,0.00
2017.04.06 13:57:02.875,12.52461,12.52712,0.00,0.00
2017.04.06 13:57:03.454,12.52398,12.52679,0.00,0.00
2017.04.06 13:57:03.559,12.52392,12.52612,0.00,0.00
2017.04.06 13:57:03.976,12.52392,12.52631,0.00,0.00
2017.04.06 13:57:04.181,12.52392,12.52601,0.00,0.00
2017.04.06 13:57:04.232,12.52371,12.52601,0.00,0.00
2017.04.06 13:57:04.346,12.52371,12.52631,0.00,0.00
2017.04.06 13:57:04.396,12.52371,12.52612,0.00,0.00
2017.04.06 13:57:04.581,12.52371,12.52631,0.00,0.00
2017.04.06 13:57:04.647,12.52371,12.52602,0.00,0.00
2017.04.06 13:57:04.848,12.52371,12.52612,0.00,0.00
2017.04.06 13:57:04.948,12.52371,12.52602,0.00,0.00
2017.04.06 13:57:05.282,12.52371,12.52631,0.00,0.00
2017.04.06 13:57:05.456,12.52371,12.52602,0.00,0.00
2017.04.06 13:57:05.566,12.52371,12.52621,0.00,0.00
2017.04.06 13:57:05.697,12.52371,12.52631,0.00,0.00
2017.04.06 13:57:06.087,12.52371,12.52621,0.00,0.00
2017.04.06 13:57:06.251,12.52371,12.52632,0.00,0.00
2017.04.06 13:57:06.301,12.52374,12.52632,0.00,0.00
2017.04.06 13:57:06.452,12.52446,12.52722,0.00,0.00
2017.04.06 13:57:06.681,12.52446,12.52701,0.00,0.00
2017.04.06 13:57:06.851,12.52446,12.52722,0.00,0.00
2017.04.06 13:57:07.152,12.52449,12.52731,0.00,0.00
2017.04.06 13:57:07.296,12.52449,12.52702,0.00,0.00
2017.04.06 13:57:07.453,12.52449,12.52712,0.00,0.00
2017.04.06 13:57:07.560,12.52449,12.52691,0.00,0.00
2017.04.06 13:57:07.778,12.52451,12.52721,0.00,0.00
2017.04.06 13:57:08.280,12.52451,12.52702,0.00,0.00
2017.04.06 13:57:08.655,12.52451,12.52732,0.00,0.00
2017.04.06 13:57:08.996,12.52451,12.52692,0.00,0.00
2017.04.06 13:57:09.056,12.52451,12.52712,0.00,0.00
2017.04.06 13:57:09.456,12.52451,12.52722,0.00,0.00
2017.04.06 13:57:09.865,12.52451,12.52712,0.00,0.00
2017.04.06 13:57:09.957,12.52451,12.52721,0.00,0.00
2017.04.06 13:57:10.279,12.52459,12.52732,0.00,0.00
2017.04.06 13:57:10.563,12.52451,12.52722,0.00,0.00
2017.04.06 13:57:10.906,12.52451,12.52711,0.00,0.00
2017.04.06 13:57:11.348,12.52451,12.52691,0.00,0.00
2017.04.06 13:57:11.460,12.52451,12.52712,0.00,0.00
2017.04.06 13:57:11.561,12.52451,12.52722,0.00,0.00
2017.04.06 13:57:11.881,12.52451,12.52712,0.00,0.00
2017.04.06 13:57:12.367,12.52451,12.52691,0.00,0.00
2017.04.06 13:57:12.418,12.52451,12.52712,0.00,0.00
2017.04.06 13:57:12.469,12.52451,12.52732,0.00,0.00
2017.04.06 13:57:13.964,12.52451,12.52711,0.00,0.00
2017.04.06 13:57:14.096,12.52469,12.52732,0.00,0.00
2017.04.06 13:57:14.381,12.52451,12.52732,0.00,0.00
2017.04.06 13:57:14.432,12.52561,12.52732,0.00,0.00
2017.04.06 13:57:14.482,12.52561,12.52782,0.00,0.00
2017.04.06 13:57:14.535,12.52561,12.52788,0.00,0.00
2017.04.06 13:57:15.097,12.52561,12.52801,0.00,0.00
2017.04.06 13:57:15.200,12.52561,12.52812,0.00,0.00
2017.04.06 13:57:15.335,12.52561,12.52792,0.00,0.00
2017.04.06 13:57:15.385,12.52561,12.52812,0.00,0.00
2017.04.06 13:57:15.492,12.52561,12.52822,0.00,0.00
2017.04.06 13:57:15.543,12.52561,12.52782,0.00,0.00
2017.04.06 13:57:15.593,12.52512,12.52782,0.00,0.00
2017.04.06 13:57:15.694,12.52551,12.52761,0.00,0.00
2017.04.06 13:57:15.795,12.52511,12.52781,0.00,0.00
2017.04.06 13:57:15.896,12.52519,12.52782,0.00,0.00
2017.04.06 13:57:16.309,12.52518,12.52731,0.00,0.00
2017.04.06 13:57:16.360,12.52472,12.52711,0.00,0.00
2017.04.06 13:57:16.410,12.52472,12.52701,0.00,0.00
2017.04.06 13:57:16.556,12.52461,12.52701,0.00,0.00
2017.04.06 13:57:16.801,12.52461,12.52731,0.00,0.00
2017.04.06 13:57:17.071,12.52461,12.52702,0.00,0.00
2017.04.06 13:57:17.332,12.52461,12.52731,0.00,0.00
2017.04.06 13:57:17.633,12.52461,12.52701,0.00,0.00
2017.04.06 13:57:17.683,12.52461,12.52731,0.00,0.00
2017.04.06 13:57:17.876,12.52461,12.52721,0.00,0.00
2017.04.06 13:57:18.177,12.52461,12.52702,0.00,0.00
2017.04.06 13:57:18.228,12.52418,12.52678,0.00,0.00
2017.04.06 13:57:18.328,12.52408,12.52632,0.00,0.00
2017.04.06 13:57:18.379,12.52372,12.52632,0.00,0.00
2017.04.06 13:57:18.505,12.52398,12.52632,0.00,0.00
2017.04.06 13:57:18.555,12.52398,12.52678,0.00,0.00
2017.04.06 13:57:18.606,12.52451,12.52682,0.00,0.00
2017.04.06 13:57:18.711,12.52451,12.52722,0.00,0.00
2017.04.06 13:57:19.085,12.52408,12.52679,0.00,0.00
2017.04.06 13:57:19.418,12.52372,12.52632,0.00,0.00
2017.04.06 13:57:19.936,12.52371,12.52632,0.00,0.00
2017.04.06 13:57:20.288,12.52399,12.52632,0.00,0.00
2017.04.06 13:57:20.618,12.52461,12.52632,0.00,0.00
2017.04.06 13:57:20.676,12.52461,12.52721,0.00,0.00
2017.04.06 13:57:20.990,12.52418,12.52679,0.00,0.00
2017.04.06 13:57:21.098,12.52412,12.52631,0.00,0.00
2017.04.06 13:57:21.149,12.52402,12.52631,0.00,0.00
2017.04.06 13:57:21.390,12.52402,12.52622,0.00,0.00
2017.04.06 13:57:21.441,12.52362,12.52622,0.00,0.00
2017.04.06 13:57:21.678,12.52362,12.52612,0.00,0.00
2017.04.06 13:57:22.060,12.52328,12.52521,0.00,0.00
2017.04.06 13:57:22.110,12.52351,12.52622,0.00,0.00
2017.04.06 13:57:22.161,12.52371,12.52622,0.00,0.00
2017.04.06 13:57:22.211,12.52371,12.52632,0.00,0.00
2017.04.06 13:57:22.500,12.52371,12.52622,0.00,0.00
2017.04.06 13:57:22.612,12.52371,12.52632,0.00,0.00
2017.04.06 13:57:22.925,12.52372,12.52601,0.00,0.00
2017.04.06 13:57:22.980,12.52372,12.52632,0.00,0.00
2017.04.06 13:57:23.103,12.52388,12.52632,0.00,0.00
2017.04.06 13:57:23.204,12.52372,12.52632,0.00,0.00
2017.04.06 13:57:23.310,12.52372,12.52621,0.00,0.00
2017.04.06 13:57:23.639,12.52462,12.52731,0.00,0.00
2017.04.06 13:57:23.805,12.52472,12.52732,0.00,0.00
2017.04.06 13:57:24.133,12.52472,12.52701,0.00,0.00
2017.04.06 13:57:24.417,12.52382,12.52622,0.00,0.00
2017.04.06 13:57:24.648,12.52382,12.52632,0.00,0.00
2017.04.06 13:57:24.985,12.52398,12.52632,0.00,0.00
2017.04.06 13:57:25.287,12.52461,12.52681,0.00,0.00
2017.04.06 13:57:25.338,12.52461,12.52732,0.00,0.00
2017.04.06 13:57:25.686,12.52468,12.52732,0.00,0.00
2017.04.06 13:57:26.012,12.52461,12.52702,0.00,0.00
2017.04.06 13:57:26.393,12.52461,12.52712,0.00,0.00
2017.04.06 13:57:26.494,12.52461,12.52731,0.00,0.00
2017.04.06 13:57:26.669,12.52449,12.52632,0.00,0.00
2017.04.06 13:57:26.720,12.52419,12.52632,0.00,0.00
2017.04.06 13:57:26.821,12.52381,12.52621,0.00,0.00
2017.04.06 13:57:27.113,12.52381,12.52632,0.00,0.00
2017.04.06 13:57:27.329,12.52381,12.52621,0.00,0.00
2017.04.06 13:57:27.591,12.52428,12.52682,0.00,0.00
2017.04.06 13:57:28.129,12.52421,12.52682,0.00,0.00
2017.04.06 13:57:28.232,12.52421,12.52632,0.00,0.00
2017.04.06 13:57:28.283,12.52408,12.52632,0.00,0.00
2017.04.06 13:57:28.391,12.52381,12.52632,0.00,0.00
2017.04.06 13:57:28.899,12.52398,12.52632,0.00,0.00
2017.04.06 13:57:28.970,12.52429,12.52682,0.00,0.00
2017.04.06 13:57:29.021,12.52462,12.52672,0.00,0.00
2017.04.06 13:57:29.122,12.52462,12.52731,0.00,0.00
2017.04.06 13:57:29.731,12.52462,12.52722,0.00,0.00
2017.04.06 13:57:29.833,12.52462,12.52731,0.00,0.00
2017.04.06 13:57:30.242,12.52462,12.52702,0.00,0.00
2017.04.06 13:57:30.294,12.52462,12.52722,0.00,0.00
2017.04.06 13:57:30.695,12.52462,12.52731,0.00,0.00
2017.04.06 13:57:30.911,12.52462,12.52711,0.00,0.00
2017.04.06 13:57:30.996,12.52468,12.52731,0.00,0.00
2017.04.06 13:57:31.102,12.52462,12.52731,0.00,0.00
2017.04.06 13:57:31.213,12.52468,12.52731,0.00,0.00
2017.04.06 13:57:31.547,12.52468,12.52731,0.00,0.00
2017.04.06 13:57:31.883,12.52498,12.52732,0.00,0.00
2017.04.06 13:57:31.934,12.52481,12.52732,0.00,0.00
2017.04.06 13:57:31.984,12.52561,12.52732,0.00,0.00
2017.04.06 13:57:32.035,12.52561,12.52742,0.00,0.00
2017.04.06 13:57:32.136,12.52538,12.52779,0.00,0.00
2017.04.06 13:57:32.237,12.52529,12.52732,0.00,0.00
2017.04.06 13:57:32.339,12.52472,12.52712,0.00,0.00
2017.04.06 13:57:32.724,12.52471,12.52722,0.00,0.00
2017.04.06 13:57:32.830,12.52471,12.52702,0.00,0.00
2017.04.06 13:57:33.140,12.52471,12.52732,0.00,0.00
2017.04.06 13:57:33.301,12.52471,12.52702,0.00,0.00
2017.04.06 13:57:33.749,12.52461,12.52631,0.00,0.00
2017.04.06 13:57:33.852,12.52461,12.52682,0.00,0.00
2017.04.06 13:57:33.903,12.52461,12.52691,0.00,0.00
2017.04.06 13:57:34.003,12.52461,12.52722,0.00,0.00
2017.04.06 13:57:34.108,12.52421,12.52681,0.00,0.00
2017.04.06 13:57:34.682,12.52462,12.52722,0.00,0.00
2017.04.06 13:57:35.010,12.52372,12.52632,0.00,0.00
2017.04.06 13:57:35.319,12.52372,12.52621,0.00,0.00
2017.04.06 13:57:35.539,12.52378,12.52632,0.00,0.00
2017.04.06 13:57:35.645,12.52398,12.52632,0.00,0.00
2017.04.06 13:57:35.908,12.52388,12.52632,0.00,0.00
2017.04.06 13:57:36.088,12.52399,12.52661,0.00,0.00
2017.04.06 13:57:36.139,12.52399,12.52652,0.00,0.00
2017.04.06 13:57:36.536,12.52399,12.52622,0.00,0.00
2017.04.06 13:57:36.857,12.52499,12.52731,0.00,0.00
2017.04.06 13:57:36.908,12.52462,12.52712,0.00,0.00
2017.04.06 13:57:37.059,12.52499,12.52692,0.00,0.00
2017.04.06 13:57:37.159,12.52499,12.52702,0.00,0.00
2017.04.06 13:57:37.211,12.52499,12.52732,0.00,0.00
2017.04.06 13:57:37.457,12.52499,12.52702,0.00,0.00
2017.04.06 13:57:38.058,12.52499,12.52722,0.00,0.00
2017.04.06 13:57:38.113,12.52499,12.52741,0.00,0.00
2017.04.06 13:57:38.445,12.52499,12.52712,0.00,0.00
2017.04.06 13:57:38.780,12.52499,12.52702,0.00,0.00
2017.04.06 13:57:38.831,12.52499,12.52742,0.00,0.00
2017.04.06 13:57:39.163,12.52472,12.52731,0.00,0.00
2017.04.06 13:57:39.264,12.52472,12.52722,0.00,0.00
2017.04.06 13:57:39.580,12.52381,12.52631,0.00,0.00
2017.04.06 13:57:39.955,12.52399,12.52632,0.00,0.00
2017.04.06 13:57:40.163,12.52469,12.52731,0.00,0.00
2017.04.06 13:57:40.351,12.52469,12.52701,0.00,0.00
2017.04.06 13:57:40.634,12.52469,12.52731,0.00,0.00
2017.04.06 13:57:41.370,12.52469,12.52712,0.00,0.00
2017.04.06 13:57:41.881,12.52469,12.52711,0.00,0.00
2017.04.06 13:57:42.266,12.52419,12.52679,0.00,0.00
2017.04.06 13:57:42.368,12.52428,12.52679,0.00,0.00
2017.04.06 13:57:42.469,12.52371,12.52631,0.00,0.00
2017.04.06 13:57:42.570,12.52378,12.52631,0.00,0.00
2017.04.06 13:57:42.919,12.52399,12.52631,0.00,0.00
2017.04.06 13:57:43.025,12.52378,12.52631,0.00,0.00
2017.04.06 13:57:43.125,12.52371,12.52631,0.00,0.00
2017.04.06 13:57:43.225,12.52378,12.52631,0.00,0.00
2017.04.06 13:57:43.572,12.52369,12.52622,0.00,0.00
2017.04.06 13:57:43.726,12.52369,12.52631,0.00,0.00
2017.04.06 13:57:44.058,12.52378,12.52631,0.00,0.00
2017.04.06 13:57:44.327,12.52369,12.52631,0.00,0.00
2017.04.06 13:57:44.461,12.52378,12.52631,0.00,0.00
2017.04.06 13:57:44.778,12.52388,12.52631,0.00,0.00
2017.04.06 13:57:45.031,12.52369,12.52631,0.00,0.00
2017.04.06 13:57:45.855,12.52398,12.52631,0.00,0.00
2017.04.06 13:57:45.967,12.52369,12.52631,0.00,0.00
2017.04.06 13:57:47.230,12.52362,12.52532,0.00,0.00
2017.04.06 13:57:47.374,12.52268,12.52532,0.00,0.00
2017.04.06 13:57:47.537,12.52268,12.52522,0.00,0.00
2017.04.06 13:57:47.640,12.52268,12.52532,0.00,0.00
2017.04.06 13:57:48.062,12.52279,12.52532,0.00,0.00
2017.04.06 13:57:48.872,12.52268,12.52532,0.00,0.00
2017.04.06 13:57:49.572,12.52268,12.52531,0.00,0.00
2017.04.06 13:57:49.641,12.52289,12.52532,0.00,0.00
2017.04.06 13:57:50.042,12.52268,12.52522,0.00,0.00
2017.04.06 13:57:50.478,12.52278,12.52532,0.00,0.00
2017.04.06 13:57:50.702,12.52269,12.52532,0.00,0.00
2017.04.06 13:57:51.184,12.52279,12.52532,0.00,0.00
2017.04.06 13:57:51.523,12.52238,12.52431,0.00,0.00
2017.04.06 13:57:51.573,12.52228,12.52431,0.00,0.00
2017.04.06 13:57:51.646,12.52169,12.52431,0.00,0.00
2017.04.06 13:57:51.696,12.52262,12.52452,0.00,0.00
2017.04.06 13:57:51.747,12.52261,12.52482,0.00,0.00
2017.04.06 13:57:51.847,12.52289,12.52509,0.00,0.00
2017.04.06 13:57:52.047,12.52281,12.52509,0.00,0.00
2017.04.06 13:57:52.247,12.52319,12.52509,0.00,0.00
2017.04.06 13:57:52.298,12.52319,12.52532,0.00,0.00
2017.04.06 13:57:52.412,12.52288,12.52532,0.00,0.00
2017.04.06 13:57:52.665,12.52281,12.52532,0.00,0.00
2017.04.06 13:57:53.460,12.52288,12.52532,0.00,0.00
2017.04.06 13:57:53.563,12.52281,12.52532,0.00,0.00
2017.04.06 13:57:53.771,12.52289,12.52532,0.00,0.00
2017.04.06 13:57:54.093,12.52281,12.52532,0.00,0.00
2017.04.06 13:57:54.580,12.52288,12.52532,0.00,0.00
2017.04.06 13:57:54.771,12.52278,12.52532,0.00,0.00
2017.04.06 13:57:54.885,12.52318,12.52532,0.00,0.00
2017.04.06 13:57:54.952,12.52288,12.52532,0.00,0.00
2017.04.06 13:57:55.024,12.52291,12.52532,0.00,0.00
2017.04.06 13:57:55.175,12.52328,12.52581,0.00,0.00
2017.04.06 13:57:55.226,12.52328,12.52579,0.00,0.00
2017.04.06 13:57:55.276,12.52319,12.52579,0.00,0.00
2017.04.06 13:57:55.327,12.52298,12.52531,0.00,0.00
2017.04.06 13:57:55.378,12.52291,12.52531,0.00,0.00
2017.04.06 13:57:55.478,12.52298,12.52531,0.00,0.00
2017.04.06 13:57:55.856,12.52318,12.52579,0.00,0.00
2017.04.06 13:57:55.907,12.52318,12.52581,0.00,0.00
2017.04.06 13:57:55.957,12.52328,12.52582,0.00,0.00
2017.04.06 13:57:56.081,12.52369,12.52631,0.00,0.00
2017.04.06 13:57:56.289,12.52378,12.52631,0.00,0.00
2017.04.06 13:57:56.636,12.52469,12.52642,0.00,0.00
2017.04.06 13:57:56.687,12.52469,12.52731,0.00,0.00
2017.04.06 13:57:57.040,12.52469,12.52721,0.00,0.00
2017.04.06 13:57:57.504,12.52469,12.52731,0.00,0.00
2017.04.06 13:57:58.100,12.52449,12.52632,0.00,0.00
2017.04.06 13:57:58.201,12.52442,12.52632,0.00,0.00
2017.04.06 13:57:58.302,12.52499,12.52692,0.00,0.00
2017.04.06 13:57:58.361,12.52499,12.52722,0.00,0.00
2017.04.06 13:57:58.462,12.52499,12.52752,0.00,0.00
2017.04.06 13:57:58.712,12.52469,12.52711,0.00,0.00
2017.04.06 13:57:58.763,12.52449,12.52711,0.00,0.00
2017.04.06 13:57:58.813,12.52499,12.52712,0.00,0.00
2017.04.06 13:57:58.864,12.52499,12.52731,0.00,0.00
2017.04.06 13:57:58.984,12.52499,12.52752,0.00,0.00
2017.04.06 13:57:59.193,12.52499,12.52722,0.00,0.00
2017.04.06 13:57:59.438,12.52448,12.52712,0.00,0.00
2017.04.06 13:57:59.508,12.52448,12.52709,0.00,0.00
2017.04.06 13:57:59.828,12.52499,12.52709,0.00,0.00
2017.04.06 13:58:00.204,12.52508,12.52709,0.00,0.00
2017.04.06 13:58:00.310,12.52499,12.52709,0.00,0.00
2017.04.06 13:58:00.361,12.52499,12.52751,0.00,0.00
2017.04.06 13:58:00.411,12.52499,12.52722,0.00,0.00
2017.04.06 13:58:00.580,12.52499,12.52742,0.00,0.00
2017.04.06 13:58:00.667,12.52499,12.52752,0.00,0.00
2017.04.06 13:58:00.902,12.52499,12.52721,0.00,0.00
2017.04.06 13:58:01.003,12.52429,12.52661,0.00,0.00
2017.04.06 13:58:01.104,12.52452,12.52642,0.00,0.00
2017.04.06 13:58:01.205,12.52452,12.52682,0.00,0.00
2017.04.06 13:58:01.255,12.52498,12.52682,0.00,0.00
2017.04.06 13:58:01.401,12.52498,12.52729,0.00,0.00
2017.04.06 13:58:01.452,12.52459,12.52711,0.00,0.00
2017.04.06 13:58:01.503,12.52449,12.52711,0.00,0.00
2017.04.06 13:58:01.569,12.52449,12.52682,0.00,0.00
2017.04.06 13:58:01.970,12.52449,12.52702,0.00,0.00
2017.04.06 13:58:02.105,12.52449,12.52691,0.00,0.00
2017.04.06 13:58:02.766,12.52411,12.52661,0.00,0.00
2017.04.06 13:58:02.817,12.52429,12.52661,0.00,0.00
2017.04.06 13:58:02.918,12.52399,12.52661,0.00,0.00
2017.04.06 13:58:03.075,12.52399,12.52632,0.00,0.00
2017.04.06 13:58:03.125,12.52399,12.52661,0.00,0.00
2017.04.06 13:58:03.176,12.52399,12.52652,0.00,0.00
2017.04.06 13:58:03.374,12.52399,12.52661,0.00,0.00
2017.04.06 13:58:03.572,12.52399,12.52651,0.00,0.00
2017.04.06 13:58:03.894,12.52399,12.52632,0.00,0.00
2017.04.06 13:58:04.221,12.52399,12.52652,0.00,0.00
2017.04.06 13:58:04.275,12.52399,12.52661,0.00,0.00
2017.04.06 13:58:04.621,12.52399,12.52632,0.00,0.00
2017.04.06 13:58:04.675,12.52399,12.52661,0.00,0.00
2017.04.06 13:58:04.906,12.52399,12.52632,0.00,0.00
2017.04.06 13:58:04.976,12.52399,12.52641,0.00,0.00
2017.04.06 13:58:05.093,12.52399,12.52611,0.00,0.00
2017.04.06 13:58:05.301,12.52399,12.52631,0.00,0.00
2017.04.06 13:58:05.403,12.52399,12.52612,0.00,0.00
2017.04.06 13:58:05.477,12.52399,12.52622,0.00,0.00
2017.04.06 13:58:05.586,12.52399,12.52612,0.00,0.00
2017.04.06 13:58:05.678,12.52399,12.52641,0.00,0.00
2017.04.06 13:58:05.779,12.52399,12.52611,0.00,0.00
2017.04.06 13:58:06.211,12.52399,12.52622,0.00,0.00
2017.04.06 13:58:06.315,12.52399,12.52641,0.00,0.00
2017.04.06 13:58:06.501,12.52399,12.52652,0.00,0.00
2017.04.06 13:58:06.729,12.52399,12.52621,0.00,0.00
2017.04.06 13:58:07.110,12.52399,12.52641,0.00,0.00
2017.04.06 13:58:07.184,12.52399,12.52621,0.00,0.00
2017.04.06 13:58:07.582,12.52399,12.52578,0.00,0.00
2017.04.06 13:58:07.633,12.52349,12.52532,0.00,0.00
2017.04.06 13:58:07.742,12.52299,12.52532,0.00,0.00
2017.04.06 13:58:07.864,12.52299,12.52561,0.00,0.00
2017.04.06 13:58:07.915,12.52348,12.52578,0.00,0.00
2017.04.06 13:58:07.965,12.52348,12.52602,0.00,0.00
2017.04.06 13:58:08.016,12.52348,12.52541,0.00,0.00
2017.04.06 13:58:08.117,12.52351,12.52609,0.00,0.00
2017.04.06 13:58:08.218,12.52398,12.52609,0.00,0.00
2017.04.06 13:58:08.546,12.52398,12.52641,0.00,0.00
2017.04.06 13:58:09.131,12.52398,12.52642,0.00,0.00
2017.04.06 13:58:09.435,12.52398,12.52611,0.00,0.00
2017.04.06 13:58:09.794,12.52398,12.52621,0.00,0.00
2017.04.06 13:58:09.891,12.52398,12.52611,0.00,0.00
2017.04.06 13:58:10.188,12.52351,12.52602,0.00,0.00
2017.04.06 13:58:10.339,12.52398,12.52542,0.00,0.00
2017.04.06 13:58:10.440,12.52308,12.52562,0.00,0.00
2017.04.06 13:58:10.543,12.52298,12.52562,0.00,0.00
2017.04.06 13:58:10.691,12.52298,12.52532,0.00,0.00
2017.04.06 13:58:10.741,12.52298,12.52561,0.00,0.00
2017.04.06 13:58:10.842,12.52298,12.52531,0.00,0.00
2017.04.06 13:58:10.944,12.52298,12.52542,0.00,0.00
2017.04.06 13:58:10.995,12.52318,12.52562,0.00,0.00
2017.04.06 13:58:11.296,12.52299,12.52562,0.00,0.00
2017.04.06 13:58:11.716,12.52298,12.52522,0.00,0.00
2017.04.06 13:58:12.005,12.52298,12.52532,0.00,0.00
2017.04.06 13:58:12.133,12.52298,12.52552,0.00,0.00
2017.04.06 13:58:12.198,12.52298,12.52522,0.00,0.00
2017.04.06 13:58:12.403,12.52298,12.52551,0.00,0.00
2017.04.06 13:58:12.715,12.52298,12.52531,0.00,0.00
2017.04.06 13:58:12.816,12.52298,12.52552,0.00,0.00
2017.04.06 13:58:13.002,12.52298,12.52541,0.00,0.00
2017.04.06 13:58:13.115,12.52298,12.52552,0.00,0.00
2017.04.06 13:58:13.308,12.52298,12.52542,0.00,0.00
2017.04.06 13:58:13.626,12.52298,12.52552,0.00,0.00
2017.04.06 13:58:13.735,12.52298,12.52522,0.00,0.00
2017.04.06 13:58:13.836,12.52298,12.52552,0.00,0.00
2017.04.06 13:58:13.948,12.52298,12.52522,0.00,0.00
2017.04.06 13:58:14.003,12.52298,12.52541,0.00,0.00
2017.04.06 13:58:14.119,12.52298,12.52522,0.00,0.00
2017.04.06 13:58:14.349,12.52319,12.52562,0.00,0.00
2017.04.06 13:58:14.451,12.52298,12.52532,0.00,0.00
2017.04.06 13:58:14.805,12.52309,12.52562,0.00,0.00
2017.04.06 13:58:14.904,12.52318,12.52562,0.00,0.00
2017.04.06 13:58:15.237,12.52398,12.52622,0.00,0.00
2017.04.06 13:58:15.731,12.52398,12.52611,0.00,0.00
2017.04.06 13:58:15.890,12.52398,12.52632,0.00,0.00
2017.04.06 13:58:15.940,12.52398,12.52602,0.00,0.00
2017.04.06 13:58:16.007,12.52398,12.52632,0.00,0.00
2017.04.06 13:58:16.520,12.52398,12.52612,0.00,0.00
2017.04.06 13:58:16.808,12.52398,12.52641,0.00,0.00
2017.04.06 13:58:17.185,12.52449,12.52641,0.00,0.00
2017.04.06 13:58:17.343,12.52399,12.52651,0.00,0.00
2017.04.06 13:58:17.448,12.52399,12.52622,0.00,0.00
2017.04.06 13:58:17.510,12.52399,12.52652,0.00,0.00
2017.04.06 13:58:17.741,12.52399,12.52622,0.00,0.00
2017.04.06 13:58:18.023,12.52399,12.52652,0.00,0.00
2017.04.06 13:58:18.252,12.52399,12.52622,0.00,0.00
2017.04.06 13:58:18.512,12.52399,12.52632,0.00,0.00
2017.04.06 13:58:18.612,12.52399,12.52652,0.00,0.00
2017.04.06 13:58:19.235,12.52399,12.52632,0.00,0.00
2017.04.06 13:58:19.558,12.52499,12.52732,0.00,0.00
2017.04.06 13:58:19.935,12.52448,12.52692,0.00,0.00
2017.04.06 13:58:19.985,12.52448,12.52678,0.00,0.00
2017.04.06 13:58:20.136,12.52398,12.52662,0.00,0.00
2017.04.06 13:58:20.241,12.52398,12.52632,0.00,0.00
2017.04.06 13:58:20.344,12.52398,12.52661,0.00,0.00
2017.04.06 13:58:20.471,12.52398,12.52622,0.00,0.00
2017.04.06 13:58:20.522,12.52398,12.52642,0.00,0.00
2017.04.06 13:58:20.616,12.52398,12.52632,0.00,0.00
2017.04.06 13:58:20.835,12.52398,12.52642,0.00,0.00
2017.04.06 13:58:20.942,12.52398,12.52631,0.00,0.00
2017.04.06 13:58:21.124,12.52398,12.52641,0.00,0.00
2017.04.06 13:58:21.225,12.52398,12.52662,0.00,0.00
2017.04.06 13:58:21.318,12.52408,12.52662,0.00,0.00
2017.04.06 13:58:21.626,12.52398,12.52621,0.00,0.00
2017.04.06 13:58:21.862,12.52398,12.52632,0.00,0.00
2017.04.06 13:58:21.920,12.52398,12.52612,0.00,0.00
2017.04.06 13:58:22.144,12.52398,12.52652,0.00,0.00
2017.04.06 13:58:22.463,12.52398,12.52632,0.00,0.00
2017.04.06 13:58:22.521,12.52398,12.52651,0.00,0.00
2017.04.06 13:58:22.638,12.52398,12.52612,0.00,0.00
2017.04.06 13:58:22.747,12.52398,12.52651,0.00,0.00
2017.04.06 13:58:23.723,12.52398,12.52622,0.00,0.00
2017.04.06 13:58:24.024,12.52398,12.52632,0.00,0.00
2017.04.06 13:58:24.151,12.52398,12.52612,0.00,0.00
2017.04.06 13:58:24.739,12.52398,12.52631,0.00,0.00
2017.04.06 13:58:25.326,12.52398,12.52611,0.00,0.00
2017.04.06 13:58:25.751,12.52352,12.52611,0.00,0.00
2017.04.06 13:58:25.801,12.52319,12.52562,0.00,0.00
2017.04.06 13:58:25.852,12.52298,12.52562,0.00,0.00
2017.04.06 13:58:25.928,12.52298,12.52542,0.00,0.00
2017.04.06 13:58:26.038,12.52319,12.52569,0.00,0.00
2017.04.06 13:58:26.139,12.52328,12.52569,0.00,0.00
2017.04.06 13:58:26.523,12.52199,12.52431,0.00,0.00
2017.04.06 13:58:26.573,12.52209,12.52458,0.00,0.00
2017.04.06 13:58:26.629,12.52199,12.52431,0.00,0.00
2017.04.06 13:58:26.730,12.52199,12.52458,0.00,0.00
2017.04.06 13:58:26.830,12.52199,12.52432,0.00,0.00
2017.04.06 13:58:26.938,12.52199,12.52458,0.00,0.00
2017.04.06 13:58:27.154,12.52248,12.52432,0.00,0.00
2017.04.06 13:58:27.255,12.52298,12.52541,0.00,0.00
2017.04.06 13:58:27.453,12.52298,12.52521,0.00,0.00
2017.04.06 13:58:27.555,12.52298,12.52551,0.00,0.00
2017.04.06 13:58:28.134,12.52298,12.52531,0.00,0.00
2017.04.06 13:58:28.758,12.52298,12.52522,0.00,0.00
2017.04.06 13:58:28.861,12.52298,12.52559,0.00,0.00
2017.04.06 13:58:29.036,12.52298,12.52552,0.00,0.00
2017.04.06 13:58:29.138,12.52298,12.52559,0.00,0.00
2017.04.06 13:58:29.338,12.52328,12.52559,0.00,0.00
2017.04.06 13:58:29.442,12.52319,12.52559,0.00,0.00
2017.04.06 13:58:29.543,12.52308,12.52559,0.00,0.00
2017.04.06 13:58:29.638,12.52298,12.52532,0.00,0.00
2017.04.06 13:58:29.773,12.52298,12.52551,0.00,0.00
2017.04.06 13:58:30.074,12.52298,12.52532,0.00,0.00
2017.04.06 13:58:30.184,12.52298,12.52552,0.00,0.00
2017.04.06 13:58:30.286,12.52298,12.52559,0.00,0.00
2017.04.06 13:58:30.391,12.52298,12.52552,0.00,0.00
2017.04.06 13:58:30.767,12.52298,12.52559,0.00,0.00
2017.04.06 13:58:30.868,12.52298,12.52531,0.00,0.00
2017.04.06 13:58:30.973,12.52318,12.52559,0.00,0.00
2017.04.06 13:58:31.186,12.52398,12.52559,0.00,0.00
2017.04.06 13:58:31.237,12.52398,12.52581,0.00,0.00
2017.04.06 13:58:31.337,12.52399,12.52622,0.00,0.00
2017.04.06 13:58:31.388,12.52399,12.52631,0.00,0.00
2017.04.06 13:58:31.514,12.52399,12.52642,0.00,0.00
2017.04.06 13:58:31.565,12.52399,12.52652,0.00,0.00
2017.04.06 13:58:31.644,12.52399,12.52658,0.00,0.00
2017.04.06 13:58:31.794,12.52399,12.52611,0.00,0.00
2017.04.06 13:58:31.845,12.52399,12.52651,0.00,0.00
2017.04.06 13:58:31.946,12.52399,12.52621,0.00,0.00
2017.04.06 13:58:32.074,12.52399,12.52651,0.00,0.00
2017.04.06 13:58:32.146,12.52399,12.52631,0.00,0.00
2017.04.06 13:58:32.647,12.52399,12.52621,0.00,0.00
2017.04.06 13:58:33.449,12.52399,12.52641,0.00,0.00
2017.04.06 13:58:33.550,12.52399,12.52611,0.00,0.00
2017.04.06 13:58:33.663,12.52399,12.52642,0.00,0.00
2017.04.06 13:58:34.051,12.52399,12.52612,0.00,0.00
2017.04.06 13:58:34.101,12.52342,12.52612,0.00,0.00
2017.04.06 13:58:34.256,12.52359,12.52632,0.00,0.00
2017.04.06 13:58:34.352,12.52342,12.52622,0.00,0.00
2017.04.06 13:58:34.498,12.52358,12.52632,0.00,0.00
2017.04.06 13:58:34.971,12.52342,12.52622,0.00,0.00
2017.04.06 13:58:35.082,12.52342,12.52612,0.00,0.00
2017.04.06 13:58:35.298,12.52358,12.52632,0.00,0.00
2017.04.06 13:58:35.668,12.52348,12.52632,0.00,0.00
2017.04.06 13:58:35.770,12.52369,12.52632,0.00,0.00
2017.04.06 13:58:35.871,12.52349,12.52631,0.00,0.00
2017.04.06 13:58:36.203,12.52359,12.52632,0.00,0.00
2017.04.06 13:58:36.556,12.52369,12.52632,0.00,0.00
2017.04.06 13:58:37.773,12.52378,12.52632,0.00,0.00
2017.04.06 13:58:38.097,12.52431,12.52651,0.00,0.00
2017.04.06 13:58:38.198,12.52438,12.52709,0.00,0.00
2017.04.06 13:58:38.467,12.52448,12.52709,0.00,0.00
2017.04.06 13:58:38.664,12.52431,12.52702,0.00,0.00
2017.04.06 13:58:38.890,12.52431,12.52712,0.00,0.00
2017.04.06 13:58:39.007,12.52448,12.52732,0.00,0.00
2017.04.06 13:58:39.111,12.52431,12.52712,0.00,0.00
2017.04.06 13:58:39.446,12.52431,12.52701,0.00,0.00
2017.04.06 13:58:39.497,12.52431,12.52712,0.00,0.00
2017.04.06 13:58:39.657,12.52431,12.52702,0.00,0.00
2017.04.06 13:58:39.715,12.52449,12.52731,0.00,0.00
2017.04.06 13:58:40.067,12.52431,12.52711,0.00,0.00
2017.04.06 13:58:40.168,12.52448,12.52732,0.00,0.00
2017.04.06 13:58:40.285,12.52431,12.52711,0.00,0.00
2017.04.06 13:58:40.702,12.52448,12.52732,0.00,0.00
2017.04.06 13:58:40.908,12.52431,12.52712,0.00,0.00
2017.04.06 13:58:41.246,12.52431,12.52702,0.00,0.00
2017.04.06 13:58:41.297,12.52439,12.52721,0.00,0.00
2017.04.06 13:58:41.366,12.52491,12.52721,0.00,0.00
2017.04.06 13:58:41.544,12.52629,12.52862,0.00,0.00
2017.04.06 13:58:41.595,12.52642,12.52879,0.00,0.00
2017.04.06 13:58:41.700,12.52699,12.52879,0.00,0.00
2017.04.06 13:58:41.923,12.52699,12.52951,0.00,0.00
2017.04.06 13:58:41.973,12.52699,12.52912,0.00,0.00
2017.04.06 13:58:42.103,12.52699,12.52931,0.00,0.00
2017.04.06 13:58:42.172,12.52699,12.52952,0.00,0.00
2017.04.06 13:58:42.473,12.52699,12.52911,0.00,0.00
2017.04.06 13:58:42.674,12.52699,12.52941,0.00,0.00
2017.04.06 13:58:43.074,12.52699,12.52922,0.00,0.00
2017.04.06 13:58:43.187,12.52699,12.52952,0.00,0.00
2017.04.06 13:58:43.676,12.52699,12.52912,0.00,0.00
2017.04.06 13:58:43.925,12.52699,12.52941,0.00,0.00
2017.04.06 13:58:44.377,12.52699,12.52932,0.00,0.00
2017.04.06 13:58:44.677,12.52798,12.53032,0.00,0.00
2017.04.06 13:58:44.815,12.52798,12.53001,0.00,0.00
2017.04.06 13:58:45.118,12.52798,12.53032,0.00,0.00
2017.04.06 13:58:45.294,12.52798,12.53012,0.00,0.00
2017.04.06 13:58:45.380,12.52798,12.53032,0.00,0.00
2017.04.06 13:58:45.708,12.52821,12.53031,0.00,0.00
2017.04.06 13:58:45.910,12.52821,12.53042,0.00,0.00
2017.04.06 13:58:46.011,12.52821,12.53062,0.00,0.00
2017.04.06 13:58:46.127,12.52848,12.53031,0.00,0.00
2017.04.06 13:58:46.328,12.52848,12.53082,0.00,0.00
2017.04.06 13:58:46.379,12.52821,12.53061,0.00,0.00
2017.04.06 13:58:46.530,12.52821,12.52991,0.00,0.00
2017.04.06 13:58:46.581,12.52799,12.52991,0.00,0.00
2017.04.06 13:58:47.135,12.52799,12.53012,0.00,0.00
2017.04.06 13:58:47.186,12.52799,12.53031,0.00,0.00
2017.04.06 13:58:47.286,12.52799,12.53061,0.00,0.00
2017.04.06 13:58:47.528,12.52799,12.53022,0.00,0.00
2017.04.06 13:58:47.875,12.52799,12.53012,0.00,0.00
2017.04.06 13:58:47.986,12.52799,12.53032,0.00,0.00
2017.04.06 13:58:48.037,12.52841,12.53032,0.00,0.00
2017.04.06 13:58:48.088,12.52848,12.53062,0.00,0.00
2017.04.06 13:58:48.270,12.52899,12.53102,0.00,0.00
2017.04.06 13:58:48.536,12.52849,12.53101,0.00,0.00
2017.04.06 13:58:48.637,12.52849,12.53071,0.00,0.00
2017.04.06 13:58:48.954,12.52898,12.53072,0.00,0.00
2017.04.06 13:58:49.004,12.52898,12.53082,0.00,0.00
2017.04.06 13:58:49.113,12.52898,12.53071,0.00,0.00
2017.04.06 13:58:49.350,12.52898,12.53102,0.00,0.00
2017.04.06 13:58:49.524,12.52898,12.53072,0.00,0.00
2017.04.06 13:58:49.592,12.52898,12.53112,0.00,0.00
2017.04.06 13:58:49.692,12.52858,12.53121,0.00,0.00
2017.04.06 13:58:49.795,12.52841,12.53111,0.00,0.00
2017.04.06 13:58:49.899,12.52841,12.53102,0.00,0.00
2017.04.06 13:58:50.229,12.52841,12.53081,0.00,0.00
2017.04.06 13:58:50.649,12.52941,12.53192,0.00,0.00
2017.04.06 13:58:50.700,12.52941,12.53162,0.00,0.00
2017.04.06 13:58:50.796,12.52941,12.53192,0.00,0.00
2017.04.06 13:58:50.896,12.52941,12.53162,0.00,0.00
2017.04.06 13:58:51.007,12.52941,12.53191,0.00,0.00
2017.04.06 13:58:51.121,12.52941,12.53162,0.00,0.00
2017.04.06 13:58:51.226,12.52941,12.53202,0.00,0.00
2017.04.06 13:58:51.298,12.52941,12.53182,0.00,0.00
2017.04.06 13:58:51.399,12.52941,12.53212,0.00,0.00
2017.04.06 13:58:51.515,12.52941,12.53192,0.00,0.00
2017.04.06 13:58:51.616,12.52948,12.53222,0.00,0.00
2017.04.06 13:58:51.848,12.52978,12.53222,0.00,0.00
2017.04.06 13:58:51.899,12.52948,12.53222,0.00,0.00
2017.04.06 13:58:52.206,12.52941,12.53211,0.00,0.00
2017.04.06 13:58:52.501,12.52941,12.53222,0.00,0.00
2017.04.06 13:58:52.701,12.52968,12.53222,0.00,0.00
2017.04.06 13:58:52.910,12.52949,12.53222,0.00,0.00
2017.04.06 13:58:53.140,12.52978,12.53222,0.00,0.00
2017.04.06 13:58:53.251,12.52948,12.53222,0.00,0.00
2017.04.06 13:58:53.592,12.52941,12.53222,0.00,0.00
2017.04.06 13:58:53.643,12.52941,12.53201,0.00,0.00
2017.04.06 13:58:53.806,12.52941,12.53212,0.00,0.00
2017.04.06 13:58:53.906,12.52941,12.53222,0.00,0.00
2017.04.06 13:58:54.149,12.52941,12.53192,0.00,0.00
2017.04.06 13:58:54.254,12.52941,12.53202,0.00,0.00
2017.04.06 13:58:54.354,12.52941,12.53212,0.00,0.00
2017.04.06 13:58:54.408,12.52948,12.53222,0.00,0.00
2017.04.06 13:58:54.515,12.52941,12.53191,0.00,0.00
2017.04.06 13:58:54.726,12.52948,12.53222,0.00,0.00
2017.04.06 13:58:54.915,12.52948,12.53219,0.00,0.00
2017.04.06 13:58:55.123,12.52878,12.53151,0.00,0.00
2017.04.06 13:58:55.173,12.52941,12.53151,0.00,0.00
2017.04.06 13:58:55.325,12.52941,12.53221,0.00,0.00
2017.04.06 13:58:55.435,12.52948,12.53222,0.00,0.00
2017.04.06 13:58:55.586,12.52942,12.53222,0.00,0.00
2017.04.06 13:58:55.636,12.52942,12.53162,0.00,0.00
2017.04.06 13:58:55.741,12.52942,12.53192,0.00,0.00
2017.04.06 13:58:55.815,12.52948,12.53222,0.00,0.00
2017.04.06 13:58:55.944,12.52942,12.53221,0.00,0.00
2017.04.06 13:58:56.063,12.52942,12.53191,0.00,0.00
2017.04.06 13:58:56.219,12.52942,12.53212,0.00,0.00
2017.04.06 13:58:56.270,12.52942,12.53192,0.00,0.00
2017.04.06 13:58:56.418,12.52942,12.53201,0.00,0.00
2017.04.06 13:58:56.565,12.52942,12.53192,0.00,0.00
2017.04.06 13:58:56.666,12.52942,12.53221,0.00,0.00
2017.04.06 13:58:56.840,12.52942,12.53212,0.00,0.00
2017.04.06 13:58:56.942,12.52949,12.53222,0.00,0.00
2017.04.06 13:58:57.120,12.52942,12.53192,0.00,0.00
2017.04.06 13:58:57.220,12.52948,12.53222,0.00,0.00
2017.04.06 13:58:58.051,12.52942,12.53222,0.00,0.00
2017.04.06 13:58:58.323,12.52942,12.53191,0.00,0.00
2017.04.06 13:58:58.568,12.52949,12.53222,0.00,0.00
2017.04.06 13:58:58.625,12.52958,12.53222,0.00,0.00
2017.04.06 13:58:59.354,12.52942,12.53171,0.00,0.00
2017.04.06 13:58:59.405,12.52919,12.53171,0.00,0.00
2017.04.06 13:58:59.455,12.52958,12.53169,0.00,0.00
2017.04.06 13:58:59.556,12.52878,12.53122,0.00,0.00
2017.04.06 13:58:59.672,12.52932,12.53112,0.00,0.00
2017.04.06 13:58:59.773,12.52932,12.53142,0.00,0.00
2017.04.06 13:58:59.829,12.52949,12.53221,0.00,0.00
2017.04.06 13:58:59.931,12.52932,12.53191,0.00,0.00
2017.04.06 13:58:59.981,12.52909,12.53172,0.00,0.00
2017.04.06 13:59:00.032,12.52899,12.53172,0.00,0.00
2017.04.06 13:59:00.140,12.52892,12.53171,0.00,0.00
2017.04.06 13:59:00.261,12.52889,12.53121,0.00,0.00
2017.04.06 13:59:00.362,12.52872,12.53121,0.00,0.00
2017.04.06 13:59:00.635,12.52851,12.53112,0.00,0.00
2017.04.06 13:59:00.757,12.52869,12.53121,0.00,0.00
2017.04.06 13:59:01.371,12.52851,12.53121,0.00,0.00
2017.04.06 13:59:01.584,12.52899,12.53121,0.00,0.00
2017.04.06 13:59:01.636,12.52851,12.53111,0.00,0.00
2017.04.06 13:59:02.121,12.52858,12.53121,0.00,0.00
2017.04.06 13:59:02.365,12.52851,12.53121,0.00,0.00
2017.04.06 13:59:02.639,12.52868,12.53121,0.00,0.00
2017.04.06 13:59:02.854,12.52851,12.53112,0.00,0.00
2017.04.06 13:59:03.090,12.52841,12.53112,0.00,0.00
2017.04.06 13:59:03.142,12.52772,12.53022,0.00,0.00
2017.04.06 13:59:03.524,12.52738,12.52968,0.00,0.00
2017.04.06 13:59:03.575,12.52708,12.52968,0.00,0.00
2017.04.06 13:59:03.625,12.52708,12.52922,0.00,0.00
2017.04.06 13:59:03.676,12.52648,12.52922,0.00,0.00
2017.04.06 13:59:03.847,12.52659,12.52922,0.00,0.00
2017.04.06 13:59:03.943,12.52648,12.52922,0.00,0.00
2017.04.06 13:59:04.188,12.52642,12.52922,0.00,0.00
2017.04.06 13:59:04.383,12.52649,12.52922,0.00,0.00
2017.04.06 13:59:04.839,12.52669,12.52922,0.00,0.00
2017.04.06 13:59:04.890,12.52648,12.52922,0.00,0.00
2017.04.06 13:59:04.940,12.52648,12.52869,0.00,0.00
2017.04.06 13:59:04.991,12.52628,12.52869,0.00,0.00
2017.04.06 13:59:05.092,12.52632,12.52871,0.00,0.00
2017.04.06 13:59:05.192,12.52628,12.52871,0.00,0.00
2017.04.06 13:59:05.293,12.52658,12.52871,0.00,0.00
2017.04.06 13:59:05.344,12.52658,12.52921,0.00,0.00
2017.04.06 13:59:05.447,12.52678,12.52921,0.00,0.00
2017.04.06 13:59:05.774,12.52678,12.52872,0.00,0.00
2017.04.06 13:59:05.900,12.52649,12.52868,0.00,0.00
2017.04.06 13:59:06.110,12.52579,12.52822,0.00,0.00
2017.04.06 13:59:06.211,12.52569,12.52822,0.00,0.00
2017.04.06 13:59:06.450,12.52588,12.52822,0.00,0.00
2017.04.06 13:59:06.651,12.52569,12.52822,0.00,0.00
2017.04.06 13:59:07.252,12.52588,12.52822,0.00,0.00
2017.04.06 13:59:07.463,12.52578,12.52822,0.00,0.00
2017.04.06 13:59:07.564,12.52609,12.52822,0.00,0.00
2017.04.06 13:59:07.882,12.52588,12.52822,0.00,0.00
2017.04.06 13:59:08.254,12.52609,12.52822,0.00,0.00
2017.04.06 13:59:08.359,12.52579,12.52822,0.00,0.00
2017.04.06 13:59:08.561,12.52629,12.52822,0.00,0.00
2017.04.06 13:59:08.903,12.52639,12.52822,0.00,0.00
2017.04.06 13:59:08.955,12.52579,12.52822,0.00,0.00
2017.04.06 13:59:09.097,12.52588,12.52822,0.00,0.00
2017.04.06 13:59:09.156,12.52579,12.52822,0.00,0.00
2017.04.06 13:59:09.257,12.52588,12.52822,0.00,0.00
2017.04.06 13:59:09.652,12.52639,12.52822,0.00,0.00
2017.04.06 13:59:09.702,12.52609,12.52822,0.00,0.00
2017.04.06 13:59:09.935,12.52609,12.52872,0.00,0.00
2017.04.06 13:59:09.985,12.52658,12.52872,0.00,0.00
2017.04.06 13:59:10.257,12.52629,12.52871,0.00,0.00
2017.04.06 13:59:10.308,12.52629,12.52821,0.00,0.00
2017.04.06 13:59:10.467,12.52659,12.52869,0.00,0.00
2017.04.06 13:59:10.568,12.52579,12.52822,0.00,0.00
2017.04.06 13:59:10.658,12.52598,12.52822,0.00,0.00
2017.04.06 13:59:10.785,12.52568,12.52822,0.00,0.00
2017.04.06 13:59:11.187,12.52628,12.52822,0.00,0.00
2017.04.06 13:59:11.260,12.52608,12.52822,0.00,0.00
2017.04.06 13:59:11.583,12.52588,12.52822,0.00,0.00
2017.04.06 13:59:11.908,12.52568,12.52822,0.00,0.00
2017.04.06 13:59:11.962,12.52588,12.52822,0.00,0.00
2017.04.06 13:59:12.062,12.52568,12.52822,0.00,0.00
2017.04.06 13:59:12.310,12.52599,12.52822,0.00,0.00
2017.04.06 13:59:12.629,12.52608,12.52822,0.00,0.00
2017.04.06 13:59:12.802,12.52579,12.52822,0.00,0.00
2017.04.06 13:59:12.930,12.52628,12.52861,0.00,0.00
2017.04.06 13:59:12.980,12.52628,12.52891,0.00,0.00
2017.04.06 13:59:13.112,12.52668,12.52918,0.00,0.00
2017.04.06 13:59:13.326,12.52629,12.52911,0.00,0.00
2017.04.06 13:59:13.376,12.52579,12.52821,0.00,0.00
2017.04.06 13:59:13.733,12.52488,12.52721,0.00,0.00
2017.04.06 13:59:13.975,12.52478,12.52721,0.00,0.00
2017.04.06 13:59:14.083,12.52468,12.52721,0.00,0.00
2017.04.06 13:59:14.266,12.52488,12.52721,0.00,0.00
2017.04.06 13:59:14.491,12.52479,12.52721,0.00,0.00
2017.04.06 13:59:14.600,12.52508,12.52721,0.00,0.00
2017.04.06 13:59:14.770,12.52488,12.52721,0.00,0.00
2017.04.06 13:59:14.901,12.52478,12.52721,0.00,0.00
2017.04.06 13:59:15.012,12.52489,12.52721,0.00,0.00
2017.04.06 13:59:15.403,12.52509,12.52721,0.00,0.00
2017.04.06 13:59:15.596,12.52478,12.52721,0.00,0.00
2017.04.06 13:59:16.102,12.52488,12.52721,0.00,0.00
2017.04.06 13:59:16.570,12.52498,12.52721,0.00,0.00
2017.04.06 13:59:16.621,12.52498,12.52739,0.00,0.00
2017.04.06 13:59:16.672,12.52502,12.52761,0.00,0.00
2017.04.06 13:59:16.772,12.52589,12.52818,0.00,0.00
2017.04.06 13:59:17.093,12.52568,12.52818,0.00,0.00
2017.04.06 13:59:17.156,12.52568,12.52771,0.00,0.00
2017.04.06 13:59:17.307,12.52538,12.52772,0.00,0.00
2017.04.06 13:59:17.521,12.52569,12.52772,0.00,0.00
2017.04.06 13:59:17.572,12.52538,12.52772,0.00,0.00
2017.04.06 13:59:17.683,12.52558,12.52772,0.00,0.00
2017.04.06 13:59:18.701,12.52588,12.52821,0.00,0.00
2017.04.06 13:59:18.951,12.52588,12.52739,0.00,0.00
2017.04.06 13:59:19.002,12.52579,12.52739,0.00,0.00
2017.04.06 13:59:19.053,12.52579,12.52722,0.00,0.00
2017.04.06 13:59:19.104,12.52479,12.52722,0.00,0.00
2017.04.06 13:59:19.175,12.52469,12.52722,0.00,0.00
2017.04.06 13:59:19.422,12.52458,12.52722,0.00,0.00
2017.04.06 13:59:20.026,12.52479,12.52722,0.00,0.00
2017.04.06 13:59:20.336,12.52499,12.52722,0.00,0.00
2017.04.06 13:59:21.079,12.52458,12.52722,0.00,0.00
2017.04.06 13:59:21.220,12.52498,12.52722,0.00,0.00
2017.04.06 13:59:21.644,12.52479,12.52722,0.00,0.00
2017.04.06 13:59:21.695,12.52459,12.52731,0.00,0.00
2017.04.06 13:59:21.926,12.52498,12.52731,0.00,0.00
2017.04.06 13:59:22.128,12.52389,12.52632,0.00,0.00
2017.04.06 13:59:23.004,12.52379,12.52632,0.00,0.00
2017.04.06 13:59:23.183,12.52419,12.52632,0.00,0.00
2017.04.06 13:59:23.707,12.52409,12.52632,0.00,0.00
2017.04.06 13:59:23.827,12.52378,12.52632,0.00,0.00
2017.04.06 13:59:24.399,12.52408,12.52632,0.00,0.00
2017.04.06 13:59:24.485,12.52368,12.52632,0.00,0.00
2017.04.06 13:59:24.909,12.52398,12.52632,0.00,0.00
2017.04.06 13:59:25.234,12.52368,12.52539,0.00,0.00
2017.04.06 13:59:25.335,12.52298,12.52531,0.00,0.00
2017.04.06 13:59:25.793,12.52309,12.52531,0.00,0.00
2017.04.06 13:59:26.172,12.52328,12.52531,0.00,0.00
2017.04.06 13:59:26.393,12.52309,12.52531,0.00,0.00
2017.04.06 13:59:26.495,12.52299,12.52531,0.00,0.00
2017.04.06 13:59:26.699,12.52348,12.52531,0.00,0.00
2017.04.06 13:59:26.816,12.52319,12.52531,0.00,0.00
2017.04.06 13:59:26.989,12.52308,12.52531,0.00,0.00
2017.04.06 13:59:27.164,12.52318,12.52531,0.00,0.00
2017.04.06 13:59:27.290,12.52308,12.52531,0.00,0.00
2017.04.06 13:59:27.391,12.52329,12.52531,0.00,0.00
2017.04.06 13:59:27.713,12.52318,12.52531,0.00,0.00
2017.04.06 13:59:27.817,12.52329,12.52531,0.00,0.00
2017.04.06 13:59:27.868,12.52329,12.52582,0.00,0.00
2017.04.06 13:59:27.918,12.52359,12.52582,0.00,0.00
2017.04.06 13:59:27.969,12.52359,12.52632,0.00,0.00
2017.04.06 13:59:28.019,12.52388,12.52632,0.00,0.00
2017.04.06 13:59:28.092,12.52358,12.52632,0.00,0.00
2017.04.06 13:59:28.194,12.52398,12.52632,0.00,0.00
2017.04.06 13:59:28.504,12.52388,12.52632,0.00,0.00
2017.04.06 13:59:28.593,12.52398,12.52632,0.00,0.00
2017.04.06 13:59:28.928,12.52369,12.52632,0.00,0.00
2017.04.06 13:59:29.112,12.52388,12.52632,0.00,0.00
2017.04.06 13:59:29.294,12.52369,12.52632,0.00,0.00
2017.04.06 13:59:30.105,12.52378,12.52632,0.00,0.00
2017.04.06 13:59:30.443,12.52398,12.52632,0.00,0.00
2017.04.06 13:59:30.950,12.52368,12.52632,0.00,0.00
2017.04.06 13:59:31.426,12.52379,12.52632,0.00,0.00
2017.04.06 13:59:31.755,12.52398,12.52632,0.00,0.00
2017.04.06 13:59:31.806,12.52378,12.52632,0.00,0.00
2017.04.06 13:59:32.745,12.52399,12.52632,0.00,0.00
2017.04.06 13:59:33.044,12.52378,12.52632,0.00,0.00
2017.04.06 13:59:33.301,12.52389,12.52632,0.00,0.00
2017.04.06 13:59:33.641,12.52288,12.52531,0.00,0.00
2017.04.06 13:59:34.002,12.52329,12.52531,0.00,0.00
2017.04.06 13:59:34.103,12.52289,12.52531,0.00,0.00
2017.04.06 13:59:34.349,12.52308,12.52531,0.00,0.00
2017.04.06 13:59:34.683,12.52328,12.52531,0.00,0.00
2017.04.06 13:59:35.004,12.52318,12.52531,0.00,0.00
2017.04.06 13:59:35.105,12.52299,12.52531,0.00,0.00
2017.04.06 13:59:35.210,12.52279,12.52531,0.00,0.00
2017.04.06 13:59:35.405,12.52299,12.52531,0.00,0.00
2017.04.06 13:59:35.806,12.52289,12.52531,0.00,0.00
2017.04.06 13:59:36.174,12.52309,12.52531,0.00,0.00
2017.04.06 13:59:37.542,12.52288,12.52531,0.00,0.00
2017.04.06 13:59:37.837,12.52288,12.52432,0.00,0.00
2017.04.06 13:59:38.007,12.52279,12.52432,0.00,0.00
2017.04.06 13:59:38.072,12.52219,12.52432,0.00,0.00
2017.04.06 13:59:38.173,12.52168,12.52432,0.00,0.00
2017.04.06 13:59:38.223,12.52198,12.52432,0.00,0.00
2017.04.06 13:59:38.331,12.52179,12.52432,0.00,0.00
2017.04.06 13:59:38.441,12.52198,12.52432,0.00,0.00
2017.04.06 13:59:38.548,12.52168,12.52432,0.00,0.00
2017.04.06 13:59:38.722,12.52199,12.52448,0.00,0.00
2017.04.06 13:59:39.383,12.52298,12.52448,0.00,0.00
2017.04.06 13:59:39.434,12.52298,12.52531,0.00,0.00
2017.04.06 13:59:39.535,12.52299,12.52538,0.00,0.00
2017.04.06 13:59:39.718,12.52299,12.52531,0.00,0.00
2017.04.06 13:59:39.827,12.52299,12.52538,0.00,0.00
2017.04.06 13:59:43.545,12.52299,12.52531,0.00,0.00
2017.04.06 13:59:43.769,12.52299,12.52538,0.00,0.00
2017.04.06 13:59:43.870,12.52299,12.52532,0.00,0.00
2017.04.06 13:59:44.457,12.52299,12.52538,0.00,0.00
2017.04.06 13:59:44.672,12.52299,12.52531,0.00,0.00
2017.04.06 13:59:44.725,12.52299,12.52538,0.00,0.00
2017.04.06 13:59:46.286,12.52299,12.52559,0.00,0.00
2017.04.06 13:59:46.337,12.52299,12.52551,0.00,0.00
2017.04.06 13:59:46.441,12.52299,12.52559,0.00,0.00
2017.04.06 13:59:46.932,12.52299,12.52541,0.00,0.00
2017.04.06 13:59:47.234,12.52299,12.52559,0.00,0.00
2017.04.06 13:59:47.372,12.52299,12.52541,0.00,0.00
2017.04.06 13:59:47.935,12.52299,12.52552,0.00,0.00
2017.04.06 13:59:48.147,12.52299,12.52559,0.00,0.00
2017.04.06 13:59:48.255,12.52299,12.52531,0.00,0.00
2017.04.06 13:59:48.457,12.52198,12.52452,0.00,0.00
2017.04.06 13:59:48.649,12.52198,12.52441,0.00,0.00
2017.04.06 13:59:48.938,12.52198,12.52448,0.00,0.00
2017.04.06 13:59:49.339,12.52198,12.52442,0.00,0.00
2017.04.06 13:59:49.773,12.52198,12.52448,0.00,0.00
2017.04.06 13:59:50.542,12.52198,12.52442,0.00,0.00
2017.04.06 13:59:50.648,12.52198,12.52448,0.00,0.00
2017.04.06 13:59:50.759,12.52238,12.52448,0.00,0.00
2017.04.06 13:59:50.886,12.52248,12.52512,0.00,0.00
2017.04.06 13:59:50.944,12.52248,12.52501,0.00,0.00
2017.04.06 13:59:51.346,12.52299,12.52549,0.00,0.00
2017.04.06 13:59:51.694,12.52329,12.52549,0.00,0.00
2017.04.06 13:59:51.847,12.52308,12.52549,0.00,0.00
2017.04.06 13:59:51.949,12.52299,12.52542,0.00,0.00
2017.04.06 13:59:52.248,12.52299,12.52549,0.00,0.00
2017.04.06 13:59:52.353,12.52299,12.52558,0.00,0.00
2017.04.06 13:59:52.563,12.52299,12.52531,0.00,0.00
2017.04.06 13:59:52.750,12.52299,12.52558,0.00,0.00
2017.04.06 13:59:52.855,12.52248,12.52499,0.00,0.00
2017.04.06 13:59:53.162,12.52248,12.52452,0.00,0.00
2017.04.06 13:59:53.263,12.52299,12.52538,0.00,0.00
2017.04.06 13:59:53.364,12.52198,12.52458,0.00,0.00
2017.04.06 13:59:53.465,12.52198,12.52451,0.00,0.00
2017.04.06 13:59:53.515,12.52188,12.52451,0.00,0.00
2017.04.06 13:59:54.052,12.52198,12.52452,0.00,0.00
2017.04.06 13:59:54.538,12.52199,12.52458,0.00,0.00
2017.04.06 13:59:54.822,12.52249,12.52472,0.00,0.00
2017.04.06 13:59:54.873,12.52249,12.52511,0.00,0.00
2017.04.06 13:59:54.924,12.52298,12.52522,0.00,0.00
2017.04.06 13:59:54.974,12.52298,12.52531,0.00,0.00
2017.04.06 13:59:55.054,12.52298,12.52559,0.00,0.00
2017.04.06 13:59:55.155,12.52298,12.52532,0.00,0.00
2017.04.06 13:59:55.277,12.52298,12.52559,0.00,0.00
2017.04.06 13:59:55.583,12.52298,12.52551,0.00,0.00
2017.04.06 13:59:55.696,12.52298,12.52559,0.00,0.00
2017.04.06 13:59:56.105,12.52298,12.52552,0.00,0.00
2017.04.06 13:59:56.156,12.52298,12.52559,0.00,0.00
2017.04.06 13:59:56.270,12.52329,12.52559,0.00,0.00
2017.04.06 13:59:56.622,12.52339,12.52559,0.00,0.00
2017.04.06 13:59:56.985,12.52298,12.52542,0.00,0.00
2017.04.06 13:59:57.108,12.52352,12.52542,0.00,0.00
2017.04.06 13:59:57.259,12.52398,12.52601,0.00,0.00
2017.04.06 13:59:57.371,12.52398,12.52638,0.00,0.00
2017.04.06 13:59:57.485,12.52398,12.52612,0.00,0.00
2017.04.06 13:59:57.623,12.52352,12.52612,0.00,0.00
2017.04.06 13:59:57.808,12.52398,12.52612,0.00,0.00
2017.04.06 13:59:57.961,12.52398,12.52638,0.00,0.00
2017.04.06 13:59:58.480,12.52398,12.52612,0.00,0.00
2017.04.06 13:59:58.863,12.52398,12.52632,0.00,0.00
2017.04.06 13:59:59.091,12.52352,12.52592,0.00,0.00
2017.04.06 13:59:59.142,12.52308,12.52538,0.00,0.00
2017.04.06 13:59:59.193,12.52298,12.52531,0.00,0.00
2017.04.06 13:59:59.294,12.52298,12.52512,0.00,0.00
2017.04.06 13:59:59.494,12.52298,12.52538,0.00,0.00
2017.04.06 13:59:59.604,12.52298,12.52512,0.00,0.00
2017.04.06 13:59:59.875,12.52298,12.52538,0.00,0.00
