2018.05.20 22:00:00.393,12.90421,12.91029,0.00,0.00
2018.05.20 22:00:00.664,12.90222,12.91128,0.00,0.00
2018.05.20 22:00:00.868,12.90021,12.90829,0.00,0.00
2018.05.20 22:00:01.177,12.89972,12.90678,0.00,0.00
2018.05.20 22:00:01.378,12.90322,12.91178,0.00,0.00
2018.05.20 22:00:01.679,12.90222,12.90828,0.00,0.00
2018.05.20 22:00:01.802,12.90072,12.90928,0.00,0.00
2018.05.20 22:00:01.953,12.90171,12.90929,0.00,0.00
2018.05.20 22:00:02.053,12.90221,12.90879,0.00,0.00
2018.05.20 22:00:02.323,12.90322,12.90878,0.00,0.00
2018.05.20 22:00:02.628,12.90421,12.91329,0.00,0.00
2018.05.20 22:00:02.697,12.90421,12.90979,0.00,0.00
2018.05.20 22:00:02.747,12.90422,12.91328,0.00,0.00
2018.05.20 22:00:02.798,12.90422,12.90978,0.00,0.00
2018.05.20 22:00:03.137,12.90521,12.90979,0.00,0.00
2018.05.20 22:00:03.188,12.90522,12.91128,0.00,0.00
2018.05.20 22:00:03.239,12.90521,12.91029,0.00,0.00
2018.05.20 22:00:03.896,12.90372,12.91028,0.00,0.00
2018.05.20 22:00:03.947,12.90372,12.90978,0.00,0.00
2018.05.20 22:00:03.997,12.90422,12.91128,0.00,0.00
2018.05.20 22:00:04.098,12.90422,12.91028,0.00,0.00
2018.05.20 22:00:04.291,12.90421,12.91129,0.00,0.00
2018.05.20 22:00:04.359,12.90421,12.91079,0.00,0.00
2018.05.20 22:00:04.678,12.90602,12.91128,0.00,0.00
2018.05.20 22:00:05.222,12.90601,12.90979,0.00,0.00
2018.05.20 22:00:05.323,12.90302,12.90778,0.00,0.00
2018.05.20 22:00:05.374,12.90302,12.90678,0.00,0.00
2018.05.20 22:00:05.525,12.90402,12.90828,0.00,0.00
2018.05.20 22:00:05.576,12.90401,12.90779,0.00,0.00
2018.05.20 22:00:05.867,12.90201,12.90829,0.00,0.00
2018.05.20 22:00:05.918,12.90131,12.90579,0.00,0.00
2018.05.20 22:00:06.090,12.90222,12.90778,0.00,0.00
2018.05.20 22:00:06.144,12.90222,12.90678,0.00,0.00
2018.05.20 22:00:06.470,12.90291,12.90679,0.00,0.00
2018.05.20 22:00:06.921,12.90222,12.90678,0.00,0.00
2018.05.20 22:00:07.180,12.90322,12.90828,0.00,0.00
2018.05.20 22:00:07.231,12.90321,12.90779,0.00,0.00
2018.05.20 22:00:07.584,12.90221,12.90679,0.00,0.00
2018.05.20 22:00:07.961,12.90122,12.90578,0.00,0.00
2018.05.20 22:00:08.460,12.90021,12.90579,0.00,0.00
2018.05.20 22:00:08.511,12.90041,12.90579,0.00,0.00
2018.05.20 22:00:08.822,12.90122,12.90502,0.00,0.00
2018.05.20 22:00:08.873,12.90068,12.90479,0.00,0.00
2018.05.20 22:00:08.924,12.90068,12.90462,0.00,0.00
2018.05.20 22:00:10.279,12.90099,12.90479,0.00,0.00
2018.05.20 22:00:10.333,12.90098,12.90512,0.00,0.00
2018.05.20 22:00:10.423,12.90088,12.90512,0.00,0.00
2018.05.20 22:00:10.524,12.90089,12.90481,0.00,0.00
2018.05.20 22:00:10.670,12.90118,12.90512,0.00,0.00
2018.05.20 22:00:10.721,12.90122,12.90512,0.00,0.00
2018.05.20 22:00:11.264,12.90121,12.90512,0.00,0.00
2018.05.20 22:00:11.639,12.90121,12.90521,0.00,0.00
2018.05.20 22:00:11.741,12.90139,12.90531,0.00,0.00
2018.05.20 22:00:13.730,12.90158,12.90552,0.00,0.00
2018.05.20 22:00:13.977,12.90159,12.90561,0.00,0.00
2018.05.20 22:00:15.107,12.90179,12.90561,0.00,0.00
2018.05.20 22:00:15.157,12.90178,12.90582,0.00,0.00
2018.05.20 22:00:16.644,12.90198,12.90592,0.00,0.00
2018.05.20 22:00:17.152,12.90198,12.90602,0.00,0.00
2018.05.20 22:00:17.687,12.90318,12.90722,0.00,0.00
2018.05.20 22:00:17.987,12.90389,12.90811,0.00,0.00
2018.05.20 22:00:18.038,12.90529,12.90901,0.00,0.00
2018.05.20 22:00:18.089,12.90528,12.90922,0.00,0.00
2018.05.20 22:00:18.637,12.90528,12.90932,0.00,0.00
2018.05.20 22:00:19.795,12.90588,12.91002,0.00,0.00
2018.05.20 22:00:19.872,12.90618,12.91002,0.00,0.00
2018.05.20 22:00:19.927,12.90619,12.91011,0.00,0.00
2018.05.20 22:00:20.190,12.90622,12.91011,0.00,0.00
2018.05.20 22:00:20.242,12.90638,12.91072,0.00,0.00
2018.05.20 22:00:20.293,12.90678,12.91072,0.00,0.00
2018.05.20 22:00:20.451,12.90698,12.91122,0.00,0.00
2018.05.20 22:00:20.552,12.90728,12.91132,0.00,0.00
2018.05.20 22:00:20.810,12.90759,12.91171,0.00,0.00
2018.05.20 22:00:20.862,12.90788,12.91172,0.00,0.00
2018.05.20 22:00:20.913,12.90788,12.91202,0.00,0.00
2018.05.20 22:00:21.450,12.90789,12.91181,0.00,0.00
2018.05.20 22:00:21.947,12.90788,12.91192,0.00,0.00
2018.05.20 22:00:22.727,12.90858,12.91242,0.00,0.00
2018.05.20 22:00:23.118,12.90858,12.91229,0.00,0.00
2018.05.20 22:00:23.493,12.90769,12.91171,0.00,0.00
2018.05.20 22:00:24.475,12.90821,12.91171,0.00,0.00
2018.05.20 22:00:24.526,12.90802,12.91171,0.00,0.00
2018.05.20 22:00:24.612,12.90812,12.91171,0.00,0.00
2018.05.20 22:00:25.279,12.90822,12.91171,0.00,0.00
2018.05.20 22:00:25.431,12.90812,12.91171,0.00,0.00
2018.05.20 22:00:25.638,12.90821,12.91171,0.00,0.00
2018.05.20 22:00:25.868,12.90792,12.91171,0.00,0.00
2018.05.20 22:00:25.918,12.90801,12.91171,0.00,0.00
2018.05.20 22:00:25.969,12.90769,12.91171,0.00,0.00
2018.05.20 22:00:26.120,12.90811,12.91171,0.00,0.00
2018.05.20 22:00:26.562,12.90821,12.91229,0.00,0.00
2018.05.20 22:00:27.307,12.90822,12.91228,0.00,0.00
2018.05.20 22:00:27.777,12.90721,12.91219,0.00,0.00
2018.05.20 22:00:27.827,12.90722,12.91128,0.00,0.00
2018.05.20 22:00:28.088,12.90661,12.91129,0.00,0.00
2018.05.20 22:00:29.827,12.90662,12.91128,0.00,0.00
2018.05.20 22:00:29.900,12.90711,12.91129,0.00,0.00
2018.05.20 22:00:30.424,12.90759,12.91129,0.00,0.00
2018.05.20 22:00:30.475,12.90691,12.91129,0.00,0.00
2018.05.20 22:00:30.928,12.90711,12.91129,0.00,0.00
2018.05.20 22:00:32.168,12.90712,12.91128,0.00,0.00
2018.05.20 22:00:32.788,12.90711,12.91129,0.00,0.00
2018.05.20 22:00:33.289,12.90712,12.91128,0.00,0.00
2018.05.20 22:00:34.334,12.90711,12.91129,0.00,0.00
2018.05.20 22:00:35.099,12.90712,12.91128,0.00,0.00
2018.05.20 22:00:35.521,12.90642,12.91128,0.00,0.00
2018.05.20 22:00:35.571,12.90612,12.91028,0.00,0.00
2018.05.20 22:00:35.900,12.90611,12.91109,0.00,0.00
2018.05.20 22:00:35.950,12.90712,12.91208,0.00,0.00
2018.05.20 22:00:36.269,12.90811,12.91229,0.00,0.00
2018.05.20 22:00:36.619,12.90869,12.91229,0.00,0.00
2018.05.20 22:00:37.138,12.91138,12.91238,0.00,0.00
2018.05.20 22:00:37.189,12.91118,12.91229,0.00,0.00
2018.05.20 22:00:37.290,12.91129,12.91229,0.00,0.00
2018.05.20 22:00:37.340,12.91129,12.91229,0.00,0.00
2018.05.20 22:00:37.391,12.91128,12.91228,0.00,0.00
2018.05.20 22:00:37.457,12.91128,12.91228,0.00,0.00
2018.05.20 22:00:37.678,12.91138,12.91238,0.00,0.00
2018.05.20 22:00:38.103,12.91128,12.91228,0.00,0.00
2018.05.20 22:00:38.204,12.91038,12.91261,0.00,0.00
2018.05.20 22:00:38.254,12.90948,12.91232,0.00,0.00
2018.05.20 22:00:38.305,12.91208,12.91291,0.00,0.00
2018.05.20 22:00:38.357,12.91109,12.91261,0.00,0.00
2018.05.20 22:00:38.458,12.91139,12.91261,0.00,0.00
2018.05.20 22:00:38.508,12.91118,12.91261,0.00,0.00
2018.05.20 22:00:38.559,12.91139,12.91261,0.00,0.00
2018.05.20 22:00:38.610,12.91158,12.91392,0.00,0.00
2018.05.20 22:00:38.661,12.91138,12.91392,0.00,0.00
2018.05.20 22:00:39.071,12.91158,12.91392,0.00,0.00
2018.05.20 22:00:39.374,12.91209,12.91428,0.00,0.00
2018.05.20 22:00:39.920,12.91238,12.91428,0.00,0.00
2018.05.20 22:00:40.349,12.91328,12.91428,0.00,0.00
2018.05.20 22:00:41.850,12.91318,12.91428,0.00,0.00
2018.05.20 22:00:42.517,12.91209,12.91428,0.00,0.00
2018.05.20 22:00:42.568,12.91319,12.91428,0.00,0.00
2018.05.20 22:00:42.619,12.91138,12.91422,0.00,0.00
2018.05.20 22:00:42.822,12.91109,12.91391,0.00,0.00
2018.05.20 22:00:43.162,12.91058,12.91321,0.00,0.00
2018.05.20 22:00:43.505,12.91058,12.91329,0.00,0.00
2018.05.20 22:00:43.812,12.91089,12.91329,0.00,0.00
2018.05.20 22:00:43.863,12.91058,12.91342,0.00,0.00
2018.05.20 22:00:43.914,12.91058,12.91329,0.00,0.00
2018.05.20 22:00:45.705,12.91239,12.91339,0.00,0.00
2018.05.20 22:00:46.010,12.91218,12.91329,0.00,0.00
2018.05.20 22:00:46.061,12.91229,12.91329,0.00,0.00
2018.05.20 22:00:46.111,12.91219,12.91329,0.00,0.00
2018.05.20 22:00:46.409,12.91228,12.91329,0.00,0.00
2018.05.20 22:00:46.632,12.91219,12.91329,0.00,0.00
2018.05.20 22:00:46.683,12.91228,12.91329,0.00,0.00
2018.05.20 22:00:47.006,12.91229,12.91329,0.00,0.00
2018.05.20 22:00:47.063,12.91228,12.91329,0.00,0.00
2018.05.20 22:00:48.149,12.91228,12.91429,0.00,0.00
2018.05.20 22:00:48.200,12.91238,12.91429,0.00,0.00
2018.05.20 22:00:48.250,12.91119,12.91401,0.00,0.00
2018.05.20 22:00:48.301,12.91238,12.91429,0.00,0.00
2018.05.20 22:00:48.352,12.91068,12.91328,0.00,0.00
2018.05.20 22:00:48.402,12.91058,12.91329,0.00,0.00
2018.05.20 22:00:48.843,12.91069,12.91329,0.00,0.00
2018.05.20 22:00:49.161,12.91069,12.91351,0.00,0.00
2018.05.20 22:00:49.212,12.91229,12.91329,0.00,0.00
2018.05.20 22:00:49.744,12.91148,12.91329,0.00,0.00
2018.05.20 22:00:49.795,12.91148,12.91429,0.00,0.00
2018.05.20 22:00:49.896,12.91118,12.91402,0.00,0.00
2018.05.20 22:00:50.258,12.91238,12.91429,0.00,0.00
2018.05.20 22:00:50.873,12.91238,12.91428,0.00,0.00
2018.05.20 22:00:51.366,12.91119,12.91401,0.00,0.00
2018.05.20 22:00:51.417,12.91058,12.91328,0.00,0.00
2018.05.20 22:00:51.946,12.91228,12.91329,0.00,0.00
2018.05.20 22:00:52.141,12.91169,12.91328,0.00,0.00
2018.05.20 22:00:52.192,12.91119,12.91401,0.00,0.00
2018.05.20 22:00:52.243,12.91119,12.91378,0.00,0.00
2018.05.20 22:00:52.491,12.91149,12.91428,0.00,0.00
2018.05.20 22:00:52.642,12.91238,12.91428,0.00,0.00
2018.05.20 22:00:52.693,12.91208,12.91429,0.00,0.00
2018.05.20 22:00:52.744,12.91238,12.91429,0.00,0.00
2018.05.20 22:00:55.001,12.91228,12.91429,0.00,0.00
2018.05.20 22:00:55.052,12.91058,12.91328,0.00,0.00
2018.05.20 22:00:55.153,12.91119,12.91328,0.00,0.00
2018.05.20 22:00:55.858,12.91118,12.91329,0.00,0.00
2018.05.20 22:00:56.570,12.91139,12.91329,0.00,0.00
2018.05.20 22:00:56.965,12.91228,12.91329,0.00,0.00
2018.05.20 22:00:57.016,12.91059,12.91328,0.00,0.00
2018.05.20 22:00:57.565,12.91078,12.91329,0.00,0.00
2018.05.20 22:00:57.678,12.91059,12.91329,0.00,0.00
2018.05.20 22:00:57.729,12.91229,12.91329,0.00,0.00
2018.05.20 22:00:57.936,12.91228,12.91328,0.00,0.00
2018.05.20 22:00:58.219,12.91219,12.91479,0.00,0.00
2018.05.20 22:00:58.270,12.91059,12.91341,0.00,0.00
2018.05.20 22:00:58.320,12.91059,12.91328,0.00,0.00
2018.05.20 22:00:58.831,12.91069,12.91328,0.00,0.00
2018.05.20 22:00:59.142,12.91229,12.91329,0.00,0.00
2018.05.20 22:00:59.193,12.91238,12.91428,0.00,0.00
2018.05.20 22:00:59.244,12.91219,12.91429,0.00,0.00
2018.05.20 22:00:59.346,12.91208,12.91429,0.00,0.00
2018.05.20 22:00:59.976,12.91218,12.91429,0.00,0.00
2018.05.20 22:01:00.026,12.91058,12.91328,0.00,0.00
2018.05.20 22:01:00.135,12.91109,12.91391,0.00,0.00
2018.05.20 22:01:00.186,12.91058,12.91328,0.00,0.00
2018.05.20 22:01:00.236,12.91149,12.91428,0.00,0.00
2018.05.20 22:01:00.338,12.91178,12.91462,0.00,0.00
2018.05.20 22:01:00.388,12.91178,12.91429,0.00,0.00
2018.05.20 22:01:00.440,12.91148,12.91429,0.00,0.00
2018.05.20 22:01:00.541,12.91239,12.91521,0.00,0.00
2018.05.20 22:01:00.592,12.91288,12.91429,0.00,0.00
2018.05.20 22:01:00.643,12.91168,12.91429,0.00,0.00
2018.05.20 22:01:00.693,12.91239,12.91429,0.00,0.00
2018.05.20 22:01:00.896,12.91209,12.91429,0.00,0.00
2018.05.20 22:01:00.947,12.91289,12.91429,0.00,0.00
2018.05.20 22:01:01.029,12.91259,12.91429,0.00,0.00
2018.05.20 22:01:01.080,12.91238,12.91429,0.00,0.00
2018.05.20 22:01:01.131,12.91149,12.91431,0.00,0.00
2018.05.20 22:01:01.182,12.91298,12.91429,0.00,0.00
2018.05.20 22:01:01.233,12.91238,12.91429,0.00,0.00
2018.05.20 22:01:01.284,12.91289,12.91478,0.00,0.00
2018.05.20 22:01:01.334,12.91259,12.91528,0.00,0.00
2018.05.20 22:01:01.385,12.91209,12.91491,0.00,0.00
2018.05.20 22:01:01.436,12.91228,12.91512,0.00,0.00
2018.05.20 22:01:01.487,12.91299,12.91528,0.00,0.00
2018.05.20 22:01:01.537,12.91148,12.91428,0.00,0.00
2018.05.20 22:01:01.588,12.91308,12.91529,0.00,0.00
2018.05.20 22:01:01.689,12.91259,12.91529,0.00,0.00
2018.05.20 22:01:01.739,12.91428,12.91529,0.00,0.00
2018.05.20 22:01:01.790,12.91338,12.91529,0.00,0.00
2018.05.20 22:01:01.950,12.91308,12.91528,0.00,0.00
2018.05.20 22:01:02.000,12.91428,12.91528,0.00,0.00
2018.05.20 22:01:02.120,12.91368,12.91529,0.00,0.00
2018.05.20 22:01:02.171,12.91338,12.91529,0.00,0.00
2018.05.20 22:01:02.299,12.91348,12.91528,0.00,0.00
2018.05.20 22:01:02.400,12.91339,12.91528,0.00,0.00
2018.05.20 22:01:02.651,12.91328,12.91528,0.00,0.00
2018.05.20 22:01:02.702,12.91483,12.91729,0.00,0.00
2018.05.20 22:01:02.753,12.91319,12.91601,0.00,0.00
2018.05.20 22:01:02.803,12.91493,12.91629,0.00,0.00
2018.05.20 22:01:02.854,12.91429,12.91628,0.00,0.00
2018.05.20 22:01:02.905,12.91332,12.91601,0.00,0.00
2018.05.20 22:01:02.957,12.91258,12.91529,0.00,0.00
2018.05.20 22:01:03.188,12.91283,12.91528,0.00,0.00
2018.05.20 22:01:03.239,12.91353,12.91629,0.00,0.00
2018.05.20 22:01:03.407,12.91338,12.91622,0.00,0.00
2018.05.20 22:01:03.508,12.91354,12.91628,0.00,0.00
2018.05.20 22:01:03.811,12.91404,12.91628,0.00,0.00
2018.05.20 22:01:04.158,12.91424,12.91629,0.00,0.00
2018.05.20 22:01:04.521,12.91433,12.91629,0.00,0.00
2018.05.20 22:01:04.828,12.91523,12.91628,0.00,0.00
2018.05.20 22:01:04.878,12.91519,12.91629,0.00,0.00
2018.05.20 22:01:05.170,12.91523,12.91629,0.00,0.00
2018.05.20 22:01:05.321,12.91419,12.91629,0.00,0.00
2018.05.20 22:01:05.372,12.91514,12.91629,0.00,0.00
2018.05.20 22:01:05.422,12.91438,12.91629,0.00,0.00
2018.05.20 22:01:05.523,12.91464,12.91629,0.00,0.00
2018.05.20 22:01:05.726,12.91464,12.91751,0.00,0.00
2018.05.20 22:01:05.777,12.91439,12.91721,0.00,0.00
2018.05.20 22:01:05.828,12.91418,12.91702,0.00,0.00
2018.05.20 22:01:05.960,12.91603,12.91728,0.00,0.00
2018.05.20 22:01:06.475,12.91628,12.91728,0.00,0.00
2018.05.20 22:01:06.577,12.91609,12.91729,0.00,0.00
2018.05.20 22:01:06.678,12.91578,12.91729,0.00,0.00
2018.05.20 22:01:06.729,12.91589,12.91729,0.00,0.00
2018.05.20 22:01:07.411,12.91589,12.91728,0.00,0.00
2018.05.20 22:01:07.893,12.91599,12.91728,0.00,0.00
2018.05.20 22:01:08.297,12.91618,12.91729,0.00,0.00
2018.05.20 22:01:08.397,12.91518,12.91728,0.00,0.00
2018.05.20 22:01:08.834,12.91538,12.91729,0.00,0.00
2018.05.20 22:01:09.124,12.91529,12.91729,0.00,0.00
2018.05.20 22:01:09.175,12.91518,12.91729,0.00,0.00
2018.05.20 22:01:09.954,12.91534,12.91729,0.00,0.00
2018.05.20 22:01:10.156,12.91518,12.91728,0.00,0.00
2018.05.20 22:01:10.250,12.91624,12.91729,0.00,0.00
2018.05.20 22:01:10.351,12.91518,12.91729,0.00,0.00
2018.05.20 22:01:10.403,12.91533,12.91729,0.00,0.00
2018.05.20 22:01:10.645,12.91528,12.91729,0.00,0.00
2018.05.20 22:01:12.047,12.91603,12.91729,0.00,0.00
2018.05.20 22:01:12.148,12.91538,12.91729,0.00,0.00
2018.05.20 22:01:12.199,12.91593,12.91729,0.00,0.00
2018.05.20 22:01:12.249,12.91518,12.91729,0.00,0.00
2018.05.20 22:01:12.300,12.91584,12.91729,0.00,0.00
2018.05.20 22:01:12.351,12.91538,12.91729,0.00,0.00
2018.05.20 22:01:12.657,12.91563,12.91729,0.00,0.00
2018.05.20 22:01:13.817,12.91614,12.91728,0.00,0.00
2018.05.20 22:01:14.895,12.91599,12.91728,0.00,0.00
2018.05.20 22:01:14.946,12.91509,12.91728,0.00,0.00
2018.05.20 22:01:15.402,12.91604,12.91729,0.00,0.00
2018.05.20 22:01:15.894,12.91538,12.91728,0.00,0.00
2018.05.20 22:01:15.995,12.91518,12.91729,0.00,0.00
2018.05.20 22:01:16.734,12.91533,12.91729,0.00,0.00
2018.05.20 22:01:16.784,12.91498,12.91782,0.00,0.00
2018.05.20 22:01:16.835,12.91441,12.91721,0.00,0.00
2018.05.20 22:01:17.315,12.91503,12.91729,0.00,0.00
2018.05.20 22:01:17.647,12.91623,12.91728,0.00,0.00
2018.05.20 22:01:17.781,12.91619,12.91729,0.00,0.00
2018.05.20 22:01:18.212,12.91628,12.91728,0.00,0.00
2018.05.20 22:01:18.263,12.91449,12.91728,0.00,0.00
2018.05.20 22:01:18.375,12.91598,12.91728,0.00,0.00
2018.05.20 22:01:18.527,12.91538,12.91729,0.00,0.00
2018.05.20 22:01:18.578,12.91439,12.91721,0.00,0.00
2018.05.20 22:01:18.895,12.91468,12.91728,0.00,0.00
2018.05.20 22:01:19.294,12.91514,12.91729,0.00,0.00
2018.05.20 22:01:19.395,12.91449,12.91728,0.00,0.00
2018.05.20 22:01:20.006,12.91464,12.91728,0.00,0.00
2018.05.20 22:01:20.355,12.91524,12.91729,0.00,0.00
2018.05.20 22:01:20.470,12.91499,12.91729,0.00,0.00
2018.05.20 22:01:20.521,12.91448,12.91728,0.00,0.00
2018.05.20 22:01:20.834,12.91453,12.91729,0.00,0.00
2018.05.20 22:01:24.028,12.91623,12.91729,0.00,0.00
2018.05.20 22:01:26.078,12.91608,12.91729,0.00,0.00
2018.05.20 22:01:26.329,12.91628,12.91728,0.00,0.00
2018.05.20 22:01:26.380,12.91509,12.91728,0.00,0.00
2018.05.20 22:01:26.811,12.91519,12.91728,0.00,0.00
2018.05.20 22:01:28.717,12.91508,12.91728,0.00,0.00
2018.05.20 22:01:28.768,12.91688,12.91829,0.00,0.00
2018.05.20 22:01:28.819,12.91539,12.91821,0.00,0.00
2018.05.20 22:01:28.921,12.91548,12.91829,0.00,0.00
2018.05.20 22:01:28.971,12.91528,12.91812,0.00,0.00
2018.05.20 22:01:29.045,12.91538,12.91822,0.00,0.00
2018.05.20 22:01:29.448,12.91508,12.91792,0.00,0.00
2018.05.20 22:01:29.921,12.91439,12.91721,0.00,0.00
2018.05.20 22:01:30.254,12.91418,12.91628,0.00,0.00
2018.05.20 22:01:30.363,12.91359,12.91629,0.00,0.00
2018.05.20 22:01:30.413,12.91518,12.91629,0.00,0.00
2018.05.20 22:01:30.965,12.91509,12.91629,0.00,0.00
2018.05.20 22:01:31.016,12.91418,12.91629,0.00,0.00
2018.05.20 22:01:31.066,12.91488,12.91628,0.00,0.00
2018.05.20 22:01:31.951,12.91498,12.91628,0.00,0.00
2018.05.20 22:01:32.002,12.91488,12.91629,0.00,0.00
2018.05.20 22:01:32.053,12.91418,12.91629,0.00,0.00
2018.05.20 22:01:32.627,12.91429,12.91629,0.00,0.00
2018.05.20 22:01:32.929,12.91479,12.91629,0.00,0.00
2018.05.20 22:01:33.373,12.91419,12.91629,0.00,0.00
2018.05.20 22:01:33.424,12.91348,12.91629,0.00,0.00
2018.05.20 22:01:33.837,12.91319,12.91601,0.00,0.00
2018.05.20 22:01:33.889,12.91338,12.91611,0.00,0.00
2018.05.20 22:01:34.212,12.91258,12.91528,0.00,0.00
2018.05.20 22:01:34.547,12.91268,12.91529,0.00,0.00
2018.05.20 22:01:35.645,12.91248,12.91529,0.00,0.00
2018.05.20 22:01:35.916,12.91278,12.91529,0.00,0.00
2018.05.20 22:01:36.506,12.91248,12.91529,0.00,0.00
2018.05.20 22:01:36.557,12.91242,12.91522,0.00,0.00
2018.05.20 22:01:36.608,12.91238,12.91522,0.00,0.00
2018.05.20 22:01:36.658,12.91419,12.91528,0.00,0.00
2018.05.20 22:01:36.709,12.91338,12.91529,0.00,0.00
2018.05.20 22:01:36.820,12.91318,12.91529,0.00,0.00
2018.05.20 22:01:36.939,12.91328,12.91529,0.00,0.00
2018.05.20 22:01:36.989,12.91258,12.91529,0.00,0.00
2018.05.20 22:01:37.102,12.91418,12.91529,0.00,0.00
2018.05.20 22:01:37.263,12.91409,12.91528,0.00,0.00
2018.05.20 22:01:37.322,12.91378,12.91528,0.00,0.00
2018.05.20 22:01:37.478,12.91408,12.91528,0.00,0.00
2018.05.20 22:01:37.757,12.91379,12.91528,0.00,0.00
2018.05.20 22:01:37.857,12.91408,12.91528,0.00,0.00
2018.05.20 22:01:38.382,12.91409,12.91529,0.00,0.00
2018.05.20 22:01:38.910,12.91398,12.91528,0.00,0.00
2018.05.20 22:01:38.960,12.91428,12.91528,0.00,0.00
2018.05.20 22:01:39.809,12.91408,12.91528,0.00,0.00
2018.05.20 22:01:39.910,12.91429,12.91529,0.00,0.00
2018.05.20 22:01:40.206,12.91419,12.91529,0.00,0.00
2018.05.20 22:01:40.257,12.91318,12.91528,0.00,0.00
2018.05.20 22:01:40.308,12.91408,12.91529,0.00,0.00
2018.05.20 22:01:40.533,12.91419,12.91671,0.00,0.00
2018.05.20 22:01:40.584,12.91348,12.91632,0.00,0.00
2018.05.20 22:01:40.634,12.91348,12.91629,0.00,0.00
2018.05.20 22:01:40.735,12.91338,12.91622,0.00,0.00
2018.05.20 22:01:40.786,12.91369,12.91629,0.00,0.00
2018.05.20 22:01:41.359,12.91349,12.91629,0.00,0.00
2018.05.20 22:01:41.410,12.91498,12.91629,0.00,0.00
2018.05.20 22:01:41.806,12.91518,12.91628,0.00,0.00
2018.05.20 22:01:41.937,12.91508,12.91628,0.00,0.00
2018.05.20 22:01:41.988,12.91418,12.91628,0.00,0.00
2018.05.20 22:01:42.038,12.91529,12.91629,0.00,0.00
2018.05.20 22:01:42.089,12.91419,12.91629,0.00,0.00
2018.05.20 22:01:42.140,12.91439,12.91629,0.00,0.00
2018.05.20 22:01:42.793,12.91439,12.91628,0.00,0.00
2018.05.20 22:01:43.835,12.91428,12.91628,0.00,0.00
2018.05.20 22:01:43.885,12.91528,12.91629,0.00,0.00
2018.05.20 22:01:43.987,12.91439,12.91629,0.00,0.00
2018.05.20 22:01:44.116,12.91418,12.91629,0.00,0.00
2018.05.20 22:01:44.167,12.91438,12.91628,0.00,0.00
2018.05.20 22:01:44.777,12.91438,12.91629,0.00,0.00
2018.05.20 22:01:45.157,12.91429,12.91628,0.00,0.00
2018.05.20 22:01:45.208,12.91529,12.91629,0.00,0.00
2018.05.20 22:01:45.259,12.91528,12.91629,0.00,0.00
2018.05.20 22:01:45.420,12.91509,12.91628,0.00,0.00
2018.05.20 22:01:45.521,12.91498,12.91629,0.00,0.00
2018.05.20 22:01:45.943,12.91528,12.91629,0.00,0.00
2018.05.20 22:01:46.718,12.91508,12.91628,0.00,0.00
2018.05.20 22:01:46.768,12.91528,12.91629,0.00,0.00
2018.05.20 22:01:46.969,12.91519,12.91629,0.00,0.00
2018.05.20 22:01:47.020,12.91438,12.91629,0.00,0.00
2018.05.20 22:01:47.120,12.91358,12.91628,0.00,0.00
2018.05.20 22:01:49.719,12.91528,12.91629,0.00,0.00
2018.05.20 22:01:50.251,12.91518,12.91628,0.00,0.00
2018.05.20 22:01:51.793,12.91528,12.91628,0.00,0.00
2018.05.20 22:01:52.750,12.91518,12.91628,0.00,0.00
2018.05.20 22:01:56.534,12.91259,12.91529,0.00,0.00
2018.05.20 22:01:57.325,12.91259,12.91528,0.00,0.00
2018.05.20 22:01:57.478,12.91428,12.91528,0.00,0.00
2018.05.20 22:01:57.756,12.91419,12.91528,0.00,0.00
2018.05.20 22:01:57.807,12.91339,12.91529,0.00,0.00
2018.05.20 22:01:58.245,12.91348,12.91529,0.00,0.00
2018.05.20 22:01:58.296,12.91248,12.91529,0.00,0.00
2018.05.20 22:01:58.549,12.91269,12.91528,0.00,0.00
2018.05.20 22:01:58.600,12.91249,12.91528,0.00,0.00
2018.05.20 22:02:00.277,12.91298,12.91429,0.00,0.00
2018.05.20 22:02:00.328,12.91218,12.91428,0.00,0.00
2018.05.20 22:02:00.379,12.91308,12.91429,0.00,0.00
2018.05.20 22:02:00.429,12.91218,12.91429,0.00,0.00
2018.05.20 22:02:00.742,12.91238,12.91428,0.00,0.00
2018.05.20 22:02:00.843,12.91219,12.91428,0.00,0.00
2018.05.20 22:02:00.894,12.91238,12.91429,0.00,0.00
2018.05.20 22:02:01.046,12.91228,12.91428,0.00,0.00
2018.05.20 22:02:01.096,12.91329,12.91429,0.00,0.00
2018.05.20 22:02:01.253,12.91318,12.91428,0.00,0.00
2018.05.20 22:02:01.304,12.91338,12.91438,0.00,0.00
2018.05.20 22:02:01.948,12.91328,12.91428,0.00,0.00
2018.05.20 22:02:02.081,12.91319,12.91428,0.00,0.00
2018.05.20 22:02:02.132,12.91238,12.91522,0.00,0.00
2018.05.20 22:02:02.183,12.91258,12.91528,0.00,0.00
2018.05.20 22:02:02.607,12.91279,12.91529,0.00,0.00
2018.05.20 22:02:04.061,12.91268,12.91529,0.00,0.00
2018.05.20 22:02:04.112,12.91428,12.91529,0.00,0.00
2018.05.20 22:02:04.162,12.91418,12.91529,0.00,0.00
2018.05.20 22:02:04.879,12.91408,12.91529,0.00,0.00
2018.05.20 22:02:04.930,12.91399,12.91528,0.00,0.00
2018.05.20 22:02:05.331,12.91409,12.91528,0.00,0.00
2018.05.20 22:02:05.383,12.91159,12.91429,0.00,0.00
2018.05.20 22:02:05.434,12.91149,12.91429,0.00,0.00
2018.05.20 22:02:05.485,12.91219,12.91428,0.00,0.00
2018.05.20 22:02:06.237,12.91218,12.91428,0.00,0.00
2018.05.20 22:02:06.701,12.91319,12.91428,0.00,0.00
2018.05.20 22:02:06.949,12.91309,12.91428,0.00,0.00
2018.05.20 22:02:07.000,12.91219,12.91429,0.00,0.00
2018.05.20 22:02:07.558,12.91219,12.91428,0.00,0.00
2018.05.20 22:02:08.662,12.91239,12.91428,0.00,0.00
2018.05.20 22:02:10.301,12.91329,12.91429,0.00,0.00
2018.05.20 22:02:10.352,12.91169,12.91429,0.00,0.00
2018.05.20 22:02:10.631,12.91188,12.91429,0.00,0.00
2018.05.20 22:02:11.572,12.91258,12.91529,0.00,0.00
2018.05.20 22:02:11.724,12.91339,12.91529,0.00,0.00
2018.05.20 22:02:12.138,12.91329,12.91529,0.00,0.00
2018.05.20 22:02:12.239,12.91339,12.91528,0.00,0.00
2018.05.20 22:02:12.289,12.91248,12.91528,0.00,0.00
2018.05.20 22:02:12.390,12.91319,12.91529,0.00,0.00
2018.05.20 22:02:12.692,12.91408,12.91528,0.00,0.00
2018.05.20 22:02:13.039,12.91398,12.91528,0.00,0.00
2018.05.20 22:02:13.090,12.91319,12.91529,0.00,0.00
2018.05.20 22:02:13.334,12.91328,12.91529,0.00,0.00
2018.05.20 22:02:13.548,12.91248,12.91528,0.00,0.00
2018.05.20 22:02:13.598,12.91319,12.91529,0.00,0.00
2018.05.20 22:02:13.938,12.91398,12.91528,0.00,0.00
2018.05.20 22:02:15.184,12.91232,12.91512,0.00,0.00
2018.05.20 22:02:15.234,12.91158,12.91429,0.00,0.00
2018.05.20 22:02:15.588,12.91249,12.91428,0.00,0.00
2018.05.20 22:02:16.298,12.91228,12.91428,0.00,0.00
2018.05.20 22:02:16.349,12.91218,12.91428,0.00,0.00
2018.05.20 22:02:16.400,12.91249,12.91429,0.00,0.00
2018.05.20 22:02:16.451,12.91218,12.91429,0.00,0.00
2018.05.20 22:02:16.960,12.91228,12.91429,0.00,0.00
2018.05.20 22:02:18.132,12.91219,12.91429,0.00,0.00
2018.05.20 22:02:18.948,12.91219,12.91501,0.00,0.00
2018.05.20 22:02:18.999,12.91239,12.91521,0.00,0.00
2018.05.20 22:02:19.050,12.91208,12.91492,0.00,0.00
2018.05.20 22:02:19.100,12.91148,12.91428,0.00,0.00
2018.05.20 22:02:19.933,12.91178,12.91428,0.00,0.00
2018.05.20 22:02:19.984,12.91158,12.91428,0.00,0.00
2018.05.20 22:02:20.200,12.91148,12.91428,0.00,0.00
2018.05.20 22:02:20.251,12.91339,12.91439,0.00,0.00
2018.05.20 22:02:20.413,12.91239,12.91429,0.00,0.00
2018.05.20 22:02:22.136,12.91229,12.91429,0.00,0.00
2018.05.20 22:02:22.187,12.91338,12.91438,0.00,0.00
2018.05.20 22:02:22.494,12.91219,12.91429,0.00,0.00
2018.05.20 22:02:22.595,12.91148,12.91428,0.00,0.00
2018.05.20 22:02:22.744,12.91178,12.91428,0.00,0.00
2018.05.20 22:02:23.409,12.91158,12.91428,0.00,0.00
2018.05.20 22:02:23.460,12.91239,12.91512,0.00,0.00
2018.05.20 22:02:25.114,12.91228,12.91512,0.00,0.00
2018.05.20 22:02:25.209,12.91228,12.91479,0.00,0.00
2018.05.20 22:02:25.378,12.91218,12.91479,0.00,0.00
2018.05.20 22:02:25.479,12.91228,12.91479,0.00,0.00
2018.05.20 22:02:25.530,12.91208,12.91479,0.00,0.00
2018.05.20 22:02:25.748,12.91238,12.91479,0.00,0.00
2018.05.20 22:02:26.147,12.91329,12.91479,0.00,0.00
2018.05.20 22:02:26.507,12.91318,12.91479,0.00,0.00
2018.05.20 22:02:26.558,12.91219,12.91479,0.00,0.00
2018.05.20 22:02:29.501,12.91419,12.91528,0.00,0.00
2018.05.20 22:02:29.552,12.91248,12.91529,0.00,0.00
2018.05.20 22:02:29.654,12.91319,12.91529,0.00,0.00
2018.05.20 22:02:29.706,12.91298,12.91529,0.00,0.00
2018.05.20 22:02:30.252,12.91429,12.91529,0.00,0.00
2018.05.20 22:02:30.922,12.91418,12.91529,0.00,0.00
2018.05.20 22:02:30.973,12.91299,12.91529,0.00,0.00
2018.05.20 22:02:31.924,12.91308,12.91529,0.00,0.00
2018.05.20 22:02:32.029,12.91248,12.91529,0.00,0.00
2018.05.20 22:02:33.405,12.91289,12.91529,0.00,0.00
2018.05.20 22:02:33.706,12.91309,12.91528,0.00,0.00
2018.05.20 22:02:33.763,12.91309,12.91578,0.00,0.00
2018.05.20 22:02:33.814,12.91249,12.91528,0.00,0.00
2018.05.20 22:02:33.935,12.91258,12.91528,0.00,0.00
2018.05.20 22:02:34.038,12.91249,12.91528,0.00,0.00
2018.05.20 22:02:34.140,12.91428,12.91528,0.00,0.00
2018.05.20 22:02:34.191,12.91248,12.91528,0.00,0.00
2018.05.20 22:02:34.452,12.91259,12.91528,0.00,0.00
2018.05.20 22:02:34.782,12.91278,12.91529,0.00,0.00
2018.05.20 22:02:34.832,12.91258,12.91529,0.00,0.00
2018.05.20 22:02:36.766,12.91428,12.91529,0.00,0.00
2018.05.20 22:02:37.371,12.91428,12.91528,0.00,0.00
2018.05.20 22:02:37.519,12.91409,12.91528,0.00,0.00
2018.05.20 22:02:37.570,12.91429,12.91529,0.00,0.00
2018.05.20 22:02:37.750,12.91409,12.91528,0.00,0.00
2018.05.20 22:02:38.361,12.91409,12.91529,0.00,0.00
2018.05.20 22:02:40.209,12.91399,12.91529,0.00,0.00
2018.05.20 22:02:40.399,12.91408,12.91529,0.00,0.00
2018.05.20 22:02:41.004,12.91429,12.91529,0.00,0.00
2018.05.20 22:02:43.497,12.91428,12.91528,0.00,0.00
2018.05.20 22:02:43.548,12.91298,12.91529,0.00,0.00
2018.05.20 22:02:43.599,12.91419,12.91528,0.00,0.00
2018.05.20 22:02:43.805,12.91318,12.91528,0.00,0.00
2018.05.20 22:02:44.612,12.91429,12.91529,0.00,0.00
2018.05.20 22:02:44.663,12.91338,12.91528,0.00,0.00
2018.05.20 22:02:44.765,12.91309,12.91528,0.00,0.00
2018.05.20 22:02:45.086,12.91319,12.91529,0.00,0.00
2018.05.20 22:02:45.626,12.91418,12.91528,0.00,0.00
2018.05.20 22:02:46.171,12.91409,12.91528,0.00,0.00
2018.05.20 22:02:46.272,12.91418,12.91529,0.00,0.00
2018.05.20 22:02:46.323,12.91308,12.91529,0.00,0.00
2018.05.20 22:02:46.994,12.91419,12.91529,0.00,0.00
2018.05.20 22:02:47.153,12.91409,12.91529,0.00,0.00
2018.05.20 22:02:47.376,12.91318,12.91529,0.00,0.00
2018.05.20 22:02:47.657,12.91329,12.91528,0.00,0.00
2018.05.20 22:02:48.177,12.91339,12.91528,0.00,0.00
2018.05.20 22:02:48.228,12.91328,12.91529,0.00,0.00
2018.05.20 22:02:48.329,12.91428,12.91529,0.00,0.00
2018.05.20 22:02:48.380,12.91408,12.91529,0.00,0.00
2018.05.20 22:02:48.507,12.91398,12.91529,0.00,0.00
2018.05.20 22:02:51.286,12.91398,12.91528,0.00,0.00
2018.05.20 22:02:51.337,12.91318,12.91528,0.00,0.00
2018.05.20 22:02:51.647,12.91328,12.91529,0.00,0.00
2018.05.20 22:02:52.102,12.91419,12.91528,0.00,0.00
2018.05.20 22:02:52.608,12.91399,12.91529,0.00,0.00
2018.05.20 22:02:52.935,12.91408,12.91528,0.00,0.00
2018.05.20 22:02:53.267,12.91428,12.91528,0.00,0.00
2018.05.20 22:02:54.140,12.91418,12.91528,0.00,0.00
2018.05.20 22:02:54.191,12.91318,12.91529,0.00,0.00
2018.05.20 22:02:55.674,12.91328,12.91529,0.00,0.00
2018.05.20 22:02:55.725,12.91249,12.91528,0.00,0.00
2018.05.20 22:02:55.776,12.91428,12.91528,0.00,0.00
2018.05.20 22:02:56.006,12.91318,12.91528,0.00,0.00
2018.05.20 22:02:56.524,12.91318,12.91529,0.00,0.00
2018.05.20 22:02:58.306,12.91159,12.91428,0.00,0.00
2018.05.20 22:02:58.357,12.91308,12.91428,0.00,0.00
2018.05.20 22:02:58.408,12.91208,12.91429,0.00,0.00
2018.05.20 22:02:58.920,12.91208,12.91428,0.00,0.00
2018.05.20 22:02:59.920,12.91228,12.91429,0.00,0.00
2018.05.20 22:03:00.250,12.91059,12.91341,0.00,0.00
2018.05.20 22:03:00.301,12.91109,12.91329,0.00,0.00
2018.05.20 22:03:00.816,12.91118,12.91328,0.00,0.00
2018.05.20 22:03:00.989,12.91048,12.91328,0.00,0.00
2018.05.20 22:03:01.171,12.91229,12.91329,0.00,0.00
2018.05.20 22:03:01.222,12.91138,12.91328,0.00,0.00
2018.05.20 22:03:01.853,12.91138,12.91329,0.00,0.00
2018.05.20 22:03:02.238,12.91119,12.91401,0.00,0.00
2018.05.20 22:03:02.291,12.91108,12.91392,0.00,0.00
2018.05.20 22:03:02.559,12.91138,12.91412,0.00,0.00
2018.05.20 22:03:03.169,12.91159,12.91412,0.00,0.00
2018.05.20 22:03:03.720,12.91318,12.91428,0.00,0.00
2018.05.20 22:03:03.771,12.91238,12.91429,0.00,0.00
2018.05.20 22:03:03.822,12.91328,12.91429,0.00,0.00
2018.05.20 22:03:03.923,12.91309,12.91429,0.00,0.00
2018.05.20 22:03:04.492,12.91309,12.91428,0.00,0.00
2018.05.20 22:03:05.967,12.91318,12.91428,0.00,0.00
2018.05.20 22:03:06.068,12.91239,12.91429,0.00,0.00
2018.05.20 22:03:06.699,12.91248,12.91429,0.00,0.00
2018.05.20 22:03:06.994,12.91118,12.91329,0.00,0.00
2018.05.20 22:03:07.045,12.91059,12.91329,0.00,0.00
2018.05.20 22:03:07.528,12.91079,12.91328,0.00,0.00
2018.05.20 22:03:07.578,12.91059,12.91328,0.00,0.00
2018.05.20 22:03:08.585,12.91048,12.91328,0.00,0.00
2018.05.20 22:03:08.635,12.91228,12.91328,0.00,0.00
2018.05.20 22:03:08.686,12.91138,12.91329,0.00,0.00
2018.05.20 22:03:08.737,12.91219,12.91329,0.00,0.00
2018.05.20 22:03:08.804,12.91138,12.91329,0.00,0.00
2018.05.20 22:03:08.855,12.91219,12.91329,0.00,0.00
2018.05.20 22:03:09.205,12.91208,12.91328,0.00,0.00
2018.05.20 22:03:09.256,12.91138,12.91329,0.00,0.00
2018.05.20 22:03:09.307,12.91209,12.91329,0.00,0.00
2018.05.20 22:03:10.251,12.91218,12.91329,0.00,0.00
2018.05.20 22:03:10.892,12.91229,12.91329,0.00,0.00
2018.05.20 22:03:10.943,12.91108,12.91329,0.00,0.00
2018.05.20 22:03:11.266,12.91138,12.91329,0.00,0.00
2018.05.20 22:03:12.357,12.91118,12.91329,0.00,0.00
2018.05.20 22:03:12.407,12.91158,12.91328,0.00,0.00
2018.05.20 22:03:13.064,12.91108,12.91328,0.00,0.00
2018.05.20 22:03:13.525,12.91128,12.91328,0.00,0.00
2018.05.20 22:03:14.463,12.91228,12.91328,0.00,0.00
2018.05.20 22:03:14.514,12.91128,12.91329,0.00,0.00
2018.05.20 22:03:14.753,12.91118,12.91329,0.00,0.00
2018.05.20 22:03:15.095,12.91108,12.91329,0.00,0.00
2018.05.20 22:03:16.136,12.91229,12.91329,0.00,0.00
2018.05.20 22:03:16.745,12.91228,12.91328,0.00,0.00
2018.05.20 22:03:18.857,12.91219,12.91328,0.00,0.00
2018.05.20 22:03:18.908,12.91208,12.91329,0.00,0.00
2018.05.20 22:03:18.959,12.91109,12.91328,0.00,0.00
2018.05.20 22:03:20.252,12.91229,12.91329,0.00,0.00
2018.05.20 22:03:20.353,12.91128,12.91329,0.00,0.00
2018.05.20 22:03:20.404,12.91109,12.91329,0.00,0.00
2018.05.20 22:03:20.782,12.91128,12.91329,0.00,0.00
2018.05.20 22:03:21.006,12.91109,12.91329,0.00,0.00
2018.05.20 22:03:21.383,12.91119,12.91329,0.00,0.00
2018.05.20 22:03:21.717,12.91228,12.91328,0.00,0.00
2018.05.20 22:03:22.806,12.91218,12.91328,0.00,0.00
2018.05.20 22:03:22.906,12.91198,12.91329,0.00,0.00
2018.05.20 22:03:23.362,12.91218,12.91329,0.00,0.00
2018.05.20 22:03:24.197,12.91199,12.91329,0.00,0.00
2018.05.20 22:03:24.298,12.91228,12.91329,0.00,0.00
2018.05.20 22:03:24.349,12.91199,12.91329,0.00,0.00
2018.05.20 22:03:24.900,12.91208,12.91329,0.00,0.00
2018.05.20 22:03:24.951,12.91098,12.91328,0.00,0.00
2018.05.20 22:03:25.681,12.91098,12.91329,0.00,0.00
2018.05.20 22:03:26.723,12.91108,12.91329,0.00,0.00
2018.05.20 22:03:27.332,12.91218,12.91328,0.00,0.00
2018.05.20 22:03:27.451,12.91108,12.91328,0.00,0.00
2018.05.20 22:03:27.832,12.91128,12.91328,0.00,0.00
2018.05.20 22:03:28.717,12.91128,12.91329,0.00,0.00
2018.05.20 22:03:29.493,12.91229,12.91329,0.00,0.00
2018.05.20 22:03:29.656,12.91069,12.91329,0.00,0.00
2018.05.20 22:03:29.707,12.91199,12.91328,0.00,0.00
2018.05.20 22:03:29.758,12.91099,12.91329,0.00,0.00
2018.05.20 22:03:30.252,12.91218,12.91328,0.00,0.00
2018.05.20 22:03:31.411,12.91198,12.91328,0.00,0.00
2018.05.20 22:03:31.462,12.91098,12.91329,0.00,0.00
2018.05.20 22:03:31.694,12.91208,12.91329,0.00,0.00
2018.05.20 22:03:31.879,12.91118,12.91328,0.00,0.00
2018.05.20 22:03:31.930,12.91098,12.91328,0.00,0.00
2018.05.20 22:03:31.981,12.91198,12.91328,0.00,0.00
2018.05.20 22:03:32.032,12.91188,12.91329,0.00,0.00
2018.05.20 22:03:32.082,12.91218,12.91328,0.00,0.00
2018.05.20 22:03:32.951,12.91209,12.91328,0.00,0.00
2018.05.20 22:03:33.002,12.91129,12.91329,0.00,0.00
2018.05.20 22:03:33.160,12.91138,12.91329,0.00,0.00
2018.05.20 22:03:33.463,12.91129,12.91328,0.00,0.00
2018.05.20 22:03:33.870,12.91218,12.91329,0.00,0.00
2018.05.20 22:03:34.679,12.91208,12.91329,0.00,0.00
2018.05.20 22:03:34.781,12.91198,12.91329,0.00,0.00
2018.05.20 22:03:34.989,12.91208,12.91329,0.00,0.00
2018.05.20 22:03:35.040,12.91089,12.91329,0.00,0.00
2018.05.20 22:03:35.599,12.91089,12.91328,0.00,0.00
2018.05.20 22:03:35.674,12.91118,12.91328,0.00,0.00
2018.05.20 22:03:35.724,12.91088,12.91372,0.00,0.00
2018.05.20 22:03:35.883,12.91119,12.91401,0.00,0.00
2018.05.20 22:03:35.991,12.91038,12.91322,0.00,0.00
2018.05.20 22:03:36.041,12.91029,12.91311,0.00,0.00
2018.05.20 22:03:36.143,12.91038,12.91322,0.00,0.00
2018.05.20 22:03:36.194,12.91139,12.91329,0.00,0.00
2018.05.20 22:03:36.297,12.91118,12.91329,0.00,0.00
2018.05.20 22:03:36.348,12.91088,12.91329,0.00,0.00
2018.05.20 22:03:36.844,12.91098,12.91329,0.00,0.00
2018.05.20 22:03:37.155,12.91028,12.91312,0.00,0.00
2018.05.20 22:03:37.299,12.91198,12.91328,0.00,0.00
2018.05.20 22:03:37.349,12.91189,12.91328,0.00,0.00
2018.05.20 22:03:37.400,12.91208,12.91328,0.00,0.00
2018.05.20 22:03:37.472,12.91179,12.91328,0.00,0.00
2018.05.20 22:03:37.523,12.91118,12.91328,0.00,0.00
2018.05.20 22:03:37.574,12.91088,12.91329,0.00,0.00
2018.05.20 22:03:37.808,12.91108,12.91328,0.00,0.00
2018.05.20 22:03:38.153,12.91028,12.91312,0.00,0.00
2018.05.20 22:03:38.268,12.91039,12.91321,0.00,0.00
2018.05.20 22:03:38.591,12.91088,12.91372,0.00,0.00
2018.05.20 22:03:38.642,12.91109,12.91391,0.00,0.00
2018.05.20 22:03:38.844,12.91138,12.91422,0.00,0.00
2018.05.20 22:03:38.906,12.91118,12.91402,0.00,0.00
2018.05.20 22:03:39.214,12.91148,12.91428,0.00,0.00
2018.05.20 22:03:39.316,12.91138,12.91422,0.00,0.00
2018.05.20 22:03:39.416,12.91118,12.91402,0.00,0.00
2018.05.20 22:03:40.252,12.91268,12.91428,0.00,0.00
2018.05.20 22:03:40.937,12.91268,12.91429,0.00,0.00
2018.05.20 22:03:43.810,12.91259,12.91429,0.00,0.00
2018.05.20 22:03:43.861,12.91169,12.91451,0.00,0.00
2018.05.20 22:03:43.962,12.91119,12.91401,0.00,0.00
2018.05.20 22:03:44.564,12.91099,12.91381,0.00,0.00
2018.05.20 22:03:44.744,12.91118,12.91402,0.00,0.00
2018.05.20 22:03:46.093,12.91098,12.91382,0.00,0.00
2018.05.20 22:03:46.543,12.91119,12.91401,0.00,0.00
2018.05.20 22:03:46.967,12.91278,12.91429,0.00,0.00
2018.05.20 22:03:47.074,12.91198,12.91428,0.00,0.00
2018.05.20 22:03:47.175,12.91198,12.91478,0.00,0.00
2018.05.20 22:03:47.537,12.91168,12.91452,0.00,0.00
2018.05.20 22:03:48.349,12.91108,12.91392,0.00,0.00
2018.05.20 22:03:49.268,12.91119,12.91401,0.00,0.00
2018.05.20 22:03:50.237,12.91108,12.91392,0.00,0.00
2018.05.20 22:03:50.288,12.91118,12.91402,0.00,0.00
2018.05.20 22:03:50.591,12.91188,12.91429,0.00,0.00
2018.05.20 22:03:51.194,12.91188,12.91428,0.00,0.00
2018.05.20 22:03:53.597,12.91178,12.91428,0.00,0.00
2018.05.20 22:03:53.648,12.91278,12.91429,0.00,0.00
2018.05.20 22:03:54.317,12.91289,12.91482,0.00,0.00
2018.05.20 22:03:54.368,12.91168,12.91452,0.00,0.00
2018.05.20 22:03:54.419,12.91288,12.91491,0.00,0.00
2018.05.20 22:03:54.470,12.91169,12.91451,0.00,0.00
2018.05.20 22:03:57.267,12.91188,12.91472,0.00,0.00
2018.05.20 22:03:57.318,12.91179,12.91461,0.00,0.00
2018.05.20 22:03:57.405,12.91188,12.91472,0.00,0.00
2018.05.20 22:03:57.512,12.91178,12.91462,0.00,0.00
2018.05.20 22:04:00.244,12.91089,12.91312,0.00,0.00
2018.05.20 22:04:00.295,12.91019,12.91301,0.00,0.00
2018.05.20 22:04:01.700,12.91038,12.91322,0.00,0.00
2018.05.20 22:04:01.751,12.91098,12.91382,0.00,0.00
2018.05.20 22:04:02.084,12.91069,12.91351,0.00,0.00
2018.05.20 22:04:02.419,12.91188,12.91402,0.00,0.00
2018.05.20 22:04:02.470,12.91248,12.91532,0.00,0.00
2018.05.20 22:04:02.522,12.91188,12.91412,0.00,0.00
2018.05.20 22:04:02.624,12.91298,12.91579,0.00,0.00
2018.05.20 22:04:02.725,12.91289,12.91571,0.00,0.00
2018.05.20 22:04:02.776,12.91268,12.91552,0.00,0.00
2018.05.20 22:04:02.827,12.91288,12.91572,0.00,0.00
2018.05.20 22:04:03.403,12.91298,12.91579,0.00,0.00
2018.05.20 22:04:03.784,12.91279,12.91561,0.00,0.00
2018.05.20 22:04:04.069,12.91268,12.91552,0.00,0.00
2018.05.20 22:04:06.003,12.91278,12.91562,0.00,0.00
2018.05.20 22:04:06.379,12.91349,12.91629,0.00,0.00
2018.05.20 22:04:06.666,12.91128,12.91412,0.00,0.00
2018.05.20 22:04:06.717,12.91068,12.91352,0.00,0.00
2018.05.20 22:04:07.022,12.91059,12.91341,0.00,0.00
2018.05.20 22:04:07.196,12.90998,12.91282,0.00,0.00
2018.05.20 22:04:07.476,12.91019,12.91301,0.00,0.00
2018.05.20 22:04:07.527,12.91028,12.91312,0.00,0.00
2018.05.20 22:04:07.752,12.91018,12.91302,0.00,0.00
2018.05.20 22:04:08.092,12.91028,12.91312,0.00,0.00
2018.05.20 22:04:08.689,12.91018,12.91302,0.00,0.00
2018.05.20 22:04:09.161,12.91028,12.91312,0.00,0.00
2018.05.20 22:04:09.464,12.91158,12.91429,0.00,0.00
2018.05.20 22:04:09.787,12.91259,12.91428,0.00,0.00
2018.05.20 22:04:10.250,12.91248,12.91428,0.00,0.00
2018.05.20 22:04:10.544,12.91269,12.91428,0.00,0.00
2018.05.20 22:04:10.705,12.91238,12.91429,0.00,0.00
2018.05.20 22:04:10.806,12.91158,12.91429,0.00,0.00
2018.05.20 22:04:11.454,12.91098,12.91382,0.00,0.00
2018.05.20 22:04:11.660,12.91268,12.91429,0.00,0.00
2018.05.20 22:04:16.060,12.91258,12.91429,0.00,0.00
2018.05.20 22:04:16.161,12.91158,12.91428,0.00,0.00
2018.05.20 22:04:17.160,12.91359,12.91571,0.00,0.00
2018.05.20 22:04:17.211,12.91198,12.91482,0.00,0.00
2018.05.20 22:04:17.262,12.91269,12.91551,0.00,0.00
2018.05.20 22:04:17.363,12.91249,12.91541,0.00,0.00
2018.05.20 22:04:17.749,12.91268,12.91552,0.00,0.00
2018.05.20 22:04:18.146,12.91358,12.91571,0.00,0.00
2018.05.20 22:04:18.197,12.91198,12.91482,0.00,0.00
2018.05.20 22:04:18.465,12.91228,12.91512,0.00,0.00
2018.05.20 22:04:18.768,12.91259,12.91541,0.00,0.00
2018.05.20 22:04:18.819,12.91198,12.91482,0.00,0.00
2018.05.20 22:04:18.947,12.91369,12.91571,0.00,0.00
2018.05.20 22:04:18.998,12.91258,12.91542,0.00,0.00
2018.05.20 22:04:19.049,12.91278,12.91562,0.00,0.00
2018.05.20 22:04:19.105,12.91248,12.91542,0.00,0.00
2018.05.20 22:04:19.306,12.91278,12.91562,0.00,0.00
2018.05.20 22:04:19.357,12.91248,12.91542,0.00,0.00
2018.05.20 22:04:19.408,12.91279,12.91561,0.00,0.00
2018.05.20 22:04:19.459,12.91298,12.91582,0.00,0.00
2018.05.20 22:04:19.762,12.91289,12.91571,0.00,0.00
2018.05.20 22:04:20.245,12.91368,12.91629,0.00,0.00
2018.05.20 22:04:20.296,12.91348,12.91612,0.00,0.00
2018.05.20 22:04:20.347,12.91258,12.91552,0.00,0.00
2018.05.20 22:04:20.398,12.91218,12.91482,0.00,0.00
2018.05.20 22:04:21.536,12.91228,12.91512,0.00,0.00
2018.05.20 22:04:21.587,12.91278,12.91562,0.00,0.00
2018.05.20 22:04:21.898,12.91298,12.91582,0.00,0.00
2018.05.20 22:04:22.497,12.91309,12.91591,0.00,0.00
2018.05.20 22:04:22.882,12.91459,12.91628,0.00,0.00
2018.05.20 22:04:23.149,12.91378,12.91628,0.00,0.00
2018.05.20 22:04:23.250,12.91358,12.91629,0.00,0.00
2018.05.20 22:04:23.301,12.91348,12.91629,0.00,0.00
2018.05.20 22:04:23.515,12.91259,12.91629,0.00,0.00
2018.05.20 22:04:25.757,12.91319,12.91629,0.00,0.00
2018.05.20 22:04:25.808,12.91259,12.91628,0.00,0.00
2018.05.20 22:04:27.599,12.91289,12.91628,0.00,0.00
2018.05.20 22:04:27.650,12.91289,12.91662,0.00,0.00
2018.05.20 22:04:28.805,12.91289,12.91601,0.00,0.00
2018.05.20 22:04:28.855,12.91289,12.91661,0.00,0.00
2018.05.20 22:04:29.397,12.91329,12.91679,0.00,0.00
2018.05.20 22:04:30.222,12.91289,12.91591,0.00,0.00
2018.05.20 22:04:30.273,12.91279,12.91628,0.00,0.00
2018.05.20 22:04:31.065,12.91328,12.91628,0.00,0.00
2018.05.20 22:04:31.116,12.91279,12.91628,0.00,0.00
2018.05.20 22:04:32.576,12.91289,12.91651,0.00,0.00
2018.05.20 22:04:33.705,12.91289,12.91602,0.00,0.00
2018.05.20 22:04:34.924,12.91329,12.91628,0.00,0.00
2018.05.20 22:04:37.199,12.91298,12.91629,0.00,0.00
2018.05.20 22:04:37.300,12.91318,12.91628,0.00,0.00
2018.05.20 22:04:37.487,12.91318,12.91682,0.00,0.00
2018.05.20 22:04:37.538,12.91288,12.91682,0.00,0.00
2018.05.20 22:04:37.589,12.91288,12.91592,0.00,0.00
2018.05.20 22:04:37.789,12.91288,12.91621,0.00,0.00
2018.05.20 22:04:37.839,12.91288,12.91602,0.00,0.00
2018.05.20 22:04:38.882,12.91329,12.91629,0.00,0.00
2018.05.20 22:04:39.111,12.91298,12.91628,0.00,0.00
2018.05.20 22:04:39.206,12.91319,12.91628,0.00,0.00
2018.05.20 22:04:39.257,12.91279,12.91628,0.00,0.00
2018.05.20 22:04:40.045,12.91279,12.91629,0.00,0.00
2018.05.20 22:04:40.252,12.91329,12.91628,0.00,0.00
2018.05.20 22:04:41.922,12.91279,12.91628,0.00,0.00
2018.05.20 22:04:44.757,12.91329,12.91628,0.00,0.00
2018.05.20 22:04:45.248,12.91279,12.91629,0.00,0.00
2018.05.20 22:04:45.299,12.91279,12.91592,0.00,0.00
2018.05.20 22:04:45.349,12.91279,12.91629,0.00,0.00
2018.05.20 22:04:47.566,12.91402,12.91618,0.00,0.00
2018.05.20 22:04:48.137,12.91372,12.91618,0.00,0.00
2018.05.20 22:04:48.196,12.91342,12.91618,0.00,0.00
2018.05.20 22:04:48.247,12.91341,12.91592,0.00,0.00
2018.05.20 22:04:49.133,12.91298,12.91592,0.00,0.00
2018.05.20 22:04:50.117,12.91372,12.91592,0.00,0.00
2018.05.20 22:04:50.168,12.91372,12.91618,0.00,0.00
2018.05.20 22:04:50.219,12.91341,12.91592,0.00,0.00
2018.05.20 22:04:50.320,12.91341,12.91619,0.00,0.00
2018.05.20 22:04:50.455,12.91401,12.91629,0.00,0.00
2018.05.20 22:04:50.556,12.91342,12.91628,0.00,0.00
2018.05.20 22:04:52.522,12.91341,12.91629,0.00,0.00
2018.05.20 22:04:53.139,12.91341,12.91619,0.00,0.00
2018.05.20 22:04:53.601,12.91342,12.91601,0.00,0.00
2018.05.20 22:04:54.053,12.91342,12.91628,0.00,0.00
2018.05.20 22:04:54.586,12.91341,12.91629,0.00,0.00
2018.05.20 22:04:55.116,12.91432,12.91711,0.00,0.00
2018.05.20 22:04:55.268,12.91432,12.91718,0.00,0.00
2018.05.20 22:04:57.749,12.91431,12.91719,0.00,0.00
2018.05.20 22:04:57.926,12.91431,12.91729,0.00,0.00
2018.05.20 22:04:58.686,12.91448,12.91729,0.00,0.00
2018.05.20 22:05:00.153,12.91531,12.91789,0.00,0.00
2018.05.20 22:05:00.319,12.91431,12.91719,0.00,0.00
2018.05.20 22:05:00.427,12.91431,12.91712,0.00,0.00
2018.05.20 22:05:00.570,12.91431,12.91729,0.00,0.00
2018.05.20 22:05:00.708,12.91448,12.91719,0.00,0.00
2018.05.20 22:05:00.759,12.91431,12.91719,0.00,0.00
2018.05.20 22:05:01.124,12.91438,12.91719,0.00,0.00
2018.05.20 22:05:01.276,12.91431,12.91719,0.00,0.00
2018.05.20 22:05:01.326,12.91448,12.91719,0.00,0.00
2018.05.20 22:05:01.570,12.91431,12.91719,0.00,0.00
2018.05.20 22:05:02.187,12.91432,12.91718,0.00,0.00
2018.05.20 22:05:02.841,12.91431,12.91719,0.00,0.00
2018.05.20 22:05:02.943,12.91442,12.91722,0.00,0.00
2018.05.20 22:05:03.107,12.91442,12.91728,0.00,0.00
2018.05.20 22:05:03.555,12.91441,12.91722,0.00,0.00
2018.05.20 22:05:06.007,12.91531,12.91722,0.00,0.00
2018.05.20 22:05:06.058,12.91532,12.91788,0.00,0.00
2018.05.20 22:05:06.160,12.91562,12.91798,0.00,0.00
2018.05.20 22:05:06.716,12.91552,12.91798,0.00,0.00
2018.05.20 22:05:06.772,12.91559,12.91798,0.00,0.00
2018.05.20 22:05:07.132,12.91561,12.91799,0.00,0.00
2018.05.20 22:05:07.368,12.91551,12.91799,0.00,0.00
2018.05.20 22:05:07.419,12.91558,12.91799,0.00,0.00
2018.05.20 22:05:07.470,12.91551,12.91799,0.00,0.00
2018.05.20 22:05:07.773,12.91561,12.91799,0.00,0.00
2018.05.20 22:05:07.937,12.91551,12.91799,0.00,0.00
2018.05.20 22:05:08.810,12.91552,12.91798,0.00,0.00
2018.05.20 22:05:10.253,12.91558,12.91798,0.00,0.00
2018.05.20 22:05:10.503,12.91552,12.91798,0.00,0.00
2018.05.20 22:05:10.554,12.91561,12.91829,0.00,0.00
2018.05.20 22:05:11.127,12.91551,12.91829,0.00,0.00
2018.05.20 22:05:11.855,12.91632,12.91912,0.00,0.00
2018.05.20 22:05:11.906,12.91562,12.91828,0.00,0.00
2018.05.20 22:05:11.957,12.91571,12.91879,0.00,0.00
2018.05.20 22:05:12.109,12.91561,12.91879,0.00,0.00
2018.05.20 22:05:12.159,12.91561,12.91822,0.00,0.00
2018.05.20 22:05:13.727,12.91551,12.91822,0.00,0.00
2018.05.20 22:05:14.395,12.91552,12.91822,0.00,0.00
2018.05.20 22:05:14.907,12.91552,12.91828,0.00,0.00
2018.05.20 22:05:15.714,12.91551,12.91829,0.00,0.00
2018.05.20 22:05:16.000,12.91551,12.91822,0.00,0.00
2018.05.20 22:05:16.051,12.91631,12.91919,0.00,0.00
2018.05.20 22:05:16.153,12.91651,12.91929,0.00,0.00
2018.05.20 22:05:16.607,12.91641,12.91929,0.00,0.00
2018.05.20 22:05:16.760,12.91652,12.91928,0.00,0.00
2018.05.20 22:05:17.403,12.91651,12.91929,0.00,0.00
2018.05.20 22:05:18.606,12.91651,12.91922,0.00,0.00
2018.05.20 22:05:18.657,12.91651,12.91929,0.00,0.00
2018.05.20 22:05:19.293,12.91652,12.91928,0.00,0.00
2018.05.20 22:05:23.567,12.91662,12.91928,0.00,0.00
2018.05.20 22:05:23.618,12.91671,12.91989,0.00,0.00
2018.05.20 22:05:23.669,12.91671,12.91979,0.00,0.00
2018.05.20 22:05:23.806,12.91641,12.91979,0.00,0.00
2018.05.20 22:05:23.857,12.91642,12.91921,0.00,0.00
2018.05.20 22:05:24.710,12.91641,12.91921,0.00,0.00
2018.05.20 22:05:24.761,12.91632,12.91928,0.00,0.00
2018.05.20 22:05:25.536,12.91641,12.91929,0.00,0.00
2018.05.20 22:05:25.979,12.91648,12.91929,0.00,0.00
2018.05.20 22:05:28.202,12.91652,12.91928,0.00,0.00
2018.05.20 22:05:28.856,12.91711,12.91982,0.00,0.00
2018.05.20 22:05:28.966,12.91672,12.91982,0.00,0.00
2018.05.20 22:05:30.252,12.91672,12.91988,0.00,0.00
2018.05.20 22:05:30.357,12.91661,12.91979,0.00,0.00
2018.05.20 22:05:30.408,12.91661,12.91922,0.00,0.00
2018.05.20 22:05:31.026,12.91661,12.91929,0.00,0.00
2018.05.20 22:05:31.077,12.91659,12.91929,0.00,0.00
2018.05.20 22:05:32.368,12.91661,12.91929,0.00,0.00
2018.05.20 22:05:32.913,12.91662,12.91922,0.00,0.00
2018.05.20 22:05:35.606,12.91651,12.91922,0.00,0.00
2018.05.20 22:05:35.664,12.91651,12.91929,0.00,0.00
2018.05.20 22:05:35.715,12.91662,12.91928,0.00,0.00
2018.05.20 22:05:36.545,12.91661,12.91929,0.00,0.00
2018.05.20 22:05:38.120,12.91661,12.91921,0.00,0.00
2018.05.20 22:05:38.171,12.91631,12.91929,0.00,0.00
2018.05.20 22:05:40.032,12.91641,12.91929,0.00,0.00
2018.05.20 22:05:40.508,12.91649,12.91929,0.00,0.00
2018.05.20 22:05:42.117,12.91641,12.91929,0.00,0.00
2018.05.20 22:05:42.168,12.91632,12.91928,0.00,0.00
2018.05.20 22:05:43.757,12.91631,12.91929,0.00,0.00
2018.05.20 22:05:43.813,12.91611,12.91879,0.00,0.00
2018.05.20 22:05:43.863,12.91581,12.91879,0.00,0.00
2018.05.20 22:05:43.914,12.91562,12.91832,0.00,0.00
2018.05.20 22:05:44.474,12.91561,12.91829,0.00,0.00
2018.05.20 22:05:45.050,12.91551,12.91829,0.00,0.00
2018.05.20 22:05:45.279,12.91552,12.91821,0.00,0.00
2018.05.20 22:05:45.747,12.91541,12.91821,0.00,0.00
2018.05.20 22:05:48.681,12.91541,12.91829,0.00,0.00
2018.05.20 22:05:48.732,12.91441,12.91729,0.00,0.00
2018.05.20 22:05:49.054,12.91431,12.91722,0.00,0.00
2018.05.20 22:05:49.874,12.91431,12.91729,0.00,0.00
2018.05.20 22:05:49.926,12.91458,12.91729,0.00,0.00
2018.05.20 22:05:50.106,12.91432,12.91728,0.00,0.00
2018.05.20 22:05:50.435,12.91438,12.91728,0.00,0.00
2018.05.20 22:05:50.840,12.91432,12.91728,0.00,0.00
2018.05.20 22:05:51.327,12.91439,12.91728,0.00,0.00
2018.05.20 22:05:51.884,12.91432,12.91728,0.00,0.00
2018.05.20 22:05:52.489,12.91438,12.91728,0.00,0.00
2018.05.20 22:05:55.253,12.91451,12.91721,0.00,0.00
2018.05.20 22:05:55.914,12.91452,12.91728,0.00,0.00
2018.05.20 22:05:55.965,12.91448,12.91729,0.00,0.00
2018.05.20 22:05:56.123,12.91431,12.91729,0.00,0.00
2018.05.20 22:05:56.430,12.91448,12.91728,0.00,0.00
2018.05.20 22:05:56.932,12.91432,12.91728,0.00,0.00
2018.05.20 22:05:57.720,12.91431,12.91729,0.00,0.00
2018.05.20 22:05:58.743,12.91471,12.91729,0.00,0.00
2018.05.20 22:05:58.845,12.91441,12.91729,0.00,0.00
2018.05.20 22:06:00.252,12.91449,12.91729,0.00,0.00
2018.05.20 22:06:00.404,12.91441,12.91779,0.00,0.00
2018.05.20 22:06:00.455,12.91541,12.91802,0.00,0.00
2018.05.20 22:06:00.505,12.91541,12.91809,0.00,0.00
2018.05.20 22:06:00.556,12.91542,12.91828,0.00,0.00
2018.05.20 22:06:00.607,12.91539,12.91828,0.00,0.00
2018.05.20 22:06:01.349,12.91539,12.91829,0.00,0.00
2018.05.20 22:06:01.921,12.91531,12.91829,0.00,0.00
2018.05.20 22:06:02.440,12.91549,12.91829,0.00,0.00
2018.05.20 22:06:02.722,12.91531,12.91829,0.00,0.00
2018.05.20 22:06:02.775,12.91538,12.91829,0.00,0.00
2018.05.20 22:06:03.188,12.91531,12.91829,0.00,0.00
2018.05.20 22:06:03.239,12.91561,12.91882,0.00,0.00
2018.05.20 22:06:03.290,12.91571,12.91879,0.00,0.00
2018.05.20 22:06:03.786,12.91582,12.91888,0.00,0.00
2018.05.20 22:06:03.887,12.91572,12.91888,0.00,0.00
2018.05.20 22:06:04.042,12.91572,12.91881,0.00,0.00
2018.05.20 22:06:04.827,12.91552,12.91881,0.00,0.00
2018.05.20 22:06:04.878,12.91552,12.91828,0.00,0.00
2018.05.20 22:06:07.925,12.91551,12.91829,0.00,0.00
2018.05.20 22:06:10.252,12.91558,12.91829,0.00,0.00
2018.05.20 22:06:11.464,12.91551,12.91829,0.00,0.00
2018.05.20 22:06:11.515,12.91561,12.91881,0.00,0.00
2018.05.20 22:06:11.566,12.91562,12.91878,0.00,0.00
2018.05.20 22:06:12.718,12.91632,12.91918,0.00,0.00
2018.05.20 22:06:12.819,12.91632,12.91928,0.00,0.00
2018.05.20 22:06:13.087,12.91649,12.91928,0.00,0.00
2018.05.20 22:06:14.547,12.91541,12.91829,0.00,0.00
2018.05.20 22:06:14.598,12.91541,12.91822,0.00,0.00
2018.05.20 22:06:15.108,12.91542,12.91822,0.00,0.00
2018.05.20 22:06:15.159,12.91531,12.91829,0.00,0.00
2018.05.20 22:06:16.587,12.91541,12.91829,0.00,0.00
2018.05.20 22:06:19.818,12.91552,12.91828,0.00,0.00
2018.05.20 22:06:20.504,12.91551,12.91829,0.00,0.00
2018.05.20 22:06:20.861,12.91561,12.91829,0.00,0.00
2018.05.20 22:06:21.825,12.91551,12.91829,0.00,0.00
2018.05.20 22:06:22.486,12.91552,12.91828,0.00,0.00
2018.05.20 22:06:22.537,12.91559,12.91828,0.00,0.00
2018.05.20 22:06:28.582,12.91542,12.91828,0.00,0.00
2018.05.20 22:06:28.633,12.91552,12.91821,0.00,0.00
2018.05.20 22:06:29.131,12.91561,12.91829,0.00,0.00
2018.05.20 22:06:30.302,12.91552,12.91828,0.00,0.00
2018.05.20 22:06:31.109,12.91551,12.91829,0.00,0.00
2018.05.20 22:06:34.130,12.91618,12.91829,0.00,0.00
2018.05.20 22:06:35.347,12.91618,12.91828,0.00,0.00
2018.05.20 22:06:39.642,12.91618,12.91829,0.00,0.00
2018.05.20 22:06:40.358,12.91618,12.91828,0.00,0.00
2018.05.20 22:06:45.740,12.91618,12.91829,0.00,0.00
2018.05.20 22:06:56.267,12.91618,12.91828,0.00,0.00
2018.05.20 22:06:58.698,12.91618,12.91888,0.00,0.00
2018.05.20 22:06:58.831,12.91618,12.91821,0.00,0.00
2018.05.20 22:06:58.993,12.91618,12.91828,0.00,0.00
2018.05.20 22:06:59.532,12.91618,12.91829,0.00,0.00
2018.05.20 22:07:00.254,12.91568,12.91789,0.00,0.00
2018.05.20 22:07:00.305,12.91568,12.91829,0.00,0.00
2018.05.20 22:07:00.356,12.91568,12.91819,0.00,0.00
2018.05.20 22:07:00.854,12.91628,12.91829,0.00,0.00
2018.05.20 22:07:02.336,12.91629,12.91829,0.00,0.00
2018.05.20 22:07:03.039,12.91629,12.91828,0.00,0.00
2018.05.20 22:07:03.756,12.91629,12.91829,0.00,0.00
2018.05.20 22:07:16.010,12.91618,12.91829,0.00,0.00
2018.05.20 22:07:24.767,12.91618,12.91828,0.00,0.00
2018.05.20 22:07:25.284,12.91618,12.91829,0.00,0.00
2018.05.20 22:07:25.946,12.91618,12.91828,0.00,0.00
2018.05.20 22:07:30.359,12.91618,12.91829,0.00,0.00
2018.05.20 22:07:32.196,12.91618,12.91828,0.00,0.00
2018.05.20 22:07:32.862,12.91618,12.91829,0.00,0.00
2018.05.20 22:07:42.803,12.91618,12.91821,0.00,0.00
2018.05.20 22:07:45.442,12.91618,12.91829,0.00,0.00
2018.05.20 22:07:46.108,12.91589,12.91828,0.00,0.00
2018.05.20 22:07:46.783,12.91589,12.91829,0.00,0.00
2018.05.20 22:07:46.979,12.91589,12.91822,0.00,0.00
2018.05.20 22:07:49.321,12.91589,12.91829,0.00,0.00
2018.05.20 22:07:54.270,12.91589,12.91828,0.00,0.00
2018.05.20 22:07:57.438,12.91589,12.91829,0.00,0.00
2018.05.20 22:08:02.928,12.91589,12.91828,0.00,0.00
2018.05.20 22:08:07.387,12.91589,12.91829,0.00,0.00
2018.05.20 22:08:11.149,12.91589,12.91828,0.00,0.00
2018.05.20 22:08:11.876,12.91589,12.91829,0.00,0.00
2018.05.20 22:08:17.305,12.91589,12.91828,0.00,0.00
2018.05.20 22:08:18.032,12.91588,12.91828,0.00,0.00
2018.05.20 22:08:18.592,12.91588,12.91829,0.00,0.00
2018.05.20 22:08:20.586,12.91588,12.91828,0.00,0.00
2018.05.20 22:08:21.128,12.91588,12.91829,0.00,0.00
2018.05.20 22:08:25.927,12.91588,12.91828,0.00,0.00
2018.05.20 22:08:25.977,12.91618,12.91829,0.00,0.00
2018.05.20 22:08:28.106,12.91618,12.91828,0.00,0.00
2018.05.20 22:08:29.636,12.91618,12.91829,0.00,0.00
2018.05.20 22:08:32.311,12.91628,12.91829,0.00,0.00
2018.05.20 22:08:33.023,12.91628,12.91828,0.00,0.00
2018.05.20 22:08:34.397,12.91629,12.91828,0.00,0.00
2018.05.20 22:08:38.274,12.91629,12.91829,0.00,0.00
2018.05.20 22:08:38.965,12.91629,12.91828,0.00,0.00
2018.05.20 22:08:39.572,12.91629,12.91829,0.00,0.00
2018.05.20 22:08:40.255,12.91629,12.91828,0.00,0.00
2018.05.20 22:08:40.974,12.91629,12.91829,0.00,0.00
2018.05.20 22:08:44.374,12.91629,12.91828,0.00,0.00
2018.05.20 22:08:44.933,12.91629,12.91829,0.00,0.00
2018.05.20 22:08:46.167,12.91629,12.91828,0.00,0.00
2018.05.20 22:08:48.466,12.91629,12.91829,0.00,0.00
2018.05.20 22:08:49.363,12.91629,12.91828,0.00,0.00
2018.05.20 22:08:57.234,12.91689,12.91828,0.00,0.00
2018.05.20 22:08:57.285,12.91689,12.91878,0.00,0.00
2018.05.20 22:08:57.386,12.91738,12.91879,0.00,0.00
2018.05.20 22:08:58.607,12.91738,12.91878,0.00,0.00
2018.05.20 22:09:01.312,12.91738,12.91879,0.00,0.00
2018.05.20 22:09:03.190,12.91819,12.91919,0.00,0.00
2018.05.20 22:09:03.241,12.91828,12.92018,0.00,0.00
2018.05.20 22:09:03.342,12.91828,12.92029,0.00,0.00
2018.05.20 22:09:04.761,12.91828,12.92028,0.00,0.00
2018.05.20 22:09:09.391,12.91829,12.92029,0.00,0.00
2018.05.20 22:09:10.414,12.91829,12.92028,0.00,0.00
2018.05.20 22:09:12.173,12.91779,12.91988,0.00,0.00
2018.05.20 22:09:12.253,12.91738,12.91988,0.00,0.00
2018.05.20 22:09:12.516,12.91738,12.91978,0.00,0.00
2018.05.20 22:09:14.065,12.91738,12.91979,0.00,0.00
2018.05.20 22:09:21.214,12.91738,12.91928,0.00,0.00
2018.05.20 22:09:23.137,12.91738,12.91929,0.00,0.00
2018.05.20 22:09:23.355,12.91729,12.91928,0.00,0.00
2018.05.20 22:09:23.483,12.91729,12.91978,0.00,0.00
2018.05.20 22:09:23.533,12.91729,12.91929,0.00,0.00
2018.05.20 22:09:29.097,12.91729,12.91928,0.00,0.00
2018.05.20 22:09:29.908,12.91729,12.91929,0.00,0.00
2018.05.20 22:09:30.417,12.91729,12.91928,0.00,0.00
2018.05.20 22:09:31.326,12.91729,12.91929,0.00,0.00
2018.05.20 22:09:36.123,12.91729,12.91928,0.00,0.00
2018.05.20 22:09:38.376,12.91729,12.91929,0.00,0.00
2018.05.20 22:09:39.375,12.91729,12.91928,0.00,0.00
2018.05.20 22:09:40.357,12.91729,12.91929,0.00,0.00
2018.05.20 22:09:47.515,12.91738,12.91929,0.00,0.00
2018.05.20 22:09:48.070,12.91738,12.91928,0.00,0.00
2018.05.20 22:09:49.113,12.91738,12.91929,0.00,0.00
2018.05.20 22:09:51.330,12.91738,12.91928,0.00,0.00
2018.05.20 22:09:54.937,12.91738,12.91929,0.00,0.00
2018.05.20 22:09:55.717,12.91738,12.91928,0.00,0.00
2018.05.20 22:09:56.977,12.91739,12.91928,0.00,0.00
2018.05.20 22:09:57.027,12.91739,12.91979,0.00,0.00
2018.05.20 22:09:57.078,12.91739,12.91929,0.00,0.00
2018.05.20 22:10:00.169,12.91738,12.91929,0.00,0.00
2018.05.20 22:10:00.220,12.91738,12.91978,0.00,0.00
2018.05.20 22:10:00.271,12.91738,12.91929,0.00,0.00
2018.05.20 22:10:01.467,12.91738,12.91928,0.00,0.00
2018.05.20 22:10:01.983,12.91738,12.91929,0.00,0.00
2018.05.20 22:10:02.948,12.91738,12.91978,0.00,0.00
2018.05.20 22:10:04.531,12.91738,12.91979,0.00,0.00
2018.05.20 22:10:04.647,12.91738,12.91929,0.00,0.00
2018.05.20 22:10:04.899,12.91738,12.91989,0.00,0.00
2018.05.20 22:10:04.950,12.91738,12.91979,0.00,0.00
2018.05.20 22:10:05.227,12.91738,12.91999,0.00,0.00
2018.05.20 22:10:06.042,12.91839,12.91999,0.00,0.00
2018.05.20 22:10:06.092,12.91839,12.92019,0.00,0.00
2018.05.20 22:10:06.194,12.91839,12.92029,0.00,0.00
2018.05.20 22:10:09.357,12.91839,12.92028,0.00,0.00
2018.05.20 22:10:09.921,12.91839,12.92029,0.00,0.00
2018.05.20 22:10:15.036,12.91839,12.92028,0.00,0.00
2018.05.20 22:10:16.516,12.91839,12.92029,0.00,0.00
2018.05.20 22:10:18.987,12.91839,12.92028,0.00,0.00
2018.05.20 22:10:19.217,12.91839,12.92079,0.00,0.00
2018.05.20 22:10:19.788,12.91839,12.92078,0.00,0.00
2018.05.20 22:10:19.839,12.91888,12.92078,0.00,0.00
2018.05.20 22:10:20.157,12.91939,12.92079,0.00,0.00
2018.05.20 22:10:21.859,12.91889,12.92079,0.00,0.00
2018.05.20 22:10:22.055,12.91838,12.92079,0.00,0.00
2018.05.20 22:10:22.546,12.91888,12.92078,0.00,0.00
2018.05.20 22:10:23.130,12.91938,12.92079,0.00,0.00
2018.05.20 22:10:23.860,12.91929,12.92079,0.00,0.00
2018.05.20 22:10:25.491,12.91929,12.92119,0.00,0.00
2018.05.20 22:10:25.592,12.91929,12.92128,0.00,0.00
2018.05.20 22:10:26.627,12.91928,12.92129,0.00,0.00
2018.05.20 22:10:27.437,12.91928,12.92128,0.00,0.00
2018.05.20 22:10:27.940,12.91928,12.92129,0.00,0.00
2018.05.20 22:10:28.759,12.91928,12.92128,0.00,0.00
2018.05.20 22:10:30.614,12.91928,12.92129,0.00,0.00
2018.05.20 22:10:31.317,12.91928,12.92128,0.00,0.00
2018.05.20 22:10:31.835,12.91878,12.92129,0.00,0.00
2018.05.20 22:10:31.937,12.91878,12.92028,0.00,0.00
2018.05.20 22:10:31.987,12.91828,12.92028,0.00,0.00
2018.05.20 22:10:36.947,12.91828,12.92029,0.00,0.00
2018.05.20 22:10:39.745,12.91828,12.92028,0.00,0.00
2018.05.20 22:10:40.354,12.91828,12.92029,0.00,0.00
2018.05.20 22:10:45.419,12.91799,12.92029,0.00,0.00
2018.05.20 22:10:53.358,12.91799,12.92028,0.00,0.00
2018.05.20 22:10:54.158,12.91799,12.92029,0.00,0.00
2018.05.20 22:10:54.209,12.91758,12.92029,0.00,0.00
2018.05.20 22:10:54.904,12.91758,12.92028,0.00,0.00
2018.05.20 22:10:59.127,12.91758,12.91929,0.00,0.00
2018.05.20 22:10:59.229,12.91668,12.91928,0.00,0.00
2018.05.20 22:10:59.613,12.91768,12.91928,0.00,0.00
2018.05.20 22:10:59.664,12.91768,12.92019,0.00,0.00
2018.05.20 22:10:59.766,12.91768,12.92029,0.00,0.00
2018.05.20 22:11:01.412,12.91768,12.92028,0.00,0.00
2018.05.20 22:11:02.124,12.91768,12.92029,0.00,0.00
2018.05.20 22:11:02.697,12.91768,12.92078,0.00,0.00
2018.05.20 22:11:02.798,12.91768,12.92029,0.00,0.00
2018.05.20 22:11:03.468,12.91768,12.92028,0.00,0.00
2018.05.20 22:11:03.953,12.91778,12.92028,0.00,0.00
2018.05.20 22:11:11.215,12.91779,12.92028,0.00,0.00
2018.05.20 22:11:16.884,12.91748,12.92028,0.00,0.00
2018.05.20 22:11:16.985,12.91742,12.92028,0.00,0.00
2018.05.20 22:11:17.699,12.91741,12.92029,0.00,0.00
2018.05.20 22:11:17.750,12.91669,12.91988,0.00,0.00
2018.05.20 22:11:17.801,12.91669,12.91928,0.00,0.00
2018.05.20 22:11:17.902,12.91642,12.91928,0.00,0.00
2018.05.20 22:11:18.625,12.91659,12.91928,0.00,0.00
2018.05.20 22:11:19.145,12.91659,12.91929,0.00,0.00
2018.05.20 22:11:22.428,12.91659,12.91928,0.00,0.00
2018.05.20 22:11:23.707,12.91659,12.91929,0.00,0.00
2018.05.20 22:11:24.427,12.91659,12.91928,0.00,0.00
2018.05.20 22:11:26.888,12.91659,12.91929,0.00,0.00
2018.05.20 22:11:29.657,12.91659,12.91928,0.00,0.00
2018.05.20 22:11:33.529,12.91659,12.91929,0.00,0.00
2018.05.20 22:11:34.919,12.91708,12.91929,0.00,0.00
2018.05.20 22:11:34.970,12.91731,12.92019,0.00,0.00
2018.05.20 22:11:35.093,12.91759,12.92028,0.00,0.00
2018.05.20 22:11:35.574,12.91778,12.92029,0.00,0.00
2018.05.20 22:11:36.307,12.91778,12.92028,0.00,0.00
2018.05.20 22:11:38.138,12.91778,12.92029,0.00,0.00
2018.05.20 22:11:38.882,12.91731,12.92029,0.00,0.00
2018.05.20 22:11:39.241,12.91721,12.91989,0.00,0.00
2018.05.20 22:11:39.292,12.91678,12.91999,0.00,0.00
2018.05.20 22:11:41.333,12.91729,12.91999,0.00,0.00
2018.05.20 22:11:41.384,12.91741,12.92029,0.00,0.00
2018.05.20 22:11:41.920,12.91742,12.92028,0.00,0.00
2018.05.20 22:11:42.580,12.91741,12.92029,0.00,0.00
2018.05.20 22:11:43.594,12.91742,12.92028,0.00,0.00
2018.05.20 22:11:50.336,12.91741,12.92029,0.00,0.00
2018.05.20 22:11:51.162,12.91742,12.92028,0.00,0.00
2018.05.20 22:11:52.729,12.91641,12.91929,0.00,0.00
2018.05.20 22:11:53.008,12.91641,12.91919,0.00,0.00
2018.05.20 22:11:53.059,12.91579,12.91919,0.00,0.00
2018.05.20 22:11:55.337,12.91579,12.91918,0.00,0.00
2018.05.20 22:12:00.125,12.91568,12.91832,0.00,0.00
2018.05.20 22:12:00.591,12.91568,12.91882,0.00,0.00
2018.05.20 22:12:00.642,12.91642,12.91882,0.00,0.00
2018.05.20 22:12:01.395,12.91641,12.91882,0.00,0.00
2018.05.20 22:12:10.632,12.91641,12.91929,0.00,0.00
2018.05.20 22:12:10.683,12.91691,12.91941,0.00,0.00
2018.05.20 22:12:10.785,12.91681,12.91941,0.00,0.00
2018.05.20 22:12:12.610,12.91681,12.91979,0.00,0.00
2018.05.20 22:12:12.661,12.91741,12.91991,0.00,0.00
2018.05.20 22:12:13.430,12.91751,12.91991,0.00,0.00
2018.05.20 22:12:13.943,12.91761,12.91991,0.00,0.00
2018.05.20 22:12:16.874,12.91761,12.91982,0.00,0.00
2018.05.20 22:12:17.278,12.91781,12.91982,0.00,0.00
2018.05.20 22:12:17.590,12.91781,12.91992,0.00,0.00
2018.05.20 22:12:21.686,12.91782,12.91992,0.00,0.00
2018.05.20 22:12:22.228,12.91781,12.91992,0.00,0.00
2018.05.20 22:12:22.726,12.91761,12.91992,0.00,0.00
2018.05.20 22:12:27.717,12.91771,12.91992,0.00,0.00
2018.05.20 22:12:44.783,12.91762,12.91992,0.00,0.00
2018.05.20 22:12:46.467,12.91752,12.91992,0.00,0.00
2018.05.20 22:12:52.576,12.91751,12.91992,0.00,0.00
2018.05.20 22:12:53.265,12.91752,12.91992,0.00,0.00
2018.05.20 22:12:54.121,12.91752,12.92028,0.00,0.00
2018.05.20 22:12:54.173,12.91841,12.92042,0.00,0.00
2018.05.20 22:12:54.275,12.91841,12.92092,0.00,0.00
2018.05.20 22:12:54.634,12.91841,12.92111,0.00,0.00
2018.05.20 22:13:05.201,12.91842,12.92111,0.00,0.00
2018.05.20 22:13:09.626,12.91841,12.92111,0.00,0.00
2018.05.20 22:13:19.314,12.91831,12.92111,0.00,0.00
2018.05.20 22:13:26.416,12.91832,12.92111,0.00,0.00
2018.05.20 22:13:27.458,12.91831,12.92111,0.00,0.00
2018.05.20 22:13:28.684,12.91831,12.92112,0.00,0.00
2018.05.20 22:13:30.346,12.91832,12.92112,0.00,0.00
2018.05.20 22:13:30.943,12.91831,12.92112,0.00,0.00
2018.05.20 22:13:58.537,12.91832,12.92112,0.00,0.00
2018.05.20 22:14:00.670,12.91832,12.92128,0.00,0.00
2018.05.20 22:14:01.252,12.91831,12.92129,0.00,0.00
2018.05.20 22:14:02.247,12.91832,12.92128,0.00,0.00
2018.05.20 22:14:05.343,12.91831,12.92129,0.00,0.00
2018.05.20 22:14:06.137,12.91832,12.92128,0.00,0.00
2018.05.20 22:14:11.141,12.91831,12.92129,0.00,0.00
2018.05.20 22:14:21.597,12.91832,12.92128,0.00,0.00
2018.05.20 22:14:26.346,12.91841,12.92129,0.00,0.00
2018.05.20 22:14:39.689,12.91842,12.92128,0.00,0.00
2018.05.20 22:14:45.518,12.91841,12.92129,0.00,0.00
2018.05.20 22:14:57.527,12.91842,12.92128,0.00,0.00
2018.05.20 22:15:05.374,12.91841,12.92129,0.00,0.00
2018.05.20 22:15:12.049,12.91842,12.92128,0.00,0.00
2018.05.20 22:15:21.505,12.91821,12.92129,0.00,0.00
2018.05.20 22:15:22.110,12.91822,12.92128,0.00,0.00
2018.05.20 22:15:27.881,12.91821,12.92129,0.00,0.00
2018.05.20 22:15:35.007,12.91822,12.92128,0.00,0.00
2018.05.20 22:15:38.596,12.91821,12.92129,0.00,0.00
2018.05.20 22:15:41.906,12.91822,12.92128,0.00,0.00
2018.05.20 22:15:42.950,12.91821,12.92129,0.00,0.00
2018.05.20 22:15:56.767,12.91822,12.92128,0.00,0.00
2018.05.20 22:15:57.619,12.91821,12.92129,0.00,0.00
2018.05.20 22:16:09.201,12.91822,12.92128,0.00,0.00
2018.05.20 22:16:29.932,12.91821,12.92129,0.00,0.00
2018.05.20 22:16:38.361,12.91831,12.92129,0.00,0.00
2018.05.20 22:16:38.906,12.91821,12.92129,0.00,0.00
2018.05.20 22:16:44.318,12.91831,12.92129,0.00,0.00
2018.05.20 22:16:46.596,12.91822,12.92128,0.00,0.00
2018.05.20 22:16:54.616,12.91821,12.92129,0.00,0.00
2018.05.20 22:16:55.826,12.91822,12.92128,0.00,0.00
2018.05.20 22:17:05.821,12.91821,12.92129,0.00,0.00
2018.05.20 22:17:12.662,12.91822,12.92128,0.00,0.00
2018.05.20 22:17:20.826,12.91821,12.92129,0.00,0.00
2018.05.20 22:17:21.551,12.91822,12.92128,0.00,0.00
2018.05.20 22:17:25.751,12.91821,12.92129,0.00,0.00
2018.05.20 22:17:32.947,12.91822,12.92128,0.00,0.00
2018.05.20 22:17:44.751,12.91822,12.92102,0.00,0.00
2018.05.20 22:17:45.287,12.91821,12.92102,0.00,0.00
2018.05.20 22:17:55.566,12.91822,12.92102,0.00,0.00
2018.05.20 22:18:01.871,12.91832,12.92112,0.00,0.00
2018.05.20 22:18:01.972,12.91821,12.92112,0.00,0.00
2018.05.20 22:18:03.436,12.91831,12.92112,0.00,0.00
2018.05.20 22:18:04.288,12.91842,12.92112,0.00,0.00
2018.05.20 22:18:04.616,12.91912,12.92141,0.00,0.00
2018.05.20 22:18:04.767,12.91881,12.92141,0.00,0.00
2018.05.20 22:18:04.995,12.91912,12.92141,0.00,0.00
2018.05.20 22:18:05.844,12.91882,12.92128,0.00,0.00
2018.05.20 22:18:08.087,12.91841,12.92129,0.00,0.00
2018.05.20 22:18:17.431,12.91852,12.92128,0.00,0.00
2018.05.20 22:18:23.103,12.91832,12.92128,0.00,0.00
2018.05.20 22:18:23.204,12.91841,12.92129,0.00,0.00
2018.05.20 22:18:23.727,12.91842,12.92128,0.00,0.00
2018.05.20 22:18:27.332,12.91831,12.92129,0.00,0.00
2018.05.20 22:18:27.961,12.91832,12.92128,0.00,0.00
2018.05.20 22:18:28.384,12.91821,12.92129,0.00,0.00
2018.05.20 22:18:33.014,12.91841,12.92129,0.00,0.00
2018.05.20 22:18:52.197,12.91851,12.92129,0.00,0.00
2018.05.20 22:18:53.388,12.91842,12.92128,0.00,0.00
2018.05.20 22:18:56.467,12.91841,12.92129,0.00,0.00
2018.05.20 22:18:57.117,12.91882,12.92138,0.00,0.00
2018.05.20 22:18:57.487,12.91851,12.92139,0.00,0.00
2018.05.20 22:18:57.537,12.91851,12.92129,0.00,0.00
2018.05.20 22:18:57.829,12.91842,12.92128,0.00,0.00
2018.05.20 22:19:01.305,12.91831,12.92129,0.00,0.00
2018.05.20 22:19:10.176,12.91841,12.92129,0.00,0.00
2018.05.20 22:19:15.620,12.91831,12.92129,0.00,0.00
2018.05.20 22:19:17.277,12.91841,12.92129,0.00,0.00
2018.05.20 22:19:19.584,12.91842,12.92128,0.00,0.00
2018.05.20 22:19:21.629,12.91832,12.92128,0.00,0.00
2018.05.20 22:19:21.754,12.91842,12.92128,0.00,0.00
2018.05.20 22:19:23.196,12.91831,12.92129,0.00,0.00
2018.05.20 22:19:25.106,12.91841,12.92129,0.00,0.00
2018.05.20 22:19:29.489,12.91831,12.92129,0.00,0.00
2018.05.20 22:19:30.148,12.91841,12.92129,0.00,0.00
2018.05.20 22:19:30.996,12.91842,12.92128,0.00,0.00
2018.05.20 22:19:31.896,12.91831,12.92129,0.00,0.00
2018.05.20 22:19:32.453,12.91832,12.92128,0.00,0.00
2018.05.20 22:19:34.117,12.91822,12.92128,0.00,0.00
2018.05.20 22:19:34.767,12.91831,12.92129,0.00,0.00
2018.05.20 22:19:35.276,12.91832,12.92128,0.00,0.00
2018.05.20 22:19:36.918,12.91831,12.92129,0.00,0.00
2018.05.20 22:19:37.691,12.91832,12.92128,0.00,0.00
2018.05.20 22:19:38.328,12.91831,12.92129,0.00,0.00
2018.05.20 22:19:51.471,12.91832,12.92128,0.00,0.00
2018.05.20 22:19:51.787,12.91841,12.92129,0.00,0.00
2018.05.20 22:19:53.448,12.91831,12.92129,0.00,0.00
2018.05.20 22:19:55.668,12.91821,12.92129,0.00,0.00
2018.05.20 22:19:58.211,12.91781,12.92039,0.00,0.00
2018.05.20 22:19:58.437,12.91781,12.92049,0.00,0.00
2018.05.20 22:19:58.488,12.91781,12.92039,0.00,0.00
2018.05.20 22:19:59.686,12.91782,12.92038,0.00,0.00
2018.05.20 22:20:00.469,12.91781,12.92039,0.00,0.00
2018.05.20 22:20:00.809,12.91781,12.92029,0.00,0.00
2018.05.20 22:20:09.714,12.91792,12.92028,0.00,0.00
2018.05.20 22:20:10.376,12.91791,12.92029,0.00,0.00
2018.05.20 22:20:12.223,12.91781,12.92029,0.00,0.00
2018.05.20 22:20:14.340,12.91811,12.92109,0.00,0.00
2018.05.20 22:20:14.390,12.91821,12.92109,0.00,0.00
2018.05.20 22:20:14.441,12.91822,12.92128,0.00,0.00
2018.05.20 22:20:15.004,12.91821,12.92129,0.00,0.00
2018.05.20 22:20:15.664,12.91822,12.92128,0.00,0.00
2018.05.20 22:20:16.369,12.91821,12.92129,0.00,0.00
2018.05.20 22:20:18.088,12.91822,12.92128,0.00,0.00
2018.05.20 22:20:18.910,12.91831,12.92129,0.00,0.00
2018.05.20 22:20:21.079,12.91841,12.92129,0.00,0.00
2018.05.20 22:20:21.180,12.91831,12.92129,0.00,0.00
2018.05.20 22:20:22.863,12.91842,12.92128,0.00,0.00
2018.05.20 22:20:23.619,12.91841,12.92129,0.00,0.00
2018.05.20 22:20:24.122,12.91911,12.92152,0.00,0.00
2018.05.20 22:20:24.173,12.91851,12.92129,0.00,0.00
2018.05.20 22:20:24.224,12.91841,12.92129,0.00,0.00
2018.05.20 22:20:24.837,12.91821,12.92129,0.00,0.00
2018.05.20 22:20:28.451,12.91822,12.92128,0.00,0.00
2018.05.20 22:20:30.272,12.91821,12.92109,0.00,0.00
2018.05.20 22:20:33.469,12.91831,12.92109,0.00,0.00
2018.05.20 22:20:33.807,12.91911,12.92149,0.00,0.00
2018.05.20 22:20:34.184,12.91881,12.92119,0.00,0.00
2018.05.20 22:20:34.893,12.91852,12.92118,0.00,0.00
2018.05.20 22:20:38.396,12.91882,12.92118,0.00,0.00
2018.05.20 22:20:39.397,12.91841,12.92119,0.00,0.00
2018.05.20 22:20:42.747,12.91831,12.92119,0.00,0.00
2018.05.20 22:20:43.957,12.91821,12.92119,0.00,0.00
2018.05.20 22:20:44.443,12.91822,12.92098,0.00,0.00
2018.05.20 22:20:45.108,12.91821,12.92099,0.00,0.00
2018.05.20 22:20:45.616,12.91822,12.92098,0.00,0.00
2018.05.20 22:20:46.586,12.91821,12.92099,0.00,0.00
2018.05.20 22:20:47.037,12.91811,12.92099,0.00,0.00
2018.05.20 22:20:47.088,12.91811,12.92079,0.00,0.00
2018.05.20 22:20:53.939,12.91822,12.92098,0.00,0.00
2018.05.20 22:20:54.497,12.91821,12.92099,0.00,0.00
2018.05.20 22:20:57.363,12.91832,12.92118,0.00,0.00
2018.05.20 22:20:58.157,12.91821,12.92119,0.00,0.00
2018.05.20 22:20:58.964,12.91822,12.92118,0.00,0.00
2018.05.20 22:21:01.918,12.91821,12.92119,0.00,0.00
2018.05.20 22:21:08.120,12.91822,12.92118,0.00,0.00
2018.05.20 22:21:08.868,12.91821,12.92119,0.00,0.00
2018.05.20 22:21:15.056,12.91822,12.92118,0.00,0.00
2018.05.20 22:21:27.176,12.91821,12.92119,0.00,0.00
2018.05.20 22:21:32.447,12.91861,12.92119,0.00,0.00
2018.05.20 22:21:53.062,12.91811,12.92109,0.00,0.00
2018.05.20 22:21:53.113,12.91812,12.92018,0.00,0.00
2018.05.20 22:21:53.268,12.91781,12.92029,0.00,0.00
2018.05.20 22:21:58.264,12.91761,12.92019,0.00,0.00
2018.05.20 22:22:02.362,12.91812,12.92018,0.00,0.00
2018.05.20 22:22:02.836,12.91762,12.92018,0.00,0.00
2018.05.20 22:22:09.626,12.91851,12.92019,0.00,0.00
2018.05.20 22:22:09.677,12.91862,12.92088,0.00,0.00
2018.05.20 22:22:09.778,12.91862,12.92118,0.00,0.00
2018.05.20 22:22:10.343,12.91861,12.92119,0.00,0.00
2018.05.20 22:22:11.106,12.91862,12.92118,0.00,0.00
2018.05.20 22:22:15.080,12.91861,12.92119,0.00,0.00
2018.05.20 22:23:06.259,12.91861,12.92129,0.00,0.00
2018.05.20 22:23:09.278,12.91862,12.92128,0.00,0.00
2018.05.20 22:23:11.360,12.91861,12.92129,0.00,0.00
2018.05.20 22:23:47.069,12.91761,12.92029,0.00,0.00
2018.05.20 22:23:47.423,12.91822,12.92038,0.00,0.00
2018.05.20 22:23:48.421,12.91762,12.92028,0.00,0.00
2018.05.20 22:23:49.074,12.91761,12.92029,0.00,0.00
2018.05.20 22:23:49.966,12.91861,12.92089,0.00,0.00
2018.05.20 22:23:50.067,12.91861,12.92119,0.00,0.00
2018.05.20 22:23:51.026,12.91862,12.92118,0.00,0.00
2018.05.20 22:23:54.293,12.91861,12.92119,0.00,0.00
2018.05.20 22:23:58.853,12.91862,12.92118,0.00,0.00
2018.05.20 22:24:11.731,12.91861,12.92119,0.00,0.00
2018.05.20 22:24:24.526,12.91921,12.92179,0.00,0.00
2018.05.20 22:24:25.063,12.91962,12.92178,0.00,0.00
2018.05.20 22:24:26.972,12.91951,12.92179,0.00,0.00
2018.05.20 22:24:27.091,12.91951,12.92169,0.00,0.00
2018.05.20 22:24:28.146,12.91868,12.92148,0.00,0.00
2018.05.20 22:24:28.247,12.91861,12.92119,0.00,0.00
2018.05.20 22:24:28.691,12.91871,12.92119,0.00,0.00
2018.05.20 22:24:30.221,12.91951,12.92119,0.00,0.00
2018.05.20 22:24:30.272,12.91952,12.92178,0.00,0.00
2018.05.20 22:24:30.322,12.91961,12.92179,0.00,0.00
2018.05.20 22:24:33.187,12.91951,12.92179,0.00,0.00
2018.05.20 22:24:33.238,12.91862,12.92138,0.00,0.00
2018.05.20 22:24:33.289,12.91861,12.92129,0.00,0.00
2018.05.20 22:24:33.592,12.91861,12.92119,0.00,0.00
2018.05.20 22:24:34.423,12.91778,12.92172,0.00,0.00
2018.05.20 22:24:35.062,12.91861,12.92119,0.00,0.00
2018.05.20 22:24:37.299,12.91922,12.92138,0.00,0.00
2018.05.20 22:24:37.502,12.91922,12.92158,0.00,0.00
2018.05.20 22:24:38.697,12.91862,12.92128,0.00,0.00
2018.05.20 22:24:39.307,12.91861,12.92129,0.00,0.00
2018.05.20 22:24:48.938,12.91862,12.92128,0.00,0.00
2018.05.20 22:24:50.053,12.91861,12.92129,0.00,0.00
2018.05.20 22:24:54.208,12.91862,12.92128,0.00,0.00
2018.05.20 22:25:06.617,12.91861,12.92129,0.00,0.00
2018.05.20 22:25:15.964,12.91862,12.92128,0.00,0.00
2018.05.20 22:25:16.916,12.91861,12.92129,0.00,0.00
2018.05.20 22:25:23.395,12.91921,12.92159,0.00,0.00
2018.05.20 22:25:23.496,12.91861,12.92119,0.00,0.00
2018.05.20 22:25:27.196,12.91922,12.92118,0.00,0.00
2018.05.20 22:25:27.247,12.91921,12.92159,0.00,0.00
2018.05.20 22:25:27.297,12.91921,12.92119,0.00,0.00
2018.05.20 22:25:27.348,12.91861,12.92119,0.00,0.00
2018.05.20 22:25:32.107,12.91922,12.92118,0.00,0.00
2018.05.20 22:25:32.158,12.91921,12.92159,0.00,0.00
2018.05.20 22:25:32.209,12.91921,12.92119,0.00,0.00
2018.05.20 22:25:32.260,12.91861,12.92119,0.00,0.00
2018.05.20 22:25:51.407,12.91862,12.92118,0.00,0.00
2018.05.20 22:25:52.019,12.91861,12.92119,0.00,0.00
2018.05.20 22:26:00.227,12.91862,12.92118,0.00,0.00
2018.05.20 22:26:12.977,12.91861,12.92119,0.00,0.00
2018.05.20 22:26:14.656,12.91911,12.92119,0.00,0.00
2018.05.20 22:26:14.707,12.91912,12.92128,0.00,0.00
2018.05.20 22:26:14.758,12.91911,12.92119,0.00,0.00
2018.05.20 22:26:14.860,12.91861,12.92129,0.00,0.00
2018.05.20 22:26:21.019,12.91871,12.92129,0.00,0.00
2018.05.20 22:26:25.790,12.91871,12.92119,0.00,0.00
2018.05.20 22:26:33.501,12.91872,12.92118,0.00,0.00
2018.05.20 22:26:40.808,12.91882,12.92118,0.00,0.00
2018.05.20 22:26:40.858,12.91881,12.92129,0.00,0.00
2018.05.20 22:26:46.826,12.91861,12.92129,0.00,0.00
2018.05.20 22:26:46.877,12.91862,12.92118,0.00,0.00
2018.05.20 22:26:53.180,12.91872,12.92118,0.00,0.00
2018.05.20 22:26:56.106,12.91861,12.92119,0.00,0.00
2018.05.20 22:26:57.230,12.91912,12.92138,0.00,0.00
2018.05.20 22:26:57.332,12.91861,12.92129,0.00,0.00
2018.05.20 22:26:57.434,12.91861,12.92119,0.00,0.00
2018.05.20 22:27:13.023,12.91862,12.92118,0.00,0.00
2018.05.20 22:27:13.662,12.91879,12.92118,0.00,0.00
2018.05.20 22:27:13.844,12.91961,12.92219,0.00,0.00
2018.05.20 22:28:03.583,12.91952,12.92208,0.00,0.00
2018.05.20 22:28:03.917,12.91962,12.92218,0.00,0.00
2018.05.20 22:28:15.654,12.91861,12.92119,0.00,0.00
2018.05.20 22:28:16.469,12.91862,12.92118,0.00,0.00
2018.05.20 22:28:17.520,12.91861,12.92119,0.00,0.00
2018.05.20 22:28:51.076,12.91862,12.92118,0.00,0.00
2018.05.20 22:28:51.374,12.91852,12.92088,0.00,0.00
2018.05.20 22:28:51.425,12.91851,12.92109,0.00,0.00
2018.05.20 22:28:51.626,12.91851,12.92101,0.00,0.00
2018.05.20 22:28:51.677,12.91821,12.92089,0.00,0.00
2018.05.20 22:28:53.488,12.91762,12.92018,0.00,0.00
2018.05.20 22:28:56.186,12.91761,12.92019,0.00,0.00
2018.05.20 22:28:57.133,12.91821,12.92079,0.00,0.00
2018.05.20 22:28:58.112,12.91762,12.92038,0.00,0.00
2018.05.20 22:28:58.186,12.91762,12.92018,0.00,0.00
2018.05.20 22:29:00.674,12.91851,12.92079,0.00,0.00
2018.05.20 22:29:00.725,12.91831,12.92079,0.00,0.00
2018.05.20 22:29:00.776,12.91851,12.92099,0.00,0.00
2018.05.20 22:29:00.826,12.91852,12.92118,0.00,0.00
2018.05.20 22:29:00.877,12.91861,12.92119,0.00,0.00
2018.05.20 22:29:03.137,12.91862,12.92118,0.00,0.00
2018.05.20 22:29:06.901,12.91861,12.92119,0.00,0.00
2018.05.20 22:29:07.129,12.91862,12.92178,0.00,0.00
2018.05.20 22:29:07.230,12.91862,12.92188,0.00,0.00
2018.05.20 22:29:07.281,12.91861,12.92202,0.00,0.00
2018.05.20 22:29:11.155,12.91941,12.92202,0.00,0.00
2018.05.20 22:29:12.364,12.91861,12.92139,0.00,0.00
2018.05.20 22:29:12.466,12.91861,12.92179,0.00,0.00
2018.05.20 22:29:20.856,12.91878,12.92179,0.00,0.00
2018.05.20 22:29:21.236,12.91962,12.92218,0.00,0.00
2018.05.20 22:29:22.883,12.91861,12.92119,0.00,0.00
2018.05.20 22:29:23.548,12.91862,12.92118,0.00,0.00
2018.05.20 22:29:29.053,12.91861,12.92129,0.00,0.00
2018.05.20 22:29:30.482,12.91861,12.92119,0.00,0.00
2018.05.20 22:29:45.795,12.91852,12.92108,0.00,0.00
2018.05.20 22:29:45.897,12.91761,12.92019,0.00,0.00
2018.05.20 22:30:00.420,12.91661,12.91919,0.00,0.00
2018.05.20 22:30:01.241,12.91662,12.91918,0.00,0.00
2018.05.20 22:30:04.589,12.91662,12.91908,0.00,0.00
2018.05.20 22:30:05.193,12.91661,12.91899,0.00,0.00
2018.05.20 22:30:06.228,12.91661,12.91909,0.00,0.00
2018.05.20 22:30:06.842,12.91662,12.91908,0.00,0.00
2018.05.20 22:30:31.333,12.91652,12.91818,0.00,0.00
2018.05.20 22:30:31.384,12.91651,12.91849,0.00,0.00
2018.05.20 22:30:31.435,12.91562,12.91818,0.00,0.00
2018.05.20 22:30:53.491,12.91651,12.91889,0.00,0.00
2018.05.20 22:30:53.642,12.91661,12.91919,0.00,0.00
2018.05.20 22:30:58.258,12.91662,12.91918,0.00,0.00
2018.05.20 22:31:01.970,12.91651,12.91919,0.00,0.00
2018.05.20 22:31:02.071,12.91662,12.91918,0.00,0.00
2018.05.20 22:31:06.916,12.91662,12.91911,0.00,0.00
2018.05.20 22:31:07.316,12.91571,12.91819,0.00,0.00
2018.05.20 22:31:14.537,12.91562,12.91818,0.00,0.00
2018.05.20 22:31:27.741,12.91561,12.91819,0.00,0.00
2018.05.20 22:31:29.067,12.91461,12.91719,0.00,0.00
2018.05.20 22:31:36.136,12.91462,12.91718,0.00,0.00
2018.05.20 22:31:37.846,12.91461,12.91719,0.00,0.00
2018.05.20 22:31:37.937,12.91388,12.91679,0.00,0.00
2018.05.20 22:31:37.988,12.91361,12.91619,0.00,0.00
2018.05.20 22:31:48.596,12.91362,12.91618,0.00,0.00
2018.05.20 22:31:52.337,12.91361,12.91619,0.00,0.00
2018.05.20 22:31:53.971,12.91462,12.91688,0.00,0.00
2018.05.20 22:31:54.087,12.91462,12.91718,0.00,0.00
2018.05.20 22:31:54.793,12.91451,12.91719,0.00,0.00
2018.05.20 22:31:59.308,12.91452,12.91718,0.00,0.00
2018.05.20 22:31:59.919,12.91451,12.91719,0.00,0.00
2018.05.20 22:32:00.134,12.91461,12.91719,0.00,0.00
2018.05.20 22:32:03.260,12.91361,12.91691,0.00,0.00
2018.05.20 22:32:04.166,12.91451,12.91659,0.00,0.00
2018.05.20 22:32:04.216,12.91421,12.91669,0.00,0.00
2018.05.20 22:32:04.267,12.91361,12.91619,0.00,0.00
2018.05.20 22:32:05.185,12.91361,12.91629,0.00,0.00
2018.05.20 22:32:06.152,12.91362,12.91628,0.00,0.00
2018.05.20 22:32:06.253,12.91361,12.91619,0.00,0.00
2018.05.20 22:32:06.558,12.91451,12.91709,0.00,0.00
2018.05.20 22:32:07.272,12.91361,12.91619,0.00,0.00
2018.05.20 22:32:09.529,12.91362,12.91618,0.00,0.00
2018.05.20 22:32:10.568,12.91361,12.91619,0.00,0.00
2018.05.20 22:32:17.711,12.91351,12.91599,0.00,0.00
2018.05.20 22:32:17.762,12.91351,12.91619,0.00,0.00
2018.05.20 22:32:17.896,12.91362,12.91618,0.00,0.00
2018.05.20 22:32:18.445,12.91361,12.91619,0.00,0.00
2018.05.20 22:32:22.569,12.91391,12.91619,0.00,0.00
2018.05.20 22:32:22.620,12.91391,12.91629,0.00,0.00
2018.05.20 22:32:22.721,12.91361,12.91619,0.00,0.00
2018.05.20 22:32:41.763,12.91362,12.91618,0.00,0.00
2018.05.20 22:32:50.976,12.91361,12.91619,0.00,0.00
2018.05.20 22:32:53.329,12.91351,12.91619,0.00,0.00
2018.05.20 22:32:53.380,12.91361,12.91619,0.00,0.00
2018.05.20 22:32:56.956,12.91351,12.91619,0.00,0.00
2018.05.20 22:32:59.848,12.91361,12.91619,0.00,0.00
2018.05.20 22:33:02.557,12.91351,12.91619,0.00,0.00
2018.05.20 22:33:03.728,12.91362,12.91618,0.00,0.00
2018.05.20 22:33:09.936,12.91361,12.91619,0.00,0.00
2018.05.20 22:33:10.468,12.91362,12.91618,0.00,0.00
2018.05.20 22:33:14.737,12.91351,12.91609,0.00,0.00
2018.05.20 22:33:14.788,12.91269,12.91539,0.00,0.00
2018.05.20 22:33:14.839,12.91321,12.91589,0.00,0.00
2018.05.20 22:33:15.421,12.91321,12.91579,0.00,0.00
2018.05.20 22:33:16.406,12.91352,12.91618,0.00,0.00
2018.05.20 22:33:18.386,12.91352,12.91608,0.00,0.00
2018.05.20 22:33:20.881,12.91321,12.91582,0.00,0.00
2018.05.20 22:33:20.948,12.91322,12.91578,0.00,0.00
2018.05.20 22:33:21.274,12.91262,12.91518,0.00,0.00
2018.05.20 22:33:22.047,12.91261,12.91519,0.00,0.00
2018.05.20 22:33:24.851,12.91262,12.91518,0.00,0.00
2018.05.20 22:33:25.377,12.91261,12.91519,0.00,0.00
2018.05.20 22:33:54.210,12.91262,12.91518,0.00,0.00
2018.05.20 22:33:54.753,12.91261,12.91519,0.00,0.00
2018.05.20 22:34:02.838,12.91261,12.91502,0.00,0.00
2018.05.20 22:34:02.889,12.91161,12.91419,0.00,0.00
2018.05.20 22:34:07.879,12.91162,12.91418,0.00,0.00
2018.05.20 22:34:09.999,12.91161,12.91419,0.00,0.00
2018.05.20 22:34:10.657,12.91162,12.91418,0.00,0.00
2018.05.20 22:34:11.646,12.91161,12.91419,0.00,0.00
2018.05.20 22:34:24.456,12.91162,12.91418,0.00,0.00
2018.05.20 22:34:30.388,12.91161,12.91419,0.00,0.00
2018.05.20 22:34:38.117,12.91162,12.91418,0.00,0.00
2018.05.20 22:34:38.725,12.91161,12.91419,0.00,0.00
2018.05.20 22:34:39.435,12.91162,12.91418,0.00,0.00
2018.05.20 22:34:42.497,12.91161,12.91419,0.00,0.00
2018.05.20 22:35:05.057,12.91231,12.91469,0.00,0.00
2018.05.20 22:35:05.208,12.91161,12.91419,0.00,0.00
2018.05.20 22:35:06.751,12.91261,12.91489,0.00,0.00
2018.05.20 22:35:06.852,12.91262,12.91518,0.00,0.00
2018.05.20 22:35:08.914,12.91261,12.91519,0.00,0.00
2018.05.20 22:35:12.976,12.91262,12.91518,0.00,0.00
2018.05.20 22:35:14.057,12.91261,12.91519,0.00,0.00
2018.05.20 22:35:25.048,12.91291,12.91529,0.00,0.00
2018.05.20 22:35:27.719,12.91261,12.91519,0.00,0.00
2018.05.20 22:35:34.379,12.91262,12.91518,0.00,0.00
2018.05.20 22:35:35.789,12.91261,12.91519,0.00,0.00
2018.05.20 22:35:37.110,12.91262,12.91518,0.00,0.00
2018.05.20 22:35:38.786,12.91261,12.91519,0.00,0.00
2018.05.20 22:35:45.636,12.91262,12.91518,0.00,0.00
2018.05.20 22:36:01.327,12.91261,12.91519,0.00,0.00
2018.05.20 22:36:11.303,12.91262,12.91518,0.00,0.00
2018.05.20 22:36:11.996,12.91261,12.91519,0.00,0.00
2018.05.20 22:36:14.963,12.91322,12.91518,0.00,0.00
2018.05.20 22:36:15.085,12.91261,12.91519,0.00,0.00
2018.05.20 22:36:16.334,12.91262,12.91518,0.00,0.00
2018.05.20 22:36:27.277,12.91261,12.91519,0.00,0.00
2018.05.20 22:36:31.397,12.91262,12.91518,0.00,0.00
2018.05.20 22:36:34.509,12.91261,12.91519,0.00,0.00
2018.05.20 22:36:34.567,12.91178,12.91472,0.00,0.00
2018.05.20 22:36:34.618,12.91162,12.91418,0.00,0.00
2018.05.20 22:36:38.998,12.91161,12.91419,0.00,0.00
2018.05.20 22:36:39.664,12.91018,12.91238,0.00,0.00
2018.05.20 22:36:39.714,12.91051,12.91322,0.00,0.00
2018.05.20 22:36:39.765,12.91051,12.91292,0.00,0.00
2018.05.20 22:36:39.816,12.91021,12.91279,0.00,0.00
2018.05.20 22:36:39.918,12.90978,12.91272,0.00,0.00
2018.05.20 22:36:39.969,12.90972,12.91252,0.00,0.00
2018.05.20 22:36:40.285,12.90972,12.91242,0.00,0.00
2018.05.20 22:36:40.336,12.90962,12.91242,0.00,0.00
2018.05.20 22:36:42.399,12.91022,12.91242,0.00,0.00
2018.05.20 22:36:42.449,12.90961,12.91242,0.00,0.00
2018.05.20 22:36:44.651,12.90978,12.91272,0.00,0.00
2018.05.20 22:36:44.706,12.91051,12.91302,0.00,0.00
2018.05.20 22:36:44.807,12.91061,12.91342,0.00,0.00
2018.05.20 22:36:44.979,12.91061,12.91352,0.00,0.00
2018.05.20 22:36:45.404,12.91061,12.91372,0.00,0.00
2018.05.20 22:36:52.527,12.91062,12.91372,0.00,0.00
2018.05.20 22:36:58.288,12.91061,12.91372,0.00,0.00
2018.05.20 22:36:58.341,12.91061,12.91352,0.00,0.00
2018.05.20 22:36:59.706,12.91062,12.91352,0.00,0.00
2018.05.20 22:36:59.820,12.91062,12.91372,0.00,0.00
2018.05.20 22:36:59.921,12.91062,12.91381,0.00,0.00
2018.05.20 22:37:00.270,12.91061,12.91371,0.00,0.00
2018.05.20 22:37:00.881,12.91062,12.91352,0.00,0.00
2018.05.20 22:37:01.534,12.91061,12.91352,0.00,0.00
2018.05.20 22:37:01.585,12.91062,12.91372,0.00,0.00
2018.05.20 22:37:02.249,12.91061,12.91372,0.00,0.00
2018.05.20 22:37:04.286,12.91062,12.91372,0.00,0.00
2018.05.20 22:37:07.238,12.91061,12.91372,0.00,0.00
2018.05.20 22:37:07.723,12.91062,12.91362,0.00,0.00
2018.05.20 22:37:12.483,12.91061,12.91362,0.00,0.00
2018.05.20 22:37:16.335,12.91061,12.91372,0.00,0.00
2018.05.20 22:37:16.668,12.91061,12.91352,0.00,0.00
2018.05.20 22:37:34.088,12.91062,12.91352,0.00,0.00
2018.05.20 22:37:34.969,12.91062,12.91351,0.00,0.00
2018.05.20 22:37:35.543,12.91061,12.91351,0.00,0.00
2018.05.20 22:37:54.970,12.91061,12.91352,0.00,0.00
2018.05.20 22:38:12.297,12.90951,12.91221,0.00,0.00
2018.05.20 22:38:12.943,12.90961,12.91221,0.00,0.00
2018.05.20 22:38:13.819,12.90861,12.91141,0.00,0.00
2018.05.20 22:38:13.870,12.90862,12.91152,0.00,0.00
2018.05.20 22:38:14.591,12.90861,12.91152,0.00,0.00
2018.05.20 22:38:19.842,12.90912,12.91152,0.00,0.00
2018.05.20 22:38:19.893,12.90862,12.91142,0.00,0.00
2018.05.20 22:38:19.944,12.90932,12.91172,0.00,0.00
2018.05.20 22:38:19.995,12.90932,12.91182,0.00,0.00
2018.05.20 22:38:20.114,12.90862,12.91182,0.00,0.00
2018.05.20 22:38:21.311,12.90861,12.91151,0.00,0.00
2018.05.20 22:38:30.392,12.90862,12.91151,0.00,0.00
2018.05.20 22:38:31.096,12.90861,12.91151,0.00,0.00
2018.05.20 22:38:31.756,12.90862,12.91151,0.00,0.00
2018.05.20 22:38:35.838,12.90862,12.91142,0.00,0.00
2018.05.20 22:38:37.439,12.90861,12.91142,0.00,0.00
2018.05.20 22:38:40.872,12.90861,12.91132,0.00,0.00
2018.05.20 22:38:43.604,12.90851,12.91062,0.00,0.00
2018.05.20 22:38:43.655,12.90861,12.91131,0.00,0.00
2018.05.20 22:38:44.324,12.90861,12.91132,0.00,0.00
2018.05.20 22:38:55.463,12.90861,12.91142,0.00,0.00
2018.05.20 22:38:56.201,12.90861,12.91141,0.00,0.00
2018.05.20 22:38:57.098,12.90952,12.91202,0.00,0.00
2018.05.20 22:38:57.199,12.90962,12.91221,0.00,0.00
2018.05.20 22:39:23.637,12.90891,12.91171,0.00,0.00
2018.05.20 22:39:23.745,12.90882,12.91171,0.00,0.00
2018.05.20 22:39:24.610,12.90871,12.91171,0.00,0.00
2018.05.20 22:39:24.711,12.90961,12.91201,0.00,0.00
2018.05.20 22:39:28.908,12.90961,12.91221,0.00,0.00
2018.05.20 22:39:47.831,12.90961,12.91222,0.00,0.00
2018.05.20 22:40:23.984,12.90961,12.91221,0.00,0.00
2018.05.20 22:40:34.941,12.90962,12.91221,0.00,0.00
2018.05.20 22:41:21.170,12.90961,12.91221,0.00,0.00
2018.05.20 22:41:23.984,12.90961,12.91222,0.00,0.00
2018.05.20 22:41:57.887,12.90962,12.91222,0.00,0.00
2018.05.20 22:42:08.147,12.90961,12.91222,0.00,0.00
2018.05.20 22:42:21.556,12.90961,12.91221,0.00,0.00
2018.05.20 22:42:23.177,12.90962,12.91221,0.00,0.00
2018.05.20 22:42:25.556,12.90961,12.91221,0.00,0.00
2018.05.20 22:42:35.784,12.91061,12.91312,0.00,0.00
2018.05.20 22:42:35.886,12.91061,12.91332,0.00,0.00
2018.05.20 22:42:37.727,12.91062,12.91332,0.00,0.00
2018.05.20 22:42:40.258,12.91062,12.91342,0.00,0.00
2018.05.20 22:42:40.941,12.91061,12.91342,0.00,0.00
2018.05.20 22:42:59.709,12.91062,12.91342,0.00,0.00
2018.05.20 22:43:00.136,12.91061,12.91321,0.00,0.00
2018.05.20 22:43:00.842,12.91062,12.91321,0.00,0.00
2018.05.20 22:43:05.757,12.91061,12.91321,0.00,0.00
2018.05.20 22:43:16.237,12.91062,12.91321,0.00,0.00
2018.05.20 22:43:20.997,12.91061,12.91342,0.00,0.00
2018.05.20 22:43:29.982,12.91131,12.91351,0.00,0.00
2018.05.20 22:43:30.032,12.91072,12.91342,0.00,0.00
2018.05.20 22:43:30.591,12.91072,12.91341,0.00,0.00
2018.05.20 22:43:30.764,12.91061,12.91341,0.00,0.00
2018.05.20 22:43:31.475,12.91062,12.91341,0.00,0.00
2018.05.20 22:43:38.348,12.91061,12.91341,0.00,0.00
2018.05.20 22:43:38.959,12.91062,12.91341,0.00,0.00
2018.05.20 22:43:48.049,12.91061,12.91341,0.00,0.00
2018.05.20 22:43:48.673,12.91091,12.91341,0.00,0.00
2018.05.20 22:43:52.991,12.91061,12.91341,0.00,0.00
2018.05.20 22:43:59.419,12.91152,12.91392,0.00,0.00
2018.05.20 22:43:59.470,12.91151,12.91401,0.00,0.00
2018.05.20 22:43:59.533,12.91161,12.91409,0.00,0.00
2018.05.20 22:44:00.304,12.91061,12.91351,0.00,0.00
2018.05.20 22:44:00.411,12.91061,12.91331,0.00,0.00
2018.05.20 22:44:01.024,12.91062,12.91331,0.00,0.00
2018.05.20 22:44:02.060,12.91061,12.91312,0.00,0.00
2018.05.20 22:44:07.273,12.91051,12.91312,0.00,0.00
2018.05.20 22:44:07.374,12.90962,12.91251,0.00,0.00
2018.05.20 22:44:07.670,12.90971,12.91242,0.00,0.00
2018.05.20 22:44:08.280,12.90982,12.91242,0.00,0.00
2018.05.20 22:44:10.588,12.90961,12.91242,0.00,0.00
2018.05.20 22:44:12.952,12.91041,12.91261,0.00,0.00
2018.05.20 22:44:13.053,12.91001,12.91241,0.00,0.00
2018.05.20 22:44:15.077,12.91002,12.91241,0.00,0.00
2018.05.20 22:44:15.613,12.91002,12.91262,0.00,0.00
2018.05.20 22:44:16.686,12.91002,12.91261,0.00,0.00
2018.05.20 22:44:21.534,12.90992,12.91258,0.00,0.00
2018.05.20 22:44:22.143,12.90991,12.91259,0.00,0.00
2018.05.20 22:44:24.207,12.90992,12.91258,0.00,0.00
2018.05.20 22:44:28.147,12.90982,12.91258,0.00,0.00
2018.05.20 22:44:28.817,12.90982,12.91242,0.00,0.00
2018.05.20 22:44:28.914,12.90981,12.91251,0.00,0.00
2018.05.20 22:44:29.126,12.90981,12.91241,0.00,0.00
2018.05.20 22:44:29.460,12.90982,12.91252,0.00,0.00
2018.05.20 22:44:30.054,12.90981,12.91242,0.00,0.00
2018.05.20 22:44:30.301,12.90981,12.91252,0.00,0.00
2018.05.20 22:44:30.693,12.90982,12.91242,0.00,0.00
2018.05.20 22:44:31.389,12.90981,12.91242,0.00,0.00
2018.05.20 22:44:33.140,12.90972,12.91242,0.00,0.00
2018.05.20 22:44:33.191,12.90972,12.91252,0.00,0.00
2018.05.20 22:44:34.764,12.90992,12.91252,0.00,0.00
2018.05.20 22:44:34.851,12.90981,12.91252,0.00,0.00
2018.05.20 22:44:35.373,12.90982,12.91252,0.00,0.00
2018.05.20 22:44:36.353,12.90982,12.91241,0.00,0.00
2018.05.20 22:44:37.025,12.90981,12.91241,0.00,0.00
2018.05.20 22:44:37.519,12.90981,12.91251,0.00,0.00
2018.05.20 22:44:37.570,12.90991,12.91252,0.00,0.00
2018.05.20 22:44:37.931,12.90981,12.91251,0.00,0.00
2018.05.20 22:44:38.394,12.90992,12.91251,0.00,0.00
2018.05.20 22:44:41.359,12.90982,12.91251,0.00,0.00
2018.05.20 22:44:41.598,12.90992,12.91251,0.00,0.00
2018.05.20 22:44:41.799,12.91011,12.91271,0.00,0.00
2018.05.20 22:44:45.658,12.91012,12.91271,0.00,0.00
2018.05.20 22:44:46.266,12.91011,12.91271,0.00,0.00
2018.05.20 22:44:47.532,12.91011,12.91302,0.00,0.00
2018.05.20 22:44:52.757,12.91052,12.91321,0.00,0.00
2018.05.20 22:44:53.035,12.91052,12.91332,0.00,0.00
2018.05.20 22:44:53.086,12.91061,12.91332,0.00,0.00
2018.05.20 22:44:53.457,12.91071,12.91332,0.00,0.00
2018.05.20 22:44:55.614,12.90871,12.91122,0.00,0.00
2018.05.20 22:44:55.665,12.90882,12.91202,0.00,0.00
2018.05.20 22:44:55.716,12.90921,12.91202,0.00,0.00
2018.05.20 22:44:56.197,12.90911,12.91201,0.00,0.00
2018.05.20 22:45:00.188,12.90911,12.91211,0.00,0.00
2018.05.20 22:45:00.796,12.90912,12.91211,0.00,0.00
2018.05.20 22:45:01.407,12.90911,12.91211,0.00,0.00
2018.05.20 22:45:01.989,12.90911,12.91212,0.00,0.00
2018.05.20 22:45:02.040,12.90952,12.91231,0.00,0.00
2018.05.20 22:45:02.777,12.90951,12.91231,0.00,0.00
2018.05.20 22:45:03.208,12.90951,12.91242,0.00,0.00
2018.05.20 22:45:03.401,12.90911,12.91202,0.00,0.00
2018.05.20 22:45:03.772,12.90911,12.91199,0.00,0.00
2018.05.20 22:45:09.709,12.90911,12.91171,0.00,0.00
2018.05.20 22:45:09.760,12.90851,12.91152,0.00,0.00
2018.05.20 22:45:09.821,12.90861,12.91152,0.00,0.00
2018.05.20 22:45:13.773,12.90861,12.91102,0.00,0.00
2018.05.20 22:45:13.824,12.90851,12.91109,0.00,0.00
2018.05.20 22:45:13.926,12.90851,12.91142,0.00,0.00
2018.05.20 22:45:14.505,12.90811,12.91082,0.00,0.00
2018.05.20 22:45:15.138,12.90812,12.91082,0.00,0.00
2018.05.20 22:45:15.692,12.90801,12.91062,0.00,0.00
2018.05.20 22:45:16.287,12.90791,12.91062,0.00,0.00
2018.05.20 22:45:18.441,12.90791,12.91042,0.00,0.00
2018.05.20 22:45:18.492,12.90801,12.91072,0.00,0.00
2018.05.20 22:45:18.594,12.90811,12.91072,0.00,0.00
2018.05.20 22:45:18.994,12.90841,12.91081,0.00,0.00
2018.05.20 22:45:20.696,12.90852,12.91118,0.00,0.00
2018.05.20 22:45:20.797,12.90821,12.91109,0.00,0.00
2018.05.20 22:45:21.692,12.90812,12.91071,0.00,0.00
2018.05.20 22:45:22.299,12.90811,12.91071,0.00,0.00
2018.05.20 22:45:23.157,12.90811,12.91052,0.00,0.00
2018.05.20 22:45:23.208,12.90801,12.91052,0.00,0.00
2018.05.20 22:45:23.362,12.90782,12.91051,0.00,0.00
2018.05.20 22:45:26.103,12.90782,12.91042,0.00,0.00
2018.05.20 22:45:26.154,12.90762,12.91042,0.00,0.00
2018.05.20 22:45:29.377,12.90761,12.91042,0.00,0.00
2018.05.20 22:45:32.605,12.90771,12.91042,0.00,0.00
2018.05.20 22:45:32.656,12.90771,12.91052,0.00,0.00
2018.05.20 22:45:34.032,12.90771,12.91042,0.00,0.00
2018.05.20 22:45:34.534,12.90801,12.91051,0.00,0.00
2018.05.20 22:45:35.148,12.90792,12.91051,0.00,0.00
2018.05.20 22:45:35.259,12.90781,12.91051,0.00,0.00
2018.05.20 22:45:37.113,12.90781,12.91042,0.00,0.00
2018.05.20 22:45:37.164,12.90771,12.91042,0.00,0.00
2018.05.20 22:45:40.004,12.90781,12.91042,0.00,0.00
2018.05.20 22:45:40.357,12.90761,12.91042,0.00,0.00
2018.05.20 22:45:41.530,12.90762,12.91042,0.00,0.00
2018.05.20 22:45:42.662,12.90762,12.91012,0.00,0.00
2018.05.20 22:45:42.713,12.90702,12.91012,0.00,0.00
2018.05.20 22:45:42.764,12.90721,12.91002,0.00,0.00
2018.05.20 22:45:42.814,12.90732,12.91022,0.00,0.00
2018.05.20 22:45:44.364,12.90732,12.91041,0.00,0.00
2018.05.20 22:45:44.415,12.90721,12.91041,0.00,0.00
2018.05.20 22:45:46.007,12.90721,12.91022,0.00,0.00
2018.05.20 22:45:46.404,12.90712,12.91008,0.00,0.00
2018.05.20 22:45:46.748,12.90751,12.91032,0.00,0.00
2018.05.20 22:45:46.814,12.90751,12.91052,0.00,0.00
2018.05.20 22:45:46.864,12.90722,12.91002,0.00,0.00
2018.05.20 22:45:46.915,12.90722,12.91008,0.00,0.00
2018.05.20 22:45:51.207,12.90711,12.91012,0.00,0.00
2018.05.20 22:45:53.557,12.90711,12.91002,0.00,0.00
2018.05.20 22:45:55.093,12.90711,12.91032,0.00,0.00
2018.05.20 22:45:55.144,12.90711,12.91022,0.00,0.00
2018.05.20 22:46:01.577,12.90761,12.91052,0.00,0.00
2018.05.20 22:46:02.028,12.90751,12.91052,0.00,0.00
2018.05.20 22:46:02.079,12.90761,12.91052,0.00,0.00
2018.05.20 22:46:02.553,12.90752,12.91052,0.00,0.00
2018.05.20 22:46:04.367,12.90751,12.91052,0.00,0.00
2018.05.20 22:46:04.850,12.90751,12.91042,0.00,0.00
2018.05.20 22:46:05.098,12.90702,12.90998,0.00,0.00
2018.05.20 22:46:05.362,12.90702,12.90992,0.00,0.00
2018.05.20 22:46:05.937,12.90691,12.90962,0.00,0.00
2018.05.20 22:46:08.678,12.90691,12.90952,0.00,0.00
2018.05.20 22:46:08.728,12.90661,12.90952,0.00,0.00
2018.05.20 22:46:09.717,12.90661,12.90942,0.00,0.00
2018.05.20 22:46:12.057,12.90662,12.90942,0.00,0.00
2018.05.20 22:46:12.879,12.90661,12.90942,0.00,0.00
2018.05.20 22:46:13.642,12.90662,12.90942,0.00,0.00
2018.05.20 22:46:14.851,12.90671,12.90942,0.00,0.00
2018.05.20 22:46:16.360,12.90661,12.90942,0.00,0.00
2018.05.20 22:46:18.117,12.90662,12.90942,0.00,0.00
2018.05.20 22:46:28.115,12.90662,12.90941,0.00,0.00
2018.05.20 22:46:30.467,12.90661,12.90941,0.00,0.00
2018.05.20 22:46:32.160,12.90591,12.90852,0.00,0.00
2018.05.20 22:46:32.665,12.90601,12.90861,0.00,0.00
2018.05.20 22:46:32.987,12.90631,12.90922,0.00,0.00
2018.05.20 22:46:33.038,12.90662,12.90932,0.00,0.00
2018.05.20 22:46:34.379,12.90651,12.90932,0.00,0.00
2018.05.20 22:46:34.430,12.90651,12.90919,0.00,0.00
2018.05.20 22:46:34.861,12.90651,12.90891,0.00,0.00
2018.05.20 22:46:34.912,12.90612,12.90868,0.00,0.00
2018.05.20 22:46:34.963,12.90611,12.90882,0.00,0.00
2018.05.20 22:46:40.640,12.90611,12.90872,0.00,0.00
2018.05.20 22:46:40.980,12.90591,12.90852,0.00,0.00
2018.05.20 22:46:42.794,12.90582,12.90842,0.00,0.00
2018.05.20 22:46:45.978,12.90582,12.90852,0.00,0.00
2018.05.20 22:46:49.065,12.90572,12.90852,0.00,0.00
2018.05.20 22:46:53.149,12.90572,12.90842,0.00,0.00
2018.05.20 22:46:53.638,12.90582,12.90842,0.00,0.00
2018.05.20 22:46:54.447,12.90592,12.90842,0.00,0.00
2018.05.20 22:46:55.369,12.90581,12.90842,0.00,0.00
2018.05.20 22:46:57.467,12.90561,12.90842,0.00,0.00
2018.05.20 22:47:00.287,12.90581,12.90842,0.00,0.00
2018.05.20 22:47:02.292,12.90561,12.90842,0.00,0.00
2018.05.20 22:47:02.507,12.90581,12.90842,0.00,0.00
2018.05.20 22:47:03.267,12.90581,12.90841,0.00,0.00
2018.05.20 22:47:06.620,12.90571,12.90841,0.00,0.00
2018.05.20 22:47:06.982,12.90581,12.90841,0.00,0.00
2018.05.20 22:47:07.561,12.90582,12.90841,0.00,0.00
2018.05.20 22:47:08.008,12.90592,12.90842,0.00,0.00
2018.05.20 22:47:08.716,12.90661,12.90901,0.00,0.00
2018.05.20 22:47:08.837,12.90661,12.90941,0.00,0.00
2018.05.20 22:47:10.251,12.90662,12.90941,0.00,0.00
2018.05.20 22:47:33.757,12.90661,12.90941,0.00,0.00
2018.05.20 22:47:35.943,12.90651,12.90941,0.00,0.00
2018.05.20 22:47:36.660,12.90652,12.90941,0.00,0.00
2018.05.20 22:47:36.988,12.90651,12.90929,0.00,0.00
2018.05.20 22:47:37.039,12.90652,12.90931,0.00,0.00
2018.05.20 22:47:37.652,12.90651,12.90931,0.00,0.00
2018.05.20 22:47:39.080,12.90661,12.90931,0.00,0.00
2018.05.20 22:47:40.487,12.90642,12.90928,0.00,0.00
2018.05.20 22:47:40.538,12.90641,12.90902,0.00,0.00
2018.05.20 22:47:40.589,12.90641,12.90929,0.00,0.00
2018.05.20 22:47:40.640,12.90642,12.90932,0.00,0.00
2018.05.20 22:47:40.958,12.90612,12.90882,0.00,0.00
2018.05.20 22:47:41.283,12.90622,12.90871,0.00,0.00
2018.05.20 22:47:45.099,12.90622,12.90882,0.00,0.00
2018.05.20 22:47:45.150,12.90651,12.90902,0.00,0.00
2018.05.20 22:47:45.574,12.90661,12.90902,0.00,0.00
2018.05.20 22:47:47.490,12.90661,12.90932,0.00,0.00
2018.05.20 22:47:48.709,12.90661,12.90941,0.00,0.00
2018.05.20 22:47:48.760,12.90652,12.90922,0.00,0.00
2018.05.20 22:47:48.811,12.90652,12.90928,0.00,0.00
2018.05.20 22:47:48.912,12.90661,12.90942,0.00,0.00
2018.05.20 22:47:51.817,12.90651,12.90942,0.00,0.00
2018.05.20 22:47:53.381,12.90651,12.90911,0.00,0.00
2018.05.20 22:47:54.041,12.90651,12.90891,0.00,0.00
2018.05.20 22:47:54.091,12.90622,12.90871,0.00,0.00
2018.05.20 22:47:54.193,12.90592,12.90861,0.00,0.00
2018.05.20 22:47:56.196,12.90601,12.90861,0.00,0.00
2018.05.20 22:47:56.347,12.90621,12.90892,0.00,0.00
2018.05.20 22:48:02.873,12.90612,12.90868,0.00,0.00
2018.05.20 22:48:02.975,12.90591,12.90852,0.00,0.00
2018.05.20 22:48:05.131,12.90582,12.90852,0.00,0.00
2018.05.20 22:48:07.087,12.90581,12.90852,0.00,0.00
2018.05.20 22:48:07.138,12.90651,12.90852,0.00,0.00
2018.05.20 22:48:07.189,12.90652,12.90902,0.00,0.00
2018.05.20 22:48:07.249,12.90661,12.90902,0.00,0.00
2018.05.20 22:48:07.351,12.90661,12.90921,0.00,0.00
2018.05.20 22:48:07.930,12.90661,12.90952,0.00,0.00
2018.05.20 22:48:08.028,12.90661,12.90942,0.00,0.00
2018.05.20 22:48:08.768,12.90662,12.90942,0.00,0.00
2018.05.20 22:48:14.548,12.90661,12.90942,0.00,0.00
2018.05.20 22:48:15.097,12.90662,12.90942,0.00,0.00
2018.05.20 22:48:24.197,12.90661,12.90942,0.00,0.00
2018.05.20 22:48:28.668,12.90652,12.90928,0.00,0.00
2018.05.20 22:48:28.769,12.90652,12.90932,0.00,0.00
2018.05.20 22:48:30.688,12.90661,12.90942,0.00,0.00
2018.05.20 22:48:33.577,12.90662,12.90942,0.00,0.00
2018.05.20 22:48:41.928,12.90752,12.90978,0.00,0.00
2018.05.20 22:48:42.533,12.90761,12.90979,0.00,0.00
2018.05.20 22:48:48.855,12.90741,12.90979,0.00,0.00
2018.05.20 22:48:51.056,12.90752,12.90978,0.00,0.00
2018.05.20 22:48:55.647,12.90761,12.90979,0.00,0.00
2018.05.20 22:48:57.917,12.90752,12.90978,0.00,0.00
2018.05.20 22:48:59.030,12.90762,12.90978,0.00,0.00
2018.05.20 22:48:59.080,12.90762,12.91,0.00,0.00
2018.05.20 22:49:11.620,12.90752,12.91,0.00,0.00
2018.05.20 22:49:12.288,12.90751,12.91,0.00,0.00
2018.05.20 22:49:24.117,12.90762,12.91,0.00,0.00
2018.05.20 22:49:24.324,12.90669,12.90989,0.00,0.00
2018.05.20 22:49:24.375,12.90669,12.90998,0.00,0.00
2018.05.20 22:49:24.426,12.90661,12.91,0.00,0.00
2018.05.20 22:49:28.009,12.90661,12.90992,0.00,0.00
2018.05.20 22:49:28.640,12.90658,12.90992,0.00,0.00
2018.05.20 22:49:28.691,12.90651,12.90951,0.00,0.00
2018.05.20 22:49:28.742,12.90598,12.90921,0.00,0.00
2018.05.20 22:49:28.794,12.90571,12.90921,0.00,0.00
2018.05.20 22:49:28.845,12.90572,12.90868,0.00,0.00
2018.05.20 22:49:29.454,12.90571,12.90869,0.00,0.00
2018.05.20 22:49:31.968,12.90561,12.90869,0.00,0.00
2018.05.20 22:49:32.069,12.90562,12.90902,0.00,0.00
2018.05.20 22:49:32.119,12.90561,12.90869,0.00,0.00
2018.05.20 22:49:32.257,12.90561,12.90889,0.00,0.00
2018.05.20 22:49:36.037,12.90562,12.90902,0.00,0.00
2018.05.20 22:49:37.157,12.90561,12.90902,0.00,0.00
2018.05.20 22:49:37.468,12.90612,12.90902,0.00,0.00
2018.05.20 22:49:37.519,12.90611,12.90912,0.00,0.00
2018.05.20 22:49:37.957,12.90598,12.90912,0.00,0.00
2018.05.20 22:49:38.008,12.90568,12.90912,0.00,0.00
2018.05.20 22:49:41.902,12.90561,12.90912,0.00,0.00
2018.05.20 22:49:44.172,12.90599,12.90912,0.00,0.00
2018.05.20 22:49:44.640,12.90651,12.90932,0.00,0.00
2018.05.20 22:49:48.947,12.90662,12.90952,0.00,0.00
2018.05.20 22:49:48.998,12.90661,12.90931,0.00,0.00
2018.05.20 22:49:51.487,12.90662,12.90931,0.00,0.00
2018.05.20 22:49:51.728,12.90662,12.90952,0.00,0.00
2018.05.20 22:49:57.914,12.90662,12.90962,0.00,0.00
2018.05.20 22:50:16.099,12.90661,12.90962,0.00,0.00
2018.05.20 22:50:16.662,12.90661,12.90961,0.00,0.00
2018.05.20 22:50:21.334,12.90661,12.90952,0.00,0.00
2018.05.20 22:50:40.812,12.90661,12.90912,0.00,0.00
2018.05.20 22:50:40.865,12.90572,12.90878,0.00,0.00
2018.05.20 22:50:40.967,12.90572,12.90852,0.00,0.00
2018.05.20 22:50:41.180,12.90572,12.90861,0.00,0.00
2018.05.20 22:50:41.231,12.90601,12.90861,0.00,0.00
2018.05.20 22:50:41.903,12.90601,12.90852,0.00,0.00
2018.05.20 22:50:41.954,12.90561,12.90851,0.00,0.00
2018.05.20 22:50:52.249,12.90562,12.90851,0.00,0.00
2018.05.20 22:50:56.120,12.90598,12.90878,0.00,0.00
2018.05.20 22:50:56.271,12.90561,12.90862,0.00,0.00
2018.05.20 22:51:04.347,12.90562,12.90862,0.00,0.00
2018.05.20 22:51:07.328,12.90561,12.90862,0.00,0.00
2018.05.20 22:51:16.227,12.90561,12.90861,0.00,0.00
2018.05.20 22:51:23.120,12.90642,12.90878,0.00,0.00
2018.05.20 22:51:23.221,12.90562,12.90861,0.00,0.00
2018.05.20 22:51:23.812,12.90561,12.90861,0.00,0.00
2018.05.20 22:51:25.880,12.90632,12.90878,0.00,0.00
2018.05.20 22:51:25.931,12.90562,12.90871,0.00,0.00
2018.05.20 22:51:26.498,12.90631,12.90872,0.00,0.00
2018.05.20 22:51:26.650,12.90561,12.90862,0.00,0.00
2018.05.20 22:51:27.208,12.90562,12.90862,0.00,0.00
2018.05.20 22:51:27.725,12.90561,12.90862,0.00,0.00
2018.05.20 22:51:50.637,12.90562,12.90862,0.00,0.00
2018.05.20 22:51:52.405,12.90561,12.90862,0.00,0.00
2018.05.20 22:51:56.312,12.90561,12.90851,0.00,0.00
2018.05.20 22:51:57.112,12.90562,12.90851,0.00,0.00
2018.05.20 22:51:59.202,12.90562,12.90852,0.00,0.00
2018.05.20 22:52:06.130,12.90561,12.90852,0.00,0.00
2018.05.20 22:52:19.202,12.90561,12.90851,0.00,0.00
2018.05.20 22:52:21.987,12.90562,12.90851,0.00,0.00
2018.05.20 22:52:22.038,12.90562,12.90861,0.00,0.00
2018.05.20 22:52:25.843,12.90562,12.90852,0.00,0.00
2018.05.20 22:52:44.958,12.90561,12.90852,0.00,0.00
2018.05.20 22:53:45.846,12.90561,12.90851,0.00,0.00
2018.05.20 22:54:04.337,12.90562,12.90851,0.00,0.00
2018.05.20 22:54:05.885,12.90562,12.90852,0.00,0.00
2018.05.20 22:54:17.847,12.90561,12.90852,0.00,0.00
2018.05.20 22:54:25.844,12.90561,12.90851,0.00,0.00
2018.05.20 22:54:32.437,12.90562,12.90851,0.00,0.00
2018.05.20 22:54:34.145,12.90568,12.90862,0.00,0.00
2018.05.20 22:54:34.407,12.90561,12.90852,0.00,0.00
2018.05.20 22:54:45.828,12.90562,12.90852,0.00,0.00
2018.05.20 22:54:54.362,12.90562,12.90851,0.00,0.00
2018.05.20 22:54:56.337,12.90561,12.90851,0.00,0.00
2018.05.20 22:55:00.678,12.90562,12.90851,0.00,0.00
2018.05.20 22:55:04.384,12.90561,12.90851,0.00,0.00
2018.05.20 22:55:05.042,12.90562,12.90851,0.00,0.00
2018.05.20 22:55:05.927,12.90561,12.90851,0.00,0.00
2018.05.20 22:55:08.098,12.90562,12.90851,0.00,0.00
2018.05.20 22:55:14.139,12.90561,12.90851,0.00,0.00
2018.05.20 22:55:15.557,12.90562,12.90851,0.00,0.00
2018.05.20 22:55:16.279,12.90561,12.90851,0.00,0.00
2018.05.20 22:55:18.129,12.90562,12.90851,0.00,0.00
2018.05.20 22:55:19.346,12.90561,12.90851,0.00,0.00
2018.05.20 22:55:34.363,12.90561,12.90852,0.00,0.00
2018.05.20 22:55:51.796,12.90562,12.90852,0.00,0.00
2018.05.20 22:55:52.567,12.90561,12.90852,0.00,0.00
2018.05.20 22:56:06.537,12.90562,12.90852,0.00,0.00
2018.05.20 22:56:16.531,12.90588,12.90882,0.00,0.00
2018.05.20 22:56:16.582,12.90632,12.90882,0.00,0.00
2018.05.20 22:56:16.632,12.90562,12.90871,0.00,0.00
2018.05.20 22:56:16.731,12.90579,12.90891,0.00,0.00
2018.05.20 22:56:16.782,12.90641,12.90889,0.00,0.00
2018.05.20 22:56:16.886,12.90562,12.90872,0.00,0.00
2018.05.20 22:56:17.891,12.90569,12.90891,0.00,0.00
2018.05.20 22:56:17.941,12.90631,12.90882,0.00,0.00
2018.05.20 22:56:18.007,12.90578,12.90882,0.00,0.00
2018.05.20 22:56:18.108,12.90561,12.90871,0.00,0.00
2018.05.20 22:56:25.336,12.90631,12.90871,0.00,0.00
2018.05.20 22:56:25.437,12.90562,12.90871,0.00,0.00
2018.05.20 22:56:26.032,12.90561,12.90871,0.00,0.00
2018.05.20 22:56:30.702,12.90562,12.90871,0.00,0.00
2018.05.20 22:56:30.753,12.90562,12.90862,0.00,0.00
2018.05.20 22:56:33.268,12.90561,12.90862,0.00,0.00
2018.05.20 22:56:34.058,12.90561,12.90871,0.00,0.00
2018.05.20 22:56:34.738,12.90632,12.90871,0.00,0.00
2018.05.20 22:56:34.789,12.90631,12.90881,0.00,0.00
2018.05.20 22:56:34.890,12.90561,12.90881,0.00,0.00
2018.05.20 22:56:35.044,12.90561,12.90862,0.00,0.00
2018.05.20 22:56:36.446,12.90591,12.90862,0.00,0.00
2018.05.20 22:56:36.497,12.90561,12.90862,0.00,0.00
2018.05.20 22:56:38.869,12.90562,12.90862,0.00,0.00
2018.05.20 22:56:48.457,12.90561,12.90862,0.00,0.00
2018.05.20 22:56:48.567,12.90561,12.90872,0.00,0.00
2018.05.20 22:56:50.378,12.90632,12.90872,0.00,0.00
2018.05.20 22:56:50.429,12.90631,12.90889,0.00,0.00
2018.05.20 22:56:50.480,12.90631,12.90892,0.00,0.00
2018.05.20 22:56:50.531,12.90562,12.90872,0.00,0.00
2018.05.20 22:56:50.980,12.90562,12.90862,0.00,0.00
2018.05.20 22:56:51.578,12.90561,12.90862,0.00,0.00
2018.05.20 22:56:54.107,12.90561,12.90872,0.00,0.00
2018.05.20 22:56:56.668,12.90642,12.90872,0.00,0.00
2018.05.20 22:56:56.788,12.90561,12.90872,0.00,0.00
2018.05.20 22:57:02.412,12.90561,12.90862,0.00,0.00
2018.05.20 22:57:05.328,12.90562,12.90862,0.00,0.00
2018.05.20 22:57:06.102,12.90561,12.90862,0.00,0.00
2018.05.20 22:57:08.526,12.90562,12.90862,0.00,0.00
2018.05.20 22:57:18.557,12.90561,12.90862,0.00,0.00
2018.05.20 22:57:25.305,12.90561,12.90861,0.00,0.00
2018.05.20 22:57:45.305,12.90561,12.90862,0.00,0.00
2018.05.20 22:57:48.210,12.90591,12.90862,0.00,0.00
2018.05.20 22:57:48.261,12.90591,12.90872,0.00,0.00
2018.05.20 22:57:48.312,12.90591,12.90902,0.00,0.00
2018.05.20 22:57:48.413,12.90562,12.90902,0.00,0.00
2018.05.20 22:57:55.029,12.90561,12.90899,0.00,0.00
2018.05.20 22:57:55.371,12.90561,12.90861,0.00,0.00
2018.05.20 22:57:55.662,12.90561,12.90899,0.00,0.00
2018.05.20 22:57:57.071,12.90562,12.90898,0.00,0.00
2018.05.20 22:58:01.271,12.90561,12.90899,0.00,0.00
2018.05.20 22:58:02.360,12.90562,12.90898,0.00,0.00
2018.05.20 22:58:13.037,12.90561,12.90899,0.00,0.00
2018.05.20 22:58:41.278,12.90561,12.90889,0.00,0.00
2018.05.20 22:58:42.046,12.90561,12.90899,0.00,0.00
2018.05.20 22:58:52.047,12.90562,12.90898,0.00,0.00
2018.05.20 22:58:52.098,12.90562,12.90891,0.00,0.00
2018.05.20 22:58:58.217,12.90561,12.90891,0.00,0.00
2018.05.20 22:58:58.787,12.90562,12.90891,0.00,0.00
2018.05.20 22:59:01.357,12.90561,12.90891,0.00,0.00
2018.05.20 22:59:02.173,12.90562,12.90888,0.00,0.00
2018.05.20 22:59:02.273,12.90561,12.90891,0.00,0.00
2018.05.20 22:59:02.324,12.90561,12.90889,0.00,0.00
2018.05.20 22:59:20.088,12.90561,12.90891,0.00,0.00
2018.05.20 22:59:43.057,12.90561,12.90899,0.00,0.00
2018.05.20 22:59:43.109,12.90592,12.90898,0.00,0.00
2018.05.20 22:59:43.265,12.90561,12.90899,0.00,0.00
