2018.05.29 01:00:00.092,13.00028,13.00289,0.00,0.00
2018.05.29 01:00:00.154,13.00038,13.00289,0.00,0.00
2018.05.29 01:00:00.461,13.00129,13.00289,0.00,0.00
2018.05.29 01:00:00.512,13.00049,13.00289,0.00,0.00
2018.05.29 01:00:01.028,13.00029,13.00289,0.00,0.00
2018.05.29 01:00:01.201,13.00029,13.00302,0.00,0.00
2018.05.29 01:00:01.304,13.00029,13.00312,0.00,0.00
2018.05.29 01:00:02.377,13.00028,13.00311,0.00,0.00
2018.05.29 01:00:02.428,13.00019,13.00301,0.00,0.00
2018.05.29 01:00:02.907,13.00028,13.00298,0.00,0.00
2018.05.29 01:00:03.238,13.00028,13.00309,0.00,0.00
2018.05.29 01:00:03.289,13.00019,13.00309,0.00,0.00
2018.05.29 01:00:03.343,13.00012,13.00212,0.00,0.00
2018.05.29 01:00:03.394,13.00012,13.00228,0.00,0.00
2018.05.29 01:00:03.444,13.00012,13.00222,0.00,0.00
2018.05.29 01:00:03.495,12.99939,13.00219,0.00,0.00
2018.05.29 01:00:03.854,12.99939,13.00222,0.00,0.00
2018.05.29 01:00:03.905,12.99982,13.00222,0.00,0.00
2018.05.29 01:00:03.956,12.99988,13.00239,0.00,0.00
2018.05.29 01:00:04.047,12.99988,13.00162,0.00,0.00
2018.05.29 01:00:04.098,12.99911,13.00139,0.00,0.00
2018.05.29 01:00:04.199,12.99858,13.00121,0.00,0.00
2018.05.29 01:00:04.312,12.99879,13.00131,0.00,0.00
2018.05.29 01:00:04.615,12.99918,13.00162,0.00,0.00
2018.05.29 01:00:04.666,12.99882,13.00132,0.00,0.00
2018.05.29 01:00:04.792,12.99848,13.00121,0.00,0.00
2018.05.29 01:00:04.852,12.99879,13.00121,0.00,0.00
2018.05.29 01:00:04.953,12.99841,13.00122,0.00,0.00
2018.05.29 01:00:05.382,12.99839,13.00121,0.00,0.00
2018.05.29 01:00:05.560,12.99928,13.00139,0.00,0.00
2018.05.29 01:00:05.773,12.99942,13.00212,0.00,0.00
2018.05.29 01:00:05.824,12.99999,13.00239,0.00,0.00
2018.05.29 01:00:05.875,12.99949,13.00231,0.00,0.00
2018.05.29 01:00:05.976,12.99969,13.00231,0.00,0.00
2018.05.29 01:00:06.319,12.99969,13.00161,0.00,0.00
2018.05.29 01:00:06.370,12.99918,13.00161,0.00,0.00
2018.05.29 01:00:06.550,12.99918,13.00172,0.00,0.00
2018.05.29 01:00:07.273,12.99918,13.00189,0.00,0.00
2018.05.29 01:00:07.323,12.99978,13.00221,0.00,0.00
2018.05.29 01:00:07.556,12.99942,13.00212,0.00,0.00
2018.05.29 01:00:07.607,12.99969,13.00222,0.00,0.00
2018.05.29 01:00:08.058,12.99949,13.00222,0.00,0.00
2018.05.29 01:00:08.427,12.99978,13.00222,0.00,0.00
2018.05.29 01:00:08.705,12.99948,13.00222,0.00,0.00
2018.05.29 01:00:08.969,12.99962,13.00222,0.00,0.00
2018.05.29 01:00:09.020,12.99948,13.00222,0.00,0.00
2018.05.29 01:00:09.072,12.99918,13.00211,0.00,0.00
2018.05.29 01:00:09.122,12.99948,13.00211,0.00,0.00
2018.05.29 01:00:09.173,12.99948,13.00222,0.00,0.00
2018.05.29 01:00:09.274,12.99968,13.00222,0.00,0.00
2018.05.29 01:00:09.983,12.99948,13.00222,0.00,0.00
2018.05.29 01:00:10.096,12.99978,13.00231,0.00,0.00
2018.05.29 01:00:10.395,12.99978,13.00242,0.00,0.00
2018.05.29 01:00:10.446,12.99999,13.00242,0.00,0.00
2018.05.29 01:00:10.497,12.99948,13.00229,0.00,0.00
2018.05.29 01:00:10.692,12.99979,13.00229,0.00,0.00
2018.05.29 01:00:10.743,12.99979,13.00232,0.00,0.00
2018.05.29 01:00:10.979,12.99979,13.00228,0.00,0.00
2018.05.29 01:00:11.030,12.99948,13.00232,0.00,0.00
2018.05.29 01:00:11.094,12.99968,13.00232,0.00,0.00
2018.05.29 01:00:11.439,12.99998,13.00242,0.00,0.00
2018.05.29 01:00:11.490,12.99972,13.00242,0.00,0.00
2018.05.29 01:00:11.591,12.99999,13.00242,0.00,0.00
2018.05.29 01:00:12.239,12.99999,13.00252,0.00,0.00
2018.05.29 01:00:13.456,12.99968,13.00251,0.00,0.00
2018.05.29 01:00:14.034,12.99971,13.00251,0.00,0.00
2018.05.29 01:00:14.380,12.99958,13.00239,0.00,0.00
2018.05.29 01:00:15.093,12.99978,13.00239,0.00,0.00
2018.05.29 01:00:15.503,12.99998,13.00252,0.00,0.00
2018.05.29 01:00:15.646,12.99981,13.00252,0.00,0.00
2018.05.29 01:00:15.698,12.99978,13.00242,0.00,0.00
2018.05.29 01:00:16.584,12.99982,13.00242,0.00,0.00
2018.05.29 01:00:16.784,12.99979,13.00252,0.00,0.00
2018.05.29 01:00:17.559,12.99979,13.00242,0.00,0.00
2018.05.29 01:00:17.873,12.99999,13.00242,0.00,0.00
2018.05.29 01:00:18.006,12.99978,13.00242,0.00,0.00
2018.05.29 01:00:18.581,12.99978,13.00251,0.00,0.00
2018.05.29 01:00:18.632,12.99988,13.00241,0.00,0.00
2018.05.29 01:00:18.808,12.99968,13.00242,0.00,0.00
2018.05.29 01:00:18.859,12.99971,13.00241,0.00,0.00
2018.05.29 01:00:18.910,12.99948,13.00232,0.00,0.00
2018.05.29 01:00:18.960,12.99978,13.00251,0.00,0.00
2018.05.29 01:00:19.116,12.99978,13.00261,0.00,0.00
2018.05.29 01:00:19.167,12.99981,13.00268,0.00,0.00
2018.05.29 01:00:19.380,12.99948,13.00229,0.00,0.00
2018.05.29 01:00:19.624,12.99948,13.00232,0.00,0.00
2018.05.29 01:00:19.675,12.99979,13.00238,0.00,0.00
2018.05.29 01:00:20.212,12.99978,13.00238,0.00,0.00
2018.05.29 01:00:20.615,12.99978,13.00229,0.00,0.00
2018.05.29 01:00:20.666,12.99949,13.00221,0.00,0.00
2018.05.29 01:00:20.768,12.99908,13.00181,0.00,0.00
2018.05.29 01:00:20.819,12.99908,13.00179,0.00,0.00
2018.05.29 01:00:21.141,12.99908,13.00172,0.00,0.00
2018.05.29 01:00:21.655,12.99988,13.00251,0.00,0.00
2018.05.29 01:00:21.974,12.99938,13.00229,0.00,0.00
2018.05.29 01:00:22.025,12.99932,13.00192,0.00,0.00
2018.05.29 01:00:22.075,12.99929,13.00192,0.00,0.00
2018.05.29 01:00:22.153,12.99921,13.00192,0.00,0.00
2018.05.29 01:00:22.204,12.99888,13.00192,0.00,0.00
2018.05.29 01:00:23.232,12.99902,13.00192,0.00,0.00
2018.05.29 01:00:23.599,12.99928,13.00169,0.00,0.00
2018.05.29 01:00:23.650,12.99911,13.00182,0.00,0.00
2018.05.29 01:00:25.767,12.99898,13.00171,0.00,0.00
2018.05.29 01:00:26.604,12.99909,13.00202,0.00,0.00
2018.05.29 01:00:26.957,12.99909,13.00191,0.00,0.00
2018.05.29 01:00:27.339,12.99939,13.00191,0.00,0.00
2018.05.29 01:00:27.441,12.99939,13.00211,0.00,0.00
2018.05.29 01:00:27.492,12.99971,13.00241,0.00,0.00
2018.05.29 01:00:27.816,12.99981,13.00221,0.00,0.00
2018.05.29 01:00:27.869,12.99941,13.00221,0.00,0.00
2018.05.29 01:00:29.093,12.99968,13.00231,0.00,0.00
2018.05.29 01:00:29.166,12.99971,13.00252,0.00,0.00
2018.05.29 01:00:29.217,12.99982,13.00252,0.00,0.00
2018.05.29 01:00:29.554,12.99972,13.00228,0.00,0.00
2018.05.29 01:00:29.604,12.99909,13.00211,0.00,0.00
2018.05.29 01:00:29.655,12.99888,13.00121,0.00,0.00
2018.05.29 01:00:29.706,12.99888,13.00151,0.00,0.00
2018.05.29 01:00:29.757,12.99881,13.00142,0.00,0.00
2018.05.29 01:00:30.497,12.99881,13.00141,0.00,0.00
2018.05.29 01:00:31.200,12.99882,13.00141,0.00,0.00
2018.05.29 01:00:31.733,12.99882,13.00162,0.00,0.00
2018.05.29 01:00:31.910,12.99941,13.00211,0.00,0.00
2018.05.29 01:00:32.011,12.99908,13.00181,0.00,0.00
2018.05.29 01:00:32.162,12.99888,13.00179,0.00,0.00
2018.05.29 01:00:32.319,12.99888,13.00172,0.00,0.00
2018.05.29 01:00:32.570,12.99881,13.00171,0.00,0.00
2018.05.29 01:00:33.986,12.99882,13.00171,0.00,0.00
2018.05.29 01:00:34.500,12.99881,13.00171,0.00,0.00
2018.05.29 01:00:35.005,12.99882,13.00171,0.00,0.00
2018.05.29 01:00:35.613,12.99882,13.00161,0.00,0.00
2018.05.29 01:00:36.493,12.99881,13.00161,0.00,0.00
2018.05.29 01:00:37.023,12.99882,13.00161,0.00,0.00
2018.05.29 01:00:40.393,12.99881,13.00161,0.00,0.00
2018.05.29 01:00:40.775,12.99881,13.00151,0.00,0.00
2018.05.29 01:00:43.377,12.99882,13.00151,0.00,0.00
2018.05.29 01:00:43.869,12.99871,13.00151,0.00,0.00
2018.05.29 01:00:44.304,12.99882,13.00151,0.00,0.00
2018.05.29 01:00:44.564,12.99872,13.00151,0.00,0.00
2018.05.29 01:00:44.614,12.99872,13.00122,0.00,0.00
2018.05.29 01:00:45.119,12.99839,13.00122,0.00,0.00
2018.05.29 01:00:46.700,12.99841,13.00122,0.00,0.00
2018.05.29 01:00:47.357,12.99841,13.00099,0.00,0.00
2018.05.29 01:00:47.459,12.99881,13.00142,0.00,0.00
2018.05.29 01:00:47.613,12.99882,13.00161,0.00,0.00
2018.05.29 01:00:47.960,12.99882,13.00122,0.00,0.00
2018.05.29 01:00:48.011,12.99871,13.00122,0.00,0.00
2018.05.29 01:00:48.062,12.99841,13.00122,0.00,0.00
2018.05.29 01:00:48.547,12.99841,13.00091,0.00,0.00
2018.05.29 01:00:48.648,12.99841,13.00122,0.00,0.00
2018.05.29 01:00:48.901,12.99841,13.00089,0.00,0.00
2018.05.29 01:00:48.952,12.99841,13.00091,0.00,0.00
2018.05.29 01:00:49.104,12.99872,13.00091,0.00,0.00
2018.05.29 01:00:49.154,12.99872,13.00142,0.00,0.00
2018.05.29 01:00:49.205,12.99871,13.00121,0.00,0.00
2018.05.29 01:00:49.325,12.99789,13.00078,0.00,0.00
2018.05.29 01:00:49.376,12.99799,13.00081,0.00,0.00
2018.05.29 01:00:49.690,12.99849,13.00081,0.00,0.00
2018.05.29 01:00:49.741,12.99798,13.00081,0.00,0.00
2018.05.29 01:00:49.848,12.99798,13.00072,0.00,0.00
2018.05.29 01:00:49.899,12.99781,13.00082,0.00,0.00
2018.05.29 01:00:50.000,12.99849,13.00082,0.00,0.00
2018.05.29 01:00:50.255,12.99798,13.00082,0.00,0.00
2018.05.29 01:00:50.306,12.99798,13.00072,0.00,0.00
2018.05.29 01:00:50.407,12.99782,13.00058,0.00,0.00
2018.05.29 01:00:50.563,12.99781,13.00072,0.00,0.00
2018.05.29 01:00:50.681,12.99781,13.00059,0.00,0.00
2018.05.29 01:00:51.295,12.99772,13.00041,0.00,0.00
2018.05.29 01:00:51.634,12.99781,13.00041,0.00,0.00
2018.05.29 01:00:51.685,12.99772,13.00041,0.00,0.00
2018.05.29 01:00:51.937,12.99748,13.00022,0.00,0.00
2018.05.29 01:00:52.090,12.99748,13.00031,0.00,0.00
2018.05.29 01:00:52.140,12.99779,13.00051,0.00,0.00
2018.05.29 01:00:52.191,12.99779,13.00061,0.00,0.00
2018.05.29 01:00:52.242,12.99781,13.00061,0.00,0.00
2018.05.29 01:00:52.793,12.99779,13.00061,0.00,0.00
2018.05.29 01:00:52.844,12.99772,13.00032,0.00,0.00
2018.05.29 01:00:53.105,12.99748,13.00032,0.00,0.00
2018.05.29 01:00:53.156,12.99748,13.00012,0.00,0.00
2018.05.29 01:00:53.745,12.99748,13.00031,0.00,0.00
2018.05.29 01:00:54.045,12.99748,12.99998,0.00,0.00
2018.05.29 01:00:54.146,12.99748,13.00022,0.00,0.00
2018.05.29 01:00:54.703,12.99748,12.99992,0.00,0.00
2018.05.29 01:00:56.096,12.99748,13.00001,0.00,0.00
2018.05.29 01:00:56.147,12.99748,13.00022,0.00,0.00
2018.05.29 01:00:56.248,12.99781,13.00042,0.00,0.00
2018.05.29 01:00:56.481,12.99771,13.00042,0.00,0.00
2018.05.29 01:00:56.734,12.99769,13.00028,0.00,0.00
2018.05.29 01:00:57.038,12.99748,13.00002,0.00,0.00
2018.05.29 01:00:57.413,12.99748,12.99971,0.00,0.00
2018.05.29 01:01:00.967,12.99682,12.99951,0.00,0.00
2018.05.29 01:01:01.018,12.99682,12.99932,0.00,0.00
2018.05.29 01:01:01.343,12.99649,12.99862,0.00,0.00
2018.05.29 01:01:02.248,12.99612,12.99832,0.00,0.00
2018.05.29 01:01:02.350,12.99581,12.99832,0.00,0.00
2018.05.29 01:01:02.754,12.99548,12.99772,0.00,0.00
2018.05.29 01:01:03.637,12.99548,12.99801,0.00,0.00
2018.05.29 01:01:03.738,12.99548,12.99772,0.00,0.00
2018.05.29 01:01:05.352,12.99548,12.99802,0.00,0.00
2018.05.29 01:01:05.845,12.99548,12.99772,0.00,0.00
2018.05.29 01:01:06.156,12.99548,12.99721,0.00,0.00
2018.05.29 01:01:06.250,12.99548,12.99741,0.00,0.00
2018.05.29 01:01:06.301,12.99548,12.99682,0.00,0.00
2018.05.29 01:01:06.402,12.99548,12.99702,0.00,0.00
2018.05.29 01:01:06.630,12.99548,12.99682,0.00,0.00
2018.05.29 01:01:06.681,12.99461,12.99682,0.00,0.00
2018.05.29 01:01:06.781,12.99441,12.99682,0.00,0.00
2018.05.29 01:01:07.093,12.99412,12.99682,0.00,0.00
2018.05.29 01:01:08.752,12.99462,12.99702,0.00,0.00
2018.05.29 01:01:08.803,12.99481,12.99751,0.00,0.00
2018.05.29 01:01:08.854,12.99461,12.99681,0.00,0.00
2018.05.29 01:01:08.905,12.99471,12.99701,0.00,0.00
2018.05.29 01:01:09.093,12.99482,12.99701,0.00,0.00
2018.05.29 01:01:09.144,12.99461,12.99681,0.00,0.00
2018.05.29 01:01:09.195,12.99471,12.99712,0.00,0.00
2018.05.29 01:01:09.245,12.99481,12.99712,0.00,0.00
2018.05.29 01:01:09.296,12.99481,12.99732,0.00,0.00
2018.05.29 01:01:09.548,12.99472,12.99712,0.00,0.00
2018.05.29 01:01:09.649,12.99482,12.99732,0.00,0.00
2018.05.29 01:01:09.804,12.99461,12.99702,0.00,0.00
2018.05.29 01:01:09.873,12.99442,12.99702,0.00,0.00
2018.05.29 01:01:10.136,12.99442,12.99682,0.00,0.00
2018.05.29 01:01:10.801,12.99471,12.99712,0.00,0.00
2018.05.29 01:01:10.958,12.99482,12.99712,0.00,0.00
2018.05.29 01:01:11.059,12.99481,12.99731,0.00,0.00
2018.05.29 01:01:11.110,12.99411,12.99671,0.00,0.00
2018.05.29 01:01:11.912,12.99439,12.99671,0.00,0.00
2018.05.29 01:01:11.963,12.99471,12.99721,0.00,0.00
2018.05.29 01:01:12.014,12.99462,12.99732,0.00,0.00
2018.05.29 01:01:12.116,12.99462,12.99702,0.00,0.00
2018.05.29 01:01:12.523,12.99462,12.99671,0.00,0.00
2018.05.29 01:01:12.575,12.99439,12.99671,0.00,0.00
2018.05.29 01:01:12.956,12.99442,12.99702,0.00,0.00
2018.05.29 01:01:13.247,12.99471,12.99702,0.00,0.00
2018.05.29 01:01:13.298,12.99471,12.99732,0.00,0.00
2018.05.29 01:01:13.349,12.99462,12.99731,0.00,0.00
2018.05.29 01:01:13.400,12.99462,12.99692,0.00,0.00
2018.05.29 01:01:14.013,12.99441,12.99692,0.00,0.00
2018.05.29 01:01:14.064,12.99439,12.99672,0.00,0.00
2018.05.29 01:01:15.421,12.99461,12.99672,0.00,0.00
2018.05.29 01:01:15.473,12.99461,12.99702,0.00,0.00
2018.05.29 01:01:15.864,12.99472,12.99702,0.00,0.00
2018.05.29 01:01:15.915,12.99472,12.99731,0.00,0.00
2018.05.29 01:01:15.966,12.99461,12.99732,0.00,0.00
2018.05.29 01:01:16.017,12.99461,12.99701,0.00,0.00
2018.05.29 01:01:16.483,12.99461,12.99711,0.00,0.00
2018.05.29 01:01:16.584,12.99471,12.99732,0.00,0.00
2018.05.29 01:01:16.788,12.99442,12.99702,0.00,0.00
2018.05.29 01:01:17.393,12.99471,12.99702,0.00,0.00
2018.05.29 01:01:17.444,12.99471,12.99732,0.00,0.00
2018.05.29 01:01:17.704,12.99389,12.99641,0.00,0.00
2018.05.29 01:01:17.754,12.99381,12.99641,0.00,0.00
2018.05.29 01:01:17.931,12.99381,12.99652,0.00,0.00
2018.05.29 01:01:18.259,12.99389,12.99661,0.00,0.00
2018.05.29 01:01:18.360,12.99438,12.99661,0.00,0.00
2018.05.29 01:01:18.896,12.99438,12.99662,0.00,0.00
2018.05.29 01:01:18.946,12.99412,12.99662,0.00,0.00
2018.05.29 01:01:19.452,12.99412,12.99672,0.00,0.00
2018.05.29 01:01:19.553,12.99439,12.99672,0.00,0.00
2018.05.29 01:01:20.699,12.99412,12.99672,0.00,0.00
2018.05.29 01:01:20.751,12.99412,12.99661,0.00,0.00
2018.05.29 01:01:20.961,12.99381,12.99661,0.00,0.00
2018.05.29 01:01:21.960,12.99381,12.99638,0.00,0.00
2018.05.29 01:01:22.502,12.99338,12.99582,0.00,0.00
2018.05.29 01:01:24.421,12.99271,12.99471,0.00,0.00
2018.05.29 01:01:24.473,12.99238,12.99471,0.00,0.00
2018.05.29 01:01:25.033,12.99272,12.99471,0.00,0.00
2018.05.29 01:01:25.084,12.99272,12.99522,0.00,0.00
2018.05.29 01:01:25.135,12.99272,12.99541,0.00,0.00
2018.05.29 01:01:25.273,12.99261,12.99541,0.00,0.00
2018.05.29 01:01:25.611,12.99312,12.99541,0.00,0.00
2018.05.29 01:01:25.662,12.99271,12.99541,0.00,0.00
2018.05.29 01:01:25.713,12.99261,12.99502,0.00,0.00
2018.05.29 01:01:26.557,12.99262,12.99502,0.00,0.00
2018.05.29 01:01:26.891,12.99271,12.99502,0.00,0.00
2018.05.29 01:01:27.452,12.99272,12.99502,0.00,0.00
2018.05.29 01:01:27.758,12.99271,12.99512,0.00,0.00
2018.05.29 01:01:28.873,12.99272,12.99512,0.00,0.00
2018.05.29 01:01:28.947,12.99272,12.99532,0.00,0.00
2018.05.29 01:01:29.604,12.99271,12.99532,0.00,0.00
2018.05.29 01:01:29.785,12.99301,12.99532,0.00,0.00
2018.05.29 01:01:29.854,12.99281,12.99532,0.00,0.00
2018.05.29 01:01:30.102,12.99281,12.99541,0.00,0.00
2018.05.29 01:01:30.273,12.99272,12.99541,0.00,0.00
2018.05.29 01:01:31.652,12.99272,12.99522,0.00,0.00
2018.05.29 01:01:31.703,12.99241,12.99521,0.00,0.00
2018.05.29 01:01:31.754,12.99251,12.99522,0.00,0.00
2018.05.29 01:01:32.073,12.99252,12.99512,0.00,0.00
2018.05.29 01:01:32.785,12.99282,12.99542,0.00,0.00
2018.05.29 01:01:33.287,12.99291,12.99541,0.00,0.00
2018.05.29 01:01:33.506,12.99281,12.99541,0.00,0.00
2018.05.29 01:01:33.760,12.99292,12.99561,0.00,0.00
2018.05.29 01:01:33.811,12.99292,12.99591,0.00,0.00
2018.05.29 01:01:33.861,12.99339,12.99591,0.00,0.00
2018.05.29 01:01:34.377,12.99321,12.99591,0.00,0.00
2018.05.29 01:01:34.474,12.99301,12.99571,0.00,0.00
2018.05.29 01:01:34.885,12.99351,12.99601,0.00,0.00
2018.05.29 01:01:35.429,12.99401,12.99602,0.00,0.00
2018.05.29 01:01:35.480,12.99371,12.99622,0.00,0.00
2018.05.29 01:01:35.581,12.99352,12.99622,0.00,0.00
2018.05.29 01:01:35.632,12.99351,12.99602,0.00,0.00
2018.05.29 01:01:36.086,12.99351,12.99589,0.00,0.00
2018.05.29 01:01:36.187,12.99371,12.99632,0.00,0.00
2018.05.29 01:01:36.288,12.99371,12.99612,0.00,0.00
2018.05.29 01:01:37.033,12.99341,12.99582,0.00,0.00
2018.05.29 01:01:37.380,12.99371,12.99611,0.00,0.00
2018.05.29 01:01:38.301,12.99352,12.99611,0.00,0.00
2018.05.29 01:01:38.783,12.99342,12.99578,0.00,0.00
2018.05.29 01:01:38.909,12.99341,12.99591,0.00,0.00
2018.05.29 01:01:39.099,12.99341,12.99572,0.00,0.00
2018.05.29 01:01:39.483,12.99338,12.99572,0.00,0.00
2018.05.29 01:01:39.566,12.99338,12.99591,0.00,0.00
2018.05.29 01:01:39.624,12.99341,12.99591,0.00,0.00
2018.05.29 01:01:39.675,12.99351,12.99622,0.00,0.00
2018.05.29 01:01:40.221,12.99342,12.99622,0.00,0.00
2018.05.29 01:01:40.857,12.99342,12.99631,0.00,0.00
2018.05.29 01:01:40.908,12.99372,12.99631,0.00,0.00
2018.05.29 01:01:41.376,12.99372,12.99652,0.00,0.00
2018.05.29 01:01:41.506,12.99401,12.99652,0.00,0.00
2018.05.29 01:01:41.607,12.99381,12.99651,0.00,0.00
2018.05.29 01:01:42.538,12.99381,12.99611,0.00,0.00
2018.05.29 01:01:42.588,12.99349,12.99631,0.00,0.00
2018.05.29 01:01:42.863,12.99338,12.99611,0.00,0.00
2018.05.29 01:01:43.784,12.99341,12.99611,0.00,0.00
2018.05.29 01:01:43.835,12.99338,12.99639,0.00,0.00
2018.05.29 01:01:43.886,12.99371,12.99642,0.00,0.00
2018.05.29 01:01:43.936,12.99371,12.99652,0.00,0.00
2018.05.29 01:01:43.987,12.99338,12.99622,0.00,0.00
2018.05.29 01:01:44.403,12.99372,12.99622,0.00,0.00
2018.05.29 01:01:44.454,12.99372,12.99651,0.00,0.00
2018.05.29 01:01:44.832,12.99342,12.99651,0.00,0.00
2018.05.29 01:01:44.882,12.99342,12.99631,0.00,0.00
2018.05.29 01:01:45.504,12.99422,12.99631,0.00,0.00
2018.05.29 01:01:45.605,12.99372,12.99631,0.00,0.00
2018.05.29 01:01:45.656,12.99341,12.99631,0.00,0.00
2018.05.29 01:01:46.231,12.99371,12.99652,0.00,0.00
2018.05.29 01:01:46.574,12.99381,12.99652,0.00,0.00
2018.05.29 01:01:46.678,12.99351,12.99632,0.00,0.00
2018.05.29 01:01:46.872,12.99352,12.99588,0.00,0.00
2018.05.29 01:01:46.973,12.99351,12.99602,0.00,0.00
2018.05.29 01:01:48.004,12.99382,12.99652,0.00,0.00
2018.05.29 01:01:48.336,12.99381,12.99631,0.00,0.00
2018.05.29 01:01:48.387,12.99351,12.99631,0.00,0.00
2018.05.29 01:01:48.522,12.99349,12.99628,0.00,0.00
2018.05.29 01:01:48.732,12.99341,12.99631,0.00,0.00
2018.05.29 01:01:49.558,12.99378,12.99631,0.00,0.00
2018.05.29 01:01:50.453,12.99378,12.99662,0.00,0.00
2018.05.29 01:01:50.513,12.99381,12.99662,0.00,0.00
2018.05.29 01:01:51.000,12.99319,12.99561,0.00,0.00
2018.05.29 01:01:51.608,12.99319,12.99569,0.00,0.00
2018.05.29 01:01:52.144,12.99319,12.99568,0.00,0.00
2018.05.29 01:01:52.195,12.99319,12.99581,0.00,0.00
2018.05.29 01:01:52.755,12.99329,12.99602,0.00,0.00
2018.05.29 01:01:52.806,12.99358,12.99602,0.00,0.00
2018.05.29 01:01:53.443,12.99311,12.99569,0.00,0.00
2018.05.29 01:01:54.707,12.99312,12.99568,0.00,0.00
2018.05.29 01:01:54.925,12.99338,12.99581,0.00,0.00
2018.05.29 01:01:55.295,12.99338,12.99569,0.00,0.00
2018.05.29 01:01:56.007,12.99341,12.99581,0.00,0.00
2018.05.29 01:01:56.058,12.99341,12.99569,0.00,0.00
2018.05.29 01:01:56.463,12.99311,12.99502,0.00,0.00
2018.05.29 01:01:57.253,12.99312,12.99502,0.00,0.00
2018.05.29 01:01:57.405,12.99128,12.99372,0.00,0.00
2018.05.29 01:01:57.456,12.99108,12.99372,0.00,0.00
2018.05.29 01:01:58.646,12.99091,12.99372,0.00,0.00
2018.05.29 01:01:58.747,12.99088,12.99372,0.00,0.00
2018.05.29 01:01:59.026,12.99088,12.99352,0.00,0.00
2018.05.29 01:01:59.077,12.99041,12.99312,0.00,0.00
2018.05.29 01:01:59.128,12.99039,12.99312,0.00,0.00
2018.05.29 01:01:59.267,12.99039,12.99292,0.00,0.00
2018.05.29 01:01:59.318,12.99029,12.99301,0.00,0.00
2018.05.29 01:01:59.369,12.99039,12.99301,0.00,0.00
2018.05.29 01:01:59.731,12.99019,12.99278,0.00,0.00
2018.05.29 01:01:59.782,12.99038,12.99302,0.00,0.00
2018.05.29 01:01:59.883,12.99059,12.99302,0.00,0.00
2018.05.29 01:02:00.080,12.99059,12.99322,0.00,0.00
2018.05.29 01:02:00.657,12.99068,12.99322,0.00,0.00
2018.05.29 01:02:00.966,12.99098,12.99302,0.00,0.00
2018.05.29 01:02:01.225,12.99098,12.99322,0.00,0.00
2018.05.29 01:02:01.276,12.99098,12.99301,0.00,0.00
2018.05.29 01:02:01.395,12.99089,12.99301,0.00,0.00
2018.05.29 01:02:02.252,12.99078,12.99278,0.00,0.00
2018.05.29 01:02:03.591,12.99078,12.99279,0.00,0.00
2018.05.29 01:02:03.642,12.99069,12.99279,0.00,0.00
2018.05.29 01:02:04.225,12.99069,12.99278,0.00,0.00
2018.05.29 01:02:04.377,12.99069,12.99292,0.00,0.00
2018.05.29 01:02:04.727,12.99069,12.99271,0.00,0.00
2018.05.29 01:02:04.829,12.99068,12.99278,0.00,0.00
2018.05.29 01:02:04.880,12.99058,12.99289,0.00,0.00
2018.05.29 01:02:04.931,12.99059,12.99272,0.00,0.00
2018.05.29 01:02:05.152,12.99059,12.99289,0.00,0.00
2018.05.29 01:02:05.599,12.99028,12.99288,0.00,0.00
2018.05.29 01:02:05.650,12.99059,12.99288,0.00,0.00
2018.05.29 01:02:06.204,12.99059,12.99289,0.00,0.00
2018.05.29 01:02:06.868,12.99058,12.99288,0.00,0.00
2018.05.29 01:02:07.616,12.99059,12.99288,0.00,0.00
2018.05.29 01:02:08.188,12.99058,12.99289,0.00,0.00
2018.05.29 01:02:08.725,12.99059,12.99288,0.00,0.00
2018.05.29 01:02:09.230,12.99058,12.99289,0.00,0.00
2018.05.29 01:02:09.560,12.99069,12.99289,0.00,0.00
2018.05.29 01:02:10.061,12.99068,12.99289,0.00,0.00
2018.05.29 01:02:10.321,12.99079,12.99351,0.00,0.00
2018.05.29 01:02:10.371,12.99108,12.99351,0.00,0.00
2018.05.29 01:02:10.881,12.99129,12.99361,0.00,0.00
2018.05.29 01:02:11.040,12.99119,12.99361,0.00,0.00
2018.05.29 01:02:11.336,12.99119,12.99381,0.00,0.00
2018.05.29 01:02:11.387,12.99128,12.99381,0.00,0.00
2018.05.29 01:02:12.499,12.99119,12.99381,0.00,0.00
2018.05.29 01:02:14.736,12.99128,12.99381,0.00,0.00
2018.05.29 01:02:15.069,12.99158,12.99381,0.00,0.00
2018.05.29 01:02:15.228,12.99148,12.99381,0.00,0.00
2018.05.29 01:02:15.279,12.99128,12.99382,0.00,0.00
2018.05.29 01:02:15.477,12.99139,12.99382,0.00,0.00
2018.05.29 01:02:15.704,12.99139,12.99388,0.00,0.00
2018.05.29 01:02:16.359,12.99158,12.99401,0.00,0.00
2018.05.29 01:02:16.410,12.99148,12.99398,0.00,0.00
2018.05.29 01:02:16.510,12.99128,12.99399,0.00,0.00
2018.05.29 01:02:16.842,12.99148,12.99399,0.00,0.00
2018.05.29 01:02:16.959,12.99128,12.99398,0.00,0.00
2018.05.29 01:02:17.632,12.99128,12.99399,0.00,0.00
2018.05.29 01:02:18.253,12.99128,12.99398,0.00,0.00
2018.05.29 01:02:18.304,12.99138,12.99381,0.00,0.00
2018.05.29 01:02:19.382,12.99118,12.99381,0.00,0.00
2018.05.29 01:02:20.634,12.99138,12.99381,0.00,0.00
2018.05.29 01:02:24.051,12.99139,12.99381,0.00,0.00
2018.05.29 01:02:24.104,12.99119,12.99402,0.00,0.00
2018.05.29 01:02:24.155,12.99148,12.99402,0.00,0.00
2018.05.29 01:02:24.205,12.99138,12.99402,0.00,0.00
2018.05.29 01:02:24.256,12.99159,12.99402,0.00,0.00
2018.05.29 01:02:24.307,12.99149,12.99402,0.00,0.00
2018.05.29 01:02:24.408,12.99169,12.99401,0.00,0.00
2018.05.29 01:02:24.527,12.99158,12.99401,0.00,0.00
2018.05.29 01:02:24.579,12.99158,12.99399,0.00,0.00
2018.05.29 01:02:24.680,12.99148,12.99402,0.00,0.00
2018.05.29 01:02:24.909,12.99159,12.99398,0.00,0.00
2018.05.29 01:02:25.068,12.99138,12.99399,0.00,0.00
2018.05.29 01:02:25.629,12.99138,12.99398,0.00,0.00
2018.05.29 01:02:25.875,12.99128,12.99399,0.00,0.00
2018.05.29 01:02:25.926,12.99149,12.99399,0.00,0.00
2018.05.29 01:02:26.327,12.99139,12.99379,0.00,0.00
2018.05.29 01:02:26.568,12.99149,12.99399,0.00,0.00
2018.05.29 01:02:27.647,12.99149,12.99398,0.00,0.00
2018.05.29 01:02:28.259,12.99149,12.99399,0.00,0.00
2018.05.29 01:02:28.360,12.99119,12.99399,0.00,0.00
2018.05.29 01:02:30.869,12.99129,12.99399,0.00,0.00
2018.05.29 01:02:31.557,12.99129,12.99398,0.00,0.00
2018.05.29 01:02:32.123,12.99129,12.99399,0.00,0.00
2018.05.29 01:02:33.767,12.99108,12.99399,0.00,0.00
2018.05.29 01:02:35.234,12.99108,12.99398,0.00,0.00
2018.05.29 01:02:35.897,12.99108,12.99399,0.00,0.00
2018.05.29 01:02:36.361,12.99101,12.99361,0.00,0.00
2018.05.29 01:02:36.412,12.99091,12.99361,0.00,0.00
2018.05.29 01:02:36.559,12.99098,12.99382,0.00,0.00
2018.05.29 01:02:36.660,12.99091,12.99382,0.00,0.00
2018.05.29 01:02:37.746,12.99089,12.99362,0.00,0.00
2018.05.29 01:02:38.260,12.99091,12.99362,0.00,0.00
2018.05.29 01:02:40.437,12.99091,12.99372,0.00,0.00
2018.05.29 01:02:41.181,12.99092,12.99372,0.00,0.00
2018.05.29 01:02:42.224,12.99091,12.99372,0.00,0.00
2018.05.29 01:02:48.121,12.99092,12.99381,0.00,0.00
2018.05.29 01:02:48.222,12.99098,12.99381,0.00,0.00
2018.05.29 01:02:50.850,12.99098,12.99348,0.00,0.00
2018.05.29 01:02:51.416,12.99109,12.99348,0.00,0.00
2018.05.29 01:02:51.469,12.99109,12.99362,0.00,0.00
2018.05.29 01:02:51.991,12.99098,12.99362,0.00,0.00
2018.05.29 01:02:52.043,12.99108,12.99361,0.00,0.00
2018.05.29 01:02:52.094,12.99108,12.99371,0.00,0.00
2018.05.29 01:02:52.195,12.99108,12.99342,0.00,0.00
2018.05.29 01:02:52.494,12.99098,12.99342,0.00,0.00
2018.05.29 01:02:52.688,12.99109,12.99371,0.00,0.00
2018.05.29 01:02:52.739,12.99109,12.99369,0.00,0.00
2018.05.29 01:02:53.963,12.99109,12.99371,0.00,0.00
2018.05.29 01:02:54.309,12.99109,12.99381,0.00,0.00
2018.05.29 01:02:55.912,12.99109,12.99398,0.00,0.00
2018.05.29 01:02:56.999,12.99128,12.99398,0.00,0.00
2018.05.29 01:02:57.302,12.99128,12.99372,0.00,0.00
2018.05.29 01:02:57.410,12.99192,12.99451,0.00,0.00
2018.05.29 01:02:57.462,12.99179,12.99412,0.00,0.00
2018.05.29 01:02:57.665,12.99049,12.99291,0.00,0.00
2018.05.29 01:02:58.133,12.99058,12.99291,0.00,0.00
2018.05.29 01:02:58.234,12.99068,12.99302,0.00,0.00
2018.05.29 01:02:59.462,12.99068,12.99229,0.00,0.00
2018.05.29 01:02:59.513,12.99008,12.99222,0.00,0.00
2018.05.29 01:02:59.623,12.99002,12.99222,0.00,0.00
2018.05.29 01:02:59.963,12.99029,12.99281,0.00,0.00
2018.05.29 01:03:00.068,12.99019,12.99281,0.00,0.00
2018.05.29 01:03:00.119,12.99069,12.99291,0.00,0.00
2018.05.29 01:03:00.170,12.99069,12.99309,0.00,0.00
2018.05.29 01:03:01.377,12.99101,12.99371,0.00,0.00
2018.05.29 01:03:01.773,12.99088,12.99359,0.00,0.00
2018.05.29 01:03:01.823,12.99088,12.99352,0.00,0.00
2018.05.29 01:03:02.205,12.99078,12.99352,0.00,0.00
2018.05.29 01:03:02.256,12.99078,12.99321,0.00,0.00
2018.05.29 01:03:02.307,12.99069,12.99321,0.00,0.00
2018.05.29 01:03:02.408,12.99069,12.99309,0.00,0.00
2018.05.29 01:03:04.579,12.99069,12.99321,0.00,0.00
2018.05.29 01:03:05.244,12.99078,12.99351,0.00,0.00
2018.05.29 01:03:05.295,12.99078,12.99322,0.00,0.00
2018.05.29 01:03:05.346,12.99068,12.99322,0.00,0.00
2018.05.29 01:03:06.142,12.99078,12.99329,0.00,0.00
2018.05.29 01:03:06.476,12.99079,12.99351,0.00,0.00
2018.05.29 01:03:07.655,12.99088,12.99351,0.00,0.00
2018.05.29 01:03:08.264,12.99089,12.99351,0.00,0.00
2018.05.29 01:03:10.628,12.99088,12.99322,0.00,0.00
2018.05.29 01:03:10.679,12.99079,12.99322,0.00,0.00
2018.05.29 01:03:10.730,12.99079,12.99329,0.00,0.00
2018.05.29 01:03:10.960,12.99088,12.99329,0.00,0.00
2018.05.29 01:03:11.227,12.99088,12.99371,0.00,0.00
2018.05.29 01:03:11.456,12.99088,12.99351,0.00,0.00
2018.05.29 01:03:14.172,12.99099,12.99381,0.00,0.00
2018.05.29 01:03:14.223,12.99108,12.99381,0.00,0.00
2018.05.29 01:03:14.793,12.99099,12.99381,0.00,0.00
2018.05.29 01:03:15.153,12.99128,12.99412,0.00,0.00
2018.05.29 01:03:15.204,12.99159,12.99412,0.00,0.00
2018.05.29 01:03:15.306,12.99221,12.99502,0.00,0.00
2018.05.29 01:03:15.530,12.99258,12.99531,0.00,0.00
2018.05.29 01:03:15.861,12.99268,12.99532,0.00,0.00
2018.05.29 01:03:16.459,12.99268,12.99528,0.00,0.00
2018.05.29 01:03:16.920,12.99321,12.99532,0.00,0.00
2018.05.29 01:03:16.971,12.99321,12.99598,0.00,0.00
2018.05.29 01:03:17.104,12.99328,12.99599,0.00,0.00
2018.05.29 01:03:17.155,12.99322,12.99598,0.00,0.00
2018.05.29 01:03:17.307,12.99321,12.99591,0.00,0.00
2018.05.29 01:03:18.402,12.99309,12.99591,0.00,0.00
2018.05.29 01:03:18.535,12.99309,12.99598,0.00,0.00
2018.05.29 01:03:19.158,12.99309,12.99599,0.00,0.00
2018.05.29 01:03:19.972,12.99321,12.99599,0.00,0.00
2018.05.29 01:03:20.274,12.99368,12.99628,0.00,0.00
2018.05.29 01:03:21.321,12.99391,12.99631,0.00,0.00
2018.05.29 01:03:21.423,12.99391,12.99662,0.00,0.00
2018.05.29 01:03:21.937,12.99388,12.99662,0.00,0.00
2018.05.29 01:03:23.017,12.99388,12.99659,0.00,0.00
2018.05.29 01:03:23.068,12.99368,12.99642,0.00,0.00
2018.05.29 01:03:23.733,12.99368,12.99638,0.00,0.00
2018.05.29 01:03:24.475,12.99368,12.99639,0.00,0.00
2018.05.29 01:03:24.842,12.99368,12.99642,0.00,0.00
2018.05.29 01:03:25.125,12.99368,12.99638,0.00,0.00
2018.05.29 01:03:25.799,12.99368,12.99639,0.00,0.00
2018.05.29 01:03:25.850,12.99368,12.99642,0.00,0.00
2018.05.29 01:03:26.105,12.99391,12.99642,0.00,0.00
2018.05.29 01:03:26.156,12.99391,12.99662,0.00,0.00
2018.05.29 01:03:26.469,12.99391,12.99642,0.00,0.00
2018.05.29 01:03:26.590,12.99389,12.99642,0.00,0.00
2018.05.29 01:03:26.710,12.99368,12.99639,0.00,0.00
2018.05.29 01:03:27.575,12.99378,12.99639,0.00,0.00
2018.05.29 01:03:27.626,12.99378,12.99642,0.00,0.00
2018.05.29 01:03:28.593,12.99378,12.99649,0.00,0.00
2018.05.29 01:03:28.644,12.99391,12.99662,0.00,0.00
2018.05.29 01:03:29.196,12.99389,12.99662,0.00,0.00
2018.05.29 01:03:29.321,12.99378,12.99618,0.00,0.00
2018.05.29 01:03:29.422,12.99398,12.99662,0.00,0.00
2018.05.29 01:03:29.709,12.99389,12.99662,0.00,0.00
2018.05.29 01:03:31.527,12.99392,12.99662,0.00,0.00
2018.05.29 01:03:31.578,12.99389,12.99662,0.00,0.00
2018.05.29 01:03:31.732,12.99421,12.99662,0.00,0.00
2018.05.29 01:03:31.783,12.99421,12.99669,0.00,0.00
2018.05.29 01:03:31.834,12.99421,12.99662,0.00,0.00
2018.05.29 01:03:32.962,12.99391,12.99662,0.00,0.00
2018.05.29 01:03:33.577,12.99388,12.99662,0.00,0.00
2018.05.29 01:03:33.993,12.99388,12.99669,0.00,0.00
2018.05.29 01:03:34.134,12.99388,12.99619,0.00,0.00
2018.05.29 01:03:34.185,12.99338,12.99588,0.00,0.00
2018.05.29 01:03:34.303,12.99308,12.99571,0.00,0.00
2018.05.29 01:03:34.354,12.99308,12.99588,0.00,0.00
2018.05.29 01:03:34.456,12.99318,12.99588,0.00,0.00
2018.05.29 01:03:34.712,12.99309,12.99588,0.00,0.00
2018.05.29 01:03:35.492,12.99309,12.99591,0.00,0.00
2018.05.29 01:03:35.543,12.99309,12.99602,0.00,0.00
2018.05.29 01:03:36.438,12.99309,12.99568,0.00,0.00
2018.05.29 01:03:36.967,12.99318,12.99602,0.00,0.00
2018.05.29 01:03:37.201,12.99309,12.99602,0.00,0.00
2018.05.29 01:03:37.252,12.99268,12.99521,0.00,0.00
2018.05.29 01:03:37.303,12.99249,12.99521,0.00,0.00
2018.05.29 01:03:37.354,12.99278,12.99538,0.00,0.00
2018.05.29 01:03:37.560,12.99279,12.99562,0.00,0.00
2018.05.29 01:03:37.614,12.99279,12.99548,0.00,0.00
2018.05.29 01:03:38.321,12.99289,12.99549,0.00,0.00
2018.05.29 01:03:38.372,12.99289,12.99561,0.00,0.00
2018.05.29 01:03:38.423,12.99299,12.99568,0.00,0.00
2018.05.29 01:03:39.072,12.99288,12.99562,0.00,0.00
2018.05.29 01:03:39.122,12.99301,12.99562,0.00,0.00
2018.05.29 01:03:39.173,12.99308,12.99592,0.00,0.00
2018.05.29 01:03:39.645,12.99308,12.99568,0.00,0.00
2018.05.29 01:03:39.696,12.99288,12.99562,0.00,0.00
2018.05.29 01:03:39.747,12.99278,12.99542,0.00,0.00
2018.05.29 01:03:39.943,12.99288,12.99561,0.00,0.00
2018.05.29 01:03:40.082,12.99279,12.99561,0.00,0.00
2018.05.29 01:03:40.133,12.99278,12.99541,0.00,0.00
2018.05.29 01:03:40.741,12.99288,12.99541,0.00,0.00
2018.05.29 01:03:40.792,12.99288,12.99562,0.00,0.00
2018.05.29 01:03:41.382,12.99288,12.99559,0.00,0.00
2018.05.29 01:03:41.687,12.99279,12.99539,0.00,0.00
2018.05.29 01:03:42.255,12.99278,12.99541,0.00,0.00
2018.05.29 01:03:42.450,12.99269,12.99541,0.00,0.00
2018.05.29 01:03:42.611,12.99279,12.99561,0.00,0.00
2018.05.29 01:03:43.033,12.99299,12.99588,0.00,0.00
2018.05.29 01:03:43.084,12.99301,12.99588,0.00,0.00
2018.05.29 01:03:43.641,12.99308,12.99591,0.00,0.00
2018.05.29 01:03:43.868,12.99308,12.99602,0.00,0.00
2018.05.29 01:03:44.140,12.99359,12.99651,0.00,0.00
2018.05.29 01:03:44.628,12.99388,12.99661,0.00,0.00
2018.05.29 01:03:44.959,12.99391,12.99661,0.00,0.00
2018.05.29 01:03:45.120,12.99391,12.99682,0.00,0.00
2018.05.29 01:03:45.171,12.99401,12.99682,0.00,0.00
2018.05.29 01:03:45.473,12.99398,12.99662,0.00,0.00
2018.05.29 01:03:45.524,12.99391,12.99662,0.00,0.00
2018.05.29 01:03:45.575,12.99378,12.99628,0.00,0.00
2018.05.29 01:03:45.625,12.99359,12.99628,0.00,0.00
2018.05.29 01:03:45.676,12.99378,12.99649,0.00,0.00
2018.05.29 01:03:45.727,12.99369,12.99642,0.00,0.00
2018.05.29 01:03:45.863,12.99378,12.99648,0.00,0.00
2018.05.29 01:03:45.998,12.99369,12.99642,0.00,0.00
2018.05.29 01:03:46.803,12.99378,12.99659,0.00,0.00
2018.05.29 01:03:47.062,12.99378,12.99661,0.00,0.00
2018.05.29 01:03:48.223,12.99422,12.99661,0.00,0.00
2018.05.29 01:03:48.589,12.99422,12.99659,0.00,0.00
2018.05.29 01:03:48.675,12.99401,12.99658,0.00,0.00
2018.05.29 01:03:48.726,12.99379,12.99609,0.00,0.00
2018.05.29 01:03:48.828,12.99388,12.99658,0.00,0.00
2018.05.29 01:03:49.064,12.99388,12.99651,0.00,0.00
2018.05.29 01:03:49.115,12.99368,12.99649,0.00,0.00
2018.05.29 01:03:49.184,12.99361,12.99649,0.00,0.00
2018.05.29 01:03:49.285,12.99359,12.99648,0.00,0.00
2018.05.29 01:03:49.336,12.99391,12.99662,0.00,0.00
2018.05.29 01:03:50.337,12.99379,12.99662,0.00,0.00
2018.05.29 01:03:52.627,12.99389,12.99662,0.00,0.00
2018.05.29 01:03:55.602,12.99388,12.99662,0.00,0.00
2018.05.29 01:03:55.990,12.99421,12.99662,0.00,0.00
2018.05.29 01:03:56.041,12.99421,12.99692,0.00,0.00
2018.05.29 01:03:56.208,12.99421,12.99662,0.00,0.00
2018.05.29 01:03:56.703,12.99431,12.99662,0.00,0.00
2018.05.29 01:03:56.754,12.99438,12.99691,0.00,0.00
2018.05.29 01:03:56.805,12.99401,12.99691,0.00,0.00
2018.05.29 01:03:56.856,12.99491,12.99698,0.00,0.00
2018.05.29 01:03:56.907,12.99488,12.99749,0.00,0.00
2018.05.29 01:03:56.958,12.99508,12.99749,0.00,0.00
2018.05.29 01:03:57.008,12.99439,12.99701,0.00,0.00
2018.05.29 01:03:57.059,12.99418,12.99701,0.00,0.00
2018.05.29 01:03:57.110,12.99418,12.99699,0.00,0.00
2018.05.29 01:03:57.864,12.99418,12.99668,0.00,0.00
2018.05.29 01:03:59.722,12.99418,12.99698,0.00,0.00
2018.05.29 01:03:59.773,12.99439,12.99698,0.00,0.00
2018.05.29 01:04:03.197,12.99439,12.99701,0.00,0.00
2018.05.29 01:04:03.337,12.99469,12.99701,0.00,0.00
2018.05.29 01:04:03.679,12.99522,12.99701,0.00,0.00
2018.05.29 01:04:04.282,12.99521,12.99701,0.00,0.00
2018.05.29 01:04:04.383,12.99481,12.99668,0.00,0.00
2018.05.29 01:04:04.484,12.99389,12.99668,0.00,0.00
2018.05.29 01:04:04.535,12.99389,12.99688,0.00,0.00
2018.05.29 01:04:04.586,12.99389,12.99681,0.00,0.00
2018.05.29 01:04:04.995,12.99369,12.99639,0.00,0.00
2018.05.29 01:04:05.481,12.99381,12.99639,0.00,0.00
2018.05.29 01:04:05.892,12.99329,12.99602,0.00,0.00
2018.05.29 01:04:06.177,12.99321,12.99602,0.00,0.00
2018.05.29 01:04:06.228,12.99321,12.99569,0.00,0.00
2018.05.29 01:04:06.937,12.99308,12.99562,0.00,0.00
2018.05.29 01:04:07.703,12.99328,12.99562,0.00,0.00
2018.05.29 01:04:08.153,12.99421,12.99562,0.00,0.00
2018.05.29 01:04:08.257,12.99421,12.99599,0.00,0.00
2018.05.29 01:04:08.308,12.99421,12.99602,0.00,0.00
2018.05.29 01:04:08.371,12.99321,12.99602,0.00,0.00
2018.05.29 01:04:09.376,12.99321,12.99572,0.00,0.00
2018.05.29 01:04:09.871,12.99302,12.99572,0.00,0.00
2018.05.29 01:04:10.303,12.99302,12.99569,0.00,0.00
2018.05.29 01:04:10.606,12.99302,12.99572,0.00,0.00
2018.05.29 01:04:10.657,12.99421,12.99601,0.00,0.00
2018.05.29 01:04:11.516,12.99381,12.99601,0.00,0.00
2018.05.29 01:04:11.811,12.99381,12.99589,0.00,0.00
2018.05.29 01:04:12.371,12.99321,12.99589,0.00,0.00
2018.05.29 01:04:12.422,12.99321,12.99602,0.00,0.00
2018.05.29 01:04:12.861,12.99321,12.99561,0.00,0.00
2018.05.29 01:04:13.872,12.99302,12.99561,0.00,0.00
2018.05.29 01:04:15.471,12.99292,12.99561,0.00,0.00
2018.05.29 01:04:15.522,12.99241,12.99502,0.00,0.00
2018.05.29 01:04:15.623,12.99258,12.99529,0.00,0.00
2018.05.29 01:04:15.990,12.99258,12.99532,0.00,0.00
2018.05.29 01:04:16.162,12.99282,12.99532,0.00,0.00
2018.05.29 01:04:16.504,12.99229,12.99442,0.00,0.00
2018.05.29 01:04:16.738,12.99218,12.99442,0.00,0.00
2018.05.29 01:04:17.289,12.99218,12.99421,0.00,0.00
2018.05.29 01:04:18.279,12.99201,12.99421,0.00,0.00
2018.05.29 01:04:18.759,12.99199,12.99421,0.00,0.00
2018.05.29 01:04:18.810,12.99182,12.99412,0.00,0.00
2018.05.29 01:04:18.962,12.99191,12.99431,0.00,0.00
2018.05.29 01:04:19.113,12.99201,12.99431,0.00,0.00
2018.05.29 01:04:19.478,12.99202,12.99412,0.00,0.00
2018.05.29 01:04:19.791,12.99202,12.99432,0.00,0.00
2018.05.29 01:04:20.523,12.99321,12.99432,0.00,0.00
2018.05.29 01:04:20.573,12.99321,12.99441,0.00,0.00
2018.05.29 01:04:20.770,12.99221,12.99441,0.00,0.00
2018.05.29 01:04:20.821,12.99221,12.99411,0.00,0.00
2018.05.29 01:04:21.202,12.99221,12.99432,0.00,0.00
2018.05.29 01:04:22.270,12.99201,12.99432,0.00,0.00
2018.05.29 01:04:24.573,12.99322,12.99432,0.00,0.00
2018.05.29 01:04:24.624,12.99322,12.99451,0.00,0.00
2018.05.29 01:04:24.725,12.99322,12.99472,0.00,0.00
2018.05.29 01:04:25.494,12.99281,12.99472,0.00,0.00
2018.05.29 01:04:33.336,12.99258,12.99472,0.00,0.00
2018.05.29 01:04:33.387,12.99229,12.99441,0.00,0.00
2018.05.29 01:04:33.438,12.99219,12.99441,0.00,0.00
2018.05.29 01:04:34.356,12.99219,12.99442,0.00,0.00
2018.05.29 01:04:34.846,12.99219,12.99422,0.00,0.00
2018.05.29 01:04:34.984,12.99181,12.99402,0.00,0.00
2018.05.29 01:04:35.253,12.99181,12.99422,0.00,0.00
2018.05.29 01:04:35.586,12.99321,12.99462,0.00,0.00
2018.05.29 01:04:35.997,12.99321,12.99481,0.00,0.00
2018.05.29 01:04:36.566,12.99282,12.99481,0.00,0.00
2018.05.29 01:04:38.346,12.99282,12.99491,0.00,0.00
2018.05.29 01:04:39.737,12.99259,12.99491,0.00,0.00
2018.05.29 01:04:41.431,12.99262,12.99492,0.00,0.00
2018.05.29 01:04:41.535,12.99292,12.99532,0.00,0.00
2018.05.29 01:04:41.585,12.99302,12.99532,0.00,0.00
2018.05.29 01:04:41.637,12.99302,12.99551,0.00,0.00
2018.05.29 01:04:42.704,12.99301,12.99551,0.00,0.00
2018.05.29 01:04:42.758,12.99292,12.99521,0.00,0.00
2018.05.29 01:04:42.946,12.99259,12.99492,0.00,0.00
2018.05.29 01:04:43.163,12.99261,12.99492,0.00,0.00
2018.05.29 01:04:43.214,12.99262,12.99521,0.00,0.00
2018.05.29 01:04:44.711,12.99262,12.99501,0.00,0.00
2018.05.29 01:04:44.812,12.99259,12.99501,0.00,0.00
2018.05.29 01:04:48.856,12.99229,12.99471,0.00,0.00
2018.05.29 01:04:48.934,12.99209,12.99471,0.00,0.00
2018.05.29 01:04:49.345,12.99208,12.99452,0.00,0.00
2018.05.29 01:04:51.965,12.99219,12.99452,0.00,0.00
2018.05.29 01:04:58.096,12.99158,12.99392,0.00,0.00
2018.05.29 01:05:02.159,12.99169,12.99392,0.00,0.00
2018.05.29 01:05:03.670,12.99138,12.99392,0.00,0.00
2018.05.29 01:05:03.879,12.99102,12.99341,0.00,0.00
2018.05.29 01:05:04.354,12.99069,12.99301,0.00,0.00
2018.05.29 01:05:06.847,12.99069,12.99312,0.00,0.00
2018.05.29 01:05:07.014,12.99081,12.99331,0.00,0.00
2018.05.29 01:05:07.117,12.99081,12.99352,0.00,0.00
2018.05.29 01:05:07.168,12.99092,12.99352,0.00,0.00
2018.05.29 01:05:07.252,12.99079,12.99352,0.00,0.00
2018.05.29 01:05:07.620,12.99098,12.99352,0.00,0.00
2018.05.29 01:05:08.334,12.99071,12.99322,0.00,0.00
2018.05.29 01:05:08.487,12.99069,12.99322,0.00,0.00
2018.05.29 01:05:08.716,12.99069,12.99311,0.00,0.00
2018.05.29 01:05:08.767,12.99069,12.99332,0.00,0.00
2018.05.29 01:05:09.177,12.99091,12.99351,0.00,0.00
2018.05.29 01:05:10.036,12.99108,12.99351,0.00,0.00
2018.05.29 01:05:10.087,12.99102,12.99351,0.00,0.00
2018.05.29 01:05:10.173,12.99098,12.99351,0.00,0.00
2018.05.29 01:05:10.224,12.99092,12.99351,0.00,0.00
2018.05.29 01:05:10.275,12.99069,12.99312,0.00,0.00
2018.05.29 01:05:10.592,12.99058,12.99292,0.00,0.00
2018.05.29 01:05:12.680,12.99109,12.99382,0.00,0.00
2018.05.29 01:05:12.731,12.99128,12.99392,0.00,0.00
2018.05.29 01:05:13.079,12.99089,12.99331,0.00,0.00
2018.05.29 01:05:13.413,12.98958,12.99198,0.00,0.00
2018.05.29 01:05:13.810,12.98958,12.99222,0.00,0.00
2018.05.29 01:05:14.279,12.98958,12.99202,0.00,0.00
2018.05.29 01:05:14.771,12.98958,12.99199,0.00,0.00
2018.05.29 01:05:14.947,12.98888,12.99131,0.00,0.00
2018.05.29 01:05:14.998,12.98871,12.99131,0.00,0.00
2018.05.29 01:05:15.184,12.98901,12.99131,0.00,0.00
2018.05.29 01:05:15.234,12.98871,12.99131,0.00,0.00
2018.05.29 01:05:15.285,12.98871,12.99111,0.00,0.00
2018.05.29 01:05:15.898,12.98858,12.99111,0.00,0.00
2018.05.29 01:05:16.737,12.98858,12.99109,0.00,0.00
2018.05.29 01:05:16.788,12.98858,12.99112,0.00,0.00
2018.05.29 01:05:17.051,12.98851,12.99112,0.00,0.00
2018.05.29 01:05:17.101,12.98848,12.99102,0.00,0.00
2018.05.29 01:05:17.152,12.98811,12.99102,0.00,0.00
2018.05.29 01:05:17.203,12.98859,12.99092,0.00,0.00
2018.05.29 01:05:17.354,12.98811,12.99069,0.00,0.00
2018.05.29 01:05:17.405,12.98801,12.99069,0.00,0.00
2018.05.29 01:05:17.969,12.98791,12.99059,0.00,0.00
2018.05.29 01:05:18.581,12.98792,12.99058,0.00,0.00
2018.05.29 01:05:18.973,12.98798,12.99058,0.00,0.00
2018.05.29 01:05:19.024,12.98809,12.99089,0.00,0.00
2018.05.29 01:05:19.126,12.98801,12.99089,0.00,0.00
2018.05.29 01:05:19.624,12.98808,12.99089,0.00,0.00
2018.05.29 01:05:21.777,12.98801,12.99089,0.00,0.00
2018.05.29 01:05:23.329,12.98859,12.99102,0.00,0.00
2018.05.29 01:05:23.430,12.98802,12.99101,0.00,0.00
2018.05.29 01:05:23.640,12.98801,12.99079,0.00,0.00
2018.05.29 01:05:23.900,12.98768,12.99069,0.00,0.00
2018.05.29 01:05:23.951,12.98769,12.99051,0.00,0.00
2018.05.29 01:05:24.104,12.98741,12.99029,0.00,0.00
2018.05.29 01:05:24.155,12.98741,12.99008,0.00,0.00
2018.05.29 01:05:24.206,12.98741,12.99011,0.00,0.00
2018.05.29 01:05:24.256,12.98759,12.99011,0.00,0.00
2018.05.29 01:05:24.358,12.98709,12.99001,0.00,0.00
2018.05.29 01:05:24.408,12.98711,12.99001,0.00,0.00
2018.05.29 01:05:24.470,12.98711,12.99009,0.00,0.00
2018.05.29 01:05:24.708,12.98711,12.99002,0.00,0.00
2018.05.29 01:05:24.903,12.98709,12.99002,0.00,0.00
2018.05.29 01:05:25.960,12.98708,12.98992,0.00,0.00
2018.05.29 01:05:26.334,12.98701,12.98952,0.00,0.00
2018.05.29 01:05:27.490,12.98702,12.98962,0.00,0.00
2018.05.29 01:05:28.132,12.98701,12.98962,0.00,0.00
2018.05.29 01:05:30.219,12.98701,12.98902,0.00,0.00
2018.05.29 01:05:30.320,12.98601,12.98842,0.00,0.00
2018.05.29 01:05:30.524,12.98591,12.98812,0.00,0.00
2018.05.29 01:05:30.676,12.98509,12.98772,0.00,0.00
2018.05.29 01:05:30.727,12.98518,12.98772,0.00,0.00
2018.05.29 01:05:31.083,12.98558,12.98772,0.00,0.00
2018.05.29 01:05:31.134,12.98558,12.98789,0.00,0.00
2018.05.29 01:05:31.376,12.98558,12.98792,0.00,0.00
2018.05.29 01:05:32.077,12.98528,12.98792,0.00,0.00
2018.05.29 01:05:32.195,12.98558,12.98792,0.00,0.00
2018.05.29 01:05:32.549,12.98509,12.98792,0.00,0.00
2018.05.29 01:05:32.816,12.98502,12.98792,0.00,0.00
2018.05.29 01:05:32.867,12.98501,12.98779,0.00,0.00
2018.05.29 01:05:33.201,12.98531,12.98761,0.00,0.00
2018.05.29 01:05:33.251,12.98501,12.98761,0.00,0.00
2018.05.29 01:05:33.794,12.98502,12.98761,0.00,0.00
2018.05.29 01:05:34.287,12.98509,12.98762,0.00,0.00
2018.05.29 01:05:34.338,12.98511,12.98781,0.00,0.00
2018.05.29 01:05:34.389,12.98529,12.98802,0.00,0.00
2018.05.29 01:05:34.440,12.98559,12.98802,0.00,0.00
2018.05.29 01:05:34.561,12.98559,12.98812,0.00,0.00
2018.05.29 01:05:34.612,12.98592,12.98852,0.00,0.00
2018.05.29 01:05:34.974,12.98562,12.98848,0.00,0.00
2018.05.29 01:05:35.025,12.98561,12.98822,0.00,0.00
2018.05.29 01:05:37.303,12.98568,12.98822,0.00,0.00
2018.05.29 01:05:37.353,12.98591,12.98849,0.00,0.00
2018.05.29 01:05:37.527,12.98602,12.98849,0.00,0.00
2018.05.29 01:05:37.900,12.98591,12.98849,0.00,0.00
2018.05.29 01:05:38.096,12.98601,12.98849,0.00,0.00
2018.05.29 01:05:38.644,12.98602,12.98862,0.00,0.00
2018.05.29 01:05:38.750,12.98592,12.98841,0.00,0.00
2018.05.29 01:05:38.801,12.98602,12.98861,0.00,0.00
2018.05.29 01:05:39.294,12.98608,12.98861,0.00,0.00
2018.05.29 01:05:42.709,12.98601,12.98861,0.00,0.00
2018.05.29 01:05:43.316,12.98602,12.98861,0.00,0.00
2018.05.29 01:05:43.967,12.98658,12.98861,0.00,0.00
2018.05.29 01:05:44.018,12.98691,12.98932,0.00,0.00
2018.05.29 01:05:44.069,12.98692,12.98951,0.00,0.00
2018.05.29 01:05:44.119,12.98702,12.98951,0.00,0.00
2018.05.29 01:05:44.867,12.98701,12.98951,0.00,0.00
2018.05.29 01:05:46.624,12.98661,12.98912,0.00,0.00
2018.05.29 01:05:47.094,12.98661,12.98892,0.00,0.00
2018.05.29 01:05:47.684,12.98658,12.98892,0.00,0.00
2018.05.29 01:05:48.008,12.98658,12.98922,0.00,0.00
2018.05.29 01:05:48.260,12.98691,12.98942,0.00,0.00
2018.05.29 01:05:49.905,12.98661,12.98911,0.00,0.00
2018.05.29 01:05:50.423,12.98658,12.98911,0.00,0.00
2018.05.29 01:05:51.379,12.98652,12.98911,0.00,0.00
2018.05.29 01:05:51.480,12.98659,12.98922,0.00,0.00
2018.05.29 01:05:51.732,12.98662,12.98922,0.00,0.00
2018.05.29 01:05:52.514,12.98661,12.98922,0.00,0.00
2018.05.29 01:05:53.136,12.98691,12.98941,0.00,0.00
2018.05.29 01:05:53.504,12.98692,12.98921,0.00,0.00
2018.05.29 01:05:53.833,12.98692,12.98941,0.00,0.00
2018.05.29 01:05:54.084,12.98701,12.98941,0.00,0.00
2018.05.29 01:05:54.343,12.98691,12.98941,0.00,0.00
2018.05.29 01:05:55.489,12.98662,12.98922,0.00,0.00
2018.05.29 01:05:56.000,12.98662,12.98901,0.00,0.00
2018.05.29 01:05:56.051,12.98601,12.98892,0.00,0.00
2018.05.29 01:05:56.102,12.98601,12.98871,0.00,0.00
2018.05.29 01:05:56.476,12.98601,12.98862,0.00,0.00
2018.05.29 01:05:57.959,12.98601,12.98872,0.00,0.00
2018.05.29 01:05:59.763,12.98608,12.98872,0.00,0.00
2018.05.29 01:06:03.387,12.98602,12.98872,0.00,0.00
2018.05.29 01:06:04.133,12.98601,12.98872,0.00,0.00
2018.05.29 01:06:04.184,12.98611,12.98882,0.00,0.00
2018.05.29 01:06:04.285,12.98601,12.98882,0.00,0.00
2018.05.29 01:06:04.848,12.98621,12.98882,0.00,0.00
2018.05.29 01:06:05.453,12.98628,12.98882,0.00,0.00
2018.05.29 01:06:05.873,12.98631,12.98882,0.00,0.00
2018.05.29 01:06:05.993,12.98628,12.98882,0.00,0.00
2018.05.29 01:06:06.394,12.98622,12.98882,0.00,0.00
2018.05.29 01:06:06.445,12.98609,12.98882,0.00,0.00
2018.05.29 01:06:07.091,12.98601,12.98882,0.00,0.00
2018.05.29 01:06:07.141,12.98621,12.98882,0.00,0.00
2018.05.29 01:06:07.253,12.98612,12.98882,0.00,0.00
2018.05.29 01:06:07.363,12.98622,12.98882,0.00,0.00
2018.05.29 01:06:07.794,12.98648,12.98901,0.00,0.00
2018.05.29 01:06:07.844,12.98632,12.98901,0.00,0.00
2018.05.29 01:06:07.895,12.98642,12.98882,0.00,0.00
2018.05.29 01:06:09.664,12.98619,12.98882,0.00,0.00
2018.05.29 01:06:09.840,12.98611,12.98882,0.00,0.00
2018.05.29 01:06:09.891,12.98632,12.98882,0.00,0.00
2018.05.29 01:06:09.942,12.98618,12.98882,0.00,0.00
2018.05.29 01:06:10.727,12.98612,12.98882,0.00,0.00
2018.05.29 01:06:11.313,12.98621,12.98882,0.00,0.00
2018.05.29 01:06:13.687,12.98601,12.98882,0.00,0.00
2018.05.29 01:06:19.843,12.98632,12.98882,0.00,0.00
2018.05.29 01:06:19.894,12.98601,12.98882,0.00,0.00
2018.05.29 01:06:24.991,12.98601,12.98881,0.00,0.00
2018.05.29 01:06:25.601,12.98601,12.98882,0.00,0.00
2018.05.29 01:06:25.900,12.98602,12.98841,0.00,0.00
2018.05.29 01:06:26.003,12.98601,12.98861,0.00,0.00
2018.05.29 01:06:26.054,12.98602,12.98871,0.00,0.00
2018.05.29 01:06:27.117,12.98602,12.98872,0.00,0.00
2018.05.29 01:06:27.653,12.98601,12.98872,0.00,0.00
2018.05.29 01:06:30.092,12.98602,12.98872,0.00,0.00
2018.05.29 01:06:32.073,12.98601,12.98872,0.00,0.00
2018.05.29 01:06:32.803,12.98591,12.98862,0.00,0.00
2018.05.29 01:06:34.052,12.98601,12.98862,0.00,0.00
2018.05.29 01:06:34.308,12.98601,12.98872,0.00,0.00
2018.05.29 01:06:34.969,12.98601,12.98871,0.00,0.00
2018.05.29 01:06:35.021,12.98558,12.98771,0.00,0.00
2018.05.29 01:06:35.204,12.98501,12.98772,0.00,0.00
2018.05.29 01:06:35.412,12.98511,12.98792,0.00,0.00
2018.05.29 01:06:35.960,12.98591,12.98852,0.00,0.00
2018.05.29 01:06:36.010,12.98591,12.98862,0.00,0.00
2018.05.29 01:06:36.061,12.98601,12.98862,0.00,0.00
2018.05.29 01:06:36.295,12.98592,12.98862,0.00,0.00
2018.05.29 01:06:36.956,12.98601,12.98862,0.00,0.00
2018.05.29 01:06:38.176,12.98541,12.98781,0.00,0.00
2018.05.29 01:06:38.316,12.98541,12.98802,0.00,0.00
2018.05.29 01:06:38.741,12.98531,12.98802,0.00,0.00
2018.05.29 01:06:39.973,12.98522,12.98802,0.00,0.00
2018.05.29 01:06:40.153,12.98531,12.98802,0.00,0.00
2018.05.29 01:06:40.964,12.98541,12.98802,0.00,0.00
2018.05.29 01:06:41.155,12.98511,12.98801,0.00,0.00
2018.05.29 01:06:41.264,12.98511,12.98781,0.00,0.00
2018.05.29 01:06:41.315,12.98509,12.98781,0.00,0.00
2018.05.29 01:06:42.006,12.98502,12.98782,0.00,0.00
2018.05.29 01:06:42.110,12.98501,12.98762,0.00,0.00
2018.05.29 01:06:44.942,12.98501,12.98772,0.00,0.00
2018.05.29 01:06:46.391,12.98492,12.98751,0.00,0.00
2018.05.29 01:06:46.918,12.98491,12.98751,0.00,0.00
2018.05.29 01:06:47.249,12.98501,12.98751,0.00,0.00
2018.05.29 01:06:48.049,12.98501,12.98762,0.00,0.00
2018.05.29 01:06:48.119,12.98501,12.98782,0.00,0.00
2018.05.29 01:06:48.170,12.98521,12.98782,0.00,0.00
2018.05.29 01:06:48.234,12.98501,12.98782,0.00,0.00
2018.05.29 01:06:48.832,12.98502,12.98782,0.00,0.00
2018.05.29 01:06:49.315,12.98522,12.98782,0.00,0.00
2018.05.29 01:06:49.455,12.98502,12.98782,0.00,0.00
2018.05.29 01:06:49.995,12.98521,12.98781,0.00,0.00
2018.05.29 01:06:50.239,12.98501,12.98781,0.00,0.00
2018.05.29 01:06:51.619,12.98502,12.98781,0.00,0.00
2018.05.29 01:06:52.010,12.98501,12.98762,0.00,0.00
2018.05.29 01:06:52.558,12.98502,12.98762,0.00,0.00
2018.05.29 01:06:53.084,12.98501,12.98762,0.00,0.00
2018.05.29 01:06:59.326,12.98468,12.98752,0.00,0.00
2018.05.29 01:06:59.376,12.98491,12.98752,0.00,0.00
2018.05.29 01:06:59.744,12.98468,12.98731,0.00,0.00
2018.05.29 01:06:59.912,12.98418,12.98692,0.00,0.00
2018.05.29 01:06:59.963,12.98418,12.98561,0.00,0.00
2018.05.29 01:07:00.015,12.98401,12.98561,0.00,0.00
2018.05.29 01:07:00.116,12.98312,12.98582,0.00,0.00
2018.05.29 01:07:00.167,12.98432,12.98608,0.00,0.00
2018.05.29 01:07:00.218,12.98321,12.98608,0.00,0.00
2018.05.29 01:07:00.272,12.98422,12.98638,0.00,0.00
2018.05.29 01:07:00.592,12.98521,12.98692,0.00,0.00
2018.05.29 01:07:00.643,12.98521,12.98752,0.00,0.00
2018.05.29 01:07:00.745,12.98521,12.98749,0.00,0.00
2018.05.29 01:07:01.090,12.98522,12.98702,0.00,0.00
2018.05.29 01:07:01.783,12.98521,12.98701,0.00,0.00
2018.05.29 01:07:02.004,12.98521,12.98722,0.00,0.00
2018.05.29 01:07:02.245,12.98572,12.98781,0.00,0.00
2018.05.29 01:07:02.402,12.98521,12.98769,0.00,0.00
2018.05.29 01:07:02.453,12.98521,12.98752,0.00,0.00
2018.05.29 01:07:05.047,12.98521,12.98759,0.00,0.00
2018.05.29 01:07:05.098,12.98521,12.98762,0.00,0.00
2018.05.29 01:07:05.275,12.98571,12.98782,0.00,0.00
2018.05.29 01:07:05.585,12.98581,12.98782,0.00,0.00
2018.05.29 01:07:05.636,12.98521,12.98751,0.00,0.00
2018.05.29 01:07:05.737,12.98571,12.98772,0.00,0.00
2018.05.29 01:07:05.788,12.98571,12.98782,0.00,0.00
2018.05.29 01:07:06.398,12.98572,12.98782,0.00,0.00
2018.05.29 01:07:06.449,12.98551,12.98752,0.00,0.00
2018.05.29 01:07:06.721,12.98522,12.98752,0.00,0.00
2018.05.29 01:07:07.269,12.98522,12.98731,0.00,0.00
2018.05.29 01:07:07.807,12.98522,12.98732,0.00,0.00
2018.05.29 01:07:08.138,12.98521,12.98712,0.00,0.00
2018.05.29 01:07:08.241,12.98521,12.98732,0.00,0.00
2018.05.29 01:07:08.508,12.98521,12.98712,0.00,0.00
2018.05.29 01:07:08.929,12.98471,12.98711,0.00,0.00
2018.05.29 01:07:08.979,12.98521,12.98711,0.00,0.00
2018.05.29 01:07:09.466,12.98481,12.98711,0.00,0.00
2018.05.29 01:07:10.312,12.98471,12.98689,0.00,0.00
2018.05.29 01:07:10.422,12.98471,12.98692,0.00,0.00
2018.05.29 01:07:10.473,12.98522,12.98712,0.00,0.00
2018.05.29 01:07:11.072,12.98521,12.98712,0.00,0.00
2018.05.29 01:07:11.358,12.98481,12.98712,0.00,0.00
2018.05.29 01:07:11.510,12.98421,12.98669,0.00,0.00
2018.05.29 01:07:11.653,12.98421,12.98691,0.00,0.00
2018.05.29 01:07:12.078,12.98481,12.98691,0.00,0.00
2018.05.29 01:07:12.129,12.98481,12.98701,0.00,0.00
2018.05.29 01:07:12.618,12.98472,12.98701,0.00,0.00
2018.05.29 01:07:12.669,12.98422,12.98632,0.00,0.00
2018.05.29 01:07:13.417,12.98421,12.98631,0.00,0.00
2018.05.29 01:07:14.078,12.98422,12.98631,0.00,0.00
2018.05.29 01:07:14.883,12.98421,12.98631,0.00,0.00
2018.05.29 01:07:14.934,12.98421,12.98642,0.00,0.00
2018.05.29 01:07:15.569,12.98422,12.98642,0.00,0.00
2018.05.29 01:07:16.491,12.98421,12.98669,0.00,0.00
2018.05.29 01:07:16.616,12.98422,12.98671,0.00,0.00
2018.05.29 01:07:16.667,12.98472,12.98701,0.00,0.00
2018.05.29 01:07:17.004,12.98482,12.98681,0.00,0.00
2018.05.29 01:07:17.054,12.98422,12.98681,0.00,0.00
2018.05.29 01:07:17.635,12.98492,12.98702,0.00,0.00
2018.05.29 01:07:17.685,12.98481,12.98702,0.00,0.00
2018.05.29 01:07:17.916,12.98422,12.98702,0.00,0.00
2018.05.29 01:07:18.434,12.98422,12.98711,0.00,0.00
2018.05.29 01:07:18.854,12.98481,12.98711,0.00,0.00
2018.05.29 01:07:19.005,12.98521,12.98791,0.00,0.00
2018.05.29 01:07:19.554,12.98522,12.98758,0.00,0.00
2018.05.29 01:07:19.820,12.98422,12.98711,0.00,0.00
2018.05.29 01:07:19.870,12.98422,12.98708,0.00,0.00
2018.05.29 01:07:20.256,12.98422,12.98711,0.00,0.00
2018.05.29 01:07:20.539,12.98409,12.98698,0.00,0.00
2018.05.29 01:07:22.031,12.98409,12.98682,0.00,0.00
2018.05.29 01:07:22.541,12.98409,12.98629,0.00,0.00
2018.05.29 01:07:23.064,12.98409,12.98628,0.00,0.00
2018.05.29 01:07:24.555,12.98409,12.98649,0.00,0.00
2018.05.29 01:07:24.929,12.98409,12.98698,0.00,0.00
2018.05.29 01:07:24.990,12.98419,12.98698,0.00,0.00
2018.05.29 01:07:25.041,12.98409,12.98709,0.00,0.00
2018.05.29 01:07:25.751,12.98418,12.98709,0.00,0.00
2018.05.29 01:07:26.564,12.98418,12.98699,0.00,0.00
2018.05.29 01:07:27.095,12.98418,12.98708,0.00,0.00
2018.05.29 01:07:28.061,12.98418,12.98709,0.00,0.00
2018.05.29 01:07:29.555,12.98419,12.98709,0.00,0.00
2018.05.29 01:07:30.204,12.98419,12.98698,0.00,0.00
2018.05.29 01:07:30.591,12.98409,12.98659,0.00,0.00
2018.05.29 01:07:30.986,12.98409,12.98649,0.00,0.00
2018.05.29 01:07:31.115,12.98409,12.98651,0.00,0.00
2018.05.29 01:07:31.388,12.98409,12.98659,0.00,0.00
2018.05.29 01:07:32.158,12.98409,12.98682,0.00,0.00
2018.05.29 01:07:32.209,12.98418,12.98688,0.00,0.00
2018.05.29 01:07:32.427,12.98409,12.98688,0.00,0.00
2018.05.29 01:07:32.844,12.98409,12.98681,0.00,0.00
2018.05.29 01:07:33.659,12.98409,12.98668,0.00,0.00
2018.05.29 01:07:36.388,12.98409,12.98678,0.00,0.00
2018.05.29 01:07:36.439,12.98418,12.98678,0.00,0.00
2018.05.29 01:07:37.706,12.98418,12.98709,0.00,0.00
2018.05.29 01:07:38.011,12.98428,12.98699,0.00,0.00
2018.05.29 01:07:38.223,12.98428,12.98709,0.00,0.00
2018.05.29 01:07:38.796,12.98428,12.98698,0.00,0.00
2018.05.29 01:07:39.620,12.98428,12.98699,0.00,0.00
2018.05.29 01:07:39.823,12.98458,12.98738,0.00,0.00
2018.05.29 01:07:39.874,12.98458,12.98729,0.00,0.00
2018.05.29 01:07:39.924,12.98428,12.98719,0.00,0.00
2018.05.29 01:07:40.422,12.98428,12.98709,0.00,0.00
2018.05.29 01:07:40.814,12.98419,12.98709,0.00,0.00
2018.05.29 01:07:40.864,12.98408,12.98649,0.00,0.00
2018.05.29 01:07:41.363,12.98419,12.98648,0.00,0.00
2018.05.29 01:07:41.523,12.98419,12.98708,0.00,0.00
2018.05.29 01:07:42.855,12.98468,12.98738,0.00,0.00
2018.05.29 01:07:43.007,12.98499,12.98791,0.00,0.00
2018.05.29 01:07:43.057,12.98499,12.98748,0.00,0.00
2018.05.29 01:07:43.310,12.98499,12.98791,0.00,0.00
2018.05.29 01:07:43.883,12.98508,12.98798,0.00,0.00
2018.05.29 01:07:43.934,12.98502,12.98798,0.00,0.00
2018.05.29 01:07:43.985,12.98499,12.98748,0.00,0.00
2018.05.29 01:07:44.728,12.98499,12.98749,0.00,0.00
2018.05.29 01:07:44.779,12.98508,12.98768,0.00,0.00
2018.05.29 01:07:45.774,12.98508,12.98798,0.00,0.00
2018.05.29 01:07:45.856,12.98499,12.98798,0.00,0.00
2018.05.29 01:07:45.906,12.98499,12.98769,0.00,0.00
2018.05.29 01:07:45.980,12.98499,12.98799,0.00,0.00
2018.05.29 01:07:46.237,12.98499,12.98749,0.00,0.00
2018.05.29 01:07:46.828,12.98499,12.98748,0.00,0.00
2018.05.29 01:07:47.088,12.98518,12.98769,0.00,0.00
2018.05.29 01:07:47.550,12.98518,12.98808,0.00,0.00
2018.05.29 01:07:47.840,12.98509,12.98808,0.00,0.00
2018.05.29 01:07:48.062,12.98519,12.98808,0.00,0.00
2018.05.29 01:07:48.113,12.98448,12.98739,0.00,0.00
2018.05.29 01:07:48.163,12.98448,12.98728,0.00,0.00
2018.05.29 01:07:48.214,12.98429,12.98729,0.00,0.00
2018.05.29 01:07:48.519,12.98429,12.98719,0.00,0.00
2018.05.29 01:07:48.628,12.98429,12.98728,0.00,0.00
2018.05.29 01:07:48.821,12.98448,12.98728,0.00,0.00
2018.05.29 01:07:48.872,12.98448,12.98739,0.00,0.00
2018.05.29 01:07:49.171,12.98448,12.98709,0.00,0.00
2018.05.29 01:07:49.222,12.98428,12.98709,0.00,0.00
2018.05.29 01:07:49.717,12.98518,12.98792,0.00,0.00
2018.05.29 01:07:49.822,12.98519,12.98818,0.00,0.00
2018.05.29 01:07:49.873,12.98508,12.98818,0.00,0.00
2018.05.29 01:07:49.924,12.98508,12.98798,0.00,0.00
2018.05.29 01:07:50.563,12.98508,12.98789,0.00,0.00
2018.05.29 01:07:50.878,12.98518,12.98789,0.00,0.00
2018.05.29 01:07:51.703,12.98519,12.98789,0.00,0.00
2018.05.29 01:07:52.173,12.98519,12.98809,0.00,0.00
2018.05.29 01:07:52.691,12.98518,12.98809,0.00,0.00
2018.05.29 01:07:52.742,12.98518,12.98761,0.00,0.00
2018.05.29 01:07:52.896,12.98518,12.98782,0.00,0.00
2018.05.29 01:07:53.177,12.98528,12.98782,0.00,0.00
2018.05.29 01:07:53.805,12.98518,12.98782,0.00,0.00
2018.05.29 01:07:55.556,12.98498,12.98782,0.00,0.00
2018.05.29 01:07:55.667,12.98508,12.98782,0.00,0.00
2018.05.29 01:07:57.431,12.98491,12.98782,0.00,0.00
2018.05.29 01:07:57.482,12.98489,12.98732,0.00,0.00
2018.05.29 01:07:59.250,12.98498,12.98732,0.00,0.00
2018.05.29 01:08:00.155,12.98498,12.98751,0.00,0.00
2018.05.29 01:08:00.639,12.98508,12.98782,0.00,0.00
2018.05.29 01:08:01.793,12.98518,12.98782,0.00,0.00
2018.05.29 01:08:01.844,12.98518,12.98792,0.00,0.00
2018.05.29 01:08:01.966,12.98528,12.98792,0.00,0.00
2018.05.29 01:08:03.121,12.98588,12.98809,0.00,0.00
2018.05.29 01:08:03.273,12.98568,12.98809,0.00,0.00
2018.05.29 01:08:03.438,12.98558,12.98809,0.00,0.00
2018.05.29 01:08:03.640,12.98558,12.98821,0.00,0.00
2018.05.29 01:08:03.692,12.98548,12.98822,0.00,0.00
2018.05.29 01:08:03.863,12.98528,12.98792,0.00,0.00
2018.05.29 01:08:04.820,12.98548,12.98792,0.00,0.00
2018.05.29 01:08:04.871,12.98548,12.98801,0.00,0.00
2018.05.29 01:08:07.929,12.98568,12.98818,0.00,0.00
2018.05.29 01:08:08.273,12.98589,12.98822,0.00,0.00
2018.05.29 01:08:08.869,12.98568,12.98822,0.00,0.00
2018.05.29 01:08:08.920,12.98548,12.98808,0.00,0.00
2018.05.29 01:08:09.072,12.98528,12.98802,0.00,0.00
2018.05.29 01:08:09.268,12.98512,12.98802,0.00,0.00
2018.05.29 01:08:09.369,12.98522,12.98802,0.00,0.00
2018.05.29 01:08:09.683,12.98589,12.98849,0.00,0.00
2018.05.29 01:08:11.161,12.98548,12.98809,0.00,0.00
2018.05.29 01:08:11.226,12.98541,12.98809,0.00,0.00
2018.05.29 01:08:11.327,12.98588,12.98869,0.00,0.00
2018.05.29 01:08:11.683,12.98588,12.98852,0.00,0.00
2018.05.29 01:08:12.728,12.98588,12.98832,0.00,0.00
2018.05.29 01:08:13.993,12.98598,12.98852,0.00,0.00
2018.05.29 01:08:17.862,12.98591,12.98852,0.00,0.00
2018.05.29 01:08:18.156,12.98588,12.98852,0.00,0.00
2018.05.29 01:08:18.534,12.98588,12.98822,0.00,0.00
2018.05.29 01:08:22.811,12.98592,12.98841,0.00,0.00
2018.05.29 01:08:22.992,12.98602,12.98841,0.00,0.00
2018.05.29 01:08:23.538,12.98602,12.98851,0.00,0.00
2018.05.29 01:08:23.701,12.98591,12.98851,0.00,0.00
2018.05.29 01:08:23.751,12.98602,12.98851,0.00,0.00
2018.05.29 01:08:25.454,12.98591,12.98851,0.00,0.00
2018.05.29 01:08:26.472,12.98601,12.98851,0.00,0.00
2018.05.29 01:08:27.302,12.98598,12.98821,0.00,0.00
2018.05.29 01:08:27.352,12.98591,12.98821,0.00,0.00
2018.05.29 01:08:28.037,12.98592,12.98821,0.00,0.00
2018.05.29 01:08:28.723,12.98588,12.98821,0.00,0.00
2018.05.29 01:08:28.875,12.98579,12.98821,0.00,0.00
2018.05.29 01:08:30.842,12.98579,12.98802,0.00,0.00
2018.05.29 01:08:31.517,12.98578,12.98802,0.00,0.00
2018.05.29 01:08:31.568,12.98538,12.98802,0.00,0.00
2018.05.29 01:08:31.685,12.98538,12.98782,0.00,0.00
2018.05.29 01:08:32.177,12.98579,12.98782,0.00,0.00
2018.05.29 01:08:32.839,12.98581,12.98822,0.00,0.00
2018.05.29 01:08:33.501,12.98581,12.98821,0.00,0.00
2018.05.29 01:08:35.353,12.98592,12.98832,0.00,0.00
2018.05.29 01:08:35.678,12.98579,12.98792,0.00,0.00
2018.05.29 01:08:37.112,12.98579,12.98801,0.00,0.00
2018.05.29 01:08:37.163,12.98579,12.98842,0.00,0.00
2018.05.29 01:08:37.296,12.98579,12.98822,0.00,0.00
2018.05.29 01:08:37.644,12.98579,12.98792,0.00,0.00
2018.05.29 01:08:38.945,12.98579,12.98822,0.00,0.00
2018.05.29 01:08:40.135,12.98591,12.98822,0.00,0.00
2018.05.29 01:08:40.186,12.98591,12.98842,0.00,0.00
2018.05.29 01:08:40.339,12.98601,12.98842,0.00,0.00
2018.05.29 01:08:40.839,12.98602,12.98822,0.00,0.00
2018.05.29 01:08:41.535,12.98601,12.98822,0.00,0.00
2018.05.29 01:08:41.727,12.98591,12.98822,0.00,0.00
2018.05.29 01:08:41.828,12.98602,12.98792,0.00,0.00
2018.05.29 01:08:42.472,12.98601,12.98792,0.00,0.00
2018.05.29 01:08:43.184,12.98591,12.98792,0.00,0.00
2018.05.29 01:08:43.235,12.98591,12.98812,0.00,0.00
2018.05.29 01:08:43.286,12.98601,12.98802,0.00,0.00
2018.05.29 01:08:43.638,12.98591,12.98821,0.00,0.00
2018.05.29 01:08:43.760,12.98582,12.98792,0.00,0.00
2018.05.29 01:08:44.248,12.98582,12.98772,0.00,0.00
2018.05.29 01:08:44.305,12.98591,12.98792,0.00,0.00
2018.05.29 01:08:44.403,12.98579,12.98792,0.00,0.00
2018.05.29 01:08:44.754,12.98582,12.98792,0.00,0.00
2018.05.29 01:08:44.805,12.98602,12.98822,0.00,0.00
2018.05.29 01:08:44.957,12.98601,12.98792,0.00,0.00
2018.05.29 01:08:45.324,12.98582,12.98792,0.00,0.00
2018.05.29 01:08:46.255,12.98579,12.98792,0.00,0.00
2018.05.29 01:08:47.633,12.98579,12.98771,0.00,0.00
2018.05.29 01:08:47.876,12.98541,12.98751,0.00,0.00
2018.05.29 01:08:48.308,12.98511,12.98751,0.00,0.00
2018.05.29 01:08:48.509,12.98501,12.98732,0.00,0.00
2018.05.29 01:08:48.957,12.98511,12.98741,0.00,0.00
2018.05.29 01:08:49.567,12.98512,12.98732,0.00,0.00
2018.05.29 01:08:49.817,12.98502,12.98732,0.00,0.00
2018.05.29 01:08:50.324,12.98501,12.98732,0.00,0.00
2018.05.29 01:08:50.889,12.98502,12.98732,0.00,0.00
2018.05.29 01:08:50.940,12.98481,12.98692,0.00,0.00
2018.05.29 01:08:51.092,12.98492,12.98731,0.00,0.00
2018.05.29 01:08:51.595,12.98491,12.98731,0.00,0.00
2018.05.29 01:08:55.437,12.98478,12.98731,0.00,0.00
2018.05.29 01:08:55.667,12.98501,12.98731,0.00,0.00
2018.05.29 01:08:56.217,12.98501,12.98722,0.00,0.00
2018.05.29 01:08:56.333,12.98491,12.98722,0.00,0.00
2018.05.29 01:08:56.765,12.98478,12.98672,0.00,0.00
2018.05.29 01:08:56.816,12.98442,12.98661,0.00,0.00
2018.05.29 01:08:56.868,12.98442,12.98631,0.00,0.00
2018.05.29 01:08:57.198,12.98401,12.98631,0.00,0.00
2018.05.29 01:08:57.897,12.98378,12.98592,0.00,0.00
2018.05.29 01:08:57.948,12.98402,12.98622,0.00,0.00
2018.05.29 01:08:58.050,12.98401,12.98629,0.00,0.00
2018.05.29 01:08:58.314,12.98401,12.98632,0.00,0.00
2018.05.29 01:08:58.924,12.98391,12.98622,0.00,0.00
2018.05.29 01:08:59.584,12.98392,12.98622,0.00,0.00
2018.05.29 01:08:59.887,12.98378,12.98622,0.00,0.00
2018.05.29 01:09:00.040,12.98392,12.98621,0.00,0.00
2018.05.29 01:09:00.179,12.98401,12.98631,0.00,0.00
2018.05.29 01:09:01.165,12.98402,12.98631,0.00,0.00
2018.05.29 01:09:01.895,12.98401,12.98631,0.00,0.00
2018.05.29 01:09:03.475,12.98402,12.98631,0.00,0.00
2018.05.29 01:09:04.235,12.98391,12.98631,0.00,0.00
2018.05.29 01:09:04.336,12.98401,12.98631,0.00,0.00
2018.05.29 01:09:04.706,12.98392,12.98631,0.00,0.00
2018.05.29 01:09:04.807,12.98402,12.98631,0.00,0.00
2018.05.29 01:09:05.056,12.98391,12.98631,0.00,0.00
2018.05.29 01:09:05.247,12.98378,12.98621,0.00,0.00
2018.05.29 01:09:05.301,12.98378,12.98572,0.00,0.00
2018.05.29 01:09:05.565,12.98378,12.98601,0.00,0.00
2018.05.29 01:09:05.717,12.98391,12.98622,0.00,0.00
2018.05.29 01:09:06.336,12.98402,12.98622,0.00,0.00
2018.05.29 01:09:06.387,12.98402,12.98641,0.00,0.00
2018.05.29 01:09:06.924,12.98402,12.98642,0.00,0.00
2018.05.29 01:09:07.526,12.98391,12.98642,0.00,0.00
2018.05.29 01:09:07.637,12.98401,12.98642,0.00,0.00
2018.05.29 01:09:07.968,12.98391,12.98642,0.00,0.00
2018.05.29 01:09:08.018,12.98401,12.98642,0.00,0.00
2018.05.29 01:09:09.540,12.98402,12.98642,0.00,0.00
2018.05.29 01:09:10.150,12.98401,12.98642,0.00,0.00
2018.05.29 01:09:10.501,12.98369,12.98581,0.00,0.00
2018.05.29 01:09:10.810,12.98369,12.98562,0.00,0.00
2018.05.29 01:09:11.189,12.98369,12.98611,0.00,0.00
2018.05.29 01:09:11.240,12.98369,12.98622,0.00,0.00
2018.05.29 01:09:11.464,12.98382,12.98622,0.00,0.00
2018.05.29 01:09:11.785,12.98412,12.98642,0.00,0.00
2018.05.29 01:09:12.104,12.98492,12.98732,0.00,0.00
2018.05.29 01:09:12.154,12.98501,12.98732,0.00,0.00
2018.05.29 01:09:12.669,12.98502,12.98732,0.00,0.00
2018.05.29 01:09:12.919,12.98471,12.98702,0.00,0.00
2018.05.29 01:09:13.035,12.98471,12.98682,0.00,0.00
2018.05.29 01:09:13.086,12.98471,12.98702,0.00,0.00
2018.05.29 01:09:13.280,12.98502,12.98732,0.00,0.00
2018.05.29 01:09:13.653,12.98501,12.98702,0.00,0.00
2018.05.29 01:09:14.096,12.98561,12.98762,0.00,0.00
2018.05.29 01:09:14.468,12.98572,12.98772,0.00,0.00
2018.05.29 01:09:15.030,12.98501,12.98712,0.00,0.00
2018.05.29 01:09:15.146,12.98501,12.98691,0.00,0.00
2018.05.29 01:09:15.496,12.98519,12.98741,0.00,0.00
2018.05.29 01:09:15.547,12.98532,12.98741,0.00,0.00
2018.05.29 01:09:15.868,12.98502,12.98692,0.00,0.00
2018.05.29 01:09:15.970,12.98562,12.98771,0.00,0.00
2018.05.29 01:09:16.021,12.98572,12.98771,0.00,0.00
2018.05.29 01:09:16.378,12.98518,12.98772,0.00,0.00
2018.05.29 01:09:16.429,12.98461,12.98722,0.00,0.00
2018.05.29 01:09:16.531,12.98461,12.98642,0.00,0.00
2018.05.29 01:09:16.633,12.98401,12.98611,0.00,0.00
2018.05.29 01:09:16.734,12.98418,12.98632,0.00,0.00
2018.05.29 01:09:16.887,12.98418,12.98611,0.00,0.00
2018.05.29 01:09:16.945,12.98402,12.98621,0.00,0.00
2018.05.29 01:09:16.998,12.98382,12.98621,0.00,0.00
2018.05.29 01:09:17.154,12.98418,12.98621,0.00,0.00
2018.05.29 01:09:17.327,12.98418,12.98641,0.00,0.00
2018.05.29 01:09:17.450,12.98482,12.98652,0.00,0.00
2018.05.29 01:09:17.501,12.98461,12.98652,0.00,0.00
2018.05.29 01:09:17.553,12.98482,12.98701,0.00,0.00
2018.05.29 01:09:17.603,12.98511,12.98722,0.00,0.00
2018.05.29 01:09:17.755,12.98482,12.98722,0.00,0.00
2018.05.29 01:09:18.049,12.98501,12.98722,0.00,0.00
2018.05.29 01:09:19.445,12.98502,12.98722,0.00,0.00
2018.05.29 01:09:20.601,12.98501,12.98722,0.00,0.00
2018.05.29 01:09:21.441,12.98502,12.98722,0.00,0.00
2018.05.29 01:09:22.272,12.98501,12.98722,0.00,0.00
2018.05.29 01:09:23.165,12.98502,12.98722,0.00,0.00
2018.05.29 01:09:23.906,12.98501,12.98722,0.00,0.00
2018.05.29 01:09:25.074,12.98501,12.98702,0.00,0.00
2018.05.29 01:09:25.415,12.98501,12.98712,0.00,0.00
2018.05.29 01:09:26.182,12.98502,12.98712,0.00,0.00
2018.05.29 01:09:26.908,12.98501,12.98712,0.00,0.00
2018.05.29 01:09:27.574,12.98502,12.98712,0.00,0.00
2018.05.29 01:09:27.716,12.98502,12.98702,0.00,0.00
2018.05.29 01:09:27.818,12.98491,12.98702,0.00,0.00
2018.05.29 01:09:27.869,12.98502,12.98702,0.00,0.00
2018.05.29 01:09:27.920,12.98561,12.98802,0.00,0.00
2018.05.29 01:09:28.055,12.98571,12.98712,0.00,0.00
2018.05.29 01:09:28.106,12.98519,12.98712,0.00,0.00
2018.05.29 01:09:28.157,12.98501,12.98712,0.00,0.00
2018.05.29 01:09:28.267,12.98532,12.98742,0.00,0.00
2018.05.29 01:09:28.879,12.98552,12.98752,0.00,0.00
2018.05.29 01:09:28.930,12.98541,12.98752,0.00,0.00
2018.05.29 01:09:29.032,12.98522,12.98731,0.00,0.00
2018.05.29 01:09:29.335,12.98521,12.98752,0.00,0.00
2018.05.29 01:09:29.626,12.98529,12.98778,0.00,0.00
2018.05.29 01:09:29.677,12.98561,12.98791,0.00,0.00
2018.05.29 01:09:29.779,12.98531,12.98771,0.00,0.00
2018.05.29 01:09:29.832,12.98509,12.98771,0.00,0.00
2018.05.29 01:09:29.882,12.98528,12.98779,0.00,0.00
2018.05.29 01:09:30.189,12.98511,12.98762,0.00,0.00
2018.05.29 01:09:30.769,12.98511,12.98761,0.00,0.00
2018.05.29 01:09:31.078,12.98538,12.98762,0.00,0.00
2018.05.29 01:09:31.519,12.98588,12.98762,0.00,0.00
2018.05.29 01:09:31.875,12.98638,12.98762,0.00,0.00
2018.05.29 01:09:31.926,12.98638,12.98822,0.00,0.00
2018.05.29 01:09:31.977,12.98638,12.98791,0.00,0.00
2018.05.29 01:09:32.637,12.98638,12.98821,0.00,0.00
2018.05.29 01:09:32.739,12.98638,12.98791,0.00,0.00
2018.05.29 01:09:32.790,12.98638,12.98821,0.00,0.00
2018.05.29 01:09:32.841,12.98638,12.98792,0.00,0.00
2018.05.29 01:09:33.226,12.98638,12.98821,0.00,0.00
2018.05.29 01:09:33.587,12.98638,12.98831,0.00,0.00
2018.05.29 01:09:34.283,12.98638,12.98832,0.00,0.00
2018.05.29 01:09:34.555,12.98638,12.98879,0.00,0.00
2018.05.29 01:09:34.606,12.98689,12.98882,0.00,0.00
2018.05.29 01:09:34.988,12.98738,12.98912,0.00,0.00
2018.05.29 01:09:35.638,12.98738,12.98932,0.00,0.00
2018.05.29 01:09:36.090,12.98738,12.98941,0.00,0.00
2018.05.29 01:09:36.218,12.98738,12.98952,0.00,0.00
2018.05.29 01:09:36.319,12.98828,12.98952,0.00,0.00
2018.05.29 01:09:36.420,12.98741,12.98952,0.00,0.00
2018.05.29 01:09:36.471,12.98771,12.98952,0.00,0.00
2018.05.29 01:09:36.599,12.98771,12.98962,0.00,0.00
2018.05.29 01:09:36.700,12.98829,12.99011,0.00,0.00
2018.05.29 01:09:37.003,12.98829,12.99031,0.00,0.00
2018.05.29 01:09:37.053,12.98869,12.99042,0.00,0.00
2018.05.29 01:09:37.312,12.98831,12.99042,0.00,0.00
2018.05.29 01:09:37.414,12.98872,12.99051,0.00,0.00
2018.05.29 01:09:37.465,12.98908,12.99132,0.00,0.00
2018.05.29 01:09:37.515,12.98931,12.99131,0.00,0.00
2018.05.29 01:09:37.566,12.98912,12.99131,0.00,0.00
2018.05.29 01:09:37.906,12.98908,12.99131,0.00,0.00
2018.05.29 01:09:37.969,12.98912,12.99131,0.00,0.00
2018.05.29 01:09:38.135,12.98908,12.99131,0.00,0.00
2018.05.29 01:09:38.605,12.98911,12.99131,0.00,0.00
2018.05.29 01:09:38.799,12.98911,12.99141,0.00,0.00
2018.05.29 01:09:38.851,12.98922,12.99141,0.00,0.00
2018.05.29 01:09:39.447,12.98912,12.99141,0.00,0.00
2018.05.29 01:09:39.529,12.98921,12.99141,0.00,0.00
2018.05.29 01:09:39.895,12.99041,12.99232,0.00,0.00
2018.05.29 01:09:40.104,12.99021,12.99232,0.00,0.00
2018.05.29 01:09:40.155,12.99011,12.99192,0.00,0.00
2018.05.29 01:09:40.256,12.99009,12.99192,0.00,0.00
2018.05.29 01:09:40.442,12.99009,12.99171,0.00,0.00
2018.05.29 01:09:40.594,12.99009,12.99222,0.00,0.00
2018.05.29 01:09:40.860,12.99071,12.99222,0.00,0.00
2018.05.29 01:09:40.911,12.99009,12.99222,0.00,0.00
2018.05.29 01:09:41.266,12.99009,12.99232,0.00,0.00
2018.05.29 01:09:41.416,12.99012,12.99232,0.00,0.00
2018.05.29 01:09:41.920,12.99009,12.99231,0.00,0.00
2018.05.29 01:09:42.396,12.99009,12.99222,0.00,0.00
2018.05.29 01:09:42.447,12.99009,12.99231,0.00,0.00
2018.05.29 01:09:42.498,12.99009,12.99241,0.00,0.00
2018.05.29 01:09:42.549,12.99011,12.99241,0.00,0.00
2018.05.29 01:09:42.635,12.99009,12.99241,0.00,0.00
2018.05.29 01:09:43.171,12.99012,12.99241,0.00,0.00
2018.05.29 01:09:43.273,12.99011,12.99252,0.00,0.00
2018.05.29 01:09:43.425,12.99009,12.99252,0.00,0.00
2018.05.29 01:09:43.560,12.99022,12.99252,0.00,0.00
2018.05.29 01:09:44.116,12.99021,12.99252,0.00,0.00
2018.05.29 01:09:44.446,12.99008,12.99161,0.00,0.00
2018.05.29 01:09:44.673,12.98959,12.99161,0.00,0.00
2018.05.29 01:09:44.825,12.98912,12.99162,0.00,0.00
2018.05.29 01:09:45.197,12.98909,12.99162,0.00,0.00
2018.05.29 01:09:45.247,12.98909,12.99142,0.00,0.00
2018.05.29 01:09:48.866,12.98911,12.99142,0.00,0.00
2018.05.29 01:09:49.374,12.98958,12.99162,0.00,0.00
2018.05.29 01:09:49.425,12.98921,12.99162,0.00,0.00
2018.05.29 01:09:49.836,12.98958,12.99162,0.00,0.00
2018.05.29 01:09:49.889,12.98961,12.99201,0.00,0.00
2018.05.29 01:09:49.990,12.99008,12.99201,0.00,0.00
2018.05.29 01:09:50.080,12.99008,12.99222,0.00,0.00
2018.05.29 01:09:50.297,12.99001,12.99222,0.00,0.00
2018.05.29 01:09:50.348,12.98959,12.99162,0.00,0.00
2018.05.29 01:09:50.554,12.98921,12.99162,0.00,0.00
2018.05.29 01:09:50.979,12.98911,12.99162,0.00,0.00
2018.05.29 01:09:51.029,12.98921,12.99161,0.00,0.00
2018.05.29 01:09:51.123,12.98911,12.99161,0.00,0.00
2018.05.29 01:09:52.093,12.98908,12.99161,0.00,0.00
2018.05.29 01:09:52.348,12.98908,12.99142,0.00,0.00
2018.05.29 01:09:53.054,12.98908,12.99132,0.00,0.00
2018.05.29 01:09:53.533,12.98918,12.99111,0.00,0.00
2018.05.29 01:09:53.685,12.98818,12.99072,0.00,0.00
2018.05.29 01:09:54.063,12.98818,12.99052,0.00,0.00
2018.05.29 01:09:54.215,12.98818,12.99061,0.00,0.00
2018.05.29 01:09:54.753,12.98818,12.99042,0.00,0.00
2018.05.29 01:09:55.656,12.98818,12.99062,0.00,0.00
2018.05.29 01:09:55.846,12.98891,12.99109,0.00,0.00
2018.05.29 01:09:55.897,12.98892,12.99132,0.00,0.00
2018.05.29 01:09:55.998,12.98918,12.99132,0.00,0.00
2018.05.29 01:09:56.196,12.98918,12.99151,0.00,0.00
2018.05.29 01:09:59.212,12.98918,12.99122,0.00,0.00
2018.05.29 01:09:59.574,12.98918,12.99142,0.00,0.00
2018.05.29 01:09:59.707,12.98918,12.99152,0.00,0.00
2018.05.29 01:10:00.715,12.98918,12.99132,0.00,0.00
2018.05.29 01:10:01.048,12.98918,12.99102,0.00,0.00
2018.05.29 01:10:01.149,12.98918,12.99131,0.00,0.00
2018.05.29 01:10:01.445,12.98918,12.99112,0.00,0.00
2018.05.29 01:10:01.496,12.98918,12.99132,0.00,0.00
2018.05.29 01:10:04.023,12.98901,12.99131,0.00,0.00
2018.05.29 01:10:04.073,12.98868,12.99052,0.00,0.00
2018.05.29 01:10:04.174,12.98819,12.99032,0.00,0.00
2018.05.29 01:10:04.722,12.98819,12.99042,0.00,0.00
2018.05.29 01:10:05.906,12.98819,12.99051,0.00,0.00
2018.05.29 01:10:08.917,12.98891,12.99132,0.00,0.00
2018.05.29 01:10:08.968,12.98892,12.99102,0.00,0.00
2018.05.29 01:10:09.163,12.98918,12.99132,0.00,0.00
2018.05.29 01:10:11.352,12.98902,12.99132,0.00,0.00
2018.05.29 01:10:11.404,12.98818,12.99051,0.00,0.00
2018.05.29 01:10:11.710,12.98869,12.99051,0.00,0.00
2018.05.29 01:10:11.761,12.98869,12.99072,0.00,0.00
2018.05.29 01:10:11.979,12.98821,12.99072,0.00,0.00
2018.05.29 01:10:14.201,12.98822,12.99072,0.00,0.00
2018.05.29 01:10:14.344,12.98831,12.99072,0.00,0.00
2018.05.29 01:10:15.148,12.98832,12.99072,0.00,0.00
2018.05.29 01:10:15.323,12.98821,12.99072,0.00,0.00
2018.05.29 01:10:15.888,12.98821,12.99071,0.00,0.00
2018.05.29 01:10:16.271,12.98868,12.99071,0.00,0.00
2018.05.29 01:10:16.323,12.98832,12.99071,0.00,0.00
2018.05.29 01:10:16.424,12.98819,12.99049,0.00,0.00
2018.05.29 01:10:16.575,12.98828,12.99072,0.00,0.00
2018.05.29 01:10:16.626,12.98819,12.99072,0.00,0.00
2018.05.29 01:10:17.919,12.98878,12.99072,0.00,0.00
2018.05.29 01:10:18.071,12.98828,12.99062,0.00,0.00
2018.05.29 01:10:23.469,12.98828,12.99042,0.00,0.00
2018.05.29 01:10:24.104,12.98828,12.99052,0.00,0.00
2018.05.29 01:10:24.592,12.98861,12.99052,0.00,0.00
2018.05.29 01:10:24.909,12.98828,12.99052,0.00,0.00
2018.05.29 01:10:25.790,12.98879,12.99092,0.00,0.00
2018.05.29 01:10:26.059,12.98828,12.99071,0.00,0.00
2018.05.29 01:10:26.110,12.98828,12.99052,0.00,0.00
2018.05.29 01:10:26.929,12.98828,12.99051,0.00,0.00
2018.05.29 01:10:26.979,12.98828,12.99072,0.00,0.00
2018.05.29 01:10:27.689,12.98832,12.99072,0.00,0.00
2018.05.29 01:10:28.083,12.98919,12.99139,0.00,0.00
2018.05.29 01:10:28.443,12.98981,12.99172,0.00,0.00
2018.05.29 01:10:28.493,12.98981,12.99199,0.00,0.00
2018.05.29 01:10:28.596,12.98999,12.99199,0.00,0.00
2018.05.29 01:10:28.649,12.98999,12.99212,0.00,0.00
2018.05.29 01:10:28.835,12.98999,12.99209,0.00,0.00
2018.05.29 01:10:29.596,12.98999,12.99208,0.00,0.00
2018.05.29 01:10:29.698,12.98999,12.99219,0.00,0.00
2018.05.29 01:10:29.754,12.98999,12.99208,0.00,0.00
2018.05.29 01:10:29.834,12.98999,12.99219,0.00,0.00
2018.05.29 01:10:30.166,12.98999,12.99209,0.00,0.00
2018.05.29 01:10:30.755,12.98999,12.99208,0.00,0.00
2018.05.29 01:10:31.544,12.98999,12.99209,0.00,0.00
2018.05.29 01:10:32.254,12.98999,12.99219,0.00,0.00
2018.05.29 01:10:32.582,12.98999,12.99209,0.00,0.00
2018.05.29 01:10:32.683,12.98999,12.99212,0.00,0.00
2018.05.29 01:10:32.734,12.98999,12.99231,0.00,0.00
2018.05.29 01:10:32.835,12.98989,12.99231,0.00,0.00
2018.05.29 01:10:33.379,12.98989,12.99232,0.00,0.00
2018.05.29 01:10:33.703,12.98989,12.99218,0.00,0.00
2018.05.29 01:10:34.693,12.98989,12.99232,0.00,0.00
2018.05.29 01:10:35.609,12.98989,12.99211,0.00,0.00
2018.05.29 01:10:35.895,12.98988,12.99232,0.00,0.00
2018.05.29 01:10:35.996,12.98988,12.99212,0.00,0.00
2018.05.29 01:10:36.101,12.98988,12.99232,0.00,0.00
2018.05.29 01:10:36.152,12.98988,12.99229,0.00,0.00
2018.05.29 01:10:36.806,12.98988,12.99232,0.00,0.00
2018.05.29 01:10:36.907,12.98988,12.99229,0.00,0.00
2018.05.29 01:10:37.482,12.98988,12.99232,0.00,0.00
2018.05.29 01:10:38.121,12.98988,12.99231,0.00,0.00
2018.05.29 01:10:38.272,12.98988,12.99212,0.00,0.00
2018.05.29 01:10:38.323,12.98988,12.99219,0.00,0.00
2018.05.29 01:10:39.088,12.98988,12.99228,0.00,0.00
2018.05.29 01:10:39.190,12.98988,12.99241,0.00,0.00
2018.05.29 01:10:39.241,12.98988,12.99248,0.00,0.00
2018.05.29 01:10:40.024,12.98988,12.99239,0.00,0.00
2018.05.29 01:10:40.565,12.98988,12.99248,0.00,0.00
2018.05.29 01:10:40.678,12.98988,12.99238,0.00,0.00
2018.05.29 01:10:41.276,12.98988,12.99249,0.00,0.00
2018.05.29 01:10:41.472,12.98988,12.99238,0.00,0.00
2018.05.29 01:10:41.570,12.98988,12.99248,0.00,0.00
2018.05.29 01:10:41.837,12.98988,12.99239,0.00,0.00
2018.05.29 01:10:42.476,12.98988,12.99248,0.00,0.00
2018.05.29 01:10:44.084,12.98988,12.99209,0.00,0.00
2018.05.29 01:10:44.135,12.98961,12.99209,0.00,0.00
2018.05.29 01:10:44.287,12.98949,12.99208,0.00,0.00
2018.05.29 01:10:45.212,12.98949,12.99209,0.00,0.00
2018.05.29 01:10:45.313,12.98948,12.99219,0.00,0.00
2018.05.29 01:10:45.363,12.98948,12.99209,0.00,0.00
2018.05.29 01:10:45.414,12.98978,12.99249,0.00,0.00
2018.05.29 01:10:45.514,12.99028,12.99278,0.00,0.00
2018.05.29 01:10:47.644,12.99028,12.99281,0.00,0.00
2018.05.29 01:10:47.745,12.99028,12.99279,0.00,0.00
2018.05.29 01:10:48.369,12.99089,12.99288,0.00,0.00
2018.05.29 01:10:48.622,12.99048,12.99288,0.00,0.00
2018.05.29 01:10:48.783,12.99088,12.99288,0.00,0.00
2018.05.29 01:10:48.884,12.99138,12.99372,0.00,0.00
2018.05.29 01:10:49.023,12.99138,12.99389,0.00,0.00
2018.05.29 01:10:49.075,12.99138,12.99392,0.00,0.00
2018.05.29 01:10:49.183,12.99138,12.99389,0.00,0.00
2018.05.29 01:10:49.509,12.99138,12.99381,0.00,0.00
2018.05.29 01:10:49.880,12.99138,12.99388,0.00,0.00
2018.05.29 01:10:50.107,12.99149,12.99388,0.00,0.00
2018.05.29 01:10:50.431,12.99038,12.99289,0.00,0.00
2018.05.29 01:10:50.532,12.99098,12.99302,0.00,0.00
2018.05.29 01:10:50.761,12.99139,12.99371,0.00,0.00
2018.05.29 01:10:50.862,12.99119,12.99371,0.00,0.00
2018.05.29 01:10:51.013,12.99119,12.99361,0.00,0.00
2018.05.29 01:10:51.880,12.99128,12.99388,0.00,0.00
2018.05.29 01:10:51.930,12.99119,12.99361,0.00,0.00
2018.05.29 01:10:52.054,12.99128,12.99378,0.00,0.00
2018.05.29 01:10:52.408,12.99119,12.99362,0.00,0.00
2018.05.29 01:10:52.459,12.99128,12.99382,0.00,0.00
2018.05.29 01:10:52.606,12.99128,12.99329,0.00,0.00
2018.05.29 01:10:52.656,12.99119,12.99371,0.00,0.00
2018.05.29 01:10:52.707,12.99119,12.99382,0.00,0.00
2018.05.29 01:10:52.758,12.99119,12.99378,0.00,0.00
2018.05.29 01:10:53.079,12.99119,12.99291,0.00,0.00
2018.05.29 01:10:53.130,12.99119,12.99311,0.00,0.00
2018.05.29 01:10:53.606,12.99119,12.99282,0.00,0.00
2018.05.29 01:10:53.707,12.99119,12.99312,0.00,0.00
2018.05.29 01:10:53.808,12.99119,12.99292,0.00,0.00
2018.05.29 01:10:53.859,12.99119,12.99331,0.00,0.00
2018.05.29 01:10:54.725,12.99119,12.99352,0.00,0.00
2018.05.29 01:10:55.193,12.99119,12.99312,0.00,0.00
2018.05.29 01:10:55.556,12.99119,12.99292,0.00,0.00
2018.05.29 01:10:55.608,12.99119,12.99331,0.00,0.00
2018.05.29 01:10:55.966,12.99119,12.99312,0.00,0.00
2018.05.29 01:10:56.021,12.99108,12.99312,0.00,0.00
2018.05.29 01:10:56.324,12.99108,12.99282,0.00,0.00
2018.05.29 01:10:56.442,12.99108,12.99342,0.00,0.00
2018.05.29 01:10:59.968,12.99061,12.99262,0.00,0.00
2018.05.29 01:11:00.262,12.99008,12.99262,0.00,0.00
2018.05.29 01:11:02.280,12.99009,12.99271,0.00,0.00
2018.05.29 01:11:02.655,12.99058,12.99271,0.00,0.00
2018.05.29 01:11:02.757,12.99009,12.99271,0.00,0.00
2018.05.29 01:11:02.959,12.99059,12.99271,0.00,0.00
2018.05.29 01:11:03.504,12.99059,12.99272,0.00,0.00
2018.05.29 01:11:04.127,12.99018,12.99272,0.00,0.00
2018.05.29 01:11:04.497,12.99059,12.99309,0.00,0.00
2018.05.29 01:11:04.829,12.99108,12.99341,0.00,0.00
2018.05.29 01:11:05.034,12.99108,12.99362,0.00,0.00
2018.05.29 01:11:05.659,12.99159,12.99362,0.00,0.00
2018.05.29 01:11:05.710,12.99162,12.99391,0.00,0.00
2018.05.29 01:11:05.761,12.99159,12.99391,0.00,0.00
2018.05.29 01:11:05.812,12.99208,12.99391,0.00,0.00
2018.05.29 01:11:06.733,12.99208,12.99461,0.00,0.00
2018.05.29 01:11:06.835,12.99211,12.99462,0.00,0.00
2018.05.29 01:11:07.181,12.99308,12.99552,0.00,0.00
2018.05.29 01:11:07.428,12.99308,12.99562,0.00,0.00
2018.05.29 01:11:08.356,12.99301,12.99562,0.00,0.00
2018.05.29 01:11:08.628,12.99368,12.99581,0.00,0.00
2018.05.29 01:11:08.730,12.99368,12.99601,0.00,0.00
2018.05.29 01:11:09.746,12.99398,12.99652,0.00,0.00
2018.05.29 01:11:09.952,12.99391,12.99631,0.00,0.00
2018.05.29 01:11:10.066,12.99391,12.99651,0.00,0.00
2018.05.29 01:11:10.175,12.99389,12.99648,0.00,0.00
2018.05.29 01:11:10.477,12.99368,12.99621,0.00,0.00
2018.05.29 01:11:10.763,12.99391,12.99649,0.00,0.00
2018.05.29 01:11:10.814,12.99401,12.99649,0.00,0.00
2018.05.29 01:11:11.093,12.99401,12.99661,0.00,0.00
2018.05.29 01:11:11.437,12.99401,12.99651,0.00,0.00
2018.05.29 01:11:11.589,12.99381,12.99642,0.00,0.00
2018.05.29 01:11:11.640,12.99381,12.99612,0.00,0.00
2018.05.29 01:11:11.814,12.99381,12.99632,0.00,0.00
2018.05.29 01:11:12.131,12.99368,12.99632,0.00,0.00
2018.05.29 01:11:12.586,12.99358,12.99631,0.00,0.00
2018.05.29 01:11:12.710,12.99379,12.99661,0.00,0.00
2018.05.29 01:11:12.761,12.99408,12.99661,0.00,0.00
2018.05.29 01:11:12.812,12.99418,12.99672,0.00,0.00
2018.05.29 01:11:12.913,12.99459,12.99691,0.00,0.00
2018.05.29 01:11:13.206,12.99471,12.99722,0.00,0.00
2018.05.29 01:11:14.445,12.99459,12.99702,0.00,0.00
2018.05.29 01:11:14.496,12.99448,12.99702,0.00,0.00
2018.05.29 01:11:14.547,12.99411,12.99671,0.00,0.00
2018.05.29 01:11:14.961,12.99411,12.99681,0.00,0.00
2018.05.29 01:11:15.215,12.99429,12.99701,0.00,0.00
2018.05.29 01:11:15.316,12.99459,12.99701,0.00,0.00
2018.05.29 01:11:15.686,12.99429,12.99701,0.00,0.00
2018.05.29 01:11:15.838,12.99428,12.99682,0.00,0.00
2018.05.29 01:11:16.437,12.99458,12.99682,0.00,0.00
2018.05.29 01:11:16.589,12.99418,12.99682,0.00,0.00
2018.05.29 01:11:17.301,12.99408,12.99682,0.00,0.00
2018.05.29 01:11:17.402,12.99408,12.99662,0.00,0.00
2018.05.29 01:11:17.539,12.99391,12.99661,0.00,0.00
2018.05.29 01:11:18.150,12.99392,12.99661,0.00,0.00
2018.05.29 01:11:18.205,12.99401,12.99661,0.00,0.00
2018.05.29 01:11:18.616,12.99409,12.99661,0.00,0.00
2018.05.29 01:11:18.666,12.99402,12.99662,0.00,0.00
2018.05.29 01:11:18.863,12.99419,12.99661,0.00,0.00
2018.05.29 01:11:18.956,12.99419,12.99671,0.00,0.00
2018.05.29 01:11:19.665,12.99459,12.99671,0.00,0.00
2018.05.29 01:11:19.716,12.99459,12.99692,0.00,0.00
2018.05.29 01:11:19.817,12.99428,12.99692,0.00,0.00
2018.05.29 01:11:20.033,12.99431,12.99692,0.00,0.00
2018.05.29 01:11:20.566,12.99441,12.99692,0.00,0.00
2018.05.29 01:11:20.905,12.99459,12.99692,0.00,0.00
2018.05.29 01:11:20.989,12.99422,12.99691,0.00,0.00
2018.05.29 01:11:21.040,12.99401,12.99691,0.00,0.00
2018.05.29 01:11:21.141,12.99401,12.99652,0.00,0.00
2018.05.29 01:11:21.298,12.99402,12.99672,0.00,0.00
2018.05.29 01:11:21.565,12.99402,12.99652,0.00,0.00
2018.05.29 01:11:22.040,12.99402,12.99661,0.00,0.00
2018.05.29 01:11:22.770,12.99401,12.99661,0.00,0.00
2018.05.29 01:11:23.223,12.99399,12.99661,0.00,0.00
2018.05.29 01:11:23.324,12.99399,12.99659,0.00,0.00
2018.05.29 01:11:23.427,12.99391,12.99659,0.00,0.00
2018.05.29 01:11:23.528,12.99358,12.99601,0.00,0.00
2018.05.29 01:11:23.680,12.99369,12.99631,0.00,0.00
2018.05.29 01:11:24.816,12.99392,12.99631,0.00,0.00
2018.05.29 01:11:24.867,12.99402,12.99651,0.00,0.00
2018.05.29 01:11:25.187,12.99399,12.99651,0.00,0.00
2018.05.29 01:11:25.904,12.99369,12.99621,0.00,0.00
2018.05.29 01:11:26.249,12.99392,12.99652,0.00,0.00
2018.05.29 01:11:26.796,12.99369,12.99651,0.00,0.00
2018.05.29 01:11:26.847,12.99391,12.99651,0.00,0.00
2018.05.29 01:11:27.391,12.99391,12.99631,0.00,0.00
2018.05.29 01:11:27.526,12.99391,12.99652,0.00,0.00
2018.05.29 01:11:27.577,12.99402,12.99652,0.00,0.00
2018.05.29 01:11:27.877,12.99391,12.99651,0.00,0.00
2018.05.29 01:11:28.008,12.99401,12.99651,0.00,0.00
2018.05.29 01:11:28.414,12.99392,12.99651,0.00,0.00
2018.05.29 01:11:28.579,12.99401,12.99651,0.00,0.00
2018.05.29 01:11:29.179,12.99392,12.99651,0.00,0.00
2018.05.29 01:11:29.241,12.99392,12.99631,0.00,0.00
2018.05.29 01:11:29.843,12.99401,12.99631,0.00,0.00
2018.05.29 01:11:29.894,12.99402,12.99662,0.00,0.00
2018.05.29 01:11:30.192,12.99402,12.99671,0.00,0.00
2018.05.29 01:11:31.299,12.99399,12.99671,0.00,0.00
2018.05.29 01:11:31.349,12.99398,12.99652,0.00,0.00
2018.05.29 01:11:31.807,12.99368,12.99652,0.00,0.00
2018.05.29 01:11:32.097,12.99369,12.99631,0.00,0.00
2018.05.29 01:11:32.446,12.99402,12.99651,0.00,0.00
2018.05.29 01:11:32.915,12.99401,12.99611,0.00,0.00
2018.05.29 01:11:33.236,12.99391,12.99591,0.00,0.00
2018.05.29 01:11:33.288,12.99402,12.99632,0.00,0.00
2018.05.29 01:11:33.646,12.99362,12.99592,0.00,0.00
2018.05.29 01:11:34.332,12.99361,12.99591,0.00,0.00
2018.05.29 01:11:36.441,12.99358,12.99591,0.00,0.00
2018.05.29 01:11:36.491,12.99358,12.99571,0.00,0.00
2018.05.29 01:11:36.899,12.99392,12.99571,0.00,0.00
2018.05.29 01:11:36.950,12.99391,12.99622,0.00,0.00
2018.05.29 01:11:37.051,12.99401,12.99622,0.00,0.00
2018.05.29 01:11:37.198,12.99391,12.99622,0.00,0.00
2018.05.29 01:11:37.350,12.99401,12.99622,0.00,0.00
2018.05.29 01:11:37.679,12.99392,12.99622,0.00,0.00
2018.05.29 01:11:37.836,12.99402,12.99622,0.00,0.00
2018.05.29 01:11:38.204,12.99392,12.99602,0.00,0.00
2018.05.29 01:11:38.255,12.99392,12.99622,0.00,0.00
2018.05.29 01:11:38.426,12.99361,12.99622,0.00,0.00
2018.05.29 01:11:38.476,12.99361,12.99592,0.00,0.00
2018.05.29 01:11:38.908,12.99362,12.99571,0.00,0.00
2018.05.29 01:11:41.080,12.99362,12.99572,0.00,0.00
2018.05.29 01:11:41.131,12.99358,12.99572,0.00,0.00
2018.05.29 01:11:41.506,12.99358,12.99591,0.00,0.00
2018.05.29 01:11:41.756,12.99391,12.99592,0.00,0.00
2018.05.29 01:11:41.807,12.99391,12.99621,0.00,0.00
2018.05.29 01:11:41.858,12.99392,12.99601,0.00,0.00
2018.05.29 01:11:42.057,12.99392,12.99612,0.00,0.00
2018.05.29 01:11:42.158,12.99362,12.99592,0.00,0.00
2018.05.29 01:11:42.209,12.99402,12.99622,0.00,0.00
2018.05.29 01:11:43.023,12.99401,12.99622,0.00,0.00
2018.05.29 01:11:43.741,12.99402,12.99632,0.00,0.00
2018.05.29 01:11:44.953,12.99401,12.99632,0.00,0.00
2018.05.29 01:11:45.675,12.99402,12.99632,0.00,0.00
2018.05.29 01:11:46.049,12.99441,12.99662,0.00,0.00
2018.05.29 01:11:46.361,12.99458,12.99662,0.00,0.00
2018.05.29 01:11:47.482,12.99458,12.99672,0.00,0.00
2018.05.29 01:11:47.535,12.99462,12.99672,0.00,0.00
2018.05.29 01:11:47.919,12.99471,12.99672,0.00,0.00
2018.05.29 01:11:48.407,12.99462,12.99672,0.00,0.00
2018.05.29 01:11:49.194,12.99461,12.99672,0.00,0.00
2018.05.29 01:11:49.425,12.99458,12.99672,0.00,0.00
2018.05.29 01:11:52.190,12.99458,12.99692,0.00,0.00
2018.05.29 01:11:52.241,12.99532,12.99692,0.00,0.00
2018.05.29 01:11:52.292,12.99459,12.99721,0.00,0.00
2018.05.29 01:11:52.343,12.99591,12.99732,0.00,0.00
2018.05.29 01:11:52.394,12.99491,12.99732,0.00,0.00
2018.05.29 01:11:52.495,12.99501,12.99751,0.00,0.00
2018.05.29 01:11:52.546,12.99568,12.99798,0.00,0.00
2018.05.29 01:11:52.768,12.99548,12.99788,0.00,0.00
2018.05.29 01:11:52.873,12.99548,12.99802,0.00,0.00
2018.05.29 01:11:53.700,12.99519,12.99781,0.00,0.00
2018.05.29 01:11:54.193,12.99509,12.99781,0.00,0.00
2018.05.29 01:11:54.382,12.99509,12.99761,0.00,0.00
2018.05.29 01:11:55.013,12.99538,12.99791,0.00,0.00
2018.05.29 01:11:55.835,12.99538,12.99761,0.00,0.00
2018.05.29 01:11:55.885,12.99428,12.99692,0.00,0.00
2018.05.29 01:11:55.987,12.99399,12.99661,0.00,0.00
2018.05.29 01:11:56.289,12.99428,12.99682,0.00,0.00
2018.05.29 01:11:56.391,12.99401,12.99662,0.00,0.00
2018.05.29 01:11:56.492,12.99398,12.99662,0.00,0.00
2018.05.29 01:11:57.281,12.99352,12.99602,0.00,0.00
2018.05.29 01:11:57.333,12.99348,12.99602,0.00,0.00
2018.05.29 01:11:57.437,12.99328,12.99602,0.00,0.00
2018.05.29 01:11:57.488,12.99328,12.99592,0.00,0.00
2018.05.29 01:11:57.976,12.99328,12.99601,0.00,0.00
2018.05.29 01:11:58.790,12.99328,12.99602,0.00,0.00
2018.05.29 01:12:01.468,12.99348,12.99602,0.00,0.00
2018.05.29 01:12:01.837,12.99351,12.99602,0.00,0.00
2018.05.29 01:12:01.888,12.99399,12.99651,0.00,0.00
2018.05.29 01:12:03.149,12.99399,12.99641,0.00,0.00
2018.05.29 01:12:03.653,12.99378,12.99632,0.00,0.00
2018.05.29 01:12:04.455,12.99379,12.99641,0.00,0.00
2018.05.29 01:12:05.180,12.99398,12.99641,0.00,0.00
2018.05.29 01:12:05.384,12.99358,12.99612,0.00,0.00
2018.05.29 01:12:05.522,12.99338,12.99599,0.00,0.00
2018.05.29 01:12:05.574,12.99338,12.99589,0.00,0.00
2018.05.29 01:12:06.155,12.99359,12.99611,0.00,0.00
2018.05.29 01:12:07.087,12.99379,12.99641,0.00,0.00
2018.05.29 01:12:07.188,12.99379,12.99648,0.00,0.00
2018.05.29 01:12:07.331,12.99388,12.99648,0.00,0.00
2018.05.29 01:12:07.382,12.99369,12.99638,0.00,0.00
2018.05.29 01:12:07.440,12.99369,12.99631,0.00,0.00
2018.05.29 01:12:07.757,12.99339,12.99601,0.00,0.00
2018.05.29 01:12:07.858,12.99338,12.99612,0.00,0.00
2018.05.29 01:12:08.266,12.99358,12.99612,0.00,0.00
2018.05.29 01:12:08.394,12.99338,12.99612,0.00,0.00
2018.05.29 01:12:08.542,12.99389,12.99632,0.00,0.00
2018.05.29 01:12:08.593,12.99389,12.99641,0.00,0.00
2018.05.29 01:12:08.694,12.99418,12.99672,0.00,0.00
2018.05.29 01:12:08.745,12.99418,12.99682,0.00,0.00
2018.05.29 01:12:08.796,12.99401,12.99652,0.00,0.00
2018.05.29 01:12:08.981,12.99378,12.99642,0.00,0.00
2018.05.29 01:12:09.114,12.99378,12.99649,0.00,0.00
2018.05.29 01:12:09.165,12.99399,12.99649,0.00,0.00
2018.05.29 01:12:09.923,12.99399,12.99651,0.00,0.00
2018.05.29 01:12:11.244,12.99399,12.99638,0.00,0.00
2018.05.29 01:12:11.324,12.99349,12.99589,0.00,0.00
2018.05.29 01:12:11.425,12.99349,12.99601,0.00,0.00
2018.05.29 01:12:11.923,12.99349,12.99599,0.00,0.00
2018.05.29 01:12:11.973,12.99312,12.99571,0.00,0.00
2018.05.29 01:12:12.063,12.99309,12.99571,0.00,0.00
2018.05.29 01:12:14.278,12.99391,12.99609,0.00,0.00
2018.05.29 01:12:14.481,12.99361,12.99609,0.00,0.00
2018.05.29 01:12:14.654,12.99361,12.99612,0.00,0.00
2018.05.29 01:12:14.705,12.99362,12.99591,0.00,0.00
2018.05.29 01:12:15.254,12.99361,12.99591,0.00,0.00
2018.05.29 01:12:15.472,12.99362,12.99611,0.00,0.00
2018.05.29 01:12:15.523,12.99362,12.99621,0.00,0.00
2018.05.29 01:12:15.747,12.99379,12.99641,0.00,0.00
2018.05.29 01:12:15.797,12.99391,12.99641,0.00,0.00
2018.05.29 01:12:16.136,12.99401,12.99641,0.00,0.00
2018.05.29 01:12:17.133,12.99402,12.99641,0.00,0.00
2018.05.29 01:12:17.183,12.99379,12.99641,0.00,0.00
2018.05.29 01:12:17.234,12.99361,12.99582,0.00,0.00
2018.05.29 01:12:17.335,12.99358,12.99582,0.00,0.00
2018.05.29 01:12:18.846,12.99358,12.99591,0.00,0.00
2018.05.29 01:12:18.897,12.99392,12.99641,0.00,0.00
2018.05.29 01:12:18.998,12.99402,12.99612,0.00,0.00
2018.05.29 01:12:19.049,12.99358,12.99612,0.00,0.00
2018.05.29 01:12:19.101,12.99358,12.99582,0.00,0.00
2018.05.29 01:12:19.192,12.99358,12.99592,0.00,0.00
2018.05.29 01:12:19.243,12.99358,12.99611,0.00,0.00
2018.05.29 01:12:19.445,12.99358,12.99582,0.00,0.00
2018.05.29 01:12:19.821,12.99302,12.99551,0.00,0.00
2018.05.29 01:12:19.872,12.99302,12.99562,0.00,0.00
2018.05.29 01:12:19.923,12.99308,12.99562,0.00,0.00
2018.05.29 01:12:20.075,12.99301,12.99562,0.00,0.00
2018.05.29 01:12:20.178,12.99301,12.99552,0.00,0.00
2018.05.29 01:12:20.645,12.99359,12.99552,0.00,0.00
2018.05.29 01:12:20.696,12.99381,12.99612,0.00,0.00
2018.05.29 01:12:21.432,12.99359,12.99612,0.00,0.00
2018.05.29 01:12:21.922,12.99359,12.99592,0.00,0.00
2018.05.29 01:12:22.061,12.99321,12.99592,0.00,0.00
2018.05.29 01:12:22.112,12.99321,12.99572,0.00,0.00
2018.05.29 01:12:22.894,12.99308,12.99572,0.00,0.00
2018.05.29 01:12:23.350,12.99348,12.99572,0.00,0.00
2018.05.29 01:12:23.451,12.99328,12.99572,0.00,0.00
2018.05.29 01:12:23.570,12.99328,12.99592,0.00,0.00
2018.05.29 01:12:25.432,12.99348,12.99592,0.00,0.00
2018.05.29 01:12:25.534,12.99378,12.99632,0.00,0.00
2018.05.29 01:12:26.394,12.99378,12.99629,0.00,0.00
2018.05.29 01:12:26.727,12.99301,12.99552,0.00,0.00
2018.05.29 01:12:27.477,12.99301,12.99551,0.00,0.00
2018.05.29 01:12:27.621,12.99299,12.99551,0.00,0.00
2018.05.29 01:12:28.187,12.99272,12.99531,0.00,0.00
2018.05.29 01:12:28.659,12.99269,12.99531,0.00,0.00
2018.05.29 01:12:28.928,12.99262,12.99532,0.00,0.00
2018.05.29 01:12:28.978,12.99279,12.99531,0.00,0.00
2018.05.29 01:12:29.300,12.99251,12.99512,0.00,0.00
2018.05.29 01:12:29.351,12.99249,12.99512,0.00,0.00
2018.05.29 01:12:29.452,12.99239,12.99511,0.00,0.00
2018.05.29 01:12:29.757,12.99248,12.99511,0.00,0.00
2018.05.29 01:12:30.399,12.99239,12.99511,0.00,0.00
2018.05.29 01:12:30.450,12.99231,12.99469,0.00,0.00
2018.05.29 01:12:30.501,12.99231,12.99482,0.00,0.00
2018.05.29 01:12:30.551,12.99248,12.99482,0.00,0.00
2018.05.29 01:12:30.758,12.99231,12.99469,0.00,0.00
2018.05.29 01:12:30.859,12.99218,12.99469,0.00,0.00
2018.05.29 01:12:31.846,12.99218,12.99468,0.00,0.00
2018.05.29 01:12:31.897,12.99209,12.99468,0.00,0.00
2018.05.29 01:12:32.353,12.99209,12.99458,0.00,0.00
2018.05.29 01:12:32.404,12.99179,12.99431,0.00,0.00
2018.05.29 01:12:32.505,12.99161,12.99412,0.00,0.00
2018.05.29 01:12:32.556,12.99178,12.99431,0.00,0.00
2018.05.29 01:12:32.710,12.99209,12.99458,0.00,0.00
2018.05.29 01:12:33.045,12.99209,12.99481,0.00,0.00
2018.05.29 01:12:33.563,12.99229,12.99501,0.00,0.00
2018.05.29 01:12:34.079,12.99248,12.99501,0.00,0.00
2018.05.29 01:12:35.012,12.99229,12.99501,0.00,0.00
2018.05.29 01:12:35.437,12.99209,12.99468,0.00,0.00
2018.05.29 01:12:35.558,12.99178,12.99462,0.00,0.00
2018.05.29 01:12:35.609,12.99192,12.99462,0.00,0.00
2018.05.29 01:12:35.934,12.99202,12.99462,0.00,0.00
2018.05.29 01:12:36.048,12.99202,12.99468,0.00,0.00
2018.05.29 01:12:36.149,12.99219,12.99468,0.00,0.00
2018.05.29 01:12:36.200,12.99192,12.99442,0.00,0.00
2018.05.29 01:12:36.251,12.99201,12.99462,0.00,0.00
2018.05.29 01:12:36.352,12.99201,12.99441,0.00,0.00
2018.05.29 01:12:36.894,12.99179,12.99441,0.00,0.00
2018.05.29 01:12:39.338,12.99191,12.99441,0.00,0.00
2018.05.29 01:12:39.388,12.99208,12.99472,0.00,0.00
2018.05.29 01:12:39.439,12.99208,12.99482,0.00,0.00
2018.05.29 01:12:39.966,12.99229,12.99481,0.00,0.00
2018.05.29 01:12:41.062,12.99218,12.99482,0.00,0.00
2018.05.29 01:12:41.113,12.99218,12.99479,0.00,0.00
2018.05.29 01:12:42.056,12.99218,12.99478,0.00,0.00
2018.05.29 01:12:42.106,12.99218,12.99482,0.00,0.00
2018.05.29 01:12:42.206,12.99218,12.99479,0.00,0.00
2018.05.29 01:12:43.248,12.99218,12.99462,0.00,0.00
2018.05.29 01:12:43.299,12.99182,12.99441,0.00,0.00
2018.05.29 01:12:43.858,12.99161,12.99441,0.00,0.00
2018.05.29 01:12:44.076,12.99178,12.99442,0.00,0.00
2018.05.29 01:12:45.504,12.99178,12.99441,0.00,0.00
2018.05.29 01:12:45.555,12.99161,12.99432,0.00,0.00
2018.05.29 01:12:45.966,12.99161,12.99412,0.00,0.00
2018.05.29 01:12:46.082,12.99158,12.99412,0.00,0.00
2018.05.29 01:12:46.563,12.99161,12.99412,0.00,0.00
2018.05.29 01:12:46.614,12.99179,12.99441,0.00,0.00
2018.05.29 01:12:46.665,12.99209,12.99458,0.00,0.00
2018.05.29 01:12:46.766,12.99209,12.99461,0.00,0.00
2018.05.29 01:12:48.374,12.99192,12.99432,0.00,0.00
2018.05.29 01:12:48.648,12.99171,12.99412,0.00,0.00
2018.05.29 01:12:48.699,12.99181,12.99442,0.00,0.00
2018.05.29 01:12:48.915,12.99208,12.99442,0.00,0.00
2018.05.29 01:12:48.968,12.99232,12.99492,0.00,0.00
2018.05.29 01:12:49.019,12.99258,12.99492,0.00,0.00
2018.05.29 01:12:49.135,12.99258,12.99512,0.00,0.00
2018.05.29 01:12:49.186,12.99258,12.99532,0.00,0.00
2018.05.29 01:12:49.337,12.99269,12.99531,0.00,0.00
2018.05.29 01:12:49.783,12.99262,12.99502,0.00,0.00
2018.05.29 01:12:49.834,12.99258,12.99502,0.00,0.00
2018.05.29 01:12:50.092,12.99248,12.99502,0.00,0.00
2018.05.29 01:12:50.143,12.99208,12.99461,0.00,0.00
2018.05.29 01:12:50.612,12.99202,12.99432,0.00,0.00
2018.05.29 01:12:50.663,12.99178,12.99432,0.00,0.00
2018.05.29 01:12:51.153,12.99191,12.99432,0.00,0.00
2018.05.29 01:12:51.204,12.99198,12.99462,0.00,0.00
2018.05.29 01:12:51.648,12.99198,12.99438,0.00,0.00
2018.05.29 01:12:51.699,12.99178,12.99432,0.00,0.00
2018.05.29 01:12:52.224,12.99192,12.99432,0.00,0.00
2018.05.29 01:12:52.275,12.99198,12.99462,0.00,0.00
2018.05.29 01:12:52.326,12.99201,12.99432,0.00,0.00
2018.05.29 01:12:52.376,12.99202,12.99462,0.00,0.00
2018.05.29 01:12:52.477,12.99171,12.99422,0.00,0.00
2018.05.29 01:12:52.701,12.99201,12.99461,0.00,0.00
2018.05.29 01:12:52.752,12.99192,12.99461,0.00,0.00
2018.05.29 01:12:53.098,12.99191,12.99441,0.00,0.00
2018.05.29 01:12:53.149,12.99202,12.99461,0.00,0.00
2018.05.29 01:12:53.261,12.99191,12.99461,0.00,0.00
2018.05.29 01:12:53.690,12.99201,12.99461,0.00,0.00
2018.05.29 01:12:53.908,12.99201,12.99471,0.00,0.00
2018.05.29 01:12:54.189,12.99199,12.99471,0.00,0.00
2018.05.29 01:12:54.240,12.99199,12.99468,0.00,0.00
2018.05.29 01:12:54.744,12.99201,12.99432,0.00,0.00
2018.05.29 01:12:54.794,12.99191,12.99432,0.00,0.00
2018.05.29 01:12:55.400,12.99191,12.99431,0.00,0.00
2018.05.29 01:12:56.782,12.99161,12.99382,0.00,0.00
2018.05.29 01:12:57.390,12.99191,12.99422,0.00,0.00
2018.05.29 01:12:57.491,12.99202,12.99422,0.00,0.00
2018.05.29 01:12:57.588,12.99192,12.99422,0.00,0.00
2018.05.29 01:12:57.754,12.99201,12.99422,0.00,0.00
2018.05.29 01:12:58.300,12.99191,12.99402,0.00,0.00
2018.05.29 01:12:58.486,12.99201,12.99431,0.00,0.00
2018.05.29 01:12:58.581,12.99211,12.99431,0.00,0.00
2018.05.29 01:12:58.631,12.99231,12.99462,0.00,0.00
2018.05.29 01:12:58.682,12.99211,12.99461,0.00,0.00
2018.05.29 01:12:58.733,12.99208,12.99432,0.00,0.00
2018.05.29 01:12:59.057,12.99182,12.99401,0.00,0.00
2018.05.29 01:12:59.107,12.99158,12.99401,0.00,0.00
2018.05.29 01:12:59.158,12.99158,12.99372,0.00,0.00
2018.05.29 01:12:59.259,12.99162,12.99402,0.00,0.00
2018.05.29 01:12:59.310,12.99201,12.99431,0.00,0.00
2018.05.29 01:12:59.997,12.99181,12.99402,0.00,0.00
2018.05.29 01:13:00.449,12.99191,12.99402,0.00,0.00
2018.05.29 01:13:00.501,12.99192,12.99431,0.00,0.00
2018.05.29 01:13:00.554,12.99201,12.99431,0.00,0.00
2018.05.29 01:13:01.044,12.99181,12.99401,0.00,0.00
2018.05.29 01:13:01.425,12.99161,12.99401,0.00,0.00
2018.05.29 01:13:02.000,12.99259,12.99441,0.00,0.00
2018.05.29 01:13:02.050,12.99259,12.99452,0.00,0.00
2018.05.29 01:13:02.101,12.99259,12.99471,0.00,0.00
2018.05.29 01:13:02.211,12.99261,12.99472,0.00,0.00
2018.05.29 01:13:02.262,12.99259,12.99472,0.00,0.00
2018.05.29 01:13:02.893,12.99259,12.99471,0.00,0.00
2018.05.29 01:13:02.946,12.99259,12.99449,0.00,0.00
2018.05.29 01:13:02.997,12.99208,12.99449,0.00,0.00
2018.05.29 01:13:03.148,12.99202,12.99432,0.00,0.00
2018.05.29 01:13:03.402,12.99181,12.99412,0.00,0.00
2018.05.29 01:13:03.454,12.99181,12.99408,0.00,0.00
2018.05.29 01:13:03.505,12.99181,12.99412,0.00,0.00
2018.05.29 01:13:03.645,12.99252,12.99412,0.00,0.00
2018.05.29 01:13:03.696,12.99271,12.99432,0.00,0.00
2018.05.29 01:13:03.913,12.99252,12.99432,0.00,0.00
2018.05.29 01:13:04.141,12.99191,12.99432,0.00,0.00
2018.05.29 01:13:04.192,12.99222,12.99462,0.00,0.00
2018.05.29 01:13:04.500,12.99202,12.99452,0.00,0.00
2018.05.29 01:13:04.574,12.99202,12.99448,0.00,0.00
2018.05.29 01:13:04.886,12.99201,12.99431,0.00,0.00
2018.05.29 01:13:05.135,12.99191,12.99431,0.00,0.00
2018.05.29 01:13:05.808,12.99202,12.99431,0.00,0.00
2018.05.29 01:13:06.331,12.99201,12.99432,0.00,0.00
2018.05.29 01:13:06.382,12.99192,12.99432,0.00,0.00
2018.05.29 01:13:06.708,12.99158,12.99382,0.00,0.00
2018.05.29 01:13:07.097,12.99139,12.99401,0.00,0.00
2018.05.29 01:13:07.200,12.99159,12.99401,0.00,0.00
2018.05.29 01:13:07.727,12.99161,12.99401,0.00,0.00
2018.05.29 01:13:08.093,12.99191,12.99421,0.00,0.00
2018.05.29 01:13:09.114,12.99202,12.99421,0.00,0.00
2018.05.29 01:13:09.792,12.99201,12.99421,0.00,0.00
2018.05.29 01:13:09.901,12.99201,12.99439,0.00,0.00
2018.05.29 01:13:10.103,12.99202,12.99441,0.00,0.00
2018.05.29 01:13:10.154,12.99221,12.99462,0.00,0.00
2018.05.29 01:13:10.205,12.99209,12.99462,0.00,0.00
2018.05.29 01:13:10.256,12.99209,12.99448,0.00,0.00
2018.05.29 01:13:10.307,12.99202,12.99448,0.00,0.00
2018.05.29 01:13:10.524,12.99202,12.99441,0.00,0.00
2018.05.29 01:13:10.954,12.99171,12.99372,0.00,0.00
2018.05.29 01:13:11.087,12.99171,12.99388,0.00,0.00
2018.05.29 01:13:11.138,12.99171,12.99402,0.00,0.00
2018.05.29 01:13:11.378,12.99158,12.99402,0.00,0.00
2018.05.29 01:13:12.441,12.99158,12.99401,0.00,0.00
2018.05.29 01:13:12.990,12.99158,12.99381,0.00,0.00
2018.05.29 01:13:13.850,12.99158,12.99382,0.00,0.00
2018.05.29 01:13:14.322,12.99158,12.99358,0.00,0.00
2018.05.29 01:13:14.832,12.99158,12.99362,0.00,0.00
2018.05.29 01:13:14.960,12.99122,12.99362,0.00,0.00
2018.05.29 01:13:15.010,12.99122,12.99339,0.00,0.00
2018.05.29 01:13:15.219,12.99101,12.99339,0.00,0.00
2018.05.29 01:13:15.943,12.99091,12.99339,0.00,0.00
2018.05.29 01:13:16.286,12.99101,12.99339,0.00,0.00
2018.05.29 01:13:17.092,12.99108,12.99339,0.00,0.00
2018.05.29 01:13:17.245,12.99091,12.99339,0.00,0.00
2018.05.29 01:13:17.952,12.99092,12.99338,0.00,0.00
2018.05.29 01:13:18.823,12.99092,12.99322,0.00,0.00
2018.05.29 01:13:19.271,12.99059,12.99281,0.00,0.00
2018.05.29 01:13:19.975,12.99168,12.99379,0.00,0.00
2018.05.29 01:13:20.076,12.99201,12.99422,0.00,0.00
2018.05.29 01:13:20.592,12.99202,12.99422,0.00,0.00
2018.05.29 01:13:21.617,12.99159,12.99371,0.00,0.00
2018.05.29 01:13:22.627,12.99182,12.99381,0.00,0.00
2018.05.29 01:13:22.888,12.99159,12.99381,0.00,0.00
2018.05.29 01:13:22.939,12.99202,12.99418,0.00,0.00
2018.05.29 01:13:22.989,12.99201,12.99429,0.00,0.00
2018.05.29 01:13:23.509,12.99211,12.99449,0.00,0.00
2018.05.29 01:13:23.560,12.99202,12.99428,0.00,0.00
2018.05.29 01:13:23.755,12.99202,12.99438,0.00,0.00
2018.05.29 01:13:24.025,12.99208,12.99438,0.00,0.00
2018.05.29 01:13:24.077,12.99212,12.99452,0.00,0.00
2018.05.29 01:13:24.178,12.99258,12.99452,0.00,0.00
2018.05.29 01:13:24.229,12.99258,12.99471,0.00,0.00
2018.05.29 01:13:24.280,12.99258,12.99439,0.00,0.00
2018.05.29 01:13:24.331,12.99202,12.99439,0.00,0.00
2018.05.29 01:13:24.617,12.99202,12.99399,0.00,0.00
2018.05.29 01:13:24.769,12.99162,12.99399,0.00,0.00
2018.05.29 01:13:24.992,12.99162,12.99379,0.00,0.00
2018.05.29 01:13:25.043,12.99162,12.99398,0.00,0.00
2018.05.29 01:13:25.646,12.99162,12.99378,0.00,0.00
2018.05.29 01:13:25.697,12.99162,12.99382,0.00,0.00
2018.05.29 01:13:25.769,12.99158,12.99382,0.00,0.00
2018.05.29 01:13:25.928,12.99158,12.99398,0.00,0.00
2018.05.29 01:13:26.206,12.99158,12.99401,0.00,0.00
2018.05.29 01:13:27.237,12.99158,12.99392,0.00,0.00
2018.05.29 01:13:27.570,12.99191,12.99429,0.00,0.00
2018.05.29 01:13:28.297,12.99172,12.99412,0.00,0.00
2018.05.29 01:13:28.687,12.99192,12.99412,0.00,0.00
2018.05.29 01:13:28.737,12.99192,12.99428,0.00,0.00
2018.05.29 01:13:28.788,12.99201,12.99429,0.00,0.00
2018.05.29 01:13:29.281,12.99211,12.99461,0.00,0.00
2018.05.29 01:13:29.332,12.99222,12.99461,0.00,0.00
2018.05.29 01:13:29.779,12.99259,12.99461,0.00,0.00
2018.05.29 01:13:30.128,12.99259,12.99459,0.00,0.00
2018.05.29 01:13:30.178,12.99259,12.99471,0.00,0.00
2018.05.29 01:13:30.604,12.99272,12.99471,0.00,0.00
2018.05.29 01:13:30.655,12.99291,12.99512,0.00,0.00
2018.05.29 01:13:30.707,12.99272,12.99512,0.00,0.00
2018.05.29 01:13:30.809,12.99272,12.99488,0.00,0.00
2018.05.29 01:13:30.923,12.99259,12.99489,0.00,0.00
2018.05.29 01:13:31.488,12.99259,12.99488,0.00,0.00
2018.05.29 01:13:31.748,12.99292,12.99518,0.00,0.00
2018.05.29 01:13:32.074,12.99301,12.99519,0.00,0.00
2018.05.29 01:13:32.251,12.99292,12.99518,0.00,0.00
2018.05.29 01:13:32.303,12.99302,12.99518,0.00,0.00
2018.05.29 01:13:32.836,12.99301,12.99519,0.00,0.00
2018.05.29 01:13:32.887,12.99292,12.99518,0.00,0.00
2018.05.29 01:13:32.988,12.99301,12.99519,0.00,0.00
2018.05.29 01:13:33.113,12.99292,12.99518,0.00,0.00
2018.05.29 01:13:33.283,12.99302,12.99518,0.00,0.00
2018.05.29 01:13:33.826,12.99301,12.99519,0.00,0.00
2018.05.29 01:13:34.166,12.99341,12.99569,0.00,0.00
2018.05.29 01:13:34.277,12.99349,12.99569,0.00,0.00
2018.05.29 01:13:34.379,12.99349,12.99611,0.00,0.00
2018.05.29 01:13:34.481,12.99361,12.99612,0.00,0.00
2018.05.29 01:13:34.899,12.99349,12.99609,0.00,0.00
2018.05.29 01:13:34.951,12.99371,12.99612,0.00,0.00
2018.05.29 01:13:35.614,12.99371,12.99611,0.00,0.00
2018.05.29 01:13:35.751,12.99302,12.99561,0.00,0.00
2018.05.29 01:13:35.852,12.99302,12.99541,0.00,0.00
2018.05.29 01:13:40.105,12.99301,12.99541,0.00,0.00
2018.05.29 01:13:40.438,12.99301,12.99539,0.00,0.00
2018.05.29 01:13:40.772,12.99301,12.99529,0.00,0.00
2018.05.29 01:13:42.688,12.99312,12.99568,0.00,0.00
2018.05.29 01:13:42.918,12.99311,12.99549,0.00,0.00
2018.05.29 01:13:43.091,12.99302,12.99568,0.00,0.00
2018.05.29 01:13:43.807,12.99302,12.99571,0.00,0.00
2018.05.29 01:13:44.413,12.99301,12.99571,0.00,0.00
2018.05.29 01:13:45.128,12.99302,12.99528,0.00,0.00
2018.05.29 01:13:45.179,12.99302,12.99568,0.00,0.00
2018.05.29 01:13:45.352,12.99312,12.99571,0.00,0.00
2018.05.29 01:13:45.653,12.99348,12.99559,0.00,0.00
2018.05.29 01:13:46.346,12.99348,12.99571,0.00,0.00
2018.05.29 01:13:46.397,12.99349,12.99591,0.00,0.00
2018.05.29 01:13:46.448,12.99349,12.99598,0.00,0.00
2018.05.29 01:13:46.499,12.99351,12.99599,0.00,0.00
2018.05.29 01:13:46.846,12.99349,12.99598,0.00,0.00
2018.05.29 01:13:46.897,12.99318,12.99528,0.00,0.00
2018.05.29 01:13:46.947,12.99318,12.99572,0.00,0.00
2018.05.29 01:13:47.048,12.99318,12.99569,0.00,0.00
2018.05.29 01:13:47.357,12.99311,12.99571,0.00,0.00
2018.05.29 01:13:47.408,12.99322,12.99571,0.00,0.00
2018.05.29 01:13:48.095,12.99321,12.99571,0.00,0.00
2018.05.29 01:13:48.207,12.99311,12.99569,0.00,0.00
2018.05.29 01:13:48.258,12.99311,12.99529,0.00,0.00
2018.05.29 01:13:48.477,12.99311,12.99561,0.00,0.00
2018.05.29 01:13:48.527,12.99312,12.99558,0.00,0.00
2018.05.29 01:13:48.578,12.99302,12.99561,0.00,0.00
2018.05.29 01:13:48.629,12.99311,12.99561,0.00,0.00
2018.05.29 01:13:49.085,12.99361,12.99599,0.00,0.00
2018.05.29 01:13:49.320,12.99352,12.99598,0.00,0.00
2018.05.29 01:13:49.370,12.99352,12.99591,0.00,0.00
2018.05.29 01:13:49.745,12.99362,12.99598,0.00,0.00
2018.05.29 01:13:49.911,12.99308,12.99568,0.00,0.00
2018.05.29 01:13:49.973,12.99309,12.99561,0.00,0.00
2018.05.29 01:13:50.284,12.99302,12.99531,0.00,0.00
2018.05.29 01:13:50.335,12.99291,12.99529,0.00,0.00
2018.05.29 01:13:51.247,12.99262,12.99511,0.00,0.00
2018.05.29 01:13:51.637,12.99291,12.99529,0.00,0.00
2018.05.29 01:13:51.866,12.99291,12.99539,0.00,0.00
2018.05.29 01:13:51.984,12.99279,12.99539,0.00,0.00
2018.05.29 01:13:52.035,12.99261,12.99511,0.00,0.00
2018.05.29 01:13:52.715,12.99262,12.99512,0.00,0.00
2018.05.29 01:13:53.528,12.99291,12.99539,0.00,0.00
2018.05.29 01:13:54.035,12.99301,12.99539,0.00,0.00
2018.05.29 01:13:55.162,12.99301,12.99529,0.00,0.00
2018.05.29 01:13:55.603,12.99302,12.99512,0.00,0.00
2018.05.29 01:13:57.142,12.99349,12.99512,0.00,0.00
2018.05.29 01:13:57.193,12.99349,12.99529,0.00,0.00
2018.05.29 01:13:57.294,12.99302,12.99532,0.00,0.00
2018.05.29 01:13:57.441,12.99302,12.99512,0.00,0.00
2018.05.29 01:13:57.543,12.99261,12.99481,0.00,0.00
2018.05.29 01:13:57.626,12.99261,12.99479,0.00,0.00
2018.05.29 01:13:57.803,12.99262,12.99481,0.00,0.00
2018.05.29 01:13:58.353,12.99261,12.99481,0.00,0.00
2018.05.29 01:13:59.147,12.99302,12.99491,0.00,0.00
2018.05.29 01:13:59.199,12.99301,12.99512,0.00,0.00
2018.05.29 01:13:59.250,12.99261,12.99482,0.00,0.00
2018.05.29 01:13:59.484,12.99261,12.99461,0.00,0.00
2018.05.29 01:13:59.534,12.99262,12.99478,0.00,0.00
2018.05.29 01:14:00.155,12.99261,12.99482,0.00,0.00
2018.05.29 01:14:00.275,12.99261,12.99462,0.00,0.00
2018.05.29 01:14:00.325,12.99251,12.99462,0.00,0.00
2018.05.29 01:14:00.376,12.99262,12.99462,0.00,0.00
2018.05.29 01:14:00.679,12.99248,12.99442,0.00,0.00
2018.05.29 01:14:01.128,12.99291,12.99501,0.00,0.00
2018.05.29 01:14:01.178,12.99302,12.99501,0.00,0.00
2018.05.29 01:14:02.091,12.99301,12.99501,0.00,0.00
2018.05.29 01:14:02.570,12.99291,12.99501,0.00,0.00
2018.05.29 01:14:05.074,12.99261,12.99501,0.00,0.00
2018.05.29 01:14:05.124,12.99262,12.99462,0.00,0.00
2018.05.29 01:14:06.722,12.99252,12.99451,0.00,0.00
2018.05.29 01:14:07.914,12.99248,12.99451,0.00,0.00
2018.05.29 01:14:08.216,12.99251,12.99451,0.00,0.00
2018.05.29 01:14:09.329,12.99248,12.99451,0.00,0.00
2018.05.29 01:14:10.000,12.99251,12.99451,0.00,0.00
2018.05.29 01:14:11.565,12.99292,12.99451,0.00,0.00
2018.05.29 01:14:11.616,12.99301,12.99511,0.00,0.00
2018.05.29 01:14:11.816,12.99301,12.99502,0.00,0.00
2018.05.29 01:14:12.236,12.99262,12.99452,0.00,0.00
2018.05.29 01:14:12.491,12.99252,12.99452,0.00,0.00
2018.05.29 01:14:13.145,12.99248,12.99452,0.00,0.00
2018.05.29 01:14:13.610,12.99251,12.99452,0.00,0.00
2018.05.29 01:14:14.480,12.99252,12.99452,0.00,0.00
2018.05.29 01:14:14.774,12.99248,12.99452,0.00,0.00
2018.05.29 01:14:15.141,12.99252,12.99452,0.00,0.00
2018.05.29 01:14:18.564,12.99242,12.99451,0.00,0.00
2018.05.29 01:14:18.724,12.99252,12.99451,0.00,0.00
2018.05.29 01:14:19.155,12.99222,12.99419,0.00,0.00
2018.05.29 01:14:19.206,12.99202,12.99421,0.00,0.00
2018.05.29 01:14:19.424,12.99202,12.99411,0.00,0.00
2018.05.29 01:14:19.753,12.99202,12.99402,0.00,0.00
2018.05.29 01:14:20.130,12.99152,12.99381,0.00,0.00
2018.05.29 01:14:20.181,12.99202,12.99378,0.00,0.00
2018.05.29 01:14:20.294,12.99202,12.99392,0.00,0.00
2018.05.29 01:14:20.735,12.99182,12.99371,0.00,0.00
2018.05.29 01:14:21.039,12.99161,12.99371,0.00,0.00
2018.05.29 01:14:21.090,12.99161,12.99341,0.00,0.00
2018.05.29 01:14:21.141,12.99161,12.99371,0.00,0.00
2018.05.29 01:14:21.294,12.99151,12.99341,0.00,0.00
2018.05.29 01:14:21.345,12.99161,12.99361,0.00,0.00
2018.05.29 01:14:21.740,12.99161,12.99389,0.00,0.00
2018.05.29 01:14:21.791,12.99191,12.99392,0.00,0.00
2018.05.29 01:14:22.156,12.99202,12.99392,0.00,0.00
2018.05.29 01:14:22.462,12.99151,12.99341,0.00,0.00
2018.05.29 01:14:22.851,12.99112,12.99312,0.00,0.00
2018.05.29 01:14:23.017,12.99061,12.99282,0.00,0.00
2018.05.29 01:14:23.118,12.99092,12.99301,0.00,0.00
2018.05.29 01:14:23.447,12.99061,12.99242,0.00,0.00
2018.05.29 01:14:23.653,12.99121,12.99322,0.00,0.00
2018.05.29 01:14:24.224,12.99101,12.99322,0.00,0.00
2018.05.29 01:14:26.019,12.99041,12.99269,0.00,0.00
2018.05.29 01:14:26.070,12.99042,12.99271,0.00,0.00
2018.05.29 01:14:26.206,12.99101,12.99309,0.00,0.00
2018.05.29 01:14:26.595,12.99091,12.99302,0.00,0.00
2018.05.29 01:14:26.646,12.99092,12.99298,0.00,0.00
2018.05.29 01:14:26.944,12.99072,12.99281,0.00,0.00
2018.05.29 01:14:26.995,12.99072,12.99269,0.00,0.00
2018.05.29 01:14:27.046,12.99072,12.99289,0.00,0.00
2018.05.29 01:14:27.389,12.99072,12.99272,0.00,0.00
2018.05.29 01:14:27.530,12.99042,12.99272,0.00,0.00
2018.05.29 01:14:27.764,12.99041,12.99249,0.00,0.00
2018.05.29 01:14:28.098,12.99041,12.99269,0.00,0.00
2018.05.29 01:14:28.181,12.99092,12.99268,0.00,0.00
2018.05.29 01:14:28.232,12.99092,12.99298,0.00,0.00
2018.05.29 01:14:28.283,12.99092,12.99301,0.00,0.00
2018.05.29 01:14:28.405,12.99102,12.99282,0.00,0.00
2018.05.29 01:14:28.651,12.99071,12.99288,0.00,0.00
2018.05.29 01:14:28.702,12.99071,12.99292,0.00,0.00
2018.05.29 01:14:28.752,12.99071,12.99271,0.00,0.00
2018.05.29 01:14:28.921,12.99031,12.99272,0.00,0.00
2018.05.29 01:14:28.972,12.99041,12.99272,0.00,0.00
2018.05.29 01:14:29.592,12.99042,12.99252,0.00,0.00
2018.05.29 01:14:29.796,12.99041,12.99281,0.00,0.00
2018.05.29 01:14:29.952,12.99092,12.99298,0.00,0.00
2018.05.29 01:14:30.048,12.99091,12.99302,0.00,0.00
2018.05.29 01:14:30.186,12.99091,12.99281,0.00,0.00
2018.05.29 01:14:30.529,12.99102,12.99291,0.00,0.00
2018.05.29 01:14:30.580,12.99042,12.99298,0.00,0.00
2018.05.29 01:14:30.634,12.99041,12.99279,0.00,0.00
2018.05.29 01:14:30.956,12.99102,12.99298,0.00,0.00
2018.05.29 01:14:31.446,12.99121,12.99341,0.00,0.00
2018.05.29 01:14:31.496,12.99142,12.99352,0.00,0.00
2018.05.29 01:14:31.547,12.99142,12.99371,0.00,0.00
2018.05.29 01:14:32.233,12.99142,12.99372,0.00,0.00
2018.05.29 01:14:32.619,12.99162,12.99372,0.00,0.00
2018.05.29 01:14:33.272,12.99162,12.99352,0.00,0.00
2018.05.29 01:14:33.323,12.99129,12.99352,0.00,0.00
2018.05.29 01:14:34.278,12.99162,12.99352,0.00,0.00
2018.05.29 01:14:34.329,12.99162,12.99362,0.00,0.00
2018.05.29 01:14:34.380,12.99162,12.99368,0.00,0.00
2018.05.29 01:14:34.431,12.99191,12.99369,0.00,0.00
2018.05.29 01:14:34.482,12.99162,12.99392,0.00,0.00
2018.05.29 01:14:34.584,12.99162,12.99371,0.00,0.00
2018.05.29 01:14:35.779,12.99141,12.99371,0.00,0.00
2018.05.29 01:14:36.009,12.99141,12.99351,0.00,0.00
2018.05.29 01:14:36.241,12.99141,12.99372,0.00,0.00
2018.05.29 01:14:36.853,12.99142,12.99371,0.00,0.00
2018.05.29 01:14:37.234,12.99142,12.99352,0.00,0.00
2018.05.29 01:14:37.934,12.99141,12.99352,0.00,0.00
2018.05.29 01:14:38.504,12.99191,12.99399,0.00,0.00
2018.05.29 01:14:38.836,12.99171,12.99371,0.00,0.00
2018.05.29 01:14:39.362,12.99142,12.99371,0.00,0.00
2018.05.29 01:14:39.567,12.99141,12.99359,0.00,0.00
2018.05.29 01:14:39.902,12.99181,12.99352,0.00,0.00
2018.05.29 01:14:39.987,12.99181,12.99359,0.00,0.00
2018.05.29 01:14:40.038,12.99142,12.99372,0.00,0.00
2018.05.29 01:14:40.564,12.99141,12.99372,0.00,0.00
2018.05.29 01:14:40.615,12.99141,12.99352,0.00,0.00
2018.05.29 01:14:40.792,12.99131,12.99352,0.00,0.00
2018.05.29 01:14:42.192,12.99129,12.99352,0.00,0.00
2018.05.29 01:14:42.243,12.99101,12.99329,0.00,0.00
2018.05.29 01:14:42.395,12.99082,12.99259,0.00,0.00
2018.05.29 01:14:42.445,12.99082,12.99271,0.00,0.00
2018.05.29 01:14:42.586,12.99082,12.99258,0.00,0.00
2018.05.29 01:14:43.023,12.99042,12.99258,0.00,0.00
2018.05.29 01:14:43.125,12.99038,12.99262,0.00,0.00
2018.05.29 01:14:43.175,12.99041,12.99262,0.00,0.00
2018.05.29 01:14:43.689,12.99038,12.99262,0.00,0.00
2018.05.29 01:14:43.755,12.99031,12.99262,0.00,0.00
2018.05.29 01:14:43.806,12.99011,12.99242,0.00,0.00
2018.05.29 01:14:44.132,12.99038,12.99251,0.00,0.00
2018.05.29 01:14:44.458,12.99102,12.99288,0.00,0.00
2018.05.29 01:14:45.160,12.99091,12.99302,0.00,0.00
2018.05.29 01:14:45.261,12.99042,12.99252,0.00,0.00
2018.05.29 01:14:45.490,12.99051,12.99279,0.00,0.00
2018.05.29 01:14:46.184,12.99052,12.99278,0.00,0.00
2018.05.29 01:14:47.222,12.99061,12.99279,0.00,0.00
2018.05.29 01:14:47.830,12.99061,12.99269,0.00,0.00
2018.05.29 01:14:48.357,12.99081,12.99289,0.00,0.00
2018.05.29 01:14:48.583,12.99061,12.99282,0.00,0.00
2018.05.29 01:14:48.939,12.99061,12.99292,0.00,0.00
2018.05.29 01:14:48.990,12.99091,12.99292,0.00,0.00
2018.05.29 01:14:49.041,12.99091,12.99301,0.00,0.00
2018.05.29 01:14:49.092,12.99101,12.99282,0.00,0.00
2018.05.29 01:14:49.143,12.99102,12.99301,0.00,0.00
2018.05.29 01:14:49.244,12.99101,12.99299,0.00,0.00
2018.05.29 01:14:49.467,12.99061,12.99282,0.00,0.00
2018.05.29 01:14:49.581,12.99038,12.99279,0.00,0.00
2018.05.29 01:14:49.632,12.99038,12.99269,0.00,0.00
2018.05.29 01:14:49.947,12.99092,12.99288,0.00,0.00
2018.05.29 01:14:50.099,12.99121,12.99321,0.00,0.00
2018.05.29 01:14:50.228,12.99139,12.99351,0.00,0.00
2018.05.29 01:14:50.279,12.99139,12.99382,0.00,0.00
2018.05.29 01:14:50.329,12.99139,12.99352,0.00,0.00
2018.05.29 01:14:50.812,12.99161,12.99362,0.00,0.00
2018.05.29 01:14:51.210,12.99151,12.99362,0.00,0.00
2018.05.29 01:14:51.261,12.99151,12.99369,0.00,0.00
2018.05.29 01:14:51.312,12.99151,12.99382,0.00,0.00
2018.05.29 01:14:51.596,12.99142,12.99382,0.00,0.00
2018.05.29 01:14:51.646,12.99142,12.99352,0.00,0.00
2018.05.29 01:14:52.916,12.99191,12.99401,0.00,0.00
2018.05.29 01:14:53.525,12.99201,12.99401,0.00,0.00
2018.05.29 01:14:54.004,12.99201,12.99399,0.00,0.00
2018.05.29 01:14:54.055,12.99191,12.99399,0.00,0.00
2018.05.29 01:14:54.106,12.99192,12.99351,0.00,0.00
2018.05.29 01:14:54.157,12.99171,12.99351,0.00,0.00
2018.05.29 01:14:55.410,12.99171,12.99381,0.00,0.00
2018.05.29 01:14:55.511,12.99139,12.99352,0.00,0.00
2018.05.29 01:14:56.082,12.99102,12.99288,0.00,0.00
2018.05.29 01:14:56.583,12.99101,12.99289,0.00,0.00
2018.05.29 01:14:56.738,12.99062,12.99288,0.00,0.00
2018.05.29 01:14:56.789,12.99061,12.99282,0.00,0.00
2018.05.29 01:14:57.158,12.99061,12.99279,0.00,0.00
2018.05.29 01:14:57.623,12.99091,12.99281,0.00,0.00
2018.05.29 01:14:57.677,12.99092,12.99288,0.00,0.00
2018.05.29 01:14:58.225,12.99092,12.99281,0.00,0.00
2018.05.29 01:14:59.974,12.99051,12.99261,0.00,0.00
2018.05.29 01:15:00.078,12.99041,12.99261,0.00,0.00
2018.05.29 01:15:00.151,12.99041,12.99281,0.00,0.00
2018.05.29 01:15:00.252,12.99061,12.99281,0.00,0.00
2018.05.29 01:15:00.555,12.99091,12.99289,0.00,0.00
2018.05.29 01:15:00.606,12.99062,12.99288,0.00,0.00
2018.05.29 01:15:00.657,12.99062,12.99281,0.00,0.00
2018.05.29 01:15:01.204,12.99102,12.99288,0.00,0.00
2018.05.29 01:15:01.958,12.99128,12.99302,0.00,0.00
2018.05.29 01:15:02.008,12.99152,12.99341,0.00,0.00
2018.05.29 01:15:02.059,12.99152,12.99378,0.00,0.00
2018.05.29 01:15:02.160,12.99191,12.99382,0.00,0.00
2018.05.29 01:15:02.210,12.99152,12.99362,0.00,0.00
2018.05.29 01:15:02.412,12.99139,12.99361,0.00,0.00
2018.05.29 01:15:02.537,12.99142,12.99382,0.00,0.00
2018.05.29 01:15:02.681,12.99152,12.99382,0.00,0.00
2018.05.29 01:15:02.998,12.99152,12.99362,0.00,0.00
2018.05.29 01:15:03.432,12.99142,12.99361,0.00,0.00
2018.05.29 01:15:03.565,12.99151,12.99361,0.00,0.00
2018.05.29 01:15:04.174,12.99202,12.99388,0.00,0.00
2018.05.29 01:15:06.233,12.99201,12.99389,0.00,0.00
2018.05.29 01:15:06.886,12.99202,12.99388,0.00,0.00
2018.05.29 01:15:06.936,12.99201,12.99392,0.00,0.00
2018.05.29 01:15:06.991,12.99201,12.99412,0.00,0.00
2018.05.29 01:15:07.096,12.99228,12.99451,0.00,0.00
2018.05.29 01:15:07.148,12.99228,12.99472,0.00,0.00
2018.05.29 01:15:07.199,12.99271,12.99472,0.00,0.00
2018.05.29 01:15:07.914,12.99281,12.99472,0.00,0.00
2018.05.29 01:15:09.829,12.99251,12.99472,0.00,0.00
2018.05.29 01:15:10.049,12.99262,12.99472,0.00,0.00
2018.05.29 01:15:10.350,12.99241,12.99471,0.00,0.00
2018.05.29 01:15:10.400,12.99241,12.99449,0.00,0.00
2018.05.29 01:15:10.745,12.99221,12.99429,0.00,0.00
2018.05.29 01:15:11.141,12.99221,12.99419,0.00,0.00
2018.05.29 01:15:11.331,12.99211,12.99421,0.00,0.00
2018.05.29 01:15:11.405,12.99202,12.99421,0.00,0.00
2018.05.29 01:15:11.568,12.99252,12.99421,0.00,0.00
2018.05.29 01:15:11.669,12.99242,12.99452,0.00,0.00
2018.05.29 01:15:12.466,12.99241,12.99452,0.00,0.00
2018.05.29 01:15:14.166,12.99231,12.99442,0.00,0.00
2018.05.29 01:15:14.827,12.99242,12.99452,0.00,0.00
2018.05.29 01:15:20.294,12.99231,12.99452,0.00,0.00
2018.05.29 01:15:20.474,12.99241,12.99452,0.00,0.00
2018.05.29 01:15:21.728,12.99242,12.99452,0.00,0.00
2018.05.29 01:15:22.141,12.99231,12.99452,0.00,0.00
2018.05.29 01:15:22.919,12.99232,12.99452,0.00,0.00
2018.05.29 01:15:23.020,12.99229,12.99452,0.00,0.00
2018.05.29 01:15:23.071,12.99231,12.99452,0.00,0.00
2018.05.29 01:15:24.982,12.99229,12.99452,0.00,0.00
2018.05.29 01:15:25.301,12.99232,12.99452,0.00,0.00
2018.05.29 01:15:25.733,12.99229,12.99452,0.00,0.00
2018.05.29 01:15:26.832,12.99229,12.99451,0.00,0.00
2018.05.29 01:15:36.859,12.99231,12.99451,0.00,0.00
2018.05.29 01:15:37.180,12.99328,12.99502,0.00,0.00
2018.05.29 01:15:37.287,12.99302,12.99502,0.00,0.00
2018.05.29 01:15:37.389,12.99251,12.99481,0.00,0.00
2018.05.29 01:15:37.569,12.99259,12.99501,0.00,0.00
2018.05.29 01:15:37.620,12.99291,12.99501,0.00,0.00
2018.05.29 01:15:37.753,12.99251,12.99479,0.00,0.00
2018.05.29 01:15:37.804,12.99251,12.99461,0.00,0.00
2018.05.29 01:15:37.878,12.99228,12.99461,0.00,0.00
2018.05.29 01:15:38.129,12.99211,12.99422,0.00,0.00
2018.05.29 01:15:38.180,12.99212,12.99451,0.00,0.00
2018.05.29 01:15:38.231,12.99228,12.99451,0.00,0.00
2018.05.29 01:15:38.714,12.99251,12.99469,0.00,0.00
2018.05.29 01:15:38.765,12.99261,12.99489,0.00,0.00
2018.05.29 01:15:38.982,12.99242,12.99461,0.00,0.00
2018.05.29 01:15:41.154,12.99261,12.99461,0.00,0.00
2018.05.29 01:15:41.205,12.99292,12.99502,0.00,0.00
2018.05.29 01:15:41.294,12.99301,12.99502,0.00,0.00
2018.05.29 01:15:41.848,12.99302,12.99502,0.00,0.00
2018.05.29 01:15:44.998,12.99301,12.99502,0.00,0.00
2018.05.29 01:15:45.440,12.99311,12.99531,0.00,0.00
2018.05.29 01:15:45.491,12.99301,12.99529,0.00,0.00
2018.05.29 01:15:45.544,12.99311,12.99551,0.00,0.00
2018.05.29 01:15:45.597,12.99332,12.99542,0.00,0.00
2018.05.29 01:15:46.263,12.99331,12.99542,0.00,0.00
2018.05.29 01:15:47.536,12.99392,12.99618,0.00,0.00
2018.05.29 01:15:47.587,12.99402,12.99622,0.00,0.00
2018.05.29 01:15:48.117,12.99401,12.99622,0.00,0.00
2018.05.29 01:15:48.733,12.99402,12.99622,0.00,0.00
2018.05.29 01:15:49.315,12.99401,12.99622,0.00,0.00
2018.05.29 01:15:49.783,12.99428,12.99622,0.00,0.00
2018.05.29 01:15:49.961,12.99421,12.99622,0.00,0.00
2018.05.29 01:15:50.067,12.99402,12.99622,0.00,0.00
2018.05.29 01:15:50.494,12.99412,12.99622,0.00,0.00
2018.05.29 01:15:50.821,12.99329,12.99532,0.00,0.00
2018.05.29 01:15:55.230,12.99321,12.99532,0.00,0.00
2018.05.29 01:15:56.053,12.99322,12.99532,0.00,0.00
2018.05.29 01:15:57.207,12.99331,12.99532,0.00,0.00
2018.05.29 01:15:58.808,12.99332,12.99532,0.00,0.00
2018.05.29 01:15:59.354,12.99332,12.99531,0.00,0.00
2018.05.29 01:15:59.620,12.99321,12.99531,0.00,0.00
2018.05.29 01:16:00.205,12.99321,12.99532,0.00,0.00
2018.05.29 01:16:00.265,12.99331,12.99532,0.00,0.00
2018.05.29 01:16:00.871,12.99342,12.99532,0.00,0.00
2018.05.29 01:16:01.088,12.99332,12.99531,0.00,0.00
2018.05.29 01:16:01.237,12.99342,12.99531,0.00,0.00
2018.05.29 01:16:01.719,12.99378,12.99611,0.00,0.00
2018.05.29 01:16:01.770,12.99401,12.99611,0.00,0.00
2018.05.29 01:16:02.126,12.99401,12.99602,0.00,0.00
2018.05.29 01:16:02.278,12.99421,12.99632,0.00,0.00
2018.05.29 01:16:02.382,12.99418,12.99632,0.00,0.00
2018.05.29 01:16:02.434,12.99411,12.99611,0.00,0.00
2018.05.29 01:16:02.777,12.99421,12.99621,0.00,0.00
2018.05.29 01:16:03.121,12.99441,12.99622,0.00,0.00
2018.05.29 01:16:03.331,12.99441,12.99642,0.00,0.00
2018.05.29 01:16:03.686,12.99431,12.99642,0.00,0.00
2018.05.29 01:16:04.111,12.99441,12.99642,0.00,0.00
2018.05.29 01:16:04.454,12.99402,12.99622,0.00,0.00
2018.05.29 01:16:04.556,12.99351,12.99541,0.00,0.00
2018.05.29 01:16:04.658,12.99321,12.99541,0.00,0.00
2018.05.29 01:16:05.234,12.99332,12.99541,0.00,0.00
2018.05.29 01:16:05.538,12.99391,12.99602,0.00,0.00
2018.05.29 01:16:05.639,12.99401,12.99602,0.00,0.00
2018.05.29 01:16:06.249,12.99402,12.99602,0.00,0.00
2018.05.29 01:16:06.299,12.99331,12.99572,0.00,0.00
2018.05.29 01:16:06.418,12.99319,12.99531,0.00,0.00
2018.05.29 01:16:08.128,12.99302,12.99532,0.00,0.00
2018.05.29 01:16:08.229,12.99319,12.99532,0.00,0.00
2018.05.29 01:16:08.336,12.99312,12.99532,0.00,0.00
2018.05.29 01:16:08.387,12.99302,12.99512,0.00,0.00
2018.05.29 01:16:08.736,12.99302,12.99501,0.00,0.00
2018.05.29 01:16:09.340,12.99301,12.99501,0.00,0.00
2018.05.29 01:16:09.391,12.99241,12.99472,0.00,0.00
2018.05.29 01:16:09.494,12.99221,12.99452,0.00,0.00
2018.05.29 01:16:10.058,12.99222,12.99452,0.00,0.00
2018.05.29 01:16:10.409,12.99242,12.99452,0.00,0.00
2018.05.29 01:16:11.346,12.99241,12.99452,0.00,0.00
2018.05.29 01:16:11.667,12.99232,12.99452,0.00,0.00
2018.05.29 01:16:12.771,12.99242,12.99452,0.00,0.00
2018.05.29 01:16:13.920,12.99231,12.99452,0.00,0.00
2018.05.29 01:16:14.022,12.99241,12.99452,0.00,0.00
2018.05.29 01:16:14.211,12.99251,12.99481,0.00,0.00
2018.05.29 01:16:14.353,12.99262,12.99481,0.00,0.00
2018.05.29 01:16:15.984,12.99221,12.99462,0.00,0.00
2018.05.29 01:16:17.102,12.99221,12.99441,0.00,0.00
2018.05.29 01:16:17.195,12.99211,12.99441,0.00,0.00
2018.05.29 01:16:17.246,12.99232,12.99441,0.00,0.00
2018.05.29 01:16:18.059,12.99221,12.99441,0.00,0.00
2018.05.29 01:16:18.110,12.99221,12.99421,0.00,0.00
2018.05.29 01:16:18.212,12.99201,12.99421,0.00,0.00
2018.05.29 01:16:19.053,12.99202,12.99421,0.00,0.00
2018.05.29 01:16:19.474,12.99218,12.99421,0.00,0.00
2018.05.29 01:16:19.991,12.99218,12.99422,0.00,0.00
2018.05.29 01:16:20.713,12.99218,12.99441,0.00,0.00
2018.05.29 01:16:20.764,12.99222,12.99441,0.00,0.00
2018.05.29 01:16:21.230,12.99231,12.99442,0.00,0.00
2018.05.29 01:16:21.398,12.99221,12.99442,0.00,0.00
2018.05.29 01:16:21.604,12.99231,12.99442,0.00,0.00
2018.05.29 01:16:22.213,12.99232,12.99442,0.00,0.00
2018.05.29 01:16:22.764,12.99231,12.99442,0.00,0.00
2018.05.29 01:16:23.333,12.99232,12.99442,0.00,0.00
2018.05.29 01:16:23.614,12.99222,12.99442,0.00,0.00
2018.05.29 01:16:23.783,12.99231,12.99442,0.00,0.00
2018.05.29 01:16:24.321,12.99232,12.99442,0.00,0.00
2018.05.29 01:16:24.484,12.99221,12.99442,0.00,0.00
2018.05.29 01:16:24.751,12.99201,12.99441,0.00,0.00
2018.05.29 01:16:24.802,12.99202,12.99422,0.00,0.00
2018.05.29 01:16:28.171,12.99242,12.99421,0.00,0.00
2018.05.29 01:16:28.222,12.99201,12.99421,0.00,0.00
2018.05.29 01:16:28.816,12.99228,12.99421,0.00,0.00
2018.05.29 01:16:28.866,12.99228,12.99442,0.00,0.00
2018.05.29 01:16:28.917,12.99252,12.99442,0.00,0.00
2018.05.29 01:16:28.967,12.99251,12.99472,0.00,0.00
2018.05.29 01:16:29.654,12.99241,12.99472,0.00,0.00
2018.05.29 01:16:29.705,12.99241,12.99451,0.00,0.00
2018.05.29 01:16:29.896,12.99228,12.99451,0.00,0.00
2018.05.29 01:16:30.021,12.99251,12.99452,0.00,0.00
2018.05.29 01:16:30.320,12.99232,12.99451,0.00,0.00
2018.05.29 01:16:30.472,12.99192,12.99432,0.00,0.00
2018.05.29 01:16:30.523,12.99202,12.99432,0.00,0.00
2018.05.29 01:16:31.101,12.99201,12.99432,0.00,0.00
2018.05.29 01:16:31.880,12.99211,12.99432,0.00,0.00
2018.05.29 01:16:32.214,12.99241,12.99451,0.00,0.00
2018.05.29 01:16:33.244,12.99241,12.99452,0.00,0.00
2018.05.29 01:16:33.295,12.99228,12.99452,0.00,0.00
2018.05.29 01:16:33.424,12.99228,12.99442,0.00,0.00
2018.05.29 01:16:33.854,12.99231,12.99482,0.00,0.00
2018.05.29 01:16:33.905,12.99261,12.99492,0.00,0.00
2018.05.29 01:16:34.244,12.99271,12.99461,0.00,0.00
2018.05.29 01:16:34.372,12.99252,12.99461,0.00,0.00
2018.05.29 01:16:34.423,12.99231,12.99461,0.00,0.00
2018.05.29 01:16:34.524,12.99241,12.99461,0.00,0.00
2018.05.29 01:16:34.782,12.99241,12.99481,0.00,0.00
2018.05.29 01:16:34.832,12.99251,12.99481,0.00,0.00
2018.05.29 01:16:35.138,12.99262,12.99471,0.00,0.00
2018.05.29 01:16:35.460,12.99262,12.99452,0.00,0.00
2018.05.29 01:16:35.511,12.99228,12.99452,0.00,0.00
2018.05.29 01:16:36.228,12.99242,12.99452,0.00,0.00
2018.05.29 01:16:36.279,12.99242,12.99511,0.00,0.00
2018.05.29 01:16:36.380,12.99291,12.99511,0.00,0.00
2018.05.29 01:16:36.648,12.99261,12.99511,0.00,0.00
2018.05.29 01:16:36.699,12.99261,12.99482,0.00,0.00
2018.05.29 01:16:38.549,12.99292,12.99482,0.00,0.00
2018.05.29 01:16:38.601,12.99292,12.99502,0.00,0.00
2018.05.29 01:16:38.652,12.99292,12.99482,0.00,0.00
2018.05.29 01:16:42.055,12.99261,12.99461,0.00,0.00
2018.05.29 01:16:42.106,12.99262,12.99482,0.00,0.00
2018.05.29 01:16:43.465,12.99291,12.99482,0.00,0.00
2018.05.29 01:16:43.725,12.99262,12.99482,0.00,0.00
2018.05.29 01:16:44.339,12.99291,12.99502,0.00,0.00
2018.05.29 01:16:44.677,12.99301,12.99482,0.00,0.00
2018.05.29 01:16:45.014,12.99251,12.99481,0.00,0.00
2018.05.29 01:16:45.115,12.99251,12.99462,0.00,0.00
2018.05.29 01:16:45.524,12.99241,12.99462,0.00,0.00
2018.05.29 01:16:46.048,12.99242,12.99461,0.00,0.00
2018.05.29 01:16:46.100,12.99261,12.99492,0.00,0.00
2018.05.29 01:16:46.151,12.99291,12.99501,0.00,0.00
2018.05.29 01:16:46.498,12.99261,12.99482,0.00,0.00
2018.05.29 01:16:47.334,12.99261,12.99481,0.00,0.00
2018.05.29 01:16:47.961,12.99262,12.99481,0.00,0.00
2018.05.29 01:16:48.828,12.99262,12.99502,0.00,0.00
2018.05.29 01:16:48.879,12.99291,12.99502,0.00,0.00
2018.05.29 01:16:49.383,12.99301,12.99502,0.00,0.00
2018.05.29 01:16:50.290,12.99322,12.99522,0.00,0.00
2018.05.29 01:16:50.341,12.99341,12.99552,0.00,0.00
2018.05.29 01:16:50.653,12.99322,12.99551,0.00,0.00
2018.05.29 01:16:50.704,12.99301,12.99491,0.00,0.00
2018.05.29 01:16:50.755,12.99301,12.99512,0.00,0.00
2018.05.29 01:16:50.906,12.99261,12.99502,0.00,0.00
2018.05.29 01:16:51.119,12.99261,12.99492,0.00,0.00
2018.05.29 01:16:51.717,12.99261,12.99512,0.00,0.00
2018.05.29 01:16:51.768,12.99302,12.99512,0.00,0.00
2018.05.29 01:16:51.819,12.99301,12.99522,0.00,0.00
2018.05.29 01:16:52.389,12.99302,12.99522,0.00,0.00
2018.05.29 01:16:52.841,12.99311,12.99541,0.00,0.00
2018.05.29 01:16:52.943,12.99321,12.99541,0.00,0.00
2018.05.29 01:16:53.062,12.99319,12.99541,0.00,0.00
2018.05.29 01:16:53.213,12.99302,12.99541,0.00,0.00
2018.05.29 01:16:54.793,12.99302,12.99521,0.00,0.00
2018.05.29 01:16:55.418,12.99311,12.99562,0.00,0.00
2018.05.29 01:16:55.469,12.99352,12.99562,0.00,0.00
2018.05.29 01:16:55.520,12.99381,12.99592,0.00,0.00
2018.05.29 01:16:56.080,12.99382,12.99592,0.00,0.00
2018.05.29 01:16:56.320,12.99401,12.99612,0.00,0.00
2018.05.29 01:16:56.472,12.99402,12.99592,0.00,0.00
2018.05.29 01:16:56.607,12.99391,12.99592,0.00,0.00
2018.05.29 01:16:56.658,12.99392,12.99612,0.00,0.00
2018.05.29 01:16:57.050,12.99392,12.99592,0.00,0.00
2018.05.29 01:16:57.777,12.99402,12.99612,0.00,0.00
2018.05.29 01:16:58.264,12.99402,12.99609,0.00,0.00
2018.05.29 01:16:58.315,12.99332,12.99572,0.00,0.00
2018.05.29 01:16:58.366,12.99362,12.99591,0.00,0.00
2018.05.29 01:16:58.685,12.99422,12.99641,0.00,0.00
2018.05.29 01:16:58.740,12.99421,12.99662,0.00,0.00
2018.05.29 01:16:58.841,12.99418,12.99642,0.00,0.00
2018.05.29 01:16:58.892,12.99401,12.99642,0.00,0.00
2018.05.29 01:16:59.155,12.99431,12.99642,0.00,0.00
2018.05.29 01:16:59.206,12.99431,12.99651,0.00,0.00
2018.05.29 01:16:59.707,12.99432,12.99651,0.00,0.00
2018.05.29 01:16:59.924,12.99412,12.99632,0.00,0.00
2018.05.29 01:17:00.015,12.99401,12.99632,0.00,0.00
2018.05.29 01:17:00.116,12.99411,12.99632,0.00,0.00
2018.05.29 01:17:00.422,12.99422,12.99632,0.00,0.00
2018.05.29 01:17:01.679,12.99411,12.99632,0.00,0.00
2018.05.29 01:17:02.226,12.99412,12.99642,0.00,0.00
2018.05.29 01:17:02.277,12.99421,12.99642,0.00,0.00
2018.05.29 01:17:02.780,12.99432,12.99642,0.00,0.00
2018.05.29 01:17:03.329,12.99421,12.99642,0.00,0.00
2018.05.29 01:17:03.430,12.99432,12.99642,0.00,0.00
2018.05.29 01:17:04.001,12.99431,12.99642,0.00,0.00
2018.05.29 01:17:04.330,12.99412,12.99641,0.00,0.00
2018.05.29 01:17:04.432,12.99402,12.99641,0.00,0.00
2018.05.29 01:17:04.659,12.99421,12.99662,0.00,0.00
2018.05.29 01:17:04.710,12.99442,12.99652,0.00,0.00
2018.05.29 01:17:05.044,12.99501,12.99702,0.00,0.00
2018.05.29 01:17:05.094,12.99462,12.99682,0.00,0.00
2018.05.29 01:17:05.195,12.99462,12.99662,0.00,0.00
2018.05.29 01:17:05.375,12.99502,12.99711,0.00,0.00
2018.05.29 01:17:05.427,12.99469,12.99711,0.00,0.00
2018.05.29 01:17:05.478,12.99462,12.99692,0.00,0.00
2018.05.29 01:17:05.806,12.99462,12.99661,0.00,0.00
2018.05.29 01:17:05.944,12.99501,12.99711,0.00,0.00
2018.05.29 01:17:06.005,12.99501,12.99681,0.00,0.00
2018.05.29 01:17:06.056,12.99451,12.99681,0.00,0.00
2018.05.29 01:17:06.107,12.99491,12.99702,0.00,0.00
2018.05.29 01:17:06.426,12.99462,12.99702,0.00,0.00
2018.05.29 01:17:06.493,12.99501,12.99702,0.00,0.00
2018.05.29 01:17:06.597,12.99452,12.99681,0.00,0.00
2018.05.29 01:17:06.837,12.99461,12.99681,0.00,0.00
2018.05.29 01:17:06.994,12.99441,12.99682,0.00,0.00
2018.05.29 01:17:07.044,12.99441,12.99661,0.00,0.00
2018.05.29 01:17:07.315,12.99469,12.99721,0.00,0.00
2018.05.29 01:17:07.367,12.99462,12.99682,0.00,0.00
2018.05.29 01:17:07.696,12.99502,12.99712,0.00,0.00
2018.05.29 01:17:08.661,12.99502,12.99711,0.00,0.00
2018.05.29 01:17:08.712,12.99492,12.99712,0.00,0.00
2018.05.29 01:17:08.900,12.99492,12.99701,0.00,0.00
2018.05.29 01:17:09.213,12.99491,12.99692,0.00,0.00
2018.05.29 01:17:09.263,12.99471,12.99692,0.00,0.00
2018.05.29 01:17:09.544,12.99431,12.99692,0.00,0.00
2018.05.29 01:17:09.594,12.99431,12.99662,0.00,0.00
2018.05.29 01:17:10.649,12.99408,12.99662,0.00,0.00
2018.05.29 01:17:11.120,12.99401,12.99641,0.00,0.00
2018.05.29 01:17:11.673,12.99401,12.99622,0.00,0.00
2018.05.29 01:17:12.327,12.99391,12.99622,0.00,0.00
2018.05.29 01:17:12.378,12.99391,12.99611,0.00,0.00
2018.05.29 01:17:12.970,12.99391,12.99592,0.00,0.00
2018.05.29 01:17:13.233,12.99371,12.99592,0.00,0.00
2018.05.29 01:17:13.335,12.99342,12.99592,0.00,0.00
2018.05.29 01:17:13.796,12.99328,12.99592,0.00,0.00
2018.05.29 01:17:13.847,12.99309,12.99561,0.00,0.00
2018.05.29 01:17:15.385,12.99362,12.99561,0.00,0.00
2018.05.29 01:17:15.435,12.99362,12.99591,0.00,0.00
2018.05.29 01:17:15.928,12.99362,12.99571,0.00,0.00
2018.05.29 01:17:16.029,12.99309,12.99571,0.00,0.00
2018.05.29 01:17:20.690,12.99328,12.99591,0.00,0.00
2018.05.29 01:17:20.843,12.99309,12.99561,0.00,0.00
2018.05.29 01:17:22.209,12.99372,12.99561,0.00,0.00
2018.05.29 01:17:22.260,12.99391,12.99601,0.00,0.00
2018.05.29 01:17:22.361,12.99372,12.99581,0.00,0.00
2018.05.29 01:17:22.494,12.99309,12.99561,0.00,0.00
2018.05.29 01:17:25.482,12.99341,12.99561,0.00,0.00
2018.05.29 01:17:25.533,12.99341,12.99591,0.00,0.00
2018.05.29 01:17:26.809,12.99339,12.99591,0.00,0.00
2018.05.29 01:17:26.863,12.99308,12.99562,0.00,0.00
2018.05.29 01:17:26.918,12.99302,12.99542,0.00,0.00
2018.05.29 01:17:27.522,12.99302,12.99532,0.00,0.00
2018.05.29 01:17:27.961,12.99302,12.99562,0.00,0.00
2018.05.29 01:17:28.062,12.99309,12.99562,0.00,0.00
2018.05.29 01:17:29.106,12.99328,12.99592,0.00,0.00
2018.05.29 01:17:29.157,12.99392,12.99611,0.00,0.00
2018.05.29 01:17:30.063,12.99402,12.99611,0.00,0.00
2018.05.29 01:17:30.895,12.99372,12.99582,0.00,0.00
2018.05.29 01:17:31.249,12.99318,12.99582,0.00,0.00
2018.05.29 01:17:31.350,12.99309,12.99581,0.00,0.00
2018.05.29 01:17:31.559,12.99319,12.99581,0.00,0.00
2018.05.29 01:17:31.893,12.99361,12.99582,0.00,0.00
2018.05.29 01:17:31.994,12.99301,12.99582,0.00,0.00
2018.05.29 01:17:32.094,12.99301,12.99561,0.00,0.00
2018.05.29 01:17:32.597,12.99342,12.99561,0.00,0.00
2018.05.29 01:17:32.648,12.99342,12.99582,0.00,0.00
2018.05.29 01:17:32.971,12.99342,12.99552,0.00,0.00
2018.05.29 01:17:33.380,12.99302,12.99552,0.00,0.00
2018.05.29 01:17:33.785,12.99318,12.99582,0.00,0.00
2018.05.29 01:17:34.263,12.99342,12.99582,0.00,0.00
2018.05.29 01:17:35.398,12.99371,12.99582,0.00,0.00
2018.05.29 01:17:35.904,12.99318,12.99582,0.00,0.00
2018.05.29 01:17:35.954,12.99301,12.99562,0.00,0.00
2018.05.29 01:17:36.483,12.99319,12.99581,0.00,0.00
2018.05.29 01:17:36.686,12.99341,12.99581,0.00,0.00
2018.05.29 01:17:36.912,12.99341,12.99592,0.00,0.00
2018.05.29 01:17:36.973,12.99391,12.99601,0.00,0.00
2018.05.29 01:17:37.024,12.99341,12.99572,0.00,0.00
2018.05.29 01:17:37.126,12.99341,12.99562,0.00,0.00
2018.05.29 01:17:37.177,12.99301,12.99562,0.00,0.00
2018.05.29 01:17:37.902,12.99342,12.99562,0.00,0.00
2018.05.29 01:17:37.954,12.99342,12.99582,0.00,0.00
2018.05.29 01:17:38.163,12.99342,12.99561,0.00,0.00
2018.05.29 01:17:38.355,12.99301,12.99561,0.00,0.00
2018.05.29 01:17:40.365,12.99362,12.99561,0.00,0.00
2018.05.29 01:17:40.416,12.99362,12.99581,0.00,0.00
2018.05.29 01:17:41.686,12.99391,12.99581,0.00,0.00
2018.05.29 01:17:41.738,12.99401,12.99602,0.00,0.00
2018.05.29 01:17:41.789,12.99402,12.99582,0.00,0.00
2018.05.29 01:17:42.283,12.99391,12.99582,0.00,0.00
2018.05.29 01:17:42.334,12.99391,12.99602,0.00,0.00
2018.05.29 01:17:42.486,12.99391,12.99582,0.00,0.00
2018.05.29 01:17:43.164,12.99341,12.99582,0.00,0.00
2018.05.29 01:17:43.336,12.99372,12.99582,0.00,0.00
2018.05.29 01:17:43.437,12.99391,12.99602,0.00,0.00
2018.05.29 01:17:43.825,12.99372,12.99601,0.00,0.00
2018.05.29 01:17:44.054,12.99372,12.99581,0.00,0.00
2018.05.29 01:17:44.335,12.99329,12.99581,0.00,0.00
2018.05.29 01:17:44.456,12.99301,12.99552,0.00,0.00
2018.05.29 01:17:44.814,12.99362,12.99552,0.00,0.00
2018.05.29 01:17:44.865,12.99391,12.99601,0.00,0.00
2018.05.29 01:17:45.018,12.99402,12.99602,0.00,0.00
2018.05.29 01:17:45.222,12.99362,12.99582,0.00,0.00
2018.05.29 01:17:46.314,12.99341,12.99582,0.00,0.00
2018.05.29 01:17:46.883,12.99328,12.99582,0.00,0.00
2018.05.29 01:17:46.934,12.99301,12.99522,0.00,0.00
2018.05.29 01:17:47.504,12.99302,12.99521,0.00,0.00
2018.05.29 01:17:49.442,12.99301,12.99521,0.00,0.00
2018.05.29 01:17:50.278,12.99292,12.99521,0.00,0.00
2018.05.29 01:17:52.233,12.99291,12.99521,0.00,0.00
2018.05.29 01:17:54.405,12.99291,12.99502,0.00,0.00
2018.05.29 01:17:57.365,12.99292,12.99502,0.00,0.00
2018.05.29 01:17:58.168,12.99291,12.99502,0.00,0.00
2018.05.29 01:17:58.589,12.99301,12.99511,0.00,0.00
2018.05.29 01:17:58.640,12.99302,12.99532,0.00,0.00
2018.05.29 01:17:58.764,12.99301,12.99522,0.00,0.00
2018.05.29 01:17:59.378,12.99302,12.99522,0.00,0.00
2018.05.29 01:18:00.464,12.99301,12.99522,0.00,0.00
2018.05.29 01:18:00.603,12.99291,12.99522,0.00,0.00
2018.05.29 01:18:00.709,12.99302,12.99522,0.00,0.00
2018.05.29 01:18:05.246,12.99302,12.99512,0.00,0.00
2018.05.29 01:18:05.984,12.99301,12.99512,0.00,0.00
2018.05.29 01:18:06.640,12.99302,12.99511,0.00,0.00
2018.05.29 01:18:08.172,12.99302,12.99502,0.00,0.00
2018.05.29 01:18:08.223,12.99291,12.99492,0.00,0.00
2018.05.29 01:18:08.473,12.99241,12.99491,0.00,0.00
2018.05.29 01:18:13.006,12.99262,12.99491,0.00,0.00
2018.05.29 01:18:13.584,12.99291,12.99512,0.00,0.00
2018.05.29 01:18:16.480,12.99262,12.99482,0.00,0.00
2018.05.29 01:18:16.981,12.99261,12.99482,0.00,0.00
2018.05.29 01:18:17.502,12.99302,12.99512,0.00,0.00
2018.05.29 01:18:18.371,12.99302,12.99521,0.00,0.00
2018.05.29 01:18:18.594,12.99302,12.99531,0.00,0.00
2018.05.29 01:18:18.645,12.99301,12.99511,0.00,0.00
2018.05.29 01:18:19.214,12.99302,12.99511,0.00,0.00
2018.05.29 01:18:24.719,12.99292,12.99501,0.00,0.00
2018.05.29 01:18:24.770,12.99241,12.99462,0.00,0.00
2018.05.29 01:18:24.821,12.99281,12.99491,0.00,0.00
2018.05.29 01:18:24.872,12.99241,12.99472,0.00,0.00
2018.05.29 01:18:24.973,12.99241,12.99461,0.00,0.00
2018.05.29 01:18:25.450,12.99209,12.99461,0.00,0.00
2018.05.29 01:18:25.668,12.99251,12.99492,0.00,0.00
2018.05.29 01:18:26.196,12.99202,12.99422,0.00,0.00
2018.05.29 01:18:26.950,12.99201,12.99422,0.00,0.00
2018.05.29 01:18:27.503,12.99228,12.99462,0.00,0.00
2018.05.29 01:18:27.554,12.99228,12.99472,0.00,0.00
2018.05.29 01:18:27.605,12.99228,12.99492,0.00,0.00
2018.05.29 01:18:27.734,12.99301,12.99492,0.00,0.00
2018.05.29 01:18:28.861,12.99241,12.99492,0.00,0.00
2018.05.29 01:18:30.814,12.99271,12.99492,0.00,0.00
2018.05.29 01:18:31.118,12.99301,12.99522,0.00,0.00
2018.05.29 01:18:34.919,12.99302,12.99522,0.00,0.00
2018.05.29 01:18:35.453,12.99302,12.99542,0.00,0.00
2018.05.29 01:18:35.504,12.99302,12.99552,0.00,0.00
2018.05.29 01:18:35.555,12.99371,12.99571,0.00,0.00
2018.05.29 01:18:36.115,12.99372,12.99571,0.00,0.00
2018.05.29 01:18:36.166,12.99309,12.99571,0.00,0.00
2018.05.29 01:18:36.650,12.99361,12.99571,0.00,0.00
2018.05.29 01:18:36.700,12.99391,12.99611,0.00,0.00
2018.05.29 01:18:37.513,12.99391,12.99612,0.00,0.00
2018.05.29 01:18:37.934,12.99401,12.99612,0.00,0.00
2018.05.29 01:18:37.987,12.99438,12.99672,0.00,0.00
2018.05.29 01:18:38.038,12.99471,12.99672,0.00,0.00
2018.05.29 01:18:38.089,12.99482,12.99712,0.00,0.00
2018.05.29 01:18:38.193,12.99411,12.99662,0.00,0.00
2018.05.29 01:18:39.676,12.99402,12.99662,0.00,0.00
2018.05.29 01:18:41.713,12.99462,12.99662,0.00,0.00
2018.05.29 01:18:41.764,12.99461,12.99672,0.00,0.00
2018.05.29 01:18:41.815,12.99401,12.99672,0.00,0.00
2018.05.29 01:18:43.383,12.99442,12.99672,0.00,0.00
2018.05.29 01:18:43.434,12.99521,12.99752,0.00,0.00
2018.05.29 01:18:43.786,12.99482,12.99732,0.00,0.00
2018.05.29 01:18:43.941,12.99432,12.99662,0.00,0.00
2018.05.29 01:18:44.652,12.99431,12.99662,0.00,0.00
2018.05.29 01:18:45.165,12.99422,12.99662,0.00,0.00
2018.05.29 01:18:45.887,12.99421,12.99661,0.00,0.00
2018.05.29 01:18:46.180,12.99412,12.99661,0.00,0.00
2018.05.29 01:18:46.281,12.99422,12.99661,0.00,0.00
2018.05.29 01:18:48.248,12.99411,12.99661,0.00,0.00
2018.05.29 01:18:49.402,12.99422,12.99661,0.00,0.00
2018.05.29 01:18:49.529,12.99382,12.99642,0.00,0.00
2018.05.29 01:18:49.580,12.99381,12.99612,0.00,0.00
2018.05.29 01:18:49.733,12.99371,12.99612,0.00,0.00
2018.05.29 01:18:49.784,12.99382,12.99612,0.00,0.00
2018.05.29 01:18:50.510,12.99381,12.99612,0.00,0.00
2018.05.29 01:18:50.705,12.99371,12.99612,0.00,0.00
2018.05.29 01:18:51.115,12.99381,12.99612,0.00,0.00
2018.05.29 01:19:01.615,12.99382,12.99612,0.00,0.00
2018.05.29 01:19:01.665,12.99371,12.99611,0.00,0.00
2018.05.29 01:19:02.437,12.99372,12.99611,0.00,0.00
2018.05.29 01:19:02.487,12.99372,12.99591,0.00,0.00
2018.05.29 01:19:02.994,12.99372,12.99589,0.00,0.00
2018.05.29 01:19:03.430,12.99331,12.99542,0.00,0.00
2018.05.29 01:19:06.397,12.99332,12.99542,0.00,0.00
2018.05.29 01:19:07.676,12.99311,12.99542,0.00,0.00
2018.05.29 01:19:08.379,12.99312,12.99542,0.00,0.00
2018.05.29 01:19:09.668,12.99281,12.99511,0.00,0.00
2018.05.29 01:19:09.820,12.99291,12.99531,0.00,0.00
2018.05.29 01:19:09.871,12.99341,12.99552,0.00,0.00
2018.05.29 01:19:09.922,12.99381,12.99611,0.00,0.00
2018.05.29 01:19:10.811,12.99381,12.99612,0.00,0.00
2018.05.29 01:19:11.904,12.99382,12.99612,0.00,0.00
2018.05.29 01:19:12.184,12.99382,12.99621,0.00,0.00
2018.05.29 01:19:13.004,12.99381,12.99621,0.00,0.00
2018.05.29 01:19:13.704,12.99381,12.99601,0.00,0.00
2018.05.29 01:19:16.975,12.99301,12.99452,0.00,0.00
2018.05.29 01:19:17.079,12.99212,12.99452,0.00,0.00
2018.05.29 01:19:17.278,12.99261,12.99452,0.00,0.00
2018.05.29 01:19:17.329,12.99271,12.99502,0.00,0.00
2018.05.29 01:19:17.380,12.99281,12.99502,0.00,0.00
2018.05.29 01:19:17.431,12.99261,12.99502,0.00,0.00
2018.05.29 01:19:17.795,12.99282,12.99501,0.00,0.00
2018.05.29 01:19:18.364,12.99281,12.99501,0.00,0.00
2018.05.29 01:19:19.003,12.99271,12.99471,0.00,0.00
2018.05.29 01:19:19.426,12.99281,12.99471,0.00,0.00
2018.05.29 01:19:19.477,12.99282,12.99491,0.00,0.00
2018.05.29 01:19:20.434,12.99272,12.99491,0.00,0.00
2018.05.29 01:19:20.514,12.99282,12.99491,0.00,0.00
2018.05.29 01:19:20.875,12.99271,12.99491,0.00,0.00
2018.05.29 01:19:22.374,12.99282,12.99491,0.00,0.00
2018.05.29 01:19:23.079,12.99271,12.99491,0.00,0.00
2018.05.29 01:19:23.464,12.99271,12.99511,0.00,0.00
2018.05.29 01:19:23.515,12.99281,12.99531,0.00,0.00
2018.05.29 01:19:23.616,12.99342,12.99572,0.00,0.00
2018.05.29 01:19:24.260,12.99341,12.99571,0.00,0.00
2018.05.29 01:19:31.382,12.99321,12.99552,0.00,0.00
2018.05.29 01:19:31.574,12.99301,12.99552,0.00,0.00
2018.05.29 01:19:31.733,12.99301,12.99521,0.00,0.00
2018.05.29 01:19:31.885,12.99241,12.99501,0.00,0.00
2018.05.29 01:19:32.099,12.99248,12.99508,0.00,0.00
2018.05.29 01:19:32.512,12.99281,12.99502,0.00,0.00
2018.05.29 01:19:33.211,12.99271,12.99502,0.00,0.00
2018.05.29 01:19:33.762,12.99271,12.99489,0.00,0.00
2018.05.29 01:19:33.813,12.99191,12.99432,0.00,0.00
2018.05.29 01:19:33.914,12.99201,12.99432,0.00,0.00
2018.05.29 01:19:34.494,12.99202,12.99432,0.00,0.00
2018.05.29 01:19:45.504,12.99271,12.99501,0.00,0.00
2018.05.29 01:19:46.014,12.99282,12.99511,0.00,0.00
2018.05.29 01:19:46.770,12.99272,12.99492,0.00,0.00
2018.05.29 01:19:46.871,12.99281,12.99502,0.00,0.00
2018.05.29 01:19:47.441,12.99281,12.99501,0.00,0.00
2018.05.29 01:19:47.654,12.99291,12.99542,0.00,0.00
2018.05.29 01:19:47.755,12.99321,12.99572,0.00,0.00
2018.05.29 01:19:48.094,12.99301,12.99552,0.00,0.00
2018.05.29 01:19:48.756,12.99301,12.99551,0.00,0.00
2018.05.29 01:19:49.136,12.99291,12.99551,0.00,0.00
2018.05.29 01:19:49.316,12.99302,12.99551,0.00,0.00
2018.05.29 01:19:51.153,12.99301,12.99551,0.00,0.00
2018.05.29 01:19:51.456,12.99282,12.99531,0.00,0.00
2018.05.29 01:19:52.056,12.99282,12.99512,0.00,0.00
2018.05.29 01:19:52.842,12.99281,12.99512,0.00,0.00
2018.05.29 01:19:53.379,12.99281,12.99511,0.00,0.00
2018.05.29 01:19:53.953,12.99282,12.99511,0.00,0.00
2018.05.29 01:19:56.170,12.99271,12.99492,0.00,0.00
2018.05.29 01:19:56.272,12.99272,12.99501,0.00,0.00
2018.05.29 01:19:56.322,12.99281,12.99501,0.00,0.00
2018.05.29 01:19:57.234,12.99231,12.99442,0.00,0.00
2018.05.29 01:19:57.923,12.99221,12.99442,0.00,0.00
2018.05.29 01:20:00.192,12.99262,12.99442,0.00,0.00
2018.05.29 01:20:00.242,12.99272,12.99502,0.00,0.00
2018.05.29 01:20:00.293,12.99282,12.99532,0.00,0.00
2018.05.29 01:20:00.344,12.99318,12.99572,0.00,0.00
2018.05.29 01:20:00.395,12.99331,12.99572,0.00,0.00
2018.05.29 01:20:00.709,12.99381,12.99602,0.00,0.00
2018.05.29 01:20:00.949,12.99321,12.99552,0.00,0.00
2018.05.29 01:20:01.280,12.99331,12.99571,0.00,0.00
2018.05.29 01:20:01.736,12.99342,12.99571,0.00,0.00
2018.05.29 01:20:03.233,12.99371,12.99591,0.00,0.00
2018.05.29 01:20:03.668,12.99362,12.99571,0.00,0.00
2018.05.29 01:20:03.802,12.99371,12.99591,0.00,0.00
2018.05.29 01:20:04.125,12.99362,12.99591,0.00,0.00
2018.05.29 01:20:04.176,12.99362,12.99571,0.00,0.00
2018.05.29 01:20:04.732,12.99341,12.99571,0.00,0.00
2018.05.29 01:20:05.242,12.99341,12.99572,0.00,0.00
2018.05.29 01:20:05.293,12.99311,12.99542,0.00,0.00
2018.05.29 01:20:05.602,12.99362,12.99542,0.00,0.00
2018.05.29 01:20:05.653,12.99372,12.99601,0.00,0.00
2018.05.29 01:20:05.754,12.99381,12.99601,0.00,0.00
2018.05.29 01:20:06.957,12.99331,12.99552,0.00,0.00
2018.05.29 01:20:07.059,12.99312,12.99552,0.00,0.00
2018.05.29 01:20:08.011,12.99321,12.99571,0.00,0.00
2018.05.29 01:20:08.113,12.99331,12.99571,0.00,0.00
2018.05.29 01:20:08.619,12.99342,12.99571,0.00,0.00
2018.05.29 01:20:09.735,12.99331,12.99571,0.00,0.00
2018.05.29 01:20:09.786,12.99322,12.99552,0.00,0.00
2018.05.29 01:20:09.960,12.99332,12.99572,0.00,0.00
2018.05.29 01:20:10.517,12.99341,12.99572,0.00,0.00
2018.05.29 01:20:11.761,12.99332,12.99572,0.00,0.00
2018.05.29 01:20:11.812,12.99321,12.99551,0.00,0.00
2018.05.29 01:20:12.249,12.99372,12.99551,0.00,0.00
2018.05.29 01:20:12.300,12.99312,12.99552,0.00,0.00
2018.05.29 01:20:12.760,12.99311,12.99531,0.00,0.00
2018.05.29 01:20:13.241,12.99291,12.99531,0.00,0.00
2018.05.29 01:20:13.292,12.99281,12.99511,0.00,0.00
2018.05.29 01:20:13.940,12.99282,12.99511,0.00,0.00
2018.05.29 01:20:14.977,12.99281,12.99511,0.00,0.00
2018.05.29 01:20:15.327,12.99341,12.99562,0.00,0.00
2018.05.29 01:20:15.887,12.99371,12.99601,0.00,0.00
2018.05.29 01:20:15.988,12.99322,12.99552,0.00,0.00
2018.05.29 01:20:16.587,12.99341,12.99552,0.00,0.00
2018.05.29 01:20:17.434,12.99342,12.99552,0.00,0.00
2018.05.29 01:20:20.259,12.99341,12.99572,0.00,0.00
2018.05.29 01:20:20.970,12.99381,12.99601,0.00,0.00
2018.05.29 01:20:21.074,12.99381,12.99611,0.00,0.00
2018.05.29 01:20:22.036,12.99381,12.99572,0.00,0.00
2018.05.29 01:20:22.569,12.99382,12.99572,0.00,0.00
2018.05.29 01:20:23.152,12.99381,12.99572,0.00,0.00
2018.05.29 01:20:23.542,12.99381,12.99581,0.00,0.00
2018.05.29 01:20:24.222,12.99381,12.99562,0.00,0.00
2018.05.29 01:20:24.881,12.99382,12.99562,0.00,0.00
2018.05.29 01:20:25.399,12.99371,12.99562,0.00,0.00
2018.05.29 01:20:25.949,12.99372,12.99562,0.00,0.00
2018.05.29 01:20:27.822,12.99382,12.99562,0.00,0.00
2018.05.29 01:20:33.541,12.99381,12.99571,0.00,0.00
2018.05.29 01:20:34.151,12.99382,12.99572,0.00,0.00
2018.05.29 01:20:34.532,12.99372,12.99571,0.00,0.00
2018.05.29 01:20:35.036,12.99371,12.99571,0.00,0.00
2018.05.29 01:20:35.087,12.99382,12.99571,0.00,0.00
2018.05.29 01:20:35.189,12.99321,12.99541,0.00,0.00
2018.05.29 01:20:35.240,12.99321,12.99521,0.00,0.00
2018.05.29 01:20:35.345,12.99302,12.99521,0.00,0.00
2018.05.29 01:20:36.252,12.99311,12.99521,0.00,0.00
2018.05.29 01:20:36.793,12.99312,12.99521,0.00,0.00
2018.05.29 01:20:39.156,12.99311,12.99521,0.00,0.00
2018.05.29 01:20:39.776,12.99321,12.99521,0.00,0.00
2018.05.29 01:20:40.170,12.99342,12.99521,0.00,0.00
2018.05.29 01:20:40.221,12.99342,12.99541,0.00,0.00
2018.05.29 01:20:40.373,12.99342,12.99521,0.00,0.00
2018.05.29 01:20:40.953,12.99312,12.99521,0.00,0.00
2018.05.29 01:20:41.472,12.99301,12.99521,0.00,0.00
2018.05.29 01:20:41.523,12.99301,12.99502,0.00,0.00
2018.05.29 01:20:42.181,12.99291,12.99502,0.00,0.00
2018.05.29 01:20:42.329,12.99288,12.99502,0.00,0.00
2018.05.29 01:20:43.459,12.99302,12.99502,0.00,0.00
2018.05.29 01:20:45.231,12.99281,12.99502,0.00,0.00
2018.05.29 01:20:45.333,12.99291,12.99521,0.00,0.00
2018.05.29 01:20:45.384,12.99322,12.99521,0.00,0.00
2018.05.29 01:20:45.807,12.99342,12.99521,0.00,0.00
2018.05.29 01:20:45.911,12.99371,12.99572,0.00,0.00
2018.05.29 01:20:45.964,12.99381,12.99572,0.00,0.00
2018.05.29 01:20:46.356,12.99402,12.99572,0.00,0.00
2018.05.29 01:20:46.407,12.99422,12.99612,0.00,0.00
2018.05.29 01:20:46.458,12.99391,12.99611,0.00,0.00
2018.05.29 01:20:46.509,12.99402,12.99611,0.00,0.00
2018.05.29 01:20:46.869,12.99431,12.99611,0.00,0.00
2018.05.29 01:20:46.921,12.99471,12.99671,0.00,0.00
2018.05.29 01:20:47.024,12.99481,12.99671,0.00,0.00
2018.05.29 01:20:47.256,12.99501,12.99712,0.00,0.00
2018.05.29 01:20:47.307,12.99511,12.99712,0.00,0.00
2018.05.29 01:20:47.667,12.99562,12.99722,0.00,0.00
2018.05.29 01:20:47.718,12.99562,12.99791,0.00,0.00
2018.05.29 01:20:47.769,12.99562,12.99731,0.00,0.00
2018.05.29 01:20:47.870,12.99572,12.99782,0.00,0.00
2018.05.29 01:20:47.972,12.99581,12.99821,0.00,0.00
2018.05.29 01:20:48.023,12.99592,12.99821,0.00,0.00
2018.05.29 01:20:48.324,12.99631,12.99811,0.00,0.00
2018.05.29 01:20:48.631,12.99592,12.99791,0.00,0.00
2018.05.29 01:20:49.528,12.99528,12.99702,0.00,0.00
2018.05.29 01:20:49.579,12.99482,12.99702,0.00,0.00
2018.05.29 01:20:49.813,12.99482,12.99671,0.00,0.00
2018.05.29 01:20:50.328,12.99491,12.99702,0.00,0.00
2018.05.29 01:20:50.379,12.99482,12.99702,0.00,0.00
2018.05.29 01:20:50.429,12.99499,12.99712,0.00,0.00
2018.05.29 01:20:50.943,12.99541,12.99712,0.00,0.00
2018.05.29 01:20:51.334,12.99521,12.99712,0.00,0.00
2018.05.29 01:20:51.390,12.99531,12.99712,0.00,0.00
2018.05.29 01:20:51.542,12.99522,12.99712,0.00,0.00
2018.05.29 01:20:51.645,12.99491,12.99712,0.00,0.00
2018.05.29 01:20:51.696,12.99501,12.99712,0.00,0.00
2018.05.29 01:20:52.045,12.99521,12.99711,0.00,0.00
2018.05.29 01:20:52.146,12.99511,12.99711,0.00,0.00
2018.05.29 01:20:52.197,12.99522,12.99711,0.00,0.00
2018.05.29 01:20:52.450,12.99511,12.99712,0.00,0.00
2018.05.29 01:20:52.561,12.99522,12.99722,0.00,0.00
2018.05.29 01:20:52.894,12.99512,12.99722,0.00,0.00
2018.05.29 01:20:53.001,12.99501,12.99722,0.00,0.00
2018.05.29 01:20:53.051,12.99512,12.99722,0.00,0.00
2018.05.29 01:20:53.376,12.99522,12.99722,0.00,0.00
2018.05.29 01:20:53.619,12.99522,12.99741,0.00,0.00
2018.05.29 01:20:53.670,12.99542,12.99741,0.00,0.00
2018.05.29 01:20:55.155,12.99541,12.99741,0.00,0.00
2018.05.29 01:20:55.592,12.99541,12.99721,0.00,0.00
2018.05.29 01:20:55.644,12.99498,12.99722,0.00,0.00
2018.05.29 01:20:55.745,12.99501,12.99722,0.00,0.00
2018.05.29 01:20:56.049,12.99512,12.99722,0.00,0.00
2018.05.29 01:20:56.393,12.99541,12.99722,0.00,0.00
2018.05.29 01:20:56.444,12.99532,12.99722,0.00,0.00
2018.05.29 01:20:56.596,12.99512,12.99722,0.00,0.00
2018.05.29 01:20:56.748,12.99642,12.99762,0.00,0.00
2018.05.29 01:20:56.799,12.99681,12.99882,0.00,0.00
2018.05.29 01:20:57.002,12.99682,12.99911,0.00,0.00
2018.05.29 01:20:57.365,12.99671,12.99911,0.00,0.00
2018.05.29 01:20:57.415,12.99671,12.99882,0.00,0.00
2018.05.29 01:20:57.730,12.99621,12.99851,0.00,0.00
2018.05.29 01:20:57.781,12.99641,12.99851,0.00,0.00
2018.05.29 01:20:57.831,12.99621,12.99851,0.00,0.00
2018.05.29 01:20:58.022,12.99621,12.99881,0.00,0.00
2018.05.29 01:20:58.073,12.99642,12.99881,0.00,0.00
2018.05.29 01:20:58.123,12.99632,12.99882,0.00,0.00
2018.05.29 01:20:58.188,12.99642,12.99882,0.00,0.00
2018.05.29 01:20:58.289,12.99631,12.99872,0.00,0.00
2018.05.29 01:20:58.496,12.99672,12.99911,0.00,0.00
2018.05.29 01:20:58.897,12.99682,12.99911,0.00,0.00
2018.05.29 01:20:59.687,12.99681,12.99911,0.00,0.00
2018.05.29 01:20:59.738,12.99641,12.99872,0.00,0.00
2018.05.29 01:21:00.155,12.99641,12.99832,0.00,0.00
2018.05.29 01:21:00.697,12.99642,12.99832,0.00,0.00
2018.05.29 01:21:01.353,12.99641,12.99832,0.00,0.00
2018.05.29 01:21:01.695,12.99641,12.99812,0.00,0.00
2018.05.29 01:21:02.020,12.99672,12.99861,0.00,0.00
2018.05.29 01:21:02.218,12.99681,12.99861,0.00,0.00
2018.05.29 01:21:02.471,12.99671,12.99861,0.00,0.00
2018.05.29 01:21:03.059,12.99701,12.99861,0.00,0.00
2018.05.29 01:21:03.110,12.99772,12.99962,0.00,0.00
2018.05.29 01:21:03.230,12.99781,12.99962,0.00,0.00
2018.05.29 01:21:03.331,12.99741,12.99969,0.00,0.00
2018.05.29 01:21:03.382,12.99741,12.99951,0.00,0.00
2018.05.29 01:21:03.525,12.99732,12.99951,0.00,0.00
2018.05.29 01:21:03.576,12.99731,12.99932,0.00,0.00
2018.05.29 01:21:03.744,12.99741,12.99952,0.00,0.00
2018.05.29 01:21:03.795,12.99772,12.99982,0.00,0.00
2018.05.29 01:21:04.151,12.99781,12.99982,0.00,0.00
2018.05.29 01:21:04.202,12.99781,12.99992,0.00,0.00
2018.05.29 01:21:05.519,12.99782,12.99992,0.00,0.00
2018.05.29 01:21:06.286,12.99781,12.99992,0.00,0.00
2018.05.29 01:21:06.406,12.99782,13.00002,0.00,0.00
2018.05.29 01:21:06.507,12.99842,13.00081,0.00,0.00
2018.05.29 01:21:06.558,12.99841,13.00051,0.00,0.00
2018.05.29 01:21:07.443,12.99842,13.00051,0.00,0.00
2018.05.29 01:21:08.419,12.99821,13.00022,0.00,0.00
2018.05.29 01:21:08.470,12.99818,13.00022,0.00,0.00
2018.05.29 01:21:08.521,12.99782,13.00022,0.00,0.00
2018.05.29 01:21:08.572,12.99792,13.00022,0.00,0.00
2018.05.29 01:21:08.874,12.99829,13.00022,0.00,0.00
2018.05.29 01:21:09.842,12.99782,13.00022,0.00,0.00
2018.05.29 01:21:10.344,12.99781,13.00022,0.00,0.00
2018.05.29 01:21:10.395,12.99829,13.00001,0.00,0.00
2018.05.29 01:21:10.446,12.99841,13.00081,0.00,0.00
2018.05.29 01:21:10.496,12.99881,13.00081,0.00,0.00
2018.05.29 01:21:10.597,12.99842,13.00052,0.00,0.00
2018.05.29 01:21:10.873,12.99871,13.00072,0.00,0.00
2018.05.29 01:21:11.269,12.99829,13.00051,0.00,0.00
2018.05.29 01:21:11.371,12.99829,13.00012,0.00,0.00
2018.05.29 01:21:12.087,12.99871,13.00082,0.00,0.00
2018.05.29 01:21:12.188,12.99871,13.00061,0.00,0.00
2018.05.29 01:21:12.239,12.99872,13.00082,0.00,0.00
2018.05.29 01:21:12.340,12.99881,13.00102,0.00,0.00
2018.05.29 01:21:13.049,12.99882,13.00101,0.00,0.00
2018.05.29 01:21:13.708,12.99881,13.00101,0.00,0.00
2018.05.29 01:21:14.194,12.99881,13.00111,0.00,0.00
2018.05.29 01:21:14.549,12.99881,13.00132,0.00,0.00
2018.05.29 01:21:14.959,12.99888,13.00142,0.00,0.00
2018.05.29 01:21:15.010,12.99928,13.00142,0.00,0.00
2018.05.29 01:21:15.432,12.99928,13.00161,0.00,0.00
2018.05.29 01:21:15.533,12.99981,13.00221,0.00,0.00
2018.05.29 01:21:15.717,12.99972,13.00221,0.00,0.00
2018.05.29 01:21:15.773,12.99981,13.00202,0.00,0.00
2018.05.29 01:21:16.101,12.99928,13.00141,0.00,0.00
2018.05.29 01:21:16.444,12.99941,13.00151,0.00,0.00
2018.05.29 01:21:16.495,12.99928,13.00151,0.00,0.00
2018.05.29 01:21:16.613,12.99941,13.00151,0.00,0.00
2018.05.29 01:21:16.664,12.99941,13.00192,0.00,0.00
2018.05.29 01:21:16.816,12.99941,13.00182,0.00,0.00
2018.05.29 01:21:17.018,12.99928,13.00182,0.00,0.00
2018.05.29 01:21:17.165,12.99928,13.00151,0.00,0.00
2018.05.29 01:21:17.749,12.99941,13.00191,0.00,0.00
2018.05.29 01:21:17.900,12.99929,13.00142,0.00,0.00
2018.05.29 01:21:17.951,12.99929,13.00171,0.00,0.00
2018.05.29 01:21:18.211,12.99929,13.00141,0.00,0.00
2018.05.29 01:21:18.896,12.99929,13.00162,0.00,0.00
2018.05.29 01:21:18.947,12.99941,13.00182,0.00,0.00
2018.05.29 01:21:18.998,12.99941,13.00161,0.00,0.00
2018.05.29 01:21:19.520,12.99941,13.00162,0.00,0.00
2018.05.29 01:21:19.816,12.99939,13.00162,0.00,0.00
2018.05.29 01:21:19.917,12.99902,13.00161,0.00,0.00
2018.05.29 01:21:19.969,12.99902,13.00142,0.00,0.00
2018.05.29 01:21:20.132,12.99882,13.00142,0.00,0.00
2018.05.29 01:21:20.275,12.99882,13.00102,0.00,0.00
2018.05.29 01:21:20.332,12.99871,13.00102,0.00,0.00
2018.05.29 01:21:20.841,12.99841,13.00082,0.00,0.00
2018.05.29 01:21:21.198,12.99841,13.00062,0.00,0.00
2018.05.29 01:21:21.249,12.99842,13.00081,0.00,0.00
2018.05.29 01:21:21.300,12.99871,13.00102,0.00,0.00
2018.05.29 01:21:21.515,12.99839,13.00072,0.00,0.00
2018.05.29 01:21:21.616,12.99839,13.00051,0.00,0.00
2018.05.29 01:21:21.768,12.99872,13.00111,0.00,0.00
2018.05.29 01:21:21.819,12.99842,13.00111,0.00,0.00
2018.05.29 01:21:21.921,12.99871,13.00082,0.00,0.00
2018.05.29 01:21:21.972,12.99841,13.00082,0.00,0.00
2018.05.29 01:21:22.174,12.99872,13.00101,0.00,0.00
2018.05.29 01:21:22.276,12.99842,13.00081,0.00,0.00
2018.05.29 01:21:22.377,12.99839,13.00051,0.00,0.00
2018.05.29 01:21:22.428,12.99788,13.00022,0.00,0.00
2018.05.29 01:21:22.650,12.99781,13.00022,0.00,0.00
2018.05.29 01:21:22.701,12.99842,13.00032,0.00,0.00
2018.05.29 01:21:22.753,12.99841,13.00051,0.00,0.00
2018.05.29 01:21:22.904,12.99838,13.00081,0.00,0.00
2018.05.29 01:21:23.157,12.99841,13.00061,0.00,0.00
2018.05.29 01:21:23.387,12.99841,13.00091,0.00,0.00
2018.05.29 01:21:23.542,12.99871,13.00142,0.00,0.00
2018.05.29 01:21:23.643,12.99872,13.00121,0.00,0.00
2018.05.29 01:21:23.694,12.99841,13.00121,0.00,0.00
2018.05.29 01:21:23.746,12.99838,13.00121,0.00,0.00
2018.05.29 01:21:23.796,12.99838,13.00091,0.00,0.00
2018.05.29 01:21:24.785,12.99838,13.00121,0.00,0.00
2018.05.29 01:21:24.887,12.99838,13.00092,0.00,0.00
2018.05.29 01:21:24.938,12.99871,13.00142,0.00,0.00
2018.05.29 01:21:24.989,12.99881,13.00112,0.00,0.00
2018.05.29 01:21:25.220,12.99838,13.00091,0.00,0.00
2018.05.29 01:21:25.756,12.99842,13.00091,0.00,0.00
2018.05.29 01:21:25.807,12.99792,13.00061,0.00,0.00
2018.05.29 01:21:25.887,12.99788,13.00061,0.00,0.00
2018.05.29 01:21:25.938,12.99781,13.00061,0.00,0.00
2018.05.29 01:21:26.364,12.99781,13.00059,0.00,0.00
2018.05.29 01:21:26.732,12.99772,13.00048,0.00,0.00
2018.05.29 01:21:26.883,12.99742,13.00042,0.00,0.00
2018.05.29 01:21:27.110,12.99742,13.00012,0.00,0.00
2018.05.29 01:21:27.161,12.99742,13.00041,0.00,0.00
2018.05.29 01:21:27.241,12.99771,13.00041,0.00,0.00
2018.05.29 01:21:27.604,12.99782,13.00041,0.00,0.00
2018.05.29 01:21:27.662,12.99771,13.00041,0.00,0.00
2018.05.29 01:21:28.043,12.99781,13.00041,0.00,0.00
2018.05.29 01:21:28.102,12.99792,13.00072,0.00,0.00
2018.05.29 01:21:28.152,12.99838,13.00072,0.00,0.00
2018.05.29 01:21:28.253,12.99841,13.00131,0.00,0.00
2018.05.29 01:21:28.868,12.99838,13.00129,0.00,0.00
2018.05.29 01:21:28.918,12.99838,13.00092,0.00,0.00
2018.05.29 01:21:29.129,12.99841,13.00112,0.00,0.00
2018.05.29 01:21:29.336,12.99881,13.00142,0.00,0.00
2018.05.29 01:21:29.803,12.99842,13.00101,0.00,0.00
2018.05.29 01:21:29.854,12.99841,13.00121,0.00,0.00
2018.05.29 01:21:30.474,12.99871,13.00121,0.00,0.00
2018.05.29 01:21:30.525,12.99871,13.00141,0.00,0.00
2018.05.29 01:21:30.819,12.99871,13.00122,0.00,0.00
2018.05.29 01:21:32.121,12.99871,13.00111,0.00,0.00
2018.05.29 01:21:32.172,12.99821,13.00111,0.00,0.00
2018.05.29 01:21:32.223,12.99821,13.00092,0.00,0.00
2018.05.29 01:21:32.573,12.99871,13.00142,0.00,0.00
2018.05.29 01:21:32.624,12.99882,13.00171,0.00,0.00
2018.05.29 01:21:32.674,12.99892,13.00171,0.00,0.00
2018.05.29 01:21:32.978,12.99919,13.00192,0.00,0.00
2018.05.29 01:21:33.266,12.99892,13.00172,0.00,0.00
2018.05.29 01:21:33.367,12.99881,13.00162,0.00,0.00
2018.05.29 01:21:34.076,12.99891,13.00172,0.00,0.00
2018.05.29 01:21:34.382,12.99919,13.00192,0.00,0.00
2018.05.29 01:21:36.686,12.99941,13.00192,0.00,0.00
2018.05.29 01:21:36.736,12.99942,13.00221,0.00,0.00
2018.05.29 01:21:36.898,12.99971,13.00229,0.00,0.00
2018.05.29 01:21:37.457,12.99982,13.00232,0.00,0.00
2018.05.29 01:21:37.633,13.00002,13.00272,0.00,0.00
2018.05.29 01:21:37.684,12.99982,13.00238,0.00,0.00
2018.05.29 01:21:37.886,12.99922,13.00181,0.00,0.00
2018.05.29 01:21:38.034,12.99942,13.00182,0.00,0.00
2018.05.29 01:21:38.344,12.99942,13.00202,0.00,0.00
2018.05.29 01:21:38.407,12.99942,13.00182,0.00,0.00
2018.05.29 01:21:38.508,12.99941,13.00201,0.00,0.00
2018.05.29 01:21:38.877,12.99971,13.00202,0.00,0.00
2018.05.29 01:21:39.153,12.99921,13.00172,0.00,0.00
2018.05.29 01:21:39.204,12.99901,13.00172,0.00,0.00
2018.05.29 01:21:39.535,12.99912,13.00172,0.00,0.00
2018.05.29 01:21:40.147,12.99911,13.00172,0.00,0.00
2018.05.29 01:21:40.446,12.99901,13.00172,0.00,0.00
2018.05.29 01:21:41.121,12.99892,13.00151,0.00,0.00
2018.05.29 01:21:41.222,12.99892,13.00172,0.00,0.00
2018.05.29 01:21:41.932,12.99882,13.00138,0.00,0.00
2018.05.29 01:21:42.277,12.99902,13.00152,0.00,0.00
2018.05.29 01:21:42.327,12.99902,13.00172,0.00,0.00
2018.05.29 01:21:42.837,12.99891,13.00172,0.00,0.00
2018.05.29 01:21:43.663,12.99882,13.00172,0.00,0.00
2018.05.29 01:21:44.211,12.99882,13.00102,0.00,0.00
2018.05.29 01:21:45.095,12.99882,13.00152,0.00,0.00
2018.05.29 01:21:45.146,12.99891,13.00152,0.00,0.00
2018.05.29 01:21:45.368,12.99901,13.00172,0.00,0.00
2018.05.29 01:21:45.478,12.99881,13.00172,0.00,0.00
2018.05.29 01:21:45.682,12.99882,13.00138,0.00,0.00
2018.05.29 01:21:46.134,12.99881,13.00101,0.00,0.00
2018.05.29 01:21:46.814,12.99882,13.00101,0.00,0.00
2018.05.29 01:21:47.052,12.99881,13.00151,0.00,0.00
2018.05.29 01:21:47.103,12.99891,13.00152,0.00,0.00
2018.05.29 01:21:47.542,12.99912,13.00172,0.00,0.00
2018.05.29 01:21:47.592,12.99891,13.00152,0.00,0.00
2018.05.29 01:21:47.643,12.99912,13.00152,0.00,0.00
2018.05.29 01:21:47.744,12.99911,13.00172,0.00,0.00
2018.05.29 01:21:48.524,12.99901,13.00172,0.00,0.00
2018.05.29 01:21:48.712,12.99912,13.00172,0.00,0.00
2018.05.29 01:21:49.086,12.99991,13.00239,0.00,0.00
2018.05.29 01:21:49.492,12.99991,13.00212,0.00,0.00
2018.05.29 01:21:49.597,12.99981,13.00212,0.00,0.00
2018.05.29 01:21:49.750,12.99941,13.00211,0.00,0.00
2018.05.29 01:21:50.041,12.99981,13.00212,0.00,0.00
2018.05.29 01:21:50.532,13.00021,13.00269,0.00,0.00
2018.05.29 01:21:50.582,13.00001,13.00221,0.00,0.00
2018.05.29 01:21:50.800,12.99991,13.00212,0.00,0.00
2018.05.29 01:21:50.951,12.99981,13.00212,0.00,0.00
2018.05.29 01:21:51.194,12.99981,13.00221,0.00,0.00
2018.05.29 01:21:52.180,12.99981,13.00232,0.00,0.00
2018.05.29 01:21:54.361,12.99982,13.00232,0.00,0.00
2018.05.29 01:21:55.676,12.99981,13.00232,0.00,0.00
2018.05.29 01:21:57.252,12.99982,13.00232,0.00,0.00
2018.05.29 01:21:58.608,12.99981,13.00232,0.00,0.00
2018.05.29 01:21:59.832,12.99992,13.00272,0.00,0.00
2018.05.29 01:21:59.936,13.00002,13.00272,0.00,0.00
2018.05.29 01:22:00.240,13.00001,13.00262,0.00,0.00
2018.05.29 01:22:00.658,13.00041,13.00272,0.00,0.00
2018.05.29 01:22:00.785,13.00041,13.00311,0.00,0.00
2018.05.29 01:22:00.886,13.00042,13.00302,0.00,0.00
2018.05.29 01:22:00.936,13.00012,13.00282,0.00,0.00
2018.05.29 01:22:00.987,13.00001,13.00261,0.00,0.00
2018.05.29 01:22:01.403,12.99981,13.00231,0.00,0.00
2018.05.29 01:22:01.828,12.99991,13.00231,0.00,0.00
2018.05.29 01:22:02.594,12.99981,13.00231,0.00,0.00
2018.05.29 01:22:04.012,12.99982,13.00231,0.00,0.00
2018.05.29 01:22:04.273,12.99991,13.00231,0.00,0.00
2018.05.29 01:22:04.449,12.99982,13.00231,0.00,0.00
2018.05.29 01:22:05.058,12.99981,13.00231,0.00,0.00
2018.05.29 01:22:06.805,12.99992,13.00238,0.00,0.00
2018.05.29 01:22:06.856,12.99991,13.00252,0.00,0.00
2018.05.29 01:22:07.286,12.99988,13.00262,0.00,0.00
2018.05.29 01:22:07.676,12.99981,13.00231,0.00,0.00
2018.05.29 01:22:08.446,12.99982,13.00231,0.00,0.00
2018.05.29 01:22:08.994,12.99981,13.00242,0.00,0.00
2018.05.29 01:22:09.097,12.99982,13.00261,0.00,0.00
2018.05.29 01:22:09.148,12.99989,13.00261,0.00,0.00
2018.05.29 01:22:09.480,12.99982,13.00231,0.00,0.00
2018.05.29 01:22:09.638,12.99991,13.00262,0.00,0.00
2018.05.29 01:22:09.994,13.00001,13.00282,0.00,0.00
2018.05.29 01:22:10.045,13.00021,13.00282,0.00,0.00
2018.05.29 01:22:10.363,12.99989,13.00261,0.00,0.00
2018.05.29 01:22:11.251,12.99991,13.00261,0.00,0.00
2018.05.29 01:22:11.829,12.99989,13.00261,0.00,0.00
2018.05.29 01:22:13.854,13.00072,13.00302,0.00,0.00
2018.05.29 01:22:13.905,13.00072,13.00318,0.00,0.00
2018.05.29 01:22:14.006,13.00081,13.00319,0.00,0.00
2018.05.29 01:22:14.057,13.00092,13.00331,0.00,0.00
2018.05.29 01:22:14.307,13.00081,13.00331,0.00,0.00
2018.05.29 01:22:14.358,13.00081,13.00322,0.00,0.00
2018.05.29 01:22:15.162,13.00081,13.00332,0.00,0.00
2018.05.29 01:22:15.348,13.00081,13.00321,0.00,0.00
2018.05.29 01:22:15.399,13.00071,13.00322,0.00,0.00
2018.05.29 01:22:15.449,13.00081,13.00322,0.00,0.00
2018.05.29 01:22:15.602,13.00041,13.00292,0.00,0.00
2018.05.29 01:22:15.653,12.99988,13.00292,0.00,0.00
2018.05.29 01:22:15.754,12.99988,13.00262,0.00,0.00
2018.05.29 01:22:16.226,13.00041,13.00262,0.00,0.00
2018.05.29 01:22:16.277,12.99981,13.00232,0.00,0.00
2018.05.29 01:22:16.578,12.99981,13.00262,0.00,0.00
2018.05.29 01:22:16.629,13.00071,13.00282,0.00,0.00
2018.05.29 01:22:16.680,13.00081,13.00312,0.00,0.00
2018.05.29 01:22:17.243,13.00042,13.00312,0.00,0.00
2018.05.29 01:22:17.293,13.00042,13.00291,0.00,0.00
2018.05.29 01:22:17.446,13.00071,13.00322,0.00,0.00
2018.05.29 01:22:17.547,13.00082,13.00322,0.00,0.00
2018.05.29 01:22:18.085,13.00081,13.00322,0.00,0.00
2018.05.29 01:22:18.314,13.00081,13.00331,0.00,0.00
2018.05.29 01:22:19.447,13.00041,13.00312,0.00,0.00
2018.05.29 01:22:20.254,13.00082,13.00312,0.00,0.00
2018.05.29 01:22:20.670,13.00081,13.00321,0.00,0.00
2018.05.29 01:22:20.720,13.00071,13.00292,0.00,0.00
2018.05.29 01:22:20.771,13.00041,13.00292,0.00,0.00
2018.05.29 01:22:20.875,12.99989,13.00292,0.00,0.00
2018.05.29 01:22:20.926,13.00001,13.00292,0.00,0.00
2018.05.29 01:22:21.344,13.00072,13.00312,0.00,0.00
2018.05.29 01:22:21.394,13.00042,13.00292,0.00,0.00
2018.05.29 01:22:21.635,13.00061,13.00321,0.00,0.00
2018.05.29 01:22:21.686,13.00061,13.00301,0.00,0.00
2018.05.29 01:22:22.039,13.00061,13.00281,0.00,0.00
2018.05.29 01:22:22.090,13.00041,13.00281,0.00,0.00
2018.05.29 01:22:22.349,13.00072,13.00301,0.00,0.00
2018.05.29 01:22:22.464,13.00041,13.00301,0.00,0.00
2018.05.29 01:22:22.616,13.00071,13.00312,0.00,0.00
2018.05.29 01:22:22.946,13.00081,13.00312,0.00,0.00
2018.05.29 01:22:23.047,13.00071,13.00312,0.00,0.00
2018.05.29 01:22:23.415,13.00062,13.00292,0.00,0.00
2018.05.29 01:22:23.541,13.00041,13.00292,0.00,0.00
2018.05.29 01:22:23.591,13.00041,13.00272,0.00,0.00
2018.05.29 01:22:23.642,13.00001,13.00272,0.00,0.00
2018.05.29 01:22:24.072,13.00072,13.00291,0.00,0.00
2018.05.29 01:22:24.122,13.00072,13.00312,0.00,0.00
2018.05.29 01:22:24.173,13.00062,13.00292,0.00,0.00
2018.05.29 01:22:24.683,13.00062,13.00291,0.00,0.00
2018.05.29 01:22:24.752,13.00041,13.00291,0.00,0.00
2018.05.29 01:22:25.034,13.00041,13.00272,0.00,0.00
2018.05.29 01:22:25.425,13.00071,13.00321,0.00,0.00
2018.05.29 01:22:25.476,13.00062,13.00291,0.00,0.00
2018.05.29 01:22:25.527,13.00072,13.00321,0.00,0.00
2018.05.29 01:22:25.628,13.00062,13.00292,0.00,0.00
2018.05.29 01:22:25.817,13.00042,13.00292,0.00,0.00
2018.05.29 01:22:25.868,13.00001,13.00271,0.00,0.00
2018.05.29 01:22:26.158,13.00001,13.00251,0.00,0.00
2018.05.29 01:22:26.662,13.00001,13.00242,0.00,0.00
2018.05.29 01:22:26.713,12.99981,13.00242,0.00,0.00
2018.05.29 01:22:27.374,12.99981,13.00251,0.00,0.00
2018.05.29 01:22:27.475,12.99981,13.00271,0.00,0.00
2018.05.29 01:22:27.623,12.99999,13.00271,0.00,0.00
2018.05.29 01:22:27.945,13.00041,13.00271,0.00,0.00
2018.05.29 01:22:27.996,13.00041,13.00292,0.00,0.00
2018.05.29 01:22:28.343,13.00041,13.00271,0.00,0.00
2018.05.29 01:22:28.999,13.00042,13.00271,0.00,0.00
2018.05.29 01:22:29.385,13.00001,13.00272,0.00,0.00
2018.05.29 01:22:29.556,13.00042,13.00272,0.00,0.00
2018.05.29 01:22:29.607,13.00042,13.00301,0.00,0.00
2018.05.29 01:22:29.660,13.00042,13.00292,0.00,0.00
2018.05.29 01:22:29.928,12.99981,13.00241,0.00,0.00
2018.05.29 01:22:30.271,12.99981,13.00291,0.00,0.00
2018.05.29 01:22:30.372,13.00041,13.00292,0.00,0.00
2018.05.29 01:22:30.700,13.00041,13.00272,0.00,0.00
2018.05.29 01:22:30.768,13.00002,13.00272,0.00,0.00
2018.05.29 01:22:30.869,13.00002,13.00228,0.00,0.00
2018.05.29 01:22:31.149,12.99902,13.00192,0.00,0.00
2018.05.29 01:22:31.252,12.99902,13.00172,0.00,0.00
2018.05.29 01:22:31.593,12.99981,13.00222,0.00,0.00
2018.05.29 01:22:31.644,12.99942,13.00192,0.00,0.00
2018.05.29 01:22:31.836,12.99942,13.00172,0.00,0.00
2018.05.29 01:22:32.141,12.99942,13.00191,0.00,0.00
2018.05.29 01:22:32.293,12.99961,13.00191,0.00,0.00
2018.05.29 01:22:32.344,12.99982,13.00221,0.00,0.00
2018.05.29 01:22:33.232,12.99942,13.00192,0.00,0.00
2018.05.29 01:22:33.395,12.99971,13.00221,0.00,0.00
2018.05.29 01:22:33.955,12.99981,13.00229,0.00,0.00
2018.05.29 01:22:34.168,12.99982,13.00242,0.00,0.00
2018.05.29 01:22:34.219,12.99981,13.00251,0.00,0.00
2018.05.29 01:22:34.320,12.99998,13.00251,0.00,0.00
2018.05.29 01:22:34.812,13.00001,13.00271,0.00,0.00
2018.05.29 01:22:34.914,13.00041,13.00271,0.00,0.00
2018.05.29 01:22:34.964,13.00042,13.00302,0.00,0.00
2018.05.29 01:22:35.185,13.00042,13.00272,0.00,0.00
2018.05.29 01:22:35.794,13.00001,13.00272,0.00,0.00
2018.05.29 01:22:36.230,13.00042,13.00301,0.00,0.00
2018.05.29 01:22:36.810,13.00041,13.00302,0.00,0.00
2018.05.29 01:22:37.135,13.00041,13.00261,0.00,0.00
2018.05.29 01:22:37.185,13.00041,13.00292,0.00,0.00
2018.05.29 01:22:37.286,13.00041,13.00272,0.00,0.00
2018.05.29 01:22:37.634,13.00002,13.00272,0.00,0.00
2018.05.29 01:22:38.045,13.00002,13.00261,0.00,0.00
2018.05.29 01:22:38.717,12.99982,13.00228,0.00,0.00
2018.05.29 01:22:38.898,12.99941,13.00192,0.00,0.00
2018.05.29 01:22:39.979,12.99941,13.00171,0.00,0.00
2018.05.29 01:22:40.246,12.99941,13.00191,0.00,0.00
2018.05.29 01:22:41.860,12.99941,13.00171,0.00,0.00
2018.05.29 01:22:41.912,12.99942,13.00191,0.00,0.00
2018.05.29 01:22:42.676,12.99942,13.00192,0.00,0.00
2018.05.29 01:22:42.761,12.99942,13.00172,0.00,0.00
2018.05.29 01:22:43.035,12.99942,13.00191,0.00,0.00
2018.05.29 01:22:44.138,12.99942,13.00171,0.00,0.00
2018.05.29 01:22:44.239,12.99902,13.00171,0.00,0.00
2018.05.29 01:22:45.091,12.99942,13.00171,0.00,0.00
2018.05.29 01:22:45.141,12.99942,13.00191,0.00,0.00
2018.05.29 01:22:45.764,12.99942,13.00171,0.00,0.00
2018.05.29 01:22:46.093,12.99942,13.00201,0.00,0.00
2018.05.29 01:22:46.523,12.99901,13.00172,0.00,0.00
2018.05.29 01:22:47.239,12.99942,13.00172,0.00,0.00
2018.05.29 01:22:47.290,12.99942,13.00192,0.00,0.00
2018.05.29 01:22:47.341,12.99942,13.00172,0.00,0.00
2018.05.29 01:22:48.007,12.99941,13.00172,0.00,0.00
2018.05.29 01:22:48.907,12.99941,13.00192,0.00,0.00
2018.05.29 01:22:49.109,12.99971,13.00192,0.00,0.00
2018.05.29 01:22:49.161,12.99972,13.00218,0.00,0.00
2018.05.29 01:22:49.212,12.99981,13.00222,0.00,0.00
2018.05.29 01:22:49.447,12.99981,13.00229,0.00,0.00
2018.05.29 01:22:50.405,12.99972,13.00202,0.00,0.00
2018.05.29 01:22:50.557,12.99972,13.00218,0.00,0.00
2018.05.29 01:22:50.608,12.99982,13.00228,0.00,0.00
2018.05.29 01:22:50.892,12.99982,13.00262,0.00,0.00
2018.05.29 01:22:50.993,12.99999,13.00272,0.00,0.00
2018.05.29 01:22:51.330,12.99981,13.00222,0.00,0.00
2018.05.29 01:22:51.482,12.99981,13.00229,0.00,0.00
2018.05.29 01:22:51.994,12.99982,13.00228,0.00,0.00
2018.05.29 01:22:52.045,12.99971,13.00202,0.00,0.00
2018.05.29 01:22:52.146,12.99981,13.00221,0.00,0.00
2018.05.29 01:22:52.536,12.99962,13.00202,0.00,0.00
2018.05.29 01:22:52.801,12.99912,13.00182,0.00,0.00
2018.05.29 01:22:52.852,12.99942,13.00182,0.00,0.00
2018.05.29 01:22:53.014,12.99942,13.00218,0.00,0.00
2018.05.29 01:22:53.316,12.99942,13.00201,0.00,0.00
2018.05.29 01:22:53.660,12.99882,13.00128,0.00,0.00
2018.05.29 01:22:54.193,12.99881,13.00129,0.00,0.00
2018.05.29 01:22:56.045,12.99882,13.00128,0.00,0.00
2018.05.29 01:22:57.123,12.99881,13.00129,0.00,0.00
2018.05.29 01:22:57.825,12.99871,13.00121,0.00,0.00
2018.05.29 01:22:57.902,12.99842,13.00121,0.00,0.00
2018.05.29 01:22:58.003,12.99842,13.00102,0.00,0.00
2018.05.29 01:22:58.459,12.99842,13.00081,0.00,0.00
2018.05.29 01:22:58.561,12.99781,13.00029,0.00,0.00
2018.05.29 01:22:58.612,12.99841,13.00102,0.00,0.00
2018.05.29 01:22:58.713,12.99841,13.00081,0.00,0.00
2018.05.29 01:22:58.764,12.99871,13.00119,0.00,0.00
2018.05.29 01:22:58.815,12.99842,13.00121,0.00,0.00
2018.05.29 01:22:58.866,12.99842,13.00101,0.00,0.00
2018.05.29 01:22:59.179,12.99882,13.00122,0.00,0.00
2018.05.29 01:22:59.835,12.99881,13.00122,0.00,0.00
2018.05.29 01:23:00.530,12.99871,13.00101,0.00,0.00
2018.05.29 01:23:00.833,12.99871,13.00082,0.00,0.00
2018.05.29 01:23:01.039,12.99871,13.00111,0.00,0.00
2018.05.29 01:23:01.518,12.99861,13.00081,0.00,0.00
2018.05.29 01:23:01.999,12.99838,13.00082,0.00,0.00
2018.05.29 01:23:02.050,12.99842,13.00062,0.00,0.00
2018.05.29 01:23:02.164,12.99838,13.00062,0.00,0.00
2018.05.29 01:23:03.636,12.99791,13.00062,0.00,0.00
2018.05.29 01:23:03.688,12.99789,13.00028,0.00,0.00
2018.05.29 01:23:03.747,12.99789,13.00041,0.00,0.00
2018.05.29 01:23:03.849,12.99788,13.00029,0.00,0.00
2018.05.29 01:23:03.900,12.99781,13.00029,0.00,0.00
2018.05.29 01:23:04.572,12.99782,13.00028,0.00,0.00
2018.05.29 01:23:05.145,12.99781,13.00029,0.00,0.00
2018.05.29 01:23:07.032,12.99782,13.00028,0.00,0.00
2018.05.29 01:23:07.647,12.99781,13.00029,0.00,0.00
2018.05.29 01:23:09.003,12.99782,13.00028,0.00,0.00
2018.05.29 01:23:09.514,12.99781,13.00029,0.00,0.00
2018.05.29 01:23:11.935,12.99801,13.00029,0.00,0.00
2018.05.29 01:23:11.993,12.99801,13.00082,0.00,0.00
2018.05.29 01:23:12.044,12.99839,13.00082,0.00,0.00
2018.05.29 01:23:12.840,12.99839,13.00081,0.00,0.00
2018.05.29 01:23:12.990,12.99882,13.00138,0.00,0.00
2018.05.29 01:23:13.550,12.99881,13.00139,0.00,0.00
2018.05.29 01:23:13.747,12.99889,13.00138,0.00,0.00
2018.05.29 01:23:13.798,12.99889,13.00182,0.00,0.00
2018.05.29 01:23:13.874,12.99938,13.00182,0.00,0.00
2018.05.29 01:23:14.036,12.99889,13.00182,0.00,0.00
2018.05.29 01:23:14.086,12.99882,13.00138,0.00,0.00
2018.05.29 01:23:15.722,12.99889,13.00138,0.00,0.00
2018.05.29 01:23:15.773,12.99889,13.00182,0.00,0.00
2018.05.29 01:23:15.825,12.99889,13.00179,0.00,0.00
2018.05.29 01:23:16.172,12.99881,13.00139,0.00,0.00
2018.05.29 01:23:16.421,12.99882,13.00158,0.00,0.00
2018.05.29 01:23:16.621,12.99882,13.00138,0.00,0.00
2018.05.29 01:23:20.834,12.99881,13.00131,0.00,0.00
2018.05.29 01:23:20.886,12.99811,13.00121,0.00,0.00
2018.05.29 01:23:20.953,12.99842,13.00121,0.00,0.00
2018.05.29 01:23:21.567,12.99841,13.00122,0.00,0.00
2018.05.29 01:23:21.891,12.99838,13.00102,0.00,0.00
2018.05.29 01:23:23.261,12.99841,13.00102,0.00,0.00
2018.05.29 01:23:23.312,12.99842,13.00122,0.00,0.00
2018.05.29 01:23:23.363,12.99871,13.00142,0.00,0.00
2018.05.29 01:23:23.714,12.99842,13.00112,0.00,0.00
2018.05.29 01:23:24.532,12.99841,13.00112,0.00,0.00
2018.05.29 01:23:24.977,12.99841,13.00131,0.00,0.00
2018.05.29 01:23:25.028,12.99872,13.00148,0.00,0.00
2018.05.29 01:23:25.487,12.99882,13.00148,0.00,0.00
2018.05.29 01:23:25.978,12.99871,13.00149,0.00,0.00
2018.05.29 01:23:26.130,12.99872,13.00141,0.00,0.00
2018.05.29 01:23:26.180,12.99841,13.00141,0.00,0.00
2018.05.29 01:23:26.231,12.99841,13.00122,0.00,0.00
2018.05.29 01:23:26.543,12.99881,13.00149,0.00,0.00
2018.05.29 01:23:27.176,12.99882,13.00148,0.00,0.00
2018.05.29 01:23:28.034,12.99881,13.00149,0.00,0.00
2018.05.29 01:23:30.819,12.99872,13.00141,0.00,0.00
2018.05.29 01:23:31.219,12.99872,13.00122,0.00,0.00
2018.05.29 01:23:31.526,12.99862,13.00122,0.00,0.00
2018.05.29 01:23:32.190,12.99841,13.00122,0.00,0.00
2018.05.29 01:23:32.797,12.99841,13.00121,0.00,0.00
2018.05.29 01:23:32.922,12.99861,13.00121,0.00,0.00
2018.05.29 01:23:32.972,12.99872,13.00141,0.00,0.00
2018.05.29 01:23:33.023,12.99881,13.00141,0.00,0.00
2018.05.29 01:23:33.547,12.99881,13.00142,0.00,0.00
2018.05.29 01:23:34.074,12.99882,13.00142,0.00,0.00
2018.05.29 01:23:35.543,12.99881,13.00129,0.00,0.00
2018.05.29 01:23:35.672,12.99882,13.00142,0.00,0.00
2018.05.29 01:23:36.576,12.99882,13.00148,0.00,0.00
2018.05.29 01:23:37.003,12.99882,13.00158,0.00,0.00
2018.05.29 01:23:37.532,12.99881,13.00159,0.00,0.00
2018.05.29 01:23:37.683,12.99842,13.00122,0.00,0.00
2018.05.29 01:23:38.008,12.99862,13.00122,0.00,0.00
2018.05.29 01:23:38.160,12.99848,13.00142,0.00,0.00
2018.05.29 01:23:38.211,12.99881,13.00141,0.00,0.00
2018.05.29 01:23:38.776,12.99882,13.00141,0.00,0.00
2018.05.29 01:23:38.827,12.99882,13.00148,0.00,0.00
2018.05.29 01:23:39.437,12.99881,13.00149,0.00,0.00
2018.05.29 01:23:39.561,12.99881,13.00142,0.00,0.00
2018.05.29 01:23:39.763,12.99881,13.00149,0.00,0.00
2018.05.29 01:23:40.544,12.99882,13.00148,0.00,0.00
2018.05.29 01:23:42.225,12.99842,13.00121,0.00,0.00
2018.05.29 01:23:42.326,12.99842,13.00102,0.00,0.00
2018.05.29 01:23:42.553,12.99849,13.00122,0.00,0.00
2018.05.29 01:23:42.654,12.99842,13.00122,0.00,0.00
2018.05.29 01:23:46.466,12.99861,13.00122,0.00,0.00
2018.05.29 01:23:46.517,12.99872,13.00142,0.00,0.00
2018.05.29 01:23:46.618,12.99881,13.00141,0.00,0.00
2018.05.29 01:23:48.322,12.99881,13.00149,0.00,0.00
2018.05.29 01:23:49.122,12.99882,13.00148,0.00,0.00
2018.05.29 01:23:49.669,12.99881,13.00149,0.00,0.00
2018.05.29 01:23:50.909,12.99881,13.00129,0.00,0.00
2018.05.29 01:23:50.978,12.99868,13.00129,0.00,0.00
2018.05.29 01:23:51.029,12.99841,13.00122,0.00,0.00
2018.05.29 01:23:51.092,12.99841,13.00129,0.00,0.00
2018.05.29 01:23:51.143,12.99871,13.00129,0.00,0.00
2018.05.29 01:23:51.367,12.99842,13.00122,0.00,0.00
2018.05.29 01:23:53.098,12.99841,13.00101,0.00,0.00
2018.05.29 01:23:53.924,12.99841,13.00121,0.00,0.00
2018.05.29 01:23:54.076,12.99842,13.00102,0.00,0.00
2018.05.29 01:23:54.178,12.99842,13.00122,0.00,0.00
2018.05.29 01:23:54.329,12.99842,13.00102,0.00,0.00
2018.05.29 01:23:54.453,12.99842,13.00122,0.00,0.00
2018.05.29 01:23:54.555,12.99842,13.00102,0.00,0.00
2018.05.29 01:23:54.757,12.99829,13.00102,0.00,0.00
2018.05.29 01:23:57.985,12.99842,13.00102,0.00,0.00
2018.05.29 01:23:58.036,12.99841,13.00112,0.00,0.00
2018.05.29 01:23:58.576,12.99871,13.00112,0.00,0.00
2018.05.29 01:23:58.627,12.99871,13.00122,0.00,0.00
2018.05.29 01:23:58.728,12.99881,13.00122,0.00,0.00
2018.05.29 01:23:58.831,12.99881,13.00141,0.00,0.00
2018.05.29 01:23:58.986,12.99842,13.00121,0.00,0.00
2018.05.29 01:23:59.058,12.99842,13.00138,0.00,0.00
2018.05.29 01:23:59.108,12.99871,13.00142,0.00,0.00
2018.05.29 01:23:59.258,12.99841,13.00142,0.00,0.00
2018.05.29 01:23:59.309,12.99871,13.00142,0.00,0.00
2018.05.29 01:23:59.493,12.99841,13.00122,0.00,0.00
2018.05.29 01:23:59.543,12.99841,13.00102,0.00,0.00
2018.05.29 01:24:00.364,12.99861,13.00102,0.00,0.00
2018.05.29 01:24:00.626,12.99841,13.00102,0.00,0.00
2018.05.29 01:24:03.465,12.99871,13.00102,0.00,0.00
2018.05.29 01:24:03.516,12.99872,13.00122,0.00,0.00
2018.05.29 01:24:03.620,12.99841,13.00122,0.00,0.00
2018.05.29 01:24:03.671,12.99841,13.00102,0.00,0.00
2018.05.29 01:24:03.889,12.99781,13.00049,0.00,0.00
2018.05.29 01:24:10.458,12.99782,13.00048,0.00,0.00
2018.05.29 01:24:11.830,12.99828,13.00091,0.00,0.00
2018.05.29 01:24:12.178,12.99839,13.00091,0.00,0.00
2018.05.29 01:24:12.544,12.99848,13.00091,0.00,0.00
2018.05.29 01:24:13.030,12.99871,13.00122,0.00,0.00
2018.05.29 01:24:13.318,12.99871,13.00128,0.00,0.00
2018.05.29 01:24:13.414,12.99859,13.00128,0.00,0.00
2018.05.29 01:24:13.465,12.99859,13.00122,0.00,0.00
2018.05.29 01:24:13.737,12.99841,13.00121,0.00,0.00
2018.05.29 01:24:14.142,12.99848,13.00122,0.00,0.00
2018.05.29 01:24:14.487,12.99871,13.00139,0.00,0.00
2018.05.29 01:24:14.816,12.99882,13.00141,0.00,0.00
2018.05.29 01:24:14.926,12.99882,13.00148,0.00,0.00
2018.05.29 01:24:15.471,12.99881,13.00149,0.00,0.00
2018.05.29 01:24:16.185,12.99882,13.00148,0.00,0.00
2018.05.29 01:24:16.343,12.99839,13.00092,0.00,0.00
2018.05.29 01:24:16.394,12.99822,13.00092,0.00,0.00
2018.05.29 01:24:16.624,12.99822,13.00021,0.00,0.00
2018.05.29 01:24:16.879,12.99792,13.00021,0.00,0.00
2018.05.29 01:24:16.930,12.99781,13.00021,0.00,0.00
2018.05.29 01:24:17.454,12.99782,13.00021,0.00,0.00
2018.05.29 01:24:17.599,12.99772,13.00021,0.00,0.00
2018.05.29 01:24:18.045,12.99781,13.00021,0.00,0.00
2018.05.29 01:24:18.146,12.99771,13.00021,0.00,0.00
2018.05.29 01:24:18.344,12.99741,13.00022,0.00,0.00
2018.05.29 01:24:18.395,12.99741,13.00032,0.00,0.00
2018.05.29 01:24:18.446,12.99782,13.00042,0.00,0.00
2018.05.29 01:24:18.776,12.99788,13.00048,0.00,0.00
2018.05.29 01:24:19.436,12.99788,13.00049,0.00,0.00
2018.05.29 01:24:20.099,12.99788,13.00048,0.00,0.00
2018.05.29 01:24:20.427,12.99881,13.00111,0.00,0.00
2018.05.29 01:24:20.561,12.99882,13.00129,0.00,0.00
2018.05.29 01:24:20.732,12.99828,13.00092,0.00,0.00
2018.05.29 01:24:20.784,12.99841,13.00121,0.00,0.00
2018.05.29 01:24:20.835,12.99872,13.00128,0.00,0.00
2018.05.29 01:24:20.887,12.99881,13.00149,0.00,0.00
2018.05.29 01:24:22.904,12.99882,13.00148,0.00,0.00
2018.05.29 01:24:23.242,12.99881,13.00141,0.00,0.00
2018.05.29 01:24:24.491,12.99881,13.00149,0.00,0.00
2018.05.29 01:24:25.087,12.99882,13.00148,0.00,0.00
2018.05.29 01:24:27.081,12.99872,13.00132,0.00,0.00
2018.05.29 01:24:27.183,12.99861,13.00128,0.00,0.00
2018.05.29 01:24:27.588,12.99882,13.00142,0.00,0.00
2018.05.29 01:24:28.717,12.99872,13.00142,0.00,0.00
2018.05.29 01:24:28.768,12.99882,13.00142,0.00,0.00
2018.05.29 01:24:29.116,12.99871,13.00122,0.00,0.00
2018.05.29 01:24:29.317,12.99839,13.00092,0.00,0.00
2018.05.29 01:24:29.584,12.99841,13.00092,0.00,0.00
2018.05.29 01:24:29.680,12.99841,13.00112,0.00,0.00
2018.05.29 01:24:30.194,12.99842,13.00112,0.00,0.00
2018.05.29 01:24:34.817,12.99841,13.00112,0.00,0.00
2018.05.29 01:24:34.887,12.99828,13.00102,0.00,0.00
2018.05.29 01:24:35.040,12.99802,13.00048,0.00,0.00
2018.05.29 01:24:35.424,12.99802,13.00042,0.00,0.00
2018.05.29 01:24:35.671,12.99779,13.00042,0.00,0.00
2018.05.29 01:24:35.730,12.99781,13.00042,0.00,0.00
2018.05.29 01:24:36.018,12.99771,13.00041,0.00,0.00
2018.05.29 01:24:38.268,12.99742,13.00012,0.00,0.00
2018.05.29 01:24:40.906,12.99741,13.00012,0.00,0.00
2018.05.29 01:24:41.394,12.99741,13.00002,0.00,0.00
2018.05.29 01:24:41.726,12.99781,13.00022,0.00,0.00
2018.05.29 01:24:43.203,12.99741,13.00022,0.00,0.00
2018.05.29 01:24:43.779,12.99769,13.00022,0.00,0.00
2018.05.29 01:24:43.964,12.99841,13.00122,0.00,0.00
2018.05.29 01:24:44.823,12.99842,13.00101,0.00,0.00
2018.05.29 01:24:45.209,12.99842,13.00121,0.00,0.00
2018.05.29 01:24:45.808,12.99842,13.00091,0.00,0.00
2018.05.29 01:24:46.468,12.99841,13.00091,0.00,0.00
2018.05.29 01:24:49.498,12.99842,13.00122,0.00,0.00
2018.05.29 01:24:52.330,12.99841,13.00122,0.00,0.00
2018.05.29 01:24:52.451,12.99842,13.00101,0.00,0.00
2018.05.29 01:24:52.768,12.99801,13.00049,0.00,0.00
2018.05.29 01:24:53.182,12.99798,13.00048,0.00,0.00
2018.05.29 01:24:53.233,12.99778,13.00049,0.00,0.00
2018.05.29 01:24:53.348,12.99771,13.00039,0.00,0.00
2018.05.29 01:24:53.758,12.99771,13.00022,0.00,0.00
2018.05.29 01:24:54.714,12.99762,13.00022,0.00,0.00
2018.05.29 01:24:55.171,12.99778,13.00022,0.00,0.00
2018.05.29 01:24:55.221,12.99778,13.00048,0.00,0.00
2018.05.29 01:24:55.272,12.99781,13.00021,0.00,0.00
2018.05.29 01:24:56.033,12.99781,13.00049,0.00,0.00
2018.05.29 01:24:57.048,12.99749,13.00021,0.00,0.00
2018.05.29 01:24:57.151,12.99769,13.00049,0.00,0.00
2018.05.29 01:24:57.201,12.99772,13.00048,0.00,0.00
2018.05.29 01:24:57.719,12.99781,13.00022,0.00,0.00
2018.05.29 01:24:58.844,12.99772,13.00022,0.00,0.00
2018.05.29 01:24:58.895,12.99772,13.00042,0.00,0.00
2018.05.29 01:24:59.398,12.99772,13.00021,0.00,0.00
2018.05.29 01:24:59.448,12.99749,13.00021,0.00,0.00
2018.05.29 01:25:00.108,12.99749,13.00001,0.00,0.00
2018.05.29 01:25:00.246,12.99731,13.00001,0.00,0.00
2018.05.29 01:25:00.297,12.99729,13.00001,0.00,0.00
2018.05.29 01:25:00.348,12.99729,13.00022,0.00,0.00
2018.05.29 01:25:00.498,12.99742,13.00022,0.00,0.00
2018.05.29 01:25:00.707,12.99729,13.00022,0.00,0.00
2018.05.29 01:25:00.759,12.99741,13.00022,0.00,0.00
2018.05.29 01:25:00.955,12.99729,13.00022,0.00,0.00
2018.05.29 01:25:01.007,12.99741,13.00022,0.00,0.00
2018.05.29 01:25:01.343,12.99741,13.00002,0.00,0.00
2018.05.29 01:25:01.444,12.99742,13.00038,0.00,0.00
2018.05.29 01:25:01.494,12.99769,13.00039,0.00,0.00
2018.05.29 01:25:01.836,12.99749,13.00022,0.00,0.00
2018.05.29 01:25:02.605,12.99749,13.00001,0.00,0.00
2018.05.29 01:25:02.656,12.99741,13.00001,0.00,0.00
2018.05.29 01:25:03.193,12.99728,13.00001,0.00,0.00
2018.05.29 01:25:03.276,12.99728,13.00021,0.00,0.00
2018.05.29 01:25:03.327,12.99742,13.00021,0.00,0.00
2018.05.29 01:25:03.892,12.99761,13.00021,0.00,0.00
2018.05.29 01:25:03.943,12.99771,13.00039,0.00,0.00
2018.05.29 01:25:03.994,12.99761,13.00039,0.00,0.00
2018.05.29 01:25:04.045,12.99761,13.00041,0.00,0.00
2018.05.29 01:25:04.096,12.99771,13.00042,0.00,0.00
2018.05.29 01:25:04.426,12.99742,13.00002,0.00,0.00
2018.05.29 01:25:04.562,12.99738,13.00002,0.00,0.00
2018.05.29 01:25:05.799,12.99719,13.00001,0.00,0.00
2018.05.29 01:25:05.951,12.99741,13.00022,0.00,0.00
2018.05.29 01:25:06.254,12.99761,13.00011,0.00,0.00
2018.05.29 01:25:06.506,12.99772,13.00038,0.00,0.00
2018.05.29 01:25:06.762,12.99761,13.00039,0.00,0.00
2018.05.29 01:25:06.844,12.99771,13.00039,0.00,0.00
2018.05.29 01:25:07.308,12.99742,13.00022,0.00,0.00
2018.05.29 01:25:09.211,12.99742,12.99992,0.00,0.00
2018.05.29 01:25:09.362,12.99741,13.00021,0.00,0.00
2018.05.29 01:25:09.413,12.99741,13.00011,0.00,0.00
2018.05.29 01:25:09.996,12.99742,13.00011,0.00,0.00
2018.05.29 01:25:10.371,12.99742,12.99992,0.00,0.00
2018.05.29 01:25:10.615,12.99739,12.99992,0.00,0.00
2018.05.29 01:25:11.156,12.99728,12.99992,0.00,0.00
2018.05.29 01:25:11.412,12.99741,12.99979,0.00,0.00
2018.05.29 01:25:11.463,12.99741,12.99991,0.00,0.00
2018.05.29 01:25:11.872,12.99728,12.99991,0.00,0.00
2018.05.29 01:25:12.001,12.99742,12.99991,0.00,0.00
2018.05.29 01:25:12.103,12.99728,12.99991,0.00,0.00
2018.05.29 01:25:12.154,12.99741,12.99991,0.00,0.00
2018.05.29 01:25:12.978,12.99761,12.99991,0.00,0.00
2018.05.29 01:25:13.028,12.99782,13.00038,0.00,0.00
2018.05.29 01:25:13.318,12.99778,13.00021,0.00,0.00
2018.05.29 01:25:13.368,12.99772,13.00021,0.00,0.00
2018.05.29 01:25:13.470,12.99741,13.00009,0.00,0.00
2018.05.29 01:25:13.520,12.99741,13.00002,0.00,0.00
2018.05.29 01:25:13.572,12.99741,13.00009,0.00,0.00
2018.05.29 01:25:13.835,12.99761,13.00022,0.00,0.00
2018.05.29 01:25:14.283,12.99761,13.00002,0.00,0.00
2018.05.29 01:25:14.467,12.99761,13.00022,0.00,0.00
2018.05.29 01:25:15.197,12.99741,13.00022,0.00,0.00
2018.05.29 01:25:15.248,12.99741,13.00002,0.00,0.00
2018.05.29 01:25:15.372,12.99742,13.00022,0.00,0.00
2018.05.29 01:25:16.029,12.99741,13.00022,0.00,0.00
2018.05.29 01:25:16.304,12.99741,12.99991,0.00,0.00
2018.05.29 01:25:16.416,12.99741,13.00022,0.00,0.00
2018.05.29 01:25:16.517,12.99761,13.00022,0.00,0.00
2018.05.29 01:25:17.554,12.99772,13.00028,0.00,0.00
2018.05.29 01:25:17.969,12.99761,13.00021,0.00,0.00
2018.05.29 01:25:18.020,12.99742,13.00021,0.00,0.00
2018.05.29 01:25:18.425,12.99742,12.99991,0.00,0.00
2018.05.29 01:25:18.668,12.99719,12.99991,0.00,0.00
2018.05.29 01:25:19.752,12.99728,12.99991,0.00,0.00
2018.05.29 01:25:19.853,12.99702,12.99991,0.00,0.00
2018.05.29 01:25:19.904,12.99708,12.99991,0.00,0.00
2018.05.29 01:25:20.298,12.99728,12.99991,0.00,0.00
2018.05.29 01:25:20.692,12.99718,12.99991,0.00,0.00
2018.05.29 01:25:20.750,12.99728,12.99991,0.00,0.00
2018.05.29 01:25:21.344,12.99742,12.99991,0.00,0.00
2018.05.29 01:25:21.573,12.99728,12.99991,0.00,0.00
2018.05.29 01:25:23.979,12.99728,12.99939,0.00,0.00
2018.05.29 01:25:24.030,12.99681,12.99939,0.00,0.00
2018.05.29 01:25:24.466,12.99682,12.99928,0.00,0.00
2018.05.29 01:25:29.717,12.99681,12.99929,0.00,0.00
2018.05.29 01:25:30.509,12.99682,12.99928,0.00,0.00
2018.05.29 01:25:31.572,12.99681,12.99929,0.00,0.00
2018.05.29 01:25:32.292,12.99681,12.99962,0.00,0.00
2018.05.29 01:25:32.393,12.99719,12.99982,0.00,0.00
2018.05.29 01:25:32.765,12.99709,12.99982,0.00,0.00
2018.05.29 01:25:32.816,12.99701,12.99938,0.00,0.00
2018.05.29 01:25:33.391,12.99681,12.99939,0.00,0.00
2018.05.29 01:25:34.816,12.99682,12.99938,0.00,0.00
2018.05.29 01:25:35.540,12.99681,12.99939,0.00,0.00
2018.05.29 01:25:36.696,12.99661,12.99922,0.00,0.00
2018.05.29 01:25:37.017,12.99639,12.99902,0.00,0.00
2018.05.29 01:25:37.242,12.99642,12.99902,0.00,0.00
2018.05.29 01:25:37.885,12.99641,12.99902,0.00,0.00
2018.05.29 01:25:38.770,12.99642,12.99929,0.00,0.00
2018.05.29 01:25:38.884,12.99641,12.99902,0.00,0.00
2018.05.29 01:25:38.934,12.99641,12.99922,0.00,0.00
2018.05.29 01:25:39.023,12.99661,12.99922,0.00,0.00
2018.05.29 01:25:39.529,12.99641,12.99922,0.00,0.00
2018.05.29 01:25:39.636,12.99641,12.99902,0.00,0.00
2018.05.29 01:25:40.450,12.99682,12.99938,0.00,0.00
2018.05.29 01:25:40.974,12.99681,12.99939,0.00,0.00
2018.05.29 01:25:41.464,12.99678,12.99938,0.00,0.00
2018.05.29 01:25:41.858,12.99678,12.99921,0.00,0.00
2018.05.29 01:25:44.569,12.99649,12.99892,0.00,0.00
2018.05.29 01:25:44.815,12.99641,12.99892,0.00,0.00
2018.05.29 01:25:45.249,12.99638,12.99892,0.00,0.00
2018.05.29 01:25:45.395,12.99641,12.99892,0.00,0.00
2018.05.29 01:25:46.383,12.99649,12.99892,0.00,0.00
2018.05.29 01:25:46.702,12.99682,12.99931,0.00,0.00
2018.05.29 01:25:46.827,12.99669,12.99931,0.00,0.00
2018.05.29 01:25:46.878,12.99642,12.99931,0.00,0.00
2018.05.29 01:25:47.372,12.99672,12.99931,0.00,0.00
2018.05.29 01:25:47.423,12.99672,12.99939,0.00,0.00
2018.05.29 01:25:47.473,12.99672,12.99921,0.00,0.00
2018.05.29 01:25:47.891,12.99672,12.99938,0.00,0.00
2018.05.29 01:25:48.094,12.99672,12.99922,0.00,0.00
2018.05.29 01:25:48.314,12.99672,12.99939,0.00,0.00
2018.05.29 01:25:48.448,12.99679,12.99939,0.00,0.00
2018.05.29 01:25:48.503,12.99728,12.99992,0.00,0.00
2018.05.29 01:25:48.604,12.99739,12.99992,0.00,0.00
2018.05.29 01:25:48.843,12.99709,12.99992,0.00,0.00
2018.05.29 01:25:48.895,12.99718,12.99992,0.00,0.00
2018.05.29 01:25:49.384,12.99729,12.99992,0.00,0.00
2018.05.29 01:25:50.327,12.99742,12.99992,0.00,0.00
2018.05.29 01:25:50.603,12.99729,12.99982,0.00,0.00
2018.05.29 01:25:51.848,12.99701,12.99982,0.00,0.00
2018.05.29 01:25:51.899,12.99728,12.99982,0.00,0.00
2018.05.29 01:25:52.229,12.99708,12.99939,0.00,0.00
2018.05.29 01:25:52.328,12.99728,13.00011,0.00,0.00
2018.05.29 01:25:52.379,12.99739,12.99998,0.00,0.00
2018.05.29 01:25:52.430,12.99739,13.00011,0.00,0.00
2018.05.29 01:25:52.481,12.99739,12.99991,0.00,0.00
2018.05.29 01:25:52.552,12.99739,13.00002,0.00,0.00
2018.05.29 01:25:52.603,12.99742,13.00021,0.00,0.00
2018.05.29 01:25:53.119,12.99741,13.00022,0.00,0.00
2018.05.29 01:25:54.054,12.99739,13.00022,0.00,0.00
2018.05.29 01:25:54.594,12.99741,13.00022,0.00,0.00
2018.05.29 01:25:54.948,12.99782,13.00038,0.00,0.00
2018.05.29 01:25:55.240,12.99771,13.00039,0.00,0.00
2018.05.29 01:25:55.291,12.99762,13.00039,0.00,0.00
2018.05.29 01:25:55.342,12.99762,13.00022,0.00,0.00
2018.05.29 01:25:55.393,12.99771,13.00039,0.00,0.00
2018.05.29 01:25:56.078,12.99749,13.00022,0.00,0.00
2018.05.29 01:25:56.331,12.99768,13.00022,0.00,0.00
2018.05.29 01:25:56.382,12.99771,13.00039,0.00,0.00
2018.05.29 01:25:56.483,12.99782,13.00038,0.00,0.00
2018.05.29 01:25:56.789,12.99739,12.99992,0.00,0.00
2018.05.29 01:25:57.258,12.99741,12.99992,0.00,0.00
2018.05.29 01:25:57.309,12.99739,12.99992,0.00,0.00
2018.05.29 01:25:59.914,12.99741,12.99992,0.00,0.00
2018.05.29 01:26:00.196,12.99739,12.99992,0.00,0.00
2018.05.29 01:26:00.348,12.99741,12.99992,0.00,0.00
2018.05.29 01:26:02.702,12.99742,12.99992,0.00,0.00
2018.05.29 01:26:02.753,12.99758,13.00032,0.00,0.00
2018.05.29 01:26:02.905,12.99758,13.00022,0.00,0.00
2018.05.29 01:26:04.137,12.99758,12.99992,0.00,0.00
2018.05.29 01:26:04.486,12.99739,12.99992,0.00,0.00
2018.05.29 01:26:05.048,12.99742,12.99992,0.00,0.00
2018.05.29 01:26:06.053,12.99742,13.00022,0.00,0.00
2018.05.29 01:26:06.395,12.99748,13.00022,0.00,0.00
2018.05.29 01:26:08.668,12.99701,12.99948,0.00,0.00
2018.05.29 01:26:09.002,12.99701,12.99938,0.00,0.00
2018.05.29 01:26:09.465,12.99688,12.99938,0.00,0.00
2018.05.29 01:26:10.051,12.99688,12.99939,0.00,0.00
2018.05.29 01:26:10.857,12.99688,12.99938,0.00,0.00
2018.05.29 01:26:10.987,12.99672,12.99938,0.00,0.00
2018.05.29 01:26:11.696,12.99671,12.99939,0.00,0.00
2018.05.29 01:26:13.465,12.99681,12.99939,0.00,0.00
2018.05.29 01:26:14.203,12.99671,12.99939,0.00,0.00
2018.05.29 01:26:14.549,12.99661,12.99922,0.00,0.00
2018.05.29 01:26:14.719,12.99648,12.99922,0.00,0.00
2018.05.29 01:26:16.084,12.99671,12.99922,0.00,0.00
2018.05.29 01:26:16.135,12.99671,12.99939,0.00,0.00
2018.05.29 01:26:16.447,12.99661,12.99921,0.00,0.00
2018.05.29 01:26:17.234,12.99672,12.99921,0.00,0.00
2018.05.29 01:26:17.285,12.99672,12.99938,0.00,0.00
2018.05.29 01:26:17.335,12.99682,12.99942,0.00,0.00
2018.05.29 01:26:18.012,12.99682,12.99948,0.00,0.00
2018.05.29 01:26:18.509,12.99679,12.99922,0.00,0.00
2018.05.29 01:26:18.610,12.99639,12.99892,0.00,0.00
2018.05.29 01:26:18.830,12.99629,12.99892,0.00,0.00
2018.05.29 01:26:18.881,12.99642,12.99921,0.00,0.00
2018.05.29 01:26:19.391,12.99649,12.99922,0.00,0.00
2018.05.29 01:26:19.834,12.99649,12.99892,0.00,0.00
2018.05.29 01:26:20.603,12.99649,12.99912,0.00,0.00
2018.05.29 01:26:23.732,12.99639,12.99892,0.00,0.00
2018.05.29 01:26:25.561,12.99629,12.99882,0.00,0.00
2018.05.29 01:26:25.963,12.99599,12.99882,0.00,0.00
2018.05.29 01:26:29.327,12.99638,12.99882,0.00,0.00
2018.05.29 01:26:29.377,12.99641,12.99921,0.00,0.00
2018.05.29 01:26:29.428,12.99638,12.99921,0.00,0.00
2018.05.29 01:26:29.479,12.99638,12.99892,0.00,0.00
2018.05.29 01:26:31.371,12.99642,12.99892,0.00,0.00
2018.05.29 01:26:31.873,12.99648,12.99892,0.00,0.00
2018.05.29 01:26:31.923,12.99672,12.99921,0.00,0.00
2018.05.29 01:26:32.092,12.99658,12.99921,0.00,0.00
2018.05.29 01:26:32.656,12.99658,12.99892,0.00,0.00
2018.05.29 01:26:32.706,12.99639,12.99892,0.00,0.00
2018.05.29 01:26:33.181,12.99662,12.99892,0.00,0.00
2018.05.29 01:26:33.232,12.99662,12.99922,0.00,0.00
2018.05.29 01:26:33.776,12.99662,12.99921,0.00,0.00
2018.05.29 01:26:34.935,12.99662,12.99892,0.00,0.00
2018.05.29 01:26:35.086,12.99662,12.99922,0.00,0.00
2018.05.29 01:26:35.256,12.99638,12.99892,0.00,0.00
2018.05.29 01:26:35.942,12.99661,12.99892,0.00,0.00
2018.05.29 01:26:36.145,12.99661,12.99911,0.00,0.00
2018.05.29 01:26:37.414,12.99681,12.99911,0.00,0.00
2018.05.29 01:26:37.866,12.99681,12.99922,0.00,0.00
2018.05.29 01:26:38.030,12.99648,12.99922,0.00,0.00
2018.05.29 01:26:38.397,12.99671,12.99939,0.00,0.00
2018.05.29 01:26:38.813,12.99681,12.99939,0.00,0.00
2018.05.29 01:26:39.149,12.99672,12.99938,0.00,0.00
2018.05.29 01:26:41.016,12.99681,12.99939,0.00,0.00
2018.05.29 01:26:42.806,12.99671,12.99939,0.00,0.00
2018.05.29 01:26:44.283,12.99662,12.99938,0.00,0.00
2018.05.29 01:26:44.347,12.99662,12.99911,0.00,0.00
2018.05.29 01:26:44.814,12.99649,12.99911,0.00,0.00
2018.05.29 01:26:45.717,12.99638,12.99892,0.00,0.00
2018.05.29 01:26:46.058,12.99638,12.99882,0.00,0.00
2018.05.29 01:26:47.244,12.99638,12.99922,0.00,0.00
2018.05.29 01:26:47.294,12.99648,12.99922,0.00,0.00
2018.05.29 01:26:47.814,12.99661,12.99922,0.00,0.00
2018.05.29 01:26:47.866,12.99668,12.99938,0.00,0.00
2018.05.29 01:26:48.410,12.99662,12.99938,0.00,0.00
2018.05.29 01:26:48.461,12.99661,12.99911,0.00,0.00
2018.05.29 01:26:48.512,12.99662,12.99931,0.00,0.00
2018.05.29 01:26:49.040,12.99662,12.99929,0.00,0.00
2018.05.29 01:26:49.372,12.99671,12.99929,0.00,0.00
2018.05.29 01:26:49.591,12.99671,12.99939,0.00,0.00
2018.05.29 01:26:50.613,12.99672,12.99938,0.00,0.00
2018.05.29 01:26:51.592,12.99671,12.99939,0.00,0.00
2018.05.29 01:26:51.882,12.99682,12.99938,0.00,0.00
2018.05.29 01:26:53.427,12.99678,12.99939,0.00,0.00
2018.05.29 01:26:54.073,12.99678,12.99938,0.00,0.00
2018.05.29 01:26:58.276,12.99678,12.99939,0.00,0.00
2018.05.29 01:26:59.743,12.99682,12.99938,0.00,0.00
2018.05.29 01:26:59.897,12.99662,12.99922,0.00,0.00
2018.05.29 01:27:00.226,12.99662,12.99938,0.00,0.00
2018.05.29 01:27:00.435,12.99672,12.99938,0.00,0.00
2018.05.29 01:27:01.704,12.99671,12.99939,0.00,0.00
2018.05.29 01:27:02.039,12.99682,12.99948,0.00,0.00
2018.05.29 01:27:02.794,12.99671,12.99949,0.00,0.00
2018.05.29 01:27:02.845,12.99672,12.99921,0.00,0.00
2018.05.29 01:27:02.895,12.99671,12.99939,0.00,0.00
2018.05.29 01:27:02.946,12.99672,12.99922,0.00,0.00
2018.05.29 01:27:02.996,12.99661,12.99922,0.00,0.00
2018.05.29 01:27:03.571,12.99661,12.99938,0.00,0.00
2018.05.29 01:27:03.813,12.99648,12.99911,0.00,0.00
2018.05.29 01:27:07.337,12.99651,12.99911,0.00,0.00
2018.05.29 01:27:07.388,12.99662,12.99938,0.00,0.00
2018.05.29 01:27:08.987,12.99672,12.99938,0.00,0.00
2018.05.29 01:27:09.088,12.99671,12.99941,0.00,0.00
2018.05.29 01:27:09.139,12.99681,12.99941,0.00,0.00
2018.05.29 01:27:09.606,12.99672,12.99911,0.00,0.00
2018.05.29 01:27:10.278,12.99648,12.99912,0.00,0.00
2018.05.29 01:27:10.977,12.99648,12.99911,0.00,0.00
2018.05.29 01:27:12.485,12.99652,12.99921,0.00,0.00
2018.05.29 01:27:12.653,12.99648,12.99921,0.00,0.00
2018.05.29 01:27:15.135,12.99671,12.99939,0.00,0.00
2018.05.29 01:27:15.552,12.99648,12.99938,0.00,0.00
2018.05.29 01:27:15.603,12.99648,12.99912,0.00,0.00
2018.05.29 01:27:15.925,12.99648,12.99909,0.00,0.00
2018.05.29 01:27:16.290,12.99619,12.99848,0.00,0.00
2018.05.29 01:27:16.341,12.99598,12.99848,0.00,0.00
2018.05.29 01:27:16.939,12.99598,12.99849,0.00,0.00
2018.05.29 01:27:16.992,12.99581,12.99849,0.00,0.00
2018.05.29 01:27:18.044,12.99601,12.99849,0.00,0.00
2018.05.29 01:27:18.145,12.99641,12.99892,0.00,0.00
2018.05.29 01:27:18.260,12.99639,12.99892,0.00,0.00
2018.05.29 01:27:18.863,12.99639,12.99891,0.00,0.00
2018.05.29 01:27:18.969,12.99598,12.99849,0.00,0.00
2018.05.29 01:27:19.120,12.99598,12.99858,0.00,0.00
2018.05.29 01:27:19.171,12.99598,12.99872,0.00,0.00
2018.05.29 01:27:19.303,12.99598,12.99869,0.00,0.00
2018.05.29 01:27:19.752,12.99598,12.99849,0.00,0.00
2018.05.29 01:27:20.785,12.99598,12.99848,0.00,0.00
2018.05.29 01:27:21.560,12.99598,12.99849,0.00,0.00
2018.05.29 01:27:21.824,12.99608,12.99872,0.00,0.00
2018.05.29 01:27:21.878,12.99638,12.99872,0.00,0.00
2018.05.29 01:27:22.601,12.99599,12.99849,0.00,0.00
2018.05.29 01:27:22.652,12.99641,12.99901,0.00,0.00
2018.05.29 01:27:22.753,12.99649,12.99911,0.00,0.00
2018.05.29 01:27:23.253,12.99671,12.99939,0.00,0.00
2018.05.29 01:27:23.407,12.99661,12.99939,0.00,0.00
2018.05.29 01:27:23.458,12.99661,12.99921,0.00,0.00
2018.05.29 01:27:24.482,12.99669,12.99921,0.00,0.00
2018.05.29 01:27:24.533,12.99672,12.99931,0.00,0.00
2018.05.29 01:27:25.132,12.99672,12.99922,0.00,0.00
2018.05.29 01:27:25.207,12.99672,12.99938,0.00,0.00
2018.05.29 01:27:25.394,12.99662,12.99921,0.00,0.00
2018.05.29 01:27:25.845,12.99649,12.99921,0.00,0.00
2018.05.29 01:27:28.046,12.99669,12.99921,0.00,0.00
2018.05.29 01:27:28.097,12.99671,12.99942,0.00,0.00
2018.05.29 01:27:28.310,12.99681,12.99928,0.00,0.00
2018.05.29 01:27:28.361,12.99649,12.99928,0.00,0.00
2018.05.29 01:27:28.412,12.99671,12.99928,0.00,0.00
2018.05.29 01:27:28.715,12.99681,12.99942,0.00,0.00
2018.05.29 01:27:28.816,12.99682,12.99958,0.00,0.00
2018.05.29 01:27:28.867,12.99681,12.99949,0.00,0.00
2018.05.29 01:27:29.222,12.99672,12.99912,0.00,0.00
2018.05.29 01:27:31.319,12.99661,12.99912,0.00,0.00
2018.05.29 01:27:31.716,12.99648,12.99912,0.00,0.00
2018.05.29 01:27:31.766,12.99672,12.99912,0.00,0.00
2018.05.29 01:27:31.817,12.99671,12.99942,0.00,0.00
2018.05.29 01:27:31.998,12.99681,12.99942,0.00,0.00
2018.05.29 01:27:32.825,12.99772,12.99998,0.00,0.00
2018.05.29 01:27:32.942,12.99781,13.00009,0.00,0.00
2018.05.29 01:27:33.114,12.99782,13.00048,0.00,0.00
2018.05.29 01:27:33.876,12.99762,13.00032,0.00,0.00
2018.05.29 01:27:34.134,12.99762,13.00012,0.00,0.00
2018.05.29 01:27:34.344,12.99749,13.00012,0.00,0.00
2018.05.29 01:27:36.225,12.99742,13.00001,0.00,0.00
2018.05.29 01:27:36.537,12.99739,13.00021,0.00,0.00
2018.05.29 01:27:41.248,12.99771,13.00042,0.00,0.00
2018.05.29 01:27:41.857,12.99782,13.00022,0.00,0.00
2018.05.29 01:27:42.141,12.99771,13.00042,0.00,0.00
2018.05.29 01:27:42.192,12.99782,13.00048,0.00,0.00
2018.05.29 01:27:42.517,12.99828,13.00072,0.00,0.00
2018.05.29 01:27:42.645,12.99798,13.00059,0.00,0.00
2018.05.29 01:27:42.749,12.99781,13.00042,0.00,0.00
2018.05.29 01:27:43.038,12.99781,13.00049,0.00,0.00
2018.05.29 01:27:43.485,12.99741,13.00011,0.00,0.00
2018.05.29 01:27:44.918,12.99738,13.00011,0.00,0.00
2018.05.29 01:27:44.969,12.99739,12.99992,0.00,0.00
2018.05.29 01:27:46.036,12.99741,12.99992,0.00,0.00
2018.05.29 01:27:46.087,12.99741,13.00022,0.00,0.00
2018.05.29 01:27:46.198,12.99739,13.00022,0.00,0.00
2018.05.29 01:27:48.842,12.99769,13.00022,0.00,0.00
2018.05.29 01:27:48.893,12.99771,13.00041,0.00,0.00
2018.05.29 01:27:49.353,12.99781,13.00041,0.00,0.00
2018.05.29 01:27:49.956,12.99781,13.00049,0.00,0.00
2018.05.29 01:27:50.115,12.99781,13.00052,0.00,0.00
2018.05.29 01:27:50.271,12.99781,13.00032,0.00,0.00
2018.05.29 01:27:50.322,12.99771,13.00032,0.00,0.00
2018.05.29 01:27:50.695,12.99771,13.00019,0.00,0.00
2018.05.29 01:27:50.746,12.99742,13.00011,0.00,0.00
2018.05.29 01:27:51.072,12.99742,13.00002,0.00,0.00
2018.05.29 01:27:52.725,12.99702,12.99948,0.00,0.00
2018.05.29 01:27:52.985,12.99681,12.99949,0.00,0.00
2018.05.29 01:27:55.994,12.99722,13.00002,0.00,0.00
2018.05.29 01:27:56.045,12.99739,13.00009,0.00,0.00
2018.05.29 01:27:56.455,12.99738,12.99991,0.00,0.00
2018.05.29 01:27:57.885,12.99738,12.99972,0.00,0.00
2018.05.29 01:27:57.937,12.99719,12.99972,0.00,0.00
2018.05.29 01:27:57.988,12.99702,12.99959,0.00,0.00
2018.05.29 01:27:58.039,12.99698,12.99981,0.00,0.00
2018.05.29 01:27:58.140,12.99739,13.00019,0.00,0.00
2018.05.29 01:27:58.191,12.99739,13.00021,0.00,0.00
2018.05.29 01:27:58.242,12.99742,13.00022,0.00,0.00
2018.05.29 01:27:58.292,12.99739,13.00021,0.00,0.00
2018.05.29 01:27:59.486,12.99741,12.99992,0.00,0.00
2018.05.29 01:27:59.693,12.99739,12.99992,0.00,0.00
2018.05.29 01:27:59.769,12.99739,13.00022,0.00,0.00
2018.05.29 01:28:03.781,12.99742,13.00022,0.00,0.00
2018.05.29 01:28:03.858,12.99739,13.00022,0.00,0.00
2018.05.29 01:28:04.441,12.99741,12.99992,0.00,0.00
2018.05.29 01:28:04.543,12.99739,12.99992,0.00,0.00
2018.05.29 01:28:06.012,12.99741,12.99992,0.00,0.00
2018.05.29 01:28:06.063,12.99741,13.00012,0.00,0.00
2018.05.29 01:28:06.279,12.99741,12.99992,0.00,0.00
2018.05.29 01:28:06.477,12.99741,13.00022,0.00,0.00
2018.05.29 01:28:07.241,12.99739,13.00022,0.00,0.00
2018.05.29 01:28:08.784,12.99771,13.00022,0.00,0.00
2018.05.29 01:28:08.836,12.99771,13.00041,0.00,0.00
2018.05.29 01:28:08.946,12.99782,13.00041,0.00,0.00
2018.05.29 01:28:11.247,12.99771,13.00041,0.00,0.00
2018.05.29 01:28:13.362,12.99782,13.00048,0.00,0.00
2018.05.29 01:28:13.672,12.99788,13.00049,0.00,0.00
2018.05.29 01:28:14.000,12.99808,13.00072,0.00,0.00
2018.05.29 01:28:14.051,12.99789,13.00048,0.00,0.00
2018.05.29 01:28:14.588,12.99789,13.00049,0.00,0.00
2018.05.29 01:28:15.008,12.99841,13.00088,0.00,0.00
2018.05.29 01:28:15.058,12.99841,13.00111,0.00,0.00
2018.05.29 01:28:15.666,12.99841,13.00112,0.00,0.00
2018.05.29 01:28:15.751,12.99848,13.00112,0.00,0.00
2018.05.29 01:28:15.802,12.99872,13.00141,0.00,0.00
2018.05.29 01:28:15.871,12.99872,13.00128,0.00,0.00
2018.05.29 01:28:15.922,12.99848,13.00111,0.00,0.00
2018.05.29 01:28:15.973,12.99841,13.00112,0.00,0.00
2018.05.29 01:28:16.265,12.99841,13.00092,0.00,0.00
2018.05.29 01:28:16.635,12.99838,13.00092,0.00,0.00
2018.05.29 01:28:16.883,12.99842,13.00092,0.00,0.00
2018.05.29 01:28:17.646,12.99841,13.00092,0.00,0.00
2018.05.29 01:28:17.937,12.99842,13.00122,0.00,0.00
2018.05.29 01:28:18.039,12.99839,13.00091,0.00,0.00
2018.05.29 01:28:18.636,12.99838,13.00091,0.00,0.00
2018.05.29 01:28:18.739,12.99799,13.00071,0.00,0.00
2018.05.29 01:28:19.297,12.99798,13.00071,0.00,0.00
2018.05.29 01:28:19.348,12.99841,13.00109,0.00,0.00
2018.05.29 01:28:19.449,12.99841,13.00112,0.00,0.00
2018.05.29 01:28:20.171,12.99842,13.00092,0.00,0.00
2018.05.29 01:28:20.272,12.99839,13.00092,0.00,0.00
2018.05.29 01:28:21.664,12.99839,13.00122,0.00,0.00
2018.05.29 01:28:21.715,12.99839,13.00132,0.00,0.00
2018.05.29 01:28:21.766,12.99839,13.00112,0.00,0.00
2018.05.29 01:28:22.204,12.99839,13.00082,0.00,0.00
2018.05.29 01:28:22.392,12.99831,13.00082,0.00,0.00
2018.05.29 01:28:22.443,12.99841,13.00112,0.00,0.00
2018.05.29 01:28:22.543,12.99788,13.00048,0.00,0.00
2018.05.29 01:28:22.881,12.99788,13.00039,0.00,0.00
2018.05.29 01:28:23.458,12.99788,13.00038,0.00,0.00
2018.05.29 01:28:23.560,12.99798,13.00081,0.00,0.00
2018.05.29 01:28:23.611,12.99788,13.00049,0.00,0.00
2018.05.29 01:28:23.662,12.99788,13.00062,0.00,0.00
2018.05.29 01:28:24.247,12.99789,13.00062,0.00,0.00
2018.05.29 01:28:24.298,12.99789,13.00048,0.00,0.00
2018.05.29 01:28:24.479,12.99748,13.00039,0.00,0.00
2018.05.29 01:28:24.531,12.99781,13.00039,0.00,0.00
2018.05.29 01:28:24.697,12.99738,13.00021,0.00,0.00
2018.05.29 01:28:29.179,12.99741,13.00021,0.00,0.00
2018.05.29 01:28:29.527,12.99741,13.00012,0.00,0.00
2018.05.29 01:28:30.679,12.99739,13.00012,0.00,0.00
2018.05.29 01:28:35.332,12.99741,13.00012,0.00,0.00
2018.05.29 01:28:35.547,12.99741,13.00022,0.00,0.00
2018.05.29 01:28:35.669,12.99768,13.00022,0.00,0.00
2018.05.29 01:28:35.720,12.99772,13.00038,0.00,0.00
2018.05.29 01:28:35.995,12.99741,13.00022,0.00,0.00
2018.05.29 01:28:36.306,12.99738,13.00022,0.00,0.00
2018.05.29 01:28:36.358,12.99742,12.99991,0.00,0.00
2018.05.29 01:28:36.963,12.99742,13.00021,0.00,0.00
2018.05.29 01:28:37.074,12.99741,12.99991,0.00,0.00
2018.05.29 01:28:37.618,12.99738,12.99991,0.00,0.00
2018.05.29 01:28:39.970,12.99761,12.99991,0.00,0.00
2018.05.29 01:28:40.021,12.99782,13.00028,0.00,0.00
2018.05.29 01:28:40.072,12.99781,13.00039,0.00,0.00
2018.05.29 01:28:40.174,12.99782,13.00022,0.00,0.00
2018.05.29 01:28:40.275,12.99761,13.00022,0.00,0.00
2018.05.29 01:28:40.326,12.99771,13.00039,0.00,0.00
2018.05.29 01:28:40.544,12.99781,13.00022,0.00,0.00
2018.05.29 01:28:40.645,12.99748,13.00009,0.00,0.00
2018.05.29 01:28:41.266,12.99748,13.00022,0.00,0.00
2018.05.29 01:28:42.720,12.99761,13.00022,0.00,0.00
2018.05.29 01:28:42.770,12.99772,13.00038,0.00,0.00
2018.05.29 01:28:42.821,12.99779,13.00038,0.00,0.00
2018.05.29 01:28:43.179,12.99781,13.00039,0.00,0.00
2018.05.29 01:28:43.772,12.99772,13.00012,0.00,0.00
2018.05.29 01:28:44.482,12.99749,13.00012,0.00,0.00
2018.05.29 01:28:44.533,12.99741,12.99992,0.00,0.00
2018.05.29 01:28:44.882,12.99738,12.99992,0.00,0.00
2018.05.29 01:28:45.334,12.99762,12.99992,0.00,0.00
2018.05.29 01:28:45.385,12.99782,13.00038,0.00,0.00
2018.05.29 01:28:45.604,12.99779,13.00039,0.00,0.00
2018.05.29 01:28:45.722,12.99782,13.00038,0.00,0.00
2018.05.29 01:28:46.811,12.99781,13.00039,0.00,0.00
2018.05.29 01:28:46.862,12.99841,13.00108,0.00,0.00
2018.05.29 01:28:46.964,12.99871,13.00108,0.00,0.00
2018.05.29 01:28:47.190,12.99882,13.00138,0.00,0.00
2018.05.29 01:28:48.184,12.99881,13.00139,0.00,0.00
2018.05.29 01:28:49.324,12.99852,13.00112,0.00,0.00
2018.05.29 01:28:50.584,12.99858,13.00112,0.00,0.00
2018.05.29 01:28:50.634,12.99871,13.00131,0.00,0.00
2018.05.29 01:28:50.702,12.99881,13.00131,0.00,0.00
2018.05.29 01:28:51.022,12.99881,13.00139,0.00,0.00
2018.05.29 01:28:52.773,12.99972,13.00189,0.00,0.00
2018.05.29 01:28:52.824,12.99982,13.00232,0.00,0.00
2018.05.29 01:28:52.925,12.99981,13.00239,0.00,0.00
2018.05.29 01:28:53.026,12.99948,13.00232,0.00,0.00
2018.05.29 01:28:53.324,12.99948,13.00222,0.00,0.00
2018.05.29 01:28:53.425,12.99942,13.00229,0.00,0.00
2018.05.29 01:28:53.476,12.99942,13.00192,0.00,0.00
2018.05.29 01:28:53.964,12.99938,13.00192,0.00,0.00
2018.05.29 01:28:54.404,12.99908,13.00159,0.00,0.00
2018.05.29 01:28:54.530,12.99908,13.00169,0.00,0.00
2018.05.29 01:28:54.581,12.99901,13.00169,0.00,0.00
2018.05.29 01:28:55.124,12.99888,13.00138,0.00,0.00
2018.05.29 01:28:55.385,12.99871,13.00122,0.00,0.00
2018.05.29 01:28:56.646,12.99861,13.00122,0.00,0.00
2018.05.29 01:28:58.009,12.99848,13.00122,0.00,0.00
2018.05.29 01:29:00.878,12.99841,13.00091,0.00,0.00
2018.05.29 01:29:00.929,12.99842,13.00112,0.00,0.00
2018.05.29 01:29:01.157,12.99842,13.00092,0.00,0.00
2018.05.29 01:29:01.260,12.99838,13.00092,0.00,0.00
2018.05.29 01:29:02.204,12.99882,13.00092,0.00,0.00
2018.05.29 01:29:02.257,12.99882,13.00139,0.00,0.00
2018.05.29 01:29:02.439,12.99882,13.00122,0.00,0.00
2018.05.29 01:29:02.490,12.99882,13.00132,0.00,0.00
2018.05.29 01:29:02.752,12.99882,13.00111,0.00,0.00
2018.05.29 01:29:02.803,12.99882,13.00139,0.00,0.00
2018.05.29 01:29:03.626,12.99871,13.00139,0.00,0.00
2018.05.29 01:29:03.676,12.99822,13.00062,0.00,0.00
2018.05.29 01:29:04.096,12.99822,13.00038,0.00,0.00
2018.05.29 01:29:04.147,12.99788,13.00038,0.00,0.00
2018.05.29 01:29:05.554,12.99788,13.00039,0.00,0.00
2018.05.29 01:29:05.797,12.99781,13.00039,0.00,0.00
2018.05.29 01:29:06.922,12.99782,13.00038,0.00,0.00
2018.05.29 01:29:08.159,12.99781,13.00039,0.00,0.00
2018.05.29 01:29:09.025,12.99752,12.99932,0.00,0.00
2018.05.29 01:29:09.253,12.99752,12.99942,0.00,0.00
2018.05.29 01:29:09.304,12.99672,12.99942,0.00,0.00
2018.05.29 01:29:09.440,12.99682,12.99942,0.00,0.00
2018.05.29 01:29:10.704,12.99682,12.99948,0.00,0.00
2018.05.29 01:29:11.162,12.99689,12.99948,0.00,0.00
2018.05.29 01:29:11.263,12.99681,12.99949,0.00,0.00
2018.05.29 01:29:13.354,12.99702,12.99949,0.00,0.00
2018.05.29 01:29:13.404,12.99742,12.99998,0.00,0.00
2018.05.29 01:29:13.505,12.99741,13.00011,0.00,0.00
2018.05.29 01:29:13.787,12.99738,13.00012,0.00,0.00
2018.05.29 01:29:13.838,12.99741,13.00012,0.00,0.00
2018.05.29 01:29:14.189,12.99738,13.00012,0.00,0.00
2018.05.29 01:29:14.240,12.99738,12.99991,0.00,0.00
2018.05.29 01:29:14.532,12.99741,13.00011,0.00,0.00
2018.05.29 01:29:15.324,12.99741,12.99991,0.00,0.00
2018.05.29 01:29:15.776,12.99742,13.00011,0.00,0.00
2018.05.29 01:29:15.943,12.99761,13.00011,0.00,0.00
2018.05.29 01:29:15.993,12.99771,13.00042,0.00,0.00
2018.05.29 01:29:16.044,12.99779,13.00042,0.00,0.00
2018.05.29 01:29:16.732,12.99782,13.00042,0.00,0.00
2018.05.29 01:29:17.147,12.99781,13.00049,0.00,0.00
2018.05.29 01:29:17.757,12.99782,13.00048,0.00,0.00
2018.05.29 01:29:18.418,12.99781,13.00049,0.00,0.00
2018.05.29 01:29:18.500,12.99789,13.00049,0.00,0.00
2018.05.29 01:29:20.372,12.99829,13.00049,0.00,0.00
2018.05.29 01:29:20.558,12.99882,13.00148,0.00,0.00
2018.05.29 01:29:20.640,12.99888,13.00148,0.00,0.00
2018.05.29 01:29:21.279,12.99889,13.00149,0.00,0.00
2018.05.29 01:29:22.053,12.99888,13.00148,0.00,0.00
2018.05.29 01:29:22.713,12.99889,13.00148,0.00,0.00
2018.05.29 01:29:23.373,12.99889,13.00149,0.00,0.00
2018.05.29 01:29:23.733,12.99889,13.00171,0.00,0.00
2018.05.29 01:29:24.160,12.99889,13.00158,0.00,0.00
2018.05.29 01:29:24.693,12.99889,13.00148,0.00,0.00
2018.05.29 01:29:25.603,12.99889,13.00149,0.00,0.00
2018.05.29 01:29:28.352,12.99862,13.00092,0.00,0.00
2018.05.29 01:29:28.504,12.99862,13.00122,0.00,0.00
2018.05.29 01:29:28.713,12.99862,13.00091,0.00,0.00
2018.05.29 01:29:28.764,12.99838,13.00091,0.00,0.00
2018.05.29 01:29:28.865,12.99818,13.00091,0.00,0.00
2018.05.29 01:29:28.916,12.99808,13.00091,0.00,0.00
2018.05.29 01:29:29.012,12.99808,13.00071,0.00,0.00
2018.05.29 01:29:29.303,12.99871,13.00141,0.00,0.00
2018.05.29 01:29:29.575,12.99868,13.00141,0.00,0.00
2018.05.29 01:29:29.626,12.99868,13.00122,0.00,0.00
2018.05.29 01:29:29.735,12.99871,13.00142,0.00,0.00
2018.05.29 01:29:29.863,12.99868,13.00142,0.00,0.00
2018.05.29 01:29:29.914,12.99868,13.00121,0.00,0.00
2018.05.29 01:29:29.965,12.99862,13.00121,0.00,0.00
2018.05.29 01:29:30.333,12.99869,13.00121,0.00,0.00
2018.05.29 01:29:30.537,12.99871,13.00142,0.00,0.00
2018.05.29 01:29:30.999,12.99882,13.00142,0.00,0.00
2018.05.29 01:29:31.283,12.99872,13.00142,0.00,0.00
2018.05.29 01:29:31.748,12.99861,13.00122,0.00,0.00
2018.05.29 01:29:31.960,12.99848,13.00122,0.00,0.00
2018.05.29 01:29:32.064,12.99842,13.00112,0.00,0.00
2018.05.29 01:29:32.513,12.99841,13.00109,0.00,0.00
2018.05.29 01:29:32.583,12.99841,13.00112,0.00,0.00
2018.05.29 01:29:32.634,12.99842,13.00092,0.00,0.00
2018.05.29 01:29:33.431,12.99841,13.00092,0.00,0.00
2018.05.29 01:29:33.532,12.99839,13.00092,0.00,0.00
2018.05.29 01:29:35.462,12.99841,13.00092,0.00,0.00
2018.05.29 01:29:36.742,12.99839,13.00092,0.00,0.00
2018.05.29 01:29:37.054,12.99839,13.00082,0.00,0.00
2018.05.29 01:29:37.383,12.99842,13.00092,0.00,0.00
2018.05.29 01:29:37.612,12.99801,13.00059,0.00,0.00
2018.05.29 01:29:37.663,12.99801,13.00042,0.00,0.00
2018.05.29 01:29:37.714,12.99781,13.00042,0.00,0.00
2018.05.29 01:29:38.801,12.99792,13.00042,0.00,0.00
2018.05.29 01:29:39.228,12.99831,13.00042,0.00,0.00
2018.05.29 01:29:39.279,12.99792,13.00042,0.00,0.00
2018.05.29 01:29:40.031,12.99788,13.00042,0.00,0.00
2018.05.29 01:29:43.319,12.99828,13.00092,0.00,0.00
2018.05.29 01:29:43.420,12.99838,13.00092,0.00,0.00
2018.05.29 01:29:44.735,12.99842,13.00092,0.00,0.00
2018.05.29 01:29:45.054,12.99808,13.00058,0.00,0.00
2018.05.29 01:29:45.552,12.99789,13.00051,0.00,0.00
2018.05.29 01:29:45.769,12.99841,13.00081,0.00,0.00
2018.05.29 01:29:45.823,12.99829,13.00082,0.00,0.00
2018.05.29 01:29:45.874,12.99808,13.00082,0.00,0.00
2018.05.29 01:29:46.267,12.99798,13.00082,0.00,0.00
2018.05.29 01:29:46.639,12.99839,13.00082,0.00,0.00
2018.05.29 01:29:46.764,12.99789,13.00078,0.00,0.00
2018.05.29 01:29:47.046,12.99789,13.00082,0.00,0.00
2018.05.29 01:29:49.426,12.99788,13.00059,0.00,0.00
2018.05.29 01:29:49.755,12.99772,13.00042,0.00,0.00
2018.05.29 01:29:50.276,12.99781,13.00042,0.00,0.00
2018.05.29 01:29:50.658,12.99772,13.00022,0.00,0.00
2018.05.29 01:29:51.535,12.99771,13.00022,0.00,0.00
2018.05.29 01:29:51.585,12.99771,13.00041,0.00,0.00
2018.05.29 01:29:51.636,12.99748,13.00021,0.00,0.00
2018.05.29 01:29:54.512,12.99741,12.99962,0.00,0.00
2018.05.29 01:29:54.907,12.99682,12.99958,0.00,0.00
2018.05.29 01:29:55.353,12.99682,12.99928,0.00,0.00
2018.05.29 01:29:55.404,12.99642,12.99921,0.00,0.00
2018.05.29 01:29:55.455,12.99671,12.99921,0.00,0.00
2018.05.29 01:29:55.695,12.99672,12.99928,0.00,0.00
2018.05.29 01:29:55.815,12.99672,12.99922,0.00,0.00
2018.05.29 01:29:55.987,12.99672,12.99928,0.00,0.00
2018.05.29 01:29:56.038,12.99649,12.99928,0.00,0.00
2018.05.29 01:29:56.165,12.99661,12.99942,0.00,0.00
2018.05.29 01:29:56.216,12.99671,12.99941,0.00,0.00
2018.05.29 01:29:56.624,12.99671,12.99921,0.00,0.00
2018.05.29 01:29:56.675,12.99681,12.99942,0.00,0.00
2018.05.29 01:29:58.920,12.99671,12.99921,0.00,0.00
2018.05.29 01:29:59.216,12.99662,12.99921,0.00,0.00
2018.05.29 01:30:00.183,12.99671,12.99941,0.00,0.00
2018.05.29 01:30:00.428,12.99649,12.99911,0.00,0.00
2018.05.29 01:30:00.752,12.99642,12.99911,0.00,0.00
2018.05.29 01:30:00.803,12.99638,12.99911,0.00,0.00
2018.05.29 01:30:00.991,12.99641,12.99911,0.00,0.00
2018.05.29 01:30:01.503,12.99638,12.99911,0.00,0.00
2018.05.29 01:30:01.641,12.99642,12.99911,0.00,0.00
2018.05.29 01:30:02.122,12.99681,12.99941,0.00,0.00
2018.05.29 01:30:02.504,12.99662,12.99891,0.00,0.00
2018.05.29 01:30:02.555,12.99639,12.99891,0.00,0.00
2018.05.29 01:30:02.608,12.99642,12.99891,0.00,0.00
2018.05.29 01:30:02.760,12.99642,12.99912,0.00,0.00
2018.05.29 01:30:02.810,12.99672,12.99929,0.00,0.00
2018.05.29 01:30:02.974,12.99682,12.99948,0.00,0.00
2018.05.29 01:30:03.814,12.99671,12.99949,0.00,0.00
2018.05.29 01:30:04.321,12.99682,12.99948,0.00,0.00
2018.05.29 01:30:04.662,12.99738,12.99989,0.00,0.00
2018.05.29 01:30:04.814,12.99698,12.99959,0.00,0.00
2018.05.29 01:30:04.865,12.99702,12.99958,0.00,0.00
2018.05.29 01:30:05.065,12.99691,12.99959,0.00,0.00
2018.05.29 01:30:05.237,12.99681,12.99959,0.00,0.00
2018.05.29 01:30:05.453,12.99672,12.99958,0.00,0.00
2018.05.29 01:30:05.504,12.99671,12.99939,0.00,0.00
2018.05.29 01:30:05.606,12.99672,12.99941,0.00,0.00
2018.05.29 01:30:05.764,12.99682,12.99942,0.00,0.00
2018.05.29 01:30:05.958,12.99688,12.99952,0.00,0.00
2018.05.29 01:30:06.009,12.99691,12.99959,0.00,0.00
2018.05.29 01:30:06.060,12.99701,12.99969,0.00,0.00
2018.05.29 01:30:06.192,12.99681,12.99952,0.00,0.00
2018.05.29 01:30:07.958,12.99672,12.99922,0.00,0.00
2018.05.29 01:30:08.229,12.99681,12.99952,0.00,0.00
2018.05.29 01:30:08.517,12.99681,12.99959,0.00,0.00
2018.05.29 01:30:08.567,12.99691,12.99959,0.00,0.00
2018.05.29 01:30:08.719,12.99681,12.99959,0.00,0.00
2018.05.29 01:30:09.814,12.99681,12.99948,0.00,0.00
2018.05.29 01:30:09.865,12.99631,12.99921,0.00,0.00
2018.05.29 01:30:09.972,12.99642,12.99922,0.00,0.00
2018.05.29 01:30:10.463,12.99628,12.99891,0.00,0.00
2018.05.29 01:30:10.515,12.99601,12.99872,0.00,0.00
2018.05.29 01:30:10.566,12.99639,12.99872,0.00,0.00
2018.05.29 01:30:10.642,12.99639,12.99902,0.00,0.00
2018.05.29 01:30:10.847,12.99641,12.99902,0.00,0.00
2018.05.29 01:30:10.898,12.99641,12.99922,0.00,0.00
2018.05.29 01:30:11.000,12.99642,12.99892,0.00,0.00
2018.05.29 01:30:11.050,12.99639,12.99892,0.00,0.00
2018.05.29 01:30:11.202,12.99642,12.99928,0.00,0.00
2018.05.29 01:30:11.253,12.99649,12.99932,0.00,0.00
2018.05.29 01:30:12.356,12.99601,12.99879,0.00,0.00
2018.05.29 01:30:12.569,12.99588,12.99869,0.00,0.00
2018.05.29 01:30:12.620,12.99588,12.99881,0.00,0.00
2018.05.29 01:30:12.671,12.99598,12.99881,0.00,0.00
2018.05.29 01:30:12.974,12.99582,12.99848,0.00,0.00
2018.05.29 01:30:13.288,12.99582,12.99842,0.00,0.00
2018.05.29 01:30:13.455,12.99581,12.99852,0.00,0.00
2018.05.29 01:30:14.014,12.99581,12.99849,0.00,0.00
2018.05.29 01:30:15.745,12.99581,12.99852,0.00,0.00
2018.05.29 01:30:15.979,12.99571,12.99852,0.00,0.00
2018.05.29 01:30:16.592,12.99572,12.99852,0.00,0.00
2018.05.29 01:30:17.153,12.99581,12.99852,0.00,0.00
2018.05.29 01:30:17.750,12.99582,12.99852,0.00,0.00
2018.05.29 01:30:18.571,12.99581,12.99852,0.00,0.00
2018.05.29 01:30:19.239,12.99582,12.99852,0.00,0.00
2018.05.29 01:30:19.995,12.99578,12.99852,0.00,0.00
2018.05.29 01:30:21.920,12.99581,12.99852,0.00,0.00
2018.05.29 01:30:22.499,12.99591,12.99859,0.00,0.00
2018.05.29 01:30:22.824,12.99628,12.99882,0.00,0.00
2018.05.29 01:30:22.925,12.99582,12.99858,0.00,0.00
2018.05.29 01:30:23.077,12.99588,12.99859,0.00,0.00
2018.05.29 01:30:23.900,12.99588,12.99852,0.00,0.00
2018.05.29 01:30:23.951,12.99571,12.99852,0.00,0.00
2018.05.29 01:30:24.511,12.99572,12.99852,0.00,0.00
2018.05.29 01:30:24.570,12.99578,12.99852,0.00,0.00
2018.05.29 01:30:24.890,12.99572,12.99822,0.00,0.00
2018.05.29 01:30:24.941,12.99581,12.99852,0.00,0.00
2018.05.29 01:30:25.628,12.99581,12.99822,0.00,0.00
2018.05.29 01:30:25.679,12.99561,12.99822,0.00,0.00
2018.05.29 01:30:25.730,12.99549,12.99801,0.00,0.00
2018.05.29 01:30:25.836,12.99542,12.99818,0.00,0.00
2018.05.29 01:30:25.968,12.99548,12.99818,0.00,0.00
2018.05.29 01:30:26.319,12.99581,12.99859,0.00,0.00
2018.05.29 01:30:26.523,12.99582,12.99822,0.00,0.00
2018.05.29 01:30:26.574,12.99581,12.99841,0.00,0.00
2018.05.29 01:30:27.154,12.99581,12.99842,0.00,0.00
2018.05.29 01:30:27.444,12.99548,12.99812,0.00,0.00
2018.05.29 01:30:27.496,12.99548,12.99792,0.00,0.00
2018.05.29 01:30:27.547,12.99548,12.99821,0.00,0.00
2018.05.29 01:30:28.290,12.99538,12.99801,0.00,0.00
2018.05.29 01:30:28.524,12.99541,12.99822,0.00,0.00
2018.05.29 01:30:28.970,12.99548,12.99822,0.00,0.00
2018.05.29 01:30:29.796,12.99542,12.99822,0.00,0.00
2018.05.29 01:30:30.023,12.99502,12.99769,0.00,0.00
2018.05.29 01:30:30.347,12.99528,12.99771,0.00,0.00
2018.05.29 01:30:30.398,12.99511,12.99771,0.00,0.00
2018.05.29 01:30:30.449,12.99522,12.99771,0.00,0.00
2018.05.29 01:30:30.550,12.99541,12.99802,0.00,0.00
2018.05.29 01:30:30.716,12.99539,12.99802,0.00,0.00
2018.05.29 01:30:30.868,12.99518,12.99769,0.00,0.00
2018.05.29 01:30:30.919,12.99511,12.99769,0.00,0.00
2018.05.29 01:30:31.461,12.99501,12.99771,0.00,0.00
2018.05.29 01:30:31.512,12.99501,12.99759,0.00,0.00
2018.05.29 01:30:31.563,12.99502,12.99771,0.00,0.00
2018.05.29 01:30:32.155,12.99508,12.99771,0.00,0.00
2018.05.29 01:30:32.486,12.99528,12.99771,0.00,0.00
2018.05.29 01:30:33.089,12.99511,12.99771,0.00,0.00
2018.05.29 01:30:33.139,12.99502,12.99758,0.00,0.00
2018.05.29 01:30:33.258,12.99502,12.99771,0.00,0.00
2018.05.29 01:30:33.964,12.99501,12.99771,0.00,0.00
2018.05.29 01:30:34.015,12.99492,12.99741,0.00,0.00
2018.05.29 01:30:34.452,12.99482,12.99741,0.00,0.00
2018.05.29 01:30:34.947,12.99502,12.99752,0.00,0.00
2018.05.29 01:30:35.458,12.99501,12.99752,0.00,0.00
2018.05.29 01:30:36.587,12.99502,12.99752,0.00,0.00
2018.05.29 01:30:37.059,12.99482,12.99731,0.00,0.00
2018.05.29 01:30:37.110,12.99502,12.99772,0.00,0.00
2018.05.29 01:30:37.161,12.99528,12.99771,0.00,0.00
2018.05.29 01:30:37.721,12.99539,12.99771,0.00,0.00
2018.05.29 01:30:37.854,12.99529,12.99771,0.00,0.00
2018.05.29 01:30:38.251,12.99521,12.99771,0.00,0.00
2018.05.29 01:30:38.302,12.99501,12.99739,0.00,0.00
2018.05.29 01:30:39.044,12.99502,12.99738,0.00,0.00
2018.05.29 01:30:39.272,12.99481,12.99722,0.00,0.00
2018.05.29 01:30:40.424,12.99482,12.99722,0.00,0.00
2018.05.29 01:30:42.444,12.99442,12.99702,0.00,0.00
2018.05.29 01:30:42.494,12.99441,12.99682,0.00,0.00
2018.05.29 01:30:42.985,12.99439,12.99682,0.00,0.00
2018.05.29 01:30:43.086,12.99439,12.99702,0.00,0.00
2018.05.29 01:30:43.187,12.99439,12.99682,0.00,0.00
2018.05.29 01:30:43.288,12.99441,12.99701,0.00,0.00
2018.05.29 01:30:44.407,12.99439,12.99701,0.00,0.00
2018.05.29 01:30:44.458,12.99439,12.99681,0.00,0.00
2018.05.29 01:30:44.756,12.99441,12.99702,0.00,0.00
2018.05.29 01:30:45.674,12.99471,12.99702,0.00,0.00
2018.05.29 01:30:45.725,12.99471,12.99731,0.00,0.00
2018.05.29 01:30:46.141,12.99471,12.99718,0.00,0.00
2018.05.29 01:30:46.781,12.99442,12.99682,0.00,0.00
2018.05.29 01:30:47.323,12.99438,12.99682,0.00,0.00
2018.05.29 01:30:48.359,12.99442,12.99682,0.00,0.00
2018.05.29 01:30:48.410,12.99462,12.99728,0.00,0.00
2018.05.29 01:30:48.511,12.99448,12.99701,0.00,0.00
2018.05.29 01:30:49.017,12.99458,12.99701,0.00,0.00
2018.05.29 01:30:49.068,12.99471,12.99722,0.00,0.00
2018.05.29 01:30:49.169,12.99471,12.99702,0.00,0.00
2018.05.29 01:30:49.271,12.99472,12.99721,0.00,0.00
2018.05.29 01:30:49.653,12.99482,12.99721,0.00,0.00
2018.05.29 01:30:50.139,12.99472,12.99721,0.00,0.00
2018.05.29 01:30:51.162,12.99481,12.99721,0.00,0.00
2018.05.29 01:30:52.283,12.99471,12.99721,0.00,0.00
2018.05.29 01:30:52.903,12.99458,12.99702,0.00,0.00
2018.05.29 01:30:52.953,12.99472,12.99722,0.00,0.00
2018.05.29 01:30:53.085,12.99482,12.99722,0.00,0.00
2018.05.29 01:30:53.306,12.99481,12.99729,0.00,0.00
2018.05.29 01:30:53.686,12.99492,12.99752,0.00,0.00
2018.05.29 01:30:53.737,12.99508,12.99752,0.00,0.00
2018.05.29 01:30:54.076,12.99512,12.99738,0.00,0.00
2018.05.29 01:30:54.617,12.99502,12.99738,0.00,0.00
2018.05.29 01:30:55.162,12.99502,12.99731,0.00,0.00
2018.05.29 01:30:55.702,12.99482,12.99711,0.00,0.00
2018.05.29 01:30:55.835,12.99482,12.99732,0.00,0.00
2018.05.29 01:30:56.637,12.99472,12.99732,0.00,0.00
2018.05.29 01:30:57.103,12.99481,12.99732,0.00,0.00
2018.05.29 01:30:58.198,12.99482,12.99732,0.00,0.00
2018.05.29 01:30:59.027,12.99481,12.99732,0.00,0.00
2018.05.29 01:31:00.502,12.99482,12.99732,0.00,0.00
2018.05.29 01:31:00.554,12.99439,12.99702,0.00,0.00
2018.05.29 01:31:00.656,12.99471,12.99709,0.00,0.00
2018.05.29 01:31:00.831,12.99482,12.99721,0.00,0.00
2018.05.29 01:31:01.338,12.99482,12.99722,0.00,0.00
2018.05.29 01:31:02.298,12.99481,12.99722,0.00,0.00
2018.05.29 01:31:02.889,12.99482,12.99722,0.00,0.00
2018.05.29 01:31:03.082,12.99472,12.99722,0.00,0.00
2018.05.29 01:31:03.234,12.99481,12.99722,0.00,0.00
2018.05.29 01:31:03.438,12.99471,12.99732,0.00,0.00
2018.05.29 01:31:03.489,12.99481,12.99732,0.00,0.00
2018.05.29 01:31:03.798,12.99482,12.99702,0.00,0.00
2018.05.29 01:31:04.036,12.99471,12.99732,0.00,0.00
2018.05.29 01:31:04.105,12.99471,12.99701,0.00,0.00
2018.05.29 01:31:04.646,12.99472,12.99701,0.00,0.00
2018.05.29 01:31:05.400,12.99471,12.99722,0.00,0.00
2018.05.29 01:31:05.945,12.99458,12.99722,0.00,0.00
2018.05.29 01:31:05.996,12.99458,12.99701,0.00,0.00
2018.05.29 01:31:06.047,12.99472,12.99722,0.00,0.00
2018.05.29 01:31:06.294,12.99458,12.99701,0.00,0.00
2018.05.29 01:31:06.528,12.99442,12.99701,0.00,0.00
2018.05.29 01:31:06.677,12.99472,12.99722,0.00,0.00
2018.05.29 01:31:07.006,12.99482,12.99722,0.00,0.00
2018.05.29 01:31:08.836,12.99481,12.99729,0.00,0.00
2018.05.29 01:31:09.002,12.99482,12.99738,0.00,0.00
2018.05.29 01:31:09.104,12.99479,12.99729,0.00,0.00
2018.05.29 01:31:09.457,12.99481,12.99729,0.00,0.00
2018.05.29 01:31:10.034,12.99482,12.99728,0.00,0.00
2018.05.29 01:31:10.169,12.99472,12.99728,0.00,0.00
2018.05.29 01:31:10.307,12.99461,12.99728,0.00,0.00
2018.05.29 01:31:10.585,12.99471,12.99729,0.00,0.00
2018.05.29 01:31:10.971,12.99481,12.99729,0.00,0.00
2018.05.29 01:31:11.023,12.99478,12.99729,0.00,0.00
2018.05.29 01:31:11.074,12.99471,12.99729,0.00,0.00
2018.05.29 01:31:11.254,12.99481,12.99729,0.00,0.00
2018.05.29 01:31:13.218,12.99478,12.99729,0.00,0.00
2018.05.29 01:31:13.269,12.99471,12.99729,0.00,0.00
2018.05.29 01:31:13.533,12.99461,12.99729,0.00,0.00
2018.05.29 01:31:13.584,12.99442,12.99718,0.00,0.00
2018.05.29 01:31:13.635,12.99442,12.99708,0.00,0.00
2018.05.29 01:31:13.685,12.99438,12.99722,0.00,0.00
2018.05.29 01:31:13.736,12.99441,12.99719,0.00,0.00
2018.05.29 01:31:13.889,12.99442,12.99728,0.00,0.00
2018.05.29 01:31:14.041,12.99518,12.99779,0.00,0.00
2018.05.29 01:31:14.141,12.99518,12.99799,0.00,0.00
2018.05.29 01:31:15.702,12.99511,12.99799,0.00,0.00
2018.05.29 01:31:15.753,12.99502,12.99729,0.00,0.00
2018.05.29 01:31:15.916,12.99502,12.99762,0.00,0.00
2018.05.29 01:31:15.967,12.99502,12.99728,0.00,0.00
2018.05.29 01:31:16.119,12.99502,12.99738,0.00,0.00
2018.05.29 01:31:16.170,12.99502,12.99729,0.00,0.00
2018.05.29 01:31:16.306,12.99469,12.99729,0.00,0.00
2018.05.29 01:31:16.408,12.99451,12.99729,0.00,0.00
2018.05.29 01:31:17.661,12.99449,12.99729,0.00,0.00
2018.05.29 01:31:19.501,12.99449,12.99711,0.00,0.00
2018.05.29 01:31:19.839,12.99408,12.99628,0.00,0.00
2018.05.29 01:31:19.889,12.99428,12.99691,0.00,0.00
2018.05.29 01:31:20.000,12.99408,12.99679,0.00,0.00
2018.05.29 01:31:20.136,12.99388,12.99629,0.00,0.00
2018.05.29 01:31:20.876,12.99389,12.99629,0.00,0.00
2018.05.29 01:31:21.920,12.99389,12.99638,0.00,0.00
2018.05.29 01:31:22.059,12.99389,12.99629,0.00,0.00
2018.05.29 01:31:23.901,12.99401,12.99639,0.00,0.00
2018.05.29 01:31:23.995,12.99388,12.99639,0.00,0.00
2018.05.29 01:31:25.443,12.99391,12.99639,0.00,0.00
2018.05.29 01:31:25.494,12.99439,12.99689,0.00,0.00
2018.05.29 01:31:25.696,12.99442,12.99689,0.00,0.00
2018.05.29 01:31:25.994,12.99439,12.99689,0.00,0.00
2018.05.29 01:31:26.292,12.99449,12.99719,0.00,0.00
2018.05.29 01:31:27.045,12.99449,12.99718,0.00,0.00
2018.05.29 01:31:27.096,12.99439,12.99711,0.00,0.00
2018.05.29 01:31:28.396,12.99439,12.99708,0.00,0.00
2018.05.29 01:31:28.707,12.99439,12.99702,0.00,0.00
2018.05.29 01:31:28.910,12.99408,12.99698,0.00,0.00
2018.05.29 01:31:28.961,12.99438,12.99699,0.00,0.00
2018.05.29 01:31:31.750,12.99461,12.99722,0.00,0.00
2018.05.29 01:31:32.119,12.99471,12.99729,0.00,0.00
2018.05.29 01:31:32.450,12.99472,12.99722,0.00,0.00
2018.05.29 01:31:33.918,12.99458,12.99701,0.00,0.00
2018.05.29 01:31:33.991,12.99439,12.99701,0.00,0.00
2018.05.29 01:31:34.042,12.99442,12.99722,0.00,0.00
2018.05.29 01:31:34.324,12.99441,12.99719,0.00,0.00
2018.05.29 01:31:34.804,12.99459,12.99701,0.00,0.00
2018.05.29 01:31:34.855,12.99459,12.99729,0.00,0.00
2018.05.29 01:31:35.126,12.99459,12.99719,0.00,0.00
2018.05.29 01:31:35.177,12.99459,12.99721,0.00,0.00
2018.05.29 01:31:35.732,12.99459,12.99722,0.00,0.00
2018.05.29 01:31:35.783,12.99459,12.99729,0.00,0.00
2018.05.29 01:31:35.993,12.99472,12.99728,0.00,0.00
2018.05.29 01:31:36.713,12.99468,12.99729,0.00,0.00
2018.05.29 01:31:36.764,12.99459,12.99722,0.00,0.00
2018.05.29 01:31:36.815,12.99482,12.99728,0.00,0.00
2018.05.29 01:31:37.199,12.99489,12.99728,0.00,0.00
2018.05.29 01:31:37.713,12.99488,12.99728,0.00,0.00
2018.05.29 01:31:38.213,12.99538,12.99728,0.00,0.00
2018.05.29 01:31:38.264,12.99538,12.99788,0.00,0.00
2018.05.29 01:31:38.365,12.99561,12.99788,0.00,0.00
2018.05.29 01:31:38.417,12.99561,12.99809,0.00,0.00
2018.05.29 01:31:38.581,12.99548,12.99829,0.00,0.00
2018.05.29 01:31:38.632,12.99548,12.99802,0.00,0.00
2018.05.29 01:31:39.775,12.99548,12.99828,0.00,0.00
2018.05.29 01:31:39.826,12.99548,12.99818,0.00,0.00
2018.05.29 01:31:40.147,12.99548,12.99829,0.00,0.00
2018.05.29 01:31:40.402,12.99548,12.99819,0.00,0.00
2018.05.29 01:31:40.689,12.99548,12.99829,0.00,0.00
2018.05.29 01:31:41.203,12.99548,12.99819,0.00,0.00
2018.05.29 01:31:41.506,12.99549,12.99809,0.00,0.00
2018.05.29 01:31:41.678,12.99538,12.99809,0.00,0.00
2018.05.29 01:31:41.728,12.99592,12.99829,0.00,0.00
2018.05.29 01:31:42.223,12.99582,12.99828,0.00,0.00
2018.05.29 01:31:42.274,12.99539,12.99818,0.00,0.00
2018.05.29 01:31:42.325,12.99539,12.99802,0.00,0.00
2018.05.29 01:31:43.387,12.99539,12.99809,0.00,0.00
2018.05.29 01:31:43.438,12.99541,12.99821,0.00,0.00
2018.05.29 01:31:43.563,12.99558,12.99822,0.00,0.00
2018.05.29 01:31:43.784,12.99561,12.99829,0.00,0.00
2018.05.29 01:31:45.031,12.99558,12.99829,0.00,0.00
2018.05.29 01:31:45.903,12.99582,12.99828,0.00,0.00
2018.05.29 01:31:46.355,12.99581,12.99809,0.00,0.00
2018.05.29 01:31:46.821,12.99638,12.99808,0.00,0.00
2018.05.29 01:31:46.872,12.99638,12.99888,0.00,0.00
2018.05.29 01:31:47.023,12.99641,12.99889,0.00,0.00
2018.05.29 01:31:47.074,12.99649,12.99908,0.00,0.00
2018.05.29 01:31:47.690,12.99649,12.99909,0.00,0.00
2018.05.29 01:31:47.742,12.99649,12.99899,0.00,0.00
2018.05.29 01:31:48.259,12.99649,12.99909,0.00,0.00
2018.05.29 01:31:49.013,12.99649,12.99908,0.00,0.00
2018.05.29 01:31:49.065,12.99682,12.99908,0.00,0.00
2018.05.29 01:31:49.838,12.99681,12.99909,0.00,0.00
2018.05.29 01:31:50.433,12.99648,12.99899,0.00,0.00
2018.05.29 01:31:50.998,12.99648,12.99898,0.00,0.00
2018.05.29 01:31:52.049,12.99671,12.99899,0.00,0.00
2018.05.29 01:31:52.453,12.99682,12.99908,0.00,0.00
2018.05.29 01:31:54.016,12.99672,12.99908,0.00,0.00
2018.05.29 01:31:54.067,12.99681,12.99909,0.00,0.00
2018.05.29 01:31:55.202,12.99672,12.99908,0.00,0.00
2018.05.29 01:31:55.393,12.99658,12.99908,0.00,0.00
2018.05.29 01:31:55.449,12.99638,12.99889,0.00,0.00
2018.05.29 01:31:55.921,12.99672,12.99888,0.00,0.00
2018.05.29 01:31:55.972,12.99671,12.99899,0.00,0.00
2018.05.29 01:31:56.023,12.99661,12.99899,0.00,0.00
2018.05.29 01:31:56.485,12.99638,12.99899,0.00,0.00
2018.05.29 01:31:56.962,12.99641,12.99899,0.00,0.00
2018.05.29 01:31:57.653,12.99671,12.99899,0.00,0.00
2018.05.29 01:31:57.958,12.99681,12.99899,0.00,0.00
2018.05.29 01:31:58.082,12.99668,12.99899,0.00,0.00
2018.05.29 01:31:58.410,12.99681,12.99899,0.00,0.00
2018.05.29 01:31:58.512,12.99699,12.99958,0.00,0.00
2018.05.29 01:31:58.563,12.99689,12.99909,0.00,0.00
2018.05.29 01:31:58.665,12.99699,12.99939,0.00,0.00
2018.05.29 01:31:58.716,12.99699,12.99949,0.00,0.00
2018.05.29 01:31:58.943,12.99739,12.99949,0.00,0.00
2018.05.29 01:31:58.994,12.99739,12.99969,0.00,0.00
2018.05.29 01:31:59.487,12.99689,12.99919,0.00,0.00
2018.05.29 01:31:59.538,12.99728,12.99968,0.00,0.00
2018.05.29 01:31:59.588,12.99739,12.99968,0.00,0.00
2018.05.29 01:32:00.993,12.99761,12.99979,0.00,0.00
2018.05.29 01:32:01.203,12.99748,12.99979,0.00,0.00
2018.05.29 01:32:01.513,12.99739,12.99968,0.00,0.00
2018.05.29 01:32:01.565,12.99739,12.99979,0.00,0.00
2018.05.29 01:32:06.152,12.99739,12.99978,0.00,0.00
2018.05.29 01:32:06.203,12.99688,12.99939,0.00,0.00
2018.05.29 01:32:06.305,12.99739,12.99959,0.00,0.00
2018.05.29 01:32:06.457,12.99692,12.99938,0.00,0.00
2018.05.29 01:32:06.920,12.99688,12.99899,0.00,0.00
2018.05.29 01:32:07.033,12.99688,12.99929,0.00,0.00
2018.05.29 01:32:07.084,12.99688,12.99899,0.00,0.00
2018.05.29 01:32:07.274,12.99709,12.99959,0.00,0.00
2018.05.29 01:32:07.344,12.99722,12.99968,0.00,0.00
2018.05.29 01:32:07.941,12.99748,12.99968,0.00,0.00
2018.05.29 01:32:08.462,12.99748,12.99969,0.00,0.00
2018.05.29 01:32:10.371,12.99771,12.99989,0.00,0.00
2018.05.29 01:32:10.523,12.99748,12.99988,0.00,0.00
2018.05.29 01:32:10.574,12.99748,12.99978,0.00,0.00
2018.05.29 01:32:10.912,12.99782,12.99988,0.00,0.00
2018.05.29 01:32:12.110,12.99759,12.99978,0.00,0.00
2018.05.29 01:32:12.692,12.99759,12.99979,0.00,0.00
2018.05.29 01:32:12.962,12.99771,12.99979,0.00,0.00
2018.05.29 01:32:13.174,12.99771,12.99989,0.00,0.00
2018.05.29 01:32:13.225,12.99761,12.99978,0.00,0.00
2018.05.29 01:32:13.551,12.99761,12.99969,0.00,0.00
2018.05.29 01:32:13.602,12.99748,12.99969,0.00,0.00
2018.05.29 01:32:19.433,12.99761,12.99979,0.00,0.00
2018.05.29 01:32:19.546,12.99748,12.99979,0.00,0.00
2018.05.29 01:32:19.974,12.99771,12.99979,0.00,0.00
2018.05.29 01:32:20.568,12.99772,12.99978,0.00,0.00
2018.05.29 01:32:21.406,12.99771,12.99979,0.00,0.00
2018.05.29 01:32:21.733,12.99781,12.99989,0.00,0.00
2018.05.29 01:32:22.284,12.99782,12.99988,0.00,0.00
2018.05.29 01:32:22.383,12.99778,12.99989,0.00,0.00
2018.05.29 01:32:22.434,12.99771,12.99989,0.00,0.00
2018.05.29 01:32:22.943,12.99772,12.99988,0.00,0.00
2018.05.29 01:32:23.262,12.99781,12.99989,0.00,0.00
2018.05.29 01:32:23.734,12.99798,12.99989,0.00,0.00
2018.05.29 01:32:23.785,12.99798,13.00058,0.00,0.00
2018.05.29 01:32:23.887,12.99849,13.00058,0.00,0.00
2018.05.29 01:32:24.090,12.99749,12.99982,0.00,0.00
2018.05.29 01:32:24.515,12.99749,12.99998,0.00,0.00
2018.05.29 01:32:24.566,12.99749,12.99982,0.00,0.00
2018.05.29 01:32:24.782,12.99749,12.99992,0.00,0.00
2018.05.29 01:32:24.833,12.99771,12.99999,0.00,0.00
2018.05.29 01:32:24.883,12.99772,13.00008,0.00,0.00
2018.05.29 01:32:24.934,12.99782,13.00032,0.00,0.00
2018.05.29 01:32:25.249,12.99771,13.00011,0.00,0.00
2018.05.29 01:32:25.737,12.99771,13.00008,0.00,0.00
2018.05.29 01:32:26.124,12.99749,12.99982,0.00,0.00
2018.05.29 01:32:27.779,12.99672,12.99941,0.00,0.00
2018.05.29 01:32:27.829,12.99672,12.99938,0.00,0.00
2018.05.29 01:32:28.142,12.99681,12.99911,0.00,0.00
2018.05.29 01:32:28.192,12.99671,12.99931,0.00,0.00
2018.05.29 01:32:28.316,12.99682,12.99931,0.00,0.00
2018.05.29 01:32:28.420,12.99681,12.99939,0.00,0.00
2018.05.29 01:32:28.571,12.99671,12.99939,0.00,0.00
2018.05.29 01:32:28.622,12.99682,12.99938,0.00,0.00
2018.05.29 01:32:29.158,12.99681,12.99939,0.00,0.00
2018.05.29 01:32:29.671,12.99688,12.99939,0.00,0.00
2018.05.29 01:32:29.722,12.99698,12.99978,0.00,0.00
2018.05.29 01:32:29.773,12.99709,12.99991,0.00,0.00
2018.05.29 01:32:29.824,12.99738,12.99992,0.00,0.00
2018.05.29 01:32:31.117,12.99728,12.99982,0.00,0.00
2018.05.29 01:32:31.168,12.99689,12.99971,0.00,0.00
2018.05.29 01:32:31.313,12.99689,12.99969,0.00,0.00
2018.05.29 01:32:31.799,12.99681,12.99939,0.00,0.00
2018.05.29 01:32:32.043,12.99682,12.99961,0.00,0.00
2018.05.29 01:32:32.267,12.99688,12.99961,0.00,0.00
2018.05.29 01:32:32.545,12.99681,12.99962,0.00,0.00
2018.05.29 01:32:32.831,12.99708,12.99971,0.00,0.00
2018.05.29 01:32:32.882,12.99708,12.99988,0.00,0.00
2018.05.29 01:32:32.932,12.99739,12.99988,0.00,0.00
2018.05.29 01:32:33.173,12.99771,13.00029,0.00,0.00
2018.05.29 01:32:33.224,12.99771,13.00039,0.00,0.00
2018.05.29 01:32:33.302,12.99781,13.00039,0.00,0.00
2018.05.29 01:32:33.629,12.99781,13.00008,0.00,0.00
2018.05.29 01:32:33.680,12.99749,13.00008,0.00,0.00
2018.05.29 01:32:33.731,12.99801,13.00031,0.00,0.00
2018.05.29 01:32:34.241,12.99771,13.00031,0.00,0.00
2018.05.29 01:32:34.364,12.99789,13.00039,0.00,0.00
2018.05.29 01:32:34.416,12.99789,13.00059,0.00,0.00
2018.05.29 01:32:34.468,12.99789,13.00041,0.00,0.00
2018.05.29 01:32:34.519,12.99782,13.00041,0.00,0.00
2018.05.29 01:32:35.101,12.99781,13.00041,0.00,0.00
2018.05.29 01:32:35.918,12.99781,12.99969,0.00,0.00
2018.05.29 01:32:35.969,12.99738,12.99969,0.00,0.00
2018.05.29 01:32:36.701,12.99738,12.99981,0.00,0.00
2018.05.29 01:32:36.897,12.99758,12.99981,0.00,0.00
2018.05.29 01:32:37.049,12.99738,12.99981,0.00,0.00
2018.05.29 01:32:37.714,12.99738,12.99979,0.00,0.00
2018.05.29 01:32:38.196,12.99688,12.99912,0.00,0.00
2018.05.29 01:32:38.297,12.99639,12.99902,0.00,0.00
2018.05.29 01:32:39.009,12.99651,12.99902,0.00,0.00
2018.05.29 01:32:39.060,12.99672,12.99932,0.00,0.00
2018.05.29 01:32:39.333,12.99681,12.99931,0.00,0.00
2018.05.29 01:32:40.174,12.99671,12.99931,0.00,0.00
2018.05.29 01:32:40.224,12.99671,12.99911,0.00,0.00
2018.05.29 01:32:41.410,12.99651,12.99911,0.00,0.00
2018.05.29 01:32:41.609,12.99681,12.99931,0.00,0.00
2018.05.29 01:32:41.816,12.99681,12.99941,0.00,0.00
2018.05.29 01:32:42.061,12.99681,12.99962,0.00,0.00
2018.05.29 01:32:42.483,12.99672,12.99962,0.00,0.00
2018.05.29 01:32:42.581,12.99671,12.99942,0.00,0.00
2018.05.29 01:32:42.964,12.99681,12.99942,0.00,0.00
2018.05.29 01:32:44.094,12.99681,12.99928,0.00,0.00
2018.05.29 01:32:44.245,12.99628,12.99911,0.00,0.00
2018.05.29 01:32:44.396,12.99629,12.99892,0.00,0.00
2018.05.29 01:32:44.603,12.99628,12.99912,0.00,0.00
2018.05.29 01:32:45.954,12.99628,12.99891,0.00,0.00
2018.05.29 01:32:46.328,12.99618,12.99878,0.00,0.00
2018.05.29 01:32:46.892,12.99618,12.99909,0.00,0.00
2018.05.29 01:32:47.014,12.99618,12.99882,0.00,0.00
2018.05.29 01:32:47.342,12.99602,12.99861,0.00,0.00
2018.05.29 01:32:47.393,12.99591,12.99859,0.00,0.00
2018.05.29 01:32:47.736,12.99591,12.99841,0.00,0.00
2018.05.29 01:32:47.888,12.99508,12.99762,0.00,0.00
2018.05.29 01:32:48.319,12.99481,12.99722,0.00,0.00
2018.05.29 01:32:48.421,12.99492,12.99762,0.00,0.00
2018.05.29 01:32:48.471,12.99501,12.99742,0.00,0.00
2018.05.29 01:32:48.611,12.99498,12.99742,0.00,0.00
2018.05.29 01:32:48.662,12.99481,12.99722,0.00,0.00
2018.05.29 01:32:48.985,12.99491,12.99702,0.00,0.00
2018.05.29 01:32:49.236,12.99398,12.99652,0.00,0.00
2018.05.29 01:32:49.286,12.99389,12.99621,0.00,0.00
2018.05.29 01:32:49.438,12.99311,12.99571,0.00,0.00
2018.05.29 01:32:49.489,12.99279,12.99502,0.00,0.00
2018.05.29 01:32:49.605,12.99271,12.99502,0.00,0.00
2018.05.29 01:32:49.978,12.99251,12.99502,0.00,0.00
2018.05.29 01:32:50.029,12.99188,12.99472,0.00,0.00
2018.05.29 01:32:50.130,12.99179,12.99401,0.00,0.00
2018.05.29 01:32:50.574,12.99262,12.99439,0.00,0.00
2018.05.29 01:32:50.625,12.99262,12.99482,0.00,0.00
2018.05.29 01:32:51.036,12.99251,12.99482,0.00,0.00
2018.05.29 01:32:51.138,12.99179,12.99421,0.00,0.00
2018.05.29 01:32:51.340,12.99241,12.99431,0.00,0.00
2018.05.29 01:32:51.871,12.99222,12.99431,0.00,0.00
2018.05.29 01:32:51.991,12.99241,12.99461,0.00,0.00
2018.05.29 01:32:52.371,12.99202,12.99462,0.00,0.00
2018.05.29 01:32:52.435,12.99208,12.99472,0.00,0.00
2018.05.29 01:32:52.702,12.99208,12.99479,0.00,0.00
2018.05.29 01:32:53.129,12.99239,12.99479,0.00,0.00
2018.05.29 01:32:53.180,12.99239,12.99509,0.00,0.00
2018.05.29 01:32:53.230,12.99241,12.99509,0.00,0.00
2018.05.29 01:32:53.591,12.99301,12.99551,0.00,0.00
2018.05.29 01:32:54.021,12.99321,12.99551,0.00,0.00
2018.05.29 01:32:54.073,12.99351,12.99592,0.00,0.00
2018.05.29 01:32:54.174,12.99341,12.99592,0.00,0.00
2018.05.29 01:32:54.695,12.99341,12.99591,0.00,0.00
2018.05.29 01:32:54.746,12.99322,12.99589,0.00,0.00
2018.05.29 01:32:55.099,12.99251,12.99489,0.00,0.00
2018.05.29 01:32:55.293,12.99089,12.99361,0.00,0.00
2018.05.29 01:32:55.344,12.99098,12.99322,0.00,0.00
2018.05.29 01:32:55.395,12.99081,12.99362,0.00,0.00
2018.05.29 01:32:55.446,12.99069,12.99272,0.00,0.00
2018.05.29 01:32:55.497,12.99062,12.99272,0.00,0.00
2018.05.29 01:32:55.598,12.99102,12.99342,0.00,0.00
2018.05.29 01:32:55.700,12.99062,12.99318,0.00,0.00
2018.05.29 01:32:55.751,12.99051,12.99272,0.00,0.00
2018.05.29 01:32:56.181,12.99042,12.99272,0.00,0.00
2018.05.29 01:32:56.406,12.99032,12.99272,0.00,0.00
2018.05.29 01:32:56.457,12.99011,12.99252,0.00,0.00
2018.05.29 01:32:56.507,12.99011,12.99242,0.00,0.00
2018.05.29 01:32:56.687,12.99002,12.99242,0.00,0.00
2018.05.29 01:32:56.942,12.98961,12.99242,0.00,0.00
2018.05.29 01:32:56.993,12.98968,12.99242,0.00,0.00
2018.05.29 01:32:57.310,12.99002,12.99232,0.00,0.00
2018.05.29 01:32:57.361,12.98968,12.99241,0.00,0.00
2018.05.29 01:32:57.425,12.98919,12.99099,0.00,0.00
2018.05.29 01:32:57.526,12.98772,12.99028,0.00,0.00
2018.05.29 01:32:57.577,12.98821,12.99039,0.00,0.00
2018.05.29 01:32:57.628,12.98769,12.99011,0.00,0.00
2018.05.29 01:32:57.679,12.98769,12.98992,0.00,0.00
2018.05.29 01:32:57.992,12.98769,12.98971,0.00,0.00
2018.05.29 01:32:58.363,12.98769,12.98991,0.00,0.00
2018.05.29 01:32:58.923,12.98781,12.99011,0.00,0.00
2018.05.29 01:32:58.973,12.98852,12.99011,0.00,0.00
2018.05.29 01:32:59.128,12.98791,12.99011,0.00,0.00
2018.05.29 01:32:59.280,12.98851,12.99011,0.00,0.00
2018.05.29 01:32:59.331,12.98792,12.99011,0.00,0.00
2018.05.29 01:32:59.432,12.98791,12.98992,0.00,0.00
2018.05.29 01:32:59.547,12.98729,12.99011,0.00,0.00
2018.05.29 01:32:59.597,12.98729,12.98992,0.00,0.00
2018.05.29 01:32:59.913,12.98802,12.99012,0.00,0.00
2018.05.29 01:32:59.964,12.98801,12.99032,0.00,0.00
2018.05.29 01:33:00.064,12.98809,12.99032,0.00,0.00
2018.05.29 01:33:00.428,12.98838,12.99041,0.00,0.00
2018.05.29 01:33:00.484,12.98838,12.99072,0.00,0.00
2018.05.29 01:33:00.534,12.98838,12.99051,0.00,0.00
2018.05.29 01:33:00.910,12.98891,12.99062,0.00,0.00
2018.05.29 01:33:00.961,12.98891,12.99082,0.00,0.00
2018.05.29 01:33:01.650,12.98891,12.99091,0.00,0.00
2018.05.29 01:33:01.701,12.98921,12.99122,0.00,0.00
2018.05.29 01:33:01.752,12.98921,12.99102,0.00,0.00
2018.05.29 01:33:01.803,12.98921,12.99122,0.00,0.00
2018.05.29 01:33:01.854,12.98892,12.99122,0.00,0.00
2018.05.29 01:33:01.904,12.98902,12.99122,0.00,0.00
2018.05.29 01:33:01.955,12.98902,12.99132,0.00,0.00
2018.05.29 01:33:02.012,12.98932,12.99132,0.00,0.00
2018.05.29 01:33:02.345,12.98921,12.99132,0.00,0.00
2018.05.29 01:33:02.708,12.98962,12.99161,0.00,0.00
2018.05.29 01:33:03.015,12.98991,12.99161,0.00,0.00
2018.05.29 01:33:03.066,12.98991,12.99182,0.00,0.00
2018.05.29 01:33:03.167,12.98992,12.99211,0.00,0.00
2018.05.29 01:33:03.305,12.98992,12.99222,0.00,0.00
2018.05.29 01:33:03.355,12.99021,12.99232,0.00,0.00
2018.05.29 01:33:03.406,12.98991,12.99232,0.00,0.00
2018.05.29 01:33:03.526,12.98991,12.99219,0.00,0.00
2018.05.29 01:33:04.155,12.98991,12.99192,0.00,0.00
2018.05.29 01:33:04.995,12.99022,12.99192,0.00,0.00
2018.05.29 01:33:05.046,12.99022,12.99211,0.00,0.00
2018.05.29 01:33:05.097,12.99022,12.99191,0.00,0.00
2018.05.29 01:33:05.149,12.99001,12.99222,0.00,0.00
2018.05.29 01:33:06.443,12.98991,12.99222,0.00,0.00
2018.05.29 01:33:06.979,12.98992,12.99222,0.00,0.00
2018.05.29 01:33:07.574,12.98981,12.99222,0.00,0.00
2018.05.29 01:33:07.625,12.98981,12.99202,0.00,0.00
2018.05.29 01:33:07.965,12.99001,12.99222,0.00,0.00
2018.05.29 01:33:09.932,12.98991,12.99222,0.00,0.00
2018.05.29 01:33:10.498,12.99022,12.99222,0.00,0.00
2018.05.29 01:33:10.609,12.99022,12.99231,0.00,0.00
2018.05.29 01:33:10.660,12.99002,12.99221,0.00,0.00
2018.05.29 01:33:11.583,12.98991,12.99221,0.00,0.00
2018.05.29 01:33:12.064,12.98991,12.99231,0.00,0.00
2018.05.29 01:33:12.162,12.99002,12.99231,0.00,0.00
2018.05.29 01:33:12.738,12.99002,12.99232,0.00,0.00
2018.05.29 01:33:13.883,12.98991,12.99232,0.00,0.00
2018.05.29 01:33:14.163,12.99002,12.99232,0.00,0.00
2018.05.29 01:33:15.259,12.99002,12.99231,0.00,0.00
2018.05.29 01:33:15.766,12.99111,12.99332,0.00,0.00
2018.05.29 01:33:16.059,12.99131,12.99361,0.00,0.00
2018.05.29 01:33:16.234,12.99131,12.99341,0.00,0.00
2018.05.29 01:33:16.364,12.99121,12.99341,0.00,0.00
2018.05.29 01:33:16.415,12.99112,12.99342,0.00,0.00
2018.05.29 01:33:16.465,12.99112,12.99332,0.00,0.00
2018.05.29 01:33:17.909,12.99112,12.99331,0.00,0.00
2018.05.29 01:33:18.340,12.99131,12.99332,0.00,0.00
2018.05.29 01:33:18.391,12.99132,12.99341,0.00,0.00
2018.05.29 01:33:18.578,12.99122,12.99341,0.00,0.00
2018.05.29 01:33:20.973,12.99111,12.99341,0.00,0.00
2018.05.29 01:33:21.429,12.99122,12.99332,0.00,0.00
2018.05.29 01:33:21.480,12.99122,12.99342,0.00,0.00
2018.05.29 01:33:21.623,12.99161,12.99342,0.00,0.00
2018.05.29 01:33:21.674,12.99132,12.99331,0.00,0.00
2018.05.29 01:33:21.725,12.99132,12.99342,0.00,0.00
2018.05.29 01:33:21.846,12.99132,12.99332,0.00,0.00
2018.05.29 01:33:21.897,12.99132,12.99341,0.00,0.00
2018.05.29 01:33:22.593,12.99132,12.99342,0.00,0.00
2018.05.29 01:33:22.862,12.99102,12.99332,0.00,0.00
2018.05.29 01:33:22.933,12.99092,12.99332,0.00,0.00
2018.05.29 01:33:23.411,12.99102,12.99261,0.00,0.00
2018.05.29 01:33:23.462,12.99002,12.99252,0.00,0.00
2018.05.29 01:33:23.513,12.99002,12.99241,0.00,0.00
2018.05.29 01:33:24.085,12.99001,12.99231,0.00,0.00
2018.05.29 01:33:24.237,12.99001,12.99241,0.00,0.00
2018.05.29 01:33:24.398,12.99058,12.99241,0.00,0.00
2018.05.29 01:33:24.449,12.99058,12.99261,0.00,0.00
2018.05.29 01:33:24.500,12.99058,12.99281,0.00,0.00
2018.05.29 01:33:24.601,12.99062,12.99311,0.00,0.00
2018.05.29 01:33:24.702,12.99008,12.99271,0.00,0.00
2018.05.29 01:33:24.752,12.99001,12.99262,0.00,0.00
2018.05.29 01:33:25.062,12.99001,12.99242,0.00,0.00
2018.05.29 01:33:25.460,12.98992,12.99241,0.00,0.00
2018.05.29 01:33:25.663,12.98962,12.99241,0.00,0.00
2018.05.29 01:33:25.762,12.98971,12.99231,0.00,0.00
2018.05.29 01:33:26.092,12.99002,12.99241,0.00,0.00
2018.05.29 01:33:26.748,12.99001,12.99241,0.00,0.00
2018.05.29 01:33:27.865,12.98908,12.99192,0.00,0.00
2018.05.29 01:33:27.966,12.98901,12.99171,0.00,0.00
2018.05.29 01:33:28.582,12.98901,12.99162,0.00,0.00
2018.05.29 01:33:29.326,12.98902,12.99161,0.00,0.00
2018.05.29 01:33:30.054,12.98901,12.99161,0.00,0.00
2018.05.29 01:33:30.375,12.98902,12.99151,0.00,0.00
2018.05.29 01:33:31.482,12.98901,12.99151,0.00,0.00
2018.05.29 01:33:32.070,12.98861,12.99111,0.00,0.00
2018.05.29 01:33:32.394,12.98902,12.99152,0.00,0.00
2018.05.29 01:33:34.279,12.98902,12.99151,0.00,0.00
2018.05.29 01:33:34.330,12.98891,12.99151,0.00,0.00
2018.05.29 01:33:34.487,12.98892,12.99142,0.00,0.00
2018.05.29 01:33:34.834,12.98901,12.99141,0.00,0.00
2018.05.29 01:33:34.955,12.98862,12.99141,0.00,0.00
2018.05.29 01:33:35.005,12.98878,12.99141,0.00,0.00
2018.05.29 01:33:35.415,12.98868,12.99141,0.00,0.00
2018.05.29 01:33:35.466,12.98891,12.99152,0.00,0.00
2018.05.29 01:33:36.025,12.98901,12.99162,0.00,0.00
2018.05.29 01:33:36.076,12.98891,12.99162,0.00,0.00
2018.05.29 01:33:36.297,12.98908,12.99162,0.00,0.00
2018.05.29 01:33:38.792,12.98909,12.99162,0.00,0.00
2018.05.29 01:33:40.364,12.98909,12.99171,0.00,0.00
2018.05.29 01:33:40.863,12.98909,12.99182,0.00,0.00
2018.05.29 01:33:42.365,12.98958,12.99182,0.00,0.00
2018.05.29 01:33:42.518,12.98949,12.99181,0.00,0.00
2018.05.29 01:33:42.903,12.98928,12.99181,0.00,0.00
2018.05.29 01:33:46.086,12.98918,12.99181,0.00,0.00
2018.05.29 01:33:48.464,12.98938,12.99181,0.00,0.00
2018.05.29 01:33:48.768,12.98962,12.99222,0.00,0.00
2018.05.29 01:33:48.869,12.99002,12.99228,0.00,0.00
2018.05.29 01:33:49.020,12.99002,12.99251,0.00,0.00
2018.05.29 01:33:49.303,12.98988,12.99228,0.00,0.00
2018.05.29 01:33:49.619,12.98988,12.99212,0.00,0.00
2018.05.29 01:33:50.067,12.99009,12.99251,0.00,0.00
2018.05.29 01:33:50.118,12.98998,12.99228,0.00,0.00
2018.05.29 01:33:50.290,12.98978,12.99212,0.00,0.00
2018.05.29 01:33:53.283,12.99059,12.99261,0.00,0.00
2018.05.29 01:33:53.334,12.99059,12.99271,0.00,0.00
2018.05.29 01:33:53.435,12.99059,12.99312,0.00,0.00
2018.05.29 01:33:54.329,12.99059,12.99319,0.00,0.00
2018.05.29 01:33:54.404,12.99059,12.99321,0.00,0.00
2018.05.29 01:33:54.484,12.99072,12.99321,0.00,0.00
2018.05.29 01:33:55.002,12.99071,12.99321,0.00,0.00
2018.05.29 01:33:57.223,12.99079,12.99321,0.00,0.00
2018.05.29 01:33:57.324,12.99078,12.99329,0.00,0.00
2018.05.29 01:33:57.515,12.99108,12.99328,0.00,0.00
2018.05.29 01:33:57.976,12.99079,12.99319,0.00,0.00
2018.05.29 01:33:58.127,12.99081,12.99322,0.00,0.00
2018.05.29 01:33:58.178,12.99079,12.99322,0.00,0.00
2018.05.29 01:33:58.662,12.99079,12.99318,0.00,0.00
2018.05.29 01:33:59.103,12.99079,12.99322,0.00,0.00
2018.05.29 01:34:05.072,12.99079,12.99318,0.00,0.00
2018.05.29 01:34:05.440,12.99059,12.99318,0.00,0.00
2018.05.29 01:34:06.072,12.99059,12.99319,0.00,0.00
2018.05.29 01:34:07.144,12.99059,12.99318,0.00,0.00
2018.05.29 01:34:07.902,12.99059,12.99319,0.00,0.00
2018.05.29 01:34:08.947,12.99059,12.99312,0.00,0.00
2018.05.29 01:34:11.116,12.99061,12.99312,0.00,0.00
2018.05.29 01:34:11.334,12.99059,12.99312,0.00,0.00
2018.05.29 01:34:11.533,12.99062,12.99312,0.00,0.00
2018.05.29 01:34:11.584,12.99059,12.99312,0.00,0.00
2018.05.29 01:34:11.942,12.99061,12.99312,0.00,0.00
2018.05.29 01:34:12.064,12.99059,12.99312,0.00,0.00
2018.05.29 01:34:12.115,12.99062,12.99312,0.00,0.00
2018.05.29 01:34:12.203,12.99059,12.99312,0.00,0.00
2018.05.29 01:34:14.736,12.99059,12.99319,0.00,0.00
2018.05.29 01:34:14.787,12.99148,12.99372,0.00,0.00
2018.05.29 01:34:14.889,12.99148,12.99411,0.00,0.00
2018.05.29 01:34:14.943,12.99152,12.99411,0.00,0.00
2018.05.29 01:34:16.652,12.99152,12.99322,0.00,0.00
2018.05.29 01:34:16.703,12.99071,12.99322,0.00,0.00
2018.05.29 01:34:16.804,12.99058,12.99322,0.00,0.00
2018.05.29 01:34:16.854,12.99058,12.99302,0.00,0.00
2018.05.29 01:34:17.333,12.99062,12.99302,0.00,0.00
2018.05.29 01:34:18.314,12.99059,12.99302,0.00,0.00
2018.05.29 01:34:19.920,12.99058,12.99302,0.00,0.00
2018.05.29 01:34:20.030,12.99058,12.99271,0.00,0.00
2018.05.29 01:34:20.081,12.98981,12.99252,0.00,0.00
2018.05.29 01:34:20.133,12.98978,12.99242,0.00,0.00
2018.05.29 01:34:20.481,12.98978,12.99222,0.00,0.00
2018.05.29 01:34:21.129,12.98969,12.99222,0.00,0.00
2018.05.29 01:34:21.666,12.98972,12.99222,0.00,0.00
2018.05.29 01:34:21.777,12.98969,12.99222,0.00,0.00
2018.05.29 01:34:22.591,12.99022,12.99249,0.00,0.00
2018.05.29 01:34:22.641,12.98999,12.99249,0.00,0.00
2018.05.29 01:34:22.692,12.99049,12.99249,0.00,0.00
2018.05.29 01:34:22.845,12.99049,12.99309,0.00,0.00
2018.05.29 01:34:23.940,12.99071,12.99312,0.00,0.00
2018.05.29 01:34:24.092,12.99148,12.99399,0.00,0.00
2018.05.29 01:34:24.288,12.99151,12.99399,0.00,0.00
2018.05.29 01:34:24.492,12.99151,12.99421,0.00,0.00
2018.05.29 01:34:25.742,12.99162,12.99421,0.00,0.00
2018.05.29 01:34:26.199,12.99149,12.99422,0.00,0.00
2018.05.29 01:34:27.858,12.99148,12.99422,0.00,0.00
2018.05.29 01:34:30.273,12.99148,12.99431,0.00,0.00
2018.05.29 01:34:30.324,12.99239,12.99449,0.00,0.00
2018.05.29 01:34:30.762,12.99239,12.99501,0.00,0.00
2018.05.29 01:34:31.405,12.99239,12.99509,0.00,0.00
2018.05.29 01:34:31.456,12.99261,12.99509,0.00,0.00
2018.05.29 01:34:31.558,12.99239,12.99509,0.00,0.00
2018.05.29 01:34:31.827,12.99239,12.99531,0.00,0.00
2018.05.29 01:34:31.878,12.99239,12.99512,0.00,0.00
2018.05.29 01:34:32.873,12.99231,12.99508,0.00,0.00
2018.05.29 01:34:34.140,12.99231,12.99531,0.00,0.00
2018.05.29 01:34:34.265,12.99231,12.99502,0.00,0.00
2018.05.29 01:34:35.484,12.99232,12.99461,0.00,0.00
2018.05.29 01:34:35.698,12.99212,12.99449,0.00,0.00
2018.05.29 01:34:35.749,12.99232,12.99449,0.00,0.00
2018.05.29 01:34:35.951,12.99191,12.99449,0.00,0.00
2018.05.29 01:34:36.002,12.99211,12.99449,0.00,0.00
2018.05.29 01:34:36.204,12.99172,12.99449,0.00,0.00
2018.05.29 01:34:36.377,12.99172,12.99431,0.00,0.00
2018.05.29 01:34:36.688,12.99202,12.99462,0.00,0.00
2018.05.29 01:34:36.738,12.99202,12.99422,0.00,0.00
2018.05.29 01:34:36.789,12.99161,12.99422,0.00,0.00
2018.05.29 01:34:36.912,12.99132,12.99422,0.00,0.00
2018.05.29 01:34:37.135,12.99131,12.99401,0.00,0.00
2018.05.29 01:34:37.745,12.99132,12.99401,0.00,0.00
2018.05.29 01:34:42.866,12.99162,12.99401,0.00,0.00
2018.05.29 01:34:42.919,12.99162,12.99412,0.00,0.00
2018.05.29 01:34:44.674,12.99131,12.99412,0.00,0.00
2018.05.29 01:34:45.292,12.99132,12.99412,0.00,0.00
2018.05.29 01:34:46.191,12.99141,12.99402,0.00,0.00
2018.05.29 01:34:46.709,12.99142,12.99402,0.00,0.00
2018.05.29 01:34:47.293,12.99141,12.99402,0.00,0.00
2018.05.29 01:34:47.975,12.99142,12.99402,0.00,0.00
2018.05.29 01:34:49.929,12.99142,12.99412,0.00,0.00
2018.05.29 01:34:50.622,12.99141,12.99412,0.00,0.00
2018.05.29 01:34:51.278,12.99142,12.99412,0.00,0.00
2018.05.29 01:34:53.595,12.99141,12.99412,0.00,0.00
2018.05.29 01:34:54.282,12.99142,12.99411,0.00,0.00
2018.05.29 01:34:54.944,12.99141,12.99411,0.00,0.00
2018.05.29 01:34:56.673,12.99142,12.99411,0.00,0.00
2018.05.29 01:34:57.242,12.99141,12.99411,0.00,0.00
2018.05.29 01:34:58.324,12.99142,12.99411,0.00,0.00
2018.05.29 01:35:00.225,12.99141,12.99411,0.00,0.00
2018.05.29 01:35:00.276,12.99142,12.99372,0.00,0.00
2018.05.29 01:35:01.326,12.99141,12.99372,0.00,0.00
2018.05.29 01:35:01.788,12.99141,12.99381,0.00,0.00
2018.05.29 01:35:02.524,12.99141,12.99362,0.00,0.00
2018.05.29 01:35:04.033,12.99142,12.99371,0.00,0.00
2018.05.29 01:35:04.183,12.99172,12.99371,0.00,0.00
2018.05.29 01:35:04.234,12.99231,12.99471,0.00,0.00
2018.05.29 01:35:04.285,12.99231,12.99481,0.00,0.00
2018.05.29 01:35:04.386,12.99241,12.99481,0.00,0.00
2018.05.29 01:35:04.924,12.99242,12.99481,0.00,0.00
2018.05.29 01:35:06.245,12.99242,12.99449,0.00,0.00
2018.05.29 01:35:06.296,12.99231,12.99442,0.00,0.00
2018.05.29 01:35:06.347,12.99211,12.99442,0.00,0.00
2018.05.29 01:35:06.398,12.99231,12.99441,0.00,0.00
2018.05.29 01:35:06.553,12.99191,12.99442,0.00,0.00
2018.05.29 01:35:06.840,12.99188,12.99439,0.00,0.00
2018.05.29 01:35:07.142,12.99112,12.99322,0.00,0.00
2018.05.29 01:35:07.193,12.99072,12.99322,0.00,0.00
2018.05.29 01:35:07.244,12.99052,12.99291,0.00,0.00
2018.05.29 01:35:07.561,12.99042,12.99232,0.00,0.00
2018.05.29 01:35:07.712,12.99062,12.99311,0.00,0.00
2018.05.29 01:35:08.275,12.99061,12.99311,0.00,0.00
2018.05.29 01:35:08.908,12.99101,12.99311,0.00,0.00
2018.05.29 01:35:08.959,12.99131,12.99372,0.00,0.00
2018.05.29 01:35:09.060,12.99141,12.99372,0.00,0.00
2018.05.29 01:35:09.315,12.99141,12.99382,0.00,0.00
2018.05.29 01:35:09.424,12.99142,12.99411,0.00,0.00
2018.05.29 01:35:09.475,12.99141,12.99391,0.00,0.00
2018.05.29 01:35:10.380,12.99142,12.99391,0.00,0.00
2018.05.29 01:35:11.769,12.99141,12.99391,0.00,0.00
2018.05.29 01:35:12.664,12.99142,12.99391,0.00,0.00
2018.05.29 01:35:14.752,12.99141,12.99391,0.00,0.00
2018.05.29 01:35:15.781,12.99142,12.99391,0.00,0.00
2018.05.29 01:35:16.332,12.99141,12.99391,0.00,0.00
2018.05.29 01:35:16.434,12.99071,12.99322,0.00,0.00
2018.05.29 01:35:16.485,12.99071,12.99302,0.00,0.00
2018.05.29 01:35:16.536,12.99042,12.99302,0.00,0.00
2018.05.29 01:35:17.341,12.99041,12.99281,0.00,0.00
2018.05.29 01:35:17.905,12.99042,12.99231,0.00,0.00
2018.05.29 01:35:18.006,12.99041,12.99252,0.00,0.00
2018.05.29 01:35:18.107,12.98992,12.99232,0.00,0.00
2018.05.29 01:35:18.158,12.99042,12.99232,0.00,0.00
2018.05.29 01:35:18.209,12.99041,12.99252,0.00,0.00
2018.05.29 01:35:18.260,12.99041,12.99282,0.00,0.00
2018.05.29 01:35:18.668,12.99042,12.99249,0.00,0.00
2018.05.29 01:35:18.719,12.99031,12.99241,0.00,0.00
2018.05.29 01:35:18.820,12.99031,12.99249,0.00,0.00
2018.05.29 01:35:18.871,12.98998,12.99232,0.00,0.00
2018.05.29 01:35:18.972,12.99031,12.99242,0.00,0.00
2018.05.29 01:35:19.073,12.99042,12.99281,0.00,0.00
2018.05.29 01:35:19.707,12.99041,12.99291,0.00,0.00
2018.05.29 01:35:19.843,12.99041,12.99272,0.00,0.00
2018.05.29 01:35:19.894,12.99031,12.99272,0.00,0.00
2018.05.29 01:35:19.945,12.99031,12.99291,0.00,0.00
2018.05.29 01:35:20.046,12.99031,12.99302,0.00,0.00
2018.05.29 01:35:20.343,12.99032,12.99291,0.00,0.00
2018.05.29 01:35:20.862,12.99032,12.99278,0.00,0.00
2018.05.29 01:35:20.932,12.99031,12.99292,0.00,0.00
2018.05.29 01:35:20.983,12.98998,12.99262,0.00,0.00
2018.05.29 01:35:21.034,12.99031,12.99262,0.00,0.00
2018.05.29 01:35:21.085,12.98982,12.99262,0.00,0.00
2018.05.29 01:35:21.186,12.99008,12.99271,0.00,0.00
2018.05.29 01:35:21.237,12.98982,12.99262,0.00,0.00
2018.05.29 01:35:21.330,12.98982,12.99242,0.00,0.00
2018.05.29 01:35:21.623,12.98961,12.99241,0.00,0.00
2018.05.29 01:35:21.735,12.99032,12.99269,0.00,0.00
2018.05.29 01:35:21.785,12.99022,12.99269,0.00,0.00
2018.05.29 01:35:21.836,12.98979,12.99269,0.00,0.00
2018.05.29 01:35:22.175,12.98989,12.99262,0.00,0.00
2018.05.29 01:35:22.327,12.99032,12.99308,0.00,0.00
2018.05.29 01:35:22.378,12.99032,12.99302,0.00,0.00
2018.05.29 01:35:22.621,12.98982,12.99272,0.00,0.00
2018.05.29 01:35:22.799,12.98978,12.99272,0.00,0.00
2018.05.29 01:35:22.950,12.98968,12.99231,0.00,0.00
2018.05.29 01:35:23.102,12.98992,12.99272,0.00,0.00
2018.05.29 01:35:23.153,12.98988,12.99272,0.00,0.00
2018.05.29 01:35:23.204,12.98971,12.99272,0.00,0.00
2018.05.29 01:35:23.362,12.98968,12.99272,0.00,0.00
2018.05.29 01:35:23.600,12.98968,12.99231,0.00,0.00
2018.05.29 01:35:23.803,12.98988,12.99272,0.00,0.00
2018.05.29 01:35:24.152,12.99031,12.99272,0.00,0.00
2018.05.29 01:35:24.254,12.99031,12.99312,0.00,0.00
2018.05.29 01:35:24.491,12.99032,12.99292,0.00,0.00
2018.05.29 01:35:24.825,12.99032,12.99288,0.00,0.00
2018.05.29 01:35:24.876,12.98989,12.99261,0.00,0.00
2018.05.29 01:35:24.993,12.99032,12.99261,0.00,0.00
2018.05.29 01:35:25.165,12.98969,12.99261,0.00,0.00
2018.05.29 01:35:25.307,12.98969,12.99232,0.00,0.00
2018.05.29 01:35:25.436,12.98972,12.99261,0.00,0.00
2018.05.29 01:35:25.487,12.99031,12.99282,0.00,0.00
2018.05.29 01:35:25.602,12.99032,12.99292,0.00,0.00
2018.05.29 01:35:25.716,12.99031,12.99301,0.00,0.00
2018.05.29 01:35:25.771,12.99031,12.99309,0.00,0.00
2018.05.29 01:35:26.056,12.99031,12.99289,0.00,0.00
2018.05.29 01:35:26.107,12.99031,12.99291,0.00,0.00
2018.05.29 01:35:26.523,12.99032,12.99278,0.00,0.00
2018.05.29 01:35:27.257,12.99049,12.99278,0.00,0.00
2018.05.29 01:35:27.368,12.99049,12.99308,0.00,0.00
2018.05.29 01:35:27.549,12.99031,12.99308,0.00,0.00
2018.05.29 01:35:27.674,12.99031,12.99289,0.00,0.00
2018.05.29 01:35:27.724,12.99022,12.99288,0.00,0.00
2018.05.29 01:35:27.776,12.99031,12.99279,0.00,0.00
2018.05.29 01:35:27.925,12.99032,12.99302,0.00,0.00
2018.05.29 01:35:27.976,12.99032,12.99281,0.00,0.00
2018.05.29 01:35:28.028,12.99032,12.99302,0.00,0.00
2018.05.29 01:35:28.078,12.99031,12.99279,0.00,0.00
2018.05.29 01:35:28.308,12.98998,12.99279,0.00,0.00
2018.05.29 01:35:28.535,12.99021,12.99289,0.00,0.00
2018.05.29 01:35:28.623,12.99021,12.99302,0.00,0.00
2018.05.29 01:35:28.674,12.99028,12.99318,0.00,0.00
2018.05.29 01:35:28.725,12.99028,12.99308,0.00,0.00
2018.05.29 01:35:29.119,12.99048,12.99308,0.00,0.00
2018.05.29 01:35:30.224,12.99051,12.99308,0.00,0.00
2018.05.29 01:35:30.315,12.99048,12.99308,0.00,0.00
2018.05.29 01:35:31.439,12.98998,12.99232,0.00,0.00
2018.05.29 01:35:31.692,12.99028,12.99302,0.00,0.00
2018.05.29 01:35:31.743,12.99028,12.99308,0.00,0.00
2018.05.29 01:35:31.866,12.99028,12.99289,0.00,0.00
2018.05.29 01:35:32.018,12.99028,12.99308,0.00,0.00
2018.05.29 01:35:32.125,12.99048,12.99308,0.00,0.00
2018.05.29 01:35:32.177,12.99029,12.99308,0.00,0.00
2018.05.29 01:35:32.366,12.99028,12.99289,0.00,0.00
2018.05.29 01:35:32.416,12.99021,12.99308,0.00,0.00
2018.05.29 01:35:32.536,12.99018,12.99288,0.00,0.00
2018.05.29 01:35:32.637,12.99001,12.99278,0.00,0.00
2018.05.29 01:35:32.752,12.98989,12.99278,0.00,0.00
2018.05.29 01:35:33.662,12.98989,12.99279,0.00,0.00
2018.05.29 01:35:33.713,12.98989,12.99231,0.00,0.00
2018.05.29 01:35:33.815,12.98991,12.99281,0.00,0.00
2018.05.29 01:35:33.866,12.99022,12.99281,0.00,0.00
2018.05.29 01:35:33.917,12.99001,12.99279,0.00,0.00
2018.05.29 01:35:33.968,12.98989,12.99279,0.00,0.00
2018.05.29 01:35:34.271,12.98989,12.99232,0.00,0.00
2018.05.29 01:35:34.423,12.99031,12.99311,0.00,0.00
2018.05.29 01:35:34.474,12.99031,12.99309,0.00,0.00
2018.05.29 01:35:35.045,12.99061,12.99309,0.00,0.00
2018.05.29 01:35:35.210,12.99032,12.99318,0.00,0.00
2018.05.29 01:35:35.396,12.99048,12.99318,0.00,0.00
2018.05.29 01:35:36.082,12.99048,12.99319,0.00,0.00
2018.05.29 01:35:36.173,12.99048,12.99329,0.00,0.00
2018.05.29 01:35:36.223,12.99048,12.99318,0.00,0.00
2018.05.29 01:35:36.747,12.99048,12.99319,0.00,0.00
2018.05.29 01:35:36.914,12.99032,12.99318,0.00,0.00
2018.05.29 01:35:36.965,12.99048,12.99318,0.00,0.00
2018.05.29 01:35:37.124,12.99031,12.99311,0.00,0.00
2018.05.29 01:35:37.221,12.99049,12.99311,0.00,0.00
2018.05.29 01:35:37.272,12.99049,12.99318,0.00,0.00
2018.05.29 01:35:37.323,12.99032,12.99311,0.00,0.00
2018.05.29 01:35:37.456,12.99048,12.99319,0.00,0.00
2018.05.29 01:35:37.803,12.99031,12.99279,0.00,0.00
2018.05.29 01:35:37.905,12.99031,12.99311,0.00,0.00
2018.05.29 01:35:38.122,12.99032,12.99288,0.00,0.00
2018.05.29 01:35:38.172,12.99011,12.99289,0.00,0.00
2018.05.29 01:35:38.344,12.99008,12.99288,0.00,0.00
2018.05.29 01:35:38.395,12.99012,12.99288,0.00,0.00
2018.05.29 01:35:38.689,12.99031,12.99319,0.00,0.00
2018.05.29 01:35:38.790,12.99049,12.99319,0.00,0.00
2018.05.29 01:35:38.841,12.99031,12.99312,0.00,0.00
2018.05.29 01:35:38.892,12.99039,12.99318,0.00,0.00
2018.05.29 01:35:38.943,12.99032,12.99318,0.00,0.00
2018.05.29 01:35:39.273,12.99048,12.99318,0.00,0.00
2018.05.29 01:35:39.440,12.99031,12.99311,0.00,0.00
2018.05.29 01:35:39.897,12.99048,12.99318,0.00,0.00
2018.05.29 01:35:39.948,12.99032,12.99311,0.00,0.00
2018.05.29 01:35:39.999,12.99032,12.99288,0.00,0.00
2018.05.29 01:35:40.204,12.99052,12.99318,0.00,0.00
2018.05.29 01:35:40.500,12.99101,12.99319,0.00,0.00
2018.05.29 01:35:40.551,12.99101,12.99372,0.00,0.00
2018.05.29 01:35:40.653,12.99101,12.99388,0.00,0.00
2018.05.29 01:35:40.704,12.99101,12.99379,0.00,0.00
2018.05.29 01:35:40.907,12.99048,12.99332,0.00,0.00
2018.05.29 01:35:40.958,12.99048,12.99322,0.00,0.00
2018.05.29 01:35:41.214,12.99031,12.99312,0.00,0.00
2018.05.29 01:35:41.329,12.99031,12.99272,0.00,0.00
2018.05.29 01:35:41.414,12.99021,12.99272,0.00,0.00
2018.05.29 01:35:41.468,12.99021,12.99221,0.00,0.00
2018.05.29 01:35:41.620,12.98988,12.99221,0.00,0.00
2018.05.29 01:35:41.784,12.98982,12.99221,0.00,0.00
2018.05.29 01:35:42.088,12.98938,12.99181,0.00,0.00
2018.05.29 01:35:42.139,12.98902,12.99181,0.00,0.00
2018.05.29 01:35:42.240,12.98902,12.99132,0.00,0.00
2018.05.29 01:35:42.645,12.98878,12.99132,0.00,0.00
2018.05.29 01:35:45.754,12.98932,12.99188,0.00,0.00
2018.05.29 01:35:45.906,12.98892,12.99178,0.00,0.00
2018.05.29 01:35:45.957,12.98898,12.99179,0.00,0.00
2018.05.29 01:35:46.244,12.98888,12.99188,0.00,0.00
2018.05.29 01:35:46.296,12.98882,12.99132,0.00,0.00
2018.05.29 01:35:46.347,12.98879,12.99132,0.00,0.00
2018.05.29 01:35:46.398,12.98919,12.99189,0.00,0.00
2018.05.29 01:35:46.595,12.98919,12.99182,0.00,0.00
2018.05.29 01:35:46.746,12.98958,12.99232,0.00,0.00
2018.05.29 01:35:47.485,12.98952,12.99231,0.00,0.00
2018.05.29 01:35:48.585,12.98891,12.99161,0.00,0.00
2018.05.29 01:35:48.636,12.98888,12.99161,0.00,0.00
2018.05.29 01:35:48.686,12.98888,12.99141,0.00,0.00
2018.05.29 01:35:48.787,12.98879,12.99141,0.00,0.00
2018.05.29 01:35:51.762,12.98879,12.99091,0.00,0.00
2018.05.29 01:35:51.813,12.98832,12.99091,0.00,0.00
2018.05.29 01:35:51.913,12.98848,12.99118,0.00,0.00
2018.05.29 01:35:52.638,12.98848,12.99119,0.00,0.00
2018.05.29 01:35:53.679,12.98828,12.99112,0.00,0.00
2018.05.29 01:35:53.851,12.98809,12.99089,0.00,0.00
2018.05.29 01:35:54.197,12.98888,12.99141,0.00,0.00
2018.05.29 01:35:54.489,12.98908,12.99179,0.00,0.00
2018.05.29 01:35:54.603,12.98981,12.99182,0.00,0.00
2018.05.29 01:35:54.653,12.98888,12.99142,0.00,0.00
2018.05.29 01:35:54.706,12.98961,12.99142,0.00,0.00
2018.05.29 01:35:54.757,12.98949,12.99191,0.00,0.00
2018.05.29 01:35:54.808,12.98968,12.99191,0.00,0.00
2018.05.29 01:35:54.909,12.98989,12.99262,0.00,0.00
2018.05.29 01:35:54.961,12.98989,12.99271,0.00,0.00
2018.05.29 01:35:55.134,12.99009,12.99272,0.00,0.00
2018.05.29 01:35:56.400,12.98979,12.99189,0.00,0.00
2018.05.29 01:35:56.451,12.98978,12.99222,0.00,0.00
2018.05.29 01:35:56.502,12.98978,12.99238,0.00,0.00
2018.05.29 01:35:56.603,12.98978,12.99189,0.00,0.00
2018.05.29 01:35:56.653,12.98978,12.99242,0.00,0.00
2018.05.29 01:35:56.704,12.98978,12.99238,0.00,0.00
2018.05.29 01:35:56.838,12.98959,12.99238,0.00,0.00
2018.05.29 01:35:56.889,12.98949,12.99188,0.00,0.00
2018.05.29 01:35:57.090,12.98928,12.99168,0.00,0.00
2018.05.29 01:35:57.176,12.98928,12.99172,0.00,0.00
2018.05.29 01:35:57.782,12.98928,12.99168,0.00,0.00
2018.05.29 01:35:57.934,12.98908,12.99179,0.00,0.00
2018.05.29 01:35:58.520,12.98949,12.99189,0.00,0.00
2018.05.29 01:35:58.621,12.98998,12.99261,0.00,0.00
2018.05.29 01:35:58.672,12.99008,12.99261,0.00,0.00
2018.05.29 01:36:00.541,12.99009,12.99261,0.00,0.00
2018.05.29 01:36:00.677,12.99009,12.99271,0.00,0.00
2018.05.29 01:36:00.868,12.99028,12.99289,0.00,0.00
2018.05.29 01:36:00.919,12.99049,12.99321,0.00,0.00
2018.05.29 01:36:00.970,12.99039,12.99289,0.00,0.00
2018.05.29 01:36:01.287,12.99069,12.99279,0.00,0.00
2018.05.29 01:36:01.338,12.99072,12.99351,0.00,0.00
2018.05.29 01:36:01.388,12.99109,12.99372,0.00,0.00
2018.05.29 01:36:01.692,12.99109,12.99369,0.00,0.00
2018.05.29 01:36:01.978,12.99198,12.99478,0.00,0.00
2018.05.29 01:36:02.029,12.99229,12.99489,0.00,0.00
2018.05.29 01:36:02.282,12.99318,12.99589,0.00,0.00
2018.05.29 01:36:02.333,12.99372,12.99611,0.00,0.00
2018.05.29 01:36:02.383,12.99339,12.99599,0.00,0.00
2018.05.29 01:36:02.484,12.99399,12.99688,0.00,0.00
2018.05.29 01:36:02.549,12.99399,12.99679,0.00,0.00
2018.05.29 01:36:02.852,12.99748,12.99958,0.00,0.00
2018.05.29 01:36:03.004,12.99769,12.99989,0.00,0.00
2018.05.29 01:36:03.054,12.99771,12.99989,0.00,0.00
2018.05.29 01:36:03.155,12.99769,12.99989,0.00,0.00
2018.05.29 01:36:03.206,12.99779,12.99989,0.00,0.00
2018.05.29 01:36:03.375,12.99768,13.00041,0.00,0.00
2018.05.29 01:36:03.426,12.99749,13.00041,0.00,0.00
2018.05.29 01:36:03.477,12.99819,13.00058,0.00,0.00
2018.05.29 01:36:03.680,12.99839,13.00088,0.00,0.00
2018.05.29 01:36:03.731,12.99848,13.00088,0.00,0.00
2018.05.29 01:36:04.034,12.99868,13.00079,0.00,0.00
2018.05.29 01:36:04.422,12.99862,13.00058,0.00,0.00
2018.05.29 01:36:04.536,12.99861,13.00069,0.00,0.00
2018.05.29 01:36:04.587,12.99868,13.00069,0.00,0.00
2018.05.29 01:36:04.952,12.99809,12.99989,0.00,0.00
2018.05.29 01:36:05.060,12.99799,12.99989,0.00,0.00
2018.05.29 01:36:05.111,12.99912,13.00071,0.00,0.00
2018.05.29 01:36:05.162,12.99879,13.00071,0.00,0.00
2018.05.29 01:36:05.263,12.99868,13.00122,0.00,0.00
2018.05.29 01:36:05.577,12.99869,13.00102,0.00,0.00
2018.05.29 01:36:06.634,12.99868,13.00099,0.00,0.00
2018.05.29 01:36:06.974,12.99858,13.00099,0.00,0.00
2018.05.29 01:36:07.025,12.99858,13.00048,0.00,0.00
2018.05.29 01:36:07.148,12.99858,13.00099,0.00,0.00
2018.05.29 01:36:07.401,12.99858,13.00049,0.00,0.00
2018.05.29 01:36:07.544,12.99839,13.00099,0.00,0.00
2018.05.29 01:36:08.067,12.99838,13.00049,0.00,0.00
2018.05.29 01:36:08.608,12.99838,13.00018,0.00,0.00
2018.05.29 01:36:08.659,12.99828,13.00018,0.00,0.00
2018.05.29 01:36:08.710,12.99828,13.00099,0.00,0.00
2018.05.29 01:36:09.127,12.99798,13.00009,0.00,0.00
2018.05.29 01:36:09.178,12.99809,13.00069,0.00,0.00
2018.05.29 01:36:09.583,12.99798,13.00069,0.00,0.00
2018.05.29 01:36:09.634,12.99798,13.00008,0.00,0.00
2018.05.29 01:36:09.685,12.99809,13.00078,0.00,0.00
2018.05.29 01:36:09.736,12.99828,13.00078,0.00,0.00
2018.05.29 01:36:10.122,12.99819,13.00009,0.00,0.00
2018.05.29 01:36:10.173,12.99749,12.99979,0.00,0.00
2018.05.29 01:36:10.274,12.99728,12.99958,0.00,0.00
2018.05.29 01:36:10.369,12.99718,12.99958,0.00,0.00
2018.05.29 01:36:10.478,12.99728,12.99958,0.00,0.00
2018.05.29 01:36:10.782,12.99729,12.99968,0.00,0.00
2018.05.29 01:36:11.312,12.99729,12.99978,0.00,0.00
2018.05.29 01:36:11.568,12.99709,12.99978,0.00,0.00
2018.05.29 01:36:11.619,12.99709,12.99908,0.00,0.00
2018.05.29 01:36:11.670,12.99729,12.99978,0.00,0.00
2018.05.29 01:36:12.227,12.99718,12.99979,0.00,0.00
2018.05.29 01:36:12.280,12.99708,12.99909,0.00,0.00
2018.05.29 01:36:12.331,12.99719,12.99971,0.00,0.00
2018.05.29 01:36:12.404,12.99719,12.99958,0.00,0.00
2018.05.29 01:36:13.506,12.99708,12.99958,0.00,0.00
2018.05.29 01:36:13.607,12.99708,12.99942,0.00,0.00
2018.05.29 01:36:14.157,12.99699,12.99908,0.00,0.00
2018.05.29 01:36:14.208,12.99699,12.99941,0.00,0.00
2018.05.29 01:36:14.259,12.99618,12.99878,0.00,0.00
2018.05.29 01:36:14.316,12.99608,12.99878,0.00,0.00
2018.05.29 01:36:14.891,12.99608,12.99879,0.00,0.00
2018.05.29 01:36:15.023,12.99668,12.99879,0.00,0.00
2018.05.29 01:36:15.074,12.99668,12.99909,0.00,0.00
2018.05.29 01:36:15.125,12.99668,12.99919,0.00,0.00
2018.05.29 01:36:15.176,12.99699,12.99961,0.00,0.00
2018.05.29 01:36:15.335,12.99769,12.99999,0.00,0.00
2018.05.29 01:36:15.487,12.99769,13.00009,0.00,0.00
2018.05.29 01:36:15.740,12.99738,13.00008,0.00,0.00
2018.05.29 01:36:15.790,12.99719,12.99981,0.00,0.00
2018.05.29 01:36:16.214,12.99688,12.99939,0.00,0.00
2018.05.29 01:36:16.871,12.99688,12.99938,0.00,0.00
2018.05.29 01:36:17.381,12.99708,12.99938,0.00,0.00
2018.05.29 01:36:17.432,12.99699,12.99958,0.00,0.00
2018.05.29 01:36:18.509,12.99658,12.99902,0.00,0.00
2018.05.29 01:36:18.560,12.99638,12.99899,0.00,0.00
2018.05.29 01:36:18.709,12.99598,12.99891,0.00,0.00
2018.05.29 01:36:18.974,12.99618,12.99898,0.00,0.00
2018.05.29 01:36:19.516,12.99618,12.99899,0.00,0.00
2018.05.29 01:36:19.841,12.99659,12.99892,0.00,0.00
2018.05.29 01:36:19.892,12.99618,12.99869,0.00,0.00
2018.05.29 01:36:20.099,12.99608,12.99869,0.00,0.00
2018.05.29 01:36:20.274,12.99598,12.99869,0.00,0.00
2018.05.29 01:36:20.328,12.99589,12.99869,0.00,0.00
2018.05.29 01:36:20.379,12.99589,12.99848,0.00,0.00
2018.05.29 01:36:20.834,12.99589,12.99842,0.00,0.00
2018.05.29 01:36:21.383,12.99589,12.99822,0.00,0.00
2018.05.29 01:36:21.545,12.99568,12.99822,0.00,0.00
2018.05.29 01:36:21.924,12.99568,12.99808,0.00,0.00
2018.05.29 01:36:22.112,12.99548,12.99792,0.00,0.00
2018.05.29 01:36:22.163,12.99578,12.99792,0.00,0.00
2018.05.29 01:36:22.213,12.99578,12.99808,0.00,0.00
2018.05.29 01:36:22.264,12.99569,12.99809,0.00,0.00
2018.05.29 01:36:22.314,12.99538,12.99769,0.00,0.00
2018.05.29 01:36:22.862,12.99579,12.99809,0.00,0.00
2018.05.29 01:36:22.913,12.99589,12.99869,0.00,0.00
2018.05.29 01:36:22.963,12.99598,12.99868,0.00,0.00
2018.05.29 01:36:23.267,12.99549,12.99799,0.00,0.00
2018.05.29 01:36:23.805,12.99548,12.99799,0.00,0.00
2018.05.29 01:36:26.133,12.99548,12.99791,0.00,0.00
2018.05.29 01:36:26.184,12.99538,12.99791,0.00,0.00
2018.05.29 01:36:26.235,12.99538,12.99769,0.00,0.00
2018.05.29 01:36:26.336,12.99518,12.99768,0.00,0.00
2018.05.29 01:36:26.838,12.99518,12.99769,0.00,0.00
2018.05.29 01:36:27.293,12.99508,12.99769,0.00,0.00
2018.05.29 01:36:27.343,12.99508,12.99758,0.00,0.00
2018.05.29 01:36:27.394,12.99499,12.99759,0.00,0.00
2018.05.29 01:36:27.558,12.99499,12.99751,0.00,0.00
2018.05.29 01:36:27.702,12.99478,12.99751,0.00,0.00
2018.05.29 01:36:27.753,12.99478,12.99699,0.00,0.00
2018.05.29 01:36:27.804,12.99488,12.99739,0.00,0.00
2018.05.29 01:36:27.855,12.99499,12.99759,0.00,0.00
2018.05.29 01:36:28.134,12.99509,12.99759,0.00,0.00
2018.05.29 01:36:28.285,12.99498,12.99749,0.00,0.00
2018.05.29 01:36:28.932,12.99498,12.99751,0.00,0.00
2018.05.29 01:36:28.983,12.99509,12.99769,0.00,0.00
2018.05.29 01:36:29.494,12.99509,12.99759,0.00,0.00
2018.05.29 01:36:29.872,12.99498,12.99759,0.00,0.00
2018.05.29 01:36:30.466,12.99499,12.99759,0.00,0.00
2018.05.29 01:36:31.864,12.99499,12.99709,0.00,0.00
2018.05.29 01:36:31.915,12.99489,12.99709,0.00,0.00
2018.05.29 01:36:31.966,12.99489,12.99699,0.00,0.00
2018.05.29 01:36:32.074,12.99468,12.99699,0.00,0.00
2018.05.29 01:36:32.125,12.99448,12.99669,0.00,0.00
2018.05.29 01:36:32.176,12.99418,12.99669,0.00,0.00
2018.05.29 01:36:32.778,12.99418,12.99668,0.00,0.00
2018.05.29 01:36:32.933,12.99418,12.99679,0.00,0.00
2018.05.29 01:36:32.984,12.99428,12.99679,0.00,0.00
2018.05.29 01:36:34.322,12.99428,12.99692,0.00,0.00
2018.05.29 01:36:34.403,12.99428,12.99668,0.00,0.00
2018.05.29 01:36:34.511,12.99418,12.99668,0.00,0.00
2018.05.29 01:36:34.612,12.99418,12.99662,0.00,0.00
2018.05.29 01:36:35.007,12.99418,12.99669,0.00,0.00
2018.05.29 01:36:36.062,12.99418,12.99668,0.00,0.00
2018.05.29 01:36:36.433,12.99418,12.99671,0.00,0.00
2018.05.29 01:36:36.534,12.99418,12.99661,0.00,0.00
2018.05.29 01:36:36.585,12.99408,12.99661,0.00,0.00
2018.05.29 01:36:36.677,12.99408,12.99659,0.00,0.00
2018.05.29 01:36:37.054,12.99408,12.99661,0.00,0.00
2018.05.29 01:36:37.883,12.99408,12.99659,0.00,0.00
2018.05.29 01:36:37.933,12.99398,12.99659,0.00,0.00
2018.05.29 01:36:38.433,12.99398,12.99661,0.00,0.00
2018.05.29 01:36:38.534,12.99398,12.99659,0.00,0.00
2018.05.29 01:36:42.139,12.99398,12.99661,0.00,0.00
2018.05.29 01:36:42.533,12.99408,12.99661,0.00,0.00
2018.05.29 01:36:43.080,12.99388,12.99619,0.00,0.00
2018.05.29 01:36:43.299,12.99388,12.99622,0.00,0.00
2018.05.29 01:36:43.460,12.99348,12.99569,0.00,0.00
2018.05.29 01:36:43.510,12.99328,12.99569,0.00,0.00
2018.05.29 01:36:43.561,12.99338,12.99571,0.00,0.00
2018.05.29 01:36:43.705,12.99328,12.99569,0.00,0.00
2018.05.29 01:36:43.756,12.99318,12.99569,0.00,0.00
2018.05.29 01:36:45.766,12.99318,12.99568,0.00,0.00
2018.05.29 01:36:45.936,12.99278,12.99509,0.00,0.00
2018.05.29 01:36:46.038,12.99279,12.99542,0.00,0.00
2018.05.29 01:36:46.140,12.99279,12.99522,0.00,0.00
2018.05.29 01:36:46.712,12.99299,12.99542,0.00,0.00
2018.05.29 01:36:47.040,12.99308,12.99542,0.00,0.00
2018.05.29 01:36:47.642,12.99298,12.99542,0.00,0.00
2018.05.29 01:36:47.693,12.99278,12.99498,0.00,0.00
2018.05.29 01:36:48.308,12.99278,12.99492,0.00,0.00
2018.05.29 01:36:52.598,12.99269,12.99492,0.00,0.00
2018.05.29 01:36:53.312,12.99268,12.99492,0.00,0.00
2018.05.29 01:36:56.855,12.99238,12.99469,0.00,0.00
2018.05.29 01:36:56.906,12.99248,12.99472,0.00,0.00
2018.05.29 01:36:57.476,12.99238,12.99469,0.00,0.00
2018.05.29 01:36:57.527,12.99228,12.99452,0.00,0.00
2018.05.29 01:37:00.152,12.99238,12.99452,0.00,0.00
2018.05.29 01:37:00.763,12.99229,12.99452,0.00,0.00
2018.05.29 01:37:00.816,12.99179,12.99411,0.00,0.00
2018.05.29 01:37:00.917,12.99169,12.99411,0.00,0.00
2018.05.29 01:37:00.968,12.99169,12.99391,0.00,0.00
2018.05.29 01:37:01.096,12.99168,12.99409,0.00,0.00
2018.05.29 01:37:01.198,12.99168,12.99411,0.00,0.00
2018.05.29 01:37:01.423,12.99178,12.99411,0.00,0.00
2018.05.29 01:37:01.474,12.99168,12.99409,0.00,0.00
2018.05.29 01:37:01.605,12.99178,12.99409,0.00,0.00
2018.05.29 01:37:01.656,12.99188,12.99431,0.00,0.00
2018.05.29 01:37:02.122,12.99189,12.99442,0.00,0.00
2018.05.29 01:37:02.630,12.99188,12.99441,0.00,0.00
2018.05.29 01:37:02.755,12.99188,12.99451,0.00,0.00
2018.05.29 01:37:04.736,12.99199,12.99451,0.00,0.00
2018.05.29 01:37:06.234,12.99199,12.99432,0.00,0.00
2018.05.29 01:37:06.336,12.99179,12.99432,0.00,0.00
2018.05.29 01:37:06.386,12.99198,12.99431,0.00,0.00
2018.05.29 01:37:06.437,12.99198,12.99451,0.00,0.00
2018.05.29 01:37:08.774,12.99198,12.99469,0.00,0.00
2018.05.29 01:37:08.825,12.99218,12.99462,0.00,0.00
2018.05.29 01:37:09.188,12.99188,12.99462,0.00,0.00
2018.05.29 01:37:10.357,12.99198,12.99462,0.00,0.00
2018.05.29 01:37:11.123,12.99198,12.99461,0.00,0.00
2018.05.29 01:37:15.217,12.99199,12.99461,0.00,0.00
2018.05.29 01:37:15.268,12.99189,12.99461,0.00,0.00
2018.05.29 01:37:15.331,12.99198,12.99461,0.00,0.00
2018.05.29 01:37:15.983,12.99199,12.99408,0.00,0.00
2018.05.29 01:37:16.084,12.99178,12.99392,0.00,0.00
2018.05.29 01:37:16.186,12.99178,12.99379,0.00,0.00
2018.05.29 01:37:16.250,12.99168,12.99379,0.00,0.00
2018.05.29 01:37:16.605,12.99168,12.99372,0.00,0.00
2018.05.29 01:37:16.850,12.99168,12.99379,0.00,0.00
2018.05.29 01:37:16.901,12.99168,12.99409,0.00,0.00
2018.05.29 01:37:17.052,12.99189,12.99408,0.00,0.00
2018.05.29 01:37:17.154,12.99189,12.99412,0.00,0.00
2018.05.29 01:37:18.885,12.99168,12.99368,0.00,0.00
2018.05.29 01:37:19.380,12.99168,12.99362,0.00,0.00
2018.05.29 01:37:20.679,12.99168,12.99361,0.00,0.00
2018.05.29 01:37:20.919,12.99162,12.99361,0.00,0.00
2018.05.29 01:37:20.970,12.99161,12.99342,0.00,0.00
2018.05.29 01:37:23.265,12.99152,12.99342,0.00,0.00
2018.05.29 01:37:23.970,12.99078,12.99309,0.00,0.00
2018.05.29 01:37:24.021,12.99078,12.99292,0.00,0.00
2018.05.29 01:37:24.072,12.99048,12.99292,0.00,0.00
2018.05.29 01:37:24.444,12.99038,12.99292,0.00,0.00
2018.05.29 01:37:24.546,12.99038,12.99282,0.00,0.00
2018.05.29 01:37:25.320,12.99039,12.99282,0.00,0.00
2018.05.29 01:37:25.933,12.99039,12.99271,0.00,0.00
2018.05.29 01:37:26.251,12.99018,12.99271,0.00,0.00
2018.05.29 01:37:27.292,12.99018,12.99252,0.00,0.00
2018.05.29 01:37:27.958,12.99018,12.99251,0.00,0.00
2018.05.29 01:37:29.963,12.99018,12.99241,0.00,0.00
2018.05.29 01:37:30.094,12.98998,12.99241,0.00,0.00
2018.05.29 01:37:30.196,12.99008,12.99241,0.00,0.00
2018.05.29 01:37:30.919,12.98988,12.99241,0.00,0.00
2018.05.29 01:37:30.969,12.98988,12.99198,0.00,0.00
2018.05.29 01:37:31.576,12.98988,12.99182,0.00,0.00
2018.05.29 01:37:31.627,12.99008,12.99208,0.00,0.00
2018.05.29 01:37:31.729,12.99008,12.99192,0.00,0.00
2018.05.29 01:37:31.779,12.98988,12.99221,0.00,0.00
2018.05.29 01:37:31.830,12.98988,12.99191,0.00,0.00
2018.05.29 01:37:32.251,12.98988,12.99181,0.00,0.00
2018.05.29 01:37:32.630,12.98988,12.99172,0.00,0.00
2018.05.29 01:37:34.610,12.98982,12.99172,0.00,0.00
2018.05.29 01:37:34.851,12.98919,12.99172,0.00,0.00
2018.05.29 01:37:34.953,12.98928,12.99172,0.00,0.00
2018.05.29 01:37:37.249,12.98928,12.99162,0.00,0.00
2018.05.29 01:37:38.648,12.98899,12.99162,0.00,0.00
2018.05.29 01:37:38.699,12.98899,12.99191,0.00,0.00
2018.05.29 01:37:38.749,12.98908,12.99191,0.00,0.00
2018.05.29 01:37:39.054,12.98949,12.99192,0.00,0.00
2018.05.29 01:37:39.509,12.98958,12.99192,0.00,0.00
2018.05.29 01:37:39.707,12.98978,12.99222,0.00,0.00
2018.05.29 01:37:39.758,12.98968,12.99222,0.00,0.00
2018.05.29 01:37:40.288,12.98968,12.99242,0.00,0.00
2018.05.29 01:37:40.339,12.98979,12.99242,0.00,0.00
2018.05.29 01:37:40.694,12.98988,12.99252,0.00,0.00
2018.05.29 01:37:41.122,12.98978,12.99252,0.00,0.00
2018.05.29 01:37:41.819,12.98979,12.99252,0.00,0.00
2018.05.29 01:37:42.101,12.98999,12.99252,0.00,0.00
2018.05.29 01:37:45.704,12.98988,12.99252,0.00,0.00
2018.05.29 01:37:46.378,12.98988,12.99249,0.00,0.00
2018.05.29 01:37:46.429,12.98968,12.99231,0.00,0.00
2018.05.29 01:37:46.480,12.98959,12.99192,0.00,0.00
2018.05.29 01:37:46.717,12.98959,12.99209,0.00,0.00
2018.05.29 01:37:46.818,12.98978,12.99192,0.00,0.00
2018.05.29 01:37:46.869,12.98978,12.99211,0.00,0.00
2018.05.29 01:37:47.209,12.98968,12.99212,0.00,0.00
2018.05.29 01:37:48.661,12.98958,12.99191,0.00,0.00
2018.05.29 01:37:49.032,12.98989,12.99221,0.00,0.00
2018.05.29 01:37:49.644,12.98989,12.99208,0.00,0.00
2018.05.29 01:37:49.696,12.98968,12.99191,0.00,0.00
2018.05.29 01:37:51.295,12.98968,12.99209,0.00,0.00
2018.05.29 01:37:51.346,12.98979,12.99192,0.00,0.00
2018.05.29 01:37:51.397,12.98979,12.99208,0.00,0.00
2018.05.29 01:37:51.498,12.98979,12.99211,0.00,0.00
2018.05.29 01:37:51.722,12.98979,12.99209,0.00,0.00
2018.05.29 01:37:51.809,12.98958,12.99191,0.00,0.00
2018.05.29 01:37:51.860,12.98959,12.99212,0.00,0.00
2018.05.29 01:37:53.264,12.98979,12.99212,0.00,0.00
2018.05.29 01:37:53.314,12.98989,12.99241,0.00,0.00
2018.05.29 01:37:54.151,12.98978,12.99241,0.00,0.00
2018.05.29 01:37:54.202,12.98969,12.99241,0.00,0.00
2018.05.29 01:37:55.372,12.98972,12.99241,0.00,0.00
2018.05.29 01:37:55.423,12.98971,12.99272,0.00,0.00
2018.05.29 01:37:55.473,12.99008,12.99272,0.00,0.00
2018.05.29 01:37:55.705,12.99001,12.99272,0.00,0.00
2018.05.29 01:37:55.756,12.98982,12.99272,0.00,0.00
2018.05.29 01:37:55.807,12.98991,12.99272,0.00,0.00
2018.05.29 01:37:56.173,12.98998,12.99251,0.00,0.00
2018.05.29 01:37:56.814,12.98979,12.99251,0.00,0.00
2018.05.29 01:38:02.290,12.98978,12.99251,0.00,0.00
2018.05.29 01:38:02.659,12.98978,12.99231,0.00,0.00
2018.05.29 01:38:02.773,12.98962,12.99231,0.00,0.00
2018.05.29 01:38:02.824,12.98968,12.99231,0.00,0.00
2018.05.29 01:38:05.113,12.98992,12.99231,0.00,0.00
2018.05.29 01:38:05.834,12.99002,12.99252,0.00,0.00
2018.05.29 01:38:06.312,12.98982,12.99251,0.00,0.00
2018.05.29 01:38:06.890,12.98991,12.99262,0.00,0.00
2018.05.29 01:38:06.941,12.99001,12.99262,0.00,0.00
2018.05.29 01:38:07.668,12.99002,12.99262,0.00,0.00
2018.05.29 01:38:07.846,12.99051,12.99321,0.00,0.00
2018.05.29 01:38:07.903,12.99062,12.99321,0.00,0.00
2018.05.29 01:38:08.661,12.99061,12.99321,0.00,0.00
2018.05.29 01:38:09.295,12.99062,12.99321,0.00,0.00
2018.05.29 01:38:10.559,12.99062,12.99332,0.00,0.00
2018.05.29 01:38:10.610,12.99171,12.99332,0.00,0.00
2018.05.29 01:38:10.711,12.99129,12.99332,0.00,0.00
2018.05.29 01:38:10.822,12.99111,12.99371,0.00,0.00
2018.05.29 01:38:12.151,12.99092,12.99371,0.00,0.00
2018.05.29 01:38:12.794,12.99089,12.99349,0.00,0.00
2018.05.29 01:38:12.845,12.99028,12.99309,0.00,0.00
2018.05.29 01:38:12.896,12.99028,12.99298,0.00,0.00
2018.05.29 01:38:13.078,12.99068,12.99349,0.00,0.00
2018.05.29 01:38:13.179,12.99082,12.99352,0.00,0.00
2018.05.29 01:38:14.208,12.99068,12.99352,0.00,0.00
2018.05.29 01:38:14.258,12.99052,12.99291,0.00,0.00
2018.05.29 01:38:14.360,12.99051,12.99322,0.00,0.00
2018.05.29 01:38:14.980,12.99052,12.99322,0.00,0.00
2018.05.29 01:38:15.144,12.99032,12.99291,0.00,0.00
2018.05.29 01:38:15.202,12.99019,12.99291,0.00,0.00
2018.05.29 01:38:15.393,12.99051,12.99291,0.00,0.00
2018.05.29 01:38:15.553,12.99029,12.99291,0.00,0.00
2018.05.29 01:38:15.604,12.99019,12.99291,0.00,0.00
2018.05.29 01:38:16.523,12.99009,12.99291,0.00,0.00
2018.05.29 01:38:17.729,12.99031,12.99291,0.00,0.00
2018.05.29 01:38:18.405,12.99112,12.99291,0.00,0.00
2018.05.29 01:38:18.506,12.99118,12.99362,0.00,0.00
2018.05.29 01:38:18.557,12.99152,12.99362,0.00,0.00
2018.05.29 01:38:18.659,12.99112,12.99362,0.00,0.00
2018.05.29 01:38:18.760,12.99119,12.99392,0.00,0.00
2018.05.29 01:38:19.905,12.99122,12.99392,0.00,0.00
2018.05.29 01:38:28.302,12.99131,12.99392,0.00,0.00
2018.05.29 01:38:28.412,12.99169,12.99442,0.00,0.00
2018.05.29 01:38:28.463,12.99169,12.99471,0.00,0.00
2018.05.29 01:38:28.515,12.99199,12.99479,0.00,0.00
2018.05.29 01:38:29.085,12.99199,12.99481,0.00,0.00
2018.05.29 01:38:29.975,12.99179,12.99461,0.00,0.00
2018.05.29 01:38:31.043,12.99179,12.99419,0.00,0.00
2018.05.29 01:38:31.093,12.99148,12.99419,0.00,0.00
2018.05.29 01:38:31.194,12.99148,12.99441,0.00,0.00
2018.05.29 01:38:31.315,12.99169,12.99441,0.00,0.00
2018.05.29 01:38:32.110,12.99169,12.99452,0.00,0.00
2018.05.29 01:38:32.161,12.99199,12.99481,0.00,0.00
2018.05.29 01:38:32.465,12.99191,12.99472,0.00,0.00
2018.05.29 01:38:33.055,12.99178,12.99449,0.00,0.00
2018.05.29 01:38:33.382,12.99181,12.99401,0.00,0.00
2018.05.29 01:38:33.433,12.99169,12.99401,0.00,0.00
2018.05.29 01:38:34.230,12.99169,12.99409,0.00,0.00
2018.05.29 01:38:34.282,12.99218,12.99451,0.00,0.00
2018.05.29 01:38:34.383,12.99218,12.99498,0.00,0.00
2018.05.29 01:38:35.007,12.99229,12.99499,0.00,0.00
2018.05.29 01:38:35.058,12.99209,12.99498,0.00,0.00
2018.05.29 01:38:35.338,12.99239,12.99499,0.00,0.00
2018.05.29 01:38:36.004,12.99239,12.99498,0.00,0.00
2018.05.29 01:38:36.810,12.99239,12.99499,0.00,0.00
2018.05.29 01:38:37.270,12.99249,12.99499,0.00,0.00
2018.05.29 01:38:37.801,12.99249,12.99498,0.00,0.00
2018.05.29 01:38:38.142,12.99308,12.99582,0.00,0.00
2018.05.29 01:38:38.645,12.99308,12.99551,0.00,0.00
2018.05.29 01:38:38.857,12.99308,12.99592,0.00,0.00
2018.05.29 01:38:39.895,12.99308,12.99591,0.00,0.00
2018.05.29 01:38:39.946,12.99278,12.99509,0.00,0.00
2018.05.29 01:38:40.449,12.99278,12.99502,0.00,0.00
2018.05.29 01:38:41.928,12.99269,12.99502,0.00,0.00
2018.05.29 01:38:41.979,12.99259,12.99502,0.00,0.00
2018.05.29 01:38:42.030,12.99249,12.99502,0.00,0.00
2018.05.29 01:38:42.081,12.99248,12.99499,0.00,0.00
2018.05.29 01:38:42.276,12.99239,12.99499,0.00,0.00
2018.05.29 01:38:43.003,12.99239,12.99498,0.00,0.00
2018.05.29 01:38:43.613,12.99239,12.99499,0.00,0.00
2018.05.29 01:38:44.803,12.99248,12.99499,0.00,0.00
2018.05.29 01:38:45.385,12.99259,12.99499,0.00,0.00
2018.05.29 01:38:46.059,12.99259,12.99498,0.00,0.00
2018.05.29 01:38:47.442,12.99259,12.99499,0.00,0.00
2018.05.29 01:38:47.956,12.99269,12.99499,0.00,0.00
2018.05.29 01:38:48.646,12.99268,12.99499,0.00,0.00
2018.05.29 01:38:49.023,12.99278,12.99499,0.00,0.00
2018.05.29 01:38:49.698,12.99279,12.99499,0.00,0.00
2018.05.29 01:38:50.453,12.99279,12.99498,0.00,0.00
2018.05.29 01:38:50.782,12.99288,12.99498,0.00,0.00
2018.05.29 01:38:51.696,12.99288,12.99488,0.00,0.00
2018.05.29 01:39:00.002,12.99289,12.99488,0.00,0.00
2018.05.29 01:39:00.307,12.99288,12.99448,0.00,0.00
2018.05.29 01:39:00.582,12.99288,12.99499,0.00,0.00
2018.05.29 01:39:01.143,12.99288,12.99498,0.00,0.00
2018.05.29 01:39:01.826,12.99288,12.99499,0.00,0.00
2018.05.29 01:39:02.155,12.99299,12.99499,0.00,0.00
2018.05.29 01:39:02.656,12.99299,12.99489,0.00,0.00
2018.05.29 01:39:03.389,12.99318,12.99509,0.00,0.00
2018.05.29 01:39:03.441,12.99348,12.99549,0.00,0.00
2018.05.29 01:39:03.493,12.99378,12.99549,0.00,0.00
2018.05.29 01:39:04.054,12.99389,12.99549,0.00,0.00
2018.05.29 01:39:04.156,12.99389,12.99588,0.00,0.00
2018.05.29 01:39:04.207,12.99369,12.99588,0.00,0.00
2018.05.29 01:39:05.832,12.99368,12.99588,0.00,0.00
2018.05.29 01:39:08.548,12.99389,12.99588,0.00,0.00
2018.05.29 01:39:08.937,12.99389,12.99591,0.00,0.00
2018.05.29 01:39:09.312,12.99419,12.99652,0.00,0.00
2018.05.29 01:39:09.363,12.99468,12.99652,0.00,0.00
2018.05.29 01:39:09.414,12.99468,12.99699,0.00,0.00
2018.05.29 01:39:10.121,12.99468,12.99689,0.00,0.00
2018.05.29 01:39:10.660,12.99469,12.99689,0.00,0.00
2018.05.29 01:39:10.988,12.99489,12.99689,0.00,0.00
2018.05.29 01:39:11.105,12.99489,12.99699,0.00,0.00
2018.05.29 01:39:11.695,12.99489,12.99772,0.00,0.00
2018.05.29 01:39:11.747,12.99568,12.99798,0.00,0.00
2018.05.29 01:39:12.114,12.99568,12.99789,0.00,0.00
2018.05.29 01:39:13.835,12.99578,12.99789,0.00,0.00
2018.05.29 01:39:14.344,12.99588,12.99789,0.00,0.00
2018.05.29 01:39:17.694,12.99588,12.99799,0.00,0.00
2018.05.29 01:39:22.646,12.99608,12.99799,0.00,0.00
2018.05.29 01:39:22.697,12.99578,12.99788,0.00,0.00
2018.05.29 01:39:24.412,12.99599,12.99788,0.00,0.00
2018.05.29 01:39:24.463,12.99599,12.99798,0.00,0.00
2018.05.29 01:39:27.325,12.99599,12.99799,0.00,0.00
2018.05.29 01:39:27.550,12.99579,12.99798,0.00,0.00
2018.05.29 01:39:27.601,12.99579,12.99788,0.00,0.00
2018.05.29 01:39:36.349,12.99578,12.99788,0.00,0.00
2018.05.29 01:39:41.335,12.99578,12.99799,0.00,0.00
2018.05.29 01:39:41.386,12.99599,12.99821,0.00,0.00
2018.05.29 01:39:41.544,12.99599,12.99819,0.00,0.00
2018.05.29 01:39:41.890,12.99599,12.99788,0.00,0.00
2018.05.29 01:39:42.194,12.99589,12.99688,0.00,0.00
2018.05.29 01:39:42.245,12.99508,12.99688,0.00,0.00
2018.05.29 01:39:42.296,12.99569,12.99688,0.00,0.00
2018.05.29 01:39:42.398,12.99538,12.99688,0.00,0.00
2018.05.29 01:39:42.449,12.99571,12.99688,0.00,0.00
2018.05.29 01:39:42.614,12.99538,12.99688,0.00,0.00
2018.05.29 01:39:42.665,12.99499,12.99688,0.00,0.00
2018.05.29 01:39:43.424,12.99499,12.99709,0.00,0.00
2018.05.29 01:39:46.008,12.99499,12.99718,0.00,0.00
2018.05.29 01:39:46.059,12.99571,12.99729,0.00,0.00
2018.05.29 01:39:46.401,12.99588,12.99729,0.00,0.00
2018.05.29 01:39:46.455,12.99588,12.99789,0.00,0.00
2018.05.29 01:39:59.872,12.99588,12.99809,0.00,0.00
2018.05.29 01:40:01.107,12.99609,12.99829,0.00,0.00
2018.05.29 01:40:01.321,12.99671,12.99911,0.00,0.00
2018.05.29 01:40:01.566,12.99671,12.99868,0.00,0.00
2018.05.29 01:40:01.910,12.99679,12.99868,0.00,0.00
2018.05.29 01:40:02.767,12.99679,12.99889,0.00,0.00
2018.05.29 01:40:02.877,12.99698,12.99889,0.00,0.00
2018.05.29 01:40:03.997,12.99698,12.99909,0.00,0.00
2018.05.29 01:40:05.221,12.99698,12.99919,0.00,0.00
2018.05.29 01:40:05.430,12.99771,13.00001,0.00,0.00
2018.05.29 01:40:05.552,12.99771,12.99988,0.00,0.00
2018.05.29 01:40:06.162,12.99779,12.99988,0.00,0.00
2018.05.29 01:40:07.262,12.99788,12.99988,0.00,0.00
2018.05.29 01:40:07.991,12.99799,12.99988,0.00,0.00
2018.05.29 01:40:08.259,12.99799,13.00008,0.00,0.00
2018.05.29 01:40:09.240,12.99799,13.00012,0.00,0.00
2018.05.29 01:40:09.292,12.99879,13.00062,0.00,0.00
2018.05.29 01:40:09.618,12.99898,13.00069,0.00,0.00
2018.05.29 01:40:09.843,12.99898,13.00109,0.00,0.00
2018.05.29 01:40:10.025,12.99879,13.00109,0.00,0.00
2018.05.29 01:40:10.075,12.99849,13.00012,0.00,0.00
2018.05.29 01:40:10.126,12.99809,13.00008,0.00,0.00
2018.05.29 01:40:10.938,12.99858,13.00072,0.00,0.00
2018.05.29 01:40:10.989,12.99889,13.00072,0.00,0.00
2018.05.29 01:40:11.040,12.99888,13.00089,0.00,0.00
2018.05.29 01:40:11.501,12.99888,13.00028,0.00,0.00
2018.05.29 01:40:11.552,12.99799,13.00022,0.00,0.00
2018.05.29 01:40:11.603,12.99713,13.00072,0.00,0.00
2018.05.29 01:40:11.654,12.99518,12.99628,0.00,0.00
2018.05.29 01:40:11.705,12.99409,12.99659,0.00,0.00
2018.05.29 01:40:11.756,12.99398,12.99589,0.00,0.00
2018.05.29 01:40:11.858,12.99409,12.99608,0.00,0.00
2018.05.29 01:40:11.959,12.99399,12.99608,0.00,0.00
2018.05.29 01:40:12.589,12.99399,12.99529,0.00,0.00
2018.05.29 01:40:12.641,12.99328,12.99528,0.00,0.00
2018.05.29 01:40:12.691,12.99328,12.99518,0.00,0.00
2018.05.29 01:40:12.921,12.99299,12.99518,0.00,0.00
2018.05.29 01:40:13.100,12.99279,12.99458,0.00,0.00
2018.05.29 01:40:13.202,12.99271,12.99459,0.00,0.00
2018.05.29 01:40:13.255,12.99258,12.99429,0.00,0.00
2018.05.29 01:40:13.306,12.99208,12.99429,0.00,0.00
2018.05.29 01:40:13.356,12.99199,12.99409,0.00,0.00
2018.05.29 01:40:13.407,12.99188,12.99409,0.00,0.00
2018.05.29 01:40:13.459,12.99179,12.99409,0.00,0.00
2018.05.29 01:40:13.510,12.99259,12.99418,0.00,0.00
2018.05.29 01:40:14.136,12.99259,12.99439,0.00,0.00
2018.05.29 01:40:14.701,12.99259,12.99438,0.00,0.00
2018.05.29 01:40:15.352,12.99259,12.99448,0.00,0.00
2018.05.29 01:40:16.260,12.99259,12.99449,0.00,0.00
2018.05.29 01:40:16.544,12.99259,12.99429,0.00,0.00
2018.05.29 01:40:16.595,12.99188,12.99428,0.00,0.00
2018.05.29 01:40:16.774,12.99188,12.99419,0.00,0.00
2018.05.29 01:40:17.305,12.99258,12.99448,0.00,0.00
2018.05.29 01:40:17.357,12.99188,12.99428,0.00,0.00
2018.05.29 01:40:17.474,12.99188,12.99419,0.00,0.00
2018.05.29 01:40:17.575,12.99178,12.99419,0.00,0.00
2018.05.29 01:40:18.163,12.99178,12.99409,0.00,0.00
2018.05.29 01:40:18.342,12.99182,12.99418,0.00,0.00
2018.05.29 01:40:18.863,12.99281,12.99469,0.00,0.00
2018.05.29 01:40:19.364,12.99281,12.99459,0.00,0.00
2018.05.29 01:40:19.878,12.99289,12.99469,0.00,0.00
2018.05.29 01:40:20.830,12.99281,12.99469,0.00,0.00
2018.05.29 01:40:20.881,12.99282,12.99458,0.00,0.00
2018.05.29 01:40:21.065,12.99248,12.99459,0.00,0.00
2018.05.29 01:40:23.830,12.99249,12.99459,0.00,0.00
2018.05.29 01:40:24.560,12.99228,12.99459,0.00,0.00
2018.05.29 01:40:25.124,12.99228,12.99458,0.00,0.00
2018.05.29 01:40:25.686,12.99228,12.99459,0.00,0.00
2018.05.29 01:40:27.976,12.99228,12.99479,0.00,0.00
2018.05.29 01:40:28.453,12.99248,12.99489,0.00,0.00
2018.05.29 01:40:33.832,12.99248,12.99488,0.00,0.00
2018.05.29 01:40:36.453,12.99239,12.99488,0.00,0.00
2018.05.29 01:40:36.504,12.99239,12.99499,0.00,0.00
2018.05.29 01:40:37.815,12.99239,12.99488,0.00,0.00
2018.05.29 01:40:38.353,12.99238,12.99488,0.00,0.00
2018.05.29 01:40:41.109,12.99239,12.99488,0.00,0.00
2018.05.29 01:40:41.436,12.99278,12.99519,0.00,0.00
2018.05.29 01:40:41.487,12.99278,12.99529,0.00,0.00
2018.05.29 01:40:45.367,12.99289,12.99529,0.00,0.00
2018.05.29 01:40:46.783,12.99289,12.99558,0.00,0.00
2018.05.29 01:40:46.834,12.99309,12.99559,0.00,0.00
2018.05.29 01:40:47.677,12.99328,12.99568,0.00,0.00
2018.05.29 01:40:48.287,12.99328,12.99569,0.00,0.00
2018.05.29 01:40:48.353,12.99328,12.99579,0.00,0.00
2018.05.29 01:40:49.262,12.99328,12.99569,0.00,0.00
2018.05.29 01:40:49.788,12.99329,12.99578,0.00,0.00
2018.05.29 01:40:49.839,12.99339,12.99578,0.00,0.00
2018.05.29 01:40:50.046,12.99329,12.99578,0.00,0.00
2018.05.29 01:40:51.400,12.99308,12.99559,0.00,0.00
2018.05.29 01:40:52.631,12.99308,12.99558,0.00,0.00
2018.05.29 01:40:53.733,12.99308,12.99559,0.00,0.00
2018.05.29 01:40:54.376,12.99308,12.99529,0.00,0.00
2018.05.29 01:40:54.542,12.99309,12.99559,0.00,0.00
2018.05.29 01:40:55.414,12.99319,12.99559,0.00,0.00
2018.05.29 01:40:55.946,12.99319,12.99519,0.00,0.00
2018.05.29 01:40:55.997,12.99308,12.99519,0.00,0.00
2018.05.29 01:40:56.127,12.99308,12.99529,0.00,0.00
2018.05.29 01:40:56.228,12.99309,12.99558,0.00,0.00
2018.05.29 01:40:58.121,12.99328,12.99558,0.00,0.00
2018.05.29 01:40:58.172,12.99328,12.99568,0.00,0.00
2018.05.29 01:40:58.327,12.99328,12.99558,0.00,0.00
2018.05.29 01:40:58.780,12.99338,12.99559,0.00,0.00
2018.05.29 01:40:58.831,12.99338,12.99568,0.00,0.00
2018.05.29 01:40:59.350,12.99338,12.99569,0.00,0.00
2018.05.29 01:40:59.401,12.99338,12.99579,0.00,0.00
2018.05.29 01:40:59.452,12.99329,12.99579,0.00,0.00
2018.05.29 01:41:00.077,12.99329,12.99578,0.00,0.00
2018.05.29 01:41:00.154,12.99349,12.99578,0.00,0.00
2018.05.29 01:41:00.255,12.99359,12.99589,0.00,0.00
2018.05.29 01:41:00.548,12.99368,12.99589,0.00,0.00
2018.05.29 01:41:01.140,12.99388,12.99589,0.00,0.00
2018.05.29 01:41:01.191,12.99358,12.99598,0.00,0.00
2018.05.29 01:41:01.292,12.99358,12.99579,0.00,0.00
2018.05.29 01:41:01.444,12.99529,12.99778,0.00,0.00
2018.05.29 01:41:01.625,12.99548,12.99779,0.00,0.00
2018.05.29 01:41:02.608,12.99548,12.99789,0.00,0.00
2018.05.29 01:41:04.178,12.99549,12.99788,0.00,0.00
2018.05.29 01:41:06.183,12.99549,12.99789,0.00,0.00
2018.05.29 01:41:07.284,12.99559,12.99789,0.00,0.00
2018.05.29 01:41:08.271,12.99559,12.99788,0.00,0.00
2018.05.29 01:41:09.206,12.99568,12.99788,0.00,0.00
2018.05.29 01:41:09.541,12.99559,12.99779,0.00,0.00
2018.05.29 01:41:10.481,12.99518,12.99762,0.00,0.00
2018.05.29 01:41:10.990,12.99528,12.99762,0.00,0.00
2018.05.29 01:41:11.142,12.99528,12.99772,0.00,0.00
2018.05.29 01:41:11.405,12.99529,12.99778,0.00,0.00
2018.05.29 01:41:11.456,12.99598,12.99812,0.00,0.00
2018.05.29 01:41:11.607,12.99558,12.99781,0.00,0.00
2018.05.29 01:41:11.658,12.99548,12.99781,0.00,0.00
2018.05.29 01:41:11.709,12.99538,12.99781,0.00,0.00
2018.05.29 01:41:15.567,12.99589,12.99791,0.00,0.00
2018.05.29 01:41:15.618,12.99589,12.99812,0.00,0.00
2018.05.29 01:41:15.669,12.99598,12.99812,0.00,0.00
2018.05.29 01:41:15.775,12.99598,12.99829,0.00,0.00
2018.05.29 01:41:15.826,12.99608,12.99828,0.00,0.00
2018.05.29 01:41:15.929,12.99608,12.99842,0.00,0.00
2018.05.29 01:41:16.233,12.99609,12.99822,0.00,0.00
2018.05.29 01:41:16.640,12.99609,12.99828,0.00,0.00
2018.05.29 01:41:16.730,12.99609,12.99841,0.00,0.00
2018.05.29 01:41:17.314,12.99618,12.99862,0.00,0.00
2018.05.29 01:41:18.624,12.99629,12.99862,0.00,0.00
2018.05.29 01:41:19.150,12.99609,12.99828,0.00,0.00
2018.05.29 01:41:19.784,12.99609,12.99831,0.00,0.00
2018.05.29 01:41:19.835,12.99608,12.99842,0.00,0.00
2018.05.29 01:41:20.505,12.99618,12.99862,0.00,0.00
2018.05.29 01:41:21.842,12.99618,12.99842,0.00,0.00
2018.05.29 01:41:22.022,12.99618,12.99862,0.00,0.00
2018.05.29 01:41:22.171,12.99628,12.99862,0.00,0.00
2018.05.29 01:41:22.491,12.99648,12.99862,0.00,0.00
2018.05.29 01:41:22.964,12.99648,12.99871,0.00,0.00
2018.05.29 01:41:23.622,12.99648,12.99882,0.00,0.00
2018.05.29 01:41:23.724,12.99659,12.99882,0.00,0.00
2018.05.29 01:41:24.102,12.99669,12.99882,0.00,0.00
2018.05.29 01:41:26.486,12.99658,12.99882,0.00,0.00
2018.05.29 01:41:28.014,12.99669,12.99882,0.00,0.00
2018.05.29 01:41:28.173,12.99638,12.99881,0.00,0.00
2018.05.29 01:41:28.224,12.99638,12.99872,0.00,0.00
2018.05.29 01:41:28.724,12.99638,12.99859,0.00,0.00
2018.05.29 01:41:28.976,12.99639,12.99872,0.00,0.00
2018.05.29 01:41:29.586,12.99618,12.99828,0.00,0.00
2018.05.29 01:41:29.654,12.99618,12.99832,0.00,0.00
2018.05.29 01:41:30.361,12.99608,12.99831,0.00,0.00
2018.05.29 01:41:30.491,12.99608,12.99822,0.00,0.00
2018.05.29 01:41:30.881,12.99569,12.99819,0.00,0.00
2018.05.29 01:41:30.982,12.99549,12.99789,0.00,0.00
2018.05.29 01:41:31.033,12.99539,12.99789,0.00,0.00
2018.05.29 01:41:31.645,12.99539,12.99788,0.00,0.00
2018.05.29 01:41:31.781,12.99548,12.99788,0.00,0.00
2018.05.29 01:41:31.832,12.99528,12.99778,0.00,0.00
2018.05.29 01:41:31.933,12.99529,12.99769,0.00,0.00
2018.05.29 01:41:34.422,12.99508,12.99718,0.00,0.00
2018.05.29 01:41:34.597,12.99508,12.99752,0.00,0.00
2018.05.29 01:41:36.303,12.99508,12.99728,0.00,0.00
2018.05.29 01:41:36.681,12.99508,12.99719,0.00,0.00
2018.05.29 01:41:36.983,12.99508,12.99729,0.00,0.00
2018.05.29 01:41:37.034,12.99519,12.99721,0.00,0.00
2018.05.29 01:41:37.244,12.99498,12.99719,0.00,0.00
2018.05.29 01:41:37.324,12.99498,12.99729,0.00,0.00
2018.05.29 01:41:37.446,12.99489,12.99729,0.00,0.00
2018.05.29 01:41:37.502,12.99498,12.99729,0.00,0.00
2018.05.29 01:41:37.832,12.99469,12.99719,0.00,0.00
2018.05.29 01:41:38.231,12.99469,12.99712,0.00,0.00
2018.05.29 01:41:39.798,12.99469,12.99711,0.00,0.00
2018.05.29 01:41:40.316,12.99468,12.99709,0.00,0.00
2018.05.29 01:41:42.212,12.99468,12.99708,0.00,0.00
2018.05.29 01:41:43.875,12.99468,12.99691,0.00,0.00
2018.05.29 01:41:44.175,12.99458,12.99691,0.00,0.00
2018.05.29 01:41:44.498,12.99449,12.99691,0.00,0.00
2018.05.29 01:41:44.549,12.99449,12.99672,0.00,0.00
2018.05.29 01:41:44.600,12.99438,12.99672,0.00,0.00
2018.05.29 01:41:46.206,12.99438,12.99671,0.00,0.00
2018.05.29 01:41:46.257,12.99409,12.99629,0.00,0.00
2018.05.29 01:41:46.358,12.99399,12.99621,0.00,0.00
2018.05.29 01:41:46.644,12.99408,12.99651,0.00,0.00
2018.05.29 01:41:47.247,12.99419,12.99669,0.00,0.00
2018.05.29 01:41:47.299,12.99419,12.99672,0.00,0.00
2018.05.29 01:41:47.350,12.99439,12.99672,0.00,0.00
2018.05.29 01:41:48.401,12.99448,12.99682,0.00,0.00
2018.05.29 01:41:50.323,12.99449,12.99652,0.00,0.00
2018.05.29 01:41:51.039,12.99449,12.99628,0.00,0.00
2018.05.29 01:41:51.157,12.99449,12.99652,0.00,0.00
2018.05.29 01:41:51.208,12.99458,12.99652,0.00,0.00
2018.05.29 01:41:51.259,12.99448,12.99652,0.00,0.00
2018.05.29 01:41:51.855,12.99459,12.99652,0.00,0.00
2018.05.29 01:41:51.906,12.99449,12.99682,0.00,0.00
2018.05.29 01:41:52.027,12.99459,12.99682,0.00,0.00
2018.05.29 01:41:53.080,12.99459,12.99649,0.00,0.00
2018.05.29 01:41:53.131,12.99438,12.99641,0.00,0.00
2018.05.29 01:41:53.182,12.99438,12.99649,0.00,0.00
2018.05.29 01:41:53.531,12.99438,12.99672,0.00,0.00
2018.05.29 01:41:54.106,12.99418,12.99671,0.00,0.00
2018.05.29 01:41:54.913,12.99419,12.99671,0.00,0.00
2018.05.29 01:41:55.237,12.99438,12.99671,0.00,0.00
2018.05.29 01:42:00.158,12.99438,12.99672,0.00,0.00
2018.05.29 01:42:00.512,12.99448,12.99672,0.00,0.00
2018.05.29 01:42:07.784,12.99448,12.99682,0.00,0.00
2018.05.29 01:42:07.835,12.99478,12.99682,0.00,0.00
2018.05.29 01:42:07.896,12.99448,12.99682,0.00,0.00
2018.05.29 01:42:08.259,12.99478,12.99682,0.00,0.00
2018.05.29 01:42:09.301,12.99458,12.99682,0.00,0.00
2018.05.29 01:42:09.352,12.99449,12.99682,0.00,0.00
2018.05.29 01:42:10.133,12.99448,12.99682,0.00,0.00
2018.05.29 01:42:10.294,12.99479,12.99682,0.00,0.00
2018.05.29 01:42:10.405,12.99449,12.99682,0.00,0.00
2018.05.29 01:42:11.643,12.99479,12.99682,0.00,0.00
2018.05.29 01:42:15.362,12.99479,12.99678,0.00,0.00
2018.05.29 01:42:15.416,12.99449,12.99678,0.00,0.00
2018.05.29 01:42:16.073,12.99448,12.99678,0.00,0.00
2018.05.29 01:42:16.732,12.99448,12.99679,0.00,0.00
2018.05.29 01:42:18.454,12.99448,12.99682,0.00,0.00
2018.05.29 01:42:18.505,12.99468,12.99711,0.00,0.00
2018.05.29 01:42:18.558,12.99508,12.99712,0.00,0.00
2018.05.29 01:42:18.815,12.99508,12.99718,0.00,0.00
2018.05.29 01:42:19.919,12.99508,12.99752,0.00,0.00
2018.05.29 01:42:20.545,12.99529,12.99769,0.00,0.00
2018.05.29 01:42:20.925,12.99539,12.99769,0.00,0.00
2018.05.29 01:42:21.155,12.99539,12.99788,0.00,0.00
2018.05.29 01:42:21.660,12.99548,12.99788,0.00,0.00
2018.05.29 01:42:21.710,12.99529,12.99772,0.00,0.00
2018.05.29 01:42:21.761,12.99518,12.99772,0.00,0.00
2018.05.29 01:42:22.782,12.99529,12.99772,0.00,0.00
2018.05.29 01:42:23.389,12.99528,12.99772,0.00,0.00
2018.05.29 01:42:23.707,12.99531,12.99772,0.00,0.00
2018.05.29 01:42:24.052,12.99639,12.99859,0.00,0.00
2018.05.29 01:42:24.103,12.99628,12.99859,0.00,0.00
2018.05.29 01:42:24.936,12.99628,12.99872,0.00,0.00
2018.05.29 01:42:27.343,12.99628,12.99868,0.00,0.00
2018.05.29 01:42:27.729,12.99638,12.99868,0.00,0.00
2018.05.29 01:42:28.265,12.99628,12.99868,0.00,0.00
2018.05.29 01:42:28.316,12.99628,12.99872,0.00,0.00
2018.05.29 01:42:29.107,12.99628,12.99881,0.00,0.00
2018.05.29 01:42:29.406,12.99648,12.99881,0.00,0.00
2018.05.29 01:42:29.997,12.99648,12.99879,0.00,0.00
2018.05.29 01:42:30.049,12.99638,12.99879,0.00,0.00
2018.05.29 01:42:31.082,12.99619,12.99862,0.00,0.00
2018.05.29 01:42:31.133,12.99629,12.99862,0.00,0.00
2018.05.29 01:42:31.588,12.99629,12.99828,0.00,0.00
2018.05.29 01:42:31.639,12.99589,12.99822,0.00,0.00
2018.05.29 01:42:31.690,12.99559,12.99822,0.00,0.00
2018.05.29 01:42:31.741,12.99559,12.99792,0.00,0.00
2018.05.29 01:42:31.810,12.99538,12.99792,0.00,0.00
2018.05.29 01:42:32.483,12.99538,12.99789,0.00,0.00
2018.05.29 01:42:34.605,12.99538,12.99802,0.00,0.00
2018.05.29 01:42:34.751,12.99599,12.99802,0.00,0.00
2018.05.29 01:42:34.802,12.99559,12.99802,0.00,0.00
2018.05.29 01:42:34.853,12.99538,12.99802,0.00,0.00
2018.05.29 01:42:34.904,12.99548,12.99778,0.00,0.00
2018.05.29 01:42:35.824,12.99548,12.99779,0.00,0.00
2018.05.29 01:42:36.823,12.99548,12.99789,0.00,0.00
2018.05.29 01:42:42.223,12.99549,12.99789,0.00,0.00
2018.05.29 01:42:42.274,12.99538,12.99789,0.00,0.00
2018.05.29 01:42:42.533,12.99548,12.99789,0.00,0.00
2018.05.29 01:42:43.086,12.99539,12.99742,0.00,0.00
2018.05.29 01:42:43.187,12.99528,12.99742,0.00,0.00
2018.05.29 01:42:43.274,12.99508,12.99742,0.00,0.00
2018.05.29 01:42:43.625,12.99499,12.99722,0.00,0.00
2018.05.29 01:42:44.021,12.99508,12.99718,0.00,0.00
2018.05.29 01:42:44.194,12.99499,12.99721,0.00,0.00
2018.05.29 01:42:44.245,12.99499,12.99719,0.00,0.00
2018.05.29 01:42:45.233,12.99508,12.99719,0.00,0.00
2018.05.29 01:42:45.371,12.99508,12.99721,0.00,0.00
2018.05.29 01:42:46.057,12.99498,12.99719,0.00,0.00
2018.05.29 01:42:46.361,12.99498,12.99729,0.00,0.00
2018.05.29 01:42:47.289,12.99479,12.99711,0.00,0.00
2018.05.29 01:42:47.340,12.99458,12.99678,0.00,0.00
2018.05.29 01:42:47.391,12.99438,12.99659,0.00,0.00
2018.05.29 01:42:47.590,12.99409,12.99659,0.00,0.00
2018.05.29 01:42:47.815,12.99428,12.99679,0.00,0.00
2018.05.29 01:42:48.869,12.99428,12.99681,0.00,0.00
2018.05.29 01:42:48.967,12.99458,12.99681,0.00,0.00
2018.05.29 01:42:49.068,12.99409,12.99652,0.00,0.00
2018.05.29 01:42:49.976,12.99418,12.99668,0.00,0.00
2018.05.29 01:42:50.579,12.99418,12.99669,0.00,0.00
2018.05.29 01:42:51.358,12.99429,12.99669,0.00,0.00
2018.05.29 01:42:51.409,12.99428,12.99672,0.00,0.00
2018.05.29 01:42:51.511,12.99429,12.99679,0.00,0.00
2018.05.29 01:42:52.564,12.99429,12.99681,0.00,0.00
2018.05.29 01:42:54.024,12.99429,12.99628,0.00,0.00
2018.05.29 01:42:54.075,12.99388,12.99611,0.00,0.00
2018.05.29 01:42:54.126,12.99389,12.99602,0.00,0.00
2018.05.29 01:42:54.177,12.99389,12.99609,0.00,0.00
2018.05.29 01:42:54.229,12.99389,12.99612,0.00,0.00
2018.05.29 01:42:55.779,12.99389,12.99592,0.00,0.00
2018.05.29 01:42:55.976,12.99379,12.99591,0.00,0.00
2018.05.29 01:42:56.419,12.99379,12.99589,0.00,0.00
2018.05.29 01:42:56.893,12.99379,12.99582,0.00,0.00
2018.05.29 01:43:00.155,12.99369,12.99582,0.00,0.00
2018.05.29 01:43:00.731,12.99378,12.99582,0.00,0.00
2018.05.29 01:43:05.096,12.99368,12.99582,0.00,0.00
2018.05.29 01:43:11.809,12.99379,12.99582,0.00,0.00
2018.05.29 01:43:15.563,12.99379,12.99591,0.00,0.00
2018.05.29 01:43:26.484,12.99398,12.99601,0.00,0.00
2018.05.29 01:43:26.806,12.99408,12.99662,0.00,0.00
2018.05.29 01:43:26.907,12.99448,12.99662,0.00,0.00
2018.05.29 01:43:27.246,12.99468,12.99681,0.00,0.00
2018.05.29 01:43:34.219,12.99468,12.99691,0.00,0.00
2018.05.29 01:43:38.898,12.99459,12.99691,0.00,0.00
2018.05.29 01:43:39.530,12.99458,12.99691,0.00,0.00
2018.05.29 01:43:39.581,12.99458,12.99688,0.00,0.00
2018.05.29 01:43:39.884,12.99458,12.99672,0.00,0.00
2018.05.29 01:43:40.369,12.99468,12.99672,0.00,0.00
2018.05.29 01:43:40.935,12.99458,12.99652,0.00,0.00
2018.05.29 01:43:40.986,12.99449,12.99652,0.00,0.00
2018.05.29 01:43:42.348,12.99449,12.99631,0.00,0.00
2018.05.29 01:43:43.444,12.99419,12.99631,0.00,0.00
2018.05.29 01:43:44.874,12.99429,12.99631,0.00,0.00
2018.05.29 01:43:47.626,12.99429,12.99662,0.00,0.00
2018.05.29 01:43:47.798,12.99418,12.99662,0.00,0.00
2018.05.29 01:43:47.981,12.99428,12.99662,0.00,0.00
2018.05.29 01:43:48.572,12.99458,12.99672,0.00,0.00
2018.05.29 01:43:51.335,12.99468,12.99672,0.00,0.00
2018.05.29 01:43:51.537,12.99459,12.99671,0.00,0.00
2018.05.29 01:43:51.588,12.99449,12.99671,0.00,0.00
2018.05.29 01:43:51.639,12.99459,12.99671,0.00,0.00
2018.05.29 01:43:51.690,12.99449,12.99671,0.00,0.00
2018.05.29 01:43:52.187,12.99449,12.99642,0.00,0.00
2018.05.29 01:43:52.289,12.99449,12.99661,0.00,0.00
2018.05.29 01:43:52.911,12.99449,12.99641,0.00,0.00
2018.05.29 01:43:53.775,12.99449,12.99632,0.00,0.00
2018.05.29 01:43:53.827,12.99428,12.99619,0.00,0.00
2018.05.29 01:43:53.878,12.99378,12.99602,0.00,0.00
2018.05.29 01:43:55.371,12.99378,12.99582,0.00,0.00
2018.05.29 01:43:55.702,12.99368,12.99582,0.00,0.00
2018.05.29 01:43:59.236,12.99378,12.99582,0.00,0.00
2018.05.29 01:44:00.882,12.99388,12.99582,0.00,0.00
2018.05.29 01:44:03.522,12.99388,12.99601,0.00,0.00
2018.05.29 01:44:18.120,12.99389,12.99601,0.00,0.00
2018.05.29 01:44:23.637,12.99389,12.99602,0.00,0.00
2018.05.29 01:44:23.748,12.99389,12.99582,0.00,0.00
2018.05.29 01:44:23.799,12.99378,12.99582,0.00,0.00
2018.05.29 01:44:28.679,12.99378,12.99592,0.00,0.00
2018.05.29 01:44:33.323,12.99399,12.99592,0.00,0.00
2018.05.29 01:44:35.792,12.99378,12.99592,0.00,0.00
2018.05.29 01:44:35.927,12.99368,12.99589,0.00,0.00
2018.05.29 01:44:38.896,12.99368,12.99572,0.00,0.00
2018.05.29 01:44:39.215,12.99368,12.99582,0.00,0.00
2018.05.29 01:44:39.266,12.99398,12.99582,0.00,0.00
2018.05.29 01:44:39.427,12.99398,12.99591,0.00,0.00
2018.05.29 01:44:40.212,12.99399,12.99591,0.00,0.00
2018.05.29 01:44:48.374,12.99399,12.99602,0.00,0.00
2018.05.29 01:44:51.633,12.99389,12.99618,0.00,0.00
2018.05.29 01:44:51.685,12.99418,12.99618,0.00,0.00
2018.05.29 01:44:51.888,12.99389,12.99619,0.00,0.00
2018.05.29 01:44:52.072,12.99438,12.99622,0.00,0.00
2018.05.29 01:44:52.123,12.99409,12.99619,0.00,0.00
2018.05.29 01:44:52.174,12.99368,12.99601,0.00,0.00
2018.05.29 01:44:52.724,12.99379,12.99601,0.00,0.00
2018.05.29 01:44:52.774,12.99408,12.99642,0.00,0.00
2018.05.29 01:44:52.825,12.99429,12.99642,0.00,0.00
2018.05.29 01:44:53.077,12.99399,12.99618,0.00,0.00
2018.05.29 01:44:53.178,12.99379,12.99591,0.00,0.00
2018.05.29 01:44:54.911,12.99388,12.99591,0.00,0.00
2018.05.29 01:44:54.963,12.99388,12.99609,0.00,0.00
2018.05.29 01:44:55.097,12.99388,12.99612,0.00,0.00
2018.05.29 01:44:55.238,12.99398,12.99618,0.00,0.00
2018.05.29 01:44:55.553,12.99439,12.99642,0.00,0.00
2018.05.29 01:45:00.404,12.99448,12.99642,0.00,0.00
2018.05.29 01:45:01.334,12.99448,12.99671,0.00,0.00
2018.05.29 01:45:01.417,12.99468,12.99671,0.00,0.00
2018.05.29 01:45:01.470,12.99468,12.99681,0.00,0.00
2018.05.29 01:45:02.363,12.99479,12.99681,0.00,0.00
2018.05.29 01:45:05.423,12.99469,12.99681,0.00,0.00
2018.05.29 01:45:07.568,12.99448,12.99641,0.00,0.00
2018.05.29 01:45:07.637,12.99448,12.99672,0.00,0.00
2018.05.29 01:45:07.688,12.99468,12.99672,0.00,0.00
2018.05.29 01:45:13.487,12.99478,12.99672,0.00,0.00
2018.05.29 01:45:13.588,12.99448,12.99671,0.00,0.00
2018.05.29 01:45:18.162,12.99479,12.99671,0.00,0.00
2018.05.29 01:45:18.213,12.99459,12.99671,0.00,0.00
2018.05.29 01:45:18.535,12.99468,12.99681,0.00,0.00
2018.05.29 01:45:18.659,12.99489,12.99681,0.00,0.00
2018.05.29 01:45:18.710,12.99478,12.99681,0.00,0.00
2018.05.29 01:45:20.862,12.99478,12.99682,0.00,0.00
2018.05.29 01:45:23.157,12.99458,12.99661,0.00,0.00
2018.05.29 01:45:23.649,12.99478,12.99671,0.00,0.00
2018.05.29 01:45:23.700,12.99478,12.99682,0.00,0.00
2018.05.29 01:45:24.182,12.99488,12.99682,0.00,0.00
2018.05.29 01:45:24.233,12.99488,12.99692,0.00,0.00
2018.05.29 01:45:25.971,12.99488,12.99691,0.00,0.00
2018.05.29 01:45:26.219,12.99479,12.99691,0.00,0.00
2018.05.29 01:45:26.270,12.99498,12.99728,0.00,0.00
2018.05.29 01:45:26.400,12.99539,12.99729,0.00,0.00
2018.05.29 01:45:26.939,12.99539,12.99721,0.00,0.00
2018.05.29 01:45:27.321,12.99539,12.99718,0.00,0.00
2018.05.29 01:45:27.512,12.99539,12.99721,0.00,0.00
2018.05.29 01:45:27.563,12.99539,12.99728,0.00,0.00
2018.05.29 01:45:28.954,12.99558,12.99728,0.00,0.00
2018.05.29 01:45:29.005,12.99558,12.99742,0.00,0.00
2018.05.29 01:45:30.448,12.99558,12.99721,0.00,0.00
2018.05.29 01:45:32.489,12.99558,12.99768,0.00,0.00
2018.05.29 01:45:32.759,12.99578,12.99768,0.00,0.00
2018.05.29 01:45:32.860,12.99539,12.99742,0.00,0.00
2018.05.29 01:45:33.937,12.99539,12.99728,0.00,0.00
2018.05.29 01:45:34.039,12.99488,12.99689,0.00,0.00
2018.05.29 01:45:34.090,12.99469,12.99689,0.00,0.00
2018.05.29 01:45:35.962,12.99469,12.99688,0.00,0.00
2018.05.29 01:45:38.011,12.99519,12.99742,0.00,0.00
2018.05.29 01:45:38.113,12.99539,12.99742,0.00,0.00
2018.05.29 01:45:41.251,12.99558,12.99761,0.00,0.00
2018.05.29 01:45:41.302,12.99558,12.99772,0.00,0.00
2018.05.29 01:45:41.353,12.99569,12.99772,0.00,0.00
2018.05.29 01:45:43.723,12.99579,12.99749,0.00,0.00
2018.05.29 01:45:43.774,12.99558,12.99749,0.00,0.00
2018.05.29 01:45:43.825,12.99558,12.99772,0.00,0.00
2018.05.29 01:45:43.876,12.99548,12.99769,0.00,0.00
2018.05.29 01:45:43.927,12.99559,12.99768,0.00,0.00
2018.05.29 01:45:44.336,12.99559,12.99741,0.00,0.00
2018.05.29 01:45:44.523,12.99559,12.99761,0.00,0.00
2018.05.29 01:45:45.207,12.99559,12.99738,0.00,0.00
2018.05.29 01:45:46.101,12.99559,12.99741,0.00,0.00
2018.05.29 01:45:50.922,12.99548,12.99762,0.00,0.00
2018.05.29 01:45:50.973,12.99559,12.99742,0.00,0.00
2018.05.29 01:45:51.024,12.99549,12.99742,0.00,0.00
2018.05.29 01:45:52.384,12.99549,12.99721,0.00,0.00
2018.05.29 01:45:55.034,12.99549,12.99742,0.00,0.00
2018.05.29 01:45:55.135,12.99549,12.99762,0.00,0.00
2018.05.29 01:45:55.965,12.99549,12.99729,0.00,0.00
2018.05.29 01:45:56.375,12.99549,12.99721,0.00,0.00
2018.05.29 01:45:58.550,12.99549,12.99762,0.00,0.00
2018.05.29 01:46:00.798,12.99549,12.99739,0.00,0.00
2018.05.29 01:46:01.385,12.99548,12.99739,0.00,0.00
2018.05.29 01:46:02.094,12.99548,12.99741,0.00,0.00
2018.05.29 01:46:02.690,12.99548,12.99762,0.00,0.00
2018.05.29 01:46:02.846,12.99548,12.99742,0.00,0.00
2018.05.29 01:46:03.228,12.99548,12.99729,0.00,0.00
2018.05.29 01:46:03.279,12.99539,12.99721,0.00,0.00
2018.05.29 01:46:03.474,12.99539,12.99729,0.00,0.00
2018.05.29 01:46:03.525,12.99539,12.99721,0.00,0.00
2018.05.29 01:46:03.576,12.99539,12.99729,0.00,0.00
2018.05.29 01:46:03.840,12.99539,12.99742,0.00,0.00
2018.05.29 01:46:04.603,12.99539,12.99722,0.00,0.00
2018.05.29 01:46:05.353,12.99539,12.99742,0.00,0.00
2018.05.29 01:46:05.597,12.99539,12.99738,0.00,0.00
2018.05.29 01:46:06.062,12.99539,12.99721,0.00,0.00
2018.05.29 01:46:08.759,12.99539,12.99742,0.00,0.00
2018.05.29 01:46:09.097,12.99539,12.99722,0.00,0.00
2018.05.29 01:46:11.782,12.99539,12.99741,0.00,0.00
2018.05.29 01:46:14.828,12.99549,12.99762,0.00,0.00
2018.05.29 01:46:15.030,12.99539,12.99762,0.00,0.00
2018.05.29 01:46:15.740,12.99548,12.99762,0.00,0.00
2018.05.29 01:46:17.910,12.99548,12.99761,0.00,0.00
2018.05.29 01:46:18.806,12.99548,12.99762,0.00,0.00
2018.05.29 01:46:20.034,12.99579,12.99769,0.00,0.00
2018.05.29 01:46:20.561,12.99579,12.99771,0.00,0.00
2018.05.29 01:46:20.852,12.99549,12.99751,0.00,0.00
2018.05.29 01:46:20.966,12.99539,12.99712,0.00,0.00
2018.05.29 01:46:29.310,12.99738,12.99888,0.00,0.00
2018.05.29 01:46:29.513,12.99738,12.99979,0.00,0.00
2018.05.29 01:46:29.592,12.99738,12.99968,0.00,0.00
2018.05.29 01:46:30.243,12.99738,12.99969,0.00,0.00
2018.05.29 01:46:32.236,12.99738,12.99919,0.00,0.00
2018.05.29 01:46:32.937,12.99738,12.99918,0.00,0.00
2018.05.29 01:46:33.585,12.99738,12.99919,0.00,0.00
2018.05.29 01:46:33.735,12.99738,12.99929,0.00,0.00
2018.05.29 01:46:39.049,12.99738,12.99919,0.00,0.00
2018.05.29 01:46:39.153,12.99738,12.99929,0.00,0.00
2018.05.29 01:46:39.685,12.99738,12.99951,0.00,0.00
2018.05.29 01:46:39.878,12.99718,12.99951,0.00,0.00
2018.05.29 01:46:39.979,12.99728,12.99968,0.00,0.00
2018.05.29 01:46:41.332,12.99739,12.99968,0.00,0.00
2018.05.29 01:46:41.383,12.99739,12.99972,0.00,0.00
2018.05.29 01:46:41.803,12.99808,12.99972,0.00,0.00
2018.05.29 01:46:41.854,12.99808,13.00022,0.00,0.00
2018.05.29 01:46:41.955,12.99789,13.00022,0.00,0.00
2018.05.29 01:46:46.154,12.99789,13.00028,0.00,0.00
2018.05.29 01:46:47.975,12.99808,13.00028,0.00,0.00
2018.05.29 01:46:48.502,12.99828,13.00079,0.00,0.00
2018.05.29 01:46:48.718,12.99839,13.00079,0.00,0.00
2018.05.29 01:46:49.278,12.99849,13.00082,0.00,0.00
2018.05.29 01:46:49.936,12.99848,13.00082,0.00,0.00
2018.05.29 01:46:53.751,12.99839,13.00082,0.00,0.00
2018.05.29 01:46:54.052,12.99829,13.00082,0.00,0.00
2018.05.29 01:46:54.103,12.99808,13.00051,0.00,0.00
2018.05.29 01:46:54.893,12.99809,13.00051,0.00,0.00
2018.05.29 01:46:56.601,12.99789,13.00028,0.00,0.00
2018.05.29 01:46:56.929,12.99749,12.99988,0.00,0.00
2018.05.29 01:46:56.980,12.99729,12.99989,0.00,0.00
2018.05.29 01:46:57.031,12.99739,12.99989,0.00,0.00
2018.05.29 01:46:57.083,12.99759,13.00019,0.00,0.00
2018.05.29 01:46:57.134,12.99738,13.00009,0.00,0.00
2018.05.29 01:46:57.185,12.99739,12.99998,0.00,0.00
2018.05.29 01:46:57.286,12.99718,12.99981,0.00,0.00
2018.05.29 01:46:57.453,12.99748,13.00002,0.00,0.00
2018.05.29 01:46:57.864,12.99738,12.99992,0.00,0.00
2018.05.29 01:46:57.976,12.99729,12.99992,0.00,0.00
2018.05.29 01:46:58.027,12.99708,12.99979,0.00,0.00
2018.05.29 01:46:58.078,12.99718,12.99979,0.00,0.00
2018.05.29 01:46:58.459,12.99738,12.99988,0.00,0.00
2018.05.29 01:46:58.510,12.99728,12.99988,0.00,0.00
2018.05.29 01:46:58.648,12.99749,12.99988,0.00,0.00
2018.05.29 01:46:58.699,12.99739,12.99988,0.00,0.00
2018.05.29 01:46:59.291,12.99728,12.99988,0.00,0.00
2018.05.29 01:46:59.342,12.99739,12.99988,0.00,0.00
2018.05.29 01:46:59.667,12.99748,12.99978,0.00,0.00
2018.05.29 01:47:00.161,12.99748,12.99951,0.00,0.00
2018.05.29 01:47:03.446,12.99729,12.99951,0.00,0.00
2018.05.29 01:47:08.315,12.99728,12.99951,0.00,0.00
2018.05.29 01:47:12.816,12.99738,12.99951,0.00,0.00
2018.05.29 01:47:15.324,12.99738,12.99961,0.00,0.00
2018.05.29 01:47:16.840,12.99728,12.99961,0.00,0.00
2018.05.29 01:47:18.327,12.99728,12.99919,0.00,0.00
2018.05.29 01:47:18.384,12.99699,12.99902,0.00,0.00
2018.05.29 01:47:18.435,12.99699,12.99921,0.00,0.00
2018.05.29 01:47:20.993,12.99699,12.99902,0.00,0.00
2018.05.29 01:47:21.468,12.99708,12.99962,0.00,0.00
2018.05.29 01:47:21.518,12.99719,12.99962,0.00,0.00
2018.05.29 01:47:22.061,12.99729,12.99962,0.00,0.00
2018.05.29 01:47:22.742,12.99728,12.99962,0.00,0.00
2018.05.29 01:47:24.234,12.99739,12.99971,0.00,0.00
2018.05.29 01:47:25.815,12.99748,12.99971,0.00,0.00
2018.05.29 01:47:25.866,12.99739,12.99972,0.00,0.00
2018.05.29 01:47:27.675,12.99718,12.99972,0.00,0.00
2018.05.29 01:47:27.726,12.99728,12.99972,0.00,0.00
2018.05.29 01:47:27.827,12.99708,12.99961,0.00,0.00
2018.05.29 01:47:28.532,12.99729,12.99961,0.00,0.00
2018.05.29 01:47:29.308,12.99728,12.99961,0.00,0.00
2018.05.29 01:47:30.146,12.99728,12.99972,0.00,0.00
2018.05.29 01:47:30.196,12.99738,12.99972,0.00,0.00
2018.05.29 01:47:34.124,12.99718,12.99972,0.00,0.00
2018.05.29 01:47:35.109,12.99729,12.99972,0.00,0.00
2018.05.29 01:47:36.403,12.99739,12.99972,0.00,0.00
2018.05.29 01:47:36.733,12.99728,12.99972,0.00,0.00
2018.05.29 01:47:36.808,12.99738,12.99972,0.00,0.00
2018.05.29 01:47:36.859,12.99708,12.99952,0.00,0.00
2018.05.29 01:47:37.209,12.99719,12.99952,0.00,0.00
2018.05.29 01:47:41.833,12.99728,12.99962,0.00,0.00
2018.05.29 01:47:42.593,12.99739,12.99962,0.00,0.00
2018.05.29 01:47:42.644,12.99708,12.99962,0.00,0.00
2018.05.29 01:47:43.204,12.99709,12.99962,0.00,0.00
2018.05.29 01:47:43.773,12.99698,12.99901,0.00,0.00
2018.05.29 01:47:43.925,12.99698,12.99952,0.00,0.00
2018.05.29 01:47:43.976,12.99698,12.99931,0.00,0.00
2018.05.29 01:47:44.090,12.99709,12.99952,0.00,0.00
2018.05.29 01:47:44.237,12.99709,12.99929,0.00,0.00
2018.05.29 01:47:44.288,12.99698,12.99962,0.00,0.00
2018.05.29 01:47:44.391,12.99698,12.99932,0.00,0.00
2018.05.29 01:47:44.761,12.99698,12.99912,0.00,0.00
2018.05.29 01:47:44.812,12.99688,12.99912,0.00,0.00
2018.05.29 01:47:45.508,12.99689,12.99911,0.00,0.00
2018.05.29 01:47:49.292,12.99678,12.99911,0.00,0.00
2018.05.29 01:47:54.163,12.99669,12.99911,0.00,0.00
2018.05.29 01:48:00.207,12.99669,12.99882,0.00,0.00
2018.05.29 01:48:20.751,12.99649,12.99881,0.00,0.00
2018.05.29 01:48:20.802,12.99638,12.99881,0.00,0.00
2018.05.29 01:48:20.855,12.99659,12.99862,0.00,0.00
2018.05.29 01:48:20.958,12.99628,12.99862,0.00,0.00
2018.05.29 01:48:23.588,12.99608,12.99801,0.00,0.00
2018.05.29 01:48:23.690,12.99591,12.99801,0.00,0.00
2018.05.29 01:48:25.037,12.99591,12.99819,0.00,0.00
2018.05.29 01:48:25.088,12.99592,12.99828,0.00,0.00
2018.05.29 01:48:25.140,12.99591,12.99852,0.00,0.00
2018.05.29 01:48:26.806,12.99608,12.99832,0.00,0.00
2018.05.29 01:48:26.913,12.99608,12.99852,0.00,0.00
2018.05.29 01:48:27.145,12.99608,12.99832,0.00,0.00
2018.05.29 01:48:27.550,12.99608,12.99801,0.00,0.00
2018.05.29 01:48:28.234,12.99608,12.99829,0.00,0.00
2018.05.29 01:48:28.285,12.99569,12.99828,0.00,0.00
2018.05.29 01:48:29.205,12.99569,12.99801,0.00,0.00
2018.05.29 01:48:29.536,12.99569,12.99822,0.00,0.00
2018.05.29 01:48:30.275,12.99578,12.99822,0.00,0.00
2018.05.29 01:48:31.431,12.99579,12.99851,0.00,0.00
2018.05.29 01:48:31.507,12.99581,12.99851,0.00,0.00
2018.05.29 01:48:31.844,12.99658,12.99879,0.00,0.00
2018.05.29 01:48:32.071,12.99658,12.99882,0.00,0.00
2018.05.29 01:48:35.264,12.99668,12.99882,0.00,0.00
2018.05.29 01:48:35.732,12.99668,12.99891,0.00,0.00
2018.05.29 01:48:55.263,12.99669,12.99891,0.00,0.00
2018.05.29 01:49:03.857,12.99669,12.99892,0.00,0.00
2018.05.29 01:49:03.974,12.99669,12.99902,0.00,0.00
2018.05.29 01:49:07.885,12.99669,12.99899,0.00,0.00
2018.05.29 01:49:07.986,12.99588,12.99819,0.00,0.00
2018.05.29 01:49:08.414,12.99588,12.99812,0.00,0.00
2018.05.29 01:49:08.465,12.99568,12.99812,0.00,0.00
2018.05.29 01:49:12.716,12.99572,12.99812,0.00,0.00
2018.05.29 01:49:13.605,12.99568,12.99812,0.00,0.00
2018.05.29 01:49:16.039,12.99568,12.99822,0.00,0.00
2018.05.29 01:49:16.273,12.99568,12.99819,0.00,0.00
2018.05.29 01:49:16.646,12.99568,12.99822,0.00,0.00
2018.05.29 01:49:17.159,12.99568,12.99819,0.00,0.00
2018.05.29 01:49:27.102,12.99569,12.99819,0.00,0.00
2018.05.29 01:49:30.511,12.99569,12.99818,0.00,0.00
2018.05.29 01:49:30.650,12.99518,12.99772,0.00,0.00
2018.05.29 01:49:30.702,12.99502,12.99772,0.00,0.00
2018.05.29 01:49:30.753,12.99502,12.99748,0.00,0.00
2018.05.29 01:49:31.641,12.99502,12.99772,0.00,0.00
2018.05.29 01:49:31.777,12.99501,12.99769,0.00,0.00
2018.05.29 01:49:32.101,12.99501,12.99711,0.00,0.00
2018.05.29 01:49:33.044,12.99502,12.99711,0.00,0.00
2018.05.29 01:49:33.285,12.99459,12.99711,0.00,0.00
2018.05.29 01:49:34.130,12.99459,12.99709,0.00,0.00
2018.05.29 01:49:35.359,12.99459,12.99711,0.00,0.00
2018.05.29 01:49:39.570,12.99459,12.99729,0.00,0.00
2018.05.29 01:49:39.621,12.99479,12.99758,0.00,0.00
2018.05.29 01:49:39.673,12.99468,12.99712,0.00,0.00
2018.05.29 01:49:39.724,12.99458,12.99712,0.00,0.00
2018.05.29 01:49:39.892,12.99458,12.99719,0.00,0.00
2018.05.29 01:49:39.993,12.99458,12.99742,0.00,0.00
2018.05.29 01:49:41.569,12.99469,12.99742,0.00,0.00
2018.05.29 01:49:42.191,12.99469,12.99712,0.00,0.00
2018.05.29 01:49:42.241,12.99458,12.99712,0.00,0.00
2018.05.29 01:49:44.725,12.99479,12.99758,0.00,0.00
2018.05.29 01:49:44.987,12.99471,12.99759,0.00,0.00
2018.05.29 01:49:45.038,12.99458,12.99728,0.00,0.00
2018.05.29 01:49:45.550,12.99458,12.99702,0.00,0.00
2018.05.29 01:49:48.297,12.99458,12.99721,0.00,0.00
2018.05.29 01:49:48.764,12.99488,12.99728,0.00,0.00
2018.05.29 01:49:48.815,12.99488,12.99772,0.00,0.00
2018.05.29 01:49:48.917,12.99488,12.99742,0.00,0.00
2018.05.29 01:49:50.093,12.99481,12.99742,0.00,0.00
2018.05.29 01:49:50.144,12.99458,12.99711,0.00,0.00
2018.05.29 01:49:53.193,12.99458,12.99712,0.00,0.00
2018.05.29 01:49:53.501,12.99458,12.99691,0.00,0.00
2018.05.29 01:49:59.758,12.99459,12.99741,0.00,0.00
2018.05.29 01:50:01.338,12.99468,12.99741,0.00,0.00
2018.05.29 01:50:01.389,12.99488,12.99769,0.00,0.00
2018.05.29 01:50:01.544,12.99498,12.99769,0.00,0.00
2018.05.29 01:50:01.765,12.99489,12.99769,0.00,0.00
2018.05.29 01:50:01.867,12.99499,12.99769,0.00,0.00
2018.05.29 01:50:02.019,12.99489,12.99768,0.00,0.00
2018.05.29 01:50:02.743,12.99488,12.99769,0.00,0.00
2018.05.29 01:50:05.888,12.99508,12.99788,0.00,0.00
2018.05.29 01:50:06.785,12.99508,12.99781,0.00,0.00
2018.05.29 01:50:07.158,12.99508,12.99768,0.00,0.00
2018.05.29 01:50:09.669,12.99508,12.99778,0.00,0.00
2018.05.29 01:50:10.348,12.99508,12.99769,0.00,0.00
2018.05.29 01:50:11.266,12.99508,12.99778,0.00,0.00
2018.05.29 01:50:11.367,12.99508,12.99768,0.00,0.00
2018.05.29 01:50:12.174,12.99508,12.99769,0.00,0.00
2018.05.29 01:50:12.892,12.99508,12.99779,0.00,0.00
2018.05.29 01:50:14.251,12.99508,12.99778,0.00,0.00
2018.05.29 01:50:14.473,12.99498,12.99768,0.00,0.00
2018.05.29 01:50:14.524,12.99499,12.99788,0.00,0.00
2018.05.29 01:50:14.575,12.99508,12.99769,0.00,0.00
2018.05.29 01:50:14.625,12.99489,12.99769,0.00,0.00
2018.05.29 01:50:15.130,12.99489,12.99788,0.00,0.00
2018.05.29 01:50:15.267,12.99489,12.99769,0.00,0.00
2018.05.29 01:50:15.690,12.99509,12.99788,0.00,0.00
2018.05.29 01:50:16.068,12.99558,12.99788,0.00,0.00
2018.05.29 01:50:16.513,12.99558,12.99818,0.00,0.00
2018.05.29 01:50:17.853,12.99558,12.99819,0.00,0.00
2018.05.29 01:50:18.905,12.99558,12.99818,0.00,0.00
2018.05.29 01:50:19.422,12.99558,12.99819,0.00,0.00
2018.05.29 01:50:26.526,12.99558,12.99818,0.00,0.00
2018.05.29 01:50:27.304,12.99558,12.99819,0.00,0.00
2018.05.29 01:50:32.173,12.99558,12.99818,0.00,0.00
2018.05.29 01:50:32.575,12.99579,12.99828,0.00,0.00
2018.05.29 01:50:33.203,12.99579,12.99829,0.00,0.00
2018.05.29 01:50:35.303,12.99579,12.99818,0.00,0.00
2018.05.29 01:50:35.353,12.99548,12.99818,0.00,0.00
2018.05.29 01:50:35.901,12.99548,12.99819,0.00,0.00
2018.05.29 01:50:37.086,12.99558,12.99819,0.00,0.00
2018.05.29 01:50:40.107,12.99529,12.99819,0.00,0.00
2018.05.29 01:50:40.286,12.99529,12.99809,0.00,0.00
2018.05.29 01:50:40.337,12.99519,12.99801,0.00,0.00
2018.05.29 01:50:40.446,12.99549,12.99812,0.00,0.00
2018.05.29 01:50:40.873,12.99558,12.99812,0.00,0.00
2018.05.29 01:50:41.363,12.99558,12.99819,0.00,0.00
2018.05.29 01:50:50.723,12.99558,12.99828,0.00,0.00
2018.05.29 01:50:50.774,12.99569,12.99828,0.00,0.00
2018.05.29 01:50:51.650,12.99569,12.99818,0.00,0.00
2018.05.29 01:50:52.873,12.99569,12.99819,0.00,0.00
2018.05.29 01:50:58.622,12.99569,12.99818,0.00,0.00
2018.05.29 01:51:00.213,12.99559,12.99829,0.00,0.00
2018.05.29 01:51:00.264,12.99559,12.99818,0.00,0.00
2018.05.29 01:51:03.828,12.99548,12.99818,0.00,0.00
2018.05.29 01:51:03.879,12.99508,12.99781,0.00,0.00
2018.05.29 01:51:03.930,12.99498,12.99781,0.00,0.00
2018.05.29 01:51:04.214,12.99498,12.99749,0.00,0.00
2018.05.29 01:51:09.518,12.99498,12.99779,0.00,0.00
2018.05.29 01:51:12.446,12.99498,12.99749,0.00,0.00
2018.05.29 01:51:12.513,12.99498,12.99769,0.00,0.00
2018.05.29 01:51:20.355,12.99498,12.99768,0.00,0.00
2018.05.29 01:51:20.406,12.99479,12.99729,0.00,0.00
2018.05.29 01:51:22.445,12.99488,12.99729,0.00,0.00
2018.05.29 01:51:22.567,12.99458,12.99719,0.00,0.00
2018.05.29 01:51:29.573,12.99458,12.99718,0.00,0.00
2018.05.29 01:51:30.184,12.99458,12.99719,0.00,0.00
2018.05.29 01:51:30.845,12.99458,12.99718,0.00,0.00
2018.05.29 01:51:35.972,12.99458,12.99719,0.00,0.00
2018.05.29 01:51:36.625,12.99458,12.99718,0.00,0.00
2018.05.29 01:51:37.181,12.99458,12.99719,0.00,0.00
2018.05.29 01:51:46.693,12.99458,12.99718,0.00,0.00
2018.05.29 01:51:47.441,12.99459,12.99718,0.00,0.00
2018.05.29 01:51:49.575,12.99459,12.99719,0.00,0.00
2018.05.29 01:51:49.738,12.99448,12.99719,0.00,0.00
2018.05.29 01:51:56.115,12.99389,12.99572,0.00,0.00
2018.05.29 01:51:56.216,12.99309,12.99572,0.00,0.00
2018.05.29 01:51:56.267,12.99299,12.99579,0.00,0.00
2018.05.29 01:51:57.050,12.99298,12.99578,0.00,0.00
2018.05.29 01:51:59.843,12.99298,12.99582,0.00,0.00
2018.05.29 01:52:00.124,12.99339,12.99589,0.00,0.00
2018.05.29 01:52:00.329,12.99268,12.99529,0.00,0.00
2018.05.29 01:52:00.380,12.99268,12.99499,0.00,0.00
2018.05.29 01:52:00.481,12.99249,12.99499,0.00,0.00
2018.05.29 01:52:00.633,12.99241,12.99488,0.00,0.00
2018.05.29 01:52:00.838,12.99238,12.99508,0.00,0.00
2018.05.29 01:52:01.079,12.99248,12.99508,0.00,0.00
2018.05.29 01:52:01.924,12.99248,12.99509,0.00,0.00
2018.05.29 01:52:02.253,12.99209,12.99428,0.00,0.00
2018.05.29 01:52:02.980,12.99218,12.99428,0.00,0.00
2018.05.29 01:52:03.031,12.99238,12.99469,0.00,0.00
2018.05.29 01:52:04.210,12.99238,12.99489,0.00,0.00
2018.05.29 01:52:04.512,12.99219,12.99429,0.00,0.00
2018.05.29 01:52:04.564,12.99181,12.99419,0.00,0.00
2018.05.29 01:52:04.615,12.99178,12.99419,0.00,0.00
2018.05.29 01:52:06.015,12.99209,12.99459,0.00,0.00
2018.05.29 01:52:06.536,12.99209,12.99468,0.00,0.00
2018.05.29 01:52:06.587,12.99168,12.99412,0.00,0.00
2018.05.29 01:52:06.934,12.99168,12.99391,0.00,0.00
2018.05.29 01:52:07.143,12.99171,12.99401,0.00,0.00
2018.05.29 01:52:07.469,12.99171,12.99412,0.00,0.00
2018.05.29 01:52:08.010,12.99172,12.99412,0.00,0.00
2018.05.29 01:52:08.505,12.99168,12.99412,0.00,0.00
2018.05.29 01:52:09.269,12.99158,12.99412,0.00,0.00
2018.05.29 01:52:09.321,12.99149,12.99391,0.00,0.00
2018.05.29 01:52:09.422,12.99149,12.99412,0.00,0.00
2018.05.29 01:52:11.618,12.99149,12.99392,0.00,0.00
2018.05.29 01:52:11.668,12.99138,12.99392,0.00,0.00
2018.05.29 01:52:11.760,12.99148,12.99392,0.00,0.00
2018.05.29 01:52:14.827,12.99138,12.99392,0.00,0.00
2018.05.29 01:52:16.307,12.99129,12.99392,0.00,0.00
2018.05.29 01:52:16.358,12.99108,12.99392,0.00,0.00
2018.05.29 01:52:19.193,12.99138,12.99392,0.00,0.00
2018.05.29 01:52:19.557,12.99148,12.99392,0.00,0.00
2018.05.29 01:52:22.395,12.99148,12.99401,0.00,0.00
2018.05.29 01:52:23.136,12.99148,12.99402,0.00,0.00
2018.05.29 01:52:23.655,12.99171,12.99402,0.00,0.00
2018.05.29 01:52:23.706,12.99179,12.99459,0.00,0.00
2018.05.29 01:52:23.757,12.99181,12.99442,0.00,0.00
2018.05.29 01:52:24.128,12.99179,12.99462,0.00,0.00
2018.05.29 01:52:24.229,12.99181,12.99462,0.00,0.00
2018.05.29 01:52:24.557,12.99188,12.99468,0.00,0.00
2018.05.29 01:52:24.858,12.99148,12.99388,0.00,0.00
2018.05.29 01:52:25.600,12.99148,12.99402,0.00,0.00
2018.05.29 01:52:26.013,12.99158,12.99402,0.00,0.00
2018.05.29 01:52:27.783,12.99158,12.99418,0.00,0.00
2018.05.29 01:52:27.955,12.99148,12.99412,0.00,0.00
2018.05.29 01:52:39.085,12.99148,12.99389,0.00,0.00
2018.05.29 01:52:40.158,12.99148,12.99412,0.00,0.00
2018.05.29 01:52:41.513,12.99148,12.99419,0.00,0.00
2018.05.29 01:52:41.683,12.99151,12.99421,0.00,0.00
2018.05.29 01:52:41.734,12.99148,12.99421,0.00,0.00
2018.05.29 01:52:41.885,12.99148,12.99389,0.00,0.00
2018.05.29 01:52:42.926,12.99148,12.99418,0.00,0.00
2018.05.29 01:52:43.024,12.99159,12.99418,0.00,0.00
2018.05.29 01:52:43.613,12.99159,12.99419,0.00,0.00
2018.05.29 01:52:45.451,12.99162,12.99419,0.00,0.00
2018.05.29 01:52:45.502,12.99189,12.99481,0.00,0.00
2018.05.29 01:52:45.603,12.99199,12.99481,0.00,0.00
2018.05.29 01:52:47.144,12.99199,12.99479,0.00,0.00
2018.05.29 01:52:47.195,12.99188,12.99479,0.00,0.00
2018.05.29 01:52:49.403,12.99189,12.99482,0.00,0.00
2018.05.29 01:52:49.927,12.99198,12.99482,0.00,0.00
2018.05.29 01:52:50.028,12.99189,12.99481,0.00,0.00
2018.05.29 01:52:52.701,12.99189,12.99479,0.00,0.00
2018.05.29 01:52:53.769,12.99228,12.99491,0.00,0.00
2018.05.29 01:52:56.580,12.99228,12.99488,0.00,0.00
2018.05.29 01:52:56.643,12.99228,12.99492,0.00,0.00
2018.05.29 01:52:56.694,12.99208,12.99472,0.00,0.00
2018.05.29 01:52:56.860,12.99188,12.99469,0.00,0.00
2018.05.29 01:52:57.469,12.99181,12.99469,0.00,0.00
2018.05.29 01:53:00.059,12.99179,12.99471,0.00,0.00
2018.05.29 01:53:00.154,12.99182,12.99471,0.00,0.00
2018.05.29 01:53:00.469,12.99148,12.99389,0.00,0.00
2018.05.29 01:53:01.311,12.99148,12.99428,0.00,0.00
2018.05.29 01:53:02.276,12.99148,12.99419,0.00,0.00
2018.05.29 01:53:03.337,12.99148,12.99389,0.00,0.00
2018.05.29 01:53:04.379,12.99148,12.99419,0.00,0.00
2018.05.29 01:53:07.854,12.99148,12.99408,0.00,0.00
2018.05.29 01:53:08.372,12.99169,12.99408,0.00,0.00
2018.05.29 01:53:08.423,12.99169,12.99451,0.00,0.00
2018.05.29 01:53:10.116,12.99169,12.99409,0.00,0.00
2018.05.29 01:53:10.167,12.99158,12.99409,0.00,0.00
2018.05.29 01:53:11.152,12.99158,12.99418,0.00,0.00
2018.05.29 01:53:11.965,12.99158,12.99419,0.00,0.00
2018.05.29 01:53:14.034,12.99139,12.99389,0.00,0.00
2018.05.29 01:53:14.355,12.99078,12.99319,0.00,0.00
2018.05.29 01:53:17.137,12.99081,12.99319,0.00,0.00
2018.05.29 01:53:17.188,12.99101,12.99372,0.00,0.00
2018.05.29 01:53:17.290,12.99121,12.99372,0.00,0.00
2018.05.29 01:53:17.933,12.99122,12.99372,0.00,0.00
2018.05.29 01:53:18.337,12.99121,12.99349,0.00,0.00
2018.05.29 01:53:18.541,12.99071,12.99319,0.00,0.00
2018.05.29 01:53:21.974,12.99079,12.99319,0.00,0.00
2018.05.29 01:53:22.079,12.99048,12.99319,0.00,0.00
2018.05.29 01:53:26.522,12.99039,12.99278,0.00,0.00
2018.05.29 01:53:26.573,12.99039,12.99319,0.00,0.00
2018.05.29 01:53:26.624,12.99039,12.99282,0.00,0.00
2018.05.29 01:53:28.358,12.99029,12.99282,0.00,0.00
2018.05.29 01:53:28.409,12.99018,12.99282,0.00,0.00
2018.05.29 01:53:30.753,12.99018,12.99289,0.00,0.00
2018.05.29 01:53:30.804,12.99019,12.99309,0.00,0.00
2018.05.29 01:53:30.906,12.99048,12.99309,0.00,0.00
2018.05.29 01:53:31.984,12.99048,12.99318,0.00,0.00
2018.05.29 01:53:34.081,12.99058,12.99318,0.00,0.00
2018.05.29 01:53:34.132,12.99058,12.99322,0.00,0.00
2018.05.29 01:53:34.251,12.99058,12.99318,0.00,0.00
2018.05.29 01:53:34.801,12.99022,12.99282,0.00,0.00
2018.05.29 01:53:37.398,12.99038,12.99298,0.00,0.00
2018.05.29 01:53:37.450,12.99038,12.99311,0.00,0.00
2018.05.29 01:53:37.502,12.99041,12.99319,0.00,0.00
2018.05.29 01:53:37.848,12.99048,12.99319,0.00,0.00
2018.05.29 01:53:38.167,12.99081,12.99319,0.00,0.00
2018.05.29 01:53:40.095,12.99081,12.99318,0.00,0.00
2018.05.29 01:53:41.206,12.99101,12.99379,0.00,0.00
2018.05.29 01:53:41.756,12.99101,12.99382,0.00,0.00
2018.05.29 01:53:42.208,12.99098,12.99382,0.00,0.00
2018.05.29 01:53:43.999,12.99101,12.99382,0.00,0.00
2018.05.29 01:53:49.862,12.99201,12.99382,0.00,0.00
2018.05.29 01:53:51.118,12.99181,12.99382,0.00,0.00
2018.05.29 01:53:53.107,12.99121,12.99382,0.00,0.00
2018.05.29 01:53:53.208,12.99121,12.99369,0.00,0.00
2018.05.29 01:53:53.293,12.99121,12.99382,0.00,0.00
2018.05.29 01:53:53.444,12.99098,12.99369,0.00,0.00
2018.05.29 01:53:53.947,12.99099,12.99369,0.00,0.00
2018.05.29 01:53:54.628,12.99098,12.99382,0.00,0.00
2018.05.29 01:53:54.780,12.99108,12.99382,0.00,0.00
2018.05.29 01:53:55.192,12.99098,12.99382,0.00,0.00
2018.05.29 01:53:55.390,12.99061,12.99342,0.00,0.00
2018.05.29 01:53:55.720,12.99061,12.99339,0.00,0.00
2018.05.29 01:53:55.858,12.99059,12.99339,0.00,0.00
2018.05.29 01:54:00.942,12.99061,12.99339,0.00,0.00
2018.05.29 01:54:00.993,12.99088,12.99382,0.00,0.00
2018.05.29 01:54:01.378,12.99099,12.99381,0.00,0.00
2018.05.29 01:54:01.687,12.99079,12.99361,0.00,0.00
2018.05.29 01:54:02.560,12.99079,12.99362,0.00,0.00
2018.05.29 01:54:02.762,12.99042,12.99329,0.00,0.00
2018.05.29 01:54:02.813,12.99042,12.99281,0.00,0.00
2018.05.29 01:54:03.082,12.99038,12.99281,0.00,0.00
2018.05.29 01:54:03.353,12.99038,12.99309,0.00,0.00
2018.05.29 01:54:03.404,12.99041,12.99309,0.00,0.00
2018.05.29 01:54:03.705,12.99049,12.99309,0.00,0.00
2018.05.29 01:54:04.287,12.99049,12.99328,0.00,0.00
2018.05.29 01:54:08.275,12.99038,12.99329,0.00,0.00
2018.05.29 01:54:08.377,12.99038,12.99292,0.00,0.00
2018.05.29 01:54:12.103,12.99038,12.99289,0.00,0.00
2018.05.29 01:54:12.204,12.99018,12.99289,0.00,0.00
2018.05.29 01:54:12.255,12.99009,12.99289,0.00,0.00
2018.05.29 01:54:12.958,12.99008,12.99289,0.00,0.00
2018.05.29 01:54:14.332,12.99009,12.99289,0.00,0.00
2018.05.29 01:54:14.494,12.99018,12.99289,0.00,0.00
2018.05.29 01:54:14.596,12.99009,12.99289,0.00,0.00
2018.05.29 01:54:15.948,12.99028,12.99289,0.00,0.00
2018.05.29 01:54:17.309,12.99019,12.99289,0.00,0.00
2018.05.29 01:54:19.732,12.99018,12.99289,0.00,0.00
2018.05.29 01:54:29.923,12.99019,12.99289,0.00,0.00
2018.05.29 01:54:32.753,12.99039,12.99289,0.00,0.00
2018.05.29 01:54:32.806,12.99049,12.99321,0.00,0.00
2018.05.29 01:54:33.210,12.99059,12.99321,0.00,0.00
2018.05.29 01:54:35.760,12.99048,12.99319,0.00,0.00
2018.05.29 01:54:35.864,12.99029,12.99291,0.00,0.00
2018.05.29 01:54:35.917,12.99019,12.99291,0.00,0.00
2018.05.29 01:54:36.122,12.99019,12.99289,0.00,0.00
2018.05.29 01:54:41.323,12.99008,12.99289,0.00,0.00
2018.05.29 01:54:43.444,12.99012,12.99289,0.00,0.00
2018.05.29 01:54:49.068,12.99008,12.99289,0.00,0.00
2018.05.29 01:54:51.324,12.99012,12.99289,0.00,0.00
2018.05.29 01:54:52.503,12.99008,12.99289,0.00,0.00
2018.05.29 01:55:03.135,12.99029,12.99289,0.00,0.00
2018.05.29 01:55:03.746,12.99019,12.99289,0.00,0.00
2018.05.29 01:55:09.646,12.99019,12.99291,0.00,0.00
2018.05.29 01:55:28.819,12.99019,12.99288,0.00,0.00
2018.05.29 01:55:30.312,12.99019,12.99239,0.00,0.00
2018.05.29 01:55:30.363,12.98969,12.99229,0.00,0.00
2018.05.29 01:55:30.469,12.98969,12.99239,0.00,0.00
2018.05.29 01:55:30.875,12.98972,12.99239,0.00,0.00
2018.05.29 01:55:31.001,12.98989,12.99281,0.00,0.00
2018.05.29 01:55:34.621,12.98989,12.99268,0.00,0.00
2018.05.29 01:55:34.675,12.98969,12.99252,0.00,0.00
2018.05.29 01:55:34.734,12.98959,12.99228,0.00,0.00
2018.05.29 01:55:35.507,12.98988,12.99289,0.00,0.00
2018.05.29 01:55:35.600,12.98988,12.99291,0.00,0.00
2018.05.29 01:55:35.651,12.99009,12.99291,0.00,0.00
2018.05.29 01:55:36.367,12.99009,12.99292,0.00,0.00
2018.05.29 01:55:36.746,12.99009,12.99288,0.00,0.00
2018.05.29 01:55:38.953,12.99012,12.99292,0.00,0.00
2018.05.29 01:55:39.004,12.99012,12.99302,0.00,0.00
2018.05.29 01:55:39.568,12.99009,12.99288,0.00,0.00
2018.05.29 01:55:41.577,12.99009,12.99239,0.00,0.00
2018.05.29 01:55:41.679,12.98948,12.99202,0.00,0.00
2018.05.29 01:55:41.780,12.98911,12.99181,0.00,0.00
2018.05.29 01:55:42.212,12.98911,12.99191,0.00,0.00
2018.05.29 01:55:42.804,12.98898,12.99191,0.00,0.00
2018.05.29 01:55:48.253,12.98898,12.99159,0.00,0.00
2018.05.29 01:55:48.304,12.98889,12.99159,0.00,0.00
2018.05.29 01:55:49.651,12.98889,12.99191,0.00,0.00
2018.05.29 01:55:54.349,12.98889,12.99189,0.00,0.00
2018.05.29 01:55:54.714,12.98861,12.99092,0.00,0.00
2018.05.29 01:55:54.765,12.98829,12.99092,0.00,0.00
2018.05.29 01:55:55.328,12.98829,12.99101,0.00,0.00
2018.05.29 01:55:55.379,12.98858,12.99121,0.00,0.00
2018.05.29 01:55:55.587,12.98908,12.99192,0.00,0.00
2018.05.29 01:55:55.715,12.98908,12.99189,0.00,0.00
2018.05.29 01:55:57.586,12.98909,12.99189,0.00,0.00
2018.05.29 01:55:59.317,12.98911,12.99189,0.00,0.00
2018.05.29 01:55:59.426,12.98909,12.99189,0.00,0.00
2018.05.29 01:56:00.156,12.98918,12.99189,0.00,0.00
2018.05.29 01:56:01.666,12.98918,12.99221,0.00,0.00
2018.05.29 01:56:01.767,12.98928,12.99228,0.00,0.00
2018.05.29 01:56:02.223,12.98928,12.99202,0.00,0.00
2018.05.29 01:56:02.553,12.98928,12.99189,0.00,0.00
2018.05.29 01:56:03.244,12.98918,12.99189,0.00,0.00
2018.05.29 01:56:23.869,12.98918,12.99188,0.00,0.00
2018.05.29 01:56:24.477,12.98918,12.99189,0.00,0.00
2018.05.29 01:56:37.415,12.98909,12.99189,0.00,0.00
2018.05.29 01:56:38.286,12.98908,12.99189,0.00,0.00
2018.05.29 01:56:41.370,12.98919,12.99189,0.00,0.00
2018.05.29 01:56:45.577,12.98909,12.99189,0.00,0.00
2018.05.29 01:56:49.182,12.98899,12.99189,0.00,0.00
2018.05.29 01:56:49.233,12.98899,12.99181,0.00,0.00
2018.05.29 01:57:00.155,12.98908,12.99182,0.00,0.00
2018.05.29 01:57:00.206,12.98908,12.99189,0.00,0.00
2018.05.29 01:57:01.514,12.98912,12.99189,0.00,0.00
2018.05.29 01:57:01.565,12.98908,12.99189,0.00,0.00
2018.05.29 01:57:02.507,12.98908,12.99202,0.00,0.00
2018.05.29 01:57:12.152,12.98911,12.99202,0.00,0.00
2018.05.29 01:57:12.758,12.98928,12.99212,0.00,0.00
2018.05.29 01:57:13.401,12.98928,12.99209,0.00,0.00
2018.05.29 01:57:15.229,12.98928,12.99189,0.00,0.00
2018.05.29 01:57:18.439,12.98928,12.99212,0.00,0.00
2018.05.29 01:57:18.489,12.98938,12.99212,0.00,0.00
2018.05.29 01:57:18.755,12.98928,12.99212,0.00,0.00
2018.05.29 01:57:18.875,12.98948,12.99212,0.00,0.00
2018.05.29 01:57:19.653,12.98948,12.99209,0.00,0.00
2018.05.29 01:57:21.174,12.98999,12.99209,0.00,0.00
2018.05.29 01:57:21.225,12.99018,12.99262,0.00,0.00
2018.05.29 01:57:21.276,12.99018,12.99271,0.00,0.00
2018.05.29 01:57:21.791,12.99018,12.99282,0.00,0.00
2018.05.29 01:57:21.991,12.99048,12.99288,0.00,0.00
2018.05.29 01:57:22.042,12.99032,12.99288,0.00,0.00
2018.05.29 01:57:22.203,12.99032,12.99302,0.00,0.00
2018.05.29 01:57:22.254,12.99051,12.99302,0.00,0.00
2018.05.29 01:57:22.364,12.99048,12.99302,0.00,0.00
2018.05.29 01:57:22.605,12.99032,12.99302,0.00,0.00
2018.05.29 01:57:22.656,12.99029,12.99302,0.00,0.00
2018.05.29 01:57:24.513,12.99012,12.99302,0.00,0.00
2018.05.29 01:57:26.821,12.99021,12.99301,0.00,0.00
2018.05.29 01:57:27.039,12.99019,12.99301,0.00,0.00
2018.05.29 01:57:31.048,12.99011,12.99301,0.00,0.00
2018.05.29 01:57:33.295,12.99011,12.99269,0.00,0.00
2018.05.29 01:57:34.224,12.99011,12.99301,0.00,0.00
2018.05.29 01:57:34.275,12.99028,12.99301,0.00,0.00
2018.05.29 01:57:35.607,12.99012,12.99301,0.00,0.00
2018.05.29 01:57:35.875,12.99038,12.99301,0.00,0.00
2018.05.29 01:57:41.215,12.99071,12.99301,0.00,0.00
2018.05.29 01:57:45.348,12.99072,12.99311,0.00,0.00
2018.05.29 01:57:45.908,12.99071,12.99311,0.00,0.00
2018.05.29 01:57:47.419,12.99058,12.99311,0.00,0.00
2018.05.29 01:57:47.690,12.99072,12.99311,0.00,0.00
2018.05.29 01:57:51.026,12.99029,12.99309,0.00,0.00
2018.05.29 01:57:51.081,12.99038,12.99309,0.00,0.00
2018.05.29 01:57:52.868,12.99049,12.99309,0.00,0.00
2018.05.29 01:57:53.270,12.99072,12.99311,0.00,0.00
2018.05.29 01:57:53.982,12.99049,12.99311,0.00,0.00
2018.05.29 01:57:54.092,12.99049,12.99308,0.00,0.00
2018.05.29 01:57:54.710,12.99048,12.99308,0.00,0.00
2018.05.29 01:58:01.022,12.99019,12.99308,0.00,0.00
2018.05.29 01:58:03.122,12.99049,12.99308,0.00,0.00
2018.05.29 01:58:04.970,12.99049,12.99311,0.00,0.00
2018.05.29 01:58:05.021,12.99062,12.99311,0.00,0.00
2018.05.29 01:58:05.083,12.99049,12.99311,0.00,0.00
2018.05.29 01:58:06.216,12.99049,12.99308,0.00,0.00
2018.05.29 01:58:08.756,12.99049,12.99311,0.00,0.00
2018.05.29 01:58:09.962,12.99049,12.99309,0.00,0.00
2018.05.29 01:58:11.002,12.99019,12.99309,0.00,0.00
2018.05.29 01:58:11.297,12.99048,12.99309,0.00,0.00
2018.05.29 01:58:20.783,12.99039,12.99309,0.00,0.00
2018.05.29 01:58:21.091,12.99049,12.99309,0.00,0.00
2018.05.29 01:58:22.465,12.99038,12.99212,0.00,0.00
2018.05.29 01:58:22.516,12.98978,12.99192,0.00,0.00
2018.05.29 01:58:22.568,12.98961,12.99192,0.00,0.00
2018.05.29 01:58:22.674,12.98918,12.99189,0.00,0.00
2018.05.29 01:58:22.725,12.98889,12.99181,0.00,0.00
2018.05.29 01:58:22.775,12.98861,12.99121,0.00,0.00
2018.05.29 01:58:23.047,12.98839,12.99109,0.00,0.00
2018.05.29 01:58:27.753,12.98828,12.99109,0.00,0.00
2018.05.29 01:58:29.445,12.98848,12.99112,0.00,0.00
2018.05.29 01:58:29.991,12.98851,12.99112,0.00,0.00
2018.05.29 01:58:30.626,12.98851,12.99108,0.00,0.00
2018.05.29 01:58:32.373,12.98838,12.99108,0.00,0.00
2018.05.29 01:58:34.995,12.98871,12.99129,0.00,0.00
2018.05.29 01:58:35.047,12.98849,12.99139,0.00,0.00
2018.05.29 01:58:35.140,12.98849,12.99131,0.00,0.00
2018.05.29 01:58:35.744,12.98849,12.99122,0.00,0.00
2018.05.29 01:58:36.112,12.98888,12.99122,0.00,0.00
2018.05.29 01:58:36.164,12.98888,12.99132,0.00,0.00
2018.05.29 01:58:36.214,12.98899,12.99132,0.00,0.00
2018.05.29 01:58:36.266,12.98888,12.99132,0.00,0.00
2018.05.29 01:58:37.184,12.98888,12.99118,0.00,0.00
2018.05.29 01:58:37.235,12.98849,12.99112,0.00,0.00
2018.05.29 01:58:37.784,12.98888,12.99112,0.00,0.00
2018.05.29 01:58:38.074,12.98888,12.99172,0.00,0.00
2018.05.29 01:58:38.125,12.98908,12.99172,0.00,0.00
2018.05.29 01:58:39.999,12.98908,12.99181,0.00,0.00
2018.05.29 01:58:40.325,12.98919,12.99181,0.00,0.00
2018.05.29 01:58:43.702,12.98909,12.99181,0.00,0.00
2018.05.29 01:58:46.609,12.98918,12.99181,0.00,0.00
2018.05.29 01:58:47.475,12.98918,12.99192,0.00,0.00
2018.05.29 01:58:48.613,12.98928,12.99192,0.00,0.00
2018.05.29 01:58:49.149,12.98988,12.99238,0.00,0.00
2018.05.29 01:58:49.463,12.99008,12.99281,0.00,0.00
2018.05.29 01:58:51.232,12.99029,12.99281,0.00,0.00
2018.05.29 01:58:51.283,12.99029,12.99291,0.00,0.00
2018.05.29 01:58:51.863,12.99029,12.99292,0.00,0.00
2018.05.29 01:58:52.393,12.99028,12.99292,0.00,0.00
2018.05.29 01:58:52.765,12.99029,12.99301,0.00,0.00
2018.05.29 01:59:00.861,12.99028,12.99301,0.00,0.00
2018.05.29 01:59:00.912,12.99028,12.99299,0.00,0.00
2018.05.29 01:59:01.013,12.99029,12.99301,0.00,0.00
2018.05.29 01:59:01.162,12.99018,12.99301,0.00,0.00
2018.05.29 01:59:01.555,12.99028,12.99301,0.00,0.00
2018.05.29 01:59:02.008,12.99019,12.99282,0.00,0.00
2018.05.29 01:59:02.221,12.98999,12.99271,0.00,0.00
2018.05.29 01:59:02.272,12.99008,12.99271,0.00,0.00
2018.05.29 01:59:02.576,12.98999,12.99272,0.00,0.00
2018.05.29 01:59:02.772,12.98999,12.99249,0.00,0.00
2018.05.29 01:59:03.331,12.99008,12.99249,0.00,0.00
2018.05.29 01:59:03.382,12.99008,12.99281,0.00,0.00
2018.05.29 01:59:05.119,12.99018,12.99281,0.00,0.00
2018.05.29 01:59:05.641,12.99008,12.99251,0.00,0.00
2018.05.29 01:59:06.789,12.98998,12.99251,0.00,0.00
2018.05.29 01:59:06.840,12.99008,12.99249,0.00,0.00
2018.05.29 01:59:06.891,12.99008,12.99282,0.00,0.00
2018.05.29 01:59:07.835,12.99019,12.99282,0.00,0.00
2018.05.29 01:59:12.134,12.99018,12.99282,0.00,0.00
2018.05.29 01:59:12.537,12.98998,12.99261,0.00,0.00
2018.05.29 01:59:12.906,12.98998,12.99239,0.00,0.00
2018.05.29 01:59:13.245,12.98998,12.99229,0.00,0.00
2018.05.29 01:59:16.915,12.98998,12.99248,0.00,0.00
2018.05.29 01:59:16.966,12.98998,12.99231,0.00,0.00
2018.05.29 01:59:17.018,12.98962,12.99229,0.00,0.00
2018.05.29 01:59:17.180,12.98962,12.99202,0.00,0.00
2018.05.29 01:59:17.331,12.98928,12.99202,0.00,0.00
2018.05.29 01:59:26.593,12.98919,12.99221,0.00,0.00
2018.05.29 01:59:26.654,12.98938,12.99221,0.00,0.00
2018.05.29 01:59:27.204,12.98938,12.99222,0.00,0.00
2018.05.29 01:59:27.796,12.98938,12.99209,0.00,0.00
2018.05.29 01:59:29.022,12.98928,12.99209,0.00,0.00
2018.05.29 01:59:29.657,12.98928,12.99201,0.00,0.00
2018.05.29 01:59:35.117,12.98928,12.99209,0.00,0.00
2018.05.29 01:59:35.168,12.98948,12.99228,0.00,0.00
2018.05.29 01:59:35.785,12.98948,12.99212,0.00,0.00
2018.05.29 01:59:36.496,12.98928,12.99209,0.00,0.00
2018.05.29 01:59:36.547,12.98932,12.99209,0.00,0.00
2018.05.29 01:59:37.315,12.98928,12.99209,0.00,0.00
2018.05.29 01:59:37.486,12.98932,12.99209,0.00,0.00
2018.05.29 01:59:37.604,12.98932,12.99222,0.00,0.00
2018.05.29 01:59:38.834,12.98932,12.99209,0.00,0.00
2018.05.29 01:59:41.125,12.98929,12.99209,0.00,0.00
2018.05.29 01:59:45.213,12.98929,12.99222,0.00,0.00
2018.05.29 01:59:45.264,12.98961,12.99222,0.00,0.00
2018.05.29 01:59:45.587,12.99008,12.99291,0.00,0.00
2018.05.29 01:59:46.120,12.99019,12.99291,0.00,0.00
2018.05.29 01:59:46.171,12.99009,12.99291,0.00,0.00
2018.05.29 01:59:58.782,12.99038,12.99291,0.00,0.00
