2017.03.23 13:00:00.083,12.52052,12.52271,0.00,0.00
2017.03.23 13:00:00.134,12.51989,12.52271,0.00,0.00
2017.03.23 13:00:00.184,12.52028,12.52282,0.00,0.00
2017.03.23 13:00:00.235,12.52051,12.52312,0.00,0.00
2017.03.23 13:00:00.336,12.52051,12.52322,0.00,0.00
2017.03.23 13:00:00.386,12.52118,12.52331,0.00,0.00
2017.03.23 13:00:00.739,12.52128,12.52331,0.00,0.00
2017.03.23 13:00:01.046,12.52139,12.52331,0.00,0.00
2017.03.23 13:00:01.097,12.52151,12.52381,0.00,0.00
2017.03.23 13:00:01.198,12.52171,12.52422,0.00,0.00
2017.03.23 13:00:01.248,12.52208,12.52431,0.00,0.00
2017.03.23 13:00:01.349,12.52228,12.52469,0.00,0.00
2017.03.23 13:00:01.520,12.52208,12.52469,0.00,0.00
2017.03.23 13:00:01.791,12.52219,12.52469,0.00,0.00
2017.03.23 13:00:02.094,12.52259,12.52469,0.00,0.00
2017.03.23 13:00:02.145,12.52259,12.52478,0.00,0.00
2017.03.23 13:00:02.245,12.52228,12.52472,0.00,0.00
2017.03.23 13:00:02.462,12.52238,12.52472,0.00,0.00
2017.03.23 13:00:02.780,12.52209,12.52472,0.00,0.00
2017.03.23 13:00:02.946,12.52199,12.52472,0.00,0.00
2017.03.23 13:00:03.167,12.52208,12.52472,0.00,0.00
2017.03.23 13:00:03.539,12.52228,12.52472,0.00,0.00
2017.03.23 13:00:03.590,12.52199,12.52472,0.00,0.00
2017.03.23 13:00:03.691,12.52218,12.52472,0.00,0.00
2017.03.23 13:00:04.048,12.52198,12.52472,0.00,0.00
2017.03.23 13:00:04.172,12.52229,12.52452,0.00,0.00
2017.03.23 13:00:04.373,12.52108,12.52372,0.00,0.00
2017.03.23 13:00:04.536,12.52149,12.52392,0.00,0.00
2017.03.23 13:00:04.857,12.52139,12.52371,0.00,0.00
2017.03.23 13:00:04.981,12.52119,12.52371,0.00,0.00
2017.03.23 13:00:05.187,12.52099,12.52371,0.00,0.00
2017.03.23 13:00:05.300,12.52118,12.52371,0.00,0.00
2017.03.23 13:00:05.422,12.52099,12.52371,0.00,0.00
2017.03.23 13:00:05.473,12.52152,12.52371,0.00,0.00
2017.03.23 13:00:05.968,12.52098,12.52322,0.00,0.00
2017.03.23 13:00:06.069,12.52099,12.52371,0.00,0.00
2017.03.23 13:00:06.271,12.52099,12.52362,0.00,0.00
2017.03.23 13:00:06.594,12.52118,12.52371,0.00,0.00
2017.03.23 13:00:06.695,12.52099,12.52362,0.00,0.00
2017.03.23 13:00:06.760,12.52099,12.52368,0.00,0.00
2017.03.23 13:00:06.888,12.52118,12.52368,0.00,0.00
2017.03.23 13:00:06.989,12.52109,12.52368,0.00,0.00
2017.03.23 13:00:07.110,12.52099,12.52368,0.00,0.00
2017.03.23 13:00:07.161,12.52118,12.52368,0.00,0.00
2017.03.23 13:00:07.296,12.52099,12.52368,0.00,0.00
2017.03.23 13:00:07.410,12.52118,12.52368,0.00,0.00
2017.03.23 13:00:07.692,12.52099,12.52371,0.00,0.00
2017.03.23 13:00:08.137,12.52149,12.52408,0.00,0.00
2017.03.23 13:00:08.239,12.52112,12.52372,0.00,0.00
2017.03.23 13:00:08.289,12.52128,12.52372,0.00,0.00
2017.03.23 13:00:08.605,12.52201,12.52471,0.00,0.00
2017.03.23 13:00:08.708,12.52208,12.52471,0.00,0.00
2017.03.23 13:00:08.859,12.52148,12.52422,0.00,0.00
2017.03.23 13:00:08.967,12.52148,12.52402,0.00,0.00
2017.03.23 13:00:09.168,12.52148,12.52422,0.00,0.00
2017.03.23 13:00:09.414,12.52199,12.52402,0.00,0.00
2017.03.23 13:00:09.717,12.52402,12.52592,0.00,0.00
2017.03.23 13:00:09.923,12.52498,12.52722,0.00,0.00
2017.03.23 13:00:09.973,12.52519,12.52722,0.00,0.00
2017.03.23 13:00:10.024,12.52519,12.52759,0.00,0.00
2017.03.23 13:00:10.075,12.52478,12.52672,0.00,0.00
2017.03.23 13:00:10.175,12.52451,12.52702,0.00,0.00
2017.03.23 13:00:10.365,12.52501,12.52702,0.00,0.00
2017.03.23 13:00:10.415,12.52498,12.52742,0.00,0.00
2017.03.23 13:00:10.466,12.52458,12.52722,0.00,0.00
2017.03.23 13:00:10.516,12.52518,12.52722,0.00,0.00
2017.03.23 13:00:10.620,12.52448,12.52711,0.00,0.00
2017.03.23 13:00:10.670,12.52498,12.52711,0.00,0.00
2017.03.23 13:00:10.775,12.52498,12.52731,0.00,0.00
2017.03.23 13:00:10.825,12.52598,12.52731,0.00,0.00
2017.03.23 13:00:10.876,12.52598,12.52782,0.00,0.00
2017.03.23 13:00:10.977,12.52529,12.52762,0.00,0.00
2017.03.23 13:00:11.304,12.52499,12.52762,0.00,0.00
2017.03.23 13:00:11.356,12.52539,12.52781,0.00,0.00
2017.03.23 13:00:11.611,12.52688,12.52962,0.00,0.00
2017.03.23 13:00:11.724,12.52698,12.52962,0.00,0.00
2017.03.23 13:00:12.043,12.52728,12.52989,0.00,0.00
2017.03.23 13:00:12.350,12.52672,12.52922,0.00,0.00
2017.03.23 13:00:12.605,12.52738,12.53022,0.00,0.00
2017.03.23 13:00:12.731,12.52728,12.52991,0.00,0.00
2017.03.23 13:00:12.833,12.52728,12.53002,0.00,0.00
2017.03.23 13:00:13.037,12.52769,12.53022,0.00,0.00
2017.03.23 13:00:13.301,12.52729,12.53002,0.00,0.00
2017.03.23 13:00:13.513,12.52758,12.53022,0.00,0.00
2017.03.23 13:00:13.686,12.52729,12.53012,0.00,0.00
2017.03.23 13:00:13.787,12.52729,12.52992,0.00,0.00
2017.03.23 13:00:14.028,12.52661,12.52931,0.00,0.00
2017.03.23 13:00:14.079,12.52651,12.52832,0.00,0.00
2017.03.23 13:00:14.129,12.52648,12.52832,0.00,0.00
2017.03.23 13:00:14.230,12.52618,12.52822,0.00,0.00
2017.03.23 13:00:14.288,12.52569,12.52822,0.00,0.00
2017.03.23 13:00:14.394,12.52599,12.52822,0.00,0.00
2017.03.23 13:00:14.507,12.52569,12.52822,0.00,0.00
2017.03.23 13:00:14.629,12.52642,12.52851,0.00,0.00
2017.03.23 13:00:14.730,12.52642,12.52892,0.00,0.00
2017.03.23 13:00:14.790,12.52678,12.52921,0.00,0.00
2017.03.23 13:00:15.202,12.52741,12.52922,0.00,0.00
2017.03.23 13:00:15.252,12.52749,12.53031,0.00,0.00
2017.03.23 13:00:15.303,12.52779,12.53032,0.00,0.00
2017.03.23 13:00:15.724,12.52748,12.52961,0.00,0.00
2017.03.23 13:00:15.918,12.52741,12.52961,0.00,0.00
2017.03.23 13:00:15.993,12.52749,12.52961,0.00,0.00
2017.03.23 13:00:16.336,12.52741,12.52961,0.00,0.00
2017.03.23 13:00:16.745,12.52728,12.52911,0.00,0.00
2017.03.23 13:00:16.896,12.52659,12.52861,0.00,0.00
2017.03.23 13:00:17.001,12.52641,12.52861,0.00,0.00
2017.03.23 13:00:17.214,12.52698,12.52861,0.00,0.00
2017.03.23 13:00:17.333,12.52689,12.52861,0.00,0.00
2017.03.23 13:00:17.396,12.52648,12.52861,0.00,0.00
2017.03.23 13:00:17.500,12.52659,12.52861,0.00,0.00
2017.03.23 13:00:17.847,12.52669,12.52861,0.00,0.00
2017.03.23 13:00:18.338,12.52708,12.52861,0.00,0.00
2017.03.23 13:00:18.602,12.52588,12.52762,0.00,0.00
2017.03.23 13:00:19.334,12.52589,12.52762,0.00,0.00
2017.03.23 13:00:19.416,12.52598,12.52762,0.00,0.00
2017.03.23 13:00:19.540,12.52589,12.52762,0.00,0.00
2017.03.23 13:00:19.605,12.52618,12.52762,0.00,0.00
2017.03.23 13:00:19.707,12.52588,12.52762,0.00,0.00
2017.03.23 13:00:19.817,12.52599,12.52762,0.00,0.00
2017.03.23 13:00:20.058,12.52578,12.52762,0.00,0.00
2017.03.23 13:00:20.209,12.52608,12.52762,0.00,0.00
2017.03.23 13:00:20.554,12.52589,12.52762,0.00,0.00
2017.03.23 13:00:20.828,12.52598,12.52762,0.00,0.00
2017.03.23 13:00:21.123,12.52588,12.52762,0.00,0.00
2017.03.23 13:00:21.225,12.52549,12.52762,0.00,0.00
2017.03.23 13:00:21.335,12.52579,12.52762,0.00,0.00
2017.03.23 13:00:21.720,12.52618,12.52762,0.00,0.00
2017.03.23 13:00:21.916,12.52589,12.52762,0.00,0.00
2017.03.23 13:00:22.239,12.52608,12.52762,0.00,0.00
2017.03.23 13:00:22.469,12.52589,12.52762,0.00,0.00
2017.03.23 13:00:22.525,12.52618,12.52762,0.00,0.00
2017.03.23 13:00:22.718,12.52588,12.52762,0.00,0.00
2017.03.23 13:00:23.054,12.52598,12.52762,0.00,0.00
2017.03.23 13:00:23.155,12.52589,12.52762,0.00,0.00
2017.03.23 13:00:23.257,12.52618,12.52762,0.00,0.00
2017.03.23 13:00:23.461,12.52598,12.52762,0.00,0.00
2017.03.23 13:00:23.765,12.52628,12.52762,0.00,0.00
2017.03.23 13:00:23.816,12.52662,12.52811,0.00,0.00
2017.03.23 13:00:23.866,12.52671,12.52811,0.00,0.00
2017.03.23 13:00:23.917,12.52671,12.52861,0.00,0.00
2017.03.23 13:00:23.967,12.52768,12.52868,0.00,0.00
2017.03.23 13:00:24.123,12.52728,12.52862,0.00,0.00
2017.03.23 13:00:24.224,12.52761,12.52942,0.00,0.00
2017.03.23 13:00:24.324,12.52818,12.52962,0.00,0.00
2017.03.23 13:00:24.538,12.52779,12.52962,0.00,0.00
2017.03.23 13:00:24.647,12.52799,12.52962,0.00,0.00
2017.03.23 13:00:24.933,12.52778,12.52962,0.00,0.00
2017.03.23 13:00:25.042,12.52788,12.52962,0.00,0.00
2017.03.23 13:00:25.329,12.52778,12.52962,0.00,0.00
2017.03.23 13:00:25.433,12.52808,12.52962,0.00,0.00
2017.03.23 13:00:25.658,12.52808,12.53041,0.00,0.00
2017.03.23 13:00:25.907,12.52779,12.53042,0.00,0.00
2017.03.23 13:00:25.957,12.52789,12.53042,0.00,0.00
2017.03.23 13:00:26.277,12.52772,12.52961,0.00,0.00
2017.03.23 13:00:26.592,12.52789,12.52961,0.00,0.00
2017.03.23 13:00:26.643,12.52778,12.52961,0.00,0.00
2017.03.23 13:00:26.895,12.52789,12.52961,0.00,0.00
2017.03.23 13:00:27.156,12.52779,12.52961,0.00,0.00
2017.03.23 13:00:27.261,12.52798,12.52961,0.00,0.00
2017.03.23 13:00:27.477,12.52779,12.52961,0.00,0.00
2017.03.23 13:00:27.832,12.52788,12.52961,0.00,0.00
2017.03.23 13:00:28.057,12.52769,12.52961,0.00,0.00
2017.03.23 13:00:28.133,12.52798,12.52961,0.00,0.00
2017.03.23 13:00:28.348,12.52789,12.52961,0.00,0.00
2017.03.23 13:00:28.433,12.52768,12.52961,0.00,0.00
2017.03.23 13:00:28.665,12.52788,12.52961,0.00,0.00
2017.03.23 13:00:28.771,12.52769,12.52961,0.00,0.00
2017.03.23 13:00:28.872,12.52798,12.52961,0.00,0.00
2017.03.23 13:00:29.135,12.52769,12.52961,0.00,0.00
2017.03.23 13:00:29.645,12.52809,12.52961,0.00,0.00
2017.03.23 13:00:29.810,12.52809,12.53012,0.00,0.00
2017.03.23 13:00:29.861,12.52852,12.53012,0.00,0.00
2017.03.23 13:00:29.911,12.52852,12.53061,0.00,0.00
2017.03.23 13:00:29.962,12.52878,12.53061,0.00,0.00
2017.03.23 13:00:30.274,12.52889,12.53061,0.00,0.00
2017.03.23 13:00:30.375,12.52869,12.53061,0.00,0.00
2017.03.23 13:00:30.552,12.52859,12.53061,0.00,0.00
2017.03.23 13:00:30.662,12.52879,12.53061,0.00,0.00
2017.03.23 13:00:30.738,12.52859,12.53061,0.00,0.00
2017.03.23 13:00:30.853,12.52888,12.53061,0.00,0.00
2017.03.23 13:00:30.955,12.52872,12.53061,0.00,0.00
2017.03.23 13:00:31.151,12.52889,12.53061,0.00,0.00
2017.03.23 13:00:31.386,12.52971,12.53192,0.00,0.00
2017.03.23 13:00:31.441,12.52998,12.53242,0.00,0.00
2017.03.23 13:00:31.491,12.53082,12.53242,0.00,0.00
2017.03.23 13:00:31.542,12.53082,12.53302,0.00,0.00
2017.03.23 13:00:31.592,12.53181,12.53302,0.00,0.00
2017.03.23 13:00:31.781,12.53188,12.53442,0.00,0.00
2017.03.23 13:00:31.887,12.53208,12.53442,0.00,0.00
2017.03.23 13:00:31.992,12.53181,12.53442,0.00,0.00
2017.03.23 13:00:32.043,12.53199,12.53442,0.00,0.00
2017.03.23 13:00:32.249,12.53091,12.53342,0.00,0.00
2017.03.23 13:00:32.473,12.53118,12.53342,0.00,0.00
2017.03.23 13:00:32.689,12.53091,12.53342,0.00,0.00
2017.03.23 13:00:32.744,12.53119,12.53342,0.00,0.00
2017.03.23 13:00:32.956,12.53091,12.53342,0.00,0.00
2017.03.23 13:00:33.451,12.53108,12.53342,0.00,0.00
2017.03.23 13:00:33.558,12.53091,12.53342,0.00,0.00
2017.03.23 13:00:33.763,12.53109,12.53342,0.00,0.00
2017.03.23 13:00:34.118,12.53118,12.53342,0.00,0.00
2017.03.23 13:00:34.168,12.53091,12.53342,0.00,0.00
2017.03.23 13:00:34.374,12.53098,12.53342,0.00,0.00
2017.03.23 13:00:34.709,12.53272,12.53392,0.00,0.00
2017.03.23 13:00:34.759,12.53182,12.53392,0.00,0.00
2017.03.23 13:00:34.810,12.53182,12.53442,0.00,0.00
2017.03.23 13:00:34.860,12.53249,12.53442,0.00,0.00
2017.03.23 13:00:34.962,12.53238,12.53451,0.00,0.00
2017.03.23 13:00:35.063,12.53228,12.53451,0.00,0.00
2017.03.23 13:00:35.212,12.53199,12.53451,0.00,0.00
2017.03.23 13:00:35.264,12.53178,12.53451,0.00,0.00
2017.03.23 13:00:35.369,12.53168,12.53401,0.00,0.00
2017.03.23 13:00:35.599,12.53109,12.53352,0.00,0.00
2017.03.23 13:00:35.701,12.53138,12.53352,0.00,0.00
2017.03.23 13:00:35.769,12.53149,12.53391,0.00,0.00
2017.03.23 13:00:35.851,12.53208,12.53451,0.00,0.00
2017.03.23 13:00:35.972,12.53199,12.53451,0.00,0.00
2017.03.23 13:00:36.073,12.53149,12.53431,0.00,0.00
2017.03.23 13:00:36.181,12.53188,12.53451,0.00,0.00
2017.03.23 13:00:36.362,12.53149,12.53432,0.00,0.00
2017.03.23 13:00:36.513,12.53189,12.53402,0.00,0.00
2017.03.23 13:00:36.563,12.53159,12.53402,0.00,0.00
2017.03.23 13:00:36.628,12.53159,12.53352,0.00,0.00
2017.03.23 13:00:36.679,12.53099,12.53352,0.00,0.00
2017.03.23 13:00:36.753,12.53129,12.53352,0.00,0.00
2017.03.23 13:00:37.094,12.53108,12.53352,0.00,0.00
2017.03.23 13:00:37.154,12.53128,12.53352,0.00,0.00
2017.03.23 13:00:37.296,12.53088,12.53352,0.00,0.00
2017.03.23 13:00:37.397,12.53128,12.53352,0.00,0.00
2017.03.23 13:00:37.673,12.53158,12.53442,0.00,0.00
2017.03.23 13:00:37.774,12.53209,12.53452,0.00,0.00
2017.03.23 13:00:37.956,12.53181,12.53442,0.00,0.00
2017.03.23 13:00:38.057,12.53181,12.53452,0.00,0.00
2017.03.23 13:00:38.107,12.53181,12.53351,0.00,0.00
2017.03.23 13:00:38.158,12.53108,12.53351,0.00,0.00
2017.03.23 13:00:38.260,12.53091,12.53351,0.00,0.00
2017.03.23 13:00:38.361,12.53128,12.53351,0.00,0.00
2017.03.23 13:00:38.462,12.53078,12.53351,0.00,0.00
2017.03.23 13:00:38.917,12.53078,12.53251,0.00,0.00
2017.03.23 13:00:38.968,12.53058,12.53251,0.00,0.00
2017.03.23 13:00:39.068,12.52998,12.53251,0.00,0.00
2017.03.23 13:00:39.187,12.53028,12.53251,0.00,0.00
2017.03.23 13:00:39.289,12.52989,12.53251,0.00,0.00
2017.03.23 13:00:39.397,12.52998,12.53251,0.00,0.00
2017.03.23 13:00:39.691,12.52988,12.53252,0.00,0.00
2017.03.23 13:00:39.742,12.52988,12.53202,0.00,0.00
2017.03.23 13:00:39.792,12.52969,12.53202,0.00,0.00
2017.03.23 13:00:39.843,12.52969,12.53152,0.00,0.00
2017.03.23 13:00:39.893,12.52909,12.53152,0.00,0.00
2017.03.23 13:00:39.994,12.52961,12.53202,0.00,0.00
2017.03.23 13:00:40.096,12.52998,12.53251,0.00,0.00
2017.03.23 13:00:40.199,12.53028,12.53251,0.00,0.00
2017.03.23 13:00:40.261,12.53009,12.53251,0.00,0.00
2017.03.23 13:00:40.362,12.52978,12.53251,0.00,0.00
2017.03.23 13:00:40.671,12.53008,12.53252,0.00,0.00
2017.03.23 13:00:40.861,12.52969,12.53251,0.00,0.00
2017.03.23 13:00:40.965,12.53018,12.53252,0.00,0.00
2017.03.23 13:00:41.199,12.52978,12.53252,0.00,0.00
2017.03.23 13:00:41.404,12.53008,12.53209,0.00,0.00
2017.03.23 13:00:41.505,12.52898,12.53162,0.00,0.00
2017.03.23 13:00:41.668,12.52929,12.53162,0.00,0.00
2017.03.23 13:00:41.774,12.52909,12.53162,0.00,0.00
2017.03.23 13:00:41.874,12.52888,12.53162,0.00,0.00
2017.03.23 13:00:42.093,12.52928,12.53162,0.00,0.00
2017.03.23 13:00:42.164,12.52908,12.53162,0.00,0.00
2017.03.23 13:00:42.285,12.52928,12.53162,0.00,0.00
2017.03.23 13:00:42.468,12.52899,12.53162,0.00,0.00
2017.03.23 13:00:42.634,12.52908,12.53178,0.00,0.00
2017.03.23 13:00:42.685,12.52929,12.53211,0.00,0.00
2017.03.23 13:00:42.785,12.52968,12.53252,0.00,0.00
2017.03.23 13:00:42.886,12.52989,12.53259,0.00,0.00
2017.03.23 13:00:43.098,12.52978,12.53259,0.00,0.00
2017.03.23 13:00:43.574,12.53009,12.53259,0.00,0.00
2017.03.23 13:00:43.675,12.52888,12.53161,0.00,0.00
2017.03.23 13:00:43.776,12.52888,12.53159,0.00,0.00
2017.03.23 13:00:44.217,12.52918,12.53159,0.00,0.00
2017.03.23 13:00:44.269,12.52878,12.53159,0.00,0.00
2017.03.23 13:00:44.509,12.52909,12.53159,0.00,0.00
2017.03.23 13:00:44.914,12.52898,12.53159,0.00,0.00
2017.03.23 13:00:44.970,12.52908,12.53159,0.00,0.00
2017.03.23 13:00:45.179,12.52878,12.53149,0.00,0.00
2017.03.23 13:00:45.281,12.52868,12.53149,0.00,0.00
2017.03.23 13:00:45.395,12.52879,12.53149,0.00,0.00
2017.03.23 13:00:45.710,12.52908,12.53149,0.00,0.00
2017.03.23 13:00:45.786,12.52898,12.53149,0.00,0.00
2017.03.23 13:00:45.915,12.52859,12.53142,0.00,0.00
2017.03.23 13:00:45.974,12.52898,12.53149,0.00,0.00
2017.03.23 13:00:46.081,12.52859,12.53142,0.00,0.00
2017.03.23 13:00:46.315,12.52859,12.53118,0.00,0.00
2017.03.23 13:00:46.806,12.52878,12.53118,0.00,0.00
2017.03.23 13:00:47.012,12.52859,12.53118,0.00,0.00
2017.03.23 13:00:47.451,12.52888,12.53118,0.00,0.00
2017.03.23 13:00:47.502,12.52859,12.53118,0.00,0.00
2017.03.23 13:00:47.708,12.52869,12.53118,0.00,0.00
2017.03.23 13:00:47.780,12.52859,12.53118,0.00,0.00
2017.03.23 13:00:47.831,12.52849,12.53118,0.00,0.00
2017.03.23 13:00:47.882,12.52849,12.53029,0.00,0.00
2017.03.23 13:00:47.982,12.52819,12.53008,0.00,0.00
2017.03.23 13:00:48.090,12.52768,12.53008,0.00,0.00
2017.03.23 13:00:48.581,12.52779,12.53008,0.00,0.00
2017.03.23 13:00:48.813,12.52758,12.53008,0.00,0.00
2017.03.23 13:00:48.882,12.52799,12.53008,0.00,0.00
2017.03.23 13:00:49.385,12.52788,12.53008,0.00,0.00
2017.03.23 13:00:49.487,12.52758,12.53008,0.00,0.00
2017.03.23 13:00:49.784,12.52768,12.53008,0.00,0.00
2017.03.23 13:00:49.996,12.52748,12.53008,0.00,0.00
2017.03.23 13:00:50.100,12.52759,12.53008,0.00,0.00
2017.03.23 13:00:50.705,12.52789,12.53008,0.00,0.00
2017.03.23 13:00:50.916,12.52759,12.53008,0.00,0.00
2017.03.23 13:00:50.985,12.52749,12.53008,0.00,0.00
2017.03.23 13:00:51.220,12.52768,12.53008,0.00,0.00
2017.03.23 13:00:51.394,12.52758,12.53008,0.00,0.00
2017.03.23 13:00:51.487,12.52748,12.53008,0.00,0.00
2017.03.23 13:00:51.719,12.52758,12.53008,0.00,0.00
2017.03.23 13:00:51.834,12.52748,12.53008,0.00,0.00
2017.03.23 13:00:51.885,12.52758,12.53008,0.00,0.00
2017.03.23 13:00:52.223,12.52779,12.53008,0.00,0.00
2017.03.23 13:00:52.288,12.52759,12.53008,0.00,0.00
2017.03.23 13:00:52.588,12.52779,12.53008,0.00,0.00
2017.03.23 13:00:52.947,12.52749,12.53008,0.00,0.00
2017.03.23 13:00:53.104,12.52778,12.53008,0.00,0.00
2017.03.23 13:00:53.306,12.52668,12.52919,0.00,0.00
2017.03.23 13:00:53.496,12.52699,12.52919,0.00,0.00
2017.03.23 13:00:53.547,12.52699,12.52952,0.00,0.00
2017.03.23 13:00:53.647,12.52749,12.52972,0.00,0.00
2017.03.23 13:00:53.698,12.52759,12.53019,0.00,0.00
2017.03.23 13:00:53.815,12.52778,12.53019,0.00,0.00
2017.03.23 13:00:53.925,12.52758,12.53019,0.00,0.00
2017.03.23 13:00:53.991,12.52749,12.53019,0.00,0.00
2017.03.23 13:00:54.292,12.52778,12.53019,0.00,0.00
2017.03.23 13:00:54.392,12.52749,12.53019,0.00,0.00
2017.03.23 13:00:54.600,12.52758,12.53019,0.00,0.00
2017.03.23 13:00:54.905,12.52769,12.53018,0.00,0.00
2017.03.23 13:00:55.105,12.52749,12.53018,0.00,0.00
2017.03.23 13:00:55.214,12.52778,12.53018,0.00,0.00
2017.03.23 13:00:55.982,12.52769,12.53018,0.00,0.00
2017.03.23 13:00:56.032,12.52789,12.53018,0.00,0.00
2017.03.23 13:00:56.196,12.52759,12.53018,0.00,0.00
2017.03.23 13:00:56.297,12.52729,12.52918,0.00,0.00
2017.03.23 13:00:56.398,12.52719,12.52918,0.00,0.00
2017.03.23 13:00:56.508,12.52669,12.52918,0.00,0.00
2017.03.23 13:00:56.563,12.52669,12.52881,0.00,0.00
2017.03.23 13:00:56.614,12.52659,12.52881,0.00,0.00
2017.03.23 13:00:56.769,12.52671,12.52931,0.00,0.00
2017.03.23 13:00:56.819,12.52659,12.52919,0.00,0.00
2017.03.23 13:00:57.266,12.52689,12.52881,0.00,0.00
2017.03.23 13:00:57.316,12.52668,12.52881,0.00,0.00
2017.03.23 13:00:57.398,12.52648,12.52881,0.00,0.00
2017.03.23 13:00:57.599,12.52639,12.52881,0.00,0.00
2017.03.23 13:00:57.799,12.52658,12.52881,0.00,0.00
2017.03.23 13:00:58.011,12.52648,12.52881,0.00,0.00
2017.03.23 13:00:58.200,12.52678,12.52881,0.00,0.00
2017.03.23 13:00:58.333,12.52638,12.52881,0.00,0.00
2017.03.23 13:00:58.449,12.52678,12.52881,0.00,0.00
2017.03.23 13:00:58.701,12.52648,12.52881,0.00,0.00
2017.03.23 13:00:59.502,12.52678,12.52881,0.00,0.00
2017.03.23 13:00:59.925,12.52648,12.52881,0.00,0.00
2017.03.23 13:01:00.026,12.52668,12.52881,0.00,0.00
2017.03.23 13:01:00.289,12.52678,12.52929,0.00,0.00
2017.03.23 13:01:00.340,12.52658,12.52929,0.00,0.00
2017.03.23 13:01:00.390,12.52648,12.52881,0.00,0.00
2017.03.23 13:01:00.767,12.52679,12.52881,0.00,0.00
2017.03.23 13:01:00.837,12.52679,12.52929,0.00,0.00
2017.03.23 13:01:00.888,12.52679,12.52881,0.00,0.00
2017.03.23 13:01:01.056,12.52679,12.52892,0.00,0.00
2017.03.23 13:01:01.107,12.52639,12.52892,0.00,0.00
2017.03.23 13:01:01.712,12.52681,12.52921,0.00,0.00
2017.03.23 13:01:01.766,12.52719,12.52961,0.00,0.00
2017.03.23 13:01:01.817,12.52739,12.52929,0.00,0.00
2017.03.23 13:01:01.917,12.52688,12.52891,0.00,0.00
2017.03.23 13:01:02.018,12.52629,12.52891,0.00,0.00
2017.03.23 13:01:02.137,12.52659,12.52891,0.00,0.00
2017.03.23 13:01:02.409,12.52629,12.52891,0.00,0.00
2017.03.23 13:01:02.631,12.52659,12.52891,0.00,0.00
2017.03.23 13:01:02.809,12.52628,12.52891,0.00,0.00
2017.03.23 13:01:02.943,12.52658,12.52891,0.00,0.00
2017.03.23 13:01:03.119,12.52668,12.52929,0.00,0.00
2017.03.23 13:01:03.170,12.52718,12.52931,0.00,0.00
2017.03.23 13:01:03.421,12.52638,12.52891,0.00,0.00
2017.03.23 13:01:03.724,12.52619,12.52891,0.00,0.00
2017.03.23 13:01:03.952,12.52659,12.52891,0.00,0.00
2017.03.23 13:01:04.220,12.52619,12.52891,0.00,0.00
2017.03.23 13:01:04.387,12.52629,12.52891,0.00,0.00
2017.03.23 13:01:04.776,12.52648,12.52891,0.00,0.00
2017.03.23 13:01:04.941,12.52628,12.52891,0.00,0.00
2017.03.23 13:01:05.015,12.52649,12.52891,0.00,0.00
2017.03.23 13:01:05.217,12.52628,12.52891,0.00,0.00
2017.03.23 13:01:05.318,12.52619,12.52891,0.00,0.00
2017.03.23 13:01:05.432,12.52628,12.52891,0.00,0.00
2017.03.23 13:01:05.929,12.52658,12.52891,0.00,0.00
2017.03.23 13:01:06.131,12.52628,12.52891,0.00,0.00
2017.03.23 13:01:06.655,12.52658,12.52891,0.00,0.00
2017.03.23 13:01:06.757,12.52671,12.52941,0.00,0.00
2017.03.23 13:01:06.867,12.52678,12.52901,0.00,0.00
2017.03.23 13:01:07.027,12.52668,12.52901,0.00,0.00
2017.03.23 13:01:07.136,12.52629,12.52901,0.00,0.00
2017.03.23 13:01:07.564,12.52618,12.52801,0.00,0.00
2017.03.23 13:01:07.736,12.52529,12.52801,0.00,0.00
2017.03.23 13:01:07.787,12.52601,12.52812,0.00,0.00
2017.03.23 13:01:07.838,12.52601,12.52822,0.00,0.00
2017.03.23 13:01:07.888,12.52628,12.52822,0.00,0.00
2017.03.23 13:01:07.939,12.52649,12.52902,0.00,0.00
2017.03.23 13:01:08.162,12.52628,12.52891,0.00,0.00
2017.03.23 13:01:08.221,12.52658,12.52902,0.00,0.00
2017.03.23 13:01:08.785,12.52638,12.52902,0.00,0.00
2017.03.23 13:01:08.835,12.52659,12.52902,0.00,0.00
2017.03.23 13:01:09.023,12.52629,12.52902,0.00,0.00
2017.03.23 13:01:09.524,12.52639,12.52902,0.00,0.00
2017.03.23 13:01:09.859,12.52639,12.52811,0.00,0.00
2017.03.23 13:01:09.960,12.52559,12.52762,0.00,0.00
2017.03.23 13:01:10.025,12.52518,12.52762,0.00,0.00
2017.03.23 13:01:10.225,12.52548,12.52762,0.00,0.00
2017.03.23 13:01:10.326,12.52509,12.52762,0.00,0.00
2017.03.23 13:01:10.526,12.52548,12.52762,0.00,0.00
2017.03.23 13:01:10.706,12.52528,12.52762,0.00,0.00
2017.03.23 13:01:10.757,12.52509,12.52762,0.00,0.00
2017.03.23 13:01:10.928,12.52548,12.52762,0.00,0.00
2017.03.23 13:01:11.127,12.52519,12.52762,0.00,0.00
2017.03.23 13:01:11.476,12.52549,12.52762,0.00,0.00
2017.03.23 13:01:11.528,12.52509,12.52762,0.00,0.00
2017.03.23 13:01:11.860,12.52529,12.52762,0.00,0.00
2017.03.23 13:01:12.214,12.52548,12.52762,0.00,0.00
2017.03.23 13:01:12.278,12.52539,12.52762,0.00,0.00
2017.03.23 13:01:12.329,12.52529,12.52762,0.00,0.00
2017.03.23 13:01:12.634,12.52538,12.52762,0.00,0.00
2017.03.23 13:01:13.039,12.52529,12.52762,0.00,0.00
2017.03.23 13:01:13.142,12.52509,12.52762,0.00,0.00
2017.03.23 13:01:13.547,12.52518,12.52761,0.00,0.00
2017.03.23 13:01:13.881,12.52488,12.52711,0.00,0.00
2017.03.23 13:01:13.931,12.52488,12.52761,0.00,0.00
2017.03.23 13:01:13.982,12.52539,12.52761,0.00,0.00
2017.03.23 13:01:14.135,12.52508,12.52761,0.00,0.00
2017.03.23 13:01:14.254,12.52518,12.52761,0.00,0.00
2017.03.23 13:01:14.333,12.52509,12.52761,0.00,0.00
2017.03.23 13:01:14.473,12.52519,12.52761,0.00,0.00
2017.03.23 13:01:15.367,12.52539,12.52761,0.00,0.00
2017.03.23 13:01:15.435,12.52519,12.52761,0.00,0.00
2017.03.23 13:01:15.565,12.52538,12.52712,0.00,0.00
2017.03.23 13:01:15.672,12.52508,12.52762,0.00,0.00
2017.03.23 13:01:15.776,12.52479,12.52761,0.00,0.00
2017.03.23 13:01:15.836,12.52528,12.52762,0.00,0.00
2017.03.23 13:01:15.936,12.52498,12.52762,0.00,0.00
2017.03.23 13:01:16.069,12.52528,12.52762,0.00,0.00
2017.03.23 13:01:16.337,12.52439,12.52711,0.00,0.00
2017.03.23 13:01:16.475,12.52472,12.52721,0.00,0.00
2017.03.23 13:01:16.576,12.52472,12.52751,0.00,0.00
2017.03.23 13:01:16.637,12.52518,12.52751,0.00,0.00
2017.03.23 13:01:16.959,12.52528,12.52751,0.00,0.00
2017.03.23 13:01:17.038,12.52498,12.52751,0.00,0.00
2017.03.23 13:01:17.138,12.52529,12.52751,0.00,0.00
2017.03.23 13:01:17.239,12.52509,12.52751,0.00,0.00
2017.03.23 13:01:17.290,12.52509,12.52702,0.00,0.00
2017.03.23 13:01:17.390,12.52472,12.52702,0.00,0.00
2017.03.23 13:01:17.496,12.52459,12.52702,0.00,0.00
2017.03.23 13:01:17.547,12.52518,12.52652,0.00,0.00
2017.03.23 13:01:17.648,12.52428,12.52652,0.00,0.00
2017.03.23 13:01:17.773,12.52419,12.52652,0.00,0.00
2017.03.23 13:01:17.940,12.52439,12.52652,0.00,0.00
2017.03.23 13:01:18.064,12.52419,12.52652,0.00,0.00
2017.03.23 13:01:18.485,12.52428,12.52652,0.00,0.00
2017.03.23 13:01:18.790,12.52449,12.52652,0.00,0.00
2017.03.23 13:01:18.891,12.52439,12.52652,0.00,0.00
2017.03.23 13:01:19.327,12.52439,12.52602,0.00,0.00
2017.03.23 13:01:19.377,12.52428,12.52602,0.00,0.00
2017.03.23 13:01:19.428,12.52428,12.52651,0.00,0.00
2017.03.23 13:01:19.528,12.52349,12.52602,0.00,0.00
2017.03.23 13:01:19.579,12.52399,12.52602,0.00,0.00
2017.03.23 13:01:19.680,12.52371,12.52602,0.00,0.00
2017.03.23 13:01:19.781,12.52428,12.52651,0.00,0.00
2017.03.23 13:01:20.046,12.52419,12.52651,0.00,0.00
2017.03.23 13:01:20.206,12.52428,12.52651,0.00,0.00
2017.03.23 13:01:20.256,12.52448,12.52701,0.00,0.00
2017.03.23 13:01:20.366,12.52439,12.52652,0.00,0.00
2017.03.23 13:01:20.565,12.52408,12.52652,0.00,0.00
2017.03.23 13:01:20.684,12.52439,12.52652,0.00,0.00
2017.03.23 13:01:20.935,12.52439,12.52702,0.00,0.00
2017.03.23 13:01:20.986,12.52462,12.52702,0.00,0.00
2017.03.23 13:01:21.289,12.52509,12.52752,0.00,0.00
2017.03.23 13:01:21.350,12.52498,12.52752,0.00,0.00
2017.03.23 13:01:21.594,12.52489,12.52752,0.00,0.00
2017.03.23 13:01:21.645,12.52489,12.52702,0.00,0.00
2017.03.23 13:01:21.746,12.52518,12.52751,0.00,0.00
2017.03.23 13:01:21.851,12.52478,12.52751,0.00,0.00
2017.03.23 13:01:21.965,12.52519,12.52751,0.00,0.00
2017.03.23 13:01:22.180,12.52489,12.52751,0.00,0.00
2017.03.23 13:01:22.295,12.52518,12.52751,0.00,0.00
2017.03.23 13:01:22.562,12.52508,12.52751,0.00,0.00
2017.03.23 13:01:22.663,12.52489,12.52751,0.00,0.00
2017.03.23 13:01:22.790,12.52478,12.52751,0.00,0.00
2017.03.23 13:01:22.855,12.52509,12.52751,0.00,0.00
2017.03.23 13:01:23.199,12.52509,12.52651,0.00,0.00
2017.03.23 13:01:23.300,12.52572,12.52761,0.00,0.00
2017.03.23 13:01:23.406,12.52548,12.52792,0.00,0.00
2017.03.23 13:01:23.507,12.52608,12.52818,0.00,0.00
2017.03.23 13:01:23.658,12.52499,12.52742,0.00,0.00
2017.03.23 13:01:23.789,12.52488,12.52742,0.00,0.00
2017.03.23 13:01:23.892,12.52499,12.52742,0.00,0.00
2017.03.23 13:01:24.198,12.52528,12.52742,0.00,0.00
2017.03.23 13:01:24.298,12.52498,12.52742,0.00,0.00
2017.03.23 13:01:24.507,12.52488,12.52742,0.00,0.00
2017.03.23 13:01:24.860,12.52508,12.52742,0.00,0.00
2017.03.23 13:01:25.182,12.52528,12.52742,0.00,0.00
2017.03.23 13:01:25.283,12.52508,12.52742,0.00,0.00
2017.03.23 13:01:25.362,12.52529,12.52742,0.00,0.00
2017.03.23 13:01:25.592,12.52498,12.52742,0.00,0.00
2017.03.23 13:01:25.702,12.52529,12.52791,0.00,0.00
2017.03.23 13:01:25.878,12.52561,12.52791,0.00,0.00
2017.03.23 13:01:25.929,12.52571,12.52822,0.00,0.00
2017.03.23 13:01:26.036,12.52571,12.52842,0.00,0.00
2017.03.23 13:01:26.087,12.52598,12.52791,0.00,0.00
2017.03.23 13:01:26.187,12.52538,12.52791,0.00,0.00
2017.03.23 13:01:26.238,12.52538,12.52741,0.00,0.00
2017.03.23 13:01:26.289,12.52509,12.52741,0.00,0.00
2017.03.23 13:01:26.391,12.52538,12.52741,0.00,0.00
2017.03.23 13:01:26.557,12.52538,12.52752,0.00,0.00
2017.03.23 13:01:26.666,12.52488,12.52752,0.00,0.00
2017.03.23 13:01:27.092,12.52518,12.52752,0.00,0.00
2017.03.23 13:01:27.571,12.52489,12.52752,0.00,0.00
2017.03.23 13:01:27.964,12.52501,12.52752,0.00,0.00
2017.03.23 13:01:28.369,12.52518,12.52752,0.00,0.00
2017.03.23 13:01:28.791,12.52568,12.52839,0.00,0.00
2017.03.23 13:01:28.841,12.52568,12.52801,0.00,0.00
2017.03.23 13:01:28.892,12.52509,12.52772,0.00,0.00
2017.03.23 13:01:28.942,12.52492,12.52752,0.00,0.00
2017.03.23 13:01:29.372,12.52519,12.52752,0.00,0.00
2017.03.23 13:01:29.693,12.52538,12.52752,0.00,0.00
2017.03.23 13:01:29.798,12.52572,12.52812,0.00,0.00
2017.03.23 13:01:29.899,12.52589,12.52851,0.00,0.00
2017.03.23 13:01:30.067,12.52599,12.52851,0.00,0.00
2017.03.23 13:01:30.386,12.52618,12.52851,0.00,0.00
2017.03.23 13:01:30.614,12.52578,12.52851,0.00,0.00
2017.03.23 13:01:30.795,12.52572,12.52831,0.00,0.00
2017.03.23 13:01:30.896,12.52589,12.52851,0.00,0.00
2017.03.23 13:01:30.946,12.52669,12.52871,0.00,0.00
2017.03.23 13:01:31.210,12.52669,12.52891,0.00,0.00
2017.03.23 13:01:31.615,12.52669,12.52861,0.00,0.00
2017.03.23 13:01:31.909,12.52669,12.52872,0.00,0.00
2017.03.23 13:01:32.027,12.52669,12.52861,0.00,0.00
2017.03.23 13:01:32.200,12.52669,12.52891,0.00,0.00
2017.03.23 13:01:32.280,12.52669,12.52902,0.00,0.00
2017.03.23 13:01:32.511,12.52672,12.52902,0.00,0.00
2017.03.23 13:01:32.833,12.52768,12.52981,0.00,0.00
2017.03.23 13:01:33.276,12.52718,12.52981,0.00,0.00
2017.03.23 13:01:33.394,12.52718,12.52972,0.00,0.00
2017.03.23 13:01:33.705,12.52668,12.52912,0.00,0.00
2017.03.23 13:01:34.087,12.52668,12.52882,0.00,0.00
2017.03.23 13:01:34.195,12.52668,12.52891,0.00,0.00
2017.03.23 13:01:34.588,12.52668,12.52912,0.00,0.00
2017.03.23 13:01:34.689,12.52668,12.52891,0.00,0.00
2017.03.23 13:01:34.926,12.52668,12.52922,0.00,0.00
2017.03.23 13:01:35.090,12.52668,12.52892,0.00,0.00
2017.03.23 13:01:35.591,12.52668,12.52922,0.00,0.00
2017.03.23 13:01:35.924,12.52718,12.52922,0.00,0.00
2017.03.23 13:01:36.092,12.52769,12.52992,0.00,0.00
2017.03.23 13:01:36.307,12.52769,12.52952,0.00,0.00
2017.03.23 13:01:36.409,12.52769,12.52972,0.00,0.00
2017.03.23 13:01:36.510,12.52769,12.52952,0.00,0.00
2017.03.23 13:01:36.616,12.52719,12.52952,0.00,0.00
2017.03.23 13:01:36.727,12.52768,12.52982,0.00,0.00
2017.03.23 13:01:36.837,12.52718,12.52992,0.00,0.00
2017.03.23 13:01:37.010,12.52769,12.52962,0.00,0.00
2017.03.23 13:01:37.212,12.52769,12.52982,0.00,0.00
2017.03.23 13:01:37.296,12.52769,12.52951,0.00,0.00
2017.03.23 13:01:37.433,12.52769,12.52982,0.00,0.00
2017.03.23 13:01:37.535,12.52769,12.52991,0.00,0.00
2017.03.23 13:01:37.998,12.52769,12.52972,0.00,0.00
2017.03.23 13:01:38.310,12.52769,12.52961,0.00,0.00
2017.03.23 13:01:38.399,12.52769,12.52981,0.00,0.00
2017.03.23 13:01:38.499,12.52769,12.52998,0.00,0.00
2017.03.23 13:01:38.629,12.52769,12.52982,0.00,0.00
2017.03.23 13:01:38.817,12.52769,12.52998,0.00,0.00
2017.03.23 13:01:38.900,12.52769,12.52981,0.00,0.00
2017.03.23 13:01:39.222,12.52718,12.52909,0.00,0.00
2017.03.23 13:01:39.330,12.52669,12.52909,0.00,0.00
2017.03.23 13:01:39.433,12.52669,12.52901,0.00,0.00
2017.03.23 13:01:39.709,12.52669,12.52909,0.00,0.00
2017.03.23 13:01:39.961,12.52658,12.52909,0.00,0.00
2017.03.23 13:01:40.011,12.52658,12.52892,0.00,0.00
2017.03.23 13:01:40.519,12.52658,12.52909,0.00,0.00
2017.03.23 13:01:40.605,12.52658,12.52892,0.00,0.00
2017.03.23 13:01:41.439,12.52658,12.52902,0.00,0.00
2017.03.23 13:01:41.507,12.52658,12.52872,0.00,0.00
2017.03.23 13:01:42.008,12.52658,12.52892,0.00,0.00
2017.03.23 13:01:42.314,12.52658,12.52871,0.00,0.00
2017.03.23 13:01:42.509,12.52658,12.52909,0.00,0.00
2017.03.23 13:01:42.619,12.52658,12.52871,0.00,0.00
2017.03.23 13:01:42.709,12.52658,12.52892,0.00,0.00
2017.03.23 13:01:42.898,12.52608,12.52892,0.00,0.00
2017.03.23 13:01:42.948,12.52608,12.52871,0.00,0.00
2017.03.23 13:01:43.310,12.52658,12.52899,0.00,0.00
2017.03.23 13:01:43.645,12.52658,12.52892,0.00,0.00
2017.03.23 13:01:43.991,12.52668,12.52892,0.00,0.00
2017.03.23 13:01:44.147,12.52668,12.52899,0.00,0.00
2017.03.23 13:01:44.253,12.52668,12.52861,0.00,0.00
2017.03.23 13:01:44.360,12.52668,12.52891,0.00,0.00
2017.03.23 13:01:44.461,12.52619,12.52809,0.00,0.00
2017.03.23 13:01:44.662,12.52569,12.52792,0.00,0.00
2017.03.23 13:01:44.765,12.52569,12.52809,0.00,0.00
2017.03.23 13:01:44.866,12.52569,12.52772,0.00,0.00
2017.03.23 13:01:45.018,12.52569,12.52801,0.00,0.00
2017.03.23 13:01:45.119,12.52569,12.52809,0.00,0.00
2017.03.23 13:01:45.220,12.52569,12.52792,0.00,0.00
2017.03.23 13:01:45.555,12.52618,12.52772,0.00,0.00
2017.03.23 13:01:45.674,12.52628,12.52889,0.00,0.00
2017.03.23 13:01:45.725,12.52669,12.52898,0.00,0.00
2017.03.23 13:01:46.089,12.52619,12.52898,0.00,0.00
2017.03.23 13:01:46.140,12.52618,12.52809,0.00,0.00
2017.03.23 13:01:46.240,12.52568,12.52792,0.00,0.00
2017.03.23 13:01:46.343,12.52568,12.52809,0.00,0.00
2017.03.23 13:01:46.464,12.52619,12.52841,0.00,0.00
2017.03.23 13:01:46.654,12.52568,12.52808,0.00,0.00
2017.03.23 13:01:46.705,12.52568,12.52799,0.00,0.00
2017.03.23 13:01:47.457,12.52568,12.52792,0.00,0.00
2017.03.23 13:01:47.731,12.52518,12.52781,0.00,0.00
2017.03.23 13:01:47.782,12.52518,12.52709,0.00,0.00
2017.03.23 13:01:47.933,12.52469,12.52709,0.00,0.00
2017.03.23 13:01:48.384,12.52518,12.52712,0.00,0.00
2017.03.23 13:01:48.435,12.52518,12.52719,0.00,0.00
2017.03.23 13:01:48.486,12.52468,12.52719,0.00,0.00
2017.03.23 13:01:48.537,12.52488,12.52719,0.00,0.00
2017.03.23 13:01:48.703,12.52478,12.52719,0.00,0.00
2017.03.23 13:01:48.754,12.52468,12.52719,0.00,0.00
2017.03.23 13:01:48.807,12.52518,12.52719,0.00,0.00
2017.03.23 13:01:48.960,12.52518,12.52758,0.00,0.00
2017.03.23 13:01:49.074,12.52478,12.52758,0.00,0.00
2017.03.23 13:01:49.124,12.52478,12.52718,0.00,0.00
2017.03.23 13:01:49.175,12.52468,12.52718,0.00,0.00
2017.03.23 13:01:49.225,12.52518,12.52718,0.00,0.00
2017.03.23 13:01:49.276,12.52518,12.52722,0.00,0.00
2017.03.23 13:01:49.377,12.52569,12.52761,0.00,0.00
2017.03.23 13:01:49.479,12.52569,12.52798,0.00,0.00
2017.03.23 13:01:49.834,12.52569,12.52771,0.00,0.00
2017.03.23 13:01:49.885,12.52518,12.52771,0.00,0.00
2017.03.23 13:01:49.935,12.52518,12.52729,0.00,0.00
2017.03.23 13:01:50.037,12.52468,12.52721,0.00,0.00
2017.03.23 13:01:50.139,12.52468,12.52712,0.00,0.00
2017.03.23 13:01:50.476,12.52519,12.52722,0.00,0.00
2017.03.23 13:01:50.577,12.52568,12.52782,0.00,0.00
2017.03.23 13:01:50.678,12.52568,12.52802,0.00,0.00
2017.03.23 13:01:51.344,12.52528,12.52729,0.00,0.00
2017.03.23 13:01:51.448,12.52468,12.52701,0.00,0.00
2017.03.23 13:01:51.549,12.52468,12.52691,0.00,0.00
2017.03.23 13:01:51.737,12.52468,12.52702,0.00,0.00
2017.03.23 13:01:51.838,12.52468,12.52691,0.00,0.00
2017.03.23 13:01:52.078,12.52468,12.52722,0.00,0.00
2017.03.23 13:01:52.179,12.52468,12.52702,0.00,0.00
2017.03.23 13:01:52.238,12.52469,12.52729,0.00,0.00
2017.03.23 13:01:52.353,12.52468,12.52682,0.00,0.00
2017.03.23 13:01:52.861,12.52468,12.52711,0.00,0.00
2017.03.23 13:01:53.091,12.52429,12.52711,0.00,0.00
2017.03.23 13:01:53.141,12.52438,12.52718,0.00,0.00
2017.03.23 13:01:53.488,12.52439,12.52629,0.00,0.00
2017.03.23 13:01:53.538,12.52439,12.52718,0.00,0.00
2017.03.23 13:01:53.589,12.52398,12.52682,0.00,0.00
2017.03.23 13:01:53.691,12.52469,12.52708,0.00,0.00
2017.03.23 13:01:53.999,12.52469,12.52702,0.00,0.00
2017.03.23 13:01:54.050,12.52469,12.52718,0.00,0.00
2017.03.23 13:01:54.844,12.52469,12.52702,0.00,0.00
2017.03.23 13:01:54.952,12.52469,12.52718,0.00,0.00
2017.03.23 13:01:55.441,12.52481,12.52752,0.00,0.00
2017.03.23 13:01:55.492,12.52528,12.52812,0.00,0.00
2017.03.23 13:01:55.602,12.52569,12.52812,0.00,0.00
2017.03.23 13:01:55.653,12.52569,12.52819,0.00,0.00
2017.03.23 13:01:56.146,12.52569,12.52792,0.00,0.00
2017.03.23 13:01:56.274,12.52569,12.52812,0.00,0.00
2017.03.23 13:01:56.461,12.52569,12.52792,0.00,0.00
2017.03.23 13:01:56.848,12.52569,12.52812,0.00,0.00
2017.03.23 13:01:57.007,12.52568,12.52819,0.00,0.00
2017.03.23 13:01:57.650,12.52568,12.52802,0.00,0.00
2017.03.23 13:01:57.779,12.52568,12.52819,0.00,0.00
2017.03.23 13:01:57.850,12.52568,12.52801,0.00,0.00
2017.03.23 13:01:57.950,12.52568,12.52819,0.00,0.00
2017.03.23 13:01:58.830,12.52538,12.52819,0.00,0.00
2017.03.23 13:01:58.881,12.52559,12.52819,0.00,0.00
2017.03.23 13:01:58.981,12.52539,12.52812,0.00,0.00
2017.03.23 13:01:59.032,12.52539,12.52768,0.00,0.00
2017.03.23 13:01:59.083,12.52469,12.52751,0.00,0.00
2017.03.23 13:01:59.133,12.52482,12.52751,0.00,0.00
2017.03.23 13:01:59.285,12.52498,12.52769,0.00,0.00
2017.03.23 13:01:59.335,12.52498,12.52729,0.00,0.00
2017.03.23 13:01:59.502,12.52448,12.52729,0.00,0.00
2017.03.23 13:01:59.557,12.52429,12.52711,0.00,0.00
2017.03.23 13:02:00.149,12.52429,12.52708,0.00,0.00
2017.03.23 13:02:00.456,12.52458,12.52712,0.00,0.00
2017.03.23 13:02:01.057,12.52432,12.52712,0.00,0.00
2017.03.23 13:02:01.181,12.52458,12.52712,0.00,0.00
2017.03.23 13:02:01.686,12.52432,12.52712,0.00,0.00
2017.03.23 13:02:01.787,12.52448,12.52712,0.00,0.00
2017.03.23 13:02:01.976,12.52439,12.52712,0.00,0.00
2017.03.23 13:02:02.322,12.52431,12.52651,0.00,0.00
2017.03.23 13:02:02.373,12.52431,12.52712,0.00,0.00
2017.03.23 13:02:02.505,12.52448,12.52712,0.00,0.00
2017.03.23 13:02:02.560,12.52431,12.52712,0.00,0.00
2017.03.23 13:02:02.760,12.52458,12.52712,0.00,0.00
2017.03.23 13:02:03.062,12.52431,12.52691,0.00,0.00
2017.03.23 13:02:03.171,12.52431,12.52672,0.00,0.00
2017.03.23 13:02:03.283,12.52439,12.52712,0.00,0.00
2017.03.23 13:02:03.462,12.52431,12.52692,0.00,0.00
2017.03.23 13:02:03.572,12.52431,12.52712,0.00,0.00
2017.03.23 13:02:03.895,12.52431,12.52672,0.00,0.00
2017.03.23 13:02:04.114,12.52349,12.52631,0.00,0.00
2017.03.23 13:02:04.164,12.52432,12.52661,0.00,0.00
2017.03.23 13:02:04.215,12.52421,12.52661,0.00,0.00
2017.03.23 13:02:04.382,12.52422,12.52701,0.00,0.00
2017.03.23 13:02:04.667,12.52422,12.52651,0.00,0.00
2017.03.23 13:02:04.796,12.52422,12.52682,0.00,0.00
2017.03.23 13:02:04.864,12.52422,12.52652,0.00,0.00
2017.03.23 13:02:05.387,12.52428,12.52712,0.00,0.00
2017.03.23 13:02:05.438,12.52428,12.52649,0.00,0.00
2017.03.23 13:02:05.488,12.52358,12.52642,0.00,0.00
2017.03.23 13:02:05.640,12.52349,12.52612,0.00,0.00
2017.03.23 13:02:05.866,12.52331,12.52611,0.00,0.00
2017.03.23 13:02:05.966,12.52331,12.52592,0.00,0.00
2017.03.23 13:02:06.371,12.52348,12.52611,0.00,0.00
2017.03.23 13:02:06.471,12.52358,12.52639,0.00,0.00
2017.03.23 13:02:06.522,12.52358,12.52612,0.00,0.00
2017.03.23 13:02:06.673,12.52412,12.52691,0.00,0.00
2017.03.23 13:02:06.784,12.52418,12.52702,0.00,0.00
2017.03.23 13:02:06.893,12.52412,12.52672,0.00,0.00
2017.03.23 13:02:06.968,12.52418,12.52702,0.00,0.00
2017.03.23 13:02:07.405,12.52412,12.52671,0.00,0.00
2017.03.23 13:02:07.770,12.52458,12.52712,0.00,0.00
2017.03.23 13:02:08.094,12.52458,12.52721,0.00,0.00
2017.03.23 13:02:08.171,12.52458,12.52702,0.00,0.00
2017.03.23 13:02:08.404,12.52458,12.52721,0.00,0.00
2017.03.23 13:02:08.571,12.52458,12.52728,0.00,0.00
2017.03.23 13:02:09.204,12.52458,12.52712,0.00,0.00
2017.03.23 13:02:09.607,12.52458,12.52682,0.00,0.00
2017.03.23 13:02:09.673,12.52458,12.52701,0.00,0.00
2017.03.23 13:02:09.831,12.52419,12.52701,0.00,0.00
2017.03.23 13:02:09.974,12.52412,12.52681,0.00,0.00
2017.03.23 13:02:10.174,12.52419,12.52701,0.00,0.00
2017.03.23 13:02:10.274,12.52412,12.52682,0.00,0.00
2017.03.23 13:02:10.390,12.52429,12.52711,0.00,0.00
2017.03.23 13:02:10.474,12.52418,12.52702,0.00,0.00
2017.03.23 13:02:10.591,12.52412,12.52681,0.00,0.00
2017.03.23 13:02:10.675,12.52428,12.52711,0.00,0.00
2017.03.23 13:02:11.089,12.52412,12.52682,0.00,0.00
2017.03.23 13:02:11.140,12.52402,12.52682,0.00,0.00
2017.03.23 13:02:11.301,12.52419,12.52701,0.00,0.00
2017.03.23 13:02:11.402,12.52428,12.52711,0.00,0.00
2017.03.23 13:02:11.477,12.52438,12.52711,0.00,0.00
2017.03.23 13:02:11.991,12.52429,12.52711,0.00,0.00
2017.03.23 13:02:12.091,12.52408,12.52692,0.00,0.00
2017.03.23 13:02:12.192,12.52419,12.52701,0.00,0.00
2017.03.23 13:02:12.500,12.52428,12.52711,0.00,0.00
2017.03.23 13:02:12.579,12.52402,12.52681,0.00,0.00
2017.03.23 13:02:13.216,12.52409,12.52691,0.00,0.00
2017.03.23 13:02:13.280,12.52429,12.52711,0.00,0.00
2017.03.23 13:02:13.598,12.52409,12.52691,0.00,0.00
2017.03.23 13:02:13.699,12.52428,12.52711,0.00,0.00
2017.03.23 13:02:14.058,12.52509,12.52691,0.00,0.00
2017.03.23 13:02:14.108,12.52478,12.52691,0.00,0.00
2017.03.23 13:02:14.209,12.52419,12.52682,0.00,0.00
2017.03.23 13:02:14.402,12.52419,12.52691,0.00,0.00
2017.03.23 13:02:14.483,12.52419,12.52682,0.00,0.00
2017.03.23 13:02:14.826,12.52428,12.52691,0.00,0.00
2017.03.23 13:02:15.185,12.52439,12.52691,0.00,0.00
2017.03.23 13:02:15.489,12.52419,12.52662,0.00,0.00
2017.03.23 13:02:15.541,12.52429,12.52691,0.00,0.00
2017.03.23 13:02:15.591,12.52439,12.52691,0.00,0.00
2017.03.23 13:02:15.909,12.52519,12.52772,0.00,0.00
2017.03.23 13:02:16.016,12.52519,12.52789,0.00,0.00
2017.03.23 13:02:16.235,12.52538,12.52789,0.00,0.00
2017.03.23 13:02:16.289,12.52519,12.52789,0.00,0.00
2017.03.23 13:02:16.389,12.52519,12.52781,0.00,0.00
2017.03.23 13:02:16.747,12.52519,12.52762,0.00,0.00
2017.03.23 13:02:16.798,12.52519,12.52789,0.00,0.00
2017.03.23 13:02:16.904,12.52519,12.52772,0.00,0.00
2017.03.23 13:02:17.189,12.52519,12.52789,0.00,0.00
2017.03.23 13:02:17.406,12.52529,12.52789,0.00,0.00
2017.03.23 13:02:17.726,12.52519,12.52782,0.00,0.00
2017.03.23 13:02:17.835,12.52519,12.52742,0.00,0.00
2017.03.23 13:02:18.122,12.52519,12.52772,0.00,0.00
2017.03.23 13:02:18.290,12.52528,12.52789,0.00,0.00
2017.03.23 13:02:18.447,12.52519,12.52789,0.00,0.00
2017.03.23 13:02:18.632,12.52519,12.52752,0.00,0.00
2017.03.23 13:02:18.740,12.52519,12.52782,0.00,0.00
2017.03.23 13:02:18.791,12.52519,12.52741,0.00,0.00
2017.03.23 13:02:19.006,12.52519,12.52761,0.00,0.00
2017.03.23 13:02:19.092,12.52519,12.52782,0.00,0.00
2017.03.23 13:02:19.197,12.52529,12.52789,0.00,0.00
2017.03.23 13:02:19.494,12.52519,12.52789,0.00,0.00
2017.03.23 13:02:19.611,12.52519,12.52752,0.00,0.00
2017.03.23 13:02:19.712,12.52549,12.52789,0.00,0.00
2017.03.23 13:02:20.047,12.52519,12.52752,0.00,0.00
2017.03.23 13:02:20.199,12.52519,12.52782,0.00,0.00
2017.03.23 13:02:20.294,12.52519,12.52789,0.00,0.00
2017.03.23 13:02:20.395,12.52539,12.52789,0.00,0.00
2017.03.23 13:02:20.494,12.52528,12.52789,0.00,0.00
2017.03.23 13:02:20.633,12.52548,12.52789,0.00,0.00
2017.03.23 13:02:20.939,12.52472,12.52709,0.00,0.00
2017.03.23 13:02:21.288,12.52472,12.52691,0.00,0.00
2017.03.23 13:02:21.457,12.52419,12.52691,0.00,0.00
2017.03.23 13:02:21.734,12.52458,12.52691,0.00,0.00
2017.03.23 13:02:22.018,12.52419,12.52691,0.00,0.00
2017.03.23 13:02:22.119,12.52419,12.52661,0.00,0.00
2017.03.23 13:02:22.227,12.52419,12.52681,0.00,0.00
2017.03.23 13:02:22.327,12.52428,12.52691,0.00,0.00
2017.03.23 13:02:22.398,12.52419,12.52691,0.00,0.00
2017.03.23 13:02:22.543,12.52429,12.52691,0.00,0.00
2017.03.23 13:02:22.809,12.52419,12.52691,0.00,0.00
2017.03.23 13:02:22.899,12.52429,12.52691,0.00,0.00
2017.03.23 13:02:23.245,12.52469,12.52701,0.00,0.00
2017.03.23 13:02:23.346,12.52468,12.52742,0.00,0.00
2017.03.23 13:02:23.497,12.52469,12.52692,0.00,0.00
2017.03.23 13:02:23.548,12.52439,12.52692,0.00,0.00
2017.03.23 13:02:23.649,12.52418,12.52692,0.00,0.00
2017.03.23 13:02:23.801,12.52448,12.52692,0.00,0.00
2017.03.23 13:02:23.936,12.52418,12.52692,0.00,0.00
2017.03.23 13:02:24.001,12.52449,12.52692,0.00,0.00
2017.03.23 13:02:24.152,12.52468,12.52731,0.00,0.00
2017.03.23 13:02:24.364,12.52469,12.52742,0.00,0.00
2017.03.23 13:02:24.415,12.52469,12.52691,0.00,0.00
2017.03.23 13:02:24.516,12.52428,12.52691,0.00,0.00
2017.03.23 13:02:24.602,12.52419,12.52691,0.00,0.00
2017.03.23 13:02:24.712,12.52448,12.52691,0.00,0.00
2017.03.23 13:02:25.003,12.52439,12.52691,0.00,0.00
2017.03.23 13:02:25.104,12.52419,12.52691,0.00,0.00
2017.03.23 13:02:25.504,12.52448,12.52691,0.00,0.00
2017.03.23 13:02:25.610,12.52439,12.52691,0.00,0.00
2017.03.23 13:02:25.777,12.52419,12.52691,0.00,0.00
2017.03.23 13:02:25.854,12.52419,12.52682,0.00,0.00
2017.03.23 13:02:26.139,12.52419,12.52691,0.00,0.00
2017.03.23 13:02:26.352,12.52449,12.52691,0.00,0.00
2017.03.23 13:02:26.405,12.52438,12.52691,0.00,0.00
2017.03.23 13:02:26.456,12.52519,12.52709,0.00,0.00
2017.03.23 13:02:26.506,12.52519,12.52712,0.00,0.00
2017.03.23 13:02:26.607,12.52528,12.52788,0.00,0.00
2017.03.23 13:02:26.849,12.52518,12.52788,0.00,0.00
2017.03.23 13:02:26.950,12.52518,12.52752,0.00,0.00
2017.03.23 13:02:27.052,12.52518,12.52788,0.00,0.00
2017.03.23 13:02:27.107,12.52528,12.52788,0.00,0.00
2017.03.23 13:02:27.220,12.52518,12.52788,0.00,0.00
2017.03.23 13:02:27.307,12.52518,12.52772,0.00,0.00
2017.03.23 13:02:27.607,12.52518,12.52788,0.00,0.00
2017.03.23 13:02:27.714,12.52539,12.52788,0.00,0.00
2017.03.23 13:02:27.808,12.52529,12.52788,0.00,0.00
2017.03.23 13:02:28.122,12.52518,12.52788,0.00,0.00
2017.03.23 13:02:28.659,12.52538,12.52788,0.00,0.00
2017.03.23 13:02:28.709,12.52518,12.52788,0.00,0.00
2017.03.23 13:02:28.811,12.52568,12.52811,0.00,0.00
2017.03.23 13:02:28.912,12.52571,12.52831,0.00,0.00
2017.03.23 13:02:28.963,12.52619,12.52831,0.00,0.00
2017.03.23 13:02:29.013,12.52619,12.52889,0.00,0.00
2017.03.23 13:02:29.152,12.52599,12.52852,0.00,0.00
2017.03.23 13:02:29.356,12.52548,12.52802,0.00,0.00
2017.03.23 13:02:29.406,12.52518,12.52752,0.00,0.00
2017.03.23 13:02:29.457,12.52492,12.52752,0.00,0.00
2017.03.23 13:02:29.621,12.52508,12.52752,0.00,0.00
2017.03.23 13:02:29.910,12.52461,12.52712,0.00,0.00
2017.03.23 13:02:30.013,12.52508,12.52752,0.00,0.00
2017.03.23 13:02:30.113,12.52422,12.52691,0.00,0.00
2017.03.23 13:02:30.227,12.52462,12.52691,0.00,0.00
2017.03.23 13:02:30.328,12.52462,12.52732,0.00,0.00
2017.03.23 13:02:30.455,12.52499,12.52741,0.00,0.00
2017.03.23 13:02:30.561,12.52469,12.52741,0.00,0.00
2017.03.23 13:02:30.815,12.52498,12.52741,0.00,0.00
2017.03.23 13:02:30.936,12.52462,12.52712,0.00,0.00
2017.03.23 13:02:31.161,12.52498,12.52741,0.00,0.00
2017.03.23 13:02:31.645,12.52499,12.52688,0.00,0.00
2017.03.23 13:02:31.849,12.52428,12.52642,0.00,0.00
2017.03.23 13:02:31.962,12.52409,12.52642,0.00,0.00
2017.03.23 13:02:32.064,12.52388,12.52642,0.00,0.00
2017.03.23 13:02:32.117,12.52378,12.52642,0.00,0.00
2017.03.23 13:02:32.566,12.52399,12.52642,0.00,0.00
2017.03.23 13:02:32.955,12.52368,12.52642,0.00,0.00
2017.03.23 13:02:33.018,12.52408,12.52642,0.00,0.00
2017.03.23 13:02:33.340,12.52378,12.52642,0.00,0.00
2017.03.23 13:02:33.449,12.52388,12.52642,0.00,0.00
2017.03.23 13:02:33.519,12.52361,12.52632,0.00,0.00
2017.03.23 13:02:33.620,12.52428,12.52642,0.00,0.00
2017.03.23 13:02:33.746,12.52388,12.52642,0.00,0.00
2017.03.23 13:02:33.848,12.52399,12.52642,0.00,0.00
2017.03.23 13:02:33.949,12.52389,12.52642,0.00,0.00
2017.03.23 13:02:34.076,12.52418,12.52642,0.00,0.00
2017.03.23 13:02:34.129,12.52379,12.52641,0.00,0.00
2017.03.23 13:02:34.234,12.52398,12.52651,0.00,0.00
2017.03.23 13:02:34.551,12.52418,12.52651,0.00,0.00
2017.03.23 13:02:34.621,12.52408,12.52651,0.00,0.00
2017.03.23 13:02:34.722,12.52389,12.52651,0.00,0.00
2017.03.23 13:02:34.932,12.52409,12.52651,0.00,0.00
2017.03.23 13:02:35.159,12.52379,12.52651,0.00,0.00
2017.03.23 13:02:35.263,12.52388,12.52651,0.00,0.00
2017.03.23 13:02:35.573,12.52439,12.52651,0.00,0.00
2017.03.23 13:02:36.193,12.52479,12.52721,0.00,0.00
2017.03.23 13:02:36.244,12.52479,12.52731,0.00,0.00
2017.03.23 13:02:36.345,12.52529,12.52751,0.00,0.00
2017.03.23 13:02:36.727,12.52508,12.52751,0.00,0.00
2017.03.23 13:02:36.829,12.52519,12.52751,0.00,0.00
2017.03.23 13:02:36.930,12.52489,12.52752,0.00,0.00
2017.03.23 13:02:37.032,12.52469,12.52751,0.00,0.00
2017.03.23 13:02:37.351,12.52508,12.52751,0.00,0.00
2017.03.23 13:02:37.471,12.52469,12.52751,0.00,0.00
2017.03.23 13:02:37.572,12.52469,12.52652,0.00,0.00
2017.03.23 13:02:37.674,12.52428,12.52652,0.00,0.00
2017.03.23 13:02:37.730,12.52401,12.52652,0.00,0.00
2017.03.23 13:02:38.259,12.52389,12.52652,0.00,0.00
2017.03.23 13:02:38.476,12.52399,12.52652,0.00,0.00
2017.03.23 13:02:38.798,12.52388,12.52602,0.00,0.00
2017.03.23 13:02:38.849,12.52362,12.52602,0.00,0.00
2017.03.23 13:02:38.900,12.52362,12.52611,0.00,0.00
2017.03.23 13:02:38.951,12.52368,12.52652,0.00,0.00
2017.03.23 13:02:39.002,12.52368,12.52602,0.00,0.00
2017.03.23 13:02:39.052,12.52361,12.52602,0.00,0.00
2017.03.23 13:02:39.103,12.52361,12.52611,0.00,0.00
2017.03.23 13:02:39.153,12.52419,12.52652,0.00,0.00
2017.03.23 13:02:39.333,12.52388,12.52652,0.00,0.00
2017.03.23 13:02:39.446,12.52418,12.52652,0.00,0.00
2017.03.23 13:02:39.676,12.52378,12.52652,0.00,0.00
2017.03.23 13:02:39.833,12.52399,12.52652,0.00,0.00
2017.03.23 13:02:40.246,12.52388,12.52652,0.00,0.00
2017.03.23 13:02:40.544,12.52399,12.52652,0.00,0.00
2017.03.23 13:02:40.649,12.52378,12.52652,0.00,0.00
2017.03.23 13:02:40.751,12.52389,12.52652,0.00,0.00
2017.03.23 13:02:41.092,12.52398,12.52652,0.00,0.00
2017.03.23 13:02:41.442,12.52408,12.52652,0.00,0.00
2017.03.23 13:02:41.543,12.52388,12.52652,0.00,0.00
2017.03.23 13:02:41.677,12.52419,12.52652,0.00,0.00
2017.03.23 13:02:41.727,12.52419,12.52699,0.00,0.00
2017.03.23 13:02:41.828,12.52398,12.52652,0.00,0.00
2017.03.23 13:02:41.981,12.52388,12.52652,0.00,0.00
2017.03.23 13:02:42.243,12.52381,12.52652,0.00,0.00
2017.03.23 13:02:42.362,12.52408,12.52692,0.00,0.00
2017.03.23 13:02:42.413,12.52462,12.52692,0.00,0.00
2017.03.23 13:02:42.669,12.52469,12.52702,0.00,0.00
2017.03.23 13:02:42.720,12.52469,12.52688,0.00,0.00
2017.03.23 13:02:42.872,12.52399,12.52652,0.00,0.00
2017.03.23 13:02:43.067,12.52429,12.52652,0.00,0.00
2017.03.23 13:02:43.167,12.52461,12.52702,0.00,0.00
2017.03.23 13:02:43.319,12.52461,12.52732,0.00,0.00
2017.03.23 13:02:43.369,12.52508,12.52752,0.00,0.00
2017.03.23 13:02:43.474,12.52551,12.52801,0.00,0.00
2017.03.23 13:02:43.525,12.52518,12.52789,0.00,0.00
2017.03.23 13:02:43.576,12.52529,12.52751,0.00,0.00
2017.03.23 13:02:43.864,12.52499,12.52751,0.00,0.00
2017.03.23 13:02:44.084,12.52499,12.52771,0.00,0.00
2017.03.23 13:02:44.135,12.52511,12.52771,0.00,0.00
2017.03.23 13:02:44.386,12.52572,12.52851,0.00,0.00
2017.03.23 13:02:44.487,12.52661,12.52891,0.00,0.00
2017.03.23 13:02:44.538,12.52609,12.52888,0.00,0.00
2017.03.23 13:02:44.705,12.52618,12.52892,0.00,0.00
2017.03.23 13:02:45.045,12.52672,12.52891,0.00,0.00
2017.03.23 13:02:45.462,12.52672,12.52942,0.00,0.00
2017.03.23 13:02:45.563,12.52672,12.52891,0.00,0.00
2017.03.23 13:02:45.613,12.52639,12.52891,0.00,0.00
2017.03.23 13:02:45.664,12.52618,12.52891,0.00,0.00
2017.03.23 13:02:45.717,12.52618,12.52841,0.00,0.00
2017.03.23 13:02:45.802,12.52591,12.52841,0.00,0.00
2017.03.23 13:02:45.902,12.52591,12.52831,0.00,0.00
2017.03.23 13:02:46.292,12.52591,12.52752,0.00,0.00
2017.03.23 13:02:46.342,12.52492,12.52752,0.00,0.00
2017.03.23 13:02:46.855,12.52498,12.52752,0.00,0.00
2017.03.23 13:02:47.041,12.52459,12.52741,0.00,0.00
2017.03.23 13:02:47.092,12.52478,12.52702,0.00,0.00
2017.03.23 13:02:47.193,12.52398,12.52651,0.00,0.00
2017.03.23 13:02:47.469,12.52418,12.52651,0.00,0.00
2017.03.23 13:02:47.558,12.52391,12.52651,0.00,0.00
2017.03.23 13:02:47.772,12.52419,12.52651,0.00,0.00
2017.03.23 13:02:47.873,12.52391,12.52651,0.00,0.00
2017.03.23 13:02:47.924,12.52391,12.52602,0.00,0.00
2017.03.23 13:02:48.024,12.52391,12.52651,0.00,0.00
2017.03.23 13:02:48.175,12.52409,12.52651,0.00,0.00
2017.03.23 13:02:48.518,12.52338,12.52552,0.00,0.00
2017.03.23 13:02:48.695,12.52322,12.52552,0.00,0.00
2017.03.23 13:02:48.962,12.52329,12.52552,0.00,0.00
2017.03.23 13:02:49.162,12.52318,12.52552,0.00,0.00
2017.03.23 13:02:49.280,12.52299,12.52552,0.00,0.00
2017.03.23 13:02:49.382,12.52348,12.52552,0.00,0.00
2017.03.23 13:02:49.742,12.52359,12.52552,0.00,0.00
2017.03.23 13:02:49.863,12.52319,12.52552,0.00,0.00
2017.03.23 13:02:49.966,12.52308,12.52552,0.00,0.00
2017.03.23 13:02:50.176,12.52299,12.52552,0.00,0.00
2017.03.23 13:02:50.264,12.52329,12.52552,0.00,0.00
2017.03.23 13:02:50.365,12.52309,12.52551,0.00,0.00
2017.03.23 13:02:50.990,12.52299,12.52551,0.00,0.00
2017.03.23 13:02:51.182,12.52339,12.52551,0.00,0.00
2017.03.23 13:02:51.472,12.52328,12.52551,0.00,0.00
2017.03.23 13:02:51.577,12.52348,12.52551,0.00,0.00
2017.03.23 13:02:51.691,12.52309,12.52551,0.00,0.00
2017.03.23 13:02:51.801,12.52288,12.52551,0.00,0.00
2017.03.23 13:02:51.969,12.52308,12.52551,0.00,0.00
2017.03.23 13:02:52.276,12.52358,12.52639,0.00,0.00
2017.03.23 13:02:52.326,12.52358,12.52601,0.00,0.00
2017.03.23 13:02:52.642,12.52372,12.52551,0.00,0.00
2017.03.23 13:02:52.693,12.52408,12.52652,0.00,0.00
2017.03.23 13:02:52.794,12.52408,12.52639,0.00,0.00
2017.03.23 13:02:52.973,12.52338,12.52602,0.00,0.00
2017.03.23 13:02:53.023,12.52372,12.52622,0.00,0.00
2017.03.23 13:02:53.074,12.52372,12.52642,0.00,0.00
2017.03.23 13:02:53.181,12.52409,12.52652,0.00,0.00
2017.03.23 13:02:53.575,12.52372,12.52652,0.00,0.00
2017.03.23 13:02:53.686,12.52379,12.52652,0.00,0.00
2017.03.23 13:02:54.073,12.52418,12.52551,0.00,0.00
2017.03.23 13:02:54.123,12.52308,12.52551,0.00,0.00
2017.03.23 13:02:54.176,12.52339,12.52551,0.00,0.00
2017.03.23 13:02:54.377,12.52308,12.52551,0.00,0.00
2017.03.23 13:02:54.593,12.52339,12.52551,0.00,0.00
2017.03.23 13:02:54.812,12.52298,12.52551,0.00,0.00
2017.03.23 13:02:54.979,12.52338,12.52551,0.00,0.00
2017.03.23 13:02:55.385,12.52309,12.52551,0.00,0.00
2017.03.23 13:02:55.486,12.52338,12.52551,0.00,0.00
2017.03.23 13:02:55.593,12.52309,12.52551,0.00,0.00
2017.03.23 13:02:55.714,12.52338,12.52551,0.00,0.00
2017.03.23 13:02:55.929,12.52309,12.52551,0.00,0.00
2017.03.23 13:02:56.119,12.52328,12.52551,0.00,0.00
2017.03.23 13:02:56.442,12.52339,12.52551,0.00,0.00
2017.03.23 13:02:56.795,12.52309,12.52551,0.00,0.00
2017.03.23 13:02:56.885,12.52348,12.52551,0.00,0.00
2017.03.23 13:02:56.986,12.52309,12.52551,0.00,0.00
2017.03.23 13:02:57.186,12.52338,12.52551,0.00,0.00
2017.03.23 13:02:57.524,12.52308,12.52551,0.00,0.00
2017.03.23 13:02:57.791,12.52328,12.52551,0.00,0.00
2017.03.23 13:02:57.992,12.52299,12.52551,0.00,0.00
2017.03.23 13:02:58.122,12.52328,12.52551,0.00,0.00
2017.03.23 13:02:58.492,12.52338,12.52551,0.00,0.00
2017.03.23 13:02:58.826,12.52319,12.52551,0.00,0.00
2017.03.23 13:02:59.013,12.52348,12.52599,0.00,0.00
2017.03.23 13:02:59.064,12.52361,12.52601,0.00,0.00
2017.03.23 13:02:59.217,12.52438,12.52688,0.00,0.00
2017.03.23 13:02:59.267,12.52461,12.52701,0.00,0.00
2017.03.23 13:02:59.368,12.52461,12.52741,0.00,0.00
2017.03.23 13:02:59.419,12.52519,12.52749,0.00,0.00
2017.03.23 13:02:59.620,12.52498,12.52751,0.00,0.00
2017.03.23 13:02:59.697,12.52529,12.52751,0.00,0.00
2017.03.23 13:02:59.806,12.52508,12.52751,0.00,0.00
2017.03.23 13:02:59.925,12.52538,12.52751,0.00,0.00
2017.03.23 13:03:00.121,12.52528,12.52751,0.00,0.00
2017.03.23 13:03:00.266,12.52528,12.52769,0.00,0.00
2017.03.23 13:03:00.367,12.52559,12.52802,0.00,0.00
2017.03.23 13:03:00.417,12.52579,12.52792,0.00,0.00
2017.03.23 13:03:00.669,12.52669,12.52941,0.00,0.00
2017.03.23 13:03:00.720,12.52718,12.52941,0.00,0.00
2017.03.23 13:03:00.936,12.52741,12.52991,0.00,0.00
2017.03.23 13:03:01.041,12.52689,12.52968,0.00,0.00
2017.03.23 13:03:01.091,12.52688,12.52942,0.00,0.00
2017.03.23 13:03:01.409,12.52701,12.52981,0.00,0.00
2017.03.23 13:03:01.510,12.52749,12.52992,0.00,0.00
2017.03.23 13:03:01.610,12.52749,12.53031,0.00,0.00
2017.03.23 13:03:01.711,12.52799,12.53042,0.00,0.00
2017.03.23 13:03:02.126,12.52749,12.53031,0.00,0.00
2017.03.23 13:03:02.177,12.52709,12.52942,0.00,0.00
2017.03.23 13:03:02.228,12.52689,12.52942,0.00,0.00
2017.03.23 13:03:02.552,12.52648,12.52932,0.00,0.00
2017.03.23 13:03:02.653,12.52678,12.52942,0.00,0.00
2017.03.23 13:03:02.754,12.52659,12.52932,0.00,0.00
2017.03.23 13:03:02.859,12.52679,12.52932,0.00,0.00
2017.03.23 13:03:02.910,12.52649,12.52931,0.00,0.00
2017.03.23 13:03:03.042,12.52641,12.52912,0.00,0.00
2017.03.23 13:03:03.345,12.52619,12.52831,0.00,0.00
2017.03.23 13:03:03.448,12.52578,12.52831,0.00,0.00
2017.03.23 13:03:03.615,12.52551,12.52812,0.00,0.00
2017.03.23 13:03:03.725,12.52579,12.52769,0.00,0.00
2017.03.23 13:03:03.830,12.52498,12.52732,0.00,0.00
2017.03.23 13:03:04.029,12.52478,12.52732,0.00,0.00
2017.03.23 13:03:04.163,12.52551,12.52772,0.00,0.00
2017.03.23 13:03:04.264,12.52608,12.52841,0.00,0.00
2017.03.23 13:03:04.315,12.52559,12.52841,0.00,0.00
2017.03.23 13:03:04.430,12.52551,12.52821,0.00,0.00
2017.03.23 13:03:04.759,12.52551,12.52801,0.00,0.00
2017.03.23 13:03:04.917,12.52568,12.52841,0.00,0.00
2017.03.23 13:03:05.032,12.52551,12.52782,0.00,0.00
2017.03.23 13:03:05.083,12.52541,12.52782,0.00,0.00
2017.03.23 13:03:05.304,12.52541,12.52821,0.00,0.00
2017.03.23 13:03:05.419,12.52619,12.52832,0.00,0.00
2017.03.23 13:03:05.775,12.52648,12.52859,0.00,0.00
2017.03.23 13:03:05.926,12.52699,12.52911,0.00,0.00
2017.03.23 13:03:05.977,12.52748,12.52911,0.00,0.00
2017.03.23 13:03:06.027,12.52748,12.53032,0.00,0.00
2017.03.23 13:03:06.078,12.52849,12.53032,0.00,0.00
2017.03.23 13:03:06.129,12.52849,12.53059,0.00,0.00
2017.03.23 13:03:06.276,12.52789,12.53051,0.00,0.00
2017.03.23 13:03:06.327,12.52749,12.53019,0.00,0.00
2017.03.23 13:03:06.378,12.52799,12.53019,0.00,0.00
2017.03.23 13:03:06.688,12.52798,12.53052,0.00,0.00
2017.03.23 13:03:06.739,12.52798,12.53019,0.00,0.00
2017.03.23 13:03:07.081,12.52849,12.53058,0.00,0.00
2017.03.23 13:03:07.414,12.52849,12.53002,0.00,0.00
2017.03.23 13:03:07.464,12.52849,12.53058,0.00,0.00
2017.03.23 13:03:07.628,12.52849,12.53032,0.00,0.00
2017.03.23 13:03:07.729,12.52849,12.53058,0.00,0.00
2017.03.23 13:03:08.166,12.52898,12.53111,0.00,0.00
2017.03.23 13:03:08.216,12.52898,12.53078,0.00,0.00
2017.03.23 13:03:08.390,12.52849,12.53108,0.00,0.00
2017.03.23 13:03:08.441,12.52849,12.53069,0.00,0.00
2017.03.23 13:03:08.545,12.52848,12.53082,0.00,0.00
2017.03.23 13:03:08.596,12.52848,12.53068,0.00,0.00
2017.03.23 13:03:08.848,12.52849,12.53102,0.00,0.00
2017.03.23 13:03:08.965,12.52849,12.53091,0.00,0.00
2017.03.23 13:03:09.294,12.52848,12.53068,0.00,0.00
2017.03.23 13:03:09.823,12.52849,12.53069,0.00,0.00
2017.03.23 13:03:11.345,12.52849,12.53052,0.00,0.00
2017.03.23 13:03:11.568,12.52849,12.53069,0.00,0.00
2017.03.23 13:03:11.751,12.52909,12.53069,0.00,0.00
2017.03.23 13:03:11.902,12.52838,12.53061,0.00,0.00
2017.03.23 13:03:12.011,12.52838,12.53069,0.00,0.00
2017.03.23 13:03:12.342,12.52798,12.52979,0.00,0.00
2017.03.23 13:03:12.540,12.52789,12.52979,0.00,0.00
2017.03.23 13:03:12.641,12.52709,12.52962,0.00,0.00
2017.03.23 13:03:12.691,12.52688,12.52928,0.00,0.00
2017.03.23 13:03:12.993,12.52639,12.52878,0.00,0.00
2017.03.23 13:03:13.044,12.52639,12.52911,0.00,0.00
2017.03.23 13:03:13.094,12.52688,12.52912,0.00,0.00
2017.03.23 13:03:13.246,12.52688,12.52919,0.00,0.00
2017.03.23 13:03:13.547,12.52688,12.52912,0.00,0.00
2017.03.23 13:03:13.715,12.52688,12.52919,0.00,0.00
2017.03.23 13:03:13.873,12.52668,12.52912,0.00,0.00
2017.03.23 13:03:13.924,12.52668,12.52878,0.00,0.00
2017.03.23 13:03:13.974,12.52638,12.52878,0.00,0.00
2017.03.23 13:03:14.220,12.52638,12.52869,0.00,0.00
2017.03.23 13:03:14.649,12.52648,12.52869,0.00,0.00
2017.03.23 13:03:14.851,12.52629,12.52869,0.00,0.00
2017.03.23 13:03:15.073,12.52609,12.52869,0.00,0.00
2017.03.23 13:03:15.272,12.52609,12.52832,0.00,0.00
2017.03.23 13:03:15.473,12.52552,12.52782,0.00,0.00
2017.03.23 13:03:15.529,12.52608,12.52802,0.00,0.00
2017.03.23 13:03:15.579,12.52608,12.52861,0.00,0.00
2017.03.23 13:03:15.684,12.52619,12.52868,0.00,0.00
2017.03.23 13:03:15.800,12.52608,12.52868,0.00,0.00
2017.03.23 13:03:15.855,12.52629,12.52868,0.00,0.00
2017.03.23 13:03:15.972,12.52618,12.52868,0.00,0.00
2017.03.23 13:03:16.023,12.52659,12.52902,0.00,0.00
2017.03.23 13:03:16.073,12.52708,12.52971,0.00,0.00
2017.03.23 13:03:16.185,12.52709,12.52979,0.00,0.00
2017.03.23 13:03:16.293,12.52728,12.52979,0.00,0.00
2017.03.23 13:03:16.668,12.52739,12.52979,0.00,0.00
2017.03.23 13:03:16.894,12.52658,12.52929,0.00,0.00
2017.03.23 13:03:16.995,12.52658,12.52912,0.00,0.00
2017.03.23 13:03:17.279,12.52658,12.52929,0.00,0.00
2017.03.23 13:03:17.382,12.52649,12.52879,0.00,0.00
2017.03.23 13:03:17.593,12.52628,12.52879,0.00,0.00
2017.03.23 13:03:17.859,12.52638,12.52879,0.00,0.00
2017.03.23 13:03:17.971,12.52618,12.52879,0.00,0.00
2017.03.23 13:03:18.160,12.52648,12.52879,0.00,0.00
2017.03.23 13:03:18.491,12.52708,12.52969,0.00,0.00
2017.03.23 13:03:18.562,12.52719,12.52969,0.00,0.00
2017.03.23 13:03:18.761,12.52709,12.52969,0.00,0.00
2017.03.23 13:03:19.062,12.52718,12.52969,0.00,0.00
2017.03.23 13:03:19.515,12.52729,12.52969,0.00,0.00
2017.03.23 13:03:19.566,12.52718,12.52969,0.00,0.00
2017.03.23 13:03:19.617,12.52718,12.52978,0.00,0.00
2017.03.23 13:03:19.667,12.52739,12.52978,0.00,0.00
2017.03.23 13:03:19.972,12.52709,12.52978,0.00,0.00
2017.03.23 13:03:20.213,12.52708,12.52922,0.00,0.00
2017.03.23 13:03:20.369,12.52718,12.52969,0.00,0.00
2017.03.23 13:03:20.420,12.52718,12.52879,0.00,0.00
2017.03.23 13:03:20.470,12.52679,12.52929,0.00,0.00
2017.03.23 13:03:20.572,12.52658,12.52912,0.00,0.00
2017.03.23 13:03:20.819,12.52709,12.52912,0.00,0.00
2017.03.23 13:03:21.028,12.52709,12.52969,0.00,0.00
2017.03.23 13:03:21.194,12.52658,12.52918,0.00,0.00
2017.03.23 13:03:21.679,12.52668,12.52918,0.00,0.00
2017.03.23 13:03:21.790,12.52658,12.52918,0.00,0.00
2017.03.23 13:03:21.845,12.52648,12.52881,0.00,0.00
2017.03.23 13:03:22.004,12.52618,12.52879,0.00,0.00
2017.03.23 13:03:22.354,12.52618,12.52778,0.00,0.00
2017.03.23 13:03:22.404,12.52598,12.52779,0.00,0.00
2017.03.23 13:03:22.455,12.52598,12.52819,0.00,0.00
2017.03.23 13:03:22.505,12.52558,12.52779,0.00,0.00
2017.03.23 13:03:22.606,12.52528,12.52779,0.00,0.00
2017.03.23 13:03:22.707,12.52559,12.52779,0.00,0.00
2017.03.23 13:03:22.815,12.52529,12.52779,0.00,0.00
2017.03.23 13:03:23.185,12.52552,12.52782,0.00,0.00
2017.03.23 13:03:23.286,12.52628,12.52869,0.00,0.00
2017.03.23 13:03:23.388,12.52609,12.52869,0.00,0.00
2017.03.23 13:03:23.496,12.52628,12.52869,0.00,0.00
2017.03.23 13:03:23.600,12.52608,12.52869,0.00,0.00
2017.03.23 13:03:23.926,12.52708,12.52872,0.00,0.00
2017.03.23 13:03:23.977,12.52708,12.52912,0.00,0.00
2017.03.23 13:03:24.078,12.52659,12.52918,0.00,0.00
2017.03.23 13:03:24.706,12.52639,12.52878,0.00,0.00
2017.03.23 13:03:24.807,12.52608,12.52878,0.00,0.00
2017.03.23 13:03:25.097,12.52638,12.52878,0.00,0.00
2017.03.23 13:03:25.203,12.52628,12.52878,0.00,0.00
2017.03.23 13:03:25.399,12.52648,12.52878,0.00,0.00
2017.03.23 13:03:25.516,12.52608,12.52878,0.00,0.00
2017.03.23 13:03:25.992,12.52628,12.52878,0.00,0.00
2017.03.23 13:03:26.494,12.52608,12.52878,0.00,0.00
2017.03.23 13:03:26.779,12.52619,12.52878,0.00,0.00
2017.03.23 13:03:27.106,12.52609,12.52878,0.00,0.00
2017.03.23 13:03:27.230,12.52638,12.52878,0.00,0.00
2017.03.23 13:03:27.280,12.52628,12.52878,0.00,0.00
2017.03.23 13:03:27.488,12.52852,12.52952,0.00,0.00
2017.03.23 13:03:27.539,12.52908,12.53168,0.00,0.00
2017.03.23 13:03:27.650,12.53008,12.53172,0.00,0.00
2017.03.23 13:03:27.701,12.53008,12.53251,0.00,0.00
2017.03.23 13:03:27.919,12.53008,12.53268,0.00,0.00
2017.03.23 13:03:28.082,12.53008,12.53252,0.00,0.00
2017.03.23 13:03:28.503,12.53008,12.53231,0.00,0.00
2017.03.23 13:03:28.584,12.53008,12.53268,0.00,0.00
2017.03.23 13:03:28.786,12.53008,12.53242,0.00,0.00
2017.03.23 13:03:28.902,12.53008,12.53268,0.00,0.00
2017.03.23 13:03:29.005,12.52979,12.53231,0.00,0.00
2017.03.23 13:03:29.157,12.52908,12.53162,0.00,0.00
2017.03.23 13:03:29.386,12.52908,12.53122,0.00,0.00
2017.03.23 13:03:29.487,12.52908,12.53169,0.00,0.00
2017.03.23 13:03:29.550,12.52898,12.53131,0.00,0.00
2017.03.23 13:03:29.701,12.52809,12.53079,0.00,0.00
2017.03.23 13:03:30.142,12.52808,12.53072,0.00,0.00
2017.03.23 13:03:30.456,12.52859,12.53072,0.00,0.00
2017.03.23 13:03:30.607,12.52859,12.53102,0.00,0.00
2017.03.23 13:03:30.657,12.52859,12.53079,0.00,0.00
2017.03.23 13:03:30.708,12.52839,12.53079,0.00,0.00
2017.03.23 13:03:30.792,12.52808,12.53079,0.00,0.00
2017.03.23 13:03:31.037,12.52908,12.53072,0.00,0.00
2017.03.23 13:03:31.138,12.52809,12.53068,0.00,0.00
2017.03.23 13:03:31.239,12.52828,12.53068,0.00,0.00
2017.03.23 13:03:31.293,12.52818,12.53068,0.00,0.00
2017.03.23 13:03:31.394,12.52809,12.53062,0.00,0.00
2017.03.23 13:03:31.705,12.52809,12.53068,0.00,0.00
2017.03.23 13:03:32.195,12.52809,12.53051,0.00,0.00
2017.03.23 13:03:32.441,12.52809,12.53068,0.00,0.00
2017.03.23 13:03:32.495,12.52809,12.53051,0.00,0.00
2017.03.23 13:03:32.847,12.52809,12.53068,0.00,0.00
2017.03.23 13:03:33.013,12.52809,12.53061,0.00,0.00
2017.03.23 13:03:33.097,12.52809,12.53068,0.00,0.00
2017.03.23 13:03:33.148,12.52818,12.53068,0.00,0.00
2017.03.23 13:03:33.548,12.52868,12.53068,0.00,0.00
2017.03.23 13:03:34.051,12.52868,12.53062,0.00,0.00
2017.03.23 13:03:34.317,12.52768,12.52979,0.00,0.00
2017.03.23 13:03:34.418,12.52768,12.52969,0.00,0.00
2017.03.23 13:03:34.730,12.52769,12.52958,0.00,0.00
2017.03.23 13:03:38.011,12.52769,12.52979,0.00,0.00
2017.03.23 13:03:40.152,12.52819,12.53002,0.00,0.00
2017.03.23 13:03:40.462,12.52868,12.53058,0.00,0.00
2017.03.23 13:03:40.723,12.52818,12.52978,0.00,0.00
2017.03.23 13:03:40.826,12.52808,12.52978,0.00,0.00
2017.03.23 13:03:40.928,12.52768,12.52978,0.00,0.00
2017.03.23 13:03:44.626,12.52718,12.52969,0.00,0.00
2017.03.23 13:03:44.779,12.52688,12.52878,0.00,0.00
2017.03.23 13:03:44.829,12.52679,12.52878,0.00,0.00
2017.03.23 13:03:44.933,12.52669,12.52878,0.00,0.00
2017.03.23 13:03:45.037,12.52718,12.52878,0.00,0.00
2017.03.23 13:03:45.088,12.52718,12.52922,0.00,0.00
2017.03.23 13:03:45.139,12.52718,12.52952,0.00,0.00
2017.03.23 13:03:45.189,12.52768,12.52952,0.00,0.00
2017.03.23 13:03:45.240,12.52768,12.52968,0.00,0.00
2017.03.23 13:03:45.453,12.52688,12.52879,0.00,0.00
2017.03.23 13:03:45.746,12.52669,12.52879,0.00,0.00
2017.03.23 13:03:49.382,12.52669,12.52899,0.00,0.00
2017.03.23 13:03:50.780,12.52669,12.52891,0.00,0.00
2017.03.23 13:03:51.159,12.52669,12.52899,0.00,0.00
2017.03.23 13:03:51.977,12.52669,12.52882,0.00,0.00
2017.03.23 13:03:52.085,12.52669,12.52899,0.00,0.00
2017.03.23 13:03:52.392,12.52669,12.52881,0.00,0.00
2017.03.23 13:03:52.543,12.52669,12.52899,0.00,0.00
2017.03.23 13:03:52.795,12.52768,12.52922,0.00,0.00
2017.03.23 13:03:53.073,12.52768,12.52998,0.00,0.00
2017.03.23 13:03:53.942,12.52819,12.53011,0.00,0.00
2017.03.23 13:03:54.043,12.52769,12.53009,0.00,0.00
2017.03.23 13:03:54.145,12.52818,12.53009,0.00,0.00
2017.03.23 13:03:54.196,12.52818,12.53042,0.00,0.00
2017.03.23 13:03:54.247,12.52818,12.53009,0.00,0.00
2017.03.23 13:03:54.297,12.52768,12.53009,0.00,0.00
2017.03.23 13:03:54.501,12.52768,12.52999,0.00,0.00
2017.03.23 13:03:54.866,12.52768,12.52972,0.00,0.00
2017.03.23 13:03:54.967,12.52768,12.52999,0.00,0.00
2017.03.23 13:03:55.067,12.52768,12.52971,0.00,0.00
2017.03.23 13:03:55.118,12.52719,12.52971,0.00,0.00
2017.03.23 13:03:55.169,12.52728,12.52909,0.00,0.00
2017.03.23 13:03:55.269,12.52719,12.52909,0.00,0.00
2017.03.23 13:03:55.374,12.52669,12.52909,0.00,0.00
2017.03.23 13:03:55.558,12.52669,12.52901,0.00,0.00
2017.03.23 13:03:55.977,12.52669,12.52892,0.00,0.00
2017.03.23 13:03:56.157,12.52669,12.52901,0.00,0.00
2017.03.23 13:03:56.794,12.52719,12.52901,0.00,0.00
2017.03.23 13:03:57.046,12.52728,12.52919,0.00,0.00
2017.03.23 13:03:57.162,12.52668,12.52911,0.00,0.00
2017.03.23 13:03:57.301,12.52668,12.52919,0.00,0.00
2017.03.23 13:03:57.402,12.52668,12.52912,0.00,0.00
2017.03.23 13:03:57.564,12.52668,12.52919,0.00,0.00
2017.03.23 13:03:58.065,12.52668,12.52912,0.00,0.00
2017.03.23 13:03:58.408,12.52768,12.53001,0.00,0.00
2017.03.23 13:03:58.562,12.52719,12.52992,0.00,0.00
2017.03.23 13:03:58.612,12.52719,12.52919,0.00,0.00
2017.03.23 13:03:58.814,12.52669,12.52901,0.00,0.00
2017.03.23 13:03:58.917,12.52669,12.52891,0.00,0.00
2017.03.23 13:03:59.069,12.52669,12.52901,0.00,0.00
2017.03.23 13:03:59.173,12.52669,12.52892,0.00,0.00
2017.03.23 13:03:59.370,12.52669,12.52919,0.00,0.00
2017.03.23 13:03:59.470,12.52669,12.52902,0.00,0.00
2017.03.23 13:03:59.569,12.52669,12.52919,0.00,0.00
2017.03.23 13:03:59.770,12.52669,12.52901,0.00,0.00
2017.03.23 13:04:00.074,12.52618,12.52818,0.00,0.00
2017.03.23 13:04:00.174,12.52599,12.52818,0.00,0.00
2017.03.23 13:04:00.302,12.52668,12.52811,0.00,0.00
2017.03.23 13:04:00.403,12.52668,12.52888,0.00,0.00
2017.03.23 13:04:00.614,12.52668,12.52809,0.00,0.00
2017.03.23 13:04:00.665,12.52578,12.52809,0.00,0.00
2017.03.23 13:04:00.774,12.52568,12.52802,0.00,0.00
2017.03.23 13:04:00.912,12.52568,12.52809,0.00,0.00
2017.03.23 13:04:00.963,12.52619,12.52809,0.00,0.00
2017.03.23 13:04:01.014,12.52619,12.52812,0.00,0.00
2017.03.23 13:04:01.064,12.52619,12.52808,0.00,0.00
2017.03.23 13:04:01.115,12.52569,12.52808,0.00,0.00
2017.03.23 13:04:01.287,12.52618,12.52808,0.00,0.00
2017.03.23 13:04:01.338,12.52618,12.52851,0.00,0.00
2017.03.23 13:04:01.389,12.52618,12.52888,0.00,0.00
2017.03.23 13:04:01.439,12.52669,12.52888,0.00,0.00
2017.03.23 13:04:01.785,12.52669,12.52809,0.00,0.00
2017.03.23 13:04:01.835,12.52668,12.52848,0.00,0.00
2017.03.23 13:04:01.886,12.52619,12.52848,0.00,0.00
2017.03.23 13:04:01.987,12.52619,12.52822,0.00,0.00
2017.03.23 13:04:02.037,12.52568,12.52822,0.00,0.00
2017.03.23 13:04:02.144,12.52618,12.52822,0.00,0.00
2017.03.23 13:04:02.194,12.52618,12.52848,0.00,0.00
2017.03.23 13:04:02.245,12.52618,12.52851,0.00,0.00
2017.03.23 13:04:02.295,12.52669,12.52851,0.00,0.00
2017.03.23 13:04:02.506,12.52669,12.52899,0.00,0.00
2017.03.23 13:04:02.680,12.52669,12.52872,0.00,0.00
2017.03.23 13:04:02.856,12.52669,12.52882,0.00,0.00
2017.03.23 13:04:02.907,12.52669,12.52899,0.00,0.00
2017.03.23 13:04:03.028,12.52669,12.52871,0.00,0.00
2017.03.23 13:04:03.287,12.52618,12.52829,0.00,0.00
2017.03.23 13:04:03.387,12.52568,12.52822,0.00,0.00
2017.03.23 13:04:03.489,12.52568,12.52802,0.00,0.00
2017.03.23 13:04:03.589,12.52668,12.52919,0.00,0.00
2017.03.23 13:04:03.682,12.52668,12.52911,0.00,0.00
2017.03.23 13:04:04.012,12.52668,12.52902,0.00,0.00
2017.03.23 13:04:04.084,12.52668,12.52919,0.00,0.00
2017.03.23 13:04:04.184,12.52668,12.52912,0.00,0.00
2017.03.23 13:04:04.585,12.52668,12.52882,0.00,0.00
2017.03.23 13:04:04.938,12.52668,12.52862,0.00,0.00
2017.03.23 13:04:05.086,12.52668,12.52902,0.00,0.00
2017.03.23 13:04:05.187,12.52668,12.52892,0.00,0.00
2017.03.23 13:04:05.455,12.52668,12.52911,0.00,0.00
2017.03.23 13:04:05.505,12.52668,12.52902,0.00,0.00
2017.03.23 13:04:05.888,12.52668,12.52872,0.00,0.00
2017.03.23 13:04:05.988,12.52668,12.52901,0.00,0.00
2017.03.23 13:04:06.389,12.52668,12.52892,0.00,0.00
2017.03.23 13:04:06.773,12.52668,12.52871,0.00,0.00
2017.03.23 13:04:07.191,12.52668,12.52891,0.00,0.00
2017.03.23 13:04:07.320,12.52668,12.52912,0.00,0.00
2017.03.23 13:04:07.533,12.52668,12.52899,0.00,0.00
2017.03.23 13:04:07.857,12.52668,12.52882,0.00,0.00
2017.03.23 13:04:08.160,12.52668,12.52891,0.00,0.00
2017.03.23 13:04:08.217,12.52668,12.52872,0.00,0.00
2017.03.23 13:04:08.568,12.52668,12.52811,0.00,0.00
2017.03.23 13:04:08.724,12.52668,12.52821,0.00,0.00
2017.03.23 13:04:08.928,12.52668,12.52899,0.00,0.00
2017.03.23 13:04:09.028,12.52668,12.52881,0.00,0.00
2017.03.23 13:04:09.097,12.52668,12.52899,0.00,0.00
2017.03.23 13:04:09.198,12.52668,12.52872,0.00,0.00
2017.03.23 13:04:09.330,12.52668,12.52899,0.00,0.00
2017.03.23 13:04:09.686,12.52758,12.52902,0.00,0.00
2017.03.23 13:04:09.942,12.52758,12.52992,0.00,0.00
2017.03.23 13:04:10.301,12.52758,12.52962,0.00,0.00
2017.03.23 13:04:10.509,12.52758,12.52972,0.00,0.00
2017.03.23 13:04:10.702,12.52758,12.52992,0.00,0.00
2017.03.23 13:04:10.808,12.52858,12.53012,0.00,0.00
2017.03.23 13:04:11.043,12.52858,12.53072,0.00,0.00
2017.03.23 13:04:11.242,12.52858,12.53041,0.00,0.00
2017.03.23 13:04:11.348,12.52858,12.53071,0.00,0.00
2017.03.23 13:04:11.405,12.52858,12.53079,0.00,0.00
2017.03.23 13:04:11.456,12.52808,12.53079,0.00,0.00
2017.03.23 13:04:11.506,12.52808,12.53009,0.00,0.00
2017.03.23 13:04:11.607,12.52789,12.53009,0.00,0.00
2017.03.23 13:04:11.658,12.52758,12.52992,0.00,0.00
2017.03.23 13:04:11.708,12.52758,12.52982,0.00,0.00
2017.03.23 13:04:12.020,12.52758,12.52971,0.00,0.00
2017.03.23 13:04:12.128,12.52758,12.52981,0.00,0.00
2017.03.23 13:04:12.236,12.52758,12.52951,0.00,0.00
2017.03.23 13:04:12.575,12.52758,12.52932,0.00,0.00
2017.03.23 13:04:12.625,12.52758,12.52952,0.00,0.00
2017.03.23 13:04:12.712,12.52758,12.52932,0.00,0.00
2017.03.23 13:04:12.913,12.52758,12.52978,0.00,0.00
2017.03.23 13:04:13.113,12.52758,12.52972,0.00,0.00
2017.03.23 13:04:13.217,12.52758,12.52978,0.00,0.00
2017.03.23 13:04:13.415,12.52758,12.52952,0.00,0.00
2017.03.23 13:04:13.860,12.52758,12.52921,0.00,0.00
2017.03.23 13:04:13.910,12.52758,12.52951,0.00,0.00
2017.03.23 13:04:13.961,12.52758,12.52972,0.00,0.00
2017.03.23 13:04:14.017,12.52758,12.52922,0.00,0.00
2017.03.23 13:04:14.237,12.52659,12.52879,0.00,0.00
2017.03.23 13:04:14.338,12.52719,12.52879,0.00,0.00
2017.03.23 13:04:14.417,12.52659,12.52879,0.00,0.00
2017.03.23 13:04:14.518,12.52659,12.52851,0.00,0.00
2017.03.23 13:04:14.619,12.52659,12.52879,0.00,0.00
2017.03.23 13:04:14.845,12.52659,12.52852,0.00,0.00
2017.03.23 13:04:15.019,12.52659,12.52879,0.00,0.00
2017.03.23 13:04:15.149,12.52659,12.52842,0.00,0.00
2017.03.23 13:04:15.249,12.52558,12.52769,0.00,0.00
2017.03.23 13:04:17.175,12.52558,12.52782,0.00,0.00
2017.03.23 13:04:17.226,12.52558,12.52788,0.00,0.00
2017.03.23 13:04:17.327,12.52558,12.52782,0.00,0.00
2017.03.23 13:04:17.626,12.52559,12.52788,0.00,0.00
2017.03.23 13:04:17.955,12.52559,12.52772,0.00,0.00
2017.03.23 13:04:18.027,12.52559,12.52788,0.00,0.00
2017.03.23 13:04:18.128,12.52559,12.52782,0.00,0.00
2017.03.23 13:04:18.429,12.52559,12.52812,0.00,0.00
2017.03.23 13:04:18.529,12.52559,12.52791,0.00,0.00
2017.03.23 13:04:18.780,12.52559,12.52811,0.00,0.00
2017.03.23 13:04:18.831,12.52559,12.52819,0.00,0.00
2017.03.23 13:04:19.030,12.52559,12.52781,0.00,0.00
2017.03.23 13:04:19.785,12.52609,12.52781,0.00,0.00
2017.03.23 13:04:19.835,12.52609,12.52801,0.00,0.00
2017.03.23 13:04:19.886,12.52558,12.52801,0.00,0.00
2017.03.23 13:04:19.937,12.52558,12.52782,0.00,0.00
2017.03.23 13:04:20.047,12.52558,12.52802,0.00,0.00
2017.03.23 13:04:20.133,12.52558,12.52782,0.00,0.00
2017.03.23 13:04:20.243,12.52558,12.52811,0.00,0.00
2017.03.23 13:04:20.378,12.52558,12.52782,0.00,0.00
2017.03.23 13:04:20.657,12.52558,12.52811,0.00,0.00
2017.03.23 13:04:20.779,12.52509,12.52791,0.00,0.00
2017.03.23 13:04:20.830,12.52509,12.52718,0.00,0.00
2017.03.23 13:04:20.981,12.52458,12.52691,0.00,0.00
2017.03.23 13:04:21.036,12.52458,12.52701,0.00,0.00
2017.03.23 13:04:21.141,12.52468,12.52718,0.00,0.00
2017.03.23 13:04:21.283,12.52458,12.52718,0.00,0.00
2017.03.23 13:04:21.384,12.52468,12.52718,0.00,0.00
2017.03.23 13:04:21.437,12.52458,12.52712,0.00,0.00
2017.03.23 13:04:21.653,12.52459,12.52718,0.00,0.00
2017.03.23 13:04:21.942,12.52468,12.52718,0.00,0.00
2017.03.23 13:04:22.321,12.52459,12.52712,0.00,0.00
2017.03.23 13:04:22.372,12.52459,12.52718,0.00,0.00
2017.03.23 13:04:22.570,12.52468,12.52718,0.00,0.00
2017.03.23 13:04:22.879,12.52548,12.52809,0.00,0.00
2017.03.23 13:04:22.930,12.52548,12.52729,0.00,0.00
2017.03.23 13:04:22.981,12.52509,12.52729,0.00,0.00
2017.03.23 13:04:23.081,12.52458,12.52729,0.00,0.00
2017.03.23 13:04:23.470,12.52468,12.52729,0.00,0.00
2017.03.23 13:04:23.742,12.52498,12.52762,0.00,0.00
2017.03.23 13:04:23.895,12.52489,12.52729,0.00,0.00
2017.03.23 13:04:24.090,12.52458,12.52729,0.00,0.00
2017.03.23 13:04:24.141,12.52509,12.52729,0.00,0.00
2017.03.23 13:04:24.243,12.52509,12.52732,0.00,0.00
2017.03.23 13:04:24.355,12.52509,12.52768,0.00,0.00
2017.03.23 13:04:24.530,12.52498,12.52762,0.00,0.00
2017.03.23 13:04:24.580,12.52479,12.52728,0.00,0.00
2017.03.23 13:04:24.688,12.52458,12.52728,0.00,0.00
2017.03.23 13:04:24.852,12.52458,12.52722,0.00,0.00
2017.03.23 13:04:25.277,12.52459,12.52728,0.00,0.00
2017.03.23 13:04:25.427,12.52458,12.52721,0.00,0.00
2017.03.23 13:04:25.846,12.52458,12.52728,0.00,0.00
2017.03.23 13:04:26.185,12.52458,12.52722,0.00,0.00
2017.03.23 13:04:26.539,12.52469,12.52691,0.00,0.00
2017.03.23 13:04:26.590,12.52469,12.52702,0.00,0.00
2017.03.23 13:04:26.759,12.52469,12.52728,0.00,0.00
2017.03.23 13:04:27.158,12.52469,12.52701,0.00,0.00
2017.03.23 13:04:27.555,12.52469,12.52728,0.00,0.00
2017.03.23 13:04:27.660,12.52469,12.52711,0.00,0.00
2017.03.23 13:04:27.761,12.52469,12.52728,0.00,0.00
2017.03.23 13:04:27.872,12.52469,12.52691,0.00,0.00
2017.03.23 13:04:27.987,12.52469,12.52728,0.00,0.00
2017.03.23 13:04:28.296,12.52469,12.52702,0.00,0.00
2017.03.23 13:04:28.696,12.52469,12.52692,0.00,0.00
2017.03.23 13:04:29.079,12.52469,12.52681,0.00,0.00
2017.03.23 13:04:29.553,12.52469,12.52702,0.00,0.00
2017.03.23 13:04:30.198,12.52469,12.52712,0.00,0.00
2017.03.23 13:04:30.463,12.52469,12.52701,0.00,0.00
2017.03.23 13:04:30.888,12.52469,12.52672,0.00,0.00
2017.03.23 13:04:30.956,12.52469,12.52712,0.00,0.00
2017.03.23 13:04:31.061,12.52469,12.52672,0.00,0.00
2017.03.23 13:04:31.156,12.52469,12.52692,0.00,0.00
2017.03.23 13:04:31.287,12.52469,12.52681,0.00,0.00
2017.03.23 13:04:31.391,12.52469,12.52712,0.00,0.00
2017.03.23 13:04:31.457,12.52469,12.52662,0.00,0.00
2017.03.23 13:04:31.781,12.52469,12.52691,0.00,0.00
2017.03.23 13:04:31.893,12.52469,12.52712,0.00,0.00
2017.03.23 13:04:31.958,12.52469,12.52702,0.00,0.00
2017.03.23 13:04:32.380,12.52469,12.52712,0.00,0.00
2017.03.23 13:04:32.559,12.52468,12.52722,0.00,0.00
2017.03.23 13:04:32.667,12.52468,12.52728,0.00,0.00
2017.03.23 13:04:32.776,12.52468,12.52702,0.00,0.00
2017.03.23 13:04:32.860,12.52468,12.52721,0.00,0.00
2017.03.23 13:04:32.911,12.52478,12.52721,0.00,0.00
2017.03.23 13:04:33.261,12.52478,12.52682,0.00,0.00
2017.03.23 13:04:33.704,12.52478,12.52692,0.00,0.00
2017.03.23 13:04:33.809,12.52478,12.52712,0.00,0.00
2017.03.23 13:04:33.969,12.52478,12.52728,0.00,0.00
2017.03.23 13:04:34.062,12.52478,12.52722,0.00,0.00
2017.03.23 13:04:34.398,12.52478,12.52681,0.00,0.00
2017.03.23 13:04:34.499,12.52478,12.52722,0.00,0.00
2017.03.23 13:04:34.664,12.52478,12.52681,0.00,0.00
2017.03.23 13:04:34.913,12.52488,12.52702,0.00,0.00
2017.03.23 13:04:35.115,12.52488,12.52728,0.00,0.00
2017.03.23 13:04:35.275,12.52488,12.52701,0.00,0.00
2017.03.23 13:04:35.379,12.52488,12.52728,0.00,0.00
2017.03.23 13:04:35.480,12.52488,12.52711,0.00,0.00
2017.03.23 13:04:35.666,12.52488,12.52728,0.00,0.00
2017.03.23 13:04:35.770,12.52488,12.52701,0.00,0.00
2017.03.23 13:04:36.407,12.52488,12.52728,0.00,0.00
2017.03.23 13:04:36.598,12.52488,12.52702,0.00,0.00
2017.03.23 13:04:36.705,12.52488,12.52728,0.00,0.00
2017.03.23 13:04:36.806,12.52488,12.52692,0.00,0.00
2017.03.23 13:04:37.469,12.52488,12.52681,0.00,0.00
2017.03.23 13:04:37.994,12.52488,12.52662,0.00,0.00
2017.03.23 13:04:38.100,12.52488,12.52712,0.00,0.00
2017.03.23 13:04:38.677,12.52488,12.52681,0.00,0.00
2017.03.23 13:04:38.778,12.52488,12.52702,0.00,0.00
2017.03.23 13:04:39.172,12.52488,12.52712,0.00,0.00
2017.03.23 13:04:39.272,12.52488,12.52692,0.00,0.00
2017.03.23 13:04:39.694,12.52478,12.52712,0.00,0.00
2017.03.23 13:04:39.818,12.52478,12.52681,0.00,0.00
2017.03.23 13:04:40.206,12.52478,12.52671,0.00,0.00
2017.03.23 13:04:40.274,12.52478,12.52682,0.00,0.00
2017.03.23 13:04:40.383,12.52478,12.52711,0.00,0.00
2017.03.23 13:04:40.576,12.52478,12.52702,0.00,0.00
2017.03.23 13:04:40.675,12.52478,12.52711,0.00,0.00
2017.03.23 13:04:41.278,12.52578,12.52711,0.00,0.00
2017.03.23 13:04:41.328,12.52578,12.52741,0.00,0.00
2017.03.23 13:04:41.379,12.52578,12.52791,0.00,0.00
2017.03.23 13:04:41.430,12.52529,12.52739,0.00,0.00
2017.03.23 13:04:41.541,12.52509,12.52739,0.00,0.00
2017.03.23 13:04:41.592,12.52479,12.52739,0.00,0.00
2017.03.23 13:04:41.684,12.52479,12.52672,0.00,0.00
2017.03.23 13:04:42.408,12.52479,12.52682,0.00,0.00
2017.03.23 13:04:42.819,12.52479,12.52701,0.00,0.00
2017.03.23 13:04:42.925,12.52479,12.52721,0.00,0.00
2017.03.23 13:04:42.986,12.52479,12.52741,0.00,0.00
2017.03.23 13:04:43.118,12.52479,12.52721,0.00,0.00
2017.03.23 13:04:43.788,12.52479,12.52701,0.00,0.00
2017.03.23 13:04:44.043,12.52479,12.52732,0.00,0.00
2017.03.23 13:04:44.094,12.52528,12.52732,0.00,0.00
2017.03.23 13:04:44.300,12.52579,12.52802,0.00,0.00
2017.03.23 13:04:44.401,12.52479,12.52762,0.00,0.00
2017.03.23 13:04:44.491,12.52479,12.52742,0.00,0.00
2017.03.23 13:04:44.808,12.52479,12.52751,0.00,0.00
2017.03.23 13:04:44.911,12.52479,12.52712,0.00,0.00
2017.03.23 13:04:45.100,12.52479,12.52722,0.00,0.00
2017.03.23 13:04:45.193,12.52479,12.52702,0.00,0.00
2017.03.23 13:04:45.493,12.52479,12.52721,0.00,0.00
2017.03.23 13:04:46.328,12.52479,12.52732,0.00,0.00
2017.03.23 13:04:46.429,12.52479,12.52712,0.00,0.00
2017.03.23 13:04:46.495,12.52479,12.52741,0.00,0.00
2017.03.23 13:04:46.597,12.52479,12.52712,0.00,0.00
2017.03.23 13:04:46.709,12.52479,12.52741,0.00,0.00
2017.03.23 13:04:46.796,12.52479,12.52751,0.00,0.00
2017.03.23 13:04:47.017,12.52479,12.52742,0.00,0.00
2017.03.23 13:04:47.118,12.52479,12.52759,0.00,0.00
2017.03.23 13:04:47.444,12.52479,12.52732,0.00,0.00
2017.03.23 13:04:47.748,12.52479,12.52722,0.00,0.00
2017.03.23 13:04:48.081,12.52479,12.52711,0.00,0.00
2017.03.23 13:04:48.469,12.52578,12.52711,0.00,0.00
2017.03.23 13:04:48.520,12.52578,12.52722,0.00,0.00
2017.03.23 13:04:48.621,12.52578,12.52809,0.00,0.00
2017.03.23 13:04:48.753,12.52629,12.52812,0.00,0.00
2017.03.23 13:04:48.804,12.52629,12.52832,0.00,0.00
2017.03.23 13:04:48.953,12.52629,12.52802,0.00,0.00
2017.03.23 13:04:49.111,12.52578,12.52832,0.00,0.00
2017.03.23 13:04:49.161,12.52578,12.52818,0.00,0.00
2017.03.23 13:04:49.683,12.52579,12.52818,0.00,0.00
2017.03.23 13:04:49.990,12.52579,12.52812,0.00,0.00
2017.03.23 13:04:50.041,12.52579,12.52818,0.00,0.00
2017.03.23 13:04:50.261,12.52579,12.52781,0.00,0.00
2017.03.23 13:04:50.312,12.52579,12.52802,0.00,0.00
2017.03.23 13:04:50.416,12.52579,12.52818,0.00,0.00
2017.03.23 13:04:50.833,12.52579,12.52812,0.00,0.00
2017.03.23 13:04:51.214,12.52579,12.52802,0.00,0.00
2017.03.23 13:04:51.466,12.52479,12.52728,0.00,0.00
2017.03.23 13:04:51.516,12.52479,12.52701,0.00,0.00
2017.03.23 13:04:51.633,12.52479,12.52712,0.00,0.00
2017.03.23 13:04:51.821,12.52479,12.52728,0.00,0.00
2017.03.23 13:04:52.006,12.52578,12.52731,0.00,0.00
2017.03.23 13:04:52.056,12.52578,12.52752,0.00,0.00
2017.03.23 13:04:52.159,12.52578,12.52811,0.00,0.00
2017.03.23 13:04:52.417,12.52578,12.52782,0.00,0.00
2017.03.23 13:04:52.719,12.52578,12.52819,0.00,0.00
2017.03.23 13:04:52.992,12.52539,12.52729,0.00,0.00
2017.03.23 13:04:53.042,12.52529,12.52729,0.00,0.00
2017.03.23 13:04:53.093,12.52529,12.52782,0.00,0.00
2017.03.23 13:04:53.144,12.52578,12.52732,0.00,0.00
2017.03.23 13:04:53.368,12.52578,12.52802,0.00,0.00
2017.03.23 13:04:53.622,12.52578,12.52808,0.00,0.00
2017.03.23 13:04:53.939,12.52578,12.52782,0.00,0.00
2017.03.23 13:04:54.023,12.52578,12.52819,0.00,0.00
2017.03.23 13:04:54.326,12.52578,12.52812,0.00,0.00
2017.03.23 13:04:54.461,12.52578,12.52819,0.00,0.00
2017.03.23 13:04:54.526,12.52578,12.52801,0.00,0.00
2017.03.23 13:04:54.794,12.52578,12.52812,0.00,0.00
2017.03.23 13:04:54.869,12.52578,12.52819,0.00,0.00
2017.03.23 13:04:54.928,12.52578,12.52782,0.00,0.00
2017.03.23 13:04:55.028,12.52578,12.52811,0.00,0.00
2017.03.23 13:04:55.133,12.52578,12.52802,0.00,0.00
2017.03.23 13:04:55.247,12.52578,12.52819,0.00,0.00
2017.03.23 13:04:56.333,12.52578,12.52812,0.00,0.00
2017.03.23 13:04:56.682,12.52628,12.52861,0.00,0.00
2017.03.23 13:04:57.063,12.52629,12.52892,0.00,0.00
2017.03.23 13:04:57.113,12.52629,12.52818,0.00,0.00
2017.03.23 13:04:57.270,12.52578,12.52812,0.00,0.00
2017.03.23 13:04:57.640,12.52578,12.52818,0.00,0.00
2017.03.23 13:04:58.036,12.52629,12.52822,0.00,0.00
2017.03.23 13:04:58.086,12.52629,12.52841,0.00,0.00
2017.03.23 13:04:58.137,12.52678,12.52841,0.00,0.00
2017.03.23 13:04:58.187,12.52678,12.52892,0.00,0.00
2017.03.23 13:04:58.291,12.52678,12.52871,0.00,0.00
2017.03.23 13:04:58.342,12.52678,12.52901,0.00,0.00
2017.03.23 13:04:58.538,12.52629,12.52901,0.00,0.00
2017.03.23 13:04:58.589,12.52578,12.52819,0.00,0.00
2017.03.23 13:04:58.894,12.52679,12.52881,0.00,0.00
2017.03.23 13:04:58.945,12.52679,12.52891,0.00,0.00
2017.03.23 13:04:59.046,12.52679,12.52902,0.00,0.00
2017.03.23 13:04:59.677,12.52679,12.52908,0.00,0.00
2017.03.23 13:04:59.986,12.52679,12.52881,0.00,0.00
2017.03.23 13:05:00.048,12.52679,12.52901,0.00,0.00
2017.03.23 13:05:00.148,12.52668,12.52882,0.00,0.00
2017.03.23 13:05:00.255,12.52668,12.52908,0.00,0.00
2017.03.23 13:05:00.388,12.52668,12.52881,0.00,0.00
2017.03.23 13:05:00.489,12.52668,12.52908,0.00,0.00
2017.03.23 13:05:00.596,12.52668,12.52842,0.00,0.00
2017.03.23 13:05:00.889,12.52668,12.52908,0.00,0.00
2017.03.23 13:05:01.042,12.52668,12.52808,0.00,0.00
2017.03.23 13:05:01.093,12.52618,12.52832,0.00,0.00
2017.03.23 13:05:01.144,12.52568,12.52819,0.00,0.00
2017.03.23 13:05:01.296,12.52568,12.52812,0.00,0.00
2017.03.23 13:05:01.604,12.52619,12.52859,0.00,0.00
2017.03.23 13:05:01.969,12.52668,12.52899,0.00,0.00
2017.03.23 13:05:02.391,12.52668,12.52872,0.00,0.00
2017.03.23 13:05:02.721,12.52668,12.52842,0.00,0.00
2017.03.23 13:05:02.954,12.52668,12.52852,0.00,0.00
2017.03.23 13:05:03.065,12.52668,12.52872,0.00,0.00
2017.03.23 13:05:03.203,12.52668,12.52891,0.00,0.00
2017.03.23 13:05:03.305,12.52668,12.52851,0.00,0.00
2017.03.23 13:05:03.357,12.52668,12.52899,0.00,0.00
2017.03.23 13:05:05.669,12.52669,12.52899,0.00,0.00
2017.03.23 13:05:05.861,12.52668,12.52852,0.00,0.00
2017.03.23 13:05:06.008,12.52668,12.52899,0.00,0.00
2017.03.23 13:05:06.178,12.52668,12.52852,0.00,0.00
2017.03.23 13:05:06.249,12.52668,12.52899,0.00,0.00
2017.03.23 13:05:07.186,12.52678,12.52899,0.00,0.00
2017.03.23 13:05:07.412,12.52668,12.52899,0.00,0.00
2017.03.23 13:05:07.646,12.52718,12.52952,0.00,0.00
2017.03.23 13:05:07.747,12.52768,12.52952,0.00,0.00
2017.03.23 13:05:07.865,12.52768,12.52999,0.00,0.00
2017.03.23 13:05:08.104,12.52768,12.52981,0.00,0.00
2017.03.23 13:05:08.299,12.52768,12.52991,0.00,0.00
2017.03.23 13:05:08.403,12.52768,12.52932,0.00,0.00
2017.03.23 13:05:08.504,12.52768,12.52991,0.00,0.00
2017.03.23 13:05:08.566,12.52768,12.52922,0.00,0.00
2017.03.23 13:05:09.203,12.52768,12.52999,0.00,0.00
2017.03.23 13:05:09.368,12.52768,12.52982,0.00,0.00
2017.03.23 13:05:09.510,12.52768,12.52999,0.00,0.00
2017.03.23 13:05:09.942,12.52768,12.53009,0.00,0.00
2017.03.23 13:05:10.104,12.52818,12.53008,0.00,0.00
2017.03.23 13:05:10.155,12.52772,12.53008,0.00,0.00
2017.03.23 13:05:10.205,12.52798,12.53008,0.00,0.00
2017.03.23 13:05:10.313,12.52772,12.53002,0.00,0.00
2017.03.23 13:05:10.714,12.52768,12.53002,0.00,0.00
2017.03.23 13:05:10.772,12.52768,12.53008,0.00,0.00
2017.03.23 13:05:11.233,12.52778,12.53008,0.00,0.00
2017.03.23 13:05:11.284,12.52768,12.53001,0.00,0.00
2017.03.23 13:05:11.875,12.52768,12.53008,0.00,0.00
2017.03.23 13:05:11.975,12.52768,12.53001,0.00,0.00
2017.03.23 13:05:12.106,12.52768,12.53008,0.00,0.00
2017.03.23 13:05:12.366,12.52818,12.53002,0.00,0.00
2017.03.23 13:05:12.422,12.52868,12.53079,0.00,0.00
2017.03.23 13:05:15.185,12.52868,12.53032,0.00,0.00
2017.03.23 13:05:15.484,12.52868,12.53041,0.00,0.00
2017.03.23 13:05:15.619,12.52868,12.53031,0.00,0.00
2017.03.23 13:05:15.812,12.52838,12.53042,0.00,0.00
2017.03.23 13:05:15.863,12.52838,12.53009,0.00,0.00
2017.03.23 13:05:15.922,12.52768,12.53009,0.00,0.00
2017.03.23 13:05:16.086,12.52789,12.53009,0.00,0.00
2017.03.23 13:05:16.415,12.52768,12.52982,0.00,0.00
2017.03.23 13:05:16.534,12.52768,12.52992,0.00,0.00
2017.03.23 13:05:16.704,12.52768,12.53009,0.00,0.00
2017.03.23 13:05:17.025,12.52778,12.53009,0.00,0.00
2017.03.23 13:05:17.126,12.52768,12.53009,0.00,0.00
2017.03.23 13:05:17.308,12.52768,12.53001,0.00,0.00
2017.03.23 13:05:17.416,12.52768,12.53009,0.00,0.00
2017.03.23 13:05:17.889,12.52778,12.53009,0.00,0.00
2017.03.23 13:05:18.209,12.52768,12.53009,0.00,0.00
2017.03.23 13:05:18.260,12.52868,12.53032,0.00,0.00
2017.03.23 13:05:18.411,12.52818,12.53059,0.00,0.00
2017.03.23 13:05:18.512,12.52839,12.53059,0.00,0.00
2017.03.23 13:05:18.663,12.52818,12.53059,0.00,0.00
2017.03.23 13:05:18.713,12.52818,12.53008,0.00,0.00
2017.03.23 13:05:18.814,12.52768,12.53008,0.00,0.00
2017.03.23 13:05:19.029,12.52819,12.53008,0.00,0.00
2017.03.23 13:05:19.243,12.52768,12.53008,0.00,0.00
2017.03.23 13:05:21.418,12.52769,12.53008,0.00,0.00
2017.03.23 13:05:22.058,12.52768,12.53008,0.00,0.00
2017.03.23 13:05:22.490,12.52819,12.53031,0.00,0.00
2017.03.23 13:05:22.591,12.52768,12.53009,0.00,0.00
2017.03.23 13:05:22.641,12.52808,12.53042,0.00,0.00
2017.03.23 13:05:23.037,12.52868,12.53069,0.00,0.00
2017.03.23 13:05:23.497,12.52868,12.53079,0.00,0.00
2017.03.23 13:05:23.715,12.52868,12.53051,0.00,0.00
2017.03.23 13:05:24.111,12.52868,12.53061,0.00,0.00
2017.03.23 13:05:24.609,12.52868,12.53079,0.00,0.00
2017.03.23 13:05:24.663,12.52868,12.53059,0.00,0.00
2017.03.23 13:05:24.814,12.52768,12.53009,0.00,0.00
2017.03.23 13:05:25.828,12.52819,12.53011,0.00,0.00
2017.03.23 13:05:26.063,12.52868,12.53079,0.00,0.00
2017.03.23 13:05:26.214,12.52868,12.53042,0.00,0.00
2017.03.23 13:05:26.339,12.52818,12.53018,0.00,0.00
2017.03.23 13:05:26.566,12.52768,12.53002,0.00,0.00
2017.03.23 13:05:26.817,12.52768,12.53018,0.00,0.00
2017.03.23 13:05:26.917,12.52768,12.53002,0.00,0.00
2017.03.23 13:05:27.418,12.52768,12.53018,0.00,0.00
2017.03.23 13:05:27.719,12.52768,12.53002,0.00,0.00
2017.03.23 13:05:28.421,12.52769,12.53018,0.00,0.00
2017.03.23 13:05:28.533,12.52768,12.53001,0.00,0.00
2017.03.23 13:05:28.642,12.52768,12.53012,0.00,0.00
2017.03.23 13:05:28.746,12.52768,12.53018,0.00,0.00
2017.03.23 13:05:29.329,12.52769,12.53018,0.00,0.00
2017.03.23 13:05:29.433,12.52779,12.53018,0.00,0.00
2017.03.23 13:05:29.553,12.52768,12.53018,0.00,0.00
2017.03.23 13:05:29.810,12.52778,12.53018,0.00,0.00
2017.03.23 13:05:30.213,12.52818,12.53049,0.00,0.00
2017.03.23 13:05:30.478,12.52818,12.53059,0.00,0.00
2017.03.23 13:05:30.980,12.52799,12.53009,0.00,0.00
2017.03.23 13:05:31.030,12.52768,12.53009,0.00,0.00
2017.03.23 13:05:31.365,12.52779,12.53009,0.00,0.00
2017.03.23 13:05:31.786,12.52768,12.52979,0.00,0.00
2017.03.23 13:05:32.103,12.52788,12.52979,0.00,0.00
2017.03.23 13:05:32.894,12.52799,12.52979,0.00,0.00
2017.03.23 13:05:37.202,12.52898,12.53002,0.00,0.00
2017.03.23 13:05:37.253,12.52898,12.53039,0.00,0.00
2017.03.23 13:05:37.304,12.52798,12.52979,0.00,0.00
2017.03.23 13:05:37.923,12.52848,12.53019,0.00,0.00
2017.03.23 13:05:38.422,12.52799,12.53019,0.00,0.00
2017.03.23 13:05:38.473,12.52799,12.52979,0.00,0.00
2017.03.23 13:05:38.783,12.52848,12.53019,0.00,0.00
2017.03.23 13:05:40.194,12.52898,12.53019,0.00,0.00
2017.03.23 13:05:40.244,12.52898,12.53049,0.00,0.00
2017.03.23 13:05:40.972,12.52898,12.53069,0.00,0.00
2017.03.23 13:05:43.613,12.52848,12.53069,0.00,0.00
2017.03.23 13:05:43.664,12.52848,12.52979,0.00,0.00
2017.03.23 13:05:43.766,12.52798,12.52979,0.00,0.00
2017.03.23 13:05:43.852,12.52749,12.52979,0.00,0.00
2017.03.23 13:05:44.158,12.52779,12.52979,0.00,0.00
2017.03.23 13:05:44.262,12.52798,12.53032,0.00,0.00
2017.03.23 13:05:44.365,12.52858,12.53069,0.00,0.00
2017.03.23 13:05:44.467,12.52848,12.53069,0.00,0.00
2017.03.23 13:05:45.397,12.52859,12.53069,0.00,0.00
2017.03.23 13:05:45.505,12.52848,12.53069,0.00,0.00
2017.03.23 13:05:45.555,12.52848,12.52989,0.00,0.00
2017.03.23 13:05:45.606,12.52799,12.52989,0.00,0.00
2017.03.23 13:05:45.707,12.52758,12.52989,0.00,0.00
2017.03.23 13:05:46.271,12.52778,12.52989,0.00,0.00
2017.03.23 13:05:46.504,12.52758,12.52989,0.00,0.00
2017.03.23 13:05:46.613,12.52768,12.52989,0.00,0.00
2017.03.23 13:05:46.764,12.52748,12.52989,0.00,0.00
2017.03.23 13:05:47.174,12.52778,12.52989,0.00,0.00
2017.03.23 13:05:48.351,12.52769,12.52989,0.00,0.00
2017.03.23 13:05:48.402,12.52758,12.52989,0.00,0.00
2017.03.23 13:05:48.467,12.52749,12.52989,0.00,0.00
2017.03.23 13:05:48.979,12.52748,12.52989,0.00,0.00
2017.03.23 13:05:49.517,12.52758,12.52989,0.00,0.00
2017.03.23 13:05:49.570,12.52748,12.52989,0.00,0.00
2017.03.23 13:05:49.910,12.52758,12.52989,0.00,0.00
2017.03.23 13:05:50.695,12.52768,12.52989,0.00,0.00
2017.03.23 13:05:50.997,12.52799,12.53022,0.00,0.00
2017.03.23 13:05:51.047,12.52848,12.53022,0.00,0.00
2017.03.23 13:05:51.098,12.52848,12.53068,0.00,0.00
2017.03.23 13:05:51.380,12.52859,12.53068,0.00,0.00
2017.03.23 13:05:51.498,12.52848,12.53068,0.00,0.00
2017.03.23 13:05:51.819,12.52859,12.53068,0.00,0.00
2017.03.23 13:05:51.878,12.52848,12.53068,0.00,0.00
2017.03.23 13:05:52.150,12.52798,12.53068,0.00,0.00
2017.03.23 13:05:52.200,12.52798,12.52988,0.00,0.00
2017.03.23 13:05:52.251,12.52798,12.53061,0.00,0.00
2017.03.23 13:05:52.302,12.52849,12.53068,0.00,0.00
2017.03.23 13:05:52.581,12.52748,12.53011,0.00,0.00
2017.03.23 13:05:52.706,12.52748,12.52978,0.00,0.00
2017.03.23 13:05:53.031,12.52759,12.52978,0.00,0.00
2017.03.23 13:05:53.311,12.52748,12.52978,0.00,0.00
2017.03.23 13:05:53.522,12.52758,12.52978,0.00,0.00
2017.03.23 13:05:53.582,12.52748,12.52978,0.00,0.00
2017.03.23 13:05:53.820,12.52718,12.52921,0.00,0.00
2017.03.23 13:05:54.083,12.52649,12.52889,0.00,0.00
2017.03.23 13:05:54.584,12.52668,12.52889,0.00,0.00
2017.03.23 13:05:54.886,12.52699,12.52938,0.00,0.00
2017.03.23 13:05:54.987,12.52749,12.52961,0.00,0.00
2017.03.23 13:05:55.168,12.52749,12.52978,0.00,0.00
2017.03.23 13:05:55.606,12.52718,12.52888,0.00,0.00
2017.03.23 13:05:55.708,12.52709,12.52888,0.00,0.00
2017.03.23 13:05:55.809,12.52649,12.52888,0.00,0.00
2017.03.23 13:05:56.112,12.52658,12.52888,0.00,0.00
2017.03.23 13:05:56.213,12.52649,12.52888,0.00,0.00
2017.03.23 13:05:56.794,12.52678,12.52888,0.00,0.00
2017.03.23 13:05:57.122,12.52658,12.52888,0.00,0.00
2017.03.23 13:05:57.191,12.52649,12.52888,0.00,0.00
2017.03.23 13:05:57.520,12.52629,12.52871,0.00,0.00
2017.03.23 13:05:57.648,12.52659,12.52871,0.00,0.00
2017.03.23 13:05:57.699,12.52648,12.52879,0.00,0.00
2017.03.23 13:05:57.763,12.52648,12.52889,0.00,0.00
2017.03.23 13:05:57.864,12.52638,12.52882,0.00,0.00
2017.03.23 13:05:57.914,12.52648,12.52889,0.00,0.00
2017.03.23 13:05:58.094,12.52638,12.52889,0.00,0.00
2017.03.23 13:05:58.198,12.52648,12.52889,0.00,0.00
2017.03.23 13:05:59.196,12.52638,12.52889,0.00,0.00
2017.03.23 13:05:59.642,12.52659,12.52889,0.00,0.00
2017.03.23 13:05:59.911,12.52648,12.52889,0.00,0.00
2017.03.23 13:06:00.012,12.52658,12.52889,0.00,0.00
2017.03.23 13:06:00.332,12.52638,12.52889,0.00,0.00
2017.03.23 13:06:00.399,12.52669,12.52889,0.00,0.00
2017.03.23 13:06:00.699,12.52648,12.52889,0.00,0.00
2017.03.23 13:06:00.893,12.52638,12.52889,0.00,0.00
2017.03.23 13:06:01.000,12.52659,12.52889,0.00,0.00
2017.03.23 13:06:01.233,12.52649,12.52889,0.00,0.00
2017.03.23 13:06:01.334,12.52638,12.52889,0.00,0.00
2017.03.23 13:06:01.401,12.52649,12.52889,0.00,0.00
2017.03.23 13:06:01.744,12.52659,12.52889,0.00,0.00
2017.03.23 13:06:01.923,12.52648,12.52889,0.00,0.00
2017.03.23 13:06:02.024,12.52638,12.52889,0.00,0.00
2017.03.23 13:06:02.127,12.52669,12.52889,0.00,0.00
2017.03.23 13:06:02.243,12.52638,12.52889,0.00,0.00
2017.03.23 13:06:02.777,12.52639,12.52889,0.00,0.00
2017.03.23 13:06:02.827,12.52649,12.52889,0.00,0.00
2017.03.23 13:06:03.007,12.52638,12.52889,0.00,0.00
2017.03.23 13:06:03.179,12.52689,12.52918,0.00,0.00
2017.03.23 13:06:03.279,12.52689,12.52922,0.00,0.00
2017.03.23 13:06:03.330,12.52739,12.52942,0.00,0.00
2017.03.23 13:06:03.441,12.52739,12.53008,0.00,0.00
2017.03.23 13:06:03.632,12.52739,12.52982,0.00,0.00
2017.03.23 13:06:03.706,12.52739,12.53008,0.00,0.00
2017.03.23 13:06:03.821,12.52739,12.52982,0.00,0.00
2017.03.23 13:06:03.975,12.52739,12.53008,0.00,0.00
2017.03.23 13:06:04.025,12.52739,12.52972,0.00,0.00
2017.03.23 13:06:04.106,12.52739,12.53001,0.00,0.00
2017.03.23 13:06:04.344,12.52739,12.52962,0.00,0.00
2017.03.23 13:06:05.414,12.52749,12.53008,0.00,0.00
2017.03.23 13:06:05.525,12.52739,12.53008,0.00,0.00
2017.03.23 13:06:05.846,12.52739,12.52982,0.00,0.00
2017.03.23 13:06:05.897,12.52698,12.52948,0.00,0.00
2017.03.23 13:06:05.947,12.52718,12.52948,0.00,0.00
2017.03.23 13:06:06.291,12.52739,12.52948,0.00,0.00
2017.03.23 13:06:06.707,12.52708,12.52948,0.00,0.00
2017.03.23 13:06:06.812,12.52738,12.52948,0.00,0.00
2017.03.23 13:06:06.901,12.52738,12.52961,0.00,0.00
2017.03.23 13:06:06.952,12.52718,12.52961,0.00,0.00
2017.03.23 13:06:07.012,12.52738,12.52961,0.00,0.00
2017.03.23 13:06:07.693,12.52718,12.52961,0.00,0.00
2017.03.23 13:06:07.744,12.52738,12.52961,0.00,0.00
2017.03.23 13:06:08.126,12.52748,12.52961,0.00,0.00
2017.03.23 13:06:08.362,12.52729,12.52961,0.00,0.00
2017.03.23 13:06:08.557,12.52708,12.52961,0.00,0.00
2017.03.23 13:06:08.815,12.52718,12.52961,0.00,0.00
2017.03.23 13:06:08.936,12.52698,12.52961,0.00,0.00
2017.03.23 13:06:09.037,12.52739,12.52961,0.00,0.00
2017.03.23 13:06:09.218,12.52718,12.52961,0.00,0.00
2017.03.23 13:06:09.385,12.52748,12.52961,0.00,0.00
2017.03.23 13:06:10.218,12.52728,12.52961,0.00,0.00
2017.03.23 13:06:10.318,12.52749,12.52961,0.00,0.00
2017.03.23 13:06:10.820,12.52728,12.52961,0.00,0.00
2017.03.23 13:06:10.938,12.52748,12.52961,0.00,0.00
2017.03.23 13:06:11.728,12.52719,12.52961,0.00,0.00
2017.03.23 13:06:11.895,12.52748,12.52961,0.00,0.00
2017.03.23 13:06:12.053,12.52718,12.52961,0.00,0.00
2017.03.23 13:06:13.048,12.52729,12.53008,0.00,0.00
2017.03.23 13:06:13.099,12.52729,12.52961,0.00,0.00
2017.03.23 13:06:13.577,12.52758,12.52961,0.00,0.00
2017.03.23 13:06:13.628,12.52718,12.52961,0.00,0.00
2017.03.23 13:06:13.853,12.52749,12.52961,0.00,0.00
2017.03.23 13:06:14.126,12.52729,12.52961,0.00,0.00
2017.03.23 13:06:14.247,12.52759,12.52961,0.00,0.00
2017.03.23 13:06:14.368,12.52728,12.52961,0.00,0.00
2017.03.23 13:06:14.471,12.52758,12.52961,0.00,0.00
2017.03.23 13:06:14.576,12.52719,12.52961,0.00,0.00
2017.03.23 13:06:14.743,12.52758,12.52961,0.00,0.00
2017.03.23 13:06:14.937,12.52719,12.52961,0.00,0.00
2017.03.23 13:06:15.040,12.52708,12.52961,0.00,0.00
2017.03.23 13:06:15.359,12.52698,12.52961,0.00,0.00
2017.03.23 13:06:15.776,12.52728,12.52961,0.00,0.00
2017.03.23 13:06:16.258,12.52698,12.52961,0.00,0.00
2017.03.23 13:06:16.359,12.52739,12.52961,0.00,0.00
2017.03.23 13:06:16.468,12.52698,12.52961,0.00,0.00
2017.03.23 13:06:16.531,12.52708,12.52961,0.00,0.00
2017.03.23 13:06:16.679,12.52699,12.52961,0.00,0.00
2017.03.23 13:06:16.731,12.52728,12.52961,0.00,0.00
2017.03.23 13:06:17.039,12.52739,12.52961,0.00,0.00
2017.03.23 13:06:17.339,12.52718,12.52961,0.00,0.00
2017.03.23 13:06:17.534,12.52728,12.52961,0.00,0.00
2017.03.23 13:06:17.634,12.52709,12.52961,0.00,0.00
2017.03.23 13:06:17.739,12.52739,12.52961,0.00,0.00
2017.03.23 13:06:18.352,12.52708,12.52961,0.00,0.00
2017.03.23 13:06:18.652,12.52718,12.52961,0.00,0.00
2017.03.23 13:06:18.837,12.52709,12.52961,0.00,0.00
2017.03.23 13:06:19.261,12.52739,12.52961,0.00,0.00
2017.03.23 13:06:19.553,12.52719,12.52961,0.00,0.00
2017.03.23 13:06:19.676,12.52738,12.52961,0.00,0.00
2017.03.23 13:06:19.875,12.52728,12.52961,0.00,0.00
2017.03.23 13:06:19.981,12.52759,12.52961,0.00,0.00
2017.03.23 13:06:20.216,12.52729,12.52961,0.00,0.00
2017.03.23 13:06:20.267,12.52729,12.53008,0.00,0.00
2017.03.23 13:06:20.367,12.52748,12.53012,0.00,0.00
2017.03.23 13:06:20.701,12.52799,12.53062,0.00,0.00
2017.03.23 13:06:21.039,12.52808,12.53062,0.00,0.00
2017.03.23 13:06:21.351,12.52818,12.53062,0.00,0.00
2017.03.23 13:06:21.669,12.52828,12.53062,0.00,0.00
2017.03.23 13:06:21.842,12.52818,12.53062,0.00,0.00
2017.03.23 13:06:21.947,12.52788,12.53062,0.00,0.00
2017.03.23 13:06:22.048,12.52828,12.53062,0.00,0.00
2017.03.23 13:06:22.181,12.52789,12.53062,0.00,0.00
2017.03.23 13:06:22.286,12.52828,12.53062,0.00,0.00
2017.03.23 13:06:22.387,12.52799,12.53062,0.00,0.00
2017.03.23 13:06:22.491,12.52809,12.53062,0.00,0.00
2017.03.23 13:06:22.543,12.52778,12.53041,0.00,0.00
2017.03.23 13:06:22.594,12.52759,12.53012,0.00,0.00
2017.03.23 13:06:22.799,12.52748,12.53012,0.00,0.00
2017.03.23 13:06:22.849,12.52748,12.53008,0.00,0.00
2017.03.23 13:06:23.157,12.52729,12.52962,0.00,0.00
2017.03.23 13:06:23.546,12.52758,12.52962,0.00,0.00
2017.03.23 13:06:23.747,12.52679,12.52942,0.00,0.00
2017.03.23 13:06:23.848,12.52698,12.52912,0.00,0.00
2017.03.23 13:06:23.966,12.52658,12.52912,0.00,0.00
2017.03.23 13:06:24.110,12.52658,12.52902,0.00,0.00
2017.03.23 13:06:24.262,12.52678,12.52952,0.00,0.00
2017.03.23 13:06:24.362,12.52728,12.52952,0.00,0.00
2017.03.23 13:06:24.748,12.52718,12.52952,0.00,0.00
2017.03.23 13:06:24.853,12.52698,12.52952,0.00,0.00
2017.03.23 13:06:24.976,12.52668,12.52941,0.00,0.00
2017.03.23 13:06:25.680,12.52659,12.52902,0.00,0.00
2017.03.23 13:06:25.899,12.52619,12.52901,0.00,0.00
2017.03.23 13:06:25.950,12.52619,12.52852,0.00,0.00
2017.03.23 13:06:26.455,12.52618,12.52852,0.00,0.00
2017.03.23 13:06:26.786,12.52608,12.52852,0.00,0.00
2017.03.23 13:06:26.999,12.52579,12.52852,0.00,0.00
2017.03.23 13:06:27.100,12.52609,12.52852,0.00,0.00
2017.03.23 13:06:27.801,12.52629,12.52852,0.00,0.00
2017.03.23 13:06:27.860,12.52608,12.52852,0.00,0.00
2017.03.23 13:06:27.963,12.52649,12.52852,0.00,0.00
2017.03.23 13:06:28.296,12.52659,12.52852,0.00,0.00
2017.03.23 13:06:28.408,12.52618,12.52852,0.00,0.00
2017.03.23 13:06:28.610,12.52638,12.52852,0.00,0.00
2017.03.23 13:06:28.871,12.52618,12.52852,0.00,0.00
2017.03.23 13:06:28.979,12.52569,12.52851,0.00,0.00
2017.03.23 13:06:29.183,12.52598,12.52852,0.00,0.00
2017.03.23 13:06:29.234,12.52598,12.52872,0.00,0.00
2017.03.23 13:06:29.284,12.52588,12.52852,0.00,0.00
2017.03.23 13:06:29.389,12.52588,12.52861,0.00,0.00
2017.03.23 13:06:29.464,12.52629,12.52872,0.00,0.00
2017.03.23 13:06:29.604,12.52619,12.52872,0.00,0.00
2017.03.23 13:06:29.664,12.52599,12.52872,0.00,0.00
2017.03.23 13:06:30.005,12.52618,12.52872,0.00,0.00
2017.03.23 13:06:30.056,12.52618,12.52881,0.00,0.00
2017.03.23 13:06:30.174,12.52638,12.52881,0.00,0.00
2017.03.23 13:06:30.401,12.52629,12.52881,0.00,0.00
2017.03.23 13:06:30.515,12.52618,12.52881,0.00,0.00
2017.03.23 13:06:30.566,12.52638,12.52881,0.00,0.00
2017.03.23 13:06:31.201,12.52619,12.52881,0.00,0.00
2017.03.23 13:06:31.301,12.52628,12.52881,0.00,0.00
2017.03.23 13:06:31.695,12.52648,12.52881,0.00,0.00
2017.03.23 13:06:31.868,12.52629,12.52881,0.00,0.00
2017.03.23 13:06:32.215,12.52608,12.52881,0.00,0.00
2017.03.23 13:06:32.589,12.52649,12.52881,0.00,0.00
2017.03.23 13:06:32.908,12.52658,12.52881,0.00,0.00
2017.03.23 13:06:32.970,12.52628,12.52881,0.00,0.00
2017.03.23 13:06:33.138,12.52648,12.52912,0.00,0.00
2017.03.23 13:06:33.189,12.52658,12.52932,0.00,0.00
2017.03.23 13:06:33.240,12.52698,12.52942,0.00,0.00
2017.03.23 13:06:33.391,12.52698,12.52971,0.00,0.00
2017.03.23 13:06:33.499,12.52668,12.52908,0.00,0.00
2017.03.23 13:06:33.706,12.52629,12.52881,0.00,0.00
2017.03.23 13:06:34.016,12.52609,12.52881,0.00,0.00
2017.03.23 13:06:34.120,12.52639,12.52881,0.00,0.00
2017.03.23 13:06:34.276,12.52629,12.52881,0.00,0.00
2017.03.23 13:06:34.508,12.52618,12.52881,0.00,0.00
2017.03.23 13:06:34.678,12.52648,12.52881,0.00,0.00
2017.03.23 13:06:34.808,12.52618,12.52881,0.00,0.00
2017.03.23 13:06:34.879,12.52648,12.52881,0.00,0.00
2017.03.23 13:06:35.113,12.52638,12.52881,0.00,0.00
2017.03.23 13:06:35.280,12.52648,12.52881,0.00,0.00
2017.03.23 13:06:35.507,12.52618,12.52881,0.00,0.00
2017.03.23 13:06:35.701,12.52599,12.52881,0.00,0.00
2017.03.23 13:06:35.803,12.52648,12.52881,0.00,0.00
2017.03.23 13:06:36.228,12.52619,12.52881,0.00,0.00
2017.03.23 13:06:36.283,12.52608,12.52881,0.00,0.00
2017.03.23 13:06:36.409,12.52618,12.52881,0.00,0.00
2017.03.23 13:06:36.784,12.52639,12.52881,0.00,0.00
2017.03.23 13:06:36.884,12.52608,12.52881,0.00,0.00
2017.03.23 13:06:37.100,12.52619,12.52881,0.00,0.00
2017.03.23 13:06:37.451,12.52638,12.52881,0.00,0.00
2017.03.23 13:06:37.502,12.52609,12.52881,0.00,0.00
2017.03.23 13:06:37.805,12.52618,12.52881,0.00,0.00
2017.03.23 13:06:37.915,12.52609,12.52881,0.00,0.00
2017.03.23 13:06:38.033,12.52608,12.52892,0.00,0.00
2017.03.23 13:06:38.086,12.52628,12.52892,0.00,0.00
2017.03.23 13:06:38.402,12.52659,12.52892,0.00,0.00
2017.03.23 13:06:38.731,12.52619,12.52879,0.00,0.00
2017.03.23 13:06:38.901,12.52648,12.52879,0.00,0.00
2017.03.23 13:06:39.534,12.52639,12.52879,0.00,0.00
2017.03.23 13:06:39.589,12.52609,12.52879,0.00,0.00
2017.03.23 13:06:39.991,12.52629,12.52879,0.00,0.00
2017.03.23 13:06:40.235,12.52609,12.52879,0.00,0.00
2017.03.23 13:06:40.290,12.52628,12.52879,0.00,0.00
2017.03.23 13:06:40.591,12.52649,12.52879,0.00,0.00
2017.03.23 13:06:40.692,12.52629,12.52879,0.00,0.00
2017.03.23 13:06:40.809,12.52608,12.52879,0.00,0.00
2017.03.23 13:06:40.910,12.52649,12.52879,0.00,0.00
2017.03.23 13:06:41.226,12.52618,12.52879,0.00,0.00
2017.03.23 13:06:41.276,12.52618,12.52788,0.00,0.00
2017.03.23 13:06:41.327,12.52598,12.52788,0.00,0.00
2017.03.23 13:06:41.428,12.52559,12.52788,0.00,0.00
2017.03.23 13:06:41.531,12.52528,12.52788,0.00,0.00
2017.03.23 13:06:41.707,12.52558,12.52788,0.00,0.00
2017.03.23 13:06:41.882,12.52558,12.52828,0.00,0.00
2017.03.23 13:06:41.933,12.52558,12.52812,0.00,0.00
2017.03.23 13:06:42.235,12.52529,12.52782,0.00,0.00
2017.03.23 13:06:42.695,12.52558,12.52782,0.00,0.00
2017.03.23 13:06:42.844,12.52529,12.52782,0.00,0.00
2017.03.23 13:06:43.031,12.52559,12.52782,0.00,0.00
2017.03.23 13:06:43.135,12.52538,12.52782,0.00,0.00
2017.03.23 13:06:43.236,12.52529,12.52782,0.00,0.00
2017.03.23 13:06:43.897,12.52529,12.52682,0.00,0.00
2017.03.23 13:06:43.998,12.52538,12.52732,0.00,0.00
2017.03.23 13:06:44.049,12.52498,12.52709,0.00,0.00
2017.03.23 13:06:44.150,12.52458,12.52682,0.00,0.00
2017.03.23 13:06:44.313,12.52439,12.52682,0.00,0.00
2017.03.23 13:06:44.389,12.52439,12.52709,0.00,0.00
2017.03.23 13:06:44.440,12.52439,12.52721,0.00,0.00
2017.03.23 13:06:44.541,12.52448,12.52731,0.00,0.00
2017.03.23 13:06:44.600,12.52489,12.52731,0.00,0.00
2017.03.23 13:06:44.944,12.52459,12.52681,0.00,0.00
2017.03.23 13:06:45.002,12.52449,12.52681,0.00,0.00
2017.03.23 13:06:45.103,12.52489,12.52732,0.00,0.00
2017.03.23 13:06:45.277,12.52489,12.52771,0.00,0.00
2017.03.23 13:06:45.328,12.52479,12.52742,0.00,0.00
2017.03.23 13:06:45.750,12.52538,12.52781,0.00,0.00
2017.03.23 13:06:45.820,12.52518,12.52781,0.00,0.00
2017.03.23 13:06:45.930,12.52498,12.52781,0.00,0.00
2017.03.23 13:06:46.206,12.52509,12.52781,0.00,0.00
2017.03.23 13:06:46.635,12.52538,12.52781,0.00,0.00
2017.03.23 13:06:47.039,12.52558,12.52781,0.00,0.00
2017.03.23 13:06:47.554,12.52539,12.52781,0.00,0.00
2017.03.23 13:06:47.610,12.52529,12.52781,0.00,0.00
2017.03.23 13:06:47.810,12.52539,12.52781,0.00,0.00
2017.03.23 13:06:47.911,12.52518,12.52781,0.00,0.00
2017.03.23 13:06:48.311,12.52548,12.52781,0.00,0.00
2017.03.23 13:06:48.640,12.52538,12.52732,0.00,0.00
2017.03.23 13:06:48.690,12.52538,12.52772,0.00,0.00
2017.03.23 13:06:49.130,12.52499,12.52772,0.00,0.00
2017.03.23 13:06:49.435,12.52529,12.52772,0.00,0.00
2017.03.23 13:06:49.944,12.52519,12.52772,0.00,0.00
2017.03.23 13:06:50.047,12.52509,12.52772,0.00,0.00
2017.03.23 13:06:50.217,12.52549,12.52772,0.00,0.00
2017.03.23 13:06:50.441,12.52529,12.52772,0.00,0.00
2017.03.23 13:06:50.718,12.52509,12.52772,0.00,0.00
2017.03.23 13:06:51.234,12.52528,12.52772,0.00,0.00
2017.03.23 13:06:51.544,12.52499,12.52772,0.00,0.00
2017.03.23 13:06:51.621,12.52538,12.52772,0.00,0.00
2017.03.23 13:06:51.863,12.52519,12.52772,0.00,0.00
2017.03.23 13:06:51.968,12.52498,12.52772,0.00,0.00
2017.03.23 13:06:52.147,12.52439,12.52709,0.00,0.00
2017.03.23 13:06:52.351,12.52438,12.52722,0.00,0.00
2017.03.23 13:06:52.470,12.52449,12.52712,0.00,0.00
2017.03.23 13:06:52.803,12.52438,12.52662,0.00,0.00
2017.03.23 13:06:52.854,12.52438,12.52709,0.00,0.00
2017.03.23 13:06:52.905,12.52441,12.52711,0.00,0.00
2017.03.23 13:06:53.006,12.52458,12.52732,0.00,0.00
2017.03.23 13:06:53.056,12.52518,12.52758,0.00,0.00
2017.03.23 13:06:53.427,12.52519,12.52762,0.00,0.00
2017.03.23 13:06:53.630,12.52539,12.52762,0.00,0.00
2017.03.23 13:06:53.928,12.52518,12.52762,0.00,0.00
2017.03.23 13:06:54.229,12.52528,12.52762,0.00,0.00
2017.03.23 13:06:54.454,12.52509,12.52762,0.00,0.00
2017.03.23 13:06:55.634,12.52529,12.52762,0.00,0.00
2017.03.23 13:06:55.842,12.52518,12.52802,0.00,0.00
2017.03.23 13:06:55.943,12.52558,12.52812,0.00,0.00
2017.03.23 13:06:56.044,12.52578,12.52849,0.00,0.00
2017.03.23 13:06:56.095,12.52578,12.52858,0.00,0.00
2017.03.23 13:06:56.145,12.52588,12.52858,0.00,0.00
2017.03.23 13:06:56.471,12.52619,12.52858,0.00,0.00
2017.03.23 13:06:56.713,12.52629,12.52909,0.00,0.00
2017.03.23 13:06:56.815,12.52629,12.52861,0.00,0.00
2017.03.23 13:06:57.172,12.52599,12.52861,0.00,0.00
2017.03.23 13:06:57.273,12.52638,12.52861,0.00,0.00
2017.03.23 13:06:57.341,12.52608,12.52861,0.00,0.00
2017.03.23 13:06:57.748,12.52628,12.52861,0.00,0.00
2017.03.23 13:06:58.143,12.52638,12.52861,0.00,0.00
2017.03.23 13:06:58.243,12.52629,12.52861,0.00,0.00
2017.03.23 13:06:58.489,12.52609,12.52861,0.00,0.00
2017.03.23 13:06:58.543,12.52599,12.52861,0.00,0.00
2017.03.23 13:06:58.684,12.52588,12.52861,0.00,0.00
2017.03.23 13:06:58.844,12.52619,12.52861,0.00,0.00
2017.03.23 13:06:59.145,12.52638,12.52861,0.00,0.00
2017.03.23 13:06:59.349,12.52628,12.52861,0.00,0.00
2017.03.23 13:06:59.400,12.52628,12.52808,0.00,0.00
2017.03.23 13:06:59.450,12.52588,12.52808,0.00,0.00
2017.03.23 13:06:59.501,12.52588,12.52761,0.00,0.00
2017.03.23 13:06:59.551,12.52548,12.52761,0.00,0.00
2017.03.23 13:06:59.663,12.52528,12.52761,0.00,0.00
2017.03.23 13:06:59.892,12.52558,12.52761,0.00,0.00
2017.03.23 13:06:59.944,12.52558,12.52811,0.00,0.00
2017.03.23 13:06:59.995,12.52551,12.52811,0.00,0.00
2017.03.23 13:07:00.045,12.52558,12.52812,0.00,0.00
2017.03.23 13:07:00.352,12.52649,12.52862,0.00,0.00
2017.03.23 13:07:00.453,12.52609,12.52862,0.00,0.00
2017.03.23 13:07:00.581,12.52648,12.52862,0.00,0.00
2017.03.23 13:07:00.758,12.52648,12.52899,0.00,0.00
2017.03.23 13:07:00.814,12.52648,12.52912,0.00,0.00
2017.03.23 13:07:00.865,12.52659,12.52912,0.00,0.00
2017.03.23 13:07:01.204,12.52659,12.52941,0.00,0.00
2017.03.23 13:07:01.328,12.52678,12.52961,0.00,0.00
2017.03.23 13:07:01.378,12.52719,12.52961,0.00,0.00
2017.03.23 13:07:01.494,12.52689,12.52961,0.00,0.00
2017.03.23 13:07:01.550,12.52659,12.52941,0.00,0.00
2017.03.23 13:07:01.673,12.52729,12.52961,0.00,0.00
2017.03.23 13:07:02.001,12.52729,12.52862,0.00,0.00
2017.03.23 13:07:02.051,12.52628,12.52862,0.00,0.00
2017.03.23 13:07:02.102,12.52628,12.52911,0.00,0.00
2017.03.23 13:07:02.152,12.52669,12.52911,0.00,0.00
2017.03.23 13:07:02.203,12.52669,12.52951,0.00,0.00
2017.03.23 13:07:02.253,12.52699,12.52961,0.00,0.00
2017.03.23 13:07:02.356,12.52678,12.52961,0.00,0.00
2017.03.23 13:07:02.461,12.52718,12.52961,0.00,0.00
2017.03.23 13:07:02.580,12.52678,12.52961,0.00,0.00
2017.03.23 13:07:02.681,12.52659,12.52922,0.00,0.00
2017.03.23 13:07:03.051,12.52719,12.52961,0.00,0.00
2017.03.23 13:07:03.161,12.52669,12.52951,0.00,0.00
2017.03.23 13:07:03.212,12.52669,12.52909,0.00,0.00
2017.03.23 13:07:03.262,12.52638,12.52909,0.00,0.00
2017.03.23 13:07:03.313,12.52638,12.52861,0.00,0.00
2017.03.23 13:07:03.364,12.52618,12.52861,0.00,0.00
2017.03.23 13:07:03.794,12.52648,12.52861,0.00,0.00
2017.03.23 13:07:03.855,12.52619,12.52861,0.00,0.00
2017.03.23 13:07:04.012,12.52638,12.52901,0.00,0.00
2017.03.23 13:07:04.063,12.52638,12.52912,0.00,0.00
2017.03.23 13:07:04.164,12.52648,12.52912,0.00,0.00
2017.03.23 13:07:04.661,12.52638,12.52901,0.00,0.00
2017.03.23 13:07:05.464,12.52649,12.52912,0.00,0.00
2017.03.23 13:07:05.975,12.52638,12.52912,0.00,0.00
2017.03.23 13:07:06.177,12.52638,12.52892,0.00,0.00
2017.03.23 13:07:06.726,12.52608,12.52862,0.00,0.00
2017.03.23 13:07:07.034,12.52708,12.52901,0.00,0.00
2017.03.23 13:07:07.085,12.52688,12.52901,0.00,0.00
2017.03.23 13:07:07.193,12.52678,12.52852,0.00,0.00
2017.03.23 13:07:07.261,12.52609,12.52852,0.00,0.00
2017.03.23 13:07:07.312,12.52628,12.52891,0.00,0.00
2017.03.23 13:07:07.574,12.52628,12.52902,0.00,0.00
2017.03.23 13:07:07.697,12.52649,12.52902,0.00,0.00
2017.03.23 13:07:07.964,12.52628,12.52891,0.00,0.00
2017.03.23 13:07:08.064,12.52639,12.52902,0.00,0.00
2017.03.23 13:07:08.266,12.52629,12.52902,0.00,0.00
2017.03.23 13:07:08.367,12.52628,12.52882,0.00,0.00
2017.03.23 13:07:08.827,12.52628,12.52902,0.00,0.00
2017.03.23 13:07:09.168,12.52628,12.52881,0.00,0.00
2017.03.23 13:07:09.268,12.52628,12.52902,0.00,0.00
2017.03.23 13:07:09.581,12.52638,12.52902,0.00,0.00
2017.03.23 13:07:09.770,12.52628,12.52902,0.00,0.00
2017.03.23 13:07:10.459,12.52648,12.52902,0.00,0.00
2017.03.23 13:07:10.509,12.52628,12.52892,0.00,0.00
2017.03.23 13:07:10.572,12.52658,12.52902,0.00,0.00
2017.03.23 13:07:10.672,12.52628,12.52902,0.00,0.00
2017.03.23 13:07:10.872,12.52628,12.52891,0.00,0.00
2017.03.23 13:07:11.473,12.52629,12.52902,0.00,0.00
2017.03.23 13:07:11.574,12.52628,12.52892,0.00,0.00
2017.03.23 13:07:11.904,12.52628,12.52881,0.00,0.00
2017.03.23 13:07:12.435,12.52628,12.52882,0.00,0.00
2017.03.23 13:07:12.486,12.52628,12.52902,0.00,0.00
2017.03.23 13:07:12.979,12.52628,12.52882,0.00,0.00
2017.03.23 13:07:13.133,12.52578,12.52852,0.00,0.00
2017.03.23 13:07:13.289,12.52628,12.52829,0.00,0.00
2017.03.23 13:07:13.445,12.52578,12.52829,0.00,0.00
2017.03.23 13:07:13.496,12.52529,12.52801,0.00,0.00
2017.03.23 13:07:13.891,12.52538,12.52801,0.00,0.00
2017.03.23 13:07:14.179,12.52529,12.52801,0.00,0.00
2017.03.23 13:07:14.410,12.52529,12.52758,0.00,0.00
2017.03.23 13:07:14.461,12.52508,12.52751,0.00,0.00
2017.03.23 13:07:14.562,12.52498,12.52751,0.00,0.00
2017.03.23 13:07:14.613,12.52479,12.52741,0.00,0.00
2017.03.23 13:07:14.715,12.52529,12.52731,0.00,0.00
2017.03.23 13:07:14.824,12.52529,12.52758,0.00,0.00
2017.03.23 13:07:14.983,12.52539,12.52758,0.00,0.00
2017.03.23 13:07:15.122,12.52529,12.52758,0.00,0.00
2017.03.23 13:07:15.439,12.52529,12.52761,0.00,0.00
2017.03.23 13:07:15.584,12.52529,12.52781,0.00,0.00
2017.03.23 13:07:15.778,12.52529,12.52762,0.00,0.00
2017.03.23 13:07:16.103,12.52498,12.52751,0.00,0.00
2017.03.23 13:07:16.206,12.52479,12.52751,0.00,0.00
2017.03.23 13:07:16.307,12.52479,12.52742,0.00,0.00
2017.03.23 13:07:16.610,12.52479,12.52751,0.00,0.00
2017.03.23 13:07:16.685,12.52479,12.52742,0.00,0.00
2017.03.23 13:07:16.986,12.52429,12.52701,0.00,0.00
2017.03.23 13:07:17.095,12.52448,12.52701,0.00,0.00
2017.03.23 13:07:17.224,12.52438,12.52701,0.00,0.00
2017.03.23 13:07:17.708,12.52448,12.52701,0.00,0.00
2017.03.23 13:07:17.815,12.52429,12.52701,0.00,0.00
2017.03.23 13:07:17.929,12.52429,12.52691,0.00,0.00
2017.03.23 13:07:18.124,12.52429,12.52701,0.00,0.00
2017.03.23 13:07:18.689,12.52448,12.52701,0.00,0.00
2017.03.23 13:07:19.091,12.52468,12.52701,0.00,0.00
2017.03.23 13:07:19.142,12.52478,12.52752,0.00,0.00
2017.03.23 13:07:19.192,12.52478,12.52729,0.00,0.00
2017.03.23 13:07:19.293,12.52438,12.52701,0.00,0.00
2017.03.23 13:07:19.401,12.52468,12.52701,0.00,0.00
2017.03.23 13:07:19.775,12.52529,12.52721,0.00,0.00
2017.03.23 13:07:19.826,12.52529,12.52758,0.00,0.00
2017.03.23 13:07:20.110,12.52539,12.52758,0.00,0.00
2017.03.23 13:07:20.243,12.52529,12.52758,0.00,0.00
2017.03.23 13:07:20.344,12.52529,12.52771,0.00,0.00
2017.03.23 13:07:20.566,12.52529,12.52801,0.00,0.00
2017.03.23 13:07:20.898,12.52539,12.52801,0.00,0.00
2017.03.23 13:07:21.286,12.52529,12.52762,0.00,0.00
2017.03.23 13:07:21.337,12.52529,12.52792,0.00,0.00
2017.03.23 13:07:21.396,12.52529,12.52751,0.00,0.00
2017.03.23 13:07:21.715,12.52529,12.52782,0.00,0.00
2017.03.23 13:07:21.796,12.52529,12.52801,0.00,0.00
2017.03.23 13:07:21.905,12.52529,12.52791,0.00,0.00
2017.03.23 13:07:22.220,12.52529,12.52782,0.00,0.00
2017.03.23 13:07:22.598,12.52529,12.52801,0.00,0.00
2017.03.23 13:07:22.798,12.52529,12.52762,0.00,0.00
2017.03.23 13:07:22.925,12.52538,12.52801,0.00,0.00
2017.03.23 13:07:23.034,12.52529,12.52801,0.00,0.00
2017.03.23 13:07:23.099,12.52549,12.52801,0.00,0.00
2017.03.23 13:07:23.211,12.52539,12.52801,0.00,0.00
2017.03.23 13:07:23.334,12.52529,12.52801,0.00,0.00
2017.03.23 13:07:23.524,12.52549,12.52801,0.00,0.00
2017.03.23 13:07:23.743,12.52529,12.52801,0.00,0.00
2017.03.23 13:07:25.923,12.52549,12.52801,0.00,0.00
2017.03.23 13:07:26.005,12.52529,12.52801,0.00,0.00
2017.03.23 13:07:26.343,12.52519,12.52751,0.00,0.00
2017.03.23 13:07:26.394,12.52528,12.52768,0.00,0.00
2017.03.23 13:07:26.444,12.52528,12.52761,0.00,0.00
2017.03.23 13:07:26.507,12.52528,12.52768,0.00,0.00
2017.03.23 13:07:26.608,12.52518,12.52762,0.00,0.00
2017.03.23 13:07:26.711,12.52538,12.52768,0.00,0.00
2017.03.23 13:07:26.930,12.52518,12.52768,0.00,0.00
2017.03.23 13:07:26.981,12.52518,12.52781,0.00,0.00
2017.03.23 13:07:27.140,12.52548,12.52792,0.00,0.00
2017.03.23 13:07:27.409,12.52518,12.52782,0.00,0.00
2017.03.23 13:07:27.617,12.52518,12.52761,0.00,0.00
2017.03.23 13:07:27.910,12.52518,12.52781,0.00,0.00
2017.03.23 13:07:28.350,12.52518,12.52752,0.00,0.00
2017.03.23 13:07:28.411,12.52548,12.52792,0.00,0.00
2017.03.23 13:07:28.523,12.52518,12.52752,0.00,0.00
2017.03.23 13:07:28.640,12.52518,12.52781,0.00,0.00
2017.03.23 13:07:28.754,12.52519,12.52792,0.00,0.00
2017.03.23 13:07:28.930,12.52528,12.52792,0.00,0.00
2017.03.23 13:07:29.316,12.52518,12.52782,0.00,0.00
2017.03.23 13:07:29.674,12.52518,12.52752,0.00,0.00
2017.03.23 13:07:29.860,12.52528,12.52792,0.00,0.00
2017.03.23 13:07:29.916,12.52518,12.52772,0.00,0.00
2017.03.23 13:07:30.277,12.52559,12.52742,0.00,0.00
2017.03.23 13:07:30.328,12.52468,12.52729,0.00,0.00
2017.03.23 13:07:30.437,12.52518,12.52782,0.00,0.00
2017.03.23 13:07:30.538,12.52518,12.52772,0.00,0.00
2017.03.23 13:07:30.620,12.52518,12.52791,0.00,0.00
2017.03.23 13:07:30.852,12.52518,12.52772,0.00,0.00
2017.03.23 13:07:31.168,12.52518,12.52752,0.00,0.00
2017.03.23 13:07:31.350,12.52519,12.52792,0.00,0.00
2017.03.23 13:07:31.421,12.52539,12.52792,0.00,0.00
2017.03.23 13:07:32.041,12.52518,12.52752,0.00,0.00
2017.03.23 13:07:32.161,12.52518,12.52781,0.00,0.00
2017.03.23 13:07:32.323,12.52538,12.52792,0.00,0.00
2017.03.23 13:07:32.424,12.52528,12.52792,0.00,0.00
2017.03.23 13:07:33.124,12.52518,12.52792,0.00,0.00
2017.03.23 13:07:33.232,12.52508,12.52691,0.00,0.00
2017.03.23 13:07:33.333,12.52469,12.52691,0.00,0.00
2017.03.23 13:07:33.438,12.52428,12.52691,0.00,0.00
2017.03.23 13:07:33.660,12.52468,12.52691,0.00,0.00
2017.03.23 13:07:33.725,12.52429,12.52691,0.00,0.00
2017.03.23 13:07:33.869,12.52438,12.52691,0.00,0.00
2017.03.23 13:07:33.926,12.52419,12.52691,0.00,0.00
2017.03.23 13:07:34.035,12.52438,12.52691,0.00,0.00
2017.03.23 13:07:34.427,12.52428,12.52691,0.00,0.00
2017.03.23 13:07:34.645,12.52419,12.52691,0.00,0.00
2017.03.23 13:07:34.860,12.52459,12.52691,0.00,0.00
2017.03.23 13:07:35.347,12.52428,12.52691,0.00,0.00
2017.03.23 13:07:35.429,12.52419,12.52691,0.00,0.00
2017.03.23 13:07:35.530,12.52459,12.52691,0.00,0.00
2017.03.23 13:07:36.179,12.52438,12.52691,0.00,0.00
2017.03.23 13:07:36.531,12.52458,12.52691,0.00,0.00
2017.03.23 13:07:37.501,12.52471,12.52691,0.00,0.00
2017.03.23 13:07:37.552,12.52471,12.52702,0.00,0.00
2017.03.23 13:07:37.607,12.52519,12.52702,0.00,0.00
2017.03.23 13:07:37.658,12.52539,12.52769,0.00,0.00
2017.03.23 13:07:37.732,12.52519,12.52769,0.00,0.00
2017.03.23 13:07:37.937,12.52548,12.52769,0.00,0.00
2017.03.23 13:07:38.162,12.52538,12.52769,0.00,0.00
2017.03.23 13:07:38.213,12.52538,12.52791,0.00,0.00
2017.03.23 13:07:38.263,12.52548,12.52791,0.00,0.00
2017.03.23 13:07:38.372,12.52539,12.52791,0.00,0.00
2017.03.23 13:07:38.572,12.52529,12.52791,0.00,0.00
2017.03.23 13:07:38.635,12.52519,12.52762,0.00,0.00
2017.03.23 13:07:38.735,12.52528,12.52791,0.00,0.00
2017.03.23 13:07:39.058,12.52519,12.52762,0.00,0.00
2017.03.23 13:07:39.453,12.52519,12.52772,0.00,0.00
2017.03.23 13:07:39.649,12.52549,12.52791,0.00,0.00
2017.03.23 13:07:39.750,12.52519,12.52791,0.00,0.00
2017.03.23 13:07:40.143,12.52519,12.52781,0.00,0.00
2017.03.23 13:07:40.662,12.52558,12.52791,0.00,0.00
2017.03.23 13:07:40.898,12.52428,12.52692,0.00,0.00
2017.03.23 13:07:41.075,12.52448,12.52692,0.00,0.00
2017.03.23 13:07:41.176,12.52428,12.52692,0.00,0.00
2017.03.23 13:07:42.185,12.52468,12.52692,0.00,0.00
2017.03.23 13:07:42.289,12.52418,12.52692,0.00,0.00
2017.03.23 13:07:42.646,12.52429,12.52692,0.00,0.00
2017.03.23 13:07:43.074,12.52449,12.52692,0.00,0.00
2017.03.23 13:07:43.144,12.52429,12.52692,0.00,0.00
2017.03.23 13:07:43.645,12.52448,12.52692,0.00,0.00
2017.03.23 13:07:44.168,12.52428,12.52692,0.00,0.00
2017.03.23 13:07:44.283,12.52369,12.52629,0.00,0.00
2017.03.23 13:07:44.447,12.52328,12.52592,0.00,0.00
2017.03.23 13:07:44.647,12.52358,12.52592,0.00,0.00
2017.03.23 13:07:45.094,12.52348,12.52592,0.00,0.00
2017.03.23 13:07:45.149,12.52328,12.52592,0.00,0.00
2017.03.23 13:07:45.249,12.52318,12.52592,0.00,0.00
2017.03.23 13:07:45.649,12.52338,12.52592,0.00,0.00
2017.03.23 13:07:45.753,12.52318,12.52592,0.00,0.00
2017.03.23 13:07:46.253,12.52318,12.52571,0.00,0.00
2017.03.23 13:07:46.374,12.52318,12.52591,0.00,0.00
2017.03.23 13:07:46.451,12.52339,12.52592,0.00,0.00
2017.03.23 13:07:46.686,12.52318,12.52592,0.00,0.00
2017.03.23 13:07:46.951,12.52358,12.52592,0.00,0.00
2017.03.23 13:07:47.776,12.52338,12.52592,0.00,0.00
2017.03.23 13:07:47.877,12.52368,12.52632,0.00,0.00
2017.03.23 13:07:47.981,12.52388,12.52591,0.00,0.00
2017.03.23 13:07:48.081,12.52378,12.52591,0.00,0.00
2017.03.23 13:07:48.182,12.52338,12.52591,0.00,0.00
2017.03.23 13:07:48.356,12.52349,12.52591,0.00,0.00
2017.03.23 13:07:48.484,12.52328,12.52591,0.00,0.00
2017.03.23 13:07:48.554,12.52319,12.52591,0.00,0.00
2017.03.23 13:07:48.856,12.52338,12.52591,0.00,0.00
2017.03.23 13:07:48.956,12.52319,12.52591,0.00,0.00
2017.03.23 13:07:49.156,12.52329,12.52591,0.00,0.00
2017.03.23 13:07:49.257,12.52319,12.52591,0.00,0.00
2017.03.23 13:07:49.716,12.52329,12.52591,0.00,0.00
2017.03.23 13:07:50.108,12.52309,12.52529,0.00,0.00
2017.03.23 13:07:50.159,12.52269,12.52529,0.00,0.00
2017.03.23 13:07:50.261,12.52248,12.52491,0.00,0.00
2017.03.23 13:07:50.374,12.52228,12.52491,0.00,0.00
2017.03.23 13:07:50.485,12.52219,12.52491,0.00,0.00
2017.03.23 13:07:50.884,12.52259,12.52491,0.00,0.00
2017.03.23 13:07:51.060,12.52229,12.52491,0.00,0.00
2017.03.23 13:07:51.401,12.52238,12.52491,0.00,0.00
2017.03.23 13:07:51.761,12.52259,12.52491,0.00,0.00
2017.03.23 13:07:52.078,12.52278,12.52491,0.00,0.00
2017.03.23 13:07:52.184,12.52258,12.52491,0.00,0.00
2017.03.23 13:07:52.263,12.52228,12.52491,0.00,0.00
2017.03.23 13:07:52.464,12.52258,12.52491,0.00,0.00
2017.03.23 13:07:52.581,12.52228,12.52491,0.00,0.00
2017.03.23 13:07:52.683,12.52219,12.52491,0.00,0.00
2017.03.23 13:07:52.864,12.52229,12.52491,0.00,0.00
2017.03.23 13:07:53.013,12.52219,12.52491,0.00,0.00
2017.03.23 13:07:53.265,12.52228,12.52491,0.00,0.00
2017.03.23 13:07:53.566,12.52248,12.52491,0.00,0.00
2017.03.23 13:07:53.673,12.52219,12.52491,0.00,0.00
2017.03.23 13:07:53.822,12.52229,12.52491,0.00,0.00
2017.03.23 13:07:54.367,12.52249,12.52491,0.00,0.00
2017.03.23 13:07:54.567,12.52219,12.52491,0.00,0.00
2017.03.23 13:07:54.994,12.52228,12.52491,0.00,0.00
2017.03.23 13:07:55.068,12.52219,12.52491,0.00,0.00
2017.03.23 13:07:55.403,12.52229,12.52491,0.00,0.00
2017.03.23 13:07:56.023,12.52228,12.52491,0.00,0.00
2017.03.23 13:07:57.072,12.52219,12.52491,0.00,0.00
2017.03.23 13:07:57.183,12.52248,12.52491,0.00,0.00
2017.03.23 13:07:57.308,12.52238,12.52491,0.00,0.00
2017.03.23 13:07:57.611,12.52219,12.52472,0.00,0.00
2017.03.23 13:07:57.943,12.52278,12.52491,0.00,0.00
2017.03.23 13:07:57.994,12.52239,12.52491,0.00,0.00
2017.03.23 13:07:58.175,12.52248,12.52491,0.00,0.00
2017.03.23 13:07:58.275,12.52238,12.52491,0.00,0.00
2017.03.23 13:07:58.924,12.52248,12.52491,0.00,0.00
2017.03.23 13:07:59.027,12.52219,12.52491,0.00,0.00
2017.03.23 13:07:59.501,12.52228,12.52491,0.00,0.00
2017.03.23 13:07:59.604,12.52219,12.52491,0.00,0.00
2017.03.23 13:07:59.908,12.52228,12.52491,0.00,0.00
2017.03.23 13:08:00.192,12.52219,12.52491,0.00,0.00
2017.03.23 13:08:00.502,12.52248,12.52491,0.00,0.00
2017.03.23 13:08:00.875,12.52259,12.52491,0.00,0.00
2017.03.23 13:08:00.925,12.52228,12.52491,0.00,0.00
2017.03.23 13:08:01.484,12.52258,12.52491,0.00,0.00
2017.03.23 13:08:01.803,12.52228,12.52491,0.00,0.00
2017.03.23 13:08:01.913,12.52248,12.52491,0.00,0.00
2017.03.23 13:08:02.015,12.52229,12.52491,0.00,0.00
2017.03.23 13:08:02.814,12.52238,12.52491,0.00,0.00
2017.03.23 13:08:02.885,12.52229,12.52491,0.00,0.00
2017.03.23 13:08:03.129,12.52239,12.52491,0.00,0.00
2017.03.23 13:08:03.524,12.52259,12.52491,0.00,0.00
2017.03.23 13:08:03.687,12.52229,12.52491,0.00,0.00
2017.03.23 13:08:03.788,12.52219,12.52491,0.00,0.00
2017.03.23 13:08:03.995,12.52238,12.52491,0.00,0.00
2017.03.23 13:08:04.590,12.52229,12.52491,0.00,0.00
2017.03.23 13:08:04.691,12.52259,12.52491,0.00,0.00
2017.03.23 13:08:05.046,12.52318,12.52508,0.00,0.00
2017.03.23 13:08:05.096,12.52318,12.52531,0.00,0.00
2017.03.23 13:08:05.204,12.52328,12.52592,0.00,0.00
2017.03.23 13:08:05.393,12.52318,12.52592,0.00,0.00
2017.03.23 13:08:05.529,12.52318,12.52562,0.00,0.00
2017.03.23 13:08:05.630,12.52318,12.52582,0.00,0.00
2017.03.23 13:08:05.737,12.52329,12.52592,0.00,0.00
2017.03.23 13:08:06.011,12.52318,12.52582,0.00,0.00
2017.03.23 13:08:06.149,12.52318,12.52561,0.00,0.00
2017.03.23 13:08:06.737,12.52329,12.52592,0.00,0.00
2017.03.23 13:08:07.211,12.52349,12.52592,0.00,0.00
2017.03.23 13:08:07.735,12.52329,12.52592,0.00,0.00
2017.03.23 13:08:07.801,12.52318,12.52591,0.00,0.00
2017.03.23 13:08:08.102,12.52339,12.52592,0.00,0.00
2017.03.23 13:08:09.104,12.52329,12.52592,0.00,0.00
2017.03.23 13:08:09.227,12.52318,12.52592,0.00,0.00
2017.03.23 13:08:09.305,12.52339,12.52592,0.00,0.00
2017.03.23 13:08:10.106,12.52329,12.52592,0.00,0.00
2017.03.23 13:08:10.339,12.52319,12.52592,0.00,0.00
2017.03.23 13:08:10.408,12.52318,12.52582,0.00,0.00
2017.03.23 13:08:10.650,12.52318,12.52592,0.00,0.00
2017.03.23 13:08:10.708,12.52318,12.52582,0.00,0.00
2017.03.23 13:08:10.814,12.52318,12.52591,0.00,0.00
2017.03.23 13:08:10.915,12.52329,12.52592,0.00,0.00
2017.03.23 13:08:11.246,12.52319,12.52581,0.00,0.00
2017.03.23 13:08:11.309,12.52319,12.52591,0.00,0.00
2017.03.23 13:08:11.468,12.52319,12.52551,0.00,0.00
2017.03.23 13:08:11.519,12.52349,12.52591,0.00,0.00
2017.03.23 13:08:11.620,12.52328,12.52591,0.00,0.00
2017.03.23 13:08:13.254,12.52319,12.52582,0.00,0.00
2017.03.23 13:08:13.558,12.52319,12.52591,0.00,0.00
2017.03.23 13:08:13.815,12.52319,12.52581,0.00,0.00
2017.03.23 13:08:15.551,12.52319,12.52591,0.00,0.00
2017.03.23 13:08:15.652,12.52329,12.52591,0.00,0.00
2017.03.23 13:08:16.147,12.52319,12.52591,0.00,0.00
2017.03.23 13:08:16.321,12.52319,12.52572,0.00,0.00
2017.03.23 13:08:16.638,12.52319,12.52581,0.00,0.00
2017.03.23 13:08:16.743,12.52319,12.52541,0.00,0.00
2017.03.23 13:08:16.872,12.52319,12.52571,0.00,0.00
2017.03.23 13:08:16.985,12.52319,12.52591,0.00,0.00
2017.03.23 13:08:17.330,12.52319,12.52582,0.00,0.00
2017.03.23 13:08:17.815,12.52319,12.52562,0.00,0.00
2017.03.23 13:08:17.927,12.52319,12.52591,0.00,0.00
2017.03.23 13:08:18.028,12.52329,12.52591,0.00,0.00
2017.03.23 13:08:18.224,12.52319,12.52591,0.00,0.00
2017.03.23 13:08:19.226,12.52319,12.52582,0.00,0.00
2017.03.23 13:08:19.727,12.52319,12.52591,0.00,0.00
2017.03.23 13:08:19.873,12.52328,12.52591,0.00,0.00
2017.03.23 13:08:20.130,12.52319,12.52591,0.00,0.00
2017.03.23 13:08:20.243,12.52329,12.52591,0.00,0.00
2017.03.23 13:08:20.579,12.52339,12.52591,0.00,0.00
2017.03.23 13:08:20.630,12.52319,12.52591,0.00,0.00
2017.03.23 13:08:20.730,12.52338,12.52591,0.00,0.00
2017.03.23 13:08:21.826,12.52418,12.52622,0.00,0.00
2017.03.23 13:08:22.032,12.52419,12.52692,0.00,0.00
2017.03.23 13:08:22.087,12.52419,12.52592,0.00,0.00
2017.03.23 13:08:22.238,12.52398,12.52592,0.00,0.00
2017.03.23 13:08:22.339,12.52318,12.52592,0.00,0.00
2017.03.23 13:08:22.534,12.52339,12.52592,0.00,0.00
2017.03.23 13:08:22.761,12.52318,12.52592,0.00,0.00
2017.03.23 13:08:23.136,12.52318,12.52581,0.00,0.00
2017.03.23 13:08:23.474,12.52319,12.52592,0.00,0.00
2017.03.23 13:08:24.353,12.52318,12.52582,0.00,0.00
2017.03.23 13:08:25.041,12.52318,12.52552,0.00,0.00
2017.03.23 13:08:25.240,12.52318,12.52561,0.00,0.00
2017.03.23 13:08:25.641,12.52318,12.52581,0.00,0.00
2017.03.23 13:08:25.742,12.52318,12.52562,0.00,0.00
2017.03.23 13:08:26.242,12.52349,12.52592,0.00,0.00
2017.03.23 13:08:26.670,12.52318,12.52592,0.00,0.00
2017.03.23 13:08:26.773,12.52318,12.52552,0.00,0.00
2017.03.23 13:08:26.897,12.52291,12.52541,0.00,0.00
2017.03.23 13:08:26.947,12.52269,12.52518,0.00,0.00
2017.03.23 13:08:27.317,12.52251,12.52492,0.00,0.00
2017.03.23 13:08:27.646,12.52258,12.52492,0.00,0.00
2017.03.23 13:08:27.946,12.52229,12.52492,0.00,0.00
2017.03.23 13:08:28.047,12.52218,12.52492,0.00,0.00
2017.03.23 13:08:28.272,12.52238,12.52492,0.00,0.00
2017.03.23 13:08:28.588,12.52281,12.52541,0.00,0.00
2017.03.23 13:08:28.689,12.52319,12.52512,0.00,0.00
2017.03.23 13:08:28.795,12.52328,12.52591,0.00,0.00
2017.03.23 13:08:29.081,12.52319,12.52571,0.00,0.00
2017.03.23 13:08:29.207,12.52289,12.52542,0.00,0.00
2017.03.23 13:08:29.258,12.52298,12.52542,0.00,0.00
2017.03.23 13:08:29.509,12.52271,12.52532,0.00,0.00
2017.03.23 13:08:29.560,12.52271,12.52512,0.00,0.00
2017.03.23 13:08:29.682,12.52271,12.52532,0.00,0.00
2017.03.23 13:08:29.750,12.52279,12.52542,0.00,0.00
2017.03.23 13:08:29.852,12.52268,12.52522,0.00,0.00
2017.03.23 13:08:30.247,12.52319,12.52522,0.00,0.00
2017.03.23 13:08:30.352,12.52328,12.52591,0.00,0.00
2017.03.23 13:08:30.452,12.52319,12.52591,0.00,0.00
2017.03.23 13:08:30.672,12.52319,12.52562,0.00,0.00
2017.03.23 13:08:30.964,12.52319,12.52581,0.00,0.00
2017.03.23 13:08:31.297,12.52319,12.52562,0.00,0.00
2017.03.23 13:08:31.401,12.52328,12.52591,0.00,0.00
2017.03.23 13:08:31.454,12.52319,12.52561,0.00,0.00
2017.03.23 13:08:31.889,12.52319,12.52542,0.00,0.00
2017.03.23 13:08:31.993,12.52319,12.52591,0.00,0.00
2017.03.23 13:08:32.305,12.52319,12.52558,0.00,0.00
2017.03.23 13:08:32.587,12.52218,12.52491,0.00,0.00
2017.03.23 13:08:32.804,12.52258,12.52492,0.00,0.00
2017.03.23 13:08:32.958,12.52228,12.52492,0.00,0.00
2017.03.23 13:08:33.195,12.52248,12.52492,0.00,0.00
2017.03.23 13:08:33.258,12.52238,12.52492,0.00,0.00
2017.03.23 13:08:33.359,12.52219,12.52492,0.00,0.00
2017.03.23 13:08:33.795,12.52229,12.52492,0.00,0.00
2017.03.23 13:08:33.860,12.52218,12.52492,0.00,0.00
2017.03.23 13:08:34.066,12.52268,12.52502,0.00,0.00
2017.03.23 13:08:34.171,12.52242,12.52491,0.00,0.00
2017.03.23 13:08:34.222,12.52219,12.52491,0.00,0.00
2017.03.23 13:08:34.272,12.52259,12.52491,0.00,0.00
2017.03.23 13:08:34.419,12.52269,12.52518,0.00,0.00
2017.03.23 13:08:34.470,12.52269,12.52501,0.00,0.00
2017.03.23 13:08:34.571,12.52269,12.52521,0.00,0.00
2017.03.23 13:08:34.672,12.52279,12.52541,0.00,0.00
2017.03.23 13:08:34.723,12.52319,12.52558,0.00,0.00
2017.03.23 13:08:34.773,12.52319,12.52561,0.00,0.00
2017.03.23 13:08:35.000,12.52319,12.52591,0.00,0.00
2017.03.23 13:08:35.363,12.52319,12.52581,0.00,0.00
2017.03.23 13:08:35.730,12.52319,12.52562,0.00,0.00
2017.03.23 13:08:36.193,12.52288,12.52508,0.00,0.00
2017.03.23 13:08:36.294,12.52309,12.52542,0.00,0.00
2017.03.23 13:08:36.395,12.52268,12.52511,0.00,0.00
2017.03.23 13:08:36.466,12.52268,12.52542,0.00,0.00
2017.03.23 13:08:36.660,12.52268,12.52491,0.00,0.00
2017.03.23 13:08:36.710,12.52258,12.52491,0.00,0.00
2017.03.23 13:08:36.811,12.52268,12.52491,0.00,0.00
2017.03.23 13:08:36.867,12.52228,12.52491,0.00,0.00
2017.03.23 13:08:37.065,12.52248,12.52491,0.00,0.00
2017.03.23 13:08:37.162,12.52268,12.52519,0.00,0.00
2017.03.23 13:08:37.213,12.52268,12.52532,0.00,0.00
2017.03.23 13:08:37.313,12.52268,12.52511,0.00,0.00
2017.03.23 13:08:37.368,12.52269,12.52542,0.00,0.00
2017.03.23 13:08:37.842,12.52269,12.52492,0.00,0.00
2017.03.23 13:08:37.893,12.52238,12.52492,0.00,0.00
2017.03.23 13:08:37.994,12.52318,12.52512,0.00,0.00
2017.03.23 13:08:38.095,12.52318,12.52552,0.00,0.00
2017.03.23 13:08:38.170,12.52318,12.52592,0.00,0.00
2017.03.23 13:08:38.404,12.52338,12.52592,0.00,0.00
2017.03.23 13:08:38.470,12.52318,12.52592,0.00,0.00
2017.03.23 13:08:38.823,12.52318,12.52551,0.00,0.00
2017.03.23 13:08:38.976,12.52218,12.52481,0.00,0.00
2017.03.23 13:08:39.173,12.52218,12.52461,0.00,0.00
2017.03.23 13:08:39.301,12.52248,12.52492,0.00,0.00
2017.03.23 13:08:39.373,12.52238,12.52492,0.00,0.00
2017.03.23 13:08:39.520,12.52218,12.52491,0.00,0.00
2017.03.23 13:08:40.035,12.52218,12.52492,0.00,0.00
2017.03.23 13:08:40.418,12.52238,12.52492,0.00,0.00
2017.03.23 13:08:40.577,12.52218,12.52481,0.00,0.00
2017.03.23 13:08:40.677,12.52228,12.52492,0.00,0.00
2017.03.23 13:08:40.927,12.52218,12.52481,0.00,0.00
2017.03.23 13:08:41.255,12.52229,12.52492,0.00,0.00
2017.03.23 13:08:41.306,12.52218,12.52492,0.00,0.00
2017.03.23 13:08:41.500,12.52178,12.52391,0.00,0.00
2017.03.23 13:08:41.834,12.52152,12.52292,0.00,0.00
2017.03.23 13:08:41.935,12.52148,12.52392,0.00,0.00
2017.03.23 13:08:41.985,12.52118,12.52341,0.00,0.00
2017.03.23 13:08:42.080,12.52118,12.52381,0.00,0.00
2017.03.23 13:08:42.180,12.52129,12.52392,0.00,0.00
2017.03.23 13:08:42.387,12.52118,12.52392,0.00,0.00
2017.03.23 13:08:42.513,12.52118,12.52381,0.00,0.00
2017.03.23 13:08:42.855,12.52118,12.52341,0.00,0.00
2017.03.23 13:08:42.905,12.52078,12.52341,0.00,0.00
2017.03.23 13:08:43.006,12.52069,12.52341,0.00,0.00
2017.03.23 13:08:43.222,12.52079,12.52341,0.00,0.00
2017.03.23 13:08:43.683,12.52069,12.52341,0.00,0.00
2017.03.23 13:08:44.103,12.52078,12.52291,0.00,0.00
2017.03.23 13:08:44.304,12.52048,12.52291,0.00,0.00
2017.03.23 13:08:44.517,12.52078,12.52291,0.00,0.00
2017.03.23 13:08:44.618,12.52038,12.52291,0.00,0.00
2017.03.23 13:08:44.685,12.52059,12.52291,0.00,0.00
2017.03.23 13:08:44.992,12.51981,12.52232,0.00,0.00
2017.03.23 13:08:45.093,12.52018,12.52292,0.00,0.00
2017.03.23 13:08:45.200,12.52029,12.52292,0.00,0.00
2017.03.23 13:08:45.301,12.51969,12.52241,0.00,0.00
2017.03.23 13:08:45.402,12.51979,12.52241,0.00,0.00
2017.03.23 13:08:45.734,12.51958,12.52192,0.00,0.00
2017.03.23 13:08:45.823,12.51939,12.52192,0.00,0.00
2017.03.23 13:08:46.035,12.51948,12.52192,0.00,0.00
2017.03.23 13:08:46.089,12.51928,12.52192,0.00,0.00
2017.03.23 13:08:46.289,12.51938,12.52192,0.00,0.00
2017.03.23 13:08:46.590,12.51929,12.52192,0.00,0.00
2017.03.23 13:08:46.703,12.51958,12.52192,0.00,0.00
2017.03.23 13:08:46.815,12.51928,12.52169,0.00,0.00
2017.03.23 13:08:46.865,12.51928,12.52142,0.00,0.00
2017.03.23 13:08:47.051,12.51868,12.52092,0.00,0.00
2017.03.23 13:08:47.102,12.51848,12.52092,0.00,0.00
2017.03.23 13:08:47.474,12.51848,12.52042,0.00,0.00
2017.03.23 13:08:47.625,12.51839,12.52068,0.00,0.00
2017.03.23 13:08:47.726,12.51819,12.52068,0.00,0.00
2017.03.23 13:08:48.033,12.51839,12.52068,0.00,0.00
2017.03.23 13:08:48.569,12.51839,12.52091,0.00,0.00
2017.03.23 13:08:48.806,12.51829,12.52091,0.00,0.00
2017.03.23 13:08:48.907,12.51869,12.52091,0.00,0.00
2017.03.23 13:08:49.031,12.51859,12.52091,0.00,0.00
2017.03.23 13:08:49.097,12.51828,12.52091,0.00,0.00
2017.03.23 13:08:49.298,12.51849,12.52091,0.00,0.00
2017.03.23 13:08:49.581,12.51828,12.52091,0.00,0.00
2017.03.23 13:08:49.635,12.51859,12.52091,0.00,0.00
2017.03.23 13:08:49.923,12.51828,12.52091,0.00,0.00
2017.03.23 13:08:50.201,12.51858,12.52091,0.00,0.00
2017.03.23 13:08:50.302,12.51828,12.52091,0.00,0.00
2017.03.23 13:08:50.517,12.51869,12.52091,0.00,0.00
2017.03.23 13:08:50.618,12.51858,12.52091,0.00,0.00
2017.03.23 13:08:50.806,12.51828,12.52091,0.00,0.00
2017.03.23 13:08:51.114,12.51849,12.52041,0.00,0.00
2017.03.23 13:08:51.217,12.51838,12.52041,0.00,0.00
2017.03.23 13:08:51.318,12.51829,12.52041,0.00,0.00
2017.03.23 13:08:51.706,12.51858,12.52041,0.00,0.00
2017.03.23 13:08:51.831,12.51778,12.52041,0.00,0.00
2017.03.23 13:08:51.937,12.51829,12.52041,0.00,0.00
2017.03.23 13:08:52.107,12.51779,12.52041,0.00,0.00
2017.03.23 13:08:52.207,12.51828,12.52041,0.00,0.00
2017.03.23 13:08:52.429,12.51779,12.52041,0.00,0.00
2017.03.23 13:08:52.509,12.51858,12.52041,0.00,0.00
2017.03.23 13:08:52.721,12.51819,12.52041,0.00,0.00
2017.03.23 13:08:52.780,12.51819,12.52088,0.00,0.00
2017.03.23 13:08:52.831,12.51819,12.52071,0.00,0.00
2017.03.23 13:08:53.207,12.51859,12.52088,0.00,0.00
2017.03.23 13:08:53.315,12.51819,12.52082,0.00,0.00
2017.03.23 13:08:53.366,12.51798,12.52042,0.00,0.00
2017.03.23 13:08:53.417,12.51789,12.52038,0.00,0.00
2017.03.23 13:08:53.517,12.51778,12.52038,0.00,0.00
2017.03.23 13:08:53.618,12.51809,12.52038,0.00,0.00
2017.03.23 13:08:53.669,12.51809,12.52058,0.00,0.00
2017.03.23 13:08:53.719,12.51809,12.51989,0.00,0.00
2017.03.23 13:08:53.921,12.51808,12.52042,0.00,0.00
2017.03.23 13:08:54.029,12.51859,12.52058,0.00,0.00
2017.03.23 13:08:54.250,12.51779,12.52032,0.00,0.00
2017.03.23 13:08:54.464,12.51798,12.52032,0.00,0.00
2017.03.23 13:08:54.520,12.51778,12.52032,0.00,0.00
2017.03.23 13:08:54.621,12.51748,12.51982,0.00,0.00
2017.03.23 13:08:54.843,12.51759,12.51998,0.00,0.00
2017.03.23 13:08:54.943,12.51768,12.52031,0.00,0.00
2017.03.23 13:08:55.152,12.51759,12.52022,0.00,0.00
2017.03.23 13:08:55.493,12.51771,12.51981,0.00,0.00
2017.03.23 13:08:55.594,12.51808,12.52042,0.00,0.00
2017.03.23 13:08:55.645,12.51829,12.52082,0.00,0.00
2017.03.23 13:08:55.873,12.51808,12.52071,0.00,0.00
2017.03.23 13:08:55.923,12.51808,12.52062,0.00,0.00
2017.03.23 13:08:56.044,12.51819,12.52082,0.00,0.00
2017.03.23 13:08:56.226,12.51808,12.52041,0.00,0.00
2017.03.23 13:08:56.527,12.51808,12.52032,0.00,0.00
2017.03.23 13:08:56.631,12.51848,12.52082,0.00,0.00
2017.03.23 13:08:56.748,12.51819,12.52082,0.00,0.00
2017.03.23 13:08:56.955,12.51808,12.52072,0.00,0.00
2017.03.23 13:08:57.074,12.51808,12.52082,0.00,0.00
2017.03.23 13:08:57.126,12.51808,12.52032,0.00,0.00
2017.03.23 13:08:57.227,12.51808,12.52041,0.00,0.00
2017.03.23 13:08:57.342,12.51809,12.52082,0.00,0.00
2017.03.23 13:08:57.477,12.51838,12.52082,0.00,0.00
2017.03.23 13:08:57.577,12.51809,12.52082,0.00,0.00
2017.03.23 13:08:57.628,12.51808,12.52041,0.00,0.00
2017.03.23 13:08:57.732,12.51818,12.52082,0.00,0.00
2017.03.23 13:08:58.070,12.51808,12.52082,0.00,0.00
2017.03.23 13:08:58.130,12.51808,12.52031,0.00,0.00
2017.03.23 13:08:58.230,12.51759,12.51998,0.00,0.00
2017.03.23 13:08:58.331,12.51729,12.51982,0.00,0.00
2017.03.23 13:08:58.539,12.51718,12.51982,0.00,0.00
2017.03.23 13:08:58.865,12.51708,12.51982,0.00,0.00
2017.03.23 13:08:59.032,12.51738,12.51982,0.00,0.00
2017.03.23 13:08:59.136,12.51758,12.52032,0.00,0.00
2017.03.23 13:08:59.237,12.51778,12.52032,0.00,0.00
2017.03.23 13:08:59.538,12.51708,12.51982,0.00,0.00
2017.03.23 13:08:59.760,12.51738,12.51982,0.00,0.00
2017.03.23 13:08:59.861,12.51728,12.51982,0.00,0.00
2017.03.23 13:08:59.964,12.51708,12.51982,0.00,0.00
2017.03.23 13:09:00.072,12.51708,12.51971,0.00,0.00
2017.03.23 13:09:00.382,12.51708,12.51982,0.00,0.00
2017.03.23 13:09:00.437,12.51708,12.51922,0.00,0.00
2017.03.23 13:09:00.538,12.51708,12.51932,0.00,0.00
2017.03.23 13:09:00.857,12.51719,12.51982,0.00,0.00
2017.03.23 13:09:01.082,12.51708,12.51932,0.00,0.00
2017.03.23 13:09:01.140,12.51708,12.51972,0.00,0.00
2017.03.23 13:09:01.441,12.51708,12.51982,0.00,0.00
2017.03.23 13:09:01.565,12.51708,12.51962,0.00,0.00
2017.03.23 13:09:01.791,12.51718,12.51982,0.00,0.00
2017.03.23 13:09:01.843,12.51708,12.51982,0.00,0.00
2017.03.23 13:09:01.944,12.51708,12.51961,0.00,0.00
2017.03.23 13:09:02.051,12.51708,12.51982,0.00,0.00
2017.03.23 13:09:02.155,12.51719,12.51982,0.00,0.00
2017.03.23 13:09:02.256,12.51708,12.51982,0.00,0.00
2017.03.23 13:09:02.374,12.51718,12.51982,0.00,0.00
2017.03.23 13:09:02.800,12.51728,12.51982,0.00,0.00
2017.03.23 13:09:02.850,12.51718,12.51982,0.00,0.00
2017.03.23 13:09:02.964,12.51708,12.51982,0.00,0.00
2017.03.23 13:09:03.147,12.51738,12.51982,0.00,0.00
2017.03.23 13:09:03.298,12.51759,12.52022,0.00,0.00
2017.03.23 13:09:03.399,12.51758,12.52032,0.00,0.00
2017.03.23 13:09:03.449,12.51778,12.52032,0.00,0.00
2017.03.23 13:09:03.550,12.51719,12.51981,0.00,0.00
2017.03.23 13:09:03.684,12.51709,12.51981,0.00,0.00
2017.03.23 13:09:03.795,12.51719,12.51981,0.00,0.00
2017.03.23 13:09:04.108,12.51738,12.51981,0.00,0.00
2017.03.23 13:09:04.391,12.51711,12.51981,0.00,0.00
2017.03.23 13:09:04.449,12.51728,12.51981,0.00,0.00
2017.03.23 13:09:04.550,12.51711,12.51981,0.00,0.00
2017.03.23 13:09:04.651,12.51718,12.51981,0.00,0.00
2017.03.23 13:09:05.051,12.51711,12.51981,0.00,0.00
2017.03.23 13:09:05.193,12.51738,12.51981,0.00,0.00
2017.03.23 13:09:05.563,12.51719,12.51981,0.00,0.00
2017.03.23 13:09:05.674,12.51711,12.51981,0.00,0.00
2017.03.23 13:09:05.783,12.51729,12.51981,0.00,0.00
2017.03.23 13:09:06.119,12.51739,12.51981,0.00,0.00
2017.03.23 13:09:06.436,12.51759,12.51981,0.00,0.00
2017.03.23 13:09:06.487,12.51738,12.51981,0.00,0.00
2017.03.23 13:09:06.857,12.51728,12.51981,0.00,0.00
2017.03.23 13:09:06.957,12.51711,12.51981,0.00,0.00
2017.03.23 13:09:07.471,12.51802,12.52022,0.00,0.00
2017.03.23 13:09:07.572,12.51859,12.52099,0.00,0.00
2017.03.23 13:09:07.623,12.51862,12.52099,0.00,0.00
2017.03.23 13:09:07.964,12.51879,12.52099,0.00,0.00
2017.03.23 13:09:08.065,12.51862,12.52099,0.00,0.00
2017.03.23 13:09:08.406,12.51862,12.52131,0.00,0.00
2017.03.23 13:09:08.461,12.51862,12.52122,0.00,0.00
2017.03.23 13:09:08.796,12.51862,12.52092,0.00,0.00
2017.03.23 13:09:09.006,12.51908,12.52142,0.00,0.00
2017.03.23 13:09:09.209,12.51912,12.52168,0.00,0.00
2017.03.23 13:09:09.263,12.51918,12.52168,0.00,0.00
2017.03.23 13:09:09.387,12.51918,12.52182,0.00,0.00
2017.03.23 13:09:09.908,12.51912,12.52182,0.00,0.00
2017.03.23 13:09:10.066,12.51919,12.52182,0.00,0.00
2017.03.23 13:09:10.266,12.51912,12.52181,0.00,0.00
2017.03.23 13:09:10.398,12.51928,12.52182,0.00,0.00
2017.03.23 13:09:10.467,12.51912,12.52182,0.00,0.00
2017.03.23 13:09:10.570,12.51928,12.52182,0.00,0.00
2017.03.23 13:09:10.680,12.51918,12.52182,0.00,0.00
2017.03.23 13:09:10.811,12.51912,12.52182,0.00,0.00
2017.03.23 13:09:10.913,12.51912,12.52172,0.00,0.00
2017.03.23 13:09:11.074,12.51912,12.52182,0.00,0.00
2017.03.23 13:09:11.279,12.51918,12.52181,0.00,0.00
2017.03.23 13:09:11.603,12.51912,12.52181,0.00,0.00
2017.03.23 13:09:11.992,12.51918,12.52181,0.00,0.00
2017.03.23 13:09:12.654,12.51912,12.52181,0.00,0.00
2017.03.23 13:09:12.773,12.51912,12.52172,0.00,0.00
2017.03.23 13:09:13.488,12.51912,12.52181,0.00,0.00
2017.03.23 13:09:13.705,12.51912,12.52172,0.00,0.00
2017.03.23 13:09:13.775,12.51912,12.52181,0.00,0.00
2017.03.23 13:09:13.876,12.51919,12.52181,0.00,0.00
2017.03.23 13:09:13.976,12.51912,12.52181,0.00,0.00
2017.03.23 13:09:14.076,12.51919,12.52181,0.00,0.00
2017.03.23 13:09:14.577,12.51912,12.52181,0.00,0.00
2017.03.23 13:09:14.809,12.51912,12.52142,0.00,0.00
2017.03.23 13:09:14.878,12.51912,12.52162,0.00,0.00
2017.03.23 13:09:15.010,12.51928,12.52181,0.00,0.00
2017.03.23 13:09:15.119,12.51918,12.52181,0.00,0.00
2017.03.23 13:09:15.220,12.51912,12.52162,0.00,0.00
2017.03.23 13:09:15.379,12.51928,12.52181,0.00,0.00
2017.03.23 13:09:15.519,12.51912,12.52181,0.00,0.00
2017.03.23 13:09:15.580,12.51912,12.52161,0.00,0.00
2017.03.23 13:09:15.782,12.51912,12.52181,0.00,0.00
2017.03.23 13:09:16.103,12.51919,12.52181,0.00,0.00
2017.03.23 13:09:16.348,12.51912,12.52181,0.00,0.00
2017.03.23 13:09:16.399,12.51912,12.52161,0.00,0.00
2017.03.23 13:09:16.804,12.51912,12.52171,0.00,0.00
2017.03.23 13:09:17.627,12.51912,12.52152,0.00,0.00
2017.03.23 13:09:17.684,12.51929,12.52181,0.00,0.00
2017.03.23 13:09:17.790,12.51919,12.52181,0.00,0.00
2017.03.23 13:09:17.885,12.51912,12.52162,0.00,0.00
2017.03.23 13:09:18.085,12.51912,12.52172,0.00,0.00
2017.03.23 13:09:18.325,12.51912,12.52161,0.00,0.00
2017.03.23 13:09:18.386,12.51912,12.52181,0.00,0.00
2017.03.23 13:09:18.595,12.51912,12.52172,0.00,0.00
2017.03.23 13:09:18.697,12.51912,12.52181,0.00,0.00
2017.03.23 13:09:18.786,12.51912,12.52161,0.00,0.00
2017.03.23 13:09:18.900,12.51912,12.52171,0.00,0.00
2017.03.23 13:09:19.003,12.51912,12.52181,0.00,0.00
2017.03.23 13:09:19.289,12.51918,12.52181,0.00,0.00
2017.03.23 13:09:19.389,12.51912,12.52181,0.00,0.00
2017.03.23 13:09:19.509,12.51912,12.52171,0.00,0.00
2017.03.23 13:09:19.993,12.51912,12.52151,0.00,0.00
2017.03.23 13:09:20.342,12.51912,12.52131,0.00,0.00
2017.03.23 13:09:20.393,12.51912,12.52171,0.00,0.00
2017.03.23 13:09:20.495,12.51912,12.52181,0.00,0.00
2017.03.23 13:09:20.609,12.51912,12.52162,0.00,0.00
2017.03.23 13:09:20.983,12.51912,12.52111,0.00,0.00
2017.03.23 13:09:21.335,12.51912,12.52131,0.00,0.00
2017.03.23 13:09:21.437,12.51912,12.52181,0.00,0.00
2017.03.23 13:09:21.496,12.51918,12.52181,0.00,0.00
2017.03.23 13:09:21.629,12.51912,12.52181,0.00,0.00
2017.03.23 13:09:22.077,12.52001,12.52192,0.00,0.00
2017.03.23 13:09:22.229,12.52008,12.52229,0.00,0.00
2017.03.23 13:09:22.330,12.51961,12.52232,0.00,0.00
2017.03.23 13:09:22.499,12.51961,12.52201,0.00,0.00
2017.03.23 13:09:22.549,12.51919,12.52182,0.00,0.00
2017.03.23 13:09:22.600,12.51911,12.52182,0.00,0.00
2017.03.23 13:09:22.701,12.51911,12.52162,0.00,0.00
2017.03.23 13:09:22.811,12.51911,12.52171,0.00,0.00
2017.03.23 13:09:22.920,12.51918,12.52182,0.00,0.00
2017.03.23 13:09:23.021,12.51911,12.52162,0.00,0.00
2017.03.23 13:09:23.442,12.51911,12.52182,0.00,0.00
2017.03.23 13:09:23.624,12.51911,12.52162,0.00,0.00
2017.03.23 13:09:23.840,12.51911,12.52182,0.00,0.00
2017.03.23 13:09:23.946,12.51911,12.52152,0.00,0.00
2017.03.23 13:09:24.244,12.51911,12.52181,0.00,0.00
2017.03.23 13:09:25.038,12.51928,12.52182,0.00,0.00
2017.03.23 13:09:25.108,12.51918,12.52182,0.00,0.00
2017.03.23 13:09:25.329,12.51938,12.52182,0.00,0.00
2017.03.23 13:09:25.409,12.51929,12.52182,0.00,0.00
2017.03.23 13:09:25.519,12.51911,12.52172,0.00,0.00
2017.03.23 13:09:25.729,12.51919,12.52182,0.00,0.00
2017.03.23 13:09:25.811,12.51939,12.52182,0.00,0.00
2017.03.23 13:09:25.915,12.51918,12.52182,0.00,0.00
2017.03.23 13:09:26.029,12.51928,12.52182,0.00,0.00
2017.03.23 13:09:26.360,12.51938,12.52182,0.00,0.00
2017.03.23 13:09:26.414,12.51911,12.52172,0.00,0.00
2017.03.23 13:09:26.517,12.51929,12.52182,0.00,0.00
2017.03.23 13:09:26.914,12.51939,12.52182,0.00,0.00
2017.03.23 13:09:26.964,12.51911,12.52182,0.00,0.00
2017.03.23 13:09:27.226,12.51929,12.52182,0.00,0.00
2017.03.23 13:09:27.350,12.51911,12.52171,0.00,0.00
2017.03.23 13:09:27.516,12.51939,12.52182,0.00,0.00
2017.03.23 13:09:27.629,12.51918,12.52182,0.00,0.00
2017.03.23 13:09:27.735,12.51929,12.52182,0.00,0.00
2017.03.23 13:09:28.018,12.51911,12.52172,0.00,0.00
2017.03.23 13:09:28.145,12.51928,12.52182,0.00,0.00
2017.03.23 13:09:28.469,12.51911,12.52181,0.00,0.00
2017.03.23 13:09:28.720,12.51911,12.52172,0.00,0.00
2017.03.23 13:09:28.921,12.51911,12.52181,0.00,0.00
2017.03.23 13:09:29.144,12.51911,12.52171,0.00,0.00
2017.03.23 13:09:29.485,12.51928,12.52182,0.00,0.00
2017.03.23 13:09:29.661,12.51911,12.52181,0.00,0.00
2017.03.23 13:09:30.023,12.51911,12.52162,0.00,0.00
2017.03.23 13:09:30.352,12.51911,12.52181,0.00,0.00
2017.03.23 13:09:30.488,12.51929,12.52182,0.00,0.00
2017.03.23 13:09:30.773,12.51911,12.52182,0.00,0.00
2017.03.23 13:09:31.338,12.51911,12.52131,0.00,0.00
2017.03.23 13:09:31.443,12.51908,12.52161,0.00,0.00
2017.03.23 13:09:31.529,12.51908,12.52122,0.00,0.00
2017.03.23 13:09:31.865,12.51909,12.52182,0.00,0.00
2017.03.23 13:09:32.140,12.51908,12.52122,0.00,0.00
2017.03.23 13:09:32.246,12.51908,12.52162,0.00,0.00
2017.03.23 13:09:32.347,12.51908,12.52182,0.00,0.00
2017.03.23 13:09:32.432,12.51908,12.52161,0.00,0.00
2017.03.23 13:09:32.670,12.51908,12.52182,0.00,0.00
2017.03.23 13:09:32.825,12.51898,12.52128,0.00,0.00
2017.03.23 13:09:32.876,12.51868,12.52128,0.00,0.00
2017.03.23 13:09:32.926,12.51908,12.52152,0.00,0.00
2017.03.23 13:09:33.145,12.51908,12.52162,0.00,0.00
2017.03.23 13:09:33.347,12.51908,12.52152,0.00,0.00
2017.03.23 13:09:33.511,12.51908,12.52182,0.00,0.00
2017.03.23 13:09:33.562,12.51908,12.52171,0.00,0.00
2017.03.23 13:09:33.871,12.51861,12.52111,0.00,0.00
2017.03.23 13:09:34.037,12.51909,12.52162,0.00,0.00
2017.03.23 13:09:34.165,12.51902,12.52131,0.00,0.00
2017.03.23 13:09:34.339,12.51909,12.52181,0.00,0.00
2017.03.23 13:09:34.483,12.51909,12.52158,0.00,0.00
2017.03.23 13:09:34.583,12.51859,12.52122,0.00,0.00
2017.03.23 13:09:34.634,12.51909,12.52122,0.00,0.00
2017.03.23 13:09:34.685,12.51909,12.52142,0.00,0.00
2017.03.23 13:09:34.740,12.51909,12.52152,0.00,0.00
2017.03.23 13:09:34.840,12.51909,12.52158,0.00,0.00
2017.03.23 13:09:35.094,12.51878,12.52132,0.00,0.00
2017.03.23 13:09:35.145,12.51861,12.52132,0.00,0.00
2017.03.23 13:09:35.294,12.51861,12.52122,0.00,0.00
2017.03.23 13:09:35.615,12.51828,12.52082,0.00,0.00
2017.03.23 13:09:35.665,12.51819,12.52082,0.00,0.00
2017.03.23 13:09:35.716,12.51861,12.52101,0.00,0.00
2017.03.23 13:09:35.766,12.51861,12.52131,0.00,0.00
2017.03.23 13:09:35.888,12.51868,12.52131,0.00,0.00
2017.03.23 13:09:36.279,12.51861,12.52111,0.00,0.00
2017.03.23 13:09:36.397,12.51829,12.52082,0.00,0.00
2017.03.23 13:09:36.448,12.51858,12.52082,0.00,0.00
2017.03.23 13:09:36.555,12.51812,12.52082,0.00,0.00
2017.03.23 13:09:36.658,12.51839,12.52082,0.00,0.00
2017.03.23 13:09:36.995,12.51858,12.52092,0.00,0.00
2017.03.23 13:09:37.248,12.51812,12.52081,0.00,0.00
2017.03.23 13:09:37.548,12.51838,12.52081,0.00,0.00
2017.03.23 13:09:37.649,12.51812,12.52081,0.00,0.00
2017.03.23 13:09:37.974,12.51818,12.52081,0.00,0.00
2017.03.23 13:09:38.250,12.51812,12.52081,0.00,0.00
2017.03.23 13:09:38.353,12.51848,12.52081,0.00,0.00
2017.03.23 13:09:38.585,12.51859,12.52128,0.00,0.00
2017.03.23 13:09:38.636,12.51901,12.52131,0.00,0.00
2017.03.23 13:09:38.787,12.51908,12.52182,0.00,0.00
2017.03.23 13:09:38.953,12.51919,12.52182,0.00,0.00
2017.03.23 13:09:39.255,12.51928,12.52182,0.00,0.00
2017.03.23 13:09:39.555,12.51908,12.52182,0.00,0.00
2017.03.23 13:09:39.680,12.51908,12.52171,0.00,0.00
2017.03.23 13:09:39.755,12.51918,12.52182,0.00,0.00
2017.03.23 13:09:40.157,12.51928,12.52182,0.00,0.00
2017.03.23 13:09:40.624,12.51938,12.52182,0.00,0.00
2017.03.23 13:09:40.759,12.51918,12.52182,0.00,0.00
2017.03.23 13:09:40.862,12.51928,12.52182,0.00,0.00
2017.03.23 13:09:41.406,12.51908,12.52171,0.00,0.00
2017.03.23 13:09:42.117,12.51908,12.52172,0.00,0.00
2017.03.23 13:09:42.304,12.51908,12.52181,0.00,0.00
2017.03.23 13:09:42.363,12.51919,12.52182,0.00,0.00
2017.03.23 13:09:42.571,12.51909,12.52182,0.00,0.00
2017.03.23 13:09:42.864,12.51908,12.52142,0.00,0.00
2017.03.23 13:09:42.915,12.51861,12.52131,0.00,0.00
2017.03.23 13:09:42.965,12.51901,12.52131,0.00,0.00
2017.03.23 13:09:43.067,12.51909,12.52161,0.00,0.00
2017.03.23 13:09:43.176,12.51909,12.52181,0.00,0.00
2017.03.23 13:09:43.279,12.51918,12.52181,0.00,0.00
2017.03.23 13:09:43.768,12.51909,12.52172,0.00,0.00
2017.03.23 13:09:44.169,12.51909,12.52181,0.00,0.00
2017.03.23 13:09:44.570,12.51918,12.52181,0.00,0.00
2017.03.23 13:09:44.894,12.51909,12.52132,0.00,0.00
2017.03.23 13:09:45.083,12.51909,12.52152,0.00,0.00
2017.03.23 13:09:45.195,12.51919,12.52181,0.00,0.00
2017.03.23 13:09:45.296,12.51938,12.52181,0.00,0.00
2017.03.23 13:09:45.519,12.51909,12.52161,0.00,0.00
2017.03.23 13:09:45.573,12.51918,12.52181,0.00,0.00
2017.03.23 13:09:45.784,12.51909,12.52181,0.00,0.00
2017.03.23 13:09:45.893,12.51909,12.52161,0.00,0.00
2017.03.23 13:09:45.994,12.51918,12.52181,0.00,0.00
2017.03.23 13:09:46.074,12.51939,12.52181,0.00,0.00
2017.03.23 13:09:46.475,12.51919,12.52181,0.00,0.00
2017.03.23 13:09:46.578,12.51958,12.52222,0.00,0.00
2017.03.23 13:09:46.715,12.52009,12.52242,0.00,0.00
2017.03.23 13:09:46.815,12.52009,12.52281,0.00,0.00
2017.03.23 13:09:46.877,12.52019,12.52281,0.00,0.00
2017.03.23 13:09:46.978,12.52009,12.52281,0.00,0.00
2017.03.23 13:09:47.227,12.52028,12.52281,0.00,0.00
2017.03.23 13:09:47.278,12.52009,12.52281,0.00,0.00
2017.03.23 13:09:47.378,12.52009,12.52222,0.00,0.00
2017.03.23 13:09:47.519,12.52019,12.52281,0.00,0.00
2017.03.23 13:09:47.779,12.52009,12.52271,0.00,0.00
2017.03.23 13:09:48.084,12.52009,12.52281,0.00,0.00
2017.03.23 13:09:48.380,12.52009,12.52271,0.00,0.00
2017.03.23 13:09:48.601,12.52009,12.52281,0.00,0.00
2017.03.23 13:09:48.681,12.52009,12.52272,0.00,0.00
2017.03.23 13:09:49.175,12.52009,12.52281,0.00,0.00
2017.03.23 13:09:49.495,12.52009,12.52272,0.00,0.00
2017.03.23 13:09:49.595,12.52009,12.52281,0.00,0.00
2017.03.23 13:09:49.788,12.52019,12.52281,0.00,0.00
2017.03.23 13:09:49.899,12.52009,12.52281,0.00,0.00
2017.03.23 13:09:50.184,12.52009,12.52271,0.00,0.00
2017.03.23 13:09:50.393,12.52009,12.52281,0.00,0.00
2017.03.23 13:09:51.294,12.52009,12.52272,0.00,0.00
2017.03.23 13:09:51.735,12.52009,12.52222,0.00,0.00
2017.03.23 13:09:52.295,12.52009,12.52231,0.00,0.00
2017.03.23 13:09:53.345,12.52018,12.52281,0.00,0.00
2017.03.23 13:09:53.691,12.52009,12.52281,0.00,0.00
2017.03.23 13:09:54.025,12.52009,12.52272,0.00,0.00
2017.03.23 13:09:54.394,12.52009,12.52281,0.00,0.00
2017.03.23 13:09:54.542,12.52009,12.52221,0.00,0.00
2017.03.23 13:09:54.594,12.52009,12.52281,0.00,0.00
2017.03.23 13:09:56.104,12.52018,12.52281,0.00,0.00
2017.03.23 13:09:56.801,12.52019,12.52281,0.00,0.00
2017.03.23 13:09:57.015,12.51909,12.52182,0.00,0.00
2017.03.23 13:09:57.725,12.51908,12.52181,0.00,0.00
2017.03.23 13:09:57.806,12.51911,12.52182,0.00,0.00
2017.03.23 13:09:58.141,12.51911,12.52171,0.00,0.00
2017.03.23 13:09:58.489,12.51928,12.52182,0.00,0.00
2017.03.23 13:09:58.905,12.51911,12.52182,0.00,0.00
2017.03.23 13:09:59.787,12.51908,12.52081,0.00,0.00
2017.03.23 13:09:59.838,12.51838,12.52081,0.00,0.00
2017.03.23 13:09:59.906,12.51828,12.52081,0.00,0.00
2017.03.23 13:10:00.106,12.51849,12.52081,0.00,0.00
2017.03.23 13:10:00.207,12.51828,12.52081,0.00,0.00
2017.03.23 13:10:00.309,12.51821,12.52081,0.00,0.00
2017.03.23 13:10:00.718,12.51858,12.52081,0.00,0.00
2017.03.23 13:10:00.824,12.51839,12.52081,0.00,0.00
2017.03.23 13:10:00.927,12.51821,12.52081,0.00,0.00
2017.03.23 13:10:01.242,12.51858,12.52081,0.00,0.00
2017.03.23 13:10:01.310,12.51838,12.52081,0.00,0.00
2017.03.23 13:10:01.447,12.51831,12.52081,0.00,0.00
2017.03.23 13:10:01.548,12.51839,12.52081,0.00,0.00
2017.03.23 13:10:01.611,12.51831,12.52081,0.00,0.00
2017.03.23 13:10:02.036,12.51838,12.52081,0.00,0.00
2017.03.23 13:10:02.112,12.51831,12.52081,0.00,0.00
2017.03.23 13:10:02.372,12.51838,12.52082,0.00,0.00
2017.03.23 13:10:02.423,12.51831,12.52082,0.00,0.00
2017.03.23 13:10:02.630,12.51848,12.52082,0.00,0.00
2017.03.23 13:10:03.104,12.51859,12.52082,0.00,0.00
2017.03.23 13:10:03.214,12.51831,12.52082,0.00,0.00
2017.03.23 13:10:04.151,12.51839,12.52082,0.00,0.00
2017.03.23 13:10:04.580,12.51858,12.52082,0.00,0.00
2017.03.23 13:10:04.957,12.51831,12.52082,0.00,0.00
2017.03.23 13:10:05.059,12.51868,12.52082,0.00,0.00
2017.03.23 13:10:05.270,12.51831,12.52082,0.00,0.00
2017.03.23 13:10:06.131,12.51869,12.52082,0.00,0.00
2017.03.23 13:10:06.223,12.51831,12.52082,0.00,0.00
2017.03.23 13:10:06.625,12.51859,12.52082,0.00,0.00
2017.03.23 13:10:06.824,12.51831,12.52082,0.00,0.00
2017.03.23 13:10:07.662,12.51838,12.52082,0.00,0.00
2017.03.23 13:10:07.827,12.51831,12.52082,0.00,0.00
2017.03.23 13:10:08.030,12.51798,12.52019,0.00,0.00
2017.03.23 13:10:08.232,12.51738,12.51981,0.00,0.00
2017.03.23 13:10:08.442,12.51778,12.51981,0.00,0.00
2017.03.23 13:10:08.544,12.51759,12.51981,0.00,0.00
2017.03.23 13:10:08.655,12.51738,12.51981,0.00,0.00
2017.03.23 13:10:08.782,12.51748,12.52019,0.00,0.00
2017.03.23 13:10:08.832,12.51768,12.52019,0.00,0.00
2017.03.23 13:10:09.275,12.51758,12.52019,0.00,0.00
2017.03.23 13:10:09.425,12.51779,12.52019,0.00,0.00
2017.03.23 13:10:09.477,12.51748,12.52019,0.00,0.00
2017.03.23 13:10:09.528,12.51848,12.52022,0.00,0.00
2017.03.23 13:10:09.578,12.51848,12.52031,0.00,0.00
2017.03.23 13:10:09.633,12.51848,12.52072,0.00,0.00
2017.03.23 13:10:09.735,12.51848,12.52118,0.00,0.00
2017.03.23 13:10:09.836,12.51868,12.52118,0.00,0.00
2017.03.23 13:10:09.958,12.51849,12.52118,0.00,0.00
2017.03.23 13:10:10.083,12.51848,12.52092,0.00,0.00
2017.03.23 13:10:10.134,12.51848,12.52118,0.00,0.00
2017.03.23 13:10:10.253,12.51848,12.52082,0.00,0.00
2017.03.23 13:10:10.483,12.51849,12.52118,0.00,0.00
2017.03.23 13:10:10.536,12.51848,12.52072,0.00,0.00
2017.03.23 13:10:10.636,12.51848,12.52118,0.00,0.00
2017.03.23 13:10:10.937,12.51868,12.52118,0.00,0.00
2017.03.23 13:10:11.080,12.51849,12.52118,0.00,0.00
2017.03.23 13:10:11.447,12.51848,12.52101,0.00,0.00
2017.03.23 13:10:11.538,12.51848,12.52118,0.00,0.00
2017.03.23 13:10:11.787,12.51869,12.52129,0.00,0.00
2017.03.23 13:10:11.839,12.51858,12.52129,0.00,0.00
2017.03.23 13:10:12.055,12.51878,12.52129,0.00,0.00
2017.03.23 13:10:12.340,12.51859,12.52122,0.00,0.00
2017.03.23 13:10:12.502,12.51859,12.52111,0.00,0.00
2017.03.23 13:10:12.685,12.51859,12.52121,0.00,0.00
2017.03.23 13:10:12.786,12.51859,12.52091,0.00,0.00
2017.03.23 13:10:12.842,12.51859,12.52129,0.00,0.00
2017.03.23 13:10:13.757,12.51859,12.52112,0.00,0.00
2017.03.23 13:10:13.883,12.51859,12.52129,0.00,0.00
2017.03.23 13:10:14.048,12.51859,12.52122,0.00,0.00
2017.03.23 13:10:14.251,12.51859,12.52129,0.00,0.00
2017.03.23 13:10:14.301,12.51859,12.52102,0.00,0.00
2017.03.23 13:10:14.352,12.51869,12.52129,0.00,0.00
2017.03.23 13:10:14.453,12.51859,12.52129,0.00,0.00
2017.03.23 13:10:14.674,12.51859,12.52112,0.00,0.00
2017.03.23 13:10:14.948,12.51859,12.52121,0.00,0.00
2017.03.23 13:10:15.080,12.51859,12.52101,0.00,0.00
2017.03.23 13:10:15.795,12.51859,12.52121,0.00,0.00
2017.03.23 13:10:15.849,12.51859,12.52102,0.00,0.00
2017.03.23 13:10:15.950,12.51859,12.52129,0.00,0.00
2017.03.23 13:10:16.139,12.51859,12.52101,0.00,0.00
2017.03.23 13:10:16.288,12.51859,12.52112,0.00,0.00
2017.03.23 13:10:16.398,12.51859,12.52102,0.00,0.00
2017.03.23 13:10:16.502,12.51859,12.52122,0.00,0.00
2017.03.23 13:10:16.553,12.51859,12.52129,0.00,0.00
2017.03.23 13:10:16.673,12.51859,12.52102,0.00,0.00
2017.03.23 13:10:16.982,12.51859,12.52091,0.00,0.00
2017.03.23 13:10:17.152,12.51859,12.52118,0.00,0.00
2017.03.23 13:10:17.563,12.51859,12.52101,0.00,0.00
2017.03.23 13:10:17.788,12.51859,12.52118,0.00,0.00
2017.03.23 13:10:18.067,12.51859,12.52102,0.00,0.00
2017.03.23 13:10:18.358,12.51859,12.52118,0.00,0.00
2017.03.23 13:10:18.493,12.51859,12.52091,0.00,0.00
2017.03.23 13:10:18.669,12.51859,12.52111,0.00,0.00
2017.03.23 13:10:18.794,12.51859,12.52092,0.00,0.00
2017.03.23 13:10:18.856,12.51859,12.52118,0.00,0.00
2017.03.23 13:10:18.956,12.51859,12.52092,0.00,0.00
2017.03.23 13:10:19.156,12.51859,12.52118,0.00,0.00
2017.03.23 13:10:19.257,12.51859,12.52092,0.00,0.00
2017.03.23 13:10:19.593,12.51758,12.52028,0.00,0.00
2017.03.23 13:10:19.858,12.51788,12.52028,0.00,0.00
2017.03.23 13:10:19.970,12.51759,12.52028,0.00,0.00
2017.03.23 13:10:20.071,12.51758,12.52022,0.00,0.00
2017.03.23 13:10:20.860,12.51758,12.52028,0.00,0.00
2017.03.23 13:10:21.032,12.51758,12.52019,0.00,0.00
2017.03.23 13:10:21.605,12.51769,12.52019,0.00,0.00
2017.03.23 13:10:21.705,12.51758,12.52019,0.00,0.00
2017.03.23 13:10:22.063,12.51768,12.52019,0.00,0.00
2017.03.23 13:10:22.263,12.51758,12.52019,0.00,0.00
2017.03.23 13:10:22.597,12.51758,12.52012,0.00,0.00
2017.03.23 13:10:22.649,12.51731,12.52011,0.00,0.00
2017.03.23 13:10:22.704,12.51731,12.52001,0.00,0.00
2017.03.23 13:10:23.002,12.51731,12.52011,0.00,0.00
2017.03.23 13:10:23.064,12.51758,12.52012,0.00,0.00
2017.03.23 13:10:23.291,12.51731,12.52012,0.00,0.00
2017.03.23 13:10:23.365,12.51731,12.52001,0.00,0.00
2017.03.23 13:10:23.474,12.51738,12.52012,0.00,0.00
2017.03.23 13:10:23.566,12.51748,12.52012,0.00,0.00
2017.03.23 13:10:24.268,12.51758,12.52012,0.00,0.00
2017.03.23 13:10:24.368,12.51749,12.52012,0.00,0.00
2017.03.23 13:10:24.419,12.51749,12.52019,0.00,0.00
2017.03.23 13:10:24.470,12.51822,12.52061,0.00,0.00
2017.03.23 13:10:24.570,12.51822,12.52078,0.00,0.00
2017.03.23 13:10:24.910,12.51822,12.52061,0.00,0.00
2017.03.23 13:10:25.100,12.51801,12.52078,0.00,0.00
2017.03.23 13:10:25.212,12.51779,12.52058,0.00,0.00
2017.03.23 13:10:25.313,12.51772,12.52011,0.00,0.00
2017.03.23 13:10:25.470,12.51718,12.51979,0.00,0.00
2017.03.23 13:10:25.520,12.51778,12.51979,0.00,0.00
2017.03.23 13:10:25.571,12.51778,12.52031,0.00,0.00
2017.03.23 13:10:25.672,12.51818,12.52058,0.00,0.00
2017.03.23 13:10:25.785,12.51818,12.52069,0.00,0.00
2017.03.23 13:10:26.188,12.51789,12.52069,0.00,0.00
2017.03.23 13:10:26.336,12.51808,12.52069,0.00,0.00
2017.03.23 13:10:26.391,12.51781,12.52062,0.00,0.00
2017.03.23 13:10:26.473,12.51789,12.52069,0.00,0.00
2017.03.23 13:10:26.894,12.51819,12.52069,0.00,0.00
2017.03.23 13:10:27.074,12.51798,12.52069,0.00,0.00
2017.03.23 13:10:27.175,12.51819,12.52069,0.00,0.00
2017.03.23 13:10:27.485,12.51788,12.52069,0.00,0.00
2017.03.23 13:10:27.700,12.51818,12.52069,0.00,0.00
2017.03.23 13:10:27.776,12.51788,12.52069,0.00,0.00
2017.03.23 13:10:27.885,12.51818,12.52069,0.00,0.00
2017.03.23 13:10:28.224,12.51828,12.52069,0.00,0.00
2017.03.23 13:10:28.277,12.51788,12.52069,0.00,0.00
2017.03.23 13:10:28.470,12.51788,12.52058,0.00,0.00
2017.03.23 13:10:28.520,12.51779,12.52058,0.00,0.00
2017.03.23 13:10:28.705,12.51788,12.52058,0.00,0.00
2017.03.23 13:10:29.179,12.51799,12.52058,0.00,0.00
2017.03.23 13:10:29.290,12.51778,12.52058,0.00,0.00
2017.03.23 13:10:29.391,12.51818,12.52058,0.00,0.00
2017.03.23 13:10:29.583,12.51778,12.52051,0.00,0.00
2017.03.23 13:10:29.684,12.51818,12.52051,0.00,0.00
2017.03.23 13:10:29.786,12.51778,12.52051,0.00,0.00
2017.03.23 13:10:29.888,12.51789,12.52051,0.00,0.00
2017.03.23 13:10:30.091,12.51778,12.52051,0.00,0.00
2017.03.23 13:10:30.303,12.51809,12.52051,0.00,0.00
2017.03.23 13:10:30.609,12.51779,12.52051,0.00,0.00
2017.03.23 13:10:30.710,12.51772,12.52051,0.00,0.00
2017.03.23 13:10:30.760,12.51791,12.52051,0.00,0.00
2017.03.23 13:10:30.822,12.51768,12.52049,0.00,0.00
2017.03.23 13:10:30.884,12.51778,12.52049,0.00,0.00
2017.03.23 13:10:31.317,12.51768,12.52049,0.00,0.00
2017.03.23 13:10:31.423,12.51789,12.52049,0.00,0.00
2017.03.23 13:10:31.741,12.51808,12.52028,0.00,0.00
2017.03.23 13:10:31.895,12.51768,12.52028,0.00,0.00
2017.03.23 13:10:32.413,12.51799,12.52028,0.00,0.00
2017.03.23 13:10:32.526,12.51759,12.52018,0.00,0.00
2017.03.23 13:10:32.636,12.51732,12.52012,0.00,0.00
2017.03.23 13:10:32.689,12.51738,12.52018,0.00,0.00
2017.03.23 13:10:33.072,12.51809,12.52018,0.00,0.00
2017.03.23 13:10:33.215,12.51779,12.52018,0.00,0.00
2017.03.23 13:10:33.291,12.51808,12.52018,0.00,0.00
2017.03.23 13:10:33.796,12.51732,12.51951,0.00,0.00
2017.03.23 13:10:33.908,12.51778,12.52018,0.00,0.00
2017.03.23 13:10:34.009,12.51808,12.52018,0.00,0.00
2017.03.23 13:10:34.114,12.51818,12.52029,0.00,0.00
2017.03.23 13:10:34.338,12.51798,12.52029,0.00,0.00
2017.03.23 13:10:34.394,12.51779,12.52029,0.00,0.00
2017.03.23 13:10:34.696,12.51808,12.52029,0.00,0.00
2017.03.23 13:10:35.006,12.51779,12.52029,0.00,0.00
2017.03.23 13:10:35.144,12.51798,12.52029,0.00,0.00
2017.03.23 13:10:35.198,12.51778,12.52029,0.00,0.00
2017.03.23 13:10:35.335,12.51778,12.52019,0.00,0.00
2017.03.23 13:10:35.436,12.51768,12.52028,0.00,0.00
2017.03.23 13:10:35.609,12.51808,12.52028,0.00,0.00
2017.03.23 13:10:35.837,12.51778,12.52028,0.00,0.00
2017.03.23 13:10:36.307,12.51788,12.52028,0.00,0.00
2017.03.23 13:10:36.408,12.51778,12.52028,0.00,0.00
2017.03.23 13:10:36.502,12.51788,12.52028,0.00,0.00
2017.03.23 13:10:36.903,12.51779,12.52028,0.00,0.00
2017.03.23 13:10:37.035,12.51788,12.52028,0.00,0.00
2017.03.23 13:10:37.152,12.51769,12.52028,0.00,0.00
2017.03.23 13:10:37.294,12.51742,12.52011,0.00,0.00
2017.03.23 13:10:37.405,12.51749,12.52028,0.00,0.00
2017.03.23 13:10:37.510,12.51742,12.52012,0.00,0.00
2017.03.23 13:10:37.974,12.51799,12.52028,0.00,0.00
2017.03.23 13:10:38.125,12.51778,12.52028,0.00,0.00
2017.03.23 13:10:38.206,12.51759,12.52028,0.00,0.00
2017.03.23 13:10:38.938,12.51788,12.52028,0.00,0.00
2017.03.23 13:10:39.209,12.51759,12.52028,0.00,0.00
2017.03.23 13:10:39.409,12.51778,12.52028,0.00,0.00
2017.03.23 13:10:39.840,12.51808,12.52028,0.00,0.00
2017.03.23 13:10:40.121,12.51799,12.52028,0.00,0.00
2017.03.23 13:10:40.333,12.51778,12.52028,0.00,0.00
2017.03.23 13:10:40.450,12.51742,12.52011,0.00,0.00
2017.03.23 13:10:40.512,12.51779,12.52028,0.00,0.00
2017.03.23 13:10:40.763,12.51789,12.52051,0.00,0.00
2017.03.23 13:10:40.823,12.51799,12.52052,0.00,0.00
2017.03.23 13:10:40.924,12.51788,12.52052,0.00,0.00
2017.03.23 13:10:41.025,12.51771,12.52051,0.00,0.00
2017.03.23 13:10:42.131,12.51799,12.52052,0.00,0.00
2017.03.23 13:10:42.463,12.51771,12.52052,0.00,0.00
2017.03.23 13:10:42.649,12.51808,12.52052,0.00,0.00
2017.03.23 13:10:43.319,12.51778,12.52052,0.00,0.00
2017.03.23 13:10:43.735,12.51788,12.52052,0.00,0.00
2017.03.23 13:10:43.948,12.51779,12.52052,0.00,0.00
2017.03.23 13:10:44.550,12.51779,12.52059,0.00,0.00
2017.03.23 13:10:44.621,12.51799,12.52059,0.00,0.00
2017.03.23 13:10:44.721,12.51789,12.52059,0.00,0.00
2017.03.23 13:10:45.258,12.51799,12.52059,0.00,0.00
2017.03.23 13:10:45.625,12.51808,12.52059,0.00,0.00
2017.03.23 13:10:45.840,12.51798,12.52059,0.00,0.00
2017.03.23 13:10:45.924,12.51778,12.52059,0.00,0.00
2017.03.23 13:10:46.025,12.51798,12.52059,0.00,0.00
2017.03.23 13:10:46.125,12.51789,12.52059,0.00,0.00
2017.03.23 13:10:46.435,12.51771,12.52052,0.00,0.00
2017.03.23 13:10:46.526,12.51809,12.52059,0.00,0.00
2017.03.23 13:10:46.955,12.51788,12.52059,0.00,0.00
2017.03.23 13:10:47.056,12.51818,12.52059,0.00,0.00
2017.03.23 13:10:47.127,12.51778,12.52059,0.00,0.00
2017.03.23 13:10:47.264,12.51789,12.52059,0.00,0.00
2017.03.23 13:10:47.368,12.51779,12.52059,0.00,0.00
2017.03.23 13:10:47.564,12.51809,12.52059,0.00,0.00
2017.03.23 13:10:48.167,12.51819,12.52059,0.00,0.00
2017.03.23 13:10:48.232,12.51799,12.52059,0.00,0.00
2017.03.23 13:10:48.843,12.51778,12.52059,0.00,0.00
2017.03.23 13:10:49.233,12.51788,12.52059,0.00,0.00
2017.03.23 13:10:49.437,12.51778,12.52059,0.00,0.00
2017.03.23 13:10:49.570,12.51789,12.52059,0.00,0.00
2017.03.23 13:10:49.963,12.51819,12.52059,0.00,0.00
2017.03.23 13:10:50.582,12.51871,12.52101,0.00,0.00
2017.03.23 13:10:50.683,12.51878,12.52159,0.00,0.00
2017.03.23 13:10:50.784,12.51871,12.52141,0.00,0.00
2017.03.23 13:10:50.973,12.51871,12.52151,0.00,0.00
2017.03.23 13:10:51.023,12.51869,12.52068,0.00,0.00
2017.03.23 13:10:51.074,12.51821,12.52101,0.00,0.00
2017.03.23 13:10:51.124,12.51819,12.52069,0.00,0.00
2017.03.23 13:10:51.392,12.51798,12.52069,0.00,0.00
2017.03.23 13:10:51.755,12.51788,12.52069,0.00,0.00
2017.03.23 13:10:51.805,12.51801,12.52072,0.00,0.00
2017.03.23 13:10:51.962,12.51852,12.52132,0.00,0.00
2017.03.23 13:10:52.612,12.51848,12.52088,0.00,0.00
2017.03.23 13:10:52.662,12.51819,12.52088,0.00,0.00
2017.03.23 13:10:52.763,12.51802,12.52081,0.00,0.00
2017.03.23 13:10:52.813,12.51852,12.52081,0.00,0.00
2017.03.23 13:10:52.864,12.51852,12.52111,0.00,0.00
2017.03.23 13:10:52.967,12.51849,12.52088,0.00,0.00
2017.03.23 13:10:53.068,12.51802,12.52082,0.00,0.00
2017.03.23 13:10:53.169,12.51892,12.52092,0.00,0.00
2017.03.23 13:10:53.272,12.51892,12.52172,0.00,0.00
2017.03.23 13:10:53.322,12.51888,12.52088,0.00,0.00
2017.03.23 13:10:53.373,12.51891,12.52152,0.00,0.00
2017.03.23 13:10:53.617,12.51891,12.52172,0.00,0.00
2017.03.23 13:10:53.770,12.51891,12.52131,0.00,0.00
2017.03.23 13:10:53.873,12.51898,12.52179,0.00,0.00
2017.03.23 13:10:53.993,12.51872,12.52088,0.00,0.00
2017.03.23 13:10:54.297,12.51872,12.52072,0.00,0.00
2017.03.23 13:10:54.347,12.51792,12.52061,0.00,0.00
2017.03.23 13:10:54.492,12.51792,12.52022,0.00,0.00
2017.03.23 13:10:54.593,12.51792,12.52061,0.00,0.00
2017.03.23 13:10:54.648,12.51792,12.52041,0.00,0.00
2017.03.23 13:10:54.851,12.51791,12.52051,0.00,0.00
2017.03.23 13:10:55.192,12.51791,12.52062,0.00,0.00
2017.03.23 13:10:55.242,12.51778,12.51989,0.00,0.00
2017.03.23 13:10:55.293,12.51738,12.51989,0.00,0.00
2017.03.23 13:10:55.395,12.51711,12.51989,0.00,0.00
2017.03.23 13:10:55.451,12.51718,12.51989,0.00,0.00
2017.03.23 13:10:55.773,12.51749,12.51989,0.00,0.00
2017.03.23 13:10:55.975,12.51791,12.52042,0.00,0.00
2017.03.23 13:10:56.076,12.51791,12.52062,0.00,0.00
2017.03.23 13:10:56.197,12.51791,12.52072,0.00,0.00
2017.03.23 13:10:56.253,12.51791,12.52051,0.00,0.00
2017.03.23 13:10:56.714,12.51791,12.52032,0.00,0.00
2017.03.23 13:10:56.816,12.51771,12.52032,0.00,0.00
2017.03.23 13:10:56.867,12.51771,12.52012,0.00,0.00
2017.03.23 13:10:57.041,12.51719,12.51988,0.00,0.00
2017.03.23 13:10:57.092,12.51708,12.51988,0.00,0.00
2017.03.23 13:10:57.203,12.51702,12.51981,0.00,0.00
2017.03.23 13:10:57.539,12.51702,12.51972,0.00,0.00
2017.03.23 13:10:57.858,12.51702,12.51982,0.00,0.00
2017.03.23 13:10:58.560,12.51702,12.51972,0.00,0.00
2017.03.23 13:10:59.083,12.51702,12.51971,0.00,0.00
2017.03.23 13:10:59.162,12.51709,12.51988,0.00,0.00
2017.03.23 13:10:59.286,12.51702,12.51972,0.00,0.00
2017.03.23 13:10:59.589,12.51702,12.51982,0.00,0.00
2017.03.23 13:10:59.965,12.51718,12.51988,0.00,0.00
2017.03.23 13:11:00.333,12.51732,12.51982,0.00,0.00
2017.03.23 13:11:00.493,12.51678,12.51951,0.00,0.00
2017.03.23 13:11:00.544,12.51721,12.51951,0.00,0.00
2017.03.23 13:11:00.867,12.51721,12.51981,0.00,0.00
2017.03.23 13:11:01.004,12.51721,12.51962,0.00,0.00
2017.03.23 13:11:01.271,12.51721,12.51982,0.00,0.00
2017.03.23 13:11:01.407,12.51721,12.51951,0.00,0.00
2017.03.23 13:11:01.471,12.51721,12.51982,0.00,0.00
2017.03.23 13:11:01.601,12.51721,12.51961,0.00,0.00
2017.03.23 13:11:02.101,12.51721,12.51941,0.00,0.00
2017.03.23 13:11:02.173,12.51721,12.51982,0.00,0.00
2017.03.23 13:11:02.397,12.51721,12.51962,0.00,0.00
2017.03.23 13:11:02.598,12.51721,12.51981,0.00,0.00
2017.03.23 13:11:02.716,12.51821,12.51952,0.00,0.00
2017.03.23 13:11:02.816,12.51821,12.52051,0.00,0.00
2017.03.23 13:11:02.923,12.51821,12.52062,0.00,0.00
2017.03.23 13:11:03.026,12.51821,12.52072,0.00,0.00
2017.03.23 13:11:03.078,12.51821,12.52082,0.00,0.00
2017.03.23 13:11:03.181,12.51821,12.52092,0.00,0.00
2017.03.23 13:11:03.231,12.51831,12.52092,0.00,0.00
2017.03.23 13:11:03.653,12.51911,12.52151,0.00,0.00
2017.03.23 13:11:03.983,12.51921,12.52171,0.00,0.00
2017.03.23 13:11:04.084,12.51889,12.52101,0.00,0.00
2017.03.23 13:11:04.134,12.51871,12.52101,0.00,0.00
2017.03.23 13:11:04.185,12.51871,12.52142,0.00,0.00
2017.03.23 13:11:04.236,12.51888,12.52151,0.00,0.00
2017.03.23 13:11:04.487,12.51831,12.52101,0.00,0.00
2017.03.23 13:11:04.609,12.51831,12.52061,0.00,0.00
2017.03.23 13:11:05.038,12.51831,12.52062,0.00,0.00
2017.03.23 13:11:06.305,12.51831,12.52051,0.00,0.00
2017.03.23 13:11:06.494,12.51831,12.52072,0.00,0.00
2017.03.23 13:11:06.594,12.51831,12.52052,0.00,0.00
2017.03.23 13:11:06.995,12.51831,12.52072,0.00,0.00
2017.03.23 13:11:07.096,12.51831,12.52092,0.00,0.00
2017.03.23 13:11:07.296,12.51831,12.52072,0.00,0.00
2017.03.23 13:11:07.496,12.51831,12.52091,0.00,0.00
2017.03.23 13:11:07.820,12.51831,12.52052,0.00,0.00
2017.03.23 13:11:08.264,12.51831,12.52071,0.00,0.00
2017.03.23 13:11:08.314,12.51831,12.51992,0.00,0.00
2017.03.23 13:11:08.415,12.51831,12.52051,0.00,0.00
2017.03.23 13:11:08.723,12.51831,12.52032,0.00,0.00
2017.03.23 13:11:09.055,12.51821,12.52032,0.00,0.00
2017.03.23 13:11:09.106,12.51771,12.51991,0.00,0.00
2017.03.23 13:11:09.156,12.51821,12.51991,0.00,0.00
2017.03.23 13:11:09.257,12.51782,12.51991,0.00,0.00
2017.03.23 13:11:09.538,12.51731,12.51942,0.00,0.00
2017.03.23 13:11:09.950,12.51771,12.51962,0.00,0.00
2017.03.23 13:11:10.005,12.51771,12.51992,0.00,0.00
2017.03.23 13:11:10.157,12.51771,12.52011,0.00,0.00
2017.03.23 13:11:10.207,12.51822,12.51971,0.00,0.00
2017.03.23 13:11:10.308,12.51822,12.52041,0.00,0.00
2017.03.23 13:11:11.280,12.51921,12.52082,0.00,0.00
2017.03.23 13:11:11.331,12.51921,12.52142,0.00,0.00
2017.03.23 13:11:11.717,12.51921,12.52131,0.00,0.00
2017.03.23 13:11:12.051,12.51921,12.52121,0.00,0.00
2017.03.23 13:11:12.247,12.51921,12.52132,0.00,0.00
2017.03.23 13:11:12.355,12.51872,12.52091,0.00,0.00
2017.03.23 13:11:12.460,12.51888,12.52041,0.00,0.00
2017.03.23 13:11:12.724,12.51921,12.52142,0.00,0.00
2017.03.23 13:11:12.779,12.51921,12.52171,0.00,0.00
2017.03.23 13:11:12.830,12.51921,12.52161,0.00,0.00
2017.03.23 13:11:12.944,12.51921,12.52171,0.00,0.00
2017.03.23 13:11:13.115,12.51921,12.52161,0.00,0.00
2017.03.23 13:11:13.216,12.51921,12.52182,0.00,0.00
2017.03.23 13:11:13.639,12.51921,12.52161,0.00,0.00
2017.03.23 13:11:14.242,12.51921,12.52172,0.00,0.00
2017.03.23 13:11:14.363,12.51921,12.52162,0.00,0.00
2017.03.23 13:11:14.418,12.51921,12.52182,0.00,0.00
2017.03.23 13:11:14.667,12.51921,12.52151,0.00,0.00
2017.03.23 13:11:14.949,12.51921,12.52182,0.00,0.00
2017.03.23 13:11:15.049,12.51921,12.52112,0.00,0.00
2017.03.23 13:11:15.119,12.51921,12.52151,0.00,0.00
2017.03.23 13:11:15.353,12.51921,12.52192,0.00,0.00
2017.03.23 13:11:15.520,12.51921,12.52161,0.00,0.00
2017.03.23 13:11:15.845,12.51921,12.52191,0.00,0.00
2017.03.23 13:11:15.953,12.51921,12.52171,0.00,0.00
2017.03.23 13:11:16.292,12.51921,12.52141,0.00,0.00
2017.03.23 13:11:16.622,12.51921,12.52131,0.00,0.00
2017.03.23 13:11:17.744,12.51921,12.52112,0.00,0.00
2017.03.23 13:11:17.845,12.51921,12.52172,0.00,0.00
2017.03.23 13:11:17.949,12.52012,12.52201,0.00,0.00
2017.03.23 13:11:18.050,12.52012,12.52221,0.00,0.00
2017.03.23 13:11:18.400,12.52012,12.52191,0.00,0.00
2017.03.23 13:11:18.451,12.52002,12.52241,0.00,0.00
2017.03.23 13:11:18.552,12.52002,12.52221,0.00,0.00
2017.03.23 13:11:18.838,12.52002,12.52231,0.00,0.00
2017.03.23 13:11:18.997,12.52012,12.52231,0.00,0.00
2017.03.23 13:11:19.148,12.52012,12.52281,0.00,0.00
2017.03.23 13:11:19.227,12.52012,12.52232,0.00,0.00
2017.03.23 13:11:19.542,12.52012,12.52221,0.00,0.00
2017.03.23 13:11:19.670,12.52012,12.52281,0.00,0.00
2017.03.23 13:11:19.891,12.52012,12.52261,0.00,0.00
2017.03.23 13:11:20.218,12.52012,12.52252,0.00,0.00
2017.03.23 13:11:20.433,12.52012,12.52282,0.00,0.00
2017.03.23 13:11:20.631,12.52012,12.52252,0.00,0.00
2017.03.23 13:11:21.033,12.52012,12.52231,0.00,0.00
2017.03.23 13:11:21.269,12.52012,12.52252,0.00,0.00
2017.03.23 13:11:21.631,12.52012,12.52282,0.00,0.00
2017.03.23 13:11:21.758,12.52012,12.52252,0.00,0.00
2017.03.23 13:11:21.936,12.52012,12.52271,0.00,0.00
2017.03.23 13:11:22.332,12.52012,12.52251,0.00,0.00
2017.03.23 13:11:22.653,12.52028,12.52261,0.00,0.00
2017.03.23 13:11:22.703,12.52021,12.52261,0.00,0.00
2017.03.23 13:11:22.754,12.52021,12.52272,0.00,0.00
2017.03.23 13:11:22.933,12.52021,12.52261,0.00,0.00
2017.03.23 13:11:23.292,12.52021,12.52242,0.00,0.00
2017.03.23 13:11:23.853,12.52021,12.52262,0.00,0.00
2017.03.23 13:11:23.934,12.52021,12.52281,0.00,0.00
2017.03.23 13:11:24.461,12.52021,12.52262,0.00,0.00
2017.03.23 13:11:24.872,12.52021,12.52241,0.00,0.00
2017.03.23 13:11:24.986,12.52021,12.52251,0.00,0.00
2017.03.23 13:11:25.036,12.52021,12.52212,0.00,0.00
2017.03.23 13:11:26.056,12.52021,12.52271,0.00,0.00
2017.03.23 13:11:26.260,12.52021,12.52242,0.00,0.00
2017.03.23 13:11:26.541,12.52012,12.52251,0.00,0.00
2017.03.23 13:11:26.641,12.52012,12.52202,0.00,0.00
2017.03.23 13:11:26.840,12.52012,12.52261,0.00,0.00
2017.03.23 13:11:26.950,12.52012,12.52232,0.00,0.00
2017.03.23 13:11:27.001,12.51972,12.52208,0.00,0.00
2017.03.23 13:11:27.157,12.51972,12.52172,0.00,0.00
2017.03.23 13:11:27.257,12.51972,12.52199,0.00,0.00
2017.03.23 13:11:27.389,12.51972,12.52172,0.00,0.00
2017.03.23 13:11:27.553,12.51972,12.52199,0.00,0.00
2017.03.23 13:11:27.604,12.51972,12.52192,0.00,0.00
2017.03.23 13:11:27.767,12.51972,12.52199,0.00,0.00
2017.03.23 13:11:27.842,12.51972,12.52172,0.00,0.00
2017.03.23 13:11:27.950,12.51921,12.52172,0.00,0.00
2017.03.23 13:11:28.201,12.52002,12.52172,0.00,0.00
2017.03.23 13:11:28.252,12.52002,12.52201,0.00,0.00
2017.03.23 13:11:28.353,12.52011,12.52261,0.00,0.00
2017.03.23 13:11:28.490,12.52011,12.52282,0.00,0.00
2017.03.23 13:11:29.054,12.52011,12.52292,0.00,0.00
2017.03.23 13:11:29.281,12.52011,12.52252,0.00,0.00
2017.03.23 13:11:29.581,12.52011,12.52261,0.00,0.00
2017.03.23 13:11:29.645,12.52011,12.52242,0.00,0.00
2017.03.23 13:11:30.847,12.52011,12.52212,0.00,0.00
2017.03.23 13:11:31.882,12.51971,12.52212,0.00,0.00
2017.03.23 13:11:31.983,12.51971,12.52201,0.00,0.00
2017.03.23 13:11:32.263,12.51971,12.52222,0.00,0.00
2017.03.23 13:11:32.364,12.51971,12.52201,0.00,0.00
2017.03.23 13:11:32.667,12.52011,12.52222,0.00,0.00
2017.03.23 13:11:32.750,12.52011,12.52282,0.00,0.00
2017.03.23 13:11:32.998,12.52011,12.52271,0.00,0.00
2017.03.23 13:11:33.251,12.52011,12.52282,0.00,0.00
2017.03.23 13:11:33.352,12.52011,12.52201,0.00,0.00
2017.03.23 13:11:33.710,12.52011,12.52282,0.00,0.00
2017.03.23 13:11:33.867,12.52011,12.52211,0.00,0.00
2017.03.23 13:11:34.227,12.52048,12.52242,0.00,0.00
2017.03.23 13:11:34.278,12.52048,12.52271,0.00,0.00
2017.03.23 13:11:34.686,12.52048,12.52299,0.00,0.00
2017.03.23 13:11:34.755,12.52048,12.52262,0.00,0.00
2017.03.23 13:11:35.169,12.52048,12.52281,0.00,0.00
2017.03.23 13:11:35.504,12.52048,12.52308,0.00,0.00
2017.03.23 13:11:35.555,12.52048,12.52292,0.00,0.00
2017.03.23 13:11:36.004,12.52048,12.52261,0.00,0.00
2017.03.23 13:11:36.157,12.52048,12.52272,0.00,0.00
2017.03.23 13:11:36.257,12.52048,12.52252,0.00,0.00
2017.03.23 13:11:36.613,12.52048,12.52241,0.00,0.00
2017.03.23 13:11:37.159,12.52048,12.52261,0.00,0.00
2017.03.23 13:11:37.395,12.52048,12.52281,0.00,0.00
2017.03.23 13:11:37.498,12.52048,12.52292,0.00,0.00
2017.03.23 13:11:38.161,12.52048,12.52271,0.00,0.00
2017.03.23 13:11:38.363,12.52048,12.52282,0.00,0.00
2017.03.23 13:11:38.801,12.52048,12.52272,0.00,0.00
2017.03.23 13:11:38.861,12.52048,12.52282,0.00,0.00
2017.03.23 13:11:39.093,12.52048,12.52302,0.00,0.00
2017.03.23 13:11:39.395,12.52048,12.52292,0.00,0.00
2017.03.23 13:11:39.702,12.52048,12.52282,0.00,0.00
2017.03.23 13:11:39.763,12.52048,12.52302,0.00,0.00
2017.03.23 13:11:39.863,12.52048,12.52272,0.00,0.00
2017.03.23 13:11:40.664,12.52102,12.52272,0.00,0.00
2017.03.23 13:11:40.714,12.52102,12.52281,0.00,0.00
2017.03.23 13:11:40.765,12.52149,12.52281,0.00,0.00
2017.03.23 13:11:40.816,12.52149,12.52361,0.00,0.00
2017.03.23 13:11:41.005,12.52149,12.52351,0.00,0.00
2017.03.23 13:11:41.353,12.52149,12.52312,0.00,0.00
2017.03.23 13:11:41.479,12.52149,12.52332,0.00,0.00
2017.03.23 13:11:41.585,12.52149,12.52342,0.00,0.00
2017.03.23 13:11:41.810,12.52149,12.52331,0.00,0.00
2017.03.23 13:11:41.867,12.52149,12.52382,0.00,0.00
2017.03.23 13:11:42.214,12.52149,12.52362,0.00,0.00
2017.03.23 13:11:42.544,12.52102,12.52362,0.00,0.00
2017.03.23 13:11:42.594,12.52099,12.52349,0.00,0.00
2017.03.23 13:11:42.915,12.52098,12.52291,0.00,0.00
2017.03.23 13:11:43.264,12.52148,12.52322,0.00,0.00
2017.03.23 13:11:43.315,12.52148,12.52372,0.00,0.00
2017.03.23 13:11:43.598,12.52148,12.52311,0.00,0.00
2017.03.23 13:11:43.709,12.52148,12.52371,0.00,0.00
2017.03.23 13:11:43.820,12.52148,12.52362,0.00,0.00
2017.03.23 13:11:43.871,12.52148,12.52381,0.00,0.00
2017.03.23 13:11:44.075,12.52149,12.52372,0.00,0.00
2017.03.23 13:11:44.654,12.52149,12.52371,0.00,0.00
2017.03.23 13:11:45.316,12.52149,12.52352,0.00,0.00
2017.03.23 13:11:45.590,12.52149,12.52371,0.00,0.00
2017.03.23 13:11:46.074,12.52149,12.52352,0.00,0.00
2017.03.23 13:11:46.452,12.52248,12.52352,0.00,0.00
2017.03.23 13:11:46.503,12.52248,12.52371,0.00,0.00
2017.03.23 13:11:46.719,12.52248,12.52462,0.00,0.00
2017.03.23 13:11:46.777,12.52248,12.52422,0.00,0.00
2017.03.23 13:11:46.881,12.52248,12.52452,0.00,0.00
2017.03.23 13:11:46.997,12.52248,12.52462,0.00,0.00
2017.03.23 13:11:47.098,12.52248,12.52492,0.00,0.00
2017.03.23 13:11:47.423,12.52248,12.52472,0.00,0.00
2017.03.23 13:11:47.795,12.52248,12.52392,0.00,0.00
2017.03.23 13:11:47.897,12.52248,12.52491,0.00,0.00
2017.03.23 13:11:48.014,12.52248,12.52471,0.00,0.00
2017.03.23 13:11:48.392,12.52248,12.52452,0.00,0.00
2017.03.23 13:11:48.484,12.52248,12.52499,0.00,0.00
2017.03.23 13:11:48.684,12.52248,12.52491,0.00,0.00
2017.03.23 13:11:48.988,12.52248,12.52481,0.00,0.00
2017.03.23 13:11:49.325,12.52299,12.52522,0.00,0.00
2017.03.23 13:11:49.627,12.52302,12.52562,0.00,0.00
2017.03.23 13:11:49.678,12.52298,12.52549,0.00,0.00
2017.03.23 13:11:50.012,12.52261,12.52512,0.00,0.00
2017.03.23 13:11:50.341,12.52301,12.52522,0.00,0.00
2017.03.23 13:11:50.626,12.52301,12.52572,0.00,0.00
2017.03.23 13:11:50.727,12.52301,12.52521,0.00,0.00
2017.03.23 13:11:50.989,12.52301,12.52571,0.00,0.00
2017.03.23 13:11:51.140,12.52301,12.52531,0.00,0.00
2017.03.23 13:11:51.441,12.52301,12.52511,0.00,0.00
2017.03.23 13:11:51.491,12.52301,12.52532,0.00,0.00
2017.03.23 13:11:51.608,12.52301,12.52562,0.00,0.00
2017.03.23 13:11:52.037,12.52301,12.52572,0.00,0.00
2017.03.23 13:11:52.291,12.52301,12.52512,0.00,0.00
2017.03.23 13:11:52.592,12.52301,12.52552,0.00,0.00
2017.03.23 13:11:53.011,12.52301,12.52492,0.00,0.00
2017.03.23 13:11:53.225,12.52301,12.52542,0.00,0.00
2017.03.23 13:11:53.295,12.52301,12.52492,0.00,0.00
2017.03.23 13:11:53.395,12.52301,12.52552,0.00,0.00
2017.03.23 13:11:53.506,12.52301,12.52532,0.00,0.00
2017.03.23 13:11:53.711,12.52301,12.52582,0.00,0.00
2017.03.23 13:11:53.925,12.52301,12.52571,0.00,0.00
2017.03.23 13:11:55.212,12.52301,12.52582,0.00,0.00
2017.03.23 13:11:55.317,12.52301,12.52502,0.00,0.00
2017.03.23 13:11:55.500,12.52301,12.52522,0.00,0.00
2017.03.23 13:11:55.732,12.52301,12.52542,0.00,0.00
2017.03.23 13:11:55.820,12.52301,12.52581,0.00,0.00
2017.03.23 13:11:55.901,12.52301,12.52502,0.00,0.00
2017.03.23 13:11:56.504,12.52301,12.52581,0.00,0.00
2017.03.23 13:11:56.909,12.52301,12.52562,0.00,0.00
2017.03.23 13:11:57.205,12.52301,12.52582,0.00,0.00
2017.03.23 13:11:57.406,12.52301,12.52502,0.00,0.00
2017.03.23 13:11:57.609,12.52301,12.52581,0.00,0.00
2017.03.23 13:11:57.817,12.52301,12.52542,0.00,0.00
2017.03.23 13:11:57.932,12.52301,12.52571,0.00,0.00
2017.03.23 13:11:58.152,12.52301,12.52542,0.00,0.00
2017.03.23 13:11:58.283,12.52301,12.52572,0.00,0.00
2017.03.23 13:11:58.334,12.52301,12.52532,0.00,0.00
2017.03.23 13:11:58.453,12.52301,12.52552,0.00,0.00
2017.03.23 13:11:58.556,12.52301,12.52582,0.00,0.00
2017.03.23 13:11:58.610,12.52301,12.52572,0.00,0.00
2017.03.23 13:11:58.940,12.52301,12.52551,0.00,0.00
2017.03.23 13:11:59.316,12.52301,12.52572,0.00,0.00
2017.03.23 13:11:59.431,12.52301,12.52552,0.00,0.00
2017.03.23 13:11:59.763,12.52261,12.52461,0.00,0.00
2017.03.23 13:11:59.814,12.52261,12.52471,0.00,0.00
2017.03.23 13:11:59.963,12.52261,12.52501,0.00,0.00
2017.03.23 13:12:00.106,12.52298,12.52479,0.00,0.00
2017.03.23 13:12:00.258,12.52299,12.52481,0.00,0.00
2017.03.23 13:12:00.358,12.52299,12.52502,0.00,0.00
2017.03.23 13:12:00.409,12.52272,12.52481,0.00,0.00
2017.03.23 13:12:00.460,12.52252,12.52478,0.00,0.00
2017.03.23 13:12:00.667,12.52252,12.52462,0.00,0.00
2017.03.23 13:12:00.718,12.52252,12.52482,0.00,0.00
2017.03.23 13:12:00.833,12.52252,12.52502,0.00,0.00
2017.03.23 13:12:00.949,12.52232,12.52482,0.00,0.00
2017.03.23 13:12:01.050,12.52198,12.52461,0.00,0.00
2017.03.23 13:12:01.259,12.52248,12.52461,0.00,0.00
2017.03.23 13:12:01.439,12.52282,12.52511,0.00,0.00
2017.03.23 13:12:01.490,12.52229,12.52469,0.00,0.00
2017.03.23 13:12:01.694,12.52199,12.52421,0.00,0.00
2017.03.23 13:12:01.745,12.52199,12.52451,0.00,0.00
2017.03.23 13:12:01.820,12.52199,12.52469,0.00,0.00
2017.03.23 13:12:01.928,12.52218,12.52481,0.00,0.00
2017.03.23 13:12:02.264,12.52199,12.52412,0.00,0.00
2017.03.23 13:12:02.365,12.52199,12.52442,0.00,0.00
2017.03.23 13:12:02.423,12.52218,12.52481,0.00,0.00
2017.03.23 13:12:02.666,12.52209,12.52481,0.00,0.00
2017.03.23 13:12:02.737,12.52199,12.52472,0.00,0.00
2017.03.23 13:12:02.910,12.52199,12.52412,0.00,0.00
2017.03.23 13:12:02.960,12.52108,12.52381,0.00,0.00
2017.03.23 13:12:03.162,12.52119,12.52381,0.00,0.00
2017.03.23 13:12:03.275,12.52099,12.52381,0.00,0.00
2017.03.23 13:12:03.326,12.52109,12.52381,0.00,0.00
2017.03.23 13:12:03.811,12.52099,12.52321,0.00,0.00
2017.03.23 13:12:03.955,12.52099,12.52342,0.00,0.00
2017.03.23 13:12:04.063,12.52138,12.52381,0.00,0.00
2017.03.23 13:12:04.166,12.52099,12.52362,0.00,0.00
2017.03.23 13:12:04.230,12.52099,12.52332,0.00,0.00
2017.03.23 13:12:04.530,12.52138,12.52381,0.00,0.00
2017.03.23 13:12:04.852,12.52099,12.52381,0.00,0.00
2017.03.23 13:12:04.995,12.52098,12.52309,0.00,0.00
2017.03.23 13:12:05.147,12.52052,12.52271,0.00,0.00
2017.03.23 13:12:05.234,12.52052,12.52281,0.00,0.00
2017.03.23 13:12:05.504,12.52052,12.52242,0.00,0.00
2017.03.23 13:12:05.554,12.52052,12.52281,0.00,0.00
2017.03.23 13:12:06.164,12.52028,12.52281,0.00,0.00
2017.03.23 13:12:06.215,12.52028,12.52191,0.00,0.00
2017.03.23 13:12:06.265,12.51989,12.52191,0.00,0.00
2017.03.23 13:12:06.316,12.52008,12.52271,0.00,0.00
2017.03.23 13:12:06.437,12.52008,12.52242,0.00,0.00
2017.03.23 13:12:06.580,12.52038,12.52292,0.00,0.00
2017.03.23 13:12:06.786,12.52049,12.52292,0.00,0.00
2017.03.23 13:12:06.894,12.52058,12.52309,0.00,0.00
2017.03.23 13:12:06.945,12.52059,12.52341,0.00,0.00
2017.03.23 13:12:06.996,12.52072,12.52341,0.00,0.00
2017.03.23 13:12:07.163,12.52119,12.52391,0.00,0.00
2017.03.23 13:12:07.441,12.52109,12.52391,0.00,0.00
2017.03.23 13:12:07.541,12.52109,12.52331,0.00,0.00
2017.03.23 13:12:08.042,12.52109,12.52342,0.00,0.00
2017.03.23 13:12:08.142,12.52109,12.52361,0.00,0.00
2017.03.23 13:12:08.543,12.52109,12.52342,0.00,0.00
2017.03.23 13:12:09.058,12.52108,12.52362,0.00,0.00
2017.03.23 13:12:09.159,12.52108,12.52392,0.00,0.00
2017.03.23 13:12:09.246,12.52108,12.52371,0.00,0.00
2017.03.23 13:12:09.471,12.52118,12.52392,0.00,0.00
2017.03.23 13:12:09.747,12.52108,12.52381,0.00,0.00
2017.03.23 13:12:10.060,12.52028,12.52291,0.00,0.00
2017.03.23 13:12:10.526,12.52009,12.52291,0.00,0.00
2017.03.23 13:12:10.577,12.52009,12.52282,0.00,0.00
2017.03.23 13:12:10.700,12.52009,12.52291,0.00,0.00
2017.03.23 13:12:10.801,12.52038,12.52291,0.00,0.00
2017.03.23 13:12:10.972,12.52028,12.52291,0.00,0.00
2017.03.23 13:12:11.153,12.52039,12.52291,0.00,0.00
2017.03.23 13:12:11.480,12.52049,12.52291,0.00,0.00
2017.03.23 13:12:11.704,12.52018,12.52291,0.00,0.00
2017.03.23 13:12:11.865,12.52009,12.52241,0.00,0.00
2017.03.23 13:12:11.956,12.52009,12.52281,0.00,0.00
2017.03.23 13:12:12.096,12.52009,12.52241,0.00,0.00
2017.03.23 13:12:12.157,12.52009,12.52261,0.00,0.00
2017.03.23 13:12:12.214,12.52009,12.52239,0.00,0.00
2017.03.23 13:12:12.264,12.51958,12.52192,0.00,0.00
2017.03.23 13:12:12.365,12.51928,12.52192,0.00,0.00
2017.03.23 13:12:12.466,12.51918,12.52192,0.00,0.00
2017.03.23 13:12:12.567,12.51929,12.52142,0.00,0.00
2017.03.23 13:12:12.668,12.51888,12.52142,0.00,0.00
2017.03.23 13:12:12.718,12.51908,12.52109,0.00,0.00
2017.03.23 13:12:12.870,12.51828,12.52092,0.00,0.00
2017.03.23 13:12:13.084,12.51858,12.52092,0.00,0.00
2017.03.23 13:12:13.401,12.51868,12.52092,0.00,0.00
2017.03.23 13:12:13.565,12.51839,12.52092,0.00,0.00
2017.03.23 13:12:14.085,12.51839,12.52081,0.00,0.00
2017.03.23 13:12:14.264,12.51828,12.52081,0.00,0.00
2017.03.23 13:12:14.387,12.51818,12.52081,0.00,0.00
2017.03.23 13:12:14.665,12.51848,12.52081,0.00,0.00
2017.03.23 13:12:14.771,12.51869,12.52131,0.00,0.00
2017.03.23 13:12:14.871,12.51928,12.52182,0.00,0.00
2017.03.23 13:12:15.335,12.51939,12.52182,0.00,0.00
2017.03.23 13:12:15.386,12.51909,12.52182,0.00,0.00
2017.03.23 13:12:16.069,12.51929,12.52182,0.00,0.00
2017.03.23 13:12:16.877,12.51938,12.52182,0.00,0.00
2017.03.23 13:12:17.121,12.51929,12.52182,0.00,0.00
2017.03.23 13:12:17.252,12.51908,12.52182,0.00,0.00
2017.03.23 13:12:17.303,12.51919,12.52182,0.00,0.00
2017.03.23 13:12:17.781,12.51958,12.52182,0.00,0.00
2017.03.23 13:12:18.096,12.51918,12.52182,0.00,0.00
2017.03.23 13:12:18.173,12.51908,12.52182,0.00,0.00
2017.03.23 13:12:18.393,12.51908,12.52172,0.00,0.00
2017.03.23 13:12:18.674,12.51858,12.52132,0.00,0.00
2017.03.23 13:12:18.781,12.51908,12.52151,0.00,0.00
2017.03.23 13:12:18.883,12.51919,12.52169,0.00,0.00
2017.03.23 13:12:18.983,12.51908,12.52169,0.00,0.00
2017.03.23 13:12:19.034,12.51908,12.52132,0.00,0.00
2017.03.23 13:12:19.084,12.51858,12.52131,0.00,0.00
2017.03.23 13:12:19.278,12.51878,12.52132,0.00,0.00
2017.03.23 13:12:19.590,12.51818,12.52081,0.00,0.00
2017.03.23 13:12:19.878,12.51828,12.52081,0.00,0.00
2017.03.23 13:12:19.979,12.51819,12.52081,0.00,0.00
2017.03.23 13:12:20.082,12.51848,12.52081,0.00,0.00
2017.03.23 13:12:20.485,12.51818,12.52081,0.00,0.00
2017.03.23 13:12:20.593,12.51858,12.52081,0.00,0.00
2017.03.23 13:12:20.925,12.51828,12.52081,0.00,0.00
2017.03.23 13:12:21.186,12.51848,12.52081,0.00,0.00
2017.03.23 13:12:22.011,12.51871,12.52132,0.00,0.00
2017.03.23 13:12:22.112,12.51908,12.52151,0.00,0.00
2017.03.23 13:12:22.435,12.51908,12.52169,0.00,0.00
2017.03.23 13:12:22.595,12.51898,12.52132,0.00,0.00
2017.03.23 13:12:22.646,12.51858,12.52132,0.00,0.00
2017.03.23 13:12:22.811,12.51849,12.52082,0.00,0.00
2017.03.23 13:12:22.962,12.51888,12.52132,0.00,0.00
2017.03.23 13:12:23.013,12.51858,12.52131,0.00,0.00
2017.03.23 13:12:23.125,12.51878,12.52132,0.00,0.00
2017.03.23 13:12:23.630,12.51889,12.52132,0.00,0.00
2017.03.23 13:12:23.840,12.51838,12.52082,0.00,0.00
2017.03.23 13:12:23.944,12.51829,12.52082,0.00,0.00
2017.03.23 13:12:24.000,12.51819,12.52082,0.00,0.00
2017.03.23 13:12:24.201,12.51839,12.52082,0.00,0.00
2017.03.23 13:12:24.746,12.51818,12.52082,0.00,0.00
2017.03.23 13:12:24.849,12.51829,12.52082,0.00,0.00
2017.03.23 13:12:25.153,12.51848,12.52082,0.00,0.00
2017.03.23 13:12:25.314,12.51829,12.52082,0.00,0.00
2017.03.23 13:12:25.415,12.51849,12.52082,0.00,0.00
2017.03.23 13:12:25.620,12.51859,12.52112,0.00,0.00
2017.03.23 13:12:25.671,12.51871,12.52112,0.00,0.00
2017.03.23 13:12:26.125,12.51949,12.52182,0.00,0.00
2017.03.23 13:12:26.208,12.51939,12.52182,0.00,0.00
2017.03.23 13:12:26.627,12.51919,12.52182,0.00,0.00
2017.03.23 13:12:27.235,12.51929,12.52182,0.00,0.00
2017.03.23 13:12:28.629,12.51918,12.52182,0.00,0.00
2017.03.23 13:12:30.042,12.51928,12.52182,0.00,0.00
2017.03.23 13:12:30.454,12.51948,12.52182,0.00,0.00
2017.03.23 13:12:30.570,12.51928,12.52182,0.00,0.00
2017.03.23 13:12:30.621,12.51909,12.52182,0.00,0.00
2017.03.23 13:12:30.769,12.51948,12.52182,0.00,0.00
2017.03.23 13:12:31.356,12.51938,12.52182,0.00,0.00
2017.03.23 13:12:31.654,12.51919,12.52182,0.00,0.00
2017.03.23 13:12:31.769,12.51908,12.52181,0.00,0.00
2017.03.23 13:12:31.827,12.51919,12.52182,0.00,0.00
2017.03.23 13:12:31.928,12.51908,12.52182,0.00,0.00
2017.03.23 13:12:32.043,12.51908,12.52172,0.00,0.00
2017.03.23 13:12:32.151,12.51908,12.52182,0.00,0.00
2017.03.23 13:12:32.362,12.51908,12.52171,0.00,0.00
2017.03.23 13:12:32.429,12.51908,12.52182,0.00,0.00
2017.03.23 13:12:32.553,12.51908,12.52172,0.00,0.00
2017.03.23 13:12:33.078,12.51938,12.52182,0.00,0.00
2017.03.23 13:12:33.133,12.51929,12.52182,0.00,0.00
2017.03.23 13:12:33.333,12.51908,12.52182,0.00,0.00
2017.03.23 13:12:33.444,12.51908,12.52172,0.00,0.00
2017.03.23 13:12:33.749,12.51918,12.52182,0.00,0.00
2017.03.23 13:12:33.858,12.51908,12.52181,0.00,0.00
2017.03.23 13:12:34.036,12.51919,12.52182,0.00,0.00
2017.03.23 13:12:34.467,12.51939,12.52182,0.00,0.00
2017.03.23 13:12:34.568,12.51918,12.52182,0.00,0.00
2017.03.23 13:12:34.637,12.51929,12.52182,0.00,0.00
2017.03.23 13:12:34.747,12.51919,12.52182,0.00,0.00
2017.03.23 13:12:34.863,12.51939,12.52182,0.00,0.00
2017.03.23 13:12:34.982,12.51908,12.52181,0.00,0.00
2017.03.23 13:12:36.514,12.51899,12.52081,0.00,0.00
2017.03.23 13:12:36.746,12.51851,12.52081,0.00,0.00
2017.03.23 13:12:36.989,12.51851,12.52091,0.00,0.00
2017.03.23 13:12:37.382,12.51819,12.52091,0.00,0.00
2017.03.23 13:12:37.446,12.51819,12.52082,0.00,0.00
2017.03.23 13:12:37.784,12.51819,12.52051,0.00,0.00
2017.03.23 13:12:37.948,12.51819,12.52062,0.00,0.00
2017.03.23 13:12:38.048,12.51819,12.52052,0.00,0.00
2017.03.23 13:12:38.436,12.51769,12.52041,0.00,0.00
2017.03.23 13:12:38.487,12.51839,12.52041,0.00,0.00
2017.03.23 13:12:38.595,12.51769,12.52041,0.00,0.00
2017.03.23 13:12:38.650,12.51769,12.52022,0.00,0.00
2017.03.23 13:12:38.766,12.51769,12.52041,0.00,0.00
2017.03.23 13:12:38.983,12.51791,12.52041,0.00,0.00
2017.03.23 13:12:39.184,12.51819,12.52091,0.00,0.00
2017.03.23 13:12:39.595,12.51819,12.52071,0.00,0.00
2017.03.23 13:12:39.929,12.51819,12.52062,0.00,0.00
2017.03.23 13:12:40.030,12.51778,12.52041,0.00,0.00
2017.03.23 13:12:40.081,12.51828,12.52041,0.00,0.00
2017.03.23 13:12:40.182,12.51771,12.51992,0.00,0.00
2017.03.23 13:12:40.373,12.51729,12.51992,0.00,0.00
2017.03.23 13:12:40.476,12.51758,12.51992,0.00,0.00
2017.03.23 13:12:40.579,12.51718,12.51992,0.00,0.00
2017.03.23 13:12:41.359,12.51728,12.51992,0.00,0.00
2017.03.23 13:12:41.709,12.51738,12.51941,0.00,0.00
2017.03.23 13:12:41.760,12.51738,12.51991,0.00,0.00
2017.03.23 13:12:41.810,12.51748,12.51991,0.00,0.00
2017.03.23 13:12:41.861,12.51719,12.51991,0.00,0.00
2017.03.23 13:12:42.188,12.51731,12.51991,0.00,0.00
2017.03.23 13:12:42.498,12.51749,12.51991,0.00,0.00
2017.03.23 13:12:42.599,12.51731,12.51991,0.00,0.00
2017.03.23 13:12:42.661,12.51738,12.51991,0.00,0.00
2017.03.23 13:12:42.974,12.51731,12.51991,0.00,0.00
2017.03.23 13:12:43.100,12.51738,12.51991,0.00,0.00
2017.03.23 13:12:43.297,12.51731,12.51991,0.00,0.00
2017.03.23 13:12:44.274,12.51738,12.51991,0.00,0.00
2017.03.23 13:12:44.718,12.51749,12.51991,0.00,0.00
2017.03.23 13:12:44.884,12.51738,12.51991,0.00,0.00
2017.03.23 13:12:44.965,12.51731,12.51991,0.00,0.00
2017.03.23 13:12:45.084,12.51738,12.51991,0.00,0.00
2017.03.23 13:12:45.193,12.51731,12.51991,0.00,0.00
2017.03.23 13:12:45.382,12.51739,12.51991,0.00,0.00
2017.03.23 13:12:45.694,12.51731,12.51991,0.00,0.00
2017.03.23 13:12:45.795,12.51759,12.51991,0.00,0.00
2017.03.23 13:12:46.096,12.51731,12.51991,0.00,0.00
2017.03.23 13:12:47.698,12.51738,12.51991,0.00,0.00
2017.03.23 13:12:47.973,12.51731,12.51991,0.00,0.00
2017.03.23 13:12:48.076,12.51748,12.51991,0.00,0.00
2017.03.23 13:12:48.189,12.51731,12.51991,0.00,0.00
2017.03.23 13:12:48.293,12.51769,12.51991,0.00,0.00
2017.03.23 13:12:48.403,12.51738,12.51991,0.00,0.00
2017.03.23 13:12:48.509,12.51731,12.51991,0.00,0.00
2017.03.23 13:12:48.611,12.51759,12.51991,0.00,0.00
2017.03.23 13:12:49.002,12.51768,12.51991,0.00,0.00
2017.03.23 13:12:49.105,12.51759,12.51991,0.00,0.00
2017.03.23 13:12:49.177,12.51731,12.51991,0.00,0.00
2017.03.23 13:12:49.578,12.51738,12.51991,0.00,0.00
2017.03.23 13:12:50.187,12.51731,12.51991,0.00,0.00
2017.03.23 13:12:50.781,12.51738,12.51991,0.00,0.00
2017.03.23 13:12:51.190,12.51748,12.51991,0.00,0.00
2017.03.23 13:12:51.297,12.51731,12.51991,0.00,0.00
2017.03.23 13:12:52.486,12.51748,12.51991,0.00,0.00
2017.03.23 13:12:52.713,12.51731,12.51991,0.00,0.00
2017.03.23 13:12:52.887,12.51748,12.51991,0.00,0.00
2017.03.23 13:12:53.114,12.51719,12.51991,0.00,0.00
2017.03.23 13:12:53.689,12.51738,12.51991,0.00,0.00
2017.03.23 13:12:53.790,12.51719,12.51991,0.00,0.00
2017.03.23 13:12:53.890,12.51728,12.51991,0.00,0.00
2017.03.23 13:12:53.990,12.51719,12.51991,0.00,0.00
2017.03.23 13:12:54.104,12.51719,12.51982,0.00,0.00
2017.03.23 13:12:54.217,12.51719,12.51991,0.00,0.00
2017.03.23 13:12:54.318,12.51718,12.51942,0.00,0.00
2017.03.23 13:12:54.419,12.51698,12.51941,0.00,0.00
2017.03.23 13:12:54.520,12.51691,12.51941,0.00,0.00
2017.03.23 13:12:54.570,12.51719,12.51952,0.00,0.00
2017.03.23 13:12:54.733,12.51728,12.51991,0.00,0.00
2017.03.23 13:12:54.893,12.51719,12.51991,0.00,0.00
2017.03.23 13:12:55.121,12.51719,12.51982,0.00,0.00
2017.03.23 13:12:55.704,12.51698,12.51941,0.00,0.00
2017.03.23 13:12:55.905,12.51629,12.51891,0.00,0.00
2017.03.23 13:12:56.096,12.51658,12.51891,0.00,0.00
2017.03.23 13:12:56.197,12.51629,12.51891,0.00,0.00
2017.03.23 13:12:56.314,12.51639,12.51891,0.00,0.00
2017.03.23 13:12:56.397,12.51628,12.51891,0.00,0.00
2017.03.23 13:12:56.603,12.51639,12.51891,0.00,0.00
2017.03.23 13:12:56.698,12.51619,12.51891,0.00,0.00
2017.03.23 13:12:57.123,12.51638,12.51891,0.00,0.00
2017.03.23 13:12:57.445,12.51668,12.51891,0.00,0.00
2017.03.23 13:12:57.500,12.51628,12.51891,0.00,0.00
2017.03.23 13:12:57.551,12.51628,12.51902,0.00,0.00
2017.03.23 13:12:58.014,12.51669,12.51902,0.00,0.00
2017.03.23 13:12:58.102,12.51628,12.51902,0.00,0.00
2017.03.23 13:12:58.658,12.51648,12.51902,0.00,0.00
2017.03.23 13:12:58.709,12.51631,12.51901,0.00,0.00
2017.03.23 13:12:58.804,12.51649,12.51902,0.00,0.00
2017.03.23 13:12:59.305,12.51639,12.51902,0.00,0.00
2017.03.23 13:12:59.507,12.51631,12.51902,0.00,0.00
2017.03.23 13:12:59.693,12.51621,12.51802,0.00,0.00
2017.03.23 13:12:59.809,12.51649,12.51902,0.00,0.00
2017.03.23 13:12:59.910,12.51628,12.51892,0.00,0.00
2017.03.23 13:13:00.029,12.51659,12.51902,0.00,0.00
2017.03.23 13:13:00.130,12.51649,12.51902,0.00,0.00
2017.03.23 13:13:00.235,12.51641,12.51892,0.00,0.00
2017.03.23 13:13:00.433,12.51649,12.51902,0.00,0.00
2017.03.23 13:13:00.708,12.51641,12.51902,0.00,0.00
2017.03.23 13:13:01.226,12.51648,12.51902,0.00,0.00
2017.03.23 13:13:02.019,12.51658,12.51902,0.00,0.00
2017.03.23 13:13:02.112,12.51641,12.51902,0.00,0.00
2017.03.23 13:13:02.613,12.51648,12.51902,0.00,0.00
2017.03.23 13:13:02.858,12.51641,12.51902,0.00,0.00
2017.03.23 13:13:03.114,12.51658,12.51902,0.00,0.00
2017.03.23 13:13:03.363,12.51641,12.51902,0.00,0.00
2017.03.23 13:13:03.615,12.51658,12.51902,0.00,0.00
2017.03.23 13:13:03.942,12.51678,12.51931,0.00,0.00
2017.03.23 13:13:03.992,12.51741,12.51931,0.00,0.00
2017.03.23 13:13:04.180,12.51741,12.52002,0.00,0.00
2017.03.23 13:13:04.318,12.51741,12.51982,0.00,0.00
2017.03.23 13:13:04.462,12.51741,12.52002,0.00,0.00
2017.03.23 13:13:04.583,12.51741,12.51952,0.00,0.00
2017.03.23 13:13:04.633,12.51698,12.51952,0.00,0.00
2017.03.23 13:13:04.734,12.51671,12.51902,0.00,0.00
2017.03.23 13:13:04.918,12.51628,12.51902,0.00,0.00
2017.03.23 13:13:05.055,12.51648,12.51902,0.00,0.00
2017.03.23 13:13:05.421,12.51628,12.51902,0.00,0.00
2017.03.23 13:13:05.524,12.51679,12.51931,0.00,0.00
2017.03.23 13:13:05.861,12.51729,12.51992,0.00,0.00
2017.03.23 13:13:05.923,12.51738,12.52001,0.00,0.00
2017.03.23 13:13:06.123,12.51729,12.52001,0.00,0.00
2017.03.23 13:13:06.224,12.51729,12.51992,0.00,0.00
2017.03.23 13:13:06.612,12.51738,12.52001,0.00,0.00
2017.03.23 13:13:07.064,12.51729,12.51982,0.00,0.00
2017.03.23 13:13:07.226,12.51729,12.52001,0.00,0.00
2017.03.23 13:13:08.428,12.51729,12.51992,0.00,0.00
2017.03.23 13:13:08.733,12.51828,12.52092,0.00,0.00
2017.03.23 13:13:09.029,12.51828,12.52061,0.00,0.00
2017.03.23 13:13:09.296,12.51818,12.52052,0.00,0.00
2017.03.23 13:13:09.396,12.51778,12.52051,0.00,0.00
2017.03.23 13:13:09.447,12.51778,12.52031,0.00,0.00
2017.03.23 13:13:09.548,12.51778,12.52052,0.00,0.00
2017.03.23 13:13:09.621,12.51768,12.52001,0.00,0.00
2017.03.23 13:13:09.671,12.51738,12.52001,0.00,0.00
2017.03.23 13:13:09.732,12.51729,12.51992,0.00,0.00
2017.03.23 13:13:10.135,12.51729,12.52001,0.00,0.00
2017.03.23 13:13:10.233,12.51729,12.51992,0.00,0.00
2017.03.23 13:13:11.245,12.51729,12.52001,0.00,0.00
2017.03.23 13:13:11.336,12.51729,12.51982,0.00,0.00
2017.03.23 13:13:11.645,12.51729,12.52001,0.00,0.00
2017.03.23 13:13:11.737,12.51748,12.52001,0.00,0.00
2017.03.23 13:13:11.838,12.51738,12.52001,0.00,0.00
2017.03.23 13:13:11.937,12.51729,12.52001,0.00,0.00
2017.03.23 13:13:12.253,12.51738,12.52001,0.00,0.00
2017.03.23 13:13:12.338,12.51729,12.52001,0.00,0.00
2017.03.23 13:13:12.759,12.51729,12.51982,0.00,0.00
2017.03.23 13:13:12.860,12.51729,12.52001,0.00,0.00
2017.03.23 13:13:12.987,12.51729,12.51971,0.00,0.00
2017.03.23 13:13:13.040,12.51729,12.52001,0.00,0.00
2017.03.23 13:13:13.152,12.51729,12.51992,0.00,0.00
2017.03.23 13:13:13.499,12.51729,12.51922,0.00,0.00
2017.03.23 13:13:13.550,12.51729,12.51961,0.00,0.00
2017.03.23 13:13:13.652,12.51729,12.52001,0.00,0.00
2017.03.23 13:13:13.987,12.51729,12.51992,0.00,0.00
2017.03.23 13:13:14.326,12.51651,12.51902,0.00,0.00
2017.03.23 13:13:14.427,12.51628,12.51901,0.00,0.00
2017.03.23 13:13:15.364,12.51629,12.51902,0.00,0.00
2017.03.23 13:13:15.493,12.51649,12.51902,0.00,0.00
2017.03.23 13:13:15.550,12.51628,12.51902,0.00,0.00
2017.03.23 13:13:16.250,12.51629,12.51902,0.00,0.00
2017.03.23 13:13:16.351,12.51638,12.51902,0.00,0.00
2017.03.23 13:13:16.451,12.51629,12.51902,0.00,0.00
2017.03.23 13:13:17.054,12.51628,12.51902,0.00,0.00
2017.03.23 13:13:17.173,12.51648,12.51902,0.00,0.00
2017.03.23 13:13:17.590,12.51692,12.51952,0.00,0.00
2017.03.23 13:13:17.641,12.51728,12.51962,0.00,0.00
2017.03.23 13:13:17.691,12.51728,12.52002,0.00,0.00
2017.03.23 13:13:17.865,12.51748,12.52002,0.00,0.00
2017.03.23 13:13:17.994,12.51728,12.52002,0.00,0.00
2017.03.23 13:13:18.156,12.51728,12.51992,0.00,0.00
2017.03.23 13:13:18.488,12.51728,12.52002,0.00,0.00
2017.03.23 13:13:18.557,12.51728,12.51992,0.00,0.00
2017.03.23 13:13:18.905,12.51728,12.51962,0.00,0.00
2017.03.23 13:13:19.006,12.51692,12.51951,0.00,0.00
2017.03.23 13:13:19.254,12.51728,12.51961,0.00,0.00
2017.03.23 13:13:19.360,12.51728,12.51991,0.00,0.00
2017.03.23 13:13:19.425,12.51709,12.51952,0.00,0.00
2017.03.23 13:13:19.476,12.51689,12.51952,0.00,0.00
2017.03.23 13:13:19.577,12.51678,12.51941,0.00,0.00
2017.03.23 13:13:19.911,12.51678,12.51921,0.00,0.00
2017.03.23 13:13:20.062,12.51728,12.51972,0.00,0.00
2017.03.23 13:13:20.205,12.51728,12.52002,0.00,0.00
2017.03.23 13:13:20.297,12.51728,12.51962,0.00,0.00
2017.03.23 13:13:20.464,12.51728,12.51971,0.00,0.00
2017.03.23 13:13:20.565,12.51728,12.52002,0.00,0.00
2017.03.23 13:13:21.010,12.51728,12.51972,0.00,0.00
2017.03.23 13:13:21.065,12.51728,12.51992,0.00,0.00
2017.03.23 13:13:21.266,12.51728,12.52002,0.00,0.00
2017.03.23 13:13:21.771,12.51728,12.51992,0.00,0.00
2017.03.23 13:13:22.427,12.51778,12.51992,0.00,0.00
2017.03.23 13:13:22.764,12.51799,12.52002,0.00,0.00
2017.03.23 13:13:22.815,12.51771,12.51982,0.00,0.00
2017.03.23 13:13:22.866,12.51778,12.51982,0.00,0.00
2017.03.23 13:13:22.971,12.51778,12.52012,0.00,0.00
2017.03.23 13:13:23.022,12.51829,12.52012,0.00,0.00
2017.03.23 13:13:23.073,12.51829,12.52051,0.00,0.00
2017.03.23 13:13:23.183,12.51829,12.52071,0.00,0.00
2017.03.23 13:13:23.289,12.51829,12.52092,0.00,0.00
2017.03.23 13:13:23.372,12.51829,12.52081,0.00,0.00
2017.03.23 13:13:23.708,12.51829,12.52101,0.00,0.00
2017.03.23 13:13:24.082,12.51829,12.52081,0.00,0.00
2017.03.23 13:13:24.323,12.51829,12.52101,0.00,0.00
2017.03.23 13:13:24.424,12.51829,12.52061,0.00,0.00
2017.03.23 13:13:24.475,12.51829,12.52091,0.00,0.00
2017.03.23 13:13:24.689,12.51829,12.52061,0.00,0.00
2017.03.23 13:13:24.790,12.51838,12.52101,0.00,0.00
2017.03.23 13:13:25.098,12.51829,12.52082,0.00,0.00
2017.03.23 13:13:25.210,12.51829,12.52101,0.00,0.00
2017.03.23 13:13:25.278,12.51829,12.52082,0.00,0.00
2017.03.23 13:13:25.410,12.51838,12.52101,0.00,0.00
2017.03.23 13:13:25.478,12.51829,12.52101,0.00,0.00
2017.03.23 13:13:26.228,12.51839,12.52101,0.00,0.00
2017.03.23 13:13:26.596,12.51829,12.52092,0.00,0.00
2017.03.23 13:13:26.914,12.51928,12.52092,0.00,0.00
2017.03.23 13:13:27.065,12.51901,12.52081,0.00,0.00
2017.03.23 13:13:27.193,12.51929,12.52081,0.00,0.00
2017.03.23 13:13:27.244,12.51929,12.52192,0.00,0.00
2017.03.23 13:13:27.295,12.51929,12.52142,0.00,0.00
2017.03.23 13:13:27.401,12.51878,12.52142,0.00,0.00
2017.03.23 13:13:27.502,12.51899,12.52101,0.00,0.00
2017.03.23 13:13:27.584,12.51872,12.52082,0.00,0.00
2017.03.23 13:13:27.685,12.51872,12.52071,0.00,0.00
2017.03.23 13:13:27.912,12.51829,12.52101,0.00,0.00
2017.03.23 13:13:28.016,12.51829,12.52062,0.00,0.00
2017.03.23 13:13:28.117,12.51829,12.52101,0.00,0.00
2017.03.23 13:13:28.387,12.51829,12.52072,0.00,0.00
2017.03.23 13:13:28.488,12.51829,12.52101,0.00,0.00
2017.03.23 13:13:28.613,12.51838,12.52101,0.00,0.00
2017.03.23 13:13:28.989,12.51829,12.52091,0.00,0.00
2017.03.23 13:13:29.305,12.51838,12.52101,0.00,0.00
2017.03.23 13:13:29.741,12.51829,12.52101,0.00,0.00
2017.03.23 13:13:29.792,12.51829,12.52081,0.00,0.00
2017.03.23 13:13:29.927,12.51829,12.52101,0.00,0.00
2017.03.23 13:13:30.030,12.51829,12.52082,0.00,0.00
2017.03.23 13:13:30.131,12.51829,12.52101,0.00,0.00
2017.03.23 13:13:30.295,12.51849,12.52101,0.00,0.00
2017.03.23 13:13:30.412,12.51829,12.52091,0.00,0.00
2017.03.23 13:13:30.995,12.51838,12.52101,0.00,0.00
2017.03.23 13:13:31.227,12.51829,12.52092,0.00,0.00
2017.03.23 13:13:31.815,12.51838,12.52101,0.00,0.00
2017.03.23 13:13:32.164,12.51928,12.52202,0.00,0.00
2017.03.23 13:13:32.317,12.51939,12.52202,0.00,0.00
2017.03.23 13:13:32.500,12.51928,12.52192,0.00,0.00
2017.03.23 13:13:32.635,12.51938,12.52202,0.00,0.00
2017.03.23 13:13:33.105,12.51929,12.52202,0.00,0.00
2017.03.23 13:13:33.260,12.51928,12.52191,0.00,0.00
2017.03.23 13:13:33.603,12.51928,12.52201,0.00,0.00
2017.03.23 13:13:33.926,12.51928,12.52162,0.00,0.00
2017.03.23 13:13:33.977,12.51879,12.52151,0.00,0.00
2017.03.23 13:13:34.078,12.51868,12.52102,0.00,0.00
2017.03.23 13:13:34.128,12.51859,12.52102,0.00,0.00
2017.03.23 13:13:34.205,12.51828,12.52102,0.00,0.00
2017.03.23 13:13:34.311,12.51858,12.52102,0.00,0.00
2017.03.23 13:13:34.412,12.51828,12.52102,0.00,0.00
2017.03.23 13:13:34.973,12.51829,12.52102,0.00,0.00
2017.03.23 13:13:35.317,12.51849,12.52102,0.00,0.00
2017.03.23 13:13:35.711,12.51828,12.52102,0.00,0.00
2017.03.23 13:13:35.916,12.51828,12.52092,0.00,0.00
2017.03.23 13:13:36.035,12.51828,12.52102,0.00,0.00
2017.03.23 13:13:36.157,12.51828,12.52092,0.00,0.00
2017.03.23 13:13:36.467,12.51828,12.52072,0.00,0.00
2017.03.23 13:13:36.517,12.51828,12.52102,0.00,0.00
2017.03.23 13:13:36.614,12.51838,12.52102,0.00,0.00
2017.03.23 13:13:37.230,12.51848,12.52102,0.00,0.00
2017.03.23 13:13:37.356,12.51838,12.52102,0.00,0.00
2017.03.23 13:13:37.528,12.51828,12.52092,0.00,0.00
2017.03.23 13:13:37.853,12.51828,12.52101,0.00,0.00
2017.03.23 13:13:37.917,12.51828,12.52081,0.00,0.00
2017.03.23 13:13:38.033,12.51829,12.52102,0.00,0.00
2017.03.23 13:13:38.134,12.51828,12.52082,0.00,0.00
2017.03.23 13:13:38.239,12.51828,12.52091,0.00,0.00
2017.03.23 13:13:38.318,12.51828,12.52081,0.00,0.00
2017.03.23 13:13:39.065,12.51828,12.52091,0.00,0.00
2017.03.23 13:13:39.120,12.51828,12.52082,0.00,0.00
2017.03.23 13:13:39.921,12.51838,12.52102,0.00,0.00
2017.03.23 13:13:40.067,12.51828,12.52102,0.00,0.00
2017.03.23 13:13:40.121,12.51839,12.52102,0.00,0.00
2017.03.23 13:13:40.422,12.51828,12.52102,0.00,0.00
2017.03.23 13:13:40.823,12.51828,12.52092,0.00,0.00
2017.03.23 13:13:40.924,12.51828,12.52101,0.00,0.00
2017.03.23 13:13:41.098,12.51828,12.52072,0.00,0.00
2017.03.23 13:13:41.148,12.51828,12.52102,0.00,0.00
2017.03.23 13:13:41.224,12.51828,12.52092,0.00,0.00
2017.03.23 13:13:41.341,12.51828,12.52102,0.00,0.00
2017.03.23 13:13:42.225,12.51828,12.52071,0.00,0.00
2017.03.23 13:13:42.326,12.51828,12.52091,0.00,0.00
2017.03.23 13:13:42.432,12.51828,12.52102,0.00,0.00
2017.03.23 13:13:42.726,12.51828,12.52092,0.00,0.00
2017.03.23 13:13:43.027,12.51828,12.52061,0.00,0.00
2017.03.23 13:13:43.077,12.51828,12.52071,0.00,0.00
2017.03.23 13:13:43.128,12.51828,12.52092,0.00,0.00
2017.03.23 13:13:43.284,12.51828,12.52051,0.00,0.00
2017.03.23 13:13:43.334,12.51818,12.52092,0.00,0.00
2017.03.23 13:13:43.452,12.51838,12.52092,0.00,0.00
2017.03.23 13:13:43.528,12.51828,12.52092,0.00,0.00
2017.03.23 13:13:43.728,12.51818,12.52072,0.00,0.00
2017.03.23 13:13:44.229,12.51818,12.52092,0.00,0.00
2017.03.23 13:13:44.569,12.51808,12.51992,0.00,0.00
2017.03.23 13:13:44.672,12.51789,12.51992,0.00,0.00
2017.03.23 13:13:44.731,12.51752,12.51992,0.00,0.00
2017.03.23 13:13:45.873,12.51768,12.52021,0.00,0.00
2017.03.23 13:13:45.932,12.51739,12.51991,0.00,0.00
2017.03.23 13:13:46.134,12.51729,12.51991,0.00,0.00
2017.03.23 13:13:47.363,12.51719,12.51991,0.00,0.00
2017.03.23 13:13:47.538,12.51729,12.51991,0.00,0.00
2017.03.23 13:13:47.867,12.51738,12.51991,0.00,0.00
2017.03.23 13:13:47.967,12.51718,12.51992,0.00,0.00
2017.03.23 13:13:48.641,12.51728,12.51992,0.00,0.00
2017.03.23 13:13:49.544,12.51739,12.51992,0.00,0.00
2017.03.23 13:13:49.845,12.51718,12.51992,0.00,0.00
2017.03.23 13:13:49.954,12.51759,12.51992,0.00,0.00
2017.03.23 13:13:50.185,12.51728,12.51992,0.00,0.00
2017.03.23 13:13:50.347,12.51768,12.51992,0.00,0.00
2017.03.23 13:13:50.448,12.51728,12.51992,0.00,0.00
2017.03.23 13:13:50.548,12.51739,12.51992,0.00,0.00
2017.03.23 13:13:50.886,12.51729,12.51992,0.00,0.00
2017.03.23 13:13:50.950,12.51719,12.51992,0.00,0.00
2017.03.23 13:13:51.055,12.51729,12.51992,0.00,0.00
2017.03.23 13:13:51.175,12.51718,12.51992,0.00,0.00
2017.03.23 13:13:51.295,12.51748,12.51992,0.00,0.00
2017.03.23 13:13:51.666,12.51758,12.51992,0.00,0.00
2017.03.23 13:13:51.903,12.51738,12.51992,0.00,0.00
2017.03.23 13:13:52.582,12.51769,12.52041,0.00,0.00
2017.03.23 13:13:52.683,12.51801,12.52041,0.00,0.00
2017.03.23 13:13:52.733,12.51818,12.52061,0.00,0.00
2017.03.23 13:13:52.784,12.51818,12.52092,0.00,0.00
2017.03.23 13:13:52.834,12.51808,12.52042,0.00,0.00
2017.03.23 13:13:52.988,12.51768,12.52032,0.00,0.00
2017.03.23 13:13:53.237,12.51748,12.51991,0.00,0.00
2017.03.23 13:13:53.388,12.51768,12.52022,0.00,0.00
2017.03.23 13:13:53.439,12.51802,12.52022,0.00,0.00
2017.03.23 13:13:53.591,12.51818,12.52041,0.00,0.00
2017.03.23 13:13:53.699,12.51819,12.52092,0.00,0.00
2017.03.23 13:13:54.287,12.51818,12.52062,0.00,0.00
2017.03.23 13:13:54.669,12.51778,12.52042,0.00,0.00
2017.03.23 13:13:54.770,12.51788,12.52042,0.00,0.00
2017.03.23 13:13:54.871,12.51771,12.52031,0.00,0.00
2017.03.23 13:13:55.018,12.51768,12.52031,0.00,0.00
2017.03.23 13:13:55.140,12.51768,12.52042,0.00,0.00
2017.03.23 13:13:55.265,12.51778,12.52042,0.00,0.00
2017.03.23 13:13:55.680,12.51768,12.52042,0.00,0.00
2017.03.23 13:13:55.731,12.51758,12.51992,0.00,0.00
2017.03.23 13:13:56.072,12.51729,12.51992,0.00,0.00
2017.03.23 13:13:56.173,12.51759,12.51992,0.00,0.00
2017.03.23 13:13:56.470,12.51728,12.51992,0.00,0.00
2017.03.23 13:13:57.809,12.51739,12.51992,0.00,0.00
2017.03.23 13:13:57.974,12.51718,12.51992,0.00,0.00
2017.03.23 13:13:58.185,12.51759,12.51992,0.00,0.00
2017.03.23 13:13:58.876,12.51749,12.51992,0.00,0.00
2017.03.23 13:13:59.407,12.51728,12.51992,0.00,0.00
2017.03.23 13:13:59.477,12.51718,12.51991,0.00,0.00
2017.03.23 13:13:59.677,12.51728,12.51992,0.00,0.00
2017.03.23 13:14:00.135,12.51731,12.51992,0.00,0.00
2017.03.23 13:14:00.447,12.51658,12.51892,0.00,0.00
2017.03.23 13:14:00.498,12.51651,12.51892,0.00,0.00
2017.03.23 13:14:00.600,12.51671,12.51922,0.00,0.00
2017.03.23 13:14:00.701,12.51679,12.51942,0.00,0.00
2017.03.23 13:14:00.819,12.51688,12.51942,0.00,0.00
2017.03.23 13:14:00.919,12.51718,12.51982,0.00,0.00
2017.03.23 13:14:01.020,12.51718,12.51961,0.00,0.00
2017.03.23 13:14:01.081,12.51748,12.51992,0.00,0.00
2017.03.23 13:14:01.190,12.51718,12.51991,0.00,0.00
2017.03.23 13:14:01.309,12.51718,12.51961,0.00,0.00
2017.03.23 13:14:01.410,12.51718,12.51971,0.00,0.00
2017.03.23 13:14:01.460,12.51689,12.51941,0.00,0.00
2017.03.23 13:14:01.612,12.51678,12.51942,0.00,0.00
2017.03.23 13:14:01.712,12.51689,12.51942,0.00,0.00
2017.03.23 13:14:01.783,12.51671,12.51941,0.00,0.00
2017.03.23 13:14:02.124,12.51688,12.51942,0.00,0.00
2017.03.23 13:14:02.485,12.51671,12.51942,0.00,0.00
2017.03.23 13:14:03.050,12.51671,12.51892,0.00,0.00
2017.03.23 13:14:03.100,12.51669,12.51892,0.00,0.00
2017.03.23 13:14:03.205,12.51659,12.51892,0.00,0.00
2017.03.23 13:14:03.444,12.51639,12.51892,0.00,0.00
2017.03.23 13:14:03.495,12.51668,12.51892,0.00,0.00
2017.03.23 13:14:03.687,12.51648,12.51892,0.00,0.00
2017.03.23 13:14:03.788,12.51669,12.51892,0.00,0.00
2017.03.23 13:14:03.898,12.51638,12.51892,0.00,0.00
2017.03.23 13:14:04.190,12.51668,12.51892,0.00,0.00
2017.03.23 13:14:04.401,12.51648,12.51892,0.00,0.00
2017.03.23 13:14:04.622,12.51668,12.51892,0.00,0.00
2017.03.23 13:14:04.791,12.51648,12.51892,0.00,0.00
2017.03.23 13:14:04.918,12.51638,12.51892,0.00,0.00
2017.03.23 13:14:05.055,12.51669,12.51892,0.00,0.00
2017.03.23 13:14:05.294,12.51638,12.51892,0.00,0.00
2017.03.23 13:14:06.196,12.51649,12.51892,0.00,0.00
2017.03.23 13:14:06.298,12.51638,12.51892,0.00,0.00
2017.03.23 13:14:06.421,12.51648,12.51892,0.00,0.00
2017.03.23 13:14:06.734,12.51668,12.51892,0.00,0.00
2017.03.23 13:14:06.798,12.51629,12.51892,0.00,0.00
2017.03.23 13:14:07.168,12.51658,12.51892,0.00,0.00
2017.03.23 13:14:07.219,12.51628,12.51892,0.00,0.00
2017.03.23 13:14:07.500,12.51639,12.51892,0.00,0.00
2017.03.23 13:14:08.210,12.51622,12.51892,0.00,0.00
2017.03.23 13:14:09.218,12.51638,12.51892,0.00,0.00
2017.03.23 13:14:10.534,12.51622,12.51892,0.00,0.00
2017.03.23 13:14:10.639,12.51658,12.51892,0.00,0.00
2017.03.23 13:14:10.707,12.51649,12.51892,0.00,0.00
2017.03.23 13:14:10.907,12.51628,12.51892,0.00,0.00
2017.03.23 13:14:11.608,12.51638,12.51892,0.00,0.00
2017.03.23 13:14:12.110,12.51628,12.51892,0.00,0.00
2017.03.23 13:14:12.211,12.51659,12.51892,0.00,0.00
2017.03.23 13:14:12.511,12.51638,12.51892,0.00,0.00
2017.03.23 13:14:12.614,12.51668,12.51892,0.00,0.00
2017.03.23 13:14:12.733,12.51639,12.51892,0.00,0.00
2017.03.23 13:14:12.833,12.51628,12.51892,0.00,0.00
2017.03.23 13:14:13.297,12.51638,12.51892,0.00,0.00
2017.03.23 13:14:13.426,12.51628,12.51892,0.00,0.00
2017.03.23 13:14:14.217,12.51622,12.51891,0.00,0.00
2017.03.23 13:14:14.441,12.51622,12.51882,0.00,0.00
2017.03.23 13:14:14.750,12.51622,12.51891,0.00,0.00
2017.03.23 13:14:14.818,12.51622,12.51872,0.00,0.00
2017.03.23 13:14:15.155,12.51612,12.51841,0.00,0.00
2017.03.23 13:14:15.255,12.51619,12.51892,0.00,0.00
2017.03.23 13:14:15.320,12.51638,12.51892,0.00,0.00
2017.03.23 13:14:15.554,12.51618,12.51892,0.00,0.00
2017.03.23 13:14:15.765,12.51639,12.51892,0.00,0.00
2017.03.23 13:14:16.234,12.51618,12.51892,0.00,0.00
2017.03.23 13:14:16.523,12.51618,12.51882,0.00,0.00
2017.03.23 13:14:16.831,12.51619,12.51892,0.00,0.00
2017.03.23 13:14:16.933,12.51628,12.51892,0.00,0.00
2017.03.23 13:14:17.229,12.51618,12.51892,0.00,0.00
2017.03.23 13:14:17.332,12.51629,12.51892,0.00,0.00
2017.03.23 13:14:17.443,12.51618,12.51882,0.00,0.00
2017.03.23 13:14:17.530,12.51598,12.51838,0.00,0.00
2017.03.23 13:14:17.774,12.51549,12.51792,0.00,0.00
2017.03.23 13:14:17.826,12.51528,12.51792,0.00,0.00
2017.03.23 13:14:18.027,12.51538,12.51792,0.00,0.00
2017.03.23 13:14:18.159,12.51528,12.51792,0.00,0.00
2017.03.23 13:14:18.534,12.51579,12.51792,0.00,0.00
2017.03.23 13:14:18.728,12.51538,12.51792,0.00,0.00
2017.03.23 13:14:18.829,12.51528,12.51792,0.00,0.00
2017.03.23 13:14:18.929,12.51538,12.51792,0.00,0.00
2017.03.23 13:14:19.130,12.51529,12.51792,0.00,0.00
2017.03.23 13:14:19.453,12.51539,12.51792,0.00,0.00
2017.03.23 13:14:19.532,12.51529,12.51792,0.00,0.00
2017.03.23 13:14:19.953,12.51539,12.51792,0.00,0.00
2017.03.23 13:14:21.066,12.51611,12.51841,0.00,0.00
2017.03.23 13:14:21.217,12.51618,12.51852,0.00,0.00
2017.03.23 13:14:21.337,12.51618,12.51892,0.00,0.00
2017.03.23 13:14:21.538,12.51618,12.51861,0.00,0.00
2017.03.23 13:14:21.639,12.51619,12.51892,0.00,0.00
2017.03.23 13:14:22.153,12.51638,12.51892,0.00,0.00
2017.03.23 13:14:22.485,12.51659,12.51892,0.00,0.00
2017.03.23 13:14:22.542,12.51638,12.51892,0.00,0.00
2017.03.23 13:14:23.483,12.51619,12.51892,0.00,0.00
2017.03.23 13:14:23.945,12.51628,12.51892,0.00,0.00
2017.03.23 13:14:24.294,12.51618,12.51892,0.00,0.00
2017.03.23 13:14:24.489,12.51618,12.51861,0.00,0.00
2017.03.23 13:14:24.590,12.51579,12.51839,0.00,0.00
2017.03.23 13:14:24.691,12.51569,12.51839,0.00,0.00
2017.03.23 13:14:24.741,12.51572,12.51792,0.00,0.00
2017.03.23 13:14:24.951,12.51618,12.51852,0.00,0.00
2017.03.23 13:14:25.065,12.51628,12.51892,0.00,0.00
2017.03.23 13:14:25.173,12.51619,12.51892,0.00,0.00
2017.03.23 13:14:25.273,12.51629,12.51892,0.00,0.00
2017.03.23 13:14:25.624,12.51618,12.51871,0.00,0.00
2017.03.23 13:14:25.674,12.51618,12.51881,0.00,0.00
2017.03.23 13:14:25.783,12.51618,12.51892,0.00,0.00
2017.03.23 13:14:26.304,12.51618,12.51852,0.00,0.00
2017.03.23 13:14:26.559,12.51618,12.51862,0.00,0.00
2017.03.23 13:14:26.659,12.51618,12.51891,0.00,0.00
2017.03.23 13:14:26.968,12.51618,12.51882,0.00,0.00
2017.03.23 13:14:27.075,12.51618,12.51892,0.00,0.00
2017.03.23 13:14:27.356,12.51618,12.51862,0.00,0.00
2017.03.23 13:14:27.490,12.51618,12.51872,0.00,0.00
2017.03.23 13:14:27.970,12.51588,12.51842,0.00,0.00
2017.03.23 13:14:28.071,12.51571,12.51842,0.00,0.00
2017.03.23 13:14:28.166,12.51571,12.51832,0.00,0.00
2017.03.23 13:14:29.211,12.51548,12.51792,0.00,0.00
2017.03.23 13:14:29.312,12.51528,12.51792,0.00,0.00
2017.03.23 13:14:29.664,12.51611,12.51812,0.00,0.00
2017.03.23 13:14:29.714,12.51619,12.51842,0.00,0.00
2017.03.23 13:14:29.819,12.51619,12.51891,0.00,0.00
2017.03.23 13:14:29.977,12.51628,12.51891,0.00,0.00
2017.03.23 13:14:30.319,12.51638,12.51891,0.00,0.00
2017.03.23 13:14:30.375,12.51628,12.51891,0.00,0.00
2017.03.23 13:14:31.029,12.51628,12.51882,0.00,0.00
2017.03.23 13:14:31.638,12.51638,12.51882,0.00,0.00
2017.03.23 13:14:31.821,12.51611,12.51882,0.00,0.00
2017.03.23 13:14:31.883,12.51618,12.51882,0.00,0.00
2017.03.23 13:14:32.237,12.51638,12.51882,0.00,0.00
2017.03.23 13:14:32.485,12.51611,12.51882,0.00,0.00
2017.03.23 13:14:32.686,12.51638,12.51882,0.00,0.00
2017.03.23 13:14:33.088,12.51629,12.51882,0.00,0.00
2017.03.23 13:14:33.189,12.51639,12.51882,0.00,0.00
2017.03.23 13:14:33.312,12.51658,12.51921,0.00,0.00
2017.03.23 13:14:33.413,12.51688,12.51881,0.00,0.00
2017.03.23 13:14:33.520,12.51648,12.51881,0.00,0.00
2017.03.23 13:14:33.902,12.51621,12.51881,0.00,0.00
2017.03.23 13:14:34.462,12.51629,12.51881,0.00,0.00
2017.03.23 13:14:35.096,12.51621,12.51881,0.00,0.00
2017.03.23 13:14:35.206,12.51628,12.51881,0.00,0.00
2017.03.23 13:14:35.397,12.51621,12.51881,0.00,0.00
2017.03.23 13:14:35.533,12.51628,12.51881,0.00,0.00
2017.03.23 13:14:35.634,12.51621,12.51881,0.00,0.00
2017.03.23 13:14:35.762,12.51621,12.51892,0.00,0.00
2017.03.23 13:14:36.701,12.51628,12.51892,0.00,0.00
2017.03.23 13:14:37.025,12.51578,12.51792,0.00,0.00
2017.03.23 13:14:37.126,12.51571,12.51792,0.00,0.00
2017.03.23 13:14:37.561,12.51521,12.51792,0.00,0.00
2017.03.23 13:14:38.318,12.51528,12.51792,0.00,0.00
2017.03.23 13:14:38.508,12.51521,12.51792,0.00,0.00
2017.03.23 13:14:38.716,12.51539,12.51792,0.00,0.00
2017.03.23 13:14:39.156,12.51549,12.51792,0.00,0.00
2017.03.23 13:14:39.357,12.51538,12.51792,0.00,0.00
2017.03.23 13:14:41.998,12.51568,12.51822,0.00,0.00
2017.03.23 13:14:42.254,12.51618,12.51892,0.00,0.00
2017.03.23 13:14:42.481,12.51628,12.51892,0.00,0.00
2017.03.23 13:14:44.186,12.51632,12.51892,0.00,0.00
2017.03.23 13:14:44.488,12.51718,12.51961,0.00,0.00
2017.03.23 13:14:44.825,12.51718,12.51942,0.00,0.00
2017.03.23 13:14:44.968,12.51672,12.51942,0.00,0.00
2017.03.23 13:14:45.021,12.51672,12.51932,0.00,0.00
2017.03.23 13:14:45.338,12.51672,12.51891,0.00,0.00
2017.03.23 13:14:45.389,12.51658,12.51891,0.00,0.00
2017.03.23 13:14:45.522,12.51632,12.51891,0.00,0.00
2017.03.23 13:14:45.748,12.51712,12.51921,0.00,0.00
2017.03.23 13:14:45.923,12.51718,12.51982,0.00,0.00
2017.03.23 13:14:46.023,12.51718,12.51992,0.00,0.00
2017.03.23 13:14:46.333,12.51718,12.51982,0.00,0.00
2017.03.23 13:14:46.674,12.51718,12.51961,0.00,0.00
2017.03.23 13:14:46.726,12.51718,12.51991,0.00,0.00
2017.03.23 13:14:46.977,12.51718,12.51982,0.00,0.00
2017.03.23 13:14:47.583,12.51718,12.51952,0.00,0.00
2017.03.23 13:14:48.429,12.51718,12.51972,0.00,0.00
2017.03.23 13:14:48.544,12.51718,12.51992,0.00,0.00
2017.03.23 13:14:48.830,12.51718,12.51962,0.00,0.00
2017.03.23 13:14:48.954,12.51718,12.51982,0.00,0.00
2017.03.23 13:14:49.031,12.51718,12.51961,0.00,0.00
2017.03.23 13:14:49.134,12.51718,12.51972,0.00,0.00
2017.03.23 13:14:49.265,12.51718,12.51991,0.00,0.00
2017.03.23 13:14:49.890,12.51718,12.51992,0.00,0.00
2017.03.23 13:14:50.042,12.51731,12.51971,0.00,0.00
2017.03.23 13:14:50.146,12.51731,12.51992,0.00,0.00
2017.03.23 13:14:50.254,12.51738,12.51992,0.00,0.00
2017.03.23 13:14:50.336,12.51731,12.51992,0.00,0.00
2017.03.23 13:14:50.454,12.51818,12.52032,0.00,0.00
2017.03.23 13:14:50.559,12.51818,12.52092,0.00,0.00
2017.03.23 13:14:50.837,12.51818,12.52062,0.00,0.00
2017.03.23 13:14:51.138,12.51819,12.52092,0.00,0.00
2017.03.23 13:14:51.382,12.51818,12.52072,0.00,0.00
2017.03.23 13:14:51.728,12.51818,12.52042,0.00,0.00
2017.03.23 13:14:51.968,12.51818,12.52062,0.00,0.00
2017.03.23 13:14:52.176,12.51818,12.52041,0.00,0.00
2017.03.23 13:14:52.471,12.51818,12.52092,0.00,0.00
2017.03.23 13:14:52.644,12.51818,12.52081,0.00,0.00
2017.03.23 13:14:52.695,12.51818,12.52092,0.00,0.00
2017.03.23 13:14:52.746,12.51818,12.52072,0.00,0.00
2017.03.23 13:14:52.890,12.51818,12.52092,0.00,0.00
2017.03.23 13:14:53.045,12.51818,12.52052,0.00,0.00
2017.03.23 13:14:53.446,12.51818,12.52071,0.00,0.00
2017.03.23 13:14:53.648,12.51818,12.52061,0.00,0.00
2017.03.23 13:14:53.756,12.51818,12.52092,0.00,0.00
2017.03.23 13:14:54.124,12.51822,12.52092,0.00,0.00
2017.03.23 13:14:54.460,12.51829,12.52092,0.00,0.00
2017.03.23 13:14:54.779,12.51918,12.52182,0.00,0.00
2017.03.23 13:14:54.852,12.51918,12.52192,0.00,0.00
2017.03.23 13:14:55.376,12.51918,12.52191,0.00,0.00
2017.03.23 13:14:55.923,12.51918,12.52192,0.00,0.00
2017.03.23 13:14:56.056,12.51918,12.52182,0.00,0.00
2017.03.23 13:14:56.282,12.51918,12.52192,0.00,0.00
2017.03.23 13:14:56.357,12.51918,12.52182,0.00,0.00
2017.03.23 13:14:56.881,12.51919,12.52192,0.00,0.00
2017.03.23 13:14:56.958,12.51918,12.52171,0.00,0.00
2017.03.23 13:14:57.294,12.52018,12.52242,0.00,0.00
2017.03.23 13:14:57.359,12.52018,12.52282,0.00,0.00
2017.03.23 13:14:57.460,12.52018,12.52252,0.00,0.00
2017.03.23 13:14:57.862,12.52018,12.52211,0.00,0.00
2017.03.23 13:14:57.962,12.52018,12.52241,0.00,0.00
2017.03.23 13:14:58.212,12.51968,12.52232,0.00,0.00
2017.03.23 13:14:58.313,12.51958,12.52192,0.00,0.00
2017.03.23 13:14:58.566,12.52018,12.52282,0.00,0.00
2017.03.23 13:14:58.679,12.52018,12.52271,0.00,0.00
2017.03.23 13:14:59.022,12.52018,12.52262,0.00,0.00
2017.03.23 13:14:59.168,12.52018,12.52271,0.00,0.00
2017.03.23 13:14:59.517,12.52018,12.52292,0.00,0.00
2017.03.23 13:14:59.569,12.52018,12.52271,0.00,0.00
2017.03.23 13:14:59.803,12.52018,12.52282,0.00,0.00
2017.03.23 13:15:00.171,12.52018,12.52271,0.00,0.00
2017.03.23 13:15:00.518,12.52018,12.52281,0.00,0.00
2017.03.23 13:15:00.678,12.52018,12.52292,0.00,0.00
2017.03.23 13:15:00.779,12.52018,12.52252,0.00,0.00
2017.03.23 13:15:00.888,12.52018,12.52261,0.00,0.00
2017.03.23 13:15:01.108,12.52018,12.52272,0.00,0.00
2017.03.23 13:15:01.380,12.52028,12.52292,0.00,0.00
2017.03.23 13:15:01.481,12.52018,12.52282,0.00,0.00
2017.03.23 13:15:01.702,12.52018,12.52292,0.00,0.00
2017.03.23 13:15:02.016,12.52029,12.52292,0.00,0.00
2017.03.23 13:15:02.283,12.52018,12.52292,0.00,0.00
2017.03.23 13:15:02.687,12.52018,12.52282,0.00,0.00
2017.03.23 13:15:02.738,12.52018,12.52292,0.00,0.00
2017.03.23 13:15:02.788,12.52018,12.52241,0.00,0.00
2017.03.23 13:15:03.093,12.52018,12.52262,0.00,0.00
2017.03.23 13:15:03.184,12.52039,12.52292,0.00,0.00
2017.03.23 13:15:03.294,12.52019,12.52292,0.00,0.00
2017.03.23 13:15:03.599,12.52018,12.52242,0.00,0.00
2017.03.23 13:15:03.708,12.52018,12.52281,0.00,0.00
2017.03.23 13:15:03.785,12.52019,12.52292,0.00,0.00
2017.03.23 13:15:03.886,12.52029,12.52292,0.00,0.00
2017.03.23 13:15:04.024,12.52019,12.52292,0.00,0.00
2017.03.23 13:15:04.470,12.52068,12.52301,0.00,0.00
2017.03.23 13:15:04.687,12.52119,12.52362,0.00,0.00
2017.03.23 13:15:04.788,12.52119,12.52391,0.00,0.00
2017.03.23 13:15:05.126,12.52119,12.52372,0.00,0.00
2017.03.23 13:15:05.235,12.52128,12.52391,0.00,0.00
2017.03.23 13:15:05.291,12.52119,12.52391,0.00,0.00
2017.03.23 13:15:05.549,12.52119,12.52342,0.00,0.00
2017.03.23 13:15:05.599,12.52119,12.52361,0.00,0.00
2017.03.23 13:15:05.729,12.52119,12.52341,0.00,0.00
2017.03.23 13:15:05.795,12.52119,12.52391,0.00,0.00
2017.03.23 13:15:06.034,12.52119,12.52351,0.00,0.00
2017.03.23 13:15:06.196,12.52119,12.52371,0.00,0.00
2017.03.23 13:15:06.336,12.52119,12.52391,0.00,0.00
2017.03.23 13:15:06.499,12.52119,12.52382,0.00,0.00
2017.03.23 13:15:06.643,12.52119,12.52391,0.00,0.00
2017.03.23 13:15:07.334,12.52138,12.52391,0.00,0.00
2017.03.23 13:15:07.402,12.52119,12.52391,0.00,0.00
2017.03.23 13:15:07.503,12.52138,12.52391,0.00,0.00
2017.03.23 13:15:07.603,12.52119,12.52382,0.00,0.00
2017.03.23 13:15:07.715,12.52138,12.52391,0.00,0.00
2017.03.23 13:15:08.045,12.52119,12.52391,0.00,0.00
2017.03.23 13:15:08.307,12.52119,12.52372,0.00,0.00
2017.03.23 13:15:08.406,12.52119,12.52391,0.00,0.00
2017.03.23 13:15:08.607,12.52128,12.52391,0.00,0.00
2017.03.23 13:15:08.926,12.52128,12.52381,0.00,0.00
2017.03.23 13:15:09.029,12.52129,12.52402,0.00,0.00
2017.03.23 13:15:09.248,12.52128,12.52382,0.00,0.00
2017.03.23 13:15:09.615,12.52128,12.52392,0.00,0.00
2017.03.23 13:15:09.735,12.52128,12.52382,0.00,0.00
2017.03.23 13:15:10.039,12.52128,12.52402,0.00,0.00
2017.03.23 13:15:10.259,12.52128,12.52351,0.00,0.00
2017.03.23 13:15:10.316,12.52128,12.52391,0.00,0.00
2017.03.23 13:15:10.448,12.52128,12.52342,0.00,0.00
2017.03.23 13:15:10.570,12.52078,12.52328,0.00,0.00
2017.03.23 13:15:10.671,12.52072,12.52302,0.00,0.00
2017.03.23 13:15:11.035,12.52072,12.52241,0.00,0.00
2017.03.23 13:15:11.106,12.52028,12.52241,0.00,0.00
2017.03.23 13:15:11.157,12.52028,12.52232,0.00,0.00
2017.03.23 13:15:11.258,12.52028,12.52251,0.00,0.00
2017.03.23 13:15:11.322,12.52038,12.52302,0.00,0.00
2017.03.23 13:15:11.422,12.52028,12.52282,0.00,0.00
2017.03.23 13:15:11.751,12.52038,12.52302,0.00,0.00
2017.03.23 13:15:11.924,12.52028,12.52291,0.00,0.00
2017.03.23 13:15:12.238,12.52028,12.52271,0.00,0.00
2017.03.23 13:15:12.326,12.52039,12.52302,0.00,0.00
2017.03.23 13:15:12.550,12.52028,12.52292,0.00,0.00
2017.03.23 13:15:12.681,12.52101,12.52321,0.00,0.00
2017.03.23 13:15:12.962,12.52128,12.52371,0.00,0.00
2017.03.23 13:15:13.036,12.52129,12.52328,0.00,0.00
2017.03.23 13:15:13.137,12.52088,12.52328,0.00,0.00
2017.03.23 13:15:13.187,12.52088,12.52301,0.00,0.00
2017.03.23 13:15:13.238,12.52029,12.52301,0.00,0.00
2017.03.23 13:15:13.349,12.52029,12.52292,0.00,0.00
2017.03.23 13:15:13.667,12.52039,12.52301,0.00,0.00
2017.03.23 13:15:13.935,12.52029,12.52301,0.00,0.00
2017.03.23 13:15:14.081,12.52029,12.52242,0.00,0.00
2017.03.23 13:15:14.137,12.52029,12.52301,0.00,0.00
2017.03.23 13:15:14.237,12.52048,12.52301,0.00,0.00
2017.03.23 13:15:14.337,12.52029,12.52301,0.00,0.00
2017.03.23 13:15:14.862,12.52029,12.52282,0.00,0.00
2017.03.23 13:15:15.212,12.52029,12.52272,0.00,0.00
2017.03.23 13:15:15.262,12.52018,12.52272,0.00,0.00
2017.03.23 13:15:15.668,12.52018,12.52251,0.00,0.00
2017.03.23 13:15:15.960,12.52018,12.52271,0.00,0.00
2017.03.23 13:15:16.183,12.52018,12.52262,0.00,0.00
2017.03.23 13:15:16.625,12.52018,12.52242,0.00,0.00
2017.03.23 13:15:16.676,12.52018,12.52262,0.00,0.00
2017.03.23 13:15:16.748,12.52029,12.52292,0.00,0.00
2017.03.23 13:15:16.949,12.52018,12.52271,0.00,0.00
2017.03.23 13:15:17.064,12.52018,12.52292,0.00,0.00
2017.03.23 13:15:17.173,12.52018,12.52251,0.00,0.00
2017.03.23 13:15:17.761,12.52018,12.52262,0.00,0.00
2017.03.23 13:15:17.873,12.52038,12.52292,0.00,0.00
2017.03.23 13:15:17.974,12.52018,12.52252,0.00,0.00
2017.03.23 13:15:18.097,12.52018,12.52292,0.00,0.00
2017.03.23 13:15:18.154,12.52018,12.52251,0.00,0.00
2017.03.23 13:15:18.455,12.52018,12.52271,0.00,0.00
2017.03.23 13:15:19.126,12.52112,12.52271,0.00,0.00
2017.03.23 13:15:19.176,12.52118,12.52291,0.00,0.00
2017.03.23 13:15:19.278,12.52138,12.52392,0.00,0.00
2017.03.23 13:15:19.357,12.52118,12.52371,0.00,0.00
2017.03.23 13:15:19.483,12.52119,12.52392,0.00,0.00
2017.03.23 13:15:19.657,12.52118,12.52382,0.00,0.00
2017.03.23 13:15:20.068,12.52118,12.52371,0.00,0.00
2017.03.23 13:15:20.185,12.52118,12.52392,0.00,0.00
2017.03.23 13:15:20.286,12.52128,12.52392,0.00,0.00
2017.03.23 13:15:20.858,12.52118,12.52372,0.00,0.00
2017.03.23 13:15:21.195,12.52118,12.52392,0.00,0.00
2017.03.23 13:15:21.299,12.52129,12.52392,0.00,0.00
2017.03.23 13:15:21.580,12.52119,12.52392,0.00,0.00
2017.03.23 13:15:21.661,12.52118,12.52372,0.00,0.00
2017.03.23 13:15:22.068,12.52118,12.52392,0.00,0.00
2017.03.23 13:15:22.246,12.52168,12.52402,0.00,0.00
2017.03.23 13:15:22.578,12.52121,12.52382,0.00,0.00
2017.03.23 13:15:22.695,12.52168,12.52382,0.00,0.00
2017.03.23 13:15:22.808,12.52168,12.52411,0.00,0.00
2017.03.23 13:15:22.909,12.52168,12.52442,0.00,0.00
2017.03.23 13:15:23.307,12.52158,12.52392,0.00,0.00
2017.03.23 13:15:23.409,12.52138,12.52392,0.00,0.00
2017.03.23 13:15:23.467,12.52122,12.52391,0.00,0.00
2017.03.23 13:15:23.517,12.52169,12.52391,0.00,0.00
2017.03.23 13:15:23.868,12.52218,12.52431,0.00,0.00
2017.03.23 13:15:23.919,12.52218,12.52482,0.00,0.00
2017.03.23 13:15:24.081,12.52218,12.52471,0.00,0.00
2017.03.23 13:15:24.186,12.52218,12.52492,0.00,0.00
2017.03.23 13:15:24.468,12.52218,12.52482,0.00,0.00
2017.03.23 13:15:24.803,12.52218,12.52492,0.00,0.00
2017.03.23 13:15:24.906,12.52229,12.52492,0.00,0.00
2017.03.23 13:15:25.270,12.52218,12.52472,0.00,0.00
2017.03.23 13:15:25.571,12.52218,12.52441,0.00,0.00
2017.03.23 13:15:25.876,12.52218,12.52422,0.00,0.00
2017.03.23 13:15:25.981,12.52218,12.52442,0.00,0.00
2017.03.23 13:15:26.091,12.52218,12.52421,0.00,0.00
2017.03.23 13:15:26.172,12.52218,12.52462,0.00,0.00
2017.03.23 13:15:26.612,12.52218,12.52441,0.00,0.00
2017.03.23 13:15:26.795,12.52218,12.52461,0.00,0.00
2017.03.23 13:15:26.873,12.52229,12.52492,0.00,0.00
2017.03.23 13:15:26.982,12.52218,12.52422,0.00,0.00
2017.03.23 13:15:27.086,12.52228,12.52492,0.00,0.00
2017.03.23 13:15:27.293,12.52218,12.52412,0.00,0.00
2017.03.23 13:15:27.344,12.52168,12.52412,0.00,0.00
2017.03.23 13:15:27.445,12.52152,12.52392,0.00,0.00
2017.03.23 13:15:27.749,12.52152,12.52342,0.00,0.00
2017.03.23 13:15:27.799,12.52152,12.52392,0.00,0.00
2017.03.23 13:15:27.990,12.52152,12.52382,0.00,0.00
2017.03.23 13:15:28.167,12.52121,12.52382,0.00,0.00
2017.03.23 13:15:28.217,12.52121,12.52362,0.00,0.00
2017.03.23 13:15:28.326,12.52121,12.52392,0.00,0.00
2017.03.23 13:15:28.377,12.52138,12.52392,0.00,0.00
2017.03.23 13:15:28.477,12.52121,12.52391,0.00,0.00
2017.03.23 13:15:28.600,12.52139,12.52392,0.00,0.00
2017.03.23 13:15:28.877,12.52121,12.52392,0.00,0.00
2017.03.23 13:15:29.579,12.52121,12.52371,0.00,0.00
2017.03.23 13:15:29.907,12.52202,12.52371,0.00,0.00
2017.03.23 13:15:30.015,12.52218,12.52412,0.00,0.00
2017.03.23 13:15:30.117,12.52218,12.52451,0.00,0.00
2017.03.23 13:15:30.219,12.52218,12.52492,0.00,0.00
2017.03.23 13:15:30.280,12.52218,12.52422,0.00,0.00
2017.03.23 13:15:30.481,12.52218,12.52491,0.00,0.00
2017.03.23 13:15:30.586,12.52218,12.52462,0.00,0.00
2017.03.23 13:15:30.785,12.52218,12.52491,0.00,0.00
2017.03.23 13:15:31.129,12.52218,12.52461,0.00,0.00
2017.03.23 13:15:31.447,12.52218,12.52421,0.00,0.00
2017.03.23 13:15:31.535,12.52218,12.52442,0.00,0.00
2017.03.23 13:15:31.683,12.52218,12.52492,0.00,0.00
2017.03.23 13:15:31.784,12.52218,12.52461,0.00,0.00
2017.03.23 13:15:32.252,12.52218,12.52442,0.00,0.00
2017.03.23 13:15:32.807,12.52218,12.52432,0.00,0.00
2017.03.23 13:15:32.885,12.52229,12.52492,0.00,0.00
2017.03.23 13:15:33.115,12.52218,12.52462,0.00,0.00
2017.03.23 13:15:33.396,12.52229,12.52492,0.00,0.00
2017.03.23 13:15:33.508,12.52218,12.52412,0.00,0.00
2017.03.23 13:15:33.587,12.52218,12.52422,0.00,0.00
2017.03.23 13:15:33.714,12.52239,12.52492,0.00,0.00
2017.03.23 13:15:33.937,12.52218,12.52492,0.00,0.00
2017.03.23 13:15:33.988,12.52218,12.52441,0.00,0.00
2017.03.23 13:15:34.091,12.52218,12.52471,0.00,0.00
2017.03.23 13:15:34.202,12.52218,12.52452,0.00,0.00
2017.03.23 13:15:34.495,12.52218,12.52471,0.00,0.00
2017.03.23 13:15:34.798,12.52218,12.52441,0.00,0.00
2017.03.23 13:15:34.902,12.52239,12.52492,0.00,0.00
2017.03.23 13:15:35.117,12.52218,12.52492,0.00,0.00
2017.03.23 13:15:35.190,12.52218,12.52471,0.00,0.00
2017.03.23 13:15:35.490,12.52219,12.52492,0.00,0.00
2017.03.23 13:15:35.691,12.52218,12.52452,0.00,0.00
2017.03.23 13:15:36.088,12.52222,12.52452,0.00,0.00
2017.03.23 13:15:36.237,12.52238,12.52492,0.00,0.00
2017.03.23 13:15:36.292,12.52248,12.52492,0.00,0.00
2017.03.23 13:15:36.414,12.52238,12.52492,0.00,0.00
2017.03.23 13:15:36.593,12.52248,12.52492,0.00,0.00
2017.03.23 13:15:36.714,12.52222,12.52472,0.00,0.00
2017.03.23 13:15:36.913,12.52222,12.52451,0.00,0.00
2017.03.23 13:15:37.030,12.52222,12.52491,0.00,0.00
2017.03.23 13:15:37.135,12.52248,12.52492,0.00,0.00
2017.03.23 13:15:37.439,12.52239,12.52492,0.00,0.00
2017.03.23 13:15:37.764,12.52222,12.52492,0.00,0.00
2017.03.23 13:15:37.841,12.52222,12.52472,0.00,0.00
2017.03.23 13:15:37.943,12.52222,12.52492,0.00,0.00
2017.03.23 13:15:37.995,12.52238,12.52492,0.00,0.00
2017.03.23 13:15:38.101,12.52222,12.52491,0.00,0.00
2017.03.23 13:15:38.245,12.52222,12.52482,0.00,0.00
2017.03.23 13:15:38.296,12.52228,12.52492,0.00,0.00
2017.03.23 13:15:38.434,12.52222,12.52491,0.00,0.00
2017.03.23 13:15:38.497,12.52222,12.52482,0.00,0.00
2017.03.23 13:15:38.998,12.52222,12.52492,0.00,0.00
2017.03.23 13:15:39.123,12.52228,12.52492,0.00,0.00
2017.03.23 13:15:39.525,12.52222,12.52492,0.00,0.00
2017.03.23 13:15:39.599,12.52222,12.52482,0.00,0.00
2017.03.23 13:15:39.949,12.52229,12.52492,0.00,0.00
2017.03.23 13:15:40.122,12.52222,12.52481,0.00,0.00
2017.03.23 13:15:40.506,12.52248,12.52492,0.00,0.00
2017.03.23 13:15:40.637,12.52222,12.52491,0.00,0.00
2017.03.23 13:15:40.701,12.52222,12.52481,0.00,0.00
2017.03.23 13:15:41.202,12.52222,12.52492,0.00,0.00
2017.03.23 13:15:41.313,12.52222,12.52482,0.00,0.00
2017.03.23 13:15:41.705,12.52222,12.52451,0.00,0.00
2017.03.23 13:15:41.806,12.52222,12.52492,0.00,0.00
2017.03.23 13:15:42.104,12.52222,12.52452,0.00,0.00
2017.03.23 13:15:42.212,12.52222,12.52492,0.00,0.00
2017.03.23 13:15:42.444,12.52222,12.52452,0.00,0.00
2017.03.23 13:15:42.748,12.52222,12.52471,0.00,0.00
2017.03.23 13:15:42.804,12.52248,12.52492,0.00,0.00
2017.03.23 13:15:43.043,12.52222,12.52491,0.00,0.00
2017.03.23 13:15:43.105,12.52229,12.52492,0.00,0.00
2017.03.23 13:15:43.226,12.52222,12.52491,0.00,0.00
2017.03.23 13:15:43.305,12.52222,12.52452,0.00,0.00
2017.03.23 13:15:43.633,12.52222,12.52472,0.00,0.00
2017.03.23 13:15:43.747,12.52238,12.52492,0.00,0.00
2017.03.23 13:15:43.806,12.52222,12.52492,0.00,0.00
2017.03.23 13:15:44.256,12.52248,12.52492,0.00,0.00
2017.03.23 13:15:44.408,12.52222,12.52492,0.00,0.00
2017.03.23 13:15:44.590,12.52222,12.52441,0.00,0.00
2017.03.23 13:15:44.641,12.52222,12.52452,0.00,0.00
2017.03.23 13:15:46.823,12.52238,12.52492,0.00,0.00
2017.03.23 13:15:46.926,12.52222,12.52482,0.00,0.00
2017.03.23 13:15:46.977,12.52238,12.52482,0.00,0.00
2017.03.23 13:15:47.028,12.52238,12.52502,0.00,0.00
2017.03.23 13:15:47.412,12.52238,12.52481,0.00,0.00
2017.03.23 13:15:47.635,12.52238,12.52522,0.00,0.00
2017.03.23 13:15:47.736,12.52238,12.52492,0.00,0.00
2017.03.23 13:15:48.031,12.52238,12.52502,0.00,0.00
2017.03.23 13:15:48.315,12.52238,12.52512,0.00,0.00
2017.03.23 13:15:48.529,12.52249,12.52522,0.00,0.00
2017.03.23 13:15:49.318,12.52238,12.52501,0.00,0.00
2017.03.23 13:15:49.419,12.52248,12.52522,0.00,0.00
2017.03.23 13:15:49.623,12.52238,12.52502,0.00,0.00
2017.03.23 13:15:50.162,12.52301,12.52492,0.00,0.00
2017.03.23 13:15:50.265,12.52338,12.52562,0.00,0.00
2017.03.23 13:15:50.418,12.52338,12.52532,0.00,0.00
2017.03.23 13:15:50.534,12.52338,12.52561,0.00,0.00
2017.03.23 13:15:50.635,12.52308,12.52522,0.00,0.00
2017.03.23 13:15:50.753,12.52271,12.52491,0.00,0.00
2017.03.23 13:15:50.919,12.52271,12.52511,0.00,0.00
2017.03.23 13:15:51.277,12.52238,12.52512,0.00,0.00
2017.03.23 13:15:51.637,12.52302,12.52532,0.00,0.00
2017.03.23 13:15:51.745,12.52338,12.52591,0.00,0.00
2017.03.23 13:15:51.850,12.52338,12.52539,0.00,0.00
2017.03.23 13:15:51.900,12.52309,12.52522,0.00,0.00
2017.03.23 13:15:51.951,12.52238,12.52502,0.00,0.00
2017.03.23 13:15:52.230,12.52258,12.52522,0.00,0.00
2017.03.23 13:15:52.449,12.52238,12.52512,0.00,0.00
2017.03.23 13:15:52.550,12.52262,12.52502,0.00,0.00
2017.03.23 13:15:52.651,12.52288,12.52552,0.00,0.00
2017.03.23 13:15:52.849,12.52288,12.52521,0.00,0.00
2017.03.23 13:15:53.074,12.52239,12.52521,0.00,0.00
2017.03.23 13:15:53.124,12.52268,12.52522,0.00,0.00
2017.03.23 13:15:53.336,12.52239,12.52521,0.00,0.00
2017.03.23 13:15:53.533,12.52238,12.52511,0.00,0.00
2017.03.23 13:15:53.885,12.52238,12.52481,0.00,0.00
2017.03.23 13:15:54.054,12.52238,12.52522,0.00,0.00
2017.03.23 13:15:54.658,12.52238,12.52512,0.00,0.00
2017.03.23 13:15:54.999,12.52238,12.52502,0.00,0.00
2017.03.23 13:15:55.049,12.52239,12.52521,0.00,0.00
2017.03.23 13:15:55.575,12.52238,12.52501,0.00,0.00
2017.03.23 13:15:55.729,12.52238,12.52512,0.00,0.00
2017.03.23 13:15:55.913,12.52238,12.52492,0.00,0.00
2017.03.23 13:15:56.438,12.52221,12.52471,0.00,0.00
2017.03.23 13:15:56.855,12.52239,12.52471,0.00,0.00
2017.03.23 13:15:56.967,12.52221,12.52471,0.00,0.00
2017.03.23 13:15:57.272,12.52238,12.52471,0.00,0.00
2017.03.23 13:15:57.433,12.52221,12.52471,0.00,0.00
2017.03.23 13:15:58.443,12.52221,12.52442,0.00,0.00
2017.03.23 13:15:58.533,12.52221,12.52471,0.00,0.00
2017.03.23 13:15:59.134,12.52239,12.52471,0.00,0.00
2017.03.23 13:15:59.466,12.52172,12.52372,0.00,0.00
2017.03.23 13:16:00.148,12.52121,12.52372,0.00,0.00
2017.03.23 13:16:00.584,12.52128,12.52372,0.00,0.00
2017.03.23 13:16:00.762,12.52121,12.52372,0.00,0.00
2017.03.23 13:16:00.944,12.52121,12.52351,0.00,0.00
2017.03.23 13:16:01.045,12.52121,12.52361,0.00,0.00
2017.03.23 13:16:01.169,12.52121,12.52351,0.00,0.00
2017.03.23 13:16:01.385,12.52131,12.52372,0.00,0.00
2017.03.23 13:16:01.519,12.52148,12.52409,0.00,0.00
2017.03.23 13:16:01.620,12.52149,12.52371,0.00,0.00
2017.03.23 13:16:01.671,12.52129,12.52371,0.00,0.00
2017.03.23 13:16:01.739,12.52121,12.52371,0.00,0.00
2017.03.23 13:16:02.376,12.52121,12.52352,0.00,0.00
2017.03.23 13:16:02.450,12.52121,12.52371,0.00,0.00
2017.03.23 13:16:02.865,12.52198,12.52372,0.00,0.00
2017.03.23 13:16:02.966,12.52222,12.52421,0.00,0.00
2017.03.23 13:16:03.104,12.52222,12.52472,0.00,0.00
2017.03.23 13:16:03.154,12.52228,12.52472,0.00,0.00
2017.03.23 13:16:03.262,12.52222,12.52472,0.00,0.00
2017.03.23 13:16:03.586,12.52222,12.52432,0.00,0.00
2017.03.23 13:16:03.687,12.52222,12.52472,0.00,0.00
2017.03.23 13:16:03.792,12.52228,12.52472,0.00,0.00
2017.03.23 13:16:03.892,12.52159,12.52409,0.00,0.00
2017.03.23 13:16:03.943,12.52159,12.52372,0.00,0.00
2017.03.23 13:16:04.045,12.52132,12.52372,0.00,0.00
2017.03.23 13:16:04.168,12.52148,12.52401,0.00,0.00
2017.03.23 13:16:04.218,12.52171,12.52401,0.00,0.00
2017.03.23 13:16:04.269,12.52171,12.52422,0.00,0.00
2017.03.23 13:16:05.047,12.52199,12.52441,0.00,0.00
2017.03.23 13:16:05.258,12.52218,12.52471,0.00,0.00
2017.03.23 13:16:05.348,12.52228,12.52471,0.00,0.00
2017.03.23 13:16:05.649,12.52211,12.52471,0.00,0.00
2017.03.23 13:16:05.922,12.52229,12.52471,0.00,0.00
2017.03.23 13:16:05.972,12.52211,12.52471,0.00,0.00
2017.03.23 13:16:06.095,12.52211,12.52421,0.00,0.00
2017.03.23 13:16:06.145,12.52188,12.52408,0.00,0.00
2017.03.23 13:16:06.251,12.52171,12.52371,0.00,0.00
2017.03.23 13:16:06.724,12.52132,12.52371,0.00,0.00
2017.03.23 13:16:07.355,12.52149,12.52371,0.00,0.00
2017.03.23 13:16:07.655,12.52132,12.52371,0.00,0.00
2017.03.23 13:16:08.166,12.52139,12.52371,0.00,0.00
2017.03.23 13:16:08.318,12.52111,12.52362,0.00,0.00
2017.03.23 13:16:08.369,12.52119,12.52372,0.00,0.00
2017.03.23 13:16:08.480,12.52111,12.52342,0.00,0.00
2017.03.23 13:16:08.662,12.52139,12.52372,0.00,0.00
2017.03.23 13:16:08.780,12.52111,12.52372,0.00,0.00
2017.03.23 13:16:09.461,12.52111,12.52342,0.00,0.00
2017.03.23 13:16:10.376,12.52118,12.52372,0.00,0.00
2017.03.23 13:16:10.950,12.52111,12.52372,0.00,0.00
2017.03.23 13:16:11.065,12.52118,12.52372,0.00,0.00
2017.03.23 13:16:11.378,12.52111,12.52372,0.00,0.00
2017.03.23 13:16:11.481,12.52128,12.52372,0.00,0.00
2017.03.23 13:16:11.668,12.52111,12.52371,0.00,0.00
2017.03.23 13:16:11.898,12.52128,12.52372,0.00,0.00
2017.03.23 13:16:12.407,12.52129,12.52372,0.00,0.00
2017.03.23 13:16:12.708,12.52119,12.52372,0.00,0.00
2017.03.23 13:16:12.770,12.52111,12.52372,0.00,0.00
2017.03.23 13:16:14.090,12.52111,12.52371,0.00,0.00
2017.03.23 13:16:14.173,12.52119,12.52371,0.00,0.00
2017.03.23 13:16:14.789,12.52118,12.52371,0.00,0.00
2017.03.23 13:16:16.177,12.52111,12.52371,0.00,0.00
2017.03.23 13:16:16.498,12.52111,12.52352,0.00,0.00
2017.03.23 13:16:16.879,12.52111,12.52371,0.00,0.00
2017.03.23 13:16:16.980,12.52128,12.52371,0.00,0.00
2017.03.23 13:16:17.327,12.52138,12.52371,0.00,0.00
2017.03.23 13:16:17.381,12.52111,12.52371,0.00,0.00
2017.03.23 13:16:18.783,12.52128,12.52371,0.00,0.00
2017.03.23 13:16:19.886,12.52111,12.52371,0.00,0.00
2017.03.23 13:16:19.987,12.52128,12.52371,0.00,0.00
2017.03.23 13:16:20.296,12.52199,12.52409,0.00,0.00
2017.03.23 13:16:20.346,12.52212,12.52432,0.00,0.00
2017.03.23 13:16:20.397,12.52212,12.52442,0.00,0.00
2017.03.23 13:16:20.489,12.52212,12.52471,0.00,0.00
2017.03.23 13:16:20.598,12.52238,12.52471,0.00,0.00
2017.03.23 13:16:20.700,12.52212,12.52462,0.00,0.00
2017.03.23 13:16:20.789,12.52212,12.52431,0.00,0.00
2017.03.23 13:16:20.904,12.52212,12.52462,0.00,0.00
2017.03.23 13:16:21.088,12.52212,12.52471,0.00,0.00
2017.03.23 13:16:21.138,12.52212,12.52432,0.00,0.00
2017.03.23 13:16:21.293,12.52212,12.52462,0.00,0.00
2017.03.23 13:16:21.391,12.52229,12.52471,0.00,0.00
2017.03.23 13:16:21.993,12.52212,12.52471,0.00,0.00
2017.03.23 13:16:22.328,12.52228,12.52471,0.00,0.00
2017.03.23 13:16:22.393,12.52212,12.52462,0.00,0.00
2017.03.23 13:16:22.532,12.52229,12.52471,0.00,0.00
2017.03.23 13:16:22.845,12.52212,12.52442,0.00,0.00
2017.03.23 13:16:23.029,12.52229,12.52471,0.00,0.00
2017.03.23 13:16:23.095,12.52212,12.52462,0.00,0.00
2017.03.23 13:16:23.146,12.52222,12.52462,0.00,0.00
2017.03.23 13:16:23.196,12.52222,12.52471,0.00,0.00
2017.03.23 13:16:23.927,12.52222,12.52461,0.00,0.00
2017.03.23 13:16:24.032,12.52228,12.52471,0.00,0.00
2017.03.23 13:16:24.099,12.52222,12.52471,0.00,0.00
2017.03.23 13:16:24.199,12.52228,12.52471,0.00,0.00
2017.03.23 13:16:24.520,12.52222,12.52471,0.00,0.00
2017.03.23 13:16:24.808,12.52229,12.52471,0.00,0.00
2017.03.23 13:16:25.202,12.52222,12.52471,0.00,0.00
2017.03.23 13:16:26.452,12.52219,12.52471,0.00,0.00
2017.03.23 13:16:26.505,12.52209,12.52471,0.00,0.00
2017.03.23 13:16:26.714,12.52201,12.52471,0.00,0.00
2017.03.23 13:16:27.220,12.52219,12.52471,0.00,0.00
2017.03.23 13:16:27.808,12.52209,12.52471,0.00,0.00
2017.03.23 13:16:29.257,12.52201,12.52451,0.00,0.00
2017.03.23 13:16:29.310,12.52201,12.52471,0.00,0.00
2017.03.23 13:16:29.457,12.52201,12.52421,0.00,0.00
2017.03.23 13:16:29.511,12.52201,12.52471,0.00,0.00
2017.03.23 13:16:29.619,12.52201,12.52422,0.00,0.00
2017.03.23 13:16:29.812,12.52228,12.52471,0.00,0.00
2017.03.23 13:16:30.113,12.52209,12.52471,0.00,0.00
2017.03.23 13:16:30.216,12.52201,12.52471,0.00,0.00
2017.03.23 13:16:30.468,12.52199,12.52371,0.00,0.00
2017.03.23 13:16:30.689,12.52129,12.52371,0.00,0.00
2017.03.23 13:16:30.740,12.52109,12.52371,0.00,0.00
2017.03.23 13:16:30.816,12.52101,12.52371,0.00,0.00
2017.03.23 13:16:30.939,12.52101,12.52352,0.00,0.00
2017.03.23 13:16:31.053,12.52108,12.52371,0.00,0.00
2017.03.23 13:16:31.118,12.52099,12.52322,0.00,0.00
2017.03.23 13:16:31.217,12.52099,12.52371,0.00,0.00
2017.03.23 13:16:31.318,12.52099,12.52321,0.00,0.00
2017.03.23 13:16:31.436,12.52129,12.52371,0.00,0.00
2017.03.23 13:16:31.694,12.52109,12.52371,0.00,0.00
2017.03.23 13:16:31.855,12.52099,12.52362,0.00,0.00
2017.03.23 13:16:31.956,12.52099,12.52312,0.00,0.00
2017.03.23 13:16:32.006,12.52091,12.52312,0.00,0.00
2017.03.23 13:16:32.057,12.52118,12.52289,0.00,0.00
2017.03.23 13:16:32.158,12.52051,12.52272,0.00,0.00
2017.03.23 13:16:32.766,12.52051,12.52271,0.00,0.00
2017.03.23 13:16:33.275,12.52001,12.52271,0.00,0.00
2017.03.23 13:16:33.525,12.52018,12.52272,0.00,0.00
2017.03.23 13:16:33.741,12.52001,12.52272,0.00,0.00
2017.03.23 13:16:33.827,12.52028,12.52272,0.00,0.00
2017.03.23 13:16:34.027,12.52001,12.52272,0.00,0.00
2017.03.23 13:16:34.334,12.52009,12.52272,0.00,0.00
2017.03.23 13:16:34.742,12.52018,12.52272,0.00,0.00
2017.03.23 13:16:34.829,12.52001,12.52271,0.00,0.00
2017.03.23 13:16:34.939,12.52001,12.52241,0.00,0.00
2017.03.23 13:16:35.048,12.52001,12.52272,0.00,0.00
2017.03.23 13:16:35.256,12.52008,12.52272,0.00,0.00
2017.03.23 13:16:35.989,12.52038,12.52272,0.00,0.00
2017.03.23 13:16:36.040,12.52008,12.52272,0.00,0.00
2017.03.23 13:16:36.133,12.52038,12.52272,0.00,0.00
2017.03.23 13:16:37.036,12.52009,12.52272,0.00,0.00
2017.03.23 13:16:37.116,12.52099,12.52289,0.00,0.00
2017.03.23 13:16:37.166,12.52099,12.52311,0.00,0.00
2017.03.23 13:16:37.267,12.52099,12.52322,0.00,0.00
2017.03.23 13:16:37.368,12.52099,12.52371,0.00,0.00
2017.03.23 13:16:37.437,12.52099,12.52352,0.00,0.00
2017.03.23 13:16:37.764,12.52118,12.52371,0.00,0.00
2017.03.23 13:16:37.838,12.52099,12.52362,0.00,0.00
2017.03.23 13:16:38.139,12.52099,12.52342,0.00,0.00
2017.03.23 13:16:38.242,12.52099,12.52362,0.00,0.00
2017.03.23 13:16:38.439,12.52099,12.52332,0.00,0.00
2017.03.23 13:16:38.539,12.52108,12.52371,0.00,0.00
2017.03.23 13:16:38.840,12.52099,12.52361,0.00,0.00
2017.03.23 13:16:38.941,12.52099,12.52371,0.00,0.00
2017.03.23 13:16:39.042,12.52119,12.52371,0.00,0.00
2017.03.23 13:16:39.142,12.52108,12.52371,0.00,0.00
2017.03.23 13:16:39.442,12.52099,12.52352,0.00,0.00
2017.03.23 13:16:39.565,12.52099,12.52361,0.00,0.00
2017.03.23 13:16:39.673,12.52099,12.52371,0.00,0.00
2017.03.23 13:16:39.743,12.52118,12.52371,0.00,0.00
2017.03.23 13:16:40.129,12.52099,12.52321,0.00,0.00
2017.03.23 13:16:40.179,12.52099,12.52341,0.00,0.00
2017.03.23 13:16:40.280,12.52099,12.52321,0.00,0.00
2017.03.23 13:16:40.996,12.52099,12.52371,0.00,0.00
2017.03.23 13:16:41.047,12.52119,12.52371,0.00,0.00
2017.03.23 13:16:41.388,12.52099,12.52352,0.00,0.00
2017.03.23 13:16:41.447,12.52119,12.52371,0.00,0.00
2017.03.23 13:16:41.850,12.52051,12.52262,0.00,0.00
2017.03.23 13:16:42.731,12.52001,12.52262,0.00,0.00
2017.03.23 13:16:42.781,12.52001,12.52222,0.00,0.00
2017.03.23 13:16:43.093,12.52058,12.52289,0.00,0.00
2017.03.23 13:16:43.144,12.52058,12.52271,0.00,0.00
2017.03.23 13:16:43.194,12.52048,12.52271,0.00,0.00
2017.03.23 13:16:43.295,12.52011,12.52271,0.00,0.00
2017.03.23 13:16:43.346,12.52052,12.52282,0.00,0.00
2017.03.23 13:16:43.396,12.52052,12.52322,0.00,0.00
2017.03.23 13:16:43.919,12.52048,12.52272,0.00,0.00
2017.03.23 13:16:43.970,12.52039,12.52272,0.00,0.00
2017.03.23 13:16:44.077,12.52018,12.52272,0.00,0.00
2017.03.23 13:16:44.153,12.52002,12.52272,0.00,0.00
2017.03.23 13:16:44.593,12.52008,12.52272,0.00,0.00
2017.03.23 13:16:44.654,12.52002,12.52272,0.00,0.00
2017.03.23 13:16:44.790,12.51998,12.52258,0.00,0.00
2017.03.23 13:16:45.678,12.52008,12.52258,0.00,0.00
2017.03.23 13:16:45.986,12.52038,12.52258,0.00,0.00
2017.03.23 13:16:46.459,12.52029,12.52258,0.00,0.00
2017.03.23 13:16:46.807,12.52018,12.52258,0.00,0.00
2017.03.23 13:16:46.860,12.52049,12.52258,0.00,0.00
2017.03.23 13:16:46.971,12.52028,12.52258,0.00,0.00
2017.03.23 13:16:47.061,12.52018,12.52258,0.00,0.00
2017.03.23 13:16:47.161,12.52048,12.52258,0.00,0.00
2017.03.23 13:16:47.302,12.52018,12.52258,0.00,0.00
2017.03.23 13:16:47.362,12.52028,12.52258,0.00,0.00
2017.03.23 13:16:48.209,12.52019,12.52258,0.00,0.00
2017.03.23 13:16:48.310,12.51998,12.52258,0.00,0.00
2017.03.23 13:16:48.890,12.52018,12.52258,0.00,0.00
2017.03.23 13:16:49.678,12.52008,12.52258,0.00,0.00
2017.03.23 13:16:49.797,12.52029,12.52258,0.00,0.00
2017.03.23 13:16:50.168,12.52018,12.52258,0.00,0.00
2017.03.23 13:16:50.268,12.52038,12.52258,0.00,0.00
2017.03.23 13:16:50.476,12.51998,12.52258,0.00,0.00
2017.03.23 13:16:50.571,12.52028,12.52258,0.00,0.00
2017.03.23 13:16:50.717,12.51998,12.52258,0.00,0.00
2017.03.23 13:16:50.884,12.52029,12.52258,0.00,0.00
2017.03.23 13:16:50.991,12.52008,12.52258,0.00,0.00
2017.03.23 13:16:51.476,12.52038,12.52258,0.00,0.00
2017.03.23 13:16:51.604,12.51998,12.52258,0.00,0.00
2017.03.23 13:16:51.673,12.51998,12.52241,0.00,0.00
2017.03.23 13:16:52.001,12.51999,12.52258,0.00,0.00
2017.03.23 13:16:52.182,12.51998,12.52232,0.00,0.00
2017.03.23 13:16:52.292,12.52018,12.52258,0.00,0.00
2017.03.23 13:16:52.476,12.51998,12.52258,0.00,0.00
2017.03.23 13:16:52.876,12.52019,12.52258,0.00,0.00
2017.03.23 13:16:52.977,12.51998,12.52258,0.00,0.00
2017.03.23 13:16:53.116,12.51998,12.52232,0.00,0.00
2017.03.23 13:16:53.493,12.52029,12.52258,0.00,0.00
2017.03.23 13:16:53.608,12.51998,12.52258,0.00,0.00
2017.03.23 13:16:53.724,12.51998,12.52242,0.00,0.00
2017.03.23 13:16:53.996,12.51998,12.52258,0.00,0.00
2017.03.23 13:16:54.080,12.51998,12.52232,0.00,0.00
2017.03.23 13:16:54.398,12.51952,12.52169,0.00,0.00
2017.03.23 13:16:55.093,12.51958,12.52208,0.00,0.00
2017.03.23 13:16:55.323,12.51969,12.52208,0.00,0.00
2017.03.23 13:16:55.511,12.52009,12.52251,0.00,0.00
2017.03.23 13:16:55.612,12.52009,12.52259,0.00,0.00
2017.03.23 13:16:55.714,12.52018,12.52259,0.00,0.00
2017.03.23 13:16:55.784,12.52009,12.52259,0.00,0.00
2017.03.23 13:16:56.602,12.51978,12.52168,0.00,0.00
2017.03.23 13:16:56.829,12.51908,12.52168,0.00,0.00
2017.03.23 13:16:56.888,12.51918,12.52168,0.00,0.00
2017.03.23 13:16:57.324,12.51908,12.52151,0.00,0.00
2017.03.23 13:16:57.390,12.51919,12.52168,0.00,0.00
2017.03.23 13:16:57.790,12.51929,12.52168,0.00,0.00
2017.03.23 13:16:57.890,12.51918,12.52168,0.00,0.00
2017.03.23 13:16:58.191,12.51928,12.52168,0.00,0.00
2017.03.23 13:16:58.523,12.51869,12.52078,0.00,0.00
2017.03.23 13:16:58.634,12.51852,12.52078,0.00,0.00
2017.03.23 13:16:58.689,12.51859,12.52078,0.00,0.00
2017.03.23 13:16:58.739,12.51871,12.52101,0.00,0.00
2017.03.23 13:16:58.840,12.51908,12.52121,0.00,0.00
2017.03.23 13:16:58.893,12.51909,12.52159,0.00,0.00
2017.03.23 13:16:59.016,12.51928,12.52159,0.00,0.00
2017.03.23 13:16:59.394,12.51909,12.52159,0.00,0.00
2017.03.23 13:16:59.640,12.51919,12.52159,0.00,0.00
2017.03.23 13:16:59.695,12.51908,12.52159,0.00,0.00
2017.03.23 13:16:59.824,12.51908,12.52132,0.00,0.00
2017.03.23 13:17:00.522,12.51928,12.52159,0.00,0.00
2017.03.23 13:17:00.597,12.51908,12.52159,0.00,0.00
2017.03.23 13:17:01.334,12.51918,12.52159,0.00,0.00
2017.03.23 13:17:01.437,12.51908,12.52159,0.00,0.00
2017.03.23 13:17:03.403,12.51929,12.52159,0.00,0.00
2017.03.23 13:17:03.525,12.51908,12.52159,0.00,0.00
2017.03.23 13:17:03.604,12.51908,12.52122,0.00,0.00
2017.03.23 13:17:03.705,12.51908,12.52142,0.00,0.00
2017.03.23 13:17:03.883,12.51929,12.52159,0.00,0.00
2017.03.23 13:17:03.933,12.51918,12.52159,0.00,0.00
2017.03.23 13:17:04.148,12.51908,12.52159,0.00,0.00
2017.03.23 13:17:04.207,12.51929,12.52159,0.00,0.00
2017.03.23 13:17:04.427,12.51908,12.52159,0.00,0.00
2017.03.23 13:17:04.531,12.51908,12.52131,0.00,0.00
2017.03.23 13:17:04.653,12.51908,12.52159,0.00,0.00
2017.03.23 13:17:04.709,12.51938,12.52159,0.00,0.00
2017.03.23 13:17:04.821,12.51919,12.52159,0.00,0.00
2017.03.23 13:17:04.911,12.51928,12.52159,0.00,0.00
2017.03.23 13:17:05.011,12.51908,12.52159,0.00,0.00
2017.03.23 13:17:06.047,12.51918,12.52159,0.00,0.00
2017.03.23 13:17:06.658,12.51908,12.52159,0.00,0.00
2017.03.23 13:17:06.790,12.51908,12.52142,0.00,0.00
2017.03.23 13:17:07.238,12.51908,12.52159,0.00,0.00
2017.03.23 13:17:07.339,12.51949,12.52159,0.00,0.00
2017.03.23 13:17:07.448,12.51908,12.52142,0.00,0.00
2017.03.23 13:17:07.518,12.51948,12.52159,0.00,0.00
2017.03.23 13:17:07.740,12.51908,12.52141,0.00,0.00
2017.03.23 13:17:07.867,12.51908,12.52159,0.00,0.00
2017.03.23 13:17:07.919,12.51949,12.52159,0.00,0.00
2017.03.23 13:17:08.020,12.51908,12.52159,0.00,0.00
2017.03.23 13:17:08.242,12.51908,12.52142,0.00,0.00
2017.03.23 13:17:08.556,12.51938,12.52159,0.00,0.00
2017.03.23 13:17:09.368,12.51928,12.52159,0.00,0.00
2017.03.23 13:17:09.422,12.51939,12.52159,0.00,0.00
2017.03.23 13:17:09.644,12.51918,12.52159,0.00,0.00
2017.03.23 13:17:09.767,12.51908,12.52159,0.00,0.00
2017.03.23 13:17:09.927,12.51908,12.52141,0.00,0.00
2017.03.23 13:17:10.242,12.51939,12.52159,0.00,0.00
2017.03.23 13:17:10.343,12.51908,12.52141,0.00,0.00
2017.03.23 13:17:10.825,12.51918,12.52159,0.00,0.00
2017.03.23 13:17:11.675,12.51908,12.52159,0.00,0.00
2017.03.23 13:17:11.801,12.51929,12.52159,0.00,0.00
2017.03.23 13:17:11.953,12.51909,12.52159,0.00,0.00
2017.03.23 13:17:12.054,12.51939,12.52159,0.00,0.00
2017.03.23 13:17:12.381,12.51949,12.52159,0.00,0.00
2017.03.23 13:17:12.432,12.51929,12.52159,0.00,0.00
2017.03.23 13:17:12.525,12.52008,12.52159,0.00,0.00
2017.03.23 13:17:12.575,12.52008,12.52169,0.00,0.00
2017.03.23 13:17:12.676,12.51919,12.52169,0.00,0.00
2017.03.23 13:17:12.728,12.51948,12.52169,0.00,0.00
2017.03.23 13:17:12.846,12.51918,12.52169,0.00,0.00
2017.03.23 13:17:13.067,12.51909,12.52169,0.00,0.00
2017.03.23 13:17:13.279,12.51918,12.52169,0.00,0.00
2017.03.23 13:17:13.595,12.51809,12.52068,0.00,0.00
2017.03.23 13:17:13.646,12.51808,12.52058,0.00,0.00
2017.03.23 13:17:14.257,12.51818,12.52058,0.00,0.00
2017.03.23 13:17:14.694,12.51808,12.52058,0.00,0.00
2017.03.23 13:17:15.376,12.51838,12.52058,0.00,0.00
2017.03.23 13:17:15.634,12.51819,12.52058,0.00,0.00
2017.03.23 13:17:16.553,12.51808,12.52058,0.00,0.00
2017.03.23 13:17:16.762,12.51819,12.52058,0.00,0.00
2017.03.23 13:17:17.204,12.51829,12.52058,0.00,0.00
2017.03.23 13:17:17.255,12.51818,12.52058,0.00,0.00
2017.03.23 13:17:17.543,12.51872,12.52092,0.00,0.00
2017.03.23 13:17:17.702,12.51918,12.52158,0.00,0.00
2017.03.23 13:17:17.752,12.51938,12.52158,0.00,0.00
2017.03.23 13:17:18.046,12.51919,12.52158,0.00,0.00
2017.03.23 13:17:18.165,12.51909,12.52158,0.00,0.00
2017.03.23 13:17:18.238,12.51938,12.52158,0.00,0.00
2017.03.23 13:17:18.338,12.51919,12.52158,0.00,0.00
2017.03.23 13:17:18.575,12.51909,12.52158,0.00,0.00
2017.03.23 13:17:18.626,12.51888,12.52069,0.00,0.00
2017.03.23 13:17:18.676,12.51808,12.52069,0.00,0.00
2017.03.23 13:17:20.276,12.51872,12.52072,0.00,0.00
2017.03.23 13:17:20.383,12.51872,12.52122,0.00,0.00
2017.03.23 13:17:20.433,12.51908,12.52122,0.00,0.00
2017.03.23 13:17:20.534,12.51859,12.52108,0.00,0.00
2017.03.23 13:17:20.585,12.51899,12.52108,0.00,0.00
2017.03.23 13:17:20.643,12.51859,12.52108,0.00,0.00
2017.03.23 13:17:21.686,12.51859,12.52102,0.00,0.00
2017.03.23 13:17:22.146,12.51859,12.52108,0.00,0.00
2017.03.23 13:17:22.365,12.51908,12.52121,0.00,0.00
2017.03.23 13:17:22.469,12.51908,12.52142,0.00,0.00
2017.03.23 13:17:22.547,12.51908,12.52148,0.00,0.00
2017.03.23 13:17:22.852,12.51859,12.52069,0.00,0.00
2017.03.23 13:17:22.958,12.51809,12.52069,0.00,0.00
2017.03.23 13:17:23.318,12.51828,12.52069,0.00,0.00
2017.03.23 13:17:23.690,12.51818,12.52069,0.00,0.00
2017.03.23 13:17:24.055,12.51809,12.52069,0.00,0.00
2017.03.23 13:17:25.058,12.51828,12.52069,0.00,0.00
2017.03.23 13:17:25.152,12.51809,12.52061,0.00,0.00
2017.03.23 13:17:25.299,12.51809,12.52069,0.00,0.00
2017.03.23 13:17:25.453,12.51819,12.52069,0.00,0.00
2017.03.23 13:17:25.855,12.51829,12.52069,0.00,0.00
2017.03.23 13:17:26.026,12.51859,12.52111,0.00,0.00
2017.03.23 13:17:26.166,12.51859,12.52119,0.00,0.00
2017.03.23 13:17:26.888,12.51908,12.52118,0.00,0.00
2017.03.23 13:17:27.121,12.51859,12.52118,0.00,0.00
2017.03.23 13:17:27.255,12.51859,12.52112,0.00,0.00
2017.03.23 13:17:27.585,12.51838,12.52069,0.00,0.00
2017.03.23 13:17:27.685,12.51808,12.52069,0.00,0.00
2017.03.23 13:17:28.390,12.51808,12.52061,0.00,0.00
2017.03.23 13:17:28.657,12.51808,12.52069,0.00,0.00
2017.03.23 13:17:28.798,12.51819,12.52069,0.00,0.00
2017.03.23 13:17:29.408,12.51808,12.52069,0.00,0.00
2017.03.23 13:17:29.459,12.51819,12.52069,0.00,0.00
2017.03.23 13:17:30.060,12.51808,12.52069,0.00,0.00
2017.03.23 13:17:31.494,12.51808,12.52062,0.00,0.00
2017.03.23 13:17:32.221,12.51808,12.52069,0.00,0.00
2017.03.23 13:17:32.605,12.51808,12.52062,0.00,0.00
2017.03.23 13:17:32.665,12.51808,12.52069,0.00,0.00
2017.03.23 13:17:33.511,12.51808,12.52051,0.00,0.00
2017.03.23 13:17:34.042,12.51808,12.52052,0.00,0.00
2017.03.23 13:17:34.093,12.51808,12.52061,0.00,0.00
2017.03.23 13:17:34.167,12.51808,12.52041,0.00,0.00
2017.03.23 13:17:34.401,12.51808,12.52069,0.00,0.00
2017.03.23 13:17:34.468,12.51808,12.52062,0.00,0.00
2017.03.23 13:17:34.787,12.51808,12.52069,0.00,0.00
2017.03.23 13:17:34.901,12.51808,12.52051,0.00,0.00
2017.03.23 13:17:34.969,12.51808,12.52069,0.00,0.00
2017.03.23 13:17:35.069,12.51808,12.52062,0.00,0.00
2017.03.23 13:17:35.415,12.51709,12.51961,0.00,0.00
2017.03.23 13:17:35.802,12.51729,12.51968,0.00,0.00
2017.03.23 13:17:35.908,12.51709,12.51968,0.00,0.00
2017.03.23 13:17:36.902,12.51718,12.51968,0.00,0.00
2017.03.23 13:17:37.173,12.51709,12.51968,0.00,0.00
2017.03.23 13:17:37.381,12.51709,12.51951,0.00,0.00
2017.03.23 13:17:37.677,12.51709,12.51968,0.00,0.00
2017.03.23 13:17:37.788,12.51709,12.51961,0.00,0.00
2017.03.23 13:17:38.173,12.51709,12.51951,0.00,0.00
2017.03.23 13:17:38.924,12.51709,12.51959,0.00,0.00
2017.03.23 13:17:38.976,12.51709,12.51941,0.00,0.00
2017.03.23 13:17:39.177,12.51709,12.51959,0.00,0.00
2017.03.23 13:17:39.278,12.51709,12.51911,0.00,0.00
2017.03.23 13:17:39.376,12.51709,12.51942,0.00,0.00
2017.03.23 13:17:39.483,12.51709,12.51959,0.00,0.00
2017.03.23 13:17:39.599,12.51709,12.51941,0.00,0.00
2017.03.23 13:17:40.019,12.51659,12.51878,0.00,0.00
2017.03.23 13:17:40.120,12.51629,12.51878,0.00,0.00
2017.03.23 13:17:40.325,12.51608,12.51862,0.00,0.00
2017.03.23 13:17:40.379,12.51618,12.51878,0.00,0.00
2017.03.23 13:17:40.499,12.51608,12.51878,0.00,0.00
2017.03.23 13:17:40.679,12.51608,12.51851,0.00,0.00
2017.03.23 13:17:40.918,12.51608,12.51872,0.00,0.00
2017.03.23 13:17:40.980,12.51608,12.51878,0.00,0.00
2017.03.23 13:17:41.180,12.51608,12.51871,0.00,0.00
2017.03.23 13:17:41.769,12.51608,12.51852,0.00,0.00
2017.03.23 13:17:41.820,12.51608,12.51878,0.00,0.00
2017.03.23 13:17:41.921,12.51619,12.51878,0.00,0.00
2017.03.23 13:17:41.981,12.51608,12.51878,0.00,0.00
2017.03.23 13:17:42.085,12.51608,12.51861,0.00,0.00
2017.03.23 13:17:42.305,12.51608,12.51878,0.00,0.00
2017.03.23 13:17:42.530,12.51618,12.51878,0.00,0.00
2017.03.23 13:17:42.582,12.51608,12.51878,0.00,0.00
2017.03.23 13:17:42.687,12.51619,12.51878,0.00,0.00
2017.03.23 13:17:42.984,12.51608,12.51871,0.00,0.00
2017.03.23 13:17:43.092,12.51609,12.51878,0.00,0.00
2017.03.23 13:17:43.228,12.51608,12.51871,0.00,0.00
2017.03.23 13:17:43.757,12.51608,12.51872,0.00,0.00
2017.03.23 13:17:43.917,12.51608,12.51878,0.00,0.00
2017.03.23 13:17:43.986,12.51628,12.51878,0.00,0.00
2017.03.23 13:17:44.199,12.51608,12.51878,0.00,0.00
2017.03.23 13:17:44.621,12.51629,12.51878,0.00,0.00
2017.03.23 13:17:44.788,12.51608,12.51878,0.00,0.00
2017.03.23 13:17:44.889,12.51629,12.51878,0.00,0.00
2017.03.23 13:17:45.089,12.51608,12.51878,0.00,0.00
2017.03.23 13:17:45.207,12.51608,12.51871,0.00,0.00
2017.03.23 13:17:45.522,12.51608,12.51861,0.00,0.00
2017.03.23 13:17:45.914,12.51629,12.51878,0.00,0.00
2017.03.23 13:17:45.991,12.51619,12.51878,0.00,0.00
2017.03.23 13:17:46.824,12.51608,12.51878,0.00,0.00
2017.03.23 13:17:46.893,12.51618,12.51878,0.00,0.00
2017.03.23 13:17:47.094,12.51608,12.51871,0.00,0.00
2017.03.23 13:17:47.217,12.51628,12.51878,0.00,0.00
2017.03.23 13:17:47.538,12.51608,12.51878,0.00,0.00
2017.03.23 13:17:47.639,12.51608,12.51872,0.00,0.00
2017.03.23 13:17:47.695,12.51608,12.51878,0.00,0.00
2017.03.23 13:17:47.895,12.51618,12.51878,0.00,0.00
2017.03.23 13:17:48.196,12.51609,12.51878,0.00,0.00
2017.03.23 13:17:48.297,12.51628,12.51878,0.00,0.00
2017.03.23 13:17:48.660,12.51608,12.51872,0.00,0.00
2017.03.23 13:17:49.099,12.51628,12.51878,0.00,0.00
2017.03.23 13:17:49.199,12.51608,12.51862,0.00,0.00
2017.03.23 13:17:49.916,12.51608,12.51861,0.00,0.00
2017.03.23 13:17:50.201,12.51608,12.51871,0.00,0.00
2017.03.23 13:17:50.413,12.51608,12.51851,0.00,0.00
2017.03.23 13:17:50.549,12.51628,12.51878,0.00,0.00
2017.03.23 13:17:50.603,12.51608,12.51872,0.00,0.00
2017.03.23 13:17:50.903,12.51608,12.51878,0.00,0.00
2017.03.23 13:17:51.208,12.51608,12.51871,0.00,0.00
2017.03.23 13:17:51.649,12.51608,12.51878,0.00,0.00
2017.03.23 13:17:51.707,12.51608,12.51851,0.00,0.00
2017.03.23 13:17:52.015,12.51608,12.51878,0.00,0.00
2017.03.23 13:17:52.208,12.51628,12.51878,0.00,0.00
2017.03.23 13:17:52.350,12.51608,12.51862,0.00,0.00
2017.03.23 13:17:52.410,12.51608,12.51871,0.00,0.00
2017.03.23 13:17:52.524,12.51608,12.51852,0.00,0.00
2017.03.23 13:17:52.710,12.51608,12.51871,0.00,0.00
2017.03.23 13:17:53.118,12.51618,12.51878,0.00,0.00
2017.03.23 13:17:53.420,12.51681,12.51942,0.00,0.00
2017.03.23 13:17:53.527,12.51719,12.51902,0.00,0.00
2017.03.23 13:17:53.743,12.51698,12.51891,0.00,0.00
2017.03.23 13:17:53.844,12.51718,12.51912,0.00,0.00
2017.03.23 13:17:53.947,12.51718,12.51932,0.00,0.00
2017.03.23 13:17:54.048,12.51718,12.51969,0.00,0.00
2017.03.23 13:17:54.717,12.51718,12.51962,0.00,0.00
2017.03.23 13:17:54.928,12.51718,12.51969,0.00,0.00
2017.03.23 13:17:55.118,12.51718,12.51951,0.00,0.00
2017.03.23 13:17:55.218,12.51718,12.51969,0.00,0.00
2017.03.23 13:17:55.520,12.51718,12.51942,0.00,0.00
2017.03.23 13:17:55.720,12.51718,12.51961,0.00,0.00
2017.03.23 13:17:56.220,12.51718,12.51942,0.00,0.00
2017.03.23 13:17:56.522,12.51718,12.51931,0.00,0.00
2017.03.23 13:17:56.740,12.51718,12.51969,0.00,0.00
2017.03.23 13:17:57.034,12.51718,12.51951,0.00,0.00
2017.03.23 13:17:57.253,12.51718,12.51969,0.00,0.00
2017.03.23 13:17:57.551,12.51718,12.51962,0.00,0.00
2017.03.23 13:17:57.826,12.51718,12.51969,0.00,0.00
2017.03.23 13:17:58.651,12.51718,12.51951,0.00,0.00
2017.03.23 13:17:58.829,12.51718,12.51969,0.00,0.00
2017.03.23 13:17:59.335,12.51718,12.51962,0.00,0.00
2017.03.23 13:17:59.431,12.51718,12.51969,0.00,0.00
2017.03.23 13:17:59.879,12.51718,12.51962,0.00,0.00
2017.03.23 13:17:59.959,12.51718,12.51969,0.00,0.00
2017.03.23 13:18:00.082,12.51769,12.51969,0.00,0.00
2017.03.23 13:18:00.133,12.51769,12.51978,0.00,0.00
2017.03.23 13:18:00.185,12.51769,12.51991,0.00,0.00
2017.03.23 13:18:00.236,12.51718,12.51962,0.00,0.00
2017.03.23 13:18:00.342,12.51718,12.51992,0.00,0.00
2017.03.23 13:18:00.434,12.51718,12.51972,0.00,0.00
2017.03.23 13:18:00.534,12.51718,12.51992,0.00,0.00
2017.03.23 13:18:00.735,12.51718,12.51962,0.00,0.00
2017.03.23 13:18:00.835,12.51718,12.51972,0.00,0.00
2017.03.23 13:18:00.936,12.51718,12.51962,0.00,0.00
2017.03.23 13:18:01.085,12.51718,12.51992,0.00,0.00
2017.03.23 13:18:01.253,12.51718,12.51981,0.00,0.00
2017.03.23 13:18:01.639,12.51718,12.51992,0.00,0.00
2017.03.23 13:18:01.689,12.51718,12.51962,0.00,0.00
2017.03.23 13:18:02.257,12.51718,12.51972,0.00,0.00
2017.03.23 13:18:02.358,12.51718,12.51941,0.00,0.00
2017.03.23 13:18:02.761,12.51718,12.51961,0.00,0.00
2017.03.23 13:18:02.841,12.51718,12.51942,0.00,0.00
2017.03.23 13:18:03.278,12.51718,12.51962,0.00,0.00
2017.03.23 13:18:03.494,12.51718,12.51982,0.00,0.00
2017.03.23 13:18:03.671,12.51718,12.51961,0.00,0.00
2017.03.23 13:18:04.045,12.51718,12.51982,0.00,0.00
2017.03.23 13:18:04.397,12.51718,12.51952,0.00,0.00
2017.03.23 13:18:04.447,12.51718,12.51982,0.00,0.00
2017.03.23 13:18:04.556,12.51718,12.51992,0.00,0.00
2017.03.23 13:18:04.661,12.51718,12.51981,0.00,0.00
2017.03.23 13:18:05.022,12.51718,12.51971,0.00,0.00
2017.03.23 13:18:05.350,12.51718,12.51982,0.00,0.00
2017.03.23 13:18:06.295,12.51718,12.51992,0.00,0.00
2017.03.23 13:18:06.611,12.51769,12.51992,0.00,0.00
2017.03.23 13:18:06.762,12.51769,12.52021,0.00,0.00
2017.03.23 13:18:06.979,12.51818,12.52021,0.00,0.00
2017.03.23 13:18:07.161,12.51818,12.52032,0.00,0.00
2017.03.23 13:18:07.284,12.51818,12.52072,0.00,0.00
2017.03.23 13:18:07.557,12.51818,12.52041,0.00,0.00
2017.03.23 13:18:08.166,12.51818,12.52052,0.00,0.00
2017.03.23 13:18:08.578,12.51818,12.52032,0.00,0.00
2017.03.23 13:18:08.678,12.51818,12.52082,0.00,0.00
2017.03.23 13:18:09.194,12.51818,12.52091,0.00,0.00
2017.03.23 13:18:09.465,12.51818,12.52072,0.00,0.00
2017.03.23 13:18:09.567,12.51819,12.52092,0.00,0.00
2017.03.23 13:18:09.864,12.51818,12.52071,0.00,0.00
2017.03.23 13:18:10.205,12.51818,12.52082,0.00,0.00
2017.03.23 13:18:10.306,12.51818,12.52071,0.00,0.00
2017.03.23 13:18:10.609,12.51818,12.52052,0.00,0.00
2017.03.23 13:18:10.660,12.51818,12.52071,0.00,0.00
2017.03.23 13:18:10.710,12.51818,12.52052,0.00,0.00
2017.03.23 13:18:10.868,12.51818,12.52072,0.00,0.00
2017.03.23 13:18:11.196,12.51818,12.52052,0.00,0.00
2017.03.23 13:18:11.501,12.51818,12.52072,0.00,0.00
2017.03.23 13:18:11.570,12.51818,12.52051,0.00,0.00
2017.03.23 13:18:11.901,12.51818,12.52091,0.00,0.00
2017.03.23 13:18:12.080,12.51818,12.52071,0.00,0.00
2017.03.23 13:18:12.383,12.51809,12.51992,0.00,0.00
2017.03.23 13:18:12.484,12.51751,12.51991,0.00,0.00
2017.03.23 13:18:13.007,12.51751,12.51992,0.00,0.00
2017.03.23 13:18:13.073,12.51751,12.51982,0.00,0.00
2017.03.23 13:18:13.474,12.51751,12.51992,0.00,0.00
2017.03.23 13:18:13.576,12.51768,12.52002,0.00,0.00
2017.03.23 13:18:13.784,12.51818,12.52081,0.00,0.00
2017.03.23 13:18:14.798,12.51818,12.52091,0.00,0.00
2017.03.23 13:18:15.324,12.51819,12.52092,0.00,0.00
2017.03.23 13:18:15.683,12.51818,12.52072,0.00,0.00
2017.03.23 13:18:15.808,12.51819,12.52092,0.00,0.00
2017.03.23 13:18:16.289,12.51809,12.52082,0.00,0.00
2017.03.23 13:18:16.622,12.51808,12.52071,0.00,0.00
2017.03.23 13:18:16.935,12.51818,12.52032,0.00,0.00
2017.03.23 13:18:16.989,12.51788,12.52032,0.00,0.00
2017.03.23 13:18:17.105,12.51771,12.52032,0.00,0.00
2017.03.23 13:18:17.185,12.51771,12.52011,0.00,0.00
2017.03.23 13:18:17.286,12.51771,12.52032,0.00,0.00
2017.03.23 13:18:17.337,12.51768,12.51992,0.00,0.00
2017.03.23 13:18:17.387,12.51739,12.51992,0.00,0.00
2017.03.23 13:18:17.438,12.51739,12.51942,0.00,0.00
2017.03.23 13:18:17.489,12.51692,12.51942,0.00,0.00
2017.03.23 13:18:17.829,12.51692,12.51922,0.00,0.00
2017.03.23 13:18:17.887,12.51692,12.51942,0.00,0.00
2017.03.23 13:18:17.988,12.51692,12.51922,0.00,0.00
2017.03.23 13:18:18.161,12.51708,12.51942,0.00,0.00
2017.03.23 13:18:18.261,12.51692,12.51932,0.00,0.00
2017.03.23 13:18:18.405,12.51708,12.51942,0.00,0.00
2017.03.23 13:18:18.488,12.51692,12.51931,0.00,0.00
2017.03.23 13:18:18.599,12.51692,12.51911,0.00,0.00
2017.03.23 13:18:18.718,12.51692,12.51922,0.00,0.00
2017.03.23 13:18:18.908,12.51651,12.51892,0.00,0.00
2017.03.23 13:18:19.231,12.51669,12.51891,0.00,0.00
2017.03.23 13:18:19.523,12.51651,12.51891,0.00,0.00
2017.03.23 13:18:19.574,12.51651,12.51842,0.00,0.00
2017.03.23 13:18:19.675,12.51651,12.51891,0.00,0.00
2017.03.23 13:18:19.831,12.51652,12.51932,0.00,0.00
2017.03.23 13:18:19.882,12.51651,12.51919,0.00,0.00
2017.03.23 13:18:20.193,12.51609,12.51842,0.00,0.00
2017.03.23 13:18:20.436,12.51598,12.51842,0.00,0.00
2017.03.23 13:18:20.572,12.51629,12.51842,0.00,0.00
2017.03.23 13:18:20.927,12.51619,12.51842,0.00,0.00
2017.03.23 13:18:20.994,12.51598,12.51842,0.00,0.00
2017.03.23 13:18:21.195,12.51618,12.51842,0.00,0.00
2017.03.23 13:18:21.395,12.51599,12.51842,0.00,0.00
2017.03.23 13:18:21.939,12.51619,12.51842,0.00,0.00
2017.03.23 13:18:22.798,12.51599,12.51842,0.00,0.00
2017.03.23 13:18:22.931,12.51618,12.51842,0.00,0.00
2017.03.23 13:18:23.531,12.51628,12.51842,0.00,0.00
2017.03.23 13:18:24.125,12.51608,12.51842,0.00,0.00
2017.03.23 13:18:24.249,12.51599,12.51842,0.00,0.00
2017.03.23 13:18:24.601,12.51618,12.51842,0.00,0.00
2017.03.23 13:18:24.820,12.51599,12.51842,0.00,0.00
2017.03.23 13:18:24.871,12.51652,12.51881,0.00,0.00
2017.03.23 13:18:24.921,12.51652,12.51892,0.00,0.00
2017.03.23 13:18:24.972,12.51668,12.51921,0.00,0.00
2017.03.23 13:18:25.022,12.51698,12.51942,0.00,0.00
2017.03.23 13:18:25.307,12.51688,12.51942,0.00,0.00
2017.03.23 13:18:25.409,12.51708,12.51942,0.00,0.00
2017.03.23 13:18:25.704,12.51679,12.51942,0.00,0.00
2017.03.23 13:18:25.932,12.51668,12.51942,0.00,0.00
2017.03.23 13:18:26.005,12.51688,12.51942,0.00,0.00
2017.03.23 13:18:26.306,12.51671,12.51942,0.00,0.00
2017.03.23 13:18:26.412,12.51679,12.51942,0.00,0.00
2017.03.23 13:18:26.777,12.51699,12.51942,0.00,0.00
2017.03.23 13:18:26.828,12.51688,12.51942,0.00,0.00
2017.03.23 13:18:27.311,12.51708,12.51942,0.00,0.00
2017.03.23 13:18:27.408,12.51671,12.51942,0.00,0.00
2017.03.23 13:18:27.508,12.51698,12.51942,0.00,0.00
2017.03.23 13:18:27.840,12.51689,12.51942,0.00,0.00
2017.03.23 13:18:28.009,12.51671,12.51942,0.00,0.00
2017.03.23 13:18:28.110,12.51671,12.51911,0.00,0.00
2017.03.23 13:18:28.310,12.51698,12.51942,0.00,0.00
2017.03.23 13:18:28.446,12.51671,12.51942,0.00,0.00
2017.03.23 13:18:28.625,12.51671,12.51892,0.00,0.00
2017.03.23 13:18:28.711,12.51671,12.51941,0.00,0.00
2017.03.23 13:18:28.811,12.51679,12.51942,0.00,0.00
2017.03.23 13:18:28.951,12.51671,12.51942,0.00,0.00
2017.03.23 13:18:29.145,12.51671,12.51901,0.00,0.00
2017.03.23 13:18:29.312,12.51671,12.51912,0.00,0.00
2017.03.23 13:18:29.741,12.51671,12.51902,0.00,0.00
2017.03.23 13:18:29.847,12.51679,12.51942,0.00,0.00
2017.03.23 13:18:29.898,12.51679,12.51841,0.00,0.00
2017.03.23 13:18:29.948,12.51652,12.51841,0.00,0.00
2017.03.23 13:18:31.166,12.51591,12.51841,0.00,0.00
2017.03.23 13:18:31.406,12.51609,12.51871,0.00,0.00
2017.03.23 13:18:32.238,12.51609,12.51881,0.00,0.00
2017.03.23 13:18:32.548,12.51609,12.51872,0.00,0.00
2017.03.23 13:18:32.933,12.51609,12.51862,0.00,0.00
2017.03.23 13:18:33.020,12.51609,12.51872,0.00,0.00
2017.03.23 13:18:33.220,12.51609,12.51862,0.00,0.00
2017.03.23 13:18:33.839,12.51609,12.51881,0.00,0.00
2017.03.23 13:18:33.922,12.51609,12.51861,0.00,0.00
2017.03.23 13:18:34.834,12.51619,12.51881,0.00,0.00
2017.03.23 13:18:34.966,12.51609,12.51851,0.00,0.00
2017.03.23 13:18:35.024,12.51609,12.51871,0.00,0.00
2017.03.23 13:18:35.324,12.51609,12.51851,0.00,0.00
2017.03.23 13:18:35.448,12.51609,12.51881,0.00,0.00
2017.03.23 13:18:35.656,12.51628,12.51881,0.00,0.00
2017.03.23 13:18:35.726,12.51609,12.51871,0.00,0.00
2017.03.23 13:18:35.825,12.51609,12.51852,0.00,0.00
2017.03.23 13:18:35.930,12.51609,12.51872,0.00,0.00
2017.03.23 13:18:36.034,12.51609,12.51881,0.00,0.00
2017.03.23 13:18:36.662,12.51609,12.51872,0.00,0.00
2017.03.23 13:18:36.933,12.51609,12.51881,0.00,0.00
2017.03.23 13:18:37.439,12.51609,12.51852,0.00,0.00
2017.03.23 13:18:37.529,12.51609,12.51872,0.00,0.00
2017.03.23 13:18:37.661,12.51628,12.51881,0.00,0.00
2017.03.23 13:18:37.964,12.51609,12.51872,0.00,0.00
2017.03.23 13:18:38.131,12.51609,12.51881,0.00,0.00
2017.03.23 13:18:38.232,12.51609,12.51862,0.00,0.00
2017.03.23 13:18:38.346,12.51609,12.51881,0.00,0.00
2017.03.23 13:18:38.654,12.51608,12.51782,0.00,0.00
2017.03.23 13:18:38.765,12.51571,12.51782,0.00,0.00
2017.03.23 13:18:39.543,12.51548,12.51782,0.00,0.00
2017.03.23 13:18:39.976,12.51538,12.51782,0.00,0.00
2017.03.23 13:18:40.035,12.51548,12.51782,0.00,0.00
2017.03.23 13:18:40.153,12.51518,12.51782,0.00,0.00
2017.03.23 13:18:40.360,12.51538,12.51782,0.00,0.00
2017.03.23 13:18:40.838,12.51508,12.51782,0.00,0.00
2017.03.23 13:18:40.938,12.51519,12.51782,0.00,0.00
2017.03.23 13:18:41.038,12.51508,12.51782,0.00,0.00
2017.03.23 13:18:41.688,12.51518,12.51782,0.00,0.00
2017.03.23 13:18:41.739,12.51508,12.51782,0.00,0.00
2017.03.23 13:18:42.068,12.51558,12.51792,0.00,0.00
2017.03.23 13:18:42.169,12.51558,12.51802,0.00,0.00
2017.03.23 13:18:42.220,12.51609,12.51802,0.00,0.00
2017.03.23 13:18:42.270,12.51609,12.51881,0.00,0.00
2017.03.23 13:18:42.341,12.51619,12.51881,0.00,0.00
2017.03.23 13:18:42.442,12.51609,12.51881,0.00,0.00
2017.03.23 13:18:42.551,12.51628,12.51881,0.00,0.00
2017.03.23 13:18:42.652,12.51609,12.51881,0.00,0.00
2017.03.23 13:18:42.878,12.51609,12.51861,0.00,0.00
2017.03.23 13:18:42.942,12.51609,12.51881,0.00,0.00
2017.03.23 13:18:43.056,12.51609,12.51862,0.00,0.00
2017.03.23 13:18:43.284,12.51609,12.51872,0.00,0.00
2017.03.23 13:18:43.544,12.51608,12.51782,0.00,0.00
2017.03.23 13:18:43.644,12.51591,12.51782,0.00,0.00
2017.03.23 13:18:43.709,12.51509,12.51782,0.00,0.00
2017.03.23 13:18:44.044,12.51538,12.51782,0.00,0.00
2017.03.23 13:18:44.312,12.51509,12.51782,0.00,0.00
2017.03.23 13:18:44.363,12.51529,12.51782,0.00,0.00
2017.03.23 13:18:44.483,12.51508,12.51782,0.00,0.00
2017.03.23 13:18:44.545,12.51539,12.51782,0.00,0.00
2017.03.23 13:18:44.645,12.51528,12.51782,0.00,0.00
2017.03.23 13:18:44.782,12.51539,12.51782,0.00,0.00
2017.03.23 13:18:44.896,12.51508,12.51781,0.00,0.00
2017.03.23 13:18:44.946,12.51508,12.51772,0.00,0.00
2017.03.23 13:18:45.094,12.51508,12.51782,0.00,0.00
2017.03.23 13:18:45.147,12.51528,12.51782,0.00,0.00
2017.03.23 13:18:45.376,12.51518,12.51782,0.00,0.00
2017.03.23 13:18:45.477,12.51538,12.51782,0.00,0.00
2017.03.23 13:18:45.814,12.51509,12.51782,0.00,0.00
2017.03.23 13:18:46.058,12.51518,12.51782,0.00,0.00
2017.03.23 13:18:46.158,12.51508,12.51782,0.00,0.00
2017.03.23 13:18:46.349,12.51529,12.51782,0.00,0.00
2017.03.23 13:18:46.700,12.51482,12.51582,0.00,0.00
2017.03.23 13:18:46.801,12.51452,12.51582,0.00,0.00
2017.03.23 13:18:46.901,12.51452,12.51662,0.00,0.00
2017.03.23 13:18:47.059,12.51452,12.51621,0.00,0.00
2017.03.23 13:18:47.110,12.51452,12.51681,0.00,0.00
2017.03.23 13:18:47.263,12.51452,12.51621,0.00,0.00
2017.03.23 13:18:47.366,12.51452,12.51681,0.00,0.00
2017.03.23 13:18:47.467,12.51409,12.51681,0.00,0.00
2017.03.23 13:18:47.552,12.51409,12.51662,0.00,0.00
2017.03.23 13:18:47.653,12.51409,12.51681,0.00,0.00
2017.03.23 13:18:47.782,12.51409,12.51661,0.00,0.00
2017.03.23 13:18:47.954,12.51409,12.51681,0.00,0.00
2017.03.23 13:18:48.294,12.51409,12.51632,0.00,0.00
2017.03.23 13:18:48.404,12.51409,12.51652,0.00,0.00
2017.03.23 13:18:48.455,12.51409,12.51681,0.00,0.00
2017.03.23 13:18:48.555,12.51409,12.51671,0.00,0.00
2017.03.23 13:18:48.758,12.51409,12.51681,0.00,0.00
2017.03.23 13:18:48.855,12.51409,12.51672,0.00,0.00
2017.03.23 13:18:49.156,12.51419,12.51681,0.00,0.00
2017.03.23 13:18:49.480,12.51358,12.51601,0.00,0.00
2017.03.23 13:18:49.531,12.51319,12.51581,0.00,0.00
2017.03.23 13:18:49.797,12.51358,12.51581,0.00,0.00
2017.03.23 13:18:49.858,12.51309,12.51581,0.00,0.00
2017.03.23 13:18:50.085,12.51318,12.51581,0.00,0.00
2017.03.23 13:18:50.236,12.51359,12.51631,0.00,0.00
2017.03.23 13:18:50.287,12.51369,12.51619,0.00,0.00
2017.03.23 13:18:50.492,12.51319,12.51581,0.00,0.00
2017.03.23 13:18:50.659,12.51328,12.51581,0.00,0.00
2017.03.23 13:18:51.088,12.51319,12.51581,0.00,0.00
2017.03.23 13:18:51.160,12.51349,12.51581,0.00,0.00
2017.03.23 13:18:51.360,12.51338,12.51581,0.00,0.00
2017.03.23 13:18:51.761,12.51319,12.51581,0.00,0.00
2017.03.23 13:18:51.962,12.51328,12.51581,0.00,0.00
2017.03.23 13:18:52.268,12.51318,12.51581,0.00,0.00
2017.03.23 13:18:52.462,12.51339,12.51581,0.00,0.00
2017.03.23 13:18:52.783,12.51329,12.51581,0.00,0.00
2017.03.23 13:18:52.863,12.51309,12.51581,0.00,0.00
2017.03.23 13:18:52.966,12.51329,12.51581,0.00,0.00
2017.03.23 13:18:53.067,12.51309,12.51581,0.00,0.00
2017.03.23 13:18:53.172,12.51318,12.51581,0.00,0.00
2017.03.23 13:18:53.474,12.51309,12.51581,0.00,0.00
2017.03.23 13:18:53.576,12.51329,12.51581,0.00,0.00
2017.03.23 13:18:54.066,12.51318,12.51581,0.00,0.00
2017.03.23 13:18:54.173,12.51338,12.51581,0.00,0.00
2017.03.23 13:18:55.168,12.51309,12.51581,0.00,0.00
2017.03.23 13:18:55.268,12.51319,12.51581,0.00,0.00
2017.03.23 13:18:55.700,12.51359,12.51601,0.00,0.00
2017.03.23 13:18:55.907,12.51368,12.51631,0.00,0.00
2017.03.23 13:18:56.270,12.51359,12.51631,0.00,0.00
2017.03.23 13:18:56.371,12.51369,12.51631,0.00,0.00
2017.03.23 13:18:56.988,12.51359,12.51631,0.00,0.00
2017.03.23 13:18:57.071,12.51369,12.51631,0.00,0.00
2017.03.23 13:18:57.397,12.51359,12.51622,0.00,0.00
2017.03.23 13:18:57.513,12.51409,12.51632,0.00,0.00
2017.03.23 13:18:57.822,12.51418,12.51681,0.00,0.00
2017.03.23 13:18:57.996,12.51409,12.51671,0.00,0.00
2017.03.23 13:18:58.074,12.51409,12.51681,0.00,0.00
2017.03.23 13:18:58.174,12.51409,12.51671,0.00,0.00
2017.03.23 13:18:58.507,12.51429,12.51681,0.00,0.00
2017.03.23 13:18:59.355,12.51458,12.51711,0.00,0.00
2017.03.23 13:18:59.405,12.51458,12.51682,0.00,0.00
2017.03.23 13:18:59.607,12.51528,12.51782,0.00,0.00
2017.03.23 13:18:59.897,12.51538,12.51782,0.00,0.00
2017.03.23 13:19:00.102,12.51518,12.51782,0.00,0.00
2017.03.23 13:19:00.207,12.51529,12.51782,0.00,0.00
2017.03.23 13:19:00.279,12.51518,12.51782,0.00,0.00
2017.03.23 13:19:00.379,12.51539,12.51782,0.00,0.00
2017.03.23 13:19:00.781,12.51519,12.51782,0.00,0.00
2017.03.23 13:19:01.064,12.51581,12.51801,0.00,0.00
2017.03.23 13:19:01.115,12.51581,12.51811,0.00,0.00
2017.03.23 13:19:01.165,12.51608,12.51811,0.00,0.00
2017.03.23 13:19:01.216,12.51608,12.51882,0.00,0.00
2017.03.23 13:19:01.505,12.51608,12.51872,0.00,0.00
2017.03.23 13:19:01.792,12.51608,12.51881,0.00,0.00
2017.03.23 13:19:01.897,12.51608,12.51852,0.00,0.00
2017.03.23 13:19:02.004,12.51608,12.51882,0.00,0.00
2017.03.23 13:19:02.126,12.51608,12.51862,0.00,0.00
2017.03.23 13:19:02.232,12.51618,12.51882,0.00,0.00
2017.03.23 13:19:02.284,12.51608,12.51861,0.00,0.00
2017.03.23 13:19:02.522,12.51608,12.51882,0.00,0.00
2017.03.23 13:19:02.584,12.51618,12.51882,0.00,0.00
2017.03.23 13:19:03.223,12.51608,12.51882,0.00,0.00
2017.03.23 13:19:03.286,12.51608,12.51872,0.00,0.00
2017.03.23 13:19:03.709,12.51608,12.51882,0.00,0.00
2017.03.23 13:19:03.811,12.51608,12.51871,0.00,0.00
2017.03.23 13:19:03.988,12.51608,12.51882,0.00,0.00
2017.03.23 13:19:04.089,12.51608,12.51852,0.00,0.00
2017.03.23 13:19:04.190,12.51608,12.51872,0.00,0.00
2017.03.23 13:19:04.567,12.51609,12.51882,0.00,0.00
2017.03.23 13:19:04.618,12.51608,12.51872,0.00,0.00
2017.03.23 13:19:04.934,12.51609,12.51882,0.00,0.00
2017.03.23 13:19:04.991,12.51608,12.51872,0.00,0.00
2017.03.23 13:19:05.131,12.51608,12.51882,0.00,0.00
2017.03.23 13:19:05.191,12.51608,12.51871,0.00,0.00
2017.03.23 13:19:05.439,12.51618,12.51882,0.00,0.00
2017.03.23 13:19:05.492,12.51608,12.51871,0.00,0.00
2017.03.23 13:19:05.592,12.51608,12.51882,0.00,0.00
2017.03.23 13:19:06.113,12.51608,12.51862,0.00,0.00
2017.03.23 13:19:06.495,12.51619,12.51882,0.00,0.00
2017.03.23 13:19:07.220,12.51608,12.51872,0.00,0.00
2017.03.23 13:19:07.814,12.51609,12.51882,0.00,0.00
2017.03.23 13:19:08.146,12.51619,12.51882,0.00,0.00
2017.03.23 13:19:08.512,12.51608,12.51861,0.00,0.00
2017.03.23 13:19:08.598,12.51608,12.51882,0.00,0.00
2017.03.23 13:19:08.698,12.51619,12.51882,0.00,0.00
2017.03.23 13:19:09.530,12.51608,12.51872,0.00,0.00
2017.03.23 13:19:09.700,12.51608,12.51882,0.00,0.00
2017.03.23 13:19:10.101,12.51618,12.51882,0.00,0.00
2017.03.23 13:19:10.446,12.51629,12.51882,0.00,0.00
2017.03.23 13:19:10.501,12.51618,12.51882,0.00,0.00
2017.03.23 13:19:10.619,12.51608,12.51862,0.00,0.00
2017.03.23 13:19:11.005,12.51608,12.51872,0.00,0.00
2017.03.23 13:19:11.106,12.51608,12.51861,0.00,0.00
2017.03.23 13:19:11.452,12.51608,12.51872,0.00,0.00
2017.03.23 13:19:11.565,12.51608,12.51882,0.00,0.00
2017.03.23 13:19:11.738,12.51608,12.51872,0.00,0.00
2017.03.23 13:19:12.351,12.51608,12.51852,0.00,0.00
2017.03.23 13:19:12.947,12.51628,12.51882,0.00,0.00
2017.03.23 13:19:13.140,12.51608,12.51871,0.00,0.00
2017.03.23 13:19:13.191,12.51609,12.51882,0.00,0.00
2017.03.23 13:19:13.241,12.51608,12.51852,0.00,0.00
2017.03.23 13:19:13.421,12.51608,12.51872,0.00,0.00
2017.03.23 13:19:13.753,12.51629,12.51882,0.00,0.00
2017.03.23 13:19:13.959,12.51608,12.51882,0.00,0.00
2017.03.23 13:19:14.742,12.51608,12.51861,0.00,0.00
2017.03.23 13:19:14.810,12.51608,12.51882,0.00,0.00
2017.03.23 13:19:16.858,12.51659,12.51882,0.00,0.00
2017.03.23 13:19:17.059,12.51659,12.51931,0.00,0.00
2017.03.23 13:19:17.415,12.51659,12.51922,0.00,0.00
2017.03.23 13:19:17.809,12.51708,12.51922,0.00,0.00
2017.03.23 13:19:17.860,12.51708,12.51952,0.00,0.00
2017.03.23 13:19:17.917,12.51708,12.51982,0.00,0.00
2017.03.23 13:19:18.142,12.51708,12.51971,0.00,0.00
2017.03.23 13:19:18.218,12.51708,12.51982,0.00,0.00
2017.03.23 13:19:18.521,12.51708,12.51971,0.00,0.00
2017.03.23 13:19:18.621,12.51708,12.51981,0.00,0.00
2017.03.23 13:19:19.245,12.51709,12.51982,0.00,0.00
2017.03.23 13:19:19.346,12.51708,12.51962,0.00,0.00
2017.03.23 13:19:19.423,12.51708,12.51982,0.00,0.00
2017.03.23 13:19:19.524,12.51708,12.51962,0.00,0.00
2017.03.23 13:19:19.929,12.51708,12.51971,0.00,0.00
2017.03.23 13:19:20.030,12.51708,12.51932,0.00,0.00
2017.03.23 13:19:20.226,12.51708,12.51962,0.00,0.00
2017.03.23 13:19:20.337,12.51719,12.51982,0.00,0.00
2017.03.23 13:19:20.761,12.51708,12.51982,0.00,0.00
2017.03.23 13:19:20.842,12.51708,12.51961,0.00,0.00
2017.03.23 13:19:21.656,12.51708,12.51932,0.00,0.00
2017.03.23 13:19:21.730,12.51708,12.51962,0.00,0.00
2017.03.23 13:19:21.830,12.51708,12.51981,0.00,0.00
2017.03.23 13:19:22.436,12.51699,12.51931,0.00,0.00
2017.03.23 13:19:22.648,12.51658,12.51902,0.00,0.00
2017.03.23 13:19:23.032,12.51658,12.51912,0.00,0.00
2017.03.23 13:19:23.083,12.51708,12.51912,0.00,0.00
2017.03.23 13:19:23.133,12.51708,12.51932,0.00,0.00
2017.03.23 13:19:23.282,12.51708,12.51942,0.00,0.00
2017.03.23 13:19:23.333,12.51708,12.51972,0.00,0.00
2017.03.23 13:19:23.859,12.51688,12.51931,0.00,0.00
2017.03.23 13:19:24.236,12.51659,12.51922,0.00,0.00
2017.03.23 13:19:24.287,12.51638,12.51881,0.00,0.00
2017.03.23 13:19:24.437,12.51609,12.51881,0.00,0.00
2017.03.23 13:19:24.643,12.51618,12.51881,0.00,0.00
2017.03.23 13:19:25.001,12.51609,12.51831,0.00,0.00
2017.03.23 13:19:25.403,12.51609,12.51872,0.00,0.00
2017.03.23 13:19:26.143,12.51609,12.51881,0.00,0.00
2017.03.23 13:19:26.244,12.51609,12.51862,0.00,0.00
2017.03.23 13:19:26.545,12.51609,12.51832,0.00,0.00
2017.03.23 13:19:27.267,12.51609,12.51812,0.00,0.00
2017.03.23 13:19:27.346,12.51609,12.51881,0.00,0.00
2017.03.23 13:19:27.446,12.51609,12.51851,0.00,0.00
2017.03.23 13:19:27.785,12.51609,12.51831,0.00,0.00
2017.03.23 13:19:27.848,12.51609,12.51881,0.00,0.00
2017.03.23 13:19:27.949,12.51609,12.51812,0.00,0.00
2017.03.23 13:19:28.467,12.51609,12.51842,0.00,0.00
2017.03.23 13:19:28.568,12.51609,12.51872,0.00,0.00
2017.03.23 13:19:28.701,12.51609,12.51881,0.00,0.00
2017.03.23 13:19:28.751,12.51609,12.51871,0.00,0.00
2017.03.23 13:19:28.863,12.51609,12.51881,0.00,0.00
2017.03.23 13:19:29.013,12.51609,12.51811,0.00,0.00
2017.03.23 13:19:29.453,12.51609,12.51822,0.00,0.00
2017.03.23 13:19:29.805,12.51571,12.51781,0.00,0.00
2017.03.23 13:19:30.006,12.51428,12.51682,0.00,0.00
2017.03.23 13:19:30.057,12.51408,12.51682,0.00,0.00
2017.03.23 13:19:30.424,12.51408,12.51671,0.00,0.00
2017.03.23 13:19:30.756,12.51408,12.51631,0.00,0.00
2017.03.23 13:19:31.159,12.51408,12.51652,0.00,0.00
2017.03.23 13:19:31.260,12.51418,12.51682,0.00,0.00
2017.03.23 13:19:31.461,12.51408,12.51632,0.00,0.00
2017.03.23 13:19:31.561,12.51419,12.51682,0.00,0.00
2017.03.23 13:19:31.762,12.51408,12.51671,0.00,0.00
2017.03.23 13:19:32.162,12.51408,12.51632,0.00,0.00
2017.03.23 13:19:32.264,12.51408,12.51641,0.00,0.00
2017.03.23 13:19:33.468,12.51408,12.51652,0.00,0.00
2017.03.23 13:19:33.577,12.51419,12.51682,0.00,0.00
2017.03.23 13:19:33.684,12.51408,12.51662,0.00,0.00
2017.03.23 13:19:33.827,12.51418,12.51682,0.00,0.00
2017.03.23 13:19:33.878,12.51408,12.51682,0.00,0.00
2017.03.23 13:19:33.986,12.51419,12.51682,0.00,0.00
2017.03.23 13:19:34.070,12.51408,12.51672,0.00,0.00
2017.03.23 13:19:34.209,12.51408,12.51642,0.00,0.00
2017.03.23 13:19:34.270,12.51408,12.51672,0.00,0.00
2017.03.23 13:19:34.412,12.51418,12.51682,0.00,0.00
2017.03.23 13:19:34.707,12.51408,12.51682,0.00,0.00
2017.03.23 13:19:34.773,12.51408,12.51671,0.00,0.00
2017.03.23 13:19:35.129,12.51439,12.51682,0.00,0.00
2017.03.23 13:19:35.477,12.51459,12.51682,0.00,0.00
2017.03.23 13:19:36.278,12.51449,12.51682,0.00,0.00
2017.03.23 13:19:36.997,12.51408,12.51682,0.00,0.00
2017.03.23 13:19:37.182,12.51438,12.51682,0.00,0.00
2017.03.23 13:19:37.683,12.51429,12.51682,0.00,0.00
2017.03.23 13:19:37.928,12.51449,12.51682,0.00,0.00
2017.03.23 13:19:38.969,12.51428,12.51682,0.00,0.00
2017.03.23 13:19:39.020,12.51408,12.51661,0.00,0.00
2017.03.23 13:19:39.404,12.51408,12.51671,0.00,0.00
2017.03.23 13:19:39.516,12.51408,12.51661,0.00,0.00
2017.03.23 13:19:39.690,12.51408,12.51682,0.00,0.00
2017.03.23 13:19:40.091,12.51408,12.51672,0.00,0.00
2017.03.23 13:19:40.623,12.51448,12.51682,0.00,0.00
2017.03.23 13:19:41.094,12.51419,12.51682,0.00,0.00
2017.03.23 13:19:41.196,12.51458,12.51682,0.00,0.00
2017.03.23 13:19:41.333,12.51408,12.51682,0.00,0.00
2017.03.23 13:19:41.508,12.51458,12.51682,0.00,0.00
2017.03.23 13:19:41.714,12.51448,12.51682,0.00,0.00
2017.03.23 13:19:41.796,12.51408,12.51652,0.00,0.00
2017.03.23 13:19:42.096,12.51408,12.51682,0.00,0.00
2017.03.23 13:19:42.217,12.51449,12.51682,0.00,0.00
2017.03.23 13:19:42.324,12.51408,12.51682,0.00,0.00
2017.03.23 13:19:42.446,12.51408,12.51662,0.00,0.00
2017.03.23 13:19:42.497,12.51408,12.51682,0.00,0.00
2017.03.23 13:19:42.598,12.51448,12.51682,0.00,0.00
2017.03.23 13:19:42.799,12.51372,12.51631,0.00,0.00
2017.03.23 13:19:43.107,12.51372,12.51581,0.00,0.00
2017.03.23 13:19:43.487,12.51328,12.51581,0.00,0.00
2017.03.23 13:19:43.799,12.51339,12.51581,0.00,0.00
2017.03.23 13:19:44.100,12.51358,12.51581,0.00,0.00
2017.03.23 13:19:44.400,12.51348,12.51581,0.00,0.00
2017.03.23 13:19:44.500,12.51358,12.51581,0.00,0.00
2017.03.23 13:19:44.802,12.51328,12.51581,0.00,0.00
2017.03.23 13:19:45.069,12.51319,12.51581,0.00,0.00
2017.03.23 13:19:45.208,12.51328,12.51581,0.00,0.00
2017.03.23 13:19:45.425,12.51318,12.51581,0.00,0.00
2017.03.23 13:19:45.526,12.51329,12.51581,0.00,0.00
2017.03.23 13:19:45.931,12.51338,12.51581,0.00,0.00
2017.03.23 13:19:46.004,12.51309,12.51581,0.00,0.00
2017.03.23 13:19:46.305,12.51338,12.51581,0.00,0.00
2017.03.23 13:19:46.406,12.51309,12.51581,0.00,0.00
2017.03.23 13:19:46.826,12.51328,12.51581,0.00,0.00
2017.03.23 13:19:46.906,12.51309,12.51581,0.00,0.00
2017.03.23 13:19:47.143,12.51319,12.51581,0.00,0.00
2017.03.23 13:19:47.250,12.51309,12.51581,0.00,0.00
2017.03.23 13:19:47.412,12.51309,12.51557,0.00,0.00
2017.03.23 13:19:47.725,12.51328,12.51581,0.00,0.00
2017.03.23 13:19:47.841,12.51318,12.51581,0.00,0.00
2017.03.23 13:19:48.015,12.51309,12.51581,0.00,0.00
2017.03.23 13:19:48.163,12.51309,12.51576,0.00,0.00
2017.03.23 13:19:48.215,12.51309,12.51581,0.00,0.00
2017.03.23 13:19:48.327,12.51309,12.51557,0.00,0.00
2017.03.23 13:19:48.428,12.51309,12.51562,0.00,0.00
2017.03.23 13:19:48.529,12.51309,12.51557,0.00,0.00
2017.03.23 13:19:48.954,12.51339,12.51581,0.00,0.00
2017.03.23 13:19:49.314,12.51318,12.51581,0.00,0.00
2017.03.23 13:19:49.546,12.51309,12.51581,0.00,0.00
2017.03.23 13:19:49.655,12.51308,12.51532,0.00,0.00
2017.03.23 13:19:49.756,12.51308,12.51541,0.00,0.00
2017.03.23 13:19:49.815,12.51308,12.51562,0.00,0.00
2017.03.23 13:19:50.024,12.51308,12.51582,0.00,0.00
2017.03.23 13:19:50.216,12.51318,12.51582,0.00,0.00
2017.03.23 13:19:50.565,12.51308,12.51582,0.00,0.00
2017.03.23 13:19:51.023,12.51329,12.51582,0.00,0.00
2017.03.23 13:19:51.357,12.51309,12.51582,0.00,0.00
2017.03.23 13:19:51.542,12.51308,12.51571,0.00,0.00
2017.03.23 13:19:52.047,12.51318,12.51582,0.00,0.00
2017.03.23 13:19:52.235,12.51338,12.51582,0.00,0.00
2017.03.23 13:19:52.369,12.51329,12.51582,0.00,0.00
2017.03.23 13:19:52.422,12.51319,12.51582,0.00,0.00
2017.03.23 13:19:52.543,12.51329,12.51582,0.00,0.00
2017.03.23 13:19:52.878,12.51409,12.51682,0.00,0.00
2017.03.23 13:19:52.929,12.51418,12.51682,0.00,0.00
2017.03.23 13:19:53.030,12.51408,12.51681,0.00,0.00
2017.03.23 13:19:53.150,12.51408,12.51672,0.00,0.00
2017.03.23 13:19:53.602,12.51408,12.51621,0.00,0.00
2017.03.23 13:19:53.757,12.51408,12.51641,0.00,0.00
2017.03.23 13:19:53.825,12.51419,12.51682,0.00,0.00
2017.03.23 13:19:54.465,12.51408,12.51621,0.00,0.00
2017.03.23 13:19:54.671,12.51408,12.51652,0.00,0.00
2017.03.23 13:19:54.851,12.51418,12.51682,0.00,0.00
2017.03.23 13:19:54.928,12.51408,12.51621,0.00,0.00
2017.03.23 13:19:55.147,12.51408,12.51651,0.00,0.00
2017.03.23 13:19:55.251,12.51408,12.51682,0.00,0.00
2017.03.23 13:19:55.543,12.51408,12.51621,0.00,0.00
2017.03.23 13:19:55.671,12.51418,12.51682,0.00,0.00
2017.03.23 13:19:55.730,12.51408,12.51682,0.00,0.00
2017.03.23 13:19:55.952,12.51388,12.51631,0.00,0.00
2017.03.23 13:19:56.280,12.51352,12.51571,0.00,0.00
2017.03.23 13:19:56.575,12.51352,12.51571,0.00,0.00
2017.03.23 13:19:56.754,12.51352,12.51581,0.00,0.00
2017.03.23 13:19:56.804,12.51408,12.51582,0.00,0.00
2017.03.23 13:19:56.855,12.51408,12.51602,0.00,0.00
2017.03.23 13:19:56.974,12.51408,12.51682,0.00,0.00
2017.03.23 13:19:57.317,12.51408,12.51632,0.00,0.00
2017.03.23 13:19:57.468,12.51328,12.51582,0.00,0.00
2017.03.23 13:19:57.581,12.51308,12.51582,0.00,0.00
2017.03.23 13:19:57.874,12.51319,12.51582,0.00,0.00
2017.03.23 13:19:58.138,12.51309,12.51582,0.00,0.00
2017.03.23 13:19:58.238,12.51329,12.51582,0.00,0.00
2017.03.23 13:19:58.543,12.51308,12.51582,0.00,0.00
2017.03.23 13:19:58.639,12.51338,12.51582,0.00,0.00
2017.03.23 13:19:58.745,12.51309,12.51582,0.00,0.00
2017.03.23 13:19:59.753,12.51348,12.51582,0.00,0.00
2017.03.23 13:19:59.804,12.51381,12.51631,0.00,0.00
2017.03.23 13:19:59.955,12.51418,12.51681,0.00,0.00
2017.03.23 13:20:00.057,12.51409,12.51681,0.00,0.00
2017.03.23 13:20:00.142,12.51409,12.51662,0.00,0.00
2017.03.23 13:20:00.246,12.51409,12.51671,0.00,0.00
2017.03.23 13:20:00.346,12.51419,12.51681,0.00,0.00
2017.03.23 13:20:00.673,12.51409,12.51681,0.00,0.00
2017.03.23 13:20:00.801,12.51418,12.51681,0.00,0.00
2017.03.23 13:20:01.107,12.51411,12.51651,0.00,0.00
2017.03.23 13:20:01.158,12.51411,12.51662,0.00,0.00
2017.03.23 13:20:01.246,12.51411,12.51632,0.00,0.00
2017.03.23 13:20:01.458,12.51418,12.51682,0.00,0.00
2017.03.23 13:20:01.558,12.51418,12.51692,0.00,0.00
2017.03.23 13:20:01.747,12.51428,12.51692,0.00,0.00
2017.03.23 13:20:02.164,12.51511,12.51671,0.00,0.00
2017.03.23 13:20:02.292,12.51511,12.51742,0.00,0.00
2017.03.23 13:20:02.343,12.51518,12.51772,0.00,0.00
2017.03.23 13:20:02.393,12.51518,12.51742,0.00,0.00
2017.03.23 13:20:02.444,12.51468,12.51742,0.00,0.00
2017.03.23 13:20:02.495,12.51468,12.51702,0.00,0.00
2017.03.23 13:20:02.751,12.51422,12.51682,0.00,0.00
2017.03.23 13:20:02.851,12.51422,12.51691,0.00,0.00
2017.03.23 13:20:02.960,12.51428,12.51691,0.00,0.00
2017.03.23 13:20:03.285,12.51448,12.51691,0.00,0.00
2017.03.23 13:20:03.397,12.51439,12.51691,0.00,0.00
2017.03.23 13:20:03.452,12.51422,12.51691,0.00,0.00
2017.03.23 13:20:04.054,12.51422,12.51681,0.00,0.00
2017.03.23 13:20:04.381,12.51439,12.51691,0.00,0.00
2017.03.23 13:20:04.496,12.51429,12.51691,0.00,0.00
2017.03.23 13:20:04.656,12.51422,12.51691,0.00,0.00
2017.03.23 13:20:04.800,12.51468,12.51682,0.00,0.00
2017.03.23 13:20:04.851,12.51418,12.51682,0.00,0.00
2017.03.23 13:20:05.087,12.51418,12.51692,0.00,0.00
2017.03.23 13:20:05.188,12.51418,12.51682,0.00,0.00
2017.03.23 13:20:05.500,12.51418,12.51672,0.00,0.00
2017.03.23 13:20:06.258,12.51428,12.51692,0.00,0.00
2017.03.23 13:20:06.413,12.51418,12.51682,0.00,0.00
2017.03.23 13:20:06.938,12.51469,12.51682,0.00,0.00
2017.03.23 13:20:07.161,12.51518,12.51782,0.00,0.00
2017.03.23 13:20:07.368,12.51518,12.51791,0.00,0.00
2017.03.23 13:20:07.479,12.51518,12.51771,0.00,0.00
2017.03.23 13:20:07.663,12.51518,12.51781,0.00,0.00
2017.03.23 13:20:07.810,12.51518,12.51792,0.00,0.00
2017.03.23 13:20:07.863,12.51518,12.51781,0.00,0.00
2017.03.23 13:20:08.190,12.51518,12.51792,0.00,0.00
2017.03.23 13:20:08.582,12.51518,12.51772,0.00,0.00
2017.03.23 13:20:08.765,12.51518,12.51792,0.00,0.00
2017.03.23 13:20:09.165,12.51518,12.51771,0.00,0.00
2017.03.23 13:20:09.266,12.51518,12.51792,0.00,0.00
2017.03.23 13:20:09.367,12.51518,12.51772,0.00,0.00
2017.03.23 13:20:12.071,12.51518,12.51792,0.00,0.00
2017.03.23 13:20:12.414,12.51518,12.51762,0.00,0.00
2017.03.23 13:20:12.472,12.51518,12.51792,0.00,0.00
2017.03.23 13:20:12.772,12.51518,12.51782,0.00,0.00
2017.03.23 13:20:13.074,12.51519,12.51792,0.00,0.00
2017.03.23 13:20:13.184,12.51518,12.51772,0.00,0.00
2017.03.23 13:20:13.274,12.51519,12.51792,0.00,0.00
2017.03.23 13:20:13.694,12.51518,12.51781,0.00,0.00
2017.03.23 13:20:13.977,12.51518,12.51792,0.00,0.00
2017.03.23 13:20:14.358,12.51602,12.51792,0.00,0.00
2017.03.23 13:20:14.409,12.51619,12.51811,0.00,0.00
2017.03.23 13:20:14.514,12.51619,12.51842,0.00,0.00
2017.03.23 13:20:14.624,12.51619,12.51881,0.00,0.00
2017.03.23 13:20:14.677,12.51619,12.51891,0.00,0.00
2017.03.23 13:20:15.024,12.51619,12.51862,0.00,0.00
2017.03.23 13:20:15.078,12.51619,12.51891,0.00,0.00
2017.03.23 13:20:15.730,12.51619,12.51871,0.00,0.00
2017.03.23 13:20:16.181,12.51619,12.51861,0.00,0.00
2017.03.23 13:20:16.595,12.51619,12.51872,0.00,0.00
2017.03.23 13:20:16.645,12.51621,12.51872,0.00,0.00
2017.03.23 13:20:16.696,12.51621,12.51891,0.00,0.00
2017.03.23 13:20:16.798,12.51628,12.51891,0.00,0.00
2017.03.23 13:20:17.142,12.51621,12.51872,0.00,0.00
2017.03.23 13:20:17.283,12.51621,12.51891,0.00,0.00
2017.03.23 13:20:17.588,12.51621,12.51881,0.00,0.00
2017.03.23 13:20:18.002,12.51718,12.51962,0.00,0.00
2017.03.23 13:20:18.405,12.51718,12.51932,0.00,0.00
2017.03.23 13:20:18.515,12.51718,12.51952,0.00,0.00
2017.03.23 13:20:18.631,12.51718,12.51921,0.00,0.00
2017.03.23 13:20:18.887,12.51718,12.51941,0.00,0.00
2017.03.23 13:20:19.415,12.51718,12.51952,0.00,0.00
2017.03.23 13:20:19.937,12.51718,12.51971,0.00,0.00
2017.03.23 13:20:20.391,12.51718,12.51992,0.00,0.00
2017.03.23 13:20:20.535,12.51718,12.51942,0.00,0.00
2017.03.23 13:20:20.592,12.51718,12.51971,0.00,0.00
2017.03.23 13:20:21.107,12.51718,12.51942,0.00,0.00
2017.03.23 13:20:21.194,12.51718,12.51951,0.00,0.00
2017.03.23 13:20:22.196,12.51718,12.51931,0.00,0.00
2017.03.23 13:20:22.308,12.51718,12.51972,0.00,0.00
2017.03.23 13:20:22.697,12.51718,12.51942,0.00,0.00
2017.03.23 13:20:22.798,12.51718,12.51971,0.00,0.00
2017.03.23 13:20:23.026,12.51718,12.51982,0.00,0.00
2017.03.23 13:20:23.440,12.51718,12.51952,0.00,0.00
2017.03.23 13:20:23.607,12.51718,12.51962,0.00,0.00
2017.03.23 13:20:23.736,12.51718,12.51942,0.00,0.00
2017.03.23 13:20:24.001,12.51718,12.51972,0.00,0.00
2017.03.23 13:20:24.102,12.51718,12.51932,0.00,0.00
2017.03.23 13:20:24.828,12.51718,12.51961,0.00,0.00
2017.03.23 13:20:24.947,12.51718,12.51942,0.00,0.00
2017.03.23 13:20:25.005,12.51718,12.51982,0.00,0.00
2017.03.23 13:20:25.322,12.51718,12.51972,0.00,0.00
2017.03.23 13:20:25.744,12.51718,12.51952,0.00,0.00
2017.03.23 13:20:25.937,12.51718,12.51971,0.00,0.00
2017.03.23 13:20:26.614,12.51718,12.51992,0.00,0.00
2017.03.23 13:20:26.910,12.51718,12.51962,0.00,0.00
2017.03.23 13:20:27.111,12.51718,12.51982,0.00,0.00
2017.03.23 13:20:27.257,12.51718,12.51961,0.00,0.00
2017.03.23 13:20:27.514,12.51718,12.51982,0.00,0.00
2017.03.23 13:20:27.614,12.51718,12.51992,0.00,0.00
2017.03.23 13:20:28.215,12.51718,12.51972,0.00,0.00
2017.03.23 13:20:28.526,12.51769,12.52022,0.00,0.00
2017.03.23 13:20:28.586,12.51738,12.51992,0.00,0.00
2017.03.23 13:20:28.718,12.51718,12.51962,0.00,0.00
2017.03.23 13:20:28.818,12.51718,12.51982,0.00,0.00
2017.03.23 13:20:28.964,12.51718,12.51962,0.00,0.00
2017.03.23 13:20:29.437,12.51768,12.51962,0.00,0.00
2017.03.23 13:20:29.542,12.51718,12.51971,0.00,0.00
2017.03.23 13:20:29.647,12.51718,12.51992,0.00,0.00
2017.03.23 13:20:29.773,12.51718,12.51962,0.00,0.00
2017.03.23 13:20:30.065,12.51718,12.51981,0.00,0.00
2017.03.23 13:20:30.166,12.51718,12.51992,0.00,0.00
2017.03.23 13:20:30.335,12.51718,12.51982,0.00,0.00
2017.03.23 13:20:30.744,12.51718,12.51962,0.00,0.00
2017.03.23 13:20:30.922,12.51718,12.51972,0.00,0.00
2017.03.23 13:20:31.723,12.51718,12.51962,0.00,0.00
2017.03.23 13:20:31.967,12.51718,12.51971,0.00,0.00
2017.03.23 13:20:32.936,12.51718,12.51952,0.00,0.00
2017.03.23 13:20:33.026,12.51718,12.51972,0.00,0.00
2017.03.23 13:20:34.443,12.51718,12.51992,0.00,0.00
2017.03.23 13:20:34.528,12.51718,12.51962,0.00,0.00
2017.03.23 13:20:35.751,12.51718,12.51972,0.00,0.00
2017.03.23 13:20:35.876,12.51718,12.51991,0.00,0.00
2017.03.23 13:20:36.133,12.51718,12.51961,0.00,0.00
2017.03.23 13:20:36.353,12.51718,12.51991,0.00,0.00
2017.03.23 13:20:36.454,12.51768,12.52002,0.00,0.00
2017.03.23 13:20:36.555,12.51768,12.52011,0.00,0.00
2017.03.23 13:20:37.081,12.51768,12.51991,0.00,0.00
2017.03.23 13:20:37.137,12.51768,12.52012,0.00,0.00
2017.03.23 13:20:37.324,12.51819,12.52012,0.00,0.00
2017.03.23 13:20:37.375,12.51819,12.52021,0.00,0.00
2017.03.23 13:20:37.549,12.51819,12.52072,0.00,0.00
2017.03.23 13:20:37.651,12.51819,12.52031,0.00,0.00
2017.03.23 13:20:37.752,12.51771,12.52031,0.00,0.00
2017.03.23 13:20:37.853,12.51801,12.52031,0.00,0.00
2017.03.23 13:20:38.140,12.51819,12.52071,0.00,0.00
2017.03.23 13:20:38.369,12.51819,12.52052,0.00,0.00
2017.03.23 13:20:38.541,12.51819,12.52072,0.00,0.00
2017.03.23 13:20:39.142,12.51819,12.52062,0.00,0.00
2017.03.23 13:20:39.242,12.51819,12.52072,0.00,0.00
2017.03.23 13:20:39.834,12.51819,12.52061,0.00,0.00
2017.03.23 13:20:39.944,12.51819,12.52071,0.00,0.00
2017.03.23 13:20:40.053,12.51819,12.52041,0.00,0.00
2017.03.23 13:20:40.684,12.51819,12.52062,0.00,0.00
2017.03.23 13:20:40.746,12.51819,12.52071,0.00,0.00
2017.03.23 13:20:42.309,12.51819,12.52081,0.00,0.00
2017.03.23 13:20:42.360,12.51819,12.52091,0.00,0.00
2017.03.23 13:20:42.474,12.51819,12.52082,0.00,0.00
2017.03.23 13:20:42.854,12.51819,12.52071,0.00,0.00
2017.03.23 13:20:43.056,12.51819,12.52092,0.00,0.00
2017.03.23 13:20:43.261,12.51818,12.52071,0.00,0.00
2017.03.23 13:20:43.451,12.51818,12.52081,0.00,0.00
2017.03.23 13:20:43.585,12.51818,12.52061,0.00,0.00
2017.03.23 13:20:43.685,12.51818,12.52082,0.00,0.00
2017.03.23 13:20:43.751,12.51818,12.52061,0.00,0.00
2017.03.23 13:20:44.301,12.51818,12.52082,0.00,0.00
2017.03.23 13:20:44.352,12.51818,12.52052,0.00,0.00
2017.03.23 13:20:44.452,12.51818,12.52082,0.00,0.00
2017.03.23 13:20:44.773,12.51818,12.52052,0.00,0.00
2017.03.23 13:20:44.975,12.51818,12.52062,0.00,0.00
2017.03.23 13:20:45.053,12.51818,12.52082,0.00,0.00
2017.03.23 13:20:45.154,12.51818,12.52061,0.00,0.00
2017.03.23 13:20:45.467,12.51818,12.52041,0.00,0.00
2017.03.23 13:20:45.855,12.51818,12.52051,0.00,0.00
2017.03.23 13:20:46.078,12.51791,12.52042,0.00,0.00
2017.03.23 13:20:46.179,12.51791,12.51992,0.00,0.00
2017.03.23 13:20:46.550,12.51791,12.51962,0.00,0.00
2017.03.23 13:20:46.601,12.51718,12.51962,0.00,0.00
2017.03.23 13:20:46.701,12.51718,12.51991,0.00,0.00
2017.03.23 13:20:46.759,12.51718,12.51982,0.00,0.00
2017.03.23 13:20:46.975,12.51718,12.51991,0.00,0.00
2017.03.23 13:20:47.059,12.51718,12.51971,0.00,0.00
2017.03.23 13:20:47.873,12.51718,12.51992,0.00,0.00
2017.03.23 13:20:47.928,12.51769,12.52002,0.00,0.00
2017.03.23 13:20:48.197,12.51819,12.52062,0.00,0.00
2017.03.23 13:20:48.265,12.51819,12.52072,0.00,0.00
2017.03.23 13:20:48.365,12.51819,12.52052,0.00,0.00
2017.03.23 13:20:48.473,12.51819,12.52061,0.00,0.00
2017.03.23 13:20:48.565,12.51819,12.52072,0.00,0.00
2017.03.23 13:20:48.866,12.51819,12.52052,0.00,0.00
2017.03.23 13:20:49.167,12.51819,12.52041,0.00,0.00
2017.03.23 13:20:49.696,12.51819,12.52051,0.00,0.00
2017.03.23 13:20:50.392,12.51819,12.52072,0.00,0.00
2017.03.23 13:20:50.470,12.51819,12.52031,0.00,0.00
2017.03.23 13:20:50.671,12.51819,12.52042,0.00,0.00
2017.03.23 13:20:50.772,12.51819,12.52082,0.00,0.00
2017.03.23 13:20:51.207,12.51819,12.52061,0.00,0.00
2017.03.23 13:20:51.574,12.51819,12.52042,0.00,0.00
2017.03.23 13:20:51.875,12.51819,12.52072,0.00,0.00
2017.03.23 13:20:52.121,12.51819,12.52042,0.00,0.00
2017.03.23 13:20:52.177,12.51819,12.52082,0.00,0.00
2017.03.23 13:20:52.413,12.51819,12.52051,0.00,0.00
2017.03.23 13:20:52.525,12.51819,12.52091,0.00,0.00
2017.03.23 13:20:52.919,12.51819,12.52052,0.00,0.00
2017.03.23 13:20:53.265,12.51919,12.52102,0.00,0.00
2017.03.23 13:20:53.315,12.51919,12.52112,0.00,0.00
2017.03.23 13:20:53.366,12.51871,12.52112,0.00,0.00
2017.03.23 13:20:53.417,12.51871,12.52141,0.00,0.00
2017.03.23 13:20:53.517,12.51871,12.52121,0.00,0.00
2017.03.23 13:20:53.883,12.51871,12.52062,0.00,0.00
2017.03.23 13:20:54.102,12.51871,12.52072,0.00,0.00
2017.03.23 13:20:54.203,12.51871,12.52062,0.00,0.00
2017.03.23 13:20:54.284,12.51871,12.52112,0.00,0.00
2017.03.23 13:20:54.686,12.51868,12.52092,0.00,0.00
2017.03.23 13:20:54.819,12.51868,12.52102,0.00,0.00
2017.03.23 13:20:55.187,12.51868,12.52091,0.00,0.00
2017.03.23 13:20:55.287,12.51868,12.52111,0.00,0.00
2017.03.23 13:20:55.387,12.51919,12.52132,0.00,0.00
2017.03.23 13:20:55.488,12.51919,12.52162,0.00,0.00
2017.03.23 13:20:55.894,12.51919,12.52122,0.00,0.00
2017.03.23 13:20:56.173,12.51919,12.52151,0.00,0.00
2017.03.23 13:20:56.224,12.51919,12.52191,0.00,0.00
2017.03.23 13:20:56.289,12.51919,12.52182,0.00,0.00
2017.03.23 13:20:56.633,12.51919,12.52152,0.00,0.00
2017.03.23 13:20:56.690,12.51919,12.52172,0.00,0.00
2017.03.23 13:20:57.022,12.51919,12.52182,0.00,0.00
2017.03.23 13:20:57.342,12.51919,12.52161,0.00,0.00
2017.03.23 13:20:57.616,12.51919,12.52172,0.00,0.00
2017.03.23 13:20:57.795,12.51919,12.52162,0.00,0.00
2017.03.23 13:20:58.016,12.51919,12.52181,0.00,0.00
2017.03.23 13:20:58.123,12.51919,12.52142,0.00,0.00
2017.03.23 13:20:59.097,12.51919,12.52171,0.00,0.00
2017.03.23 13:20:59.211,12.51919,12.52181,0.00,0.00
2017.03.23 13:20:59.505,12.51919,12.52151,0.00,0.00
2017.03.23 13:20:59.919,12.51919,12.52161,0.00,0.00
2017.03.23 13:21:00.239,12.51919,12.52181,0.00,0.00
2017.03.23 13:21:00.340,12.52018,12.52181,0.00,0.00
2017.03.23 13:21:00.400,12.52018,12.52232,0.00,0.00
2017.03.23 13:21:00.524,12.52018,12.52252,0.00,0.00
2017.03.23 13:21:00.701,12.52018,12.52231,0.00,0.00
2017.03.23 13:21:00.902,12.52018,12.52251,0.00,0.00
2017.03.23 13:21:01.137,12.52018,12.52231,0.00,0.00
2017.03.23 13:21:01.335,12.52018,12.52252,0.00,0.00
2017.03.23 13:21:01.404,12.52018,12.52241,0.00,0.00
2017.03.23 13:21:01.815,12.52018,12.52231,0.00,0.00
2017.03.23 13:21:02.116,12.52018,12.52241,0.00,0.00
2017.03.23 13:21:02.626,12.52018,12.52232,0.00,0.00
2017.03.23 13:21:02.708,12.52018,12.52242,0.00,0.00
2017.03.23 13:21:03.055,12.51951,12.52191,0.00,0.00
2017.03.23 13:21:03.106,12.51939,12.52191,0.00,0.00
2017.03.23 13:21:03.210,12.51919,12.52191,0.00,0.00
2017.03.23 13:21:03.310,12.51919,12.52151,0.00,0.00
2017.03.23 13:21:03.510,12.51919,12.52172,0.00,0.00
2017.03.23 13:21:03.617,12.51919,12.52151,0.00,0.00
2017.03.23 13:21:04.024,12.51919,12.52171,0.00,0.00
2017.03.23 13:21:04.114,12.51919,12.52151,0.00,0.00
2017.03.23 13:21:04.448,12.52018,12.52261,0.00,0.00
2017.03.23 13:21:04.555,12.52018,12.52252,0.00,0.00
2017.03.23 13:21:04.617,12.52018,12.52261,0.00,0.00
2017.03.23 13:21:04.751,12.52018,12.52251,0.00,0.00
2017.03.23 13:21:05.055,12.52119,12.52281,0.00,0.00
2017.03.23 13:21:05.106,12.52069,12.52281,0.00,0.00
2017.03.23 13:21:05.157,12.52069,12.52302,0.00,0.00
2017.03.23 13:21:05.321,12.52069,12.52272,0.00,0.00
2017.03.23 13:21:05.421,12.52069,12.52302,0.00,0.00
2017.03.23 13:21:05.528,12.52069,12.52282,0.00,0.00
2017.03.23 13:21:05.747,12.52069,12.52299,0.00,0.00
2017.03.23 13:21:05.800,12.52019,12.52291,0.00,0.00
2017.03.23 13:21:05.851,12.52019,12.52272,0.00,0.00
2017.03.23 13:21:06.195,12.52019,12.52251,0.00,0.00
2017.03.23 13:21:06.246,12.52019,12.52262,0.00,0.00
2017.03.23 13:21:06.324,12.52019,12.52252,0.00,0.00
2017.03.23 13:21:06.625,12.52019,12.52282,0.00,0.00
2017.03.23 13:21:07.126,12.52019,12.52262,0.00,0.00
2017.03.23 13:21:07.427,12.52019,12.52282,0.00,0.00
2017.03.23 13:21:08.078,12.52019,12.52262,0.00,0.00
2017.03.23 13:21:08.380,12.52019,12.52281,0.00,0.00
2017.03.23 13:21:08.566,12.52019,12.52272,0.00,0.00
2017.03.23 13:21:08.888,12.52019,12.52252,0.00,0.00
2017.03.23 13:21:09.238,12.52019,12.52242,0.00,0.00
2017.03.23 13:21:09.335,12.52019,12.52282,0.00,0.00
2017.03.23 13:21:09.435,12.52019,12.52262,0.00,0.00
2017.03.23 13:21:09.761,12.52119,12.52361,0.00,0.00
2017.03.23 13:21:10.037,12.52119,12.52388,0.00,0.00
2017.03.23 13:21:10.739,12.52119,12.52382,0.00,0.00
2017.03.23 13:21:10.858,12.52119,12.52388,0.00,0.00
2017.03.23 13:21:10.959,12.52119,12.52362,0.00,0.00
2017.03.23 13:21:11.039,12.52119,12.52381,0.00,0.00
2017.03.23 13:21:11.683,12.52119,12.52388,0.00,0.00
2017.03.23 13:21:12.291,12.52119,12.52382,0.00,0.00
2017.03.23 13:21:12.868,12.52119,12.52361,0.00,0.00
2017.03.23 13:21:13.070,12.52148,12.52392,0.00,0.00
2017.03.23 13:21:13.182,12.52138,12.52392,0.00,0.00
2017.03.23 13:21:13.283,12.52118,12.52371,0.00,0.00
2017.03.23 13:21:13.561,12.52118,12.52392,0.00,0.00
2017.03.23 13:21:13.847,12.52118,12.52371,0.00,0.00
2017.03.23 13:21:13.948,12.52118,12.52392,0.00,0.00
2017.03.23 13:21:14.161,12.52118,12.52381,0.00,0.00
2017.03.23 13:21:14.950,12.52129,12.52392,0.00,0.00
2017.03.23 13:21:15.070,12.52118,12.52392,0.00,0.00
2017.03.23 13:21:15.192,12.52118,12.52382,0.00,0.00
2017.03.23 13:21:15.501,12.52129,12.52392,0.00,0.00
2017.03.23 13:21:15.678,12.52129,12.52399,0.00,0.00
2017.03.23 13:21:15.752,12.52129,12.52381,0.00,0.00
2017.03.23 13:21:15.952,12.52129,12.52399,0.00,0.00
2017.03.23 13:21:16.077,12.52129,12.52381,0.00,0.00
2017.03.23 13:21:16.153,12.52139,12.52399,0.00,0.00
2017.03.23 13:21:16.439,12.52129,12.52399,0.00,0.00
2017.03.23 13:21:16.490,12.52129,12.52391,0.00,0.00
2017.03.23 13:21:16.854,12.52129,12.52399,0.00,0.00
2017.03.23 13:21:16.955,12.52129,12.52382,0.00,0.00
2017.03.23 13:21:17.154,12.52129,12.52399,0.00,0.00
2017.03.23 13:21:17.355,12.52129,12.52381,0.00,0.00
2017.03.23 13:21:17.673,12.52139,12.52302,0.00,0.00
2017.03.23 13:21:17.783,12.52128,12.52361,0.00,0.00
2017.03.23 13:21:17.904,12.52128,12.52382,0.00,0.00
2017.03.23 13:21:17.956,12.52129,12.52399,0.00,0.00
2017.03.23 13:21:18.156,12.52128,12.52391,0.00,0.00
2017.03.23 13:21:18.513,12.52128,12.52381,0.00,0.00
2017.03.23 13:21:18.821,12.52089,12.52302,0.00,0.00
2017.03.23 13:21:18.922,12.52088,12.52309,0.00,0.00
2017.03.23 13:21:18.973,12.52078,12.52311,0.00,0.00
2017.03.23 13:21:19.078,12.52129,12.52398,0.00,0.00
2017.03.23 13:21:19.182,12.52138,12.52398,0.00,0.00
2017.03.23 13:21:19.867,12.52129,12.52398,0.00,0.00
2017.03.23 13:21:20.124,12.52138,12.52398,0.00,0.00
2017.03.23 13:21:20.461,12.52128,12.52398,0.00,0.00
2017.03.23 13:21:20.873,12.52148,12.52398,0.00,0.00
2017.03.23 13:21:21.077,12.52139,12.52398,0.00,0.00
2017.03.23 13:21:21.202,12.52158,12.52398,0.00,0.00
2017.03.23 13:21:21.476,12.52129,12.52398,0.00,0.00
2017.03.23 13:21:21.801,12.52161,12.52401,0.00,0.00
2017.03.23 13:21:21.865,12.52178,12.52432,0.00,0.00
2017.03.23 13:21:21.915,12.52228,12.52432,0.00,0.00
2017.03.23 13:21:21.966,12.52228,12.52499,0.00,0.00
2017.03.23 13:21:22.473,12.52229,12.52499,0.00,0.00
2017.03.23 13:21:23.213,12.52238,12.52499,0.00,0.00
2017.03.23 13:21:23.516,12.52199,12.52451,0.00,0.00
2017.03.23 13:21:23.889,12.52228,12.52451,0.00,0.00
2017.03.23 13:21:23.967,12.52188,12.52451,0.00,0.00
2017.03.23 13:21:24.094,12.52209,12.52451,0.00,0.00
2017.03.23 13:21:24.406,12.52199,12.52451,0.00,0.00
2017.03.23 13:21:24.977,12.52208,12.52451,0.00,0.00
2017.03.23 13:21:25.269,12.52199,12.52451,0.00,0.00
2017.03.23 13:21:25.370,12.52229,12.52451,0.00,0.00
2017.03.23 13:21:25.710,12.52199,12.52451,0.00,0.00
2017.03.23 13:21:25.830,12.52239,12.52451,0.00,0.00
2017.03.23 13:21:26.371,12.52208,12.52451,0.00,0.00
2017.03.23 13:21:26.490,12.52199,12.52451,0.00,0.00
2017.03.23 13:21:26.639,12.52238,12.52451,0.00,0.00
2017.03.23 13:21:26.746,12.52251,12.52522,0.00,0.00
2017.03.23 13:21:26.797,12.52279,12.52551,0.00,0.00
2017.03.23 13:21:26.898,12.52272,12.52551,0.00,0.00
2017.03.23 13:21:27.011,12.52289,12.52551,0.00,0.00
2017.03.23 13:21:27.073,12.52272,12.52551,0.00,0.00
2017.03.23 13:21:27.335,12.52272,12.52506,0.00,0.00
2017.03.23 13:21:27.436,12.52299,12.52552,0.00,0.00
2017.03.23 13:21:27.486,12.52308,12.52552,0.00,0.00
2017.03.23 13:21:27.608,12.52272,12.52552,0.00,0.00
2017.03.23 13:21:27.674,12.52272,12.52517,0.00,0.00
2017.03.23 13:21:27.775,12.52309,12.52552,0.00,0.00
2017.03.23 13:21:27.876,12.52272,12.52552,0.00,0.00
2017.03.23 13:21:28.120,12.52209,12.52456,0.00,0.00
2017.03.23 13:21:28.221,12.52199,12.52456,0.00,0.00
2017.03.23 13:21:28.576,12.52219,12.52456,0.00,0.00
2017.03.23 13:21:28.722,12.52199,12.52456,0.00,0.00
2017.03.23 13:21:30.101,12.52191,12.52451,0.00,0.00
2017.03.23 13:21:30.319,12.52228,12.52451,0.00,0.00
2017.03.23 13:21:30.379,12.52199,12.52451,0.00,0.00
2017.03.23 13:21:30.701,12.52208,12.52451,0.00,0.00
2017.03.23 13:21:30.818,12.52199,12.52451,0.00,0.00
2017.03.23 13:21:31.210,12.52208,12.52451,0.00,0.00
2017.03.23 13:21:31.281,12.52191,12.52451,0.00,0.00
2017.03.23 13:21:31.610,12.52198,12.52471,0.00,0.00
2017.03.23 13:21:31.717,12.52218,12.52452,0.00,0.00
2017.03.23 13:21:31.917,12.52198,12.52452,0.00,0.00
2017.03.23 13:21:32.030,12.52191,12.52452,0.00,0.00
2017.03.23 13:21:32.197,12.52198,12.52452,0.00,0.00
2017.03.23 13:21:32.510,12.52271,12.52502,0.00,0.00
2017.03.23 13:21:32.830,12.52271,12.52452,0.00,0.00
2017.03.23 13:21:32.981,12.52188,12.52452,0.00,0.00
2017.03.23 13:21:33.032,12.52219,12.52452,0.00,0.00
2017.03.23 13:21:33.184,12.52198,12.52452,0.00,0.00
2017.03.23 13:21:33.348,12.52188,12.52452,0.00,0.00
2017.03.23 13:21:33.485,12.52198,12.52452,0.00,0.00
2017.03.23 13:21:33.849,12.52209,12.52441,0.00,0.00
2017.03.23 13:21:33.900,12.52188,12.52441,0.00,0.00
2017.03.23 13:21:34.014,12.52219,12.52441,0.00,0.00
2017.03.23 13:21:34.117,12.52171,12.52441,0.00,0.00
2017.03.23 13:21:34.186,12.52188,12.52441,0.00,0.00
2017.03.23 13:21:34.624,12.52218,12.52441,0.00,0.00
2017.03.23 13:21:34.687,12.52209,12.52441,0.00,0.00
2017.03.23 13:21:34.795,12.52188,12.52441,0.00,0.00
2017.03.23 13:21:35.088,12.52219,12.52441,0.00,0.00
2017.03.23 13:21:35.689,12.52192,12.52441,0.00,0.00
2017.03.23 13:21:35.933,12.52199,12.52441,0.00,0.00
2017.03.23 13:21:35.989,12.52192,12.52441,0.00,0.00
2017.03.23 13:21:36.118,12.52218,12.52441,0.00,0.00
2017.03.23 13:21:36.219,12.52192,12.52441,0.00,0.00
2017.03.23 13:21:36.395,12.52218,12.52441,0.00,0.00
2017.03.23 13:21:36.636,12.52192,12.52441,0.00,0.00
2017.03.23 13:21:36.791,12.52192,12.52422,0.00,0.00
2017.03.23 13:21:36.892,12.52192,12.52441,0.00,0.00
2017.03.23 13:21:37.300,12.52219,12.52441,0.00,0.00
2017.03.23 13:21:37.420,12.52192,12.52441,0.00,0.00
2017.03.23 13:21:37.715,12.52161,12.52441,0.00,0.00
2017.03.23 13:21:37.766,12.52159,12.52392,0.00,0.00
2017.03.23 13:21:38.113,12.52151,12.52342,0.00,0.00
2017.03.23 13:21:38.982,12.52108,12.52342,0.00,0.00
2017.03.23 13:21:39.033,12.52119,12.52342,0.00,0.00
2017.03.23 13:21:39.432,12.52138,12.52342,0.00,0.00
2017.03.23 13:21:39.597,12.52098,12.52342,0.00,0.00
2017.03.23 13:21:39.798,12.52119,12.52342,0.00,0.00
2017.03.23 13:21:39.900,12.52098,12.52342,0.00,0.00
2017.03.23 13:21:39.998,12.52118,12.52342,0.00,0.00
2017.03.23 13:21:40.205,12.52098,12.52342,0.00,0.00
2017.03.23 13:21:40.342,12.52091,12.52342,0.00,0.00
2017.03.23 13:21:40.510,12.52139,12.52342,0.00,0.00
2017.03.23 13:21:41.000,12.52098,12.52342,0.00,0.00
2017.03.23 13:21:41.401,12.52091,12.52342,0.00,0.00
2017.03.23 13:21:41.561,12.52078,12.52342,0.00,0.00
2017.03.23 13:21:41.612,12.52098,12.52342,0.00,0.00
2017.03.23 13:21:42.085,12.52128,12.52342,0.00,0.00
2017.03.23 13:21:42.832,12.52118,12.52342,0.00,0.00
2017.03.23 13:21:42.903,12.52098,12.52342,0.00,0.00
2017.03.23 13:21:43.033,12.52118,12.52342,0.00,0.00
2017.03.23 13:21:43.153,12.52098,12.52342,0.00,0.00
2017.03.23 13:21:43.304,12.52118,12.52342,0.00,0.00
2017.03.23 13:21:43.413,12.52072,12.52342,0.00,0.00
2017.03.23 13:21:43.514,12.52098,12.52342,0.00,0.00
2017.03.23 13:21:43.816,12.52128,12.52342,0.00,0.00
2017.03.23 13:21:44.205,12.52109,12.52342,0.00,0.00
2017.03.23 13:21:44.433,12.52099,12.52342,0.00,0.00
2017.03.23 13:21:44.993,12.52108,12.52342,0.00,0.00
2017.03.23 13:21:46.155,12.52072,12.52342,0.00,0.00
2017.03.23 13:21:46.208,12.52108,12.52342,0.00,0.00
2017.03.23 13:21:46.574,12.52138,12.52342,0.00,0.00
2017.03.23 13:21:47.134,12.52118,12.52342,0.00,0.00
2017.03.23 13:21:47.209,12.52138,12.52342,0.00,0.00
2017.03.23 13:21:47.842,12.52119,12.52342,0.00,0.00
2017.03.23 13:21:47.911,12.52108,12.52342,0.00,0.00
2017.03.23 13:21:48.023,12.52098,12.52342,0.00,0.00
2017.03.23 13:21:48.111,12.52072,12.52342,0.00,0.00
2017.03.23 13:21:48.850,12.52078,12.52342,0.00,0.00
2017.03.23 13:21:49.245,12.52088,12.52342,0.00,0.00
2017.03.23 13:21:49.413,12.52078,12.52342,0.00,0.00
2017.03.23 13:21:49.533,12.52072,12.52341,0.00,0.00
2017.03.23 13:21:49.693,12.52079,12.52342,0.00,0.00
2017.03.23 13:21:50.119,12.52072,12.52342,0.00,0.00
2017.03.23 13:21:50.220,12.52138,12.52342,0.00,0.00
2017.03.23 13:21:50.421,12.52118,12.52342,0.00,0.00
2017.03.23 13:21:51.174,12.52118,12.52291,0.00,0.00
2017.03.23 13:21:51.224,12.52108,12.52291,0.00,0.00
2017.03.23 13:21:51.342,12.52051,12.52242,0.00,0.00
2017.03.23 13:21:51.716,12.52058,12.52242,0.00,0.00
2017.03.23 13:21:51.823,12.52051,12.52242,0.00,0.00
2017.03.23 13:21:52.013,12.52038,12.52242,0.00,0.00
2017.03.23 13:21:52.117,12.52029,12.52242,0.00,0.00
2017.03.23 13:21:52.677,12.52029,12.52142,0.00,0.00
2017.03.23 13:21:52.814,12.52029,12.52209,0.00,0.00
2017.03.23 13:21:52.865,12.51971,12.52201,0.00,0.00
2017.03.23 13:21:52.918,12.51971,12.52242,0.00,0.00
2017.03.23 13:21:53.065,12.52028,12.52242,0.00,0.00
2017.03.23 13:21:53.319,12.52008,12.52242,0.00,0.00
2017.03.23 13:21:53.419,12.52029,12.52242,0.00,0.00
2017.03.23 13:21:53.528,12.51999,12.52242,0.00,0.00
2017.03.23 13:21:53.620,12.52028,12.52242,0.00,0.00
2017.03.23 13:21:53.862,12.52019,12.52242,0.00,0.00
2017.03.23 13:21:54.023,12.51998,12.52242,0.00,0.00
2017.03.23 13:21:54.121,12.52019,12.52242,0.00,0.00
2017.03.23 13:21:54.450,12.51998,12.52242,0.00,0.00
2017.03.23 13:21:54.521,12.52009,12.52242,0.00,0.00
2017.03.23 13:21:54.838,12.52029,12.52242,0.00,0.00
2017.03.23 13:21:55.749,12.52008,12.52242,0.00,0.00
2017.03.23 13:21:55.823,12.52028,12.52242,0.00,0.00
2017.03.23 13:21:55.924,12.51999,12.52242,0.00,0.00
2017.03.23 13:21:56.033,12.52039,12.52242,0.00,0.00
2017.03.23 13:21:56.444,12.52008,12.52242,0.00,0.00
2017.03.23 13:21:58.027,12.52039,12.52242,0.00,0.00
2017.03.23 13:21:58.427,12.52029,12.52242,0.00,0.00
2017.03.23 13:21:58.594,12.52029,12.52251,0.00,0.00
2017.03.23 13:21:58.644,12.52058,12.52251,0.00,0.00
2017.03.23 13:21:58.774,12.51998,12.52251,0.00,0.00
2017.03.23 13:21:59.548,12.51982,12.52242,0.00,0.00
2017.03.23 13:22:00.231,12.52028,12.52251,0.00,0.00
2017.03.23 13:22:00.331,12.51998,12.52251,0.00,0.00
2017.03.23 13:22:00.382,12.51998,12.52201,0.00,0.00
2017.03.23 13:22:00.433,12.51979,12.52201,0.00,0.00
2017.03.23 13:22:00.536,12.51979,12.52251,0.00,0.00
2017.03.23 13:22:00.586,12.51979,12.52218,0.00,0.00
2017.03.23 13:22:00.638,12.51938,12.52201,0.00,0.00
2017.03.23 13:22:00.688,12.51938,12.52179,0.00,0.00
2017.03.23 13:22:00.739,12.51938,12.52201,0.00,0.00
2017.03.23 13:22:00.953,12.51962,12.52232,0.00,0.00
2017.03.23 13:22:01.054,12.51998,12.52251,0.00,0.00
2017.03.23 13:22:01.233,12.51979,12.52251,0.00,0.00
2017.03.23 13:22:01.433,12.51971,12.52251,0.00,0.00
2017.03.23 13:22:01.534,12.52029,12.52251,0.00,0.00
2017.03.23 13:22:01.886,12.52019,12.52241,0.00,0.00
2017.03.23 13:22:02.188,12.51988,12.52191,0.00,0.00
2017.03.23 13:22:02.238,12.51971,12.52191,0.00,0.00
2017.03.23 13:22:02.342,12.51928,12.52191,0.00,0.00
2017.03.23 13:22:02.394,12.51948,12.52212,0.00,0.00
2017.03.23 13:22:02.542,12.51962,12.52212,0.00,0.00
2017.03.23 13:22:02.861,12.51918,12.52142,0.00,0.00
2017.03.23 13:22:03.137,12.51908,12.52142,0.00,0.00
2017.03.23 13:22:03.459,12.51939,12.52142,0.00,0.00
2017.03.23 13:22:03.538,12.51929,12.52142,0.00,0.00
2017.03.23 13:22:03.685,12.51938,12.52142,0.00,0.00
2017.03.23 13:22:03.738,12.51909,12.52142,0.00,0.00
2017.03.23 13:22:03.851,12.51891,12.52142,0.00,0.00
2017.03.23 13:22:04.349,12.51938,12.52142,0.00,0.00
2017.03.23 13:22:04.743,12.51898,12.52142,0.00,0.00
2017.03.23 13:22:04.857,12.51918,12.52142,0.00,0.00
2017.03.23 13:22:05.141,12.51898,12.52142,0.00,0.00
2017.03.23 13:22:05.384,12.51928,12.52142,0.00,0.00
2017.03.23 13:22:05.852,12.51938,12.52142,0.00,0.00
2017.03.23 13:22:06.544,12.51928,12.52142,0.00,0.00
2017.03.23 13:22:06.745,12.51908,12.52142,0.00,0.00
2017.03.23 13:22:06.960,12.51928,12.52142,0.00,0.00
2017.03.23 13:22:07.169,12.51891,12.52142,0.00,0.00
2017.03.23 13:22:07.747,12.51938,12.52142,0.00,0.00
2017.03.23 13:22:08.604,12.51908,12.52142,0.00,0.00
2017.03.23 13:22:08.772,12.51938,12.52142,0.00,0.00
2017.03.23 13:22:09.250,12.51929,12.52142,0.00,0.00
2017.03.23 13:22:09.351,12.51938,12.52142,0.00,0.00
2017.03.23 13:22:09.858,12.51908,12.52142,0.00,0.00
2017.03.23 13:22:10.174,12.51919,12.52142,0.00,0.00
2017.03.23 13:22:10.752,12.51909,12.52142,0.00,0.00
2017.03.23 13:22:10.865,12.51939,12.52142,0.00,0.00
2017.03.23 13:22:11.202,12.51948,12.52142,0.00,0.00
2017.03.23 13:22:11.254,12.51908,12.52142,0.00,0.00
2017.03.23 13:22:11.656,12.51929,12.52142,0.00,0.00
2017.03.23 13:22:11.797,12.51908,12.52142,0.00,0.00
2017.03.23 13:22:12.055,12.51939,12.52142,0.00,0.00
2017.03.23 13:22:12.167,12.51909,12.52142,0.00,0.00
2017.03.23 13:22:12.578,12.51898,12.52142,0.00,0.00
2017.03.23 13:22:13.002,12.51919,12.52142,0.00,0.00
2017.03.23 13:22:13.057,12.51908,12.52142,0.00,0.00
2017.03.23 13:22:13.273,12.51939,12.52142,0.00,0.00
2017.03.23 13:22:13.905,12.51898,12.52142,0.00,0.00
2017.03.23 13:22:14.005,12.51892,12.52131,0.00,0.00
2017.03.23 13:22:14.355,12.51928,12.52142,0.00,0.00
2017.03.23 13:22:15.104,12.51938,12.52142,0.00,0.00
2017.03.23 13:22:15.264,12.51938,12.52169,0.00,0.00
2017.03.23 13:22:15.315,12.51962,12.52191,0.00,0.00
2017.03.23 13:22:15.365,12.51929,12.52179,0.00,0.00
2017.03.23 13:22:15.416,12.51929,12.52142,0.00,0.00
2017.03.23 13:22:15.592,12.51918,12.52142,0.00,0.00
2017.03.23 13:22:16.276,12.51909,12.52142,0.00,0.00
2017.03.23 13:22:16.365,12.51919,12.52142,0.00,0.00
2017.03.23 13:22:16.865,12.51899,12.52142,0.00,0.00
2017.03.23 13:22:17.495,12.51919,12.52142,0.00,0.00
2017.03.23 13:22:17.609,12.51899,12.52142,0.00,0.00
2017.03.23 13:22:18.081,12.51919,12.52142,0.00,0.00
2017.03.23 13:22:18.267,12.51898,12.52142,0.00,0.00
2017.03.23 13:22:18.585,12.51918,12.52142,0.00,0.00
2017.03.23 13:22:18.935,12.51938,12.52142,0.00,0.00
2017.03.23 13:22:19.485,12.51918,12.52142,0.00,0.00
2017.03.23 13:22:19.586,12.51898,12.52142,0.00,0.00
2017.03.23 13:22:19.771,12.51871,12.52141,0.00,0.00
2017.03.23 13:22:20.582,12.51871,12.52142,0.00,0.00
2017.03.23 13:22:21.675,12.51879,12.52142,0.00,0.00
2017.03.23 13:22:22.019,12.51928,12.52142,0.00,0.00
2017.03.23 13:22:22.285,12.51908,12.52142,0.00,0.00
2017.03.23 13:22:22.376,12.51928,12.52142,0.00,0.00
2017.03.23 13:22:22.489,12.51891,12.52141,0.00,0.00
2017.03.23 13:22:22.604,12.51898,12.52142,0.00,0.00
2017.03.23 13:22:23.187,12.51908,12.52142,0.00,0.00
2017.03.23 13:22:23.395,12.51891,12.52142,0.00,0.00
2017.03.23 13:22:23.478,12.51899,12.52142,0.00,0.00
2017.03.23 13:22:23.779,12.51852,12.52079,0.00,0.00
2017.03.23 13:22:24.118,12.51852,12.52041,0.00,0.00
2017.03.23 13:22:24.939,12.51818,12.52041,0.00,0.00
2017.03.23 13:22:25.082,12.51829,12.52041,0.00,0.00
2017.03.23 13:22:26.289,12.51818,12.52041,0.00,0.00
2017.03.23 13:22:27.022,12.51828,12.52041,0.00,0.00
2017.03.23 13:22:27.085,12.51808,12.52041,0.00,0.00
2017.03.23 13:22:27.663,12.51862,12.52092,0.00,0.00
2017.03.23 13:22:27.714,12.51862,12.52132,0.00,0.00
2017.03.23 13:22:27.814,12.51929,12.52142,0.00,0.00
2017.03.23 13:22:28.137,12.51889,12.52078,0.00,0.00
2017.03.23 13:22:28.238,12.51811,12.52041,0.00,0.00
2017.03.23 13:22:28.790,12.51818,12.52041,0.00,0.00
2017.03.23 13:22:29.296,12.51838,12.52041,0.00,0.00
2017.03.23 13:22:29.495,12.51818,12.52041,0.00,0.00
2017.03.23 13:22:29.634,12.51772,12.52041,0.00,0.00
2017.03.23 13:22:29.892,12.51788,12.52041,0.00,0.00
2017.03.23 13:22:30.254,12.51798,12.52041,0.00,0.00
2017.03.23 13:22:30.594,12.51772,12.52041,0.00,0.00
2017.03.23 13:22:30.695,12.51828,12.52041,0.00,0.00
2017.03.23 13:22:30.818,12.51772,12.52032,0.00,0.00
2017.03.23 13:22:30.920,12.51798,12.52041,0.00,0.00
2017.03.23 13:22:31.021,12.51772,12.52022,0.00,0.00
2017.03.23 13:22:31.206,12.51772,12.52012,0.00,0.00
2017.03.23 13:22:31.495,12.51772,12.52041,0.00,0.00
2017.03.23 13:22:31.619,12.51818,12.52041,0.00,0.00
2017.03.23 13:22:31.696,12.51772,12.52041,0.00,0.00
2017.03.23 13:22:31.915,12.51772,12.52021,0.00,0.00
2017.03.23 13:22:32.222,12.51819,12.52041,0.00,0.00
2017.03.23 13:22:32.698,12.51828,12.52041,0.00,0.00
2017.03.23 13:22:33.109,12.51819,12.52041,0.00,0.00
2017.03.23 13:22:33.200,12.51798,12.52041,0.00,0.00
2017.03.23 13:22:33.404,12.51788,12.52041,0.00,0.00
2017.03.23 13:22:33.604,12.51772,12.52032,0.00,0.00
2017.03.23 13:22:33.726,12.51808,12.52041,0.00,0.00
2017.03.23 13:22:33.801,12.51789,12.52041,0.00,0.00
2017.03.23 13:22:34.116,12.51808,12.52041,0.00,0.00
2017.03.23 13:22:34.303,12.51788,12.52041,0.00,0.00
2017.03.23 13:22:34.403,12.51772,12.52031,0.00,0.00
2017.03.23 13:22:34.503,12.51818,12.52041,0.00,0.00
2017.03.23 13:22:34.748,12.51808,12.52041,0.00,0.00
2017.03.23 13:22:35.204,12.51818,12.52041,0.00,0.00
2017.03.23 13:22:35.305,12.51789,12.52041,0.00,0.00
2017.03.23 13:22:35.505,12.51799,12.52041,0.00,0.00
2017.03.23 13:22:35.881,12.51818,12.52041,0.00,0.00
2017.03.23 13:22:36.325,12.51798,12.52041,0.00,0.00
2017.03.23 13:22:36.915,12.51861,12.52071,0.00,0.00
2017.03.23 13:22:37.015,12.51908,12.52138,0.00,0.00
2017.03.23 13:22:37.129,12.51919,12.52138,0.00,0.00
2017.03.23 13:22:37.477,12.51918,12.52142,0.00,0.00
2017.03.23 13:22:37.794,12.51918,12.52079,0.00,0.00
2017.03.23 13:22:37.845,12.51849,12.52079,0.00,0.00
2017.03.23 13:22:37.895,12.51849,12.52041,0.00,0.00
2017.03.23 13:22:37.946,12.51801,12.52041,0.00,0.00
2017.03.23 13:22:38.149,12.51788,12.52041,0.00,0.00
2017.03.23 13:22:38.258,12.51828,12.52041,0.00,0.00
2017.03.23 13:22:38.436,12.51829,12.52079,0.00,0.00
2017.03.23 13:22:38.496,12.51861,12.52092,0.00,0.00
2017.03.23 13:22:38.597,12.51868,12.52138,0.00,0.00
2017.03.23 13:22:38.814,12.51868,12.52141,0.00,0.00
2017.03.23 13:22:38.913,12.51908,12.52141,0.00,0.00
2017.03.23 13:22:39.313,12.51878,12.52141,0.00,0.00
2017.03.23 13:22:39.425,12.51909,12.52141,0.00,0.00
2017.03.23 13:22:39.754,12.51879,12.52141,0.00,0.00
2017.03.23 13:22:39.855,12.51829,12.52078,0.00,0.00
2017.03.23 13:22:40.188,12.51829,12.52042,0.00,0.00
2017.03.23 13:22:40.238,12.51798,12.52042,0.00,0.00
2017.03.23 13:22:40.317,12.51828,12.52042,0.00,0.00
2017.03.23 13:22:40.418,12.51798,12.52042,0.00,0.00
2017.03.23 13:22:40.517,12.51808,12.52042,0.00,0.00
2017.03.23 13:22:40.818,12.51828,12.52042,0.00,0.00
2017.03.23 13:22:40.919,12.51798,12.52042,0.00,0.00
2017.03.23 13:22:42.822,12.51828,12.52042,0.00,0.00
2017.03.23 13:22:43.018,12.51828,12.52079,0.00,0.00
2017.03.23 13:22:43.069,12.51809,12.52079,0.00,0.00
2017.03.23 13:22:43.119,12.51809,12.52041,0.00,0.00
2017.03.23 13:22:43.223,12.51798,12.52041,0.00,0.00
2017.03.23 13:22:43.451,12.51838,12.52041,0.00,0.00
2017.03.23 13:22:43.524,12.51829,12.52041,0.00,0.00
2017.03.23 13:22:44.329,12.51808,12.52041,0.00,0.00
2017.03.23 13:22:44.433,12.51788,12.52041,0.00,0.00
2017.03.23 13:22:44.558,12.51782,12.52041,0.00,0.00
2017.03.23 13:22:45.258,12.51809,12.52041,0.00,0.00
2017.03.23 13:22:45.491,12.51848,12.52091,0.00,0.00
2017.03.23 13:22:45.542,12.51848,12.52061,0.00,0.00
2017.03.23 13:22:45.592,12.51821,12.52061,0.00,0.00
2017.03.23 13:22:45.643,12.51848,12.52092,0.00,0.00
2017.03.23 13:22:45.764,12.51838,12.52092,0.00,0.00
2017.03.23 13:22:45.929,12.51821,12.52092,0.00,0.00
2017.03.23 13:22:46.330,12.51839,12.52092,0.00,0.00
2017.03.23 13:22:46.431,12.51821,12.52092,0.00,0.00
2017.03.23 13:22:46.981,12.51848,12.52092,0.00,0.00
2017.03.23 13:22:47.081,12.51868,12.52142,0.00,0.00
2017.03.23 13:22:47.465,12.51861,12.52132,0.00,0.00
2017.03.23 13:22:47.534,12.51868,12.52142,0.00,0.00
2017.03.23 13:22:47.650,12.51821,12.52091,0.00,0.00
2017.03.23 13:22:48.263,12.51838,12.52091,0.00,0.00
2017.03.23 13:22:48.637,12.51821,12.52091,0.00,0.00
2017.03.23 13:22:48.687,12.51861,12.52091,0.00,0.00
2017.03.23 13:22:48.738,12.51872,12.52122,0.00,0.00
2017.03.23 13:22:48.838,12.51909,12.52142,0.00,0.00
2017.03.23 13:22:49.238,12.51889,12.52142,0.00,0.00
2017.03.23 13:22:49.338,12.51872,12.52142,0.00,0.00
2017.03.23 13:22:49.523,12.51868,12.52092,0.00,0.00
2017.03.23 13:22:49.675,12.51788,12.52042,0.00,0.00
2017.03.23 13:22:50.213,12.51819,12.52042,0.00,0.00
2017.03.23 13:22:50.263,12.51788,12.52042,0.00,0.00
2017.03.23 13:22:50.586,12.51818,12.52042,0.00,0.00
2017.03.23 13:22:50.844,12.51789,12.52042,0.00,0.00
2017.03.23 13:22:51.044,12.51818,12.52042,0.00,0.00
2017.03.23 13:22:51.125,12.51818,12.52079,0.00,0.00
2017.03.23 13:22:51.175,12.51871,12.52092,0.00,0.00
2017.03.23 13:22:51.279,12.51878,12.52141,0.00,0.00
2017.03.23 13:22:51.380,12.51899,12.52141,0.00,0.00
2017.03.23 13:22:51.646,12.51889,12.52141,0.00,0.00
2017.03.23 13:22:51.748,12.51909,12.52141,0.00,0.00
2017.03.23 13:22:51.873,12.51878,12.52141,0.00,0.00
2017.03.23 13:22:51.974,12.51908,12.52141,0.00,0.00
2017.03.23 13:22:52.075,12.51899,12.52141,0.00,0.00
2017.03.23 13:22:53.584,12.51878,12.52141,0.00,0.00
2017.03.23 13:22:54.153,12.51908,12.52141,0.00,0.00
2017.03.23 13:22:54.478,12.51881,12.52141,0.00,0.00
2017.03.23 13:22:54.585,12.51908,12.52141,0.00,0.00
2017.03.23 13:22:55.393,12.51909,12.52141,0.00,0.00
2017.03.23 13:22:55.713,12.51938,12.52141,0.00,0.00
2017.03.23 13:22:56.103,12.51918,12.52141,0.00,0.00
2017.03.23 13:22:56.162,12.51899,12.52141,0.00,0.00
2017.03.23 13:22:56.501,12.51938,12.52141,0.00,0.00
2017.03.23 13:22:56.964,12.51929,12.52141,0.00,0.00
2017.03.23 13:22:57.094,12.51938,12.52141,0.00,0.00
2017.03.23 13:22:57.303,12.51929,12.52141,0.00,0.00
2017.03.23 13:22:57.364,12.51909,12.52141,0.00,0.00
2017.03.23 13:22:57.604,12.51929,12.52141,0.00,0.00
2017.03.23 13:22:57.770,12.51918,12.52141,0.00,0.00
2017.03.23 13:22:57.867,12.51908,12.52141,0.00,0.00
2017.03.23 13:22:57.970,12.51919,12.52141,0.00,0.00
2017.03.23 13:22:58.084,12.51899,12.52141,0.00,0.00
2017.03.23 13:22:58.419,12.51918,12.52141,0.00,0.00
2017.03.23 13:22:58.681,12.51908,12.52141,0.00,0.00
2017.03.23 13:22:58.783,12.51939,12.52141,0.00,0.00
2017.03.23 13:22:58.889,12.51899,12.52141,0.00,0.00
2017.03.23 13:22:59.006,12.51899,12.52089,0.00,0.00
2017.03.23 13:22:59.212,12.51809,12.52041,0.00,0.00
2017.03.23 13:23:00.401,12.51828,12.52041,0.00,0.00
2017.03.23 13:23:00.581,12.51799,12.52041,0.00,0.00
2017.03.23 13:23:00.685,12.51828,12.52041,0.00,0.00
2017.03.23 13:23:00.910,12.51818,12.52041,0.00,0.00
2017.03.23 13:23:01.180,12.51798,12.52041,0.00,0.00
2017.03.23 13:23:01.587,12.51871,12.52082,0.00,0.00
2017.03.23 13:23:01.638,12.51871,12.52142,0.00,0.00
2017.03.23 13:23:01.689,12.51878,12.52142,0.00,0.00
2017.03.23 13:23:02.084,12.51889,12.52142,0.00,0.00
2017.03.23 13:23:02.479,12.51871,12.52142,0.00,0.00
2017.03.23 13:23:03.115,12.51858,12.52088,0.00,0.00
2017.03.23 13:23:03.303,12.51799,12.52081,0.00,0.00
2017.03.23 13:23:03.354,12.51799,12.52042,0.00,0.00
2017.03.23 13:23:03.815,12.51828,12.52042,0.00,0.00
2017.03.23 13:23:04.283,12.51799,12.52042,0.00,0.00
2017.03.23 13:23:04.384,12.51828,12.52042,0.00,0.00
2017.03.23 13:23:05.167,12.51818,12.52042,0.00,0.00
2017.03.23 13:23:05.689,12.51799,12.52042,0.00,0.00
2017.03.23 13:23:05.817,12.51818,12.52042,0.00,0.00
2017.03.23 13:23:05.889,12.51798,12.52042,0.00,0.00
2017.03.23 13:23:06.539,12.51829,12.52042,0.00,0.00
2017.03.23 13:23:06.592,12.51799,12.52042,0.00,0.00
2017.03.23 13:23:07.253,12.51798,12.52042,0.00,0.00
2017.03.23 13:23:07.303,12.51809,12.52042,0.00,0.00
2017.03.23 13:23:07.659,12.51828,12.52042,0.00,0.00
2017.03.23 13:23:07.895,12.51799,12.52042,0.00,0.00
2017.03.23 13:23:08.327,12.51829,12.52042,0.00,0.00
2017.03.23 13:23:08.397,12.51818,12.52042,0.00,0.00
2017.03.23 13:23:08.521,12.51828,12.52042,0.00,0.00
2017.03.23 13:23:08.699,12.51818,12.52042,0.00,0.00
2017.03.23 13:23:09.599,12.51798,12.52042,0.00,0.00
2017.03.23 13:23:09.700,12.51828,12.52042,0.00,0.00
2017.03.23 13:23:10.014,12.51798,12.52042,0.00,0.00
2017.03.23 13:23:10.543,12.51828,12.52042,0.00,0.00
2017.03.23 13:23:10.602,12.51792,12.52042,0.00,0.00
2017.03.23 13:23:11.251,12.51808,12.52042,0.00,0.00
2017.03.23 13:23:11.352,12.51792,12.52042,0.00,0.00
2017.03.23 13:23:11.604,12.51808,12.52042,0.00,0.00
2017.03.23 13:23:11.948,12.51828,12.52042,0.00,0.00
2017.03.23 13:23:12.206,12.51799,12.52042,0.00,0.00
2017.03.23 13:23:12.329,12.51838,12.52042,0.00,0.00
2017.03.23 13:23:12.807,12.51818,12.52042,0.00,0.00
2017.03.23 13:23:13.053,12.51809,12.52042,0.00,0.00
2017.03.23 13:23:13.518,12.51881,12.52091,0.00,0.00
2017.03.23 13:23:13.636,12.51881,12.52102,0.00,0.00
2017.03.23 13:23:13.739,12.51919,12.52142,0.00,0.00
2017.03.23 13:23:14.247,12.51879,12.52089,0.00,0.00
2017.03.23 13:23:14.359,12.51829,12.52041,0.00,0.00
2017.03.23 13:23:14.412,12.51809,12.52041,0.00,0.00
2017.03.23 13:23:15.414,12.51838,12.52041,0.00,0.00
2017.03.23 13:23:15.515,12.51819,12.52041,0.00,0.00
2017.03.23 13:23:15.615,12.51798,12.52041,0.00,0.00
2017.03.23 13:23:16.571,12.51838,12.52041,0.00,0.00
2017.03.23 13:23:17.765,12.51799,12.52041,0.00,0.00
2017.03.23 13:23:17.818,12.51818,12.52041,0.00,0.00
2017.03.23 13:23:17.935,12.51798,12.52041,0.00,0.00
2017.03.23 13:23:18.118,12.51819,12.52041,0.00,0.00
2017.03.23 13:23:19.231,12.51799,12.52041,0.00,0.00
2017.03.23 13:23:19.352,12.51819,12.52041,0.00,0.00
2017.03.23 13:23:19.520,12.51798,12.52041,0.00,0.00
2017.03.23 13:23:19.744,12.51808,12.52041,0.00,0.00
2017.03.23 13:23:20.355,12.51798,12.52041,0.00,0.00
2017.03.23 13:23:20.634,12.51818,12.52041,0.00,0.00
2017.03.23 13:23:20.935,12.51828,12.52041,0.00,0.00
2017.03.23 13:23:21.036,12.51798,12.52041,0.00,0.00
2017.03.23 13:23:21.124,12.51818,12.52041,0.00,0.00
2017.03.23 13:23:21.334,12.51798,12.52041,0.00,0.00
2017.03.23 13:23:21.424,12.51809,12.52041,0.00,0.00
2017.03.23 13:23:21.892,12.51799,12.52041,0.00,0.00
2017.03.23 13:23:21.943,12.51829,12.52041,0.00,0.00
2017.03.23 13:23:22.157,12.51818,12.52041,0.00,0.00
2017.03.23 13:23:22.227,12.51828,12.52041,0.00,0.00
2017.03.23 13:23:22.328,12.51799,12.52041,0.00,0.00
2017.03.23 13:23:22.778,12.51791,12.52041,0.00,0.00
2017.03.23 13:23:23.044,12.51829,12.52041,0.00,0.00
2017.03.23 13:23:23.348,12.51799,12.52041,0.00,0.00
2017.03.23 13:23:24.131,12.51819,12.52041,0.00,0.00
2017.03.23 13:23:24.444,12.51798,12.52041,0.00,0.00
2017.03.23 13:23:24.750,12.51818,12.52041,0.00,0.00
2017.03.23 13:23:24.867,12.51808,12.52041,0.00,0.00
2017.03.23 13:23:24.968,12.51799,12.52041,0.00,0.00
2017.03.23 13:23:25.351,12.51738,12.51988,0.00,0.00
2017.03.23 13:23:25.456,12.51699,12.51941,0.00,0.00
2017.03.23 13:23:25.561,12.51692,12.51941,0.00,0.00
2017.03.23 13:23:25.662,12.51698,12.51941,0.00,0.00
2017.03.23 13:23:26.035,12.51718,12.51941,0.00,0.00
2017.03.23 13:23:26.397,12.51699,12.51941,0.00,0.00
2017.03.23 13:23:26.448,12.51738,12.51941,0.00,0.00
2017.03.23 13:23:27.056,12.51719,12.51941,0.00,0.00
2017.03.23 13:23:27.187,12.51739,12.51941,0.00,0.00
2017.03.23 13:23:27.287,12.51709,12.51941,0.00,0.00
2017.03.23 13:23:27.546,12.51719,12.51941,0.00,0.00
2017.03.23 13:23:27.646,12.51698,12.51941,0.00,0.00
2017.03.23 13:23:27.909,12.51708,12.51941,0.00,0.00
2017.03.23 13:23:28.212,12.51719,12.51941,0.00,0.00
2017.03.23 13:23:28.263,12.51709,12.51941,0.00,0.00
2017.03.23 13:23:28.450,12.51718,12.51941,0.00,0.00
2017.03.23 13:23:28.556,12.51699,12.51941,0.00,0.00
2017.03.23 13:23:28.670,12.51692,12.51941,0.00,0.00
2017.03.23 13:23:29.253,12.51692,12.51892,0.00,0.00
2017.03.23 13:23:29.304,12.51681,12.51892,0.00,0.00
2017.03.23 13:23:29.405,12.51681,12.51921,0.00,0.00
2017.03.23 13:23:29.534,12.51699,12.51942,0.00,0.00
2017.03.23 13:23:29.584,12.51729,12.51942,0.00,0.00
2017.03.23 13:23:30.170,12.51718,12.51942,0.00,0.00
2017.03.23 13:23:30.271,12.51698,12.51942,0.00,0.00
2017.03.23 13:23:30.371,12.51659,12.51892,0.00,0.00
2017.03.23 13:23:30.481,12.51638,12.51892,0.00,0.00
2017.03.23 13:23:30.622,12.51649,12.51922,0.00,0.00
2017.03.23 13:23:30.672,12.51681,12.51941,0.00,0.00
2017.03.23 13:23:31.109,12.51728,12.51891,0.00,0.00
2017.03.23 13:23:31.159,12.51698,12.51891,0.00,0.00
2017.03.23 13:23:31.260,12.51638,12.51891,0.00,0.00
2017.03.23 13:23:31.384,12.51682,12.51942,0.00,0.00
2017.03.23 13:23:31.485,12.51728,12.51942,0.00,0.00
2017.03.23 13:23:31.857,12.51698,12.51942,0.00,0.00
2017.03.23 13:23:32.262,12.51718,12.51942,0.00,0.00
2017.03.23 13:23:33.875,12.51728,12.51942,0.00,0.00
2017.03.23 13:23:34.883,12.51698,12.51942,0.00,0.00
2017.03.23 13:23:35.002,12.51728,12.51942,0.00,0.00
2017.03.23 13:23:35.196,12.51699,12.51942,0.00,0.00
2017.03.23 13:23:35.500,12.51718,12.51942,0.00,0.00
2017.03.23 13:23:36.357,12.51728,12.51942,0.00,0.00
2017.03.23 13:23:37.176,12.51698,12.51942,0.00,0.00
2017.03.23 13:23:37.258,12.51718,12.51942,0.00,0.00
2017.03.23 13:23:37.860,12.51729,12.51942,0.00,0.00
2017.03.23 13:23:38.202,12.51709,12.51942,0.00,0.00
2017.03.23 13:23:38.260,12.51698,12.51942,0.00,0.00
2017.03.23 13:23:38.379,12.51728,12.51942,0.00,0.00
2017.03.23 13:23:39.262,12.51718,12.51942,0.00,0.00
2017.03.23 13:23:39.563,12.51728,12.51942,0.00,0.00
2017.03.23 13:23:39.802,12.51718,12.51942,0.00,0.00
2017.03.23 13:23:39.864,12.51699,12.51942,0.00,0.00
2017.03.23 13:23:40.368,12.51719,12.51942,0.00,0.00
2017.03.23 13:23:40.494,12.51699,12.51942,0.00,0.00
2017.03.23 13:23:40.596,12.51728,12.51942,0.00,0.00
2017.03.23 13:23:40.703,12.51718,12.51942,0.00,0.00
2017.03.23 13:23:40.766,12.51698,12.51942,0.00,0.00
2017.03.23 13:23:41.091,12.51719,12.51942,0.00,0.00
2017.03.23 13:23:41.267,12.51699,12.51942,0.00,0.00
2017.03.23 13:23:41.475,12.51728,12.51942,0.00,0.00
2017.03.23 13:23:41.583,12.51698,12.51942,0.00,0.00
2017.03.23 13:23:41.668,12.51728,12.51942,0.00,0.00
2017.03.23 13:23:41.812,12.51688,12.51942,0.00,0.00
2017.03.23 13:23:41.868,12.51729,12.51942,0.00,0.00
2017.03.23 13:23:41.969,12.51688,12.51942,0.00,0.00
2017.03.23 13:23:42.085,12.51682,12.51942,0.00,0.00
2017.03.23 13:23:42.301,12.51728,12.51942,0.00,0.00
2017.03.23 13:23:42.473,12.51682,12.51922,0.00,0.00
2017.03.23 13:23:42.571,12.51728,12.51942,0.00,0.00
2017.03.23 13:23:42.798,12.51682,12.51932,0.00,0.00
2017.03.23 13:23:43.172,12.51682,12.51942,0.00,0.00
2017.03.23 13:23:43.473,12.51682,12.51931,0.00,0.00
2017.03.23 13:23:44.786,12.51728,12.51942,0.00,0.00
2017.03.23 13:23:44.877,12.51682,12.51942,0.00,0.00
2017.03.23 13:23:45.177,12.51728,12.51942,0.00,0.00
2017.03.23 13:23:45.277,12.51682,12.51942,0.00,0.00
2017.03.23 13:23:45.725,12.51728,12.51942,0.00,0.00
2017.03.23 13:23:46.279,12.51719,12.51942,0.00,0.00
2017.03.23 13:23:46.736,12.51719,12.51889,0.00,0.00
2017.03.23 13:23:46.887,12.51609,12.51841,0.00,0.00
2017.03.23 13:23:47.000,12.51591,12.51841,0.00,0.00
2017.03.23 13:23:47.082,12.51609,12.51841,0.00,0.00
2017.03.23 13:23:47.499,12.51638,12.51841,0.00,0.00
2017.03.23 13:23:47.683,12.51619,12.51841,0.00,0.00
2017.03.23 13:23:49.604,12.51638,12.51841,0.00,0.00
2017.03.23 13:23:50.002,12.51618,12.51841,0.00,0.00
2017.03.23 13:23:50.588,12.51638,12.51841,0.00,0.00
2017.03.23 13:23:50.788,12.51619,12.51842,0.00,0.00
2017.03.23 13:23:51.690,12.51608,12.51842,0.00,0.00
2017.03.23 13:23:52.031,12.51608,12.51832,0.00,0.00
2017.03.23 13:23:52.375,12.51618,12.51832,0.00,0.00
2017.03.23 13:23:54.496,12.51638,12.51832,0.00,0.00
2017.03.23 13:23:54.643,12.51618,12.51832,0.00,0.00
2017.03.23 13:23:55.010,12.51639,12.51832,0.00,0.00
2017.03.23 13:23:55.258,12.51591,12.51832,0.00,0.00
2017.03.23 13:23:55.308,12.51639,12.51832,0.00,0.00
2017.03.23 13:23:55.409,12.51591,12.51832,0.00,0.00
2017.03.23 13:23:55.999,12.51638,12.51832,0.00,0.00
2017.03.23 13:23:56.248,12.51599,12.51832,0.00,0.00
2017.03.23 13:23:56.415,12.51591,12.51832,0.00,0.00
2017.03.23 13:23:56.501,12.51639,12.51832,0.00,0.00
2017.03.23 13:23:56.744,12.51608,12.51832,0.00,0.00
2017.03.23 13:23:56.845,12.51639,12.51832,0.00,0.00
2017.03.23 13:23:57.310,12.51608,12.51832,0.00,0.00
2017.03.23 13:23:57.403,12.51618,12.51832,0.00,0.00
2017.03.23 13:23:57.504,12.51608,12.51832,0.00,0.00
2017.03.23 13:23:57.752,12.51618,12.51832,0.00,0.00
2017.03.23 13:23:57.804,12.51591,12.51832,0.00,0.00
2017.03.23 13:23:59.139,12.51579,12.51832,0.00,0.00
2017.03.23 13:24:00.269,12.51571,12.51832,0.00,0.00
2017.03.23 13:24:00.320,12.51639,12.51832,0.00,0.00
2017.03.23 13:24:00.911,12.51608,12.51832,0.00,0.00
2017.03.23 13:24:01.212,12.51628,12.51832,0.00,0.00
2017.03.23 13:24:01.512,12.51598,12.51832,0.00,0.00
2017.03.23 13:24:02.446,12.51619,12.51832,0.00,0.00
2017.03.23 13:24:02.514,12.51599,12.51832,0.00,0.00
2017.03.23 13:24:02.646,12.51618,12.51832,0.00,0.00
2017.03.23 13:24:03.132,12.51599,12.51832,0.00,0.00
2017.03.23 13:24:03.215,12.51618,12.51832,0.00,0.00
2017.03.23 13:24:03.766,12.51629,12.51832,0.00,0.00
2017.03.23 13:24:04.017,12.51619,12.51832,0.00,0.00
2017.03.23 13:24:04.117,12.51571,12.51832,0.00,0.00
2017.03.23 13:24:04.754,12.51628,12.51832,0.00,0.00
2017.03.23 13:24:05.268,12.51618,12.51832,0.00,0.00
2017.03.23 13:24:05.438,12.51598,12.51832,0.00,0.00
2017.03.23 13:24:05.519,12.51628,12.51832,0.00,0.00
2017.03.23 13:24:06.120,12.51599,12.51832,0.00,0.00
2017.03.23 13:24:06.221,12.51571,12.51832,0.00,0.00
2017.03.23 13:24:06.515,12.51628,12.51832,0.00,0.00
2017.03.23 13:24:06.566,12.51578,12.51832,0.00,0.00
2017.03.23 13:24:06.926,12.51571,12.51832,0.00,0.00
2017.03.23 13:24:07.068,12.51628,12.51832,0.00,0.00
2017.03.23 13:24:07.848,12.51608,12.51832,0.00,0.00
2017.03.23 13:24:09.625,12.51599,12.51832,0.00,0.00
2017.03.23 13:24:10.510,12.51599,12.51872,0.00,0.00
2017.03.23 13:24:10.744,12.51618,12.51872,0.00,0.00
2017.03.23 13:24:11.728,12.51608,12.51872,0.00,0.00
2017.03.23 13:24:11.828,12.51618,12.51872,0.00,0.00
2017.03.23 13:24:12.529,12.51608,12.51872,0.00,0.00
2017.03.23 13:24:13.130,12.51598,12.51872,0.00,0.00
2017.03.23 13:24:13.931,12.51598,12.51832,0.00,0.00
2017.03.23 13:24:14.658,12.51598,12.51861,0.00,0.00
2017.03.23 13:24:14.732,12.51598,12.51851,0.00,0.00
2017.03.23 13:24:15.944,12.51638,12.51872,0.00,0.00
2017.03.23 13:24:16.336,12.51598,12.51842,0.00,0.00
2017.03.23 13:24:17.061,12.51598,12.51822,0.00,0.00
2017.03.23 13:24:17.138,12.51598,12.51841,0.00,0.00
2017.03.23 13:24:17.746,12.51598,12.51842,0.00,0.00
2017.03.23 13:24:17.837,12.51598,12.51832,0.00,0.00
2017.03.23 13:24:18.238,12.51598,12.51812,0.00,0.00
2017.03.23 13:24:18.339,12.51598,12.51831,0.00,0.00
2017.03.23 13:24:20.544,12.51552,12.51772,0.00,0.00
2017.03.23 13:24:21.295,12.51552,12.51761,0.00,0.00
2017.03.23 13:24:21.624,12.51552,12.51731,0.00,0.00
2017.03.23 13:24:21.783,12.51498,12.51731,0.00,0.00
2017.03.23 13:24:21.843,12.51498,12.51751,0.00,0.00
2017.03.23 13:24:22.045,12.51538,12.51772,0.00,0.00
2017.03.23 13:24:22.147,12.51519,12.51772,0.00,0.00
2017.03.23 13:24:22.444,12.51508,12.51772,0.00,0.00
2017.03.23 13:24:22.945,12.51529,12.51772,0.00,0.00
2017.03.23 13:24:23.116,12.51549,12.51811,0.00,0.00
2017.03.23 13:24:23.166,12.51571,12.51821,0.00,0.00
2017.03.23 13:24:23.494,12.51599,12.51859,0.00,0.00
2017.03.23 13:24:23.647,12.51599,12.51822,0.00,0.00
2017.03.23 13:24:23.981,12.51599,12.51811,0.00,0.00
2017.03.23 13:24:24.395,12.51599,12.51822,0.00,0.00
2017.03.23 13:24:24.448,12.51599,12.51859,0.00,0.00
2017.03.23 13:24:24.548,12.51599,12.51842,0.00,0.00
2017.03.23 13:24:24.848,12.51599,12.51859,0.00,0.00
2017.03.23 13:24:24.953,12.51599,12.51811,0.00,0.00
2017.03.23 13:24:25.054,12.51599,12.51851,0.00,0.00
2017.03.23 13:24:25.149,12.51609,12.51859,0.00,0.00
2017.03.23 13:24:25.546,12.51599,12.51859,0.00,0.00
2017.03.23 13:24:25.774,12.51609,12.51859,0.00,0.00
2017.03.23 13:24:25.858,12.51599,12.51859,0.00,0.00
2017.03.23 13:24:26.369,12.51599,12.51821,0.00,0.00
2017.03.23 13:24:26.950,12.51599,12.51811,0.00,0.00
2017.03.23 13:24:27.153,12.51599,12.51832,0.00,0.00
2017.03.23 13:24:27.284,12.51599,12.51859,0.00,0.00
2017.03.23 13:24:27.460,12.51599,12.51811,0.00,0.00
2017.03.23 13:24:27.688,12.51608,12.51859,0.00,0.00
2017.03.23 13:24:27.754,12.51599,12.51822,0.00,0.00
2017.03.23 13:24:28.378,12.51599,12.51812,0.00,0.00
2017.03.23 13:24:28.480,12.51608,12.51859,0.00,0.00
2017.03.23 13:24:28.556,12.51599,12.51812,0.00,0.00
2017.03.23 13:24:29.196,12.51549,12.51779,0.00,0.00
2017.03.23 13:24:29.297,12.51508,12.51772,0.00,0.00
2017.03.23 13:24:29.358,12.51498,12.51742,0.00,0.00
2017.03.23 13:24:29.465,12.51508,12.51772,0.00,0.00
2017.03.23 13:24:29.576,12.51498,12.51771,0.00,0.00
2017.03.23 13:24:29.858,12.51508,12.51772,0.00,0.00
2017.03.23 13:24:30.058,12.51498,12.51772,0.00,0.00
2017.03.23 13:24:30.159,12.51518,12.51772,0.00,0.00
2017.03.23 13:24:30.302,12.51498,12.51772,0.00,0.00
2017.03.23 13:24:30.460,12.51498,12.51732,0.00,0.00
2017.03.23 13:24:30.797,12.51538,12.51772,0.00,0.00
2017.03.23 13:24:31.160,12.51519,12.51772,0.00,0.00
2017.03.23 13:24:31.293,12.51498,12.51721,0.00,0.00
2017.03.23 13:24:31.461,12.51498,12.51741,0.00,0.00
2017.03.23 13:24:31.561,12.51498,12.51722,0.00,0.00
2017.03.23 13:24:31.762,12.51498,12.51732,0.00,0.00
2017.03.23 13:24:32.185,12.51498,12.51722,0.00,0.00
2017.03.23 13:24:32.415,12.51492,12.51722,0.00,0.00
2017.03.23 13:24:32.465,12.51528,12.51722,0.00,0.00
2017.03.23 13:24:32.516,12.51528,12.51769,0.00,0.00
2017.03.23 13:24:32.679,12.51509,12.51769,0.00,0.00
2017.03.23 13:24:32.780,12.51499,12.51761,0.00,0.00
2017.03.23 13:24:32.863,12.51499,12.51732,0.00,0.00
2017.03.23 13:24:33.013,12.51499,12.51769,0.00,0.00
2017.03.23 13:24:33.311,12.51528,12.51769,0.00,0.00
2017.03.23 13:24:33.365,12.51508,12.51769,0.00,0.00
2017.03.23 13:24:34.002,12.51499,12.51769,0.00,0.00
2017.03.23 13:24:34.788,12.51508,12.51769,0.00,0.00
2017.03.23 13:24:34.894,12.51499,12.51761,0.00,0.00
2017.03.23 13:24:35.399,12.51499,12.51769,0.00,0.00
2017.03.23 13:24:35.510,12.51499,12.51722,0.00,0.00
2017.03.23 13:24:35.618,12.51499,12.51769,0.00,0.00
2017.03.23 13:24:35.669,12.51499,12.51722,0.00,0.00
2017.03.23 13:24:36.118,12.51518,12.51769,0.00,0.00
2017.03.23 13:24:36.170,12.51499,12.51769,0.00,0.00
2017.03.23 13:24:36.272,12.51519,12.51769,0.00,0.00
2017.03.23 13:24:36.384,12.51499,12.51752,0.00,0.00
2017.03.23 13:24:36.565,12.51508,12.51769,0.00,0.00
2017.03.23 13:24:36.617,12.51518,12.51769,0.00,0.00
2017.03.23 13:24:36.924,12.51629,12.51869,0.00,0.00
2017.03.23 13:24:37.291,12.51619,12.51869,0.00,0.00
2017.03.23 13:24:37.373,12.51598,12.51869,0.00,0.00
2017.03.23 13:24:37.489,12.51619,12.51822,0.00,0.00
2017.03.23 13:24:37.611,12.51599,12.51832,0.00,0.00
2017.03.23 13:24:37.673,12.51599,12.51869,0.00,0.00
2017.03.23 13:24:37.874,12.51629,12.51869,0.00,0.00
2017.03.23 13:24:38.016,12.51599,12.51869,0.00,0.00
2017.03.23 13:24:38.175,12.51628,12.51869,0.00,0.00
2017.03.23 13:24:38.594,12.51599,12.51831,0.00,0.00
2017.03.23 13:24:38.707,12.51599,12.51862,0.00,0.00
2017.03.23 13:24:38.776,12.51628,12.51869,0.00,0.00
2017.03.23 13:24:39.116,12.51599,12.51869,0.00,0.00
2017.03.23 13:24:39.176,12.51618,12.51869,0.00,0.00
2017.03.23 13:24:39.777,12.51599,12.51832,0.00,0.00
2017.03.23 13:24:40.154,12.51639,12.51869,0.00,0.00
2017.03.23 13:24:40.478,12.51618,12.51869,0.00,0.00
2017.03.23 13:24:40.586,12.51609,12.51869,0.00,0.00
2017.03.23 13:24:41.206,12.51629,12.51869,0.00,0.00
2017.03.23 13:24:41.307,12.51652,12.51921,0.00,0.00
2017.03.23 13:24:41.407,12.51698,12.51931,0.00,0.00
2017.03.23 13:24:41.480,12.51698,12.51952,0.00,0.00
2017.03.23 13:24:41.594,12.51718,12.51968,0.00,0.00
2017.03.23 13:24:41.702,12.51698,12.51952,0.00,0.00
2017.03.23 13:24:41.781,12.51728,12.51968,0.00,0.00
2017.03.23 13:24:42.110,12.51698,12.51968,0.00,0.00
2017.03.23 13:24:42.242,12.51688,12.51889,0.00,0.00
2017.03.23 13:24:42.292,12.51671,12.51889,0.00,0.00
2017.03.23 13:24:42.393,12.51671,12.51872,0.00,0.00
2017.03.23 13:24:42.900,12.51598,12.51872,0.00,0.00
2017.03.23 13:24:43.118,12.51609,12.51872,0.00,0.00
2017.03.23 13:24:43.436,12.51629,12.51872,0.00,0.00
2017.03.23 13:24:43.486,12.51618,12.51872,0.00,0.00
2017.03.23 13:24:43.832,12.51598,12.51872,0.00,0.00
2017.03.23 13:24:43.884,12.51598,12.51831,0.00,0.00
2017.03.23 13:24:44.012,12.51599,12.51872,0.00,0.00
2017.03.23 13:24:44.132,12.51628,12.51872,0.00,0.00
2017.03.23 13:24:44.184,12.51598,12.51871,0.00,0.00
2017.03.23 13:24:45.114,12.51618,12.51872,0.00,0.00
2017.03.23 13:24:45.185,12.51598,12.51861,0.00,0.00
2017.03.23 13:24:47.206,12.51598,12.51831,0.00,0.00
2017.03.23 13:24:47.434,12.51598,12.51872,0.00,0.00
2017.03.23 13:24:47.485,12.51588,12.51772,0.00,0.00
2017.03.23 13:24:47.590,12.51552,12.51772,0.00,0.00
2017.03.23 13:24:48.861,12.51539,12.51772,0.00,0.00
2017.03.23 13:24:48.912,12.51499,12.51772,0.00,0.00
2017.03.23 13:24:49.121,12.51519,12.51772,0.00,0.00
2017.03.23 13:24:49.294,12.51499,12.51772,0.00,0.00
2017.03.23 13:24:49.537,12.51518,12.51772,0.00,0.00
2017.03.23 13:24:50.095,12.51498,12.51772,0.00,0.00
2017.03.23 13:24:51.516,12.51519,12.51772,0.00,0.00
2017.03.23 13:24:51.616,12.51498,12.51772,0.00,0.00
2017.03.23 13:24:51.726,12.51508,12.51772,0.00,0.00
2017.03.23 13:24:51.799,12.51498,12.51771,0.00,0.00
2017.03.23 13:24:51.928,12.51518,12.51772,0.00,0.00
2017.03.23 13:24:52.300,12.51498,12.51772,0.00,0.00
2017.03.23 13:24:52.435,12.51538,12.51772,0.00,0.00
2017.03.23 13:24:52.783,12.51598,12.51779,0.00,0.00
2017.03.23 13:24:52.884,12.51549,12.51772,0.00,0.00
2017.03.23 13:24:52.935,12.51559,12.51772,0.00,0.00
2017.03.23 13:24:53.084,12.51548,12.51772,0.00,0.00
2017.03.23 13:24:53.135,12.51518,12.51772,0.00,0.00
2017.03.23 13:24:53.703,12.51509,12.51772,0.00,0.00
2017.03.23 13:24:53.812,12.51538,12.51772,0.00,0.00
2017.03.23 13:24:53.915,12.51509,12.51772,0.00,0.00
2017.03.23 13:24:54.245,12.51529,12.51772,0.00,0.00
2017.03.23 13:24:55.005,12.51538,12.51772,0.00,0.00
2017.03.23 13:24:55.827,12.51519,12.51772,0.00,0.00
2017.03.23 13:24:56.557,12.51528,12.51772,0.00,0.00
2017.03.23 13:24:57.127,12.51551,12.51821,0.00,0.00
2017.03.23 13:24:57.228,12.51589,12.51772,0.00,0.00
2017.03.23 13:24:57.329,12.51512,12.51772,0.00,0.00
2017.03.23 13:24:58.027,12.51549,12.51818,0.00,0.00
2017.03.23 13:24:58.078,12.51549,12.51779,0.00,0.00
2017.03.23 13:24:58.346,12.51512,12.51771,0.00,0.00
2017.03.23 13:24:58.913,12.51518,12.51771,0.00,0.00
2017.03.23 13:24:59.021,12.51512,12.51771,0.00,0.00
2017.03.23 13:24:59.135,12.51499,12.51771,0.00,0.00
2017.03.23 13:24:59.720,12.51518,12.51771,0.00,0.00
2017.03.23 13:25:00.075,12.51528,12.51771,0.00,0.00
2017.03.23 13:25:00.233,12.51499,12.51771,0.00,0.00
2017.03.23 13:25:00.343,12.51519,12.51679,0.00,0.00
2017.03.23 13:25:00.444,12.51499,12.51712,0.00,0.00
2017.03.23 13:25:00.544,12.51499,12.51702,0.00,0.00
2017.03.23 13:25:00.618,12.51499,12.51742,0.00,0.00
2017.03.23 13:25:00.718,12.51499,12.51769,0.00,0.00
2017.03.23 13:25:01.065,12.51499,12.51752,0.00,0.00
2017.03.23 13:25:01.119,12.51499,12.51769,0.00,0.00
2017.03.23 13:25:01.420,12.51499,12.51731,0.00,0.00
2017.03.23 13:25:01.721,12.51499,12.51752,0.00,0.00
2017.03.23 13:25:02.141,12.51468,12.51679,0.00,0.00
2017.03.23 13:25:02.320,12.51408,12.51672,0.00,0.00
2017.03.23 13:25:02.555,12.51438,12.51672,0.00,0.00
2017.03.23 13:25:02.727,12.51408,12.51672,0.00,0.00
2017.03.23 13:25:02.886,12.51398,12.51672,0.00,0.00
2017.03.23 13:25:02.936,12.51448,12.51672,0.00,0.00
2017.03.23 13:25:03.235,12.51429,12.51672,0.00,0.00
2017.03.23 13:25:03.427,12.51429,12.51621,0.00,0.00
2017.03.23 13:25:03.628,12.51368,12.51571,0.00,0.00
2017.03.23 13:25:03.740,12.51348,12.51612,0.00,0.00
2017.03.23 13:25:03.840,12.51338,12.51572,0.00,0.00
2017.03.23 13:25:04.045,12.51328,12.51572,0.00,0.00
2017.03.23 13:25:04.160,12.51319,12.51572,0.00,0.00
2017.03.23 13:25:04.464,12.51349,12.51572,0.00,0.00
2017.03.23 13:25:04.566,12.51308,12.51572,0.00,0.00
2017.03.23 13:25:04.625,12.51298,12.51572,0.00,0.00
2017.03.23 13:25:04.753,12.51309,12.51572,0.00,0.00
2017.03.23 13:25:05.076,12.51358,12.51572,0.00,0.00
2017.03.23 13:25:05.127,12.51298,12.51552,0.00,0.00
2017.03.23 13:25:05.178,12.51318,12.51572,0.00,0.00
2017.03.23 13:25:05.678,12.51348,12.51572,0.00,0.00
2017.03.23 13:25:05.931,12.51298,12.51572,0.00,0.00
2017.03.23 13:25:06.273,12.51318,12.51572,0.00,0.00
2017.03.23 13:25:06.682,12.51298,12.51572,0.00,0.00
2017.03.23 13:25:06.734,12.51319,12.51572,0.00,0.00
2017.03.23 13:25:07.052,12.51349,12.51572,0.00,0.00
2017.03.23 13:25:07.135,12.51308,12.51572,0.00,0.00
2017.03.23 13:25:07.330,12.51308,12.51521,0.00,0.00
2017.03.23 13:25:07.381,12.51289,12.51521,0.00,0.00
2017.03.23 13:25:07.482,12.51318,12.51569,0.00,0.00
2017.03.23 13:25:07.538,12.51299,12.51569,0.00,0.00
2017.03.23 13:25:07.643,12.51338,12.51569,0.00,0.00
2017.03.23 13:25:07.744,12.51328,12.51569,0.00,0.00
2017.03.23 13:25:07.848,12.51319,12.51569,0.00,0.00
2017.03.23 13:25:08.363,12.51308,12.51569,0.00,0.00
2017.03.23 13:25:08.555,12.51299,12.51542,0.00,0.00
2017.03.23 13:25:08.740,12.51318,12.51569,0.00,0.00
2017.03.23 13:25:08.868,12.51299,12.51522,0.00,0.00
2017.03.23 13:25:09.040,12.51299,12.51531,0.00,0.00
2017.03.23 13:25:09.353,12.51318,12.51569,0.00,0.00
2017.03.23 13:25:09.541,12.51299,12.51512,0.00,0.00
2017.03.23 13:25:09.676,12.51248,12.51488,0.00,0.00
2017.03.23 13:25:09.783,12.51228,12.51472,0.00,0.00
2017.03.23 13:25:09.896,12.51198,12.51471,0.00,0.00
2017.03.23 13:25:10.244,12.51218,12.51472,0.00,0.00
2017.03.23 13:25:10.345,12.51198,12.51461,0.00,0.00
2017.03.23 13:25:10.921,12.51198,12.51462,0.00,0.00
2017.03.23 13:25:10.971,12.51209,12.51431,0.00,0.00
2017.03.23 13:25:11.077,12.51192,12.51431,0.00,0.00
2017.03.23 13:25:11.687,12.51208,12.51431,0.00,0.00
2017.03.23 13:25:11.846,12.51192,12.51431,0.00,0.00
2017.03.23 13:25:12.208,12.51189,12.51431,0.00,0.00
2017.03.23 13:25:12.259,12.51208,12.51431,0.00,0.00
2017.03.23 13:25:12.360,12.51171,12.51431,0.00,0.00
2017.03.23 13:25:12.548,12.51208,12.51431,0.00,0.00
2017.03.23 13:25:12.748,12.51178,12.51431,0.00,0.00
2017.03.23 13:25:12.892,12.51189,12.51431,0.00,0.00
2017.03.23 13:25:12.993,12.51178,12.51431,0.00,0.00
2017.03.23 13:25:13.621,12.51209,12.51431,0.00,0.00
2017.03.23 13:25:13.672,12.51169,12.51431,0.00,0.00
2017.03.23 13:25:13.990,12.51198,12.51431,0.00,0.00
2017.03.23 13:25:14.095,12.51168,12.51431,0.00,0.00
2017.03.23 13:25:14.150,12.51199,12.51431,0.00,0.00
2017.03.23 13:25:14.397,12.51188,12.51431,0.00,0.00
2017.03.23 13:25:14.502,12.51199,12.51431,0.00,0.00
2017.03.23 13:25:14.703,12.51169,12.51431,0.00,0.00
2017.03.23 13:25:14.765,12.51172,12.51431,0.00,0.00
2017.03.23 13:25:15.216,12.51198,12.51431,0.00,0.00
2017.03.23 13:25:15.455,12.51189,12.51431,0.00,0.00
2017.03.23 13:25:15.656,12.51208,12.51431,0.00,0.00
2017.03.23 13:25:15.759,12.51172,12.51411,0.00,0.00
2017.03.23 13:25:16.302,12.51172,12.51431,0.00,0.00
2017.03.23 13:25:16.357,12.51172,12.51411,0.00,0.00
2017.03.23 13:25:16.562,12.51172,12.51431,0.00,0.00
2017.03.23 13:25:16.663,12.51172,12.51422,0.00,0.00
2017.03.23 13:25:17.090,12.51172,12.51431,0.00,0.00
2017.03.23 13:25:17.195,12.51198,12.51431,0.00,0.00
2017.03.23 13:25:17.585,12.51188,12.51431,0.00,0.00
2017.03.23 13:25:17.709,12.51209,12.51431,0.00,0.00
2017.03.23 13:25:17.863,12.51151,12.51379,0.00,0.00
2017.03.23 13:25:17.964,12.51151,12.51362,0.00,0.00
2017.03.23 13:25:18.326,12.51151,12.51332,0.00,0.00
2017.03.23 13:25:18.528,12.51062,12.51311,0.00,0.00
2017.03.23 13:25:18.578,12.51108,12.51331,0.00,0.00
2017.03.23 13:25:18.799,12.51068,12.51331,0.00,0.00
2017.03.23 13:25:18.863,12.51062,12.51312,0.00,0.00
2017.03.23 13:25:18.971,12.51068,12.51331,0.00,0.00
2017.03.23 13:25:19.071,12.51098,12.51331,0.00,0.00
2017.03.23 13:25:19.306,12.51068,12.51331,0.00,0.00
2017.03.23 13:25:19.357,12.51071,12.51331,0.00,0.00
2017.03.23 13:25:19.708,12.51071,12.51232,0.00,0.00
2017.03.23 13:25:19.941,12.51071,12.51281,0.00,0.00
2017.03.23 13:25:20.042,12.51071,12.51312,0.00,0.00
2017.03.23 13:25:20.093,12.51099,12.51332,0.00,0.00
2017.03.23 13:25:20.429,12.51128,12.51332,0.00,0.00
2017.03.23 13:25:20.480,12.51108,12.51332,0.00,0.00
2017.03.23 13:25:20.616,12.51118,12.51332,0.00,0.00
2017.03.23 13:25:20.755,12.51088,12.51332,0.00,0.00
2017.03.23 13:25:20.869,12.51099,12.51332,0.00,0.00
2017.03.23 13:25:20.982,12.51078,12.51332,0.00,0.00
2017.03.23 13:25:21.087,12.51138,12.51332,0.00,0.00
2017.03.23 13:25:21.170,12.51119,12.51332,0.00,0.00
2017.03.23 13:25:21.292,12.51098,12.51332,0.00,0.00
2017.03.23 13:25:21.393,12.51089,12.51332,0.00,0.00
2017.03.23 13:25:21.570,12.51119,12.51332,0.00,0.00
2017.03.23 13:25:21.621,12.51172,12.51401,0.00,0.00
2017.03.23 13:25:21.672,12.51172,12.51371,0.00,0.00
2017.03.23 13:25:21.772,12.51172,12.51432,0.00,0.00
2017.03.23 13:25:21.883,12.51188,12.51432,0.00,0.00
2017.03.23 13:25:22.015,12.51172,12.51432,0.00,0.00
2017.03.23 13:25:22.277,12.51188,12.51432,0.00,0.00
2017.03.23 13:25:22.676,12.51178,12.51432,0.00,0.00
2017.03.23 13:25:22.773,12.51172,12.51432,0.00,0.00
2017.03.23 13:25:22.986,12.51178,12.51432,0.00,0.00
2017.03.23 13:25:23.182,12.51172,12.51432,0.00,0.00
2017.03.23 13:25:23.274,12.51198,12.51432,0.00,0.00
2017.03.23 13:25:23.675,12.51172,12.51432,0.00,0.00
2017.03.23 13:25:23.789,12.51188,12.51432,0.00,0.00
2017.03.23 13:25:24.113,12.51172,12.51422,0.00,0.00
2017.03.23 13:25:24.525,12.51172,12.51432,0.00,0.00
2017.03.23 13:25:25.096,12.51199,12.51432,0.00,0.00
2017.03.23 13:25:25.204,12.51172,12.51422,0.00,0.00
2017.03.23 13:25:25.307,12.51172,12.51411,0.00,0.00
2017.03.23 13:25:25.379,12.51172,12.51421,0.00,0.00
2017.03.23 13:25:25.500,12.51198,12.51432,0.00,0.00
2017.03.23 13:25:25.959,12.51172,12.51402,0.00,0.00
2017.03.23 13:25:26.010,12.51172,12.51432,0.00,0.00
2017.03.23 13:25:26.113,12.51172,12.51401,0.00,0.00
2017.03.23 13:25:26.231,12.51199,12.51432,0.00,0.00
2017.03.23 13:25:26.488,12.51172,12.51432,0.00,0.00
2017.03.23 13:25:26.583,12.51178,12.51432,0.00,0.00
2017.03.23 13:25:26.984,12.51198,12.51432,0.00,0.00
2017.03.23 13:25:27.185,12.51188,12.51432,0.00,0.00
2017.03.23 13:25:27.435,12.51172,12.51432,0.00,0.00
2017.03.23 13:25:27.486,12.51172,12.51402,0.00,0.00
2017.03.23 13:25:27.708,12.51172,12.51422,0.00,0.00
2017.03.23 13:25:27.815,12.51189,12.51431,0.00,0.00
2017.03.23 13:25:28.187,12.51172,12.51431,0.00,0.00
2017.03.23 13:25:28.696,12.51172,12.51422,0.00,0.00
2017.03.23 13:25:29.090,12.51198,12.51431,0.00,0.00
2017.03.23 13:25:29.190,12.51172,12.51421,0.00,0.00
2017.03.23 13:25:29.291,12.51172,12.51412,0.00,0.00
2017.03.23 13:25:29.603,12.51172,12.51431,0.00,0.00
2017.03.23 13:25:29.728,12.51198,12.51431,0.00,0.00
2017.03.23 13:25:29.792,12.51172,12.51412,0.00,0.00
2017.03.23 13:25:29.934,12.51172,12.51431,0.00,0.00
2017.03.23 13:25:29.993,12.51198,12.51431,0.00,0.00
2017.03.23 13:25:30.213,12.51178,12.51431,0.00,0.00
2017.03.23 13:25:30.314,12.51172,12.51431,0.00,0.00
2017.03.23 13:25:30.428,12.51199,12.51431,0.00,0.00
2017.03.23 13:25:30.734,12.51172,12.51431,0.00,0.00
2017.03.23 13:25:30.842,12.51172,12.51421,0.00,0.00
2017.03.23 13:25:31.095,12.51172,12.51431,0.00,0.00
2017.03.23 13:25:31.195,12.51198,12.51431,0.00,0.00
2017.03.23 13:25:31.337,12.51172,12.51412,0.00,0.00
2017.03.23 13:25:31.726,12.51172,12.51431,0.00,0.00
2017.03.23 13:25:31.842,12.51172,12.51402,0.00,0.00
2017.03.23 13:25:31.896,12.51172,12.51431,0.00,0.00
2017.03.23 13:25:31.996,12.51188,12.51431,0.00,0.00
2017.03.23 13:25:32.097,12.51178,12.51431,0.00,0.00
2017.03.23 13:25:32.209,12.51172,12.51412,0.00,0.00
2017.03.23 13:25:32.543,12.51172,12.51402,0.00,0.00
2017.03.23 13:25:32.598,12.51172,12.51421,0.00,0.00
2017.03.23 13:25:32.712,12.51172,12.51401,0.00,0.00
2017.03.23 13:25:32.762,12.51121,12.51382,0.00,0.00
2017.03.23 13:25:32.898,12.51138,12.51382,0.00,0.00
2017.03.23 13:25:33.142,12.51128,12.51382,0.00,0.00
2017.03.23 13:25:33.256,12.51128,12.51332,0.00,0.00
2017.03.23 13:25:33.399,12.51092,12.51332,0.00,0.00
2017.03.23 13:25:33.599,12.51108,12.51332,0.00,0.00
2017.03.23 13:25:34.000,12.51118,12.51332,0.00,0.00
2017.03.23 13:25:34.400,12.51109,12.51332,0.00,0.00
2017.03.23 13:25:34.712,12.51171,12.51391,0.00,0.00
2017.03.23 13:25:34.813,12.51171,12.51412,0.00,0.00
2017.03.23 13:25:34.923,12.51199,12.51432,0.00,0.00
2017.03.23 13:25:35.190,12.51171,12.51432,0.00,0.00
2017.03.23 13:25:35.240,12.51199,12.51432,0.00,0.00
2017.03.23 13:25:35.519,12.51188,12.51432,0.00,0.00
2017.03.23 13:25:35.570,12.51188,12.51422,0.00,0.00
2017.03.23 13:25:35.826,12.51171,12.51422,0.00,0.00
2017.03.23 13:25:35.938,12.51262,12.51422,0.00,0.00
2017.03.23 13:25:36.045,12.51272,12.51472,0.00,0.00
2017.03.23 13:25:36.096,12.51272,12.51502,0.00,0.00
2017.03.23 13:25:36.254,12.51299,12.51522,0.00,0.00
2017.03.23 13:25:36.753,12.51278,12.51522,0.00,0.00
2017.03.23 13:25:36.854,12.51272,12.51522,0.00,0.00
2017.03.23 13:25:36.907,12.51288,12.51522,0.00,0.00
2017.03.23 13:25:37.214,12.51349,12.51572,0.00,0.00
2017.03.23 13:25:37.453,12.51289,12.51521,0.00,0.00
2017.03.23 13:25:37.608,12.51272,12.51521,0.00,0.00
2017.03.23 13:25:37.754,12.51288,12.51521,0.00,0.00
2017.03.23 13:25:37.884,12.51272,12.51521,0.00,0.00
2017.03.23 13:25:37.935,12.51308,12.51521,0.00,0.00
2017.03.23 13:25:38.009,12.51272,12.51501,0.00,0.00
2017.03.23 13:25:38.118,12.51278,12.51521,0.00,0.00
2017.03.23 13:25:38.236,12.51309,12.51521,0.00,0.00
2017.03.23 13:25:38.424,12.51272,12.51512,0.00,0.00
2017.03.23 13:25:38.530,12.51272,12.51501,0.00,0.00
2017.03.23 13:25:38.831,12.51258,12.51422,0.00,0.00
2017.03.23 13:25:38.882,12.51261,12.51522,0.00,0.00
2017.03.23 13:25:38.933,12.51261,12.51452,0.00,0.00
2017.03.23 13:25:39.038,12.51298,12.51522,0.00,0.00
2017.03.23 13:25:39.161,12.51261,12.51522,0.00,0.00
2017.03.23 13:25:39.212,12.51261,12.51502,0.00,0.00
2017.03.23 13:25:39.512,12.51261,12.51511,0.00,0.00
2017.03.23 13:25:39.708,12.51271,12.51502,0.00,0.00
2017.03.23 13:25:40.027,12.51278,12.51522,0.00,0.00
2017.03.23 13:25:40.144,12.51288,12.51472,0.00,0.00
2017.03.23 13:25:40.301,12.51299,12.51521,0.00,0.00
2017.03.23 13:25:40.351,12.51271,12.51482,0.00,0.00
2017.03.23 13:25:40.415,12.51271,12.51512,0.00,0.00
2017.03.23 13:25:40.515,12.51271,12.51521,0.00,0.00
2017.03.23 13:25:40.616,12.51299,12.51471,0.00,0.00
2017.03.23 13:25:40.717,12.51268,12.51471,0.00,0.00
2017.03.23 13:25:40.767,12.51268,12.51422,0.00,0.00
2017.03.23 13:25:40.822,12.51198,12.51422,0.00,0.00
2017.03.23 13:25:40.923,12.51209,12.51422,0.00,0.00
2017.03.23 13:25:41.116,12.51191,12.51422,0.00,0.00
2017.03.23 13:25:41.240,12.51219,12.51422,0.00,0.00
2017.03.23 13:25:41.462,12.51208,12.51422,0.00,0.00
2017.03.23 13:25:41.563,12.51191,12.51422,0.00,0.00
2017.03.23 13:25:41.718,12.51218,12.51422,0.00,0.00
2017.03.23 13:25:41.901,12.51218,12.51471,0.00,0.00
2017.03.23 13:25:42.056,12.51229,12.51472,0.00,0.00
2017.03.23 13:25:42.219,12.51212,12.51472,0.00,0.00
2017.03.23 13:25:42.328,12.51229,12.51472,0.00,0.00
2017.03.23 13:25:42.379,12.51261,12.51511,0.00,0.00
2017.03.23 13:25:42.576,12.51288,12.51522,0.00,0.00
2017.03.23 13:25:42.627,12.51261,12.51522,0.00,0.00
2017.03.23 13:25:42.748,12.51261,12.51512,0.00,0.00
2017.03.23 13:25:43.120,12.51248,12.51491,0.00,0.00
2017.03.23 13:25:43.221,12.51261,12.51522,0.00,0.00
2017.03.23 13:25:43.558,12.51261,12.51512,0.00,0.00
2017.03.23 13:25:43.961,12.51261,12.51492,0.00,0.00
2017.03.23 13:25:44.188,12.51261,12.51512,0.00,0.00
2017.03.23 13:25:44.239,12.51298,12.51522,0.00,0.00
2017.03.23 13:25:44.340,12.51288,12.51522,0.00,0.00
2017.03.23 13:25:44.643,12.51288,12.51472,0.00,0.00
2017.03.23 13:25:44.746,12.51272,12.51472,0.00,0.00
2017.03.23 13:25:45.074,12.51272,12.51421,0.00,0.00
2017.03.23 13:25:45.229,12.51218,12.51421,0.00,0.00
2017.03.23 13:25:45.336,12.51192,12.51421,0.00,0.00
2017.03.23 13:25:45.444,12.51229,12.51421,0.00,0.00
2017.03.23 13:25:45.557,12.51208,12.51421,0.00,0.00
2017.03.23 13:25:45.682,12.51192,12.51421,0.00,0.00
2017.03.23 13:25:45.733,12.51219,12.51421,0.00,0.00
2017.03.23 13:25:45.938,12.51198,12.51421,0.00,0.00
2017.03.23 13:25:46.029,12.51192,12.51421,0.00,0.00
2017.03.23 13:25:46.238,12.51198,12.51421,0.00,0.00
2017.03.23 13:25:47.158,12.51208,12.51421,0.00,0.00
2017.03.23 13:25:47.259,12.51198,12.51472,0.00,0.00
2017.03.23 13:25:47.410,12.51199,12.51422,0.00,0.00
2017.03.23 13:25:47.935,12.51192,12.51422,0.00,0.00
2017.03.23 13:25:48.236,12.51198,12.51422,0.00,0.00
2017.03.23 13:25:48.629,12.51219,12.51422,0.00,0.00
2017.03.23 13:25:48.737,12.51208,12.51422,0.00,0.00
2017.03.23 13:25:48.846,12.51219,12.51422,0.00,0.00
2017.03.23 13:25:49.170,12.51248,12.51422,0.00,0.00
2017.03.23 13:25:49.271,12.51209,12.51422,0.00,0.00
2017.03.23 13:25:49.339,12.51239,12.51422,0.00,0.00
2017.03.23 13:25:49.587,12.51209,12.51422,0.00,0.00
2017.03.23 13:25:49.640,12.51199,12.51422,0.00,0.00
2017.03.23 13:25:49.744,12.51228,12.51422,0.00,0.00
2017.03.23 13:25:50.352,12.51219,12.51422,0.00,0.00
2017.03.23 13:25:50.490,12.51239,12.51422,0.00,0.00
2017.03.23 13:25:50.744,12.51218,12.51422,0.00,0.00
2017.03.23 13:25:50.862,12.51208,12.51422,0.00,0.00
2017.03.23 13:25:51.947,12.51219,12.51422,0.00,0.00
2017.03.23 13:25:52.319,12.51229,12.51422,0.00,0.00
2017.03.23 13:25:52.553,12.51199,12.51422,0.00,0.00
2017.03.23 13:25:52.795,12.51198,12.51462,0.00,0.00
2017.03.23 13:25:52.951,12.51218,12.51462,0.00,0.00
2017.03.23 13:25:53.055,12.51238,12.51502,0.00,0.00
2017.03.23 13:25:53.178,12.51238,12.51512,0.00,0.00
2017.03.23 13:25:53.252,12.51259,12.51512,0.00,0.00
2017.03.23 13:25:54.225,12.51289,12.51529,0.00,0.00
2017.03.23 13:25:54.276,12.51289,12.51541,0.00,0.00
2017.03.23 13:25:54.381,12.51289,12.51532,0.00,0.00
2017.03.23 13:25:54.454,12.51299,12.51561,0.00,0.00
2017.03.23 13:25:54.655,12.51289,12.51561,0.00,0.00
2017.03.23 13:25:54.758,12.51299,12.51561,0.00,0.00
2017.03.23 13:25:55.089,12.51271,12.51462,0.00,0.00
2017.03.23 13:25:55.200,12.51208,12.51462,0.00,0.00
2017.03.23 13:25:55.392,12.51238,12.51462,0.00,0.00
2017.03.23 13:25:55.601,12.51228,12.51462,0.00,0.00
2017.03.23 13:25:55.659,12.51238,12.51462,0.00,0.00
2017.03.23 13:25:55.778,12.51208,12.51462,0.00,0.00
2017.03.23 13:25:55.894,12.51248,12.51462,0.00,0.00
2017.03.23 13:25:56.461,12.51229,12.51462,0.00,0.00
2017.03.23 13:25:56.645,12.51238,12.51462,0.00,0.00
2017.03.23 13:25:56.696,12.51209,12.51462,0.00,0.00
2017.03.23 13:25:57.264,12.51238,12.51462,0.00,0.00
2017.03.23 13:25:57.464,12.51229,12.51462,0.00,0.00
2017.03.23 13:25:57.665,12.51209,12.51462,0.00,0.00
2017.03.23 13:25:58.065,12.51229,12.51462,0.00,0.00
2017.03.23 13:25:58.481,12.51209,12.51462,0.00,0.00
2017.03.23 13:25:58.616,12.51262,12.51462,0.00,0.00
2017.03.23 13:25:58.666,12.51289,12.51491,0.00,0.00
2017.03.23 13:25:58.717,12.51289,12.51521,0.00,0.00
2017.03.23 13:25:58.768,12.51308,12.51561,0.00,0.00
2017.03.23 13:25:59.177,12.51298,12.51561,0.00,0.00
2017.03.23 13:25:59.296,12.51289,12.51561,0.00,0.00
2017.03.23 13:26:00.083,12.51312,12.51561,0.00,0.00
2017.03.23 13:26:01.316,12.51328,12.51561,0.00,0.00
2017.03.23 13:26:01.549,12.51312,12.51561,0.00,0.00
2017.03.23 13:26:02.195,12.51318,12.51561,0.00,0.00
2017.03.23 13:26:02.295,12.51312,12.51561,0.00,0.00
2017.03.23 13:26:02.929,12.51318,12.51561,0.00,0.00
2017.03.23 13:26:03.182,12.51312,12.51561,0.00,0.00
2017.03.23 13:26:06.884,12.51278,12.51462,0.00,0.00
2017.03.23 13:26:06.985,12.51278,12.51472,0.00,0.00
2017.03.23 13:26:07.036,12.51299,12.51472,0.00,0.00
2017.03.23 13:26:07.093,12.51251,12.51472,0.00,0.00
2017.03.23 13:26:07.144,12.51299,12.51492,0.00,0.00
2017.03.23 13:26:07.194,12.51299,12.51532,0.00,0.00
2017.03.23 13:26:07.295,12.51299,12.51562,0.00,0.00
2017.03.23 13:26:07.420,12.51299,12.51571,0.00,0.00
2017.03.23 13:26:07.532,12.51299,12.51562,0.00,0.00
2017.03.23 13:26:07.845,12.51318,12.51571,0.00,0.00
2017.03.23 13:26:07.896,12.51299,12.51561,0.00,0.00
2017.03.23 13:26:08.036,12.51318,12.51571,0.00,0.00
2017.03.23 13:26:08.149,12.51299,12.51571,0.00,0.00
2017.03.23 13:26:08.199,12.51299,12.51532,0.00,0.00
2017.03.23 13:26:08.521,12.51299,12.51562,0.00,0.00
2017.03.23 13:26:08.598,12.51328,12.51571,0.00,0.00
2017.03.23 13:26:09.202,12.51299,12.51571,0.00,0.00
2017.03.23 13:26:09.422,12.51299,12.51532,0.00,0.00
2017.03.23 13:26:10.702,12.51299,12.51562,0.00,0.00
2017.03.23 13:26:11.123,12.51328,12.51571,0.00,0.00
2017.03.23 13:26:12.055,12.51308,12.51571,0.00,0.00
2017.03.23 13:26:12.224,12.51299,12.51531,0.00,0.00
2017.03.23 13:26:12.333,12.51299,12.51571,0.00,0.00
2017.03.23 13:26:12.535,12.51299,12.51532,0.00,0.00
2017.03.23 13:26:12.606,12.51299,12.51551,0.00,0.00
2017.03.23 13:26:12.708,12.51319,12.51571,0.00,0.00
2017.03.23 13:26:13.019,12.51329,12.51571,0.00,0.00
2017.03.23 13:26:13.395,12.51299,12.51552,0.00,0.00
2017.03.23 13:26:13.603,12.51299,12.51561,0.00,0.00
2017.03.23 13:26:13.654,12.51299,12.51542,0.00,0.00
2017.03.23 13:26:13.917,12.51299,12.51561,0.00,0.00
2017.03.23 13:26:14.028,12.51309,12.51571,0.00,0.00
2017.03.23 13:26:14.533,12.51299,12.51571,0.00,0.00
2017.03.23 13:26:14.651,12.51299,12.51562,0.00,0.00
2017.03.23 13:26:15.098,12.51308,12.51571,0.00,0.00
2017.03.23 13:26:15.527,12.51319,12.51571,0.00,0.00
2017.03.23 13:26:15.843,12.51298,12.51572,0.00,0.00
2017.03.23 13:26:15.952,12.51298,12.51531,0.00,0.00
2017.03.23 13:26:16.013,12.51328,12.51572,0.00,0.00
2017.03.23 13:26:16.140,12.51308,12.51572,0.00,0.00
2017.03.23 13:26:16.243,12.51298,12.51562,0.00,0.00
2017.03.23 13:26:17.053,12.51299,12.51572,0.00,0.00
2017.03.23 13:26:18.939,12.51318,12.51572,0.00,0.00
2017.03.23 13:26:19.919,12.51308,12.51572,0.00,0.00
2017.03.23 13:26:20.554,12.51329,12.51572,0.00,0.00
2017.03.23 13:26:20.621,12.51308,12.51572,0.00,0.00
2017.03.23 13:26:21.053,12.51328,12.51572,0.00,0.00
2017.03.23 13:26:21.165,12.51309,12.51572,0.00,0.00
2017.03.23 13:26:21.445,12.51329,12.51572,0.00,0.00
2017.03.23 13:26:21.764,12.51499,12.51709,0.00,0.00
2017.03.23 13:26:21.915,12.51499,12.51731,0.00,0.00
2017.03.23 13:26:22.024,12.51499,12.51741,0.00,0.00
2017.03.23 13:26:22.139,12.51499,12.51771,0.00,0.00
2017.03.23 13:26:22.327,12.51499,12.51702,0.00,0.00
2017.03.23 13:26:22.425,12.51499,12.51732,0.00,0.00
2017.03.23 13:26:22.526,12.51472,12.51701,0.00,0.00
2017.03.23 13:26:22.727,12.51499,12.51761,0.00,0.00
2017.03.23 13:26:22.828,12.51499,12.51702,0.00,0.00
2017.03.23 13:26:22.947,12.51499,12.51722,0.00,0.00
2017.03.23 13:26:23.175,12.51499,12.51762,0.00,0.00
2017.03.23 13:26:23.227,12.51499,12.51711,0.00,0.00
2017.03.23 13:26:23.329,12.51499,12.51731,0.00,0.00
2017.03.23 13:26:23.443,12.51499,12.51771,0.00,0.00
2017.03.23 13:26:23.543,12.51499,12.51702,0.00,0.00
2017.03.23 13:26:23.663,12.51508,12.51771,0.00,0.00
2017.03.23 13:26:24.167,12.51499,12.51771,0.00,0.00
2017.03.23 13:26:24.636,12.51499,12.51702,0.00,0.00
2017.03.23 13:26:24.742,12.51499,12.51762,0.00,0.00
2017.03.23 13:26:24.843,12.51499,12.51742,0.00,0.00
2017.03.23 13:26:25.275,12.51472,12.51702,0.00,0.00
2017.03.23 13:26:25.375,12.51472,12.51722,0.00,0.00
2017.03.23 13:26:25.480,12.51472,12.51701,0.00,0.00
2017.03.23 13:26:25.631,12.51498,12.51772,0.00,0.00
2017.03.23 13:26:25.682,12.51498,12.51732,0.00,0.00
2017.03.23 13:26:25.967,12.51508,12.51772,0.00,0.00
2017.03.23 13:26:26.082,12.51498,12.51751,0.00,0.00
2017.03.23 13:26:26.476,12.51508,12.51772,0.00,0.00
2017.03.23 13:26:26.535,12.51498,12.51702,0.00,0.00
2017.03.23 13:26:26.643,12.51498,12.51721,0.00,0.00
2017.03.23 13:26:28.039,12.51498,12.51702,0.00,0.00
2017.03.23 13:26:28.180,12.51498,12.51718,0.00,0.00
2017.03.23 13:26:28.231,12.51472,12.51718,0.00,0.00
2017.03.23 13:26:28.281,12.51472,12.51672,0.00,0.00
2017.03.23 13:26:28.566,12.51472,12.51691,0.00,0.00
2017.03.23 13:26:28.617,12.51481,12.51691,0.00,0.00
2017.03.23 13:26:28.667,12.51481,12.51721,0.00,0.00
2017.03.23 13:26:28.718,12.51498,12.51722,0.00,0.00
2017.03.23 13:26:28.769,12.51498,12.51742,0.00,0.00
2017.03.23 13:26:28.841,12.51498,12.51772,0.00,0.00
2017.03.23 13:26:28.992,12.51488,12.51671,0.00,0.00
2017.03.23 13:26:29.042,12.51408,12.51671,0.00,0.00
2017.03.23 13:26:29.143,12.51402,12.51671,0.00,0.00
2017.03.23 13:26:29.474,12.51428,12.51671,0.00,0.00
2017.03.23 13:26:29.575,12.51402,12.51671,0.00,0.00
2017.03.23 13:26:29.643,12.51409,12.51671,0.00,0.00
2017.03.23 13:26:30.013,12.51448,12.51682,0.00,0.00
2017.03.23 13:26:30.064,12.51448,12.51721,0.00,0.00
2017.03.23 13:26:30.547,12.51448,12.51712,0.00,0.00
2017.03.23 13:26:30.911,12.51499,12.51742,0.00,0.00
2017.03.23 13:26:31.184,12.51499,12.51751,0.00,0.00
2017.03.23 13:26:31.564,12.51499,12.51721,0.00,0.00
2017.03.23 13:26:31.647,12.51499,12.51771,0.00,0.00
2017.03.23 13:26:31.754,12.51509,12.51771,0.00,0.00
2017.03.23 13:26:31.971,12.51499,12.51762,0.00,0.00
2017.03.23 13:26:32.164,12.51508,12.51771,0.00,0.00
2017.03.23 13:26:32.565,12.51499,12.51762,0.00,0.00
2017.03.23 13:26:33.291,12.51591,12.51762,0.00,0.00
2017.03.23 13:26:33.392,12.51601,12.51782,0.00,0.00
2017.03.23 13:26:33.495,12.51601,12.51871,0.00,0.00
2017.03.23 13:26:33.648,12.51609,12.51871,0.00,0.00
2017.03.23 13:26:33.898,12.51601,12.51871,0.00,0.00
2017.03.23 13:26:34.186,12.51601,12.51851,0.00,0.00
2017.03.23 13:26:34.253,12.51601,12.51871,0.00,0.00
2017.03.23 13:26:34.355,12.51601,12.51861,0.00,0.00
2017.03.23 13:26:34.690,12.51601,12.51871,0.00,0.00
2017.03.23 13:26:34.740,12.51701,12.51871,0.00,0.00
2017.03.23 13:26:34.898,12.51701,12.51932,0.00,0.00
2017.03.23 13:26:35.105,12.51701,12.51951,0.00,0.00
2017.03.23 13:26:35.156,12.51701,12.51961,0.00,0.00
2017.03.23 13:26:35.256,12.51708,12.51972,0.00,0.00
2017.03.23 13:26:35.356,12.51701,12.51962,0.00,0.00
2017.03.23 13:26:35.675,12.51701,12.51972,0.00,0.00
2017.03.23 13:26:36.188,12.51701,12.51971,0.00,0.00
2017.03.23 13:26:36.291,12.51701,12.51961,0.00,0.00
2017.03.23 13:26:36.358,12.51709,12.51972,0.00,0.00
2017.03.23 13:26:36.540,12.51701,12.51971,0.00,0.00
2017.03.23 13:26:36.596,12.51701,12.51962,0.00,0.00
2017.03.23 13:26:36.859,12.51701,12.51972,0.00,0.00
2017.03.23 13:26:37.260,12.51719,12.51972,0.00,0.00
2017.03.23 13:26:37.361,12.51701,12.51961,0.00,0.00
2017.03.23 13:26:37.986,12.51701,12.51972,0.00,0.00
2017.03.23 13:26:38.061,12.51701,12.51951,0.00,0.00
2017.03.23 13:26:38.975,12.51701,12.51961,0.00,0.00
2017.03.23 13:26:39.164,12.51701,12.51951,0.00,0.00
2017.03.23 13:26:39.587,12.51701,12.51911,0.00,0.00
2017.03.23 13:26:40.307,12.51701,12.51932,0.00,0.00
2017.03.23 13:26:40.366,12.51701,12.51912,0.00,0.00
2017.03.23 13:26:40.593,12.51701,12.51972,0.00,0.00
2017.03.23 13:26:40.708,12.51701,12.51941,0.00,0.00
2017.03.23 13:26:40.967,12.51709,12.51972,0.00,0.00
2017.03.23 13:26:41.097,12.51701,12.51902,0.00,0.00
2017.03.23 13:26:41.307,12.51701,12.51922,0.00,0.00
2017.03.23 13:26:41.593,12.51709,12.51972,0.00,0.00
2017.03.23 13:26:41.669,12.51701,12.51942,0.00,0.00
2017.03.23 13:26:42.894,12.51701,12.51911,0.00,0.00
2017.03.23 13:26:43.271,12.51701,12.51921,0.00,0.00
2017.03.23 13:26:44.022,12.51708,12.51972,0.00,0.00
2017.03.23 13:26:44.073,12.51701,12.51972,0.00,0.00
2017.03.23 13:26:44.593,12.51701,12.51951,0.00,0.00
2017.03.23 13:26:44.960,12.51701,12.51911,0.00,0.00
2017.03.23 13:26:45.124,12.51701,12.51921,0.00,0.00
2017.03.23 13:26:45.175,12.51701,12.51972,0.00,0.00
2017.03.23 13:26:46.001,12.51658,12.51919,0.00,0.00
2017.03.23 13:26:46.466,12.51651,12.51871,0.00,0.00
2017.03.23 13:26:46.902,12.51681,12.51902,0.00,0.00
2017.03.23 13:26:47.003,12.51698,12.51952,0.00,0.00
2017.03.23 13:26:47.116,12.51698,12.51931,0.00,0.00
2017.03.23 13:26:47.166,12.51651,12.51921,0.00,0.00
2017.03.23 13:26:47.217,12.51651,12.51892,0.00,0.00
2017.03.23 13:26:47.322,12.51649,12.51892,0.00,0.00
2017.03.23 13:26:47.425,12.51649,12.51921,0.00,0.00
2017.03.23 13:26:47.564,12.51649,12.51892,0.00,0.00
2017.03.23 13:26:47.680,12.51649,12.51911,0.00,0.00
2017.03.23 13:26:48.313,12.51698,12.51911,0.00,0.00
2017.03.23 13:26:48.422,12.51698,12.51922,0.00,0.00
2017.03.23 13:26:48.473,12.51691,12.51922,0.00,0.00
2017.03.23 13:26:48.573,12.51698,12.51942,0.00,0.00
2017.03.23 13:26:48.624,12.51698,12.51962,0.00,0.00
2017.03.23 13:26:48.897,12.51698,12.51932,0.00,0.00
2017.03.23 13:26:48.998,12.51698,12.51971,0.00,0.00
2017.03.23 13:26:49.109,12.51698,12.51902,0.00,0.00
2017.03.23 13:26:49.223,12.51689,12.51922,0.00,0.00
2017.03.23 13:26:49.324,12.51671,12.51922,0.00,0.00
2017.03.23 13:26:49.459,12.51648,12.51919,0.00,0.00
2017.03.23 13:26:49.511,12.51609,12.51871,0.00,0.00
2017.03.23 13:26:49.614,12.51601,12.51871,0.00,0.00
2017.03.23 13:26:49.665,12.51649,12.51881,0.00,0.00
2017.03.23 13:26:49.716,12.51649,12.51911,0.00,0.00
2017.03.23 13:26:49.784,12.51649,12.51921,0.00,0.00
2017.03.23 13:26:49.925,12.51698,12.51911,0.00,0.00
2017.03.23 13:26:50.026,12.51698,12.51961,0.00,0.00
2017.03.23 13:26:50.422,12.51698,12.51932,0.00,0.00
2017.03.23 13:26:50.756,12.51691,12.51921,0.00,0.00
2017.03.23 13:26:50.807,12.51672,12.51918,0.00,0.00
2017.03.23 13:26:50.921,12.51672,12.51872,0.00,0.00
2017.03.23 13:26:51.201,12.51672,12.51912,0.00,0.00
2017.03.23 13:26:51.403,12.51699,12.51962,0.00,0.00
2017.03.23 13:26:51.782,12.51681,12.51922,0.00,0.00
2017.03.23 13:26:51.988,12.51619,12.51872,0.00,0.00
2017.03.23 13:26:52.096,12.51601,12.51872,0.00,0.00
2017.03.23 13:26:52.325,12.51648,12.51882,0.00,0.00
2017.03.23 13:26:52.476,12.51629,12.51871,0.00,0.00
2017.03.23 13:26:52.527,12.51682,12.51871,0.00,0.00
2017.03.23 13:26:52.628,12.51698,12.51941,0.00,0.00
2017.03.23 13:26:52.732,12.51698,12.51972,0.00,0.00
2017.03.23 13:26:53.085,12.51698,12.51951,0.00,0.00
2017.03.23 13:26:53.845,12.51669,12.51918,0.00,0.00
2017.03.23 13:26:54.093,12.51602,12.51871,0.00,0.00
2017.03.23 13:26:54.307,12.51649,12.51891,0.00,0.00
2017.03.23 13:26:54.407,12.51649,12.51918,0.00,0.00
2017.03.23 13:26:54.458,12.51639,12.51871,0.00,0.00
2017.03.23 13:26:54.695,12.51609,12.51871,0.00,0.00
2017.03.23 13:26:54.796,12.51628,12.51871,0.00,0.00
2017.03.23 13:26:55.196,12.51648,12.51871,0.00,0.00
2017.03.23 13:26:55.618,12.51692,12.51922,0.00,0.00
2017.03.23 13:26:55.726,12.51698,12.51941,0.00,0.00
2017.03.23 13:26:55.827,12.51719,12.51972,0.00,0.00
2017.03.23 13:26:55.898,12.51698,12.51962,0.00,0.00
2017.03.23 13:26:56.199,12.51698,12.51972,0.00,0.00
2017.03.23 13:26:56.313,12.51698,12.51961,0.00,0.00
2017.03.23 13:26:56.500,12.51698,12.51972,0.00,0.00
2017.03.23 13:26:56.708,12.51698,12.51962,0.00,0.00
2017.03.23 13:26:56.809,12.51698,12.51972,0.00,0.00
2017.03.23 13:26:57.402,12.51718,12.51972,0.00,0.00
2017.03.23 13:26:57.504,12.51698,12.51961,0.00,0.00
2017.03.23 13:26:58.103,12.51698,12.51972,0.00,0.00
2017.03.23 13:26:58.804,12.51708,12.51972,0.00,0.00
2017.03.23 13:26:59.300,12.51698,12.51962,0.00,0.00
2017.03.23 13:26:59.605,12.51698,12.51972,0.00,0.00
2017.03.23 13:26:59.906,12.51709,12.51972,0.00,0.00
2017.03.23 13:27:00.207,12.51728,12.51972,0.00,0.00
2017.03.23 13:27:00.339,12.51719,12.51972,0.00,0.00
2017.03.23 13:27:00.408,12.51728,12.51972,0.00,0.00
2017.03.23 13:27:01.009,12.51719,12.51972,0.00,0.00
2017.03.23 13:27:01.210,12.51698,12.51972,0.00,0.00
2017.03.23 13:27:01.329,12.51738,12.51972,0.00,0.00
2017.03.23 13:27:01.410,12.51718,12.51972,0.00,0.00
2017.03.23 13:27:01.741,12.51739,12.51972,0.00,0.00
2017.03.23 13:27:02.413,12.51728,12.51972,0.00,0.00
2017.03.23 13:27:03.215,12.51709,12.51972,0.00,0.00
2017.03.23 13:27:04.018,12.51729,12.51972,0.00,0.00
2017.03.23 13:27:04.118,12.51708,12.51972,0.00,0.00
2017.03.23 13:27:05.071,12.51698,12.51972,0.00,0.00
2017.03.23 13:27:06.467,12.51718,12.51972,0.00,0.00
2017.03.23 13:27:06.525,12.51698,12.51972,0.00,0.00
2017.03.23 13:27:06.726,12.51698,12.51962,0.00,0.00
2017.03.23 13:27:06.835,12.51698,12.51972,0.00,0.00
2017.03.23 13:27:06.941,12.51698,12.51962,0.00,0.00
2017.03.23 13:27:07.383,12.51678,12.51921,0.00,0.00
2017.03.23 13:27:07.433,12.51671,12.51921,0.00,0.00
2017.03.23 13:27:07.562,12.51671,12.51911,0.00,0.00
2017.03.23 13:27:07.728,12.51671,12.51921,0.00,0.00
2017.03.23 13:27:08.273,12.51698,12.51921,0.00,0.00
2017.03.23 13:27:08.599,12.51671,12.51911,0.00,0.00
2017.03.23 13:27:08.649,12.51708,12.51921,0.00,0.00
2017.03.23 13:27:08.731,12.51678,12.51921,0.00,0.00
2017.03.23 13:27:08.853,12.51649,12.51921,0.00,0.00
2017.03.23 13:27:09.806,12.51698,12.51922,0.00,0.00
2017.03.23 13:27:09.912,12.51671,12.51921,0.00,0.00
2017.03.23 13:27:10.034,12.51688,12.51921,0.00,0.00
2017.03.23 13:27:10.134,12.51671,12.51921,0.00,0.00
2017.03.23 13:27:10.255,12.51671,12.51872,0.00,0.00
2017.03.23 13:27:10.722,12.51618,12.51872,0.00,0.00
2017.03.23 13:27:10.835,12.51648,12.51872,0.00,0.00
2017.03.23 13:27:11.070,12.51619,12.51872,0.00,0.00
2017.03.23 13:27:11.668,12.51628,12.51872,0.00,0.00
2017.03.23 13:27:11.969,12.51648,12.51872,0.00,0.00
2017.03.23 13:27:12.337,12.51628,12.51872,0.00,0.00
2017.03.23 13:27:12.538,12.51618,12.51872,0.00,0.00
2017.03.23 13:27:12.862,12.51629,12.51872,0.00,0.00
2017.03.23 13:27:12.963,12.51608,12.51872,0.00,0.00
2017.03.23 13:27:13.039,12.51598,12.51872,0.00,0.00
2017.03.23 13:27:13.377,12.51619,12.51872,0.00,0.00
2017.03.23 13:27:13.440,12.51599,12.51872,0.00,0.00
2017.03.23 13:27:13.740,12.51608,12.51872,0.00,0.00
2017.03.23 13:27:13.840,12.51599,12.51872,0.00,0.00
2017.03.23 13:27:14.241,12.51609,12.51872,0.00,0.00
2017.03.23 13:27:16.174,12.51629,12.51872,0.00,0.00
2017.03.23 13:27:16.243,12.51608,12.51872,0.00,0.00
2017.03.23 13:27:16.344,12.51599,12.51872,0.00,0.00
2017.03.23 13:27:16.684,12.51618,12.51872,0.00,0.00
2017.03.23 13:27:16.905,12.51598,12.51872,0.00,0.00
2017.03.23 13:27:16.956,12.51598,12.51851,0.00,0.00
2017.03.23 13:27:17.061,12.51598,12.51862,0.00,0.00
2017.03.23 13:27:17.167,12.51608,12.51872,0.00,0.00
2017.03.23 13:27:17.447,12.51599,12.51872,0.00,0.00
2017.03.23 13:27:17.666,12.51598,12.51862,0.00,0.00
2017.03.23 13:27:18.163,12.51598,12.51872,0.00,0.00
2017.03.23 13:27:18.265,12.51598,12.51832,0.00,0.00
2017.03.23 13:27:18.365,12.51608,12.51872,0.00,0.00
2017.03.23 13:27:18.449,12.51618,12.51872,0.00,0.00
2017.03.23 13:27:18.934,12.51628,12.51872,0.00,0.00
2017.03.23 13:27:19.350,12.51599,12.51872,0.00,0.00
2017.03.23 13:27:19.451,12.51628,12.51872,0.00,0.00
2017.03.23 13:27:19.880,12.51598,12.51872,0.00,0.00
2017.03.23 13:27:20.067,12.51638,12.51872,0.00,0.00
2017.03.23 13:27:20.180,12.51661,12.51922,0.00,0.00
2017.03.23 13:27:20.331,12.51698,12.51932,0.00,0.00
2017.03.23 13:27:20.382,12.51698,12.51972,0.00,0.00
2017.03.23 13:27:20.755,12.51698,12.51962,0.00,0.00
2017.03.23 13:27:21.143,12.51671,12.51921,0.00,0.00
2017.03.23 13:27:21.454,12.51658,12.51922,0.00,0.00
2017.03.23 13:27:21.771,12.51648,12.51921,0.00,0.00
2017.03.23 13:27:22.058,12.51658,12.51922,0.00,0.00
2017.03.23 13:27:22.960,12.51648,12.51922,0.00,0.00
2017.03.23 13:27:23.212,12.51649,12.51872,0.00,0.00
2017.03.23 13:27:23.262,12.51639,12.51872,0.00,0.00
2017.03.23 13:27:23.379,12.51618,12.51872,0.00,0.00
2017.03.23 13:27:23.608,12.51648,12.51872,0.00,0.00
2017.03.23 13:27:23.823,12.51638,12.51872,0.00,0.00
2017.03.23 13:27:25.365,12.51618,12.51872,0.00,0.00
2017.03.23 13:27:25.588,12.51649,12.51892,0.00,0.00
2017.03.23 13:27:25.689,12.51648,12.51902,0.00,0.00
2017.03.23 13:27:25.900,12.51648,12.51892,0.00,0.00
2017.03.23 13:27:25.987,12.51669,12.51922,0.00,0.00
2017.03.23 13:27:26.104,12.51699,12.51932,0.00,0.00
2017.03.23 13:27:26.535,12.51652,12.51871,0.00,0.00
2017.03.23 13:27:26.821,12.51652,12.51912,0.00,0.00
2017.03.23 13:27:26.872,12.51652,12.51901,0.00,0.00
2017.03.23 13:27:26.978,12.51652,12.51922,0.00,0.00
2017.03.23 13:27:27.072,12.51668,12.51922,0.00,0.00
2017.03.23 13:27:27.174,12.51652,12.51922,0.00,0.00
2017.03.23 13:27:27.450,12.51648,12.51922,0.00,0.00
2017.03.23 13:27:27.501,12.51659,12.51922,0.00,0.00
2017.03.23 13:27:27.700,12.51649,12.51922,0.00,0.00
2017.03.23 13:27:27.751,12.51649,12.51872,0.00,0.00
2017.03.23 13:27:28.008,12.51649,12.51898,0.00,0.00
2017.03.23 13:27:28.128,12.51618,12.51871,0.00,0.00
2017.03.23 13:27:28.178,12.51668,12.51871,0.00,0.00
2017.03.23 13:27:28.279,12.51618,12.51871,0.00,0.00
2017.03.23 13:27:29.480,12.51628,12.51871,0.00,0.00
2017.03.23 13:27:29.824,12.51609,12.51871,0.00,0.00
2017.03.23 13:27:32.587,12.51618,12.51871,0.00,0.00
2017.03.23 13:27:33.288,12.51638,12.51871,0.00,0.00
2017.03.23 13:27:33.505,12.51618,12.51871,0.00,0.00
2017.03.23 13:27:34.916,12.51609,12.51871,0.00,0.00
2017.03.23 13:27:35.033,12.51662,12.51911,0.00,0.00
2017.03.23 13:27:35.193,12.51699,12.51971,0.00,0.00
2017.03.23 13:27:35.394,12.51699,12.51962,0.00,0.00
2017.03.23 13:27:35.633,12.51699,12.51971,0.00,0.00
2017.03.23 13:27:36.098,12.51699,12.51961,0.00,0.00
2017.03.23 13:27:36.410,12.51649,12.51872,0.00,0.00
2017.03.23 13:27:36.511,12.51619,12.51872,0.00,0.00
2017.03.23 13:27:37.003,12.51648,12.51872,0.00,0.00
2017.03.23 13:27:37.146,12.51619,12.51872,0.00,0.00
2017.03.23 13:27:37.331,12.51648,12.51872,0.00,0.00
2017.03.23 13:27:37.506,12.51619,12.51872,0.00,0.00
2017.03.23 13:27:37.647,12.51651,12.51872,0.00,0.00
2017.03.23 13:27:37.698,12.51698,12.51931,0.00,0.00
2017.03.23 13:27:37.749,12.51698,12.51962,0.00,0.00
2017.03.23 13:27:37.850,12.51698,12.51942,0.00,0.00
2017.03.23 13:27:38.008,12.51698,12.51952,0.00,0.00
2017.03.23 13:27:38.112,12.51698,12.51942,0.00,0.00
2017.03.23 13:27:38.709,12.51698,12.51952,0.00,0.00
2017.03.23 13:27:39.152,12.51698,12.51971,0.00,0.00
2017.03.23 13:27:39.205,12.51689,12.51922,0.00,0.00
2017.03.23 13:27:39.255,12.51658,12.51922,0.00,0.00
2017.03.23 13:27:39.311,12.51648,12.51912,0.00,0.00
2017.03.23 13:27:39.759,12.51648,12.51922,0.00,0.00
2017.03.23 13:27:39.860,12.51659,12.51922,0.00,0.00
2017.03.23 13:27:40.198,12.51618,12.51872,0.00,0.00
2017.03.23 13:27:40.514,12.51608,12.51872,0.00,0.00
2017.03.23 13:27:41.413,12.51649,12.51872,0.00,0.00
2017.03.23 13:27:41.464,12.51609,12.51872,0.00,0.00
2017.03.23 13:27:42.526,12.51628,12.51872,0.00,0.00
2017.03.23 13:27:43.062,12.51639,12.51872,0.00,0.00
2017.03.23 13:27:43.163,12.51608,12.51872,0.00,0.00
2017.03.23 13:27:43.902,12.51598,12.51872,0.00,0.00
2017.03.23 13:27:44.261,12.51609,12.51872,0.00,0.00
2017.03.23 13:27:44.363,12.51598,12.51872,0.00,0.00
2017.03.23 13:27:44.885,12.51599,12.51872,0.00,0.00
2017.03.23 13:27:45.024,12.51609,12.51872,0.00,0.00
2017.03.23 13:27:45.363,12.51598,12.51871,0.00,0.00
2017.03.23 13:27:45.970,12.51589,12.51772,0.00,0.00
2017.03.23 13:27:46.178,12.51529,12.51781,0.00,0.00
2017.03.23 13:27:46.328,12.51539,12.51781,0.00,0.00
2017.03.23 13:27:46.631,12.51518,12.51781,0.00,0.00
2017.03.23 13:27:47.032,12.51539,12.51781,0.00,0.00
2017.03.23 13:27:47.342,12.51558,12.51781,0.00,0.00
2017.03.23 13:27:47.534,12.51528,12.51781,0.00,0.00
2017.03.23 13:27:48.536,12.51538,12.51781,0.00,0.00
2017.03.23 13:27:48.638,12.51528,12.51781,0.00,0.00
2017.03.23 13:27:48.843,12.51559,12.51781,0.00,0.00
2017.03.23 13:27:48.969,12.51528,12.51781,0.00,0.00
2017.03.23 13:27:49.039,12.51519,12.51781,0.00,0.00
2017.03.23 13:27:49.140,12.51528,12.51781,0.00,0.00
2017.03.23 13:27:49.239,12.51509,12.51781,0.00,0.00
2017.03.23 13:27:51.246,12.51509,12.51771,0.00,0.00
2017.03.23 13:27:51.609,12.51428,12.51682,0.00,0.00
2017.03.23 13:27:51.847,12.51418,12.51682,0.00,0.00
2017.03.23 13:27:52.166,12.51438,12.51682,0.00,0.00
2017.03.23 13:27:52.477,12.51419,12.51682,0.00,0.00
2017.03.23 13:27:53.485,12.51448,12.51682,0.00,0.00
2017.03.23 13:27:54.285,12.51428,12.51682,0.00,0.00
2017.03.23 13:27:54.502,12.51418,12.51682,0.00,0.00
2017.03.23 13:27:55.066,12.51408,12.51682,0.00,0.00
2017.03.23 13:27:55.371,12.51428,12.51682,0.00,0.00
2017.03.23 13:27:55.792,12.51408,12.51681,0.00,0.00
2017.03.23 13:27:55.974,12.51428,12.51682,0.00,0.00
2017.03.23 13:27:56.075,12.51408,12.51672,0.00,0.00
2017.03.23 13:27:56.191,12.51408,12.51661,0.00,0.00
2017.03.23 13:27:56.319,12.51409,12.51682,0.00,0.00
2017.03.23 13:27:57.192,12.51408,12.51662,0.00,0.00
2017.03.23 13:27:58.084,12.51409,12.51682,0.00,0.00
2017.03.23 13:27:58.212,12.51408,12.51652,0.00,0.00
2017.03.23 13:27:58.536,12.51408,12.51632,0.00,0.00
2017.03.23 13:27:58.586,12.51372,12.51632,0.00,0.00
2017.03.23 13:27:58.694,12.51408,12.51681,0.00,0.00
2017.03.23 13:27:58.795,12.51418,12.51648,0.00,0.00
2017.03.23 13:27:58.896,12.51328,12.51581,0.00,0.00
2017.03.23 13:27:58.971,12.51309,12.51581,0.00,0.00
2017.03.23 13:27:59.073,12.51349,12.51581,0.00,0.00
2017.03.23 13:27:59.673,12.51309,12.51581,0.00,0.00
2017.03.23 13:27:59.873,12.51328,12.51581,0.00,0.00
2017.03.23 13:28:00.235,12.51309,12.51581,0.00,0.00
2017.03.23 13:28:01.176,12.51328,12.51581,0.00,0.00
2017.03.23 13:28:01.396,12.51309,12.51581,0.00,0.00
2017.03.23 13:28:01.497,12.51298,12.51482,0.00,0.00
2017.03.23 13:28:01.601,12.51209,12.51482,0.00,0.00
2017.03.23 13:28:01.652,12.51292,12.51491,0.00,0.00
2017.03.23 13:28:01.702,12.51299,12.51532,0.00,0.00
2017.03.23 13:28:01.753,12.51309,12.51581,0.00,0.00
2017.03.23 13:28:01.803,12.51339,12.51581,0.00,0.00
2017.03.23 13:28:01.979,12.51309,12.51581,0.00,0.00
2017.03.23 13:28:02.145,12.51328,12.51581,0.00,0.00
2017.03.23 13:28:02.196,12.51318,12.51581,0.00,0.00
2017.03.23 13:28:02.380,12.51329,12.51581,0.00,0.00
2017.03.23 13:28:02.487,12.51309,12.51581,0.00,0.00
2017.03.23 13:28:02.581,12.51338,12.51581,0.00,0.00
2017.03.23 13:28:03.126,12.51309,12.51581,0.00,0.00
2017.03.23 13:28:03.323,12.51339,12.51581,0.00,0.00
2017.03.23 13:28:03.886,12.51329,12.51581,0.00,0.00
2017.03.23 13:28:04.025,12.51339,12.51581,0.00,0.00
2017.03.23 13:28:04.523,12.51329,12.51581,0.00,0.00
2017.03.23 13:28:05.090,12.51309,12.51581,0.00,0.00
2017.03.23 13:28:05.392,12.51338,12.51581,0.00,0.00
2017.03.23 13:28:05.569,12.51309,12.51581,0.00,0.00
2017.03.23 13:28:05.619,12.51339,12.51581,0.00,0.00
2017.03.23 13:28:05.720,12.51318,12.51581,0.00,0.00
2017.03.23 13:28:05.830,12.51338,12.51581,0.00,0.00
2017.03.23 13:28:06.195,12.51328,12.51581,0.00,0.00
2017.03.23 13:28:06.395,12.51349,12.51581,0.00,0.00
2017.03.23 13:28:06.596,12.51338,12.51581,0.00,0.00
2017.03.23 13:28:06.798,12.51358,12.51581,0.00,0.00
2017.03.23 13:28:07.351,12.51359,12.51608,0.00,0.00
2017.03.23 13:28:07.402,12.51382,12.51601,0.00,0.00
2017.03.23 13:28:07.511,12.51409,12.51682,0.00,0.00
2017.03.23 13:28:07.618,12.51418,12.51682,0.00,0.00
2017.03.23 13:28:07.938,12.51438,12.51682,0.00,0.00
2017.03.23 13:28:07.999,12.51428,12.51682,0.00,0.00
2017.03.23 13:28:08.402,12.51409,12.51682,0.00,0.00
2017.03.23 13:28:08.522,12.51408,12.51672,0.00,0.00
2017.03.23 13:28:08.824,12.51379,12.51619,0.00,0.00
2017.03.23 13:28:08.936,12.51308,12.51582,0.00,0.00
2017.03.23 13:28:09.705,12.51329,12.51582,0.00,0.00
2017.03.23 13:28:09.830,12.51319,12.51582,0.00,0.00
2017.03.23 13:28:09.906,12.51308,12.51582,0.00,0.00
2017.03.23 13:28:10.136,12.51308,12.51488,0.00,0.00
2017.03.23 13:28:10.358,12.51148,12.51392,0.00,0.00
2017.03.23 13:28:10.473,12.51118,12.51392,0.00,0.00
2017.03.23 13:28:11.110,12.51119,12.51388,0.00,0.00
2017.03.23 13:28:11.463,12.51138,12.51388,0.00,0.00
2017.03.23 13:28:11.644,12.51128,12.51388,0.00,0.00
2017.03.23 13:28:11.712,12.51138,12.51388,0.00,0.00
2017.03.23 13:28:12.023,12.51149,12.51388,0.00,0.00
2017.03.23 13:28:12.113,12.51138,12.51388,0.00,0.00
2017.03.23 13:28:12.257,12.51118,12.51388,0.00,0.00
2017.03.23 13:28:12.470,12.51118,12.51392,0.00,0.00
2017.03.23 13:28:12.921,12.51139,12.51392,0.00,0.00
2017.03.23 13:28:13.223,12.51239,12.51492,0.00,0.00
2017.03.23 13:28:13.503,12.51218,12.51492,0.00,0.00
2017.03.23 13:28:14.143,12.51218,12.51491,0.00,0.00
2017.03.23 13:28:14.347,12.51239,12.51492,0.00,0.00
2017.03.23 13:28:14.448,12.51218,12.51492,0.00,0.00
2017.03.23 13:28:14.621,12.51218,12.51482,0.00,0.00
2017.03.23 13:28:15.232,12.51248,12.51492,0.00,0.00
2017.03.23 13:28:15.365,12.51228,12.51492,0.00,0.00
2017.03.23 13:28:15.871,12.51219,12.51492,0.00,0.00
2017.03.23 13:28:16.375,12.51218,12.51492,0.00,0.00
2017.03.23 13:28:16.426,12.51218,12.51481,0.00,0.00
2017.03.23 13:28:16.530,12.51218,12.51492,0.00,0.00
2017.03.23 13:28:16.625,12.51218,12.51482,0.00,0.00
2017.03.23 13:28:16.825,12.51218,12.51491,0.00,0.00
2017.03.23 13:28:17.237,12.51218,12.51481,0.00,0.00
2017.03.23 13:28:17.627,12.51218,12.51492,0.00,0.00
2017.03.23 13:28:18.050,12.51218,12.51481,0.00,0.00
2017.03.23 13:28:18.433,12.51218,12.51472,0.00,0.00
2017.03.23 13:28:18.772,12.51219,12.51452,0.00,0.00
2017.03.23 13:28:18.829,12.51219,12.51471,0.00,0.00
2017.03.23 13:28:18.976,12.51219,12.51482,0.00,0.00
2017.03.23 13:28:19.029,12.51219,12.51452,0.00,0.00
2017.03.23 13:28:19.130,12.51219,12.51471,0.00,0.00
2017.03.23 13:28:19.604,12.51189,12.51292,0.00,0.00
2017.03.23 13:28:19.755,12.51179,12.51292,0.00,0.00
2017.03.23 13:28:19.862,12.51102,12.51321,0.00,0.00
2017.03.23 13:28:19.963,12.51118,12.51331,0.00,0.00
2017.03.23 13:28:20.125,12.51148,12.51392,0.00,0.00
2017.03.23 13:28:20.232,12.51158,12.51392,0.00,0.00
2017.03.23 13:28:20.534,12.51148,12.51392,0.00,0.00
2017.03.23 13:28:20.636,12.51118,12.51392,0.00,0.00
2017.03.23 13:28:20.742,12.51139,12.51392,0.00,0.00
2017.03.23 13:28:20.843,12.51118,12.51392,0.00,0.00
2017.03.23 13:28:21.035,12.51128,12.51392,0.00,0.00
2017.03.23 13:28:21.336,12.51138,12.51392,0.00,0.00
2017.03.23 13:28:22.538,12.51148,12.51392,0.00,0.00
2017.03.23 13:28:22.940,12.51158,12.51392,0.00,0.00
2017.03.23 13:28:23.171,12.51148,12.51392,0.00,0.00
2017.03.23 13:28:23.841,12.51179,12.51392,0.00,0.00
2017.03.23 13:28:23.942,12.51139,12.51392,0.00,0.00
2017.03.23 13:28:24.042,12.51128,12.51392,0.00,0.00
2017.03.23 13:28:24.433,12.51138,12.51392,0.00,0.00
2017.03.23 13:28:24.484,12.51118,12.51392,0.00,0.00
2017.03.23 13:28:24.544,12.51139,12.51392,0.00,0.00
2017.03.23 13:28:24.650,12.51119,12.51392,0.00,0.00
2017.03.23 13:28:24.701,12.51132,12.51392,0.00,0.00
2017.03.23 13:28:25.013,12.51139,12.51392,0.00,0.00
2017.03.23 13:28:25.245,12.51132,12.51392,0.00,0.00
2017.03.23 13:28:25.649,12.51148,12.51392,0.00,0.00
2017.03.23 13:28:26.392,12.51132,12.51392,0.00,0.00
2017.03.23 13:28:26.451,12.51149,12.51392,0.00,0.00
2017.03.23 13:28:27.854,12.51138,12.51392,0.00,0.00
2017.03.23 13:28:27.956,12.51132,12.51392,0.00,0.00
2017.03.23 13:28:29.356,12.51148,12.51392,0.00,0.00
2017.03.23 13:28:29.979,12.51132,12.51392,0.00,0.00
2017.03.23 13:28:30.096,12.51148,12.51392,0.00,0.00
2017.03.23 13:28:30.197,12.51138,12.51392,0.00,0.00
2017.03.23 13:28:30.304,12.51132,12.51392,0.00,0.00
2017.03.23 13:28:30.583,12.51138,12.51392,0.00,0.00
2017.03.23 13:28:31.159,12.51132,12.51392,0.00,0.00
2017.03.23 13:28:32.176,12.51158,12.51392,0.00,0.00
2017.03.23 13:28:32.490,12.51158,12.51342,0.00,0.00
2017.03.23 13:28:32.591,12.51068,12.51292,0.00,0.00
2017.03.23 13:28:32.661,12.51079,12.51292,0.00,0.00
2017.03.23 13:28:32.712,12.51081,12.51341,0.00,0.00
2017.03.23 13:28:32.762,12.51081,12.51321,0.00,0.00
2017.03.23 13:28:32.863,12.51089,12.51341,0.00,0.00
2017.03.23 13:28:32.973,12.51081,12.51341,0.00,0.00
2017.03.23 13:28:33.079,12.51088,12.51291,0.00,0.00
2017.03.23 13:28:33.180,12.51058,12.51292,0.00,0.00
2017.03.23 13:28:33.280,12.51039,12.51292,0.00,0.00
2017.03.23 13:28:33.486,12.51078,12.51292,0.00,0.00
2017.03.23 13:28:33.563,12.51069,12.51292,0.00,0.00
2017.03.23 13:28:33.790,12.51038,12.51292,0.00,0.00
2017.03.23 13:28:33.864,12.51068,12.51292,0.00,0.00
2017.03.23 13:28:34.264,12.51048,12.51292,0.00,0.00
2017.03.23 13:28:34.385,12.51079,12.51292,0.00,0.00
2017.03.23 13:28:34.491,12.51038,12.51292,0.00,0.00
2017.03.23 13:28:34.698,12.51058,12.51292,0.00,0.00
2017.03.23 13:28:34.765,12.51038,12.51292,0.00,0.00
2017.03.23 13:28:34.866,12.51031,12.51292,0.00,0.00
2017.03.23 13:28:35.103,12.51058,12.51292,0.00,0.00
2017.03.23 13:28:35.266,12.51048,12.51292,0.00,0.00
2017.03.23 13:28:35.401,12.51069,12.51292,0.00,0.00
2017.03.23 13:28:35.911,12.51038,12.51292,0.00,0.00
2017.03.23 13:28:35.996,12.51031,12.51292,0.00,0.00
2017.03.23 13:28:36.168,12.51069,12.51292,0.00,0.00
2017.03.23 13:28:36.471,12.51031,12.51292,0.00,0.00
2017.03.23 13:28:36.669,12.51031,12.51281,0.00,0.00
2017.03.23 13:28:36.872,12.51038,12.51292,0.00,0.00
2017.03.23 13:28:37.006,12.51031,12.51292,0.00,0.00
2017.03.23 13:28:37.070,12.51031,12.51282,0.00,0.00
2017.03.23 13:28:37.794,12.51031,12.51292,0.00,0.00
2017.03.23 13:28:38.673,12.51031,12.51281,0.00,0.00
2017.03.23 13:28:39.062,12.51031,12.51262,0.00,0.00
2017.03.23 13:28:39.173,12.51031,12.51282,0.00,0.00
2017.03.23 13:28:39.474,12.51031,12.51291,0.00,0.00
2017.03.23 13:28:39.574,12.51031,12.51281,0.00,0.00
2017.03.23 13:28:40.095,12.51031,12.51261,0.00,0.00
2017.03.23 13:28:40.175,12.51031,12.51291,0.00,0.00
2017.03.23 13:28:40.309,12.51031,12.51282,0.00,0.00
2017.03.23 13:28:40.424,12.51031,12.51291,0.00,0.00
2017.03.23 13:28:41.177,12.51031,12.51271,0.00,0.00
2017.03.23 13:28:41.579,12.51031,12.51282,0.00,0.00
2017.03.23 13:28:41.879,12.51031,12.51291,0.00,0.00
2017.03.23 13:28:42.421,12.51031,12.51281,0.00,0.00
2017.03.23 13:28:42.794,12.51039,12.51291,0.00,0.00
2017.03.23 13:28:42.981,12.51031,12.51291,0.00,0.00
2017.03.23 13:28:43.082,12.51031,12.51272,0.00,0.00
2017.03.23 13:28:43.215,12.51031,12.51281,0.00,0.00
2017.03.23 13:28:43.282,12.51031,12.51291,0.00,0.00
2017.03.23 13:28:44.395,12.51038,12.51291,0.00,0.00
2017.03.23 13:28:44.723,12.50918,12.51172,0.00,0.00
2017.03.23 13:28:44.784,12.50939,12.51192,0.00,0.00
2017.03.23 13:28:44.895,12.50929,12.51192,0.00,0.00
2017.03.23 13:28:44.954,12.50929,12.51142,0.00,0.00
2017.03.23 13:28:45.105,12.50918,12.51171,0.00,0.00
2017.03.23 13:28:45.212,12.50918,12.51182,0.00,0.00
2017.03.23 13:28:45.286,12.50939,12.51192,0.00,0.00
2017.03.23 13:28:45.588,12.50918,12.51192,0.00,0.00
2017.03.23 13:28:45.704,12.50918,12.51182,0.00,0.00
2017.03.23 13:28:46.112,12.50918,12.51192,0.00,0.00
2017.03.23 13:28:46.191,12.50918,12.51182,0.00,0.00
2017.03.23 13:28:46.402,12.50918,12.51192,0.00,0.00
2017.03.23 13:28:46.603,12.50918,12.51182,0.00,0.00
2017.03.23 13:28:47.093,12.50918,12.51191,0.00,0.00
2017.03.23 13:28:47.152,12.50918,12.51189,0.00,0.00
2017.03.23 13:28:47.455,12.50919,12.51151,0.00,0.00
2017.03.23 13:28:47.506,12.50919,12.51161,0.00,0.00
2017.03.23 13:28:47.596,12.50928,12.51189,0.00,0.00
2017.03.23 13:28:47.697,12.50938,12.51189,0.00,0.00
2017.03.23 13:28:48.097,12.50919,12.51189,0.00,0.00
2017.03.23 13:28:48.222,12.50939,12.51189,0.00,0.00
2017.03.23 13:28:48.498,12.50919,12.51189,0.00,0.00
2017.03.23 13:28:48.610,12.50919,12.51191,0.00,0.00
2017.03.23 13:28:48.744,12.50928,12.51191,0.00,0.00
2017.03.23 13:28:49.049,12.50948,12.51191,0.00,0.00
2017.03.23 13:28:49.343,12.50919,12.51191,0.00,0.00
2017.03.23 13:28:49.735,12.50928,12.51191,0.00,0.00
2017.03.23 13:28:49.931,12.50919,12.51191,0.00,0.00
2017.03.23 13:28:50.002,12.50939,12.51191,0.00,0.00
2017.03.23 13:28:50.208,12.50919,12.51191,0.00,0.00
2017.03.23 13:28:50.711,12.50928,12.51191,0.00,0.00
2017.03.23 13:28:51.037,12.50949,12.51191,0.00,0.00
2017.03.23 13:28:51.518,12.51019,12.51231,0.00,0.00
2017.03.23 13:28:51.619,12.51019,12.51241,0.00,0.00
2017.03.23 13:28:51.720,12.51038,12.51258,0.00,0.00
2017.03.23 13:28:52.144,12.51019,12.51291,0.00,0.00
2017.03.23 13:28:52.610,12.51019,12.51282,0.00,0.00
2017.03.23 13:28:52.973,12.51029,12.51291,0.00,0.00
2017.03.23 13:28:53.125,12.51019,12.51291,0.00,0.00
2017.03.23 13:28:53.225,12.51029,12.51291,0.00,0.00
2017.03.23 13:28:53.561,12.51038,12.51291,0.00,0.00
2017.03.23 13:28:53.612,12.51019,12.51291,0.00,0.00
2017.03.23 13:28:53.913,12.51039,12.51291,0.00,0.00
2017.03.23 13:28:54.160,12.51028,12.51291,0.00,0.00
2017.03.23 13:28:54.262,12.51019,12.51281,0.00,0.00
2017.03.23 13:28:54.595,12.51038,12.51291,0.00,0.00
2017.03.23 13:28:54.645,12.51019,12.51291,0.00,0.00
2017.03.23 13:28:54.715,12.51059,12.51291,0.00,0.00
2017.03.23 13:28:54.823,12.51019,12.51291,0.00,0.00
2017.03.23 13:28:55.231,12.51029,12.51291,0.00,0.00
2017.03.23 13:28:55.668,12.51019,12.51291,0.00,0.00
2017.03.23 13:28:55.769,12.51048,12.51291,0.00,0.00
2017.03.23 13:28:55.820,12.51038,12.51291,0.00,0.00
2017.03.23 13:28:56.156,12.51028,12.51291,0.00,0.00
2017.03.23 13:28:56.421,12.51038,12.51291,0.00,0.00
2017.03.23 13:28:57.222,12.51028,12.51291,0.00,0.00
2017.03.23 13:28:58.024,12.51019,12.51291,0.00,0.00
2017.03.23 13:28:58.142,12.51019,12.51281,0.00,0.00
2017.03.23 13:28:58.325,12.51019,12.51291,0.00,0.00
2017.03.23 13:28:58.434,12.51019,12.51282,0.00,0.00
2017.03.23 13:28:58.737,12.51019,12.51272,0.00,0.00
2017.03.23 13:28:58.828,12.51019,12.51291,0.00,0.00
2017.03.23 13:28:58.976,12.51019,12.51271,0.00,0.00
2017.03.23 13:28:59.290,12.51019,12.51262,0.00,0.00
2017.03.23 13:28:59.462,12.51019,12.51291,0.00,0.00
2017.03.23 13:28:59.569,12.51038,12.51291,0.00,0.00
2017.03.23 13:29:00.051,12.51049,12.51291,0.00,0.00
2017.03.23 13:29:00.253,12.51121,12.51391,0.00,0.00
2017.03.23 13:29:00.775,12.51121,12.51372,0.00,0.00
2017.03.23 13:29:00.833,12.51121,12.51391,0.00,0.00
2017.03.23 13:29:01.159,12.51121,12.51381,0.00,0.00
2017.03.23 13:29:01.564,12.51121,12.51362,0.00,0.00
2017.03.23 13:29:02.037,12.51121,12.51391,0.00,0.00
2017.03.23 13:29:02.666,12.51232,12.51361,0.00,0.00
2017.03.23 13:29:02.767,12.51331,12.51502,0.00,0.00
2017.03.23 13:29:02.883,12.51331,12.51511,0.00,0.00
2017.03.23 13:29:02.941,12.51331,12.51571,0.00,0.00
2017.03.23 13:29:03.150,12.51331,12.51541,0.00,0.00
2017.03.23 13:29:03.253,12.51331,12.51582,0.00,0.00
2017.03.23 13:29:03.354,12.51331,12.51571,0.00,0.00
2017.03.23 13:29:03.697,12.51331,12.51532,0.00,0.00
2017.03.23 13:29:03.747,12.51331,12.51542,0.00,0.00
2017.03.23 13:29:03.880,12.51331,12.51532,0.00,0.00
2017.03.23 13:29:03.945,12.51331,12.51562,0.00,0.00
2017.03.23 13:29:04.246,12.51331,12.51572,0.00,0.00
2017.03.23 13:29:04.446,12.51331,12.51562,0.00,0.00
2017.03.23 13:29:04.849,12.51331,12.51542,0.00,0.00
2017.03.23 13:29:04.993,12.51331,12.51581,0.00,0.00
2017.03.23 13:29:05.274,12.51331,12.51571,0.00,0.00
2017.03.23 13:29:05.609,12.51331,12.51552,0.00,0.00
2017.03.23 13:29:05.660,12.51331,12.51591,0.00,0.00
2017.03.23 13:29:05.852,12.51331,12.51552,0.00,0.00
2017.03.23 13:29:06.052,12.51331,12.51561,0.00,0.00
2017.03.23 13:29:06.156,12.51331,12.51542,0.00,0.00
2017.03.23 13:29:06.721,12.51331,12.51561,0.00,0.00
2017.03.23 13:29:07.071,12.51331,12.51541,0.00,0.00
2017.03.23 13:29:07.122,12.51321,12.51541,0.00,0.00
2017.03.23 13:29:07.223,12.51288,12.51542,0.00,0.00
2017.03.23 13:29:07.273,12.51268,12.51502,0.00,0.00
2017.03.23 13:29:07.376,12.51268,12.51522,0.00,0.00
2017.03.23 13:29:07.477,12.51268,12.51512,0.00,0.00
2017.03.23 13:29:07.559,12.51268,12.51541,0.00,0.00
2017.03.23 13:29:07.661,12.51268,12.51512,0.00,0.00
2017.03.23 13:29:07.812,12.51268,12.51542,0.00,0.00
2017.03.23 13:29:07.862,12.51268,12.51522,0.00,0.00
2017.03.23 13:29:08.193,12.51268,12.51542,0.00,0.00
2017.03.23 13:29:08.576,12.51268,12.51492,0.00,0.00
2017.03.23 13:29:08.677,12.51228,12.51492,0.00,0.00
2017.03.23 13:29:08.777,12.51221,12.51492,0.00,0.00
2017.03.23 13:29:09.163,12.51228,12.51492,0.00,0.00
2017.03.23 13:29:09.270,12.51221,12.51492,0.00,0.00
2017.03.23 13:29:09.663,12.51228,12.51492,0.00,0.00
2017.03.23 13:29:10.048,12.51228,12.51441,0.00,0.00
2017.03.23 13:29:10.264,12.51191,12.51431,0.00,0.00
2017.03.23 13:29:10.315,12.51171,12.51431,0.00,0.00
2017.03.23 13:29:10.365,12.51218,12.51461,0.00,0.00
2017.03.23 13:29:10.466,12.51218,12.51482,0.00,0.00
2017.03.23 13:29:10.572,12.51228,12.51492,0.00,0.00
2017.03.23 13:29:10.681,12.51218,12.51492,0.00,0.00
2017.03.23 13:29:10.811,12.51218,12.51461,0.00,0.00
2017.03.23 13:29:11.566,12.51218,12.51482,0.00,0.00
2017.03.23 13:29:11.667,12.51218,12.51491,0.00,0.00
2017.03.23 13:29:11.880,12.51229,12.51492,0.00,0.00
2017.03.23 13:29:12.185,12.51218,12.51492,0.00,0.00
2017.03.23 13:29:12.412,12.51218,12.51392,0.00,0.00
2017.03.23 13:29:12.513,12.51198,12.51392,0.00,0.00
2017.03.23 13:29:12.618,12.51139,12.51392,0.00,0.00
2017.03.23 13:29:12.669,12.51129,12.51392,0.00,0.00
2017.03.23 13:29:12.916,12.51149,12.51392,0.00,0.00
2017.03.23 13:29:12.969,12.51138,12.51392,0.00,0.00
2017.03.23 13:29:13.291,12.51128,12.51392,0.00,0.00
2017.03.23 13:29:14.278,12.51129,12.51392,0.00,0.00
2017.03.23 13:29:14.329,12.51129,12.51291,0.00,0.00
2017.03.23 13:29:14.381,12.51119,12.51291,0.00,0.00
2017.03.23 13:29:14.482,12.51058,12.51291,0.00,0.00
2017.03.23 13:29:14.533,12.51072,12.51342,0.00,0.00
2017.03.23 13:29:14.583,12.51072,12.51332,0.00,0.00
2017.03.23 13:29:14.873,12.51072,12.51341,0.00,0.00
2017.03.23 13:29:15.077,12.51089,12.51342,0.00,0.00
2017.03.23 13:29:15.174,12.51072,12.51342,0.00,0.00
2017.03.23 13:29:15.682,12.51089,12.51342,0.00,0.00
2017.03.23 13:29:15.918,12.51072,12.51342,0.00,0.00
2017.03.23 13:29:16.003,12.51088,12.51291,0.00,0.00
2017.03.23 13:29:16.104,12.51071,12.51341,0.00,0.00
2017.03.23 13:29:16.276,12.51088,12.51341,0.00,0.00
2017.03.23 13:29:16.411,12.51071,12.51341,0.00,0.00
2017.03.23 13:29:16.520,12.51088,12.51292,0.00,0.00
2017.03.23 13:29:16.621,12.51058,12.51292,0.00,0.00
2017.03.23 13:29:16.677,12.51049,12.51292,0.00,0.00
2017.03.23 13:29:16.896,12.51038,12.51292,0.00,0.00
2017.03.23 13:29:17.097,12.51028,12.51292,0.00,0.00
2017.03.23 13:29:17.525,12.51049,12.51292,0.00,0.00
2017.03.23 13:29:17.773,12.51028,12.51292,0.00,0.00
2017.03.23 13:29:19.614,12.51021,12.51292,0.00,0.00
2017.03.23 13:29:19.722,12.51028,12.51292,0.00,0.00
2017.03.23 13:29:19.825,12.51021,12.51291,0.00,0.00
2017.03.23 13:29:20.183,12.51029,12.51292,0.00,0.00
2017.03.23 13:29:20.735,12.51021,12.51291,0.00,0.00
2017.03.23 13:29:20.785,12.51048,12.51292,0.00,0.00
2017.03.23 13:29:21.114,12.51038,12.51292,0.00,0.00
2017.03.23 13:29:21.395,12.51021,12.51292,0.00,0.00
2017.03.23 13:29:21.503,12.51029,12.51292,0.00,0.00
2017.03.23 13:29:21.886,12.51058,12.51292,0.00,0.00
2017.03.23 13:29:22.009,12.51048,12.51292,0.00,0.00
2017.03.23 13:29:22.186,12.51068,12.51292,0.00,0.00
2017.03.23 13:29:22.300,12.51059,12.51292,0.00,0.00
2017.03.23 13:29:22.401,12.51028,12.51292,0.00,0.00
2017.03.23 13:29:22.487,12.51058,12.51292,0.00,0.00
2017.03.23 13:29:22.911,12.51068,12.51292,0.00,0.00
2017.03.23 13:29:22.987,12.51038,12.51292,0.00,0.00
2017.03.23 13:29:23.489,12.51028,12.51292,0.00,0.00
2017.03.23 13:29:23.789,12.51038,12.51292,0.00,0.00
2017.03.23 13:29:24.089,12.51028,12.51292,0.00,0.00
2017.03.23 13:29:24.390,12.51058,12.51292,0.00,0.00
2017.03.23 13:29:25.104,12.51038,12.51292,0.00,0.00
2017.03.23 13:29:25.207,12.51069,12.51292,0.00,0.00
2017.03.23 13:29:25.391,12.51059,12.51292,0.00,0.00
2017.03.23 13:29:25.525,12.51048,12.51292,0.00,0.00
2017.03.23 13:29:26.422,12.51058,12.51292,0.00,0.00
2017.03.23 13:29:27.530,12.51038,12.51292,0.00,0.00
2017.03.23 13:29:27.639,12.51068,12.51322,0.00,0.00
2017.03.23 13:29:28.035,12.51038,12.51291,0.00,0.00
2017.03.23 13:29:28.366,12.51048,12.51291,0.00,0.00
2017.03.23 13:29:28.596,12.51038,12.51291,0.00,0.00
2017.03.23 13:29:28.714,12.51028,12.51291,0.00,0.00
2017.03.23 13:29:29.000,12.51021,12.51291,0.00,0.00
2017.03.23 13:29:29.498,12.51028,12.51291,0.00,0.00
2017.03.23 13:29:29.868,12.51048,12.51291,0.00,0.00
2017.03.23 13:29:30.901,12.51039,12.51291,0.00,0.00
2017.03.23 13:29:31.150,12.51049,12.51291,0.00,0.00
2017.03.23 13:29:31.202,12.51021,12.51291,0.00,0.00
2017.03.23 13:29:31.518,12.51058,12.51291,0.00,0.00
2017.03.23 13:29:31.635,12.51028,12.51291,0.00,0.00
2017.03.23 13:29:31.710,12.51021,12.51291,0.00,0.00
2017.03.23 13:29:31.903,12.51039,12.51291,0.00,0.00
2017.03.23 13:29:32.049,12.51021,12.51291,0.00,0.00
2017.03.23 13:29:32.104,12.51038,12.51291,0.00,0.00
2017.03.23 13:29:32.444,12.51048,12.51291,0.00,0.00
2017.03.23 13:29:32.505,12.51039,12.51291,0.00,0.00
2017.03.23 13:29:32.626,12.51059,12.51291,0.00,0.00
2017.03.23 13:29:33.130,12.51039,12.51291,0.00,0.00
2017.03.23 13:29:33.206,12.51029,12.51291,0.00,0.00
2017.03.23 13:29:34.043,12.51039,12.51291,0.00,0.00
2017.03.23 13:29:34.409,12.51068,12.51291,0.00,0.00
2017.03.23 13:29:34.640,12.51059,12.51291,0.00,0.00
2017.03.23 13:29:35.020,12.51038,12.51291,0.00,0.00
2017.03.23 13:29:35.431,12.51021,12.51291,0.00,0.00
2017.03.23 13:29:35.558,12.51058,12.51291,0.00,0.00
2017.03.23 13:29:35.719,12.51029,12.51291,0.00,0.00
2017.03.23 13:29:35.891,12.51039,12.51311,0.00,0.00
2017.03.23 13:29:35.941,12.51039,12.51301,0.00,0.00
2017.03.23 13:29:36.112,12.51048,12.51332,0.00,0.00
2017.03.23 13:29:36.163,12.51048,12.51301,0.00,0.00
2017.03.23 13:29:36.213,12.51021,12.51292,0.00,0.00
2017.03.23 13:29:36.282,12.51038,12.51292,0.00,0.00
2017.03.23 13:29:36.715,12.51038,12.51272,0.00,0.00
2017.03.23 13:29:37.114,12.51038,12.51312,0.00,0.00
2017.03.23 13:29:37.330,12.51038,12.51301,0.00,0.00
2017.03.23 13:29:37.840,12.51038,12.51282,0.00,0.00
2017.03.23 13:29:38.116,12.51038,12.51301,0.00,0.00
2017.03.23 13:29:38.216,12.51038,12.51312,0.00,0.00
2017.03.23 13:29:38.403,12.51088,12.51312,0.00,0.00
2017.03.23 13:29:38.511,12.51038,12.51312,0.00,0.00
2017.03.23 13:29:38.562,12.51038,12.51322,0.00,0.00
2017.03.23 13:29:38.663,12.51048,12.51332,0.00,0.00
2017.03.23 13:29:39.062,12.51038,12.51302,0.00,0.00
2017.03.23 13:29:39.640,12.51111,12.51302,0.00,0.00
2017.03.23 13:29:39.769,12.51139,12.51332,0.00,0.00
2017.03.23 13:29:39.820,12.51139,12.51401,0.00,0.00
2017.03.23 13:29:40.344,12.51139,12.51372,0.00,0.00
2017.03.23 13:29:40.421,12.51139,12.51402,0.00,0.00
2017.03.23 13:29:40.946,12.51139,12.51411,0.00,0.00
2017.03.23 13:29:41.059,12.51139,12.51422,0.00,0.00
2017.03.23 13:29:41.222,12.51139,12.51402,0.00,0.00
2017.03.23 13:29:41.323,12.51139,12.51422,0.00,0.00
2017.03.23 13:29:41.760,12.51139,12.51401,0.00,0.00
2017.03.23 13:29:42.365,12.51139,12.51391,0.00,0.00
2017.03.23 13:29:42.524,12.51139,12.51401,0.00,0.00
2017.03.23 13:29:42.725,12.51139,12.51391,0.00,0.00
2017.03.23 13:29:43.326,12.51139,12.51421,0.00,0.00
2017.03.23 13:29:43.526,12.51139,12.51392,0.00,0.00
2017.03.23 13:29:43.627,12.51148,12.51429,0.00,0.00
2017.03.23 13:29:43.826,12.51139,12.51402,0.00,0.00
2017.03.23 13:29:44.229,12.51149,12.51411,0.00,0.00
2017.03.23 13:29:44.853,12.51149,12.51391,0.00,0.00
2017.03.23 13:29:45.160,12.51149,12.51382,0.00,0.00
2017.03.23 13:29:45.261,12.51149,12.51401,0.00,0.00
2017.03.23 13:29:45.637,12.51149,12.51421,0.00,0.00
2017.03.23 13:29:45.730,12.51149,12.51382,0.00,0.00
2017.03.23 13:29:46.031,12.51149,12.51392,0.00,0.00
2017.03.23 13:29:46.143,12.51149,12.51381,0.00,0.00
2017.03.23 13:29:46.273,12.51149,12.51411,0.00,0.00
2017.03.23 13:29:48.670,12.51149,12.51402,0.00,0.00
2017.03.23 13:29:48.937,12.51149,12.51412,0.00,0.00
2017.03.23 13:29:49.374,12.51149,12.51402,0.00,0.00
2017.03.23 13:29:49.839,12.51149,12.51421,0.00,0.00
2017.03.23 13:29:50.274,12.51149,12.51391,0.00,0.00
2017.03.23 13:29:50.340,12.51158,12.51421,0.00,0.00
2017.03.23 13:29:50.541,12.51149,12.51421,0.00,0.00
2017.03.23 13:29:50.841,12.51159,12.51421,0.00,0.00
2017.03.23 13:29:51.542,12.51149,12.51421,0.00,0.00
2017.03.23 13:29:52.050,12.51212,12.51412,0.00,0.00
2017.03.23 13:29:52.200,12.51248,12.51512,0.00,0.00
2017.03.23 13:29:52.362,12.51248,12.51492,0.00,0.00
2017.03.23 13:29:52.444,12.51248,12.51519,0.00,0.00
2017.03.23 13:29:52.644,12.51248,12.51511,0.00,0.00
2017.03.23 13:29:53.122,12.51248,12.51502,0.00,0.00
2017.03.23 13:29:53.172,12.51248,12.51511,0.00,0.00
2017.03.23 13:29:53.283,12.51248,12.51491,0.00,0.00
2017.03.23 13:29:54.092,12.51248,12.51482,0.00,0.00
2017.03.23 13:29:54.280,12.51248,12.51491,0.00,0.00
2017.03.23 13:29:54.548,12.51248,12.51501,0.00,0.00
2017.03.23 13:29:54.649,12.51248,12.51511,0.00,0.00
2017.03.23 13:29:54.792,12.51248,12.51482,0.00,0.00
2017.03.23 13:29:55.063,12.51248,12.51502,0.00,0.00
2017.03.23 13:29:55.149,12.51248,12.51481,0.00,0.00
2017.03.23 13:29:55.253,12.51248,12.51512,0.00,0.00
2017.03.23 13:29:55.554,12.51248,12.51492,0.00,0.00
2017.03.23 13:29:55.651,12.51248,12.51511,0.00,0.00
2017.03.23 13:29:55.751,12.51248,12.51522,0.00,0.00
2017.03.23 13:29:56.010,12.51248,12.51501,0.00,0.00
2017.03.23 13:29:56.410,12.51248,12.51491,0.00,0.00
2017.03.23 13:29:57.176,12.51248,12.51481,0.00,0.00
2017.03.23 13:29:57.277,12.51248,12.51491,0.00,0.00
2017.03.23 13:29:57.382,12.51248,12.51481,0.00,0.00
2017.03.23 13:29:57.491,12.51248,12.51491,0.00,0.00
2017.03.23 13:29:57.592,12.51248,12.51522,0.00,0.00
2017.03.23 13:29:57.751,12.51248,12.51498,0.00,0.00
2017.03.23 13:29:58.959,12.51248,12.51492,0.00,0.00
2017.03.23 13:29:59.059,12.51248,12.51498,0.00,0.00
2017.03.23 13:29:59.159,12.51248,12.51491,0.00,0.00
2017.03.23 13:29:59.402,12.51248,12.51498,0.00,0.00
2017.03.23 13:30:00.076,12.51199,12.51422,0.00,0.00
2017.03.23 13:30:00.177,12.51148,12.51398,0.00,0.00
2017.03.23 13:30:00.469,12.51148,12.51382,0.00,0.00
2017.03.23 13:30:00.570,12.51148,12.51398,0.00,0.00
2017.03.23 13:30:01.122,12.51149,12.51398,0.00,0.00
2017.03.23 13:30:01.790,12.51148,12.51398,0.00,0.00
2017.03.23 13:30:02.047,12.51158,12.51398,0.00,0.00
2017.03.23 13:30:02.380,12.51179,12.51398,0.00,0.00
2017.03.23 13:30:02.431,12.51158,12.51398,0.00,0.00
2017.03.23 13:30:02.684,12.51178,12.51398,0.00,0.00
2017.03.23 13:30:02.785,12.51148,12.51398,0.00,0.00
2017.03.23 13:30:02.885,12.51169,12.51398,0.00,0.00
2017.03.23 13:30:02.936,12.51198,12.51451,0.00,0.00
2017.03.23 13:30:03.043,12.51249,12.51451,0.00,0.00
2017.03.23 13:30:03.093,12.51249,12.51459,0.00,0.00
2017.03.23 13:30:03.299,12.51258,12.51459,0.00,0.00
2017.03.23 13:30:03.403,12.51249,12.51459,0.00,0.00
2017.03.23 13:30:03.563,12.51249,12.51492,0.00,0.00
2017.03.23 13:30:03.714,12.51249,12.51499,0.00,0.00
2017.03.23 13:30:04.092,12.51259,12.51499,0.00,0.00
2017.03.23 13:30:04.215,12.51249,12.51499,0.00,0.00
2017.03.23 13:30:04.387,12.51249,12.51492,0.00,0.00
2017.03.23 13:30:04.488,12.51249,12.51499,0.00,0.00
2017.03.23 13:30:04.655,12.51259,12.51499,0.00,0.00
2017.03.23 13:30:04.706,12.51249,12.51499,0.00,0.00
2017.03.23 13:30:04.989,12.51258,12.51499,0.00,0.00
2017.03.23 13:30:05.289,12.51249,12.51499,0.00,0.00
2017.03.23 13:30:05.390,12.51259,12.51499,0.00,0.00
2017.03.23 13:30:05.491,12.51249,12.51499,0.00,0.00
2017.03.23 13:30:05.735,12.51299,12.51501,0.00,0.00
2017.03.23 13:30:05.955,12.51349,12.51598,0.00,0.00
2017.03.23 13:30:06.056,12.51349,12.51609,0.00,0.00
2017.03.23 13:30:06.338,12.51349,12.51591,0.00,0.00
2017.03.23 13:30:06.641,12.51349,12.51581,0.00,0.00
2017.03.23 13:30:06.744,12.51349,12.51609,0.00,0.00
2017.03.23 13:30:07.042,12.51349,12.51582,0.00,0.00
2017.03.23 13:30:07.499,12.51349,12.51609,0.00,0.00
2017.03.23 13:30:07.645,12.51349,12.51581,0.00,0.00
2017.03.23 13:30:07.697,12.51349,12.51609,0.00,0.00
2017.03.23 13:30:07.941,12.51349,12.51581,0.00,0.00
2017.03.23 13:30:08.614,12.51349,12.51609,0.00,0.00
2017.03.23 13:30:08.817,12.51358,12.51609,0.00,0.00
2017.03.23 13:30:09.119,12.51369,12.51609,0.00,0.00
2017.03.23 13:30:09.327,12.51448,12.51699,0.00,0.00
2017.03.23 13:30:09.808,12.51448,12.51672,0.00,0.00
2017.03.23 13:30:10.105,12.51448,12.51712,0.00,0.00
2017.03.23 13:30:10.172,12.51428,12.51671,0.00,0.00
2017.03.23 13:30:10.223,12.51409,12.51671,0.00,0.00
2017.03.23 13:30:10.324,12.51448,12.51672,0.00,0.00
2017.03.23 13:30:10.565,12.51348,12.51611,0.00,0.00
2017.03.23 13:30:10.615,12.51348,12.51602,0.00,0.00
2017.03.23 13:30:10.941,12.51348,12.51619,0.00,0.00
2017.03.23 13:30:11.008,12.51348,12.51612,0.00,0.00
2017.03.23 13:30:11.565,12.51348,12.51611,0.00,0.00
2017.03.23 13:30:11.724,12.51349,12.51619,0.00,0.00
2017.03.23 13:30:11.836,12.51348,12.51591,0.00,0.00
2017.03.23 13:30:11.948,12.51359,12.51619,0.00,0.00
2017.03.23 13:30:12.055,12.51348,12.51591,0.00,0.00
2017.03.23 13:30:12.155,12.51319,12.51591,0.00,0.00
2017.03.23 13:30:12.206,12.51319,12.51568,0.00,0.00
2017.03.23 13:30:12.256,12.51319,12.51591,0.00,0.00
2017.03.23 13:30:12.357,12.51319,12.51561,0.00,0.00
2017.03.23 13:30:12.413,12.51319,12.51591,0.00,0.00
2017.03.23 13:30:12.614,12.51338,12.51591,0.00,0.00
2017.03.23 13:30:12.714,12.51319,12.51591,0.00,0.00
2017.03.23 13:30:13.114,12.51319,12.51572,0.00,0.00
2017.03.23 13:30:13.241,12.51329,12.51591,0.00,0.00
2017.03.23 13:30:13.357,12.51319,12.51591,0.00,0.00
2017.03.23 13:30:13.463,12.51319,12.51572,0.00,0.00
2017.03.23 13:30:13.516,12.51319,12.51582,0.00,0.00
2017.03.23 13:30:13.639,12.51319,12.51591,0.00,0.00
2017.03.23 13:30:13.888,12.51318,12.51542,0.00,0.00
2017.03.23 13:30:13.939,12.51289,12.51528,0.00,0.00
2017.03.23 13:30:13.990,12.51289,12.51492,0.00,0.00
2017.03.23 13:30:14.041,12.51218,12.51492,0.00,0.00
2017.03.23 13:30:14.257,12.51269,12.51528,0.00,0.00
2017.03.23 13:30:14.418,12.51219,12.51491,0.00,0.00
2017.03.23 13:30:15.251,12.51248,12.51491,0.00,0.00
2017.03.23 13:30:15.321,12.51219,12.51491,0.00,0.00
2017.03.23 13:30:15.521,12.51248,12.51491,0.00,0.00
2017.03.23 13:30:15.722,12.51219,12.51491,0.00,0.00
2017.03.23 13:30:15.839,12.51259,12.51491,0.00,0.00
2017.03.23 13:30:16.262,12.51219,12.51491,0.00,0.00
2017.03.23 13:30:16.364,12.51238,12.51491,0.00,0.00
2017.03.23 13:30:16.670,12.51228,12.51491,0.00,0.00
2017.03.23 13:30:16.724,12.51268,12.51491,0.00,0.00
2017.03.23 13:30:16.952,12.51248,12.51491,0.00,0.00
2017.03.23 13:30:17.053,12.51228,12.51491,0.00,0.00
2017.03.23 13:30:17.356,12.51238,12.51491,0.00,0.00
2017.03.23 13:30:17.625,12.51318,12.51582,0.00,0.00
2017.03.23 13:30:17.726,12.51318,12.51552,0.00,0.00
2017.03.23 13:30:17.862,12.51268,12.51518,0.00,0.00
2017.03.23 13:30:17.963,12.51298,12.51491,0.00,0.00
2017.03.23 13:30:18.063,12.51248,12.51491,0.00,0.00
2017.03.23 13:30:18.227,12.51258,12.51491,0.00,0.00
2017.03.23 13:30:18.348,12.51238,12.51491,0.00,0.00
2017.03.23 13:30:18.928,12.51258,12.51491,0.00,0.00
2017.03.23 13:30:19.029,12.51239,12.51491,0.00,0.00
2017.03.23 13:30:19.079,12.51268,12.51518,0.00,0.00
2017.03.23 13:30:19.381,12.51251,12.51491,0.00,0.00
2017.03.23 13:30:19.593,12.51268,12.51518,0.00,0.00
2017.03.23 13:30:19.644,12.51291,12.51542,0.00,0.00
2017.03.23 13:30:19.745,12.51328,12.51592,0.00,0.00
2017.03.23 13:30:20.030,12.51318,12.51571,0.00,0.00
2017.03.23 13:30:20.230,12.51318,12.51591,0.00,0.00
2017.03.23 13:30:20.433,12.51338,12.51592,0.00,0.00
2017.03.23 13:30:20.534,12.51318,12.51582,0.00,0.00
2017.03.23 13:30:20.931,12.51318,12.51592,0.00,0.00
2017.03.23 13:30:21.032,12.51338,12.51592,0.00,0.00
2017.03.23 13:30:21.333,12.51329,12.51592,0.00,0.00
2017.03.23 13:30:21.499,12.51358,12.51592,0.00,0.00
2017.03.23 13:30:21.952,12.51368,12.51592,0.00,0.00
2017.03.23 13:30:22.053,12.51328,12.51592,0.00,0.00
2017.03.23 13:30:22.461,12.51358,12.51592,0.00,0.00
2017.03.23 13:30:22.850,12.51328,12.51592,0.00,0.00
2017.03.23 13:30:22.967,12.51358,12.51592,0.00,0.00
2017.03.23 13:30:23.234,12.51328,12.51592,0.00,0.00
2017.03.23 13:30:23.284,12.51338,12.51592,0.00,0.00
2017.03.23 13:30:24.168,12.51368,12.51592,0.00,0.00
2017.03.23 13:30:24.271,12.51358,12.51592,0.00,0.00
2017.03.23 13:30:24.439,12.51338,12.51592,0.00,0.00
2017.03.23 13:30:24.571,12.51358,12.51592,0.00,0.00
2017.03.23 13:30:24.750,12.51338,12.51592,0.00,0.00
2017.03.23 13:30:24.839,12.51358,12.51592,0.00,0.00
2017.03.23 13:30:24.941,12.51328,12.51592,0.00,0.00
2017.03.23 13:30:25.441,12.51339,12.51592,0.00,0.00
2017.03.23 13:30:26.042,12.51329,12.51592,0.00,0.00
2017.03.23 13:30:26.093,12.51418,12.51611,0.00,0.00
2017.03.23 13:30:26.143,12.51418,12.51618,0.00,0.00
2017.03.23 13:30:26.194,12.51371,12.51591,0.00,0.00
2017.03.23 13:30:27.017,12.51319,12.51591,0.00,0.00
2017.03.23 13:30:27.068,12.51329,12.51591,0.00,0.00
2017.03.23 13:30:27.259,12.51319,12.51591,0.00,0.00
2017.03.23 13:30:27.373,12.51328,12.51591,0.00,0.00
2017.03.23 13:30:27.481,12.51319,12.51591,0.00,0.00
2017.03.23 13:30:27.589,12.51349,12.51591,0.00,0.00
2017.03.23 13:30:27.647,12.51338,12.51591,0.00,0.00
2017.03.23 13:30:28.148,12.51348,12.51591,0.00,0.00
2017.03.23 13:30:28.251,12.51338,12.51591,0.00,0.00
2017.03.23 13:30:28.348,12.51348,12.51591,0.00,0.00
2017.03.23 13:30:29.250,12.51328,12.51591,0.00,0.00
2017.03.23 13:30:29.366,12.51319,12.51591,0.00,0.00
2017.03.23 13:30:29.651,12.51338,12.51591,0.00,0.00
2017.03.23 13:30:29.952,12.51349,12.51591,0.00,0.00
2017.03.23 13:30:30.271,12.51392,12.51612,0.00,0.00
2017.03.23 13:30:30.484,12.51419,12.51692,0.00,0.00
2017.03.23 13:30:30.585,12.51438,12.51692,0.00,0.00
2017.03.23 13:30:30.767,12.51418,12.51692,0.00,0.00
2017.03.23 13:30:30.854,12.51418,12.51681,0.00,0.00
2017.03.23 13:30:31.155,12.51418,12.51691,0.00,0.00
2017.03.23 13:30:31.505,12.51428,12.51692,0.00,0.00
2017.03.23 13:30:31.657,12.51418,12.51692,0.00,0.00
2017.03.23 13:30:31.765,12.51429,12.51692,0.00,0.00
2017.03.23 13:30:32.097,12.51468,12.51718,0.00,0.00
2017.03.23 13:30:32.147,12.51481,12.51732,0.00,0.00
2017.03.23 13:30:32.198,12.51459,12.51691,0.00,0.00
2017.03.23 13:30:32.445,12.51518,12.51771,0.00,0.00
2017.03.23 13:30:32.627,12.51538,12.51792,0.00,0.00
2017.03.23 13:30:32.678,12.51518,12.51772,0.00,0.00
2017.03.23 13:30:33.062,12.51559,12.51792,0.00,0.00
2017.03.23 13:30:33.275,12.51628,12.51891,0.00,0.00
2017.03.23 13:30:33.390,12.51638,12.51891,0.00,0.00
2017.03.23 13:30:33.595,12.51628,12.51891,0.00,0.00
2017.03.23 13:30:33.664,12.51638,12.51891,0.00,0.00
2017.03.23 13:30:34.065,12.51619,12.51891,0.00,0.00
2017.03.23 13:30:34.165,12.51649,12.51891,0.00,0.00
2017.03.23 13:30:34.277,12.51638,12.51891,0.00,0.00
2017.03.23 13:30:34.328,12.51668,12.51919,0.00,0.00
2017.03.23 13:30:34.479,12.51619,12.51892,0.00,0.00
2017.03.23 13:30:34.767,12.51618,12.51871,0.00,0.00
2017.03.23 13:30:35.068,12.51658,12.51892,0.00,0.00
2017.03.23 13:30:35.173,12.51629,12.51892,0.00,0.00
2017.03.23 13:30:35.268,12.51638,12.51892,0.00,0.00
2017.03.23 13:30:35.468,12.51618,12.51891,0.00,0.00
2017.03.23 13:30:35.833,12.51618,12.51881,0.00,0.00
2017.03.23 13:30:36.169,12.51618,12.51892,0.00,0.00
2017.03.23 13:30:36.462,12.51668,12.51892,0.00,0.00
2017.03.23 13:30:36.571,12.51668,12.51912,0.00,0.00
2017.03.23 13:30:36.622,12.51628,12.51892,0.00,0.00
2017.03.23 13:30:36.672,12.51668,12.51892,0.00,0.00
2017.03.23 13:30:36.780,12.51629,12.51892,0.00,0.00
2017.03.23 13:30:37.092,12.51648,12.51892,0.00,0.00
2017.03.23 13:30:37.489,12.51618,12.51892,0.00,0.00
2017.03.23 13:30:37.599,12.51658,12.51892,0.00,0.00
2017.03.23 13:30:37.700,12.51648,12.51892,0.00,0.00
2017.03.23 13:30:37.893,12.51618,12.51892,0.00,0.00
2017.03.23 13:30:38.000,12.51668,12.51892,0.00,0.00
2017.03.23 13:30:38.101,12.51668,12.51908,0.00,0.00
2017.03.23 13:30:38.202,12.51648,12.51891,0.00,0.00
2017.03.23 13:30:38.252,12.51681,12.51891,0.00,0.00
2017.03.23 13:30:38.361,12.51719,12.51932,0.00,0.00
2017.03.23 13:30:38.412,12.51729,12.51991,0.00,0.00
2017.03.23 13:30:38.691,12.51748,12.51991,0.00,0.00
2017.03.23 13:30:38.792,12.51719,12.51991,0.00,0.00
2017.03.23 13:30:38.977,12.51748,12.51991,0.00,0.00
2017.03.23 13:30:39.078,12.51698,12.51942,0.00,0.00
2017.03.23 13:30:39.178,12.51718,12.51971,0.00,0.00
2017.03.23 13:30:39.292,12.51718,12.51942,0.00,0.00
2017.03.23 13:30:39.509,12.51718,12.51992,0.00,0.00
2017.03.23 13:30:39.562,12.51718,12.51942,0.00,0.00
2017.03.23 13:30:39.613,12.51708,12.51942,0.00,0.00
2017.03.23 13:30:39.714,12.51718,12.51942,0.00,0.00
2017.03.23 13:30:39.827,12.51668,12.51908,0.00,0.00
2017.03.23 13:30:39.929,12.51658,12.51892,0.00,0.00
2017.03.23 13:30:39.980,12.51629,12.51892,0.00,0.00
2017.03.23 13:30:40.081,12.51598,12.51792,0.00,0.00
2017.03.23 13:30:40.181,12.51618,12.51891,0.00,0.00
2017.03.23 13:30:40.285,12.51639,12.51892,0.00,0.00
2017.03.23 13:30:40.588,12.51619,12.51892,0.00,0.00
2017.03.23 13:30:40.705,12.51681,12.51931,0.00,0.00
2017.03.23 13:30:40.805,12.51671,12.51922,0.00,0.00
2017.03.23 13:30:40.906,12.51708,12.51941,0.00,0.00
2017.03.23 13:30:41.218,12.51671,12.51892,0.00,0.00
2017.03.23 13:30:41.681,12.51619,12.51892,0.00,0.00
2017.03.23 13:30:41.785,12.51629,12.51892,0.00,0.00
2017.03.23 13:30:41.907,12.51618,12.51891,0.00,0.00
2017.03.23 13:30:42.012,12.51658,12.51892,0.00,0.00
2017.03.23 13:30:42.222,12.51649,12.51892,0.00,0.00
2017.03.23 13:30:42.330,12.51658,12.51892,0.00,0.00
2017.03.23 13:30:42.431,12.51628,12.51892,0.00,0.00
2017.03.23 13:30:42.484,12.51618,12.51892,0.00,0.00
2017.03.23 13:30:42.929,12.51648,12.51892,0.00,0.00
2017.03.23 13:30:42.985,12.51628,12.51892,0.00,0.00
2017.03.23 13:30:43.086,12.51619,12.51892,0.00,0.00
2017.03.23 13:30:43.449,12.51648,12.51892,0.00,0.00
2017.03.23 13:30:43.887,12.51668,12.51892,0.00,0.00
2017.03.23 13:30:44.036,12.51628,12.51892,0.00,0.00
2017.03.23 13:30:44.087,12.51618,12.51892,0.00,0.00
2017.03.23 13:30:44.408,12.51668,12.51892,0.00,0.00
2017.03.23 13:30:44.515,12.51629,12.51892,0.00,0.00
2017.03.23 13:30:44.888,12.51618,12.51892,0.00,0.00
2017.03.23 13:30:44.999,12.51669,12.51908,0.00,0.00
2017.03.23 13:30:45.327,12.51618,12.51892,0.00,0.00
2017.03.23 13:30:45.721,12.51658,12.51892,0.00,0.00
2017.03.23 13:30:45.835,12.51649,12.51892,0.00,0.00
2017.03.23 13:30:46.006,12.51649,12.51841,0.00,0.00
2017.03.23 13:30:46.107,12.51629,12.51841,0.00,0.00
2017.03.23 13:30:46.208,12.51568,12.51831,0.00,0.00
2017.03.23 13:30:46.258,12.51619,12.51831,0.00,0.00
2017.03.23 13:30:46.309,12.51619,12.51859,0.00,0.00
2017.03.23 13:30:46.410,12.51578,12.51842,0.00,0.00
2017.03.23 13:30:46.610,12.51619,12.51832,0.00,0.00
2017.03.23 13:30:46.711,12.51569,12.51841,0.00,0.00
2017.03.23 13:30:46.812,12.51618,12.51841,0.00,0.00
2017.03.23 13:30:46.892,12.51588,12.51841,0.00,0.00
2017.03.23 13:30:47.081,12.51588,12.51792,0.00,0.00
2017.03.23 13:30:47.132,12.51568,12.51842,0.00,0.00
2017.03.23 13:30:47.183,12.51568,12.51819,0.00,0.00
2017.03.23 13:30:47.752,12.51559,12.51792,0.00,0.00
2017.03.23 13:30:48.342,12.51568,12.51818,0.00,0.00
2017.03.23 13:30:48.393,12.51581,12.51841,0.00,0.00
2017.03.23 13:30:48.443,12.51619,12.51872,0.00,0.00
2017.03.23 13:30:48.702,12.51619,12.51891,0.00,0.00
2017.03.23 13:30:48.927,12.51648,12.51891,0.00,0.00
2017.03.23 13:30:49.197,12.51619,12.51891,0.00,0.00
2017.03.23 13:30:49.249,12.51609,12.51842,0.00,0.00
2017.03.23 13:30:49.299,12.51599,12.51842,0.00,0.00
2017.03.23 13:30:49.400,12.51568,12.51841,0.00,0.00
2017.03.23 13:30:50.026,12.51579,12.51842,0.00,0.00
2017.03.23 13:30:50.351,12.51538,12.51791,0.00,0.00
2017.03.23 13:30:50.430,12.51519,12.51791,0.00,0.00
2017.03.23 13:30:51.012,12.51548,12.51791,0.00,0.00
2017.03.23 13:30:51.101,12.51528,12.51791,0.00,0.00
2017.03.23 13:30:51.728,12.51558,12.51791,0.00,0.00
2017.03.23 13:30:52.114,12.51529,12.51791,0.00,0.00
2017.03.23 13:30:52.252,12.51558,12.51791,0.00,0.00
2017.03.23 13:30:52.603,12.51578,12.51791,0.00,0.00
2017.03.23 13:30:52.718,12.51528,12.51791,0.00,0.00
2017.03.23 13:30:52.925,12.51569,12.51791,0.00,0.00
2017.03.23 13:30:53.046,12.51519,12.51791,0.00,0.00
2017.03.23 13:30:53.104,12.51548,12.51791,0.00,0.00
2017.03.23 13:30:53.537,12.51568,12.51791,0.00,0.00
2017.03.23 13:30:53.605,12.51538,12.51791,0.00,0.00
2017.03.23 13:30:53.706,12.51568,12.51791,0.00,0.00
2017.03.23 13:30:53.948,12.51549,12.51791,0.00,0.00
2017.03.23 13:30:54.507,12.51568,12.51791,0.00,0.00
2017.03.23 13:30:54.628,12.51548,12.51791,0.00,0.00
2017.03.23 13:30:54.729,12.51538,12.51791,0.00,0.00
2017.03.23 13:30:54.983,12.51519,12.51791,0.00,0.00
2017.03.23 13:30:55.084,12.51518,12.51728,0.00,0.00
2017.03.23 13:30:55.135,12.51479,12.51728,0.00,0.00
2017.03.23 13:30:55.185,12.51479,12.51692,0.00,0.00
2017.03.23 13:30:55.236,12.51469,12.51692,0.00,0.00
2017.03.23 13:30:55.356,12.51452,12.51692,0.00,0.00
2017.03.23 13:30:55.509,12.51469,12.51692,0.00,0.00
2017.03.23 13:30:55.619,12.51452,12.51692,0.00,0.00
2017.03.23 13:30:55.719,12.51478,12.51692,0.00,0.00
2017.03.23 13:30:55.927,12.51458,12.51692,0.00,0.00
2017.03.23 13:30:56.025,12.51479,12.51692,0.00,0.00
2017.03.23 13:30:56.148,12.51452,12.51692,0.00,0.00
2017.03.23 13:30:56.211,12.51478,12.51692,0.00,0.00
2017.03.23 13:30:56.322,12.51452,12.51692,0.00,0.00
2017.03.23 13:30:56.373,12.51448,12.51692,0.00,0.00
2017.03.23 13:30:56.659,12.51428,12.51692,0.00,0.00
2017.03.23 13:30:56.812,12.51468,12.51692,0.00,0.00
2017.03.23 13:30:56.912,12.51458,12.51692,0.00,0.00
2017.03.23 13:30:57.033,12.51428,12.51692,0.00,0.00
2017.03.23 13:30:57.142,12.51419,12.51692,0.00,0.00
2017.03.23 13:30:57.244,12.51418,12.51671,0.00,0.00
2017.03.23 13:30:57.552,12.51458,12.51692,0.00,0.00
2017.03.23 13:30:57.663,12.51438,12.51692,0.00,0.00
2017.03.23 13:30:57.714,12.51429,12.51692,0.00,0.00
2017.03.23 13:30:57.819,12.51438,12.51692,0.00,0.00
2017.03.23 13:30:58.430,12.51438,12.51642,0.00,0.00
2017.03.23 13:30:58.531,12.51419,12.51691,0.00,0.00
2017.03.23 13:30:58.863,12.51448,12.51691,0.00,0.00
2017.03.23 13:30:58.917,12.51419,12.51691,0.00,0.00
2017.03.23 13:30:59.143,12.51419,12.51642,0.00,0.00
2017.03.23 13:30:59.244,12.51388,12.51628,0.00,0.00
2017.03.23 13:30:59.294,12.51388,12.51592,0.00,0.00
2017.03.23 13:30:59.345,12.51369,12.51592,0.00,0.00
2017.03.23 13:30:59.452,12.51351,12.51592,0.00,0.00
2017.03.23 13:30:59.647,12.51349,12.51592,0.00,0.00
2017.03.23 13:30:59.895,12.51368,12.51631,0.00,0.00
2017.03.23 13:30:59.946,12.51401,12.51642,0.00,0.00
2017.03.23 13:31:00.053,12.51449,12.51691,0.00,0.00
2017.03.23 13:31:00.103,12.51449,12.51629,0.00,0.00
2017.03.23 13:31:00.264,12.51338,12.51592,0.00,0.00
2017.03.23 13:31:00.720,12.51358,12.51592,0.00,0.00
2017.03.23 13:31:00.822,12.51328,12.51592,0.00,0.00
2017.03.23 13:31:01.321,12.51349,12.51592,0.00,0.00
2017.03.23 13:31:01.432,12.51338,12.51592,0.00,0.00
2017.03.23 13:31:01.646,12.51318,12.51592,0.00,0.00
2017.03.23 13:31:02.163,12.51368,12.51592,0.00,0.00
2017.03.23 13:31:02.626,12.51338,12.51592,0.00,0.00
2017.03.23 13:31:02.825,12.51368,12.51592,0.00,0.00
2017.03.23 13:31:03.287,12.51338,12.51592,0.00,0.00
2017.03.23 13:31:03.338,12.51348,12.51592,0.00,0.00
2017.03.23 13:31:03.439,12.51392,12.51641,0.00,0.00
2017.03.23 13:31:03.540,12.51438,12.51691,0.00,0.00
2017.03.23 13:31:03.654,12.51458,12.51691,0.00,0.00
2017.03.23 13:31:03.928,12.51448,12.51691,0.00,0.00
2017.03.23 13:31:04.043,12.51458,12.51691,0.00,0.00
2017.03.23 13:31:04.624,12.51438,12.51691,0.00,0.00
2017.03.23 13:31:04.674,12.51459,12.51691,0.00,0.00
2017.03.23 13:31:04.849,12.51448,12.51691,0.00,0.00
2017.03.23 13:31:05.051,12.51458,12.51691,0.00,0.00
2017.03.23 13:31:05.530,12.51428,12.51691,0.00,0.00
2017.03.23 13:31:05.635,12.51419,12.51691,0.00,0.00
2017.03.23 13:31:05.856,12.51448,12.51691,0.00,0.00
2017.03.23 13:31:06.171,12.51468,12.51691,0.00,0.00
2017.03.23 13:31:06.281,12.51439,12.51691,0.00,0.00
2017.03.23 13:31:06.332,12.51469,12.51691,0.00,0.00
2017.03.23 13:31:06.462,12.51429,12.51691,0.00,0.00
2017.03.23 13:31:06.532,12.51438,12.51691,0.00,0.00
2017.03.23 13:31:06.644,12.51428,12.51691,0.00,0.00
2017.03.23 13:31:06.745,12.51458,12.51691,0.00,0.00
2017.03.23 13:31:07.043,12.51448,12.51691,0.00,0.00
2017.03.23 13:31:07.168,12.51468,12.51691,0.00,0.00
2017.03.23 13:31:07.678,12.51491,12.51742,0.00,0.00
2017.03.23 13:31:07.835,12.51518,12.51732,0.00,0.00
2017.03.23 13:31:07.892,12.51538,12.51792,0.00,0.00
2017.03.23 13:31:08.067,12.51518,12.51791,0.00,0.00
2017.03.23 13:31:08.185,12.51538,12.51792,0.00,0.00
2017.03.23 13:31:08.464,12.51518,12.51792,0.00,0.00
2017.03.23 13:31:08.539,12.51529,12.51792,0.00,0.00
2017.03.23 13:31:08.910,12.51538,12.51792,0.00,0.00
2017.03.23 13:31:09.064,12.51518,12.51792,0.00,0.00
2017.03.23 13:31:09.250,12.51528,12.51792,0.00,0.00
2017.03.23 13:31:09.355,12.51518,12.51792,0.00,0.00
2017.03.23 13:31:09.490,12.51529,12.51792,0.00,0.00
2017.03.23 13:31:09.543,12.51518,12.51791,0.00,0.00
2017.03.23 13:31:09.743,12.51538,12.51792,0.00,0.00
2017.03.23 13:31:10.345,12.51528,12.51792,0.00,0.00
2017.03.23 13:31:10.444,12.51538,12.51792,0.00,0.00
2017.03.23 13:31:10.745,12.51519,12.51792,0.00,0.00
2017.03.23 13:31:10.995,12.51539,12.51792,0.00,0.00
2017.03.23 13:31:11.178,12.51518,12.51791,0.00,0.00
2017.03.23 13:31:11.247,12.51538,12.51792,0.00,0.00
2017.03.23 13:31:11.448,12.51519,12.51792,0.00,0.00
2017.03.23 13:31:11.578,12.51619,12.51822,0.00,0.00
2017.03.23 13:31:11.679,12.51619,12.51832,0.00,0.00
2017.03.23 13:31:11.797,12.51619,12.51872,0.00,0.00
2017.03.23 13:31:11.848,12.51639,12.51891,0.00,0.00
2017.03.23 13:31:12.452,12.51619,12.51891,0.00,0.00
2017.03.23 13:31:12.550,12.51619,12.51882,0.00,0.00
2017.03.23 13:31:12.916,12.51629,12.51891,0.00,0.00
2017.03.23 13:31:13.424,12.51619,12.51872,0.00,0.00
2017.03.23 13:31:13.655,12.51638,12.51892,0.00,0.00
2017.03.23 13:31:13.988,12.51618,12.51881,0.00,0.00
2017.03.23 13:31:14.053,12.51618,12.51892,0.00,0.00
2017.03.23 13:31:14.194,12.51618,12.51882,0.00,0.00
2017.03.23 13:31:14.755,12.51618,12.51891,0.00,0.00
2017.03.23 13:31:14.860,12.51618,12.51882,0.00,0.00
2017.03.23 13:31:15.185,12.51719,12.51962,0.00,0.00
2017.03.23 13:31:15.253,12.51691,12.51942,0.00,0.00
2017.03.23 13:31:15.303,12.51699,12.51942,0.00,0.00
2017.03.23 13:31:15.422,12.51678,12.51942,0.00,0.00
2017.03.23 13:31:15.472,12.51668,12.51911,0.00,0.00
2017.03.23 13:31:15.523,12.51629,12.51892,0.00,0.00
2017.03.23 13:31:15.624,12.51618,12.51892,0.00,0.00
2017.03.23 13:31:15.869,12.51638,12.51892,0.00,0.00
2017.03.23 13:31:16.058,12.51618,12.51882,0.00,0.00
2017.03.23 13:31:16.164,12.51619,12.51892,0.00,0.00
2017.03.23 13:31:16.280,12.51618,12.51871,0.00,0.00
2017.03.23 13:31:16.632,12.51618,12.51841,0.00,0.00
2017.03.23 13:31:16.683,12.51618,12.51871,0.00,0.00
2017.03.23 13:31:16.784,12.51629,12.51892,0.00,0.00
2017.03.23 13:31:17.001,12.51639,12.51892,0.00,0.00
2017.03.23 13:31:17.179,12.51619,12.51892,0.00,0.00
2017.03.23 13:31:17.287,12.51638,12.51892,0.00,0.00
2017.03.23 13:31:17.390,12.51618,12.51882,0.00,0.00
2017.03.23 13:31:17.504,12.51618,12.51891,0.00,0.00
2017.03.23 13:31:17.562,12.51638,12.51892,0.00,0.00
2017.03.23 13:31:17.776,12.51628,12.51892,0.00,0.00
2017.03.23 13:31:17.887,12.51618,12.51872,0.00,0.00
2017.03.23 13:31:18.064,12.51629,12.51892,0.00,0.00
2017.03.23 13:31:18.681,12.51618,12.51892,0.00,0.00
2017.03.23 13:31:18.792,12.51638,12.51892,0.00,0.00
2017.03.23 13:31:18.906,12.51618,12.51892,0.00,0.00
2017.03.23 13:31:19.201,12.51618,12.51882,0.00,0.00
2017.03.23 13:31:19.523,12.51639,12.51892,0.00,0.00
2017.03.23 13:31:19.769,12.51619,12.51892,0.00,0.00
2017.03.23 13:31:19.880,12.51648,12.51892,0.00,0.00
2017.03.23 13:31:20.072,12.51638,12.51892,0.00,0.00
2017.03.23 13:31:20.279,12.51618,12.51891,0.00,0.00
2017.03.23 13:31:20.471,12.51628,12.51892,0.00,0.00
2017.03.23 13:31:20.768,12.51619,12.51892,0.00,0.00
2017.03.23 13:31:20.819,12.51638,12.51892,0.00,0.00
2017.03.23 13:31:20.920,12.51618,12.51891,0.00,0.00
2017.03.23 13:31:21.188,12.51628,12.51892,0.00,0.00
2017.03.23 13:31:21.493,12.51658,12.51892,0.00,0.00
2017.03.23 13:31:21.701,12.51628,12.51892,0.00,0.00
2017.03.23 13:31:21.802,12.51619,12.51892,0.00,0.00
2017.03.23 13:31:22.024,12.51638,12.51892,0.00,0.00
2017.03.23 13:31:22.076,12.51618,12.51892,0.00,0.00
2017.03.23 13:31:22.277,12.51648,12.51892,0.00,0.00
2017.03.23 13:31:22.528,12.51639,12.51892,0.00,0.00
2017.03.23 13:31:22.665,12.51619,12.51892,0.00,0.00
2017.03.23 13:31:22.916,12.51618,12.51882,0.00,0.00
2017.03.23 13:31:23.286,12.51628,12.51882,0.00,0.00
2017.03.23 13:31:23.756,12.51628,12.51892,0.00,0.00
2017.03.23 13:31:23.986,12.51629,12.51902,0.00,0.00
2017.03.23 13:31:24.120,12.51638,12.51902,0.00,0.00
2017.03.23 13:31:24.183,12.51628,12.51902,0.00,0.00
2017.03.23 13:31:24.593,12.51628,12.51882,0.00,0.00
2017.03.23 13:31:24.939,12.51628,12.51862,0.00,0.00
2017.03.23 13:31:24.989,12.51628,12.51892,0.00,0.00
2017.03.23 13:31:25.136,12.51628,12.51901,0.00,0.00
2017.03.23 13:31:25.624,12.51628,12.51881,0.00,0.00
2017.03.23 13:31:25.810,12.51589,12.51851,0.00,0.00
2017.03.23 13:31:25.860,12.51589,12.51809,0.00,0.00
2017.03.23 13:31:26.011,12.51529,12.51801,0.00,0.00
2017.03.23 13:31:26.193,12.51569,12.51801,0.00,0.00
2017.03.23 13:31:26.294,12.51558,12.51801,0.00,0.00
2017.03.23 13:31:26.400,12.51529,12.51801,0.00,0.00
2017.03.23 13:31:26.502,12.51569,12.51801,0.00,0.00
2017.03.23 13:31:26.792,12.51559,12.51801,0.00,0.00
2017.03.23 13:31:27.630,12.51529,12.51801,0.00,0.00
2017.03.23 13:31:27.695,12.51529,12.51791,0.00,0.00
2017.03.23 13:31:27.832,12.51529,12.51801,0.00,0.00
2017.03.23 13:31:27.933,12.51538,12.51801,0.00,0.00
2017.03.23 13:31:27.995,12.51529,12.51801,0.00,0.00
2017.03.23 13:31:28.100,12.51628,12.51842,0.00,0.00
2017.03.23 13:31:28.201,12.51628,12.51852,0.00,0.00
2017.03.23 13:31:28.302,12.51659,12.51902,0.00,0.00
2017.03.23 13:31:28.522,12.51628,12.51891,0.00,0.00
2017.03.23 13:31:28.699,12.51639,12.51902,0.00,0.00
2017.03.23 13:31:29.019,12.51628,12.51891,0.00,0.00
2017.03.23 13:31:29.346,12.51618,12.51861,0.00,0.00
2017.03.23 13:31:29.605,12.51518,12.51762,0.00,0.00
2017.03.23 13:31:29.817,12.51539,12.51762,0.00,0.00
2017.03.23 13:31:30.150,12.51558,12.51762,0.00,0.00
2017.03.23 13:31:30.250,12.51538,12.51762,0.00,0.00
2017.03.23 13:31:30.305,12.51548,12.51762,0.00,0.00
2017.03.23 13:31:30.428,12.51518,12.51762,0.00,0.00
2017.03.23 13:31:30.505,12.51549,12.51762,0.00,0.00
2017.03.23 13:31:30.606,12.51539,12.51762,0.00,0.00
2017.03.23 13:31:31.041,12.51548,12.51762,0.00,0.00
2017.03.23 13:31:31.232,12.51538,12.51762,0.00,0.00
2017.03.23 13:31:31.438,12.51519,12.51762,0.00,0.00
2017.03.23 13:31:31.489,12.51519,12.51712,0.00,0.00
2017.03.23 13:31:31.539,12.51509,12.51712,0.00,0.00
2017.03.23 13:31:31.590,12.51509,12.51762,0.00,0.00
2017.03.23 13:31:31.848,12.51538,12.51762,0.00,0.00
2017.03.23 13:31:31.908,12.51508,12.51762,0.00,0.00
2017.03.23 13:31:32.021,12.51538,12.51762,0.00,0.00
2017.03.23 13:31:32.151,12.51508,12.51762,0.00,0.00
2017.03.23 13:31:32.252,12.51538,12.51762,0.00,0.00
2017.03.23 13:31:32.552,12.51528,12.51762,0.00,0.00
2017.03.23 13:31:32.710,12.51538,12.51762,0.00,0.00
2017.03.23 13:31:33.021,12.51508,12.51762,0.00,0.00
2017.03.23 13:31:33.232,12.51549,12.51762,0.00,0.00
2017.03.23 13:31:33.432,12.51538,12.51762,0.00,0.00
2017.03.23 13:31:33.712,12.51519,12.51762,0.00,0.00
2017.03.23 13:31:33.938,12.51549,12.51762,0.00,0.00
2017.03.23 13:31:34.232,12.51539,12.51762,0.00,0.00
2017.03.23 13:31:34.341,12.51518,12.51762,0.00,0.00
2017.03.23 13:31:34.749,12.51529,12.51762,0.00,0.00
2017.03.23 13:31:35.252,12.51581,12.51801,0.00,0.00
2017.03.23 13:31:35.453,12.51591,12.51831,0.00,0.00
2017.03.23 13:31:35.554,12.51638,12.51852,0.00,0.00
2017.03.23 13:31:36.122,12.51598,12.51852,0.00,0.00
2017.03.23 13:31:36.417,12.51629,12.51852,0.00,0.00
2017.03.23 13:31:36.747,12.51638,12.51852,0.00,0.00
2017.03.23 13:31:36.918,12.51608,12.51852,0.00,0.00
2017.03.23 13:31:37.141,12.51619,12.51852,0.00,0.00
2017.03.23 13:31:37.242,12.51609,12.51852,0.00,0.00
2017.03.23 13:31:38.184,12.51692,12.51891,0.00,0.00
2017.03.23 13:31:38.234,12.51692,12.51901,0.00,0.00
2017.03.23 13:31:38.354,12.51692,12.51891,0.00,0.00
2017.03.23 13:31:38.465,12.51729,12.51962,0.00,0.00
2017.03.23 13:31:38.751,12.51708,12.51962,0.00,0.00
2017.03.23 13:31:38.852,12.51728,12.51962,0.00,0.00
2017.03.23 13:31:39.228,12.51728,12.51919,0.00,0.00
2017.03.23 13:31:39.278,12.51689,12.51901,0.00,0.00
2017.03.23 13:31:39.329,12.51669,12.51901,0.00,0.00
2017.03.23 13:31:39.430,12.51608,12.51892,0.00,0.00
2017.03.23 13:31:39.480,12.51608,12.51852,0.00,0.00
2017.03.23 13:31:39.773,12.51699,12.51951,0.00,0.00
2017.03.23 13:31:39.824,12.51719,12.51951,0.00,0.00
2017.03.23 13:31:40.133,12.51678,12.51851,0.00,0.00
2017.03.23 13:31:40.258,12.51599,12.51851,0.00,0.00
2017.03.23 13:31:40.454,12.51629,12.51851,0.00,0.00
2017.03.23 13:31:40.738,12.51598,12.51851,0.00,0.00
2017.03.23 13:31:40.936,12.51611,12.51851,0.00,0.00
2017.03.23 13:31:41.245,12.51618,12.51851,0.00,0.00
2017.03.23 13:31:41.561,12.51638,12.51851,0.00,0.00
2017.03.23 13:31:41.662,12.51611,12.51851,0.00,0.00
2017.03.23 13:31:41.772,12.51639,12.51851,0.00,0.00
2017.03.23 13:31:41.828,12.51611,12.51851,0.00,0.00
2017.03.23 13:31:41.945,12.51591,12.51851,0.00,0.00
2017.03.23 13:31:42.129,12.51618,12.51851,0.00,0.00
2017.03.23 13:31:42.567,12.51608,12.51851,0.00,0.00
2017.03.23 13:31:42.834,12.51618,12.51851,0.00,0.00
2017.03.23 13:31:43.731,12.51639,12.51851,0.00,0.00
2017.03.23 13:31:43.893,12.51628,12.51851,0.00,0.00
2017.03.23 13:31:44.188,12.51628,12.51862,0.00,0.00
2017.03.23 13:31:44.289,12.51599,12.51862,0.00,0.00
2017.03.23 13:31:44.339,12.51628,12.51862,0.00,0.00
2017.03.23 13:31:44.646,12.51691,12.51962,0.00,0.00
2017.03.23 13:31:44.759,12.51691,12.51942,0.00,0.00
2017.03.23 13:31:44.868,12.51709,12.51962,0.00,0.00
2017.03.23 13:31:45.056,12.51691,12.51961,0.00,0.00
2017.03.23 13:31:45.162,12.51708,12.51962,0.00,0.00
2017.03.23 13:31:45.535,12.51719,12.51962,0.00,0.00
2017.03.23 13:31:45.585,12.51699,12.51962,0.00,0.00
2017.03.23 13:31:45.636,12.51691,12.51962,0.00,0.00
2017.03.23 13:31:45.772,12.51699,12.51962,0.00,0.00
2017.03.23 13:31:46.263,12.51718,12.51962,0.00,0.00
2017.03.23 13:31:47.274,12.51691,12.51962,0.00,0.00
2017.03.23 13:31:47.338,12.51708,12.51962,0.00,0.00
2017.03.23 13:31:47.567,12.51691,12.51962,0.00,0.00
2017.03.23 13:31:47.739,12.51719,12.51962,0.00,0.00
2017.03.23 13:31:48.264,12.51691,12.51962,0.00,0.00
2017.03.23 13:31:48.374,12.51719,12.51962,0.00,0.00
2017.03.23 13:31:48.441,12.51691,12.51962,0.00,0.00
2017.03.23 13:31:48.665,12.51792,12.51971,0.00,0.00
2017.03.23 13:31:48.766,12.51792,12.52011,0.00,0.00
2017.03.23 13:31:48.842,12.51798,12.52052,0.00,0.00
2017.03.23 13:31:48.958,12.51808,12.52052,0.00,0.00
2017.03.23 13:31:49.059,12.51792,12.52052,0.00,0.00
2017.03.23 13:31:49.142,12.51809,12.52052,0.00,0.00
2017.03.23 13:31:49.344,12.51702,12.51952,0.00,0.00
2017.03.23 13:31:49.394,12.51792,12.51952,0.00,0.00
2017.03.23 13:31:49.445,12.51792,12.52052,0.00,0.00
2017.03.23 13:31:49.552,12.51819,12.52052,0.00,0.00
2017.03.23 13:31:50.045,12.51808,12.52052,0.00,0.00
2017.03.23 13:31:50.286,12.51891,12.52101,0.00,0.00
2017.03.23 13:31:50.491,12.51891,12.52112,0.00,0.00
2017.03.23 13:31:50.546,12.51899,12.52152,0.00,0.00
2017.03.23 13:31:50.648,12.51891,12.52152,0.00,0.00
2017.03.23 13:31:50.757,12.51892,12.52101,0.00,0.00
2017.03.23 13:31:50.873,12.51892,12.52111,0.00,0.00
2017.03.23 13:31:51.027,12.51871,12.52101,0.00,0.00
2017.03.23 13:31:51.245,12.51871,12.52052,0.00,0.00
2017.03.23 13:31:51.301,12.51801,12.52052,0.00,0.00
2017.03.23 13:31:51.352,12.51891,12.52102,0.00,0.00
2017.03.23 13:31:51.459,12.51891,12.52111,0.00,0.00
2017.03.23 13:31:51.576,12.51898,12.52052,0.00,0.00
2017.03.23 13:31:51.677,12.51888,12.52052,0.00,0.00
2017.03.23 13:31:51.728,12.51888,12.52102,0.00,0.00
2017.03.23 13:31:51.778,12.51892,12.52071,0.00,0.00
2017.03.23 13:31:51.879,12.51892,12.52102,0.00,0.00
2017.03.23 13:31:51.982,12.51892,12.52152,0.00,0.00
2017.03.23 13:31:52.089,12.51898,12.52152,0.00,0.00
2017.03.23 13:31:52.350,12.51892,12.52152,0.00,0.00
2017.03.23 13:31:52.595,12.51908,12.52152,0.00,0.00
2017.03.23 13:31:52.696,12.51892,12.52151,0.00,0.00
2017.03.23 13:31:52.841,12.51901,12.52151,0.00,0.00
2017.03.23 13:31:53.149,12.51898,12.52101,0.00,0.00
2017.03.23 13:31:53.199,12.51871,12.52082,0.00,0.00
2017.03.23 13:31:53.250,12.51851,12.52082,0.00,0.00
2017.03.23 13:31:53.301,12.51851,12.52101,0.00,0.00
2017.03.23 13:31:53.485,12.51902,12.52101,0.00,0.00
2017.03.23 13:31:53.586,12.51902,12.52122,0.00,0.00
2017.03.23 13:31:53.686,12.51902,12.52152,0.00,0.00
2017.03.23 13:31:54.015,12.51918,12.52142,0.00,0.00
2017.03.23 13:31:54.066,12.51908,12.52142,0.00,0.00
2017.03.23 13:31:54.479,12.51902,12.52142,0.00,0.00
2017.03.23 13:31:54.581,12.51909,12.52142,0.00,0.00
2017.03.23 13:31:54.656,12.51902,12.52142,0.00,0.00
2017.03.23 13:31:55.056,12.51908,12.52142,0.00,0.00
2017.03.23 13:31:55.256,12.51902,12.52142,0.00,0.00
2017.03.23 13:31:55.379,12.51908,12.52142,0.00,0.00
2017.03.23 13:31:55.671,12.51902,12.52142,0.00,0.00
2017.03.23 13:31:55.721,12.52002,12.52181,0.00,0.00
2017.03.23 13:31:55.772,12.52002,12.52191,0.00,0.00
2017.03.23 13:31:55.872,12.51951,12.52202,0.00,0.00
2017.03.23 13:31:55.923,12.52002,12.52202,0.00,0.00
2017.03.23 13:31:55.973,12.52001,12.52242,0.00,0.00
2017.03.23 13:31:56.074,12.52001,12.52221,0.00,0.00
2017.03.23 13:31:56.184,12.52001,12.52241,0.00,0.00
2017.03.23 13:31:56.234,12.51959,12.52192,0.00,0.00
2017.03.23 13:31:56.460,12.51951,12.52191,0.00,0.00
2017.03.23 13:31:56.727,12.51951,12.52212,0.00,0.00
2017.03.23 13:31:56.883,12.52001,12.52242,0.00,0.00
2017.03.23 13:31:57.214,12.52001,12.52191,0.00,0.00
2017.03.23 13:31:57.265,12.52001,12.52231,0.00,0.00
2017.03.23 13:31:57.366,12.52001,12.52242,0.00,0.00
2017.03.23 13:31:57.974,12.52009,12.52242,0.00,0.00
2017.03.23 13:31:58.068,12.52001,12.52242,0.00,0.00
2017.03.23 13:31:58.290,12.52001,12.52201,0.00,0.00
2017.03.23 13:31:58.392,12.52001,12.52242,0.00,0.00
2017.03.23 13:31:58.731,12.52031,12.52242,0.00,0.00
2017.03.23 13:31:58.948,12.52021,12.52241,0.00,0.00
2017.03.23 13:31:58.999,12.52021,12.52201,0.00,0.00
2017.03.23 13:31:59.108,12.52021,12.52241,0.00,0.00
2017.03.23 13:31:59.453,12.51969,12.52191,0.00,0.00
2017.03.23 13:31:59.504,12.51998,12.52191,0.00,0.00
2017.03.23 13:31:59.604,12.51942,12.52142,0.00,0.00
2017.03.23 13:31:59.746,12.51981,12.52162,0.00,0.00
2017.03.23 13:31:59.798,12.51981,12.52191,0.00,0.00
2017.03.23 13:32:00.007,12.51981,12.52222,0.00,0.00
2017.03.23 13:32:00.058,12.52021,12.52222,0.00,0.00
2017.03.23 13:32:00.108,12.52021,12.52231,0.00,0.00
2017.03.23 13:32:00.159,12.51952,12.52192,0.00,0.00
2017.03.23 13:32:00.209,12.51992,12.52192,0.00,0.00
2017.03.23 13:32:00.260,12.51992,12.52242,0.00,0.00
2017.03.23 13:32:00.514,12.51998,12.52242,0.00,0.00
2017.03.23 13:32:00.582,12.51992,12.52242,0.00,0.00
2017.03.23 13:32:00.802,12.51992,12.52192,0.00,0.00
2017.03.23 13:32:01.118,12.51971,12.52142,0.00,0.00
2017.03.23 13:32:01.435,12.51891,12.52142,0.00,0.00
2017.03.23 13:32:01.486,12.51899,12.52142,0.00,0.00
2017.03.23 13:32:01.809,12.51891,12.52142,0.00,0.00
2017.03.23 13:32:02.098,12.51899,12.52142,0.00,0.00
2017.03.23 13:32:02.540,12.51891,12.52142,0.00,0.00
2017.03.23 13:32:02.791,12.51909,12.52142,0.00,0.00
2017.03.23 13:32:03.032,12.51891,12.52142,0.00,0.00
2017.03.23 13:32:03.694,12.51909,12.52142,0.00,0.00
2017.03.23 13:32:04.040,12.51891,12.52142,0.00,0.00
2017.03.23 13:32:04.271,12.51871,12.52119,0.00,0.00
2017.03.23 13:32:04.573,12.51891,12.52081,0.00,0.00
2017.03.23 13:32:04.624,12.51891,12.52142,0.00,0.00
2017.03.23 13:32:04.674,12.51888,12.52092,0.00,0.00
2017.03.23 13:32:04.979,12.51871,12.52041,0.00,0.00
2017.03.23 13:32:05.145,12.51801,12.52041,0.00,0.00
2017.03.23 13:32:05.380,12.51801,12.52062,0.00,0.00
2017.03.23 13:32:05.512,12.51892,12.52062,0.00,0.00
2017.03.23 13:32:05.563,12.51892,12.52092,0.00,0.00
2017.03.23 13:32:05.614,12.51892,12.52142,0.00,0.00
2017.03.23 13:32:05.727,12.51908,12.52142,0.00,0.00
2017.03.23 13:32:05.838,12.51899,12.52142,0.00,0.00
2017.03.23 13:32:05.906,12.51892,12.52141,0.00,0.00
2017.03.23 13:32:06.006,12.51898,12.52142,0.00,0.00
2017.03.23 13:32:06.307,12.51892,12.52142,0.00,0.00
2017.03.23 13:32:06.408,12.51899,12.52142,0.00,0.00
2017.03.23 13:32:06.740,12.51938,12.52142,0.00,0.00
2017.03.23 13:32:06.809,12.51892,12.52142,0.00,0.00
2017.03.23 13:32:06.924,12.51918,12.52142,0.00,0.00
2017.03.23 13:32:07.038,12.51892,12.52142,0.00,0.00
2017.03.23 13:32:07.111,12.51908,12.52142,0.00,0.00
2017.03.23 13:32:07.247,12.51892,12.52142,0.00,0.00
2017.03.23 13:32:07.411,12.51908,12.52142,0.00,0.00
2017.03.23 13:32:07.514,12.51892,12.52142,0.00,0.00
2017.03.23 13:32:07.619,12.51929,12.52142,0.00,0.00
2017.03.23 13:32:07.728,12.51892,12.52142,0.00,0.00
2017.03.23 13:32:07.832,12.51918,12.52142,0.00,0.00
2017.03.23 13:32:08.114,12.51892,12.52142,0.00,0.00
2017.03.23 13:32:08.315,12.51892,12.52132,0.00,0.00
2017.03.23 13:32:08.669,12.51909,12.52142,0.00,0.00
2017.03.23 13:32:08.719,12.51892,12.52142,0.00,0.00
2017.03.23 13:32:08.853,12.51908,12.52142,0.00,0.00
2017.03.23 13:32:08.963,12.51892,12.52142,0.00,0.00
2017.03.23 13:32:09.064,12.51892,12.52111,0.00,0.00
2017.03.23 13:32:09.219,12.51919,12.52142,0.00,0.00
2017.03.23 13:32:09.620,12.51939,12.52142,0.00,0.00
2017.03.23 13:32:09.729,12.51908,12.52142,0.00,0.00
2017.03.23 13:32:09.820,12.51892,12.52142,0.00,0.00
2017.03.23 13:32:09.955,12.51908,12.52142,0.00,0.00
2017.03.23 13:32:10.259,12.51918,12.52142,0.00,0.00
2017.03.23 13:32:10.314,12.51918,12.52191,0.00,0.00
2017.03.23 13:32:10.365,12.51942,12.52172,0.00,0.00
2017.03.23 13:32:10.631,12.51992,12.52241,0.00,0.00
2017.03.23 13:32:10.732,12.52008,12.52241,0.00,0.00
2017.03.23 13:32:11.226,12.51992,12.52241,0.00,0.00
2017.03.23 13:32:11.576,12.51992,12.52221,0.00,0.00
2017.03.23 13:32:11.627,12.51992,12.52241,0.00,0.00
2017.03.23 13:32:11.728,12.52008,12.52241,0.00,0.00
2017.03.23 13:32:11.835,12.51992,12.52241,0.00,0.00
2017.03.23 13:32:11.928,12.51992,12.52211,0.00,0.00
2017.03.23 13:32:12.035,12.51992,12.52241,0.00,0.00
2017.03.23 13:32:12.137,12.52008,12.52241,0.00,0.00
2017.03.23 13:32:12.242,12.51992,12.52241,0.00,0.00
2017.03.23 13:32:12.348,12.51992,12.52212,0.00,0.00
2017.03.23 13:32:12.747,12.51999,12.52241,0.00,0.00
2017.03.23 13:32:12.866,12.51992,12.52212,0.00,0.00
2017.03.23 13:32:12.986,12.51992,12.52241,0.00,0.00
2017.03.23 13:32:13.037,12.51999,12.52241,0.00,0.00
2017.03.23 13:32:13.434,12.51972,12.52241,0.00,0.00
2017.03.23 13:32:13.559,12.51972,12.52212,0.00,0.00
2017.03.23 13:32:13.719,12.51972,12.52241,0.00,0.00
2017.03.23 13:32:13.782,12.52008,12.52241,0.00,0.00
2017.03.23 13:32:13.836,12.51972,12.52241,0.00,0.00
2017.03.23 13:32:13.946,12.52008,12.52241,0.00,0.00
2017.03.23 13:32:14.776,12.52071,12.52301,0.00,0.00
2017.03.23 13:32:14.840,12.52088,12.52341,0.00,0.00
2017.03.23 13:32:14.957,12.52079,12.52292,0.00,0.00
2017.03.23 13:32:15.058,12.52071,12.52292,0.00,0.00
2017.03.23 13:32:15.159,12.52072,12.52281,0.00,0.00
2017.03.23 13:32:15.466,12.52071,12.52241,0.00,0.00
2017.03.23 13:32:15.693,12.51991,12.52241,0.00,0.00
2017.03.23 13:32:16.345,12.51999,12.52241,0.00,0.00
2017.03.23 13:32:16.573,12.51991,12.52241,0.00,0.00
2017.03.23 13:32:16.848,12.51999,12.52241,0.00,0.00
2017.03.23 13:32:16.948,12.51991,12.52241,0.00,0.00
2017.03.23 13:32:17.187,12.52018,12.52241,0.00,0.00
2017.03.23 13:32:17.349,12.51998,12.52241,0.00,0.00
2017.03.23 13:32:17.450,12.51991,12.52241,0.00,0.00
2017.03.23 13:32:18.090,12.52009,12.52291,0.00,0.00
2017.03.23 13:32:18.140,12.52021,12.52291,0.00,0.00
2017.03.23 13:32:18.455,12.52011,12.52242,0.00,0.00
2017.03.23 13:32:18.707,12.52021,12.52292,0.00,0.00
2017.03.23 13:32:18.758,12.52038,12.52292,0.00,0.00
2017.03.23 13:32:19.078,12.52019,12.52242,0.00,0.00
2017.03.23 13:32:19.185,12.52011,12.52242,0.00,0.00
2017.03.23 13:32:19.236,12.52022,12.52271,0.00,0.00
2017.03.23 13:32:19.460,12.52021,12.52292,0.00,0.00
2017.03.23 13:32:19.512,12.52038,12.52302,0.00,0.00
2017.03.23 13:32:19.663,12.52072,12.52342,0.00,0.00
2017.03.23 13:32:20.195,12.52072,12.52322,0.00,0.00
2017.03.23 13:32:20.261,12.52072,12.52332,0.00,0.00
2017.03.23 13:32:20.397,12.52078,12.52342,0.00,0.00
2017.03.23 13:32:20.578,12.52098,12.52342,0.00,0.00
2017.03.23 13:32:21.226,12.52172,12.52382,0.00,0.00
2017.03.23 13:32:21.501,12.52199,12.52442,0.00,0.00
2017.03.23 13:32:21.567,12.52172,12.52441,0.00,0.00
2017.03.23 13:32:21.681,12.52208,12.52442,0.00,0.00
2017.03.23 13:32:21.906,12.52188,12.52442,0.00,0.00
2017.03.23 13:32:21.968,12.52219,12.52442,0.00,0.00
2017.03.23 13:32:22.269,12.52228,12.52442,0.00,0.00
2017.03.23 13:32:22.320,12.52271,12.52492,0.00,0.00
2017.03.23 13:32:22.420,12.52228,12.52442,0.00,0.00
2017.03.23 13:32:22.584,12.52199,12.52442,0.00,0.00
2017.03.23 13:32:22.696,12.52192,12.52442,0.00,0.00
2017.03.23 13:32:23.000,12.52209,12.52442,0.00,0.00
2017.03.23 13:32:23.115,12.52192,12.52442,0.00,0.00
2017.03.23 13:32:23.303,12.52208,12.52442,0.00,0.00
2017.03.23 13:32:23.404,12.52192,12.52442,0.00,0.00
2017.03.23 13:32:23.515,12.52208,12.52442,0.00,0.00
2017.03.23 13:32:23.790,12.52192,12.52442,0.00,0.00
2017.03.23 13:32:24.275,12.52209,12.52442,0.00,0.00
2017.03.23 13:32:24.882,12.52192,12.52442,0.00,0.00
2017.03.23 13:32:24.977,12.52218,12.52442,0.00,0.00
2017.03.23 13:32:25.218,12.52192,12.52442,0.00,0.00
2017.03.23 13:32:25.505,12.52198,12.52462,0.00,0.00
2017.03.23 13:32:25.607,12.52208,12.52452,0.00,0.00
2017.03.23 13:32:25.842,12.52242,12.52502,0.00,0.00
2017.03.23 13:32:26.050,12.52279,12.52552,0.00,0.00
2017.03.23 13:32:26.101,12.52309,12.52552,0.00,0.00
2017.03.23 13:32:26.457,12.52272,12.52479,0.00,0.00
2017.03.23 13:32:26.508,12.52272,12.52482,0.00,0.00
2017.03.23 13:32:26.622,12.52272,12.52479,0.00,0.00
2017.03.23 13:32:26.985,12.52272,12.52442,0.00,0.00
2017.03.23 13:32:27.036,12.52191,12.52442,0.00,0.00
2017.03.23 13:32:27.432,12.52191,12.52421,0.00,0.00
2017.03.23 13:32:27.485,12.52191,12.52442,0.00,0.00
2017.03.23 13:32:27.610,12.52218,12.52442,0.00,0.00
2017.03.23 13:32:27.685,12.52191,12.52442,0.00,0.00
2017.03.23 13:32:27.900,12.52219,12.52442,0.00,0.00
2017.03.23 13:32:28.007,12.52191,12.52442,0.00,0.00
2017.03.23 13:32:28.409,12.52191,12.52431,0.00,0.00
2017.03.23 13:32:28.516,12.52191,12.52442,0.00,0.00
2017.03.23 13:32:28.800,12.52218,12.52442,0.00,0.00
2017.03.23 13:32:28.973,12.52228,12.52462,0.00,0.00
2017.03.23 13:32:29.089,12.52191,12.52462,0.00,0.00
2017.03.23 13:32:29.199,12.52208,12.52462,0.00,0.00
2017.03.23 13:32:29.339,12.52198,12.52462,0.00,0.00
2017.03.23 13:32:29.392,12.52191,12.52462,0.00,0.00
2017.03.23 13:32:29.522,12.52188,12.52462,0.00,0.00
2017.03.23 13:32:29.591,12.52171,12.52442,0.00,0.00
2017.03.23 13:32:29.915,12.52171,12.52362,0.00,0.00
2017.03.23 13:32:29.966,12.52171,12.52422,0.00,0.00
2017.03.23 13:32:30.117,12.52228,12.52411,0.00,0.00
2017.03.23 13:32:30.218,12.52219,12.52458,0.00,0.00
2017.03.23 13:32:30.292,12.52179,12.52458,0.00,0.00
2017.03.23 13:32:30.394,12.52219,12.52458,0.00,0.00
2017.03.23 13:32:30.726,12.52188,12.52412,0.00,0.00
2017.03.23 13:32:30.877,12.52149,12.52412,0.00,0.00
2017.03.23 13:32:30.928,12.52138,12.52412,0.00,0.00
2017.03.23 13:32:30.997,12.52158,12.52422,0.00,0.00
2017.03.23 13:32:31.098,12.52168,12.52452,0.00,0.00
2017.03.23 13:32:31.194,12.52198,12.52459,0.00,0.00
2017.03.23 13:32:31.295,12.52139,12.52412,0.00,0.00
2017.03.23 13:32:31.630,12.52171,12.52451,0.00,0.00
2017.03.23 13:32:31.736,12.52171,12.52432,0.00,0.00
2017.03.23 13:32:31.996,12.52171,12.52451,0.00,0.00
2017.03.23 13:32:32.096,12.52228,12.52458,0.00,0.00
2017.03.23 13:32:32.200,12.52171,12.52441,0.00,0.00
2017.03.23 13:32:32.314,12.52188,12.52458,0.00,0.00
2017.03.23 13:32:32.498,12.52171,12.52442,0.00,0.00
2017.03.23 13:32:32.601,12.52171,12.52422,0.00,0.00
2017.03.23 13:32:32.728,12.52171,12.52431,0.00,0.00
2017.03.23 13:32:33.141,12.52138,12.52411,0.00,0.00
2017.03.23 13:32:33.199,12.52119,12.52401,0.00,0.00
2017.03.23 13:32:33.309,12.52139,12.52361,0.00,0.00
2017.03.23 13:32:33.520,12.52108,12.52361,0.00,0.00
2017.03.23 13:32:33.624,12.52148,12.52361,0.00,0.00
2017.03.23 13:32:34.137,12.52148,12.52412,0.00,0.00
2017.03.23 13:32:34.187,12.52172,12.52412,0.00,0.00
2017.03.23 13:32:34.342,12.52179,12.52461,0.00,0.00
2017.03.23 13:32:34.454,12.52199,12.52461,0.00,0.00
2017.03.23 13:32:34.717,12.52181,12.52461,0.00,0.00
2017.03.23 13:32:34.821,12.52209,12.52461,0.00,0.00
2017.03.23 13:32:35.106,12.52181,12.52461,0.00,0.00
2017.03.23 13:32:35.207,12.52178,12.52412,0.00,0.00
2017.03.23 13:32:35.414,12.52119,12.52362,0.00,0.00
2017.03.23 13:32:36.123,12.52149,12.52362,0.00,0.00
2017.03.23 13:32:36.244,12.52119,12.52362,0.00,0.00
2017.03.23 13:32:36.311,12.52148,12.52362,0.00,0.00
2017.03.23 13:32:36.511,12.52129,12.52362,0.00,0.00
2017.03.23 13:32:36.612,12.52148,12.52362,0.00,0.00
2017.03.23 13:32:36.725,12.52099,12.52362,0.00,0.00
2017.03.23 13:32:36.812,12.52092,12.52362,0.00,0.00
2017.03.23 13:32:36.926,12.52098,12.52362,0.00,0.00
2017.03.23 13:32:37.146,12.52132,12.52401,0.00,0.00
2017.03.23 13:32:37.196,12.52171,12.52401,0.00,0.00
2017.03.23 13:32:37.247,12.52159,12.52442,0.00,0.00
2017.03.23 13:32:37.347,12.52179,12.52411,0.00,0.00
2017.03.23 13:32:37.415,12.52158,12.52411,0.00,0.00
2017.03.23 13:32:37.617,12.52148,12.52411,0.00,0.00
2017.03.23 13:32:37.717,12.52162,12.52412,0.00,0.00
2017.03.23 13:32:37.769,12.52162,12.52442,0.00,0.00
2017.03.23 13:32:37.819,12.52202,12.52442,0.00,0.00
2017.03.23 13:32:37.920,12.52202,12.52461,0.00,0.00
2017.03.23 13:32:38.064,12.52191,12.52462,0.00,0.00
2017.03.23 13:32:38.118,12.52199,12.52462,0.00,0.00
2017.03.23 13:32:38.421,12.52219,12.52462,0.00,0.00
2017.03.23 13:32:38.731,12.52199,12.52411,0.00,0.00
2017.03.23 13:32:38.832,12.52171,12.52411,0.00,0.00
2017.03.23 13:32:39.158,12.52142,12.52411,0.00,0.00
2017.03.23 13:32:39.259,12.52149,12.52411,0.00,0.00
2017.03.23 13:32:39.568,12.52149,12.52361,0.00,0.00
2017.03.23 13:32:39.668,12.52129,12.52361,0.00,0.00
2017.03.23 13:32:39.723,12.52112,12.52361,0.00,0.00
2017.03.23 13:32:40.073,12.52138,12.52361,0.00,0.00
2017.03.23 13:32:40.130,12.52118,12.52361,0.00,0.00
2017.03.23 13:32:40.231,12.52112,12.52361,0.00,0.00
2017.03.23 13:32:40.440,12.52192,12.52392,0.00,0.00
2017.03.23 13:32:40.550,12.52192,12.52401,0.00,0.00
2017.03.23 13:32:40.657,12.52229,12.52461,0.00,0.00
2017.03.23 13:32:40.838,12.52198,12.52461,0.00,0.00
2017.03.23 13:32:41.371,12.52228,12.52461,0.00,0.00
2017.03.23 13:32:41.878,12.52208,12.52461,0.00,0.00
2017.03.23 13:32:41.929,12.52219,12.52461,0.00,0.00
2017.03.23 13:32:42.231,12.52292,12.52551,0.00,0.00
2017.03.23 13:32:42.365,12.52292,12.52521,0.00,0.00
2017.03.23 13:32:42.430,12.52292,12.52551,0.00,0.00
2017.03.23 13:32:42.831,12.52292,12.52542,0.00,0.00
2017.03.23 13:32:43.034,12.52292,12.52552,0.00,0.00
2017.03.23 13:32:43.154,12.52292,12.52561,0.00,0.00
2017.03.23 13:32:43.486,12.52298,12.52512,0.00,0.00
2017.03.23 13:32:43.537,12.52281,12.52532,0.00,0.00
2017.03.23 13:32:43.588,12.52259,12.52532,0.00,0.00
2017.03.23 13:32:43.639,12.52259,12.52542,0.00,0.00
2017.03.23 13:32:43.689,12.52258,12.52512,0.00,0.00
2017.03.23 13:32:43.859,12.52242,12.52512,0.00,0.00
2017.03.23 13:32:44.034,12.52248,12.52512,0.00,0.00
2017.03.23 13:32:44.235,12.52289,12.52562,0.00,0.00
2017.03.23 13:32:44.428,12.52308,12.52562,0.00,0.00
2017.03.23 13:32:44.636,12.52298,12.52562,0.00,0.00
2017.03.23 13:32:44.850,12.52289,12.52562,0.00,0.00
2017.03.23 13:32:44.959,12.52281,12.52551,0.00,0.00
2017.03.23 13:32:45.037,12.52281,12.52562,0.00,0.00
2017.03.23 13:32:45.162,12.52281,12.52551,0.00,0.00
2017.03.23 13:32:45.412,12.52281,12.52561,0.00,0.00
2017.03.23 13:32:45.462,12.52281,12.52542,0.00,0.00
2017.03.23 13:32:45.790,12.52291,12.52541,0.00,0.00
2017.03.23 13:32:45.858,12.52299,12.52561,0.00,0.00
2017.03.23 13:32:46.041,12.52319,12.52561,0.00,0.00
2017.03.23 13:32:46.454,12.52298,12.52561,0.00,0.00
2017.03.23 13:32:46.542,12.52318,12.52561,0.00,0.00
2017.03.23 13:32:46.883,12.52299,12.52561,0.00,0.00
2017.03.23 13:32:47.292,12.52318,12.52561,0.00,0.00
2017.03.23 13:32:47.345,12.52291,12.52561,0.00,0.00
2017.03.23 13:32:47.445,12.52308,12.52561,0.00,0.00
2017.03.23 13:32:47.645,12.52299,12.52561,0.00,0.00
2017.03.23 13:32:47.747,12.52319,12.52561,0.00,0.00
2017.03.23 13:32:47.997,12.52298,12.52551,0.00,0.00
2017.03.23 13:32:48.047,12.52319,12.52551,0.00,0.00
2017.03.23 13:32:48.257,12.52298,12.52551,0.00,0.00
2017.03.23 13:32:48.357,12.52318,12.52551,0.00,0.00
2017.03.23 13:32:48.669,12.52328,12.52551,0.00,0.00
2017.03.23 13:32:48.776,12.52299,12.52551,0.00,0.00
2017.03.23 13:32:48.886,12.52291,12.52551,0.00,0.00
2017.03.23 13:32:48.987,12.52318,12.52551,0.00,0.00
2017.03.23 13:32:49.198,12.52291,12.52551,0.00,0.00
2017.03.23 13:32:49.872,12.52309,12.52502,0.00,0.00
2017.03.23 13:32:49.973,12.52292,12.52551,0.00,0.00
2017.03.23 13:32:50.286,12.52299,12.52551,0.00,0.00
2017.03.23 13:32:50.654,12.52319,12.52551,0.00,0.00
2017.03.23 13:32:50.807,12.52292,12.52551,0.00,0.00
2017.03.23 13:32:51.054,12.52299,12.52551,0.00,0.00
2017.03.23 13:32:51.456,12.52292,12.52551,0.00,0.00
2017.03.23 13:32:51.564,12.52309,12.52551,0.00,0.00
2017.03.23 13:32:51.671,12.52292,12.52551,0.00,0.00
2017.03.23 13:32:51.787,12.52292,12.52512,0.00,0.00
2017.03.23 13:32:51.856,12.52292,12.52551,0.00,0.00
2017.03.23 13:32:52.268,12.52319,12.52551,0.00,0.00
2017.03.23 13:32:52.357,12.52292,12.52551,0.00,0.00
2017.03.23 13:32:52.485,12.52292,12.52522,0.00,0.00
2017.03.23 13:32:52.595,12.52308,12.52551,0.00,0.00
2017.03.23 13:32:52.658,12.52329,12.52551,0.00,0.00
2017.03.23 13:32:52.868,12.52292,12.52551,0.00,0.00
2017.03.23 13:32:53.259,12.52308,12.52551,0.00,0.00
2017.03.23 13:32:53.310,12.52308,12.52592,0.00,0.00
2017.03.23 13:32:53.361,12.52329,12.52602,0.00,0.00
2017.03.23 13:32:53.828,12.52291,12.52551,0.00,0.00
2017.03.23 13:32:54.161,12.52319,12.52551,0.00,0.00
2017.03.23 13:32:54.262,12.52291,12.52551,0.00,0.00
2017.03.23 13:32:54.579,12.52318,12.52551,0.00,0.00
2017.03.23 13:32:54.770,12.52291,12.52551,0.00,0.00
2017.03.23 13:32:54.908,12.52328,12.52551,0.00,0.00
2017.03.23 13:32:54.964,12.52309,12.52551,0.00,0.00
2017.03.23 13:32:55.065,12.52331,12.52602,0.00,0.00
2017.03.23 13:32:55.166,12.52339,12.52551,0.00,0.00
2017.03.23 13:32:55.267,12.52309,12.52551,0.00,0.00
2017.03.23 13:32:55.374,12.52292,12.52551,0.00,0.00
2017.03.23 13:32:55.696,12.52308,12.52551,0.00,0.00
2017.03.23 13:32:55.898,12.52292,12.52551,0.00,0.00
2017.03.23 13:32:56.210,12.52309,12.52551,0.00,0.00
2017.03.23 13:32:56.469,12.52292,12.52551,0.00,0.00
2017.03.23 13:32:56.691,12.52299,12.52551,0.00,0.00
2017.03.23 13:32:56.769,12.52292,12.52551,0.00,0.00
2017.03.23 13:32:56.888,12.52319,12.52551,0.00,0.00
2017.03.23 13:32:56.938,12.52319,12.52578,0.00,0.00
2017.03.23 13:32:56.989,12.52319,12.52601,0.00,0.00
2017.03.23 13:32:57.090,12.52328,12.52602,0.00,0.00
2017.03.23 13:32:57.292,12.52312,12.52592,0.00,0.00
2017.03.23 13:32:57.370,12.52318,12.52602,0.00,0.00
2017.03.23 13:32:57.485,12.52338,12.52602,0.00,0.00
2017.03.23 13:32:57.829,12.52318,12.52552,0.00,0.00
2017.03.23 13:32:57.880,12.52292,12.52552,0.00,0.00
2017.03.23 13:32:57.930,12.52361,12.52572,0.00,0.00
2017.03.23 13:32:57.981,12.52361,12.52601,0.00,0.00
2017.03.23 13:32:58.084,12.52388,12.52651,0.00,0.00
2017.03.23 13:32:58.275,12.52361,12.52642,0.00,0.00
2017.03.23 13:32:58.404,12.52361,12.52602,0.00,0.00
2017.03.23 13:32:58.454,12.52318,12.52588,0.00,0.00
2017.03.23 13:32:58.505,12.52358,12.52588,0.00,0.00
2017.03.23 13:32:58.701,12.52312,12.52552,0.00,0.00
2017.03.23 13:32:59.320,12.52278,12.52552,0.00,0.00
2017.03.23 13:32:59.492,12.52289,12.52552,0.00,0.00
2017.03.23 13:32:59.832,12.52308,12.52552,0.00,0.00
2017.03.23 13:32:59.883,12.52279,12.52552,0.00,0.00
2017.03.23 13:32:59.992,12.52272,12.52552,0.00,0.00
2017.03.23 13:33:00.278,12.52299,12.52552,0.00,0.00
2017.03.23 13:33:00.379,12.52271,12.52551,0.00,0.00
2017.03.23 13:33:00.484,12.52309,12.52552,0.00,0.00
2017.03.23 13:33:00.593,12.52289,12.52552,0.00,0.00
2017.03.23 13:33:00.694,12.52309,12.52552,0.00,0.00
2017.03.23 13:33:00.923,12.52288,12.52552,0.00,0.00
2017.03.23 13:33:00.980,12.52271,12.52552,0.00,0.00
2017.03.23 13:33:01.083,12.52288,12.52552,0.00,0.00
2017.03.23 13:33:01.388,12.52251,12.52511,0.00,0.00
2017.03.23 13:33:01.682,12.52268,12.52551,0.00,0.00
2017.03.23 13:33:01.914,12.52278,12.52551,0.00,0.00
2017.03.23 13:33:02.314,12.52299,12.52551,0.00,0.00
2017.03.23 13:33:02.531,12.52278,12.52551,0.00,0.00
2017.03.23 13:33:02.585,12.52309,12.52551,0.00,0.00
2017.03.23 13:33:02.968,12.52271,12.52502,0.00,0.00
2017.03.23 13:33:03.021,12.52218,12.52451,0.00,0.00
2017.03.23 13:33:03.122,12.52229,12.52451,0.00,0.00
2017.03.23 13:33:03.230,12.52198,12.52451,0.00,0.00
2017.03.23 13:33:03.331,12.52228,12.52502,0.00,0.00
2017.03.23 13:33:03.431,12.52248,12.52502,0.00,0.00
2017.03.23 13:33:03.703,12.52252,12.52532,0.00,0.00
2017.03.23 13:33:03.804,12.52268,12.52552,0.00,0.00
2017.03.23 13:33:03.905,12.52298,12.52552,0.00,0.00
2017.03.23 13:33:04.224,12.52279,12.52501,0.00,0.00
2017.03.23 13:33:04.325,12.52272,12.52501,0.00,0.00
2017.03.23 13:33:04.898,12.52272,12.52551,0.00,0.00
2017.03.23 13:33:05.003,12.52288,12.52551,0.00,0.00
2017.03.23 13:33:05.304,12.52211,12.52451,0.00,0.00
2017.03.23 13:33:05.355,12.52211,12.52481,0.00,0.00
2017.03.23 13:33:05.511,12.52211,12.52491,0.00,0.00
2017.03.23 13:33:05.725,12.52229,12.52492,0.00,0.00
2017.03.23 13:33:06.098,12.52192,12.52442,0.00,0.00
2017.03.23 13:33:06.299,12.52288,12.52541,0.00,0.00
2017.03.23 13:33:06.442,12.52288,12.52492,0.00,0.00
2017.03.23 13:33:06.779,12.52272,12.52441,0.00,0.00
2017.03.23 13:33:07.126,12.52191,12.52441,0.00,0.00
2017.03.23 13:33:07.227,12.52209,12.52441,0.00,0.00
2017.03.23 13:33:07.300,12.52191,12.52441,0.00,0.00
2017.03.23 13:33:07.801,12.52218,12.52441,0.00,0.00
2017.03.23 13:33:07.902,12.52191,12.52441,0.00,0.00
2017.03.23 13:33:08.006,12.52229,12.52441,0.00,0.00
2017.03.23 13:33:08.107,12.52191,12.52441,0.00,0.00
2017.03.23 13:33:08.302,12.52209,12.52441,0.00,0.00
2017.03.23 13:33:08.609,12.52228,12.52441,0.00,0.00
2017.03.23 13:33:08.724,12.52208,12.52441,0.00,0.00
2017.03.23 13:33:08.825,12.52191,12.52441,0.00,0.00
2017.03.23 13:33:09.104,12.52219,12.52441,0.00,0.00
2017.03.23 13:33:09.304,12.52191,12.52441,0.00,0.00
2017.03.23 13:33:09.404,12.52218,12.52441,0.00,0.00
2017.03.23 13:33:09.605,12.52198,12.52441,0.00,0.00
2017.03.23 13:33:09.729,12.52219,12.52441,0.00,0.00
2017.03.23 13:33:09.905,12.52198,12.52441,0.00,0.00
2017.03.23 13:33:10.053,12.52191,12.52441,0.00,0.00
2017.03.23 13:33:10.606,12.52218,12.52441,0.00,0.00
2017.03.23 13:33:10.656,12.52191,12.52441,0.00,0.00
2017.03.23 13:33:10.934,12.52198,12.52441,0.00,0.00
2017.03.23 13:33:11.053,12.52191,12.52441,0.00,0.00
2017.03.23 13:33:11.208,12.52218,12.52441,0.00,0.00
2017.03.23 13:33:11.309,12.52191,12.52441,0.00,0.00
2017.03.23 13:33:11.519,12.52198,12.52441,0.00,0.00
2017.03.23 13:33:11.858,12.52219,12.52441,0.00,0.00
2017.03.23 13:33:12.359,12.52191,12.52441,0.00,0.00
2017.03.23 13:33:12.926,12.52219,12.52441,0.00,0.00
2017.03.23 13:33:12.976,12.52251,12.52501,0.00,0.00
2017.03.23 13:33:13.027,12.52251,12.52512,0.00,0.00
2017.03.23 13:33:13.133,12.52309,12.52552,0.00,0.00
2017.03.23 13:33:13.241,12.52258,12.52542,0.00,0.00
2017.03.23 13:33:13.312,12.52251,12.52512,0.00,0.00
2017.03.23 13:33:13.558,12.52251,12.52531,0.00,0.00
2017.03.23 13:33:13.612,12.52308,12.52552,0.00,0.00
2017.03.23 13:33:14.034,12.52279,12.52552,0.00,0.00
2017.03.23 13:33:14.340,12.52251,12.52511,0.00,0.00
2017.03.23 13:33:14.391,12.52288,12.52552,0.00,0.00
2017.03.23 13:33:14.514,12.52278,12.52552,0.00,0.00
2017.03.23 13:33:14.641,12.52271,12.52552,0.00,0.00
2017.03.23 13:33:14.742,12.52299,12.52552,0.00,0.00
2017.03.23 13:33:15.142,12.52308,12.52552,0.00,0.00
2017.03.23 13:33:15.344,12.52191,12.52442,0.00,0.00
2017.03.23 13:33:16.066,12.52191,12.52441,0.00,0.00
2017.03.23 13:33:16.419,12.52218,12.52442,0.00,0.00
2017.03.23 13:33:16.919,12.52191,12.52442,0.00,0.00
2017.03.23 13:33:17.122,12.52199,12.52442,0.00,0.00
2017.03.23 13:33:17.422,12.52191,12.52442,0.00,0.00
2017.03.23 13:33:17.621,12.52219,12.52442,0.00,0.00
2017.03.23 13:33:18.052,12.52199,12.52442,0.00,0.00
2017.03.23 13:33:18.122,12.52218,12.52442,0.00,0.00
2017.03.23 13:33:18.326,12.52199,12.52442,0.00,0.00
2017.03.23 13:33:18.427,12.52218,12.52442,0.00,0.00
2017.03.23 13:33:18.923,12.52198,12.52442,0.00,0.00
2017.03.23 13:33:19.124,12.52218,12.52442,0.00,0.00
2017.03.23 13:33:19.233,12.52208,12.52442,0.00,0.00
2017.03.23 13:33:19.371,12.52218,12.52452,0.00,0.00
2017.03.23 13:33:19.425,12.52208,12.52452,0.00,0.00
2017.03.23 13:33:19.559,12.52189,12.52452,0.00,0.00
2017.03.23 13:33:19.779,12.52219,12.52452,0.00,0.00
2017.03.23 13:33:19.830,12.52178,12.52452,0.00,0.00
2017.03.23 13:33:19.946,12.52171,12.52442,0.00,0.00
2017.03.23 13:33:20.250,12.52108,12.52389,0.00,0.00
2017.03.23 13:33:20.350,12.52149,12.52389,0.00,0.00
2017.03.23 13:33:20.566,12.52108,12.52351,0.00,0.00
2017.03.23 13:33:20.740,12.52098,12.52351,0.00,0.00
2017.03.23 13:33:21.329,12.52091,12.52351,0.00,0.00
2017.03.23 13:33:21.663,12.52118,12.52351,0.00,0.00
2017.03.23 13:33:21.764,12.52099,12.52381,0.00,0.00
2017.03.23 13:33:21.865,12.52098,12.52372,0.00,0.00
2017.03.23 13:33:22.202,12.52099,12.52352,0.00,0.00
2017.03.23 13:33:22.253,12.52091,12.52352,0.00,0.00
2017.03.23 13:33:22.436,12.52098,12.52352,0.00,0.00
2017.03.23 13:33:22.575,12.52091,12.52352,0.00,0.00
2017.03.23 13:33:22.874,12.52109,12.52352,0.00,0.00
2017.03.23 13:33:22.931,12.52091,12.52352,0.00,0.00
2017.03.23 13:33:23.150,12.52118,12.52352,0.00,0.00
2017.03.23 13:33:23.453,12.52092,12.52352,0.00,0.00
2017.03.23 13:33:23.576,12.52128,12.52352,0.00,0.00
2017.03.23 13:33:23.863,12.52108,12.52352,0.00,0.00
2017.03.23 13:33:23.973,12.52092,12.52342,0.00,0.00
2017.03.23 13:33:24.077,12.52092,12.52352,0.00,0.00
2017.03.23 13:33:24.134,12.52092,12.52342,0.00,0.00
2017.03.23 13:33:24.511,12.52071,12.52332,0.00,0.00
2017.03.23 13:33:24.562,12.52079,12.52288,0.00,0.00
2017.03.23 13:33:24.612,12.52079,12.52302,0.00,0.00
2017.03.23 13:33:24.663,12.52068,12.52352,0.00,0.00
2017.03.23 13:33:24.764,12.52078,12.52352,0.00,0.00
2017.03.23 13:33:25.101,12.52088,12.52352,0.00,0.00
2017.03.23 13:33:25.474,12.52098,12.52352,0.00,0.00
2017.03.23 13:33:25.536,12.52088,12.52352,0.00,0.00
2017.03.23 13:33:26.032,12.52092,12.52352,0.00,0.00
2017.03.23 13:33:26.374,12.52099,12.52352,0.00,0.00
2017.03.23 13:33:26.838,12.52129,12.52352,0.00,0.00
2017.03.23 13:33:26.939,12.52099,12.52352,0.00,0.00
2017.03.23 13:33:27.084,12.52108,12.52352,0.00,0.00
2017.03.23 13:33:27.375,12.52092,12.52352,0.00,0.00
2017.03.23 13:33:27.483,12.52108,12.52352,0.00,0.00
2017.03.23 13:33:27.840,12.52092,12.52352,0.00,0.00
2017.03.23 13:33:27.972,12.52099,12.52352,0.00,0.00
2017.03.23 13:33:28.741,12.52092,12.52352,0.00,0.00
2017.03.23 13:33:28.843,12.52098,12.52352,0.00,0.00
2017.03.23 13:33:29.200,12.52098,12.52288,0.00,0.00
2017.03.23 13:33:29.509,12.52071,12.52252,0.00,0.00
2017.03.23 13:33:30.016,12.51998,12.52252,0.00,0.00
2017.03.23 13:33:30.344,12.52018,12.52252,0.00,0.00
2017.03.23 13:33:30.610,12.52029,12.52299,0.00,0.00
2017.03.23 13:33:30.711,12.52029,12.52252,0.00,0.00
2017.03.23 13:33:31.046,12.51998,12.52252,0.00,0.00
2017.03.23 13:33:31.146,12.52028,12.52299,0.00,0.00
2017.03.23 13:33:31.265,12.51999,12.52281,0.00,0.00
2017.03.23 13:33:31.316,12.51999,12.52251,0.00,0.00
2017.03.23 13:33:31.841,12.51998,12.52251,0.00,0.00
2017.03.23 13:33:31.948,12.51991,12.52251,0.00,0.00
2017.03.23 13:33:32.256,12.52009,12.52251,0.00,0.00
2017.03.23 13:33:32.385,12.51991,12.52251,0.00,0.00
2017.03.23 13:33:32.486,12.52008,12.52251,0.00,0.00
2017.03.23 13:33:32.654,12.51991,12.52251,0.00,0.00
2017.03.23 13:33:32.786,12.52008,12.52251,0.00,0.00
2017.03.23 13:33:32.950,12.52018,12.52292,0.00,0.00
2017.03.23 13:33:33.066,12.52018,12.52272,0.00,0.00
2017.03.23 13:33:33.163,12.52019,12.52292,0.00,0.00
2017.03.23 13:33:33.726,12.52018,12.52292,0.00,0.00
2017.03.23 13:33:33.859,12.52038,12.52292,0.00,0.00
2017.03.23 13:33:34.156,12.52018,12.52292,0.00,0.00
2017.03.23 13:33:34.716,12.52018,12.52291,0.00,0.00
2017.03.23 13:33:35.258,12.52018,12.52282,0.00,0.00
2017.03.23 13:33:35.365,12.52018,12.52291,0.00,0.00
2017.03.23 13:33:35.680,12.52038,12.52292,0.00,0.00
2017.03.23 13:33:35.999,12.52018,12.52272,0.00,0.00
2017.03.23 13:33:36.100,12.52018,12.52281,0.00,0.00
2017.03.23 13:33:36.161,12.52018,12.52271,0.00,0.00
2017.03.23 13:33:37.093,12.52028,12.52292,0.00,0.00
2017.03.23 13:33:37.161,12.52018,12.52262,0.00,0.00
2017.03.23 13:33:37.562,12.52018,12.52272,0.00,0.00
2017.03.23 13:33:37.671,12.52018,12.52261,0.00,0.00
2017.03.23 13:33:37.989,12.51972,12.52191,0.00,0.00
2017.03.23 13:33:38.345,12.51972,12.52172,0.00,0.00
2017.03.23 13:33:38.675,12.51851,12.52091,0.00,0.00
2017.03.23 13:33:38.828,12.51868,12.52102,0.00,0.00
2017.03.23 13:33:38.878,12.51868,12.52122,0.00,0.00
2017.03.23 13:33:38.984,12.51851,12.52091,0.00,0.00
2017.03.23 13:33:39.712,12.51819,12.52081,0.00,0.00
2017.03.23 13:33:39.877,12.51848,12.52091,0.00,0.00
2017.03.23 13:33:39.983,12.51819,12.52082,0.00,0.00
2017.03.23 13:33:40.208,12.51839,12.52091,0.00,0.00
2017.03.23 13:33:40.501,12.51828,12.52091,0.00,0.00
2017.03.23 13:33:40.612,12.51819,12.52091,0.00,0.00
2017.03.23 13:33:40.713,12.51839,12.52091,0.00,0.00
2017.03.23 13:33:40.770,12.51828,12.52091,0.00,0.00
2017.03.23 13:33:40.870,12.51819,12.52091,0.00,0.00
2017.03.23 13:33:41.462,12.51819,12.52088,0.00,0.00
2017.03.23 13:33:41.872,12.51819,12.52072,0.00,0.00
2017.03.23 13:33:42.215,12.51819,12.51999,0.00,0.00
2017.03.23 13:33:42.316,12.51751,12.51999,0.00,0.00
2017.03.23 13:33:42.824,12.51729,12.51999,0.00,0.00
2017.03.23 13:33:42.875,12.51719,12.51952,0.00,0.00
2017.03.23 13:33:42.976,12.51728,12.51989,0.00,0.00
2017.03.23 13:33:43.084,12.51728,12.51952,0.00,0.00
2017.03.23 13:33:43.188,12.51728,12.51981,0.00,0.00
2017.03.23 13:33:43.291,12.51738,12.51989,0.00,0.00
2017.03.23 13:33:43.476,12.51728,12.51989,0.00,0.00
2017.03.23 13:33:43.598,12.51738,12.51989,0.00,0.00
2017.03.23 13:33:43.699,12.51729,12.51982,0.00,0.00
2017.03.23 13:33:43.776,12.51729,12.51988,0.00,0.00
2017.03.23 13:33:43.895,12.51739,12.51988,0.00,0.00
2017.03.23 13:33:44.008,12.51729,12.51988,0.00,0.00
2017.03.23 13:33:44.409,12.51738,12.51988,0.00,0.00
2017.03.23 13:33:44.988,12.51729,12.51988,0.00,0.00
2017.03.23 13:33:45.104,12.51738,12.51988,0.00,0.00
2017.03.23 13:33:45.179,12.51729,12.51988,0.00,0.00
2017.03.23 13:33:45.380,12.51738,12.51988,0.00,0.00
2017.03.23 13:33:45.579,12.51729,12.51988,0.00,0.00
2017.03.23 13:33:45.695,12.51738,12.51988,0.00,0.00
2017.03.23 13:33:45.916,12.51729,12.51988,0.00,0.00
2017.03.23 13:33:46.281,12.51738,12.51988,0.00,0.00
2017.03.23 13:33:46.382,12.51729,12.51981,0.00,0.00
2017.03.23 13:33:46.713,12.51729,12.51988,0.00,0.00
2017.03.23 13:33:46.782,12.51729,12.51971,0.00,0.00
2017.03.23 13:33:47.083,12.51729,12.51988,0.00,0.00
2017.03.23 13:33:47.490,12.51729,12.51982,0.00,0.00
2017.03.23 13:33:47.791,12.51729,12.51962,0.00,0.00
2017.03.23 13:33:47.927,12.51729,12.51981,0.00,0.00
2017.03.23 13:33:48.028,12.51729,12.51988,0.00,0.00
2017.03.23 13:33:48.133,12.51719,12.51939,0.00,0.00
2017.03.23 13:33:48.303,12.51678,12.51911,0.00,0.00
2017.03.23 13:33:48.354,12.51629,12.51898,0.00,0.00
2017.03.23 13:33:48.509,12.51628,12.51891,0.00,0.00
2017.03.23 13:33:48.786,12.51628,12.51898,0.00,0.00
2017.03.23 13:33:48.887,12.51638,12.51898,0.00,0.00
2017.03.23 13:33:49.087,12.51628,12.51891,0.00,0.00
2017.03.23 13:33:49.321,12.51628,12.51882,0.00,0.00
2017.03.23 13:33:49.591,12.51528,12.51791,0.00,0.00
2017.03.23 13:33:49.692,12.51528,12.51772,0.00,0.00
2017.03.23 13:33:49.922,12.51529,12.51799,0.00,0.00
2017.03.23 13:33:50.023,12.51528,12.51771,0.00,0.00
2017.03.23 13:33:50.089,12.51528,12.51799,0.00,0.00
2017.03.23 13:33:50.202,12.51528,12.51781,0.00,0.00
2017.03.23 13:33:50.310,12.51538,12.51799,0.00,0.00
2017.03.23 13:33:50.631,12.51528,12.51782,0.00,0.00
2017.03.23 13:33:50.834,12.51538,12.51799,0.00,0.00
2017.03.23 13:33:50.940,12.51528,12.51782,0.00,0.00
2017.03.23 13:33:51.113,12.51538,12.51799,0.00,0.00
2017.03.23 13:33:51.239,12.51528,12.51781,0.00,0.00
2017.03.23 13:33:51.493,12.51628,12.51889,0.00,0.00
2017.03.23 13:33:51.593,12.51628,12.51872,0.00,0.00
2017.03.23 13:33:51.819,12.51628,12.51889,0.00,0.00
2017.03.23 13:33:52.429,12.51628,12.51871,0.00,0.00
2017.03.23 13:33:52.745,12.51678,12.51922,0.00,0.00
2017.03.23 13:33:52.796,12.51729,12.51932,0.00,0.00
2017.03.23 13:33:52.908,12.51709,12.51949,0.00,0.00
2017.03.23 13:33:52.959,12.51709,12.51899,0.00,0.00
2017.03.23 13:33:53.009,12.51688,12.51899,0.00,0.00
2017.03.23 13:33:53.110,12.51671,12.51892,0.00,0.00
2017.03.23 13:33:53.211,12.51671,12.51901,0.00,0.00
2017.03.23 13:33:53.261,12.51728,12.51922,0.00,0.00
2017.03.23 13:33:53.312,12.51728,12.51989,0.00,0.00
2017.03.23 13:33:53.456,12.51719,12.51952,0.00,0.00
2017.03.23 13:33:53.752,12.51678,12.51922,0.00,0.00
2017.03.23 13:33:53.803,12.51678,12.51902,0.00,0.00
2017.03.23 13:33:54.004,12.51671,12.51902,0.00,0.00
2017.03.23 13:33:54.105,12.51628,12.51902,0.00,0.00
2017.03.23 13:33:54.229,12.51628,12.51892,0.00,0.00
2017.03.23 13:33:54.537,12.51639,12.51902,0.00,0.00
2017.03.23 13:33:54.842,12.51679,12.51902,0.00,0.00
2017.03.23 13:33:55.101,12.51728,12.51982,0.00,0.00
2017.03.23 13:33:55.446,12.51728,12.51952,0.00,0.00
2017.03.23 13:33:55.501,12.51728,12.51981,0.00,0.00
2017.03.23 13:33:55.627,12.51728,12.51972,0.00,0.00
2017.03.23 13:33:55.950,12.51728,12.51982,0.00,0.00
2017.03.23 13:33:56.003,12.51728,12.51989,0.00,0.00
2017.03.23 13:33:56.205,12.51728,12.51962,0.00,0.00
2017.03.23 13:33:56.405,12.51728,12.51971,0.00,0.00
2017.03.23 13:33:56.584,12.51708,12.51899,0.00,0.00
2017.03.23 13:33:56.689,12.51629,12.51881,0.00,0.00
2017.03.23 13:33:58.149,12.51629,12.51899,0.00,0.00
2017.03.23 13:33:58.210,12.51629,12.51881,0.00,0.00
2017.03.23 13:33:58.311,12.51629,12.51899,0.00,0.00
2017.03.23 13:33:58.641,12.51629,12.51872,0.00,0.00
2017.03.23 13:33:59.463,12.51629,12.51882,0.00,0.00
2017.03.23 13:33:59.852,12.51629,12.51899,0.00,0.00
2017.03.23 13:34:00.214,12.51629,12.51882,0.00,0.00
2017.03.23 13:34:00.416,12.51629,12.51898,0.00,0.00
2017.03.23 13:34:00.517,12.51688,12.51898,0.00,0.00
2017.03.23 13:34:00.619,12.51629,12.51898,0.00,0.00
2017.03.23 13:34:00.738,12.51629,12.51881,0.00,0.00
2017.03.23 13:34:01.108,12.51629,12.51871,0.00,0.00
2017.03.23 13:34:01.159,12.51629,12.51898,0.00,0.00
2017.03.23 13:34:01.217,12.51629,12.51861,0.00,0.00
2017.03.23 13:34:01.401,12.51629,12.51882,0.00,0.00
2017.03.23 13:34:01.451,12.51629,12.51851,0.00,0.00
2017.03.23 13:34:01.517,12.51629,12.51891,0.00,0.00
2017.03.23 13:34:01.568,12.51629,12.51889,0.00,0.00
2017.03.23 13:34:01.872,12.51551,12.51781,0.00,0.00
2017.03.23 13:34:02.073,12.51459,12.51699,0.00,0.00
2017.03.23 13:34:02.124,12.51429,12.51699,0.00,0.00
2017.03.23 13:34:02.174,12.51479,12.51711,0.00,0.00
2017.03.23 13:34:02.225,12.51479,12.51739,0.00,0.00
2017.03.23 13:34:02.489,12.51479,12.51699,0.00,0.00
2017.03.23 13:34:02.540,12.51448,12.51699,0.00,0.00
2017.03.23 13:34:02.641,12.51428,12.51699,0.00,0.00
2017.03.23 13:34:02.842,12.51438,12.51699,0.00,0.00
2017.03.23 13:34:03.022,12.51428,12.51699,0.00,0.00
2017.03.23 13:34:03.324,12.51458,12.51699,0.00,0.00
2017.03.23 13:34:03.524,12.51438,12.51699,0.00,0.00
2017.03.23 13:34:04.125,12.51428,12.51699,0.00,0.00
2017.03.23 13:34:04.335,12.51459,12.51699,0.00,0.00
2017.03.23 13:34:04.626,12.51428,12.51699,0.00,0.00
2017.03.23 13:34:04.727,12.51419,12.51588,0.00,0.00
2017.03.23 13:34:04.828,12.51408,12.51588,0.00,0.00
2017.03.23 13:34:04.942,12.51391,12.51588,0.00,0.00
2017.03.23 13:34:05.219,12.51328,12.51588,0.00,0.00
2017.03.23 13:34:05.550,12.51348,12.51588,0.00,0.00
2017.03.23 13:34:05.663,12.51338,12.51588,0.00,0.00
2017.03.23 13:34:05.764,12.51349,12.51588,0.00,0.00
2017.03.23 13:34:06.139,12.51329,12.51588,0.00,0.00
2017.03.23 13:34:06.652,12.51328,12.51588,0.00,0.00
2017.03.23 13:34:06.972,12.51348,12.51588,0.00,0.00
2017.03.23 13:34:07.285,12.51368,12.51588,0.00,0.00
2017.03.23 13:34:07.490,12.51349,12.51588,0.00,0.00
2017.03.23 13:34:07.541,12.51358,12.51588,0.00,0.00
2017.03.23 13:34:07.809,12.51379,12.51642,0.00,0.00
2017.03.23 13:34:07.910,12.51428,12.51652,0.00,0.00
2017.03.23 13:34:07.960,12.51448,12.51699,0.00,0.00
2017.03.23 13:34:08.076,12.51458,12.51699,0.00,0.00
2017.03.23 13:34:08.239,12.51448,12.51699,0.00,0.00
2017.03.23 13:34:08.484,12.51429,12.51699,0.00,0.00
2017.03.23 13:34:08.539,12.51458,12.51699,0.00,0.00
2017.03.23 13:34:08.869,12.51469,12.51699,0.00,0.00
2017.03.23 13:34:08.940,12.51429,12.51699,0.00,0.00
2017.03.23 13:34:09.277,12.51459,12.51699,0.00,0.00
2017.03.23 13:34:09.382,12.51439,12.51699,0.00,0.00
2017.03.23 13:34:09.483,12.51428,12.51691,0.00,0.00
2017.03.23 13:34:09.658,12.51448,12.51699,0.00,0.00
2017.03.23 13:34:10.245,12.51438,12.51699,0.00,0.00
2017.03.23 13:34:10.494,12.51458,12.51699,0.00,0.00
2017.03.23 13:34:10.785,12.51428,12.51699,0.00,0.00
2017.03.23 13:34:10.890,12.51439,12.51699,0.00,0.00
2017.03.23 13:34:11.493,12.51428,12.51699,0.00,0.00
2017.03.23 13:34:11.597,12.51459,12.51699,0.00,0.00
2017.03.23 13:34:11.933,12.51468,12.51699,0.00,0.00
2017.03.23 13:34:11.983,12.51458,12.51699,0.00,0.00
2017.03.23 13:34:12.089,12.51448,12.51699,0.00,0.00
2017.03.23 13:34:12.190,12.51439,12.51699,0.00,0.00
2017.03.23 13:34:12.240,12.51439,12.51599,0.00,0.00
2017.03.23 13:34:12.341,12.51398,12.51599,0.00,0.00
2017.03.23 13:34:12.392,12.51338,12.51599,0.00,0.00
2017.03.23 13:34:12.492,12.51318,12.51499,0.00,0.00
2017.03.23 13:34:12.552,12.51298,12.51499,0.00,0.00
2017.03.23 13:34:12.680,12.51291,12.51499,0.00,0.00
2017.03.23 13:34:12.731,12.51338,12.51532,0.00,0.00
2017.03.23 13:34:12.781,12.51338,12.51588,0.00,0.00
2017.03.23 13:34:12.883,12.51349,12.51588,0.00,0.00
2017.03.23 13:34:13.214,12.51288,12.51549,0.00,0.00
2017.03.23 13:34:13.264,12.51288,12.51542,0.00,0.00
2017.03.23 13:34:13.368,12.51288,12.51549,0.00,0.00
2017.03.23 13:34:13.462,12.51288,12.51512,0.00,0.00
2017.03.23 13:34:13.562,12.51268,12.51508,0.00,0.00
2017.03.23 13:34:13.663,12.51248,12.51508,0.00,0.00
2017.03.23 13:34:13.804,12.51259,12.51508,0.00,0.00
2017.03.23 13:34:13.855,12.51249,12.51508,0.00,0.00
2017.03.23 13:34:13.960,12.51278,12.51508,0.00,0.00
2017.03.23 13:34:14.462,12.51288,12.51531,0.00,0.00
2017.03.23 13:34:14.563,12.51288,12.51562,0.00,0.00
2017.03.23 13:34:14.614,12.51338,12.51562,0.00,0.00
2017.03.23 13:34:14.664,12.51359,12.51588,0.00,0.00
2017.03.23 13:34:15.358,12.51339,12.51588,0.00,0.00
2017.03.23 13:34:16.078,12.51318,12.51548,0.00,0.00
2017.03.23 13:34:16.282,12.51291,12.51548,0.00,0.00
2017.03.23 13:34:16.421,12.51291,12.51552,0.00,0.00
2017.03.23 13:34:16.472,12.51298,12.51562,0.00,0.00
2017.03.23 13:34:16.573,12.51291,12.51562,0.00,0.00
2017.03.23 13:34:16.681,12.51298,12.51562,0.00,0.00
2017.03.23 13:34:17.062,12.51358,12.51611,0.00,0.00
2017.03.23 13:34:17.295,12.51348,12.51611,0.00,0.00
2017.03.23 13:34:17.475,12.51358,12.51528,0.00,0.00
2017.03.23 13:34:17.580,12.51288,12.51552,0.00,0.00
2017.03.23 13:34:17.690,12.51258,12.51512,0.00,0.00
2017.03.23 13:34:17.864,12.51252,12.51512,0.00,0.00
2017.03.23 13:34:18.065,12.51269,12.51512,0.00,0.00
2017.03.23 13:34:18.265,12.51252,12.51512,0.00,0.00
2017.03.23 13:34:18.580,12.51238,12.51511,0.00,0.00
2017.03.23 13:34:18.681,12.51239,12.51502,0.00,0.00
2017.03.23 13:34:18.799,12.51239,12.51511,0.00,0.00
2017.03.23 13:34:18.867,12.51269,12.51511,0.00,0.00
2017.03.23 13:34:19.086,12.51258,12.51511,0.00,0.00
2017.03.23 13:34:19.187,12.51249,12.51511,0.00,0.00
2017.03.23 13:34:19.268,12.51239,12.51511,0.00,0.00
2017.03.23 13:34:19.616,12.51239,12.51482,0.00,0.00
2017.03.23 13:34:19.669,12.51249,12.51511,0.00,0.00
2017.03.23 13:34:19.773,12.51239,12.51491,0.00,0.00
2017.03.23 13:34:20.170,12.51239,12.51511,0.00,0.00
2017.03.23 13:34:20.520,12.51239,12.51492,0.00,0.00
2017.03.23 13:34:20.801,12.51239,12.51511,0.00,0.00
2017.03.23 13:34:20.996,12.51248,12.51511,0.00,0.00
2017.03.23 13:34:21.302,12.51338,12.51521,0.00,0.00
2017.03.23 13:34:21.466,12.51288,12.51531,0.00,0.00
2017.03.23 13:34:21.517,12.51299,12.51562,0.00,0.00
2017.03.23 13:34:21.617,12.51289,12.51529,0.00,0.00
2017.03.23 13:34:21.668,12.51268,12.51511,0.00,0.00
2017.03.23 13:34:21.775,12.51239,12.51511,0.00,0.00
2017.03.23 13:34:21.876,12.51239,12.51501,0.00,0.00
2017.03.23 13:34:22.011,12.51248,12.51511,0.00,0.00
2017.03.23 13:34:22.220,12.51239,12.51492,0.00,0.00
2017.03.23 13:34:22.276,12.51239,12.51501,0.00,0.00
2017.03.23 13:34:22.377,12.51248,12.51511,0.00,0.00
2017.03.23 13:34:22.688,12.51239,12.51511,0.00,0.00
2017.03.23 13:34:22.972,12.51258,12.51511,0.00,0.00
2017.03.23 13:34:23.022,12.51239,12.51511,0.00,0.00
2017.03.23 13:34:23.079,12.51248,12.51511,0.00,0.00
2017.03.23 13:34:23.380,12.51239,12.51511,0.00,0.00
2017.03.23 13:34:23.924,12.51239,12.51501,0.00,0.00
2017.03.23 13:34:24.209,12.51248,12.51511,0.00,0.00
2017.03.23 13:34:24.323,12.51239,12.51502,0.00,0.00
2017.03.23 13:34:24.382,12.51239,12.51511,0.00,0.00
2017.03.23 13:34:24.483,12.51239,12.51501,0.00,0.00
2017.03.23 13:34:25.686,12.51239,12.51511,0.00,0.00
2017.03.23 13:34:25.793,12.51268,12.51511,0.00,0.00
2017.03.23 13:34:26.386,12.51239,12.51511,0.00,0.00
2017.03.23 13:34:26.553,12.51239,12.51502,0.00,0.00
2017.03.23 13:34:26.889,12.51239,12.51492,0.00,0.00
2017.03.23 13:34:27.001,12.51239,12.51501,0.00,0.00
2017.03.23 13:34:27.111,12.51208,12.51412,0.00,0.00
2017.03.23 13:34:27.213,12.51169,12.51412,0.00,0.00
2017.03.23 13:34:27.314,12.51142,12.51412,0.00,0.00
2017.03.23 13:34:27.364,12.51189,12.51421,0.00,0.00
2017.03.23 13:34:27.415,12.51189,12.51461,0.00,0.00
2017.03.23 13:34:27.490,12.51209,12.51461,0.00,0.00
2017.03.23 13:34:27.541,12.51238,12.51491,0.00,0.00
2017.03.23 13:34:27.591,12.51238,12.51461,0.00,0.00
2017.03.23 13:34:27.712,12.51238,12.51511,0.00,0.00
2017.03.23 13:34:27.932,12.51238,12.51491,0.00,0.00
2017.03.23 13:34:27.992,12.51238,12.51511,0.00,0.00
2017.03.23 13:34:28.193,12.51238,12.51492,0.00,0.00
2017.03.23 13:34:28.524,12.51238,12.51512,0.00,0.00
2017.03.23 13:34:28.642,12.51238,12.51501,0.00,0.00
2017.03.23 13:34:28.694,12.51248,12.51512,0.00,0.00
2017.03.23 13:34:28.795,12.51259,12.51512,0.00,0.00
2017.03.23 13:34:28.910,12.51248,12.51512,0.00,0.00
2017.03.23 13:34:29.015,12.51258,12.51512,0.00,0.00
2017.03.23 13:34:29.342,12.51288,12.51522,0.00,0.00
2017.03.23 13:34:29.645,12.51338,12.51578,0.00,0.00
2017.03.23 13:34:29.745,12.51338,12.51542,0.00,0.00
2017.03.23 13:34:29.796,12.51289,12.51542,0.00,0.00
2017.03.23 13:34:29.847,12.51309,12.51561,0.00,0.00
2017.03.23 13:34:29.897,12.51299,12.51561,0.00,0.00
2017.03.23 13:34:29.948,12.51338,12.51581,0.00,0.00
2017.03.23 13:34:30.049,12.51258,12.51512,0.00,0.00
2017.03.23 13:34:30.158,12.51238,12.51512,0.00,0.00
2017.03.23 13:34:30.343,12.51248,12.51512,0.00,0.00
2017.03.23 13:34:30.545,12.51239,12.51511,0.00,0.00
2017.03.23 13:34:30.599,12.51288,12.51511,0.00,0.00
2017.03.23 13:34:30.714,12.51239,12.51511,0.00,0.00
2017.03.23 13:34:30.826,12.51269,12.51511,0.00,0.00
2017.03.23 13:34:30.927,12.51239,12.51511,0.00,0.00
2017.03.23 13:34:31.251,12.51248,12.51511,0.00,0.00
2017.03.23 13:34:31.301,12.51239,12.51511,0.00,0.00
2017.03.23 13:34:31.402,12.51268,12.51511,0.00,0.00
2017.03.23 13:34:31.602,12.51239,12.51511,0.00,0.00
2017.03.23 13:34:31.903,12.51269,12.51511,0.00,0.00
2017.03.23 13:34:32.005,12.51248,12.51511,0.00,0.00
2017.03.23 13:34:32.105,12.51239,12.51511,0.00,0.00
2017.03.23 13:34:32.515,12.51258,12.51511,0.00,0.00
2017.03.23 13:34:32.722,12.51239,12.51511,0.00,0.00
2017.03.23 13:34:32.889,12.51268,12.51511,0.00,0.00
2017.03.23 13:34:33.216,12.51249,12.51511,0.00,0.00
2017.03.23 13:34:33.268,12.51288,12.51529,0.00,0.00
2017.03.23 13:34:33.368,12.51289,12.51561,0.00,0.00
2017.03.23 13:34:33.528,12.51298,12.51561,0.00,0.00
2017.03.23 13:34:33.845,12.51268,12.51511,0.00,0.00
2017.03.23 13:34:33.908,12.51249,12.51511,0.00,0.00
2017.03.23 13:34:34.012,12.51278,12.51511,0.00,0.00
2017.03.23 13:34:34.108,12.51239,12.51511,0.00,0.00
2017.03.23 13:34:34.316,12.51338,12.51521,0.00,0.00
2017.03.23 13:34:34.366,12.51338,12.51572,0.00,0.00
2017.03.23 13:34:34.417,12.51348,12.51612,0.00,0.00
2017.03.23 13:34:34.509,12.51358,12.51612,0.00,0.00
2017.03.23 13:34:34.615,12.51349,12.51612,0.00,0.00
2017.03.23 13:34:35.121,12.51338,12.51611,0.00,0.00
2017.03.23 13:34:35.211,12.51359,12.51612,0.00,0.00
2017.03.23 13:34:35.612,12.51348,12.51612,0.00,0.00
2017.03.23 13:34:35.713,12.51369,12.51612,0.00,0.00
2017.03.23 13:34:36.161,12.51388,12.51651,0.00,0.00
2017.03.23 13:34:36.262,12.51438,12.51651,0.00,0.00
2017.03.23 13:34:36.363,12.51438,12.51672,0.00,0.00
2017.03.23 13:34:36.464,12.51438,12.51712,0.00,0.00
2017.03.23 13:34:36.517,12.51458,12.51712,0.00,0.00
2017.03.23 13:34:36.646,12.51438,12.51712,0.00,0.00
2017.03.23 13:34:36.749,12.51459,12.51712,0.00,0.00
2017.03.23 13:34:37.431,12.51449,12.51712,0.00,0.00
2017.03.23 13:34:37.561,12.51438,12.51711,0.00,0.00
2017.03.23 13:34:37.662,12.51438,12.51702,0.00,0.00
2017.03.23 13:34:38.042,12.51438,12.51692,0.00,0.00
2017.03.23 13:34:38.123,12.51438,12.51701,0.00,0.00
2017.03.23 13:34:38.323,12.51438,12.51711,0.00,0.00
2017.03.23 13:34:38.424,12.51438,12.51702,0.00,0.00
2017.03.23 13:34:38.737,12.51448,12.51712,0.00,0.00
2017.03.23 13:34:39.055,12.51458,12.51712,0.00,0.00
2017.03.23 13:34:39.165,12.51438,12.51702,0.00,0.00
2017.03.23 13:34:39.427,12.51438,12.51692,0.00,0.00
2017.03.23 13:34:39.742,12.51419,12.51629,0.00,0.00
2017.03.23 13:34:39.847,12.51388,12.51629,0.00,0.00
2017.03.23 13:34:39.957,12.51349,12.51612,0.00,0.00
2017.03.23 13:34:40.072,12.51338,12.51611,0.00,0.00
2017.03.23 13:34:40.341,12.51388,12.51631,0.00,0.00
2017.03.23 13:34:40.552,12.51438,12.51709,0.00,0.00
2017.03.23 13:34:40.745,12.51438,12.51671,0.00,0.00
2017.03.23 13:34:41.130,12.51438,12.51692,0.00,0.00
2017.03.23 13:34:41.263,12.51438,12.51662,0.00,0.00
2017.03.23 13:34:41.753,12.51438,12.51681,0.00,0.00
2017.03.23 13:34:41.932,12.51438,12.51709,0.00,0.00
2017.03.23 13:34:42.035,12.51438,12.51661,0.00,0.00
2017.03.23 13:34:42.433,12.51438,12.51682,0.00,0.00
2017.03.23 13:34:42.536,12.51438,12.51702,0.00,0.00
2017.03.23 13:34:42.745,12.51438,12.51681,0.00,0.00
2017.03.23 13:34:43.088,12.51349,12.51611,0.00,0.00
2017.03.23 13:34:43.139,12.51339,12.51602,0.00,0.00
2017.03.23 13:34:43.334,12.51358,12.51611,0.00,0.00
2017.03.23 13:34:43.651,12.51368,12.51611,0.00,0.00
2017.03.23 13:34:43.903,12.51338,12.51612,0.00,0.00
2017.03.23 13:34:43.953,12.51368,12.51612,0.00,0.00
2017.03.23 13:34:44.065,12.51338,12.51612,0.00,0.00
2017.03.23 13:34:44.274,12.51359,12.51612,0.00,0.00
2017.03.23 13:34:44.336,12.51338,12.51612,0.00,0.00
2017.03.23 13:34:44.629,12.51388,12.51622,0.00,0.00
2017.03.23 13:34:44.680,12.51388,12.51652,0.00,0.00
2017.03.23 13:34:44.780,12.51368,12.51611,0.00,0.00
2017.03.23 13:34:44.932,12.51389,12.51662,0.00,0.00
2017.03.23 13:34:44.982,12.51388,12.51652,0.00,0.00
2017.03.23 13:34:45.254,12.51438,12.51712,0.00,0.00
2017.03.23 13:34:45.362,12.51438,12.51702,0.00,0.00
2017.03.23 13:34:45.482,12.51438,12.51712,0.00,0.00
2017.03.23 13:34:45.645,12.51438,12.51682,0.00,0.00
2017.03.23 13:34:45.870,12.51438,12.51712,0.00,0.00
2017.03.23 13:34:46.241,12.51438,12.51702,0.00,0.00
2017.03.23 13:34:46.581,12.51389,12.51641,0.00,0.00
2017.03.23 13:34:46.641,12.51389,12.51652,0.00,0.00
2017.03.23 13:34:47.069,12.51439,12.51652,0.00,0.00
2017.03.23 13:34:47.169,12.51389,12.51642,0.00,0.00
2017.03.23 13:34:47.242,12.51399,12.51661,0.00,0.00
2017.03.23 13:34:47.387,12.51389,12.51661,0.00,0.00
2017.03.23 13:34:47.488,12.51389,12.51642,0.00,0.00
2017.03.23 13:34:47.542,12.51389,12.51661,0.00,0.00
2017.03.23 13:34:47.843,12.51389,12.51631,0.00,0.00
2017.03.23 13:34:48.193,12.51428,12.51629,0.00,0.00
2017.03.23 13:34:48.496,12.51438,12.51602,0.00,0.00
2017.03.23 13:34:48.547,12.51368,12.51611,0.00,0.00
2017.03.23 13:34:48.649,12.51339,12.51611,0.00,0.00
2017.03.23 13:34:48.854,12.51359,12.51611,0.00,0.00
2017.03.23 13:34:48.955,12.51339,12.51611,0.00,0.00
2017.03.23 13:34:49.057,12.51339,12.51602,0.00,0.00
2017.03.23 13:34:49.415,12.51339,12.51611,0.00,0.00
2017.03.23 13:34:49.466,12.51339,12.51592,0.00,0.00
2017.03.23 13:34:49.567,12.51339,12.51611,0.00,0.00
2017.03.23 13:34:49.792,12.51358,12.51611,0.00,0.00
2017.03.23 13:34:49.952,12.51339,12.51602,0.00,0.00
2017.03.23 13:34:50.198,12.51348,12.51611,0.00,0.00
2017.03.23 13:34:50.560,12.51339,12.51602,0.00,0.00
2017.03.23 13:34:50.653,12.51339,12.51611,0.00,0.00
2017.03.23 13:34:50.779,12.51339,12.51602,0.00,0.00
2017.03.23 13:34:51.105,12.51439,12.51692,0.00,0.00
2017.03.23 13:34:51.395,12.51439,12.51711,0.00,0.00
2017.03.23 13:34:51.668,12.51448,12.51711,0.00,0.00
2017.03.23 13:34:51.899,12.51388,12.51662,0.00,0.00
2017.03.23 13:34:52.000,12.51349,12.51612,0.00,0.00
2017.03.23 13:34:52.100,12.51338,12.51612,0.00,0.00
2017.03.23 13:34:52.151,12.51388,12.51622,0.00,0.00
2017.03.23 13:34:52.454,12.51439,12.51622,0.00,0.00
2017.03.23 13:34:52.505,12.51439,12.51711,0.00,0.00
2017.03.23 13:34:52.882,12.51439,12.51661,0.00,0.00
2017.03.23 13:34:52.983,12.51338,12.51612,0.00,0.00
2017.03.23 13:34:53.106,12.51338,12.51602,0.00,0.00
2017.03.23 13:34:53.361,12.51338,12.51612,0.00,0.00
2017.03.23 13:34:53.563,12.51338,12.51602,0.00,0.00
2017.03.23 13:34:53.886,12.51338,12.51591,0.00,0.00
2017.03.23 13:34:53.987,12.51348,12.51612,0.00,0.00
2017.03.23 13:34:54.098,12.51358,12.51612,0.00,0.00
2017.03.23 13:34:54.293,12.51338,12.51612,0.00,0.00
2017.03.23 13:34:54.364,12.51348,12.51612,0.00,0.00
2017.03.23 13:34:54.754,12.51338,12.51592,0.00,0.00
2017.03.23 13:34:55.817,12.51388,12.51592,0.00,0.00
2017.03.23 13:34:55.867,12.51391,12.51631,0.00,0.00
2017.03.23 13:34:55.918,12.51388,12.51631,0.00,0.00
2017.03.23 13:34:56.091,12.51368,12.51612,0.00,0.00
2017.03.23 13:34:56.192,12.51392,12.51612,0.00,0.00
2017.03.23 13:34:56.343,12.51392,12.51652,0.00,0.00
2017.03.23 13:34:56.394,12.51418,12.51662,0.00,0.00
2017.03.23 13:34:56.494,12.51438,12.51691,0.00,0.00
2017.03.23 13:34:56.600,12.51438,12.51671,0.00,0.00
2017.03.23 13:34:56.669,12.51438,12.51691,0.00,0.00
2017.03.23 13:34:56.809,12.51438,12.51702,0.00,0.00
2017.03.23 13:34:56.869,12.51438,12.51672,0.00,0.00
2017.03.23 13:34:56.970,12.51449,12.51712,0.00,0.00
2017.03.23 13:34:57.206,12.51438,12.51692,0.00,0.00
2017.03.23 13:34:57.526,12.51438,12.51712,0.00,0.00
2017.03.23 13:34:57.788,12.51438,12.51682,0.00,0.00
2017.03.23 13:34:57.894,12.51448,12.51712,0.00,0.00
2017.03.23 13:34:58.107,12.51439,12.51712,0.00,0.00
2017.03.23 13:34:58.208,12.51458,12.51712,0.00,0.00
2017.03.23 13:34:58.309,12.51439,12.51712,0.00,0.00
2017.03.23 13:34:58.411,12.51438,12.51672,0.00,0.00
2017.03.23 13:34:58.602,12.51438,12.51701,0.00,0.00
2017.03.23 13:34:58.752,12.51438,12.51711,0.00,0.00
2017.03.23 13:34:58.803,12.51438,12.51662,0.00,0.00
2017.03.23 13:34:58.877,12.51438,12.51702,0.00,0.00
2017.03.23 13:34:58.978,12.51438,12.51662,0.00,0.00
2017.03.23 13:34:59.468,12.51389,12.51638,0.00,0.00
2017.03.23 13:34:59.518,12.51448,12.51638,0.00,0.00
2017.03.23 13:34:59.619,12.51369,12.51612,0.00,0.00
2017.03.23 13:34:59.679,12.51338,12.51612,0.00,0.00
2017.03.23 13:34:59.923,12.51349,12.51612,0.00,0.00
2017.03.23 13:35:00.244,12.51449,12.51712,0.00,0.00
2017.03.23 13:35:00.295,12.51439,12.51712,0.00,0.00
2017.03.23 13:35:00.514,12.51448,12.51712,0.00,0.00
2017.03.23 13:35:00.827,12.51538,12.51742,0.00,0.00
2017.03.23 13:35:00.928,12.51538,12.51761,0.00,0.00
2017.03.23 13:35:01.028,12.51539,12.51792,0.00,0.00
2017.03.23 13:35:01.227,12.51539,12.51811,0.00,0.00
2017.03.23 13:35:01.686,12.51549,12.51811,0.00,0.00
2017.03.23 13:35:02.033,12.51628,12.51882,0.00,0.00
2017.03.23 13:35:02.088,12.51628,12.51902,0.00,0.00
2017.03.23 13:35:02.488,12.51628,12.51882,0.00,0.00
2017.03.23 13:35:02.589,12.51628,12.51901,0.00,0.00
2017.03.23 13:35:02.789,12.51628,12.51891,0.00,0.00
2017.03.23 13:35:03.097,12.51631,12.51881,0.00,0.00
2017.03.23 13:35:03.635,12.51631,12.51902,0.00,0.00
2017.03.23 13:35:03.807,12.51631,12.51892,0.00,0.00
2017.03.23 13:35:04.092,12.51631,12.51902,0.00,0.00
2017.03.23 13:35:04.209,12.51631,12.51881,0.00,0.00
2017.03.23 13:35:04.320,12.51631,12.51892,0.00,0.00
2017.03.23 13:35:04.479,12.51631,12.51902,0.00,0.00
2017.03.23 13:35:04.615,12.51631,12.51882,0.00,0.00
2017.03.23 13:35:04.693,12.51631,12.51902,0.00,0.00
2017.03.23 13:35:04.795,12.51631,12.51861,0.00,0.00
2017.03.23 13:35:05.138,12.51631,12.51901,0.00,0.00
2017.03.23 13:35:05.195,12.51649,12.51902,0.00,0.00
2017.03.23 13:35:05.298,12.51639,12.51902,0.00,0.00
2017.03.23 13:35:05.396,12.51631,12.51902,0.00,0.00
2017.03.23 13:35:05.694,12.51648,12.51902,0.00,0.00
2017.03.23 13:35:05.744,12.51631,12.51902,0.00,0.00
2017.03.23 13:35:05.845,12.51658,12.51902,0.00,0.00
2017.03.23 13:35:05.897,12.51638,12.51902,0.00,0.00
2017.03.23 13:35:06.033,12.51631,12.51901,0.00,0.00
2017.03.23 13:35:06.098,12.51631,12.51892,0.00,0.00
2017.03.23 13:35:06.406,12.51631,12.51901,0.00,0.00
2017.03.23 13:35:06.499,12.51631,12.51892,0.00,0.00
2017.03.23 13:35:06.826,12.51638,12.51902,0.00,0.00
2017.03.23 13:35:07.402,12.51631,12.51891,0.00,0.00
2017.03.23 13:35:07.787,12.51631,12.51882,0.00,0.00
2017.03.23 13:35:08.254,12.51598,12.51851,0.00,0.00
2017.03.23 13:35:08.305,12.51609,12.51851,0.00,0.00
2017.03.23 13:35:08.632,12.51572,12.51801,0.00,0.00
2017.03.23 13:35:09.185,12.51529,12.51801,0.00,0.00
2017.03.23 13:35:09.506,12.51538,12.51801,0.00,0.00
2017.03.23 13:35:10.207,12.51529,12.51801,0.00,0.00
2017.03.23 13:35:10.708,12.51538,12.51801,0.00,0.00
2017.03.23 13:35:10.957,12.51529,12.51801,0.00,0.00
2017.03.23 13:35:11.309,12.51529,12.51791,0.00,0.00
2017.03.23 13:35:11.415,12.51529,12.51801,0.00,0.00
2017.03.23 13:35:11.516,12.51558,12.51801,0.00,0.00
2017.03.23 13:35:11.655,12.51539,12.51801,0.00,0.00
2017.03.23 13:35:11.710,12.51529,12.51801,0.00,0.00
2017.03.23 13:35:12.430,12.51539,12.51801,0.00,0.00
2017.03.23 13:35:12.545,12.51529,12.51801,0.00,0.00
2017.03.23 13:35:12.868,12.51518,12.51751,0.00,0.00
2017.03.23 13:35:12.918,12.51508,12.51748,0.00,0.00
2017.03.23 13:35:12.969,12.51508,12.51751,0.00,0.00
2017.03.23 13:35:13.080,12.51478,12.51731,0.00,0.00
2017.03.23 13:35:13.357,12.51528,12.51731,0.00,0.00
2017.03.23 13:35:13.460,12.51528,12.51782,0.00,0.00
2017.03.23 13:35:13.514,12.51548,12.51802,0.00,0.00
2017.03.23 13:35:13.915,12.51529,12.51802,0.00,0.00
2017.03.23 13:35:14.139,12.51548,12.51802,0.00,0.00
2017.03.23 13:35:14.240,12.51528,12.51802,0.00,0.00
2017.03.23 13:35:14.466,12.51519,12.51752,0.00,0.00
2017.03.23 13:35:14.516,12.51488,12.51752,0.00,0.00
2017.03.23 13:35:14.616,12.51478,12.51751,0.00,0.00
2017.03.23 13:35:14.717,12.51498,12.51752,0.00,0.00
2017.03.23 13:35:14.818,12.51478,12.51752,0.00,0.00
2017.03.23 13:35:14.938,12.51479,12.51702,0.00,0.00
2017.03.23 13:35:15.045,12.51458,12.51702,0.00,0.00
2017.03.23 13:35:15.199,12.51478,12.51742,0.00,0.00
2017.03.23 13:35:15.250,12.51488,12.51752,0.00,0.00
2017.03.23 13:35:15.559,12.51528,12.51791,0.00,0.00
2017.03.23 13:35:15.938,12.51548,12.51802,0.00,0.00
2017.03.23 13:35:16.057,12.51539,12.51802,0.00,0.00
2017.03.23 13:35:16.170,12.51529,12.51802,0.00,0.00
2017.03.23 13:35:16.220,12.51558,12.51802,0.00,0.00
2017.03.23 13:35:16.547,12.51569,12.51802,0.00,0.00
2017.03.23 13:35:17.059,12.51538,12.51802,0.00,0.00
2017.03.23 13:35:17.221,12.51568,12.51802,0.00,0.00
2017.03.23 13:35:17.531,12.51549,12.51802,0.00,0.00
2017.03.23 13:35:17.623,12.51538,12.51802,0.00,0.00
2017.03.23 13:35:17.739,12.51548,12.51802,0.00,0.00
2017.03.23 13:35:17.840,12.51528,12.51802,0.00,0.00
2017.03.23 13:35:17.923,12.51549,12.51802,0.00,0.00
2017.03.23 13:35:18.125,12.51528,12.51802,0.00,0.00
2017.03.23 13:35:18.232,12.51528,12.51772,0.00,0.00
2017.03.23 13:35:18.424,12.51528,12.51802,0.00,0.00
2017.03.23 13:35:18.525,12.51528,12.51782,0.00,0.00
2017.03.23 13:35:18.862,12.51501,12.51751,0.00,0.00
2017.03.23 13:35:18.913,12.51489,12.51748,0.00,0.00
2017.03.23 13:35:18.963,12.51498,12.51748,0.00,0.00
2017.03.23 13:35:19.326,12.51488,12.51702,0.00,0.00
2017.03.23 13:35:19.455,12.51459,12.51702,0.00,0.00
2017.03.23 13:35:19.655,12.51489,12.51702,0.00,0.00
2017.03.23 13:35:19.764,12.51458,12.51702,0.00,0.00
2017.03.23 13:35:19.866,12.51488,12.51702,0.00,0.00
2017.03.23 13:35:20.044,12.51448,12.51702,0.00,0.00
2017.03.23 13:35:20.730,12.51438,12.51702,0.00,0.00
2017.03.23 13:35:21.031,12.51448,12.51702,0.00,0.00
2017.03.23 13:35:21.132,12.51438,12.51702,0.00,0.00
2017.03.23 13:35:21.242,12.51468,12.51702,0.00,0.00
2017.03.23 13:35:21.710,12.51479,12.51702,0.00,0.00
2017.03.23 13:35:21.760,12.51458,12.51702,0.00,0.00
2017.03.23 13:35:21.862,12.51448,12.51702,0.00,0.00
2017.03.23 13:35:21.962,12.51458,12.51702,0.00,0.00
2017.03.23 13:35:22.144,12.51448,12.51702,0.00,0.00
2017.03.23 13:35:22.474,12.51458,12.51702,0.00,0.00
2017.03.23 13:35:22.766,12.51428,12.51701,0.00,0.00
2017.03.23 13:35:22.868,12.51428,12.51672,0.00,0.00
2017.03.23 13:35:22.918,12.51388,12.51649,0.00,0.00
2017.03.23 13:35:22.969,12.51399,12.51649,0.00,0.00
2017.03.23 13:35:23.070,12.51338,12.51602,0.00,0.00
2017.03.23 13:35:23.238,12.51328,12.51602,0.00,0.00
2017.03.23 13:35:23.473,12.51349,12.51602,0.00,0.00
2017.03.23 13:35:23.538,12.51329,12.51602,0.00,0.00
2017.03.23 13:35:23.642,12.51338,12.51602,0.00,0.00
2017.03.23 13:35:23.952,12.51329,12.51602,0.00,0.00
2017.03.23 13:35:24.244,12.51368,12.51602,0.00,0.00
2017.03.23 13:35:24.641,12.51378,12.51602,0.00,0.00
2017.03.23 13:35:24.742,12.51359,12.51602,0.00,0.00
2017.03.23 13:35:24.843,12.51379,12.51602,0.00,0.00
2017.03.23 13:35:25.043,12.51358,12.51602,0.00,0.00
2017.03.23 13:35:25.153,12.51339,12.51602,0.00,0.00
2017.03.23 13:35:25.243,12.51329,12.51602,0.00,0.00
2017.03.23 13:35:25.346,12.51389,12.51602,0.00,0.00
2017.03.23 13:35:25.448,12.51368,12.51602,0.00,0.00
2017.03.23 13:35:25.561,12.51359,12.51602,0.00,0.00
2017.03.23 13:35:25.644,12.51329,12.51602,0.00,0.00
2017.03.23 13:35:25.792,12.51349,12.51602,0.00,0.00
2017.03.23 13:35:26.069,12.51338,12.51602,0.00,0.00
2017.03.23 13:35:26.195,12.51329,12.51602,0.00,0.00
2017.03.23 13:35:26.296,12.51358,12.51602,0.00,0.00
2017.03.23 13:35:26.347,12.51329,12.51602,0.00,0.00
2017.03.23 13:35:26.586,12.51349,12.51602,0.00,0.00
2017.03.23 13:35:26.647,12.51328,12.51602,0.00,0.00
2017.03.23 13:35:27.445,12.51339,12.51602,0.00,0.00
2017.03.23 13:35:27.497,12.51328,12.51592,0.00,0.00
2017.03.23 13:35:27.598,12.51308,12.51551,0.00,0.00
2017.03.23 13:35:27.886,12.51251,12.51501,0.00,0.00
2017.03.23 13:35:28.152,12.51278,12.51501,0.00,0.00
2017.03.23 13:35:28.253,12.51251,12.51501,0.00,0.00
2017.03.23 13:35:28.810,12.51239,12.51501,0.00,0.00
2017.03.23 13:35:29.153,12.51259,12.51501,0.00,0.00
2017.03.23 13:35:29.454,12.51278,12.51501,0.00,0.00
2017.03.23 13:35:29.555,12.51278,12.51512,0.00,0.00
2017.03.23 13:35:29.654,12.51269,12.51512,0.00,0.00
2017.03.23 13:35:29.788,12.51288,12.51512,0.00,0.00
2017.03.23 13:35:30.693,12.51248,12.51512,0.00,0.00
2017.03.23 13:35:30.757,12.51238,12.51512,0.00,0.00
2017.03.23 13:35:31.094,12.51249,12.51512,0.00,0.00
2017.03.23 13:35:31.200,12.51238,12.51512,0.00,0.00
2017.03.23 13:35:31.358,12.51249,12.51512,0.00,0.00
2017.03.23 13:35:31.764,12.51259,12.51512,0.00,0.00
2017.03.23 13:35:31.864,12.51248,12.51512,0.00,0.00
2017.03.23 13:35:31.988,12.51268,12.51512,0.00,0.00
2017.03.23 13:35:32.110,12.51238,12.51512,0.00,0.00
2017.03.23 13:35:32.161,12.51248,12.51512,0.00,0.00
2017.03.23 13:35:32.266,12.51238,12.51512,0.00,0.00
2017.03.23 13:35:32.361,12.51258,12.51512,0.00,0.00
2017.03.23 13:35:32.901,12.51268,12.51512,0.00,0.00
2017.03.23 13:35:33.063,12.51249,12.51512,0.00,0.00
2017.03.23 13:35:33.184,12.51258,12.51512,0.00,0.00
2017.03.23 13:35:33.384,12.51238,12.51512,0.00,0.00
2017.03.23 13:35:33.564,12.51279,12.51512,0.00,0.00
2017.03.23 13:35:33.614,12.51268,12.51512,0.00,0.00
2017.03.23 13:35:33.915,12.51239,12.51512,0.00,0.00
2017.03.23 13:35:34.204,12.51258,12.51512,0.00,0.00
2017.03.23 13:35:35.205,12.51238,12.51512,0.00,0.00
2017.03.23 13:35:35.372,12.51268,12.51512,0.00,0.00
2017.03.23 13:35:35.774,12.51238,12.51512,0.00,0.00
2017.03.23 13:35:35.875,12.51268,12.51512,0.00,0.00
2017.03.23 13:35:35.982,12.51258,12.51512,0.00,0.00
2017.03.23 13:35:36.033,12.51301,12.51542,0.00,0.00
2017.03.23 13:35:36.184,12.51339,12.51611,0.00,0.00
2017.03.23 13:35:36.300,12.51348,12.51562,0.00,0.00
2017.03.23 13:35:36.409,12.51339,12.51611,0.00,0.00
2017.03.23 13:35:36.460,12.51339,12.51599,0.00,0.00
2017.03.23 13:35:36.561,12.51299,12.51562,0.00,0.00
2017.03.23 13:35:36.715,12.51278,12.51512,0.00,0.00
2017.03.23 13:35:36.815,12.51271,12.51512,0.00,0.00
2017.03.23 13:35:37.051,12.51239,12.51512,0.00,0.00
2017.03.23 13:35:37.276,12.51259,12.51512,0.00,0.00
2017.03.23 13:35:37.593,12.51239,12.51512,0.00,0.00
2017.03.23 13:35:37.677,12.51248,12.51512,0.00,0.00
2017.03.23 13:35:38.195,12.51238,12.51512,0.00,0.00
2017.03.23 13:35:38.421,12.51238,12.51502,0.00,0.00
2017.03.23 13:35:38.522,12.51238,12.51511,0.00,0.00
2017.03.23 13:35:38.801,12.51258,12.51512,0.00,0.00
2017.03.23 13:35:39.187,12.51278,12.51512,0.00,0.00
2017.03.23 13:35:39.419,12.51268,12.51512,0.00,0.00
2017.03.23 13:35:39.520,12.51238,12.51512,0.00,0.00
2017.03.23 13:35:39.808,12.51258,12.51512,0.00,0.00
2017.03.23 13:35:39.988,12.51238,12.51512,0.00,0.00
2017.03.23 13:35:40.210,12.51268,12.51512,0.00,0.00
2017.03.23 13:35:40.504,12.51238,12.51511,0.00,0.00
2017.03.23 13:35:41.432,12.51258,12.51512,0.00,0.00
2017.03.23 13:35:41.699,12.51238,12.51512,0.00,0.00
2017.03.23 13:35:41.814,12.51249,12.51512,0.00,0.00
2017.03.23 13:35:41.992,12.51239,12.51512,0.00,0.00
2017.03.23 13:35:42.412,12.51269,12.51512,0.00,0.00
2017.03.23 13:35:42.765,12.51279,12.51512,0.00,0.00
2017.03.23 13:35:43.124,12.51289,12.51512,0.00,0.00
2017.03.23 13:35:43.188,12.51279,12.51512,0.00,0.00
2017.03.23 13:35:43.909,12.51289,12.51512,0.00,0.00
2017.03.23 13:35:44.239,12.51298,12.51512,0.00,0.00
2017.03.23 13:35:44.290,12.51288,12.51512,0.00,0.00
2017.03.23 13:35:44.429,12.51339,12.51581,0.00,0.00
2017.03.23 13:35:44.615,12.51358,12.51608,0.00,0.00
2017.03.23 13:35:44.936,12.51339,12.51592,0.00,0.00
2017.03.23 13:35:45.220,12.51339,12.51602,0.00,0.00
2017.03.23 13:35:45.441,12.51368,12.51611,0.00,0.00
2017.03.23 13:35:45.494,12.51349,12.51611,0.00,0.00
2017.03.23 13:35:46.151,12.51438,12.51642,0.00,0.00
2017.03.23 13:35:46.207,12.51438,12.51709,0.00,0.00
2017.03.23 13:35:46.318,12.51438,12.51712,0.00,0.00
2017.03.23 13:35:46.421,12.51438,12.51681,0.00,0.00
2017.03.23 13:35:46.522,12.51438,12.51712,0.00,0.00
2017.03.23 13:35:46.846,12.51448,12.51712,0.00,0.00
2017.03.23 13:35:46.900,12.51439,12.51712,0.00,0.00
2017.03.23 13:35:47.000,12.51438,12.51692,0.00,0.00
2017.03.23 13:35:47.112,12.51448,12.51712,0.00,0.00
2017.03.23 13:35:47.213,12.51438,12.51712,0.00,0.00
2017.03.23 13:35:47.323,12.51449,12.51712,0.00,0.00
2017.03.23 13:35:47.751,12.51458,12.51712,0.00,0.00
2017.03.23 13:35:47.852,12.51438,12.51712,0.00,0.00
2017.03.23 13:35:47.904,12.51438,12.51701,0.00,0.00
2017.03.23 13:35:48.104,12.51438,12.51712,0.00,0.00
2017.03.23 13:35:48.352,12.51449,12.51712,0.00,0.00
2017.03.23 13:35:48.512,12.51439,12.51712,0.00,0.00
2017.03.23 13:35:48.622,12.51458,12.51712,0.00,0.00
2017.03.23 13:35:49.019,12.51438,12.51712,0.00,0.00
2017.03.23 13:35:49.138,12.51438,12.51681,0.00,0.00
2017.03.23 13:35:49.409,12.51439,12.51712,0.00,0.00
2017.03.23 13:35:49.632,12.51399,12.51649,0.00,0.00
2017.03.23 13:35:49.835,12.51348,12.51611,0.00,0.00
2017.03.23 13:35:50.142,12.51358,12.51611,0.00,0.00
2017.03.23 13:35:50.371,12.51339,12.51611,0.00,0.00
2017.03.23 13:35:50.422,12.51369,12.51611,0.00,0.00
2017.03.23 13:35:50.573,12.51388,12.51649,0.00,0.00
2017.03.23 13:35:50.738,12.51378,12.51611,0.00,0.00
2017.03.23 13:35:50.839,12.51348,12.51611,0.00,0.00
2017.03.23 13:35:51.027,12.51369,12.51611,0.00,0.00
2017.03.23 13:35:51.255,12.51348,12.51611,0.00,0.00
2017.03.23 13:35:51.407,12.51389,12.51632,0.00,0.00
2017.03.23 13:35:51.458,12.51389,12.51661,0.00,0.00
2017.03.23 13:35:51.508,12.51402,12.51661,0.00,0.00
2017.03.23 13:35:51.632,12.51448,12.51711,0.00,0.00
2017.03.23 13:35:51.826,12.51439,12.51691,0.00,0.00
2017.03.23 13:35:51.897,12.51409,12.51662,0.00,0.00
2017.03.23 13:35:52.062,12.51388,12.51641,0.00,0.00
2017.03.23 13:35:52.217,12.51388,12.51652,0.00,0.00
2017.03.23 13:35:52.359,12.51388,12.51642,0.00,0.00
2017.03.23 13:35:52.460,12.51388,12.51652,0.00,0.00
2017.03.23 13:35:52.920,12.51358,12.51611,0.00,0.00
2017.03.23 13:35:53.183,12.51339,12.51602,0.00,0.00
2017.03.23 13:35:53.619,12.51339,12.51611,0.00,0.00
2017.03.23 13:35:53.826,12.51339,12.51602,0.00,0.00
2017.03.23 13:35:54.160,12.51251,12.51512,0.00,0.00
2017.03.23 13:35:54.522,12.51269,12.51512,0.00,0.00
2017.03.23 13:35:54.853,12.51238,12.51512,0.00,0.00
2017.03.23 13:35:54.904,12.51228,12.51462,0.00,0.00
2017.03.23 13:35:55.155,12.51162,12.51412,0.00,0.00
2017.03.23 13:35:55.224,12.51188,12.51412,0.00,0.00
2017.03.23 13:35:55.457,12.51168,12.51412,0.00,0.00
2017.03.23 13:35:55.557,12.51188,12.51442,0.00,0.00
2017.03.23 13:35:55.625,12.51189,12.51462,0.00,0.00
2017.03.23 13:35:55.749,12.51208,12.51412,0.00,0.00
2017.03.23 13:35:55.850,12.51168,12.51411,0.00,0.00
2017.03.23 13:35:56.002,12.51188,12.51452,0.00,0.00
2017.03.23 13:35:56.053,12.51199,12.51462,0.00,0.00
2017.03.23 13:35:56.226,12.51188,12.51462,0.00,0.00
2017.03.23 13:35:56.277,12.51178,12.51411,0.00,0.00
2017.03.23 13:35:56.327,12.51169,12.51411,0.00,0.00
2017.03.23 13:35:56.519,12.51188,12.51451,0.00,0.00
2017.03.23 13:35:56.658,12.51188,12.51462,0.00,0.00
2017.03.23 13:35:56.709,12.51188,12.51412,0.00,0.00
2017.03.23 13:35:56.860,12.51159,12.51412,0.00,0.00
2017.03.23 13:35:57.115,12.51188,12.51441,0.00,0.00
2017.03.23 13:35:57.330,12.51248,12.51511,0.00,0.00
2017.03.23 13:35:57.444,12.51239,12.51511,0.00,0.00
2017.03.23 13:35:57.545,12.51268,12.51511,0.00,0.00
2017.03.23 13:35:57.777,12.51239,12.51511,0.00,0.00
2017.03.23 13:35:58.192,12.51229,12.51462,0.00,0.00
2017.03.23 13:35:58.347,12.51168,12.51412,0.00,0.00
2017.03.23 13:35:58.432,12.51158,12.51412,0.00,0.00
2017.03.23 13:35:58.633,12.51148,12.51412,0.00,0.00
2017.03.23 13:35:58.733,12.51168,12.51412,0.00,0.00
2017.03.23 13:35:58.834,12.51149,12.51412,0.00,0.00
2017.03.23 13:35:59.459,12.51158,12.51412,0.00,0.00
2017.03.23 13:35:59.585,12.51189,12.51462,0.00,0.00
2017.03.23 13:35:59.636,12.51198,12.51449,0.00,0.00
2017.03.23 13:35:59.886,12.51149,12.51411,0.00,0.00
2017.03.23 13:35:59.936,12.51158,12.51411,0.00,0.00
2017.03.23 13:36:00.042,12.51149,12.51411,0.00,0.00
2017.03.23 13:36:00.136,12.51178,12.51411,0.00,0.00
2017.03.23 13:36:00.237,12.51169,12.51411,0.00,0.00
2017.03.23 13:36:00.349,12.51148,12.51411,0.00,0.00
2017.03.23 13:36:00.450,12.51128,12.51311,0.00,0.00
2017.03.23 13:36:00.551,12.51071,12.51311,0.00,0.00
2017.03.23 13:36:01.089,12.51048,12.51311,0.00,0.00
2017.03.23 13:36:01.139,12.51068,12.51311,0.00,0.00
2017.03.23 13:36:01.349,12.51039,12.51311,0.00,0.00
2017.03.23 13:36:01.451,12.51078,12.51311,0.00,0.00
2017.03.23 13:36:01.740,12.51069,12.51311,0.00,0.00
2017.03.23 13:36:02.015,12.51008,12.51212,0.00,0.00
2017.03.23 13:36:02.166,12.50979,12.51202,0.00,0.00
2017.03.23 13:36:02.275,12.50999,12.51202,0.00,0.00
2017.03.23 13:36:02.376,12.50989,12.51202,0.00,0.00
2017.03.23 13:36:02.480,12.50979,12.51202,0.00,0.00
2017.03.23 13:36:02.584,12.50948,12.51139,0.00,0.00
2017.03.23 13:36:02.763,12.50899,12.51139,0.00,0.00
2017.03.23 13:36:02.843,12.50878,12.51111,0.00,0.00
2017.03.23 13:36:02.894,12.50859,12.51111,0.00,0.00
2017.03.23 13:36:02.944,12.50939,12.51141,0.00,0.00
2017.03.23 13:36:03.058,12.50968,12.51189,0.00,0.00
2017.03.23 13:36:03.108,12.50968,12.51162,0.00,0.00
2017.03.23 13:36:03.259,12.50848,12.51111,0.00,0.00
2017.03.23 13:36:03.310,12.50848,12.51028,0.00,0.00
2017.03.23 13:36:03.361,12.50809,12.51011,0.00,0.00
2017.03.23 13:36:03.505,12.50748,12.51011,0.00,0.00
2017.03.23 13:36:03.557,12.50742,12.50962,0.00,0.00
2017.03.23 13:36:03.658,12.50788,12.51062,0.00,0.00
2017.03.23 13:36:03.709,12.50788,12.51038,0.00,0.00
2017.03.23 13:36:03.864,12.50748,12.51012,0.00,0.00
2017.03.23 13:36:03.916,12.50748,12.50962,0.00,0.00
2017.03.23 13:36:03.967,12.50739,12.50962,0.00,0.00
2017.03.23 13:36:04.017,12.50739,12.50939,0.00,0.00
2017.03.23 13:36:04.068,12.50652,12.50912,0.00,0.00
2017.03.23 13:36:04.119,12.50638,12.50912,0.00,0.00
2017.03.23 13:36:04.363,12.50658,12.50912,0.00,0.00
2017.03.23 13:36:04.676,12.50648,12.50872,0.00,0.00
2017.03.23 13:36:04.990,12.50629,12.50812,0.00,0.00
2017.03.23 13:36:05.219,12.50558,12.50762,0.00,0.00
2017.03.23 13:36:05.270,12.50528,12.50762,0.00,0.00
2017.03.23 13:36:05.377,12.50559,12.50762,0.00,0.00
2017.03.23 13:36:05.754,12.50568,12.50762,0.00,0.00
2017.03.23 13:36:05.930,12.50528,12.50762,0.00,0.00
2017.03.23 13:36:06.006,12.50518,12.50762,0.00,0.00
2017.03.23 13:36:06.057,12.50559,12.50762,0.00,0.00
2017.03.23 13:36:06.219,12.50518,12.50761,0.00,0.00
2017.03.23 13:36:06.392,12.50568,12.50761,0.00,0.00
2017.03.23 13:36:06.496,12.50601,12.50812,0.00,0.00
2017.03.23 13:36:06.720,12.50601,12.50862,0.00,0.00
2017.03.23 13:36:06.770,12.50668,12.50862,0.00,0.00
2017.03.23 13:36:06.871,12.50609,12.50862,0.00,0.00
2017.03.23 13:36:06.990,12.50601,12.50862,0.00,0.00
2017.03.23 13:36:07.052,12.50601,12.50812,0.00,0.00
2017.03.23 13:36:07.203,12.50638,12.50862,0.00,0.00
2017.03.23 13:36:07.305,12.50601,12.50862,0.00,0.00
2017.03.23 13:36:07.358,12.50659,12.50862,0.00,0.00
2017.03.23 13:36:07.460,12.50648,12.50862,0.00,0.00
2017.03.23 13:36:07.558,12.50619,12.50862,0.00,0.00
2017.03.23 13:36:07.688,12.50659,12.50862,0.00,0.00
2017.03.23 13:36:07.759,12.50601,12.50862,0.00,0.00
2017.03.23 13:36:07.810,12.50598,12.50812,0.00,0.00
2017.03.23 13:36:07.963,12.50602,12.50861,0.00,0.00
2017.03.23 13:36:08.068,12.50609,12.50861,0.00,0.00
2017.03.23 13:36:08.377,12.50638,12.50861,0.00,0.00
2017.03.23 13:36:08.771,12.50648,12.50861,0.00,0.00
2017.03.23 13:36:08.873,12.50618,12.50861,0.00,0.00
2017.03.23 13:36:09.063,12.50608,12.50861,0.00,0.00
2017.03.23 13:36:09.164,12.50628,12.50861,0.00,0.00
2017.03.23 13:36:09.375,12.50618,12.50861,0.00,0.00
2017.03.23 13:36:09.477,12.50648,12.50861,0.00,0.00
2017.03.23 13:36:09.835,12.50669,12.50861,0.00,0.00
2017.03.23 13:36:09.886,12.50608,12.50861,0.00,0.00
2017.03.23 13:36:10.007,12.50602,12.50861,0.00,0.00
2017.03.23 13:36:10.214,12.50608,12.50812,0.00,0.00
2017.03.23 13:36:10.474,12.50518,12.50762,0.00,0.00
2017.03.23 13:36:10.574,12.50529,12.50771,0.00,0.00
2017.03.23 13:36:10.705,12.50519,12.50771,0.00,0.00
2017.03.23 13:36:10.755,12.50519,12.50719,0.00,0.00
2017.03.23 13:36:10.911,12.50468,12.50672,0.00,0.00
2017.03.23 13:36:10.969,12.50458,12.50672,0.00,0.00
2017.03.23 13:36:11.118,12.50448,12.50672,0.00,0.00
2017.03.23 13:36:11.169,12.50439,12.50672,0.00,0.00
2017.03.23 13:36:11.273,12.50418,12.50619,0.00,0.00
2017.03.23 13:36:11.568,12.50368,12.50572,0.00,0.00
2017.03.23 13:36:11.619,12.50379,12.50572,0.00,0.00
2017.03.23 13:36:11.670,12.50368,12.50572,0.00,0.00
2017.03.23 13:36:11.888,12.50399,12.50572,0.00,0.00
2017.03.23 13:36:11.972,12.50348,12.50572,0.00,0.00
2017.03.23 13:36:12.080,12.50409,12.50572,0.00,0.00
2017.03.23 13:36:12.214,12.50369,12.50572,0.00,0.00
2017.03.23 13:36:12.315,12.50402,12.50621,0.00,0.00
2017.03.23 13:36:12.475,12.50402,12.50661,0.00,0.00
2017.03.23 13:36:12.531,12.50469,12.50672,0.00,0.00
2017.03.23 13:36:12.582,12.50459,12.50672,0.00,0.00
2017.03.23 13:36:12.695,12.50419,12.50672,0.00,0.00
2017.03.23 13:36:12.811,12.50458,12.50672,0.00,0.00
2017.03.23 13:36:12.976,12.50438,12.50672,0.00,0.00
2017.03.23 13:36:13.082,12.50428,12.50672,0.00,0.00
2017.03.23 13:36:13.187,12.50459,12.50672,0.00,0.00
2017.03.23 13:36:13.288,12.50438,12.50672,0.00,0.00
2017.03.23 13:36:13.672,12.50501,12.50721,0.00,0.00
2017.03.23 13:36:13.773,12.50501,12.50761,0.00,0.00
2017.03.23 13:36:13.823,12.50538,12.50772,0.00,0.00
2017.03.23 13:36:14.025,12.50559,12.50818,0.00,0.00
2017.03.23 13:36:14.075,12.50602,12.50822,0.00,0.00
2017.03.23 13:36:14.176,12.50612,12.50871,0.00,0.00
2017.03.23 13:36:14.227,12.50629,12.50871,0.00,0.00
2017.03.23 13:36:14.570,12.50708,12.50862,0.00,0.00
2017.03.23 13:36:14.620,12.50701,12.50862,0.00,0.00
2017.03.23 13:36:14.671,12.50701,12.50961,0.00,0.00
2017.03.23 13:36:14.721,12.50662,12.50922,0.00,0.00
2017.03.23 13:36:14.872,12.50648,12.50911,0.00,0.00
2017.03.23 13:36:14.923,12.50648,12.50861,0.00,0.00
2017.03.23 13:36:15.024,12.50618,12.50861,0.00,0.00
2017.03.23 13:36:15.125,12.50612,12.50862,0.00,0.00
2017.03.23 13:36:15.226,12.50648,12.50862,0.00,0.00
2017.03.23 13:36:15.405,12.50618,12.50862,0.00,0.00
2017.03.23 13:36:15.456,12.50618,12.50902,0.00,0.00
2017.03.23 13:36:15.506,12.50649,12.50918,0.00,0.00
2017.03.23 13:36:15.708,12.50709,12.50991,0.00,0.00
2017.03.23 13:36:15.784,12.50739,12.50999,0.00,0.00
2017.03.23 13:36:15.885,12.50648,12.50918,0.00,0.00
2017.03.23 13:36:15.935,12.50701,12.50921,0.00,0.00
2017.03.23 13:36:15.986,12.50728,12.51009,0.00,0.00
2017.03.23 13:36:16.285,12.50701,12.50981,0.00,0.00
2017.03.23 13:36:16.617,12.50709,12.50991,0.00,0.00
2017.03.23 13:36:16.902,12.50718,12.51002,0.00,0.00
2017.03.23 13:36:16.987,12.50701,12.50982,0.00,0.00
2017.03.23 13:36:17.199,12.50718,12.51002,0.00,0.00
2017.03.23 13:36:17.308,12.50748,12.51009,0.00,0.00
2017.03.23 13:36:17.610,12.50598,12.50819,0.00,0.00
2017.03.23 13:36:17.662,12.50548,12.50809,0.00,0.00
2017.03.23 13:36:17.713,12.50508,12.50792,0.00,0.00
2017.03.23 13:36:17.816,12.50538,12.50809,0.00,0.00
2017.03.23 13:36:17.889,12.50509,12.50791,0.00,0.00
2017.03.23 13:36:17.997,12.50539,12.50809,0.00,0.00
2017.03.23 13:36:18.215,12.50501,12.50781,0.00,0.00
2017.03.23 13:36:18.265,12.50499,12.50718,0.00,0.00
2017.03.23 13:36:18.316,12.50469,12.50718,0.00,0.00
2017.03.23 13:36:18.419,12.50428,12.50712,0.00,0.00
2017.03.23 13:36:18.616,12.50438,12.50718,0.00,0.00
2017.03.23 13:36:18.943,12.50418,12.50618,0.00,0.00
2017.03.23 13:36:18.993,12.50329,12.50611,0.00,0.00
2017.03.23 13:36:19.101,12.50339,12.50618,0.00,0.00
2017.03.23 13:36:19.221,12.50328,12.50612,0.00,0.00
2017.03.23 13:36:19.321,12.50318,12.50602,0.00,0.00
2017.03.23 13:36:19.641,12.50339,12.50618,0.00,0.00
2017.03.23 13:36:19.742,12.50318,12.50602,0.00,0.00
2017.03.23 13:36:19.794,12.50359,12.50618,0.00,0.00
2017.03.23 13:36:19.998,12.50238,12.50509,0.00,0.00
2017.03.23 13:36:20.126,12.50248,12.50509,0.00,0.00
2017.03.23 13:36:20.473,12.50268,12.50552,0.00,0.00
2017.03.23 13:36:20.523,12.50299,12.50558,0.00,0.00
2017.03.23 13:36:20.674,12.50308,12.50591,0.00,0.00
2017.03.23 13:36:20.725,12.50301,12.50561,0.00,0.00
2017.03.23 13:36:20.927,12.50301,12.50581,0.00,0.00
2017.03.23 13:36:21.028,12.50309,12.50591,0.00,0.00
2017.03.23 13:36:21.225,12.50369,12.50599,0.00,0.00
2017.03.23 13:36:21.326,12.50379,12.50661,0.00,0.00
2017.03.23 13:36:21.377,12.50381,12.50661,0.00,0.00
2017.03.23 13:36:21.427,12.50408,12.50689,0.00,0.00
2017.03.23 13:36:21.478,12.50408,12.50649,0.00,0.00
2017.03.23 13:36:21.629,12.50348,12.50598,0.00,0.00
2017.03.23 13:36:21.739,12.50352,12.50612,0.00,0.00
2017.03.23 13:36:21.790,12.50391,12.50612,0.00,0.00
2017.03.23 13:36:21.840,12.50391,12.50621,0.00,0.00
2017.03.23 13:36:21.891,12.50351,12.50621,0.00,0.00
2017.03.23 13:36:21.941,12.50448,12.50692,0.00,0.00
2017.03.23 13:36:22.042,12.50439,12.50692,0.00,0.00
2017.03.23 13:36:22.220,12.50351,12.50621,0.00,0.00
2017.03.23 13:36:22.270,12.50339,12.50609,0.00,0.00
2017.03.23 13:36:22.532,12.50218,12.50498,0.00,0.00
2017.03.23 13:36:22.633,12.50228,12.50498,0.00,0.00
2017.03.23 13:36:22.734,12.50291,12.50562,0.00,0.00
2017.03.23 13:36:22.789,12.50298,12.50562,0.00,0.00
2017.03.23 13:36:22.941,12.50398,12.50671,0.00,0.00
2017.03.23 13:36:23.044,12.50429,12.50711,0.00,0.00
2017.03.23 13:36:23.231,12.50439,12.50721,0.00,0.00
2017.03.23 13:36:23.442,12.50398,12.50682,0.00,0.00
2017.03.23 13:36:23.626,12.50438,12.50722,0.00,0.00
2017.03.23 13:36:23.931,12.50408,12.50692,0.00,0.00
2017.03.23 13:36:24.266,12.50438,12.50722,0.00,0.00
2017.03.23 13:36:24.585,12.50328,12.50612,0.00,0.00
2017.03.23 13:36:24.927,12.50319,12.50601,0.00,0.00
2017.03.23 13:36:25.009,12.50298,12.50582,0.00,0.00
2017.03.23 13:36:25.175,12.50339,12.50621,0.00,0.00
2017.03.23 13:36:25.522,12.50318,12.50602,0.00,0.00
2017.03.23 13:36:25.625,12.50348,12.50632,0.00,0.00
2017.03.23 13:36:25.927,12.50298,12.50519,0.00,0.00
2017.03.23 13:36:26.053,12.50289,12.50519,0.00,0.00
2017.03.23 13:36:26.163,12.50239,12.50519,0.00,0.00
2017.03.23 13:36:26.214,12.50278,12.50519,0.00,0.00
2017.03.23 13:36:26.315,12.50238,12.50519,0.00,0.00
2017.03.23 13:36:26.380,12.50299,12.50522,0.00,0.00
2017.03.23 13:36:26.531,12.50302,12.50572,0.00,0.00
2017.03.23 13:36:26.632,12.50328,12.50598,0.00,0.00
2017.03.23 13:36:26.947,12.50338,12.50598,0.00,0.00
2017.03.23 13:36:26.998,12.50349,12.50618,0.00,0.00
2017.03.23 13:36:27.049,12.50362,12.50592,0.00,0.00
2017.03.23 13:36:27.099,12.50321,12.50592,0.00,0.00
2017.03.23 13:36:27.150,12.50378,12.50619,0.00,0.00
2017.03.23 13:36:27.402,12.50338,12.50592,0.00,0.00
2017.03.23 13:36:27.453,12.50301,12.50552,0.00,0.00
2017.03.23 13:36:27.654,12.50248,12.50518,0.00,0.00
2017.03.23 13:36:27.831,12.50268,12.50518,0.00,0.00
2017.03.23 13:36:27.935,12.50238,12.50518,0.00,0.00
2017.03.23 13:36:28.060,12.50228,12.50512,0.00,0.00
2017.03.23 13:36:28.365,12.50269,12.50518,0.00,0.00
2017.03.23 13:36:28.466,12.50238,12.50518,0.00,0.00
2017.03.23 13:36:28.518,12.50229,12.50511,0.00,0.00
2017.03.23 13:36:28.828,12.50238,12.50518,0.00,0.00
2017.03.23 13:36:28.965,12.50228,12.50512,0.00,0.00
2017.03.23 13:36:29.019,12.50222,12.50502,0.00,0.00
2017.03.23 13:36:29.445,12.50228,12.50512,0.00,0.00
2017.03.23 13:36:29.554,12.50258,12.50519,0.00,0.00
2017.03.23 13:36:29.745,12.50218,12.50502,0.00,0.00
2017.03.23 13:36:29.863,12.50249,12.50519,0.00,0.00
2017.03.23 13:36:29.964,12.50228,12.50512,0.00,0.00
2017.03.23 13:36:30.023,12.50211,12.50491,0.00,0.00
2017.03.23 13:36:30.345,12.50258,12.50519,0.00,0.00
2017.03.23 13:36:30.651,12.50269,12.50519,0.00,0.00
2017.03.23 13:36:30.774,12.50258,12.50519,0.00,0.00
2017.03.23 13:36:30.825,12.50248,12.50519,0.00,0.00
2017.03.23 13:36:30.945,12.50228,12.50512,0.00,0.00
2017.03.23 13:36:31.057,12.50248,12.50519,0.00,0.00
2017.03.23 13:36:31.446,12.50368,12.50618,0.00,0.00
2017.03.23 13:36:31.753,12.50358,12.50628,0.00,0.00
2017.03.23 13:36:31.854,12.50378,12.50628,0.00,0.00
2017.03.23 13:36:31.955,12.50411,12.50662,0.00,0.00
2017.03.23 13:36:32.057,12.50411,12.50682,0.00,0.00
2017.03.23 13:36:32.158,12.50438,12.50719,0.00,0.00
2017.03.23 13:36:32.392,12.50621,12.50721,0.00,0.00
2017.03.23 13:36:32.443,12.50532,12.50702,0.00,0.00
2017.03.23 13:36:32.544,12.50548,12.50828,0.00,0.00
2017.03.23 13:36:32.759,12.50532,12.50782,0.00,0.00
2017.03.23 13:36:32.863,12.50532,12.50792,0.00,0.00
2017.03.23 13:36:32.964,12.50532,12.50812,0.00,0.00
2017.03.23 13:36:33.183,12.50559,12.50828,0.00,0.00
2017.03.23 13:36:33.490,12.50578,12.50862,0.00,0.00
2017.03.23 13:36:33.540,12.50611,12.50892,0.00,0.00
2017.03.23 13:36:33.843,12.50539,12.50821,0.00,0.00
2017.03.23 13:36:33.944,12.50531,12.50812,0.00,0.00
2017.03.23 13:36:34.319,12.50528,12.50809,0.00,0.00
2017.03.23 13:36:34.370,12.50518,12.50802,0.00,0.00
2017.03.23 13:36:34.477,12.50521,12.50792,0.00,0.00
2017.03.23 13:36:34.679,12.50572,12.50852,0.00,0.00
2017.03.23 13:36:34.730,12.50612,12.50852,0.00,0.00
2017.03.23 13:36:34.881,12.50579,12.50829,0.00,0.00
2017.03.23 13:36:35.099,12.50549,12.50829,0.00,0.00
2017.03.23 13:36:35.149,12.50531,12.50811,0.00,0.00
2017.03.23 13:36:35.255,12.50538,12.50822,0.00,0.00
2017.03.23 13:36:35.472,12.50559,12.50829,0.00,0.00
2017.03.23 13:36:35.739,12.50531,12.50802,0.00,0.00
2017.03.23 13:36:35.857,12.50549,12.50829,0.00,0.00
2017.03.23 13:36:35.984,12.50538,12.50822,0.00,0.00
2017.03.23 13:36:36.085,12.50558,12.50829,0.00,0.00
2017.03.23 13:36:36.140,12.50549,12.50829,0.00,0.00
2017.03.23 13:36:36.258,12.50531,12.50811,0.00,0.00
2017.03.23 13:36:36.562,12.50549,12.50829,0.00,0.00
2017.03.23 13:36:36.981,12.50579,12.50829,0.00,0.00
2017.03.23 13:36:37.042,12.50549,12.50829,0.00,0.00
2017.03.23 13:36:37.166,12.50578,12.50829,0.00,0.00
2017.03.23 13:36:37.278,12.50549,12.50829,0.00,0.00
2017.03.23 13:36:37.379,12.50588,12.50829,0.00,0.00
2017.03.23 13:36:37.480,12.50628,12.50912,0.00,0.00
2017.03.23 13:36:37.581,12.50638,12.50919,0.00,0.00
2017.03.23 13:36:37.993,12.50658,12.50919,0.00,0.00
2017.03.23 13:36:38.166,12.50638,12.50919,0.00,0.00
2017.03.23 13:36:38.216,12.50611,12.50891,0.00,0.00
2017.03.23 13:36:38.267,12.50638,12.50919,0.00,0.00
2017.03.23 13:36:38.675,12.50648,12.50919,0.00,0.00
2017.03.23 13:36:38.848,12.50639,12.50919,0.00,0.00
2017.03.23 13:36:39.129,12.50609,12.50819,0.00,0.00
2017.03.23 13:36:39.282,12.50528,12.50812,0.00,0.00
2017.03.23 13:36:39.349,12.50521,12.50802,0.00,0.00
2017.03.23 13:36:39.666,12.50518,12.50729,0.00,0.00
2017.03.23 13:36:39.767,12.50458,12.50729,0.00,0.00
2017.03.23 13:36:39.871,12.50438,12.50722,0.00,0.00
2017.03.23 13:36:39.979,12.50448,12.50729,0.00,0.00
2017.03.23 13:36:40.334,12.50479,12.50729,0.00,0.00
2017.03.23 13:36:40.466,12.50512,12.50772,0.00,0.00
2017.03.23 13:36:40.569,12.50518,12.50728,0.00,0.00
2017.03.23 13:36:40.670,12.50479,12.50728,0.00,0.00
2017.03.23 13:36:40.778,12.50422,12.50701,0.00,0.00
2017.03.23 13:36:40.828,12.50418,12.50628,0.00,0.00
2017.03.23 13:36:40.879,12.50359,12.50622,0.00,0.00
2017.03.23 13:36:40.980,12.50339,12.50621,0.00,0.00
2017.03.23 13:36:41.312,12.50278,12.50529,0.00,0.00
2017.03.23 13:36:41.363,12.50248,12.50529,0.00,0.00
2017.03.23 13:36:41.569,12.50258,12.50529,0.00,0.00
2017.03.23 13:36:41.687,12.50249,12.50529,0.00,0.00
2017.03.23 13:36:41.738,12.50249,12.50429,0.00,0.00
2017.03.23 13:36:41.789,12.50179,12.50429,0.00,0.00
2017.03.23 13:36:41.890,12.50159,12.50429,0.00,0.00
2017.03.23 13:36:41.992,12.50168,12.50429,0.00,0.00
2017.03.23 13:36:42.332,12.50178,12.50429,0.00,0.00
2017.03.23 13:36:42.383,12.50172,12.50442,0.00,0.00
2017.03.23 13:36:42.484,12.50212,12.50491,0.00,0.00
2017.03.23 13:36:42.585,12.50271,12.50491,0.00,0.00
2017.03.23 13:36:42.635,12.50259,12.50491,0.00,0.00
2017.03.23 13:36:42.686,12.50298,12.50429,0.00,0.00
2017.03.23 13:36:42.787,12.50298,12.50451,0.00,0.00
2017.03.23 13:36:42.837,12.50298,12.50428,0.00,0.00
2017.03.23 13:36:42.888,12.50219,12.50428,0.00,0.00
2017.03.23 13:36:42.989,12.50188,12.50428,0.00,0.00
2017.03.23 13:36:43.090,12.50169,12.50428,0.00,0.00
2017.03.23 13:36:43.278,12.50188,12.50428,0.00,0.00
2017.03.23 13:36:43.384,12.50169,12.50428,0.00,0.00
2017.03.23 13:36:43.485,12.50189,12.50439,0.00,0.00
2017.03.23 13:36:43.810,12.50148,12.50432,0.00,0.00
2017.03.23 13:36:43.863,12.50141,12.50412,0.00,0.00
2017.03.23 13:36:44.260,12.50132,12.50351,0.00,0.00
2017.03.23 13:36:44.311,12.50148,12.50428,0.00,0.00
2017.03.23 13:36:44.411,12.50149,12.50431,0.00,0.00
2017.03.23 13:36:44.513,12.50198,12.50432,0.00,0.00
2017.03.23 13:36:44.568,12.50188,12.50432,0.00,0.00
2017.03.23 13:36:44.669,12.50141,12.50381,0.00,0.00
2017.03.23 13:36:44.719,12.50118,12.50378,0.00,0.00
2017.03.23 13:36:44.770,12.50122,12.50381,0.00,0.00
2017.03.23 13:36:44.820,12.50098,12.50378,0.00,0.00
2017.03.23 13:36:44.871,12.50098,12.50339,0.00,0.00
2017.03.23 13:36:44.921,12.50129,12.50382,0.00,0.00
2017.03.23 13:36:44.972,12.50129,12.50342,0.00,0.00
2017.03.23 13:36:45.078,12.50148,12.50419,0.00,0.00
2017.03.23 13:36:45.238,12.50159,12.50419,0.00,0.00
2017.03.23 13:36:45.405,12.50138,12.50419,0.00,0.00
2017.03.23 13:36:45.507,12.50128,12.50228,0.00,0.00
2017.03.23 13:36:45.608,12.50129,12.50229,0.00,0.00
2017.03.23 13:36:45.714,12.50078,12.50228,0.00,0.00
2017.03.23 13:36:45.814,12.49958,12.50228,0.00,0.00
2017.03.23 13:36:45.884,12.49948,12.50209,0.00,0.00
2017.03.23 13:36:45.998,12.49929,12.50209,0.00,0.00
2017.03.23 13:36:46.212,12.49968,12.50209,0.00,0.00
2017.03.23 13:36:46.364,12.49929,12.50209,0.00,0.00
2017.03.23 13:36:46.415,12.49928,12.50119,0.00,0.00
2017.03.23 13:36:46.465,12.49928,12.50188,0.00,0.00
2017.03.23 13:36:46.516,12.49888,12.50132,0.00,0.00
2017.03.23 13:36:46.617,12.49898,12.50182,0.00,0.00
2017.03.23 13:36:46.718,12.49908,12.50182,0.00,0.00
2017.03.23 13:36:47.086,12.49878,12.50149,0.00,0.00
2017.03.23 13:36:47.187,12.49848,12.50132,0.00,0.00
2017.03.23 13:36:47.294,12.49858,12.50132,0.00,0.00
2017.03.23 13:36:47.612,12.49818,12.50032,0.00,0.00
2017.03.23 13:36:47.712,12.49808,12.50032,0.00,0.00
2017.03.23 13:36:47.813,12.49741,12.50022,0.00,0.00
2017.03.23 13:36:47.943,12.49841,12.50022,0.00,0.00
2017.03.23 13:36:48.059,12.49841,12.50042,0.00,0.00
2017.03.23 13:36:48.163,12.49858,12.50132,0.00,0.00
2017.03.23 13:36:48.213,12.49898,12.50132,0.00,0.00
2017.03.23 13:36:48.264,12.49921,12.50179,0.00,0.00
2017.03.23 13:36:48.365,12.49929,12.50141,0.00,0.00
2017.03.23 13:36:48.415,12.49929,12.50151,0.00,0.00
2017.03.23 13:36:48.516,12.49928,12.50171,0.00,0.00
2017.03.23 13:36:48.669,12.49921,12.50131,0.00,0.00
2017.03.23 13:36:48.821,12.49928,12.50151,0.00,0.00
2017.03.23 13:36:49.044,12.49939,12.50132,0.00,0.00
2017.03.23 13:36:49.095,12.49841,12.50122,0.00,0.00
2017.03.23 13:36:49.196,12.49841,12.50081,0.00,0.00
2017.03.23 13:36:49.302,12.49841,12.50091,0.00,0.00
2017.03.23 13:36:49.412,12.49848,12.50132,0.00,0.00
2017.03.23 13:36:49.688,12.49858,12.50132,0.00,0.00
2017.03.23 13:36:50.122,12.49841,12.50122,0.00,0.00
2017.03.23 13:36:50.232,12.49841,12.50112,0.00,0.00
2017.03.23 13:36:50.569,12.49841,12.50101,0.00,0.00
2017.03.23 13:36:50.954,12.49841,12.50092,0.00,0.00
2017.03.23 13:36:51.005,12.49849,12.50131,0.00,0.00
2017.03.23 13:36:51.056,12.49881,12.50131,0.00,0.00
2017.03.23 13:36:51.106,12.49881,12.50141,0.00,0.00
2017.03.23 13:36:51.207,12.49928,12.50152,0.00,0.00
2017.03.23 13:36:51.308,12.49921,12.50161,0.00,0.00
2017.03.23 13:36:51.415,12.49921,12.50171,0.00,0.00
2017.03.23 13:36:51.516,12.49938,12.50171,0.00,0.00
2017.03.23 13:36:51.620,12.49929,12.50171,0.00,0.00
2017.03.23 13:36:51.757,12.50012,12.50171,0.00,0.00
2017.03.23 13:36:51.807,12.50012,12.50222,0.00,0.00
2017.03.23 13:36:51.909,12.50012,12.50252,0.00,0.00
2017.03.23 13:36:52.019,12.50018,12.50272,0.00,0.00
2017.03.23 13:36:52.224,12.50012,12.50272,0.00,0.00
2017.03.23 13:36:52.332,12.50019,12.50272,0.00,0.00
2017.03.23 13:36:52.396,12.50012,12.50272,0.00,0.00
2017.03.23 13:36:52.496,12.50018,12.50272,0.00,0.00
2017.03.23 13:36:52.829,12.50028,12.50272,0.00,0.00
2017.03.23 13:36:53.131,12.50012,12.50262,0.00,0.00
2017.03.23 13:36:53.232,12.50011,12.50271,0.00,0.00
2017.03.23 13:36:53.282,12.49998,12.50228,0.00,0.00
2017.03.23 13:36:53.333,12.50018,12.50271,0.00,0.00
2017.03.23 13:36:53.384,12.50018,12.50229,0.00,0.00
2017.03.23 13:36:53.435,12.49959,12.50172,0.00,0.00
2017.03.23 13:36:53.588,12.49931,12.50172,0.00,0.00
2017.03.23 13:36:53.814,12.49949,12.50172,0.00,0.00
2017.03.23 13:36:54.001,12.49931,12.50172,0.00,0.00
2017.03.23 13:36:54.229,12.49958,12.50172,0.00,0.00
2017.03.23 13:36:54.552,12.50021,12.50202,0.00,0.00
2017.03.23 13:36:54.741,12.50058,12.50272,0.00,0.00
2017.03.23 13:36:54.912,12.50021,12.50272,0.00,0.00
2017.03.23 13:36:55.230,12.50058,12.50272,0.00,0.00
2017.03.23 13:36:55.532,12.50008,12.50172,0.00,0.00
2017.03.23 13:36:55.760,12.49931,12.50172,0.00,0.00
2017.03.23 13:36:55.929,12.49948,12.50172,0.00,0.00
2017.03.23 13:36:56.187,12.49911,12.50171,0.00,0.00
2017.03.23 13:36:56.356,12.49938,12.50171,0.00,0.00
2017.03.23 13:36:56.457,12.49928,12.50171,0.00,0.00
2017.03.23 13:36:56.608,12.49939,12.50171,0.00,0.00
2017.03.23 13:36:56.659,12.49911,12.50171,0.00,0.00
2017.03.23 13:36:56.760,12.49918,12.50171,0.00,0.00
2017.03.23 13:36:57.085,12.49939,12.50171,0.00,0.00
2017.03.23 13:36:57.226,12.49911,12.50171,0.00,0.00
2017.03.23 13:36:57.277,12.49921,12.50171,0.00,0.00
2017.03.23 13:36:57.383,12.49949,12.50222,0.00,0.00
2017.03.23 13:36:57.537,12.49988,12.50222,0.00,0.00
2017.03.23 13:36:57.757,12.49972,12.50222,0.00,0.00
2017.03.23 13:36:57.867,12.49968,12.50172,0.00,0.00
2017.03.23 13:36:58.018,12.49948,12.50172,0.00,0.00
2017.03.23 13:36:58.131,12.49931,12.50172,0.00,0.00
2017.03.23 13:36:58.236,12.49938,12.50172,0.00,0.00
2017.03.23 13:36:58.394,12.49979,12.50222,0.00,0.00
2017.03.23 13:36:58.445,12.50011,12.50222,0.00,0.00
2017.03.23 13:36:58.629,12.50048,12.50272,0.00,0.00
2017.03.23 13:36:58.730,12.50059,12.50272,0.00,0.00
2017.03.23 13:36:59.044,12.50018,12.50272,0.00,0.00
2017.03.23 13:36:59.149,12.50039,12.50272,0.00,0.00
2017.03.23 13:36:59.260,12.50028,12.50272,0.00,0.00
2017.03.23 13:36:59.418,12.50048,12.50272,0.00,0.00
2017.03.23 13:36:59.618,12.50011,12.50272,0.00,0.00
2017.03.23 13:36:59.719,12.50019,12.50272,0.00,0.00
2017.03.23 13:36:59.849,12.50009,12.50272,0.00,0.00
2017.03.23 13:36:59.958,12.50018,12.50272,0.00,0.00
2017.03.23 13:37:00.320,12.50028,12.50272,0.00,0.00
2017.03.23 13:37:00.422,12.50018,12.50272,0.00,0.00
2017.03.23 13:37:00.603,12.50059,12.50272,0.00,0.00
2017.03.23 13:37:00.653,12.50018,12.50272,0.00,0.00
2017.03.23 13:37:00.856,12.50028,12.50272,0.00,0.00
2017.03.23 13:37:01.253,12.50068,12.50272,0.00,0.00
2017.03.23 13:37:01.589,12.50008,12.50182,0.00,0.00
2017.03.23 13:37:01.640,12.49918,12.50182,0.00,0.00
2017.03.23 13:37:02.149,12.49909,12.50182,0.00,0.00
2017.03.23 13:37:02.260,12.49919,12.50182,0.00,0.00
2017.03.23 13:37:02.668,12.49968,12.50182,0.00,0.00
2017.03.23 13:37:02.732,12.49958,12.50188,0.00,0.00
2017.03.23 13:37:02.783,12.49982,12.50242,0.00,0.00
2017.03.23 13:37:02.833,12.49992,12.50202,0.00,0.00
2017.03.23 13:37:02.936,12.50049,12.50282,0.00,0.00
2017.03.23 13:37:03.039,12.50058,12.50282,0.00,0.00
2017.03.23 13:37:03.405,12.50088,12.50288,0.00,0.00
2017.03.23 13:37:03.456,12.50091,12.50362,0.00,0.00
2017.03.23 13:37:03.530,12.50091,12.50342,0.00,0.00
2017.03.23 13:37:03.681,12.50119,12.50382,0.00,0.00
2017.03.23 13:37:03.742,12.50138,12.50281,0.00,0.00
2017.03.23 13:37:03.842,12.50118,12.50282,0.00,0.00
2017.03.23 13:37:03.947,12.50049,12.50282,0.00,0.00
2017.03.23 13:37:04.048,12.50028,12.50282,0.00,0.00
2017.03.23 13:37:04.236,12.50028,12.50198,0.00,0.00
2017.03.23 13:37:04.337,12.50018,12.50232,0.00,0.00
2017.03.23 13:37:04.437,12.49999,12.50281,0.00,0.00
2017.03.23 13:37:04.604,12.50028,12.50281,0.00,0.00
2017.03.23 13:37:04.761,12.49999,12.50281,0.00,0.00
2017.03.23 13:37:04.933,12.50009,12.50281,0.00,0.00
2017.03.23 13:37:05.246,12.50081,12.50311,0.00,0.00
2017.03.23 13:37:05.347,12.50089,12.50371,0.00,0.00
2017.03.23 13:37:05.560,12.50119,12.50382,0.00,0.00
2017.03.23 13:37:05.850,12.50108,12.50382,0.00,0.00
2017.03.23 13:37:05.950,12.50119,12.50382,0.00,0.00
2017.03.23 13:37:06.279,12.50098,12.50382,0.00,0.00
2017.03.23 13:37:06.380,12.50092,12.50372,0.00,0.00
2017.03.23 13:37:06.839,12.50129,12.50382,0.00,0.00
2017.03.23 13:37:06.942,12.50092,12.50372,0.00,0.00
2017.03.23 13:37:07.169,12.50108,12.50382,0.00,0.00
2017.03.23 13:37:07.475,12.50081,12.50281,0.00,0.00
2017.03.23 13:37:07.638,12.50081,12.50311,0.00,0.00
2017.03.23 13:37:07.689,12.50108,12.50382,0.00,0.00
2017.03.23 13:37:07.741,12.50129,12.50382,0.00,0.00
2017.03.23 13:37:07.842,12.50119,12.50379,0.00,0.00
2017.03.23 13:37:07.945,12.50088,12.50372,0.00,0.00
2017.03.23 13:37:08.243,12.50109,12.50379,0.00,0.00
2017.03.23 13:37:08.622,12.50082,12.50362,0.00,0.00
2017.03.23 13:37:08.674,12.50082,12.50321,0.00,0.00
2017.03.23 13:37:08.784,12.50119,12.50378,0.00,0.00
2017.03.23 13:37:08.847,12.50119,12.50332,0.00,0.00
2017.03.23 13:37:09.049,12.50081,12.50322,0.00,0.00
2017.03.23 13:37:09.151,12.50081,12.50342,0.00,0.00
2017.03.23 13:37:09.252,12.50128,12.50379,0.00,0.00
2017.03.23 13:37:09.568,12.50008,12.50281,0.00,0.00
2017.03.23 13:37:09.789,12.50111,12.50312,0.00,0.00
2017.03.23 13:37:09.999,12.50111,12.50352,0.00,0.00
2017.03.23 13:37:10.110,12.50128,12.50381,0.00,0.00
2017.03.23 13:37:10.161,12.50148,12.50381,0.00,0.00
2017.03.23 13:37:10.509,12.50028,12.50292,0.00,0.00
2017.03.23 13:37:10.610,12.50028,12.50302,0.00,0.00
2017.03.23 13:37:10.660,12.50028,12.50292,0.00,0.00
2017.03.23 13:37:10.864,12.50038,12.50318,0.00,0.00
2017.03.23 13:37:10.983,12.50059,12.50318,0.00,0.00
2017.03.23 13:37:11.091,12.50028,12.50301,0.00,0.00
2017.03.23 13:37:11.288,12.50029,12.50311,0.00,0.00
2017.03.23 13:37:11.448,12.50058,12.50318,0.00,0.00
2017.03.23 13:37:11.499,12.50028,12.50312,0.00,0.00
2017.03.23 13:37:11.763,12.50028,12.50301,0.00,0.00
2017.03.23 13:37:11.866,12.50028,12.50312,0.00,0.00
2017.03.23 13:37:11.975,12.50049,12.50318,0.00,0.00
2017.03.23 13:37:12.156,12.50038,12.50318,0.00,0.00
2017.03.23 13:37:12.270,12.50028,12.50291,0.00,0.00
2017.03.23 13:37:12.382,12.50039,12.50318,0.00,0.00
2017.03.23 13:37:12.484,12.50028,12.50292,0.00,0.00
2017.03.23 13:37:12.841,12.50068,12.50329,0.00,0.00
2017.03.23 13:37:12.892,12.50029,12.50311,0.00,0.00
2017.03.23 13:37:12.993,12.50038,12.50322,0.00,0.00
2017.03.23 13:37:13.043,12.50038,12.50239,0.00,0.00
2017.03.23 13:37:13.205,12.50009,12.50232,0.00,0.00
2017.03.23 13:37:13.261,12.49948,12.50232,0.00,0.00
2017.03.23 13:37:13.461,12.49979,12.50232,0.00,0.00
2017.03.23 13:37:13.771,12.49929,12.50139,0.00,0.00
2017.03.23 13:37:13.871,12.49888,12.50129,0.00,0.00
2017.03.23 13:37:13.925,12.49888,12.50032,0.00,0.00
2017.03.23 13:37:13.975,12.49829,12.50032,0.00,0.00
2017.03.23 13:37:14.076,12.49808,12.50032,0.00,0.00
2017.03.23 13:37:14.310,12.49742,12.50012,0.00,0.00
2017.03.23 13:37:14.361,12.49738,12.50012,0.00,0.00
2017.03.23 13:37:14.538,12.49728,12.49961,0.00,0.00
2017.03.23 13:37:14.588,12.49721,12.49961,0.00,0.00
2017.03.23 13:37:14.689,12.49748,12.49992,0.00,0.00
2017.03.23 13:37:14.790,12.49748,12.49972,0.00,0.00
2017.03.23 13:37:14.983,12.49748,12.49992,0.00,0.00
2017.03.23 13:37:15.084,12.49758,12.50019,0.00,0.00
2017.03.23 13:37:15.202,12.49748,12.49939,0.00,0.00
2017.03.23 13:37:15.412,12.49709,12.49939,0.00,0.00
2017.03.23 13:37:15.463,12.49709,12.49902,0.00,0.00
2017.03.23 13:37:15.589,12.49628,12.49838,0.00,0.00
2017.03.23 13:37:15.690,12.49608,12.49838,0.00,0.00
2017.03.23 13:37:15.741,12.49528,12.49647,0.00,0.00
2017.03.23 13:37:15.791,12.49559,12.49659,0.00,0.00
2017.03.23 13:37:15.842,12.4935,12.49502,0.00,0.00
2017.03.23 13:37:15.994,12.49329,12.49452,0.00,0.00
2017.03.23 13:37:16.165,12.49158,12.49402,0.00,0.00
2017.03.23 13:37:16.216,12.49188,12.49402,0.00,0.00
2017.03.23 13:37:16.267,12.49188,12.49452,0.00,0.00
2017.03.23 13:37:16.317,12.49198,12.49452,0.00,0.00
2017.03.23 13:37:16.620,12.49228,12.49452,0.00,0.00
2017.03.23 13:37:16.781,12.49228,12.49502,0.00,0.00
2017.03.23 13:37:16.881,12.49249,12.49492,0.00,0.00
2017.03.23 13:37:17.083,12.49288,12.49551,0.00,0.00
2017.03.23 13:37:17.134,12.49299,12.49582,0.00,0.00
2017.03.23 13:37:17.234,12.49348,12.49592,0.00,0.00
2017.03.23 13:37:17.386,12.49389,12.49652,0.00,0.00
2017.03.23 13:37:17.565,12.49449,12.49682,0.00,0.00
2017.03.23 13:37:17.718,12.49458,12.49742,0.00,0.00
2017.03.23 13:37:17.827,12.49468,12.49751,0.00,0.00
2017.03.23 13:37:18.147,12.49488,12.49722,0.00,0.00
2017.03.23 13:37:18.464,12.49398,12.49621,0.00,0.00
2017.03.23 13:37:18.514,12.49369,12.49621,0.00,0.00
2017.03.23 13:37:18.618,12.49378,12.49621,0.00,0.00
2017.03.23 13:37:18.952,12.49398,12.49621,0.00,0.00
2017.03.23 13:37:19.003,12.49378,12.49621,0.00,0.00
2017.03.23 13:37:19.063,12.49399,12.49638,0.00,0.00
2017.03.23 13:37:19.305,12.49549,12.49821,0.00,0.00
2017.03.23 13:37:19.356,12.49599,12.49822,0.00,0.00
2017.03.23 13:37:19.406,12.49599,12.49838,0.00,0.00
2017.03.23 13:37:19.457,12.49599,12.49788,0.00,0.00
2017.03.23 13:37:19.608,12.49549,12.49762,0.00,0.00
2017.03.23 13:37:19.658,12.49622,12.49762,0.00,0.00
2017.03.23 13:37:19.709,12.49622,12.49772,0.00,0.00
2017.03.23 13:37:19.759,12.49649,12.49772,0.00,0.00
2017.03.23 13:37:19.810,12.49649,12.49912,0.00,0.00
2017.03.23 13:37:19.863,12.49628,12.49821,0.00,0.00
2017.03.23 13:37:20.034,12.49592,12.49821,0.00,0.00
2017.03.23 13:37:20.085,12.49648,12.49832,0.00,0.00
2017.03.23 13:37:20.135,12.49648,12.49871,0.00,0.00
2017.03.23 13:37:20.237,12.49648,12.49911,0.00,0.00
2017.03.23 13:37:20.289,12.49648,12.49922,0.00,0.00
2017.03.23 13:37:20.403,12.49659,12.49922,0.00,0.00
2017.03.23 13:37:20.740,12.49698,12.49891,0.00,0.00
2017.03.23 13:37:21.050,12.49758,12.50021,0.00,0.00
2017.03.23 13:37:21.101,12.49749,12.50021,0.00,0.00
2017.03.23 13:37:21.203,12.49749,12.50011,0.00,0.00
2017.03.23 13:37:21.535,12.49749,12.50021,0.00,0.00
2017.03.23 13:37:21.635,12.49749,12.49992,0.00,0.00
2017.03.23 13:37:21.738,12.49749,12.50001,0.00,0.00
2017.03.23 13:37:21.915,12.49749,12.49982,0.00,0.00
2017.03.23 13:37:22.025,12.49749,12.49992,0.00,0.00
2017.03.23 13:37:22.095,12.49749,12.50001,0.00,0.00
2017.03.23 13:37:22.196,12.49699,12.49921,0.00,0.00
2017.03.23 13:37:22.314,12.49679,12.49922,0.00,0.00
2017.03.23 13:37:22.415,12.49648,12.49922,0.00,0.00
2017.03.23 13:37:22.465,12.49699,12.49922,0.00,0.00
2017.03.23 13:37:22.616,12.49649,12.49921,0.00,0.00
2017.03.23 13:37:22.717,12.49708,12.49921,0.00,0.00
2017.03.23 13:37:22.857,12.49649,12.49921,0.00,0.00
2017.03.23 13:37:22.911,12.49619,12.49839,0.00,0.00
2017.03.23 13:37:23.012,12.49609,12.49839,0.00,0.00
2017.03.23 13:37:23.062,12.49609,12.49739,0.00,0.00
2017.03.23 13:37:23.113,12.49548,12.49739,0.00,0.00
2017.03.23 13:37:23.321,12.49488,12.49721,0.00,0.00
2017.03.23 13:37:23.372,12.49521,12.49721,0.00,0.00
2017.03.23 13:37:23.523,12.49549,12.49798,0.00,0.00
2017.03.23 13:37:23.574,12.49529,12.49721,0.00,0.00
2017.03.23 13:37:23.731,12.49449,12.49721,0.00,0.00
2017.03.23 13:37:23.842,12.49439,12.49598,0.00,0.00
2017.03.23 13:37:23.943,12.49429,12.49598,0.00,0.00
2017.03.23 13:37:23.993,12.49422,12.49522,0.00,0.00
2017.03.23 13:37:24.044,12.49258,12.49522,0.00,0.00
2017.03.23 13:37:24.146,12.49249,12.49522,0.00,0.00
2017.03.23 13:37:24.588,12.49261,12.49522,0.00,0.00
2017.03.23 13:37:24.741,12.49299,12.49572,0.00,0.00
2017.03.23 13:37:24.842,12.49369,12.49572,0.00,0.00
2017.03.23 13:37:24.942,12.49308,12.49522,0.00,0.00
2017.03.23 13:37:25.047,12.49259,12.49522,0.00,0.00
2017.03.23 13:37:25.098,12.49259,12.49471,0.00,0.00
2017.03.23 13:37:25.149,12.49238,12.49471,0.00,0.00
2017.03.23 13:37:25.249,12.49249,12.49471,0.00,0.00
2017.03.23 13:37:25.307,12.49249,12.49501,0.00,0.00
2017.03.23 13:37:25.357,12.49219,12.49422,0.00,0.00
2017.03.23 13:37:25.477,12.49149,12.49422,0.00,0.00
2017.03.23 13:37:25.528,12.49148,12.49411,0.00,0.00
2017.03.23 13:37:25.855,12.49248,12.49462,0.00,0.00
2017.03.23 13:37:26.006,12.49148,12.49422,0.00,0.00
2017.03.23 13:37:26.056,12.49208,12.49422,0.00,0.00
2017.03.23 13:37:26.107,12.49208,12.49471,0.00,0.00
2017.03.23 13:37:26.210,12.49199,12.49431,0.00,0.00
2017.03.23 13:37:26.561,12.49348,12.49552,0.00,0.00
2017.03.23 13:37:26.611,12.49348,12.49621,0.00,0.00
2017.03.23 13:37:26.845,12.49348,12.49551,0.00,0.00
2017.03.23 13:37:26.896,12.49331,12.49551,0.00,0.00
2017.03.23 13:37:27.057,12.49308,12.49571,0.00,0.00
2017.03.23 13:37:27.108,12.49348,12.49588,0.00,0.00
2017.03.23 13:37:27.261,12.49298,12.49541,0.00,0.00
2017.03.23 13:37:27.313,12.49298,12.49552,0.00,0.00
2017.03.23 13:37:27.416,12.49251,12.49521,0.00,0.00
2017.03.23 13:37:27.517,12.49268,12.49522,0.00,0.00
2017.03.23 13:37:27.754,12.49251,12.49512,0.00,0.00
2017.03.23 13:37:28.039,12.49298,12.49512,0.00,0.00
2017.03.23 13:37:28.140,12.49258,12.49522,0.00,0.00
2017.03.23 13:37:28.241,12.49268,12.49522,0.00,0.00
2017.03.23 13:37:28.354,12.49299,12.49562,0.00,0.00
2017.03.23 13:37:28.458,12.49299,12.49522,0.00,0.00
2017.03.23 13:37:28.617,12.49348,12.49601,0.00,0.00
2017.03.23 13:37:28.968,12.49348,12.49572,0.00,0.00
2017.03.23 13:37:29.019,12.49348,12.49621,0.00,0.00
2017.03.23 13:37:29.362,12.49398,12.49639,0.00,0.00
2017.03.23 13:37:29.513,12.49349,12.49622,0.00,0.00
2017.03.23 13:37:29.626,12.49418,12.49571,0.00,0.00
2017.03.23 13:37:29.727,12.49349,12.49549,0.00,0.00
2017.03.23 13:37:29.777,12.49349,12.49522,0.00,0.00
2017.03.23 13:37:29.828,12.49332,12.49522,0.00,0.00
2017.03.23 13:37:29.999,12.49348,12.49521,0.00,0.00
2017.03.23 13:37:30.050,12.49348,12.49581,0.00,0.00
2017.03.23 13:37:30.151,12.49348,12.49622,0.00,0.00
2017.03.23 13:37:30.257,12.49359,12.49622,0.00,0.00
2017.03.23 13:37:30.471,12.49308,12.49572,0.00,0.00
2017.03.23 13:37:30.525,12.49298,12.49542,0.00,0.00
2017.03.23 13:37:30.949,12.49251,12.49521,0.00,0.00
2017.03.23 13:37:31.174,12.49289,12.49522,0.00,0.00
2017.03.23 13:37:31.476,12.49168,12.49321,0.00,0.00
2017.03.23 13:37:31.529,12.49118,12.49321,0.00,0.00
2017.03.23 13:37:31.631,12.49059,12.49321,0.00,0.00
2017.03.23 13:37:31.835,12.49049,12.49321,0.00,0.00
2017.03.23 13:37:31.886,12.49049,12.49221,0.00,0.00
2017.03.23 13:37:31.937,12.49038,12.49221,0.00,0.00
2017.03.23 13:37:32.073,12.49042,12.49301,0.00,0.00
2017.03.23 13:37:32.124,12.49038,12.49298,0.00,0.00
2017.03.23 13:37:32.174,12.49038,12.49262,0.00,0.00
2017.03.23 13:37:32.332,12.49069,12.49322,0.00,0.00
2017.03.23 13:37:32.446,12.49078,12.49322,0.00,0.00
2017.03.23 13:37:32.703,12.48978,12.49229,0.00,0.00
2017.03.23 13:37:32.804,12.48948,12.49201,0.00,0.00
2017.03.23 13:37:32.934,12.48999,12.49229,0.00,0.00
2017.03.23 13:37:33.308,12.48908,12.49132,0.00,0.00
2017.03.23 13:37:33.371,12.48889,12.49132,0.00,0.00
2017.03.23 13:37:33.472,12.48878,12.49132,0.00,0.00
2017.03.23 13:37:33.640,12.48858,12.49132,0.00,0.00
2017.03.23 13:37:33.690,12.48858,12.49108,0.00,0.00
2017.03.23 13:37:33.741,12.48849,12.49108,0.00,0.00
2017.03.23 13:37:33.841,12.48859,12.49108,0.00,0.00
2017.03.23 13:37:34.156,12.48898,12.49108,0.00,0.00
2017.03.23 13:37:34.363,12.48888,12.49108,0.00,0.00
2017.03.23 13:37:34.469,12.48902,12.49172,0.00,0.00
2017.03.23 13:37:34.570,12.48938,12.49162,0.00,0.00
2017.03.23 13:37:34.681,12.48979,12.49208,0.00,0.00
2017.03.23 13:37:34.731,12.48979,12.49119,0.00,0.00
2017.03.23 13:37:34.832,12.48988,12.49172,0.00,0.00
2017.03.23 13:37:34.883,12.48949,12.49182,0.00,0.00
2017.03.23 13:37:35.098,12.48978,12.49208,0.00,0.00
2017.03.23 13:37:35.249,12.48899,12.49159,0.00,0.00
2017.03.23 13:37:35.349,12.48902,12.49172,0.00,0.00
2017.03.23 13:37:35.400,12.48939,12.49172,0.00,0.00
2017.03.23 13:37:35.724,12.48989,12.49208,0.00,0.00
2017.03.23 13:37:35.776,12.48939,12.49208,0.00,0.00
2017.03.23 13:37:35.956,12.48978,12.49208,0.00,0.00
2017.03.23 13:37:36.259,12.48938,12.49182,0.00,0.00
2017.03.23 13:37:36.309,12.48938,12.49158,0.00,0.00
2017.03.23 13:37:36.611,12.48938,12.49122,0.00,0.00
2017.03.23 13:37:36.662,12.48938,12.49182,0.00,0.00
2017.03.23 13:37:36.771,12.48948,12.49122,0.00,0.00
2017.03.23 13:37:36.992,12.48878,12.49122,0.00,0.00
2017.03.23 13:37:37.047,12.48898,12.49122,0.00,0.00
2017.03.23 13:37:37.151,12.48879,12.49122,0.00,0.00
2017.03.23 13:37:37.320,12.48888,12.49161,0.00,0.00
2017.03.23 13:37:37.371,12.48888,12.49151,0.00,0.00
2017.03.23 13:37:37.698,12.48899,12.49179,0.00,0.00
2017.03.23 13:37:37.749,12.48888,12.49172,0.00,0.00
2017.03.23 13:37:37.849,12.48888,12.49151,0.00,0.00
2017.03.23 13:37:38.150,12.48889,12.49132,0.00,0.00
2017.03.23 13:37:38.261,12.48889,12.49159,0.00,0.00
2017.03.23 13:37:38.485,12.48888,12.49151,0.00,0.00
2017.03.23 13:37:38.672,12.48888,12.49159,0.00,0.00
2017.03.23 13:37:38.752,12.48888,12.49131,0.00,0.00
2017.03.23 13:37:39.059,12.49089,12.49271,0.00,0.00
2017.03.23 13:37:39.160,12.49089,12.49332,0.00,0.00
2017.03.23 13:37:39.367,12.49089,12.49341,0.00,0.00
2017.03.23 13:37:39.640,12.49089,12.49318,0.00,0.00
2017.03.23 13:37:39.949,12.49018,12.49118,0.00,0.00
2017.03.23 13:37:40.022,12.49069,12.49209,0.00,0.00
2017.03.23 13:37:40.073,12.49009,12.49209,0.00,0.00
2017.03.23 13:37:40.176,12.48999,12.49191,0.00,0.00
2017.03.23 13:37:40.378,12.49099,12.49302,0.00,0.00
2017.03.23 13:37:40.482,12.49099,12.49309,0.00,0.00
2017.03.23 13:37:40.959,12.49099,12.49292,0.00,0.00
2017.03.23 13:37:41.188,12.49049,12.49269,0.00,0.00
2017.03.23 13:37:41.289,12.49089,12.49292,0.00,0.00
2017.03.23 13:37:41.441,12.49038,12.49242,0.00,0.00
2017.03.23 13:37:41.615,12.49089,12.49232,0.00,0.00
2017.03.23 13:37:41.666,12.49089,12.49311,0.00,0.00
2017.03.23 13:37:41.780,12.49089,12.49322,0.00,0.00
2017.03.23 13:37:41.980,12.49089,12.49291,0.00,0.00
2017.03.23 13:37:42.364,12.49089,12.49341,0.00,0.00
2017.03.23 13:37:42.468,12.49089,12.49311,0.00,0.00
2017.03.23 13:37:42.664,12.49089,12.49322,0.00,0.00
2017.03.23 13:37:42.773,12.49089,12.49351,0.00,0.00
2017.03.23 13:37:42.984,12.49089,12.49322,0.00,0.00
2017.03.23 13:37:43.110,12.49089,12.49352,0.00,0.00
2017.03.23 13:37:43.166,12.49089,12.49301,0.00,0.00
2017.03.23 13:37:43.283,12.49089,12.49322,0.00,0.00
2017.03.23 13:37:43.401,12.49089,12.49341,0.00,0.00
2017.03.23 13:37:43.451,12.49139,12.49341,0.00,0.00
2017.03.23 13:37:43.808,12.49189,12.49401,0.00,0.00
2017.03.23 13:37:43.868,12.49189,12.49412,0.00,0.00
2017.03.23 13:37:43.969,12.49189,12.49402,0.00,0.00
2017.03.23 13:37:44.192,12.49188,12.49421,0.00,0.00
2017.03.23 13:37:44.294,12.49188,12.49449,0.00,0.00
2017.03.23 13:37:44.402,12.49188,12.49422,0.00,0.00
2017.03.23 13:37:44.837,12.49188,12.49401,0.00,0.00
2017.03.23 13:37:45.139,12.49289,12.49472,0.00,0.00
2017.03.23 13:37:45.189,12.49289,12.49522,0.00,0.00
2017.03.23 13:37:45.290,12.49289,12.49529,0.00,0.00
2017.03.23 13:37:45.601,12.49289,12.49521,0.00,0.00
2017.03.23 13:37:45.702,12.49289,12.49539,0.00,0.00
2017.03.23 13:37:45.893,12.49338,12.49552,0.00,0.00
2017.03.23 13:37:46.099,12.49389,12.49631,0.00,0.00
2017.03.23 13:37:46.250,12.49489,12.49631,0.00,0.00
2017.03.23 13:37:46.301,12.49489,12.49662,0.00,0.00
2017.03.23 13:37:46.418,12.49489,12.49692,0.00,0.00
2017.03.23 13:37:46.527,12.49489,12.49731,0.00,0.00
2017.03.23 13:37:46.797,12.49489,12.49681,0.00,0.00
2017.03.23 13:37:46.849,12.49439,12.49638,0.00,0.00
2017.03.23 13:37:47.001,12.49368,12.49588,0.00,0.00
2017.03.23 13:37:47.102,12.49298,12.49582,0.00,0.00
2017.03.23 13:37:47.152,12.49322,12.49582,0.00,0.00
2017.03.23 13:37:47.462,12.49388,12.49561,0.00,0.00
2017.03.23 13:37:47.512,12.49388,12.49611,0.00,0.00
2017.03.23 13:37:47.652,12.49388,12.49622,0.00,0.00
2017.03.23 13:37:47.703,12.49388,12.49592,0.00,0.00
2017.03.23 13:37:47.782,12.49388,12.49601,0.00,0.00
2017.03.23 13:37:47.905,12.49388,12.49622,0.00,0.00
2017.03.23 13:37:47.984,12.49388,12.49581,0.00,0.00
2017.03.23 13:37:48.085,12.49388,12.49621,0.00,0.00
2017.03.23 13:37:48.189,12.49388,12.49582,0.00,0.00
2017.03.23 13:37:48.520,12.49388,12.49612,0.00,0.00
2017.03.23 13:37:48.585,12.49388,12.49621,0.00,0.00
2017.03.23 13:37:48.762,12.49339,12.49621,0.00,0.00
2017.03.23 13:37:48.813,12.49288,12.49539,0.00,0.00
2017.03.23 13:37:49.157,12.49288,12.49501,0.00,0.00
2017.03.23 13:37:49.207,12.49288,12.49522,0.00,0.00
2017.03.23 13:37:49.288,12.49288,12.49539,0.00,0.00
2017.03.23 13:37:49.389,12.49288,12.49532,0.00,0.00
2017.03.23 13:37:49.721,12.49288,12.49511,0.00,0.00
2017.03.23 13:37:49.838,12.49288,12.49539,0.00,0.00
2017.03.23 13:37:50.123,12.49288,12.49512,0.00,0.00
2017.03.23 13:37:50.237,12.49288,12.49521,0.00,0.00
2017.03.23 13:37:50.293,12.49288,12.49539,0.00,0.00
2017.03.23 13:37:50.344,12.49279,12.49529,0.00,0.00
2017.03.23 13:37:50.395,12.49238,12.49522,0.00,0.00
2017.03.23 13:37:50.445,12.49288,12.49522,0.00,0.00
2017.03.23 13:37:50.777,12.49389,12.49611,0.00,0.00
2017.03.23 13:37:50.828,12.49389,12.49638,0.00,0.00
2017.03.23 13:37:51.145,12.49369,12.49638,0.00,0.00
2017.03.23 13:37:51.196,12.49378,12.49638,0.00,0.00
2017.03.23 13:37:51.539,12.49459,12.49729,0.00,0.00
2017.03.23 13:37:51.640,12.49439,12.49721,0.00,0.00
2017.03.23 13:37:51.741,12.49391,12.49671,0.00,0.00
2017.03.23 13:37:52.044,12.49449,12.49729,0.00,0.00
2017.03.23 13:37:52.394,12.49532,12.49802,0.00,0.00
2017.03.23 13:37:52.647,12.49541,12.49821,0.00,0.00
2017.03.23 13:37:52.703,12.49618,12.49842,0.00,0.00
2017.03.23 13:37:52.804,12.49541,12.49791,0.00,0.00
2017.03.23 13:37:52.918,12.49541,12.49781,0.00,0.00
2017.03.23 13:37:53.019,12.49549,12.49831,0.00,0.00
2017.03.23 13:37:53.120,12.49541,12.49822,0.00,0.00
2017.03.23 13:37:53.343,12.49558,12.49842,0.00,0.00
2017.03.23 13:37:53.444,12.49541,12.49821,0.00,0.00
2017.03.23 13:37:53.788,12.49541,12.49801,0.00,0.00
2017.03.23 13:37:54.138,12.49541,12.49761,0.00,0.00
2017.03.23 13:37:54.189,12.49509,12.49749,0.00,0.00
2017.03.23 13:37:54.240,12.49518,12.49749,0.00,0.00
2017.03.23 13:37:54.341,12.49451,12.49692,0.00,0.00
2017.03.23 13:37:54.408,12.49451,12.49702,0.00,0.00
2017.03.23 13:37:54.520,12.49459,12.49732,0.00,0.00
2017.03.23 13:37:54.610,12.49451,12.49732,0.00,0.00
2017.03.23 13:37:54.745,12.49451,12.49721,0.00,0.00
2017.03.23 13:37:55.196,12.49432,12.49692,0.00,0.00
2017.03.23 13:37:55.513,12.49438,12.49722,0.00,0.00
2017.03.23 13:37:55.614,12.49432,12.49702,0.00,0.00
2017.03.23 13:37:56.015,12.49438,12.49722,0.00,0.00
2017.03.23 13:37:56.253,12.49432,12.49702,0.00,0.00
2017.03.23 13:37:56.354,12.49432,12.49712,0.00,0.00
2017.03.23 13:37:56.416,12.49458,12.49732,0.00,0.00
2017.03.23 13:37:56.531,12.49449,12.49731,0.00,0.00
2017.03.23 13:37:56.637,12.49432,12.49702,0.00,0.00
2017.03.23 13:37:56.953,12.49332,12.49612,0.00,0.00
2017.03.23 13:37:57.125,12.49369,12.49632,0.00,0.00
2017.03.23 13:37:57.671,12.49332,12.49612,0.00,0.00
2017.03.23 13:37:57.794,12.49421,12.49612,0.00,0.00
2017.03.23 13:37:57.845,12.49421,12.49672,0.00,0.00
2017.03.23 13:37:58.053,12.49448,12.49728,0.00,0.00
2017.03.23 13:37:58.104,12.49448,12.49732,0.00,0.00
2017.03.23 13:37:58.155,12.49468,12.49732,0.00,0.00
2017.03.23 13:37:58.518,12.49478,12.49732,0.00,0.00
2017.03.23 13:37:58.569,12.49468,12.49732,0.00,0.00
2017.03.23 13:37:58.626,12.49478,12.49732,0.00,0.00
2017.03.23 13:37:58.750,12.49449,12.49731,0.00,0.00
2017.03.23 13:37:58.827,12.49439,12.49721,0.00,0.00
2017.03.23 13:37:59.174,12.49431,12.49712,0.00,0.00
2017.03.23 13:37:59.520,12.49458,12.49732,0.00,0.00
2017.03.23 13:37:59.829,12.49449,12.49731,0.00,0.00
2017.03.23 13:37:59.960,12.49499,12.49732,0.00,0.00
2017.03.23 13:38:00.147,12.49468,12.49739,0.00,0.00
2017.03.23 13:38:00.248,12.49539,12.49739,0.00,0.00
2017.03.23 13:38:00.354,12.49519,12.49739,0.00,0.00
2017.03.23 13:38:00.455,12.49532,12.49732,0.00,0.00
2017.03.23 13:38:00.556,12.49568,12.49822,0.00,0.00
2017.03.23 13:38:00.657,12.49538,12.49749,0.00,0.00
2017.03.23 13:38:00.758,12.49529,12.49749,0.00,0.00
2017.03.23 13:38:00.863,12.49469,12.49732,0.00,0.00
2017.03.23 13:38:01.074,12.49469,12.49711,0.00,0.00
2017.03.23 13:38:01.336,12.49469,12.49722,0.00,0.00
2017.03.23 13:38:01.448,12.49469,12.49702,0.00,0.00
2017.03.23 13:38:01.562,12.49469,12.49721,0.00,0.00
2017.03.23 13:38:01.668,12.49469,12.49738,0.00,0.00
2017.03.23 13:38:01.736,12.49469,12.49701,0.00,0.00
2017.03.23 13:38:01.837,12.49469,12.49712,0.00,0.00
2017.03.23 13:38:02.144,12.49469,12.49731,0.00,0.00
2017.03.23 13:38:02.249,12.49469,12.49721,0.00,0.00
2017.03.23 13:38:02.455,12.49469,12.49738,0.00,0.00
2017.03.23 13:38:02.686,12.49479,12.49738,0.00,0.00
2017.03.23 13:38:03.040,12.49469,12.49738,0.00,0.00
2017.03.23 13:38:03.474,12.49478,12.49738,0.00,0.00
2017.03.23 13:38:03.679,12.49469,12.49742,0.00,0.00
2017.03.23 13:38:03.742,12.49478,12.49762,0.00,0.00
2017.03.23 13:38:03.971,12.49469,12.49732,0.00,0.00
2017.03.23 13:38:04.295,12.49469,12.49721,0.00,0.00
2017.03.23 13:38:04.450,12.49488,12.49772,0.00,0.00
2017.03.23 13:38:04.561,12.49479,12.49761,0.00,0.00
2017.03.23 13:38:04.890,12.49369,12.49631,0.00,0.00
2017.03.23 13:38:04.947,12.49379,12.49661,0.00,0.00
2017.03.23 13:38:05.147,12.49369,12.49631,0.00,0.00
2017.03.23 13:38:05.453,12.49429,12.49688,0.00,0.00
2017.03.23 13:38:05.605,12.49418,12.49688,0.00,0.00
2017.03.23 13:38:05.656,12.49378,12.49642,0.00,0.00
2017.03.23 13:38:05.984,12.49378,12.49622,0.00,0.00
2017.03.23 13:38:06.051,12.49378,12.49642,0.00,0.00
2017.03.23 13:38:06.153,12.49378,12.49611,0.00,0.00
2017.03.23 13:38:06.472,12.49429,12.49701,0.00,0.00
2017.03.23 13:38:06.648,12.49479,12.49701,0.00,0.00
2017.03.23 13:38:06.699,12.49479,12.49731,0.00,0.00
2017.03.23 13:38:06.755,12.49479,12.49742,0.00,0.00
2017.03.23 13:38:06.866,12.49479,12.49732,0.00,0.00
2017.03.23 13:38:07.383,12.49479,12.49712,0.00,0.00
2017.03.23 13:38:07.707,12.49479,12.49691,0.00,0.00
2017.03.23 13:38:07.868,12.49479,12.49722,0.00,0.00
2017.03.23 13:38:07.969,12.49479,12.49691,0.00,0.00
2017.03.23 13:38:08.263,12.49479,12.49702,0.00,0.00
2017.03.23 13:38:08.378,12.49479,12.49682,0.00,0.00
2017.03.23 13:38:08.460,12.49479,12.49711,0.00,0.00
2017.03.23 13:38:08.518,12.49429,12.49711,0.00,0.00
2017.03.23 13:38:08.568,12.49428,12.49682,0.00,0.00
2017.03.23 13:38:08.903,12.49478,12.49681,0.00,0.00
2017.03.23 13:38:09.004,12.49478,12.49692,0.00,0.00
2017.03.23 13:38:09.062,12.49478,12.49711,0.00,0.00
2017.03.23 13:38:09.172,12.49478,12.49721,0.00,0.00
2017.03.23 13:38:09.287,12.49478,12.49681,0.00,0.00
2017.03.23 13:38:09.511,12.49478,12.49722,0.00,0.00
2017.03.23 13:38:09.562,12.49438,12.49689,0.00,0.00
2017.03.23 13:38:09.740,12.49408,12.49689,0.00,0.00
2017.03.23 13:38:09.791,12.49379,12.49602,0.00,0.00
2017.03.23 13:38:09.893,12.49379,12.49642,0.00,0.00
2017.03.23 13:38:09.943,12.49429,12.49642,0.00,0.00
2017.03.23 13:38:09.995,12.49429,12.49671,0.00,0.00
2017.03.23 13:38:10.046,12.49478,12.49671,0.00,0.00
2017.03.23 13:38:10.097,12.49478,12.49722,0.00,0.00
2017.03.23 13:38:10.212,12.49478,12.49712,0.00,0.00
2017.03.23 13:38:10.364,12.49428,12.49681,0.00,0.00
2017.03.23 13:38:10.473,12.49438,12.49688,0.00,0.00
2017.03.23 13:38:10.576,12.49379,12.49642,0.00,0.00
2017.03.23 13:38:10.627,12.49478,12.49642,0.00,0.00
2017.03.23 13:38:10.797,12.49478,12.49721,0.00,0.00
2017.03.23 13:38:11.169,12.49478,12.49691,0.00,0.00
2017.03.23 13:38:11.270,12.49422,12.49682,0.00,0.00
2017.03.23 13:38:11.370,12.49379,12.49641,0.00,0.00
2017.03.23 13:38:11.474,12.49379,12.49602,0.00,0.00
2017.03.23 13:38:11.877,12.49379,12.49632,0.00,0.00
2017.03.23 13:38:11.928,12.49379,12.49602,0.00,0.00
2017.03.23 13:38:12.071,12.49379,12.49611,0.00,0.00
2017.03.23 13:38:12.171,12.49379,12.49602,0.00,0.00
2017.03.23 13:38:12.272,12.49379,12.49632,0.00,0.00
2017.03.23 13:38:12.409,12.49379,12.49612,0.00,0.00
2017.03.23 13:38:12.460,12.49328,12.49589,0.00,0.00
2017.03.23 13:38:12.561,12.49319,12.49589,0.00,0.00
2017.03.23 13:38:12.672,12.49278,12.49542,0.00,0.00
2017.03.23 13:38:13.105,12.49329,12.49602,0.00,0.00
2017.03.23 13:38:13.156,12.49379,12.49602,0.00,0.00
2017.03.23 13:38:13.274,12.49379,12.49632,0.00,0.00
2017.03.23 13:38:13.499,12.49379,12.49602,0.00,0.00
2017.03.23 13:38:13.651,12.49328,12.49602,0.00,0.00
2017.03.23 13:38:13.701,12.49328,12.49591,0.00,0.00
2017.03.23 13:38:14.003,12.49388,12.49672,0.00,0.00
2017.03.23 13:38:14.112,12.49428,12.49672,0.00,0.00
2017.03.23 13:38:14.303,12.49448,12.49732,0.00,0.00
2017.03.23 13:38:14.353,12.49479,12.49732,0.00,0.00
2017.03.23 13:38:14.404,12.49479,12.49741,0.00,0.00
2017.03.23 13:38:14.521,12.49479,12.49732,0.00,0.00
2017.03.23 13:38:14.690,12.49479,12.49742,0.00,0.00
2017.03.23 13:38:14.879,12.49479,12.49702,0.00,0.00
2017.03.23 13:38:15.193,12.49479,12.49722,0.00,0.00
2017.03.23 13:38:15.244,12.49529,12.49722,0.00,0.00
2017.03.23 13:38:15.442,12.49578,12.49811,0.00,0.00
2017.03.23 13:38:15.493,12.49578,12.49822,0.00,0.00
2017.03.23 13:38:15.582,12.49578,12.49831,0.00,0.00
2017.03.23 13:38:15.694,12.49569,12.49841,0.00,0.00
2017.03.23 13:38:15.794,12.49569,12.49822,0.00,0.00
2017.03.23 13:38:16.184,12.49569,12.49781,0.00,0.00
2017.03.23 13:38:16.284,12.49569,12.49801,0.00,0.00
2017.03.23 13:38:16.477,12.49569,12.49832,0.00,0.00
2017.03.23 13:38:16.531,12.49569,12.49841,0.00,0.00
2017.03.23 13:38:16.584,12.49569,12.49832,0.00,0.00
2017.03.23 13:38:16.885,12.49569,12.49802,0.00,0.00
2017.03.23 13:38:16.985,12.49569,12.49832,0.00,0.00
2017.03.23 13:38:17.093,12.49569,12.49842,0.00,0.00
2017.03.23 13:38:17.407,12.49569,12.49821,0.00,0.00
2017.03.23 13:38:17.727,12.49569,12.49812,0.00,0.00
2017.03.23 13:38:18.070,12.49569,12.49802,0.00,0.00
2017.03.23 13:38:18.289,12.49569,12.49811,0.00,0.00
2017.03.23 13:38:18.446,12.49529,12.49781,0.00,0.00
2017.03.23 13:38:18.546,12.49518,12.49781,0.00,0.00
2017.03.23 13:38:18.597,12.49469,12.49721,0.00,0.00
2017.03.23 13:38:18.830,12.49469,12.49742,0.00,0.00
2017.03.23 13:38:19.143,12.49469,12.49701,0.00,0.00
2017.03.23 13:38:19.194,12.49469,12.49742,0.00,0.00
2017.03.23 13:38:19.393,12.49469,12.49692,0.00,0.00
2017.03.23 13:38:19.498,12.49469,12.49702,0.00,0.00
2017.03.23 13:38:19.602,12.49469,12.49742,0.00,0.00
2017.03.23 13:38:19.929,12.49469,12.49732,0.00,0.00
2017.03.23 13:38:20.238,12.49469,12.49701,0.00,0.00
2017.03.23 13:38:20.509,12.49469,12.49752,0.00,0.00
2017.03.23 13:38:20.560,12.49521,12.49752,0.00,0.00
2017.03.23 13:38:20.711,12.49569,12.49821,0.00,0.00
2017.03.23 13:38:20.820,12.49569,12.49851,0.00,0.00
2017.03.23 13:38:20.942,12.49588,12.49869,0.00,0.00
2017.03.23 13:38:21.044,12.49569,12.49851,0.00,0.00
2017.03.23 13:38:21.100,12.49578,12.49862,0.00,0.00
2017.03.23 13:38:21.201,12.49569,12.49821,0.00,0.00
2017.03.23 13:38:21.363,12.49579,12.49861,0.00,0.00
2017.03.23 13:38:21.414,12.49569,12.49832,0.00,0.00
2017.03.23 13:38:21.757,12.49569,12.49821,0.00,0.00
2017.03.23 13:38:21.808,12.49579,12.49861,0.00,0.00
2017.03.23 13:38:21.920,12.49569,12.49852,0.00,0.00
2017.03.23 13:38:22.162,12.49569,12.49831,0.00,0.00
2017.03.23 13:38:22.440,12.49569,12.49851,0.00,0.00
2017.03.23 13:38:22.610,12.49588,12.49869,0.00,0.00
2017.03.23 13:38:23.011,12.49569,12.49841,0.00,0.00
2017.03.23 13:38:23.409,12.49569,12.49821,0.00,0.00
2017.03.23 13:38:23.800,12.49578,12.49862,0.00,0.00
2017.03.23 13:38:23.851,12.49569,12.49851,0.00,0.00
2017.03.23 13:38:24.198,12.49569,12.49842,0.00,0.00
2017.03.23 13:38:24.512,12.49588,12.49868,0.00,0.00
2017.03.23 13:38:24.617,12.49578,12.49862,0.00,0.00
2017.03.23 13:38:24.953,12.49669,12.49862,0.00,0.00
2017.03.23 13:38:25.018,12.49669,12.49922,0.00,0.00
2017.03.23 13:38:25.256,12.49669,12.49892,0.00,0.00
2017.03.23 13:38:25.502,12.49619,12.49892,0.00,0.00
2017.03.23 13:38:25.553,12.49639,12.49868,0.00,0.00
2017.03.23 13:38:25.711,12.49568,12.49831,0.00,0.00
2017.03.23 13:38:26.055,12.49578,12.49862,0.00,0.00
2017.03.23 13:38:26.361,12.49619,12.49892,0.00,0.00
2017.03.23 13:38:26.462,12.49618,12.49902,0.00,0.00
2017.03.23 13:38:26.517,12.49618,12.49852,0.00,0.00
2017.03.23 13:38:26.819,12.49669,12.49902,0.00,0.00
2017.03.23 13:38:27.061,12.49611,12.49881,0.00,0.00
2017.03.23 13:38:27.112,12.49599,12.49769,0.00,0.00
2017.03.23 13:38:27.391,12.49469,12.49701,0.00,0.00
2017.03.23 13:38:27.449,12.49469,12.49722,0.00,0.00
2017.03.23 13:38:27.551,12.49469,12.49712,0.00,0.00
2017.03.23 13:38:27.662,12.49469,12.49732,0.00,0.00
2017.03.23 13:38:27.767,12.49469,12.49742,0.00,0.00
2017.03.23 13:38:27.823,12.49469,12.49701,0.00,0.00
2017.03.23 13:38:28.135,12.49469,12.49731,0.00,0.00
2017.03.23 13:38:28.316,12.49449,12.49731,0.00,0.00
2017.03.23 13:38:28.367,12.49439,12.49699,0.00,0.00
2017.03.23 13:38:28.525,12.49369,12.49641,0.00,0.00
2017.03.23 13:38:28.576,12.49369,12.49622,0.00,0.00
2017.03.23 13:38:28.677,12.49319,12.49601,0.00,0.00
2017.03.23 13:38:28.728,12.49319,12.49562,0.00,0.00
2017.03.23 13:38:28.929,12.49368,12.49632,0.00,0.00
2017.03.23 13:38:29.030,12.49368,12.49641,0.00,0.00
2017.03.23 13:38:29.131,12.49369,12.49651,0.00,0.00
2017.03.23 13:38:29.233,12.49368,12.49591,0.00,0.00
2017.03.23 13:38:29.341,12.49321,12.49572,0.00,0.00
2017.03.23 13:38:29.442,12.49368,12.49592,0.00,0.00
2017.03.23 13:38:29.675,12.49368,12.49632,0.00,0.00
2017.03.23 13:38:29.727,12.49338,12.49609,0.00,0.00
2017.03.23 13:38:29.778,12.49278,12.49562,0.00,0.00
2017.03.23 13:38:29.830,12.49269,12.49541,0.00,0.00
2017.03.23 13:38:30.157,12.49369,12.49622,0.00,0.00
2017.03.23 13:38:30.276,12.49338,12.49609,0.00,0.00
2017.03.23 13:38:30.378,12.49299,12.49581,0.00,0.00
2017.03.23 13:38:30.431,12.49278,12.49562,0.00,0.00
2017.03.23 13:38:30.577,12.49268,12.49541,0.00,0.00
2017.03.23 13:38:30.631,12.49278,12.49562,0.00,0.00
2017.03.23 13:38:30.739,12.49268,12.49541,0.00,0.00
2017.03.23 13:38:31.069,12.49249,12.49531,0.00,0.00
2017.03.23 13:38:31.121,12.49251,12.49531,0.00,0.00
2017.03.23 13:38:31.423,12.49218,12.49482,0.00,0.00
2017.03.23 13:38:31.473,12.49238,12.49522,0.00,0.00
2017.03.23 13:38:31.533,12.49218,12.49462,0.00,0.00
2017.03.23 13:38:31.840,12.49268,12.49532,0.00,0.00
2017.03.23 13:38:31.954,12.49268,12.49552,0.00,0.00
2017.03.23 13:38:32.160,12.49278,12.49562,0.00,0.00
2017.03.23 13:38:32.489,12.49239,12.49521,0.00,0.00
2017.03.23 13:38:32.540,12.49188,12.49472,0.00,0.00
2017.03.23 13:38:32.641,12.49178,12.49462,0.00,0.00
2017.03.23 13:38:32.947,12.49218,12.49492,0.00,0.00
2017.03.23 13:38:33.181,12.49199,12.49479,0.00,0.00
2017.03.23 13:38:33.240,12.49168,12.49431,0.00,0.00
2017.03.23 13:38:33.544,12.49168,12.49401,0.00,0.00
2017.03.23 13:38:33.739,12.49168,12.49431,0.00,0.00
2017.03.23 13:38:33.859,12.49119,12.49401,0.00,0.00
2017.03.23 13:38:33.959,12.49108,12.49382,0.00,0.00
2017.03.23 13:38:34.060,12.49098,12.49382,0.00,0.00
2017.03.23 13:38:34.181,12.49088,12.49372,0.00,0.00
2017.03.23 13:38:34.552,12.49078,12.49362,0.00,0.00
2017.03.23 13:38:34.902,12.49119,12.49388,0.00,0.00
2017.03.23 13:38:35.174,12.49169,12.49452,0.00,0.00
2017.03.23 13:38:35.243,12.49199,12.49468,0.00,0.00
2017.03.23 13:38:35.294,12.49199,12.49481,0.00,0.00
2017.03.23 13:38:35.490,12.49228,12.49492,0.00,0.00
2017.03.23 13:38:35.544,12.49228,12.49502,0.00,0.00
2017.03.23 13:38:35.595,12.49218,12.49489,0.00,0.00
2017.03.23 13:38:35.645,12.49199,12.49481,0.00,0.00
2017.03.23 13:38:35.746,12.49179,12.49451,0.00,0.00
2017.03.23 13:38:36.053,12.49089,12.49371,0.00,0.00
2017.03.23 13:38:36.264,12.49079,12.49361,0.00,0.00
2017.03.23 13:38:36.597,12.49159,12.49429,0.00,0.00
2017.03.23 13:38:36.748,12.49118,12.49389,0.00,0.00
2017.03.23 13:38:36.863,12.49089,12.49362,0.00,0.00
2017.03.23 13:38:36.966,12.49089,12.49371,0.00,0.00
2017.03.23 13:38:37.067,12.49089,12.49352,0.00,0.00
2017.03.23 13:38:37.354,12.49108,12.49389,0.00,0.00
2017.03.23 13:38:37.465,12.49098,12.49382,0.00,0.00
2017.03.23 13:38:37.549,12.49108,12.49389,0.00,0.00
2017.03.23 13:38:37.874,12.49188,12.49389,0.00,0.00
2017.03.23 13:38:37.925,12.49188,12.49402,0.00,0.00
2017.03.23 13:38:38.026,12.49188,12.49461,0.00,0.00
2017.03.23 13:38:38.076,12.49188,12.49422,0.00,0.00
2017.03.23 13:38:38.325,12.49138,12.49389,0.00,0.00
2017.03.23 13:38:38.489,12.49088,12.49372,0.00,0.00
2017.03.23 13:38:38.598,12.49188,12.49352,0.00,0.00
2017.03.23 13:38:38.699,12.49188,12.49362,0.00,0.00
2017.03.23 13:38:38.754,12.49188,12.49452,0.00,0.00
2017.03.23 13:38:38.855,12.49188,12.49462,0.00,0.00
2017.03.23 13:38:38.958,12.49188,12.49452,0.00,0.00
2017.03.23 13:38:39.305,12.49188,12.49382,0.00,0.00
2017.03.23 13:38:39.356,12.49188,12.49402,0.00,0.00
2017.03.23 13:38:39.457,12.49149,12.49429,0.00,0.00
2017.03.23 13:38:39.557,12.49139,12.49389,0.00,0.00
2017.03.23 13:38:39.870,12.49139,12.49402,0.00,0.00
2017.03.23 13:38:39.920,12.49189,12.49402,0.00,0.00
2017.03.23 13:38:40.072,12.49189,12.49452,0.00,0.00
2017.03.23 13:38:40.175,12.49189,12.49461,0.00,0.00
2017.03.23 13:38:40.278,12.49198,12.49478,0.00,0.00
2017.03.23 13:38:40.328,12.49288,12.49478,0.00,0.00
2017.03.23 13:38:40.379,12.49288,12.49482,0.00,0.00
2017.03.23 13:38:40.480,12.49288,12.49492,0.00,0.00
2017.03.23 13:38:40.531,12.49288,12.49479,0.00,0.00
2017.03.23 13:38:40.582,12.49208,12.49479,0.00,0.00
2017.03.23 13:38:40.683,12.49189,12.49449,0.00,0.00
2017.03.23 13:38:40.985,12.49189,12.49411,0.00,0.00
2017.03.23 13:38:41.104,12.49198,12.49449,0.00,0.00
2017.03.23 13:38:41.209,12.49189,12.49449,0.00,0.00
2017.03.23 13:38:41.261,12.49189,12.49422,0.00,0.00
2017.03.23 13:38:41.461,12.49189,12.49442,0.00,0.00
2017.03.23 13:38:41.567,12.49189,12.49381,0.00,0.00
2017.03.23 13:38:41.668,12.49178,12.49381,0.00,0.00
2017.03.23 13:38:41.780,12.49129,12.49381,0.00,0.00
2017.03.23 13:38:41.918,12.49118,12.49381,0.00,0.00
2017.03.23 13:38:42.209,12.49148,12.49381,0.00,0.00
2017.03.23 13:38:42.465,12.49118,12.49392,0.00,0.00
2017.03.23 13:38:42.573,12.49139,12.49392,0.00,0.00
2017.03.23 13:38:42.674,12.49179,12.49452,0.00,0.00
2017.03.23 13:38:42.725,12.49201,12.49452,0.00,0.00
2017.03.23 13:38:42.876,12.49228,12.49491,0.00,0.00
2017.03.23 13:38:42.990,12.49258,12.49491,0.00,0.00
2017.03.23 13:38:43.041,12.49258,12.49541,0.00,0.00
2017.03.23 13:38:43.091,12.49288,12.49541,0.00,0.00
2017.03.23 13:38:43.343,12.49248,12.49532,0.00,0.00
2017.03.23 13:38:43.449,12.49248,12.49491,0.00,0.00
2017.03.23 13:38:43.762,12.49258,12.49491,0.00,0.00
2017.03.23 13:38:44.103,12.49192,12.49421,0.00,0.00
2017.03.23 13:38:44.205,12.49198,12.49482,0.00,0.00
2017.03.23 13:38:44.272,12.49268,12.49492,0.00,0.00
2017.03.23 13:38:44.586,12.49289,12.49492,0.00,0.00
2017.03.23 13:38:44.691,12.49229,12.49492,0.00,0.00
2017.03.23 13:38:44.894,12.49258,12.49492,0.00,0.00
2017.03.23 13:38:45.224,12.49229,12.49492,0.00,0.00
2017.03.23 13:38:45.388,12.49268,12.49492,0.00,0.00
2017.03.23 13:38:45.438,12.49268,12.49522,0.00,0.00
2017.03.23 13:38:45.592,12.49238,12.49522,0.00,0.00
2017.03.23 13:38:45.771,12.49238,12.49472,0.00,0.00
2017.03.23 13:38:45.922,12.49238,12.49511,0.00,0.00
2017.03.23 13:38:46.027,12.49238,12.49502,0.00,0.00
2017.03.23 13:38:46.078,12.49238,12.49512,0.00,0.00
2017.03.23 13:38:46.204,12.49259,12.49522,0.00,0.00
2017.03.23 13:38:46.494,12.49189,12.49462,0.00,0.00
2017.03.23 13:38:46.545,12.49201,12.49462,0.00,0.00
2017.03.23 13:38:46.696,12.49229,12.49511,0.00,0.00
2017.03.23 13:38:46.802,12.49269,12.49512,0.00,0.00
2017.03.23 13:38:47.009,12.49239,12.49512,0.00,0.00
2017.03.23 13:38:47.059,12.49239,12.49412,0.00,0.00
2017.03.23 13:38:47.231,12.49219,12.49412,0.00,0.00
2017.03.23 13:38:47.283,12.49168,12.49412,0.00,0.00
2017.03.23 13:38:47.434,12.49149,12.49412,0.00,0.00
2017.03.23 13:38:47.702,12.49189,12.49412,0.00,0.00
2017.03.23 13:38:47.922,12.49138,12.49412,0.00,0.00
2017.03.23 13:38:48.241,12.49202,12.49422,0.00,0.00
2017.03.23 13:38:48.291,12.49202,12.49442,0.00,0.00
2017.03.23 13:38:48.392,12.49229,12.49481,0.00,0.00
2017.03.23 13:38:48.557,12.49248,12.49511,0.00,0.00
2017.03.23 13:38:48.608,12.49278,12.49511,0.00,0.00
2017.03.23 13:38:48.824,12.49248,12.49521,0.00,0.00
2017.03.23 13:38:48.888,12.49259,12.49532,0.00,0.00
2017.03.23 13:38:49.205,12.49269,12.49532,0.00,0.00
2017.03.23 13:38:49.324,12.49248,12.49522,0.00,0.00
2017.03.23 13:38:49.374,12.49298,12.49522,0.00,0.00
2017.03.23 13:38:49.425,12.49298,12.49532,0.00,0.00
2017.03.23 13:38:49.475,12.49332,12.49532,0.00,0.00
2017.03.23 13:38:49.612,12.49332,12.49582,0.00,0.00
2017.03.23 13:38:49.664,12.49349,12.49601,0.00,0.00
2017.03.23 13:38:49.765,12.49358,12.49631,0.00,0.00
2017.03.23 13:38:49.815,12.49389,12.49631,0.00,0.00
2017.03.23 13:38:49.916,12.49431,12.49682,0.00,0.00
2017.03.23 13:38:50.017,12.49522,12.49712,0.00,0.00
2017.03.23 13:38:50.118,12.49538,12.49782,0.00,0.00
2017.03.23 13:38:50.219,12.49539,12.49789,0.00,0.00
2017.03.23 13:38:50.269,12.49539,12.49722,0.00,0.00
2017.03.23 13:38:50.456,12.49438,12.49722,0.00,0.00
2017.03.23 13:38:50.507,12.49438,12.49681,0.00,0.00
2017.03.23 13:38:50.612,12.49438,12.49692,0.00,0.00
2017.03.23 13:38:50.723,12.49438,12.49712,0.00,0.00
2017.03.23 13:38:50.773,12.49428,12.49672,0.00,0.00
2017.03.23 13:38:50.925,12.49422,12.49672,0.00,0.00
2017.03.23 13:38:51.033,12.49421,12.49622,0.00,0.00
2017.03.23 13:38:51.134,12.49439,12.49681,0.00,0.00
2017.03.23 13:38:51.363,12.49439,12.49691,0.00,0.00
2017.03.23 13:38:51.414,12.49459,12.49721,0.00,0.00
2017.03.23 13:38:51.516,12.49459,12.49671,0.00,0.00
2017.03.23 13:38:51.617,12.49408,12.49671,0.00,0.00
2017.03.23 13:38:51.668,12.49408,12.49621,0.00,0.00
2017.03.23 13:38:51.819,12.49348,12.49578,0.00,0.00
2017.03.23 13:38:51.870,12.49348,12.49522,0.00,0.00
2017.03.23 13:38:51.920,12.49319,12.49522,0.00,0.00
2017.03.23 13:38:51.971,12.49338,12.49601,0.00,0.00
2017.03.23 13:38:52.022,12.49338,12.49552,0.00,0.00
2017.03.23 13:38:52.123,12.49338,12.49611,0.00,0.00
2017.03.23 13:38:52.357,12.49389,12.49622,0.00,0.00
2017.03.23 13:38:52.408,12.49368,12.49622,0.00,0.00
2017.03.23 13:38:52.512,12.49348,12.49622,0.00,0.00
2017.03.23 13:38:52.638,12.49339,12.49621,0.00,0.00
2017.03.23 13:38:52.703,12.49368,12.49622,0.00,0.00
2017.03.23 13:38:53.025,12.49389,12.49622,0.00,0.00
2017.03.23 13:38:53.255,12.49378,12.49622,0.00,0.00
2017.03.23 13:38:53.371,12.49358,12.49622,0.00,0.00
2017.03.23 13:38:53.529,12.49389,12.49622,0.00,0.00
2017.03.23 13:38:53.830,12.49359,12.49568,0.00,0.00
2017.03.23 13:38:54.045,12.49338,12.49571,0.00,0.00
2017.03.23 13:38:54.148,12.49338,12.49542,0.00,0.00
2017.03.23 13:38:54.252,12.49349,12.49622,0.00,0.00
2017.03.23 13:38:54.495,12.49348,12.49572,0.00,0.00
2017.03.23 13:38:54.654,12.49308,12.49572,0.00,0.00
2017.03.23 13:38:54.755,12.49288,12.49572,0.00,0.00
2017.03.23 13:38:54.911,12.49319,12.49572,0.00,0.00
2017.03.23 13:38:55.233,12.49338,12.49541,0.00,0.00
2017.03.23 13:38:55.434,12.49439,12.49692,0.00,0.00
2017.03.23 13:38:55.737,12.49538,12.49812,0.00,0.00
2017.03.23 13:38:55.788,12.49538,12.49779,0.00,0.00
2017.03.23 13:38:55.839,12.49539,12.49821,0.00,0.00
2017.03.23 13:38:55.941,12.49539,12.49772,0.00,0.00
2017.03.23 13:38:56.092,12.49529,12.49781,0.00,0.00
2017.03.23 13:38:56.143,12.49529,12.49742,0.00,0.00
2017.03.23 13:38:56.359,12.49558,12.49811,0.00,0.00
2017.03.23 13:38:56.466,12.49568,12.49811,0.00,0.00
2017.03.23 13:38:56.568,12.49579,12.49861,0.00,0.00
2017.03.23 13:38:56.618,12.49609,12.49861,0.00,0.00
2017.03.23 13:38:56.935,12.49539,12.49811,0.00,0.00
2017.03.23 13:38:57.163,12.49529,12.49811,0.00,0.00
2017.03.23 13:38:57.268,12.49578,12.49811,0.00,0.00
2017.03.23 13:38:57.322,12.49529,12.49811,0.00,0.00
2017.03.23 13:38:57.422,12.49539,12.49811,0.00,0.00
2017.03.23 13:38:57.523,12.49589,12.49862,0.00,0.00
2017.03.23 13:38:57.574,12.49628,12.49871,0.00,0.00
2017.03.23 13:38:57.624,12.49639,12.49912,0.00,0.00
2017.03.23 13:38:57.725,12.49729,12.49921,0.00,0.00
2017.03.23 13:38:57.826,12.49729,12.49972,0.00,0.00
2017.03.23 13:38:57.877,12.49688,12.49912,0.00,0.00
2017.03.23 13:38:58.126,12.49648,12.49912,0.00,0.00
2017.03.23 13:38:58.227,12.49628,12.49912,0.00,0.00
2017.03.23 13:38:58.329,12.49679,12.49912,0.00,0.00
2017.03.23 13:38:58.430,12.49679,12.49922,0.00,0.00
2017.03.23 13:38:58.480,12.49729,12.49922,0.00,0.00
2017.03.23 13:38:58.631,12.49728,12.49982,0.00,0.00
2017.03.23 13:38:58.732,12.49718,12.49982,0.00,0.00
2017.03.23 13:38:58.894,12.49678,12.49931,0.00,0.00
2017.03.23 13:38:59.229,12.49778,12.50041,0.00,0.00
2017.03.23 13:38:59.464,12.49778,12.50002,0.00,0.00
2017.03.23 13:38:59.529,12.49778,12.50011,0.00,0.00
2017.03.23 13:38:59.632,12.49749,12.50031,0.00,0.00
2017.03.23 13:38:59.683,12.49749,12.50019,0.00,0.00
2017.03.23 13:38:59.734,12.49729,12.50011,0.00,0.00
2017.03.23 13:38:59.784,12.49778,12.50011,0.00,0.00
2017.03.23 13:39:00.009,12.49648,12.49891,0.00,0.00
2017.03.23 13:39:00.060,12.49589,12.49832,0.00,0.00
2017.03.23 13:39:00.261,12.49588,12.49862,0.00,0.00
2017.03.23 13:39:00.376,12.49588,12.49872,0.00,0.00
2017.03.23 13:39:00.478,12.49588,12.49862,0.00,0.00
2017.03.23 13:39:00.746,12.49608,12.49891,0.00,0.00
2017.03.23 13:39:00.854,12.49639,12.49842,0.00,0.00
2017.03.23 13:39:00.955,12.49589,12.49872,0.00,0.00
2017.03.23 13:39:01.056,12.49589,12.49832,0.00,0.00
2017.03.23 13:39:01.236,12.49589,12.49841,0.00,0.00
2017.03.23 13:39:01.353,12.49589,12.49861,0.00,0.00
2017.03.23 13:39:01.459,12.49589,12.49832,0.00,0.00
2017.03.23 13:39:01.675,12.49589,12.49852,0.00,0.00
2017.03.23 13:39:01.737,12.49599,12.49881,0.00,0.00
2017.03.23 13:39:01.839,12.49589,12.49822,0.00,0.00
2017.03.23 13:39:02.047,12.49589,12.49862,0.00,0.00
2017.03.23 13:39:02.283,12.49589,12.49831,0.00,0.00
2017.03.23 13:39:02.587,12.49688,12.49941,0.00,0.00
2017.03.23 13:39:02.688,12.49648,12.49932,0.00,0.00
2017.03.23 13:39:02.738,12.49648,12.49892,0.00,0.00
2017.03.23 13:39:02.789,12.49588,12.49862,0.00,0.00
2017.03.23 13:39:02.841,12.49588,12.49842,0.00,0.00
2017.03.23 13:39:02.891,12.49558,12.49841,0.00,0.00
2017.03.23 13:39:02.942,12.49539,12.49821,0.00,0.00
2017.03.23 13:39:03.293,12.49569,12.49778,0.00,0.00
2017.03.23 13:39:03.343,12.49558,12.49778,0.00,0.00
2017.03.23 13:39:03.444,12.49489,12.49741,0.00,0.00
2017.03.23 13:39:03.549,12.49489,12.49722,0.00,0.00
2017.03.23 13:39:03.867,12.49589,12.49771,0.00,0.00
2017.03.23 13:39:03.971,12.49589,12.49821,0.00,0.00
2017.03.23 13:39:04.181,12.49638,12.49862,0.00,0.00
2017.03.23 13:39:04.383,12.49688,12.49958,0.00,0.00
2017.03.23 13:39:04.652,12.49688,12.49911,0.00,0.00
2017.03.23 13:39:04.976,12.49688,12.49901,0.00,0.00
2017.03.23 13:39:05.095,12.49688,12.49942,0.00,0.00
2017.03.23 13:39:05.213,12.49688,12.49958,0.00,0.00
2017.03.23 13:39:05.264,12.49688,12.49972,0.00,0.00
2017.03.23 13:39:05.365,12.49688,12.49932,0.00,0.00
2017.03.23 13:39:05.476,12.49698,12.49979,0.00,0.00
2017.03.23 13:39:05.549,12.49689,12.49971,0.00,0.00
2017.03.23 13:39:05.600,12.49789,12.49971,0.00,0.00
2017.03.23 13:39:05.650,12.49789,12.49982,0.00,0.00
2017.03.23 13:39:05.774,12.49789,12.50031,0.00,0.00
2017.03.23 13:39:05.850,12.49789,12.50061,0.00,0.00
2017.03.23 13:39:05.956,12.49789,12.50022,0.00,0.00
2017.03.23 13:39:06.180,12.49789,12.50062,0.00,0.00
2017.03.23 13:39:06.303,12.49789,12.50052,0.00,0.00
2017.03.23 13:39:06.551,12.49789,12.50071,0.00,0.00
2017.03.23 13:39:06.602,12.49838,12.50071,0.00,0.00
2017.03.23 13:39:06.854,12.49898,12.50142,0.00,0.00
2017.03.23 13:39:06.959,12.49898,12.50132,0.00,0.00
2017.03.23 13:39:07.010,12.49848,12.50118,0.00,0.00
2017.03.23 13:39:07.061,12.49848,12.50061,0.00,0.00
2017.03.23 13:39:07.111,12.49798,12.50061,0.00,0.00
2017.03.23 13:39:07.162,12.49798,12.50051,0.00,0.00
2017.03.23 13:39:07.499,12.49698,12.49911,0.00,0.00
2017.03.23 13:39:07.550,12.49649,12.49908,0.00,0.00
2017.03.23 13:39:07.600,12.49649,12.49891,0.00,0.00
2017.03.23 13:39:07.902,12.49648,12.49901,0.00,0.00
2017.03.23 13:39:07.953,12.49698,12.49901,0.00,0.00
2017.03.23 13:39:08.004,12.49698,12.49921,0.00,0.00
2017.03.23 13:39:08.125,12.49648,12.49921,0.00,0.00
2017.03.23 13:39:08.175,12.49648,12.49891,0.00,0.00
2017.03.23 13:39:08.467,12.49669,12.49919,0.00,0.00
2017.03.23 13:39:08.568,12.49648,12.49902,0.00,0.00
2017.03.23 13:39:08.690,12.49649,12.49861,0.00,0.00
2017.03.23 13:39:08.891,12.49698,12.49922,0.00,0.00
2017.03.23 13:39:09.065,12.49698,12.49892,0.00,0.00
2017.03.23 13:39:09.166,12.49698,12.49958,0.00,0.00
2017.03.23 13:39:09.281,12.49698,12.49941,0.00,0.00
2017.03.23 13:39:09.668,12.49698,12.49931,0.00,0.00
2017.03.23 13:39:10.060,12.49659,12.49941,0.00,0.00
2017.03.23 13:39:10.168,12.49649,12.49881,0.00,0.00
2017.03.23 13:39:10.473,12.49658,12.49881,0.00,0.00
2017.03.23 13:39:10.681,12.49708,12.49951,0.00,0.00
2017.03.23 13:39:11.195,12.49708,12.49922,0.00,0.00
2017.03.23 13:39:11.296,12.49708,12.49932,0.00,0.00
2017.03.23 13:39:11.397,12.49708,12.49959,0.00,0.00
2017.03.23 13:39:11.464,12.49708,12.49941,0.00,0.00
2017.03.23 13:39:11.772,12.49708,12.49912,0.00,0.00
2017.03.23 13:39:11.889,12.49708,12.49952,0.00,0.00
2017.03.23 13:39:12.114,12.49708,12.49931,0.00,0.00
2017.03.23 13:39:12.316,12.49758,12.50018,0.00,0.00
2017.03.23 13:39:12.367,12.49758,12.49979,0.00,0.00
2017.03.23 13:39:12.418,12.49759,12.50019,0.00,0.00
2017.03.23 13:39:12.469,12.49759,12.49982,0.00,0.00
2017.03.23 13:39:12.685,12.49808,12.50041,0.00,0.00
2017.03.23 13:39:12.786,12.49858,12.50082,0.00,0.00
2017.03.23 13:39:13.092,12.49909,12.50119,0.00,0.00
2017.03.23 13:39:13.143,12.49858,12.50119,0.00,0.00
2017.03.23 13:39:13.194,12.49858,12.50142,0.00,0.00
2017.03.23 13:39:13.295,12.49909,12.50072,0.00,0.00
2017.03.23 13:39:13.601,12.50009,12.50212,0.00,0.00
2017.03.23 13:39:13.714,12.50009,12.50261,0.00,0.00
2017.03.23 13:39:13.815,12.50108,12.50261,0.00,0.00
2017.03.23 13:39:13.987,12.50008,12.50262,0.00,0.00
2017.03.23 13:39:14.105,12.50008,12.50272,0.00,0.00
2017.03.23 13:39:14.162,12.50058,12.50272,0.00,0.00
2017.03.23 13:39:14.466,12.50059,12.50301,0.00,0.00
2017.03.23 13:39:14.516,12.50059,12.50299,0.00,0.00
2017.03.23 13:39:14.567,12.50038,12.50292,0.00,0.00
2017.03.23 13:39:14.673,12.50029,12.50292,0.00,0.00
2017.03.23 13:39:14.723,12.50058,12.50241,0.00,0.00
2017.03.23 13:39:14.855,12.50058,12.50252,0.00,0.00
2017.03.23 13:39:14.906,12.50058,12.50331,0.00,0.00
2017.03.23 13:39:14.977,12.50058,12.50338,0.00,0.00
2017.03.23 13:39:15.103,12.50058,12.50332,0.00,0.00
2017.03.23 13:39:15.211,12.50059,12.50338,0.00,0.00
2017.03.23 13:39:15.278,12.50069,12.50338,0.00,0.00
2017.03.23 13:39:15.378,12.50058,12.50338,0.00,0.00
2017.03.23 13:39:15.479,12.50088,12.50338,0.00,0.00
2017.03.23 13:39:15.583,12.50068,12.50338,0.00,0.00
2017.03.23 13:39:15.801,12.50089,12.50338,0.00,0.00
2017.03.23 13:39:15.915,12.50058,12.50322,0.00,0.00
2017.03.23 13:39:16.025,12.50018,12.50259,0.00,0.00
2017.03.23 13:39:16.131,12.50028,12.50291,0.00,0.00
2017.03.23 13:39:16.232,12.50009,12.50291,0.00,0.00
2017.03.23 13:39:16.282,12.50059,12.50251,0.00,0.00
2017.03.23 13:39:16.384,12.50059,12.50282,0.00,0.00
2017.03.23 13:39:16.494,12.50068,12.50338,0.00,0.00
2017.03.23 13:39:16.731,12.50109,12.50338,0.00,0.00
2017.03.23 13:39:16.832,12.50109,12.50351,0.00,0.00
2017.03.23 13:39:16.883,12.50109,12.50358,0.00,0.00
2017.03.23 13:39:16.934,12.50108,12.50342,0.00,0.00
2017.03.23 13:39:16.985,12.50099,12.50342,0.00,0.00
2017.03.23 13:39:17.088,12.50058,12.50322,0.00,0.00
2017.03.23 13:39:17.365,12.50038,12.50291,0.00,0.00
2017.03.23 13:39:17.517,12.49979,12.50241,0.00,0.00
2017.03.23 13:39:17.660,12.49959,12.50241,0.00,0.00
2017.03.23 13:39:17.710,12.49959,12.50232,0.00,0.00
2017.03.23 13:39:17.814,12.49959,12.50241,0.00,0.00
2017.03.23 13:39:17.918,12.49998,12.50241,0.00,0.00
2017.03.23 13:39:18.024,12.49988,12.50241,0.00,0.00
2017.03.23 13:39:18.088,12.49959,12.50211,0.00,0.00
2017.03.23 13:39:18.188,12.49959,12.50221,0.00,0.00
2017.03.23 13:39:18.289,12.49959,12.50202,0.00,0.00
2017.03.23 13:39:18.391,12.49968,12.50241,0.00,0.00
2017.03.23 13:39:18.741,12.49929,12.50191,0.00,0.00
2017.03.23 13:39:18.792,12.49909,12.50181,0.00,0.00
2017.03.23 13:39:18.893,12.49918,12.50192,0.00,0.00
2017.03.23 13:39:18.999,12.49879,12.50131,0.00,0.00
2017.03.23 13:39:19.100,12.49871,12.50131,0.00,0.00
2017.03.23 13:39:19.151,12.49898,12.50151,0.00,0.00
2017.03.23 13:39:19.201,12.49909,12.50178,0.00,0.00
2017.03.23 13:39:19.252,12.49909,12.50131,0.00,0.00
2017.03.23 13:39:19.303,12.49879,12.50131,0.00,0.00
2017.03.23 13:39:19.409,12.49869,12.50131,0.00,0.00
2017.03.23 13:39:19.460,12.49911,12.50151,0.00,0.00
2017.03.23 13:39:19.777,12.49948,12.50182,0.00,0.00
2017.03.23 13:39:19.828,12.49929,12.50179,0.00,0.00
2017.03.23 13:39:19.878,12.49929,12.50132,0.00,0.00
2017.03.23 13:39:19.929,12.49889,12.50132,0.00,0.00
2017.03.23 13:39:20.029,12.49898,12.50152,0.00,0.00
2017.03.23 13:39:20.140,12.49908,12.50132,0.00,0.00
2017.03.23 13:39:20.243,12.49868,12.50132,0.00,0.00
2017.03.23 13:39:20.294,12.49859,12.50132,0.00,0.00
2017.03.23 13:39:20.405,12.49898,12.50132,0.00,0.00
2017.03.23 13:39:20.506,12.49912,12.50162,0.00,0.00
2017.03.23 13:39:20.557,12.49878,12.50131,0.00,0.00
2017.03.23 13:39:20.607,12.49939,12.50131,0.00,0.00
2017.03.23 13:39:20.774,12.49898,12.50171,0.00,0.00
2017.03.23 13:39:20.825,12.49849,12.50118,0.00,0.00
2017.03.23 13:39:21.127,12.49688,12.49832,0.00,0.00
2017.03.23 13:39:21.228,12.49649,12.49878,0.00,0.00
2017.03.23 13:39:21.383,12.49588,12.49832,0.00,0.00
2017.03.23 13:39:21.648,12.49548,12.49822,0.00,0.00
2017.03.23 13:39:21.699,12.49549,12.49831,0.00,0.00
2017.03.23 13:39:21.800,12.49589,12.49832,0.00,0.00
2017.03.23 13:39:22.158,12.49598,12.49769,0.00,0.00
2017.03.23 13:39:22.208,12.49448,12.49732,0.00,0.00
2017.03.23 13:39:22.401,12.49458,12.49732,0.00,0.00
2017.03.23 13:39:22.602,12.49448,12.49732,0.00,0.00
2017.03.23 13:39:22.752,12.49488,12.49732,0.00,0.00
2017.03.23 13:39:22.803,12.49448,12.49732,0.00,0.00
2017.03.23 13:39:22.961,12.49511,12.49732,0.00,0.00
2017.03.23 13:39:23.011,12.49511,12.49742,0.00,0.00
2017.03.23 13:39:23.062,12.49549,12.49742,0.00,0.00
2017.03.23 13:39:23.244,12.49611,12.49861,0.00,0.00
2017.03.23 13:39:23.349,12.49648,12.49871,0.00,0.00
2017.03.23 13:39:23.451,12.49659,12.49932,0.00,0.00
2017.03.23 13:39:23.505,12.49648,12.49932,0.00,0.00
2017.03.23 13:39:23.606,12.49669,12.49932,0.00,0.00
2017.03.23 13:39:23.729,12.49648,12.49932,0.00,0.00
2017.03.23 13:39:23.838,12.49678,12.49932,0.00,0.00
2017.03.23 13:39:23.940,12.49649,12.49931,0.00,0.00
2017.03.23 13:39:24.219,12.49689,12.49932,0.00,0.00
2017.03.23 13:39:24.270,12.49698,12.49968,0.00,0.00
2017.03.23 13:39:24.320,12.49679,12.49932,0.00,0.00
2017.03.23 13:39:24.525,12.49699,12.49971,0.00,0.00
2017.03.23 13:39:24.626,12.49708,12.49982,0.00,0.00
2017.03.23 13:39:24.733,12.49698,12.49951,0.00,0.00
2017.03.23 13:39:24.951,12.49698,12.49972,0.00,0.00
2017.03.23 13:39:25.010,12.49698,12.49982,0.00,0.00
2017.03.23 13:39:25.090,12.49698,12.49931,0.00,0.00
2017.03.23 13:39:25.367,12.49649,12.49922,0.00,0.00
2017.03.23 13:39:25.477,12.49698,12.49922,0.00,0.00
2017.03.23 13:39:25.528,12.49698,12.49952,0.00,0.00
2017.03.23 13:39:25.629,12.49698,12.49969,0.00,0.00
2017.03.23 13:39:25.679,12.49711,12.49982,0.00,0.00
2017.03.23 13:39:25.981,12.49598,12.49837,0.00,0.00
2017.03.23 13:39:26.031,12.49569,12.49837,0.00,0.00
2017.03.23 13:39:26.082,12.49569,12.49787,0.00,0.00
2017.03.23 13:39:26.132,12.49548,12.49787,0.00,0.00
2017.03.23 13:39:26.233,12.49548,12.49801,0.00,0.00
2017.03.23 13:39:26.434,12.49558,12.49832,0.00,0.00
2017.03.23 13:39:26.515,12.49548,12.49827,0.00,0.00
2017.03.23 13:39:26.851,12.49548,12.49816,0.00,0.00
2017.03.23 13:39:27.016,12.49548,12.49822,0.00,0.00
2017.03.23 13:39:27.325,12.49559,12.49832,0.00,0.00
2017.03.23 13:39:27.641,12.49548,12.49806,0.00,0.00
2017.03.23 13:39:27.969,12.49529,12.49787,0.00,0.00
2017.03.23 13:39:28.019,12.49538,12.49811,0.00,0.00
2017.03.23 13:39:28.070,12.49538,12.49807,0.00,0.00
2017.03.23 13:39:28.322,12.49538,12.49822,0.00,0.00
2017.03.23 13:39:28.458,12.49568,12.49822,0.00,0.00
2017.03.23 13:39:28.559,12.49549,12.49822,0.00,0.00
2017.03.23 13:39:28.660,12.49578,12.49822,0.00,0.00
2017.03.23 13:39:28.864,12.49538,12.49822,0.00,0.00
2017.03.23 13:39:28.965,12.49519,12.49727,0.00,0.00
2017.03.23 13:39:29.116,12.49528,12.49771,0.00,0.00
2017.03.23 13:39:29.167,12.49489,12.49767,0.00,0.00
2017.03.23 13:39:29.224,12.49489,12.49771,0.00,0.00
2017.03.23 13:39:29.274,12.49539,12.49771,0.00,0.00
2017.03.23 13:39:29.325,12.49539,12.49802,0.00,0.00
2017.03.23 13:39:29.375,12.49518,12.49727,0.00,0.00
2017.03.23 13:39:29.549,12.49438,12.49727,0.00,0.00
2017.03.23 13:39:29.600,12.49488,12.49727,0.00,0.00
2017.03.23 13:39:29.908,12.49519,12.49727,0.00,0.00
2017.03.23 13:39:29.958,12.49469,12.49727,0.00,0.00
2017.03.23 13:39:30.182,12.49499,12.49727,0.00,0.00
2017.03.23 13:39:30.355,12.49458,12.49727,0.00,0.00
2017.03.23 13:39:30.428,12.49538,12.49742,0.00,0.00
2017.03.23 13:39:30.529,12.49538,12.49772,0.00,0.00
2017.03.23 13:39:30.630,12.49529,12.49772,0.00,0.00
2017.03.23 13:39:30.730,12.49509,12.49772,0.00,0.00
2017.03.23 13:39:30.842,12.49489,12.49757,0.00,0.00
2017.03.23 13:39:30.943,12.49539,12.49757,0.00,0.00
2017.03.23 13:39:31.051,12.49508,12.49727,0.00,0.00
2017.03.23 13:39:31.172,12.49538,12.49726,0.00,0.00
2017.03.23 13:39:31.308,12.49538,12.49741,0.00,0.00
2017.03.23 13:39:31.433,12.49558,12.49822,0.00,0.00
2017.03.23 13:39:31.720,12.49588,12.49842,0.00,0.00
2017.03.23 13:39:31.831,12.49558,12.49827,0.00,0.00
2017.03.23 13:39:31.882,12.49589,12.49827,0.00,0.00
2017.03.23 13:39:31.982,12.49588,12.49862,0.00,0.00
2017.03.23 13:39:32.083,12.49589,12.49871,0.00,0.00
2017.03.23 13:39:32.134,12.49588,12.49866,0.00,0.00
2017.03.23 13:39:32.343,12.49529,12.49816,0.00,0.00
2017.03.23 13:39:32.444,12.49538,12.49816,0.00,0.00
2017.03.23 13:39:32.787,12.49638,12.49881,0.00,0.00
2017.03.23 13:39:32.837,12.49659,12.49922,0.00,0.00
2017.03.23 13:39:32.888,12.49659,12.49876,0.00,0.00
2017.03.23 13:39:32.939,12.49598,12.49876,0.00,0.00
2017.03.23 13:39:33.039,12.49598,12.49826,0.00,0.00
2017.03.23 13:39:33.373,12.49638,12.49826,0.00,0.00
2017.03.23 13:39:33.473,12.49609,12.49821,0.00,0.00
2017.03.23 13:39:33.574,12.49559,12.49822,0.00,0.00
2017.03.23 13:39:33.726,12.49611,12.49821,0.00,0.00
2017.03.23 13:39:33.776,12.49608,12.49871,0.00,0.00
2017.03.23 13:39:33.942,12.49639,12.49911,0.00,0.00
2017.03.23 13:39:34.099,12.49639,12.49892,0.00,0.00
2017.03.23 13:39:34.150,12.49648,12.49921,0.00,0.00
2017.03.23 13:39:34.271,12.49658,12.49809,0.00,0.00
2017.03.23 13:39:34.473,12.49529,12.49722,0.00,0.00
2017.03.23 13:39:34.577,12.49478,12.49722,0.00,0.00
2017.03.23 13:39:34.678,12.49489,12.49732,0.00,0.00
2017.03.23 13:39:34.778,12.49489,12.49741,0.00,0.00
2017.03.23 13:39:34.881,12.49528,12.49802,0.00,0.00
2017.03.23 13:39:35.011,12.49528,12.49772,0.00,0.00
2017.03.23 13:39:35.063,12.49548,12.49812,0.00,0.00
2017.03.23 13:39:35.231,12.49548,12.49761,0.00,0.00
2017.03.23 13:39:35.445,12.49489,12.49762,0.00,0.00
2017.03.23 13:39:35.496,12.49489,12.49711,0.00,0.00
2017.03.23 13:39:35.647,12.49479,12.49751,0.00,0.00
2017.03.23 13:39:35.748,12.49478,12.49711,0.00,0.00
2017.03.23 13:39:35.899,12.49508,12.49761,0.00,0.00
2017.03.23 13:39:36.071,12.49529,12.49792,0.00,0.00
2017.03.23 13:39:36.126,12.49529,12.49802,0.00,0.00
2017.03.23 13:39:36.177,12.49548,12.49811,0.00,0.00
2017.03.23 13:39:36.479,12.49529,12.49781,0.00,0.00
2017.03.23 13:39:36.592,12.49529,12.49801,0.00,0.00
2017.03.23 13:39:36.649,12.49558,12.49811,0.00,0.00
2017.03.23 13:39:36.881,12.49538,12.49811,0.00,0.00
2017.03.23 13:39:36.996,12.49569,12.49811,0.00,0.00
2017.03.23 13:39:37.113,12.49529,12.49811,0.00,0.00
2017.03.23 13:39:37.163,12.49548,12.49811,0.00,0.00
2017.03.23 13:39:37.481,12.49529,12.49761,0.00,0.00
2017.03.23 13:39:37.587,12.49558,12.49811,0.00,0.00
2017.03.23 13:39:37.651,12.49538,12.49811,0.00,0.00
2017.03.23 13:39:37.756,12.49529,12.49791,0.00,0.00
2017.03.23 13:39:37.990,12.49548,12.49811,0.00,0.00
2017.03.23 13:39:38.209,12.49529,12.49801,0.00,0.00
2017.03.23 13:39:38.260,12.49548,12.49761,0.00,0.00
2017.03.23 13:39:38.362,12.49508,12.49761,0.00,0.00
2017.03.23 13:39:38.489,12.49529,12.49751,0.00,0.00
2017.03.23 13:39:38.590,12.49529,12.49792,0.00,0.00
2017.03.23 13:39:38.653,12.49539,12.49811,0.00,0.00
2017.03.23 13:39:39.054,12.49529,12.49811,0.00,0.00
2017.03.23 13:39:39.270,12.49569,12.49811,0.00,0.00
2017.03.23 13:39:39.471,12.49478,12.49762,0.00,0.00
2017.03.23 13:39:39.573,12.49478,12.49742,0.00,0.00
2017.03.23 13:39:39.880,12.49548,12.49811,0.00,0.00
2017.03.23 13:39:40.298,12.49638,12.49912,0.00,0.00
2017.03.23 13:39:40.349,12.49638,12.49812,0.00,0.00
2017.03.23 13:39:40.501,12.49509,12.49711,0.00,0.00
2017.03.23 13:39:40.603,12.49468,12.49711,0.00,0.00
2017.03.23 13:39:40.704,12.49458,12.49711,0.00,0.00
2017.03.23 13:39:40.759,12.49448,12.49711,0.00,0.00
2017.03.23 13:39:41.060,12.49479,12.49711,0.00,0.00
2017.03.23 13:39:41.172,12.49478,12.49722,0.00,0.00
2017.03.23 13:39:41.260,12.49478,12.49731,0.00,0.00
2017.03.23 13:39:41.471,12.49478,12.49722,0.00,0.00
2017.03.23 13:39:41.581,12.49478,12.49732,0.00,0.00
2017.03.23 13:39:41.710,12.49478,12.49751,0.00,0.00
2017.03.23 13:39:41.762,12.49478,12.49711,0.00,0.00
2017.03.23 13:39:42.062,12.49478,12.49722,0.00,0.00
2017.03.23 13:39:42.171,12.49478,12.49711,0.00,0.00
2017.03.23 13:39:42.436,12.49429,12.49691,0.00,0.00
2017.03.23 13:39:42.487,12.49379,12.49662,0.00,0.00
2017.03.23 13:39:42.588,12.49379,12.49651,0.00,0.00
2017.03.23 13:39:42.913,12.49429,12.49702,0.00,0.00
2017.03.23 13:39:43.065,12.49429,12.49672,0.00,0.00
2017.03.23 13:39:43.166,12.49429,12.49681,0.00,0.00
2017.03.23 13:39:43.223,12.49478,12.49681,0.00,0.00
2017.03.23 13:39:43.375,12.49429,12.49702,0.00,0.00
2017.03.23 13:39:43.514,12.49429,12.49661,0.00,0.00
2017.03.23 13:39:43.615,12.49429,12.49682,0.00,0.00
2017.03.23 13:39:43.666,12.49429,12.49662,0.00,0.00
2017.03.23 13:39:43.967,12.49478,12.49722,0.00,0.00
2017.03.23 13:39:44.017,12.49438,12.49668,0.00,0.00
2017.03.23 13:39:44.068,12.49379,12.49652,0.00,0.00
2017.03.23 13:39:44.183,12.49379,12.49631,0.00,0.00
2017.03.23 13:39:44.487,12.49379,12.49622,0.00,0.00
2017.03.23 13:39:44.588,12.49379,12.49651,0.00,0.00
2017.03.23 13:39:44.669,12.49379,12.49622,0.00,0.00
2017.03.23 13:39:44.807,12.49379,12.49632,0.00,0.00
2017.03.23 13:39:44.953,12.49379,12.49652,0.00,0.00
2017.03.23 13:39:45.063,12.49379,12.49661,0.00,0.00
2017.03.23 13:39:45.113,12.49379,12.49632,0.00,0.00
2017.03.23 13:39:45.270,12.49379,12.49661,0.00,0.00
2017.03.23 13:39:45.575,12.49379,12.49632,0.00,0.00
2017.03.23 13:39:45.938,12.49379,12.49612,0.00,0.00
2017.03.23 13:39:46.078,12.49379,12.49632,0.00,0.00
2017.03.23 13:39:46.318,12.49379,12.49612,0.00,0.00
2017.03.23 13:39:46.373,12.49379,12.49641,0.00,0.00
2017.03.23 13:39:46.481,12.49379,12.49632,0.00,0.00
2017.03.23 13:39:46.875,12.49388,12.49659,0.00,0.00
2017.03.23 13:39:46.932,12.49429,12.49659,0.00,0.00
2017.03.23 13:39:46.983,12.49429,12.49672,0.00,0.00
2017.03.23 13:39:47.084,12.49478,12.49681,0.00,0.00
2017.03.23 13:39:47.192,12.49478,12.49691,0.00,0.00
2017.03.23 13:39:47.243,12.49429,12.49691,0.00,0.00
2017.03.23 13:39:47.344,12.49478,12.49721,0.00,0.00
2017.03.23 13:39:47.576,12.49478,12.49751,0.00,0.00
2017.03.23 13:39:47.681,12.49478,12.49732,0.00,0.00
2017.03.23 13:39:47.973,12.49428,12.49701,0.00,0.00
2017.03.23 13:39:48.073,12.49459,12.49741,0.00,0.00
2017.03.23 13:39:48.124,12.49479,12.49731,0.00,0.00
2017.03.23 13:39:48.439,12.49479,12.49692,0.00,0.00
2017.03.23 13:39:48.489,12.49479,12.49712,0.00,0.00
2017.03.23 13:39:48.590,12.49479,12.49691,0.00,0.00
2017.03.23 13:39:48.713,12.49479,12.49732,0.00,0.00
2017.03.23 13:39:48.995,12.49479,12.49701,0.00,0.00
2017.03.23 13:39:49.101,12.49479,12.49742,0.00,0.00
2017.03.23 13:39:49.215,12.49479,12.49749,0.00,0.00
2017.03.23 13:39:49.381,12.49479,12.49711,0.00,0.00
2017.03.23 13:39:49.608,12.49479,12.49742,0.00,0.00
2017.03.23 13:39:49.781,12.49479,12.49749,0.00,0.00
2017.03.23 13:39:49.982,12.49479,12.49722,0.00,0.00
2017.03.23 13:39:50.187,12.49479,12.49732,0.00,0.00
2017.03.23 13:39:50.329,12.49479,12.49711,0.00,0.00
2017.03.23 13:39:50.489,12.49479,12.49721,0.00,0.00
2017.03.23 13:39:50.596,12.49479,12.49712,0.00,0.00
2017.03.23 13:39:50.707,12.49479,12.49741,0.00,0.00
2017.03.23 13:39:50.816,12.49479,12.49749,0.00,0.00
2017.03.23 13:39:50.887,12.49479,12.49721,0.00,0.00
2017.03.23 13:39:50.995,12.49479,12.49731,0.00,0.00
2017.03.23 13:39:51.117,12.49479,12.49711,0.00,0.00
2017.03.23 13:39:51.185,12.49479,12.49742,0.00,0.00
2017.03.23 13:39:51.385,12.49479,12.49712,0.00,0.00
2017.03.23 13:39:51.488,12.49479,12.49722,0.00,0.00
2017.03.23 13:39:51.755,12.49479,12.49742,0.00,0.00
2017.03.23 13:39:51.806,12.49479,12.49752,0.00,0.00
2017.03.23 13:39:51.920,12.49499,12.49769,0.00,0.00
2017.03.23 13:39:52.229,12.49579,12.49819,0.00,0.00
2017.03.23 13:39:52.330,12.49549,12.49791,0.00,0.00
2017.03.23 13:39:52.381,12.49549,12.49819,0.00,0.00
2017.03.23 13:39:52.431,12.49528,12.49762,0.00,0.00
2017.03.23 13:39:52.748,12.49578,12.49832,0.00,0.00
2017.03.23 13:39:52.799,12.49529,12.49761,0.00,0.00
2017.03.23 13:39:53.114,12.49578,12.49802,0.00,0.00
2017.03.23 13:39:53.164,12.49528,12.49779,0.00,0.00
2017.03.23 13:39:53.215,12.49529,12.49811,0.00,0.00
2017.03.23 13:39:53.316,12.49528,12.49732,0.00,0.00
2017.03.23 13:39:53.390,12.49528,12.49781,0.00,0.00
2017.03.23 13:39:53.441,12.49579,12.49781,0.00,0.00
2017.03.23 13:39:53.491,12.49579,12.49821,0.00,0.00
2017.03.23 13:39:53.591,12.49579,12.49801,0.00,0.00
2017.03.23 13:39:53.698,12.49529,12.49779,0.00,0.00
2017.03.23 13:39:53.800,12.49499,12.49779,0.00,0.00
2017.03.23 13:39:53.903,12.49478,12.49731,0.00,0.00
2017.03.23 13:39:54.228,12.49529,12.49768,0.00,0.00
2017.03.23 13:39:54.735,12.49478,12.49701,0.00,0.00
2017.03.23 13:39:55.025,12.49478,12.49731,0.00,0.00
2017.03.23 13:39:55.126,12.49478,12.49702,0.00,0.00
2017.03.23 13:39:55.194,12.49478,12.49731,0.00,0.00
2017.03.23 13:39:55.600,12.49478,12.49722,0.00,0.00
2017.03.23 13:39:55.668,12.49438,12.49722,0.00,0.00
2017.03.23 13:39:55.719,12.49438,12.49668,0.00,0.00
2017.03.23 13:39:55.820,12.49378,12.49631,0.00,0.00
2017.03.23 13:39:56.198,12.49378,12.49642,0.00,0.00
2017.03.23 13:39:56.306,12.49378,12.49631,0.00,0.00
2017.03.23 13:39:56.636,12.49379,12.49661,0.00,0.00
2017.03.23 13:39:56.700,12.49378,12.49651,0.00,0.00
2017.03.23 13:39:57.008,12.49389,12.49668,0.00,0.00
2017.03.23 13:39:57.109,12.49378,12.49662,0.00,0.00
2017.03.23 13:39:57.221,12.49378,12.49621,0.00,0.00
2017.03.23 13:39:57.434,12.49329,12.49579,0.00,0.00
2017.03.23 13:39:57.493,12.49329,12.49601,0.00,0.00
2017.03.23 13:39:57.543,12.49379,12.49592,0.00,0.00
2017.03.23 13:39:57.721,12.49379,12.49602,0.00,0.00
2017.03.23 13:39:57.822,12.49379,12.49632,0.00,0.00
2017.03.23 13:39:57.904,12.49379,12.49611,0.00,0.00
2017.03.23 13:39:58.024,12.49379,12.49632,0.00,0.00
2017.03.23 13:39:58.125,12.49348,12.49632,0.00,0.00
2017.03.23 13:39:58.176,12.49348,12.49569,0.00,0.00
2017.03.23 13:39:58.226,12.49338,12.49569,0.00,0.00
2017.03.23 13:39:58.331,12.49278,12.49531,0.00,0.00
2017.03.23 13:39:58.506,12.49288,12.49569,0.00,0.00
2017.03.23 13:39:58.613,12.49328,12.49581,0.00,0.00
2017.03.23 13:39:58.860,12.49379,12.49641,0.00,0.00
2017.03.23 13:39:58.911,12.49379,12.49652,0.00,0.00
2017.03.23 13:39:58.962,12.49379,12.49619,0.00,0.00
2017.03.23 13:39:59.012,12.49328,12.49592,0.00,0.00
2017.03.23 13:39:59.113,12.49328,12.49571,0.00,0.00
2017.03.23 13:39:59.378,12.49278,12.49552,0.00,0.00
2017.03.23 13:39:59.479,12.49269,12.49469,0.00,0.00
2017.03.23 13:39:59.529,12.49229,12.49469,0.00,0.00
2017.03.23 13:39:59.631,12.49179,12.49451,0.00,0.00
2017.03.23 13:39:59.875,12.49179,12.49422,0.00,0.00
2017.03.23 13:39:59.926,12.49228,12.49472,0.00,0.00
2017.03.23 13:40:00.028,12.49228,12.49478,0.00,0.00
2017.03.23 13:40:00.128,12.49211,12.49442,0.00,0.00
2017.03.23 13:40:00.229,12.49279,12.49512,0.00,0.00
2017.03.23 13:40:00.331,12.49278,12.49491,0.00,0.00
2017.03.23 13:40:00.546,12.49378,12.49631,0.00,0.00
2017.03.23 13:40:00.647,12.49369,12.49651,0.00,0.00
2017.03.23 13:40:00.858,12.49368,12.49622,0.00,0.00
2017.03.23 13:40:01.120,12.49369,12.49652,0.00,0.00
2017.03.23 13:40:01.330,12.49369,12.49622,0.00,0.00
2017.03.23 13:40:01.437,12.49369,12.49651,0.00,0.00
2017.03.23 13:40:01.549,12.49369,12.49631,0.00,0.00
2017.03.23 13:40:01.765,12.49379,12.49661,0.00,0.00
2017.03.23 13:40:01.936,12.49418,12.49661,0.00,0.00
2017.03.23 13:40:02.062,12.49418,12.49671,0.00,0.00
2017.03.23 13:40:02.199,12.49389,12.49671,0.00,0.00
2017.03.23 13:40:02.249,12.49371,12.49652,0.00,0.00
2017.03.23 13:40:02.572,12.49468,12.49652,0.00,0.00
2017.03.23 13:40:02.622,12.49468,12.49668,0.00,0.00
2017.03.23 13:40:02.730,12.49418,12.49668,0.00,0.00
2017.03.23 13:40:02.833,12.49369,12.49622,0.00,0.00
2017.03.23 13:40:03.203,12.49369,12.49632,0.00,0.00
2017.03.23 13:40:03.254,12.49369,12.49639,0.00,0.00
2017.03.23 13:40:03.524,12.49369,12.49622,0.00,0.00
2017.03.23 13:40:03.911,12.49369,12.49612,0.00,0.00
2017.03.23 13:40:03.962,12.49369,12.49631,0.00,0.00
2017.03.23 13:40:04.132,12.49369,12.49592,0.00,0.00
2017.03.23 13:40:04.425,12.49369,12.49611,0.00,0.00
2017.03.23 13:40:04.537,12.49369,12.49631,0.00,0.00
2017.03.23 13:40:04.844,12.49369,12.49639,0.00,0.00
2017.03.23 13:40:05.027,12.49369,12.49611,0.00,0.00
2017.03.23 13:40:05.259,12.49369,12.49639,0.00,0.00
2017.03.23 13:40:05.678,12.49369,12.49612,0.00,0.00
2017.03.23 13:40:06.054,12.49369,12.49591,0.00,0.00
2017.03.23 13:40:06.161,12.49369,12.49632,0.00,0.00
2017.03.23 13:40:06.263,12.49369,12.49591,0.00,0.00
2017.03.23 13:40:06.677,12.49318,12.49581,0.00,0.00
2017.03.23 13:40:06.779,12.49368,12.49572,0.00,0.00
2017.03.23 13:40:06.981,12.49368,12.49581,0.00,0.00
2017.03.23 13:40:07.082,12.49351,12.49551,0.00,0.00
2017.03.23 13:40:07.132,12.49319,12.49542,0.00,0.00
2017.03.23 13:40:07.347,12.49269,12.49539,0.00,0.00
2017.03.23 13:40:07.468,12.49269,12.49532,0.00,0.00
2017.03.23 13:40:07.850,12.49269,12.49539,0.00,0.00
2017.03.23 13:40:08.081,12.49269,12.49501,0.00,0.00
2017.03.23 13:40:08.138,12.49269,12.49531,0.00,0.00
2017.03.23 13:40:08.247,12.49269,12.49539,0.00,0.00
2017.03.23 13:40:08.354,12.49269,12.49521,0.00,0.00
2017.03.23 13:40:08.678,12.49268,12.49529,0.00,0.00
2017.03.23 13:40:08.779,12.49228,12.49439,0.00,0.00
2017.03.23 13:40:09.097,12.49241,12.49452,0.00,0.00
2017.03.23 13:40:09.248,12.49269,12.49521,0.00,0.00
2017.03.23 13:40:09.299,12.49269,12.49479,0.00,0.00
2017.03.23 13:40:09.349,12.49219,12.49479,0.00,0.00
2017.03.23 13:40:09.467,12.49269,12.49452,0.00,0.00
2017.03.23 13:40:09.582,12.49269,12.49472,0.00,0.00
2017.03.23 13:40:09.690,12.49269,12.49529,0.00,0.00
2017.03.23 13:40:09.996,12.49269,12.49512,0.00,0.00
2017.03.23 13:40:10.183,12.49269,12.49529,0.00,0.00
2017.03.23 13:40:10.687,12.49269,12.49542,0.00,0.00
2017.03.23 13:40:10.738,12.49292,12.49542,0.00,0.00
2017.03.23 13:40:10.996,12.49292,12.49552,0.00,0.00
2017.03.23 13:40:11.047,12.49382,12.49552,0.00,0.00
2017.03.23 13:40:11.210,12.49382,12.49562,0.00,0.00
2017.03.23 13:40:11.266,12.49382,12.49622,0.00,0.00
2017.03.23 13:40:11.367,12.49382,12.49652,0.00,0.00
2017.03.23 13:40:11.481,12.49382,12.49662,0.00,0.00
2017.03.23 13:40:11.584,12.49382,12.49652,0.00,0.00
2017.03.23 13:40:11.903,12.49308,12.49579,0.00,0.00
2017.03.23 13:40:12.004,12.49291,12.49542,0.00,0.00
2017.03.23 13:40:12.196,12.49291,12.49571,0.00,0.00
2017.03.23 13:40:12.417,12.49318,12.49568,0.00,0.00
2017.03.23 13:40:12.568,12.49371,12.49622,0.00,0.00
2017.03.23 13:40:12.668,12.49371,12.49632,0.00,0.00
2017.03.23 13:40:12.776,12.49371,12.49642,0.00,0.00
2017.03.23 13:40:12.888,12.49371,12.49611,0.00,0.00
2017.03.23 13:40:13.090,12.49318,12.49568,0.00,0.00
2017.03.23 13:40:13.277,12.49292,12.49568,0.00,0.00
2017.03.23 13:40:13.328,12.49292,12.49531,0.00,0.00
2017.03.23 13:40:13.663,12.49368,12.49541,0.00,0.00
2017.03.23 13:40:13.713,12.49321,12.49601,0.00,0.00
2017.03.23 13:40:13.764,12.49319,12.49568,0.00,0.00
2017.03.23 13:40:13.865,12.49298,12.49568,0.00,0.00
2017.03.23 13:40:13.915,12.49282,12.49552,0.00,0.00
2017.03.23 13:40:14.434,12.49282,12.49541,0.00,0.00
2017.03.23 13:40:14.772,12.49272,12.49502,0.00,0.00
2017.03.23 13:40:15.120,12.49372,12.49562,0.00,0.00
2017.03.23 13:40:15.174,12.49372,12.49612,0.00,0.00
2017.03.23 13:40:15.284,12.49372,12.49622,0.00,0.00
2017.03.23 13:40:15.503,12.49372,12.49592,0.00,0.00
2017.03.23 13:40:15.818,12.49471,12.49712,0.00,0.00
2017.03.23 13:40:15.886,12.49481,12.49722,0.00,0.00
2017.03.23 13:40:15.997,12.49481,12.49731,0.00,0.00
2017.03.23 13:40:16.102,12.49481,12.49751,0.00,0.00
2017.03.23 13:40:16.203,12.49481,12.49721,0.00,0.00
2017.03.23 13:40:16.582,12.49481,12.49752,0.00,0.00
2017.03.23 13:40:16.925,12.49481,12.49761,0.00,0.00
2017.03.23 13:40:16.983,12.49481,12.49722,0.00,0.00
2017.03.23 13:40:17.134,12.49481,12.49742,0.00,0.00
2017.03.23 13:40:17.313,12.49498,12.49769,0.00,0.00
2017.03.23 13:40:17.364,12.49572,12.49782,0.00,0.00
2017.03.23 13:40:17.692,12.49598,12.49869,0.00,0.00
2017.03.23 13:40:17.807,12.49621,12.49851,0.00,0.00
2017.03.23 13:40:17.857,12.49618,12.49851,0.00,0.00
2017.03.23 13:40:17.908,12.49618,12.49811,0.00,0.00
2017.03.23 13:40:17.959,12.49582,12.49811,0.00,0.00
2017.03.23 13:40:18.140,12.49582,12.49822,0.00,0.00
2017.03.23 13:40:18.191,12.49582,12.49801,0.00,0.00
2017.03.23 13:40:18.293,12.49582,12.49841,0.00,0.00
2017.03.23 13:40:18.593,12.49582,12.49792,0.00,0.00
2017.03.23 13:40:18.696,12.49582,12.49811,0.00,0.00
2017.03.23 13:40:18.806,12.49582,12.49831,0.00,0.00
2017.03.23 13:40:18.981,12.49582,12.49841,0.00,0.00
2017.03.23 13:40:19.038,12.49582,12.49861,0.00,0.00
2017.03.23 13:40:19.194,12.49672,12.49822,0.00,0.00
2017.03.23 13:40:19.295,12.49672,12.49902,0.00,0.00
2017.03.23 13:40:19.831,12.49672,12.49872,0.00,0.00
2017.03.23 13:40:19.891,12.49672,12.49891,0.00,0.00
2017.03.23 13:40:20.018,12.49672,12.49871,0.00,0.00
2017.03.23 13:40:20.077,12.49618,12.49869,0.00,0.00
2017.03.23 13:40:20.227,12.49581,12.49802,0.00,0.00
2017.03.23 13:40:20.426,12.49581,12.49832,0.00,0.00
2017.03.23 13:40:20.493,12.49581,12.49801,0.00,0.00
2017.03.23 13:40:20.806,12.49581,12.49791,0.00,0.00
2017.03.23 13:40:21.037,12.49581,12.49822,0.00,0.00
2017.03.23 13:40:21.138,12.49619,12.49869,0.00,0.00
2017.03.23 13:40:21.189,12.49669,12.49901,0.00,0.00
2017.03.23 13:40:21.439,12.49669,12.49911,0.00,0.00
2017.03.23 13:40:21.490,12.49629,12.49908,0.00,0.00
2017.03.23 13:40:21.540,12.49628,12.49868,0.00,0.00
2017.03.23 13:40:21.641,12.49598,12.49868,0.00,0.00
2017.03.23 13:40:21.743,12.49622,12.49842,0.00,0.00
2017.03.23 13:40:21.945,12.49619,12.49852,0.00,0.00
2017.03.23 13:40:22.045,12.49618,12.49868,0.00,0.00
2017.03.23 13:40:22.120,12.49572,12.49821,0.00,0.00
2017.03.23 13:40:22.297,12.49572,12.49831,0.00,0.00
2017.03.23 13:40:22.523,12.49609,12.49858,0.00,0.00
2017.03.23 13:40:22.969,12.49618,12.49859,0.00,0.00
2017.03.23 13:40:23.070,12.49581,12.49859,0.00,0.00
2017.03.23 13:40:23.120,12.49581,12.49821,0.00,0.00
2017.03.23 13:40:23.231,12.49581,12.49832,0.00,0.00
2017.03.23 13:40:23.335,12.49619,12.49832,0.00,0.00
2017.03.23 13:40:23.570,12.49621,12.49862,0.00,0.00
2017.03.23 13:40:23.621,12.49628,12.49868,0.00,0.00
2017.03.23 13:40:23.731,12.49621,12.49872,0.00,0.00
2017.03.23 13:40:23.831,12.49621,12.49832,0.00,0.00
2017.03.23 13:40:23.983,12.49581,12.49862,0.00,0.00
2017.03.23 13:40:24.033,12.49618,12.49869,0.00,0.00
2017.03.23 13:40:24.235,12.49581,12.49852,0.00,0.00
2017.03.23 13:40:24.286,12.49572,12.49852,0.00,0.00
2017.03.23 13:40:24.336,12.49572,12.49822,0.00,0.00
2017.03.23 13:40:24.659,12.49572,12.49851,0.00,0.00
2017.03.23 13:40:24.788,12.49578,12.49848,0.00,0.00
2017.03.23 13:40:25.098,12.49588,12.49848,0.00,0.00
2017.03.23 13:40:25.148,12.49579,12.49848,0.00,0.00
2017.03.23 13:40:25.207,12.49572,12.49822,0.00,0.00
2017.03.23 13:40:25.308,12.49572,12.49831,0.00,0.00
2017.03.23 13:40:25.407,12.49572,12.49841,0.00,0.00
2017.03.23 13:40:25.508,12.49572,12.49848,0.00,0.00
2017.03.23 13:40:25.609,12.49572,12.49841,0.00,0.00
2017.03.23 13:40:25.721,12.49578,12.49848,0.00,0.00
2017.03.23 13:40:25.899,12.49572,12.49841,0.00,0.00
2017.03.23 13:40:26.228,12.49572,12.49848,0.00,0.00
2017.03.23 13:40:26.344,12.49668,12.49821,0.00,0.00
2017.03.23 13:40:26.445,12.49668,12.49851,0.00,0.00
2017.03.23 13:40:26.510,12.49668,12.49921,0.00,0.00
2017.03.23 13:40:26.718,12.49668,12.49902,0.00,0.00
2017.03.23 13:40:26.824,12.49668,12.49922,0.00,0.00
2017.03.23 13:40:27.229,12.49668,12.49892,0.00,0.00
2017.03.23 13:40:27.331,12.49668,12.49921,0.00,0.00
2017.03.23 13:40:27.612,12.49668,12.49912,0.00,0.00
2017.03.23 13:40:27.712,12.49668,12.49942,0.00,0.00
2017.03.23 13:40:27.887,12.49672,12.49942,0.00,0.00
2017.03.23 13:40:28.190,12.49699,12.49959,0.00,0.00
2017.03.23 13:40:28.240,12.49688,12.49959,0.00,0.00
2017.03.23 13:40:28.314,12.49671,12.49931,0.00,0.00
2017.03.23 13:40:28.445,12.49671,12.49952,0.00,0.00
2017.03.23 13:40:28.514,12.49689,12.49959,0.00,0.00
2017.03.23 13:40:28.856,12.49722,12.49941,0.00,0.00
2017.03.23 13:40:28.957,12.49722,12.49971,0.00,0.00
2017.03.23 13:40:29.062,12.49722,12.49991,0.00,0.00
2017.03.23 13:40:29.325,12.49722,12.49981,0.00,0.00
2017.03.23 13:40:29.376,12.49672,12.49942,0.00,0.00
2017.03.23 13:40:29.426,12.49672,12.49912,0.00,0.00
2017.03.23 13:40:29.528,12.49672,12.49922,0.00,0.00
2017.03.23 13:40:29.632,12.49678,12.49958,0.00,0.00
2017.03.23 13:40:29.736,12.49672,12.49942,0.00,0.00
2017.03.23 13:40:30.063,12.49672,12.49912,0.00,0.00
2017.03.23 13:40:30.268,12.49681,12.49931,0.00,0.00
2017.03.23 13:40:30.393,12.49688,12.49969,0.00,0.00
2017.03.23 13:40:30.443,12.49681,12.49961,0.00,0.00
2017.03.23 13:40:30.771,12.49769,12.49961,0.00,0.00
2017.03.23 13:40:30.922,12.49769,12.50031,0.00,0.00
2017.03.23 13:40:30.973,12.49749,12.49958,0.00,0.00
2017.03.23 13:40:31.023,12.49699,12.49958,0.00,0.00
2017.03.23 13:40:31.124,12.49679,12.49958,0.00,0.00
2017.03.23 13:40:31.225,12.49672,12.49912,0.00,0.00
2017.03.23 13:40:31.488,12.49672,12.49952,0.00,0.00
2017.03.23 13:40:31.665,12.49672,12.49922,0.00,0.00
2017.03.23 13:40:31.978,12.49672,12.49912,0.00,0.00
2017.03.23 13:40:32.149,12.49672,12.49942,0.00,0.00
2017.03.23 13:40:32.250,12.49679,12.49958,0.00,0.00
2017.03.23 13:40:32.468,12.49672,12.49932,0.00,0.00
2017.03.23 13:40:32.569,12.49688,12.49958,0.00,0.00
2017.03.23 13:40:32.699,12.49672,12.49952,0.00,0.00
2017.03.23 13:40:32.750,12.49672,12.49911,0.00,0.00
2017.03.23 13:40:32.926,12.49672,12.49932,0.00,0.00
2017.03.23 13:40:33.047,12.49718,12.49961,0.00,0.00
2017.03.23 13:40:33.148,12.49718,12.49972,0.00,0.00
2017.03.23 13:40:33.198,12.49769,12.49972,0.00,0.00
2017.03.23 13:40:33.249,12.49769,12.49991,0.00,0.00
2017.03.23 13:40:33.357,12.49769,12.50021,0.00,0.00
2017.03.23 13:40:33.426,12.49769,12.50031,0.00,0.00
2017.03.23 13:40:33.678,12.49769,12.50001,0.00,0.00
2017.03.23 13:40:33.728,12.49769,12.50021,0.00,0.00
2017.03.23 13:40:33.944,12.49769,12.50031,0.00,0.00
2017.03.23 13:40:34.028,12.49769,12.50022,0.00,0.00
2017.03.23 13:40:34.329,12.49769,12.50012,0.00,0.00
2017.03.23 13:40:34.670,12.49769,12.50002,0.00,0.00
2017.03.23 13:40:34.729,12.49769,12.50039,0.00,0.00
2017.03.23 13:40:35.030,12.49769,12.50022,0.00,0.00
2017.03.23 13:40:35.150,12.49769,12.50039,0.00,0.00
2017.03.23 13:40:35.263,12.49769,12.50042,0.00,0.00
2017.03.23 13:40:35.331,12.49769,12.50049,0.00,0.00
2017.03.23 13:40:35.531,12.49779,12.50049,0.00,0.00
2017.03.23 13:40:35.632,12.49769,12.50049,0.00,0.00
2017.03.23 13:40:35.742,12.49769,12.50032,0.00,0.00
2017.03.23 13:40:36.133,12.49769,12.50049,0.00,0.00
2017.03.23 13:40:36.270,12.49769,12.50031,0.00,0.00
2017.03.23 13:40:36.333,12.49769,12.50049,0.00,0.00
2017.03.23 13:40:36.433,12.49769,12.50031,0.00,0.00
2017.03.23 13:40:36.533,12.49769,12.50049,0.00,0.00
2017.03.23 13:40:36.634,12.49769,12.50042,0.00,0.00
2017.03.23 13:40:36.936,12.49769,12.50022,0.00,0.00
2017.03.23 13:40:37.045,12.49769,12.50049,0.00,0.00
2017.03.23 13:40:37.284,12.49769,12.50012,0.00,0.00
2017.03.23 13:40:37.572,12.49769,12.50022,0.00,0.00
2017.03.23 13:40:37.636,12.49769,12.50002,0.00,0.00
2017.03.23 13:40:37.921,12.49718,12.49989,0.00,0.00
2017.03.23 13:40:37.973,12.49758,12.50032,0.00,0.00
2017.03.23 13:40:38.073,12.49768,12.50032,0.00,0.00
2017.03.23 13:40:38.558,12.49769,12.50039,0.00,0.00
2017.03.23 13:40:38.738,12.49768,12.50031,0.00,0.00
2017.03.23 13:40:39.182,12.49768,12.50011,0.00,0.00
2017.03.23 13:40:39.340,12.49768,12.50022,0.00,0.00
2017.03.23 13:40:39.484,12.49768,12.50039,0.00,0.00
2017.03.23 13:40:39.786,12.49768,12.50011,0.00,0.00
2017.03.23 13:40:39.841,12.49768,12.50039,0.00,0.00
2017.03.23 13:40:39.942,12.49768,12.50011,0.00,0.00
2017.03.23 13:40:40.290,12.49768,12.50032,0.00,0.00
2017.03.23 13:40:40.391,12.49768,12.49992,0.00,0.00
2017.03.23 13:40:40.743,12.49768,12.50022,0.00,0.00
2017.03.23 13:40:40.948,12.49751,12.49982,0.00,0.00
2017.03.23 13:40:41.139,12.49738,12.49982,0.00,0.00
2017.03.23 13:40:41.190,12.49678,12.49939,0.00,0.00
2017.03.23 13:40:41.291,12.49668,12.49922,0.00,0.00
2017.03.23 13:40:41.446,12.49668,12.49939,0.00,0.00
2017.03.23 13:40:41.677,12.49668,12.49912,0.00,0.00
2017.03.23 13:40:41.847,12.49718,12.49982,0.00,0.00
2017.03.23 13:40:41.897,12.49768,12.49982,0.00,0.00
2017.03.23 13:40:41.948,12.49768,12.50011,0.00,0.00
2017.03.23 13:40:42.163,12.49742,12.50011,0.00,0.00
2017.03.23 13:40:42.320,12.49768,12.50021,0.00,0.00
2017.03.23 13:40:42.864,12.49768,12.49992,0.00,0.00
2017.03.23 13:40:42.964,12.49768,12.50031,0.00,0.00
2017.03.23 13:40:43.078,12.49769,12.50039,0.00,0.00
2017.03.23 13:40:43.202,12.49819,12.50042,0.00,0.00
2017.03.23 13:40:43.356,12.49818,12.50048,0.00,0.00
2017.03.23 13:40:43.407,12.49818,12.50082,0.00,0.00
2017.03.23 13:40:43.508,12.49819,12.50089,0.00,0.00
2017.03.23 13:40:43.558,12.49819,12.50051,0.00,0.00
2017.03.23 13:40:43.715,12.49801,12.50051,0.00,0.00
2017.03.23 13:40:43.766,12.49788,12.50048,0.00,0.00
2017.03.23 13:40:43.867,12.49769,12.50032,0.00,0.00
2017.03.23 13:40:43.986,12.49818,12.50032,0.00,0.00
2017.03.23 13:40:44.137,12.49768,12.50032,0.00,0.00
2017.03.23 13:40:44.188,12.49789,12.50048,0.00,0.00
2017.03.23 13:40:44.254,12.49769,12.50048,0.00,0.00
2017.03.23 13:40:44.355,12.49768,12.50021,0.00,0.00
2017.03.23 13:40:44.658,12.49819,12.50082,0.00,0.00
2017.03.23 13:40:44.708,12.49798,12.50049,0.00,0.00
2017.03.23 13:40:44.759,12.49778,12.50049,0.00,0.00
2017.03.23 13:40:44.809,12.49818,12.50049,0.00,0.00
2017.03.23 13:40:44.960,12.49818,12.50052,0.00,0.00
2017.03.23 13:40:45.054,12.49802,12.50052,0.00,0.00
2017.03.23 13:40:45.105,12.49788,12.50049,0.00,0.00
2017.03.23 13:40:45.206,12.49768,12.50042,0.00,0.00
2017.03.23 13:40:45.256,12.49768,12.50039,0.00,0.00
2017.03.23 13:40:45.560,12.49741,12.49961,0.00,0.00
2017.03.23 13:40:45.716,12.49768,12.50022,0.00,0.00
2017.03.23 13:40:45.927,12.49741,12.50022,0.00,0.00
2017.03.23 13:40:45.977,12.49738,12.49938,0.00,0.00
2017.03.23 13:40:46.078,12.49708,12.49938,0.00,0.00
2017.03.23 13:40:46.180,12.49669,12.49938,0.00,0.00
2017.03.23 13:40:46.281,12.49669,12.49921,0.00,0.00
2017.03.23 13:40:46.611,12.49669,12.49892,0.00,0.00
2017.03.23 13:40:46.711,12.49669,12.49931,0.00,0.00
2017.03.23 13:40:46.880,12.49669,12.49902,0.00,0.00
2017.03.23 13:40:46.964,12.49669,12.49939,0.00,0.00
2017.03.23 13:40:47.201,12.49669,12.49912,0.00,0.00
2017.03.23 13:40:47.403,12.49668,12.49931,0.00,0.00
2017.03.23 13:40:47.504,12.49679,12.49939,0.00,0.00
2017.03.23 13:40:47.565,12.49669,12.49939,0.00,0.00
2017.03.23 13:40:47.714,12.49668,12.49912,0.00,0.00
2017.03.23 13:40:48.211,12.49668,12.49931,0.00,0.00
2017.03.23 13:40:48.267,12.49689,12.49939,0.00,0.00
2017.03.23 13:40:48.569,12.49769,12.50011,0.00,0.00
2017.03.23 13:40:48.803,12.49769,12.50022,0.00,0.00
2017.03.23 13:40:48.980,12.49769,12.50029,0.00,0.00
2017.03.23 13:40:49.395,12.49778,12.50029,0.00,0.00
2017.03.23 13:40:49.616,12.49769,12.50021,0.00,0.00
2017.03.23 13:40:49.891,12.49769,12.50029,0.00,0.00
2017.03.23 13:40:49.973,12.49769,12.50012,0.00,0.00
2017.03.23 13:40:50.074,12.49779,12.50029,0.00,0.00
2017.03.23 13:40:50.211,12.49841,12.50061,0.00,0.00
2017.03.23 13:40:50.420,12.49868,12.50122,0.00,0.00
2017.03.23 13:40:50.470,12.49838,12.50039,0.00,0.00
2017.03.23 13:40:50.521,12.49829,12.50039,0.00,0.00
2017.03.23 13:40:50.621,12.49789,12.50039,0.00,0.00
2017.03.23 13:40:50.676,12.49768,12.50012,0.00,0.00
2017.03.23 13:40:50.801,12.49768,12.50021,0.00,0.00
2017.03.23 13:40:50.902,12.49768,12.50031,0.00,0.00
2017.03.23 13:40:50.952,12.49818,12.50031,0.00,0.00
2017.03.23 13:40:51.172,12.49868,12.50082,0.00,0.00
2017.03.23 13:40:51.277,12.49868,12.50112,0.00,0.00
2017.03.23 13:40:51.379,12.49868,12.50119,0.00,0.00
2017.03.23 13:40:51.826,12.49868,12.50101,0.00,0.00
2017.03.23 13:40:51.979,12.49868,12.50119,0.00,0.00
2017.03.23 13:40:52.153,12.49841,12.50119,0.00,0.00
2017.03.23 13:40:52.204,12.49841,12.50091,0.00,0.00
2017.03.23 13:40:52.621,12.49869,12.50119,0.00,0.00
2017.03.23 13:40:52.861,12.49869,12.50122,0.00,0.00
2017.03.23 13:40:52.912,12.49869,12.50112,0.00,0.00
2017.03.23 13:40:53.083,12.49869,12.50128,0.00,0.00
2017.03.23 13:40:53.334,12.49852,12.50128,0.00,0.00
2017.03.23 13:40:53.385,12.49818,12.50048,0.00,0.00
2017.03.23 13:40:53.485,12.49779,12.50048,0.00,0.00
2017.03.23 13:40:53.536,12.49841,12.50061,0.00,0.00
2017.03.23 13:40:53.706,12.49868,12.50101,0.00,0.00
2017.03.23 13:40:53.758,12.49881,12.50101,0.00,0.00
2017.03.23 13:40:53.808,12.49881,12.50142,0.00,0.00
2017.03.23 13:40:53.918,12.49881,12.50132,0.00,0.00
2017.03.23 13:40:54.229,12.49881,12.50159,0.00,0.00
2017.03.23 13:40:54.414,12.49881,12.50131,0.00,0.00
2017.03.23 13:40:54.611,12.49881,12.50142,0.00,0.00
2017.03.23 13:40:54.726,12.49881,12.50159,0.00,0.00
2017.03.23 13:40:55.040,12.49881,12.50122,0.00,0.00
2017.03.23 13:40:55.192,12.49921,12.50181,0.00,0.00
2017.03.23 13:40:55.245,12.49969,12.50181,0.00,0.00
2017.03.23 13:40:55.296,12.49969,12.50191,0.00,0.00
2017.03.23 13:40:55.397,12.49969,12.50211,0.00,0.00
2017.03.23 13:40:55.509,12.49969,12.50171,0.00,0.00
2017.03.23 13:40:55.737,12.49918,12.50158,0.00,0.00
2017.03.23 13:40:55.839,12.49918,12.50151,0.00,0.00
2017.03.23 13:40:55.890,12.49872,12.50151,0.00,0.00
2017.03.23 13:40:55.940,12.49872,12.50102,0.00,0.00
2017.03.23 13:40:55.995,12.49872,12.50111,0.00,0.00
2017.03.23 13:40:56.103,12.49872,12.50132,0.00,0.00
2017.03.23 13:40:56.205,12.49872,12.50111,0.00,0.00
2017.03.23 13:40:56.342,12.49872,12.50141,0.00,0.00
2017.03.23 13:40:56.564,12.49872,12.50091,0.00,0.00
2017.03.23 13:40:56.615,12.49872,12.50112,0.00,0.00
2017.03.23 13:40:56.732,12.49872,12.50122,0.00,0.00
2017.03.23 13:40:57.100,12.49872,12.50141,0.00,0.00
2017.03.23 13:40:57.203,12.49872,12.50131,0.00,0.00
2017.03.23 13:40:57.254,12.49868,12.50131,0.00,0.00
2017.03.23 13:40:57.304,12.49868,12.50082,0.00,0.00
2017.03.23 13:40:57.416,12.49868,12.50101,0.00,0.00
2017.03.23 13:40:57.497,12.49868,12.50081,0.00,0.00
2017.03.23 13:40:57.548,12.49861,12.50081,0.00,0.00
2017.03.23 13:40:57.649,12.49828,12.50059,0.00,0.00
2017.03.23 13:40:57.749,12.49828,12.50048,0.00,0.00
2017.03.23 13:40:57.800,12.49768,12.50002,0.00,0.00
2017.03.23 13:40:58.099,12.49768,12.50031,0.00,0.00
2017.03.23 13:40:58.159,12.49762,12.49982,0.00,0.00
2017.03.23 13:40:58.210,12.49751,12.49982,0.00,0.00
2017.03.23 13:40:58.260,12.49749,12.49959,0.00,0.00
2017.03.23 13:40:58.311,12.49718,12.49959,0.00,0.00
2017.03.23 13:40:58.416,12.49711,12.49952,0.00,0.00
2017.03.23 13:40:58.466,12.49671,12.49949,0.00,0.00
2017.03.23 13:40:58.517,12.49752,12.49932,0.00,0.00
2017.03.23 13:40:58.618,12.49768,12.50022,0.00,0.00
2017.03.23 13:40:58.836,12.49768,12.50011,0.00,0.00
2017.03.23 13:40:59.144,12.49671,12.49922,0.00,0.00
2017.03.23 13:40:59.322,12.49678,12.49949,0.00,0.00
2017.03.23 13:40:59.430,12.49671,12.49921,0.00,0.00
2017.03.23 13:40:59.548,12.49678,12.49949,0.00,0.00
2017.03.23 13:40:59.603,12.49671,12.49949,0.00,0.00
2017.03.23 13:40:59.704,12.49718,12.49951,0.00,0.00
2017.03.23 13:40:59.805,12.49718,12.49989,0.00,0.00
2017.03.23 13:40:59.856,12.49718,12.49949,0.00,0.00
2017.03.23 13:40:59.906,12.49688,12.49949,0.00,0.00
2017.03.23 13:41:00.007,12.49669,12.49942,0.00,0.00
2017.03.23 13:41:00.250,12.49669,12.49932,0.00,0.00
2017.03.23 13:41:00.351,12.49679,12.49949,0.00,0.00
2017.03.23 13:41:00.454,12.49698,12.49949,0.00,0.00
2017.03.23 13:41:00.505,12.49678,12.49949,0.00,0.00
2017.03.23 13:41:00.572,12.49718,12.49949,0.00,0.00
2017.03.23 13:41:00.706,12.49718,12.49989,0.00,0.00
2017.03.23 13:41:00.921,12.49718,12.49971,0.00,0.00
2017.03.23 13:41:01.024,12.49711,12.49971,0.00,0.00
2017.03.23 13:41:01.075,12.49689,12.49949,0.00,0.00
2017.03.23 13:41:01.126,12.49678,12.49949,0.00,0.00
2017.03.23 13:41:01.258,12.49668,12.49942,0.00,0.00
2017.03.23 13:41:01.309,12.49719,12.49949,0.00,0.00
2017.03.23 13:41:01.472,12.49768,12.50001,0.00,0.00
2017.03.23 13:41:01.531,12.49768,12.49988,0.00,0.00
2017.03.23 13:41:01.582,12.49719,12.49988,0.00,0.00
2017.03.23 13:41:01.632,12.49718,12.49971,0.00,0.00
2017.03.23 13:41:02.254,12.49719,12.49972,0.00,0.00
2017.03.23 13:41:02.305,12.49688,12.49949,0.00,0.00
2017.03.23 13:41:02.356,12.49728,12.49949,0.00,0.00
2017.03.23 13:41:02.510,12.49668,12.49942,0.00,0.00
2017.03.23 13:41:02.572,12.49719,12.49942,0.00,0.00
2017.03.23 13:41:02.856,12.49769,12.50021,0.00,0.00
2017.03.23 13:41:03.034,12.49769,12.50032,0.00,0.00
2017.03.23 13:41:03.146,12.49769,12.50038,0.00,0.00
2017.03.23 13:41:03.256,12.49779,12.50038,0.00,0.00
2017.03.23 13:41:03.514,12.49769,12.50032,0.00,0.00
2017.03.23 13:41:03.635,12.49819,12.50032,0.00,0.00
2017.03.23 13:41:03.942,12.49869,12.50121,0.00,0.00
2017.03.23 13:41:04.016,12.49869,12.50139,0.00,0.00
2017.03.23 13:41:04.186,12.49919,12.50139,0.00,0.00
2017.03.23 13:41:04.338,12.49918,12.50149,0.00,0.00
2017.03.23 13:41:04.438,12.49951,12.50171,0.00,0.00
2017.03.23 13:41:04.539,12.49969,12.50211,0.00,0.00
2017.03.23 13:41:04.691,12.49951,12.50211,0.00,0.00
2017.03.23 13:41:04.742,12.49918,12.50172,0.00,0.00
2017.03.23 13:41:05.292,12.49918,12.50171,0.00,0.00
2017.03.23 13:41:05.610,12.49968,12.50189,0.00,0.00
2017.03.23 13:41:05.711,12.49919,12.50189,0.00,0.00
2017.03.23 13:41:05.762,12.49919,12.50142,0.00,0.00
2017.03.23 13:41:06.165,12.50018,12.50242,0.00,0.00
2017.03.23 13:41:06.266,12.50041,12.50251,0.00,0.00
2017.03.23 13:41:06.367,12.50068,12.50292,0.00,0.00
2017.03.23 13:41:06.422,12.50068,12.50301,0.00,0.00
2017.03.23 13:41:06.522,12.50068,12.50311,0.00,0.00
2017.03.23 13:41:06.756,12.50118,12.50331,0.00,0.00
2017.03.23 13:41:06.857,12.50069,12.50319,0.00,0.00
2017.03.23 13:41:07.070,12.50069,12.50292,0.00,0.00
2017.03.23 13:41:07.228,12.50069,12.50319,0.00,0.00
2017.03.23 13:41:07.433,12.50069,12.50301,0.00,0.00
2017.03.23 13:41:07.825,12.50069,12.50319,0.00,0.00
2017.03.23 13:41:07.925,12.50069,12.50291,0.00,0.00
2017.03.23 13:41:08.131,12.50069,12.50312,0.00,0.00
2017.03.23 13:41:08.182,12.50069,12.50319,0.00,0.00
2017.03.23 13:41:08.353,12.50069,12.50292,0.00,0.00
2017.03.23 13:41:08.539,12.50069,12.50319,0.00,0.00
2017.03.23 13:41:09.046,12.50069,12.50282,0.00,0.00
2017.03.23 13:41:09.430,12.50069,12.50301,0.00,0.00
2017.03.23 13:41:09.530,12.50069,12.50272,0.00,0.00
2017.03.23 13:41:09.638,12.50069,12.50319,0.00,0.00
2017.03.23 13:41:09.743,12.50069,12.50271,0.00,0.00
2017.03.23 13:41:10.053,12.50069,12.50311,0.00,0.00
2017.03.23 13:41:10.342,12.50069,12.50319,0.00,0.00
2017.03.23 13:41:10.564,12.50069,12.50292,0.00,0.00
2017.03.23 13:41:10.762,12.50069,12.50319,0.00,0.00
2017.03.23 13:41:11.068,12.50069,12.50291,0.00,0.00
2017.03.23 13:41:11.134,12.50069,12.50319,0.00,0.00
2017.03.23 13:41:11.384,12.50069,12.50292,0.00,0.00
2017.03.23 13:41:11.735,12.50069,12.50312,0.00,0.00
2017.03.23 13:41:11.935,12.50069,12.50319,0.00,0.00
2017.03.23 13:41:12.051,12.50069,12.50312,0.00,0.00
2017.03.23 13:41:12.336,12.50069,12.50319,0.00,0.00
2017.03.23 13:41:12.838,12.50069,12.50302,0.00,0.00
2017.03.23 13:41:13.157,12.50069,12.50319,0.00,0.00
2017.03.23 13:41:13.904,12.50168,12.50352,0.00,0.00
2017.03.23 13:41:14.055,12.50169,12.50361,0.00,0.00
2017.03.23 13:41:14.156,12.50169,12.50392,0.00,0.00
2017.03.23 13:41:14.257,12.50169,12.50402,0.00,0.00
2017.03.23 13:41:14.468,12.50169,12.50412,0.00,0.00
2017.03.23 13:41:14.585,12.50169,12.50429,0.00,0.00
2017.03.23 13:41:14.686,12.50169,12.50422,0.00,0.00
2017.03.23 13:41:14.786,12.50169,12.50429,0.00,0.00
2017.03.23 13:41:14.843,12.50169,12.50392,0.00,0.00
2017.03.23 13:41:14.943,12.50169,12.50412,0.00,0.00
2017.03.23 13:41:15.076,12.50169,12.50392,0.00,0.00
2017.03.23 13:41:15.344,12.50169,12.50402,0.00,0.00
2017.03.23 13:41:15.446,12.50169,12.50371,0.00,0.00
2017.03.23 13:41:15.870,12.50169,12.50402,0.00,0.00
2017.03.23 13:41:15.977,12.50119,12.50379,0.00,0.00
2017.03.23 13:41:16.078,12.50118,12.50322,0.00,0.00
2017.03.23 13:41:16.145,12.50118,12.50351,0.00,0.00
2017.03.23 13:41:16.313,12.50091,12.50351,0.00,0.00
2017.03.23 13:41:16.364,12.50068,12.50329,0.00,0.00
2017.03.23 13:41:16.465,12.50068,12.50321,0.00,0.00
2017.03.23 13:41:16.768,12.50068,12.50329,0.00,0.00
2017.03.23 13:41:16.946,12.50068,12.50322,0.00,0.00
2017.03.23 13:41:17.247,12.50068,12.50329,0.00,0.00
2017.03.23 13:41:17.776,12.50088,12.50329,0.00,0.00
2017.03.23 13:41:17.877,12.50131,12.50382,0.00,0.00
2017.03.23 13:41:17.977,12.50169,12.50382,0.00,0.00
2017.03.23 13:41:18.082,12.50169,12.50419,0.00,0.00
2017.03.23 13:41:18.456,12.50169,12.50412,0.00,0.00
2017.03.23 13:41:18.669,12.50169,12.50419,0.00,0.00
2017.03.23 13:41:18.993,12.50179,12.50419,0.00,0.00
2017.03.23 13:41:19.052,12.50169,12.50419,0.00,0.00
2017.03.23 13:41:19.353,12.50169,12.50412,0.00,0.00
2017.03.23 13:41:19.454,12.50169,12.50419,0.00,0.00
2017.03.23 13:41:19.638,12.50169,12.50402,0.00,0.00
2017.03.23 13:41:19.689,12.50169,12.50419,0.00,0.00
2017.03.23 13:41:19.886,12.50268,12.50419,0.00,0.00
2017.03.23 13:41:19.936,12.50268,12.50428,0.00,0.00
2017.03.23 13:41:19.987,12.50268,12.50402,0.00,0.00
2017.03.23 13:41:20.037,12.50168,12.50402,0.00,0.00
2017.03.23 13:41:20.088,12.50199,12.50428,0.00,0.00
2017.03.23 13:41:20.197,12.50179,12.50428,0.00,0.00
2017.03.23 13:41:20.300,12.50168,12.50422,0.00,0.00
2017.03.23 13:41:20.355,12.50168,12.50428,0.00,0.00
2017.03.23 13:41:20.456,12.50168,12.50422,0.00,0.00
2017.03.23 13:41:20.806,12.50168,12.50419,0.00,0.00
2017.03.23 13:41:21.157,12.50168,12.50428,0.00,0.00
2017.03.23 13:41:21.766,12.50168,12.50412,0.00,0.00
2017.03.23 13:41:22.103,12.50168,12.50402,0.00,0.00
2017.03.23 13:41:22.159,12.50168,12.50412,0.00,0.00
2017.03.23 13:41:22.262,12.50159,12.50382,0.00,0.00
2017.03.23 13:41:22.363,12.50109,12.50339,0.00,0.00
2017.03.23 13:41:22.464,12.50068,12.50321,0.00,0.00
2017.03.23 13:41:22.755,12.50119,12.50321,0.00,0.00
2017.03.23 13:41:23.006,12.50132,12.50382,0.00,0.00
2017.03.23 13:41:23.057,12.50108,12.50339,0.00,0.00
2017.03.23 13:41:23.108,12.50098,12.50339,0.00,0.00
2017.03.23 13:41:23.163,12.50068,12.50332,0.00,0.00
2017.03.23 13:41:23.276,12.50088,12.50339,0.00,0.00
2017.03.23 13:41:23.385,12.50078,12.50339,0.00,0.00
2017.03.23 13:41:23.603,12.50088,12.50339,0.00,0.00
2017.03.23 13:41:23.664,12.50068,12.50339,0.00,0.00
2017.03.23 13:41:23.765,12.50068,12.50322,0.00,0.00
2017.03.23 13:41:23.987,12.50068,12.50331,0.00,0.00
2017.03.23 13:41:24.112,12.50068,12.50339,0.00,0.00
2017.03.23 13:41:24.165,12.50078,12.50339,0.00,0.00
2017.03.23 13:41:24.284,12.50069,12.50339,0.00,0.00
2017.03.23 13:41:24.334,12.50131,12.50351,0.00,0.00
2017.03.23 13:41:24.385,12.50131,12.50371,0.00,0.00
2017.03.23 13:41:24.446,12.50168,12.50371,0.00,0.00
2017.03.23 13:41:24.497,12.50168,12.50419,0.00,0.00
2017.03.23 13:41:25.119,12.50168,12.50429,0.00,0.00
2017.03.23 13:41:25.273,12.50178,12.50429,0.00,0.00
2017.03.23 13:41:25.367,12.50168,12.50429,0.00,0.00
2017.03.23 13:41:25.468,12.50168,12.50421,0.00,0.00
2017.03.23 13:41:25.768,12.50168,12.50429,0.00,0.00
2017.03.23 13:41:25.870,12.50178,12.50429,0.00,0.00
2017.03.23 13:41:26.153,12.50141,12.50412,0.00,0.00
2017.03.23 13:41:26.204,12.50138,12.50379,0.00,0.00
2017.03.23 13:41:26.318,12.50119,12.50379,0.00,0.00
2017.03.23 13:41:26.369,12.50169,12.50401,0.00,0.00
2017.03.23 13:41:26.621,12.50168,12.50411,0.00,0.00
2017.03.23 13:41:26.671,12.50149,12.50339,0.00,0.00
2017.03.23 13:41:26.802,12.50069,12.50339,0.00,0.00
2017.03.23 13:41:26.954,12.50069,12.50328,0.00,0.00
2017.03.23 13:41:27.401,12.50069,12.50322,0.00,0.00
2017.03.23 13:41:27.580,12.50069,12.50328,0.00,0.00
2017.03.23 13:41:27.716,12.50098,12.50328,0.00,0.00
2017.03.23 13:41:27.824,12.50078,12.50328,0.00,0.00
2017.03.23 13:41:27.876,12.50069,12.50328,0.00,0.00
2017.03.23 13:41:28.199,12.50098,12.50328,0.00,0.00
2017.03.23 13:41:28.508,12.50118,12.50338,0.00,0.00
2017.03.23 13:41:28.609,12.50108,12.50338,0.00,0.00
2017.03.23 13:41:28.710,12.50088,12.50338,0.00,0.00
2017.03.23 13:41:28.781,12.50069,12.50338,0.00,0.00
2017.03.23 13:41:28.911,12.50079,12.50338,0.00,0.00
2017.03.23 13:41:29.112,12.50168,12.50432,0.00,0.00
2017.03.23 13:41:29.181,12.50168,12.50442,0.00,0.00
2017.03.23 13:41:29.282,12.50168,12.50432,0.00,0.00
2017.03.23 13:41:29.436,12.50162,12.50432,0.00,0.00
2017.03.23 13:41:29.486,12.50162,12.50411,0.00,0.00
2017.03.23 13:41:29.910,12.50168,12.50411,0.00,0.00
2017.03.23 13:41:30.130,12.50162,12.50411,0.00,0.00
2017.03.23 13:41:30.234,12.50152,12.50401,0.00,0.00
2017.03.23 13:41:30.397,12.50102,12.50362,0.00,0.00
2017.03.23 13:41:30.527,12.50102,12.50341,0.00,0.00
2017.03.23 13:41:30.628,12.50111,12.50361,0.00,0.00
2017.03.23 13:41:30.965,12.50102,12.50312,0.00,0.00
2017.03.23 13:41:31.116,12.50061,12.50312,0.00,0.00
2017.03.23 13:41:31.323,12.50098,12.50312,0.00,0.00
2017.03.23 13:41:31.628,12.50078,12.50312,0.00,0.00
2017.03.23 13:41:31.688,12.50069,12.50312,0.00,0.00
2017.03.23 13:41:31.739,12.50078,12.50349,0.00,0.00
2017.03.23 13:41:31.789,12.50078,12.50342,0.00,0.00
2017.03.23 13:41:32.135,12.50061,12.50312,0.00,0.00
2017.03.23 13:41:32.484,12.50089,12.50312,0.00,0.00
2017.03.23 13:41:32.534,12.50068,12.50312,0.00,0.00
2017.03.23 13:41:32.635,12.50061,12.50312,0.00,0.00
2017.03.23 13:41:32.815,12.50088,12.50312,0.00,0.00
2017.03.23 13:41:32.916,12.50151,12.50382,0.00,0.00
2017.03.23 13:41:33.030,12.50151,12.50411,0.00,0.00
2017.03.23 13:41:33.142,12.50151,12.50382,0.00,0.00
2017.03.23 13:41:33.298,12.50151,12.50401,0.00,0.00
2017.03.23 13:41:33.437,12.50148,12.50362,0.00,0.00
2017.03.23 13:41:33.538,12.50068,12.50312,0.00,0.00
2017.03.23 13:41:33.639,12.50061,12.50312,0.00,0.00
2017.03.23 13:41:33.924,12.50098,12.50312,0.00,0.00
2017.03.23 13:41:34.036,12.50078,12.50312,0.00,0.00
2017.03.23 13:41:34.096,12.50061,12.50312,0.00,0.00
2017.03.23 13:41:34.497,12.50079,12.50312,0.00,0.00
2017.03.23 13:41:34.916,12.50061,12.50312,0.00,0.00
2017.03.23 13:41:35.023,12.50089,12.50312,0.00,0.00
2017.03.23 13:41:35.733,12.50109,12.50312,0.00,0.00
2017.03.23 13:41:35.904,12.50098,12.50312,0.00,0.00
2017.03.23 13:41:36.023,12.50068,12.50312,0.00,0.00
2017.03.23 13:41:36.129,12.50061,12.50312,0.00,0.00
2017.03.23 13:41:36.602,12.50078,12.50312,0.00,0.00
2017.03.23 13:41:36.806,12.50061,12.50312,0.00,0.00
2017.03.23 13:41:37.303,12.50079,12.50312,0.00,0.00
2017.03.23 13:41:37.675,12.50088,12.50312,0.00,0.00
2017.03.23 13:41:37.824,12.50079,12.50312,0.00,0.00
2017.03.23 13:41:37.925,12.50061,12.50312,0.00,0.00
2017.03.23 13:41:38.247,12.50079,12.50312,0.00,0.00
2017.03.23 13:41:38.606,12.50061,12.50312,0.00,0.00
2017.03.23 13:41:38.724,12.50098,12.50312,0.00,0.00
2017.03.23 13:41:38.807,12.50078,12.50312,0.00,0.00
2017.03.23 13:41:39.211,12.50061,12.50312,0.00,0.00
2017.03.23 13:41:39.312,12.50099,12.50312,0.00,0.00
2017.03.23 13:41:39.414,12.50079,12.50312,0.00,0.00
2017.03.23 13:41:39.555,12.50061,12.50312,0.00,0.00
2017.03.23 13:41:39.932,12.50088,12.50312,0.00,0.00
2017.03.23 13:41:40.153,12.50068,12.50312,0.00,0.00
2017.03.23 13:41:40.257,12.50061,12.50312,0.00,0.00
2017.03.23 13:41:40.512,12.50068,12.50312,0.00,0.00
2017.03.23 13:41:40.687,12.50061,12.50312,0.00,0.00
2017.03.23 13:41:41.261,12.50078,12.50312,0.00,0.00
2017.03.23 13:41:41.441,12.50061,12.50312,0.00,0.00
2017.03.23 13:41:41.962,12.50061,12.50311,0.00,0.00
2017.03.23 13:41:42.250,12.50028,12.50258,0.00,0.00
2017.03.23 13:41:42.452,12.49971,12.50212,0.00,0.00
2017.03.23 13:41:42.559,12.49971,12.50201,0.00,0.00
2017.03.23 13:41:42.888,12.49971,12.50212,0.00,0.00
2017.03.23 13:41:43.331,12.49948,12.50148,0.00,0.00
2017.03.23 13:41:43.438,12.49898,12.50112,0.00,0.00
2017.03.23 13:41:43.544,12.49862,12.50112,0.00,0.00
2017.03.23 13:41:43.748,12.49868,12.50112,0.00,0.00
2017.03.23 13:41:43.821,12.49862,12.50112,0.00,0.00
2017.03.23 13:41:43.955,12.49879,12.50112,0.00,0.00
2017.03.23 13:41:44.021,12.49868,12.50112,0.00,0.00
2017.03.23 13:41:44.122,12.49862,12.50112,0.00,0.00
2017.03.23 13:41:44.298,12.49878,12.50121,0.00,0.00
2017.03.23 13:41:44.349,12.49879,12.50159,0.00,0.00
2017.03.23 13:41:44.450,12.49888,12.50111,0.00,0.00
2017.03.23 13:41:44.664,12.49871,12.50111,0.00,0.00
2017.03.23 13:41:45.224,12.49879,12.50111,0.00,0.00
2017.03.23 13:41:45.365,12.49871,12.50111,0.00,0.00
2017.03.23 13:41:45.798,12.49861,12.50111,0.00,0.00
2017.03.23 13:41:46.049,12.49868,12.50111,0.00,0.00
2017.03.23 13:41:46.326,12.49861,12.50111,0.00,0.00
2017.03.23 13:41:46.635,12.49868,12.50111,0.00,0.00
2017.03.23 13:41:46.972,12.49878,12.50111,0.00,0.00
2017.03.23 13:41:47.028,12.49871,12.50111,0.00,0.00
2017.03.23 13:41:48.759,12.49879,12.50111,0.00,0.00
2017.03.23 13:41:48.932,12.49871,12.50111,0.00,0.00
2017.03.23 13:41:49.345,12.49878,12.50111,0.00,0.00
2017.03.23 13:41:49.482,12.49871,12.50111,0.00,0.00
2017.03.23 13:41:49.533,12.49878,12.50111,0.00,0.00
2017.03.23 13:41:49.669,12.49871,12.50111,0.00,0.00
2017.03.23 13:41:49.860,12.49878,12.50111,0.00,0.00
2017.03.23 13:41:49.981,12.49871,12.50111,0.00,0.00
2017.03.23 13:41:50.481,12.49871,12.50101,0.00,0.00
2017.03.23 13:41:50.762,12.49871,12.50111,0.00,0.00
2017.03.23 13:41:51.067,12.49871,12.50102,0.00,0.00
2017.03.23 13:41:51.167,12.49871,12.50111,0.00,0.00
2017.03.23 13:41:51.567,12.49871,12.50102,0.00,0.00
2017.03.23 13:41:51.784,12.49871,12.50111,0.00,0.00
2017.03.23 13:41:52.039,12.49871,12.50102,0.00,0.00
2017.03.23 13:41:52.374,12.49829,12.50058,0.00,0.00
2017.03.23 13:41:52.732,12.49789,12.50058,0.00,0.00
2017.03.23 13:41:52.888,12.49772,12.50052,0.00,0.00
2017.03.23 13:41:52.942,12.49772,12.50032,0.00,0.00
2017.03.23 13:41:53.059,12.49772,12.50042,0.00,0.00
2017.03.23 13:41:53.160,12.49799,12.50058,0.00,0.00
2017.03.23 13:41:53.243,12.49772,12.50052,0.00,0.00
2017.03.23 13:41:53.390,12.49772,12.50032,0.00,0.00
2017.03.23 13:41:53.491,12.49772,12.50042,0.00,0.00
2017.03.23 13:41:53.675,12.49861,12.50062,0.00,0.00
2017.03.23 13:41:53.776,12.49861,12.50111,0.00,0.00
2017.03.23 13:41:54.165,12.49861,12.50092,0.00,0.00
2017.03.23 13:41:54.266,12.49871,12.50121,0.00,0.00
2017.03.23 13:41:54.366,12.49879,12.50122,0.00,0.00
2017.03.23 13:41:54.573,12.49862,12.50122,0.00,0.00
2017.03.23 13:41:54.753,12.49899,12.50148,0.00,0.00
2017.03.23 13:41:54.905,12.49952,12.50222,0.00,0.00
2017.03.23 13:41:55.177,12.49958,12.50222,0.00,0.00
2017.03.23 13:41:55.490,12.49861,12.50102,0.00,0.00
2017.03.23 13:41:55.591,12.49861,12.50112,0.00,0.00
2017.03.23 13:41:55.696,12.49868,12.50122,0.00,0.00
2017.03.23 13:41:55.801,12.49861,12.50092,0.00,0.00
2017.03.23 13:41:55.962,12.49861,12.50122,0.00,0.00
2017.03.23 13:41:56.259,12.49861,12.50101,0.00,0.00
2017.03.23 13:41:56.608,12.49861,12.50092,0.00,0.00
2017.03.23 13:41:56.782,12.49861,12.50121,0.00,0.00
2017.03.23 13:41:56.883,12.49861,12.50101,0.00,0.00
2017.03.23 13:41:57.056,12.49861,12.50122,0.00,0.00
2017.03.23 13:41:57.156,12.49861,12.50091,0.00,0.00
2017.03.23 13:41:57.384,12.49861,12.50122,0.00,0.00
2017.03.23 13:41:57.662,12.49861,12.50112,0.00,0.00
2017.03.23 13:41:57.860,12.49861,12.50122,0.00,0.00
2017.03.23 13:41:57.974,12.49868,12.50131,0.00,0.00
2017.03.23 13:41:58.280,12.49861,12.50131,0.00,0.00
2017.03.23 13:41:58.568,12.49879,12.50131,0.00,0.00
2017.03.23 13:41:58.662,12.49861,12.50131,0.00,0.00
2017.03.23 13:41:59.193,12.49861,12.50102,0.00,0.00
2017.03.23 13:41:59.384,12.49861,12.50111,0.00,0.00
2017.03.23 13:41:59.508,12.49861,12.50122,0.00,0.00
2017.03.23 13:41:59.564,12.49878,12.50131,0.00,0.00
2017.03.23 13:41:59.900,12.49869,12.50131,0.00,0.00
2017.03.23 13:41:59.965,12.49878,12.50131,0.00,0.00
2017.03.23 13:42:00.281,12.49949,12.50212,0.00,0.00
2017.03.23 13:42:00.383,12.49949,12.50182,0.00,0.00
2017.03.23 13:42:00.585,12.50049,12.50302,0.00,0.00
2017.03.23 13:42:00.687,12.50019,12.50229,0.00,0.00
2017.03.23 13:42:00.788,12.49989,12.50219,0.00,0.00
2017.03.23 13:42:00.902,12.49949,12.50192,0.00,0.00
2017.03.23 13:42:00.953,12.49931,12.50131,0.00,0.00
2017.03.23 13:42:01.004,12.49889,12.50128,0.00,0.00
2017.03.23 13:42:01.104,12.49878,12.50128,0.00,0.00
2017.03.23 13:42:01.208,12.49858,12.50128,0.00,0.00
2017.03.23 13:42:01.309,12.49849,12.50101,0.00,0.00
2017.03.23 13:42:01.596,12.49858,12.50129,0.00,0.00
2017.03.23 13:42:01.698,12.49849,12.50112,0.00,0.00
2017.03.23 13:42:01.904,12.49858,12.50129,0.00,0.00
2017.03.23 13:42:02.010,12.49849,12.50091,0.00,0.00
2017.03.23 13:42:02.214,12.49849,12.50101,0.00,0.00
2017.03.23 13:42:02.321,12.49821,12.50032,0.00,0.00
2017.03.23 13:42:02.371,12.49809,12.50032,0.00,0.00
2017.03.23 13:42:02.422,12.49818,12.50081,0.00,0.00
2017.03.23 13:42:02.472,12.49818,12.50049,0.00,0.00
2017.03.23 13:42:02.662,12.49748,12.50021,0.00,0.00
2017.03.23 13:42:02.785,12.49749,12.50031,0.00,0.00
2017.03.23 13:42:02.889,12.49748,12.50002,0.00,0.00
2017.03.23 13:42:02.989,12.49748,12.50011,0.00,0.00
2017.03.23 13:42:03.108,12.49748,12.50002,0.00,0.00
2017.03.23 13:42:03.211,12.49748,12.50032,0.00,0.00
2017.03.23 13:42:03.317,12.49748,12.50002,0.00,0.00
2017.03.23 13:42:03.382,12.49748,12.50022,0.00,0.00
2017.03.23 13:42:03.484,12.49748,12.50002,0.00,0.00
2017.03.23 13:42:03.700,12.49749,12.50031,0.00,0.00
2017.03.23 13:42:03.998,12.49759,12.50032,0.00,0.00
2017.03.23 13:42:04.347,12.49748,12.50011,0.00,0.00
2017.03.23 13:42:04.673,12.49748,12.50001,0.00,0.00
2017.03.23 13:42:04.724,12.49748,12.50021,0.00,0.00
2017.03.23 13:42:04.786,12.49758,12.50032,0.00,0.00
2017.03.23 13:42:05.129,12.49748,12.49991,0.00,0.00
2017.03.23 13:42:05.236,12.49748,12.50012,0.00,0.00
2017.03.23 13:42:05.287,12.49759,12.50032,0.00,0.00
2017.03.23 13:42:05.488,12.49748,12.50012,0.00,0.00
2017.03.23 13:42:05.707,12.49748,12.50032,0.00,0.00
2017.03.23 13:42:05.808,12.49748,12.50001,0.00,0.00
2017.03.23 13:42:06.238,12.49749,12.50031,0.00,0.00
2017.03.23 13:42:06.290,12.49758,12.50032,0.00,0.00
2017.03.23 13:42:06.614,12.49769,12.50022,0.00,0.00
2017.03.23 13:42:06.791,12.49738,12.50002,0.00,0.00
2017.03.23 13:42:07.106,12.49738,12.49991,0.00,0.00
2017.03.23 13:42:07.433,12.49758,12.50022,0.00,0.00
2017.03.23 13:42:07.534,12.49748,12.50022,0.00,0.00
2017.03.23 13:42:07.640,12.49768,12.50022,0.00,0.00
2017.03.23 13:42:07.712,12.49748,12.50022,0.00,0.00
2017.03.23 13:42:07.814,12.49738,12.50012,0.00,0.00
2017.03.23 13:42:08.180,12.49748,12.50022,0.00,0.00
2017.03.23 13:42:08.524,12.49739,12.50021,0.00,0.00
2017.03.23 13:42:08.627,12.49748,12.50022,0.00,0.00
2017.03.23 13:42:08.930,12.49811,12.50061,0.00,0.00
2017.03.23 13:42:09.031,12.49838,12.50111,0.00,0.00
2017.03.23 13:42:09.133,12.49838,12.50101,0.00,0.00
2017.03.23 13:42:09.238,12.49849,12.50122,0.00,0.00
2017.03.23 13:42:09.341,12.49879,12.50122,0.00,0.00
2017.03.23 13:42:09.446,12.49838,12.50122,0.00,0.00
2017.03.23 13:42:09.497,12.49838,12.50022,0.00,0.00
2017.03.23 13:42:09.598,12.49758,12.50022,0.00,0.00
2017.03.23 13:42:09.743,12.49748,12.50022,0.00,0.00
2017.03.23 13:42:09.999,12.49738,12.50011,0.00,0.00
2017.03.23 13:42:10.363,12.49738,12.49992,0.00,0.00
2017.03.23 13:42:10.413,12.49749,12.50022,0.00,0.00
2017.03.23 13:42:10.514,12.49738,12.50012,0.00,0.00
2017.03.23 13:42:10.646,12.49749,12.50022,0.00,0.00
2017.03.23 13:42:10.700,12.49739,12.50021,0.00,0.00
2017.03.23 13:42:10.801,12.49768,12.50022,0.00,0.00
2017.03.23 13:42:11.326,12.49738,12.50002,0.00,0.00
2017.03.23 13:42:11.450,12.49758,12.50022,0.00,0.00
2017.03.23 13:42:11.780,12.49789,12.50022,0.00,0.00
2017.03.23 13:42:11.830,12.49759,12.50022,0.00,0.00
2017.03.23 13:42:11.939,12.49739,12.50021,0.00,0.00
2017.03.23 13:42:12.153,12.49779,12.50022,0.00,0.00
2017.03.23 13:42:12.413,12.49738,12.50012,0.00,0.00
2017.03.23 13:42:12.505,12.49738,12.50022,0.00,0.00
2017.03.23 13:42:12.612,12.49769,12.50022,0.00,0.00
2017.03.23 13:42:12.815,12.49738,12.50002,0.00,0.00
2017.03.23 13:42:12.931,12.49738,12.50012,0.00,0.00
2017.03.23 13:42:13.006,12.49758,12.50022,0.00,0.00
2017.03.23 13:42:13.206,12.49738,12.50011,0.00,0.00
2017.03.23 13:42:13.307,12.49738,12.50022,0.00,0.00
2017.03.23 13:42:13.626,12.49738,12.50012,0.00,0.00
2017.03.23 13:42:14.044,12.49739,12.50021,0.00,0.00
2017.03.23 13:42:14.224,12.49758,12.50022,0.00,0.00
2017.03.23 13:42:14.308,12.49749,12.50022,0.00,0.00
2017.03.23 13:42:14.428,12.49769,12.50022,0.00,0.00
2017.03.23 13:42:14.552,12.49749,12.50022,0.00,0.00
2017.03.23 13:42:14.610,12.49738,12.50022,0.00,0.00
2017.03.23 13:42:14.743,12.49758,12.50022,0.00,0.00
2017.03.23 13:42:14.932,12.49739,12.50021,0.00,0.00
2017.03.23 13:42:15.212,12.49738,12.50012,0.00,0.00
2017.03.23 13:42:15.608,12.49789,12.50011,0.00,0.00
2017.03.23 13:42:15.709,12.49739,12.49992,0.00,0.00
2017.03.23 13:42:15.760,12.49751,12.50021,0.00,0.00
2017.03.23 13:42:15.814,12.49788,12.50021,0.00,0.00
2017.03.23 13:42:15.871,12.49789,12.50071,0.00,0.00
2017.03.23 13:42:15.922,12.49789,12.50061,0.00,0.00
2017.03.23 13:42:16.014,12.49789,12.50071,0.00,0.00
2017.03.23 13:42:16.114,12.49789,12.50042,0.00,0.00
2017.03.23 13:42:16.195,12.49758,12.50022,0.00,0.00
2017.03.23 13:42:16.315,12.49749,12.50022,0.00,0.00
2017.03.23 13:42:16.816,12.49768,12.50022,0.00,0.00
2017.03.23 13:42:17.029,12.49789,12.50052,0.00,0.00
2017.03.23 13:42:17.130,12.49798,12.50071,0.00,0.00
2017.03.23 13:42:17.181,12.49798,12.50021,0.00,0.00
2017.03.23 13:42:17.232,12.49748,12.50021,0.00,0.00
2017.03.23 13:42:17.337,12.49739,12.50021,0.00,0.00
2017.03.23 13:42:17.438,12.49739,12.50012,0.00,0.00
2017.03.23 13:42:17.729,12.49739,12.50021,0.00,0.00
2017.03.23 13:42:17.918,12.49758,12.50021,0.00,0.00
2017.03.23 13:42:18.453,12.49739,12.50021,0.00,0.00
2017.03.23 13:42:18.732,12.49748,12.50021,0.00,0.00
2017.03.23 13:42:19.144,12.49739,12.50012,0.00,0.00
2017.03.23 13:42:19.448,12.49758,12.50021,0.00,0.00
2017.03.23 13:42:19.821,12.49779,12.50022,0.00,0.00
2017.03.23 13:42:19.871,12.49738,12.50022,0.00,0.00
2017.03.23 13:42:19.925,12.49738,12.50012,0.00,0.00
2017.03.23 13:42:20.270,12.49759,12.50022,0.00,0.00
2017.03.23 13:42:20.854,12.49738,12.50011,0.00,0.00
2017.03.23 13:42:21.249,12.49739,12.50021,0.00,0.00
2017.03.23 13:42:21.359,12.49738,12.50002,0.00,0.00
2017.03.23 13:42:21.630,12.49738,12.50012,0.00,0.00
2017.03.23 13:42:21.731,12.49748,12.50022,0.00,0.00
2017.03.23 13:42:22.131,12.49738,12.50012,0.00,0.00
2017.03.23 13:42:22.467,12.49748,12.50022,0.00,0.00
2017.03.23 13:42:22.798,12.49738,12.50012,0.00,0.00
2017.03.23 13:42:22.973,12.49739,12.50021,0.00,0.00
2017.03.23 13:42:23.074,12.49748,12.50022,0.00,0.00
2017.03.23 13:42:23.419,12.49758,12.50022,0.00,0.00
2017.03.23 13:42:23.735,12.49739,12.50021,0.00,0.00
2017.03.23 13:42:23.846,12.49759,12.50022,0.00,0.00
2017.03.23 13:42:24.211,12.49738,12.49992,0.00,0.00
2017.03.23 13:42:24.262,12.49738,12.50001,0.00,0.00
2017.03.23 13:42:24.483,12.49748,12.50022,0.00,0.00
2017.03.23 13:42:25.065,12.49758,12.50022,0.00,0.00
2017.03.23 13:42:25.391,12.49648,12.49922,0.00,0.00
2017.03.23 13:42:25.511,12.49688,12.49932,0.00,0.00
2017.03.23 13:42:25.562,12.49721,12.49971,0.00,0.00
2017.03.23 13:42:25.684,12.49738,12.49932,0.00,0.00
2017.03.23 13:42:25.792,12.49739,12.49949,0.00,0.00
2017.03.23 13:42:25.943,12.49689,12.49922,0.00,0.00
2017.03.23 13:42:26.048,12.49658,12.49922,0.00,0.00
2017.03.23 13:42:26.162,12.49648,12.49922,0.00,0.00
2017.03.23 13:42:26.419,12.49678,12.49922,0.00,0.00
2017.03.23 13:42:26.470,12.49649,12.49922,0.00,0.00
2017.03.23 13:42:26.744,12.49668,12.49922,0.00,0.00
2017.03.23 13:42:26.867,12.49688,12.49949,0.00,0.00
2017.03.23 13:42:26.972,12.49688,12.49931,0.00,0.00
2017.03.23 13:42:27.073,12.49728,12.49982,0.00,0.00
2017.03.23 13:42:27.190,12.49728,12.49991,0.00,0.00
2017.03.23 13:42:27.247,12.49738,12.50012,0.00,0.00
2017.03.23 13:42:27.448,12.49728,12.49992,0.00,0.00
2017.03.23 13:42:27.680,12.49739,12.50012,0.00,0.00
2017.03.23 13:42:27.731,12.49739,12.49911,0.00,0.00
2017.03.23 13:42:27.782,12.49729,12.49911,0.00,0.00
2017.03.23 13:42:27.896,12.49708,12.49911,0.00,0.00
2017.03.23 13:42:27.950,12.49648,12.49911,0.00,0.00
2017.03.23 13:42:28.113,12.49678,12.49932,0.00,0.00
2017.03.23 13:42:28.164,12.49688,12.49948,0.00,0.00
2017.03.23 13:42:28.216,12.49688,12.49912,0.00,0.00
2017.03.23 13:42:28.267,12.49678,12.49912,0.00,0.00
2017.03.23 13:42:28.390,12.49689,12.49912,0.00,0.00
2017.03.23 13:42:28.451,12.49648,12.49912,0.00,0.00
2017.03.23 13:42:28.606,12.49729,12.49932,0.00,0.00
2017.03.23 13:42:28.656,12.49729,12.49972,0.00,0.00
2017.03.23 13:42:28.757,12.49748,12.50011,0.00,0.00
2017.03.23 13:42:28.859,12.49759,12.50011,0.00,0.00
2017.03.23 13:42:29.302,12.49748,12.50011,0.00,0.00
2017.03.23 13:42:29.776,12.49729,12.50011,0.00,0.00
2017.03.23 13:42:29.954,12.49748,12.50011,0.00,0.00
2017.03.23 13:42:30.194,12.49739,12.50011,0.00,0.00
2017.03.23 13:42:30.255,12.49778,12.50011,0.00,0.00
2017.03.23 13:42:30.559,12.49789,12.50011,0.00,0.00
2017.03.23 13:42:30.677,12.49738,12.50011,0.00,0.00
2017.03.23 13:42:30.778,12.49738,12.49948,0.00,0.00
2017.03.23 13:42:31.034,12.49728,12.49952,0.00,0.00
2017.03.23 13:42:31.085,12.49728,12.49962,0.00,0.00
2017.03.23 13:42:31.196,12.49758,12.50012,0.00,0.00
2017.03.23 13:42:31.258,12.49768,12.50012,0.00,0.00
2017.03.23 13:42:31.368,12.49748,12.50012,0.00,0.00
2017.03.23 13:42:31.471,12.49769,12.50012,0.00,0.00
2017.03.23 13:42:31.762,12.49728,12.49982,0.00,0.00
2017.03.23 13:42:31.812,12.49758,12.50012,0.00,0.00
2017.03.23 13:42:32.069,12.49739,12.50012,0.00,0.00
2017.03.23 13:42:32.170,12.49769,12.50012,0.00,0.00
2017.03.23 13:42:32.367,12.49738,12.50012,0.00,0.00
2017.03.23 13:42:32.474,12.49758,12.50012,0.00,0.00
2017.03.23 13:42:32.804,12.49738,12.50012,0.00,0.00
2017.03.23 13:42:32.861,12.49759,12.50012,0.00,0.00
2017.03.23 13:42:33.162,12.49738,12.50012,0.00,0.00
2017.03.23 13:42:33.290,12.49778,12.50012,0.00,0.00
2017.03.23 13:42:33.362,12.49758,12.50012,0.00,0.00
2017.03.23 13:42:33.464,12.49779,12.50012,0.00,0.00
2017.03.23 13:42:33.669,12.49779,12.50038,0.00,0.00
2017.03.23 13:42:33.769,12.49778,12.50032,0.00,0.00
2017.03.23 13:42:33.870,12.49801,12.50062,0.00,0.00
2017.03.23 13:42:33.975,12.49829,12.50092,0.00,0.00
2017.03.23 13:42:34.096,12.49868,12.50111,0.00,0.00
2017.03.23 13:42:34.407,12.49839,12.50111,0.00,0.00
2017.03.23 13:42:34.665,12.49848,12.50111,0.00,0.00
2017.03.23 13:42:35.002,12.49828,12.50091,0.00,0.00
2017.03.23 13:42:35.323,12.49828,12.50012,0.00,0.00
2017.03.23 13:42:35.373,12.49759,12.50012,0.00,0.00
2017.03.23 13:42:35.667,12.49789,12.50012,0.00,0.00
2017.03.23 13:42:35.816,12.49758,12.50012,0.00,0.00
2017.03.23 13:42:35.912,12.49769,12.50012,0.00,0.00
2017.03.23 13:42:36.080,12.49758,12.50012,0.00,0.00
2017.03.23 13:42:36.194,12.49828,12.50039,0.00,0.00
2017.03.23 13:42:36.244,12.49828,12.50042,0.00,0.00
2017.03.23 13:42:36.295,12.49828,12.50052,0.00,0.00
2017.03.23 13:42:36.396,12.49798,12.50062,0.00,0.00
2017.03.23 13:42:36.446,12.49798,12.50012,0.00,0.00
2017.03.23 13:42:36.607,12.49828,12.50052,0.00,0.00
2017.03.23 13:42:36.670,12.49838,12.50112,0.00,0.00
2017.03.23 13:42:36.812,12.49868,12.50112,0.00,0.00
2017.03.23 13:42:37.091,12.49901,12.50152,0.00,0.00
2017.03.23 13:42:37.192,12.49919,12.50162,0.00,0.00
2017.03.23 13:42:37.295,12.49938,12.50201,0.00,0.00
2017.03.23 13:42:37.403,12.49949,12.50201,0.00,0.00
2017.03.23 13:42:37.840,12.50001,12.50221,0.00,0.00
2017.03.23 13:42:37.890,12.50001,12.50241,0.00,0.00
2017.03.23 13:42:37.941,12.50019,12.50241,0.00,0.00
2017.03.23 13:42:37.992,12.50028,12.50301,0.00,0.00
2017.03.23 13:42:38.099,12.50038,12.50301,0.00,0.00
2017.03.23 13:42:38.505,12.50048,12.50301,0.00,0.00
2017.03.23 13:42:38.720,12.50128,12.50402,0.00,0.00
2017.03.23 13:42:38.885,12.50118,12.50382,0.00,0.00
2017.03.23 13:42:39.326,12.50129,12.50402,0.00,0.00
2017.03.23 13:42:39.725,12.50139,12.50402,0.00,0.00
2017.03.23 13:42:40.002,12.50118,12.50392,0.00,0.00
2017.03.23 13:42:40.110,12.50118,12.50382,0.00,0.00
2017.03.23 13:42:40.491,12.50148,12.50402,0.00,0.00
2017.03.23 13:42:40.592,12.50128,12.50401,0.00,0.00
2017.03.23 13:42:40.753,12.50138,12.50401,0.00,0.00
2017.03.23 13:42:40.805,12.50128,12.50401,0.00,0.00
2017.03.23 13:42:40.927,12.50138,12.50401,0.00,0.00
2017.03.23 13:42:40.982,12.50119,12.50391,0.00,0.00
2017.03.23 13:42:41.093,12.50138,12.50401,0.00,0.00
2017.03.23 13:42:41.471,12.50192,12.50401,0.00,0.00
2017.03.23 13:42:41.522,12.50192,12.50441,0.00,0.00
2017.03.23 13:42:41.572,12.50219,12.50441,0.00,0.00
2017.03.23 13:42:41.623,12.50219,12.50462,0.00,0.00
2017.03.23 13:42:41.732,12.50219,12.50492,0.00,0.00
2017.03.23 13:42:41.918,12.50219,12.50462,0.00,0.00
2017.03.23 13:42:41.984,12.50219,12.50472,0.00,0.00
2017.03.23 13:42:42.085,12.50219,12.50492,0.00,0.00
2017.03.23 13:42:42.385,12.50219,12.50482,0.00,0.00
2017.03.23 13:42:42.501,12.50219,12.50492,0.00,0.00
2017.03.23 13:42:42.602,12.50219,12.50472,0.00,0.00
2017.03.23 13:42:43.372,12.50188,12.50418,0.00,0.00
2017.03.23 13:42:43.423,12.50188,12.50451,0.00,0.00
2017.03.23 13:42:43.474,12.50188,12.50402,0.00,0.00
2017.03.23 13:42:43.524,12.50178,12.50402,0.00,0.00
2017.03.23 13:42:43.575,12.50202,12.50402,0.00,0.00
2017.03.23 13:42:43.625,12.50151,12.50402,0.00,0.00
2017.03.23 13:42:43.676,12.50201,12.50402,0.00,0.00
2017.03.23 13:42:43.726,12.50218,12.50442,0.00,0.00
2017.03.23 13:42:43.827,12.50218,12.50451,0.00,0.00
2017.03.23 13:42:43.928,12.50168,12.50441,0.00,0.00
2017.03.23 13:42:44.067,12.50199,12.50452,0.00,0.00
2017.03.23 13:42:44.118,12.50148,12.50402,0.00,0.00
2017.03.23 13:42:44.224,12.50219,12.50422,0.00,0.00
2017.03.23 13:42:44.336,12.50219,12.50461,0.00,0.00
2017.03.23 13:42:44.390,12.50219,12.50482,0.00,0.00
2017.03.23 13:42:44.501,12.50228,12.50501,0.00,0.00
2017.03.23 13:42:44.602,12.50219,12.50492,0.00,0.00
2017.03.23 13:42:44.913,12.50171,12.50401,0.00,0.00
2017.03.23 13:42:45.270,12.50171,12.50391,0.00,0.00
2017.03.23 13:42:45.321,12.50171,12.50401,0.00,0.00
2017.03.23 13:42:45.393,12.50171,12.50392,0.00,0.00
2017.03.23 13:42:45.450,12.50119,12.50392,0.00,0.00
2017.03.23 13:42:45.713,12.50119,12.50372,0.00,0.00
2017.03.23 13:42:46.039,12.50139,12.50402,0.00,0.00
2017.03.23 13:42:46.096,12.50148,12.50402,0.00,0.00
2017.03.23 13:42:46.476,12.50158,12.50402,0.00,0.00
2017.03.23 13:42:46.730,12.50139,12.50402,0.00,0.00
2017.03.23 13:42:46.798,12.50118,12.50402,0.00,0.00
2017.03.23 13:42:46.899,12.50149,12.50402,0.00,0.00
2017.03.23 13:42:47.386,12.50169,12.50402,0.00,0.00
2017.03.23 13:42:47.436,12.50158,12.50402,0.00,0.00
2017.03.23 13:42:47.648,12.50138,12.50402,0.00,0.00
2017.03.23 13:42:47.700,12.50118,12.50381,0.00,0.00
2017.03.23 13:42:47.812,12.50118,12.50402,0.00,0.00
2017.03.23 13:42:47.913,12.50149,12.50402,0.00,0.00
2017.03.23 13:42:48.229,12.50158,12.50402,0.00,0.00
2017.03.23 13:42:48.301,12.50129,12.50402,0.00,0.00
2017.03.23 13:42:48.415,12.50168,12.50409,0.00,0.00
2017.03.23 13:42:48.465,12.50168,12.50411,0.00,0.00
2017.03.23 13:42:48.516,12.50168,12.50401,0.00,0.00
2017.03.23 13:42:48.616,12.50168,12.50411,0.00,0.00
2017.03.23 13:42:48.790,12.50189,12.50452,0.00,0.00
2017.03.23 13:42:48.841,12.50168,12.50442,0.00,0.00
2017.03.23 13:42:49.117,12.50168,12.50432,0.00,0.00
2017.03.23 13:42:49.419,12.50228,12.50468,0.00,0.00
2017.03.23 13:42:49.520,12.50188,12.50429,0.00,0.00
2017.03.23 13:42:49.626,12.50168,12.50421,0.00,0.00
2017.03.23 13:42:49.677,12.50191,12.50421,0.00,0.00
2017.03.23 13:42:49.727,12.50168,12.50421,0.00,0.00
2017.03.23 13:42:49.832,12.50168,12.50442,0.00,0.00
2017.03.23 13:42:49.905,12.50198,12.50452,0.00,0.00
2017.03.23 13:42:50.013,12.50178,12.50452,0.00,0.00
2017.03.23 13:42:50.106,12.50168,12.50432,0.00,0.00
2017.03.23 13:42:50.355,12.50168,12.50442,0.00,0.00
2017.03.23 13:42:50.407,12.50178,12.50452,0.00,0.00
2017.03.23 13:42:50.709,12.50179,12.50402,0.00,0.00
2017.03.23 13:42:50.809,12.50128,12.50402,0.00,0.00
2017.03.23 13:42:51.235,12.50168,12.50431,0.00,0.00
2017.03.23 13:42:51.537,12.50228,12.50501,0.00,0.00
2017.03.23 13:42:51.847,12.50219,12.50501,0.00,0.00
2017.03.23 13:42:51.897,12.50218,12.50451,0.00,0.00
2017.03.23 13:42:52.010,12.50199,12.50451,0.00,0.00
2017.03.23 13:42:52.110,12.50169,12.50432,0.00,0.00
2017.03.23 13:42:52.373,12.50148,12.50401,0.00,0.00
2017.03.23 13:42:52.524,12.50128,12.50401,0.00,0.00
2017.03.23 13:42:52.732,12.50119,12.50392,0.00,0.00
2017.03.23 13:42:52.837,12.50119,12.50401,0.00,0.00
2017.03.23 13:42:52.912,12.50149,12.50401,0.00,0.00
2017.03.23 13:42:53.030,12.50119,12.50401,0.00,0.00
2017.03.23 13:42:53.174,12.50138,12.50401,0.00,0.00
2017.03.23 13:42:53.557,12.50148,12.50401,0.00,0.00
2017.03.23 13:42:53.614,12.50119,12.50401,0.00,0.00
2017.03.23 13:42:54.121,12.50218,12.50421,0.00,0.00
2017.03.23 13:42:54.221,12.50149,12.50401,0.00,0.00
2017.03.23 13:42:54.272,12.50191,12.50401,0.00,0.00
2017.03.23 13:42:54.373,12.50218,12.50442,0.00,0.00
2017.03.23 13:42:54.424,12.50218,12.50492,0.00,0.00
2017.03.23 13:42:54.533,12.50219,12.50501,0.00,0.00
2017.03.23 13:42:54.749,12.50228,12.50502,0.00,0.00
2017.03.23 13:42:55.068,12.50329,12.50592,0.00,0.00
2017.03.23 13:42:55.118,12.50308,12.50572,0.00,0.00
2017.03.23 13:42:55.324,12.50328,12.50592,0.00,0.00
2017.03.23 13:42:55.538,12.50308,12.50581,0.00,0.00
2017.03.23 13:42:55.618,12.50308,12.50572,0.00,0.00
2017.03.23 13:42:56.241,12.50308,12.50562,0.00,0.00
2017.03.23 13:42:56.342,12.50308,12.50581,0.00,0.00
2017.03.23 13:42:56.445,12.50328,12.50592,0.00,0.00
2017.03.23 13:42:56.620,12.50318,12.50592,0.00,0.00
2017.03.23 13:42:56.789,12.50308,12.50572,0.00,0.00
2017.03.23 13:42:57.021,12.50318,12.50592,0.00,0.00
2017.03.23 13:42:57.452,12.50308,12.50592,0.00,0.00
2017.03.23 13:42:57.503,12.50308,12.50509,0.00,0.00
2017.03.23 13:42:57.554,12.50288,12.50509,0.00,0.00
2017.03.23 13:42:57.605,12.50288,12.50491,0.00,0.00
2017.03.23 13:42:57.798,12.50218,12.50491,0.00,0.00
2017.03.23 13:42:57.849,12.50209,12.50471,0.00,0.00
2017.03.23 13:42:58.268,12.50189,12.50402,0.00,0.00
2017.03.23 13:42:58.369,12.50228,12.50489,0.00,0.00
2017.03.23 13:42:58.425,12.50218,12.50451,0.00,0.00
2017.03.23 13:42:58.594,12.50218,12.50489,0.00,0.00
2017.03.23 13:42:58.726,12.50228,12.50489,0.00,0.00
2017.03.23 13:42:59.167,12.50238,12.50489,0.00,0.00
2017.03.23 13:42:59.361,12.50218,12.50489,0.00,0.00
2017.03.23 13:42:59.529,12.50239,12.50499,0.00,0.00
2017.03.23 13:42:59.858,12.50281,12.50541,0.00,0.00
2017.03.23 13:43:00.180,12.50259,12.50492,0.00,0.00
2017.03.23 13:43:00.230,12.50229,12.50492,0.00,0.00
2017.03.23 13:43:00.491,12.50238,12.50492,0.00,0.00
2017.03.23 13:43:00.931,12.50228,12.50492,0.00,0.00
2017.03.23 13:43:01.319,12.50258,12.50492,0.00,0.00
2017.03.23 13:43:01.671,12.50268,12.50508,0.00,0.00
2017.03.23 13:43:01.771,12.50268,12.50519,0.00,0.00
2017.03.23 13:43:01.822,12.50268,12.50502,0.00,0.00
2017.03.23 13:43:01.934,12.50219,12.50501,0.00,0.00
2017.03.23 13:43:02.301,12.50219,12.50418,0.00,0.00
2017.03.23 13:43:02.352,12.50228,12.50452,0.00,0.00
2017.03.23 13:43:02.403,12.50228,12.50499,0.00,0.00
2017.03.23 13:43:02.453,12.50219,12.50432,0.00,0.00
2017.03.23 13:43:02.563,12.50219,12.50499,0.00,0.00
2017.03.23 13:43:02.663,12.50239,12.50499,0.00,0.00
2017.03.23 13:43:02.736,12.50219,12.50499,0.00,0.00
2017.03.23 13:43:02.838,12.50239,12.50499,0.00,0.00
2017.03.23 13:43:03.161,12.50219,12.50499,0.00,0.00
2017.03.23 13:43:03.338,12.50248,12.50499,0.00,0.00
2017.03.23 13:43:03.638,12.50219,12.50492,0.00,0.00
2017.03.23 13:43:04.140,12.50219,12.50499,0.00,0.00
2017.03.23 13:43:04.245,12.50219,12.50482,0.00,0.00
2017.03.23 13:43:04.640,12.50219,12.50499,0.00,0.00
2017.03.23 13:43:04.750,12.50228,12.50499,0.00,0.00
2017.03.23 13:43:04.977,12.50219,12.50492,0.00,0.00
2017.03.23 13:43:05.041,12.50219,12.50481,0.00,0.00
2017.03.23 13:43:05.459,12.50219,12.50499,0.00,0.00
2017.03.23 13:43:05.584,12.50229,12.50499,0.00,0.00
2017.03.23 13:43:05.976,12.50219,12.50499,0.00,0.00
2017.03.23 13:43:06.146,12.50228,12.50499,0.00,0.00
2017.03.23 13:43:06.663,12.50229,12.50499,0.00,0.00
2017.03.23 13:43:06.879,12.50219,12.50499,0.00,0.00
2017.03.23 13:43:07.122,12.50249,12.50499,0.00,0.00
2017.03.23 13:43:07.173,12.50238,12.50499,0.00,0.00
2017.03.23 13:43:07.288,12.50219,12.50482,0.00,0.00
2017.03.23 13:43:07.575,12.50229,12.50499,0.00,0.00
2017.03.23 13:43:07.691,12.50219,12.50491,0.00,0.00
2017.03.23 13:43:08.154,12.50228,12.50499,0.00,0.00
2017.03.23 13:43:08.255,12.50129,12.50401,0.00,0.00
2017.03.23 13:43:08.364,12.50119,12.50401,0.00,0.00
2017.03.23 13:43:08.470,12.50119,12.50382,0.00,0.00
2017.03.23 13:43:08.759,12.50119,12.50391,0.00,0.00
2017.03.23 13:43:09.058,12.50128,12.50401,0.00,0.00
2017.03.23 13:43:09.167,12.50149,12.50401,0.00,0.00
2017.03.23 13:43:09.487,12.50169,12.50419,0.00,0.00
2017.03.23 13:43:09.537,12.50139,12.50402,0.00,0.00
2017.03.23 13:43:09.588,12.50169,12.50402,0.00,0.00
2017.03.23 13:43:09.653,12.50158,12.50402,0.00,0.00
2017.03.23 13:43:09.813,12.50118,12.50402,0.00,0.00
2017.03.23 13:43:09.983,12.50138,12.50402,0.00,0.00
2017.03.23 13:43:10.196,12.50118,12.50402,0.00,0.00
2017.03.23 13:43:10.471,12.50128,12.50402,0.00,0.00
2017.03.23 13:43:10.788,12.50129,12.50392,0.00,0.00
2017.03.23 13:43:11.199,12.50148,12.50411,0.00,0.00
2017.03.23 13:43:11.299,12.50129,12.50402,0.00,0.00
2017.03.23 13:43:11.694,12.50138,12.50411,0.00,0.00
2017.03.23 13:43:11.758,12.50129,12.50411,0.00,0.00
2017.03.23 13:43:11.867,12.50148,12.50411,0.00,0.00
2017.03.23 13:43:12.259,12.50129,12.50411,0.00,0.00
2017.03.23 13:43:12.395,12.50149,12.50411,0.00,0.00
2017.03.23 13:43:12.570,12.50138,12.50411,0.00,0.00
2017.03.23 13:43:13.160,12.50129,12.50402,0.00,0.00
2017.03.23 13:43:13.501,12.50159,12.50411,0.00,0.00
2017.03.23 13:43:13.661,12.50148,12.50411,0.00,0.00
2017.03.23 13:43:13.712,12.50129,12.50411,0.00,0.00
2017.03.23 13:43:13.908,12.50159,12.50411,0.00,0.00
2017.03.23 13:43:14.163,12.50139,12.50411,0.00,0.00
2017.03.23 13:43:14.264,12.50129,12.50401,0.00,0.00
2017.03.23 13:43:14.603,12.50118,12.50362,0.00,0.00
2017.03.23 13:43:14.765,12.50138,12.50399,0.00,0.00
2017.03.23 13:43:14.994,12.50128,12.50392,0.00,0.00
2017.03.23 13:43:15.210,12.50128,12.50399,0.00,0.00
2017.03.23 13:43:15.266,12.50128,12.50391,0.00,0.00
2017.03.23 13:43:15.567,12.50128,12.50362,0.00,0.00
2017.03.23 13:43:15.997,12.50128,12.50399,0.00,0.00
2017.03.23 13:43:16.068,12.50128,12.50372,0.00,0.00
2017.03.23 13:43:16.168,12.50148,12.50399,0.00,0.00
2017.03.23 13:43:16.803,12.50159,12.50399,0.00,0.00
2017.03.23 13:43:16.869,12.50149,12.50399,0.00,0.00
2017.03.23 13:43:16.973,12.50158,12.50399,0.00,0.00
2017.03.23 13:43:17.593,12.50148,12.50399,0.00,0.00
2017.03.23 13:43:17.784,12.50158,12.50399,0.00,0.00
2017.03.23 13:43:17.903,12.50149,12.50399,0.00,0.00
2017.03.23 13:43:17.971,12.50128,12.50399,0.00,0.00
2017.03.23 13:43:18.074,12.50149,12.50399,0.00,0.00
2017.03.23 13:43:18.125,12.50149,12.50412,0.00,0.00
2017.03.23 13:43:18.176,12.50179,12.50419,0.00,0.00
2017.03.23 13:43:18.226,12.50182,12.50461,0.00,0.00
2017.03.23 13:43:18.277,12.50228,12.50481,0.00,0.00
2017.03.23 13:43:18.382,12.50228,12.50498,0.00,0.00
2017.03.23 13:43:18.823,12.50238,12.50498,0.00,0.00
2017.03.23 13:43:19.148,12.50248,12.50498,0.00,0.00
2017.03.23 13:43:19.199,12.50228,12.50498,0.00,0.00
2017.03.23 13:43:19.274,12.50228,12.50492,0.00,0.00
2017.03.23 13:43:19.476,12.50129,12.50409,0.00,0.00
2017.03.23 13:43:19.801,12.50158,12.50409,0.00,0.00
2017.03.23 13:43:19.917,12.50148,12.50409,0.00,0.00
2017.03.23 13:43:19.976,12.50168,12.50409,0.00,0.00
2017.03.23 13:43:20.276,12.50148,12.50409,0.00,0.00
2017.03.23 13:43:20.379,12.50128,12.50409,0.00,0.00
2017.03.23 13:43:20.483,12.50148,12.50409,0.00,0.00
2017.03.23 13:43:20.594,12.50138,12.50409,0.00,0.00
2017.03.23 13:43:20.953,12.50228,12.50422,0.00,0.00
2017.03.23 13:43:21.003,12.50228,12.50451,0.00,0.00
2017.03.23 13:43:21.078,12.50228,12.50499,0.00,0.00
2017.03.23 13:43:21.186,12.50228,12.50482,0.00,0.00
2017.03.23 13:43:21.497,12.50129,12.50411,0.00,0.00
2017.03.23 13:43:21.604,12.50159,12.50412,0.00,0.00
2017.03.23 13:43:21.705,12.50128,12.50412,0.00,0.00
2017.03.23 13:43:22.036,12.50182,12.50412,0.00,0.00
2017.03.23 13:43:22.086,12.50182,12.50452,0.00,0.00
2017.03.23 13:43:22.146,12.50229,12.50452,0.00,0.00
2017.03.23 13:43:22.196,12.50229,12.50498,0.00,0.00
2017.03.23 13:43:22.405,12.50229,12.50461,0.00,0.00
2017.03.23 13:43:22.456,12.50179,12.50451,0.00,0.00
2017.03.23 13:43:22.507,12.50169,12.50451,0.00,0.00
2017.03.23 13:43:22.622,12.50169,12.50442,0.00,0.00
2017.03.23 13:43:22.923,12.50128,12.50402,0.00,0.00
2017.03.23 13:43:23.082,12.50148,12.50402,0.00,0.00
2017.03.23 13:43:23.232,12.50129,12.50402,0.00,0.00
2017.03.23 13:43:23.283,12.50119,12.50401,0.00,0.00
2017.03.23 13:43:23.483,12.50138,12.50402,0.00,0.00
2017.03.23 13:43:23.600,12.50118,12.50402,0.00,0.00
2017.03.23 13:43:23.700,12.50138,12.50402,0.00,0.00
2017.03.23 13:43:24.011,12.50079,12.50308,0.00,0.00
2017.03.23 13:43:24.061,12.50081,12.50311,0.00,0.00
2017.03.23 13:43:24.112,12.50098,12.50358,0.00,0.00
2017.03.23 13:43:24.162,12.50098,12.50311,0.00,0.00
2017.03.23 13:43:24.213,12.50089,12.50311,0.00,0.00
2017.03.23 13:43:24.318,12.50038,12.50311,0.00,0.00
2017.03.23 13:43:24.785,12.50048,12.50311,0.00,0.00
2017.03.23 13:43:25.022,12.50038,12.50311,0.00,0.00
2017.03.23 13:43:25.072,12.50079,12.50322,0.00,0.00
2017.03.23 13:43:25.295,12.50128,12.50382,0.00,0.00
2017.03.23 13:43:25.400,12.50128,12.50398,0.00,0.00
2017.03.23 13:43:25.515,12.50128,12.50382,0.00,0.00
2017.03.23 13:43:25.787,12.50048,12.50311,0.00,0.00
2017.03.23 13:43:25.997,12.50082,12.50341,0.00,0.00
2017.03.23 13:43:26.098,12.50082,12.50362,0.00,0.00
2017.03.23 13:43:26.148,12.50128,12.50362,0.00,0.00
2017.03.23 13:43:26.199,12.50139,12.50398,0.00,0.00
2017.03.23 13:43:26.315,12.50128,12.50398,0.00,0.00
2017.03.23 13:43:26.445,12.50128,12.50382,0.00,0.00
2017.03.23 13:43:26.589,12.50129,12.50398,0.00,0.00
2017.03.23 13:43:26.690,12.50128,12.50372,0.00,0.00
2017.03.23 13:43:26.822,12.50129,12.50398,0.00,0.00
2017.03.23 13:43:26.988,12.50129,12.50312,0.00,0.00
2017.03.23 13:43:27.039,12.50098,12.50312,0.00,0.00
2017.03.23 13:43:27.233,12.50028,12.50301,0.00,0.00
2017.03.23 13:43:27.391,12.50028,12.50292,0.00,0.00
2017.03.23 13:43:27.498,12.50028,12.50312,0.00,0.00
2017.03.23 13:43:27.599,12.50069,12.50312,0.00,0.00
2017.03.23 13:43:27.720,12.50058,12.50312,0.00,0.00
2017.03.23 13:43:27.792,12.50028,12.50302,0.00,0.00
2017.03.23 13:43:28.005,12.50058,12.50312,0.00,0.00
2017.03.23 13:43:28.735,12.50048,12.50312,0.00,0.00
2017.03.23 13:43:29.210,12.50028,12.50312,0.00,0.00
2017.03.23 13:43:29.311,12.50028,12.50302,0.00,0.00
2017.03.23 13:43:29.638,12.50029,12.50311,0.00,0.00
2017.03.23 13:43:29.696,12.50028,12.50301,0.00,0.00
2017.03.23 13:43:30.096,12.50029,12.50311,0.00,0.00
2017.03.23 13:43:30.318,12.50029,12.50298,0.00,0.00
2017.03.23 13:43:30.688,12.50028,12.50292,0.00,0.00
2017.03.23 13:43:30.995,12.49959,12.50208,0.00,0.00
2017.03.23 13:43:31.046,12.49948,12.50208,0.00,0.00
2017.03.23 13:43:31.098,12.49938,12.50208,0.00,0.00
2017.03.23 13:43:31.198,12.49978,12.50208,0.00,0.00
2017.03.23 13:43:31.420,12.49969,12.50208,0.00,0.00
2017.03.23 13:43:31.500,12.49928,12.50208,0.00,0.00
2017.03.23 13:43:31.609,12.49948,12.50208,0.00,0.00
2017.03.23 13:43:31.850,12.49928,12.50192,0.00,0.00
2017.03.23 13:43:31.951,12.49928,12.50201,0.00,0.00
2017.03.23 13:43:32.001,12.49928,12.50192,0.00,0.00
2017.03.23 13:43:32.202,12.49938,12.50208,0.00,0.00
2017.03.23 13:43:32.440,12.49958,12.50208,0.00,0.00
2017.03.23 13:43:32.809,12.49928,12.50201,0.00,0.00
2017.03.23 13:43:33.204,12.49949,12.50208,0.00,0.00
2017.03.23 13:43:33.450,12.49928,12.50202,0.00,0.00
2017.03.23 13:43:33.505,12.49959,12.50208,0.00,0.00
2017.03.23 13:43:33.866,12.49998,12.50212,0.00,0.00
2017.03.23 13:43:33.917,12.49938,12.50212,0.00,0.00
2017.03.23 13:43:34.608,12.49958,12.50212,0.00,0.00
2017.03.23 13:43:34.838,12.49928,12.50198,0.00,0.00
2017.03.23 13:43:35.130,12.49949,12.50119,0.00,0.00
2017.03.23 13:43:35.180,12.49949,12.50161,0.00,0.00
2017.03.23 13:43:35.231,12.49938,12.50199,0.00,0.00
2017.03.23 13:43:35.332,12.49929,12.50151,0.00,0.00
2017.03.23 13:43:35.443,12.49889,12.50162,0.00,0.00
2017.03.23 13:43:35.493,12.49889,12.50119,0.00,0.00
2017.03.23 13:43:35.710,12.49848,12.50112,0.00,0.00
2017.03.23 13:43:35.837,12.49838,12.50112,0.00,0.00
2017.03.23 13:43:36.054,12.49858,12.50112,0.00,0.00
2017.03.23 13:43:36.155,12.49839,12.50112,0.00,0.00
2017.03.23 13:43:36.211,12.49828,12.50112,0.00,0.00
2017.03.23 13:43:36.417,12.49858,12.50112,0.00,0.00
2017.03.23 13:43:36.961,12.49879,12.50112,0.00,0.00
2017.03.23 13:43:37.062,12.49859,12.50112,0.00,0.00
2017.03.23 13:43:37.113,12.49878,12.50112,0.00,0.00
2017.03.23 13:43:37.363,12.49859,12.50112,0.00,0.00
2017.03.23 13:43:37.414,12.49848,12.50112,0.00,0.00
2017.03.23 13:43:37.533,12.49838,12.50112,0.00,0.00
2017.03.23 13:43:37.653,12.49829,12.50111,0.00,0.00
2017.03.23 13:43:37.714,12.49839,12.50112,0.00,0.00
2017.03.23 13:43:38.048,12.49892,12.50161,0.00,0.00
2017.03.23 13:43:38.360,12.49908,12.50161,0.00,0.00
2017.03.23 13:43:38.612,12.49938,12.50209,0.00,0.00
2017.03.23 13:43:38.662,12.49929,12.50141,0.00,0.00
2017.03.23 13:43:38.716,12.49929,12.50152,0.00,0.00
2017.03.23 13:43:38.908,12.49948,12.50209,0.00,0.00
2017.03.23 13:43:38.958,12.49958,12.50209,0.00,0.00
2017.03.23 13:43:39.018,12.49949,12.50209,0.00,0.00
2017.03.23 13:43:39.123,12.49919,12.50162,0.00,0.00
2017.03.23 13:43:39.326,12.49848,12.50111,0.00,0.00
2017.03.23 13:43:39.519,12.49878,12.50111,0.00,0.00
2017.03.23 13:43:39.623,12.49849,12.50111,0.00,0.00
2017.03.23 13:43:39.863,12.49868,12.50111,0.00,0.00
2017.03.23 13:43:40.219,12.49858,12.50111,0.00,0.00
2017.03.23 13:43:40.327,12.49888,12.50111,0.00,0.00
2017.03.23 13:43:40.672,12.49879,12.50111,0.00,0.00
2017.03.23 13:43:40.723,12.49859,12.50111,0.00,0.00
2017.03.23 13:43:40.860,12.49898,12.50111,0.00,0.00
2017.03.23 13:43:40.921,12.49859,12.50111,0.00,0.00
2017.03.23 13:43:41.432,12.49868,12.50111,0.00,0.00
2017.03.23 13:43:41.482,12.49901,12.50152,0.00,0.00
2017.03.23 13:43:41.533,12.49901,12.50162,0.00,0.00
2017.03.23 13:43:41.584,12.49929,12.50129,0.00,0.00
2017.03.23 13:43:41.845,12.49899,12.50112,0.00,0.00
2017.03.23 13:43:41.923,12.49869,12.50112,0.00,0.00
2017.03.23 13:43:42.185,12.49858,12.50112,0.00,0.00
2017.03.23 13:43:42.824,12.49889,12.50112,0.00,0.00
2017.03.23 13:43:43.147,12.49879,12.50112,0.00,0.00
2017.03.23 13:43:43.224,12.49899,12.50112,0.00,0.00
2017.03.23 13:43:43.425,12.49858,12.50112,0.00,0.00
2017.03.23 13:43:43.574,12.49928,12.50129,0.00,0.00
2017.03.23 13:43:43.625,12.49928,12.50142,0.00,0.00
2017.03.23 13:43:43.726,12.49938,12.50209,0.00,0.00
2017.03.23 13:43:43.860,12.49948,12.50209,0.00,0.00
2017.03.23 13:43:44.214,12.49968,12.50209,0.00,0.00
2017.03.23 13:43:44.264,12.49938,12.50209,0.00,0.00
2017.03.23 13:43:44.327,12.49978,12.50209,0.00,0.00
2017.03.23 13:43:44.439,12.49939,12.50209,0.00,0.00
2017.03.23 13:43:44.528,12.49929,12.50209,0.00,0.00
2017.03.23 13:43:45.240,12.49938,12.50209,0.00,0.00
2017.03.23 13:43:45.555,12.49969,12.50209,0.00,0.00
2017.03.23 13:43:46.031,12.49959,12.50209,0.00,0.00
2017.03.23 13:43:46.166,12.49968,12.50209,0.00,0.00
2017.03.23 13:43:46.315,12.49958,12.50209,0.00,0.00
2017.03.23 13:43:46.366,12.49939,12.50209,0.00,0.00
2017.03.23 13:43:46.468,12.49959,12.50209,0.00,0.00
2017.03.23 13:43:46.531,12.49938,12.50209,0.00,0.00
2017.03.23 13:43:46.964,12.49958,12.50209,0.00,0.00
2017.03.23 13:43:47.465,12.49928,12.50209,0.00,0.00
2017.03.23 13:43:47.533,12.49958,12.50209,0.00,0.00
2017.03.23 13:43:47.662,12.49928,12.50209,0.00,0.00
2017.03.23 13:43:48.024,12.49991,12.50212,0.00,0.00
2017.03.23 13:43:48.074,12.49978,12.50229,0.00,0.00
2017.03.23 13:43:48.175,12.49998,12.50212,0.00,0.00
2017.03.23 13:43:48.387,12.49978,12.50229,0.00,0.00
2017.03.23 13:43:48.437,12.49992,12.50222,0.00,0.00
2017.03.23 13:43:48.557,12.50029,12.50261,0.00,0.00
2017.03.23 13:43:48.636,12.50029,12.50308,0.00,0.00
2017.03.23 13:43:48.688,12.50028,12.50211,0.00,0.00
2017.03.23 13:43:48.738,12.49999,12.50211,0.00,0.00
2017.03.23 13:43:48.839,12.49959,12.50212,0.00,0.00
2017.03.23 13:43:48.936,12.49948,12.50212,0.00,0.00
2017.03.23 13:43:49.006,12.50028,12.50228,0.00,0.00
2017.03.23 13:43:49.268,12.50028,12.50309,0.00,0.00
2017.03.23 13:43:49.369,12.50039,12.50309,0.00,0.00
2017.03.23 13:43:49.749,12.50028,12.50291,0.00,0.00
2017.03.23 13:43:49.880,12.50028,12.50301,0.00,0.00
2017.03.23 13:43:49.939,12.50028,12.50282,0.00,0.00
2017.03.23 13:43:50.050,12.50038,12.50309,0.00,0.00
2017.03.23 13:43:50.239,12.50028,12.50302,0.00,0.00
2017.03.23 13:43:50.346,12.50028,12.50292,0.00,0.00
2017.03.23 13:43:50.641,12.50038,12.50309,0.00,0.00
2017.03.23 13:43:50.928,12.50048,12.50309,0.00,0.00
2017.03.23 13:43:51.231,12.50128,12.50401,0.00,0.00
2017.03.23 13:43:51.343,12.50138,12.50408,0.00,0.00
2017.03.23 13:43:51.687,12.50128,12.50392,0.00,0.00
2017.03.23 13:43:51.993,12.50092,12.50362,0.00,0.00
2017.03.23 13:43:52.094,12.50078,12.50362,0.00,0.00
2017.03.23 13:43:52.145,12.50079,12.50352,0.00,0.00
2017.03.23 13:43:52.565,12.50128,12.50402,0.00,0.00
2017.03.23 13:43:52.645,12.50128,12.50409,0.00,0.00
2017.03.23 13:43:52.746,12.50128,12.50372,0.00,0.00
2017.03.23 13:43:52.845,12.50128,12.50381,0.00,0.00
2017.03.23 13:43:52.946,12.50128,12.50372,0.00,0.00
2017.03.23 13:43:53.294,12.50128,12.50392,0.00,0.00
2017.03.23 13:43:53.395,12.50128,12.50409,0.00,0.00
2017.03.23 13:43:53.447,12.50138,12.50409,0.00,0.00
2017.03.23 13:43:53.498,12.50138,12.50412,0.00,0.00
2017.03.23 13:43:53.549,12.50128,12.50401,0.00,0.00
2017.03.23 13:43:53.859,12.50139,12.50412,0.00,0.00
2017.03.23 13:43:54.379,12.50218,12.50421,0.00,0.00
2017.03.23 13:43:54.479,12.50218,12.50432,0.00,0.00
2017.03.23 13:43:54.580,12.50219,12.50472,0.00,0.00
2017.03.23 13:43:54.650,12.50219,12.50492,0.00,0.00
2017.03.23 13:43:54.898,12.50219,12.50472,0.00,0.00
2017.03.23 13:43:55.061,12.50219,12.50491,0.00,0.00
2017.03.23 13:43:55.256,12.50219,12.50472,0.00,0.00
2017.03.23 13:43:55.551,12.50219,12.50501,0.00,0.00
2017.03.23 13:43:55.664,12.50219,12.50492,0.00,0.00
2017.03.23 13:43:55.766,12.50219,12.50501,0.00,0.00
2017.03.23 13:43:56.286,12.50228,12.50501,0.00,0.00
2017.03.23 13:43:56.353,12.50219,12.50501,0.00,0.00
2017.03.23 13:43:56.561,12.50228,12.50501,0.00,0.00
2017.03.23 13:43:56.764,12.50219,12.50501,0.00,0.00
2017.03.23 13:43:56.865,12.50219,12.50471,0.00,0.00
2017.03.23 13:43:56.975,12.50219,12.50482,0.00,0.00
2017.03.23 13:43:57.054,12.50219,12.50461,0.00,0.00
2017.03.23 13:43:57.273,12.50219,12.50472,0.00,0.00
2017.03.23 13:43:57.375,12.50219,12.50461,0.00,0.00
2017.03.23 13:43:57.584,12.50219,12.50492,0.00,0.00
2017.03.23 13:43:57.755,12.50219,12.50472,0.00,0.00
2017.03.23 13:43:58.056,12.50219,12.50482,0.00,0.00
2017.03.23 13:43:58.107,12.50219,12.50501,0.00,0.00
2017.03.23 13:43:58.559,12.50219,12.50492,0.00,0.00
2017.03.23 13:43:58.999,12.50208,12.50452,0.00,0.00
2017.03.23 13:43:59.140,12.50218,12.50502,0.00,0.00
2017.03.23 13:43:59.191,12.50218,12.50441,0.00,0.00
2017.03.23 13:43:59.258,12.50218,12.50491,0.00,0.00
2017.03.23 13:43:59.481,12.50218,12.50461,0.00,0.00
2017.03.23 13:43:59.558,12.50219,12.50501,0.00,0.00
2017.03.23 13:43:59.759,12.50218,12.50481,0.00,0.00
2017.03.23 13:43:59.859,12.50218,12.50492,0.00,0.00
2017.03.23 13:43:59.976,12.50218,12.50481,0.00,0.00
2017.03.23 13:44:00.203,12.50218,12.50491,0.00,0.00
2017.03.23 13:44:00.260,12.50218,12.50472,0.00,0.00
2017.03.23 13:44:00.398,12.50218,12.50492,0.00,0.00
2017.03.23 13:44:00.699,12.50218,12.50481,0.00,0.00
2017.03.23 13:44:00.804,12.50218,12.50492,0.00,0.00
2017.03.23 13:44:01.003,12.50228,12.50502,0.00,0.00
2017.03.23 13:44:01.331,12.50251,12.50502,0.00,0.00
2017.03.23 13:44:01.602,12.50319,12.50571,0.00,0.00
2017.03.23 13:44:02.120,12.50319,12.50551,0.00,0.00
2017.03.23 13:44:02.171,12.50319,12.50562,0.00,0.00
2017.03.23 13:44:02.564,12.50319,12.50532,0.00,0.00
2017.03.23 13:44:02.764,12.50319,12.50552,0.00,0.00
2017.03.23 13:44:03.176,12.50319,12.50572,0.00,0.00
2017.03.23 13:44:03.265,12.50319,12.50542,0.00,0.00
2017.03.23 13:44:03.468,12.50269,12.50522,0.00,0.00
2017.03.23 13:44:03.577,12.50318,12.50552,0.00,0.00
2017.03.23 13:44:03.867,12.50318,12.50572,0.00,0.00
2017.03.23 13:44:04.077,12.50318,12.50532,0.00,0.00
2017.03.23 13:44:04.281,12.50318,12.50542,0.00,0.00
2017.03.23 13:44:04.394,12.50318,12.50581,0.00,0.00
2017.03.23 13:44:04.495,12.50318,12.50592,0.00,0.00
2017.03.23 13:44:04.768,12.50318,12.50572,0.00,0.00
2017.03.23 13:44:05.105,12.50318,12.50591,0.00,0.00
2017.03.23 13:44:05.169,12.50318,12.50552,0.00,0.00
2017.03.23 13:44:05.369,12.50318,12.50561,0.00,0.00
2017.03.23 13:44:05.482,12.50318,12.50542,0.00,0.00
2017.03.23 13:44:05.893,12.50318,12.50561,0.00,0.00
2017.03.23 13:44:06.003,12.50318,12.50582,0.00,0.00
2017.03.23 13:44:06.279,12.50318,12.50572,0.00,0.00
2017.03.23 13:44:06.371,12.50318,12.50581,0.00,0.00
2017.03.23 13:44:06.472,12.50318,12.50571,0.00,0.00
2017.03.23 13:44:07.007,12.50318,12.50552,0.00,0.00
2017.03.23 13:44:07.185,12.50318,12.50561,0.00,0.00
2017.03.23 13:44:07.315,12.50318,12.50542,0.00,0.00
2017.03.23 13:44:07.772,12.50299,12.50501,0.00,0.00
2017.03.23 13:44:07.887,12.50219,12.50471,0.00,0.00
2017.03.23 13:44:08.014,12.50238,12.50501,0.00,0.00
2017.03.23 13:44:08.178,12.50219,12.50482,0.00,0.00
2017.03.23 13:44:08.577,12.50219,12.50492,0.00,0.00
2017.03.23 13:44:08.794,12.50219,12.50501,0.00,0.00
2017.03.23 13:44:08.878,12.50219,12.50471,0.00,0.00
2017.03.23 13:44:09.371,12.50219,12.50481,0.00,0.00
2017.03.23 13:44:09.422,12.50219,12.50501,0.00,0.00
2017.03.23 13:44:09.524,12.50219,12.50452,0.00,0.00
2017.03.23 13:44:09.582,12.50219,12.50501,0.00,0.00
2017.03.23 13:44:09.823,12.50219,12.50471,0.00,0.00
2017.03.23 13:44:10.211,12.50219,12.50461,0.00,0.00
2017.03.23 13:44:10.323,12.50219,12.50501,0.00,0.00
2017.03.23 13:44:10.424,12.50229,12.50501,0.00,0.00
2017.03.23 13:44:10.484,12.50219,12.50501,0.00,0.00
2017.03.23 13:44:10.592,12.50219,12.50472,0.00,0.00
2017.03.23 13:44:10.885,12.50219,12.50482,0.00,0.00
2017.03.23 13:44:11.229,12.50219,12.50462,0.00,0.00
2017.03.23 13:44:11.286,12.50219,12.50501,0.00,0.00
2017.03.23 13:44:11.386,12.50219,12.50482,0.00,0.00
2017.03.23 13:44:11.707,12.50219,12.50462,0.00,0.00
2017.03.23 13:44:11.931,12.50219,12.50492,0.00,0.00
2017.03.23 13:44:11.987,12.50219,12.50451,0.00,0.00
2017.03.23 13:44:12.188,12.50219,12.50472,0.00,0.00
2017.03.23 13:44:12.396,12.50219,12.50491,0.00,0.00
2017.03.23 13:44:12.644,12.50268,12.50491,0.00,0.00
2017.03.23 13:44:12.795,12.50268,12.50531,0.00,0.00
2017.03.23 13:44:12.928,12.50318,12.50531,0.00,0.00
2017.03.23 13:44:13.194,12.50318,12.50582,0.00,0.00
2017.03.23 13:44:13.307,12.50318,12.50551,0.00,0.00
2017.03.23 13:44:13.358,12.50272,12.50528,0.00,0.00
2017.03.23 13:44:13.458,12.50318,12.50542,0.00,0.00
2017.03.23 13:44:13.609,12.50298,12.50552,0.00,0.00
2017.03.23 13:44:13.710,12.50291,12.50531,0.00,0.00
2017.03.23 13:44:13.933,12.50291,12.50552,0.00,0.00
2017.03.23 13:44:13.986,12.50288,12.50529,0.00,0.00
2017.03.23 13:44:14.037,12.50268,12.50528,0.00,0.00
2017.03.23 13:44:14.088,12.50318,12.50531,0.00,0.00
2017.03.23 13:44:14.239,12.50318,12.50541,0.00,0.00
2017.03.23 13:44:14.294,12.50318,12.50582,0.00,0.00
2017.03.23 13:44:14.974,12.50318,12.50561,0.00,0.00
2017.03.23 13:44:15.143,12.50318,12.50581,0.00,0.00
2017.03.23 13:44:15.195,12.50318,12.50592,0.00,0.00
2017.03.23 13:44:15.333,12.50318,12.50571,0.00,0.00
2017.03.23 13:44:15.679,12.50318,12.50551,0.00,0.00
2017.03.23 13:44:15.986,12.50318,12.50542,0.00,0.00
2017.03.23 13:44:16.036,12.50318,12.50572,0.00,0.00
2017.03.23 13:44:16.144,12.50318,12.50582,0.00,0.00
2017.03.23 13:44:16.245,12.50318,12.50571,0.00,0.00
2017.03.23 13:44:16.587,12.50318,12.50541,0.00,0.00
2017.03.23 13:44:16.637,12.50318,12.50552,0.00,0.00
2017.03.23 13:44:16.810,12.50318,12.50571,0.00,0.00
2017.03.23 13:44:16.911,12.50318,12.50552,0.00,0.00
2017.03.23 13:44:17.277,12.50318,12.50512,0.00,0.00
2017.03.23 13:44:17.426,12.50318,12.50562,0.00,0.00
2017.03.23 13:44:17.527,12.50318,12.50531,0.00,0.00
2017.03.23 13:44:17.646,12.50318,12.50562,0.00,0.00
2017.03.23 13:44:17.750,12.50318,12.50551,0.00,0.00
2017.03.23 13:44:17.801,12.50318,12.50572,0.00,0.00
2017.03.23 13:44:18.050,12.50318,12.50531,0.00,0.00
2017.03.23 13:44:18.102,12.50318,12.50582,0.00,0.00
2017.03.23 13:44:18.449,12.50318,12.50552,0.00,0.00
2017.03.23 13:44:18.796,12.50318,12.50512,0.00,0.00
2017.03.23 13:44:19.024,12.50318,12.50532,0.00,0.00
2017.03.23 13:44:19.171,12.50318,12.50592,0.00,0.00
2017.03.23 13:44:19.221,12.50318,12.50572,0.00,0.00
2017.03.23 13:44:19.606,12.50318,12.50532,0.00,0.00
2017.03.23 13:44:19.711,12.50318,12.50582,0.00,0.00
2017.03.23 13:44:19.906,12.50318,12.50542,0.00,0.00
2017.03.23 13:44:20.102,12.50318,12.50561,0.00,0.00
2017.03.23 13:44:20.153,12.50318,12.50571,0.00,0.00
2017.03.23 13:44:20.307,12.50318,12.50562,0.00,0.00
2017.03.23 13:44:20.646,12.50318,12.50541,0.00,0.00
2017.03.23 13:44:20.708,12.50318,12.50571,0.00,0.00
2017.03.23 13:44:20.814,12.50318,12.50592,0.00,0.00
2017.03.23 13:44:20.999,12.50318,12.50552,0.00,0.00
2017.03.23 13:44:21.138,12.50318,12.50581,0.00,0.00
2017.03.23 13:44:21.238,12.50318,12.50552,0.00,0.00
2017.03.23 13:44:21.309,12.50318,12.50581,0.00,0.00
2017.03.23 13:44:21.394,12.50299,12.50551,0.00,0.00
2017.03.23 13:44:21.445,12.50269,12.50551,0.00,0.00
2017.03.23 13:44:21.495,12.50292,12.50551,0.00,0.00
2017.03.23 13:44:21.762,12.50318,12.50581,0.00,0.00
2017.03.23 13:44:21.813,12.50318,12.50542,0.00,0.00
2017.03.23 13:44:22.010,12.50318,12.50552,0.00,0.00
2017.03.23 13:44:22.146,12.50318,12.50531,0.00,0.00
2017.03.23 13:44:22.457,12.50268,12.50529,0.00,0.00
2017.03.23 13:44:22.508,12.50268,12.50531,0.00,0.00
2017.03.23 13:44:22.623,12.50302,12.50541,0.00,0.00
2017.03.23 13:44:22.838,12.50278,12.50529,0.00,0.00
2017.03.23 13:44:22.939,12.50272,12.50522,0.00,0.00
2017.03.23 13:44:23.261,12.50272,12.50502,0.00,0.00
2017.03.23 13:44:23.460,12.50218,12.50482,0.00,0.00
2017.03.23 13:44:23.590,12.50218,12.50471,0.00,0.00
2017.03.23 13:44:23.926,12.50218,12.50451,0.00,0.00
2017.03.23 13:44:24.060,12.50218,12.50471,0.00,0.00
2017.03.23 13:44:24.116,12.50218,12.50492,0.00,0.00
2017.03.23 13:44:24.217,12.50261,12.50502,0.00,0.00
2017.03.23 13:44:24.538,12.50332,12.50462,0.00,0.00
2017.03.23 13:44:24.639,12.50461,12.50592,0.00,0.00
2017.03.23 13:44:24.746,12.50461,12.50672,0.00,0.00
2017.03.23 13:44:24.847,12.50461,12.50681,0.00,0.00
2017.03.23 13:44:25.063,12.50512,12.50702,0.00,0.00
2017.03.23 13:44:25.269,12.50518,12.50792,0.00,0.00
2017.03.23 13:44:25.320,12.50512,12.50791,0.00,0.00
2017.03.23 13:44:25.423,12.50538,12.50792,0.00,0.00
2017.03.23 13:44:25.887,12.50548,12.50792,0.00,0.00
2017.03.23 13:44:26.201,12.50611,12.50852,0.00,0.00
2017.03.23 13:44:26.323,12.50631,12.50892,0.00,0.00
2017.03.23 13:44:26.523,12.50631,12.50852,0.00,0.00
2017.03.23 13:44:26.756,12.50631,12.50892,0.00,0.00
2017.03.23 13:44:27.047,12.50631,12.50881,0.00,0.00
2017.03.23 13:44:27.272,12.50631,12.50892,0.00,0.00
2017.03.23 13:44:27.325,12.50631,12.50861,0.00,0.00
2017.03.23 13:44:27.427,12.50639,12.50892,0.00,0.00
2017.03.23 13:44:27.552,12.50631,12.50891,0.00,0.00
2017.03.23 13:44:27.625,12.50631,12.50882,0.00,0.00
2017.03.23 13:44:27.841,12.50638,12.50892,0.00,0.00
2017.03.23 13:44:27.997,12.50631,12.50882,0.00,0.00
2017.03.23 13:44:28.321,12.50671,12.50921,0.00,0.00
2017.03.23 13:44:28.372,12.50671,12.50932,0.00,0.00
2017.03.23 13:44:28.422,12.50711,12.50901,0.00,0.00
2017.03.23 13:44:28.663,12.50818,12.51011,0.00,0.00
2017.03.23 13:44:28.714,12.50861,12.51011,0.00,0.00
2017.03.23 13:44:28.765,12.50861,12.51091,0.00,0.00
2017.03.23 13:44:28.816,12.50861,12.51052,0.00,0.00
2017.03.23 13:44:29.123,12.50861,12.51002,0.00,0.00
2017.03.23 13:44:29.340,12.50772,12.51002,0.00,0.00
2017.03.23 13:44:29.441,12.50811,12.51021,0.00,0.00
2017.03.23 13:44:29.542,12.50819,12.51092,0.00,0.00
2017.03.23 13:44:29.680,12.50819,12.51101,0.00,0.00
2017.03.23 13:44:29.780,12.50819,12.51092,0.00,0.00
2017.03.23 13:44:30.154,12.50819,12.51101,0.00,0.00
2017.03.23 13:44:30.229,12.50831,12.51101,0.00,0.00
2017.03.23 13:44:30.539,12.50831,12.51061,0.00,0.00
2017.03.23 13:44:30.642,12.50838,12.51101,0.00,0.00
2017.03.23 13:44:30.858,12.50831,12.51038,0.00,0.00
2017.03.23 13:44:31.179,12.50761,12.50992,0.00,0.00
2017.03.23 13:44:31.337,12.50761,12.51001,0.00,0.00
2017.03.23 13:44:31.510,12.50761,12.50981,0.00,0.00
2017.03.23 13:44:31.639,12.50761,12.51001,0.00,0.00
2017.03.23 13:44:32.316,12.50768,12.51032,0.00,0.00
2017.03.23 13:44:32.367,12.50761,12.51001,0.00,0.00
2017.03.23 13:44:32.742,12.50761,12.50992,0.00,0.00
2017.03.23 13:44:33.076,12.50768,12.50992,0.00,0.00
2017.03.23 13:44:33.127,12.50761,12.50992,0.00,0.00
2017.03.23 13:44:33.228,12.50761,12.51001,0.00,0.00
2017.03.23 13:44:33.449,12.50761,12.50981,0.00,0.00
2017.03.23 13:44:33.578,12.50761,12.51001,0.00,0.00
2017.03.23 13:44:33.831,12.50811,12.51031,0.00,0.00
2017.03.23 13:44:34.146,12.50821,12.51002,0.00,0.00
2017.03.23 13:44:34.299,12.50689,12.50938,0.00,0.00
2017.03.23 13:44:34.349,12.50671,12.50901,0.00,0.00
2017.03.23 13:44:34.702,12.50671,12.50938,0.00,0.00
2017.03.23 13:44:34.753,12.50712,12.50952,0.00,0.00
2017.03.23 13:44:34.854,12.50718,12.50962,0.00,0.00
2017.03.23 13:44:34.955,12.50728,12.50938,0.00,0.00
2017.03.23 13:44:35.055,12.50688,12.50901,0.00,0.00
2017.03.23 13:44:35.211,12.50671,12.50901,0.00,0.00
2017.03.23 13:44:36.524,12.50712,12.50951,0.00,0.00
2017.03.23 13:44:36.574,12.50721,12.50932,0.00,0.00
2017.03.23 13:44:36.700,12.50721,12.50951,0.00,0.00
2017.03.23 13:44:36.801,12.50721,12.51002,0.00,0.00
2017.03.23 13:44:36.852,12.50729,12.51002,0.00,0.00
2017.03.23 13:44:37.253,12.50721,12.51002,0.00,0.00
2017.03.23 13:44:37.493,12.50721,12.50982,0.00,0.00
2017.03.23 13:44:37.855,12.50721,12.51001,0.00,0.00
2017.03.23 13:44:37.962,12.50721,12.50972,0.00,0.00
2017.03.23 13:44:38.307,12.50672,12.50932,0.00,0.00
2017.03.23 13:44:38.358,12.50689,12.50951,0.00,0.00
2017.03.23 13:44:38.408,12.50689,12.50902,0.00,0.00
2017.03.23 13:44:38.459,12.50672,12.50902,0.00,0.00
2017.03.23 13:44:38.560,12.50672,12.50941,0.00,0.00
2017.03.23 13:44:38.661,12.50672,12.50901,0.00,0.00
2017.03.23 13:44:39.141,12.50628,12.50901,0.00,0.00
2017.03.23 13:44:39.258,12.50668,12.50901,0.00,0.00
2017.03.23 13:44:39.364,12.50629,12.50901,0.00,0.00
2017.03.23 13:44:39.516,12.50668,12.50911,0.00,0.00
2017.03.23 13:44:39.566,12.50668,12.50919,0.00,0.00
2017.03.23 13:44:39.617,12.50668,12.50941,0.00,0.00
2017.03.23 13:44:39.667,12.50689,12.50918,0.00,0.00
2017.03.23 13:44:39.768,12.50669,12.50902,0.00,0.00
2017.03.23 13:44:39.869,12.50669,12.50911,0.00,0.00
2017.03.23 13:44:40.085,12.50688,12.50951,0.00,0.00
2017.03.23 13:44:40.195,12.50718,12.50969,0.00,0.00
2017.03.23 13:44:40.533,12.50701,12.50942,0.00,0.00
2017.03.23 13:44:40.836,12.50701,12.50901,0.00,0.00
2017.03.23 13:44:41.047,12.50701,12.50911,0.00,0.00
2017.03.23 13:44:41.161,12.50701,12.50952,0.00,0.00
2017.03.23 13:44:41.296,12.50668,12.50952,0.00,0.00
2017.03.23 13:44:41.347,12.50668,12.50902,0.00,0.00
2017.03.23 13:44:41.664,12.50632,12.50802,0.00,0.00
2017.03.23 13:44:41.878,12.50518,12.50802,0.00,0.00
2017.03.23 13:44:41.980,12.50518,12.50719,0.00,0.00
2017.03.23 13:44:42.303,12.50511,12.50702,0.00,0.00
2017.03.23 13:44:42.353,12.50511,12.50712,0.00,0.00
2017.03.23 13:44:42.404,12.50511,12.50752,0.00,0.00
2017.03.23 13:44:42.507,12.50581,12.50762,0.00,0.00
2017.03.23 13:44:42.665,12.50618,12.50842,0.00,0.00
2017.03.23 13:44:42.716,12.50619,12.50899,0.00,0.00
2017.03.23 13:44:42.817,12.50619,12.50852,0.00,0.00
2017.03.23 13:44:42.973,12.50619,12.50872,0.00,0.00
2017.03.23 13:44:43.073,12.50629,12.50899,0.00,0.00
2017.03.23 13:44:43.263,12.50629,12.50851,0.00,0.00
2017.03.23 13:44:43.313,12.50601,12.50851,0.00,0.00
2017.03.23 13:44:43.545,12.50601,12.50802,0.00,0.00
2017.03.23 13:44:43.595,12.50599,12.50802,0.00,0.00
2017.03.23 13:44:43.669,12.50538,12.50802,0.00,0.00
2017.03.23 13:44:43.907,12.50568,12.50802,0.00,0.00
2017.03.23 13:44:43.970,12.50538,12.50802,0.00,0.00
2017.03.23 13:44:44.071,12.50568,12.50802,0.00,0.00
2017.03.23 13:44:44.176,12.50548,12.50802,0.00,0.00
2017.03.23 13:44:44.311,12.50529,12.50802,0.00,0.00
2017.03.23 13:44:44.504,12.50568,12.50802,0.00,0.00
2017.03.23 13:44:44.612,12.50539,12.50802,0.00,0.00
2017.03.23 13:44:44.827,12.50518,12.50792,0.00,0.00
2017.03.23 13:44:44.985,12.50558,12.50802,0.00,0.00
2017.03.23 13:44:45.086,12.50548,12.50802,0.00,0.00
2017.03.23 13:44:45.280,12.50518,12.50802,0.00,0.00
2017.03.23 13:44:45.380,12.50538,12.50802,0.00,0.00
2017.03.23 13:44:45.589,12.50518,12.50799,0.00,0.00
2017.03.23 13:44:45.773,12.50529,12.50799,0.00,0.00
2017.03.23 13:44:46.075,12.50469,12.50719,0.00,0.00
2017.03.23 13:44:46.226,12.50448,12.50702,0.00,0.00
2017.03.23 13:44:46.374,12.50478,12.50702,0.00,0.00
2017.03.23 13:44:46.894,12.50459,12.50702,0.00,0.00
2017.03.23 13:44:47.096,12.50448,12.50702,0.00,0.00
2017.03.23 13:44:47.476,12.50468,12.50702,0.00,0.00
2017.03.23 13:44:47.700,12.50468,12.50752,0.00,0.00
2017.03.23 13:44:47.802,12.50478,12.50752,0.00,0.00
2017.03.23 13:44:48.209,12.50479,12.50702,0.00,0.00
2017.03.23 13:44:48.317,12.50448,12.50702,0.00,0.00
2017.03.23 13:44:48.706,12.50468,12.50702,0.00,0.00
2017.03.23 13:44:48.779,12.50448,12.50702,0.00,0.00
2017.03.23 13:44:48.991,12.50479,12.50702,0.00,0.00
2017.03.23 13:44:49.302,12.50489,12.50702,0.00,0.00
2017.03.23 13:44:49.523,12.50478,12.50702,0.00,0.00
2017.03.23 13:44:49.630,12.50488,12.50702,0.00,0.00
2017.03.23 13:44:49.681,12.50448,12.50702,0.00,0.00
2017.03.23 13:44:49.732,12.50448,12.50698,0.00,0.00
2017.03.23 13:44:50.113,12.50468,12.50698,0.00,0.00
2017.03.23 13:44:50.164,12.50472,12.50732,0.00,0.00
2017.03.23 13:44:50.265,12.50518,12.50732,0.00,0.00
2017.03.23 13:44:50.315,12.50548,12.50802,0.00,0.00
2017.03.23 13:44:50.482,12.50558,12.50802,0.00,0.00
2017.03.23 13:44:50.790,12.50539,12.50802,0.00,0.00
2017.03.23 13:44:51.072,12.50569,12.50809,0.00,0.00
2017.03.23 13:44:51.123,12.50581,12.50841,0.00,0.00
2017.03.23 13:44:51.228,12.50618,12.50852,0.00,0.00
2017.03.23 13:44:51.329,12.50628,12.50899,0.00,0.00
2017.03.23 13:44:51.430,12.50618,12.50882,0.00,0.00
2017.03.23 13:44:51.590,12.50618,12.50892,0.00,0.00
2017.03.23 13:44:51.691,12.50618,12.50899,0.00,0.00
2017.03.23 13:44:51.991,12.50589,12.50819,0.00,0.00
2017.03.23 13:44:52.092,12.50578,12.50819,0.00,0.00
2017.03.23 13:44:52.143,12.50581,12.50852,0.00,0.00
2017.03.23 13:44:52.193,12.50581,12.50821,0.00,0.00
2017.03.23 13:44:52.244,12.50551,12.50802,0.00,0.00
2017.03.23 13:44:52.295,12.50628,12.50802,0.00,0.00
2017.03.23 13:44:52.493,12.50628,12.50851,0.00,0.00
2017.03.23 13:44:52.544,12.50569,12.50842,0.00,0.00
2017.03.23 13:44:53.135,12.50619,12.50842,0.00,0.00
2017.03.23 13:44:53.236,12.50619,12.50858,0.00,0.00
2017.03.23 13:44:53.287,12.50589,12.50852,0.00,0.00
2017.03.23 13:44:53.337,12.50608,12.50852,0.00,0.00
2017.03.23 13:44:53.388,12.50619,12.50882,0.00,0.00
2017.03.23 13:44:53.489,12.50619,12.50861,0.00,0.00
2017.03.23 13:44:53.591,12.50619,12.50891,0.00,0.00
2017.03.23 13:44:53.703,12.50628,12.50899,0.00,0.00
2017.03.23 13:44:54.128,12.50638,12.50901,0.00,0.00
2017.03.23 13:44:54.189,12.50619,12.50891,0.00,0.00
2017.03.23 13:44:54.303,12.50619,12.50901,0.00,0.00
2017.03.23 13:44:54.515,12.50648,12.50901,0.00,0.00
2017.03.23 13:44:55.080,12.50649,12.50901,0.00,0.00
2017.03.23 13:44:55.196,12.50619,12.50901,0.00,0.00
2017.03.23 13:44:55.400,12.50659,12.50901,0.00,0.00
2017.03.23 13:44:55.900,12.50619,12.50901,0.00,0.00
2017.03.23 13:44:56.001,12.50619,12.50881,0.00,0.00
2017.03.23 13:44:56.093,12.50619,12.50892,0.00,0.00
2017.03.23 13:44:56.198,12.50638,12.50901,0.00,0.00
2017.03.23 13:44:56.299,12.50619,12.50892,0.00,0.00
2017.03.23 13:44:56.651,12.50608,12.50802,0.00,0.00
2017.03.23 13:44:56.853,12.50572,12.50798,0.00,0.00
2017.03.23 13:44:57.055,12.50518,12.50798,0.00,0.00
2017.03.23 13:44:57.106,12.50549,12.50798,0.00,0.00
2017.03.23 13:44:57.465,12.50558,12.50798,0.00,0.00
2017.03.23 13:44:57.780,12.50558,12.50752,0.00,0.00
2017.03.23 13:44:57.944,12.50461,12.50702,0.00,0.00
2017.03.23 13:44:58.112,12.50418,12.50702,0.00,0.00
2017.03.23 13:44:58.302,12.50438,12.50702,0.00,0.00
2017.03.23 13:44:58.636,12.50428,12.50702,0.00,0.00
2017.03.23 13:44:58.865,12.50478,12.50719,0.00,0.00
2017.03.23 13:44:58.915,12.50458,12.50719,0.00,0.00
2017.03.23 13:44:59.001,12.50479,12.50719,0.00,0.00
2017.03.23 13:44:59.101,12.50428,12.50712,0.00,0.00
2017.03.23 13:44:59.439,12.50458,12.50719,0.00,0.00
2017.03.23 13:44:59.504,12.50428,12.50712,0.00,0.00
2017.03.23 13:44:59.639,12.50418,12.50702,0.00,0.00
2017.03.23 13:44:59.959,12.50428,12.50712,0.00,0.00
2017.03.23 13:45:00.303,12.50409,12.50679,0.00,0.00
2017.03.23 13:45:00.609,12.50418,12.50679,0.00,0.00
2017.03.23 13:45:00.769,12.50409,12.50679,0.00,0.00
2017.03.23 13:45:00.844,12.50419,12.50679,0.00,0.00
2017.03.23 13:45:01.155,12.50448,12.50679,0.00,0.00
2017.03.23 13:45:01.446,12.50428,12.50679,0.00,0.00
2017.03.23 13:45:01.629,12.50419,12.50679,0.00,0.00
2017.03.23 13:45:01.807,12.50428,12.50679,0.00,0.00
2017.03.23 13:45:02.010,12.50418,12.50679,0.00,0.00
2017.03.23 13:45:02.852,12.50419,12.50679,0.00,0.00
2017.03.23 13:45:03.067,12.50429,12.50679,0.00,0.00
2017.03.23 13:45:03.278,12.50419,12.50679,0.00,0.00
2017.03.23 13:45:03.399,12.50438,12.50569,0.00,0.00
2017.03.23 13:45:03.500,12.50418,12.50569,0.00,0.00
2017.03.23 13:45:03.602,12.50372,12.50569,0.00,0.00
2017.03.23 13:45:03.702,12.50329,12.50569,0.00,0.00
2017.03.23 13:45:04.067,12.50338,12.50569,0.00,0.00
2017.03.23 13:45:04.385,12.50329,12.50569,0.00,0.00
2017.03.23 13:45:05.297,12.50339,12.50569,0.00,0.00
2017.03.23 13:45:05.369,12.50329,12.50569,0.00,0.00
2017.03.23 13:45:05.892,12.50339,12.50569,0.00,0.00
2017.03.23 13:45:06.182,12.50329,12.50569,0.00,0.00
2017.03.23 13:45:06.289,12.50368,12.50579,0.00,0.00
2017.03.23 13:45:06.394,12.50339,12.50579,0.00,0.00
2017.03.23 13:45:06.518,12.50329,12.50579,0.00,0.00
2017.03.23 13:45:06.619,12.50368,12.50579,0.00,0.00
2017.03.23 13:45:06.672,12.50358,12.50579,0.00,0.00
2017.03.23 13:45:06.773,12.50329,12.50579,0.00,0.00
2017.03.23 13:45:06.973,12.50359,12.50579,0.00,0.00
2017.03.23 13:45:07.076,12.50368,12.50641,0.00,0.00
2017.03.23 13:45:07.131,12.50372,12.50641,0.00,0.00
2017.03.23 13:45:07.478,12.50429,12.50688,0.00,0.00
2017.03.23 13:45:07.799,12.50468,12.50688,0.00,0.00
2017.03.23 13:45:08.102,12.50398,12.50589,0.00,0.00
2017.03.23 13:45:08.203,12.50328,12.50589,0.00,0.00
2017.03.23 13:45:08.460,12.50309,12.50529,0.00,0.00
2017.03.23 13:45:08.623,12.50299,12.50561,0.00,0.00
2017.03.23 13:45:08.674,12.50328,12.50578,0.00,0.00
2017.03.23 13:45:08.889,12.50278,12.50529,0.00,0.00
2017.03.23 13:45:09.103,12.50249,12.50512,0.00,0.00
2017.03.23 13:45:09.153,12.50249,12.50489,0.00,0.00
2017.03.23 13:45:09.379,12.50239,12.50489,0.00,0.00
2017.03.23 13:45:09.518,12.50228,12.50489,0.00,0.00
2017.03.23 13:45:09.708,12.50259,12.50489,0.00,0.00
2017.03.23 13:45:09.780,12.50228,12.50489,0.00,0.00
2017.03.23 13:45:09.990,12.50248,12.50489,0.00,0.00
2017.03.23 13:45:10.080,12.50228,12.50489,0.00,0.00
2017.03.23 13:45:10.181,12.50248,12.50489,0.00,0.00
2017.03.23 13:45:10.581,12.50229,12.50489,0.00,0.00
2017.03.23 13:45:10.682,12.50259,12.50489,0.00,0.00
2017.03.23 13:45:10.821,12.50238,12.50489,0.00,0.00
2017.03.23 13:45:10.882,12.50268,12.50489,0.00,0.00
2017.03.23 13:45:11.185,12.50229,12.50489,0.00,0.00
2017.03.23 13:45:11.811,12.50269,12.50489,0.00,0.00
2017.03.23 13:45:12.001,12.50248,12.50489,0.00,0.00
2017.03.23 13:45:12.086,12.50228,12.50489,0.00,0.00
2017.03.23 13:45:12.725,12.50238,12.50489,0.00,0.00
2017.03.23 13:45:12.893,12.50228,12.50489,0.00,0.00
2017.03.23 13:45:13.420,12.50249,12.50489,0.00,0.00
2017.03.23 13:45:14.021,12.50259,12.50481,0.00,0.00
2017.03.23 13:45:14.191,12.50259,12.50489,0.00,0.00
2017.03.23 13:45:14.492,12.50269,12.50489,0.00,0.00
2017.03.23 13:45:14.814,12.50278,12.50489,0.00,0.00
2017.03.23 13:45:15.139,12.50259,12.50489,0.00,0.00
2017.03.23 13:45:15.682,12.50259,12.50499,0.00,0.00
2017.03.23 13:45:16.104,12.50269,12.50499,0.00,0.00
2017.03.23 13:45:16.221,12.50308,12.50541,0.00,0.00
2017.03.23 13:45:16.322,12.50359,12.50511,0.00,0.00
2017.03.23 13:45:16.424,12.50359,12.50599,0.00,0.00
2017.03.23 13:45:16.496,12.50359,12.50581,0.00,0.00
2017.03.23 13:45:16.842,12.50359,12.50599,0.00,0.00
2017.03.23 13:45:16.893,12.50409,12.50611,0.00,0.00
2017.03.23 13:45:16.944,12.50409,12.50632,0.00,0.00
2017.03.23 13:45:16.995,12.50458,12.50632,0.00,0.00
2017.03.23 13:45:17.045,12.50458,12.50701,0.00,0.00
2017.03.23 13:45:17.096,12.50458,12.50618,0.00,0.00
2017.03.23 13:45:17.146,12.50428,12.50618,0.00,0.00
2017.03.23 13:45:17.248,12.50348,12.50618,0.00,0.00
2017.03.23 13:45:17.515,12.50358,12.50618,0.00,0.00
2017.03.23 13:45:17.616,12.50348,12.50611,0.00,0.00
2017.03.23 13:45:17.733,12.50348,12.50602,0.00,0.00
2017.03.23 13:45:18.104,12.50348,12.50592,0.00,0.00
2017.03.23 13:45:18.230,12.50358,12.50618,0.00,0.00
2017.03.23 13:45:18.332,12.50349,12.50618,0.00,0.00
2017.03.23 13:45:18.400,12.50348,12.50601,0.00,0.00
2017.03.23 13:45:18.503,12.50359,12.50618,0.00,0.00
2017.03.23 13:45:18.604,12.50368,12.50618,0.00,0.00
2017.03.23 13:45:19.001,12.50349,12.50618,0.00,0.00
2017.03.23 13:45:19.101,12.50348,12.50612,0.00,0.00
2017.03.23 13:45:19.427,12.50348,12.50601,0.00,0.00
2017.03.23 13:45:19.549,12.50348,12.50618,0.00,0.00
2017.03.23 13:45:20.103,12.50348,12.50602,0.00,0.00
2017.03.23 13:45:20.327,12.50358,12.50618,0.00,0.00
2017.03.23 13:45:20.517,12.50348,12.50602,0.00,0.00
2017.03.23 13:45:20.704,12.50348,12.50618,0.00,0.00
2017.03.23 13:45:20.969,12.50358,12.50618,0.00,0.00
2017.03.23 13:45:21.244,12.50348,12.50618,0.00,0.00
2017.03.23 13:45:21.355,12.50348,12.50591,0.00,0.00
2017.03.23 13:45:21.406,12.50309,12.50559,0.00,0.00
2017.03.23 13:45:21.456,12.50299,12.50518,0.00,0.00
2017.03.23 13:45:21.557,12.50268,12.50518,0.00,0.00
2017.03.23 13:45:21.608,12.50282,12.50531,0.00,0.00
2017.03.23 13:45:21.810,12.50348,12.50598,0.00,0.00
2017.03.23 13:45:21.985,12.50348,12.50571,0.00,0.00
2017.03.23 13:45:22.207,12.50348,12.50598,0.00,0.00
2017.03.23 13:45:22.709,12.50348,12.50582,0.00,0.00
2017.03.23 13:45:22.839,12.50348,12.50598,0.00,0.00
2017.03.23 13:45:22.958,12.50348,12.50581,0.00,0.00
2017.03.23 13:45:23.059,12.50348,12.50598,0.00,0.00
2017.03.23 13:45:23.230,12.50348,12.50592,0.00,0.00
2017.03.23 13:45:23.722,12.50348,12.50572,0.00,0.00
2017.03.23 13:45:23.772,12.50298,12.50559,0.00,0.00
2017.03.23 13:45:23.823,12.50308,12.50559,0.00,0.00
2017.03.23 13:45:23.923,12.50258,12.50518,0.00,0.00
2017.03.23 13:45:24.044,12.50248,12.50518,0.00,0.00
2017.03.23 13:45:24.212,12.50268,12.50518,0.00,0.00
2017.03.23 13:45:24.312,12.50248,12.50518,0.00,0.00
2017.03.23 13:45:24.896,12.50249,12.50518,0.00,0.00
2017.03.23 13:45:25.387,12.50239,12.50419,0.00,0.00
2017.03.23 13:45:25.438,12.50239,12.50482,0.00,0.00
2017.03.23 13:45:25.489,12.50239,12.50419,0.00,0.00
2017.03.23 13:45:25.560,12.50229,12.50419,0.00,0.00
2017.03.23 13:45:25.661,12.50169,12.50419,0.00,0.00
2017.03.23 13:45:25.762,12.50149,12.50419,0.00,0.00
2017.03.23 13:45:26.037,12.50169,12.50419,0.00,0.00
2017.03.23 13:45:26.353,12.50149,12.50419,0.00,0.00
2017.03.23 13:45:26.477,12.50178,12.50419,0.00,0.00
2017.03.23 13:45:26.586,12.50198,12.50462,0.00,0.00
2017.03.23 13:45:26.637,12.50198,12.50452,0.00,0.00
2017.03.23 13:45:26.737,12.50248,12.50508,0.00,0.00
2017.03.23 13:45:26.788,12.50248,12.50518,0.00,0.00
2017.03.23 13:45:26.839,12.50258,12.50518,0.00,0.00
2017.03.23 13:45:27.262,12.50269,12.50518,0.00,0.00
2017.03.23 13:45:27.548,12.50348,12.50608,0.00,0.00
2017.03.23 13:45:27.758,12.50348,12.50582,0.00,0.00
2017.03.23 13:45:28.079,12.50298,12.50582,0.00,0.00
2017.03.23 13:45:28.129,12.50308,12.50569,0.00,0.00
2017.03.23 13:45:28.537,12.50289,12.50541,0.00,0.00
2017.03.23 13:45:28.906,12.50339,12.50608,0.00,0.00
2017.03.23 13:45:29.121,12.50338,12.50601,0.00,0.00
2017.03.23 13:45:29.367,12.50338,12.50608,0.00,0.00
2017.03.23 13:45:29.422,12.50338,12.50601,0.00,0.00
2017.03.23 13:45:29.573,12.50338,12.50619,0.00,0.00
2017.03.23 13:45:29.624,12.50392,12.50652,0.00,0.00
2017.03.23 13:45:29.724,12.50438,12.50712,0.00,0.00
2017.03.23 13:45:29.836,12.50469,12.50718,0.00,0.00
2017.03.23 13:45:30.062,12.50438,12.50712,0.00,0.00
2017.03.23 13:45:30.166,12.50438,12.50718,0.00,0.00
2017.03.23 13:45:30.266,12.50458,12.50718,0.00,0.00
2017.03.23 13:45:30.468,12.50538,12.50802,0.00,0.00
2017.03.23 13:45:30.526,12.50538,12.50808,0.00,0.00
2017.03.23 13:45:31.141,12.50538,12.50781,0.00,0.00
2017.03.23 13:45:31.473,12.50538,12.50808,0.00,0.00
2017.03.23 13:45:31.753,12.50538,12.50781,0.00,0.00
2017.03.23 13:45:31.856,12.50538,12.50808,0.00,0.00
2017.03.23 13:45:32.064,12.50559,12.50808,0.00,0.00
2017.03.23 13:45:32.272,12.50549,12.50808,0.00,0.00
2017.03.23 13:45:32.330,12.50538,12.50801,0.00,0.00
2017.03.23 13:45:32.531,12.50549,12.50808,0.00,0.00
2017.03.23 13:45:32.645,12.50538,12.50801,0.00,0.00
2017.03.23 13:45:33.040,12.50558,12.50808,0.00,0.00
2017.03.23 13:45:33.142,12.50549,12.50808,0.00,0.00
2017.03.23 13:45:33.244,12.50558,12.50808,0.00,0.00
2017.03.23 13:45:33.474,12.50538,12.50802,0.00,0.00
2017.03.23 13:45:33.533,12.50538,12.50792,0.00,0.00
2017.03.23 13:45:33.850,12.50538,12.50782,0.00,0.00
2017.03.23 13:45:34.034,12.50538,12.50791,0.00,0.00
2017.03.23 13:45:34.135,12.50538,12.50772,0.00,0.00
2017.03.23 13:45:34.352,12.50518,12.50758,0.00,0.00
2017.03.23 13:45:34.452,12.50488,12.50731,0.00,0.00
2017.03.23 13:45:35.125,12.50449,12.50719,0.00,0.00
2017.03.23 13:45:35.225,12.50438,12.50719,0.00,0.00
2017.03.23 13:45:35.276,12.50438,12.50701,0.00,0.00
2017.03.23 13:45:35.468,12.50449,12.50719,0.00,0.00
2017.03.23 13:45:35.537,12.50459,12.50719,0.00,0.00
2017.03.23 13:45:35.960,12.50469,12.50719,0.00,0.00
2017.03.23 13:45:36.038,12.50449,12.50719,0.00,0.00
2017.03.23 13:45:36.139,12.50468,12.50719,0.00,0.00
2017.03.23 13:45:36.240,12.50489,12.50759,0.00,0.00
2017.03.23 13:45:36.291,12.50489,12.50761,0.00,0.00
2017.03.23 13:45:36.341,12.50538,12.50761,0.00,0.00
2017.03.23 13:45:36.543,12.50438,12.50719,0.00,0.00
2017.03.23 13:45:36.781,12.50458,12.50719,0.00,0.00
2017.03.23 13:45:36.883,12.50438,12.50712,0.00,0.00
2017.03.23 13:45:37.378,12.50448,12.50719,0.00,0.00
2017.03.23 13:45:37.479,12.50438,12.50712,0.00,0.00
2017.03.23 13:45:37.542,12.50469,12.50719,0.00,0.00
2017.03.23 13:45:37.682,12.50438,12.50711,0.00,0.00
2017.03.23 13:45:37.786,12.50449,12.50719,0.00,0.00
2017.03.23 13:45:38.093,12.50438,12.50681,0.00,0.00
2017.03.23 13:45:38.385,12.50438,12.50698,0.00,0.00
2017.03.23 13:45:38.845,12.50438,12.50692,0.00,0.00
2017.03.23 13:45:39.052,12.50439,12.50698,0.00,0.00
2017.03.23 13:45:39.218,12.50438,12.50692,0.00,0.00
2017.03.23 13:45:39.389,12.50439,12.50698,0.00,0.00
2017.03.23 13:45:39.751,12.50448,12.50698,0.00,0.00
2017.03.23 13:45:39.947,12.50438,12.50698,0.00,0.00
2017.03.23 13:45:40.167,12.50438,12.50691,0.00,0.00
2017.03.23 13:45:40.448,12.50438,12.50698,0.00,0.00
2017.03.23 13:45:40.700,12.50459,12.50698,0.00,0.00
2017.03.23 13:45:40.750,12.50438,12.50692,0.00,0.00
2017.03.23 13:45:40.898,12.50438,12.50698,0.00,0.00
2017.03.23 13:45:41.378,12.50438,12.50691,0.00,0.00
2017.03.23 13:45:41.710,12.50448,12.50698,0.00,0.00
2017.03.23 13:45:41.761,12.50438,12.50698,0.00,0.00
2017.03.23 13:45:41.883,12.50458,12.50698,0.00,0.00
2017.03.23 13:45:41.934,12.50458,12.50719,0.00,0.00
2017.03.23 13:45:42.114,12.50538,12.50761,0.00,0.00
2017.03.23 13:45:42.164,12.50538,12.50819,0.00,0.00
2017.03.23 13:45:42.600,12.50538,12.50802,0.00,0.00
2017.03.23 13:45:42.986,12.50549,12.50819,0.00,0.00
2017.03.23 13:45:43.660,12.50538,12.50812,0.00,0.00
2017.03.23 13:45:43.761,12.50559,12.50819,0.00,0.00
2017.03.23 13:45:44.081,12.50548,12.50819,0.00,0.00
2017.03.23 13:45:44.191,12.50538,12.50812,0.00,0.00
2017.03.23 13:45:44.242,12.50528,12.50771,0.00,0.00
2017.03.23 13:45:44.393,12.50449,12.50718,0.00,0.00
2017.03.23 13:45:44.601,12.50469,12.50718,0.00,0.00
2017.03.23 13:45:44.703,12.50438,12.50711,0.00,0.00
2017.03.23 13:45:44.979,12.50468,12.50718,0.00,0.00
2017.03.23 13:45:45.080,12.50438,12.50711,0.00,0.00
2017.03.23 13:45:45.158,12.50438,12.50718,0.00,0.00
2017.03.23 13:45:45.264,12.50438,12.50691,0.00,0.00
2017.03.23 13:45:45.469,12.50339,12.50618,0.00,0.00
2017.03.23 13:45:45.520,12.50351,12.50621,0.00,0.00
2017.03.23 13:45:45.570,12.50389,12.50669,0.00,0.00
2017.03.23 13:45:45.780,12.50389,12.50642,0.00,0.00
2017.03.23 13:45:46.226,12.50439,12.50709,0.00,0.00
2017.03.23 13:45:46.467,12.50439,12.50702,0.00,0.00
2017.03.23 13:45:46.810,12.50448,12.50709,0.00,0.00
2017.03.23 13:45:47.212,12.50488,12.50718,0.00,0.00
2017.03.23 13:45:47.262,12.50492,12.50751,0.00,0.00
2017.03.23 13:45:47.313,12.50529,12.50772,0.00,0.00
2017.03.23 13:45:47.364,12.50538,12.50808,0.00,0.00
2017.03.23 13:45:47.660,12.50538,12.50719,0.00,0.00
2017.03.23 13:45:47.711,12.50499,12.50719,0.00,0.00
2017.03.23 13:45:47.925,12.50448,12.50719,0.00,0.00
2017.03.23 13:45:47.975,12.50491,12.50761,0.00,0.00
2017.03.23 13:45:48.076,12.50538,12.50809,0.00,0.00
2017.03.23 13:45:48.251,12.50529,12.50769,0.00,0.00
2017.03.23 13:45:48.301,12.50499,12.50769,0.00,0.00
2017.03.23 13:45:48.352,12.50499,12.50772,0.00,0.00
2017.03.23 13:45:48.402,12.50538,12.50741,0.00,0.00
2017.03.23 13:45:48.503,12.50538,12.50782,0.00,0.00
2017.03.23 13:45:48.605,12.50538,12.50809,0.00,0.00
2017.03.23 13:45:48.786,12.50538,12.50782,0.00,0.00
2017.03.23 13:45:48.912,12.50538,12.50809,0.00,0.00
2017.03.23 13:45:48.970,12.50538,12.50781,0.00,0.00
2017.03.23 13:45:49.287,12.50499,12.50771,0.00,0.00
2017.03.23 13:45:49.337,12.50499,12.50768,0.00,0.00
2017.03.23 13:45:49.388,12.50489,12.50769,0.00,0.00
2017.03.23 13:45:49.489,12.50488,12.50731,0.00,0.00
2017.03.23 13:45:49.796,12.50489,12.50769,0.00,0.00
2017.03.23 13:45:49.846,12.50489,12.50712,0.00,0.00
2017.03.23 13:45:49.897,12.50469,12.50712,0.00,0.00
2017.03.23 13:45:49.973,12.50439,12.50712,0.00,0.00
2017.03.23 13:45:50.180,12.50458,12.50712,0.00,0.00
2017.03.23 13:45:50.275,12.50438,12.50712,0.00,0.00
2017.03.23 13:45:50.390,12.50428,12.50701,0.00,0.00
2017.03.23 13:45:50.676,12.50428,12.50712,0.00,0.00
2017.03.23 13:45:50.793,12.50468,12.50712,0.00,0.00
2017.03.23 13:45:50.895,12.50448,12.50712,0.00,0.00
2017.03.23 13:45:51.177,12.50468,12.50712,0.00,0.00
2017.03.23 13:45:51.796,12.50448,12.50712,0.00,0.00
2017.03.23 13:45:52.587,12.50469,12.50712,0.00,0.00
2017.03.23 13:45:52.913,12.50428,12.50712,0.00,0.00
2017.03.23 13:45:53.296,12.50468,12.50712,0.00,0.00
2017.03.23 13:45:53.383,12.50448,12.50712,0.00,0.00
2017.03.23 13:45:53.531,12.50428,12.50712,0.00,0.00
2017.03.23 13:45:53.632,12.50478,12.50712,0.00,0.00
2017.03.23 13:45:53.797,12.50428,12.50712,0.00,0.00
2017.03.23 13:45:53.927,12.50438,12.50712,0.00,0.00
2017.03.23 13:45:54.285,12.50429,12.50711,0.00,0.00
2017.03.23 13:45:54.385,12.50439,12.50712,0.00,0.00
2017.03.23 13:45:54.616,12.50428,12.50702,0.00,0.00
2017.03.23 13:45:54.834,12.50429,12.50711,0.00,0.00
2017.03.23 13:45:54.935,12.50448,12.50712,0.00,0.00
2017.03.23 13:45:55.427,12.50428,12.50701,0.00,0.00
2017.03.23 13:45:55.489,12.50438,12.50712,0.00,0.00
2017.03.23 13:45:55.604,12.50428,12.50692,0.00,0.00
2017.03.23 13:45:55.790,12.50428,12.50712,0.00,0.00
2017.03.23 13:45:56.011,12.50418,12.50618,0.00,0.00
2017.03.23 13:45:56.062,12.50418,12.50622,0.00,0.00
2017.03.23 13:45:56.113,12.50369,12.50619,0.00,0.00
2017.03.23 13:45:56.213,12.50349,12.50619,0.00,0.00
2017.03.23 13:45:56.301,12.50359,12.50619,0.00,0.00
2017.03.23 13:45:56.428,12.50338,12.50612,0.00,0.00
2017.03.23 13:45:56.893,12.50348,12.50619,0.00,0.00
2017.03.23 13:45:56.995,12.50339,12.50619,0.00,0.00
2017.03.23 13:45:57.097,12.50338,12.50601,0.00,0.00
2017.03.23 13:45:57.198,12.50299,12.50569,0.00,0.00
2017.03.23 13:45:57.249,12.50299,12.50518,0.00,0.00
2017.03.23 13:45:57.299,12.50259,12.50518,0.00,0.00
2017.03.23 13:45:57.659,12.50288,12.50518,0.00,0.00
2017.03.23 13:45:57.710,12.50258,12.50518,0.00,0.00
2017.03.23 13:45:57.760,12.50292,12.50542,0.00,0.00
2017.03.23 13:45:57.811,12.50292,12.50571,0.00,0.00
2017.03.23 13:45:57.862,12.50338,12.50572,0.00,0.00
2017.03.23 13:45:57.912,12.50339,12.50608,0.00,0.00
2017.03.23 13:45:58.097,12.50338,12.50592,0.00,0.00
2017.03.23 13:45:58.148,12.50308,12.50568,0.00,0.00
2017.03.23 13:45:58.199,12.50289,12.50568,0.00,0.00
2017.03.23 13:45:58.298,12.50288,12.50552,0.00,0.00
2017.03.23 13:45:58.629,12.50328,12.50608,0.00,0.00
2017.03.23 13:45:58.736,12.50328,12.50561,0.00,0.00
2017.03.23 13:45:58.837,12.50298,12.50561,0.00,0.00
2017.03.23 13:45:58.888,12.50329,12.50582,0.00,0.00
2017.03.23 13:45:58.938,12.50329,12.50601,0.00,0.00
2017.03.23 13:45:59.039,12.50329,12.50591,0.00,0.00
2017.03.23 13:45:59.312,12.50339,12.50608,0.00,0.00
2017.03.23 13:45:59.362,12.50339,12.50511,0.00,0.00
2017.03.23 13:45:59.414,12.50298,12.50511,0.00,0.00
2017.03.23 13:45:59.515,12.50248,12.50511,0.00,0.00
2017.03.23 13:45:59.629,12.50239,12.50511,0.00,0.00
2017.03.23 13:45:59.804,12.50269,12.50511,0.00,0.00
2017.03.23 13:45:59.922,12.50279,12.50559,0.00,0.00
2017.03.23 13:46:00.023,12.50288,12.50559,0.00,0.00
2017.03.23 13:46:00.129,12.50288,12.50561,0.00,0.00
2017.03.23 13:46:00.179,12.50288,12.50512,0.00,0.00
2017.03.23 13:46:00.230,12.50268,12.50512,0.00,0.00
2017.03.23 13:46:00.331,12.50238,12.50512,0.00,0.00
2017.03.23 13:46:00.559,12.50279,12.50512,0.00,0.00
2017.03.23 13:46:00.609,12.50258,12.50512,0.00,0.00
2017.03.23 13:46:00.710,12.50278,12.50512,0.00,0.00
2017.03.23 13:46:01.337,12.50239,12.50512,0.00,0.00
2017.03.23 13:46:01.408,12.50288,12.50512,0.00,0.00
2017.03.23 13:46:01.722,12.50348,12.50612,0.00,0.00
2017.03.23 13:46:02.041,12.50358,12.50612,0.00,0.00
2017.03.23 13:46:02.631,12.50338,12.50612,0.00,0.00
2017.03.23 13:46:02.812,12.50349,12.50612,0.00,0.00
2017.03.23 13:46:03.134,12.50338,12.50612,0.00,0.00
2017.03.23 13:46:03.235,12.50331,12.50591,0.00,0.00
2017.03.23 13:46:03.452,12.50338,12.50612,0.00,0.00
2017.03.23 13:46:03.616,12.50331,12.50612,0.00,0.00
2017.03.23 13:46:03.721,12.50349,12.50612,0.00,0.00
2017.03.23 13:46:04.106,12.50331,12.50591,0.00,0.00
2017.03.23 13:46:04.328,12.50331,12.50612,0.00,0.00
2017.03.23 13:46:04.378,12.50378,12.50612,0.00,0.00
2017.03.23 13:46:04.529,12.50428,12.50702,0.00,0.00
2017.03.23 13:46:04.632,12.50428,12.50708,0.00,0.00
2017.03.23 13:46:04.964,12.50428,12.50682,0.00,0.00
2017.03.23 13:46:05.065,12.50449,12.50708,0.00,0.00
2017.03.23 13:46:05.442,12.50439,12.50708,0.00,0.00
2017.03.23 13:46:05.554,12.50428,12.50681,0.00,0.00
2017.03.23 13:46:05.658,12.50399,12.50662,0.00,0.00
2017.03.23 13:46:05.759,12.50388,12.50611,0.00,0.00
2017.03.23 13:46:05.876,12.50349,12.50611,0.00,0.00
2017.03.23 13:46:06.094,12.50332,12.50611,0.00,0.00
2017.03.23 13:46:06.144,12.50332,12.50592,0.00,0.00
2017.03.23 13:46:06.478,12.50268,12.50511,0.00,0.00
2017.03.23 13:46:06.528,12.50281,12.50532,0.00,0.00
2017.03.23 13:46:06.629,12.50299,12.50562,0.00,0.00
2017.03.23 13:46:07.134,12.50288,12.50511,0.00,0.00
2017.03.23 13:46:07.235,12.50249,12.50511,0.00,0.00
2017.03.23 13:46:07.441,12.50268,12.50511,0.00,0.00
2017.03.23 13:46:08.130,12.50279,12.50511,0.00,0.00
2017.03.23 13:46:08.674,12.50268,12.50511,0.00,0.00
2017.03.23 13:46:08.731,12.50249,12.50511,0.00,0.00
2017.03.23 13:46:09.169,12.50269,12.50511,0.00,0.00
2017.03.23 13:46:09.329,12.50248,12.50511,0.00,0.00
2017.03.23 13:46:09.858,12.50258,12.50511,0.00,0.00
2017.03.23 13:46:09.981,12.50241,12.50511,0.00,0.00
2017.03.23 13:46:10.133,12.50248,12.50511,0.00,0.00
2017.03.23 13:46:10.555,12.50279,12.50511,0.00,0.00
2017.03.23 13:46:10.660,12.50248,12.50511,0.00,0.00
2017.03.23 13:46:10.711,12.50291,12.50532,0.00,0.00
2017.03.23 13:46:10.762,12.50291,12.50542,0.00,0.00
2017.03.23 13:46:10.812,12.50332,12.50542,0.00,0.00
2017.03.23 13:46:10.863,12.50328,12.50568,0.00,0.00
2017.03.23 13:46:10.975,12.50292,12.50552,0.00,0.00
2017.03.23 13:46:11.238,12.50292,12.50562,0.00,0.00
2017.03.23 13:46:11.340,12.50292,12.50542,0.00,0.00
2017.03.23 13:46:11.655,12.50292,12.50562,0.00,0.00
2017.03.23 13:46:12.297,12.50329,12.50562,0.00,0.00
2017.03.23 13:46:12.449,12.50338,12.50609,0.00,0.00
2017.03.23 13:46:12.555,12.50348,12.50609,0.00,0.00
2017.03.23 13:46:12.940,12.50331,12.50592,0.00,0.00
2017.03.23 13:46:13.139,12.50331,12.50609,0.00,0.00
2017.03.23 13:46:13.416,12.50331,12.50592,0.00,0.00
2017.03.23 13:46:13.571,12.50249,12.50512,0.00,0.00
2017.03.23 13:46:13.672,12.50241,12.50512,0.00,0.00
2017.03.23 13:46:13.882,12.50268,12.50512,0.00,0.00
2017.03.23 13:46:14.142,12.50241,12.50512,0.00,0.00
2017.03.23 13:46:14.723,12.50322,12.50521,0.00,0.00
2017.03.23 13:46:14.774,12.50282,12.50532,0.00,0.00
2017.03.23 13:46:14.824,12.50329,12.50532,0.00,0.00
2017.03.23 13:46:14.875,12.50329,12.50601,0.00,0.00
2017.03.23 13:46:14.943,12.50329,12.50592,0.00,0.00
2017.03.23 13:46:15.144,12.50329,12.50602,0.00,0.00
2017.03.23 13:46:16.147,12.50329,12.50582,0.00,0.00
2017.03.23 13:46:16.252,12.50349,12.50609,0.00,0.00
2017.03.23 13:46:16.354,12.50329,12.50609,0.00,0.00
2017.03.23 13:46:16.455,12.50329,12.50581,0.00,0.00
2017.03.23 13:46:16.566,12.50329,12.50591,0.00,0.00
2017.03.23 13:46:16.673,12.50329,12.50571,0.00,0.00
2017.03.23 13:46:16.776,12.50329,12.50609,0.00,0.00
2017.03.23 13:46:16.878,12.50328,12.50528,0.00,0.00
2017.03.23 13:46:16.978,12.50299,12.50528,0.00,0.00
2017.03.23 13:46:17.029,12.50299,12.50511,0.00,0.00
2017.03.23 13:46:17.169,12.50242,12.50511,0.00,0.00
2017.03.23 13:46:17.372,12.50282,12.50512,0.00,0.00
2017.03.23 13:46:17.423,12.50279,12.50512,0.00,0.00
2017.03.23 13:46:17.474,12.50268,12.50511,0.00,0.00
2017.03.23 13:46:17.592,12.50259,12.50511,0.00,0.00
2017.03.23 13:46:17.649,12.50242,12.50502,0.00,0.00
2017.03.23 13:46:17.767,12.50242,12.50492,0.00,0.00
2017.03.23 13:46:17.950,12.50242,12.50511,0.00,0.00
2017.03.23 13:46:18.150,12.50249,12.50511,0.00,0.00
2017.03.23 13:46:18.676,12.50242,12.50511,0.00,0.00
2017.03.23 13:46:18.818,12.50242,12.50491,0.00,0.00
2017.03.23 13:46:18.996,12.50242,12.50501,0.00,0.00
2017.03.23 13:46:19.254,12.50242,12.50492,0.00,0.00
2017.03.23 13:46:19.363,12.50242,12.50501,0.00,0.00
2017.03.23 13:46:19.481,12.50249,12.50511,0.00,0.00
2017.03.23 13:46:19.583,12.50258,12.50511,0.00,0.00
2017.03.23 13:46:19.796,12.50282,12.50552,0.00,0.00
2017.03.23 13:46:20.554,12.50282,12.50541,0.00,0.00
2017.03.23 13:46:20.905,12.50328,12.50562,0.00,0.00
2017.03.23 13:46:20.955,12.50288,12.50561,0.00,0.00
2017.03.23 13:46:21.185,12.50281,12.50531,0.00,0.00
2017.03.23 13:46:21.256,12.50281,12.50542,0.00,0.00
2017.03.23 13:46:21.365,12.50281,12.50532,0.00,0.00
2017.03.23 13:46:21.795,12.50248,12.50512,0.00,0.00
2017.03.23 13:46:21.857,12.50241,12.50512,0.00,0.00
2017.03.23 13:46:21.907,12.50321,12.50521,0.00,0.00
2017.03.23 13:46:21.958,12.50321,12.50531,0.00,0.00
2017.03.23 13:46:22.097,12.50329,12.50519,0.00,0.00
2017.03.23 13:46:22.199,12.50278,12.50512,0.00,0.00
2017.03.23 13:46:22.258,12.50249,12.50512,0.00,0.00
2017.03.23 13:46:22.365,12.50239,12.50512,0.00,0.00
2017.03.23 13:46:23.059,12.50268,12.50512,0.00,0.00
2017.03.23 13:46:23.165,12.50239,12.50512,0.00,0.00
2017.03.23 13:46:23.260,12.50258,12.50512,0.00,0.00
2017.03.23 13:46:23.687,12.50279,12.50512,0.00,0.00
2017.03.23 13:46:23.865,12.50248,12.50508,0.00,0.00
2017.03.23 13:46:23.966,12.50228,12.50501,0.00,0.00
2017.03.23 13:46:24.165,12.50249,12.50508,0.00,0.00
2017.03.23 13:46:25.263,12.50248,12.50508,0.00,0.00
2017.03.23 13:46:26.085,12.50228,12.50501,0.00,0.00
2017.03.23 13:46:26.679,12.50248,12.50508,0.00,0.00
2017.03.23 13:46:27.019,12.50269,12.50512,0.00,0.00
2017.03.23 13:46:27.171,12.50288,12.50558,0.00,0.00
2017.03.23 13:46:27.222,12.50288,12.50519,0.00,0.00
2017.03.23 13:46:27.299,12.50279,12.50512,0.00,0.00
2017.03.23 13:46:27.413,12.50249,12.50512,0.00,0.00
2017.03.23 13:46:27.575,12.50238,12.50512,0.00,0.00
2017.03.23 13:46:27.682,12.50248,12.50512,0.00,0.00
2017.03.23 13:46:27.895,12.50239,12.50512,0.00,0.00
2017.03.23 13:46:27.969,12.50231,12.50512,0.00,0.00
2017.03.23 13:46:28.195,12.50249,12.50512,0.00,0.00
2017.03.23 13:46:28.499,12.50258,12.50512,0.00,0.00
2017.03.23 13:46:29.108,12.50231,12.50512,0.00,0.00
2017.03.23 13:46:29.671,12.50249,12.50512,0.00,0.00
2017.03.23 13:46:30.072,12.50231,12.50512,0.00,0.00
2017.03.23 13:46:30.792,12.50231,12.50501,0.00,0.00
2017.03.23 13:46:31.277,12.50238,12.50512,0.00,0.00
2017.03.23 13:46:31.328,12.50238,12.50508,0.00,0.00
2017.03.23 13:46:31.378,12.50228,12.50501,0.00,0.00
2017.03.23 13:46:31.661,12.50219,12.50458,0.00,0.00
2017.03.23 13:46:31.813,12.50172,12.50412,0.00,0.00
2017.03.23 13:46:31.932,12.50149,12.50412,0.00,0.00
2017.03.23 13:46:31.983,12.50138,12.50412,0.00,0.00
2017.03.23 13:46:32.111,12.50148,12.50412,0.00,0.00
2017.03.23 13:46:32.237,12.50129,12.50409,0.00,0.00
2017.03.23 13:46:32.288,12.50138,12.50312,0.00,0.00
2017.03.23 13:46:32.391,12.50092,12.50312,0.00,0.00
2017.03.23 13:46:32.664,12.50058,12.50312,0.00,0.00
2017.03.23 13:46:32.715,12.50049,12.50312,0.00,0.00
2017.03.23 13:46:32.816,12.50039,12.50312,0.00,0.00
2017.03.23 13:46:32.925,12.50028,12.50262,0.00,0.00
2017.03.23 13:46:33.026,12.50028,12.50292,0.00,0.00
2017.03.23 13:46:33.161,12.50028,12.50282,0.00,0.00
2017.03.23 13:46:33.379,12.50029,12.50308,0.00,0.00
2017.03.23 13:46:33.494,12.50079,12.50308,0.00,0.00
2017.03.23 13:46:33.599,12.50068,12.50308,0.00,0.00
2017.03.23 13:46:33.703,12.50028,12.50308,0.00,0.00
2017.03.23 13:46:33.917,12.50078,12.50308,0.00,0.00
2017.03.23 13:46:34.018,12.50078,12.50312,0.00,0.00
2017.03.23 13:46:34.069,12.50088,12.50362,0.00,0.00
2017.03.23 13:46:34.120,12.50088,12.50369,0.00,0.00
2017.03.23 13:46:34.250,12.50098,12.50321,0.00,0.00
2017.03.23 13:46:34.405,12.50069,12.50319,0.00,0.00
2017.03.23 13:46:34.521,12.50048,12.50319,0.00,0.00
2017.03.23 13:46:34.582,12.50088,12.50319,0.00,0.00
2017.03.23 13:46:34.821,12.50068,12.50309,0.00,0.00
2017.03.23 13:46:34.883,12.50039,12.50309,0.00,0.00
2017.03.23 13:46:34.987,12.50039,12.50301,0.00,0.00
2017.03.23 13:46:35.088,12.50039,12.50309,0.00,0.00
2017.03.23 13:46:35.192,12.50068,12.50309,0.00,0.00
2017.03.23 13:46:35.588,12.50098,12.50318,0.00,0.00
2017.03.23 13:46:35.639,12.50088,12.50318,0.00,0.00
2017.03.23 13:46:35.818,12.50068,12.50318,0.00,0.00
2017.03.23 13:46:36.100,12.50059,12.50318,0.00,0.00
2017.03.23 13:46:36.488,12.50068,12.50318,0.00,0.00
2017.03.23 13:46:36.896,12.50088,12.50318,0.00,0.00
2017.03.23 13:46:37.242,12.50069,12.50318,0.00,0.00
2017.03.23 13:46:37.396,12.50042,12.50318,0.00,0.00
2017.03.23 13:46:37.889,12.50058,12.50318,0.00,0.00
2017.03.23 13:46:38.189,12.50042,12.50318,0.00,0.00
2017.03.23 13:46:38.521,12.50059,12.50318,0.00,0.00
2017.03.23 13:46:38.992,12.50079,12.50318,0.00,0.00
2017.03.23 13:46:39.295,12.50098,12.50318,0.00,0.00
2017.03.23 13:46:39.449,12.50121,12.50371,0.00,0.00
2017.03.23 13:46:39.601,12.50138,12.50409,0.00,0.00
2017.03.23 13:46:40.098,12.50138,12.50402,0.00,0.00
2017.03.23 13:46:40.201,12.50138,12.50409,0.00,0.00
2017.03.23 13:46:40.406,12.50138,12.50391,0.00,0.00
2017.03.23 13:46:40.623,12.50138,12.50409,0.00,0.00
2017.03.23 13:46:40.765,12.50149,12.50409,0.00,0.00
2017.03.23 13:46:40.894,12.50138,12.50402,0.00,0.00
2017.03.23 13:46:41.119,12.50138,12.50409,0.00,0.00
2017.03.23 13:46:41.528,12.50158,12.50409,0.00,0.00
2017.03.23 13:46:42.920,12.50138,12.50409,0.00,0.00
2017.03.23 13:46:43.337,12.50158,12.50319,0.00,0.00
2017.03.23 13:46:43.387,12.50158,12.50359,0.00,0.00
2017.03.23 13:46:43.438,12.50168,12.50319,0.00,0.00
2017.03.23 13:46:43.539,12.50069,12.50319,0.00,0.00
2017.03.23 13:46:43.644,12.50098,12.50319,0.00,0.00
2017.03.23 13:46:43.746,12.50048,12.50319,0.00,0.00
2017.03.23 13:46:44.031,12.50068,12.50319,0.00,0.00
2017.03.23 13:46:44.250,12.50099,12.50359,0.00,0.00
2017.03.23 13:46:44.389,12.50129,12.50359,0.00,0.00
2017.03.23 13:46:44.490,12.50118,12.50359,0.00,0.00
2017.03.23 13:46:44.541,12.50108,12.50359,0.00,0.00
2017.03.23 13:46:44.708,12.50089,12.50359,0.00,0.00
2017.03.23 13:46:45.513,12.50128,12.50401,0.00,0.00
2017.03.23 13:46:45.623,12.50159,12.50408,0.00,0.00
2017.03.23 13:46:46.003,12.50148,12.50408,0.00,0.00
2017.03.23 13:46:46.249,12.50168,12.50408,0.00,0.00
2017.03.23 13:46:46.350,12.50129,12.50408,0.00,0.00
2017.03.23 13:46:46.505,12.50148,12.50408,0.00,0.00
2017.03.23 13:46:46.840,12.50139,12.50408,0.00,0.00
2017.03.23 13:46:46.953,12.50149,12.50408,0.00,0.00
2017.03.23 13:46:47.056,12.50129,12.50408,0.00,0.00
2017.03.23 13:46:47.186,12.50128,12.50402,0.00,0.00
2017.03.23 13:46:47.626,12.50128,12.50391,0.00,0.00
2017.03.23 13:46:47.988,12.50131,12.50391,0.00,0.00
2017.03.23 13:46:48.039,12.50131,12.50402,0.00,0.00
2017.03.23 13:46:48.143,12.50169,12.50412,0.00,0.00
2017.03.23 13:46:48.432,12.50138,12.50412,0.00,0.00
2017.03.23 13:46:48.545,12.50131,12.50412,0.00,0.00
2017.03.23 13:46:48.646,12.50139,12.50412,0.00,0.00
2017.03.23 13:46:49.010,12.50159,12.50412,0.00,0.00
2017.03.23 13:46:49.110,12.50131,12.50412,0.00,0.00
2017.03.23 13:46:49.227,12.50139,12.50412,0.00,0.00
2017.03.23 13:46:49.538,12.50178,12.50412,0.00,0.00
2017.03.23 13:46:49.639,12.50169,12.50412,0.00,0.00
2017.03.23 13:46:49.711,12.50131,12.50412,0.00,0.00
2017.03.23 13:46:50.025,12.50131,12.50402,0.00,0.00
2017.03.23 13:46:50.413,12.50168,12.50412,0.00,0.00
2017.03.23 13:46:50.822,12.50231,12.50461,0.00,0.00
2017.03.23 13:46:50.873,12.50231,12.50511,0.00,0.00
2017.03.23 13:46:50.924,12.50269,12.50511,0.00,0.00
2017.03.23 13:46:51.014,12.50258,12.50511,0.00,0.00
2017.03.23 13:46:51.116,12.50269,12.50511,0.00,0.00
2017.03.23 13:46:51.257,12.50238,12.50511,0.00,0.00
2017.03.23 13:46:51.315,12.50268,12.50511,0.00,0.00
2017.03.23 13:46:51.932,12.50231,12.50482,0.00,0.00
2017.03.23 13:46:52.063,12.50231,12.50472,0.00,0.00
2017.03.23 13:46:52.117,12.50231,12.50482,0.00,0.00
2017.03.23 13:46:52.219,12.50238,12.50511,0.00,0.00
2017.03.23 13:46:52.320,12.50229,12.50481,0.00,0.00
2017.03.23 13:46:52.561,12.50229,12.50509,0.00,0.00
2017.03.23 13:46:52.734,12.50229,12.50481,0.00,0.00
2017.03.23 13:46:52.835,12.50238,12.50509,0.00,0.00
2017.03.23 13:46:53.204,12.50248,12.50509,0.00,0.00
2017.03.23 13:46:53.453,12.50229,12.50492,0.00,0.00
2017.03.23 13:46:53.562,12.50229,12.50481,0.00,0.00
2017.03.23 13:46:53.720,12.50229,12.50509,0.00,0.00
2017.03.23 13:46:53.834,12.50238,12.50509,0.00,0.00
2017.03.23 13:46:54.322,12.50248,12.50509,0.00,0.00
2017.03.23 13:46:54.461,12.50229,12.50502,0.00,0.00
2017.03.23 13:46:54.522,12.50239,12.50509,0.00,0.00
2017.03.23 13:46:54.722,12.50229,12.50502,0.00,0.00
2017.03.23 13:46:54.952,12.50229,12.50492,0.00,0.00
2017.03.23 13:46:55.346,12.50229,12.50502,0.00,0.00
2017.03.23 13:46:55.463,12.50238,12.50509,0.00,0.00
2017.03.23 13:46:55.734,12.50229,12.50509,0.00,0.00
2017.03.23 13:46:55.855,12.50248,12.50509,0.00,0.00
2017.03.23 13:46:56.274,12.50229,12.50501,0.00,0.00
2017.03.23 13:46:56.325,12.50248,12.50509,0.00,0.00
2017.03.23 13:46:56.648,12.50288,12.50529,0.00,0.00
2017.03.23 13:46:56.699,12.50288,12.50532,0.00,0.00
2017.03.23 13:46:56.749,12.50339,12.50562,0.00,0.00
2017.03.23 13:46:56.852,12.50339,12.50602,0.00,0.00
2017.03.23 13:46:56.954,12.50318,12.50518,0.00,0.00
2017.03.23 13:46:57.069,12.50249,12.50518,0.00,0.00
2017.03.23 13:46:57.497,12.50238,12.50518,0.00,0.00
2017.03.23 13:46:57.548,12.50238,12.50511,0.00,0.00
2017.03.23 13:46:57.866,12.50258,12.50518,0.00,0.00
2017.03.23 13:46:57.967,12.50238,12.50511,0.00,0.00
2017.03.23 13:46:58.363,12.50238,12.50518,0.00,0.00
2017.03.23 13:46:58.466,12.50238,12.50512,0.00,0.00
2017.03.23 13:46:58.767,12.50238,12.50492,0.00,0.00
2017.03.23 13:46:59.245,12.50221,12.50422,0.00,0.00
2017.03.23 13:46:59.295,12.50208,12.50422,0.00,0.00
2017.03.23 13:46:59.346,12.50189,12.50422,0.00,0.00
2017.03.23 13:46:59.446,12.50189,12.50452,0.00,0.00
2017.03.23 13:46:59.601,12.50182,12.50422,0.00,0.00
2017.03.23 13:46:59.753,12.50248,12.50508,0.00,0.00
2017.03.23 13:46:59.862,12.50259,12.50508,0.00,0.00
2017.03.23 13:47:00.140,12.50241,12.50521,0.00,0.00
2017.03.23 13:47:00.241,12.50258,12.50521,0.00,0.00
2017.03.23 13:47:00.350,12.50248,12.50521,0.00,0.00
2017.03.23 13:47:00.462,12.50241,12.50421,0.00,0.00
2017.03.23 13:47:00.513,12.50219,12.50421,0.00,0.00
2017.03.23 13:47:00.615,12.50198,12.50421,0.00,0.00
2017.03.23 13:47:00.666,12.50151,12.50421,0.00,0.00
2017.03.23 13:47:01.233,12.50141,12.50421,0.00,0.00
2017.03.23 13:47:01.285,12.50168,12.50421,0.00,0.00
2017.03.23 13:47:01.587,12.50092,12.50362,0.00,0.00
2017.03.23 13:47:01.638,12.50131,12.50362,0.00,0.00
2017.03.23 13:47:01.689,12.50131,12.50372,0.00,0.00
2017.03.23 13:47:01.792,12.50139,12.50411,0.00,0.00
2017.03.23 13:47:02.039,12.50149,12.50419,0.00,0.00
2017.03.23 13:47:02.540,12.50139,12.50402,0.00,0.00
2017.03.23 13:47:02.776,12.50139,12.50419,0.00,0.00
2017.03.23 13:47:02.887,12.50139,12.50391,0.00,0.00
2017.03.23 13:47:03.078,12.50139,12.50402,0.00,0.00
2017.03.23 13:47:03.141,12.50139,12.50411,0.00,0.00
2017.03.23 13:47:03.485,12.50139,12.50402,0.00,0.00
2017.03.23 13:47:03.643,12.50148,12.50421,0.00,0.00
2017.03.23 13:47:03.757,12.50178,12.50421,0.00,0.00
2017.03.23 13:47:03.870,12.50169,12.50421,0.00,0.00
2017.03.23 13:47:03.971,12.50142,12.50421,0.00,0.00
2017.03.23 13:47:04.282,12.50148,12.50421,0.00,0.00
2017.03.23 13:47:04.867,12.50142,12.50412,0.00,0.00
2017.03.23 13:47:05.292,12.50158,12.50421,0.00,0.00
2017.03.23 13:47:05.454,12.50142,12.50421,0.00,0.00
2017.03.23 13:47:05.514,12.50188,12.50421,0.00,0.00
2017.03.23 13:47:05.565,12.50192,12.50461,0.00,0.00
2017.03.23 13:47:05.639,12.50192,12.50411,0.00,0.00
2017.03.23 13:47:05.690,12.50188,12.50411,0.00,0.00
2017.03.23 13:47:05.791,12.50178,12.50411,0.00,0.00
2017.03.23 13:47:05.901,12.50151,12.50411,0.00,0.00
2017.03.23 13:47:06.092,12.50178,12.50428,0.00,0.00
2017.03.23 13:47:06.294,12.50152,12.50412,0.00,0.00
2017.03.23 13:47:06.483,12.50178,12.50412,0.00,0.00
2017.03.23 13:47:06.589,12.50159,12.50412,0.00,0.00
2017.03.23 13:47:06.696,12.50152,12.50412,0.00,0.00
2017.03.23 13:47:06.749,12.50152,12.50402,0.00,0.00
2017.03.23 13:47:07.651,12.50152,12.50412,0.00,0.00
2017.03.23 13:47:07.786,12.50159,12.50412,0.00,0.00
2017.03.23 13:47:08.098,12.50238,12.50512,0.00,0.00
2017.03.23 13:47:08.200,12.50249,12.50519,0.00,0.00
2017.03.23 13:47:08.301,12.50239,12.50519,0.00,0.00
2017.03.23 13:47:08.353,12.50238,12.50482,0.00,0.00
2017.03.23 13:47:08.673,12.50152,12.50421,0.00,0.00
2017.03.23 13:47:08.774,12.50142,12.50411,0.00,0.00
2017.03.23 13:47:08.884,12.50142,12.50421,0.00,0.00
2017.03.23 13:47:08.985,12.50168,12.50421,0.00,0.00
2017.03.23 13:47:09.308,12.50179,12.50421,0.00,0.00
2017.03.23 13:47:09.359,12.50189,12.50439,0.00,0.00
2017.03.23 13:47:09.462,12.50168,12.50421,0.00,0.00
2017.03.23 13:47:09.563,12.50231,12.50421,0.00,0.00
2017.03.23 13:47:09.613,12.50238,12.50462,0.00,0.00
2017.03.23 13:47:09.784,12.50259,12.50519,0.00,0.00
2017.03.23 13:47:09.897,12.50249,12.50519,0.00,0.00
2017.03.23 13:47:10.002,12.50258,12.50519,0.00,0.00
2017.03.23 13:47:10.312,12.50238,12.50482,0.00,0.00
2017.03.23 13:47:10.363,12.50238,12.50512,0.00,0.00
2017.03.23 13:47:10.495,12.50239,12.50472,0.00,0.00
2017.03.23 13:47:10.696,12.50151,12.50422,0.00,0.00
2017.03.23 13:47:10.905,12.50168,12.50422,0.00,0.00
2017.03.23 13:47:11.074,12.50151,12.50411,0.00,0.00
2017.03.23 13:47:11.289,12.50158,12.50422,0.00,0.00
2017.03.23 13:47:11.468,12.50151,12.50421,0.00,0.00
2017.03.23 13:47:11.704,12.50151,12.50402,0.00,0.00
2017.03.23 13:47:11.807,12.50151,12.50422,0.00,0.00
2017.03.23 13:47:11.865,12.50151,12.50412,0.00,0.00
2017.03.23 13:47:11.966,12.50151,12.50422,0.00,0.00
2017.03.23 13:47:12.417,12.50231,12.50421,0.00,0.00
2017.03.23 13:47:12.467,12.50231,12.50471,0.00,0.00
2017.03.23 13:47:12.518,12.50239,12.50501,0.00,0.00
2017.03.23 13:47:12.619,12.50239,12.50438,0.00,0.00
2017.03.23 13:47:12.669,12.50231,12.50441,0.00,0.00
2017.03.23 13:47:12.777,12.50238,12.50482,0.00,0.00
2017.03.23 13:47:12.884,12.50239,12.50519,0.00,0.00
2017.03.23 13:47:13.013,12.50248,12.50519,0.00,0.00
2017.03.23 13:47:13.702,12.50238,12.50512,0.00,0.00
2017.03.23 13:47:13.771,12.50248,12.50519,0.00,0.00
2017.03.23 13:47:14.116,12.50238,12.50492,0.00,0.00
2017.03.23 13:47:14.372,12.50238,12.50511,0.00,0.00
2017.03.23 13:47:14.472,12.50238,12.50482,0.00,0.00
2017.03.23 13:47:14.787,12.50238,12.50501,0.00,0.00
2017.03.23 13:47:15.106,12.50238,12.50519,0.00,0.00
2017.03.23 13:47:15.587,12.50238,12.50502,0.00,0.00
2017.03.23 13:47:16.088,12.50238,12.50482,0.00,0.00
2017.03.23 13:47:16.139,12.50198,12.50469,0.00,0.00
2017.03.23 13:47:16.190,12.50218,12.50469,0.00,0.00
2017.03.23 13:47:16.240,12.50239,12.50502,0.00,0.00
2017.03.23 13:47:16.291,12.50239,12.50461,0.00,0.00
2017.03.23 13:47:16.394,12.50239,12.50519,0.00,0.00
2017.03.23 13:47:16.448,12.50238,12.50471,0.00,0.00
2017.03.23 13:47:16.599,12.50189,12.50462,0.00,0.00
2017.03.23 13:47:16.861,12.50182,12.50422,0.00,0.00
2017.03.23 13:47:17.012,12.50228,12.50469,0.00,0.00
2017.03.23 13:47:17.113,12.50209,12.50429,0.00,0.00
2017.03.23 13:47:17.213,12.50198,12.50421,0.00,0.00
2017.03.23 13:47:17.314,12.50149,12.50421,0.00,0.00
2017.03.23 13:47:17.415,12.50168,12.50421,0.00,0.00
2017.03.23 13:47:17.480,12.50149,12.50421,0.00,0.00
2017.03.23 13:47:17.591,12.50141,12.50412,0.00,0.00
2017.03.23 13:47:17.780,12.50141,12.50421,0.00,0.00
2017.03.23 13:47:17.881,12.50168,12.50421,0.00,0.00
2017.03.23 13:47:18.009,12.50141,12.50402,0.00,0.00
2017.03.23 13:47:18.120,12.50109,12.50321,0.00,0.00
2017.03.23 13:47:18.221,12.50092,12.50321,0.00,0.00
2017.03.23 13:47:18.499,12.50058,12.50321,0.00,0.00
2017.03.23 13:47:18.683,12.50041,12.50311,0.00,0.00
2017.03.23 13:47:19.285,12.50059,12.50321,0.00,0.00
2017.03.23 13:47:19.616,12.50041,12.50321,0.00,0.00
2017.03.23 13:47:19.785,12.50048,12.50321,0.00,0.00
2017.03.23 13:47:20.199,12.50041,12.50311,0.00,0.00
2017.03.23 13:47:20.505,12.50048,12.50321,0.00,0.00
2017.03.23 13:47:20.556,12.50048,12.50272,0.00,0.00
2017.03.23 13:47:20.607,12.50039,12.50292,0.00,0.00
2017.03.23 13:47:20.714,12.50038,12.50269,0.00,0.00
2017.03.23 13:47:20.815,12.49991,12.50261,0.00,0.00
2017.03.23 13:47:20.916,12.49988,12.50221,0.00,0.00
2017.03.23 13:47:21.017,12.49958,12.50221,0.00,0.00
2017.03.23 13:47:21.128,12.49952,12.50221,0.00,0.00
2017.03.23 13:47:21.232,12.49952,12.50212,0.00,0.00
2017.03.23 13:47:21.639,12.49942,12.50221,0.00,0.00
2017.03.23 13:47:21.690,12.49942,12.50211,0.00,0.00
2017.03.23 13:47:22.022,12.49968,12.50221,0.00,0.00
2017.03.23 13:47:22.138,12.49948,12.50221,0.00,0.00
2017.03.23 13:47:22.191,12.49942,12.50221,0.00,0.00
2017.03.23 13:47:22.406,12.49942,12.50211,0.00,0.00
2017.03.23 13:47:22.630,12.49939,12.50211,0.00,0.00
2017.03.23 13:47:22.994,12.49948,12.50219,0.00,0.00
2017.03.23 13:47:23.510,12.49939,12.50219,0.00,0.00
2017.03.23 13:47:23.619,12.49968,12.50219,0.00,0.00
2017.03.23 13:47:23.998,12.49939,12.50219,0.00,0.00
2017.03.23 13:47:24.246,12.49969,12.50219,0.00,0.00
2017.03.23 13:47:24.499,12.49948,12.50219,0.00,0.00
2017.03.23 13:47:24.600,12.49939,12.50219,0.00,0.00
2017.03.23 13:47:25.045,12.49969,12.50219,0.00,0.00
2017.03.23 13:47:25.101,12.49939,12.50219,0.00,0.00
2017.03.23 13:47:25.302,12.49978,12.50219,0.00,0.00
2017.03.23 13:47:25.660,12.49999,12.50219,0.00,0.00
2017.03.23 13:47:25.904,12.49979,12.50219,0.00,0.00
2017.03.23 13:47:26.009,12.49999,12.50219,0.00,0.00
2017.03.23 13:47:26.243,12.49968,12.50219,0.00,0.00
2017.03.23 13:47:26.305,12.49948,12.50219,0.00,0.00
2017.03.23 13:47:26.406,12.49958,12.50219,0.00,0.00
2017.03.23 13:47:26.525,12.49948,12.50219,0.00,0.00
2017.03.23 13:47:26.643,12.49999,12.50219,0.00,0.00
2017.03.23 13:47:26.808,12.49969,12.50219,0.00,0.00
2017.03.23 13:47:26.907,12.49948,12.50219,0.00,0.00
2017.03.23 13:47:27.209,12.49989,12.50219,0.00,0.00
2017.03.23 13:47:27.310,12.49968,12.50219,0.00,0.00
2017.03.23 13:47:27.410,12.49948,12.50219,0.00,0.00
2017.03.23 13:47:27.514,12.49958,12.50122,0.00,0.00
2017.03.23 13:47:27.614,12.49938,12.50122,0.00,0.00
2017.03.23 13:47:27.715,12.49889,12.50122,0.00,0.00
2017.03.23 13:47:27.809,12.49868,12.50122,0.00,0.00
2017.03.23 13:47:27.919,12.49858,12.50122,0.00,0.00
2017.03.23 13:47:28.023,12.49908,12.50122,0.00,0.00
2017.03.23 13:47:28.210,12.49888,12.50122,0.00,0.00
2017.03.23 13:47:28.369,12.49878,12.50122,0.00,0.00
2017.03.23 13:47:28.420,12.49858,12.50122,0.00,0.00
2017.03.23 13:47:28.511,12.49878,12.50122,0.00,0.00
2017.03.23 13:47:28.813,12.49868,12.50122,0.00,0.00
2017.03.23 13:47:28.917,12.49859,12.50122,0.00,0.00
2017.03.23 13:47:29.549,12.49869,12.50122,0.00,0.00
2017.03.23 13:47:29.733,12.49848,12.50122,0.00,0.00
2017.03.23 13:47:29.989,12.49848,12.50118,0.00,0.00
2017.03.23 13:47:30.292,12.49838,12.50102,0.00,0.00
2017.03.23 13:47:30.342,12.49838,12.50111,0.00,0.00
2017.03.23 13:47:30.455,12.49858,12.50118,0.00,0.00
2017.03.23 13:47:30.722,12.49839,12.50118,0.00,0.00
2017.03.23 13:47:30.827,12.49878,12.50118,0.00,0.00
2017.03.23 13:47:30.919,12.49838,12.50118,0.00,0.00
2017.03.23 13:47:31.120,12.49869,12.50118,0.00,0.00
2017.03.23 13:47:31.433,12.49879,12.50118,0.00,0.00
2017.03.23 13:47:31.521,12.49858,12.50118,0.00,0.00
2017.03.23 13:47:31.733,12.49849,12.50118,0.00,0.00
2017.03.23 13:47:31.868,12.49889,12.50118,0.00,0.00
2017.03.23 13:47:32.047,12.49869,12.50118,0.00,0.00
2017.03.23 13:47:32.167,12.49839,12.50118,0.00,0.00
2017.03.23 13:47:32.223,12.49878,12.50118,0.00,0.00
2017.03.23 13:47:32.484,12.49859,12.50118,0.00,0.00
2017.03.23 13:47:32.535,12.49931,12.50141,0.00,0.00
2017.03.23 13:47:32.838,12.50039,12.50249,0.00,0.00
2017.03.23 13:47:33.090,12.50039,12.50309,0.00,0.00
2017.03.23 13:47:33.214,12.50028,12.50268,0.00,0.00
2017.03.23 13:47:33.406,12.50019,12.50268,0.00,0.00
2017.03.23 13:47:33.457,12.49988,12.50252,0.00,0.00
2017.03.23 13:47:33.512,12.49982,12.50221,0.00,0.00
2017.03.23 13:47:33.764,12.50039,12.50309,0.00,0.00
2017.03.23 13:47:33.930,12.50049,12.50309,0.00,0.00
2017.03.23 13:47:34.368,12.50058,12.50309,0.00,0.00
2017.03.23 13:47:34.696,12.50088,12.50342,0.00,0.00
2017.03.23 13:47:34.747,12.50131,12.50372,0.00,0.00
2017.03.23 13:47:34.798,12.50131,12.50381,0.00,0.00
2017.03.23 13:47:34.899,12.50129,12.50368,0.00,0.00
2017.03.23 13:47:34.950,12.50119,12.50361,0.00,0.00
2017.03.23 13:47:35.000,12.50121,12.50361,0.00,0.00
2017.03.23 13:47:35.051,12.50129,12.50382,0.00,0.00
2017.03.23 13:47:35.152,12.50129,12.50371,0.00,0.00
2017.03.23 13:47:35.202,12.50089,12.50361,0.00,0.00
2017.03.23 13:47:35.253,12.50128,12.50361,0.00,0.00
2017.03.23 13:47:35.454,12.50129,12.50402,0.00,0.00
2017.03.23 13:47:35.505,12.50131,12.50402,0.00,0.00
2017.03.23 13:47:35.556,12.50138,12.50411,0.00,0.00
2017.03.23 13:47:35.789,12.50158,12.50411,0.00,0.00
2017.03.23 13:47:36.042,12.50181,12.50442,0.00,0.00
2017.03.23 13:47:36.143,12.50181,12.50412,0.00,0.00
2017.03.23 13:47:36.271,12.50181,12.50451,0.00,0.00
2017.03.23 13:47:36.338,12.50181,12.50422,0.00,0.00
2017.03.23 13:47:36.538,12.50141,12.50411,0.00,0.00
2017.03.23 13:47:36.752,12.50141,12.50401,0.00,0.00
2017.03.23 13:47:37.069,12.50141,12.50381,0.00,0.00
2017.03.23 13:47:37.342,12.50141,12.50411,0.00,0.00
2017.03.23 13:47:37.452,12.50141,12.50381,0.00,0.00
2017.03.23 13:47:37.553,12.50089,12.50362,0.00,0.00
2017.03.23 13:47:37.653,12.50081,12.50311,0.00,0.00
2017.03.23 13:47:37.855,12.50129,12.50392,0.00,0.00
2017.03.23 13:47:37.965,12.50129,12.50382,0.00,0.00
2017.03.23 13:47:38.150,12.50129,12.50402,0.00,0.00
2017.03.23 13:47:38.271,12.50129,12.50408,0.00,0.00
2017.03.23 13:47:38.375,12.50138,12.50408,0.00,0.00
2017.03.23 13:47:38.859,12.50149,12.50408,0.00,0.00
2017.03.23 13:47:38.945,12.50139,12.50408,0.00,0.00
2017.03.23 13:47:39.110,12.50139,12.50411,0.00,0.00
2017.03.23 13:47:39.160,12.50158,12.50411,0.00,0.00
2017.03.23 13:47:39.274,12.50138,12.50411,0.00,0.00
2017.03.23 13:47:39.386,12.50131,12.50392,0.00,0.00
2017.03.23 13:47:39.547,12.50138,12.50411,0.00,0.00
2017.03.23 13:47:39.847,12.50131,12.50391,0.00,0.00
2017.03.23 13:47:39.956,12.50131,12.50402,0.00,0.00
2017.03.23 13:47:40.048,12.50131,12.50392,0.00,0.00
2017.03.23 13:47:40.292,12.50138,12.50411,0.00,0.00
2017.03.23 13:47:40.349,12.50148,12.50411,0.00,0.00
2017.03.23 13:47:40.450,12.50139,12.50411,0.00,0.00
2017.03.23 13:47:40.849,12.50139,12.50329,0.00,0.00
2017.03.23 13:47:40.966,12.50119,12.50311,0.00,0.00
2017.03.23 13:47:41.068,12.50051,12.50301,0.00,0.00
2017.03.23 13:47:41.251,12.50058,12.50311,0.00,0.00
2017.03.23 13:47:41.395,12.50051,12.50301,0.00,0.00
2017.03.23 13:47:41.451,12.50051,12.50311,0.00,0.00
2017.03.23 13:47:41.661,12.50079,12.50311,0.00,0.00
2017.03.23 13:47:41.770,12.50051,12.50292,0.00,0.00
2017.03.23 13:47:41.900,12.50031,12.50311,0.00,0.00
2017.03.23 13:47:42.001,12.50059,12.50311,0.00,0.00
2017.03.23 13:47:42.053,12.50031,12.50302,0.00,0.00
2017.03.23 13:47:42.163,12.50048,12.50311,0.00,0.00
2017.03.23 13:47:42.513,12.50121,12.50332,0.00,0.00
2017.03.23 13:47:42.614,12.50071,12.50311,0.00,0.00
2017.03.23 13:47:42.664,12.50088,12.50311,0.00,0.00
2017.03.23 13:47:42.855,12.50071,12.50311,0.00,0.00
2017.03.23 13:47:42.955,12.50071,12.50302,0.00,0.00
2017.03.23 13:47:43.155,12.50071,12.50311,0.00,0.00
2017.03.23 13:47:43.279,12.50071,12.50302,0.00,0.00
2017.03.23 13:47:43.408,12.50042,12.50302,0.00,0.00
2017.03.23 13:47:43.463,12.50042,12.50311,0.00,0.00
2017.03.23 13:47:43.583,12.50049,12.50311,0.00,0.00
2017.03.23 13:47:43.684,12.50031,12.50302,0.00,0.00
2017.03.23 13:47:43.735,12.50018,12.50229,0.00,0.00
2017.03.23 13:47:43.785,12.50009,12.50229,0.00,0.00
2017.03.23 13:47:43.836,12.50009,12.50221,0.00,0.00
2017.03.23 13:47:43.886,12.49972,12.50221,0.00,0.00
2017.03.23 13:47:44.106,12.49972,12.50212,0.00,0.00
2017.03.23 13:47:44.157,12.49939,12.50208,0.00,0.00
2017.03.23 13:47:44.207,12.49939,12.50201,0.00,0.00
2017.03.23 13:47:44.528,12.50028,12.50271,0.00,0.00
2017.03.23 13:47:44.792,12.50039,12.50289,0.00,0.00
2017.03.23 13:47:44.893,12.50039,12.50291,0.00,0.00
2017.03.23 13:47:45.081,12.50049,12.50309,0.00,0.00
2017.03.23 13:47:45.182,12.50058,12.50309,0.00,0.00
2017.03.23 13:47:45.461,12.50048,12.50309,0.00,0.00
2017.03.23 13:47:45.575,12.50039,12.50301,0.00,0.00
2017.03.23 13:47:45.689,12.50039,12.50309,0.00,0.00
2017.03.23 13:47:45.801,12.50058,12.50309,0.00,0.00
2017.03.23 13:47:45.965,12.50039,12.50292,0.00,0.00
2017.03.23 13:47:46.110,12.50039,12.50309,0.00,0.00
2017.03.23 13:47:46.162,12.50048,12.50309,0.00,0.00
2017.03.23 13:47:46.262,12.50039,12.50301,0.00,0.00
2017.03.23 13:47:46.363,12.50039,12.50309,0.00,0.00
2017.03.23 13:47:47.267,12.50039,12.50292,0.00,0.00
2017.03.23 13:47:47.475,12.50048,12.50309,0.00,0.00
2017.03.23 13:47:47.566,12.50039,12.50309,0.00,0.00
2017.03.23 13:47:47.867,12.50059,12.50309,0.00,0.00
2017.03.23 13:47:48.112,12.50039,12.50301,0.00,0.00
2017.03.23 13:47:48.169,12.50079,12.50309,0.00,0.00
2017.03.23 13:47:48.296,12.50068,12.50309,0.00,0.00
2017.03.23 13:47:48.368,12.50078,12.50309,0.00,0.00
2017.03.23 13:47:48.493,12.50048,12.50309,0.00,0.00
2017.03.23 13:47:48.612,12.50078,12.50309,0.00,0.00
2017.03.23 13:47:48.947,12.50121,12.50332,0.00,0.00
2017.03.23 13:47:48.997,12.50138,12.50361,0.00,0.00
2017.03.23 13:47:49.144,12.50138,12.50409,0.00,0.00
2017.03.23 13:47:49.195,12.50138,12.50402,0.00,0.00
2017.03.23 13:47:49.472,12.50138,12.50409,0.00,0.00
2017.03.23 13:47:50.053,12.50188,12.50409,0.00,0.00
2017.03.23 13:47:50.357,12.50222,12.50471,0.00,0.00
2017.03.23 13:47:50.407,12.50219,12.50419,0.00,0.00
2017.03.23 13:47:50.520,12.50141,12.50419,0.00,0.00
2017.03.23 13:47:50.576,12.50141,12.50412,0.00,0.00
2017.03.23 13:47:50.898,12.50139,12.50402,0.00,0.00
2017.03.23 13:47:51.210,12.50159,12.50408,0.00,0.00
2017.03.23 13:47:51.579,12.50148,12.50408,0.00,0.00
2017.03.23 13:47:51.922,12.50168,12.50408,0.00,0.00
2017.03.23 13:47:52.326,12.50188,12.50419,0.00,0.00
2017.03.23 13:47:52.431,12.50148,12.50419,0.00,0.00
2017.03.23 13:47:52.482,12.50168,12.50419,0.00,0.00
2017.03.23 13:47:52.587,12.50141,12.50412,0.00,0.00
2017.03.23 13:47:53.183,12.50158,12.50419,0.00,0.00
2017.03.23 13:47:53.625,12.50169,12.50419,0.00,0.00
2017.03.23 13:47:53.676,12.50188,12.50451,0.00,0.00
2017.03.23 13:47:53.726,12.50188,12.50411,0.00,0.00
2017.03.23 13:47:53.827,12.50188,12.50451,0.00,0.00
2017.03.23 13:47:53.884,12.50188,12.50462,0.00,0.00
2017.03.23 13:47:54.189,12.50178,12.50419,0.00,0.00
2017.03.23 13:47:54.365,12.50141,12.50419,0.00,0.00
2017.03.23 13:47:54.416,12.50141,12.50412,0.00,0.00
2017.03.23 13:47:54.719,12.50141,12.50419,0.00,0.00
2017.03.23 13:47:54.820,12.50141,12.50411,0.00,0.00
2017.03.23 13:47:54.986,12.50141,12.50419,0.00,0.00
2017.03.23 13:47:55.121,12.50141,12.50402,0.00,0.00
2017.03.23 13:47:55.718,12.50148,12.50409,0.00,0.00
2017.03.23 13:47:56.060,12.50138,12.50381,0.00,0.00
2017.03.23 13:47:56.324,12.50042,12.50321,0.00,0.00
2017.03.23 13:47:56.431,12.50042,12.50312,0.00,0.00
2017.03.23 13:47:56.773,12.50042,12.50302,0.00,0.00
2017.03.23 13:47:56.951,12.50042,12.50321,0.00,0.00
2017.03.23 13:47:57.002,12.50058,12.50321,0.00,0.00
2017.03.23 13:47:57.291,12.50042,12.50312,0.00,0.00
2017.03.23 13:47:57.431,12.50068,12.50321,0.00,0.00
2017.03.23 13:47:57.693,12.50139,12.50402,0.00,0.00
2017.03.23 13:47:58.193,12.50139,12.50391,0.00,0.00
2017.03.23 13:47:58.594,12.50139,12.50409,0.00,0.00
2017.03.23 13:47:58.802,12.50128,12.50369,0.00,0.00
2017.03.23 13:47:58.903,12.50088,12.50369,0.00,0.00
2017.03.23 13:47:59.006,12.50058,12.50322,0.00,0.00
2017.03.23 13:47:59.107,12.50048,12.50322,0.00,0.00
2017.03.23 13:47:59.195,12.50041,12.50322,0.00,0.00
2017.03.23 13:47:59.411,12.50041,12.50311,0.00,0.00
2017.03.23 13:47:59.551,12.50038,12.50311,0.00,0.00
2017.03.23 13:47:59.602,12.50038,12.50302,0.00,0.00
2017.03.23 13:47:59.929,12.50038,12.50291,0.00,0.00
2017.03.23 13:48:00.038,12.50038,12.50319,0.00,0.00
2017.03.23 13:48:00.146,12.50038,12.50282,0.00,0.00
2017.03.23 13:48:00.341,12.50038,12.50291,0.00,0.00
2017.03.23 13:48:00.504,12.49999,12.50229,0.00,0.00
2017.03.23 13:48:00.724,12.49948,12.50222,0.00,0.00
2017.03.23 13:48:00.849,12.49948,12.50219,0.00,0.00
2017.03.23 13:48:00.900,12.49939,12.50219,0.00,0.00
2017.03.23 13:48:01.017,12.49938,12.50211,0.00,0.00
2017.03.23 13:48:01.335,12.49848,12.50122,0.00,0.00
2017.03.23 13:48:01.506,12.49858,12.50122,0.00,0.00
2017.03.23 13:48:01.628,12.49889,12.50168,0.00,0.00
2017.03.23 13:48:01.679,12.49889,12.50129,0.00,0.00
2017.03.23 13:48:01.730,12.49878,12.50121,0.00,0.00
2017.03.23 13:48:01.832,12.49888,12.50121,0.00,0.00
2017.03.23 13:48:01.902,12.49848,12.50121,0.00,0.00
2017.03.23 13:48:02.151,12.49878,12.50121,0.00,0.00
2017.03.23 13:48:02.303,12.49859,12.50121,0.00,0.00
2017.03.23 13:48:02.424,12.49849,12.50121,0.00,0.00
2017.03.23 13:48:02.545,12.49858,12.50121,0.00,0.00
2017.03.23 13:48:02.751,12.49848,12.50121,0.00,0.00
2017.03.23 13:48:03.104,12.49859,12.50121,0.00,0.00
2017.03.23 13:48:03.305,12.49849,12.50121,0.00,0.00
2017.03.23 13:48:03.481,12.49858,12.50121,0.00,0.00
2017.03.23 13:48:03.646,12.49849,12.50121,0.00,0.00
2017.03.23 13:48:03.831,12.49858,12.50121,0.00,0.00
2017.03.23 13:48:04.535,12.49848,12.50121,0.00,0.00
2017.03.23 13:48:04.610,12.49839,12.50121,0.00,0.00
2017.03.23 13:48:04.951,12.49878,12.50121,0.00,0.00
2017.03.23 13:48:05.010,12.49869,12.50121,0.00,0.00
2017.03.23 13:48:05.111,12.49859,12.50121,0.00,0.00
2017.03.23 13:48:05.350,12.49839,12.50111,0.00,0.00
2017.03.23 13:48:05.530,12.49839,12.50102,0.00,0.00
2017.03.23 13:48:06.026,12.49828,12.50072,0.00,0.00
2017.03.23 13:48:06.317,12.49838,12.50112,0.00,0.00
2017.03.23 13:48:06.417,12.49848,12.50122,0.00,0.00
2017.03.23 13:48:06.780,12.49838,12.50101,0.00,0.00
2017.03.23 13:48:06.831,12.49838,12.50111,0.00,0.00
2017.03.23 13:48:06.881,12.49891,12.50111,0.00,0.00
2017.03.23 13:48:06.932,12.49891,12.50162,0.00,0.00
2017.03.23 13:48:06.983,12.49939,12.50162,0.00,0.00
2017.03.23 13:48:07.033,12.49939,12.50211,0.00,0.00
2017.03.23 13:48:07.134,12.49939,12.50221,0.00,0.00
2017.03.23 13:48:07.245,12.49948,12.50221,0.00,0.00
2017.03.23 13:48:07.624,12.49938,12.50211,0.00,0.00
2017.03.23 13:48:07.963,12.49949,12.50222,0.00,0.00
2017.03.23 13:48:08.524,12.49938,12.50212,0.00,0.00
2017.03.23 13:48:08.740,12.49938,12.50191,0.00,0.00
2017.03.23 13:48:09.062,12.49938,12.50212,0.00,0.00
2017.03.23 13:48:09.165,12.49948,12.50222,0.00,0.00
2017.03.23 13:48:09.665,12.49938,12.50211,0.00,0.00
2017.03.23 13:48:09.967,12.49938,12.50191,0.00,0.00
2017.03.23 13:48:10.140,12.49938,12.50202,0.00,0.00
2017.03.23 13:48:10.230,12.49938,12.50222,0.00,0.00
2017.03.23 13:48:10.336,12.49949,12.50222,0.00,0.00
2017.03.23 13:48:10.764,12.49938,12.50222,0.00,0.00
2017.03.23 13:48:10.949,12.49938,12.50202,0.00,0.00
2017.03.23 13:48:11.050,12.49949,12.50222,0.00,0.00
2017.03.23 13:48:11.133,12.49968,12.50222,0.00,0.00
2017.03.23 13:48:11.338,12.49991,12.50262,0.00,0.00
2017.03.23 13:48:11.445,12.49991,12.50231,0.00,0.00
2017.03.23 13:48:11.546,12.50038,12.50301,0.00,0.00
2017.03.23 13:48:11.735,12.50038,12.50292,0.00,0.00
2017.03.23 13:48:11.935,12.50038,12.50312,0.00,0.00
2017.03.23 13:48:12.095,12.50039,12.50321,0.00,0.00
2017.03.23 13:48:12.170,12.50088,12.50331,0.00,0.00
2017.03.23 13:48:12.271,12.50089,12.50341,0.00,0.00
2017.03.23 13:48:12.372,12.50089,12.50362,0.00,0.00
2017.03.23 13:48:12.478,12.50088,12.50321,0.00,0.00
2017.03.23 13:48:12.579,12.50039,12.50321,0.00,0.00
2017.03.23 13:48:12.680,12.50039,12.50301,0.00,0.00
2017.03.23 13:48:13.058,12.50039,12.50282,0.00,0.00
2017.03.23 13:48:13.141,12.50039,12.50291,0.00,0.00
2017.03.23 13:48:13.684,12.50039,12.50311,0.00,0.00
2017.03.23 13:48:13.843,12.50039,12.50292,0.00,0.00
2017.03.23 13:48:13.943,12.50039,12.50311,0.00,0.00
2017.03.23 13:48:14.251,12.50048,12.50321,0.00,0.00
2017.03.23 13:48:14.352,12.50039,12.50282,0.00,0.00
2017.03.23 13:48:14.451,12.50039,12.50291,0.00,0.00
2017.03.23 13:48:14.586,12.50039,12.50272,0.00,0.00
2017.03.23 13:48:14.637,12.49989,12.50259,0.00,0.00
2017.03.23 13:48:14.745,12.49988,12.50222,0.00,0.00
2017.03.23 13:48:14.796,12.49979,12.50222,0.00,0.00
2017.03.23 13:48:14.847,12.49938,12.50212,0.00,0.00
2017.03.23 13:48:15.148,12.49938,12.50222,0.00,0.00
2017.03.23 13:48:15.271,12.49949,12.50222,0.00,0.00
2017.03.23 13:48:15.499,12.49938,12.50212,0.00,0.00
2017.03.23 13:48:15.549,12.49968,12.50222,0.00,0.00
2017.03.23 13:48:15.733,12.49992,12.50252,0.00,0.00
2017.03.23 13:48:15.835,12.50039,12.50252,0.00,0.00
2017.03.23 13:48:15.994,12.50039,12.50312,0.00,0.00
2017.03.23 13:48:16.151,12.50039,12.50302,0.00,0.00
2017.03.23 13:48:16.366,12.50039,12.50312,0.00,0.00
2017.03.23 13:48:16.695,12.50039,12.50282,0.00,0.00
2017.03.23 13:48:16.752,12.50039,12.50291,0.00,0.00
2017.03.23 13:48:16.875,12.50039,12.50281,0.00,0.00
2017.03.23 13:48:17.053,12.50039,12.50321,0.00,0.00
2017.03.23 13:48:17.154,12.50039,12.50291,0.00,0.00
2017.03.23 13:48:17.370,12.50039,12.50311,0.00,0.00
2017.03.23 13:48:17.455,12.50039,12.50272,0.00,0.00
2017.03.23 13:48:17.567,12.50039,12.50311,0.00,0.00
2017.03.23 13:48:17.856,12.50039,12.50302,0.00,0.00
2017.03.23 13:48:18.172,12.50039,12.50282,0.00,0.00
2017.03.23 13:48:18.491,12.50039,12.50291,0.00,0.00
2017.03.23 13:48:18.602,12.50039,12.50302,0.00,0.00
2017.03.23 13:48:18.659,12.50039,12.50321,0.00,0.00
2017.03.23 13:48:19.386,12.50088,12.50321,0.00,0.00
2017.03.23 13:48:19.588,12.50088,12.50342,0.00,0.00
2017.03.23 13:48:19.865,12.50139,12.50342,0.00,0.00
2017.03.23 13:48:20.084,12.50139,12.50412,0.00,0.00
2017.03.23 13:48:20.203,12.50139,12.50421,0.00,0.00
2017.03.23 13:48:20.868,12.50139,12.50381,0.00,0.00
2017.03.23 13:48:20.969,12.50139,12.50421,0.00,0.00
2017.03.23 13:48:21.101,12.50139,12.50371,0.00,0.00
2017.03.23 13:48:21.168,12.50139,12.50381,0.00,0.00
2017.03.23 13:48:21.473,12.50139,12.50391,0.00,0.00
2017.03.23 13:48:21.605,12.50139,12.50372,0.00,0.00
2017.03.23 13:48:21.886,12.50089,12.50362,0.00,0.00
2017.03.23 13:48:21.988,12.50089,12.50331,0.00,0.00
2017.03.23 13:48:22.297,12.50138,12.50322,0.00,0.00
2017.03.23 13:48:22.420,12.50138,12.50392,0.00,0.00
2017.03.23 13:48:22.474,12.50138,12.50412,0.00,0.00
2017.03.23 13:48:22.809,12.50138,12.50392,0.00,0.00
2017.03.23 13:48:22.921,12.50138,12.50411,0.00,0.00
2017.03.23 13:48:23.186,12.50129,12.50372,0.00,0.00
2017.03.23 13:48:23.286,12.50118,12.50372,0.00,0.00
2017.03.23 13:48:23.387,12.50089,12.50371,0.00,0.00
2017.03.23 13:48:23.488,12.50089,12.50332,0.00,0.00
2017.03.23 13:48:23.866,12.50089,12.50322,0.00,0.00
2017.03.23 13:48:24.126,12.50138,12.50391,0.00,0.00
2017.03.23 13:48:24.227,12.50138,12.50411,0.00,0.00
2017.03.23 13:48:24.394,12.50139,12.50421,0.00,0.00
2017.03.23 13:48:24.617,12.50138,12.50402,0.00,0.00
2017.03.23 13:48:25.084,12.50138,12.50372,0.00,0.00
2017.03.23 13:48:25.199,12.50138,12.50391,0.00,0.00
2017.03.23 13:48:25.312,12.50138,12.50372,0.00,0.00
2017.03.23 13:48:25.416,12.50138,12.50411,0.00,0.00
2017.03.23 13:48:25.526,12.50138,12.50422,0.00,0.00
2017.03.23 13:48:25.714,12.50148,12.50422,0.00,0.00
2017.03.23 13:48:26.039,12.50188,12.50432,0.00,0.00
2017.03.23 13:48:26.289,12.50238,12.50502,0.00,0.00
2017.03.23 13:48:26.409,12.50238,12.50512,0.00,0.00
2017.03.23 13:48:26.826,12.50338,12.50511,0.00,0.00
2017.03.23 13:48:26.927,12.50338,12.50531,0.00,0.00
2017.03.23 13:48:27.028,12.50338,12.50591,0.00,0.00
2017.03.23 13:48:27.131,12.50338,12.50602,0.00,0.00
2017.03.23 13:48:27.232,12.50338,12.50572,0.00,0.00
2017.03.23 13:48:27.292,12.50338,12.50602,0.00,0.00
2017.03.23 13:48:27.396,12.50338,12.50611,0.00,0.00
2017.03.23 13:48:27.614,12.50338,12.50601,0.00,0.00
2017.03.23 13:48:27.834,12.50338,12.50612,0.00,0.00
2017.03.23 13:48:27.994,12.50338,12.50582,0.00,0.00
2017.03.23 13:48:28.094,12.50338,12.50602,0.00,0.00
2017.03.23 13:48:28.208,12.50338,12.50622,0.00,0.00
2017.03.23 13:48:28.596,12.50338,12.50602,0.00,0.00
2017.03.23 13:48:28.796,12.50338,12.50622,0.00,0.00
2017.03.23 13:48:28.897,12.50338,12.50582,0.00,0.00
2017.03.23 13:48:29.067,12.50338,12.50592,0.00,0.00
2017.03.23 13:48:29.118,12.50338,12.50581,0.00,0.00
2017.03.23 13:48:29.453,12.50338,12.50542,0.00,0.00
2017.03.23 13:48:29.503,12.50338,12.50602,0.00,0.00
2017.03.23 13:48:29.613,12.50339,12.50621,0.00,0.00
2017.03.23 13:48:29.664,12.50339,12.50572,0.00,0.00
2017.03.23 13:48:29.765,12.50348,12.50621,0.00,0.00
2017.03.23 13:48:29.815,12.50339,12.50571,0.00,0.00
2017.03.23 13:48:29.973,12.50312,12.50552,0.00,0.00
2017.03.23 13:48:30.024,12.50278,12.50552,0.00,0.00
2017.03.23 13:48:30.149,12.50298,12.50562,0.00,0.00
2017.03.23 13:48:30.250,12.50278,12.50551,0.00,0.00
2017.03.23 13:48:30.301,12.50278,12.50521,0.00,0.00
2017.03.23 13:48:30.444,12.50278,12.50552,0.00,0.00
2017.03.23 13:48:30.495,12.50328,12.50552,0.00,0.00
2017.03.23 13:48:30.596,12.50278,12.50541,0.00,0.00
2017.03.23 13:48:30.698,12.50278,12.50552,0.00,0.00
2017.03.23 13:48:30.761,12.50298,12.50562,0.00,0.00
2017.03.23 13:48:31.001,12.50278,12.50552,0.00,0.00
2017.03.23 13:48:31.238,12.50328,12.50552,0.00,0.00
2017.03.23 13:48:31.426,12.50328,12.50581,0.00,0.00
2017.03.23 13:48:31.527,12.50328,12.50601,0.00,0.00
2017.03.23 13:48:31.630,12.50319,12.50562,0.00,0.00
2017.03.23 13:48:31.980,12.50308,12.50512,0.00,0.00
2017.03.23 13:48:32.036,12.50239,12.50512,0.00,0.00
2017.03.23 13:48:32.139,12.50228,12.50502,0.00,0.00
2017.03.23 13:48:32.250,12.50228,12.50491,0.00,0.00
2017.03.23 13:48:32.505,12.50239,12.50512,0.00,0.00
2017.03.23 13:48:32.678,12.50228,12.50502,0.00,0.00
2017.03.23 13:48:32.792,12.50311,12.50502,0.00,0.00
2017.03.23 13:48:32.843,12.50311,12.50531,0.00,0.00
2017.03.23 13:48:32.894,12.50328,12.50531,0.00,0.00
2017.03.23 13:48:32.944,12.50328,12.50542,0.00,0.00
2017.03.23 13:48:33.006,12.50328,12.50602,0.00,0.00
2017.03.23 13:48:33.248,12.50328,12.50572,0.00,0.00
2017.03.23 13:48:33.307,12.50328,12.50602,0.00,0.00
2017.03.23 13:48:33.712,12.50328,12.50592,0.00,0.00
2017.03.23 13:48:33.826,12.50328,12.50601,0.00,0.00
2017.03.23 13:48:34.027,12.50328,12.50571,0.00,0.00
2017.03.23 13:48:34.251,12.50328,12.50581,0.00,0.00
2017.03.23 13:48:34.352,12.50328,12.50532,0.00,0.00
2017.03.23 13:48:34.726,12.50328,12.50542,0.00,0.00
2017.03.23 13:48:34.827,12.50328,12.50561,0.00,0.00
2017.03.23 13:48:34.929,12.50328,12.50602,0.00,0.00
2017.03.23 13:48:35.213,12.50328,12.50571,0.00,0.00
2017.03.23 13:48:35.346,12.50328,12.50612,0.00,0.00
2017.03.23 13:48:35.458,12.50328,12.50572,0.00,0.00
2017.03.23 13:48:36.159,12.50328,12.50601,0.00,0.00
2017.03.23 13:48:36.216,12.50328,12.50612,0.00,0.00
2017.03.23 13:48:36.323,12.50339,12.50612,0.00,0.00
2017.03.23 13:48:36.647,12.50328,12.50551,0.00,0.00
2017.03.23 13:48:36.882,12.50311,12.50592,0.00,0.00
2017.03.23 13:48:36.955,12.50311,12.50562,0.00,0.00
2017.03.23 13:48:37.087,12.50279,12.50561,0.00,0.00
2017.03.23 13:48:37.138,12.50288,12.50561,0.00,0.00
2017.03.23 13:48:37.239,12.50228,12.50512,0.00,0.00
2017.03.23 13:48:37.555,12.50248,12.50512,0.00,0.00
2017.03.23 13:48:37.870,12.50228,12.50491,0.00,0.00
2017.03.23 13:48:38.076,12.50248,12.50512,0.00,0.00
2017.03.23 13:48:38.227,12.50259,12.50512,0.00,0.00
2017.03.23 13:48:38.347,12.50238,12.50512,0.00,0.00
2017.03.23 13:48:38.425,12.50228,12.50492,0.00,0.00
2017.03.23 13:48:38.654,12.50228,12.50502,0.00,0.00
2017.03.23 13:48:38.704,12.50278,12.50502,0.00,0.00
2017.03.23 13:48:38.957,12.50329,12.50582,0.00,0.00
2017.03.23 13:48:39.133,12.50329,12.50552,0.00,0.00
2017.03.23 13:48:39.300,12.50329,12.50572,0.00,0.00
2017.03.23 13:48:39.409,12.50311,12.50562,0.00,0.00
2017.03.23 13:48:39.460,12.50288,12.50562,0.00,0.00
2017.03.23 13:48:39.560,12.50279,12.50551,0.00,0.00
2017.03.23 13:48:39.862,12.50329,12.50611,0.00,0.00
2017.03.23 13:48:39.913,12.50328,12.50561,0.00,0.00
2017.03.23 13:48:39.963,12.50318,12.50561,0.00,0.00
2017.03.23 13:48:40.014,12.50318,12.50512,0.00,0.00
2017.03.23 13:48:40.064,12.50278,12.50512,0.00,0.00
2017.03.23 13:48:40.130,12.50238,12.50512,0.00,0.00
2017.03.23 13:48:40.238,12.50278,12.50522,0.00,0.00
2017.03.23 13:48:40.339,12.50278,12.50551,0.00,0.00
2017.03.23 13:48:40.469,12.50278,12.50562,0.00,0.00
2017.03.23 13:48:40.632,12.50278,12.50531,0.00,0.00
2017.03.23 13:48:40.774,12.50278,12.50562,0.00,0.00
2017.03.23 13:48:40.877,12.50278,12.50531,0.00,0.00
2017.03.23 13:48:40.933,12.50278,12.50552,0.00,0.00
2017.03.23 13:48:41.040,12.50261,12.50511,0.00,0.00
2017.03.23 13:48:41.141,12.50279,12.50532,0.00,0.00
2017.03.23 13:48:41.233,12.50279,12.50561,0.00,0.00
2017.03.23 13:48:41.421,12.50279,12.50512,0.00,0.00
2017.03.23 13:48:41.572,12.50248,12.50512,0.00,0.00
2017.03.23 13:48:41.634,12.50238,12.50512,0.00,0.00
2017.03.23 13:48:41.685,12.50278,12.50522,0.00,0.00
2017.03.23 13:48:41.935,12.50329,12.50591,0.00,0.00
2017.03.23 13:48:42.110,12.50309,12.50562,0.00,0.00
2017.03.23 13:48:42.395,12.50238,12.50511,0.00,0.00
2017.03.23 13:48:42.514,12.50229,12.50511,0.00,0.00
2017.03.23 13:48:42.784,12.50229,12.50502,0.00,0.00
2017.03.23 13:48:43.123,12.50229,12.50492,0.00,0.00
2017.03.23 13:48:43.338,12.50229,12.50501,0.00,0.00
2017.03.23 13:48:43.482,12.50238,12.50511,0.00,0.00
2017.03.23 13:48:43.538,12.50229,12.50492,0.00,0.00
2017.03.23 13:48:43.839,12.50238,12.50511,0.00,0.00
2017.03.23 13:48:44.081,12.50229,12.50492,0.00,0.00
2017.03.23 13:48:44.659,12.50229,12.50481,0.00,0.00
2017.03.23 13:48:44.768,12.50229,12.50502,0.00,0.00
2017.03.23 13:48:44.942,12.50229,12.50481,0.00,0.00
2017.03.23 13:48:45.143,12.50229,12.50511,0.00,0.00
2017.03.23 13:48:45.277,12.50229,12.50502,0.00,0.00
2017.03.23 13:48:46.144,12.50249,12.50511,0.00,0.00
2017.03.23 13:48:46.262,12.50229,12.50501,0.00,0.00
2017.03.23 13:48:46.578,12.50329,12.50502,0.00,0.00
2017.03.23 13:48:46.679,12.50329,12.50521,0.00,0.00
2017.03.23 13:48:46.780,12.50308,12.50511,0.00,0.00
2017.03.23 13:48:46.881,12.50298,12.50511,0.00,0.00
2017.03.23 13:48:46.947,12.50258,12.50511,0.00,0.00
2017.03.23 13:48:47.107,12.50329,12.50512,0.00,0.00
2017.03.23 13:48:47.159,12.50329,12.50552,0.00,0.00
2017.03.23 13:48:47.259,12.50328,12.50572,0.00,0.00
2017.03.23 13:48:47.360,12.50328,12.50602,0.00,0.00
2017.03.23 13:48:47.465,12.50328,12.50592,0.00,0.00
2017.03.23 13:48:47.569,12.50328,12.50602,0.00,0.00
2017.03.23 13:48:47.949,12.50328,12.50571,0.00,0.00
2017.03.23 13:48:48.049,12.50328,12.50592,0.00,0.00
2017.03.23 13:48:48.250,12.50328,12.50571,0.00,0.00
2017.03.23 13:48:48.368,12.50289,12.50561,0.00,0.00
2017.03.23 13:48:48.596,12.50329,12.50531,0.00,0.00
2017.03.23 13:48:48.697,12.50328,12.50582,0.00,0.00
2017.03.23 13:48:48.747,12.50328,12.50568,0.00,0.00
2017.03.23 13:48:48.952,12.50228,12.50502,0.00,0.00
2017.03.23 13:48:49.263,12.50258,12.50502,0.00,0.00
2017.03.23 13:48:49.353,12.50222,12.50501,0.00,0.00
2017.03.23 13:48:49.653,12.50222,12.50492,0.00,0.00
2017.03.23 13:48:50.069,12.50228,12.50502,0.00,0.00
2017.03.23 13:48:50.170,12.50222,12.50481,0.00,0.00
2017.03.23 13:48:50.446,12.50199,12.50461,0.00,0.00
2017.03.23 13:48:50.604,12.50228,12.50412,0.00,0.00
2017.03.23 13:48:50.707,12.50128,12.50402,0.00,0.00
2017.03.23 13:48:50.757,12.50128,12.50392,0.00,0.00
2017.03.23 13:48:50.957,12.50128,12.50412,0.00,0.00
2017.03.23 13:48:51.150,12.50128,12.50401,0.00,0.00
2017.03.23 13:48:51.476,12.50128,12.50412,0.00,0.00
2017.03.23 13:48:51.863,12.50158,12.50312,0.00,0.00
2017.03.23 13:48:51.963,12.50078,12.50352,0.00,0.00
2017.03.23 13:48:52.069,12.50078,12.50342,0.00,0.00
2017.03.23 13:48:52.372,12.50049,12.50312,0.00,0.00
2017.03.23 13:48:52.427,12.50039,12.50312,0.00,0.00
2017.03.23 13:48:52.478,12.50078,12.50362,0.00,0.00
2017.03.23 13:48:52.579,12.50111,12.50322,0.00,0.00
2017.03.23 13:48:52.679,12.50138,12.50412,0.00,0.00
2017.03.23 13:48:53.063,12.50128,12.50412,0.00,0.00
2017.03.23 13:48:53.165,12.50128,12.50381,0.00,0.00
2017.03.23 13:48:53.286,12.50138,12.50412,0.00,0.00
2017.03.23 13:48:53.625,12.50128,12.50402,0.00,0.00
2017.03.23 13:48:53.960,12.50128,12.50392,0.00,0.00
2017.03.23 13:48:54.011,12.50128,12.50412,0.00,0.00
2017.03.23 13:48:54.066,12.50149,12.50412,0.00,0.00
2017.03.23 13:48:54.375,12.50128,12.50402,0.00,0.00
2017.03.23 13:48:54.567,12.50128,12.50412,0.00,0.00
2017.03.23 13:48:54.675,12.50128,12.50392,0.00,0.00
2017.03.23 13:48:55.083,12.50148,12.50412,0.00,0.00
2017.03.23 13:48:55.200,12.50128,12.50401,0.00,0.00
2017.03.23 13:48:55.268,12.50158,12.50412,0.00,0.00
2017.03.23 13:48:55.775,12.50148,12.50412,0.00,0.00
2017.03.23 13:48:55.875,12.50128,12.50402,0.00,0.00
2017.03.23 13:48:56.197,12.50139,12.50412,0.00,0.00
2017.03.23 13:48:56.611,12.50148,12.50412,0.00,0.00
2017.03.23 13:48:57.192,12.50128,12.50392,0.00,0.00
2017.03.23 13:48:57.496,12.50159,12.50412,0.00,0.00
2017.03.23 13:48:57.613,12.50128,12.50412,0.00,0.00
2017.03.23 13:48:57.714,12.50128,12.50402,0.00,0.00
2017.03.23 13:48:58.173,12.50139,12.50412,0.00,0.00
2017.03.23 13:48:58.536,12.50169,12.50412,0.00,0.00
2017.03.23 13:48:58.586,12.50139,12.50412,0.00,0.00
2017.03.23 13:48:58.812,12.50128,12.50412,0.00,0.00
2017.03.23 13:48:58.875,12.50148,12.50412,0.00,0.00
2017.03.23 13:48:58.978,12.50138,12.50412,0.00,0.00
2017.03.23 13:48:59.028,12.50229,12.50422,0.00,0.00
2017.03.23 13:48:59.079,12.50229,12.50441,0.00,0.00
2017.03.23 13:48:59.130,12.50179,12.50441,0.00,0.00
2017.03.23 13:48:59.291,12.50179,12.50411,0.00,0.00
2017.03.23 13:48:59.397,12.50129,12.50411,0.00,0.00
2017.03.23 13:48:59.645,12.50178,12.50411,0.00,0.00
2017.03.23 13:48:59.696,12.50178,12.50421,0.00,0.00
2017.03.23 13:48:59.797,12.50148,12.50411,0.00,0.00
2017.03.23 13:48:59.919,12.50129,12.50402,0.00,0.00
2017.03.23 13:49:00.309,12.50129,12.50411,0.00,0.00
2017.03.23 13:49:00.378,12.50129,12.50391,0.00,0.00
2017.03.23 13:49:00.679,12.50138,12.50411,0.00,0.00
2017.03.23 13:49:00.730,12.50129,12.50382,0.00,0.00
2017.03.23 13:49:00.780,12.50129,12.50402,0.00,0.00
2017.03.23 13:49:01.019,12.50138,12.50411,0.00,0.00
2017.03.23 13:49:01.327,12.50129,12.50391,0.00,0.00
2017.03.23 13:49:01.429,12.50129,12.50402,0.00,0.00
2017.03.23 13:49:01.480,12.50129,12.50391,0.00,0.00
2017.03.23 13:49:01.580,12.50148,12.50411,0.00,0.00
2017.03.23 13:49:01.770,12.50129,12.50411,0.00,0.00
2017.03.23 13:49:01.820,12.50129,12.50382,0.00,0.00
2017.03.23 13:49:01.880,12.50129,12.50391,0.00,0.00
2017.03.23 13:49:01.993,12.50138,12.50411,0.00,0.00
2017.03.23 13:49:02.093,12.50129,12.50371,0.00,0.00
2017.03.23 13:49:02.379,12.50089,12.50362,0.00,0.00
2017.03.23 13:49:02.481,12.50099,12.50362,0.00,0.00
2017.03.23 13:49:02.683,12.50038,12.50311,0.00,0.00
2017.03.23 13:49:02.800,12.50029,12.50311,0.00,0.00
2017.03.23 13:49:02.982,12.50038,12.50311,0.00,0.00
2017.03.23 13:49:03.219,12.50029,12.50311,0.00,0.00
2017.03.23 13:49:03.292,12.50079,12.50311,0.00,0.00
2017.03.23 13:49:03.494,12.50128,12.50391,0.00,0.00
2017.03.23 13:49:03.609,12.50112,12.50361,0.00,0.00
2017.03.23 13:49:03.660,12.50109,12.50361,0.00,0.00
2017.03.23 13:49:03.761,12.50078,12.50311,0.00,0.00
2017.03.23 13:49:03.878,12.50039,12.50311,0.00,0.00
2017.03.23 13:49:03.929,12.50029,12.50311,0.00,0.00
2017.03.23 13:49:04.188,12.50059,12.50311,0.00,0.00
2017.03.23 13:49:04.391,12.50048,12.50311,0.00,0.00
2017.03.23 13:49:04.832,12.50029,12.50311,0.00,0.00
2017.03.23 13:49:04.886,12.50029,12.50292,0.00,0.00
2017.03.23 13:49:05.290,12.49959,12.50212,0.00,0.00
2017.03.23 13:49:05.341,12.49938,12.50212,0.00,0.00
2017.03.23 13:49:05.392,12.49928,12.50201,0.00,0.00
2017.03.23 13:49:05.703,12.49939,12.50212,0.00,0.00
2017.03.23 13:49:05.907,12.49928,12.50202,0.00,0.00
2017.03.23 13:49:06.010,12.49949,12.50212,0.00,0.00
2017.03.23 13:49:06.434,12.49928,12.50212,0.00,0.00
2017.03.23 13:49:06.659,12.49928,12.50191,0.00,0.00
2017.03.23 13:49:06.709,12.49939,12.50212,0.00,0.00
2017.03.23 13:49:06.842,12.49949,12.50212,0.00,0.00
2017.03.23 13:49:07.315,12.49928,12.50212,0.00,0.00
2017.03.23 13:49:07.396,12.49928,12.50202,0.00,0.00
2017.03.23 13:49:07.699,12.49938,12.50212,0.00,0.00
2017.03.23 13:49:08.014,12.49958,12.50212,0.00,0.00
2017.03.23 13:49:08.179,12.49979,12.50261,0.00,0.00
2017.03.23 13:49:08.280,12.49979,12.50212,0.00,0.00
2017.03.23 13:49:08.436,12.49938,12.50212,0.00,0.00
2017.03.23 13:49:09.039,12.49928,12.50212,0.00,0.00
2017.03.23 13:49:09.520,12.49949,12.50212,0.00,0.00
2017.03.23 13:49:09.823,12.49988,12.50211,0.00,0.00
2017.03.23 13:49:09.940,12.49949,12.50211,0.00,0.00
2017.03.23 13:49:10.041,12.49978,12.50211,0.00,0.00
2017.03.23 13:49:10.155,12.49939,12.50211,0.00,0.00
2017.03.23 13:49:10.207,12.49929,12.50201,0.00,0.00
2017.03.23 13:49:10.337,12.49929,12.50211,0.00,0.00
2017.03.23 13:49:10.445,12.49929,12.50202,0.00,0.00
2017.03.23 13:49:11.109,12.49938,12.50211,0.00,0.00
2017.03.23 13:49:11.510,12.49958,12.50211,0.00,0.00
2017.03.23 13:49:11.913,12.49938,12.50211,0.00,0.00
2017.03.23 13:49:12.014,12.49929,12.50202,0.00,0.00
2017.03.23 13:49:12.345,12.49939,12.50211,0.00,0.00
2017.03.23 13:49:12.660,12.49929,12.50211,0.00,0.00
2017.03.23 13:49:12.713,12.49939,12.50211,0.00,0.00
2017.03.23 13:49:13.189,12.49959,12.50211,0.00,0.00
2017.03.23 13:49:13.240,12.49929,12.50201,0.00,0.00
2017.03.23 13:49:13.340,12.49938,12.50211,0.00,0.00
2017.03.23 13:49:13.639,12.49929,12.50211,0.00,0.00
2017.03.23 13:49:13.751,12.49929,12.50192,0.00,0.00
2017.03.23 13:49:14.125,12.49939,12.50211,0.00,0.00
2017.03.23 13:49:14.227,12.49948,12.50211,0.00,0.00
2017.03.23 13:49:15.421,12.49929,12.50211,0.00,0.00
2017.03.23 13:49:16.553,12.49948,12.50211,0.00,0.00
2017.03.23 13:49:16.658,12.49929,12.50211,0.00,0.00
2017.03.23 13:49:16.759,12.49949,12.50211,0.00,0.00
2017.03.23 13:49:17.042,12.49939,12.50211,0.00,0.00
2017.03.23 13:49:17.151,12.49929,12.50202,0.00,0.00
2017.03.23 13:49:17.259,12.49929,12.50211,0.00,0.00
2017.03.23 13:49:18.576,12.49929,12.50191,0.00,0.00
2017.03.23 13:49:18.897,12.49929,12.50181,0.00,0.00
2017.03.23 13:49:18.947,12.49929,12.50201,0.00,0.00
2017.03.23 13:49:19.056,12.49929,12.50111,0.00,0.00
2017.03.23 13:49:19.157,12.49898,12.50111,0.00,0.00
2017.03.23 13:49:19.259,12.49838,12.50111,0.00,0.00
2017.03.23 13:49:19.332,12.49858,12.50111,0.00,0.00
2017.03.23 13:49:19.558,12.49829,12.50101,0.00,0.00
2017.03.23 13:49:20.133,12.49849,12.50111,0.00,0.00
2017.03.23 13:49:20.683,12.49829,12.50111,0.00,0.00
2017.03.23 13:49:20.851,12.49829,12.50101,0.00,0.00
2017.03.23 13:49:21.181,12.49849,12.50111,0.00,0.00
2017.03.23 13:49:21.236,12.49829,12.50092,0.00,0.00
2017.03.23 13:49:21.367,12.49822,12.50061,0.00,0.00
2017.03.23 13:49:21.418,12.49808,12.50061,0.00,0.00
2017.03.23 13:49:21.468,12.49838,12.50061,0.00,0.00
2017.03.23 13:49:21.569,12.49758,12.50012,0.00,0.00
2017.03.23 13:49:21.676,12.49769,12.50012,0.00,0.00
2017.03.23 13:49:21.951,12.49779,12.50051,0.00,0.00
2017.03.23 13:49:22.051,12.49798,12.50061,0.00,0.00
2017.03.23 13:49:22.413,12.49809,12.50061,0.00,0.00
2017.03.23 13:49:22.564,12.49858,12.50122,0.00,0.00
2017.03.23 13:49:22.667,12.49869,12.50122,0.00,0.00
2017.03.23 13:49:22.818,12.49848,12.50122,0.00,0.00
2017.03.23 13:49:22.868,12.49838,12.50062,0.00,0.00
2017.03.23 13:49:22.970,12.49838,12.50091,0.00,0.00
2017.03.23 13:49:23.073,12.49838,12.50112,0.00,0.00
2017.03.23 13:49:23.178,12.49849,12.50122,0.00,0.00
2017.03.23 13:49:23.242,12.49838,12.50112,0.00,0.00
2017.03.23 13:49:23.354,12.49859,12.50122,0.00,0.00
2017.03.23 13:49:23.695,12.49868,12.50122,0.00,0.00
2017.03.23 13:49:23.745,12.49849,12.50122,0.00,0.00
2017.03.23 13:49:23.877,12.49859,12.50122,0.00,0.00
2017.03.23 13:49:24.199,12.49938,12.50162,0.00,0.00
2017.03.23 13:49:24.250,12.49938,12.50182,0.00,0.00
2017.03.23 13:49:24.360,12.49938,12.50212,0.00,0.00
2017.03.23 13:49:24.546,12.49938,12.50182,0.00,0.00
2017.03.23 13:49:24.646,12.49939,12.50221,0.00,0.00
2017.03.23 13:49:25.195,12.49938,12.50191,0.00,0.00
2017.03.23 13:49:25.249,12.49949,12.50222,0.00,0.00
2017.03.23 13:49:25.461,12.49938,12.50191,0.00,0.00
2017.03.23 13:49:25.650,12.49938,12.50211,0.00,0.00
2017.03.23 13:49:26.167,12.49949,12.50222,0.00,0.00
2017.03.23 13:49:26.507,12.49938,12.50201,0.00,0.00
2017.03.23 13:49:26.557,12.49948,12.50222,0.00,0.00
2017.03.23 13:49:26.700,12.49958,12.50222,0.00,0.00
2017.03.23 13:49:27.073,12.49979,12.50222,0.00,0.00
2017.03.23 13:49:27.298,12.49938,12.50212,0.00,0.00
2017.03.23 13:49:27.555,12.49969,12.50222,0.00,0.00
2017.03.23 13:49:27.660,12.49938,12.50212,0.00,0.00
2017.03.23 13:49:27.755,12.49938,12.50202,0.00,0.00
2017.03.23 13:49:28.588,12.49938,12.50222,0.00,0.00
2017.03.23 13:49:28.691,12.49958,12.50222,0.00,0.00
2017.03.23 13:49:29.098,12.49969,12.50222,0.00,0.00
2017.03.23 13:49:29.308,12.49938,12.50211,0.00,0.00
2017.03.23 13:49:29.359,12.49938,12.50192,0.00,0.00
2017.03.23 13:49:29.861,12.49938,12.50202,0.00,0.00
2017.03.23 13:49:29.993,12.49918,12.50121,0.00,0.00
2017.03.23 13:49:30.198,12.49839,12.50112,0.00,0.00
2017.03.23 13:49:30.662,12.49839,12.50121,0.00,0.00
2017.03.23 13:49:30.797,12.49859,12.50121,0.00,0.00
2017.03.23 13:49:31.026,12.49839,12.50111,0.00,0.00
2017.03.23 13:49:31.077,12.49868,12.50121,0.00,0.00
2017.03.23 13:49:31.290,12.49839,12.50112,0.00,0.00
2017.03.23 13:49:31.394,12.49839,12.50092,0.00,0.00
2017.03.23 13:49:31.495,12.49839,12.50121,0.00,0.00
2017.03.23 13:49:31.599,12.49848,12.50121,0.00,0.00
2017.03.23 13:49:32.449,12.49838,12.50092,0.00,0.00
2017.03.23 13:49:32.798,12.49838,12.50082,0.00,0.00
2017.03.23 13:49:32.908,12.49838,12.50112,0.00,0.00
2017.03.23 13:49:33.107,12.49838,12.50082,0.00,0.00
2017.03.23 13:49:33.169,12.49838,12.50122,0.00,0.00
2017.03.23 13:49:33.499,12.49838,12.50102,0.00,0.00
2017.03.23 13:49:33.602,12.49838,12.50122,0.00,0.00
2017.03.23 13:49:33.827,12.49858,12.50122,0.00,0.00
2017.03.23 13:49:33.878,12.49838,12.50122,0.00,0.00
2017.03.23 13:49:34.096,12.49848,12.50122,0.00,0.00
2017.03.23 13:49:34.435,12.49838,12.50102,0.00,0.00
2017.03.23 13:49:35.016,12.49838,12.50112,0.00,0.00
2017.03.23 13:49:35.072,12.49838,12.50102,0.00,0.00
2017.03.23 13:49:35.373,12.49848,12.50122,0.00,0.00
2017.03.23 13:49:35.736,12.49921,12.50132,0.00,0.00
2017.03.23 13:49:35.889,12.49939,12.50201,0.00,0.00
2017.03.23 13:49:36.200,12.49939,12.50192,0.00,0.00
2017.03.23 13:49:36.527,12.49939,12.50172,0.00,0.00
2017.03.23 13:49:37.577,12.49939,12.50201,0.00,0.00
2017.03.23 13:49:37.627,12.49972,12.50201,0.00,0.00
2017.03.23 13:49:37.678,12.49972,12.50212,0.00,0.00
2017.03.23 13:49:37.786,12.49972,12.50221,0.00,0.00
2017.03.23 13:49:37.901,12.49972,12.50192,0.00,0.00
2017.03.23 13:49:38.015,12.49972,12.50221,0.00,0.00
2017.03.23 13:49:38.579,12.49972,12.50212,0.00,0.00
2017.03.23 13:49:38.680,12.49972,12.50221,0.00,0.00
2017.03.23 13:49:39.000,12.49972,12.50192,0.00,0.00
2017.03.23 13:49:39.101,12.49972,12.50211,0.00,0.00
2017.03.23 13:49:39.206,12.49972,12.50201,0.00,0.00
2017.03.23 13:49:39.360,12.49928,12.50172,0.00,0.00
2017.03.23 13:49:39.460,12.49918,12.50121,0.00,0.00
2017.03.23 13:49:39.511,12.49839,12.50092,0.00,0.00
2017.03.23 13:49:39.566,12.49822,12.50021,0.00,0.00
2017.03.23 13:49:39.818,12.49822,12.50042,0.00,0.00
2017.03.23 13:49:39.868,12.49822,12.50022,0.00,0.00
2017.03.23 13:49:40.075,12.49822,12.50052,0.00,0.00
2017.03.23 13:49:40.126,12.49822,12.50022,0.00,0.00
2017.03.23 13:49:40.227,12.49822,12.50062,0.00,0.00
2017.03.23 13:49:40.328,12.49781,12.50021,0.00,0.00
2017.03.23 13:49:40.632,12.49861,12.50052,0.00,0.00
2017.03.23 13:49:40.733,12.49861,12.50062,0.00,0.00
2017.03.23 13:49:40.784,12.49861,12.50111,0.00,0.00
2017.03.23 13:49:40.909,12.49861,12.50071,0.00,0.00
2017.03.23 13:49:40.959,12.49829,12.50071,0.00,0.00
2017.03.23 13:49:41.010,12.49789,12.50071,0.00,0.00
2017.03.23 13:49:41.061,12.49788,12.50022,0.00,0.00
2017.03.23 13:49:41.111,12.49782,12.50022,0.00,0.00
2017.03.23 13:49:41.263,12.49861,12.50031,0.00,0.00
2017.03.23 13:49:41.313,12.49861,12.50062,0.00,0.00
2017.03.23 13:49:41.504,12.49861,12.50112,0.00,0.00
2017.03.23 13:49:41.628,12.49861,12.50122,0.00,0.00
2017.03.23 13:49:41.900,12.49861,12.50092,0.00,0.00
2017.03.23 13:49:42.208,12.49861,12.50102,0.00,0.00
2017.03.23 13:49:42.587,12.49861,12.50121,0.00,0.00
2017.03.23 13:49:42.888,12.49861,12.50102,0.00,0.00
2017.03.23 13:49:43.436,12.49861,12.50082,0.00,0.00
2017.03.23 13:49:43.689,12.49861,12.50111,0.00,0.00
2017.03.23 13:49:43.811,12.49861,12.50082,0.00,0.00
2017.03.23 13:49:43.911,12.49861,12.50111,0.00,0.00
2017.03.23 13:49:44.020,12.49861,12.50122,0.00,0.00
2017.03.23 13:49:44.228,12.49869,12.50122,0.00,0.00
2017.03.23 13:49:44.568,12.49962,12.50161,0.00,0.00
2017.03.23 13:49:44.713,12.49962,12.50221,0.00,0.00
2017.03.23 13:49:44.792,12.49962,12.50201,0.00,0.00
2017.03.23 13:49:45.207,12.49962,12.50192,0.00,0.00
2017.03.23 13:49:45.293,12.49962,12.50201,0.00,0.00
2017.03.23 13:49:45.402,12.49962,12.50171,0.00,0.00
2017.03.23 13:49:45.508,12.49962,12.50182,0.00,0.00
2017.03.23 13:49:45.615,12.49962,12.50221,0.00,0.00
2017.03.23 13:49:46.044,12.49962,12.50192,0.00,0.00
2017.03.23 13:49:46.198,12.49962,12.50221,0.00,0.00
2017.03.23 13:49:46.608,12.49988,12.50241,0.00,0.00
2017.03.23 13:49:46.922,12.50062,12.50302,0.00,0.00
2017.03.23 13:49:47.264,12.50038,12.50272,0.00,0.00
2017.03.23 13:49:47.663,12.50038,12.50261,0.00,0.00
2017.03.23 13:49:47.714,12.50038,12.50272,0.00,0.00
2017.03.23 13:49:47.816,12.50038,12.50301,0.00,0.00
2017.03.23 13:49:47.930,12.50038,12.50292,0.00,0.00
2017.03.23 13:49:48.280,12.50038,12.50281,0.00,0.00
2017.03.23 13:49:48.448,12.50038,12.50292,0.00,0.00
2017.03.23 13:49:48.499,12.50038,12.50272,0.00,0.00
2017.03.23 13:49:48.825,12.50038,12.50281,0.00,0.00
2017.03.23 13:49:48.926,12.50038,12.50291,0.00,0.00
2017.03.23 13:49:49.323,12.50038,12.50262,0.00,0.00
2017.03.23 13:49:49.602,12.49988,12.50242,0.00,0.00
2017.03.23 13:49:49.715,12.49998,12.50272,0.00,0.00
2017.03.23 13:49:49.766,12.49998,12.50222,0.00,0.00
2017.03.23 13:49:49.817,12.49941,12.50201,0.00,0.00
2017.03.23 13:49:49.918,12.49941,12.50192,0.00,0.00
2017.03.23 13:49:50.241,12.49948,12.50222,0.00,0.00
2017.03.23 13:49:50.304,12.49941,12.50171,0.00,0.00
2017.03.23 13:49:50.643,12.49941,12.50191,0.00,0.00
2017.03.23 13:49:50.957,12.49941,12.50172,0.00,0.00
2017.03.23 13:49:51.157,12.49888,12.50172,0.00,0.00
2017.03.23 13:49:51.208,12.49888,12.50162,0.00,0.00
2017.03.23 13:49:51.560,12.49842,12.50111,0.00,0.00
2017.03.23 13:49:51.890,12.49842,12.50102,0.00,0.00
2017.03.23 13:49:52.107,12.49848,12.50121,0.00,0.00
2017.03.23 13:49:52.224,12.49842,12.50121,0.00,0.00
2017.03.23 13:49:52.343,12.49842,12.50102,0.00,0.00
2017.03.23 13:49:52.769,12.49842,12.50091,0.00,0.00
2017.03.23 13:49:53.110,12.49842,12.50121,0.00,0.00
2017.03.23 13:49:53.210,12.49858,12.50121,0.00,0.00
2017.03.23 13:49:53.526,12.49842,12.50091,0.00,0.00
2017.03.23 13:49:53.672,12.49839,12.50091,0.00,0.00
2017.03.23 13:49:54.512,12.49839,12.50112,0.00,0.00
2017.03.23 13:49:54.618,12.49839,12.50102,0.00,0.00
2017.03.23 13:49:55.213,12.49839,12.50092,0.00,0.00
2017.03.23 13:49:55.819,12.49839,12.50102,0.00,0.00
2017.03.23 13:49:55.921,12.49848,12.50121,0.00,0.00
2017.03.23 13:49:56.022,12.49839,12.50102,0.00,0.00
2017.03.23 13:49:56.333,12.49839,12.50082,0.00,0.00
2017.03.23 13:49:56.434,12.49839,12.50102,0.00,0.00
2017.03.23 13:49:56.632,12.49848,12.50121,0.00,0.00
2017.03.23 13:49:56.736,12.49842,12.50092,0.00,0.00
2017.03.23 13:49:56.916,12.49842,12.50112,0.00,0.00
2017.03.23 13:49:57.117,12.49848,12.50121,0.00,0.00
2017.03.23 13:49:57.241,12.49842,12.50121,0.00,0.00
2017.03.23 13:49:57.428,12.49849,12.50121,0.00,0.00
2017.03.23 13:49:57.536,12.49842,12.50121,0.00,0.00
2017.03.23 13:49:57.862,12.49938,12.50092,0.00,0.00
2017.03.23 13:49:57.963,12.49938,12.50152,0.00,0.00
2017.03.23 13:49:58.134,12.49938,12.50212,0.00,0.00
2017.03.23 13:49:58.259,12.49948,12.50222,0.00,0.00
2017.03.23 13:49:58.599,12.49938,12.50201,0.00,0.00
2017.03.23 13:49:58.920,12.49938,12.50181,0.00,0.00
2017.03.23 13:49:59.121,12.49938,12.50212,0.00,0.00
2017.03.23 13:49:59.221,12.49938,12.50192,0.00,0.00
2017.03.23 13:49:59.516,12.49899,12.50172,0.00,0.00
2017.03.23 13:49:59.661,12.49859,12.50122,0.00,0.00
2017.03.23 13:49:59.863,12.49889,12.50162,0.00,0.00
2017.03.23 13:49:59.913,12.49878,12.50121,0.00,0.00
2017.03.23 13:49:59.964,12.49868,12.50121,0.00,0.00
2017.03.23 13:50:00.065,12.49851,12.50121,0.00,0.00
2017.03.23 13:50:00.123,12.49859,12.50121,0.00,0.00
2017.03.23 13:50:00.465,12.49851,12.50091,0.00,0.00
2017.03.23 13:50:00.525,12.49851,12.50121,0.00,0.00
2017.03.23 13:50:00.648,12.49868,12.50121,0.00,0.00
2017.03.23 13:50:00.799,12.49888,12.50172,0.00,0.00
2017.03.23 13:50:00.982,12.49909,12.50171,0.00,0.00
2017.03.23 13:50:01.310,12.49868,12.50122,0.00,0.00
2017.03.23 13:50:01.361,12.49851,12.50122,0.00,0.00
2017.03.23 13:50:01.656,12.49858,12.50122,0.00,0.00
2017.03.23 13:50:01.863,12.49848,12.50122,0.00,0.00
2017.03.23 13:50:01.926,12.49838,12.50111,0.00,0.00
2017.03.23 13:50:02.167,12.49848,12.50122,0.00,0.00
2017.03.23 13:50:02.226,12.49878,12.50122,0.00,0.00
2017.03.23 13:50:02.616,12.49888,12.50122,0.00,0.00
2017.03.23 13:50:02.776,12.49838,12.50122,0.00,0.00
2017.03.23 13:50:02.828,12.49849,12.50122,0.00,0.00
2017.03.23 13:50:03.190,12.49888,12.50122,0.00,0.00
2017.03.23 13:50:03.342,12.49859,12.50122,0.00,0.00
2017.03.23 13:50:03.499,12.49839,12.50121,0.00,0.00
2017.03.23 13:50:03.931,12.49848,12.50122,0.00,0.00
2017.03.23 13:50:04.280,12.49838,12.50102,0.00,0.00
2017.03.23 13:50:04.610,12.49859,12.50072,0.00,0.00
2017.03.23 13:50:04.749,12.49859,12.50122,0.00,0.00
2017.03.23 13:50:04.932,12.49868,12.50122,0.00,0.00
2017.03.23 13:50:05.033,12.49838,12.50122,0.00,0.00
2017.03.23 13:50:05.138,12.49838,12.50111,0.00,0.00
2017.03.23 13:50:05.349,12.49838,12.50122,0.00,0.00
2017.03.23 13:50:05.466,12.49848,12.50122,0.00,0.00
2017.03.23 13:50:05.828,12.49838,12.50111,0.00,0.00
2017.03.23 13:50:06.171,12.49858,12.50122,0.00,0.00
2017.03.23 13:50:06.615,12.49858,12.50022,0.00,0.00
2017.03.23 13:50:06.665,12.49838,12.50022,0.00,0.00
2017.03.23 13:50:06.766,12.49848,12.50022,0.00,0.00
2017.03.23 13:50:06.837,12.49821,12.50021,0.00,0.00
2017.03.23 13:50:06.938,12.49741,12.50012,0.00,0.00
2017.03.23 13:50:07.538,12.49741,12.50021,0.00,0.00
2017.03.23 13:50:07.677,12.49739,12.49922,0.00,0.00
2017.03.23 13:50:07.887,12.49648,12.49922,0.00,0.00
2017.03.23 13:50:07.939,12.49659,12.49922,0.00,0.00
2017.03.23 13:50:08.354,12.49648,12.49922,0.00,0.00
2017.03.23 13:50:08.456,12.49641,12.49922,0.00,0.00
2017.03.23 13:50:08.507,12.49638,12.49922,0.00,0.00
2017.03.23 13:50:08.782,12.49668,12.49922,0.00,0.00
2017.03.23 13:50:08.840,12.49649,12.49922,0.00,0.00
2017.03.23 13:50:09.140,12.49669,12.49922,0.00,0.00
2017.03.23 13:50:09.246,12.49649,12.49922,0.00,0.00
2017.03.23 13:50:09.355,12.49668,12.49922,0.00,0.00
2017.03.23 13:50:09.586,12.49649,12.49922,0.00,0.00
2017.03.23 13:50:09.641,12.49638,12.49922,0.00,0.00
2017.03.23 13:50:09.975,12.49658,12.49922,0.00,0.00
2017.03.23 13:50:10.304,12.49708,12.49922,0.00,0.00
2017.03.23 13:50:10.423,12.49708,12.49948,0.00,0.00
2017.03.23 13:50:10.537,12.49708,12.49922,0.00,0.00
2017.03.23 13:50:10.587,12.49668,12.49922,0.00,0.00
2017.03.23 13:50:11.169,12.49688,12.49922,0.00,0.00
2017.03.23 13:50:11.463,12.49669,12.49922,0.00,0.00
2017.03.23 13:50:11.585,12.49648,12.49922,0.00,0.00
2017.03.23 13:50:11.686,12.49638,12.49922,0.00,0.00
2017.03.23 13:50:11.746,12.49649,12.49922,0.00,0.00
2017.03.23 13:50:12.156,12.49638,12.49922,0.00,0.00
2017.03.23 13:50:12.554,12.49668,12.49922,0.00,0.00
2017.03.23 13:50:12.865,12.49621,12.49872,0.00,0.00
2017.03.23 13:50:12.916,12.49638,12.49902,0.00,0.00
2017.03.23 13:50:13.017,12.49638,12.49912,0.00,0.00
2017.03.23 13:50:13.067,12.49679,12.49922,0.00,0.00
2017.03.23 13:50:13.168,12.49618,12.49872,0.00,0.00
2017.03.23 13:50:13.269,12.49639,12.49882,0.00,0.00
2017.03.23 13:50:13.411,12.49639,12.49892,0.00,0.00
2017.03.23 13:50:13.462,12.49639,12.49912,0.00,0.00
2017.03.23 13:50:13.549,12.49639,12.49892,0.00,0.00
2017.03.23 13:50:13.756,12.49639,12.49921,0.00,0.00
2017.03.23 13:50:13.908,12.49658,12.49921,0.00,0.00
2017.03.23 13:50:14.251,12.49648,12.49921,0.00,0.00
2017.03.23 13:50:14.667,12.49679,12.49921,0.00,0.00
2017.03.23 13:50:15.662,12.49658,12.49921,0.00,0.00
2017.03.23 13:50:15.774,12.49678,12.49921,0.00,0.00
2017.03.23 13:50:15.996,12.49639,12.49921,0.00,0.00
2017.03.23 13:50:16.155,12.49679,12.49921,0.00,0.00
2017.03.23 13:50:16.469,12.49468,12.49658,0.00,0.00
2017.03.23 13:50:16.570,12.49398,12.49632,0.00,0.00
2017.03.23 13:50:16.689,12.49389,12.49632,0.00,0.00
2017.03.23 13:50:16.789,12.49421,12.49681,0.00,0.00
2017.03.23 13:50:16.840,12.49448,12.49691,0.00,0.00
2017.03.23 13:50:16.891,12.49458,12.49732,0.00,0.00
2017.03.23 13:50:16.991,12.49498,12.49742,0.00,0.00
2017.03.23 13:50:17.193,12.49549,12.49821,0.00,0.00
2017.03.23 13:50:17.243,12.49539,12.49722,0.00,0.00
2017.03.23 13:50:17.394,12.49472,12.49722,0.00,0.00
2017.03.23 13:50:17.817,12.49449,12.49722,0.00,0.00
2017.03.23 13:50:18.371,12.49439,12.49721,0.00,0.00
2017.03.23 13:50:18.562,12.49449,12.49722,0.00,0.00
2017.03.23 13:50:18.890,12.49389,12.49639,0.00,0.00
2017.03.23 13:50:19.251,12.49389,12.49622,0.00,0.00
2017.03.23 13:50:19.301,12.49378,12.49622,0.00,0.00
2017.03.23 13:50:19.361,12.49358,12.49622,0.00,0.00
2017.03.23 13:50:19.508,12.49369,12.49622,0.00,0.00
2017.03.23 13:50:19.811,12.49409,12.49622,0.00,0.00
2017.03.23 13:50:19.967,12.49399,12.49622,0.00,0.00
2017.03.23 13:50:20.072,12.49418,12.49622,0.00,0.00
2017.03.23 13:50:20.173,12.49379,12.49622,0.00,0.00
2017.03.23 13:50:20.401,12.49368,12.49622,0.00,0.00
2017.03.23 13:50:20.451,12.49389,12.49639,0.00,0.00
2017.03.23 13:50:20.502,12.49418,12.49671,0.00,0.00
2017.03.23 13:50:20.664,12.49428,12.49671,0.00,0.00
2017.03.23 13:50:21.006,12.49408,12.49622,0.00,0.00
2017.03.23 13:50:21.065,12.49378,12.49622,0.00,0.00
2017.03.23 13:50:21.166,12.49388,12.49651,0.00,0.00
2017.03.23 13:50:21.267,12.49428,12.49672,0.00,0.00
2017.03.23 13:50:21.317,12.49438,12.49712,0.00,0.00
2017.03.23 13:50:21.368,12.49438,12.49722,0.00,0.00
2017.03.23 13:50:21.470,12.49478,12.49722,0.00,0.00
2017.03.23 13:50:21.634,12.49448,12.49722,0.00,0.00
2017.03.23 13:50:21.978,12.49478,12.49722,0.00,0.00
2017.03.23 13:50:22.199,12.49448,12.49722,0.00,0.00
2017.03.23 13:50:22.300,12.49438,12.49712,0.00,0.00
2017.03.23 13:50:22.367,12.49439,12.49721,0.00,0.00
2017.03.23 13:50:22.477,12.49468,12.49722,0.00,0.00
2017.03.23 13:50:22.707,12.49438,12.49712,0.00,0.00
2017.03.23 13:50:22.808,12.49449,12.49722,0.00,0.00
2017.03.23 13:50:23.128,12.49378,12.49622,0.00,0.00
2017.03.23 13:50:23.178,12.49372,12.49621,0.00,0.00
2017.03.23 13:50:23.571,12.49379,12.49622,0.00,0.00
2017.03.23 13:50:23.798,12.49348,12.49622,0.00,0.00
2017.03.23 13:50:23.908,12.49388,12.49622,0.00,0.00
2017.03.23 13:50:23.973,12.49369,12.49622,0.00,0.00
2017.03.23 13:50:24.173,12.49388,12.49622,0.00,0.00
2017.03.23 13:50:24.407,12.49378,12.49622,0.00,0.00
2017.03.23 13:50:24.508,12.49338,12.49611,0.00,0.00
2017.03.23 13:50:24.613,12.49348,12.49622,0.00,0.00
2017.03.23 13:50:24.675,12.49389,12.49622,0.00,0.00
2017.03.23 13:50:25.013,12.49379,12.49638,0.00,0.00
2017.03.23 13:50:25.076,12.49388,12.49638,0.00,0.00
2017.03.23 13:50:25.176,12.49358,12.49638,0.00,0.00
2017.03.23 13:50:25.317,12.49358,12.49631,0.00,0.00
2017.03.23 13:50:25.463,12.49359,12.49638,0.00,0.00
2017.03.23 13:50:25.513,12.49389,12.49638,0.00,0.00
2017.03.23 13:50:25.564,12.49408,12.49671,0.00,0.00
2017.03.23 13:50:25.665,12.49408,12.49649,0.00,0.00
2017.03.23 13:50:25.816,12.49389,12.49641,0.00,0.00
2017.03.23 13:50:25.877,12.49368,12.49641,0.00,0.00
2017.03.23 13:50:26.179,12.49388,12.49641,0.00,0.00
2017.03.23 13:50:26.279,12.49368,12.49641,0.00,0.00
2017.03.23 13:50:26.391,12.49359,12.49641,0.00,0.00
2017.03.23 13:50:26.496,12.49368,12.49641,0.00,0.00
2017.03.23 13:50:26.652,12.49411,12.49691,0.00,0.00
2017.03.23 13:50:26.828,12.49419,12.49641,0.00,0.00
2017.03.23 13:50:26.929,12.49408,12.49631,0.00,0.00
2017.03.23 13:50:27.030,12.49419,12.49682,0.00,0.00
2017.03.23 13:50:27.081,12.49428,12.49682,0.00,0.00
2017.03.23 13:50:27.424,12.49449,12.49722,0.00,0.00
2017.03.23 13:50:27.525,12.49449,12.49728,0.00,0.00
2017.03.23 13:50:27.583,12.49468,12.49728,0.00,0.00
2017.03.23 13:50:27.874,12.49449,12.49722,0.00,0.00
2017.03.23 13:50:27.925,12.49458,12.49728,0.00,0.00
2017.03.23 13:50:28.286,12.49449,12.49722,0.00,0.00
2017.03.23 13:50:28.431,12.49469,12.49728,0.00,0.00
2017.03.23 13:50:28.485,12.49458,12.49728,0.00,0.00
2017.03.23 13:50:28.616,12.49449,12.49701,0.00,0.00
2017.03.23 13:50:28.685,12.49449,12.49722,0.00,0.00
2017.03.23 13:50:28.736,12.49549,12.49722,0.00,0.00
2017.03.23 13:50:29.013,12.49549,12.49828,0.00,0.00
2017.03.23 13:50:29.135,12.49549,12.49738,0.00,0.00
2017.03.23 13:50:29.239,12.49528,12.49732,0.00,0.00
2017.03.23 13:50:29.362,12.49448,12.49722,0.00,0.00
2017.03.23 13:50:29.466,12.49511,12.49722,0.00,0.00
2017.03.23 13:50:29.517,12.49511,12.49761,0.00,0.00
2017.03.23 13:50:29.567,12.49549,12.49761,0.00,0.00
2017.03.23 13:50:29.618,12.49549,12.49802,0.00,0.00
2017.03.23 13:50:29.729,12.49549,12.49822,0.00,0.00
2017.03.23 13:50:29.791,12.49549,12.49829,0.00,0.00
2017.03.23 13:50:30.091,12.49549,12.49791,0.00,0.00
2017.03.23 13:50:30.192,12.49549,12.49802,0.00,0.00
2017.03.23 13:50:30.296,12.49559,12.49829,0.00,0.00
2017.03.23 13:50:30.500,12.49568,12.49829,0.00,0.00
2017.03.23 13:50:30.551,12.49568,12.49831,0.00,0.00
2017.03.23 13:50:30.693,12.49549,12.49831,0.00,0.00
2017.03.23 13:50:30.818,12.49558,12.49831,0.00,0.00
2017.03.23 13:50:30.919,12.49549,12.49831,0.00,0.00
2017.03.23 13:50:31.037,12.49549,12.49811,0.00,0.00
2017.03.23 13:50:31.189,12.49549,12.49822,0.00,0.00
2017.03.23 13:50:31.239,12.49568,12.49831,0.00,0.00
2017.03.23 13:50:31.340,12.49559,12.49831,0.00,0.00
2017.03.23 13:50:31.442,12.49549,12.49812,0.00,0.00
2017.03.23 13:50:31.749,12.49549,12.49802,0.00,0.00
2017.03.23 13:50:32.075,12.49648,12.49891,0.00,0.00
2017.03.23 13:50:32.611,12.49649,12.49892,0.00,0.00
2017.03.23 13:50:32.912,12.49649,12.49862,0.00,0.00
2017.03.23 13:50:33.105,12.49649,12.49892,0.00,0.00
2017.03.23 13:50:33.303,12.49649,12.49902,0.00,0.00
2017.03.23 13:50:33.403,12.49649,12.49891,0.00,0.00
2017.03.23 13:50:33.708,12.49649,12.49861,0.00,0.00
2017.03.23 13:50:33.804,12.49649,12.49892,0.00,0.00
2017.03.23 13:50:34.112,12.49649,12.49882,0.00,0.00
2017.03.23 13:50:34.213,12.49649,12.49892,0.00,0.00
2017.03.23 13:50:34.327,12.49649,12.49901,0.00,0.00
2017.03.23 13:50:34.430,12.49649,12.49862,0.00,0.00
2017.03.23 13:50:34.910,12.49649,12.49871,0.00,0.00
2017.03.23 13:50:35.238,12.49649,12.49891,0.00,0.00
2017.03.23 13:50:35.342,12.49618,12.49881,0.00,0.00
2017.03.23 13:50:35.443,12.49609,12.49881,0.00,0.00
2017.03.23 13:50:35.544,12.49599,12.49822,0.00,0.00
2017.03.23 13:50:35.594,12.49548,12.49822,0.00,0.00
2017.03.23 13:50:35.645,12.49548,12.49812,0.00,0.00
2017.03.23 13:50:36.073,12.49548,12.49801,0.00,0.00
2017.03.23 13:50:36.412,12.49548,12.49832,0.00,0.00
2017.03.23 13:50:36.520,12.49548,12.49802,0.00,0.00
2017.03.23 13:50:36.652,12.49548,12.49821,0.00,0.00
2017.03.23 13:50:36.915,12.49548,12.49812,0.00,0.00
2017.03.23 13:50:37.217,12.49548,12.49782,0.00,0.00
2017.03.23 13:50:37.450,12.49548,12.49811,0.00,0.00
2017.03.23 13:50:37.557,12.49548,12.49832,0.00,0.00
2017.03.23 13:50:37.658,12.49612,12.49842,0.00,0.00
2017.03.23 13:50:37.766,12.49648,12.49902,0.00,0.00
2017.03.23 13:50:37.817,12.49648,12.49848,0.00,0.00
2017.03.23 13:50:37.917,12.49588,12.49831,0.00,0.00
2017.03.23 13:50:37.968,12.49571,12.49811,0.00,0.00
2017.03.23 13:50:38.080,12.49579,12.49831,0.00,0.00
2017.03.23 13:50:38.181,12.49648,12.49861,0.00,0.00
2017.03.23 13:50:38.332,12.49549,12.49801,0.00,0.00
2017.03.23 13:50:38.446,12.49549,12.49791,0.00,0.00
2017.03.23 13:50:38.754,12.49549,12.49831,0.00,0.00
2017.03.23 13:50:39.123,12.49559,12.49831,0.00,0.00
2017.03.23 13:50:39.441,12.49549,12.49811,0.00,0.00
2017.03.23 13:50:39.649,12.49549,12.49821,0.00,0.00
2017.03.23 13:50:39.825,12.49549,12.49812,0.00,0.00
2017.03.23 13:50:39.932,12.49549,12.49831,0.00,0.00
2017.03.23 13:50:40.130,12.49568,12.49831,0.00,0.00
2017.03.23 13:50:40.702,12.49569,12.49831,0.00,0.00
2017.03.23 13:50:41.050,12.49648,12.49872,0.00,0.00
2017.03.23 13:50:41.101,12.49598,12.49872,0.00,0.00
2017.03.23 13:50:41.152,12.49608,12.49882,0.00,0.00
2017.03.23 13:50:41.459,12.49698,12.49901,0.00,0.00
2017.03.23 13:50:41.662,12.49698,12.49961,0.00,0.00
2017.03.23 13:50:41.718,12.49748,12.49961,0.00,0.00
2017.03.23 13:50:41.769,12.49748,12.49971,0.00,0.00
2017.03.23 13:50:41.873,12.49748,12.50002,0.00,0.00
2017.03.23 13:50:42.133,12.49748,12.50012,0.00,0.00
2017.03.23 13:50:42.240,12.49748,12.50029,0.00,0.00
2017.03.23 13:50:42.456,12.49748,12.49981,0.00,0.00
2017.03.23 13:50:42.507,12.49699,12.49979,0.00,0.00
2017.03.23 13:50:42.558,12.49699,12.49972,0.00,0.00
2017.03.23 13:50:42.870,12.49649,12.49922,0.00,0.00
2017.03.23 13:50:43.186,12.49549,12.49831,0.00,0.00
2017.03.23 13:50:43.236,12.49548,12.49821,0.00,0.00
2017.03.23 13:50:43.577,12.49548,12.49782,0.00,0.00
2017.03.23 13:50:43.628,12.49521,12.49781,0.00,0.00
2017.03.23 13:50:43.679,12.49529,12.49781,0.00,0.00
2017.03.23 13:50:43.943,12.49548,12.49821,0.00,0.00
2017.03.23 13:50:44.045,12.49548,12.49792,0.00,0.00
2017.03.23 13:50:44.164,12.49548,12.49812,0.00,0.00
2017.03.23 13:50:44.265,12.49548,12.49792,0.00,0.00
2017.03.23 13:50:44.384,12.49548,12.49811,0.00,0.00
2017.03.23 13:50:44.490,12.49549,12.49831,0.00,0.00
2017.03.23 13:50:44.541,12.49559,12.49832,0.00,0.00
2017.03.23 13:50:44.892,12.49548,12.49792,0.00,0.00
2017.03.23 13:50:44.942,12.49549,12.49831,0.00,0.00
2017.03.23 13:50:45.128,12.49548,12.49812,0.00,0.00
2017.03.23 13:50:45.344,12.49548,12.49832,0.00,0.00
2017.03.23 13:50:45.467,12.49539,12.49731,0.00,0.00
2017.03.23 13:50:45.568,12.49449,12.49731,0.00,0.00
2017.03.23 13:50:45.618,12.49549,12.49731,0.00,0.00
2017.03.23 13:50:45.669,12.49549,12.49789,0.00,0.00
2017.03.23 13:50:45.770,12.49511,12.49782,0.00,0.00
2017.03.23 13:50:45.870,12.49548,12.49812,0.00,0.00
2017.03.23 13:50:46.201,12.49522,12.49732,0.00,0.00
2017.03.23 13:50:46.251,12.49548,12.49822,0.00,0.00
2017.03.23 13:50:46.575,12.49558,12.49832,0.00,0.00
2017.03.23 13:50:46.877,12.49548,12.49822,0.00,0.00
2017.03.23 13:50:47.196,12.49558,12.49832,0.00,0.00
2017.03.23 13:50:47.635,12.49548,12.49792,0.00,0.00
2017.03.23 13:50:48.015,12.49508,12.49749,0.00,0.00
2017.03.23 13:50:48.066,12.49509,12.49781,0.00,0.00
2017.03.23 13:50:48.167,12.49498,12.49772,0.00,0.00
2017.03.23 13:50:48.217,12.49521,12.49772,0.00,0.00
2017.03.23 13:50:48.369,12.49559,12.49832,0.00,0.00
2017.03.23 13:50:48.659,12.49548,12.49822,0.00,0.00
2017.03.23 13:50:48.761,12.49558,12.49832,0.00,0.00
2017.03.23 13:50:49.074,12.49568,12.49832,0.00,0.00
2017.03.23 13:50:49.177,12.49548,12.49821,0.00,0.00
2017.03.23 13:50:49.289,12.49548,12.49812,0.00,0.00
2017.03.23 13:50:49.593,12.49548,12.49821,0.00,0.00
2017.03.23 13:50:49.704,12.49548,12.49801,0.00,0.00
2017.03.23 13:50:49.862,12.49548,12.49822,0.00,0.00
2017.03.23 13:50:49.981,12.49548,12.49802,0.00,0.00
2017.03.23 13:50:50.309,12.49548,12.49811,0.00,0.00
2017.03.23 13:50:50.466,12.49548,12.49802,0.00,0.00
2017.03.23 13:50:50.703,12.49548,12.49832,0.00,0.00
2017.03.23 13:50:50.762,12.49548,12.49812,0.00,0.00
2017.03.23 13:50:50.911,12.49548,12.49832,0.00,0.00
2017.03.23 13:50:50.961,12.49548,12.49748,0.00,0.00
2017.03.23 13:50:51.013,12.49539,12.49748,0.00,0.00
2017.03.23 13:50:51.113,12.49479,12.49731,0.00,0.00
2017.03.23 13:50:51.164,12.49458,12.49731,0.00,0.00
2017.03.23 13:50:51.265,12.49449,12.49712,0.00,0.00
2017.03.23 13:50:51.573,12.49548,12.49812,0.00,0.00
2017.03.23 13:50:51.787,12.49548,12.49801,0.00,0.00
2017.03.23 13:50:51.860,12.49522,12.49781,0.00,0.00
2017.03.23 13:50:51.910,12.49528,12.49781,0.00,0.00
2017.03.23 13:50:52.112,12.49449,12.49731,0.00,0.00
2017.03.23 13:50:52.213,12.49521,12.49722,0.00,0.00
2017.03.23 13:50:52.263,12.49498,12.49722,0.00,0.00
2017.03.23 13:50:52.314,12.49499,12.49731,0.00,0.00
2017.03.23 13:50:52.364,12.49522,12.49731,0.00,0.00
2017.03.23 13:50:52.415,12.49522,12.49781,0.00,0.00
2017.03.23 13:50:52.465,12.49548,12.49781,0.00,0.00
2017.03.23 13:50:52.516,12.49548,12.49812,0.00,0.00
2017.03.23 13:50:52.968,12.49548,12.49781,0.00,0.00
2017.03.23 13:50:53.211,12.49548,12.49812,0.00,0.00
2017.03.23 13:50:53.330,12.49548,12.49832,0.00,0.00
2017.03.23 13:50:53.381,12.49548,12.49822,0.00,0.00
2017.03.23 13:50:53.482,12.49548,12.49832,0.00,0.00
2017.03.23 13:50:53.670,12.49548,12.49822,0.00,0.00
2017.03.23 13:50:53.780,12.49549,12.49831,0.00,0.00
2017.03.23 13:50:53.913,12.49548,12.49821,0.00,0.00
2017.03.23 13:50:54.231,12.49648,12.49821,0.00,0.00
2017.03.23 13:50:54.282,12.49648,12.49841,0.00,0.00
2017.03.23 13:50:54.400,12.49648,12.49911,0.00,0.00
2017.03.23 13:50:54.506,12.49648,12.49872,0.00,0.00
2017.03.23 13:50:54.888,12.49598,12.49801,0.00,0.00
2017.03.23 13:50:54.939,12.49549,12.49801,0.00,0.00
2017.03.23 13:50:55.041,12.49549,12.49811,0.00,0.00
2017.03.23 13:50:55.092,12.49549,12.49792,0.00,0.00
2017.03.23 13:50:55.374,12.49549,12.49822,0.00,0.00
2017.03.23 13:50:55.779,12.49549,12.49792,0.00,0.00
2017.03.23 13:50:55.893,12.49549,12.49821,0.00,0.00
2017.03.23 13:50:56.275,12.49549,12.49811,0.00,0.00
2017.03.23 13:50:56.700,12.49549,12.49791,0.00,0.00
2017.03.23 13:50:56.826,12.49549,12.49831,0.00,0.00
2017.03.23 13:50:56.877,12.49549,12.49811,0.00,0.00
2017.03.23 13:50:57.005,12.49549,12.49831,0.00,0.00
2017.03.23 13:50:57.106,12.49558,12.49831,0.00,0.00
2017.03.23 13:50:57.179,12.49549,12.49831,0.00,0.00
2017.03.23 13:50:57.479,12.49558,12.49831,0.00,0.00
2017.03.23 13:50:57.781,12.49549,12.49802,0.00,0.00
2017.03.23 13:50:58.149,12.49549,12.49792,0.00,0.00
2017.03.23 13:50:58.200,12.49549,12.49831,0.00,0.00
2017.03.23 13:50:58.300,12.49558,12.49831,0.00,0.00
2017.03.23 13:50:58.401,12.49549,12.49831,0.00,0.00
2017.03.23 13:50:58.484,12.49549,12.49792,0.00,0.00
2017.03.23 13:50:58.818,12.49559,12.49831,0.00,0.00
2017.03.23 13:50:58.886,12.49549,12.49821,0.00,0.00
2017.03.23 13:50:59.223,12.49549,12.49801,0.00,0.00
2017.03.23 13:50:59.637,12.49549,12.49821,0.00,0.00
2017.03.23 13:50:59.695,12.49559,12.49831,0.00,0.00
2017.03.23 13:50:59.800,12.49549,12.49822,0.00,0.00
2017.03.23 13:50:59.923,12.49549,12.49831,0.00,0.00
2017.03.23 13:50:59.990,12.49549,12.49802,0.00,0.00
2017.03.23 13:51:00.302,12.49549,12.49811,0.00,0.00
2017.03.23 13:51:00.403,12.49549,12.49772,0.00,0.00
2017.03.23 13:51:00.543,12.49549,12.49782,0.00,0.00
2017.03.23 13:51:00.702,12.49549,12.49812,0.00,0.00
2017.03.23 13:51:00.810,12.49549,12.49831,0.00,0.00
2017.03.23 13:51:01.040,12.49569,12.49831,0.00,0.00
2017.03.23 13:51:01.298,12.49549,12.49821,0.00,0.00
2017.03.23 13:51:01.348,12.49539,12.49732,0.00,0.00
2017.03.23 13:51:01.449,12.49509,12.49732,0.00,0.00
2017.03.23 13:51:01.500,12.49448,12.49721,0.00,0.00
2017.03.23 13:51:01.702,12.49478,12.49732,0.00,0.00
2017.03.23 13:51:02.036,12.49459,12.49659,0.00,0.00
2017.03.23 13:51:02.136,12.49368,12.49632,0.00,0.00
2017.03.23 13:51:02.187,12.49448,12.49652,0.00,0.00
2017.03.23 13:51:02.338,12.49448,12.49682,0.00,0.00
2017.03.23 13:51:02.462,12.49469,12.49732,0.00,0.00
2017.03.23 13:51:02.513,12.49458,12.49732,0.00,0.00
2017.03.23 13:51:02.603,12.49448,12.49702,0.00,0.00
2017.03.23 13:51:02.956,12.49448,12.49692,0.00,0.00
2017.03.23 13:51:03.007,12.49448,12.49712,0.00,0.00
2017.03.23 13:51:03.240,12.49448,12.49691,0.00,0.00
2017.03.23 13:51:03.306,12.49448,12.49712,0.00,0.00
2017.03.23 13:51:03.405,12.49448,12.49732,0.00,0.00
2017.03.23 13:51:03.509,12.49469,12.49732,0.00,0.00
2017.03.23 13:51:03.712,12.49448,12.49732,0.00,0.00
2017.03.23 13:51:03.815,12.49448,12.49721,0.00,0.00
2017.03.23 13:51:04.026,12.49458,12.49732,0.00,0.00
2017.03.23 13:51:04.151,12.49448,12.49732,0.00,0.00
2017.03.23 13:51:04.210,12.49448,12.49702,0.00,0.00
2017.03.23 13:51:04.411,12.49448,12.49721,0.00,0.00
2017.03.23 13:51:04.735,12.49448,12.49702,0.00,0.00
2017.03.23 13:51:04.836,12.49448,12.49732,0.00,0.00
2017.03.23 13:51:04.913,12.49448,12.49701,0.00,0.00
2017.03.23 13:51:05.218,12.49448,12.49711,0.00,0.00
2017.03.23 13:51:05.315,12.49448,12.49702,0.00,0.00
2017.03.23 13:51:05.720,12.49448,12.49711,0.00,0.00
2017.03.23 13:51:05.838,12.49448,12.49732,0.00,0.00
2017.03.23 13:51:05.939,12.49469,12.49732,0.00,0.00
2017.03.23 13:51:06.048,12.49448,12.49722,0.00,0.00
2017.03.23 13:51:06.118,12.49448,12.49712,0.00,0.00
2017.03.23 13:51:06.222,12.49458,12.49732,0.00,0.00
2017.03.23 13:51:06.318,12.49469,12.49732,0.00,0.00
2017.03.23 13:51:06.422,12.49448,12.49712,0.00,0.00
2017.03.23 13:51:06.524,12.49448,12.49692,0.00,0.00
2017.03.23 13:51:06.640,12.49448,12.49702,0.00,0.00
2017.03.23 13:51:06.748,12.49449,12.49731,0.00,0.00
2017.03.23 13:51:06.921,12.49458,12.49732,0.00,0.00
2017.03.23 13:51:07.322,12.49448,12.49722,0.00,0.00
2017.03.23 13:51:07.639,12.49448,12.49701,0.00,0.00
2017.03.23 13:51:07.758,12.49448,12.49732,0.00,0.00
2017.03.23 13:51:07.871,12.49458,12.49732,0.00,0.00
2017.03.23 13:51:08.182,12.49448,12.49692,0.00,0.00
2017.03.23 13:51:08.430,12.49448,12.49721,0.00,0.00
2017.03.23 13:51:08.531,12.49448,12.49691,0.00,0.00
2017.03.23 13:51:08.633,12.49459,12.49732,0.00,0.00
2017.03.23 13:51:08.726,12.49478,12.49732,0.00,0.00
2017.03.23 13:51:08.984,12.49448,12.49732,0.00,0.00
2017.03.23 13:51:09.034,12.49478,12.49732,0.00,0.00
2017.03.23 13:51:09.188,12.49499,12.49762,0.00,0.00
2017.03.23 13:51:09.239,12.49512,12.49771,0.00,0.00
2017.03.23 13:51:09.340,12.49548,12.49828,0.00,0.00
2017.03.23 13:51:09.550,12.49509,12.49782,0.00,0.00
2017.03.23 13:51:09.852,12.49548,12.49832,0.00,0.00
2017.03.23 13:51:10.018,12.49548,12.49781,0.00,0.00
2017.03.23 13:51:10.073,12.49499,12.49752,0.00,0.00
2017.03.23 13:51:10.329,12.49548,12.49752,0.00,0.00
2017.03.23 13:51:10.380,12.49548,12.49801,0.00,0.00
2017.03.23 13:51:10.433,12.49548,12.49832,0.00,0.00
2017.03.23 13:51:10.533,12.49559,12.49832,0.00,0.00
2017.03.23 13:51:10.663,12.49548,12.49832,0.00,0.00
2017.03.23 13:51:10.735,12.49548,12.49802,0.00,0.00
2017.03.23 13:51:10.785,12.49518,12.49782,0.00,0.00
2017.03.23 13:51:10.836,12.49521,12.49761,0.00,0.00
2017.03.23 13:51:10.936,12.49549,12.49791,0.00,0.00
2017.03.23 13:51:10.988,12.49598,12.49791,0.00,0.00
2017.03.23 13:51:11.038,12.49621,12.49822,0.00,0.00
2017.03.23 13:51:11.235,12.49648,12.49822,0.00,0.00
2017.03.23 13:51:11.286,12.49648,12.49922,0.00,0.00
2017.03.23 13:51:11.542,12.49648,12.49881,0.00,0.00
2017.03.23 13:51:11.642,12.49648,12.49902,0.00,0.00
2017.03.23 13:51:11.751,12.49648,12.49922,0.00,0.00
2017.03.23 13:51:11.853,12.49648,12.49902,0.00,0.00
2017.03.23 13:51:12.275,12.49648,12.49912,0.00,0.00
2017.03.23 13:51:12.384,12.49648,12.49881,0.00,0.00
2017.03.23 13:51:12.644,12.49648,12.49911,0.00,0.00
2017.03.23 13:51:12.745,12.49648,12.49921,0.00,0.00
2017.03.23 13:51:12.881,12.49648,12.49932,0.00,0.00
2017.03.23 13:51:12.981,12.49648,12.49902,0.00,0.00
2017.03.23 13:51:13.391,12.49609,12.49832,0.00,0.00
2017.03.23 13:51:13.522,12.49548,12.49811,0.00,0.00
2017.03.23 13:51:13.576,12.49548,12.49801,0.00,0.00
2017.03.23 13:51:13.677,12.49548,12.49812,0.00,0.00
2017.03.23 13:51:13.796,12.49568,12.49832,0.00,0.00
2017.03.23 13:51:13.974,12.49548,12.49832,0.00,0.00
2017.03.23 13:51:14.080,12.49548,12.49811,0.00,0.00
2017.03.23 13:51:14.418,12.49548,12.49791,0.00,0.00
2017.03.23 13:51:14.737,12.49521,12.49732,0.00,0.00
2017.03.23 13:51:14.787,12.49498,12.49749,0.00,0.00
2017.03.23 13:51:15.004,12.49522,12.49732,0.00,0.00
2017.03.23 13:51:15.168,12.49549,12.49822,0.00,0.00
2017.03.23 13:51:15.277,12.49538,12.49782,0.00,0.00
2017.03.23 13:51:15.377,12.49521,12.49781,0.00,0.00
2017.03.23 13:51:15.428,12.49548,12.49781,0.00,0.00
2017.03.23 13:51:15.478,12.49548,12.49801,0.00,0.00
2017.03.23 13:51:15.557,12.49548,12.49771,0.00,0.00
2017.03.23 13:51:15.658,12.49548,12.49792,0.00,0.00
2017.03.23 13:51:15.772,12.49548,12.49821,0.00,0.00
2017.03.23 13:51:15.874,12.49558,12.49832,0.00,0.00
2017.03.23 13:51:16.058,12.49548,12.49822,0.00,0.00
2017.03.23 13:51:16.561,12.49498,12.49748,0.00,0.00
2017.03.23 13:51:16.611,12.49522,12.49782,0.00,0.00
2017.03.23 13:51:16.662,12.49469,12.49732,0.00,0.00
2017.03.23 13:51:16.763,12.49458,12.49732,0.00,0.00
2017.03.23 13:51:16.872,12.49449,12.49731,0.00,0.00
2017.03.23 13:51:16.973,12.49459,12.49732,0.00,0.00
2017.03.23 13:51:17.460,12.49498,12.49742,0.00,0.00
2017.03.23 13:51:17.510,12.49499,12.49749,0.00,0.00
2017.03.23 13:51:17.612,12.49489,12.49732,0.00,0.00
2017.03.23 13:51:17.864,12.49558,12.49832,0.00,0.00
2017.03.23 13:51:18.093,12.49548,12.49812,0.00,0.00
2017.03.23 13:51:18.383,12.49548,12.49821,0.00,0.00
2017.03.23 13:51:18.606,12.49548,12.49832,0.00,0.00
2017.03.23 13:51:18.667,12.49548,12.49812,0.00,0.00
2017.03.23 13:51:19.178,12.49548,12.49801,0.00,0.00
2017.03.23 13:51:19.279,12.49548,12.49812,0.00,0.00
2017.03.23 13:51:19.399,12.49548,12.49821,0.00,0.00
2017.03.23 13:51:19.469,12.49548,12.49832,0.00,0.00
2017.03.23 13:51:19.570,12.49548,12.49792,0.00,0.00
2017.03.23 13:51:19.790,12.49549,12.49831,0.00,0.00
2017.03.23 13:51:19.919,12.49548,12.49821,0.00,0.00
2017.03.23 13:51:20.243,12.49559,12.49832,0.00,0.00
2017.03.23 13:51:20.551,12.49548,12.49812,0.00,0.00
2017.03.23 13:51:20.601,12.49559,12.49832,0.00,0.00
2017.03.23 13:51:20.712,12.49548,12.49821,0.00,0.00
2017.03.23 13:51:20.892,12.49558,12.49832,0.00,0.00
2017.03.23 13:51:21.021,12.49579,12.49832,0.00,0.00
2017.03.23 13:51:21.072,12.49559,12.49832,0.00,0.00
2017.03.23 13:51:21.592,12.49548,12.49832,0.00,0.00
2017.03.23 13:51:21.673,12.49568,12.49832,0.00,0.00
2017.03.23 13:51:21.773,12.49559,12.49832,0.00,0.00
2017.03.23 13:51:22.095,12.49548,12.49822,0.00,0.00
2017.03.23 13:51:22.218,12.49558,12.49832,0.00,0.00
2017.03.23 13:51:22.905,12.49559,12.49832,0.00,0.00
2017.03.23 13:51:23.214,12.49579,12.49832,0.00,0.00
2017.03.23 13:51:23.473,12.49649,12.49912,0.00,0.00
2017.03.23 13:51:23.582,12.49668,12.49931,0.00,0.00
2017.03.23 13:51:23.901,12.49678,12.49932,0.00,0.00
2017.03.23 13:51:24.107,12.49648,12.49921,0.00,0.00
2017.03.23 13:51:24.282,12.49648,12.49912,0.00,0.00
2017.03.23 13:51:24.670,12.49648,12.49902,0.00,0.00
2017.03.23 13:51:24.780,12.49648,12.49911,0.00,0.00
2017.03.23 13:51:24.932,12.49648,12.49891,0.00,0.00
2017.03.23 13:51:24.982,12.49648,12.49921,0.00,0.00
2017.03.23 13:51:25.091,12.49648,12.49892,0.00,0.00
2017.03.23 13:51:25.180,12.49648,12.49922,0.00,0.00
2017.03.23 13:51:25.397,12.49648,12.49911,0.00,0.00
2017.03.23 13:51:25.515,12.49658,12.49932,0.00,0.00
2017.03.23 13:51:25.731,12.49648,12.49891,0.00,0.00
2017.03.23 13:51:25.782,12.49648,12.49902,0.00,0.00
2017.03.23 13:51:25.883,12.49649,12.49931,0.00,0.00
2017.03.23 13:51:25.984,12.49659,12.49932,0.00,0.00
2017.03.23 13:51:26.296,12.49648,12.49901,0.00,0.00
2017.03.23 13:51:26.510,12.49648,12.49932,0.00,0.00
2017.03.23 13:51:26.613,12.49648,12.49911,0.00,0.00
2017.03.23 13:51:26.897,12.49648,12.49922,0.00,0.00
2017.03.23 13:51:26.998,12.49648,12.49902,0.00,0.00
2017.03.23 13:51:27.287,12.49659,12.49932,0.00,0.00
2017.03.23 13:51:27.400,12.49649,12.49931,0.00,0.00
2017.03.23 13:51:27.639,12.49648,12.49912,0.00,0.00
2017.03.23 13:51:28.041,12.49648,12.49902,0.00,0.00
2017.03.23 13:51:28.214,12.49648,12.49911,0.00,0.00
2017.03.23 13:51:28.286,12.49649,12.49931,0.00,0.00
2017.03.23 13:51:28.391,12.49648,12.49901,0.00,0.00
2017.03.23 13:51:28.497,12.49648,12.49911,0.00,0.00
2017.03.23 13:51:28.587,12.49658,12.49932,0.00,0.00
2017.03.23 13:51:29.092,12.49648,12.49902,0.00,0.00
2017.03.23 13:51:29.294,12.49548,12.49812,0.00,0.00
2017.03.23 13:51:29.605,12.49548,12.49802,0.00,0.00
2017.03.23 13:51:29.804,12.49559,12.49832,0.00,0.00
2017.03.23 13:51:29.990,12.49568,12.49832,0.00,0.00
2017.03.23 13:51:30.291,12.49549,12.49831,0.00,0.00
2017.03.23 13:51:30.391,12.49548,12.49822,0.00,0.00
2017.03.23 13:51:30.793,12.49549,12.49831,0.00,0.00
2017.03.23 13:51:31.193,12.49548,12.49821,0.00,0.00
2017.03.23 13:51:31.653,12.49548,12.49792,0.00,0.00
2017.03.23 13:51:31.805,12.49558,12.49832,0.00,0.00
2017.03.23 13:51:32.115,12.49548,12.49822,0.00,0.00
2017.03.23 13:51:32.437,12.49548,12.49772,0.00,0.00
2017.03.23 13:51:32.896,12.49548,12.49822,0.00,0.00
2017.03.23 13:51:32.998,12.49558,12.49832,0.00,0.00
2017.03.23 13:51:33.220,12.49549,12.49831,0.00,0.00
2017.03.23 13:51:33.297,12.49548,12.49811,0.00,0.00
2017.03.23 13:51:33.497,12.49548,12.49822,0.00,0.00
2017.03.23 13:51:33.748,12.49548,12.49812,0.00,0.00
2017.03.23 13:51:34.080,12.49548,12.49782,0.00,0.00
2017.03.23 13:51:34.446,12.49548,12.49822,0.00,0.00
2017.03.23 13:51:34.499,12.49548,12.49802,0.00,0.00
2017.03.23 13:51:34.840,12.49548,12.49792,0.00,0.00
2017.03.23 13:51:35.153,12.49548,12.49782,0.00,0.00
2017.03.23 13:51:35.204,12.49548,12.49811,0.00,0.00
2017.03.23 13:51:35.515,12.49548,12.49791,0.00,0.00
2017.03.23 13:51:35.904,12.49548,12.49812,0.00,0.00
2017.03.23 13:51:36.246,12.49548,12.49802,0.00,0.00
2017.03.23 13:51:36.510,12.49548,12.49821,0.00,0.00
2017.03.23 13:51:36.619,12.49569,12.49832,0.00,0.00
2017.03.23 13:51:36.843,12.49558,12.49832,0.00,0.00
2017.03.23 13:51:37.002,12.49611,12.49842,0.00,0.00
2017.03.23 13:51:37.153,12.49648,12.49921,0.00,0.00
2017.03.23 13:51:37.204,12.49648,12.49912,0.00,0.00
2017.03.23 13:51:37.529,12.49648,12.49871,0.00,0.00
2017.03.23 13:51:37.636,12.49648,12.49911,0.00,0.00
2017.03.23 13:51:37.705,12.49648,12.49892,0.00,0.00
2017.03.23 13:51:38.037,12.49648,12.49912,0.00,0.00
2017.03.23 13:51:38.306,12.49648,12.49892,0.00,0.00
2017.03.23 13:51:38.410,12.49618,12.49882,0.00,0.00
2017.03.23 13:51:38.510,12.49628,12.49882,0.00,0.00
2017.03.23 13:51:38.954,12.49648,12.49901,0.00,0.00
2017.03.23 13:51:39.167,12.49578,12.49832,0.00,0.00
2017.03.23 13:51:39.218,12.49548,12.49802,0.00,0.00
2017.03.23 13:51:39.522,12.49548,12.49822,0.00,0.00
2017.03.23 13:51:39.804,12.49599,12.49822,0.00,0.00
2017.03.23 13:51:40.012,12.49578,12.49832,0.00,0.00
2017.03.23 13:51:40.063,12.49598,12.49862,0.00,0.00
2017.03.23 13:51:40.165,12.49598,12.49872,0.00,0.00
2017.03.23 13:51:40.216,12.49599,12.49832,0.00,0.00
2017.03.23 13:51:40.336,12.49548,12.49822,0.00,0.00
2017.03.23 13:51:40.437,12.49548,12.49811,0.00,0.00
2017.03.23 13:51:40.825,12.49549,12.49732,0.00,0.00
2017.03.23 13:51:40.926,12.49458,12.49732,0.00,0.00
2017.03.23 13:51:41.145,12.49448,12.49732,0.00,0.00
2017.03.23 13:51:41.413,12.49479,12.49732,0.00,0.00
2017.03.23 13:51:41.763,12.49489,12.49732,0.00,0.00
2017.03.23 13:51:41.913,12.49468,12.49732,0.00,0.00
2017.03.23 13:51:42.013,12.49458,12.49732,0.00,0.00
2017.03.23 13:51:42.246,12.49469,12.49732,0.00,0.00
2017.03.23 13:51:42.435,12.49459,12.49732,0.00,0.00
2017.03.23 13:51:42.515,12.49448,12.49722,0.00,0.00
2017.03.23 13:51:42.653,12.49488,12.49732,0.00,0.00
2017.03.23 13:51:43.042,12.49449,12.49731,0.00,0.00
2017.03.23 13:51:43.093,12.49549,12.49731,0.00,0.00
2017.03.23 13:51:43.244,12.49549,12.49749,0.00,0.00
2017.03.23 13:51:43.345,12.49488,12.49732,0.00,0.00
2017.03.23 13:51:43.447,12.49448,12.49732,0.00,0.00
2017.03.23 13:51:43.563,12.49448,12.49722,0.00,0.00
2017.03.23 13:51:43.917,12.49459,12.49732,0.00,0.00
2017.03.23 13:51:44.230,12.49448,12.49732,0.00,0.00
2017.03.23 13:51:44.458,12.49478,12.49732,0.00,0.00
2017.03.23 13:51:44.519,12.49468,12.49732,0.00,0.00
2017.03.23 13:51:44.627,12.49448,12.49732,0.00,0.00
2017.03.23 13:51:45.241,12.49469,12.49732,0.00,0.00
2017.03.23 13:51:45.344,12.49448,12.49721,0.00,0.00
2017.03.23 13:51:45.621,12.49449,12.49731,0.00,0.00
2017.03.23 13:51:45.730,12.49448,12.49712,0.00,0.00
2017.03.23 13:51:45.966,12.49449,12.49731,0.00,0.00
2017.03.23 13:51:46.322,12.49448,12.49711,0.00,0.00
2017.03.23 13:51:46.796,12.49448,12.49722,0.00,0.00
2017.03.23 13:51:46.846,12.49448,12.49702,0.00,0.00
2017.03.23 13:51:46.951,12.49448,12.49722,0.00,0.00
2017.03.23 13:51:47.328,12.49458,12.49732,0.00,0.00
2017.03.23 13:51:47.678,12.49448,12.49712,0.00,0.00
2017.03.23 13:51:48.269,12.49448,12.49721,0.00,0.00
2017.03.23 13:51:48.326,12.49468,12.49732,0.00,0.00
2017.03.23 13:51:48.639,12.49448,12.49712,0.00,0.00
2017.03.23 13:51:48.740,12.49448,12.49721,0.00,0.00
2017.03.23 13:51:48.841,12.49478,12.49732,0.00,0.00
2017.03.23 13:51:48.948,12.49448,12.49732,0.00,0.00
2017.03.23 13:51:49.072,12.49499,12.49749,0.00,0.00
2017.03.23 13:51:49.352,12.49459,12.49731,0.00,0.00
2017.03.23 13:51:49.453,12.49449,12.49731,0.00,0.00
2017.03.23 13:51:49.561,12.49498,12.49731,0.00,0.00
2017.03.23 13:51:49.670,12.49458,12.49731,0.00,0.00
2017.03.23 13:51:50.145,12.49498,12.49731,0.00,0.00
2017.03.23 13:51:50.246,12.49449,12.49731,0.00,0.00
2017.03.23 13:51:51.551,12.49449,12.49722,0.00,0.00
2017.03.23 13:51:51.868,12.49449,12.49701,0.00,0.00
2017.03.23 13:51:52.232,12.49449,12.49692,0.00,0.00
2017.03.23 13:51:52.283,12.49449,12.49711,0.00,0.00
2017.03.23 13:51:52.337,12.49449,12.49731,0.00,0.00
2017.03.23 13:51:52.656,12.49449,12.49722,0.00,0.00
2017.03.23 13:51:52.838,12.49449,12.49731,0.00,0.00
2017.03.23 13:51:52.939,12.49449,12.49712,0.00,0.00
2017.03.23 13:51:53.263,12.49458,12.49731,0.00,0.00
2017.03.23 13:51:53.379,12.49449,12.49722,0.00,0.00
2017.03.23 13:51:53.708,12.49469,12.49731,0.00,0.00
2017.03.23 13:51:53.891,12.49449,12.49719,0.00,0.00
2017.03.23 13:51:53.941,12.49449,12.49712,0.00,0.00
2017.03.23 13:51:54.146,12.49449,12.49719,0.00,0.00
2017.03.23 13:51:54.257,12.49469,12.49719,0.00,0.00
2017.03.23 13:51:54.342,12.49449,12.49719,0.00,0.00
2017.03.23 13:51:54.589,12.49449,12.49712,0.00,0.00
2017.03.23 13:51:54.764,12.49449,12.49719,0.00,0.00
2017.03.23 13:51:54.843,12.49449,12.49712,0.00,0.00
2017.03.23 13:51:55.196,12.49459,12.49719,0.00,0.00
2017.03.23 13:51:55.588,12.49449,12.49719,0.00,0.00
2017.03.23 13:51:55.646,12.49468,12.49719,0.00,0.00
2017.03.23 13:51:55.846,12.49458,12.49719,0.00,0.00
2017.03.23 13:51:56.048,12.49478,12.49719,0.00,0.00
2017.03.23 13:51:56.397,12.49449,12.49719,0.00,0.00
2017.03.23 13:51:57.272,12.49468,12.49719,0.00,0.00
2017.03.23 13:51:57.373,12.49449,12.49712,0.00,0.00
2017.03.23 13:51:57.479,12.49449,12.49719,0.00,0.00
2017.03.23 13:51:57.587,12.49468,12.49719,0.00,0.00
2017.03.23 13:51:57.688,12.49449,12.49701,0.00,0.00
2017.03.23 13:51:57.985,12.49458,12.49719,0.00,0.00
2017.03.23 13:51:58.161,12.49449,12.49719,0.00,0.00
2017.03.23 13:51:58.255,12.49458,12.49719,0.00,0.00
2017.03.23 13:51:58.356,12.49449,12.49719,0.00,0.00
2017.03.23 13:51:58.593,12.49459,12.49719,0.00,0.00
2017.03.23 13:51:58.762,12.49449,12.49712,0.00,0.00
2017.03.23 13:51:58.873,12.49449,12.49719,0.00,0.00
2017.03.23 13:51:59.068,12.49449,12.49712,0.00,0.00
2017.03.23 13:51:59.173,12.49449,12.49719,0.00,0.00
2017.03.23 13:51:59.560,12.49449,12.49692,0.00,0.00
2017.03.23 13:51:59.782,12.49449,12.49719,0.00,0.00
2017.03.23 13:51:59.861,12.49459,12.49719,0.00,0.00
2017.03.23 13:51:59.965,12.49459,12.49731,0.00,0.00
2017.03.23 13:52:00.190,12.49449,12.49722,0.00,0.00
2017.03.23 13:52:00.296,12.49421,12.49682,0.00,0.00
2017.03.23 13:52:00.397,12.49408,12.49682,0.00,0.00
2017.03.23 13:52:00.448,12.49408,12.49631,0.00,0.00
2017.03.23 13:52:00.499,12.49349,12.49631,0.00,0.00
2017.03.23 13:52:00.603,12.49349,12.49622,0.00,0.00
2017.03.23 13:52:00.810,12.49349,12.49631,0.00,0.00
2017.03.23 13:52:00.912,12.49378,12.49631,0.00,0.00
2017.03.23 13:52:00.964,12.49349,12.49631,0.00,0.00
2017.03.23 13:52:01.110,12.49378,12.49631,0.00,0.00
2017.03.23 13:52:01.164,12.49358,12.49631,0.00,0.00
2017.03.23 13:52:01.426,12.49369,12.49631,0.00,0.00
2017.03.23 13:52:01.565,12.49349,12.49621,0.00,0.00
2017.03.23 13:52:01.666,12.49349,12.49611,0.00,0.00
2017.03.23 13:52:01.773,12.49349,12.49622,0.00,0.00
2017.03.23 13:52:01.901,12.49369,12.49631,0.00,0.00
2017.03.23 13:52:02.079,12.49349,12.49631,0.00,0.00
2017.03.23 13:52:02.167,12.49349,12.49602,0.00,0.00
2017.03.23 13:52:02.515,12.49349,12.49591,0.00,0.00
2017.03.23 13:52:02.616,12.49349,12.49602,0.00,0.00
2017.03.23 13:52:02.668,12.49349,12.49621,0.00,0.00
2017.03.23 13:52:02.879,12.49349,12.49631,0.00,0.00
2017.03.23 13:52:02.980,12.49358,12.49631,0.00,0.00
2017.03.23 13:52:03.320,12.49368,12.49631,0.00,0.00
2017.03.23 13:52:03.370,12.49349,12.49631,0.00,0.00
2017.03.23 13:52:03.479,12.49349,12.49592,0.00,0.00
2017.03.23 13:52:03.687,12.49368,12.49631,0.00,0.00
2017.03.23 13:52:03.800,12.49379,12.49631,0.00,0.00
2017.03.23 13:52:03.971,12.49349,12.49622,0.00,0.00
2017.03.23 13:52:04.071,12.49369,12.49631,0.00,0.00
2017.03.23 13:52:04.178,12.49349,12.49631,0.00,0.00
2017.03.23 13:52:04.371,12.49349,12.49612,0.00,0.00
2017.03.23 13:52:04.710,12.49358,12.49631,0.00,0.00
2017.03.23 13:52:04.896,12.49378,12.49631,0.00,0.00
2017.03.23 13:52:04.973,12.49368,12.49631,0.00,0.00
2017.03.23 13:52:05.073,12.49349,12.49631,0.00,0.00
2017.03.23 13:52:05.202,12.49369,12.49631,0.00,0.00
2017.03.23 13:52:05.302,12.49349,12.49631,0.00,0.00
2017.03.23 13:52:05.411,12.49349,12.49622,0.00,0.00
2017.03.23 13:52:05.474,12.49349,12.49631,0.00,0.00
2017.03.23 13:52:05.581,12.49368,12.49631,0.00,0.00
2017.03.23 13:52:05.944,12.49378,12.49631,0.00,0.00
2017.03.23 13:52:05.994,12.49349,12.49631,0.00,0.00
2017.03.23 13:52:06.125,12.49378,12.49631,0.00,0.00
2017.03.23 13:52:06.513,12.49398,12.49658,0.00,0.00
2017.03.23 13:52:06.563,12.49432,12.49671,0.00,0.00
2017.03.23 13:52:06.714,12.49448,12.49709,0.00,0.00
2017.03.23 13:52:06.816,12.49438,12.49682,0.00,0.00
2017.03.23 13:52:06.928,12.49378,12.49631,0.00,0.00
2017.03.23 13:52:06.979,12.49369,12.49631,0.00,0.00
2017.03.23 13:52:07.082,12.49349,12.49622,0.00,0.00
2017.03.23 13:52:07.178,12.49349,12.49612,0.00,0.00
2017.03.23 13:52:07.509,12.49349,12.49601,0.00,0.00
2017.03.23 13:52:07.610,12.49349,12.49631,0.00,0.00
2017.03.23 13:52:07.679,12.49349,12.49611,0.00,0.00
2017.03.23 13:52:08.009,12.49328,12.49559,0.00,0.00
2017.03.23 13:52:08.223,12.49258,12.49531,0.00,0.00
2017.03.23 13:52:08.280,12.49288,12.49531,0.00,0.00
2017.03.23 13:52:08.396,12.49258,12.49531,0.00,0.00
2017.03.23 13:52:08.606,12.49288,12.49531,0.00,0.00
2017.03.23 13:52:08.993,12.49258,12.49531,0.00,0.00
2017.03.23 13:52:09.247,12.49348,12.49542,0.00,0.00
2017.03.23 13:52:09.298,12.49348,12.49582,0.00,0.00
2017.03.23 13:52:09.402,12.49368,12.49608,0.00,0.00
2017.03.23 13:52:09.627,12.49378,12.49608,0.00,0.00
2017.03.23 13:52:09.809,12.49378,12.49632,0.00,0.00
2017.03.23 13:52:09.910,12.49369,12.49632,0.00,0.00
2017.03.23 13:52:10.023,12.49379,12.49632,0.00,0.00
2017.03.23 13:52:10.294,12.49358,12.49632,0.00,0.00
2017.03.23 13:52:10.424,12.49348,12.49622,0.00,0.00
2017.03.23 13:52:10.699,12.49349,12.49631,0.00,0.00
2017.03.23 13:52:10.809,12.49348,12.49601,0.00,0.00
2017.03.23 13:52:10.911,12.49348,12.49612,0.00,0.00
2017.03.23 13:52:11.021,12.49348,12.49621,0.00,0.00
2017.03.23 13:52:11.086,12.49348,12.49592,0.00,0.00
2017.03.23 13:52:11.216,12.49348,12.49602,0.00,0.00
2017.03.23 13:52:11.327,12.49348,12.49611,0.00,0.00
2017.03.23 13:52:11.479,12.49348,12.49632,0.00,0.00
2017.03.23 13:52:11.530,12.49348,12.49591,0.00,0.00
2017.03.23 13:52:11.789,12.49269,12.49532,0.00,0.00
2017.03.23 13:52:11.894,12.49252,12.49531,0.00,0.00
2017.03.23 13:52:12.223,12.49278,12.49532,0.00,0.00
2017.03.23 13:52:12.596,12.49259,12.49532,0.00,0.00
2017.03.23 13:52:12.721,12.49279,12.49532,0.00,0.00
2017.03.23 13:52:13.004,12.49258,12.49532,0.00,0.00
2017.03.23 13:52:13.732,12.49278,12.49532,0.00,0.00
2017.03.23 13:52:14.306,12.49248,12.49532,0.00,0.00
2017.03.23 13:52:14.393,12.49269,12.49532,0.00,0.00
2017.03.23 13:52:14.612,12.49258,12.49532,0.00,0.00
2017.03.23 13:52:14.714,12.49299,12.49532,0.00,0.00
2017.03.23 13:52:14.919,12.49249,12.49531,0.00,0.00
2017.03.23 13:52:15.096,12.49268,12.49532,0.00,0.00
2017.03.23 13:52:15.417,12.49278,12.49532,0.00,0.00
2017.03.23 13:52:15.765,12.49298,12.49532,0.00,0.00
2017.03.23 13:52:15.895,12.49248,12.49532,0.00,0.00
2017.03.23 13:52:16.096,12.49269,12.49532,0.00,0.00
2017.03.23 13:52:16.335,12.49248,12.49512,0.00,0.00
2017.03.23 13:52:16.396,12.49248,12.49532,0.00,0.00
2017.03.23 13:52:16.505,12.49279,12.49532,0.00,0.00
2017.03.23 13:52:16.636,12.49249,12.49531,0.00,0.00
2017.03.23 13:52:16.697,12.49288,12.49532,0.00,0.00
2017.03.23 13:52:16.827,12.49279,12.49532,0.00,0.00
2017.03.23 13:52:16.958,12.49298,12.49561,0.00,0.00
2017.03.23 13:52:17.070,12.49298,12.49572,0.00,0.00
2017.03.23 13:52:17.120,12.49308,12.49582,0.00,0.00
2017.03.23 13:52:17.301,12.49291,12.49571,0.00,0.00
2017.03.23 13:52:17.505,12.49298,12.49571,0.00,0.00
2017.03.23 13:52:17.831,12.49291,12.49551,0.00,0.00
2017.03.23 13:52:17.939,12.49291,12.49561,0.00,0.00
2017.03.23 13:52:17.999,12.49308,12.49572,0.00,0.00
2017.03.23 13:52:18.316,12.49291,12.49562,0.00,0.00
2017.03.23 13:52:18.436,12.49288,12.49562,0.00,0.00
2017.03.23 13:52:18.486,12.49278,12.49522,0.00,0.00
2017.03.23 13:52:18.537,12.49252,12.49522,0.00,0.00
2017.03.23 13:52:19.026,12.49258,12.49522,0.00,0.00
2017.03.23 13:52:19.402,12.49289,12.49522,0.00,0.00
2017.03.23 13:52:19.704,12.49389,12.49609,0.00,0.00
2017.03.23 13:52:19.811,12.49358,12.49609,0.00,0.00
2017.03.23 13:52:19.912,12.49358,12.49622,0.00,0.00
2017.03.23 13:52:19.963,12.49431,12.49642,0.00,0.00
2017.03.23 13:52:20.115,12.49439,12.49709,0.00,0.00
2017.03.23 13:52:20.216,12.49449,12.49709,0.00,0.00
2017.03.23 13:52:20.533,12.49439,12.49709,0.00,0.00
2017.03.23 13:52:20.695,12.49439,12.49721,0.00,0.00
2017.03.23 13:52:20.745,12.49438,12.49711,0.00,0.00
2017.03.23 13:52:21.061,12.49438,12.49701,0.00,0.00
2017.03.23 13:52:21.111,12.49438,12.49712,0.00,0.00
2017.03.23 13:52:21.212,12.49438,12.49702,0.00,0.00
2017.03.23 13:52:21.306,12.49448,12.49722,0.00,0.00
2017.03.23 13:52:21.510,12.49438,12.49711,0.00,0.00
2017.03.23 13:52:21.842,12.49478,12.49722,0.00,0.00
2017.03.23 13:52:22.114,12.49538,12.49812,0.00,0.00
2017.03.23 13:52:22.215,12.49549,12.49822,0.00,0.00
2017.03.23 13:52:22.530,12.49538,12.49781,0.00,0.00
2017.03.23 13:52:22.609,12.49538,12.49792,0.00,0.00
2017.03.23 13:52:22.726,12.49538,12.49812,0.00,0.00
2017.03.23 13:52:23.009,12.49538,12.49781,0.00,0.00
2017.03.23 13:52:23.312,12.49451,12.49712,0.00,0.00
2017.03.23 13:52:23.414,12.49451,12.49692,0.00,0.00
2017.03.23 13:52:23.711,12.49451,12.49712,0.00,0.00
2017.03.23 13:52:23.822,12.49451,12.49722,0.00,0.00
2017.03.23 13:52:24.044,12.49451,12.49711,0.00,0.00
2017.03.23 13:52:24.111,12.49451,12.49722,0.00,0.00
2017.03.23 13:52:24.212,12.49438,12.49702,0.00,0.00
2017.03.23 13:52:24.539,12.49438,12.49691,0.00,0.00
2017.03.23 13:52:24.613,12.49439,12.49721,0.00,0.00
2017.03.23 13:52:24.713,12.49438,12.49692,0.00,0.00
2017.03.23 13:52:25.013,12.49448,12.49722,0.00,0.00
2017.03.23 13:52:25.246,12.49438,12.49702,0.00,0.00
2017.03.23 13:52:25.314,12.49439,12.49721,0.00,0.00
2017.03.23 13:52:25.759,12.49448,12.49722,0.00,0.00
2017.03.23 13:52:26.113,12.49438,12.49692,0.00,0.00
2017.03.23 13:52:26.337,12.49438,12.49712,0.00,0.00
2017.03.23 13:52:26.439,12.49458,12.49722,0.00,0.00
2017.03.23 13:52:26.762,12.49438,12.49692,0.00,0.00
2017.03.23 13:52:26.817,12.49448,12.49722,0.00,0.00
2017.03.23 13:52:26.940,12.49438,12.49671,0.00,0.00
2017.03.23 13:52:27.256,12.49492,12.49752,0.00,0.00
2017.03.23 13:52:27.356,12.49499,12.49771,0.00,0.00
2017.03.23 13:52:27.462,12.49492,12.49762,0.00,0.00
2017.03.23 13:52:27.813,12.49538,12.49762,0.00,0.00
2017.03.23 13:52:27.863,12.49538,12.49792,0.00,0.00
2017.03.23 13:52:28.161,12.49508,12.49772,0.00,0.00
2017.03.23 13:52:28.262,12.49492,12.49751,0.00,0.00
2017.03.23 13:52:28.534,12.49539,12.49802,0.00,0.00
2017.03.23 13:52:28.635,12.49539,12.49812,0.00,0.00
2017.03.23 13:52:29.122,12.49539,12.49821,0.00,0.00
2017.03.23 13:52:29.522,12.49539,12.49802,0.00,0.00
2017.03.23 13:52:29.628,12.49539,12.49821,0.00,0.00
2017.03.23 13:52:30.224,12.49539,12.49812,0.00,0.00
2017.03.23 13:52:30.608,12.49488,12.49761,0.00,0.00
2017.03.23 13:52:30.952,12.49479,12.49722,0.00,0.00
2017.03.23 13:52:31.026,12.49451,12.49722,0.00,0.00
2017.03.23 13:52:31.169,12.49539,12.49752,0.00,0.00
2017.03.23 13:52:31.427,12.49539,12.49801,0.00,0.00
2017.03.23 13:52:31.764,12.49531,12.49771,0.00,0.00
2017.03.23 13:52:32.029,12.49538,12.49812,0.00,0.00
2017.03.23 13:52:32.149,12.49538,12.49822,0.00,0.00
2017.03.23 13:52:32.229,12.49538,12.49792,0.00,0.00
2017.03.23 13:52:32.439,12.49538,12.49811,0.00,0.00
2017.03.23 13:52:32.741,12.49538,12.49782,0.00,0.00
2017.03.23 13:52:32.843,12.49538,12.49811,0.00,0.00
2017.03.23 13:52:32.973,12.49538,12.49781,0.00,0.00
2017.03.23 13:52:33.137,12.49538,12.49802,0.00,0.00
2017.03.23 13:52:33.652,12.49538,12.49811,0.00,0.00
2017.03.23 13:52:33.732,12.49538,12.49822,0.00,0.00
2017.03.23 13:52:34.053,12.49538,12.49811,0.00,0.00
2017.03.23 13:52:34.374,12.49538,12.49791,0.00,0.00
2017.03.23 13:52:34.755,12.49558,12.49822,0.00,0.00
2017.03.23 13:52:34.866,12.49538,12.49822,0.00,0.00
2017.03.23 13:52:34.967,12.49549,12.49822,0.00,0.00
2017.03.23 13:52:35.035,12.49539,12.49821,0.00,0.00
2017.03.23 13:52:35.385,12.49538,12.49812,0.00,0.00
2017.03.23 13:52:36.572,12.49539,12.49821,0.00,0.00
2017.03.23 13:52:36.637,12.49559,12.49822,0.00,0.00
2017.03.23 13:52:36.938,12.49538,12.49822,0.00,0.00
2017.03.23 13:52:37.039,12.49549,12.49822,0.00,0.00
2017.03.23 13:52:37.384,12.49538,12.49812,0.00,0.00
2017.03.23 13:52:37.440,12.49548,12.49822,0.00,0.00
2017.03.23 13:52:37.845,12.49531,12.49791,0.00,0.00
2017.03.23 13:52:37.941,12.49539,12.49801,0.00,0.00
2017.03.23 13:52:37.991,12.49539,12.49729,0.00,0.00
2017.03.23 13:52:38.142,12.49448,12.49702,0.00,0.00
2017.03.23 13:52:38.273,12.49438,12.49702,0.00,0.00
2017.03.23 13:52:38.744,12.49458,12.49702,0.00,0.00
2017.03.23 13:52:39.043,12.49428,12.49702,0.00,0.00
2017.03.23 13:52:39.281,12.49478,12.49702,0.00,0.00
2017.03.23 13:52:39.632,12.49488,12.49702,0.00,0.00
2017.03.23 13:52:40.051,12.49501,12.49751,0.00,0.00
2017.03.23 13:52:40.156,12.49519,12.49792,0.00,0.00
2017.03.23 13:52:40.264,12.49538,12.49801,0.00,0.00
2017.03.23 13:52:40.572,12.49629,12.49902,0.00,0.00
2017.03.23 13:52:40.672,12.49638,12.49902,0.00,0.00
2017.03.23 13:52:40.978,12.49719,12.49962,0.00,0.00
2017.03.23 13:52:41.098,12.49719,12.50001,0.00,0.00
2017.03.23 13:52:41.149,12.49738,12.50001,0.00,0.00
2017.03.23 13:52:41.250,12.49728,12.50001,0.00,0.00
2017.03.23 13:52:41.549,12.49719,12.49981,0.00,0.00
2017.03.23 13:52:41.751,12.49729,12.50001,0.00,0.00
2017.03.23 13:52:41.913,12.49719,12.49982,0.00,0.00
2017.03.23 13:52:42.151,12.49719,12.49992,0.00,0.00
2017.03.23 13:52:42.395,12.49728,12.50001,0.00,0.00
2017.03.23 13:52:42.712,12.49738,12.50001,0.00,0.00
2017.03.23 13:52:43.054,12.49778,12.50001,0.00,0.00
2017.03.23 13:52:43.288,12.49739,12.50001,0.00,0.00
2017.03.23 13:52:43.354,12.49768,12.50001,0.00,0.00
2017.03.23 13:52:43.668,12.49778,12.50001,0.00,0.00
2017.03.23 13:52:43.972,12.49749,12.50001,0.00,0.00
2017.03.23 13:52:44.203,12.49769,12.50029,0.00,0.00
2017.03.23 13:52:44.253,12.49801,12.50031,0.00,0.00
2017.03.23 13:52:44.359,12.49818,12.50051,0.00,0.00
2017.03.23 13:52:44.472,12.49829,12.50002,0.00,0.00
2017.03.23 13:52:44.601,12.49818,12.50002,0.00,0.00
2017.03.23 13:52:44.658,12.49738,12.50002,0.00,0.00
2017.03.23 13:52:44.781,12.49718,12.49972,0.00,0.00
2017.03.23 13:52:45.394,12.49739,12.50002,0.00,0.00
2017.03.23 13:52:45.508,12.49728,12.50002,0.00,0.00
2017.03.23 13:52:45.676,12.49718,12.49982,0.00,0.00
2017.03.23 13:52:46.013,12.49718,12.49971,0.00,0.00
2017.03.23 13:52:46.170,12.49718,12.49982,0.00,0.00
2017.03.23 13:52:46.276,12.49729,12.50002,0.00,0.00
2017.03.23 13:52:46.382,12.49718,12.49972,0.00,0.00
2017.03.23 13:52:46.584,12.49628,12.49901,0.00,0.00
2017.03.23 13:52:46.908,12.49619,12.49901,0.00,0.00
2017.03.23 13:52:47.010,12.49619,12.49892,0.00,0.00
2017.03.23 13:52:47.334,12.49629,12.49901,0.00,0.00
2017.03.23 13:52:47.710,12.49569,12.49841,0.00,0.00
2017.03.23 13:52:48.007,12.49618,12.49892,0.00,0.00
2017.03.23 13:52:48.065,12.49638,12.49902,0.00,0.00
2017.03.23 13:52:48.398,12.49619,12.49901,0.00,0.00
2017.03.23 13:52:48.582,12.49618,12.49881,0.00,0.00
2017.03.23 13:52:48.666,12.49628,12.49902,0.00,0.00
2017.03.23 13:52:48.793,12.49618,12.49872,0.00,0.00
2017.03.23 13:52:48.867,12.49618,12.49882,0.00,0.00
2017.03.23 13:52:49.072,12.49629,12.49902,0.00,0.00
2017.03.23 13:52:49.173,12.49639,12.49902,0.00,0.00
2017.03.23 13:52:49.769,12.49629,12.49902,0.00,0.00
2017.03.23 13:52:49.969,12.49648,12.49902,0.00,0.00
2017.03.23 13:52:50.370,12.49629,12.49902,0.00,0.00
2017.03.23 13:52:50.473,12.49648,12.49902,0.00,0.00
2017.03.23 13:52:50.613,12.49628,12.49902,0.00,0.00
2017.03.23 13:52:50.663,12.49628,12.49829,0.00,0.00
2017.03.23 13:52:50.871,12.49539,12.49802,0.00,0.00
2017.03.23 13:52:51.096,12.49568,12.49802,0.00,0.00
2017.03.23 13:52:51.320,12.49538,12.49802,0.00,0.00
2017.03.23 13:52:51.672,12.49568,12.49802,0.00,0.00
2017.03.23 13:52:51.795,12.49538,12.49802,0.00,0.00
2017.03.23 13:52:51.973,12.49558,12.49802,0.00,0.00
2017.03.23 13:52:52.219,12.49538,12.49802,0.00,0.00
2017.03.23 13:52:52.419,12.49528,12.49802,0.00,0.00
2017.03.23 13:52:52.474,12.49568,12.49802,0.00,0.00
2017.03.23 13:52:52.974,12.49558,12.49802,0.00,0.00
2017.03.23 13:52:53.091,12.49538,12.49802,0.00,0.00
2017.03.23 13:52:53.317,12.49519,12.49801,0.00,0.00
2017.03.23 13:52:53.376,12.49539,12.49802,0.00,0.00
2017.03.23 13:52:53.676,12.49528,12.49802,0.00,0.00
2017.03.23 13:52:53.776,12.49539,12.49802,0.00,0.00
2017.03.23 13:52:54.002,12.49518,12.49802,0.00,0.00
2017.03.23 13:52:54.177,12.49559,12.49802,0.00,0.00
2017.03.23 13:52:54.378,12.49538,12.49802,0.00,0.00
2017.03.23 13:52:54.668,12.49568,12.49802,0.00,0.00
2017.03.23 13:52:54.822,12.49538,12.49802,0.00,0.00
2017.03.23 13:52:54.982,12.49549,12.49802,0.00,0.00
2017.03.23 13:52:55.083,12.49518,12.49802,0.00,0.00
2017.03.23 13:52:55.510,12.49528,12.49752,0.00,0.00
2017.03.23 13:52:55.611,12.49478,12.49752,0.00,0.00
2017.03.23 13:52:55.712,12.49469,12.49751,0.00,0.00
2017.03.23 13:52:55.762,12.49518,12.49751,0.00,0.00
2017.03.23 13:52:55.813,12.49518,12.49792,0.00,0.00
2017.03.23 13:52:55.913,12.49548,12.49802,0.00,0.00
2017.03.23 13:52:56.282,12.49539,12.49802,0.00,0.00
2017.03.23 13:52:57.283,12.49548,12.49802,0.00,0.00
2017.03.23 13:52:58.093,12.49538,12.49802,0.00,0.00
2017.03.23 13:52:59.532,12.49548,12.49802,0.00,0.00
2017.03.23 13:52:59.787,12.49519,12.49801,0.00,0.00
2017.03.23 13:53:00.188,12.49538,12.49802,0.00,0.00
2017.03.23 13:53:00.299,12.49529,12.49802,0.00,0.00
2017.03.23 13:53:00.402,12.49568,12.49802,0.00,0.00
2017.03.23 13:53:00.525,12.49549,12.49802,0.00,0.00
2017.03.23 13:53:00.628,12.49519,12.49801,0.00,0.00
2017.03.23 13:53:00.733,12.49529,12.49802,0.00,0.00
2017.03.23 13:53:01.042,12.49548,12.49802,0.00,0.00
2017.03.23 13:53:01.294,12.49628,12.49902,0.00,0.00
2017.03.23 13:53:01.395,12.49659,12.49902,0.00,0.00
2017.03.23 13:53:01.507,12.49648,12.49902,0.00,0.00
2017.03.23 13:53:01.608,12.49619,12.49901,0.00,0.00
2017.03.23 13:53:01.659,12.49619,12.49828,0.00,0.00
2017.03.23 13:53:01.709,12.49609,12.49828,0.00,0.00
2017.03.23 13:53:01.760,12.49609,12.49802,0.00,0.00
2017.03.23 13:53:01.810,12.49548,12.49802,0.00,0.00
2017.03.23 13:53:02.130,12.49559,12.49802,0.00,0.00
2017.03.23 13:53:02.193,12.49539,12.49802,0.00,0.00
2017.03.23 13:53:02.431,12.49569,12.49802,0.00,0.00
2017.03.23 13:53:02.533,12.49529,12.49802,0.00,0.00
2017.03.23 13:53:02.694,12.49569,12.49802,0.00,0.00
2017.03.23 13:53:02.895,12.49528,12.49802,0.00,0.00
2017.03.23 13:53:03.432,12.49549,12.49802,0.00,0.00
2017.03.23 13:53:03.907,12.49539,12.49802,0.00,0.00
2017.03.23 13:53:04.136,12.49558,12.49802,0.00,0.00
2017.03.23 13:53:04.705,12.49549,12.49802,0.00,0.00
2017.03.23 13:53:04.756,12.49528,12.49802,0.00,0.00
2017.03.23 13:53:04.865,12.49518,12.49802,0.00,0.00
2017.03.23 13:53:05.032,12.49548,12.49802,0.00,0.00
2017.03.23 13:53:05.499,12.49519,12.49801,0.00,0.00
2017.03.23 13:53:05.602,12.49559,12.49802,0.00,0.00
2017.03.23 13:53:05.800,12.49548,12.49802,0.00,0.00
2017.03.23 13:53:06.135,12.49528,12.49802,0.00,0.00
2017.03.23 13:53:06.307,12.49539,12.49802,0.00,0.00
2017.03.23 13:53:06.713,12.49548,12.49802,0.00,0.00
2017.03.23 13:53:06.814,12.49518,12.49791,0.00,0.00
2017.03.23 13:53:07.027,12.49548,12.49802,0.00,0.00
2017.03.23 13:53:07.127,12.49518,12.49792,0.00,0.00
2017.03.23 13:53:07.284,12.49528,12.49802,0.00,0.00
2017.03.23 13:53:07.605,12.49518,12.49792,0.00,0.00
2017.03.23 13:53:08.020,12.49548,12.49802,0.00,0.00
2017.03.23 13:53:08.121,12.49529,12.49802,0.00,0.00
2017.03.23 13:53:08.329,12.49548,12.49802,0.00,0.00
2017.03.23 13:53:08.441,12.49529,12.49802,0.00,0.00
2017.03.23 13:53:08.581,12.49569,12.49802,0.00,0.00
2017.03.23 13:53:08.632,12.49538,12.49802,0.00,0.00
2017.03.23 13:53:08.749,12.49568,12.49802,0.00,0.00
2017.03.23 13:53:08.909,12.49548,12.49802,0.00,0.00
2017.03.23 13:53:09.254,12.49619,12.49828,0.00,0.00
2017.03.23 13:53:09.304,12.49619,12.49832,0.00,0.00
2017.03.23 13:53:09.355,12.49619,12.49812,0.00,0.00
2017.03.23 13:53:09.456,12.49639,12.49901,0.00,0.00
2017.03.23 13:53:09.657,12.49619,12.49901,0.00,0.00
2017.03.23 13:53:09.711,12.49639,12.49901,0.00,0.00
2017.03.23 13:53:10.063,12.49619,12.49892,0.00,0.00
2017.03.23 13:53:10.113,12.49648,12.49901,0.00,0.00
2017.03.23 13:53:10.431,12.49619,12.49901,0.00,0.00
2017.03.23 13:53:10.557,12.49659,12.49901,0.00,0.00
2017.03.23 13:53:10.614,12.49619,12.49901,0.00,0.00
2017.03.23 13:53:10.914,12.49629,12.49901,0.00,0.00
2017.03.23 13:53:11.014,12.49619,12.49901,0.00,0.00
2017.03.23 13:53:11.115,12.49628,12.49901,0.00,0.00
2017.03.23 13:53:11.417,12.49648,12.49901,0.00,0.00
2017.03.23 13:53:11.616,12.49619,12.49901,0.00,0.00
2017.03.23 13:53:11.938,12.49618,12.49802,0.00,0.00
2017.03.23 13:53:12.039,12.49569,12.49802,0.00,0.00
2017.03.23 13:53:12.139,12.49521,12.49802,0.00,0.00
2017.03.23 13:53:12.255,12.49559,12.49802,0.00,0.00
2017.03.23 13:53:12.500,12.49568,12.49841,0.00,0.00
2017.03.23 13:53:12.551,12.49568,12.49852,0.00,0.00
2017.03.23 13:53:12.619,12.49588,12.49852,0.00,0.00
2017.03.23 13:53:12.819,12.49568,12.49841,0.00,0.00
2017.03.23 13:53:13.222,12.49569,12.49851,0.00,0.00
2017.03.23 13:53:13.320,12.49568,12.49841,0.00,0.00
2017.03.23 13:53:13.753,12.49618,12.49878,0.00,0.00
2017.03.23 13:53:13.809,12.49618,12.49902,0.00,0.00
2017.03.23 13:53:13.859,12.49618,12.49892,0.00,0.00
2017.03.23 13:53:14.160,12.49618,12.49861,0.00,0.00
2017.03.23 13:53:14.210,12.49601,12.49851,0.00,0.00
2017.03.23 13:53:14.261,12.49579,12.49829,0.00,0.00
2017.03.23 13:53:14.361,12.49538,12.49802,0.00,0.00
2017.03.23 13:53:14.584,12.49518,12.49792,0.00,0.00
2017.03.23 13:53:14.634,12.49528,12.49802,0.00,0.00
2017.03.23 13:53:14.976,12.49518,12.49791,0.00,0.00
2017.03.23 13:53:15.327,12.49518,12.49802,0.00,0.00
2017.03.23 13:53:15.871,12.49518,12.49791,0.00,0.00
2017.03.23 13:53:16.229,12.49558,12.49802,0.00,0.00
2017.03.23 13:53:16.465,12.49539,12.49802,0.00,0.00
2017.03.23 13:53:16.571,12.49518,12.49791,0.00,0.00
2017.03.23 13:53:16.672,12.49518,12.49802,0.00,0.00
2017.03.23 13:53:16.775,12.49549,12.49802,0.00,0.00
2017.03.23 13:53:16.973,12.49528,12.49802,0.00,0.00
2017.03.23 13:53:17.030,12.49519,12.49801,0.00,0.00
2017.03.23 13:53:17.157,12.49529,12.49802,0.00,0.00
2017.03.23 13:53:17.518,12.49548,12.49802,0.00,0.00
2017.03.23 13:53:17.832,12.49519,12.49801,0.00,0.00
2017.03.23 13:53:17.943,12.49539,12.49802,0.00,0.00
2017.03.23 13:53:18.233,12.49528,12.49802,0.00,0.00
2017.03.23 13:53:19.159,12.49548,12.49802,0.00,0.00
2017.03.23 13:53:19.236,12.49538,12.49802,0.00,0.00
2017.03.23 13:53:19.366,12.49568,12.49802,0.00,0.00
2017.03.23 13:53:19.417,12.49602,12.49852,0.00,0.00
2017.03.23 13:53:19.518,12.49618,12.49862,0.00,0.00
2017.03.23 13:53:19.568,12.49638,12.49902,0.00,0.00
2017.03.23 13:53:19.669,12.49618,12.49902,0.00,0.00
2017.03.23 13:53:19.776,12.49578,12.49851,0.00,0.00
2017.03.23 13:53:19.877,12.49569,12.49851,0.00,0.00
2017.03.23 13:53:20.148,12.49541,12.49801,0.00,0.00
2017.03.23 13:53:20.363,12.49548,12.49801,0.00,0.00
2017.03.23 13:53:20.541,12.49541,12.49801,0.00,0.00
2017.03.23 13:53:20.674,12.49548,12.49801,0.00,0.00
2017.03.23 13:53:20.741,12.49519,12.49801,0.00,0.00
2017.03.23 13:53:20.862,12.49529,12.49801,0.00,0.00
2017.03.23 13:53:21.020,12.49519,12.49801,0.00,0.00
2017.03.23 13:53:21.070,12.49559,12.49801,0.00,0.00
2017.03.23 13:53:21.387,12.49538,12.49801,0.00,0.00
2017.03.23 13:53:21.444,12.49528,12.49801,0.00,0.00
2017.03.23 13:53:21.990,12.49568,12.49801,0.00,0.00
2017.03.23 13:53:22.174,12.49558,12.49801,0.00,0.00
2017.03.23 13:53:22.447,12.49529,12.49801,0.00,0.00
2017.03.23 13:53:22.498,12.49569,12.49811,0.00,0.00
2017.03.23 13:53:22.599,12.49569,12.49832,0.00,0.00
2017.03.23 13:53:22.649,12.49599,12.49802,0.00,0.00
2017.03.23 13:53:22.750,12.49579,12.49802,0.00,0.00
2017.03.23 13:53:22.801,12.49579,12.49838,0.00,0.00
2017.03.23 13:53:22.851,12.49601,12.49842,0.00,0.00
2017.03.23 13:53:22.952,12.49618,12.49902,0.00,0.00
2017.03.23 13:53:23.392,12.49628,12.49902,0.00,0.00
2017.03.23 13:53:23.726,12.49639,12.49902,0.00,0.00
2017.03.23 13:53:23.776,12.49628,12.49902,0.00,0.00
2017.03.23 13:53:23.880,12.49648,12.49902,0.00,0.00
2017.03.23 13:53:24.297,12.49618,12.49902,0.00,0.00
2017.03.23 13:53:24.353,12.49628,12.49902,0.00,0.00
2017.03.23 13:53:24.715,12.49648,12.49902,0.00,0.00
2017.03.23 13:53:24.923,12.49628,12.49902,0.00,0.00
2017.03.23 13:53:24.973,12.49648,12.49902,0.00,0.00
2017.03.23 13:53:25.382,12.49669,12.49902,0.00,0.00
2017.03.23 13:53:25.456,12.49648,12.49902,0.00,0.00
2017.03.23 13:53:25.557,12.49658,12.49902,0.00,0.00
2017.03.23 13:53:25.614,12.49668,12.49919,0.00,0.00
2017.03.23 13:53:25.714,12.49669,12.49951,0.00,0.00
2017.03.23 13:53:26.022,12.49718,12.49951,0.00,0.00
2017.03.23 13:53:26.073,12.49718,12.49971,0.00,0.00
2017.03.23 13:53:26.193,12.49719,12.50001,0.00,0.00
2017.03.23 13:53:26.323,12.49709,12.49938,0.00,0.00
2017.03.23 13:53:26.482,12.49672,12.49932,0.00,0.00
2017.03.23 13:53:26.559,12.49679,12.49952,0.00,0.00
2017.03.23 13:53:26.760,12.49672,12.49951,0.00,0.00
2017.03.23 13:53:26.860,12.49688,12.49952,0.00,0.00
2017.03.23 13:53:27.284,12.49698,12.49902,0.00,0.00
2017.03.23 13:53:27.339,12.49632,12.49902,0.00,0.00
2017.03.23 13:53:27.660,12.49628,12.49902,0.00,0.00
2017.03.23 13:53:27.711,12.49621,12.49901,0.00,0.00
2017.03.23 13:53:28.397,12.49629,12.49902,0.00,0.00
2017.03.23 13:53:28.766,12.49621,12.49901,0.00,0.00
2017.03.23 13:53:29.182,12.49621,12.49891,0.00,0.00
2017.03.23 13:53:29.612,12.49621,12.49881,0.00,0.00
2017.03.23 13:53:29.848,12.49621,12.49901,0.00,0.00
2017.03.23 13:53:30.271,12.49638,12.49902,0.00,0.00
2017.03.23 13:53:30.708,12.49621,12.49892,0.00,0.00
2017.03.23 13:53:31.074,12.49628,12.49902,0.00,0.00
2017.03.23 13:53:31.177,12.49649,12.49902,0.00,0.00
2017.03.23 13:53:31.289,12.49638,12.49902,0.00,0.00
2017.03.23 13:53:31.390,12.49621,12.49902,0.00,0.00
2017.03.23 13:53:31.492,12.49669,12.49922,0.00,0.00
2017.03.23 13:53:31.809,12.49638,12.49902,0.00,0.00
2017.03.23 13:53:31.912,12.49629,12.49902,0.00,0.00
2017.03.23 13:53:32.014,12.49639,12.49902,0.00,0.00
2017.03.23 13:53:32.622,12.49659,12.49902,0.00,0.00
2017.03.23 13:53:32.780,12.49669,12.49938,0.00,0.00
2017.03.23 13:53:32.880,12.49669,12.49942,0.00,0.00
2017.03.23 13:53:32.931,12.49671,12.49902,0.00,0.00
2017.03.23 13:53:33.032,12.49719,12.49951,0.00,0.00
2017.03.23 13:53:33.082,12.49719,12.49912,0.00,0.00
2017.03.23 13:53:33.202,12.49728,12.50002,0.00,0.00
2017.03.23 13:53:33.304,12.49728,12.50012,0.00,0.00
2017.03.23 13:53:33.421,12.49738,12.50012,0.00,0.00
2017.03.23 13:53:33.480,12.49729,12.50011,0.00,0.00
2017.03.23 13:53:33.582,12.49728,12.49971,0.00,0.00
2017.03.23 13:53:33.812,12.49728,12.50002,0.00,0.00
2017.03.23 13:53:34.110,12.49728,12.49971,0.00,0.00
2017.03.23 13:53:34.210,12.49699,12.49949,0.00,0.00
2017.03.23 13:53:34.261,12.49699,12.49912,0.00,0.00
2017.03.23 13:53:34.312,12.49689,12.49912,0.00,0.00
2017.03.23 13:53:34.382,12.49648,12.49912,0.00,0.00
2017.03.23 13:53:34.498,12.49639,12.49912,0.00,0.00
2017.03.23 13:53:34.606,12.49632,12.49911,0.00,0.00
2017.03.23 13:53:35.099,12.49679,12.49911,0.00,0.00
2017.03.23 13:53:35.300,12.49718,12.49962,0.00,0.00
2017.03.23 13:53:35.401,12.49679,12.49961,0.00,0.00
2017.03.23 13:53:35.451,12.49722,12.49961,0.00,0.00
2017.03.23 13:53:35.585,12.49728,12.50001,0.00,0.00
2017.03.23 13:53:35.635,12.49719,12.49961,0.00,0.00
2017.03.23 13:53:35.789,12.49679,12.49932,0.00,0.00
2017.03.23 13:53:36.130,12.49728,12.49932,0.00,0.00
2017.03.23 13:53:36.231,12.49688,12.49962,0.00,0.00
2017.03.23 13:53:36.332,12.49711,12.49932,0.00,0.00
2017.03.23 13:53:36.458,12.49711,12.49961,0.00,0.00
2017.03.23 13:53:36.509,12.49689,12.49962,0.00,0.00
2017.03.23 13:53:36.610,12.49679,12.49961,0.00,0.00
2017.03.23 13:53:36.721,12.49678,12.49922,0.00,0.00
2017.03.23 13:53:37.855,12.49638,12.49912,0.00,0.00
2017.03.23 13:53:37.988,12.49659,12.49912,0.00,0.00
2017.03.23 13:53:38.097,12.49631,12.49912,0.00,0.00
2017.03.23 13:53:38.267,12.49658,12.49912,0.00,0.00
2017.03.23 13:53:38.317,12.49631,12.49912,0.00,0.00
2017.03.23 13:53:38.901,12.49631,12.49902,0.00,0.00
2017.03.23 13:53:39.098,12.49631,12.49912,0.00,0.00
2017.03.23 13:53:39.297,12.49631,12.49901,0.00,0.00
2017.03.23 13:53:39.626,12.49658,12.49912,0.00,0.00
2017.03.23 13:53:39.692,12.49648,12.49912,0.00,0.00
2017.03.23 13:53:39.959,12.49631,12.49902,0.00,0.00
2017.03.23 13:53:40.194,12.49631,12.49861,0.00,0.00
2017.03.23 13:53:40.245,12.49621,12.49861,0.00,0.00
2017.03.23 13:53:40.346,12.49608,12.49862,0.00,0.00
2017.03.23 13:53:40.450,12.49578,12.49852,0.00,0.00
2017.03.23 13:53:40.501,12.49578,12.49832,0.00,0.00
2017.03.23 13:53:40.616,12.49589,12.49862,0.00,0.00
2017.03.23 13:53:40.694,12.49578,12.49831,0.00,0.00
2017.03.23 13:53:40.796,12.49588,12.49862,0.00,0.00
2017.03.23 13:53:40.979,12.49588,12.49812,0.00,0.00
2017.03.23 13:53:41.029,12.49558,12.49812,0.00,0.00
2017.03.23 13:53:41.141,12.49569,12.49812,0.00,0.00
2017.03.23 13:53:41.242,12.49538,12.49812,0.00,0.00
2017.03.23 13:53:41.345,12.49611,12.49832,0.00,0.00
2017.03.23 13:53:41.446,12.49629,12.49861,0.00,0.00
2017.03.23 13:53:41.554,12.49629,12.49911,0.00,0.00
2017.03.23 13:53:41.997,12.49629,12.49881,0.00,0.00
2017.03.23 13:53:42.185,12.49618,12.49881,0.00,0.00
2017.03.23 13:53:42.236,12.49628,12.49902,0.00,0.00
2017.03.23 13:53:42.430,12.49639,12.49902,0.00,0.00
2017.03.23 13:53:42.540,12.49628,12.49902,0.00,0.00
2017.03.23 13:53:42.641,12.49618,12.49891,0.00,0.00
2017.03.23 13:53:42.971,12.49638,12.49902,0.00,0.00
2017.03.23 13:53:43.600,12.49629,12.49902,0.00,0.00
2017.03.23 13:53:43.650,12.49629,12.49851,0.00,0.00
2017.03.23 13:53:43.808,12.49569,12.49841,0.00,0.00
2017.03.23 13:53:43.858,12.49559,12.49802,0.00,0.00
2017.03.23 13:53:44.021,12.49548,12.49802,0.00,0.00
2017.03.23 13:53:44.301,12.49539,12.49802,0.00,0.00
2017.03.23 13:53:44.401,12.49528,12.49802,0.00,0.00
2017.03.23 13:53:44.542,12.49568,12.49802,0.00,0.00
2017.03.23 13:53:44.877,12.49579,12.49802,0.00,0.00
2017.03.23 13:53:45.002,12.49548,12.49802,0.00,0.00
2017.03.23 13:53:45.053,12.49548,12.49752,0.00,0.00
2017.03.23 13:53:45.341,12.49451,12.49702,0.00,0.00
2017.03.23 13:53:45.442,12.49468,12.49702,0.00,0.00
2017.03.23 13:53:45.604,12.49458,12.49702,0.00,0.00
2017.03.23 13:53:45.846,12.49489,12.49702,0.00,0.00
2017.03.23 13:53:45.904,12.49458,12.49702,0.00,0.00
2017.03.23 13:53:46.006,12.49518,12.49738,0.00,0.00
2017.03.23 13:53:46.056,12.49518,12.49781,0.00,0.00
2017.03.23 13:53:46.107,12.49529,12.49802,0.00,0.00
2017.03.23 13:53:46.226,12.49549,12.49802,0.00,0.00
2017.03.23 13:53:46.405,12.49538,12.49802,0.00,0.00
2017.03.23 13:53:46.928,12.49549,12.49802,0.00,0.00
2017.03.23 13:53:47.007,12.49518,12.49792,0.00,0.00
2017.03.23 13:53:47.118,12.49528,12.49802,0.00,0.00
2017.03.23 13:53:47.444,12.49558,12.49802,0.00,0.00
2017.03.23 13:53:47.547,12.49568,12.49838,0.00,0.00
2017.03.23 13:53:47.647,12.49588,12.49838,0.00,0.00
2017.03.23 13:53:47.956,12.49548,12.49802,0.00,0.00
2017.03.23 13:53:48.246,12.49578,12.49802,0.00,0.00
2017.03.23 13:53:48.360,12.49549,12.49802,0.00,0.00
2017.03.23 13:53:48.461,12.49538,12.49802,0.00,0.00
2017.03.23 13:53:48.512,12.49548,12.49802,0.00,0.00
2017.03.23 13:53:48.849,12.49558,12.49802,0.00,0.00
2017.03.23 13:53:48.950,12.49549,12.49802,0.00,0.00
2017.03.23 13:53:49.051,12.49529,12.49738,0.00,0.00
2017.03.23 13:53:49.101,12.49529,12.49751,0.00,0.00
2017.03.23 13:53:49.152,12.49509,12.49751,0.00,0.00
2017.03.23 13:53:49.253,12.49469,12.49751,0.00,0.00
2017.03.23 13:53:49.346,12.49468,12.49701,0.00,0.00
2017.03.23 13:53:49.512,12.49458,12.49701,0.00,0.00
2017.03.23 13:53:50.013,12.49468,12.49701,0.00,0.00
2017.03.23 13:53:50.173,12.49478,12.49752,0.00,0.00
2017.03.23 13:53:50.224,12.49452,12.49701,0.00,0.00
2017.03.23 13:53:50.528,12.49459,12.49701,0.00,0.00
2017.03.23 13:53:50.865,12.49498,12.49701,0.00,0.00
2017.03.23 13:53:50.932,12.49498,12.49739,0.00,0.00
2017.03.23 13:53:51.033,12.49508,12.49701,0.00,0.00
2017.03.23 13:53:51.138,12.49449,12.49701,0.00,0.00
2017.03.23 13:53:52.004,12.49468,12.49731,0.00,0.00
2017.03.23 13:53:52.105,12.49478,12.49752,0.00,0.00
2017.03.23 13:53:52.155,12.49509,12.49752,0.00,0.00
2017.03.23 13:53:52.493,12.49468,12.49701,0.00,0.00
2017.03.23 13:53:52.543,12.49448,12.49701,0.00,0.00
2017.03.23 13:53:53.320,12.49468,12.49701,0.00,0.00
2017.03.23 13:53:53.461,12.49448,12.49701,0.00,0.00
2017.03.23 13:53:53.719,12.49468,12.49701,0.00,0.00
2017.03.23 13:53:54.074,12.49488,12.49701,0.00,0.00
2017.03.23 13:53:54.125,12.49458,12.49701,0.00,0.00
2017.03.23 13:53:54.321,12.49448,12.49701,0.00,0.00
2017.03.23 13:53:54.967,12.49468,12.49701,0.00,0.00
2017.03.23 13:53:55.149,12.49449,12.49701,0.00,0.00
2017.03.23 13:53:55.250,12.49438,12.49701,0.00,0.00
2017.03.23 13:53:55.422,12.49458,12.49701,0.00,0.00
2017.03.23 13:53:55.726,12.49479,12.49701,0.00,0.00
2017.03.23 13:53:56.028,12.49348,12.49502,0.00,0.00
2017.03.23 13:53:56.132,12.49231,12.49502,0.00,0.00
2017.03.23 13:53:56.539,12.49259,12.49502,0.00,0.00
2017.03.23 13:53:56.847,12.49231,12.49502,0.00,0.00
2017.03.23 13:53:57.025,12.49259,12.49502,0.00,0.00
2017.03.23 13:53:57.426,12.49238,12.49502,0.00,0.00
2017.03.23 13:53:57.548,12.49279,12.49502,0.00,0.00
2017.03.23 13:53:57.788,12.49248,12.49502,0.00,0.00
2017.03.23 13:53:57.839,12.49298,12.49502,0.00,0.00
2017.03.23 13:53:58.028,12.49258,12.49502,0.00,0.00
2017.03.23 13:53:58.450,12.49288,12.49502,0.00,0.00
2017.03.23 13:53:58.551,12.49278,12.49502,0.00,0.00
2017.03.23 13:53:58.630,12.49298,12.49502,0.00,0.00
2017.03.23 13:53:58.759,12.49279,12.49502,0.00,0.00
2017.03.23 13:53:58.880,12.49248,12.49502,0.00,0.00
2017.03.23 13:53:59.025,12.49239,12.49502,0.00,0.00
2017.03.23 13:53:59.079,12.49279,12.49502,0.00,0.00
2017.03.23 13:53:59.131,12.49248,12.49502,0.00,0.00
2017.03.23 13:53:59.232,12.49288,12.49502,0.00,0.00
2017.03.23 13:53:59.282,12.49318,12.49572,0.00,0.00
2017.03.23 13:53:59.334,12.49318,12.49582,0.00,0.00
2017.03.23 13:53:59.464,12.49389,12.49602,0.00,0.00
2017.03.23 13:53:59.565,12.49369,12.49602,0.00,0.00
2017.03.23 13:53:59.672,12.49388,12.49602,0.00,0.00
2017.03.23 13:53:59.732,12.49338,12.49602,0.00,0.00
2017.03.23 13:53:59.844,12.49388,12.49602,0.00,0.00
2017.03.23 13:53:59.947,12.49369,12.49602,0.00,0.00
2017.03.23 13:54:00.052,12.49339,12.49602,0.00,0.00
2017.03.23 13:54:00.133,12.49358,12.49602,0.00,0.00
2017.03.23 13:54:00.434,12.49351,12.49602,0.00,0.00
2017.03.23 13:54:00.534,12.49338,12.49602,0.00,0.00
2017.03.23 13:54:00.864,12.49378,12.49602,0.00,0.00
2017.03.23 13:54:00.937,12.49358,12.49602,0.00,0.00
2017.03.23 13:54:01.035,12.49338,12.49602,0.00,0.00
2017.03.23 13:54:01.137,12.49348,12.49602,0.00,0.00
2017.03.23 13:54:01.449,12.49331,12.49602,0.00,0.00
2017.03.23 13:54:01.718,12.49352,12.49602,0.00,0.00
2017.03.23 13:54:02.064,12.49368,12.49602,0.00,0.00
2017.03.23 13:54:02.638,12.49358,12.49602,0.00,0.00
2017.03.23 13:54:02.739,12.49352,12.49602,0.00,0.00
2017.03.23 13:54:02.841,12.49358,12.49602,0.00,0.00
2017.03.23 13:54:03.053,12.49362,12.49621,0.00,0.00
2017.03.23 13:54:03.239,12.49378,12.49621,0.00,0.00
2017.03.23 13:54:03.582,12.49362,12.49621,0.00,0.00
2017.03.23 13:54:04.160,12.49368,12.49621,0.00,0.00
2017.03.23 13:54:04.388,12.49362,12.49621,0.00,0.00
2017.03.23 13:54:04.492,12.49378,12.49621,0.00,0.00
2017.03.23 13:54:04.544,12.49362,12.49621,0.00,0.00
2017.03.23 13:54:04.744,12.49378,12.49621,0.00,0.00
2017.03.23 13:54:04.991,12.49368,12.49621,0.00,0.00
2017.03.23 13:54:05.045,12.49378,12.49621,0.00,0.00
2017.03.23 13:54:05.145,12.49362,12.49621,0.00,0.00
2017.03.23 13:54:05.680,12.49378,12.49621,0.00,0.00
2017.03.23 13:54:05.747,12.49362,12.49611,0.00,0.00
2017.03.23 13:54:06.147,12.49362,12.49621,0.00,0.00
2017.03.23 13:54:06.326,12.49368,12.49621,0.00,0.00
2017.03.23 13:54:06.780,12.49362,12.49612,0.00,0.00
2017.03.23 13:54:06.889,12.49369,12.49621,0.00,0.00
2017.03.23 13:54:06.991,12.49388,12.49621,0.00,0.00
2017.03.23 13:54:07.049,12.49379,12.49621,0.00,0.00
2017.03.23 13:54:07.183,12.49362,12.49621,0.00,0.00
2017.03.23 13:54:07.249,12.49388,12.49621,0.00,0.00
2017.03.23 13:54:07.904,12.49398,12.49622,0.00,0.00
2017.03.23 13:54:08.099,12.49372,12.49622,0.00,0.00
2017.03.23 13:54:08.857,12.49398,12.49622,0.00,0.00
2017.03.23 13:54:09.292,12.49372,12.49622,0.00,0.00
2017.03.23 13:54:09.685,12.49378,12.49651,0.00,0.00
2017.03.23 13:54:10.254,12.49378,12.49632,0.00,0.00
2017.03.23 13:54:10.393,12.49378,12.49642,0.00,0.00
2017.03.23 13:54:10.977,12.49378,12.49632,0.00,0.00
2017.03.23 13:54:11.097,12.49378,12.49651,0.00,0.00
2017.03.23 13:54:11.488,12.49378,12.49632,0.00,0.00
2017.03.23 13:54:11.757,12.49378,12.49642,0.00,0.00
2017.03.23 13:54:11.860,12.49378,12.49631,0.00,0.00
2017.03.23 13:54:12.268,12.49378,12.49652,0.00,0.00
2017.03.23 13:54:12.394,12.49379,12.49661,0.00,0.00
2017.03.23 13:54:12.503,12.49378,12.49602,0.00,0.00
2017.03.23 13:54:12.853,12.49378,12.49591,0.00,0.00
2017.03.23 13:54:12.974,12.49378,12.49621,0.00,0.00
2017.03.23 13:54:13.256,12.49378,12.49591,0.00,0.00
2017.03.23 13:54:13.423,12.49378,12.49652,0.00,0.00
2017.03.23 13:54:14.032,12.49479,12.49652,0.00,0.00
2017.03.23 13:54:14.183,12.49479,12.49699,0.00,0.00
2017.03.23 13:54:14.363,12.49479,12.49671,0.00,0.00
2017.03.23 13:54:14.482,12.49429,12.49629,0.00,0.00
2017.03.23 13:54:14.583,12.49378,12.49571,0.00,0.00
2017.03.23 13:54:15.093,12.49378,12.49612,0.00,0.00
2017.03.23 13:54:15.144,12.49328,12.49588,0.00,0.00
2017.03.23 13:54:15.244,12.49308,12.49588,0.00,0.00
2017.03.23 13:54:15.295,12.49278,12.49552,0.00,0.00
2017.03.23 13:54:15.466,12.49278,12.49562,0.00,0.00
2017.03.23 13:54:15.666,12.49278,12.49551,0.00,0.00
2017.03.23 13:54:15.984,12.49378,12.49609,0.00,0.00
2017.03.23 13:54:16.183,12.49378,12.49621,0.00,0.00
2017.03.23 13:54:16.609,12.49378,12.49611,0.00,0.00
2017.03.23 13:54:16.668,12.49378,12.49622,0.00,0.00
2017.03.23 13:54:16.768,12.49378,12.49592,0.00,0.00
2017.03.23 13:54:16.819,12.49351,12.49592,0.00,0.00
2017.03.23 13:54:16.869,12.49351,12.49571,0.00,0.00
2017.03.23 13:54:17.076,12.49378,12.49602,0.00,0.00
2017.03.23 13:54:17.181,12.49378,12.49621,0.00,0.00
2017.03.23 13:54:17.380,12.49378,12.49642,0.00,0.00
2017.03.23 13:54:17.470,12.49378,12.49611,0.00,0.00
2017.03.23 13:54:17.573,12.49378,12.49642,0.00,0.00
2017.03.23 13:54:17.679,12.49378,12.49662,0.00,0.00
2017.03.23 13:54:17.805,12.49378,12.49652,0.00,0.00
2017.03.23 13:54:18.179,12.49378,12.49602,0.00,0.00
2017.03.23 13:54:18.280,12.49378,12.49652,0.00,0.00
2017.03.23 13:54:18.387,12.49378,12.49642,0.00,0.00
2017.03.23 13:54:18.703,12.49378,12.49612,0.00,0.00
2017.03.23 13:54:18.889,12.49378,12.49632,0.00,0.00
2017.03.23 13:54:19.014,12.49378,12.49581,0.00,0.00
2017.03.23 13:54:19.073,12.49378,12.49592,0.00,0.00
2017.03.23 13:54:19.187,12.49378,12.49622,0.00,0.00
2017.03.23 13:54:19.492,12.49378,12.49592,0.00,0.00
2017.03.23 13:54:19.595,12.49378,12.49631,0.00,0.00
2017.03.23 13:54:19.703,12.49378,12.49602,0.00,0.00
2017.03.23 13:54:19.819,12.49378,12.49631,0.00,0.00
2017.03.23 13:54:20.176,12.49378,12.49601,0.00,0.00
2017.03.23 13:54:20.377,12.49378,12.49632,0.00,0.00
2017.03.23 13:54:20.577,12.49378,12.49592,0.00,0.00
2017.03.23 13:54:20.693,12.49378,12.49611,0.00,0.00
2017.03.23 13:54:21.394,12.49378,12.49632,0.00,0.00
2017.03.23 13:54:21.717,12.49378,12.49602,0.00,0.00
2017.03.23 13:54:21.779,12.49378,12.49631,0.00,0.00
2017.03.23 13:54:22.180,12.49378,12.49651,0.00,0.00
2017.03.23 13:54:22.293,12.49378,12.49592,0.00,0.00
2017.03.23 13:54:22.728,12.49378,12.49632,0.00,0.00
2017.03.23 13:54:22.907,12.49378,12.49601,0.00,0.00
2017.03.23 13:54:23.204,12.49378,12.49612,0.00,0.00
2017.03.23 13:54:23.282,12.49378,12.49591,0.00,0.00
2017.03.23 13:54:23.918,12.49378,12.49612,0.00,0.00
2017.03.23 13:54:24.026,12.49378,12.49632,0.00,0.00
2017.03.23 13:54:24.127,12.49378,12.49591,0.00,0.00
2017.03.23 13:54:24.621,12.49378,12.49602,0.00,0.00
2017.03.23 13:54:24.725,12.49378,12.49571,0.00,0.00
2017.03.23 13:54:24.826,12.49378,12.49582,0.00,0.00
2017.03.23 13:54:24.885,12.49378,12.49592,0.00,0.00
2017.03.23 13:54:24.992,12.49378,12.49621,0.00,0.00
2017.03.23 13:54:25.186,12.49378,12.49592,0.00,0.00
2017.03.23 13:54:25.519,12.49378,12.49611,0.00,0.00
2017.03.23 13:54:25.787,12.49378,12.49592,0.00,0.00
2017.03.23 13:54:26.156,12.49378,12.49621,0.00,0.00
2017.03.23 13:54:26.514,12.49378,12.49611,0.00,0.00
2017.03.23 13:54:26.815,12.49378,12.49641,0.00,0.00
2017.03.23 13:54:27.790,12.49378,12.49622,0.00,0.00
2017.03.23 13:54:27.984,12.49378,12.49651,0.00,0.00
2017.03.23 13:54:28.226,12.49378,12.49611,0.00,0.00
2017.03.23 13:54:28.291,12.49378,12.49632,0.00,0.00
2017.03.23 13:54:28.403,12.49378,12.49642,0.00,0.00
2017.03.23 13:54:28.507,12.49378,12.49651,0.00,0.00
2017.03.23 13:54:28.592,12.49378,12.49642,0.00,0.00
2017.03.23 13:54:29.194,12.49378,12.49631,0.00,0.00
2017.03.23 13:54:29.514,12.49478,12.49672,0.00,0.00
2017.03.23 13:54:29.564,12.49429,12.49672,0.00,0.00
2017.03.23 13:54:29.615,12.49429,12.49651,0.00,0.00
2017.03.23 13:54:29.716,12.49378,12.49621,0.00,0.00
2017.03.23 13:54:29.823,12.49378,12.49652,0.00,0.00
2017.03.23 13:54:29.942,12.49378,12.49612,0.00,0.00
2017.03.23 13:54:30.199,12.49378,12.49631,0.00,0.00
2017.03.23 13:54:30.300,12.49378,12.49651,0.00,0.00
2017.03.23 13:54:30.404,12.49378,12.49662,0.00,0.00
2017.03.23 13:54:30.506,12.49378,12.49612,0.00,0.00
2017.03.23 13:54:30.622,12.49378,12.49652,0.00,0.00
2017.03.23 13:54:30.696,12.49378,12.49611,0.00,0.00
2017.03.23 13:54:30.809,12.49378,12.49642,0.00,0.00
2017.03.23 13:54:30.928,12.49378,12.49632,0.00,0.00
2017.03.23 13:54:30.996,12.49378,12.49652,0.00,0.00
2017.03.23 13:54:31.126,12.49378,12.49602,0.00,0.00
2017.03.23 13:54:31.229,12.49378,12.49651,0.00,0.00
2017.03.23 13:54:31.836,12.49378,12.49662,0.00,0.00
2017.03.23 13:54:31.898,12.49378,12.49632,0.00,0.00
2017.03.23 13:54:32.147,12.49378,12.49662,0.00,0.00
2017.03.23 13:54:32.198,12.49378,12.49652,0.00,0.00
2017.03.23 13:54:32.618,12.49378,12.49611,0.00,0.00
2017.03.23 13:54:32.668,12.49378,12.49622,0.00,0.00
2017.03.23 13:54:32.719,12.49378,12.49642,0.00,0.00
2017.03.23 13:54:32.820,12.49378,12.49621,0.00,0.00
2017.03.23 13:54:33.401,12.49378,12.49652,0.00,0.00
2017.03.23 13:54:33.501,12.49379,12.49661,0.00,0.00
2017.03.23 13:54:33.661,12.49378,12.49652,0.00,0.00
2017.03.23 13:54:33.910,12.49378,12.49662,0.00,0.00
2017.03.23 13:54:34.527,12.49378,12.49642,0.00,0.00
2017.03.23 13:54:34.855,12.49451,12.49682,0.00,0.00
2017.03.23 13:54:34.906,12.49479,12.49712,0.00,0.00
2017.03.23 13:54:35.125,12.49479,12.49702,0.00,0.00
2017.03.23 13:54:35.175,12.49429,12.49702,0.00,0.00
2017.03.23 13:54:35.226,12.49429,12.49661,0.00,0.00
2017.03.23 13:54:35.534,12.49452,12.49672,0.00,0.00
2017.03.23 13:54:35.635,12.49478,12.49712,0.00,0.00
2017.03.23 13:54:37.008,12.49478,12.49702,0.00,0.00
2017.03.23 13:54:37.109,12.49478,12.49712,0.00,0.00
2017.03.23 13:54:37.510,12.49478,12.49701,0.00,0.00
2017.03.23 13:54:37.839,12.49578,12.49809,0.00,0.00
2017.03.23 13:54:37.911,12.49578,12.49791,0.00,0.00
2017.03.23 13:54:38.031,12.49578,12.49802,0.00,0.00
2017.03.23 13:54:38.112,12.49578,12.49809,0.00,0.00
2017.03.23 13:54:38.212,12.49578,12.49782,0.00,0.00
2017.03.23 13:54:38.418,12.49578,12.49809,0.00,0.00
2017.03.23 13:54:38.615,12.49578,12.49822,0.00,0.00
2017.03.23 13:54:38.666,12.49578,12.49801,0.00,0.00
2017.03.23 13:54:39.000,12.49488,12.49772,0.00,0.00
2017.03.23 13:54:39.050,12.49478,12.49762,0.00,0.00
2017.03.23 13:54:39.371,12.49529,12.49731,0.00,0.00
2017.03.23 13:54:39.422,12.49529,12.49761,0.00,0.00
2017.03.23 13:54:39.655,12.49579,12.49761,0.00,0.00
2017.03.23 13:54:39.706,12.49579,12.49779,0.00,0.00
2017.03.23 13:54:39.757,12.49478,12.49722,0.00,0.00
2017.03.23 13:54:39.887,12.49478,12.49732,0.00,0.00
2017.03.23 13:54:39.938,12.49552,12.49802,0.00,0.00
2017.03.23 13:54:40.256,12.49528,12.49741,0.00,0.00
2017.03.23 13:54:40.423,12.49579,12.49822,0.00,0.00
2017.03.23 13:54:40.824,12.49579,12.49791,0.00,0.00
2017.03.23 13:54:41.024,12.49579,12.49802,0.00,0.00
2017.03.23 13:54:41.268,12.49579,12.49812,0.00,0.00
2017.03.23 13:54:41.326,12.49579,12.49841,0.00,0.00
2017.03.23 13:54:41.560,12.49579,12.49832,0.00,0.00
2017.03.23 13:54:41.900,12.49629,12.49832,0.00,0.00
2017.03.23 13:54:42.101,12.49578,12.49852,0.00,0.00
2017.03.23 13:54:42.152,12.49578,12.49811,0.00,0.00
2017.03.23 13:54:42.697,12.49628,12.49811,0.00,0.00
2017.03.23 13:54:42.750,12.49628,12.49832,0.00,0.00
2017.03.23 13:54:42.828,12.49628,12.49881,0.00,0.00
2017.03.23 13:54:42.879,12.49601,12.49881,0.00,0.00
2017.03.23 13:54:42.929,12.49599,12.49879,0.00,0.00
2017.03.23 13:54:43.263,12.49628,12.49841,0.00,0.00
2017.03.23 13:54:43.576,12.49679,12.49901,0.00,0.00
2017.03.23 13:54:43.902,12.49629,12.49879,0.00,0.00
2017.03.23 13:54:44.003,12.49619,12.49879,0.00,0.00
2017.03.23 13:54:44.054,12.49578,12.49862,0.00,0.00
2017.03.23 13:54:44.128,12.49628,12.49862,0.00,0.00
2017.03.23 13:54:44.397,12.49628,12.49901,0.00,0.00
2017.03.23 13:54:44.448,12.49628,12.49891,0.00,0.00
2017.03.23 13:54:44.733,12.49618,12.49892,0.00,0.00
2017.03.23 13:54:44.869,12.49668,12.49832,0.00,0.00
2017.03.23 13:54:45.041,12.49668,12.49881,0.00,0.00
2017.03.23 13:54:45.142,12.49619,12.49901,0.00,0.00
2017.03.23 13:54:45.243,12.49618,12.49872,0.00,0.00
2017.03.23 13:54:45.293,12.49601,12.49872,0.00,0.00
2017.03.23 13:54:45.344,12.49568,12.49842,0.00,0.00
2017.03.23 13:54:45.444,12.49568,12.49811,0.00,0.00
2017.03.23 13:54:45.667,12.49568,12.49832,0.00,0.00
2017.03.23 13:54:45.779,12.49568,12.49822,0.00,0.00
2017.03.23 13:54:45.836,12.49568,12.49842,0.00,0.00
2017.03.23 13:54:46.042,12.49568,12.49812,0.00,0.00
2017.03.23 13:54:46.357,12.49568,12.49802,0.00,0.00
2017.03.23 13:54:46.479,12.49568,12.49822,0.00,0.00
2017.03.23 13:54:46.537,12.49568,12.49841,0.00,0.00
2017.03.23 13:54:46.658,12.49568,12.49822,0.00,0.00
2017.03.23 13:54:46.874,12.49568,12.49832,0.00,0.00
2017.03.23 13:54:47.055,12.49568,12.49821,0.00,0.00
2017.03.23 13:54:47.347,12.49568,12.49842,0.00,0.00
2017.03.23 13:54:47.449,12.49568,12.49811,0.00,0.00
2017.03.23 13:54:47.577,12.49568,12.49832,0.00,0.00
2017.03.23 13:54:47.678,12.49569,12.49851,0.00,0.00
2017.03.23 13:54:47.862,12.49568,12.49812,0.00,0.00
2017.03.23 13:54:47.969,12.49568,12.49852,0.00,0.00
2017.03.23 13:54:48.043,12.49568,12.49822,0.00,0.00
2017.03.23 13:54:48.382,12.49568,12.49812,0.00,0.00
2017.03.23 13:54:48.563,12.49568,12.49832,0.00,0.00
2017.03.23 13:54:48.614,12.49552,12.49832,0.00,0.00
2017.03.23 13:54:48.664,12.49552,12.49801,0.00,0.00
2017.03.23 13:54:48.968,12.49568,12.49822,0.00,0.00
2017.03.23 13:54:49.262,12.49568,12.49841,0.00,0.00
2017.03.23 13:54:49.747,12.49568,12.49822,0.00,0.00
2017.03.23 13:54:50.048,12.49568,12.49831,0.00,0.00
2017.03.23 13:54:50.190,12.49568,12.49822,0.00,0.00
2017.03.23 13:54:50.295,12.49568,12.49841,0.00,0.00
2017.03.23 13:54:50.448,12.49568,12.49822,0.00,0.00
2017.03.23 13:54:50.549,12.49568,12.49841,0.00,0.00
2017.03.23 13:54:50.749,12.49568,12.49821,0.00,0.00
2017.03.23 13:54:51.050,12.49568,12.49811,0.00,0.00
2017.03.23 13:54:51.179,12.49568,12.49832,0.00,0.00
2017.03.23 13:54:51.297,12.49568,12.49802,0.00,0.00
2017.03.23 13:54:51.961,12.49568,12.49821,0.00,0.00
2017.03.23 13:54:52.090,12.49568,12.49842,0.00,0.00
2017.03.23 13:54:52.152,12.49568,12.49802,0.00,0.00
2017.03.23 13:54:52.453,12.49568,12.49782,0.00,0.00
2017.03.23 13:54:52.854,12.49568,12.49792,0.00,0.00
2017.03.23 13:54:53.201,12.49528,12.49779,0.00,0.00
2017.03.23 13:54:53.255,12.49518,12.49701,0.00,0.00
2017.03.23 13:54:53.306,12.49468,12.49701,0.00,0.00
2017.03.23 13:54:53.356,12.49468,12.49691,0.00,0.00
2017.03.23 13:54:53.461,12.49468,12.49701,0.00,0.00
2017.03.23 13:54:53.577,12.49468,12.49711,0.00,0.00
2017.03.23 13:54:53.681,12.49468,12.49731,0.00,0.00
2017.03.23 13:54:53.783,12.49468,12.49711,0.00,0.00
2017.03.23 13:54:53.834,12.49429,12.49679,0.00,0.00
2017.03.23 13:54:53.884,12.49419,12.49612,0.00,0.00
2017.03.23 13:54:53.937,12.49368,12.49612,0.00,0.00
2017.03.23 13:54:54.559,12.49368,12.49642,0.00,0.00
2017.03.23 13:54:54.869,12.49379,12.49661,0.00,0.00
2017.03.23 13:54:55.001,12.49368,12.49622,0.00,0.00
2017.03.23 13:54:55.361,12.49368,12.49642,0.00,0.00
2017.03.23 13:54:55.662,12.49368,12.49652,0.00,0.00
2017.03.23 13:54:55.974,12.49368,12.49622,0.00,0.00
2017.03.23 13:54:56.098,12.49378,12.49662,0.00,0.00
2017.03.23 13:54:56.164,12.49368,12.49641,0.00,0.00
2017.03.23 13:54:56.305,12.49368,12.49652,0.00,0.00
2017.03.23 13:54:56.482,12.49368,12.49642,0.00,0.00
2017.03.23 13:54:56.847,12.49368,12.49622,0.00,0.00
2017.03.23 13:54:56.898,12.49368,12.49642,0.00,0.00
2017.03.23 13:54:57.260,12.49418,12.49642,0.00,0.00
2017.03.23 13:54:57.310,12.49418,12.49662,0.00,0.00
2017.03.23 13:54:57.361,12.49378,12.49662,0.00,0.00
2017.03.23 13:54:57.412,12.49452,12.49682,0.00,0.00
2017.03.23 13:54:57.567,12.49468,12.49708,0.00,0.00
2017.03.23 13:54:58.031,12.49429,12.49679,0.00,0.00
2017.03.23 13:54:58.082,12.49419,12.49701,0.00,0.00
2017.03.23 13:54:58.183,12.49419,12.49651,0.00,0.00
2017.03.23 13:54:58.421,12.49419,12.49692,0.00,0.00
2017.03.23 13:54:59.089,12.49379,12.49661,0.00,0.00
2017.03.23 13:54:59.198,12.49368,12.49632,0.00,0.00
2017.03.23 13:54:59.518,12.49368,12.49611,0.00,0.00
2017.03.23 13:54:59.623,12.49378,12.49662,0.00,0.00
2017.03.23 13:54:59.959,12.49368,12.49632,0.00,0.00
2017.03.23 13:55:00.126,12.49378,12.49662,0.00,0.00
2017.03.23 13:55:00.577,12.49368,12.49642,0.00,0.00
2017.03.23 13:55:00.947,12.49368,12.49632,0.00,0.00
2017.03.23 13:55:01.427,12.49368,12.49622,0.00,0.00
2017.03.23 13:55:01.484,12.49368,12.49632,0.00,0.00
2017.03.23 13:55:01.884,12.49378,12.49662,0.00,0.00
2017.03.23 13:55:02.395,12.49368,12.49652,0.00,0.00
2017.03.23 13:55:02.799,12.49399,12.49679,0.00,0.00
2017.03.23 13:55:02.850,12.49399,12.49681,0.00,0.00
2017.03.23 13:55:02.901,12.49388,12.49672,0.00,0.00
2017.03.23 13:55:03.001,12.49382,12.49661,0.00,0.00
2017.03.23 13:55:03.353,12.49382,12.49631,0.00,0.00
2017.03.23 13:55:03.615,12.49382,12.49642,0.00,0.00
2017.03.23 13:55:03.687,12.49389,12.49671,0.00,0.00
2017.03.23 13:55:03.738,12.49422,12.49671,0.00,0.00
2017.03.23 13:55:03.789,12.49419,12.49698,0.00,0.00
2017.03.23 13:55:03.839,12.49418,12.49681,0.00,0.00
2017.03.23 13:55:04.247,12.49468,12.49708,0.00,0.00
2017.03.23 13:55:04.298,12.49468,12.49732,0.00,0.00
2017.03.23 13:55:04.403,12.49468,12.49702,0.00,0.00
2017.03.23 13:55:04.468,12.49461,12.49702,0.00,0.00
2017.03.23 13:55:04.568,12.49421,12.49692,0.00,0.00
2017.03.23 13:55:04.619,12.49421,12.49631,0.00,0.00
2017.03.23 13:55:04.823,12.49469,12.49732,0.00,0.00
2017.03.23 13:55:04.926,12.49469,12.49722,0.00,0.00
2017.03.23 13:55:05.208,12.49469,12.49732,0.00,0.00
2017.03.23 13:55:05.309,12.49469,12.49741,0.00,0.00
2017.03.23 13:55:05.395,12.49469,12.49732,0.00,0.00
2017.03.23 13:55:05.802,12.49469,12.49712,0.00,0.00
2017.03.23 13:55:06.210,12.49469,12.49709,0.00,0.00
2017.03.23 13:55:06.261,12.49428,12.49698,0.00,0.00
2017.03.23 13:55:06.334,12.49419,12.49692,0.00,0.00
2017.03.23 13:55:06.384,12.49408,12.49681,0.00,0.00
2017.03.23 13:55:06.435,12.49382,12.49662,0.00,0.00
2017.03.23 13:55:06.499,12.49382,12.49642,0.00,0.00
2017.03.23 13:55:06.614,12.49399,12.49681,0.00,0.00
2017.03.23 13:55:06.700,12.49382,12.49662,0.00,0.00
2017.03.23 13:55:07.010,12.49382,12.49642,0.00,0.00
2017.03.23 13:55:07.358,12.49382,12.49632,0.00,0.00
2017.03.23 13:55:07.835,12.49382,12.49651,0.00,0.00
2017.03.23 13:55:07.904,12.49382,12.49661,0.00,0.00
2017.03.23 13:55:08.018,12.49382,12.49652,0.00,0.00
2017.03.23 13:55:08.606,12.49382,12.49621,0.00,0.00
2017.03.23 13:55:08.808,12.49382,12.49651,0.00,0.00
2017.03.23 13:55:08.908,12.49369,12.49622,0.00,0.00
2017.03.23 13:55:09.151,12.49369,12.49642,0.00,0.00
2017.03.23 13:55:09.338,12.49369,12.49621,0.00,0.00
2017.03.23 13:55:09.686,12.49348,12.49581,0.00,0.00
2017.03.23 13:55:09.736,12.49291,12.49562,0.00,0.00
2017.03.23 13:55:09.856,12.49291,12.49551,0.00,0.00
2017.03.23 13:55:09.961,12.49271,12.49542,0.00,0.00
2017.03.23 13:55:10.070,12.49299,12.49581,0.00,0.00
2017.03.23 13:55:10.121,12.49322,12.49541,0.00,0.00
2017.03.23 13:55:10.222,12.49361,12.49582,0.00,0.00
2017.03.23 13:55:10.272,12.49368,12.49582,0.00,0.00
2017.03.23 13:55:10.323,12.49369,12.49609,0.00,0.00
2017.03.23 13:55:10.790,12.49368,12.49642,0.00,0.00
2017.03.23 13:55:10.840,12.49368,12.49632,0.00,0.00
2017.03.23 13:55:11.149,12.49368,12.49612,0.00,0.00
2017.03.23 13:55:11.338,12.49368,12.49631,0.00,0.00
2017.03.23 13:55:11.439,12.49368,12.49601,0.00,0.00
2017.03.23 13:55:11.615,12.49368,12.49622,0.00,0.00
2017.03.23 13:55:11.721,12.49368,12.49642,0.00,0.00
2017.03.23 13:55:12.416,12.49368,12.49622,0.00,0.00
2017.03.23 13:55:12.817,12.49368,12.49611,0.00,0.00
2017.03.23 13:55:13.619,12.49368,12.49622,0.00,0.00
2017.03.23 13:55:13.793,12.49368,12.49642,0.00,0.00
2017.03.23 13:55:14.457,12.49368,12.49622,0.00,0.00
2017.03.23 13:55:14.812,12.49368,12.49601,0.00,0.00
2017.03.23 13:55:14.863,12.49368,12.49622,0.00,0.00
2017.03.23 13:55:15.121,12.49368,12.49642,0.00,0.00
2017.03.23 13:55:15.470,12.49368,12.49612,0.00,0.00
2017.03.23 13:55:15.654,12.49328,12.49589,0.00,0.00
2017.03.23 13:55:15.755,12.49309,12.49582,0.00,0.00
2017.03.23 13:55:15.823,12.49271,12.49542,0.00,0.00
2017.03.23 13:55:16.525,12.49298,12.49582,0.00,0.00
2017.03.23 13:55:16.576,12.49309,12.49582,0.00,0.00
2017.03.23 13:55:16.932,12.49292,12.49551,0.00,0.00
2017.03.23 13:55:17.134,12.49371,12.49641,0.00,0.00
2017.03.23 13:55:17.225,12.49371,12.49651,0.00,0.00
2017.03.23 13:55:17.926,12.49371,12.49632,0.00,0.00
2017.03.23 13:55:18.074,12.49371,12.49652,0.00,0.00
2017.03.23 13:55:18.242,12.49371,12.49632,0.00,0.00
2017.03.23 13:55:18.500,12.49328,12.49608,0.00,0.00
2017.03.23 13:55:18.551,12.49338,12.49608,0.00,0.00
2017.03.23 13:55:18.882,12.49291,12.49552,0.00,0.00
2017.03.23 13:55:18.933,12.49291,12.49571,0.00,0.00
2017.03.23 13:55:19.049,12.49291,12.49552,0.00,0.00
2017.03.23 13:55:19.250,12.49308,12.49581,0.00,0.00
2017.03.23 13:55:19.330,12.49291,12.49542,0.00,0.00
2017.03.23 13:55:19.431,12.49291,12.49561,0.00,0.00
2017.03.23 13:55:19.555,12.49299,12.49581,0.00,0.00
2017.03.23 13:55:19.658,12.49381,12.49581,0.00,0.00
2017.03.23 13:55:19.873,12.49392,12.49631,0.00,0.00
2017.03.23 13:55:20.035,12.49392,12.49601,0.00,0.00
2017.03.23 13:55:20.168,12.49392,12.49641,0.00,0.00
2017.03.23 13:55:20.433,12.49392,12.49662,0.00,0.00
2017.03.23 13:55:20.878,12.49392,12.49622,0.00,0.00
2017.03.23 13:55:21.196,12.49392,12.49612,0.00,0.00
2017.03.23 13:55:21.352,12.49392,12.49642,0.00,0.00
2017.03.23 13:55:21.453,12.49392,12.49651,0.00,0.00
2017.03.23 13:55:22.236,12.49392,12.49652,0.00,0.00
2017.03.23 13:55:22.336,12.49392,12.49622,0.00,0.00
2017.03.23 13:55:22.585,12.49392,12.49662,0.00,0.00
2017.03.23 13:55:22.637,12.49392,12.49612,0.00,0.00
2017.03.23 13:55:23.232,12.49381,12.49612,0.00,0.00
2017.03.23 13:55:23.283,12.49381,12.49592,0.00,0.00
2017.03.23 13:55:23.384,12.49381,12.49611,0.00,0.00
2017.03.23 13:55:23.439,12.49381,12.49631,0.00,0.00
2017.03.23 13:55:23.540,12.49381,12.49652,0.00,0.00
2017.03.23 13:55:23.840,12.49381,12.49662,0.00,0.00
2017.03.23 13:55:23.965,12.49381,12.49631,0.00,0.00
2017.03.23 13:55:24.322,12.49381,12.49602,0.00,0.00
2017.03.23 13:55:24.372,12.49352,12.49621,0.00,0.00
2017.03.23 13:55:24.473,12.49319,12.49581,0.00,0.00
2017.03.23 13:55:24.750,12.49301,12.49581,0.00,0.00
2017.03.23 13:55:24.943,12.49301,12.49571,0.00,0.00
2017.03.23 13:55:25.275,12.49301,12.49581,0.00,0.00
2017.03.23 13:55:25.578,12.49301,12.49571,0.00,0.00
2017.03.23 13:55:25.865,12.49301,12.49581,0.00,0.00
2017.03.23 13:55:26.061,12.49402,12.49552,0.00,0.00
2017.03.23 13:55:26.146,12.49402,12.49612,0.00,0.00
2017.03.23 13:55:26.257,12.49402,12.49631,0.00,0.00
2017.03.23 13:55:26.377,12.49402,12.49602,0.00,0.00
2017.03.23 13:55:26.447,12.49402,12.49622,0.00,0.00
2017.03.23 13:55:26.548,12.49402,12.49631,0.00,0.00
2017.03.23 13:55:26.671,12.49402,12.49642,0.00,0.00
2017.03.23 13:55:27.012,12.49391,12.49608,0.00,0.00
2017.03.23 13:55:27.113,12.49318,12.49602,0.00,0.00
2017.03.23 13:55:27.163,12.49312,12.49581,0.00,0.00
2017.03.23 13:55:27.470,12.49312,12.49571,0.00,0.00
2017.03.23 13:55:27.701,12.49228,12.49509,0.00,0.00
2017.03.23 13:55:27.752,12.49219,12.49501,0.00,0.00
2017.03.23 13:55:27.810,12.49219,12.49482,0.00,0.00
2017.03.23 13:55:28.126,12.49212,12.49442,0.00,0.00
2017.03.23 13:55:28.300,12.49212,12.49452,0.00,0.00
2017.03.23 13:55:28.452,12.49212,12.49431,0.00,0.00
2017.03.23 13:55:28.702,12.49212,12.49452,0.00,0.00
2017.03.23 13:55:28.753,12.49212,12.49462,0.00,0.00
2017.03.23 13:55:28.957,12.49221,12.49462,0.00,0.00
2017.03.23 13:55:29.407,12.49221,12.49452,0.00,0.00
2017.03.23 13:55:29.559,12.49221,12.49471,0.00,0.00
2017.03.23 13:55:29.660,12.49171,12.49422,0.00,0.00
2017.03.23 13:55:29.711,12.49138,12.49362,0.00,0.00
2017.03.23 13:55:29.762,12.49132,12.49362,0.00,0.00
2017.03.23 13:55:29.812,12.49171,12.49362,0.00,0.00
2017.03.23 13:55:30.077,12.49212,12.49422,0.00,0.00
2017.03.23 13:55:30.127,12.49251,12.49422,0.00,0.00
2017.03.23 13:55:30.282,12.49251,12.49441,0.00,0.00
2017.03.23 13:55:30.357,12.49251,12.49451,0.00,0.00
2017.03.23 13:55:30.494,12.49251,12.49422,0.00,0.00
2017.03.23 13:55:30.595,12.49251,12.49452,0.00,0.00
2017.03.23 13:55:30.697,12.49251,12.49432,0.00,0.00
2017.03.23 13:55:30.758,12.49251,12.49461,0.00,0.00
2017.03.23 13:55:31.286,12.49251,12.49462,0.00,0.00
2017.03.23 13:55:31.359,12.49251,12.49452,0.00,0.00
2017.03.23 13:55:31.688,12.49251,12.49442,0.00,0.00
2017.03.23 13:55:31.872,12.49251,12.49452,0.00,0.00
2017.03.23 13:55:31.992,12.49251,12.49462,0.00,0.00
2017.03.23 13:55:32.117,12.49251,12.49471,0.00,0.00
2017.03.23 13:55:32.168,12.49301,12.49482,0.00,0.00
2017.03.23 13:55:32.379,12.49341,12.49541,0.00,0.00
2017.03.23 13:55:32.562,12.49341,12.49511,0.00,0.00
2017.03.23 13:55:32.763,12.49341,12.49532,0.00,0.00
2017.03.23 13:55:32.863,12.49341,12.49542,0.00,0.00
2017.03.23 13:55:33.115,12.49341,12.49551,0.00,0.00
2017.03.23 13:55:33.364,12.49341,12.49511,0.00,0.00
2017.03.23 13:55:33.565,12.49341,12.49541,0.00,0.00
2017.03.23 13:55:33.665,12.49341,12.49512,0.00,0.00
2017.03.23 13:55:34.011,12.49341,12.49531,0.00,0.00
2017.03.23 13:55:34.172,12.49341,12.49501,0.00,0.00
2017.03.23 13:55:34.406,12.49341,12.49542,0.00,0.00
2017.03.23 13:55:34.689,12.49341,12.49522,0.00,0.00
2017.03.23 13:55:35.121,12.49332,12.49501,0.00,0.00
2017.03.23 13:55:35.391,12.49332,12.49522,0.00,0.00
2017.03.23 13:55:35.699,12.49332,12.49532,0.00,0.00
2017.03.23 13:55:35.872,12.49332,12.49542,0.00,0.00
2017.03.23 13:55:35.969,12.49332,12.49532,0.00,0.00
2017.03.23 13:55:36.303,12.49332,12.49522,0.00,0.00
2017.03.23 13:55:36.642,12.49332,12.49502,0.00,0.00
2017.03.23 13:55:36.772,12.49332,12.49532,0.00,0.00
2017.03.23 13:55:36.892,12.49332,12.49541,0.00,0.00
2017.03.23 13:55:37.176,12.49332,12.49532,0.00,0.00
2017.03.23 13:55:37.277,12.49332,12.49542,0.00,0.00
2017.03.23 13:55:37.584,12.49332,12.49531,0.00,0.00
2017.03.23 13:55:37.910,12.49332,12.49521,0.00,0.00
2017.03.23 13:55:38.247,12.49311,12.49492,0.00,0.00
2017.03.23 13:55:38.528,12.49228,12.49492,0.00,0.00
2017.03.23 13:55:38.579,12.49238,12.49509,0.00,0.00
2017.03.23 13:55:38.629,12.49238,12.49462,0.00,0.00
2017.03.23 13:55:39.050,12.49221,12.49381,0.00,0.00
2017.03.23 13:55:39.175,12.49221,12.49411,0.00,0.00
2017.03.23 13:55:39.475,12.49221,12.49401,0.00,0.00
2017.03.23 13:55:39.576,12.49221,12.49411,0.00,0.00
2017.03.23 13:55:39.675,12.49221,12.49401,0.00,0.00
2017.03.23 13:55:39.789,12.49221,12.49411,0.00,0.00
2017.03.23 13:55:39.840,12.49129,12.49409,0.00,0.00
2017.03.23 13:55:39.891,12.49128,12.49342,0.00,0.00
2017.03.23 13:55:39.941,12.49122,12.49342,0.00,0.00
2017.03.23 13:55:39.992,12.49122,12.49332,0.00,0.00
2017.03.23 13:55:40.076,12.49122,12.49351,0.00,0.00
2017.03.23 13:55:40.188,12.49122,12.49362,0.00,0.00
2017.03.23 13:55:40.238,12.49211,12.49362,0.00,0.00
2017.03.23 13:55:40.289,12.49211,12.49409,0.00,0.00
2017.03.23 13:55:40.578,12.49211,12.49401,0.00,0.00
2017.03.23 13:55:40.720,12.49211,12.49409,0.00,0.00
2017.03.23 13:55:40.830,12.49211,12.49432,0.00,0.00
2017.03.23 13:55:40.880,12.49211,12.49402,0.00,0.00
2017.03.23 13:55:40.986,12.49211,12.49432,0.00,0.00
2017.03.23 13:55:41.079,12.49211,12.49442,0.00,0.00
2017.03.23 13:55:41.203,12.49211,12.49402,0.00,0.00
2017.03.23 13:55:41.279,12.49211,12.49441,0.00,0.00
2017.03.23 13:55:41.387,12.49211,12.49382,0.00,0.00
2017.03.23 13:55:41.716,12.49211,12.49422,0.00,0.00
2017.03.23 13:55:41.826,12.49211,12.49442,0.00,0.00
2017.03.23 13:55:41.927,12.49211,12.49431,0.00,0.00
2017.03.23 13:55:42.230,12.49211,12.49422,0.00,0.00
2017.03.23 13:55:42.581,12.49211,12.49401,0.00,0.00
2017.03.23 13:55:42.899,12.49211,12.49431,0.00,0.00
2017.03.23 13:55:43.003,12.49211,12.49451,0.00,0.00
2017.03.23 13:55:43.640,12.49211,12.49462,0.00,0.00
2017.03.23 13:55:43.690,12.49211,12.49412,0.00,0.00
2017.03.23 13:55:43.792,12.49222,12.49452,0.00,0.00
2017.03.23 13:55:43.884,12.49222,12.49461,0.00,0.00
2017.03.23 13:55:43.984,12.49228,12.49481,0.00,0.00
2017.03.23 13:55:44.085,12.49312,12.49491,0.00,0.00
2017.03.23 13:55:44.186,12.49312,12.49502,0.00,0.00
2017.03.23 13:55:44.287,12.49312,12.49511,0.00,0.00
2017.03.23 13:55:44.443,12.49311,12.49541,0.00,0.00
2017.03.23 13:55:44.494,12.49311,12.49522,0.00,0.00
2017.03.23 13:55:44.653,12.49222,12.49462,0.00,0.00
2017.03.23 13:55:44.870,12.49222,12.49442,0.00,0.00
2017.03.23 13:55:44.986,12.49222,12.49462,0.00,0.00
2017.03.23 13:55:45.037,12.49312,12.49462,0.00,0.00
2017.03.23 13:55:45.088,12.49311,12.49511,0.00,0.00
2017.03.23 13:55:45.189,12.49311,12.49532,0.00,0.00
2017.03.23 13:55:45.429,12.49311,12.49492,0.00,0.00
2017.03.23 13:55:45.488,12.49311,12.49532,0.00,0.00
2017.03.23 13:55:45.538,12.49311,12.49511,0.00,0.00
2017.03.23 13:55:45.957,12.49248,12.49411,0.00,0.00
2017.03.23 13:55:46.007,12.49238,12.49411,0.00,0.00
2017.03.23 13:55:46.150,12.49221,12.49411,0.00,0.00
2017.03.23 13:55:46.378,12.49312,12.49461,0.00,0.00
2017.03.23 13:55:46.480,12.49312,12.49471,0.00,0.00
2017.03.23 13:55:46.531,12.49312,12.49508,0.00,0.00
2017.03.23 13:55:46.582,12.49259,12.49508,0.00,0.00
2017.03.23 13:55:46.632,12.49221,12.49412,0.00,0.00
2017.03.23 13:55:46.965,12.49138,12.49401,0.00,0.00
2017.03.23 13:55:47.015,12.49138,12.49392,0.00,0.00
2017.03.23 13:55:47.352,12.49132,12.49321,0.00,0.00
2017.03.23 13:55:49.519,12.49132,12.49302,0.00,0.00
2017.03.23 13:55:49.801,12.49132,12.49321,0.00,0.00
2017.03.23 13:55:50.402,12.49132,12.49312,0.00,0.00
2017.03.23 13:55:50.703,12.49132,12.49321,0.00,0.00
2017.03.23 13:55:51.014,12.49132,12.49302,0.00,0.00
2017.03.23 13:55:51.208,12.49132,12.49321,0.00,0.00
2017.03.23 13:55:51.544,12.49132,12.49302,0.00,0.00
2017.03.23 13:55:51.729,12.49132,12.49312,0.00,0.00
2017.03.23 13:55:51.831,12.49132,12.49302,0.00,0.00
2017.03.23 13:55:51.934,12.49132,12.49321,0.00,0.00
2017.03.23 13:55:53.738,12.49132,12.49312,0.00,0.00
2017.03.23 13:55:53.847,12.49132,12.49321,0.00,0.00
2017.03.23 13:55:53.949,12.49132,12.49302,0.00,0.00
2017.03.23 13:55:54.057,12.49132,12.49321,0.00,0.00
2017.03.23 13:55:54.108,12.49111,12.49321,0.00,0.00
2017.03.23 13:55:54.211,12.49111,12.49301,0.00,0.00
2017.03.23 13:55:54.261,12.49021,12.49221,0.00,0.00
2017.03.23 13:55:54.624,12.49121,12.49271,0.00,0.00
2017.03.23 13:55:54.775,12.49048,12.49321,0.00,0.00
2017.03.23 13:55:54.826,12.49039,12.49292,0.00,0.00
2017.03.23 13:55:55.198,12.49121,12.49321,0.00,0.00
2017.03.23 13:55:56.816,12.49121,12.49311,0.00,0.00
2017.03.23 13:55:57.177,12.49121,12.49272,0.00,0.00
2017.03.23 13:55:57.417,12.49121,12.49292,0.00,0.00
2017.03.23 13:55:57.659,12.49121,12.49271,0.00,0.00
2017.03.23 13:55:58.018,12.49121,12.49301,0.00,0.00
2017.03.23 13:55:58.829,12.49121,12.49282,0.00,0.00
2017.03.23 13:55:59.220,12.49121,12.49302,0.00,0.00
2017.03.23 13:55:59.335,12.49121,12.49241,0.00,0.00
2017.03.23 13:55:59.572,12.49121,12.49272,0.00,0.00
2017.03.23 13:55:59.622,12.49121,12.49241,0.00,0.00
2017.03.23 13:55:59.730,12.49121,12.49301,0.00,0.00
2017.03.23 13:55:59.857,12.49121,12.49312,0.00,0.00
2017.03.23 13:55:59.924,12.49121,12.49302,0.00,0.00
2017.03.23 13:56:00.178,12.49042,12.49262,0.00,0.00
2017.03.23 13:56:00.228,12.49042,12.49241,0.00,0.00
2017.03.23 13:56:00.543,12.49022,12.49221,0.00,0.00
2017.03.23 13:56:01.040,12.49032,12.49181,0.00,0.00
2017.03.23 13:56:01.142,12.49032,12.49221,0.00,0.00
2017.03.23 13:56:01.301,12.49012,12.49221,0.00,0.00
2017.03.23 13:56:01.417,12.49101,12.49221,0.00,0.00
2017.03.23 13:56:01.575,12.49101,12.49232,0.00,0.00
2017.03.23 13:56:01.634,12.49101,12.49291,0.00,0.00
2017.03.23 13:56:01.740,12.49101,12.49301,0.00,0.00
2017.03.23 13:56:01.863,12.49101,12.49312,0.00,0.00
2017.03.23 13:56:02.033,12.49101,12.49321,0.00,0.00
2017.03.23 13:56:02.131,12.49101,12.49302,0.00,0.00
2017.03.23 13:56:02.572,12.49101,12.49292,0.00,0.00
2017.03.23 13:56:02.902,12.49091,12.49291,0.00,0.00
2017.03.23 13:56:03.004,12.49091,12.49312,0.00,0.00
2017.03.23 13:56:03.171,12.49091,12.49301,0.00,0.00
2017.03.23 13:56:03.508,12.49091,12.49291,0.00,0.00
2017.03.23 13:56:03.737,12.49091,12.49311,0.00,0.00
2017.03.23 13:56:04.112,12.49191,12.49311,0.00,0.00
2017.03.23 13:56:04.399,12.49191,12.49362,0.00,0.00
2017.03.23 13:56:04.515,12.49191,12.49381,0.00,0.00
2017.03.23 13:56:04.741,12.49191,12.49392,0.00,0.00
2017.03.23 13:56:04.969,12.49191,12.49372,0.00,0.00
2017.03.23 13:56:05.143,12.49191,12.49382,0.00,0.00
2017.03.23 13:56:05.253,12.49191,12.49352,0.00,0.00
2017.03.23 13:56:05.411,12.49141,12.49352,0.00,0.00
2017.03.23 13:56:05.528,12.49149,12.49352,0.00,0.00
2017.03.23 13:56:05.845,12.49192,12.49382,0.00,0.00
2017.03.23 13:56:06.180,12.49192,12.49371,0.00,0.00
2017.03.23 13:56:06.280,12.49192,12.49392,0.00,0.00
2017.03.23 13:56:06.747,12.49192,12.49381,0.00,0.00
2017.03.23 13:56:06.897,12.49192,12.49392,0.00,0.00
2017.03.23 13:56:07.649,12.49192,12.49371,0.00,0.00
2017.03.23 13:56:07.787,12.49192,12.49401,0.00,0.00
2017.03.23 13:56:07.894,12.49192,12.49371,0.00,0.00
2017.03.23 13:56:07.950,12.49192,12.49402,0.00,0.00
2017.03.23 13:56:08.253,12.49192,12.49362,0.00,0.00
2017.03.23 13:56:08.371,12.49192,12.49371,0.00,0.00
2017.03.23 13:56:08.477,12.49192,12.49392,0.00,0.00
2017.03.23 13:56:08.578,12.49192,12.49372,0.00,0.00
2017.03.23 13:56:08.779,12.49192,12.49401,0.00,0.00
2017.03.23 13:56:09.184,12.49192,12.49392,0.00,0.00
2017.03.23 13:56:09.485,12.49192,12.49362,0.00,0.00
2017.03.23 13:56:10.060,12.49192,12.49392,0.00,0.00
2017.03.23 13:56:10.342,12.49282,12.49392,0.00,0.00
2017.03.23 13:56:10.559,12.49282,12.49462,0.00,0.00
2017.03.23 13:56:10.659,12.49282,12.49471,0.00,0.00
2017.03.23 13:56:10.784,12.49282,12.49482,0.00,0.00
2017.03.23 13:56:10.885,12.49282,12.49491,0.00,0.00
2017.03.23 13:56:11.505,12.49282,12.49462,0.00,0.00
2017.03.23 13:56:11.562,12.49282,12.49482,0.00,0.00
2017.03.23 13:56:11.674,12.49282,12.49462,0.00,0.00
2017.03.23 13:56:12.064,12.49282,12.49471,0.00,0.00
2017.03.23 13:56:12.166,12.49282,12.49491,0.00,0.00
2017.03.23 13:56:12.269,12.49282,12.49471,0.00,0.00
2017.03.23 13:56:12.370,12.49282,12.49492,0.00,0.00
2017.03.23 13:56:12.515,12.49282,12.49461,0.00,0.00
2017.03.23 13:56:12.862,12.49282,12.49452,0.00,0.00
2017.03.23 13:56:12.913,12.49202,12.49461,0.00,0.00
2017.03.23 13:56:13.063,12.49202,12.49432,0.00,0.00
2017.03.23 13:56:13.386,12.49202,12.49382,0.00,0.00
2017.03.23 13:56:13.505,12.49202,12.49412,0.00,0.00
2017.03.23 13:56:13.811,12.49202,12.49381,0.00,0.00
2017.03.23 13:56:14.106,12.49171,12.49362,0.00,0.00
2017.03.23 13:56:14.207,12.49171,12.49372,0.00,0.00
2017.03.23 13:56:14.271,12.49171,12.49402,0.00,0.00
2017.03.23 13:56:14.488,12.49171,12.49422,0.00,0.00
2017.03.23 13:56:14.646,12.49171,12.49402,0.00,0.00
2017.03.23 13:56:14.981,12.49171,12.49371,0.00,0.00
2017.03.23 13:56:15.074,12.49171,12.49402,0.00,0.00
2017.03.23 13:56:15.174,12.49171,12.49372,0.00,0.00
2017.03.23 13:56:15.488,12.49171,12.49392,0.00,0.00
2017.03.23 13:56:15.589,12.49171,12.49412,0.00,0.00
2017.03.23 13:56:15.675,12.49171,12.49402,0.00,0.00
2017.03.23 13:56:15.991,12.49171,12.49361,0.00,0.00
2017.03.23 13:56:16.176,12.49171,12.49392,0.00,0.00
2017.03.23 13:56:16.481,12.49089,12.49331,0.00,0.00
2017.03.23 13:56:16.585,12.49072,12.49301,0.00,0.00
2017.03.23 13:56:16.906,12.49162,12.49342,0.00,0.00
2017.03.23 13:56:17.013,12.49162,12.49362,0.00,0.00
2017.03.23 13:56:17.128,12.49162,12.49401,0.00,0.00
2017.03.23 13:56:17.179,12.49162,12.49381,0.00,0.00
2017.03.23 13:56:17.521,12.49162,12.49341,0.00,0.00
2017.03.23 13:56:17.680,12.49162,12.49382,0.00,0.00
2017.03.23 13:56:17.781,12.49162,12.49351,0.00,0.00
2017.03.23 13:56:17.898,12.49162,12.49381,0.00,0.00
2017.03.23 13:56:18.004,12.49162,12.49402,0.00,0.00
2017.03.23 13:56:18.229,12.49162,12.49391,0.00,0.00
2017.03.23 13:56:18.382,12.49162,12.49411,0.00,0.00
2017.03.23 13:56:18.532,12.49162,12.49382,0.00,0.00
2017.03.23 13:56:18.792,12.49162,12.49412,0.00,0.00
2017.03.23 13:56:19.209,12.49149,12.49412,0.00,0.00
2017.03.23 13:56:19.285,12.49149,12.49381,0.00,0.00
2017.03.23 13:56:19.385,12.49149,12.49412,0.00,0.00
2017.03.23 13:56:19.587,12.49149,12.49402,0.00,0.00
2017.03.23 13:56:19.695,12.49149,12.49421,0.00,0.00
2017.03.23 13:56:20.113,12.49149,12.49402,0.00,0.00
2017.03.23 13:56:20.214,12.49149,12.49422,0.00,0.00
2017.03.23 13:56:20.489,12.49149,12.49402,0.00,0.00
2017.03.23 13:56:20.838,12.49149,12.49392,0.00,0.00
2017.03.23 13:56:21.089,12.49149,12.49411,0.00,0.00
2017.03.23 13:56:21.200,12.49149,12.49402,0.00,0.00
2017.03.23 13:56:21.549,12.49249,12.49362,0.00,0.00
2017.03.23 13:56:21.599,12.49249,12.49381,0.00,0.00
2017.03.23 13:56:21.701,12.49149,12.49401,0.00,0.00
2017.03.23 13:56:21.828,12.49149,12.49422,0.00,0.00
2017.03.23 13:56:21.891,12.49149,12.49381,0.00,0.00
2017.03.23 13:56:22.003,12.49149,12.49392,0.00,0.00
2017.03.23 13:56:22.090,12.49149,12.49382,0.00,0.00
2017.03.23 13:56:22.324,12.49149,12.49402,0.00,0.00
2017.03.23 13:56:22.391,12.49149,12.49421,0.00,0.00
2017.03.23 13:56:22.532,12.49149,12.49411,0.00,0.00
2017.03.23 13:56:22.813,12.49149,12.49422,0.00,0.00
2017.03.23 13:56:22.892,12.49149,12.49402,0.00,0.00
2017.03.23 13:56:23.490,12.49149,12.49382,0.00,0.00
2017.03.23 13:56:23.542,12.49149,12.49402,0.00,0.00
2017.03.23 13:56:23.594,12.49149,12.49372,0.00,0.00
2017.03.23 13:56:23.694,12.49149,12.49401,0.00,0.00
2017.03.23 13:56:24.217,12.49198,12.49401,0.00,0.00
2017.03.23 13:56:24.319,12.49199,12.49422,0.00,0.00
2017.03.23 13:56:24.428,12.49198,12.49431,0.00,0.00
2017.03.23 13:56:24.532,12.49198,12.49422,0.00,0.00
2017.03.23 13:56:25.046,12.49198,12.49421,0.00,0.00
2017.03.23 13:56:25.372,12.49248,12.49472,0.00,0.00
2017.03.23 13:56:25.473,12.49248,12.49482,0.00,0.00
2017.03.23 13:56:25.598,12.49248,12.49491,0.00,0.00
2017.03.23 13:56:25.798,12.49248,12.49502,0.00,0.00
2017.03.23 13:56:25.899,12.49248,12.49492,0.00,0.00
2017.03.23 13:56:26.012,12.49248,12.49502,0.00,0.00
2017.03.23 13:56:26.223,12.49248,12.49471,0.00,0.00
2017.03.23 13:56:26.345,12.49248,12.49511,0.00,0.00
2017.03.23 13:56:26.600,12.49248,12.49491,0.00,0.00
2017.03.23 13:56:26.919,12.49248,12.49471,0.00,0.00
2017.03.23 13:56:27.229,12.49248,12.49491,0.00,0.00
2017.03.23 13:56:27.301,12.49248,12.49472,0.00,0.00
2017.03.23 13:56:27.401,12.49248,12.49511,0.00,0.00
2017.03.23 13:56:28.335,12.49248,12.49501,0.00,0.00
2017.03.23 13:56:28.703,12.49248,12.49512,0.00,0.00
2017.03.23 13:56:28.804,12.49248,12.49472,0.00,0.00
2017.03.23 13:56:29.122,12.49208,12.49482,0.00,0.00
2017.03.23 13:56:29.227,12.49249,12.49431,0.00,0.00
2017.03.23 13:56:29.333,12.49249,12.49441,0.00,0.00
2017.03.23 13:56:29.538,12.49249,12.49481,0.00,0.00
2017.03.23 13:56:29.605,12.49249,12.49452,0.00,0.00
2017.03.23 13:56:29.721,12.49249,12.49491,0.00,0.00
2017.03.23 13:56:29.822,12.49249,12.49502,0.00,0.00
2017.03.23 13:56:30.145,12.49249,12.49472,0.00,0.00
2017.03.23 13:56:30.468,12.49249,12.49451,0.00,0.00
2017.03.23 13:56:30.706,12.49249,12.49472,0.00,0.00
2017.03.23 13:56:30.807,12.49249,12.49452,0.00,0.00
2017.03.23 13:56:31.207,12.49249,12.49462,0.00,0.00
2017.03.23 13:56:31.308,12.49201,12.49431,0.00,0.00
2017.03.23 13:56:31.409,12.49248,12.49422,0.00,0.00
2017.03.23 13:56:31.510,12.49192,12.49429,0.00,0.00
2017.03.23 13:56:31.714,12.49192,12.49402,0.00,0.00
2017.03.23 13:56:31.765,12.49148,12.49392,0.00,0.00
2017.03.23 13:56:31.815,12.49148,12.49382,0.00,0.00
2017.03.23 13:56:32.122,12.49148,12.49411,0.00,0.00
2017.03.23 13:56:32.512,12.49148,12.49382,0.00,0.00
2017.03.23 13:56:32.625,12.49148,12.49411,0.00,0.00
2017.03.23 13:56:32.933,12.49248,12.49392,0.00,0.00
2017.03.23 13:56:33.038,12.49151,12.49411,0.00,0.00
2017.03.23 13:56:33.139,12.49159,12.49418,0.00,0.00
2017.03.23 13:56:33.288,12.49151,12.49418,0.00,0.00
2017.03.23 13:56:33.339,12.49151,12.49391,0.00,0.00
2017.03.23 13:56:33.615,12.49151,12.49402,0.00,0.00
2017.03.23 13:56:33.754,12.49151,12.49412,0.00,0.00
2017.03.23 13:56:33.953,12.49149,12.49412,0.00,0.00
2017.03.23 13:56:34.016,12.49149,12.49392,0.00,0.00
2017.03.23 13:56:34.317,12.49149,12.49372,0.00,0.00
2017.03.23 13:56:34.434,12.49149,12.49392,0.00,0.00
2017.03.23 13:56:34.832,12.49149,12.49372,0.00,0.00
2017.03.23 13:56:34.972,12.49149,12.49381,0.00,0.00
2017.03.23 13:56:35.022,12.49149,12.49372,0.00,0.00
2017.03.23 13:56:36.140,12.49149,12.49382,0.00,0.00
2017.03.23 13:56:36.324,12.49149,12.49371,0.00,0.00
2017.03.23 13:56:36.525,12.49149,12.49381,0.00,0.00
2017.03.23 13:56:36.649,12.49149,12.49398,0.00,0.00
2017.03.23 13:56:36.825,12.49149,12.49372,0.00,0.00
2017.03.23 13:56:37.127,12.49149,12.49381,0.00,0.00
2017.03.23 13:56:37.236,12.49149,12.49398,0.00,0.00
2017.03.23 13:56:37.343,12.49098,12.49319,0.00,0.00
2017.03.23 13:56:37.444,12.49061,12.49312,0.00,0.00
2017.03.23 13:56:37.552,12.49061,12.49302,0.00,0.00
2017.03.23 13:56:37.743,12.49048,12.49302,0.00,0.00
2017.03.23 13:56:37.793,12.49098,12.49302,0.00,0.00
2017.03.23 13:56:37.844,12.49098,12.49342,0.00,0.00
2017.03.23 13:56:37.946,12.49149,12.49351,0.00,0.00
2017.03.23 13:56:38.065,12.49149,12.49402,0.00,0.00
2017.03.23 13:56:38.184,12.49149,12.49362,0.00,0.00
2017.03.23 13:56:38.235,12.49149,12.49372,0.00,0.00
2017.03.23 13:56:38.407,12.49149,12.49408,0.00,0.00
2017.03.23 13:56:38.458,12.49149,12.49381,0.00,0.00
2017.03.23 13:56:38.558,12.49149,12.49402,0.00,0.00
2017.03.23 13:56:38.679,12.49149,12.49372,0.00,0.00
2017.03.23 13:56:38.937,12.49149,12.49411,0.00,0.00
2017.03.23 13:56:39.169,12.49149,12.49401,0.00,0.00
2017.03.23 13:56:39.239,12.49149,12.49411,0.00,0.00
2017.03.23 13:56:39.354,12.49149,12.49382,0.00,0.00
2017.03.23 13:56:39.454,12.49149,12.49419,0.00,0.00
2017.03.23 13:56:39.775,12.49149,12.49392,0.00,0.00
2017.03.23 13:56:39.825,12.49139,12.49392,0.00,0.00
2017.03.23 13:56:39.876,12.49139,12.49382,0.00,0.00
2017.03.23 13:56:40.062,12.49139,12.49419,0.00,0.00
2017.03.23 13:56:40.247,12.49139,12.49392,0.00,0.00
2017.03.23 13:56:40.345,12.49139,12.49419,0.00,0.00
2017.03.23 13:56:40.396,12.49238,12.49422,0.00,0.00
2017.03.23 13:56:40.598,12.49192,12.49401,0.00,0.00
2017.03.23 13:56:40.706,12.49198,12.49422,0.00,0.00
2017.03.23 13:56:40.831,12.49192,12.49422,0.00,0.00
2017.03.23 13:56:40.881,12.49192,12.49371,0.00,0.00
2017.03.23 13:56:41.095,12.49138,12.49372,0.00,0.00
2017.03.23 13:56:41.231,12.49138,12.49382,0.00,0.00
2017.03.23 13:56:41.486,12.49138,12.49362,0.00,0.00
2017.03.23 13:56:41.552,12.49138,12.49382,0.00,0.00
2017.03.23 13:56:41.663,12.49138,12.49402,0.00,0.00
2017.03.23 13:56:41.764,12.49138,12.49381,0.00,0.00
2017.03.23 13:56:42.298,12.49138,12.49372,0.00,0.00
2017.03.23 13:56:42.454,12.49138,12.49382,0.00,0.00
2017.03.23 13:56:42.654,12.49138,12.49402,0.00,0.00
2017.03.23 13:56:42.754,12.49138,12.49392,0.00,0.00
2017.03.23 13:56:42.970,12.49138,12.49411,0.00,0.00
2017.03.23 13:56:43.385,12.49138,12.49382,0.00,0.00
2017.03.23 13:56:43.856,12.49138,12.49361,0.00,0.00
2017.03.23 13:56:43.956,12.49138,12.49371,0.00,0.00
2017.03.23 13:56:44.260,12.49138,12.49392,0.00,0.00
2017.03.23 13:56:44.397,12.49138,12.49412,0.00,0.00
2017.03.23 13:56:44.457,12.49138,12.49391,0.00,0.00
2017.03.23 13:56:44.759,12.49149,12.49351,0.00,0.00
2017.03.23 13:56:44.878,12.49149,12.49362,0.00,0.00
2017.03.23 13:56:44.957,12.49149,12.49351,0.00,0.00
2017.03.23 13:56:45.162,12.49149,12.49371,0.00,0.00
2017.03.23 13:56:45.287,12.49149,12.49352,0.00,0.00
2017.03.23 13:56:45.398,12.49149,12.49362,0.00,0.00
2017.03.23 13:56:45.499,12.49149,12.49392,0.00,0.00
2017.03.23 13:56:45.559,12.49149,12.49362,0.00,0.00
2017.03.23 13:56:45.869,12.49149,12.49352,0.00,0.00
2017.03.23 13:56:45.936,12.49068,12.49329,0.00,0.00
2017.03.23 13:56:45.987,12.49078,12.49329,0.00,0.00
2017.03.23 13:56:46.303,12.49061,12.49261,0.00,0.00
2017.03.23 13:56:46.499,12.49061,12.49301,0.00,0.00
2017.03.23 13:56:46.692,12.49061,12.49312,0.00,0.00
2017.03.23 13:56:46.881,12.49049,12.49301,0.00,0.00
2017.03.23 13:56:46.988,12.49049,12.49271,0.00,0.00
2017.03.23 13:56:47.173,12.49049,12.49312,0.00,0.00
2017.03.23 13:56:47.286,12.49049,12.49282,0.00,0.00
2017.03.23 13:56:47.601,12.49049,12.49271,0.00,0.00
2017.03.23 13:56:47.705,12.49049,12.49281,0.00,0.00
2017.03.23 13:56:47.773,12.49049,12.49272,0.00,0.00
2017.03.23 13:56:47.960,12.49049,12.49312,0.00,0.00
2017.03.23 13:56:48.208,12.49049,12.49321,0.00,0.00
2017.03.23 13:56:48.396,12.49049,12.49291,0.00,0.00
2017.03.23 13:56:48.501,12.49049,12.49329,0.00,0.00
2017.03.23 13:56:48.576,12.49049,12.49281,0.00,0.00
2017.03.23 13:56:48.788,12.49049,12.49322,0.00,0.00
2017.03.23 13:56:49.003,12.49049,12.49311,0.00,0.00
2017.03.23 13:56:49.314,12.49098,12.49332,0.00,0.00
2017.03.23 13:56:49.423,12.49098,12.49342,0.00,0.00
2017.03.23 13:56:49.602,12.49098,12.49351,0.00,0.00
2017.03.23 13:56:49.720,12.49098,12.49302,0.00,0.00
2017.03.23 13:56:49.782,12.49098,12.49361,0.00,0.00
2017.03.23 13:56:49.993,12.49098,12.49331,0.00,0.00
2017.03.23 13:56:50.333,12.49138,12.49322,0.00,0.00
2017.03.23 13:56:50.433,12.49138,12.49331,0.00,0.00
2017.03.23 13:56:50.484,12.49089,12.49331,0.00,0.00
2017.03.23 13:56:50.535,12.49089,12.49352,0.00,0.00
2017.03.23 13:56:50.586,12.49089,12.49312,0.00,0.00
2017.03.23 13:56:50.786,12.49089,12.49351,0.00,0.00
2017.03.23 13:56:50.888,12.49089,12.49332,0.00,0.00
2017.03.23 13:56:51.227,12.49139,12.49312,0.00,0.00
2017.03.23 13:56:51.289,12.49139,12.49331,0.00,0.00
2017.03.23 13:56:51.340,12.49089,12.49331,0.00,0.00
2017.03.23 13:56:51.441,12.49078,12.49322,0.00,0.00
2017.03.23 13:56:51.541,12.49071,12.49291,0.00,0.00
2017.03.23 13:56:52.006,12.49038,12.49281,0.00,0.00
2017.03.23 13:56:52.295,12.49038,12.49302,0.00,0.00
2017.03.23 13:56:52.427,12.49038,12.49282,0.00,0.00
2017.03.23 13:56:52.548,12.49049,12.49322,0.00,0.00
2017.03.23 13:56:52.799,12.49038,12.49301,0.00,0.00
2017.03.23 13:56:52.927,12.49038,12.49322,0.00,0.00
2017.03.23 13:56:53.247,12.49059,12.49322,0.00,0.00
2017.03.23 13:56:53.599,12.49092,12.49341,0.00,0.00
2017.03.23 13:56:53.804,12.49139,12.49392,0.00,0.00
2017.03.23 13:56:54.044,12.49139,12.49381,0.00,0.00
2017.03.23 13:56:54.350,12.49139,12.49352,0.00,0.00
2017.03.23 13:56:54.508,12.49139,12.49362,0.00,0.00
2017.03.23 13:56:54.609,12.49139,12.49382,0.00,0.00
2017.03.23 13:56:54.709,12.49139,12.49392,0.00,0.00
2017.03.23 13:56:54.932,12.49139,12.49362,0.00,0.00
2017.03.23 13:56:55.055,12.49139,12.49382,0.00,0.00
2017.03.23 13:56:55.111,12.49139,12.49401,0.00,0.00
2017.03.23 13:56:55.539,12.49139,12.49391,0.00,0.00
2017.03.23 13:56:55.864,12.49139,12.49361,0.00,0.00
2017.03.23 13:56:56.115,12.49139,12.49382,0.00,0.00
2017.03.23 13:56:56.415,12.49139,12.49392,0.00,0.00
2017.03.23 13:56:56.516,12.49139,12.49351,0.00,0.00
2017.03.23 13:56:56.855,12.49139,12.49342,0.00,0.00
2017.03.23 13:56:57.018,12.49139,12.49362,0.00,0.00
2017.03.23 13:56:57.249,12.49139,12.49382,0.00,0.00
2017.03.23 13:56:57.318,12.49139,12.49361,0.00,0.00
2017.03.23 13:56:57.433,12.49139,12.49381,0.00,0.00
2017.03.23 13:56:57.566,12.49139,12.49352,0.00,0.00
2017.03.23 13:56:57.636,12.49139,12.49392,0.00,0.00
2017.03.23 13:56:57.721,12.49139,12.49402,0.00,0.00
2017.03.23 13:56:57.969,12.49139,12.49382,0.00,0.00
2017.03.23 13:56:58.268,12.49139,12.49392,0.00,0.00
2017.03.23 13:56:58.724,12.49139,12.49382,0.00,0.00
2017.03.23 13:56:59.427,12.49139,12.49402,0.00,0.00
2017.03.23 13:56:59.566,12.49139,12.49391,0.00,0.00
2017.03.23 13:56:59.856,12.49139,12.49402,0.00,0.00
2017.03.23 13:56:59.930,12.49139,12.49382,0.00,0.00
2017.03.23 13:57:00.149,12.49139,12.49412,0.00,0.00
2017.03.23 13:57:00.281,12.49139,12.49401,0.00,0.00
2017.03.23 13:57:00.591,12.49139,12.49362,0.00,0.00
2017.03.23 13:57:00.733,12.49139,12.49382,0.00,0.00
2017.03.23 13:57:01.022,12.49111,12.49371,0.00,0.00
2017.03.23 13:57:01.072,12.49111,12.49361,0.00,0.00
2017.03.23 13:57:02.588,12.49118,12.49371,0.00,0.00
2017.03.23 13:57:02.689,12.49111,12.49371,0.00,0.00
2017.03.23 13:57:02.743,12.49111,12.49362,0.00,0.00
2017.03.23 13:57:02.849,12.49111,12.49371,0.00,0.00
2017.03.23 13:57:02.954,12.49111,12.49352,0.00,0.00
2017.03.23 13:57:03.181,12.49111,12.49371,0.00,0.00
2017.03.23 13:57:03.345,12.49111,12.49352,0.00,0.00
2017.03.23 13:57:03.586,12.49111,12.49371,0.00,0.00
2017.03.23 13:57:03.724,12.49111,12.49352,0.00,0.00
2017.03.23 13:57:04.150,12.49111,12.49361,0.00,0.00
2017.03.23 13:57:04.852,12.49111,12.49371,0.00,0.00
2017.03.23 13:57:05.755,12.49111,12.49352,0.00,0.00
2017.03.23 13:57:06.275,12.49111,12.49361,0.00,0.00
2017.03.23 13:57:06.356,12.49111,12.49351,0.00,0.00
2017.03.23 13:57:06.407,12.49091,12.49351,0.00,0.00
2017.03.23 13:57:06.457,12.49069,12.49322,0.00,0.00
2017.03.23 13:57:06.685,12.49001,12.49261,0.00,0.00
2017.03.23 13:57:06.759,12.49001,12.49252,0.00,0.00
2017.03.23 13:57:07.308,12.49008,12.49272,0.00,0.00
2017.03.23 13:57:07.963,12.49001,12.49272,0.00,0.00
2017.03.23 13:57:08.073,12.49028,12.49272,0.00,0.00
2017.03.23 13:57:08.499,12.49028,12.49312,0.00,0.00
2017.03.23 13:57:08.550,12.49091,12.49312,0.00,0.00
2017.03.23 13:57:08.600,12.49091,12.49322,0.00,0.00
2017.03.23 13:57:08.651,12.49112,12.49322,0.00,0.00
2017.03.23 13:57:08.818,12.49118,12.49371,0.00,0.00
2017.03.23 13:57:08.977,12.49112,12.49371,0.00,0.00
2017.03.23 13:57:09.090,12.49112,12.49361,0.00,0.00
2017.03.23 13:57:09.472,12.49112,12.49371,0.00,0.00
2017.03.23 13:57:09.576,12.49118,12.49371,0.00,0.00
2017.03.23 13:57:09.822,12.49112,12.49371,0.00,0.00
2017.03.23 13:57:11.377,12.49112,12.49362,0.00,0.00
2017.03.23 13:57:11.478,12.49118,12.49371,0.00,0.00
2017.03.23 13:57:11.579,12.49128,12.49371,0.00,0.00
2017.03.23 13:57:11.714,12.49112,12.49371,0.00,0.00
2017.03.23 13:57:11.858,12.49108,12.49371,0.00,0.00
2017.03.23 13:57:12.283,12.49098,12.49371,0.00,0.00
2017.03.23 13:57:12.584,12.49109,12.49371,0.00,0.00
2017.03.23 13:57:12.784,12.49092,12.49371,0.00,0.00
2017.03.23 13:57:13.317,12.49091,12.49371,0.00,0.00
2017.03.23 13:57:13.387,12.49098,12.49371,0.00,0.00
2017.03.23 13:57:13.691,12.49118,12.49371,0.00,0.00
2017.03.23 13:57:13.896,12.49108,12.49371,0.00,0.00
2017.03.23 13:57:14.389,12.49099,12.49371,0.00,0.00
2017.03.23 13:57:14.689,12.49109,12.49371,0.00,0.00
2017.03.23 13:57:15.042,12.49119,12.49371,0.00,0.00
2017.03.23 13:57:15.093,12.49108,12.49371,0.00,0.00
2017.03.23 13:57:15.207,12.49091,12.49371,0.00,0.00
2017.03.23 13:57:15.290,12.49099,12.49371,0.00,0.00
2017.03.23 13:57:16.692,12.49092,12.49371,0.00,0.00
2017.03.23 13:57:17.517,12.49099,12.49371,0.00,0.00
2017.03.23 13:57:17.948,12.49092,12.49361,0.00,0.00
2017.03.23 13:57:18.249,12.49119,12.49371,0.00,0.00
2017.03.23 13:57:18.429,12.49092,12.49371,0.00,0.00
2017.03.23 13:57:18.904,12.49068,12.49321,0.00,0.00
2017.03.23 13:57:19.229,12.49052,12.49271,0.00,0.00
2017.03.23 13:57:20.001,12.49009,12.49271,0.00,0.00
2017.03.23 13:57:20.052,12.49028,12.49271,0.00,0.00
2017.03.23 13:57:20.102,12.49008,12.49271,0.00,0.00
2017.03.23 13:57:20.203,12.49001,12.49271,0.00,0.00
2017.03.23 13:57:20.630,12.49008,12.49271,0.00,0.00
2017.03.23 13:57:21.235,12.49001,12.49271,0.00,0.00
2017.03.23 13:57:21.759,12.49039,12.49271,0.00,0.00
2017.03.23 13:57:21.810,12.49001,12.49271,0.00,0.00
2017.03.23 13:57:22.003,12.49028,12.49271,0.00,0.00
2017.03.23 13:57:22.652,12.49001,12.49271,0.00,0.00
2017.03.23 13:57:22.704,12.49028,12.49271,0.00,0.00
2017.03.23 13:57:23.005,12.49008,12.49271,0.00,0.00
2017.03.23 13:57:23.126,12.49001,12.49271,0.00,0.00
2017.03.23 13:57:23.244,12.49028,12.49271,0.00,0.00
2017.03.23 13:57:23.403,12.49019,12.49271,0.00,0.00
2017.03.23 13:57:23.506,12.49008,12.49271,0.00,0.00
2017.03.23 13:57:24.308,12.49018,12.49271,0.00,0.00
2017.03.23 13:57:24.420,12.49001,12.49271,0.00,0.00
2017.03.23 13:57:24.532,12.49028,12.49271,0.00,0.00
2017.03.23 13:57:24.915,12.49038,12.49271,0.00,0.00
2017.03.23 13:57:24.965,12.49021,12.49271,0.00,0.00
2017.03.23 13:57:25.727,12.49029,12.49271,0.00,0.00
2017.03.23 13:57:28.015,12.49021,12.49271,0.00,0.00
2017.03.23 13:57:28.839,12.49029,12.49271,0.00,0.00
2017.03.23 13:57:28.917,12.49021,12.49271,0.00,0.00
2017.03.23 13:57:29.394,12.48988,12.49171,0.00,0.00
2017.03.23 13:57:29.633,12.48951,12.49171,0.00,0.00
2017.03.23 13:57:30.433,12.48921,12.49171,0.00,0.00
2017.03.23 13:57:32.825,12.48921,12.49181,0.00,0.00
2017.03.23 13:57:33.248,12.48921,12.49172,0.00,0.00
2017.03.23 13:57:33.325,12.48921,12.49181,0.00,0.00
2017.03.23 13:57:33.764,12.48928,12.49181,0.00,0.00
2017.03.23 13:57:33.826,12.48921,12.49181,0.00,0.00
2017.03.23 13:57:33.952,12.48921,12.49172,0.00,0.00
2017.03.23 13:57:34.233,12.48928,12.49181,0.00,0.00
2017.03.23 13:57:35.655,12.48921,12.49172,0.00,0.00
2017.03.23 13:57:35.729,12.48928,12.49181,0.00,0.00
2017.03.23 13:57:35.960,12.48921,12.49162,0.00,0.00
2017.03.23 13:57:36.069,12.48921,12.49181,0.00,0.00
2017.03.23 13:57:36.330,12.48921,12.49162,0.00,0.00
2017.03.23 13:57:36.767,12.48929,12.49181,0.00,0.00
2017.03.23 13:57:36.818,12.48948,12.49211,0.00,0.00
2017.03.23 13:57:36.869,12.48948,12.49221,0.00,0.00
2017.03.23 13:57:36.919,12.48939,12.49182,0.00,0.00
2017.03.23 13:57:36.970,12.48922,12.49182,0.00,0.00
2017.03.23 13:57:37.332,12.48939,12.49182,0.00,0.00
2017.03.23 13:57:37.569,12.48939,12.49221,0.00,0.00
2017.03.23 13:57:37.679,12.48938,12.49202,0.00,0.00
2017.03.23 13:57:37.796,12.48949,12.49222,0.00,0.00
2017.03.23 13:57:37.847,12.48938,12.49212,0.00,0.00
2017.03.23 13:57:37.961,12.48948,12.49222,0.00,0.00
2017.03.23 13:57:38.272,12.49039,12.49241,0.00,0.00
2017.03.23 13:57:38.434,12.49039,12.49281,0.00,0.00
2017.03.23 13:57:38.535,12.49039,12.49302,0.00,0.00
2017.03.23 13:57:38.660,12.49039,12.49312,0.00,0.00
2017.03.23 13:57:38.835,12.49039,12.49281,0.00,0.00
2017.03.23 13:57:39.035,12.49039,12.49292,0.00,0.00
2017.03.23 13:57:39.162,12.49028,12.49281,0.00,0.00
2017.03.23 13:57:39.265,12.49008,12.49281,0.00,0.00
2017.03.23 13:57:39.315,12.49021,12.49231,0.00,0.00
2017.03.23 13:57:39.539,12.49021,12.49282,0.00,0.00
2017.03.23 13:57:39.657,12.49021,12.49272,0.00,0.00
2017.03.23 13:57:40.043,12.49021,12.49242,0.00,0.00
2017.03.23 13:57:40.144,12.48971,12.49221,0.00,0.00
2017.03.23 13:57:40.244,12.48971,12.49202,0.00,0.00
2017.03.23 13:57:40.563,12.48972,12.49191,0.00,0.00
2017.03.23 13:57:40.664,12.48978,12.49232,0.00,0.00
2017.03.23 13:57:40.778,12.48972,12.49201,0.00,0.00
2017.03.23 13:57:40.957,12.48972,12.49212,0.00,0.00
2017.03.23 13:57:41.340,12.48972,12.49231,0.00,0.00
2017.03.23 13:57:41.441,12.48928,12.49182,0.00,0.00
2017.03.23 13:57:41.542,12.48902,12.49172,0.00,0.00
2017.03.23 13:57:42.178,12.48902,12.49182,0.00,0.00
2017.03.23 13:57:42.242,12.48902,12.49162,0.00,0.00
2017.03.23 13:57:43.281,12.48902,12.49172,0.00,0.00
2017.03.23 13:57:43.343,12.48908,12.49182,0.00,0.00
2017.03.23 13:57:44.547,12.48901,12.49181,0.00,0.00
2017.03.23 13:57:44.646,12.48901,12.49161,0.00,0.00
2017.03.23 13:57:44.761,12.48901,12.49181,0.00,0.00
2017.03.23 13:57:44.862,12.48918,12.49182,0.00,0.00
2017.03.23 13:57:45.047,12.48909,12.49182,0.00,0.00
2017.03.23 13:57:45.148,12.48928,12.49182,0.00,0.00
2017.03.23 13:57:45.748,12.48901,12.49161,0.00,0.00
2017.03.23 13:57:45.919,12.48909,12.49182,0.00,0.00
2017.03.23 13:57:46.586,12.48901,12.49182,0.00,0.00
2017.03.23 13:57:46.649,12.48919,12.49182,0.00,0.00
2017.03.23 13:57:46.777,12.48901,12.49182,0.00,0.00
2017.03.23 13:57:46.885,12.48918,12.49182,0.00,0.00
2017.03.23 13:57:47.299,12.48901,12.49181,0.00,0.00
2017.03.23 13:57:47.350,12.48901,12.49162,0.00,0.00
2017.03.23 13:57:47.960,12.48901,12.49182,0.00,0.00
2017.03.23 13:57:48.062,12.48901,12.49162,0.00,0.00
2017.03.23 13:57:48.453,12.48908,12.49182,0.00,0.00
2017.03.23 13:57:49.591,12.48901,12.49181,0.00,0.00
2017.03.23 13:57:49.655,12.48901,12.49162,0.00,0.00
2017.03.23 13:57:49.880,12.48909,12.49182,0.00,0.00
2017.03.23 13:57:50.191,12.48901,12.49182,0.00,0.00
2017.03.23 13:57:50.256,12.48918,12.49182,0.00,0.00
2017.03.23 13:57:50.586,12.48901,12.49172,0.00,0.00
2017.03.23 13:57:50.657,12.48901,12.49181,0.00,0.00
2017.03.23 13:57:51.114,12.48901,12.49161,0.00,0.00
2017.03.23 13:57:51.164,12.48909,12.49182,0.00,0.00
2017.03.23 13:57:51.558,12.48901,12.49162,0.00,0.00
2017.03.23 13:57:51.659,12.48918,12.49182,0.00,0.00
2017.03.23 13:57:51.879,12.48929,12.49182,0.00,0.00
2017.03.23 13:57:52.660,12.48901,12.49181,0.00,0.00
2017.03.23 13:57:52.760,12.48909,12.49182,0.00,0.00
2017.03.23 13:57:53.187,12.48928,12.49182,0.00,0.00
2017.03.23 13:57:53.484,12.48901,12.49172,0.00,0.00
2017.03.23 13:57:53.584,12.48909,12.49182,0.00,0.00
2017.03.23 13:57:53.978,12.48901,12.49172,0.00,0.00
2017.03.23 13:57:54.082,12.48901,12.49181,0.00,0.00
2017.03.23 13:57:55.164,12.48919,12.49182,0.00,0.00
2017.03.23 13:57:56.084,12.48901,12.49172,0.00,0.00
2017.03.23 13:57:56.211,12.48909,12.49182,0.00,0.00
2017.03.23 13:57:56.312,12.48901,12.49182,0.00,0.00
2017.03.23 13:57:56.473,12.48878,12.49148,0.00,0.00
2017.03.23 13:57:56.782,12.48921,12.49181,0.00,0.00
2017.03.23 13:57:57.150,12.48931,12.49181,0.00,0.00
2017.03.23 13:57:58.089,12.48931,12.49172,0.00,0.00
2017.03.23 13:57:58.199,12.48931,12.49181,0.00,0.00
2017.03.23 13:57:58.508,12.48931,12.49172,0.00,0.00
2017.03.23 13:57:58.571,12.48931,12.49181,0.00,0.00
2017.03.23 13:57:59.997,12.48931,12.49172,0.00,0.00
2017.03.23 13:58:00.100,12.48931,12.49181,0.00,0.00
2017.03.23 13:58:00.150,12.48952,12.49181,0.00,0.00
2017.03.23 13:58:01.030,12.48952,12.49161,0.00,0.00
2017.03.23 13:58:01.081,12.48902,12.49131,0.00,0.00
2017.03.23 13:58:01.182,12.48902,12.49112,0.00,0.00
2017.03.23 13:58:01.795,12.48911,12.49112,0.00,0.00
2017.03.23 13:58:01.997,12.48942,12.49171,0.00,0.00
2017.03.23 13:58:02.098,12.48891,12.49122,0.00,0.00
2017.03.23 13:58:02.148,12.48931,12.49122,0.00,0.00
2017.03.23 13:58:02.199,12.48892,12.49122,0.00,0.00
2017.03.23 13:58:02.249,12.48941,12.49122,0.00,0.00
2017.03.23 13:58:02.350,12.48941,12.49162,0.00,0.00
2017.03.23 13:58:02.500,12.48941,12.49171,0.00,0.00
2017.03.23 13:58:02.551,12.48908,12.49122,0.00,0.00
2017.03.23 13:58:02.703,12.48891,12.49111,0.00,0.00
2017.03.23 13:58:03.217,12.48891,12.49122,0.00,0.00
2017.03.23 13:58:03.638,12.48942,12.49122,0.00,0.00
2017.03.23 13:58:03.689,12.48942,12.49142,0.00,0.00
2017.03.23 13:58:03.781,12.48942,12.49172,0.00,0.00
2017.03.23 13:58:04.903,12.48942,12.49151,0.00,0.00
2017.03.23 13:58:05.224,12.48942,12.49172,0.00,0.00
2017.03.23 13:58:05.528,12.48942,12.49151,0.00,0.00
2017.03.23 13:58:05.835,12.48932,12.49121,0.00,0.00
2017.03.23 13:58:05.936,12.48932,12.49171,0.00,0.00
2017.03.23 13:58:05.987,12.48932,12.49142,0.00,0.00
2017.03.23 13:58:06.162,12.48881,12.49122,0.00,0.00
2017.03.23 13:58:06.212,12.48888,12.49122,0.00,0.00
2017.03.23 13:58:06.313,12.48881,12.49122,0.00,0.00
2017.03.23 13:58:06.434,12.48881,12.49101,0.00,0.00
2017.03.23 13:58:06.535,12.48881,12.49122,0.00,0.00
2017.03.23 13:58:06.905,12.48941,12.49122,0.00,0.00
2017.03.23 13:58:07.006,12.48941,12.49142,0.00,0.00
2017.03.23 13:58:07.057,12.48858,12.49122,0.00,0.00
2017.03.23 13:58:07.107,12.48888,12.49122,0.00,0.00
2017.03.23 13:58:07.458,12.48851,12.49072,0.00,0.00
2017.03.23 13:58:07.797,12.48941,12.49111,0.00,0.00
2017.03.23 13:58:07.898,12.48941,12.49121,0.00,0.00
2017.03.23 13:58:08.004,12.48941,12.49171,0.00,0.00
2017.03.23 13:58:08.328,12.48909,12.49072,0.00,0.00
2017.03.23 13:58:08.497,12.48871,12.49072,0.00,0.00
2017.03.23 13:58:08.804,12.48851,12.49072,0.00,0.00
2017.03.23 13:58:10.870,12.48901,12.49112,0.00,0.00
2017.03.23 13:58:11.034,12.48901,12.49121,0.00,0.00
2017.03.23 13:58:11.468,12.48858,12.49112,0.00,0.00
2017.03.23 13:58:11.574,12.48901,12.49062,0.00,0.00
2017.03.23 13:58:11.730,12.48852,12.49092,0.00,0.00
2017.03.23 13:58:11.831,12.48851,12.49101,0.00,0.00
2017.03.23 13:58:12.127,12.48851,12.49092,0.00,0.00
2017.03.23 13:58:12.423,12.48851,12.49101,0.00,0.00
2017.03.23 13:58:12.838,12.48851,12.49092,0.00,0.00
2017.03.23 13:58:13.044,12.48851,12.49101,0.00,0.00
2017.03.23 13:58:13.310,12.48851,12.49091,0.00,0.00
2017.03.23 13:58:13.602,12.48851,12.49101,0.00,0.00
2017.03.23 13:58:13.847,12.48851,12.49092,0.00,0.00
2017.03.23 13:58:14.103,12.48851,12.49101,0.00,0.00
2017.03.23 13:58:14.503,12.48851,12.49091,0.00,0.00
2017.03.23 13:58:14.617,12.48851,12.49101,0.00,0.00
2017.03.23 13:58:14.704,12.48851,12.49092,0.00,0.00
2017.03.23 13:58:15.099,12.48851,12.49082,0.00,0.00
2017.03.23 13:58:15.305,12.48851,12.49101,0.00,0.00
2017.03.23 13:58:15.810,12.48851,12.49082,0.00,0.00
2017.03.23 13:58:16.036,12.48851,12.49101,0.00,0.00
2017.03.23 13:58:16.140,12.48851,12.49082,0.00,0.00
2017.03.23 13:58:16.908,12.48851,12.49101,0.00,0.00
2017.03.23 13:58:17.008,12.48851,12.49086,0.00,0.00
2017.03.23 13:58:17.459,12.48851,12.49101,0.00,0.00
2017.03.23 13:58:17.910,12.48851,12.49086,0.00,0.00
2017.03.23 13:58:18.010,12.48851,12.49101,0.00,0.00
2017.03.23 13:58:18.711,12.48851,12.49086,0.00,0.00
2017.03.23 13:58:18.927,12.48851,12.49101,0.00,0.00
2017.03.23 13:58:18.978,12.48841,12.49101,0.00,0.00
2017.03.23 13:58:19.029,12.48841,12.49087,0.00,0.00
2017.03.23 13:58:19.356,12.48792,12.49006,0.00,0.00
2017.03.23 13:58:19.698,12.48751,12.49006,0.00,0.00
2017.03.23 13:58:20.102,12.48748,12.49006,0.00,0.00
2017.03.23 13:58:20.259,12.48742,12.49006,0.00,0.00
2017.03.23 13:58:20.315,12.48742,12.48987,0.00,0.00
2017.03.23 13:58:20.627,12.48768,12.49011,0.00,0.00
2017.03.23 13:58:20.679,12.48768,12.49011,0.00,0.00
2017.03.23 13:58:21.042,12.48769,12.48952,0.00,0.00
2017.03.23 13:58:21.134,12.48768,12.49009,0.00,0.00
2017.03.23 13:58:21.185,12.48739,12.49009,0.00,0.00
2017.03.23 13:58:21.349,12.48698,12.48982,0.00,0.00
2017.03.23 13:58:21.450,12.48768,12.48972,0.00,0.00
2017.03.23 13:58:21.618,12.48768,12.49009,0.00,0.00
2017.03.23 13:58:21.718,12.48768,12.48992,0.00,0.00
2017.03.23 13:58:21.990,12.48719,12.48992,0.00,0.00
2017.03.23 13:58:22.091,12.48739,12.48998,0.00,0.00
2017.03.23 13:58:22.142,12.48708,12.48981,0.00,0.00
2017.03.23 13:58:22.248,12.48719,12.48952,0.00,0.00
2017.03.23 13:58:22.349,12.48709,12.48982,0.00,0.00
2017.03.23 13:58:22.450,12.48698,12.48982,0.00,0.00
2017.03.23 13:58:22.550,12.48668,12.48921,0.00,0.00
2017.03.23 13:58:22.757,12.48669,12.48951,0.00,0.00
2017.03.23 13:58:23.049,12.48669,12.48912,0.00,0.00
2017.03.23 13:58:23.215,12.48619,12.48868,0.00,0.00
2017.03.23 13:58:23.266,12.48638,12.48868,0.00,0.00
2017.03.23 13:58:23.422,12.48579,12.48861,0.00,0.00
2017.03.23 13:58:23.529,12.48569,12.48841,0.00,0.00
2017.03.23 13:58:23.850,12.48589,12.48809,0.00,0.00
2017.03.23 13:58:23.952,12.48569,12.48809,0.00,0.00
2017.03.23 13:58:24.231,12.48579,12.48809,0.00,0.00
2017.03.23 13:58:24.341,12.48569,12.48809,0.00,0.00
2017.03.23 13:58:25.873,12.48569,12.48801,0.00,0.00
2017.03.23 13:58:25.974,12.48569,12.48818,0.00,0.00
2017.03.23 13:58:26.277,12.48579,12.48818,0.00,0.00
2017.03.23 13:58:26.628,12.48569,12.48818,0.00,0.00
2017.03.23 13:58:27.779,12.48569,12.48811,0.00,0.00
2017.03.23 13:58:27.965,12.48558,12.48818,0.00,0.00
2017.03.23 13:58:28.066,12.48589,12.48818,0.00,0.00
2017.03.23 13:58:28.174,12.48578,12.48818,0.00,0.00
2017.03.23 13:58:28.233,12.48558,12.48818,0.00,0.00
2017.03.23 13:58:28.634,12.48568,12.48818,0.00,0.00
2017.03.23 13:58:28.834,12.48558,12.48818,0.00,0.00
2017.03.23 13:58:28.938,12.48558,12.48832,0.00,0.00
2017.03.23 13:58:29.041,12.48578,12.48838,0.00,0.00
2017.03.23 13:58:29.662,12.48588,12.48838,0.00,0.00
2017.03.23 13:58:30.114,12.48609,12.48872,0.00,0.00
2017.03.23 13:58:30.215,12.48659,12.48872,0.00,0.00
2017.03.23 13:58:30.371,12.48678,12.48938,0.00,0.00
2017.03.23 13:58:30.549,12.48659,12.48932,0.00,0.00
2017.03.23 13:58:30.653,12.48679,12.48938,0.00,0.00
2017.03.23 13:58:30.739,12.48659,12.48922,0.00,0.00
2017.03.23 13:58:30.939,12.48659,12.48938,0.00,0.00
2017.03.23 13:58:31.040,12.48679,12.48938,0.00,0.00
2017.03.23 13:58:31.562,12.48659,12.48937,0.00,0.00
2017.03.23 13:58:31.689,12.48659,12.48938,0.00,0.00
2017.03.23 13:58:31.743,12.48659,12.48936,0.00,0.00
2017.03.23 13:58:32.045,12.48759,12.49022,0.00,0.00
2017.03.23 13:58:32.369,12.48759,12.48996,0.00,0.00
2017.03.23 13:58:32.489,12.48759,12.49022,0.00,0.00
2017.03.23 13:58:32.676,12.48759,12.49032,0.00,0.00
2017.03.23 13:58:33.182,12.48759,12.49026,0.00,0.00
2017.03.23 13:58:33.658,12.48759,12.49006,0.00,0.00
2017.03.23 13:58:33.864,12.48759,12.49032,0.00,0.00
2017.03.23 13:58:34.093,12.48758,12.49038,0.00,0.00
2017.03.23 13:58:34.247,12.48768,12.49038,0.00,0.00
2017.03.23 13:58:34.879,12.48759,12.49038,0.00,0.00
2017.03.23 13:58:35.098,12.48758,12.49027,0.00,0.00
2017.03.23 13:58:35.250,12.48758,12.49038,0.00,0.00
2017.03.23 13:58:35.650,12.48758,12.49027,0.00,0.00
2017.03.23 13:58:35.976,12.48759,12.49041,0.00,0.00
2017.03.23 13:58:36.088,12.48768,12.49048,0.00,0.00
2017.03.23 13:58:36.400,12.48858,12.49051,0.00,0.00
2017.03.23 13:58:36.452,12.48858,12.49092,0.00,0.00
2017.03.23 13:58:36.552,12.48858,12.49102,0.00,0.00
2017.03.23 13:58:36.807,12.48858,12.49131,0.00,0.00
2017.03.23 13:58:37.354,12.48858,12.49111,0.00,0.00
2017.03.23 13:58:37.662,12.48858,12.49139,0.00,0.00
2017.03.23 13:58:37.891,12.48858,12.49121,0.00,0.00
2017.03.23 13:58:38.356,12.48858,12.49132,0.00,0.00
2017.03.23 13:58:38.516,12.48858,12.49121,0.00,0.00
2017.03.23 13:58:38.857,12.48858,12.49132,0.00,0.00
2017.03.23 13:58:38.957,12.48858,12.49112,0.00,0.00
2017.03.23 13:58:39.058,12.48858,12.49131,0.00,0.00
2017.03.23 13:58:39.298,12.48858,12.49102,0.00,0.00
2017.03.23 13:58:39.358,12.48858,12.49132,0.00,0.00
2017.03.23 13:58:39.573,12.48858,12.49091,0.00,0.00
2017.03.23 13:58:39.778,12.48858,12.49132,0.00,0.00
2017.03.23 13:58:39.859,12.48858,12.49101,0.00,0.00
2017.03.23 13:58:40.069,12.48858,12.49132,0.00,0.00
2017.03.23 13:58:40.661,12.48858,12.49112,0.00,0.00
2017.03.23 13:58:40.769,12.48858,12.49131,0.00,0.00
2017.03.23 13:58:41.100,12.48858,12.49101,0.00,0.00
2017.03.23 13:58:41.162,12.48858,12.49121,0.00,0.00
2017.03.23 13:58:41.262,12.48859,12.49141,0.00,0.00
2017.03.23 13:58:41.763,12.48908,12.49142,0.00,0.00
2017.03.23 13:58:41.864,12.48958,12.49201,0.00,0.00
2017.03.23 13:58:42.017,12.48919,12.49158,0.00,0.00
2017.03.23 13:58:42.217,12.48911,12.49152,0.00,0.00
2017.03.23 13:58:42.268,12.48911,12.49131,0.00,0.00
2017.03.23 13:58:42.370,12.48911,12.49151,0.00,0.00
2017.03.23 13:58:42.507,12.48911,12.49142,0.00,0.00
2017.03.23 13:58:42.822,12.48911,12.49121,0.00,0.00
2017.03.23 13:58:42.966,12.48911,12.49132,0.00,0.00
2017.03.23 13:58:43.016,12.48958,12.49132,0.00,0.00
2017.03.23 13:58:43.067,12.48958,12.49151,0.00,0.00
2017.03.23 13:58:43.167,12.48958,12.49162,0.00,0.00
2017.03.23 13:58:43.266,12.48958,12.49182,0.00,0.00
2017.03.23 13:58:43.408,12.48958,12.49172,0.00,0.00
2017.03.23 13:58:43.768,12.48958,12.49182,0.00,0.00
2017.03.23 13:58:44.196,12.48958,12.49191,0.00,0.00
2017.03.23 13:58:44.369,12.48958,12.49161,0.00,0.00
2017.03.23 13:58:44.704,12.48958,12.49182,0.00,0.00
2017.03.23 13:58:44.770,12.48958,12.49201,0.00,0.00
2017.03.23 13:58:44.970,12.48958,12.49171,0.00,0.00
2017.03.23 13:58:45.082,12.48958,12.49182,0.00,0.00
2017.03.23 13:58:45.468,12.48958,12.49162,0.00,0.00
2017.03.23 13:58:45.682,12.48958,12.49202,0.00,0.00
2017.03.23 13:58:45.783,12.48958,12.49161,0.00,0.00
2017.03.23 13:58:46.616,12.48958,12.49192,0.00,0.00
2017.03.23 13:58:47.298,12.48958,12.49161,0.00,0.00
2017.03.23 13:58:47.576,12.48958,12.49192,0.00,0.00
2017.03.23 13:58:47.720,12.48958,12.49151,0.00,0.00
2017.03.23 13:58:48.079,12.48958,12.49181,0.00,0.00
2017.03.23 13:58:48.187,12.48958,12.49191,0.00,0.00
2017.03.23 13:58:48.310,12.48958,12.49181,0.00,0.00
2017.03.23 13:58:48.661,12.48958,12.49161,0.00,0.00
2017.03.23 13:58:48.984,12.48912,12.49161,0.00,0.00
2017.03.23 13:58:49.075,12.48901,12.49161,0.00,0.00
2017.03.23 13:58:49.126,12.48909,12.49161,0.00,0.00
2017.03.23 13:58:49.445,12.48959,12.49122,0.00,0.00
2017.03.23 13:58:49.600,12.48959,12.49152,0.00,0.00
2017.03.23 13:58:49.704,12.48959,12.49191,0.00,0.00
2017.03.23 13:58:49.929,12.48959,12.49162,0.00,0.00
2017.03.23 13:58:49.981,12.48959,12.49182,0.00,0.00
2017.03.23 13:58:50.090,12.48959,12.49192,0.00,0.00
2017.03.23 13:58:50.290,12.48959,12.49172,0.00,0.00
2017.03.23 13:58:50.801,12.48959,12.49191,0.00,0.00
2017.03.23 13:58:50.926,12.48959,12.49182,0.00,0.00
2017.03.23 13:58:51.131,12.48958,12.49192,0.00,0.00
2017.03.23 13:58:51.231,12.48958,12.49161,0.00,0.00
2017.03.23 13:58:51.285,12.48958,12.49201,0.00,0.00
2017.03.23 13:58:51.386,12.48958,12.49161,0.00,0.00
2017.03.23 13:58:51.493,12.48958,12.49201,0.00,0.00
2017.03.23 13:58:51.615,12.48958,12.49182,0.00,0.00
2017.03.23 13:58:51.886,12.48958,12.49201,0.00,0.00
2017.03.23 13:58:52.217,12.48958,12.49162,0.00,0.00
2017.03.23 13:58:53.012,12.48958,12.49192,0.00,0.00
2017.03.23 13:58:53.490,12.48958,12.49161,0.00,0.00
2017.03.23 13:58:53.597,12.48958,12.49202,0.00,0.00
2017.03.23 13:58:54.004,12.48958,12.49172,0.00,0.00
2017.03.23 13:58:54.307,12.49009,12.49201,0.00,0.00
2017.03.23 13:58:54.411,12.49009,12.49242,0.00,0.00
2017.03.23 13:58:54.493,12.49009,12.49212,0.00,0.00
2017.03.23 13:58:54.593,12.49009,12.49242,0.00,0.00
2017.03.23 13:58:54.894,12.49009,12.49231,0.00,0.00
2017.03.23 13:58:55.295,12.49009,12.49211,0.00,0.00
2017.03.23 13:58:56.107,12.48959,12.49211,0.00,0.00
2017.03.23 13:58:56.233,12.48959,12.49232,0.00,0.00
2017.03.23 13:58:56.344,12.48959,12.49181,0.00,0.00
2017.03.23 13:58:56.658,12.48959,12.49162,0.00,0.00
2017.03.23 13:58:56.709,12.48959,12.49181,0.00,0.00
2017.03.23 13:58:56.810,12.48959,12.49202,0.00,0.00
2017.03.23 13:58:56.920,12.48959,12.49162,0.00,0.00
2017.03.23 13:58:57.199,12.48959,12.49191,0.00,0.00
2017.03.23 13:58:57.319,12.48959,12.49171,0.00,0.00
2017.03.23 13:58:58.324,12.48959,12.49191,0.00,0.00
2017.03.23 13:58:58.849,12.48959,12.49182,0.00,0.00
2017.03.23 13:58:58.904,12.48959,12.49192,0.00,0.00
2017.03.23 13:58:59.005,12.48959,12.49182,0.00,0.00
2017.03.23 13:58:59.205,12.48959,12.49202,0.00,0.00
2017.03.23 13:58:59.431,12.48959,12.49222,0.00,0.00
2017.03.23 13:58:59.660,12.48959,12.49202,0.00,0.00
2017.03.23 13:59:00.118,12.48959,12.49182,0.00,0.00
2017.03.23 13:59:00.226,12.48959,12.49221,0.00,0.00
2017.03.23 13:59:00.515,12.48959,12.49191,0.00,0.00
2017.03.23 13:59:01.110,12.48959,12.49202,0.00,0.00
2017.03.23 13:59:01.218,12.48959,12.49222,0.00,0.00
2017.03.23 13:59:01.447,12.48912,12.49182,0.00,0.00
2017.03.23 13:59:01.524,12.48912,12.49132,0.00,0.00
2017.03.23 13:59:01.624,12.48912,12.49142,0.00,0.00
2017.03.23 13:59:01.675,12.48909,12.49142,0.00,0.00
2017.03.23 13:59:01.829,12.48909,12.49161,0.00,0.00
2017.03.23 13:59:01.943,12.48909,12.49141,0.00,0.00
2017.03.23 13:59:02.314,12.48909,12.49162,0.00,0.00
2017.03.23 13:59:02.815,12.48909,12.49171,0.00,0.00
2017.03.23 13:59:02.922,12.48909,12.49141,0.00,0.00
2017.03.23 13:59:03.059,12.48909,12.49161,0.00,0.00
2017.03.23 13:59:03.218,12.48859,12.49132,0.00,0.00
2017.03.23 13:59:03.269,12.48859,12.49112,0.00,0.00
2017.03.23 13:59:04.055,12.48859,12.49122,0.00,0.00
2017.03.23 13:59:04.117,12.48859,12.49101,0.00,0.00
2017.03.23 13:59:04.326,12.48859,12.49141,0.00,0.00
2017.03.23 13:59:04.519,12.48859,12.49122,0.00,0.00
2017.03.23 13:59:04.834,12.48829,12.49048,0.00,0.00
2017.03.23 13:59:04.941,12.48759,12.49031,0.00,0.00
2017.03.23 13:59:05.048,12.48759,12.49011,0.00,0.00
2017.03.23 13:59:05.228,12.48759,12.49041,0.00,0.00
2017.03.23 13:59:05.321,12.48768,12.49041,0.00,0.00
2017.03.23 13:59:05.627,12.48778,12.49041,0.00,0.00
2017.03.23 13:59:05.732,12.48759,12.49032,0.00,0.00
2017.03.23 13:59:06.145,12.48759,12.49041,0.00,0.00
2017.03.23 13:59:06.262,12.48759,12.49032,0.00,0.00
2017.03.23 13:59:07.074,12.48759,12.49041,0.00,0.00
2017.03.23 13:59:07.127,12.48768,12.49041,0.00,0.00
2017.03.23 13:59:07.235,12.48759,12.49041,0.00,0.00
2017.03.23 13:59:07.286,12.48758,12.48991,0.00,0.00
2017.03.23 13:59:07.336,12.48709,12.48958,0.00,0.00
2017.03.23 13:59:07.442,12.48678,12.48941,0.00,0.00
2017.03.23 13:59:07.543,12.48678,12.48901,0.00,0.00
2017.03.23 13:59:07.890,12.48688,12.48901,0.00,0.00
2017.03.23 13:59:08.030,12.48679,12.48901,0.00,0.00
2017.03.23 13:59:08.246,12.48689,12.48901,0.00,0.00
2017.03.23 13:59:08.531,12.48669,12.48901,0.00,0.00
2017.03.23 13:59:08.931,12.48688,12.48901,0.00,0.00
2017.03.23 13:59:09.239,12.48709,12.48901,0.00,0.00
2017.03.23 13:59:09.332,12.48698,12.48901,0.00,0.00
2017.03.23 13:59:09.437,12.48711,12.48952,0.00,0.00
2017.03.23 13:59:09.544,12.48768,12.49002,0.00,0.00
2017.03.23 13:59:10.459,12.48749,12.49002,0.00,0.00
2017.03.23 13:59:10.576,12.48768,12.49002,0.00,0.00
2017.03.23 13:59:10.636,12.48738,12.49002,0.00,0.00
2017.03.23 13:59:10.776,12.48768,12.48901,0.00,0.00
2017.03.23 13:59:10.877,12.48758,12.48991,0.00,0.00
2017.03.23 13:59:10.981,12.48709,12.48991,0.00,0.00
2017.03.23 13:59:11.032,12.48709,12.48942,0.00,0.00
2017.03.23 13:59:11.083,12.48699,12.48942,0.00,0.00
2017.03.23 13:59:11.298,12.48712,12.48981,0.00,0.00
2017.03.23 13:59:11.349,12.48729,12.48992,0.00,0.00
2017.03.23 13:59:11.685,12.48718,12.48992,0.00,0.00
2017.03.23 13:59:11.879,12.48728,12.48992,0.00,0.00
2017.03.23 13:59:12.039,12.48708,12.48992,0.00,0.00
2017.03.23 13:59:12.148,12.48719,12.48992,0.00,0.00
2017.03.23 13:59:12.471,12.48758,12.48992,0.00,0.00
2017.03.23 13:59:13.264,12.48738,12.48992,0.00,0.00
2017.03.23 13:59:13.460,12.48758,12.48992,0.00,0.00
2017.03.23 13:59:13.611,12.48729,12.48992,0.00,0.00
2017.03.23 13:59:14.043,12.48739,12.48992,0.00,0.00
2017.03.23 13:59:14.398,12.48748,12.48992,0.00,0.00
2017.03.23 13:59:15.149,12.48718,12.48992,0.00,0.00
2017.03.23 13:59:15.256,12.48708,12.48992,0.00,0.00
2017.03.23 13:59:15.779,12.48728,12.48992,0.00,0.00
2017.03.23 13:59:16.084,12.48718,12.48992,0.00,0.00
2017.03.23 13:59:16.148,12.48758,12.48992,0.00,0.00
2017.03.23 13:59:16.251,12.48738,12.48992,0.00,0.00
2017.03.23 13:59:16.549,12.48759,12.48992,0.00,0.00
2017.03.23 13:59:17.551,12.48738,12.48992,0.00,0.00
2017.03.23 13:59:17.792,12.48758,12.48992,0.00,0.00
2017.03.23 13:59:18.153,12.48748,12.48992,0.00,0.00
2017.03.23 13:59:18.272,12.48758,12.48992,0.00,0.00
2017.03.23 13:59:18.382,12.48749,12.48992,0.00,0.00
2017.03.23 13:59:18.743,12.48768,12.48992,0.00,0.00
2017.03.23 13:59:19.390,12.48748,12.48992,0.00,0.00
2017.03.23 13:59:19.456,12.48768,12.48992,0.00,0.00
2017.03.23 13:59:19.657,12.48738,12.48992,0.00,0.00
2017.03.23 13:59:19.786,12.48749,12.48992,0.00,0.00
2017.03.23 13:59:20.133,12.48768,12.48992,0.00,0.00
2017.03.23 13:59:20.471,12.48788,12.48992,0.00,0.00
2017.03.23 13:59:20.708,12.48759,12.48992,0.00,0.00
2017.03.23 13:59:20.760,12.48789,12.48992,0.00,0.00
2017.03.23 13:59:21.108,12.48789,12.49039,0.00,0.00
2017.03.23 13:59:21.280,12.48808,12.49051,0.00,0.00
2017.03.23 13:59:21.483,12.48879,12.49139,0.00,0.00
2017.03.23 13:59:21.533,12.48879,12.49092,0.00,0.00
2017.03.23 13:59:21.584,12.48851,12.49092,0.00,0.00
2017.03.23 13:59:21.695,12.48868,12.49092,0.00,0.00
2017.03.23 13:59:21.799,12.48851,12.49092,0.00,0.00
2017.03.23 13:59:21.987,12.48858,12.49092,0.00,0.00
2017.03.23 13:59:22.211,12.48851,12.49092,0.00,0.00
2017.03.23 13:59:22.898,12.48859,12.49092,0.00,0.00
2017.03.23 13:59:23.204,12.48851,12.49092,0.00,0.00
2017.03.23 13:59:23.368,12.48859,12.49092,0.00,0.00
2017.03.23 13:59:24.171,12.48851,12.49092,0.00,0.00
2017.03.23 13:59:24.672,12.48851,12.49091,0.00,0.00
2017.03.23 13:59:25.273,12.48851,12.49092,0.00,0.00
2017.03.23 13:59:26.227,12.48861,12.49092,0.00,0.00
2017.03.23 13:59:26.794,12.48861,12.49091,0.00,0.00
2017.03.23 13:59:27.306,12.48861,12.49092,0.00,0.00
2017.03.23 13:59:28.536,12.48848,12.49092,0.00,0.00
2017.03.23 13:59:28.587,12.48831,12.49091,0.00,0.00
2017.03.23 13:59:28.784,12.48831,12.49082,0.00,0.00
2017.03.23 13:59:29.010,12.48831,12.49092,0.00,0.00
2017.03.23 13:59:29.198,12.48831,12.49081,0.00,0.00
2017.03.23 13:59:29.515,12.48732,12.48991,0.00,0.00
2017.03.23 13:59:29.898,12.48748,12.48991,0.00,0.00
2017.03.23 13:59:29.987,12.48732,12.48991,0.00,0.00
2017.03.23 13:59:30.600,12.48748,12.48991,0.00,0.00
2017.03.23 13:59:31.090,12.48732,12.48991,0.00,0.00
2017.03.23 13:59:31.190,12.48749,12.48991,0.00,0.00
2017.03.23 13:59:31.295,12.48758,12.49019,0.00,0.00
2017.03.23 13:59:31.418,12.48758,12.49002,0.00,0.00
2017.03.23 13:59:31.592,12.48758,12.49011,0.00,0.00
2017.03.23 13:59:31.792,12.48758,12.49019,0.00,0.00
2017.03.23 13:59:32.652,12.48748,12.48992,0.00,0.00
2017.03.23 13:59:32.703,12.48721,12.48992,0.00,0.00
2017.03.23 13:59:33.237,12.48749,12.48992,0.00,0.00
2017.03.23 13:59:33.798,12.48721,12.48992,0.00,0.00
2017.03.23 13:59:33.898,12.48748,12.48992,0.00,0.00
2017.03.23 13:59:34.120,12.48721,12.48992,0.00,0.00
2017.03.23 13:59:34.200,12.48739,12.48992,0.00,0.00
2017.03.23 13:59:34.301,12.48721,12.48992,0.00,0.00
2017.03.23 13:59:34.500,12.48749,12.48992,0.00,0.00
2017.03.23 13:59:34.908,12.48721,12.48992,0.00,0.00
2017.03.23 13:59:35.008,12.48749,12.48992,0.00,0.00
2017.03.23 13:59:35.232,12.48721,12.48992,0.00,0.00
2017.03.23 13:59:35.333,12.48748,12.48992,0.00,0.00
2017.03.23 13:59:35.819,12.48738,12.48992,0.00,0.00
2017.03.23 13:59:36.104,12.48721,12.48992,0.00,0.00
2017.03.23 13:59:36.205,12.48738,12.48992,0.00,0.00
2017.03.23 13:59:36.527,12.48758,12.48992,0.00,0.00
2017.03.23 13:59:36.708,12.48728,12.48992,0.00,0.00
2017.03.23 13:59:36.838,12.48768,12.48992,0.00,0.00
2017.03.23 13:59:36.943,12.48749,12.48992,0.00,0.00
2017.03.23 13:59:37.152,12.48801,12.49031,0.00,0.00
2017.03.23 13:59:37.208,12.48801,12.49042,0.00,0.00
2017.03.23 13:59:37.309,12.48858,12.49092,0.00,0.00
2017.03.23 13:59:37.420,12.48848,12.49092,0.00,0.00
2017.03.23 13:59:37.494,12.48848,12.49042,0.00,0.00
2017.03.23 13:59:37.545,12.48808,12.49042,0.00,0.00
2017.03.23 13:59:37.646,12.48798,12.49042,0.00,0.00
2017.03.23 13:59:37.696,12.48798,12.48992,0.00,0.00
2017.03.23 13:59:37.747,12.48768,12.48992,0.00,0.00
2017.03.23 13:59:37.848,12.48759,12.49012,0.00,0.00
2017.03.23 13:59:37.948,12.48759,12.49032,0.00,0.00
2017.03.23 13:59:38.210,12.48759,12.49041,0.00,0.00
2017.03.23 13:59:38.311,12.48759,12.49031,0.00,0.00
2017.03.23 13:59:38.619,12.48808,12.49031,0.00,0.00
2017.03.23 13:59:38.719,12.48781,12.49042,0.00,0.00
2017.03.23 13:59:38.811,12.48789,12.49042,0.00,0.00
2017.03.23 13:59:39.224,12.48809,12.49052,0.00,0.00
2017.03.23 13:59:39.325,12.48809,12.49071,0.00,0.00
2017.03.23 13:59:39.439,12.48818,12.49091,0.00,0.00
2017.03.23 13:59:39.613,12.48828,12.49091,0.00,0.00
2017.03.23 13:59:40.060,12.48842,12.49091,0.00,0.00
2017.03.23 13:59:40.596,12.48838,12.48991,0.00,0.00
2017.03.23 13:59:40.747,12.48809,12.48991,0.00,0.00
2017.03.23 13:59:40.850,12.48761,12.48991,0.00,0.00
2017.03.23 13:59:41.016,12.48768,12.48991,0.00,0.00
2017.03.23 13:59:41.131,12.48761,12.48991,0.00,0.00
2017.03.23 13:59:41.380,12.48761,12.48941,0.00,0.00
2017.03.23 13:59:41.430,12.48738,12.48941,0.00,0.00
2017.03.23 13:59:41.531,12.48711,12.48991,0.00,0.00
2017.03.23 13:59:41.658,12.48711,12.48982,0.00,0.00
2017.03.23 13:59:41.717,12.48711,12.48991,0.00,0.00
2017.03.23 13:59:41.882,12.48749,12.48991,0.00,0.00
2017.03.23 13:59:41.932,12.48718,12.48991,0.00,0.00
2017.03.23 13:59:42.033,12.48711,12.48991,0.00,0.00
2017.03.23 13:59:42.330,12.48719,12.48991,0.00,0.00
2017.03.23 13:59:42.633,12.48711,12.48942,0.00,0.00
2017.03.23 13:59:42.684,12.48732,12.48982,0.00,0.00
2017.03.23 13:59:42.784,12.48738,12.48991,0.00,0.00
2017.03.23 13:59:42.835,12.48738,12.48941,0.00,0.00
2017.03.23 13:59:42.936,12.48732,12.48941,0.00,0.00
2017.03.23 13:59:43.652,12.48732,12.48962,0.00,0.00
2017.03.23 13:59:43.752,12.48732,12.48982,0.00,0.00
2017.03.23 13:59:43.822,12.48749,12.48991,0.00,0.00
2017.03.23 13:59:43.924,12.48732,12.48991,0.00,0.00
2017.03.23 13:59:44.025,12.48738,12.48991,0.00,0.00
2017.03.23 13:59:44.423,12.48732,12.48991,0.00,0.00
2017.03.23 13:59:44.738,12.48738,12.48991,0.00,0.00
2017.03.23 13:59:45.356,12.48732,12.48991,0.00,0.00
2017.03.23 13:59:45.473,12.48739,12.48991,0.00,0.00
2017.03.23 13:59:45.892,12.48749,12.48991,0.00,0.00
2017.03.23 13:59:45.942,12.48732,12.48991,0.00,0.00
2017.03.23 13:59:46.141,12.48739,12.48991,0.00,0.00
2017.03.23 13:59:46.247,12.48732,12.48991,0.00,0.00
2017.03.23 13:59:46.543,12.48738,12.48991,0.00,0.00
2017.03.23 13:59:46.644,12.48732,12.48991,0.00,0.00
2017.03.23 13:59:47.029,12.48748,12.48991,0.00,0.00
2017.03.23 13:59:47.433,12.48732,12.48991,0.00,0.00
2017.03.23 13:59:47.931,12.48748,12.48991,0.00,0.00
2017.03.23 13:59:48.033,12.48738,12.48991,0.00,0.00
2017.03.23 13:59:48.083,12.48738,12.48891,0.00,0.00
2017.03.23 13:59:48.234,12.48708,12.48891,0.00,0.00
2017.03.23 13:59:48.361,12.48712,12.48932,0.00,0.00
2017.03.23 13:59:48.463,12.48712,12.48981,0.00,0.00
2017.03.23 13:59:48.570,12.48749,12.48992,0.00,0.00
2017.03.23 13:59:48.833,12.48718,12.48992,0.00,0.00
2017.03.23 13:59:49.074,12.48712,12.48992,0.00,0.00
2017.03.23 13:59:49.134,12.48728,12.48992,0.00,0.00
2017.03.23 13:59:49.261,12.48712,12.48982,0.00,0.00
2017.03.23 13:59:49.384,12.48748,12.48992,0.00,0.00
2017.03.23 13:59:49.560,12.48712,12.48991,0.00,0.00
2017.03.23 13:59:49.635,12.48749,12.48992,0.00,0.00
2017.03.23 13:59:50.015,12.48711,12.48941,0.00,0.00
2017.03.23 13:59:50.066,12.48648,12.48892,0.00,0.00
2017.03.23 13:59:50.578,12.48688,12.48892,0.00,0.00
2017.03.23 13:59:50.637,12.48668,12.48892,0.00,0.00
2017.03.23 13:59:50.739,12.48658,12.48892,0.00,0.00
2017.03.23 13:59:50.844,12.48669,12.48892,0.00,0.00
2017.03.23 13:59:50.946,12.48688,12.48948,0.00,0.00
2017.03.23 13:59:51.105,12.48679,12.48948,0.00,0.00
2017.03.23 13:59:51.156,12.48658,12.48942,0.00,0.00
2017.03.23 13:59:51.239,12.48668,12.48948,0.00,0.00
2017.03.23 13:59:51.543,12.48659,12.48941,0.00,0.00
2017.03.23 13:59:51.941,12.48678,12.48948,0.00,0.00
2017.03.23 13:59:52.059,12.48699,12.48972,0.00,0.00
2017.03.23 13:59:52.160,12.48658,12.48942,0.00,0.00
2017.03.23 13:59:52.742,12.48678,12.48962,0.00,0.00
2017.03.23 13:59:53.139,12.48642,12.48921,0.00,0.00
2017.03.23 13:59:53.388,12.48679,12.48961,0.00,0.00
2017.03.23 13:59:53.557,12.48642,12.48922,0.00,0.00
2017.03.23 13:59:53.643,12.48658,12.48942,0.00,0.00
2017.03.23 13:59:53.757,12.48678,12.48962,0.00,0.00
2017.03.23 13:59:54.067,12.48689,12.48971,0.00,0.00
2017.03.23 13:59:54.376,12.48678,12.48962,0.00,0.00
2017.03.23 13:59:54.946,12.48658,12.48942,0.00,0.00
2017.03.23 13:59:55.464,12.48648,12.48932,0.00,0.00
2017.03.23 13:59:55.880,12.48678,12.48962,0.00,0.00
2017.03.23 13:59:56.194,12.48719,12.49001,0.00,0.00
2017.03.23 13:59:56.350,12.48678,12.48962,0.00,0.00
2017.03.23 13:59:56.783,12.48781,12.48971,0.00,0.00
2017.03.23 13:59:56.834,12.48781,12.48982,0.00,0.00
2017.03.23 13:59:56.952,12.48798,12.49069,0.00,0.00
2017.03.23 13:59:57.052,12.48808,12.49069,0.00,0.00
2017.03.23 13:59:57.295,12.48788,12.49069,0.00,0.00
2017.03.23 13:59:57.494,12.48798,12.49072,0.00,0.00
2017.03.23 13:59:57.753,12.48789,12.49071,0.00,0.00
2017.03.23 13:59:58.008,12.48812,12.49071,0.00,0.00
2017.03.23 13:59:58.059,12.48819,12.49101,0.00,0.00
2017.03.23 13:59:58.159,12.48812,12.49082,0.00,0.00
2017.03.23 13:59:58.254,12.48828,12.49112,0.00,0.00
2017.03.23 13:59:58.502,12.48848,12.49121,0.00,0.00
2017.03.23 13:59:58.758,12.48769,12.49051,0.00,0.00
2017.03.23 13:59:58.987,12.48811,12.49051,0.00,0.00
2017.03.23 13:59:59.039,12.48769,12.49051,0.00,0.00
2017.03.23 13:59:59.139,12.48778,12.49062,0.00,0.00
2017.03.23 13:59:59.190,12.48798,12.49072,0.00,0.00
2017.03.23 13:59:59.256,12.48769,12.49051,0.00,0.00
2017.03.23 13:59:59.505,12.48778,12.49062,0.00,0.00
2017.03.23 13:59:59.556,12.48799,12.49072,0.00,0.00
