2014.12.18 14:00:00.748,12.02869,12.0312,0.00,0.00
2014.12.18 14:00:00.798,12.02912,12.03195,0.00,0.00
2014.12.18 14:00:00.899,12.02912,12.03219,0.00,0.00
2014.12.18 14:00:01.200,12.02901,12.03219,0.00,0.00
2014.12.18 14:00:01.799,12.02911,12.03219,0.00,0.00
2014.12.18 14:00:02.109,12.02862,12.03168,0.00,0.00
2014.12.18 14:00:02.447,12.02868,12.03144,0.00,0.00
2014.12.18 14:00:02.498,12.02868,12.03162,0.00,0.00
2014.12.18 14:00:02.548,12.02901,12.03162,0.00,0.00
2014.12.18 14:00:02.599,12.02901,12.03179,0.00,0.00
2014.12.18 14:00:02.700,12.02861,12.03162,0.00,0.00
2014.12.18 14:00:02.770,12.02861,12.03144,0.00,0.00
2014.12.18 14:00:03.302,12.02868,12.03167,0.00,0.00
2014.12.18 14:00:03.403,12.02971,12.0325,0.00,0.00
2014.12.18 14:00:04.725,12.03012,12.0325,0.00,0.00
2014.12.18 14:00:04.876,12.03012,12.0328,0.00,0.00
2014.12.18 14:00:05.075,12.03012,12.0331,0.00,0.00
2014.12.18 14:00:05.176,12.03061,12.0334,0.00,0.00
2014.12.18 14:00:05.930,12.03062,12.0334,0.00,0.00
2014.12.18 14:00:06.259,12.03041,12.0334,0.00,0.00
2014.12.18 14:00:06.718,12.03091,12.0334,0.00,0.00
2014.12.18 14:00:06.819,12.03091,12.0338,0.00,0.00
2014.12.18 14:00:07.518,12.03142,12.0344,0.00,0.00
2014.12.18 14:00:07.729,12.03152,12.0344,0.00,0.00
2014.12.18 14:00:07.918,12.03168,12.03468,0.00,0.00
2014.12.18 14:00:08.019,12.03269,12.03468,0.00,0.00
2014.12.18 14:00:08.070,12.03269,12.03568,0.00,0.00
2014.12.18 14:00:08.170,12.03281,12.03555,0.00,0.00
2014.12.18 14:00:08.350,12.03242,12.03555,0.00,0.00
2014.12.18 14:00:08.685,12.03291,12.03555,0.00,0.00
2014.12.18 14:00:08.785,12.03291,12.0358,0.00,0.00
2014.12.18 14:00:09.584,12.03331,12.0358,0.00,0.00
2014.12.18 14:00:09.635,12.03331,12.0364,0.00,0.00
2014.12.18 14:00:09.685,12.03351,12.0364,0.00,0.00
2014.12.18 14:00:09.887,12.03241,12.03555,0.00,0.00
2014.12.18 14:00:09.938,12.03192,12.0348,0.00,0.00
2014.12.18 14:00:10.771,12.03181,12.0348,0.00,0.00
2014.12.18 14:00:11.496,12.03172,12.0348,0.00,0.00
2014.12.18 14:00:11.870,12.03181,12.0348,0.00,0.00
2014.12.18 14:00:12.204,12.03271,12.03559,0.00,0.00
2014.12.18 14:00:12.406,12.03271,12.03588,0.00,0.00
2014.12.18 14:00:12.879,12.03319,12.03588,0.00,0.00
2014.12.18 14:00:12.929,12.03319,12.03618,0.00,0.00
2014.12.18 14:00:12.980,12.03381,12.03654,0.00,0.00
2014.12.18 14:00:13.030,12.03381,12.0368,0.00,0.00
2014.12.18 14:00:13.850,12.03382,12.0368,0.00,0.00
2014.12.18 14:00:14.098,12.03418,12.0368,0.00,0.00
2014.12.18 14:00:14.149,12.03418,12.03709,0.00,0.00
2014.12.18 14:00:14.199,12.03421,12.03709,0.00,0.00
2014.12.18 14:00:14.321,12.03421,12.03739,0.00,0.00
2014.12.18 14:00:14.472,12.03421,12.03704,0.00,0.00
2014.12.18 14:00:14.522,12.03382,12.03704,0.00,0.00
2014.12.18 14:00:14.628,12.03382,12.0368,0.00,0.00
2014.12.18 14:00:15.028,12.03382,12.03718,0.00,0.00
2014.12.18 14:00:15.171,12.03372,12.03708,0.00,0.00
2014.12.18 14:00:15.501,12.03381,12.03709,0.00,0.00
2014.12.18 14:00:15.829,12.03361,12.03669,0.00,0.00
2014.12.18 14:00:16.095,12.03391,12.03704,0.00,0.00
2014.12.18 14:00:16.296,12.03391,12.03719,0.00,0.00
2014.12.18 14:00:17.288,12.03421,12.03759,0.00,0.00
2014.12.18 14:00:17.489,12.03382,12.03708,0.00,0.00
2014.12.18 14:00:17.640,12.03271,12.03619,0.00,0.00
2014.12.18 14:00:17.741,12.03331,12.03619,0.00,0.00
2014.12.18 14:00:17.841,12.03261,12.03569,0.00,0.00
2014.12.18 14:00:17.942,12.03272,12.03602,0.00,0.00
2014.12.18 14:00:18.127,12.03272,12.03591,0.00,0.00
2014.12.18 14:00:18.597,12.03301,12.03619,0.00,0.00
2014.12.18 14:00:18.913,12.03291,12.03619,0.00,0.00
2014.12.18 14:00:20.091,12.03391,12.03713,0.00,0.00
2014.12.18 14:00:20.209,12.03391,12.03719,0.00,0.00
2014.12.18 14:00:20.310,12.03391,12.03713,0.00,0.00
2014.12.18 14:00:20.659,12.03401,12.03719,0.00,0.00
2014.12.18 14:00:20.710,12.03391,12.03719,0.00,0.00
2014.12.18 14:00:20.811,12.03391,12.03711,0.00,0.00
2014.12.18 14:00:20.975,12.03391,12.03719,0.00,0.00
2014.12.18 14:00:21.357,12.03471,12.03744,0.00,0.00
2014.12.18 14:00:21.408,12.03471,12.03781,0.00,0.00
2014.12.18 14:00:21.509,12.03471,12.03819,0.00,0.00
2014.12.18 14:00:21.683,12.03471,12.03804,0.00,0.00
2014.12.18 14:00:21.986,12.03471,12.03819,0.00,0.00
2014.12.18 14:00:22.036,12.03491,12.03819,0.00,0.00
2014.12.18 14:00:22.348,12.03541,12.03833,0.00,0.00
2014.12.18 14:00:22.398,12.03541,12.03869,0.00,0.00
2014.12.18 14:00:23.096,12.03541,12.0385,0.00,0.00
2014.12.18 14:00:23.197,12.03541,12.03869,0.00,0.00
2014.12.18 14:00:23.515,12.03541,12.03866,0.00,0.00
2014.12.18 14:00:23.716,12.03541,12.03869,0.00,0.00
2014.12.18 14:00:24.216,12.03612,12.0391,0.00,0.00
2014.12.18 14:00:24.267,12.03612,12.03918,0.00,0.00
2014.12.18 14:00:25.290,12.03611,12.03919,0.00,0.00
2014.12.18 14:00:25.441,12.03661,12.03954,0.00,0.00
2014.12.18 14:00:25.542,12.03661,12.03969,0.00,0.00
2014.12.18 14:00:25.647,12.03672,12.03983,0.00,0.00
2014.12.18 14:00:25.748,12.03672,12.04003,0.00,0.00
2014.12.18 14:00:25.955,12.03672,12.04018,0.00,0.00
2014.12.18 14:00:26.090,12.03731,12.04033,0.00,0.00
2014.12.18 14:00:26.141,12.03731,12.04055,0.00,0.00
2014.12.18 14:00:26.191,12.03689,12.03969,0.00,0.00
2014.12.18 14:00:26.342,12.03631,12.03959,0.00,0.00
2014.12.18 14:00:26.393,12.03652,12.03968,0.00,0.00
2014.12.18 14:00:26.719,12.03681,12.03994,0.00,0.00
2014.12.18 14:00:26.769,12.03681,12.04019,0.00,0.00
2014.12.18 14:00:27.231,12.03681,12.03998,0.00,0.00
2014.12.18 14:00:27.432,12.03691,12.04018,0.00,0.00
2014.12.18 14:00:27.635,12.03722,12.04061,0.00,0.00
2014.12.18 14:00:27.736,12.03722,12.04068,0.00,0.00
2014.12.18 14:00:28.033,12.03722,12.04046,0.00,0.00
2014.12.18 14:00:28.133,12.03722,12.04068,0.00,0.00
2014.12.18 14:00:28.184,12.03751,12.04069,0.00,0.00
2014.12.18 14:00:28.531,12.03782,12.04096,0.00,0.00
2014.12.18 14:00:28.581,12.03782,12.04114,0.00,0.00
2014.12.18 14:00:28.634,12.03782,12.04118,0.00,0.00
2014.12.18 14:00:28.735,12.03821,12.04159,0.00,0.00
2014.12.18 14:00:28.836,12.03861,12.04164,0.00,0.00
2014.12.18 14:00:29.692,12.03851,12.04164,0.00,0.00
2014.12.18 14:00:29.918,12.03861,12.04164,0.00,0.00
2014.12.18 14:00:30.225,12.03861,12.04148,0.00,0.00
2014.12.18 14:00:30.680,12.03851,12.04148,0.00,0.00
2014.12.18 14:00:31.011,12.03841,12.04148,0.00,0.00
2014.12.18 14:00:31.154,12.03841,12.04119,0.00,0.00
2014.12.18 14:00:32.082,12.03761,12.04104,0.00,0.00
2014.12.18 14:00:32.663,12.03722,12.0405,0.00,0.00
2014.12.18 14:00:32.894,12.03722,12.04068,0.00,0.00
2014.12.18 14:00:33.194,12.03722,12.04042,0.00,0.00
2014.12.18 14:00:33.446,12.03661,12.04005,0.00,0.00
2014.12.18 14:00:33.546,12.03661,12.04009,0.00,0.00
2014.12.18 14:00:33.870,12.03701,12.04019,0.00,0.00
2014.12.18 14:00:34.197,12.03701,12.04003,0.00,0.00
2014.12.18 14:00:34.548,12.03701,12.04019,0.00,0.00
2014.12.18 14:00:34.653,12.03681,12.04004,0.00,0.00
2014.12.18 14:00:34.949,12.03681,12.04009,0.00,0.00
2014.12.18 14:00:35.191,12.03691,12.04009,0.00,0.00
2014.12.18 14:00:35.492,12.03761,12.04069,0.00,0.00
2014.12.18 14:00:35.951,12.03812,12.04118,0.00,0.00
2014.12.18 14:00:36.278,12.03812,12.04128,0.00,0.00
2014.12.18 14:00:36.379,12.0383,12.04128,0.00,0.00
2014.12.18 14:00:36.429,12.03869,12.04169,0.00,0.00
2014.12.18 14:00:36.530,12.03902,12.04218,0.00,0.00
2014.12.18 14:00:36.580,12.03902,12.04213,0.00,0.00
2014.12.18 14:00:37.149,12.03861,12.04169,0.00,0.00
2014.12.18 14:00:37.755,12.03912,12.04208,0.00,0.00
2014.12.18 14:00:37.805,12.03912,12.04211,0.00,0.00
2014.12.18 14:00:37.856,12.03912,12.04228,0.00,0.00
2014.12.18 14:00:38.271,12.03901,12.04219,0.00,0.00
2014.12.18 14:00:38.846,12.03911,12.04229,0.00,0.00
2014.12.18 14:00:39.245,12.03911,12.04227,0.00,0.00
2014.12.18 14:00:40.165,12.03812,12.04128,0.00,0.00
2014.12.18 14:00:40.844,12.03811,12.04129,0.00,0.00
2014.12.18 14:00:41.618,12.03852,12.04168,0.00,0.00
2014.12.18 14:00:44.304,12.03852,12.04091,0.00,0.00
2014.12.18 14:00:44.455,12.03762,12.04068,0.00,0.00
2014.12.18 14:00:44.905,12.03761,12.04079,0.00,0.00
2014.12.18 14:00:45.321,12.03719,12.03968,0.00,0.00
2014.12.18 14:00:45.372,12.03678,12.03968,0.00,0.00
2014.12.18 14:00:45.473,12.03662,12.03968,0.00,0.00
2014.12.18 14:00:45.960,12.03662,12.03931,0.00,0.00
2014.12.18 14:00:46.011,12.03562,12.03868,0.00,0.00
2014.12.18 14:00:46.440,12.03609,12.03908,0.00,0.00
2014.12.18 14:00:46.541,12.03652,12.03958,0.00,0.00
2014.12.18 14:00:47.167,12.03652,12.03932,0.00,0.00
2014.12.18 14:00:47.217,12.03609,12.03909,0.00,0.00
2014.12.18 14:00:47.268,12.03601,12.03909,0.00,0.00
2014.12.18 14:00:47.780,12.03602,12.03908,0.00,0.00
2014.12.18 14:00:49.695,12.03602,12.03882,0.00,0.00
2014.12.18 14:00:49.745,12.03562,12.03868,0.00,0.00
2014.12.18 14:00:50.699,12.03551,12.03859,0.00,0.00
2014.12.18 14:00:51.076,12.03551,12.03832,0.00,0.00
2014.12.18 14:00:51.176,12.03512,12.03818,0.00,0.00
2014.12.18 14:00:52.281,12.03512,12.03828,0.00,0.00
2014.12.18 14:00:52.790,12.03512,12.03818,0.00,0.00
2014.12.18 14:00:52.994,12.03561,12.03869,0.00,0.00
2014.12.18 14:00:53.814,12.03602,12.03893,0.00,0.00
2014.12.18 14:00:53.915,12.03602,12.03918,0.00,0.00
2014.12.18 14:00:54.334,12.03651,12.03959,0.00,0.00
2014.12.18 14:00:54.674,12.03651,12.03952,0.00,0.00
2014.12.18 14:00:55.024,12.03851,12.04011,0.00,0.00
2014.12.18 14:00:55.124,12.03851,12.0413,0.00,0.00
2014.12.18 14:00:55.225,12.03811,12.04129,0.00,0.00
2014.12.18 14:00:55.355,12.03811,12.04111,0.00,0.00
2014.12.18 14:00:55.554,12.03811,12.04129,0.00,0.00
2014.12.18 14:00:55.655,12.03852,12.04157,0.00,0.00
2014.12.18 14:00:56.545,12.03852,12.04158,0.00,0.00
2014.12.18 14:00:58.669,12.03952,12.04191,0.00,0.00
2014.12.18 14:00:58.719,12.03952,12.04211,0.00,0.00
2014.12.18 14:00:58.770,12.03952,12.04241,0.00,0.00
2014.12.18 14:00:58.870,12.03952,12.04258,0.00,0.00
2014.12.18 14:00:59.110,12.03952,12.04252,0.00,0.00
2014.12.18 14:00:59.310,12.03952,12.04258,0.00,0.00
2014.12.18 14:00:59.410,12.03952,12.04253,0.00,0.00
2014.12.18 14:00:59.717,12.03901,12.04202,0.00,0.00
2014.12.18 14:01:00.112,12.03901,12.04194,0.00,0.00
2014.12.18 14:01:00.213,12.03862,12.04162,0.00,0.00
2014.12.18 14:01:01.649,12.03902,12.04162,0.00,0.00
2014.12.18 14:01:01.850,12.03861,12.04162,0.00,0.00
2014.12.18 14:01:02.125,12.03861,12.04101,0.00,0.00
2014.12.18 14:01:02.175,12.03769,12.04038,0.00,0.00
2014.12.18 14:01:02.226,12.03748,12.04038,0.00,0.00
2014.12.18 14:01:02.327,12.03748,12.03996,0.00,0.00
2014.12.18 14:01:02.528,12.03748,12.04009,0.00,0.00
2014.12.18 14:01:03.805,12.03721,12.04009,0.00,0.00
2014.12.18 14:01:04.739,12.03721,12.04012,0.00,0.00
2014.12.18 14:01:04.940,12.03722,12.0401,0.00,0.00
2014.12.18 14:01:05.283,12.03662,12.03968,0.00,0.00
2014.12.18 14:01:05.334,12.03662,12.0396,0.00,0.00
2014.12.18 14:01:05.660,12.03662,12.03935,0.00,0.00
2014.12.18 14:01:05.789,12.03651,12.03935,0.00,0.00
2014.12.18 14:01:06.224,12.03651,12.03911,0.00,0.00
2014.12.18 14:01:06.274,12.03611,12.03911,0.00,0.00
2014.12.18 14:01:06.429,12.03611,12.03901,0.00,0.00
2014.12.18 14:01:06.626,12.03611,12.03911,0.00,0.00
2014.12.18 14:01:06.848,12.03611,12.03901,0.00,0.00
2014.12.18 14:01:06.898,12.03601,12.03901,0.00,0.00
2014.12.18 14:01:07.456,12.03562,12.03867,0.00,0.00
2014.12.18 14:01:07.855,12.03609,12.03868,0.00,0.00
2014.12.18 14:01:08.007,12.03651,12.03959,0.00,0.00
2014.12.18 14:01:08.430,12.03661,12.03962,0.00,0.00
2014.12.18 14:01:09.642,12.03651,12.03959,0.00,0.00
2014.12.18 14:01:09.861,12.03662,12.03962,0.00,0.00
2014.12.18 14:01:10.404,12.03662,12.03968,0.00,0.00
2014.12.18 14:01:10.555,12.03761,12.0401,0.00,0.00
2014.12.18 14:01:10.606,12.03761,12.04012,0.00,0.00
2014.12.18 14:01:10.708,12.03761,12.04069,0.00,0.00
2014.12.18 14:01:11.238,12.03762,12.04068,0.00,0.00
2014.12.18 14:01:11.879,12.03761,12.04069,0.00,0.00
2014.12.18 14:01:12.841,12.03762,12.04068,0.00,0.00
2014.12.18 14:01:14.494,12.03762,12.04012,0.00,0.00
2014.12.18 14:01:14.746,12.03601,12.03902,0.00,0.00
2014.12.18 14:01:17.684,12.03601,12.03902,0.00,0.00
2014.12.18 14:01:18.152,12.03652,12.03936,0.00,0.00
2014.12.18 14:01:18.202,12.03652,12.03952,0.00,0.00
2014.12.18 14:01:22.394,12.03652,12.03842,0.00,0.00
2014.12.18 14:01:22.714,12.03652,12.03791,0.00,0.00
2014.12.18 14:01:22.765,12.03601,12.03791,0.00,0.00
2014.12.18 14:01:23.734,12.03601,12.03742,0.00,0.00
2014.12.18 14:01:23.885,12.03511,12.03692,0.00,0.00
2014.12.18 14:01:24.299,12.03552,12.03741,0.00,0.00
2014.12.18 14:01:26.139,12.03561,12.03741,0.00,0.00
2014.12.18 14:01:26.828,12.03511,12.03692,0.00,0.00
2014.12.18 14:01:27.282,12.03561,12.03742,0.00,0.00
2014.12.18 14:01:28.488,12.03551,12.03742,0.00,0.00
2014.12.18 14:01:28.589,12.03511,12.03692,0.00,0.00
2014.12.18 14:01:29.024,12.03451,12.03641,0.00,0.00
2014.12.18 14:01:29.247,12.0341,12.03591,0.00,0.00
2014.12.18 14:01:29.297,12.03352,12.03591,0.00,0.00
2014.12.18 14:01:29.347,12.03352,12.03542,0.00,0.00
2014.12.18 14:01:29.802,12.03352,12.03492,0.00,0.00
2014.12.18 14:01:30.054,12.03151,12.03342,0.00,0.00
2014.12.18 14:01:30.760,12.03161,12.03342,0.00,0.00
2014.12.18 14:01:30.961,12.0311,12.03292,0.00,0.00
2014.12.18 14:01:31.012,12.03152,12.03292,0.00,0.00
2014.12.18 14:01:31.112,12.03112,12.03291,0.00,0.00
2014.12.18 14:01:32.011,12.03101,12.03291,0.00,0.00
2014.12.18 14:01:32.434,12.03101,12.03242,0.00,0.00
2014.12.18 14:01:32.535,12.03062,12.03242,0.00,0.00
2014.12.18 14:01:33.219,12.03061,12.03242,0.00,0.00
2014.12.18 14:01:34.063,12.03019,12.03192,0.00,0.00
2014.12.18 14:01:34.113,12.03012,12.03192,0.00,0.00
2014.12.18 14:01:34.604,12.03012,12.03142,0.00,0.00
2014.12.18 14:01:34.654,12.02969,12.03142,0.00,0.00
2014.12.18 14:01:34.705,12.02961,12.03142,0.00,0.00
2014.12.18 14:01:35.049,12.02971,12.03142,0.00,0.00
2014.12.18 14:01:35.841,12.02971,12.03192,0.00,0.00
2014.12.18 14:01:35.942,12.03062,12.03242,0.00,0.00
2014.12.18 14:01:36.804,12.03062,12.03192,0.00,0.00
2014.12.18 14:01:36.854,12.03011,12.03192,0.00,0.00
2014.12.18 14:01:36.962,12.02972,12.03142,0.00,0.00
2014.12.18 14:01:37.064,12.02972,12.03182,0.00,0.00
2014.12.18 14:01:37.294,12.02951,12.03182,0.00,0.00
2014.12.18 14:01:37.690,12.02971,12.03182,0.00,0.00
2014.12.18 14:01:38.213,12.03011,12.03182,0.00,0.00
2014.12.18 14:01:38.263,12.03011,12.03231,0.00,0.00
2014.12.18 14:01:38.579,12.0297,12.03231,0.00,0.00
2014.12.18 14:01:38.630,12.02961,12.03231,0.00,0.00
2014.12.18 14:01:38.895,12.02961,12.03182,0.00,0.00
2014.12.18 14:01:40.100,12.02901,12.03182,0.00,0.00
2014.12.18 14:01:40.252,12.02901,12.03131,0.00,0.00
2014.12.18 14:01:40.779,12.02859,12.03081,0.00,0.00
2014.12.18 14:01:40.880,12.02851,12.03081,0.00,0.00
2014.12.18 14:01:41.781,12.02801,12.03031,0.00,0.00
2014.12.18 14:01:42.114,12.02862,12.03082,0.00,0.00
2014.12.18 14:01:42.502,12.02952,12.03162,0.00,0.00
2014.12.18 14:01:42.553,12.02909,12.03131,0.00,0.00
2014.12.18 14:01:42.655,12.02902,12.03131,0.00,0.00
2014.12.18 14:01:43.874,12.02861,12.03061,0.00,0.00
2014.12.18 14:01:43.976,12.02852,12.03061,0.00,0.00
2014.12.18 14:01:44.837,12.02852,12.03031,0.00,0.00
2014.12.18 14:01:44.989,12.02801,12.03031,0.00,0.00
2014.12.18 14:01:45.191,12.02851,12.03062,0.00,0.00
2014.12.18 14:01:45.493,12.02859,12.03062,0.00,0.00
2014.12.18 14:01:45.644,12.02901,12.03112,0.00,0.00
2014.12.18 14:01:46.092,12.02862,12.03062,0.00,0.00
2014.12.18 14:01:46.843,12.02901,12.03112,0.00,0.00
2014.12.18 14:01:47.195,12.02951,12.03161,0.00,0.00
2014.12.18 14:01:49.608,12.0291,12.03112,0.00,0.00
2014.12.18 14:01:49.658,12.02851,12.03112,0.00,0.00
2014.12.18 14:01:52.617,12.0293,12.03112,0.00,0.00
2014.12.18 14:01:52.768,12.02901,12.03112,0.00,0.00
2014.12.18 14:01:53.632,12.02901,12.03162,0.00,0.00
2014.12.18 14:01:53.683,12.02952,12.03162,0.00,0.00
2014.12.18 14:01:54.411,12.02961,12.03162,0.00,0.00
2014.12.18 14:01:55.080,12.03062,12.03212,0.00,0.00
2014.12.18 14:01:55.181,12.03062,12.03261,0.00,0.00
2014.12.18 14:01:55.650,12.03062,12.03211,0.00,0.00
2014.12.18 14:01:55.954,12.0297,12.03161,0.00,0.00
2014.12.18 14:01:56.055,12.0297,12.03212,0.00,0.00
2014.12.18 14:01:56.106,12.03011,12.03212,0.00,0.00
2014.12.18 14:01:56.508,12.02961,12.03161,0.00,0.00
2014.12.18 14:01:57.189,12.02961,12.03162,0.00,0.00
2014.12.18 14:01:57.390,12.02919,12.03161,0.00,0.00
2014.12.18 14:01:57.490,12.02952,12.03111,0.00,0.00
2014.12.18 14:01:57.641,12.02902,12.03111,0.00,0.00
2014.12.18 14:01:58.591,12.02912,12.03111,0.00,0.00
2014.12.18 14:01:58.742,12.02912,12.03162,0.00,0.00
2014.12.18 14:01:58.843,12.02951,12.03162,0.00,0.00
2014.12.18 14:02:00.234,12.02972,12.03211,0.00,0.00
2014.12.18 14:02:00.385,12.03011,12.03211,0.00,0.00
2014.12.18 14:02:03.887,12.03062,12.03211,0.00,0.00
2014.12.18 14:02:03.988,12.03062,12.03261,0.00,0.00
2014.12.18 14:02:06.523,12.03062,12.03212,0.00,0.00
2014.12.18 14:02:06.624,12.03019,12.03212,0.00,0.00
2014.12.18 14:02:06.731,12.03012,12.03212,0.00,0.00
2014.12.18 14:02:08.407,12.0311,12.03212,0.00,0.00
2014.12.18 14:02:08.529,12.0316,12.03362,0.00,0.00
2014.12.18 14:02:08.631,12.03202,12.03362,0.00,0.00
2014.12.18 14:02:08.732,12.03202,12.03422,0.00,0.00
2014.12.18 14:02:09.183,12.03262,12.03471,0.00,0.00
2014.12.18 14:02:09.284,12.03201,12.03421,0.00,0.00
2014.12.18 14:02:09.385,12.03221,12.03421,0.00,0.00
2014.12.18 14:02:09.586,12.03312,12.03522,0.00,0.00
2014.12.18 14:02:10.048,12.03202,12.03472,0.00,0.00
2014.12.18 14:02:10.149,12.03262,12.03472,0.00,0.00
2014.12.18 14:02:14.754,12.03262,12.03492,0.00,0.00
2014.12.18 14:02:15.087,12.0327,12.03542,0.00,0.00
2014.12.18 14:02:15.138,12.03311,12.03542,0.00,0.00
2014.12.18 14:02:15.238,12.03352,12.03591,0.00,0.00
2014.12.18 14:02:15.428,12.03412,12.03631,0.00,0.00
2014.12.18 14:02:16.545,12.03412,12.03681,0.00,0.00
2014.12.18 14:02:16.646,12.03452,12.03681,0.00,0.00
2014.12.18 14:02:18.307,12.0341,12.03632,0.00,0.00
2014.12.18 14:02:18.358,12.03361,12.03632,0.00,0.00
2014.12.18 14:02:18.408,12.03361,12.03591,0.00,0.00
2014.12.18 14:02:19.702,12.03361,12.03632,0.00,0.00
2014.12.18 14:02:19.753,12.03401,12.03632,0.00,0.00
2014.12.18 14:02:22.576,12.03452,12.03632,0.00,0.00
2014.12.18 14:02:22.727,12.03409,12.03592,0.00,0.00
2014.12.18 14:02:22.828,12.03362,12.03592,0.00,0.00
2014.12.18 14:02:23.560,12.03351,12.03592,0.00,0.00
2014.12.18 14:02:24.765,12.03351,12.03541,0.00,0.00
2014.12.18 14:02:24.916,12.03312,12.03541,0.00,0.00
2014.12.18 14:02:25.500,12.03311,12.03541,0.00,0.00
2014.12.18 14:02:25.602,12.03352,12.03592,0.00,0.00
2014.12.18 14:02:29.403,12.03362,12.03592,0.00,0.00
2014.12.18 14:02:32.836,12.03352,12.03592,0.00,0.00
2014.12.18 14:02:36.370,12.03352,12.03579,0.00,0.00
2014.12.18 14:02:36.705,12.03161,12.03381,0.00,0.00
2014.12.18 14:02:37.309,12.03151,12.03381,0.00,0.00
2014.12.18 14:02:37.657,12.03151,12.03331,0.00,0.00
2014.12.18 14:02:37.757,12.03151,12.03381,0.00,0.00
2014.12.18 14:02:38.667,12.03151,12.03331,0.00,0.00
2014.12.18 14:02:38.768,12.03101,12.03332,0.00,0.00
2014.12.18 14:02:38.842,12.03101,12.03281,0.00,0.00
2014.12.18 14:02:38.993,12.03061,12.03281,0.00,0.00
2014.12.18 14:02:41.172,12.03061,12.03331,0.00,0.00
2014.12.18 14:02:41.275,12.03102,12.03331,0.00,0.00
2014.12.18 14:02:41.612,12.03061,12.03282,0.00,0.00
2014.12.18 14:02:42.105,12.03012,12.03231,0.00,0.00
2014.12.18 14:02:42.698,12.03011,12.03231,0.00,0.00
2014.12.18 14:02:43.739,12.03012,12.03231,0.00,0.00
2014.12.18 14:02:43.789,12.03011,12.03282,0.00,0.00
2014.12.18 14:02:43.840,12.03052,12.03282,0.00,0.00
2014.12.18 14:02:44.932,12.03062,12.03282,0.00,0.00
2014.12.18 14:02:45.667,12.03051,12.03282,0.00,0.00
2014.12.18 14:02:46.690,12.03061,12.03282,0.00,0.00
2014.12.18 14:02:46.791,12.03052,12.03282,0.00,0.00
2014.12.18 14:02:47.242,12.03052,12.03331,0.00,0.00
2014.12.18 14:02:47.343,12.03101,12.03331,0.00,0.00
2014.12.18 14:02:47.534,12.03101,12.03382,0.00,0.00
2014.12.18 14:02:47.584,12.03151,12.03382,0.00,0.00
2014.12.18 14:02:47.993,12.03151,12.03442,0.00,0.00
2014.12.18 14:02:48.094,12.03261,12.03491,0.00,0.00
2014.12.18 14:02:48.549,12.03311,12.03542,0.00,0.00
2014.12.18 14:02:51.273,12.03311,12.03492,0.00,0.00
2014.12.18 14:02:51.432,12.03261,12.03492,0.00,0.00
2014.12.18 14:02:52.261,12.03261,12.03542,0.00,0.00
2014.12.18 14:02:52.362,12.0327,12.03542,0.00,0.00
2014.12.18 14:02:54.139,12.03101,12.03332,0.00,0.00
2014.12.18 14:02:54.709,12.03062,12.03361,0.00,0.00
2014.12.18 14:02:54.810,12.03062,12.03312,0.00,0.00
2014.12.18 14:02:55.162,12.0297,12.03222,0.00,0.00
2014.12.18 14:02:55.263,12.02962,12.03222,0.00,0.00
2014.12.18 14:02:55.598,12.03012,12.03271,0.00,0.00
2014.12.18 14:02:56.162,12.03011,12.03271,0.00,0.00
2014.12.18 14:02:58.214,12.03011,12.03222,0.00,0.00
2014.12.18 14:02:58.365,12.02952,12.03222,0.00,0.00
2014.12.18 14:02:58.566,12.02972,12.03222,0.00,0.00
2014.12.18 14:02:59.231,12.02952,12.03222,0.00,0.00
2014.12.18 14:02:59.804,12.02951,12.03222,0.00,0.00
2014.12.18 14:02:59.905,12.03062,12.03271,0.00,0.00
2014.12.18 14:03:00.005,12.03101,12.03312,0.00,0.00
2014.12.18 14:03:00.106,12.03101,12.03362,0.00,0.00
2014.12.18 14:03:00.874,12.03111,12.03362,0.00,0.00
2014.12.18 14:03:01.288,12.03101,12.03362,0.00,0.00
2014.12.18 14:03:01.838,12.03111,12.03362,0.00,0.00
2014.12.18 14:03:02.323,12.03069,12.03312,0.00,0.00
2014.12.18 14:03:02.373,12.03052,12.03312,0.00,0.00
2014.12.18 14:03:03.971,12.03011,12.03222,0.00,0.00
2014.12.18 14:03:04.172,12.03011,12.03271,0.00,0.00
2014.12.18 14:03:05.022,12.03011,12.03222,0.00,0.00
2014.12.18 14:03:05.072,12.02969,12.03222,0.00,0.00
2014.12.18 14:03:05.125,12.02951,12.03222,0.00,0.00
2014.12.18 14:03:05.176,12.02901,12.03171,0.00,0.00
2014.12.18 14:03:05.535,12.03012,12.03272,0.00,0.00
2014.12.18 14:03:06.682,12.03012,12.03221,0.00,0.00
2014.12.18 14:03:06.833,12.02972,12.03221,0.00,0.00
2014.12.18 14:03:07.384,12.03012,12.03271,0.00,0.00
2014.12.18 14:03:07.992,12.03011,12.03271,0.00,0.00
2014.12.18 14:03:08.327,12.03011,12.03222,0.00,0.00
2014.12.18 14:03:08.377,12.0297,12.03222,0.00,0.00
2014.12.18 14:03:08.729,12.02951,12.03222,0.00,0.00
2014.12.18 14:03:09.342,12.02911,12.03171,0.00,0.00
2014.12.18 14:03:09.684,12.02861,12.03121,0.00,0.00
2014.12.18 14:03:11.105,12.02901,12.03171,0.00,0.00
2014.12.18 14:03:11.407,12.02901,12.03121,0.00,0.00
2014.12.18 14:03:11.458,12.02861,12.03121,0.00,0.00
2014.12.18 14:03:12.179,12.0282,12.03068,0.00,0.00
2014.12.18 14:03:12.280,12.02762,12.03068,0.00,0.00
2014.12.18 14:03:12.330,12.02812,12.03072,0.00,0.00
2014.12.18 14:03:13.202,12.02801,12.03072,0.00,0.00
2014.12.18 14:03:13.303,12.02761,12.03022,0.00,0.00
2014.12.18 14:03:14.538,12.02751,12.03022,0.00,0.00
2014.12.18 14:03:14.801,12.0277,12.03022,0.00,0.00
2014.12.18 14:03:14.852,12.02812,12.03072,0.00,0.00
2014.12.18 14:03:14.953,12.02762,12.03022,0.00,0.00
2014.12.18 14:03:15.419,12.02811,12.03071,0.00,0.00
2014.12.18 14:03:16.781,12.02811,12.03021,0.00,0.00
2014.12.18 14:03:16.832,12.02769,12.03021,0.00,0.00
2014.12.18 14:03:16.933,12.02762,12.03021,0.00,0.00
2014.12.18 14:03:17.033,12.02721,12.03021,0.00,0.00
2014.12.18 14:03:17.714,12.02721,12.02971,0.00,0.00
2014.12.18 14:03:18.434,12.02722,12.02971,0.00,0.00
2014.12.18 14:03:19.807,12.02811,12.03022,0.00,0.00
2014.12.18 14:03:19.907,12.02811,12.03071,0.00,0.00
2014.12.18 14:03:20.532,12.02811,12.03122,0.00,0.00
2014.12.18 14:03:20.683,12.02769,12.03069,0.00,0.00
2014.12.18 14:03:20.734,12.02761,12.03069,0.00,0.00
2014.12.18 14:03:22.266,12.02769,12.03069,0.00,0.00
2014.12.18 14:03:22.568,12.02861,12.03122,0.00,0.00
2014.12.18 14:03:22.747,12.02902,12.03171,0.00,0.00
2014.12.18 14:03:23.522,12.02902,12.03222,0.00,0.00
2014.12.18 14:03:23.572,12.0291,12.03222,0.00,0.00
2014.12.18 14:03:23.874,12.02951,12.03221,0.00,0.00
2014.12.18 14:03:24.218,12.02972,12.03221,0.00,0.00
2014.12.18 14:03:24.324,12.03012,12.03272,0.00,0.00
2014.12.18 14:03:24.425,12.03051,12.03311,0.00,0.00
2014.12.18 14:03:24.812,12.03101,12.03402,0.00,0.00
2014.12.18 14:03:24.865,12.03101,12.03429,0.00,0.00
2014.12.18 14:03:24.966,12.03151,12.03451,0.00,0.00
2014.12.18 14:03:25.728,12.03111,12.03402,0.00,0.00
2014.12.18 14:03:31.135,12.03111,12.03352,0.00,0.00
2014.12.18 14:03:31.207,12.0307,12.03352,0.00,0.00
2014.12.18 14:03:31.308,12.03062,12.03352,0.00,0.00
2014.12.18 14:03:31.408,12.03062,12.03368,0.00,0.00
2014.12.18 14:03:31.559,12.03111,12.03398,0.00,0.00
2014.12.18 14:03:31.610,12.03111,12.03402,0.00,0.00
2014.12.18 14:03:36.051,12.03201,12.03438,0.00,0.00
2014.12.18 14:03:36.101,12.03201,12.03451,0.00,0.00
2014.12.18 14:03:36.152,12.03201,12.03511,0.00,0.00
2014.12.18 14:03:36.597,12.03221,12.03511,0.00,0.00
2014.12.18 14:03:37.303,12.03221,12.03505,0.00,0.00
2014.12.18 14:03:37.923,12.03221,12.03511,0.00,0.00
2014.12.18 14:03:38.506,12.03262,12.03562,0.00,0.00
2014.12.18 14:03:39.018,12.03261,12.03562,0.00,0.00
2014.12.18 14:03:39.808,12.03261,12.03535,0.00,0.00
2014.12.18 14:03:39.923,12.03161,12.03469,0.00,0.00
2014.12.18 14:03:40.023,12.03161,12.03452,0.00,0.00
2014.12.18 14:03:41.128,12.03161,12.03469,0.00,0.00
2014.12.18 14:03:41.229,12.03201,12.03502,0.00,0.00
2014.12.18 14:03:41.767,12.03221,12.03502,0.00,0.00
2014.12.18 14:03:47.923,12.03221,12.03522,0.00,0.00
2014.12.18 14:03:47.973,12.03261,12.03522,0.00,0.00
2014.12.18 14:03:48.074,12.03261,12.03562,0.00,0.00
2014.12.18 14:03:48.549,12.03261,12.03559,0.00,0.00
2014.12.18 14:03:49.158,12.03261,12.03562,0.00,0.00
2014.12.18 14:03:50.131,12.03261,12.03569,0.00,0.00
2014.12.18 14:03:50.182,12.03301,12.03597,0.00,0.00
2014.12.18 14:03:50.232,12.03301,12.03601,0.00,0.00
2014.12.18 14:03:51.550,12.03301,12.03562,0.00,0.00
2014.12.18 14:03:51.601,12.03261,12.03562,0.00,0.00
2014.12.18 14:03:53.651,12.03261,12.03569,0.00,0.00
2014.12.18 14:03:53.702,12.03302,12.03585,0.00,0.00
2014.12.18 14:03:53.853,12.03302,12.03601,0.00,0.00
2014.12.18 14:03:55.451,12.03261,12.03569,0.00,0.00
2014.12.18 14:03:56.067,12.03302,12.03602,0.00,0.00
2014.12.18 14:03:56.417,12.03311,12.03602,0.00,0.00
2014.12.18 14:03:57.326,12.03302,12.03602,0.00,0.00
2014.12.18 14:03:59.695,12.03302,12.03616,0.00,0.00
2014.12.18 14:03:59.796,12.03302,12.03618,0.00,0.00
2014.12.18 14:03:59.846,12.03341,12.03649,0.00,0.00
2014.12.18 14:04:00.195,12.03341,12.03639,0.00,0.00
2014.12.18 14:04:00.266,12.03341,12.03649,0.00,0.00
2014.12.18 14:04:01.391,12.0341,12.03701,0.00,0.00
2014.12.18 14:04:01.500,12.03392,12.03701,0.00,0.00
2014.12.18 14:04:02.494,12.03402,12.03701,0.00,0.00
2014.12.18 14:04:04.138,12.03359,12.03652,0.00,0.00
2014.12.18 14:04:04.238,12.03352,12.03652,0.00,0.00
2014.12.18 14:04:06.089,12.03352,12.03668,0.00,0.00
2014.12.18 14:04:06.139,12.03391,12.03702,0.00,0.00
2014.12.18 14:04:06.548,12.03401,12.03729,0.00,0.00
2014.12.18 14:04:06.599,12.03401,12.03705,0.00,0.00
2014.12.18 14:04:06.901,12.03462,12.03701,0.00,0.00
2014.12.18 14:04:06.951,12.03462,12.03751,0.00,0.00
2014.12.18 14:04:07.301,12.03462,12.03768,0.00,0.00
2014.12.18 14:04:07.351,12.03501,12.03788,0.00,0.00
2014.12.18 14:04:07.404,12.03501,12.03801,0.00,0.00
2014.12.18 14:04:07.857,12.03512,12.03801,0.00,0.00
2014.12.18 14:04:08.397,12.03511,12.03801,0.00,0.00
2014.12.18 14:04:10.286,12.03511,12.03752,0.00,0.00
2014.12.18 14:04:10.337,12.03451,12.03752,0.00,0.00
2014.12.18 14:04:11.350,12.03451,12.03652,0.00,0.00
2014.12.18 14:04:11.400,12.0341,12.03652,0.00,0.00
2014.12.18 14:04:11.501,12.03391,12.03702,0.00,0.00
2014.12.18 14:04:12.925,12.03401,12.03702,0.00,0.00
2014.12.18 14:04:14.252,12.03451,12.03752,0.00,0.00
2014.12.18 14:04:15.213,12.03451,12.03759,0.00,0.00
2014.12.18 14:04:15.314,12.03491,12.03801,0.00,0.00
2014.12.18 14:04:15.446,12.03511,12.03801,0.00,0.00
2014.12.18 14:04:17.231,12.03551,12.03841,0.00,0.00
2014.12.18 14:04:17.698,12.03562,12.03841,0.00,0.00
2014.12.18 14:04:18.088,12.03581,12.03841,0.00,0.00
2014.12.18 14:04:18.189,12.03581,12.03869,0.00,0.00
2014.12.18 14:04:18.290,12.03591,12.03842,0.00,0.00
2014.12.18 14:04:18.340,12.03581,12.03842,0.00,0.00
2014.12.18 14:04:18.720,12.03581,12.03885,0.00,0.00
2014.12.18 14:04:18.770,12.03641,12.03885,0.00,0.00
2014.12.18 14:04:18.878,12.03599,12.03901,0.00,0.00
2014.12.18 14:04:18.932,12.03592,12.03901,0.00,0.00
2014.12.18 14:04:19.183,12.03592,12.03905,0.00,0.00
2014.12.18 14:04:19.234,12.03592,12.03918,0.00,0.00
2014.12.18 14:04:19.284,12.036,12.03918,0.00,0.00
2014.12.18 14:04:20.287,12.03652,12.03952,0.00,0.00
2014.12.18 14:04:20.388,12.03652,12.03902,0.00,0.00
2014.12.18 14:04:20.438,12.03551,12.03859,0.00,0.00
2014.12.18 14:04:20.540,12.03551,12.03846,0.00,0.00
2014.12.18 14:04:20.939,12.03512,12.03802,0.00,0.00
2014.12.18 14:04:21.243,12.03512,12.03731,0.00,0.00
2014.12.18 14:04:21.293,12.03401,12.03702,0.00,0.00
2014.12.18 14:04:21.394,12.03451,12.03751,0.00,0.00
2014.12.18 14:04:22.131,12.03451,12.03752,0.00,0.00
2014.12.18 14:04:22.445,12.03462,12.03752,0.00,0.00
2014.12.18 14:04:22.685,12.03462,12.03768,0.00,0.00
2014.12.18 14:04:22.735,12.03492,12.03796,0.00,0.00
2014.12.18 14:04:22.786,12.03492,12.03802,0.00,0.00
2014.12.18 14:04:24.788,12.03492,12.03818,0.00,0.00
2014.12.18 14:04:24.838,12.03581,12.03841,0.00,0.00
2014.12.18 14:04:24.889,12.03581,12.03889,0.00,0.00
2014.12.18 14:04:25.044,12.03591,12.03902,0.00,0.00
2014.12.18 14:04:25.697,12.03652,12.03951,0.00,0.00
2014.12.18 14:04:26.220,12.03652,12.03958,0.00,0.00
2014.12.18 14:04:26.271,12.03702,12.04,0.00,0.00
2014.12.18 14:04:26.861,12.03702,12.04018,0.00,0.00
2014.12.18 14:04:27.144,12.03752,12.04058,0.00,0.00
2014.12.18 14:04:27.245,12.03741,12.04059,0.00,0.00
2014.12.18 14:04:29.679,12.03771,12.04079,0.00,0.00
2014.12.18 14:04:31.275,12.03771,12.04061,0.00,0.00
2014.12.18 14:04:34.135,12.03771,12.04079,0.00,0.00
2014.12.18 14:04:34.236,12.03802,12.04102,0.00,0.00
2014.12.18 14:04:35.046,12.03842,12.0414,0.00,0.00
2014.12.18 14:04:35.147,12.03842,12.04148,0.00,0.00
2014.12.18 14:04:36.255,12.03799,12.04079,0.00,0.00
2014.12.18 14:04:36.557,12.03782,12.04061,0.00,0.00
2014.12.18 14:04:36.979,12.03782,12.04001,0.00,0.00
2014.12.18 14:04:37.130,12.03701,12.0397,0.00,0.00
2014.12.18 14:04:37.181,12.03701,12.03941,0.00,0.00
2014.12.18 14:04:37.231,12.03602,12.03918,0.00,0.00
2014.12.18 14:04:37.332,12.03602,12.03902,0.00,0.00
2014.12.18 14:04:38.213,12.03602,12.03868,0.00,0.00
2014.12.18 14:04:38.264,12.03561,12.03868,0.00,0.00
2014.12.18 14:04:38.314,12.03561,12.03842,0.00,0.00
2014.12.18 14:04:38.365,12.03551,12.03842,0.00,0.00
2014.12.18 14:04:39.183,12.03551,12.03841,0.00,0.00
2014.12.18 14:04:39.706,12.03551,12.03842,0.00,0.00
2014.12.18 14:04:39.996,12.03572,12.03842,0.00,0.00
2014.12.18 14:04:40.198,12.03572,12.03878,0.00,0.00
2014.12.18 14:04:40.546,12.03591,12.03901,0.00,0.00
2014.12.18 14:04:40.878,12.03602,12.03901,0.00,0.00
2014.12.18 14:04:42.309,12.03602,12.03928,0.00,0.00
2014.12.18 14:04:42.360,12.0364,12.03928,0.00,0.00
2014.12.18 14:04:42.461,12.03701,12.03991,0.00,0.00
2014.12.18 14:04:42.561,12.03701,12.04002,0.00,0.00
2014.12.18 14:04:43.296,12.03702,12.04002,0.00,0.00
2014.12.18 14:04:44.246,12.03701,12.04002,0.00,0.00
2014.12.18 14:04:45.047,12.03701,12.03952,0.00,0.00
2014.12.18 14:04:45.097,12.03682,12.03952,0.00,0.00
2014.12.18 14:04:45.148,12.03682,12.03996,0.00,0.00
2014.12.18 14:04:45.198,12.03701,12.03996,0.00,0.00
2014.12.18 14:04:45.399,12.03741,12.0404,0.00,0.00
2014.12.18 14:04:46.156,12.03751,12.0404,0.00,0.00
2014.12.18 14:04:46.307,12.03771,12.04061,0.00,0.00
2014.12.18 14:04:47.147,12.03781,12.04061,0.00,0.00
2014.12.18 14:04:47.511,12.03801,12.0408,0.00,0.00
2014.12.18 14:04:47.612,12.03801,12.04102,0.00,0.00
2014.12.18 14:04:52.319,12.03801,12.04062,0.00,0.00
2014.12.18 14:04:52.445,12.03782,12.04062,0.00,0.00
2014.12.18 14:04:52.546,12.03771,12.04061,0.00,0.00
2014.12.18 14:04:52.664,12.03741,12.04059,0.00,0.00
2014.12.18 14:04:53.555,12.03699,12.03999,0.00,0.00
2014.12.18 14:04:53.656,12.03672,12.03978,0.00,0.00
2014.12.18 14:04:53.706,12.03672,12.03951,0.00,0.00
2014.12.18 14:04:53.913,12.03702,12.04002,0.00,0.00
2014.12.18 14:04:53.965,12.03659,12.03959,0.00,0.00
2014.12.18 14:04:54.117,12.03609,12.03918,0.00,0.00
2014.12.18 14:04:54.217,12.03592,12.03902,0.00,0.00
2014.12.18 14:05:00.250,12.03552,12.03858,0.00,0.00
2014.12.18 14:05:00.351,12.03481,12.03789,0.00,0.00
2014.12.18 14:05:00.452,12.03481,12.03752,0.00,0.00
2014.12.18 14:05:00.502,12.03451,12.03752,0.00,0.00
2014.12.18 14:05:00.676,12.03451,12.03702,0.00,0.00
2014.12.18 14:05:00.726,12.03401,12.03702,0.00,0.00
2014.12.18 14:05:00.827,12.03392,12.03688,0.00,0.00
2014.12.18 14:05:00.927,12.03351,12.03652,0.00,0.00
2014.12.18 14:05:01.078,12.03351,12.03659,0.00,0.00
2014.12.18 14:05:01.129,12.03402,12.03701,0.00,0.00
2014.12.18 14:05:01.753,12.03402,12.03702,0.00,0.00
2014.12.18 14:05:01.803,12.03392,12.03702,0.00,0.00
2014.12.18 14:05:03.992,12.03472,12.03702,0.00,0.00
2014.12.18 14:05:04.042,12.03472,12.03752,0.00,0.00
2014.12.18 14:05:04.969,12.03481,12.03752,0.00,0.00
2014.12.18 14:05:05.203,12.03461,12.03752,0.00,0.00
2014.12.18 14:05:07.612,12.03452,12.03752,0.00,0.00
2014.12.18 14:05:07.713,12.03452,12.03702,0.00,0.00
2014.12.18 14:05:07.763,12.03391,12.03702,0.00,0.00
2014.12.18 14:05:09.696,12.03391,12.03651,0.00,0.00
2014.12.18 14:05:11.137,12.03371,12.03651,0.00,0.00
2014.12.18 14:05:11.247,12.03362,12.03651,0.00,0.00
2014.12.18 14:05:12.951,12.03362,12.03668,0.00,0.00
2014.12.18 14:05:13.052,12.03391,12.03702,0.00,0.00
2014.12.18 14:05:15.263,12.03391,12.03719,0.00,0.00
2014.12.18 14:05:15.313,12.0341,12.03719,0.00,0.00
2014.12.18 14:05:15.681,12.03551,12.03841,0.00,0.00
2014.12.18 14:05:16.010,12.03582,12.03841,0.00,0.00
2014.12.18 14:05:16.736,12.03582,12.03751,0.00,0.00
2014.12.18 14:05:16.787,12.03552,12.03751,0.00,0.00
2014.12.18 14:05:16.888,12.03551,12.03842,0.00,0.00
2014.12.18 14:05:18.597,12.036,12.03859,0.00,0.00
2014.12.18 14:05:18.773,12.03652,12.03951,0.00,0.00
2014.12.18 14:05:20.157,12.03701,12.03951,0.00,0.00
2014.12.18 14:05:20.258,12.03701,12.04001,0.00,0.00
2014.12.18 14:05:21.336,12.03701,12.04019,0.00,0.00
2014.12.18 14:05:21.386,12.03741,12.04033,0.00,0.00
2014.12.18 14:05:21.437,12.03741,12.04059,0.00,0.00
2014.12.18 14:05:22.410,12.03741,12.04002,0.00,0.00
2014.12.18 14:05:22.615,12.03701,12.04002,0.00,0.00
2014.12.18 14:05:24.220,12.03701,12.04001,0.00,0.00
2014.12.18 14:05:24.321,12.03641,12.03951,0.00,0.00
2014.12.18 14:05:28.450,12.03611,12.03929,0.00,0.00
2014.12.18 14:05:28.501,12.03611,12.03902,0.00,0.00
2014.12.18 14:05:28.663,12.03591,12.03902,0.00,0.00
2014.12.18 14:05:28.714,12.03591,12.03919,0.00,0.00
2014.12.18 14:05:28.815,12.03591,12.03901,0.00,0.00
2014.12.18 14:05:30.611,12.03592,12.03901,0.00,0.00
2014.12.18 14:05:36.986,12.03602,12.03901,0.00,0.00
2014.12.18 14:05:37.087,12.03602,12.03918,0.00,0.00
2014.12.18 14:05:37.138,12.03651,12.03952,0.00,0.00
2014.12.18 14:05:37.977,12.03641,12.03952,0.00,0.00
2014.12.18 14:05:38.531,12.03652,12.03952,0.00,0.00
2014.12.18 14:05:42.860,12.03609,12.03888,0.00,0.00
2014.12.18 14:05:43.011,12.03601,12.03902,0.00,0.00
2014.12.18 14:05:43.808,12.03591,12.03902,0.00,0.00
2014.12.18 14:05:44.529,12.03591,12.03842,0.00,0.00
2014.12.18 14:05:44.579,12.03581,12.03842,0.00,0.00
2014.12.18 14:05:44.981,12.03581,12.03899,0.00,0.00
2014.12.18 14:05:45.031,12.03572,12.03878,0.00,0.00
2014.12.18 14:05:45.132,12.03591,12.03902,0.00,0.00
2014.12.18 14:05:47.599,12.03591,12.03919,0.00,0.00
2014.12.18 14:05:47.700,12.03642,12.03952,0.00,0.00
2014.12.18 14:05:49.520,12.03642,12.03958,0.00,0.00
2014.12.18 14:05:49.620,12.03642,12.03931,0.00,0.00
2014.12.18 14:05:49.671,12.03592,12.0391,0.00,0.00
2014.12.18 14:05:49.721,12.03592,12.03881,0.00,0.00
2014.12.18 14:05:49.772,12.03551,12.03859,0.00,0.00
2014.12.18 14:05:51.069,12.03571,12.03879,0.00,0.00
2014.12.18 14:05:51.388,12.03682,12.03974,0.00,0.00
2014.12.18 14:05:51.489,12.03682,12.03989,0.00,0.00
2014.12.18 14:05:51.719,12.03682,12.03991,0.00,0.00
2014.12.18 14:05:51.770,12.03741,12.04041,0.00,0.00
2014.12.18 14:05:51.871,12.03771,12.04079,0.00,0.00
2014.12.18 14:05:52.387,12.03782,12.04088,0.00,0.00
2014.12.18 14:05:52.984,12.03781,12.04088,0.00,0.00
2014.12.18 14:05:55.388,12.03782,12.04088,0.00,0.00
2014.12.18 14:05:56.589,12.03772,12.04078,0.00,0.00
2014.12.18 14:05:57.459,12.03782,12.04088,0.00,0.00
2014.12.18 14:05:58.025,12.03781,12.04088,0.00,0.00
2014.12.18 14:06:01.083,12.03801,12.04088,0.00,0.00
2014.12.18 14:06:01.184,12.03801,12.04119,0.00,0.00
2014.12.18 14:06:01.234,12.03851,12.04138,0.00,0.00
2014.12.18 14:06:01.285,12.03851,12.04159,0.00,0.00
2014.12.18 14:06:02.066,12.03841,12.04149,0.00,0.00
2014.12.18 14:06:02.792,12.03841,12.04142,0.00,0.00
2014.12.18 14:06:02.892,12.03781,12.04089,0.00,0.00
2014.12.18 14:06:02.993,12.03741,12.04059,0.00,0.00
2014.12.18 14:06:04.640,12.03801,12.04091,0.00,0.00
2014.12.18 14:06:04.690,12.03801,12.04109,0.00,0.00
2014.12.18 14:06:04.741,12.03781,12.04099,0.00,0.00
2014.12.18 14:06:04.791,12.03781,12.04091,0.00,0.00
2014.12.18 14:06:05.168,12.03751,12.04059,0.00,0.00
2014.12.18 14:06:05.735,12.03742,12.04058,0.00,0.00
2014.12.18 14:06:08.829,12.03642,12.03931,0.00,0.00
2014.12.18 14:06:08.930,12.036,12.03919,0.00,0.00
2014.12.18 14:06:09.031,12.03591,12.03919,0.00,0.00
2014.12.18 14:06:09.989,12.03581,12.03899,0.00,0.00
2014.12.18 14:06:10.299,12.03582,12.03882,0.00,0.00
2014.12.18 14:06:10.694,12.03552,12.03858,0.00,0.00
2014.12.18 14:06:12.096,12.03561,12.03869,0.00,0.00
2014.12.18 14:06:13.215,12.03552,12.03858,0.00,0.00
2014.12.18 14:06:13.880,12.0351,12.03779,0.00,0.00
2014.12.18 14:06:13.930,12.03471,12.03761,0.00,0.00
2014.12.18 14:06:13.981,12.03449,12.03688,0.00,0.00
2014.12.18 14:06:14.031,12.03399,12.03688,0.00,0.00
2014.12.18 14:06:14.132,12.03392,12.03688,0.00,0.00
2014.12.18 14:06:14.606,12.03349,12.03649,0.00,0.00
2014.12.18 14:06:14.657,12.03341,12.03649,0.00,0.00
2014.12.18 14:06:17.678,12.03341,12.03642,0.00,0.00
2014.12.18 14:06:17.728,12.03302,12.03618,0.00,0.00
2014.12.18 14:06:17.829,12.03342,12.03648,0.00,0.00
2014.12.18 14:06:18.495,12.03391,12.03688,0.00,0.00
2014.12.18 14:06:18.596,12.03391,12.03715,0.00,0.00
2014.12.18 14:06:18.647,12.03399,12.03715,0.00,0.00
2014.12.18 14:06:18.697,12.03399,12.03719,0.00,0.00
2014.12.18 14:06:18.748,12.0341,12.03719,0.00,0.00
2014.12.18 14:06:19.116,12.03452,12.03758,0.00,0.00
2014.12.18 14:06:20.508,12.03452,12.03742,0.00,0.00
2014.12.18 14:06:20.659,12.03391,12.03689,0.00,0.00
2014.12.18 14:06:20.810,12.03391,12.03719,0.00,0.00
2014.12.18 14:06:20.860,12.03398,12.03719,0.00,0.00
2014.12.18 14:06:21.259,12.03452,12.03758,0.00,0.00
2014.12.18 14:06:24.669,12.03452,12.03752,0.00,0.00
2014.12.18 14:06:26.997,12.03509,12.03758,0.00,0.00
2014.12.18 14:06:27.048,12.03551,12.03842,0.00,0.00
2014.12.18 14:06:28.357,12.03581,12.03842,0.00,0.00
2014.12.18 14:06:29.279,12.03571,12.03842,0.00,0.00
2014.12.18 14:06:29.385,12.03551,12.03842,0.00,0.00
2014.12.18 14:06:30.226,12.03562,12.03842,0.00,0.00
2014.12.18 14:06:31.209,12.03562,12.03868,0.00,0.00
2014.12.18 14:06:31.309,12.03592,12.03901,0.00,0.00
2014.12.18 14:06:35.341,12.03592,12.03842,0.00,0.00
2014.12.18 14:06:35.442,12.03582,12.03842,0.00,0.00
2014.12.18 14:06:39.300,12.03582,12.03898,0.00,0.00
2014.12.18 14:06:39.401,12.03602,12.03902,0.00,0.00
2014.12.18 14:06:40.006,12.03642,12.03949,0.00,0.00
2014.12.18 14:06:40.135,12.03642,12.03952,0.00,0.00
2014.12.18 14:06:40.340,12.03681,12.03952,0.00,0.00
2014.12.18 14:06:40.548,12.03681,12.03988,0.00,0.00
2014.12.18 14:06:40.649,12.03711,12.04019,0.00,0.00
2014.12.18 14:06:40.800,12.03742,12.04058,0.00,0.00
2014.12.18 14:06:41.197,12.03782,12.04062,0.00,0.00
2014.12.18 14:06:41.680,12.03762,12.04062,0.00,0.00
2014.12.18 14:06:41.731,12.03762,12.04068,0.00,0.00
2014.12.18 14:06:41.832,12.03762,12.04062,0.00,0.00
2014.12.18 14:06:44.959,12.03801,12.04102,0.00,0.00
2014.12.18 14:06:46.060,12.03812,12.04102,0.00,0.00
2014.12.18 14:06:46.161,12.03812,12.04128,0.00,0.00
2014.12.18 14:06:46.262,12.03841,12.04149,0.00,0.00
2014.12.18 14:06:47.512,12.03851,12.04151,0.00,0.00
2014.12.18 14:06:54.489,12.03851,12.04169,0.00,0.00
2014.12.18 14:06:54.539,12.03891,12.04202,0.00,0.00
2014.12.18 14:06:54.741,12.03891,12.04219,0.00,0.00
2014.12.18 14:06:54.841,12.03952,12.04252,0.00,0.00
2014.12.18 14:06:55.530,12.03951,12.04252,0.00,0.00
2014.12.18 14:06:55.930,12.03951,12.04269,0.00,0.00
2014.12.18 14:06:55.981,12.03992,12.04302,0.00,0.00
2014.12.18 14:06:56.500,12.03992,12.04301,0.00,0.00
2014.12.18 14:06:57.797,12.03992,12.04318,0.00,0.00
2014.12.18 14:06:57.847,12.04052,12.04342,0.00,0.00
2014.12.18 14:06:58.796,12.04061,12.04342,0.00,0.00
2014.12.18 14:06:59.376,12.04052,12.04342,0.00,0.00
2014.12.18 14:07:00.329,12.04052,12.04301,0.00,0.00
2014.12.18 14:07:00.379,12.03951,12.04259,0.00,0.00
2014.12.18 14:07:00.430,12.03951,12.04251,0.00,0.00
2014.12.18 14:07:00.737,12.03951,12.04202,0.00,0.00
2014.12.18 14:07:00.787,12.03901,12.04202,0.00,0.00
2014.12.18 14:07:01.095,12.03901,12.04145,0.00,0.00
2014.12.18 14:07:01.145,12.03809,12.04069,0.00,0.00
2014.12.18 14:07:01.196,12.03761,12.04061,0.00,0.00
2014.12.18 14:07:01.347,12.03701,12.04001,0.00,0.00
2014.12.18 14:07:01.685,12.03701,12.03952,0.00,0.00
2014.12.18 14:07:01.948,12.03701,12.04002,0.00,0.00
2014.12.18 14:07:02.763,12.03702,12.04002,0.00,0.00
2014.12.18 14:07:04.050,12.03702,12.04008,0.00,0.00
2014.12.18 14:07:04.100,12.03752,12.04048,0.00,0.00
2014.12.18 14:07:04.202,12.03752,12.04058,0.00,0.00
2014.12.18 14:07:04.333,12.03742,12.04048,0.00,0.00
2014.12.18 14:07:04.634,12.03862,12.04152,0.00,0.00
2014.12.18 14:07:04.735,12.03862,12.04168,0.00,0.00
2014.12.18 14:07:04.886,12.03892,12.04198,0.00,0.00
2014.12.18 14:07:05.193,12.03811,12.0411,0.00,0.00
2014.12.18 14:07:05.420,12.03701,12.04002,0.00,0.00
2014.12.18 14:07:05.701,12.03701,12.03952,0.00,0.00
2014.12.18 14:07:05.860,12.03651,12.03952,0.00,0.00
2014.12.18 14:07:06.141,12.03651,12.03959,0.00,0.00
2014.12.18 14:07:06.262,12.0366,12.03959,0.00,0.00
2014.12.18 14:07:06.313,12.03701,12.04002,0.00,0.00
2014.12.18 14:07:07.046,12.03702,12.04002,0.00,0.00
2014.12.18 14:07:12.991,12.03751,12.04059,0.00,0.00
2014.12.18 14:07:15.194,12.03761,12.04062,0.00,0.00
2014.12.18 14:07:15.642,12.03811,12.04088,0.00,0.00
2014.12.18 14:07:15.742,12.03811,12.04101,0.00,0.00
2014.12.18 14:07:16.585,12.03812,12.04101,0.00,0.00
2014.12.18 14:07:17.105,12.03811,12.04101,0.00,0.00
2014.12.18 14:07:17.611,12.03812,12.04101,0.00,0.00
2014.12.18 14:07:18.833,12.03842,12.04101,0.00,0.00
2014.12.18 14:07:19.488,12.03842,12.04062,0.00,0.00
2014.12.18 14:07:19.606,12.03832,12.04101,0.00,0.00
2014.12.18 14:07:19.965,12.03841,12.04101,0.00,0.00
2014.12.18 14:07:20.941,12.03842,12.04101,0.00,0.00
2014.12.18 14:07:22.021,12.03842,12.04139,0.00,0.00
2014.12.18 14:07:22.122,12.03922,12.04151,0.00,0.00
2014.12.18 14:07:22.223,12.03922,12.04202,0.00,0.00
2014.12.18 14:07:22.273,12.03951,12.04202,0.00,0.00
2014.12.18 14:07:22.324,12.03951,12.04208,0.00,0.00
2014.12.18 14:07:22.425,12.03981,12.04201,0.00,0.00
2014.12.18 14:07:22.475,12.03921,12.04201,0.00,0.00
2014.12.18 14:07:24.998,12.03882,12.04151,0.00,0.00
2014.12.18 14:07:25.199,12.03901,12.04202,0.00,0.00
2014.12.18 14:07:26.029,12.03921,12.04202,0.00,0.00
2014.12.18 14:07:26.406,12.03911,12.04202,0.00,0.00
2014.12.18 14:07:27.176,12.03921,12.04202,0.00,0.00
2014.12.18 14:07:27.438,12.03912,12.04202,0.00,0.00
2014.12.18 14:07:28.188,12.03922,12.04202,0.00,0.00
2014.12.18 14:07:35.767,12.03922,12.04228,0.00,0.00
2014.12.18 14:07:35.868,12.03961,12.04252,0.00,0.00
2014.12.18 14:07:36.305,12.03972,12.04252,0.00,0.00
2014.12.18 14:07:36.875,12.03981,12.04252,0.00,0.00
2014.12.18 14:07:37.184,12.03932,12.04062,0.00,0.00
2014.12.18 14:07:37.234,12.03871,12.04062,0.00,0.00
2014.12.18 14:07:37.335,12.03781,12.04062,0.00,0.00
2014.12.18 14:07:37.550,12.03762,12.04062,0.00,0.00
2014.12.18 14:07:38.530,12.03781,12.04062,0.00,0.00
2014.12.18 14:07:38.631,12.03762,12.04062,0.00,0.00
2014.12.18 14:07:39.290,12.03882,12.0412,0.00,0.00
2014.12.18 14:07:39.341,12.03882,12.04152,0.00,0.00
2014.12.18 14:07:40.808,12.03882,12.04061,0.00,0.00
2014.12.18 14:07:40.858,12.03839,12.04061,0.00,0.00
2014.12.18 14:07:40.909,12.03781,12.04061,0.00,0.00
2014.12.18 14:07:41.160,12.03781,12.04099,0.00,0.00
2014.12.18 14:07:41.261,12.03781,12.04061,0.00,0.00
2014.12.18 14:07:44.529,12.03781,12.04099,0.00,0.00
2014.12.18 14:07:44.580,12.03832,12.04101,0.00,0.00
2014.12.18 14:07:46.021,12.03852,12.04101,0.00,0.00
2014.12.18 14:07:46.072,12.03852,12.04151,0.00,0.00
2014.12.18 14:07:46.172,12.03832,12.04125,0.00,0.00
2014.12.18 14:07:46.223,12.03801,12.04102,0.00,0.00
2014.12.18 14:07:47.057,12.03801,12.04101,0.00,0.00
2014.12.18 14:07:47.196,12.03811,12.04101,0.00,0.00
2014.12.18 14:07:49.542,12.03802,12.04101,0.00,0.00
2014.12.18 14:07:51.501,12.03762,12.04062,0.00,0.00
2014.12.18 14:07:51.817,12.03742,12.04058,0.00,0.00
2014.12.18 14:07:52.634,12.03762,12.04062,0.00,0.00
2014.12.18 14:07:55.136,12.03761,12.04062,0.00,0.00
2014.12.18 14:07:55.237,12.03761,12.04069,0.00,0.00
2014.12.18 14:07:55.388,12.03802,12.04102,0.00,0.00
2014.12.18 14:07:57.871,12.03841,12.04149,0.00,0.00
2014.12.18 14:07:58.022,12.03851,12.04151,0.00,0.00
2014.12.18 14:07:58.393,12.03909,12.04169,0.00,0.00
2014.12.18 14:07:58.545,12.03952,12.04251,0.00,0.00
2014.12.18 14:08:03.938,12.04051,12.04301,0.00,0.00
2014.12.18 14:08:04.139,12.04051,12.04341,0.00,0.00
2014.12.18 14:08:06.785,12.04091,12.04391,0.00,0.00
2014.12.18 14:08:06.885,12.04091,12.04401,0.00,0.00
2014.12.18 14:08:07.087,12.041,12.04419,0.00,0.00
2014.12.18 14:08:07.137,12.04142,12.04452,0.00,0.00
2014.12.18 14:08:09.029,12.04142,12.04451,0.00,0.00
2014.12.18 14:08:09.435,12.04092,12.04401,0.00,0.00
2014.12.18 14:08:10.537,12.04062,12.04368,0.00,0.00
2014.12.18 14:08:10.928,12.04051,12.04342,0.00,0.00
2014.12.18 14:08:10.978,12.0401,12.04318,0.00,0.00
2014.12.18 14:08:11.079,12.0389,12.04179,0.00,0.00
2014.12.18 14:08:11.180,12.03848,12.04149,0.00,0.00
2014.12.18 14:08:11.281,12.03841,12.04149,0.00,0.00
2014.12.18 14:08:11.633,12.03861,12.04169,0.00,0.00
2014.12.18 14:08:12.166,12.03862,12.04178,0.00,0.00
2014.12.18 14:08:13.266,12.03851,12.04159,0.00,0.00
2014.12.18 14:08:14.585,12.03851,12.04152,0.00,0.00
2014.12.18 14:08:14.686,12.03762,12.04078,0.00,0.00
2014.12.18 14:08:15.329,12.03762,12.04061,0.00,0.00
2014.12.18 14:08:15.380,12.03732,12.04061,0.00,0.00
2014.12.18 14:08:15.610,12.03731,12.04059,0.00,0.00
2014.12.18 14:08:15.918,12.03661,12.03989,0.00,0.00
2014.12.18 14:08:16.785,12.03661,12.03999,0.00,0.00
2014.12.18 14:08:18.764,12.03661,12.03989,0.00,0.00
2014.12.18 14:08:20.987,12.0361,12.03919,0.00,0.00
2014.12.18 14:08:21.369,12.03621,12.03929,0.00,0.00
2014.12.18 14:08:21.671,12.03541,12.03849,0.00,0.00
2014.12.18 14:08:22.043,12.03541,12.03826,0.00,0.00
2014.12.18 14:08:22.143,12.03449,12.03749,0.00,0.00
2014.12.18 14:08:22.294,12.03449,12.03719,0.00,0.00
2014.12.18 14:08:22.395,12.03401,12.03719,0.00,0.00
2014.12.18 14:08:22.546,12.03361,12.03669,0.00,0.00
2014.12.18 14:08:22.939,12.03399,12.03669,0.00,0.00
2014.12.18 14:08:23.040,12.03361,12.03651,0.00,0.00
2014.12.18 14:08:23.141,12.03311,12.03609,0.00,0.00
2014.12.18 14:08:23.397,12.03248,12.03529,0.00,0.00
2014.12.18 14:08:23.498,12.03221,12.03529,0.00,0.00
2014.12.18 14:08:23.605,12.03201,12.03509,0.00,0.00
2014.12.18 14:08:24.055,12.03248,12.03509,0.00,0.00
2014.12.18 14:08:24.209,12.03321,12.03629,0.00,0.00
2014.12.18 14:08:24.513,12.0326,12.03559,0.00,0.00
2014.12.18 14:08:24.563,12.03251,12.03559,0.00,0.00
2014.12.18 14:08:25.082,12.03231,12.03561,0.00,0.00
2014.12.18 14:08:25.393,12.03232,12.03548,0.00,0.00
2014.12.18 14:08:25.498,12.03231,12.03561,0.00,0.00
2014.12.18 14:08:26.042,12.03312,12.03601,0.00,0.00
2014.12.18 14:08:26.143,12.03312,12.03608,0.00,0.00
2014.12.18 14:08:26.373,12.03351,12.03659,0.00,0.00
2014.12.18 14:08:27.258,12.03401,12.03701,0.00,0.00
2014.12.18 14:08:27.308,12.03401,12.03719,0.00,0.00
2014.12.18 14:08:27.359,12.03432,12.03738,0.00,0.00
2014.12.18 14:08:27.566,12.03432,12.03752,0.00,0.00
2014.12.18 14:08:27.717,12.03502,12.03752,0.00,0.00
2014.12.18 14:08:27.767,12.03502,12.03818,0.00,0.00
2014.12.18 14:08:28.571,12.03502,12.03813,0.00,0.00
2014.12.18 14:08:28.879,12.03501,12.03788,0.00,0.00
2014.12.18 14:08:29.181,12.03309,12.03559,0.00,0.00
2014.12.18 14:08:29.231,12.03309,12.03608,0.00,0.00
2014.12.18 14:08:29.282,12.03302,12.03608,0.00,0.00
2014.12.18 14:08:29.332,12.03302,12.03602,0.00,0.00
2014.12.18 14:08:29.484,12.03251,12.03559,0.00,0.00
2014.12.18 14:08:29.534,12.03251,12.03557,0.00,0.00
2014.12.18 14:08:29.585,12.03211,12.03519,0.00,0.00
2014.12.18 14:08:29.635,12.03211,12.03502,0.00,0.00
2014.12.18 14:08:29.786,12.03109,12.03408,0.00,0.00
2014.12.18 14:08:29.887,12.03102,12.03341,0.00,0.00
2014.12.18 14:08:30.089,12.03102,12.03401,0.00,0.00
2014.12.18 14:08:30.189,12.03069,12.03369,0.00,0.00
2014.12.18 14:08:30.240,12.03112,12.03423,0.00,0.00
2014.12.18 14:08:30.535,12.03112,12.03448,0.00,0.00
2014.12.18 14:08:32.882,12.03121,12.03502,0.00,0.00
2014.12.18 14:08:32.932,12.03158,12.03507,0.00,0.00
2014.12.18 14:08:32.983,12.03158,12.03509,0.00,0.00
2014.12.18 14:08:33.037,12.03169,12.03509,0.00,0.00
2014.12.18 14:08:33.365,12.03212,12.03538,0.00,0.00
2014.12.18 14:08:33.878,12.03212,12.03548,0.00,0.00
2014.12.18 14:08:34.102,12.03221,12.03553,0.00,0.00
2014.12.18 14:08:34.152,12.03221,12.03569,0.00,0.00
2014.12.18 14:08:34.203,12.03232,12.03602,0.00,0.00
2014.12.18 14:08:34.253,12.03248,12.03608,0.00,0.00
2014.12.18 14:08:34.555,12.03211,12.0348,0.00,0.00
2014.12.18 14:08:34.605,12.03211,12.03519,0.00,0.00
2014.12.18 14:08:34.806,12.03211,12.03502,0.00,0.00
2014.12.18 14:08:34.907,12.03121,12.03439,0.00,0.00
2014.12.18 14:08:35.297,12.03111,12.03409,0.00,0.00
2014.12.18 14:08:35.549,12.03021,12.03339,0.00,0.00
2014.12.18 14:08:35.601,12.03011,12.03319,0.00,0.00
2014.12.18 14:08:35.903,12.03011,12.03302,0.00,0.00
2014.12.18 14:08:36.057,12.02922,12.03238,0.00,0.00
2014.12.18 14:08:36.631,12.02921,12.03239,0.00,0.00
2014.12.18 14:08:37.369,12.03191,12.03302,0.00,0.00
2014.12.18 14:08:37.470,12.03121,12.03439,0.00,0.00
2014.12.18 14:08:37.622,12.03121,12.03469,0.00,0.00
2014.12.18 14:08:38.026,12.03191,12.03499,0.00,0.00
2014.12.18 14:08:38.237,12.03221,12.03559,0.00,0.00
2014.12.18 14:08:38.802,12.03221,12.03547,0.00,0.00
2014.12.18 14:08:39.417,12.03222,12.03547,0.00,0.00
2014.12.18 14:08:39.734,12.03191,12.03499,0.00,0.00
2014.12.18 14:08:39.784,12.03131,12.03449,0.00,0.00
2014.12.18 14:08:39.885,12.03151,12.03459,0.00,0.00
2014.12.18 14:08:40.186,12.03151,12.03443,0.00,0.00
2014.12.18 14:08:40.438,12.03041,12.03348,0.00,0.00
2014.12.18 14:08:40.488,12.03041,12.03313,0.00,0.00
2014.12.18 14:08:40.589,12.03011,12.03293,0.00,0.00
2014.12.18 14:08:40.690,12.02961,12.03267,0.00,0.00
2014.12.18 14:08:40.740,12.02961,12.03251,0.00,0.00
2014.12.18 14:08:41.068,12.02912,12.03173,0.00,0.00
2014.12.18 14:08:41.118,12.02881,12.03173,0.00,0.00
2014.12.18 14:08:41.269,12.02881,12.03144,0.00,0.00
2014.12.18 14:08:41.668,12.02839,12.03072,0.00,0.00
2014.12.18 14:08:41.777,12.02842,12.03148,0.00,0.00
2014.12.18 14:08:41.888,12.02842,12.03159,0.00,0.00
2014.12.18 14:08:41.995,12.02842,12.03184,0.00,0.00
2014.12.18 14:08:42.099,12.02842,12.03162,0.00,0.00
2014.12.18 14:08:42.408,12.02911,12.03233,0.00,0.00
2014.12.18 14:08:42.459,12.02931,12.03233,0.00,0.00
2014.12.18 14:08:42.509,12.02931,12.03249,0.00,0.00
2014.12.18 14:08:42.560,12.02951,12.03259,0.00,0.00
2014.12.18 14:08:42.718,12.02951,12.03284,0.00,0.00
2014.12.18 14:08:42.987,12.02911,12.03228,0.00,0.00
2014.12.18 14:08:44.104,12.02932,12.03248,0.00,0.00
2014.12.18 14:08:44.205,12.02942,12.03254,0.00,0.00
2014.12.18 14:08:44.305,12.02951,12.03284,0.00,0.00
2014.12.18 14:08:44.527,12.02969,12.03284,0.00,0.00
2014.12.18 14:08:44.577,12.02969,12.03299,0.00,0.00
2014.12.18 14:08:44.628,12.03011,12.03308,0.00,0.00
2014.12.18 14:08:44.678,12.03011,12.03333,0.00,0.00
2014.12.18 14:08:44.806,12.03011,12.03301,0.00,0.00
2014.12.18 14:08:44.957,12.02921,12.03239,0.00,0.00
2014.12.18 14:08:45.319,12.02902,12.03169,0.00,0.00
2014.12.18 14:08:45.629,12.0275,12.02999,0.00,0.00
2014.12.18 14:08:45.680,12.02691,12.02999,0.00,0.00
2014.12.18 14:08:45.780,12.02691,12.02983,0.00,0.00
2014.12.18 14:08:46.102,12.02691,12.02959,0.00,0.00
2014.12.18 14:08:46.304,12.02612,12.02898,0.00,0.00
2014.12.18 14:08:46.354,12.02648,12.02898,0.00,0.00
2014.12.18 14:08:46.405,12.02692,12.02954,0.00,0.00
2014.12.18 14:08:46.509,12.02621,12.02939,0.00,0.00
2014.12.18 14:08:46.714,12.02592,12.02888,0.00,0.00
2014.12.18 14:08:47.021,12.02592,12.02864,0.00,0.00
2014.12.18 14:08:47.173,12.02549,12.02864,0.00,0.00
2014.12.18 14:08:47.273,12.02488,12.02833,0.00,0.00
2014.12.18 14:08:47.324,12.02488,12.02873,0.00,0.00
2014.12.18 14:08:47.573,12.02471,12.02852,0.00,0.00
2014.12.18 14:08:47.883,12.02488,12.02871,0.00,0.00
2014.12.18 14:08:48.034,12.02471,12.02851,0.00,0.00
2014.12.18 14:08:48.385,12.02471,12.02831,0.00,0.00
2014.12.18 14:08:48.837,12.02461,12.02831,0.00,0.00
2014.12.18 14:08:49.125,12.02472,12.02831,0.00,0.00
2014.12.18 14:08:49.226,12.02488,12.02868,0.00,0.00
2014.12.18 14:08:49.276,12.02488,12.02809,0.00,0.00
2014.12.18 14:08:49.377,12.02352,12.02729,0.00,0.00
2014.12.18 14:08:49.478,12.02389,12.02768,0.00,0.00
2014.12.18 14:08:49.529,12.02389,12.02751,0.00,0.00
2014.12.18 14:08:49.831,12.0241,12.02779,0.00,0.00
2014.12.18 14:08:49.885,12.02402,12.02771,0.00,0.00
2014.12.18 14:08:49.936,12.02288,12.02695,0.00,0.00
2014.12.18 14:08:49.986,12.02338,12.02695,0.00,0.00
2014.12.18 14:08:50.037,12.02372,12.02731,0.00,0.00
2014.12.18 14:08:50.114,12.02352,12.02728,0.00,0.00
2014.12.18 14:08:50.215,12.02352,12.02721,0.00,0.00
2014.12.18 14:08:50.550,12.02352,12.02701,0.00,0.00
2014.12.18 14:08:50.600,12.02352,12.0272,0.00,0.00
2014.12.18 14:08:50.690,12.02352,12.02695,0.00,0.00
2014.12.18 14:08:50.791,12.02329,12.02695,0.00,0.00
2014.12.18 14:08:50.892,12.02289,12.02676,0.00,0.00
2014.12.18 14:08:51.316,12.02281,12.02656,0.00,0.00
2014.12.18 14:08:51.628,12.02261,12.02625,0.00,0.00
2014.12.18 14:08:51.944,12.02189,12.02556,0.00,0.00
2014.12.18 14:08:51.994,12.02162,12.02461,0.00,0.00
2014.12.18 14:08:52.095,12.02151,12.02515,0.00,0.00
2014.12.18 14:08:52.294,12.02151,12.02511,0.00,0.00
2014.12.18 14:08:52.345,12.02131,12.02511,0.00,0.00
2014.12.18 14:08:52.396,12.02131,12.02462,0.00,0.00
2014.12.18 14:08:52.446,12.02071,12.02462,0.00,0.00
2014.12.18 14:08:52.497,12.02071,12.02441,0.00,0.00
2014.12.18 14:08:52.699,12.02089,12.02476,0.00,0.00
2014.12.18 14:08:53.312,12.02071,12.02435,0.00,0.00
2014.12.18 14:08:53.626,12.02088,12.02475,0.00,0.00
2014.12.18 14:08:53.727,12.02149,12.02495,0.00,0.00
2014.12.18 14:08:54.055,12.02161,12.02495,0.00,0.00
2014.12.18 14:08:54.106,12.02161,12.02515,0.00,0.00
2014.12.18 14:08:54.208,12.02162,12.02496,0.00,0.00
2014.12.18 14:08:54.341,12.02111,12.02496,0.00,0.00
2014.12.18 14:08:54.391,12.02111,12.02451,0.00,0.00
2014.12.18 14:08:54.442,12.02071,12.02451,0.00,0.00
2014.12.18 14:08:54.543,12.02071,12.02435,0.00,0.00
2014.12.18 14:08:54.867,12.02161,12.02485,0.00,0.00
2014.12.18 14:08:54.918,12.02161,12.02519,0.00,0.00
2014.12.18 14:08:55.019,12.02161,12.02521,0.00,0.00
2014.12.18 14:08:55.120,12.02161,12.02546,0.00,0.00
2014.12.18 14:08:55.171,12.02188,12.02546,0.00,0.00
2014.12.18 14:08:55.422,12.02188,12.0257,0.00,0.00
2014.12.18 14:08:55.623,12.02262,12.02591,0.00,0.00
2014.12.18 14:08:55.725,12.02242,12.02591,0.00,0.00
2014.12.18 14:08:55.826,12.02242,12.02611,0.00,0.00
2014.12.18 14:08:55.876,12.02261,12.02611,0.00,0.00
2014.12.18 14:08:56.077,12.02189,12.02568,0.00,0.00
2014.12.18 14:08:56.128,12.02189,12.02546,0.00,0.00
2014.12.18 14:08:56.430,12.02162,12.02538,0.00,0.00
2014.12.18 14:08:56.659,12.02191,12.02551,0.00,0.00
2014.12.18 14:08:57.086,12.02261,12.02621,0.00,0.00
2014.12.18 14:08:57.787,12.02288,12.02621,0.00,0.00
2014.12.18 14:08:57.837,12.02288,12.02649,0.00,0.00
2014.12.18 14:08:57.938,12.02361,12.02695,0.00,0.00
2014.12.18 14:08:58.039,12.02361,12.02721,0.00,0.00
2014.12.18 14:08:59.029,12.02361,12.02701,0.00,0.00
2014.12.18 14:08:59.134,12.02319,12.02701,0.00,0.00
2014.12.18 14:08:59.235,12.02319,12.02671,0.00,0.00
2014.12.18 14:08:59.285,12.02291,12.02671,0.00,0.00
2014.12.18 14:08:59.436,12.02291,12.02652,0.00,0.00
2014.12.18 14:08:59.587,12.02282,12.0265,0.00,0.00
2014.12.18 14:09:00.013,12.02288,12.0265,0.00,0.00
2014.12.18 14:09:00.063,12.02288,12.0268,0.00,0.00
2014.12.18 14:09:00.114,12.02338,12.0268,0.00,0.00
2014.12.18 14:09:00.164,12.02361,12.02706,0.00,0.00
2014.12.18 14:09:00.451,12.02361,12.02702,0.00,0.00
2014.12.18 14:09:00.501,12.0232,12.02702,0.00,0.00
2014.12.18 14:09:00.552,12.02311,12.02702,0.00,0.00
2014.12.18 14:09:00.653,12.02288,12.02671,0.00,0.00
2014.12.18 14:09:01.870,12.02272,12.02652,0.00,0.00
2014.12.18 14:09:02.129,12.02288,12.0267,0.00,0.00
2014.12.18 14:09:02.283,12.0232,12.0267,0.00,0.00
2014.12.18 14:09:02.938,12.02362,12.02701,0.00,0.00
2014.12.18 14:09:03.255,12.02371,12.02721,0.00,0.00
2014.12.18 14:09:03.305,12.02428,12.02721,0.00,0.00
2014.12.18 14:09:03.456,12.02462,12.02795,0.00,0.00
2014.12.18 14:09:03.565,12.02462,12.0282,0.00,0.00
2014.12.18 14:09:04.877,12.0242,12.02769,0.00,0.00
2014.12.18 14:09:04.987,12.02388,12.02796,0.00,0.00
2014.12.18 14:09:05.037,12.02388,12.02771,0.00,0.00
2014.12.18 14:09:05.188,12.02338,12.02729,0.00,0.00
2014.12.18 14:09:05.239,12.02338,12.02696,0.00,0.00
2014.12.18 14:09:05.289,12.02288,12.02696,0.00,0.00
2014.12.18 14:09:05.340,12.02288,12.02671,0.00,0.00
2014.12.18 14:09:05.646,12.02282,12.02652,0.00,0.00
2014.12.18 14:09:06.416,12.02288,12.0265,0.00,0.00
2014.12.18 14:09:06.655,12.02288,12.02671,0.00,0.00
2014.12.18 14:09:06.705,12.02338,12.02671,0.00,0.00
2014.12.18 14:09:06.756,12.02362,12.02731,0.00,0.00
2014.12.18 14:09:06.806,12.02388,12.02731,0.00,0.00
2014.12.18 14:09:07.108,12.02422,12.0276,0.00,0.00
2014.12.18 14:09:07.545,12.02422,12.02781,0.00,0.00
2014.12.18 14:09:07.596,12.02428,12.02781,0.00,0.00
2014.12.18 14:09:07.696,12.02422,12.02781,0.00,0.00
2014.12.18 14:09:08.347,12.02428,12.02781,0.00,0.00
2014.12.18 14:09:08.447,12.02428,12.02788,0.00,0.00
2014.12.18 14:09:08.598,12.02421,12.02789,0.00,0.00
2014.12.18 14:09:08.649,12.02421,12.0277,0.00,0.00
2014.12.18 14:09:09.242,12.0247,12.0277,0.00,0.00
2014.12.18 14:09:09.548,12.02412,12.02738,0.00,0.00
2014.12.18 14:09:09.699,12.02412,12.02721,0.00,0.00
2014.12.18 14:09:10.671,12.02412,12.0265,0.00,0.00
2014.12.18 14:09:10.722,12.02369,12.02629,0.00,0.00
2014.12.18 14:09:10.772,12.02369,12.02625,0.00,0.00
2014.12.18 14:09:10.822,12.02311,12.02625,0.00,0.00
2014.12.18 14:09:11.551,12.02311,12.02552,0.00,0.00
2014.12.18 14:09:11.601,12.0227,12.02548,0.00,0.00
2014.12.18 14:09:11.652,12.02222,12.02548,0.00,0.00
2014.12.18 14:09:11.703,12.02222,12.02526,0.00,0.00
2014.12.18 14:09:11.904,12.02212,12.02526,0.00,0.00
2014.12.18 14:09:12.681,12.02169,12.02469,0.00,0.00
2014.12.18 14:09:12.735,12.02141,12.02469,0.00,0.00
2014.12.18 14:09:12.837,12.02071,12.02451,0.00,0.00
2014.12.18 14:09:12.887,12.02071,12.02431,0.00,0.00
2014.12.18 14:09:12.994,12.02062,12.02431,0.00,0.00
2014.12.18 14:09:13.186,12.02088,12.02431,0.00,0.00
2014.12.18 14:09:13.337,12.02071,12.02431,0.00,0.00
2014.12.18 14:09:14.066,12.02139,12.02431,0.00,0.00
2014.12.18 14:09:14.167,12.02161,12.02495,0.00,0.00
2014.12.18 14:09:14.268,12.02161,12.02521,0.00,0.00
2014.12.18 14:09:14.428,12.02188,12.02521,0.00,0.00
2014.12.18 14:09:14.478,12.02188,12.02556,0.00,0.00
2014.12.18 14:09:14.529,12.02171,12.02551,0.00,0.00
2014.12.18 14:09:14.731,12.02171,12.02502,0.00,0.00
2014.12.18 14:09:14.882,12.02088,12.02446,0.00,0.00
2014.12.18 14:09:14.983,12.02088,12.02426,0.00,0.00
2014.12.18 14:09:16.278,12.02088,12.02446,0.00,0.00
2014.12.18 14:09:16.378,12.02072,12.02446,0.00,0.00
2014.12.18 14:09:17.879,12.02081,12.02446,0.00,0.00
2014.12.18 14:09:18.139,12.02072,12.02446,0.00,0.00
2014.12.18 14:09:18.293,12.02082,12.02446,0.00,0.00
2014.12.18 14:09:18.956,12.02139,12.02446,0.00,0.00
2014.12.18 14:09:19.006,12.02139,12.02472,0.00,0.00
2014.12.18 14:09:19.057,12.02161,12.02472,0.00,0.00
2014.12.18 14:09:19.107,12.02161,12.02502,0.00,0.00
2014.12.18 14:09:19.208,12.02161,12.02527,0.00,0.00
2014.12.18 14:09:19.263,12.02172,12.02527,0.00,0.00
2014.12.18 14:09:19.677,12.02172,12.02501,0.00,0.00
2014.12.18 14:09:19.977,12.02089,12.02501,0.00,0.00
2014.12.18 14:09:20.028,12.02089,12.02472,0.00,0.00
2014.12.18 14:09:20.349,12.02161,12.02472,0.00,0.00
2014.12.18 14:09:20.399,12.02161,12.02497,0.00,0.00
2014.12.18 14:09:21.348,12.02189,12.02497,0.00,0.00
2014.12.18 14:09:21.399,12.02261,12.02581,0.00,0.00
2014.12.18 14:09:21.603,12.02261,12.02606,0.00,0.00
2014.12.18 14:09:21.658,12.02261,12.02602,0.00,0.00
2014.12.18 14:09:21.858,12.02202,12.02602,0.00,0.00
2014.12.18 14:09:21.908,12.02202,12.02572,0.00,0.00
2014.12.18 14:09:22.673,12.02238,12.02572,0.00,0.00
2014.12.18 14:09:22.976,12.02312,12.02612,0.00,0.00
2014.12.18 14:09:23.136,12.02122,12.02488,0.00,0.00
2014.12.18 14:09:23.188,12.02122,12.02471,0.00,0.00
2014.12.18 14:09:24.135,12.02122,12.02438,0.00,0.00
2014.12.18 14:09:24.697,12.02121,12.02451,0.00,0.00
2014.12.18 14:09:24.899,12.02121,12.02472,0.00,0.00
2014.12.18 14:09:26.323,12.02121,12.02452,0.00,0.00
2014.12.18 14:09:26.632,12.02122,12.02472,0.00,0.00
2014.12.18 14:09:26.735,12.02148,12.02488,0.00,0.00
2014.12.18 14:09:27.045,12.02211,12.02497,0.00,0.00
2014.12.18 14:09:27.405,12.02211,12.0248,0.00,0.00
2014.12.18 14:09:27.455,12.02121,12.02439,0.00,0.00
2014.12.18 14:09:29.815,12.02121,12.02402,0.00,0.00
2014.12.18 14:09:29.916,12.02021,12.02349,0.00,0.00
2014.12.18 14:09:29.967,12.02012,12.02338,0.00,0.00
2014.12.18 14:09:30.168,12.02021,12.02352,0.00,0.00
2014.12.18 14:09:30.218,12.02021,12.02349,0.00,0.00
2014.12.18 14:09:30.319,12.02038,12.02371,0.00,0.00
2014.12.18 14:09:30.420,12.02111,12.02371,0.00,0.00
2014.12.18 14:09:30.470,12.02111,12.02402,0.00,0.00
2014.12.18 14:09:30.835,12.02069,12.02339,0.00,0.00
2014.12.18 14:09:30.945,12.02021,12.02339,0.00,0.00
2014.12.18 14:09:31.374,12.02052,12.02339,0.00,0.00
2014.12.18 14:09:31.475,12.02121,12.02439,0.00,0.00
2014.12.18 14:09:31.526,12.02191,12.02472,0.00,0.00
2014.12.18 14:09:31.627,12.02101,12.02409,0.00,0.00
2014.12.18 14:09:31.828,12.02149,12.02409,0.00,0.00
2014.12.18 14:09:31.936,12.02121,12.02439,0.00,0.00
2014.12.18 14:09:32.080,12.02102,12.02408,0.00,0.00
2014.12.18 14:09:32.407,12.02191,12.02477,0.00,0.00
2014.12.18 14:09:32.507,12.02121,12.02439,0.00,0.00
2014.12.18 14:09:34.270,12.02121,12.02436,0.00,0.00
2014.12.18 14:09:35.320,12.02101,12.02407,0.00,0.00
2014.12.18 14:09:35.633,12.02121,12.02426,0.00,0.00
2014.12.18 14:09:36.041,12.02102,12.02418,0.00,0.00
2014.12.18 14:09:36.143,12.02112,12.02426,0.00,0.00
2014.12.18 14:09:36.446,12.02192,12.02497,0.00,0.00
2014.12.18 14:09:37.210,12.02192,12.02498,0.00,0.00
2014.12.18 14:09:37.260,12.02201,12.02509,0.00,0.00
2014.12.18 14:09:38.314,12.02191,12.02499,0.00,0.00
2014.12.18 14:09:44.016,12.02202,12.02499,0.00,0.00
2014.12.18 14:09:44.226,12.02302,12.02608,0.00,0.00
2014.12.18 14:09:44.276,12.02322,12.02621,0.00,0.00
2014.12.18 14:09:44.825,12.02361,12.02642,0.00,0.00
2014.12.18 14:09:45.026,12.02331,12.02639,0.00,0.00
2014.12.18 14:09:45.188,12.02331,12.02622,0.00,0.00
2014.12.18 14:09:45.561,12.02331,12.02612,0.00,0.00
2014.12.18 14:09:45.612,12.02311,12.02597,0.00,0.00
2014.12.18 14:09:45.933,12.02261,12.02589,0.00,0.00
2014.12.18 14:09:46.095,12.02261,12.02561,0.00,0.00
2014.12.18 14:09:46.196,12.02261,12.02569,0.00,0.00
2014.12.18 14:09:46.455,12.02261,12.02531,0.00,0.00
2014.12.18 14:09:46.505,12.02162,12.02488,0.00,0.00
2014.12.18 14:09:46.743,12.02162,12.02471,0.00,0.00
2014.12.18 14:09:49.128,12.02122,12.02438,0.00,0.00
2014.12.18 14:09:49.536,12.02122,12.02421,0.00,0.00
2014.12.18 14:09:49.689,12.02011,12.02339,0.00,0.00
2014.12.18 14:09:49.790,12.02022,12.02361,0.00,0.00
2014.12.18 14:09:49.841,12.02079,12.02388,0.00,0.00
2014.12.18 14:09:49.941,12.02121,12.02439,0.00,0.00
2014.12.18 14:09:50.351,12.02121,12.02421,0.00,0.00
2014.12.18 14:09:50.730,12.02121,12.02402,0.00,0.00
2014.12.18 14:09:50.781,12.02091,12.02399,0.00,0.00
2014.12.18 14:09:50.831,12.02091,12.02352,0.00,0.00
2014.12.18 14:09:50.882,12.02011,12.02319,0.00,0.00
2014.12.18 14:09:50.932,12.02011,12.02312,0.00,0.00
2014.12.18 14:09:51.279,12.02011,12.02302,0.00,0.00
2014.12.18 14:09:51.329,12.0197,12.02288,0.00,0.00
2014.12.18 14:09:51.380,12.0197,12.02271,0.00,0.00
2014.12.18 14:09:51.430,12.01922,12.02271,0.00,0.00
2014.12.18 14:09:51.574,12.01922,12.02252,0.00,0.00
2014.12.18 14:09:51.876,12.01821,12.02189,0.00,0.00
2014.12.18 14:09:54.350,12.01839,12.02189,0.00,0.00
2014.12.18 14:09:54.712,12.01921,12.02239,0.00,0.00
2014.12.18 14:09:54.966,12.01831,12.02196,0.00,0.00
2014.12.18 14:09:55.016,12.01831,12.02162,0.00,0.00
2014.12.18 14:09:55.318,12.01822,12.02152,0.00,0.00
2014.12.18 14:09:55.369,12.01822,12.02172,0.00,0.00
2014.12.18 14:09:56.023,12.01831,12.02172,0.00,0.00
2014.12.18 14:09:57.315,12.01838,12.02172,0.00,0.00
2014.12.18 14:09:57.365,12.01838,12.02197,0.00,0.00
2014.12.18 14:09:57.416,12.01831,12.02197,0.00,0.00
2014.12.18 14:09:57.466,12.01831,12.02171,0.00,0.00
2014.12.18 14:09:57.567,12.01821,12.02171,0.00,0.00
2014.12.18 14:09:57.675,12.01832,12.02171,0.00,0.00
2014.12.18 14:09:58.271,12.01832,12.02192,0.00,0.00
2014.12.18 14:09:58.371,12.01832,12.02198,0.00,0.00
2014.12.18 14:09:58.422,12.0188,12.02198,0.00,0.00
2014.12.18 14:09:58.879,12.01921,12.02237,0.00,0.00
2014.12.18 14:09:58.930,12.01911,12.02237,0.00,0.00
2014.12.18 14:09:58.980,12.01911,12.02207,0.00,0.00
2014.12.18 14:09:59.231,12.01822,12.02161,0.00,0.00
2014.12.18 14:09:59.282,12.01822,12.02186,0.00,0.00
2014.12.18 14:10:00.185,12.01822,12.02188,0.00,0.00
2014.12.18 14:10:00.291,12.01839,12.02188,0.00,0.00
2014.12.18 14:10:00.737,12.01911,12.02227,0.00,0.00
2014.12.18 14:10:01.326,12.01921,12.02227,0.00,0.00
2014.12.18 14:10:02.028,12.01938,12.02239,0.00,0.00
2014.12.18 14:10:02.230,12.02011,12.02322,0.00,0.00
2014.12.18 14:10:02.474,12.02011,12.02301,0.00,0.00
2014.12.18 14:10:02.680,12.01921,12.02239,0.00,0.00
2014.12.18 14:10:02.781,12.01922,12.02288,0.00,0.00
2014.12.18 14:10:02.832,12.01969,12.02288,0.00,0.00
2014.12.18 14:10:03.509,12.02012,12.02312,0.00,0.00
2014.12.18 14:10:04.059,12.02011,12.02312,0.00,0.00
2014.12.18 14:10:04.311,12.02011,12.02339,0.00,0.00
2014.12.18 14:10:04.411,12.02021,12.02346,0.00,0.00
2014.12.18 14:10:04.512,12.02021,12.02372,0.00,0.00
2014.12.18 14:10:06.315,12.02021,12.02389,0.00,0.00
2014.12.18 14:10:06.366,12.02039,12.02389,0.00,0.00
2014.12.18 14:10:07.438,12.02111,12.02396,0.00,0.00
2014.12.18 14:10:07.651,12.02021,12.02349,0.00,0.00
2014.12.18 14:10:07.751,12.02021,12.02341,0.00,0.00
2014.12.18 14:10:08.262,12.02022,12.02352,0.00,0.00
2014.12.18 14:10:08.312,12.0207,12.02388,0.00,0.00
2014.12.18 14:10:08.643,12.02112,12.02428,0.00,0.00
2014.12.18 14:10:09.237,12.02121,12.02429,0.00,0.00
2014.12.18 14:10:09.545,12.02162,12.02472,0.00,0.00
2014.12.18 14:10:10.369,12.02211,12.02497,0.00,0.00
2014.12.18 14:10:10.783,12.02222,12.02497,0.00,0.00
2014.12.18 14:10:10.833,12.02222,12.02522,0.00,0.00
2014.12.18 14:10:12.011,12.02321,12.02522,0.00,0.00
2014.12.18 14:10:12.061,12.02321,12.02582,0.00,0.00
2014.12.18 14:10:12.162,12.02321,12.02607,0.00,0.00
2014.12.18 14:10:12.833,12.02321,12.02603,0.00,0.00
2014.12.18 14:10:12.934,12.02321,12.02621,0.00,0.00
2014.12.18 14:10:13.036,12.02321,12.02604,0.00,0.00
2014.12.18 14:10:13.278,12.02321,12.0262,0.00,0.00
2014.12.18 14:10:13.883,12.02321,12.02603,0.00,0.00
2014.12.18 14:10:14.537,12.02362,12.02646,0.00,0.00
2014.12.18 14:10:14.638,12.02362,12.02672,0.00,0.00
2014.12.18 14:10:15.041,12.02362,12.02644,0.00,0.00
2014.12.18 14:10:16.239,12.02362,12.02661,0.00,0.00
2014.12.18 14:10:16.553,12.02362,12.02678,0.00,0.00
2014.12.18 14:10:16.603,12.02379,12.02678,0.00,0.00
2014.12.18 14:10:16.905,12.02332,12.02614,0.00,0.00
2014.12.18 14:10:17.228,12.02362,12.02636,0.00,0.00
2014.12.18 14:10:17.278,12.02322,12.02621,0.00,0.00
2014.12.18 14:10:17.379,12.02322,12.02587,0.00,0.00
2014.12.18 14:10:19.788,12.02322,12.02614,0.00,0.00
2014.12.18 14:10:20.297,12.02322,12.02569,0.00,0.00
2014.12.18 14:10:20.602,12.02361,12.02601,0.00,0.00
2014.12.18 14:10:20.702,12.02361,12.02636,0.00,0.00
2014.12.18 14:10:20.805,12.02361,12.02654,0.00,0.00
2014.12.18 14:10:21.759,12.02361,12.02671,0.00,0.00
2014.12.18 14:10:22.039,12.02279,12.02588,0.00,0.00
2014.12.18 14:10:22.140,12.02262,12.02588,0.00,0.00
2014.12.18 14:10:22.190,12.02262,12.02574,0.00,0.00
2014.12.18 14:10:22.980,12.02262,12.02554,0.00,0.00
2014.12.18 14:10:23.131,12.02222,12.02528,0.00,0.00
2014.12.18 14:10:23.897,12.02221,12.02529,0.00,0.00
2014.12.18 14:10:25.077,12.02248,12.02529,0.00,0.00
2014.12.18 14:10:25.279,12.02332,12.02638,0.00,0.00
2014.12.18 14:10:25.765,12.02372,12.02639,0.00,0.00
2014.12.18 14:10:25.815,12.02372,12.02674,0.00,0.00
2014.12.18 14:10:26.067,12.02421,12.02674,0.00,0.00
2014.12.18 14:10:26.117,12.02421,12.02725,0.00,0.00
2014.12.18 14:10:26.820,12.02421,12.02739,0.00,0.00
2014.12.18 14:10:26.871,12.02461,12.02745,0.00,0.00
2014.12.18 14:10:27.022,12.02461,12.02774,0.00,0.00
2014.12.18 14:10:27.539,12.02461,12.02779,0.00,0.00
2014.12.18 14:10:27.639,12.02531,12.02821,0.00,0.00
2014.12.18 14:10:27.690,12.02531,12.02825,0.00,0.00
2014.12.18 14:10:27.999,12.02531,12.02799,0.00,0.00
2014.12.18 14:10:28.308,12.02531,12.02744,0.00,0.00
2014.12.18 14:10:28.409,12.02421,12.02723,0.00,0.00
2014.12.18 14:10:28.614,12.02532,12.02781,0.00,0.00
2014.12.18 14:10:28.727,12.02532,12.02825,0.00,0.00
2014.12.18 14:10:29.368,12.02541,12.02825,0.00,0.00
2014.12.18 14:10:30.150,12.02561,12.0285,0.00,0.00
2014.12.18 14:10:30.251,12.02621,12.0286,0.00,0.00
2014.12.18 14:10:30.402,12.02561,12.0286,0.00,0.00
2014.12.18 14:10:30.452,12.02561,12.02835,0.00,0.00
2014.12.18 14:10:31.278,12.02531,12.02835,0.00,0.00
2014.12.18 14:10:31.329,12.02531,12.02785,0.00,0.00
2014.12.18 14:10:31.669,12.02531,12.02752,0.00,0.00
2014.12.18 14:10:31.719,12.02432,12.02738,0.00,0.00
2014.12.18 14:10:31.870,12.02432,12.02705,0.00,0.00
2014.12.18 14:10:32.226,12.02421,12.02705,0.00,0.00
2014.12.18 14:10:32.447,12.02421,12.02702,0.00,0.00
2014.12.18 14:10:32.599,12.02332,12.02638,0.00,0.00
2014.12.18 14:10:32.649,12.02332,12.02597,0.00,0.00
2014.12.18 14:10:33.253,12.02332,12.02598,0.00,0.00
2014.12.18 14:10:33.424,12.02332,12.02624,0.00,0.00
2014.12.18 14:10:33.725,12.02332,12.02638,0.00,0.00
2014.12.18 14:10:34.206,12.02361,12.0265,0.00,0.00
2014.12.18 14:10:34.570,12.02422,12.02689,0.00,0.00
2014.12.18 14:10:34.671,12.02422,12.02709,0.00,0.00
2014.12.18 14:10:35.233,12.02422,12.0269,0.00,0.00
2014.12.18 14:10:35.334,12.02362,12.02655,0.00,0.00
2014.12.18 14:10:35.456,12.02331,12.02639,0.00,0.00
2014.12.18 14:10:35.747,12.02379,12.02639,0.00,0.00
2014.12.18 14:10:35.951,12.02421,12.02704,0.00,0.00
2014.12.18 14:10:36.259,12.02421,12.02725,0.00,0.00
2014.12.18 14:10:37.983,12.02531,12.02781,0.00,0.00
2014.12.18 14:10:38.034,12.02531,12.02801,0.00,0.00
2014.12.18 14:10:38.137,12.0249,12.02779,0.00,0.00
2014.12.18 14:10:38.187,12.02531,12.02811,0.00,0.00
2014.12.18 14:10:38.297,12.02461,12.02779,0.00,0.00
2014.12.18 14:10:38.347,12.02461,12.02776,0.00,0.00
2014.12.18 14:10:39.675,12.02461,12.02779,0.00,0.00
2014.12.18 14:10:39.725,12.02532,12.0282,0.00,0.00
2014.12.18 14:10:39.776,12.02532,12.02825,0.00,0.00
2014.12.18 14:10:41.091,12.02532,12.02809,0.00,0.00
2014.12.18 14:10:42.049,12.02532,12.02825,0.00,0.00
2014.12.18 14:10:42.150,12.02621,12.02861,0.00,0.00
2014.12.18 14:10:42.251,12.02542,12.02841,0.00,0.00
2014.12.18 14:10:42.352,12.02542,12.02824,0.00,0.00
2014.12.18 14:10:42.587,12.02561,12.0285,0.00,0.00
2014.12.18 14:10:42.688,12.02561,12.02876,0.00,0.00
2014.12.18 14:10:42.889,12.02561,12.02856,0.00,0.00
2014.12.18 14:10:42.990,12.02561,12.02876,0.00,0.00
2014.12.18 14:10:43.117,12.02561,12.02851,0.00,0.00
2014.12.18 14:10:43.268,12.02531,12.02824,0.00,0.00
2014.12.18 14:10:44.272,12.02579,12.02839,0.00,0.00
2014.12.18 14:10:44.372,12.02538,12.02839,0.00,0.00
2014.12.18 14:10:44.473,12.02562,12.02876,0.00,0.00
2014.12.18 14:10:44.672,12.02631,12.0292,0.00,0.00
2014.12.18 14:10:44.723,12.02631,12.02939,0.00,0.00
2014.12.18 14:10:45.346,12.02661,12.02955,0.00,0.00
2014.12.18 14:10:45.652,12.02722,12.02952,0.00,0.00
2014.12.18 14:10:45.702,12.02631,12.02931,0.00,0.00
2014.12.18 14:10:46.065,12.02631,12.02939,0.00,0.00
2014.12.18 14:10:47.299,12.02631,12.02934,0.00,0.00
2014.12.18 14:10:47.610,12.02488,12.02739,0.00,0.00
2014.12.18 14:10:47.661,12.02421,12.02739,0.00,0.00
2014.12.18 14:10:47.761,12.02421,12.02701,0.00,0.00
2014.12.18 14:10:48.078,12.02421,12.02662,0.00,0.00
2014.12.18 14:10:48.128,12.02332,12.02638,0.00,0.00
2014.12.18 14:10:48.572,12.02332,12.02625,0.00,0.00
2014.12.18 14:10:48.673,12.02321,12.02625,0.00,0.00
2014.12.18 14:10:49.612,12.02321,12.02571,0.00,0.00
2014.12.18 14:10:49.663,12.02221,12.02529,0.00,0.00
2014.12.18 14:10:49.864,12.02242,12.02548,0.00,0.00
2014.12.18 14:10:50.228,12.02242,12.02534,0.00,0.00
2014.12.18 14:10:51.204,12.02262,12.0255,0.00,0.00
2014.12.18 14:10:51.304,12.02262,12.02576,0.00,0.00
2014.12.18 14:10:51.858,12.02321,12.02576,0.00,0.00
2014.12.18 14:10:51.959,12.02261,12.02576,0.00,0.00
2014.12.18 14:10:53.479,12.02261,12.02561,0.00,0.00
2014.12.18 14:10:53.580,12.02211,12.02529,0.00,0.00
2014.12.18 14:10:53.631,12.02211,12.02526,0.00,0.00
2014.12.18 14:10:54.687,12.0217,12.02489,0.00,0.00
2014.12.18 14:10:54.787,12.02161,12.02489,0.00,0.00
2014.12.18 14:10:56.243,12.02131,12.02439,0.00,0.00
2014.12.18 14:10:56.753,12.02131,12.02438,0.00,0.00
2014.12.18 14:10:56.803,12.02121,12.02429,0.00,0.00
2014.12.18 14:10:56.914,12.02211,12.02438,0.00,0.00
2014.12.18 14:10:56.965,12.02211,12.02491,0.00,0.00
2014.12.18 14:10:57.065,12.02211,12.02526,0.00,0.00
2014.12.18 14:10:57.907,12.02262,12.02526,0.00,0.00
2014.12.18 14:10:57.958,12.02262,12.0255,0.00,0.00
2014.12.18 14:10:58.059,12.02262,12.02575,0.00,0.00
2014.12.18 14:10:58.760,12.02262,12.02555,0.00,0.00
2014.12.18 14:10:59.168,12.02262,12.02576,0.00,0.00
2014.12.18 14:10:59.469,12.02262,12.02551,0.00,0.00
2014.12.18 14:10:59.520,12.02241,12.02549,0.00,0.00
2014.12.18 14:10:59.636,12.02261,12.02551,0.00,0.00
2014.12.18 14:10:59.871,12.02261,12.02575,0.00,0.00
2014.12.18 14:10:59.972,12.02241,12.02546,0.00,0.00
2014.12.18 14:11:00.275,12.02241,12.02491,0.00,0.00
2014.12.18 14:11:00.325,12.02131,12.02439,0.00,0.00
2014.12.18 14:11:00.426,12.02131,12.02365,0.00,0.00
2014.12.18 14:11:00.527,12.02021,12.02339,0.00,0.00
2014.12.18 14:11:00.728,12.02021,12.02321,0.00,0.00
2014.12.18 14:11:03.143,12.02021,12.02339,0.00,0.00
2014.12.18 14:11:03.193,12.02121,12.02401,0.00,0.00
2014.12.18 14:11:03.294,12.02162,12.02451,0.00,0.00
2014.12.18 14:11:03.445,12.02162,12.02475,0.00,0.00
2014.12.18 14:11:04.328,12.02162,12.02488,0.00,0.00
2014.12.18 14:11:04.379,12.02221,12.02525,0.00,0.00
2014.12.18 14:11:04.811,12.02241,12.02546,0.00,0.00
2014.12.18 14:11:05.927,12.0228,12.02549,0.00,0.00
2014.12.18 14:11:06.028,12.02322,12.02626,0.00,0.00
2014.12.18 14:11:15.502,12.02331,12.02639,0.00,0.00
2014.12.18 14:11:15.805,12.02322,12.02628,0.00,0.00
2014.12.18 14:11:17.047,12.02322,12.02627,0.00,0.00
2014.12.18 14:11:17.348,12.02241,12.02549,0.00,0.00
2014.12.18 14:11:17.555,12.02221,12.02529,0.00,0.00
2014.12.18 14:11:17.864,12.02121,12.02429,0.00,0.00
2014.12.18 14:11:18.869,12.02121,12.02412,0.00,0.00
2014.12.18 14:11:19.020,12.02031,12.02339,0.00,0.00
2014.12.18 14:11:19.070,12.02031,12.02337,0.00,0.00
2014.12.18 14:11:20.847,12.02131,12.02402,0.00,0.00
2014.12.18 14:11:21.012,12.02131,12.02427,0.00,0.00
2014.12.18 14:11:21.227,12.02162,12.02451,0.00,0.00
2014.12.18 14:11:21.328,12.02162,12.02487,0.00,0.00
2014.12.18 14:11:21.396,12.02162,12.02452,0.00,0.00
2014.12.18 14:11:21.547,12.02121,12.02429,0.00,0.00
2014.12.18 14:11:21.598,12.02121,12.02427,0.00,0.00
2014.12.18 14:11:23.414,12.02172,12.02447,0.00,0.00
2014.12.18 14:11:23.631,12.02172,12.02476,0.00,0.00
2014.12.18 14:11:23.939,12.02162,12.02476,0.00,0.00
2014.12.18 14:11:24.402,12.02131,12.02439,0.00,0.00
2014.12.18 14:11:24.820,12.02131,12.02432,0.00,0.00
2014.12.18 14:11:24.974,12.02122,12.02428,0.00,0.00
2014.12.18 14:11:27.364,12.02079,12.02379,0.00,0.00
2014.12.18 14:11:27.414,12.02071,12.02379,0.00,0.00
2014.12.18 14:11:27.565,12.02071,12.02377,0.00,0.00
2014.12.18 14:11:27.953,12.02122,12.02427,0.00,0.00
2014.12.18 14:11:31.667,12.0208,12.02378,0.00,0.00
2014.12.18 14:11:31.717,12.02072,12.02378,0.00,0.00
2014.12.18 14:11:32.236,12.02072,12.02356,0.00,0.00
2014.12.18 14:11:32.337,12.02031,12.02339,0.00,0.00
2014.12.18 14:11:32.767,12.02061,12.02356,0.00,0.00
2014.12.18 14:11:32.868,12.02061,12.02377,0.00,0.00
2014.12.18 14:11:33.286,12.02071,12.02377,0.00,0.00
2014.12.18 14:11:34.068,12.02031,12.02339,0.00,0.00
2014.12.18 14:11:34.275,12.02042,12.02348,0.00,0.00
2014.12.18 14:11:35.477,12.02042,12.02336,0.00,0.00
2014.12.18 14:11:35.528,12.02031,12.02336,0.00,0.00
2014.12.18 14:11:36.035,12.02021,12.02336,0.00,0.00
2014.12.18 14:11:36.256,12.02042,12.02336,0.00,0.00
2014.12.18 14:11:36.356,12.02042,12.02348,0.00,0.00
2014.12.18 14:11:36.407,12.02121,12.02402,0.00,0.00
2014.12.18 14:11:36.458,12.02121,12.02426,0.00,0.00
2014.12.18 14:11:38.166,12.02171,12.02452,0.00,0.00
2014.12.18 14:11:38.267,12.02171,12.02477,0.00,0.00
2014.12.18 14:11:38.693,12.02212,12.02497,0.00,0.00
2014.12.18 14:11:38.898,12.02182,12.02476,0.00,0.00
2014.12.18 14:11:39.001,12.02182,12.02452,0.00,0.00
2014.12.18 14:11:39.051,12.0214,12.02438,0.00,0.00
2014.12.18 14:11:39.102,12.02132,12.02437,0.00,0.00
2014.12.18 14:11:39.376,12.02071,12.02377,0.00,0.00
2014.12.18 14:11:40.765,12.02042,12.02348,0.00,0.00
2014.12.18 14:11:44.537,12.02121,12.02401,0.00,0.00
2014.12.18 14:11:44.593,12.02121,12.02429,0.00,0.00
2014.12.18 14:11:44.644,12.02181,12.02452,0.00,0.00
2014.12.18 14:11:44.795,12.02181,12.02476,0.00,0.00
2014.12.18 14:11:47.859,12.02181,12.02489,0.00,0.00
2014.12.18 14:11:47.960,12.02222,12.02502,0.00,0.00
2014.12.18 14:11:48.261,12.02131,12.02436,0.00,0.00
2014.12.18 14:11:48.723,12.02139,12.02436,0.00,0.00
2014.12.18 14:11:48.824,12.02181,12.02489,0.00,0.00
2014.12.18 14:11:48.925,12.02221,12.02502,0.00,0.00
2014.12.18 14:11:50.327,12.02221,12.02452,0.00,0.00
2014.12.18 14:11:50.478,12.02131,12.02439,0.00,0.00
2014.12.18 14:11:50.528,12.02131,12.02406,0.00,0.00
2014.12.18 14:11:51.326,12.02122,12.02406,0.00,0.00
2014.12.18 14:11:51.430,12.02122,12.02401,0.00,0.00
2014.12.18 14:11:51.480,12.0208,12.02379,0.00,0.00
2014.12.18 14:11:51.597,12.02071,12.02379,0.00,0.00
2014.12.18 14:11:52.194,12.02071,12.02378,0.00,0.00
2014.12.18 14:11:52.868,12.02131,12.0242,0.00,0.00
2014.12.18 14:11:52.918,12.02131,12.02427,0.00,0.00
2014.12.18 14:11:52.969,12.02131,12.02439,0.00,0.00
2014.12.18 14:11:53.475,12.02131,12.02426,0.00,0.00
2014.12.18 14:11:53.576,12.02039,12.02339,0.00,0.00
2014.12.18 14:11:53.678,12.02031,12.02313,0.00,0.00
2014.12.18 14:11:54.067,12.02031,12.02251,0.00,0.00
2014.12.18 14:11:54.231,12.01989,12.02239,0.00,0.00
2014.12.18 14:11:54.282,12.01931,12.02228,0.00,0.00
2014.12.18 14:11:54.483,12.01931,12.02198,0.00,0.00
2014.12.18 14:11:54.584,12.01831,12.02139,0.00,0.00
2014.12.18 14:11:55.276,12.01831,12.02138,0.00,0.00
2014.12.18 14:11:55.501,12.01831,12.02102,0.00,0.00
2014.12.18 14:11:55.551,12.01781,12.02089,0.00,0.00
2014.12.18 14:11:55.602,12.01781,12.02052,0.00,0.00
2014.12.18 14:11:55.703,12.01822,12.02108,0.00,0.00
2014.12.18 14:11:56.097,12.01711,12.02049,0.00,0.00
2014.12.18 14:11:56.298,12.01681,12.01989,0.00,0.00
2014.12.18 14:11:56.600,12.01782,12.02078,0.00,0.00
2014.12.18 14:11:56.851,12.01741,12.02059,0.00,0.00
2014.12.18 14:11:56.902,12.01741,12.02057,0.00,0.00
2014.12.18 14:11:57.296,12.01721,12.02029,0.00,0.00
2014.12.18 14:11:57.497,12.01639,12.01951,0.00,0.00
2014.12.18 14:11:57.548,12.01632,12.01951,0.00,0.00
2014.12.18 14:11:57.699,12.01658,12.01952,0.00,0.00
2014.12.18 14:11:58.247,12.01758,12.01952,0.00,0.00
2014.12.18 14:11:58.297,12.01758,12.01997,0.00,0.00
2014.12.18 14:11:58.398,12.01758,12.02021,0.00,0.00
2014.12.18 14:11:58.513,12.01859,12.02071,0.00,0.00
2014.12.18 14:11:58.613,12.01859,12.02141,0.00,0.00
2014.12.18 14:11:58.936,12.01821,12.02141,0.00,0.00
2014.12.18 14:11:58.986,12.01821,12.02119,0.00,0.00
2014.12.18 14:11:59.037,12.01808,12.02119,0.00,0.00
2014.12.18 14:11:59.087,12.01808,12.02094,0.00,0.00
2014.12.18 14:11:59.566,12.01771,12.02094,0.00,0.00
2014.12.18 14:11:59.617,12.01759,12.02074,0.00,0.00
2014.12.18 14:12:00.152,12.01808,12.02074,0.00,0.00
2014.12.18 14:12:00.202,12.01808,12.02119,0.00,0.00
2014.12.18 14:12:00.253,12.01858,12.02128,0.00,0.00
2014.12.18 14:12:00.782,12.01822,12.02043,0.00,0.00
2014.12.18 14:12:00.915,12.01759,12.02015,0.00,0.00
2014.12.18 14:12:01.221,12.01808,12.02035,0.00,0.00
2014.12.18 14:12:01.322,12.01821,12.02105,0.00,0.00
2014.12.18 14:12:01.373,12.01859,12.02105,0.00,0.00
2014.12.18 14:12:01.423,12.01859,12.0213,0.00,0.00
2014.12.18 14:12:01.586,12.01859,12.02089,0.00,0.00
2014.12.18 14:12:01.686,12.01809,12.02089,0.00,0.00
2014.12.18 14:12:01.787,12.01809,12.02025,0.00,0.00
2014.12.18 14:12:01.888,12.01758,12.02025,0.00,0.00
2014.12.18 14:12:02.413,12.01758,12.02049,0.00,0.00
2014.12.18 14:12:02.603,12.01758,12.02025,0.00,0.00
2014.12.18 14:12:03.029,12.01758,12.02022,0.00,0.00
2014.12.18 14:12:03.528,12.01809,12.02005,0.00,0.00
2014.12.18 14:12:03.628,12.01809,12.02069,0.00,0.00
2014.12.18 14:12:03.679,12.01859,12.02076,0.00,0.00
2014.12.18 14:12:03.729,12.01859,12.02101,0.00,0.00
2014.12.18 14:12:03.835,12.01859,12.02122,0.00,0.00
2014.12.18 14:12:03.885,12.01909,12.02122,0.00,0.00
2014.12.18 14:12:03.936,12.01909,12.02152,0.00,0.00
2014.12.18 14:12:04.036,12.01871,12.02152,0.00,0.00
2014.12.18 14:12:04.087,12.01858,12.02152,0.00,0.00
2014.12.18 14:12:04.138,12.01858,12.02124,0.00,0.00
2014.12.18 14:12:04.529,12.01858,12.0211,0.00,0.00
2014.12.18 14:12:04.591,12.01858,12.02142,0.00,0.00
2014.12.18 14:12:04.792,12.01858,12.02114,0.00,0.00
2014.12.18 14:12:05.393,12.01858,12.02137,0.00,0.00
2014.12.18 14:12:06.171,12.01809,12.02085,0.00,0.00
2014.12.18 14:12:06.327,12.01809,12.02054,0.00,0.00
2014.12.18 14:12:07.144,12.01809,12.02073,0.00,0.00
2014.12.18 14:12:07.697,12.01821,12.02073,0.00,0.00
2014.12.18 14:12:07.848,12.01859,12.0213,0.00,0.00
2014.12.18 14:12:08.199,12.01859,12.02115,0.00,0.00
2014.12.18 14:12:08.600,12.01859,12.02143,0.00,0.00
2014.12.18 14:12:08.701,12.01859,12.02141,0.00,0.00
2014.12.18 14:12:09.052,12.01859,12.02087,0.00,0.00
2014.12.18 14:12:09.306,12.01859,12.02106,0.00,0.00
2014.12.18 14:12:09.603,12.01859,12.02124,0.00,0.00
2014.12.18 14:12:10.223,12.01859,12.02144,0.00,0.00
2014.12.18 14:12:10.585,12.01859,12.02118,0.00,0.00
2014.12.18 14:12:10.704,12.01859,12.02135,0.00,0.00
2014.12.18 14:12:10.933,12.01908,12.02148,0.00,0.00
2014.12.18 14:12:11.034,12.01872,12.02165,0.00,0.00
2014.12.18 14:12:11.135,12.01872,12.02194,0.00,0.00
2014.12.18 14:12:11.747,12.01872,12.02169,0.00,0.00
2014.12.18 14:12:12.007,12.01872,12.02186,0.00,0.00
2014.12.18 14:12:12.208,12.01872,12.02169,0.00,0.00
2014.12.18 14:12:12.515,12.01861,12.02148,0.00,0.00
2014.12.18 14:12:12.861,12.01859,12.02119,0.00,0.00
2014.12.18 14:12:13.010,12.01859,12.02137,0.00,0.00
2014.12.18 14:12:13.211,12.01859,12.02133,0.00,0.00
2014.12.18 14:12:13.312,12.01859,12.02159,0.00,0.00
2014.12.18 14:12:13.362,12.01908,12.02159,0.00,0.00
2014.12.18 14:12:13.463,12.01908,12.02164,0.00,0.00
2014.12.18 14:12:13.514,12.01908,12.02195,0.00,0.00
2014.12.18 14:12:14.627,12.01908,12.02126,0.00,0.00
2014.12.18 14:12:14.678,12.01858,12.02126,0.00,0.00
2014.12.18 14:12:14.728,12.01858,12.02069,0.00,0.00
2014.12.18 14:12:14.779,12.01812,12.02069,0.00,0.00
2014.12.18 14:12:14.880,12.01808,12.02069,0.00,0.00
2014.12.18 14:12:14.980,12.01782,12.02069,0.00,0.00
2014.12.18 14:12:15.031,12.01782,12.02095,0.00,0.00
2014.12.18 14:12:15.081,12.01858,12.02095,0.00,0.00
2014.12.18 14:12:15.132,12.01858,12.02118,0.00,0.00
2014.12.18 14:12:15.183,12.01858,12.02148,0.00,0.00
2014.12.18 14:12:15.284,12.01861,12.02149,0.00,0.00
2014.12.18 14:12:15.606,12.01908,12.02149,0.00,0.00
2014.12.18 14:12:15.657,12.01858,12.02127,0.00,0.00
2014.12.18 14:12:15.758,12.01822,12.02127,0.00,0.00
2014.12.18 14:12:15.859,12.01809,12.02107,0.00,0.00
2014.12.18 14:12:16.252,12.01809,12.02086,0.00,0.00
2014.12.18 14:12:20.626,12.01809,12.02109,0.00,0.00
2014.12.18 14:12:21.056,12.01858,12.02119,0.00,0.00
2014.12.18 14:12:21.257,12.01909,12.02211,0.00,0.00
2014.12.18 14:12:21.358,12.01881,12.02214,0.00,0.00
2014.12.18 14:12:21.459,12.01871,12.02214,0.00,0.00
2014.12.18 14:12:21.655,12.01871,12.02219,0.00,0.00
2014.12.18 14:12:21.705,12.01959,12.02243,0.00,0.00
2014.12.18 14:12:21.756,12.01959,12.02248,0.00,0.00
2014.12.18 14:12:22.325,12.01962,12.02268,0.00,0.00
2014.12.18 14:12:23.131,12.02008,12.02289,0.00,0.00
2014.12.18 14:12:23.232,12.02008,12.02294,0.00,0.00
2014.12.18 14:12:23.333,12.02008,12.02318,0.00,0.00
2014.12.18 14:12:23.484,12.02049,12.02318,0.00,0.00
2014.12.18 14:12:23.584,12.01981,12.02277,0.00,0.00
2014.12.18 14:12:24.428,12.02008,12.02277,0.00,0.00
2014.12.18 14:12:24.478,12.02008,12.02289,0.00,0.00
2014.12.18 14:12:24.529,12.02008,12.02299,0.00,0.00
2014.12.18 14:12:24.684,12.02008,12.02319,0.00,0.00
2014.12.18 14:12:27.242,12.02008,12.02293,0.00,0.00
2014.12.18 14:12:27.292,12.01971,12.02293,0.00,0.00
2014.12.18 14:12:27.342,12.01971,12.02276,0.00,0.00
2014.12.18 14:12:27.689,12.01971,12.02279,0.00,0.00
2014.12.18 14:12:27.739,12.02048,12.02338,0.00,0.00
2014.12.18 14:12:28.496,12.02048,12.02318,0.00,0.00
2014.12.18 14:12:28.546,12.02008,12.02317,0.00,0.00
2014.12.18 14:12:28.647,12.02008,12.023,0.00,0.00
2014.12.18 14:12:29.265,12.02049,12.023,0.00,0.00
2014.12.18 14:12:29.366,12.02049,12.02339,0.00,0.00
2014.12.18 14:12:30.250,12.02049,12.02338,0.00,0.00
2014.12.18 14:12:31.803,12.02099,12.02338,0.00,0.00
2014.12.18 14:12:31.904,12.02121,12.02439,0.00,0.00
2014.12.18 14:12:31.954,12.02159,12.02439,0.00,0.00
2014.12.18 14:12:32.665,12.02161,12.02469,0.00,0.00
2014.12.18 14:12:32.716,12.02258,12.02469,0.00,0.00
2014.12.18 14:12:32.816,12.02271,12.02574,0.00,0.00
2014.12.18 14:12:32.885,12.02258,12.02549,0.00,0.00
2014.12.18 14:12:32.995,12.02271,12.02574,0.00,0.00
2014.12.18 14:12:35.195,12.02321,12.02649,0.00,0.00
2014.12.18 14:12:35.346,12.02361,12.02669,0.00,0.00
2014.12.18 14:12:36.096,12.02382,12.02673,0.00,0.00
2014.12.18 14:12:36.566,12.02382,12.02655,0.00,0.00
2014.12.18 14:12:37.075,12.02372,12.02655,0.00,0.00
2014.12.18 14:12:38.604,12.02358,12.02655,0.00,0.00
2014.12.18 14:12:38.866,12.02358,12.02648,0.00,0.00
2014.12.18 14:12:39.172,12.02381,12.02679,0.00,0.00
2014.12.18 14:12:39.671,12.02381,12.02661,0.00,0.00
2014.12.18 14:12:39.722,12.02358,12.02649,0.00,0.00
2014.12.18 14:12:40.056,12.02431,12.02691,0.00,0.00
2014.12.18 14:12:40.107,12.02431,12.02712,0.00,0.00
2014.12.18 14:12:40.208,12.02431,12.02728,0.00,0.00
2014.12.18 14:12:40.309,12.02459,12.02729,0.00,0.00
2014.12.18 14:12:40.510,12.02408,12.0269,0.00,0.00
2014.12.18 14:12:40.897,12.02408,12.02642,0.00,0.00
2014.12.18 14:12:40.948,12.02359,12.02642,0.00,0.00
2014.12.18 14:12:41.148,12.02331,12.02642,0.00,0.00
2014.12.18 14:12:41.198,12.02331,12.02617,0.00,0.00
2014.12.18 14:12:41.249,12.02308,12.02608,0.00,0.00
2014.12.18 14:12:41.299,12.02308,12.0259,0.00,0.00
2014.12.18 14:12:41.932,12.02359,12.02609,0.00,0.00
2014.12.18 14:12:42.033,12.02308,12.02609,0.00,0.00
2014.12.18 14:12:42.083,12.02308,12.02588,0.00,0.00
2014.12.18 14:12:42.386,12.02282,12.02553,0.00,0.00
2014.12.18 14:12:42.742,12.02259,12.02528,0.00,0.00
2014.12.18 14:12:42.943,12.02309,12.02589,0.00,0.00
2014.12.18 14:12:43.044,12.02281,12.02589,0.00,0.00
2014.12.18 14:12:43.095,12.02281,12.02542,0.00,0.00
2014.12.18 14:12:43.145,12.02259,12.02529,0.00,0.00
2014.12.18 14:12:43.246,12.02259,12.02542,0.00,0.00
2014.12.18 14:12:43.790,12.02259,12.02549,0.00,0.00
2014.12.18 14:12:44.387,12.02358,12.02625,0.00,0.00
2014.12.18 14:12:44.438,12.02358,12.02629,0.00,0.00
2014.12.18 14:12:46.085,12.02358,12.02528,0.00,0.00
2014.12.18 14:12:46.135,12.02258,12.02528,0.00,0.00
2014.12.18 14:12:46.805,12.02222,12.02528,0.00,0.00
2014.12.18 14:12:46.855,12.02208,12.02488,0.00,0.00
2014.12.18 14:12:48.988,12.02159,12.02428,0.00,0.00
2014.12.18 14:12:50.510,12.02258,12.02458,0.00,0.00
2014.12.18 14:12:50.611,12.02258,12.02528,0.00,0.00
2014.12.18 14:12:51.616,12.02209,12.02488,0.00,0.00
2014.12.18 14:12:51.716,12.02259,12.02525,0.00,0.00
2014.12.18 14:12:51.767,12.02259,12.02529,0.00,0.00
2014.12.18 14:12:55.545,12.02322,12.02628,0.00,0.00
2014.12.18 14:12:55.696,12.02358,12.02628,0.00,0.00
2014.12.18 14:12:56.534,12.02358,12.02639,0.00,0.00
2014.12.18 14:12:57.022,12.02408,12.02638,0.00,0.00
2014.12.18 14:12:57.123,12.02458,12.02739,0.00,0.00
2014.12.18 14:12:57.560,12.02431,12.02739,0.00,0.00
2014.12.18 14:12:57.610,12.02431,12.02691,0.00,0.00
2014.12.18 14:12:57.711,12.02458,12.02739,0.00,0.00
2014.12.18 14:12:58.514,12.02458,12.02749,0.00,0.00
2014.12.18 14:13:00.217,12.02509,12.02749,0.00,0.00
2014.12.18 14:13:00.317,12.02548,12.02839,0.00,0.00
2014.12.18 14:13:00.827,12.02548,12.02779,0.00,0.00
2014.12.18 14:13:00.877,12.02508,12.02779,0.00,0.00
2014.12.18 14:13:01.154,12.02508,12.02788,0.00,0.00
2014.12.18 14:13:02.255,12.02508,12.02779,0.00,0.00
2014.12.18 14:13:02.425,12.02458,12.02758,0.00,0.00
2014.12.18 14:13:02.930,12.02508,12.02778,0.00,0.00
2014.12.18 14:13:04.344,12.02521,12.0282,0.00,0.00
2014.12.18 14:13:04.395,12.02549,12.02822,0.00,0.00
2014.12.18 14:13:04.445,12.02549,12.02829,0.00,0.00
2014.12.18 14:13:05.884,12.02549,12.02838,0.00,0.00
2014.12.18 14:13:06.262,12.02549,12.02859,0.00,0.00
2014.12.18 14:13:06.918,12.02541,12.02859,0.00,0.00
2014.12.18 14:13:07.019,12.02549,12.02859,0.00,0.00
2014.12.18 14:13:08.855,12.02549,12.02858,0.00,0.00
2014.12.18 14:13:10.175,12.02549,12.02838,0.00,0.00
2014.12.18 14:13:10.506,12.02549,12.02759,0.00,0.00
2014.12.18 14:13:10.556,12.02508,12.02759,0.00,0.00
2014.12.18 14:13:10.657,12.02459,12.02759,0.00,0.00
2014.12.18 14:13:10.882,12.02459,12.02739,0.00,0.00
2014.12.18 14:13:12.207,12.02432,12.02738,0.00,0.00
2014.12.18 14:13:12.307,12.02409,12.02689,0.00,0.00
2014.12.18 14:13:14.278,12.02458,12.02739,0.00,0.00
2014.12.18 14:13:15.157,12.02531,12.02799,0.00,0.00
2014.12.18 14:13:15.208,12.02531,12.02839,0.00,0.00
2014.12.18 14:13:15.258,12.02549,12.02848,0.00,0.00
2014.12.18 14:13:15.308,12.02549,12.02859,0.00,0.00
2014.12.18 14:13:16.115,12.02549,12.02858,0.00,0.00
2014.12.18 14:13:17.655,12.02549,12.02859,0.00,0.00
2014.12.18 14:13:21.835,12.02549,12.02858,0.00,0.00
2014.12.18 14:13:23.704,12.02549,12.02859,0.00,0.00
2014.12.18 14:13:23.859,12.02508,12.02758,0.00,0.00
2014.12.18 14:13:23.960,12.02458,12.02758,0.00,0.00
2014.12.18 14:13:25.855,12.02508,12.02758,0.00,0.00
2014.12.18 14:13:25.905,12.02521,12.028,0.00,0.00
2014.12.18 14:13:25.956,12.02549,12.028,0.00,0.00
2014.12.18 14:13:26.011,12.02549,12.02829,0.00,0.00
2014.12.18 14:13:26.368,12.02549,12.02839,0.00,0.00
2014.12.18 14:13:27.033,12.02598,12.02858,0.00,0.00
2014.12.18 14:13:27.184,12.02668,12.02939,0.00,0.00
2014.12.18 14:13:27.702,12.02668,12.02958,0.00,0.00
2014.12.18 14:13:29.760,12.02668,12.02939,0.00,0.00
2014.12.18 14:13:35.144,12.02668,12.02958,0.00,0.00
2014.12.18 14:13:35.717,12.02668,12.02939,0.00,0.00
2014.12.18 14:13:36.294,12.02668,12.02959,0.00,0.00
2014.12.18 14:13:38.053,12.02822,12.03101,0.00,0.00
2014.12.18 14:13:38.104,12.02822,12.03148,0.00,0.00
2014.12.18 14:13:38.154,12.02858,12.03148,0.00,0.00
2014.12.18 14:13:39.993,12.02822,12.03148,0.00,0.00
2014.12.18 14:13:40.044,12.02808,12.03129,0.00,0.00
2014.12.18 14:13:40.512,12.02758,12.03059,0.00,0.00
2014.12.18 14:13:42.428,12.027,12.03019,0.00,0.00
2014.12.18 14:13:42.529,12.02681,12.03019,0.00,0.00
2014.12.18 14:13:42.634,12.02708,12.03019,0.00,0.00
2014.12.18 14:13:43.413,12.02708,12.03023,0.00,0.00
2014.12.18 14:13:45.296,12.02858,12.03023,0.00,0.00
2014.12.18 14:13:45.347,12.02858,12.03139,0.00,0.00
2014.12.18 14:13:45.398,12.02908,12.03139,0.00,0.00
2014.12.18 14:13:45.448,12.02908,12.03149,0.00,0.00
2014.12.18 14:13:45.499,12.02859,12.03149,0.00,0.00
2014.12.18 14:13:45.726,12.02932,12.03191,0.00,0.00
2014.12.18 14:13:45.877,12.02959,12.03243,0.00,0.00
2014.12.18 14:13:45.978,12.02959,12.03248,0.00,0.00
2014.12.18 14:13:46.925,12.02932,12.03248,0.00,0.00
2014.12.18 14:13:46.976,12.02908,12.03148,0.00,0.00
2014.12.18 14:13:47.076,12.02858,12.03148,0.00,0.00
2014.12.18 14:13:47.685,12.02858,12.03149,0.00,0.00
2014.12.18 14:13:48.625,12.03021,12.03149,0.00,0.00
2014.12.18 14:13:48.827,12.03131,12.03417,0.00,0.00
2014.12.18 14:13:48.877,12.03131,12.03388,0.00,0.00
2014.12.18 14:13:49.028,12.03032,12.03363,0.00,0.00
2014.12.18 14:13:49.169,12.03032,12.03368,0.00,0.00
2014.12.18 14:13:49.270,12.03121,12.03437,0.00,0.00
2014.12.18 14:13:49.371,12.03121,12.03463,0.00,0.00
2014.12.18 14:13:50.125,12.03132,12.03463,0.00,0.00
2014.12.18 14:13:51.887,12.03132,12.03438,0.00,0.00
2014.12.18 14:13:52.038,12.03048,12.03368,0.00,0.00
2014.12.18 14:13:52.089,12.03048,12.03363,0.00,0.00
2014.12.18 14:13:54.277,12.03048,12.03368,0.00,0.00
2014.12.18 14:13:54.516,12.03048,12.03364,0.00,0.00
2014.12.18 14:13:54.618,12.03048,12.03368,0.00,0.00
2014.12.18 14:13:56.027,12.03048,12.03364,0.00,0.00
2014.12.18 14:13:56.534,12.03032,12.03364,0.00,0.00
2014.12.18 14:13:56.585,12.03032,12.03337,0.00,0.00
2014.12.18 14:13:56.635,12.03008,12.03337,0.00,0.00
2014.12.18 14:13:56.686,12.03008,12.03293,0.00,0.00
2014.12.18 14:13:56.736,12.02958,12.03279,0.00,0.00
2014.12.18 14:13:57.283,12.02958,12.03275,0.00,0.00
2014.12.18 14:13:57.600,12.02941,12.03198,0.00,0.00
2014.12.18 14:13:57.650,12.02908,12.03169,0.00,0.00
2014.12.18 14:13:57.751,12.02908,12.03198,0.00,0.00
2014.12.18 14:13:57.802,12.02908,12.03243,0.00,0.00
2014.12.18 14:13:58.107,12.02908,12.03215,0.00,0.00
2014.12.18 14:13:58.385,12.02908,12.03241,0.00,0.00
2014.12.18 14:13:58.587,12.02908,12.03225,0.00,0.00
2014.12.18 14:13:58.963,12.02908,12.03219,0.00,0.00
2014.12.18 14:13:59.287,12.02858,12.03148,0.00,0.00
2014.12.18 14:14:00.690,12.02959,12.03148,0.00,0.00
2014.12.18 14:14:00.841,12.02959,12.03248,0.00,0.00
2014.12.18 14:14:02.310,12.02959,12.03191,0.00,0.00
2014.12.18 14:14:02.360,12.02909,12.03149,0.00,0.00
2014.12.18 14:14:02.461,12.02858,12.03149,0.00,0.00
2014.12.18 14:14:05.184,12.02821,12.03149,0.00,0.00
2014.12.18 14:14:05.234,12.02808,12.03129,0.00,0.00
2014.12.18 14:14:05.667,12.02808,12.03059,0.00,0.00
2014.12.18 14:14:06.232,12.02808,12.03058,0.00,0.00
2014.12.18 14:14:06.904,12.02808,12.03059,0.00,0.00
2014.12.18 14:14:09.715,12.02808,12.02959,0.00,0.00
2014.12.18 14:14:09.816,12.02659,12.02959,0.00,0.00
2014.12.18 14:14:10.594,12.02658,12.02958,0.00,0.00
2014.12.18 14:14:11.284,12.02658,12.02959,0.00,0.00
2014.12.18 14:14:11.335,12.02658,12.02943,0.00,0.00
2014.12.18 14:14:11.536,12.02621,12.02939,0.00,0.00
2014.12.18 14:14:11.690,12.02659,12.02939,0.00,0.00
2014.12.18 14:14:12.026,12.02659,12.02958,0.00,0.00
2014.12.18 14:14:13.566,12.02721,12.02988,0.00,0.00
2014.12.18 14:14:13.666,12.02758,12.03047,0.00,0.00
2014.12.18 14:14:13.767,12.02758,12.03049,0.00,0.00
2014.12.18 14:14:14.146,12.02721,12.03049,0.00,0.00
2014.12.18 14:14:14.246,12.02708,12.03018,0.00,0.00
2014.12.18 14:14:14.644,12.02689,12.03018,0.00,0.00
2014.12.18 14:14:14.795,12.02739,12.03018,0.00,0.00
2014.12.18 14:14:14.896,12.02639,12.02959,0.00,0.00
2014.12.18 14:14:15.024,12.02631,12.02959,0.00,0.00
2014.12.18 14:14:15.672,12.02722,12.03019,0.00,0.00
2014.12.18 14:14:15.773,12.02642,12.02958,0.00,0.00
2014.12.18 14:14:16.108,12.02628,12.02938,0.00,0.00
2014.12.18 14:14:19.716,12.02628,12.02919,0.00,0.00
2014.12.18 14:14:21.794,12.02571,12.02892,0.00,0.00
2014.12.18 14:14:21.845,12.0253,12.02838,0.00,0.00
2014.12.18 14:14:21.895,12.02528,12.02838,0.00,0.00
2014.12.18 14:14:22.249,12.02552,12.02858,0.00,0.00
2014.12.18 14:14:22.605,12.02629,12.02858,0.00,0.00
2014.12.18 14:14:22.706,12.02629,12.02938,0.00,0.00
2014.12.18 14:14:26.094,12.02631,12.02959,0.00,0.00
2014.12.18 14:14:26.246,12.02689,12.02959,0.00,0.00
2014.12.18 14:14:26.347,12.02721,12.03001,0.00,0.00
2014.12.18 14:14:26.397,12.02779,12.03049,0.00,0.00
2014.12.18 14:14:26.447,12.02782,12.03101,0.00,0.00
2014.12.18 14:14:26.548,12.02838,12.03148,0.00,0.00
2014.12.18 14:14:26.649,12.02822,12.03148,0.00,0.00
2014.12.18 14:14:26.750,12.02822,12.03139,0.00,0.00
2014.12.18 14:14:26.800,12.02788,12.03119,0.00,0.00
2014.12.18 14:14:27.625,12.02838,12.03119,0.00,0.00
2014.12.18 14:14:27.676,12.02838,12.03148,0.00,0.00
2014.12.18 14:14:30.505,12.02842,12.03148,0.00,0.00
2014.12.18 14:14:30.713,12.02838,12.03148,0.00,0.00
2014.12.18 14:14:31.522,12.02838,12.03149,0.00,0.00
2014.12.18 14:14:31.684,12.02838,12.03136,0.00,0.00
2014.12.18 14:14:31.734,12.02791,12.03129,0.00,0.00
2014.12.18 14:14:31.785,12.02791,12.03111,0.00,0.00
2014.12.18 14:14:32.473,12.02789,12.03111,0.00,0.00
2014.12.18 14:14:32.922,12.02782,12.03102,0.00,0.00
2014.12.18 14:14:33.267,12.02738,12.03049,0.00,0.00
2014.12.18 14:14:33.613,12.02742,12.03058,0.00,0.00
2014.12.18 14:14:33.713,12.02738,12.03048,0.00,0.00
2014.12.18 14:14:34.043,12.02741,12.03059,0.00,0.00
2014.12.18 14:14:34.464,12.02738,12.03049,0.00,0.00
2014.12.18 14:14:37.650,12.02741,12.03059,0.00,0.00
2014.12.18 14:14:38.854,12.02738,12.03048,0.00,0.00
2014.12.18 14:14:41.822,12.02722,12.03044,0.00,0.00
2014.12.18 14:14:41.872,12.02689,12.02958,0.00,0.00
2014.12.18 14:14:41.923,12.02642,12.02958,0.00,0.00
2014.12.18 14:14:42.813,12.02631,12.02959,0.00,0.00
2014.12.18 14:14:45.564,12.02641,12.02959,0.00,0.00
2014.12.18 14:14:46.583,12.02679,12.02959,0.00,0.00
2014.12.18 14:14:46.734,12.02739,12.03049,0.00,0.00
2014.12.18 14:14:49.083,12.02772,12.03078,0.00,0.00
2014.12.18 14:14:54.692,12.02771,12.03079,0.00,0.00
2014.12.18 14:14:55.997,12.02771,12.03021,0.00,0.00
2014.12.18 14:14:56.199,12.02679,12.02968,0.00,0.00
2014.12.18 14:14:56.285,12.02662,12.02968,0.00,0.00
2014.12.18 14:14:56.504,12.02678,12.02968,0.00,0.00
2014.12.18 14:14:56.756,12.02628,12.02939,0.00,0.00
2014.12.18 14:14:56.806,12.02652,12.02958,0.00,0.00
2014.12.18 14:14:58.804,12.02641,12.02959,0.00,0.00
2014.12.18 14:14:58.872,12.02631,12.02959,0.00,0.00
2014.12.18 14:14:59.489,12.02631,12.02882,0.00,0.00
2014.12.18 14:14:59.540,12.02571,12.02882,0.00,0.00
2014.12.18 14:14:59.640,12.02578,12.02919,0.00,0.00
2014.12.18 14:15:00.964,12.02578,12.02878,0.00,0.00
2014.12.18 14:15:01.014,12.02572,12.02878,0.00,0.00
2014.12.18 14:15:01.115,12.02521,12.02839,0.00,0.00
2014.12.18 14:15:01.953,12.02531,12.02839,0.00,0.00
2014.12.18 14:15:02.272,12.02531,12.02791,0.00,0.00
2014.12.18 14:15:02.322,12.02471,12.02791,0.00,0.00
2014.12.18 14:15:02.373,12.02478,12.02819,0.00,0.00
2014.12.18 14:15:04.882,12.02518,12.02819,0.00,0.00
2014.12.18 14:15:04.932,12.02531,12.02839,0.00,0.00
2014.12.18 14:15:05.802,12.02552,12.02858,0.00,0.00
2014.12.18 14:15:06.115,12.02579,12.02919,0.00,0.00
2014.12.18 14:15:11.249,12.02628,12.02919,0.00,0.00
2014.12.18 14:15:14.913,12.02772,12.02992,0.00,0.00
2014.12.18 14:15:14.963,12.0273,12.02978,0.00,0.00
2014.12.18 14:15:15.014,12.02672,12.02978,0.00,0.00
2014.12.18 14:15:15.064,12.02628,12.02938,0.00,0.00
2014.12.18 14:15:15.215,12.02622,12.02938,0.00,0.00
2014.12.18 14:15:15.272,12.02592,12.02928,0.00,0.00
2014.12.18 14:15:15.574,12.02592,12.02882,0.00,0.00
2014.12.18 14:15:15.725,12.02532,12.02838,0.00,0.00
2014.12.18 14:15:16.042,12.02518,12.02819,0.00,0.00
2014.12.18 14:15:16.092,12.02489,12.02819,0.00,0.00
2014.12.18 14:15:16.143,12.02478,12.02819,0.00,0.00
2014.12.18 14:15:16.780,12.02519,12.02819,0.00,0.00
2014.12.18 14:15:16.830,12.02521,12.02839,0.00,0.00
2014.12.18 14:15:18.798,12.02479,12.02819,0.00,0.00
2014.12.18 14:15:19.342,12.02478,12.02819,0.00,0.00
2014.12.18 14:15:22.805,12.02471,12.02792,0.00,0.00
2014.12.18 14:15:23.252,12.02452,12.02758,0.00,0.00
2014.12.18 14:15:23.353,12.02428,12.02748,0.00,0.00
2014.12.18 14:15:23.862,12.02431,12.02749,0.00,0.00
2014.12.18 14:15:26.302,12.02478,12.02818,0.00,0.00
2014.12.18 14:15:26.746,12.02481,12.02819,0.00,0.00
2014.12.18 14:15:29.322,12.02481,12.02791,0.00,0.00
2014.12.18 14:15:29.651,12.02481,12.02789,0.00,0.00
2014.12.18 14:15:32.896,12.02462,12.02768,0.00,0.00
2014.12.18 14:15:34.051,12.02479,12.02768,0.00,0.00
2014.12.18 14:15:34.202,12.02531,12.02839,0.00,0.00
2014.12.18 14:15:36.503,12.02518,12.02818,0.00,0.00
2014.12.18 14:15:36.553,12.02489,12.02818,0.00,0.00
2014.12.18 14:15:36.654,12.02478,12.02818,0.00,0.00
2014.12.18 14:15:40.479,12.02478,12.02749,0.00,0.00
2014.12.18 14:15:40.530,12.02421,12.02741,0.00,0.00
2014.12.18 14:15:40.580,12.02412,12.02728,0.00,0.00
2014.12.18 14:15:42.245,12.02421,12.02742,0.00,0.00
2014.12.18 14:15:42.295,12.02428,12.02749,0.00,0.00
2014.12.18 14:15:42.852,12.02421,12.02742,0.00,0.00
2014.12.18 14:15:43.253,12.02411,12.02691,0.00,0.00
2014.12.18 14:15:43.361,12.02381,12.02679,0.00,0.00
2014.12.18 14:15:43.462,12.02361,12.02669,0.00,0.00
2014.12.18 14:15:44.311,12.02351,12.02659,0.00,0.00
2014.12.18 14:15:45.126,12.02362,12.02668,0.00,0.00
2014.12.18 14:15:45.334,12.02371,12.02679,0.00,0.00
2014.12.18 14:15:46.182,12.02362,12.02668,0.00,0.00
2014.12.18 14:15:48.091,12.02362,12.02651,0.00,0.00
2014.12.18 14:15:48.205,12.02372,12.02678,0.00,0.00
2014.12.18 14:15:48.511,12.02331,12.02639,0.00,0.00
2014.12.18 14:15:49.154,12.02321,12.02629,0.00,0.00
2014.12.18 14:15:49.741,12.02331,12.02639,0.00,0.00
2014.12.18 14:15:50.583,12.02322,12.02628,0.00,0.00
2014.12.18 14:15:51.180,12.02332,12.02638,0.00,0.00
2014.12.18 14:15:51.501,12.02412,12.02701,0.00,0.00
2014.12.18 14:15:51.552,12.02412,12.02718,0.00,0.00
2014.12.18 14:15:51.703,12.02412,12.02738,0.00,0.00
2014.12.18 14:15:54.323,12.02421,12.02739,0.00,0.00
2014.12.18 14:15:55.142,12.02462,12.02778,0.00,0.00
2014.12.18 14:15:57.775,12.02502,12.02808,0.00,0.00
2014.12.18 14:15:58.081,12.02522,12.02838,0.00,0.00
2014.12.18 14:15:59.996,12.02522,12.02801,0.00,0.00
2014.12.18 14:16:00.047,12.02462,12.02768,0.00,0.00
2014.12.18 14:16:01.801,12.02442,12.02748,0.00,0.00
2014.12.18 14:16:01.911,12.02461,12.02769,0.00,0.00
2014.12.18 14:16:01.962,12.02461,12.02751,0.00,0.00
2014.12.18 14:16:02.062,12.02442,12.02748,0.00,0.00
2014.12.18 14:16:02.682,12.02441,12.02749,0.00,0.00
2014.12.18 14:16:03.162,12.02491,12.02799,0.00,0.00
2014.12.18 14:16:03.563,12.02442,12.02748,0.00,0.00
2014.12.18 14:16:05.912,12.02442,12.0271,0.00,0.00
2014.12.18 14:16:06.013,12.02442,12.02748,0.00,0.00
2014.12.18 14:16:06.063,12.02442,12.02701,0.00,0.00
2014.12.18 14:16:06.114,12.02367,12.02669,0.00,0.00
2014.12.18 14:16:06.214,12.02361,12.02669,0.00,0.00
2014.12.18 14:16:06.315,12.02401,12.02701,0.00,0.00
2014.12.18 14:16:06.467,12.02372,12.02688,0.00,0.00
2014.12.18 14:16:07.479,12.02372,12.02652,0.00,0.00
2014.12.18 14:16:07.529,12.02321,12.02629,0.00,0.00
2014.12.18 14:16:07.963,12.02331,12.02639,0.00,0.00
2014.12.18 14:16:08.114,12.02361,12.02679,0.00,0.00
2014.12.18 14:16:08.266,12.02369,12.02679,0.00,0.00
2014.12.18 14:16:08.631,12.02411,12.02719,0.00,0.00
2014.12.18 14:16:09.095,12.02411,12.02729,0.00,0.00
2014.12.18 14:16:09.514,12.02422,12.02738,0.00,0.00
2014.12.18 14:16:10.692,12.0243,12.02738,0.00,0.00
2014.12.18 14:16:10.843,12.02521,12.02839,0.00,0.00
2014.12.18 14:16:12.294,12.02601,12.02842,0.00,0.00
2014.12.18 14:16:12.445,12.02601,12.02901,0.00,0.00
2014.12.18 14:16:12.554,12.02601,12.02909,0.00,0.00
2014.12.18 14:16:13.613,12.02601,12.02902,0.00,0.00
2014.12.18 14:16:13.714,12.02571,12.02889,0.00,0.00
2014.12.18 14:16:14.279,12.02601,12.02902,0.00,0.00
2014.12.18 14:16:14.380,12.02572,12.02888,0.00,0.00
2014.12.18 14:16:15.920,12.02572,12.02842,0.00,0.00
2014.12.18 14:16:16.021,12.02559,12.02839,0.00,0.00
2014.12.18 14:16:16.121,12.02602,12.02908,0.00,0.00
2014.12.18 14:16:16.431,12.02621,12.02929,0.00,0.00
2014.12.18 14:16:17.751,12.02612,12.02918,0.00,0.00
2014.12.18 14:16:17.902,12.02572,12.02888,0.00,0.00
2014.12.18 14:16:20.724,12.02621,12.02929,0.00,0.00
2014.12.18 14:16:28.918,12.02621,12.0289,0.00,0.00
2014.12.18 14:16:29.019,12.02521,12.02829,0.00,0.00
2014.12.18 14:16:29.851,12.02521,12.02839,0.00,0.00
2014.12.18 14:16:31.757,12.02521,12.02829,0.00,0.00
2014.12.18 14:16:31.968,12.02561,12.02879,0.00,0.00
2014.12.18 14:16:32.320,12.02612,12.02918,0.00,0.00
2014.12.18 14:16:32.821,12.02621,12.02929,0.00,0.00
2014.12.18 14:16:36.194,12.02521,12.02829,0.00,0.00
2014.12.18 14:16:37.448,12.02522,12.02838,0.00,0.00
2014.12.18 14:16:38.321,12.02522,12.02828,0.00,0.00
2014.12.18 14:16:39.421,12.02521,12.02839,0.00,0.00
2014.12.18 14:16:41.298,12.02571,12.0288,0.00,0.00
2014.12.18 14:16:41.348,12.02571,12.02889,0.00,0.00
2014.12.18 14:16:42.961,12.02631,12.02931,0.00,0.00
2014.12.18 14:16:43.011,12.02631,12.02939,0.00,0.00
2014.12.18 14:16:48.433,12.02711,12.03002,0.00,0.00
2014.12.18 14:16:48.484,12.02671,12.02989,0.00,0.00
2014.12.18 14:16:49.430,12.02671,12.02952,0.00,0.00
2014.12.18 14:16:49.480,12.02632,12.02938,0.00,0.00
2014.12.18 14:16:49.581,12.02672,12.02988,0.00,0.00
2014.12.18 14:16:52.217,12.02711,12.03029,0.00,0.00
2014.12.18 14:16:54.941,12.02721,12.03049,0.00,0.00
2014.12.18 14:16:56.703,12.02722,12.03038,0.00,0.00
2014.12.18 14:16:58.279,12.02722,12.03048,0.00,0.00
2014.12.18 14:17:06.288,12.02721,12.03039,0.00,0.00
2014.12.18 14:17:11.441,12.02721,12.03049,0.00,0.00
2014.12.18 14:17:11.855,12.02721,12.03002,0.00,0.00
2014.12.18 14:17:11.906,12.02679,12.02989,0.00,0.00
2014.12.18 14:17:12.006,12.02671,12.02952,0.00,0.00
2014.12.18 14:17:12.111,12.02632,12.02938,0.00,0.00
2014.12.18 14:17:14.677,12.02722,12.03002,0.00,0.00
2014.12.18 14:17:14.728,12.02722,12.03048,0.00,0.00
2014.12.18 14:17:16.326,12.02722,12.03038,0.00,0.00
2014.12.18 14:17:20.578,12.02722,12.03048,0.00,0.00
2014.12.18 14:17:22.479,12.02722,12.03038,0.00,0.00
2014.12.18 14:17:23.475,12.02722,12.03021,0.00,0.00
2014.12.18 14:17:23.626,12.02632,12.02938,0.00,0.00
2014.12.18 14:17:25.547,12.02631,12.02939,0.00,0.00
2014.12.18 14:17:25.856,12.02562,12.02878,0.00,0.00
2014.12.18 14:17:26.402,12.02541,12.02841,0.00,0.00
2014.12.18 14:17:26.730,12.02531,12.02839,0.00,0.00
2014.12.18 14:17:29.079,12.02521,12.02829,0.00,0.00
2014.12.18 14:17:31.450,12.02521,12.02792,0.00,0.00
2014.12.18 14:17:31.501,12.02462,12.02778,0.00,0.00
2014.12.18 14:17:31.759,12.02488,12.02778,0.00,0.00
2014.12.18 14:17:31.809,12.02561,12.02879,0.00,0.00
2014.12.18 14:17:33.670,12.02521,12.02829,0.00,0.00
2014.12.18 14:17:34.651,12.02521,12.02839,0.00,0.00
2014.12.18 14:17:35.639,12.02521,12.02829,0.00,0.00
2014.12.18 14:17:40.140,12.02521,12.02792,0.00,0.00
2014.12.18 14:17:40.191,12.02461,12.02779,0.00,0.00
2014.12.18 14:17:41.912,12.02421,12.02739,0.00,0.00
2014.12.18 14:17:42.275,12.02411,12.02729,0.00,0.00
2014.12.18 14:17:42.899,12.02411,12.02739,0.00,0.00
2014.12.18 14:17:43.420,12.02418,12.02739,0.00,0.00
2014.12.18 14:17:43.745,12.02421,12.02739,0.00,0.00
2014.12.18 14:17:44.075,12.02469,12.02779,0.00,0.00
2014.12.18 14:17:44.125,12.02461,12.02779,0.00,0.00
2014.12.18 14:17:44.226,12.02422,12.02738,0.00,0.00
2014.12.18 14:17:44.529,12.02462,12.02778,0.00,0.00
2014.12.18 14:17:44.580,12.02421,12.02739,0.00,0.00
2014.12.18 14:17:44.798,12.02462,12.02778,0.00,0.00
2014.12.18 14:17:45.000,12.02421,12.02739,0.00,0.00
2014.12.18 14:17:45.189,12.02469,12.02739,0.00,0.00
2014.12.18 14:17:45.239,12.02469,12.02778,0.00,0.00
2014.12.18 14:17:46.279,12.02462,12.02778,0.00,0.00
2014.12.18 14:17:46.530,12.02469,12.02778,0.00,0.00
2014.12.18 14:17:46.872,12.02472,12.02798,0.00,0.00
2014.12.18 14:17:48.148,12.02518,12.02798,0.00,0.00
2014.12.18 14:17:48.299,12.02568,12.02878,0.00,0.00
2014.12.18 14:17:48.770,12.0258,12.02878,0.00,0.00
2014.12.18 14:17:48.871,12.02621,12.02929,0.00,0.00
2014.12.18 14:17:48.971,12.02618,12.02888,0.00,0.00
2014.12.18 14:17:49.072,12.02572,12.02888,0.00,0.00
2014.12.18 14:17:50.448,12.02621,12.02888,0.00,0.00
2014.12.18 14:17:50.599,12.02711,12.02981,0.00,0.00
2014.12.18 14:17:50.650,12.02678,12.02989,0.00,0.00
2014.12.18 14:17:50.750,12.02678,12.02938,0.00,0.00
2014.12.18 14:17:50.801,12.02632,12.02938,0.00,0.00
2014.12.18 14:17:51.145,12.02679,12.02938,0.00,0.00
2014.12.18 14:17:51.195,12.02679,12.02989,0.00,0.00
2014.12.18 14:17:52.458,12.02661,12.02931,0.00,0.00
2014.12.18 14:17:52.509,12.02618,12.02889,0.00,0.00
2014.12.18 14:17:52.611,12.02571,12.02889,0.00,0.00
2014.12.18 14:17:54.791,12.02542,12.02848,0.00,0.00
2014.12.18 14:17:54.892,12.02522,12.02838,0.00,0.00
2014.12.18 14:17:55.298,12.02522,12.02832,0.00,0.00
2014.12.18 14:17:56.320,12.02531,12.02839,0.00,0.00
2014.12.18 14:17:56.883,12.02471,12.02799,0.00,0.00
2014.12.18 14:17:58.570,12.02477,12.02799,0.00,0.00
2014.12.18 14:17:58.961,12.02621,12.02881,0.00,0.00
2014.12.18 14:17:59.062,12.02621,12.02929,0.00,0.00
2014.12.18 14:17:59.999,12.02631,12.02939,0.00,0.00
2014.12.18 14:18:00.841,12.02678,12.02981,0.00,0.00
2014.12.18 14:18:00.891,12.02678,12.02989,0.00,0.00
2014.12.18 14:18:01.831,12.02728,12.02988,0.00,0.00
2014.12.18 14:18:01.931,12.02678,12.02988,0.00,0.00
2014.12.18 14:18:02.751,12.02678,12.02989,0.00,0.00
2014.12.18 14:18:05.057,12.02678,12.02988,0.00,0.00
2014.12.18 14:18:06.231,12.02678,12.02989,0.00,0.00
2014.12.18 14:18:06.333,12.02661,12.02979,0.00,0.00
2014.12.18 14:18:06.486,12.02631,12.02939,0.00,0.00
2014.12.18 14:18:08.212,12.02589,12.02888,0.00,0.00
2014.12.18 14:18:08.263,12.02572,12.02888,0.00,0.00
2014.12.18 14:18:09.232,12.02568,12.02879,0.00,0.00
2014.12.18 14:18:10.300,12.02568,12.02839,0.00,0.00
2014.12.18 14:18:10.351,12.02521,12.02839,0.00,0.00
2014.12.18 14:18:18.658,12.02572,12.02881,0.00,0.00
2014.12.18 14:18:18.809,12.02572,12.02888,0.00,0.00
2014.12.18 14:18:19.782,12.02529,12.02798,0.00,0.00
2014.12.18 14:18:19.833,12.02518,12.02798,0.00,0.00
2014.12.18 14:18:19.933,12.02472,12.02798,0.00,0.00
2014.12.18 14:18:20.347,12.0243,12.02739,0.00,0.00
2014.12.18 14:18:20.448,12.02421,12.02739,0.00,0.00
2014.12.18 14:18:20.960,12.02418,12.02739,0.00,0.00
2014.12.18 14:18:21.420,12.02469,12.02739,0.00,0.00
2014.12.18 14:18:21.521,12.02469,12.02778,0.00,0.00
2014.12.18 14:18:21.987,12.02421,12.02739,0.00,0.00
2014.12.18 14:18:23.306,12.02418,12.02729,0.00,0.00
2014.12.18 14:18:23.931,12.02418,12.02738,0.00,0.00
2014.12.18 14:18:30.269,12.02421,12.02739,0.00,0.00
2014.12.18 14:18:30.891,12.02431,12.02739,0.00,0.00
2014.12.18 14:18:31.140,12.02468,12.02778,0.00,0.00
2014.12.18 14:18:31.190,12.0258,12.02778,0.00,0.00
2014.12.18 14:18:31.241,12.02621,12.02929,0.00,0.00
2014.12.18 14:18:34.177,12.02621,12.02882,0.00,0.00
2014.12.18 14:18:34.278,12.02537,12.02839,0.00,0.00
2014.12.18 14:18:34.329,12.02521,12.02839,0.00,0.00
2014.12.18 14:18:34.738,12.02521,12.02832,0.00,0.00
2014.12.18 14:18:35.217,12.02468,12.02778,0.00,0.00
2014.12.18 14:18:41.810,12.02468,12.02739,0.00,0.00
2014.12.18 14:18:41.910,12.02421,12.02739,0.00,0.00
2014.12.18 14:18:42.013,12.02469,12.02739,0.00,0.00
2014.12.18 14:18:42.113,12.02421,12.02739,0.00,0.00
2014.12.18 14:18:42.264,12.02418,12.02739,0.00,0.00
2014.12.18 14:18:44.004,12.02351,12.02639,0.00,0.00
2014.12.18 14:18:44.127,12.02331,12.02639,0.00,0.00
2014.12.18 14:18:44.749,12.02329,12.02628,0.00,0.00
2014.12.18 14:18:46.069,12.02332,12.02638,0.00,0.00
2014.12.18 14:18:49.618,12.02369,12.02678,0.00,0.00
2014.12.18 14:18:49.719,12.02371,12.02689,0.00,0.00
2014.12.18 14:18:50.347,12.02418,12.02689,0.00,0.00
2014.12.18 14:18:50.397,12.02418,12.02739,0.00,0.00
2014.12.18 14:18:50.808,12.02418,12.02729,0.00,0.00
2014.12.18 14:18:51.349,12.02418,12.02738,0.00,0.00
2014.12.18 14:18:51.812,12.02418,12.02729,0.00,0.00
2014.12.18 14:18:54.100,12.02418,12.02738,0.00,0.00
2014.12.18 14:18:54.637,12.02419,12.02738,0.00,0.00
2014.12.18 14:19:02.031,12.02462,12.02778,0.00,0.00
2014.12.18 14:19:02.340,12.02521,12.02839,0.00,0.00
2014.12.18 14:19:03.258,12.02631,12.02881,0.00,0.00
2014.12.18 14:19:03.359,12.02631,12.02939,0.00,0.00
2014.12.18 14:19:04.219,12.02622,12.02928,0.00,0.00
2014.12.18 14:19:05.758,12.02632,12.02938,0.00,0.00
2014.12.18 14:19:06.089,12.02622,12.02928,0.00,0.00
2014.12.18 14:19:06.340,12.02531,12.02839,0.00,0.00
2014.12.18 14:19:07.080,12.02521,12.02829,0.00,0.00
2014.12.18 14:19:07.409,12.02532,12.02838,0.00,0.00
2014.12.18 14:19:08.068,12.02541,12.02849,0.00,0.00
2014.12.18 14:19:08.981,12.02531,12.02839,0.00,0.00
2014.12.18 14:19:09.348,12.02522,12.02828,0.00,0.00
2014.12.18 14:19:09.940,12.02531,12.02839,0.00,0.00
2014.12.18 14:19:10.727,12.02568,12.02839,0.00,0.00
2014.12.18 14:19:10.828,12.02542,12.02848,0.00,0.00
2014.12.18 14:19:11.140,12.02568,12.02848,0.00,0.00
2014.12.18 14:19:11.241,12.02621,12.0292,0.00,0.00
2014.12.18 14:19:11.291,12.0258,12.02848,0.00,0.00
2014.12.18 14:19:11.342,12.02542,12.02848,0.00,0.00
2014.12.18 14:19:12.338,12.02569,12.02849,0.00,0.00
2014.12.18 14:19:12.388,12.02541,12.02849,0.00,0.00
2014.12.18 14:19:12.671,12.02541,12.02821,0.00,0.00
2014.12.18 14:19:12.822,12.02431,12.02739,0.00,0.00
2014.12.18 14:19:18.950,12.02469,12.02739,0.00,0.00
2014.12.18 14:19:19.101,12.02532,12.02831,0.00,0.00
2014.12.18 14:19:19.151,12.0258,12.02831,0.00,0.00
2014.12.18 14:19:19.302,12.02532,12.02838,0.00,0.00
2014.12.18 14:19:21.600,12.02541,12.02849,0.00,0.00
2014.12.18 14:19:22.074,12.02531,12.02839,0.00,0.00
2014.12.18 14:19:25.668,12.02541,12.02849,0.00,0.00
2014.12.18 14:19:31.419,12.02569,12.02849,0.00,0.00
2014.12.18 14:19:31.520,12.02542,12.02848,0.00,0.00
2014.12.18 14:19:32.490,12.02531,12.02839,0.00,0.00
2014.12.18 14:19:34.072,12.02522,12.02828,0.00,0.00
2014.12.18 14:19:34.386,12.02492,12.02798,0.00,0.00
2014.12.18 14:19:35.148,12.02471,12.02779,0.00,0.00
2014.12.18 14:19:43.627,12.02429,12.02688,0.00,0.00
2014.12.18 14:19:43.678,12.02419,12.02688,0.00,0.00
2014.12.18 14:19:43.778,12.02382,12.02688,0.00,0.00
2014.12.18 14:19:43.829,12.0234,12.02639,0.00,0.00
2014.12.18 14:19:43.879,12.02331,12.02639,0.00,0.00
2014.12.18 14:19:47.706,12.02372,12.02678,0.00,0.00
2014.12.18 14:19:48.012,12.02381,12.02689,0.00,0.00
2014.12.18 14:19:48.206,12.02419,12.02689,0.00,0.00
2014.12.18 14:19:48.366,12.02432,12.02732,0.00,0.00
2014.12.18 14:19:48.467,12.02382,12.02688,0.00,0.00
2014.12.18 14:19:48.757,12.02419,12.02688,0.00,0.00
2014.12.18 14:19:48.808,12.02422,12.02728,0.00,0.00
2014.12.18 14:19:50.137,12.02382,12.02688,0.00,0.00
2014.12.18 14:19:54.267,12.02419,12.02688,0.00,0.00
2014.12.18 14:19:54.317,12.02421,12.02729,0.00,0.00
2014.12.18 14:19:54.514,12.02469,12.02738,0.00,0.00
2014.12.18 14:19:54.614,12.02472,12.02778,0.00,0.00
2014.12.18 14:19:58.807,12.02522,12.0282,0.00,0.00
2014.12.18 14:19:58.908,12.02472,12.02778,0.00,0.00
2014.12.18 14:20:00.126,12.02432,12.02738,0.00,0.00
2014.12.18 14:20:07.718,12.0239,12.02688,0.00,0.00
2014.12.18 14:20:07.768,12.02382,12.02688,0.00,0.00
2014.12.18 14:20:10.463,12.02382,12.02681,0.00,0.00
2014.12.18 14:20:10.564,12.02332,12.02638,0.00,0.00
2014.12.18 14:20:11.559,12.02321,12.02629,0.00,0.00
2014.12.18 14:20:12.126,12.02369,12.02638,0.00,0.00
2014.12.18 14:20:12.227,12.02332,12.02638,0.00,0.00
2014.12.18 14:20:15.629,12.02381,12.02679,0.00,0.00
2014.12.18 14:20:15.999,12.02431,12.02726,0.00,0.00
2014.12.18 14:20:16.164,12.02431,12.02732,0.00,0.00
2014.12.18 14:20:16.367,12.02431,12.02739,0.00,0.00
2014.12.18 14:20:16.518,12.02481,12.02782,0.00,0.00
2014.12.18 14:20:16.964,12.02471,12.02816,0.00,0.00
2014.12.18 14:20:17.171,12.02471,12.02819,0.00,0.00
2014.12.18 14:20:22.399,12.02471,12.0275,0.00,0.00
2014.12.18 14:20:22.600,12.02381,12.02679,0.00,0.00
2014.12.18 14:20:22.802,12.02431,12.02721,0.00,0.00
2014.12.18 14:20:22.859,12.02431,12.02732,0.00,0.00
2014.12.18 14:20:23.076,12.02431,12.02739,0.00,0.00
2014.12.18 14:20:23.227,12.02481,12.02781,0.00,0.00
2014.12.18 14:20:23.534,12.02481,12.02732,0.00,0.00
2014.12.18 14:20:23.585,12.02432,12.02732,0.00,0.00
2014.12.18 14:20:24.659,12.02462,12.02778,0.00,0.00
2014.12.18 14:20:24.760,12.02468,12.02778,0.00,0.00
2014.12.18 14:20:24.912,12.02491,12.02819,0.00,0.00
2014.12.18 14:20:25.749,12.02501,12.02819,0.00,0.00
2014.12.18 14:20:26.175,12.02501,12.02782,0.00,0.00
2014.12.18 14:20:26.225,12.02481,12.02782,0.00,0.00
2014.12.18 14:20:26.715,12.02481,12.02789,0.00,0.00
2014.12.18 14:20:26.766,12.02481,12.02819,0.00,0.00
2014.12.18 14:20:31.622,12.02468,12.02758,0.00,0.00
2014.12.18 14:20:31.723,12.02439,12.02732,0.00,0.00
2014.12.18 14:20:31.823,12.02391,12.02729,0.00,0.00
2014.12.18 14:20:37.487,12.02418,12.02729,0.00,0.00
2014.12.18 14:20:37.638,12.02432,12.02748,0.00,0.00
2014.12.18 14:20:38.509,12.02442,12.02748,0.00,0.00
2014.12.18 14:20:43.388,12.02441,12.02759,0.00,0.00
2014.12.18 14:20:44.322,12.02469,12.02759,0.00,0.00
2014.12.18 14:20:44.423,12.02541,12.02849,0.00,0.00
2014.12.18 14:20:45.634,12.02551,12.02859,0.00,0.00
2014.12.18 14:20:46.759,12.02542,12.02848,0.00,0.00
2014.12.18 14:20:47.299,12.02589,12.02848,0.00,0.00
2014.12.18 14:20:47.349,12.02632,12.02932,0.00,0.00
2014.12.18 14:20:47.399,12.02632,12.0292,0.00,0.00
2014.12.18 14:20:47.500,12.02551,12.02859,0.00,0.00
2014.12.18 14:20:48.096,12.0269,12.02859,0.00,0.00
2014.12.18 14:20:48.197,12.0269,12.02958,0.00,0.00
2014.12.18 14:20:48.297,12.02669,12.02958,0.00,0.00
2014.12.18 14:20:48.859,12.02692,12.03001,0.00,0.00
2014.12.18 14:20:48.960,12.02692,12.03028,0.00,0.00
2014.12.18 14:20:49.366,12.02692,12.03001,0.00,0.00
2014.12.18 14:20:52.704,12.02692,12.02942,0.00,0.00
2014.12.18 14:20:52.809,12.02651,12.02942,0.00,0.00
2014.12.18 14:20:53.167,12.02692,12.02942,0.00,0.00
2014.12.18 14:20:53.217,12.02692,12.03001,0.00,0.00
2014.12.18 14:20:53.816,12.02692,12.03002,0.00,0.00
2014.12.18 14:20:55.342,12.02692,12.03028,0.00,0.00
2014.12.18 14:20:55.392,12.02731,12.03049,0.00,0.00
2014.12.18 14:20:55.768,12.02751,12.03052,0.00,0.00
2014.12.18 14:21:03.369,12.02741,12.03052,0.00,0.00
2014.12.18 14:21:03.522,12.02751,12.03052,0.00,0.00
2014.12.18 14:21:07.535,12.02751,12.03002,0.00,0.00
2014.12.18 14:21:07.586,12.02709,12.03002,0.00,0.00
2014.12.18 14:21:07.636,12.02709,12.02941,0.00,0.00
2014.12.18 14:21:07.737,12.02641,12.02941,0.00,0.00
2014.12.18 14:21:07.890,12.02691,12.03001,0.00,0.00
2014.12.18 14:21:10.328,12.02691,12.03002,0.00,0.00
2014.12.18 14:21:13.836,12.02732,12.03048,0.00,0.00
2014.12.18 14:21:14.692,12.02732,12.03002,0.00,0.00
2014.12.18 14:21:14.742,12.02691,12.03002,0.00,0.00
2014.12.18 14:21:15.656,12.02691,12.03022,0.00,0.00
2014.12.18 14:21:15.901,12.02708,12.03029,0.00,0.00
2014.12.18 14:21:16.268,12.02732,12.03048,0.00,0.00
2014.12.18 14:21:21.119,12.02751,12.03059,0.00,0.00
2014.12.18 14:21:21.627,12.02761,12.03069,0.00,0.00
2014.12.18 14:21:22.618,12.02782,12.03072,0.00,0.00
2014.12.18 14:21:41.868,12.02781,12.03072,0.00,0.00
2014.12.18 14:21:46.115,12.02781,12.0307,0.00,0.00
2014.12.18 14:21:46.216,12.02731,12.03022,0.00,0.00
2014.12.18 14:21:46.316,12.02731,12.03049,0.00,0.00
2014.12.18 14:21:46.864,12.02751,12.03059,0.00,0.00
2014.12.18 14:21:50.018,12.02772,12.03072,0.00,0.00
2014.12.18 14:21:51.888,12.02751,12.03059,0.00,0.00
2014.12.18 14:21:52.769,12.02731,12.03049,0.00,0.00
2014.12.18 14:21:54.156,12.02731,12.03021,0.00,0.00
2014.12.18 14:21:54.307,12.02681,12.02979,0.00,0.00
2014.12.18 14:21:54.408,12.02671,12.02972,0.00,0.00
2014.12.18 14:21:55.189,12.02662,12.02968,0.00,0.00
2014.12.18 14:21:55.774,12.02652,12.02958,0.00,0.00
2014.12.18 14:21:55.976,12.02581,12.02899,0.00,0.00
2014.12.18 14:21:56.026,12.02581,12.02862,0.00,0.00
2014.12.18 14:21:56.508,12.02541,12.02849,0.00,0.00
2014.12.18 14:21:56.609,12.02541,12.02822,0.00,0.00
2014.12.18 14:21:56.727,12.02499,12.02789,0.00,0.00
2014.12.18 14:21:56.778,12.02481,12.02789,0.00,0.00
2014.12.18 14:21:56.828,12.02481,12.02772,0.00,0.00
2014.12.18 14:21:57.235,12.02481,12.02789,0.00,0.00
2014.12.18 14:21:57.285,12.02531,12.02821,0.00,0.00
2014.12.18 14:21:57.487,12.02531,12.02839,0.00,0.00
2014.12.18 14:21:57.646,12.02542,12.02848,0.00,0.00
2014.12.18 14:21:57.978,12.02542,12.02822,0.00,0.00
2014.12.18 14:21:58.231,12.02532,12.02822,0.00,0.00
2014.12.18 14:22:01.525,12.02532,12.02838,0.00,0.00
2014.12.18 14:22:01.904,12.02631,12.02861,0.00,0.00
2014.12.18 14:22:02.005,12.02631,12.02939,0.00,0.00
2014.12.18 14:22:02.106,12.02661,12.02971,0.00,0.00
2014.12.18 14:22:02.272,12.02751,12.02971,0.00,0.00
2014.12.18 14:22:02.323,12.02751,12.03021,0.00,0.00
2014.12.18 14:22:02.423,12.02732,12.03048,0.00,0.00
2014.12.18 14:22:03.857,12.0274,12.03048,0.00,0.00
2014.12.18 14:22:04.337,12.02782,12.03071,0.00,0.00
2014.12.18 14:22:06.120,12.02752,12.03058,0.00,0.00
2014.12.18 14:22:06.532,12.02781,12.03071,0.00,0.00
2014.12.18 14:22:07.333,12.02782,12.03071,0.00,0.00
2014.12.18 14:22:24.712,12.02782,12.03042,0.00,0.00
2014.12.18 14:22:28.438,12.02771,12.03042,0.00,0.00
2014.12.18 14:22:29.749,12.02781,12.03042,0.00,0.00
2014.12.18 14:22:36.229,12.02771,12.02932,0.00,0.00
2014.12.18 14:22:36.330,12.02681,12.02932,0.00,0.00
2014.12.18 14:22:36.431,12.02681,12.02979,0.00,0.00
2014.12.18 14:22:36.481,12.02712,12.02982,0.00,0.00
2014.12.18 14:22:37.207,12.02692,12.02982,0.00,0.00
2014.12.18 14:22:39.913,12.02709,12.02982,0.00,0.00
2014.12.18 14:22:39.963,12.02751,12.03042,0.00,0.00
2014.12.18 14:22:42.525,12.02678,12.02958,0.00,0.00
2014.12.18 14:22:42.576,12.0265,12.02958,0.00,0.00
2014.12.18 14:22:42.626,12.02691,12.02982,0.00,0.00
2014.12.18 14:22:44.373,12.02732,12.03041,0.00,0.00
2014.12.18 14:22:45.018,12.02752,12.03041,0.00,0.00
2014.12.18 14:22:47.259,12.02741,12.03041,0.00,0.00
2014.12.18 14:22:47.464,12.02821,12.03041,0.00,0.00
2014.12.18 14:22:47.715,12.02941,12.03231,0.00,0.00
2014.12.18 14:22:47.866,12.02941,12.03181,0.00,0.00
2014.12.18 14:22:47.917,12.029,12.03148,0.00,0.00
2014.12.18 14:22:48.018,12.02842,12.03132,0.00,0.00
2014.12.18 14:22:48.118,12.02801,12.03082,0.00,0.00
2014.12.18 14:22:49.214,12.02801,12.03129,0.00,0.00
2014.12.18 14:22:49.283,12.02829,12.03129,0.00,0.00
2014.12.18 14:22:49.434,12.02841,12.03149,0.00,0.00
2014.12.18 14:22:50.854,12.02841,12.03132,0.00,0.00
2014.12.18 14:22:50.904,12.02801,12.03129,0.00,0.00
2014.12.18 14:22:52.853,12.02828,12.03129,0.00,0.00
2014.12.18 14:22:52.938,12.02842,12.03148,0.00,0.00
2014.12.18 14:22:53.098,12.02882,12.03182,0.00,0.00
2014.12.18 14:22:53.148,12.02882,12.03218,0.00,0.00
2014.12.18 14:22:54.382,12.02841,12.02941,0.00,0.00
2014.12.18 14:22:54.433,12.02632,12.02921,0.00,0.00
2014.12.18 14:22:54.585,12.02632,12.02938,0.00,0.00
2014.12.18 14:23:00.295,12.02632,12.02921,0.00,0.00
2014.12.18 14:23:00.411,12.02632,12.02938,0.00,0.00
2014.12.18 14:23:00.864,12.02589,12.02919,0.00,0.00
2014.12.18 14:23:00.965,12.02581,12.02871,0.00,0.00
2014.12.18 14:23:01.015,12.02541,12.02859,0.00,0.00
2014.12.18 14:23:01.275,12.02569,12.02859,0.00,0.00
2014.12.18 14:23:01.426,12.02581,12.02919,0.00,0.00
2014.12.18 14:23:03.504,12.02632,12.02938,0.00,0.00
2014.12.18 14:23:05.387,12.02589,12.02858,0.00,0.00
2014.12.18 14:23:05.437,12.02569,12.02858,0.00,0.00
2014.12.18 14:23:05.488,12.02552,12.02858,0.00,0.00
2014.12.18 14:23:09.236,12.02552,12.02821,0.00,0.00
2014.12.18 14:23:09.391,12.02469,12.02759,0.00,0.00
2014.12.18 14:23:09.495,12.02441,12.02759,0.00,0.00
2014.12.18 14:23:09.547,12.02451,12.02759,0.00,0.00
2014.12.18 14:23:10.478,12.02441,12.02759,0.00,0.00
2014.12.18 14:23:10.579,12.02441,12.02749,0.00,0.00
2014.12.18 14:23:11.358,12.02441,12.0272,0.00,0.00
2014.12.18 14:23:11.459,12.02368,12.02649,0.00,0.00
2014.12.18 14:23:11.559,12.02341,12.02649,0.00,0.00
2014.12.18 14:23:12.298,12.02351,12.02659,0.00,0.00
2014.12.18 14:23:13.923,12.02369,12.02659,0.00,0.00
2014.12.18 14:23:13.973,12.02391,12.027,0.00,0.00
2014.12.18 14:23:14.024,12.02391,12.02721,0.00,0.00
2014.12.18 14:23:14.074,12.02442,12.02734,0.00,0.00
2014.12.18 14:23:14.125,12.02442,12.02748,0.00,0.00
2014.12.18 14:23:14.614,12.024,12.02518,0.00,0.00
2014.12.18 14:23:14.664,12.02192,12.02518,0.00,0.00
2014.12.18 14:23:14.715,12.02192,12.02432,0.00,0.00
2014.12.18 14:23:14.815,12.02231,12.02491,0.00,0.00
2014.12.18 14:23:14.866,12.02192,12.02491,0.00,0.00
2014.12.18 14:23:15.025,12.02192,12.02528,0.00,0.00
2014.12.18 14:23:15.076,12.02232,12.02542,0.00,0.00
2014.12.18 14:23:15.508,12.02292,12.02582,0.00,0.00
2014.12.18 14:23:15.760,12.02331,12.02631,0.00,0.00
2014.12.18 14:23:16.013,12.02331,12.02649,0.00,0.00
2014.12.18 14:23:16.064,12.02381,12.02681,0.00,0.00
2014.12.18 14:23:17.928,12.02381,12.02719,0.00,0.00
2014.12.18 14:23:18.029,12.024,12.02719,0.00,0.00
2014.12.18 14:23:18.330,12.02442,12.02682,0.00,0.00
2014.12.18 14:23:18.381,12.02381,12.02682,0.00,0.00
2014.12.18 14:23:20.243,12.02361,12.02631,0.00,0.00
2014.12.18 14:23:20.344,12.02341,12.02631,0.00,0.00
2014.12.18 14:23:20.648,12.02341,12.02602,0.00,0.00
2014.12.18 14:23:20.699,12.02299,12.02602,0.00,0.00
2014.12.18 14:23:20.799,12.02291,12.02602,0.00,0.00
2014.12.18 14:23:21.318,12.02302,12.02602,0.00,0.00
2014.12.18 14:23:21.418,12.02302,12.02628,0.00,0.00
2014.12.18 14:23:21.469,12.02381,12.02652,0.00,0.00
2014.12.18 14:23:21.519,12.02381,12.0269,0.00,0.00
2014.12.18 14:23:21.570,12.02381,12.02701,0.00,0.00
2014.12.18 14:23:23.503,12.02381,12.02651,0.00,0.00
2014.12.18 14:23:23.553,12.02341,12.02649,0.00,0.00
2014.12.18 14:23:23.654,12.02301,12.02601,0.00,0.00
2014.12.18 14:23:28.796,12.02301,12.02629,0.00,0.00
2014.12.18 14:23:28.847,12.02331,12.02649,0.00,0.00
2014.12.18 14:23:29.350,12.02361,12.02651,0.00,0.00
2014.12.18 14:23:29.451,12.02382,12.02678,0.00,0.00
2014.12.18 14:23:29.501,12.02441,12.02702,0.00,0.00
2014.12.18 14:23:29.552,12.02441,12.02749,0.00,0.00
2014.12.18 14:23:32.775,12.02542,12.02751,0.00,0.00
2014.12.18 14:23:32.877,12.02542,12.02802,0.00,0.00
2014.12.18 14:23:33.888,12.02551,12.02802,0.00,0.00
2014.12.18 14:23:34.104,12.02541,12.02802,0.00,0.00
2014.12.18 14:23:34.253,12.02561,12.02802,0.00,0.00
2014.12.18 14:23:34.304,12.02561,12.02869,0.00,0.00
2014.12.18 14:23:34.354,12.02622,12.02892,0.00,0.00
2014.12.18 14:23:35.198,12.02581,12.02892,0.00,0.00
2014.12.18 14:23:35.307,12.02581,12.02842,0.00,0.00
2014.12.18 14:23:35.357,12.02542,12.02842,0.00,0.00
2014.12.18 14:23:35.663,12.02582,12.02842,0.00,0.00
2014.12.18 14:23:36.363,12.02582,12.02892,0.00,0.00
2014.12.18 14:23:36.413,12.02631,12.02892,0.00,0.00
2014.12.18 14:23:36.564,12.02611,12.02892,0.00,0.00
2014.12.18 14:23:37.242,12.02611,12.02929,0.00,0.00
2014.12.18 14:23:37.293,12.02662,12.02952,0.00,0.00
2014.12.18 14:23:37.638,12.02682,12.02952,0.00,0.00
2014.12.18 14:23:38.757,12.02732,12.02952,0.00,0.00
2014.12.18 14:23:38.808,12.02732,12.03001,0.00,0.00
2014.12.18 14:23:39.384,12.02762,12.03001,0.00,0.00
2014.12.18 14:23:39.926,12.02732,12.03001,0.00,0.00
2014.12.18 14:23:40.473,12.02759,12.03048,0.00,0.00
2014.12.18 14:23:40.523,12.02831,12.0309,0.00,0.00
2014.12.18 14:23:40.624,12.02789,12.03052,0.00,0.00
2014.12.18 14:23:40.676,12.02781,12.03052,0.00,0.00
2014.12.18 14:23:40.777,12.02781,12.03099,0.00,0.00
2014.12.18 14:23:40.827,12.02832,12.03101,0.00,0.00
2014.12.18 14:23:40.928,12.02811,12.03102,0.00,0.00
2014.12.18 14:23:41.216,12.02811,12.03052,0.00,0.00
2014.12.18 14:23:41.267,12.02781,12.03052,0.00,0.00
2014.12.18 14:23:42.260,12.02782,12.03052,0.00,0.00
2014.12.18 14:23:42.852,12.02782,12.03098,0.00,0.00
2014.12.18 14:23:42.903,12.02832,12.0314,0.00,0.00
2014.12.18 14:23:42.953,12.02832,12.03148,0.00,0.00
2014.12.18 14:23:43.004,12.02832,12.03102,0.00,0.00
2014.12.18 14:23:43.054,12.02812,12.03102,0.00,0.00
2014.12.18 14:23:43.155,12.02782,12.03098,0.00,0.00
2014.12.18 14:23:43.206,12.02782,12.03052,0.00,0.00
2014.12.18 14:23:43.256,12.02731,12.03049,0.00,0.00
2014.12.18 14:23:43.307,12.02731,12.03001,0.00,0.00
2014.12.18 14:23:44.876,12.02722,12.03001,0.00,0.00
2014.12.18 14:23:45.232,12.02731,12.03001,0.00,0.00
2014.12.18 14:23:45.435,12.02681,12.02952,0.00,0.00
2014.12.18 14:23:46.415,12.02662,12.02891,0.00,0.00
2014.12.18 14:23:46.466,12.02612,12.02891,0.00,0.00
2014.12.18 14:23:46.706,12.02612,12.02842,0.00,0.00
2014.12.18 14:23:46.757,12.02581,12.02842,0.00,0.00
2014.12.18 14:23:47.396,12.02581,12.02802,0.00,0.00
2014.12.18 14:23:47.447,12.02481,12.02789,0.00,0.00
2014.12.18 14:23:47.497,12.02481,12.02751,0.00,0.00
2014.12.18 14:23:48.000,12.02442,12.02748,0.00,0.00
2014.12.18 14:23:48.050,12.02442,12.02702,0.00,0.00
2014.12.18 14:23:48.101,12.02402,12.02702,0.00,0.00
2014.12.18 14:23:48.948,12.02411,12.02702,0.00,0.00
2014.12.18 14:23:49.274,12.02382,12.02652,0.00,0.00
2014.12.18 14:23:50.334,12.02382,12.02678,0.00,0.00
2014.12.18 14:23:50.385,12.02412,12.02702,0.00,0.00
2014.12.18 14:23:50.883,12.02412,12.02728,0.00,0.00
2014.12.18 14:23:50.934,12.02442,12.02748,0.00,0.00
2014.12.18 14:23:51.557,12.02442,12.02702,0.00,0.00
2014.12.18 14:23:51.608,12.02411,12.02702,0.00,0.00
2014.12.18 14:23:52.026,12.02381,12.02702,0.00,0.00
2014.12.18 14:23:54.104,12.02381,12.02719,0.00,0.00
2014.12.18 14:23:54.154,12.02399,12.02719,0.00,0.00
2014.12.18 14:23:54.255,12.02381,12.02702,0.00,0.00
2014.12.18 14:23:54.624,12.02381,12.02691,0.00,0.00
2014.12.18 14:23:54.926,12.02441,12.02651,0.00,0.00
2014.12.18 14:23:54.976,12.02441,12.02691,0.00,0.00
2014.12.18 14:23:55.027,12.02391,12.02691,0.00,0.00
2014.12.18 14:23:55.654,12.02391,12.02692,0.00,0.00
2014.12.18 14:23:56.009,12.02402,12.02692,0.00,0.00
2014.12.18 14:23:59.792,12.02402,12.02728,0.00,0.00
2014.12.18 14:23:59.843,12.02452,12.02742,0.00,0.00
2014.12.18 14:24:00.185,12.02411,12.02692,0.00,0.00
2014.12.18 14:24:00.491,12.02351,12.02552,0.00,0.00
2014.12.18 14:24:00.541,12.02281,12.02552,0.00,0.00
2014.12.18 14:24:00.642,12.02322,12.02552,0.00,0.00
2014.12.18 14:24:00.693,12.02322,12.02602,0.00,0.00
2014.12.18 14:24:01.376,12.02331,12.02602,0.00,0.00
2014.12.18 14:24:03.802,12.02331,12.02649,0.00,0.00
2014.12.18 14:24:04.054,12.02341,12.02649,0.00,0.00
2014.12.18 14:24:04.374,12.02281,12.02552,0.00,0.00
2014.12.18 14:24:06.157,12.02261,12.02552,0.00,0.00
2014.12.18 14:24:07.206,12.02271,12.02552,0.00,0.00
2014.12.18 14:24:07.664,12.02282,12.02552,0.00,0.00
2014.12.18 14:24:08.463,12.0224,12.02529,0.00,0.00
2014.12.18 14:24:08.536,12.02221,12.02529,0.00,0.00
2014.12.18 14:24:08.636,12.02221,12.02502,0.00,0.00
2014.12.18 14:24:09.408,12.02212,12.02502,0.00,0.00
2014.12.18 14:24:09.848,12.02221,12.02501,0.00,0.00
2014.12.18 14:24:10.703,12.02221,12.02441,0.00,0.00
2014.12.18 14:24:10.753,12.02181,12.02441,0.00,0.00
2014.12.18 14:24:10.854,12.02211,12.02502,0.00,0.00
2014.12.18 14:24:12.992,12.02211,12.02442,0.00,0.00
2014.12.18 14:24:13.042,12.02181,12.02442,0.00,0.00
2014.12.18 14:24:13.504,12.02172,12.02442,0.00,0.00
2014.12.18 14:24:13.554,12.02172,12.02392,0.00,0.00
2014.12.18 14:24:13.831,12.02131,12.02392,0.00,0.00
2014.12.18 14:24:14.466,12.02122,12.02392,0.00,0.00
2014.12.18 14:24:14.764,12.02122,12.02341,0.00,0.00
2014.12.18 14:24:14.815,12.02082,12.02341,0.00,0.00
2014.12.18 14:24:15.742,12.02082,12.02391,0.00,0.00
2014.12.18 14:24:15.793,12.02111,12.02391,0.00,0.00
2014.12.18 14:24:17.216,12.02081,12.02391,0.00,0.00
2014.12.18 14:24:17.317,12.02081,12.02342,0.00,0.00
2014.12.18 14:24:17.368,12.02061,12.02342,0.00,0.00
2014.12.18 14:24:17.546,12.02082,12.02342,0.00,0.00
2014.12.18 14:24:17.782,12.02042,12.02342,0.00,0.00
2014.12.18 14:24:17.832,12.02042,12.02292,0.00,0.00
2014.12.18 14:24:18.185,12.02042,12.02242,0.00,0.00
2014.12.18 14:24:18.236,12.01981,12.02242,0.00,0.00
2014.12.18 14:24:18.361,12.02041,12.02242,0.00,0.00
2014.12.18 14:24:18.411,12.02041,12.02292,0.00,0.00
2014.12.18 14:24:18.512,12.02042,12.02342,0.00,0.00
2014.12.18 14:24:18.823,12.02042,12.02291,0.00,0.00
2014.12.18 14:24:18.874,12.01999,12.02289,0.00,0.00
2014.12.18 14:24:18.975,12.01981,12.02289,0.00,0.00
2014.12.18 14:24:19.081,12.01981,12.02242,0.00,0.00
2014.12.18 14:24:22.937,12.01982,12.02242,0.00,0.00
2014.12.18 14:24:23.994,12.01982,12.02288,0.00,0.00
2014.12.18 14:24:24.045,12.02041,12.02292,0.00,0.00
2014.12.18 14:24:24.246,12.02071,12.02341,0.00,0.00
2014.12.18 14:24:24.296,12.02101,12.02341,0.00,0.00
2014.12.18 14:24:24.432,12.02101,12.02392,0.00,0.00
2014.12.18 14:24:25.729,12.02102,12.02392,0.00,0.00
2014.12.18 14:24:25.779,12.02102,12.02342,0.00,0.00
2014.12.18 14:24:25.830,12.02081,12.02342,0.00,0.00
2014.12.18 14:24:25.976,12.02081,12.02391,0.00,0.00
2014.12.18 14:24:26.027,12.02132,12.02391,0.00,0.00
2014.12.18 14:24:26.127,12.02162,12.02438,0.00,0.00
2014.12.18 14:24:26.178,12.02162,12.02442,0.00,0.00
2014.12.18 14:24:26.897,12.02122,12.02428,0.00,0.00
2014.12.18 14:24:27.006,12.02122,12.02392,0.00,0.00
2014.12.18 14:24:27.555,12.02131,12.02392,0.00,0.00
2014.12.18 14:24:27.892,12.02089,12.02342,0.00,0.00
2014.12.18 14:24:27.943,12.02071,12.02342,0.00,0.00
2014.12.18 14:24:28.044,12.02082,12.02342,0.00,0.00
2014.12.18 14:24:29.316,12.02081,12.02342,0.00,0.00
2014.12.18 14:24:29.426,12.02072,12.02342,0.00,0.00
2014.12.18 14:24:31.251,12.02072,12.02242,0.00,0.00
2014.12.18 14:24:31.302,12.02029,12.02242,0.00,0.00
2014.12.18 14:24:31.403,12.01981,12.02242,0.00,0.00
2014.12.18 14:24:31.913,12.01981,12.02192,0.00,0.00
2014.12.18 14:24:31.964,12.01939,12.02178,0.00,0.00
2014.12.18 14:24:32.065,12.01882,12.02151,0.00,0.00
2014.12.18 14:24:32.173,12.01882,12.02101,0.00,0.00
2014.12.18 14:24:32.223,12.01839,12.02099,0.00,0.00
2014.12.18 14:24:32.274,12.01791,12.02099,0.00,0.00
2014.12.18 14:24:32.324,12.01841,12.02101,0.00,0.00
2014.12.18 14:24:33.012,12.01841,12.02102,0.00,0.00
2014.12.18 14:24:33.453,12.01841,12.02052,0.00,0.00
2014.12.18 14:24:33.503,12.01799,12.02052,0.00,0.00
2014.12.18 14:24:33.604,12.01791,12.02052,0.00,0.00
2014.12.18 14:24:34.662,12.01791,12.02051,0.00,0.00
2014.12.18 14:24:37.016,12.01782,12.02051,0.00,0.00
2014.12.18 14:24:37.605,12.01771,12.02051,0.00,0.00
2014.12.18 14:24:38.672,12.0173,12.01989,0.00,0.00
2014.12.18 14:24:38.723,12.01681,12.01989,0.00,0.00
2014.12.18 14:24:38.773,12.01681,12.01942,0.00,0.00
2014.12.18 14:24:39.107,12.01671,12.01942,0.00,0.00
2014.12.18 14:24:42.515,12.01661,12.01942,0.00,0.00
2014.12.18 14:24:44.935,12.01671,12.01942,0.00,0.00
2014.12.18 14:24:45.362,12.0169,12.01979,0.00,0.00
2014.12.18 14:24:45.413,12.01732,12.02001,0.00,0.00
2014.12.18 14:24:45.463,12.01732,12.02052,0.00,0.00
2014.12.18 14:24:45.514,12.01752,12.02052,0.00,0.00
2014.12.18 14:24:46.085,12.01781,12.02052,0.00,0.00
2014.12.18 14:24:46.475,12.01771,12.02052,0.00,0.00
2014.12.18 14:24:47.026,12.01782,12.02052,0.00,0.00
2014.12.18 14:24:48.477,12.01791,12.02052,0.00,0.00
2014.12.18 14:24:52.103,12.01751,12.02052,0.00,0.00
2014.12.18 14:24:52.153,12.01751,12.02002,0.00,0.00
2014.12.18 14:24:52.304,12.01762,12.02052,0.00,0.00
2014.12.18 14:24:52.355,12.01782,12.02052,0.00,0.00
2014.12.18 14:24:52.506,12.01782,12.02088,0.00,0.00
2014.12.18 14:24:52.556,12.01832,12.02101,0.00,0.00
2014.12.18 14:24:52.660,12.01801,12.02101,0.00,0.00
2014.12.18 14:24:53.583,12.01801,12.02129,0.00,0.00
2014.12.18 14:24:53.634,12.01831,12.02149,0.00,0.00
2014.12.18 14:24:53.957,12.01841,12.02151,0.00,0.00
2014.12.18 14:24:54.272,12.01841,12.02169,0.00,0.00
2014.12.18 14:24:54.322,12.01941,12.02192,0.00,0.00
2014.12.18 14:24:54.373,12.01941,12.02242,0.00,0.00
2014.12.18 14:24:54.423,12.01981,12.02242,0.00,0.00
2014.12.18 14:24:56.406,12.01971,12.02242,0.00,0.00
2014.12.18 14:24:56.720,12.01981,12.02242,0.00,0.00
2014.12.18 14:25:00.429,12.01981,12.02289,0.00,0.00
2014.12.18 14:25:00.479,12.02001,12.02292,0.00,0.00
2014.12.18 14:25:01.983,12.02001,12.02329,0.00,0.00
2014.12.18 14:25:02.097,12.02041,12.02342,0.00,0.00
2014.12.18 14:25:02.985,12.02061,12.02342,0.00,0.00
2014.12.18 14:25:03.638,12.02072,12.02342,0.00,0.00
2014.12.18 14:25:04.313,12.02082,12.02342,0.00,0.00
2014.12.18 14:25:06.294,12.02052,12.02342,0.00,0.00
2014.12.18 14:25:06.755,12.02042,12.02342,0.00,0.00
2014.12.18 14:25:07.713,12.02042,12.02241,0.00,0.00
2014.12.18 14:25:07.814,12.02042,12.02291,0.00,0.00
2014.12.18 14:25:07.865,12.02021,12.02291,0.00,0.00
2014.12.18 14:25:10.019,12.02011,12.02291,0.00,0.00
2014.12.18 14:25:11.004,12.02011,12.02242,0.00,0.00
2014.12.18 14:25:11.054,12.01981,12.02242,0.00,0.00
2014.12.18 14:25:11.843,12.01981,12.02287,0.00,0.00
2014.12.18 14:25:11.893,12.02041,12.02287,0.00,0.00
2014.12.18 14:25:11.959,12.02041,12.02321,0.00,0.00
2014.12.18 14:25:12.010,12.02041,12.02342,0.00,0.00
2014.12.18 14:25:12.548,12.02072,12.02342,0.00,0.00
2014.12.18 14:25:12.725,12.02072,12.02365,0.00,0.00
2014.12.18 14:25:12.776,12.02072,12.02378,0.00,0.00
2014.12.18 14:25:12.827,12.02089,12.02378,0.00,0.00
2014.12.18 14:25:13.043,12.02152,12.02442,0.00,0.00
2014.12.18 14:25:13.385,12.02152,12.02458,0.00,0.00
2014.12.18 14:25:13.486,12.02211,12.02494,0.00,0.00
2014.12.18 14:25:13.586,12.02211,12.02502,0.00,0.00
2014.12.18 14:25:13.637,12.02211,12.02442,0.00,0.00
2014.12.18 14:25:13.687,12.02182,12.02442,0.00,0.00
2014.12.18 14:25:14.853,12.02182,12.02478,0.00,0.00
2014.12.18 14:25:14.903,12.02202,12.02497,0.00,0.00
2014.12.18 14:25:15.114,12.02202,12.02502,0.00,0.00
2014.12.18 14:25:15.877,12.02212,12.02502,0.00,0.00
2014.12.18 14:25:17.071,12.02232,12.02502,0.00,0.00
2014.12.18 14:25:17.130,12.02232,12.02552,0.00,0.00
2014.12.18 14:25:17.896,12.02251,12.02552,0.00,0.00
2014.12.18 14:25:17.997,12.02232,12.02552,0.00,0.00
2014.12.18 14:25:19.537,12.02211,12.02529,0.00,0.00
2014.12.18 14:25:20.057,12.02202,12.02502,0.00,0.00
2014.12.18 14:25:25.704,12.02182,12.02441,0.00,0.00
2014.12.18 14:25:25.804,12.02139,12.02441,0.00,0.00
2014.12.18 14:25:25.855,12.02131,12.02441,0.00,0.00
2014.12.18 14:25:26.767,12.02141,12.02441,0.00,0.00
2014.12.18 14:25:27.657,12.02182,12.02441,0.00,0.00
2014.12.18 14:25:28.015,12.02142,12.02391,0.00,0.00
2014.12.18 14:25:28.116,12.02111,12.02391,0.00,0.00
2014.12.18 14:25:28.967,12.02102,12.02391,0.00,0.00
2014.12.18 14:25:30.067,12.02111,12.02391,0.00,0.00
2014.12.18 14:25:31.167,12.02102,12.02391,0.00,0.00
2014.12.18 14:25:31.677,12.02102,12.02428,0.00,0.00
2014.12.18 14:25:31.727,12.02181,12.02442,0.00,0.00
2014.12.18 14:25:31.878,12.02172,12.02442,0.00,0.00
2014.12.18 14:25:31.979,12.02172,12.02391,0.00,0.00
2014.12.18 14:25:32.130,12.02202,12.02483,0.00,0.00
2014.12.18 14:25:32.256,12.02202,12.02502,0.00,0.00
2014.12.18 14:25:33.412,12.02202,12.02528,0.00,0.00
2014.12.18 14:25:33.513,12.02232,12.02551,0.00,0.00
2014.12.18 14:25:33.883,12.02251,12.02551,0.00,0.00
2014.12.18 14:25:34.467,12.02261,12.02551,0.00,0.00
2014.12.18 14:25:34.625,12.02231,12.02551,0.00,0.00
2014.12.18 14:25:34.726,12.02231,12.02502,0.00,0.00
2014.12.18 14:25:35.007,12.02211,12.02502,0.00,0.00
2014.12.18 14:25:35.568,12.02202,12.02502,0.00,0.00
2014.12.18 14:25:36.169,12.02202,12.02442,0.00,0.00
2014.12.18 14:25:36.269,12.02182,12.02442,0.00,0.00
2014.12.18 14:25:37.288,12.02182,12.02478,0.00,0.00
2014.12.18 14:25:37.338,12.02262,12.02501,0.00,0.00
2014.12.18 14:25:37.389,12.02262,12.02551,0.00,0.00
2014.12.18 14:25:37.439,12.02271,12.02551,0.00,0.00
2014.12.18 14:25:37.714,12.02271,12.02579,0.00,0.00
2014.12.18 14:25:37.815,12.02319,12.02598,0.00,0.00
2014.12.18 14:25:37.916,12.02361,12.02651,0.00,0.00
2014.12.18 14:25:38.135,12.02361,12.02669,0.00,0.00
2014.12.18 14:25:38.236,12.02382,12.02711,0.00,0.00
2014.12.18 14:25:38.337,12.02441,12.02742,0.00,0.00
2014.12.18 14:25:39.012,12.02441,12.02741,0.00,0.00
2014.12.18 14:25:42.138,12.02441,12.02692,0.00,0.00
2014.12.18 14:25:42.189,12.02401,12.02692,0.00,0.00
2014.12.18 14:25:42.974,12.02401,12.02651,0.00,0.00
2014.12.18 14:25:43.078,12.02361,12.02651,0.00,0.00
2014.12.18 14:25:43.179,12.02319,12.02629,0.00,0.00
2014.12.18 14:25:43.229,12.02319,12.02602,0.00,0.00
2014.12.18 14:25:43.589,12.02281,12.02552,0.00,0.00
2014.12.18 14:25:44.807,12.02272,12.02552,0.00,0.00
2014.12.18 14:25:46.347,12.02281,12.02552,0.00,0.00
2014.12.18 14:25:53.783,12.02321,12.02629,0.00,0.00
2014.12.18 14:25:53.833,12.02381,12.02651,0.00,0.00
2014.12.18 14:25:54.742,12.02381,12.02652,0.00,0.00
2014.12.18 14:26:00.139,12.02381,12.02679,0.00,0.00
2014.12.18 14:26:00.240,12.02441,12.02692,0.00,0.00
2014.12.18 14:26:00.290,12.02441,12.02741,0.00,0.00
2014.12.18 14:26:01.527,12.02462,12.02741,0.00,0.00
2014.12.18 14:26:03.199,12.02581,12.02741,0.00,0.00
2014.12.18 14:26:03.249,12.02581,12.02791,0.00,0.00
2014.12.18 14:26:03.300,12.02552,12.02791,0.00,0.00
2014.12.18 14:26:03.400,12.02591,12.02842,0.00,0.00
2014.12.18 14:26:03.451,12.02591,12.02891,0.00,0.00
2014.12.18 14:26:03.501,12.02591,12.02882,0.00,0.00
2014.12.18 14:26:03.803,12.02542,12.02791,0.00,0.00
2014.12.18 14:26:04.782,12.02542,12.02841,0.00,0.00
2014.12.18 14:26:05.292,12.02561,12.02841,0.00,0.00
2014.12.18 14:26:05.600,12.02541,12.02791,0.00,0.00
2014.12.18 14:26:06.366,12.02532,12.02791,0.00,0.00
2014.12.18 14:26:06.622,12.02532,12.02838,0.00,0.00
2014.12.18 14:26:06.723,12.02571,12.02842,0.00,0.00
2014.12.18 14:26:06.774,12.02571,12.02879,0.00,0.00
2014.12.18 14:26:06.824,12.02639,12.02892,0.00,0.00
2014.12.18 14:26:06.925,12.02601,12.02892,0.00,0.00
2014.12.18 14:26:07.026,12.02601,12.02929,0.00,0.00
2014.12.18 14:26:07.076,12.02601,12.02892,0.00,0.00
2014.12.18 14:26:07.797,12.02611,12.02892,0.00,0.00
2014.12.18 14:26:11.332,12.02641,12.02892,0.00,0.00
2014.12.18 14:26:11.382,12.02641,12.02942,0.00,0.00
2014.12.18 14:26:12.306,12.02652,12.02942,0.00,0.00
2014.12.18 14:26:13.599,12.02652,12.02892,0.00,0.00
2014.12.18 14:26:13.649,12.02622,12.02892,0.00,0.00
2014.12.18 14:26:14.142,12.02622,12.02928,0.00,0.00
2014.12.18 14:26:14.193,12.02682,12.02941,0.00,0.00
2014.12.18 14:26:15.276,12.02671,12.02941,0.00,0.00
2014.12.18 14:26:15.791,12.02671,12.02892,0.00,0.00
2014.12.18 14:26:15.842,12.02632,12.02892,0.00,0.00
2014.12.18 14:26:16.096,12.02632,12.02938,0.00,0.00
2014.12.18 14:26:16.197,12.02681,12.02942,0.00,0.00
2014.12.18 14:26:16.901,12.02681,12.02892,0.00,0.00
2014.12.18 14:26:16.952,12.02641,12.02892,0.00,0.00
2014.12.18 14:26:17.153,12.02631,12.02892,0.00,0.00
2014.12.18 14:26:18.066,12.02581,12.02842,0.00,0.00
2014.12.18 14:26:18.658,12.02581,12.02892,0.00,0.00
2014.12.18 14:26:18.759,12.02581,12.02841,0.00,0.00
2014.12.18 14:26:19.692,12.02541,12.02841,0.00,0.00
2014.12.18 14:26:19.742,12.02541,12.02791,0.00,0.00
2014.12.18 14:26:19.793,12.02531,12.02791,0.00,0.00
2014.12.18 14:26:19.944,12.02531,12.02839,0.00,0.00
2014.12.18 14:26:20.044,12.02641,12.02851,0.00,0.00
2014.12.18 14:26:20.195,12.02641,12.02942,0.00,0.00
2014.12.18 14:26:20.513,12.02641,12.02959,0.00,0.00
2014.12.18 14:26:20.563,12.02701,12.03,0.00,0.00
2014.12.18 14:26:20.614,12.02701,12.03029,0.00,0.00
2014.12.18 14:26:20.715,12.02742,12.03051,0.00,0.00
2014.12.18 14:26:21.656,12.02721,12.03029,0.00,0.00
2014.12.18 14:26:22.205,12.02721,12.03002,0.00,0.00
2014.12.18 14:26:22.538,12.02711,12.03002,0.00,0.00
2014.12.18 14:26:22.648,12.02722,12.03002,0.00,0.00
2014.12.18 14:26:24.074,12.02722,12.03028,0.00,0.00
2014.12.18 14:26:24.124,12.02761,12.03051,0.00,0.00
2014.12.18 14:26:24.406,12.02751,12.03051,0.00,0.00
2014.12.18 14:26:25.292,12.02761,12.03051,0.00,0.00
2014.12.18 14:26:25.681,12.02761,12.03069,0.00,0.00
2014.12.18 14:26:25.833,12.02799,12.03069,0.00,0.00
2014.12.18 14:26:25.933,12.02842,12.03148,0.00,0.00
2014.12.18 14:26:25.984,12.02821,12.03129,0.00,0.00
2014.12.18 14:26:26.034,12.02821,12.03102,0.00,0.00
2014.12.18 14:26:26.185,12.02801,12.03102,0.00,0.00
2014.12.18 14:26:26.678,12.02801,12.03129,0.00,0.00
2014.12.18 14:26:26.729,12.02842,12.03148,0.00,0.00
2014.12.18 14:26:27.042,12.02842,12.03101,0.00,0.00
2014.12.18 14:26:27.092,12.02802,12.03101,0.00,0.00
2014.12.18 14:26:28.180,12.02841,12.03152,0.00,0.00
2014.12.18 14:26:28.960,12.02841,12.03121,0.00,0.00
2014.12.18 14:26:29.212,12.02751,12.03051,0.00,0.00
2014.12.18 14:26:30.557,12.02751,12.03069,0.00,0.00
2014.12.18 14:26:30.607,12.02801,12.03102,0.00,0.00
2014.12.18 14:26:30.911,12.02759,12.03051,0.00,0.00
2014.12.18 14:26:30.962,12.02751,12.03051,0.00,0.00
2014.12.18 14:26:31.183,12.02751,12.03069,0.00,0.00
2014.12.18 14:26:31.234,12.0276,12.03068,0.00,0.00
2014.12.18 14:26:31.539,12.02752,12.03052,0.00,0.00
2014.12.18 14:26:31.986,12.02752,12.02942,0.00,0.00
2014.12.18 14:26:32.037,12.0271,12.02942,0.00,0.00
2014.12.18 14:26:32.139,12.02641,12.02942,0.00,0.00
2014.12.18 14:26:32.240,12.02632,12.02942,0.00,0.00
2014.12.18 14:26:33.950,12.02632,12.02891,0.00,0.00
2014.12.18 14:26:34.101,12.02551,12.02841,0.00,0.00
2014.12.18 14:26:36.306,12.02592,12.02891,0.00,0.00
2014.12.18 14:26:38.248,12.02592,12.02842,0.00,0.00
2014.12.18 14:26:38.298,12.02551,12.02842,0.00,0.00
2014.12.18 14:26:39.260,12.02542,12.02842,0.00,0.00
2014.12.18 14:26:40.452,12.02542,12.02791,0.00,0.00
2014.12.18 14:26:40.503,12.02501,12.02791,0.00,0.00
2014.12.18 14:26:41.535,12.02501,12.02829,0.00,0.00
2014.12.18 14:26:41.585,12.02541,12.02842,0.00,0.00
2014.12.18 14:26:42.008,12.02551,12.02842,0.00,0.00
2014.12.18 14:26:46.533,12.02642,12.02842,0.00,0.00
2014.12.18 14:26:46.735,12.02691,12.02942,0.00,0.00
2014.12.18 14:26:46.785,12.02741,12.02942,0.00,0.00
2014.12.18 14:26:46.836,12.02741,12.03002,0.00,0.00
2014.12.18 14:26:46.937,12.02741,12.03052,0.00,0.00
2014.12.18 14:26:47.672,12.02752,12.03052,0.00,0.00
2014.12.18 14:26:48.075,12.02732,12.03052,0.00,0.00
2014.12.18 14:26:48.125,12.02732,12.03001,0.00,0.00
2014.12.18 14:26:48.226,12.02691,12.03001,0.00,0.00
2014.12.18 14:26:49.001,12.02691,12.02941,0.00,0.00
2014.12.18 14:26:49.102,12.02641,12.02941,0.00,0.00
2014.12.18 14:26:50.304,12.02652,12.02941,0.00,0.00
2014.12.18 14:26:52.687,12.02651,12.02941,0.00,0.00
2014.12.18 14:26:54.189,12.02651,12.02891,0.00,0.00
2014.12.18 14:26:54.240,12.02641,12.02891,0.00,0.00
2014.12.18 14:26:54.341,12.02591,12.02891,0.00,0.00
2014.12.18 14:26:54.441,12.02591,12.02842,0.00,0.00
2014.12.18 14:26:54.492,12.02551,12.02842,0.00,0.00
2014.12.18 14:26:58.274,12.02551,12.02859,0.00,0.00
2014.12.18 14:26:58.325,12.02592,12.02892,0.00,0.00
2014.12.18 14:27:00.112,12.02592,12.02928,0.00,0.00
2014.12.18 14:27:00.213,12.02599,12.02928,0.00,0.00
2014.12.18 14:27:00.551,12.02642,12.02842,0.00,0.00
2014.12.18 14:27:00.652,12.026,12.02842,0.00,0.00
2014.12.18 14:27:00.703,12.02561,12.02842,0.00,0.00
2014.12.18 14:27:00.803,12.02542,12.02842,0.00,0.00
2014.12.18 14:27:01.765,12.02542,12.02742,0.00,0.00
2014.12.18 14:27:01.866,12.02452,12.02742,0.00,0.00
2014.12.18 14:27:02.806,12.02461,12.02742,0.00,0.00
2014.12.18 14:27:03.191,12.02461,12.02769,0.00,0.00
2014.12.18 14:27:03.292,12.02541,12.02791,0.00,0.00
2014.12.18 14:27:03.342,12.02541,12.02841,0.00,0.00
2014.12.18 14:27:07.151,12.02642,12.02958,0.00,0.00
2014.12.18 14:27:07.205,12.02632,12.02958,0.00,0.00
2014.12.18 14:27:08.857,12.02641,12.02959,0.00,0.00
2014.12.18 14:27:09.462,12.02679,12.02959,0.00,0.00
2014.12.18 14:27:09.563,12.02731,12.03018,0.00,0.00
2014.12.18 14:27:09.664,12.02751,12.03069,0.00,0.00
2014.12.18 14:27:10.276,12.02778,12.03069,0.00,0.00
2014.12.18 14:27:10.377,12.02842,12.03148,0.00,0.00
2014.12.18 14:27:10.718,12.02842,12.03131,0.00,0.00
2014.12.18 14:27:10.769,12.02779,12.03069,0.00,0.00
2014.12.18 14:27:10.869,12.02761,12.03069,0.00,0.00
2014.12.18 14:27:11.223,12.02779,12.03069,0.00,0.00
2014.12.18 14:27:11.324,12.02802,12.03128,0.00,0.00
2014.12.18 14:27:11.424,12.02842,12.03131,0.00,0.00
2014.12.18 14:27:11.475,12.02842,12.03148,0.00,0.00
2014.12.18 14:27:11.525,12.02881,12.03179,0.00,0.00
2014.12.18 14:27:12.296,12.02881,12.03121,0.00,0.00
2014.12.18 14:27:12.397,12.02781,12.03099,0.00,0.00
2014.12.18 14:27:12.448,12.02781,12.03092,0.00,0.00
2014.12.18 14:27:12.548,12.02781,12.03099,0.00,0.00
2014.12.18 14:27:12.706,12.02811,12.0312,0.00,0.00
2014.12.18 14:27:12.810,12.02818,12.03129,0.00,0.00
2014.12.18 14:27:13.091,12.02869,12.03129,0.00,0.00
2014.12.18 14:27:13.146,12.02869,12.03149,0.00,0.00
2014.12.18 14:27:13.533,12.02841,12.03149,0.00,0.00
2014.12.18 14:27:13.707,12.02819,12.03129,0.00,0.00
2014.12.18 14:27:13.808,12.02782,12.03098,0.00,0.00
2014.12.18 14:27:14.834,12.02781,12.03089,0.00,0.00
2014.12.18 14:27:15.180,12.02818,12.03089,0.00,0.00
2014.12.18 14:27:15.281,12.02821,12.03124,0.00,0.00
2014.12.18 14:27:15.490,12.02821,12.03129,0.00,0.00
2014.12.18 14:27:15.785,12.02818,12.03129,0.00,0.00
2014.12.18 14:27:15.941,12.02818,12.03099,0.00,0.00
2014.12.18 14:27:16.092,12.02771,12.03079,0.00,0.00
2014.12.18 14:27:16.281,12.02818,12.03079,0.00,0.00
2014.12.18 14:27:16.382,12.02821,12.03129,0.00,0.00
2014.12.18 14:27:16.649,12.02821,12.0312,0.00,0.00
2014.12.18 14:27:16.803,12.02781,12.03099,0.00,0.00
2014.12.18 14:27:16.887,12.02821,12.03103,0.00,0.00
2014.12.18 14:27:17.139,12.02821,12.03129,0.00,0.00
2014.12.18 14:27:17.482,12.02781,12.03099,0.00,0.00
2014.12.18 14:27:22.193,12.02781,12.03081,0.00,0.00
2014.12.18 14:27:22.578,12.02781,12.03052,0.00,0.00
2014.12.18 14:27:23.978,12.02781,12.03033,0.00,0.00
2014.12.18 14:27:24.079,12.02652,12.02958,0.00,0.00
2014.12.18 14:27:24.916,12.02641,12.02959,0.00,0.00
2014.12.18 14:27:25.357,12.02661,12.02969,0.00,0.00
2014.12.18 14:27:25.905,12.02671,12.02979,0.00,0.00
2014.12.18 14:27:26.243,12.02651,12.02959,0.00,0.00
2014.12.18 14:27:26.660,12.02651,12.02942,0.00,0.00
2014.12.18 14:27:27.005,12.02641,12.02942,0.00,0.00
2014.12.18 14:27:30.852,12.02739,12.02959,0.00,0.00
2014.12.18 14:27:30.903,12.02782,12.03052,0.00,0.00
2014.12.18 14:27:32.584,12.02781,12.03052,0.00,0.00
2014.12.18 14:27:33.685,12.02781,12.03033,0.00,0.00
2014.12.18 14:27:33.836,12.02609,12.02928,0.00,0.00
2014.12.18 14:27:33.887,12.02592,12.02892,0.00,0.00
2014.12.18 14:27:34.761,12.02592,12.02928,0.00,0.00
2014.12.18 14:27:34.862,12.02642,12.02942,0.00,0.00
2014.12.18 14:27:35.751,12.02642,12.02941,0.00,0.00
2014.12.18 14:27:36.356,12.02652,12.02941,0.00,0.00
2014.12.18 14:27:36.907,12.02641,12.02941,0.00,0.00
2014.12.18 14:27:40.085,12.02641,12.02892,0.00,0.00
2014.12.18 14:27:40.135,12.026,12.02859,0.00,0.00
2014.12.18 14:27:40.186,12.02551,12.02859,0.00,0.00
2014.12.18 14:27:40.370,12.02551,12.02842,0.00,0.00
2014.12.18 14:27:41.646,12.02581,12.02842,0.00,0.00
2014.12.18 14:27:42.727,12.02581,12.02889,0.00,0.00
2014.12.18 14:27:42.777,12.02591,12.02892,0.00,0.00
2014.12.18 14:27:43.433,12.02639,12.02892,0.00,0.00
2014.12.18 14:27:43.483,12.02639,12.02929,0.00,0.00
2014.12.18 14:27:43.534,12.02682,12.02941,0.00,0.00
2014.12.18 14:27:45.158,12.02691,12.02941,0.00,0.00
2014.12.18 14:27:46.805,12.02661,12.02941,0.00,0.00
2014.12.18 14:27:47.685,12.02651,12.02941,0.00,0.00
2014.12.18 14:27:48.510,12.02651,12.02959,0.00,0.00
2014.12.18 14:27:48.785,12.02651,12.02872,0.00,0.00
2014.12.18 14:27:48.835,12.02552,12.02858,0.00,0.00
2014.12.18 14:27:50.464,12.02551,12.02859,0.00,0.00
2014.12.18 14:27:50.565,12.02541,12.02859,0.00,0.00
2014.12.18 14:27:51.426,12.02552,12.02858,0.00,0.00
2014.12.18 14:27:52.857,12.02581,12.02872,0.00,0.00
2014.12.18 14:27:55.610,12.02642,12.02872,0.00,0.00
2014.12.18 14:27:55.660,12.02642,12.02909,0.00,0.00
2014.12.18 14:27:55.711,12.02642,12.02931,0.00,0.00
2014.12.18 14:27:55.769,12.02642,12.02958,0.00,0.00
2014.12.18 14:27:56.045,12.02662,12.02968,0.00,0.00
2014.12.18 14:27:56.310,12.02691,12.03028,0.00,0.00
2014.12.18 14:27:57.576,12.02691,12.03029,0.00,0.00
2014.12.18 14:27:58.630,12.02691,12.02981,0.00,0.00
2014.12.18 14:27:58.731,12.02642,12.02958,0.00,0.00
2014.12.18 14:27:59.675,12.02632,12.02958,0.00,0.00
2014.12.18 14:28:00.115,12.02681,12.02981,0.00,0.00
2014.12.18 14:28:00.804,12.02639,12.02888,0.00,0.00
2014.12.18 14:28:00.854,12.02582,12.02888,0.00,0.00
2014.12.18 14:28:00.955,12.02582,12.02872,0.00,0.00
2014.12.18 14:28:01.464,12.02581,12.02872,0.00,0.00
2014.12.18 14:28:01.931,12.02581,12.02889,0.00,0.00
2014.12.18 14:28:02.032,12.02591,12.02921,0.00,0.00
2014.12.18 14:28:02.132,12.02591,12.02929,0.00,0.00
2014.12.18 14:28:02.183,12.02591,12.02872,0.00,0.00
2014.12.18 14:28:02.233,12.02581,12.02872,0.00,0.00
2014.12.18 14:28:02.334,12.02562,12.02868,0.00,0.00
2014.12.18 14:28:02.485,12.02562,12.02832,0.00,0.00
2014.12.18 14:28:02.686,12.02481,12.02781,0.00,0.00
2014.12.18 14:28:02.787,12.02461,12.02769,0.00,0.00
2014.12.18 14:28:03.965,12.02451,12.02769,0.00,0.00
2014.12.18 14:28:04.955,12.02461,12.02769,0.00,0.00
2014.12.18 14:28:06.504,12.02452,12.02768,0.00,0.00
2014.12.18 14:28:06.606,12.02461,12.02769,0.00,0.00
2014.12.18 14:28:07.487,12.02472,12.02778,0.00,0.00
2014.12.18 14:28:07.814,12.02461,12.02769,0.00,0.00
2014.12.18 14:28:08.585,12.02451,12.02769,0.00,0.00
2014.12.18 14:28:08.805,12.02482,12.02781,0.00,0.00
2014.12.18 14:28:10.703,12.02451,12.02769,0.00,0.00
2014.12.18 14:28:11.115,12.02442,12.02768,0.00,0.00
2014.12.18 14:28:12.325,12.02451,12.02769,0.00,0.00
2014.12.18 14:28:12.775,12.02441,12.02769,0.00,0.00
2014.12.18 14:28:15.309,12.02399,12.02668,0.00,0.00
2014.12.18 14:28:15.410,12.02342,12.02668,0.00,0.00
2014.12.18 14:28:16.429,12.02332,12.02648,0.00,0.00
2014.12.18 14:28:17.313,12.02341,12.02649,0.00,0.00
2014.12.18 14:28:17.565,12.02331,12.02649,0.00,0.00
2014.12.18 14:28:17.828,12.02331,12.02631,0.00,0.00
2014.12.18 14:28:17.878,12.02302,12.02628,0.00,0.00
2014.12.18 14:28:18.395,12.02341,12.02631,0.00,0.00
2014.12.18 14:28:18.496,12.02341,12.02649,0.00,0.00
2014.12.18 14:28:18.547,12.02329,12.02629,0.00,0.00
2014.12.18 14:28:18.597,12.02301,12.02629,0.00,0.00
2014.12.18 14:28:18.698,12.02329,12.02629,0.00,0.00
2014.12.18 14:28:18.749,12.02341,12.02649,0.00,0.00
2014.12.18 14:28:19.515,12.02331,12.02649,0.00,0.00
2014.12.18 14:28:20.154,12.02342,12.02668,0.00,0.00
2014.12.18 14:28:21.804,12.02361,12.02669,0.00,0.00
2014.12.18 14:28:22.366,12.02341,12.02669,0.00,0.00
2014.12.18 14:28:26.548,12.02318,12.02629,0.00,0.00
2014.12.18 14:28:26.850,12.02268,12.02569,0.00,0.00
2014.12.18 14:28:27.243,12.02268,12.02528,0.00,0.00
2014.12.18 14:28:27.293,12.02192,12.02528,0.00,0.00
2014.12.18 14:28:27.623,12.02229,12.02528,0.00,0.00
2014.12.18 14:28:27.673,12.02242,12.02558,0.00,0.00
2014.12.18 14:28:28.185,12.02232,12.02558,0.00,0.00
2014.12.18 14:28:28.736,12.02241,12.02559,0.00,0.00
2014.12.18 14:28:28.943,12.02302,12.02628,0.00,0.00
2014.12.18 14:28:29.457,12.02318,12.02628,0.00,0.00
2014.12.18 14:28:29.562,12.02302,12.02628,0.00,0.00
2014.12.18 14:28:31.251,12.02302,12.02591,0.00,0.00
2014.12.18 14:28:31.301,12.02262,12.02568,0.00,0.00
2014.12.18 14:28:31.486,12.02242,12.02558,0.00,0.00
2014.12.18 14:28:31.778,12.02268,12.02558,0.00,0.00
2014.12.18 14:28:31.929,12.02302,12.02601,0.00,0.00
2014.12.18 14:28:31.980,12.02302,12.02628,0.00,0.00
2014.12.18 14:28:32.602,12.02268,12.02568,0.00,0.00
2014.12.18 14:28:32.652,12.02262,12.02568,0.00,0.00
2014.12.18 14:28:33.217,12.02269,12.02568,0.00,0.00
2014.12.18 14:28:33.319,12.02262,12.02568,0.00,0.00
2014.12.18 14:28:34.363,12.02252,12.02568,0.00,0.00
2014.12.18 14:28:35.280,12.02318,12.02568,0.00,0.00
2014.12.18 14:28:35.381,12.02341,12.02649,0.00,0.00
2014.12.18 14:28:35.481,12.02341,12.02669,0.00,0.00
2014.12.18 14:28:38.177,12.02419,12.02669,0.00,0.00
2014.12.18 14:28:38.227,12.02419,12.02728,0.00,0.00
2014.12.18 14:28:38.278,12.02392,12.02728,0.00,0.00
2014.12.18 14:28:40.309,12.02369,12.02668,0.00,0.00
2014.12.18 14:28:40.360,12.02362,12.02668,0.00,0.00
2014.12.18 14:28:40.460,12.02342,12.02668,0.00,0.00
2014.12.18 14:28:41.971,12.02362,12.02668,0.00,0.00
2014.12.18 14:28:45.654,12.02368,12.02668,0.00,0.00
2014.12.18 14:28:45.754,12.02441,12.02769,0.00,0.00
2014.12.18 14:28:47.122,12.02441,12.02759,0.00,0.00
2014.12.18 14:28:47.223,12.02391,12.02729,0.00,0.00
2014.12.18 14:28:48.699,12.02418,12.02729,0.00,0.00
2014.12.18 14:28:48.800,12.02442,12.02768,0.00,0.00
2014.12.18 14:28:49.923,12.02442,12.02681,0.00,0.00
2014.12.18 14:28:49.974,12.024,12.02669,0.00,0.00
2014.12.18 14:28:50.079,12.02341,12.02669,0.00,0.00
2014.12.18 14:28:52.882,12.02369,12.02669,0.00,0.00
2014.12.18 14:28:53.138,12.02461,12.02769,0.00,0.00
2014.12.18 14:28:54.365,12.02442,12.02768,0.00,0.00
2014.12.18 14:28:54.641,12.02468,12.02768,0.00,0.00
2014.12.18 14:28:54.893,12.02541,12.02859,0.00,0.00
2014.12.18 14:28:55.356,12.02551,12.02859,0.00,0.00
2014.12.18 14:28:57.681,12.02591,12.02872,0.00,0.00
2014.12.18 14:28:57.832,12.02732,12.03024,0.00,0.00
2014.12.18 14:28:57.933,12.02691,12.03029,0.00,0.00
2014.12.18 14:28:57.983,12.02691,12.02982,0.00,0.00
2014.12.18 14:28:58.185,12.02691,12.03029,0.00,0.00
2014.12.18 14:28:58.235,12.02741,12.03032,0.00,0.00
2014.12.18 14:28:58.286,12.02741,12.03059,0.00,0.00
2014.12.18 14:28:59.547,12.02731,12.03059,0.00,0.00
2014.12.18 14:29:00.174,12.02731,12.03032,0.00,0.00
2014.12.18 14:29:00.224,12.02691,12.03029,0.00,0.00
2014.12.18 14:29:00.274,12.02728,12.03029,0.00,0.00
2014.12.18 14:29:00.325,12.02741,12.03059,0.00,0.00
2014.12.18 14:29:00.910,12.02741,12.03031,0.00,0.00
2014.12.18 14:29:01.011,12.02699,12.03028,0.00,0.00
2014.12.18 14:29:01.061,12.02728,12.03028,0.00,0.00
2014.12.18 14:29:01.112,12.02742,12.03054,0.00,0.00
2014.12.18 14:29:01.212,12.02742,12.03058,0.00,0.00
2014.12.18 14:29:02.766,12.02731,12.03059,0.00,0.00
2014.12.18 14:29:02.835,12.02752,12.03068,0.00,0.00
2014.12.18 14:29:05.585,12.02862,12.03168,0.00,0.00
2014.12.18 14:29:05.786,12.02941,12.03259,0.00,0.00
2014.12.18 14:29:06.720,12.02942,12.03268,0.00,0.00
2014.12.18 14:29:07.360,12.02941,12.03259,0.00,0.00
2014.12.18 14:29:07.511,12.02841,12.03169,0.00,0.00
2014.12.18 14:29:07.784,12.02831,12.03149,0.00,0.00
2014.12.18 14:29:08.004,12.02841,12.03169,0.00,0.00
2014.12.18 14:29:08.105,12.02868,12.03169,0.00,0.00
2014.12.18 14:29:08.155,12.02891,12.03229,0.00,0.00
2014.12.18 14:29:09.204,12.02919,12.03229,0.00,0.00
2014.12.18 14:29:09.254,12.02941,12.03269,0.00,0.00
2014.12.18 14:29:09.544,12.02919,12.03229,0.00,0.00
2014.12.18 14:29:09.645,12.029,12.03229,0.00,0.00
2014.12.18 14:29:09.695,12.02941,12.03231,0.00,0.00
2014.12.18 14:29:09.746,12.02941,12.03269,0.00,0.00
2014.12.18 14:29:12.029,12.02968,12.03269,0.00,0.00
2014.12.18 14:29:12.280,12.02941,12.03269,0.00,0.00
2014.12.18 14:29:13.745,12.02918,12.03168,0.00,0.00
2014.12.18 14:29:13.796,12.029,12.03168,0.00,0.00
2014.12.18 14:29:13.897,12.02852,12.03168,0.00,0.00
2014.12.18 14:29:14.808,12.02868,12.03168,0.00,0.00
2014.12.18 14:29:14.908,12.02852,12.03168,0.00,0.00
2014.12.18 14:29:16.881,12.02868,12.03168,0.00,0.00
2014.12.18 14:29:16.932,12.02891,12.03228,0.00,0.00
2014.12.18 14:29:17.584,12.02891,12.03229,0.00,0.00
2014.12.18 14:29:18.593,12.02868,12.03169,0.00,0.00
2014.12.18 14:29:18.643,12.02841,12.03169,0.00,0.00
2014.12.18 14:29:19.242,12.02819,12.03128,0.00,0.00
2014.12.18 14:29:19.293,12.02802,12.03128,0.00,0.00
2014.12.18 14:29:19.499,12.02802,12.03092,0.00,0.00
2014.12.18 14:29:19.600,12.02759,12.03068,0.00,0.00
2014.12.18 14:29:19.908,12.02752,12.03068,0.00,0.00
2014.12.18 14:29:20.048,12.02768,12.03068,0.00,0.00
2014.12.18 14:29:20.199,12.02842,12.03168,0.00,0.00
2014.12.18 14:29:22.208,12.02819,12.03069,0.00,0.00
2014.12.18 14:29:22.259,12.02751,12.03069,0.00,0.00
2014.12.18 14:29:29.518,12.02751,12.03058,0.00,0.00
2014.12.18 14:29:29.568,12.02742,12.03058,0.00,0.00
2014.12.18 14:29:29.619,12.02742,12.03022,0.00,0.00
2014.12.18 14:29:29.719,12.02691,12.02981,0.00,0.00
2014.12.18 14:29:29.870,12.02691,12.03029,0.00,0.00
2014.12.18 14:29:30.087,12.02691,12.02982,0.00,0.00
2014.12.18 14:29:30.138,12.02641,12.02959,0.00,0.00
2014.12.18 14:29:32.038,12.02669,12.02959,0.00,0.00
2014.12.18 14:29:32.138,12.02691,12.03023,0.00,0.00
2014.12.18 14:29:32.305,12.02691,12.03029,0.00,0.00
2014.12.18 14:29:37.050,12.02731,12.03031,0.00,0.00
2014.12.18 14:29:37.101,12.02731,12.03057,0.00,0.00
2014.12.18 14:29:37.208,12.02731,12.03059,0.00,0.00
2014.12.18 14:29:39.023,12.02751,12.03069,0.00,0.00
2014.12.18 14:29:42.687,12.02728,12.03029,0.00,0.00
2014.12.18 14:29:42.737,12.02691,12.03029,0.00,0.00
2014.12.18 14:29:43.508,12.02691,12.02982,0.00,0.00
2014.12.18 14:29:43.608,12.02691,12.03001,0.00,0.00
2014.12.18 14:29:43.659,12.02692,12.03028,0.00,0.00
2014.12.18 14:29:50.286,12.027,12.03028,0.00,0.00
2014.12.18 14:29:50.797,12.02741,12.03059,0.00,0.00
2014.12.18 14:29:51.359,12.02751,12.03069,0.00,0.00
2014.12.18 14:29:52.180,12.02751,12.03068,0.00,0.00
2014.12.18 14:29:52.537,12.02741,12.03049,0.00,0.00
2014.12.18 14:29:52.588,12.02752,12.03068,0.00,0.00
2014.12.18 14:29:53.409,12.02778,12.03068,0.00,0.00
2014.12.18 14:29:53.610,12.02942,12.03258,0.00,0.00
2014.12.18 14:29:53.711,12.03008,12.03258,0.00,0.00
2014.12.18 14:29:53.811,12.03042,12.03343,0.00,0.00
2014.12.18 14:29:54.013,12.03091,12.03372,0.00,0.00
2014.12.18 14:29:54.113,12.03119,12.03429,0.00,0.00
2014.12.18 14:29:54.264,12.03091,12.03429,0.00,0.00
2014.12.18 14:29:54.315,12.03131,12.03415,0.00,0.00
2014.12.18 14:29:54.416,12.03131,12.03459,0.00,0.00
2014.12.18 14:29:54.745,12.03221,12.03459,0.00,0.00
2014.12.18 14:29:54.846,12.03251,12.03531,0.00,0.00
2014.12.18 14:29:54.896,12.03352,12.03531,0.00,0.00
2014.12.18 14:29:54.947,12.03352,12.03615,0.00,0.00
2014.12.18 14:29:54.997,12.03442,12.03681,0.00,0.00
2014.12.18 14:29:55.047,12.03442,12.03731,0.00,0.00
2014.12.18 14:29:55.199,12.03399,12.03731,0.00,0.00
2014.12.18 14:29:55.250,12.03391,12.03731,0.00,0.00
2014.12.18 14:29:55.300,12.03391,12.03692,0.00,0.00
2014.12.18 14:29:55.401,12.03419,12.03748,0.00,0.00
2014.12.18 14:29:55.452,12.03441,12.03748,0.00,0.00
2014.12.18 14:29:55.603,12.03441,12.03769,0.00,0.00
2014.12.18 14:29:56.395,12.03469,12.03769,0.00,0.00
2014.12.18 14:29:56.496,12.03469,12.03779,0.00,0.00
2014.12.18 14:29:56.597,12.03451,12.03779,0.00,0.00
2014.12.18 14:29:57.110,12.03451,12.03767,0.00,0.00
2014.12.18 14:29:57.983,12.03451,12.03721,0.00,0.00
2014.12.18 14:29:58.033,12.03401,12.03721,0.00,0.00
2014.12.18 14:29:58.086,12.03401,12.03731,0.00,0.00
2014.12.18 14:29:58.238,12.03401,12.03694,0.00,0.00
2014.12.18 14:29:58.443,12.03401,12.0372,0.00,0.00
2014.12.18 14:29:58.544,12.03401,12.03699,0.00,0.00
2014.12.18 14:29:58.696,12.03401,12.03725,0.00,0.00
2014.12.18 14:29:59.758,12.03401,12.03682,0.00,0.00
2014.12.18 14:29:59.808,12.0336,12.03679,0.00,0.00
2014.12.18 14:29:59.859,12.03351,12.03679,0.00,0.00
2014.12.18 14:30:00.199,12.03351,12.03632,0.00,0.00
2014.12.18 14:30:00.350,12.03301,12.036,0.00,0.00
2014.12.18 14:30:00.451,12.03442,12.03685,0.00,0.00
2014.12.18 14:30:00.501,12.03442,12.03731,0.00,0.00
2014.12.18 14:30:00.655,12.03442,12.03768,0.00,0.00
2014.12.18 14:30:00.863,12.03442,12.03691,0.00,0.00
2014.12.18 14:30:01.018,12.03452,12.03778,0.00,0.00
2014.12.18 14:30:01.743,12.03468,12.03778,0.00,0.00
2014.12.18 14:30:02.044,12.03501,12.0378,0.00,0.00
2014.12.18 14:30:02.095,12.03459,12.03778,0.00,0.00
2014.12.18 14:30:02.146,12.03452,12.03778,0.00,0.00
2014.12.18 14:30:02.196,12.03452,12.03732,0.00,0.00
2014.12.18 14:30:02.247,12.03401,12.0372,0.00,0.00
2014.12.18 14:30:02.297,12.03419,12.0372,0.00,0.00
2014.12.18 14:30:02.517,12.03451,12.03779,0.00,0.00
2014.12.18 14:30:02.760,12.03501,12.0378,0.00,0.00
2014.12.18 14:30:02.810,12.03501,12.03804,0.00,0.00
2014.12.18 14:30:02.860,12.03541,12.03804,0.00,0.00
2014.12.18 14:30:02.911,12.03541,12.0385,0.00,0.00
2014.12.18 14:30:03.081,12.03501,12.03831,0.00,0.00
2014.12.18 14:30:03.339,12.03501,12.03819,0.00,0.00
2014.12.18 14:30:03.941,12.03501,12.03782,0.00,0.00
2014.12.18 14:30:03.991,12.03459,12.03758,0.00,0.00
2014.12.18 14:30:04.042,12.03418,12.03745,0.00,0.00
2014.12.18 14:30:04.142,12.03402,12.03731,0.00,0.00
2014.12.18 14:30:04.193,12.03442,12.03745,0.00,0.00
2014.12.18 14:30:04.243,12.03442,12.03778,0.00,0.00
2014.12.18 14:30:04.294,12.03442,12.03731,0.00,0.00
2014.12.18 14:30:04.445,12.03401,12.03731,0.00,0.00
2014.12.18 14:30:04.614,12.03401,12.03719,0.00,0.00
2014.12.18 14:30:05.290,12.03401,12.03692,0.00,0.00
2014.12.18 14:30:05.391,12.03352,12.03669,0.00,0.00
2014.12.18 14:30:07.037,12.03309,12.03578,0.00,0.00
2014.12.18 14:30:07.088,12.03252,12.03578,0.00,0.00
2014.12.18 14:30:07.139,12.03278,12.03578,0.00,0.00
2014.12.18 14:30:07.189,12.03302,12.03614,0.00,0.00
2014.12.18 14:30:07.240,12.03328,12.03619,0.00,0.00
2014.12.18 14:30:07.341,12.03341,12.03669,0.00,0.00
2014.12.18 14:30:07.681,12.03341,12.03641,0.00,0.00
2014.12.18 14:30:07.839,12.03301,12.0362,0.00,0.00
2014.12.18 14:30:08.062,12.03301,12.0364,0.00,0.00
2014.12.18 14:30:08.121,12.03301,12.03642,0.00,0.00
2014.12.18 14:30:08.472,12.0326,12.03579,0.00,0.00
2014.12.18 14:30:08.573,12.03251,12.03579,0.00,0.00
2014.12.18 14:30:08.623,12.03302,12.03592,0.00,0.00
2014.12.18 14:30:08.825,12.03352,12.03678,0.00,0.00
2014.12.18 14:30:09.566,12.03441,12.03691,0.00,0.00
2014.12.18 14:30:09.679,12.03401,12.0371,0.00,0.00
2014.12.18 14:30:09.730,12.03401,12.03732,0.00,0.00
2014.12.18 14:30:09.831,12.03441,12.03769,0.00,0.00
2014.12.18 14:30:10.161,12.03401,12.03692,0.00,0.00
2014.12.18 14:30:10.262,12.03441,12.03759,0.00,0.00
2014.12.18 14:30:10.363,12.03418,12.03759,0.00,0.00
2014.12.18 14:30:10.464,12.03441,12.03759,0.00,0.00
2014.12.18 14:30:11.105,12.03451,12.03779,0.00,0.00
2014.12.18 14:30:12.199,12.03451,12.03742,0.00,0.00
2014.12.18 14:30:12.529,12.03401,12.03691,0.00,0.00
2014.12.18 14:30:13.041,12.03501,12.03791,0.00,0.00
2014.12.18 14:30:13.344,12.0341,12.03758,0.00,0.00
2014.12.18 14:30:13.445,12.03501,12.03742,0.00,0.00
2014.12.18 14:30:13.545,12.03501,12.03791,0.00,0.00
2014.12.18 14:30:13.646,12.03541,12.03791,0.00,0.00
2014.12.18 14:30:14.009,12.03451,12.03741,0.00,0.00
2014.12.18 14:30:14.516,12.03442,12.03741,0.00,0.00
2014.12.18 14:30:16.511,12.03351,12.03601,0.00,0.00
2014.12.18 14:30:16.611,12.03291,12.03601,0.00,0.00
2014.12.18 14:30:16.712,12.03291,12.03552,0.00,0.00
2014.12.18 14:30:16.763,12.03259,12.03552,0.00,0.00
2014.12.18 14:30:16.863,12.03251,12.03552,0.00,0.00
2014.12.18 14:30:17.311,12.03391,12.03552,0.00,0.00
2014.12.18 14:30:17.614,12.03442,12.03601,0.00,0.00
2014.12.18 14:30:17.714,12.03442,12.03652,0.00,0.00
2014.12.18 14:30:17.809,12.03442,12.03691,0.00,0.00
2014.12.18 14:30:18.139,12.03442,12.03741,0.00,0.00
2014.12.18 14:30:19.571,12.03442,12.03692,0.00,0.00
2014.12.18 14:30:19.622,12.03399,12.03692,0.00,0.00
2014.12.18 14:30:19.729,12.03392,12.03692,0.00,0.00
2014.12.18 14:30:20.050,12.03392,12.03651,0.00,0.00
2014.12.18 14:30:20.151,12.03351,12.03651,0.00,0.00
2014.12.18 14:30:21.269,12.03301,12.03602,0.00,0.00
2014.12.18 14:30:21.800,12.03259,12.03552,0.00,0.00
2014.12.18 14:30:21.905,12.03302,12.03602,0.00,0.00
2014.12.18 14:30:22.319,12.03302,12.03652,0.00,0.00
2014.12.18 14:30:22.370,12.03351,12.03652,0.00,0.00
2014.12.18 14:30:22.676,12.0331,12.03601,0.00,0.00
2014.12.18 14:30:22.726,12.03301,12.03601,0.00,0.00
2014.12.18 14:30:23.236,12.03259,12.03552,0.00,0.00
2014.12.18 14:30:23.337,12.03251,12.03552,0.00,0.00
2014.12.18 14:30:24.047,12.03259,12.03552,0.00,0.00
2014.12.18 14:30:24.097,12.03302,12.03602,0.00,0.00
2014.12.18 14:30:24.198,12.03251,12.03579,0.00,0.00
2014.12.18 14:30:24.299,12.03259,12.03579,0.00,0.00
2014.12.18 14:30:24.746,12.03301,12.03601,0.00,0.00
2014.12.18 14:30:24.874,12.03301,12.03629,0.00,0.00
2014.12.18 14:30:24.959,12.03301,12.03602,0.00,0.00
2014.12.18 14:30:25.215,12.03341,12.03649,0.00,0.00
2014.12.18 14:30:25.316,12.03341,12.03651,0.00,0.00
2014.12.18 14:30:25.619,12.03341,12.03551,0.00,0.00
2014.12.18 14:30:25.774,12.03301,12.03551,0.00,0.00
2014.12.18 14:30:25.875,12.03251,12.03569,0.00,0.00
2014.12.18 14:30:28.725,12.0321,12.03459,0.00,0.00
2014.12.18 14:30:29.001,12.03131,12.03459,0.00,0.00
2014.12.18 14:30:29.689,12.03131,12.03432,0.00,0.00
2014.12.18 14:30:29.840,12.03092,12.03428,0.00,0.00
2014.12.18 14:30:29.941,12.03051,12.03359,0.00,0.00
2014.12.18 14:30:31.281,12.03051,12.03342,0.00,0.00
2014.12.18 14:30:31.382,12.03009,12.03318,0.00,0.00
2014.12.18 14:30:31.482,12.02942,12.03268,0.00,0.00
2014.12.18 14:30:31.810,12.02899,12.03169,0.00,0.00
2014.12.18 14:30:31.861,12.02851,12.03169,0.00,0.00
2014.12.18 14:30:31.962,12.02899,12.03228,0.00,0.00
2014.12.18 14:30:32.012,12.02941,12.03249,0.00,0.00
2014.12.18 14:30:32.163,12.02891,12.03202,0.00,0.00
2014.12.18 14:30:32.364,12.02841,12.03152,0.00,0.00
2014.12.18 14:30:32.695,12.02799,12.03069,0.00,0.00
2014.12.18 14:30:32.799,12.02841,12.03152,0.00,0.00
2014.12.18 14:30:33.144,12.02841,12.03169,0.00,0.00
2014.12.18 14:30:33.245,12.02942,12.03211,0.00,0.00
2014.12.18 14:30:33.295,12.02942,12.03248,0.00,0.00
2014.12.18 14:30:33.915,12.03141,12.03301,0.00,0.00
2014.12.18 14:30:34.018,12.03141,12.03352,0.00,0.00
2014.12.18 14:30:34.087,12.03141,12.03372,0.00,0.00
2014.12.18 14:30:34.187,12.03051,12.03342,0.00,0.00
2014.12.18 14:30:34.238,12.03051,12.03359,0.00,0.00
2014.12.18 14:30:34.356,12.03081,12.03372,0.00,0.00
2014.12.18 14:30:34.406,12.03081,12.03401,0.00,0.00
2014.12.18 14:30:34.882,12.03051,12.03341,0.00,0.00
2014.12.18 14:30:35.033,12.03131,12.03426,0.00,0.00
2014.12.18 14:30:35.134,12.03131,12.03449,0.00,0.00
2014.12.18 14:30:35.636,12.03151,12.03451,0.00,0.00
2014.12.18 14:30:36.756,12.03151,12.03459,0.00,0.00
2014.12.18 14:30:36.807,12.03189,12.03459,0.00,0.00
2014.12.18 14:30:38.056,12.03191,12.03452,0.00,0.00
2014.12.18 14:30:38.207,12.03191,12.03502,0.00,0.00
2014.12.18 14:30:39.387,12.03192,12.03502,0.00,0.00
2014.12.18 14:30:39.748,12.03199,12.03502,0.00,0.00
2014.12.18 14:30:39.949,12.03191,12.03502,0.00,0.00
2014.12.18 14:30:40.150,12.03191,12.03451,0.00,0.00
2014.12.18 14:30:40.251,12.03191,12.03502,0.00,0.00
2014.12.18 14:30:40.823,12.03331,12.03571,0.00,0.00
2014.12.18 14:30:40.925,12.03251,12.03561,0.00,0.00
2014.12.18 14:30:41.277,12.03291,12.03582,0.00,0.00
2014.12.18 14:30:41.327,12.03291,12.03602,0.00,0.00
2014.12.18 14:30:42.339,12.03291,12.03551,0.00,0.00
2014.12.18 14:30:42.390,12.03249,12.03528,0.00,0.00
2014.12.18 14:30:42.491,12.03192,12.03502,0.00,0.00
2014.12.18 14:30:42.895,12.03192,12.03451,0.00,0.00
2014.12.18 14:30:42.945,12.03141,12.03451,0.00,0.00
2014.12.18 14:30:43.649,12.03149,12.03451,0.00,0.00
2014.12.18 14:30:43.699,12.03149,12.03459,0.00,0.00
2014.12.18 14:30:43.800,12.03191,12.03501,0.00,0.00
2014.12.18 14:30:44.103,12.03191,12.03452,0.00,0.00
2014.12.18 14:30:44.305,12.03091,12.03401,0.00,0.00
2014.12.18 14:30:45.231,12.03051,12.03342,0.00,0.00
2014.12.18 14:30:45.923,12.03051,12.0327,0.00,0.00
2014.12.18 14:30:46.024,12.02941,12.03211,0.00,0.00
2014.12.18 14:30:46.125,12.02842,12.03152,0.00,0.00
2014.12.18 14:30:46.226,12.029,12.03168,0.00,0.00
2014.12.18 14:30:46.327,12.02959,12.03269,0.00,0.00
2014.12.18 14:30:46.428,12.03002,12.03292,0.00,0.00
2014.12.18 14:30:46.847,12.02951,12.03241,0.00,0.00
2014.12.18 14:30:46.897,12.02981,12.03291,0.00,0.00
2014.12.18 14:30:47.404,12.02981,12.03242,0.00,0.00
2014.12.18 14:30:47.455,12.02942,12.03242,0.00,0.00
2014.12.18 14:30:47.959,12.02942,12.03191,0.00,0.00
2014.12.18 14:30:48.110,12.02851,12.03152,0.00,0.00
2014.12.18 14:30:48.218,12.02851,12.03169,0.00,0.00
2014.12.18 14:30:48.323,12.02891,12.03192,0.00,0.00
2014.12.18 14:30:48.424,12.02831,12.03149,0.00,0.00
2014.12.18 14:30:48.942,12.02849,12.03149,0.00,0.00
2014.12.18 14:30:49.249,12.0305,12.03241,0.00,0.00
2014.12.18 14:30:49.300,12.03051,12.03291,0.00,0.00
2014.12.18 14:30:49.350,12.03103,12.03291,0.00,0.00
2014.12.18 14:30:49.400,12.03103,12.03342,0.00,0.00
2014.12.18 14:30:49.451,12.03128,12.03342,0.00,0.00
2014.12.18 14:30:49.757,12.03153,12.03401,0.00,0.00
2014.12.18 14:30:49.858,12.03203,12.03452,0.00,0.00
2014.12.18 14:30:49.974,12.03228,12.03452,0.00,0.00
2014.12.18 14:30:50.281,12.03268,12.03459,0.00,0.00
2014.12.18 14:30:50.381,12.03268,12.03501,0.00,0.00
2014.12.18 14:30:50.489,12.03268,12.03529,0.00,0.00
2014.12.18 14:30:50.590,12.03304,12.03529,0.00,0.00
2014.12.18 14:30:50.918,12.03304,12.03502,0.00,0.00
2014.12.18 14:30:51.227,12.03273,12.03452,0.00,0.00
2014.12.18 14:30:51.278,12.03303,12.03501,0.00,0.00
2014.12.18 14:30:51.378,12.03303,12.03538,0.00,0.00
2014.12.18 14:30:51.480,12.03279,12.03451,0.00,0.00
2014.12.18 14:30:51.829,12.03279,12.035,0.00,0.00
2014.12.18 14:30:51.929,12.03279,12.03549,0.00,0.00
2014.12.18 14:30:52.068,12.03308,12.03549,0.00,0.00
2014.12.18 14:30:52.795,12.03308,12.03539,0.00,0.00
2014.12.18 14:30:53.372,12.03308,12.03559,0.00,0.00
2014.12.18 14:30:53.576,12.03308,12.03562,0.00,0.00
2014.12.18 14:30:54.108,12.03308,12.03561,0.00,0.00
2014.12.18 14:30:54.218,12.03308,12.03568,0.00,0.00
2014.12.18 14:30:54.268,12.03342,12.03602,0.00,0.00
2014.12.18 14:30:54.438,12.03403,12.03668,0.00,0.00
2014.12.18 14:30:54.488,12.03453,12.03668,0.00,0.00
2014.12.18 14:30:54.598,12.03426,12.03668,0.00,0.00
2014.12.18 14:30:54.704,12.03426,12.03628,0.00,0.00
2014.12.18 14:30:54.805,12.03388,12.03601,0.00,0.00
2014.12.18 14:30:55.649,12.03388,12.03629,0.00,0.00
2014.12.18 14:30:55.758,12.03388,12.03652,0.00,0.00
2014.12.18 14:30:55.808,12.03443,12.03652,0.00,0.00
2014.12.18 14:30:56.233,12.03443,12.03669,0.00,0.00
2014.12.18 14:30:56.284,12.03473,12.03669,0.00,0.00
2014.12.18 14:30:56.334,12.03473,12.03749,0.00,0.00
2014.12.18 14:30:56.385,12.03518,12.03749,0.00,0.00
2014.12.18 14:30:56.687,12.03464,12.03702,0.00,0.00
2014.12.18 14:30:57.188,12.03464,12.03651,0.00,0.00
2014.12.18 14:30:57.289,12.03413,12.03651,0.00,0.00
2014.12.18 14:30:57.542,12.03413,12.03648,0.00,0.00
2014.12.18 14:30:57.593,12.03383,12.03648,0.00,0.00
2014.12.18 14:30:58.338,12.03383,12.03601,0.00,0.00
2014.12.18 14:30:58.858,12.03383,12.03562,0.00,0.00
2014.12.18 14:30:58.908,12.03308,12.03562,0.00,0.00
2014.12.18 14:30:59.517,12.03308,12.03558,0.00,0.00
2014.12.18 14:31:00.272,12.03308,12.03502,0.00,0.00
2014.12.18 14:31:00.322,12.03263,12.03502,0.00,0.00
2014.12.18 14:31:00.428,12.03233,12.03502,0.00,0.00
2014.12.18 14:31:00.533,12.03264,12.03502,0.00,0.00
2014.12.18 14:31:00.708,12.03264,12.03529,0.00,0.00
2014.12.18 14:31:01.047,12.03264,12.03548,0.00,0.00
2014.12.18 14:31:01.147,12.03318,12.03548,0.00,0.00
2014.12.18 14:31:01.198,12.03318,12.03569,0.00,0.00
2014.12.18 14:31:01.299,12.03318,12.03611,0.00,0.00
2014.12.18 14:31:01.450,12.03363,12.03628,0.00,0.00
2014.12.18 14:31:01.500,12.03363,12.03668,0.00,0.00
2014.12.18 14:31:01.551,12.03424,12.03668,0.00,0.00
2014.12.18 14:31:01.752,12.03448,12.03708,0.00,0.00
2014.12.18 14:31:02.035,12.03448,12.03728,0.00,0.00
2014.12.18 14:31:02.743,12.03448,12.03718,0.00,0.00
2014.12.18 14:31:03.050,12.03448,12.03728,0.00,0.00
2014.12.18 14:31:03.239,12.03448,12.03691,0.00,0.00
2014.12.18 14:31:03.390,12.03463,12.0371,0.00,0.00
2014.12.18 14:31:03.491,12.03489,12.03749,0.00,0.00
2014.12.18 14:31:03.541,12.03514,12.03749,0.00,0.00
2014.12.18 14:31:03.591,12.03514,12.03769,0.00,0.00
2014.12.18 14:31:03.642,12.03588,12.03769,0.00,0.00
2014.12.18 14:31:03.693,12.03588,12.03811,0.00,0.00
2014.12.18 14:31:03.743,12.03614,12.03832,0.00,0.00
2014.12.18 14:31:03.793,12.03614,12.03858,0.00,0.00
2014.12.18 14:31:04.630,12.03663,12.03858,0.00,0.00
2014.12.18 14:31:04.681,12.03663,12.039,0.00,0.00
2014.12.18 14:31:04.781,12.03689,12.03979,0.00,0.00
2014.12.18 14:31:04.882,12.03823,12.03979,0.00,0.00
2014.12.18 14:31:04.933,12.03823,12.04021,0.00,0.00
2014.12.18 14:31:05.033,12.03851,12.04102,0.00,0.00
2014.12.18 14:31:05.084,12.03915,12.04102,0.00,0.00
2014.12.18 14:31:05.134,12.03915,12.04192,0.00,0.00
2014.12.18 14:31:05.185,12.03945,12.04192,0.00,0.00
2014.12.18 14:31:05.286,12.03926,12.04179,0.00,0.00
2014.12.18 14:31:05.487,12.03911,12.04179,0.00,0.00
2014.12.18 14:31:05.741,12.03909,12.04179,0.00,0.00
2014.12.18 14:31:05.792,12.03909,12.04241,0.00,0.00
2014.12.18 14:31:05.842,12.03943,12.04241,0.00,0.00
2014.12.18 14:31:06.144,12.03916,12.04241,0.00,0.00
2014.12.18 14:31:06.245,12.03916,12.04179,0.00,0.00
2014.12.18 14:31:06.396,12.03896,12.04179,0.00,0.00
2014.12.18 14:31:06.446,12.03931,12.04179,0.00,0.00
2014.12.18 14:31:06.552,12.03931,12.04192,0.00,0.00
2014.12.18 14:31:06.653,12.03931,12.04242,0.00,0.00
2014.12.18 14:31:06.794,12.03923,12.04242,0.00,0.00
2014.12.18 14:31:06.999,12.03969,12.04278,0.00,0.00
2014.12.18 14:31:07.251,12.03924,12.04252,0.00,0.00
2014.12.18 14:31:07.301,12.03948,12.04252,0.00,0.00
2014.12.18 14:31:07.352,12.04052,12.04378,0.00,0.00
2014.12.18 14:31:07.653,12.04112,12.0442,0.00,0.00
2014.12.18 14:31:07.754,12.04112,12.04478,0.00,0.00
2014.12.18 14:31:07.805,12.04124,12.04492,0.00,0.00
2014.12.18 14:31:08.198,12.04124,12.04442,0.00,0.00
2014.12.18 14:31:08.298,12.04103,12.04442,0.00,0.00
2014.12.18 14:31:08.349,12.04103,12.04439,0.00,0.00
2014.12.18 14:31:08.610,12.04078,12.04421,0.00,0.00
2014.12.18 14:31:08.673,12.04099,12.04421,0.00,0.00
2014.12.18 14:31:08.774,12.04099,12.04492,0.00,0.00
2014.12.18 14:31:08.874,12.04124,12.04492,0.00,0.00
2014.12.18 14:31:09.176,12.04164,12.04492,0.00,0.00
2014.12.18 14:31:09.226,12.04168,12.04498,0.00,0.00
2014.12.18 14:31:09.796,12.04168,12.04508,0.00,0.00
2014.12.18 14:31:10.719,12.04164,12.04492,0.00,0.00
2014.12.18 14:31:10.976,12.04073,12.04418,0.00,0.00
2014.12.18 14:31:11.529,12.03873,12.0422,0.00,0.00
2014.12.18 14:31:11.579,12.03873,12.04218,0.00,0.00
2014.12.18 14:31:11.953,12.03873,12.04202,0.00,0.00
2014.12.18 14:31:12.154,12.03723,12.04099,0.00,0.00
2014.12.18 14:31:12.425,12.03723,12.04078,0.00,0.00
2014.12.18 14:31:12.808,12.03723,12.04052,0.00,0.00
2014.12.18 14:31:12.908,12.03674,12.04028,0.00,0.00
2014.12.18 14:31:12.959,12.03674,12.04021,0.00,0.00
2014.12.18 14:31:13.341,12.03774,12.04099,0.00,0.00
2014.12.18 14:31:14.018,12.03809,12.04099,0.00,0.00
2014.12.18 14:31:14.118,12.03809,12.0412,0.00,0.00
2014.12.18 14:31:14.219,12.03809,12.04109,0.00,0.00
2014.12.18 14:31:14.270,12.03774,12.04109,0.00,0.00
2014.12.18 14:31:14.904,12.03809,12.04109,0.00,0.00
2014.12.18 14:31:14.955,12.03838,12.0415,0.00,0.00
2014.12.18 14:31:15.055,12.03889,12.04218,0.00,0.00
2014.12.18 14:31:15.448,12.03908,12.04218,0.00,0.00
2014.12.18 14:31:15.549,12.03922,12.04278,0.00,0.00
2014.12.18 14:31:15.599,12.03958,12.04278,0.00,0.00
2014.12.18 14:31:16.056,12.03958,12.04319,0.00,0.00
2014.12.18 14:31:16.157,12.04049,12.04319,0.00,0.00
2014.12.18 14:31:16.207,12.04049,12.04401,0.00,0.00
2014.12.18 14:31:16.258,12.04074,12.04408,0.00,0.00
2014.12.18 14:31:16.366,12.04074,12.04419,0.00,0.00
2014.12.18 14:31:16.467,12.04053,12.04419,0.00,0.00
2014.12.18 14:31:16.517,12.04073,12.04409,0.00,0.00
2014.12.18 14:31:16.777,12.04093,12.04439,0.00,0.00
2014.12.18 14:31:17.444,12.04093,12.0442,0.00,0.00
2014.12.18 14:31:17.755,12.04093,12.04379,0.00,0.00
2014.12.18 14:31:18.210,12.04098,12.04379,0.00,0.00
2014.12.18 14:31:18.261,12.04113,12.0442,0.00,0.00
2014.12.18 14:31:18.548,12.04159,12.04478,0.00,0.00
2014.12.18 14:31:18.599,12.04188,12.04478,0.00,0.00
2014.12.18 14:31:19.440,12.04159,12.04478,0.00,0.00
2014.12.18 14:31:19.491,12.04159,12.04459,0.00,0.00
2014.12.18 14:31:20.857,12.04151,12.04459,0.00,0.00
2014.12.18 14:31:20.908,12.04202,12.04501,0.00,0.00
2014.12.18 14:31:20.958,12.04208,12.04538,0.00,0.00
2014.12.18 14:31:21.171,12.04223,12.04538,0.00,0.00
2014.12.18 14:31:21.488,12.04294,12.04569,0.00,0.00
2014.12.18 14:31:21.892,12.04294,12.04559,0.00,0.00
2014.12.18 14:31:22.199,12.04309,12.04559,0.00,0.00
2014.12.18 14:31:22.250,12.04309,12.04659,0.00,0.00
2014.12.18 14:31:22.300,12.04358,12.04659,0.00,0.00
2014.12.18 14:31:22.350,12.04358,12.04688,0.00,0.00
2014.12.18 14:31:22.451,12.04384,12.04688,0.00,0.00
2014.12.18 14:31:22.552,12.04384,12.0473,0.00,0.00
2014.12.18 14:31:22.603,12.04409,12.04759,0.00,0.00
2014.12.18 14:31:22.754,12.04458,12.04759,0.00,0.00
2014.12.18 14:31:22.804,12.04462,12.04858,0.00,0.00
2014.12.18 14:31:22.855,12.04524,12.04858,0.00,0.00
2014.12.18 14:31:22.955,12.04424,12.04759,0.00,0.00
2014.12.18 14:31:23.006,12.04432,12.04788,0.00,0.00
2014.12.18 14:31:23.056,12.04489,12.04788,0.00,0.00
2014.12.18 14:31:23.107,12.04489,12.04831,0.00,0.00
2014.12.18 14:31:23.157,12.04509,12.04831,0.00,0.00
2014.12.18 14:31:23.208,12.04509,12.04858,0.00,0.00
2014.12.18 14:31:23.308,12.04489,12.04831,0.00,0.00
2014.12.18 14:31:23.650,12.04488,12.04789,0.00,0.00
2014.12.18 14:31:23.801,12.04508,12.04858,0.00,0.00
2014.12.18 14:31:23.852,12.04553,12.04858,0.00,0.00
2014.12.18 14:31:23.902,12.04553,12.04919,0.00,0.00
2014.12.18 14:31:24.854,12.04553,12.04918,0.00,0.00
2014.12.18 14:31:25.349,12.04598,12.04918,0.00,0.00
2014.12.18 14:31:25.450,12.04598,12.04959,0.00,0.00
2014.12.18 14:31:25.551,12.04623,12.04959,0.00,0.00
2014.12.18 14:31:25.880,12.04539,12.04858,0.00,0.00
2014.12.18 14:31:26.081,12.04509,12.04831,0.00,0.00
2014.12.18 14:31:26.187,12.04509,12.04859,0.00,0.00
2014.12.18 14:31:26.238,12.04524,12.04859,0.00,0.00
2014.12.18 14:31:26.778,12.04548,12.04859,0.00,0.00
2014.12.18 14:31:27.176,12.04589,12.04889,0.00,0.00
2014.12.18 14:31:27.824,12.04589,12.04888,0.00,0.00
2014.12.18 14:31:28.064,12.04611,12.04931,0.00,0.00
2014.12.18 14:31:28.164,12.04658,12.04979,0.00,0.00
2014.12.18 14:31:28.265,12.04674,12.04979,0.00,0.00
2014.12.18 14:31:28.422,12.04674,12.05009,0.00,0.00
2014.12.18 14:31:28.675,12.0464,12.05009,0.00,0.00
2014.12.18 14:31:28.726,12.04624,12.04958,0.00,0.00
2014.12.18 14:31:28.978,12.04604,12.04959,0.00,0.00
2014.12.18 14:31:29.028,12.04658,12.04959,0.00,0.00
2014.12.18 14:31:29.079,12.04658,12.04989,0.00,0.00
2014.12.18 14:31:29.179,12.04658,12.04899,0.00,0.00
2014.12.18 14:31:29.230,12.04623,12.04899,0.00,0.00
2014.12.18 14:31:29.330,12.04603,12.04899,0.00,0.00
2014.12.18 14:31:29.559,12.04564,12.04899,0.00,0.00
2014.12.18 14:31:29.610,12.04564,12.04688,0.00,0.00
2014.12.18 14:31:29.660,12.04483,12.04688,0.00,0.00
2014.12.18 14:31:29.711,12.04483,12.04789,0.00,0.00
2014.12.18 14:31:29.761,12.04508,12.04789,0.00,0.00
2014.12.18 14:31:29.812,12.04508,12.0483,0.00,0.00
2014.12.18 14:31:29.913,12.04499,12.04858,0.00,0.00
2014.12.18 14:31:29.963,12.04509,12.04858,0.00,0.00
2014.12.18 14:31:30.407,12.04548,12.04859,0.00,0.00
2014.12.18 14:31:30.508,12.04548,12.04878,0.00,0.00
2014.12.18 14:31:30.559,12.04512,12.04831,0.00,0.00
2014.12.18 14:31:30.710,12.04503,12.0483,0.00,0.00
2014.12.18 14:31:30.835,12.04503,12.04848,0.00,0.00
2014.12.18 14:31:30.936,12.04531,12.049,0.00,0.00
2014.12.18 14:31:31.290,12.04531,12.04821,0.00,0.00
2014.12.18 14:31:31.390,12.04489,12.04821,0.00,0.00
2014.12.18 14:31:31.441,12.04432,12.04819,0.00,0.00
2014.12.18 14:31:31.507,12.04432,12.04772,0.00,0.00
2014.12.18 14:31:31.609,12.04403,12.04769,0.00,0.00
2014.12.18 14:31:31.709,12.04338,12.04721,0.00,0.00
2014.12.18 14:31:31.760,12.04399,12.04739,0.00,0.00
2014.12.18 14:31:31.860,12.04412,12.04781,0.00,0.00
2014.12.18 14:31:31.911,12.04399,12.04739,0.00,0.00
2014.12.18 14:31:31.961,12.04373,12.04739,0.00,0.00
2014.12.18 14:31:32.012,12.04373,12.0477,0.00,0.00
2014.12.18 14:31:32.334,12.04373,12.04699,0.00,0.00
2014.12.18 14:31:32.648,12.04414,12.04758,0.00,0.00
2014.12.18 14:31:32.698,12.04398,12.04679,0.00,0.00
2014.12.18 14:31:32.749,12.04394,12.04679,0.00,0.00
2014.12.18 14:31:32.850,12.04324,12.04648,0.00,0.00
2014.12.18 14:31:33.652,12.04364,12.04648,0.00,0.00
2014.12.18 14:31:34.095,12.04364,12.04659,0.00,0.00
2014.12.18 14:31:34.196,12.04399,12.04659,0.00,0.00
2014.12.18 14:31:34.246,12.04441,12.04749,0.00,0.00
2014.12.18 14:31:34.297,12.04473,12.04749,0.00,0.00
2014.12.18 14:31:35.093,12.04532,12.0479,0.00,0.00
2014.12.18 14:31:35.143,12.04532,12.04871,0.00,0.00
2014.12.18 14:31:35.194,12.04635,12.04871,0.00,0.00
2014.12.18 14:31:35.294,12.04659,12.04918,0.00,0.00
2014.12.18 14:31:35.345,12.04659,12.04961,0.00,0.00
2014.12.18 14:31:35.446,12.0469,12.05021,0.00,0.00
2014.12.18 14:31:36.007,12.04676,12.05021,0.00,0.00
2014.12.18 14:31:36.348,12.04719,12.05038,0.00,0.00
2014.12.18 14:31:36.549,12.04722,12.05079,0.00,0.00
2014.12.18 14:31:36.600,12.04782,12.05079,0.00,0.00
2014.12.18 14:31:36.650,12.04782,12.0512,0.00,0.00
2014.12.18 14:31:36.701,12.04808,12.05158,0.00,0.00
2014.12.18 14:31:36.801,12.04859,12.05189,0.00,0.00
2014.12.18 14:31:36.902,12.04808,12.05172,0.00,0.00
2014.12.18 14:31:37.251,12.04859,12.05189,0.00,0.00
2014.12.18 14:31:37.597,12.04859,12.05179,0.00,0.00
2014.12.18 14:31:37.727,12.04859,12.05189,0.00,0.00
2014.12.18 14:31:38.228,12.04821,12.05171,0.00,0.00
2014.12.18 14:31:38.279,12.04809,12.05149,0.00,0.00
2014.12.18 14:31:38.329,12.04783,12.05132,0.00,0.00
2014.12.18 14:31:38.484,12.04789,12.05131,0.00,0.00
2014.12.18 14:31:38.584,12.04783,12.05131,0.00,0.00
2014.12.18 14:31:38.785,12.04809,12.05149,0.00,0.00
2014.12.18 14:31:39.177,12.04831,12.05171,0.00,0.00
2014.12.18 14:31:39.493,12.04981,12.05221,0.00,0.00
2014.12.18 14:31:39.543,12.04981,12.05321,0.00,0.00
2014.12.18 14:31:39.594,12.05003,12.05321,0.00,0.00
2014.12.18 14:31:39.868,12.05008,12.05339,0.00,0.00
2014.12.18 14:31:39.918,12.05024,12.05339,0.00,0.00
2014.12.18 14:31:40.220,12.05091,12.05421,0.00,0.00
2014.12.18 14:31:40.458,12.05108,12.05449,0.00,0.00
2014.12.18 14:31:40.508,12.05131,12.05471,0.00,0.00
2014.12.18 14:31:40.559,12.05158,12.05521,0.00,0.00
2014.12.18 14:31:40.609,12.05172,12.05521,0.00,0.00
2014.12.18 14:31:40.919,12.05181,12.05521,0.00,0.00
2014.12.18 14:31:41.309,12.05208,12.05521,0.00,0.00
2014.12.18 14:31:41.360,12.05231,12.05591,0.00,0.00
2014.12.18 14:31:41.461,12.05231,12.05606,0.00,0.00
2014.12.18 14:31:41.512,12.05231,12.05612,0.00,0.00
2014.12.18 14:31:42.101,12.05259,12.05621,0.00,0.00
2014.12.18 14:31:42.868,12.05259,12.0562,0.00,0.00
2014.12.18 14:31:43.069,12.05158,12.05538,0.00,0.00
2014.12.18 14:31:43.444,12.05161,12.05539,0.00,0.00
2014.12.18 14:31:43.994,12.05158,12.05539,0.00,0.00
2014.12.18 14:31:44.145,12.05181,12.05539,0.00,0.00
2014.12.18 14:31:44.245,12.05242,12.05611,0.00,0.00
2014.12.18 14:31:44.296,12.05258,12.05638,0.00,0.00
2014.12.18 14:31:44.987,12.05281,12.05639,0.00,0.00
2014.12.18 14:31:45.239,12.05358,12.05721,0.00,0.00
2014.12.18 14:31:45.742,12.05331,12.05711,0.00,0.00
2014.12.18 14:31:45.793,12.05331,12.05702,0.00,0.00
2014.12.18 14:31:45.995,12.05208,12.05612,0.00,0.00
2014.12.18 14:31:46.594,12.05171,12.05496,0.00,0.00
2014.12.18 14:31:46.695,12.05042,12.05412,0.00,0.00
2014.12.18 14:31:46.746,12.05008,12.05339,0.00,0.00
2014.12.18 14:31:46.855,12.05008,12.05412,0.00,0.00
2014.12.18 14:31:46.906,12.05024,12.05412,0.00,0.00
2014.12.18 14:31:47.208,12.05074,12.05428,0.00,0.00
2014.12.18 14:31:47.309,12.05074,12.05452,0.00,0.00
2014.12.18 14:31:47.360,12.05099,12.05511,0.00,0.00
2014.12.18 14:31:47.410,12.05104,12.05511,0.00,0.00
2014.12.18 14:31:47.732,12.05083,12.05452,0.00,0.00
2014.12.18 14:31:48.047,12.05083,12.05439,0.00,0.00
2014.12.18 14:31:48.200,12.05048,12.05418,0.00,0.00
2014.12.18 14:31:48.251,12.05042,12.05412,0.00,0.00
2014.12.18 14:31:48.556,12.04978,12.05309,0.00,0.00
2014.12.18 14:31:48.807,12.05158,12.05498,0.00,0.00
2014.12.18 14:31:49.267,12.05132,12.05498,0.00,0.00
2014.12.18 14:31:49.317,12.05123,12.05469,0.00,0.00
2014.12.18 14:31:49.659,12.05123,12.05452,0.00,0.00
2014.12.18 14:31:49.709,12.05099,12.05452,0.00,0.00
2014.12.18 14:31:49.760,12.05099,12.05441,0.00,0.00
2014.12.18 14:31:49.810,12.05071,12.05441,0.00,0.00
2014.12.18 14:31:49.861,12.05049,12.05419,0.00,0.00
2014.12.18 14:31:50.255,12.05028,12.05379,0.00,0.00
2014.12.18 14:31:50.663,12.05028,12.05369,0.00,0.00
2014.12.18 14:31:50.994,12.05028,12.05361,0.00,0.00
2014.12.18 14:31:51.045,12.05008,12.05359,0.00,0.00
2014.12.18 14:31:52.298,12.05048,12.05359,0.00,0.00
2014.12.18 14:31:52.550,12.05159,12.05519,0.00,0.00
2014.12.18 14:31:52.701,12.05159,12.05499,0.00,0.00
2014.12.18 14:31:52.751,12.05153,12.05499,0.00,0.00
2014.12.18 14:31:53.386,12.05089,12.0537,0.00,0.00
2014.12.18 14:31:53.487,12.04988,12.05298,0.00,0.00
2014.12.18 14:31:53.725,12.04969,12.05298,0.00,0.00
2014.12.18 14:31:53.776,12.04969,12.05252,0.00,0.00
2014.12.18 14:31:53.877,12.04942,12.05241,0.00,0.00
2014.12.18 14:31:53.978,12.04878,12.05202,0.00,0.00
2014.12.18 14:31:54.028,12.04878,12.05198,0.00,0.00
2014.12.18 14:31:54.766,12.04859,12.05198,0.00,0.00
2014.12.18 14:31:55.105,12.04861,12.05169,0.00,0.00
2014.12.18 14:31:56.159,12.04861,12.0511,0.00,0.00
2014.12.18 14:31:56.209,12.04803,12.05069,0.00,0.00
2014.12.18 14:31:56.260,12.04761,12.05069,0.00,0.00
2014.12.18 14:31:56.871,12.04779,12.05069,0.00,0.00
2014.12.18 14:31:57.851,12.04819,12.05069,0.00,0.00
2014.12.18 14:31:57.901,12.04852,12.05158,0.00,0.00
2014.12.18 14:31:58.052,12.04863,12.05159,0.00,0.00
2014.12.18 14:31:58.375,12.04847,12.05159,0.00,0.00
2014.12.18 14:31:59.387,12.04863,12.05159,0.00,0.00
2014.12.18 14:31:59.793,12.04863,12.05122,0.00,0.00
2014.12.18 14:31:59.844,12.04826,12.05119,0.00,0.00
2014.12.18 14:31:59.944,12.0481,12.05119,0.00,0.00
2014.12.18 14:32:00.139,12.04827,12.05119,0.00,0.00
2014.12.18 14:32:00.488,12.04861,12.05119,0.00,0.00
2014.12.18 14:32:00.539,12.04861,12.05159,0.00,0.00
2014.12.18 14:32:00.639,12.04862,12.05168,0.00,0.00
2014.12.18 14:32:00.690,12.04903,12.05168,0.00,0.00
2014.12.18 14:32:00.791,12.04951,12.05269,0.00,0.00
2014.12.18 14:32:00.841,12.04944,12.05258,0.00,0.00
2014.12.18 14:32:01.191,12.04968,12.05269,0.00,0.00
2014.12.18 14:32:01.612,12.04994,12.05319,0.00,0.00
2014.12.18 14:32:01.704,12.04994,12.05269,0.00,0.00
2014.12.18 14:32:01.857,12.04994,12.05311,0.00,0.00
2014.12.18 14:32:01.908,12.04994,12.05319,0.00,0.00
2014.12.18 14:32:02.198,12.04994,12.05311,0.00,0.00
2014.12.18 14:32:02.249,12.04992,12.05311,0.00,0.00
2014.12.18 14:32:02.299,12.04974,12.05268,0.00,0.00
2014.12.18 14:32:02.621,12.04981,12.05319,0.00,0.00
2014.12.18 14:32:02.672,12.05004,12.05319,0.00,0.00
2014.12.18 14:32:03.245,12.04983,12.05319,0.00,0.00
2014.12.18 14:32:03.295,12.04983,12.05269,0.00,0.00
2014.12.18 14:32:03.346,12.04961,12.05269,0.00,0.00
2014.12.18 14:32:03.447,12.04941,12.05211,0.00,0.00
2014.12.18 14:32:03.497,12.04899,12.05211,0.00,0.00
2014.12.18 14:32:03.953,12.04888,12.05219,0.00,0.00
2014.12.18 14:32:04.895,12.04891,12.05219,0.00,0.00
2014.12.18 14:32:05.220,12.04978,12.05268,0.00,0.00
2014.12.18 14:32:05.270,12.04994,12.05311,0.00,0.00
2014.12.18 14:32:05.320,12.0502,12.05318,0.00,0.00
2014.12.18 14:32:05.371,12.05061,12.05362,0.00,0.00
2014.12.18 14:32:08.124,12.05024,12.05362,0.00,0.00
2014.12.18 14:32:08.175,12.05043,12.05378,0.00,0.00
2014.12.18 14:32:08.687,12.05052,12.05312,0.00,0.00
2014.12.18 14:32:08.788,12.04972,12.05288,0.00,0.00
2014.12.18 14:32:09.005,12.04952,12.05278,0.00,0.00
2014.12.18 14:32:09.155,12.04984,12.05278,0.00,0.00
2014.12.18 14:32:09.686,12.04968,12.05278,0.00,0.00
2014.12.18 14:32:10.005,12.04961,12.05289,0.00,0.00
2014.12.18 14:32:10.207,12.04961,12.0527,0.00,0.00
2014.12.18 14:32:10.308,12.04869,12.05189,0.00,0.00
2014.12.18 14:32:11.407,12.04869,12.05099,0.00,0.00
2014.12.18 14:32:11.457,12.04831,12.05099,0.00,0.00
2014.12.18 14:32:11.508,12.04772,12.05088,0.00,0.00
2014.12.18 14:32:11.960,12.04792,12.05098,0.00,0.00
2014.12.18 14:32:12.375,12.04812,12.0514,0.00,0.00
2014.12.18 14:32:12.476,12.04812,12.05121,0.00,0.00
2014.12.18 14:32:13.049,12.04792,12.05098,0.00,0.00
2014.12.18 14:32:13.517,12.04812,12.05141,0.00,0.00
2014.12.18 14:32:13.568,12.04812,12.05161,0.00,0.00
2014.12.18 14:32:14.023,12.04822,12.05162,0.00,0.00
2014.12.18 14:32:16.777,12.04852,12.05162,0.00,0.00
2014.12.18 14:32:16.828,12.04852,12.05178,0.00,0.00
2014.12.18 14:32:17.079,12.04855,12.05179,0.00,0.00
2014.12.18 14:32:17.386,12.04961,12.05289,0.00,0.00
2014.12.18 14:32:20.677,12.04969,12.05289,0.00,0.00
2014.12.18 14:32:20.878,12.05052,12.05388,0.00,0.00
2014.12.18 14:32:20.979,12.05028,12.05378,0.00,0.00
2014.12.18 14:32:21.029,12.05028,12.05362,0.00,0.00
2014.12.18 14:32:21.724,12.05052,12.05362,0.00,0.00
2014.12.18 14:32:22.131,12.05069,12.05389,0.00,0.00
2014.12.18 14:32:22.181,12.05112,12.05461,0.00,0.00
2014.12.18 14:32:22.332,12.05118,12.05478,0.00,0.00
2014.12.18 14:32:22.433,12.05152,12.05478,0.00,0.00
2014.12.18 14:32:22.534,12.05113,12.05461,0.00,0.00
2014.12.18 14:32:22.816,12.05112,12.05402,0.00,0.00
2014.12.18 14:32:22.867,12.05062,12.05389,0.00,0.00
2014.12.18 14:32:22.988,12.05068,12.05389,0.00,0.00
2014.12.18 14:32:23.139,12.05111,12.05462,0.00,0.00
2014.12.18 14:32:23.756,12.05111,12.05402,0.00,0.00
2014.12.18 14:32:23.857,12.05062,12.05388,0.00,0.00
2014.12.18 14:32:23.908,12.05062,12.05362,0.00,0.00
2014.12.18 14:32:23.958,12.05013,12.05362,0.00,0.00
2014.12.18 14:32:24.009,12.05043,12.05362,0.00,0.00
2014.12.18 14:32:24.210,12.05112,12.05462,0.00,0.00
2014.12.18 14:32:24.639,12.05112,12.05451,0.00,0.00
2014.12.18 14:32:24.985,12.05112,12.05401,0.00,0.00
2014.12.18 14:32:25.035,12.0507,12.05389,0.00,0.00
2014.12.18 14:32:25.086,12.05052,12.05389,0.00,0.00
2014.12.18 14:32:26.014,12.05052,12.05388,0.00,0.00
2014.12.18 14:32:26.349,12.05052,12.05379,0.00,0.00
2014.12.18 14:32:26.666,12.05051,12.05352,0.00,0.00
2014.12.18 14:32:26.767,12.04982,12.05288,0.00,0.00
2014.12.18 14:32:26.937,12.04963,12.05288,0.00,0.00
2014.12.18 14:32:27.306,12.0498,12.05288,0.00,0.00
2014.12.18 14:32:27.505,12.04971,12.05289,0.00,0.00
2014.12.18 14:32:27.607,12.04981,12.05289,0.00,0.00
2014.12.18 14:32:27.790,12.04971,12.05289,0.00,0.00
2014.12.18 14:32:27.910,12.04973,12.05289,0.00,0.00
2014.12.18 14:32:28.011,12.05011,12.05351,0.00,0.00
2014.12.18 14:32:28.112,12.0502,12.05349,0.00,0.00
2014.12.18 14:32:28.729,12.05011,12.05349,0.00,0.00
2014.12.18 14:32:28.817,12.05011,12.05302,0.00,0.00
2014.12.18 14:32:28.919,12.04972,12.05288,0.00,0.00
2014.12.18 14:32:29.866,12.05011,12.05302,0.00,0.00
2014.12.18 14:32:29.917,12.05011,12.05339,0.00,0.00
2014.12.18 14:32:30.279,12.05011,12.05301,0.00,0.00
2014.12.18 14:32:30.329,12.04972,12.05289,0.00,0.00
2014.12.18 14:32:30.916,12.04971,12.05289,0.00,0.00
2014.12.18 14:32:31.240,12.04988,12.05289,0.00,0.00
2014.12.18 14:32:31.294,12.05011,12.0533,0.00,0.00
2014.12.18 14:32:31.395,12.05011,12.05339,0.00,0.00
2014.12.18 14:32:31.788,12.05011,12.05312,0.00,0.00
2014.12.18 14:32:31.939,12.04971,12.05289,0.00,0.00
2014.12.18 14:32:32.837,12.0498,12.05289,0.00,0.00
2014.12.18 14:32:33.234,12.04971,12.05289,0.00,0.00
2014.12.18 14:32:33.441,12.04991,12.05289,0.00,0.00
2014.12.18 14:32:33.602,12.04975,12.05289,0.00,0.00
2014.12.18 14:32:33.703,12.04971,12.05289,0.00,0.00
2014.12.18 14:32:34.805,12.04971,12.0526,0.00,0.00
2014.12.18 14:32:35.145,12.04829,12.05069,0.00,0.00
2014.12.18 14:32:35.245,12.04766,12.05069,0.00,0.00
2014.12.18 14:32:35.296,12.04811,12.05111,0.00,0.00
2014.12.18 14:32:35.346,12.04811,12.05119,0.00,0.00
2014.12.18 14:32:35.397,12.04821,12.05139,0.00,0.00
2014.12.18 14:32:36.259,12.04832,12.05138,0.00,0.00
2014.12.18 14:32:36.463,12.04821,12.05139,0.00,0.00
2014.12.18 14:32:37.011,12.04842,12.05148,0.00,0.00
2014.12.18 14:32:38.063,12.04842,12.05112,0.00,0.00
2014.12.18 14:32:38.113,12.04762,12.05068,0.00,0.00
2014.12.18 14:32:39.096,12.04811,12.05111,0.00,0.00
2014.12.18 14:32:39.146,12.0482,12.05139,0.00,0.00
2014.12.18 14:32:39.197,12.04861,12.05169,0.00,0.00
2014.12.18 14:32:39.499,12.04761,12.05069,0.00,0.00
2014.12.18 14:32:45.981,12.04761,12.05061,0.00,0.00
2014.12.18 14:32:46.135,12.04721,12.05039,0.00,0.00
2014.12.18 14:32:46.236,12.04721,12.05002,0.00,0.00
2014.12.18 14:32:46.340,12.04661,12.04969,0.00,0.00
2014.12.18 14:32:47.187,12.04661,12.04951,0.00,0.00
2014.12.18 14:32:47.237,12.04611,12.04939,0.00,0.00
2014.12.18 14:32:47.566,12.04662,12.04968,0.00,0.00
2014.12.18 14:32:48.987,12.04619,12.04869,0.00,0.00
2014.12.18 14:32:49.037,12.04561,12.04869,0.00,0.00
2014.12.18 14:32:50.090,12.04519,12.04779,0.00,0.00
2014.12.18 14:32:50.147,12.0448,12.04779,0.00,0.00
2014.12.18 14:32:50.441,12.0449,12.04779,0.00,0.00
2014.12.18 14:32:50.542,12.0448,12.04779,0.00,0.00
2014.12.18 14:32:51.000,12.04476,12.04779,0.00,0.00
2014.12.18 14:32:51.101,12.04511,12.04829,0.00,0.00
2014.12.18 14:32:51.517,12.04511,12.04801,0.00,0.00
2014.12.18 14:32:51.618,12.04461,12.04769,0.00,0.00
2014.12.18 14:32:51.668,12.0449,12.04769,0.00,0.00
2014.12.18 14:32:51.718,12.04511,12.04829,0.00,0.00
2014.12.18 14:32:52.258,12.04512,12.04829,0.00,0.00
2014.12.18 14:32:52.360,12.04575,12.04829,0.00,0.00
2014.12.18 14:32:52.410,12.04612,12.0487,0.00,0.00
2014.12.18 14:32:52.461,12.04629,12.04901,0.00,0.00
2014.12.18 14:32:52.512,12.04661,12.0496,0.00,0.00
2014.12.18 14:32:52.618,12.04661,12.04969,0.00,0.00
2014.12.18 14:32:53.293,12.04598,12.04868,0.00,0.00
2014.12.18 14:32:53.394,12.04612,12.04928,0.00,0.00
2014.12.18 14:32:53.903,12.04612,12.04902,0.00,0.00
2014.12.18 14:32:54.054,12.0457,12.04869,0.00,0.00
2014.12.18 14:32:54.168,12.04561,12.04869,0.00,0.00
2014.12.18 14:32:54.667,12.04561,12.04852,0.00,0.00
2014.12.18 14:32:54.803,12.04651,12.04952,0.00,0.00
2014.12.18 14:32:54.854,12.0466,12.04952,0.00,0.00
2014.12.18 14:32:55.579,12.04661,12.04952,0.00,0.00
2014.12.18 14:32:57.352,12.04661,12.04902,0.00,0.00
2014.12.18 14:32:57.453,12.0462,12.04901,0.00,0.00
2014.12.18 14:32:57.554,12.04578,12.04868,0.00,0.00
2014.12.18 14:32:57.654,12.04562,12.04851,0.00,0.00
2014.12.18 14:32:57.965,12.04567,12.04851,0.00,0.00
2014.12.18 14:32:58.486,12.04562,12.04851,0.00,0.00
2014.12.18 14:32:58.761,12.04566,12.04851,0.00,0.00
2014.12.18 14:32:59.879,12.04562,12.04851,0.00,0.00
2014.12.18 14:33:00.396,12.04561,12.04851,0.00,0.00
2014.12.18 14:33:00.497,12.04561,12.04752,0.00,0.00
2014.12.18 14:33:00.547,12.04493,12.04752,0.00,0.00
2014.12.18 14:33:00.605,12.04493,12.04802,0.00,0.00
2014.12.18 14:33:00.765,12.04511,12.04802,0.00,0.00
2014.12.18 14:33:01.088,12.04468,12.04751,0.00,0.00
2014.12.18 14:33:01.289,12.0448,12.04779,0.00,0.00
2014.12.18 14:33:01.377,12.0448,12.04752,0.00,0.00
2014.12.18 14:33:01.490,12.04461,12.04752,0.00,0.00
2014.12.18 14:33:01.590,12.04432,12.04752,0.00,0.00
2014.12.18 14:33:02.605,12.04459,12.04752,0.00,0.00
2014.12.18 14:33:03.034,12.04459,12.04718,0.00,0.00
2014.12.18 14:33:03.085,12.04429,12.04718,0.00,0.00
2014.12.18 14:33:03.186,12.04404,12.04702,0.00,0.00
2014.12.18 14:33:04.576,12.04382,12.04702,0.00,0.00
2014.12.18 14:33:04.677,12.04382,12.04662,0.00,0.00
2014.12.18 14:33:04.728,12.04362,12.04662,0.00,0.00
2014.12.18 14:33:05.130,12.04332,12.04658,0.00,0.00
2014.12.18 14:33:05.231,12.04332,12.04612,0.00,0.00
2014.12.18 14:33:05.382,12.0427,12.04569,0.00,0.00
2014.12.18 14:33:05.483,12.04281,12.04612,0.00,0.00
2014.12.18 14:33:05.533,12.04283,12.04612,0.00,0.00
2014.12.18 14:33:05.880,12.04312,12.04612,0.00,0.00
2014.12.18 14:33:06.965,12.04312,12.04562,0.00,0.00
2014.12.18 14:33:07.116,12.04261,12.04562,0.00,0.00
2014.12.18 14:33:07.295,12.04261,12.04569,0.00,0.00
2014.12.18 14:33:07.346,12.04311,12.04611,0.00,0.00
2014.12.18 14:33:07.450,12.04351,12.04659,0.00,0.00
2014.12.18 14:33:08.534,12.04361,12.04662,0.00,0.00
2014.12.18 14:33:08.836,12.04561,12.04802,0.00,0.00
2014.12.18 14:33:09.062,12.04561,12.04869,0.00,0.00
2014.12.18 14:33:09.112,12.04641,12.04901,0.00,0.00
2014.12.18 14:33:09.213,12.04599,12.04869,0.00,0.00
2014.12.18 14:33:09.270,12.04562,12.04869,0.00,0.00
2014.12.18 14:33:09.320,12.04561,12.04851,0.00,0.00
2014.12.18 14:33:10.295,12.04551,12.04851,0.00,0.00
2014.12.18 14:33:11.273,12.04551,12.04812,0.00,0.00
2014.12.18 14:33:11.324,12.04511,12.04812,0.00,0.00
2014.12.18 14:33:18.563,12.04361,12.04611,0.00,0.00
2014.12.18 14:33:18.668,12.04242,12.04568,0.00,0.00
2014.12.18 14:33:19.616,12.04242,12.04512,0.00,0.00
2014.12.18 14:33:19.667,12.04232,12.04512,0.00,0.00
2014.12.18 14:33:19.776,12.04222,12.04512,0.00,0.00
2014.12.18 14:33:19.889,12.04191,12.04529,0.00,0.00
2014.12.18 14:33:19.990,12.04182,12.04462,0.00,0.00
2014.12.18 14:33:20.090,12.04222,12.04512,0.00,0.00
2014.12.18 14:33:20.191,12.04222,12.04568,0.00,0.00
2014.12.18 14:33:21.530,12.04232,12.04568,0.00,0.00
2014.12.18 14:33:21.846,12.04281,12.04612,0.00,0.00
2014.12.18 14:33:22.482,12.04281,12.04619,0.00,0.00
2014.12.18 14:33:22.533,12.04292,12.04619,0.00,0.00
2014.12.18 14:33:22.634,12.04331,12.04659,0.00,0.00
2014.12.18 14:33:22.734,12.04281,12.04612,0.00,0.00
2014.12.18 14:33:23.230,12.04261,12.04569,0.00,0.00
2014.12.18 14:33:23.715,12.04251,12.04569,0.00,0.00
2014.12.18 14:33:24.175,12.04271,12.04612,0.00,0.00
2014.12.18 14:33:24.276,12.04242,12.04568,0.00,0.00
2014.12.18 14:33:25.301,12.04251,12.04569,0.00,0.00
2014.12.18 14:33:25.803,12.04261,12.04569,0.00,0.00
2014.12.18 14:33:26.243,12.04252,12.04568,0.00,0.00
2014.12.18 14:33:26.937,12.04271,12.04611,0.00,0.00
2014.12.18 14:33:27.233,12.04281,12.04612,0.00,0.00
2014.12.18 14:33:28.195,12.04281,12.04572,0.00,0.00
2014.12.18 14:33:28.246,12.04242,12.04558,0.00,0.00
2014.12.18 14:33:28.347,12.04222,12.04558,0.00,0.00
2014.12.18 14:33:28.784,12.04181,12.04512,0.00,0.00
2014.12.18 14:33:29.291,12.04182,12.04512,0.00,0.00
2014.12.18 14:33:31.207,12.04221,12.04512,0.00,0.00
2014.12.18 14:33:31.308,12.04221,12.04559,0.00,0.00
2014.12.18 14:33:35.365,12.04232,12.04568,0.00,0.00
2014.12.18 14:33:35.466,12.04289,12.04568,0.00,0.00
2014.12.18 14:33:35.516,12.04332,12.04658,0.00,0.00
2014.12.18 14:33:36.060,12.04289,12.04569,0.00,0.00
2014.12.18 14:33:36.110,12.04248,12.04569,0.00,0.00
2014.12.18 14:33:36.161,12.04231,12.04569,0.00,0.00
2014.12.18 14:33:36.261,12.04231,12.04561,0.00,0.00
2014.12.18 14:33:37.395,12.04281,12.04561,0.00,0.00
2014.12.18 14:33:37.445,12.04281,12.04611,0.00,0.00
2014.12.18 14:33:38.057,12.04282,12.04612,0.00,0.00
2014.12.18 14:33:38.158,12.04312,12.04608,0.00,0.00
2014.12.18 14:33:39.246,12.04235,12.04548,0.00,0.00
2014.12.18 14:33:39.297,12.04232,12.04548,0.00,0.00
2014.12.18 14:33:39.448,12.0419,12.04512,0.00,0.00
2014.12.18 14:33:39.499,12.04181,12.04512,0.00,0.00
2014.12.18 14:33:40.486,12.04251,12.04512,0.00,0.00
2014.12.18 14:33:40.537,12.04312,12.04608,0.00,0.00
2014.12.18 14:33:40.836,12.0438,12.04608,0.00,0.00
2014.12.18 14:33:40.936,12.04432,12.04702,0.00,0.00
2014.12.18 14:33:40.987,12.04432,12.04748,0.00,0.00
2014.12.18 14:33:41.246,12.04432,12.04751,0.00,0.00
2014.12.18 14:33:42.935,12.04432,12.04768,0.00,0.00
2014.12.18 14:33:42.986,12.04482,12.04798,0.00,0.00
2014.12.18 14:33:43.623,12.04482,12.04801,0.00,0.00
2014.12.18 14:33:45.135,12.04482,12.04808,0.00,0.00
2014.12.18 14:33:45.186,12.04502,12.04818,0.00,0.00
2014.12.18 14:33:45.498,12.04481,12.04799,0.00,0.00
2014.12.18 14:33:45.686,12.04481,12.04752,0.00,0.00
2014.12.18 14:33:45.737,12.04431,12.04752,0.00,0.00
2014.12.18 14:33:45.837,12.04351,12.04669,0.00,0.00
2014.12.18 14:33:46.629,12.04351,12.04662,0.00,0.00
2014.12.18 14:33:48.158,12.04331,12.04639,0.00,0.00
2014.12.18 14:33:48.494,12.04379,12.04669,0.00,0.00
2014.12.18 14:33:48.595,12.04401,12.04719,0.00,0.00
2014.12.18 14:33:48.657,12.04401,12.04701,0.00,0.00
2014.12.18 14:33:48.708,12.04381,12.04701,0.00,0.00
2014.12.18 14:33:52.096,12.04352,12.04658,0.00,0.00
2014.12.18 14:33:56.515,12.0428,12.04518,0.00,0.00
2014.12.18 14:33:56.566,12.04202,12.04518,0.00,0.00
2014.12.18 14:33:56.616,12.04136,12.04419,0.00,0.00
2014.12.18 14:33:56.667,12.04101,12.04419,0.00,0.00
2014.12.18 14:33:56.818,12.04101,12.04401,0.00,0.00
2014.12.18 14:33:56.868,12.04042,12.04358,0.00,0.00
2014.12.18 14:33:57.075,12.04081,12.044,0.00,0.00
2014.12.18 14:33:57.344,12.04041,12.04351,0.00,0.00
2014.12.18 14:33:57.511,12.04081,12.04401,0.00,0.00
2014.12.18 14:33:57.762,12.04085,12.04402,0.00,0.00
2014.12.18 14:33:58.085,12.04067,12.04369,0.00,0.00
2014.12.18 14:33:58.645,12.04086,12.04369,0.00,0.00
2014.12.18 14:33:59.054,12.04065,12.04369,0.00,0.00
2014.12.18 14:33:59.957,12.04061,12.04369,0.00,0.00
2014.12.18 14:34:00.007,12.04061,12.04352,0.00,0.00
2014.12.18 14:34:00.058,12.04042,12.04348,0.00,0.00
2014.12.18 14:34:00.801,12.04141,12.04391,0.00,0.00
2014.12.18 14:34:00.851,12.04141,12.04401,0.00,0.00
2014.12.18 14:34:00.902,12.04141,12.0445,0.00,0.00
2014.12.18 14:34:01.016,12.04141,12.04452,0.00,0.00
2014.12.18 14:34:01.067,12.04155,12.04452,0.00,0.00
2014.12.18 14:34:01.218,12.04229,12.04558,0.00,0.00
2014.12.18 14:34:01.268,12.04235,12.04558,0.00,0.00
2014.12.18 14:34:01.582,12.04379,12.04639,0.00,0.00
2014.12.18 14:34:01.683,12.04421,12.04739,0.00,0.00
2014.12.18 14:34:02.323,12.04421,12.04749,0.00,0.00
2014.12.18 14:34:03.769,12.04421,12.04712,0.00,0.00
2014.12.18 14:34:03.870,12.04422,12.04738,0.00,0.00
2014.12.18 14:34:04.897,12.04421,12.04749,0.00,0.00
2014.12.18 14:34:05.092,12.04431,12.04762,0.00,0.00
2014.12.18 14:34:05.202,12.04421,12.04749,0.00,0.00
2014.12.18 14:34:06.001,12.04499,12.04808,0.00,0.00
2014.12.18 14:34:06.067,12.04482,12.04808,0.00,0.00
2014.12.18 14:34:06.376,12.045,12.04808,0.00,0.00
2014.12.18 14:34:06.427,12.04541,12.04852,0.00,0.00
2014.12.18 14:34:07.710,12.04541,12.04812,0.00,0.00
2014.12.18 14:34:07.760,12.04481,12.04809,0.00,0.00
2014.12.18 14:34:08.282,12.04481,12.04789,0.00,0.00
2014.12.18 14:34:08.433,12.04501,12.04819,0.00,0.00
2014.12.18 14:34:08.578,12.04501,12.04802,0.00,0.00
2014.12.18 14:34:08.882,12.0444,12.04718,0.00,0.00
2014.12.18 14:34:08.982,12.04402,12.04718,0.00,0.00
2014.12.18 14:34:09.033,12.04402,12.04702,0.00,0.00
2014.12.18 14:34:09.383,12.04381,12.04702,0.00,0.00
2014.12.18 14:34:09.799,12.04381,12.04709,0.00,0.00
2014.12.18 14:34:09.850,12.04452,12.0475,0.00,0.00
2014.12.18 14:34:09.900,12.04452,12.04758,0.00,0.00
2014.12.18 14:34:09.951,12.04481,12.04799,0.00,0.00
2014.12.18 14:34:10.052,12.04522,12.04818,0.00,0.00
2014.12.18 14:34:10.656,12.04522,12.04801,0.00,0.00
2014.12.18 14:34:10.707,12.04481,12.04789,0.00,0.00
2014.12.18 14:34:10.858,12.04439,12.04768,0.00,0.00
2014.12.18 14:34:10.959,12.04439,12.04749,0.00,0.00
2014.12.18 14:34:11.009,12.04431,12.04749,0.00,0.00
2014.12.18 14:34:11.060,12.04338,12.04639,0.00,0.00
2014.12.18 14:34:11.110,12.04331,12.04639,0.00,0.00
2014.12.18 14:34:11.161,12.04288,12.04609,0.00,0.00
2014.12.18 14:34:11.261,12.04281,12.04601,0.00,0.00
2014.12.18 14:34:11.362,12.04281,12.04609,0.00,0.00
2014.12.18 14:34:11.413,12.04249,12.04548,0.00,0.00
2014.12.18 14:34:11.513,12.04282,12.04588,0.00,0.00
2014.12.18 14:34:11.614,12.0424,12.04558,0.00,0.00
2014.12.18 14:34:11.715,12.04232,12.04558,0.00,0.00
2014.12.18 14:34:12.304,12.04258,12.04558,0.00,0.00
2014.12.18 14:34:12.463,12.04281,12.04599,0.00,0.00
2014.12.18 14:34:12.776,12.04311,12.04609,0.00,0.00
2014.12.18 14:34:13.935,12.04281,12.04599,0.00,0.00
2014.12.18 14:34:15.195,12.04281,12.04591,0.00,0.00
2014.12.18 14:34:15.246,12.04231,12.04549,0.00,0.00
2014.12.18 14:34:15.854,12.04259,12.04549,0.00,0.00
2014.12.18 14:34:15.905,12.04271,12.04579,0.00,0.00
2014.12.18 14:34:16.203,12.04281,12.04589,0.00,0.00
2014.12.18 14:34:16.576,12.04231,12.04549,0.00,0.00
2014.12.18 14:34:17.320,12.04231,12.04559,0.00,0.00
2014.12.18 14:34:18.211,12.04218,12.04519,0.00,0.00
2014.12.18 14:34:19.114,12.04223,12.04519,0.00,0.00
2014.12.18 14:34:19.366,12.04261,12.04569,0.00,0.00
2014.12.18 14:34:19.416,12.04218,12.04518,0.00,0.00
2014.12.18 14:34:19.467,12.04182,12.04518,0.00,0.00
2014.12.18 14:34:20.037,12.04182,12.04512,0.00,0.00
2014.12.18 14:34:20.389,12.04141,12.04459,0.00,0.00
2014.12.18 14:34:20.540,12.04181,12.04501,0.00,0.00
2014.12.18 14:34:20.591,12.04218,12.04501,0.00,0.00
2014.12.18 14:34:20.641,12.04218,12.04519,0.00,0.00
2014.12.18 14:34:22.476,12.04222,12.04528,0.00,0.00
2014.12.18 14:34:23.786,12.04222,12.04512,0.00,0.00
2014.12.18 14:34:23.836,12.04141,12.04459,0.00,0.00
2014.12.18 14:34:25.945,12.04159,12.04459,0.00,0.00
2014.12.18 14:34:25.996,12.04172,12.04488,0.00,0.00
2014.12.18 14:34:26.147,12.04182,12.04508,0.00,0.00
2014.12.18 14:34:26.247,12.04171,12.04489,0.00,0.00
2014.12.18 14:34:27.840,12.04218,12.04489,0.00,0.00
2014.12.18 14:34:27.992,12.04221,12.04539,0.00,0.00
2014.12.18 14:34:28.192,12.04222,12.04558,0.00,0.00
2014.12.18 14:34:28.746,12.04222,12.0452,0.00,0.00
2014.12.18 14:34:29.085,12.04142,12.04458,0.00,0.00
2014.12.18 14:34:29.623,12.04141,12.04449,0.00,0.00
2014.12.18 14:34:30.393,12.04141,12.04459,0.00,0.00
2014.12.18 14:34:30.572,12.04158,12.04459,0.00,0.00
2014.12.18 14:34:30.622,12.04181,12.04519,0.00,0.00
2014.12.18 14:34:31.845,12.04232,12.04558,0.00,0.00
2014.12.18 14:34:31.946,12.04271,12.04609,0.00,0.00
2014.12.18 14:34:32.411,12.04231,12.04559,0.00,0.00
2014.12.18 14:34:32.859,12.04181,12.04519,0.00,0.00
2014.12.18 14:34:35.562,12.04212,12.04518,0.00,0.00
2014.12.18 14:34:38.196,12.04152,12.04458,0.00,0.00
2014.12.18 14:34:40.069,12.04158,12.04458,0.00,0.00
2014.12.18 14:34:40.169,12.04211,12.04519,0.00,0.00
2014.12.18 14:34:40.925,12.04211,12.04502,0.00,0.00
2014.12.18 14:34:41.378,12.04301,12.04609,0.00,0.00
2014.12.18 14:34:41.944,12.04308,12.04609,0.00,0.00
2014.12.18 14:34:42.052,12.04341,12.04649,0.00,0.00
2014.12.18 14:34:42.974,12.04302,12.04608,0.00,0.00
2014.12.18 14:34:43.277,12.04252,12.04558,0.00,0.00
2014.12.18 14:34:43.796,12.04251,12.04559,0.00,0.00
2014.12.18 14:34:46.246,12.04331,12.04562,0.00,0.00
2014.12.18 14:34:46.548,12.04342,12.04648,0.00,0.00
2014.12.18 14:34:47.207,12.04379,12.04648,0.00,0.00
2014.12.18 14:34:47.509,12.04552,12.04851,0.00,0.00
2014.12.18 14:34:47.559,12.0451,12.04808,0.00,0.00
2014.12.18 14:34:47.832,12.04502,12.04801,0.00,0.00
2014.12.18 14:34:47.883,12.04502,12.04752,0.00,0.00
2014.12.18 14:34:48.034,12.04431,12.04749,0.00,0.00
2014.12.18 14:34:48.541,12.0444,12.04749,0.00,0.00
2014.12.18 14:34:48.592,12.04481,12.04809,0.00,0.00
2014.12.18 14:34:48.642,12.04481,12.04802,0.00,0.00
2014.12.18 14:34:49.092,12.04491,12.04802,0.00,0.00
2014.12.18 14:34:50.914,12.04491,12.04809,0.00,0.00
2014.12.18 14:34:51.165,12.04549,12.04808,0.00,0.00
2014.12.18 14:34:51.215,12.04549,12.04859,0.00,0.00
2014.12.18 14:34:51.316,12.04571,12.04879,0.00,0.00
2014.12.18 14:34:52.198,12.04581,12.04889,0.00,0.00
2014.12.18 14:34:52.407,12.04581,12.04899,0.00,0.00
2014.12.18 14:34:52.512,12.04642,12.04941,0.00,0.00
2014.12.18 14:34:52.565,12.04642,12.04948,0.00,0.00
2014.12.18 14:34:52.667,12.04601,12.04939,0.00,0.00
2014.12.18 14:34:54.373,12.04599,12.04858,0.00,0.00
2014.12.18 14:34:54.474,12.0456,12.04858,0.00,0.00
2014.12.18 14:34:54.524,12.04549,12.04738,0.00,0.00
2014.12.18 14:34:54.675,12.04408,12.04738,0.00,0.00
2014.12.18 14:34:56.012,12.04458,12.04738,0.00,0.00
2014.12.18 14:34:56.063,12.04458,12.04759,0.00,0.00
2014.12.18 14:34:56.163,12.04409,12.04739,0.00,0.00
2014.12.18 14:34:56.572,12.04409,12.04669,0.00,0.00
2014.12.18 14:34:56.623,12.04361,12.04669,0.00,0.00
2014.12.18 14:34:56.724,12.04358,12.04649,0.00,0.00
2014.12.18 14:34:59.364,12.04358,12.04668,0.00,0.00
2014.12.18 14:34:59.566,12.04392,12.04688,0.00,0.00
2014.12.18 14:35:00.310,12.04409,12.04688,0.00,0.00
2014.12.18 14:35:00.360,12.04502,12.04801,0.00,0.00
2014.12.18 14:35:00.411,12.04502,12.04808,0.00,0.00
2014.12.18 14:35:00.566,12.04491,12.04799,0.00,0.00
2014.12.18 14:35:00.617,12.04509,12.04799,0.00,0.00
2014.12.18 14:35:00.768,12.04481,12.04789,0.00,0.00
2014.12.18 14:35:00.874,12.04459,12.04758,0.00,0.00
2014.12.18 14:35:01.178,12.04452,12.04758,0.00,0.00
2014.12.18 14:35:01.535,12.04431,12.04739,0.00,0.00
2014.12.18 14:35:01.998,12.04421,12.04739,0.00,0.00
2014.12.18 14:35:02.666,12.04411,12.04739,0.00,0.00
2014.12.18 14:35:03.834,12.04421,12.04739,0.00,0.00
2014.12.18 14:35:04.752,12.04502,12.0478,0.00,0.00
2014.12.18 14:35:04.853,12.04512,12.04828,0.00,0.00
2014.12.18 14:35:04.954,12.04681,12.04902,0.00,0.00
2014.12.18 14:35:05.004,12.04681,12.0494,0.00,0.00
2014.12.18 14:35:05.055,12.04681,12.04999,0.00,0.00
2014.12.18 14:35:05.648,12.04709,12.05028,0.00,0.00
2014.12.18 14:35:05.698,12.04758,12.05028,0.00,0.00
2014.12.18 14:35:05.749,12.04762,12.05068,0.00,0.00
2014.12.18 14:35:06.143,12.04782,12.05088,0.00,0.00
2014.12.18 14:35:06.473,12.04858,12.05158,0.00,0.00
2014.12.18 14:35:06.986,12.04891,12.05189,0.00,0.00
2014.12.18 14:35:07.288,12.04862,12.05168,0.00,0.00
2014.12.18 14:35:10.208,12.04958,12.05168,0.00,0.00
2014.12.18 14:35:10.258,12.04958,12.0521,0.00,0.00
2014.12.18 14:35:10.309,12.04958,12.05239,0.00,0.00
2014.12.18 14:35:10.460,12.04959,12.05259,0.00,0.00
2014.12.18 14:35:10.702,12.04959,12.05168,0.00,0.00
2014.12.18 14:35:10.752,12.04862,12.05168,0.00,0.00
2014.12.18 14:35:12.145,12.04909,12.05168,0.00,0.00
2014.12.18 14:35:12.246,12.04952,12.05214,0.00,0.00
2014.12.18 14:35:12.297,12.04959,12.05254,0.00,0.00
2014.12.18 14:35:12.347,12.04981,12.05254,0.00,0.00
2014.12.18 14:35:12.498,12.05081,12.05389,0.00,0.00
2014.12.18 14:35:12.599,12.05081,12.05379,0.00,0.00
2014.12.18 14:35:12.937,12.0512,12.05354,0.00,0.00
2014.12.18 14:35:12.988,12.05161,12.05429,0.00,0.00
2014.12.18 14:35:13.038,12.05161,12.05351,0.00,0.00
2014.12.18 14:35:13.089,12.05111,12.05351,0.00,0.00
2014.12.18 14:35:13.139,12.05111,12.0532,0.00,0.00
2014.12.18 14:35:13.190,12.04959,12.05279,0.00,0.00
2014.12.18 14:35:14.755,12.05002,12.05303,0.00,0.00
2014.12.18 14:35:15.018,12.05002,12.05308,0.00,0.00
2014.12.18 14:35:15.254,12.05008,12.05308,0.00,0.00
2014.12.18 14:35:15.304,12.05012,12.05323,0.00,0.00
2014.12.18 14:35:15.405,12.04982,12.05288,0.00,0.00
2014.12.18 14:35:16.170,12.04958,12.05278,0.00,0.00
2014.12.18 14:35:17.055,12.04991,12.05299,0.00,0.00
2014.12.18 14:35:17.374,12.04958,12.05279,0.00,0.00
2014.12.18 14:35:17.477,12.04992,12.05298,0.00,0.00
2014.12.18 14:35:18.133,12.04971,12.05289,0.00,0.00
2014.12.18 14:35:18.593,12.04958,12.05189,0.00,0.00
2014.12.18 14:35:18.643,12.0493,12.05189,0.00,0.00
2014.12.18 14:35:18.694,12.04859,12.05088,0.00,0.00
2014.12.18 14:35:18.745,12.04808,12.05088,0.00,0.00
2014.12.18 14:35:18.796,12.04808,12.05031,0.00,0.00
2014.12.18 14:35:18.897,12.04762,12.05048,0.00,0.00
2014.12.18 14:35:18.947,12.04759,12.04989,0.00,0.00
2014.12.18 14:35:18.998,12.04708,12.04989,0.00,0.00
2014.12.18 14:35:19.098,12.04712,12.05062,0.00,0.00
2014.12.18 14:35:19.203,12.04712,12.05054,0.00,0.00
2014.12.18 14:35:19.369,12.04711,12.05069,0.00,0.00
2014.12.18 14:35:19.470,12.04711,12.05054,0.00,0.00
2014.12.18 14:35:19.786,12.04711,12.0503,0.00,0.00
2014.12.18 14:35:19.921,12.04658,12.04979,0.00,0.00
2014.12.18 14:35:19.971,12.04708,12.04979,0.00,0.00
2014.12.18 14:35:20.173,12.04858,12.05168,0.00,0.00
2014.12.18 14:35:20.274,12.04858,12.05178,0.00,0.00
2014.12.18 14:35:21.055,12.04852,12.05178,0.00,0.00
2014.12.18 14:35:21.156,12.04809,12.05168,0.00,0.00
2014.12.18 14:35:21.256,12.04852,12.05168,0.00,0.00
2014.12.18 14:35:21.625,12.04882,12.05188,0.00,0.00
2014.12.18 14:35:22.203,12.04872,12.05178,0.00,0.00
2014.12.18 14:35:22.535,12.04829,12.05099,0.00,0.00
2014.12.18 14:35:22.586,12.04809,12.05099,0.00,0.00
2014.12.18 14:35:22.686,12.04732,12.05038,0.00,0.00
2014.12.18 14:35:22.817,12.04732,12.05034,0.00,0.00
2014.12.18 14:35:23.119,12.04708,12.05028,0.00,0.00
2014.12.18 14:35:23.996,12.04708,12.05009,0.00,0.00
2014.12.18 14:35:24.047,12.04511,12.04839,0.00,0.00
2014.12.18 14:35:24.305,12.0447,12.04754,0.00,0.00
2014.12.18 14:35:24.406,12.04459,12.04759,0.00,0.00
2014.12.18 14:35:24.581,12.04451,12.04759,0.00,0.00
2014.12.18 14:35:25.235,12.04451,12.04751,0.00,0.00
2014.12.18 14:35:25.286,12.04409,12.04729,0.00,0.00
2014.12.18 14:35:25.386,12.04401,12.04729,0.00,0.00
2014.12.18 14:35:27.077,12.04409,12.04729,0.00,0.00
2014.12.18 14:35:27.420,12.04451,12.04759,0.00,0.00
2014.12.18 14:35:29.006,12.04451,12.04744,0.00,0.00
2014.12.18 14:35:29.107,12.04362,12.04668,0.00,0.00
2014.12.18 14:35:30.127,12.04351,12.04659,0.00,0.00
2014.12.18 14:35:30.443,12.04352,12.04634,0.00,0.00
2014.12.18 14:35:30.544,12.04262,12.04568,0.00,0.00
2014.12.18 14:35:31.099,12.04298,12.04568,0.00,0.00
2014.12.18 14:35:31.149,12.04312,12.04628,0.00,0.00
2014.12.18 14:35:31.250,12.04391,12.04689,0.00,0.00
2014.12.18 14:35:31.709,12.04432,12.04731,0.00,0.00
2014.12.18 14:35:31.835,12.04432,12.04738,0.00,0.00
2014.12.18 14:35:33.695,12.04391,12.04689,0.00,0.00
2014.12.18 14:35:34.195,12.04349,12.04649,0.00,0.00
2014.12.18 14:35:34.325,12.04341,12.04649,0.00,0.00
2014.12.18 14:35:34.489,12.04358,12.04649,0.00,0.00
2014.12.18 14:35:34.539,12.04371,12.04679,0.00,0.00
2014.12.18 14:35:34.695,12.04408,12.04679,0.00,0.00
2014.12.18 14:35:34.846,12.04461,12.04769,0.00,0.00
2014.12.18 14:35:35.623,12.04458,12.04759,0.00,0.00
2014.12.18 14:35:36.284,12.04471,12.04779,0.00,0.00
2014.12.18 14:35:36.867,12.04458,12.04758,0.00,0.00
2014.12.18 14:35:36.918,12.04452,12.04758,0.00,0.00
2014.12.18 14:35:36.968,12.04452,12.04756,0.00,0.00
2014.12.18 14:35:37.019,12.04409,12.04728,0.00,0.00
2014.12.18 14:35:38.118,12.04409,12.04719,0.00,0.00
2014.12.18 14:35:38.544,12.04458,12.04719,0.00,0.00
2014.12.18 14:35:38.655,12.04458,12.04758,0.00,0.00
2014.12.18 14:35:40.304,12.04368,12.04669,0.00,0.00
2014.12.18 14:35:40.405,12.04401,12.04719,0.00,0.00
2014.12.18 14:35:40.694,12.0452,12.04719,0.00,0.00
2014.12.18 14:35:40.745,12.04561,12.04762,0.00,0.00
2014.12.18 14:35:40.845,12.04612,12.04902,0.00,0.00
2014.12.18 14:35:40.896,12.04612,12.04938,0.00,0.00
2014.12.18 14:35:41.004,12.04612,12.04881,0.00,0.00
2014.12.18 14:35:41.157,12.04511,12.04839,0.00,0.00
2014.12.18 14:35:41.207,12.04519,12.04839,0.00,0.00
2014.12.18 14:35:41.565,12.04562,12.04868,0.00,0.00
2014.12.18 14:35:42.454,12.04561,12.04869,0.00,0.00
2014.12.18 14:35:42.505,12.0452,12.04839,0.00,0.00
2014.12.18 14:35:42.808,12.04511,12.04839,0.00,0.00
2014.12.18 14:35:43.536,12.04511,12.04811,0.00,0.00
2014.12.18 14:35:43.737,12.04562,12.04868,0.00,0.00
2014.12.18 14:35:44.398,12.04562,12.04861,0.00,0.00
2014.12.18 14:35:44.484,12.04562,12.04868,0.00,0.00
2014.12.18 14:35:46.262,12.04562,12.04862,0.00,0.00
2014.12.18 14:35:46.363,12.04511,12.04839,0.00,0.00
2014.12.18 14:35:48.083,12.04561,12.04869,0.00,0.00
2014.12.18 14:35:50.504,12.04561,12.04851,0.00,0.00
2014.12.18 14:35:50.554,12.04511,12.04829,0.00,0.00
2014.12.18 14:35:50.655,12.04511,12.04812,0.00,0.00
2014.12.18 14:35:51.212,12.04471,12.04779,0.00,0.00
2014.12.18 14:35:52.005,12.04472,12.04778,0.00,0.00
2014.12.18 14:35:52.156,12.04451,12.04759,0.00,0.00
2014.12.18 14:35:52.307,12.04412,12.04718,0.00,0.00
2014.12.18 14:35:52.728,12.0437,12.04669,0.00,0.00
2014.12.18 14:35:52.829,12.04361,12.04669,0.00,0.00
2014.12.18 14:35:53.252,12.04351,12.04659,0.00,0.00
2014.12.18 14:35:54.137,12.04361,12.04669,0.00,0.00
2014.12.18 14:35:54.441,12.04401,12.04709,0.00,0.00
2014.12.18 14:35:56.229,12.04369,12.04579,0.00,0.00
2014.12.18 14:35:56.280,12.04319,12.04579,0.00,0.00
2014.12.18 14:35:56.381,12.04261,12.04579,0.00,0.00
2014.12.18 14:35:56.698,12.04268,12.04579,0.00,0.00
2014.12.18 14:35:57.050,12.04261,12.04579,0.00,0.00
2014.12.18 14:35:58.093,12.04261,12.04569,0.00,0.00
2014.12.18 14:35:59.523,12.0423,12.04529,0.00,0.00
2014.12.18 14:35:59.674,12.04161,12.04469,0.00,0.00
2014.12.18 14:36:00.546,12.04168,12.04469,0.00,0.00
2014.12.18 14:36:00.697,12.04261,12.04569,0.00,0.00
2014.12.18 14:36:03.954,12.04261,12.04562,0.00,0.00
2014.12.18 14:36:04.055,12.04221,12.04529,0.00,0.00
2014.12.18 14:36:04.105,12.04221,12.04511,0.00,0.00
2014.12.18 14:36:04.156,12.04168,12.04469,0.00,0.00
2014.12.18 14:36:04.256,12.0412,12.04418,0.00,0.00
2014.12.18 14:36:04.307,12.04112,12.04418,0.00,0.00
2014.12.18 14:36:04.538,12.04119,12.04418,0.00,0.00
2014.12.18 14:36:04.639,12.04202,12.04508,0.00,0.00
2014.12.18 14:36:04.740,12.04221,12.04529,0.00,0.00
2014.12.18 14:36:04.980,12.04221,12.04492,0.00,0.00
2014.12.18 14:36:05.030,12.04112,12.04439,0.00,0.00
2014.12.18 14:36:05.081,12.04111,12.04431,0.00,0.00
2014.12.18 14:36:05.485,12.04151,12.04431,0.00,0.00
2014.12.18 14:36:05.535,12.04151,12.04459,0.00,0.00
2014.12.18 14:36:06.123,12.04162,12.04478,0.00,0.00
2014.12.18 14:36:08.247,12.04162,12.04432,0.00,0.00
2014.12.18 14:36:08.494,12.0412,12.04432,0.00,0.00
2014.12.18 14:36:08.546,12.04112,12.04432,0.00,0.00
2014.12.18 14:36:09.330,12.04069,12.04379,0.00,0.00
2014.12.18 14:36:09.430,12.04061,12.04379,0.00,0.00
2014.12.18 14:36:11.544,12.04111,12.04382,0.00,0.00
2014.12.18 14:36:11.595,12.04111,12.04431,0.00,0.00
2014.12.18 14:36:11.645,12.04151,12.04431,0.00,0.00
2014.12.18 14:36:11.696,12.04151,12.04459,0.00,0.00
2014.12.18 14:36:13.511,12.04221,12.04492,0.00,0.00
2014.12.18 14:36:13.561,12.04221,12.04539,0.00,0.00
2014.12.18 14:36:14.514,12.04221,12.04512,0.00,0.00
2014.12.18 14:36:14.954,12.04179,12.04478,0.00,0.00
2014.12.18 14:36:15.004,12.04179,12.04452,0.00,0.00
2014.12.18 14:36:15.105,12.04221,12.04511,0.00,0.00
2014.12.18 14:36:19.795,12.04221,12.04539,0.00,0.00
2014.12.18 14:36:19.896,12.04261,12.04562,0.00,0.00
2014.12.18 14:36:20.224,12.04221,12.04511,0.00,0.00
2014.12.18 14:36:20.532,12.04179,12.04452,0.00,0.00
2014.12.18 14:36:20.582,12.04162,12.04452,0.00,0.00
2014.12.18 14:36:22.504,12.0431,12.04452,0.00,0.00
2014.12.18 14:36:22.554,12.04351,12.04512,0.00,0.00
2014.12.18 14:36:22.705,12.0441,12.04611,0.00,0.00
2014.12.18 14:36:22.756,12.04451,12.04611,0.00,0.00
2014.12.18 14:36:22.806,12.04451,12.04702,0.00,0.00
2014.12.18 14:36:22.907,12.04451,12.04751,0.00,0.00
2014.12.18 14:36:22.958,12.04471,12.04751,0.00,0.00
2014.12.18 14:36:23.109,12.04562,12.04851,0.00,0.00
2014.12.18 14:36:25.405,12.04562,12.04878,0.00,0.00
2014.12.18 14:36:25.506,12.04611,12.04902,0.00,0.00
2014.12.18 14:36:25.657,12.04611,12.04939,0.00,0.00
2014.12.18 14:36:25.707,12.04651,12.04951,0.00,0.00
2014.12.18 14:36:26.009,12.04562,12.04852,0.00,0.00
2014.12.18 14:36:26.324,12.04511,12.04752,0.00,0.00
2014.12.18 14:36:26.375,12.04472,12.04752,0.00,0.00
2014.12.18 14:36:26.692,12.04452,12.04752,0.00,0.00
2014.12.18 14:36:26.743,12.04452,12.04701,0.00,0.00
2014.12.18 14:36:26.843,12.04412,12.04702,0.00,0.00
2014.12.18 14:36:28.171,12.04411,12.04702,0.00,0.00
2014.12.18 14:36:28.645,12.04411,12.04662,0.00,0.00
2014.12.18 14:36:28.695,12.04319,12.04619,0.00,0.00
2014.12.18 14:36:28.746,12.04311,12.04619,0.00,0.00
2014.12.18 14:36:30.075,12.0436,12.04619,0.00,0.00
2014.12.18 14:36:30.125,12.04411,12.04702,0.00,0.00
2014.12.18 14:36:34.204,12.04411,12.04661,0.00,0.00
2014.12.18 14:36:34.305,12.04351,12.04659,0.00,0.00
2014.12.18 14:36:35.382,12.04362,12.04661,0.00,0.00
2014.12.18 14:36:35.863,12.04311,12.04612,0.00,0.00
2014.12.18 14:36:36.573,12.04271,12.04562,0.00,0.00
2014.12.18 14:36:36.968,12.04261,12.04562,0.00,0.00
2014.12.18 14:36:37.219,12.04261,12.04501,0.00,0.00
2014.12.18 14:36:37.269,12.04219,12.04479,0.00,0.00
2014.12.18 14:36:37.320,12.04219,12.04452,0.00,0.00
2014.12.18 14:36:37.370,12.04151,12.04452,0.00,0.00
2014.12.18 14:36:37.839,12.04172,12.04452,0.00,0.00
2014.12.18 14:36:38.242,12.04161,12.04452,0.00,0.00
2014.12.18 14:36:38.827,12.04172,12.04452,0.00,0.00
2014.12.18 14:36:39.155,12.04172,12.04478,0.00,0.00
2014.12.18 14:36:39.206,12.04179,12.04478,0.00,0.00
2014.12.18 14:36:39.552,12.04221,12.04511,0.00,0.00
2014.12.18 14:36:40.057,12.04221,12.04529,0.00,0.00
2014.12.18 14:36:40.158,12.04262,12.04562,0.00,0.00
2014.12.18 14:36:41.066,12.04262,12.0455,0.00,0.00
2014.12.18 14:36:42.172,12.04262,12.04562,0.00,0.00
2014.12.18 14:36:42.395,12.04262,12.04505,0.00,0.00
2014.12.18 14:36:42.446,12.04179,12.04478,0.00,0.00
2014.12.18 14:36:42.546,12.04151,12.04459,0.00,0.00
2014.12.18 14:36:42.934,12.04151,12.04402,0.00,0.00
2014.12.18 14:36:43.035,12.04151,12.04452,0.00,0.00
2014.12.18 14:36:43.544,12.04152,12.04452,0.00,0.00
2014.12.18 14:36:43.595,12.04152,12.04458,0.00,0.00
2014.12.18 14:36:43.645,12.04221,12.04512,0.00,0.00
2014.12.18 14:36:46.401,12.0418,12.04478,0.00,0.00
2014.12.18 14:36:46.502,12.04162,12.04468,0.00,0.00
2014.12.18 14:36:46.552,12.04162,12.04452,0.00,0.00
2014.12.18 14:36:47.206,12.04162,12.04402,0.00,0.00
2014.12.18 14:36:47.306,12.04111,12.04402,0.00,0.00
2014.12.18 14:36:47.408,12.04111,12.04419,0.00,0.00
2014.12.18 14:36:47.509,12.04141,12.04452,0.00,0.00
2014.12.18 14:36:48.073,12.04141,12.04451,0.00,0.00
2014.12.18 14:36:49.056,12.04141,12.04402,0.00,0.00
2014.12.18 14:36:49.156,12.04101,12.04402,0.00,0.00
2014.12.18 14:36:49.207,12.04101,12.04352,0.00,0.00
2014.12.18 14:36:49.257,12.04061,12.04352,0.00,0.00
2014.12.18 14:36:50.256,12.04072,12.04352,0.00,0.00
2014.12.18 14:36:51.364,12.04072,12.04378,0.00,0.00
2014.12.18 14:36:51.464,12.04061,12.04369,0.00,0.00
2014.12.18 14:36:51.515,12.04061,12.04352,0.00,0.00
2014.12.18 14:36:53.353,12.04042,12.04302,0.00,0.00
2014.12.18 14:36:53.454,12.03901,12.04178,0.00,0.00
2014.12.18 14:36:53.554,12.03872,12.04178,0.00,0.00
2014.12.18 14:36:53.605,12.03872,12.04161,0.00,0.00
2014.12.18 14:36:54.003,12.03872,12.04178,0.00,0.00
2014.12.18 14:36:54.106,12.03901,12.04202,0.00,0.00
2014.12.18 14:36:54.208,12.03872,12.04178,0.00,0.00
2014.12.18 14:36:54.258,12.03872,12.04161,0.00,0.00
2014.12.18 14:36:54.852,12.03851,12.04161,0.00,0.00
2014.12.18 14:36:56.002,12.03851,12.04179,0.00,0.00
2014.12.18 14:36:56.053,12.03871,12.04179,0.00,0.00
2014.12.18 14:36:56.160,12.03931,12.04249,0.00,0.00
2014.12.18 14:36:56.643,12.03931,12.04202,0.00,0.00
2014.12.18 14:36:56.744,12.03889,12.04178,0.00,0.00
2014.12.18 14:36:56.795,12.03852,12.04178,0.00,0.00
2014.12.18 14:36:56.863,12.03852,12.04161,0.00,0.00
2014.12.18 14:36:57.543,12.03852,12.04111,0.00,0.00
2014.12.18 14:36:57.644,12.03809,12.04111,0.00,0.00
2014.12.18 14:36:57.745,12.03871,12.04161,0.00,0.00
2014.12.18 14:36:57.896,12.03871,12.04202,0.00,0.00
2014.12.18 14:36:57.996,12.03871,12.04162,0.00,0.00
2014.12.18 14:36:58.197,12.03851,12.04162,0.00,0.00
2014.12.18 14:37:02.145,12.03912,12.04202,0.00,0.00
2014.12.18 14:37:02.463,12.03902,12.04218,0.00,0.00
2014.12.18 14:37:02.514,12.03902,12.04202,0.00,0.00
2014.12.18 14:37:02.673,12.03871,12.04199,0.00,0.00
2014.12.18 14:37:02.996,12.03882,12.04202,0.00,0.00
2014.12.18 14:37:04.115,12.03741,12.04062,0.00,0.00
2014.12.18 14:37:04.620,12.03772,12.04062,0.00,0.00
2014.12.18 14:37:04.721,12.03812,12.04118,0.00,0.00
2014.12.18 14:37:04.972,12.03821,12.04129,0.00,0.00
2014.12.18 14:37:05.429,12.03782,12.04118,0.00,0.00
2014.12.18 14:37:05.479,12.03782,12.04112,0.00,0.00
2014.12.18 14:37:05.580,12.03741,12.04079,0.00,0.00
2014.12.18 14:37:05.680,12.03741,12.04062,0.00,0.00
2014.12.18 14:37:06.763,12.03741,12.04069,0.00,0.00
2014.12.18 14:37:06.864,12.03811,12.04112,0.00,0.00
2014.12.18 14:37:06.965,12.03772,12.04108,0.00,0.00
2014.12.18 14:37:07.066,12.03741,12.04079,0.00,0.00
2014.12.18 14:37:07.116,12.03741,12.04062,0.00,0.00
2014.12.18 14:37:09.282,12.03742,12.04062,0.00,0.00
2014.12.18 14:37:10.291,12.03722,12.04028,0.00,0.00
2014.12.18 14:37:10.723,12.03722,12.04012,0.00,0.00
2014.12.18 14:37:10.823,12.03711,12.04012,0.00,0.00
2014.12.18 14:37:10.924,12.03651,12.03959,0.00,0.00
2014.12.18 14:37:13.413,12.03651,12.03951,0.00,0.00
2014.12.18 14:37:13.464,12.03621,12.03929,0.00,0.00
2014.12.18 14:37:13.564,12.03661,12.03969,0.00,0.00
2014.12.18 14:37:13.916,12.03712,12.04018,0.00,0.00
2014.12.18 14:37:14.354,12.03712,12.04012,0.00,0.00
2014.12.18 14:37:14.455,12.03681,12.03999,0.00,0.00
2014.12.18 14:37:14.555,12.03711,12.04012,0.00,0.00
2014.12.18 14:37:14.606,12.03711,12.04019,0.00,0.00
2014.12.18 14:37:15.773,12.03721,12.04029,0.00,0.00
2014.12.18 14:37:16.075,12.03879,12.04168,0.00,0.00
2014.12.18 14:37:16.125,12.03901,12.04211,0.00,0.00
2014.12.18 14:37:16.176,12.03901,12.04219,0.00,0.00
2014.12.18 14:37:16.226,12.0388,12.04168,0.00,0.00
2014.12.18 14:37:16.277,12.03862,12.04168,0.00,0.00
2014.12.18 14:37:16.790,12.03811,12.04109,0.00,0.00
2014.12.18 14:37:17.240,12.03881,12.04109,0.00,0.00
2014.12.18 14:37:17.341,12.03881,12.04168,0.00,0.00
2014.12.18 14:37:17.392,12.03862,12.04168,0.00,0.00
2014.12.18 14:37:17.693,12.0388,12.04168,0.00,0.00
2014.12.18 14:37:17.794,12.03941,12.04279,0.00,0.00
2014.12.18 14:37:17.844,12.03981,12.04302,0.00,0.00
2014.12.18 14:37:18.318,12.03981,12.04289,0.00,0.00
2014.12.18 14:37:18.974,12.03981,12.04251,0.00,0.00
2014.12.18 14:37:19.203,12.03932,12.04238,0.00,0.00
2014.12.18 14:37:19.696,12.03932,12.04191,0.00,0.00
2014.12.18 14:37:19.746,12.0386,12.04139,0.00,0.00
2014.12.18 14:37:19.822,12.0386,12.04159,0.00,0.00
2014.12.18 14:37:20.144,12.03851,12.04159,0.00,0.00
2014.12.18 14:37:20.956,12.03851,12.04169,0.00,0.00
2014.12.18 14:37:21.723,12.03871,12.04201,0.00,0.00
2014.12.18 14:37:21.874,12.03871,12.04209,0.00,0.00
2014.12.18 14:37:21.924,12.03931,12.04239,0.00,0.00
2014.12.18 14:37:23.671,12.03932,12.04248,0.00,0.00
2014.12.18 14:37:24.334,12.03921,12.04229,0.00,0.00
2014.12.18 14:37:25.219,12.03882,12.04218,0.00,0.00
2014.12.18 14:37:25.269,12.03882,12.04201,0.00,0.00
2014.12.18 14:37:25.793,12.03979,12.04201,0.00,0.00
2014.12.18 14:37:25.994,12.04081,12.04352,0.00,0.00
2014.12.18 14:37:26.124,12.04081,12.04402,0.00,0.00
2014.12.18 14:37:26.910,12.04082,12.04402,0.00,0.00
2014.12.18 14:37:27.674,12.04061,12.04352,0.00,0.00
2014.12.18 14:37:27.975,12.04089,12.04368,0.00,0.00
2014.12.18 14:37:28.076,12.04071,12.04352,0.00,0.00
2014.12.18 14:37:28.127,12.04071,12.04401,0.00,0.00
2014.12.18 14:37:28.228,12.04062,12.04352,0.00,0.00
2014.12.18 14:37:28.480,12.03982,12.04302,0.00,0.00
2014.12.18 14:37:28.969,12.03951,12.04279,0.00,0.00
2014.12.18 14:37:29.019,12.03941,12.04252,0.00,0.00
2014.12.18 14:37:29.490,12.03979,12.04252,0.00,0.00
2014.12.18 14:37:29.541,12.03982,12.04302,0.00,0.00
2014.12.18 14:37:29.591,12.0402,12.04302,0.00,0.00
2014.12.18 14:37:29.692,12.04062,12.04352,0.00,0.00
2014.12.18 14:37:30.396,12.03991,12.04318,0.00,0.00
2014.12.18 14:37:30.446,12.03982,12.04301,0.00,0.00
2014.12.18 14:37:30.747,12.03951,12.04252,0.00,0.00
2014.12.18 14:37:30.797,12.03949,12.04252,0.00,0.00
2014.12.18 14:37:30.848,12.03942,12.04252,0.00,0.00
2014.12.18 14:37:33.513,12.03942,12.04278,0.00,0.00
2014.12.18 14:37:33.719,12.03941,12.04251,0.00,0.00
2014.12.18 14:37:34.813,12.03941,12.04202,0.00,0.00
2014.12.18 14:37:34.913,12.03882,12.04202,0.00,0.00
2014.12.18 14:37:35.035,12.03851,12.04062,0.00,0.00
2014.12.18 14:37:35.086,12.0384,12.04062,0.00,0.00
2014.12.18 14:37:35.187,12.03742,12.04068,0.00,0.00
2014.12.18 14:37:35.287,12.03741,12.04062,0.00,0.00
2014.12.18 14:37:36.212,12.03742,12.04062,0.00,0.00
2014.12.18 14:37:38.192,12.03731,12.04039,0.00,0.00
2014.12.18 14:37:39.403,12.03721,12.04029,0.00,0.00
2014.12.18 14:37:40.119,12.03732,12.04038,0.00,0.00
2014.12.18 14:37:40.172,12.03711,12.04019,0.00,0.00
2014.12.18 14:37:46.441,12.03732,12.04061,0.00,0.00
2014.12.18 14:37:47.302,12.03732,12.04062,0.00,0.00
2014.12.18 14:37:47.354,12.03699,12.03852,0.00,0.00
2014.12.18 14:37:47.455,12.03562,12.03852,0.00,0.00
2014.12.18 14:37:47.828,12.03562,12.03802,0.00,0.00
2014.12.18 14:37:47.879,12.03431,12.03779,0.00,0.00
2014.12.18 14:37:48.030,12.03521,12.03802,0.00,0.00
2014.12.18 14:37:48.130,12.03442,12.03802,0.00,0.00
2014.12.18 14:37:48.453,12.03431,12.03752,0.00,0.00
2014.12.18 14:37:48.604,12.03441,12.03802,0.00,0.00
2014.12.18 14:37:48.920,12.03441,12.03829,0.00,0.00
2014.12.18 14:37:49.021,12.03431,12.03779,0.00,0.00
2014.12.18 14:37:49.121,12.03441,12.03802,0.00,0.00
2014.12.18 14:37:49.489,12.03441,12.03829,0.00,0.00
2014.12.18 14:37:49.539,12.03521,12.03829,0.00,0.00
2014.12.18 14:37:49.640,12.03522,12.03848,0.00,0.00
2014.12.18 14:37:49.741,12.03522,12.03851,0.00,0.00
2014.12.18 14:37:50.952,12.03522,12.03848,0.00,0.00
2014.12.18 14:37:51.188,12.03521,12.03851,0.00,0.00
2014.12.18 14:37:52.100,12.03532,12.03851,0.00,0.00
2014.12.18 14:37:52.748,12.03531,12.03891,0.00,0.00
2014.12.18 14:37:52.848,12.03532,12.03878,0.00,0.00
2014.12.18 14:37:53.360,12.03532,12.03851,0.00,0.00
2014.12.18 14:37:53.711,12.03521,12.03849,0.00,0.00
2014.12.18 14:37:54.252,12.03521,12.03851,0.00,0.00
2014.12.18 14:37:54.692,12.03521,12.03849,0.00,0.00
2014.12.18 14:37:55.804,12.03531,12.03851,0.00,0.00
2014.12.18 14:37:57.362,12.03531,12.03869,0.00,0.00
2014.12.18 14:37:57.463,12.03532,12.03902,0.00,0.00
2014.12.18 14:37:57.772,12.03572,12.03902,0.00,0.00
2014.12.18 14:37:58.211,12.03571,12.03879,0.00,0.00
2014.12.18 14:37:58.892,12.03601,12.03919,0.00,0.00
2014.12.18 14:37:58.993,12.03571,12.03889,0.00,0.00
2014.12.18 14:37:59.641,12.03582,12.03902,0.00,0.00
2014.12.18 14:38:00.002,12.03582,12.03852,0.00,0.00
2014.12.18 14:38:00.103,12.03561,12.03852,0.00,0.00
2014.12.18 14:38:00.350,12.03561,12.03869,0.00,0.00
2014.12.18 14:38:00.400,12.03579,12.03869,0.00,0.00
2014.12.18 14:38:00.451,12.03579,12.03899,0.00,0.00
2014.12.18 14:38:00.552,12.03612,12.03902,0.00,0.00
2014.12.18 14:38:00.602,12.03612,12.03918,0.00,0.00
2014.12.18 14:38:01.401,12.03601,12.03919,0.00,0.00
2014.12.18 14:38:01.951,12.03611,12.03919,0.00,0.00
2014.12.18 14:38:02.433,12.03601,12.03919,0.00,0.00
2014.12.18 14:38:02.752,12.03601,12.03901,0.00,0.00
2014.12.18 14:38:02.852,12.03571,12.03889,0.00,0.00
2014.12.18 14:38:02.903,12.03571,12.03852,0.00,0.00
2014.12.18 14:38:02.954,12.03532,12.03838,0.00,0.00
2014.12.18 14:38:03.051,12.03562,12.03852,0.00,0.00
2014.12.18 14:38:03.101,12.03562,12.03878,0.00,0.00
2014.12.18 14:38:03.666,12.03562,12.03852,0.00,0.00
2014.12.18 14:38:04.203,12.03561,12.03852,0.00,0.00
2014.12.18 14:38:06.612,12.03519,12.03779,0.00,0.00
2014.12.18 14:38:06.713,12.03441,12.03779,0.00,0.00
2014.12.18 14:38:07.021,12.03471,12.03801,0.00,0.00
2014.12.18 14:38:07.393,12.03529,12.03801,0.00,0.00
2014.12.18 14:38:07.737,12.0353,12.03752,0.00,0.00
2014.12.18 14:38:08.400,12.03529,12.03752,0.00,0.00
2014.12.18 14:38:08.605,12.03529,12.03801,0.00,0.00
2014.12.18 14:38:08.706,12.03529,12.03829,0.00,0.00
2014.12.18 14:38:08.859,12.03536,12.03829,0.00,0.00
2014.12.18 14:38:09.063,12.03562,12.03878,0.00,0.00
2014.12.18 14:38:09.114,12.03581,12.03889,0.00,0.00
2014.12.18 14:38:09.424,12.03621,12.03902,0.00,0.00
2014.12.18 14:38:09.475,12.03571,12.03902,0.00,0.00
2014.12.18 14:38:09.576,12.03571,12.03909,0.00,0.00
2014.12.18 14:38:09.626,12.03592,12.03909,0.00,0.00
2014.12.18 14:38:09.952,12.03641,12.03902,0.00,0.00
2014.12.18 14:38:10.002,12.03572,12.03902,0.00,0.00
2014.12.18 14:38:10.248,12.0353,12.03801,0.00,0.00
2014.12.18 14:38:10.574,12.03529,12.03752,0.00,0.00
2014.12.18 14:38:10.675,12.03562,12.03851,0.00,0.00
2014.12.18 14:38:11.091,12.03571,12.03851,0.00,0.00
2014.12.18 14:38:11.142,12.03571,12.03902,0.00,0.00
2014.12.18 14:38:11.680,12.03571,12.03909,0.00,0.00
2014.12.18 14:38:11.781,12.03571,12.03902,0.00,0.00
2014.12.18 14:38:13.005,12.03571,12.03851,0.00,0.00
2014.12.18 14:38:13.106,12.03562,12.03851,0.00,0.00
2014.12.18 14:38:13.307,12.03529,12.03819,0.00,0.00
2014.12.18 14:38:13.357,12.03529,12.03802,0.00,0.00
2014.12.18 14:38:14.665,12.03485,12.03802,0.00,0.00
2014.12.18 14:38:14.715,12.03485,12.03779,0.00,0.00
2014.12.18 14:38:14.766,12.03441,12.03752,0.00,0.00
2014.12.18 14:38:14.932,12.03429,12.03669,0.00,0.00
2014.12.18 14:38:14.982,12.03351,12.03669,0.00,0.00
2014.12.18 14:38:16.932,12.03371,12.03701,0.00,0.00
2014.12.18 14:38:17.536,12.03371,12.03662,0.00,0.00
2014.12.18 14:38:17.637,12.03272,12.03612,0.00,0.00
2014.12.18 14:38:18.238,12.03279,12.03612,0.00,0.00
2014.12.18 14:38:18.289,12.03279,12.03618,0.00,0.00
2014.12.18 14:38:18.339,12.03309,12.03618,0.00,0.00
2014.12.18 14:38:18.541,12.03231,12.03561,0.00,0.00
2014.12.18 14:38:19.268,12.03222,12.03561,0.00,0.00
2014.12.18 14:38:19.445,12.03232,12.03561,0.00,0.00
2014.12.18 14:38:20.321,12.03222,12.03561,0.00,0.00
2014.12.18 14:38:21.232,12.03279,12.03568,0.00,0.00
2014.12.18 14:38:21.433,12.03322,12.03658,0.00,0.00
2014.12.18 14:38:21.534,12.03331,12.03702,0.00,0.00
2014.12.18 14:38:21.584,12.03341,12.03662,0.00,0.00
2014.12.18 14:38:21.685,12.03331,12.03669,0.00,0.00
2014.12.18 14:38:21.787,12.03353,12.03669,0.00,0.00
2014.12.18 14:38:21.938,12.03421,12.03739,0.00,0.00
2014.12.18 14:38:22.120,12.03422,12.03752,0.00,0.00
2014.12.18 14:38:23.576,12.03422,12.03702,0.00,0.00
2014.12.18 14:38:23.627,12.03351,12.03702,0.00,0.00
2014.12.18 14:38:24.151,12.03351,12.03701,0.00,0.00
2014.12.18 14:38:24.202,12.03351,12.03661,0.00,0.00
2014.12.18 14:38:24.302,12.03335,12.03661,0.00,0.00
2014.12.18 14:38:24.353,12.03335,12.03702,0.00,0.00
2014.12.18 14:38:24.403,12.0338,12.03658,0.00,0.00
2014.12.18 14:38:24.504,12.03421,12.03702,0.00,0.00
2014.12.18 14:38:24.554,12.03421,12.03661,0.00,0.00
2014.12.18 14:38:24.655,12.03421,12.03702,0.00,0.00
2014.12.18 14:38:26.197,12.03334,12.03702,0.00,0.00
2014.12.18 14:38:27.410,12.03352,12.03702,0.00,0.00
2014.12.18 14:38:28.573,12.03371,12.03679,0.00,0.00
2014.12.18 14:38:28.937,12.0333,12.03598,0.00,0.00
2014.12.18 14:38:28.988,12.03298,12.03598,0.00,0.00
2014.12.18 14:38:29.088,12.03272,12.03598,0.00,0.00
2014.12.18 14:38:29.139,12.03272,12.03578,0.00,0.00
2014.12.18 14:38:29.240,12.03247,12.03562,0.00,0.00
2014.12.18 14:38:29.340,12.03241,12.03562,0.00,0.00
2014.12.18 14:38:29.451,12.03232,12.03548,0.00,0.00
2014.12.18 14:38:29.892,12.03241,12.03562,0.00,0.00
2014.12.18 14:38:30.202,12.03231,12.03549,0.00,0.00
2014.12.18 14:38:30.571,12.03272,12.03588,0.00,0.00
2014.12.18 14:38:30.773,12.03241,12.03561,0.00,0.00
2014.12.18 14:38:30.924,12.03241,12.03511,0.00,0.00
2014.12.18 14:38:31.075,12.03141,12.03469,0.00,0.00
2014.12.18 14:38:31.175,12.0317,12.03451,0.00,0.00
2014.12.18 14:38:31.276,12.03211,12.03519,0.00,0.00
2014.12.18 14:38:31.427,12.03221,12.03519,0.00,0.00
2014.12.18 14:38:31.478,12.03231,12.03561,0.00,0.00
2014.12.18 14:38:31.732,12.03231,12.03569,0.00,0.00
2014.12.18 14:38:31.783,12.03231,12.03599,0.00,0.00
2014.12.18 14:38:31.833,12.03272,12.03599,0.00,0.00
2014.12.18 14:38:32.163,12.03302,12.03608,0.00,0.00
2014.12.18 14:38:32.213,12.03272,12.03589,0.00,0.00
2014.12.18 14:38:32.264,12.0326,12.03589,0.00,0.00
2014.12.18 14:38:32.364,12.03231,12.03589,0.00,0.00
2014.12.18 14:38:33.762,12.03252,12.03589,0.00,0.00
2014.12.18 14:38:34.323,12.03231,12.03589,0.00,0.00
2014.12.18 14:38:34.734,12.03221,12.03549,0.00,0.00
2014.12.18 14:38:35.224,12.03201,12.03529,0.00,0.00
2014.12.18 14:38:36.077,12.0316,12.03479,0.00,0.00
2014.12.18 14:38:36.278,12.03231,12.03561,0.00,0.00
2014.12.18 14:38:36.379,12.03231,12.03599,0.00,0.00
2014.12.18 14:38:36.429,12.03241,12.03599,0.00,0.00
2014.12.18 14:38:36.530,12.03231,12.03599,0.00,0.00
2014.12.18 14:38:36.630,12.03241,12.03599,0.00,0.00
2014.12.18 14:38:36.730,12.03231,12.03599,0.00,0.00
2014.12.18 14:38:37.241,12.03239,12.03599,0.00,0.00
2014.12.18 14:38:37.559,12.03231,12.03599,0.00,0.00
2014.12.18 14:38:37.609,12.03232,12.03561,0.00,0.00
2014.12.18 14:38:37.810,12.03134,12.03468,0.00,0.00
2014.12.18 14:38:37.861,12.03132,12.03452,0.00,0.00
2014.12.18 14:38:39.695,12.03142,12.03452,0.00,0.00
2014.12.18 14:38:39.745,12.03142,12.03508,0.00,0.00
2014.12.18 14:38:39.796,12.03211,12.03511,0.00,0.00
2014.12.18 14:38:39.847,12.03211,12.03519,0.00,0.00
2014.12.18 14:38:40.595,12.03142,12.03508,0.00,0.00
2014.12.18 14:38:40.874,12.03146,12.03508,0.00,0.00
2014.12.18 14:38:41.175,12.03212,12.03518,0.00,0.00
2014.12.18 14:38:41.505,12.03271,12.03579,0.00,0.00
2014.12.18 14:38:41.908,12.03321,12.03612,0.00,0.00
2014.12.18 14:38:41.958,12.03321,12.03619,0.00,0.00
2014.12.18 14:38:42.009,12.03281,12.03589,0.00,0.00
2014.12.18 14:38:42.567,12.03262,12.03568,0.00,0.00
2014.12.18 14:38:43.011,12.03271,12.03579,0.00,0.00
2014.12.18 14:38:43.714,12.03271,12.03561,0.00,0.00
2014.12.18 14:38:43.765,12.03241,12.03561,0.00,0.00
2014.12.18 14:38:43.865,12.03271,12.03579,0.00,0.00
2014.12.18 14:38:46.220,12.03271,12.03561,0.00,0.00
2014.12.18 14:38:46.271,12.03241,12.03561,0.00,0.00
2014.12.18 14:38:46.993,12.03266,12.03579,0.00,0.00
2014.12.18 14:38:47.093,12.03351,12.03669,0.00,0.00
2014.12.18 14:38:47.194,12.03351,12.03662,0.00,0.00
2014.12.18 14:38:47.706,12.03381,12.03662,0.00,0.00
2014.12.18 14:38:47.757,12.03381,12.03701,0.00,0.00
2014.12.18 14:38:47.807,12.03383,12.03701,0.00,0.00
2014.12.18 14:38:48.125,12.03441,12.03675,0.00,0.00
2014.12.18 14:38:48.496,12.03172,12.03508,0.00,0.00
2014.12.18 14:38:50.129,12.03161,12.03479,0.00,0.00
2014.12.18 14:38:50.430,12.03189,12.03508,0.00,0.00
2014.12.18 14:38:50.481,12.03232,12.03511,0.00,0.00
2014.12.18 14:38:50.531,12.03232,12.03562,0.00,0.00
2014.12.18 14:38:51.341,12.03242,12.03562,0.00,0.00
2014.12.18 14:38:51.492,12.03249,12.03578,0.00,0.00
2014.12.18 14:38:51.543,12.03289,12.03578,0.00,0.00
2014.12.18 14:38:51.593,12.03331,12.03639,0.00,0.00
2014.12.18 14:38:51.744,12.03331,12.03612,0.00,0.00
2014.12.18 14:38:51.795,12.0329,12.03612,0.00,0.00
2014.12.18 14:38:51.896,12.03241,12.03569,0.00,0.00
2014.12.18 14:38:51.946,12.03241,12.03562,0.00,0.00
2014.12.18 14:38:52.805,12.03231,12.03559,0.00,0.00
2014.12.18 14:38:53.233,12.03271,12.03562,0.00,0.00
2014.12.18 14:38:53.283,12.03271,12.03611,0.00,0.00
2014.12.18 14:38:53.947,12.03271,12.03562,0.00,0.00
2014.12.18 14:38:53.998,12.03242,12.03562,0.00,0.00
2014.12.18 14:38:54.080,12.03232,12.03548,0.00,0.00
2014.12.18 14:38:54.889,12.03189,12.03449,0.00,0.00
2014.12.18 14:38:54.940,12.03141,12.03449,0.00,0.00
2014.12.18 14:38:56.284,12.03099,12.03409,0.00,0.00
2014.12.18 14:38:56.567,12.03098,12.03378,0.00,0.00
2014.12.18 14:38:56.617,12.03062,12.03352,0.00,0.00
2014.12.18 14:38:56.841,12.0302,12.03319,0.00,0.00
2014.12.18 14:38:56.942,12.02971,12.03301,0.00,0.00
2014.12.18 14:38:57.042,12.02971,12.03319,0.00,0.00
2014.12.18 14:38:57.093,12.03031,12.03339,0.00,0.00
2014.12.18 14:38:57.194,12.03041,12.03351,0.00,0.00
2014.12.18 14:38:57.541,12.03041,12.03301,0.00,0.00
2014.12.18 14:38:57.642,12.02999,12.03301,0.00,0.00
2014.12.18 14:38:57.742,12.02972,12.03301,0.00,0.00
2014.12.18 14:38:57.893,12.02979,12.03318,0.00,0.00
2014.12.18 14:38:57.944,12.03021,12.03329,0.00,0.00
2014.12.18 14:38:58.302,12.03021,12.03301,0.00,0.00
2014.12.18 14:38:58.403,12.02971,12.03301,0.00,0.00
2014.12.18 14:38:59.031,12.02932,12.03278,0.00,0.00
2014.12.18 14:38:59.450,12.02932,12.03251,0.00,0.00
2014.12.18 14:39:01.527,12.02932,12.03278,0.00,0.00
2014.12.18 14:39:01.578,12.03021,12.03302,0.00,0.00
2014.12.18 14:39:01.628,12.03021,12.03349,0.00,0.00
2014.12.18 14:39:01.892,12.03021,12.03352,0.00,0.00
2014.12.18 14:39:02.000,12.03032,12.03352,0.00,0.00
2014.12.18 14:39:02.050,12.03079,12.03402,0.00,0.00
2014.12.18 14:39:02.151,12.03131,12.03452,0.00,0.00
2014.12.18 14:39:03.302,12.03189,12.03479,0.00,0.00
2014.12.18 14:39:03.352,12.03232,12.03561,0.00,0.00
2014.12.18 14:39:04.090,12.03221,12.03561,0.00,0.00
2014.12.18 14:39:04.141,12.03221,12.03512,0.00,0.00
2014.12.18 14:39:04.241,12.03122,12.03468,0.00,0.00
2014.12.18 14:39:04.292,12.03122,12.03451,0.00,0.00
2014.12.18 14:39:04.452,12.0308,12.03419,0.00,0.00
2014.12.18 14:39:04.502,12.0308,12.03401,0.00,0.00
2014.12.18 14:39:04.553,12.03032,12.03401,0.00,0.00
2014.12.18 14:39:05.272,12.03042,12.03401,0.00,0.00
2014.12.18 14:39:06.435,12.03057,12.03401,0.00,0.00
2014.12.18 14:39:06.762,12.03179,12.03449,0.00,0.00
2014.12.18 14:39:06.913,12.03321,12.03611,0.00,0.00
2014.12.18 14:39:07.042,12.03321,12.03649,0.00,0.00
2014.12.18 14:39:07.212,12.03321,12.03611,0.00,0.00
2014.12.18 14:39:07.313,12.03279,12.03611,0.00,0.00
2014.12.18 14:39:07.414,12.0325,12.03611,0.00,0.00
2014.12.18 14:39:07.464,12.03252,12.03611,0.00,0.00
2014.12.18 14:39:07.805,12.03322,12.03638,0.00,0.00
2014.12.18 14:39:08.399,12.03311,12.03619,0.00,0.00
2014.12.18 14:39:08.500,12.03321,12.03639,0.00,0.00
2014.12.18 14:39:09.371,12.03321,12.03629,0.00,0.00
2014.12.18 14:39:09.482,12.03351,12.03661,0.00,0.00
2014.12.18 14:39:10.960,12.03351,12.03669,0.00,0.00
2014.12.18 14:39:11.061,12.03411,12.03701,0.00,0.00
2014.12.18 14:39:11.112,12.03411,12.03719,0.00,0.00
2014.12.18 14:39:12.684,12.03411,12.03702,0.00,0.00
2014.12.18 14:39:12.734,12.03411,12.03719,0.00,0.00
2014.12.18 14:39:14.148,12.03442,12.03751,0.00,0.00
2014.12.18 14:39:14.300,12.03442,12.03778,0.00,0.00
2014.12.18 14:39:14.350,12.03471,12.03799,0.00,0.00
2014.12.18 14:39:14.673,12.03552,12.03851,0.00,0.00
2014.12.18 14:39:15.543,12.03541,12.03849,0.00,0.00
2014.12.18 14:39:15.644,12.03499,12.03819,0.00,0.00
2014.12.18 14:39:15.745,12.03481,12.03819,0.00,0.00
2014.12.18 14:39:15.795,12.03561,12.03851,0.00,0.00
2014.12.18 14:39:16.670,12.03552,12.03851,0.00,0.00
2014.12.18 14:39:17.070,12.03532,12.03838,0.00,0.00
2014.12.18 14:39:17.121,12.03532,12.03802,0.00,0.00
2014.12.18 14:39:17.221,12.03481,12.03802,0.00,0.00
2014.12.18 14:39:17.583,12.03481,12.03819,0.00,0.00
2014.12.18 14:39:17.634,12.03561,12.03852,0.00,0.00
2014.12.18 14:39:23.900,12.0353,12.03819,0.00,0.00
2014.12.18 14:39:24.051,12.03482,12.03801,0.00,0.00
2014.12.18 14:39:24.152,12.03529,12.03801,0.00,0.00
2014.12.18 14:39:24.202,12.03529,12.03829,0.00,0.00
2014.12.18 14:39:24.253,12.03561,12.03852,0.00,0.00
2014.12.18 14:39:25.100,12.03562,12.03852,0.00,0.00
2014.12.18 14:39:28.291,12.03561,12.03852,0.00,0.00
2014.12.18 14:39:28.342,12.03561,12.03869,0.00,0.00
2014.12.18 14:39:28.392,12.03579,12.03869,0.00,0.00
2014.12.18 14:39:28.543,12.03581,12.03899,0.00,0.00
2014.12.18 14:39:28.760,12.03621,12.03902,0.00,0.00
2014.12.18 14:39:28.811,12.03621,12.03929,0.00,0.00
2014.12.18 14:39:29.630,12.03622,12.03928,0.00,0.00
2014.12.18 14:39:29.949,12.03544,12.03819,0.00,0.00
2014.12.18 14:39:30.000,12.03529,12.03819,0.00,0.00
2014.12.18 14:39:30.710,12.03532,12.03838,0.00,0.00
2014.12.18 14:39:31.479,12.0353,12.03828,0.00,0.00
2014.12.18 14:39:31.700,12.03531,12.03839,0.00,0.00
2014.12.18 14:39:31.919,12.03561,12.03852,0.00,0.00
2014.12.18 14:39:31.970,12.03561,12.03869,0.00,0.00
2014.12.18 14:39:32.071,12.03602,12.0391,0.00,0.00
2014.12.18 14:39:32.171,12.03602,12.03918,0.00,0.00
2014.12.18 14:39:32.588,12.0363,12.03918,0.00,0.00
2014.12.18 14:39:33.136,12.0363,12.03919,0.00,0.00
2014.12.18 14:39:33.237,12.03611,12.03902,0.00,0.00
2014.12.18 14:39:33.514,12.03581,12.03899,0.00,0.00
2014.12.18 14:39:34.371,12.03586,12.03899,0.00,0.00
2014.12.18 14:39:34.891,12.03621,12.03929,0.00,0.00
2014.12.18 14:39:36.122,12.03612,12.03918,0.00,0.00
2014.12.18 14:39:36.222,12.03631,12.03939,0.00,0.00
2014.12.18 14:39:36.656,12.03629,12.03918,0.00,0.00
2014.12.18 14:39:36.807,12.03582,12.03898,0.00,0.00
2014.12.18 14:39:37.070,12.03582,12.03852,0.00,0.00
2014.12.18 14:39:37.121,12.03542,12.03848,0.00,0.00
2014.12.18 14:39:37.241,12.03542,12.03802,0.00,0.00
2014.12.18 14:39:37.341,12.03499,12.03779,0.00,0.00
2014.12.18 14:39:37.442,12.03471,12.03779,0.00,0.00
2014.12.18 14:39:38.020,12.03479,12.03779,0.00,0.00
2014.12.18 14:39:38.121,12.03479,12.03789,0.00,0.00
2014.12.18 14:39:38.300,12.03479,12.03769,0.00,0.00
2014.12.18 14:39:39.060,12.0348,12.03769,0.00,0.00
2014.12.18 14:39:39.161,12.03461,12.03752,0.00,0.00
2014.12.18 14:39:39.211,12.03429,12.03719,0.00,0.00
2014.12.18 14:39:39.262,12.03401,12.03719,0.00,0.00
2014.12.18 14:39:39.363,12.03371,12.03702,0.00,0.00
2014.12.18 14:39:41.310,12.03371,12.03709,0.00,0.00
2014.12.18 14:39:41.410,12.03441,12.03751,0.00,0.00
2014.12.18 14:39:41.779,12.03441,12.03779,0.00,0.00
2014.12.18 14:39:41.829,12.03472,12.03802,0.00,0.00
2014.12.18 14:39:43.004,12.03472,12.03751,0.00,0.00
2014.12.18 14:39:43.055,12.03467,12.03751,0.00,0.00
2014.12.18 14:39:43.199,12.03441,12.03751,0.00,0.00
2014.12.18 14:39:43.250,12.03432,12.03751,0.00,0.00
2014.12.18 14:39:44.023,12.03431,12.03749,0.00,0.00
2014.12.18 14:39:44.390,12.03431,12.03702,0.00,0.00
2014.12.18 14:39:44.459,12.0339,12.03702,0.00,0.00
2014.12.18 14:39:44.610,12.03371,12.03702,0.00,0.00
2014.12.18 14:39:44.830,12.03371,12.03661,0.00,0.00
2014.12.18 14:39:44.931,12.03352,12.03661,0.00,0.00
2014.12.18 14:39:44.982,12.03352,12.03678,0.00,0.00
2014.12.18 14:39:45.033,12.0331,12.03619,0.00,0.00
2014.12.18 14:39:45.134,12.03271,12.03611,0.00,0.00
2014.12.18 14:39:45.272,12.03271,12.03619,0.00,0.00
2014.12.18 14:39:45.322,12.03429,12.03619,0.00,0.00
2014.12.18 14:39:45.373,12.03429,12.03662,0.00,0.00
2014.12.18 14:39:45.474,12.03431,12.03739,0.00,0.00
2014.12.18 14:39:46.150,12.03431,12.03702,0.00,0.00
2014.12.18 14:39:46.255,12.03372,12.03702,0.00,0.00
2014.12.18 14:39:46.870,12.03371,12.03702,0.00,0.00
2014.12.18 14:39:48.182,12.03379,12.03702,0.00,0.00
2014.12.18 14:39:48.900,12.03379,12.03709,0.00,0.00
2014.12.18 14:39:49.001,12.03421,12.03729,0.00,0.00
2014.12.18 14:39:49.410,12.03432,12.03738,0.00,0.00
2014.12.18 14:39:49.870,12.03431,12.03752,0.00,0.00
2014.12.18 14:39:50.077,12.03541,12.03752,0.00,0.00
2014.12.18 14:39:50.128,12.03541,12.03821,0.00,0.00
2014.12.18 14:39:50.229,12.03541,12.03849,0.00,0.00
2014.12.18 14:39:51.107,12.03541,12.03851,0.00,0.00
2014.12.18 14:39:52.310,12.03482,12.03802,0.00,0.00
2014.12.18 14:39:53.200,12.03521,12.03829,0.00,0.00
2014.12.18 14:39:54.361,12.03481,12.03819,0.00,0.00
2014.12.18 14:39:54.411,12.03481,12.03801,0.00,0.00
2014.12.18 14:39:54.512,12.03471,12.03801,0.00,0.00
2014.12.18 14:39:56.397,12.03471,12.03819,0.00,0.00
2014.12.18 14:39:56.448,12.03487,12.03819,0.00,0.00
2014.12.18 14:39:56.759,12.03582,12.03901,0.00,0.00
2014.12.18 14:39:56.820,12.03582,12.03918,0.00,0.00
2014.12.18 14:39:56.871,12.03629,12.03918,0.00,0.00
2014.12.18 14:39:56.921,12.03662,12.03952,0.00,0.00
2014.12.18 14:39:58.186,12.03662,12.03968,0.00,0.00
2014.12.18 14:39:58.287,12.03679,12.04008,0.00,0.00
2014.12.18 14:39:58.338,12.03679,12.03989,0.00,0.00
2014.12.18 14:39:58.790,12.03711,12.04019,0.00,0.00
2014.12.18 14:39:59.631,12.03729,12.04019,0.00,0.00
2014.12.18 14:39:59.681,12.03732,12.04048,0.00,0.00
2014.12.18 14:39:59.785,12.03741,12.04059,0.00,0.00
2014.12.18 14:40:03.029,12.0383,12.04059,0.00,0.00
2014.12.18 14:40:03.080,12.03882,12.04112,0.00,0.00
2014.12.18 14:40:03.181,12.03882,12.04162,0.00,0.00
2014.12.18 14:40:03.436,12.03882,12.04202,0.00,0.00
2014.12.18 14:40:04.189,12.03882,12.04218,0.00,0.00
2014.12.18 14:40:04.290,12.03911,12.04219,0.00,0.00
2014.12.18 14:40:04.391,12.03941,12.04251,0.00,0.00
2014.12.18 14:40:04.542,12.03941,12.04269,0.00,0.00
2014.12.18 14:40:04.743,12.03981,12.04301,0.00,0.00
2014.12.18 14:40:05.115,12.04011,12.04319,0.00,0.00
2014.12.18 14:40:05.607,12.04061,12.04352,0.00,0.00
2014.12.18 14:40:06.065,12.04071,12.04379,0.00,0.00
2014.12.18 14:40:06.166,12.04012,12.04318,0.00,0.00
2014.12.18 14:40:06.778,12.04012,12.04301,0.00,0.00
2014.12.18 14:40:07.339,12.04011,12.04301,0.00,0.00
2014.12.18 14:40:07.716,12.04011,12.04252,0.00,0.00
2014.12.18 14:40:07.817,12.03969,12.04219,0.00,0.00
2014.12.18 14:40:07.918,12.03911,12.04202,0.00,0.00
2014.12.18 14:40:08.383,12.03911,12.04162,0.00,0.00
2014.12.18 14:40:08.485,12.03872,12.04162,0.00,0.00
2014.12.18 14:40:08.788,12.03761,12.04069,0.00,0.00
2014.12.18 14:40:08.939,12.03761,12.04062,0.00,0.00
2014.12.18 14:40:09.391,12.03761,12.04069,0.00,0.00
2014.12.18 14:40:09.442,12.03702,12.04028,0.00,0.00
2014.12.18 14:40:09.593,12.03702,12.04012,0.00,0.00
2014.12.18 14:40:09.908,12.03702,12.03952,0.00,0.00
2014.12.18 14:40:10.009,12.03672,12.03952,0.00,0.00
2014.12.18 14:40:10.060,12.03672,12.03978,0.00,0.00
2014.12.18 14:40:10.110,12.03711,12.04011,0.00,0.00
2014.12.18 14:40:10.788,12.03711,12.04029,0.00,0.00
2014.12.18 14:40:10.889,12.03771,12.04061,0.00,0.00
2014.12.18 14:40:11.349,12.03772,12.04078,0.00,0.00
2014.12.18 14:40:11.450,12.03762,12.04062,0.00,0.00
2014.12.18 14:40:11.995,12.03719,12.03969,0.00,0.00
2014.12.18 14:40:12.096,12.03598,12.03909,0.00,0.00
2014.12.18 14:40:12.196,12.03681,12.03951,0.00,0.00
2014.12.18 14:40:12.347,12.03681,12.04009,0.00,0.00
2014.12.18 14:40:12.600,12.03689,12.04009,0.00,0.00
2014.12.18 14:40:12.914,12.03711,12.04012,0.00,0.00
2014.12.18 14:40:15.836,12.03682,12.04008,0.00,0.00
2014.12.18 14:40:17.488,12.03681,12.04009,0.00,0.00
2014.12.18 14:40:17.646,12.03681,12.03952,0.00,0.00
2014.12.18 14:40:17.746,12.03681,12.04009,0.00,0.00
2014.12.18 14:40:18.448,12.03671,12.04009,0.00,0.00
2014.12.18 14:40:19.549,12.03681,12.04009,0.00,0.00
2014.12.18 14:40:19.862,12.03691,12.04011,0.00,0.00
2014.12.18 14:40:20.363,12.03671,12.03979,0.00,0.00
2014.12.18 14:40:20.692,12.03571,12.03851,0.00,0.00
2014.12.18 14:40:20.802,12.03571,12.03879,0.00,0.00
2014.12.18 14:40:20.902,12.03592,12.03902,0.00,0.00
2014.12.18 14:40:21.800,12.03592,12.03918,0.00,0.00
2014.12.18 14:40:21.851,12.03641,12.03918,0.00,0.00
2014.12.18 14:40:21.901,12.03671,12.04009,0.00,0.00
2014.12.18 14:40:22.299,12.03712,12.04012,0.00,0.00
2014.12.18 14:40:22.350,12.03712,12.04028,0.00,0.00
2014.12.18 14:40:22.400,12.0373,12.04028,0.00,0.00
2014.12.18 14:40:22.451,12.03762,12.04062,0.00,0.00
2014.12.18 14:40:22.928,12.03762,12.04068,0.00,0.00
2014.12.18 14:40:22.978,12.03811,12.04111,0.00,0.00
2014.12.18 14:40:23.288,12.03719,12.03851,0.00,0.00
2014.12.18 14:40:23.339,12.03571,12.03851,0.00,0.00
2014.12.18 14:40:23.440,12.03611,12.03901,0.00,0.00
2014.12.18 14:40:23.924,12.03611,12.03939,0.00,0.00
2014.12.18 14:40:23.974,12.03662,12.03951,0.00,0.00
2014.12.18 14:40:26.479,12.03652,12.03951,0.00,0.00
2014.12.18 14:40:26.851,12.03649,12.03938,0.00,0.00
2014.12.18 14:40:26.902,12.03612,12.03938,0.00,0.00
2014.12.18 14:40:26.959,12.03612,12.03902,0.00,0.00
2014.12.18 14:40:27.359,12.03571,12.03879,0.00,0.00
2014.12.18 14:40:27.409,12.03571,12.03852,0.00,0.00
2014.12.18 14:40:27.730,12.03571,12.03879,0.00,0.00
2014.12.18 14:40:27.830,12.03611,12.03902,0.00,0.00
2014.12.18 14:40:28.132,12.03722,12.04011,0.00,0.00
2014.12.18 14:40:30.056,12.03722,12.04038,0.00,0.00
2014.12.18 14:40:30.157,12.03762,12.04012,0.00,0.00
2014.12.18 14:40:30.258,12.03722,12.04012,0.00,0.00
2014.12.18 14:40:30.359,12.03679,12.03978,0.00,0.00
2014.12.18 14:40:30.409,12.03662,12.03951,0.00,0.00
2014.12.18 14:40:31.253,12.03672,12.03951,0.00,0.00
2014.12.18 14:40:31.880,12.03661,12.03951,0.00,0.00
2014.12.18 14:40:32.938,12.03662,12.03979,0.00,0.00
2014.12.18 14:40:32.988,12.03771,12.04011,0.00,0.00
2014.12.18 14:40:33.039,12.03771,12.04061,0.00,0.00
2014.12.18 14:40:33.090,12.03851,12.04061,0.00,0.00
2014.12.18 14:40:33.191,12.03762,12.04052,0.00,0.00
2014.12.18 14:40:33.241,12.03762,12.04012,0.00,0.00
2014.12.18 14:40:33.342,12.03762,12.04061,0.00,0.00
2014.12.18 14:40:34.069,12.03772,12.04061,0.00,0.00
2014.12.18 14:40:35.787,12.03772,12.04078,0.00,0.00
2014.12.18 14:40:35.837,12.03862,12.04111,0.00,0.00
2014.12.18 14:40:35.888,12.03862,12.04162,0.00,0.00
2014.12.18 14:40:36.823,12.03861,12.04162,0.00,0.00
2014.12.18 14:40:39.938,12.03861,12.04137,0.00,0.00
2014.12.18 14:40:40.039,12.03762,12.04078,0.00,0.00
2014.12.18 14:40:40.089,12.03762,12.04062,0.00,0.00
2014.12.18 14:40:40.888,12.03772,12.04062,0.00,0.00
2014.12.18 14:40:41.203,12.0367,12.03951,0.00,0.00
2014.12.18 14:40:41.253,12.03662,12.03951,0.00,0.00
2014.12.18 14:40:42.099,12.03651,12.03951,0.00,0.00
2014.12.18 14:40:47.221,12.03651,12.03901,0.00,0.00
2014.12.18 14:40:47.271,12.03571,12.03879,0.00,0.00
2014.12.18 14:40:47.322,12.03571,12.03852,0.00,0.00
2014.12.18 14:40:48.259,12.03561,12.03852,0.00,0.00
2014.12.18 14:40:48.432,12.03561,12.03802,0.00,0.00
2014.12.18 14:40:48.483,12.03519,12.03802,0.00,0.00
2014.12.18 14:40:48.533,12.03512,12.03752,0.00,0.00
2014.12.18 14:40:49.388,12.03511,12.03752,0.00,0.00
2014.12.18 14:40:50.351,12.03472,12.03752,0.00,0.00
2014.12.18 14:40:50.402,12.03472,12.03778,0.00,0.00
2014.12.18 14:40:50.452,12.03519,12.03778,0.00,0.00
2014.12.18 14:40:50.503,12.03562,12.03852,0.00,0.00
2014.12.18 14:40:52.998,12.03561,12.03852,0.00,0.00
2014.12.18 14:40:53.728,12.03561,12.03879,0.00,0.00
2014.12.18 14:40:53.779,12.03662,12.03921,0.00,0.00
2014.12.18 14:40:53.879,12.03561,12.03869,0.00,0.00
2014.12.18 14:40:53.930,12.03561,12.03851,0.00,0.00
2014.12.18 14:40:55.740,12.03571,12.03851,0.00,0.00
2014.12.18 14:40:56.255,12.03572,12.03878,0.00,0.00
2014.12.18 14:40:56.306,12.03611,12.03902,0.00,0.00
2014.12.18 14:40:56.608,12.03612,12.03851,0.00,0.00
2014.12.18 14:40:56.709,12.03612,12.03902,0.00,0.00
2014.12.18 14:40:58.378,12.03611,12.03902,0.00,0.00
2014.12.18 14:40:59.389,12.03612,12.03902,0.00,0.00
2014.12.18 14:41:00.359,12.03611,12.03902,0.00,0.00
2014.12.18 14:41:04.208,12.03612,12.03902,0.00,0.00
2014.12.18 14:41:06.237,12.03571,12.03852,0.00,0.00
2014.12.18 14:41:06.438,12.03411,12.03739,0.00,0.00
2014.12.18 14:41:06.589,12.03411,12.03702,0.00,0.00
2014.12.18 14:41:07.288,12.03451,12.03752,0.00,0.00
2014.12.18 14:41:07.990,12.03451,12.03751,0.00,0.00
2014.12.18 14:41:08.142,12.03458,12.03759,0.00,0.00
2014.12.18 14:41:08.910,12.03534,12.03759,0.00,0.00
2014.12.18 14:41:08.960,12.03561,12.03869,0.00,0.00
2014.12.18 14:41:09.421,12.03659,12.03869,0.00,0.00
2014.12.18 14:41:09.522,12.03659,12.03878,0.00,0.00
2014.12.18 14:41:09.622,12.03579,12.03878,0.00,0.00
2014.12.18 14:41:10.851,12.03579,12.03879,0.00,0.00
2014.12.18 14:41:11.878,12.03598,12.03879,0.00,0.00
2014.12.18 14:41:11.928,12.03661,12.03949,0.00,0.00
2014.12.18 14:41:11.979,12.03661,12.03969,0.00,0.00
2014.12.18 14:41:19.404,12.03658,12.03919,0.00,0.00
2014.12.18 14:41:19.455,12.03611,12.03919,0.00,0.00
2014.12.18 14:41:19.910,12.03612,12.03841,0.00,0.00
2014.12.18 14:41:20.166,12.03561,12.03869,0.00,0.00
2014.12.18 14:41:20.928,12.03571,12.03879,0.00,0.00
2014.12.18 14:41:21.616,12.03562,12.03868,0.00,0.00
2014.12.18 14:41:22.358,12.03562,12.03878,0.00,0.00
2014.12.18 14:41:22.844,12.03562,12.03868,0.00,0.00
2014.12.18 14:41:23.357,12.03561,12.03879,0.00,0.00
2014.12.18 14:41:23.853,12.03573,12.03879,0.00,0.00
2014.12.18 14:41:26.229,12.03671,12.03882,0.00,0.00
2014.12.18 14:41:26.280,12.03671,12.03941,0.00,0.00
2014.12.18 14:41:26.407,12.03671,12.03979,0.00,0.00
2014.12.18 14:41:26.730,12.03678,12.03979,0.00,0.00
2014.12.18 14:41:26.831,12.03761,12.04069,0.00,0.00
2014.12.18 14:41:28.046,12.0378,12.04069,0.00,0.00
2014.12.18 14:41:28.146,12.03879,12.04169,0.00,0.00
2014.12.18 14:41:28.247,12.03864,12.04169,0.00,0.00
2014.12.18 14:41:29.413,12.03912,12.04202,0.00,0.00
2014.12.18 14:41:29.463,12.03912,12.04211,0.00,0.00
2014.12.18 14:41:29.514,12.03912,12.04218,0.00,0.00
2014.12.18 14:41:30.798,12.03928,12.04218,0.00,0.00
2014.12.18 14:41:30.899,12.03874,12.04178,0.00,0.00
2014.12.18 14:41:31.463,12.03879,12.04178,0.00,0.00
2014.12.18 14:41:31.514,12.03912,12.04218,0.00,0.00
2014.12.18 14:41:32.407,12.03911,12.04202,0.00,0.00
2014.12.18 14:41:32.608,12.03918,12.04219,0.00,0.00
2014.12.18 14:41:32.709,12.03911,12.04219,0.00,0.00
2014.12.18 14:41:33.114,12.04029,12.04219,0.00,0.00
2014.12.18 14:41:33.323,12.04018,12.04219,0.00,0.00
2014.12.18 14:41:33.373,12.04039,12.04219,0.00,0.00
2014.12.18 14:41:33.474,12.04093,12.04329,0.00,0.00
2014.12.18 14:41:33.574,12.04073,12.04329,0.00,0.00
2014.12.18 14:41:33.625,12.04073,12.04379,0.00,0.00
2014.12.18 14:41:33.726,12.04071,12.04379,0.00,0.00
2014.12.18 14:41:33.799,12.04043,12.04328,0.00,0.00
2014.12.18 14:41:34.128,12.04061,12.04369,0.00,0.00
2014.12.18 14:41:36.301,12.04061,12.04302,0.00,0.00
2014.12.18 14:41:36.351,12.03972,12.04278,0.00,0.00
2014.12.18 14:41:37.747,12.03862,12.04168,0.00,0.00
2014.12.18 14:41:37.948,12.03911,12.04219,0.00,0.00
2014.12.18 14:41:38.345,12.03951,12.04252,0.00,0.00
2014.12.18 14:41:38.395,12.03951,12.04259,0.00,0.00
2014.12.18 14:41:38.858,12.03971,12.04279,0.00,0.00
2014.12.18 14:41:43.148,12.04021,12.04302,0.00,0.00
2014.12.18 14:41:43.198,12.04021,12.04329,0.00,0.00
2014.12.18 14:41:43.299,12.04061,12.04369,0.00,0.00
2014.12.18 14:41:44.188,12.04061,12.04352,0.00,0.00
2014.12.18 14:41:44.289,12.04022,12.04329,0.00,0.00
2014.12.18 14:41:44.659,12.04029,12.04329,0.00,0.00
2014.12.18 14:41:44.709,12.04072,12.04378,0.00,0.00
2014.12.18 14:41:44.860,12.04072,12.04351,0.00,0.00
2014.12.18 14:41:44.961,12.03971,12.04279,0.00,0.00
2014.12.18 14:41:47.126,12.04071,12.04302,0.00,0.00
2014.12.18 14:41:47.176,12.04119,12.04379,0.00,0.00
2014.12.18 14:41:47.227,12.04161,12.04402,0.00,0.00
2014.12.18 14:41:47.378,12.04161,12.04469,0.00,0.00
2014.12.18 14:41:47.478,12.0412,12.04429,0.00,0.00
2014.12.18 14:41:47.529,12.04111,12.04429,0.00,0.00
2014.12.18 14:41:47.631,12.04111,12.04392,0.00,0.00
2014.12.18 14:41:47.681,12.04071,12.04379,0.00,0.00
2014.12.18 14:41:47.732,12.04078,12.04379,0.00,0.00
2014.12.18 14:41:47.782,12.04111,12.04421,0.00,0.00
2014.12.18 14:41:47.884,12.04111,12.04429,0.00,0.00
2014.12.18 14:41:48.253,12.04171,12.0447,0.00,0.00
2014.12.18 14:41:48.303,12.04179,12.04479,0.00,0.00
2014.12.18 14:41:48.354,12.04221,12.04492,0.00,0.00
2014.12.18 14:41:48.404,12.04221,12.04529,0.00,0.00
2014.12.18 14:41:48.868,12.04262,12.04551,0.00,0.00
2014.12.18 14:41:48.919,12.04262,12.04568,0.00,0.00
2014.12.18 14:41:48.977,12.04238,12.04538,0.00,0.00
2014.12.18 14:41:49.279,12.04201,12.04502,0.00,0.00
2014.12.18 14:41:49.543,12.04182,12.04488,0.00,0.00
2014.12.18 14:41:50.198,12.04172,12.04478,0.00,0.00
2014.12.18 14:41:50.527,12.04161,12.04479,0.00,0.00
2014.12.18 14:41:51.373,12.04161,12.04452,0.00,0.00
2014.12.18 14:41:51.524,12.04101,12.04399,0.00,0.00
2014.12.18 14:41:52.287,12.04142,12.04401,0.00,0.00
2014.12.18 14:41:52.338,12.04142,12.0444,0.00,0.00
2014.12.18 14:41:52.407,12.04142,12.04448,0.00,0.00
2014.12.18 14:41:52.507,12.04201,12.04491,0.00,0.00
2014.12.18 14:41:52.558,12.04201,12.04502,0.00,0.00
2014.12.18 14:41:52.757,12.04201,12.04509,0.00,0.00
2014.12.18 14:41:52.862,12.04221,12.04539,0.00,0.00
2014.12.18 14:41:54.315,12.04202,12.04491,0.00,0.00
2014.12.18 14:41:54.406,12.04202,12.04508,0.00,0.00
2014.12.18 14:41:54.507,12.04221,12.04539,0.00,0.00
2014.12.18 14:41:54.716,12.04261,12.04551,0.00,0.00
2014.12.18 14:41:54.818,12.04218,12.04509,0.00,0.00
2014.12.18 14:41:54.868,12.04201,12.04492,0.00,0.00
2014.12.18 14:41:55.282,12.04221,12.04492,0.00,0.00
2014.12.18 14:41:55.332,12.04221,12.04539,0.00,0.00
2014.12.18 14:41:56.290,12.04221,12.04492,0.00,0.00
2014.12.18 14:41:56.391,12.04179,12.04479,0.00,0.00
2014.12.18 14:41:56.442,12.04171,12.04479,0.00,0.00
2014.12.18 14:41:58.387,12.04161,12.04479,0.00,0.00
2014.12.18 14:42:03.985,12.04119,12.04438,0.00,0.00
2014.12.18 14:42:04.035,12.04119,12.04385,0.00,0.00
2014.12.18 14:42:04.136,12.04028,12.04311,0.00,0.00
2014.12.18 14:42:04.187,12.04028,12.04278,0.00,0.00
2014.12.18 14:42:04.237,12.03972,12.04278,0.00,0.00
2014.12.18 14:42:05.047,12.03951,12.04269,0.00,0.00
2014.12.18 14:42:05.388,12.03972,12.04278,0.00,0.00
2014.12.18 14:42:17.811,12.03972,12.04251,0.00,0.00
2014.12.18 14:42:17.962,12.03861,12.04169,0.00,0.00
2014.12.18 14:42:19.391,12.03872,12.04178,0.00,0.00
2014.12.18 14:42:21.688,12.03961,12.04269,0.00,0.00
2014.12.18 14:42:22.242,12.03911,12.04239,0.00,0.00
2014.12.18 14:42:22.696,12.0387,12.04168,0.00,0.00
2014.12.18 14:42:22.747,12.03862,12.04168,0.00,0.00
2014.12.18 14:42:23.198,12.03912,12.04201,0.00,0.00
2014.12.18 14:42:23.249,12.03912,12.04211,0.00,0.00
2014.12.18 14:42:23.349,12.03912,12.04202,0.00,0.00
2014.12.18 14:42:23.450,12.03871,12.04179,0.00,0.00
2014.12.18 14:42:25.510,12.03872,12.04178,0.00,0.00
2014.12.18 14:42:25.947,12.03861,12.04169,0.00,0.00
2014.12.18 14:42:26.718,12.03862,12.04168,0.00,0.00
2014.12.18 14:42:27.377,12.03819,12.04079,0.00,0.00
2014.12.18 14:42:27.427,12.03771,12.04079,0.00,0.00
2014.12.18 14:42:27.928,12.03782,12.04088,0.00,0.00
2014.12.18 14:42:28.278,12.0374,12.04039,0.00,0.00
2014.12.18 14:42:28.329,12.03701,12.04039,0.00,0.00
2014.12.18 14:42:29.357,12.03711,12.04049,0.00,0.00
2014.12.18 14:42:30.127,12.03712,12.04038,0.00,0.00
2014.12.18 14:42:31.864,12.03719,12.04038,0.00,0.00
2014.12.18 14:42:32.551,12.03761,12.04069,0.00,0.00
2014.12.18 14:42:36.299,12.03861,12.04111,0.00,0.00
2014.12.18 14:42:36.400,12.03861,12.04169,0.00,0.00
2014.12.18 14:42:36.772,12.03879,12.04169,0.00,0.00
2014.12.18 14:42:36.873,12.03972,12.04278,0.00,0.00
2014.12.18 14:42:39.149,12.03971,12.04279,0.00,0.00
2014.12.18 14:42:39.438,12.03991,12.04279,0.00,0.00
2014.12.18 14:42:39.539,12.04061,12.04369,0.00,0.00
2014.12.18 14:42:40.257,12.04072,12.04378,0.00,0.00
2014.12.18 14:42:41.439,12.04079,12.04378,0.00,0.00
2014.12.18 14:42:41.590,12.04121,12.04449,0.00,0.00
2014.12.18 14:42:41.942,12.04161,12.04469,0.00,0.00
2014.12.18 14:42:43.218,12.04121,12.04449,0.00,0.00
2014.12.18 14:42:43.476,12.04079,12.04379,0.00,0.00
2014.12.18 14:42:43.527,12.04071,12.04379,0.00,0.00
2014.12.18 14:42:44.223,12.04111,12.04419,0.00,0.00
2014.12.18 14:42:44.529,12.04122,12.04428,0.00,0.00
2014.12.18 14:42:47.947,12.04121,12.04429,0.00,0.00
2014.12.18 14:42:48.288,12.04112,12.04418,0.00,0.00
2014.12.18 14:42:52.916,12.04071,12.04379,0.00,0.00
2014.12.18 14:42:53.916,12.04072,12.04378,0.00,0.00
2014.12.18 14:42:56.017,12.04019,12.04279,0.00,0.00
2014.12.18 14:42:56.068,12.03971,12.04279,0.00,0.00
2014.12.18 14:42:56.219,12.04011,12.04321,0.00,0.00
2014.12.18 14:42:56.320,12.04011,12.04339,0.00,0.00
2014.12.18 14:42:56.967,12.04021,12.04329,0.00,0.00
2014.12.18 14:42:58.177,12.04022,12.04328,0.00,0.00
2014.12.18 14:42:58.655,12.04031,12.04339,0.00,0.00
2014.12.18 14:42:59.317,12.0399,12.04278,0.00,0.00
2014.12.18 14:42:59.368,12.03972,12.04278,0.00,0.00
2014.12.18 14:42:59.927,12.03972,12.04271,0.00,0.00
2014.12.18 14:43:00.078,12.03871,12.04179,0.00,0.00
2014.12.18 14:43:01.918,12.03861,12.04169,0.00,0.00
2014.12.18 14:43:05.146,12.03781,12.04089,0.00,0.00
2014.12.18 14:43:05.594,12.03812,12.04118,0.00,0.00
2014.12.18 14:43:05.996,12.03722,12.04028,0.00,0.00
2014.12.18 14:43:06.147,12.03761,12.04069,0.00,0.00
2014.12.18 14:43:06.647,12.03771,12.04079,0.00,0.00
2014.12.18 14:43:07.967,12.03821,12.04121,0.00,0.00
2014.12.18 14:43:08.017,12.03821,12.04129,0.00,0.00
2014.12.18 14:43:10.767,12.03861,12.04169,0.00,0.00
2014.12.18 14:43:11.522,12.03821,12.04129,0.00,0.00
2014.12.18 14:43:12.748,12.03822,12.04128,0.00,0.00
2014.12.18 14:43:13.466,12.03821,12.04129,0.00,0.00
2014.12.18 14:43:14.564,12.03829,12.04129,0.00,0.00
2014.12.18 14:43:14.615,12.03871,12.04179,0.00,0.00
2014.12.18 14:43:15.602,12.03872,12.04178,0.00,0.00
2014.12.18 14:43:16.559,12.03931,12.04221,0.00,0.00
2014.12.18 14:43:16.610,12.03931,12.04239,0.00,0.00
2014.12.18 14:43:16.761,12.03942,12.04239,0.00,0.00
2014.12.18 14:43:16.811,12.04002,12.04318,0.00,0.00
2014.12.18 14:43:17.536,12.04012,12.04318,0.00,0.00
2014.12.18 14:43:17.772,12.03971,12.04279,0.00,0.00
2014.12.18 14:43:18.203,12.04031,12.0432,0.00,0.00
2014.12.18 14:43:18.253,12.04031,12.04339,0.00,0.00
2014.12.18 14:43:18.661,12.04011,12.04319,0.00,0.00
2014.12.18 14:43:18.761,12.04021,12.04339,0.00,0.00
2014.12.18 14:43:18.972,12.04011,12.04319,0.00,0.00
2014.12.18 14:43:19.767,12.04031,12.04339,0.00,0.00
2014.12.18 14:43:20.403,12.04021,12.04339,0.00,0.00
2014.12.18 14:43:20.881,12.03972,12.04278,0.00,0.00
2014.12.18 14:43:21.426,12.03922,12.04238,0.00,0.00
2014.12.18 14:43:21.836,12.03922,12.04228,0.00,0.00
2014.12.18 14:43:22.843,12.03921,12.04239,0.00,0.00
2014.12.18 14:43:22.926,12.03879,12.04178,0.00,0.00
2014.12.18 14:43:23.245,12.03872,12.04178,0.00,0.00
2014.12.18 14:43:23.715,12.03932,12.04221,0.00,0.00
2014.12.18 14:43:23.766,12.03932,12.04238,0.00,0.00
2014.12.18 14:43:24.026,12.03942,12.04278,0.00,0.00
2014.12.18 14:43:24.492,12.03971,12.04279,0.00,0.00
2014.12.18 14:43:25.360,12.03951,12.04269,0.00,0.00
2014.12.18 14:43:26.919,12.03932,12.04238,0.00,0.00
2014.12.18 14:43:27.474,12.03889,12.04179,0.00,0.00
2014.12.18 14:43:27.524,12.03871,12.04179,0.00,0.00
2014.12.18 14:43:32.666,12.03932,12.0426,0.00,0.00
2014.12.18 14:43:32.717,12.03932,12.04268,0.00,0.00
2014.12.18 14:43:33.636,12.03931,12.04269,0.00,0.00
2014.12.18 14:43:33.962,12.03921,12.04239,0.00,0.00
2014.12.18 14:43:34.516,12.03871,12.04179,0.00,0.00
2014.12.18 14:43:45.062,12.03862,12.04178,0.00,0.00
2014.12.18 14:43:45.163,12.03819,12.04088,0.00,0.00
2014.12.18 14:43:45.213,12.03782,12.04088,0.00,0.00
2014.12.18 14:43:45.622,12.03811,12.04129,0.00,0.00
2014.12.18 14:43:48.383,12.03801,12.04129,0.00,0.00
2014.12.18 14:43:49.705,12.03851,12.04169,0.00,0.00
2014.12.18 14:43:50.007,12.03822,12.04138,0.00,0.00
2014.12.18 14:43:50.656,12.03812,12.04128,0.00,0.00
2014.12.18 14:43:52.453,12.03751,12.04089,0.00,0.00
2014.12.18 14:43:52.554,12.03732,12.04068,0.00,0.00
2014.12.18 14:43:56.706,12.03751,12.04089,0.00,0.00
2014.12.18 14:43:57.036,12.03761,12.04089,0.00,0.00
2014.12.18 14:43:57.702,12.03771,12.04089,0.00,0.00
2014.12.18 14:43:58.356,12.03761,12.04089,0.00,0.00
2014.12.18 14:43:58.728,12.03751,12.04089,0.00,0.00
2014.12.18 14:43:58.780,12.03809,12.04071,0.00,0.00
2014.12.18 14:43:58.931,12.03651,12.03918,0.00,0.00
2014.12.18 14:43:59.082,12.03608,12.03918,0.00,0.00
2014.12.18 14:43:59.191,12.036,12.03918,0.00,0.00
2014.12.18 14:43:59.292,12.03601,12.03929,0.00,0.00
2014.12.18 14:43:59.702,12.03572,12.03878,0.00,0.00
2014.12.18 14:44:00.264,12.03562,12.03878,0.00,0.00
2014.12.18 14:44:00.315,12.03562,12.03842,0.00,0.00
2014.12.18 14:44:03.346,12.03542,12.03842,0.00,0.00
2014.12.18 14:44:03.634,12.03542,12.03752,0.00,0.00
2014.12.18 14:44:03.684,12.03441,12.03752,0.00,0.00
2014.12.18 14:44:03.859,12.03461,12.03752,0.00,0.00
2014.12.18 14:44:04.516,12.03472,12.03752,0.00,0.00
2014.12.18 14:44:05.265,12.03472,12.03778,0.00,0.00
2014.12.18 14:44:05.316,12.03511,12.03801,0.00,0.00
2014.12.18 14:44:06.053,12.03471,12.03752,0.00,0.00
2014.12.18 14:44:06.826,12.03461,12.03752,0.00,0.00
2014.12.18 14:44:07.048,12.03422,12.03719,0.00,0.00
2014.12.18 14:44:07.149,12.03411,12.03702,0.00,0.00
2014.12.18 14:44:07.589,12.03461,12.03752,0.00,0.00
2014.12.18 14:44:07.904,12.03461,12.03651,0.00,0.00
2014.12.18 14:44:07.955,12.03408,12.03651,0.00,0.00
2014.12.18 14:44:08.100,12.03372,12.03651,0.00,0.00
2014.12.18 14:44:08.764,12.03371,12.03679,0.00,0.00
2014.12.18 14:44:08.815,12.03432,12.03702,0.00,0.00
2014.12.18 14:44:09.577,12.03431,12.03702,0.00,0.00
2014.12.18 14:44:10.760,12.03431,12.03651,0.00,0.00
2014.12.18 14:44:10.861,12.03432,12.03702,0.00,0.00
2014.12.18 14:44:12.881,12.03462,12.03751,0.00,0.00
2014.12.18 14:44:13.557,12.03452,12.03751,0.00,0.00
2014.12.18 14:44:13.996,12.03461,12.03751,0.00,0.00
2014.12.18 14:44:14.774,12.03471,12.03751,0.00,0.00
2014.12.18 14:44:16.617,12.03521,12.03801,0.00,0.00
2014.12.18 14:44:17.651,12.03531,12.03801,0.00,0.00
2014.12.18 14:44:19.586,12.03532,12.03801,0.00,0.00
2014.12.18 14:44:20.569,12.03532,12.03838,0.00,0.00
2014.12.18 14:44:20.620,12.03562,12.03841,0.00,0.00
2014.12.18 14:44:20.670,12.03562,12.03868,0.00,0.00
2014.12.18 14:44:20.923,12.03622,12.03901,0.00,0.00
2014.12.18 14:44:21.566,12.03611,12.03901,0.00,0.00
2014.12.18 14:44:23.744,12.03611,12.03842,0.00,0.00
2014.12.18 14:44:23.795,12.03571,12.03842,0.00,0.00
2014.12.18 14:44:25.616,12.03571,12.03879,0.00,0.00
2014.12.18 14:44:25.666,12.03622,12.03901,0.00,0.00
2014.12.18 14:44:27.130,12.03629,12.03901,0.00,0.00
2014.12.18 14:44:27.281,12.03722,12.04028,0.00,0.00
2014.12.18 14:44:27.382,12.03722,12.04002,0.00,0.00
2014.12.18 14:44:28.034,12.03722,12.04028,0.00,0.00
2014.12.18 14:44:28.134,12.03681,12.03989,0.00,0.00
2014.12.18 14:44:28.254,12.03681,12.03952,0.00,0.00
2014.12.18 14:44:28.304,12.03672,12.03952,0.00,0.00
2014.12.18 14:44:29.005,12.03672,12.03978,0.00,0.00
2014.12.18 14:44:29.055,12.03721,12.04001,0.00,0.00
2014.12.18 14:44:29.598,12.03679,12.03951,0.00,0.00
2014.12.18 14:44:29.699,12.03672,12.03951,0.00,0.00
2014.12.18 14:44:30.438,12.03672,12.03978,0.00,0.00
2014.12.18 14:44:30.595,12.03721,12.04029,0.00,0.00
2014.12.18 14:44:31.906,12.03722,12.04028,0.00,0.00
2014.12.18 14:44:32.880,12.03722,12.0402,0.00,0.00
2014.12.18 14:44:32.931,12.03672,12.03978,0.00,0.00
2014.12.18 14:44:33.446,12.03629,12.03879,0.00,0.00
2014.12.18 14:44:33.597,12.03571,12.03879,0.00,0.00
2014.12.18 14:44:33.897,12.03497,12.03779,0.00,0.00
2014.12.18 14:44:33.948,12.03471,12.03779,0.00,0.00
2014.12.18 14:44:34.355,12.03432,12.03778,0.00,0.00
2014.12.18 14:44:34.875,12.03451,12.03779,0.00,0.00
2014.12.18 14:44:35.242,12.03441,12.03769,0.00,0.00
2014.12.18 14:44:36.196,12.03399,12.03679,0.00,0.00
2014.12.18 14:44:36.347,12.03371,12.03679,0.00,0.00
2014.12.18 14:44:37.628,12.03372,12.03678,0.00,0.00
2014.12.18 14:44:38.880,12.03431,12.03721,0.00,0.00
2014.12.18 14:44:38.931,12.03431,12.03739,0.00,0.00
2014.12.18 14:44:38.982,12.03422,12.03738,0.00,0.00
2014.12.18 14:44:40.039,12.03521,12.0382,0.00,0.00
2014.12.18 14:44:40.089,12.03471,12.03779,0.00,0.00
2014.12.18 14:44:44.137,12.03472,12.03778,0.00,0.00
2014.12.18 14:44:45.655,12.03471,12.03779,0.00,0.00
2014.12.18 14:44:45.782,12.03432,12.03768,0.00,0.00
2014.12.18 14:44:46.661,12.03442,12.03768,0.00,0.00
2014.12.18 14:44:48.406,12.03461,12.03779,0.00,0.00
2014.12.18 14:44:49.205,12.03541,12.03841,0.00,0.00
2014.12.18 14:44:49.255,12.03541,12.03869,0.00,0.00
2014.12.18 14:44:49.306,12.03491,12.03819,0.00,0.00
2014.12.18 14:44:49.658,12.03472,12.03778,0.00,0.00
2014.12.18 14:44:50.326,12.0343,12.0382,0.00,0.00
2014.12.18 14:44:50.427,12.03471,12.03779,0.00,0.00
2014.12.18 14:44:50.579,12.03462,12.03778,0.00,0.00
2014.12.18 14:44:51.485,12.03461,12.03779,0.00,0.00
2014.12.18 14:44:54.163,12.03441,12.03779,0.00,0.00
2014.12.18 14:44:58.195,12.03442,12.03778,0.00,0.00
2014.12.18 14:44:59.229,12.03431,12.03769,0.00,0.00
2014.12.18 14:44:59.642,12.03441,12.03779,0.00,0.00
2014.12.18 14:45:01.056,12.03451,12.03779,0.00,0.00
2014.12.18 14:45:01.383,12.03472,12.03778,0.00,0.00
2014.12.18 14:45:02.127,12.03479,12.03778,0.00,0.00
2014.12.18 14:45:02.483,12.03571,12.03879,0.00,0.00
2014.12.18 14:45:02.690,12.03581,12.03879,0.00,0.00
2014.12.18 14:45:02.741,12.03672,12.03978,0.00,0.00
2014.12.18 14:45:03.353,12.03761,12.04071,0.00,0.00
2014.12.18 14:45:03.504,12.03762,12.04078,0.00,0.00
2014.12.18 14:45:03.756,12.03762,12.0403,0.00,0.00
2014.12.18 14:45:03.806,12.03732,12.0403,0.00,0.00
2014.12.18 14:45:03.857,12.03732,12.04063,0.00,0.00
2014.12.18 14:45:03.907,12.03722,12.04028,0.00,0.00
2014.12.18 14:45:04.109,12.03732,12.04068,0.00,0.00
2014.12.18 14:45:04.159,12.03779,12.04068,0.00,0.00
2014.12.18 14:45:04.310,12.03851,12.04169,0.00,0.00
2014.12.18 14:45:04.563,12.03809,12.04089,0.00,0.00
2014.12.18 14:45:04.613,12.03781,12.04089,0.00,0.00
2014.12.18 14:45:04.664,12.03792,12.04118,0.00,0.00
2014.12.18 14:45:05.553,12.03801,12.04129,0.00,0.00
2014.12.18 14:45:06.131,12.03781,12.04089,0.00,0.00
2014.12.18 14:45:06.343,12.03811,12.04129,0.00,0.00
2014.12.18 14:45:07.190,12.03802,12.04128,0.00,0.00
2014.12.18 14:45:07.451,12.03811,12.04129,0.00,0.00
2014.12.18 14:45:08.001,12.03911,12.04235,0.00,0.00
2014.12.18 14:45:08.102,12.03911,12.04239,0.00,0.00
2014.12.18 14:45:08.408,12.03932,12.04278,0.00,0.00
2014.12.18 14:45:08.509,12.04001,12.04303,0.00,0.00
2014.12.18 14:45:08.612,12.04001,12.04349,0.00,0.00
2014.12.18 14:45:08.663,12.04012,12.04328,0.00,0.00
2014.12.18 14:45:08.965,12.04071,12.04379,0.00,0.00
2014.12.18 14:45:09.271,12.0408,12.04379,0.00,0.00
2014.12.18 14:45:09.321,12.04121,12.04429,0.00,0.00
2014.12.18 14:45:09.525,12.04071,12.04379,0.00,0.00
2014.12.18 14:45:10.317,12.04121,12.0442,0.00,0.00
2014.12.18 14:45:10.368,12.04121,12.04429,0.00,0.00
2014.12.18 14:45:11.603,12.04222,12.04489,0.00,0.00
2014.12.18 14:45:11.653,12.04222,12.04528,0.00,0.00
2014.12.18 14:45:12.578,12.04202,12.04528,0.00,0.00
2014.12.18 14:45:13.405,12.04221,12.04529,0.00,0.00
2014.12.18 14:45:13.691,12.04232,12.04568,0.00,0.00
2014.12.18 14:45:13.791,12.04202,12.04528,0.00,0.00
2014.12.18 14:45:13.942,12.04231,12.04569,0.00,0.00
2014.12.18 14:45:14.043,12.04202,12.04528,0.00,0.00
2014.12.18 14:45:14.144,12.04232,12.04568,0.00,0.00
2014.12.18 14:45:14.594,12.04221,12.04539,0.00,0.00
2014.12.18 14:45:15.368,12.04242,12.04578,0.00,0.00
2014.12.18 14:45:16.683,12.04221,12.04539,0.00,0.00
2014.12.18 14:45:17.968,12.04181,12.04489,0.00,0.00
2014.12.18 14:45:18.119,12.04222,12.04538,0.00,0.00
2014.12.18 14:45:18.628,12.04181,12.04489,0.00,0.00
2014.12.18 14:45:18.994,12.04092,12.04428,0.00,0.00
2014.12.18 14:45:19.195,12.04072,12.04378,0.00,0.00
2014.12.18 14:45:19.537,12.04092,12.04421,0.00,0.00
2014.12.18 14:45:19.638,12.04092,12.04428,0.00,0.00
2014.12.18 14:45:19.842,12.04072,12.04388,0.00,0.00
2014.12.18 14:45:19.945,12.04062,12.04388,0.00,0.00
2014.12.18 14:45:20.745,12.04061,12.04399,0.00,0.00
2014.12.18 14:45:20.848,12.04052,12.04408,0.00,0.00
2014.12.18 14:45:21.741,12.04009,12.04358,0.00,0.00
2014.12.18 14:45:21.792,12.04002,12.04358,0.00,0.00
2014.12.18 14:45:22.306,12.04001,12.04359,0.00,0.00
2014.12.18 14:45:22.698,12.04061,12.04394,0.00,0.00
2014.12.18 14:45:22.748,12.04061,12.04399,0.00,0.00
2014.12.18 14:45:23.797,12.04071,12.04379,0.00,0.00
2014.12.18 14:45:24.174,12.04029,12.04328,0.00,0.00
2014.12.18 14:45:24.274,12.04012,12.04328,0.00,0.00
2014.12.18 14:45:24.694,12.04171,12.04371,0.00,0.00
2014.12.18 14:45:24.795,12.04171,12.04479,0.00,0.00
2014.12.18 14:45:26.665,12.04129,12.04428,0.00,0.00
2014.12.18 14:45:26.716,12.04122,12.04428,0.00,0.00
2014.12.18 14:45:27.026,12.04141,12.04469,0.00,0.00
2014.12.18 14:45:27.768,12.0413,12.04429,0.00,0.00
2014.12.18 14:45:28.385,12.04129,12.04418,0.00,0.00
2014.12.18 14:45:29.409,12.04129,12.04429,0.00,0.00
2014.12.18 14:45:29.510,12.04101,12.04429,0.00,0.00
2014.12.18 14:45:29.560,12.04111,12.04429,0.00,0.00
2014.12.18 14:45:29.661,12.04141,12.04469,0.00,0.00
2014.12.18 14:45:30.427,12.04101,12.04429,0.00,0.00
2014.12.18 14:45:31.325,12.04141,12.04469,0.00,0.00
2014.12.18 14:45:34.262,12.04101,12.04429,0.00,0.00
2014.12.18 14:45:35.067,12.04071,12.04379,0.00,0.00
2014.12.18 14:45:35.779,12.04072,12.04378,0.00,0.00
2014.12.18 14:45:35.829,12.04141,12.04469,0.00,0.00
2014.12.18 14:45:36.479,12.04111,12.04429,0.00,0.00
2014.12.18 14:45:37.586,12.04101,12.04429,0.00,0.00
2014.12.18 14:45:37.766,12.04081,12.04419,0.00,0.00
2014.12.18 14:45:38.113,12.04042,12.04368,0.00,0.00
2014.12.18 14:45:38.677,12.03999,12.04279,0.00,0.00
2014.12.18 14:45:38.727,12.03971,12.04279,0.00,0.00
2014.12.18 14:45:40.785,12.04032,12.04321,0.00,0.00
2014.12.18 14:45:40.836,12.04032,12.04338,0.00,0.00
2014.12.18 14:45:41.874,12.04031,12.04339,0.00,0.00
2014.12.18 14:45:42.324,12.03979,12.04279,0.00,0.00
2014.12.18 14:45:42.425,12.04032,12.04338,0.00,0.00
2014.12.18 14:45:43.396,12.03989,12.04238,0.00,0.00
2014.12.18 14:45:43.447,12.03902,12.04238,0.00,0.00
2014.12.18 14:45:43.497,12.03872,12.04178,0.00,0.00
2014.12.18 14:45:44.812,12.03852,12.04168,0.00,0.00
2014.12.18 14:45:45.063,12.03881,12.04219,0.00,0.00
2014.12.18 14:45:46.636,12.03881,12.04202,0.00,0.00
2014.12.18 14:45:46.736,12.03731,12.04069,0.00,0.00
2014.12.18 14:45:47.934,12.03852,12.04168,0.00,0.00
2014.12.18 14:45:48.876,12.03851,12.04179,0.00,0.00
2014.12.18 14:45:51.317,12.03851,12.04169,0.00,0.00
2014.12.18 14:45:52.285,12.03851,12.04179,0.00,0.00
2014.12.18 14:45:53.167,12.03862,12.04178,0.00,0.00
2014.12.18 14:45:54.304,12.03852,12.04178,0.00,0.00
2014.12.18 14:45:54.405,12.03871,12.04179,0.00,0.00
2014.12.18 14:45:54.505,12.03892,12.04238,0.00,0.00
2014.12.18 14:45:58.901,12.03851,12.04179,0.00,0.00
2014.12.18 14:45:59.511,12.03851,12.04171,0.00,0.00
2014.12.18 14:45:59.562,12.03791,12.04129,0.00,0.00
2014.12.18 14:46:00.816,12.03791,12.04102,0.00,0.00
2014.12.18 14:46:01.128,12.03851,12.04151,0.00,0.00
2014.12.18 14:46:01.316,12.03791,12.04102,0.00,0.00
2014.12.18 14:46:01.848,12.03791,12.04129,0.00,0.00
2014.12.18 14:46:01.949,12.03791,12.04102,0.00,0.00
2014.12.18 14:46:02.693,12.03791,12.04101,0.00,0.00
2014.12.18 14:46:03.066,12.03801,12.04101,0.00,0.00
2014.12.18 14:46:08.016,12.03791,12.04101,0.00,0.00
2014.12.18 14:46:08.373,12.03801,12.04101,0.00,0.00
2014.12.18 14:46:09.006,12.03791,12.04101,0.00,0.00
2014.12.18 14:46:09.112,12.03791,12.04061,0.00,0.00
2014.12.18 14:46:09.163,12.03742,12.04061,0.00,0.00
2014.12.18 14:46:09.322,12.03742,12.04002,0.00,0.00
2014.12.18 14:46:09.597,12.03661,12.03951,0.00,0.00
2014.12.18 14:46:12.481,12.03661,12.03979,0.00,0.00
2014.12.18 14:46:12.531,12.03809,12.04001,0.00,0.00
2014.12.18 14:46:12.632,12.03809,12.04068,0.00,0.00
2014.12.18 14:46:12.732,12.03852,12.04152,0.00,0.00
2014.12.18 14:46:13.044,12.0388,12.04168,0.00,0.00
2014.12.18 14:46:13.195,12.03931,12.04251,0.00,0.00
2014.12.18 14:46:15.444,12.03931,12.04279,0.00,0.00
2014.12.18 14:46:15.494,12.03979,12.04279,0.00,0.00
2014.12.18 14:46:15.645,12.04041,12.04342,0.00,0.00
2014.12.18 14:46:15.966,12.04061,12.04342,0.00,0.00
2014.12.18 14:46:16.317,12.04169,12.04379,0.00,0.00
2014.12.18 14:46:16.740,12.04132,12.04342,0.00,0.00
2014.12.18 14:46:16.894,12.04071,12.04342,0.00,0.00
2014.12.18 14:46:16.994,12.04062,12.04342,0.00,0.00
2014.12.18 14:46:17.475,12.04071,12.04342,0.00,0.00
2014.12.18 14:46:18.043,12.04061,12.04342,0.00,0.00
2014.12.18 14:46:18.094,12.04091,12.04379,0.00,0.00
2014.12.18 14:46:18.195,12.04091,12.04401,0.00,0.00
2014.12.18 14:46:20.264,12.04121,12.04401,0.00,0.00
2014.12.18 14:46:20.393,12.04121,12.04429,0.00,0.00
2014.12.18 14:46:20.493,12.04141,12.04452,0.00,0.00
2014.12.18 14:46:20.775,12.04161,12.04452,0.00,0.00
2014.12.18 14:46:21.603,12.04161,12.04342,0.00,0.00
2014.12.18 14:46:21.703,12.04122,12.04342,0.00,0.00
2014.12.18 14:46:21.754,12.04071,12.04302,0.00,0.00
2014.12.18 14:46:21.855,12.04061,12.04342,0.00,0.00
2014.12.18 14:46:23.635,12.04071,12.04342,0.00,0.00
2014.12.18 14:46:25.012,12.04071,12.04251,0.00,0.00
2014.12.18 14:46:25.113,12.04001,12.04251,0.00,0.00
2014.12.18 14:46:25.214,12.04061,12.04251,0.00,0.00
2014.12.18 14:46:25.264,12.04061,12.04302,0.00,0.00
2014.12.18 14:46:28.062,12.04072,12.04302,0.00,0.00
2014.12.18 14:46:28.384,12.04061,12.04302,0.00,0.00
2014.12.18 14:46:29.356,12.04062,12.04302,0.00,0.00
2014.12.18 14:46:29.456,12.04062,12.04368,0.00,0.00
2014.12.18 14:46:29.557,12.04062,12.04341,0.00,0.00
2014.12.18 14:46:29.852,12.04062,12.04368,0.00,0.00
2014.12.18 14:46:29.903,12.04079,12.04368,0.00,0.00
2014.12.18 14:46:30.533,12.04122,12.04402,0.00,0.00
2014.12.18 14:46:31.116,12.04121,12.04402,0.00,0.00
2014.12.18 14:46:32.383,12.04121,12.04429,0.00,0.00
2014.12.18 14:46:32.483,12.04141,12.04451,0.00,0.00
2014.12.18 14:46:32.584,12.04182,12.04451,0.00,0.00
2014.12.18 14:46:32.986,12.04201,12.04451,0.00,0.00
2014.12.18 14:46:33.087,12.04201,12.04492,0.00,0.00
2014.12.18 14:46:33.188,12.04202,12.04451,0.00,0.00
2014.12.18 14:46:33.394,12.04202,12.04501,0.00,0.00
2014.12.18 14:46:33.444,12.04281,12.04501,0.00,0.00
2014.12.18 14:46:33.495,12.04281,12.04562,0.00,0.00
2014.12.18 14:46:33.545,12.04302,12.04562,0.00,0.00
2014.12.18 14:46:34.042,12.04302,12.04601,0.00,0.00
2014.12.18 14:46:34.253,12.04329,12.04618,0.00,0.00
2014.12.18 14:46:34.497,12.04372,12.04678,0.00,0.00
2014.12.18 14:46:35.096,12.04361,12.04669,0.00,0.00
2014.12.18 14:46:35.196,12.04392,12.04691,0.00,0.00
2014.12.18 14:46:35.917,12.04392,12.04698,0.00,0.00
2014.12.18 14:46:35.968,12.04462,12.04742,0.00,0.00
2014.12.18 14:46:36.387,12.04462,12.04768,0.00,0.00
2014.12.18 14:46:36.437,12.04501,12.04791,0.00,0.00
2014.12.18 14:46:37.274,12.04502,12.04791,0.00,0.00
2014.12.18 14:46:37.802,12.04502,12.04808,0.00,0.00
2014.12.18 14:46:37.853,12.04479,12.04768,0.00,0.00
2014.12.18 14:46:37.903,12.04462,12.04768,0.00,0.00
2014.12.18 14:46:37.954,12.04492,12.04792,0.00,0.00
2014.12.18 14:46:38.004,12.04492,12.04798,0.00,0.00
2014.12.18 14:46:38.055,12.04532,12.04841,0.00,0.00
2014.12.18 14:46:38.206,12.04561,12.04841,0.00,0.00
2014.12.18 14:46:38.357,12.04561,12.04869,0.00,0.00
2014.12.18 14:46:38.458,12.04561,12.04842,0.00,0.00
2014.12.18 14:46:39.228,12.04561,12.04801,0.00,0.00
2014.12.18 14:46:39.278,12.04501,12.04801,0.00,0.00
2014.12.18 14:46:39.329,12.04501,12.04809,0.00,0.00
2014.12.18 14:46:39.480,12.04561,12.04841,0.00,0.00
2014.12.18 14:46:39.781,12.04502,12.04808,0.00,0.00
2014.12.18 14:46:39.832,12.04562,12.04842,0.00,0.00
2014.12.18 14:46:39.972,12.04562,12.04868,0.00,0.00
2014.12.18 14:46:40.123,12.04562,12.04842,0.00,0.00
2014.12.18 14:46:42.173,12.04562,12.04868,0.00,0.00
2014.12.18 14:46:42.273,12.04562,12.04882,0.00,0.00
2014.12.18 14:46:42.548,12.04562,12.04841,0.00,0.00
2014.12.18 14:46:42.649,12.04492,12.04791,0.00,0.00
2014.12.18 14:46:42.833,12.04492,12.04742,0.00,0.00
2014.12.18 14:46:42.933,12.0445,12.04708,0.00,0.00
2014.12.18 14:46:42.984,12.04402,12.04692,0.00,0.00
2014.12.18 14:46:43.502,12.04402,12.04679,0.00,0.00
2014.12.18 14:46:43.605,12.04282,12.04598,0.00,0.00
2014.12.18 14:46:43.706,12.04301,12.04609,0.00,0.00
2014.12.18 14:46:43.857,12.04342,12.04651,0.00,0.00
2014.12.18 14:46:43.908,12.04311,12.04619,0.00,0.00
2014.12.18 14:46:44.059,12.04331,12.04651,0.00,0.00
2014.12.18 14:46:44.601,12.04331,12.04612,0.00,0.00
2014.12.18 14:46:44.945,12.04311,12.04612,0.00,0.00
2014.12.18 14:46:45.420,12.04291,12.04599,0.00,0.00
2014.12.18 14:46:45.770,12.04311,12.04619,0.00,0.00
2014.12.18 14:46:46.087,12.04311,12.04612,0.00,0.00
2014.12.18 14:46:46.398,12.04362,12.04612,0.00,0.00
2014.12.18 14:46:46.499,12.04362,12.04688,0.00,0.00
2014.12.18 14:46:46.549,12.04391,12.04699,0.00,0.00
2014.12.18 14:46:47.396,12.04401,12.04702,0.00,0.00
2014.12.18 14:46:50.035,12.04392,12.04698,0.00,0.00
2014.12.18 14:46:50.841,12.04381,12.04699,0.00,0.00
2014.12.18 14:46:51.046,12.04371,12.04699,0.00,0.00
2014.12.18 14:46:52.281,12.04372,12.04678,0.00,0.00
2014.12.18 14:46:52.582,12.04291,12.04599,0.00,0.00
2014.12.18 14:46:53.494,12.04272,12.04578,0.00,0.00
2014.12.18 14:46:53.595,12.04231,12.04541,0.00,0.00
2014.12.18 14:46:53.746,12.04238,12.04549,0.00,0.00
2014.12.18 14:46:53.796,12.04292,12.04591,0.00,0.00
2014.12.18 14:46:53.847,12.04292,12.04598,0.00,0.00
2014.12.18 14:46:54.106,12.04278,12.04579,0.00,0.00
2014.12.18 14:46:54.486,12.04278,12.04549,0.00,0.00
2014.12.18 14:46:54.536,12.04221,12.04542,0.00,0.00
2014.12.18 14:46:55.210,12.04232,12.04542,0.00,0.00
2014.12.18 14:46:56.213,12.04271,12.04542,0.00,0.00
2014.12.18 14:46:56.264,12.04271,12.04579,0.00,0.00
2014.12.18 14:46:56.526,12.04291,12.04599,0.00,0.00
2014.12.18 14:46:56.843,12.04362,12.04642,0.00,0.00
2014.12.18 14:46:56.944,12.04362,12.04668,0.00,0.00
2014.12.18 14:46:56.994,12.04328,12.04618,0.00,0.00
2014.12.18 14:46:57.045,12.04319,12.04618,0.00,0.00
2014.12.18 14:46:57.145,12.04292,12.04598,0.00,0.00
2014.12.18 14:46:57.441,12.04271,12.04579,0.00,0.00
2014.12.18 14:46:59.363,12.04293,12.04579,0.00,0.00
2014.12.18 14:46:59.414,12.04322,12.04621,0.00,0.00
2014.12.18 14:46:59.514,12.04371,12.04679,0.00,0.00
2014.12.18 14:46:59.615,12.04329,12.04509,0.00,0.00
2014.12.18 14:46:59.666,12.04261,12.04509,0.00,0.00
2014.12.18 14:46:59.766,12.04262,12.04541,0.00,0.00
2014.12.18 14:46:59.917,12.04262,12.04568,0.00,0.00
2014.12.18 14:47:00.674,12.04262,12.04541,0.00,0.00
2014.12.18 14:47:00.775,12.04262,12.04568,0.00,0.00
2014.12.18 14:47:00.825,12.04301,12.04602,0.00,0.00
2014.12.18 14:47:00.875,12.04301,12.04619,0.00,0.00
2014.12.18 14:47:00.926,12.04321,12.04631,0.00,0.00
2014.12.18 14:47:00.976,12.04321,12.04642,0.00,0.00
2014.12.18 14:47:01.202,12.04321,12.04601,0.00,0.00
2014.12.18 14:47:01.303,12.04301,12.04601,0.00,0.00
2014.12.18 14:47:02.641,12.04301,12.04619,0.00,0.00
2014.12.18 14:47:02.692,12.04371,12.04638,0.00,0.00
2014.12.18 14:47:02.792,12.04371,12.04641,0.00,0.00
2014.12.18 14:47:02.893,12.04378,12.04679,0.00,0.00
2014.12.18 14:47:02.944,12.04472,12.04721,0.00,0.00
2014.12.18 14:47:03.045,12.04472,12.04742,0.00,0.00
2014.12.18 14:47:03.145,12.04561,12.04792,0.00,0.00
2014.12.18 14:47:03.196,12.04561,12.04821,0.00,0.00
2014.12.18 14:47:03.247,12.04561,12.04869,0.00,0.00
2014.12.18 14:47:03.572,12.04662,12.04951,0.00,0.00
2014.12.18 14:47:03.623,12.04662,12.04988,0.00,0.00
2014.12.18 14:47:03.728,12.04662,12.0496,0.00,0.00
2014.12.18 14:47:03.880,12.04571,12.04892,0.00,0.00
2014.12.18 14:47:04.086,12.04571,12.04899,0.00,0.00
2014.12.18 14:47:04.137,12.04662,12.04941,0.00,0.00
2014.12.18 14:47:04.187,12.04662,12.04988,0.00,0.00
2014.12.18 14:47:06.971,12.0468,12.04988,0.00,0.00
2014.12.18 14:47:07.072,12.04722,12.05052,0.00,0.00
2014.12.18 14:47:07.123,12.04802,12.05052,0.00,0.00
2014.12.18 14:47:07.173,12.04802,12.05108,0.00,0.00
2014.12.18 14:47:07.224,12.04811,12.05112,0.00,0.00
2014.12.18 14:47:07.274,12.04811,12.05162,0.00,0.00
2014.12.18 14:47:07.375,12.04811,12.05061,0.00,0.00
2014.12.18 14:47:07.425,12.0477,12.05061,0.00,0.00
2014.12.18 14:47:07.476,12.04721,12.05051,0.00,0.00
2014.12.18 14:47:10.334,12.04821,12.05111,0.00,0.00
2014.12.18 14:47:10.538,12.04811,12.05111,0.00,0.00
2014.12.18 14:47:10.928,12.04811,12.05062,0.00,0.00
2014.12.18 14:47:11.079,12.04681,12.04999,0.00,0.00
2014.12.18 14:47:12.352,12.04662,12.04951,0.00,0.00
2014.12.18 14:47:12.503,12.04562,12.04888,0.00,0.00
2014.12.18 14:47:13.472,12.04561,12.04869,0.00,0.00
2014.12.18 14:47:13.739,12.04531,12.04849,0.00,0.00
2014.12.18 14:47:15.502,12.04531,12.04801,0.00,0.00
2014.12.18 14:47:15.754,12.04532,12.04848,0.00,0.00
2014.12.18 14:47:16.832,12.04532,12.04802,0.00,0.00
2014.12.18 14:47:16.883,12.04501,12.04802,0.00,0.00
2014.12.18 14:47:16.933,12.04501,12.04791,0.00,0.00
2014.12.18 14:47:17.034,12.04441,12.04749,0.00,0.00
2014.12.18 14:47:17.394,12.04441,12.04712,0.00,0.00
2014.12.18 14:47:17.545,12.044,12.04699,0.00,0.00
2014.12.18 14:47:17.652,12.04391,12.04699,0.00,0.00
2014.12.18 14:47:17.756,12.04372,12.04678,0.00,0.00
2014.12.18 14:47:18.745,12.04391,12.04699,0.00,0.00
2014.12.18 14:47:18.901,12.04431,12.04712,0.00,0.00
2014.12.18 14:47:18.952,12.04431,12.04749,0.00,0.00
2014.12.18 14:47:19.822,12.0446,12.04749,0.00,0.00
2014.12.18 14:47:20.724,12.04472,12.04778,0.00,0.00
2014.12.18 14:47:22.871,12.04472,12.04752,0.00,0.00
2014.12.18 14:47:23.948,12.04471,12.04752,0.00,0.00
2014.12.18 14:47:24.250,12.04431,12.04661,0.00,0.00
2014.12.18 14:47:24.401,12.04391,12.04661,0.00,0.00
2014.12.18 14:47:25.062,12.04381,12.04661,0.00,0.00
2014.12.18 14:47:25.274,12.04372,12.04661,0.00,0.00
2014.12.18 14:47:25.475,12.04391,12.04661,0.00,0.00
2014.12.18 14:47:25.676,12.04471,12.04751,0.00,0.00
2014.12.18 14:47:25.895,12.04491,12.04751,0.00,0.00
2014.12.18 14:47:26.147,12.04431,12.04702,0.00,0.00
2014.12.18 14:47:27.064,12.04431,12.04749,0.00,0.00
2014.12.18 14:47:27.215,12.04472,12.04751,0.00,0.00
2014.12.18 14:47:27.985,12.04471,12.04751,0.00,0.00
2014.12.18 14:47:31.851,12.04511,12.04751,0.00,0.00
2014.12.18 14:47:31.902,12.0453,12.04802,0.00,0.00
2014.12.18 14:47:31.952,12.04571,12.04802,0.00,0.00
2014.12.18 14:47:32.003,12.04571,12.04852,0.00,0.00
2014.12.18 14:47:32.361,12.04571,12.04879,0.00,0.00
2014.12.18 14:47:32.412,12.04622,12.04902,0.00,0.00
2014.12.18 14:47:33.370,12.04622,12.04948,0.00,0.00
2014.12.18 14:47:33.420,12.0463,12.04948,0.00,0.00
2014.12.18 14:47:34.110,12.04721,12.05012,0.00,0.00
2014.12.18 14:47:34.475,12.04671,12.04951,0.00,0.00
2014.12.18 14:47:36.234,12.04661,12.04951,0.00,0.00
2014.12.18 14:47:38.325,12.04621,12.04902,0.00,0.00
2014.12.18 14:47:38.777,12.04621,12.04842,0.00,0.00
2014.12.18 14:47:40.324,12.04621,12.04949,0.00,0.00
2014.12.18 14:47:40.425,12.04621,12.04902,0.00,0.00
2014.12.18 14:47:41.515,12.04621,12.04841,0.00,0.00
2014.12.18 14:47:41.666,12.04471,12.04779,0.00,0.00
2014.12.18 14:47:41.767,12.04471,12.04711,0.00,0.00
2014.12.18 14:47:41.867,12.04398,12.04678,0.00,0.00
2014.12.18 14:47:41.968,12.04431,12.04711,0.00,0.00
2014.12.18 14:47:42.270,12.04431,12.04702,0.00,0.00
2014.12.18 14:47:42.742,12.04431,12.04749,0.00,0.00
2014.12.18 14:47:42.842,12.04471,12.04752,0.00,0.00
2014.12.18 14:47:43.968,12.04561,12.04752,0.00,0.00
2014.12.18 14:47:44.170,12.0468,12.04902,0.00,0.00
2014.12.18 14:47:44.271,12.04671,12.04902,0.00,0.00
2014.12.18 14:47:44.381,12.04721,12.04952,0.00,0.00
2014.12.18 14:47:44.484,12.04671,12.04952,0.00,0.00
2014.12.18 14:47:45.145,12.04661,12.04952,0.00,0.00
2014.12.18 14:47:46.696,12.04622,12.04902,0.00,0.00
2014.12.18 14:47:47.440,12.04622,12.04901,0.00,0.00
2014.12.18 14:47:50.745,12.04622,12.04852,0.00,0.00
2014.12.18 14:47:50.795,12.04579,12.04852,0.00,0.00
2014.12.18 14:47:50.846,12.04562,12.04852,0.00,0.00
2014.12.18 14:47:53.066,12.04571,12.04852,0.00,0.00
2014.12.18 14:47:55.385,12.04612,12.04852,0.00,0.00
2014.12.18 14:47:55.486,12.04612,12.04902,0.00,0.00
2014.12.18 14:47:55.924,12.04621,12.04902,0.00,0.00
2014.12.18 14:47:58.434,12.04571,12.04879,0.00,0.00
2014.12.18 14:47:58.485,12.04622,12.04902,0.00,0.00
2014.12.18 14:47:58.794,12.04622,12.04851,0.00,0.00
2014.12.18 14:47:58.844,12.04572,12.04851,0.00,0.00
2014.12.18 14:47:59.974,12.04572,12.04878,0.00,0.00
2014.12.18 14:48:00.125,12.04779,12.04901,0.00,0.00
2014.12.18 14:48:00.226,12.04819,12.05012,0.00,0.00
2014.12.18 14:48:00.331,12.04949,12.05162,0.00,0.00
2014.12.18 14:48:00.441,12.05029,12.05169,0.00,0.00
2014.12.18 14:48:00.558,12.05,12.05169,0.00,0.00
2014.12.18 14:48:00.628,12.04963,12.05169,0.00,0.00
2014.12.18 14:48:00.679,12.05021,12.05302,0.00,0.00
2014.12.18 14:48:00.780,12.05071,12.05302,0.00,0.00
2014.12.18 14:48:00.981,12.05041,12.05302,0.00,0.00
2014.12.18 14:48:01.081,12.04972,12.05302,0.00,0.00
2014.12.18 14:48:01.132,12.04962,12.05278,0.00,0.00
2014.12.18 14:48:01.333,12.04972,12.05302,0.00,0.00
2014.12.18 14:48:01.434,12.04971,12.05279,0.00,0.00
2014.12.18 14:48:01.535,12.05031,12.05352,0.00,0.00
2014.12.18 14:48:01.951,12.05031,12.05301,0.00,0.00
2014.12.18 14:48:02.001,12.04977,12.05301,0.00,0.00
2014.12.18 14:48:02.150,12.04971,12.05301,0.00,0.00
2014.12.18 14:48:02.311,12.04971,12.05252,0.00,0.00
2014.12.18 14:48:02.855,12.04931,12.05252,0.00,0.00
2014.12.18 14:48:02.955,12.04931,12.05202,0.00,0.00
2014.12.18 14:48:03.006,12.04866,12.05178,0.00,0.00
2014.12.18 14:48:03.057,12.04862,12.05062,0.00,0.00
2014.12.18 14:48:03.107,12.04842,12.05062,0.00,0.00
2014.12.18 14:48:03.208,12.04766,12.05089,0.00,0.00
2014.12.18 14:48:03.259,12.04751,12.05089,0.00,0.00
2014.12.18 14:48:03.359,12.04771,12.05111,0.00,0.00
2014.12.18 14:48:03.550,12.04779,12.05111,0.00,0.00
2014.12.18 14:48:04.033,12.04821,12.05111,0.00,0.00
2014.12.18 14:48:05.251,12.04821,12.05061,0.00,0.00
2014.12.18 14:48:05.301,12.04781,12.05061,0.00,0.00
2014.12.18 14:48:05.402,12.04821,12.05061,0.00,0.00
2014.12.18 14:48:05.503,12.04782,12.05098,0.00,0.00
2014.12.18 14:48:05.604,12.04782,12.05061,0.00,0.00
2014.12.18 14:48:06.256,12.04681,12.04999,0.00,0.00
2014.12.18 14:48:06.306,12.04721,12.05012,0.00,0.00
2014.12.18 14:48:06.725,12.04681,12.04952,0.00,0.00
2014.12.18 14:48:06.964,12.04662,12.04952,0.00,0.00
2014.12.18 14:48:07.461,12.04662,12.04978,0.00,0.00
2014.12.18 14:48:07.511,12.04722,12.05011,0.00,0.00
2014.12.18 14:48:10.762,12.04721,12.05049,0.00,0.00
2014.12.18 14:48:10.812,12.04781,12.05059,0.00,0.00
2014.12.18 14:48:11.014,12.04822,12.05111,0.00,0.00
2014.12.18 14:48:11.438,12.04862,12.05162,0.00,0.00
2014.12.18 14:48:11.786,12.04822,12.05112,0.00,0.00
2014.12.18 14:48:12.205,12.04812,12.05112,0.00,0.00
2014.12.18 14:48:13.175,12.04812,12.05062,0.00,0.00
2014.12.18 14:48:13.226,12.04782,12.05062,0.00,0.00
2014.12.18 14:48:13.327,12.04762,12.05062,0.00,0.00
2014.12.18 14:48:13.855,12.04721,12.05012,0.00,0.00
2014.12.18 14:48:18.126,12.04672,12.04951,0.00,0.00
2014.12.18 14:48:19.987,12.04679,12.04951,0.00,0.00
2014.12.18 14:48:20.037,12.04721,12.05011,0.00,0.00
2014.12.18 14:48:22.851,12.04721,12.05049,0.00,0.00
2014.12.18 14:48:25.085,12.04721,12.05002,0.00,0.00
2014.12.18 14:48:25.186,12.04679,12.04978,0.00,0.00
2014.12.18 14:48:25.302,12.04672,12.04978,0.00,0.00
2014.12.18 14:48:27.603,12.04659,12.05002,0.00,0.00
2014.12.18 14:48:27.654,12.04608,12.05002,0.00,0.00
2014.12.18 14:48:28.176,12.04701,12.05002,0.00,0.00
2014.12.18 14:48:29.474,12.04608,12.05002,0.00,0.00
2014.12.18 14:48:29.525,12.04659,12.05002,0.00,0.00
2014.12.18 14:48:29.594,12.04608,12.05002,0.00,0.00
2014.12.18 14:48:32.101,12.04679,12.05017,0.00,0.00
2014.12.18 14:48:32.151,12.04679,12.05061,0.00,0.00
2014.12.18 14:48:32.202,12.04729,12.05061,0.00,0.00
2014.12.18 14:48:32.252,12.04729,12.05111,0.00,0.00
2014.12.18 14:48:32.353,12.04768,12.05162,0.00,0.00
2014.12.18 14:48:32.558,12.04729,12.05112,0.00,0.00
2014.12.18 14:48:32.609,12.04718,12.05112,0.00,0.00
2014.12.18 14:48:32.775,12.04769,12.05121,0.00,0.00
2014.12.18 14:48:32.876,12.04769,12.05144,0.00,0.00
2014.12.18 14:48:32.926,12.04822,12.05144,0.00,0.00
2014.12.18 14:48:33.422,12.04811,12.05119,0.00,0.00
2014.12.18 14:48:33.682,12.04811,12.05139,0.00,0.00
2014.12.18 14:48:35.830,12.04811,12.05111,0.00,0.00
2014.12.18 14:48:35.880,12.04801,12.05111,0.00,0.00
2014.12.18 14:48:36.302,12.04821,12.05115,0.00,0.00
2014.12.18 14:48:36.461,12.04821,12.05139,0.00,0.00
2014.12.18 14:48:36.826,12.04821,12.05112,0.00,0.00
2014.12.18 14:48:36.977,12.04802,12.05112,0.00,0.00
2014.12.18 14:48:38.030,12.04802,12.05118,0.00,0.00
2014.12.18 14:48:38.081,12.04812,12.05125,0.00,0.00
2014.12.18 14:48:38.268,12.04812,12.05138,0.00,0.00
2014.12.18 14:48:39.130,12.04812,12.05111,0.00,0.00
2014.12.18 14:48:39.181,12.04802,12.05111,0.00,0.00
2014.12.18 14:48:39.820,12.04812,12.05125,0.00,0.00
2014.12.18 14:48:39.976,12.04812,12.05138,0.00,0.00
2014.12.18 14:48:40.300,12.04861,12.05169,0.00,0.00
2014.12.18 14:48:40.980,12.04861,12.05145,0.00,0.00
2014.12.18 14:48:41.030,12.04842,12.05145,0.00,0.00
2014.12.18 14:48:43.130,12.04842,12.05111,0.00,0.00
2014.12.18 14:48:43.333,12.04842,12.05125,0.00,0.00
2014.12.18 14:48:43.486,12.04842,12.05148,0.00,0.00
2014.12.18 14:48:43.536,12.04842,12.05111,0.00,0.00
2014.12.18 14:48:43.587,12.04801,12.05111,0.00,0.00
2014.12.18 14:48:43.773,12.04831,12.05111,0.00,0.00
2014.12.18 14:48:44.213,12.04801,12.05111,0.00,0.00
2014.12.18 14:48:47.498,12.04801,12.05114,0.00,0.00
2014.12.18 14:48:47.599,12.04801,12.05119,0.00,0.00
2014.12.18 14:48:47.649,12.04831,12.05134,0.00,0.00
2014.12.18 14:48:47.705,12.04831,12.05149,0.00,0.00
2014.12.18 14:48:48.179,12.04861,12.05152,0.00,0.00
2014.12.18 14:48:48.229,12.04861,12.05169,0.00,0.00
2014.12.18 14:48:51.229,12.04861,12.05151,0.00,0.00
2014.12.18 14:48:51.380,12.04801,12.05111,0.00,0.00
2014.12.18 14:48:52.631,12.04801,12.05119,0.00,0.00
2014.12.18 14:48:52.681,12.0481,12.05119,0.00,0.00
2014.12.18 14:48:53.002,12.04851,12.05159,0.00,0.00
2014.12.18 14:48:53.462,12.04862,12.05168,0.00,0.00
2014.12.18 14:48:54.797,12.04881,12.05185,0.00,0.00
2014.12.18 14:48:54.898,12.04862,12.05168,0.00,0.00
2014.12.18 14:48:55.190,12.04862,12.05151,0.00,0.00
2014.12.18 14:48:55.723,12.04862,12.05149,0.00,0.00
2014.12.18 14:48:55.774,12.04802,12.05108,0.00,0.00
2014.12.18 14:48:55.875,12.04802,12.05095,0.00,0.00
2014.12.18 14:48:57.228,12.04802,12.05108,0.00,0.00
2014.12.18 14:48:57.328,12.04832,12.05114,0.00,0.00
2014.12.18 14:48:57.429,12.04832,12.05145,0.00,0.00
2014.12.18 14:48:58.293,12.04841,12.05145,0.00,0.00
2014.12.18 14:48:58.731,12.04841,12.05149,0.00,0.00
2014.12.18 14:48:58.882,12.04862,12.05168,0.00,0.00
2014.12.18 14:48:59.341,12.04862,12.05151,0.00,0.00
2014.12.18 14:48:59.934,12.04862,12.05145,0.00,0.00
2014.12.18 14:48:59.984,12.04842,12.05145,0.00,0.00
2014.12.18 14:49:01.273,12.04802,12.05112,0.00,0.00
2014.12.18 14:49:02.841,12.04791,12.05094,0.00,0.00
2014.12.18 14:49:03.691,12.04802,12.05094,0.00,0.00
2014.12.18 14:49:06.576,12.04802,12.05044,0.00,0.00
2014.12.18 14:49:06.777,12.04609,12.04889,0.00,0.00
2014.12.18 14:49:06.850,12.04581,12.04889,0.00,0.00
2014.12.18 14:49:09.185,12.04561,12.04869,0.00,0.00
2014.12.18 14:49:09.487,12.04501,12.04809,0.00,0.00
2014.12.18 14:49:09.829,12.04541,12.0484,0.00,0.00
2014.12.18 14:49:10.435,12.04561,12.0484,0.00,0.00
2014.12.18 14:49:10.835,12.04532,12.04838,0.00,0.00
2014.12.18 14:49:11.143,12.04532,12.04801,0.00,0.00
2014.12.18 14:49:11.193,12.04502,12.0479,0.00,0.00
2014.12.18 14:49:11.603,12.04482,12.04788,0.00,0.00
2014.12.18 14:49:12.155,12.04471,12.04779,0.00,0.00
2014.12.18 14:49:12.570,12.04471,12.04752,0.00,0.00
2014.12.18 14:49:12.721,12.04391,12.04689,0.00,0.00
2014.12.18 14:49:13.224,12.04392,12.04689,0.00,0.00
2014.12.18 14:49:13.772,12.04392,12.04698,0.00,0.00
2014.12.18 14:49:13.822,12.04472,12.04707,0.00,0.00
2014.12.18 14:49:13.873,12.04472,12.04752,0.00,0.00
2014.12.18 14:49:13.974,12.04472,12.04778,0.00,0.00
2014.12.18 14:49:14.134,12.04482,12.04788,0.00,0.00
2014.12.18 14:49:14.501,12.04522,12.04802,0.00,0.00
2014.12.18 14:49:15.673,12.04479,12.04778,0.00,0.00
2014.12.18 14:49:15.827,12.04472,12.04778,0.00,0.00
2014.12.18 14:49:18.426,12.0443,12.04679,0.00,0.00
2014.12.18 14:49:18.477,12.04371,12.04679,0.00,0.00
2014.12.18 14:49:18.577,12.04308,12.04618,0.00,0.00
2014.12.18 14:49:18.628,12.04302,12.04618,0.00,0.00
2014.12.18 14:49:18.678,12.04341,12.04649,0.00,0.00
2014.12.18 14:49:19.210,12.04341,12.0464,0.00,0.00
2014.12.18 14:49:19.524,12.04332,12.04638,0.00,0.00
2014.12.18 14:49:19.886,12.04392,12.04698,0.00,0.00
2014.12.18 14:49:20.199,12.04461,12.04752,0.00,0.00
2014.12.18 14:49:21.790,12.04461,12.0474,0.00,0.00
2014.12.18 14:49:21.840,12.04422,12.04702,0.00,0.00
2014.12.18 14:49:21.890,12.04422,12.04695,0.00,0.00
2014.12.18 14:49:21.991,12.04381,12.04689,0.00,0.00
2014.12.18 14:49:22.142,12.04419,12.04689,0.00,0.00
2014.12.18 14:49:22.193,12.04461,12.04752,0.00,0.00
2014.12.18 14:49:22.692,12.04461,12.04745,0.00,0.00
2014.12.18 14:49:23.043,12.04431,12.04745,0.00,0.00
2014.12.18 14:49:23.618,12.04431,12.04749,0.00,0.00
2014.12.18 14:49:24.669,12.04431,12.04701,0.00,0.00
2014.12.18 14:49:27.601,12.04411,12.04701,0.00,0.00
2014.12.18 14:49:27.749,12.04411,12.04652,0.00,0.00
2014.12.18 14:49:27.900,12.04371,12.04652,0.00,0.00
2014.12.18 14:49:28.316,12.04371,12.04601,0.00,0.00
2014.12.18 14:49:28.367,12.04329,12.04601,0.00,0.00
2014.12.18 14:49:28.619,12.04311,12.04601,0.00,0.00
2014.12.18 14:49:28.875,12.04321,12.04601,0.00,0.00
2014.12.18 14:49:29.026,12.04281,12.04562,0.00,0.00
2014.12.18 14:49:29.182,12.04281,12.04589,0.00,0.00
2014.12.18 14:49:29.333,12.04321,12.04602,0.00,0.00
2014.12.18 14:49:30.082,12.04389,12.04639,0.00,0.00
2014.12.18 14:49:30.132,12.04389,12.04652,0.00,0.00
2014.12.18 14:49:30.233,12.04471,12.04652,0.00,0.00
2014.12.18 14:49:30.333,12.0427,12.04552,0.00,0.00
2014.12.18 14:49:30.384,12.0433,12.04552,0.00,0.00
2014.12.18 14:49:30.434,12.0433,12.04562,0.00,0.00
2014.12.18 14:49:30.485,12.04389,12.04562,0.00,0.00
2014.12.18 14:49:30.736,12.04431,12.04691,0.00,0.00
2014.12.18 14:49:30.787,12.04371,12.04679,0.00,0.00
2014.12.18 14:49:30.939,12.04371,12.04651,0.00,0.00
2014.12.18 14:49:32.839,12.04429,12.04679,0.00,0.00
2014.12.18 14:49:32.940,12.04472,12.04751,0.00,0.00
2014.12.18 14:49:35.376,12.04661,12.0482,0.00,0.00
2014.12.18 14:49:35.477,12.04661,12.04842,0.00,0.00
2014.12.18 14:49:35.578,12.04661,12.04952,0.00,0.00
2014.12.18 14:49:36.366,12.04671,12.04952,0.00,0.00
2014.12.18 14:49:37.617,12.04621,12.04841,0.00,0.00
2014.12.18 14:49:37.718,12.04621,12.04902,0.00,0.00
2014.12.18 14:49:37.769,12.04621,12.049,0.00,0.00
2014.12.18 14:49:38.132,12.04571,12.04842,0.00,0.00
2014.12.18 14:49:38.476,12.0449,12.04779,0.00,0.00
2014.12.18 14:49:38.582,12.04532,12.04651,0.00,0.00
2014.12.18 14:49:38.783,12.04371,12.04651,0.00,0.00
2014.12.18 14:49:39.803,12.0433,12.04451,0.00,0.00
2014.12.18 14:49:39.903,12.0433,12.04451,0.00,0.00
2014.12.18 14:49:39.954,12.04171,12.04451,0.00,0.00
2014.12.18 14:49:40.234,12.04161,12.04451,0.00,0.00
2014.12.18 14:49:40.335,12.04122,12.04448,0.00,0.00
2014.12.18 14:49:40.539,12.04122,12.04402,0.00,0.00
2014.12.18 14:49:41.090,12.04122,12.04448,0.00,0.00
2014.12.18 14:49:41.140,12.04171,12.04452,0.00,0.00
2014.12.18 14:49:45.648,12.04079,12.04199,0.00,0.00
2014.12.18 14:49:45.698,12.03969,12.04161,0.00,0.00
2014.12.18 14:49:45.749,12.03971,12.04161,0.00,0.00
2014.12.18 14:49:46.001,12.03972,12.04202,0.00,0.00
2014.12.18 14:49:46.101,12.03972,12.04252,0.00,0.00
2014.12.18 14:49:46.303,12.04062,12.04301,0.00,0.00
2014.12.18 14:49:46.403,12.04062,12.04351,0.00,0.00
2014.12.18 14:49:46.655,12.04062,12.04345,0.00,0.00
2014.12.18 14:49:46.705,12.04011,12.04301,0.00,0.00
2014.12.18 14:49:46.858,12.03971,12.04251,0.00,0.00
2014.12.18 14:49:47.264,12.04021,12.04302,0.00,0.00
2014.12.18 14:49:47.365,12.03971,12.04252,0.00,0.00
2014.12.18 14:49:48.475,12.04062,12.04351,0.00,0.00
2014.12.18 14:49:48.799,12.04111,12.04402,0.00,0.00
2014.12.18 14:49:48.899,12.0412,12.04429,0.00,0.00
2014.12.18 14:49:48.950,12.04161,12.04451,0.00,0.00
2014.12.18 14:49:49.454,12.04182,12.04451,0.00,0.00
2014.12.18 14:49:50.447,12.04162,12.04451,0.00,0.00
2014.12.18 14:49:51.881,12.04261,12.0451,0.00,0.00
2014.12.18 14:49:51.981,12.04261,12.04512,0.00,0.00
2014.12.18 14:49:52.423,12.04282,12.04512,0.00,0.00
2014.12.18 14:49:52.661,12.04362,12.04611,0.00,0.00
2014.12.18 14:49:52.762,12.04322,12.04611,0.00,0.00
2014.12.18 14:49:53.907,12.04321,12.04611,0.00,0.00
2014.12.18 14:49:54.288,12.04321,12.04446,0.00,0.00
2014.12.18 14:49:54.339,12.04119,12.04352,0.00,0.00
2014.12.18 14:49:54.440,12.04062,12.04352,0.00,0.00
2014.12.18 14:49:54.641,12.04071,12.04351,0.00,0.00
2014.12.18 14:49:56.269,12.04071,12.04379,0.00,0.00
2014.12.18 14:49:56.319,12.04121,12.04406,0.00,0.00
2014.12.18 14:49:56.370,12.04121,12.04411,0.00,0.00
2014.12.18 14:49:56.645,12.04161,12.04462,0.00,0.00
2014.12.18 14:49:57.307,12.04221,12.04505,0.00,0.00
2014.12.18 14:49:57.407,12.04221,12.04511,0.00,0.00
2014.12.18 14:49:58.692,12.04222,12.04511,0.00,0.00
2014.12.18 14:49:59.507,12.04221,12.04511,0.00,0.00
2014.12.18 14:49:59.687,12.04179,12.04469,0.00,0.00
2014.12.18 14:49:59.787,12.04161,12.04469,0.00,0.00
2014.12.18 14:49:59.838,12.04161,12.04461,0.00,0.00
2014.12.18 14:50:01.001,12.04161,12.04412,0.00,0.00
2014.12.18 14:50:01.102,12.03988,12.04279,0.00,0.00
2014.12.18 14:50:01.153,12.03971,12.04261,0.00,0.00
2014.12.18 14:50:04.993,12.03972,12.04261,0.00,0.00
2014.12.18 14:50:05.181,12.03972,12.04288,0.00,0.00
2014.12.18 14:50:05.340,12.04061,12.04311,0.00,0.00
2014.12.18 14:50:05.441,12.04061,12.04352,0.00,0.00
2014.12.18 14:50:06.419,12.0402,12.04162,0.00,0.00
2014.12.18 14:50:06.469,12.03945,12.04162,0.00,0.00
2014.12.18 14:50:06.520,12.03871,12.04162,0.00,0.00
2014.12.18 14:50:07.143,12.03872,12.04162,0.00,0.00
2014.12.18 14:50:07.432,12.03862,12.04162,0.00,0.00
2014.12.18 14:50:09.293,12.03785,12.04099,0.00,0.00
2014.12.18 14:50:09.344,12.03781,12.04099,0.00,0.00
2014.12.18 14:50:09.495,12.03781,12.04072,0.00,0.00
2014.12.18 14:50:10.007,12.03781,12.04071,0.00,0.00
2014.12.18 14:50:17.289,12.03781,12.0397,0.00,0.00
2014.12.18 14:50:17.440,12.03589,12.03869,0.00,0.00
2014.12.18 14:50:17.541,12.03572,12.03852,0.00,0.00
2014.12.18 14:50:17.641,12.03571,12.03899,0.00,0.00
2014.12.18 14:50:17.742,12.03572,12.03852,0.00,0.00
2014.12.18 14:50:18.085,12.03661,12.03911,0.00,0.00
2014.12.18 14:50:18.186,12.03661,12.03961,0.00,0.00
2014.12.18 14:50:18.287,12.03661,12.03912,0.00,0.00
2014.12.18 14:50:18.388,12.03619,12.03912,0.00,0.00
2014.12.18 14:50:18.489,12.03611,12.03912,0.00,0.00
2014.12.18 14:50:20.030,12.03571,12.03899,0.00,0.00
2014.12.18 14:50:20.190,12.03611,12.03912,0.00,0.00
2014.12.18 14:50:20.590,12.03662,12.03961,0.00,0.00
2014.12.18 14:50:22.816,12.03681,12.03961,0.00,0.00
2014.12.18 14:50:23.268,12.03782,12.03994,0.00,0.00
2014.12.18 14:50:23.319,12.03782,12.04011,0.00,0.00
2014.12.18 14:50:23.478,12.03782,12.04072,0.00,0.00
2014.12.18 14:50:24.030,12.03831,12.04112,0.00,0.00
2014.12.18 14:50:24.231,12.03861,12.04161,0.00,0.00
2014.12.18 14:50:24.429,12.03861,12.04111,0.00,0.00
2014.12.18 14:50:24.584,12.03831,12.04111,0.00,0.00
2014.12.18 14:50:25.210,12.03831,12.04112,0.00,0.00
2014.12.18 14:50:26.346,12.03831,12.04159,0.00,0.00
2014.12.18 14:50:26.446,12.03862,12.04162,0.00,0.00
2014.12.18 14:50:26.748,12.03862,12.04168,0.00,0.00
2014.12.18 14:50:26.799,12.03862,12.0407,0.00,0.00
2014.12.18 14:50:26.900,12.03544,12.03988,0.00,0.00
2014.12.18 14:50:27.000,12.03485,12.03927,0.00,0.00
2014.12.18 14:50:27.303,12.03465,12.03812,0.00,0.00
2014.12.18 14:50:27.404,12.03404,12.03761,0.00,0.00
2014.12.18 14:50:27.734,12.03501,12.03761,0.00,0.00
2014.12.18 14:50:27.962,12.03471,12.03761,0.00,0.00
2014.12.18 14:50:28.862,12.03472,12.03761,0.00,0.00
2014.12.18 14:50:29.610,12.03471,12.03761,0.00,0.00
2014.12.18 14:50:29.710,12.03471,12.03712,0.00,0.00
2014.12.18 14:50:29.761,12.03432,12.03712,0.00,0.00
2014.12.18 14:50:29.862,12.03379,12.03662,0.00,0.00
2014.12.18 14:50:29.963,12.03482,12.03762,0.00,0.00
2014.12.18 14:50:30.194,12.03471,12.03762,0.00,0.00
2014.12.18 14:50:30.601,12.03561,12.03811,0.00,0.00
2014.12.18 14:50:30.702,12.03561,12.03852,0.00,0.00
2014.12.18 14:50:30.853,12.03561,12.03812,0.00,0.00
2014.12.18 14:50:30.954,12.03562,12.03851,0.00,0.00
2014.12.18 14:50:32.609,12.03572,12.03851,0.00,0.00
2014.12.18 14:50:33.230,12.03572,12.03811,0.00,0.00
2014.12.18 14:50:33.281,12.03511,12.03811,0.00,0.00
2014.12.18 14:50:33.823,12.03471,12.03761,0.00,0.00
2014.12.18 14:50:34.590,12.03431,12.03712,0.00,0.00
2014.12.18 14:50:36.022,12.03389,12.03662,0.00,0.00
2014.12.18 14:50:36.123,12.03371,12.03662,0.00,0.00
2014.12.18 14:50:36.530,12.03371,12.03699,0.00,0.00
2014.12.18 14:50:36.631,12.03389,12.03699,0.00,0.00
2014.12.18 14:50:37.511,12.03432,12.03712,0.00,0.00
2014.12.18 14:50:37.714,12.03371,12.03661,0.00,0.00
2014.12.18 14:50:38.635,12.03362,12.03661,0.00,0.00
2014.12.18 14:50:39.064,12.03372,12.03661,0.00,0.00
2014.12.18 14:50:40.363,12.03372,12.0361,0.00,0.00
2014.12.18 14:50:40.414,12.0328,12.03569,0.00,0.00
2014.12.18 14:50:40.514,12.03281,12.03572,0.00,0.00
2014.12.18 14:50:40.709,12.03281,12.03589,0.00,0.00
2014.12.18 14:50:40.759,12.03382,12.03612,0.00,0.00
2014.12.18 14:50:40.860,12.03382,12.03661,0.00,0.00
2014.12.18 14:50:41.602,12.03471,12.03661,0.00,0.00
2014.12.18 14:50:41.753,12.03501,12.03712,0.00,0.00
2014.12.18 14:50:41.854,12.03531,12.03812,0.00,0.00
2014.12.18 14:50:42.732,12.03511,12.03812,0.00,0.00
2014.12.18 14:50:43.683,12.03521,12.03812,0.00,0.00
2014.12.18 14:50:43.944,12.03469,12.03808,0.00,0.00
2014.12.18 14:50:44.045,12.03451,12.03789,0.00,0.00
2014.12.18 14:50:44.346,12.03371,12.03662,0.00,0.00
2014.12.18 14:50:45.803,12.03361,12.03662,0.00,0.00
2014.12.18 14:50:46.224,12.03361,12.03611,0.00,0.00
2014.12.18 14:50:46.325,12.0332,12.03572,0.00,0.00
2014.12.18 14:50:46.429,12.03281,12.03599,0.00,0.00
2014.12.18 14:50:46.479,12.03321,12.03611,0.00,0.00
2014.12.18 14:50:47.339,12.03311,12.03611,0.00,0.00
2014.12.18 14:50:47.848,12.03312,12.03611,0.00,0.00
2014.12.18 14:50:48.002,12.03282,12.03572,0.00,0.00
2014.12.18 14:50:48.309,12.03279,12.03569,0.00,0.00
2014.12.18 14:50:48.639,12.03279,12.03512,0.00,0.00
2014.12.18 14:50:48.740,12.03261,12.03512,0.00,0.00
2014.12.18 14:50:48.891,12.03232,12.03512,0.00,0.00
2014.12.18 14:50:48.963,12.03221,12.03512,0.00,0.00
2014.12.18 14:50:50.501,12.03221,12.03462,0.00,0.00
2014.12.18 14:50:50.610,12.03221,12.03512,0.00,0.00
2014.12.18 14:50:51.169,12.03181,12.03462,0.00,0.00
2014.12.18 14:50:51.750,12.03222,12.03511,0.00,0.00
2014.12.18 14:50:51.952,12.03222,12.03538,0.00,0.00
2014.12.18 14:50:52.002,12.03239,12.03538,0.00,0.00
2014.12.18 14:50:52.333,12.03312,12.03611,0.00,0.00
2014.12.18 14:50:52.590,12.03312,12.03628,0.00,0.00
2014.12.18 14:50:52.703,12.03361,12.03662,0.00,0.00
2014.12.18 14:50:52.919,12.03361,12.03669,0.00,0.00
2014.12.18 14:50:53.070,12.03421,12.03711,0.00,0.00
2014.12.18 14:50:55.999,12.03421,12.03661,0.00,0.00
2014.12.18 14:50:56.150,12.03371,12.03661,0.00,0.00
2014.12.18 14:50:57.798,12.03372,12.03661,0.00,0.00
2014.12.18 14:50:58.871,12.03371,12.03661,0.00,0.00
2014.12.18 14:50:59.364,12.03372,12.03661,0.00,0.00
2014.12.18 14:50:59.970,12.03372,12.03661,0.00,0.00
2014.12.18 14:51:00.651,12.03371,12.03661,0.00,0.00
2014.12.18 14:51:00.843,12.03362,12.03661,0.00,0.00
2014.12.18 14:51:01.529,12.03472,12.03702,0.00,0.00
2014.12.18 14:51:01.580,12.03472,12.03702,0.00,0.00
2014.12.18 14:51:01.722,12.03472,12.03778,0.00,0.00
2014.12.18 14:51:01.773,12.03562,12.03802,0.00,0.00
2014.12.18 14:51:01.873,12.03562,12.03852,0.00,0.00
2014.12.18 14:51:02.533,12.03662,12.03902,0.00,0.00
2014.12.18 14:51:02.836,12.0363,12.03851,0.00,0.00
2014.12.18 14:51:03.087,12.03571,12.03812,0.00,0.00
2014.12.18 14:51:03.188,12.03571,12.03851,0.00,0.00
2014.12.18 14:51:04.143,12.03561,12.03851,0.00,0.00
2014.12.18 14:51:04.740,12.03561,12.03811,0.00,0.00
2014.12.18 14:51:04.841,12.03471,12.03761,0.00,0.00
2014.12.18 14:51:08.222,12.03471,12.03779,0.00,0.00
2014.12.18 14:51:08.273,12.03521,12.03811,0.00,0.00
2014.12.18 14:51:08.584,12.03531,12.03839,0.00,0.00
2014.12.18 14:51:08.685,12.03571,12.03852,0.00,0.00
2014.12.18 14:51:08.786,12.03532,12.03838,0.00,0.00
2014.12.18 14:51:08.887,12.03532,12.03801,0.00,0.00
2014.12.18 14:51:09.006,12.03532,12.03838,0.00,0.00
2014.12.18 14:51:09.107,12.03571,12.03852,0.00,0.00
2014.12.18 14:51:11.227,12.03432,12.03689,0.00,0.00
2014.12.18 14:51:11.277,12.0339,12.03689,0.00,0.00
2014.12.18 14:51:12.601,12.03431,12.03702,0.00,0.00
2014.12.18 14:51:12.752,12.03382,12.03662,0.00,0.00
2014.12.18 14:51:13.003,12.03371,12.03662,0.00,0.00
2014.12.18 14:51:13.601,12.03371,12.03612,0.00,0.00
2014.12.18 14:51:13.752,12.03281,12.03561,0.00,0.00
2014.12.18 14:51:16.350,12.03281,12.03589,0.00,0.00
2014.12.18 14:51:16.400,12.03321,12.03611,0.00,0.00
2014.12.18 14:51:19.110,12.03321,12.03561,0.00,0.00
2014.12.18 14:51:19.160,12.03281,12.03561,0.00,0.00
2014.12.18 14:51:19.266,12.03281,12.03538,0.00,0.00
2014.12.18 14:51:19.483,12.03172,12.03451,0.00,0.00
2014.12.18 14:51:20.088,12.03172,12.03478,0.00,0.00
2014.12.18 14:51:20.226,12.03221,12.03511,0.00,0.00
2014.12.18 14:51:20.578,12.03181,12.03489,0.00,0.00
2014.12.18 14:51:20.679,12.03181,12.03451,0.00,0.00
2014.12.18 14:51:21.202,12.03171,12.03451,0.00,0.00
2014.12.18 14:51:21.631,12.03171,12.03352,0.00,0.00
2014.12.18 14:51:21.782,12.03035,12.03279,0.00,0.00
2014.12.18 14:51:21.833,12.0308,12.03279,0.00,0.00
2014.12.18 14:51:21.884,12.0308,12.03352,0.00,0.00
2014.12.18 14:51:21.984,12.03121,12.03352,0.00,0.00
2014.12.18 14:51:22.085,12.03072,12.03352,0.00,0.00
2014.12.18 14:51:22.186,12.03072,12.03302,0.00,0.00
2014.12.18 14:51:22.338,12.02972,12.03252,0.00,0.00
2014.12.18 14:51:23.788,12.03029,12.03252,0.00,0.00
2014.12.18 14:51:23.838,12.03029,12.03278,0.00,0.00
2014.12.18 14:51:23.889,12.03121,12.03402,0.00,0.00
2014.12.18 14:51:24.854,12.03071,12.03351,0.00,0.00
2014.12.18 14:51:25.241,12.03052,12.03302,0.00,0.00
2014.12.18 14:51:25.291,12.03021,12.03302,0.00,0.00
2014.12.18 14:51:27.569,12.03021,12.03251,0.00,0.00
2014.12.18 14:51:27.720,12.02961,12.03251,0.00,0.00
2014.12.18 14:51:27.821,12.02972,12.03251,0.00,0.00
2014.12.18 14:51:28.229,12.02972,12.03278,0.00,0.00
2014.12.18 14:51:28.280,12.03051,12.03301,0.00,0.00
2014.12.18 14:51:28.381,12.03082,12.03351,0.00,0.00
2014.12.18 14:51:28.582,12.03111,12.03402,0.00,0.00
2014.12.18 14:51:30.994,12.03112,12.03402,0.00,0.00
2014.12.18 14:51:31.764,12.03111,12.03402,0.00,0.00
2014.12.18 14:51:32.211,12.03171,12.03451,0.00,0.00
2014.12.18 14:51:33.193,12.03182,12.03451,0.00,0.00
2014.12.18 14:51:33.653,12.03171,12.03451,0.00,0.00
2014.12.18 14:51:34.388,12.03171,12.03402,0.00,0.00
2014.12.18 14:51:34.539,12.03129,12.03402,0.00,0.00
2014.12.18 14:51:34.590,12.03112,12.03402,0.00,0.00
2014.12.18 14:51:36.615,12.03171,12.03452,0.00,0.00
2014.12.18 14:51:36.716,12.03221,12.03512,0.00,0.00
2014.12.18 14:51:36.968,12.03182,12.03488,0.00,0.00
2014.12.18 14:51:37.069,12.03221,12.03452,0.00,0.00
2014.12.18 14:51:37.389,12.03182,12.03452,0.00,0.00
2014.12.18 14:51:38.033,12.03172,12.03452,0.00,0.00
2014.12.18 14:51:38.271,12.03111,12.03401,0.00,0.00
2014.12.18 14:51:38.472,12.03181,12.03402,0.00,0.00
2014.12.18 14:51:38.573,12.03181,12.03484,0.00,0.00
2014.12.18 14:51:38.624,12.03181,12.03489,0.00,0.00
2014.12.18 14:51:38.724,12.03181,12.03451,0.00,0.00
2014.12.18 14:51:39.482,12.03262,12.03524,0.00,0.00
2014.12.18 14:51:39.533,12.03262,12.03531,0.00,0.00
2014.12.18 14:51:39.633,12.03262,12.03561,0.00,0.00
2014.12.18 14:51:40.562,12.03261,12.03561,0.00,0.00
2014.12.18 14:51:41.150,12.03282,12.03561,0.00,0.00
2014.12.18 14:51:43.900,12.03261,12.03561,0.00,0.00
2014.12.18 14:51:44.728,12.03261,12.03512,0.00,0.00
2014.12.18 14:51:44.779,12.03222,12.03512,0.00,0.00
2014.12.18 14:51:45.385,12.03221,12.03512,0.00,0.00
2014.12.18 14:51:46.095,12.03182,12.03452,0.00,0.00
2014.12.18 14:51:46.400,12.03201,12.03512,0.00,0.00
2014.12.18 14:51:47.077,12.03211,12.03512,0.00,0.00
2014.12.18 14:51:47.383,12.03221,12.03512,0.00,0.00
2014.12.18 14:51:47.709,12.03221,12.03529,0.00,0.00
2014.12.18 14:51:47.759,12.03261,12.03561,0.00,0.00
2014.12.18 14:51:48.609,12.03281,12.03589,0.00,0.00
2014.12.18 14:51:48.710,12.03321,12.03612,0.00,0.00
2014.12.18 14:51:51.893,12.03312,12.03612,0.00,0.00
2014.12.18 14:51:51.994,12.03312,12.03562,0.00,0.00
2014.12.18 14:51:52.044,12.03282,12.03562,0.00,0.00
2014.12.18 14:51:54.629,12.03282,12.03588,0.00,0.00
2014.12.18 14:51:54.780,12.03321,12.03612,0.00,0.00
2014.12.18 14:51:57.293,12.03352,12.03638,0.00,0.00
2014.12.18 14:51:57.343,12.03352,12.03662,0.00,0.00
2014.12.18 14:51:57.393,12.03361,12.03662,0.00,0.00
2014.12.18 14:51:59.592,12.03372,12.03662,0.00,0.00
2014.12.18 14:52:01.788,12.03372,12.03678,0.00,0.00
2014.12.18 14:52:01.838,12.03431,12.03701,0.00,0.00
2014.12.18 14:52:01.939,12.03382,12.03661,0.00,0.00
2014.12.18 14:52:02.218,12.03382,12.03688,0.00,0.00
2014.12.18 14:52:02.269,12.03412,12.03701,0.00,0.00
2014.12.18 14:52:02.548,12.03431,12.03739,0.00,0.00
2014.12.18 14:52:02.598,12.03451,12.03752,0.00,0.00
2014.12.18 14:52:03.378,12.03471,12.03752,0.00,0.00
2014.12.18 14:52:03.684,12.03531,12.03802,0.00,0.00
2014.12.18 14:52:04.862,12.03531,12.03751,0.00,0.00
2014.12.18 14:52:04.912,12.03471,12.03751,0.00,0.00
2014.12.18 14:52:04.963,12.03471,12.03748,0.00,0.00
2014.12.18 14:52:05.064,12.03361,12.03661,0.00,0.00
2014.12.18 14:52:05.188,12.03361,12.03611,0.00,0.00
2014.12.18 14:52:05.238,12.03311,12.03611,0.00,0.00
2014.12.18 14:52:05.957,12.03311,12.03561,0.00,0.00
2014.12.18 14:52:06.109,12.03281,12.03561,0.00,0.00
2014.12.18 14:52:06.842,12.03281,12.03512,0.00,0.00
2014.12.18 14:52:06.893,12.0324,12.03512,0.00,0.00
2014.12.18 14:52:06.944,12.03222,12.03512,0.00,0.00
2014.12.18 14:52:07.277,12.03222,12.03528,0.00,0.00
2014.12.18 14:52:07.429,12.03281,12.03562,0.00,0.00
2014.12.18 14:52:07.739,12.03311,12.03562,0.00,0.00
2014.12.18 14:52:07.840,12.03311,12.03612,0.00,0.00
2014.12.18 14:52:08.392,12.03312,12.03612,0.00,0.00
2014.12.18 14:52:08.833,12.03322,12.03612,0.00,0.00
2014.12.18 14:52:11.173,12.03311,12.03612,0.00,0.00
2014.12.18 14:52:11.616,12.03281,12.03561,0.00,0.00
2014.12.18 14:52:11.716,12.03221,12.03511,0.00,0.00
2014.12.18 14:52:19.833,12.03179,12.03452,0.00,0.00
2014.12.18 14:52:19.934,12.03171,12.03452,0.00,0.00
2014.12.18 14:52:20.942,12.03182,12.03452,0.00,0.00
2014.12.18 14:52:21.043,12.03182,12.03488,0.00,0.00
2014.12.18 14:52:21.194,12.03222,12.03512,0.00,0.00
2014.12.18 14:52:21.543,12.03282,12.03562,0.00,0.00
2014.12.18 14:52:23.902,12.03272,12.03562,0.00,0.00
2014.12.18 14:52:25.370,12.03281,12.03562,0.00,0.00
2014.12.18 14:52:27.528,12.03281,12.03512,0.00,0.00
2014.12.18 14:52:27.579,12.03222,12.03512,0.00,0.00
2014.12.18 14:52:33.568,12.03222,12.03528,0.00,0.00
2014.12.18 14:52:33.618,12.03261,12.03561,0.00,0.00
2014.12.18 14:52:34.310,12.03282,12.03561,0.00,0.00
2014.12.18 14:52:34.360,12.03261,12.03561,0.00,0.00
2014.12.18 14:52:34.792,12.03281,12.03561,0.00,0.00
2014.12.18 14:52:35.892,12.03372,12.03561,0.00,0.00
2014.12.18 14:52:35.993,12.03372,12.03611,0.00,0.00
2014.12.18 14:52:36.244,12.03372,12.03661,0.00,0.00
2014.12.18 14:52:37.757,12.03372,12.03678,0.00,0.00
2014.12.18 14:52:37.865,12.0339,12.03678,0.00,0.00
2014.12.18 14:52:37.916,12.0339,12.03689,0.00,0.00
2014.12.18 14:52:38.202,12.03432,12.03702,0.00,0.00
2014.12.18 14:52:42.842,12.03371,12.03652,0.00,0.00
2014.12.18 14:52:45.241,12.03371,12.03679,0.00,0.00
2014.12.18 14:52:45.291,12.03431,12.03702,0.00,0.00
2014.12.18 14:52:47.142,12.03371,12.03652,0.00,0.00
2014.12.18 14:52:47.781,12.03362,12.03652,0.00,0.00
2014.12.18 14:52:47.882,12.03362,12.03602,0.00,0.00
2014.12.18 14:52:47.932,12.03321,12.03602,0.00,0.00
2014.12.18 14:52:48.102,12.03321,12.03562,0.00,0.00
2014.12.18 14:52:48.152,12.03281,12.03562,0.00,0.00
2014.12.18 14:52:48.351,12.03451,12.03631,0.00,0.00
2014.12.18 14:52:48.401,12.03451,12.0366,0.00,0.00
2014.12.18 14:52:48.452,12.03432,12.03717,0.00,0.00
2014.12.18 14:52:48.553,12.03432,12.03702,0.00,0.00
2014.12.18 14:52:49.566,12.03389,12.03679,0.00,0.00
2014.12.18 14:52:49.617,12.03371,12.03679,0.00,0.00
2014.12.18 14:52:49.667,12.03371,12.03651,0.00,0.00
2014.12.18 14:52:50.467,12.03351,12.03651,0.00,0.00
2014.12.18 14:52:50.517,12.03351,12.03602,0.00,0.00
2014.12.18 14:52:50.568,12.03321,12.03602,0.00,0.00
2014.12.18 14:52:51.057,12.03321,12.03562,0.00,0.00
2014.12.18 14:52:51.107,12.03281,12.03562,0.00,0.00
2014.12.18 14:52:54.579,12.03281,12.03561,0.00,0.00
2014.12.18 14:52:54.921,12.03281,12.03589,0.00,0.00
2014.12.18 14:52:54.972,12.03321,12.03601,0.00,0.00
2014.12.18 14:52:55.592,12.03311,12.03601,0.00,0.00
2014.12.18 14:52:57.249,12.03281,12.03561,0.00,0.00
2014.12.18 14:52:57.902,12.03239,12.03528,0.00,0.00
2014.12.18 14:52:58.003,12.03222,12.03501,0.00,0.00
2014.12.18 14:52:58.634,12.03221,12.03451,0.00,0.00
2014.12.18 14:52:59.360,12.03222,12.03451,0.00,0.00
2014.12.18 14:53:02.631,12.03221,12.03451,0.00,0.00
2014.12.18 14:53:03.777,12.03181,12.03451,0.00,0.00
2014.12.18 14:53:04.807,12.03181,12.03489,0.00,0.00
2014.12.18 14:53:04.857,12.03222,12.03502,0.00,0.00
2014.12.18 14:53:05.138,12.03222,12.03528,0.00,0.00
2014.12.18 14:53:05.301,12.03281,12.03562,0.00,0.00
2014.12.18 14:53:06.608,12.03261,12.03562,0.00,0.00
2014.12.18 14:53:07.612,12.03281,12.03562,0.00,0.00
2014.12.18 14:53:11.247,12.03271,12.03562,0.00,0.00
2014.12.18 14:53:17.371,12.03251,12.03562,0.00,0.00
2014.12.18 14:53:19.258,12.03241,12.03562,0.00,0.00
2014.12.18 14:53:22.781,12.03272,12.03562,0.00,0.00
2014.12.18 14:53:25.290,12.03272,12.03588,0.00,0.00
2014.12.18 14:53:25.341,12.03309,12.03588,0.00,0.00
2014.12.18 14:53:25.441,12.03371,12.03651,0.00,0.00
2014.12.18 14:53:30.142,12.03381,12.03651,0.00,0.00
2014.12.18 14:53:30.546,12.03381,12.03689,0.00,0.00
2014.12.18 14:53:30.597,12.03412,12.03701,0.00,0.00
2014.12.18 14:53:30.876,12.03412,12.03738,0.00,0.00
2014.12.18 14:53:30.976,12.03429,12.03738,0.00,0.00
2014.12.18 14:53:31.374,12.03472,12.03752,0.00,0.00
2014.12.18 14:53:32.043,12.03482,12.03752,0.00,0.00
2014.12.18 14:53:32.094,12.03482,12.03788,0.00,0.00
2014.12.18 14:53:32.195,12.03471,12.03779,0.00,0.00
2014.12.18 14:53:32.245,12.03471,12.03751,0.00,0.00
2014.12.18 14:53:32.991,12.03472,12.03751,0.00,0.00
2014.12.18 14:53:34.604,12.03472,12.03699,0.00,0.00
2014.12.18 14:53:34.655,12.03381,12.03679,0.00,0.00
2014.12.18 14:53:34.756,12.03351,12.03652,0.00,0.00
2014.12.18 14:53:35.057,12.03351,12.03601,0.00,0.00
2014.12.18 14:53:35.108,12.03311,12.03601,0.00,0.00
2014.12.18 14:53:36.182,12.03301,12.03601,0.00,0.00
2014.12.18 14:53:37.942,12.03312,12.03601,0.00,0.00
2014.12.18 14:53:38.931,12.03312,12.03561,0.00,0.00
2014.12.18 14:53:38.982,12.03281,12.03561,0.00,0.00
2014.12.18 14:53:39.255,12.03282,12.03588,0.00,0.00
2014.12.18 14:53:39.306,12.03371,12.03602,0.00,0.00
2014.12.18 14:53:39.356,12.03371,12.03652,0.00,0.00
2014.12.18 14:53:39.407,12.03412,12.03652,0.00,0.00
2014.12.18 14:53:39.508,12.03412,12.03702,0.00,0.00
2014.12.18 14:53:40.301,12.03421,12.03702,0.00,0.00
2014.12.18 14:53:40.474,12.03411,12.03702,0.00,0.00
2014.12.18 14:53:42.600,12.03421,12.03702,0.00,0.00
2014.12.18 14:53:43.001,12.03431,12.03702,0.00,0.00
2014.12.18 14:53:43.580,12.03422,12.03702,0.00,0.00
2014.12.18 14:53:44.296,12.03422,12.03652,0.00,0.00
2014.12.18 14:53:44.346,12.03379,12.03652,0.00,0.00
2014.12.18 14:53:44.466,12.03371,12.03652,0.00,0.00
2014.12.18 14:53:45.299,12.03371,12.03602,0.00,0.00
2014.12.18 14:53:45.349,12.03281,12.03589,0.00,0.00
2014.12.18 14:53:47.730,12.03271,12.03589,0.00,0.00
2014.12.18 14:53:49.724,12.03281,12.03589,0.00,0.00
2014.12.18 14:53:50.461,12.03281,12.0351,0.00,0.00
2014.12.18 14:53:50.511,12.03198,12.03469,0.00,0.00
2014.12.18 14:53:50.612,12.03161,12.03469,0.00,0.00
2014.12.18 14:53:51.516,12.03162,12.03478,0.00,0.00
2014.12.18 14:53:51.785,12.03199,12.03478,0.00,0.00
2014.12.18 14:53:51.836,12.03242,12.03562,0.00,0.00
2014.12.18 14:53:52.037,12.03272,12.03562,0.00,0.00
2014.12.18 14:53:52.791,12.03281,12.03562,0.00,0.00
2014.12.18 14:53:53.821,12.03282,12.03562,0.00,0.00
2014.12.18 14:53:54.557,12.03282,12.03593,0.00,0.00
2014.12.18 14:53:54.657,12.03282,12.03602,0.00,0.00
2014.12.18 14:53:55.540,12.03281,12.03602,0.00,0.00
2014.12.18 14:53:57.204,12.03352,12.03652,0.00,0.00
2014.12.18 14:53:57.605,12.03352,12.03602,0.00,0.00
2014.12.18 14:53:57.756,12.03281,12.03602,0.00,0.00
2014.12.18 14:53:58.640,12.03292,12.03602,0.00,0.00
2014.12.18 14:54:00.356,12.03292,12.03618,0.00,0.00
2014.12.18 14:54:00.406,12.03371,12.03643,0.00,0.00
2014.12.18 14:54:00.457,12.03371,12.03651,0.00,0.00
2014.12.18 14:54:00.620,12.03371,12.03679,0.00,0.00
2014.12.18 14:54:00.821,12.03372,12.03651,0.00,0.00
2014.12.18 14:54:00.922,12.03372,12.03678,0.00,0.00
2014.12.18 14:54:00.972,12.03401,12.03702,0.00,0.00
2014.12.18 14:54:01.497,12.03471,12.03752,0.00,0.00
2014.12.18 14:54:02.048,12.03472,12.03752,0.00,0.00
2014.12.18 14:54:03.021,12.03429,12.03738,0.00,0.00
2014.12.18 14:54:03.072,12.03422,12.03738,0.00,0.00
2014.12.18 14:54:03.122,12.03422,12.03702,0.00,0.00
2014.12.18 14:54:03.173,12.03391,12.03699,0.00,0.00
2014.12.18 14:54:03.765,12.03391,12.03651,0.00,0.00
2014.12.18 14:54:03.816,12.03372,12.03651,0.00,0.00
2014.12.18 14:54:04.560,12.03329,12.03619,0.00,0.00
2014.12.18 14:54:04.611,12.03321,12.03619,0.00,0.00
2014.12.18 14:54:04.826,12.03331,12.03629,0.00,0.00
2014.12.18 14:54:05.756,12.03331,12.03601,0.00,0.00
2014.12.18 14:54:05.807,12.03289,12.03588,0.00,0.00
2014.12.18 14:54:05.991,12.03292,12.03598,0.00,0.00
2014.12.18 14:54:06.762,12.03372,12.03601,0.00,0.00
2014.12.18 14:54:06.862,12.03372,12.03652,0.00,0.00
2014.12.18 14:54:06.913,12.03331,12.03629,0.00,0.00
2014.12.18 14:54:07.467,12.03362,12.03668,0.00,0.00
2014.12.18 14:54:08.495,12.03362,12.03651,0.00,0.00
2014.12.18 14:54:08.809,12.03371,12.03651,0.00,0.00
2014.12.18 14:54:09.485,12.03371,12.03689,0.00,0.00
2014.12.18 14:54:09.535,12.03361,12.03669,0.00,0.00
2014.12.18 14:54:09.925,12.03361,12.03651,0.00,0.00
2014.12.18 14:54:10.078,12.03332,12.03628,0.00,0.00
2014.12.18 14:54:10.365,12.03332,12.03601,0.00,0.00
2014.12.18 14:54:10.516,12.03289,12.03601,0.00,0.00
2014.12.18 14:54:10.567,12.03281,12.03601,0.00,0.00
2014.12.18 14:54:12.235,12.03281,12.03561,0.00,0.00
2014.12.18 14:54:12.415,12.03271,12.03561,0.00,0.00
2014.12.18 14:54:12.728,12.03241,12.03561,0.00,0.00
2014.12.18 14:54:20.705,12.03241,12.03502,0.00,0.00
2014.12.18 14:54:20.756,12.03182,12.03502,0.00,0.00
2014.12.18 14:54:24.225,12.03182,12.03452,0.00,0.00
2014.12.18 14:54:24.376,12.03161,12.03452,0.00,0.00
2014.12.18 14:54:25.222,12.03241,12.03562,0.00,0.00
2014.12.18 14:54:25.900,12.03272,12.03562,0.00,0.00
2014.12.18 14:54:26.121,12.03241,12.03562,0.00,0.00
2014.12.18 14:54:26.781,12.03271,12.03562,0.00,0.00
2014.12.18 14:54:29.965,12.03321,12.03562,0.00,0.00
2014.12.18 14:54:30.167,12.03441,12.03752,0.00,0.00
2014.12.18 14:54:30.677,12.03441,12.03751,0.00,0.00
2014.12.18 14:54:31.420,12.03442,12.03751,0.00,0.00
2014.12.18 14:54:34.737,12.03452,12.03751,0.00,0.00
2014.12.18 14:54:35.254,12.03481,12.03751,0.00,0.00
2014.12.18 14:54:35.355,12.03481,12.03802,0.00,0.00
2014.12.18 14:54:35.405,12.03492,12.03802,0.00,0.00
2014.12.18 14:54:35.791,12.0352,12.03838,0.00,0.00
2014.12.18 14:54:35.842,12.03562,12.03842,0.00,0.00
2014.12.18 14:54:36.239,12.03562,12.03801,0.00,0.00
2014.12.18 14:54:36.290,12.0352,12.03801,0.00,0.00
2014.12.18 14:54:36.390,12.03491,12.03801,0.00,0.00
2014.12.18 14:54:36.592,12.03562,12.03842,0.00,0.00
2014.12.18 14:54:37.219,12.03562,12.03888,0.00,0.00
2014.12.18 14:54:37.320,12.03562,12.03752,0.00,0.00
2014.12.18 14:54:37.421,12.03372,12.03679,0.00,0.00
2014.12.18 14:54:37.471,12.03441,12.03721,0.00,0.00
2014.12.18 14:54:37.527,12.03441,12.03751,0.00,0.00
2014.12.18 14:54:37.578,12.03399,12.03739,0.00,0.00
2014.12.18 14:54:37.678,12.03391,12.03702,0.00,0.00
2014.12.18 14:54:37.988,12.03371,12.03651,0.00,0.00
2014.12.18 14:54:38.346,12.03351,12.03651,0.00,0.00
2014.12.18 14:54:39.575,12.03372,12.03651,0.00,0.00
2014.12.18 14:54:39.827,12.03441,12.03752,0.00,0.00
2014.12.18 14:54:40.456,12.03441,12.03702,0.00,0.00
2014.12.18 14:54:40.557,12.03391,12.03702,0.00,0.00
2014.12.18 14:54:41.675,12.03391,12.03739,0.00,0.00
2014.12.18 14:54:41.776,12.03451,12.03751,0.00,0.00
2014.12.18 14:54:42.776,12.03409,12.03688,0.00,0.00
2014.12.18 14:54:42.826,12.03372,12.03688,0.00,0.00
2014.12.18 14:54:42.877,12.03372,12.03652,0.00,0.00
2014.12.18 14:54:43.526,12.03372,12.03651,0.00,0.00
2014.12.18 14:54:43.661,12.03381,12.03702,0.00,0.00
2014.12.18 14:54:43.761,12.03392,12.03702,0.00,0.00
2014.12.18 14:54:45.841,12.03441,12.03751,0.00,0.00
2014.12.18 14:54:46.795,12.03452,12.03751,0.00,0.00
2014.12.18 14:54:47.589,12.0341,12.03738,0.00,0.00
2014.12.18 14:54:47.690,12.03392,12.03738,0.00,0.00
2014.12.18 14:54:47.740,12.03392,12.03701,0.00,0.00
2014.12.18 14:54:49.001,12.03381,12.03701,0.00,0.00
2014.12.18 14:54:49.822,12.03381,12.03652,0.00,0.00
2014.12.18 14:54:49.922,12.03371,12.03652,0.00,0.00
2014.12.18 14:54:50.761,12.03372,12.03652,0.00,0.00
2014.12.18 14:54:50.871,12.03352,12.03652,0.00,0.00
2014.12.18 14:54:51.892,12.03309,12.03562,0.00,0.00
2014.12.18 14:54:51.943,12.03272,12.03562,0.00,0.00
2014.12.18 14:54:55.966,12.03242,12.03562,0.00,0.00
2014.12.18 14:54:56.067,12.03272,12.03562,0.00,0.00
2014.12.18 14:54:57.516,12.03272,12.03502,0.00,0.00
2014.12.18 14:54:57.718,12.03191,12.03502,0.00,0.00
2014.12.18 14:54:57.975,12.03191,12.03451,0.00,0.00
2014.12.18 14:54:58.026,12.03162,12.03451,0.00,0.00
2014.12.18 14:54:59.075,12.03162,12.03468,0.00,0.00
2014.12.18 14:54:59.176,12.03191,12.03502,0.00,0.00
2014.12.18 14:55:00.903,12.03162,12.03478,0.00,0.00
2014.12.18 14:55:00.953,12.03162,12.03452,0.00,0.00
2014.12.18 14:55:01.372,12.03161,12.03402,0.00,0.00
2014.12.18 14:55:01.573,12.03092,12.03341,0.00,0.00
2014.12.18 14:55:01.724,12.03092,12.03402,0.00,0.00
2014.12.18 14:55:02.660,12.03061,12.03389,0.00,0.00
2014.12.18 14:55:02.710,12.03061,12.03342,0.00,0.00
2014.12.18 14:55:02.811,12.03061,12.03389,0.00,0.00
2014.12.18 14:55:02.912,12.03061,12.03341,0.00,0.00
2014.12.18 14:55:04.973,12.03062,12.03341,0.00,0.00
2014.12.18 14:55:05.074,12.03019,12.03339,0.00,0.00
2014.12.18 14:55:06.668,12.02951,12.03202,0.00,0.00
2014.12.18 14:55:06.718,12.02891,12.03202,0.00,0.00
2014.12.18 14:55:06.926,12.02897,12.03202,0.00,0.00
2014.12.18 14:55:07.128,12.02881,12.03201,0.00,0.00
2014.12.18 14:55:07.383,12.02891,12.03201,0.00,0.00
2014.12.18 14:55:08.261,12.02881,12.03201,0.00,0.00
2014.12.18 14:55:08.412,12.0291,12.03239,0.00,0.00
2014.12.18 14:55:08.474,12.02952,12.03251,0.00,0.00
2014.12.18 14:55:09.202,12.02952,12.03278,0.00,0.00
2014.12.18 14:55:09.253,12.02981,12.03302,0.00,0.00
2014.12.18 14:55:10.258,12.02981,12.03251,0.00,0.00
2014.12.18 14:55:10.358,12.02952,12.03251,0.00,0.00
2014.12.18 14:55:10.725,12.02952,12.03288,0.00,0.00
2014.12.18 14:55:10.826,12.02981,12.03301,0.00,0.00
2014.12.18 14:55:13.647,12.03041,12.03301,0.00,0.00
2014.12.18 14:55:13.697,12.03041,12.0333,0.00,0.00
2014.12.18 14:55:13.798,12.02952,12.03288,0.00,0.00
2014.12.18 14:55:13.899,12.02952,12.03251,0.00,0.00
2014.12.18 14:55:14.645,12.02952,12.03219,0.00,0.00
2014.12.18 14:55:14.746,12.02771,12.03062,0.00,0.00
2014.12.18 14:55:16.768,12.02792,12.03101,0.00,0.00
2014.12.18 14:55:16.970,12.0283,12.03102,0.00,0.00
2014.12.18 14:55:17.226,12.02882,12.03202,0.00,0.00
2014.12.18 14:55:17.426,12.02892,12.03238,0.00,0.00
2014.12.18 14:55:17.577,12.02909,12.03238,0.00,0.00
2014.12.18 14:55:17.916,12.02951,12.03252,0.00,0.00
2014.12.18 14:55:19.609,12.02941,12.03252,0.00,0.00
2014.12.18 14:55:20.926,12.02991,12.03252,0.00,0.00
2014.12.18 14:55:21.077,12.02991,12.03301,0.00,0.00
2014.12.18 14:55:21.278,12.02981,12.03301,0.00,0.00
2014.12.18 14:55:25.033,12.02981,12.03252,0.00,0.00
2014.12.18 14:55:25.083,12.02951,12.03252,0.00,0.00
2014.12.18 14:55:25.533,12.02942,12.03252,0.00,0.00
2014.12.18 14:55:26.253,12.02951,12.03252,0.00,0.00
2014.12.18 14:55:26.403,12.02941,12.03252,0.00,0.00
2014.12.18 14:55:26.557,12.02941,12.03202,0.00,0.00
2014.12.18 14:55:26.658,12.02899,12.03202,0.00,0.00
2014.12.18 14:55:28.449,12.02851,12.03102,0.00,0.00
2014.12.18 14:55:28.650,12.02772,12.03061,0.00,0.00
2014.12.18 14:55:28.751,12.02782,12.03101,0.00,0.00
2014.12.18 14:55:28.801,12.02799,12.03101,0.00,0.00
2014.12.18 14:55:28.852,12.02842,12.03148,0.00,0.00
2014.12.18 14:55:29.616,12.02842,12.03101,0.00,0.00
2014.12.18 14:55:29.717,12.028,12.03101,0.00,0.00
2014.12.18 14:55:29.817,12.02781,12.03101,0.00,0.00
2014.12.18 14:55:30.380,12.02771,12.03089,0.00,0.00
2014.12.18 14:55:31.455,12.02771,12.03062,0.00,0.00
2014.12.18 14:55:34.064,12.02799,12.03089,0.00,0.00
2014.12.18 14:55:34.165,12.02841,12.03149,0.00,0.00
2014.12.18 14:55:35.136,12.02852,12.03151,0.00,0.00
2014.12.18 14:55:35.676,12.02871,12.03151,0.00,0.00
2014.12.18 14:55:35.778,12.02871,12.03179,0.00,0.00
2014.12.18 14:55:35.878,12.02892,12.03238,0.00,0.00
2014.12.18 14:55:35.929,12.02892,12.03202,0.00,0.00
2014.12.18 14:55:36.549,12.029,12.03238,0.00,0.00
2014.12.18 14:55:36.650,12.02942,12.03251,0.00,0.00
2014.12.18 14:55:37.554,12.02942,12.03201,0.00,0.00
2014.12.18 14:55:37.655,12.02882,12.03201,0.00,0.00
2014.12.18 14:55:38.061,12.02891,12.03201,0.00,0.00
2014.12.18 14:55:40.050,12.02881,12.03201,0.00,0.00
2014.12.18 14:55:40.702,12.02892,12.03201,0.00,0.00
2014.12.18 14:55:41.446,12.02891,12.03201,0.00,0.00
2014.12.18 14:55:44.708,12.02941,12.03249,0.00,0.00
2014.12.18 14:55:44.809,12.02941,12.03252,0.00,0.00
2014.12.18 14:55:45.232,12.02951,12.03252,0.00,0.00
2014.12.18 14:55:47.897,12.02942,12.03252,0.00,0.00
2014.12.18 14:55:49.217,12.02952,12.03252,0.00,0.00
2014.12.18 14:55:51.414,12.02952,12.03278,0.00,0.00
2014.12.18 14:55:51.515,12.03062,12.03289,0.00,0.00
2014.12.18 14:55:51.566,12.03062,12.03378,0.00,0.00
2014.12.18 14:55:51.616,12.03042,12.03342,0.00,0.00
2014.12.18 14:55:52.470,12.03031,12.03339,0.00,0.00
2014.12.18 14:55:52.734,12.03031,12.03302,0.00,0.00
2014.12.18 14:55:53.063,12.02951,12.03252,0.00,0.00
2014.12.18 14:55:59.115,12.02951,12.03279,0.00,0.00
2014.12.18 14:55:59.215,12.02991,12.03302,0.00,0.00
2014.12.18 14:55:59.994,12.02992,12.03302,0.00,0.00
2014.12.18 14:56:00.095,12.02992,12.03338,0.00,0.00
2014.12.18 14:56:00.196,12.03051,12.03339,0.00,0.00
2014.12.18 14:56:00.246,12.03051,12.03342,0.00,0.00
2014.12.18 14:56:00.297,12.03061,12.03342,0.00,0.00
2014.12.18 14:56:04.640,12.03061,12.03379,0.00,0.00
2014.12.18 14:56:04.690,12.03091,12.03402,0.00,0.00
2014.12.18 14:56:05.387,12.03091,12.03341,0.00,0.00
2014.12.18 14:56:05.437,12.03062,12.03341,0.00,0.00
2014.12.18 14:56:13.769,12.03062,12.03302,0.00,0.00
2014.12.18 14:56:13.819,12.03019,12.03302,0.00,0.00
2014.12.18 14:56:13.870,12.02991,12.03251,0.00,0.00
2014.12.18 14:56:13.921,12.02951,12.03251,0.00,0.00
2014.12.18 14:56:15.157,12.02951,12.03201,0.00,0.00
2014.12.18 14:56:15.208,12.02932,12.03201,0.00,0.00
2014.12.18 14:56:15.359,12.02872,12.03178,0.00,0.00
2014.12.18 14:56:16.414,12.02891,12.03201,0.00,0.00
2014.12.18 14:56:21.995,12.02891,12.03152,0.00,0.00
2014.12.18 14:56:22.045,12.02871,12.03152,0.00,0.00
2014.12.18 14:56:24.643,12.02871,12.03179,0.00,0.00
2014.12.18 14:56:24.794,12.02891,12.03202,0.00,0.00
2014.12.18 14:56:25.934,12.02891,12.03239,0.00,0.00
2014.12.18 14:56:25.984,12.02931,12.03239,0.00,0.00
2014.12.18 14:56:26.135,12.02891,12.03202,0.00,0.00
2014.12.18 14:56:27.608,12.02891,12.03151,0.00,0.00
2014.12.18 14:56:27.659,12.02872,12.03151,0.00,0.00
2014.12.18 14:56:32.206,12.02872,12.03178,0.00,0.00
2014.12.18 14:56:32.257,12.02951,12.03201,0.00,0.00
2014.12.18 14:56:32.357,12.02951,12.03252,0.00,0.00
2014.12.18 14:56:33.131,12.02952,12.03252,0.00,0.00
2014.12.18 14:56:35.586,12.02951,12.03252,0.00,0.00
2014.12.18 14:56:36.338,12.02909,12.03179,0.00,0.00
2014.12.18 14:56:36.489,12.02871,12.03179,0.00,0.00
2014.12.18 14:56:36.589,12.02871,12.0312,0.00,0.00
2014.12.18 14:56:36.690,12.02737,12.03029,0.00,0.00
2014.12.18 14:56:36.741,12.02691,12.03001,0.00,0.00
2014.12.18 14:56:37.049,12.02662,12.02951,0.00,0.00
2014.12.18 14:56:37.836,12.02662,12.02978,0.00,0.00
2014.12.18 14:56:37.896,12.02729,12.02978,0.00,0.00
2014.12.18 14:56:37.997,12.02772,12.03061,0.00,0.00
2014.12.18 14:56:38.098,12.0273,12.03028,0.00,0.00
2014.12.18 14:56:38.148,12.02748,12.03028,0.00,0.00
2014.12.18 14:56:38.461,12.02872,12.03152,0.00,0.00
2014.12.18 14:56:40.234,12.02872,12.03178,0.00,0.00
2014.12.18 14:56:40.284,12.02941,12.03202,0.00,0.00
2014.12.18 14:56:40.385,12.02941,12.03249,0.00,0.00
2014.12.18 14:56:40.435,12.02952,12.03252,0.00,0.00
2014.12.18 14:56:43.055,12.02942,12.03252,0.00,0.00
2014.12.18 14:56:44.130,12.02941,12.03252,0.00,0.00
2014.12.18 14:56:44.281,12.02941,12.03202,0.00,0.00
2014.12.18 14:56:44.384,12.02892,12.03202,0.00,0.00
2014.12.18 14:56:45.019,12.02871,12.03179,0.00,0.00
2014.12.18 14:56:45.374,12.02871,12.03152,0.00,0.00
2014.12.18 14:56:59.884,12.029,12.03189,0.00,0.00
2014.12.18 14:56:59.988,12.02941,12.03251,0.00,0.00
2014.12.18 14:57:01.214,12.02952,12.03251,0.00,0.00
2014.12.18 14:57:03.759,12.02952,12.03288,0.00,0.00
2014.12.18 14:57:03.860,12.03002,12.03302,0.00,0.00
2014.12.18 14:57:04.603,12.02959,12.03062,0.00,0.00
2014.12.18 14:57:04.704,12.02859,12.03049,0.00,0.00
2014.12.18 14:57:04.804,12.02701,12.03049,0.00,0.00
2014.12.18 14:57:04.855,12.02701,12.03002,0.00,0.00
2014.12.18 14:57:05.156,12.02772,12.03002,0.00,0.00
2014.12.18 14:57:07.053,12.0273,12.02951,0.00,0.00
2014.12.18 14:57:07.153,12.0267,12.02951,0.00,0.00
2014.12.18 14:57:07.204,12.02662,12.02951,0.00,0.00
2014.12.18 14:57:07.569,12.02702,12.02951,0.00,0.00
2014.12.18 14:57:07.620,12.02702,12.03002,0.00,0.00
2014.12.18 14:57:07.926,12.02702,12.03048,0.00,0.00
2014.12.18 14:57:07.977,12.02829,12.03048,0.00,0.00
2014.12.18 14:57:08.027,12.02871,12.03151,0.00,0.00
2014.12.18 14:57:08.128,12.02892,12.03201,0.00,0.00
2014.12.18 14:57:08.550,12.02852,12.03168,0.00,0.00
2014.12.18 14:57:08.600,12.02852,12.03151,0.00,0.00
2014.12.18 14:57:08.701,12.02852,12.03168,0.00,0.00
2014.12.18 14:57:08.802,12.02891,12.03201,0.00,0.00
2014.12.18 14:57:09.467,12.02952,12.03201,0.00,0.00
2014.12.18 14:57:09.567,12.02952,12.03252,0.00,0.00
2014.12.18 14:57:09.663,12.02952,12.03288,0.00,0.00
2014.12.18 14:57:09.764,12.02991,12.03302,0.00,0.00
2014.12.18 14:57:10.437,12.03002,12.03302,0.00,0.00
2014.12.18 14:57:10.744,12.0286,12.03062,0.00,0.00
2014.12.18 14:57:10.795,12.02829,12.03102,0.00,0.00
2014.12.18 14:57:10.895,12.02852,12.03152,0.00,0.00
2014.12.18 14:57:10.996,12.02809,12.03062,0.00,0.00
2014.12.18 14:57:11.047,12.02772,12.03062,0.00,0.00
2014.12.18 14:57:12.194,12.02772,12.03088,0.00,0.00
2014.12.18 14:57:12.295,12.02802,12.03102,0.00,0.00
2014.12.18 14:57:12.825,12.02802,12.03101,0.00,0.00
2014.12.18 14:57:13.763,12.0281,12.03138,0.00,0.00
2014.12.18 14:57:13.914,12.02801,12.03139,0.00,0.00
2014.12.18 14:57:13.965,12.02801,12.03101,0.00,0.00
2014.12.18 14:57:17.288,12.02801,12.03139,0.00,0.00
2014.12.18 14:57:17.389,12.02801,12.03102,0.00,0.00
2014.12.18 14:57:18.453,12.02872,12.03102,0.00,0.00
2014.12.18 14:57:18.504,12.02872,12.03151,0.00,0.00
2014.12.18 14:57:21.663,12.02809,12.03098,0.00,0.00
2014.12.18 14:57:21.764,12.02772,12.03098,0.00,0.00
2014.12.18 14:57:21.814,12.02772,12.03062,0.00,0.00
2014.12.18 14:57:22.189,12.02729,12.03048,0.00,0.00
2014.12.18 14:57:22.240,12.02702,12.03002,0.00,0.00
2014.12.18 14:57:23.203,12.02701,12.03002,0.00,0.00
2014.12.18 14:57:23.744,12.02652,12.02752,0.00,0.00
2014.12.18 14:57:23.845,12.02379,12.02688,0.00,0.00
2014.12.18 14:57:23.946,12.02372,12.02688,0.00,0.00
2014.12.18 14:57:24.096,12.02371,12.02652,0.00,0.00
2014.12.18 14:57:24.685,12.02371,12.02651,0.00,0.00
2014.12.18 14:57:26.059,12.02371,12.02689,0.00,0.00
2014.12.18 14:57:26.109,12.02389,12.02689,0.00,0.00
2014.12.18 14:57:26.160,12.02421,12.02739,0.00,0.00
2014.12.18 14:57:26.479,12.02441,12.02752,0.00,0.00
2014.12.18 14:57:26.810,12.02432,12.02738,0.00,0.00
2014.12.18 14:57:28.707,12.02442,12.02748,0.00,0.00
2014.12.18 14:57:29.339,12.02431,12.02739,0.00,0.00
2014.12.18 14:57:29.825,12.02442,12.02748,0.00,0.00
2014.12.18 14:57:30.331,12.02431,12.02739,0.00,0.00
2014.12.18 14:57:30.592,12.02451,12.02752,0.00,0.00
2014.12.18 14:57:31.332,12.02451,12.02789,0.00,0.00
2014.12.18 14:57:31.433,12.02551,12.02801,0.00,0.00
2014.12.18 14:57:31.484,12.02551,12.0283,0.00,0.00
2014.12.18 14:57:31.584,12.02551,12.02851,0.00,0.00
2014.12.18 14:57:32.089,12.02561,12.02851,0.00,0.00
2014.12.18 14:57:32.718,12.02562,12.02851,0.00,0.00
2014.12.18 14:57:32.769,12.02579,12.02888,0.00,0.00
2014.12.18 14:57:32.873,12.02661,12.02902,0.00,0.00
2014.12.18 14:57:32.973,12.02619,12.02902,0.00,0.00
2014.12.18 14:57:33.024,12.02619,12.02938,0.00,0.00
2014.12.18 14:57:33.125,12.02661,12.02952,0.00,0.00
2014.12.18 14:57:34.428,12.02662,12.02952,0.00,0.00
2014.12.18 14:57:34.783,12.02662,12.02988,0.00,0.00
2014.12.18 14:57:34.884,12.02692,12.03008,0.00,0.00
2014.12.18 14:57:35.186,12.02662,12.02951,0.00,0.00
2014.12.18 14:57:35.843,12.02661,12.02951,0.00,0.00
2014.12.18 14:57:36.062,12.02619,12.02939,0.00,0.00
2014.12.18 14:57:36.112,12.02619,12.02902,0.00,0.00
2014.12.18 14:57:36.163,12.02601,12.02902,0.00,0.00
2014.12.18 14:57:36.600,12.02562,12.02888,0.00,0.00
2014.12.18 14:57:36.650,12.02562,12.02852,0.00,0.00
2014.12.18 14:57:37.242,12.02561,12.02852,0.00,0.00
2014.12.18 14:57:37.392,12.02542,12.02848,0.00,0.00
2014.12.18 14:57:37.919,12.02562,12.02852,0.00,0.00
2014.12.18 14:57:38.070,12.02501,12.02802,0.00,0.00
2014.12.18 14:57:39.027,12.02502,12.02802,0.00,0.00
2014.12.18 14:57:40.046,12.02491,12.02802,0.00,0.00
2014.12.18 14:57:40.248,12.02501,12.02802,0.00,0.00
2014.12.18 14:57:41.024,12.02431,12.02739,0.00,0.00
2014.12.18 14:57:41.124,12.02401,12.02702,0.00,0.00
2014.12.18 14:57:41.989,12.02402,12.02702,0.00,0.00
2014.12.18 14:57:42.663,12.02402,12.02738,0.00,0.00
2014.12.18 14:57:42.764,12.02502,12.02752,0.00,0.00
2014.12.18 14:57:42.915,12.02502,12.02802,0.00,0.00
2014.12.18 14:57:43.349,12.02502,12.02751,0.00,0.00
2014.12.18 14:57:43.450,12.02402,12.02701,0.00,0.00
2014.12.18 14:57:43.551,12.02371,12.02689,0.00,0.00
2014.12.18 14:57:43.652,12.02401,12.02701,0.00,0.00
2014.12.18 14:57:43.753,12.02371,12.02689,0.00,0.00
2014.12.18 14:57:43.904,12.02451,12.02752,0.00,0.00
2014.12.18 14:57:44.105,12.02542,12.02848,0.00,0.00
2014.12.18 14:57:44.206,12.02542,12.02801,0.00,0.00
2014.12.18 14:57:44.306,12.02452,12.02788,0.00,0.00
2014.12.18 14:57:44.357,12.02452,12.02751,0.00,0.00
2014.12.18 14:57:44.959,12.02451,12.02751,0.00,0.00
2014.12.18 14:57:47.489,12.02452,12.02751,0.00,0.00
2014.12.18 14:57:48.932,12.02452,12.02788,0.00,0.00
2014.12.18 14:57:48.982,12.0246,12.02788,0.00,0.00
2014.12.18 14:57:49.312,12.02552,12.02851,0.00,0.00
2014.12.18 14:57:49.513,12.02551,12.02859,0.00,0.00
2014.12.18 14:57:49.592,12.02551,12.02851,0.00,0.00
2014.12.18 14:57:50.349,12.02552,12.02851,0.00,0.00
2014.12.18 14:57:51.670,12.02561,12.02851,0.00,0.00
2014.12.18 14:57:55.764,12.02601,12.02901,0.00,0.00
2014.12.18 14:57:57.642,12.02601,12.02902,0.00,0.00
2014.12.18 14:57:59.503,12.02601,12.02842,0.00,0.00
2014.12.18 14:57:59.603,12.02561,12.02842,0.00,0.00
2014.12.18 14:58:00.359,12.02602,12.02842,0.00,0.00
2014.12.18 14:58:00.410,12.02602,12.02901,0.00,0.00
2014.12.18 14:58:00.460,12.02662,12.02901,0.00,0.00
2014.12.18 14:58:00.854,12.02662,12.02988,0.00,0.00
2014.12.18 14:58:00.905,12.02721,12.03001,0.00,0.00
2014.12.18 14:58:00.955,12.02721,12.03039,0.00,0.00
2014.12.18 14:58:01.234,12.02742,12.03048,0.00,0.00
2014.12.18 14:58:02.010,12.02742,12.03058,0.00,0.00
2014.12.18 14:58:02.329,12.02741,12.03062,0.00,0.00
2014.12.18 14:58:03.035,12.02771,12.03062,0.00,0.00
2014.12.18 14:58:03.373,12.02771,12.03099,0.00,0.00
2014.12.18 14:58:03.452,12.02771,12.03062,0.00,0.00
2014.12.18 14:58:09.259,12.02772,12.03062,0.00,0.00
2014.12.18 14:58:09.732,12.02802,12.03101,0.00,0.00
2014.12.18 14:58:10.832,12.02771,12.03061,0.00,0.00
2014.12.18 14:58:15.242,12.02802,12.03101,0.00,0.00
2014.12.18 14:58:15.808,12.02801,12.03101,0.00,0.00
2014.12.18 14:58:18.302,12.02801,12.03062,0.00,0.00
2014.12.18 14:58:18.403,12.02771,12.03062,0.00,0.00
2014.12.18 14:58:19.292,12.02771,12.03089,0.00,0.00
2014.12.18 14:58:19.402,12.02802,12.03101,0.00,0.00
2014.12.18 14:58:19.703,12.02701,12.03001,0.00,0.00
2014.12.18 14:58:23.882,12.02729,12.03001,0.00,0.00
2014.12.18 14:58:24.769,12.02741,12.02952,0.00,0.00
2014.12.18 14:58:24.820,12.02741,12.03002,0.00,0.00
2014.12.18 14:58:24.920,12.02701,12.03002,0.00,0.00
2014.12.18 14:58:25.978,12.02702,12.03002,0.00,0.00
2014.12.18 14:58:26.652,12.02771,12.03002,0.00,0.00
2014.12.18 14:58:26.703,12.02771,12.03061,0.00,0.00
2014.12.18 14:58:27.606,12.02772,12.03061,0.00,0.00
2014.12.18 14:58:27.707,12.02791,12.03099,0.00,0.00
2014.12.18 14:58:28.950,12.02791,12.03101,0.00,0.00
2014.12.18 14:58:29.521,12.02791,12.03109,0.00,0.00
2014.12.18 14:58:29.622,12.02871,12.03151,0.00,0.00
2014.12.18 14:58:29.773,12.02871,12.03189,0.00,0.00
2014.12.18 14:58:29.874,12.02871,12.03151,0.00,0.00
2014.12.18 14:58:31.300,12.02871,12.03189,0.00,0.00
2014.12.18 14:58:31.401,12.02942,12.03201,0.00,0.00
2014.12.18 14:58:31.552,12.02952,12.03288,0.00,0.00
2014.12.18 14:58:31.603,12.03002,12.03302,0.00,0.00
2014.12.18 14:58:32.468,12.03001,12.03302,0.00,0.00
2014.12.18 14:58:32.779,12.02902,12.03152,0.00,0.00
2014.12.18 14:58:32.830,12.02872,12.03152,0.00,0.00
2014.12.18 14:58:37.253,12.02872,12.03188,0.00,0.00
2014.12.18 14:58:37.310,12.02901,12.03231,0.00,0.00
2014.12.18 14:58:37.361,12.02901,12.03239,0.00,0.00
2014.12.18 14:58:37.462,12.02901,12.03202,0.00,0.00
2014.12.18 14:58:38.299,12.02941,12.03202,0.00,0.00
2014.12.18 14:58:38.349,12.02941,12.03249,0.00,0.00
2014.12.18 14:58:40.633,12.02941,12.03061,0.00,0.00
2014.12.18 14:58:40.733,12.02805,12.03061,0.00,0.00
2014.12.18 14:58:40.834,12.02772,12.03061,0.00,0.00
2014.12.18 14:58:44.569,12.02771,12.03061,0.00,0.00
2014.12.18 14:58:45.332,12.02772,12.03061,0.00,0.00
2014.12.18 14:58:46.769,12.02771,12.03061,0.00,0.00
2014.12.18 14:58:48.031,12.02771,12.03089,0.00,0.00
2014.12.18 14:58:48.132,12.02772,12.03062,0.00,0.00
2014.12.18 14:58:49.087,12.02702,12.03038,0.00,0.00
2014.12.18 14:58:49.137,12.02702,12.03001,0.00,0.00
2014.12.18 14:58:49.448,12.02622,12.02902,0.00,0.00
2014.12.18 14:58:49.498,12.02601,12.02902,0.00,0.00
2014.12.18 14:58:49.549,12.02591,12.02902,0.00,0.00
2014.12.18 14:58:49.855,12.02562,12.02888,0.00,0.00
2014.12.18 14:58:49.906,12.02562,12.02842,0.00,0.00
2014.12.18 14:58:50.218,12.02452,12.02752,0.00,0.00
2014.12.18 14:58:50.319,12.02451,12.02702,0.00,0.00
2014.12.18 14:58:50.421,12.02402,12.02702,0.00,0.00
2014.12.18 14:58:51.229,12.02452,12.02752,0.00,0.00
2014.12.18 14:58:51.531,12.02402,12.02701,0.00,0.00
2014.12.18 14:58:52.086,12.02401,12.02701,0.00,0.00
2014.12.18 14:58:52.971,12.02401,12.02739,0.00,0.00
2014.12.18 14:58:53.072,12.02402,12.02702,0.00,0.00
2014.12.18 14:58:54.799,12.02401,12.02702,0.00,0.00
2014.12.18 14:59:00.224,12.02401,12.02739,0.00,0.00
2014.12.18 14:59:00.325,12.02441,12.02752,0.00,0.00
2014.12.18 14:59:00.864,12.02451,12.02752,0.00,0.00
2014.12.18 14:59:00.915,12.02451,12.02799,0.00,0.00
2014.12.18 14:59:01.020,12.02451,12.02751,0.00,0.00
2014.12.18 14:59:01.333,12.02441,12.02779,0.00,0.00
2014.12.18 14:59:01.383,12.02449,12.02779,0.00,0.00
2014.12.18 14:59:01.685,12.0246,12.02751,0.00,0.00
2014.12.18 14:59:01.736,12.02452,12.02751,0.00,0.00
2014.12.18 14:59:01.847,12.0241,12.02739,0.00,0.00
2014.12.18 14:59:01.897,12.0241,12.02702,0.00,0.00
2014.12.18 14:59:01.948,12.02401,12.02702,0.00,0.00
2014.12.18 14:59:02.081,12.02401,12.02739,0.00,0.00
2014.12.18 14:59:02.181,12.02452,12.02751,0.00,0.00
2014.12.18 14:59:04.182,12.02501,12.02802,0.00,0.00
2014.12.18 14:59:04.282,12.02501,12.02834,0.00,0.00
2014.12.18 14:59:04.383,12.02601,12.02852,0.00,0.00
2014.12.18 14:59:04.434,12.02601,12.0288,0.00,0.00
2014.12.18 14:59:04.485,12.02601,12.02902,0.00,0.00
2014.12.18 14:59:05.139,12.02602,12.02902,0.00,0.00
2014.12.18 14:59:07.073,12.02602,12.02852,0.00,0.00
2014.12.18 14:59:07.123,12.0256,12.02839,0.00,0.00
2014.12.18 14:59:07.174,12.02491,12.02802,0.00,0.00
2014.12.18 14:59:07.999,12.02492,12.02802,0.00,0.00
2014.12.18 14:59:08.180,12.02492,12.02838,0.00,0.00
2014.12.18 14:59:08.231,12.02562,12.02852,0.00,0.00
2014.12.18 14:59:08.541,12.02562,12.02842,0.00,0.00
2014.12.18 14:59:08.951,12.02562,12.02752,0.00,0.00
2014.12.18 14:59:09.002,12.0252,12.02752,0.00,0.00
2014.12.18 14:59:09.102,12.02452,12.02752,0.00,0.00
2014.12.18 14:59:10.199,12.02451,12.02752,0.00,0.00
2014.12.18 14:59:10.753,12.02452,12.02752,0.00,0.00
2014.12.18 14:59:12.288,12.02451,12.02752,0.00,0.00
2014.12.18 14:59:16.360,12.02452,12.02752,0.00,0.00
2014.12.18 14:59:16.720,12.02409,12.02652,0.00,0.00
2014.12.18 14:59:16.871,12.02452,12.02751,0.00,0.00
2014.12.18 14:59:17.023,12.02409,12.02688,0.00,0.00
2014.12.18 14:59:17.124,12.02372,12.02688,0.00,0.00
2014.12.18 14:59:17.174,12.02401,12.02702,0.00,0.00
2014.12.18 14:59:17.355,12.02371,12.02689,0.00,0.00
2014.12.18 14:59:17.644,12.02371,12.02651,0.00,0.00
2014.12.18 14:59:18.692,12.02371,12.02689,0.00,0.00
2014.12.18 14:59:18.793,12.02401,12.02701,0.00,0.00
2014.12.18 14:59:19.900,12.02401,12.02749,0.00,0.00
2014.12.18 14:59:20.101,12.02451,12.02752,0.00,0.00
2014.12.18 14:59:20.152,12.02451,12.02799,0.00,0.00
2014.12.18 14:59:20.202,12.0252,12.02799,0.00,0.00
2014.12.18 14:59:20.353,12.02491,12.02802,0.00,0.00
2014.12.18 14:59:21.088,12.02501,12.02802,0.00,0.00
2014.12.18 14:59:22.675,12.02501,12.02839,0.00,0.00
2014.12.18 14:59:22.791,12.02501,12.02801,0.00,0.00
2014.12.18 14:59:23.948,12.02492,12.02801,0.00,0.00
2014.12.18 14:59:26.306,12.02451,12.02751,0.00,0.00
2014.12.18 14:59:27.291,12.02501,12.02802,0.00,0.00
2014.12.18 14:59:27.492,12.02519,12.02841,0.00,0.00
2014.12.18 14:59:27.600,12.02561,12.02841,0.00,0.00
2014.12.18 14:59:28.172,12.02561,12.02842,0.00,0.00
2014.12.18 14:59:28.599,12.02541,12.02652,0.00,0.00
2014.12.18 14:59:28.649,12.02519,12.02652,0.00,0.00
2014.12.18 14:59:28.700,12.02371,12.02652,0.00,0.00
2014.12.18 14:59:30.848,12.02381,12.02652,0.00,0.00
2014.12.18 14:59:31.015,12.02381,12.02689,0.00,0.00
2014.12.18 14:59:31.337,12.02372,12.02688,0.00,0.00
2014.12.18 14:59:32.541,12.02401,12.02739,0.00,0.00
2014.12.18 14:59:36.871,12.02401,12.02718,0.00,0.00
2014.12.18 14:59:36.972,12.02302,12.02638,0.00,0.00
2014.12.18 14:59:37.495,12.02301,12.02639,0.00,0.00
2014.12.18 14:59:38.007,12.02271,12.02589,0.00,0.00
2014.12.18 14:59:38.219,12.02302,12.02631,0.00,0.00
2014.12.18 14:59:38.270,12.02302,12.02638,0.00,0.00
2014.12.18 14:59:39.038,12.02271,12.02599,0.00,0.00
2014.12.18 14:59:39.978,12.02271,12.02589,0.00,0.00
2014.12.18 14:59:40.212,12.02302,12.02631,0.00,0.00
2014.12.18 14:59:40.312,12.02302,12.02638,0.00,0.00
2014.12.18 14:59:41.977,12.02351,12.02679,0.00,0.00
2014.12.18 14:59:43.168,12.02372,12.02688,0.00,0.00
2014.12.18 14:59:44.841,12.02402,12.02738,0.00,0.00
2014.12.18 14:59:45.308,12.02392,12.02728,0.00,0.00
2014.12.18 14:59:46.139,12.02391,12.02739,0.00,0.00
2014.12.18 14:59:49.786,12.02392,12.02738,0.00,0.00
2014.12.18 14:59:50.831,12.02391,12.02739,0.00,0.00
2014.12.18 14:59:51.647,12.02351,12.02679,0.00,0.00
2014.12.18 14:59:51.952,12.02392,12.02718,0.00,0.00
2014.12.18 14:59:53.011,12.02392,12.02738,0.00,0.00
2014.12.18 14:59:53.206,12.02441,12.02778,0.00,0.00
2014.12.18 14:59:54.414,12.02441,12.02779,0.00,0.00
2014.12.18 14:59:54.515,12.02451,12.02799,0.00,0.00
2014.12.18 14:59:56.283,12.02441,12.02779,0.00,0.00
2014.12.18 14:59:57.468,12.02451,12.02799,0.00,0.00
