2018.06.18 10:00:00.214,12.80339,12.80552,0.00,0.00
2018.06.18 10:00:00.313,12.80331,12.80552,0.00,0.00
2018.06.18 10:00:00.373,12.80319,12.80541,0.00,0.00
2018.06.18 10:00:00.480,12.80331,12.80561,0.00,0.00
2018.06.18 10:00:00.531,12.80341,12.80582,0.00,0.00
2018.06.18 10:00:00.581,12.80368,12.80601,0.00,0.00
2018.06.18 10:00:00.698,12.80358,12.80601,0.00,0.00
2018.06.18 10:00:01.154,12.80332,12.80561,0.00,0.00
2018.06.18 10:00:01.485,12.80332,12.80541,0.00,0.00
2018.06.18 10:00:02.095,12.80331,12.80541,0.00,0.00
2018.06.18 10:00:02.146,12.80348,12.80572,0.00,0.00
2018.06.18 10:00:02.262,12.80331,12.80572,0.00,0.00
2018.06.18 10:00:02.407,12.80339,12.80572,0.00,0.00
2018.06.18 10:00:02.458,12.80359,12.80601,0.00,0.00
2018.06.18 10:00:02.509,12.80339,12.80552,0.00,0.00
2018.06.18 10:00:02.560,12.80368,12.80601,0.00,0.00
2018.06.18 10:00:02.611,12.80368,12.80612,0.00,0.00
2018.06.18 10:00:02.661,12.80379,12.80612,0.00,0.00
2018.06.18 10:00:04.060,12.80401,12.80612,0.00,0.00
2018.06.18 10:00:04.162,12.80398,12.80612,0.00,0.00
2018.06.18 10:00:04.447,12.80421,12.80651,0.00,0.00
2018.06.18 10:00:04.498,12.80418,12.80651,0.00,0.00
2018.06.18 10:00:04.599,12.80399,12.80631,0.00,0.00
2018.06.18 10:00:05.102,12.80389,12.80631,0.00,0.00
2018.06.18 10:00:05.203,12.80378,12.80631,0.00,0.00
2018.06.18 10:00:05.799,12.80378,12.80612,0.00,0.00
2018.06.18 10:00:06.385,12.80379,12.80612,0.00,0.00
2018.06.18 10:00:07.351,12.80389,12.80612,0.00,0.00
2018.06.18 10:00:08.244,12.80398,12.80612,0.00,0.00
2018.06.18 10:00:08.295,12.80398,12.80631,0.00,0.00
2018.06.18 10:00:09.437,12.80398,12.80632,0.00,0.00
2018.06.18 10:00:10.841,12.80401,12.80632,0.00,0.00
2018.06.18 10:00:10.891,12.80401,12.80641,0.00,0.00
2018.06.18 10:00:11.325,12.80431,12.80641,0.00,0.00
2018.06.18 10:00:11.402,12.80439,12.80652,0.00,0.00
2018.06.18 10:00:11.453,12.80398,12.80652,0.00,0.00
2018.06.18 10:00:12.011,12.80399,12.80652,0.00,0.00
2018.06.18 10:00:12.882,12.80401,12.80652,0.00,0.00
2018.06.18 10:00:13.329,12.80398,12.80631,0.00,0.00
2018.06.18 10:00:18.659,12.80398,12.80622,0.00,0.00
2018.06.18 10:00:19.021,12.80379,12.80622,0.00,0.00
2018.06.18 10:00:20.646,12.80389,12.80622,0.00,0.00
2018.06.18 10:00:21.031,12.80399,12.80622,0.00,0.00
2018.06.18 10:00:21.183,12.80379,12.80622,0.00,0.00
2018.06.18 10:00:21.891,12.80389,12.80622,0.00,0.00
2018.06.18 10:00:22.301,12.80398,12.80631,0.00,0.00
2018.06.18 10:00:23.186,12.80388,12.80631,0.00,0.00
2018.06.18 10:00:23.341,12.80379,12.80631,0.00,0.00
2018.06.18 10:00:23.950,12.80379,12.80632,0.00,0.00
2018.06.18 10:00:25.193,12.80368,12.80572,0.00,0.00
2018.06.18 10:00:25.295,12.80289,12.80542,0.00,0.00
2018.06.18 10:00:25.445,12.80279,12.80542,0.00,0.00
2018.06.18 10:00:25.833,12.80288,12.80542,0.00,0.00
2018.06.18 10:00:27.262,12.80289,12.80542,0.00,0.00
2018.06.18 10:00:28.012,12.80288,12.80542,0.00,0.00
2018.06.18 10:00:28.246,12.80301,12.80562,0.00,0.00
2018.06.18 10:00:28.678,12.80309,12.80562,0.00,0.00
2018.06.18 10:00:29.332,12.80309,12.80561,0.00,0.00
2018.06.18 10:00:31.211,12.80348,12.80561,0.00,0.00
2018.06.18 10:00:31.277,12.80349,12.80589,0.00,0.00
2018.06.18 10:00:31.387,12.80358,12.80588,0.00,0.00
2018.06.18 10:00:31.503,12.80369,12.80618,0.00,0.00
2018.06.18 10:00:31.604,12.80359,12.80619,0.00,0.00
2018.06.18 10:00:32.579,12.80359,12.80618,0.00,0.00
2018.06.18 10:00:32.821,12.80359,12.80588,0.00,0.00
2018.06.18 10:00:33.622,12.80359,12.80589,0.00,0.00
2018.06.18 10:00:34.399,12.80359,12.80619,0.00,0.00
2018.06.18 10:00:34.449,12.80369,12.80619,0.00,0.00
2018.06.18 10:00:35.975,12.80369,12.80618,0.00,0.00
2018.06.18 10:00:36.526,12.80369,12.80619,0.00,0.00
2018.06.18 10:00:37.580,12.80369,12.80618,0.00,0.00
2018.06.18 10:00:38.803,12.80368,12.80618,0.00,0.00
2018.06.18 10:00:40.110,12.80368,12.80619,0.00,0.00
2018.06.18 10:00:40.844,12.80368,12.80618,0.00,0.00
2018.06.18 10:00:40.996,12.80359,12.80619,0.00,0.00
2018.06.18 10:00:42.249,12.80368,12.80619,0.00,0.00
2018.06.18 10:00:42.974,12.80378,12.80619,0.00,0.00
2018.06.18 10:00:43.667,12.80378,12.80618,0.00,0.00
2018.06.18 10:00:45.603,12.80378,12.80619,0.00,0.00
2018.06.18 10:00:48.890,12.80378,12.80618,0.00,0.00
2018.06.18 10:00:49.733,12.80378,12.80619,0.00,0.00
2018.06.18 10:00:51.365,12.80378,12.80618,0.00,0.00
2018.06.18 10:00:52.101,12.80379,12.80618,0.00,0.00
2018.06.18 10:00:52.194,12.80379,12.80621,0.00,0.00
2018.06.18 10:00:56.220,12.80402,12.80621,0.00,0.00
2018.06.18 10:00:57.749,12.80401,12.80621,0.00,0.00
2018.06.18 10:00:58.408,12.80402,12.80621,0.00,0.00
2018.06.18 10:00:58.999,12.80401,12.80621,0.00,0.00
2018.06.18 10:00:59.447,12.80401,12.80632,0.00,0.00
2018.06.18 10:01:00.040,12.80402,12.80632,0.00,0.00
2018.06.18 10:01:00.141,12.80412,12.80642,0.00,0.00
2018.06.18 10:01:00.274,12.80412,12.80652,0.00,0.00
2018.06.18 10:01:01.778,12.80401,12.80652,0.00,0.00
2018.06.18 10:01:02.404,12.80402,12.80652,0.00,0.00
2018.06.18 10:01:03.121,12.80401,12.80652,0.00,0.00
2018.06.18 10:01:03.723,12.80402,12.80652,0.00,0.00
2018.06.18 10:01:03.842,12.80402,12.80631,0.00,0.00
2018.06.18 10:01:05.036,12.80401,12.80631,0.00,0.00
2018.06.18 10:01:05.376,12.80401,12.80629,0.00,0.00
2018.06.18 10:01:06.715,12.80402,12.80628,0.00,0.00
2018.06.18 10:01:07.121,12.80401,12.80631,0.00,0.00
2018.06.18 10:01:10.067,12.80402,12.80631,0.00,0.00
2018.06.18 10:01:10.801,12.80401,12.80641,0.00,0.00
2018.06.18 10:01:12.128,12.80402,12.80641,0.00,0.00
2018.06.18 10:01:12.179,12.80411,12.80641,0.00,0.00
2018.06.18 10:01:12.714,12.80452,12.80682,0.00,0.00
2018.06.18 10:01:13.119,12.80501,12.80719,0.00,0.00
2018.06.18 10:01:13.879,12.80502,12.80718,0.00,0.00
2018.06.18 10:01:14.989,12.80501,12.80719,0.00,0.00
2018.06.18 10:01:15.059,12.80502,12.80721,0.00,0.00
2018.06.18 10:01:15.591,12.80501,12.80721,0.00,0.00
2018.06.18 10:01:16.260,12.80502,12.80721,0.00,0.00
2018.06.18 10:01:16.799,12.80501,12.80721,0.00,0.00
2018.06.18 10:01:17.362,12.80502,12.80721,0.00,0.00
2018.06.18 10:01:18.349,12.80501,12.80721,0.00,0.00
2018.06.18 10:01:20.356,12.80502,12.80721,0.00,0.00
2018.06.18 10:01:20.922,12.80501,12.80721,0.00,0.00
2018.06.18 10:01:25.000,12.80502,12.80721,0.00,0.00
2018.06.18 10:01:25.662,12.80501,12.80721,0.00,0.00
2018.06.18 10:01:27.846,12.80501,12.80732,0.00,0.00
2018.06.18 10:01:29.068,12.80502,12.80732,0.00,0.00
2018.06.18 10:01:29.707,12.80501,12.80732,0.00,0.00
2018.06.18 10:01:31.794,12.80502,12.80732,0.00,0.00
2018.06.18 10:01:33.775,12.80492,12.80718,0.00,0.00
2018.06.18 10:01:35.091,12.80491,12.80719,0.00,0.00
2018.06.18 10:01:36.920,12.80468,12.80632,0.00,0.00
2018.06.18 10:01:37.024,12.80401,12.80632,0.00,0.00
2018.06.18 10:01:37.125,12.80391,12.80632,0.00,0.00
2018.06.18 10:01:38.160,12.80392,12.80638,0.00,0.00
2018.06.18 10:01:38.210,12.80411,12.80639,0.00,0.00
2018.06.18 10:01:38.365,12.80412,12.80641,0.00,0.00
2018.06.18 10:01:38.627,12.80391,12.80642,0.00,0.00
2018.06.18 10:01:38.962,12.80401,12.80642,0.00,0.00
2018.06.18 10:01:39.504,12.80402,12.80642,0.00,0.00
2018.06.18 10:01:40.051,12.80401,12.80642,0.00,0.00
2018.06.18 10:01:42.709,12.80459,12.80719,0.00,0.00
2018.06.18 10:01:42.760,12.80491,12.80719,0.00,0.00
2018.06.18 10:01:42.811,12.80491,12.80722,0.00,0.00
2018.06.18 10:01:44.876,12.80491,12.80719,0.00,0.00
2018.06.18 10:01:44.978,12.80482,12.80718,0.00,0.00
2018.06.18 10:01:45.100,12.80488,12.80718,0.00,0.00
2018.06.18 10:01:45.151,12.80491,12.80722,0.00,0.00
2018.06.18 10:01:45.608,12.80501,12.80722,0.00,0.00
2018.06.18 10:01:46.052,12.80502,12.80718,0.00,0.00
2018.06.18 10:01:46.103,12.80491,12.80719,0.00,0.00
2018.06.18 10:01:46.154,12.80481,12.80719,0.00,0.00
2018.06.18 10:01:47.065,12.80482,12.80718,0.00,0.00
2018.06.18 10:01:47.166,12.80492,12.80718,0.00,0.00
2018.06.18 10:01:48.015,12.80491,12.80719,0.00,0.00
2018.06.18 10:01:49.449,12.80481,12.80719,0.00,0.00
2018.06.18 10:01:50.642,12.80481,12.80722,0.00,0.00
2018.06.18 10:01:51.256,12.80482,12.80722,0.00,0.00
2018.06.18 10:01:51.307,12.80489,12.80722,0.00,0.00
2018.06.18 10:01:53.177,12.80481,12.80722,0.00,0.00
2018.06.18 10:01:54.143,12.80488,12.80722,0.00,0.00
2018.06.18 10:01:54.535,12.80501,12.80732,0.00,0.00
2018.06.18 10:01:54.721,12.80481,12.80732,0.00,0.00
2018.06.18 10:01:55.780,12.80482,12.80732,0.00,0.00
2018.06.18 10:01:56.048,12.80499,12.80732,0.00,0.00
2018.06.18 10:01:56.554,12.80502,12.80732,0.00,0.00
2018.06.18 10:01:57.827,12.80501,12.80732,0.00,0.00
2018.06.18 10:01:58.690,12.80502,12.80732,0.00,0.00
2018.06.18 10:01:59.396,12.80501,12.80732,0.00,0.00
2018.06.18 10:02:00.274,12.80502,12.80732,0.00,0.00
2018.06.18 10:02:00.363,12.80499,12.80731,0.00,0.00
2018.06.18 10:02:03.396,12.80481,12.80731,0.00,0.00
2018.06.18 10:02:04.090,12.80482,12.80718,0.00,0.00
2018.06.18 10:02:04.851,12.80481,12.80719,0.00,0.00
2018.06.18 10:02:05.373,12.80481,12.80731,0.00,0.00
2018.06.18 10:02:05.424,12.80481,12.80719,0.00,0.00
2018.06.18 10:02:05.893,12.80481,12.80731,0.00,0.00
2018.06.18 10:02:06.083,12.80482,12.80718,0.00,0.00
2018.06.18 10:02:06.649,12.80481,12.80719,0.00,0.00
2018.06.18 10:02:07.439,12.80482,12.80731,0.00,0.00
2018.06.18 10:02:08.159,12.80481,12.80731,0.00,0.00
2018.06.18 10:02:08.282,12.80488,12.80731,0.00,0.00
2018.06.18 10:02:08.819,12.80481,12.80719,0.00,0.00
2018.06.18 10:02:08.942,12.80481,12.80731,0.00,0.00
2018.06.18 10:02:09.480,12.80482,12.80731,0.00,0.00
2018.06.18 10:02:10.070,12.80481,12.80731,0.00,0.00
2018.06.18 10:02:10.489,12.80481,12.80742,0.00,0.00
2018.06.18 10:02:10.540,12.80511,12.80742,0.00,0.00
2018.06.18 10:02:10.828,12.80501,12.80742,0.00,0.00
2018.06.18 10:02:11.394,12.80502,12.80742,0.00,0.00
2018.06.18 10:02:12.040,12.80501,12.80742,0.00,0.00
2018.06.18 10:02:12.544,12.80539,12.80742,0.00,0.00
2018.06.18 10:02:12.650,12.80591,12.80842,0.00,0.00
2018.06.18 10:02:13.506,12.80592,12.80842,0.00,0.00
2018.06.18 10:02:13.608,12.80592,12.80808,0.00,0.00
2018.06.18 10:02:13.829,12.80591,12.80819,0.00,0.00
2018.06.18 10:02:14.424,12.80591,12.80832,0.00,0.00
2018.06.18 10:02:14.664,12.80569,12.80832,0.00,0.00
2018.06.18 10:02:14.717,12.80592,12.80832,0.00,0.00
2018.06.18 10:02:14.923,12.80491,12.80751,0.00,0.00
2018.06.18 10:02:15.676,12.80491,12.80742,0.00,0.00
2018.06.18 10:02:15.786,12.80491,12.80751,0.00,0.00
2018.06.18 10:02:16.591,12.80492,12.80751,0.00,0.00
2018.06.18 10:02:16.781,12.80502,12.80762,0.00,0.00
2018.06.18 10:02:16.832,12.80491,12.80751,0.00,0.00
2018.06.18 10:02:16.933,12.80501,12.80762,0.00,0.00
2018.06.18 10:02:17.052,12.80502,12.80752,0.00,0.00
2018.06.18 10:02:17.720,12.80491,12.80752,0.00,0.00
2018.06.18 10:02:17.771,12.80491,12.80762,0.00,0.00
2018.06.18 10:02:18.216,12.80492,12.80752,0.00,0.00
2018.06.18 10:02:19.512,12.80492,12.80761,0.00,0.00
2018.06.18 10:02:20.640,12.80491,12.80761,0.00,0.00
2018.06.18 10:02:21.742,12.80531,12.80761,0.00,0.00
2018.06.18 10:02:21.919,12.80492,12.80752,0.00,0.00
2018.06.18 10:02:23.059,12.80491,12.80752,0.00,0.00
2018.06.18 10:02:23.115,12.80509,12.80752,0.00,0.00
2018.06.18 10:02:23.165,12.80509,12.80762,0.00,0.00
2018.06.18 10:02:23.926,12.80541,12.80779,0.00,0.00
2018.06.18 10:02:24.138,12.80519,12.80761,0.00,0.00
2018.06.18 10:02:24.276,12.80501,12.80761,0.00,0.00
2018.06.18 10:02:24.487,12.80569,12.80818,0.00,0.00
2018.06.18 10:02:24.786,12.80508,12.80761,0.00,0.00
2018.06.18 10:02:24.842,12.80541,12.80761,0.00,0.00
2018.06.18 10:02:24.892,12.80508,12.80761,0.00,0.00
2018.06.18 10:02:25.475,12.80501,12.80751,0.00,0.00
2018.06.18 10:02:25.525,12.80491,12.80751,0.00,0.00
2018.06.18 10:02:25.623,12.80491,12.80761,0.00,0.00
2018.06.18 10:02:26.177,12.80492,12.80761,0.00,0.00
2018.06.18 10:02:26.366,12.80498,12.80762,0.00,0.00
2018.06.18 10:02:26.693,12.80501,12.80762,0.00,0.00
2018.06.18 10:02:27.370,12.80502,12.80762,0.00,0.00
2018.06.18 10:02:28.903,12.80501,12.80751,0.00,0.00
2018.06.18 10:02:29.101,12.80502,12.80761,0.00,0.00
2018.06.18 10:02:30.852,12.80501,12.80761,0.00,0.00
2018.06.18 10:02:31.499,12.80502,12.80761,0.00,0.00
2018.06.18 10:02:31.562,12.80502,12.80752,0.00,0.00
2018.06.18 10:02:31.612,12.80498,12.80751,0.00,0.00
2018.06.18 10:02:31.663,12.80491,12.80751,0.00,0.00
2018.06.18 10:02:31.991,12.80498,12.80751,0.00,0.00
2018.06.18 10:02:32.357,12.80509,12.80751,0.00,0.00
2018.06.18 10:02:32.893,12.80499,12.80751,0.00,0.00
2018.06.18 10:02:32.988,12.80518,12.80751,0.00,0.00
2018.06.18 10:02:33.217,12.80532,12.80772,0.00,0.00
2018.06.18 10:02:34.007,12.80531,12.80772,0.00,0.00
2018.06.18 10:02:34.223,12.80541,12.80772,0.00,0.00
2018.06.18 10:02:34.273,12.80561,12.80819,0.00,0.00
2018.06.18 10:02:34.366,12.80602,12.80841,0.00,0.00
2018.06.18 10:02:34.929,12.80601,12.80842,0.00,0.00
2018.06.18 10:02:35.684,12.80602,12.80842,0.00,0.00
2018.06.18 10:02:36.521,12.80601,12.80842,0.00,0.00
2018.06.18 10:02:36.572,12.80601,12.80852,0.00,0.00
2018.06.18 10:02:36.623,12.80611,12.80852,0.00,0.00
2018.06.18 10:02:36.726,12.80618,12.80872,0.00,0.00
2018.06.18 10:02:36.892,12.80618,12.80879,0.00,0.00
2018.06.18 10:02:37.791,12.80619,12.80879,0.00,0.00
2018.06.18 10:02:37.842,12.80651,12.80889,0.00,0.00
2018.06.18 10:02:37.944,12.80638,12.80879,0.00,0.00
2018.06.18 10:02:38.210,12.80638,12.80872,0.00,0.00
2018.06.18 10:02:38.989,12.80638,12.80871,0.00,0.00
2018.06.18 10:02:41.724,12.80638,12.80878,0.00,0.00
2018.06.18 10:02:42.369,12.80638,12.80879,0.00,0.00
2018.06.18 10:02:42.420,12.80638,12.80872,0.00,0.00
2018.06.18 10:02:42.521,12.80638,12.80879,0.00,0.00
2018.06.18 10:02:42.999,12.80679,12.80881,0.00,0.00
2018.06.18 10:02:43.050,12.80702,12.80932,0.00,0.00
2018.06.18 10:02:43.101,12.80709,12.80932,0.00,0.00
2018.06.18 10:02:43.151,12.80709,12.80951,0.00,0.00
2018.06.18 10:02:43.666,12.80709,12.80952,0.00,0.00
2018.06.18 10:02:47.380,12.80709,12.80962,0.00,0.00
2018.06.18 10:02:47.829,12.80709,12.80952,0.00,0.00
2018.06.18 10:02:47.981,12.80709,12.80961,0.00,0.00
2018.06.18 10:02:48.084,12.80709,12.80951,0.00,0.00
2018.06.18 10:02:48.610,12.80709,12.80962,0.00,0.00
2018.06.18 10:02:48.943,12.80709,12.80951,0.00,0.00
2018.06.18 10:02:49.090,12.80709,12.80962,0.00,0.00
2018.06.18 10:02:49.545,12.80709,12.80951,0.00,0.00
2018.06.18 10:02:49.800,12.80709,12.80962,0.00,0.00
2018.06.18 10:02:54.099,12.80709,12.80919,0.00,0.00
2018.06.18 10:02:54.200,12.80709,12.80939,0.00,0.00
2018.06.18 10:02:54.862,12.80709,12.80938,0.00,0.00
2018.06.18 10:02:55.388,12.80709,12.80939,0.00,0.00
2018.06.18 10:02:55.789,12.80709,12.80952,0.00,0.00
2018.06.18 10:02:56.512,12.80709,12.80951,0.00,0.00
2018.06.18 10:02:58.106,12.80709,12.80952,0.00,0.00
2018.06.18 10:02:59.735,12.80709,12.80929,0.00,0.00
2018.06.18 10:03:00.763,12.80709,12.80952,0.00,0.00
2018.06.18 10:03:01.399,12.80709,12.80962,0.00,0.00
2018.06.18 10:03:01.925,12.80709,12.80951,0.00,0.00
2018.06.18 10:03:02.338,12.80709,12.80962,0.00,0.00
2018.06.18 10:03:02.838,12.80709,12.80951,0.00,0.00
2018.06.18 10:03:03.402,12.80709,12.80962,0.00,0.00
2018.06.18 10:03:03.836,12.80709,12.80952,0.00,0.00
2018.06.18 10:03:03.964,12.80709,12.80962,0.00,0.00
2018.06.18 10:03:04.532,12.80709,12.80961,0.00,0.00
2018.06.18 10:03:04.874,12.80709,12.80969,0.00,0.00
2018.06.18 10:03:06.221,12.80709,12.80972,0.00,0.00
2018.06.18 10:03:09.416,12.80709,12.80971,0.00,0.00
2018.06.18 10:03:09.517,12.80709,12.80962,0.00,0.00
2018.06.18 10:03:13.317,12.80709,12.80951,0.00,0.00
2018.06.18 10:03:13.628,12.80708,12.80929,0.00,0.00
2018.06.18 10:03:13.920,12.80708,12.80932,0.00,0.00
2018.06.18 10:03:17.305,12.80708,12.80922,0.00,0.00
2018.06.18 10:03:17.385,12.80708,12.80932,0.00,0.00
2018.06.18 10:03:17.768,12.80708,12.80842,0.00,0.00
2018.06.18 10:03:17.819,12.80611,12.80839,0.00,0.00
2018.06.18 10:03:17.870,12.80609,12.80842,0.00,0.00
2018.06.18 10:03:17.971,12.80601,12.80832,0.00,0.00
2018.06.18 10:03:18.373,12.80601,12.80822,0.00,0.00
2018.06.18 10:03:18.590,12.80601,12.80831,0.00,0.00
2018.06.18 10:03:18.742,12.80602,12.80822,0.00,0.00
2018.06.18 10:03:19.421,12.80602,12.80832,0.00,0.00
2018.06.18 10:03:19.477,12.80602,12.80812,0.00,0.00
2018.06.18 10:03:19.528,12.80548,12.80772,0.00,0.00
2018.06.18 10:03:19.579,12.80518,12.80742,0.00,0.00
2018.06.18 10:03:19.630,12.80511,12.80742,0.00,0.00
2018.06.18 10:03:19.681,12.80511,12.80732,0.00,0.00
2018.06.18 10:03:20.199,12.80512,12.80732,0.00,0.00
2018.06.18 10:03:20.250,12.80512,12.80742,0.00,0.00
2018.06.18 10:03:21.259,12.80511,12.80742,0.00,0.00
2018.06.18 10:03:23.140,12.80559,12.80752,0.00,0.00
2018.06.18 10:03:23.191,12.80539,12.80752,0.00,0.00
2018.06.18 10:03:23.242,12.80528,12.80752,0.00,0.00
2018.06.18 10:03:23.293,12.80511,12.80751,0.00,0.00
2018.06.18 10:03:23.343,12.80511,12.80741,0.00,0.00
2018.06.18 10:03:23.394,12.80509,12.80741,0.00,0.00
2018.06.18 10:03:24.981,12.80542,12.80751,0.00,0.00
2018.06.18 10:03:25.194,12.80601,12.80822,0.00,0.00
2018.06.18 10:03:25.671,12.80602,12.80831,0.00,0.00
2018.06.18 10:03:25.772,12.80602,12.80822,0.00,0.00
2018.06.18 10:03:25.924,12.80602,12.80831,0.00,0.00
2018.06.18 10:03:26.629,12.80601,12.80831,0.00,0.00
2018.06.18 10:03:27.402,12.80602,12.80831,0.00,0.00
2018.06.18 10:03:27.696,12.80602,12.80842,0.00,0.00
2018.06.18 10:03:27.864,12.80602,12.80831,0.00,0.00
2018.06.18 10:03:29.812,12.80602,12.80841,0.00,0.00
2018.06.18 10:03:30.150,12.80602,12.80832,0.00,0.00
2018.06.18 10:03:30.701,12.80601,12.80831,0.00,0.00
2018.06.18 10:03:31.364,12.80602,12.80831,0.00,0.00
2018.06.18 10:03:32.917,12.80602,12.80832,0.00,0.00
2018.06.18 10:03:33.064,12.80602,12.80841,0.00,0.00
2018.06.18 10:03:33.326,12.80601,12.80831,0.00,0.00
2018.06.18 10:03:33.455,12.80601,12.80842,0.00,0.00
2018.06.18 10:03:33.940,12.80601,12.80831,0.00,0.00
2018.06.18 10:03:34.534,12.80602,12.80831,0.00,0.00
2018.06.18 10:03:34.585,12.80602,12.80842,0.00,0.00
2018.06.18 10:03:34.883,12.80602,12.80831,0.00,0.00
2018.06.18 10:03:35.044,12.80602,12.80842,0.00,0.00
2018.06.18 10:03:35.139,12.80602,12.80831,0.00,0.00
2018.06.18 10:03:35.493,12.80602,12.80842,0.00,0.00
2018.06.18 10:03:35.706,12.80602,12.80832,0.00,0.00
2018.06.18 10:03:36.383,12.80601,12.80832,0.00,0.00
2018.06.18 10:03:37.387,12.80602,12.80832,0.00,0.00
2018.06.18 10:03:40.062,12.80601,12.80832,0.00,0.00
2018.06.18 10:03:40.605,12.80601,12.80821,0.00,0.00
2018.06.18 10:03:41.168,12.80602,12.80821,0.00,0.00
2018.06.18 10:03:41.926,12.80601,12.80821,0.00,0.00
2018.06.18 10:03:42.811,12.80601,12.80752,0.00,0.00
2018.06.18 10:03:42.912,12.80529,12.80752,0.00,0.00
2018.06.18 10:03:42.963,12.80529,12.80741,0.00,0.00
2018.06.18 10:03:43.041,12.80522,12.80741,0.00,0.00
2018.06.18 10:03:43.092,12.80521,12.80752,0.00,0.00
2018.06.18 10:03:43.143,12.80508,12.80752,0.00,0.00
2018.06.18 10:03:43.345,12.80508,12.80742,0.00,0.00
2018.06.18 10:03:47.424,12.80508,12.80751,0.00,0.00
2018.06.18 10:03:48.370,12.80508,12.80742,0.00,0.00
2018.06.18 10:03:48.930,12.80509,12.80742,0.00,0.00
2018.06.18 10:03:49.041,12.80509,12.80751,0.00,0.00
2018.06.18 10:03:49.144,12.80521,12.80751,0.00,0.00
2018.06.18 10:03:49.245,12.80509,12.80751,0.00,0.00
2018.06.18 10:03:50.143,12.80509,12.80742,0.00,0.00
2018.06.18 10:03:50.509,12.80521,12.80751,0.00,0.00
2018.06.18 10:03:51.399,12.80522,12.80751,0.00,0.00
2018.06.18 10:03:51.450,12.80511,12.80751,0.00,0.00
2018.06.18 10:03:51.790,12.80532,12.80742,0.00,0.00
2018.06.18 10:03:51.891,12.80532,12.80751,0.00,0.00
2018.06.18 10:03:53.040,12.80531,12.80751,0.00,0.00
2018.06.18 10:03:53.091,12.80512,12.80751,0.00,0.00
2018.06.18 10:03:53.681,12.80532,12.80751,0.00,0.00
2018.06.18 10:03:53.732,12.80588,12.80812,0.00,0.00
2018.06.18 10:03:53.783,12.80621,12.80821,0.00,0.00
2018.06.18 10:03:53.834,12.80621,12.80832,0.00,0.00
2018.06.18 10:03:53.935,12.80608,12.80832,0.00,0.00
2018.06.18 10:03:53.986,12.80608,12.80842,0.00,0.00
2018.06.18 10:03:54.193,12.80608,12.80832,0.00,0.00
2018.06.18 10:03:54.311,12.80608,12.80842,0.00,0.00
2018.06.18 10:03:55.060,12.80608,12.80832,0.00,0.00
2018.06.18 10:03:55.502,12.80602,12.80818,0.00,0.00
2018.06.18 10:03:56.498,12.80601,12.80819,0.00,0.00
2018.06.18 10:03:57.192,12.80602,12.80818,0.00,0.00
2018.06.18 10:03:58.013,12.80602,12.80802,0.00,0.00
2018.06.18 10:03:58.078,12.80541,12.80771,0.00,0.00
2018.06.18 10:03:58.180,12.80542,12.80741,0.00,0.00
2018.06.18 10:03:58.231,12.80502,12.80741,0.00,0.00
2018.06.18 10:03:58.298,12.80499,12.80741,0.00,0.00
2018.06.18 10:03:58.501,12.80579,12.80751,0.00,0.00
2018.06.18 10:03:58.603,12.80608,12.80831,0.00,0.00
2018.06.18 10:03:58.654,12.80598,12.80832,0.00,0.00
2018.06.18 10:03:59.300,12.80611,12.80832,0.00,0.00
2018.06.18 10:03:59.489,12.80598,12.80832,0.00,0.00
2018.06.18 10:03:59.733,12.80578,12.80832,0.00,0.00
2018.06.18 10:04:00.188,12.80578,12.80841,0.00,0.00
2018.06.18 10:04:00.239,12.80578,12.80832,0.00,0.00
2018.06.18 10:04:03.325,12.80578,12.80842,0.00,0.00
2018.06.18 10:04:03.376,12.80581,12.80841,0.00,0.00
2018.06.18 10:04:03.890,12.80601,12.80842,0.00,0.00
2018.06.18 10:04:05.541,12.80602,12.80842,0.00,0.00
2018.06.18 10:04:05.718,12.80578,12.80841,0.00,0.00
2018.06.18 10:04:05.794,12.80578,12.80831,0.00,0.00
2018.06.18 10:04:05.924,12.80578,12.80842,0.00,0.00
2018.06.18 10:04:09.262,12.80578,12.80832,0.00,0.00
2018.06.18 10:04:09.313,12.80571,12.80831,0.00,0.00
2018.06.18 10:04:09.364,12.80568,12.80831,0.00,0.00
2018.06.18 10:04:09.576,12.80568,12.80811,0.00,0.00
2018.06.18 10:04:10.359,12.80572,12.80811,0.00,0.00
2018.06.18 10:04:10.805,12.80571,12.80832,0.00,0.00
2018.06.18 10:04:11.828,12.80572,12.80832,0.00,0.00
2018.06.18 10:04:14.319,12.80601,12.80852,0.00,0.00
2018.06.18 10:04:14.911,12.80599,12.80852,0.00,0.00
2018.06.18 10:04:15.057,12.80599,12.80832,0.00,0.00
2018.06.18 10:04:17.682,12.80599,12.80841,0.00,0.00
2018.06.18 10:04:17.733,12.80588,12.80841,0.00,0.00
2018.06.18 10:04:17.802,12.80572,12.80841,0.00,0.00
2018.06.18 10:04:17.853,12.80572,12.80832,0.00,0.00
2018.06.18 10:04:18.383,12.80571,12.80832,0.00,0.00
2018.06.18 10:04:18.940,12.80571,12.80841,0.00,0.00
2018.06.18 10:04:19.703,12.80572,12.80841,0.00,0.00
2018.06.18 10:04:20.421,12.80571,12.80841,0.00,0.00
2018.06.18 10:04:20.519,12.80571,12.80832,0.00,0.00
2018.06.18 10:04:20.671,12.80572,12.80841,0.00,0.00
2018.06.18 10:04:22.538,12.80571,12.80841,0.00,0.00
2018.06.18 10:04:24.056,12.80572,12.80841,0.00,0.00
2018.06.18 10:04:25.940,12.80571,12.80841,0.00,0.00
2018.06.18 10:04:26.474,12.80572,12.80841,0.00,0.00
2018.06.18 10:04:32.681,12.80571,12.80841,0.00,0.00
2018.06.18 10:04:33.245,12.80572,12.80841,0.00,0.00
2018.06.18 10:04:33.742,12.80588,12.80851,0.00,0.00
2018.06.18 10:04:35.127,12.80608,12.80851,0.00,0.00
2018.06.18 10:04:35.178,12.80619,12.80872,0.00,0.00
2018.06.18 10:04:35.279,12.80608,12.80851,0.00,0.00
2018.06.18 10:04:35.330,12.80598,12.80842,0.00,0.00
2018.06.18 10:04:36.266,12.80588,12.80842,0.00,0.00
2018.06.18 10:04:37.280,12.80588,12.80831,0.00,0.00
2018.06.18 10:04:41.776,12.80588,12.80842,0.00,0.00
2018.06.18 10:04:42.560,12.80588,12.80841,0.00,0.00
2018.06.18 10:04:43.212,12.80588,12.80842,0.00,0.00
2018.06.18 10:04:44.271,12.80601,12.80861,0.00,0.00
2018.06.18 10:04:44.587,12.80598,12.80852,0.00,0.00
2018.06.18 10:04:44.772,12.80601,12.80862,0.00,0.00
2018.06.18 10:04:44.923,12.80598,12.80852,0.00,0.00
2018.06.18 10:04:45.525,12.80589,12.80841,0.00,0.00
2018.06.18 10:04:46.310,12.80589,12.80832,0.00,0.00
2018.06.18 10:04:46.845,12.80588,12.80831,0.00,0.00
2018.06.18 10:04:48.170,12.80588,12.80832,0.00,0.00
2018.06.18 10:04:48.271,12.80589,12.80842,0.00,0.00
2018.06.18 10:04:48.498,12.80601,12.80851,0.00,0.00
2018.06.18 10:04:49.262,12.80589,12.80851,0.00,0.00
2018.06.18 10:04:52.547,12.80589,12.80842,0.00,0.00
2018.06.18 10:04:52.699,12.80589,12.80851,0.00,0.00
2018.06.18 10:04:52.800,12.80589,12.80832,0.00,0.00
2018.06.18 10:04:55.807,12.80579,12.80832,0.00,0.00
2018.06.18 10:04:56.090,12.80579,12.80822,0.00,0.00
2018.06.18 10:04:58.645,12.80579,12.80831,0.00,0.00
2018.06.18 10:05:00.106,12.80579,12.80822,0.00,0.00
2018.06.18 10:05:00.456,12.80579,12.80831,0.00,0.00
2018.06.18 10:05:02.310,12.80579,12.80841,0.00,0.00
2018.06.18 10:05:03.415,12.80601,12.80851,0.00,0.00
2018.06.18 10:05:03.465,12.80598,12.80851,0.00,0.00
2018.06.18 10:05:03.566,12.80598,12.80842,0.00,0.00
2018.06.18 10:05:04.010,12.80628,12.80851,0.00,0.00
2018.06.18 10:05:04.968,12.80628,12.80842,0.00,0.00
2018.06.18 10:05:05.018,12.80618,12.80842,0.00,0.00
2018.06.18 10:05:05.069,12.80639,12.80842,0.00,0.00
2018.06.18 10:05:05.120,12.80638,12.80852,0.00,0.00
2018.06.18 10:05:05.687,12.80638,12.80851,0.00,0.00
2018.06.18 10:05:07.147,12.80699,12.80921,0.00,0.00
2018.06.18 10:05:08.220,12.80699,12.80931,0.00,0.00
2018.06.18 10:05:14.525,12.80699,12.80921,0.00,0.00
2018.06.18 10:05:14.887,12.80699,12.80931,0.00,0.00
2018.06.18 10:05:15.602,12.80699,12.80922,0.00,0.00
2018.06.18 10:05:15.703,12.80699,12.80931,0.00,0.00
2018.06.18 10:05:16.044,12.80699,12.80941,0.00,0.00
2018.06.18 10:05:16.094,12.80718,12.80941,0.00,0.00
2018.06.18 10:05:18.340,12.80718,12.80942,0.00,0.00
2018.06.18 10:05:18.441,12.80718,12.80951,0.00,0.00
2018.06.18 10:05:18.743,12.80718,12.80942,0.00,0.00
2018.06.18 10:05:18.894,12.80718,12.80951,0.00,0.00
2018.06.18 10:05:20.041,12.80739,12.80951,0.00,0.00
2018.06.18 10:05:20.142,12.80739,12.80971,0.00,0.00
2018.06.18 10:05:20.193,12.80808,12.81002,0.00,0.00
2018.06.18 10:05:20.297,12.80808,12.81021,0.00,0.00
2018.06.18 10:05:20.799,12.80808,12.81022,0.00,0.00
2018.06.18 10:05:22.434,12.80808,12.81021,0.00,0.00
2018.06.18 10:05:23.744,12.80808,12.81022,0.00,0.00
2018.06.18 10:05:23.795,12.80839,12.81051,0.00,0.00
2018.06.18 10:05:24.152,12.80838,12.81042,0.00,0.00
2018.06.18 10:05:24.203,12.80818,12.81042,0.00,0.00
2018.06.18 10:05:24.417,12.80818,12.81031,0.00,0.00
2018.06.18 10:05:24.625,12.80818,12.81042,0.00,0.00
2018.06.18 10:05:24.757,12.80818,12.81051,0.00,0.00
2018.06.18 10:05:24.872,12.80838,12.81052,0.00,0.00
2018.06.18 10:05:25.126,12.80858,12.81078,0.00,0.00
2018.06.18 10:05:25.290,12.80838,12.81052,0.00,0.00
2018.06.18 10:05:25.756,12.80838,12.81071,0.00,0.00
2018.06.18 10:05:25.808,12.80848,12.81071,0.00,0.00
2018.06.18 10:05:25.930,12.80828,12.81052,0.00,0.00
2018.06.18 10:05:26.032,12.80858,12.81071,0.00,0.00
2018.06.18 10:05:28.705,12.80858,12.81051,0.00,0.00
2018.06.18 10:05:28.759,12.80839,12.81051,0.00,0.00
2018.06.18 10:05:29.155,12.80839,12.81071,0.00,0.00
2018.06.18 10:05:29.206,12.80858,12.81071,0.00,0.00
2018.06.18 10:05:29.911,12.80838,12.81078,0.00,0.00
2018.06.18 10:05:30.012,12.80838,12.81052,0.00,0.00
2018.06.18 10:05:32.301,12.80838,12.81051,0.00,0.00
2018.06.18 10:05:33.237,12.80888,12.81092,0.00,0.00
2018.06.18 10:05:35.170,12.80829,12.81072,0.00,0.00
2018.06.18 10:05:35.221,12.80829,12.81051,0.00,0.00
2018.06.18 10:05:35.553,12.80888,12.81092,0.00,0.00
2018.06.18 10:05:37.255,12.80888,12.81112,0.00,0.00
2018.06.18 10:05:42.640,12.80859,12.81071,0.00,0.00
2018.06.18 10:05:42.761,12.80828,12.81052,0.00,0.00
2018.06.18 10:05:42.813,12.80809,12.81052,0.00,0.00
2018.06.18 10:05:42.863,12.80808,12.81041,0.00,0.00
2018.06.18 10:05:46.662,12.80808,12.81042,0.00,0.00
2018.06.18 10:05:51.079,12.80808,12.81031,0.00,0.00
2018.06.18 10:05:51.157,12.80808,12.81042,0.00,0.00
2018.06.18 10:05:52.919,12.80808,12.81032,0.00,0.00
2018.06.18 10:05:54.836,12.80798,12.81032,0.00,0.00
2018.06.18 10:05:55.429,12.80798,12.81042,0.00,0.00
2018.06.18 10:05:56.272,12.80798,12.81031,0.00,0.00
2018.06.18 10:05:56.379,12.80798,12.81042,0.00,0.00
2018.06.18 10:05:56.664,12.80798,12.81032,0.00,0.00
2018.06.18 10:05:59.059,12.80798,12.81042,0.00,0.00
2018.06.18 10:06:00.456,12.80798,12.81032,0.00,0.00
2018.06.18 10:06:01.046,12.80798,12.81042,0.00,0.00
2018.06.18 10:06:01.224,12.80798,12.81032,0.00,0.00
2018.06.18 10:06:02.560,12.80798,12.81041,0.00,0.00
2018.06.18 10:06:03.081,12.80798,12.81051,0.00,0.00
2018.06.18 10:06:03.232,12.80798,12.81041,0.00,0.00
2018.06.18 10:06:07.245,12.80799,12.81052,0.00,0.00
2018.06.18 10:06:07.346,12.80819,12.81052,0.00,0.00
2018.06.18 10:06:11.514,12.80819,12.81051,0.00,0.00
2018.06.18 10:06:12.875,12.80818,12.81051,0.00,0.00
2018.06.18 10:06:14.266,12.80802,12.81051,0.00,0.00
2018.06.18 10:06:14.939,12.80799,12.81028,0.00,0.00
2018.06.18 10:06:14.990,12.80789,12.81028,0.00,0.00
2018.06.18 10:06:15.041,12.80789,12.81031,0.00,0.00
2018.06.18 10:06:15.949,12.80789,12.81021,0.00,0.00
2018.06.18 10:06:16.062,12.80789,12.81032,0.00,0.00
2018.06.18 10:06:16.294,12.80789,12.81021,0.00,0.00
2018.06.18 10:06:17.108,12.80768,12.81021,0.00,0.00
2018.06.18 10:06:17.159,12.80761,12.81021,0.00,0.00
2018.06.18 10:06:17.209,12.80761,12.81011,0.00,0.00
2018.06.18 10:06:18.031,12.80731,12.80992,0.00,0.00
2018.06.18 10:06:18.961,12.80742,12.80992,0.00,0.00
2018.06.18 10:06:19.150,12.80732,12.80992,0.00,0.00
2018.06.18 10:06:19.667,12.80731,12.80992,0.00,0.00
2018.06.18 10:06:21.680,12.80732,12.80992,0.00,0.00
2018.06.18 10:06:25.383,12.80731,12.80992,0.00,0.00
2018.06.18 10:06:26.526,12.80738,12.80992,0.00,0.00
2018.06.18 10:06:27.062,12.80749,12.81002,0.00,0.00
2018.06.18 10:06:27.502,12.80749,12.81011,0.00,0.00
2018.06.18 10:06:30.951,12.80748,12.81011,0.00,0.00
2018.06.18 10:06:31.035,12.80739,12.81011,0.00,0.00
2018.06.18 10:06:32.929,12.80748,12.81011,0.00,0.00
2018.06.18 10:06:34.584,12.80831,12.81031,0.00,0.00
2018.06.18 10:06:34.736,12.80802,12.81031,0.00,0.00
2018.06.18 10:06:34.895,12.80792,12.81011,0.00,0.00
2018.06.18 10:06:35.580,12.80772,12.81011,0.00,0.00
2018.06.18 10:06:38.694,12.80781,12.81021,0.00,0.00
2018.06.18 10:06:38.940,12.80801,12.81021,0.00,0.00
2018.06.18 10:06:39.434,12.80771,12.81021,0.00,0.00
2018.06.18 10:06:39.965,12.80772,12.81021,0.00,0.00
2018.06.18 10:06:40.116,12.80771,12.81012,0.00,0.00
2018.06.18 10:06:40.218,12.80762,12.81011,0.00,0.00
2018.06.18 10:06:41.239,12.80751,12.81011,0.00,0.00
2018.06.18 10:06:43.380,12.80762,12.81011,0.00,0.00
2018.06.18 10:06:43.721,12.80771,12.81011,0.00,0.00
2018.06.18 10:06:44.331,12.80752,12.81011,0.00,0.00
2018.06.18 10:06:44.939,12.80751,12.81011,0.00,0.00
2018.06.18 10:06:45.499,12.80752,12.81011,0.00,0.00
2018.06.18 10:06:46.654,12.80751,12.81011,0.00,0.00
2018.06.18 10:06:47.249,12.80752,12.81011,0.00,0.00
2018.06.18 10:06:47.911,12.80751,12.81011,0.00,0.00
2018.06.18 10:06:48.651,12.80761,12.81011,0.00,0.00
2018.06.18 10:06:49.230,12.80762,12.81011,0.00,0.00
2018.06.18 10:06:49.981,12.80761,12.81011,0.00,0.00
2018.06.18 10:06:50.532,12.80771,12.81011,0.00,0.00
2018.06.18 10:06:50.788,12.80762,12.81022,0.00,0.00
2018.06.18 10:06:50.939,12.80772,12.81022,0.00,0.00
2018.06.18 10:06:51.529,12.80771,12.81022,0.00,0.00
2018.06.18 10:06:54.046,12.80771,12.81021,0.00,0.00
2018.06.18 10:06:54.616,12.80771,12.81022,0.00,0.00
2018.06.18 10:06:54.667,12.80762,12.81022,0.00,0.00
2018.06.18 10:06:54.988,12.80762,12.81011,0.00,0.00
2018.06.18 10:06:55.140,12.80772,12.81022,0.00,0.00
2018.06.18 10:06:55.319,12.80772,12.81012,0.00,0.00
2018.06.18 10:06:55.420,12.80771,12.81022,0.00,0.00
2018.06.18 10:06:55.574,12.80771,12.81012,0.00,0.00
2018.06.18 10:06:55.699,12.80771,12.81021,0.00,0.00
2018.06.18 10:06:56.223,12.80801,12.81021,0.00,0.00
2018.06.18 10:06:56.827,12.80802,12.81021,0.00,0.00
2018.06.18 10:06:57.538,12.80792,12.81021,0.00,0.00
2018.06.18 10:06:57.589,12.80792,12.81011,0.00,0.00
2018.06.18 10:06:57.824,12.80772,12.81001,0.00,0.00
2018.06.18 10:06:58.609,12.80772,12.81011,0.00,0.00
2018.06.18 10:06:59.141,12.80771,12.81011,0.00,0.00
2018.06.18 10:06:59.298,12.80801,12.81011,0.00,0.00
2018.06.18 10:06:59.349,12.80801,12.81022,0.00,0.00
2018.06.18 10:06:59.656,12.80791,12.81022,0.00,0.00
2018.06.18 10:06:59.707,12.80792,12.81011,0.00,0.00
2018.06.18 10:06:59.784,12.80792,12.81022,0.00,0.00
2018.06.18 10:07:00.271,12.80792,12.81012,0.00,0.00
2018.06.18 10:07:00.423,12.80832,12.81071,0.00,0.00
2018.06.18 10:07:00.525,12.80831,12.81082,0.00,0.00
2018.06.18 10:07:00.576,12.80831,12.81091,0.00,0.00
2018.06.18 10:07:02.150,12.80842,12.81091,0.00,0.00
2018.06.18 10:07:02.931,12.80861,12.81091,0.00,0.00
2018.06.18 10:07:04.460,12.80842,12.81091,0.00,0.00
2018.06.18 10:07:05.567,12.80842,12.81081,0.00,0.00
2018.06.18 10:07:06.180,12.80841,12.81081,0.00,0.00
2018.06.18 10:07:06.499,12.80831,12.81081,0.00,0.00
2018.06.18 10:07:06.650,12.80842,12.81081,0.00,0.00
2018.06.18 10:07:07.371,12.80841,12.81081,0.00,0.00
2018.06.18 10:07:08.216,12.80841,12.81091,0.00,0.00
2018.06.18 10:07:10.095,12.80852,12.81091,0.00,0.00
2018.06.18 10:07:10.495,12.80852,12.81101,0.00,0.00
2018.06.18 10:07:11.313,12.80851,12.81101,0.00,0.00
2018.06.18 10:07:12.558,12.80852,12.81101,0.00,0.00
2018.06.18 10:07:13.040,12.80842,12.81101,0.00,0.00
2018.06.18 10:07:13.483,12.80861,12.81101,0.00,0.00
2018.06.18 10:07:14.050,12.80862,12.81101,0.00,0.00
2018.06.18 10:07:14.250,12.80851,12.81101,0.00,0.00
2018.06.18 10:07:15.089,12.80852,12.81101,0.00,0.00
2018.06.18 10:07:15.811,12.80851,12.81101,0.00,0.00
2018.06.18 10:07:16.365,12.80852,12.81101,0.00,0.00
2018.06.18 10:07:16.942,12.80862,12.81101,0.00,0.00
2018.06.18 10:07:17.303,12.80882,12.81111,0.00,0.00
2018.06.18 10:07:17.787,12.80881,12.81102,0.00,0.00
2018.06.18 10:07:17.838,12.80881,12.81111,0.00,0.00
2018.06.18 10:07:18.168,12.80881,12.81101,0.00,0.00
2018.06.18 10:07:18.219,12.80839,12.81101,0.00,0.00
2018.06.18 10:07:18.550,12.80839,12.81072,0.00,0.00
2018.06.18 10:07:18.922,12.80838,12.81022,0.00,0.00
2018.06.18 10:07:20.985,12.80738,12.81022,0.00,0.00
2018.06.18 10:07:21.073,12.80738,12.81001,0.00,0.00
2018.06.18 10:07:21.616,12.80738,12.81002,0.00,0.00
2018.06.18 10:07:22.080,12.80771,12.81002,0.00,0.00
2018.06.18 10:07:22.657,12.80738,12.81011,0.00,0.00
2018.06.18 10:07:23.246,12.80738,12.81012,0.00,0.00
2018.06.18 10:07:23.297,12.80771,12.81001,0.00,0.00
2018.06.18 10:07:23.478,12.80738,12.81011,0.00,0.00
2018.06.18 10:07:24.354,12.80738,12.81002,0.00,0.00
2018.06.18 10:07:24.732,12.80538,12.80801,0.00,0.00
2018.06.18 10:07:25.062,12.80578,12.80801,0.00,0.00
2018.06.18 10:07:26.846,12.80578,12.80811,0.00,0.00
2018.06.18 10:07:26.974,12.80578,12.80802,0.00,0.00
2018.06.18 10:07:27.981,12.80578,12.80812,0.00,0.00
2018.06.18 10:07:28.518,12.80578,12.80802,0.00,0.00
2018.06.18 10:07:29.031,12.80578,12.80792,0.00,0.00
2018.06.18 10:07:30.346,12.80608,12.80821,0.00,0.00
2018.06.18 10:07:30.397,12.80588,12.80821,0.00,0.00
2018.06.18 10:07:30.448,12.80588,12.80801,0.00,0.00
2018.06.18 10:07:30.498,12.80578,12.80801,0.00,0.00
2018.06.18 10:07:31.301,12.80578,12.80802,0.00,0.00
2018.06.18 10:07:31.410,12.80578,12.80812,0.00,0.00
2018.06.18 10:07:32.497,12.80578,12.80802,0.00,0.00
2018.06.18 10:07:32.624,12.80578,12.80812,0.00,0.00
2018.06.18 10:07:32.754,12.80578,12.80801,0.00,0.00
2018.06.18 10:07:33.578,12.80578,12.80812,0.00,0.00
2018.06.18 10:07:33.719,12.80578,12.80802,0.00,0.00
2018.06.18 10:07:34.460,12.80578,12.80812,0.00,0.00
2018.06.18 10:07:36.672,12.80578,12.80802,0.00,0.00
2018.06.18 10:07:38.534,12.80578,12.80812,0.00,0.00
2018.06.18 10:07:38.685,12.80578,12.80802,0.00,0.00
2018.06.18 10:07:39.009,12.80578,12.80812,0.00,0.00
2018.06.18 10:07:39.060,12.80608,12.80812,0.00,0.00
2018.06.18 10:07:39.111,12.80598,12.80812,0.00,0.00
2018.06.18 10:07:39.162,12.80598,12.80822,0.00,0.00
2018.06.18 10:07:40.185,12.80598,12.80832,0.00,0.00
2018.06.18 10:07:40.826,12.80599,12.80832,0.00,0.00
2018.06.18 10:07:43.019,12.80611,12.80832,0.00,0.00
2018.06.18 10:07:43.069,12.80598,12.80842,0.00,0.00
2018.06.18 10:07:43.617,12.80598,12.80852,0.00,0.00
2018.06.18 10:07:43.720,12.80609,12.80852,0.00,0.00
2018.06.18 10:07:43.883,12.80658,12.80921,0.00,0.00
2018.06.18 10:07:44.523,12.80678,12.80921,0.00,0.00
2018.06.18 10:07:45.601,12.80678,12.80912,0.00,0.00
2018.06.18 10:07:47.285,12.80679,12.80921,0.00,0.00
2018.06.18 10:07:47.438,12.80669,12.80921,0.00,0.00
2018.06.18 10:07:49.409,12.80669,12.80929,0.00,0.00
2018.06.18 10:07:49.504,12.80679,12.80931,0.00,0.00
2018.06.18 10:07:49.555,12.80669,12.80929,0.00,0.00
2018.06.18 10:07:50.133,12.80679,12.80929,0.00,0.00
2018.06.18 10:07:50.657,12.80678,12.80928,0.00,0.00
2018.06.18 10:07:50.708,12.80669,12.80928,0.00,0.00
2018.06.18 10:07:51.398,12.80678,12.80932,0.00,0.00
2018.06.18 10:07:51.909,12.80679,12.80928,0.00,0.00
2018.06.18 10:07:51.960,12.80669,12.80928,0.00,0.00
2018.06.18 10:07:52.783,12.80669,12.80932,0.00,0.00
2018.06.18 10:07:52.833,12.80679,12.80932,0.00,0.00
2018.06.18 10:07:52.963,12.80669,12.80932,0.00,0.00
2018.06.18 10:07:53.090,12.80669,12.80928,0.00,0.00
2018.06.18 10:07:53.805,12.80669,12.80929,0.00,0.00
2018.06.18 10:07:56.497,12.80678,12.80929,0.00,0.00
2018.06.18 10:07:56.548,12.80678,12.80932,0.00,0.00
2018.06.18 10:07:56.624,12.80688,12.80932,0.00,0.00
2018.06.18 10:07:57.043,12.80678,12.80932,0.00,0.00
2018.06.18 10:07:58.870,12.80689,12.80932,0.00,0.00
2018.06.18 10:07:59.058,12.80689,12.80941,0.00,0.00
2018.06.18 10:07:59.189,12.80698,12.80941,0.00,0.00
2018.06.18 10:08:00.279,12.80699,12.80952,0.00,0.00
2018.06.18 10:08:00.743,12.80689,12.80949,0.00,0.00
2018.06.18 10:08:01.398,12.80689,12.80948,0.00,0.00
2018.06.18 10:08:02.285,12.80689,12.80952,0.00,0.00
2018.06.18 10:08:04.981,12.80698,12.80952,0.00,0.00
2018.06.18 10:08:05.370,12.80709,12.80952,0.00,0.00
2018.06.18 10:08:11.618,12.80689,12.80848,0.00,0.00
2018.06.18 10:08:11.720,12.80598,12.80842,0.00,0.00
2018.06.18 10:08:12.545,12.80599,12.80842,0.00,0.00
2018.06.18 10:08:30.671,12.80589,12.80838,0.00,0.00
2018.06.18 10:08:30.721,12.80589,12.80832,0.00,0.00
2018.06.18 10:08:30.823,12.80498,12.80742,0.00,0.00
2018.06.18 10:08:31.331,12.80499,12.80742,0.00,0.00
2018.06.18 10:08:32.121,12.80509,12.80742,0.00,0.00
2018.06.18 10:08:33.484,12.80499,12.80742,0.00,0.00
2018.06.18 10:08:34.496,12.80499,12.80738,0.00,0.00
2018.06.18 10:08:34.570,12.80499,12.80742,0.00,0.00
2018.06.18 10:08:42.213,12.80498,12.80742,0.00,0.00
2018.06.18 10:08:42.736,12.80499,12.80742,0.00,0.00
2018.06.18 10:08:44.768,12.80568,12.80772,0.00,0.00
2018.06.18 10:08:44.818,12.80578,12.80812,0.00,0.00
2018.06.18 10:08:44.971,12.80579,12.80838,0.00,0.00
2018.06.18 10:08:45.174,12.80579,12.80822,0.00,0.00
2018.06.18 10:08:45.561,12.80579,12.80819,0.00,0.00
2018.06.18 10:08:45.914,12.80579,12.80809,0.00,0.00
2018.06.18 10:08:49.330,12.80579,12.80829,0.00,0.00
2018.06.18 10:08:49.380,12.80569,12.80769,0.00,0.00
2018.06.18 10:08:49.431,12.80508,12.80761,0.00,0.00
2018.06.18 10:08:49.966,12.80509,12.80761,0.00,0.00
2018.06.18 10:08:50.094,12.80519,12.80761,0.00,0.00
2018.06.18 10:08:50.909,12.80509,12.80761,0.00,0.00
2018.06.18 10:08:52.074,12.80511,12.80761,0.00,0.00
2018.06.18 10:08:52.501,12.80578,12.80799,0.00,0.00
2018.06.18 10:08:52.551,12.80578,12.80812,0.00,0.00
2018.06.18 10:08:52.652,12.80578,12.80818,0.00,0.00
2018.06.18 10:08:53.160,12.80579,12.80818,0.00,0.00
2018.06.18 10:08:53.268,12.80589,12.80828,0.00,0.00
2018.06.18 10:08:53.823,12.80589,12.80829,0.00,0.00
2018.06.18 10:08:56.362,12.80589,12.80828,0.00,0.00
2018.06.18 10:08:56.841,12.80579,12.80828,0.00,0.00
2018.06.18 10:08:58.395,12.80579,12.80819,0.00,0.00
2018.06.18 10:08:58.497,12.80519,12.80768,0.00,0.00
2018.06.18 10:08:58.548,12.80548,12.80792,0.00,0.00
2018.06.18 10:08:58.861,12.80578,12.80822,0.00,0.00
2018.06.18 10:08:59.233,12.80578,12.80828,0.00,0.00
2018.06.18 10:08:59.761,12.80578,12.80829,0.00,0.00
2018.06.18 10:09:00.148,12.80599,12.80828,0.00,0.00
2018.06.18 10:09:00.745,12.80599,12.80829,0.00,0.00
2018.06.18 10:09:01.421,12.80599,12.80828,0.00,0.00
2018.06.18 10:09:02.689,12.80599,12.80829,0.00,0.00
2018.06.18 10:09:07.498,12.80599,12.80828,0.00,0.00
2018.06.18 10:09:08.070,12.80599,12.80829,0.00,0.00
2018.06.18 10:09:08.459,12.80599,12.80849,0.00,0.00
2018.06.18 10:09:08.529,12.80609,12.80849,0.00,0.00
2018.06.18 10:09:08.780,12.80599,12.80849,0.00,0.00
2018.06.18 10:09:09.462,12.80599,12.80852,0.00,0.00
2018.06.18 10:09:09.512,12.80609,12.80861,0.00,0.00
2018.06.18 10:09:10.050,12.80608,12.80861,0.00,0.00
2018.06.18 10:09:10.712,12.80609,12.80861,0.00,0.00
2018.06.18 10:09:11.040,12.80619,12.80861,0.00,0.00
2018.06.18 10:09:11.812,12.80609,12.80861,0.00,0.00
2018.06.18 10:09:12.311,12.80618,12.80861,0.00,0.00
2018.06.18 10:09:13.093,12.80608,12.80861,0.00,0.00
2018.06.18 10:09:13.755,12.80618,12.80861,0.00,0.00
2018.06.18 10:09:15.780,12.80609,12.80861,0.00,0.00
2018.06.18 10:09:16.344,12.80608,12.80861,0.00,0.00
2018.06.18 10:09:16.845,12.80609,12.80861,0.00,0.00
2018.06.18 10:09:17.396,12.80608,12.80861,0.00,0.00
2018.06.18 10:09:18.339,12.80608,12.80858,0.00,0.00
2018.06.18 10:09:18.552,12.80608,12.80861,0.00,0.00
2018.06.18 10:09:22.014,12.80638,12.80861,0.00,0.00
2018.06.18 10:09:22.110,12.80629,12.80861,0.00,0.00
2018.06.18 10:09:22.163,12.80629,12.80858,0.00,0.00
2018.06.18 10:09:22.214,12.80608,12.80859,0.00,0.00
2018.06.18 10:09:26.121,12.80608,12.80861,0.00,0.00
2018.06.18 10:09:26.729,12.80609,12.80861,0.00,0.00
2018.06.18 10:09:27.324,12.80608,12.80861,0.00,0.00
2018.06.18 10:09:30.125,12.80609,12.80861,0.00,0.00
2018.06.18 10:09:31.608,12.80608,12.80861,0.00,0.00
2018.06.18 10:09:31.658,12.80608,12.80859,0.00,0.00
2018.06.18 10:09:33.510,12.80608,12.80862,0.00,0.00
2018.06.18 10:09:38.815,12.80608,12.80858,0.00,0.00
2018.06.18 10:09:39.379,12.80608,12.80859,0.00,0.00
2018.06.18 10:09:42.841,12.80608,12.80862,0.00,0.00
2018.06.18 10:09:43.001,12.80628,12.80862,0.00,0.00
2018.06.18 10:09:43.410,12.80609,12.80862,0.00,0.00
2018.06.18 10:09:45.129,12.80618,12.80862,0.00,0.00
2018.06.18 10:09:45.275,12.80618,12.80868,0.00,0.00
2018.06.18 10:09:45.326,12.80648,12.80862,0.00,0.00
2018.06.18 10:09:45.404,12.80629,12.80862,0.00,0.00
2018.06.18 10:09:45.789,12.80619,12.80862,0.00,0.00
2018.06.18 10:09:48.461,12.80648,12.80868,0.00,0.00
2018.06.18 10:09:48.562,12.80668,12.80898,0.00,0.00
2018.06.18 10:09:48.665,12.80678,12.80902,0.00,0.00
2018.06.18 10:09:49.237,12.80678,12.80919,0.00,0.00
2018.06.18 10:09:49.288,12.80678,12.80909,0.00,0.00
2018.06.18 10:09:49.678,12.80678,12.80899,0.00,0.00
2018.06.18 10:09:50.567,12.80678,12.80898,0.00,0.00
2018.06.18 10:09:50.769,12.80618,12.80869,0.00,0.00
2018.06.18 10:09:52.690,12.80608,12.80868,0.00,0.00
2018.06.18 10:09:52.741,12.80619,12.80868,0.00,0.00
2018.06.18 10:09:53.339,12.80619,12.80869,0.00,0.00
2018.06.18 10:09:54.965,12.80658,12.80869,0.00,0.00
2018.06.18 10:09:55.019,12.80678,12.80899,0.00,0.00
2018.06.18 10:09:55.499,12.80678,12.80912,0.00,0.00
2018.06.18 10:09:56.690,12.80678,12.80898,0.00,0.00
2018.06.18 10:09:57.300,12.80678,12.80899,0.00,0.00
2018.06.18 10:09:57.946,12.80679,12.80928,0.00,0.00
2018.06.18 10:09:58.586,12.80679,12.80929,0.00,0.00
2018.06.18 10:09:58.687,12.80688,12.80939,0.00,0.00
2018.06.18 10:09:59.053,12.80698,12.80939,0.00,0.00
2018.06.18 10:09:59.819,12.80698,12.80942,0.00,0.00
2018.06.18 10:10:00.642,12.80709,12.80942,0.00,0.00
2018.06.18 10:10:00.744,12.80709,12.80962,0.00,0.00
2018.06.18 10:10:02.024,12.80709,12.80968,0.00,0.00
2018.06.18 10:10:02.075,12.80699,12.80941,0.00,0.00
2018.06.18 10:10:02.584,12.80698,12.80941,0.00,0.00
2018.06.18 10:10:04.589,12.80688,12.80939,0.00,0.00
2018.06.18 10:10:05.228,12.80689,12.80938,0.00,0.00
2018.06.18 10:10:05.859,12.80689,12.80941,0.00,0.00
2018.06.18 10:10:07.937,12.80688,12.80941,0.00,0.00
2018.06.18 10:10:12.325,12.80688,12.80949,0.00,0.00
2018.06.18 10:10:12.868,12.80689,12.80948,0.00,0.00
2018.06.18 10:10:15.045,12.80688,12.80948,0.00,0.00
2018.06.18 10:10:15.793,12.80688,12.80949,0.00,0.00
2018.06.18 10:10:17.570,12.80688,12.80869,0.00,0.00
2018.06.18 10:10:17.722,12.80608,12.80862,0.00,0.00
2018.06.18 10:10:18.128,12.80608,12.80858,0.00,0.00
2018.06.18 10:10:18.532,12.80599,12.80858,0.00,0.00
2018.06.18 10:10:20.745,12.80599,12.80861,0.00,0.00
2018.06.18 10:10:20.847,12.80608,12.80861,0.00,0.00
2018.06.18 10:10:20.980,12.80599,12.80861,0.00,0.00
2018.06.18 10:10:23.094,12.80609,12.80861,0.00,0.00
2018.06.18 10:10:24.147,12.80599,12.80851,0.00,0.00
2018.06.18 10:10:24.472,12.80599,12.80839,0.00,0.00
2018.06.18 10:10:24.523,12.80588,12.80829,0.00,0.00
2018.06.18 10:10:24.666,12.80588,12.80801,0.00,0.00
2018.06.18 10:10:24.717,12.80519,12.80769,0.00,0.00
2018.06.18 10:10:24.768,12.80519,12.80759,0.00,0.00
2018.06.18 10:10:24.870,12.80499,12.80758,0.00,0.00
2018.06.18 10:10:25.301,12.80499,12.80761,0.00,0.00
2018.06.18 10:10:25.372,12.80509,12.80761,0.00,0.00
2018.06.18 10:10:26.043,12.80518,12.80761,0.00,0.00
2018.06.18 10:10:26.203,12.80509,12.80762,0.00,0.00
2018.06.18 10:10:27.767,12.80518,12.80762,0.00,0.00
2018.06.18 10:10:27.918,12.80499,12.80762,0.00,0.00
2018.06.18 10:10:27.969,12.80499,12.80759,0.00,0.00
2018.06.18 10:10:28.272,12.80499,12.80749,0.00,0.00
2018.06.18 10:10:28.342,12.80499,12.80762,0.00,0.00
2018.06.18 10:10:28.495,12.80578,12.80799,0.00,0.00
2018.06.18 10:10:28.647,12.80519,12.80768,0.00,0.00
2018.06.18 10:10:29.154,12.80519,12.80771,0.00,0.00
2018.06.18 10:10:29.205,12.80579,12.80799,0.00,0.00
2018.06.18 10:10:29.307,12.80518,12.80769,0.00,0.00
2018.06.18 10:10:29.822,12.80518,12.80768,0.00,0.00
2018.06.18 10:10:29.946,12.80559,12.80812,0.00,0.00
2018.06.18 10:10:29.997,12.80559,12.80809,0.00,0.00
2018.06.18 10:10:30.379,12.80579,12.80818,0.00,0.00
2018.06.18 10:10:30.920,12.80579,12.80819,0.00,0.00
2018.06.18 10:10:31.372,12.80589,12.80828,0.00,0.00
2018.06.18 10:10:32.082,12.80579,12.80828,0.00,0.00
2018.06.18 10:10:32.133,12.80579,12.80818,0.00,0.00
2018.06.18 10:10:33.452,12.80579,12.80828,0.00,0.00
2018.06.18 10:10:35.672,12.80588,12.80828,0.00,0.00
2018.06.18 10:10:36.101,12.80588,12.80831,0.00,0.00
2018.06.18 10:10:36.702,12.80589,12.80831,0.00,0.00
2018.06.18 10:10:37.023,12.80589,12.80829,0.00,0.00
2018.06.18 10:10:37.124,12.80579,12.80829,0.00,0.00
2018.06.18 10:10:37.275,12.80598,12.80849,0.00,0.00
2018.06.18 10:10:37.658,12.80588,12.80849,0.00,0.00
2018.06.18 10:10:37.709,12.80588,12.80839,0.00,0.00
2018.06.18 10:10:37.830,12.80579,12.80839,0.00,0.00
2018.06.18 10:10:37.881,12.80579,12.80829,0.00,0.00
2018.06.18 10:10:38.354,12.80588,12.80828,0.00,0.00
2018.06.18 10:10:39.199,12.80588,12.80839,0.00,0.00
2018.06.18 10:10:39.455,12.80579,12.80829,0.00,0.00
2018.06.18 10:10:39.776,12.80518,12.80768,0.00,0.00
2018.06.18 10:10:40.336,12.80518,12.80769,0.00,0.00
2018.06.18 10:10:40.843,12.80529,12.80769,0.00,0.00
2018.06.18 10:10:40.893,12.80578,12.80839,0.00,0.00
2018.06.18 10:10:40.995,12.80588,12.80839,0.00,0.00
2018.06.18 10:10:41.759,12.80588,12.80848,0.00,0.00
2018.06.18 10:10:42.089,12.80598,12.80849,0.00,0.00
2018.06.18 10:10:42.843,12.80598,12.80852,0.00,0.00
2018.06.18 10:10:44.026,12.80598,12.80868,0.00,0.00
2018.06.18 10:10:44.127,12.80608,12.80869,0.00,0.00
2018.06.18 10:10:44.879,12.80608,12.80868,0.00,0.00
2018.06.18 10:10:46.051,12.80599,12.80858,0.00,0.00
2018.06.18 10:10:47.498,12.80599,12.80859,0.00,0.00
2018.06.18 10:10:47.549,12.80599,12.80869,0.00,0.00
2018.06.18 10:10:48.310,12.80598,12.80869,0.00,0.00
2018.06.18 10:10:48.726,12.80608,12.80869,0.00,0.00
2018.06.18 10:10:51.051,12.80598,12.80869,0.00,0.00
2018.06.18 10:10:51.463,12.80609,12.80858,0.00,0.00
2018.06.18 10:10:51.572,12.80599,12.80858,0.00,0.00
2018.06.18 10:10:51.679,12.80608,12.80858,0.00,0.00
2018.06.18 10:10:52.789,12.80598,12.80858,0.00,0.00
2018.06.18 10:10:52.897,12.80598,12.80869,0.00,0.00
2018.06.18 10:10:52.948,12.80588,12.80859,0.00,0.00
2018.06.18 10:10:53.592,12.80588,12.80858,0.00,0.00
2018.06.18 10:10:54.854,12.80588,12.80848,0.00,0.00
2018.06.18 10:10:55.244,12.80599,12.80849,0.00,0.00
2018.06.18 10:10:58.389,12.80599,12.80859,0.00,0.00
2018.06.18 10:10:59.850,12.80648,12.80881,0.00,0.00
2018.06.18 10:11:00.257,12.80679,12.80912,0.00,0.00
2018.06.18 10:11:01.075,12.80679,12.80919,0.00,0.00
2018.06.18 10:11:01.130,12.80688,12.80928,0.00,0.00
2018.06.18 10:11:02.290,12.80688,12.80931,0.00,0.00
2018.06.18 10:11:02.961,12.80678,12.80931,0.00,0.00
2018.06.18 10:11:03.324,12.80678,12.80929,0.00,0.00
2018.06.18 10:11:03.715,12.80689,12.80929,0.00,0.00
2018.06.18 10:11:04.224,12.80689,12.80928,0.00,0.00
2018.06.18 10:11:04.532,12.80709,12.80952,0.00,0.00
2018.06.18 10:11:04.840,12.80699,12.80952,0.00,0.00
2018.06.18 10:11:04.941,12.80699,12.80959,0.00,0.00
2018.06.18 10:11:06.139,12.80699,12.80961,0.00,0.00
2018.06.18 10:11:06.586,12.80709,12.80961,0.00,0.00
2018.06.18 10:11:06.936,12.80779,12.81021,0.00,0.00
2018.06.18 10:11:07.729,12.80779,12.81029,0.00,0.00
2018.06.18 10:11:07.780,12.80788,12.81031,0.00,0.00
2018.06.18 10:11:07.889,12.80779,12.81031,0.00,0.00
2018.06.18 10:11:08.053,12.80779,12.81039,0.00,0.00
2018.06.18 10:11:08.104,12.80789,12.81039,0.00,0.00
2018.06.18 10:11:08.720,12.80798,12.81039,0.00,0.00
2018.06.18 10:11:08.871,12.80808,12.81062,0.00,0.00
2018.06.18 10:11:09.265,12.80798,12.81062,0.00,0.00
2018.06.18 10:11:10.000,12.80822,12.81061,0.00,0.00
2018.06.18 10:11:10.492,12.80888,12.81119,0.00,0.00
2018.06.18 10:11:10.543,12.80879,12.81119,0.00,0.00
2018.06.18 10:11:10.659,12.80888,12.81118,0.00,0.00
2018.06.18 10:11:12.659,12.80888,12.81119,0.00,0.00
2018.06.18 10:11:12.741,12.80879,12.81119,0.00,0.00
2018.06.18 10:11:15.168,12.80879,12.81118,0.00,0.00
2018.06.18 10:11:15.839,12.80889,12.81118,0.00,0.00
2018.06.18 10:11:16.532,12.80879,12.81118,0.00,0.00
2018.06.18 10:11:17.055,12.80879,12.81119,0.00,0.00
2018.06.18 10:11:18.020,12.80879,12.81118,0.00,0.00
2018.06.18 10:11:18.556,12.80879,12.81119,0.00,0.00
2018.06.18 10:11:19.765,12.80879,12.81098,0.00,0.00
2018.06.18 10:11:20.319,12.80869,12.81069,0.00,0.00
2018.06.18 10:11:20.421,12.80798,12.81068,0.00,0.00
2018.06.18 10:11:21.040,12.80799,12.81068,0.00,0.00
2018.06.18 10:11:21.169,12.80809,12.81069,0.00,0.00
2018.06.18 10:11:22.005,12.80799,12.81069,0.00,0.00
2018.06.18 10:11:22.521,12.80798,12.81069,0.00,0.00
2018.06.18 10:11:23.453,12.80799,12.81069,0.00,0.00
2018.06.18 10:11:23.898,12.80808,12.81069,0.00,0.00
2018.06.18 10:11:24.100,12.80799,12.81069,0.00,0.00
2018.06.18 10:11:24.699,12.80819,12.81069,0.00,0.00
2018.06.18 10:11:26.875,12.80819,12.81068,0.00,0.00
2018.06.18 10:11:27.232,12.80878,12.81119,0.00,0.00
2018.06.18 10:11:30.590,12.80878,12.81118,0.00,0.00
2018.06.18 10:11:30.907,12.80879,12.81068,0.00,0.00
2018.06.18 10:11:30.958,12.80809,12.81068,0.00,0.00
2018.06.18 10:11:31.059,12.80798,12.81069,0.00,0.00
2018.06.18 10:11:31.351,12.80809,12.81069,0.00,0.00
2018.06.18 10:11:31.891,12.80809,12.81068,0.00,0.00
2018.06.18 10:11:32.310,12.80798,12.81068,0.00,0.00
2018.06.18 10:11:32.625,12.80809,12.81068,0.00,0.00
2018.06.18 10:11:34.010,12.80798,12.81069,0.00,0.00
2018.06.18 10:11:34.329,12.80804,12.81069,0.00,0.00
2018.06.18 10:11:35.476,12.80799,12.81069,0.00,0.00
2018.06.18 10:11:35.526,12.80813,12.81069,0.00,0.00
2018.06.18 10:11:37.669,12.80813,12.81068,0.00,0.00
2018.06.18 10:11:38.204,12.80813,12.81069,0.00,0.00
2018.06.18 10:11:39.314,12.80843,12.81069,0.00,0.00
2018.06.18 10:11:39.466,12.80839,12.81068,0.00,0.00
2018.06.18 10:11:39.792,12.80819,12.81069,0.00,0.00
2018.06.18 10:11:40.320,12.80819,12.81068,0.00,0.00
2018.06.18 10:11:41.003,12.80798,12.81068,0.00,0.00
2018.06.18 10:11:41.079,12.80808,12.81068,0.00,0.00
2018.06.18 10:11:41.382,12.80858,12.81108,0.00,0.00
2018.06.18 10:11:41.817,12.80879,12.81118,0.00,0.00
2018.06.18 10:11:42.145,12.80888,12.81118,0.00,0.00
2018.06.18 10:11:42.196,12.80879,12.81118,0.00,0.00
2018.06.18 10:11:42.284,12.80888,12.81118,0.00,0.00
2018.06.18 10:11:42.780,12.80898,12.81118,0.00,0.00
2018.06.18 10:11:43.569,12.80908,12.81118,0.00,0.00
2018.06.18 10:11:44.119,12.80899,12.81118,0.00,0.00
2018.06.18 10:11:45.322,12.80909,12.81118,0.00,0.00
2018.06.18 10:11:47.417,12.80908,12.81118,0.00,0.00
2018.06.18 10:11:47.584,12.80979,12.81219,0.00,0.00
2018.06.18 10:11:47.634,12.80979,12.81199,0.00,0.00
2018.06.18 10:11:47.685,12.80969,12.81199,0.00,0.00
2018.06.18 10:11:47.923,12.80969,12.81209,0.00,0.00
2018.06.18 10:11:47.974,12.80978,12.81209,0.00,0.00
2018.06.18 10:11:48.360,12.80969,12.81208,0.00,0.00
2018.06.18 10:11:48.411,12.80979,12.81208,0.00,0.00
2018.06.18 10:11:48.805,12.80969,12.81198,0.00,0.00
2018.06.18 10:11:50.120,12.80969,12.81209,0.00,0.00
2018.06.18 10:11:50.221,12.80969,12.81218,0.00,0.00
2018.06.18 10:11:50.272,12.80979,12.81218,0.00,0.00
2018.06.18 10:11:52.595,12.80979,12.81229,0.00,0.00
2018.06.18 10:11:52.646,12.80988,12.81249,0.00,0.00
2018.06.18 10:11:52.804,12.80988,12.81222,0.00,0.00
2018.06.18 10:11:53.416,12.80988,12.81231,0.00,0.00
2018.06.18 10:11:53.799,12.80988,12.81241,0.00,0.00
2018.06.18 10:11:53.951,12.80988,12.81232,0.00,0.00
2018.06.18 10:11:55.363,12.80988,12.81241,0.00,0.00
2018.06.18 10:11:55.489,12.80988,12.81231,0.00,0.00
2018.06.18 10:12:00.592,12.80968,12.81231,0.00,0.00
2018.06.18 10:12:00.643,12.80968,12.81222,0.00,0.00
2018.06.18 10:12:04.339,12.80968,12.81221,0.00,0.00
2018.06.18 10:12:05.262,12.80968,12.81231,0.00,0.00
2018.06.18 10:12:12.796,12.80968,12.81221,0.00,0.00
2018.06.18 10:12:15.911,12.80968,12.81231,0.00,0.00
2018.06.18 10:12:17.377,12.80968,12.81221,0.00,0.00
2018.06.18 10:12:17.589,12.80968,12.81231,0.00,0.00
2018.06.18 10:12:18.284,12.80969,12.81231,0.00,0.00
2018.06.18 10:12:18.969,12.80969,12.81222,0.00,0.00
2018.06.18 10:12:19.020,12.80969,12.81231,0.00,0.00
2018.06.18 10:12:19.355,12.80969,12.81169,0.00,0.00
2018.06.18 10:12:19.416,12.80858,12.81111,0.00,0.00
2018.06.18 10:12:22.781,12.80858,12.81121,0.00,0.00
2018.06.18 10:12:22.832,12.80882,12.81118,0.00,0.00
2018.06.18 10:12:22.883,12.80889,12.81142,0.00,0.00
2018.06.18 10:12:23.170,12.80878,12.81132,0.00,0.00
2018.06.18 10:12:31.062,12.80878,12.81142,0.00,0.00
2018.06.18 10:12:32.617,12.80888,12.81142,0.00,0.00
2018.06.18 10:12:33.160,12.80888,12.81141,0.00,0.00
2018.06.18 10:12:34.673,12.80879,12.81132,0.00,0.00
2018.06.18 10:12:35.089,12.80879,12.81142,0.00,0.00
2018.06.18 10:12:38.579,12.80879,12.81132,0.00,0.00
2018.06.18 10:12:39.108,12.80879,12.81142,0.00,0.00
2018.06.18 10:12:39.260,12.80879,12.81132,0.00,0.00
2018.06.18 10:12:39.839,12.80879,12.81141,0.00,0.00
2018.06.18 10:12:40.359,12.80878,12.81141,0.00,0.00
2018.06.18 10:12:40.410,12.80948,12.81212,0.00,0.00
2018.06.18 10:12:40.626,12.80948,12.81222,0.00,0.00
2018.06.18 10:12:42.693,12.80949,12.81231,0.00,0.00
2018.06.18 10:12:42.902,12.80968,12.81231,0.00,0.00
2018.06.18 10:12:43.419,12.80968,12.81232,0.00,0.00
2018.06.18 10:12:45.182,12.80968,12.81222,0.00,0.00
2018.06.18 10:12:46.232,12.80968,12.81231,0.00,0.00
2018.06.18 10:12:46.408,12.80968,12.81222,0.00,0.00
2018.06.18 10:12:46.548,12.80968,12.81232,0.00,0.00
2018.06.18 10:12:51.027,12.80968,12.81222,0.00,0.00
2018.06.18 10:12:51.367,12.80968,12.81211,0.00,0.00
2018.06.18 10:12:52.168,12.80968,12.81202,0.00,0.00
2018.06.18 10:12:54.397,12.80968,12.81201,0.00,0.00
2018.06.18 10:12:54.626,12.80968,12.81211,0.00,0.00
2018.06.18 10:12:55.748,12.80968,12.81212,0.00,0.00
2018.06.18 10:12:56.327,12.80968,12.81211,0.00,0.00
2018.06.18 10:12:58.220,12.80968,12.81168,0.00,0.00
2018.06.18 10:12:58.271,12.80968,12.81209,0.00,0.00
2018.06.18 10:12:58.373,12.80968,12.81202,0.00,0.00
2018.06.18 10:13:01.196,12.80968,12.81212,0.00,0.00
2018.06.18 10:13:01.480,12.80968,12.81202,0.00,0.00
2018.06.18 10:13:01.609,12.80968,12.81211,0.00,0.00
2018.06.18 10:13:01.841,12.80968,12.81201,0.00,0.00
2018.06.18 10:13:02.750,12.80968,12.81212,0.00,0.00
2018.06.18 10:13:02.879,12.80968,12.81202,0.00,0.00
2018.06.18 10:13:04.658,12.80958,12.81202,0.00,0.00
2018.06.18 10:13:05.364,12.80958,12.81201,0.00,0.00
2018.06.18 10:13:05.624,12.80958,12.81211,0.00,0.00
2018.06.18 10:13:07.232,12.80958,12.81202,0.00,0.00
2018.06.18 10:13:10.530,12.80918,12.81141,0.00,0.00
2018.06.18 10:13:10.633,12.80879,12.81122,0.00,0.00
2018.06.18 10:13:11.561,12.80879,12.81111,0.00,0.00
2018.06.18 10:13:12.414,12.80879,12.81121,0.00,0.00
2018.06.18 10:13:14.430,12.80879,12.81131,0.00,0.00
2018.06.18 10:13:14.641,12.80879,12.81122,0.00,0.00
2018.06.18 10:13:15.034,12.80879,12.81112,0.00,0.00
2018.06.18 10:13:17.314,12.80879,12.81122,0.00,0.00
2018.06.18 10:13:17.404,12.80879,12.81112,0.00,0.00
2018.06.18 10:13:18.331,12.80879,12.81122,0.00,0.00
2018.06.18 10:13:18.445,12.80879,12.81112,0.00,0.00
2018.06.18 10:13:18.776,12.80879,12.81122,0.00,0.00
2018.06.18 10:13:18.905,12.80879,12.81112,0.00,0.00
2018.06.18 10:13:19.045,12.80879,12.81122,0.00,0.00
2018.06.18 10:13:19.333,12.80879,12.81111,0.00,0.00
2018.06.18 10:13:19.928,12.80879,12.81112,0.00,0.00
2018.06.18 10:13:20.290,12.80879,12.81122,0.00,0.00
2018.06.18 10:13:22.716,12.80881,12.81121,0.00,0.00
2018.06.18 10:13:22.817,12.80881,12.81132,0.00,0.00
2018.06.18 10:13:23.546,12.80881,12.81122,0.00,0.00
2018.06.18 10:13:23.597,12.80879,12.81122,0.00,0.00
2018.06.18 10:13:25.477,12.80879,12.81121,0.00,0.00
2018.06.18 10:13:29.205,12.80869,12.81098,0.00,0.00
2018.06.18 10:13:29.307,12.80858,12.81099,0.00,0.00
2018.06.18 10:13:29.834,12.80858,12.81098,0.00,0.00
2018.06.18 10:13:30.497,12.80858,12.81099,0.00,0.00
2018.06.18 10:13:30.938,12.80858,12.81102,0.00,0.00
2018.06.18 10:13:31.676,12.80858,12.81112,0.00,0.00
2018.06.18 10:13:33.669,12.80858,12.81102,0.00,0.00
2018.06.18 10:13:33.989,12.80858,12.81112,0.00,0.00
2018.06.18 10:13:34.532,12.80859,12.81111,0.00,0.00
2018.06.18 10:13:34.583,12.80878,12.81122,0.00,0.00
2018.06.18 10:13:34.684,12.80878,12.81131,0.00,0.00
2018.06.18 10:13:35.382,12.80878,12.81122,0.00,0.00
2018.06.18 10:13:36.257,12.80878,12.81131,0.00,0.00
2018.06.18 10:13:36.600,12.80878,12.81121,0.00,0.00
2018.06.18 10:13:37.138,12.80878,12.81112,0.00,0.00
2018.06.18 10:13:39.373,12.80878,12.81111,0.00,0.00
2018.06.18 10:13:39.423,12.80868,12.81111,0.00,0.00
2018.06.18 10:13:40.004,12.80868,12.81122,0.00,0.00
2018.06.18 10:13:40.109,12.80868,12.81111,0.00,0.00
2018.06.18 10:13:40.507,12.80869,12.81102,0.00,0.00
2018.06.18 10:13:40.611,12.80869,12.81111,0.00,0.00
2018.06.18 10:13:41.812,12.80869,12.81101,0.00,0.00
2018.06.18 10:13:42.529,12.80869,12.81112,0.00,0.00
2018.06.18 10:13:42.649,12.80869,12.81101,0.00,0.00
2018.06.18 10:13:43.499,12.80869,12.81112,0.00,0.00
2018.06.18 10:13:46.740,12.80869,12.81121,0.00,0.00
2018.06.18 10:13:48.475,12.80869,12.81111,0.00,0.00
2018.06.18 10:13:48.801,12.80869,12.81101,0.00,0.00
2018.06.18 10:13:49.132,12.80869,12.81111,0.00,0.00
2018.06.18 10:13:49.374,12.80869,12.81101,0.00,0.00
2018.06.18 10:13:50.344,12.80869,12.81112,0.00,0.00
2018.06.18 10:13:53.748,12.80869,12.81111,0.00,0.00
2018.06.18 10:13:53.829,12.80869,12.81101,0.00,0.00
2018.06.18 10:13:54.114,12.80869,12.81111,0.00,0.00
2018.06.18 10:13:54.584,12.80869,12.81102,0.00,0.00
2018.06.18 10:13:54.919,12.80869,12.81112,0.00,0.00
2018.06.18 10:13:55.169,12.80869,12.81102,0.00,0.00
2018.06.18 10:13:55.723,12.80809,12.81059,0.00,0.00
2018.06.18 10:13:55.831,12.80788,12.81021,0.00,0.00
2018.06.18 10:13:56.086,12.80858,12.81101,0.00,0.00
2018.06.18 10:13:58.467,12.80858,12.81102,0.00,0.00
2018.06.18 10:13:59.949,12.80858,12.81092,0.00,0.00
2018.06.18 10:14:00.369,12.80859,12.81099,0.00,0.00
2018.06.18 10:14:01.900,12.80859,12.81098,0.00,0.00
2018.06.18 10:14:02.994,12.80818,12.81049,0.00,0.00
2018.06.18 10:14:03.095,12.80788,12.81022,0.00,0.00
2018.06.18 10:14:03.344,12.80788,12.81032,0.00,0.00
2018.06.18 10:14:05.449,12.80788,12.81022,0.00,0.00
2018.06.18 10:14:05.632,12.80788,12.81031,0.00,0.00
2018.06.18 10:14:05.854,12.80788,12.81022,0.00,0.00
2018.06.18 10:14:10.230,12.80788,12.81031,0.00,0.00
2018.06.18 10:14:12.315,12.80788,12.81022,0.00,0.00
2018.06.18 10:14:12.646,12.80788,12.81012,0.00,0.00
2018.06.18 10:14:12.701,12.80779,12.81012,0.00,0.00
2018.06.18 10:14:12.776,12.80779,12.81021,0.00,0.00
2018.06.18 10:14:18.798,12.80779,12.81032,0.00,0.00
2018.06.18 10:14:19.432,12.80779,12.81022,0.00,0.00
2018.06.18 10:14:20.309,12.80779,12.81011,0.00,0.00
2018.06.18 10:14:21.708,12.80779,12.81021,0.00,0.00
2018.06.18 10:14:25.527,12.80779,12.81022,0.00,0.00
2018.06.18 10:14:29.806,12.80779,12.81021,0.00,0.00
2018.06.18 10:14:30.575,12.80779,12.81031,0.00,0.00
2018.06.18 10:14:30.727,12.80779,12.81022,0.00,0.00
2018.06.18 10:14:34.125,12.80868,12.81101,0.00,0.00
2018.06.18 10:14:34.226,12.80868,12.81112,0.00,0.00
2018.06.18 10:14:34.378,12.80868,12.81121,0.00,0.00
2018.06.18 10:14:34.998,12.80868,12.81111,0.00,0.00
2018.06.18 10:14:35.124,12.80868,12.81122,0.00,0.00
2018.06.18 10:14:35.823,12.80888,12.81122,0.00,0.00
2018.06.18 10:14:36.626,12.80888,12.81142,0.00,0.00
2018.06.18 10:14:37.895,12.80909,12.81142,0.00,0.00
2018.06.18 10:14:37.945,12.80949,12.81192,0.00,0.00
2018.06.18 10:14:37.996,12.80979,12.81192,0.00,0.00
2018.06.18 10:14:38.062,12.80979,12.81202,0.00,0.00
2018.06.18 10:14:38.113,12.80979,12.81199,0.00,0.00
2018.06.18 10:14:38.767,12.80979,12.81211,0.00,0.00
2018.06.18 10:14:38.919,12.80979,12.81219,0.00,0.00
2018.06.18 10:14:40.078,12.80979,12.81228,0.00,0.00
2018.06.18 10:14:40.179,12.80979,12.81248,0.00,0.00
2018.06.18 10:14:40.399,12.80979,12.81239,0.00,0.00
2018.06.18 10:14:41.092,12.80979,12.81238,0.00,0.00
2018.06.18 10:14:41.669,12.80979,12.81239,0.00,0.00
2018.06.18 10:14:42.083,12.80989,12.81249,0.00,0.00
2018.06.18 10:14:42.539,12.80989,12.81259,0.00,0.00
2018.06.18 10:14:42.888,12.80989,12.81248,0.00,0.00
2018.06.18 10:14:44.080,12.80988,12.81239,0.00,0.00
2018.06.18 10:14:44.448,12.80988,12.81229,0.00,0.00
2018.06.18 10:14:44.551,12.80988,12.81248,0.00,0.00
2018.06.18 10:14:45.052,12.80989,12.81249,0.00,0.00
2018.06.18 10:14:45.648,12.80989,12.81259,0.00,0.00
2018.06.18 10:14:46.681,12.80989,12.81258,0.00,0.00
2018.06.18 10:14:49.380,12.80989,12.81259,0.00,0.00
2018.06.18 10:14:49.905,12.80988,12.81259,0.00,0.00
2018.06.18 10:14:50.155,12.80999,12.81259,0.00,0.00
2018.06.18 10:14:50.632,12.81009,12.81258,0.00,0.00
2018.06.18 10:14:51.758,12.81009,12.81259,0.00,0.00
2018.06.18 10:14:52.377,12.81009,12.81258,0.00,0.00
2018.06.18 10:14:52.928,12.81009,12.81259,0.00,0.00
2018.06.18 10:14:53.788,12.81009,12.81258,0.00,0.00
2018.06.18 10:14:54.126,12.81019,12.81259,0.00,0.00
2018.06.18 10:14:54.684,12.81019,12.81258,0.00,0.00
2018.06.18 10:14:55.185,12.81019,12.81259,0.00,0.00
2018.06.18 10:14:55.236,12.81018,12.81269,0.00,0.00
2018.06.18 10:14:55.299,12.81018,12.81259,0.00,0.00
2018.06.18 10:14:55.350,12.80999,12.81259,0.00,0.00
2018.06.18 10:14:56.009,12.80998,12.81258,0.00,0.00
2018.06.18 10:14:56.511,12.80998,12.81259,0.00,0.00
2018.06.18 10:14:57.049,12.80998,12.81258,0.00,0.00
2018.06.18 10:14:57.459,12.80989,12.81259,0.00,0.00
2018.06.18 10:14:58.037,12.80989,12.81258,0.00,0.00
2018.06.18 10:14:59.511,12.80989,12.81259,0.00,0.00
2018.06.18 10:14:59.562,12.81008,12.81259,0.00,0.00
2018.06.18 10:15:00.082,12.81008,12.81258,0.00,0.00
2018.06.18 10:15:00.412,12.81068,12.81282,0.00,0.00
2018.06.18 10:15:00.665,12.81039,12.81269,0.00,0.00
2018.06.18 10:15:00.949,12.81018,12.81258,0.00,0.00
2018.06.18 10:15:01.068,12.81019,12.81248,0.00,0.00
2018.06.18 10:15:01.169,12.81009,12.81249,0.00,0.00
2018.06.18 10:15:01.394,12.80988,12.81249,0.00,0.00
2018.06.18 10:15:01.888,12.80988,12.81239,0.00,0.00
2018.06.18 10:15:02.414,12.80988,12.81238,0.00,0.00
2018.06.18 10:15:02.962,12.80988,12.81239,0.00,0.00
2018.06.18 10:15:03.453,12.80988,12.81249,0.00,0.00
2018.06.18 10:15:03.787,12.80988,12.81239,0.00,0.00
2018.06.18 10:15:04.099,12.80988,12.81229,0.00,0.00
2018.06.18 10:15:04.660,12.80979,12.81219,0.00,0.00
2018.06.18 10:15:04.772,12.80988,12.81239,0.00,0.00
2018.06.18 10:15:04.874,12.80988,12.81229,0.00,0.00
2018.06.18 10:15:05.394,12.80979,12.81209,0.00,0.00
2018.06.18 10:15:07.584,12.80979,12.81229,0.00,0.00
2018.06.18 10:15:09.404,12.80979,12.81228,0.00,0.00
2018.06.18 10:15:10.211,12.80979,12.81229,0.00,0.00
2018.06.18 10:15:11.625,12.80979,12.81239,0.00,0.00
2018.06.18 10:15:11.874,12.81008,12.81239,0.00,0.00
2018.06.18 10:15:12.215,12.81008,12.81259,0.00,0.00
2018.06.18 10:15:12.611,12.80989,12.81259,0.00,0.00
2018.06.18 10:15:13.392,12.80989,12.81249,0.00,0.00
2018.06.18 10:15:14.734,12.80989,12.81259,0.00,0.00
2018.06.18 10:15:14.972,12.80998,12.81258,0.00,0.00
2018.06.18 10:15:15.064,12.80989,12.81258,0.00,0.00
2018.06.18 10:15:16.066,12.80989,12.81259,0.00,0.00
2018.06.18 10:15:16.273,12.80988,12.81249,0.00,0.00
2018.06.18 10:15:17.049,12.80988,12.81252,0.00,0.00
2018.06.18 10:15:17.456,12.80989,12.81258,0.00,0.00
2018.06.18 10:15:17.534,12.80998,12.81258,0.00,0.00
2018.06.18 10:15:18.188,12.80989,12.81259,0.00,0.00
2018.06.18 10:15:19.058,12.80989,12.81231,0.00,0.00
2018.06.18 10:15:19.194,12.80989,12.81241,0.00,0.00
2018.06.18 10:15:19.863,12.80989,12.81231,0.00,0.00
2018.06.18 10:15:20.139,12.81009,12.81259,0.00,0.00
2018.06.18 10:15:20.244,12.81049,12.81282,0.00,0.00
2018.06.18 10:15:20.543,12.80998,12.81242,0.00,0.00
2018.06.18 10:15:20.644,12.80998,12.81232,0.00,0.00
2018.06.18 10:15:21.128,12.80998,12.81241,0.00,0.00
2018.06.18 10:15:23.310,12.80979,12.81241,0.00,0.00
2018.06.18 10:15:24.584,12.80979,12.81232,0.00,0.00
2018.06.18 10:15:24.638,12.80969,12.81232,0.00,0.00
2018.06.18 10:15:24.689,12.80969,12.81222,0.00,0.00
2018.06.18 10:15:24.918,12.80969,12.81232,0.00,0.00
2018.06.18 10:15:25.536,12.80969,12.81241,0.00,0.00
2018.06.18 10:15:25.774,12.80969,12.81232,0.00,0.00
2018.06.18 10:15:28.965,12.80969,12.81222,0.00,0.00
2018.06.18 10:15:29.139,12.80968,12.81232,0.00,0.00
2018.06.18 10:15:29.887,12.80968,12.81231,0.00,0.00
2018.06.18 10:15:32.266,12.80968,12.81232,0.00,0.00
2018.06.18 10:15:32.378,12.80968,12.81242,0.00,0.00
2018.06.18 10:15:32.533,12.81031,12.81299,0.00,0.00
2018.06.18 10:15:32.816,12.80979,12.81252,0.00,0.00
2018.06.18 10:15:32.867,12.80978,12.81242,0.00,0.00
2018.06.18 10:15:33.212,12.80968,12.81231,0.00,0.00
2018.06.18 10:15:33.294,12.80968,12.81241,0.00,0.00
2018.06.18 10:15:33.414,12.80968,12.81232,0.00,0.00
2018.06.18 10:15:34.103,12.80968,12.81242,0.00,0.00
2018.06.18 10:15:34.155,12.80968,12.81232,0.00,0.00
2018.06.18 10:15:35.677,12.80968,12.81242,0.00,0.00
2018.06.18 10:15:35.828,12.80968,12.81232,0.00,0.00
2018.06.18 10:15:36.817,12.80968,12.81222,0.00,0.00
2018.06.18 10:15:36.944,12.80968,12.81232,0.00,0.00
2018.06.18 10:15:37.074,12.80968,12.81242,0.00,0.00
2018.06.18 10:15:38.694,12.80998,12.81242,0.00,0.00
2018.06.18 10:15:38.745,12.81008,12.81268,0.00,0.00
2018.06.18 10:15:38.972,12.80998,12.81252,0.00,0.00
2018.06.18 10:15:39.023,12.80989,12.81252,0.00,0.00
2018.06.18 10:15:39.089,12.80978,12.81241,0.00,0.00
2018.06.18 10:15:40.029,12.80968,12.81232,0.00,0.00
2018.06.18 10:15:40.242,12.80968,12.81221,0.00,0.00
2018.06.18 10:15:40.890,12.80968,12.81222,0.00,0.00
2018.06.18 10:15:42.028,12.80968,12.81232,0.00,0.00
2018.06.18 10:15:42.728,12.80968,12.81241,0.00,0.00
2018.06.18 10:15:42.922,12.80969,12.81231,0.00,0.00
2018.06.18 10:15:43.439,12.80969,12.81222,0.00,0.00
2018.06.18 10:15:43.779,12.80969,12.81231,0.00,0.00
2018.06.18 10:15:44.067,12.80969,12.81222,0.00,0.00
2018.06.18 10:15:48.009,12.80969,12.81232,0.00,0.00
2018.06.18 10:15:48.109,12.80969,12.81241,0.00,0.00
2018.06.18 10:15:49.077,12.80969,12.81231,0.00,0.00
2018.06.18 10:15:49.250,12.80969,12.81241,0.00,0.00
2018.06.18 10:15:49.765,12.80978,12.81241,0.00,0.00
2018.06.18 10:15:50.689,12.80978,12.81231,0.00,0.00
2018.06.18 10:15:51.164,12.80988,12.81241,0.00,0.00
2018.06.18 10:15:52.171,12.80978,12.81232,0.00,0.00
2018.06.18 10:15:52.273,12.80978,12.81242,0.00,0.00
2018.06.18 10:15:55.021,12.80988,12.81242,0.00,0.00
2018.06.18 10:16:00.465,12.80988,12.81222,0.00,0.00
2018.06.18 10:16:00.667,12.80968,12.81222,0.00,0.00
2018.06.18 10:16:01.391,12.80979,12.81222,0.00,0.00
2018.06.18 10:16:02.148,12.80978,12.81222,0.00,0.00
2018.06.18 10:16:02.274,12.80968,12.81222,0.00,0.00
2018.06.18 10:16:03.622,12.80979,12.81222,0.00,0.00
2018.06.18 10:16:04.116,12.80989,12.81222,0.00,0.00
2018.06.18 10:16:09.543,12.80979,12.81222,0.00,0.00
2018.06.18 10:16:11.409,12.80979,12.81219,0.00,0.00
2018.06.18 10:16:12.199,12.80969,12.81219,0.00,0.00
2018.06.18 10:16:12.304,12.80989,12.81219,0.00,0.00
2018.06.18 10:16:12.703,12.80978,12.81218,0.00,0.00
2018.06.18 10:16:12.934,12.80988,12.81218,0.00,0.00
2018.06.18 10:16:13.049,12.80988,12.81222,0.00,0.00
2018.06.18 10:16:13.100,12.80988,12.81232,0.00,0.00
2018.06.18 10:16:13.689,12.80979,12.81232,0.00,0.00
2018.06.18 10:16:13.779,12.80988,12.81232,0.00,0.00
2018.06.18 10:16:14.311,12.80978,12.81232,0.00,0.00
2018.06.18 10:16:15.141,12.80978,12.81219,0.00,0.00
2018.06.18 10:16:15.488,12.80988,12.81219,0.00,0.00
2018.06.18 10:16:15.538,12.80988,12.81232,0.00,0.00
2018.06.18 10:16:17.421,12.80979,12.81232,0.00,0.00
2018.06.18 10:16:18.498,12.80979,12.81219,0.00,0.00
2018.06.18 10:16:20.005,12.80979,12.81171,0.00,0.00
2018.06.18 10:16:20.107,12.80889,12.81148,0.00,0.00
2018.06.18 10:16:20.157,12.80889,12.81131,0.00,0.00
2018.06.18 10:16:24.249,12.80879,12.81131,0.00,0.00
2018.06.18 10:16:24.300,12.80879,12.81129,0.00,0.00
2018.06.18 10:16:24.690,12.80868,12.81069,0.00,0.00
2018.06.18 10:16:24.791,12.80809,12.81052,0.00,0.00
2018.06.18 10:16:24.842,12.80809,12.81048,0.00,0.00
2018.06.18 10:16:24.948,12.80799,12.81049,0.00,0.00
2018.06.18 10:16:25.103,12.80809,12.81049,0.00,0.00
2018.06.18 10:16:25.195,12.80798,12.81049,0.00,0.00
2018.06.18 10:16:26.219,12.80808,12.81049,0.00,0.00
2018.06.18 10:16:26.269,12.80808,12.81052,0.00,0.00
2018.06.18 10:16:26.371,12.80799,12.81052,0.00,0.00
2018.06.18 10:16:27.771,12.80809,12.81052,0.00,0.00
2018.06.18 10:16:28.410,12.80809,12.81051,0.00,0.00
2018.06.18 10:16:30.535,12.80799,12.81051,0.00,0.00
2018.06.18 10:16:30.659,12.80808,12.81052,0.00,0.00
2018.06.18 10:16:30.925,12.80798,12.81052,0.00,0.00
2018.06.18 10:16:31.026,12.80809,12.81052,0.00,0.00
2018.06.18 10:16:31.784,12.80808,12.81052,0.00,0.00
2018.06.18 10:16:31.936,12.80798,12.81052,0.00,0.00
2018.06.18 10:16:32.571,12.80809,12.81052,0.00,0.00
2018.06.18 10:16:33.976,12.80809,12.81058,0.00,0.00
2018.06.18 10:16:34.027,12.80848,12.81069,0.00,0.00
2018.06.18 10:16:34.181,12.80809,12.81051,0.00,0.00
2018.06.18 10:16:35.070,12.80809,12.81058,0.00,0.00
2018.06.18 10:16:35.296,12.80798,12.81059,0.00,0.00
2018.06.18 10:16:36.550,12.80798,12.81058,0.00,0.00
2018.06.18 10:16:36.601,12.80798,12.81042,0.00,0.00
2018.06.18 10:16:36.679,12.80789,12.81042,0.00,0.00
2018.06.18 10:16:38.101,12.80799,12.81042,0.00,0.00
2018.06.18 10:16:39.124,12.80809,12.81042,0.00,0.00
2018.06.18 10:16:39.721,12.80789,12.81042,0.00,0.00
2018.06.18 10:16:39.863,12.80799,12.81042,0.00,0.00
2018.06.18 10:16:39.989,12.80788,12.81042,0.00,0.00
2018.06.18 10:16:41.054,12.80799,12.81042,0.00,0.00
2018.06.18 10:16:41.263,12.80809,12.81069,0.00,0.00
2018.06.18 10:16:41.317,12.80848,12.81102,0.00,0.00
2018.06.18 10:16:41.664,12.80899,12.81131,0.00,0.00
2018.06.18 10:16:41.742,12.80889,12.81131,0.00,0.00
2018.06.18 10:16:41.869,12.80898,12.81131,0.00,0.00
2018.06.18 10:16:42.848,12.80889,12.81131,0.00,0.00
2018.06.18 10:16:50.642,12.80889,12.81129,0.00,0.00
2018.06.18 10:16:51.364,12.80889,12.81128,0.00,0.00
2018.06.18 10:16:51.898,12.80889,12.81131,0.00,0.00
2018.06.18 10:16:52.342,12.80899,12.81131,0.00,0.00
2018.06.18 10:16:52.648,12.80909,12.81131,0.00,0.00
2018.06.18 10:16:52.698,12.80909,12.81142,0.00,0.00
2018.06.18 10:16:52.800,12.80909,12.81152,0.00,0.00
2018.06.18 10:16:53.502,12.80908,12.81152,0.00,0.00
2018.06.18 10:16:54.781,12.80909,12.81142,0.00,0.00
2018.06.18 10:16:54.882,12.80899,12.81142,0.00,0.00
2018.06.18 10:16:57.078,12.80889,12.81142,0.00,0.00
2018.06.18 10:16:57.179,12.80879,12.81139,0.00,0.00
2018.06.18 10:16:57.381,12.80879,12.81128,0.00,0.00
2018.06.18 10:16:57.686,12.80889,12.81129,0.00,0.00
2018.06.18 10:16:57.737,12.80889,12.81141,0.00,0.00
2018.06.18 10:16:58.453,12.80888,12.81141,0.00,0.00
2018.06.18 10:16:59.612,12.80888,12.81138,0.00,0.00
2018.06.18 10:17:00.414,12.80879,12.81138,0.00,0.00
2018.06.18 10:17:00.464,12.80879,12.81129,0.00,0.00
2018.06.18 10:17:00.998,12.80888,12.81128,0.00,0.00
2018.06.18 10:17:02.180,12.80888,12.81139,0.00,0.00
2018.06.18 10:17:03.018,12.80889,12.81139,0.00,0.00
2018.06.18 10:17:03.069,12.80889,12.81149,0.00,0.00
2018.06.18 10:17:03.758,12.80888,12.81149,0.00,0.00
2018.06.18 10:17:04.197,12.80888,12.81139,0.00,0.00
2018.06.18 10:17:04.755,12.80888,12.81138,0.00,0.00
2018.06.18 10:17:04.808,12.80888,12.81148,0.00,0.00
2018.06.18 10:17:05.400,12.80889,12.81148,0.00,0.00
2018.06.18 10:17:05.521,12.80889,12.81152,0.00,0.00
2018.06.18 10:17:05.579,12.80898,12.81152,0.00,0.00
2018.06.18 10:17:06.259,12.80908,12.81152,0.00,0.00
2018.06.18 10:17:06.309,12.80908,12.81159,0.00,0.00
2018.06.18 10:17:08.864,12.80898,12.81159,0.00,0.00
2018.06.18 10:17:10.303,12.80898,12.81148,0.00,0.00
2018.06.18 10:17:10.404,12.80888,12.81139,0.00,0.00
2018.06.18 10:17:10.561,12.80879,12.81139,0.00,0.00
2018.06.18 10:17:10.649,12.80889,12.81139,0.00,0.00
2018.06.18 10:17:11.492,12.80889,12.81138,0.00,0.00
2018.06.18 10:17:11.970,12.80889,12.81148,0.00,0.00
2018.06.18 10:17:12.410,12.80899,12.81148,0.00,0.00
2018.06.18 10:17:13.043,12.80898,12.81148,0.00,0.00
2018.06.18 10:17:13.736,12.80889,12.81148,0.00,0.00
2018.06.18 10:17:14.798,12.80888,12.81148,0.00,0.00
2018.06.18 10:17:14.931,12.80878,12.81149,0.00,0.00
2018.06.18 10:17:15.171,12.80898,12.81149,0.00,0.00
2018.06.18 10:17:15.581,12.80898,12.81139,0.00,0.00
2018.06.18 10:17:17.649,12.80898,12.81149,0.00,0.00
2018.06.18 10:17:19.151,12.80898,12.81159,0.00,0.00
2018.06.18 10:17:24.420,12.80898,12.81158,0.00,0.00
2018.06.18 10:17:24.991,12.80899,12.81158,0.00,0.00
2018.06.18 10:17:28.873,12.80898,12.81158,0.00,0.00
2018.06.18 10:17:29.615,12.80898,12.81159,0.00,0.00
2018.06.18 10:17:29.996,12.80958,12.81198,0.00,0.00
2018.06.18 10:17:30.126,12.80978,12.81219,0.00,0.00
2018.06.18 10:17:30.737,12.80979,12.81219,0.00,0.00
2018.06.18 10:17:31.212,12.80978,12.81239,0.00,0.00
2018.06.18 10:17:32.289,12.80988,12.81239,0.00,0.00
2018.06.18 10:17:32.627,12.80988,12.81228,0.00,0.00
2018.06.18 10:17:33.791,12.80988,12.81239,0.00,0.00
2018.06.18 10:17:35.974,12.80988,12.81242,0.00,0.00
2018.06.18 10:17:36.148,12.80988,12.81238,0.00,0.00
2018.06.18 10:17:36.560,12.80939,12.81169,0.00,0.00
2018.06.18 10:17:37.246,12.80939,12.81168,0.00,0.00
2018.06.18 10:17:39.019,12.80938,12.81168,0.00,0.00
2018.06.18 10:17:39.070,12.80908,12.81168,0.00,0.00
2018.06.18 10:17:39.125,12.80908,12.81159,0.00,0.00
2018.06.18 10:17:39.972,12.80908,12.81158,0.00,0.00
2018.06.18 10:17:40.251,12.80908,12.81169,0.00,0.00
2018.06.18 10:17:40.783,12.80908,12.81159,0.00,0.00
2018.06.18 10:17:41.536,12.80909,12.81159,0.00,0.00
2018.06.18 10:17:42.013,12.80909,12.81149,0.00,0.00
2018.06.18 10:17:42.114,12.80888,12.81148,0.00,0.00
2018.06.18 10:17:42.349,12.80898,12.81149,0.00,0.00
2018.06.18 10:17:43.936,12.80888,12.81149,0.00,0.00
2018.06.18 10:17:44.174,12.80888,12.81139,0.00,0.00
2018.06.18 10:17:47.401,12.80889,12.81148,0.00,0.00
2018.06.18 10:17:48.146,12.80888,12.81148,0.00,0.00
2018.06.18 10:17:48.539,12.80899,12.81152,0.00,0.00
2018.06.18 10:17:48.650,12.80888,12.81152,0.00,0.00
2018.06.18 10:17:49.648,12.80888,12.81149,0.00,0.00
2018.06.18 10:17:50.047,12.80898,12.81149,0.00,0.00
2018.06.18 10:17:50.468,12.80898,12.81151,0.00,0.00
2018.06.18 10:17:50.520,12.80888,12.81151,0.00,0.00
2018.06.18 10:17:51.135,12.80889,12.81151,0.00,0.00
2018.06.18 10:17:52.072,12.80889,12.81148,0.00,0.00
2018.06.18 10:17:55.716,12.80888,12.81148,0.00,0.00
2018.06.18 10:17:56.000,12.80888,12.81151,0.00,0.00
2018.06.18 10:17:58.640,12.80888,12.81149,0.00,0.00
2018.06.18 10:17:59.187,12.80888,12.81148,0.00,0.00
2018.06.18 10:17:59.803,12.80888,12.81149,0.00,0.00
2018.06.18 10:18:00.270,12.80879,12.81149,0.00,0.00
2018.06.18 10:18:00.321,12.80879,12.81151,0.00,0.00
2018.06.18 10:18:00.400,12.80889,12.81151,0.00,0.00
2018.06.18 10:18:00.786,12.80889,12.81148,0.00,0.00
2018.06.18 10:18:01.278,12.80889,12.81151,0.00,0.00
2018.06.18 10:18:02.185,12.80899,12.81151,0.00,0.00
2018.06.18 10:18:03.281,12.80898,12.81151,0.00,0.00
2018.06.18 10:18:04.610,12.80909,12.81151,0.00,0.00
2018.06.18 10:18:04.661,12.80909,12.81159,0.00,0.00
2018.06.18 10:18:05.534,12.80909,12.81158,0.00,0.00
2018.06.18 10:18:06.178,12.80909,12.81159,0.00,0.00
2018.06.18 10:18:06.242,12.80898,12.81159,0.00,0.00
2018.06.18 10:18:06.344,12.80898,12.81162,0.00,0.00
2018.06.18 10:18:06.495,12.80899,12.81141,0.00,0.00
2018.06.18 10:18:06.809,12.80889,12.81141,0.00,0.00
2018.06.18 10:18:06.912,12.80888,12.81158,0.00,0.00
2018.06.18 10:18:07.010,12.80908,12.81158,0.00,0.00
2018.06.18 10:18:07.346,12.80938,12.81169,0.00,0.00
2018.06.18 10:18:07.698,12.80909,12.81168,0.00,0.00
2018.06.18 10:18:07.748,12.80909,12.81159,0.00,0.00
2018.06.18 10:18:10.328,12.80908,12.81159,0.00,0.00
2018.06.18 10:18:10.479,12.80899,12.81151,0.00,0.00
2018.06.18 10:18:11.479,12.80909,12.81159,0.00,0.00
2018.06.18 10:18:11.530,12.80899,12.81158,0.00,0.00
2018.06.18 10:18:12.780,12.80908,12.81158,0.00,0.00
2018.06.18 10:18:12.831,12.80908,12.81169,0.00,0.00
2018.06.18 10:18:13.230,12.80908,12.81162,0.00,0.00
2018.06.18 10:18:13.858,12.80908,12.81168,0.00,0.00
2018.06.18 10:18:13.909,12.80969,12.81199,0.00,0.00
2018.06.18 10:18:14.346,12.80969,12.81211,0.00,0.00
2018.06.18 10:18:14.448,12.80978,12.81229,0.00,0.00
2018.06.18 10:18:15.571,12.80978,12.81232,0.00,0.00
2018.06.18 10:18:15.622,12.80979,12.81238,0.00,0.00
2018.06.18 10:18:15.958,12.80989,12.81238,0.00,0.00
2018.06.18 10:18:16.008,12.80989,12.81242,0.00,0.00
2018.06.18 10:18:16.365,12.80979,12.81242,0.00,0.00
2018.06.18 10:18:18.744,12.80989,12.81242,0.00,0.00
2018.06.18 10:18:19.049,12.80979,12.81219,0.00,0.00
2018.06.18 10:18:19.530,12.80979,12.81199,0.00,0.00
2018.06.18 10:18:19.683,12.80898,12.81158,0.00,0.00
2018.06.18 10:18:19.835,12.80908,12.81158,0.00,0.00
2018.06.18 10:18:20.500,12.80898,12.81158,0.00,0.00
2018.06.18 10:18:21.103,12.80898,12.81159,0.00,0.00
2018.06.18 10:18:23.203,12.80908,12.81159,0.00,0.00
2018.06.18 10:18:23.742,12.80908,12.81158,0.00,0.00
2018.06.18 10:18:24.404,12.80908,12.81159,0.00,0.00
2018.06.18 10:18:25.861,12.80899,12.81159,0.00,0.00
2018.06.18 10:18:26.388,12.80898,12.81158,0.00,0.00
2018.06.18 10:18:27.044,12.80898,12.81159,0.00,0.00
2018.06.18 10:18:27.705,12.80899,12.81159,0.00,0.00
2018.06.18 10:18:31.099,12.80899,12.81152,0.00,0.00
2018.06.18 10:18:31.448,12.80969,12.81222,0.00,0.00
2018.06.18 10:18:32.025,12.80978,12.81229,0.00,0.00
2018.06.18 10:18:32.467,12.80978,12.81231,0.00,0.00
2018.06.18 10:18:32.731,12.80978,12.81229,0.00,0.00
2018.06.18 10:18:33.147,12.80988,12.81228,0.00,0.00
2018.06.18 10:18:33.323,12.80988,12.81238,0.00,0.00
2018.06.18 10:18:33.374,12.80978,12.81238,0.00,0.00
2018.06.18 10:18:34.002,12.80979,12.81238,0.00,0.00
2018.06.18 10:18:34.620,12.80979,12.81229,0.00,0.00
2018.06.18 10:18:34.939,12.80979,12.81199,0.00,0.00
2018.06.18 10:18:35.458,12.80979,12.81211,0.00,0.00
2018.06.18 10:18:35.509,12.80979,12.81229,0.00,0.00
2018.06.18 10:18:36.742,12.80988,12.81229,0.00,0.00
2018.06.18 10:18:36.793,12.80988,12.81239,0.00,0.00
2018.06.18 10:18:36.869,12.80979,12.81239,0.00,0.00
2018.06.18 10:18:38.108,12.80979,12.81219,0.00,0.00
2018.06.18 10:18:38.561,12.80978,12.81151,0.00,0.00
2018.06.18 10:18:38.668,12.80888,12.81148,0.00,0.00
2018.06.18 10:18:39.324,12.80888,12.81149,0.00,0.00
2018.06.18 10:18:41.120,12.80888,12.81139,0.00,0.00
2018.06.18 10:18:41.943,12.80888,12.81149,0.00,0.00
2018.06.18 10:18:42.024,12.80899,12.81149,0.00,0.00
2018.06.18 10:18:42.627,12.80898,12.81149,0.00,0.00
2018.06.18 10:18:44.208,12.80898,12.81152,0.00,0.00
2018.06.18 10:18:45.514,12.80888,12.81152,0.00,0.00
2018.06.18 10:18:51.504,12.80898,12.81152,0.00,0.00
2018.06.18 10:18:52.205,12.80899,12.81152,0.00,0.00
2018.06.18 10:18:53.289,12.80899,12.81149,0.00,0.00
2018.06.18 10:18:53.340,12.80889,12.81149,0.00,0.00
2018.06.18 10:18:53.847,12.80888,12.81149,0.00,0.00
2018.06.18 10:18:55.891,12.80888,12.81148,0.00,0.00
2018.06.18 10:18:56.498,12.80888,12.81149,0.00,0.00
2018.06.18 10:18:57.294,12.80888,12.81148,0.00,0.00
2018.06.18 10:18:57.398,12.80899,12.81152,0.00,0.00
2018.06.18 10:18:58.164,12.80898,12.81152,0.00,0.00
2018.06.18 10:18:58.874,12.80899,12.81152,0.00,0.00
2018.06.18 10:19:00.236,12.80889,12.81152,0.00,0.00
2018.06.18 10:19:00.302,12.80889,12.81149,0.00,0.00
2018.06.18 10:19:00.847,12.80888,12.81149,0.00,0.00
2018.06.18 10:19:01.390,12.80879,12.81149,0.00,0.00
2018.06.18 10:19:01.487,12.80879,12.81152,0.00,0.00
2018.06.18 10:19:01.537,12.80888,12.81152,0.00,0.00
2018.06.18 10:19:01.840,12.80898,12.81152,0.00,0.00
2018.06.18 10:19:04.425,12.80898,12.81129,0.00,0.00
2018.06.18 10:19:04.680,12.80898,12.81152,0.00,0.00
2018.06.18 10:19:05.518,12.80899,12.81152,0.00,0.00
2018.06.18 10:19:05.614,12.80888,12.81152,0.00,0.00
2018.06.18 10:19:07.735,12.80899,12.81152,0.00,0.00
2018.06.18 10:19:09.114,12.80888,12.81152,0.00,0.00
2018.06.18 10:19:09.760,12.80889,12.81152,0.00,0.00
2018.06.18 10:19:10.554,12.80898,12.81152,0.00,0.00
2018.06.18 10:19:11.704,12.80909,12.81152,0.00,0.00
2018.06.18 10:19:11.948,12.80898,12.81152,0.00,0.00
2018.06.18 10:19:14.181,12.80899,12.81152,0.00,0.00
2018.06.18 10:19:15.277,12.80888,12.81152,0.00,0.00
2018.06.18 10:19:15.404,12.80898,12.81152,0.00,0.00
2018.06.18 10:19:19.059,12.80889,12.81152,0.00,0.00
2018.06.18 10:19:19.160,12.80889,12.81148,0.00,0.00
2018.06.18 10:19:19.724,12.80888,12.81148,0.00,0.00
2018.06.18 10:19:19.824,12.80888,12.81152,0.00,0.00
2018.06.18 10:19:19.875,12.80898,12.81152,0.00,0.00
2018.06.18 10:19:19.995,12.80889,12.81148,0.00,0.00
2018.06.18 10:19:21.094,12.80888,12.81152,0.00,0.00
2018.06.18 10:19:21.174,12.80898,12.81152,0.00,0.00
2018.06.18 10:19:22.746,12.80889,12.81119,0.00,0.00
2018.06.18 10:19:23.357,12.80888,12.81119,0.00,0.00
2018.06.18 10:19:25.068,12.80888,12.81118,0.00,0.00
2018.06.18 10:19:25.669,12.80888,12.81119,0.00,0.00
2018.06.18 10:19:27.610,12.80889,12.81119,0.00,0.00
2018.06.18 10:19:27.958,12.80889,12.81149,0.00,0.00
2018.06.18 10:19:30.010,12.80889,12.81118,0.00,0.00
2018.06.18 10:19:30.618,12.80889,12.81119,0.00,0.00
2018.06.18 10:19:31.277,12.80889,12.81118,0.00,0.00
2018.06.18 10:19:32.427,12.80889,12.81149,0.00,0.00
2018.06.18 10:19:32.479,12.80899,12.81149,0.00,0.00
2018.06.18 10:19:33.729,12.80899,12.81151,0.00,0.00
2018.06.18 10:19:35.272,12.80899,12.81149,0.00,0.00
2018.06.18 10:19:36.084,12.80899,12.81118,0.00,0.00
2018.06.18 10:19:38.598,12.80899,12.81119,0.00,0.00
2018.06.18 10:19:39.044,12.80899,12.81138,0.00,0.00
2018.06.18 10:19:39.146,12.80899,12.81151,0.00,0.00
2018.06.18 10:19:39.196,12.80908,12.81151,0.00,0.00
2018.06.18 10:19:39.306,12.80899,12.81151,0.00,0.00
2018.06.18 10:19:39.357,12.80899,12.81149,0.00,0.00
2018.06.18 10:19:39.868,12.80899,12.81148,0.00,0.00
2018.06.18 10:19:40.268,12.80899,12.81151,0.00,0.00
2018.06.18 10:19:41.282,12.80899,12.81149,0.00,0.00
2018.06.18 10:19:41.725,12.80909,12.81148,0.00,0.00
2018.06.18 10:19:42.002,12.80909,12.81151,0.00,0.00
2018.06.18 10:19:42.053,12.80899,12.81151,0.00,0.00
2018.06.18 10:19:42.333,12.80899,12.81149,0.00,0.00
2018.06.18 10:19:42.882,12.80899,12.81118,0.00,0.00
2018.06.18 10:19:46.049,12.80899,12.81138,0.00,0.00
2018.06.18 10:19:46.480,12.80899,12.81118,0.00,0.00
2018.06.18 10:19:46.897,12.80899,12.81108,0.00,0.00
2018.06.18 10:19:47.594,12.80899,12.81109,0.00,0.00
2018.06.18 10:19:54.048,12.80899,12.81118,0.00,0.00
2018.06.18 10:19:55.020,12.80899,12.81119,0.00,0.00
2018.06.18 10:19:55.190,12.80899,12.81149,0.00,0.00
2018.06.18 10:19:58.114,12.80899,12.81151,0.00,0.00
2018.06.18 10:19:58.196,12.80899,12.81149,0.00,0.00
2018.06.18 10:19:58.767,12.80899,12.81148,0.00,0.00
2018.06.18 10:19:59.250,12.80899,12.81151,0.00,0.00
2018.06.18 10:20:00.136,12.80899,12.81149,0.00,0.00
2018.06.18 10:20:00.468,12.80889,12.81149,0.00,0.00
2018.06.18 10:20:00.519,12.80879,12.81119,0.00,0.00
2018.06.18 10:20:00.581,12.80879,12.81151,0.00,0.00
2018.06.18 10:20:00.632,12.80888,12.81148,0.00,0.00
2018.06.18 10:20:01.076,12.80888,12.81119,0.00,0.00
2018.06.18 10:20:01.128,12.80879,12.81119,0.00,0.00
2018.06.18 10:20:01.224,12.80888,12.81119,0.00,0.00
2018.06.18 10:20:04.258,12.80889,12.81119,0.00,0.00
2018.06.18 10:20:04.449,12.80889,12.81149,0.00,0.00
2018.06.18 10:20:07.988,12.80889,12.81118,0.00,0.00
2018.06.18 10:20:08.038,12.80879,12.81118,0.00,0.00
2018.06.18 10:20:08.118,12.80889,12.81118,0.00,0.00
2018.06.18 10:20:08.683,12.80888,12.81118,0.00,0.00
2018.06.18 10:20:12.116,12.80889,12.81118,0.00,0.00
2018.06.18 10:20:13.286,12.80889,12.81148,0.00,0.00
2018.06.18 10:20:13.365,12.80899,12.81148,0.00,0.00
2018.06.18 10:20:13.703,12.80888,12.81149,0.00,0.00
2018.06.18 10:20:13.753,12.80888,12.81118,0.00,0.00
2018.06.18 10:20:13.829,12.80879,12.81118,0.00,0.00
2018.06.18 10:20:17.753,12.80888,12.81118,0.00,0.00
2018.06.18 10:20:20.489,12.80889,12.81118,0.00,0.00
2018.06.18 10:20:21.474,12.80879,12.81049,0.00,0.00
2018.06.18 10:20:21.579,12.80789,12.81049,0.00,0.00
2018.06.18 10:20:21.930,12.80789,12.81039,0.00,0.00
2018.06.18 10:20:26.669,12.80789,12.81019,0.00,0.00
2018.06.18 10:20:28.354,12.80789,12.81018,0.00,0.00
2018.06.18 10:20:29.629,12.80798,12.81018,0.00,0.00
2018.06.18 10:20:29.681,12.80809,12.81068,0.00,0.00
2018.06.18 10:20:29.732,12.80849,12.81112,0.00,0.00
2018.06.18 10:20:29.783,12.80889,12.81118,0.00,0.00
2018.06.18 10:20:30.560,12.80889,12.81119,0.00,0.00
2018.06.18 10:20:30.758,12.80879,12.81119,0.00,0.00
2018.06.18 10:20:32.445,12.80878,12.81119,0.00,0.00
2018.06.18 10:20:32.496,12.80878,12.81099,0.00,0.00
2018.06.18 10:20:34.713,12.80878,12.81068,0.00,0.00
2018.06.18 10:20:34.871,12.80878,12.81099,0.00,0.00
2018.06.18 10:20:37.093,12.80878,12.81118,0.00,0.00
2018.06.18 10:20:37.194,12.80888,12.81119,0.00,0.00
2018.06.18 10:20:38.323,12.80888,12.81118,0.00,0.00
2018.06.18 10:20:39.076,12.80889,12.81118,0.00,0.00
2018.06.18 10:20:39.204,12.80878,12.81118,0.00,0.00
2018.06.18 10:20:40.889,12.80878,12.81099,0.00,0.00
2018.06.18 10:20:41.454,12.80879,12.81099,0.00,0.00
2018.06.18 10:20:44.107,12.80878,12.81098,0.00,0.00
2018.06.18 10:20:44.304,12.80818,12.81069,0.00,0.00
2018.06.18 10:20:44.355,12.80818,12.81059,0.00,0.00
2018.06.18 10:20:44.406,12.80808,12.81058,0.00,0.00
2018.06.18 10:20:45.165,12.80819,12.81058,0.00,0.00
2018.06.18 10:20:45.294,12.80808,12.81058,0.00,0.00
2018.06.18 10:20:46.369,12.80808,12.81059,0.00,0.00
2018.06.18 10:20:47.209,12.80799,12.81059,0.00,0.00
2018.06.18 10:20:47.604,12.80808,12.81059,0.00,0.00
2018.06.18 10:20:47.755,12.80798,12.81059,0.00,0.00
2018.06.18 10:20:48.119,12.80808,12.81058,0.00,0.00
2018.06.18 10:20:50.404,12.80811,12.81062,0.00,0.00
2018.06.18 10:20:50.455,12.80849,12.81068,0.00,0.00
2018.06.18 10:20:50.727,12.80869,12.81102,0.00,0.00
2018.06.18 10:20:50.778,12.80878,12.81119,0.00,0.00
2018.06.18 10:20:50.829,12.80889,12.81119,0.00,0.00
2018.06.18 10:20:56.483,12.80888,12.81119,0.00,0.00
2018.06.18 10:20:56.648,12.80879,12.81119,0.00,0.00
2018.06.18 10:20:56.954,12.80879,12.81099,0.00,0.00
2018.06.18 10:20:57.197,12.80879,12.81118,0.00,0.00
2018.06.18 10:20:57.317,12.80888,12.81118,0.00,0.00
2018.06.18 10:20:58.171,12.80888,12.81119,0.00,0.00
2018.06.18 10:20:59.811,12.80879,12.81119,0.00,0.00
2018.06.18 10:21:00.127,12.80888,12.81119,0.00,0.00
2018.06.18 10:21:00.439,12.80879,12.81099,0.00,0.00
2018.06.18 10:21:01.019,12.80879,12.81119,0.00,0.00
2018.06.18 10:21:01.520,12.80888,12.81118,0.00,0.00
2018.06.18 10:21:02.128,12.80888,12.81119,0.00,0.00
2018.06.18 10:21:02.924,12.80878,12.81119,0.00,0.00
2018.06.18 10:21:03.004,12.80889,12.81119,0.00,0.00
2018.06.18 10:21:03.649,12.80878,12.81119,0.00,0.00
2018.06.18 10:21:07.311,12.80879,12.81119,0.00,0.00
2018.06.18 10:21:15.952,12.80879,12.81098,0.00,0.00
2018.06.18 10:21:16.694,12.80878,12.81098,0.00,0.00
2018.06.18 10:21:17.494,12.80878,12.81099,0.00,0.00
2018.06.18 10:21:19.921,12.80878,12.81068,0.00,0.00
2018.06.18 10:21:20.073,12.80879,12.81078,0.00,0.00
2018.06.18 10:21:20.654,12.80879,12.81079,0.00,0.00
2018.06.18 10:21:21.036,12.80889,12.81119,0.00,0.00
2018.06.18 10:21:21.646,12.80888,12.81118,0.00,0.00
2018.06.18 10:21:22.031,12.80878,12.81099,0.00,0.00
2018.06.18 10:21:22.419,12.80878,12.81108,0.00,0.00
2018.06.18 10:21:22.470,12.80878,12.81099,0.00,0.00
2018.06.18 10:21:24.044,12.80879,12.81068,0.00,0.00
2018.06.18 10:21:27.558,12.80879,12.81061,0.00,0.00
2018.06.18 10:21:27.711,12.80808,12.81058,0.00,0.00
2018.06.18 10:21:27.829,12.80798,12.81059,0.00,0.00
2018.06.18 10:21:28.636,12.80798,12.81058,0.00,0.00
2018.06.18 10:21:30.198,12.80798,12.81052,0.00,0.00
2018.06.18 10:21:30.944,12.80799,12.81052,0.00,0.00
2018.06.18 10:21:37.976,12.80799,12.81049,0.00,0.00
2018.06.18 10:21:40.437,12.80788,12.81049,0.00,0.00
2018.06.18 10:21:40.715,12.80779,12.80999,0.00,0.00
2018.06.18 10:21:41.107,12.80779,12.80988,0.00,0.00
2018.06.18 10:21:41.276,12.80779,12.81019,0.00,0.00
2018.06.18 10:21:41.326,12.80779,12.80999,0.00,0.00
2018.06.18 10:21:41.540,12.80779,12.81019,0.00,0.00
2018.06.18 10:21:41.591,12.80779,12.80999,0.00,0.00
2018.06.18 10:21:41.641,12.80768,12.80999,0.00,0.00
2018.06.18 10:21:41.760,12.80779,12.81018,0.00,0.00
2018.06.18 10:21:42.758,12.80779,12.80999,0.00,0.00
2018.06.18 10:21:47.146,12.80779,12.81019,0.00,0.00
2018.06.18 10:21:48.859,12.80788,12.81019,0.00,0.00
2018.06.18 10:21:49.305,12.80778,12.81019,0.00,0.00
2018.06.18 10:21:49.434,12.80788,12.81018,0.00,0.00
2018.06.18 10:21:49.485,12.80788,12.81032,0.00,0.00
2018.06.18 10:21:52.990,12.80788,12.81019,0.00,0.00
2018.06.18 10:21:53.042,12.80779,12.81019,0.00,0.00
2018.06.18 10:21:53.548,12.80788,12.81019,0.00,0.00
2018.06.18 10:21:53.599,12.80788,12.81038,0.00,0.00
2018.06.18 10:21:53.681,12.80779,12.81038,0.00,0.00
2018.06.18 10:21:54.417,12.80779,12.81039,0.00,0.00
2018.06.18 10:21:55.841,12.80779,12.81018,0.00,0.00
2018.06.18 10:21:57.587,12.80779,12.81039,0.00,0.00
2018.06.18 10:21:57.638,12.80788,12.81039,0.00,0.00
2018.06.18 10:21:58.100,12.80798,12.81042,0.00,0.00
2018.06.18 10:21:58.593,12.80809,12.81042,0.00,0.00
2018.06.18 10:21:58.695,12.80799,12.81042,0.00,0.00
2018.06.18 10:21:59.703,12.80789,12.81042,0.00,0.00
2018.06.18 10:21:59.757,12.80789,12.81029,0.00,0.00
2018.06.18 10:22:00.099,12.80798,12.81028,0.00,0.00
2018.06.18 10:22:00.221,12.80788,12.81028,0.00,0.00
2018.06.18 10:22:00.743,12.80789,12.81028,0.00,0.00
2018.06.18 10:22:02.179,12.80799,12.81028,0.00,0.00
2018.06.18 10:22:02.350,12.80789,12.81029,0.00,0.00
2018.06.18 10:22:04.804,12.80789,12.81049,0.00,0.00
2018.06.18 10:22:04.884,12.80798,12.81049,0.00,0.00
2018.06.18 10:22:05.098,12.80788,12.81048,0.00,0.00
2018.06.18 10:22:05.709,12.80788,12.81049,0.00,0.00
2018.06.18 10:22:06.496,12.80788,12.81048,0.00,0.00
2018.06.18 10:22:06.771,12.80788,12.81038,0.00,0.00
2018.06.18 10:22:07.350,12.80779,12.81029,0.00,0.00
2018.06.18 10:22:07.685,12.80779,12.81019,0.00,0.00
2018.06.18 10:22:08.815,12.80779,12.81028,0.00,0.00
2018.06.18 10:22:08.958,12.80788,12.81028,0.00,0.00
2018.06.18 10:22:09.462,12.80788,12.81039,0.00,0.00
2018.06.18 10:22:09.516,12.80779,12.81019,0.00,0.00
2018.06.18 10:22:10.048,12.80779,12.81018,0.00,0.00
2018.06.18 10:22:11.520,12.80789,12.81018,0.00,0.00
2018.06.18 10:22:11.604,12.80779,12.81018,0.00,0.00
2018.06.18 10:22:12.625,12.80788,12.81059,0.00,0.00
2018.06.18 10:22:12.893,12.80788,12.81049,0.00,0.00
2018.06.18 10:22:13.349,12.80788,12.81039,0.00,0.00
2018.06.18 10:22:15.276,12.80789,12.81039,0.00,0.00
2018.06.18 10:22:15.949,12.80789,12.81038,0.00,0.00
2018.06.18 10:22:16.644,12.80789,12.81039,0.00,0.00
2018.06.18 10:22:17.234,12.80839,12.81092,0.00,0.00
2018.06.18 10:22:17.346,12.80888,12.81111,0.00,0.00
2018.06.18 10:22:17.397,12.80888,12.81118,0.00,0.00
2018.06.18 10:22:17.947,12.80888,12.81119,0.00,0.00
2018.06.18 10:22:18.692,12.80888,12.81118,0.00,0.00
2018.06.18 10:22:34.034,12.80879,12.81118,0.00,0.00
2018.06.18 10:22:34.085,12.80879,12.81099,0.00,0.00
2018.06.18 10:22:34.269,12.80879,12.81119,0.00,0.00
2018.06.18 10:22:34.320,12.80879,12.81098,0.00,0.00
2018.06.18 10:22:38.663,12.80879,12.81069,0.00,0.00
2018.06.18 10:22:38.714,12.80868,12.81062,0.00,0.00
2018.06.18 10:22:38.765,12.80868,12.81049,0.00,0.00
2018.06.18 10:22:38.818,12.80798,12.81049,0.00,0.00
2018.06.18 10:22:39.551,12.80798,12.81048,0.00,0.00
2018.06.18 10:22:40.205,12.80798,12.81049,0.00,0.00
2018.06.18 10:22:40.357,12.80808,12.81059,0.00,0.00
2018.06.18 10:22:40.679,12.80798,12.81048,0.00,0.00
2018.06.18 10:22:44.100,12.80798,12.81059,0.00,0.00
2018.06.18 10:22:46.049,12.80799,12.81059,0.00,0.00
2018.06.18 10:22:49.019,12.80798,12.81059,0.00,0.00
2018.06.18 10:22:50.186,12.80798,12.81058,0.00,0.00
2018.06.18 10:22:50.787,12.80799,12.81058,0.00,0.00
2018.06.18 10:22:52.238,12.80798,12.81058,0.00,0.00
2018.06.18 10:22:53.276,12.80798,12.81059,0.00,0.00
2018.06.18 10:22:56.299,12.80798,12.81051,0.00,0.00
2018.06.18 10:22:56.730,12.80808,12.81051,0.00,0.00
2018.06.18 10:22:57.438,12.80808,12.81059,0.00,0.00
2018.06.18 10:23:00.176,12.80809,12.81059,0.00,0.00
2018.06.18 10:23:03.011,12.80878,12.81059,0.00,0.00
2018.06.18 10:23:03.062,12.80878,12.81068,0.00,0.00
2018.06.18 10:23:03.170,12.80878,12.81109,0.00,0.00
2018.06.18 10:23:03.221,12.80878,12.81098,0.00,0.00
2018.06.18 10:23:03.750,12.80878,12.81099,0.00,0.00
2018.06.18 10:23:04.156,12.80868,12.81069,0.00,0.00
2018.06.18 10:23:05.004,12.80838,12.81069,0.00,0.00
2018.06.18 10:23:05.422,12.80869,12.81069,0.00,0.00
2018.06.18 10:23:06.136,12.80869,12.81068,0.00,0.00
2018.06.18 10:23:06.797,12.80869,12.81069,0.00,0.00
2018.06.18 10:23:08.008,12.80869,12.81068,0.00,0.00
2018.06.18 10:23:14.210,12.80869,12.81069,0.00,0.00
2018.06.18 10:23:16.246,12.80869,12.81119,0.00,0.00
2018.06.18 10:23:16.297,12.80879,12.81119,0.00,0.00
2018.06.18 10:23:18.095,12.80888,12.81118,0.00,0.00
2018.06.18 10:23:18.196,12.80879,12.81118,0.00,0.00
2018.06.18 10:23:19.188,12.80888,12.81119,0.00,0.00
2018.06.18 10:23:19.294,12.80878,12.81119,0.00,0.00
2018.06.18 10:23:20.020,12.80888,12.81119,0.00,0.00
2018.06.18 10:23:21.409,12.80899,12.81119,0.00,0.00
2018.06.18 10:23:23.517,12.80888,12.81119,0.00,0.00
2018.06.18 10:23:28.850,12.80888,12.81118,0.00,0.00
2018.06.18 10:23:32.222,12.80878,12.81118,0.00,0.00
2018.06.18 10:23:32.273,12.80889,12.81118,0.00,0.00
2018.06.18 10:23:37.012,12.80889,12.81119,0.00,0.00
2018.06.18 10:23:37.710,12.80889,12.81118,0.00,0.00
2018.06.18 10:23:38.289,12.80878,12.81118,0.00,0.00
2018.06.18 10:23:38.419,12.80889,12.81118,0.00,0.00
2018.06.18 10:23:39.510,12.80888,12.81118,0.00,0.00
2018.06.18 10:23:39.956,12.80898,12.81118,0.00,0.00
2018.06.18 10:23:40.497,12.80958,12.81169,0.00,0.00
2018.06.18 10:23:40.598,12.80979,12.81199,0.00,0.00
2018.06.18 10:23:40.669,12.80979,12.81208,0.00,0.00
2018.06.18 10:23:40.719,12.80988,12.81208,0.00,0.00
2018.06.18 10:23:40.949,12.80979,12.81208,0.00,0.00
2018.06.18 10:23:41.060,12.80979,12.81219,0.00,0.00
2018.06.18 10:23:41.596,12.80988,12.81219,0.00,0.00
2018.06.18 10:23:42.433,12.80989,12.81219,0.00,0.00
2018.06.18 10:23:43.209,12.80979,12.81219,0.00,0.00
2018.06.18 10:23:43.754,12.80979,12.81218,0.00,0.00
2018.06.18 10:23:47.767,12.80958,12.81158,0.00,0.00
2018.06.18 10:23:47.872,12.80899,12.81158,0.00,0.00
2018.06.18 10:23:48.838,12.80938,12.81169,0.00,0.00
2018.06.18 10:23:48.991,12.80918,12.81159,0.00,0.00
2018.06.18 10:23:49.498,12.80911,12.81159,0.00,0.00
2018.06.18 10:23:49.882,12.80898,12.81158,0.00,0.00
2018.06.18 10:23:50.901,12.80898,12.81159,0.00,0.00
2018.06.18 10:23:51.988,12.80888,12.81149,0.00,0.00
2018.06.18 10:23:52.473,12.80888,12.81142,0.00,0.00
2018.06.18 10:23:53.460,12.80888,12.81149,0.00,0.00
2018.06.18 10:23:53.580,12.80968,12.81162,0.00,0.00
2018.06.18 10:23:53.630,12.80969,12.81218,0.00,0.00
2018.06.18 10:23:54.125,12.80969,12.81198,0.00,0.00
2018.06.18 10:23:55.887,12.80969,12.81219,0.00,0.00
2018.06.18 10:23:56.103,12.80969,12.81199,0.00,0.00
2018.06.18 10:23:56.598,12.80969,12.81219,0.00,0.00
2018.06.18 10:23:56.807,12.80969,12.81199,0.00,0.00
2018.06.18 10:23:57.770,12.80959,12.81198,0.00,0.00
2018.06.18 10:23:57.871,12.80968,12.81211,0.00,0.00
2018.06.18 10:23:58.482,12.80968,12.81218,0.00,0.00
2018.06.18 10:23:59.203,12.80969,12.81219,0.00,0.00
2018.06.18 10:24:00.073,12.80969,12.81218,0.00,0.00
2018.06.18 10:24:00.178,12.80969,12.81181,0.00,0.00
2018.06.18 10:24:00.583,12.80978,12.81181,0.00,0.00
2018.06.18 10:24:02.248,12.80968,12.81181,0.00,0.00
2018.06.18 10:24:13.474,12.80949,12.81181,0.00,0.00
2018.06.18 10:24:19.587,12.80968,12.81181,0.00,0.00
2018.06.18 10:24:22.890,12.80969,12.81181,0.00,0.00
2018.06.18 10:24:24.116,12.80969,12.81201,0.00,0.00
2018.06.18 10:24:24.247,12.80969,12.81212,0.00,0.00
2018.06.18 10:24:27.132,12.80968,12.81212,0.00,0.00
2018.06.18 10:24:34.811,12.80969,12.81212,0.00,0.00
2018.06.18 10:24:39.287,12.80978,12.81212,0.00,0.00
2018.06.18 10:24:39.379,12.80968,12.81212,0.00,0.00
2018.06.18 10:24:41.657,12.80978,12.81212,0.00,0.00
2018.06.18 10:24:41.967,12.80968,12.81212,0.00,0.00
2018.06.18 10:24:47.896,12.80978,12.81212,0.00,0.00
2018.06.18 10:24:49.320,12.80979,12.81212,0.00,0.00
2018.06.18 10:24:49.449,12.80968,12.81212,0.00,0.00
2018.06.18 10:24:53.182,12.80979,12.81212,0.00,0.00
2018.06.18 10:24:53.404,12.80969,12.81212,0.00,0.00
2018.06.18 10:24:54.741,12.80979,12.81212,0.00,0.00
2018.06.18 10:24:54.869,12.80968,12.81212,0.00,0.00
2018.06.18 10:24:55.219,12.80979,12.81212,0.00,0.00
2018.06.18 10:24:55.396,12.80969,12.81212,0.00,0.00
2018.06.18 10:24:55.547,12.80979,12.81212,0.00,0.00
2018.06.18 10:24:55.674,12.80968,12.81212,0.00,0.00
2018.06.18 10:24:56.079,12.80978,12.81212,0.00,0.00
2018.06.18 10:24:56.209,12.80969,12.81212,0.00,0.00
2018.06.18 10:24:59.229,12.80979,12.81212,0.00,0.00
2018.06.18 10:25:00.179,12.80968,12.81212,0.00,0.00
2018.06.18 10:25:00.304,12.80978,12.81212,0.00,0.00
2018.06.18 10:25:01.099,12.80979,12.81212,0.00,0.00
2018.06.18 10:25:03.750,12.80988,12.81212,0.00,0.00
2018.06.18 10:25:03.851,12.80978,12.81241,0.00,0.00
2018.06.18 10:25:03.902,12.80978,12.81218,0.00,0.00
2018.06.18 10:25:04.003,12.80969,12.81212,0.00,0.00
2018.06.18 10:25:04.535,12.80969,12.81211,0.00,0.00
2018.06.18 10:25:05.884,12.80978,12.81211,0.00,0.00
2018.06.18 10:25:10.702,12.80988,12.81211,0.00,0.00
2018.06.18 10:25:10.829,12.80978,12.81211,0.00,0.00
2018.06.18 10:25:12.140,12.80969,12.81211,0.00,0.00
2018.06.18 10:25:14.052,12.80979,12.81211,0.00,0.00
2018.06.18 10:25:14.303,12.80969,12.81211,0.00,0.00
2018.06.18 10:25:14.435,12.80978,12.81211,0.00,0.00
2018.06.18 10:25:14.591,12.80969,12.81211,0.00,0.00
2018.06.18 10:25:15.101,12.80978,12.81211,0.00,0.00
2018.06.18 10:25:17.072,12.80979,12.81211,0.00,0.00
2018.06.18 10:25:17.122,12.80969,12.81211,0.00,0.00
2018.06.18 10:25:19.303,12.80979,12.81211,0.00,0.00
2018.06.18 10:25:20.195,12.80988,12.81211,0.00,0.00
2018.06.18 10:25:20.324,12.80978,12.81211,0.00,0.00
2018.06.18 10:25:21.484,12.80969,12.81211,0.00,0.00
2018.06.18 10:25:22.017,12.80979,12.81212,0.00,0.00
2018.06.18 10:25:22.253,12.80969,12.81212,0.00,0.00
2018.06.18 10:25:24.148,12.80978,12.81212,0.00,0.00
2018.06.18 10:25:24.550,12.80968,12.81212,0.00,0.00
2018.06.18 10:25:25.173,12.80978,12.81212,0.00,0.00
2018.06.18 10:25:25.274,12.80968,12.81212,0.00,0.00
2018.06.18 10:25:25.869,12.80978,12.81212,0.00,0.00
2018.06.18 10:25:27.618,12.80979,12.81212,0.00,0.00
2018.06.18 10:25:27.953,12.80988,12.81212,0.00,0.00
2018.06.18 10:25:28.362,12.80978,12.81212,0.00,0.00
2018.06.18 10:25:28.528,12.80999,12.81212,0.00,0.00
2018.06.18 10:25:28.616,12.81019,12.81271,0.00,0.00
2018.06.18 10:25:28.667,12.81068,12.81302,0.00,0.00
2018.06.18 10:25:29.011,12.81088,12.81302,0.00,0.00
2018.06.18 10:25:29.541,12.81079,12.81302,0.00,0.00
2018.06.18 10:25:30.857,12.81098,12.81302,0.00,0.00
2018.06.18 10:25:31.050,12.81079,12.81302,0.00,0.00
2018.06.18 10:25:31.155,12.81089,12.81302,0.00,0.00
2018.06.18 10:25:31.722,12.81089,12.81322,0.00,0.00
2018.06.18 10:25:32.564,12.81088,12.81322,0.00,0.00
2018.06.18 10:25:32.671,12.81148,12.81369,0.00,0.00
2018.06.18 10:25:32.823,12.81179,12.81422,0.00,0.00
2018.06.18 10:25:32.880,12.81179,12.81388,0.00,0.00
2018.06.18 10:25:32.931,12.81179,12.81422,0.00,0.00
2018.06.18 10:25:33.021,12.81179,12.81402,0.00,0.00
2018.06.18 10:25:33.326,12.81189,12.81381,0.00,0.00
2018.06.18 10:25:34.772,12.81178,12.81381,0.00,0.00
2018.06.18 10:25:34.947,12.81189,12.81381,0.00,0.00
2018.06.18 10:25:35.560,12.81188,12.81381,0.00,0.00
2018.06.18 10:25:36.089,12.81189,12.81381,0.00,0.00
2018.06.18 10:25:36.928,12.81219,12.81462,0.00,0.00
2018.06.18 10:25:36.979,12.81258,12.81462,0.00,0.00
2018.06.18 10:25:37.029,12.81279,12.81491,0.00,0.00
2018.06.18 10:25:37.130,12.81279,12.81511,0.00,0.00
2018.06.18 10:25:37.315,12.81289,12.81511,0.00,0.00
2018.06.18 10:25:38.389,12.81298,12.81511,0.00,0.00
2018.06.18 10:25:38.440,12.81298,12.81521,0.00,0.00
2018.06.18 10:25:38.912,12.81288,12.81521,0.00,0.00
2018.06.18 10:25:39.000,12.81281,12.81521,0.00,0.00
2018.06.18 10:25:39.649,12.81282,12.81521,0.00,0.00
2018.06.18 10:25:40.185,12.81281,12.81521,0.00,0.00
2018.06.18 10:25:42.186,12.81282,12.81521,0.00,0.00
2018.06.18 10:25:42.338,12.81279,12.81521,0.00,0.00
2018.06.18 10:25:42.389,12.81289,12.81521,0.00,0.00
2018.06.18 10:25:42.489,12.81279,12.81521,0.00,0.00
2018.06.18 10:25:43.307,12.81289,12.81521,0.00,0.00
2018.06.18 10:25:43.510,12.81279,12.81522,0.00,0.00
2018.06.18 10:25:43.700,12.81281,12.81522,0.00,0.00
2018.06.18 10:25:44.148,12.81289,12.81522,0.00,0.00
2018.06.18 10:25:44.767,12.81281,12.81522,0.00,0.00
2018.06.18 10:25:44.894,12.81279,12.81522,0.00,0.00
2018.06.18 10:25:45.534,12.81258,12.81422,0.00,0.00
2018.06.18 10:25:45.637,12.81178,12.81422,0.00,0.00
2018.06.18 10:25:45.810,12.81169,12.81422,0.00,0.00
2018.06.18 10:25:46.121,12.81179,12.81422,0.00,0.00
2018.06.18 10:25:48.586,12.81178,12.81422,0.00,0.00
2018.06.18 10:25:48.882,12.81168,12.81422,0.00,0.00
2018.06.18 10:25:49.441,12.81169,12.81422,0.00,0.00
2018.06.18 10:25:49.607,12.81178,12.81422,0.00,0.00
2018.06.18 10:25:50.264,12.81258,12.81521,0.00,0.00
2018.06.18 10:25:50.403,12.81278,12.81521,0.00,0.00
2018.06.18 10:25:50.517,12.81269,12.81522,0.00,0.00
2018.06.18 10:25:51.803,12.81268,12.81522,0.00,0.00
2018.06.18 10:25:52.414,12.81269,12.81522,0.00,0.00
2018.06.18 10:25:54.249,12.81268,12.81522,0.00,0.00
2018.06.18 10:25:54.375,12.81258,12.81522,0.00,0.00
2018.06.18 10:25:55.001,12.81259,12.81522,0.00,0.00
2018.06.18 10:25:55.532,12.81268,12.81522,0.00,0.00
2018.06.18 10:25:56.441,12.81258,12.81522,0.00,0.00
2018.06.18 10:25:57.748,12.81259,12.81522,0.00,0.00
2018.06.18 10:25:57.874,12.81268,12.81522,0.00,0.00
2018.06.18 10:25:59.499,12.81269,12.81522,0.00,0.00
2018.06.18 10:26:00.171,12.81269,12.81521,0.00,0.00
2018.06.18 10:26:00.222,12.81258,12.81521,0.00,0.00
2018.06.18 10:26:00.272,12.81258,12.81492,0.00,0.00
2018.06.18 10:26:01.319,12.81268,12.81492,0.00,0.00
2018.06.18 10:26:01.527,12.81258,12.81492,0.00,0.00
2018.06.18 10:26:02.039,12.81268,12.81492,0.00,0.00
2018.06.18 10:26:02.196,12.81259,12.81492,0.00,0.00
2018.06.18 10:26:03.108,12.81268,12.81492,0.00,0.00
2018.06.18 10:26:03.234,12.81259,12.81492,0.00,0.00
2018.06.18 10:26:03.874,12.81269,12.81492,0.00,0.00
2018.06.18 10:26:04.419,12.81259,12.81492,0.00,0.00
2018.06.18 10:26:07.345,12.81248,12.81492,0.00,0.00
2018.06.18 10:26:07.395,12.81248,12.81471,0.00,0.00
2018.06.18 10:26:07.752,12.81192,12.81431,0.00,0.00
2018.06.18 10:26:07.888,12.81208,12.81431,0.00,0.00
2018.06.18 10:26:07.939,12.81248,12.81481,0.00,0.00
2018.06.18 10:26:08.217,12.81258,12.81481,0.00,0.00
2018.06.18 10:26:09.326,12.81249,12.81481,0.00,0.00
2018.06.18 10:26:09.377,12.81249,12.81469,0.00,0.00
2018.06.18 10:26:09.710,12.81249,12.81482,0.00,0.00
2018.06.18 10:26:09.811,12.81248,12.81478,0.00,0.00
2018.06.18 10:26:10.114,12.81259,12.81479,0.00,0.00
2018.06.18 10:26:10.354,12.81188,12.81412,0.00,0.00
2018.06.18 10:26:11.152,12.81211,12.81412,0.00,0.00
2018.06.18 10:26:11.202,12.81191,12.81451,0.00,0.00
2018.06.18 10:26:11.253,12.81178,12.81432,0.00,0.00
2018.06.18 10:26:11.631,12.81189,12.81412,0.00,0.00
2018.06.18 10:26:13.261,12.81208,12.81412,0.00,0.00
2018.06.18 10:26:13.312,12.81259,12.81482,0.00,0.00
2018.06.18 10:26:13.413,12.81249,12.81482,0.00,0.00
2018.06.18 10:26:13.798,12.81261,12.81502,0.00,0.00
2018.06.18 10:26:13.912,12.81248,12.81502,0.00,0.00
2018.06.18 10:26:15.650,12.81248,12.81462,0.00,0.00
2018.06.18 10:26:15.701,12.81188,12.81412,0.00,0.00
2018.06.18 10:26:15.752,12.81178,12.81412,0.00,0.00
2018.06.18 10:26:15.852,12.81169,12.81412,0.00,0.00
2018.06.18 10:26:16.439,12.81178,12.81412,0.00,0.00
2018.06.18 10:26:17.491,12.81169,12.81412,0.00,0.00
2018.06.18 10:26:24.692,12.81148,12.81412,0.00,0.00
2018.06.18 10:26:24.743,12.81139,12.81321,0.00,0.00
2018.06.18 10:26:24.844,12.81088,12.81321,0.00,0.00
2018.06.18 10:26:26.465,12.81081,12.81321,0.00,0.00
2018.06.18 10:26:26.667,12.81069,12.81321,0.00,0.00
2018.06.18 10:26:27.177,12.81069,12.81322,0.00,0.00
2018.06.18 10:26:27.821,12.81081,12.81322,0.00,0.00
2018.06.18 10:26:28.130,12.81112,12.81321,0.00,0.00
2018.06.18 10:26:28.236,12.81089,12.81322,0.00,0.00
2018.06.18 10:26:28.562,12.81072,12.81322,0.00,0.00
2018.06.18 10:26:29.950,12.81058,12.81322,0.00,0.00
2018.06.18 10:26:30.077,12.81082,12.81342,0.00,0.00
2018.06.18 10:26:30.179,12.81069,12.81341,0.00,0.00
2018.06.18 10:26:30.293,12.81059,12.81311,0.00,0.00
2018.06.18 10:26:31.391,12.81068,12.81322,0.00,0.00
2018.06.18 10:26:31.469,12.81058,12.81322,0.00,0.00
2018.06.18 10:26:31.691,12.81068,12.81322,0.00,0.00
2018.06.18 10:26:33.399,12.81078,12.81322,0.00,0.00
2018.06.18 10:26:33.653,12.81069,12.81322,0.00,0.00
2018.06.18 10:26:34.456,12.81059,12.81322,0.00,0.00
2018.06.18 10:26:34.660,12.81061,12.81322,0.00,0.00
2018.06.18 10:26:34.761,12.81048,12.81322,0.00,0.00
2018.06.18 10:26:34.924,12.81058,12.81322,0.00,0.00
2018.06.18 10:26:37.169,12.81059,12.81322,0.00,0.00
2018.06.18 10:26:37.442,12.81049,12.81322,0.00,0.00
2018.06.18 10:26:38.168,12.81048,12.81322,0.00,0.00
2018.06.18 10:26:39.126,12.81059,12.81322,0.00,0.00
2018.06.18 10:26:39.278,12.81049,12.81322,0.00,0.00
2018.06.18 10:26:39.873,12.81049,12.81302,0.00,0.00
2018.06.18 10:26:40.410,12.81058,12.81302,0.00,0.00
2018.06.18 10:26:41.765,12.81048,12.81302,0.00,0.00
2018.06.18 10:26:43.579,12.81051,12.81302,0.00,0.00
2018.06.18 10:26:44.104,12.81049,12.81302,0.00,0.00
2018.06.18 10:26:44.260,12.81039,12.81242,0.00,0.00
2018.06.18 10:26:44.361,12.80979,12.81242,0.00,0.00
2018.06.18 10:26:44.463,12.80979,12.81221,0.00,0.00
2018.06.18 10:26:44.809,12.80981,12.81221,0.00,0.00
2018.06.18 10:26:45.147,12.81049,12.81291,0.00,0.00
2018.06.18 10:26:45.367,12.81058,12.81312,0.00,0.00
2018.06.18 10:26:45.417,12.81061,12.81312,0.00,0.00
2018.06.18 10:26:45.851,12.81062,12.81321,0.00,0.00
2018.06.18 10:26:46.106,12.81069,12.81321,0.00,0.00
2018.06.18 10:26:46.458,12.81082,12.81321,0.00,0.00
2018.06.18 10:26:46.570,12.81072,12.81321,0.00,0.00
2018.06.18 10:26:46.620,12.81081,12.81321,0.00,0.00
2018.06.18 10:26:46.998,12.81111,12.81341,0.00,0.00
2018.06.18 10:26:47.099,12.81068,12.81342,0.00,0.00
2018.06.18 10:26:47.150,12.81058,12.81331,0.00,0.00
2018.06.18 10:26:52.404,12.81049,12.81331,0.00,0.00
2018.06.18 10:26:52.455,12.81049,12.81268,0.00,0.00
2018.06.18 10:26:52.629,12.81029,12.81269,0.00,0.00
2018.06.18 10:26:52.865,12.80988,12.81232,0.00,0.00
2018.06.18 10:26:52.966,12.80979,12.81232,0.00,0.00
2018.06.18 10:26:53.804,12.80968,12.81232,0.00,0.00
2018.06.18 10:26:53.855,12.80961,12.81232,0.00,0.00
2018.06.18 10:26:54.405,12.80968,12.81232,0.00,0.00
2018.06.18 10:26:57.269,12.80961,12.81232,0.00,0.00
2018.06.18 10:26:59.269,12.80961,12.81231,0.00,0.00
2018.06.18 10:26:59.892,12.80972,12.81232,0.00,0.00
2018.06.18 10:27:00.227,12.80998,12.81251,0.00,0.00
2018.06.18 10:27:00.777,12.80998,12.81252,0.00,0.00
2018.06.18 10:27:01.958,12.80998,12.81241,0.00,0.00
2018.06.18 10:27:02.109,12.80998,12.81252,0.00,0.00
2018.06.18 10:27:02.214,12.80998,12.81242,0.00,0.00
2018.06.18 10:27:02.344,12.80998,12.81251,0.00,0.00
2018.06.18 10:27:02.701,12.80998,12.81242,0.00,0.00
2018.06.18 10:27:05.202,12.80998,12.81252,0.00,0.00
2018.06.18 10:27:05.253,12.81079,12.81252,0.00,0.00
2018.06.18 10:27:05.309,12.81079,12.81299,0.00,0.00
2018.06.18 10:27:06.724,12.81079,12.81298,0.00,0.00
2018.06.18 10:27:07.184,12.81079,12.81321,0.00,0.00
2018.06.18 10:27:10.050,12.81079,12.81318,0.00,0.00
2018.06.18 10:27:10.401,12.81079,12.81288,0.00,0.00
2018.06.18 10:27:10.530,12.81011,12.81252,0.00,0.00
2018.06.18 10:27:10.631,12.81029,12.81252,0.00,0.00
2018.06.18 10:27:10.681,12.81068,12.81299,0.00,0.00
2018.06.18 10:27:11.751,12.81069,12.81312,0.00,0.00
2018.06.18 10:27:11.802,12.81069,12.81319,0.00,0.00
2018.06.18 10:27:12.344,12.81069,12.81331,0.00,0.00
2018.06.18 10:27:12.441,12.81088,12.81331,0.00,0.00
2018.06.18 10:27:13.020,12.81088,12.81322,0.00,0.00
2018.06.18 10:27:13.639,12.81088,12.81318,0.00,0.00
2018.06.18 10:27:13.892,12.81088,12.81328,0.00,0.00
2018.06.18 10:27:14.054,12.81088,12.81322,0.00,0.00
2018.06.18 10:27:14.847,12.81088,12.81312,0.00,0.00
2018.06.18 10:27:15.205,12.81088,12.81299,0.00,0.00
2018.06.18 10:27:15.256,12.81068,12.81299,0.00,0.00
2018.06.18 10:27:15.307,12.81068,12.81291,0.00,0.00
2018.06.18 10:27:16.089,12.81069,12.81291,0.00,0.00
2018.06.18 10:27:18.075,12.81069,12.81299,0.00,0.00
2018.06.18 10:27:18.227,12.81069,12.81312,0.00,0.00
2018.06.18 10:27:19.681,12.81069,12.81329,0.00,0.00
2018.06.18 10:27:19.732,12.81088,12.81331,0.00,0.00
2018.06.18 10:27:20.062,12.81088,12.81328,0.00,0.00
2018.06.18 10:27:20.113,12.81088,12.81332,0.00,0.00
2018.06.18 10:27:20.215,12.81088,12.81321,0.00,0.00
2018.06.18 10:27:20.321,12.81088,12.81332,0.00,0.00
2018.06.18 10:27:20.723,12.81088,12.81339,0.00,0.00
2018.06.18 10:27:20.954,12.81088,12.81331,0.00,0.00
2018.06.18 10:27:21.448,12.81088,12.81322,0.00,0.00
2018.06.18 10:27:22.762,12.81088,12.81312,0.00,0.00
2018.06.18 10:27:22.813,12.81069,12.81298,0.00,0.00
2018.06.18 10:27:24.139,12.81069,12.81299,0.00,0.00
2018.06.18 10:27:24.661,12.81069,12.81298,0.00,0.00
2018.06.18 10:27:24.762,12.81069,12.81289,0.00,0.00
2018.06.18 10:27:25.130,12.81069,12.81298,0.00,0.00
2018.06.18 10:27:25.596,12.81069,12.81291,0.00,0.00
2018.06.18 10:27:25.647,12.81008,12.81252,0.00,0.00
2018.06.18 10:27:25.698,12.81011,12.81252,0.00,0.00
2018.06.18 10:27:26.335,12.81012,12.81252,0.00,0.00
2018.06.18 10:27:26.609,12.81008,12.81252,0.00,0.00
2018.06.18 10:27:27.171,12.81008,12.81242,0.00,0.00
2018.06.18 10:27:27.691,12.81008,12.81252,0.00,0.00
2018.06.18 10:27:27.951,12.81008,12.81241,0.00,0.00
2018.06.18 10:27:28.361,12.81008,12.81252,0.00,0.00
2018.06.18 10:27:28.972,12.80998,12.81252,0.00,0.00
2018.06.18 10:27:29.092,12.80998,12.81242,0.00,0.00
2018.06.18 10:27:29.702,12.80998,12.81241,0.00,0.00
2018.06.18 10:27:31.130,12.81011,12.81252,0.00,0.00
2018.06.18 10:27:31.471,12.81009,12.81252,0.00,0.00
2018.06.18 10:27:31.550,12.81012,12.81252,0.00,0.00
2018.06.18 10:27:31.901,12.81019,12.81259,0.00,0.00
2018.06.18 10:27:32.002,12.81008,12.81252,0.00,0.00
2018.06.18 10:27:32.053,12.80998,12.81251,0.00,0.00
2018.06.18 10:27:32.154,12.80998,12.81219,0.00,0.00
2018.06.18 10:27:32.255,12.80979,12.81219,0.00,0.00
2018.06.18 10:27:32.872,12.80979,12.81218,0.00,0.00
2018.06.18 10:27:37.893,12.80978,12.81218,0.00,0.00
2018.06.18 10:27:41.475,12.80978,12.81219,0.00,0.00
2018.06.18 10:27:45.925,12.80979,12.81218,0.00,0.00
2018.06.18 10:27:45.991,12.80979,12.81231,0.00,0.00
2018.06.18 10:27:46.130,12.80979,12.81242,0.00,0.00
2018.06.18 10:27:46.648,12.80979,12.81241,0.00,0.00
2018.06.18 10:27:46.699,12.80979,12.81232,0.00,0.00
2018.06.18 10:27:47.291,12.80979,12.81231,0.00,0.00
2018.06.18 10:27:52.612,12.80979,12.81242,0.00,0.00
2018.06.18 10:27:53.179,12.80979,12.81241,0.00,0.00
2018.06.18 10:27:53.607,12.80982,12.81251,0.00,0.00
2018.06.18 10:27:53.658,12.80981,12.81241,0.00,0.00
2018.06.18 10:27:53.744,12.80981,12.81251,0.00,0.00
2018.06.18 10:27:56.608,12.80988,12.81251,0.00,0.00
2018.06.18 10:27:58.764,12.80988,12.81242,0.00,0.00
2018.06.18 10:28:00.215,12.80999,12.81242,0.00,0.00
2018.06.18 10:28:00.266,12.80998,12.81252,0.00,0.00
2018.06.18 10:28:01.194,12.80998,12.81241,0.00,0.00
2018.06.18 10:28:01.314,12.80998,12.81252,0.00,0.00
2018.06.18 10:28:01.508,12.80998,12.81241,0.00,0.00
2018.06.18 10:28:04.722,12.80998,12.81232,0.00,0.00
2018.06.18 10:28:05.207,12.80998,12.81221,0.00,0.00
2018.06.18 10:28:05.368,12.80989,12.81221,0.00,0.00
2018.06.18 10:28:06.750,12.80989,12.81232,0.00,0.00
2018.06.18 10:28:07.816,12.80989,12.81229,0.00,0.00
2018.06.18 10:28:08.241,12.80989,12.81221,0.00,0.00
2018.06.18 10:28:08.472,12.80989,12.81229,0.00,0.00
2018.06.18 10:28:08.624,12.80989,12.81222,0.00,0.00
2018.06.18 10:28:08.830,12.80989,12.81229,0.00,0.00
2018.06.18 10:28:08.951,12.80989,12.81232,0.00,0.00
2018.06.18 10:28:09.133,12.80989,12.81221,0.00,0.00
2018.06.18 10:28:09.214,12.80989,12.81232,0.00,0.00
2018.06.18 10:28:10.553,12.80989,12.81221,0.00,0.00
2018.06.18 10:28:10.824,12.80989,12.81231,0.00,0.00
2018.06.18 10:28:10.998,12.80989,12.81221,0.00,0.00
2018.06.18 10:28:11.082,12.80989,12.81232,0.00,0.00
2018.06.18 10:28:14.674,12.80989,12.81222,0.00,0.00
2018.06.18 10:28:14.790,12.80989,12.81231,0.00,0.00
2018.06.18 10:28:15.754,12.80989,12.81239,0.00,0.00
2018.06.18 10:28:15.805,12.80989,12.81241,0.00,0.00
2018.06.18 10:28:15.874,12.80989,12.81222,0.00,0.00
2018.06.18 10:28:16.045,12.80989,12.81231,0.00,0.00
2018.06.18 10:28:16.174,12.80989,12.81241,0.00,0.00
2018.06.18 10:28:16.541,12.80989,12.81231,0.00,0.00
2018.06.18 10:28:16.668,12.80989,12.81241,0.00,0.00
2018.06.18 10:28:16.844,12.80989,12.81232,0.00,0.00
2018.06.18 10:28:17.266,12.80989,12.81222,0.00,0.00
2018.06.18 10:28:17.374,12.80989,12.81241,0.00,0.00
2018.06.18 10:28:17.645,12.80989,12.81232,0.00,0.00
2018.06.18 10:28:18.045,12.80989,12.81222,0.00,0.00
2018.06.18 10:28:18.175,12.80989,12.81232,0.00,0.00
2018.06.18 10:28:18.845,12.80989,12.81222,0.00,0.00
2018.06.18 10:28:18.974,12.80989,12.81232,0.00,0.00
2018.06.18 10:28:19.250,12.80989,12.81222,0.00,0.00
2018.06.18 10:28:19.374,12.80989,12.81241,0.00,0.00
2018.06.18 10:28:19.425,12.80958,12.81169,0.00,0.00
2018.06.18 10:28:19.526,12.80908,12.81141,0.00,0.00
2018.06.18 10:28:20.030,12.80908,12.81132,0.00,0.00
2018.06.18 10:28:20.101,12.80908,12.81141,0.00,0.00
2018.06.18 10:28:20.568,12.80908,12.81132,0.00,0.00
2018.06.18 10:28:20.789,12.80908,12.81141,0.00,0.00
2018.06.18 10:28:22.779,12.80908,12.81152,0.00,0.00
2018.06.18 10:28:22.830,12.80919,12.81169,0.00,0.00
2018.06.18 10:28:22.931,12.80948,12.81169,0.00,0.00
2018.06.18 10:28:23.498,12.80969,12.81169,0.00,0.00
2018.06.18 10:28:24.107,12.80968,12.81221,0.00,0.00
2018.06.18 10:28:26.078,12.80968,12.81198,0.00,0.00
2018.06.18 10:28:26.461,12.80968,12.81169,0.00,0.00
2018.06.18 10:28:26.577,12.80919,12.81169,0.00,0.00
2018.06.18 10:28:26.728,12.80939,12.81169,0.00,0.00
2018.06.18 10:28:27.053,12.80939,12.81159,0.00,0.00
2018.06.18 10:28:27.104,12.80918,12.81151,0.00,0.00
2018.06.18 10:28:27.501,12.80919,12.81142,0.00,0.00
2018.06.18 10:28:27.662,12.80898,12.81142,0.00,0.00
2018.06.18 10:28:29.505,12.80898,12.81141,0.00,0.00
2018.06.18 10:28:30.937,12.80898,12.81131,0.00,0.00
2018.06.18 10:28:31.159,12.80898,12.81141,0.00,0.00
2018.06.18 10:28:45.621,12.80898,12.81142,0.00,0.00
2018.06.18 10:28:45.671,12.80911,12.81142,0.00,0.00
2018.06.18 10:28:45.793,12.80898,12.81142,0.00,0.00
2018.06.18 10:28:46.399,12.80898,12.81141,0.00,0.00
2018.06.18 10:28:46.706,12.80888,12.81141,0.00,0.00
2018.06.18 10:28:46.757,12.80888,12.81132,0.00,0.00
2018.06.18 10:28:48.482,12.80888,12.81149,0.00,0.00
2018.06.18 10:28:48.533,12.80888,12.81152,0.00,0.00
2018.06.18 10:28:48.666,12.80888,12.81149,0.00,0.00
2018.06.18 10:28:49.038,12.80888,12.81142,0.00,0.00
2018.06.18 10:28:51.838,12.80888,12.81141,0.00,0.00
2018.06.18 10:28:52.168,12.80879,12.81112,0.00,0.00
2018.06.18 10:28:52.219,12.80879,12.81118,0.00,0.00
2018.06.18 10:28:54.612,12.80879,12.81112,0.00,0.00
2018.06.18 10:28:54.801,12.80799,12.81058,0.00,0.00
2018.06.18 10:28:54.851,12.80798,12.81042,0.00,0.00
2018.06.18 10:28:55.641,12.80798,12.81041,0.00,0.00
2018.06.18 10:28:59.119,12.80798,12.81019,0.00,0.00
2018.06.18 10:28:59.941,12.80788,12.81019,0.00,0.00
2018.06.18 10:29:00.488,12.80789,12.81019,0.00,0.00
2018.06.18 10:29:01.520,12.80789,12.80932,0.00,0.00
2018.06.18 10:29:01.570,12.80699,12.80919,0.00,0.00
2018.06.18 10:29:01.621,12.80688,12.80919,0.00,0.00
2018.06.18 10:29:01.724,12.80739,12.80919,0.00,0.00
2018.06.18 10:29:01.774,12.80918,12.81142,0.00,0.00
2018.06.18 10:29:01.825,12.80908,12.81142,0.00,0.00
2018.06.18 10:29:01.876,12.80889,12.81099,0.00,0.00
2018.06.18 10:29:02.381,12.80939,12.81129,0.00,0.00
2018.06.18 10:29:03.517,12.80939,12.81128,0.00,0.00
2018.06.18 10:29:04.185,12.80939,12.81129,0.00,0.00
2018.06.18 10:29:06.787,12.80939,12.81128,0.00,0.00
2018.06.18 10:29:08.653,12.81018,12.81162,0.00,0.00
2018.06.18 10:29:08.755,12.81018,12.81229,0.00,0.00
2018.06.18 10:29:09.280,12.81018,12.81221,0.00,0.00
2018.06.18 10:29:12.088,12.81018,12.81222,0.00,0.00
2018.06.18 10:29:12.238,12.81018,12.81229,0.00,0.00
2018.06.18 10:29:13.195,12.81118,12.81251,0.00,0.00
2018.06.18 10:29:13.297,12.81118,12.81322,0.00,0.00
2018.06.18 10:29:13.634,12.81118,12.81328,0.00,0.00
2018.06.18 10:29:14.460,12.81118,12.81321,0.00,0.00
2018.06.18 10:29:14.888,12.81118,12.81328,0.00,0.00
2018.06.18 10:29:15.277,12.81058,12.81228,0.00,0.00
2018.06.18 10:29:15.352,12.81061,12.81299,0.00,0.00
2018.06.18 10:29:15.403,12.81108,12.81268,0.00,0.00
2018.06.18 10:29:15.454,12.81108,12.81321,0.00,0.00
2018.06.18 10:29:15.504,12.81119,12.81328,0.00,0.00
2018.06.18 10:29:16.620,12.81119,12.81329,0.00,0.00
2018.06.18 10:29:17.648,12.81119,12.81328,0.00,0.00
2018.06.18 10:29:17.902,12.81008,12.81232,0.00,0.00
2018.06.18 10:29:18.117,12.81028,12.81231,0.00,0.00
2018.06.18 10:29:18.168,12.81028,12.81238,0.00,0.00
2018.06.18 10:29:18.353,12.81028,12.81242,0.00,0.00
2018.06.18 10:29:18.588,12.81029,12.81251,0.00,0.00
2018.06.18 10:29:18.689,12.81029,12.81242,0.00,0.00
2018.06.18 10:29:19.273,12.81009,12.81242,0.00,0.00
2018.06.18 10:29:19.630,12.80988,12.81242,0.00,0.00
2018.06.18 10:29:24.010,12.80988,12.81232,0.00,0.00
2018.06.18 10:29:25.448,12.80988,12.81241,0.00,0.00
2018.06.18 10:29:25.499,12.80988,12.81238,0.00,0.00
2018.06.18 10:29:25.941,12.80988,12.81231,0.00,0.00
2018.06.18 10:29:26.461,12.80988,12.81229,0.00,0.00
2018.06.18 10:29:26.930,12.80959,12.81199,0.00,0.00
2018.06.18 10:29:28.899,12.80938,12.81158,0.00,0.00
2018.06.18 10:29:28.949,12.80909,12.81158,0.00,0.00
2018.06.18 10:29:29.311,12.80888,12.81159,0.00,0.00
2018.06.18 10:29:31.604,12.80888,12.81158,0.00,0.00
2018.06.18 10:29:32.466,12.80889,12.81158,0.00,0.00
2018.06.18 10:29:33.118,12.80888,12.81152,0.00,0.00
2018.06.18 10:29:33.270,12.80888,12.81158,0.00,0.00
2018.06.18 10:29:33.760,12.80888,12.81151,0.00,0.00
2018.06.18 10:29:34.335,12.80888,12.81158,0.00,0.00
2018.06.18 10:29:34.852,12.80888,12.81159,0.00,0.00
2018.06.18 10:29:36.935,12.80888,12.81152,0.00,0.00
2018.06.18 10:29:37.095,12.80888,12.81159,0.00,0.00
2018.06.18 10:29:37.246,12.80888,12.81152,0.00,0.00
2018.06.18 10:29:37.828,12.80888,12.81151,0.00,0.00
2018.06.18 10:29:37.930,12.80888,12.81158,0.00,0.00
2018.06.18 10:29:40.017,12.80879,12.81151,0.00,0.00
2018.06.18 10:29:40.068,12.80879,12.81132,0.00,0.00
2018.06.18 10:29:40.793,12.80859,12.81071,0.00,0.00
2018.06.18 10:29:40.894,12.80788,12.81041,0.00,0.00
2018.06.18 10:29:41.756,12.80788,12.81038,0.00,0.00
2018.06.18 10:29:43.624,12.80788,12.81041,0.00,0.00
2018.06.18 10:29:44.071,12.80848,12.81068,0.00,0.00
2018.06.18 10:29:44.765,12.80849,12.81069,0.00,0.00
2018.06.18 10:29:47.761,12.80809,12.81062,0.00,0.00
2018.06.18 10:29:47.812,12.80798,12.81062,0.00,0.00
2018.06.18 10:29:48.119,12.80798,12.81059,0.00,0.00
2018.06.18 10:29:48.730,12.80799,12.81058,0.00,0.00
2018.06.18 10:29:49.387,12.80799,12.81059,0.00,0.00
2018.06.18 10:29:49.819,12.80799,12.81052,0.00,0.00
2018.06.18 10:29:55.259,12.80799,12.81058,0.00,0.00
2018.06.18 10:29:55.310,12.80838,12.81072,0.00,0.00
2018.06.18 10:29:55.462,12.80868,12.81119,0.00,0.00
2018.06.18 10:29:55.658,12.80918,12.81142,0.00,0.00
2018.06.18 10:29:55.762,12.80918,12.81159,0.00,0.00
2018.06.18 10:29:55.813,12.80908,12.81159,0.00,0.00
2018.06.18 10:29:55.914,12.80898,12.81151,0.00,0.00
2018.06.18 10:29:56.096,12.80898,12.81158,0.00,0.00
2018.06.18 10:29:58.531,12.80898,12.81151,0.00,0.00
2018.06.18 10:29:58.645,12.80898,12.81158,0.00,0.00
2018.06.18 10:29:59.225,12.80898,12.81151,0.00,0.00
2018.06.18 10:30:00.176,12.80871,12.81122,0.00,0.00
2018.06.18 10:30:00.695,12.80879,12.81122,0.00,0.00
2018.06.18 10:30:00.822,12.80869,12.81122,0.00,0.00
2018.06.18 10:30:01.095,12.80878,12.81122,0.00,0.00
2018.06.18 10:30:01.147,12.80869,12.81122,0.00,0.00
2018.06.18 10:30:01.830,12.80849,12.81122,0.00,0.00
2018.06.18 10:30:01.926,12.80849,12.81099,0.00,0.00
2018.06.18 10:30:03.057,12.80849,12.81098,0.00,0.00
2018.06.18 10:30:03.449,12.80858,12.81101,0.00,0.00
2018.06.18 10:30:03.500,12.80858,12.81111,0.00,0.00
2018.06.18 10:30:04.324,12.80871,12.81121,0.00,0.00
2018.06.18 10:30:04.653,12.80882,12.81132,0.00,0.00
2018.06.18 10:30:04.991,12.80919,12.81168,0.00,0.00
2018.06.18 10:30:05.161,12.80949,12.81202,0.00,0.00
2018.06.18 10:30:05.385,12.80959,12.81202,0.00,0.00
2018.06.18 10:30:05.501,12.80959,12.81212,0.00,0.00
2018.06.18 10:30:06.057,12.80969,12.81212,0.00,0.00
2018.06.18 10:30:08.452,12.80958,12.81212,0.00,0.00
2018.06.18 10:30:08.964,12.80959,12.81212,0.00,0.00
2018.06.18 10:30:09.015,12.80968,12.81212,0.00,0.00
2018.06.18 10:30:09.453,12.80968,12.81221,0.00,0.00
2018.06.18 10:30:09.777,12.80958,12.81221,0.00,0.00
2018.06.18 10:30:09.895,12.80969,12.81221,0.00,0.00
2018.06.18 10:30:12.441,12.80969,12.81231,0.00,0.00
2018.06.18 10:30:12.944,12.80969,12.81232,0.00,0.00
2018.06.18 10:30:15.891,12.80958,12.81232,0.00,0.00
2018.06.18 10:30:15.992,12.80969,12.81232,0.00,0.00
2018.06.18 10:30:17.038,12.80969,12.81211,0.00,0.00
2018.06.18 10:30:17.093,12.80978,12.81232,0.00,0.00
2018.06.18 10:30:18.215,12.80969,12.81232,0.00,0.00
2018.06.18 10:30:19.154,12.80978,12.81232,0.00,0.00
2018.06.18 10:30:19.307,12.80969,12.81232,0.00,0.00
2018.06.18 10:30:19.664,12.80959,12.81232,0.00,0.00
2018.06.18 10:30:19.923,12.80969,12.81232,0.00,0.00
2018.06.18 10:30:20.084,12.80959,12.81232,0.00,0.00
2018.06.18 10:30:20.174,12.80968,12.81232,0.00,0.00
2018.06.18 10:30:20.581,12.80959,12.81232,0.00,0.00
2018.06.18 10:30:20.694,12.80958,12.81212,0.00,0.00
2018.06.18 10:30:21.259,12.80959,12.81212,0.00,0.00
2018.06.18 10:30:23.565,12.80958,12.81212,0.00,0.00
2018.06.18 10:30:24.870,12.80948,12.81151,0.00,0.00
2018.06.18 10:30:24.943,12.80918,12.81151,0.00,0.00
2018.06.18 10:30:24.994,12.80859,12.81119,0.00,0.00
2018.06.18 10:30:25.928,12.80868,12.81119,0.00,0.00
2018.06.18 10:30:25.979,12.80868,12.81121,0.00,0.00
2018.06.18 10:30:26.191,12.80859,12.81121,0.00,0.00
2018.06.18 10:30:26.337,12.80869,12.81121,0.00,0.00
2018.06.18 10:30:26.725,12.80879,12.81121,0.00,0.00
2018.06.18 10:30:26.831,12.80859,12.81121,0.00,0.00
2018.06.18 10:30:27.069,12.80868,12.81121,0.00,0.00
2018.06.18 10:30:28.175,12.80859,12.81121,0.00,0.00
2018.06.18 10:30:29.264,12.80868,12.81119,0.00,0.00
2018.06.18 10:30:31.049,12.80868,12.81118,0.00,0.00
2018.06.18 10:30:33.405,12.80868,12.81121,0.00,0.00
2018.06.18 10:30:33.455,12.80868,12.81118,0.00,0.00
2018.06.18 10:30:33.979,12.80868,12.81119,0.00,0.00
2018.06.18 10:30:34.085,12.80868,12.81121,0.00,0.00
2018.06.18 10:30:34.136,12.80868,12.81118,0.00,0.00
2018.06.18 10:30:34.758,12.80868,12.81119,0.00,0.00
2018.06.18 10:30:36.128,12.80868,12.81118,0.00,0.00
2018.06.18 10:30:36.748,12.80868,12.81119,0.00,0.00
2018.06.18 10:30:36.824,12.80859,12.81119,0.00,0.00
2018.06.18 10:30:40.090,12.80859,12.81118,0.00,0.00
2018.06.18 10:30:41.412,12.80859,12.81119,0.00,0.00
2018.06.18 10:30:41.539,12.80868,12.81119,0.00,0.00
2018.06.18 10:30:42.398,12.80859,12.81119,0.00,0.00
2018.06.18 10:30:44.417,12.80848,12.81119,0.00,0.00
2018.06.18 10:30:47.681,12.80858,12.81119,0.00,0.00
2018.06.18 10:30:58.645,12.80868,12.81119,0.00,0.00
2018.06.18 10:30:59.815,12.80859,12.81119,0.00,0.00
2018.06.18 10:31:00.508,12.80858,12.81119,0.00,0.00
2018.06.18 10:31:00.996,12.80869,12.81119,0.00,0.00
2018.06.18 10:31:01.218,12.80858,12.81119,0.00,0.00
2018.06.18 10:31:01.494,12.80868,12.81119,0.00,0.00
2018.06.18 10:31:02.621,12.80879,12.81119,0.00,0.00
2018.06.18 10:31:02.915,12.80868,12.81119,0.00,0.00
2018.06.18 10:31:03.980,12.80868,12.81118,0.00,0.00
2018.06.18 10:31:04.036,12.80859,12.81118,0.00,0.00
2018.06.18 10:31:04.860,12.80858,12.81118,0.00,0.00
2018.06.18 10:31:05.958,12.80858,12.81119,0.00,0.00
2018.06.18 10:31:06.452,12.80868,12.81119,0.00,0.00
2018.06.18 10:31:08.569,12.80869,12.81119,0.00,0.00
2018.06.18 10:31:09.177,12.80858,12.81098,0.00,0.00
2018.06.18 10:31:09.394,12.80849,12.81098,0.00,0.00
2018.06.18 10:31:09.469,12.80858,12.81098,0.00,0.00
2018.06.18 10:31:09.570,12.80858,12.81118,0.00,0.00
2018.06.18 10:31:09.730,12.80869,12.81119,0.00,0.00
2018.06.18 10:31:09.886,12.80858,12.81119,0.00,0.00
2018.06.18 10:31:10.446,12.80868,12.81119,0.00,0.00
2018.06.18 10:31:10.841,12.80858,12.81088,0.00,0.00
2018.06.18 10:31:11.100,12.80868,12.81118,0.00,0.00
2018.06.18 10:31:11.592,12.80868,12.81109,0.00,0.00
2018.06.18 10:31:12.247,12.80868,12.81119,0.00,0.00
2018.06.18 10:31:12.988,12.80849,12.81098,0.00,0.00
2018.06.18 10:31:13.380,12.80869,12.81108,0.00,0.00
2018.06.18 10:31:13.539,12.80869,12.81118,0.00,0.00
2018.06.18 10:31:14.077,12.80868,12.81118,0.00,0.00
2018.06.18 10:31:15.114,12.80858,12.81118,0.00,0.00
2018.06.18 10:31:15.324,12.80869,12.81118,0.00,0.00
2018.06.18 10:31:15.882,12.80859,12.81118,0.00,0.00
2018.06.18 10:31:16.062,12.80869,12.81118,0.00,0.00
2018.06.18 10:31:17.534,12.80938,12.81162,0.00,0.00
2018.06.18 10:31:17.635,12.80958,12.81212,0.00,0.00
2018.06.18 10:31:17.686,12.80958,12.81198,0.00,0.00
2018.06.18 10:31:18.011,12.80968,12.81198,0.00,0.00
2018.06.18 10:31:18.061,12.80958,12.81198,0.00,0.00
2018.06.18 10:31:18.218,12.80958,12.81208,0.00,0.00
2018.06.18 10:31:18.429,12.80968,12.81208,0.00,0.00
2018.06.18 10:31:18.659,12.80958,12.81209,0.00,0.00
2018.06.18 10:31:19.628,12.80958,12.81208,0.00,0.00
2018.06.18 10:31:19.678,12.80968,12.81209,0.00,0.00
2018.06.18 10:31:19.729,12.80959,12.81209,0.00,0.00
2018.06.18 10:31:20.241,12.80959,12.81199,0.00,0.00
2018.06.18 10:31:20.293,12.80948,12.81198,0.00,0.00
2018.06.18 10:31:20.452,12.80949,12.81142,0.00,0.00
2018.06.18 10:31:20.503,12.80889,12.81142,0.00,0.00
2018.06.18 10:31:20.745,12.80879,12.81142,0.00,0.00
2018.06.18 10:31:23.929,12.80878,12.81142,0.00,0.00
2018.06.18 10:31:26.141,12.80879,12.81142,0.00,0.00
2018.06.18 10:31:30.101,12.80878,12.81142,0.00,0.00
2018.06.18 10:31:34.519,12.80879,12.81142,0.00,0.00
2018.06.18 10:31:36.502,12.80888,12.81142,0.00,0.00
2018.06.18 10:31:36.579,12.80879,12.81142,0.00,0.00
2018.06.18 10:31:37.315,12.80878,12.81142,0.00,0.00
2018.06.18 10:31:38.668,12.80869,12.81142,0.00,0.00
2018.06.18 10:31:38.826,12.80858,12.81142,0.00,0.00
2018.06.18 10:31:39.079,12.80868,12.81142,0.00,0.00
2018.06.18 10:31:39.232,12.80858,12.81139,0.00,0.00
2018.06.18 10:31:39.470,12.80858,12.81098,0.00,0.00
2018.06.18 10:31:39.944,12.80868,12.81098,0.00,0.00
2018.06.18 10:31:39.995,12.80868,12.81122,0.00,0.00
2018.06.18 10:31:40.125,12.80878,12.81122,0.00,0.00
2018.06.18 10:31:44.213,12.80888,12.81122,0.00,0.00
2018.06.18 10:31:44.532,12.80888,12.81132,0.00,0.00
2018.06.18 10:31:44.633,12.80879,12.81132,0.00,0.00
2018.06.18 10:31:45.389,12.80868,12.81132,0.00,0.00
2018.06.18 10:31:46.741,12.80878,12.81132,0.00,0.00
2018.06.18 10:31:47.042,12.80889,12.81132,0.00,0.00
2018.06.18 10:31:49.194,12.80888,12.81132,0.00,0.00
2018.06.18 10:31:49.396,12.80958,12.81212,0.00,0.00
2018.06.18 10:31:49.760,12.80968,12.81212,0.00,0.00
2018.06.18 10:31:53.631,12.80978,12.81212,0.00,0.00
2018.06.18 10:31:55.029,12.80979,12.81212,0.00,0.00
2018.06.18 10:31:55.080,12.80979,12.81232,0.00,0.00
2018.06.18 10:31:55.132,12.80979,12.81241,0.00,0.00
2018.06.18 10:31:55.661,12.80978,12.81242,0.00,0.00
2018.06.18 10:31:55.762,12.80959,12.81239,0.00,0.00
2018.06.18 10:31:55.848,12.80959,12.81229,0.00,0.00
2018.06.18 10:31:56.290,12.80959,12.81222,0.00,0.00
2018.06.18 10:31:56.593,12.80898,12.81152,0.00,0.00
2018.06.18 10:31:59.470,12.80898,12.81151,0.00,0.00
2018.06.18 10:32:00.062,12.80938,12.81151,0.00,0.00
2018.06.18 10:32:00.113,12.80938,12.81168,0.00,0.00
2018.06.18 10:32:00.568,12.80949,12.81168,0.00,0.00
2018.06.18 10:32:00.681,12.80911,12.81159,0.00,0.00
2018.06.18 10:32:00.769,12.80918,12.81159,0.00,0.00
2018.06.18 10:32:01.034,12.80918,12.81168,0.00,0.00
2018.06.18 10:32:01.886,12.80948,12.81168,0.00,0.00
2018.06.18 10:32:01.937,12.80948,12.81199,0.00,0.00
2018.06.18 10:32:02.170,12.80948,12.81169,0.00,0.00
2018.06.18 10:32:02.221,12.80908,12.81142,0.00,0.00
2018.06.18 10:32:02.322,12.80889,12.81142,0.00,0.00
2018.06.18 10:32:05.484,12.80889,12.81152,0.00,0.00
2018.06.18 10:32:12.488,12.80928,12.81169,0.00,0.00
2018.06.18 10:32:13.168,12.80928,12.81168,0.00,0.00
2018.06.18 10:32:13.499,12.80948,12.81168,0.00,0.00
2018.06.18 10:32:13.550,12.80918,12.81168,0.00,0.00
2018.06.18 10:32:14.214,12.80918,12.81169,0.00,0.00
2018.06.18 10:32:14.297,12.80889,12.81142,0.00,0.00
2018.06.18 10:32:16.200,12.80911,12.81142,0.00,0.00
2018.06.18 10:32:16.360,12.80898,12.81158,0.00,0.00
2018.06.18 10:32:16.411,12.80879,12.81142,0.00,0.00
2018.06.18 10:32:17.339,12.80881,12.81142,0.00,0.00
2018.06.18 10:32:17.390,12.80888,12.81152,0.00,0.00
2018.06.18 10:32:17.441,12.80912,12.81168,0.00,0.00
2018.06.18 10:32:17.693,12.80888,12.81159,0.00,0.00
2018.06.18 10:32:18.298,12.80882,12.81158,0.00,0.00
2018.06.18 10:32:18.349,12.80879,12.81142,0.00,0.00
2018.06.18 10:32:19.551,12.80912,12.81142,0.00,0.00
2018.06.18 10:32:19.601,12.80888,12.81159,0.00,0.00
2018.06.18 10:32:21.652,12.80888,12.81158,0.00,0.00
2018.06.18 10:32:21.753,12.80888,12.81142,0.00,0.00
2018.06.18 10:32:21.904,12.80878,12.81141,0.00,0.00
2018.06.18 10:32:22.303,12.80869,12.81141,0.00,0.00
2018.06.18 10:32:22.354,12.80859,12.81099,0.00,0.00
2018.06.18 10:32:22.876,12.80858,12.81099,0.00,0.00
2018.06.18 10:32:22.927,12.80858,12.81119,0.00,0.00
2018.06.18 10:32:24.180,12.80858,12.81118,0.00,0.00
2018.06.18 10:32:24.754,12.80858,12.81119,0.00,0.00
2018.06.18 10:32:26.458,12.80859,12.81118,0.00,0.00
2018.06.18 10:32:28.329,12.80859,12.81119,0.00,0.00
2018.06.18 10:32:28.646,12.80868,12.81118,0.00,0.00
2018.06.18 10:32:28.882,12.80858,12.81118,0.00,0.00
2018.06.18 10:32:28.933,12.80848,12.81068,0.00,0.00
2018.06.18 10:32:28.984,12.80848,12.81089,0.00,0.00
2018.06.18 10:32:29.035,12.80858,12.81088,0.00,0.00
2018.06.18 10:32:29.372,12.80858,12.81099,0.00,0.00
2018.06.18 10:32:30.871,12.80858,12.81118,0.00,0.00
2018.06.18 10:32:30.931,12.80868,12.81118,0.00,0.00
2018.06.18 10:32:32.187,12.80859,12.81118,0.00,0.00
2018.06.18 10:32:32.237,12.80859,12.81069,0.00,0.00
2018.06.18 10:32:32.314,12.80849,12.81069,0.00,0.00
2018.06.18 10:32:32.502,12.80858,12.81069,0.00,0.00
2018.06.18 10:32:33.506,12.80849,12.81052,0.00,0.00
2018.06.18 10:32:33.608,12.80788,12.81052,0.00,0.00
2018.06.18 10:32:34.562,12.80779,12.81052,0.00,0.00
2018.06.18 10:32:35.096,12.80769,12.81032,0.00,0.00
2018.06.18 10:32:36.091,12.80779,12.81032,0.00,0.00
2018.06.18 10:32:36.697,12.80778,12.81032,0.00,0.00
2018.06.18 10:32:37.663,12.80779,12.81032,0.00,0.00
2018.06.18 10:32:37.991,12.80788,12.81032,0.00,0.00
2018.06.18 10:32:38.174,12.80782,12.81032,0.00,0.00
2018.06.18 10:32:38.460,12.80779,12.81032,0.00,0.00
2018.06.18 10:32:39.009,12.80778,12.81032,0.00,0.00
2018.06.18 10:32:39.835,12.80769,12.81032,0.00,0.00
2018.06.18 10:32:39.961,12.80779,12.81032,0.00,0.00
2018.06.18 10:32:41.177,12.80769,12.81032,0.00,0.00
2018.06.18 10:32:41.304,12.80778,12.81032,0.00,0.00
2018.06.18 10:32:42.219,12.80768,12.81032,0.00,0.00
2018.06.18 10:32:42.320,12.80779,12.81032,0.00,0.00
2018.06.18 10:32:42.972,12.80778,12.81032,0.00,0.00
2018.06.18 10:32:45.242,12.80768,12.81032,0.00,0.00
2018.06.18 10:32:45.960,12.80759,12.80958,0.00,0.00
2018.06.18 10:32:46.061,12.80669,12.80909,0.00,0.00
2018.06.18 10:32:46.214,12.80658,12.80909,0.00,0.00
2018.06.18 10:32:46.325,12.80668,12.80909,0.00,0.00
2018.06.18 10:32:46.449,12.80658,12.80909,0.00,0.00
2018.06.18 10:32:46.663,12.80658,12.80899,0.00,0.00
2018.06.18 10:32:46.989,12.80668,12.80899,0.00,0.00
2018.06.18 10:32:47.132,12.80659,12.80899,0.00,0.00
2018.06.18 10:32:47.235,12.80659,12.80869,0.00,0.00
2018.06.18 10:32:47.286,12.80649,12.80869,0.00,0.00
2018.06.18 10:32:47.949,12.80649,12.80868,0.00,0.00
2018.06.18 10:32:48.295,12.80649,12.80889,0.00,0.00
2018.06.18 10:32:48.828,12.80638,12.80862,0.00,0.00
2018.06.18 10:32:48.879,12.80578,12.80848,0.00,0.00
2018.06.18 10:32:48.930,12.80578,12.80832,0.00,0.00
2018.06.18 10:32:50.268,12.80589,12.80832,0.00,0.00
2018.06.18 10:32:50.786,12.80579,12.80832,0.00,0.00
2018.06.18 10:32:51.159,12.80598,12.80832,0.00,0.00
2018.06.18 10:32:51.262,12.80612,12.80861,0.00,0.00
2018.06.18 10:32:51.313,12.80599,12.80859,0.00,0.00
2018.06.18 10:32:51.393,12.80589,12.80859,0.00,0.00
2018.06.18 10:32:51.444,12.80578,12.80859,0.00,0.00
2018.06.18 10:32:52.109,12.80578,12.80842,0.00,0.00
2018.06.18 10:32:54.376,12.80579,12.80842,0.00,0.00
2018.06.18 10:32:55.184,12.80578,12.80842,0.00,0.00
2018.06.18 10:33:00.252,12.80579,12.80842,0.00,0.00
2018.06.18 10:33:00.871,12.80578,12.80842,0.00,0.00
2018.06.18 10:33:01.457,12.80579,12.80842,0.00,0.00
2018.06.18 10:33:02.005,12.80578,12.80842,0.00,0.00
2018.06.18 10:33:02.483,12.80581,12.80842,0.00,0.00
2018.06.18 10:33:02.534,12.80578,12.80842,0.00,0.00
2018.06.18 10:33:02.981,12.80578,12.80831,0.00,0.00
2018.06.18 10:33:03.363,12.80568,12.80831,0.00,0.00
2018.06.18 10:33:03.494,12.80568,12.80822,0.00,0.00
2018.06.18 10:33:03.544,12.80488,12.80752,0.00,0.00
2018.06.18 10:33:03.645,12.80489,12.80741,0.00,0.00
2018.06.18 10:33:04.162,12.80489,12.80751,0.00,0.00
2018.06.18 10:33:04.263,12.80479,12.80751,0.00,0.00
2018.06.18 10:33:04.313,12.80479,12.80741,0.00,0.00
2018.06.18 10:33:05.442,12.80479,12.80751,0.00,0.00
2018.06.18 10:33:05.874,12.80479,12.80742,0.00,0.00
2018.06.18 10:33:06.542,12.80479,12.80751,0.00,0.00
2018.06.18 10:33:06.806,12.80479,12.80742,0.00,0.00
2018.06.18 10:33:07.822,12.80479,12.80751,0.00,0.00
2018.06.18 10:33:08.259,12.80479,12.80742,0.00,0.00
2018.06.18 10:33:08.534,12.80479,12.80751,0.00,0.00
2018.06.18 10:33:08.591,12.80479,12.80732,0.00,0.00
2018.06.18 10:33:09.689,12.80479,12.80741,0.00,0.00
2018.06.18 10:33:09.889,12.80479,12.80732,0.00,0.00
2018.06.18 10:33:10.590,12.80479,12.80731,0.00,0.00
2018.06.18 10:33:10.705,12.80459,12.80721,0.00,0.00
2018.06.18 10:33:10.842,12.80459,12.80731,0.00,0.00
2018.06.18 10:33:11.980,12.80459,12.80722,0.00,0.00
2018.06.18 10:33:12.094,12.80459,12.80731,0.00,0.00
2018.06.18 10:33:12.579,12.80459,12.80721,0.00,0.00
2018.06.18 10:33:12.709,12.80459,12.80731,0.00,0.00
2018.06.18 10:33:12.841,12.80459,12.80721,0.00,0.00
2018.06.18 10:33:12.995,12.80459,12.80732,0.00,0.00
2018.06.18 10:33:13.141,12.80549,12.80752,0.00,0.00
2018.06.18 10:33:13.243,12.80549,12.80819,0.00,0.00
2018.06.18 10:33:13.293,12.80549,12.80799,0.00,0.00
2018.06.18 10:33:13.668,12.80549,12.80771,0.00,0.00
2018.06.18 10:33:13.719,12.80511,12.80762,0.00,0.00
2018.06.18 10:33:13.772,12.80512,12.80758,0.00,0.00
2018.06.18 10:33:13.875,12.80499,12.80758,0.00,0.00
2018.06.18 10:33:13.926,12.80548,12.80798,0.00,0.00
2018.06.18 10:33:13.976,12.80548,12.80822,0.00,0.00
2018.06.18 10:33:14.289,12.80548,12.80798,0.00,0.00
2018.06.18 10:33:14.546,12.80549,12.80808,0.00,0.00
2018.06.18 10:33:14.708,12.80549,12.80832,0.00,0.00
2018.06.18 10:33:14.809,12.80559,12.80832,0.00,0.00
2018.06.18 10:33:15.164,12.80569,12.80831,0.00,0.00
2018.06.18 10:33:15.214,12.80568,12.80841,0.00,0.00
2018.06.18 10:33:15.473,12.80568,12.80831,0.00,0.00
2018.06.18 10:33:15.574,12.80559,12.80831,0.00,0.00
2018.06.18 10:33:15.625,12.80549,12.80822,0.00,0.00
2018.06.18 10:33:15.742,12.80588,12.80841,0.00,0.00
2018.06.18 10:33:16.086,12.80649,12.80841,0.00,0.00
2018.06.18 10:33:16.378,12.80649,12.80852,0.00,0.00
2018.06.18 10:33:16.428,12.80668,12.80842,0.00,0.00
2018.06.18 10:33:16.580,12.80659,12.80841,0.00,0.00
2018.06.18 10:33:16.883,12.80678,12.80852,0.00,0.00
2018.06.18 10:33:17.206,12.80759,12.80908,0.00,0.00
2018.06.18 10:33:17.257,12.80749,12.80931,0.00,0.00
2018.06.18 10:33:17.612,12.80749,12.80922,0.00,0.00
2018.06.18 10:33:18.525,12.80749,12.80932,0.00,0.00
2018.06.18 10:33:18.676,12.80749,12.80941,0.00,0.00
2018.06.18 10:33:19.284,12.80748,12.80951,0.00,0.00
2018.06.18 10:33:19.336,12.80828,12.81042,0.00,0.00
2018.06.18 10:33:19.387,12.80838,12.81042,0.00,0.00
2018.06.18 10:33:19.554,12.80839,12.81051,0.00,0.00
2018.06.18 10:33:20.048,12.80839,12.81042,0.00,0.00
2018.06.18 10:33:20.174,12.80839,12.81052,0.00,0.00
2018.06.18 10:33:20.279,12.80858,12.81052,0.00,0.00
2018.06.18 10:33:20.773,12.80858,12.81042,0.00,0.00
2018.06.18 10:33:22.283,12.80858,12.81052,0.00,0.00
2018.06.18 10:33:22.538,12.80858,12.81079,0.00,0.00
2018.06.18 10:33:24.424,12.80978,12.81179,0.00,0.00
2018.06.18 10:33:24.762,12.80958,12.81179,0.00,0.00
2018.06.18 10:33:25.838,12.80958,12.81178,0.00,0.00
2018.06.18 10:33:26.500,12.81068,12.81278,0.00,0.00
2018.06.18 10:33:26.820,12.81078,12.81279,0.00,0.00
2018.06.18 10:33:27.440,12.81078,12.81278,0.00,0.00
2018.06.18 10:33:27.818,12.81068,12.81279,0.00,0.00
2018.06.18 10:33:28.475,12.81068,12.81278,0.00,0.00
2018.06.18 10:33:29.729,12.81068,12.81279,0.00,0.00
2018.06.18 10:33:30.667,12.81068,12.81278,0.00,0.00
2018.06.18 10:33:31.724,12.81058,12.81279,0.00,0.00
2018.06.18 10:33:31.876,12.80999,12.81189,0.00,0.00
2018.06.18 10:33:31.980,12.80948,12.81179,0.00,0.00
2018.06.18 10:33:32.260,12.80959,12.81178,0.00,0.00
2018.06.18 10:33:33.058,12.80959,12.81179,0.00,0.00
2018.06.18 10:33:33.317,12.80959,12.81218,0.00,0.00
2018.06.18 10:33:33.372,12.81029,12.81258,0.00,0.00
2018.06.18 10:33:33.731,12.81049,12.81259,0.00,0.00
2018.06.18 10:33:34.330,12.81049,12.81258,0.00,0.00
2018.06.18 10:33:34.773,12.81039,12.81228,0.00,0.00
2018.06.18 10:33:34.824,12.81039,12.81269,0.00,0.00
2018.06.18 10:33:35.368,12.81039,12.81279,0.00,0.00
2018.06.18 10:33:36.499,12.81039,12.81278,0.00,0.00
2018.06.18 10:33:37.083,12.81039,12.81279,0.00,0.00
2018.06.18 10:33:37.649,12.81058,12.81278,0.00,0.00
2018.06.18 10:33:38.645,12.81058,12.81279,0.00,0.00
2018.06.18 10:33:38.969,12.81119,12.81329,0.00,0.00
2018.06.18 10:33:39.020,12.81119,12.81349,0.00,0.00
2018.06.18 10:33:39.121,12.81138,12.81369,0.00,0.00
2018.06.18 10:33:39.171,12.81138,12.81328,0.00,0.00
2018.06.18 10:33:39.222,12.81138,12.81358,0.00,0.00
2018.06.18 10:33:39.740,12.81138,12.81369,0.00,0.00
2018.06.18 10:33:40.858,12.81138,12.81372,0.00,0.00
2018.06.18 10:33:41.155,12.81138,12.81379,0.00,0.00
2018.06.18 10:33:42.720,12.81138,12.81378,0.00,0.00
2018.06.18 10:33:42.771,12.81149,12.81378,0.00,0.00
2018.06.18 10:33:43.046,12.81178,12.81422,0.00,0.00
2018.06.18 10:33:43.097,12.81218,12.81428,0.00,0.00
2018.06.18 10:33:43.300,12.81209,12.81432,0.00,0.00
2018.06.18 10:33:43.401,12.81209,12.81439,0.00,0.00
2018.06.18 10:33:43.582,12.81208,12.81471,0.00,0.00
2018.06.18 10:33:43.749,12.81239,12.81471,0.00,0.00
2018.06.18 10:33:45.038,12.81239,12.81479,0.00,0.00
2018.06.18 10:33:45.476,12.81228,12.81479,0.00,0.00
2018.06.18 10:33:45.761,12.81199,12.81461,0.00,0.00
2018.06.18 10:33:45.811,12.81199,12.81448,0.00,0.00
2018.06.18 10:33:46.149,12.81199,12.81392,0.00,0.00
2018.06.18 10:33:46.499,12.81178,12.81392,0.00,0.00
2018.06.18 10:33:46.709,12.81188,12.81392,0.00,0.00
2018.06.18 10:33:46.858,12.81178,12.81392,0.00,0.00
2018.06.18 10:33:46.908,12.81178,12.81389,0.00,0.00
2018.06.18 10:33:46.959,12.81178,12.81392,0.00,0.00
2018.06.18 10:33:47.010,12.81169,12.81392,0.00,0.00
2018.06.18 10:33:47.061,12.81169,12.81371,0.00,0.00
2018.06.18 10:33:47.374,12.81078,12.81272,0.00,0.00
2018.06.18 10:33:47.709,12.81088,12.81272,0.00,0.00
2018.06.18 10:33:48.053,12.81079,12.81272,0.00,0.00
2018.06.18 10:33:48.183,12.81089,12.81272,0.00,0.00
2018.06.18 10:33:48.931,12.81088,12.81272,0.00,0.00
2018.06.18 10:33:49.570,12.81079,12.81272,0.00,0.00
2018.06.18 10:33:50.229,12.81068,12.81271,0.00,0.00
2018.06.18 10:33:50.280,12.81068,12.81218,0.00,0.00
2018.06.18 10:33:50.399,12.80988,12.81181,0.00,0.00
2018.06.18 10:33:50.500,12.80979,12.81181,0.00,0.00
2018.06.18 10:33:50.634,12.80988,12.81181,0.00,0.00
2018.06.18 10:33:51.039,12.80968,12.81181,0.00,0.00
2018.06.18 10:33:51.555,12.80969,12.81102,0.00,0.00
2018.06.18 10:33:51.606,12.80898,12.81102,0.00,0.00
2018.06.18 10:33:51.759,12.80898,12.81081,0.00,0.00
2018.06.18 10:33:52.617,12.80889,12.81081,0.00,0.00
2018.06.18 10:33:55.253,12.80879,12.81081,0.00,0.00
2018.06.18 10:33:55.826,12.80879,12.81082,0.00,0.00
2018.06.18 10:33:56.009,12.80888,12.81082,0.00,0.00
2018.06.18 10:33:56.596,12.80889,12.81082,0.00,0.00
2018.06.18 10:33:56.960,12.80899,12.81082,0.00,0.00
2018.06.18 10:33:57.279,12.80889,12.81082,0.00,0.00
2018.06.18 10:33:58.309,12.80898,12.81082,0.00,0.00
2018.06.18 10:33:58.420,12.80889,12.81082,0.00,0.00
2018.06.18 10:33:59.232,12.80878,12.81082,0.00,0.00
2018.06.18 10:33:59.333,12.80888,12.81082,0.00,0.00
2018.06.18 10:34:03.588,12.80879,12.81082,0.00,0.00
2018.06.18 10:34:03.933,12.80889,12.81082,0.00,0.00
2018.06.18 10:34:04.272,12.80868,12.81021,0.00,0.00
2018.06.18 10:34:04.323,12.80799,12.80982,0.00,0.00
2018.06.18 10:34:04.897,12.80798,12.80982,0.00,0.00
2018.06.18 10:34:05.356,12.80808,12.80982,0.00,0.00
2018.06.18 10:34:05.508,12.80798,12.80982,0.00,0.00
2018.06.18 10:34:05.740,12.80808,12.80982,0.00,0.00
2018.06.18 10:34:06.046,12.80868,12.80982,0.00,0.00
2018.06.18 10:34:06.097,12.80868,12.81009,0.00,0.00
2018.06.18 10:34:06.197,12.80828,12.81029,0.00,0.00
2018.06.18 10:34:06.304,12.80838,12.81028,0.00,0.00
2018.06.18 10:34:06.535,12.80838,12.81031,0.00,0.00
2018.06.18 10:34:07.498,12.80868,12.81031,0.00,0.00
2018.06.18 10:34:07.549,12.80868,12.81072,0.00,0.00
2018.06.18 10:34:08.742,12.80878,12.81072,0.00,0.00
2018.06.18 10:34:09.566,12.80878,12.81071,0.00,0.00
2018.06.18 10:34:11.238,12.80868,12.81071,0.00,0.00
2018.06.18 10:34:11.899,12.80869,12.81071,0.00,0.00
2018.06.18 10:34:12.414,12.80869,12.81072,0.00,0.00
2018.06.18 10:34:12.494,12.80878,12.81072,0.00,0.00
2018.06.18 10:34:12.889,12.80888,12.81072,0.00,0.00
2018.06.18 10:34:12.940,12.80878,12.81072,0.00,0.00
2018.06.18 10:34:13.019,12.80869,12.81072,0.00,0.00
2018.06.18 10:34:13.555,12.80868,12.81072,0.00,0.00
2018.06.18 10:34:14.863,12.80869,12.81072,0.00,0.00
2018.06.18 10:34:17.139,12.80879,12.81072,0.00,0.00
2018.06.18 10:34:17.264,12.80868,12.81072,0.00,0.00
2018.06.18 10:34:20.916,12.80878,12.81072,0.00,0.00
2018.06.18 10:34:23.154,12.80869,12.81072,0.00,0.00
2018.06.18 10:34:23.833,12.80868,12.81072,0.00,0.00
2018.06.18 10:34:26.519,12.80809,12.81001,0.00,0.00
2018.06.18 10:34:27.133,12.80799,12.80981,0.00,0.00
2018.06.18 10:34:27.215,12.80788,12.80981,0.00,0.00
2018.06.18 10:34:27.793,12.80789,12.80982,0.00,0.00
2018.06.18 10:34:28.216,12.80798,12.80982,0.00,0.00
2018.06.18 10:34:29.196,12.80788,12.80982,0.00,0.00
2018.06.18 10:34:31.650,12.80769,12.80982,0.00,0.00
2018.06.18 10:34:32.418,12.80768,12.80982,0.00,0.00
2018.06.18 10:34:33.860,12.80768,12.80922,0.00,0.00
2018.06.18 10:34:33.961,12.80748,12.80921,0.00,0.00
2018.06.18 10:34:34.012,12.80748,12.80901,0.00,0.00
2018.06.18 10:34:34.064,12.80699,12.80901,0.00,0.00
2018.06.18 10:34:34.300,12.80698,12.80881,0.00,0.00
2018.06.18 10:34:34.402,12.80688,12.80881,0.00,0.00
2018.06.18 10:34:34.831,12.80698,12.80881,0.00,0.00
2018.06.18 10:34:35.093,12.80709,12.80939,0.00,0.00
2018.06.18 10:34:35.144,12.80709,12.80921,0.00,0.00
2018.06.18 10:34:35.453,12.80768,12.80881,0.00,0.00
2018.06.18 10:34:35.504,12.80689,12.80881,0.00,0.00
2018.06.18 10:34:36.860,12.80668,12.80881,0.00,0.00
2018.06.18 10:34:36.939,12.80678,12.80881,0.00,0.00
2018.06.18 10:34:37.233,12.80669,12.80882,0.00,0.00
2018.06.18 10:34:37.313,12.80679,12.80882,0.00,0.00
2018.06.18 10:34:38.486,12.80688,12.80882,0.00,0.00
2018.06.18 10:34:38.639,12.80678,12.80892,0.00,0.00
2018.06.18 10:34:38.874,12.80678,12.80898,0.00,0.00
2018.06.18 10:34:39.026,12.80678,12.80919,0.00,0.00
2018.06.18 10:34:39.687,12.80678,12.80918,0.00,0.00
2018.06.18 10:34:40.397,12.80688,12.80918,0.00,0.00
2018.06.18 10:34:40.447,12.80688,12.80929,0.00,0.00
2018.06.18 10:34:40.549,12.80698,12.80928,0.00,0.00
2018.06.18 10:34:41.178,12.80709,12.80929,0.00,0.00
2018.06.18 10:34:41.891,12.80708,12.80919,0.00,0.00
2018.06.18 10:34:41.942,12.80699,12.80919,0.00,0.00
2018.06.18 10:34:42.224,12.80688,12.80919,0.00,0.00
2018.06.18 10:34:42.929,12.80699,12.80919,0.00,0.00
2018.06.18 10:34:43.969,12.80698,12.80919,0.00,0.00
2018.06.18 10:34:45.555,12.80688,12.80919,0.00,0.00
2018.06.18 10:34:46.276,12.80689,12.80919,0.00,0.00
2018.06.18 10:34:46.440,12.80698,12.80918,0.00,0.00
2018.06.18 10:34:46.668,12.80689,12.80919,0.00,0.00
2018.06.18 10:34:47.194,12.80698,12.80919,0.00,0.00
2018.06.18 10:34:47.609,12.80708,12.80919,0.00,0.00
2018.06.18 10:34:47.688,12.80698,12.80919,0.00,0.00
2018.06.18 10:34:47.826,12.80688,12.80919,0.00,0.00
2018.06.18 10:34:47.877,12.80688,12.80889,0.00,0.00
2018.06.18 10:34:47.991,12.80678,12.80889,0.00,0.00
2018.06.18 10:34:48.240,12.80689,12.80889,0.00,0.00
2018.06.18 10:34:48.291,12.80689,12.80919,0.00,0.00
2018.06.18 10:34:48.591,12.80688,12.80888,0.00,0.00
2018.06.18 10:34:48.924,12.80689,12.80919,0.00,0.00
2018.06.18 10:34:49.076,12.80698,12.80929,0.00,0.00
2018.06.18 10:34:49.149,12.80688,12.80929,0.00,0.00
2018.06.18 10:34:49.777,12.80689,12.80929,0.00,0.00
2018.06.18 10:34:49.828,12.80689,12.80918,0.00,0.00
2018.06.18 10:34:50.102,12.80689,12.80929,0.00,0.00
2018.06.18 10:34:50.206,12.80709,12.80928,0.00,0.00
2018.06.18 10:34:51.834,12.80709,12.80929,0.00,0.00
2018.06.18 10:34:51.955,12.80708,12.80949,0.00,0.00
2018.06.18 10:34:52.056,12.80699,12.80949,0.00,0.00
2018.06.18 10:34:52.107,12.80699,12.80929,0.00,0.00
2018.06.18 10:34:52.696,12.80709,12.80929,0.00,0.00
2018.06.18 10:34:53.223,12.80709,12.80928,0.00,0.00
2018.06.18 10:34:54.047,12.80699,12.80928,0.00,0.00
2018.06.18 10:34:54.315,12.80688,12.80929,0.00,0.00
2018.06.18 10:34:54.417,12.80688,12.80829,0.00,0.00
2018.06.18 10:34:54.468,12.80609,12.80842,0.00,0.00
2018.06.18 10:34:54.716,12.80618,12.80842,0.00,0.00
2018.06.18 10:34:54.829,12.80608,12.80842,0.00,0.00
2018.06.18 10:34:55.301,12.80599,12.80842,0.00,0.00
2018.06.18 10:34:55.411,12.80608,12.80842,0.00,0.00
2018.06.18 10:34:56.291,12.80598,12.80842,0.00,0.00
2018.06.18 10:34:56.505,12.80608,12.80842,0.00,0.00
2018.06.18 10:34:56.672,12.80589,12.80842,0.00,0.00
2018.06.18 10:34:57.507,12.80608,12.80842,0.00,0.00
2018.06.18 10:35:01.234,12.80598,12.80842,0.00,0.00
2018.06.18 10:35:01.285,12.80598,12.80848,0.00,0.00
2018.06.18 10:35:01.336,12.80598,12.80828,0.00,0.00
2018.06.18 10:35:01.386,12.80588,12.80828,0.00,0.00
2018.06.18 10:35:01.730,12.80598,12.80828,0.00,0.00
2018.06.18 10:35:01.994,12.80589,12.80828,0.00,0.00
2018.06.18 10:35:02.605,12.80589,12.80829,0.00,0.00
2018.06.18 10:35:02.668,12.80599,12.80829,0.00,0.00
2018.06.18 10:35:03.265,12.80598,12.80829,0.00,0.00
2018.06.18 10:35:04.137,12.80609,12.80849,0.00,0.00
2018.06.18 10:35:04.245,12.80609,12.80851,0.00,0.00
2018.06.18 10:35:05.200,12.80608,12.80851,0.00,0.00
2018.06.18 10:35:05.349,12.80598,12.80851,0.00,0.00
2018.06.18 10:35:05.500,12.80608,12.80851,0.00,0.00
2018.06.18 10:35:06.194,12.80598,12.80851,0.00,0.00
2018.06.18 10:35:06.564,12.80608,12.80851,0.00,0.00
2018.06.18 10:35:07.124,12.80609,12.80851,0.00,0.00
2018.06.18 10:35:07.254,12.80599,12.80851,0.00,0.00
2018.06.18 10:35:07.384,12.80608,12.80851,0.00,0.00
2018.06.18 10:35:08.151,12.80619,12.80851,0.00,0.00
2018.06.18 10:35:08.308,12.80609,12.80851,0.00,0.00
2018.06.18 10:35:08.639,12.80599,12.80848,0.00,0.00
2018.06.18 10:35:08.741,12.80588,12.80848,0.00,0.00
2018.06.18 10:35:08.792,12.80588,12.80829,0.00,0.00
2018.06.18 10:35:09.236,12.80608,12.80849,0.00,0.00
2018.06.18 10:35:09.369,12.80608,12.80852,0.00,0.00
2018.06.18 10:35:11.012,12.80608,12.80848,0.00,0.00
2018.06.18 10:35:11.560,12.80598,12.80838,0.00,0.00
2018.06.18 10:35:11.769,12.80609,12.80852,0.00,0.00
2018.06.18 10:35:12.417,12.80608,12.80852,0.00,0.00
2018.06.18 10:35:13.364,12.80608,12.80851,0.00,0.00
2018.06.18 10:35:13.427,12.80608,12.80858,0.00,0.00
2018.06.18 10:35:13.970,12.80608,12.80859,0.00,0.00
2018.06.18 10:35:14.807,12.80619,12.80859,0.00,0.00
2018.06.18 10:35:14.858,12.80668,12.80911,0.00,0.00
2018.06.18 10:35:14.959,12.80698,12.80918,0.00,0.00
2018.06.18 10:35:15.669,12.80698,12.80928,0.00,0.00
2018.06.18 10:35:19.177,12.80699,12.80928,0.00,0.00
2018.06.18 10:35:19.268,12.80689,12.80928,0.00,0.00
2018.06.18 10:35:19.483,12.80688,12.80932,0.00,0.00
2018.06.18 10:35:19.559,12.80678,12.80932,0.00,0.00
2018.06.18 10:35:19.731,12.80618,12.80869,0.00,0.00
2018.06.18 10:35:20.813,12.80619,12.80869,0.00,0.00
2018.06.18 10:35:20.979,12.80609,12.80869,0.00,0.00
2018.06.18 10:35:21.407,12.80618,12.80869,0.00,0.00
2018.06.18 10:35:23.288,12.80618,12.80871,0.00,0.00
2018.06.18 10:35:23.589,12.80669,12.80919,0.00,0.00
2018.06.18 10:35:23.902,12.80699,12.80919,0.00,0.00
2018.06.18 10:35:24.390,12.80699,12.80922,0.00,0.00
2018.06.18 10:35:24.497,12.80699,12.80929,0.00,0.00
2018.06.18 10:35:27.589,12.80688,12.80919,0.00,0.00
2018.06.18 10:35:27.711,12.80698,12.80919,0.00,0.00
2018.06.18 10:35:27.762,12.80698,12.80928,0.00,0.00
2018.06.18 10:35:28.507,12.80699,12.80928,0.00,0.00
2018.06.18 10:35:28.659,12.80689,12.80929,0.00,0.00
2018.06.18 10:35:29.378,12.80688,12.80929,0.00,0.00
2018.06.18 10:35:29.433,12.80689,12.80919,0.00,0.00
2018.06.18 10:35:29.863,12.80679,12.80909,0.00,0.00
2018.06.18 10:35:30.271,12.80688,12.80909,0.00,0.00
2018.06.18 10:35:30.879,12.80699,12.80909,0.00,0.00
2018.06.18 10:35:31.499,12.80699,12.80922,0.00,0.00
2018.06.18 10:35:31.550,12.80699,12.80929,0.00,0.00
2018.06.18 10:35:31.737,12.80688,12.80929,0.00,0.00
2018.06.18 10:35:31.788,12.80688,12.80918,0.00,0.00
2018.06.18 10:35:31.864,12.80679,12.80918,0.00,0.00
2018.06.18 10:35:32.040,12.80689,12.80909,0.00,0.00
2018.06.18 10:35:32.346,12.80709,12.80952,0.00,0.00
2018.06.18 10:35:32.447,12.80719,12.80962,0.00,0.00
2018.06.18 10:35:35.083,12.80699,12.80949,0.00,0.00
2018.06.18 10:35:37.006,12.80708,12.80949,0.00,0.00
2018.06.18 10:35:37.132,12.80699,12.80949,0.00,0.00
2018.06.18 10:35:37.480,12.80708,12.80932,0.00,0.00
2018.06.18 10:35:37.816,12.80719,12.80932,0.00,0.00
2018.06.18 10:35:38.510,12.80718,12.80932,0.00,0.00
2018.06.18 10:35:38.709,12.80718,12.80941,0.00,0.00
2018.06.18 10:35:39.558,12.80718,12.80971,0.00,0.00
2018.06.18 10:35:39.772,12.80718,12.80948,0.00,0.00
2018.06.18 10:35:39.888,12.80709,12.80948,0.00,0.00
2018.06.18 10:35:40.093,12.80709,12.80952,0.00,0.00
2018.06.18 10:35:40.144,12.80719,12.80952,0.00,0.00
2018.06.18 10:35:40.884,12.80718,12.80952,0.00,0.00
2018.06.18 10:35:41.489,12.80718,12.80969,0.00,0.00
2018.06.18 10:35:41.542,12.80709,12.80958,0.00,0.00
2018.06.18 10:35:41.831,12.80708,12.80969,0.00,0.00
2018.06.18 10:35:41.909,12.80718,12.80969,0.00,0.00
2018.06.18 10:35:42.432,12.80718,12.80971,0.00,0.00
2018.06.18 10:35:44.357,12.80769,12.81019,0.00,0.00
2018.06.18 10:35:44.804,12.80778,12.81018,0.00,0.00
2018.06.18 10:35:46.172,12.80789,12.81018,0.00,0.00
2018.06.18 10:35:46.618,12.80788,12.81031,0.00,0.00
2018.06.18 10:35:46.669,12.80798,12.81031,0.00,0.00
2018.06.18 10:35:49.510,12.80798,12.81039,0.00,0.00
2018.06.18 10:35:50.494,12.80799,12.81039,0.00,0.00
2018.06.18 10:35:52.585,12.80799,12.81038,0.00,0.00
2018.06.18 10:35:54.528,12.80799,12.81039,0.00,0.00
2018.06.18 10:35:57.490,12.80799,12.81038,0.00,0.00
2018.06.18 10:35:59.448,12.80808,12.81038,0.00,0.00
2018.06.18 10:36:00.118,12.80808,12.81039,0.00,0.00
2018.06.18 10:36:00.254,12.80809,12.81062,0.00,0.00
2018.06.18 10:36:00.775,12.80808,12.81062,0.00,0.00
2018.06.18 10:36:01.086,12.80819,12.81062,0.00,0.00
2018.06.18 10:36:01.551,12.80808,12.81062,0.00,0.00
2018.06.18 10:36:01.652,12.80818,12.81062,0.00,0.00
2018.06.18 10:36:02.542,12.80808,12.81062,0.00,0.00
2018.06.18 10:36:03.903,12.80799,12.81062,0.00,0.00
2018.06.18 10:36:05.172,12.80808,12.81059,0.00,0.00
2018.06.18 10:36:05.273,12.80798,12.81058,0.00,0.00
2018.06.18 10:36:05.344,12.80798,12.81039,0.00,0.00
2018.06.18 10:36:05.674,12.80799,12.81019,0.00,0.00
2018.06.18 10:36:06.441,12.80799,12.81018,0.00,0.00
2018.06.18 10:36:06.643,12.80789,12.81019,0.00,0.00
2018.06.18 10:36:06.719,12.80799,12.81019,0.00,0.00
2018.06.18 10:36:06.974,12.80788,12.81019,0.00,0.00
2018.06.18 10:36:07.600,12.80788,12.81018,0.00,0.00
2018.06.18 10:36:07.701,12.80799,12.81018,0.00,0.00
2018.06.18 10:36:07.819,12.80788,12.81018,0.00,0.00
2018.06.18 10:36:08.963,12.80799,12.81018,0.00,0.00
2018.06.18 10:36:09.159,12.80799,12.81042,0.00,0.00
2018.06.18 10:36:16.351,12.80808,12.81042,0.00,0.00
2018.06.18 10:36:16.401,12.80808,12.81052,0.00,0.00
2018.06.18 10:36:16.479,12.80818,12.81052,0.00,0.00
2018.06.18 10:36:16.850,12.80809,12.81052,0.00,0.00
2018.06.18 10:36:17.296,12.80798,12.81052,0.00,0.00
2018.06.18 10:36:17.441,12.80808,12.81052,0.00,0.00
2018.06.18 10:36:17.789,12.80818,12.81052,0.00,0.00
2018.06.18 10:36:18.988,12.80808,12.81052,0.00,0.00
2018.06.18 10:36:19.289,12.80799,12.81052,0.00,0.00
2018.06.18 10:36:20.191,12.80799,12.81049,0.00,0.00
2018.06.18 10:36:20.645,12.80789,12.81032,0.00,0.00
2018.06.18 10:36:21.518,12.80798,12.81032,0.00,0.00
2018.06.18 10:36:23.689,12.80798,12.81038,0.00,0.00
2018.06.18 10:36:24.319,12.80799,12.81038,0.00,0.00
2018.06.18 10:36:24.891,12.80808,12.81039,0.00,0.00
2018.06.18 10:36:26.431,12.80798,12.81039,0.00,0.00
2018.06.18 10:36:27.043,12.80799,12.81039,0.00,0.00
2018.06.18 10:36:27.592,12.80788,12.81039,0.00,0.00
2018.06.18 10:36:28.150,12.80798,12.81039,0.00,0.00
2018.06.18 10:36:29.599,12.80798,12.81022,0.00,0.00
2018.06.18 10:36:30.097,12.80788,12.81022,0.00,0.00
2018.06.18 10:36:30.302,12.80708,12.80962,0.00,0.00
2018.06.18 10:36:30.403,12.80688,12.80918,0.00,0.00
2018.06.18 10:36:30.477,12.80678,12.80918,0.00,0.00
2018.06.18 10:36:30.766,12.80688,12.80919,0.00,0.00
2018.06.18 10:36:31.343,12.80688,12.80918,0.00,0.00
2018.06.18 10:36:31.662,12.80698,12.80919,0.00,0.00
2018.06.18 10:36:31.850,12.80688,12.80918,0.00,0.00
2018.06.18 10:36:31.900,12.80688,12.80889,0.00,0.00
2018.06.18 10:36:32.105,12.80689,12.80932,0.00,0.00
2018.06.18 10:36:32.206,12.80698,12.80932,0.00,0.00
2018.06.18 10:36:32.509,12.80689,12.80919,0.00,0.00
2018.06.18 10:36:32.894,12.80679,12.80919,0.00,0.00
2018.06.18 10:36:33.191,12.80688,12.80919,0.00,0.00
2018.06.18 10:36:33.972,12.80688,12.80918,0.00,0.00
2018.06.18 10:36:34.823,12.80678,12.80918,0.00,0.00
2018.06.18 10:36:35.050,12.80688,12.80919,0.00,0.00
2018.06.18 10:36:37.576,12.80698,12.80919,0.00,0.00
2018.06.18 10:36:37.627,12.80698,12.80948,0.00,0.00
2018.06.18 10:36:37.695,12.80709,12.80948,0.00,0.00
2018.06.18 10:36:37.859,12.80698,12.80939,0.00,0.00
2018.06.18 10:36:38.369,12.80698,12.80949,0.00,0.00
2018.06.18 10:36:38.420,12.80689,12.80919,0.00,0.00
2018.06.18 10:36:38.924,12.80689,12.80908,0.00,0.00
2018.06.18 10:36:39.701,12.80689,12.80909,0.00,0.00
2018.06.18 10:36:40.030,12.80689,12.80942,0.00,0.00
2018.06.18 10:36:40.081,12.80698,12.80942,0.00,0.00
2018.06.18 10:36:40.500,12.80718,12.80952,0.00,0.00
2018.06.18 10:36:41.554,12.80769,12.81021,0.00,0.00
2018.06.18 10:36:41.605,12.80789,12.81021,0.00,0.00
2018.06.18 10:36:41.656,12.80809,12.81059,0.00,0.00
2018.06.18 10:36:41.764,12.80799,12.81058,0.00,0.00
2018.06.18 10:36:42.091,12.80809,12.81058,0.00,0.00
2018.06.18 10:36:43.005,12.80799,12.81049,0.00,0.00
2018.06.18 10:36:43.109,12.80789,12.81049,0.00,0.00
2018.06.18 10:36:43.239,12.80798,12.81049,0.00,0.00
2018.06.18 10:36:43.711,12.80799,12.81041,0.00,0.00
2018.06.18 10:36:44.437,12.80798,12.81041,0.00,0.00
2018.06.18 10:36:45.641,12.80798,12.81022,0.00,0.00
2018.06.18 10:36:47.370,12.80809,12.81022,0.00,0.00
2018.06.18 10:36:47.759,12.80809,12.81051,0.00,0.00
2018.06.18 10:36:48.088,12.80808,12.81049,0.00,0.00
2018.06.18 10:36:48.164,12.80798,12.81049,0.00,0.00
2018.06.18 10:36:48.301,12.80808,12.81049,0.00,0.00
2018.06.18 10:36:48.632,12.80808,12.81051,0.00,0.00
2018.06.18 10:36:49.292,12.80818,12.81051,0.00,0.00
2018.06.18 10:36:49.625,12.80818,12.81061,0.00,0.00
2018.06.18 10:36:51.849,12.80819,12.81059,0.00,0.00
2018.06.18 10:36:51.950,12.80808,12.81059,0.00,0.00
2018.06.18 10:36:54.595,12.80808,12.81061,0.00,0.00
2018.06.18 10:36:54.747,12.80819,12.81061,0.00,0.00
2018.06.18 10:36:54.848,12.80819,12.81071,0.00,0.00
2018.06.18 10:36:54.968,12.80809,12.81058,0.00,0.00
2018.06.18 10:36:55.594,12.80809,12.81051,0.00,0.00
2018.06.18 10:36:57.993,12.80789,12.81051,0.00,0.00
2018.06.18 10:36:58.044,12.80819,12.81051,0.00,0.00
2018.06.18 10:36:58.161,12.80799,12.81051,0.00,0.00
2018.06.18 10:36:58.389,12.80798,12.81048,0.00,0.00
2018.06.18 10:36:58.930,12.80798,12.81038,0.00,0.00
2018.06.18 10:36:59.329,12.80798,12.81048,0.00,0.00
2018.06.18 10:36:59.638,12.80788,12.81048,0.00,0.00
2018.06.18 10:36:59.688,12.80788,12.81019,0.00,0.00
2018.06.18 10:37:00.261,12.80788,12.81028,0.00,0.00
2018.06.18 10:37:00.362,12.80808,12.81052,0.00,0.00
2018.06.18 10:37:00.908,12.80809,12.81052,0.00,0.00
2018.06.18 10:37:01.718,12.80809,12.81051,0.00,0.00
2018.06.18 10:37:02.419,12.80808,12.81051,0.00,0.00
2018.06.18 10:37:02.544,12.80818,12.81051,0.00,0.00
2018.06.18 10:37:02.645,12.80819,12.81062,0.00,0.00
2018.06.18 10:37:02.695,12.80859,12.81062,0.00,0.00
2018.06.18 10:37:03.791,12.80859,12.81079,0.00,0.00
2018.06.18 10:37:03.844,12.80849,12.81079,0.00,0.00
2018.06.18 10:37:03.916,12.80849,12.81061,0.00,0.00
2018.06.18 10:37:03.966,12.80819,12.81061,0.00,0.00
2018.06.18 10:37:04.086,12.80809,12.81061,0.00,0.00
2018.06.18 10:37:05.326,12.80819,12.81061,0.00,0.00
2018.06.18 10:37:06.667,12.80818,12.81061,0.00,0.00
2018.06.18 10:37:06.770,12.80808,12.81061,0.00,0.00
2018.06.18 10:37:07.362,12.80818,12.81061,0.00,0.00
2018.06.18 10:37:07.867,12.80819,12.81061,0.00,0.00
2018.06.18 10:37:08.832,12.80818,12.81061,0.00,0.00
2018.06.18 10:37:09.364,12.80808,12.81061,0.00,0.00
2018.06.18 10:37:09.721,12.80808,12.81041,0.00,0.00
2018.06.18 10:37:10.814,12.80819,12.81041,0.00,0.00
2018.06.18 10:37:11.819,12.80819,12.81062,0.00,0.00
2018.06.18 10:37:12.507,12.80868,12.81112,0.00,0.00
2018.06.18 10:37:12.615,12.80888,12.81119,0.00,0.00
2018.06.18 10:37:13.177,12.80888,12.81118,0.00,0.00
2018.06.18 10:37:13.871,12.80888,12.81119,0.00,0.00
2018.06.18 10:37:15.741,12.80888,12.81121,0.00,0.00
2018.06.18 10:37:15.842,12.80888,12.81118,0.00,0.00
2018.06.18 10:37:16.185,12.80879,12.81089,0.00,0.00
2018.06.18 10:37:16.236,12.80899,12.81122,0.00,0.00
2018.06.18 10:37:16.719,12.80908,12.81122,0.00,0.00
2018.06.18 10:37:17.175,12.80909,12.81141,0.00,0.00
2018.06.18 10:37:17.226,12.80918,12.81141,0.00,0.00
2018.06.18 10:37:17.881,12.80918,12.81142,0.00,0.00
2018.06.18 10:37:18.009,12.80909,12.81142,0.00,0.00
2018.06.18 10:37:19.163,12.80919,12.81142,0.00,0.00
2018.06.18 10:37:19.214,12.80919,12.81152,0.00,0.00
2018.06.18 10:37:19.761,12.80918,12.81152,0.00,0.00
2018.06.18 10:37:24.015,12.80898,12.81152,0.00,0.00
2018.06.18 10:37:24.234,12.80889,12.81131,0.00,0.00
2018.06.18 10:37:24.581,12.80898,12.81131,0.00,0.00
2018.06.18 10:37:26.419,12.80899,12.81131,0.00,0.00
2018.06.18 10:37:26.933,12.80898,12.81131,0.00,0.00
2018.06.18 10:37:29.627,12.80899,12.81131,0.00,0.00
2018.06.18 10:37:29.740,12.80899,12.81142,0.00,0.00
2018.06.18 10:37:29.791,12.80909,12.81142,0.00,0.00
2018.06.18 10:37:29.892,12.80899,12.81142,0.00,0.00
2018.06.18 10:37:33.464,12.80888,12.81088,0.00,0.00
2018.06.18 10:37:33.515,12.80878,12.81088,0.00,0.00
2018.06.18 10:37:33.829,12.80878,12.81109,0.00,0.00
2018.06.18 10:37:33.879,12.80889,12.81109,0.00,0.00
2018.06.18 10:37:34.799,12.80898,12.81109,0.00,0.00
2018.06.18 10:37:37.369,12.80898,12.81131,0.00,0.00
2018.06.18 10:37:37.420,12.80908,12.81141,0.00,0.00
2018.06.18 10:37:37.541,12.80899,12.81141,0.00,0.00
2018.06.18 10:37:38.052,12.80898,12.81141,0.00,0.00
2018.06.18 10:37:38.103,12.80908,12.81141,0.00,0.00
2018.06.18 10:37:38.674,12.80898,12.81141,0.00,0.00
2018.06.18 10:37:39.798,12.80898,12.81129,0.00,0.00
2018.06.18 10:37:39.849,12.80888,12.81129,0.00,0.00
2018.06.18 10:37:40.517,12.80888,12.81121,0.00,0.00
2018.06.18 10:37:46.550,12.80888,12.81068,0.00,0.00
2018.06.18 10:37:46.705,12.80888,12.81079,0.00,0.00
2018.06.18 10:37:47.381,12.80888,12.81129,0.00,0.00
2018.06.18 10:37:47.432,12.80889,12.81132,0.00,0.00
2018.06.18 10:37:47.533,12.80889,12.81142,0.00,0.00
2018.06.18 10:37:49.284,12.80898,12.81142,0.00,0.00
2018.06.18 10:37:49.786,12.80918,12.81142,0.00,0.00
2018.06.18 10:37:49.940,12.80909,12.81142,0.00,0.00
2018.06.18 10:37:50.449,12.80908,12.81142,0.00,0.00
2018.06.18 10:37:54.341,12.80959,12.81219,0.00,0.00
2018.06.18 10:37:54.442,12.80988,12.81218,0.00,0.00
2018.06.18 10:37:55.111,12.80988,12.81219,0.00,0.00
2018.06.18 10:37:55.289,12.80978,12.81219,0.00,0.00
2018.06.18 10:37:55.400,12.80988,12.81219,0.00,0.00
2018.06.18 10:37:55.925,12.80998,12.81219,0.00,0.00
2018.06.18 10:37:56.427,12.80998,12.81218,0.00,0.00
2018.06.18 10:37:57.959,12.80988,12.81218,0.00,0.00
2018.06.18 10:37:58.466,12.80988,12.81219,0.00,0.00
2018.06.18 10:37:58.517,12.80979,12.81198,0.00,0.00
2018.06.18 10:37:58.618,12.80989,12.81209,0.00,0.00
2018.06.18 10:37:58.669,12.80989,12.81212,0.00,0.00
2018.06.18 10:37:58.796,12.80998,12.81219,0.00,0.00
2018.06.18 10:37:59.368,12.80998,12.81222,0.00,0.00
2018.06.18 10:37:59.868,12.80988,12.81222,0.00,0.00
2018.06.18 10:37:59.994,12.80998,12.81222,0.00,0.00
2018.06.18 10:38:00.725,12.80999,12.81222,0.00,0.00
2018.06.18 10:38:02.493,12.80989,12.81222,0.00,0.00
2018.06.18 10:38:02.624,12.80999,12.81222,0.00,0.00
2018.06.18 10:38:03.392,12.80998,12.81222,0.00,0.00
2018.06.18 10:38:03.696,12.81009,12.81222,0.00,0.00
2018.06.18 10:38:04.284,12.81009,12.81232,0.00,0.00
2018.06.18 10:38:04.335,12.80999,12.81232,0.00,0.00
2018.06.18 10:38:05.226,12.81009,12.81232,0.00,0.00
2018.06.18 10:38:05.676,12.81019,12.81232,0.00,0.00
2018.06.18 10:38:06.923,12.81008,12.81232,0.00,0.00
2018.06.18 10:38:08.526,12.81058,12.81269,0.00,0.00
2018.06.18 10:38:08.577,12.81088,12.81322,0.00,0.00
2018.06.18 10:38:08.639,12.81098,12.81322,0.00,0.00
2018.06.18 10:38:09.372,12.81099,12.81322,0.00,0.00
2018.06.18 10:38:09.910,12.81098,12.81322,0.00,0.00
2018.06.18 10:38:10.369,12.81108,12.81322,0.00,0.00
2018.06.18 10:38:10.470,12.81098,12.81322,0.00,0.00
2018.06.18 10:38:10.961,12.81109,12.81322,0.00,0.00
2018.06.18 10:38:11.702,12.81108,12.81322,0.00,0.00
2018.06.18 10:38:11.752,12.81098,12.81322,0.00,0.00
2018.06.18 10:38:13.833,12.81109,12.81322,0.00,0.00
2018.06.18 10:38:13.962,12.81118,12.81342,0.00,0.00
2018.06.18 10:38:15.915,12.81109,12.81342,0.00,0.00
2018.06.18 10:38:16.047,12.81118,12.81342,0.00,0.00
2018.06.18 10:38:17.060,12.81119,12.81342,0.00,0.00
2018.06.18 10:38:19.145,12.81118,12.81342,0.00,0.00
2018.06.18 10:38:20.441,12.81118,12.81352,0.00,0.00
2018.06.18 10:38:21.496,12.81119,12.81352,0.00,0.00
2018.06.18 10:38:21.975,12.81118,12.81368,0.00,0.00
2018.06.18 10:38:22.049,12.81128,12.81368,0.00,0.00
2018.06.18 10:38:22.369,12.81188,12.81419,0.00,0.00
2018.06.18 10:38:22.930,12.81188,12.81418,0.00,0.00
2018.06.18 10:38:23.989,12.81189,12.81418,0.00,0.00
2018.06.18 10:38:24.598,12.81199,12.81418,0.00,0.00
2018.06.18 10:38:26.034,12.81198,12.81418,0.00,0.00
2018.06.18 10:38:26.579,12.81198,12.81419,0.00,0.00
2018.06.18 10:38:28.285,12.81199,12.81419,0.00,0.00
2018.06.18 10:38:29.049,12.81189,12.81419,0.00,0.00
2018.06.18 10:38:31.127,12.81198,12.81419,0.00,0.00
2018.06.18 10:38:31.252,12.81189,12.81419,0.00,0.00
2018.06.18 10:38:31.499,12.81198,12.81419,0.00,0.00
2018.06.18 10:38:32.460,12.81208,12.81419,0.00,0.00
2018.06.18 10:38:32.511,12.81208,12.81422,0.00,0.00
2018.06.18 10:38:32.903,12.81198,12.81422,0.00,0.00
2018.06.18 10:38:33.230,12.81179,12.81422,0.00,0.00
2018.06.18 10:38:33.453,12.81179,12.81432,0.00,0.00
2018.06.18 10:38:33.504,12.81189,12.81432,0.00,0.00
2018.06.18 10:38:33.587,12.81199,12.81452,0.00,0.00
2018.06.18 10:38:33.638,12.81199,12.81469,0.00,0.00
2018.06.18 10:38:33.689,12.81199,12.81461,0.00,0.00
2018.06.18 10:38:34.005,12.81188,12.81442,0.00,0.00
2018.06.18 10:38:34.074,12.81179,12.81442,0.00,0.00
2018.06.18 10:38:34.224,12.81188,12.81442,0.00,0.00
2018.06.18 10:38:34.716,12.81198,12.81442,0.00,0.00
2018.06.18 10:38:34.844,12.81189,12.81442,0.00,0.00
2018.06.18 10:38:35.213,12.81188,12.81399,0.00,0.00
2018.06.18 10:38:35.315,12.81169,12.81398,0.00,0.00
2018.06.18 10:38:35.513,12.81168,12.81411,0.00,0.00
2018.06.18 10:38:35.614,12.81178,12.81411,0.00,0.00
2018.06.18 10:38:36.196,12.81188,12.81411,0.00,0.00
2018.06.18 10:38:37.507,12.81178,12.81411,0.00,0.00
2018.06.18 10:38:37.609,12.81169,12.81411,0.00,0.00
2018.06.18 10:38:37.954,12.81179,12.81411,0.00,0.00
2018.06.18 10:38:38.499,12.81169,12.81411,0.00,0.00
2018.06.18 10:38:38.651,12.81128,12.81369,0.00,0.00
2018.06.18 10:38:38.702,12.81099,12.81352,0.00,0.00
2018.06.18 10:38:38.884,12.81088,12.81352,0.00,0.00
2018.06.18 10:38:39.084,12.81098,12.81352,0.00,0.00
2018.06.18 10:38:39.135,12.81099,12.81362,0.00,0.00
2018.06.18 10:38:39.806,12.81099,12.81342,0.00,0.00
2018.06.18 10:38:42.804,12.81089,12.81341,0.00,0.00
2018.06.18 10:38:42.879,12.81079,12.81341,0.00,0.00
2018.06.18 10:38:44.113,12.81088,12.81341,0.00,0.00
2018.06.18 10:38:44.329,12.81079,12.81341,0.00,0.00
2018.06.18 10:38:48.468,12.81078,12.81338,0.00,0.00
2018.06.18 10:38:48.518,12.81069,12.81338,0.00,0.00
2018.06.18 10:38:49.075,12.81079,12.81338,0.00,0.00
2018.06.18 10:38:49.510,12.81068,12.81322,0.00,0.00
2018.06.18 10:38:49.821,12.81079,12.81322,0.00,0.00
2018.06.18 10:38:50.330,12.81069,12.81322,0.00,0.00
2018.06.18 10:38:50.535,12.81068,12.81282,0.00,0.00
2018.06.18 10:38:51.061,12.81069,12.81282,0.00,0.00
2018.06.18 10:38:53.026,12.81068,12.81282,0.00,0.00
2018.06.18 10:38:53.601,12.81059,12.81221,0.00,0.00
2018.06.18 10:38:53.724,12.80988,12.81221,0.00,0.00
2018.06.18 10:38:53.942,12.80979,12.81221,0.00,0.00
2018.06.18 10:38:54.094,12.80989,12.81221,0.00,0.00
2018.06.18 10:38:54.703,12.80988,12.81221,0.00,0.00
2018.06.18 10:38:55.033,12.80988,12.81202,0.00,0.00
2018.06.18 10:38:56.304,12.80989,12.81202,0.00,0.00
2018.06.18 10:38:57.015,12.80988,12.81202,0.00,0.00
2018.06.18 10:38:58.823,12.80978,12.81202,0.00,0.00
2018.06.18 10:39:00.194,12.80988,12.81202,0.00,0.00
2018.06.18 10:39:00.412,12.80978,12.81202,0.00,0.00
2018.06.18 10:39:00.742,12.80989,12.81202,0.00,0.00
2018.06.18 10:39:02.226,12.80978,12.81202,0.00,0.00
2018.06.18 10:39:02.399,12.80989,12.81202,0.00,0.00
2018.06.18 10:39:02.915,12.80998,12.81202,0.00,0.00
2018.06.18 10:39:03.052,12.80989,12.81202,0.00,0.00
2018.06.18 10:39:05.811,12.80988,12.81202,0.00,0.00
2018.06.18 10:39:07.253,12.80989,12.81202,0.00,0.00
2018.06.18 10:39:07.384,12.80978,12.81202,0.00,0.00
2018.06.18 10:39:07.514,12.80988,12.81202,0.00,0.00
2018.06.18 10:39:07.644,12.80978,12.81202,0.00,0.00
2018.06.18 10:39:07.855,12.80989,12.81202,0.00,0.00
2018.06.18 10:39:08.409,12.80989,12.81212,0.00,0.00
2018.06.18 10:39:08.460,12.80978,12.81212,0.00,0.00
2018.06.18 10:39:08.565,12.80988,12.81212,0.00,0.00
2018.06.18 10:39:09.171,12.80999,12.81212,0.00,0.00
2018.06.18 10:39:09.299,12.80988,12.81212,0.00,0.00
2018.06.18 10:39:10.052,12.80979,12.81212,0.00,0.00
2018.06.18 10:39:10.477,12.80988,12.81212,0.00,0.00
2018.06.18 10:39:10.976,12.80998,12.81212,0.00,0.00
2018.06.18 10:39:11.904,12.80989,12.81212,0.00,0.00
2018.06.18 10:39:15.699,12.80999,12.81212,0.00,0.00
2018.06.18 10:39:16.476,12.80999,12.81221,0.00,0.00
2018.06.18 10:39:17.680,12.81031,12.81281,0.00,0.00
2018.06.18 10:39:17.731,12.81068,12.81291,0.00,0.00
2018.06.18 10:39:18.283,12.81058,12.81241,0.00,0.00
2018.06.18 10:39:18.385,12.80988,12.81222,0.00,0.00
2018.06.18 10:39:18.436,12.81031,12.81262,0.00,0.00
2018.06.18 10:39:18.486,12.81031,12.81272,0.00,0.00
2018.06.18 10:39:18.537,12.81058,12.81301,0.00,0.00
2018.06.18 10:39:20.479,12.81058,12.81298,0.00,0.00
2018.06.18 10:39:20.875,12.81079,12.81301,0.00,0.00
2018.06.18 10:39:25.055,12.81078,12.81301,0.00,0.00
2018.06.18 10:39:25.595,12.81088,12.81301,0.00,0.00
2018.06.18 10:39:25.923,12.81098,12.81301,0.00,0.00
2018.06.18 10:39:26.249,12.81088,12.81301,0.00,0.00
2018.06.18 10:39:26.353,12.81078,12.81301,0.00,0.00
2018.06.18 10:39:26.454,12.81088,12.81301,0.00,0.00
2018.06.18 10:39:30.284,12.81088,12.81311,0.00,0.00
2018.06.18 10:39:34.578,12.81089,12.81311,0.00,0.00
2018.06.18 10:39:36.609,12.81088,12.81311,0.00,0.00
2018.06.18 10:39:45.064,12.81098,12.81311,0.00,0.00
2018.06.18 10:39:45.912,12.81088,12.81311,0.00,0.00
2018.06.18 10:39:46.518,12.81078,12.81311,0.00,0.00
2018.06.18 10:39:48.866,12.81088,12.81311,0.00,0.00
2018.06.18 10:39:49.137,12.81079,12.81311,0.00,0.00
2018.06.18 10:39:52.309,12.81088,12.81311,0.00,0.00
2018.06.18 10:39:53.020,12.81088,12.81312,0.00,0.00
2018.06.18 10:39:53.448,12.81099,12.81312,0.00,0.00
2018.06.18 10:39:53.936,12.81088,12.81312,0.00,0.00
2018.06.18 10:39:54.861,12.81089,12.81312,0.00,0.00
2018.06.18 10:39:55.822,12.81098,12.81312,0.00,0.00
2018.06.18 10:39:56.801,12.81089,12.81312,0.00,0.00
2018.06.18 10:39:57.065,12.81108,12.81312,0.00,0.00
2018.06.18 10:39:57.247,12.81098,12.81312,0.00,0.00
2018.06.18 10:39:58.258,12.81108,12.81312,0.00,0.00
2018.06.18 10:40:00.294,12.81109,12.81312,0.00,0.00
2018.06.18 10:40:00.589,12.81099,12.81312,0.00,0.00
2018.06.18 10:40:00.719,12.81108,12.81312,0.00,0.00
2018.06.18 10:40:01.120,12.81118,12.81322,0.00,0.00
2018.06.18 10:40:01.170,12.81108,12.81322,0.00,0.00
2018.06.18 10:40:01.294,12.81118,12.81322,0.00,0.00
2018.06.18 10:40:02.106,12.81108,12.81322,0.00,0.00
2018.06.18 10:40:02.234,12.81118,12.81322,0.00,0.00
2018.06.18 10:40:03.178,12.81108,12.81322,0.00,0.00
2018.06.18 10:40:03.374,12.81119,12.81322,0.00,0.00
2018.06.18 10:40:03.672,12.81109,12.81322,0.00,0.00
2018.06.18 10:40:06.232,12.81108,12.81322,0.00,0.00
2018.06.18 10:40:06.333,12.81119,12.81322,0.00,0.00
2018.06.18 10:40:06.972,12.81109,12.81322,0.00,0.00
2018.06.18 10:40:07.609,12.81099,12.81322,0.00,0.00
2018.06.18 10:40:07.718,12.81108,12.81322,0.00,0.00
2018.06.18 10:40:08.332,12.81109,12.81322,0.00,0.00
2018.06.18 10:40:08.884,12.81118,12.81322,0.00,0.00
2018.06.18 10:40:09.287,12.81108,12.81322,0.00,0.00
2018.06.18 10:40:09.390,12.81139,12.81398,0.00,0.00
2018.06.18 10:40:09.441,12.81189,12.81398,0.00,0.00
2018.06.18 10:40:11.486,12.81178,12.81398,0.00,0.00
2018.06.18 10:40:11.536,12.81178,12.81332,0.00,0.00
2018.06.18 10:40:11.696,12.81169,12.81369,0.00,0.00
2018.06.18 10:40:11.747,12.81148,12.81369,0.00,0.00
2018.06.18 10:40:11.797,12.81148,12.81362,0.00,0.00
2018.06.18 10:40:14.056,12.81158,12.81362,0.00,0.00
2018.06.18 10:40:14.879,12.81149,12.81362,0.00,0.00
2018.06.18 10:40:14.930,12.81149,12.81332,0.00,0.00
2018.06.18 10:40:15.032,12.81108,12.81332,0.00,0.00
2018.06.18 10:40:15.613,12.81108,12.81331,0.00,0.00
2018.06.18 10:40:16.360,12.81098,12.81331,0.00,0.00
2018.06.18 10:40:16.489,12.81109,12.81331,0.00,0.00
2018.06.18 10:40:17.021,12.81108,12.81331,0.00,0.00
2018.06.18 10:40:17.245,12.81139,12.81399,0.00,0.00
2018.06.18 10:40:17.296,12.81139,12.81401,0.00,0.00
2018.06.18 10:40:17.347,12.81189,12.81401,0.00,0.00
2018.06.18 10:40:17.760,12.81179,12.81401,0.00,0.00
2018.06.18 10:40:17.811,12.81179,12.81372,0.00,0.00
2018.06.18 10:40:17.912,12.81148,12.81372,0.00,0.00
2018.06.18 10:40:18.606,12.81119,12.81332,0.00,0.00
2018.06.18 10:40:18.686,12.81108,12.81332,0.00,0.00
2018.06.18 10:40:20.647,12.81109,12.81332,0.00,0.00
2018.06.18 10:40:20.739,12.81119,12.81332,0.00,0.00
2018.06.18 10:40:21.640,12.81118,12.81342,0.00,0.00
2018.06.18 10:40:22.061,12.81109,12.81342,0.00,0.00
2018.06.18 10:40:22.174,12.81119,12.81342,0.00,0.00
2018.06.18 10:40:23.527,12.81108,12.81342,0.00,0.00
2018.06.18 10:40:23.714,12.81118,12.81342,0.00,0.00
2018.06.18 10:40:25.690,12.81119,12.81342,0.00,0.00
2018.06.18 10:40:27.491,12.81109,12.81342,0.00,0.00
2018.06.18 10:40:27.749,12.81118,12.81342,0.00,0.00
2018.06.18 10:40:28.959,12.81118,12.81341,0.00,0.00
2018.06.18 10:40:29.289,12.81179,12.81392,0.00,0.00
2018.06.18 10:40:29.640,12.81188,12.81411,0.00,0.00
2018.06.18 10:40:30.780,12.81189,12.81411,0.00,0.00
2018.06.18 10:40:32.830,12.81188,12.81411,0.00,0.00
2018.06.18 10:40:32.880,12.81188,12.81392,0.00,0.00
2018.06.18 10:40:32.981,12.81148,12.81368,0.00,0.00
2018.06.18 10:40:35.651,12.81179,12.81368,0.00,0.00
2018.06.18 10:40:35.702,12.81179,12.81391,0.00,0.00
2018.06.18 10:40:35.814,12.81189,12.81391,0.00,0.00
2018.06.18 10:40:36.782,12.81178,12.81391,0.00,0.00
2018.06.18 10:40:37.035,12.81189,12.81391,0.00,0.00
2018.06.18 10:40:37.086,12.81189,12.81401,0.00,0.00
2018.06.18 10:40:38.130,12.81199,12.81401,0.00,0.00
2018.06.18 10:40:38.797,12.81199,12.81402,0.00,0.00
2018.06.18 10:40:39.510,12.81188,12.81402,0.00,0.00
2018.06.18 10:40:40.910,12.81188,12.81399,0.00,0.00
2018.06.18 10:40:41.061,12.81178,12.81398,0.00,0.00
2018.06.18 10:40:42.429,12.81189,12.81401,0.00,0.00
2018.06.18 10:40:43.098,12.81188,12.81401,0.00,0.00
2018.06.18 10:40:43.560,12.81199,12.81401,0.00,0.00
2018.06.18 10:40:43.972,12.81188,12.81401,0.00,0.00
2018.06.18 10:40:44.487,12.81199,12.81401,0.00,0.00
2018.06.18 10:40:45.069,12.81199,12.81421,0.00,0.00
2018.06.18 10:40:45.543,12.81188,12.81421,0.00,0.00
2018.06.18 10:40:46.832,12.81188,12.81418,0.00,0.00
2018.06.18 10:40:47.177,12.81188,12.81411,0.00,0.00
2018.06.18 10:40:48.147,12.81199,12.81411,0.00,0.00
2018.06.18 10:40:50.710,12.81188,12.81411,0.00,0.00
2018.06.18 10:40:52.580,12.81198,12.81411,0.00,0.00
2018.06.18 10:40:53.374,12.81199,12.81411,0.00,0.00
2018.06.18 10:40:53.481,12.81189,12.81411,0.00,0.00
2018.06.18 10:40:53.582,12.81199,12.81411,0.00,0.00
2018.06.18 10:40:54.091,12.81198,12.81411,0.00,0.00
2018.06.18 10:40:55.248,12.81189,12.81398,0.00,0.00
2018.06.18 10:40:55.472,12.81189,12.81411,0.00,0.00
2018.06.18 10:40:55.523,12.81198,12.81411,0.00,0.00
2018.06.18 10:40:56.560,12.81198,12.81398,0.00,0.00
2018.06.18 10:40:56.849,12.81198,12.81411,0.00,0.00
2018.06.18 10:40:57.071,12.81188,12.81411,0.00,0.00
2018.06.18 10:40:57.184,12.81199,12.81411,0.00,0.00
2018.06.18 10:40:57.929,12.81189,12.81411,0.00,0.00
2018.06.18 10:40:59.820,12.81188,12.81398,0.00,0.00
2018.06.18 10:41:00.025,12.81121,12.81351,0.00,0.00
2018.06.18 10:41:00.126,12.81108,12.81321,0.00,0.00
2018.06.18 10:41:00.652,12.81109,12.81321,0.00,0.00
2018.06.18 10:41:01.130,12.81118,12.81321,0.00,0.00
2018.06.18 10:41:01.268,12.81118,12.81342,0.00,0.00
2018.06.18 10:41:02.070,12.81189,12.81342,0.00,0.00
2018.06.18 10:41:02.121,12.81189,12.81398,0.00,0.00
2018.06.18 10:41:02.222,12.81179,12.81402,0.00,0.00
2018.06.18 10:41:02.845,12.81188,12.81402,0.00,0.00
2018.06.18 10:41:03.171,12.81178,12.81402,0.00,0.00
2018.06.18 10:41:03.482,12.81199,12.81402,0.00,0.00
2018.06.18 10:41:03.784,12.81199,12.81369,0.00,0.00
2018.06.18 10:41:03.835,12.81178,12.81392,0.00,0.00
2018.06.18 10:41:05.039,12.81189,12.81392,0.00,0.00
2018.06.18 10:41:05.239,12.81189,12.81408,0.00,0.00
2018.06.18 10:41:05.520,12.81199,12.81408,0.00,0.00
2018.06.18 10:41:05.750,12.81188,12.81409,0.00,0.00
2018.06.18 10:41:06.935,12.81199,12.81409,0.00,0.00
2018.06.18 10:41:07.899,12.81189,12.81409,0.00,0.00
2018.06.18 10:41:08.334,12.81179,12.81368,0.00,0.00
2018.06.18 10:41:08.435,12.81149,12.81368,0.00,0.00
2018.06.18 10:41:08.724,12.81118,12.81341,0.00,0.00
2018.06.18 10:41:08.775,12.81108,12.81341,0.00,0.00
2018.06.18 10:41:08.876,12.81119,12.81341,0.00,0.00
2018.06.18 10:41:09.979,12.81168,12.81369,0.00,0.00
2018.06.18 10:41:10.059,12.81158,12.81369,0.00,0.00
2018.06.18 10:41:10.561,12.81159,12.81368,0.00,0.00
2018.06.18 10:41:12.389,12.81149,12.81368,0.00,0.00
2018.06.18 10:41:12.443,12.81149,12.81401,0.00,0.00
2018.06.18 10:41:12.496,12.81159,12.81401,0.00,0.00
2018.06.18 10:41:12.899,12.81179,12.81401,0.00,0.00
2018.06.18 10:41:12.950,12.81139,12.81369,0.00,0.00
2018.06.18 10:41:13.071,12.81148,12.81369,0.00,0.00
2018.06.18 10:41:15.930,12.81179,12.81369,0.00,0.00
2018.06.18 10:41:16.031,12.81148,12.81369,0.00,0.00
2018.06.18 10:41:16.186,12.81148,12.81371,0.00,0.00
2018.06.18 10:41:16.236,12.81148,12.81369,0.00,0.00
2018.06.18 10:41:16.287,12.81119,12.81342,0.00,0.00
2018.06.18 10:41:17.114,12.81108,12.81342,0.00,0.00
2018.06.18 10:41:17.261,12.81118,12.81342,0.00,0.00
2018.06.18 10:41:17.312,12.81118,12.81398,0.00,0.00
2018.06.18 10:41:17.363,12.81168,12.81402,0.00,0.00
2018.06.18 10:41:17.855,12.81188,12.81402,0.00,0.00
2018.06.18 10:41:18.770,12.81188,12.81411,0.00,0.00
2018.06.18 10:41:19.469,12.81189,12.81411,0.00,0.00
2018.06.18 10:41:20.035,12.81198,12.81411,0.00,0.00
2018.06.18 10:41:20.176,12.81188,12.81411,0.00,0.00
2018.06.18 10:41:20.856,12.81198,12.81411,0.00,0.00
2018.06.18 10:41:20.984,12.81188,12.81411,0.00,0.00
2018.06.18 10:41:21.402,12.81198,12.81411,0.00,0.00
2018.06.18 10:41:21.531,12.81188,12.81411,0.00,0.00
2018.06.18 10:41:21.659,12.81198,12.81411,0.00,0.00
2018.06.18 10:41:21.830,12.81178,12.81412,0.00,0.00
2018.06.18 10:41:21.979,12.81178,12.81399,0.00,0.00
2018.06.18 10:41:22.563,12.81189,12.81408,0.00,0.00
2018.06.18 10:41:22.759,12.81178,12.81399,0.00,0.00
2018.06.18 10:41:24.542,12.81138,12.81332,0.00,0.00
2018.06.18 10:41:24.643,12.81119,12.81332,0.00,0.00
2018.06.18 10:41:24.749,12.81108,12.81332,0.00,0.00
2018.06.18 10:41:24.998,12.81119,12.81332,0.00,0.00
2018.06.18 10:41:25.584,12.81168,12.81368,0.00,0.00
2018.06.18 10:41:25.698,12.81158,12.81368,0.00,0.00
2018.06.18 10:41:25.749,12.81158,12.81412,0.00,0.00
2018.06.18 10:41:25.829,12.81188,12.81412,0.00,0.00
2018.06.18 10:41:28.233,12.81178,12.81412,0.00,0.00
2018.06.18 10:41:28.284,12.81178,12.81409,0.00,0.00
2018.06.18 10:41:28.908,12.81178,12.81408,0.00,0.00
2018.06.18 10:41:29.497,12.81169,12.81408,0.00,0.00
2018.06.18 10:41:29.638,12.81179,12.81408,0.00,0.00
2018.06.18 10:41:30.276,12.81188,12.81408,0.00,0.00
2018.06.18 10:41:30.327,12.81169,12.81408,0.00,0.00
2018.06.18 10:41:30.814,12.81178,12.81408,0.00,0.00
2018.06.18 10:41:31.216,12.81188,12.81408,0.00,0.00
2018.06.18 10:41:31.597,12.81199,12.81409,0.00,0.00
2018.06.18 10:41:31.744,12.81189,12.81412,0.00,0.00
2018.06.18 10:41:31.824,12.81198,12.81412,0.00,0.00
2018.06.18 10:41:32.141,12.81189,12.81412,0.00,0.00
2018.06.18 10:41:32.192,12.81189,12.81408,0.00,0.00
2018.06.18 10:41:32.728,12.81189,12.81409,0.00,0.00
2018.06.18 10:41:33.490,12.81178,12.81409,0.00,0.00
2018.06.18 10:41:33.909,12.81118,12.81342,0.00,0.00
2018.06.18 10:41:34.070,12.81109,12.81342,0.00,0.00
2018.06.18 10:41:34.179,12.81119,12.81342,0.00,0.00
2018.06.18 10:41:34.330,12.81109,12.81342,0.00,0.00
2018.06.18 10:41:34.849,12.81109,12.81341,0.00,0.00
2018.06.18 10:41:35.621,12.81119,12.81341,0.00,0.00
2018.06.18 10:41:35.672,12.81119,12.81348,0.00,0.00
2018.06.18 10:41:35.750,12.81119,12.81352,0.00,0.00
2018.06.18 10:41:35.858,12.81139,12.81352,0.00,0.00
2018.06.18 10:41:35.908,12.81178,12.81399,0.00,0.00
2018.06.18 10:41:36.500,12.81179,12.81398,0.00,0.00
2018.06.18 10:41:37.110,12.81139,12.81398,0.00,0.00
2018.06.18 10:41:37.161,12.81138,12.81351,0.00,0.00
2018.06.18 10:41:37.266,12.81109,12.81351,0.00,0.00
2018.06.18 10:41:37.454,12.81119,12.81351,0.00,0.00
2018.06.18 10:41:37.584,12.81108,12.81351,0.00,0.00
2018.06.18 10:41:38.564,12.81108,12.81331,0.00,0.00
2018.06.18 10:41:41.186,12.81099,12.81331,0.00,0.00
2018.06.18 10:41:41.520,12.81109,12.81331,0.00,0.00
2018.06.18 10:41:43.752,12.81098,12.81331,0.00,0.00
2018.06.18 10:41:43.890,12.81108,12.81331,0.00,0.00
2018.06.18 10:41:45.930,12.81109,12.81331,0.00,0.00
2018.06.18 10:41:48.343,12.81119,12.81331,0.00,0.00
2018.06.18 10:41:48.560,12.81108,12.81331,0.00,0.00
2018.06.18 10:41:48.644,12.81119,12.81331,0.00,0.00
2018.06.18 10:41:49.757,12.81109,12.81331,0.00,0.00
2018.06.18 10:41:50.293,12.81118,12.81331,0.00,0.00
2018.06.18 10:41:51.225,12.81108,12.81331,0.00,0.00
2018.06.18 10:41:51.404,12.81118,12.81331,0.00,0.00
2018.06.18 10:41:51.767,12.81108,12.81331,0.00,0.00
2018.06.18 10:41:51.928,12.81118,12.81331,0.00,0.00
2018.06.18 10:41:52.235,12.81108,12.81331,0.00,0.00
2018.06.18 10:41:54.077,12.81118,12.81331,0.00,0.00
2018.06.18 10:41:54.489,12.81108,12.81331,0.00,0.00
2018.06.18 10:41:54.644,12.81099,12.81331,0.00,0.00
2018.06.18 10:41:54.778,12.81108,12.81331,0.00,0.00
2018.06.18 10:41:58.699,12.81099,12.81331,0.00,0.00
2018.06.18 10:41:58.857,12.81108,12.81331,0.00,0.00
2018.06.18 10:41:59.688,12.81099,12.81331,0.00,0.00
2018.06.18 10:41:59.872,12.81109,12.81331,0.00,0.00
2018.06.18 10:42:00.221,12.81118,12.81331,0.00,0.00
2018.06.18 10:42:00.369,12.81108,12.81331,0.00,0.00
2018.06.18 10:42:10.493,12.81108,12.81329,0.00,0.00
2018.06.18 10:42:11.023,12.81108,12.81328,0.00,0.00
2018.06.18 10:42:12.314,12.81078,12.81328,0.00,0.00
2018.06.18 10:42:12.675,12.81069,12.81329,0.00,0.00
2018.06.18 10:42:12.726,12.81088,12.81329,0.00,0.00
2018.06.18 10:42:13.543,12.81089,12.81329,0.00,0.00
2018.06.18 10:42:14.606,12.81099,12.81329,0.00,0.00
2018.06.18 10:42:14.733,12.81089,12.81329,0.00,0.00
2018.06.18 10:42:16.346,12.81089,12.81312,0.00,0.00
2018.06.18 10:42:16.842,12.81098,12.81312,0.00,0.00
2018.06.18 10:42:18.922,12.81088,12.81312,0.00,0.00
2018.06.18 10:42:19.203,12.81098,12.81329,0.00,0.00
2018.06.18 10:42:19.304,12.81108,12.81329,0.00,0.00
2018.06.18 10:42:19.756,12.81108,12.81332,0.00,0.00
2018.06.18 10:42:19.865,12.81119,12.81342,0.00,0.00
2018.06.18 10:42:19.923,12.81108,12.81342,0.00,0.00
2018.06.18 10:42:25.476,12.81109,12.81342,0.00,0.00
2018.06.18 10:42:27.888,12.81108,12.81342,0.00,0.00
2018.06.18 10:42:29.827,12.81119,12.81342,0.00,0.00
2018.06.18 10:42:29.973,12.81109,12.81342,0.00,0.00
2018.06.18 10:42:30.629,12.81108,12.81342,0.00,0.00
2018.06.18 10:42:32.498,12.81119,12.81342,0.00,0.00
2018.06.18 10:42:35.710,12.81109,12.81342,0.00,0.00
2018.06.18 10:42:36.410,12.81108,12.81342,0.00,0.00
2018.06.18 10:42:41.082,12.81118,12.81342,0.00,0.00
2018.06.18 10:42:41.234,12.81108,12.81342,0.00,0.00
2018.06.18 10:42:42.849,12.81109,12.81342,0.00,0.00
2018.06.18 10:42:43.674,12.81108,12.81342,0.00,0.00
2018.06.18 10:42:46.246,12.81109,12.81362,0.00,0.00
2018.06.18 10:42:46.348,12.81108,12.81342,0.00,0.00
2018.06.18 10:42:46.449,12.81099,12.81342,0.00,0.00
2018.06.18 10:42:46.979,12.81099,12.81341,0.00,0.00
2018.06.18 10:42:48.988,12.81098,12.81341,0.00,0.00
2018.06.18 10:42:49.187,12.81108,12.81341,0.00,0.00
2018.06.18 10:42:49.405,12.81098,12.81341,0.00,0.00
2018.06.18 10:42:49.571,12.81108,12.81341,0.00,0.00
2018.06.18 10:42:50.010,12.81118,12.81341,0.00,0.00
2018.06.18 10:42:50.716,12.81108,12.81341,0.00,0.00
2018.06.18 10:42:51.331,12.81109,12.81341,0.00,0.00
2018.06.18 10:42:51.640,12.81119,12.81341,0.00,0.00
2018.06.18 10:42:51.791,12.81108,12.81342,0.00,0.00
2018.06.18 10:42:52.700,12.81099,12.81342,0.00,0.00
2018.06.18 10:42:54.357,12.81108,12.81342,0.00,0.00
2018.06.18 10:42:54.482,12.81099,12.81342,0.00,0.00
2018.06.18 10:42:55.057,12.81108,12.81342,0.00,0.00
2018.06.18 10:42:55.515,12.81118,12.81342,0.00,0.00
2018.06.18 10:42:55.841,12.81109,12.81342,0.00,0.00
2018.06.18 10:42:55.944,12.81109,12.81351,0.00,0.00
2018.06.18 10:42:56.411,12.81109,12.81332,0.00,0.00
2018.06.18 10:42:58.778,12.81099,12.81332,0.00,0.00
2018.06.18 10:43:00.101,12.81108,12.81332,0.00,0.00
2018.06.18 10:43:00.203,12.81108,12.81351,0.00,0.00
2018.06.18 10:43:00.286,12.81109,12.81331,0.00,0.00
2018.06.18 10:43:00.387,12.81099,12.81331,0.00,0.00
2018.06.18 10:43:00.589,12.81109,12.81298,0.00,0.00
2018.06.18 10:43:00.691,12.81078,12.81299,0.00,0.00
2018.06.18 10:43:00.792,12.81078,12.81309,0.00,0.00
2018.06.18 10:43:00.842,12.81089,12.81309,0.00,0.00
2018.06.18 10:43:01.204,12.81098,12.81322,0.00,0.00
2018.06.18 10:43:01.305,12.81088,12.81322,0.00,0.00
2018.06.18 10:43:01.551,12.81099,12.81322,0.00,0.00
2018.06.18 10:43:05.642,12.81089,12.81319,0.00,0.00
2018.06.18 10:43:05.743,12.81089,12.81322,0.00,0.00
2018.06.18 10:43:06.292,12.81088,12.81322,0.00,0.00
2018.06.18 10:43:06.813,12.81079,12.81322,0.00,0.00
2018.06.18 10:43:06.865,12.81079,12.81318,0.00,0.00
2018.06.18 10:43:07.281,12.81098,12.81318,0.00,0.00
2018.06.18 10:43:08.299,12.81098,12.81319,0.00,0.00
2018.06.18 10:43:08.602,12.81108,12.81322,0.00,0.00
2018.06.18 10:43:09.152,12.81098,12.81322,0.00,0.00
2018.06.18 10:43:09.544,12.81108,12.81322,0.00,0.00
2018.06.18 10:43:10.112,12.81098,12.81322,0.00,0.00
2018.06.18 10:43:10.264,12.81078,12.81322,0.00,0.00
2018.06.18 10:43:10.314,12.81078,12.81319,0.00,0.00
2018.06.18 10:43:10.915,12.81089,12.81318,0.00,0.00
2018.06.18 10:43:11.441,12.81089,12.81319,0.00,0.00
2018.06.18 10:43:15.454,12.81088,12.81319,0.00,0.00
2018.06.18 10:43:15.608,12.81078,12.81319,0.00,0.00
2018.06.18 10:43:16.498,12.81078,12.81299,0.00,0.00
2018.06.18 10:43:17.209,12.81078,12.81298,0.00,0.00
2018.06.18 10:43:19.646,12.81088,12.81322,0.00,0.00
2018.06.18 10:43:22.650,12.81088,12.81332,0.00,0.00
2018.06.18 10:43:22.700,12.81099,12.81332,0.00,0.00
2018.06.18 10:43:26.967,12.81088,12.81332,0.00,0.00
2018.06.18 10:43:27.550,12.81088,12.81329,0.00,0.00
2018.06.18 10:43:27.987,12.81079,12.81328,0.00,0.00
2018.06.18 10:43:28.198,12.81088,12.81328,0.00,0.00
2018.06.18 10:43:28.470,12.81079,12.81329,0.00,0.00
2018.06.18 10:43:28.521,12.81079,12.81319,0.00,0.00
2018.06.18 10:43:30.439,12.81089,12.81319,0.00,0.00
2018.06.18 10:43:30.838,12.81078,12.81269,0.00,0.00
2018.06.18 10:43:30.889,12.81009,12.81252,0.00,0.00
2018.06.18 10:43:30.990,12.81018,12.81252,0.00,0.00
2018.06.18 10:43:31.158,12.81009,12.81252,0.00,0.00
2018.06.18 10:43:33.620,12.80999,12.81252,0.00,0.00
2018.06.18 10:43:34.144,12.80999,12.81232,0.00,0.00
2018.06.18 10:43:34.195,12.80988,12.81232,0.00,0.00
2018.06.18 10:43:34.288,12.81008,12.81232,0.00,0.00
2018.06.18 10:43:34.405,12.80999,12.81232,0.00,0.00
2018.06.18 10:43:34.557,12.81008,12.81232,0.00,0.00
2018.06.18 10:43:34.876,12.81019,12.81232,0.00,0.00
2018.06.18 10:43:35.006,12.81008,12.81232,0.00,0.00
2018.06.18 10:43:35.108,12.81008,12.81251,0.00,0.00
2018.06.18 10:43:35.159,12.80998,12.81251,0.00,0.00
2018.06.18 10:43:35.264,12.81008,12.81251,0.00,0.00
2018.06.18 10:43:36.470,12.80998,12.81248,0.00,0.00
2018.06.18 10:43:36.571,12.81018,12.81262,0.00,0.00
2018.06.18 10:43:38.215,12.81008,12.81262,0.00,0.00
2018.06.18 10:43:38.782,12.80998,12.81241,0.00,0.00
2018.06.18 10:43:39.381,12.80989,12.81241,0.00,0.00
2018.06.18 10:43:40.917,12.80998,12.81241,0.00,0.00
2018.06.18 10:43:41.370,12.81018,12.81241,0.00,0.00
2018.06.18 10:43:42.287,12.81008,12.81241,0.00,0.00
2018.06.18 10:43:42.414,12.80998,12.81241,0.00,0.00
2018.06.18 10:43:43.162,12.81009,12.81241,0.00,0.00
2018.06.18 10:43:43.326,12.80999,12.81241,0.00,0.00
2018.06.18 10:43:44.162,12.81008,12.81241,0.00,0.00
2018.06.18 10:43:44.213,12.80998,12.81241,0.00,0.00
2018.06.18 10:43:45.904,12.81009,12.81241,0.00,0.00
2018.06.18 10:43:46.021,12.80999,12.81241,0.00,0.00
2018.06.18 10:43:46.651,12.80998,12.81241,0.00,0.00
2018.06.18 10:43:47.032,12.80998,12.81239,0.00,0.00
2018.06.18 10:43:47.589,12.80999,12.81238,0.00,0.00
2018.06.18 10:43:48.301,12.80998,12.81238,0.00,0.00
2018.06.18 10:43:48.963,12.80998,12.81239,0.00,0.00
2018.06.18 10:43:49.303,12.80998,12.81199,0.00,0.00
2018.06.18 10:43:50.159,12.80998,12.81219,0.00,0.00
2018.06.18 10:43:50.262,12.80998,12.81222,0.00,0.00
2018.06.18 10:43:50.416,12.81008,12.81222,0.00,0.00
2018.06.18 10:43:50.468,12.81008,12.81242,0.00,0.00
2018.06.18 10:43:50.850,12.81018,12.81242,0.00,0.00
2018.06.18 10:43:51.349,12.81018,12.81252,0.00,0.00
2018.06.18 10:43:51.681,12.81008,12.81252,0.00,0.00
2018.06.18 10:43:52.008,12.81019,12.81252,0.00,0.00
2018.06.18 10:43:52.530,12.81018,12.81252,0.00,0.00
2018.06.18 10:43:52.581,12.81078,12.81318,0.00,0.00
2018.06.18 10:43:52.632,12.81078,12.81321,0.00,0.00
2018.06.18 10:43:52.683,12.81088,12.81321,0.00,0.00
2018.06.18 10:43:53.890,12.81098,12.81321,0.00,0.00
2018.06.18 10:43:55.845,12.81109,12.81321,0.00,0.00
2018.06.18 10:43:55.896,12.81109,12.81342,0.00,0.00
2018.06.18 10:43:56.144,12.81099,12.81342,0.00,0.00
2018.06.18 10:43:57.389,12.81108,12.81342,0.00,0.00
2018.06.18 10:43:57.785,12.81119,12.81342,0.00,0.00
2018.06.18 10:43:57.836,12.81119,12.81351,0.00,0.00
2018.06.18 10:43:59.337,12.81108,12.81351,0.00,0.00
2018.06.18 10:43:59.779,12.81118,12.81351,0.00,0.00
2018.06.18 10:44:00.279,12.81108,12.81351,0.00,0.00
2018.06.18 10:44:00.640,12.81111,12.81351,0.00,0.00
2018.06.18 10:44:00.691,12.81148,12.81412,0.00,0.00
2018.06.18 10:44:00.792,12.81188,12.81418,0.00,0.00
2018.06.18 10:44:01.214,12.81179,12.81419,0.00,0.00
2018.06.18 10:44:01.324,12.81189,12.81419,0.00,0.00
2018.06.18 10:44:01.879,12.81189,12.81418,0.00,0.00
2018.06.18 10:44:02.967,12.81178,12.81419,0.00,0.00
2018.06.18 10:44:03.378,12.81189,12.81419,0.00,0.00
2018.06.18 10:44:03.905,12.81188,12.81418,0.00,0.00
2018.06.18 10:44:05.057,12.81198,12.81418,0.00,0.00
2018.06.18 10:44:06.731,12.81188,12.81419,0.00,0.00
2018.06.18 10:44:07.498,12.81178,12.81419,0.00,0.00
2018.06.18 10:44:07.549,12.81178,12.81369,0.00,0.00
2018.06.18 10:44:07.651,12.81109,12.81352,0.00,0.00
2018.06.18 10:44:07.812,12.81118,12.81352,0.00,0.00
2018.06.18 10:44:09.380,12.81118,12.81361,0.00,0.00
2018.06.18 10:44:09.941,12.81148,12.81391,0.00,0.00
2018.06.18 10:44:10.261,12.81188,12.81399,0.00,0.00
2018.06.18 10:44:10.478,12.81179,12.81399,0.00,0.00
2018.06.18 10:44:10.529,12.81179,12.81362,0.00,0.00
2018.06.18 10:44:10.630,12.81119,12.81362,0.00,0.00
2018.06.18 10:44:10.681,12.81119,12.81368,0.00,0.00
2018.06.18 10:44:10.782,12.81109,12.81369,0.00,0.00
2018.06.18 10:44:10.833,12.81109,12.81352,0.00,0.00
2018.06.18 10:44:11.454,12.81109,12.81351,0.00,0.00
2018.06.18 10:44:12.309,12.81109,12.81349,0.00,0.00
2018.06.18 10:44:14.530,12.81109,12.81351,0.00,0.00
2018.06.18 10:44:15.457,12.81109,12.81349,0.00,0.00
2018.06.18 10:44:16.045,12.81109,12.81351,0.00,0.00
2018.06.18 10:44:17.262,12.81109,12.81349,0.00,0.00
2018.06.18 10:44:18.697,12.81099,12.81349,0.00,0.00
2018.06.18 10:44:18.748,12.81099,12.81351,0.00,0.00
2018.06.18 10:44:18.799,12.81118,12.81351,0.00,0.00
2018.06.18 10:44:20.060,12.81108,12.81351,0.00,0.00
2018.06.18 10:44:20.458,12.81099,12.81351,0.00,0.00
2018.06.18 10:44:20.627,12.81108,12.81351,0.00,0.00
2018.06.18 10:44:22.248,12.81118,12.81351,0.00,0.00
2018.06.18 10:44:22.670,12.81109,12.81351,0.00,0.00
2018.06.18 10:44:24.086,12.81118,12.81351,0.00,0.00
2018.06.18 10:44:24.137,12.81118,12.81392,0.00,0.00
2018.06.18 10:44:24.238,12.81159,12.81392,0.00,0.00
2018.06.18 10:44:25.519,12.81148,12.81361,0.00,0.00
2018.06.18 10:44:25.628,12.81109,12.81359,0.00,0.00
2018.06.18 10:44:25.848,12.81109,12.81361,0.00,0.00
2018.06.18 10:44:25.908,12.81118,12.81361,0.00,0.00
2018.06.18 10:44:26.102,12.81108,12.81361,0.00,0.00
2018.06.18 10:44:26.579,12.81119,12.81361,0.00,0.00
2018.06.18 10:44:26.933,12.81158,12.81361,0.00,0.00
2018.06.18 10:44:26.984,12.81158,12.81422,0.00,0.00
2018.06.18 10:44:27.100,12.81189,12.81422,0.00,0.00
2018.06.18 10:44:33.674,12.81199,12.81422,0.00,0.00
2018.06.18 10:44:33.931,12.81119,12.81362,0.00,0.00
2018.06.18 10:44:33.981,12.81119,12.81352,0.00,0.00
2018.06.18 10:44:34.059,12.81108,12.81352,0.00,0.00
2018.06.18 10:44:36.043,12.81109,12.81352,0.00,0.00
2018.06.18 10:44:38.363,12.81098,12.81352,0.00,0.00
2018.06.18 10:44:40.820,12.81099,12.81349,0.00,0.00
2018.06.18 10:44:41.371,12.81099,12.81338,0.00,0.00
2018.06.18 10:44:41.695,12.81108,12.81339,0.00,0.00
2018.06.18 10:44:42.530,12.81108,12.81338,0.00,0.00
2018.06.18 10:44:42.610,12.81108,12.81352,0.00,0.00
2018.06.18 10:44:42.661,12.81128,12.81369,0.00,0.00
2018.06.18 10:44:42.821,12.81119,12.81368,0.00,0.00
2018.06.18 10:44:43.363,12.81119,12.81369,0.00,0.00
2018.06.18 10:44:44.908,12.81119,12.81368,0.00,0.00
2018.06.18 10:44:44.986,12.81119,12.81352,0.00,0.00
2018.06.18 10:44:45.675,12.81118,12.81352,0.00,0.00
2018.06.18 10:44:49.099,12.81118,12.81348,0.00,0.00
2018.06.18 10:44:49.570,12.81118,12.81341,0.00,0.00
2018.06.18 10:44:50.060,12.81138,12.81341,0.00,0.00
2018.06.18 10:44:50.110,12.81078,12.81341,0.00,0.00
2018.06.18 10:44:56.285,12.81088,12.81341,0.00,0.00
2018.06.18 10:44:56.887,12.81088,12.81339,0.00,0.00
2018.06.18 10:44:59.246,12.81089,12.81339,0.00,0.00
2018.06.18 10:45:00.162,12.81099,12.81339,0.00,0.00
2018.06.18 10:45:00.214,12.81099,12.81341,0.00,0.00
2018.06.18 10:45:00.471,12.81088,12.81341,0.00,0.00
2018.06.18 10:45:01.593,12.81098,12.81341,0.00,0.00
2018.06.18 10:45:02.141,12.81088,12.81341,0.00,0.00
2018.06.18 10:45:02.192,12.81088,12.81338,0.00,0.00
2018.06.18 10:45:02.293,12.81078,12.81339,0.00,0.00
2018.06.18 10:45:02.391,12.81078,12.81319,0.00,0.00
2018.06.18 10:45:02.825,12.81089,12.81318,0.00,0.00
2018.06.18 10:45:03.205,12.81079,12.81318,0.00,0.00
2018.06.18 10:45:07.198,12.81089,12.81318,0.00,0.00
2018.06.18 10:45:07.560,12.81079,12.81318,0.00,0.00
2018.06.18 10:45:07.689,12.81088,12.81318,0.00,0.00
2018.06.18 10:45:07.940,12.81079,12.81319,0.00,0.00
2018.06.18 10:45:08.440,12.81089,12.81318,0.00,0.00
2018.06.18 10:45:09.098,12.81088,12.81318,0.00,0.00
2018.06.18 10:45:10.309,12.81088,12.81319,0.00,0.00
2018.06.18 10:45:10.360,12.81078,12.81342,0.00,0.00
2018.06.18 10:45:10.411,12.81078,12.81261,0.00,0.00
2018.06.18 10:45:10.513,12.81008,12.81259,0.00,0.00
2018.06.18 10:45:10.564,12.81008,12.81242,0.00,0.00
2018.06.18 10:45:10.665,12.80998,12.81242,0.00,0.00
2018.06.18 10:45:10.786,12.81009,12.81242,0.00,0.00
2018.06.18 10:45:10.911,12.80999,12.81242,0.00,0.00
2018.06.18 10:45:11.104,12.81009,12.81242,0.00,0.00
2018.06.18 10:45:11.193,12.80998,12.81242,0.00,0.00
2018.06.18 10:45:12.390,12.81009,12.81242,0.00,0.00
2018.06.18 10:45:13.322,12.80998,12.81242,0.00,0.00
2018.06.18 10:45:13.427,12.81009,12.81242,0.00,0.00
2018.06.18 10:45:17.916,12.81008,12.81242,0.00,0.00
2018.06.18 10:45:18.536,12.80999,12.81242,0.00,0.00
2018.06.18 10:45:19.841,12.81009,12.81242,0.00,0.00
2018.06.18 10:45:20.467,12.81009,12.81241,0.00,0.00
2018.06.18 10:45:20.646,12.80998,12.81241,0.00,0.00
2018.06.18 10:45:21.176,12.81008,12.81241,0.00,0.00
2018.06.18 10:45:22.747,12.80998,12.81241,0.00,0.00
2018.06.18 10:45:25.395,12.80988,12.81242,0.00,0.00
2018.06.18 10:45:25.529,12.80988,12.81239,0.00,0.00
2018.06.18 10:45:26.049,12.80988,12.81238,0.00,0.00
2018.06.18 10:45:26.311,12.80978,12.81239,0.00,0.00
2018.06.18 10:45:26.674,12.80978,12.81222,0.00,0.00
2018.06.18 10:45:29.061,12.80979,12.81222,0.00,0.00
2018.06.18 10:45:29.523,12.80988,12.81222,0.00,0.00
2018.06.18 10:45:30.957,12.80998,12.81222,0.00,0.00
2018.06.18 10:45:31.058,12.80988,12.81222,0.00,0.00
2018.06.18 10:45:31.398,12.80978,12.81222,0.00,0.00
2018.06.18 10:45:32.056,12.80988,12.81222,0.00,0.00
2018.06.18 10:45:32.907,12.80999,12.81222,0.00,0.00
2018.06.18 10:45:33.008,12.80988,12.81222,0.00,0.00
2018.06.18 10:45:33.301,12.80978,12.81222,0.00,0.00
2018.06.18 10:45:33.685,12.80998,12.81222,0.00,0.00
2018.06.18 10:45:33.736,12.80998,12.81232,0.00,0.00
2018.06.18 10:45:33.837,12.80988,12.81232,0.00,0.00
2018.06.18 10:45:33.898,12.80988,12.81229,0.00,0.00
2018.06.18 10:45:34.438,12.80999,12.81228,0.00,0.00
2018.06.18 10:45:34.489,12.80999,12.81232,0.00,0.00
2018.06.18 10:45:34.599,12.80988,12.81229,0.00,0.00
2018.06.18 10:45:34.650,12.80988,12.81219,0.00,0.00
2018.06.18 10:45:34.979,12.80988,12.81209,0.00,0.00
2018.06.18 10:45:35.319,12.80979,12.81209,0.00,0.00
2018.06.18 10:45:35.479,12.80988,12.81199,0.00,0.00
2018.06.18 10:45:35.580,12.80978,12.81199,0.00,0.00
2018.06.18 10:45:36.036,12.80948,12.81169,0.00,0.00
2018.06.18 10:45:36.086,12.80919,12.81169,0.00,0.00
2018.06.18 10:45:36.137,12.80958,12.81169,0.00,0.00
2018.06.18 10:45:36.469,12.80978,12.81168,0.00,0.00
2018.06.18 10:45:36.570,12.81011,12.81212,0.00,0.00
2018.06.18 10:45:36.621,12.80968,12.81211,0.00,0.00
2018.06.18 10:45:36.700,12.80968,12.81221,0.00,0.00
2018.06.18 10:45:36.750,12.80988,12.81241,0.00,0.00
2018.06.18 10:45:37.079,12.81012,12.81252,0.00,0.00
2018.06.18 10:45:37.186,12.80988,12.81252,0.00,0.00
2018.06.18 10:45:37.236,12.81011,12.81262,0.00,0.00
2018.06.18 10:45:37.287,12.80998,12.81262,0.00,0.00
2018.06.18 10:45:37.440,12.81122,12.81342,0.00,0.00
2018.06.18 10:45:37.542,12.81128,12.81368,0.00,0.00
2018.06.18 10:45:37.643,12.81108,12.81339,0.00,0.00
2018.06.18 10:45:37.694,12.81108,12.81368,0.00,0.00
2018.06.18 10:45:37.820,12.81148,12.81338,0.00,0.00
2018.06.18 10:45:38.143,12.81148,12.81368,0.00,0.00
2018.06.18 10:45:38.627,12.81148,12.81391,0.00,0.00
2018.06.18 10:45:39.859,12.81148,12.81368,0.00,0.00
2018.06.18 10:45:40.437,12.81148,12.81369,0.00,0.00
2018.06.18 10:45:42.046,12.81248,12.81452,0.00,0.00
2018.06.18 10:45:42.147,12.81248,12.81468,0.00,0.00
2018.06.18 10:45:43.161,12.81248,12.81469,0.00,0.00
2018.06.18 10:45:43.673,12.81248,12.81468,0.00,0.00
2018.06.18 10:45:45.799,12.81248,12.81469,0.00,0.00
2018.06.18 10:45:49.137,12.81248,12.81468,0.00,0.00
2018.06.18 10:45:49.189,12.81328,12.81568,0.00,0.00
2018.06.18 10:45:50.200,12.81328,12.81569,0.00,0.00
2018.06.18 10:45:52.140,12.81328,12.81568,0.00,0.00
2018.06.18 10:45:52.997,12.81328,12.81539,0.00,0.00
2018.06.18 10:45:53.310,12.81328,12.81569,0.00,0.00
2018.06.18 10:45:57.086,12.81368,12.81569,0.00,0.00
2018.06.18 10:45:57.396,12.81359,12.81568,0.00,0.00
2018.06.18 10:45:58.164,12.81368,12.81568,0.00,0.00
2018.06.18 10:45:58.329,12.81348,12.81569,0.00,0.00
2018.06.18 10:45:59.012,12.81348,12.81568,0.00,0.00
2018.06.18 10:45:59.553,12.81349,12.81568,0.00,0.00
2018.06.18 10:46:00.021,12.81338,12.81569,0.00,0.00
2018.06.18 10:46:00.667,12.81338,12.81568,0.00,0.00
2018.06.18 10:46:01.303,12.81338,12.81569,0.00,0.00
2018.06.18 10:46:02.158,12.81338,12.81568,0.00,0.00
2018.06.18 10:46:04.057,12.81369,12.81568,0.00,0.00
2018.06.18 10:46:04.208,12.81359,12.81569,0.00,0.00
2018.06.18 10:46:04.750,12.81349,12.81569,0.00,0.00
2018.06.18 10:46:05.720,12.81348,12.81569,0.00,0.00
2018.06.18 10:46:06.089,12.81339,12.81569,0.00,0.00
2018.06.18 10:46:07.510,12.81339,12.81568,0.00,0.00
2018.06.18 10:46:11.516,12.81339,12.81569,0.00,0.00
2018.06.18 10:46:12.107,12.81358,12.81569,0.00,0.00
2018.06.18 10:46:12.362,12.81339,12.81569,0.00,0.00
2018.06.18 10:46:12.751,12.81318,12.81568,0.00,0.00
2018.06.18 10:46:13.324,12.81318,12.81569,0.00,0.00
2018.06.18 10:46:13.879,12.81319,12.81568,0.00,0.00
2018.06.18 10:46:14.658,12.81318,12.81569,0.00,0.00
2018.06.18 10:46:15.292,12.81318,12.81568,0.00,0.00
2018.06.18 10:46:15.804,12.81318,12.81569,0.00,0.00
2018.06.18 10:46:17.112,12.81319,12.81569,0.00,0.00
2018.06.18 10:46:18.721,12.81318,12.81569,0.00,0.00
2018.06.18 10:46:21.656,12.81319,12.81569,0.00,0.00
2018.06.18 10:46:22.251,12.81318,12.81569,0.00,0.00
2018.06.18 10:46:24.532,12.81338,12.81568,0.00,0.00
2018.06.18 10:46:24.659,12.81329,12.81568,0.00,0.00
2018.06.18 10:46:24.811,12.81311,12.81569,0.00,0.00
2018.06.18 10:46:25.004,12.81309,12.81569,0.00,0.00
2018.06.18 10:46:25.661,12.81309,12.81568,0.00,0.00
2018.06.18 10:46:25.712,12.81318,12.81569,0.00,0.00
2018.06.18 10:46:26.039,12.81309,12.81569,0.00,0.00
2018.06.18 10:46:26.368,12.81318,12.81569,0.00,0.00
2018.06.18 10:46:26.503,12.81309,12.81569,0.00,0.00
2018.06.18 10:46:26.810,12.81318,12.81569,0.00,0.00
2018.06.18 10:46:27.171,12.81309,12.81569,0.00,0.00
2018.06.18 10:46:29.955,12.81318,12.81569,0.00,0.00
2018.06.18 10:46:31.368,12.81318,12.81568,0.00,0.00
2018.06.18 10:46:32.008,12.81319,12.81568,0.00,0.00
2018.06.18 10:46:33.119,12.81319,12.81569,0.00,0.00
2018.06.18 10:46:33.170,12.81311,12.81569,0.00,0.00
2018.06.18 10:46:33.304,12.81318,12.81569,0.00,0.00
2018.06.18 10:46:33.959,12.81318,12.81568,0.00,0.00
2018.06.18 10:46:34.066,12.81308,12.81568,0.00,0.00
2018.06.18 10:46:34.218,12.81319,12.81569,0.00,0.00
2018.06.18 10:46:34.381,12.81309,12.81569,0.00,0.00
2018.06.18 10:46:34.990,12.81309,12.81568,0.00,0.00
2018.06.18 10:46:36.419,12.81309,12.81569,0.00,0.00
2018.06.18 10:46:36.804,12.81319,12.81568,0.00,0.00
2018.06.18 10:46:36.908,12.81308,12.81569,0.00,0.00
2018.06.18 10:46:37.029,12.81319,12.81569,0.00,0.00
2018.06.18 10:46:38.653,12.81308,12.81569,0.00,0.00
2018.06.18 10:46:38.779,12.81319,12.81569,0.00,0.00
2018.06.18 10:46:38.880,12.81309,12.81569,0.00,0.00
2018.06.18 10:46:39.789,12.81318,12.81569,0.00,0.00
2018.06.18 10:46:39.927,12.81308,12.81569,0.00,0.00
2018.06.18 10:46:40.730,12.81318,12.81569,0.00,0.00
2018.06.18 10:46:40.809,12.81308,12.81569,0.00,0.00
2018.06.18 10:46:41.181,12.81318,12.81568,0.00,0.00
2018.06.18 10:46:41.850,12.81308,12.81568,0.00,0.00
2018.06.18 10:46:42.304,12.81319,12.81569,0.00,0.00
2018.06.18 10:46:42.717,12.81309,12.81569,0.00,0.00
2018.06.18 10:46:43.294,12.81318,12.81569,0.00,0.00
2018.06.18 10:46:43.892,12.81318,12.81568,0.00,0.00
2018.06.18 10:46:43.995,12.81309,12.81568,0.00,0.00
2018.06.18 10:46:44.097,12.81309,12.81559,0.00,0.00
2018.06.18 10:46:44.148,12.81298,12.81551,0.00,0.00
2018.06.18 10:46:44.198,12.81298,12.81542,0.00,0.00
2018.06.18 10:46:45.060,12.81298,12.81541,0.00,0.00
2018.06.18 10:46:45.362,12.81289,12.81521,0.00,0.00
2018.06.18 10:46:45.620,12.81188,12.81429,0.00,0.00
2018.06.18 10:46:45.721,12.81188,12.81412,0.00,0.00
2018.06.18 10:46:46.063,12.81188,12.81392,0.00,0.00
2018.06.18 10:46:46.399,12.81099,12.81312,0.00,0.00
2018.06.18 10:46:47.286,12.81108,12.81302,0.00,0.00
2018.06.18 10:46:47.616,12.81098,12.81302,0.00,0.00
2018.06.18 10:46:47.767,12.81089,12.81302,0.00,0.00
2018.06.18 10:46:48.031,12.81069,12.81302,0.00,0.00
2018.06.18 10:46:48.084,12.81069,12.81281,0.00,0.00
2018.06.18 10:46:48.819,12.81068,12.81282,0.00,0.00
2018.06.18 10:46:49.977,12.81011,12.81269,0.00,0.00
2018.06.18 10:46:50.027,12.81028,12.81269,0.00,0.00
2018.06.18 10:46:50.346,12.81009,12.81211,0.00,0.00
2018.06.18 10:46:50.508,12.80999,12.81211,0.00,0.00
2018.06.18 10:46:50.559,12.80999,12.81192,0.00,0.00
2018.06.18 10:46:51.430,12.80998,12.81192,0.00,0.00
2018.06.18 10:46:52.794,12.81008,12.81192,0.00,0.00
2018.06.18 10:46:55.752,12.81011,12.81262,0.00,0.00
2018.06.18 10:46:55.803,12.81059,12.81291,0.00,0.00
2018.06.18 10:46:56.147,12.81088,12.81291,0.00,0.00
2018.06.18 10:46:56.204,12.81079,12.81291,0.00,0.00
2018.06.18 10:46:57.106,12.81069,12.81221,0.00,0.00
2018.06.18 10:46:57.207,12.81008,12.81221,0.00,0.00
2018.06.18 10:46:57.879,12.80999,12.81212,0.00,0.00
2018.06.18 10:46:58.460,12.81009,12.81212,0.00,0.00
2018.06.18 10:46:58.630,12.80998,12.81212,0.00,0.00
2018.06.18 10:47:00.236,12.80988,12.81211,0.00,0.00
2018.06.18 10:47:00.469,12.80998,12.81211,0.00,0.00
2018.06.18 10:47:00.644,12.80989,12.81211,0.00,0.00
2018.06.18 10:47:01.859,12.80998,12.81211,0.00,0.00
2018.06.18 10:47:02.422,12.80999,12.81211,0.00,0.00
2018.06.18 10:47:05.035,12.80998,12.81211,0.00,0.00
2018.06.18 10:47:06.590,12.80988,12.81211,0.00,0.00
2018.06.18 10:47:06.861,12.80999,12.81192,0.00,0.00
2018.06.18 10:47:06.962,12.80969,12.81192,0.00,0.00
2018.06.18 10:47:07.359,12.80979,12.81192,0.00,0.00
2018.06.18 10:47:08.034,12.80978,12.81192,0.00,0.00
2018.06.18 10:47:09.464,12.80988,12.81192,0.00,0.00
2018.06.18 10:47:09.580,12.80979,12.81192,0.00,0.00
2018.06.18 10:47:13.424,12.80989,12.81192,0.00,0.00
2018.06.18 10:47:15.819,12.80989,12.81202,0.00,0.00
2018.06.18 10:47:16.032,12.80999,12.81212,0.00,0.00
2018.06.18 10:47:16.674,12.80998,12.81212,0.00,0.00
2018.06.18 10:47:17.369,12.80999,12.81212,0.00,0.00
2018.06.18 10:47:25.708,12.80998,12.81212,0.00,0.00
2018.06.18 10:47:25.758,12.81041,12.81279,0.00,0.00
2018.06.18 10:47:25.859,12.81058,12.81279,0.00,0.00
2018.06.18 10:47:26.576,12.81058,12.81278,0.00,0.00
2018.06.18 10:47:26.824,12.81058,12.81282,0.00,0.00
2018.06.18 10:47:29.602,12.81059,12.81282,0.00,0.00
2018.06.18 10:47:34.764,12.81058,12.81282,0.00,0.00
2018.06.18 10:47:35.027,12.81069,12.81282,0.00,0.00
2018.06.18 10:47:35.821,12.81068,12.81282,0.00,0.00
2018.06.18 10:47:36.272,12.81058,12.81282,0.00,0.00
2018.06.18 10:47:37.588,12.80998,12.81222,0.00,0.00
2018.06.18 10:47:37.689,12.80988,12.81222,0.00,0.00
2018.06.18 10:47:39.924,12.80989,12.81222,0.00,0.00
2018.06.18 10:47:42.071,12.80988,12.81102,0.00,0.00
2018.06.18 10:47:42.239,12.80879,12.81102,0.00,0.00
2018.06.18 10:47:43.018,12.80869,12.81102,0.00,0.00
2018.06.18 10:47:43.708,12.80878,12.81102,0.00,0.00
2018.06.18 10:47:44.907,12.80869,12.81102,0.00,0.00
2018.06.18 10:47:45.568,12.80858,12.81102,0.00,0.00
2018.06.18 10:47:45.688,12.80869,12.81102,0.00,0.00
2018.06.18 10:47:46.677,12.80868,12.81102,0.00,0.00
2018.06.18 10:47:46.836,12.80878,12.81122,0.00,0.00
2018.06.18 10:47:46.937,12.80968,12.81169,0.00,0.00
2018.06.18 10:47:47.096,12.80899,12.81151,0.00,0.00
2018.06.18 10:47:47.216,12.80879,12.81151,0.00,0.00
2018.06.18 10:47:47.267,12.80879,12.81148,0.00,0.00
2018.06.18 10:47:47.645,12.80879,12.81139,0.00,0.00
2018.06.18 10:47:48.156,12.80878,12.81139,0.00,0.00
2018.06.18 10:47:48.494,12.80888,12.81139,0.00,0.00
2018.06.18 10:47:49.265,12.80879,12.81139,0.00,0.00
2018.06.18 10:47:49.571,12.80892,12.81138,0.00,0.00
2018.06.18 10:47:49.621,12.80882,12.81138,0.00,0.00
2018.06.18 10:47:55.807,12.80881,12.81139,0.00,0.00
2018.06.18 10:48:00.312,12.80882,12.81141,0.00,0.00
2018.06.18 10:48:00.570,12.80882,12.81138,0.00,0.00
2018.06.18 10:48:00.943,12.80882,12.81122,0.00,0.00
2018.06.18 10:48:01.095,12.80788,12.81042,0.00,0.00
2018.06.18 10:48:01.402,12.80789,12.81049,0.00,0.00
2018.06.18 10:48:01.581,12.80789,12.81051,0.00,0.00
2018.06.18 10:48:01.780,12.80789,12.81049,0.00,0.00
2018.06.18 10:48:02.393,12.80789,12.81048,0.00,0.00
2018.06.18 10:48:05.964,12.80789,12.81038,0.00,0.00
2018.06.18 10:48:07.481,12.80789,12.81029,0.00,0.00
2018.06.18 10:48:08.107,12.80789,12.81039,0.00,0.00
2018.06.18 10:48:10.290,12.80789,12.81019,0.00,0.00
2018.06.18 10:48:10.973,12.80789,12.81018,0.00,0.00
2018.06.18 10:48:12.029,12.80789,12.81039,0.00,0.00
2018.06.18 10:48:13.177,12.80789,12.81048,0.00,0.00
2018.06.18 10:48:13.667,12.80789,12.81039,0.00,0.00
2018.06.18 10:48:13.830,12.80789,12.81042,0.00,0.00
2018.06.18 10:48:13.912,12.80789,12.81051,0.00,0.00
2018.06.18 10:48:14.014,12.80789,12.81049,0.00,0.00
2018.06.18 10:48:14.533,12.80789,12.81038,0.00,0.00
2018.06.18 10:48:14.833,12.80789,12.81042,0.00,0.00
2018.06.18 10:48:14.909,12.80789,12.81048,0.00,0.00
2018.06.18 10:48:17.227,12.80789,12.81039,0.00,0.00
2018.06.18 10:48:18.047,12.80789,12.81048,0.00,0.00
2018.06.18 10:48:20.291,12.80789,12.81049,0.00,0.00
2018.06.18 10:48:20.635,12.80789,12.81041,0.00,0.00
2018.06.18 10:48:20.949,12.80789,12.81038,0.00,0.00
2018.06.18 10:48:21.329,12.80789,12.81048,0.00,0.00
2018.06.18 10:48:21.987,12.80789,12.81049,0.00,0.00
2018.06.18 10:48:22.594,12.80789,12.81048,0.00,0.00
2018.06.18 10:48:23.167,12.80789,12.81051,0.00,0.00
2018.06.18 10:48:23.219,12.80789,12.81049,0.00,0.00
2018.06.18 10:48:23.639,12.80789,12.81042,0.00,0.00
2018.06.18 10:48:23.967,12.80789,12.81039,0.00,0.00
2018.06.18 10:48:24.390,12.80771,12.81012,0.00,0.00
2018.06.18 10:48:24.441,12.80699,12.80962,0.00,0.00
2018.06.18 10:48:24.491,12.80699,12.80952,0.00,0.00
2018.06.18 10:48:24.542,12.80678,12.80952,0.00,0.00
2018.06.18 10:48:24.593,12.80678,12.80959,0.00,0.00
2018.06.18 10:48:25.210,12.80678,12.80962,0.00,0.00
2018.06.18 10:48:25.261,12.80698,12.80961,0.00,0.00
2018.06.18 10:48:25.685,12.80698,12.80958,0.00,0.00
2018.06.18 10:48:26.428,12.80698,12.80951,0.00,0.00
2018.06.18 10:48:26.525,12.80698,12.80958,0.00,0.00
2018.06.18 10:48:27.003,12.80698,12.80952,0.00,0.00
2018.06.18 10:48:27.714,12.80698,12.80951,0.00,0.00
2018.06.18 10:48:29.163,12.80698,12.80949,0.00,0.00
2018.06.18 10:48:29.950,12.80698,12.80939,0.00,0.00
2018.06.18 10:48:30.873,12.80679,12.80939,0.00,0.00
2018.06.18 10:48:31.298,12.80678,12.80918,0.00,0.00
2018.06.18 10:48:32.019,12.80678,12.80919,0.00,0.00
2018.06.18 10:48:32.100,12.80678,12.80939,0.00,0.00
2018.06.18 10:48:34.254,12.80678,12.80928,0.00,0.00
2018.06.18 10:48:35.108,12.80678,12.80938,0.00,0.00
2018.06.18 10:48:35.650,12.80678,12.80939,0.00,0.00
2018.06.18 10:48:38.736,12.80678,12.80941,0.00,0.00
2018.06.18 10:48:41.650,12.80678,12.80938,0.00,0.00
2018.06.18 10:48:41.866,12.80679,12.80951,0.00,0.00
2018.06.18 10:48:44.125,12.80679,12.80949,0.00,0.00
2018.06.18 10:48:44.429,12.80612,12.80862,0.00,0.00
2018.06.18 10:48:44.760,12.80611,12.80859,0.00,0.00
2018.06.18 10:48:45.849,12.80611,12.80852,0.00,0.00
2018.06.18 10:48:45.899,12.80588,12.80849,0.00,0.00
2018.06.18 10:48:47.319,12.80588,12.80858,0.00,0.00
2018.06.18 10:48:47.454,12.80588,12.80852,0.00,0.00
2018.06.18 10:48:48.105,12.80588,12.80858,0.00,0.00
2018.06.18 10:48:50.050,12.80588,12.80859,0.00,0.00
2018.06.18 10:48:51.791,12.80588,12.80862,0.00,0.00
2018.06.18 10:48:52.024,12.80609,12.80862,0.00,0.00
2018.06.18 10:48:52.075,12.80671,12.80939,0.00,0.00
2018.06.18 10:48:52.682,12.80679,12.80939,0.00,0.00
2018.06.18 10:48:53.421,12.80679,12.80928,0.00,0.00
2018.06.18 10:48:53.471,12.80672,12.80928,0.00,0.00
2018.06.18 10:48:53.622,12.80671,12.80919,0.00,0.00
2018.06.18 10:48:54.274,12.80672,12.80918,0.00,0.00
2018.06.18 10:48:55.005,12.80671,12.80929,0.00,0.00
2018.06.18 10:48:56.388,12.80671,12.80939,0.00,0.00
2018.06.18 10:48:57.007,12.80672,12.80938,0.00,0.00
2018.06.18 10:48:57.955,12.80679,12.80938,0.00,0.00
2018.06.18 10:48:59.008,12.80688,12.80949,0.00,0.00
2018.06.18 10:48:59.109,12.80689,12.80951,0.00,0.00
2018.06.18 10:48:59.699,12.80689,12.80948,0.00,0.00
2018.06.18 10:49:00.086,12.80698,12.80948,0.00,0.00
2018.06.18 10:49:04.348,12.80698,12.80951,0.00,0.00
2018.06.18 10:49:05.229,12.80699,12.80951,0.00,0.00
2018.06.18 10:49:06.236,12.80718,12.80951,0.00,0.00
2018.06.18 10:49:06.455,12.80711,12.80959,0.00,0.00
2018.06.18 10:49:06.941,12.80711,12.80961,0.00,0.00
2018.06.18 10:49:07.379,12.80729,12.80968,0.00,0.00
2018.06.18 10:49:07.929,12.80729,12.80962,0.00,0.00
2018.06.18 10:49:08.194,12.80719,12.80959,0.00,0.00
2018.06.18 10:49:08.520,12.80708,12.80959,0.00,0.00
2018.06.18 10:49:08.730,12.80708,12.80951,0.00,0.00
2018.06.18 10:49:09.253,12.80709,12.80951,0.00,0.00
2018.06.18 10:49:10.830,12.80749,12.80992,0.00,0.00
2018.06.18 10:49:10.881,12.80749,12.80999,0.00,0.00
2018.06.18 10:49:10.932,12.80769,12.80998,0.00,0.00
2018.06.18 10:49:11.096,12.80771,12.81019,0.00,0.00
2018.06.18 10:49:11.544,12.80788,12.81019,0.00,0.00
2018.06.18 10:49:12.759,12.80788,12.81042,0.00,0.00
2018.06.18 10:49:12.810,12.80808,12.81042,0.00,0.00
2018.06.18 10:49:12.860,12.80808,12.81049,0.00,0.00
2018.06.18 10:49:13.709,12.80808,12.81058,0.00,0.00
2018.06.18 10:49:13.760,12.80818,12.81058,0.00,0.00
2018.06.18 10:49:16.459,12.80809,12.81058,0.00,0.00
2018.06.18 10:49:16.894,12.80818,12.81058,0.00,0.00
2018.06.18 10:49:17.503,12.80819,12.81058,0.00,0.00
2018.06.18 10:49:20.857,12.80808,12.81058,0.00,0.00
2018.06.18 10:49:21.344,12.80808,12.81049,0.00,0.00
2018.06.18 10:49:22.127,12.80809,12.81049,0.00,0.00
2018.06.18 10:49:23.424,12.80809,12.81058,0.00,0.00
2018.06.18 10:49:23.475,12.80819,12.81058,0.00,0.00
2018.06.18 10:49:23.558,12.80809,12.81058,0.00,0.00
2018.06.18 10:49:24.166,12.80819,12.81058,0.00,0.00
2018.06.18 10:49:24.229,12.80819,12.81062,0.00,0.00
2018.06.18 10:49:24.774,12.80818,12.81062,0.00,0.00
2018.06.18 10:49:25.239,12.80808,12.81062,0.00,0.00
2018.06.18 10:49:25.290,12.80808,12.81058,0.00,0.00
2018.06.18 10:49:26.096,12.80808,12.81059,0.00,0.00
2018.06.18 10:49:26.436,12.80819,12.81059,0.00,0.00
2018.06.18 10:49:26.486,12.80808,12.81059,0.00,0.00
2018.06.18 10:49:26.579,12.80818,12.81059,0.00,0.00
2018.06.18 10:49:27.144,12.80871,12.81111,0.00,0.00
2018.06.18 10:49:27.754,12.80879,12.81098,0.00,0.00
2018.06.18 10:49:28.684,12.80872,12.81098,0.00,0.00
2018.06.18 10:49:28.735,12.80838,12.81069,0.00,0.00
2018.06.18 10:49:28.786,12.80838,12.81059,0.00,0.00
2018.06.18 10:49:28.837,12.80809,12.81059,0.00,0.00
2018.06.18 10:49:32.542,12.80818,12.81059,0.00,0.00
2018.06.18 10:49:35.770,12.80818,12.81062,0.00,0.00
2018.06.18 10:49:38.750,12.80809,12.81062,0.00,0.00
2018.06.18 10:49:38.801,12.80809,12.81058,0.00,0.00
2018.06.18 10:49:39.367,12.80809,12.81059,0.00,0.00
2018.06.18 10:49:41.743,12.80818,12.81059,0.00,0.00
2018.06.18 10:49:42.772,12.80809,12.81059,0.00,0.00
2018.06.18 10:49:46.056,12.80819,12.81059,0.00,0.00
2018.06.18 10:49:46.359,12.80819,12.81062,0.00,0.00
2018.06.18 10:49:48.587,12.80818,12.81062,0.00,0.00
2018.06.18 10:49:49.155,12.80818,12.81061,0.00,0.00
2018.06.18 10:49:49.324,12.80809,12.81061,0.00,0.00
2018.06.18 10:49:50.097,12.80808,12.81061,0.00,0.00
2018.06.18 10:49:50.148,12.80818,12.81061,0.00,0.00
2018.06.18 10:49:50.314,12.80809,12.81058,0.00,0.00
2018.06.18 10:49:50.365,12.80809,12.81038,0.00,0.00
2018.06.18 10:49:50.976,12.80809,12.81048,0.00,0.00
2018.06.18 10:49:51.635,12.80808,12.81048,0.00,0.00
2018.06.18 10:49:53.149,12.80808,12.81038,0.00,0.00
2018.06.18 10:49:55.464,12.80799,12.81038,0.00,0.00
2018.06.18 10:49:56.679,12.80788,12.81018,0.00,0.00
2018.06.18 10:49:57.081,12.80788,12.80968,0.00,0.00
2018.06.18 10:49:57.232,12.80718,12.80969,0.00,0.00
2018.06.18 10:50:00.090,12.80728,12.80969,0.00,0.00
2018.06.18 10:50:00.597,12.80729,12.80969,0.00,0.00
2018.06.18 10:50:01.051,12.80788,12.81029,0.00,0.00
2018.06.18 10:50:01.657,12.80789,12.81029,0.00,0.00
2018.06.18 10:50:01.708,12.80789,12.80998,0.00,0.00
2018.06.18 10:50:02.036,12.80788,12.81009,0.00,0.00
2018.06.18 10:50:02.137,12.80788,12.81019,0.00,0.00
2018.06.18 10:50:02.703,12.80798,12.81029,0.00,0.00
2018.06.18 10:50:03.905,12.80798,12.81028,0.00,0.00
2018.06.18 10:50:04.222,12.80788,12.81028,0.00,0.00
2018.06.18 10:50:04.560,12.80788,12.80998,0.00,0.00
2018.06.18 10:50:04.657,12.80778,12.80998,0.00,0.00
2018.06.18 10:50:05.026,12.80788,12.80999,0.00,0.00
2018.06.18 10:50:05.499,12.80798,12.81018,0.00,0.00
2018.06.18 10:50:06.108,12.80798,12.81019,0.00,0.00
2018.06.18 10:50:06.665,12.80798,12.81052,0.00,0.00
2018.06.18 10:50:06.863,12.80798,12.81039,0.00,0.00
2018.06.18 10:50:07.432,12.80798,12.81038,0.00,0.00
2018.06.18 10:50:07.763,12.80808,12.81038,0.00,0.00
2018.06.18 10:50:07.816,12.80798,12.81038,0.00,0.00
2018.06.18 10:50:08.819,12.80798,12.81029,0.00,0.00
2018.06.18 10:50:09.413,12.80799,12.81028,0.00,0.00
2018.06.18 10:50:09.578,12.80799,12.81039,0.00,0.00
2018.06.18 10:50:10.223,12.80798,12.81039,0.00,0.00
2018.06.18 10:50:11.520,12.80798,12.81028,0.00,0.00
2018.06.18 10:50:12.909,12.80799,12.81028,0.00,0.00
2018.06.18 10:50:13.553,12.80798,12.81028,0.00,0.00
2018.06.18 10:50:14.054,12.80799,12.81028,0.00,0.00
2018.06.18 10:50:14.191,12.80799,12.81039,0.00,0.00
2018.06.18 10:50:14.242,12.80799,12.81029,0.00,0.00
2018.06.18 10:50:14.751,12.80798,12.81029,0.00,0.00
2018.06.18 10:50:15.304,12.80799,12.81039,0.00,0.00
2018.06.18 10:50:15.837,12.80798,12.81029,0.00,0.00
2018.06.18 10:50:16.101,12.80799,12.81039,0.00,0.00
2018.06.18 10:50:16.169,12.80808,12.81039,0.00,0.00
2018.06.18 10:50:16.471,12.80798,12.81039,0.00,0.00
2018.06.18 10:50:16.521,12.80798,12.81029,0.00,0.00
2018.06.18 10:50:17.067,12.80798,12.81038,0.00,0.00
2018.06.18 10:50:17.169,12.80808,12.81039,0.00,0.00
2018.06.18 10:50:17.264,12.80798,12.81039,0.00,0.00
2018.06.18 10:50:17.600,12.80809,12.81039,0.00,0.00
2018.06.18 10:50:17.651,12.80809,12.81049,0.00,0.00
2018.06.18 10:50:20.793,12.80809,12.81038,0.00,0.00
2018.06.18 10:50:20.844,12.80798,12.81038,0.00,0.00
2018.06.18 10:50:21.069,12.80809,12.81038,0.00,0.00
2018.06.18 10:50:22.060,12.80809,12.81048,0.00,0.00
2018.06.18 10:50:28.008,12.80818,12.81059,0.00,0.00
2018.06.18 10:50:28.165,12.80819,12.81069,0.00,0.00
2018.06.18 10:50:28.266,12.80818,12.81059,0.00,0.00
2018.06.18 10:50:28.943,12.80818,12.81058,0.00,0.00
2018.06.18 10:50:28.994,12.80818,12.81069,0.00,0.00
2018.06.18 10:50:31.473,12.80818,12.81059,0.00,0.00
2018.06.18 10:50:32.220,12.80818,12.81048,0.00,0.00
2018.06.18 10:50:34.957,12.80818,12.81038,0.00,0.00
2018.06.18 10:50:35.971,12.80799,12.81029,0.00,0.00
2018.06.18 10:50:36.633,12.80799,12.81028,0.00,0.00
2018.06.18 10:50:37.188,12.80799,12.81029,0.00,0.00
2018.06.18 10:50:37.729,12.80798,12.81029,0.00,0.00
2018.06.18 10:50:38.106,12.80798,12.81049,0.00,0.00
2018.06.18 10:50:38.156,12.80798,12.81038,0.00,0.00
2018.06.18 10:50:38.951,12.80798,12.81039,0.00,0.00
2018.06.18 10:50:39.769,12.80818,12.81059,0.00,0.00
2018.06.18 10:50:39.921,12.80819,12.81068,0.00,0.00
2018.06.18 10:50:40.571,12.80819,12.81069,0.00,0.00
2018.06.18 10:50:41.249,12.80819,12.81068,0.00,0.00
2018.06.18 10:50:41.920,12.80819,12.81069,0.00,0.00
2018.06.18 10:50:41.970,12.80828,12.81069,0.00,0.00
2018.06.18 10:50:42.021,12.80819,12.81069,0.00,0.00
2018.06.18 10:50:42.122,12.80858,12.81068,0.00,0.00
2018.06.18 10:50:42.172,12.80828,12.81069,0.00,0.00
2018.06.18 10:50:42.508,12.80819,12.81069,0.00,0.00
2018.06.18 10:50:43.238,12.80819,12.81068,0.00,0.00
2018.06.18 10:50:43.719,12.80859,12.81069,0.00,0.00
2018.06.18 10:50:43.849,12.80809,12.81069,0.00,0.00
2018.06.18 10:50:43.900,12.80809,12.81048,0.00,0.00
2018.06.18 10:50:45.389,12.80809,12.81059,0.00,0.00
2018.06.18 10:50:45.769,12.80809,12.81048,0.00,0.00
2018.06.18 10:50:48.125,12.80809,12.81049,0.00,0.00
2018.06.18 10:50:50.276,12.80799,12.81049,0.00,0.00
2018.06.18 10:50:50.375,12.80799,12.81039,0.00,0.00
2018.06.18 10:50:52.839,12.80799,12.81038,0.00,0.00
2018.06.18 10:50:53.647,12.80799,12.81039,0.00,0.00
2018.06.18 10:50:54.187,12.80799,12.81028,0.00,0.00
2018.06.18 10:50:55.108,12.80799,12.81029,0.00,0.00
2018.06.18 10:50:57.190,12.80799,12.81049,0.00,0.00
2018.06.18 10:50:57.245,12.80799,12.81038,0.00,0.00
2018.06.18 10:50:57.644,12.80799,12.81028,0.00,0.00
2018.06.18 10:50:58.303,12.80799,12.81029,0.00,0.00
2018.06.18 10:50:59.403,12.80798,12.81029,0.00,0.00
2018.06.18 10:51:00.099,12.80799,12.81029,0.00,0.00
2018.06.18 10:51:00.796,12.80798,12.81028,0.00,0.00
2018.06.18 10:51:02.236,12.80798,12.81029,0.00,0.00
2018.06.18 10:51:02.646,12.80798,12.81049,0.00,0.00
2018.06.18 10:51:03.352,12.80798,12.81038,0.00,0.00
2018.06.18 10:51:03.703,12.80789,12.81009,0.00,0.00
2018.06.18 10:51:04.099,12.80779,12.80999,0.00,0.00
2018.06.18 10:51:04.247,12.80748,12.80969,0.00,0.00
2018.06.18 10:51:04.760,12.80748,12.80968,0.00,0.00
2018.06.18 10:51:05.420,12.80748,12.80969,0.00,0.00
2018.06.18 10:51:05.803,12.80729,12.80969,0.00,0.00
2018.06.18 10:51:06.618,12.80729,12.80968,0.00,0.00
2018.06.18 10:51:06.669,12.80719,12.80968,0.00,0.00
2018.06.18 10:51:08.030,12.80789,12.80968,0.00,0.00
2018.06.18 10:51:08.081,12.80789,12.81039,0.00,0.00
2018.06.18 10:51:08.182,12.80798,12.81038,0.00,0.00
2018.06.18 10:51:08.771,12.80798,12.81048,0.00,0.00
2018.06.18 10:51:08.822,12.80808,12.81048,0.00,0.00
2018.06.18 10:51:09.386,12.80808,12.81049,0.00,0.00
2018.06.18 10:51:09.436,12.80808,12.81059,0.00,0.00
2018.06.18 10:51:09.690,12.80818,12.81059,0.00,0.00
2018.06.18 10:51:09.741,12.80818,12.81069,0.00,0.00
2018.06.18 10:51:09.792,12.80828,12.81069,0.00,0.00
2018.06.18 10:51:12.302,12.80828,12.81058,0.00,0.00
2018.06.18 10:51:12.353,12.80809,12.81058,0.00,0.00
2018.06.18 10:51:13.478,12.80818,12.81058,0.00,0.00
2018.06.18 10:51:13.529,12.80818,12.81069,0.00,0.00
2018.06.18 10:51:13.966,12.80809,12.81069,0.00,0.00
2018.06.18 10:51:14.111,12.80818,12.81069,0.00,0.00
2018.06.18 10:51:14.583,12.80809,12.81058,0.00,0.00
2018.06.18 10:51:14.815,12.80809,12.81068,0.00,0.00
2018.06.18 10:51:14.866,12.80819,12.81068,0.00,0.00
2018.06.18 10:51:15.382,12.80819,12.81058,0.00,0.00
2018.06.18 10:51:15.780,12.80819,12.81069,0.00,0.00
2018.06.18 10:51:16.426,12.80818,12.81069,0.00,0.00
2018.06.18 10:51:16.580,12.80818,12.81058,0.00,0.00
2018.06.18 10:51:17.180,12.80818,12.81069,0.00,0.00
2018.06.18 10:51:17.695,12.80819,12.81069,0.00,0.00
2018.06.18 10:51:18.119,12.80809,12.81069,0.00,0.00
2018.06.18 10:51:18.170,12.80809,12.81058,0.00,0.00
2018.06.18 10:51:18.663,12.80818,12.81069,0.00,0.00
2018.06.18 10:51:19.350,12.80818,12.81068,0.00,0.00
2018.06.18 10:51:19.573,12.80819,12.81059,0.00,0.00
2018.06.18 10:51:19.738,12.80809,12.81058,0.00,0.00
2018.06.18 10:51:19.834,12.80819,12.81058,0.00,0.00
2018.06.18 10:51:21.808,12.80819,12.81069,0.00,0.00
2018.06.18 10:51:22.320,12.80818,12.81069,0.00,0.00
2018.06.18 10:51:22.966,12.80819,12.81069,0.00,0.00
2018.06.18 10:51:23.643,12.80818,12.81069,0.00,0.00
2018.06.18 10:51:24.531,12.80818,12.81059,0.00,0.00
2018.06.18 10:51:25.100,12.80818,12.81069,0.00,0.00
2018.06.18 10:51:26.518,12.80818,12.81059,0.00,0.00
2018.06.18 10:51:26.569,12.80809,12.81059,0.00,0.00
2018.06.18 10:51:27.592,12.80809,12.81068,0.00,0.00
2018.06.18 10:51:27.643,12.80818,12.81068,0.00,0.00
2018.06.18 10:51:28.006,12.80809,12.81068,0.00,0.00
2018.06.18 10:51:28.057,12.80809,12.81058,0.00,0.00
2018.06.18 10:51:29.633,12.80809,12.81069,0.00,0.00
2018.06.18 10:51:29.729,12.80818,12.81069,0.00,0.00
2018.06.18 10:51:31.299,12.80818,12.81058,0.00,0.00
2018.06.18 10:51:31.432,12.80809,12.81058,0.00,0.00
2018.06.18 10:51:32.991,12.80809,12.81068,0.00,0.00
2018.06.18 10:51:33.042,12.80819,12.81068,0.00,0.00
2018.06.18 10:51:33.391,12.80818,12.81058,0.00,0.00
2018.06.18 10:51:33.735,12.80808,12.81029,0.00,0.00
2018.06.18 10:51:37.128,12.80808,12.81018,0.00,0.00
2018.06.18 10:51:37.179,12.80789,12.81018,0.00,0.00
2018.06.18 10:51:37.512,12.80788,12.80969,0.00,0.00
2018.06.18 10:51:37.639,12.80729,12.80968,0.00,0.00
2018.06.18 10:51:38.166,12.80728,12.80968,0.00,0.00
2018.06.18 10:51:38.500,12.80779,12.80968,0.00,0.00
2018.06.18 10:51:38.551,12.80788,12.81028,0.00,0.00
2018.06.18 10:51:39.190,12.80789,12.81028,0.00,0.00
2018.06.18 10:51:39.331,12.80798,12.81029,0.00,0.00
2018.06.18 10:51:39.432,12.80788,12.81028,0.00,0.00
2018.06.18 10:51:42.113,12.80789,12.81029,0.00,0.00
2018.06.18 10:51:42.164,12.80789,12.81009,0.00,0.00
2018.06.18 10:51:42.328,12.80718,12.80969,0.00,0.00
2018.06.18 10:51:42.379,12.80718,12.80959,0.00,0.00
2018.06.18 10:51:42.492,12.80708,12.80958,0.00,0.00
2018.06.18 10:51:42.663,12.80719,12.80958,0.00,0.00
2018.06.18 10:51:43.205,12.80708,12.80958,0.00,0.00
2018.06.18 10:51:43.351,12.80719,12.80958,0.00,0.00
2018.06.18 10:51:43.786,12.80709,12.80958,0.00,0.00
2018.06.18 10:51:44.517,12.80719,12.80958,0.00,0.00
2018.06.18 10:51:44.568,12.80728,12.80968,0.00,0.00
2018.06.18 10:51:45.231,12.80728,12.80969,0.00,0.00
2018.06.18 10:51:45.724,12.80789,12.80968,0.00,0.00
2018.06.18 10:51:45.775,12.80789,12.81019,0.00,0.00
2018.06.18 10:51:45.825,12.80789,12.80999,0.00,0.00
2018.06.18 10:51:45.926,12.80789,12.81009,0.00,0.00
2018.06.18 10:51:46.279,12.80809,12.81028,0.00,0.00
2018.06.18 10:51:47.027,12.80799,12.81038,0.00,0.00
2018.06.18 10:51:47.078,12.80799,12.81029,0.00,0.00
2018.06.18 10:51:47.612,12.80798,12.81028,0.00,0.00
2018.06.18 10:51:49.567,12.80798,12.81029,0.00,0.00
2018.06.18 10:51:50.091,12.80798,12.81028,0.00,0.00
2018.06.18 10:51:53.895,12.80798,12.81039,0.00,0.00
2018.06.18 10:51:58.496,12.80798,12.81048,0.00,0.00
2018.06.18 10:51:59.453,12.80808,12.81048,0.00,0.00
2018.06.18 10:52:00.130,12.80808,12.81049,0.00,0.00
2018.06.18 10:52:00.181,12.80798,12.81059,0.00,0.00
2018.06.18 10:52:00.282,12.80808,12.81059,0.00,0.00
2018.06.18 10:52:00.631,12.80809,12.81049,0.00,0.00
2018.06.18 10:52:00.732,12.80799,12.81049,0.00,0.00
2018.06.18 10:52:02.187,12.80809,12.81059,0.00,0.00
2018.06.18 10:52:02.796,12.80808,12.81059,0.00,0.00
2018.06.18 10:52:03.858,12.80809,12.81059,0.00,0.00
2018.06.18 10:52:04.844,12.80798,12.81059,0.00,0.00
2018.06.18 10:52:04.895,12.80798,12.81048,0.00,0.00
2018.06.18 10:52:05.364,12.80808,12.81049,0.00,0.00
2018.06.18 10:52:05.488,12.80808,12.81059,0.00,0.00
2018.06.18 10:52:05.860,12.80808,12.81049,0.00,0.00
2018.06.18 10:52:05.911,12.80799,12.81049,0.00,0.00
2018.06.18 10:52:07.656,12.80799,12.81058,0.00,0.00
2018.06.18 10:52:07.707,12.80809,12.81058,0.00,0.00
2018.06.18 10:52:08.099,12.80819,12.81058,0.00,0.00
2018.06.18 10:52:08.346,12.80819,12.81068,0.00,0.00
2018.06.18 10:52:08.872,12.80812,12.81058,0.00,0.00
2018.06.18 10:52:08.922,12.80809,12.81059,0.00,0.00
2018.06.18 10:52:08.973,12.80818,12.81059,0.00,0.00
2018.06.18 10:52:09.190,12.80818,12.81069,0.00,0.00
2018.06.18 10:52:09.919,12.80818,12.81068,0.00,0.00
2018.06.18 10:52:10.697,12.80799,12.81062,0.00,0.00
2018.06.18 10:52:12.206,12.80799,12.81052,0.00,0.00
2018.06.18 10:52:12.359,12.80799,12.81059,0.00,0.00
2018.06.18 10:52:12.479,12.80799,12.81052,0.00,0.00
2018.06.18 10:52:12.631,12.80799,12.81058,0.00,0.00
2018.06.18 10:52:15.737,12.80799,12.81059,0.00,0.00
2018.06.18 10:52:15.814,12.80799,12.81052,0.00,0.00
2018.06.18 10:52:15.995,12.80788,12.81052,0.00,0.00
2018.06.18 10:52:18.383,12.80788,12.81059,0.00,0.00
2018.06.18 10:52:20.471,12.80788,12.81062,0.00,0.00
2018.06.18 10:52:20.972,12.80789,12.81062,0.00,0.00
2018.06.18 10:52:22.171,12.80808,12.81062,0.00,0.00
2018.06.18 10:52:24.244,12.80789,12.81062,0.00,0.00
2018.06.18 10:52:24.295,12.80789,12.81051,0.00,0.00
2018.06.18 10:52:24.633,12.80778,12.81032,0.00,0.00
2018.06.18 10:52:25.058,12.80782,12.81032,0.00,0.00
2018.06.18 10:52:25.270,12.80778,12.81032,0.00,0.00
2018.06.18 10:52:28.579,12.80778,12.81028,0.00,0.00
2018.06.18 10:52:28.882,12.80688,12.80952,0.00,0.00
2018.06.18 10:52:29.473,12.80678,12.80952,0.00,0.00
2018.06.18 10:52:31.643,12.80678,12.80942,0.00,0.00
2018.06.18 10:52:32.357,12.80688,12.80952,0.00,0.00
2018.06.18 10:52:32.858,12.80778,12.81042,0.00,0.00
2018.06.18 10:52:33.569,12.80772,12.81038,0.00,0.00
2018.06.18 10:52:33.620,12.80772,12.81028,0.00,0.00
2018.06.18 10:52:35.255,12.80771,12.81029,0.00,0.00
2018.06.18 10:52:35.480,12.80688,12.80961,0.00,0.00
2018.06.18 10:52:35.532,12.80688,12.80952,0.00,0.00
2018.06.18 10:52:37.146,12.80679,12.80952,0.00,0.00
2018.06.18 10:52:39.079,12.80679,12.80949,0.00,0.00
2018.06.18 10:52:39.396,12.80631,12.80851,0.00,0.00
2018.06.18 10:52:39.447,12.80611,12.80859,0.00,0.00
2018.06.18 10:52:39.497,12.80611,12.80852,0.00,0.00
2018.06.18 10:52:39.548,12.80588,12.80852,0.00,0.00
2018.06.18 10:52:39.768,12.80572,12.80842,0.00,0.00
2018.06.18 10:52:39.869,12.80579,12.80842,0.00,0.00
2018.06.18 10:52:42.157,12.80578,12.80842,0.00,0.00
2018.06.18 10:52:42.208,12.80578,12.80848,0.00,0.00
2018.06.18 10:52:42.284,12.80589,12.80848,0.00,0.00
2018.06.18 10:52:42.491,12.80579,12.80848,0.00,0.00
2018.06.18 10:52:42.630,12.80571,12.80849,0.00,0.00
2018.06.18 10:52:43.679,12.80571,12.80839,0.00,0.00
2018.06.18 10:52:44.418,12.80572,12.80838,0.00,0.00
2018.06.18 10:52:45.532,12.80571,12.80839,0.00,0.00
2018.06.18 10:52:46.048,12.80571,12.80829,0.00,0.00
2018.06.18 10:52:46.682,12.80572,12.80828,0.00,0.00
2018.06.18 10:52:47.027,12.80572,12.80818,0.00,0.00
2018.06.18 10:52:48.756,12.80571,12.80819,0.00,0.00
2018.06.18 10:52:49.225,12.80568,12.80819,0.00,0.00
2018.06.18 10:52:49.509,12.80568,12.80829,0.00,0.00
2018.06.18 10:52:49.560,12.80568,12.80812,0.00,0.00
2018.06.18 10:52:49.611,12.80548,12.80811,0.00,0.00
2018.06.18 10:52:49.662,12.80538,12.80781,0.00,0.00
2018.06.18 10:52:50.506,12.80548,12.80781,0.00,0.00
2018.06.18 10:52:50.608,12.80649,12.80902,0.00,0.00
2018.06.18 10:52:50.659,12.80658,12.80902,0.00,0.00
2018.06.18 10:52:50.760,12.80658,12.80912,0.00,0.00
2018.06.18 10:52:51.220,12.80648,12.80912,0.00,0.00
2018.06.18 10:52:51.321,12.80659,12.80912,0.00,0.00
2018.06.18 10:52:52.852,12.80648,12.80912,0.00,0.00
2018.06.18 10:52:53.068,12.80658,12.80912,0.00,0.00
2018.06.18 10:52:53.602,12.80668,12.80912,0.00,0.00
2018.06.18 10:52:54.118,12.80658,12.80912,0.00,0.00
2018.06.18 10:52:54.244,12.80669,12.80912,0.00,0.00
2018.06.18 10:52:55.127,12.80659,12.80912,0.00,0.00
2018.06.18 10:52:55.254,12.80649,12.80912,0.00,0.00
2018.06.18 10:52:55.878,12.80658,12.80912,0.00,0.00
2018.06.18 10:52:57.214,12.80749,12.80962,0.00,0.00
2018.06.18 10:52:57.316,12.80749,12.81001,0.00,0.00
2018.06.18 10:53:00.696,12.80738,12.81002,0.00,0.00
2018.06.18 10:53:00.797,12.80681,12.80941,0.00,0.00
2018.06.18 10:53:00.848,12.80669,12.80941,0.00,0.00
2018.06.18 10:53:00.950,12.80679,12.80941,0.00,0.00
2018.06.18 10:53:01.252,12.80711,12.80952,0.00,0.00
2018.06.18 10:53:01.303,12.80689,12.80952,0.00,0.00
2018.06.18 10:53:01.468,12.80718,12.80952,0.00,0.00
2018.06.18 10:53:01.518,12.80728,12.80998,0.00,0.00
2018.06.18 10:53:01.593,12.80739,12.80998,0.00,0.00
2018.06.18 10:53:01.904,12.80699,12.80942,0.00,0.00
2018.06.18 10:53:02.005,12.80678,12.80942,0.00,0.00
2018.06.18 10:53:02.578,12.80702,12.80942,0.00,0.00
2018.06.18 10:53:02.738,12.80709,12.80991,0.00,0.00
2018.06.18 10:53:02.839,12.80709,12.80981,0.00,0.00
2018.06.18 10:53:03.291,12.80679,12.80941,0.00,0.00
2018.06.18 10:53:03.595,12.80669,12.80942,0.00,0.00
2018.06.18 10:53:04.658,12.80701,12.80942,0.00,0.00
2018.06.18 10:53:04.760,12.80669,12.80942,0.00,0.00
2018.06.18 10:53:04.861,12.80701,12.80942,0.00,0.00
2018.06.18 10:53:04.911,12.80668,12.80942,0.00,0.00
2018.06.18 10:53:04.968,12.80692,12.80942,0.00,0.00
2018.06.18 10:53:05.069,12.80668,12.80942,0.00,0.00
2018.06.18 10:53:05.171,12.80691,12.80942,0.00,0.00
2018.06.18 10:53:05.222,12.80668,12.80942,0.00,0.00
2018.06.18 10:53:05.428,12.80669,12.80931,0.00,0.00
2018.06.18 10:53:05.529,12.80659,12.80932,0.00,0.00
2018.06.18 10:53:05.579,12.80671,12.80932,0.00,0.00
2018.06.18 10:53:05.630,12.80658,12.80932,0.00,0.00
2018.06.18 10:53:05.831,12.80681,12.80941,0.00,0.00
2018.06.18 10:53:06.135,12.80678,12.80942,0.00,0.00
2018.06.18 10:53:06.236,12.80711,12.80951,0.00,0.00
2018.06.18 10:53:06.286,12.80708,12.80969,0.00,0.00
2018.06.18 10:53:06.337,12.80728,12.80969,0.00,0.00
2018.06.18 10:53:06.500,12.80692,12.80952,0.00,0.00
2018.06.18 10:53:06.551,12.80678,12.80952,0.00,0.00
2018.06.18 10:53:06.700,12.80709,12.80969,0.00,0.00
2018.06.18 10:53:06.750,12.80681,12.80952,0.00,0.00
2018.06.18 10:53:06.801,12.80711,12.80952,0.00,0.00
2018.06.18 10:53:06.852,12.80711,12.80969,0.00,0.00
2018.06.18 10:53:06.953,12.80698,12.80968,0.00,0.00
2018.06.18 10:53:07.013,12.80679,12.80941,0.00,0.00
2018.06.18 10:53:07.258,12.80699,12.80969,0.00,0.00
2018.06.18 10:53:07.360,12.80682,12.80941,0.00,0.00
2018.06.18 10:53:07.411,12.80679,12.80941,0.00,0.00
2018.06.18 10:53:07.462,12.80712,12.80941,0.00,0.00
2018.06.18 10:53:07.512,12.80691,12.80942,0.00,0.00
2018.06.18 10:53:07.589,12.80698,12.80969,0.00,0.00
2018.06.18 10:53:08.528,12.80689,12.80969,0.00,0.00
2018.06.18 10:53:08.799,12.80681,12.80942,0.00,0.00
2018.06.18 10:53:08.849,12.80668,12.80942,0.00,0.00
2018.06.18 10:53:09.040,12.80658,12.80931,0.00,0.00
2018.06.18 10:53:09.356,12.80658,12.80922,0.00,0.00
2018.06.18 10:53:10.110,12.80648,12.80922,0.00,0.00
2018.06.18 10:53:12.246,12.80648,12.80911,0.00,0.00
2018.06.18 10:53:13.351,12.80648,12.80921,0.00,0.00
2018.06.18 10:53:13.596,12.80659,12.80922,0.00,0.00
2018.06.18 10:53:14.173,12.80648,12.80922,0.00,0.00
2018.06.18 10:53:14.359,12.80658,12.80922,0.00,0.00
2018.06.18 10:53:14.410,12.80658,12.80932,0.00,0.00
2018.06.18 10:53:15.089,12.80659,12.80932,0.00,0.00
2018.06.18 10:53:15.143,12.80659,12.80941,0.00,0.00
2018.06.18 10:53:15.353,12.80692,12.80941,0.00,0.00
2018.06.18 10:53:15.620,12.80668,12.80932,0.00,0.00
2018.06.18 10:53:15.671,12.80692,12.80932,0.00,0.00
2018.06.18 10:53:15.795,12.80691,12.80942,0.00,0.00
2018.06.18 10:53:18.919,12.80688,12.80941,0.00,0.00
2018.06.18 10:53:19.633,12.80688,12.80942,0.00,0.00
2018.06.18 10:53:19.912,12.80711,12.80942,0.00,0.00
2018.06.18 10:53:19.963,12.80749,12.81011,0.00,0.00
2018.06.18 10:53:20.675,12.80748,12.81021,0.00,0.00
2018.06.18 10:53:20.727,12.80758,12.81032,0.00,0.00
2018.06.18 10:53:20.828,12.80749,12.81032,0.00,0.00
2018.06.18 10:53:20.948,12.80759,12.81032,0.00,0.00
2018.06.18 10:53:21.287,12.80758,12.81021,0.00,0.00
2018.06.18 10:53:21.946,12.80759,12.81021,0.00,0.00
2018.06.18 10:53:23.229,12.80759,12.81012,0.00,0.00
2018.06.18 10:53:23.920,12.80759,12.81021,0.00,0.00
2018.06.18 10:53:23.970,12.80761,12.81022,0.00,0.00
2018.06.18 10:53:24.021,12.80758,12.81022,0.00,0.00
2018.06.18 10:53:24.072,12.80758,12.81032,0.00,0.00
2018.06.18 10:53:24.247,12.80782,12.81041,0.00,0.00
2018.06.18 10:53:24.411,12.80778,12.81041,0.00,0.00
2018.06.18 10:53:26.672,12.80779,12.81041,0.00,0.00
2018.06.18 10:53:27.192,12.80811,12.81041,0.00,0.00
2018.06.18 10:53:27.242,12.80828,12.81068,0.00,0.00
2018.06.18 10:53:27.351,12.80799,12.81069,0.00,0.00
2018.06.18 10:53:27.402,12.80799,12.81072,0.00,0.00
2018.06.18 10:53:27.453,12.80808,12.81072,0.00,0.00
2018.06.18 10:53:29.530,12.80808,12.81071,0.00,0.00
2018.06.18 10:53:30.113,12.80808,12.81072,0.00,0.00
2018.06.18 10:53:30.580,12.80819,12.81072,0.00,0.00
2018.06.18 10:53:30.632,12.80838,12.81101,0.00,0.00
2018.06.18 10:53:31.074,12.80838,12.81112,0.00,0.00
2018.06.18 10:53:32.140,12.80839,12.81121,0.00,0.00
2018.06.18 10:53:32.813,12.80839,12.81111,0.00,0.00
2018.06.18 10:53:34.541,12.80851,12.81111,0.00,0.00
2018.06.18 10:53:34.591,12.80858,12.81122,0.00,0.00
2018.06.18 10:53:35.128,12.80859,12.81131,0.00,0.00
2018.06.18 10:53:38.095,12.80879,12.81131,0.00,0.00
2018.06.18 10:53:40.564,12.80878,12.81141,0.00,0.00
2018.06.18 10:53:43.788,12.80878,12.81131,0.00,0.00
2018.06.18 10:53:46.829,12.80882,12.81131,0.00,0.00
2018.06.18 10:53:46.930,12.80878,12.81142,0.00,0.00
2018.06.18 10:53:47.849,12.80881,12.81142,0.00,0.00
2018.06.18 10:53:49.672,12.80928,12.81161,0.00,0.00
2018.06.18 10:53:49.787,12.80912,12.81161,0.00,0.00
2018.06.18 10:53:50.070,12.80909,12.81161,0.00,0.00
2018.06.18 10:53:51.032,12.80909,12.81142,0.00,0.00
2018.06.18 10:53:51.083,12.80888,12.81142,0.00,0.00
2018.06.18 10:53:52.880,12.80911,12.81142,0.00,0.00
2018.06.18 10:53:52.931,12.80938,12.81192,0.00,0.00
2018.06.18 10:53:53.698,12.80939,12.81192,0.00,0.00
2018.06.18 10:53:53.750,12.80939,12.81202,0.00,0.00
2018.06.18 10:53:54.524,12.80949,12.81202,0.00,0.00
2018.06.18 10:53:54.574,12.80949,12.81212,0.00,0.00
2018.06.18 10:53:54.744,12.80938,12.81212,0.00,0.00
2018.06.18 10:53:55.091,12.80949,12.81212,0.00,0.00
2018.06.18 10:53:55.585,12.80958,12.81212,0.00,0.00
2018.06.18 10:53:57.251,12.80958,12.81182,0.00,0.00
2018.06.18 10:53:57.376,12.80868,12.81142,0.00,0.00
2018.06.18 10:53:57.427,12.80868,12.81122,0.00,0.00
2018.06.18 10:53:59.916,12.80868,12.81131,0.00,0.00
2018.06.18 10:53:59.968,12.80938,12.81171,0.00,0.00
2018.06.18 10:54:00.019,12.80938,12.81182,0.00,0.00
2018.06.18 10:54:00.170,12.80938,12.81192,0.00,0.00
2018.06.18 10:54:03.458,12.80938,12.81212,0.00,0.00
2018.06.18 10:54:03.509,12.80951,12.81212,0.00,0.00
2018.06.18 10:54:03.560,12.80948,12.81212,0.00,0.00
2018.06.18 10:54:04.522,12.80958,12.81212,0.00,0.00
2018.06.18 10:54:04.573,12.80958,12.81222,0.00,0.00
2018.06.18 10:54:05.596,12.80959,12.81232,0.00,0.00
2018.06.18 10:54:06.785,12.80958,12.81222,0.00,0.00
2018.06.18 10:54:07.449,12.80948,12.81222,0.00,0.00
2018.06.18 10:54:07.500,12.80948,12.81212,0.00,0.00
2018.06.18 10:54:07.844,12.80928,12.81171,0.00,0.00
2018.06.18 10:54:09.194,12.80921,12.81171,0.00,0.00
2018.06.18 10:54:09.245,12.80888,12.81131,0.00,0.00
2018.06.18 10:54:09.346,12.80882,12.81131,0.00,0.00
2018.06.18 10:54:09.499,12.80858,12.81112,0.00,0.00
2018.06.18 10:54:09.601,12.80839,12.81098,0.00,0.00
2018.06.18 10:54:09.652,12.80822,12.81092,0.00,0.00
2018.06.18 10:54:11.180,12.80821,12.81092,0.00,0.00
2018.06.18 10:54:12.198,12.80821,12.81089,0.00,0.00
2018.06.18 10:54:12.510,12.80821,12.81082,0.00,0.00
2018.06.18 10:54:13.341,12.80822,12.81082,0.00,0.00
2018.06.18 10:54:14.129,12.80821,12.81082,0.00,0.00
2018.06.18 10:54:16.289,12.80822,12.81082,0.00,0.00
2018.06.18 10:54:16.899,12.80822,12.81072,0.00,0.00
2018.06.18 10:54:17.321,12.80822,12.81082,0.00,0.00
2018.06.18 10:54:18.038,12.80822,12.81071,0.00,0.00
2018.06.18 10:54:18.139,12.80821,12.81082,0.00,0.00
2018.06.18 10:54:18.553,12.80822,12.81072,0.00,0.00
2018.06.18 10:54:19.306,12.80821,12.81072,0.00,0.00
2018.06.18 10:54:19.539,12.80821,12.81081,0.00,0.00
2018.06.18 10:54:19.841,12.80821,12.81072,0.00,0.00
2018.06.18 10:54:20.730,12.80821,12.81081,0.00,0.00
2018.06.18 10:54:20.781,12.80821,12.81062,0.00,0.00
2018.06.18 10:54:20.831,12.80821,12.81072,0.00,0.00
2018.06.18 10:54:22.375,12.80822,12.81072,0.00,0.00
2018.06.18 10:54:23.002,12.80821,12.81072,0.00,0.00
2018.06.18 10:54:23.254,12.80821,12.81082,0.00,0.00
2018.06.18 10:54:23.305,12.80912,12.81152,0.00,0.00
2018.06.18 10:54:24.786,12.80912,12.81171,0.00,0.00
2018.06.18 10:54:24.837,12.80921,12.81171,0.00,0.00
2018.06.18 10:54:26.057,12.80921,12.81172,0.00,0.00
2018.06.18 10:54:29.110,12.80922,12.81172,0.00,0.00
2018.06.18 10:54:31.289,12.80921,12.81172,0.00,0.00
2018.06.18 10:54:33.717,12.80922,12.81172,0.00,0.00
2018.06.18 10:54:38.277,12.80922,12.81171,0.00,0.00
2018.06.18 10:54:38.686,12.80888,12.81088,0.00,0.00
2018.06.18 10:54:38.872,12.80821,12.81081,0.00,0.00
2018.06.18 10:54:39.537,12.80822,12.81081,0.00,0.00
2018.06.18 10:54:40.248,12.80861,12.81082,0.00,0.00
2018.06.18 10:54:40.298,12.80829,12.81082,0.00,0.00
2018.06.18 10:54:56.569,12.80802,12.81028,0.00,0.00
2018.06.18 10:54:56.620,12.80729,12.80989,0.00,0.00
2018.06.18 10:54:57.227,12.80729,12.80988,0.00,0.00
2018.06.18 10:54:58.616,12.80728,12.80988,0.00,0.00
2018.06.18 10:54:58.667,12.80721,12.80989,0.00,0.00
2018.06.18 10:55:01.895,12.80728,12.80989,0.00,0.00
2018.06.18 10:55:02.182,12.80721,12.80989,0.00,0.00
2018.06.18 10:55:04.492,12.80729,12.80989,0.00,0.00
2018.06.18 10:55:04.801,12.80781,12.81029,0.00,0.00
2018.06.18 10:55:04.976,12.80738,12.81009,0.00,0.00
2018.06.18 10:55:05.421,12.80781,12.81009,0.00,0.00
2018.06.18 10:55:05.471,12.80781,12.81029,0.00,0.00
2018.06.18 10:55:06.112,12.80738,12.80999,0.00,0.00
2018.06.18 10:55:06.194,12.80728,12.80999,0.00,0.00
2018.06.18 10:55:06.599,12.80728,12.80989,0.00,0.00
2018.06.18 10:55:06.764,12.80721,12.80989,0.00,0.00
2018.06.18 10:55:06.814,12.80721,12.80982,0.00,0.00
2018.06.18 10:55:07.131,12.80728,12.80982,0.00,0.00
2018.06.18 10:55:07.285,12.80721,12.80982,0.00,0.00
2018.06.18 10:55:08.977,12.80728,12.80982,0.00,0.00
2018.06.18 10:55:10.807,12.80722,12.80982,0.00,0.00
2018.06.18 10:55:11.408,12.80721,12.80979,0.00,0.00
2018.06.18 10:55:15.536,12.80708,12.80931,0.00,0.00
2018.06.18 10:55:15.587,12.80708,12.80952,0.00,0.00
2018.06.18 10:55:15.638,12.80682,12.80898,0.00,0.00
2018.06.18 10:55:15.725,12.80638,12.80898,0.00,0.00
2018.06.18 10:55:15.776,12.80628,12.80891,0.00,0.00
2018.06.18 10:55:16.797,12.80639,12.80891,0.00,0.00
2018.06.18 10:55:17.536,12.80629,12.80891,0.00,0.00
2018.06.18 10:55:18.133,12.80628,12.80891,0.00,0.00
2018.06.18 10:55:18.293,12.80638,12.80891,0.00,0.00
2018.06.18 10:55:18.419,12.80629,12.80891,0.00,0.00
2018.06.18 10:55:19.776,12.80622,12.80891,0.00,0.00
2018.06.18 10:55:19.956,12.80629,12.80891,0.00,0.00
2018.06.18 10:55:21.177,12.80639,12.80891,0.00,0.00
2018.06.18 10:55:21.269,12.80629,12.80891,0.00,0.00
2018.06.18 10:55:24.027,12.80711,12.80909,0.00,0.00
2018.06.18 10:55:24.129,12.80638,12.80891,0.00,0.00
2018.06.18 10:55:24.180,12.80621,12.80891,0.00,0.00
2018.06.18 10:55:25.002,12.80671,12.80892,0.00,0.00
2018.06.18 10:55:25.103,12.80639,12.80892,0.00,0.00
2018.06.18 10:55:25.154,12.80721,12.80942,0.00,0.00
2018.06.18 10:55:25.205,12.80722,12.80962,0.00,0.00
2018.06.18 10:55:25.404,12.80721,12.80942,0.00,0.00
2018.06.18 10:55:25.589,12.80681,12.80929,0.00,0.00
2018.06.18 10:55:25.839,12.80712,12.80931,0.00,0.00
2018.06.18 10:55:25.940,12.80721,12.80951,0.00,0.00
2018.06.18 10:55:27.109,12.80722,12.80971,0.00,0.00
2018.06.18 10:55:28.628,12.80721,12.80971,0.00,0.00
2018.06.18 10:55:31.090,12.80722,12.80971,0.00,0.00
2018.06.18 10:55:31.594,12.80721,12.80971,0.00,0.00
2018.06.18 10:55:33.653,12.80722,12.80971,0.00,0.00
2018.06.18 10:55:35.096,12.80721,12.80971,0.00,0.00
2018.06.18 10:55:35.147,12.80748,12.80979,0.00,0.00
2018.06.18 10:55:35.306,12.80821,12.81072,0.00,0.00
2018.06.18 10:55:36.130,12.80822,12.81072,0.00,0.00
2018.06.18 10:55:37.284,12.80821,12.81072,0.00,0.00
2018.06.18 10:55:39.057,12.80822,12.81072,0.00,0.00
2018.06.18 10:55:39.265,12.80829,12.81072,0.00,0.00
2018.06.18 10:55:39.774,12.80822,12.81072,0.00,0.00
2018.06.18 10:55:41.241,12.80821,12.81072,0.00,0.00
2018.06.18 10:55:41.291,12.80829,12.81072,0.00,0.00
2018.06.18 10:55:41.342,12.80829,12.81082,0.00,0.00
2018.06.18 10:55:42.388,12.80822,12.81082,0.00,0.00
2018.06.18 10:55:42.514,12.80828,12.81082,0.00,0.00
2018.06.18 10:55:43.831,12.80828,12.81091,0.00,0.00
2018.06.18 10:55:43.999,12.80901,12.81092,0.00,0.00
2018.06.18 10:55:44.049,12.80881,12.81092,0.00,0.00
2018.06.18 10:55:46.879,12.80901,12.81092,0.00,0.00
2018.06.18 10:55:47.031,12.80921,12.81172,0.00,0.00
2018.06.18 10:55:48.787,12.80922,12.81172,0.00,0.00
2018.06.18 10:55:51.100,12.80921,12.81172,0.00,0.00
2018.06.18 10:55:54.307,12.80922,12.81172,0.00,0.00
2018.06.18 10:55:55.556,12.80921,12.81172,0.00,0.00
2018.06.18 10:55:56.893,12.80922,12.81172,0.00,0.00
2018.06.18 10:55:58.542,12.80921,12.81172,0.00,0.00
2018.06.18 10:56:00.132,12.80921,12.81171,0.00,0.00
2018.06.18 10:56:00.600,12.80922,12.81151,0.00,0.00
2018.06.18 10:56:00.651,12.80829,12.81102,0.00,0.00
2018.06.18 10:56:00.701,12.80829,12.81092,0.00,0.00
2018.06.18 10:56:01.096,12.80882,12.81102,0.00,0.00
2018.06.18 10:56:01.615,12.80881,12.81102,0.00,0.00
2018.06.18 10:56:02.653,12.80828,12.81092,0.00,0.00
2018.06.18 10:56:05.216,12.80829,12.81092,0.00,0.00
2018.06.18 10:56:05.936,12.80828,12.81092,0.00,0.00
2018.06.18 10:56:06.595,12.80828,12.81091,0.00,0.00
2018.06.18 10:56:07.260,12.80828,12.81092,0.00,0.00
2018.06.18 10:56:09.430,12.80821,12.81082,0.00,0.00
2018.06.18 10:56:13.285,12.80821,12.81072,0.00,0.00
2018.06.18 10:56:13.860,12.80822,12.81072,0.00,0.00
2018.06.18 10:56:16.106,12.80861,12.81082,0.00,0.00
2018.06.18 10:56:16.221,12.80821,12.81072,0.00,0.00
2018.06.18 10:56:21.119,12.80822,12.81072,0.00,0.00
2018.06.18 10:56:21.791,12.80821,12.81072,0.00,0.00
2018.06.18 10:56:26.883,12.80821,12.81071,0.00,0.00
2018.06.18 10:56:27.542,12.80821,12.81012,0.00,0.00
2018.06.18 10:56:27.593,12.80781,12.81012,0.00,0.00
2018.06.18 10:56:27.699,12.80781,12.81002,0.00,0.00
2018.06.18 10:56:27.750,12.80738,12.80992,0.00,0.00
2018.06.18 10:56:28.327,12.80728,12.80992,0.00,0.00
2018.06.18 10:56:31.713,12.80728,12.81002,0.00,0.00
2018.06.18 10:56:31.765,12.80811,12.81061,0.00,0.00
2018.06.18 10:56:32.086,12.80822,12.81061,0.00,0.00
2018.06.18 10:56:34.106,12.80821,12.81061,0.00,0.00
2018.06.18 10:56:35.929,12.80821,12.81072,0.00,0.00
2018.06.18 10:56:35.980,12.80829,12.81081,0.00,0.00
2018.06.18 10:56:36.330,12.80882,12.81101,0.00,0.00
2018.06.18 10:56:36.707,12.80882,12.81082,0.00,0.00
2018.06.18 10:56:37.240,12.80829,12.81082,0.00,0.00
2018.06.18 10:56:41.253,12.80822,12.81081,0.00,0.00
2018.06.18 10:56:43.377,12.80821,12.81081,0.00,0.00
2018.06.18 10:56:43.475,12.80829,12.81081,0.00,0.00
2018.06.18 10:56:46.529,12.80828,12.81081,0.00,0.00
2018.06.18 10:56:49.108,12.80822,12.81081,0.00,0.00
2018.06.18 10:56:49.617,12.80821,12.81081,0.00,0.00
2018.06.18 10:56:49.878,12.80829,12.81081,0.00,0.00
2018.06.18 10:56:49.984,12.80821,12.81082,0.00,0.00
2018.06.18 10:56:50.422,12.80821,12.81072,0.00,0.00
2018.06.18 10:56:50.472,12.80729,12.80992,0.00,0.00
2018.06.18 10:56:51.243,12.80738,12.80992,0.00,0.00
2018.06.18 10:56:52.879,12.80728,12.80992,0.00,0.00
2018.06.18 10:56:59.063,12.80729,12.80992,0.00,0.00
2018.06.18 10:56:59.896,12.80738,12.81002,0.00,0.00
2018.06.18 10:57:00.214,12.80728,12.81001,0.00,0.00
2018.06.18 10:57:03.041,12.80729,12.81001,0.00,0.00
2018.06.18 10:57:03.114,12.80738,12.81001,0.00,0.00
2018.06.18 10:57:03.877,12.80728,12.81001,0.00,0.00
2018.06.18 10:57:04.004,12.80739,12.81001,0.00,0.00
2018.06.18 10:57:04.532,12.80738,12.81001,0.00,0.00
2018.06.18 10:57:05.759,12.80729,12.81001,0.00,0.00
2018.06.18 10:57:09.330,12.80728,12.81001,0.00,0.00
2018.06.18 10:57:09.512,12.80771,12.80981,0.00,0.00
2018.06.18 10:57:09.563,12.80722,12.80981,0.00,0.00
2018.06.18 10:57:09.614,12.80728,12.80981,0.00,0.00
2018.06.18 10:57:09.929,12.80791,12.81002,0.00,0.00
2018.06.18 10:57:10.299,12.80728,12.80991,0.00,0.00
2018.06.18 10:57:14.590,12.80792,12.81001,0.00,0.00
2018.06.18 10:57:14.742,12.80739,12.80991,0.00,0.00
2018.06.18 10:57:15.099,12.80792,12.81001,0.00,0.00
2018.06.18 10:57:15.150,12.80739,12.81001,0.00,0.00
2018.06.18 10:57:17.715,12.80739,12.81011,0.00,0.00
2018.06.18 10:57:17.770,12.80781,12.81032,0.00,0.00
2018.06.18 10:57:17.872,12.80798,12.81071,0.00,0.00
2018.06.18 10:57:17.926,12.80812,12.81071,0.00,0.00
2018.06.18 10:57:18.380,12.80821,12.81071,0.00,0.00
2018.06.18 10:57:19.068,12.80822,12.81071,0.00,0.00
2018.06.18 10:57:23.593,12.80821,12.81071,0.00,0.00
2018.06.18 10:57:24.074,12.80829,12.81082,0.00,0.00
2018.06.18 10:57:26.382,12.80828,12.81082,0.00,0.00
2018.06.18 10:57:26.994,12.80829,12.81082,0.00,0.00
2018.06.18 10:57:29.363,12.80839,12.81082,0.00,0.00
2018.06.18 10:57:30.164,12.80838,12.81082,0.00,0.00
2018.06.18 10:57:30.626,12.80852,12.81082,0.00,0.00
2018.06.18 10:57:30.802,12.80838,12.81082,0.00,0.00
2018.06.18 10:57:30.853,12.80829,12.81082,0.00,0.00
2018.06.18 10:57:31.047,12.80821,12.81082,0.00,0.00
2018.06.18 10:57:31.103,12.80828,12.81082,0.00,0.00
2018.06.18 10:57:31.224,12.80822,12.81082,0.00,0.00
2018.06.18 10:57:31.376,12.80828,12.81082,0.00,0.00
2018.06.18 10:57:31.931,12.80821,12.81082,0.00,0.00
2018.06.18 10:57:34.407,12.80828,12.81082,0.00,0.00
2018.06.18 10:57:34.548,12.80821,12.81082,0.00,0.00
2018.06.18 10:57:34.661,12.80829,12.81082,0.00,0.00
2018.06.18 10:57:41.073,12.80821,12.81082,0.00,0.00
2018.06.18 10:57:42.940,12.80829,12.81082,0.00,0.00
2018.06.18 10:57:43.414,12.80822,12.81082,0.00,0.00
2018.06.18 10:57:46.250,12.80822,12.81081,0.00,0.00
2018.06.18 10:57:46.856,12.80821,12.81081,0.00,0.00
2018.06.18 10:57:47.425,12.80822,12.81081,0.00,0.00
2018.06.18 10:57:49.461,12.80821,12.81081,0.00,0.00
2018.06.18 10:57:49.762,12.80828,12.81081,0.00,0.00
2018.06.18 10:57:50.158,12.80821,12.81081,0.00,0.00
2018.06.18 10:57:50.717,12.80822,12.81081,0.00,0.00
2018.06.18 10:57:53.028,12.80821,12.81081,0.00,0.00
2018.06.18 10:57:56.947,12.80821,12.81072,0.00,0.00
2018.06.18 10:57:57.258,12.80929,12.81182,0.00,0.00
2018.06.18 10:57:58.308,12.80921,12.81182,0.00,0.00
2018.06.18 10:57:59.515,12.80922,12.81182,0.00,0.00
2018.06.18 10:57:59.677,12.80928,12.81182,0.00,0.00
2018.06.18 10:57:59.920,12.80921,12.81182,0.00,0.00
2018.06.18 10:58:01.329,12.80922,12.81182,0.00,0.00
2018.06.18 10:58:01.595,12.80908,12.81122,0.00,0.00
2018.06.18 10:58:01.697,12.80838,12.81091,0.00,0.00
2018.06.18 10:58:04.301,12.80881,12.81102,0.00,0.00
2018.06.18 10:58:04.452,12.80838,12.81102,0.00,0.00
2018.06.18 10:58:05.150,12.80882,12.81102,0.00,0.00
2018.06.18 10:58:05.276,12.80838,12.81102,0.00,0.00
2018.06.18 10:58:08.058,12.80912,12.81151,0.00,0.00
2018.06.18 10:58:08.109,12.80921,12.81162,0.00,0.00
2018.06.18 10:58:08.536,12.80908,12.81111,0.00,0.00
2018.06.18 10:58:08.587,12.80839,12.81111,0.00,0.00
2018.06.18 10:58:08.638,12.80839,12.81092,0.00,0.00
2018.06.18 10:58:10.996,12.80831,12.81092,0.00,0.00
2018.06.18 10:58:11.560,12.80839,12.81092,0.00,0.00
2018.06.18 10:58:11.712,12.80822,12.81091,0.00,0.00
2018.06.18 10:58:12.003,12.80828,12.81091,0.00,0.00
2018.06.18 10:58:13.164,12.80838,12.81091,0.00,0.00
2018.06.18 10:58:13.240,12.80828,12.81091,0.00,0.00
2018.06.18 10:58:13.360,12.80911,12.81112,0.00,0.00
2018.06.18 10:58:13.411,12.80928,12.81182,0.00,0.00
2018.06.18 10:58:13.523,12.80929,12.81191,0.00,0.00
2018.06.18 10:58:16.051,12.80928,12.81192,0.00,0.00
2018.06.18 10:58:16.613,12.80928,12.81191,0.00,0.00
2018.06.18 10:58:16.910,12.80929,12.81182,0.00,0.00
2018.06.18 10:58:16.989,12.80921,12.81182,0.00,0.00
2018.06.18 10:58:17.814,12.80929,12.81182,0.00,0.00
2018.06.18 10:58:21.566,12.80928,12.81182,0.00,0.00
2018.06.18 10:58:26.552,12.80922,12.81182,0.00,0.00
2018.06.18 10:58:27.268,12.80929,12.81182,0.00,0.00
2018.06.18 10:58:27.966,12.80928,12.81182,0.00,0.00
2018.06.18 10:58:30.062,12.80938,12.81182,0.00,0.00
2018.06.18 10:58:30.191,12.80938,12.81191,0.00,0.00
2018.06.18 10:58:30.777,12.80928,12.81191,0.00,0.00
2018.06.18 10:58:32.396,12.80971,12.81191,0.00,0.00
2018.06.18 10:58:32.726,12.80939,12.81191,0.00,0.00
2018.06.18 10:58:34.378,12.80929,12.81191,0.00,0.00
2018.06.18 10:58:34.479,12.80938,12.81191,0.00,0.00
2018.06.18 10:58:35.224,12.80928,12.81191,0.00,0.00
2018.06.18 10:58:35.369,12.80922,12.81191,0.00,0.00
2018.06.18 10:58:35.440,12.80922,12.81181,0.00,0.00
2018.06.18 10:58:35.892,12.80928,12.81181,0.00,0.00
2018.06.18 10:58:36.027,12.80921,12.81181,0.00,0.00
2018.06.18 10:58:36.555,12.80922,12.81181,0.00,0.00
2018.06.18 10:58:36.606,12.80929,12.81181,0.00,0.00
2018.06.18 10:58:36.656,12.80922,12.81181,0.00,0.00
2018.06.18 10:58:37.156,12.80928,12.81181,0.00,0.00
2018.06.18 10:58:38.099,12.80922,12.81181,0.00,0.00
2018.06.18 10:58:38.204,12.80929,12.81181,0.00,0.00
2018.06.18 10:58:38.948,12.80928,12.81181,0.00,0.00
2018.06.18 10:58:39.508,12.80982,12.81181,0.00,0.00
2018.06.18 10:58:39.559,12.80938,12.81192,0.00,0.00
2018.06.18 10:58:39.660,12.80981,12.81192,0.00,0.00
2018.06.18 10:58:39.725,12.80938,12.81192,0.00,0.00
2018.06.18 10:58:39.836,12.80928,12.81192,0.00,0.00
2018.06.18 10:58:44.320,12.80929,12.81192,0.00,0.00
2018.06.18 10:58:44.420,12.80939,12.81192,0.00,0.00
2018.06.18 10:58:46.172,12.80938,12.81192,0.00,0.00
2018.06.18 10:58:46.909,12.80982,12.81192,0.00,0.00
2018.06.18 10:58:47.167,12.80988,12.81202,0.00,0.00
2018.06.18 10:58:47.218,12.80939,12.81221,0.00,0.00
2018.06.18 10:58:47.269,12.80939,12.81202,0.00,0.00
2018.06.18 10:58:48.642,12.80989,12.81202,0.00,0.00
2018.06.18 10:58:48.693,12.81012,12.81271,0.00,0.00
2018.06.18 10:58:48.754,12.81022,12.81271,0.00,0.00
2018.06.18 10:58:52.958,12.81021,12.81271,0.00,0.00
2018.06.18 10:58:53.898,12.81022,12.81271,0.00,0.00
2018.06.18 10:58:59.260,12.81021,12.81271,0.00,0.00
2018.06.18 10:59:00.169,12.81022,12.81271,0.00,0.00
2018.06.18 10:59:00.817,12.81021,12.81271,0.00,0.00
2018.06.18 10:59:02.663,12.81022,12.81271,0.00,0.00
2018.06.18 10:59:03.456,12.81021,12.81271,0.00,0.00
2018.06.18 10:59:08.223,12.81022,12.81271,0.00,0.00
2018.06.18 10:59:11.711,12.81021,12.81271,0.00,0.00
2018.06.18 10:59:15.633,12.81022,12.81271,0.00,0.00
2018.06.18 10:59:16.373,12.81021,12.81271,0.00,0.00
2018.06.18 10:59:22.145,12.81028,12.81271,0.00,0.00
2018.06.18 10:59:22.710,12.81051,12.81271,0.00,0.00
2018.06.18 10:59:23.231,12.81022,12.81271,0.00,0.00
2018.06.18 10:59:24.019,12.81021,12.81271,0.00,0.00
2018.06.18 10:59:27.100,12.81052,12.81271,0.00,0.00
2018.06.18 10:59:27.590,12.81022,12.81271,0.00,0.00
2018.06.18 10:59:32.467,12.81051,12.81271,0.00,0.00
2018.06.18 10:59:32.591,12.81022,12.81271,0.00,0.00
2018.06.18 10:59:33.121,12.81022,12.81272,0.00,0.00
2018.06.18 10:59:33.171,12.81009,12.81191,0.00,0.00
2018.06.18 10:59:33.272,12.80981,12.81191,0.00,0.00
2018.06.18 10:59:33.485,12.80939,12.81191,0.00,0.00
2018.06.18 10:59:33.586,12.80929,12.81191,0.00,0.00
2018.06.18 10:59:33.756,12.80921,12.81192,0.00,0.00
2018.06.18 10:59:34.407,12.80928,12.81192,0.00,0.00
2018.06.18 10:59:34.888,12.80922,12.81192,0.00,0.00
2018.06.18 10:59:35.551,12.80928,12.81192,0.00,0.00
2018.06.18 10:59:36.969,12.80938,12.81192,0.00,0.00
2018.06.18 10:59:37.578,12.80939,12.81192,0.00,0.00
2018.06.18 10:59:38.043,12.80982,12.81192,0.00,0.00
2018.06.18 10:59:38.144,12.80928,12.81191,0.00,0.00
2018.06.18 10:59:38.195,12.80928,12.81182,0.00,0.00
2018.06.18 10:59:38.246,12.80922,12.81182,0.00,0.00
2018.06.18 10:59:38.359,12.80922,12.81191,0.00,0.00
2018.06.18 10:59:38.410,12.80939,12.81191,0.00,0.00
2018.06.18 10:59:39.055,12.80928,12.81191,0.00,0.00
2018.06.18 10:59:39.184,12.80921,12.81192,0.00,0.00
2018.06.18 10:59:39.356,12.80938,12.81192,0.00,0.00
2018.06.18 10:59:40.570,12.80938,12.81191,0.00,0.00
2018.06.18 10:59:40.867,12.80929,12.81191,0.00,0.00
2018.06.18 10:59:40.985,12.80928,12.81171,0.00,0.00
2018.06.18 10:59:41.036,12.80922,12.81171,0.00,0.00
2018.06.18 10:59:41.545,12.80921,12.81171,0.00,0.00
2018.06.18 10:59:41.780,12.80929,12.81171,0.00,0.00
2018.06.18 10:59:41.891,12.80922,12.81171,0.00,0.00
2018.06.18 10:59:44.380,12.80921,12.81171,0.00,0.00
2018.06.18 10:59:45.650,12.80922,12.81171,0.00,0.00
2018.06.18 10:59:45.749,12.80929,12.81171,0.00,0.00
2018.06.18 10:59:47.803,12.80928,12.81171,0.00,0.00
2018.06.18 10:59:47.960,12.80922,12.81171,0.00,0.00
2018.06.18 10:59:48.213,12.80929,12.81171,0.00,0.00
2018.06.18 10:59:48.828,12.80922,12.81171,0.00,0.00
2018.06.18 10:59:49.128,12.80922,12.81111,0.00,0.00
2018.06.18 10:59:49.178,12.80838,12.81102,0.00,0.00
2018.06.18 10:59:49.439,12.80831,12.81101,0.00,0.00
2018.06.18 10:59:49.612,12.80828,12.81101,0.00,0.00
2018.06.18 10:59:50.738,12.80839,12.81101,0.00,0.00
2018.06.18 10:59:51.240,12.80838,12.81101,0.00,0.00
2018.06.18 10:59:52.512,12.80828,12.81101,0.00,0.00
2018.06.18 10:59:52.563,12.80828,12.81082,0.00,0.00
2018.06.18 10:59:53.062,12.80821,12.81082,0.00,0.00
2018.06.18 10:59:53.175,12.80861,12.81082,0.00,0.00
2018.06.18 10:59:53.900,12.80828,12.81082,0.00,0.00
2018.06.18 10:59:55.131,12.80822,12.81082,0.00,0.00
2018.06.18 10:59:55.803,12.80828,12.81082,0.00,0.00
2018.06.18 10:59:56.218,12.80838,12.81082,0.00,0.00
2018.06.18 10:59:58.737,12.80828,12.81082,0.00,0.00
2018.06.18 10:59:58.912,12.80821,12.81082,0.00,0.00
2018.06.18 10:59:59.846,12.80829,12.81082,0.00,0.00
