2015.12.09 15:00:00.139,10.81981,10.8231,0.00,0.00
2015.12.09 15:00:00.360,10.81989,10.82339,0.00,0.00
2015.12.09 15:00:00.418,10.82072,10.8234,0.00,0.00
2015.12.09 15:00:00.469,10.82012,10.8234,0.00,0.00
2015.12.09 15:00:00.570,10.82071,10.8239,0.00,0.00
2015.12.09 15:00:00.822,10.82011,10.82341,0.00,0.00
2015.12.09 15:00:01.334,10.82011,10.82339,0.00,0.00
2015.12.09 15:00:01.485,10.81982,10.8232,0.00,0.00
2015.12.09 15:00:02.000,10.81982,10.82321,0.00,0.00
2015.12.09 15:00:02.505,10.81982,10.8232,0.00,0.00
2015.12.09 15:00:02.769,10.81971,10.82321,0.00,0.00
2015.12.09 15:00:03.105,10.82008,10.82321,0.00,0.00
2015.12.09 15:00:03.155,10.82008,10.82339,0.00,0.00
2015.12.09 15:00:03.341,10.8201,10.82339,0.00,0.00
2015.12.09 15:00:03.644,10.82131,10.82339,0.00,0.00
2015.12.09 15:00:04.266,10.82069,10.82339,0.00,0.00
2015.12.09 15:00:04.420,10.82071,10.824,0.00,0.00
2015.12.09 15:00:04.645,10.82071,10.8242,0.00,0.00
2015.12.09 15:00:04.760,10.82071,10.82391,0.00,0.00
2015.12.09 15:00:05.371,10.82071,10.82401,0.00,0.00
2015.12.09 15:00:05.523,10.82081,10.82401,0.00,0.00
2015.12.09 15:00:05.573,10.82081,10.8242,0.00,0.00
2015.12.09 15:00:05.786,10.82109,10.8242,0.00,0.00
2015.12.09 15:00:05.837,10.82109,10.82438,0.00,0.00
2015.12.09 15:00:05.888,10.82112,10.8247,0.00,0.00
2015.12.09 15:00:06.039,10.82159,10.82478,0.00,0.00
2015.12.09 15:00:06.090,10.82182,10.82511,0.00,0.00
2015.12.09 15:00:06.142,10.82182,10.8252,0.00,0.00
2015.12.09 15:00:06.193,10.82209,10.8252,0.00,0.00
2015.12.09 15:00:06.414,10.82168,10.82481,0.00,0.00
2015.12.09 15:00:06.516,10.82161,10.8248,0.00,0.00
2015.12.09 15:00:06.566,10.82161,10.82471,0.00,0.00
2015.12.09 15:00:07.221,10.82161,10.82418,0.00,0.00
2015.12.09 15:00:07.535,10.81868,10.8219,0.00,0.00
2015.12.09 15:00:07.586,10.81869,10.82221,0.00,0.00
2015.12.09 15:00:07.636,10.81901,10.82221,0.00,0.00
2015.12.09 15:00:07.687,10.81901,10.82251,0.00,0.00
2015.12.09 15:00:08.371,10.81901,10.8225,0.00,0.00
2015.12.09 15:00:08.954,10.81902,10.82251,0.00,0.00
2015.12.09 15:00:09.457,10.8194,10.8225,0.00,0.00
2015.12.09 15:00:09.882,10.8194,10.82058,0.00,0.00
2015.12.09 15:00:09.934,10.81661,10.8202,0.00,0.00
2015.12.09 15:00:10.035,10.81702,10.8202,0.00,0.00
2015.12.09 15:00:10.086,10.81702,10.8205,0.00,0.00
2015.12.09 15:00:10.187,10.81702,10.82061,0.00,0.00
2015.12.09 15:00:10.460,10.81702,10.82021,0.00,0.00
2015.12.09 15:00:10.612,10.81662,10.82021,0.00,0.00
2015.12.09 15:00:11.019,10.81651,10.8202,0.00,0.00
2015.12.09 15:00:11.531,10.81651,10.82021,0.00,0.00
2015.12.09 15:00:11.582,10.81651,10.82011,0.00,0.00
2015.12.09 15:00:12.216,10.81651,10.82021,0.00,0.00
2015.12.09 15:00:12.266,10.81662,10.82021,0.00,0.00
2015.12.09 15:00:13.003,10.81662,10.8202,0.00,0.00
2015.12.09 15:00:13.356,10.81652,10.8202,0.00,0.00
2015.12.09 15:00:13.407,10.81652,10.8201,0.00,0.00
2015.12.09 15:00:13.725,10.81652,10.81981,0.00,0.00
2015.12.09 15:00:14.493,10.81652,10.82,0.00,0.00
2015.12.09 15:00:15.000,10.81652,10.82001,0.00,0.00
2015.12.09 15:00:15.784,10.81652,10.82,0.00,0.00
2015.12.09 15:00:16.187,10.81652,10.82011,0.00,0.00
2015.12.09 15:00:16.438,10.81661,10.82011,0.00,0.00
2015.12.09 15:00:16.740,10.81822,10.82161,0.00,0.00
2015.12.09 15:00:16.992,10.81761,10.8212,0.00,0.00
2015.12.09 15:00:17.192,10.81761,10.8211,0.00,0.00
2015.12.09 15:00:17.549,10.81781,10.82111,0.00,0.00
2015.12.09 15:00:17.600,10.81781,10.8212,0.00,0.00
2015.12.09 15:00:17.948,10.81811,10.8215,0.00,0.00
2015.12.09 15:00:18.312,10.81668,10.81839,0.00,0.00
2015.12.09 15:00:18.363,10.8159,10.81839,0.00,0.00
2015.12.09 15:00:18.414,10.81672,10.81968,0.00,0.00
2015.12.09 15:00:18.565,10.81672,10.82021,0.00,0.00
2015.12.09 15:00:19.108,10.81672,10.8202,0.00,0.00
2015.12.09 15:00:19.611,10.81672,10.82021,0.00,0.00
2015.12.09 15:00:19.811,10.81672,10.82011,0.00,0.00
2015.12.09 15:00:19.862,10.81632,10.82011,0.00,0.00
2015.12.09 15:00:19.912,10.81632,10.81981,0.00,0.00
2015.12.09 15:00:20.317,10.81632,10.81991,0.00,0.00
2015.12.09 15:00:20.418,10.81611,10.8195,0.00,0.00
2015.12.09 15:00:20.518,10.81611,10.81971,0.00,0.00
2015.12.09 15:00:20.720,10.81612,10.81991,0.00,0.00
2015.12.09 15:00:20.871,10.81612,10.81921,0.00,0.00
2015.12.09 15:00:20.922,10.81572,10.81921,0.00,0.00
2015.12.09 15:00:20.973,10.81572,10.8191,0.00,0.00
2015.12.09 15:00:21.074,10.81572,10.81921,0.00,0.00
2015.12.09 15:00:21.386,10.81602,10.8195,0.00,0.00
2015.12.09 15:00:21.814,10.81608,10.8195,0.00,0.00
2015.12.09 15:00:21.915,10.81691,10.82051,0.00,0.00
2015.12.09 15:00:21.966,10.81691,10.82021,0.00,0.00
2015.12.09 15:00:22.596,10.81691,10.8202,0.00,0.00
2015.12.09 15:00:22.748,10.81671,10.82001,0.00,0.00
2015.12.09 15:00:22.828,10.81671,10.81982,0.00,0.00
2015.12.09 15:00:23.049,10.81671,10.8202,0.00,0.00
2015.12.09 15:00:23.129,10.81671,10.81971,0.00,0.00
2015.12.09 15:00:23.230,10.81671,10.81992,0.00,0.00
2015.12.09 15:00:23.372,10.81671,10.82012,0.00,0.00
2015.12.09 15:00:23.448,10.81652,10.82012,0.00,0.00
2015.12.09 15:00:23.549,10.81652,10.81972,0.00,0.00
2015.12.09 15:00:23.650,10.81652,10.81992,0.00,0.00
2015.12.09 15:00:23.842,10.81652,10.81981,0.00,0.00
2015.12.09 15:00:23.947,10.81652,10.82011,0.00,0.00
2015.12.09 15:00:24.585,10.81662,10.82011,0.00,0.00
2015.12.09 15:00:25.158,10.81662,10.8201,0.00,0.00
2015.12.09 15:00:25.496,10.81662,10.81972,0.00,0.00
2015.12.09 15:00:25.547,10.81662,10.81991,0.00,0.00
2015.12.09 15:00:26.088,10.81662,10.8182,0.00,0.00
2015.12.09 15:00:26.342,10.81412,10.81731,0.00,0.00
2015.12.09 15:00:26.393,10.81412,10.81778,0.00,0.00
2015.12.09 15:00:26.443,10.81422,10.81721,0.00,0.00
2015.12.09 15:00:26.544,10.81422,10.8177,0.00,0.00
2015.12.09 15:00:26.910,10.81422,10.81721,0.00,0.00
2015.12.09 15:00:27.011,10.81371,10.8172,0.00,0.00
2015.12.09 15:00:27.412,10.81402,10.81751,0.00,0.00
2015.12.09 15:00:28.096,10.81371,10.81721,0.00,0.00
2015.12.09 15:00:30.201,10.81371,10.8172,0.00,0.00
2015.12.09 15:00:30.303,10.81352,10.81721,0.00,0.00
2015.12.09 15:00:30.406,10.81352,10.81691,0.00,0.00
2015.12.09 15:00:31.126,10.81359,10.81691,0.00,0.00
2015.12.09 15:00:31.666,10.81359,10.8169,0.00,0.00
2015.12.09 15:00:31.968,10.8133,10.81641,0.00,0.00
2015.12.09 15:00:32.019,10.81319,10.81641,0.00,0.00
2015.12.09 15:00:32.069,10.81321,10.81641,0.00,0.00
2015.12.09 15:00:32.170,10.81359,10.81691,0.00,0.00
2015.12.09 15:00:32.686,10.81359,10.8169,0.00,0.00
2015.12.09 15:00:33.215,10.81359,10.81691,0.00,0.00
2015.12.09 15:00:34.373,10.81339,10.81601,0.00,0.00
2015.12.09 15:00:35.266,10.81331,10.81452,0.00,0.00
2015.12.09 15:00:35.367,10.81258,10.81452,0.00,0.00
2015.12.09 15:00:35.418,10.81182,10.81452,0.00,0.00
2015.12.09 15:00:35.469,10.81182,10.81401,0.00,0.00
2015.12.09 15:00:35.519,10.81132,10.81401,0.00,0.00
2015.12.09 15:00:35.779,10.81119,10.81401,0.00,0.00
2015.12.09 15:00:36.175,10.81119,10.81351,0.00,0.00
2015.12.09 15:00:36.327,10.8112,10.81401,0.00,0.00
2015.12.09 15:00:36.685,10.81158,10.8148,0.00,0.00
2015.12.09 15:00:37.437,10.81158,10.81481,0.00,0.00
2015.12.09 15:00:37.975,10.81158,10.8148,0.00,0.00
2015.12.09 15:00:38.141,10.81158,10.8149,0.00,0.00
2015.12.09 15:00:38.340,10.81158,10.8148,0.00,0.00
2015.12.09 15:00:38.940,10.81158,10.81481,0.00,0.00
2015.12.09 15:00:39.173,10.81158,10.8149,0.00,0.00
2015.12.09 15:00:39.347,10.81158,10.81492,0.00,0.00
2015.12.09 15:00:39.678,10.81158,10.8149,0.00,0.00
2015.12.09 15:00:39.980,10.8113,10.81391,0.00,0.00
2015.12.09 15:00:40.081,10.81159,10.81491,0.00,0.00
2015.12.09 15:00:41.411,10.81141,10.81392,0.00,0.00
2015.12.09 15:00:41.512,10.81068,10.81361,0.00,0.00
2015.12.09 15:00:41.563,10.81068,10.81389,0.00,0.00
2015.12.09 15:00:41.757,10.81108,10.81421,0.00,0.00
2015.12.09 15:00:41.908,10.81068,10.81391,0.00,0.00
2015.12.09 15:00:42.021,10.81059,10.81391,0.00,0.00
2015.12.09 15:00:42.566,10.81059,10.8139,0.00,0.00
2015.12.09 15:00:43.272,10.81049,10.81191,0.00,0.00
2015.12.09 15:00:43.322,10.81031,10.81191,0.00,0.00
2015.12.09 15:00:43.373,10.81009,10.8125,0.00,0.00
2015.12.09 15:00:43.474,10.80959,10.81271,0.00,0.00
2015.12.09 15:00:44.295,10.80959,10.81291,0.00,0.00
2015.12.09 15:00:44.476,10.80979,10.81291,0.00,0.00
2015.12.09 15:00:45.027,10.80959,10.81291,0.00,0.00
2015.12.09 15:00:46.432,10.80979,10.81291,0.00,0.00
2015.12.09 15:00:46.884,10.80959,10.8125,0.00,0.00
2015.12.09 15:00:47.152,10.80959,10.81271,0.00,0.00
2015.12.09 15:00:48.271,10.80959,10.8128,0.00,0.00
2015.12.09 15:00:48.896,10.80959,10.81281,0.00,0.00
2015.12.09 15:00:48.947,10.8096,10.81291,0.00,0.00
2015.12.09 15:00:49.448,10.80959,10.81291,0.00,0.00
2015.12.09 15:00:53.328,10.80959,10.81282,0.00,0.00
2015.12.09 15:00:53.746,10.80959,10.81262,0.00,0.00
2015.12.09 15:00:53.805,10.80959,10.81291,0.00,0.00
2015.12.09 15:00:53.856,10.80959,10.81281,0.00,0.00
2015.12.09 15:00:54.163,10.80959,10.81272,0.00,0.00
2015.12.09 15:00:54.558,10.80959,10.81241,0.00,0.00
2015.12.09 15:00:54.758,10.80959,10.81261,0.00,0.00
2015.12.09 15:00:55.319,10.80959,10.81252,0.00,0.00
2015.12.09 15:00:55.420,10.80959,10.81271,0.00,0.00
2015.12.09 15:00:56.360,10.80959,10.8129,0.00,0.00
2015.12.09 15:00:56.511,10.80959,10.81261,0.00,0.00
2015.12.09 15:00:56.708,10.80922,10.81242,0.00,0.00
2015.12.09 15:00:56.759,10.80922,10.8121,0.00,0.00
2015.12.09 15:00:56.810,10.80908,10.8121,0.00,0.00
2015.12.09 15:00:56.861,10.80908,10.81201,0.00,0.00
2015.12.09 15:00:56.911,10.80859,10.81191,0.00,0.00
2015.12.09 15:00:58.096,10.80909,10.81202,0.00,0.00
2015.12.09 15:00:58.416,10.81001,10.81291,0.00,0.00
2015.12.09 15:00:58.761,10.81001,10.81261,0.00,0.00
2015.12.09 15:00:58.816,10.81001,10.81291,0.00,0.00
2015.12.09 15:00:58.984,10.81042,10.81291,0.00,0.00
2015.12.09 15:00:59.236,10.81022,10.81292,0.00,0.00
2015.12.09 15:00:59.337,10.81059,10.8133,0.00,0.00
2015.12.09 15:00:59.539,10.80981,10.81291,0.00,0.00
2015.12.09 15:00:59.791,10.80981,10.81242,0.00,0.00
2015.12.09 15:01:00.069,10.80981,10.81272,0.00,0.00
2015.12.09 15:01:00.236,10.80981,10.81291,0.00,0.00
2015.12.09 15:01:00.387,10.81009,10.81292,0.00,0.00
2015.12.09 15:01:00.438,10.81012,10.81331,0.00,0.00
2015.12.09 15:01:00.539,10.81012,10.81341,0.00,0.00
2015.12.09 15:01:01.271,10.81012,10.81331,0.00,0.00
2015.12.09 15:01:01.529,10.81012,10.81342,0.00,0.00
2015.12.09 15:01:01.645,10.8101,10.81291,0.00,0.00
2015.12.09 15:01:01.696,10.80988,10.81291,0.00,0.00
2015.12.09 15:01:01.747,10.81059,10.81331,0.00,0.00
2015.12.09 15:01:01.797,10.81059,10.81342,0.00,0.00
2015.12.09 15:01:01.848,10.81071,10.81291,0.00,0.00
2015.12.09 15:01:01.949,10.81071,10.81391,0.00,0.00
2015.12.09 15:01:02.126,10.81071,10.81361,0.00,0.00
2015.12.09 15:01:02.431,10.81162,10.81441,0.00,0.00
2015.12.09 15:01:02.482,10.81162,10.81482,0.00,0.00
2015.12.09 15:01:02.583,10.81162,10.81491,0.00,0.00
2015.12.09 15:01:02.633,10.81162,10.81481,0.00,0.00
2015.12.09 15:01:03.024,10.81162,10.81491,0.00,0.00
2015.12.09 15:01:03.688,10.81161,10.81491,0.00,0.00
2015.12.09 15:01:03.739,10.81161,10.81481,0.00,0.00
2015.12.09 15:01:04.074,10.81161,10.81462,0.00,0.00
2015.12.09 15:01:04.351,10.81161,10.81491,0.00,0.00
2015.12.09 15:01:04.455,10.81161,10.81472,0.00,0.00
2015.12.09 15:01:04.727,10.81161,10.81491,0.00,0.00
2015.12.09 15:01:05.504,10.81161,10.81392,0.00,0.00
2015.12.09 15:01:05.706,10.81161,10.81442,0.00,0.00
2015.12.09 15:01:05.757,10.81161,10.81471,0.00,0.00
2015.12.09 15:01:05.858,10.81161,10.81462,0.00,0.00
2015.12.09 15:01:05.959,10.81161,10.81492,0.00,0.00
2015.12.09 15:01:06.060,10.81161,10.81472,0.00,0.00
2015.12.09 15:01:06.162,10.81208,10.81521,0.00,0.00
2015.12.09 15:01:06.415,10.81222,10.81512,0.00,0.00
2015.12.09 15:01:06.760,10.81222,10.81531,0.00,0.00
2015.12.09 15:01:06.861,10.81222,10.81542,0.00,0.00
2015.12.09 15:01:06.963,10.81222,10.81531,0.00,0.00
2015.12.09 15:01:07.276,10.81182,10.81492,0.00,0.00
2015.12.09 15:01:07.639,10.81182,10.81481,0.00,0.00
2015.12.09 15:01:07.848,10.81182,10.81492,0.00,0.00
2015.12.09 15:01:08.251,10.81219,10.81532,0.00,0.00
2015.12.09 15:01:08.368,10.81261,10.81541,0.00,0.00
2015.12.09 15:01:08.469,10.81261,10.81562,0.00,0.00
2015.12.09 15:01:08.669,10.81261,10.81531,0.00,0.00
2015.12.09 15:01:08.770,10.81221,10.81531,0.00,0.00
2015.12.09 15:01:08.971,10.81221,10.81501,0.00,0.00
2015.12.09 15:01:09.371,10.81221,10.81512,0.00,0.00
2015.12.09 15:01:09.646,10.81221,10.81441,0.00,0.00
2015.12.09 15:01:09.697,10.81149,10.81391,0.00,0.00
2015.12.09 15:01:09.748,10.81139,10.81391,0.00,0.00
2015.12.09 15:01:09.848,10.81082,10.81392,0.00,0.00
2015.12.09 15:01:10.124,10.8111,10.81412,0.00,0.00
2015.12.09 15:01:10.439,10.81158,10.81492,0.00,0.00
2015.12.09 15:01:10.779,10.81208,10.81472,0.00,0.00
2015.12.09 15:01:10.881,10.81208,10.81502,0.00,0.00
2015.12.09 15:01:10.982,10.81182,10.81492,0.00,0.00
2015.12.09 15:01:11.084,10.81221,10.81492,0.00,0.00
2015.12.09 15:01:11.286,10.81221,10.81542,0.00,0.00
2015.12.09 15:01:12.152,10.81258,10.81542,0.00,0.00
2015.12.09 15:01:12.253,10.81261,10.81562,0.00,0.00
2015.12.09 15:01:12.596,10.81261,10.81542,0.00,0.00
2015.12.09 15:01:13.005,10.81221,10.81502,0.00,0.00
2015.12.09 15:01:13.263,10.81221,10.81522,0.00,0.00
2015.12.09 15:01:13.750,10.81221,10.81531,0.00,0.00
2015.12.09 15:01:13.851,10.81221,10.81522,0.00,0.00
2015.12.09 15:01:14.300,10.81258,10.81492,0.00,0.00
2015.12.09 15:01:14.351,10.81181,10.81492,0.00,0.00
2015.12.09 15:01:16.562,10.81258,10.81542,0.00,0.00
2015.12.09 15:01:16.663,10.81262,10.81581,0.00,0.00
2015.12.09 15:01:16.769,10.81262,10.81542,0.00,0.00
2015.12.09 15:01:16.819,10.81222,10.81531,0.00,0.00
2015.12.09 15:01:16.972,10.81222,10.81491,0.00,0.00
2015.12.09 15:01:17.023,10.81161,10.81491,0.00,0.00
2015.12.09 15:01:17.223,10.81161,10.81482,0.00,0.00
2015.12.09 15:01:17.274,10.81161,10.81492,0.00,0.00
2015.12.09 15:01:19.878,10.81181,10.81492,0.00,0.00
2015.12.09 15:01:20.223,10.81221,10.81492,0.00,0.00
2015.12.09 15:01:20.274,10.81221,10.81542,0.00,0.00
2015.12.09 15:01:20.325,10.81251,10.81542,0.00,0.00
2015.12.09 15:01:20.376,10.81258,10.8158,0.00,0.00
2015.12.09 15:01:20.516,10.81258,10.81571,0.00,0.00
2015.12.09 15:01:20.617,10.81258,10.8159,0.00,0.00
2015.12.09 15:01:20.719,10.81251,10.81541,0.00,0.00
2015.12.09 15:01:20.948,10.81209,10.81522,0.00,0.00
2015.12.09 15:01:20.999,10.81209,10.8152,0.00,0.00
2015.12.09 15:01:21.219,10.81161,10.81491,0.00,0.00
2015.12.09 15:01:21.837,10.81161,10.81492,0.00,0.00
2015.12.09 15:01:21.968,10.81181,10.81492,0.00,0.00
2015.12.09 15:01:22.173,10.81221,10.81541,0.00,0.00
2015.12.09 15:01:22.790,10.81221,10.81522,0.00,0.00
2015.12.09 15:01:22.949,10.81221,10.81542,0.00,0.00
2015.12.09 15:01:23.523,10.81222,10.81541,0.00,0.00
2015.12.09 15:01:24.131,10.81258,10.81541,0.00,0.00
2015.12.09 15:01:24.182,10.81258,10.81552,0.00,0.00
2015.12.09 15:01:24.233,10.81251,10.81541,0.00,0.00
2015.12.09 15:01:24.284,10.81221,10.81541,0.00,0.00
2015.12.09 15:01:24.812,10.81258,10.81572,0.00,0.00
2015.12.09 15:01:24.913,10.81258,10.81591,0.00,0.00
2015.12.09 15:01:24.982,10.81258,10.81582,0.00,0.00
2015.12.09 15:01:25.431,10.81261,10.81541,0.00,0.00
2015.12.09 15:01:25.534,10.81221,10.81531,0.00,0.00
2015.12.09 15:01:25.584,10.81221,10.81512,0.00,0.00
2015.12.09 15:01:25.788,10.81221,10.81531,0.00,0.00
2015.12.09 15:01:26.489,10.81221,10.81512,0.00,0.00
2015.12.09 15:01:26.590,10.81209,10.81512,0.00,0.00
2015.12.09 15:01:26.641,10.812,10.81492,0.00,0.00
2015.12.09 15:01:26.844,10.81221,10.8154,0.00,0.00
2015.12.09 15:01:27.035,10.81221,10.81542,0.00,0.00
2015.12.09 15:01:27.187,10.81221,10.81522,0.00,0.00
2015.12.09 15:01:27.288,10.81221,10.81542,0.00,0.00
2015.12.09 15:01:27.339,10.81221,10.81491,0.00,0.00
2015.12.09 15:01:27.390,10.81182,10.81491,0.00,0.00
2015.12.09 15:01:27.642,10.81208,10.8153,0.00,0.00
2015.12.09 15:01:27.693,10.81222,10.8153,0.00,0.00
2015.12.09 15:01:27.743,10.81222,10.81542,0.00,0.00
2015.12.09 15:01:28.051,10.81222,10.81532,0.00,0.00
2015.12.09 15:01:28.102,10.81222,10.81542,0.00,0.00
2015.12.09 15:01:28.590,10.81222,10.81481,0.00,0.00
2015.12.09 15:01:28.691,10.81179,10.81491,0.00,0.00
2015.12.09 15:01:28.742,10.81171,10.81491,0.00,0.00
2015.12.09 15:01:28.792,10.81161,10.81471,0.00,0.00
2015.12.09 15:01:29.091,10.81161,10.81482,0.00,0.00
2015.12.09 15:01:29.401,10.81161,10.81471,0.00,0.00
2015.12.09 15:01:29.592,10.81161,10.81482,0.00,0.00
2015.12.09 15:01:29.693,10.81161,10.81491,0.00,0.00
2015.12.09 15:01:30.513,10.81161,10.81471,0.00,0.00
2015.12.09 15:01:30.672,10.81161,10.81491,0.00,0.00
2015.12.09 15:01:30.895,10.81161,10.81472,0.00,0.00
2015.12.09 15:01:31.396,10.81161,10.81491,0.00,0.00
2015.12.09 15:01:31.497,10.81161,10.81451,0.00,0.00
2015.12.09 15:01:31.844,10.81161,10.81471,0.00,0.00
2015.12.09 15:01:32.098,10.81161,10.81452,0.00,0.00
2015.12.09 15:01:32.701,10.81161,10.8147,0.00,0.00
2015.12.09 15:01:33.404,10.81161,10.81442,0.00,0.00
2015.12.09 15:01:33.839,10.81161,10.81452,0.00,0.00
2015.12.09 15:01:33.906,10.81161,10.81442,0.00,0.00
2015.12.09 15:01:34.013,10.81161,10.81452,0.00,0.00
2015.12.09 15:01:34.439,10.81161,10.8147,0.00,0.00
2015.12.09 15:01:34.619,10.81161,10.81442,0.00,0.00
2015.12.09 15:01:34.720,10.81161,10.81462,0.00,0.00
2015.12.09 15:01:35.093,10.81181,10.81462,0.00,0.00
2015.12.09 15:01:35.410,10.81181,10.8147,0.00,0.00
2015.12.09 15:01:35.708,10.81181,10.81441,0.00,0.00
2015.12.09 15:01:35.759,10.81181,10.81471,0.00,0.00
2015.12.09 15:01:36.715,10.81181,10.81462,0.00,0.00
2015.12.09 15:01:36.824,10.8112,10.8143,0.00,0.00
2015.12.09 15:01:36.875,10.81101,10.81391,0.00,0.00
2015.12.09 15:01:36.976,10.81081,10.81391,0.00,0.00
2015.12.09 15:01:37.027,10.81081,10.81382,0.00,0.00
2015.12.09 15:01:37.357,10.81081,10.81391,0.00,0.00
2015.12.09 15:01:37.458,10.81081,10.81382,0.00,0.00
2015.12.09 15:01:37.838,10.81081,10.81391,0.00,0.00
2015.12.09 15:01:38.331,10.81081,10.81382,0.00,0.00
2015.12.09 15:01:38.913,10.81081,10.8139,0.00,0.00
2015.12.09 15:01:39.230,10.81081,10.81372,0.00,0.00
2015.12.09 15:01:39.533,10.81081,10.8137,0.00,0.00
2015.12.09 15:01:40.281,10.81081,10.81371,0.00,0.00
2015.12.09 15:01:40.800,10.81081,10.8137,0.00,0.00
2015.12.09 15:01:41.433,10.81081,10.81362,0.00,0.00
2015.12.09 15:01:41.534,10.81081,10.8137,0.00,0.00
2015.12.09 15:01:41.635,10.81081,10.81362,0.00,0.00
2015.12.09 15:01:41.935,10.81081,10.8137,0.00,0.00
2015.12.09 15:01:42.280,10.81081,10.81362,0.00,0.00
2015.12.09 15:01:42.437,10.81081,10.8137,0.00,0.00
2015.12.09 15:01:42.538,10.81081,10.81352,0.00,0.00
2015.12.09 15:01:42.639,10.81081,10.81371,0.00,0.00
2015.12.09 15:01:43.180,10.81081,10.8137,0.00,0.00
2015.12.09 15:01:43.503,10.81081,10.81362,0.00,0.00
2015.12.09 15:01:43.554,10.81081,10.8137,0.00,0.00
2015.12.09 15:01:43.655,10.81081,10.81352,0.00,0.00
2015.12.09 15:01:44.142,10.81081,10.81371,0.00,0.00
2015.12.09 15:01:44.243,10.81081,10.81352,0.00,0.00
2015.12.09 15:01:44.945,10.81081,10.81362,0.00,0.00
2015.12.09 15:01:45.646,10.81081,10.81342,0.00,0.00
2015.12.09 15:01:45.747,10.81081,10.81371,0.00,0.00
2015.12.09 15:01:46.106,10.81109,10.81371,0.00,0.00
2015.12.09 15:01:46.308,10.81109,10.814,0.00,0.00
2015.12.09 15:01:46.358,10.81109,10.81382,0.00,0.00
2015.12.09 15:01:46.459,10.81092,10.81382,0.00,0.00
2015.12.09 15:01:46.560,10.81092,10.81391,0.00,0.00
2015.12.09 15:01:46.668,10.81092,10.81382,0.00,0.00
2015.12.09 15:01:46.769,10.81092,10.81391,0.00,0.00
2015.12.09 15:01:47.599,10.81092,10.81371,0.00,0.00
2015.12.09 15:01:47.904,10.81092,10.81362,0.00,0.00
2015.12.09 15:01:48.084,10.81081,10.81371,0.00,0.00
2015.12.09 15:01:48.788,10.81081,10.81361,0.00,0.00
2015.12.09 15:01:48.889,10.81081,10.81382,0.00,0.00
2015.12.09 15:01:48.990,10.81081,10.81362,0.00,0.00
2015.12.09 15:01:49.091,10.81081,10.81391,0.00,0.00
2015.12.09 15:01:49.557,10.81081,10.81352,0.00,0.00
2015.12.09 15:01:49.903,10.81081,10.8137,0.00,0.00
2015.12.09 15:01:50.054,10.81101,10.8137,0.00,0.00
2015.12.09 15:01:50.513,10.81109,10.8137,0.00,0.00
2015.12.09 15:01:50.564,10.8112,10.81422,0.00,0.00
2015.12.09 15:01:50.615,10.8112,10.81391,0.00,0.00
2015.12.09 15:01:51.057,10.81102,10.81371,0.00,0.00
2015.12.09 15:01:51.119,10.81102,10.81391,0.00,0.00
2015.12.09 15:01:51.170,10.81102,10.81382,0.00,0.00
2015.12.09 15:01:51.484,10.81102,10.81391,0.00,0.00
2015.12.09 15:01:52.182,10.81102,10.81341,0.00,0.00
2015.12.09 15:01:52.232,10.81081,10.81341,0.00,0.00
2015.12.09 15:01:52.788,10.81081,10.81382,0.00,0.00
2015.12.09 15:01:52.889,10.81081,10.81351,0.00,0.00
2015.12.09 15:01:53.578,10.81081,10.81372,0.00,0.00
2015.12.09 15:01:54.356,10.81081,10.81331,0.00,0.00
2015.12.09 15:01:54.457,10.81008,10.8133,0.00,0.00
2015.12.09 15:01:54.618,10.81002,10.81291,0.00,0.00
2015.12.09 15:01:54.820,10.81081,10.8139,0.00,0.00
2015.12.09 15:01:55.335,10.81081,10.81391,0.00,0.00
2015.12.09 15:01:55.494,10.81009,10.81342,0.00,0.00
2015.12.09 15:01:55.544,10.81008,10.8133,0.00,0.00
2015.12.09 15:01:55.847,10.81082,10.81361,0.00,0.00
2015.12.09 15:01:55.897,10.81082,10.81392,0.00,0.00
2015.12.09 15:01:56.594,10.81092,10.81392,0.00,0.00
2015.12.09 15:01:57.760,10.81119,10.81392,0.00,0.00
2015.12.09 15:01:57.811,10.81159,10.81458,0.00,0.00
2015.12.09 15:01:57.861,10.81181,10.8147,0.00,0.00
2015.12.09 15:01:58.511,10.81181,10.81471,0.00,0.00
2015.12.09 15:01:58.904,10.81181,10.81452,0.00,0.00
2015.12.09 15:01:59.219,10.81181,10.81471,0.00,0.00
2015.12.09 15:01:59.418,10.81181,10.81462,0.00,0.00
2015.12.09 15:01:59.487,10.81181,10.81471,0.00,0.00
2015.12.09 15:01:59.996,10.81181,10.8147,0.00,0.00
2015.12.09 15:02:00.975,10.81181,10.81471,0.00,0.00
2015.12.09 15:02:01.428,10.81181,10.81441,0.00,0.00
2015.12.09 15:02:01.695,10.81181,10.81451,0.00,0.00
2015.12.09 15:02:02.286,10.81181,10.81421,0.00,0.00
2015.12.09 15:02:02.337,10.81181,10.81451,0.00,0.00
2015.12.09 15:02:02.531,10.81181,10.81422,0.00,0.00
2015.12.09 15:02:02.632,10.81181,10.81431,0.00,0.00
2015.12.09 15:02:02.733,10.81181,10.81451,0.00,0.00
2015.12.09 15:02:03.367,10.81181,10.81442,0.00,0.00
2015.12.09 15:02:03.687,10.81181,10.81421,0.00,0.00
2015.12.09 15:02:03.902,10.81181,10.81432,0.00,0.00
2015.12.09 15:02:04.450,10.81181,10.81452,0.00,0.00
2015.12.09 15:02:05.129,10.81181,10.81447,0.00,0.00
2015.12.09 15:02:05.344,10.81181,10.81452,0.00,0.00
2015.12.09 15:02:05.680,10.81181,10.81446,0.00,0.00
2015.12.09 15:02:05.730,10.81181,10.81462,0.00,0.00
2015.12.09 15:02:05.836,10.81181,10.81446,0.00,0.00
2015.12.09 15:02:05.940,10.81181,10.81462,0.00,0.00
2015.12.09 15:02:06.041,10.81181,10.8147,0.00,0.00
2015.12.09 15:02:06.091,10.81191,10.8147,0.00,0.00
2015.12.09 15:02:06.399,10.81191,10.81427,0.00,0.00
2015.12.09 15:02:06.648,10.81191,10.81452,0.00,0.00
2015.12.09 15:02:06.851,10.81191,10.81471,0.00,0.00
2015.12.09 15:02:07.153,10.81191,10.81427,0.00,0.00
2015.12.09 15:02:07.254,10.81191,10.8147,0.00,0.00
2015.12.09 15:02:07.756,10.81191,10.81471,0.00,0.00
2015.12.09 15:02:08.026,10.81191,10.81447,0.00,0.00
2015.12.09 15:02:08.217,10.81191,10.81451,0.00,0.00
2015.12.09 15:02:09.416,10.81191,10.81427,0.00,0.00
2015.12.09 15:02:09.974,10.81181,10.81422,0.00,0.00
2015.12.09 15:02:10.416,10.81181,10.81452,0.00,0.00
2015.12.09 15:02:10.644,10.81201,10.81452,0.00,0.00
2015.12.09 15:02:10.695,10.81201,10.81471,0.00,0.00
2015.12.09 15:02:11.228,10.81202,10.81471,0.00,0.00
2015.12.09 15:02:11.418,10.81202,10.81442,0.00,0.00
2015.12.09 15:02:11.520,10.81191,10.81451,0.00,0.00
2015.12.09 15:02:11.621,10.81191,10.81491,0.00,0.00
2015.12.09 15:02:12.083,10.81191,10.8147,0.00,0.00
2015.12.09 15:02:12.592,10.81191,10.81471,0.00,0.00
2015.12.09 15:02:13.034,10.81201,10.81461,0.00,0.00
2015.12.09 15:02:13.136,10.81201,10.81471,0.00,0.00
2015.12.09 15:02:13.714,10.81259,10.81471,0.00,0.00
2015.12.09 15:02:13.765,10.81259,10.81531,0.00,0.00
2015.12.09 15:02:13.866,10.81259,10.8157,0.00,0.00
2015.12.09 15:02:13.916,10.81271,10.8157,0.00,0.00
2015.12.09 15:02:14.216,10.81271,10.81592,0.00,0.00
2015.12.09 15:02:14.267,10.81271,10.81572,0.00,0.00
2015.12.09 15:02:14.369,10.81271,10.81592,0.00,0.00
2015.12.09 15:02:14.890,10.81282,10.81592,0.00,0.00
2015.12.09 15:02:15.238,10.81282,10.81582,0.00,0.00
2015.12.09 15:02:15.288,10.81282,10.81592,0.00,0.00
2015.12.09 15:02:15.441,10.81282,10.81581,0.00,0.00
2015.12.09 15:02:16.052,10.81282,10.81592,0.00,0.00
2015.12.09 15:02:16.376,10.81282,10.81582,0.00,0.00
2015.12.09 15:02:16.430,10.81282,10.81592,0.00,0.00
2015.12.09 15:02:16.661,10.81282,10.81572,0.00,0.00
2015.12.09 15:02:16.762,10.81301,10.81592,0.00,0.00
2015.12.09 15:02:17.777,10.81301,10.81591,0.00,0.00
2015.12.09 15:02:17.879,10.81281,10.81571,0.00,0.00
2015.12.09 15:02:18.081,10.81301,10.81592,0.00,0.00
2015.12.09 15:02:18.233,10.81308,10.81612,0.00,0.00
2015.12.09 15:02:18.385,10.81312,10.81639,0.00,0.00
2015.12.09 15:02:18.436,10.81381,10.81642,0.00,0.00
2015.12.09 15:02:18.487,10.81381,10.81681,0.00,0.00
2015.12.09 15:02:18.635,10.81381,10.81671,0.00,0.00
2015.12.09 15:02:18.938,10.81312,10.81591,0.00,0.00
2015.12.09 15:02:19.459,10.81381,10.81638,0.00,0.00
2015.12.09 15:02:19.664,10.81302,10.81571,0.00,0.00
2015.12.09 15:02:19.765,10.81302,10.81592,0.00,0.00
2015.12.09 15:02:19.866,10.81302,10.81572,0.00,0.00
2015.12.09 15:02:19.967,10.81302,10.81582,0.00,0.00
2015.12.09 15:02:20.068,10.81301,10.81592,0.00,0.00
2015.12.09 15:02:20.238,10.81301,10.81572,0.00,0.00
2015.12.09 15:02:21.289,10.81301,10.81582,0.00,0.00
2015.12.09 15:02:21.390,10.81301,10.81561,0.00,0.00
2015.12.09 15:02:22.142,10.81301,10.81591,0.00,0.00
2015.12.09 15:02:22.202,10.81301,10.8157,0.00,0.00
2015.12.09 15:02:22.535,10.81301,10.81541,0.00,0.00
2015.12.09 15:02:22.586,10.81301,10.81562,0.00,0.00
2015.12.09 15:02:22.687,10.81301,10.81542,0.00,0.00
2015.12.09 15:02:22.788,10.81301,10.81572,0.00,0.00
2015.12.09 15:02:22.843,10.81301,10.81562,0.00,0.00
2015.12.09 15:02:23.073,10.81258,10.81549,0.00,0.00
2015.12.09 15:02:23.125,10.81181,10.81442,0.00,0.00
2015.12.09 15:02:23.254,10.81181,10.81448,0.00,0.00
2015.12.09 15:02:23.304,10.81181,10.81392,0.00,0.00
2015.12.09 15:02:23.405,10.81111,10.81392,0.00,0.00
2015.12.09 15:02:23.661,10.81111,10.81371,0.00,0.00
2015.12.09 15:02:23.763,10.81101,10.81371,0.00,0.00
2015.12.09 15:02:24.416,10.81101,10.81392,0.00,0.00
2015.12.09 15:02:24.466,10.81101,10.81352,0.00,0.00
2015.12.09 15:02:24.517,10.81082,10.81352,0.00,0.00
2015.12.09 15:02:24.759,10.81082,10.8136,0.00,0.00
2015.12.09 15:02:24.861,10.81001,10.81291,0.00,0.00
2015.12.09 15:02:24.962,10.80982,10.81292,0.00,0.00
2015.12.09 15:02:25.070,10.80982,10.81282,0.00,0.00
2015.12.09 15:02:25.322,10.80982,10.81292,0.00,0.00
2015.12.09 15:02:25.449,10.80982,10.81272,0.00,0.00
2015.12.09 15:02:25.974,10.80982,10.81291,0.00,0.00
2015.12.09 15:02:26.150,10.80982,10.81281,0.00,0.00
2015.12.09 15:02:26.278,10.80982,10.81291,0.00,0.00
2015.12.09 15:02:26.379,10.80982,10.81272,0.00,0.00
2015.12.09 15:02:26.480,10.80982,10.8129,0.00,0.00
2015.12.09 15:02:26.682,10.80982,10.81292,0.00,0.00
2015.12.09 15:02:26.923,10.80982,10.81272,0.00,0.00
2015.12.09 15:02:27.082,10.80982,10.81291,0.00,0.00
2015.12.09 15:02:27.183,10.80982,10.81282,0.00,0.00
2015.12.09 15:02:27.385,10.80919,10.8122,0.00,0.00
2015.12.09 15:02:27.492,10.80909,10.8121,0.00,0.00
2015.12.09 15:02:27.798,10.80942,10.81242,0.00,0.00
2015.12.09 15:02:28.056,10.80908,10.8121,0.00,0.00
2015.12.09 15:02:28.106,10.80892,10.81192,0.00,0.00
2015.12.09 15:02:30.234,10.80982,10.81192,0.00,0.00
2015.12.09 15:02:30.335,10.80982,10.81242,0.00,0.00
2015.12.09 15:02:30.440,10.80982,10.81292,0.00,0.00
2015.12.09 15:02:30.847,10.80992,10.81292,0.00,0.00
2015.12.09 15:02:31.766,10.81041,10.81321,0.00,0.00
2015.12.09 15:02:31.917,10.80991,10.81281,0.00,0.00
2015.12.09 15:02:32.237,10.80991,10.81271,0.00,0.00
2015.12.09 15:02:32.288,10.80971,10.81271,0.00,0.00
2015.12.09 15:02:32.412,10.80971,10.8129,0.00,0.00
2015.12.09 15:02:32.614,10.80971,10.81292,0.00,0.00
2015.12.09 15:02:32.914,10.80981,10.81292,0.00,0.00
2015.12.09 15:02:33.264,10.8101,10.81292,0.00,0.00
2015.12.09 15:02:33.468,10.80982,10.81292,0.00,0.00
2015.12.09 15:02:34.971,10.81058,10.81311,0.00,0.00
2015.12.09 15:02:35.022,10.81058,10.8132,0.00,0.00
2015.12.09 15:02:35.173,10.81011,10.81291,0.00,0.00
2015.12.09 15:02:35.640,10.80991,10.81291,0.00,0.00
2015.12.09 15:02:37.693,10.81009,10.81311,0.00,0.00
2015.12.09 15:02:37.844,10.81041,10.81341,0.00,0.00
2015.12.09 15:02:38.046,10.81081,10.81391,0.00,0.00
2015.12.09 15:02:38.584,10.81081,10.81392,0.00,0.00
2015.12.09 15:02:39.025,10.81092,10.81392,0.00,0.00
2015.12.09 15:02:39.327,10.81172,10.81439,0.00,0.00
2015.12.09 15:02:39.378,10.81172,10.81471,0.00,0.00
2015.12.09 15:02:39.429,10.81172,10.81482,0.00,0.00
2015.12.09 15:02:39.635,10.81172,10.81492,0.00,0.00
2015.12.09 15:02:40.138,10.81181,10.81492,0.00,0.00
2015.12.09 15:02:40.578,10.81181,10.81472,0.00,0.00
2015.12.09 15:02:40.679,10.81181,10.81492,0.00,0.00
2015.12.09 15:02:40.780,10.81181,10.81482,0.00,0.00
2015.12.09 15:02:41.179,10.81181,10.81472,0.00,0.00
2015.12.09 15:02:41.403,10.81181,10.81492,0.00,0.00
2015.12.09 15:02:41.454,10.81192,10.81492,0.00,0.00
2015.12.09 15:02:42.163,10.81209,10.8151,0.00,0.00
2015.12.09 15:02:42.221,10.81292,10.81541,0.00,0.00
2015.12.09 15:02:42.322,10.81292,10.81591,0.00,0.00
2015.12.09 15:02:42.883,10.81292,10.81572,0.00,0.00
2015.12.09 15:02:42.984,10.81292,10.81591,0.00,0.00
2015.12.09 15:02:43.439,10.81292,10.81581,0.00,0.00
2015.12.09 15:02:43.490,10.81308,10.81639,0.00,0.00
2015.12.09 15:02:43.540,10.81308,10.81621,0.00,0.00
2015.12.09 15:02:43.885,10.81292,10.81591,0.00,0.00
2015.12.09 15:02:44.546,10.81331,10.81639,0.00,0.00
2015.12.09 15:02:44.915,10.81282,10.81571,0.00,0.00
2015.12.09 15:02:45.083,10.81262,10.81561,0.00,0.00
2015.12.09 15:02:45.623,10.81262,10.8156,0.00,0.00
2015.12.09 15:02:45.890,10.81258,10.8156,0.00,0.00
2015.12.09 15:02:46.065,10.81251,10.81541,0.00,0.00
2015.12.09 15:02:46.480,10.81182,10.81492,0.00,0.00
2015.12.09 15:02:46.744,10.81182,10.8149,0.00,0.00
2015.12.09 15:02:47.507,10.81182,10.81491,0.00,0.00
2015.12.09 15:02:48.007,10.81171,10.8149,0.00,0.00
2015.12.09 15:02:48.158,10.81158,10.8142,0.00,0.00
2015.12.09 15:02:48.259,10.81141,10.8142,0.00,0.00
2015.12.09 15:02:48.873,10.81141,10.81421,0.00,0.00
2015.12.09 15:02:49.075,10.81131,10.81421,0.00,0.00
2015.12.09 15:02:50.164,10.81158,10.81491,0.00,0.00
2015.12.09 15:02:50.762,10.81158,10.8149,0.00,0.00
2015.12.09 15:02:51.728,10.81158,10.81491,0.00,0.00
2015.12.09 15:02:51.993,10.81152,10.81442,0.00,0.00
2015.12.09 15:02:52.145,10.81108,10.81421,0.00,0.00
2015.12.09 15:02:52.246,10.81092,10.81391,0.00,0.00
2015.12.09 15:02:56.311,10.81109,10.81421,0.00,0.00
2015.12.09 15:02:56.412,10.81131,10.81431,0.00,0.00
2015.12.09 15:02:56.749,10.81131,10.81441,0.00,0.00
2015.12.09 15:02:57.493,10.81158,10.81481,0.00,0.00
2015.12.09 15:02:57.544,10.81182,10.81492,0.00,0.00
2015.12.09 15:02:57.860,10.81231,10.81541,0.00,0.00
2015.12.09 15:02:59.591,10.81258,10.8158,0.00,0.00
2015.12.09 15:02:59.642,10.81258,10.8152,0.00,0.00
2015.12.09 15:02:59.812,10.81181,10.81492,0.00,0.00
2015.12.09 15:03:00.217,10.81181,10.8144,0.00,0.00
2015.12.09 15:03:00.268,10.81161,10.8144,0.00,0.00
2015.12.09 15:03:00.369,10.81161,10.81471,0.00,0.00
2015.12.09 15:03:01.303,10.81109,10.8142,0.00,0.00
2015.12.09 15:03:01.354,10.81091,10.81401,0.00,0.00
2015.12.09 15:03:01.606,10.81131,10.81442,0.00,0.00
2015.12.09 15:03:01.657,10.81131,10.81432,0.00,0.00
2015.12.09 15:03:02.071,10.81131,10.81442,0.00,0.00
2015.12.09 15:03:02.324,10.81131,10.8142,0.00,0.00
2015.12.09 15:03:02.375,10.81092,10.81401,0.00,0.00
2015.12.09 15:03:02.568,10.81193,10.81342,0.00,0.00
2015.12.09 15:03:02.621,10.8117,10.8132,0.00,0.00
2015.12.09 15:03:02.954,10.80991,10.81292,0.00,0.00
2015.12.09 15:03:03.117,10.80982,10.81292,0.00,0.00
2015.12.09 15:03:03.168,10.80982,10.81282,0.00,0.00
2015.12.09 15:03:03.278,10.80982,10.81291,0.00,0.00
2015.12.09 15:03:03.941,10.80982,10.81292,0.00,0.00
2015.12.09 15:03:03.992,10.81008,10.81321,0.00,0.00
2015.12.09 15:03:04.042,10.81051,10.81332,0.00,0.00
2015.12.09 15:03:04.144,10.81058,10.81392,0.00,0.00
2015.12.09 15:03:04.215,10.81058,10.81348,0.00,0.00
2015.12.09 15:03:04.316,10.81009,10.8134,0.00,0.00
2015.12.09 15:03:04.367,10.81031,10.81341,0.00,0.00
2015.12.09 15:03:04.641,10.81059,10.81371,0.00,0.00
2015.12.09 15:03:04.989,10.81059,10.81391,0.00,0.00
2015.12.09 15:03:05.040,10.81059,10.81321,0.00,0.00
2015.12.09 15:03:05.090,10.81041,10.81321,0.00,0.00
2015.12.09 15:03:05.141,10.81031,10.81321,0.00,0.00
2015.12.09 15:03:05.243,10.81058,10.81342,0.00,0.00
2015.12.09 15:03:05.389,10.81058,10.81381,0.00,0.00
2015.12.09 15:03:05.689,10.81058,10.81372,0.00,0.00
2015.12.09 15:03:06.173,10.81058,10.81391,0.00,0.00
2015.12.09 15:03:06.224,10.81042,10.81342,0.00,0.00
2015.12.09 15:03:06.574,10.81032,10.81321,0.00,0.00
2015.12.09 15:03:06.899,10.81058,10.81321,0.00,0.00
2015.12.09 15:03:07.145,10.81058,10.81391,0.00,0.00
2015.12.09 15:03:07.196,10.81058,10.81381,0.00,0.00
2015.12.09 15:03:07.451,10.81058,10.81391,0.00,0.00
2015.12.09 15:03:07.852,10.81038,10.81342,0.00,0.00
2015.12.09 15:03:07.953,10.81008,10.81321,0.00,0.00
2015.12.09 15:03:08.054,10.80991,10.81292,0.00,0.00
2015.12.09 15:03:08.417,10.80982,10.81292,0.00,0.00
2015.12.09 15:03:09.169,10.81031,10.81341,0.00,0.00
2015.12.09 15:03:09.474,10.81059,10.81381,0.00,0.00
2015.12.09 15:03:09.575,10.81059,10.81372,0.00,0.00
2015.12.09 15:03:09.676,10.81059,10.81381,0.00,0.00
2015.12.09 15:03:09.820,10.81031,10.81341,0.00,0.00
2015.12.09 15:03:10.171,10.81058,10.81381,0.00,0.00
2015.12.09 15:03:10.272,10.81031,10.81341,0.00,0.00
2015.12.09 15:03:10.623,10.81031,10.81321,0.00,0.00
2015.12.09 15:03:11.416,10.81031,10.8132,0.00,0.00
2015.12.09 15:03:12.079,10.81031,10.81321,0.00,0.00
2015.12.09 15:03:12.893,10.81031,10.81292,0.00,0.00
2015.12.09 15:03:13.044,10.80991,10.81292,0.00,0.00
2015.12.09 15:03:13.226,10.81008,10.81312,0.00,0.00
2015.12.09 15:03:13.277,10.81031,10.81321,0.00,0.00
2015.12.09 15:03:13.327,10.81031,10.81342,0.00,0.00
2015.12.09 15:03:14.135,10.81058,10.8137,0.00,0.00
2015.12.09 15:03:14.515,10.81058,10.81392,0.00,0.00
2015.12.09 15:03:14.616,10.81058,10.81371,0.00,0.00
2015.12.09 15:03:14.667,10.81019,10.81342,0.00,0.00
2015.12.09 15:03:14.718,10.81029,10.81321,0.00,0.00
2015.12.09 15:03:14.820,10.81008,10.81321,0.00,0.00
2015.12.09 15:03:14.921,10.80992,10.81291,0.00,0.00
2015.12.09 15:03:15.282,10.80992,10.81282,0.00,0.00
2015.12.09 15:03:15.495,10.80992,10.81291,0.00,0.00
2015.12.09 15:03:15.578,10.80992,10.81282,0.00,0.00
2015.12.09 15:03:15.679,10.80981,10.81291,0.00,0.00
2015.12.09 15:03:16.265,10.80981,10.81272,0.00,0.00
2015.12.09 15:03:16.379,10.80981,10.81291,0.00,0.00
2015.12.09 15:03:16.782,10.80991,10.81291,0.00,0.00
2015.12.09 15:03:17.085,10.80991,10.81282,0.00,0.00
2015.12.09 15:03:17.135,10.80981,10.81282,0.00,0.00
2015.12.09 15:03:17.445,10.80981,10.81291,0.00,0.00
2015.12.09 15:03:17.606,10.80981,10.81281,0.00,0.00
2015.12.09 15:03:17.682,10.80981,10.81291,0.00,0.00
2015.12.09 15:03:17.783,10.80991,10.81291,0.00,0.00
2015.12.09 15:03:17.934,10.81031,10.81342,0.00,0.00
2015.12.09 15:03:18.458,10.81031,10.81341,0.00,0.00
2015.12.09 15:03:18.508,10.81031,10.81322,0.00,0.00
2015.12.09 15:03:19.097,10.81062,10.8135,0.00,0.00
2015.12.09 15:03:19.147,10.81062,10.81352,0.00,0.00
2015.12.09 15:03:19.198,10.81062,10.81392,0.00,0.00
2015.12.09 15:03:19.413,10.81082,10.81392,0.00,0.00
2015.12.09 15:03:19.823,10.81181,10.8148,0.00,0.00
2015.12.09 15:03:19.975,10.81108,10.81421,0.00,0.00
2015.12.09 15:03:20.026,10.81108,10.81388,0.00,0.00
2015.12.09 15:03:20.128,10.81108,10.81348,0.00,0.00
2015.12.09 15:03:20.229,10.81058,10.8133,0.00,0.00
2015.12.09 15:03:20.317,10.81058,10.81341,0.00,0.00
2015.12.09 15:03:20.539,10.81058,10.81348,0.00,0.00
2015.12.09 15:03:21.101,10.81058,10.81392,0.00,0.00
2015.12.09 15:03:21.152,10.81058,10.8139,0.00,0.00
2015.12.09 15:03:21.691,10.81058,10.81389,0.00,0.00
2015.12.09 15:03:22.066,10.81058,10.81362,0.00,0.00
2015.12.09 15:03:22.116,10.81058,10.81372,0.00,0.00
2015.12.09 15:03:22.167,10.81058,10.8137,0.00,0.00
2015.12.09 15:03:22.443,10.81058,10.81379,0.00,0.00
2015.12.09 15:03:22.696,10.81058,10.81369,0.00,0.00
2015.12.09 15:03:22.948,10.81058,10.81378,0.00,0.00
2015.12.09 15:03:23.217,10.81058,10.81371,0.00,0.00
2015.12.09 15:03:23.295,10.81058,10.81378,0.00,0.00
2015.12.09 15:03:23.896,10.81058,10.81362,0.00,0.00
2015.12.09 15:03:23.997,10.81058,10.81378,0.00,0.00
2015.12.09 15:03:24.048,10.81058,10.81382,0.00,0.00
2015.12.09 15:03:24.098,10.81058,10.81362,0.00,0.00
2015.12.09 15:03:24.199,10.81058,10.81392,0.00,0.00
2015.12.09 15:03:24.395,10.81058,10.81382,0.00,0.00
2015.12.09 15:03:24.546,10.81058,10.81392,0.00,0.00
2015.12.09 15:03:25.595,10.81058,10.81389,0.00,0.00
2015.12.09 15:03:25.945,10.81058,10.8137,0.00,0.00
2015.12.09 15:03:26.532,10.81058,10.81371,0.00,0.00
2015.12.09 15:03:26.633,10.81058,10.81378,0.00,0.00
2015.12.09 15:03:26.911,10.81058,10.81372,0.00,0.00
2015.12.09 15:03:27.012,10.81058,10.81391,0.00,0.00
2015.12.09 15:03:27.214,10.81068,10.81392,0.00,0.00
2015.12.09 15:03:27.708,10.81058,10.81392,0.00,0.00
2015.12.09 15:03:27.759,10.81108,10.81412,0.00,0.00
2015.12.09 15:03:27.911,10.81158,10.81492,0.00,0.00
2015.12.09 15:03:28.814,10.81168,10.81492,0.00,0.00
2015.12.09 15:03:28.915,10.81158,10.81492,0.00,0.00
2015.12.09 15:03:28.966,10.81138,10.81398,0.00,0.00
2015.12.09 15:03:29.016,10.81119,10.81391,0.00,0.00
2015.12.09 15:03:29.067,10.81111,10.81391,0.00,0.00
2015.12.09 15:03:29.118,10.81059,10.81391,0.00,0.00
2015.12.09 15:03:29.799,10.81059,10.81369,0.00,0.00
2015.12.09 15:03:30.001,10.80979,10.81292,0.00,0.00
2015.12.09 15:03:30.052,10.80969,10.81292,0.00,0.00
2015.12.09 15:03:30.163,10.81008,10.8132,0.00,0.00
2015.12.09 15:03:30.214,10.81008,10.81332,0.00,0.00
2015.12.09 15:03:30.265,10.81008,10.81342,0.00,0.00
2015.12.09 15:03:30.315,10.8102,10.81342,0.00,0.00
2015.12.09 15:03:30.620,10.81058,10.81349,0.00,0.00
2015.12.09 15:03:31.180,10.81058,10.81358,0.00,0.00
2015.12.09 15:03:31.285,10.81009,10.81321,0.00,0.00
2015.12.09 15:03:31.386,10.80988,10.81291,0.00,0.00
2015.12.09 15:03:31.436,10.80959,10.81291,0.00,0.00
2015.12.09 15:03:31.739,10.81059,10.81291,0.00,0.00
2015.12.09 15:03:31.841,10.81059,10.81321,0.00,0.00
2015.12.09 15:03:31.942,10.80978,10.81291,0.00,0.00
2015.12.09 15:03:32.044,10.80968,10.81291,0.00,0.00
2015.12.09 15:03:32.373,10.80978,10.81291,0.00,0.00
2015.12.09 15:03:32.478,10.80959,10.81291,0.00,0.00
2015.12.09 15:03:32.579,10.80959,10.81271,0.00,0.00
2015.12.09 15:03:33.471,10.80959,10.81261,0.00,0.00
2015.12.09 15:03:33.622,10.80909,10.81241,0.00,0.00
2015.12.09 15:03:33.723,10.80958,10.81221,0.00,0.00
2015.12.09 15:03:33.824,10.80959,10.81279,0.00,0.00
2015.12.09 15:03:33.925,10.80959,10.81291,0.00,0.00
2015.12.09 15:03:34.076,10.80978,10.81291,0.00,0.00
2015.12.09 15:03:34.134,10.80959,10.81291,0.00,0.00
2015.12.09 15:03:34.339,10.80959,10.81282,0.00,0.00
2015.12.09 15:03:34.758,10.80959,10.81279,0.00,0.00
2015.12.09 15:03:35.588,10.80959,10.81291,0.00,0.00
2015.12.09 15:03:35.639,10.80979,10.81291,0.00,0.00
2015.12.09 15:03:36.098,10.80968,10.81292,0.00,0.00
2015.12.09 15:03:36.149,10.80958,10.81279,0.00,0.00
2015.12.09 15:03:36.842,10.81019,10.81279,0.00,0.00
2015.12.09 15:03:36.893,10.81058,10.81332,0.00,0.00
2015.12.09 15:03:37.040,10.81058,10.81358,0.00,0.00
2015.12.09 15:03:37.508,10.81058,10.81378,0.00,0.00
2015.12.09 15:03:38.217,10.81058,10.81388,0.00,0.00
2015.12.09 15:03:38.318,10.81058,10.81392,0.00,0.00
2015.12.09 15:03:38.419,10.81048,10.81311,0.00,0.00
2015.12.09 15:03:38.470,10.81009,10.81311,0.00,0.00
2015.12.09 15:03:38.706,10.80959,10.81291,0.00,0.00
2015.12.09 15:03:38.859,10.81008,10.81301,0.00,0.00
2015.12.09 15:03:38.910,10.81008,10.81312,0.00,0.00
2015.12.09 15:03:39.011,10.81059,10.81321,0.00,0.00
2015.12.09 15:03:39.111,10.81059,10.81349,0.00,0.00
2015.12.09 15:03:39.162,10.81059,10.81332,0.00,0.00
2015.12.09 15:03:39.263,10.81058,10.81351,0.00,0.00
2015.12.09 15:03:39.314,10.81058,10.81379,0.00,0.00
2015.12.09 15:03:39.589,10.81069,10.81392,0.00,0.00
2015.12.09 15:03:39.858,10.81058,10.81392,0.00,0.00
2015.12.09 15:03:40.211,10.81108,10.81392,0.00,0.00
2015.12.09 15:03:40.261,10.81108,10.81439,0.00,0.00
2015.12.09 15:03:40.826,10.8112,10.81439,0.00,0.00
2015.12.09 15:03:41.131,10.81159,10.81462,0.00,0.00
2015.12.09 15:03:41.182,10.81159,10.81469,0.00,0.00
2015.12.09 15:03:41.422,10.81119,10.81391,0.00,0.00
2015.12.09 15:03:41.473,10.81059,10.81391,0.00,0.00
2015.12.09 15:03:42.477,10.81059,10.8138,0.00,0.00
2015.12.09 15:03:42.756,10.81059,10.81391,0.00,0.00
2015.12.09 15:03:43.355,10.81059,10.8137,0.00,0.00
2015.12.09 15:03:43.756,10.81059,10.81378,0.00,0.00
2015.12.09 15:03:44.407,10.81059,10.81372,0.00,0.00
2015.12.09 15:03:44.509,10.81059,10.81378,0.00,0.00
2015.12.09 15:03:45.562,10.81019,10.81292,0.00,0.00
2015.12.09 15:03:45.613,10.80988,10.8129,0.00,0.00
2015.12.09 15:03:45.664,10.80988,10.81292,0.00,0.00
2015.12.09 15:03:45.715,10.80959,10.81291,0.00,0.00
2015.12.09 15:03:45.917,10.80968,10.81292,0.00,0.00
2015.12.09 15:03:46.246,10.8096,10.8127,0.00,0.00
2015.12.09 15:03:46.674,10.80958,10.81271,0.00,0.00
2015.12.09 15:03:47.119,10.80958,10.8129,0.00,0.00
2015.12.09 15:03:47.220,10.80958,10.81292,0.00,0.00
2015.12.09 15:03:47.726,10.80958,10.8129,0.00,0.00
2015.12.09 15:03:48.286,10.80958,10.81291,0.00,0.00
2015.12.09 15:03:49.178,10.80958,10.8129,0.00,0.00
2015.12.09 15:03:49.585,10.80958,10.81241,0.00,0.00
2015.12.09 15:03:49.887,10.80869,10.8115,0.00,0.00
2015.12.09 15:03:49.938,10.80858,10.8115,0.00,0.00
2015.12.09 15:03:49.989,10.80909,10.81171,0.00,0.00
2015.12.09 15:03:50.191,10.80858,10.8117,0.00,0.00
2015.12.09 15:03:50.241,10.80868,10.8117,0.00,0.00
2015.12.09 15:03:50.292,10.80858,10.8117,0.00,0.00
2015.12.09 15:03:50.343,10.80959,10.8117,0.00,0.00
2015.12.09 15:03:50.395,10.80959,10.81232,0.00,0.00
2015.12.09 15:03:50.661,10.80858,10.81161,0.00,0.00
2015.12.09 15:03:50.812,10.80858,10.81171,0.00,0.00
2015.12.09 15:03:51.118,10.80858,10.81161,0.00,0.00
2015.12.09 15:03:51.786,10.80858,10.8116,0.00,0.00
2015.12.09 15:03:52.166,10.80958,10.8116,0.00,0.00
2015.12.09 15:03:52.216,10.80958,10.81249,0.00,0.00
2015.12.09 15:03:52.336,10.80958,10.81171,0.00,0.00
2015.12.09 15:03:52.542,10.80909,10.8117,0.00,0.00
2015.12.09 15:03:53.052,10.80909,10.81171,0.00,0.00
2015.12.09 15:03:53.333,10.80859,10.8117,0.00,0.00
2015.12.09 15:03:53.614,10.80909,10.81171,0.00,0.00
2015.12.09 15:03:54.133,10.80919,10.81171,0.00,0.00
2015.12.09 15:03:54.334,10.80959,10.81249,0.00,0.00
2015.12.09 15:03:54.626,10.80919,10.81242,0.00,0.00
2015.12.09 15:03:54.677,10.80908,10.81201,0.00,0.00
2015.12.09 15:03:54.727,10.80859,10.8117,0.00,0.00
2015.12.09 15:03:55.253,10.80859,10.81171,0.00,0.00
2015.12.09 15:03:55.754,10.80859,10.8117,0.00,0.00
2015.12.09 15:03:56.016,10.80958,10.81211,0.00,0.00
2015.12.09 15:03:56.405,10.80958,10.81171,0.00,0.00
2015.12.09 15:03:56.650,10.80958,10.81241,0.00,0.00
2015.12.09 15:03:56.751,10.80958,10.81292,0.00,0.00
2015.12.09 15:03:56.852,10.80969,10.81292,0.00,0.00
2015.12.09 15:03:56.960,10.80958,10.81292,0.00,0.00
2015.12.09 15:03:57.117,10.80958,10.81281,0.00,0.00
2015.12.09 15:03:57.563,10.80958,10.81272,0.00,0.00
2015.12.09 15:03:57.865,10.80958,10.8127,0.00,0.00
2015.12.09 15:03:58.204,10.80958,10.8126,0.00,0.00
2015.12.09 15:03:58.537,10.80958,10.81201,0.00,0.00
2015.12.09 15:03:58.588,10.80909,10.81201,0.00,0.00
2015.12.09 15:03:58.638,10.80909,10.8119,0.00,0.00
2015.12.09 15:03:58.689,10.80888,10.8119,0.00,0.00
2015.12.09 15:03:58.740,10.80859,10.81191,0.00,0.00
2015.12.09 15:03:58.901,10.80859,10.81181,0.00,0.00
2015.12.09 15:03:58.952,10.80859,10.81191,0.00,0.00
2015.12.09 15:03:59.003,10.80859,10.81188,0.00,0.00
2015.12.09 15:03:59.376,10.80859,10.81181,0.00,0.00
2015.12.09 15:04:00.029,10.80859,10.8118,0.00,0.00
2015.12.09 15:04:00.130,10.80859,10.81188,0.00,0.00
2015.12.09 15:04:00.205,10.80859,10.81191,0.00,0.00
2015.12.09 15:04:00.441,10.80859,10.81189,0.00,0.00
2015.12.09 15:04:00.782,10.80859,10.8118,0.00,0.00
2015.12.09 15:04:01.233,10.80859,10.81162,0.00,0.00
2015.12.09 15:04:01.987,10.80859,10.81161,0.00,0.00
2015.12.09 15:04:02.491,10.80859,10.8116,0.00,0.00
2015.12.09 15:04:03.093,10.80859,10.81141,0.00,0.00
2015.12.09 15:04:03.252,10.80859,10.8116,0.00,0.00
2015.12.09 15:04:03.793,10.80859,10.81079,0.00,0.00
2015.12.09 15:04:03.843,10.8082,10.81042,0.00,0.00
2015.12.09 15:04:03.894,10.80809,10.81009,0.00,0.00
2015.12.09 15:04:04.046,10.80658,10.8098,0.00,0.00
2015.12.09 15:04:04.096,10.80658,10.80941,0.00,0.00
2015.12.09 15:04:04.279,10.80619,10.80941,0.00,0.00
2015.12.09 15:04:04.481,10.80659,10.80942,0.00,0.00
2015.12.09 15:04:04.532,10.80659,10.80992,0.00,0.00
2015.12.09 15:04:04.645,10.80668,10.80992,0.00,0.00
2015.12.09 15:04:04.746,10.80659,10.80992,0.00,0.00
2015.12.09 15:04:05.073,10.80669,10.80992,0.00,0.00
2015.12.09 15:04:05.173,10.80709,10.81039,0.00,0.00
2015.12.09 15:04:05.224,10.80722,10.81042,0.00,0.00
2015.12.09 15:04:05.275,10.80758,10.81092,0.00,0.00
2015.12.09 15:04:05.672,10.80779,10.81092,0.00,0.00
2015.12.09 15:04:06.082,10.80762,10.81092,0.00,0.00
2015.12.09 15:04:06.133,10.80762,10.81042,0.00,0.00
2015.12.09 15:04:06.234,10.80728,10.81042,0.00,0.00
2015.12.09 15:04:06.285,10.80758,10.8107,0.00,0.00
2015.12.09 15:04:06.958,10.80709,10.81041,0.00,0.00
2015.12.09 15:04:07.496,10.80708,10.81041,0.00,0.00
2015.12.09 15:04:08.222,10.80698,10.80991,0.00,0.00
2015.12.09 15:04:08.458,10.80758,10.81081,0.00,0.00
2015.12.09 15:04:08.509,10.80758,10.81092,0.00,0.00
2015.12.09 15:04:09.080,10.80759,10.81092,0.00,0.00
2015.12.09 15:04:09.156,10.80778,10.81092,0.00,0.00
2015.12.09 15:04:09.357,10.80758,10.81092,0.00,0.00
2015.12.09 15:04:09.408,10.80761,10.81092,0.00,0.00
2015.12.09 15:04:09.726,10.80769,10.81092,0.00,0.00
2015.12.09 15:04:10.063,10.80859,10.8116,0.00,0.00
2015.12.09 15:04:10.660,10.80859,10.81161,0.00,0.00
2015.12.09 15:04:10.964,10.80868,10.81161,0.00,0.00
2015.12.09 15:04:11.115,10.80859,10.8116,0.00,0.00
2015.12.09 15:04:11.387,10.80859,10.81191,0.00,0.00
2015.12.09 15:04:12.242,10.80922,10.81211,0.00,0.00
2015.12.09 15:04:12.292,10.80922,10.81242,0.00,0.00
2015.12.09 15:04:12.343,10.80958,10.81252,0.00,0.00
2015.12.09 15:04:12.394,10.80958,10.81292,0.00,0.00
2015.12.09 15:04:12.667,10.80958,10.81282,0.00,0.00
2015.12.09 15:04:12.968,10.80958,10.81262,0.00,0.00
2015.12.09 15:04:13.069,10.80958,10.81281,0.00,0.00
2015.12.09 15:04:13.120,10.80958,10.8127,0.00,0.00
2015.12.09 15:04:13.400,10.80958,10.81292,0.00,0.00
2015.12.09 15:04:13.469,10.80958,10.81282,0.00,0.00
2015.12.09 15:04:13.570,10.80958,10.81292,0.00,0.00
2015.12.09 15:04:13.974,10.81021,10.81311,0.00,0.00
2015.12.09 15:04:14.125,10.80982,10.81292,0.00,0.00
2015.12.09 15:04:16.082,10.80982,10.81291,0.00,0.00
2015.12.09 15:04:18.981,10.80982,10.8117,0.00,0.00
2015.12.09 15:04:19.485,10.80982,10.81171,0.00,0.00
2015.12.09 15:04:20.013,10.80982,10.8117,0.00,0.00
2015.12.09 15:04:20.296,10.80982,10.81291,0.00,0.00
2015.12.09 15:04:21.054,10.81058,10.81332,0.00,0.00
2015.12.09 15:04:21.105,10.81058,10.81341,0.00,0.00
2015.12.09 15:04:21.256,10.81058,10.81382,0.00,0.00
2015.12.09 15:04:21.489,10.81058,10.81352,0.00,0.00
2015.12.09 15:04:21.686,10.81058,10.81382,0.00,0.00
2015.12.09 15:04:21.790,10.81058,10.81361,0.00,0.00
2015.12.09 15:04:22.114,10.81058,10.81341,0.00,0.00
2015.12.09 15:04:22.291,10.81058,10.81362,0.00,0.00
2015.12.09 15:04:22.518,10.81058,10.81341,0.00,0.00
2015.12.09 15:04:22.592,10.81058,10.81381,0.00,0.00
2015.12.09 15:04:22.792,10.81058,10.81362,0.00,0.00
2015.12.09 15:04:22.893,10.81058,10.81381,0.00,0.00
2015.12.09 15:04:23.374,10.81058,10.8134,0.00,0.00
2015.12.09 15:04:23.729,10.81058,10.81321,0.00,0.00
2015.12.09 15:04:23.796,10.81058,10.81332,0.00,0.00
2015.12.09 15:04:23.897,10.81019,10.81322,0.00,0.00
2015.12.09 15:04:23.948,10.81008,10.81311,0.00,0.00
2015.12.09 15:04:24.049,10.80971,10.81291,0.00,0.00
2015.12.09 15:04:24.300,10.80971,10.81262,0.00,0.00
2015.12.09 15:04:24.401,10.80971,10.81291,0.00,0.00
2015.12.09 15:04:24.502,10.80971,10.81252,0.00,0.00
2015.12.09 15:04:24.603,10.80971,10.81261,0.00,0.00
2015.12.09 15:04:24.704,10.80971,10.81252,0.00,0.00
2015.12.09 15:04:24.805,10.80971,10.81291,0.00,0.00
2015.12.09 15:04:24.928,10.80971,10.81282,0.00,0.00
2015.12.09 15:04:25.386,10.80971,10.81261,0.00,0.00
2015.12.09 15:04:26.461,10.80971,10.8126,0.00,0.00
2015.12.09 15:04:26.779,10.80971,10.81242,0.00,0.00
2015.12.09 15:04:27.434,10.80942,10.81241,0.00,0.00
2015.12.09 15:04:27.484,10.80942,10.8111,0.00,0.00
2015.12.09 15:04:27.535,10.80909,10.8111,0.00,0.00
2015.12.09 15:04:27.586,10.80909,10.8112,0.00,0.00
2015.12.09 15:04:27.687,10.80858,10.81132,0.00,0.00
2015.12.09 15:04:27.788,10.80858,10.81142,0.00,0.00
2015.12.09 15:04:27.994,10.80858,10.81192,0.00,0.00
2015.12.09 15:04:28.045,10.80858,10.8115,0.00,0.00
2015.12.09 15:04:28.096,10.80858,10.8116,0.00,0.00
2015.12.09 15:04:28.353,10.80858,10.81162,0.00,0.00
2015.12.09 15:04:28.455,10.80858,10.8117,0.00,0.00
2015.12.09 15:04:28.556,10.80858,10.81162,0.00,0.00
2015.12.09 15:04:28.914,10.80858,10.81171,0.00,0.00
2015.12.09 15:04:29.289,10.80858,10.81132,0.00,0.00
2015.12.09 15:04:29.340,10.80858,10.81142,0.00,0.00
2015.12.09 15:04:29.648,10.80858,10.81132,0.00,0.00
2015.12.09 15:04:29.749,10.80858,10.81171,0.00,0.00
2015.12.09 15:04:30.373,10.80858,10.81172,0.00,0.00
2015.12.09 15:04:30.423,10.80858,10.8117,0.00,0.00
2015.12.09 15:04:31.218,10.80858,10.81172,0.00,0.00
2015.12.09 15:04:31.269,10.80909,10.81181,0.00,0.00
2015.12.09 15:04:31.436,10.80862,10.81181,0.00,0.00
2015.12.09 15:04:31.487,10.80862,10.81191,0.00,0.00
2015.12.09 15:04:31.643,10.80862,10.81162,0.00,0.00
2015.12.09 15:04:32.049,10.80862,10.8119,0.00,0.00
2015.12.09 15:04:32.251,10.80901,10.8119,0.00,0.00
2015.12.09 15:04:32.608,10.80908,10.8121,0.00,0.00
2015.12.09 15:04:33.228,10.80908,10.81211,0.00,0.00
2015.12.09 15:04:33.805,10.80908,10.8121,0.00,0.00
2015.12.09 15:04:34.437,10.80908,10.81211,0.00,0.00
2015.12.09 15:04:34.639,10.80919,10.81211,0.00,0.00
2015.12.09 15:04:34.973,10.80958,10.8121,0.00,0.00
2015.12.09 15:04:35.024,10.80958,10.8125,0.00,0.00
2015.12.09 15:04:35.078,10.80958,10.81241,0.00,0.00
2015.12.09 15:04:35.179,10.80958,10.81261,0.00,0.00
2015.12.09 15:04:35.287,10.80958,10.81271,0.00,0.00
2015.12.09 15:04:35.338,10.80958,10.81252,0.00,0.00
2015.12.09 15:04:35.946,10.80958,10.81271,0.00,0.00
2015.12.09 15:04:36.135,10.80958,10.81241,0.00,0.00
2015.12.09 15:04:36.186,10.80958,10.81271,0.00,0.00
2015.12.09 15:04:36.350,10.80958,10.81262,0.00,0.00
2015.12.09 15:04:36.721,10.80958,10.81242,0.00,0.00
2015.12.09 15:04:37.151,10.80958,10.81232,0.00,0.00
2015.12.09 15:04:37.847,10.80958,10.8126,0.00,0.00
2015.12.09 15:04:37.898,10.80958,10.81271,0.00,0.00
2015.12.09 15:04:38.160,10.80958,10.81242,0.00,0.00
2015.12.09 15:04:38.489,10.80958,10.8127,0.00,0.00
2015.12.09 15:04:38.540,10.80962,10.8127,0.00,0.00
2015.12.09 15:04:39.081,10.80962,10.81271,0.00,0.00
2015.12.09 15:04:39.526,10.81009,10.81301,0.00,0.00
2015.12.09 15:04:39.843,10.81009,10.8127,0.00,0.00
2015.12.09 15:04:40.172,10.81058,10.81271,0.00,0.00
2015.12.09 15:04:40.273,10.81058,10.81311,0.00,0.00
2015.12.09 15:04:40.324,10.80989,10.81292,0.00,0.00
2015.12.09 15:04:40.375,10.80971,10.81282,0.00,0.00
2015.12.09 15:04:40.557,10.81009,10.81312,0.00,0.00
2015.12.09 15:04:40.608,10.81009,10.81321,0.00,0.00
2015.12.09 15:04:40.658,10.81009,10.81301,0.00,0.00
2015.12.09 15:04:40.905,10.81009,10.81312,0.00,0.00
2015.12.09 15:04:40.958,10.81009,10.81341,0.00,0.00
2015.12.09 15:04:41.059,10.81009,10.81321,0.00,0.00
2015.12.09 15:04:42.035,10.81041,10.81341,0.00,0.00
2015.12.09 15:04:42.091,10.81058,10.81372,0.00,0.00
2015.12.09 15:04:42.162,10.81058,10.81332,0.00,0.00
2015.12.09 15:04:42.264,10.81058,10.81351,0.00,0.00
2015.12.09 15:04:42.378,10.81058,10.81332,0.00,0.00
2015.12.09 15:04:42.664,10.81058,10.81351,0.00,0.00
2015.12.09 15:04:42.765,10.81058,10.81362,0.00,0.00
2015.12.09 15:04:42.866,10.81058,10.81352,0.00,0.00
2015.12.09 15:04:43.487,10.81058,10.81372,0.00,0.00
2015.12.09 15:04:43.767,10.81058,10.81341,0.00,0.00
2015.12.09 15:04:43.868,10.81058,10.81382,0.00,0.00
2015.12.09 15:04:44.270,10.81058,10.81391,0.00,0.00
2015.12.09 15:04:44.816,10.81058,10.81392,0.00,0.00
2015.12.09 15:04:44.972,10.81058,10.81361,0.00,0.00
2015.12.09 15:04:45.273,10.81058,10.81381,0.00,0.00
2015.12.09 15:04:45.674,10.81058,10.81352,0.00,0.00
2015.12.09 15:04:45.775,10.81058,10.81381,0.00,0.00
2015.12.09 15:04:46.403,10.81058,10.81392,0.00,0.00
2015.12.09 15:04:46.579,10.81058,10.81382,0.00,0.00
2015.12.09 15:04:46.680,10.81058,10.81392,0.00,0.00
2015.12.09 15:04:47.214,10.81058,10.81382,0.00,0.00
2015.12.09 15:04:47.682,10.81058,10.81391,0.00,0.00
2015.12.09 15:04:47.783,10.81072,10.81391,0.00,0.00
2015.12.09 15:04:47.884,10.81069,10.81392,0.00,0.00
2015.12.09 15:04:47.935,10.81061,10.81392,0.00,0.00
2015.12.09 15:04:48.239,10.81061,10.81381,0.00,0.00
2015.12.09 15:04:48.586,10.81058,10.81351,0.00,0.00
2015.12.09 15:04:48.807,10.81058,10.8137,0.00,0.00
2015.12.09 15:04:48.858,10.81058,10.81381,0.00,0.00
2015.12.09 15:04:48.908,10.81058,10.81352,0.00,0.00
2015.12.09 15:04:48.988,10.81058,10.81381,0.00,0.00
2015.12.09 15:04:49.556,10.81058,10.8138,0.00,0.00
2015.12.09 15:04:49.611,10.81058,10.81371,0.00,0.00
2015.12.09 15:04:49.762,10.81062,10.81382,0.00,0.00
2015.12.09 15:04:49.813,10.81062,10.81391,0.00,0.00
2015.12.09 15:04:49.891,10.81062,10.81381,0.00,0.00
2015.12.09 15:04:50.193,10.81062,10.81392,0.00,0.00
2015.12.09 15:04:50.393,10.81159,10.81451,0.00,0.00
2015.12.09 15:04:50.444,10.81159,10.81491,0.00,0.00
2015.12.09 15:04:50.495,10.81159,10.81462,0.00,0.00
2015.12.09 15:04:50.797,10.81108,10.81411,0.00,0.00
2015.12.09 15:04:51.098,10.81158,10.81411,0.00,0.00
2015.12.09 15:04:51.149,10.81158,10.81452,0.00,0.00
2015.12.09 15:04:51.200,10.81158,10.81461,0.00,0.00
2015.12.09 15:04:51.301,10.81158,10.81492,0.00,0.00
2015.12.09 15:04:51.564,10.81158,10.81482,0.00,0.00
2015.12.09 15:04:51.718,10.81158,10.81492,0.00,0.00
2015.12.09 15:04:51.869,10.81141,10.81391,0.00,0.00
2015.12.09 15:04:51.970,10.81118,10.81391,0.00,0.00
2015.12.09 15:04:52.021,10.81071,10.81391,0.00,0.00
2015.12.09 15:04:52.071,10.81108,10.8141,0.00,0.00
2015.12.09 15:04:52.172,10.81108,10.8144,0.00,0.00
2015.12.09 15:04:52.678,10.81159,10.8144,0.00,0.00
2015.12.09 15:04:52.730,10.81159,10.81491,0.00,0.00
2015.12.09 15:04:53.542,10.81159,10.81481,0.00,0.00
2015.12.09 15:04:53.910,10.81159,10.81491,0.00,0.00
2015.12.09 15:04:54.061,10.81242,10.81512,0.00,0.00
2015.12.09 15:04:54.112,10.81242,10.81541,0.00,0.00
2015.12.09 15:04:54.263,10.81259,10.81571,0.00,0.00
2015.12.09 15:04:54.411,10.81259,10.81552,0.00,0.00
2015.12.09 15:04:54.512,10.81259,10.81571,0.00,0.00
2015.12.09 15:04:54.671,10.81259,10.81582,0.00,0.00
2015.12.09 15:04:54.722,10.81259,10.81552,0.00,0.00
2015.12.09 15:04:54.929,10.81259,10.81581,0.00,0.00
2015.12.09 15:04:55.124,10.81259,10.81572,0.00,0.00
2015.12.09 15:04:55.225,10.81259,10.81582,0.00,0.00
2015.12.09 15:04:55.883,10.81259,10.8154,0.00,0.00
2015.12.09 15:04:55.933,10.81241,10.8154,0.00,0.00
2015.12.09 15:04:56.133,10.81259,10.81541,0.00,0.00
2015.12.09 15:04:56.234,10.81259,10.81581,0.00,0.00
2015.12.09 15:04:56.542,10.81259,10.81551,0.00,0.00
2015.12.09 15:04:56.874,10.81259,10.81541,0.00,0.00
2015.12.09 15:04:56.925,10.81259,10.81552,0.00,0.00
2015.12.09 15:04:57.356,10.81259,10.81572,0.00,0.00
2015.12.09 15:04:57.525,10.81259,10.81552,0.00,0.00
2015.12.09 15:04:57.869,10.81259,10.81532,0.00,0.00
2015.12.09 15:04:58.362,10.81259,10.81552,0.00,0.00
2015.12.09 15:04:58.463,10.81259,10.81531,0.00,0.00
2015.12.09 15:04:58.620,10.81259,10.81561,0.00,0.00
2015.12.09 15:04:58.678,10.81259,10.81581,0.00,0.00
2015.12.09 15:04:58.729,10.81259,10.81552,0.00,0.00
2015.12.09 15:04:59.049,10.81259,10.81531,0.00,0.00
2015.12.09 15:04:59.132,10.81259,10.81552,0.00,0.00
2015.12.09 15:04:59.532,10.81259,10.81561,0.00,0.00
2015.12.09 15:04:59.633,10.81259,10.81551,0.00,0.00
2015.12.09 15:05:00.020,10.81259,10.81541,0.00,0.00
2015.12.09 15:05:00.136,10.81259,10.81552,0.00,0.00
2015.12.09 15:05:00.237,10.81259,10.81571,0.00,0.00
2015.12.09 15:05:00.338,10.81259,10.81542,0.00,0.00
2015.12.09 15:05:00.671,10.81209,10.81501,0.00,0.00
2015.12.09 15:05:00.773,10.81221,10.81481,0.00,0.00
2015.12.09 15:05:00.874,10.81221,10.81491,0.00,0.00
2015.12.09 15:05:00.940,10.81221,10.81501,0.00,0.00
2015.12.09 15:05:00.991,10.81221,10.81531,0.00,0.00
2015.12.09 15:05:01.041,10.81221,10.81502,0.00,0.00
2015.12.09 15:05:01.436,10.81191,10.81492,0.00,0.00
2015.12.09 15:05:01.542,10.81191,10.81451,0.00,0.00
2015.12.09 15:05:01.849,10.81191,10.81442,0.00,0.00
2015.12.09 15:05:01.949,10.81191,10.81482,0.00,0.00
2015.12.09 15:05:02.050,10.81191,10.81442,0.00,0.00
2015.12.09 15:05:02.162,10.81191,10.81462,0.00,0.00
2015.12.09 15:05:02.213,10.81181,10.81462,0.00,0.00
2015.12.09 15:05:02.443,10.81181,10.81452,0.00,0.00
2015.12.09 15:05:02.595,10.81171,10.81451,0.00,0.00
2015.12.09 15:05:02.757,10.81171,10.81441,0.00,0.00
2015.12.09 15:05:02.960,10.81171,10.81461,0.00,0.00
2015.12.09 15:05:03.073,10.81158,10.81442,0.00,0.00
2015.12.09 15:05:03.381,10.81158,10.81432,0.00,0.00
2015.12.09 15:05:03.853,10.81158,10.81452,0.00,0.00
2015.12.09 15:05:04.056,10.81109,10.81391,0.00,0.00
2015.12.09 15:05:04.163,10.81092,10.81382,0.00,0.00
2015.12.09 15:05:04.264,10.81092,10.81361,0.00,0.00
2015.12.09 15:05:04.365,10.81092,10.81392,0.00,0.00
2015.12.09 15:05:04.416,10.81121,10.814,0.00,0.00
2015.12.09 15:05:04.871,10.81122,10.81391,0.00,0.00
2015.12.09 15:05:04.974,10.81122,10.8142,0.00,0.00
2015.12.09 15:05:06.170,10.81122,10.81421,0.00,0.00
2015.12.09 15:05:06.425,10.81122,10.81441,0.00,0.00
2015.12.09 15:05:06.877,10.81122,10.81411,0.00,0.00
2015.12.09 15:05:06.978,10.81122,10.81431,0.00,0.00
2015.12.09 15:05:07.306,10.81122,10.81441,0.00,0.00
2015.12.09 15:05:07.357,10.81159,10.81441,0.00,0.00
2015.12.09 15:05:07.407,10.81159,10.81462,0.00,0.00
2015.12.09 15:05:07.458,10.81158,10.81451,0.00,0.00
2015.12.09 15:05:07.559,10.81159,10.81492,0.00,0.00
2015.12.09 15:05:07.811,10.81201,10.81472,0.00,0.00
2015.12.09 15:05:08.113,10.81131,10.81392,0.00,0.00
2015.12.09 15:05:08.299,10.81131,10.81401,0.00,0.00
2015.12.09 15:05:08.350,10.81131,10.8144,0.00,0.00
2015.12.09 15:05:08.401,10.81131,10.81421,0.00,0.00
2015.12.09 15:05:08.502,10.81158,10.81452,0.00,0.00
2015.12.09 15:05:08.603,10.81158,10.81472,0.00,0.00
2015.12.09 15:05:08.786,10.81158,10.81462,0.00,0.00
2015.12.09 15:05:10.191,10.81158,10.81471,0.00,0.00
2015.12.09 15:05:11.007,10.81158,10.81461,0.00,0.00
2015.12.09 15:05:11.713,10.81158,10.81451,0.00,0.00
2015.12.09 15:05:11.814,10.81158,10.81482,0.00,0.00
2015.12.09 15:05:11.865,10.81158,10.81411,0.00,0.00
2015.12.09 15:05:12.269,10.81158,10.81442,0.00,0.00
2015.12.09 15:05:12.370,10.81158,10.8142,0.00,0.00
2015.12.09 15:05:12.633,10.81119,10.81421,0.00,0.00
2015.12.09 15:05:12.686,10.81112,10.814,0.00,0.00
2015.12.09 15:05:12.736,10.81108,10.814,0.00,0.00
2015.12.09 15:05:12.787,10.81131,10.81391,0.00,0.00
2015.12.09 15:05:12.902,10.81131,10.81401,0.00,0.00
2015.12.09 15:05:13.434,10.81131,10.81391,0.00,0.00
2015.12.09 15:05:13.535,10.81059,10.81391,0.00,0.00
2015.12.09 15:05:13.586,10.81059,10.81371,0.00,0.00
2015.12.09 15:05:15.351,10.81059,10.81351,0.00,0.00
2015.12.09 15:05:16.009,10.81059,10.8136,0.00,0.00
2015.12.09 15:05:16.060,10.81131,10.8136,0.00,0.00
2015.12.09 15:05:16.110,10.81131,10.814,0.00,0.00
2015.12.09 15:05:16.161,10.81159,10.814,0.00,0.00
2015.12.09 15:05:16.212,10.81159,10.81438,0.00,0.00
2015.12.09 15:05:16.436,10.81159,10.8146,0.00,0.00
2015.12.09 15:05:16.771,10.81159,10.81431,0.00,0.00
2015.12.09 15:05:16.822,10.81159,10.81461,0.00,0.00
2015.12.09 15:05:17.100,10.81159,10.81471,0.00,0.00
2015.12.09 15:05:17.201,10.81159,10.81441,0.00,0.00
2015.12.09 15:05:17.822,10.81172,10.81441,0.00,0.00
2015.12.09 15:05:17.875,10.81172,10.81461,0.00,0.00
2015.12.09 15:05:17.926,10.81172,10.81442,0.00,0.00
2015.12.09 15:05:18.190,10.81172,10.81491,0.00,0.00
2015.12.09 15:05:18.323,10.81172,10.81481,0.00,0.00
2015.12.09 15:05:18.774,10.81172,10.81452,0.00,0.00
2015.12.09 15:05:18.825,10.81159,10.81451,0.00,0.00
2015.12.09 15:05:18.930,10.81159,10.81431,0.00,0.00
2015.12.09 15:05:19.633,10.81159,10.81442,0.00,0.00
2015.12.09 15:05:20.135,10.81159,10.81431,0.00,0.00
2015.12.09 15:05:20.236,10.81159,10.81441,0.00,0.00
2015.12.09 15:05:20.405,10.81159,10.81461,0.00,0.00
2015.12.09 15:05:20.456,10.81182,10.81461,0.00,0.00
2015.12.09 15:05:20.507,10.81182,10.8148,0.00,0.00
2015.12.09 15:05:20.836,10.81182,10.81491,0.00,0.00
2015.12.09 15:05:21.129,10.81182,10.81462,0.00,0.00
2015.12.09 15:05:21.241,10.81182,10.81491,0.00,0.00
2015.12.09 15:05:21.470,10.81191,10.81491,0.00,0.00
2015.12.09 15:05:22.539,10.81159,10.8145,0.00,0.00
2015.12.09 15:05:23.133,10.81159,10.81432,0.00,0.00
2015.12.09 15:05:23.234,10.81121,10.81411,0.00,0.00
2015.12.09 15:05:23.346,10.81121,10.81401,0.00,0.00
2015.12.09 15:05:23.447,10.81121,10.81411,0.00,0.00
2015.12.09 15:05:23.799,10.81108,10.81411,0.00,0.00
2015.12.09 15:05:23.850,10.81091,10.81351,0.00,0.00
2015.12.09 15:05:23.901,10.81062,10.81351,0.00,0.00
2015.12.09 15:05:24.036,10.81062,10.81341,0.00,0.00
2015.12.09 15:05:24.150,10.81062,10.8136,0.00,0.00
2015.12.09 15:05:24.201,10.81058,10.8136,0.00,0.00
2015.12.09 15:05:24.337,10.81091,10.81342,0.00,0.00
2015.12.09 15:05:24.451,10.81091,10.81391,0.00,0.00
2015.12.09 15:05:25.182,10.81091,10.8139,0.00,0.00
2015.12.09 15:05:25.408,10.81091,10.81382,0.00,0.00
2015.12.09 15:05:25.614,10.81081,10.81382,0.00,0.00
2015.12.09 15:05:25.841,10.81081,10.81391,0.00,0.00
2015.12.09 15:05:26.068,10.81072,10.81391,0.00,0.00
2015.12.09 15:05:26.119,10.81072,10.81371,0.00,0.00
2015.12.09 15:05:26.510,10.81058,10.8137,0.00,0.00
2015.12.09 15:05:27.081,10.81058,10.81371,0.00,0.00
2015.12.09 15:05:27.284,10.81071,10.81371,0.00,0.00
2015.12.09 15:05:27.335,10.81071,10.8138,0.00,0.00
2015.12.09 15:05:27.530,10.81071,10.81372,0.00,0.00
2015.12.09 15:05:27.739,10.81071,10.8138,0.00,0.00
2015.12.09 15:05:27.841,10.81082,10.81391,0.00,0.00
2015.12.09 15:05:28.145,10.81082,10.81382,0.00,0.00
2015.12.09 15:05:28.246,10.81082,10.81392,0.00,0.00
2015.12.09 15:05:28.297,10.81091,10.81392,0.00,0.00
2015.12.09 15:05:28.869,10.81091,10.81382,0.00,0.00
2015.12.09 15:05:29.155,10.81091,10.81392,0.00,0.00
2015.12.09 15:05:29.359,10.81108,10.81372,0.00,0.00
2015.12.09 15:05:29.461,10.81172,10.81442,0.00,0.00
2015.12.09 15:05:29.618,10.81172,10.81482,0.00,0.00
2015.12.09 15:05:29.997,10.81172,10.81491,0.00,0.00
2015.12.09 15:05:30.048,10.81181,10.81491,0.00,0.00
2015.12.09 15:05:30.569,10.81172,10.8148,0.00,0.00
2015.12.09 15:05:30.827,10.81172,10.81491,0.00,0.00
2015.12.09 15:05:30.928,10.81172,10.81481,0.00,0.00
2015.12.09 15:05:31.039,10.81172,10.81491,0.00,0.00
2015.12.09 15:05:31.202,10.81172,10.81471,0.00,0.00
2015.12.09 15:05:31.368,10.81172,10.81481,0.00,0.00
2015.12.09 15:05:31.420,10.81172,10.81462,0.00,0.00
2015.12.09 15:05:31.731,10.81172,10.81481,0.00,0.00
2015.12.09 15:05:31.822,10.81172,10.81491,0.00,0.00
2015.12.09 15:05:31.923,10.81172,10.81461,0.00,0.00
2015.12.09 15:05:32.024,10.81172,10.8148,0.00,0.00
2015.12.09 15:05:32.379,10.81172,10.81462,0.00,0.00
2015.12.09 15:05:32.703,10.81172,10.81452,0.00,0.00
2015.12.09 15:05:32.753,10.81172,10.81461,0.00,0.00
2015.12.09 15:05:32.859,10.81172,10.81442,0.00,0.00
2015.12.09 15:05:32.910,10.81159,10.81442,0.00,0.00
2015.12.09 15:05:33.225,10.81159,10.81451,0.00,0.00
2015.12.09 15:05:33.326,10.81159,10.81461,0.00,0.00
2015.12.09 15:05:33.827,10.81159,10.8146,0.00,0.00
2015.12.09 15:05:33.877,10.81181,10.81482,0.00,0.00
2015.12.09 15:05:33.928,10.81181,10.81491,0.00,0.00
2015.12.09 15:05:34.130,10.81181,10.81472,0.00,0.00
2015.12.09 15:05:34.231,10.81181,10.8149,0.00,0.00
2015.12.09 15:05:34.332,10.81181,10.81481,0.00,0.00
2015.12.09 15:05:34.781,10.81242,10.81472,0.00,0.00
2015.12.09 15:05:34.832,10.81258,10.81551,0.00,0.00
2015.12.09 15:05:34.934,10.81258,10.81541,0.00,0.00
2015.12.09 15:05:34.985,10.81209,10.81531,0.00,0.00
2015.12.09 15:05:35.036,10.81209,10.81511,0.00,0.00
2015.12.09 15:05:35.238,10.81209,10.81531,0.00,0.00
2015.12.09 15:05:35.431,10.81209,10.81522,0.00,0.00
2015.12.09 15:05:35.800,10.81259,10.81522,0.00,0.00
2015.12.09 15:05:35.851,10.81259,10.81531,0.00,0.00
2015.12.09 15:05:35.969,10.81259,10.81502,0.00,0.00
2015.12.09 15:05:36.019,10.81211,10.81491,0.00,0.00
2015.12.09 15:05:36.171,10.81211,10.81472,0.00,0.00
2015.12.09 15:05:36.232,10.81211,10.8154,0.00,0.00
2015.12.09 15:05:36.875,10.81208,10.8154,0.00,0.00
2015.12.09 15:05:37.055,10.81211,10.81512,0.00,0.00
2015.12.09 15:05:37.358,10.81201,10.81491,0.00,0.00
2015.12.09 15:05:37.559,10.81259,10.81571,0.00,0.00
2015.12.09 15:05:37.665,10.81259,10.81541,0.00,0.00
2015.12.09 15:05:37.936,10.81259,10.81562,0.00,0.00
2015.12.09 15:05:38.170,10.81259,10.81551,0.00,0.00
2015.12.09 15:05:38.271,10.81259,10.81562,0.00,0.00
2015.12.09 15:05:38.372,10.81259,10.81571,0.00,0.00
2015.12.09 15:05:38.646,10.81259,10.81552,0.00,0.00
2015.12.09 15:05:38.747,10.81259,10.81581,0.00,0.00
2015.12.09 15:05:39.039,10.81259,10.81572,0.00,0.00
2015.12.09 15:05:39.385,10.81259,10.81542,0.00,0.00
2015.12.09 15:05:39.487,10.81259,10.81572,0.00,0.00
2015.12.09 15:05:39.540,10.81259,10.81581,0.00,0.00
2015.12.09 15:05:39.968,10.81259,10.81571,0.00,0.00
2015.12.09 15:05:40.543,10.81259,10.81551,0.00,0.00
2015.12.09 15:05:40.943,10.81259,10.81542,0.00,0.00
2015.12.09 15:05:41.044,10.81259,10.81572,0.00,0.00
2015.12.09 15:05:41.145,10.81259,10.8159,0.00,0.00
2015.12.09 15:05:41.362,10.81259,10.81572,0.00,0.00
2015.12.09 15:05:41.842,10.81271,10.81572,0.00,0.00
2015.12.09 15:05:41.947,10.81271,10.81581,0.00,0.00
2015.12.09 15:05:42.446,10.81271,10.81561,0.00,0.00
2015.12.09 15:05:42.797,10.81271,10.81542,0.00,0.00
2015.12.09 15:05:42.921,10.81259,10.81542,0.00,0.00
2015.12.09 15:05:42.972,10.81259,10.81581,0.00,0.00
2015.12.09 15:05:43.183,10.81341,10.81562,0.00,0.00
2015.12.09 15:05:43.284,10.81361,10.81611,0.00,0.00
2015.12.09 15:05:43.384,10.81342,10.81592,0.00,0.00
2015.12.09 15:05:43.435,10.81312,10.81592,0.00,0.00
2015.12.09 15:05:43.548,10.81312,10.81572,0.00,0.00
2015.12.09 15:05:43.649,10.81312,10.81591,0.00,0.00
2015.12.09 15:05:43.827,10.81292,10.81591,0.00,0.00
2015.12.09 15:05:43.878,10.81292,10.81552,0.00,0.00
2015.12.09 15:05:44.296,10.81292,10.81541,0.00,0.00
2015.12.09 15:05:44.347,10.81292,10.81582,0.00,0.00
2015.12.09 15:05:44.450,10.81292,10.81561,0.00,0.00
2015.12.09 15:05:44.952,10.81291,10.81541,0.00,0.00
2015.12.09 15:05:45.661,10.81291,10.81532,0.00,0.00
2015.12.09 15:05:45.996,10.81191,10.81462,0.00,0.00
2015.12.09 15:05:46.053,10.81191,10.81482,0.00,0.00
2015.12.09 15:05:46.254,10.81191,10.81462,0.00,0.00
2015.12.09 15:05:46.683,10.81191,10.81472,0.00,0.00
2015.12.09 15:05:47.001,10.81191,10.81462,0.00,0.00
2015.12.09 15:05:47.257,10.81191,10.81482,0.00,0.00
2015.12.09 15:05:47.576,10.81191,10.81452,0.00,0.00
2015.12.09 15:05:47.677,10.81191,10.81481,0.00,0.00
2015.12.09 15:05:47.838,10.81191,10.81492,0.00,0.00
2015.12.09 15:05:47.889,10.81191,10.81462,0.00,0.00
2015.12.09 15:05:47.990,10.81191,10.81472,0.00,0.00
2015.12.09 15:05:48.375,10.81191,10.81481,0.00,0.00
2015.12.09 15:05:48.527,10.81191,10.81492,0.00,0.00
2015.12.09 15:05:48.779,10.81191,10.81472,0.00,0.00
2015.12.09 15:05:49.125,10.81181,10.81441,0.00,0.00
2015.12.09 15:05:49.277,10.81161,10.81431,0.00,0.00
2015.12.09 15:05:49.327,10.81161,10.8139,0.00,0.00
2015.12.09 15:05:49.378,10.8112,10.8139,0.00,0.00
2015.12.09 15:05:49.429,10.81092,10.81381,0.00,0.00
2015.12.09 15:05:49.580,10.81091,10.81371,0.00,0.00
2015.12.09 15:05:49.681,10.81091,10.81381,0.00,0.00
2015.12.09 15:05:49.969,10.81091,10.81371,0.00,0.00
2015.12.09 15:05:50.270,10.81171,10.81438,0.00,0.00
2015.12.09 15:05:50.576,10.81191,10.81438,0.00,0.00
2015.12.09 15:05:50.778,10.81191,10.81472,0.00,0.00
2015.12.09 15:05:50.978,10.81191,10.81491,0.00,0.00
2015.12.09 15:05:51.251,10.81191,10.81441,0.00,0.00
2015.12.09 15:05:51.302,10.81172,10.81441,0.00,0.00
2015.12.09 15:05:51.535,10.81172,10.81461,0.00,0.00
2015.12.09 15:05:51.586,10.81182,10.81472,0.00,0.00
2015.12.09 15:05:52.040,10.81182,10.81441,0.00,0.00
2015.12.09 15:05:52.141,10.81191,10.81481,0.00,0.00
2015.12.09 15:05:52.192,10.81191,10.8149,0.00,0.00
2015.12.09 15:05:52.476,10.81191,10.81472,0.00,0.00
2015.12.09 15:05:52.568,10.81191,10.81491,0.00,0.00
2015.12.09 15:05:52.945,10.81191,10.8147,0.00,0.00
2015.12.09 15:05:53.046,10.81182,10.8147,0.00,0.00
2015.12.09 15:05:53.097,10.81182,10.81442,0.00,0.00
2015.12.09 15:05:53.301,10.81182,10.81451,0.00,0.00
2015.12.09 15:05:53.402,10.81182,10.81461,0.00,0.00
2015.12.09 15:05:53.672,10.81191,10.8146,0.00,0.00
2015.12.09 15:05:53.793,10.81191,10.81492,0.00,0.00
2015.12.09 15:05:53.960,10.81258,10.81501,0.00,0.00
2015.12.09 15:05:54.161,10.81241,10.81501,0.00,0.00
2015.12.09 15:05:54.313,10.81241,10.81492,0.00,0.00
2015.12.09 15:05:54.364,10.81208,10.81481,0.00,0.00
2015.12.09 15:05:54.414,10.81191,10.81451,0.00,0.00
2015.12.09 15:05:54.515,10.81191,10.81461,0.00,0.00
2015.12.09 15:05:54.574,10.81191,10.81481,0.00,0.00
2015.12.09 15:05:55.114,10.81191,10.81462,0.00,0.00
2015.12.09 15:05:55.217,10.81191,10.8149,0.00,0.00
2015.12.09 15:05:55.724,10.81191,10.81491,0.00,0.00
2015.12.09 15:05:56.171,10.81208,10.815,0.00,0.00
2015.12.09 15:05:56.501,10.81241,10.81522,0.00,0.00
2015.12.09 15:05:56.577,10.81241,10.81532,0.00,0.00
2015.12.09 15:05:57.092,10.81241,10.81522,0.00,0.00
2015.12.09 15:05:57.402,10.81291,10.81591,0.00,0.00
2015.12.09 15:05:57.503,10.81291,10.81562,0.00,0.00
2015.12.09 15:05:57.802,10.81291,10.81591,0.00,0.00
2015.12.09 15:05:58.106,10.81291,10.81561,0.00,0.00
2015.12.09 15:05:58.330,10.81281,10.81552,0.00,0.00
2015.12.09 15:05:58.431,10.81281,10.8156,0.00,0.00
2015.12.09 15:05:58.482,10.81281,10.81552,0.00,0.00
2015.12.09 15:05:59.185,10.81281,10.81542,0.00,0.00
2015.12.09 15:05:59.735,10.81271,10.8156,0.00,0.00
2015.12.09 15:05:59.922,10.81242,10.81542,0.00,0.00
2015.12.09 15:05:59.984,10.81192,10.8148,0.00,0.00
2015.12.09 15:06:00.288,10.81231,10.81481,0.00,0.00
2015.12.09 15:06:00.339,10.81231,10.81522,0.00,0.00
2015.12.09 15:06:00.390,10.81272,10.81542,0.00,0.00
2015.12.09 15:06:00.441,10.81272,10.81551,0.00,0.00
2015.12.09 15:06:00.790,10.81272,10.81531,0.00,0.00
2015.12.09 15:06:01.139,10.81241,10.81492,0.00,0.00
2015.12.09 15:06:01.240,10.81262,10.81551,0.00,0.00
2015.12.09 15:06:01.391,10.81262,10.81521,0.00,0.00
2015.12.09 15:06:01.492,10.81262,10.81551,0.00,0.00
2015.12.09 15:06:01.543,10.81262,10.81562,0.00,0.00
2015.12.09 15:06:01.594,10.81262,10.8157,0.00,0.00
2015.12.09 15:06:01.695,10.81262,10.81562,0.00,0.00
2015.12.09 15:06:02.008,10.81272,10.81492,0.00,0.00
2015.12.09 15:06:02.059,10.81242,10.81492,0.00,0.00
2015.12.09 15:06:02.272,10.81242,10.81472,0.00,0.00
2015.12.09 15:06:02.323,10.81191,10.81461,0.00,0.00
2015.12.09 15:06:02.395,10.81191,10.81442,0.00,0.00
2015.12.09 15:06:02.496,10.81191,10.81461,0.00,0.00
2015.12.09 15:06:02.547,10.81209,10.81461,0.00,0.00
2015.12.09 15:06:02.648,10.81241,10.81511,0.00,0.00
2015.12.09 15:06:02.749,10.81241,10.81532,0.00,0.00
2015.12.09 15:06:03.000,10.81241,10.81511,0.00,0.00
2015.12.09 15:06:03.344,10.81191,10.81482,0.00,0.00
2015.12.09 15:06:03.398,10.81191,10.81462,0.00,0.00
2015.12.09 15:06:03.599,10.81191,10.81491,0.00,0.00
2015.12.09 15:06:03.700,10.81191,10.81471,0.00,0.00
2015.12.09 15:06:03.865,10.81142,10.81432,0.00,0.00
2015.12.09 15:06:03.916,10.81172,10.81442,0.00,0.00
2015.12.09 15:06:04.051,10.81172,10.81471,0.00,0.00
2015.12.09 15:06:04.367,10.81191,10.81431,0.00,0.00
2015.12.09 15:06:04.418,10.81191,10.81492,0.00,0.00
2015.12.09 15:06:04.520,10.81191,10.81471,0.00,0.00
2015.12.09 15:06:04.851,10.81191,10.81491,0.00,0.00
2015.12.09 15:06:05.354,10.81192,10.81491,0.00,0.00
2015.12.09 15:06:05.854,10.81209,10.81501,0.00,0.00
2015.12.09 15:06:06.159,10.81231,10.81501,0.00,0.00
2015.12.09 15:06:06.470,10.81259,10.815,0.00,0.00
2015.12.09 15:06:06.520,10.81259,10.81522,0.00,0.00
2015.12.09 15:06:06.656,10.81259,10.815,0.00,0.00
2015.12.09 15:06:06.707,10.81241,10.81492,0.00,0.00
2015.12.09 15:06:06.908,10.81241,10.815,0.00,0.00
2015.12.09 15:06:07.160,10.81258,10.81539,0.00,0.00
2015.12.09 15:06:07.211,10.81261,10.81539,0.00,0.00
2015.12.09 15:06:07.431,10.81261,10.81561,0.00,0.00
2015.12.09 15:06:07.482,10.81282,10.8156,0.00,0.00
2015.12.09 15:06:07.881,10.81282,10.81571,0.00,0.00
2015.12.09 15:06:07.932,10.81282,10.81561,0.00,0.00
2015.12.09 15:06:08.011,10.81282,10.81571,0.00,0.00
2015.12.09 15:06:08.670,10.81282,10.81552,0.00,0.00
2015.12.09 15:06:08.730,10.81282,10.8158,0.00,0.00
2015.12.09 15:06:09.214,10.81282,10.81572,0.00,0.00
2015.12.09 15:06:09.531,10.81282,10.81562,0.00,0.00
2015.12.09 15:06:09.895,10.81282,10.81571,0.00,0.00
2015.12.09 15:06:10.067,10.81291,10.81592,0.00,0.00
2015.12.09 15:06:10.319,10.81308,10.81642,0.00,0.00
2015.12.09 15:06:10.369,10.8132,10.81642,0.00,0.00
2015.12.09 15:06:10.688,10.81342,10.81631,0.00,0.00
2015.12.09 15:06:11.087,10.81358,10.81631,0.00,0.00
2015.12.09 15:06:11.389,10.81342,10.81612,0.00,0.00
2015.12.09 15:06:11.540,10.81342,10.8163,0.00,0.00
2015.12.09 15:06:11.641,10.81342,10.81611,0.00,0.00
2015.12.09 15:06:11.845,10.81342,10.8163,0.00,0.00
2015.12.09 15:06:11.896,10.81359,10.81632,0.00,0.00
2015.12.09 15:06:11.946,10.81372,10.81652,0.00,0.00
2015.12.09 15:06:12.352,10.81372,10.81641,0.00,0.00
2015.12.09 15:06:12.835,10.81372,10.81622,0.00,0.00
2015.12.09 15:06:13.087,10.81342,10.81631,0.00,0.00
2015.12.09 15:06:13.578,10.81342,10.81611,0.00,0.00
2015.12.09 15:06:14.168,10.81359,10.81642,0.00,0.00
2015.12.09 15:06:14.229,10.81359,10.81661,0.00,0.00
2015.12.09 15:06:14.280,10.81382,10.81662,0.00,0.00
2015.12.09 15:06:14.331,10.81382,10.81672,0.00,0.00
2015.12.09 15:06:14.382,10.81382,10.81661,0.00,0.00
2015.12.09 15:06:14.753,10.81382,10.81652,0.00,0.00
2015.12.09 15:06:15.133,10.81382,10.81661,0.00,0.00
2015.12.09 15:06:15.234,10.81382,10.81632,0.00,0.00
2015.12.09 15:06:15.661,10.81392,10.81641,0.00,0.00
2015.12.09 15:06:15.885,10.81341,10.81591,0.00,0.00
2015.12.09 15:06:15.986,10.81341,10.81571,0.00,0.00
2015.12.09 15:06:16.037,10.81309,10.81551,0.00,0.00
2015.12.09 15:06:16.088,10.81291,10.81551,0.00,0.00
2015.12.09 15:06:16.290,10.81291,10.81561,0.00,0.00
2015.12.09 15:06:16.341,10.81291,10.81541,0.00,0.00
2015.12.09 15:06:16.450,10.81291,10.81551,0.00,0.00
2015.12.09 15:06:16.650,10.81281,10.81551,0.00,0.00
2015.12.09 15:06:16.869,10.81281,10.81541,0.00,0.00
2015.12.09 15:06:17.161,10.81281,10.8155,0.00,0.00
2015.12.09 15:06:17.465,10.81292,10.81571,0.00,0.00
2015.12.09 15:06:18.088,10.81292,10.8157,0.00,0.00
2015.12.09 15:06:18.250,10.81292,10.81561,0.00,0.00
2015.12.09 15:06:18.881,10.81292,10.81541,0.00,0.00
2015.12.09 15:06:18.991,10.81281,10.81541,0.00,0.00
2015.12.09 15:06:19.240,10.81281,10.8158,0.00,0.00
2015.12.09 15:06:19.291,10.81281,10.81531,0.00,0.00
2015.12.09 15:06:19.639,10.81281,10.8152,0.00,0.00
2015.12.09 15:06:19.689,10.81281,10.81541,0.00,0.00
2015.12.09 15:06:19.740,10.81242,10.81541,0.00,0.00
2015.12.09 15:06:19.791,10.81242,10.81512,0.00,0.00
2015.12.09 15:06:19.894,10.81242,10.81541,0.00,0.00
2015.12.09 15:06:20.095,10.81242,10.81532,0.00,0.00
2015.12.09 15:06:20.446,10.81241,10.81541,0.00,0.00
2015.12.09 15:06:20.548,10.81258,10.8156,0.00,0.00
2015.12.09 15:06:20.608,10.81291,10.8156,0.00,0.00
2015.12.09 15:06:20.659,10.81291,10.81581,0.00,0.00
2015.12.09 15:06:20.849,10.81291,10.81591,0.00,0.00
2015.12.09 15:06:21.049,10.81291,10.81562,0.00,0.00
2015.12.09 15:06:21.151,10.81291,10.81571,0.00,0.00
2015.12.09 15:06:21.352,10.81291,10.81582,0.00,0.00
2015.12.09 15:06:21.655,10.81291,10.81572,0.00,0.00
2015.12.09 15:06:21.783,10.81291,10.8158,0.00,0.00
2015.12.09 15:06:21.848,10.81291,10.81562,0.00,0.00
2015.12.09 15:06:22.153,10.81291,10.81551,0.00,0.00
2015.12.09 15:06:22.449,10.81291,10.81562,0.00,0.00
2015.12.09 15:06:23.050,10.81291,10.81542,0.00,0.00
2015.12.09 15:06:23.262,10.81281,10.81551,0.00,0.00
2015.12.09 15:06:23.363,10.81292,10.8155,0.00,0.00
2015.12.09 15:06:23.938,10.81292,10.81551,0.00,0.00
2015.12.09 15:06:24.212,10.81292,10.81562,0.00,0.00
2015.12.09 15:06:24.263,10.81292,10.81571,0.00,0.00
2015.12.09 15:06:25.354,10.81292,10.81581,0.00,0.00
2015.12.09 15:06:25.405,10.81292,10.8156,0.00,0.00
2015.12.09 15:06:25.729,10.81281,10.81541,0.00,0.00
2015.12.09 15:06:25.856,10.81281,10.81561,0.00,0.00
2015.12.09 15:06:26.071,10.81291,10.8157,0.00,0.00
2015.12.09 15:06:26.374,10.81282,10.81541,0.00,0.00
2015.12.09 15:06:26.559,10.81282,10.8155,0.00,0.00
2015.12.09 15:06:26.660,10.81282,10.81541,0.00,0.00
2015.12.09 15:06:26.764,10.81282,10.8155,0.00,0.00
2015.12.09 15:06:27.282,10.81282,10.81561,0.00,0.00
2015.12.09 15:06:27.333,10.81282,10.81581,0.00,0.00
2015.12.09 15:06:27.484,10.81282,10.81571,0.00,0.00
2015.12.09 15:06:27.980,10.81282,10.81581,0.00,0.00
2015.12.09 15:06:28.031,10.81282,10.8157,0.00,0.00
2015.12.09 15:06:28.366,10.81358,10.8157,0.00,0.00
2015.12.09 15:06:28.778,10.81282,10.81561,0.00,0.00
2015.12.09 15:06:28.879,10.81282,10.81591,0.00,0.00
2015.12.09 15:06:28.930,10.81309,10.81592,0.00,0.00
2015.12.09 15:06:28.980,10.81309,10.81641,0.00,0.00
2015.12.09 15:06:29.031,10.81341,10.81642,0.00,0.00
2015.12.09 15:06:29.333,10.81308,10.81572,0.00,0.00
2015.12.09 15:06:29.384,10.81291,10.81562,0.00,0.00
2015.12.09 15:06:29.486,10.81282,10.81552,0.00,0.00
2015.12.09 15:06:30.077,10.81282,10.81551,0.00,0.00
2015.12.09 15:06:30.279,10.81292,10.81591,0.00,0.00
2015.12.09 15:06:30.513,10.81291,10.81571,0.00,0.00
2015.12.09 15:06:30.614,10.81291,10.81591,0.00,0.00
2015.12.09 15:06:30.717,10.81331,10.81602,0.00,0.00
2015.12.09 15:06:30.983,10.81281,10.81562,0.00,0.00
2015.12.09 15:06:31.035,10.81281,10.8157,0.00,0.00
2015.12.09 15:06:31.086,10.81281,10.81551,0.00,0.00
2015.12.09 15:06:31.323,10.81281,10.8157,0.00,0.00
2015.12.09 15:06:31.430,10.81281,10.81581,0.00,0.00
2015.12.09 15:06:31.481,10.81281,10.81572,0.00,0.00
2015.12.09 15:06:31.784,10.81219,10.81482,0.00,0.00
2015.12.09 15:06:31.835,10.81212,10.81481,0.00,0.00
2015.12.09 15:06:31.886,10.81212,10.81461,0.00,0.00
2015.12.09 15:06:32.284,10.81212,10.81471,0.00,0.00
2015.12.09 15:06:32.511,10.81192,10.81471,0.00,0.00
2015.12.09 15:06:32.686,10.81192,10.81462,0.00,0.00
2015.12.09 15:06:33.086,10.81208,10.81501,0.00,0.00
2015.12.09 15:06:33.137,10.81232,10.81501,0.00,0.00
2015.12.09 15:06:33.188,10.81232,10.8151,0.00,0.00
2015.12.09 15:06:33.289,10.81232,10.8154,0.00,0.00
2015.12.09 15:06:33.340,10.81242,10.81541,0.00,0.00
2015.12.09 15:06:33.687,10.81191,10.81462,0.00,0.00
2015.12.09 15:06:33.890,10.81291,10.81582,0.00,0.00
2015.12.09 15:06:34.195,10.81291,10.81562,0.00,0.00
2015.12.09 15:06:34.647,10.81291,10.8157,0.00,0.00
2015.12.09 15:06:34.698,10.81291,10.81541,0.00,0.00
2015.12.09 15:06:34.914,10.81291,10.81551,0.00,0.00
2015.12.09 15:06:35.015,10.81291,10.81561,0.00,0.00
2015.12.09 15:06:35.116,10.81291,10.81551,0.00,0.00
2015.12.09 15:06:35.420,10.81209,10.8146,0.00,0.00
2015.12.09 15:06:35.471,10.81209,10.81471,0.00,0.00
2015.12.09 15:06:35.521,10.81232,10.81441,0.00,0.00
2015.12.09 15:06:35.622,10.81232,10.81482,0.00,0.00
2015.12.09 15:06:35.846,10.81191,10.81482,0.00,0.00
2015.12.09 15:06:35.897,10.81191,10.81471,0.00,0.00
2015.12.09 15:06:36.208,10.81258,10.8149,0.00,0.00
2015.12.09 15:06:36.310,10.81209,10.81491,0.00,0.00
2015.12.09 15:06:36.411,10.81191,10.81472,0.00,0.00
2015.12.09 15:06:36.807,10.81192,10.81491,0.00,0.00
2015.12.09 15:06:36.924,10.81192,10.81482,0.00,0.00
2015.12.09 15:06:37.176,10.81091,10.81391,0.00,0.00
2015.12.09 15:06:37.378,10.81108,10.8139,0.00,0.00
2015.12.09 15:06:37.680,10.81142,10.81391,0.00,0.00
2015.12.09 15:06:37.731,10.81092,10.81391,0.00,0.00
2015.12.09 15:06:37.781,10.81092,10.81381,0.00,0.00
2015.12.09 15:06:38.146,10.81092,10.81371,0.00,0.00
2015.12.09 15:06:38.205,10.81092,10.8138,0.00,0.00
2015.12.09 15:06:38.356,10.81092,10.81391,0.00,0.00
2015.12.09 15:06:39.051,10.81092,10.8139,0.00,0.00
2015.12.09 15:06:39.107,10.81092,10.81381,0.00,0.00
2015.12.09 15:06:39.437,10.81171,10.8148,0.00,0.00
2015.12.09 15:06:39.488,10.81191,10.81482,0.00,0.00
2015.12.09 15:06:39.539,10.81191,10.81491,0.00,0.00
2015.12.09 15:06:39.741,10.81191,10.81472,0.00,0.00
2015.12.09 15:06:39.842,10.81191,10.81491,0.00,0.00
2015.12.09 15:06:40.572,10.81208,10.81491,0.00,0.00
2015.12.09 15:06:40.700,10.81191,10.81491,0.00,0.00
2015.12.09 15:06:40.851,10.81191,10.81482,0.00,0.00
2015.12.09 15:06:41.313,10.81191,10.8149,0.00,0.00
2015.12.09 15:06:41.465,10.81209,10.81491,0.00,0.00
2015.12.09 15:06:41.516,10.81209,10.81501,0.00,0.00
2015.12.09 15:06:41.566,10.81242,10.8151,0.00,0.00
2015.12.09 15:06:41.969,10.81242,10.81431,0.00,0.00
2015.12.09 15:06:42.020,10.81191,10.81431,0.00,0.00
2015.12.09 15:06:42.121,10.81191,10.81472,0.00,0.00
2015.12.09 15:06:42.322,10.81191,10.81451,0.00,0.00
2015.12.09 15:06:42.524,10.81191,10.81471,0.00,0.00
2015.12.09 15:06:42.625,10.81191,10.8149,0.00,0.00
2015.12.09 15:06:43.080,10.81191,10.81481,0.00,0.00
2015.12.09 15:06:43.383,10.81191,10.81471,0.00,0.00
2015.12.09 15:06:43.685,10.81192,10.8149,0.00,0.00
2015.12.09 15:06:43.736,10.81192,10.81452,0.00,0.00
2015.12.09 15:06:44.047,10.81192,10.81472,0.00,0.00
2015.12.09 15:06:44.098,10.81259,10.81472,0.00,0.00
2015.12.09 15:06:44.148,10.81259,10.81502,0.00,0.00
2015.12.09 15:06:44.199,10.81282,10.81502,0.00,0.00
2015.12.09 15:06:44.350,10.81282,10.8154,0.00,0.00
2015.12.09 15:06:44.401,10.81282,10.81562,0.00,0.00
2015.12.09 15:06:44.452,10.81291,10.81541,0.00,0.00
2015.12.09 15:06:44.553,10.81308,10.81582,0.00,0.00
2015.12.09 15:06:44.653,10.81292,10.8159,0.00,0.00
2015.12.09 15:06:44.755,10.81292,10.81562,0.00,0.00
2015.12.09 15:06:45.149,10.81332,10.81602,0.00,0.00
2015.12.09 15:06:45.301,10.81292,10.8157,0.00,0.00
2015.12.09 15:06:45.402,10.81292,10.81582,0.00,0.00
2015.12.09 15:06:45.452,10.81292,10.81562,0.00,0.00
2015.12.09 15:06:45.553,10.81292,10.81591,0.00,0.00
2015.12.09 15:06:45.604,10.81292,10.8158,0.00,0.00
2015.12.09 15:06:45.926,10.81292,10.81551,0.00,0.00
2015.12.09 15:06:46.027,10.81292,10.81572,0.00,0.00
2015.12.09 15:06:46.460,10.81291,10.81561,0.00,0.00
2015.12.09 15:06:46.510,10.81282,10.81561,0.00,0.00
2015.12.09 15:06:46.561,10.81282,10.81532,0.00,0.00
2015.12.09 15:06:46.767,10.81291,10.81561,0.00,0.00
2015.12.09 15:06:46.969,10.81282,10.81532,0.00,0.00
2015.12.09 15:06:47.070,10.81282,10.81542,0.00,0.00
2015.12.09 15:06:47.171,10.81282,10.81572,0.00,0.00
2015.12.09 15:06:47.272,10.81282,10.81542,0.00,0.00
2015.12.09 15:06:47.524,10.81292,10.81562,0.00,0.00
2015.12.09 15:06:47.574,10.81292,10.81552,0.00,0.00
2015.12.09 15:06:47.676,10.81292,10.81571,0.00,0.00
2015.12.09 15:06:47.856,10.81308,10.81552,0.00,0.00
2015.12.09 15:06:47.957,10.81331,10.81601,0.00,0.00
2015.12.09 15:06:48.638,10.81331,10.816,0.00,0.00
2015.12.09 15:06:48.934,10.81342,10.81601,0.00,0.00
2015.12.09 15:06:49.941,10.81282,10.8155,0.00,0.00
2015.12.09 15:06:50.045,10.81292,10.8156,0.00,0.00
2015.12.09 15:06:50.385,10.81332,10.81582,0.00,0.00
2015.12.09 15:06:50.486,10.81332,10.8161,0.00,0.00
2015.12.09 15:06:51.144,10.81291,10.8159,0.00,0.00
2015.12.09 15:06:51.257,10.81291,10.81561,0.00,0.00
2015.12.09 15:06:51.699,10.81281,10.81531,0.00,0.00
2015.12.09 15:06:51.750,10.81292,10.8159,0.00,0.00
2015.12.09 15:06:52.067,10.81292,10.81582,0.00,0.00
2015.12.09 15:06:52.389,10.81372,10.8163,0.00,0.00
2015.12.09 15:06:52.442,10.81372,10.81642,0.00,0.00
2015.12.09 15:06:52.543,10.81372,10.8164,0.00,0.00
2015.12.09 15:06:52.594,10.81342,10.81632,0.00,0.00
2015.12.09 15:06:52.644,10.81342,10.81592,0.00,0.00
2015.12.09 15:06:52.892,10.81342,10.81601,0.00,0.00
2015.12.09 15:06:52.945,10.81342,10.81632,0.00,0.00
2015.12.09 15:06:53.801,10.81359,10.81632,0.00,0.00
2015.12.09 15:06:54.003,10.81291,10.81572,0.00,0.00
2015.12.09 15:06:54.237,10.81291,10.8159,0.00,0.00
2015.12.09 15:06:54.534,10.81309,10.8159,0.00,0.00
2015.12.09 15:06:54.685,10.81342,10.81631,0.00,0.00
2015.12.09 15:06:55.051,10.81342,10.81641,0.00,0.00
2015.12.09 15:06:55.152,10.81342,10.81622,0.00,0.00
2015.12.09 15:06:55.504,10.81342,10.81611,0.00,0.00
2015.12.09 15:06:55.557,10.81342,10.81632,0.00,0.00
2015.12.09 15:06:56.354,10.81342,10.81641,0.00,0.00
2015.12.09 15:06:57.056,10.81342,10.81622,0.00,0.00
2015.12.09 15:06:57.157,10.81342,10.81641,0.00,0.00
2015.12.09 15:06:57.207,10.81371,10.81642,0.00,0.00
2015.12.09 15:06:57.258,10.81371,10.8166,0.00,0.00
2015.12.09 15:06:57.558,10.81371,10.81631,0.00,0.00
2015.12.09 15:06:57.659,10.81371,10.81661,0.00,0.00
2015.12.09 15:06:57.710,10.81371,10.81671,0.00,0.00
2015.12.09 15:06:57.765,10.81371,10.81661,0.00,0.00
2015.12.09 15:06:58.298,10.81371,10.81631,0.00,0.00
2015.12.09 15:06:58.461,10.81371,10.8164,0.00,0.00
2015.12.09 15:06:58.722,10.81391,10.81641,0.00,0.00
2015.12.09 15:06:59.163,10.81391,10.81652,0.00,0.00
2015.12.09 15:06:59.371,10.81391,10.8167,0.00,0.00
2015.12.09 15:06:59.472,10.81381,10.8167,0.00,0.00
2015.12.09 15:06:59.864,10.81381,10.81652,0.00,0.00
2015.12.09 15:06:59.965,10.81381,10.81671,0.00,0.00
2015.12.09 15:07:00.067,10.81381,10.81651,0.00,0.00
2015.12.09 15:07:00.165,10.81381,10.8167,0.00,0.00
2015.12.09 15:07:00.518,10.81392,10.8167,0.00,0.00
2015.12.09 15:07:00.817,10.81392,10.81681,0.00,0.00
2015.12.09 15:07:00.986,10.81459,10.81671,0.00,0.00
2015.12.09 15:07:01.087,10.81482,10.81732,0.00,0.00
2015.12.09 15:07:01.170,10.81482,10.81742,0.00,0.00
2015.12.09 15:07:01.271,10.81482,10.8176,0.00,0.00
2015.12.09 15:07:01.322,10.81482,10.81751,0.00,0.00
2015.12.09 15:07:01.575,10.81482,10.81771,0.00,0.00
2015.12.09 15:07:01.783,10.81482,10.81761,0.00,0.00
2015.12.09 15:07:01.872,10.81482,10.81771,0.00,0.00
2015.12.09 15:07:02.057,10.81482,10.8174,0.00,0.00
2015.12.09 15:07:02.110,10.81472,10.81741,0.00,0.00
2015.12.09 15:07:02.161,10.81491,10.81741,0.00,0.00
2015.12.09 15:07:02.274,10.81491,10.8179,0.00,0.00
2015.12.09 15:07:02.486,10.81491,10.81772,0.00,0.00
2015.12.09 15:07:02.676,10.81491,10.81791,0.00,0.00
2015.12.09 15:07:03.194,10.81491,10.81762,0.00,0.00
2015.12.09 15:07:03.295,10.81491,10.81791,0.00,0.00
2015.12.09 15:07:03.601,10.81491,10.81771,0.00,0.00
2015.12.09 15:07:03.678,10.81491,10.81791,0.00,0.00
2015.12.09 15:07:03.779,10.81541,10.81761,0.00,0.00
2015.12.09 15:07:03.880,10.81541,10.8179,0.00,0.00
2015.12.09 15:07:03.981,10.81492,10.81791,0.00,0.00
2015.12.09 15:07:04.031,10.81541,10.81802,0.00,0.00
2015.12.09 15:07:04.082,10.81541,10.8184,0.00,0.00
2015.12.09 15:07:04.237,10.81541,10.81831,0.00,0.00
2015.12.09 15:07:04.541,10.81558,10.81801,0.00,0.00
2015.12.09 15:07:04.592,10.81542,10.81801,0.00,0.00
2015.12.09 15:07:04.643,10.81542,10.8184,0.00,0.00
2015.12.09 15:07:04.694,10.81542,10.81811,0.00,0.00
2015.12.09 15:07:04.916,10.81542,10.81831,0.00,0.00
2015.12.09 15:07:05.093,10.81542,10.81812,0.00,0.00
2015.12.09 15:07:05.265,10.81491,10.81791,0.00,0.00
2015.12.09 15:07:05.317,10.81491,10.81752,0.00,0.00
2015.12.09 15:07:05.702,10.81481,10.81741,0.00,0.00
2015.12.09 15:07:06.031,10.81481,10.81772,0.00,0.00
2015.12.09 15:07:06.132,10.81481,10.81751,0.00,0.00
2015.12.09 15:07:06.439,10.81491,10.81752,0.00,0.00
2015.12.09 15:07:06.489,10.81491,10.81772,0.00,0.00
2015.12.09 15:07:06.590,10.81491,10.81781,0.00,0.00
2015.12.09 15:07:06.691,10.81491,10.81791,0.00,0.00
2015.12.09 15:07:06.792,10.81509,10.81802,0.00,0.00
2015.12.09 15:07:07.094,10.81491,10.81762,0.00,0.00
2015.12.09 15:07:07.644,10.81491,10.81742,0.00,0.00
2015.12.09 15:07:08.509,10.81491,10.81761,0.00,0.00
2015.12.09 15:07:09.592,10.81491,10.81742,0.00,0.00
2015.12.09 15:07:09.893,10.81491,10.81762,0.00,0.00
2015.12.09 15:07:09.944,10.81481,10.81751,0.00,0.00
2015.12.09 15:07:10.246,10.81491,10.81762,0.00,0.00
2015.12.09 15:07:10.297,10.81508,10.81791,0.00,0.00
2015.12.09 15:07:10.540,10.81552,10.81791,0.00,0.00
2015.12.09 15:07:10.591,10.81552,10.81822,0.00,0.00
2015.12.09 15:07:10.695,10.81552,10.81812,0.00,0.00
2015.12.09 15:07:10.924,10.81552,10.81822,0.00,0.00
2015.12.09 15:07:11.025,10.81552,10.81832,0.00,0.00
2015.12.09 15:07:11.633,10.81491,10.81752,0.00,0.00
2015.12.09 15:07:11.799,10.81491,10.8176,0.00,0.00
2015.12.09 15:07:12.300,10.81491,10.81751,0.00,0.00
2015.12.09 15:07:12.856,10.81491,10.81731,0.00,0.00
2015.12.09 15:07:13.008,10.81491,10.81752,0.00,0.00
2015.12.09 15:07:13.059,10.8152,10.81752,0.00,0.00
2015.12.09 15:07:13.109,10.8152,10.81782,0.00,0.00
2015.12.09 15:07:13.160,10.81508,10.81782,0.00,0.00
2015.12.09 15:07:13.211,10.81508,10.81791,0.00,0.00
2015.12.09 15:07:13.312,10.81501,10.8179,0.00,0.00
2015.12.09 15:07:13.403,10.81501,10.81762,0.00,0.00
2015.12.09 15:07:14.104,10.81501,10.81791,0.00,0.00
2015.12.09 15:07:14.304,10.81501,10.81751,0.00,0.00
2015.12.09 15:07:14.651,10.81501,10.81782,0.00,0.00
2015.12.09 15:07:14.702,10.81508,10.81782,0.00,0.00
2015.12.09 15:07:15.006,10.81552,10.81801,0.00,0.00
2015.12.09 15:07:15.308,10.81552,10.81831,0.00,0.00
2015.12.09 15:07:15.908,10.81552,10.81841,0.00,0.00
2015.12.09 15:07:16.009,10.81552,10.81832,0.00,0.00
2015.12.09 15:07:16.865,10.81558,10.81832,0.00,0.00
2015.12.09 15:07:17.167,10.81582,10.81802,0.00,0.00
2015.12.09 15:07:17.218,10.81582,10.81872,0.00,0.00
2015.12.09 15:07:17.268,10.81601,10.81872,0.00,0.00
2015.12.09 15:07:17.319,10.81601,10.81882,0.00,0.00
2015.12.09 15:07:17.526,10.81601,10.81872,0.00,0.00
2015.12.09 15:07:17.781,10.81601,10.81881,0.00,0.00
2015.12.09 15:07:17.832,10.81601,10.81751,0.00,0.00
2015.12.09 15:07:17.934,10.81552,10.81781,0.00,0.00
2015.12.09 15:07:17.985,10.81552,10.81792,0.00,0.00
2015.12.09 15:07:18.086,10.81551,10.81801,0.00,0.00
2015.12.09 15:07:18.187,10.81551,10.81841,0.00,0.00
2015.12.09 15:07:18.338,10.81551,10.81831,0.00,0.00
2015.12.09 15:07:19.516,10.81551,10.81841,0.00,0.00
2015.12.09 15:07:19.617,10.81551,10.81822,0.00,0.00
2015.12.09 15:07:20.183,10.81559,10.81832,0.00,0.00
2015.12.09 15:07:20.234,10.81582,10.81861,0.00,0.00
2015.12.09 15:07:20.348,10.81572,10.81861,0.00,0.00
2015.12.09 15:07:20.449,10.81572,10.81821,0.00,0.00
2015.12.09 15:07:20.618,10.81591,10.81842,0.00,0.00
2015.12.09 15:07:20.750,10.81591,10.81861,0.00,0.00
2015.12.09 15:07:20.851,10.81591,10.81872,0.00,0.00
2015.12.09 15:07:21.052,10.81591,10.81891,0.00,0.00
2015.12.09 15:07:21.393,10.81601,10.81861,0.00,0.00
2015.12.09 15:07:21.444,10.81559,10.81861,0.00,0.00
2015.12.09 15:07:21.495,10.81519,10.81791,0.00,0.00
2015.12.09 15:07:21.658,10.81469,10.81751,0.00,0.00
2015.12.09 15:07:21.709,10.81459,10.81721,0.00,0.00
2015.12.09 15:07:21.961,10.81359,10.8168,0.00,0.00
2015.12.09 15:07:22.012,10.81359,10.8167,0.00,0.00
2015.12.09 15:07:22.421,10.81359,10.8166,0.00,0.00
2015.12.09 15:07:22.718,10.81359,10.81662,0.00,0.00
2015.12.09 15:07:22.769,10.81359,10.81681,0.00,0.00
2015.12.09 15:07:22.820,10.81359,10.81671,0.00,0.00
2015.12.09 15:07:23.121,10.81359,10.81652,0.00,0.00
2015.12.09 15:07:23.172,10.81359,10.8167,0.00,0.00
2015.12.09 15:07:23.223,10.81359,10.81661,0.00,0.00
2015.12.09 15:07:23.688,10.81359,10.81651,0.00,0.00
2015.12.09 15:07:23.746,10.81359,10.81661,0.00,0.00
2015.12.09 15:07:23.827,10.81359,10.81681,0.00,0.00
2015.12.09 15:07:24.528,10.81359,10.81672,0.00,0.00
2015.12.09 15:07:24.888,10.81359,10.81681,0.00,0.00
2015.12.09 15:07:25.592,10.81359,10.81691,0.00,0.00
2015.12.09 15:07:27.661,10.81359,10.8169,0.00,0.00
2015.12.09 15:07:27.963,10.81359,10.81682,0.00,0.00
2015.12.09 15:07:28.082,10.81359,10.8169,0.00,0.00
2015.12.09 15:07:28.630,10.81359,10.81691,0.00,0.00
2015.12.09 15:07:29.163,10.81359,10.8169,0.00,0.00
2015.12.09 15:07:29.438,10.81359,10.81672,0.00,0.00
2015.12.09 15:07:29.539,10.81359,10.81691,0.00,0.00
2015.12.09 15:07:30.002,10.81408,10.81691,0.00,0.00
2015.12.09 15:07:30.103,10.81419,10.81712,0.00,0.00
2015.12.09 15:07:30.282,10.81458,10.81712,0.00,0.00
2015.12.09 15:07:30.333,10.81458,10.8175,0.00,0.00
2015.12.09 15:07:30.384,10.81458,10.81731,0.00,0.00
2015.12.09 15:07:30.439,10.81458,10.81742,0.00,0.00
2015.12.09 15:07:30.490,10.81458,10.8172,0.00,0.00
2015.12.09 15:07:30.540,10.81432,10.8172,0.00,0.00
2015.12.09 15:07:30.591,10.81408,10.8166,0.00,0.00
2015.12.09 15:07:30.642,10.81401,10.8166,0.00,0.00
2015.12.09 15:07:30.742,10.81362,10.81682,0.00,0.00
2015.12.09 15:07:31.041,10.81362,10.81691,0.00,0.00
2015.12.09 15:07:31.091,10.81362,10.8164,0.00,0.00
2015.12.09 15:07:31.519,10.81361,10.81631,0.00,0.00
2015.12.09 15:07:32.068,10.81361,10.8163,0.00,0.00
2015.12.09 15:07:32.829,10.81361,10.81641,0.00,0.00
2015.12.09 15:07:32.880,10.81361,10.81651,0.00,0.00
2015.12.09 15:07:33.183,10.81362,10.8169,0.00,0.00
2015.12.09 15:07:33.892,10.81362,10.81691,0.00,0.00
2015.12.09 15:07:33.947,10.81362,10.81681,0.00,0.00
2015.12.09 15:07:34.266,10.81362,10.81691,0.00,0.00
2015.12.09 15:07:35.438,10.81362,10.81682,0.00,0.00
2015.12.09 15:07:36.351,10.81362,10.81691,0.00,0.00
2015.12.09 15:07:36.402,10.81432,10.81692,0.00,0.00
2015.12.09 15:07:36.452,10.81432,10.81741,0.00,0.00
2015.12.09 15:07:36.503,10.81409,10.8167,0.00,0.00
2015.12.09 15:07:36.663,10.81301,10.81581,0.00,0.00
2015.12.09 15:07:37.110,10.81301,10.81591,0.00,0.00
2015.12.09 15:07:37.403,10.81332,10.8159,0.00,0.00
2015.12.09 15:07:37.454,10.81332,10.81642,0.00,0.00
2015.12.09 15:07:37.505,10.81341,10.81642,0.00,0.00
2015.12.09 15:07:37.958,10.81331,10.81632,0.00,0.00
2015.12.09 15:07:38.189,10.81331,10.81641,0.00,0.00
2015.12.09 15:07:38.341,10.81358,10.81661,0.00,0.00
2015.12.09 15:07:38.527,10.81372,10.81681,0.00,0.00
2015.12.09 15:07:38.580,10.81401,10.8169,0.00,0.00
2015.12.09 15:07:39.240,10.81401,10.81691,0.00,0.00
2015.12.09 15:07:39.651,10.81358,10.8167,0.00,0.00
2015.12.09 15:07:39.702,10.81358,10.81662,0.00,0.00
2015.12.09 15:07:40.059,10.81358,10.81652,0.00,0.00
2015.12.09 15:07:40.217,10.81411,10.81712,0.00,0.00
2015.12.09 15:07:40.268,10.81451,10.8174,0.00,0.00
2015.12.09 15:07:40.717,10.81451,10.81732,0.00,0.00
2015.12.09 15:07:41.021,10.81451,10.81711,0.00,0.00
2015.12.09 15:07:41.333,10.81491,10.81712,0.00,0.00
2015.12.09 15:07:41.384,10.81491,10.81741,0.00,0.00
2015.12.09 15:07:41.434,10.81491,10.8171,0.00,0.00
2015.12.09 15:07:41.485,10.81458,10.8171,0.00,0.00
2015.12.09 15:07:41.536,10.81452,10.8171,0.00,0.00
2015.12.09 15:07:41.845,10.81452,10.81712,0.00,0.00
2015.12.09 15:07:41.945,10.81452,10.8174,0.00,0.00
2015.12.09 15:07:41.996,10.81452,10.81722,0.00,0.00
2015.12.09 15:07:42.193,10.81452,10.8174,0.00,0.00
2015.12.09 15:07:42.696,10.81452,10.81741,0.00,0.00
2015.12.09 15:07:43.331,10.81452,10.8174,0.00,0.00
2015.12.09 15:07:43.546,10.81452,10.81732,0.00,0.00
2015.12.09 15:07:43.985,10.81452,10.8174,0.00,0.00
2015.12.09 15:07:44.086,10.81452,10.81732,0.00,0.00
2015.12.09 15:07:44.272,10.81452,10.81741,0.00,0.00
2015.12.09 15:07:44.472,10.81452,10.81721,0.00,0.00
2015.12.09 15:07:44.762,10.81452,10.8174,0.00,0.00
2015.12.09 15:07:45.103,10.81452,10.81742,0.00,0.00
2015.12.09 15:07:46.152,10.81452,10.81722,0.00,0.00
2015.12.09 15:07:47.076,10.81452,10.81741,0.00,0.00
2015.12.09 15:07:47.127,10.81459,10.81741,0.00,0.00
2015.12.09 15:07:47.522,10.81451,10.81711,0.00,0.00
2015.12.09 15:07:48.769,10.81451,10.81722,0.00,0.00
2015.12.09 15:07:48.820,10.81451,10.81712,0.00,0.00
2015.12.09 15:07:48.988,10.81451,10.81722,0.00,0.00
2015.12.09 15:07:49.702,10.81451,10.81712,0.00,0.00
2015.12.09 15:07:49.782,10.81451,10.81732,0.00,0.00
2015.12.09 15:07:49.922,10.81451,10.81722,0.00,0.00
2015.12.09 15:07:50.270,10.81458,10.81701,0.00,0.00
2015.12.09 15:07:50.321,10.81412,10.8169,0.00,0.00
2015.12.09 15:07:50.873,10.81401,10.81691,0.00,0.00
2015.12.09 15:07:52.588,10.81401,10.81681,0.00,0.00
2015.12.09 15:07:52.689,10.81401,10.8169,0.00,0.00
2015.12.09 15:07:52.740,10.81401,10.81642,0.00,0.00
2015.12.09 15:07:52.790,10.81392,10.81642,0.00,0.00
2015.12.09 15:07:52.841,10.81392,10.81581,0.00,0.00
2015.12.09 15:07:53.062,10.81301,10.8153,0.00,0.00
2015.12.09 15:07:53.290,10.81308,10.81531,0.00,0.00
2015.12.09 15:07:53.391,10.81351,10.81582,0.00,0.00
2015.12.09 15:07:53.442,10.81308,10.81582,0.00,0.00
2015.12.09 15:07:53.493,10.81308,10.8159,0.00,0.00
2015.12.09 15:07:53.594,10.81301,10.8159,0.00,0.00
2015.12.09 15:07:53.896,10.81301,10.81582,0.00,0.00
2015.12.09 15:07:54.339,10.81301,10.8159,0.00,0.00
2015.12.09 15:07:55.083,10.81352,10.8159,0.00,0.00
2015.12.09 15:07:55.134,10.81352,10.8161,0.00,0.00
2015.12.09 15:07:55.303,10.81352,10.8164,0.00,0.00
2015.12.09 15:07:55.459,10.81391,10.81671,0.00,0.00
2015.12.09 15:07:55.513,10.81391,10.81691,0.00,0.00
2015.12.09 15:07:55.595,10.81391,10.81672,0.00,0.00
2015.12.09 15:07:55.897,10.81391,10.8165,0.00,0.00
2015.12.09 15:07:56.099,10.81382,10.8165,0.00,0.00
2015.12.09 15:07:56.737,10.81382,10.81651,0.00,0.00
2015.12.09 15:07:57.215,10.81391,10.81631,0.00,0.00
2015.12.09 15:07:57.327,10.81392,10.81671,0.00,0.00
2015.12.09 15:07:57.976,10.81392,10.81672,0.00,0.00
2015.12.09 15:07:58.027,10.81401,10.81672,0.00,0.00
2015.12.09 15:07:58.417,10.81401,10.81691,0.00,0.00
2015.12.09 15:07:59.054,10.81401,10.8169,0.00,0.00
2015.12.09 15:07:59.205,10.81401,10.81672,0.00,0.00
2015.12.09 15:08:00.132,10.81401,10.81691,0.00,0.00
2015.12.09 15:08:00.203,10.81401,10.81671,0.00,0.00
2015.12.09 15:08:00.435,10.81401,10.81691,0.00,0.00
2015.12.09 15:08:00.830,10.81401,10.81671,0.00,0.00
2015.12.09 15:08:01.152,10.81391,10.8164,0.00,0.00
2015.12.09 15:08:01.847,10.81391,10.81662,0.00,0.00
2015.12.09 15:08:01.899,10.81401,10.81662,0.00,0.00
2015.12.09 15:08:01.950,10.81421,10.81691,0.00,0.00
2015.12.09 15:08:02.051,10.81491,10.81741,0.00,0.00
2015.12.09 15:08:02.311,10.81491,10.81781,0.00,0.00
2015.12.09 15:08:02.412,10.81491,10.81762,0.00,0.00
2015.12.09 15:08:02.609,10.81491,10.8178,0.00,0.00
2015.12.09 15:08:02.953,10.81491,10.81651,0.00,0.00
2015.12.09 15:08:03.004,10.81441,10.81651,0.00,0.00
2015.12.09 15:08:03.105,10.81441,10.81691,0.00,0.00
2015.12.09 15:08:03.205,10.81401,10.81691,0.00,0.00
2015.12.09 15:08:03.256,10.81401,10.81682,0.00,0.00
2015.12.09 15:08:03.591,10.81401,10.8166,0.00,0.00
2015.12.09 15:08:04.006,10.81391,10.81661,0.00,0.00
2015.12.09 15:08:04.280,10.81391,10.81671,0.00,0.00
2015.12.09 15:08:04.331,10.81391,10.81652,0.00,0.00
2015.12.09 15:08:04.676,10.81451,10.81711,0.00,0.00
2015.12.09 15:08:04.727,10.81451,10.81738,0.00,0.00
2015.12.09 15:08:04.778,10.81451,10.8174,0.00,0.00
2015.12.09 15:08:04.937,10.81451,10.81731,0.00,0.00
2015.12.09 15:08:05.135,10.81451,10.81741,0.00,0.00
2015.12.09 15:08:05.851,10.81451,10.8174,0.00,0.00
2015.12.09 15:08:06.353,10.81451,10.81741,0.00,0.00
2015.12.09 15:08:06.404,10.81458,10.81741,0.00,0.00
2015.12.09 15:08:06.556,10.81458,10.81761,0.00,0.00
2015.12.09 15:08:06.657,10.81458,10.81752,0.00,0.00
2015.12.09 15:08:07.032,10.81451,10.81732,0.00,0.00
2015.12.09 15:08:07.375,10.81451,10.81712,0.00,0.00
2015.12.09 15:08:07.426,10.81451,10.81732,0.00,0.00
2015.12.09 15:08:07.527,10.81451,10.81741,0.00,0.00
2015.12.09 15:08:07.627,10.81451,10.81732,0.00,0.00
2015.12.09 15:08:07.721,10.81451,10.81741,0.00,0.00
2015.12.09 15:08:08.452,10.81451,10.81692,0.00,0.00
2015.12.09 15:08:08.503,10.81392,10.8169,0.00,0.00
2015.12.09 15:08:08.604,10.81392,10.8165,0.00,0.00
2015.12.09 15:08:08.705,10.81392,10.81661,0.00,0.00
2015.12.09 15:08:08.756,10.81392,10.8167,0.00,0.00
2015.12.09 15:08:09.007,10.81392,10.81672,0.00,0.00
2015.12.09 15:08:09.058,10.81392,10.81662,0.00,0.00
2015.12.09 15:08:09.296,10.81392,10.8168,0.00,0.00
2015.12.09 15:08:09.536,10.81392,10.81671,0.00,0.00
2015.12.09 15:08:09.839,10.81392,10.81661,0.00,0.00
2015.12.09 15:08:10.005,10.81392,10.81681,0.00,0.00
2015.12.09 15:08:10.055,10.81402,10.81681,0.00,0.00
2015.12.09 15:08:11.441,10.81402,10.8168,0.00,0.00
2015.12.09 15:08:11.849,10.81451,10.81692,0.00,0.00
2015.12.09 15:08:11.950,10.81402,10.81671,0.00,0.00
2015.12.09 15:08:12.645,10.81402,10.81661,0.00,0.00
2015.12.09 15:08:12.833,10.81402,10.8167,0.00,0.00
2015.12.09 15:08:12.991,10.81391,10.8167,0.00,0.00
2015.12.09 15:08:13.252,10.81391,10.81651,0.00,0.00
2015.12.09 15:08:13.653,10.81391,10.81661,0.00,0.00
2015.12.09 15:08:14.206,10.81391,10.8166,0.00,0.00
2015.12.09 15:08:14.503,10.81391,10.81591,0.00,0.00
2015.12.09 15:08:14.553,10.81301,10.8159,0.00,0.00
2015.12.09 15:08:15.111,10.81301,10.81591,0.00,0.00
2015.12.09 15:08:15.493,10.81359,10.81591,0.00,0.00
2015.12.09 15:08:15.644,10.81392,10.81671,0.00,0.00
2015.12.09 15:08:15.831,10.81392,10.81691,0.00,0.00
2015.12.09 15:08:16.204,10.81458,10.81711,0.00,0.00
2015.12.09 15:08:16.518,10.81451,10.8169,0.00,0.00
2015.12.09 15:08:17.032,10.81451,10.81691,0.00,0.00
2015.12.09 15:08:17.592,10.81451,10.8169,0.00,0.00
2015.12.09 15:08:18.093,10.81451,10.81691,0.00,0.00
2015.12.09 15:08:18.761,10.81451,10.8172,0.00,0.00
2015.12.09 15:08:18.812,10.81451,10.81691,0.00,0.00
2015.12.09 15:08:19.042,10.81492,10.81739,0.00,0.00
2015.12.09 15:08:19.092,10.81502,10.81739,0.00,0.00
2015.12.09 15:08:19.193,10.81451,10.8169,0.00,0.00
2015.12.09 15:08:19.810,10.81451,10.81691,0.00,0.00
2015.12.09 15:08:20.314,10.81451,10.81741,0.00,0.00
2015.12.09 15:08:20.365,10.81458,10.8175,0.00,0.00
2015.12.09 15:08:20.423,10.81501,10.81762,0.00,0.00
2015.12.09 15:08:20.474,10.81501,10.81791,0.00,0.00
2015.12.09 15:08:21.116,10.81501,10.8179,0.00,0.00
2015.12.09 15:08:21.631,10.81501,10.81791,0.00,0.00
2015.12.09 15:08:21.684,10.81501,10.81771,0.00,0.00
2015.12.09 15:08:21.990,10.81509,10.81771,0.00,0.00
2015.12.09 15:08:22.091,10.81509,10.81791,0.00,0.00
2015.12.09 15:08:22.142,10.81552,10.81791,0.00,0.00
2015.12.09 15:08:22.193,10.81552,10.81841,0.00,0.00
2015.12.09 15:08:22.246,10.81602,10.81841,0.00,0.00
2015.12.09 15:08:22.347,10.81602,10.81871,0.00,0.00
2015.12.09 15:08:22.552,10.81602,10.81862,0.00,0.00
2015.12.09 15:08:22.785,10.81602,10.81891,0.00,0.00
2015.12.09 15:08:22.952,10.81602,10.81862,0.00,0.00
2015.12.09 15:08:23.169,10.81602,10.8189,0.00,0.00
2015.12.09 15:08:23.270,10.81602,10.81862,0.00,0.00
2015.12.09 15:08:23.421,10.81651,10.81939,0.00,0.00
2015.12.09 15:08:23.674,10.81658,10.81912,0.00,0.00
2015.12.09 15:08:23.775,10.81658,10.81942,0.00,0.00
2015.12.09 15:08:23.825,10.81691,10.81942,0.00,0.00
2015.12.09 15:08:23.876,10.81691,10.8197,0.00,0.00
2015.12.09 15:08:23.984,10.81691,10.81972,0.00,0.00
2015.12.09 15:08:24.358,10.81702,10.81962,0.00,0.00
2015.12.09 15:08:24.706,10.81702,10.81942,0.00,0.00
2015.12.09 15:08:24.757,10.81702,10.81962,0.00,0.00
2015.12.09 15:08:24.858,10.81691,10.81982,0.00,0.00
2015.12.09 15:08:24.908,10.81691,10.81951,0.00,0.00
2015.12.09 15:08:25.457,10.81691,10.8196,0.00,0.00
2015.12.09 15:08:25.630,10.81691,10.81952,0.00,0.00
2015.12.09 15:08:26.059,10.81691,10.81961,0.00,0.00
2015.12.09 15:08:26.561,10.81691,10.8196,0.00,0.00
2015.12.09 15:08:26.662,10.81691,10.81932,0.00,0.00
2015.12.09 15:08:26.861,10.81702,10.81961,0.00,0.00
2015.12.09 15:08:26.963,10.81702,10.81952,0.00,0.00
2015.12.09 15:08:27.064,10.81758,10.8203,0.00,0.00
2015.12.09 15:08:27.115,10.81801,10.82061,0.00,0.00
2015.12.09 15:08:27.418,10.81801,10.82052,0.00,0.00
2015.12.09 15:08:27.469,10.81801,10.82061,0.00,0.00
2015.12.09 15:08:27.520,10.81801,10.82081,0.00,0.00
2015.12.09 15:08:27.777,10.81801,10.82052,0.00,0.00
2015.12.09 15:08:27.879,10.81801,10.82082,0.00,0.00
2015.12.09 15:08:27.980,10.81801,10.82051,0.00,0.00
2015.12.09 15:08:28.063,10.81801,10.82071,0.00,0.00
2015.12.09 15:08:28.164,10.81801,10.8209,0.00,0.00
2015.12.09 15:08:28.415,10.81809,10.82091,0.00,0.00
2015.12.09 15:08:28.474,10.81802,10.82091,0.00,0.00
2015.12.09 15:08:28.954,10.81808,10.8212,0.00,0.00
2015.12.09 15:08:29.116,10.81852,10.8214,0.00,0.00
2015.12.09 15:08:29.418,10.81809,10.82091,0.00,0.00
2015.12.09 15:08:29.572,10.81802,10.82091,0.00,0.00
2015.12.09 15:08:30.145,10.81802,10.8209,0.00,0.00
2015.12.09 15:08:30.246,10.81859,10.8211,0.00,0.00
2015.12.09 15:08:30.347,10.81852,10.82111,0.00,0.00
2015.12.09 15:08:30.448,10.81852,10.82132,0.00,0.00
2015.12.09 15:08:30.894,10.81858,10.82132,0.00,0.00
2015.12.09 15:08:31.196,10.81901,10.82161,0.00,0.00
2015.12.09 15:08:31.534,10.81802,10.82062,0.00,0.00
2015.12.09 15:08:31.803,10.81809,10.82091,0.00,0.00
2015.12.09 15:08:31.854,10.81851,10.82091,0.00,0.00
2015.12.09 15:08:32.813,10.81802,10.82072,0.00,0.00
2015.12.09 15:08:32.914,10.81802,10.82082,0.00,0.00
2015.12.09 15:08:33.277,10.81802,10.82091,0.00,0.00
2015.12.09 15:08:33.596,10.81801,10.82071,0.00,0.00
2015.12.09 15:08:33.880,10.81801,10.8209,0.00,0.00
2015.12.09 15:08:34.080,10.81801,10.82072,0.00,0.00
2015.12.09 15:08:34.181,10.81801,10.82091,0.00,0.00
2015.12.09 15:08:34.482,10.81801,10.82081,0.00,0.00
2015.12.09 15:08:34.679,10.81801,10.82091,0.00,0.00
2015.12.09 15:08:34.852,10.81808,10.82091,0.00,0.00
2015.12.09 15:08:35.178,10.81882,10.82141,0.00,0.00
2015.12.09 15:08:35.485,10.81891,10.82171,0.00,0.00
2015.12.09 15:08:35.904,10.81902,10.82171,0.00,0.00
2015.12.09 15:08:36.138,10.81902,10.82191,0.00,0.00
2015.12.09 15:08:36.510,10.81902,10.82151,0.00,0.00
2015.12.09 15:08:36.611,10.81902,10.8219,0.00,0.00
2015.12.09 15:08:37.163,10.81958,10.82191,0.00,0.00
2015.12.09 15:08:37.315,10.81992,10.8227,0.00,0.00
2015.12.09 15:08:37.517,10.81992,10.82251,0.00,0.00
2015.12.09 15:08:37.695,10.81992,10.8227,0.00,0.00
2015.12.09 15:08:37.746,10.81992,10.82282,0.00,0.00
2015.12.09 15:08:37.847,10.81992,10.82291,0.00,0.00
2015.12.09 15:08:38.282,10.82001,10.82291,0.00,0.00
2015.12.09 15:08:38.586,10.82001,10.82271,0.00,0.00
2015.12.09 15:08:38.687,10.82001,10.82291,0.00,0.00
2015.12.09 15:08:38.800,10.82001,10.82281,0.00,0.00
2015.12.09 15:08:38.901,10.82001,10.8229,0.00,0.00
2015.12.09 15:08:39.302,10.82001,10.82281,0.00,0.00
2015.12.09 15:08:39.706,10.82001,10.8229,0.00,0.00
2015.12.09 15:08:39.807,10.82001,10.82192,0.00,0.00
2015.12.09 15:08:39.858,10.8193,10.82192,0.00,0.00
2015.12.09 15:08:39.909,10.81902,10.82172,0.00,0.00
2015.12.09 15:08:40.010,10.81902,10.82181,0.00,0.00
2015.12.09 15:08:40.061,10.81908,10.82181,0.00,0.00
2015.12.09 15:08:40.213,10.81908,10.8219,0.00,0.00
2015.12.09 15:08:40.264,10.81902,10.82141,0.00,0.00
2015.12.09 15:08:40.365,10.81902,10.82191,0.00,0.00
2015.12.09 15:08:40.517,10.81902,10.82171,0.00,0.00
2015.12.09 15:08:40.964,10.81902,10.82191,0.00,0.00
2015.12.09 15:08:41.166,10.81908,10.8219,0.00,0.00
2015.12.09 15:08:41.470,10.82001,10.82261,0.00,0.00
2015.12.09 15:08:41.743,10.8192,10.82191,0.00,0.00
2015.12.09 15:08:41.947,10.81912,10.82191,0.00,0.00
2015.12.09 15:08:41.998,10.81981,10.82232,0.00,0.00
2015.12.09 15:08:42.196,10.81981,10.82281,0.00,0.00
2015.12.09 15:08:42.247,10.82001,10.82241,0.00,0.00
2015.12.09 15:08:42.403,10.81952,10.82201,0.00,0.00
2015.12.09 15:08:42.625,10.81952,10.8224,0.00,0.00
2015.12.09 15:08:42.776,10.81959,10.82252,0.00,0.00
2015.12.09 15:08:42.827,10.81982,10.82262,0.00,0.00
2015.12.09 15:08:43.207,10.82001,10.82281,0.00,0.00
2015.12.09 15:08:43.257,10.82001,10.82291,0.00,0.00
2015.12.09 15:08:43.308,10.82001,10.82252,0.00,0.00
2015.12.09 15:08:43.529,10.82001,10.82291,0.00,0.00
2015.12.09 15:08:43.831,10.82001,10.82262,0.00,0.00
2015.12.09 15:08:43.934,10.82001,10.82291,0.00,0.00
2015.12.09 15:08:43.985,10.82001,10.82211,0.00,0.00
2015.12.09 15:08:44.293,10.82001,10.82242,0.00,0.00
2015.12.09 15:08:44.434,10.82001,10.82261,0.00,0.00
2015.12.09 15:08:44.484,10.81992,10.82191,0.00,0.00
2015.12.09 15:08:44.585,10.81909,10.82141,0.00,0.00
2015.12.09 15:08:44.636,10.81892,10.82141,0.00,0.00
2015.12.09 15:08:44.914,10.81819,10.82141,0.00,0.00
2015.12.09 15:08:45.015,10.81811,10.82091,0.00,0.00
2015.12.09 15:08:45.320,10.81842,10.82081,0.00,0.00
2015.12.09 15:08:45.370,10.81808,10.82081,0.00,0.00
2015.12.09 15:08:45.422,10.81802,10.8206,0.00,0.00
2015.12.09 15:08:45.969,10.81802,10.82061,0.00,0.00
2015.12.09 15:08:46.342,10.81791,10.82061,0.00,0.00
2015.12.09 15:08:46.499,10.81791,10.82071,0.00,0.00
2015.12.09 15:08:46.651,10.81791,10.82061,0.00,0.00
2015.12.09 15:08:46.844,10.81791,10.8207,0.00,0.00
2015.12.09 15:08:47.284,10.81808,10.8207,0.00,0.00
2015.12.09 15:08:47.443,10.81892,10.82171,0.00,0.00
2015.12.09 15:08:47.496,10.81892,10.8213,0.00,0.00
2015.12.09 15:08:48.099,10.81892,10.82151,0.00,0.00
2015.12.09 15:08:48.150,10.81892,10.82142,0.00,0.00
2015.12.09 15:08:48.351,10.81881,10.82132,0.00,0.00
2015.12.09 15:08:49.022,10.81881,10.82151,0.00,0.00
2015.12.09 15:08:49.249,10.81881,10.82131,0.00,0.00
2015.12.09 15:08:49.354,10.81881,10.8215,0.00,0.00
2015.12.09 15:08:49.930,10.81881,10.82151,0.00,0.00
2015.12.09 15:08:50.037,10.81881,10.82132,0.00,0.00
2015.12.09 15:08:50.112,10.81881,10.82151,0.00,0.00
2015.12.09 15:08:51.646,10.81881,10.82121,0.00,0.00
2015.12.09 15:08:51.849,10.81808,10.8209,0.00,0.00
2015.12.09 15:08:51.902,10.81802,10.8209,0.00,0.00
2015.12.09 15:08:51.952,10.81801,10.82081,0.00,0.00
2015.12.09 15:08:52.303,10.81801,10.82062,0.00,0.00
2015.12.09 15:08:52.353,10.81801,10.82091,0.00,0.00
2015.12.09 15:08:52.790,10.81808,10.82091,0.00,0.00
2015.12.09 15:08:53.210,10.81841,10.8211,0.00,0.00
2015.12.09 15:08:53.518,10.81892,10.82151,0.00,0.00
2015.12.09 15:08:54.671,10.81892,10.8215,0.00,0.00
2015.12.09 15:08:55.273,10.81892,10.82171,0.00,0.00
2015.12.09 15:08:55.724,10.81892,10.82151,0.00,0.00
2015.12.09 15:08:55.824,10.81892,10.82171,0.00,0.00
2015.12.09 15:08:56.365,10.81892,10.8218,0.00,0.00
2015.12.09 15:08:56.476,10.81892,10.8217,0.00,0.00
2015.12.09 15:08:56.678,10.81881,10.82161,0.00,0.00
2015.12.09 15:08:56.910,10.81881,10.82121,0.00,0.00
2015.12.09 15:08:57.179,10.81881,10.82141,0.00,0.00
2015.12.09 15:08:57.229,10.81891,10.82141,0.00,0.00
2015.12.09 15:08:57.435,10.81891,10.8216,0.00,0.00
2015.12.09 15:08:57.681,10.81891,10.8215,0.00,0.00
2015.12.09 15:08:57.996,10.81801,10.8207,0.00,0.00
2015.12.09 15:08:58.047,10.81801,10.82062,0.00,0.00
2015.12.09 15:08:58.385,10.81801,10.82031,0.00,0.00
2015.12.09 15:08:58.435,10.81801,10.82071,0.00,0.00
2015.12.09 15:08:58.536,10.81801,10.8209,0.00,0.00
2015.12.09 15:08:58.836,10.81808,10.8205,0.00,0.00
2015.12.09 15:08:59.038,10.81808,10.8209,0.00,0.00
2015.12.09 15:08:59.089,10.81802,10.82091,0.00,0.00
2015.12.09 15:08:59.139,10.81802,10.82062,0.00,0.00
2015.12.09 15:08:59.737,10.81802,10.82091,0.00,0.00
2015.12.09 15:08:59.838,10.81802,10.82072,0.00,0.00
2015.12.09 15:09:00.339,10.81802,10.82062,0.00,0.00
2015.12.09 15:09:00.439,10.81802,10.82082,0.00,0.00
2015.12.09 15:09:00.703,10.81808,10.82082,0.00,0.00
2015.12.09 15:09:00.879,10.81808,10.82091,0.00,0.00
2015.12.09 15:09:00.930,10.81801,10.82091,0.00,0.00
2015.12.09 15:09:01.192,10.81801,10.82081,0.00,0.00
2015.12.09 15:09:01.494,10.81801,10.82051,0.00,0.00
2015.12.09 15:09:01.545,10.81801,10.82062,0.00,0.00
2015.12.09 15:09:01.646,10.81801,10.82052,0.00,0.00
2015.12.09 15:09:01.862,10.81801,10.8207,0.00,0.00
2015.12.09 15:09:02.082,10.81801,10.81991,0.00,0.00
2015.12.09 15:09:02.366,10.81791,10.82052,0.00,0.00
2015.12.09 15:09:02.568,10.81791,10.82061,0.00,0.00
2015.12.09 15:09:02.669,10.81791,10.8207,0.00,0.00
2015.12.09 15:09:02.720,10.81791,10.82082,0.00,0.00
2015.12.09 15:09:02.771,10.81791,10.82091,0.00,0.00
2015.12.09 15:09:03.176,10.81802,10.8209,0.00,0.00
2015.12.09 15:09:04.107,10.81802,10.82091,0.00,0.00
2015.12.09 15:09:04.850,10.81801,10.8209,0.00,0.00
2015.12.09 15:09:05.182,10.81801,10.82061,0.00,0.00
2015.12.09 15:09:05.362,10.81801,10.8208,0.00,0.00
2015.12.09 15:09:05.413,10.81801,10.82071,0.00,0.00
2015.12.09 15:09:05.960,10.81792,10.82051,0.00,0.00
2015.12.09 15:09:06.061,10.81792,10.82061,0.00,0.00
2015.12.09 15:09:06.556,10.81792,10.82052,0.00,0.00
2015.12.09 15:09:07.007,10.81791,10.82071,0.00,0.00
2015.12.09 15:09:07.340,10.81801,10.82071,0.00,0.00
2015.12.09 15:09:07.390,10.81801,10.8209,0.00,0.00
2015.12.09 15:09:07.441,10.81809,10.82092,0.00,0.00
2015.12.09 15:09:07.491,10.81821,10.82111,0.00,0.00
2015.12.09 15:09:07.771,10.81821,10.82091,0.00,0.00
2015.12.09 15:09:08.000,10.81821,10.82112,0.00,0.00
2015.12.09 15:09:08.227,10.81832,10.82112,0.00,0.00
2015.12.09 15:09:08.887,10.81832,10.82091,0.00,0.00
2015.12.09 15:09:08.988,10.81832,10.8212,0.00,0.00
2015.12.09 15:09:09.190,10.81832,10.82112,0.00,0.00
2015.12.09 15:09:09.392,10.81832,10.82121,0.00,0.00
2015.12.09 15:09:09.795,10.81832,10.82091,0.00,0.00
2015.12.09 15:09:09.866,10.81832,10.82111,0.00,0.00
2015.12.09 15:09:10.147,10.81832,10.82091,0.00,0.00
2015.12.09 15:09:11.520,10.81832,10.82112,0.00,0.00
2015.12.09 15:09:11.671,10.81809,10.82091,0.00,0.00
2015.12.09 15:09:11.722,10.81801,10.82091,0.00,0.00
2015.12.09 15:09:11.773,10.81802,10.82062,0.00,0.00
2015.12.09 15:09:12.119,10.81802,10.82072,0.00,0.00
2015.12.09 15:09:12.220,10.81802,10.82051,0.00,0.00
2015.12.09 15:09:12.422,10.81802,10.82071,0.00,0.00
2015.12.09 15:09:12.523,10.81802,10.82082,0.00,0.00
2015.12.09 15:09:12.922,10.81809,10.82071,0.00,0.00
2015.12.09 15:09:13.023,10.81831,10.82101,0.00,0.00
2015.12.09 15:09:13.382,10.81831,10.82122,0.00,0.00
2015.12.09 15:09:14.177,10.81801,10.8207,0.00,0.00
2015.12.09 15:09:14.278,10.81792,10.8207,0.00,0.00
2015.12.09 15:09:14.329,10.81792,10.82032,0.00,0.00
2015.12.09 15:09:14.380,10.81792,10.82052,0.00,0.00
2015.12.09 15:09:14.497,10.81792,10.82071,0.00,0.00
2015.12.09 15:09:14.876,10.81792,10.82082,0.00,0.00
2015.12.09 15:09:15.046,10.81802,10.82082,0.00,0.00
2015.12.09 15:09:15.442,10.81808,10.82082,0.00,0.00
2015.12.09 15:09:15.593,10.81808,10.82111,0.00,0.00
2015.12.09 15:09:15.644,10.81831,10.82111,0.00,0.00
2015.12.09 15:09:16.057,10.81831,10.82122,0.00,0.00
2015.12.09 15:09:16.960,10.81831,10.8212,0.00,0.00
2015.12.09 15:09:17.276,10.81831,10.82102,0.00,0.00
2015.12.09 15:09:18.114,10.81831,10.8212,0.00,0.00
2015.12.09 15:09:18.215,10.81831,10.82101,0.00,0.00
2015.12.09 15:09:18.316,10.81831,10.82121,0.00,0.00
2015.12.09 15:09:18.456,10.81808,10.82121,0.00,0.00
2015.12.09 15:09:18.557,10.81801,10.82092,0.00,0.00
2015.12.09 15:09:18.916,10.81762,10.82072,0.00,0.00
2015.12.09 15:09:18.967,10.81762,10.82061,0.00,0.00
2015.12.09 15:09:19.322,10.81762,10.82042,0.00,0.00
2015.12.09 15:09:20.721,10.81762,10.81992,0.00,0.00
2015.12.09 15:09:20.876,10.81702,10.8199,0.00,0.00
2015.12.09 15:09:20.927,10.81702,10.81972,0.00,0.00
2015.12.09 15:09:21.316,10.81702,10.81991,0.00,0.00
2015.12.09 15:09:21.519,10.81702,10.81972,0.00,0.00
2015.12.09 15:09:21.757,10.81692,10.81972,0.00,0.00
2015.12.09 15:09:21.808,10.81692,10.81981,0.00,0.00
2015.12.09 15:09:21.933,10.81692,10.81972,0.00,0.00
2015.12.09 15:09:22.494,10.81692,10.81971,0.00,0.00
2015.12.09 15:09:22.712,10.81662,10.81951,0.00,0.00
2015.12.09 15:09:22.938,10.81662,10.8197,0.00,0.00
2015.12.09 15:09:23.039,10.81662,10.81952,0.00,0.00
2015.12.09 15:09:23.140,10.81662,10.81961,0.00,0.00
2015.12.09 15:09:23.626,10.81672,10.81961,0.00,0.00
2015.12.09 15:09:23.909,10.81672,10.81971,0.00,0.00
2015.12.09 15:09:24.030,10.81672,10.81891,0.00,0.00
2015.12.09 15:09:24.080,10.81601,10.81891,0.00,0.00
2015.12.09 15:09:24.181,10.81642,10.81892,0.00,0.00
2015.12.09 15:09:24.282,10.81658,10.81921,0.00,0.00
2015.12.09 15:09:24.333,10.81658,10.8193,0.00,0.00
2015.12.09 15:09:24.450,10.81658,10.81938,0.00,0.00
2015.12.09 15:09:24.552,10.81681,10.81938,0.00,0.00
2015.12.09 15:09:24.703,10.81681,10.81991,0.00,0.00
2015.12.09 15:09:24.754,10.81701,10.81971,0.00,0.00
2015.12.09 15:09:24.813,10.81701,10.81991,0.00,0.00
2015.12.09 15:09:25.278,10.81641,10.81891,0.00,0.00
2015.12.09 15:09:25.507,10.81601,10.8189,0.00,0.00
2015.12.09 15:09:25.760,10.81601,10.81881,0.00,0.00
2015.12.09 15:09:26.031,10.81608,10.81891,0.00,0.00
2015.12.09 15:09:26.082,10.81631,10.81891,0.00,0.00
2015.12.09 15:09:26.192,10.81602,10.8189,0.00,0.00
2015.12.09 15:09:26.722,10.81602,10.81891,0.00,0.00
2015.12.09 15:09:27.102,10.81609,10.81891,0.00,0.00
2015.12.09 15:09:27.323,10.81641,10.8194,0.00,0.00
2015.12.09 15:09:27.856,10.81641,10.81891,0.00,0.00
2015.12.09 15:09:27.957,10.81561,10.8187,0.00,0.00
2015.12.09 15:09:28.058,10.81581,10.81871,0.00,0.00
2015.12.09 15:09:28.261,10.81561,10.81871,0.00,0.00
2015.12.09 15:09:28.362,10.81632,10.81881,0.00,0.00
2015.12.09 15:09:28.615,10.81632,10.81939,0.00,0.00
2015.12.09 15:09:28.999,10.81632,10.81891,0.00,0.00
2015.12.09 15:09:29.050,10.81611,10.81891,0.00,0.00
2015.12.09 15:09:29.222,10.81611,10.819,0.00,0.00
2015.12.09 15:09:29.853,10.81611,10.81901,0.00,0.00
2015.12.09 15:09:29.954,10.81611,10.81891,0.00,0.00
2015.12.09 15:09:30.117,10.81601,10.8189,0.00,0.00
2015.12.09 15:09:30.667,10.81612,10.81902,0.00,0.00
2015.12.09 15:09:30.768,10.81612,10.81921,0.00,0.00
2015.12.09 15:09:31.290,10.81612,10.81881,0.00,0.00
2015.12.09 15:09:31.340,10.81582,10.81881,0.00,0.00
2015.12.09 15:09:32.407,10.81582,10.8188,0.00,0.00
2015.12.09 15:09:32.546,10.81582,10.81872,0.00,0.00
2015.12.09 15:09:33.372,10.81582,10.8188,0.00,0.00
2015.12.09 15:09:33.686,10.81591,10.81881,0.00,0.00
2015.12.09 15:09:34.727,10.81591,10.8189,0.00,0.00
2015.12.09 15:09:34.778,10.81602,10.8189,0.00,0.00
2015.12.09 15:09:35.407,10.81602,10.81891,0.00,0.00
2015.12.09 15:09:36.133,10.81602,10.8189,0.00,0.00
2015.12.09 15:09:36.715,10.81602,10.81891,0.00,0.00
2015.12.09 15:09:37.488,10.81609,10.8192,0.00,0.00
2015.12.09 15:09:37.690,10.81632,10.81921,0.00,0.00
2015.12.09 15:09:38.426,10.81632,10.81941,0.00,0.00
2015.12.09 15:09:38.477,10.81659,10.81932,0.00,0.00
2015.12.09 15:09:38.578,10.81659,10.8195,0.00,0.00
2015.12.09 15:09:38.628,10.81659,10.81901,0.00,0.00
2015.12.09 15:09:38.679,10.81641,10.81901,0.00,0.00
2015.12.09 15:09:38.905,10.81631,10.819,0.00,0.00
2015.12.09 15:09:39.196,10.81631,10.81932,0.00,0.00
2015.12.09 15:09:39.690,10.81631,10.81942,0.00,0.00
2015.12.09 15:09:39.791,10.81631,10.81932,0.00,0.00
2015.12.09 15:09:39.892,10.81631,10.81941,0.00,0.00
2015.12.09 15:09:39.980,10.81631,10.81931,0.00,0.00
2015.12.09 15:09:40.214,10.81631,10.81942,0.00,0.00
2015.12.09 15:09:41.185,10.81659,10.81942,0.00,0.00
2015.12.09 15:09:41.438,10.81642,10.81932,0.00,0.00
2015.12.09 15:09:41.489,10.81642,10.81902,0.00,0.00
2015.12.09 15:09:41.589,10.81642,10.81922,0.00,0.00
2015.12.09 15:09:41.691,10.81642,10.81931,0.00,0.00
2015.12.09 15:09:42.359,10.81621,10.81931,0.00,0.00
2015.12.09 15:09:42.410,10.81621,10.81911,0.00,0.00
2015.12.09 15:09:42.624,10.81621,10.81932,0.00,0.00
2015.12.09 15:09:42.783,10.81621,10.81911,0.00,0.00
2015.12.09 15:09:43.211,10.81621,10.81922,0.00,0.00
2015.12.09 15:09:43.262,10.81621,10.8189,0.00,0.00
2015.12.09 15:09:43.363,10.81602,10.8189,0.00,0.00
2015.12.09 15:09:43.413,10.81602,10.81881,0.00,0.00
2015.12.09 15:09:43.715,10.81659,10.81932,0.00,0.00
2015.12.09 15:09:43.870,10.81622,10.81901,0.00,0.00
2015.12.09 15:09:44.142,10.81622,10.81922,0.00,0.00
2015.12.09 15:09:44.546,10.81611,10.81922,0.00,0.00
2015.12.09 15:09:45.347,10.81601,10.81892,0.00,0.00
2015.12.09 15:09:45.655,10.81562,10.81792,0.00,0.00
2015.12.09 15:09:45.757,10.81511,10.81791,0.00,0.00
2015.12.09 15:09:45.931,10.81501,10.81791,0.00,0.00
2015.12.09 15:09:46.033,10.81508,10.81791,0.00,0.00
2015.12.09 15:09:46.235,10.81532,10.81839,0.00,0.00
2015.12.09 15:09:46.436,10.81532,10.81812,0.00,0.00
2015.12.09 15:09:46.722,10.81551,10.81832,0.00,0.00
2015.12.09 15:09:47.431,10.81551,10.81811,0.00,0.00
2015.12.09 15:09:47.598,10.81551,10.81832,0.00,0.00
2015.12.09 15:09:47.819,10.81551,10.81812,0.00,0.00
2015.12.09 15:09:47.919,10.81551,10.81832,0.00,0.00
2015.12.09 15:09:48.336,10.81558,10.81842,0.00,0.00
2015.12.09 15:09:48.387,10.81572,10.81842,0.00,0.00
2015.12.09 15:09:48.899,10.81552,10.81791,0.00,0.00
2015.12.09 15:09:49.576,10.81552,10.8179,0.00,0.00
2015.12.09 15:09:50.481,10.81552,10.81791,0.00,0.00
2015.12.09 15:09:50.750,10.81552,10.81831,0.00,0.00
2015.12.09 15:09:50.801,10.81559,10.81831,0.00,0.00
2015.12.09 15:09:50.852,10.81559,10.81842,0.00,0.00
2015.12.09 15:09:50.953,10.81512,10.8179,0.00,0.00
2015.12.09 15:09:51.316,10.81512,10.81771,0.00,0.00
2015.12.09 15:09:51.587,10.81458,10.81771,0.00,0.00
2015.12.09 15:09:51.751,10.81432,10.81741,0.00,0.00
2015.12.09 15:09:51.803,10.81419,10.81741,0.00,0.00
2015.12.09 15:09:51.904,10.81411,10.81691,0.00,0.00
2015.12.09 15:09:52.614,10.81409,10.81691,0.00,0.00
2015.12.09 15:09:53.975,10.81362,10.81691,0.00,0.00
2015.12.09 15:09:54.026,10.81358,10.81691,0.00,0.00
2015.12.09 15:09:54.076,10.81358,10.81682,0.00,0.00
2015.12.09 15:09:54.354,10.81358,10.8169,0.00,0.00
2015.12.09 15:09:54.455,10.81358,10.81682,0.00,0.00
2015.12.09 15:09:54.956,10.81358,10.81691,0.00,0.00
2015.12.09 15:09:55.135,10.81358,10.81672,0.00,0.00
2015.12.09 15:09:55.357,10.81358,10.8168,0.00,0.00
2015.12.09 15:09:55.408,10.81358,10.81661,0.00,0.00
2015.12.09 15:09:55.760,10.81358,10.81651,0.00,0.00
2015.12.09 15:09:56.262,10.81358,10.81661,0.00,0.00
2015.12.09 15:09:56.545,10.81358,10.81631,0.00,0.00
2015.12.09 15:09:56.866,10.81358,10.8162,0.00,0.00
2015.12.09 15:09:57.206,10.81358,10.81641,0.00,0.00
2015.12.09 15:09:57.519,10.81358,10.81691,0.00,0.00
2015.12.09 15:09:58.506,10.81358,10.8164,0.00,0.00
2015.12.09 15:09:59.012,10.81358,10.81641,0.00,0.00
2015.12.09 15:09:59.276,10.81358,10.81671,0.00,0.00
2015.12.09 15:09:59.430,10.81379,10.81692,0.00,0.00
2015.12.09 15:09:59.531,10.8142,10.81742,0.00,0.00
2015.12.09 15:09:59.683,10.81459,10.8175,0.00,0.00
2015.12.09 15:10:00.024,10.81459,10.8178,0.00,0.00
2015.12.09 15:10:00.227,10.81459,10.81761,0.00,0.00
2015.12.09 15:10:00.529,10.81419,10.81722,0.00,0.00
2015.12.09 15:10:00.580,10.81458,10.81722,0.00,0.00
2015.12.09 15:10:00.630,10.81458,10.8176,0.00,0.00
2015.12.09 15:10:00.892,10.81419,10.81742,0.00,0.00
2015.12.09 15:10:00.942,10.81411,10.81711,0.00,0.00
2015.12.09 15:10:01.289,10.81408,10.81701,0.00,0.00
2015.12.09 15:10:01.499,10.81362,10.81692,0.00,0.00
2015.12.09 15:10:01.549,10.81369,10.81692,0.00,0.00
2015.12.09 15:10:01.878,10.81408,10.81701,0.00,0.00
2015.12.09 15:10:02.667,10.81459,10.81691,0.00,0.00
2015.12.09 15:10:02.869,10.81411,10.81681,0.00,0.00
2015.12.09 15:10:02.970,10.81411,10.81691,0.00,0.00
2015.12.09 15:10:03.095,10.81411,10.81631,0.00,0.00
2015.12.09 15:10:03.196,10.81411,10.81642,0.00,0.00
2015.12.09 15:10:03.297,10.81411,10.81662,0.00,0.00
2015.12.09 15:10:03.553,10.81369,10.81662,0.00,0.00
2015.12.09 15:10:03.604,10.81369,10.81632,0.00,0.00
2015.12.09 15:10:04.050,10.81358,10.81631,0.00,0.00
2015.12.09 15:10:04.478,10.81358,10.8164,0.00,0.00
2015.12.09 15:10:04.749,10.81358,10.81651,0.00,0.00
2015.12.09 15:10:04.852,10.81358,10.81662,0.00,0.00
2015.12.09 15:10:04.954,10.81358,10.81672,0.00,0.00
2015.12.09 15:10:05.105,10.81358,10.8169,0.00,0.00
2015.12.09 15:10:05.155,10.81358,10.8168,0.00,0.00
2015.12.09 15:10:05.508,10.81358,10.81661,0.00,0.00
2015.12.09 15:10:05.963,10.81358,10.81652,0.00,0.00
2015.12.09 15:10:06.014,10.81358,10.81681,0.00,0.00
2015.12.09 15:10:06.064,10.81358,10.8166,0.00,0.00
2015.12.09 15:10:06.402,10.81358,10.81641,0.00,0.00
2015.12.09 15:10:06.453,10.81358,10.8166,0.00,0.00
2015.12.09 15:10:06.973,10.81358,10.81631,0.00,0.00
2015.12.09 15:10:07.418,10.81358,10.81652,0.00,0.00
2015.12.09 15:10:07.564,10.81358,10.8165,0.00,0.00
2015.12.09 15:10:07.920,10.81358,10.81632,0.00,0.00
2015.12.09 15:10:08.176,10.81358,10.81651,0.00,0.00
2015.12.09 15:10:08.229,10.81358,10.81622,0.00,0.00
2015.12.09 15:10:08.672,10.81358,10.81611,0.00,0.00
2015.12.09 15:10:08.726,10.81358,10.81622,0.00,0.00
2015.12.09 15:10:09.725,10.81358,10.81611,0.00,0.00
2015.12.09 15:10:09.826,10.81358,10.81622,0.00,0.00
2015.12.09 15:10:09.926,10.81358,10.81612,0.00,0.00
2015.12.09 15:10:10.027,10.81312,10.81591,0.00,0.00
2015.12.09 15:10:10.078,10.81312,10.81571,0.00,0.00
2015.12.09 15:10:10.129,10.81258,10.81561,0.00,0.00
2015.12.09 15:10:10.230,10.81258,10.81552,0.00,0.00
2015.12.09 15:10:10.927,10.81258,10.81562,0.00,0.00
2015.12.09 15:10:10.978,10.81258,10.81551,0.00,0.00
2015.12.09 15:10:11.230,10.81309,10.81611,0.00,0.00
2015.12.09 15:10:11.760,10.81309,10.8161,0.00,0.00
2015.12.09 15:10:12.118,10.81309,10.81602,0.00,0.00
2015.12.09 15:10:12.867,10.81282,10.81591,0.00,0.00
2015.12.09 15:10:13.019,10.81259,10.8159,0.00,0.00
2015.12.09 15:10:13.069,10.81259,10.81572,0.00,0.00
2015.12.09 15:10:13.514,10.81309,10.81591,0.00,0.00
2015.12.09 15:10:13.674,10.81311,10.81621,0.00,0.00
2015.12.09 15:10:13.775,10.81358,10.81641,0.00,0.00
2015.12.09 15:10:13.875,10.81359,10.81651,0.00,0.00
2015.12.09 15:10:13.926,10.81359,10.81662,0.00,0.00
2015.12.09 15:10:13.977,10.81332,10.81612,0.00,0.00
2015.12.09 15:10:14.376,10.81311,10.81581,0.00,0.00
2015.12.09 15:10:14.604,10.81308,10.8159,0.00,0.00
2015.12.09 15:10:14.746,10.81308,10.81582,0.00,0.00
2015.12.09 15:10:14.898,10.81282,10.8156,0.00,0.00
2015.12.09 15:10:14.948,10.81282,10.81551,0.00,0.00
2015.12.09 15:10:15.251,10.81259,10.8154,0.00,0.00
2015.12.09 15:10:15.352,10.81259,10.81581,0.00,0.00
2015.12.09 15:10:15.402,10.81259,10.8157,0.00,0.00
2015.12.09 15:10:15.704,10.81259,10.81551,0.00,0.00
2015.12.09 15:10:16.081,10.81259,10.8158,0.00,0.00
2015.12.09 15:10:16.133,10.81269,10.81581,0.00,0.00
2015.12.09 15:10:16.284,10.81261,10.8159,0.00,0.00
2015.12.09 15:10:16.486,10.81261,10.81581,0.00,0.00
2015.12.09 15:10:16.806,10.81359,10.81672,0.00,0.00
2015.12.09 15:10:17.067,10.81359,10.8168,0.00,0.00
2015.12.09 15:10:17.559,10.81359,10.81651,0.00,0.00
2015.12.09 15:10:17.660,10.81359,10.81691,0.00,0.00
2015.12.09 15:10:17.761,10.81359,10.81652,0.00,0.00
2015.12.09 15:10:17.963,10.81359,10.81671,0.00,0.00
2015.12.09 15:10:18.276,10.81359,10.81651,0.00,0.00
2015.12.09 15:10:18.656,10.81359,10.81661,0.00,0.00
2015.12.09 15:10:18.757,10.81359,10.81651,0.00,0.00
2015.12.09 15:10:18.865,10.81359,10.8167,0.00,0.00
2015.12.09 15:10:18.966,10.81359,10.81651,0.00,0.00
2015.12.09 15:10:19.440,10.81359,10.81671,0.00,0.00
2015.12.09 15:10:19.491,10.81359,10.81662,0.00,0.00
2015.12.09 15:10:19.692,10.81359,10.8168,0.00,0.00
2015.12.09 15:10:20.061,10.81359,10.81671,0.00,0.00
2015.12.09 15:10:20.374,10.81359,10.8168,0.00,0.00
2015.12.09 15:10:20.428,10.81359,10.81682,0.00,0.00
2015.12.09 15:10:20.479,10.81359,10.81652,0.00,0.00
2015.12.09 15:10:20.754,10.81359,10.81672,0.00,0.00
2015.12.09 15:10:20.968,10.81359,10.8169,0.00,0.00
2015.12.09 15:10:21.077,10.81359,10.81682,0.00,0.00
2015.12.09 15:10:21.314,10.81361,10.81691,0.00,0.00
2015.12.09 15:10:21.645,10.81369,10.81691,0.00,0.00
2015.12.09 15:10:21.976,10.81409,10.81642,0.00,0.00
2015.12.09 15:10:22.034,10.81361,10.81642,0.00,0.00
2015.12.09 15:10:22.085,10.81359,10.81642,0.00,0.00
2015.12.09 15:10:22.283,10.81359,10.81662,0.00,0.00
2015.12.09 15:10:22.687,10.81359,10.81652,0.00,0.00
2015.12.09 15:10:23.502,10.81359,10.8167,0.00,0.00
2015.12.09 15:10:23.553,10.81359,10.81681,0.00,0.00
2015.12.09 15:10:23.603,10.81359,10.81631,0.00,0.00
2015.12.09 15:10:23.704,10.81359,10.81681,0.00,0.00
2015.12.09 15:10:23.990,10.81359,10.81672,0.00,0.00
2015.12.09 15:10:24.578,10.81359,10.81681,0.00,0.00
2015.12.09 15:10:24.693,10.81359,10.81671,0.00,0.00
2015.12.09 15:10:25.107,10.81359,10.81652,0.00,0.00
2015.12.09 15:10:25.208,10.81359,10.81681,0.00,0.00
2015.12.09 15:10:25.309,10.81359,10.81652,0.00,0.00
2015.12.09 15:10:25.410,10.81359,10.81661,0.00,0.00
2015.12.09 15:10:25.605,10.81359,10.81671,0.00,0.00
2015.12.09 15:10:25.706,10.81359,10.81662,0.00,0.00
2015.12.09 15:10:25.807,10.81359,10.81691,0.00,0.00
2015.12.09 15:10:25.948,10.81359,10.8168,0.00,0.00
2015.12.09 15:10:26.381,10.81359,10.81642,0.00,0.00
2015.12.09 15:10:26.800,10.81359,10.81682,0.00,0.00
2015.12.09 15:10:27.002,10.81359,10.81652,0.00,0.00
2015.12.09 15:10:27.588,10.81359,10.81672,0.00,0.00
2015.12.09 15:10:28.207,10.81359,10.8168,0.00,0.00
2015.12.09 15:10:28.894,10.81359,10.81662,0.00,0.00
2015.12.09 15:10:29.514,10.81359,10.81671,0.00,0.00
2015.12.09 15:10:29.714,10.81359,10.8168,0.00,0.00
2015.12.09 15:10:29.815,10.81359,10.81652,0.00,0.00
2015.12.09 15:10:29.899,10.81359,10.81672,0.00,0.00
2015.12.09 15:10:30.100,10.81359,10.81681,0.00,0.00
2015.12.09 15:10:30.481,10.81359,10.81651,0.00,0.00
2015.12.09 15:10:30.532,10.81359,10.8168,0.00,0.00
2015.12.09 15:10:30.907,10.81408,10.81681,0.00,0.00
2015.12.09 15:10:31.008,10.81408,10.81691,0.00,0.00
2015.12.09 15:10:31.120,10.81408,10.81711,0.00,0.00
2015.12.09 15:10:31.324,10.81408,10.81702,0.00,0.00
2015.12.09 15:10:31.425,10.81408,10.81711,0.00,0.00
2015.12.09 15:10:31.584,10.81408,10.81722,0.00,0.00
2015.12.09 15:10:31.743,10.81408,10.81702,0.00,0.00
2015.12.09 15:10:31.845,10.81408,10.81722,0.00,0.00
2015.12.09 15:10:32.003,10.81408,10.81741,0.00,0.00
2015.12.09 15:10:32.053,10.81459,10.81741,0.00,0.00
2015.12.09 15:10:32.104,10.81459,10.81751,0.00,0.00
2015.12.09 15:10:32.155,10.81419,10.81742,0.00,0.00
2015.12.09 15:10:32.205,10.81411,10.81711,0.00,0.00
2015.12.09 15:10:32.580,10.81411,10.81701,0.00,0.00
2015.12.09 15:10:32.631,10.81411,10.8171,0.00,0.00
2015.12.09 15:10:32.782,10.81458,10.81742,0.00,0.00
2015.12.09 15:10:33.054,10.81408,10.81701,0.00,0.00
2015.12.09 15:10:33.456,10.81408,10.81731,0.00,0.00
2015.12.09 15:10:33.987,10.81408,10.81742,0.00,0.00
2015.12.09 15:10:34.108,10.81408,10.81732,0.00,0.00
2015.12.09 15:10:34.719,10.81408,10.8174,0.00,0.00
2015.12.09 15:10:35.372,10.81408,10.81741,0.00,0.00
2015.12.09 15:10:35.542,10.81458,10.8174,0.00,0.00
2015.12.09 15:10:35.818,10.81409,10.81712,0.00,0.00
2015.12.09 15:10:36.032,10.81409,10.81732,0.00,0.00
2015.12.09 15:10:36.134,10.81409,10.8174,0.00,0.00
2015.12.09 15:10:36.645,10.81358,10.81681,0.00,0.00
2015.12.09 15:10:37.026,10.81358,10.81672,0.00,0.00
2015.12.09 15:10:37.454,10.81358,10.81661,0.00,0.00
2015.12.09 15:10:37.750,10.81358,10.8169,0.00,0.00
2015.12.09 15:10:38.053,10.81358,10.81661,0.00,0.00
2015.12.09 15:10:38.154,10.81358,10.81672,0.00,0.00
2015.12.09 15:10:38.963,10.81358,10.8169,0.00,0.00
2015.12.09 15:10:39.064,10.81358,10.81681,0.00,0.00
2015.12.09 15:10:39.116,10.81358,10.8169,0.00,0.00
2015.12.09 15:10:39.366,10.81358,10.81662,0.00,0.00
2015.12.09 15:10:39.765,10.81358,10.81682,0.00,0.00
2015.12.09 15:10:39.962,10.81358,10.81662,0.00,0.00
2015.12.09 15:10:40.118,10.81358,10.81672,0.00,0.00
2015.12.09 15:10:40.219,10.81358,10.81652,0.00,0.00
2015.12.09 15:10:41.437,10.81358,10.81661,0.00,0.00
2015.12.09 15:10:41.520,10.81358,10.81641,0.00,0.00
2015.12.09 15:10:41.621,10.81358,10.81651,0.00,0.00
2015.12.09 15:10:41.722,10.81358,10.81661,0.00,0.00
2015.12.09 15:10:41.773,10.81358,10.81671,0.00,0.00
2015.12.09 15:10:42.021,10.81358,10.81662,0.00,0.00
2015.12.09 15:10:42.123,10.81358,10.81681,0.00,0.00
2015.12.09 15:10:42.852,10.81358,10.8168,0.00,0.00
2015.12.09 15:10:42.953,10.81358,10.81661,0.00,0.00
2015.12.09 15:10:43.054,10.81358,10.81681,0.00,0.00
2015.12.09 15:10:43.155,10.81358,10.81672,0.00,0.00
2015.12.09 15:10:43.328,10.81358,10.81691,0.00,0.00
2015.12.09 15:10:43.660,10.81358,10.81661,0.00,0.00
2015.12.09 15:10:44.215,10.81358,10.81651,0.00,0.00
2015.12.09 15:10:44.629,10.81331,10.81602,0.00,0.00
2015.12.09 15:10:44.947,10.81331,10.81561,0.00,0.00
2015.12.09 15:10:44.998,10.81259,10.81561,0.00,0.00
2015.12.09 15:10:45.049,10.81259,10.81581,0.00,0.00
2015.12.09 15:10:45.438,10.81308,10.81581,0.00,0.00
2015.12.09 15:10:45.539,10.81332,10.81642,0.00,0.00
2015.12.09 15:10:45.844,10.81358,10.81672,0.00,0.00
2015.12.09 15:10:45.953,10.81358,10.81651,0.00,0.00
2015.12.09 15:10:46.054,10.81358,10.81691,0.00,0.00
2015.12.09 15:10:46.255,10.81358,10.81671,0.00,0.00
2015.12.09 15:10:46.599,10.81358,10.81651,0.00,0.00
2015.12.09 15:10:46.754,10.81358,10.81672,0.00,0.00
2015.12.09 15:10:47.133,10.81358,10.81662,0.00,0.00
2015.12.09 15:10:47.624,10.81358,10.8166,0.00,0.00
2015.12.09 15:10:47.675,10.8132,10.81641,0.00,0.00
2015.12.09 15:10:47.726,10.81309,10.8159,0.00,0.00
2015.12.09 15:10:47.877,10.81258,10.81571,0.00,0.00
2015.12.09 15:10:47.928,10.81258,10.81561,0.00,0.00
2015.12.09 15:10:48.371,10.81258,10.81551,0.00,0.00
2015.12.09 15:10:48.472,10.81258,10.8156,0.00,0.00
2015.12.09 15:10:48.573,10.81258,10.81552,0.00,0.00
2015.12.09 15:10:48.674,10.81258,10.81561,0.00,0.00
2015.12.09 15:10:48.827,10.81258,10.8155,0.00,0.00
2015.12.09 15:10:49.130,10.81211,10.81491,0.00,0.00
2015.12.09 15:10:49.369,10.81159,10.8148,0.00,0.00
2015.12.09 15:10:49.727,10.81159,10.8149,0.00,0.00
2015.12.09 15:10:49.977,10.81208,10.81491,0.00,0.00
2015.12.09 15:10:50.028,10.81208,10.81511,0.00,0.00
2015.12.09 15:10:50.179,10.81181,10.81491,0.00,0.00
2015.12.09 15:10:50.280,10.81159,10.81491,0.00,0.00
2015.12.09 15:10:50.331,10.81159,10.81471,0.00,0.00
2015.12.09 15:10:50.681,10.81159,10.8146,0.00,0.00
2015.12.09 15:10:51.233,10.81159,10.81471,0.00,0.00
2015.12.09 15:10:51.799,10.81159,10.8147,0.00,0.00
2015.12.09 15:10:51.936,10.81159,10.81461,0.00,0.00
2015.12.09 15:10:52.539,10.81159,10.8146,0.00,0.00
2015.12.09 15:10:52.740,10.81159,10.81471,0.00,0.00
2015.12.09 15:10:53.105,10.81159,10.8149,0.00,0.00
2015.12.09 15:10:53.206,10.81212,10.8149,0.00,0.00
2015.12.09 15:10:53.357,10.81209,10.8149,0.00,0.00
2015.12.09 15:10:53.895,10.81209,10.81491,0.00,0.00
2015.12.09 15:10:54.338,10.81258,10.81491,0.00,0.00
2015.12.09 15:10:54.507,10.81258,10.81571,0.00,0.00
2015.12.09 15:10:55.200,10.81258,10.81581,0.00,0.00
2015.12.09 15:10:55.559,10.81311,10.8158,0.00,0.00
2015.12.09 15:10:55.610,10.81328,10.81642,0.00,0.00
2015.12.09 15:10:55.661,10.81359,10.81671,0.00,0.00
2015.12.09 15:10:56.054,10.81359,10.8168,0.00,0.00
2015.12.09 15:10:56.558,10.81359,10.81681,0.00,0.00
2015.12.09 15:10:56.877,10.81359,10.81691,0.00,0.00
2015.12.09 15:10:57.475,10.81359,10.81651,0.00,0.00
2015.12.09 15:10:57.575,10.81308,10.81601,0.00,0.00
2015.12.09 15:10:57.880,10.81309,10.8163,0.00,0.00
2015.12.09 15:10:58.426,10.81281,10.81591,0.00,0.00
2015.12.09 15:10:58.527,10.8127,10.8159,0.00,0.00
2015.12.09 15:10:58.628,10.81309,10.81632,0.00,0.00
2015.12.09 15:10:58.679,10.81309,10.8163,0.00,0.00
2015.12.09 15:10:59.109,10.81289,10.8157,0.00,0.00
2015.12.09 15:10:59.160,10.81258,10.8157,0.00,0.00
2015.12.09 15:10:59.701,10.81262,10.81571,0.00,0.00
2015.12.09 15:10:59.810,10.81262,10.81581,0.00,0.00
2015.12.09 15:11:00.532,10.81262,10.8158,0.00,0.00
2015.12.09 15:11:00.777,10.81262,10.81591,0.00,0.00
2015.12.09 15:11:01.059,10.81308,10.81591,0.00,0.00
2015.12.09 15:11:01.110,10.81308,10.81621,0.00,0.00
2015.12.09 15:11:01.521,10.81262,10.81561,0.00,0.00
2015.12.09 15:11:01.572,10.81258,10.81561,0.00,0.00
2015.12.09 15:11:01.622,10.81258,10.81551,0.00,0.00
2015.12.09 15:11:02.466,10.81262,10.81551,0.00,0.00
2015.12.09 15:11:02.567,10.81308,10.81611,0.00,0.00
2015.12.09 15:11:02.996,10.81308,10.81551,0.00,0.00
2015.12.09 15:11:03.296,10.81208,10.81522,0.00,0.00
2015.12.09 15:11:03.387,10.81208,10.8152,0.00,0.00
2015.12.09 15:11:04.492,10.81208,10.81521,0.00,0.00
2015.12.09 15:11:05.195,10.81208,10.81491,0.00,0.00
2015.12.09 15:11:05.246,10.81182,10.81491,0.00,0.00
2015.12.09 15:11:05.296,10.81182,10.81471,0.00,0.00
2015.12.09 15:11:05.347,10.81159,10.81471,0.00,0.00
2015.12.09 15:11:06.298,10.81159,10.8147,0.00,0.00
2015.12.09 15:11:06.514,10.81159,10.81441,0.00,0.00
2015.12.09 15:11:06.622,10.81159,10.81461,0.00,0.00
2015.12.09 15:11:06.723,10.81159,10.81451,0.00,0.00
2015.12.09 15:11:07.157,10.81159,10.81471,0.00,0.00
2015.12.09 15:11:07.207,10.81159,10.8146,0.00,0.00
2015.12.09 15:11:07.526,10.81112,10.81391,0.00,0.00
2015.12.09 15:11:07.725,10.8112,10.81442,0.00,0.00
2015.12.09 15:11:07.775,10.81158,10.8146,0.00,0.00
2015.12.09 15:11:08.126,10.81158,10.8142,0.00,0.00
2015.12.09 15:11:08.436,10.81158,10.8144,0.00,0.00
2015.12.09 15:11:08.537,10.8112,10.8139,0.00,0.00
2015.12.09 15:11:08.638,10.81059,10.81391,0.00,0.00
2015.12.09 15:11:08.789,10.81158,10.81391,0.00,0.00
2015.12.09 15:11:08.840,10.81158,10.81471,0.00,0.00
2015.12.09 15:11:09.183,10.81158,10.81462,0.00,0.00
2015.12.09 15:11:09.234,10.81121,10.81441,0.00,0.00
2015.12.09 15:11:09.285,10.81109,10.81432,0.00,0.00
2015.12.09 15:11:09.578,10.81109,10.81441,0.00,0.00
2015.12.09 15:11:10.322,10.81109,10.81432,0.00,0.00
2015.12.09 15:11:10.425,10.81109,10.8144,0.00,0.00
2015.12.09 15:11:11.087,10.81109,10.81441,0.00,0.00
2015.12.09 15:11:11.285,10.81091,10.81391,0.00,0.00
2015.12.09 15:11:11.386,10.81059,10.81391,0.00,0.00
2015.12.09 15:11:11.981,10.81058,10.8139,0.00,0.00
2015.12.09 15:11:12.514,10.81108,10.81391,0.00,0.00
2015.12.09 15:11:12.565,10.81108,10.81421,0.00,0.00
2015.12.09 15:11:12.666,10.81108,10.8144,0.00,0.00
2015.12.09 15:11:13.292,10.81092,10.81391,0.00,0.00
2015.12.09 15:11:13.343,10.81068,10.81371,0.00,0.00
2015.12.09 15:11:13.569,10.81059,10.8137,0.00,0.00
2015.12.09 15:11:14.547,10.81059,10.81381,0.00,0.00
2015.12.09 15:11:14.598,10.81059,10.81371,0.00,0.00
2015.12.09 15:11:14.859,10.81059,10.81381,0.00,0.00
2015.12.09 15:11:15.162,10.81059,10.81391,0.00,0.00
2015.12.09 15:11:15.485,10.81059,10.8138,0.00,0.00
2015.12.09 15:11:16.169,10.81059,10.81391,0.00,0.00
2015.12.09 15:11:16.321,10.81059,10.81381,0.00,0.00
2015.12.09 15:11:16.529,10.81059,10.81391,0.00,0.00
2015.12.09 15:11:16.843,10.81059,10.81381,0.00,0.00
2015.12.09 15:11:17.181,10.81059,10.81391,0.00,0.00
2015.12.09 15:11:17.346,10.81059,10.81351,0.00,0.00
2015.12.09 15:11:17.647,10.81059,10.8134,0.00,0.00
2015.12.09 15:11:17.698,10.81021,10.81332,0.00,0.00
2015.12.09 15:11:17.799,10.81009,10.81291,0.00,0.00
2015.12.09 15:11:17.900,10.80959,10.8129,0.00,0.00
2015.12.09 15:11:18.451,10.80959,10.8128,0.00,0.00
2015.12.09 15:11:19.767,10.80959,10.8129,0.00,0.00
2015.12.09 15:11:20.020,10.80959,10.8127,0.00,0.00
2015.12.09 15:11:20.071,10.80959,10.8128,0.00,0.00
2015.12.09 15:11:20.475,10.81019,10.81291,0.00,0.00
2015.12.09 15:11:20.626,10.80958,10.8129,0.00,0.00
2015.12.09 15:11:20.677,10.80958,10.8128,0.00,0.00
2015.12.09 15:11:21.301,10.81009,10.8128,0.00,0.00
2015.12.09 15:11:21.351,10.81009,10.81311,0.00,0.00
2015.12.09 15:11:21.965,10.81009,10.81321,0.00,0.00
2015.12.09 15:11:22.266,10.81009,10.81291,0.00,0.00
2015.12.09 15:11:22.317,10.80981,10.81291,0.00,0.00
2015.12.09 15:11:22.417,10.80958,10.81291,0.00,0.00
2015.12.09 15:11:22.593,10.80958,10.81281,0.00,0.00
2015.12.09 15:11:22.768,10.80958,10.81291,0.00,0.00
2015.12.09 15:11:23.170,10.80958,10.8126,0.00,0.00
2015.12.09 15:11:24.274,10.80958,10.81261,0.00,0.00
2015.12.09 15:11:24.586,10.80958,10.81281,0.00,0.00
2015.12.09 15:11:25.410,10.80958,10.8127,0.00,0.00
2015.12.09 15:11:25.478,10.80958,10.81291,0.00,0.00
2015.12.09 15:11:25.579,10.80958,10.81281,0.00,0.00
2015.12.09 15:11:25.945,10.81009,10.8128,0.00,0.00
2015.12.09 15:11:25.996,10.81009,10.81291,0.00,0.00
2015.12.09 15:11:26.147,10.80969,10.8129,0.00,0.00
2015.12.09 15:11:26.413,10.81018,10.81341,0.00,0.00
2015.12.09 15:11:26.514,10.81009,10.81341,0.00,0.00
2015.12.09 15:11:26.567,10.81058,10.81341,0.00,0.00
2015.12.09 15:11:26.618,10.81058,10.81351,0.00,0.00
2015.12.09 15:11:26.677,10.80992,10.81292,0.00,0.00
2015.12.09 15:11:26.728,10.80992,10.8129,0.00,0.00
2015.12.09 15:11:26.778,10.8099,10.8129,0.00,0.00
2015.12.09 15:11:26.829,10.80958,10.81291,0.00,0.00
2015.12.09 15:11:26.884,10.80958,10.8128,0.00,0.00
2015.12.09 15:11:27.520,10.81008,10.81281,0.00,0.00
2015.12.09 15:11:27.571,10.81008,10.8131,0.00,0.00
2015.12.09 15:11:27.789,10.81008,10.81321,0.00,0.00
2015.12.09 15:11:28.877,10.80981,10.81291,0.00,0.00
2015.12.09 15:11:28.978,10.80959,10.8127,0.00,0.00
2015.12.09 15:11:29.492,10.80959,10.81271,0.00,0.00
2015.12.09 15:11:29.843,10.80959,10.81281,0.00,0.00
2015.12.09 15:11:30.449,10.80959,10.81271,0.00,0.00
2015.12.09 15:11:30.610,10.80959,10.81281,0.00,0.00
2015.12.09 15:11:30.950,10.80959,10.8125,0.00,0.00
2015.12.09 15:11:31.515,10.80959,10.81251,0.00,0.00
2015.12.09 15:11:31.652,10.80959,10.81271,0.00,0.00
2015.12.09 15:11:32.612,10.80959,10.8127,0.00,0.00
2015.12.09 15:11:33.158,10.80959,10.81191,0.00,0.00
2015.12.09 15:11:33.208,10.80929,10.81191,0.00,0.00
2015.12.09 15:11:33.259,10.80909,10.8122,0.00,0.00
2015.12.09 15:11:33.473,10.80908,10.81211,0.00,0.00
2015.12.09 15:11:33.524,10.80872,10.8119,0.00,0.00
2015.12.09 15:11:33.721,10.80908,10.81172,0.00,0.00
2015.12.09 15:11:33.873,10.80908,10.8121,0.00,0.00
2015.12.09 15:11:33.976,10.80861,10.81191,0.00,0.00
2015.12.09 15:11:34.027,10.80859,10.8119,0.00,0.00
2015.12.09 15:11:34.129,10.80859,10.81161,0.00,0.00
2015.12.09 15:11:34.261,10.80859,10.8118,0.00,0.00
2015.12.09 15:11:34.729,10.80859,10.81162,0.00,0.00
2015.12.09 15:11:35.181,10.80859,10.8116,0.00,0.00
2015.12.09 15:11:35.690,10.80859,10.81161,0.00,0.00
2015.12.09 15:11:36.350,10.80859,10.8116,0.00,0.00
2015.12.09 15:11:36.684,10.80859,10.81141,0.00,0.00
2015.12.09 15:11:36.735,10.80859,10.8115,0.00,0.00
2015.12.09 15:11:36.786,10.80859,10.8114,0.00,0.00
2015.12.09 15:11:37.034,10.80859,10.8116,0.00,0.00
2015.12.09 15:11:37.385,10.80859,10.81171,0.00,0.00
2015.12.09 15:11:37.741,10.80859,10.81166,0.00,0.00
2015.12.09 15:11:38.387,10.80859,10.8117,0.00,0.00
2015.12.09 15:11:38.923,10.80859,10.81171,0.00,0.00
2015.12.09 15:11:38.974,10.80859,10.81157,0.00,0.00
2015.12.09 15:11:39.275,10.80859,10.81147,0.00,0.00
2015.12.09 15:11:39.326,10.80859,10.81161,0.00,0.00
2015.12.09 15:11:39.484,10.80859,10.81152,0.00,0.00
2015.12.09 15:11:40.298,10.80859,10.8117,0.00,0.00
2015.12.09 15:11:40.781,10.80859,10.8118,0.00,0.00
2015.12.09 15:11:40.882,10.80831,10.81091,0.00,0.00
2015.12.09 15:11:41.093,10.80759,10.8105,0.00,0.00
2015.12.09 15:11:41.368,10.80759,10.8107,0.00,0.00
2015.12.09 15:11:41.420,10.80808,10.8107,0.00,0.00
2015.12.09 15:11:41.470,10.80808,10.81081,0.00,0.00
2015.12.09 15:11:41.635,10.80758,10.81081,0.00,0.00
2015.12.09 15:11:41.686,10.80758,10.81051,0.00,0.00
2015.12.09 15:11:41.984,10.80758,10.81061,0.00,0.00
2015.12.09 15:11:42.564,10.80758,10.8107,0.00,0.00
2015.12.09 15:11:42.874,10.80758,10.8109,0.00,0.00
2015.12.09 15:11:42.975,10.80758,10.8107,0.00,0.00
2015.12.09 15:11:43.337,10.80758,10.81061,0.00,0.00
2015.12.09 15:11:43.388,10.80769,10.81082,0.00,0.00
2015.12.09 15:11:43.439,10.80809,10.81082,0.00,0.00
2015.12.09 15:11:43.490,10.80812,10.81091,0.00,0.00
2015.12.09 15:11:43.886,10.80812,10.81112,0.00,0.00
2015.12.09 15:11:44.090,10.80859,10.81141,0.00,0.00
2015.12.09 15:11:44.191,10.80859,10.8117,0.00,0.00
2015.12.09 15:11:44.292,10.80859,10.81152,0.00,0.00
2015.12.09 15:11:44.405,10.80822,10.81131,0.00,0.00
2015.12.09 15:11:44.506,10.80812,10.81091,0.00,0.00
2015.12.09 15:11:44.945,10.80801,10.81091,0.00,0.00
2015.12.09 15:11:45.494,10.80801,10.8109,0.00,0.00
2015.12.09 15:11:45.660,10.80801,10.81082,0.00,0.00
2015.12.09 15:11:45.970,10.80801,10.8109,0.00,0.00
2015.12.09 15:11:46.071,10.80761,10.8107,0.00,0.00
2015.12.09 15:11:46.323,10.80761,10.81091,0.00,0.00
2015.12.09 15:11:46.373,10.80782,10.81091,0.00,0.00
2015.12.09 15:11:47.086,10.80782,10.8109,0.00,0.00
2015.12.09 15:11:47.542,10.80801,10.81091,0.00,0.00
2015.12.09 15:11:48.391,10.80801,10.8109,0.00,0.00
2015.12.09 15:11:49.248,10.80801,10.81091,0.00,0.00
2015.12.09 15:11:49.459,10.80761,10.81071,0.00,0.00
2015.12.09 15:11:49.811,10.80759,10.81071,0.00,0.00
2015.12.09 15:11:49.862,10.80759,10.8099,0.00,0.00
2015.12.09 15:11:49.913,10.80708,10.80971,0.00,0.00
2015.12.09 15:11:50.023,10.80708,10.8096,0.00,0.00
2015.12.09 15:11:50.154,10.80681,10.80961,0.00,0.00
2015.12.09 15:11:50.424,10.80662,10.8096,0.00,0.00
2015.12.09 15:11:50.888,10.80662,10.8097,0.00,0.00
2015.12.09 15:11:51.039,10.80662,10.80961,0.00,0.00
2015.12.09 15:11:51.580,10.80662,10.8096,0.00,0.00
2015.12.09 15:11:51.630,10.80659,10.8096,0.00,0.00
2015.12.09 15:11:52.182,10.80659,10.80961,0.00,0.00
2015.12.09 15:11:52.792,10.80651,10.80942,0.00,0.00
2015.12.09 15:11:53.131,10.80558,10.8083,0.00,0.00
2015.12.09 15:11:53.238,10.80558,10.80851,0.00,0.00
2015.12.09 15:11:53.338,10.80558,10.80861,0.00,0.00
2015.12.09 15:11:53.440,10.80558,10.80831,0.00,0.00
2015.12.09 15:11:53.541,10.80541,10.8083,0.00,0.00
2015.12.09 15:11:53.592,10.80509,10.8083,0.00,0.00
2015.12.09 15:11:53.643,10.80509,10.8079,0.00,0.00
2015.12.09 15:11:53.744,10.80481,10.8079,0.00,0.00
2015.12.09 15:11:53.980,10.80458,10.80741,0.00,0.00
2015.12.09 15:11:54.292,10.80458,10.80731,0.00,0.00
2015.12.09 15:11:54.452,10.80458,10.8076,0.00,0.00
2015.12.09 15:11:54.654,10.80458,10.80751,0.00,0.00
2015.12.09 15:11:55.138,10.80458,10.80761,0.00,0.00
2015.12.09 15:11:55.841,10.80458,10.80751,0.00,0.00
2015.12.09 15:11:56.443,10.80458,10.80741,0.00,0.00
2015.12.09 15:11:57.338,10.80458,10.80761,0.00,0.00
2015.12.09 15:11:57.653,10.80458,10.80751,0.00,0.00
2015.12.09 15:11:58.002,10.80458,10.80741,0.00,0.00
2015.12.09 15:11:58.453,10.80442,10.80691,0.00,0.00
2015.12.09 15:11:58.503,10.80458,10.8076,0.00,0.00
2015.12.09 15:11:58.959,10.80458,10.80771,0.00,0.00
2015.12.09 15:11:59.617,10.80458,10.8077,0.00,0.00
2015.12.09 15:11:59.718,10.80491,10.8077,0.00,0.00
2015.12.09 15:11:59.870,10.80509,10.8079,0.00,0.00
2015.12.09 15:11:59.920,10.80512,10.8079,0.00,0.00
2015.12.09 15:11:59.971,10.80521,10.80841,0.00,0.00
2015.12.09 15:12:00.022,10.80558,10.80841,0.00,0.00
2015.12.09 15:12:00.073,10.80558,10.8086,0.00,0.00
2015.12.09 15:12:00.123,10.80582,10.8086,0.00,0.00
2015.12.09 15:12:00.174,10.80582,10.8089,0.00,0.00
2015.12.09 15:12:00.275,10.80582,10.8079,0.00,0.00
2015.12.09 15:12:00.326,10.8052,10.8079,0.00,0.00
2015.12.09 15:12:00.377,10.80512,10.8079,0.00,0.00
2015.12.09 15:12:00.628,10.80519,10.80841,0.00,0.00
2015.12.09 15:12:00.679,10.80521,10.80842,0.00,0.00
2015.12.09 15:12:01.024,10.80561,10.80881,0.00,0.00
2015.12.09 15:12:01.326,10.80581,10.80881,0.00,0.00
2015.12.09 15:12:01.688,10.80661,10.80981,0.00,0.00
2015.12.09 15:12:01.880,10.80661,10.8097,0.00,0.00
2015.12.09 15:12:01.981,10.80661,10.80981,0.00,0.00
2015.12.09 15:12:02.082,10.80661,10.80991,0.00,0.00
2015.12.09 15:12:02.283,10.80681,10.80991,0.00,0.00
2015.12.09 15:12:02.835,10.80671,10.80971,0.00,0.00
2015.12.09 15:12:03.381,10.80661,10.80971,0.00,0.00
2015.12.09 15:12:03.643,10.80659,10.80971,0.00,0.00
2015.12.09 15:12:03.996,10.80659,10.8098,0.00,0.00
2015.12.09 15:12:04.048,10.80671,10.8098,0.00,0.00
2015.12.09 15:12:04.601,10.80671,10.80981,0.00,0.00
2015.12.09 15:12:04.954,10.80661,10.8098,0.00,0.00
2015.12.09 15:12:05.509,10.80659,10.8098,0.00,0.00
2015.12.09 15:12:05.709,10.80659,10.80991,0.00,0.00
2015.12.09 15:12:05.811,10.80671,10.80991,0.00,0.00
2015.12.09 15:12:06.172,10.80709,10.80991,0.00,0.00
2015.12.09 15:12:06.223,10.80709,10.81032,0.00,0.00
2015.12.09 15:12:06.444,10.80771,10.81041,0.00,0.00
2015.12.09 15:12:06.498,10.80771,10.81091,0.00,0.00
2015.12.09 15:12:06.549,10.80771,10.81031,0.00,0.00
2015.12.09 15:12:06.600,10.80761,10.81031,0.00,0.00
2015.12.09 15:12:06.701,10.80791,10.8105,0.00,0.00
2015.12.09 15:12:06.751,10.80791,10.81071,0.00,0.00
2015.12.09 15:12:06.852,10.80791,10.81091,0.00,0.00
2015.12.09 15:12:07.176,10.80809,10.81091,0.00,0.00
2015.12.09 15:12:07.277,10.80821,10.81111,0.00,0.00
2015.12.09 15:12:07.378,10.80802,10.81091,0.00,0.00
2015.12.09 15:12:07.564,10.80782,10.81091,0.00,0.00
2015.12.09 15:12:07.614,10.80782,10.8107,0.00,0.00
2015.12.09 15:12:07.665,10.80782,10.81081,0.00,0.00
2015.12.09 15:12:08.466,10.80802,10.81041,0.00,0.00
2015.12.09 15:12:08.580,10.80791,10.81071,0.00,0.00
2015.12.09 15:12:08.969,10.80791,10.8106,0.00,0.00
2015.12.09 15:12:09.020,10.80762,10.8106,0.00,0.00
2015.12.09 15:12:09.070,10.80762,10.81051,0.00,0.00
2015.12.09 15:12:09.182,10.80762,10.81071,0.00,0.00
2015.12.09 15:12:09.541,10.80771,10.8107,0.00,0.00
2015.12.09 15:12:09.783,10.80771,10.8108,0.00,0.00
2015.12.09 15:12:10.863,10.80771,10.81071,0.00,0.00
2015.12.09 15:12:11.527,10.80771,10.8107,0.00,0.00
2015.12.09 15:12:12.137,10.80771,10.81071,0.00,0.00
2015.12.09 15:12:12.191,10.80771,10.81081,0.00,0.00
2015.12.09 15:12:12.292,10.80759,10.8098,0.00,0.00
2015.12.09 15:12:12.343,10.80722,10.8098,0.00,0.00
2015.12.09 15:12:12.444,10.80709,10.80991,0.00,0.00
2015.12.09 15:12:12.595,10.80682,10.8099,0.00,0.00
2015.12.09 15:12:13.128,10.80709,10.8099,0.00,0.00
2015.12.09 15:12:13.329,10.80682,10.80991,0.00,0.00
2015.12.09 15:12:13.430,10.80691,10.80991,0.00,0.00
2015.12.09 15:12:15.735,10.80691,10.8099,0.00,0.00
2015.12.09 15:12:16.318,10.80691,10.80991,0.00,0.00
2015.12.09 15:12:16.620,10.80671,10.8097,0.00,0.00
2015.12.09 15:12:17.021,10.80671,10.80961,0.00,0.00
2015.12.09 15:12:17.533,10.80671,10.80951,0.00,0.00
2015.12.09 15:12:17.701,10.80671,10.80961,0.00,0.00
2015.12.09 15:12:18.142,10.80671,10.80951,0.00,0.00
2015.12.09 15:12:18.195,10.80671,10.8096,0.00,0.00
2015.12.09 15:12:18.697,10.80662,10.8096,0.00,0.00
2015.12.09 15:12:18.748,10.80662,10.8094,0.00,0.00
2015.12.09 15:12:18.798,10.80658,10.8094,0.00,0.00
2015.12.09 15:12:18.849,10.80658,10.8093,0.00,0.00
2015.12.09 15:12:18.950,10.80658,10.80941,0.00,0.00
2015.12.09 15:12:19.358,10.80672,10.8096,0.00,0.00
2015.12.09 15:12:19.511,10.80672,10.8097,0.00,0.00
2015.12.09 15:12:19.712,10.80672,10.80891,0.00,0.00
2015.12.09 15:12:19.813,10.80611,10.80891,0.00,0.00
2015.12.09 15:12:19.914,10.80632,10.80891,0.00,0.00
2015.12.09 15:12:19.964,10.80659,10.80951,0.00,0.00
2015.12.09 15:12:20.214,10.80659,10.8098,0.00,0.00
2015.12.09 15:12:20.917,10.80659,10.80981,0.00,0.00
2015.12.09 15:12:21.218,10.80659,10.8095,0.00,0.00
2015.12.09 15:12:21.820,10.80659,10.80891,0.00,0.00
2015.12.09 15:12:21.921,10.80612,10.80871,0.00,0.00
2015.12.09 15:12:22.173,10.80591,10.80891,0.00,0.00
2015.12.09 15:12:22.224,10.80591,10.8088,0.00,0.00
2015.12.09 15:12:22.422,10.80558,10.80861,0.00,0.00
2015.12.09 15:12:22.915,10.8052,10.80841,0.00,0.00
2015.12.09 15:12:22.966,10.80511,10.80791,0.00,0.00
2015.12.09 15:12:23.226,10.80559,10.80871,0.00,0.00
2015.12.09 15:12:23.328,10.80559,10.80861,0.00,0.00
2015.12.09 15:12:23.664,10.80559,10.80841,0.00,0.00
2015.12.09 15:12:23.978,10.80559,10.8081,0.00,0.00
2015.12.09 15:12:24.430,10.80559,10.8083,0.00,0.00
2015.12.09 15:12:24.531,10.80559,10.80851,0.00,0.00
2015.12.09 15:12:25.134,10.80559,10.80801,0.00,0.00
2015.12.09 15:12:25.235,10.80559,10.8082,0.00,0.00
2015.12.09 15:12:25.418,10.80562,10.8082,0.00,0.00
2015.12.09 15:12:25.469,10.80562,10.80851,0.00,0.00
2015.12.09 15:12:25.844,10.80562,10.8087,0.00,0.00
2015.12.09 15:12:26.288,10.80571,10.8087,0.00,0.00
2015.12.09 15:12:26.598,10.80559,10.8086,0.00,0.00
2015.12.09 15:12:26.649,10.80542,10.80831,0.00,0.00
2015.12.09 15:12:26.750,10.80511,10.80821,0.00,0.00
2015.12.09 15:12:27.324,10.80511,10.8082,0.00,0.00
2015.12.09 15:12:27.625,10.80521,10.8082,0.00,0.00
2015.12.09 15:12:27.803,10.80508,10.80821,0.00,0.00
2015.12.09 15:12:27.853,10.80502,10.80791,0.00,0.00
2015.12.09 15:12:28.156,10.80558,10.80839,0.00,0.00
2015.12.09 15:12:28.568,10.80558,10.8085,0.00,0.00
2015.12.09 15:12:28.855,10.80542,10.80841,0.00,0.00
2015.12.09 15:12:28.906,10.80511,10.80721,0.00,0.00
2015.12.09 15:12:28.957,10.80509,10.80721,0.00,0.00
2015.12.09 15:12:29.057,10.80421,10.80721,0.00,0.00
2015.12.09 15:12:29.310,10.80421,10.80692,0.00,0.00
2015.12.09 15:12:29.361,10.80361,10.80671,0.00,0.00
2015.12.09 15:12:29.886,10.80361,10.8067,0.00,0.00
2015.12.09 15:12:30.063,10.80362,10.8068,0.00,0.00
2015.12.09 15:12:30.264,10.80362,10.80671,0.00,0.00
2015.12.09 15:12:30.365,10.80358,10.80671,0.00,0.00
2015.12.09 15:12:30.415,10.80358,10.80631,0.00,0.00
2015.12.09 15:12:30.783,10.80358,10.80621,0.00,0.00
2015.12.09 15:12:31.051,10.80358,10.80661,0.00,0.00
2015.12.09 15:12:31.541,10.80362,10.80661,0.00,0.00
2015.12.09 15:12:32.375,10.80371,10.80661,0.00,0.00
2015.12.09 15:12:32.775,10.80371,10.8067,0.00,0.00
2015.12.09 15:12:33.869,10.80381,10.8067,0.00,0.00
2015.12.09 15:12:34.182,10.80371,10.80651,0.00,0.00
2015.12.09 15:12:34.283,10.80458,10.80739,0.00,0.00
2015.12.09 15:12:34.334,10.80471,10.80739,0.00,0.00
2015.12.09 15:12:34.386,10.80471,10.80761,0.00,0.00
2015.12.09 15:12:34.599,10.80522,10.80761,0.00,0.00
2015.12.09 15:12:34.702,10.80522,10.80811,0.00,0.00
2015.12.09 15:12:34.753,10.80541,10.80811,0.00,0.00
2015.12.09 15:12:34.803,10.80559,10.80861,0.00,0.00
2015.12.09 15:12:34.854,10.80571,10.80861,0.00,0.00
2015.12.09 15:12:34.905,10.80571,10.80871,0.00,0.00
2015.12.09 15:12:35.185,10.80571,10.8082,0.00,0.00
2015.12.09 15:12:35.438,10.80459,10.80741,0.00,0.00
2015.12.09 15:12:35.671,10.80421,10.80711,0.00,0.00
2015.12.09 15:12:36.190,10.80421,10.80742,0.00,0.00
2015.12.09 15:12:36.241,10.80458,10.80761,0.00,0.00
2015.12.09 15:12:36.291,10.80471,10.80791,0.00,0.00
2015.12.09 15:12:36.394,10.80458,10.80721,0.00,0.00
2015.12.09 15:12:36.445,10.80451,10.80721,0.00,0.00
2015.12.09 15:12:36.496,10.80432,10.80721,0.00,0.00
2015.12.09 15:12:36.786,10.80421,10.80711,0.00,0.00
2015.12.09 15:12:37.290,10.80421,10.8071,0.00,0.00
2015.12.09 15:12:37.341,10.80422,10.80742,0.00,0.00
2015.12.09 15:12:37.391,10.80451,10.80742,0.00,0.00
2015.12.09 15:12:37.442,10.80459,10.80791,0.00,0.00
2015.12.09 15:12:37.493,10.80471,10.80791,0.00,0.00
2015.12.09 15:12:37.845,10.80501,10.80791,0.00,0.00
2015.12.09 15:12:38.291,10.80511,10.80821,0.00,0.00
2015.12.09 15:12:38.434,10.80522,10.80821,0.00,0.00
2015.12.09 15:12:38.797,10.80558,10.80851,0.00,0.00
2015.12.09 15:12:38.848,10.80561,10.80871,0.00,0.00
2015.12.09 15:12:39.049,10.80561,10.8085,0.00,0.00
2015.12.09 15:12:39.511,10.80561,10.8084,0.00,0.00
2015.12.09 15:12:39.864,10.80621,10.8083,0.00,0.00
2015.12.09 15:12:39.915,10.80652,10.80872,0.00,0.00
2015.12.09 15:12:40.016,10.80652,10.80941,0.00,0.00
2015.12.09 15:12:40.067,10.80658,10.8097,0.00,0.00
2015.12.09 15:12:40.117,10.80658,10.80952,0.00,0.00
2015.12.09 15:12:40.560,10.80641,10.80921,0.00,0.00
2015.12.09 15:12:40.807,10.80658,10.80941,0.00,0.00
2015.12.09 15:12:40.858,10.80651,10.8091,0.00,0.00
2015.12.09 15:12:40.909,10.80622,10.8091,0.00,0.00
2015.12.09 15:12:40.960,10.80622,10.80881,0.00,0.00
2015.12.09 15:12:41.010,10.80611,10.80881,0.00,0.00
2015.12.09 15:12:41.111,10.80611,10.80841,0.00,0.00
2015.12.09 15:12:41.162,10.80552,10.80841,0.00,0.00
2015.12.09 15:12:41.263,10.80541,10.80841,0.00,0.00
2015.12.09 15:12:41.314,10.80541,10.80832,0.00,0.00
2015.12.09 15:12:41.415,10.80541,10.80841,0.00,0.00
2015.12.09 15:12:41.516,10.80541,10.8078,0.00,0.00
2015.12.09 15:12:41.668,10.80501,10.80781,0.00,0.00
2015.12.09 15:12:42.196,10.80501,10.8078,0.00,0.00
2015.12.09 15:12:42.655,10.80481,10.80771,0.00,0.00
2015.12.09 15:12:42.821,10.80481,10.80761,0.00,0.00
2015.12.09 15:12:43.084,10.80472,10.8076,0.00,0.00
2015.12.09 15:12:43.135,10.80472,10.8075,0.00,0.00
2015.12.09 15:12:43.565,10.80472,10.8076,0.00,0.00
2015.12.09 15:12:43.640,10.80461,10.8076,0.00,0.00
2015.12.09 15:12:43.807,10.80461,10.80752,0.00,0.00
2015.12.09 15:12:44.243,10.80401,10.80681,0.00,0.00
2015.12.09 15:12:44.808,10.80401,10.8068,0.00,0.00
2015.12.09 15:12:45.332,10.80401,10.80681,0.00,0.00
2015.12.09 15:12:45.529,10.80358,10.80672,0.00,0.00
2015.12.09 15:12:45.580,10.80409,10.80672,0.00,0.00
2015.12.09 15:12:45.631,10.80421,10.80701,0.00,0.00
2015.12.09 15:12:45.734,10.80421,10.80731,0.00,0.00
2015.12.09 15:12:45.893,10.80458,10.80731,0.00,0.00
2015.12.09 15:12:45.943,10.80458,10.80781,0.00,0.00
2015.12.09 15:12:45.994,10.80482,10.80781,0.00,0.00
2015.12.09 15:12:46.716,10.80502,10.80781,0.00,0.00
2015.12.09 15:12:47.046,10.80502,10.80792,0.00,0.00
2015.12.09 15:12:47.097,10.80522,10.80802,0.00,0.00
2015.12.09 15:12:47.413,10.80522,10.80781,0.00,0.00
2015.12.09 15:12:47.804,10.80502,10.80781,0.00,0.00
2015.12.09 15:12:48.075,10.80509,10.80781,0.00,0.00
2015.12.09 15:12:48.434,10.80501,10.8078,0.00,0.00
2015.12.09 15:12:48.485,10.80521,10.8074,0.00,0.00
2015.12.09 15:12:48.687,10.80521,10.80822,0.00,0.00
2015.12.09 15:12:48.880,10.80521,10.80831,0.00,0.00
2015.12.09 15:12:49.261,10.80521,10.80811,0.00,0.00
2015.12.09 15:12:49.569,10.80501,10.80781,0.00,0.00
2015.12.09 15:12:49.842,10.80542,10.80841,0.00,0.00
2015.12.09 15:12:50.142,10.80558,10.80861,0.00,0.00
2015.12.09 15:12:50.371,10.80558,10.8087,0.00,0.00
2015.12.09 15:12:51.003,10.80558,10.80871,0.00,0.00
2015.12.09 15:12:51.705,10.80552,10.80842,0.00,0.00
2015.12.09 15:12:52.007,10.80522,10.8081,0.00,0.00
2015.12.09 15:12:52.550,10.80522,10.80811,0.00,0.00
2015.12.09 15:12:52.825,10.80558,10.80861,0.00,0.00
2015.12.09 15:12:52.876,10.80558,10.80821,0.00,0.00
2015.12.09 15:12:53.381,10.80558,10.8082,0.00,0.00
2015.12.09 15:12:53.701,10.80558,10.80861,0.00,0.00
2015.12.09 15:12:53.802,10.80571,10.80861,0.00,0.00
2015.12.09 15:12:53.991,10.80561,10.8086,0.00,0.00
2015.12.09 15:12:54.193,10.80561,10.80851,0.00,0.00
2015.12.09 15:12:54.243,10.80558,10.80851,0.00,0.00
2015.12.09 15:12:54.294,10.80558,10.80831,0.00,0.00
2015.12.09 15:12:54.597,10.80561,10.80851,0.00,0.00
2015.12.09 15:12:55.309,10.80561,10.8085,0.00,0.00
2015.12.09 15:12:55.375,10.80561,10.80861,0.00,0.00
2015.12.09 15:12:55.741,10.80572,10.80861,0.00,0.00
2015.12.09 15:12:56.833,10.80572,10.8086,0.00,0.00
2015.12.09 15:12:58.085,10.80558,10.8085,0.00,0.00
2015.12.09 15:12:58.386,10.80558,10.80841,0.00,0.00
2015.12.09 15:12:58.736,10.80642,10.80871,0.00,0.00
2015.12.09 15:12:58.787,10.80642,10.80911,0.00,0.00
2015.12.09 15:12:59.215,10.80642,10.80941,0.00,0.00
2015.12.09 15:12:59.266,10.80642,10.80931,0.00,0.00
2015.12.09 15:12:59.590,10.80632,10.80922,0.00,0.00
2015.12.09 15:13:00.149,10.80632,10.80932,0.00,0.00
2015.12.09 15:13:00.418,10.80632,10.80851,0.00,0.00
2015.12.09 15:13:00.967,10.80632,10.8085,0.00,0.00
2015.12.09 15:13:01.120,10.80632,10.80911,0.00,0.00
2015.12.09 15:13:01.171,10.80632,10.80941,0.00,0.00
2015.12.09 15:13:01.417,10.80659,10.80962,0.00,0.00
2015.12.09 15:13:01.719,10.80632,10.8088,0.00,0.00
2015.12.09 15:13:02.234,10.80632,10.80881,0.00,0.00
2015.12.09 15:13:03.894,10.80672,10.80881,0.00,0.00
2015.12.09 15:13:03.945,10.80672,10.80921,0.00,0.00
2015.12.09 15:13:03.996,10.80659,10.80921,0.00,0.00
2015.12.09 15:13:04.047,10.80641,10.80881,0.00,0.00
2015.12.09 15:13:04.655,10.80641,10.8088,0.00,0.00
2015.12.09 15:13:04.980,10.80632,10.80881,0.00,0.00
2015.12.09 15:13:05.564,10.80659,10.8088,0.00,0.00
2015.12.09 15:13:05.825,10.80691,10.80991,0.00,0.00
2015.12.09 15:13:05.876,10.80691,10.80972,0.00,0.00
2015.12.09 15:13:05.977,10.80691,10.80991,0.00,0.00
2015.12.09 15:13:06.196,10.80691,10.80971,0.00,0.00
2015.12.09 15:13:06.297,10.80691,10.8099,0.00,0.00
2015.12.09 15:13:06.477,10.80691,10.80972,0.00,0.00
2015.12.09 15:13:06.578,10.80691,10.8099,0.00,0.00
2015.12.09 15:13:07.084,10.80691,10.80991,0.00,0.00
2015.12.09 15:13:07.638,10.80691,10.8099,0.00,0.00
2015.12.09 15:13:07.887,10.80708,10.8099,0.00,0.00
2015.12.09 15:13:08.204,10.80859,10.8108,0.00,0.00
2015.12.09 15:13:08.355,10.80802,10.81081,0.00,0.00
2015.12.09 15:13:09.334,10.80822,10.81081,0.00,0.00
2015.12.09 15:13:09.388,10.80832,10.81132,0.00,0.00
2015.12.09 15:13:09.452,10.80832,10.8113,0.00,0.00
2015.12.09 15:13:09.805,10.80832,10.81111,0.00,0.00
2015.12.09 15:13:10.371,10.80821,10.81131,0.00,0.00
2015.12.09 15:13:10.472,10.80821,10.81111,0.00,0.00
2015.12.09 15:13:11.008,10.80821,10.81131,0.00,0.00
2015.12.09 15:13:11.864,10.80821,10.8113,0.00,0.00
2015.12.09 15:13:12.667,10.80821,10.81121,0.00,0.00
2015.12.09 15:13:12.768,10.80821,10.8113,0.00,0.00
2015.12.09 15:13:13.397,10.80821,10.81131,0.00,0.00
2015.12.09 15:13:14.016,10.80821,10.8113,0.00,0.00
2015.12.09 15:13:14.370,10.80821,10.81121,0.00,0.00
2015.12.09 15:13:14.471,10.80821,10.81131,0.00,0.00
2015.12.09 15:13:15.081,10.80821,10.8113,0.00,0.00
2015.12.09 15:13:15.934,10.80869,10.81081,0.00,0.00
2015.12.09 15:13:16.035,10.80802,10.81081,0.00,0.00
2015.12.09 15:13:16.374,10.80802,10.81032,0.00,0.00
2015.12.09 15:13:16.586,10.80732,10.80981,0.00,0.00
2015.12.09 15:13:17.199,10.80732,10.8098,0.00,0.00
2015.12.09 15:13:17.775,10.80732,10.80981,0.00,0.00
2015.12.09 15:13:18.364,10.80732,10.8098,0.00,0.00
2015.12.09 15:13:18.870,10.80718,10.80981,0.00,0.00
2015.12.09 15:13:19.116,10.80691,10.80981,0.00,0.00
2015.12.09 15:13:19.779,10.80691,10.8098,0.00,0.00
2015.12.09 15:13:20.382,10.80732,10.8098,0.00,0.00
2015.12.09 15:13:21.289,10.80732,10.80981,0.00,0.00
2015.12.09 15:13:21.914,10.80732,10.81032,0.00,0.00
2015.12.09 15:13:22.863,10.80768,10.8104,0.00,0.00
2015.12.09 15:13:23.069,10.80731,10.8103,0.00,0.00
2015.12.09 15:13:23.417,10.80731,10.80982,0.00,0.00
2015.12.09 15:13:23.518,10.80732,10.81011,0.00,0.00
2015.12.09 15:13:23.854,10.80732,10.81032,0.00,0.00
2015.12.09 15:13:23.905,10.80732,10.81022,0.00,0.00
2015.12.09 15:13:24.234,10.80691,10.80981,0.00,0.00
2015.12.09 15:13:25.023,10.80691,10.8098,0.00,0.00
2015.12.09 15:13:26.147,10.80769,10.81031,0.00,0.00
2015.12.09 15:13:26.197,10.80769,10.81041,0.00,0.00
2015.12.09 15:13:26.248,10.80732,10.81032,0.00,0.00
2015.12.09 15:13:26.445,10.80718,10.8098,0.00,0.00
2015.12.09 15:13:26.496,10.80692,10.8098,0.00,0.00
2015.12.09 15:13:26.547,10.80731,10.80982,0.00,0.00
2015.12.09 15:13:26.745,10.80768,10.81032,0.00,0.00
2015.12.09 15:13:26.798,10.80791,10.81071,0.00,0.00
2015.12.09 15:13:26.848,10.80791,10.8105,0.00,0.00
2015.12.09 15:13:26.899,10.80768,10.8105,0.00,0.00
2015.12.09 15:13:26.950,10.80768,10.81021,0.00,0.00
2015.12.09 15:13:27.333,10.80768,10.81011,0.00,0.00
2015.12.09 15:13:28.167,10.80731,10.81011,0.00,0.00
2015.12.09 15:13:28.218,10.80721,10.81031,0.00,0.00
2015.12.09 15:13:29.348,10.80721,10.80981,0.00,0.00
2015.12.09 15:13:29.450,10.80692,10.8098,0.00,0.00
2015.12.09 15:13:30.156,10.80692,10.80981,0.00,0.00
2015.12.09 15:13:30.207,10.80768,10.80981,0.00,0.00
2015.12.09 15:13:30.258,10.80768,10.81002,0.00,0.00
2015.12.09 15:13:30.309,10.80768,10.81011,0.00,0.00
2015.12.09 15:13:30.516,10.80732,10.81031,0.00,0.00
2015.12.09 15:13:31.306,10.80722,10.81031,0.00,0.00
2015.12.09 15:13:32.643,10.80768,10.81041,0.00,0.00
2015.12.09 15:13:32.694,10.80768,10.81062,0.00,0.00
2015.12.09 15:13:32.745,10.80802,10.81081,0.00,0.00
2015.12.09 15:13:33.455,10.80802,10.8108,0.00,0.00
2015.12.09 15:13:33.989,10.80802,10.81081,0.00,0.00
2015.12.09 15:13:34.255,10.80832,10.81132,0.00,0.00
2015.12.09 15:13:34.384,10.80868,10.8115,0.00,0.00
2015.12.09 15:13:34.747,10.80868,10.81142,0.00,0.00
2015.12.09 15:13:35.063,10.80868,10.8117,0.00,0.00
2015.12.09 15:13:35.114,10.80868,10.81181,0.00,0.00
2015.12.09 15:13:35.165,10.80872,10.81181,0.00,0.00
2015.12.09 15:13:35.547,10.80872,10.81162,0.00,0.00
2015.12.09 15:13:35.598,10.80868,10.81162,0.00,0.00
2015.12.09 15:13:35.857,10.80868,10.81151,0.00,0.00
2015.12.09 15:13:36.160,10.80868,10.81141,0.00,0.00
2015.12.09 15:13:36.360,10.80868,10.8115,0.00,0.00
2015.12.09 15:13:36.411,10.80868,10.81171,0.00,0.00
2015.12.09 15:13:36.461,10.80881,10.81171,0.00,0.00
2015.12.09 15:13:36.867,10.80851,10.81121,0.00,0.00
2015.12.09 15:13:37.605,10.80851,10.8108,0.00,0.00
2015.12.09 15:13:37.656,10.80841,10.8108,0.00,0.00
2015.12.09 15:13:37.707,10.80841,10.81082,0.00,0.00
2015.12.09 15:13:37.808,10.80841,10.8111,0.00,0.00
2015.12.09 15:13:37.909,10.80841,10.81081,0.00,0.00
2015.12.09 15:13:38.010,10.80818,10.8108,0.00,0.00
2015.12.09 15:13:38.235,10.80801,10.8108,0.00,0.00
2015.12.09 15:13:38.889,10.80801,10.81081,0.00,0.00
2015.12.09 15:13:39.348,10.80818,10.81111,0.00,0.00
2015.12.09 15:13:39.531,10.80841,10.81111,0.00,0.00
2015.12.09 15:13:39.854,10.80818,10.81092,0.00,0.00
2015.12.09 15:13:39.955,10.80801,10.81081,0.00,0.00
2015.12.09 15:13:40.005,10.80801,10.81031,0.00,0.00
2015.12.09 15:13:40.106,10.8072,10.8098,0.00,0.00
2015.12.09 15:13:40.259,10.80711,10.80981,0.00,0.00
2015.12.09 15:13:40.788,10.80701,10.80981,0.00,0.00
2015.12.09 15:13:41.066,10.80692,10.80981,0.00,0.00
2015.12.09 15:13:41.434,10.80701,10.8098,0.00,0.00
2015.12.09 15:13:41.972,10.80701,10.80981,0.00,0.00
2015.12.09 15:13:42.302,10.80741,10.81011,0.00,0.00
2015.12.09 15:13:42.961,10.80741,10.8101,0.00,0.00
2015.12.09 15:13:43.481,10.80741,10.81011,0.00,0.00
2015.12.09 15:13:43.791,10.80768,10.81041,0.00,0.00
2015.12.09 15:13:43.842,10.80802,10.81081,0.00,0.00
2015.12.09 15:13:43.993,10.80802,10.8103,0.00,0.00
2015.12.09 15:13:44.044,10.80761,10.8103,0.00,0.00
2015.12.09 15:13:44.196,10.80768,10.81031,0.00,0.00
2015.12.09 15:13:44.910,10.80802,10.81031,0.00,0.00
2015.12.09 15:13:44.960,10.80802,10.81081,0.00,0.00
2015.12.09 15:13:45.145,10.80781,10.81051,0.00,0.00
2015.12.09 15:13:45.710,10.80781,10.8105,0.00,0.00
2015.12.09 15:13:46.035,10.80781,10.8104,0.00,0.00
2015.12.09 15:13:46.340,10.80781,10.81051,0.00,0.00
2015.12.09 15:13:46.391,10.80781,10.81061,0.00,0.00
2015.12.09 15:13:46.976,10.80801,10.81061,0.00,0.00
2015.12.09 15:13:47.026,10.80781,10.81061,0.00,0.00
2015.12.09 15:13:47.077,10.80781,10.8105,0.00,0.00
2015.12.09 15:13:47.603,10.80781,10.8104,0.00,0.00
2015.12.09 15:13:47.943,10.80781,10.81031,0.00,0.00
2015.12.09 15:13:48.455,10.80781,10.8103,0.00,0.00
2015.12.09 15:13:48.506,10.80781,10.81041,0.00,0.00
2015.12.09 15:13:48.798,10.80781,10.81051,0.00,0.00
2015.12.09 15:13:49.463,10.80802,10.81081,0.00,0.00
2015.12.09 15:13:50.045,10.80802,10.8108,0.00,0.00
2015.12.09 15:13:50.619,10.80801,10.8108,0.00,0.00
2015.12.09 15:13:50.670,10.80782,10.8106,0.00,0.00
2015.12.09 15:13:51.059,10.80782,10.8105,0.00,0.00
2015.12.09 15:13:51.361,10.80751,10.8103,0.00,0.00
2015.12.09 15:13:51.867,10.80751,10.81031,0.00,0.00
2015.12.09 15:13:52.846,10.80751,10.8103,0.00,0.00
2015.12.09 15:13:53.172,10.80751,10.81032,0.00,0.00
2015.12.09 15:13:56.713,10.80768,10.81041,0.00,0.00
2015.12.09 15:13:56.765,10.80768,10.8105,0.00,0.00
2015.12.09 15:13:56.940,10.8072,10.80981,0.00,0.00
2015.12.09 15:13:56.991,10.80712,10.8098,0.00,0.00
2015.12.09 15:13:57.092,10.80718,10.8101,0.00,0.00
2015.12.09 15:13:57.143,10.80742,10.8101,0.00,0.00
2015.12.09 15:13:57.416,10.80768,10.81052,0.00,0.00
2015.12.09 15:13:57.467,10.80781,10.81031,0.00,0.00
2015.12.09 15:13:57.568,10.80781,10.8105,0.00,0.00
2015.12.09 15:13:57.669,10.80781,10.81072,0.00,0.00
2015.12.09 15:13:57.720,10.80802,10.81081,0.00,0.00
2015.12.09 15:13:59.797,10.80781,10.81051,0.00,0.00
2015.12.09 15:14:00.436,10.80781,10.8105,0.00,0.00
2015.12.09 15:14:01.144,10.80781,10.81051,0.00,0.00
2015.12.09 15:14:01.491,10.80752,10.81021,0.00,0.00
2015.12.09 15:14:01.615,10.80752,10.81031,0.00,0.00
2015.12.09 15:14:02.982,10.80769,10.8104,0.00,0.00
2015.12.09 15:14:03.033,10.80769,10.81051,0.00,0.00
2015.12.09 15:14:03.084,10.80802,10.81051,0.00,0.00
2015.12.09 15:14:03.134,10.80802,10.81081,0.00,0.00
2015.12.09 15:14:03.821,10.80751,10.81031,0.00,0.00
2015.12.09 15:14:04.290,10.80802,10.81031,0.00,0.00
2015.12.09 15:14:04.341,10.80802,10.81062,0.00,0.00
2015.12.09 15:14:04.392,10.80802,10.81081,0.00,0.00
2015.12.09 15:14:04.644,10.80751,10.81032,0.00,0.00
2015.12.09 15:14:04.888,10.80802,10.81032,0.00,0.00
2015.12.09 15:14:04.939,10.80802,10.8108,0.00,0.00
2015.12.09 15:14:05.444,10.80802,10.81081,0.00,0.00
2015.12.09 15:14:06.014,10.80802,10.8108,0.00,0.00
2015.12.09 15:14:06.545,10.80802,10.81081,0.00,0.00
2015.12.09 15:14:07.096,10.80802,10.8108,0.00,0.00
2015.12.09 15:14:07.597,10.80802,10.81081,0.00,0.00
2015.12.09 15:14:08.149,10.80802,10.8108,0.00,0.00
2015.12.09 15:14:08.601,10.80871,10.8108,0.00,0.00
2015.12.09 15:14:08.651,10.80871,10.81131,0.00,0.00
2015.12.09 15:14:08.702,10.80869,10.81131,0.00,0.00
2015.12.09 15:14:08.753,10.80851,10.81082,0.00,0.00
2015.12.09 15:14:08.804,10.80802,10.81082,0.00,0.00
2015.12.09 15:14:08.904,10.80871,10.81082,0.00,0.00
2015.12.09 15:14:08.955,10.80871,10.8115,0.00,0.00
2015.12.09 15:14:09.056,10.80871,10.81181,0.00,0.00
2015.12.09 15:14:09.352,10.80901,10.8118,0.00,0.00
2015.12.09 15:14:10.231,10.80901,10.81181,0.00,0.00
2015.12.09 15:14:10.706,10.80891,10.81181,0.00,0.00
2015.12.09 15:14:11.556,10.80901,10.81181,0.00,0.00
2015.12.09 15:14:12.262,10.80901,10.8118,0.00,0.00
2015.12.09 15:14:12.570,10.80918,10.81192,0.00,0.00
2015.12.09 15:14:12.620,10.80928,10.81232,0.00,0.00
2015.12.09 15:14:12.671,10.80982,10.81232,0.00,0.00
2015.12.09 15:14:12.823,10.80982,10.81281,0.00,0.00
2015.12.09 15:14:13.024,10.80982,10.81231,0.00,0.00
2015.12.09 15:14:13.075,10.80951,10.81221,0.00,0.00
2015.12.09 15:14:13.677,10.80951,10.8122,0.00,0.00
2015.12.09 15:14:14.250,10.80951,10.81221,0.00,0.00
2015.12.09 15:14:15.079,10.80919,10.8118,0.00,0.00
2015.12.09 15:14:15.129,10.80901,10.8118,0.00,0.00
2015.12.09 15:14:15.180,10.80971,10.81181,0.00,0.00
2015.12.09 15:14:15.381,10.80971,10.81239,0.00,0.00
2015.12.09 15:14:15.756,10.80971,10.8125,0.00,0.00
2015.12.09 15:14:16.059,10.80968,10.81181,0.00,0.00
2015.12.09 15:14:16.110,10.80951,10.81181,0.00,0.00
2015.12.09 15:14:16.211,10.80919,10.8118,0.00,0.00
2015.12.09 15:14:16.312,10.80912,10.8118,0.00,0.00
2015.12.09 15:14:16.413,10.80901,10.8118,0.00,0.00
2015.12.09 15:14:16.631,10.80918,10.8118,0.00,0.00
2015.12.09 15:14:16.682,10.80918,10.81232,0.00,0.00
2015.12.09 15:14:16.732,10.80951,10.81232,0.00,0.00
2015.12.09 15:14:17.800,10.80918,10.81232,0.00,0.00
2015.12.09 15:14:17.851,10.80901,10.81182,0.00,0.00
2015.12.09 15:14:18.178,10.80952,10.81232,0.00,0.00
2015.12.09 15:14:19.804,10.80918,10.8118,0.00,0.00
2015.12.09 15:14:19.855,10.80901,10.8118,0.00,0.00
2015.12.09 15:14:20.006,10.80901,10.8116,0.00,0.00
2015.12.09 15:14:20.332,10.80901,10.81151,0.00,0.00
2015.12.09 15:14:20.483,10.80801,10.81081,0.00,0.00
2015.12.09 15:14:20.675,10.80891,10.8108,0.00,0.00
2015.12.09 15:14:20.928,10.80981,10.8125,0.00,0.00
2015.12.09 15:14:20.979,10.80981,10.81212,0.00,0.00
2015.12.09 15:14:21.291,10.80951,10.81181,0.00,0.00
2015.12.09 15:14:21.452,10.80919,10.81181,0.00,0.00
2015.12.09 15:14:21.503,10.80901,10.81181,0.00,0.00
2015.12.09 15:14:21.604,10.80901,10.8117,0.00,0.00
2015.12.09 15:14:21.921,10.80851,10.81082,0.00,0.00
2015.12.09 15:14:22.173,10.80892,10.81171,0.00,0.00
2015.12.09 15:14:22.224,10.80892,10.81131,0.00,0.00
2015.12.09 15:14:22.325,10.80869,10.81121,0.00,0.00
2015.12.09 15:14:22.375,10.80852,10.81082,0.00,0.00
2015.12.09 15:14:22.426,10.80802,10.8108,0.00,0.00
2015.12.09 15:14:22.527,10.80802,10.8107,0.00,0.00
2015.12.09 15:14:22.628,10.80802,10.81081,0.00,0.00
2015.12.09 15:14:22.984,10.80802,10.81061,0.00,0.00
2015.12.09 15:14:23.496,10.80801,10.81061,0.00,0.00
2015.12.09 15:14:23.547,10.80802,10.81081,0.00,0.00
2015.12.09 15:14:24.226,10.80802,10.8108,0.00,0.00
2015.12.09 15:14:24.831,10.80802,10.81081,0.00,0.00
2015.12.09 15:14:25.119,10.80818,10.81111,0.00,0.00
2015.12.09 15:14:25.169,10.80818,10.8108,0.00,0.00
2015.12.09 15:14:25.488,10.80802,10.81081,0.00,0.00
2015.12.09 15:14:26.042,10.80802,10.81082,0.00,0.00
2015.12.09 15:14:26.092,10.80852,10.81132,0.00,0.00
2015.12.09 15:14:26.428,10.80802,10.8108,0.00,0.00
2015.12.09 15:14:26.949,10.80802,10.81081,0.00,0.00
2015.12.09 15:14:27.793,10.80802,10.8108,0.00,0.00
2015.12.09 15:14:28.550,10.80802,10.81081,0.00,0.00
2015.12.09 15:14:28.864,10.80818,10.8113,0.00,0.00
2015.12.09 15:14:28.965,10.80852,10.81132,0.00,0.00
2015.12.09 15:14:29.268,10.80801,10.8108,0.00,0.00
2015.12.09 15:14:30.502,10.80851,10.81132,0.00,0.00
2015.12.09 15:14:30.742,10.80851,10.8108,0.00,0.00
2015.12.09 15:14:30.795,10.80852,10.81082,0.00,0.00
2015.12.09 15:14:30.966,10.80818,10.8108,0.00,0.00
2015.12.09 15:14:31.079,10.80818,10.81111,0.00,0.00
2015.12.09 15:14:31.143,10.80802,10.81082,0.00,0.00
2015.12.09 15:14:31.669,10.80802,10.81081,0.00,0.00
2015.12.09 15:14:32.273,10.80802,10.8108,0.00,0.00
2015.12.09 15:14:32.774,10.80801,10.81081,0.00,0.00
2015.12.09 15:14:33.125,10.80801,10.8107,0.00,0.00
2015.12.09 15:14:33.357,10.80782,10.81061,0.00,0.00
2015.12.09 15:14:33.410,10.80782,10.81051,0.00,0.00
2015.12.09 15:14:33.728,10.80718,10.80981,0.00,0.00
2015.12.09 15:14:33.929,10.80692,10.80981,0.00,0.00
2015.12.09 15:14:34.471,10.80692,10.8098,0.00,0.00
2015.12.09 15:14:35.080,10.80692,10.80981,0.00,0.00
2015.12.09 15:14:35.585,10.80692,10.8098,0.00,0.00
2015.12.09 15:14:36.488,10.80692,10.80981,0.00,0.00
2015.12.09 15:14:37.095,10.80692,10.8098,0.00,0.00
2015.12.09 15:14:37.433,10.80701,10.80981,0.00,0.00
2015.12.09 15:14:37.756,10.80802,10.81081,0.00,0.00
2015.12.09 15:14:38.558,10.80802,10.8108,0.00,0.00
2015.12.09 15:14:39.076,10.80802,10.81081,0.00,0.00
2015.12.09 15:14:39.356,10.80819,10.8111,0.00,0.00
2015.12.09 15:14:39.407,10.80882,10.8111,0.00,0.00
2015.12.09 15:14:39.458,10.80882,10.81131,0.00,0.00
2015.12.09 15:14:39.509,10.80882,10.81181,0.00,0.00
2015.12.09 15:14:39.660,10.80868,10.81131,0.00,0.00
2015.12.09 15:14:39.761,10.80852,10.81131,0.00,0.00
2015.12.09 15:14:39.912,10.80852,10.81121,0.00,0.00
2015.12.09 15:14:40.078,10.80802,10.8108,0.00,0.00
2015.12.09 15:14:40.280,10.80852,10.81132,0.00,0.00
2015.12.09 15:14:40.489,10.80852,10.81111,0.00,0.00
2015.12.09 15:14:40.754,10.80819,10.81131,0.00,0.00
2015.12.09 15:14:40.855,10.80851,10.81132,0.00,0.00
2015.12.09 15:14:41.157,10.80802,10.8108,0.00,0.00
2015.12.09 15:14:41.707,10.80802,10.81081,0.00,0.00
2015.12.09 15:14:42.021,10.80801,10.8106,0.00,0.00
2015.12.09 15:14:42.358,10.80801,10.81051,0.00,0.00
2015.12.09 15:14:42.902,10.80801,10.8105,0.00,0.00
2015.12.09 15:14:42.952,10.80802,10.8108,0.00,0.00
2015.12.09 15:14:43.510,10.80802,10.81081,0.00,0.00
2015.12.09 15:14:44.012,10.80802,10.8108,0.00,0.00
2015.12.09 15:14:44.513,10.80801,10.8108,0.00,0.00
2015.12.09 15:14:44.765,10.80802,10.8107,0.00,0.00
2015.12.09 15:14:45.115,10.80802,10.8106,0.00,0.00
2015.12.09 15:14:45.165,10.80782,10.8106,0.00,0.00
2015.12.09 15:14:46.117,10.80802,10.8106,0.00,0.00
2015.12.09 15:14:46.968,10.80802,10.81071,0.00,0.00
2015.12.09 15:14:47.068,10.80802,10.8108,0.00,0.00
2015.12.09 15:14:47.650,10.80801,10.8108,0.00,0.00
2015.12.09 15:14:48.154,10.80801,10.81081,0.00,0.00
2015.12.09 15:14:48.742,10.80801,10.8108,0.00,0.00
2015.12.09 15:14:49.594,10.80802,10.8108,0.00,0.00
2015.12.09 15:14:50.473,10.80802,10.81081,0.00,0.00
2015.12.09 15:14:51.005,10.80802,10.8108,0.00,0.00
2015.12.09 15:14:51.180,10.80769,10.81031,0.00,0.00
2015.12.09 15:14:51.482,10.80769,10.8108,0.00,0.00
2015.12.09 15:14:51.532,10.80769,10.81069,0.00,0.00
2015.12.09 15:14:56.917,10.80769,10.8108,0.00,0.00
2015.12.09 15:14:57.434,10.80769,10.81081,0.00,0.00
2015.12.09 15:14:57.543,10.80719,10.80971,0.00,0.00
2015.12.09 15:14:57.695,10.80669,10.80961,0.00,0.00
2015.12.09 15:14:57.846,10.80669,10.80951,0.00,0.00
2015.12.09 15:14:58.174,10.80669,10.80931,0.00,0.00
2015.12.09 15:14:58.225,10.8062,10.8092,0.00,0.00
2015.12.09 15:14:58.275,10.80628,10.8092,0.00,0.00
2015.12.09 15:14:58.528,10.80619,10.80931,0.00,0.00
2015.12.09 15:14:58.578,10.80669,10.80929,0.00,0.00
2015.12.09 15:14:58.679,10.80618,10.80929,0.00,0.00
2015.12.09 15:14:58.730,10.80618,10.8088,0.00,0.00
2015.12.09 15:14:58.831,10.80618,10.80891,0.00,0.00
2015.12.09 15:14:58.932,10.80618,10.80881,0.00,0.00
2015.12.09 15:14:59.192,10.80589,10.80881,0.00,0.00
2015.12.09 15:14:59.293,10.80569,10.80881,0.00,0.00
2015.12.09 15:14:59.344,10.80618,10.80911,0.00,0.00
2015.12.09 15:14:59.648,10.80569,10.80881,0.00,0.00
2015.12.09 15:14:59.862,10.80588,10.80881,0.00,0.00
2015.12.09 15:15:00.091,10.80569,10.8088,0.00,0.00
2015.12.09 15:15:00.293,10.80578,10.80881,0.00,0.00
2015.12.09 15:15:00.394,10.80569,10.80881,0.00,0.00
2015.12.09 15:15:00.903,10.80569,10.8088,0.00,0.00
2015.12.09 15:15:01.033,10.80569,10.8087,0.00,0.00
2015.12.09 15:15:01.134,10.80569,10.80881,0.00,0.00
2015.12.09 15:15:01.402,10.80519,10.80832,0.00,0.00
2015.12.09 15:15:01.453,10.80518,10.80781,0.00,0.00
2015.12.09 15:15:01.503,10.80471,10.80781,0.00,0.00
2015.12.09 15:15:01.613,10.80518,10.80781,0.00,0.00
2015.12.09 15:15:01.663,10.80518,10.80791,0.00,0.00
2015.12.09 15:15:02.023,10.80518,10.80811,0.00,0.00
2015.12.09 15:15:02.525,10.80469,10.80781,0.00,0.00
2015.12.09 15:15:02.575,10.80478,10.80781,0.00,0.00
2015.12.09 15:15:02.678,10.80469,10.8078,0.00,0.00
2015.12.09 15:15:03.201,10.80519,10.8081,0.00,0.00
2015.12.09 15:15:03.742,10.8047,10.80781,0.00,0.00
2015.12.09 15:15:04.341,10.80469,10.8078,0.00,0.00
2015.12.09 15:15:04.473,10.80451,10.80732,0.00,0.00
2015.12.09 15:15:04.523,10.80449,10.80732,0.00,0.00
2015.12.09 15:15:04.574,10.80429,10.80681,0.00,0.00
2015.12.09 15:15:04.701,10.80422,10.80711,0.00,0.00
2015.12.09 15:15:04.953,10.80452,10.80711,0.00,0.00
2015.12.09 15:15:05.054,10.80408,10.80682,0.00,0.00
2015.12.09 15:15:05.105,10.80368,10.80681,0.00,0.00
2015.12.09 15:15:05.256,10.80468,10.80681,0.00,0.00
2015.12.09 15:15:05.407,10.80469,10.80739,0.00,0.00
2015.12.09 15:15:05.818,10.80468,10.80741,0.00,0.00
2015.12.09 15:15:05.919,10.80468,10.80761,0.00,0.00
2015.12.09 15:15:06.513,10.80468,10.8076,0.00,0.00
2015.12.09 15:15:07.063,10.80468,10.80761,0.00,0.00
2015.12.09 15:15:07.114,10.80468,10.80771,0.00,0.00
2015.12.09 15:15:08.018,10.80468,10.8077,0.00,0.00
2015.12.09 15:15:08.119,10.80468,10.80761,0.00,0.00
2015.12.09 15:15:08.720,10.80468,10.8076,0.00,0.00
2015.12.09 15:15:09.921,10.80468,10.80771,0.00,0.00
2015.12.09 15:15:09.975,10.80568,10.80771,0.00,0.00
2015.12.09 15:15:10.025,10.80568,10.80831,0.00,0.00
2015.12.09 15:15:10.080,10.80568,10.80858,0.00,0.00
2015.12.09 15:15:10.130,10.80568,10.8085,0.00,0.00
2015.12.09 15:15:10.778,10.80568,10.8086,0.00,0.00
2015.12.09 15:15:11.075,10.8052,10.80831,0.00,0.00
2015.12.09 15:15:11.185,10.80519,10.80821,0.00,0.00
2015.12.09 15:15:11.487,10.80418,10.8072,0.00,0.00
2015.12.09 15:15:11.871,10.80418,10.80681,0.00,0.00
2015.12.09 15:15:11.923,10.80368,10.80681,0.00,0.00
2015.12.09 15:15:11.973,10.80418,10.80681,0.00,0.00
2015.12.09 15:15:12.173,10.80369,10.80681,0.00,0.00
2015.12.09 15:15:12.507,10.8042,10.80731,0.00,0.00
2015.12.09 15:15:12.658,10.80468,10.80781,0.00,0.00
2015.12.09 15:15:12.910,10.80468,10.8076,0.00,0.00
2015.12.09 15:15:13.317,10.80468,10.80781,0.00,0.00
2015.12.09 15:15:13.444,10.80468,10.8075,0.00,0.00
2015.12.09 15:15:13.495,10.8042,10.80732,0.00,0.00
2015.12.09 15:15:13.545,10.80418,10.80721,0.00,0.00
2015.12.09 15:15:14.247,10.80419,10.80732,0.00,0.00
2015.12.09 15:15:14.298,10.80469,10.80771,0.00,0.00
2015.12.09 15:15:14.952,10.80469,10.8077,0.00,0.00
2015.12.09 15:15:15.577,10.80469,10.80771,0.00,0.00
2015.12.09 15:15:16.229,10.80469,10.8078,0.00,0.00
2015.12.09 15:15:16.830,10.80469,10.80781,0.00,0.00
2015.12.09 15:15:17.761,10.80469,10.80741,0.00,0.00
2015.12.09 15:15:18.263,10.80469,10.8074,0.00,0.00
2015.12.09 15:15:18.336,10.80469,10.80781,0.00,0.00
2015.12.09 15:15:18.714,10.80469,10.80771,0.00,0.00
2015.12.09 15:15:19.057,10.80469,10.8076,0.00,0.00
2015.12.09 15:15:19.342,10.80469,10.80781,0.00,0.00
2015.12.09 15:15:20.019,10.80469,10.8078,0.00,0.00
2015.12.09 15:15:20.224,10.80469,10.80771,0.00,0.00
2015.12.09 15:15:20.595,10.80469,10.8076,0.00,0.00
2015.12.09 15:15:21.126,10.80469,10.80761,0.00,0.00
2015.12.09 15:15:21.843,10.80469,10.8076,0.00,0.00
2015.12.09 15:15:22.601,10.80469,10.80761,0.00,0.00
2015.12.09 15:15:23.001,10.80569,10.8081,0.00,0.00
2015.12.09 15:15:23.203,10.80539,10.8081,0.00,0.00
2015.12.09 15:15:23.254,10.80519,10.8081,0.00,0.00
2015.12.09 15:15:23.405,10.80511,10.80781,0.00,0.00
2015.12.09 15:15:23.657,10.80469,10.80781,0.00,0.00
2015.12.09 15:15:24.685,10.80469,10.80771,0.00,0.00
2015.12.09 15:15:24.987,10.80479,10.8076,0.00,0.00
2015.12.09 15:15:25.038,10.80469,10.8076,0.00,0.00
2015.12.09 15:15:25.135,10.80489,10.8076,0.00,0.00
2015.12.09 15:15:25.186,10.80518,10.80832,0.00,0.00
2015.12.09 15:15:25.236,10.80538,10.80832,0.00,0.00
2015.12.09 15:15:25.500,10.80569,10.80881,0.00,0.00
2015.12.09 15:15:26.037,10.80569,10.8088,0.00,0.00
2015.12.09 15:15:26.589,10.80569,10.80851,0.00,0.00
2015.12.09 15:15:26.929,10.80569,10.80841,0.00,0.00
2015.12.09 15:15:27.591,10.80569,10.8084,0.00,0.00
2015.12.09 15:15:28.141,10.80569,10.80841,0.00,0.00
2015.12.09 15:15:28.346,10.80569,10.8088,0.00,0.00
2015.12.09 15:15:28.942,10.80569,10.80881,0.00,0.00
2015.12.09 15:15:29.796,10.80569,10.80871,0.00,0.00
2015.12.09 15:15:30.309,10.80569,10.8088,0.00,0.00
2015.12.09 15:15:31.335,10.80569,10.80881,0.00,0.00
2015.12.09 15:15:31.993,10.80619,10.8088,0.00,0.00
2015.12.09 15:15:32.094,10.80619,10.80921,0.00,0.00
2015.12.09 15:15:32.195,10.80619,10.8091,0.00,0.00
2015.12.09 15:15:32.702,10.80618,10.8092,0.00,0.00
2015.12.09 15:15:33.258,10.80618,10.80921,0.00,0.00
2015.12.09 15:15:33.309,10.80668,10.80951,0.00,0.00
2015.12.09 15:15:33.410,10.80668,10.80962,0.00,0.00
2015.12.09 15:15:33.511,10.80668,10.8098,0.00,0.00
2015.12.09 15:15:33.577,10.80668,10.8096,0.00,0.00
2015.12.09 15:15:33.879,10.80668,10.8091,0.00,0.00
2015.12.09 15:15:34.479,10.80668,10.80911,0.00,0.00
2015.12.09 15:15:35.241,10.80668,10.8097,0.00,0.00
2015.12.09 15:15:35.342,10.80668,10.80961,0.00,0.00
2015.12.09 15:15:35.444,10.80668,10.80981,0.00,0.00
2015.12.09 15:15:36.379,10.80668,10.80971,0.00,0.00
2015.12.09 15:15:36.682,10.80668,10.80961,0.00,0.00
2015.12.09 15:15:36.991,10.80668,10.80981,0.00,0.00
2015.12.09 15:15:38.027,10.80718,10.80981,0.00,0.00
2015.12.09 15:15:38.077,10.80718,10.81,0.00,0.00
2015.12.09 15:15:38.190,10.80718,10.81032,0.00,0.00
2015.12.09 15:15:38.242,10.80769,10.8105,0.00,0.00
2015.12.09 15:15:38.393,10.80718,10.8103,0.00,0.00
2015.12.09 15:15:38.564,10.80718,10.81021,0.00,0.00
2015.12.09 15:15:38.666,10.80718,10.81031,0.00,0.00
2015.12.09 15:15:39.295,10.80759,10.81031,0.00,0.00
2015.12.09 15:15:39.446,10.80718,10.81032,0.00,0.00
2015.12.09 15:15:39.784,10.8067,10.80982,0.00,0.00
2015.12.09 15:15:39.885,10.80668,10.80982,0.00,0.00
2015.12.09 15:15:40.238,10.80769,10.81032,0.00,0.00
2015.12.09 15:15:40.452,10.80769,10.81039,0.00,0.00
2015.12.09 15:15:40.553,10.80869,10.81081,0.00,0.00
2015.12.09 15:15:40.654,10.80869,10.81091,0.00,0.00
2015.12.09 15:15:40.755,10.80869,10.8106,0.00,0.00
2015.12.09 15:15:40.805,10.80771,10.8106,0.00,0.00
2015.12.09 15:15:40.856,10.80771,10.81081,0.00,0.00
2015.12.09 15:15:40.957,10.80769,10.81,0.00,0.00
2015.12.09 15:15:41.058,10.80769,10.8107,0.00,0.00
2015.12.09 15:15:41.159,10.80769,10.81061,0.00,0.00
2015.12.09 15:15:41.625,10.80769,10.81021,0.00,0.00
2015.12.09 15:15:41.678,10.80769,10.81041,0.00,0.00
2015.12.09 15:15:42.159,10.80769,10.8108,0.00,0.00
2015.12.09 15:15:42.603,10.80769,10.81061,0.00,0.00
2015.12.09 15:15:43.129,10.80769,10.8106,0.00,0.00
2015.12.09 15:15:43.678,10.80769,10.81051,0.00,0.00
2015.12.09 15:15:44.182,10.80712,10.80981,0.00,0.00
2015.12.09 15:15:44.236,10.80669,10.80961,0.00,0.00
2015.12.09 15:15:44.430,10.80669,10.80971,0.00,0.00
2015.12.09 15:15:45.209,10.80669,10.8096,0.00,0.00
2015.12.09 15:15:45.779,10.80669,10.80961,0.00,0.00
2015.12.09 15:15:45.829,10.80669,10.8097,0.00,0.00
2015.12.09 15:15:46.097,10.80719,10.80971,0.00,0.00
2015.12.09 15:15:46.148,10.80719,10.81031,0.00,0.00
2015.12.09 15:15:46.249,10.80719,10.8099,0.00,0.00
2015.12.09 15:15:46.807,10.80719,10.80991,0.00,0.00
2015.12.09 15:15:47.268,10.80691,10.80982,0.00,0.00
2015.12.09 15:15:47.319,10.80681,10.80982,0.00,0.00
2015.12.09 15:15:47.369,10.80681,10.8089,0.00,0.00
2015.12.09 15:15:47.420,10.80619,10.8089,0.00,0.00
2015.12.09 15:15:47.850,10.80612,10.80882,0.00,0.00
2015.12.09 15:15:48.051,10.80568,10.80882,0.00,0.00
2015.12.09 15:15:48.252,10.80618,10.8091,0.00,0.00
2015.12.09 15:15:48.777,10.80618,10.8092,0.00,0.00
2015.12.09 15:15:49.449,10.80618,10.80921,0.00,0.00
2015.12.09 15:15:49.683,10.80669,10.80921,0.00,0.00
2015.12.09 15:15:49.784,10.80669,10.80951,0.00,0.00
2015.12.09 15:15:49.835,10.80669,10.80962,0.00,0.00
2015.12.09 15:15:49.935,10.80669,10.8098,0.00,0.00
2015.12.09 15:15:50.162,10.8062,10.80931,0.00,0.00
2015.12.09 15:15:50.562,10.80619,10.80891,0.00,0.00
2015.12.09 15:15:51.848,10.80592,10.80882,0.00,0.00
2015.12.09 15:15:52.024,10.80618,10.8089,0.00,0.00
2015.12.09 15:15:52.482,10.80592,10.80881,0.00,0.00
2015.12.09 15:15:52.583,10.80588,10.8087,0.00,0.00
2015.12.09 15:15:52.634,10.80568,10.8087,0.00,0.00
2015.12.09 15:15:52.684,10.80529,10.8079,0.00,0.00
2015.12.09 15:15:52.735,10.80521,10.8079,0.00,0.00
2015.12.09 15:15:52.786,10.80519,10.80791,0.00,0.00
2015.12.09 15:15:53.128,10.80501,10.80782,0.00,0.00
2015.12.09 15:15:53.229,10.80468,10.80782,0.00,0.00
2015.12.09 15:15:53.530,10.80479,10.80782,0.00,0.00
2015.12.09 15:15:53.731,10.80468,10.80782,0.00,0.00
2015.12.09 15:15:54.233,10.80468,10.80781,0.00,0.00
2015.12.09 15:15:54.785,10.80468,10.80782,0.00,0.00
2015.12.09 15:15:55.906,10.80468,10.80691,0.00,0.00
2015.12.09 15:15:55.957,10.80438,10.80691,0.00,0.00
2015.12.09 15:15:56.008,10.80418,10.8072,0.00,0.00
2015.12.09 15:15:56.287,10.80468,10.8072,0.00,0.00
2015.12.09 15:15:56.338,10.80468,10.8074,0.00,0.00
2015.12.09 15:15:56.392,10.8042,10.80732,0.00,0.00
2015.12.09 15:15:56.442,10.80448,10.80691,0.00,0.00
2015.12.09 15:15:56.547,10.80389,10.8068,0.00,0.00
2015.12.09 15:15:56.649,10.80369,10.8068,0.00,0.00
2015.12.09 15:15:56.800,10.80369,10.8067,0.00,0.00
2015.12.09 15:15:57.196,10.80369,10.8066,0.00,0.00
2015.12.09 15:15:57.501,10.80469,10.8068,0.00,0.00
2015.12.09 15:15:57.552,10.80412,10.8068,0.00,0.00
2015.12.09 15:15:58.104,10.80412,10.80681,0.00,0.00
2015.12.09 15:15:58.311,10.80368,10.80681,0.00,0.00
2015.12.09 15:15:58.412,10.80418,10.80721,0.00,0.00
2015.12.09 15:15:58.758,10.80469,10.8072,0.00,0.00
2015.12.09 15:15:59.157,10.80469,10.80741,0.00,0.00
2015.12.09 15:15:59.209,10.80469,10.8076,0.00,0.00
2015.12.09 15:15:59.754,10.80469,10.80761,0.00,0.00
2015.12.09 15:15:59.859,10.80469,10.8077,0.00,0.00
2015.12.09 15:15:59.960,10.80469,10.8075,0.00,0.00
2015.12.09 15:16:00.505,10.80469,10.80751,0.00,0.00
2015.12.09 15:16:00.827,10.80469,10.8074,0.00,0.00
2015.12.09 15:16:00.928,10.80419,10.8072,0.00,0.00
2015.12.09 15:16:01.029,10.80419,10.80691,0.00,0.00
2015.12.09 15:16:01.130,10.80368,10.80661,0.00,0.00
2015.12.09 15:16:01.231,10.80368,10.80681,0.00,0.00
2015.12.09 15:16:01.516,10.80418,10.80732,0.00,0.00
2015.12.09 15:16:01.567,10.80468,10.80771,0.00,0.00
2015.12.09 15:16:01.842,10.80468,10.80782,0.00,0.00
2015.12.09 15:16:02.235,10.80518,10.8081,0.00,0.00
2015.12.09 15:16:02.336,10.8052,10.80832,0.00,0.00
2015.12.09 15:16:02.641,10.80569,10.80881,0.00,0.00
2015.12.09 15:16:04.470,10.80618,10.80932,0.00,0.00
2015.12.09 15:16:05.106,10.80669,10.80971,0.00,0.00
2015.12.09 15:16:05.157,10.80669,10.80981,0.00,0.00
2015.12.09 15:16:06.584,10.80719,10.81002,0.00,0.00
2015.12.09 15:16:06.635,10.80719,10.81011,0.00,0.00
2015.12.09 15:16:06.774,10.80719,10.81031,0.00,0.00
2015.12.09 15:16:08.401,10.80719,10.81021,0.00,0.00
2015.12.09 15:16:08.855,10.80691,10.80982,0.00,0.00
2015.12.09 15:16:09.056,10.80719,10.8102,0.00,0.00
2015.12.09 15:16:09.561,10.80719,10.81021,0.00,0.00
2015.12.09 15:16:09.912,10.80719,10.81031,0.00,0.00
2015.12.09 15:16:10.530,10.80719,10.8102,0.00,0.00
2015.12.09 15:16:11.133,10.80719,10.81021,0.00,0.00
2015.12.09 15:16:11.935,10.80719,10.81031,0.00,0.00
2015.12.09 15:16:12.137,10.80768,10.81031,0.00,0.00
2015.12.09 15:16:12.227,10.80768,10.8107,0.00,0.00
2015.12.09 15:16:12.736,10.80768,10.81071,0.00,0.00
2015.12.09 15:16:12.837,10.80768,10.81081,0.00,0.00
2015.12.09 15:16:13.443,10.80768,10.81082,0.00,0.00
2015.12.09 15:16:16.226,10.80819,10.81091,0.00,0.00
2015.12.09 15:16:16.277,10.80819,10.81131,0.00,0.00
2015.12.09 15:16:16.328,10.80841,10.81131,0.00,0.00
2015.12.09 15:16:16.429,10.80868,10.81181,0.00,0.00
2015.12.09 15:16:16.580,10.80868,10.8112,0.00,0.00
2015.12.09 15:16:16.855,10.80868,10.81141,0.00,0.00
2015.12.09 15:16:16.956,10.80661,10.80935,0.00,0.00
2015.12.09 15:16:17.007,10.80549,10.80682,0.00,0.00
2015.12.09 15:16:17.210,10.80481,10.80682,0.00,0.00
2015.12.09 15:16:17.261,10.80511,10.80691,0.00,0.00
2015.12.09 15:16:17.312,10.80441,10.80682,0.00,0.00
2015.12.09 15:16:17.363,10.80441,10.8067,0.00,0.00
2015.12.09 15:16:17.413,10.80418,10.8067,0.00,0.00
2015.12.09 15:16:17.464,10.80418,10.80711,0.00,0.00
2015.12.09 15:16:17.519,10.80441,10.80711,0.00,0.00
2015.12.09 15:16:17.672,10.80441,10.80732,0.00,0.00
2015.12.09 15:16:18.471,10.80472,10.80781,0.00,0.00
2015.12.09 15:16:18.522,10.80492,10.80781,0.00,0.00
2015.12.09 15:16:18.673,10.80518,10.80832,0.00,0.00
2015.12.09 15:16:18.724,10.80568,10.80858,0.00,0.00
2015.12.09 15:16:18.774,10.80571,10.80882,0.00,0.00
2015.12.09 15:16:19.410,10.80591,10.80882,0.00,0.00
2015.12.09 15:16:19.746,10.80681,10.8095,0.00,0.00
2015.12.09 15:16:19.868,10.80681,10.80971,0.00,0.00
2015.12.09 15:16:20.313,10.80681,10.80961,0.00,0.00
2015.12.09 15:16:20.621,10.80671,10.8095,0.00,0.00
2015.12.09 15:16:21.154,10.80681,10.8095,0.00,0.00
2015.12.09 15:16:21.205,10.80681,10.8096,0.00,0.00
2015.12.09 15:16:21.315,10.80681,10.80931,0.00,0.00
2015.12.09 15:16:21.509,10.80681,10.80951,0.00,0.00
2015.12.09 15:16:21.617,10.80691,10.80951,0.00,0.00
2015.12.09 15:16:22.178,10.80691,10.8098,0.00,0.00
2015.12.09 15:16:22.821,10.80691,10.80981,0.00,0.00
2015.12.09 15:16:24.286,10.80691,10.80971,0.00,0.00
2015.12.09 15:16:25.289,10.80691,10.8097,0.00,0.00
2015.12.09 15:16:25.592,10.80682,10.80941,0.00,0.00
2015.12.09 15:16:26.127,10.80682,10.8094,0.00,0.00
2015.12.09 15:16:26.437,10.80619,10.80931,0.00,0.00
2015.12.09 15:16:26.538,10.80619,10.8086,0.00,0.00
2015.12.09 15:16:26.689,10.80582,10.8086,0.00,0.00
2015.12.09 15:16:27.025,10.80582,10.80851,0.00,0.00
2015.12.09 15:16:27.248,10.80491,10.80782,0.00,0.00
2015.12.09 15:16:27.299,10.80491,10.80771,0.00,0.00
2015.12.09 15:16:28.118,10.80491,10.8077,0.00,0.00
2015.12.09 15:16:29.006,10.80491,10.80751,0.00,0.00
2015.12.09 15:16:29.107,10.80472,10.8075,0.00,0.00
2015.12.09 15:16:29.423,10.80472,10.8074,0.00,0.00
2015.12.09 15:16:29.539,10.80472,10.80751,0.00,0.00
2015.12.09 15:16:29.728,10.80472,10.80681,0.00,0.00
2015.12.09 15:16:29.879,10.80401,10.80681,0.00,0.00
2015.12.09 15:16:31.269,10.80402,10.80681,0.00,0.00
2015.12.09 15:16:31.998,10.80391,10.80681,0.00,0.00
2015.12.09 15:16:32.119,10.80391,10.8065,0.00,0.00
2015.12.09 15:16:32.319,10.80391,10.80671,0.00,0.00
2015.12.09 15:16:32.558,10.80391,10.80651,0.00,0.00
2015.12.09 15:16:32.608,10.80381,10.80651,0.00,0.00
2015.12.09 15:16:32.918,10.80371,10.8065,0.00,0.00
2015.12.09 15:16:33.070,10.80371,10.8064,0.00,0.00
2015.12.09 15:16:33.585,10.80332,10.80632,0.00,0.00
2015.12.09 15:16:33.636,10.80318,10.8057,0.00,0.00
2015.12.09 15:16:33.840,10.80282,10.80561,0.00,0.00
2015.12.09 15:16:33.901,10.80282,10.80532,0.00,0.00
2015.12.09 15:16:34.203,10.80252,10.80491,0.00,0.00
2015.12.09 15:16:34.254,10.80282,10.8055,0.00,0.00
2015.12.09 15:16:34.575,10.80228,10.80482,0.00,0.00
2015.12.09 15:16:34.626,10.80201,10.80482,0.00,0.00
2015.12.09 15:16:34.869,10.80201,10.8047,0.00,0.00
2015.12.09 15:16:35.050,10.80201,10.80482,0.00,0.00
2015.12.09 15:16:35.751,10.80201,10.80461,0.00,0.00
2015.12.09 15:16:36.440,10.80201,10.8048,0.00,0.00
2015.12.09 15:16:36.541,10.80201,10.80482,0.00,0.00
2015.12.09 15:16:37.540,10.80191,10.80482,0.00,0.00
2015.12.09 15:16:37.590,10.80191,10.8046,0.00,0.00
2015.12.09 15:16:37.892,10.80191,10.80451,0.00,0.00
2015.12.09 15:16:38.984,10.80092,10.80321,0.00,0.00
2015.12.09 15:16:39.186,10.80108,10.80391,0.00,0.00
2015.12.09 15:16:39.577,10.80108,10.80361,0.00,0.00
2015.12.09 15:16:39.881,10.80108,10.80341,0.00,0.00
2015.12.09 15:16:40.104,10.80108,10.80351,0.00,0.00
2015.12.09 15:16:40.183,10.80108,10.8037,0.00,0.00
2015.12.09 15:16:40.304,10.80108,10.8035,0.00,0.00
2015.12.09 15:16:40.796,10.80108,10.80341,0.00,0.00
2015.12.09 15:16:41.493,10.80108,10.8034,0.00,0.00
2015.12.09 15:16:42.008,10.80108,10.80351,0.00,0.00
2015.12.09 15:16:42.109,10.80108,10.80371,0.00,0.00
2015.12.09 15:16:43.109,10.80108,10.8037,0.00,0.00
2015.12.09 15:16:43.210,10.80108,10.8038,0.00,0.00
2015.12.09 15:16:43.581,10.80209,10.8038,0.00,0.00
2015.12.09 15:16:43.631,10.80209,10.80449,0.00,0.00
2015.12.09 15:16:43.698,10.80209,10.80491,0.00,0.00
2015.12.09 15:16:44.629,10.80209,10.8049,0.00,0.00
2015.12.09 15:16:45.166,10.80209,10.80491,0.00,0.00
2015.12.09 15:16:46.407,10.80209,10.8049,0.00,0.00
2015.12.09 15:16:46.458,10.80258,10.80559,0.00,0.00
2015.12.09 15:16:46.559,10.80259,10.80551,0.00,0.00
2015.12.09 15:16:46.922,10.80309,10.80551,0.00,0.00
2015.12.09 15:16:47.023,10.80309,10.80591,0.00,0.00
2015.12.09 15:16:47.795,10.80358,10.80591,0.00,0.00
2015.12.09 15:16:47.846,10.80358,10.8061,0.00,0.00
2015.12.09 15:16:47.947,10.80358,10.80641,0.00,0.00
2015.12.09 15:16:48.456,10.80359,10.8064,0.00,0.00
2015.12.09 15:16:49.031,10.80359,10.80641,0.00,0.00
2015.12.09 15:16:49.885,10.80408,10.80641,0.00,0.00
2015.12.09 15:16:50.216,10.80358,10.80631,0.00,0.00
2015.12.09 15:16:50.267,10.80359,10.80672,0.00,0.00
2015.12.09 15:16:50.318,10.80371,10.80672,0.00,0.00
2015.12.09 15:16:50.419,10.80408,10.80711,0.00,0.00
2015.12.09 15:16:50.941,10.8042,10.80722,0.00,0.00
2015.12.09 15:16:51.271,10.80451,10.80731,0.00,0.00
2015.12.09 15:16:52.452,10.80518,10.808,0.00,0.00
2015.12.09 15:16:52.503,10.80551,10.808,0.00,0.00
2015.12.09 15:16:52.554,10.80551,10.80811,0.00,0.00
2015.12.09 15:16:52.654,10.80551,10.8082,0.00,0.00
2015.12.09 15:16:53.068,10.80582,10.80881,0.00,0.00
2015.12.09 15:16:53.655,10.80591,10.80881,0.00,0.00
2015.12.09 15:16:54.506,10.80602,10.80881,0.00,0.00
2015.12.09 15:16:55.521,10.80601,10.80881,0.00,0.00
2015.12.09 15:16:55.862,10.80581,10.80851,0.00,0.00
2015.12.09 15:16:56.402,10.80581,10.80871,0.00,0.00
2015.12.09 15:16:56.514,10.80591,10.80871,0.00,0.00
2015.12.09 15:16:57.060,10.80591,10.8087,0.00,0.00
2015.12.09 15:16:57.653,10.80591,10.80881,0.00,0.00
2015.12.09 15:16:58.931,10.80612,10.80881,0.00,0.00
2015.12.09 15:16:59.133,10.80691,10.80981,0.00,0.00
2015.12.09 15:17:00.944,10.80702,10.80981,0.00,0.00
2015.12.09 15:17:01.917,10.80701,10.80981,0.00,0.00
2015.12.09 15:17:02.704,10.80702,10.80981,0.00,0.00
2015.12.09 15:17:03.206,10.80701,10.80981,0.00,0.00
2015.12.09 15:17:04.869,10.80692,10.80981,0.00,0.00
2015.12.09 15:17:06.188,10.80702,10.80981,0.00,0.00
2015.12.09 15:17:07.461,10.80691,10.80981,0.00,0.00
2015.12.09 15:17:07.512,10.80702,10.80981,0.00,0.00
2015.12.09 15:17:08.303,10.80802,10.81031,0.00,0.00
2015.12.09 15:17:08.455,10.80802,10.81041,0.00,0.00
2015.12.09 15:17:08.506,10.80782,10.81041,0.00,0.00
2015.12.09 15:17:08.657,10.80802,10.81041,0.00,0.00
2015.12.09 15:17:08.759,10.80802,10.81071,0.00,0.00
2015.12.09 15:17:09.281,10.80802,10.81081,0.00,0.00
2015.12.09 15:17:09.924,10.80802,10.8108,0.00,0.00
2015.12.09 15:17:10.491,10.80802,10.81081,0.00,0.00
2015.12.09 15:17:10.654,10.80802,10.8107,0.00,0.00
2015.12.09 15:17:11.356,10.80802,10.81071,0.00,0.00
2015.12.09 15:17:12.251,10.80802,10.81081,0.00,0.00
2015.12.09 15:17:12.798,10.80802,10.81071,0.00,0.00
2015.12.09 15:17:13.057,10.80781,10.8106,0.00,0.00
2015.12.09 15:17:13.617,10.80781,10.81061,0.00,0.00
2015.12.09 15:17:14.251,10.80801,10.8104,0.00,0.00
2015.12.09 15:17:14.671,10.80801,10.8107,0.00,0.00
2015.12.09 15:17:15.466,10.80801,10.81071,0.00,0.00
2015.12.09 15:17:16.076,10.80801,10.8108,0.00,0.00
2015.12.09 15:17:16.588,10.80801,10.81081,0.00,0.00
2015.12.09 15:17:18.167,10.80801,10.80982,0.00,0.00
2015.12.09 15:17:18.218,10.80782,10.80982,0.00,0.00
2015.12.09 15:17:18.369,10.80782,10.81061,0.00,0.00
2015.12.09 15:17:18.687,10.80782,10.8108,0.00,0.00
2015.12.09 15:17:18.897,10.80782,10.8107,0.00,0.00
2015.12.09 15:17:19.220,10.80801,10.8108,0.00,0.00
2015.12.09 15:17:19.544,10.80801,10.8107,0.00,0.00
2015.12.09 15:17:19.992,10.80801,10.81082,0.00,0.00
2015.12.09 15:17:20.464,10.80842,10.81091,0.00,0.00
2015.12.09 15:17:20.515,10.80881,10.81132,0.00,0.00
2015.12.09 15:17:20.666,10.80881,10.8117,0.00,0.00
2015.12.09 15:17:20.796,10.80881,10.81161,0.00,0.00
2015.12.09 15:17:20.899,10.80881,10.81171,0.00,0.00
2015.12.09 15:17:21.103,10.80881,10.81181,0.00,0.00
2015.12.09 15:17:22.121,10.80881,10.8118,0.00,0.00
2015.12.09 15:17:22.302,10.80881,10.81182,0.00,0.00
2015.12.09 15:17:22.407,10.80892,10.81182,0.00,0.00
2015.12.09 15:17:22.718,10.80892,10.81171,0.00,0.00
2015.12.09 15:17:23.474,10.80892,10.8117,0.00,0.00
2015.12.09 15:17:23.525,10.80892,10.8118,0.00,0.00
2015.12.09 15:17:23.708,10.80892,10.81171,0.00,0.00
2015.12.09 15:17:24.230,10.80892,10.8117,0.00,0.00
2015.12.09 15:17:25.023,10.80892,10.81171,0.00,0.00
2015.12.09 15:17:25.325,10.80902,10.81171,0.00,0.00
2015.12.09 15:17:25.492,10.80981,10.81271,0.00,0.00
2015.12.09 15:17:25.942,10.80981,10.81282,0.00,0.00
2015.12.09 15:17:26.143,10.80991,10.81282,0.00,0.00
2015.12.09 15:17:26.555,10.81002,10.81282,0.00,0.00
2015.12.09 15:17:27.248,10.80991,10.81282,0.00,0.00
2015.12.09 15:17:27.430,10.80968,10.8123,0.00,0.00
2015.12.09 15:17:27.481,10.80951,10.8123,0.00,0.00
2015.12.09 15:17:27.532,10.80951,10.81221,0.00,0.00
2015.12.09 15:17:27.912,10.80951,10.81181,0.00,0.00
2015.12.09 15:17:28.013,10.80901,10.81181,0.00,0.00
2015.12.09 15:17:28.063,10.80901,10.81151,0.00,0.00
2015.12.09 15:17:28.114,10.80882,10.81151,0.00,0.00
2015.12.09 15:17:28.372,10.80882,10.81141,0.00,0.00
2015.12.09 15:17:28.829,10.80882,10.81151,0.00,0.00
2015.12.09 15:17:29.480,10.80882,10.81161,0.00,0.00
2015.12.09 15:17:29.531,10.80891,10.81161,0.00,0.00
2015.12.09 15:17:29.683,10.80891,10.8118,0.00,0.00
2015.12.09 15:17:29.936,10.80891,10.81171,0.00,0.00
2015.12.09 15:17:29.987,10.80882,10.81171,0.00,0.00
2015.12.09 15:17:30.038,10.80882,10.81151,0.00,0.00
2015.12.09 15:17:30.189,10.80819,10.81091,0.00,0.00
2015.12.09 15:17:30.240,10.80801,10.81082,0.00,0.00
2015.12.09 15:17:30.553,10.80801,10.81002,0.00,0.00
2015.12.09 15:17:30.604,10.80782,10.81002,0.00,0.00
2015.12.09 15:17:30.789,10.80782,10.80952,0.00,0.00
2015.12.09 15:17:30.839,10.80692,10.8095,0.00,0.00
2015.12.09 15:17:30.890,10.80692,10.80901,0.00,0.00
2015.12.09 15:17:31.142,10.80782,10.81002,0.00,0.00
2015.12.09 15:17:31.243,10.80842,10.81002,0.00,0.00
2015.12.09 15:17:31.547,10.80892,10.81102,0.00,0.00
2015.12.09 15:17:31.799,10.80901,10.81152,0.00,0.00
2015.12.09 15:17:31.850,10.80951,10.81152,0.00,0.00
2015.12.09 15:17:31.901,10.80951,10.81201,0.00,0.00
2015.12.09 15:17:31.951,10.80981,10.81201,0.00,0.00
2015.12.09 15:17:32.546,10.80981,10.812,0.00,0.00
2015.12.09 15:17:32.597,10.80902,10.812,0.00,0.00
2015.12.09 15:17:32.840,10.80902,10.81151,0.00,0.00
2015.12.09 15:17:33.149,10.80919,10.81201,0.00,0.00
2015.12.09 15:17:33.250,10.80902,10.81182,0.00,0.00
2015.12.09 15:17:33.802,10.80891,10.81182,0.00,0.00
2015.12.09 15:17:34.505,10.80902,10.81182,0.00,0.00
2015.12.09 15:17:34.906,10.80968,10.81259,0.00,0.00
2015.12.09 15:17:35.057,10.80991,10.81282,0.00,0.00
2015.12.09 15:17:35.358,10.81042,10.8131,0.00,0.00
2015.12.09 15:17:35.464,10.81042,10.81321,0.00,0.00
2015.12.09 15:17:35.753,10.81068,10.8132,0.00,0.00
2015.12.09 15:17:35.804,10.81072,10.81341,0.00,0.00
2015.12.09 15:17:36.222,10.81082,10.8134,0.00,0.00
2015.12.09 15:17:36.427,10.81082,10.8137,0.00,0.00
2015.12.09 15:17:36.478,10.81101,10.81382,0.00,0.00
2015.12.09 15:17:36.866,10.81168,10.81431,0.00,0.00
2015.12.09 15:17:37.017,10.81202,10.81482,0.00,0.00
2015.12.09 15:17:38.246,10.81201,10.81482,0.00,0.00
2015.12.09 15:17:38.397,10.81221,10.815,0.00,0.00
2015.12.09 15:17:38.473,10.81221,10.81531,0.00,0.00
2015.12.09 15:17:38.527,10.81251,10.81531,0.00,0.00
2015.12.09 15:17:38.927,10.81251,10.81481,0.00,0.00
2015.12.09 15:17:38.978,10.81201,10.81481,0.00,0.00
2015.12.09 15:17:39.280,10.81201,10.81381,0.00,0.00
2015.12.09 15:17:39.432,10.81118,10.8138,0.00,0.00
2015.12.09 15:17:39.533,10.81101,10.81381,0.00,0.00
2015.12.09 15:17:40.189,10.81101,10.8138,0.00,0.00
2015.12.09 15:17:41.127,10.81101,10.8135,0.00,0.00
2015.12.09 15:17:41.228,10.81101,10.81371,0.00,0.00
2015.12.09 15:17:41.678,10.81101,10.81381,0.00,0.00
2015.12.09 15:17:42.378,10.81091,10.81381,0.00,0.00
2015.12.09 15:17:42.429,10.81091,10.81351,0.00,0.00
2015.12.09 15:17:42.530,10.81018,10.81281,0.00,0.00
2015.12.09 15:17:42.593,10.81018,10.8127,0.00,0.00
2015.12.09 15:17:42.694,10.81002,10.8127,0.00,0.00
2015.12.09 15:17:43.196,10.81002,10.81271,0.00,0.00
2015.12.09 15:17:43.398,10.80991,10.8127,0.00,0.00
2015.12.09 15:17:44.702,10.80991,10.81271,0.00,0.00
2015.12.09 15:17:45.017,10.81001,10.81271,0.00,0.00
2015.12.09 15:17:45.204,10.81001,10.8128,0.00,0.00
2015.12.09 15:17:45.517,10.81051,10.8128,0.00,0.00
2015.12.09 15:17:45.568,10.81051,10.81331,0.00,0.00
2015.12.09 15:17:46.030,10.81101,10.81382,0.00,0.00
2015.12.09 15:17:47.189,10.81111,10.81382,0.00,0.00
2015.12.09 15:17:47.240,10.81118,10.81401,0.00,0.00
2015.12.09 15:17:47.341,10.81151,10.81432,0.00,0.00
2015.12.09 15:17:49.183,10.81168,10.8146,0.00,0.00
2015.12.09 15:17:49.475,10.81151,10.81431,0.00,0.00
2015.12.09 15:17:52.939,10.81182,10.8146,0.00,0.00
2015.12.09 15:17:53.090,10.81191,10.81481,0.00,0.00
2015.12.09 15:17:53.141,10.81191,10.81431,0.00,0.00
2015.12.09 15:17:53.192,10.81182,10.81431,0.00,0.00
2015.12.09 15:17:53.393,10.81202,10.81431,0.00,0.00
2015.12.09 15:17:53.648,10.81202,10.81481,0.00,0.00
2015.12.09 15:17:54.151,10.81201,10.81481,0.00,0.00
2015.12.09 15:17:54.859,10.81192,10.81481,0.00,0.00
2015.12.09 15:17:54.911,10.81192,10.81451,0.00,0.00
2015.12.09 15:17:54.963,10.81181,10.8145,0.00,0.00
2015.12.09 15:17:55.082,10.81181,10.8147,0.00,0.00
2015.12.09 15:17:55.138,10.81202,10.8147,0.00,0.00
2015.12.09 15:17:55.189,10.81202,10.81481,0.00,0.00
2015.12.09 15:17:55.907,10.81258,10.815,0.00,0.00
2015.12.09 15:17:56.450,10.81258,10.81501,0.00,0.00
2015.12.09 15:17:56.761,10.81258,10.81451,0.00,0.00
2015.12.09 15:17:57.002,10.81209,10.81421,0.00,0.00
2015.12.09 15:17:57.318,10.81209,10.81401,0.00,0.00
2015.12.09 15:17:57.369,10.81159,10.81391,0.00,0.00
2015.12.09 15:17:57.912,10.81159,10.8139,0.00,0.00
2015.12.09 15:17:58.406,10.81159,10.81381,0.00,0.00
2015.12.09 15:17:58.739,10.81091,10.8137,0.00,0.00
2015.12.09 15:17:59.505,10.81091,10.81382,0.00,0.00
2015.12.09 15:17:59.891,10.81091,10.8138,0.00,0.00
2015.12.09 15:18:00.211,10.81091,10.8137,0.00,0.00
2015.12.09 15:18:00.578,10.81091,10.8138,0.00,0.00
2015.12.09 15:18:01.515,10.81151,10.81432,0.00,0.00
2015.12.09 15:18:01.616,10.81182,10.81481,0.00,0.00
2015.12.09 15:18:02.117,10.81201,10.81481,0.00,0.00
2015.12.09 15:18:02.517,10.81192,10.81481,0.00,0.00
2015.12.09 15:18:03.058,10.81202,10.81481,0.00,0.00
2015.12.09 15:18:03.360,10.81202,10.81411,0.00,0.00
2015.12.09 15:18:03.411,10.81151,10.81411,0.00,0.00
2015.12.09 15:18:03.592,10.81151,10.81431,0.00,0.00
2015.12.09 15:18:03.643,10.81151,10.81421,0.00,0.00
2015.12.09 15:18:04.826,10.81151,10.81432,0.00,0.00
2015.12.09 15:18:06.708,10.81151,10.81431,0.00,0.00
2015.12.09 15:18:07.364,10.81091,10.81381,0.00,0.00
2015.12.09 15:18:07.881,10.81091,10.8137,0.00,0.00
2015.12.09 15:18:08.182,10.81091,10.81361,0.00,0.00
2015.12.09 15:18:08.232,10.81091,10.81371,0.00,0.00
2015.12.09 15:18:08.486,10.81091,10.81381,0.00,0.00
2015.12.09 15:18:09.536,10.81091,10.81372,0.00,0.00
2015.12.09 15:18:09.861,10.81091,10.8136,0.00,0.00
2015.12.09 15:18:09.962,10.81081,10.81351,0.00,0.00
2015.12.09 15:18:10.551,10.81081,10.8135,0.00,0.00
2015.12.09 15:18:10.852,10.81081,10.81371,0.00,0.00
2015.12.09 15:18:11.024,10.81092,10.81371,0.00,0.00
2015.12.09 15:18:11.367,10.81092,10.81381,0.00,0.00
2015.12.09 15:18:11.669,10.81101,10.81381,0.00,0.00
2015.12.09 15:18:12.078,10.81091,10.81381,0.00,0.00
2015.12.09 15:18:12.271,10.81091,10.8136,0.00,0.00
2015.12.09 15:18:12.581,10.81091,10.81351,0.00,0.00
2015.12.09 15:18:12.986,10.81091,10.8136,0.00,0.00
2015.12.09 15:18:13.764,10.81091,10.81361,0.00,0.00
2015.12.09 15:18:13.996,10.81091,10.8135,0.00,0.00
2015.12.09 15:18:14.496,10.81091,10.81361,0.00,0.00
2015.12.09 15:18:15.371,10.81091,10.81351,0.00,0.00
2015.12.09 15:18:16.096,10.81091,10.8135,0.00,0.00
2015.12.09 15:18:17.296,10.81091,10.81361,0.00,0.00
2015.12.09 15:18:18.015,10.81091,10.8136,0.00,0.00
2015.12.09 15:18:18.405,10.81091,10.81351,0.00,0.00
2015.12.09 15:18:18.506,10.81091,10.81361,0.00,0.00
2015.12.09 15:18:18.837,10.81091,10.81351,0.00,0.00
2015.12.09 15:18:18.947,10.81091,10.81381,0.00,0.00
2015.12.09 15:18:19.669,10.81119,10.814,0.00,0.00
2015.12.09 15:18:19.719,10.81119,10.81411,0.00,0.00
2015.12.09 15:18:19.770,10.81101,10.81382,0.00,0.00
2015.12.09 15:18:20.115,10.81151,10.81431,0.00,0.00
2015.12.09 15:18:20.360,10.81171,10.81461,0.00,0.00
2015.12.09 15:18:20.467,10.81171,10.8147,0.00,0.00
2015.12.09 15:18:20.730,10.81191,10.81471,0.00,0.00
2015.12.09 15:18:21.032,10.81281,10.81541,0.00,0.00
2015.12.09 15:18:21.483,10.81281,10.81581,0.00,0.00
2015.12.09 15:18:21.584,10.81301,10.8158,0.00,0.00
2015.12.09 15:18:21.937,10.81281,10.8155,0.00,0.00
2015.12.09 15:18:22.477,10.81281,10.8158,0.00,0.00
2015.12.09 15:18:22.527,10.81302,10.8158,0.00,0.00
2015.12.09 15:18:23.028,10.81302,10.81581,0.00,0.00
2015.12.09 15:18:23.528,10.81302,10.81572,0.00,0.00
2015.12.09 15:18:23.629,10.81302,10.81581,0.00,0.00
2015.12.09 15:18:23.730,10.81302,10.81572,0.00,0.00
2015.12.09 15:18:23.982,10.81202,10.81482,0.00,0.00
2015.12.09 15:18:24.609,10.81218,10.81492,0.00,0.00
2015.12.09 15:18:24.660,10.81218,10.81511,0.00,0.00
2015.12.09 15:18:24.761,10.81218,10.81501,0.00,0.00
2015.12.09 15:18:25.083,10.81202,10.81481,0.00,0.00
2015.12.09 15:18:25.607,10.81192,10.81481,0.00,0.00
2015.12.09 15:18:27.081,10.81192,10.81471,0.00,0.00
2015.12.09 15:18:27.435,10.81152,10.81411,0.00,0.00
2015.12.09 15:18:28.677,10.81152,10.8141,0.00,0.00
2015.12.09 15:18:29.280,10.81152,10.81411,0.00,0.00
2015.12.09 15:18:29.882,10.81152,10.8141,0.00,0.00
2015.12.09 15:18:30.034,10.81091,10.81381,0.00,0.00
2015.12.09 15:18:30.375,10.81072,10.8138,0.00,0.00
2015.12.09 15:18:30.425,10.81072,10.81371,0.00,0.00
2015.12.09 15:18:30.898,10.81151,10.81411,0.00,0.00
2015.12.09 15:18:31.150,10.81071,10.81362,0.00,0.00
2015.12.09 15:18:31.545,10.81071,10.81371,0.00,0.00
2015.12.09 15:18:31.596,10.81071,10.81361,0.00,0.00
2015.12.09 15:18:32.119,10.81068,10.81361,0.00,0.00
2015.12.09 15:18:32.898,10.81068,10.8136,0.00,0.00
2015.12.09 15:18:33.839,10.81068,10.81361,0.00,0.00
2015.12.09 15:18:34.601,10.81068,10.8136,0.00,0.00
2015.12.09 15:18:34.803,10.81068,10.81311,0.00,0.00
2015.12.09 15:18:34.905,10.81068,10.8134,0.00,0.00
2015.12.09 15:18:35.008,10.81068,10.81361,0.00,0.00
2015.12.09 15:18:35.312,10.81092,10.81371,0.00,0.00
2015.12.09 15:18:35.567,10.81068,10.81351,0.00,0.00
2015.12.09 15:18:36.214,10.81068,10.8134,0.00,0.00
2015.12.09 15:18:36.516,10.81018,10.8129,0.00,0.00
2015.12.09 15:18:36.748,10.80991,10.81281,0.00,0.00
2015.12.09 15:18:37.718,10.81042,10.81332,0.00,0.00
2015.12.09 15:18:38.020,10.81068,10.8134,0.00,0.00
2015.12.09 15:18:38.216,10.81068,10.8136,0.00,0.00
2015.12.09 15:18:38.519,10.81068,10.81311,0.00,0.00
2015.12.09 15:18:38.620,10.81011,10.81281,0.00,0.00
2015.12.09 15:18:38.771,10.80991,10.81281,0.00,0.00
2015.12.09 15:18:38.909,10.81069,10.81338,0.00,0.00
2015.12.09 15:18:39.245,10.81069,10.8133,0.00,0.00
2015.12.09 15:18:39.446,10.81051,10.81332,0.00,0.00
2015.12.09 15:18:39.547,10.81051,10.8131,0.00,0.00
2015.12.09 15:18:39.598,10.81018,10.8131,0.00,0.00
2015.12.09 15:18:39.649,10.81018,10.81291,0.00,0.00
2015.12.09 15:18:39.951,10.81012,10.81271,0.00,0.00
2015.12.09 15:18:40.002,10.81012,10.8128,0.00,0.00
2015.12.09 15:18:40.102,10.80971,10.81272,0.00,0.00
2015.12.09 15:18:40.431,10.80971,10.8128,0.00,0.00
2015.12.09 15:18:40.583,10.80991,10.81281,0.00,0.00
2015.12.09 15:18:45.517,10.81019,10.813,0.00,0.00
2015.12.09 15:18:45.567,10.81019,10.81321,0.00,0.00
2015.12.09 15:18:45.618,10.81019,10.81331,0.00,0.00
2015.12.09 15:18:45.669,10.81051,10.81331,0.00,0.00
2015.12.09 15:18:45.989,10.81069,10.8134,0.00,0.00
2015.12.09 15:18:46.196,10.81118,10.81401,0.00,0.00
2015.12.09 15:18:46.299,10.81132,10.8141,0.00,0.00
2015.12.09 15:18:46.619,10.81092,10.81381,0.00,0.00
2015.12.09 15:18:47.202,10.81072,10.81371,0.00,0.00
2015.12.09 15:18:47.273,10.81072,10.81381,0.00,0.00
2015.12.09 15:18:47.324,10.81092,10.81381,0.00,0.00
2015.12.09 15:18:47.626,10.81132,10.81391,0.00,0.00
2015.12.09 15:18:47.677,10.81132,10.81411,0.00,0.00
2015.12.09 15:18:47.728,10.81119,10.81411,0.00,0.00
2015.12.09 15:18:47.779,10.81119,10.8138,0.00,0.00
2015.12.09 15:18:47.829,10.81091,10.8138,0.00,0.00
2015.12.09 15:18:48.421,10.81091,10.81381,0.00,0.00
2015.12.09 15:18:48.521,10.81091,10.81362,0.00,0.00
2015.12.09 15:18:48.579,10.81091,10.8138,0.00,0.00
2015.12.09 15:18:48.881,10.81091,10.81371,0.00,0.00
2015.12.09 15:18:49.785,10.81091,10.8137,0.00,0.00
2015.12.09 15:18:50.282,10.81091,10.81381,0.00,0.00
2015.12.09 15:18:50.984,10.81091,10.81361,0.00,0.00
2015.12.09 15:18:51.083,10.81091,10.81381,0.00,0.00
2015.12.09 15:18:51.234,10.81169,10.81422,0.00,0.00
2015.12.09 15:18:51.285,10.81171,10.81481,0.00,0.00
2015.12.09 15:18:51.567,10.81192,10.81481,0.00,0.00
2015.12.09 15:18:52.025,10.81169,10.81371,0.00,0.00
2015.12.09 15:18:52.077,10.81119,10.8138,0.00,0.00
2015.12.09 15:18:52.128,10.81131,10.814,0.00,0.00
2015.12.09 15:18:52.345,10.81092,10.81381,0.00,0.00
2015.12.09 15:18:52.396,10.81092,10.81371,0.00,0.00
2015.12.09 15:18:52.787,10.81092,10.81381,0.00,0.00
2015.12.09 15:18:52.888,10.81092,10.81372,0.00,0.00
2015.12.09 15:18:53.288,10.81092,10.81362,0.00,0.00
2015.12.09 15:18:53.389,10.81092,10.81381,0.00,0.00
2015.12.09 15:18:53.689,10.81092,10.81371,0.00,0.00
2015.12.09 15:18:53.941,10.81092,10.81381,0.00,0.00
2015.12.09 15:18:54.229,10.81131,10.81381,0.00,0.00
2015.12.09 15:18:54.283,10.81131,10.81401,0.00,0.00
2015.12.09 15:18:54.620,10.81131,10.81431,0.00,0.00
2015.12.09 15:18:55.446,10.81131,10.81432,0.00,0.00
2015.12.09 15:18:55.647,10.81169,10.81441,0.00,0.00
2015.12.09 15:18:55.830,10.81132,10.81432,0.00,0.00
2015.12.09 15:18:56.104,10.81132,10.81422,0.00,0.00
2015.12.09 15:18:56.306,10.81132,10.81432,0.00,0.00
2015.12.09 15:18:56.545,10.81132,10.81382,0.00,0.00
2015.12.09 15:18:56.597,10.81091,10.81382,0.00,0.00
2015.12.09 15:18:56.850,10.81052,10.81332,0.00,0.00
2015.12.09 15:18:57.057,10.81068,10.81361,0.00,0.00
2015.12.09 15:18:57.109,10.81068,10.81371,0.00,0.00
2015.12.09 15:18:57.527,10.81068,10.81362,0.00,0.00
2015.12.09 15:18:57.782,10.81068,10.81371,0.00,0.00
2015.12.09 15:18:57.839,10.81072,10.81371,0.00,0.00
2015.12.09 15:18:58.234,10.81072,10.81361,0.00,0.00
2015.12.09 15:18:58.335,10.81072,10.81382,0.00,0.00
2015.12.09 15:18:58.831,10.81092,10.81382,0.00,0.00
2015.12.09 15:18:59.060,10.81119,10.81411,0.00,0.00
2015.12.09 15:18:59.111,10.81119,10.8142,0.00,0.00
2015.12.09 15:18:59.162,10.81122,10.8142,0.00,0.00
2015.12.09 15:18:59.478,10.81118,10.81341,0.00,0.00
2015.12.09 15:18:59.528,10.81118,10.81411,0.00,0.00
2015.12.09 15:18:59.632,10.81118,10.81381,0.00,0.00
2015.12.09 15:18:59.683,10.81091,10.81381,0.00,0.00
2015.12.09 15:18:59.734,10.81091,10.81361,0.00,0.00
2015.12.09 15:19:00.535,10.81091,10.8137,0.00,0.00
2015.12.09 15:19:00.585,10.81118,10.8137,0.00,0.00
2015.12.09 15:19:00.636,10.81122,10.8142,0.00,0.00
2015.12.09 15:19:01.106,10.81122,10.81412,0.00,0.00
2015.12.09 15:19:01.560,10.81118,10.81362,0.00,0.00
2015.12.09 15:19:01.661,10.81068,10.81361,0.00,0.00
2015.12.09 15:19:01.935,10.81068,10.81341,0.00,0.00
2015.12.09 15:19:02.259,10.81118,10.81372,0.00,0.00
2015.12.09 15:19:02.310,10.81118,10.81381,0.00,0.00
2015.12.09 15:19:02.462,10.81119,10.81401,0.00,0.00
2015.12.09 15:19:02.563,10.81092,10.81381,0.00,0.00
2015.12.09 15:19:02.783,10.81122,10.81381,0.00,0.00
2015.12.09 15:19:02.935,10.81091,10.81371,0.00,0.00
2015.12.09 15:19:03.256,10.81091,10.8138,0.00,0.00
2015.12.09 15:19:03.795,10.81091,10.81381,0.00,0.00
2015.12.09 15:19:04.447,10.81121,10.81411,0.00,0.00
2015.12.09 15:19:05.187,10.81121,10.8141,0.00,0.00
2015.12.09 15:19:06.090,10.81169,10.81401,0.00,0.00
2015.12.09 15:19:06.292,10.81111,10.8135,0.00,0.00
2015.12.09 15:19:06.393,10.81111,10.8136,0.00,0.00
2015.12.09 15:19:06.494,10.81111,10.81371,0.00,0.00
2015.12.09 15:19:06.758,10.81072,10.81371,0.00,0.00
2015.12.09 15:19:06.859,10.81072,10.81361,0.00,0.00
2015.12.09 15:19:07.170,10.81052,10.81331,0.00,0.00
2015.12.09 15:19:08.255,10.81052,10.8133,0.00,0.00
2015.12.09 15:19:09.260,10.81052,10.81332,0.00,0.00
2015.12.09 15:19:09.809,10.81052,10.81282,0.00,0.00
2015.12.09 15:19:09.859,10.80992,10.81282,0.00,0.00
2015.12.09 15:19:11.370,10.81052,10.81301,0.00,0.00
2015.12.09 15:19:11.521,10.81018,10.813,0.00,0.00
2015.12.09 15:19:11.572,10.80991,10.81282,0.00,0.00
2015.12.09 15:19:12.134,10.80991,10.81281,0.00,0.00
2015.12.09 15:19:12.896,10.80991,10.81282,0.00,0.00
2015.12.09 15:19:15.230,10.80991,10.8128,0.00,0.00
2015.12.09 15:19:15.733,10.80991,10.81281,0.00,0.00
2015.12.09 15:19:17.018,10.80991,10.81282,0.00,0.00
2015.12.09 15:19:17.069,10.81019,10.81322,0.00,0.00
2015.12.09 15:19:17.119,10.81019,10.813,0.00,0.00
2015.12.09 15:19:17.170,10.80992,10.81282,0.00,0.00
2015.12.09 15:19:17.985,10.81051,10.81301,0.00,0.00
2015.12.09 15:19:18.036,10.81051,10.81312,0.00,0.00
2015.12.09 15:19:18.187,10.81051,10.81331,0.00,0.00
2015.12.09 15:19:20.138,10.81051,10.81282,0.00,0.00
2015.12.09 15:19:20.189,10.80991,10.81282,0.00,0.00
2015.12.09 15:19:20.751,10.80971,10.81281,0.00,0.00
2015.12.09 15:19:20.908,10.80971,10.81211,0.00,0.00
2015.12.09 15:19:20.958,10.80928,10.81211,0.00,0.00
2015.12.09 15:19:21.009,10.80928,10.812,0.00,0.00
2015.12.09 15:19:21.059,10.80918,10.812,0.00,0.00
2015.12.09 15:19:21.160,10.80891,10.81181,0.00,0.00
2015.12.09 15:19:21.309,10.8092,10.81181,0.00,0.00
2015.12.09 15:19:21.612,10.80951,10.8121,0.00,0.00
2015.12.09 15:19:23.316,10.80951,10.81232,0.00,0.00
2015.12.09 15:19:23.658,10.80951,10.81182,0.00,0.00
2015.12.09 15:19:23.709,10.80891,10.81182,0.00,0.00
2015.12.09 15:19:25.838,10.80891,10.8118,0.00,0.00
2015.12.09 15:19:26.350,10.80891,10.8117,0.00,0.00
2015.12.09 15:19:26.451,10.80891,10.81181,0.00,0.00
2015.12.09 15:19:26.973,10.80891,10.81182,0.00,0.00
2015.12.09 15:19:31.327,10.80918,10.81201,0.00,0.00
2015.12.09 15:19:31.378,10.80891,10.81181,0.00,0.00
2015.12.09 15:19:31.501,10.80968,10.8124,0.00,0.00
2015.12.09 15:19:31.709,10.80941,10.81231,0.00,0.00
2015.12.09 15:19:31.759,10.80951,10.8123,0.00,0.00
2015.12.09 15:19:32.260,10.80951,10.81231,0.00,0.00
2015.12.09 15:19:33.876,10.80951,10.8114,0.00,0.00
2015.12.09 15:19:33.926,10.80891,10.8114,0.00,0.00
2015.12.09 15:19:33.977,10.80891,10.8117,0.00,0.00
2015.12.09 15:19:34.167,10.80891,10.8116,0.00,0.00
2015.12.09 15:19:34.374,10.80891,10.81171,0.00,0.00
2015.12.09 15:19:34.471,10.80891,10.81181,0.00,0.00
2015.12.09 15:19:36.835,10.80891,10.81171,0.00,0.00
2015.12.09 15:19:37.217,10.80891,10.81151,0.00,0.00
2015.12.09 15:19:37.318,10.80891,10.8116,0.00,0.00
2015.12.09 15:19:37.428,10.80891,10.8111,0.00,0.00
2015.12.09 15:19:37.479,10.8082,10.8111,0.00,0.00
2015.12.09 15:19:37.530,10.80818,10.8108,0.00,0.00
2015.12.09 15:19:37.809,10.80801,10.81081,0.00,0.00
2015.12.09 15:19:38.339,10.80801,10.8108,0.00,0.00
2015.12.09 15:19:38.887,10.80801,10.81081,0.00,0.00
2015.12.09 15:19:39.642,10.80772,10.81081,0.00,0.00
2015.12.09 15:19:40.034,10.80772,10.81071,0.00,0.00
2015.12.09 15:19:41.214,10.80772,10.81081,0.00,0.00
2015.12.09 15:19:41.316,10.80801,10.81081,0.00,0.00
2015.12.09 15:19:41.938,10.80801,10.81071,0.00,0.00
2015.12.09 15:19:41.989,10.80769,10.81071,0.00,0.00
2015.12.09 15:19:42.040,10.80769,10.8106,0.00,0.00
2015.12.09 15:19:42.342,10.80802,10.81081,0.00,0.00
2015.12.09 15:19:42.706,10.80802,10.81071,0.00,0.00
2015.12.09 15:19:42.757,10.80769,10.8106,0.00,0.00
2015.12.09 15:19:42.859,10.80801,10.81071,0.00,0.00
2015.12.09 15:19:43.444,10.80801,10.81081,0.00,0.00
2015.12.09 15:19:45.093,10.80769,10.81061,0.00,0.00
2015.12.09 15:19:45.146,10.80771,10.8105,0.00,0.00
2015.12.09 15:19:45.974,10.80771,10.81051,0.00,0.00
2015.12.09 15:19:46.025,10.80769,10.81051,0.00,0.00
2015.12.09 15:19:46.076,10.80769,10.81031,0.00,0.00
2015.12.09 15:19:46.568,10.80769,10.81041,0.00,0.00
2015.12.09 15:19:46.949,10.80769,10.8103,0.00,0.00
2015.12.09 15:19:47.107,10.80729,10.81031,0.00,0.00
2015.12.09 15:19:47.157,10.80719,10.80993,0.00,0.00
2015.12.09 15:19:47.309,10.80817,10.80982,0.00,0.00
2015.12.09 15:19:47.798,10.80718,10.81,0.00,0.00
2015.12.09 15:19:48.101,10.80718,10.81032,0.00,0.00
2015.12.09 15:19:49.068,10.80692,10.80989,0.00,0.00
2015.12.09 15:19:49.370,10.80669,10.8095,0.00,0.00
2015.12.09 15:19:49.560,10.80669,10.8097,0.00,0.00
2015.12.09 15:19:50.073,10.80669,10.80971,0.00,0.00
2015.12.09 15:19:50.161,10.80669,10.80911,0.00,0.00
2015.12.09 15:19:50.212,10.80651,10.80911,0.00,0.00
2015.12.09 15:19:50.263,10.80651,10.80901,0.00,0.00
2015.12.09 15:19:50.314,10.80618,10.80901,0.00,0.00
2015.12.09 15:19:50.415,10.80568,10.80882,0.00,0.00
2015.12.09 15:19:50.965,10.80568,10.80881,0.00,0.00
2015.12.09 15:19:51.066,10.80568,10.8087,0.00,0.00
2015.12.09 15:19:51.368,10.80568,10.80861,0.00,0.00
2015.12.09 15:19:51.629,10.8048,10.80781,0.00,0.00
2015.12.09 15:19:51.679,10.80478,10.8076,0.00,0.00
2015.12.09 15:19:51.730,10.80469,10.8076,0.00,0.00
2015.12.09 15:19:51.781,10.80469,10.80781,0.00,0.00
2015.12.09 15:19:52.334,10.80469,10.8078,0.00,0.00
2015.12.09 15:19:52.874,10.80469,10.80781,0.00,0.00
2015.12.09 15:19:53.217,10.80469,10.8076,0.00,0.00
2015.12.09 15:19:53.841,10.80469,10.8077,0.00,0.00
2015.12.09 15:19:54.181,10.80469,10.80781,0.00,0.00
2015.12.09 15:19:54.383,10.80469,10.80761,0.00,0.00
2015.12.09 15:19:54.885,10.80469,10.8076,0.00,0.00
2015.12.09 15:19:55.289,10.80469,10.80771,0.00,0.00
2015.12.09 15:19:55.339,10.80479,10.80771,0.00,0.00
2015.12.09 15:19:55.440,10.80469,10.80771,0.00,0.00
2015.12.09 15:19:55.998,10.80469,10.8077,0.00,0.00
2015.12.09 15:19:56.501,10.80469,10.80771,0.00,0.00
2015.12.09 15:19:57.117,10.80469,10.8077,0.00,0.00
2015.12.09 15:19:57.295,10.80469,10.80781,0.00,0.00
2015.12.09 15:19:57.396,10.80469,10.80771,0.00,0.00
2015.12.09 15:19:57.755,10.80432,10.80711,0.00,0.00
2015.12.09 15:19:57.806,10.80418,10.80711,0.00,0.00
2015.12.09 15:19:57.907,10.80381,10.80681,0.00,0.00
2015.12.09 15:19:58.008,10.80369,10.80681,0.00,0.00
2015.12.09 15:20:00.609,10.80369,10.8066,0.00,0.00
2015.12.09 15:20:00.916,10.80369,10.8062,0.00,0.00
2015.12.09 15:20:01.017,10.80368,10.8065,0.00,0.00
2015.12.09 15:20:01.118,10.80368,10.80611,0.00,0.00
2015.12.09 15:20:01.219,10.80319,10.8061,0.00,0.00
2015.12.09 15:20:01.482,10.80318,10.80632,0.00,0.00
2015.12.09 15:20:01.533,10.80319,10.8058,0.00,0.00
2015.12.09 15:20:01.636,10.80319,10.80609,0.00,0.00
2015.12.09 15:20:02.074,10.80279,10.80582,0.00,0.00
2015.12.09 15:20:02.125,10.80282,10.80582,0.00,0.00
2015.12.09 15:20:02.397,10.80268,10.80581,0.00,0.00
2015.12.09 15:20:02.750,10.80318,10.8059,0.00,0.00
2015.12.09 15:20:02.952,10.80368,10.80682,0.00,0.00
2015.12.09 15:20:03.002,10.80368,10.80651,0.00,0.00
2015.12.09 15:20:03.103,10.80368,10.8067,0.00,0.00
2015.12.09 15:20:03.919,10.80418,10.8067,0.00,0.00
2015.12.09 15:20:03.970,10.80418,10.80692,0.00,0.00
2015.12.09 15:20:04.055,10.80418,10.80709,0.00,0.00
2015.12.09 15:20:04.106,10.80418,10.80711,0.00,0.00
2015.12.09 15:20:04.913,10.80418,10.8071,0.00,0.00
2015.12.09 15:20:05.723,10.80418,10.80711,0.00,0.00
2015.12.09 15:20:06.246,10.80418,10.8071,0.00,0.00
2015.12.09 15:20:06.304,10.80368,10.80681,0.00,0.00
2015.12.09 15:20:06.466,10.80341,10.80632,0.00,0.00
2015.12.09 15:20:06.516,10.80318,10.80611,0.00,0.00
2015.12.09 15:20:06.617,10.80318,10.806,0.00,0.00
2015.12.09 15:20:06.918,10.80311,10.80562,0.00,0.00
2015.12.09 15:20:06.968,10.80269,10.8057,0.00,0.00
2015.12.09 15:20:07.372,10.80269,10.80562,0.00,0.00
2015.12.09 15:20:07.473,10.80269,10.80571,0.00,0.00
2015.12.09 15:20:07.524,10.80269,10.80561,0.00,0.00
2015.12.09 15:20:08.175,10.80269,10.8056,0.00,0.00
2015.12.09 15:20:08.335,10.80269,10.80571,0.00,0.00
2015.12.09 15:20:08.386,10.80269,10.80562,0.00,0.00
2015.12.09 15:20:08.437,10.80232,10.80532,0.00,0.00
2015.12.09 15:20:08.488,10.80218,10.80481,0.00,0.00
2015.12.09 15:20:08.669,10.80198,10.80481,0.00,0.00
2015.12.09 15:20:08.720,10.80168,10.8048,0.00,0.00
2015.12.09 15:20:08.980,10.80219,10.80481,0.00,0.00
2015.12.09 15:20:09.031,10.80219,10.80501,0.00,0.00
2015.12.09 15:20:09.082,10.80219,10.80491,0.00,0.00
2015.12.09 15:20:09.181,10.80219,10.805,0.00,0.00
2015.12.09 15:20:09.568,10.80269,10.805,0.00,0.00
2015.12.09 15:20:09.619,10.80269,10.80511,0.00,0.00
2015.12.09 15:20:09.720,10.80269,10.8049,0.00,0.00
2015.12.09 15:20:09.771,10.80212,10.80481,0.00,0.00
2015.12.09 15:20:09.821,10.80212,10.80471,0.00,0.00
2015.12.09 15:20:10.184,10.80212,10.80461,0.00,0.00
2015.12.09 15:20:10.235,10.80169,10.8046,0.00,0.00
2015.12.09 15:20:10.538,10.80129,10.80431,0.00,0.00
2015.12.09 15:20:10.639,10.80119,10.80431,0.00,0.00
2015.12.09 15:20:11.180,10.80168,10.8044,0.00,0.00
2015.12.09 15:20:11.230,10.80168,10.80451,0.00,0.00
2015.12.09 15:20:11.287,10.80168,10.8046,0.00,0.00
2015.12.09 15:20:11.338,10.80168,10.80421,0.00,0.00
2015.12.09 15:20:11.439,10.80118,10.80421,0.00,0.00
2015.12.09 15:20:11.561,10.80151,10.80421,0.00,0.00
2015.12.09 15:20:11.612,10.80151,10.80432,0.00,0.00
2015.12.09 15:20:11.663,10.80129,10.80431,0.00,0.00
2015.12.09 15:20:11.713,10.80119,10.8042,0.00,0.00
2015.12.09 15:20:12.216,10.80068,10.80381,0.00,0.00
2015.12.09 15:20:12.339,10.80068,10.8037,0.00,0.00
2015.12.09 15:20:12.710,10.80068,10.80382,0.00,0.00
2015.12.09 15:20:12.812,10.80068,10.8034,0.00,0.00
2015.12.09 15:20:12.913,10.80068,10.80361,0.00,0.00
2015.12.09 15:20:13.522,10.80068,10.8036,0.00,0.00
2015.12.09 15:20:14.027,10.80068,10.80361,0.00,0.00
2015.12.09 15:20:14.621,10.80068,10.8036,0.00,0.00
2015.12.09 15:20:15.140,10.80068,10.80382,0.00,0.00
2015.12.09 15:20:15.718,10.80068,10.80341,0.00,0.00
2015.12.09 15:20:15.800,10.80029,10.80332,0.00,0.00
2015.12.09 15:20:15.951,10.80018,10.80301,0.00,0.00
2015.12.09 15:20:16.053,10.79968,10.80282,0.00,0.00
2015.12.09 15:20:16.167,10.79988,10.80301,0.00,0.00
2015.12.09 15:20:16.570,10.80039,10.80301,0.00,0.00
2015.12.09 15:20:16.621,10.80039,10.8031,0.00,0.00
2015.12.09 15:20:16.810,10.80089,10.80311,0.00,0.00
2015.12.09 15:20:16.861,10.80089,10.80361,0.00,0.00
2015.12.09 15:20:16.912,10.80049,10.80351,0.00,0.00
2015.12.09 15:20:16.963,10.80039,10.80291,0.00,0.00
2015.12.09 15:20:17.164,10.80012,10.80291,0.00,0.00
2015.12.09 15:20:17.516,10.79989,10.8029,0.00,0.00
2015.12.09 15:20:18.028,10.79989,10.80138,0.00,0.00
2015.12.09 15:20:18.079,10.79928,10.80101,0.00,0.00
2015.12.09 15:20:18.130,10.79888,10.80138,0.00,0.00
2015.12.09 15:20:18.348,10.79899,10.80138,0.00,0.00
2015.12.09 15:20:18.398,10.79899,10.80202,0.00,0.00
2015.12.09 15:20:18.449,10.79949,10.80202,0.00,0.00
2015.12.09 15:20:18.550,10.79988,10.80291,0.00,0.00
2015.12.09 15:20:18.660,10.79988,10.80302,0.00,0.00
2015.12.09 15:20:18.761,10.79988,10.8021,0.00,0.00
2015.12.09 15:20:18.812,10.79938,10.8021,0.00,0.00
2015.12.09 15:20:19.064,10.79949,10.80252,0.00,0.00
2015.12.09 15:20:19.115,10.79989,10.80301,0.00,0.00
2015.12.09 15:20:19.325,10.79989,10.80261,0.00,0.00
2015.12.09 15:20:19.376,10.79989,10.8028,0.00,0.00
2015.12.09 15:20:19.477,10.79989,10.80301,0.00,0.00
2015.12.09 15:20:19.578,10.79989,10.80281,0.00,0.00
2015.12.09 15:20:19.880,10.79989,10.8027,0.00,0.00
2015.12.09 15:20:20.344,10.79989,10.8028,0.00,0.00
2015.12.09 15:20:20.550,10.79989,10.80271,0.00,0.00
2015.12.09 15:20:21.055,10.79989,10.8027,0.00,0.00
2015.12.09 15:20:21.913,10.79888,10.802,0.00,0.00
2015.12.09 15:20:22.089,10.79888,10.8019,0.00,0.00
2015.12.09 15:20:22.190,10.79838,10.80152,0.00,0.00
2015.12.09 15:20:22.441,10.79888,10.80171,0.00,0.00
2015.12.09 15:20:22.542,10.79888,10.80201,0.00,0.00
2015.12.09 15:20:22.643,10.79848,10.80152,0.00,0.00
2015.12.09 15:20:22.968,10.79812,10.8004,0.00,0.00
2015.12.09 15:20:23.278,10.79812,10.8006,0.00,0.00
2015.12.09 15:20:23.329,10.79789,10.8006,0.00,0.00
2015.12.09 15:20:23.581,10.79789,10.8003,0.00,0.00
2015.12.09 15:20:23.733,10.79699,10.80001,0.00,0.00
2015.12.09 15:20:23.956,10.79639,10.79901,0.00,0.00
2015.12.09 15:20:24.012,10.79639,10.79941,0.00,0.00
2015.12.09 15:20:24.063,10.79588,10.79902,0.00,0.00
2015.12.09 15:20:24.214,10.79588,10.79891,0.00,0.00
2015.12.09 15:20:24.533,10.79709,10.79911,0.00,0.00
2015.12.09 15:20:24.735,10.79658,10.79911,0.00,0.00
2015.12.09 15:20:24.786,10.7966,10.7994,0.00,0.00
2015.12.09 15:20:24.836,10.79759,10.7994,0.00,0.00
2015.12.09 15:20:25.084,10.79408,10.79611,0.00,0.00
2015.12.09 15:20:25.185,10.79408,10.79621,0.00,0.00
2015.12.09 15:20:25.286,10.79409,10.79661,0.00,0.00
2015.12.09 15:20:25.388,10.79408,10.79601,0.00,0.00
2015.12.09 15:20:25.489,10.79408,10.7965,0.00,0.00
2015.12.09 15:20:25.590,10.79408,10.7967,0.00,0.00
2015.12.09 15:20:25.742,10.79459,10.79671,0.00,0.00
2015.12.09 15:20:26.129,10.79458,10.7966,0.00,0.00
2015.12.09 15:20:26.290,10.79458,10.79681,0.00,0.00
2015.12.09 15:20:26.391,10.79458,10.7967,0.00,0.00
2015.12.09 15:20:26.492,10.79458,10.79681,0.00,0.00
2015.12.09 15:20:26.593,10.79458,10.7967,0.00,0.00
2015.12.09 15:20:26.845,10.79408,10.7966,0.00,0.00
2015.12.09 15:20:26.896,10.79408,10.79641,0.00,0.00
2015.12.09 15:20:27.246,10.79409,10.7961,0.00,0.00
2015.12.09 15:20:27.299,10.79358,10.7957,0.00,0.00
2015.12.09 15:20:27.490,10.79358,10.79591,0.00,0.00
2015.12.09 15:20:27.919,10.79408,10.7959,0.00,0.00
2015.12.09 15:20:28.020,10.79358,10.7957,0.00,0.00
2015.12.09 15:20:28.271,10.79408,10.79611,0.00,0.00
2015.12.09 15:20:28.322,10.79408,10.79661,0.00,0.00
2015.12.09 15:20:28.373,10.79459,10.79661,0.00,0.00
2015.12.09 15:20:28.625,10.79459,10.7968,0.00,0.00
2015.12.09 15:20:28.676,10.79408,10.7968,0.00,0.00
2015.12.09 15:20:28.726,10.79408,10.796,0.00,0.00
2015.12.09 15:20:28.828,10.79408,10.79671,0.00,0.00
2015.12.09 15:20:28.929,10.79458,10.79671,0.00,0.00
2015.12.09 15:20:29.101,10.79458,10.79691,0.00,0.00
2015.12.09 15:20:29.425,10.79471,10.79771,0.00,0.00
2015.12.09 15:20:29.476,10.79508,10.79771,0.00,0.00
2015.12.09 15:20:29.779,10.79558,10.7977,0.00,0.00
2015.12.09 15:20:30.031,10.7951,10.7977,0.00,0.00
2015.12.09 15:20:30.132,10.79509,10.79711,0.00,0.00
2015.12.09 15:20:30.233,10.79558,10.7977,0.00,0.00
2015.12.09 15:20:30.334,10.79558,10.79761,0.00,0.00
2015.12.09 15:20:30.658,10.79558,10.7973,0.00,0.00
2015.12.09 15:20:31.111,10.79558,10.7975,0.00,0.00
2015.12.09 15:20:31.218,10.79508,10.79721,0.00,0.00
2015.12.09 15:20:31.319,10.79559,10.7972,0.00,0.00
2015.12.09 15:20:31.420,10.79508,10.79751,0.00,0.00
2015.12.09 15:20:31.521,10.79508,10.79711,0.00,0.00
2015.12.09 15:20:31.672,10.79459,10.79701,0.00,0.00
2015.12.09 15:20:31.867,10.79459,10.7969,0.00,0.00
2015.12.09 15:20:32.174,10.79459,10.79661,0.00,0.00
2015.12.09 15:20:32.767,10.79509,10.79661,0.00,0.00
2015.12.09 15:20:32.868,10.79558,10.79751,0.00,0.00
2015.12.09 15:20:33.020,10.79558,10.79741,0.00,0.00
2015.12.09 15:20:33.531,10.79559,10.79741,0.00,0.00
2015.12.09 15:20:33.759,10.79508,10.7971,0.00,0.00
2015.12.09 15:20:33.860,10.79508,10.797,0.00,0.00
2015.12.09 15:20:34.061,10.79508,10.79771,0.00,0.00
2015.12.09 15:20:34.112,10.79508,10.79781,0.00,0.00
2015.12.09 15:20:34.163,10.7951,10.7978,0.00,0.00
2015.12.09 15:20:34.479,10.79559,10.79801,0.00,0.00
2015.12.09 15:20:35.028,10.79559,10.798,0.00,0.00
2015.12.09 15:20:35.332,10.79609,10.79801,0.00,0.00
2015.12.09 15:20:35.433,10.79609,10.79831,0.00,0.00
2015.12.09 15:20:35.534,10.79659,10.79831,0.00,0.00
2015.12.09 15:20:35.787,10.79659,10.7985,0.00,0.00
2015.12.09 15:20:36.136,10.79659,10.79871,0.00,0.00
2015.12.09 15:20:36.685,10.79659,10.79861,0.00,0.00
2015.12.09 15:20:37.258,10.79758,10.79902,0.00,0.00
2015.12.09 15:20:37.309,10.79758,10.79911,0.00,0.00
2015.12.09 15:20:37.410,10.79758,10.79971,0.00,0.00
2015.12.09 15:20:37.612,10.79709,10.79921,0.00,0.00
2015.12.09 15:20:37.662,10.79619,10.79911,0.00,0.00
2015.12.09 15:20:37.713,10.79609,10.79882,0.00,0.00
2015.12.09 15:20:37.814,10.79609,10.7991,0.00,0.00
2015.12.09 15:20:37.915,10.79708,10.7991,0.00,0.00
2015.12.09 15:20:37.966,10.79708,10.79921,0.00,0.00
2015.12.09 15:20:38.117,10.79708,10.7994,0.00,0.00
2015.12.09 15:20:38.297,10.79759,10.7994,0.00,0.00
2015.12.09 15:20:38.348,10.79708,10.79941,0.00,0.00
2015.12.09 15:20:38.399,10.79708,10.79931,0.00,0.00
2015.12.09 15:20:38.600,10.7966,10.7991,0.00,0.00
2015.12.09 15:20:38.651,10.79658,10.79921,0.00,0.00
2015.12.09 15:20:38.802,10.79709,10.79901,0.00,0.00
2015.12.09 15:20:38.903,10.79709,10.79912,0.00,0.00
2015.12.09 15:20:39.004,10.79709,10.79892,0.00,0.00
2015.12.09 15:20:39.105,10.79709,10.7992,0.00,0.00
2015.12.09 15:20:39.156,10.79758,10.79932,0.00,0.00
2015.12.09 15:20:39.207,10.79758,10.79981,0.00,0.00
2015.12.09 15:20:39.688,10.79708,10.79962,0.00,0.00
2015.12.09 15:20:39.789,10.79708,10.79921,0.00,0.00
2015.12.09 15:20:40.088,10.79708,10.79931,0.00,0.00
2015.12.09 15:20:40.788,10.79659,10.79901,0.00,0.00
2015.12.09 15:20:41.330,10.79659,10.799,0.00,0.00
2015.12.09 15:20:41.481,10.79659,10.7989,0.00,0.00
2015.12.09 15:20:42.562,10.79659,10.799,0.00,0.00
2015.12.09 15:20:42.863,10.79659,10.79891,0.00,0.00
2015.12.09 15:20:43.231,10.79709,10.7993,0.00,0.00
2015.12.09 15:20:43.658,10.79709,10.79911,0.00,0.00
2015.12.09 15:20:43.759,10.79659,10.79911,0.00,0.00
2015.12.09 15:20:44.072,10.79609,10.79882,0.00,0.00
2015.12.09 15:20:44.173,10.79572,10.7988,0.00,0.00
2015.12.09 15:20:44.379,10.79572,10.79801,0.00,0.00
2015.12.09 15:20:44.876,10.79572,10.79851,0.00,0.00
2015.12.09 15:20:45.077,10.79572,10.79802,0.00,0.00
2015.12.09 15:20:46.068,10.79572,10.79752,0.00,0.00
2015.12.09 15:20:46.170,10.79511,10.79752,0.00,0.00
2015.12.09 15:20:46.270,10.79511,10.79702,0.00,0.00
2015.12.09 15:20:46.371,10.79471,10.79702,0.00,0.00
2015.12.09 15:20:46.583,10.79471,10.7969,0.00,0.00
2015.12.09 15:20:46.869,10.79372,10.79602,0.00,0.00
2015.12.09 15:20:47.389,10.79372,10.79651,0.00,0.00
2015.12.09 15:20:47.489,10.79401,10.79651,0.00,0.00
2015.12.09 15:20:47.590,10.79432,10.79702,0.00,0.00
2015.12.09 15:20:47.946,10.79439,10.79702,0.00,0.00
2015.12.09 15:20:48.047,10.79432,10.79702,0.00,0.00
2015.12.09 15:20:48.147,10.79432,10.79601,0.00,0.00
2015.12.09 15:20:48.248,10.79428,10.79601,0.00,0.00
2015.12.09 15:20:48.299,10.79428,10.79701,0.00,0.00
2015.12.09 15:20:48.349,10.79432,10.79701,0.00,0.00
2015.12.09 15:20:49.059,10.79438,10.79701,0.00,0.00
2015.12.09 15:20:49.159,10.79432,10.79701,0.00,0.00
2015.12.09 15:20:49.361,10.79442,10.79701,0.00,0.00
2015.12.09 15:20:49.462,10.79439,10.79701,0.00,0.00
2015.12.09 15:20:49.563,10.79432,10.79701,0.00,0.00
2015.12.09 15:20:50.295,10.79448,10.79701,0.00,0.00
2015.12.09 15:20:50.346,10.79442,10.79701,0.00,0.00
2015.12.09 15:20:50.551,10.79399,10.79701,0.00,0.00
2015.12.09 15:20:50.602,10.79399,10.79651,0.00,0.00
2015.12.09 15:20:50.754,10.79361,10.7965,0.00,0.00
2015.12.09 15:20:50.805,10.79361,10.79602,0.00,0.00
2015.12.09 15:20:50.906,10.79402,10.79651,0.00,0.00
2015.12.09 15:20:51.007,10.79371,10.7965,0.00,0.00
2015.12.09 15:20:51.058,10.79398,10.7965,0.00,0.00
2015.12.09 15:20:51.469,10.79371,10.79602,0.00,0.00
2015.12.09 15:20:51.878,10.79371,10.79651,0.00,0.00
2015.12.09 15:20:51.929,10.79378,10.79652,0.00,0.00
2015.12.09 15:20:52.031,10.79411,10.797,0.00,0.00
2015.12.09 15:20:52.082,10.79461,10.797,0.00,0.00
2015.12.09 15:20:52.741,10.79461,10.79701,0.00,0.00
2015.12.09 15:20:53.088,10.79472,10.79701,0.00,0.00
2015.12.09 15:20:53.775,10.79472,10.7975,0.00,0.00
2015.12.09 15:20:53.827,10.79472,10.79752,0.00,0.00
2015.12.09 15:20:54.038,10.79561,10.79751,0.00,0.00
2015.12.09 15:20:54.088,10.79521,10.79751,0.00,0.00
2015.12.09 15:20:54.443,10.79521,10.79701,0.00,0.00
2015.12.09 15:20:54.494,10.79471,10.79701,0.00,0.00
2015.12.09 15:20:54.598,10.79461,10.79701,0.00,0.00
2015.12.09 15:20:55.071,10.79472,10.79701,0.00,0.00
2015.12.09 15:20:55.345,10.79512,10.7975,0.00,0.00
2015.12.09 15:20:55.396,10.79512,10.79752,0.00,0.00
2015.12.09 15:20:55.698,10.79471,10.79752,0.00,0.00
2015.12.09 15:20:55.749,10.79471,10.79701,0.00,0.00
2015.12.09 15:20:56.174,10.79461,10.79701,0.00,0.00
2015.12.09 15:20:57.233,10.79461,10.79661,0.00,0.00
2015.12.09 15:20:57.284,10.79411,10.79652,0.00,0.00
2015.12.09 15:20:57.385,10.79361,10.79602,0.00,0.00
2015.12.09 15:20:57.838,10.79361,10.79551,0.00,0.00
2015.12.09 15:20:57.939,10.79311,10.79551,0.00,0.00
2015.12.09 15:20:58.142,10.79278,10.79511,0.00,0.00
2015.12.09 15:20:58.246,10.79262,10.79502,0.00,0.00
2015.12.09 15:20:58.382,10.79262,10.7955,0.00,0.00
2015.12.09 15:20:58.433,10.79262,10.79552,0.00,0.00
2015.12.09 15:20:58.484,10.79362,10.79552,0.00,0.00
2015.12.09 15:20:58.585,10.79312,10.79552,0.00,0.00
2015.12.09 15:20:58.837,10.79312,10.79602,0.00,0.00
2015.12.09 15:20:58.938,10.79361,10.79602,0.00,0.00
2015.12.09 15:20:59.588,10.79361,10.79552,0.00,0.00
2015.12.09 15:20:59.689,10.79321,10.79552,0.00,0.00
2015.12.09 15:20:59.790,10.79288,10.79552,0.00,0.00
2015.12.09 15:20:59.841,10.79288,10.79502,0.00,0.00
2015.12.09 15:20:59.891,10.79271,10.79502,0.00,0.00
2015.12.09 15:21:00.843,10.79211,10.79451,0.00,0.00
2015.12.09 15:21:01.598,10.79211,10.79501,0.00,0.00
2015.12.09 15:21:01.649,10.79262,10.79501,0.00,0.00
2015.12.09 15:21:02.027,10.79171,10.79451,0.00,0.00
2015.12.09 15:21:02.078,10.79171,10.79402,0.00,0.00
2015.12.09 15:21:02.129,10.79212,10.79452,0.00,0.00
2015.12.09 15:21:02.230,10.79212,10.79402,0.00,0.00
2015.12.09 15:21:02.331,10.79189,10.79402,0.00,0.00
2015.12.09 15:21:02.382,10.79179,10.79402,0.00,0.00
2015.12.09 15:21:02.495,10.79169,10.79402,0.00,0.00
2015.12.09 15:21:02.596,10.79162,10.79402,0.00,0.00
2015.12.09 15:21:03.479,10.79171,10.79402,0.00,0.00
2015.12.09 15:21:03.950,10.79162,10.79402,0.00,0.00
2015.12.09 15:21:05.653,10.79168,10.79402,0.00,0.00
2015.12.09 15:21:05.754,10.79162,10.79402,0.00,0.00
2015.12.09 15:21:07.957,10.79171,10.79402,0.00,0.00
2015.12.09 15:21:09.357,10.79161,10.79402,0.00,0.00
2015.12.09 15:21:09.408,10.79168,10.79351,0.00,0.00
2015.12.09 15:21:09.509,10.79072,10.7935,0.00,0.00
2015.12.09 15:21:09.610,10.79072,10.79302,0.00,0.00
2015.12.09 15:21:10.342,10.79078,10.79302,0.00,0.00
2015.12.09 15:21:10.462,10.79072,10.79302,0.00,0.00
2015.12.09 15:21:10.563,10.79088,10.79302,0.00,0.00
2015.12.09 15:21:10.664,10.79079,10.79302,0.00,0.00
2015.12.09 15:21:10.765,10.79061,10.79302,0.00,0.00
2015.12.09 15:21:10.866,10.79068,10.79302,0.00,0.00
2015.12.09 15:21:10.917,10.79071,10.79331,0.00,0.00
2015.12.09 15:21:10.967,10.79078,10.79331,0.00,0.00
2015.12.09 15:21:11.169,10.79171,10.79432,0.00,0.00
2015.12.09 15:21:12.016,10.79171,10.79381,0.00,0.00
2015.12.09 15:21:12.117,10.79149,10.79381,0.00,0.00
2015.12.09 15:21:12.218,10.79111,10.79381,0.00,0.00
2015.12.09 15:21:12.420,10.79161,10.79382,0.00,0.00
2015.12.09 15:21:12.470,10.79161,10.79432,0.00,0.00
2015.12.09 15:21:13.086,10.79168,10.79432,0.00,0.00
2015.12.09 15:21:13.187,10.79161,10.79432,0.00,0.00
2015.12.09 15:21:14.010,10.79148,10.79401,0.00,0.00
2015.12.09 15:21:14.060,10.79072,10.79331,0.00,0.00
2015.12.09 15:21:15.098,10.79071,10.79331,0.00,0.00
2015.12.09 15:21:15.477,10.7902,10.79232,0.00,0.00
2015.12.09 15:21:15.528,10.78971,10.79232,0.00,0.00
2015.12.09 15:21:15.673,10.78998,10.79232,0.00,0.00
2015.12.09 15:21:15.781,10.78971,10.79232,0.00,0.00
2015.12.09 15:21:16.089,10.78979,10.79232,0.00,0.00
2015.12.09 15:21:16.190,10.78971,10.79232,0.00,0.00
2015.12.09 15:21:16.554,10.78979,10.79232,0.00,0.00
2015.12.09 15:21:16.877,10.78989,10.79232,0.00,0.00
2015.12.09 15:21:16.986,10.78978,10.79232,0.00,0.00
2015.12.09 15:21:17.087,10.78988,10.79232,0.00,0.00
2015.12.09 15:21:17.188,10.78979,10.79232,0.00,0.00
2015.12.09 15:21:17.763,10.78988,10.79232,0.00,0.00
2015.12.09 15:21:17.814,10.78971,10.79232,0.00,0.00
2015.12.09 15:21:17.965,10.78998,10.79232,0.00,0.00
2015.12.09 15:21:18.515,10.78972,10.79232,0.00,0.00
2015.12.09 15:21:19.046,10.78971,10.79232,0.00,0.00
2015.12.09 15:21:19.096,10.78998,10.79232,0.00,0.00
2015.12.09 15:21:19.282,10.78979,10.79232,0.00,0.00
2015.12.09 15:21:19.386,10.78998,10.79232,0.00,0.00
2015.12.09 15:21:19.498,10.78971,10.79232,0.00,0.00
2015.12.09 15:21:20.690,10.78972,10.79232,0.00,0.00
2015.12.09 15:21:20.918,10.78972,10.7927,0.00,0.00
2015.12.09 15:21:20.969,10.78972,10.79282,0.00,0.00
2015.12.09 15:21:22.673,10.78972,10.79281,0.00,0.00
2015.12.09 15:21:22.864,10.78972,10.7927,0.00,0.00
2015.12.09 15:21:22.987,10.78972,10.79281,0.00,0.00
2015.12.09 15:21:23.239,10.79069,10.79291,0.00,0.00
2015.12.09 15:21:23.290,10.79069,10.79322,0.00,0.00
2015.12.09 15:21:23.391,10.79069,10.79332,0.00,0.00
2015.12.09 15:21:23.492,10.79069,10.79381,0.00,0.00
2015.12.09 15:21:23.933,10.79162,10.79431,0.00,0.00
2015.12.09 15:21:24.035,10.79168,10.7947,0.00,0.00
2015.12.09 15:21:24.136,10.79162,10.79432,0.00,0.00
2015.12.09 15:21:24.237,10.79118,10.79421,0.00,0.00
2015.12.09 15:21:24.338,10.79169,10.79421,0.00,0.00
2015.12.09 15:21:24.388,10.79169,10.79431,0.00,0.00
2015.12.09 15:21:24.439,10.79161,10.79431,0.00,0.00
2015.12.09 15:21:24.489,10.79161,10.7941,0.00,0.00
2015.12.09 15:21:24.540,10.79119,10.7941,0.00,0.00
2015.12.09 15:21:24.692,10.79079,10.79301,0.00,0.00
2015.12.09 15:21:24.742,10.79068,10.79301,0.00,0.00
2015.12.09 15:21:24.793,10.79048,10.79281,0.00,0.00
2015.12.09 15:21:24.843,10.78972,10.79281,0.00,0.00
2015.12.09 15:21:25.113,10.79018,10.79321,0.00,0.00
2015.12.09 15:21:25.440,10.79022,10.7932,0.00,0.00
2015.12.09 15:21:25.636,10.79022,10.79332,0.00,0.00
2015.12.09 15:21:25.987,10.79069,10.7934,0.00,0.00
2015.12.09 15:21:26.037,10.79069,10.79381,0.00,0.00
2015.12.09 15:21:26.221,10.79071,10.79381,0.00,0.00
2015.12.09 15:21:27.218,10.79118,10.7941,0.00,0.00
2015.12.09 15:21:27.809,10.79118,10.79411,0.00,0.00
2015.12.09 15:21:27.859,10.79118,10.79431,0.00,0.00
2015.12.09 15:21:28.534,10.79118,10.7943,0.00,0.00
2015.12.09 15:21:28.634,10.79168,10.7942,0.00,0.00
2015.12.09 15:21:28.891,10.79132,10.79431,0.00,0.00
2015.12.09 15:21:28.992,10.79168,10.7944,0.00,0.00
2015.12.09 15:21:29.043,10.79168,10.79451,0.00,0.00
2015.12.09 15:21:29.164,10.79168,10.79421,0.00,0.00
2015.12.09 15:21:29.265,10.79102,10.79381,0.00,0.00
2015.12.09 15:21:29.418,10.79118,10.79421,0.00,0.00
2015.12.09 15:21:29.931,10.79118,10.7942,0.00,0.00
2015.12.09 15:21:30.096,10.79168,10.7942,0.00,0.00
2015.12.09 15:21:30.294,10.79118,10.79432,0.00,0.00
2015.12.09 15:21:30.568,10.79121,10.79432,0.00,0.00
2015.12.09 15:21:31.916,10.79132,10.79432,0.00,0.00
2015.12.09 15:21:33.463,10.79122,10.79432,0.00,0.00
2015.12.09 15:21:33.986,10.79122,10.79431,0.00,0.00
2015.12.09 15:21:34.497,10.79122,10.79432,0.00,0.00
2015.12.09 15:21:35.055,10.79122,10.79431,0.00,0.00
2015.12.09 15:21:35.725,10.79122,10.79432,0.00,0.00
2015.12.09 15:21:36.321,10.79118,10.79432,0.00,0.00
2015.12.09 15:21:36.963,10.7913,10.79432,0.00,0.00
2015.12.09 15:21:37.278,10.7923,10.79381,0.00,0.00
2015.12.09 15:21:37.684,10.79092,10.793,0.00,0.00
2015.12.09 15:21:37.735,10.79041,10.793,0.00,0.00
2015.12.09 15:21:37.987,10.79041,10.7931,0.00,0.00
2015.12.09 15:21:38.437,10.79068,10.7931,0.00,0.00
2015.12.09 15:21:38.538,10.79041,10.7931,0.00,0.00
2015.12.09 15:21:39.149,10.79041,10.79311,0.00,0.00
2015.12.09 15:21:39.483,10.78992,10.79282,0.00,0.00
2015.12.09 15:21:39.534,10.79019,10.79301,0.00,0.00
2015.12.09 15:21:39.585,10.79019,10.79322,0.00,0.00
2015.12.09 15:21:39.636,10.79041,10.79322,0.00,0.00
2015.12.09 15:21:39.687,10.79041,10.79331,0.00,0.00
2015.12.09 15:21:39.850,10.79068,10.7934,0.00,0.00
2015.12.09 15:21:39.901,10.79068,10.79351,0.00,0.00
2015.12.09 15:21:40.002,10.79068,10.79341,0.00,0.00
2015.12.09 15:21:40.057,10.79042,10.79332,0.00,0.00
2015.12.09 15:21:40.414,10.79068,10.79341,0.00,0.00
2015.12.09 15:21:40.725,10.79042,10.79311,0.00,0.00
2015.12.09 15:21:41.256,10.79042,10.7931,0.00,0.00
2015.12.09 15:21:41.632,10.79079,10.7931,0.00,0.00
2015.12.09 15:21:41.891,10.79042,10.7931,0.00,0.00
2015.12.09 15:21:42.411,10.79078,10.79341,0.00,0.00
2015.12.09 15:21:42.477,10.79042,10.79341,0.00,0.00
2015.12.09 15:21:43.150,10.79042,10.79292,0.00,0.00
2015.12.09 15:21:43.393,10.78991,10.79292,0.00,0.00
2015.12.09 15:21:43.717,10.79029,10.7932,0.00,0.00
2015.12.09 15:21:44.045,10.79042,10.79321,0.00,0.00
2015.12.09 15:21:44.539,10.79031,10.79341,0.00,0.00
2015.12.09 15:21:44.590,10.79042,10.79311,0.00,0.00
2015.12.09 15:21:44.842,10.79042,10.7934,0.00,0.00
2015.12.09 15:21:44.943,10.79078,10.7934,0.00,0.00
2015.12.09 15:21:45.208,10.79078,10.79391,0.00,0.00
2015.12.09 15:21:45.755,10.79069,10.7934,0.00,0.00
2015.12.09 15:21:45.906,10.79042,10.7934,0.00,0.00
2015.12.09 15:21:46.529,10.79042,10.79341,0.00,0.00
2015.12.09 15:21:46.851,10.79008,10.79291,0.00,0.00
2015.12.09 15:21:46.902,10.78991,10.79291,0.00,0.00
2015.12.09 15:21:47.081,10.78999,10.79291,0.00,0.00
2015.12.09 15:21:47.196,10.78991,10.79291,0.00,0.00
2015.12.09 15:21:47.348,10.79029,10.79301,0.00,0.00
2015.12.09 15:21:47.550,10.79008,10.79291,0.00,0.00
2015.12.09 15:21:47.651,10.78999,10.79291,0.00,0.00
2015.12.09 15:21:47.752,10.78992,10.79291,0.00,0.00
2015.12.09 15:21:47.817,10.78992,10.79281,0.00,0.00
2015.12.09 15:21:47.867,10.78968,10.79258,0.00,0.00
2015.12.09 15:21:48.053,10.78968,10.79281,0.00,0.00
2015.12.09 15:21:48.561,10.78968,10.79282,0.00,0.00
2015.12.09 15:21:48.611,10.78979,10.79282,0.00,0.00
2015.12.09 15:21:48.784,10.78968,10.79282,0.00,0.00
2015.12.09 15:21:48.986,10.78989,10.79282,0.00,0.00
2015.12.09 15:21:49.497,10.78971,10.79282,0.00,0.00
2015.12.09 15:21:49.625,10.79018,10.79332,0.00,0.00
2015.12.09 15:21:49.879,10.79068,10.79341,0.00,0.00
2015.12.09 15:21:50.081,10.78999,10.79281,0.00,0.00
2015.12.09 15:21:50.131,10.79008,10.79281,0.00,0.00
2015.12.09 15:21:50.182,10.79019,10.79301,0.00,0.00
2015.12.09 15:21:50.534,10.79019,10.79331,0.00,0.00
2015.12.09 15:21:50.740,10.79068,10.7934,0.00,0.00
2015.12.09 15:21:50.841,10.79068,10.79351,0.00,0.00
2015.12.09 15:21:50.992,10.79018,10.79332,0.00,0.00
2015.12.09 15:21:52.861,10.79068,10.79362,0.00,0.00
2015.12.09 15:21:52.912,10.79068,10.79382,0.00,0.00
2015.12.09 15:21:53.127,10.79068,10.79351,0.00,0.00
2015.12.09 15:21:53.722,10.79068,10.7935,0.00,0.00
2015.12.09 15:21:53.863,10.79068,10.7936,0.00,0.00
2015.12.09 15:21:53.964,10.79068,10.79351,0.00,0.00
2015.12.09 15:21:54.277,10.79169,10.79382,0.00,0.00
2015.12.09 15:21:54.328,10.79169,10.7941,0.00,0.00
2015.12.09 15:21:54.547,10.79072,10.79396,0.00,0.00
2015.12.09 15:21:54.597,10.79068,10.79371,0.00,0.00
2015.12.09 15:21:55.264,10.79068,10.7937,0.00,0.00
2015.12.09 15:21:55.593,10.79068,10.79381,0.00,0.00
2015.12.09 15:21:56.154,10.79068,10.7938,0.00,0.00
2015.12.09 15:21:56.319,10.79068,10.79382,0.00,0.00
2015.12.09 15:21:56.774,10.79068,10.79341,0.00,0.00
2015.12.09 15:21:56.825,10.79041,10.79331,0.00,0.00
2015.12.09 15:21:56.876,10.7903,10.79331,0.00,0.00
2015.12.09 15:21:56.977,10.79032,10.79331,0.00,0.00
2015.12.09 15:21:57.107,10.79068,10.79381,0.00,0.00
2015.12.09 15:21:57.614,10.79068,10.79382,0.00,0.00
2015.12.09 15:21:57.891,10.79041,10.79332,0.00,0.00
2015.12.09 15:21:58.194,10.79019,10.79301,0.00,0.00
2015.12.09 15:21:58.397,10.79019,10.79311,0.00,0.00
2015.12.09 15:21:58.901,10.79019,10.7931,0.00,0.00
2015.12.09 15:21:59.486,10.79019,10.79311,0.00,0.00
2015.12.09 15:22:00.708,10.79019,10.7931,0.00,0.00
2015.12.09 15:22:01.264,10.79019,10.79311,0.00,0.00
2015.12.09 15:22:02.222,10.79019,10.79331,0.00,0.00
2015.12.09 15:22:04.078,10.79068,10.7934,0.00,0.00
2015.12.09 15:22:04.129,10.79068,10.79351,0.00,0.00
2015.12.09 15:22:04.180,10.79068,10.79372,0.00,0.00
2015.12.09 15:22:04.281,10.79068,10.79382,0.00,0.00
2015.12.09 15:22:04.832,10.79068,10.7931,0.00,0.00
2015.12.09 15:22:04.983,10.79019,10.7931,0.00,0.00
2015.12.09 15:22:05.084,10.78982,10.79281,0.00,0.00
2015.12.09 15:22:05.607,10.79018,10.79311,0.00,0.00
2015.12.09 15:22:05.658,10.79018,10.79321,0.00,0.00
2015.12.09 15:22:06.060,10.79018,10.79332,0.00,0.00
2015.12.09 15:22:06.840,10.79069,10.79341,0.00,0.00
2015.12.09 15:22:06.941,10.79018,10.79311,0.00,0.00
2015.12.09 15:22:07.454,10.79018,10.7931,0.00,0.00
2015.12.09 15:22:07.505,10.79069,10.7931,0.00,0.00
2015.12.09 15:22:07.555,10.79069,10.7934,0.00,0.00
2015.12.09 15:22:07.606,10.7903,10.79332,0.00,0.00
2015.12.09 15:22:07.657,10.79018,10.7931,0.00,0.00
2015.12.09 15:22:08.244,10.79019,10.79311,0.00,0.00
2015.12.09 15:22:09.048,10.79019,10.7931,0.00,0.00
2015.12.09 15:22:09.200,10.78981,10.79282,0.00,0.00
2015.12.09 15:22:09.301,10.78991,10.79282,0.00,0.00
2015.12.09 15:22:09.553,10.79018,10.7931,0.00,0.00
2015.12.09 15:22:10.141,10.78991,10.79281,0.00,0.00
2015.12.09 15:22:10.192,10.78969,10.79281,0.00,0.00
2015.12.09 15:22:11.071,10.78978,10.79281,0.00,0.00
2015.12.09 15:22:11.372,10.78969,10.79281,0.00,0.00
2015.12.09 15:22:11.473,10.78979,10.79281,0.00,0.00
2015.12.09 15:22:11.575,10.78969,10.79281,0.00,0.00
2015.12.09 15:22:12.888,10.78931,10.79231,0.00,0.00
2015.12.09 15:22:13.191,10.78931,10.7921,0.00,0.00
2015.12.09 15:22:13.493,10.78918,10.79201,0.00,0.00
2015.12.09 15:22:13.647,10.78872,10.79181,0.00,0.00
2015.12.09 15:22:14.039,10.78869,10.79181,0.00,0.00
2015.12.09 15:22:14.090,10.78878,10.79181,0.00,0.00
2015.12.09 15:22:14.265,10.78869,10.79181,0.00,0.00
2015.12.09 15:22:14.366,10.78879,10.79181,0.00,0.00
2015.12.09 15:22:14.670,10.78918,10.7922,0.00,0.00
2015.12.09 15:22:15.178,10.78928,10.79221,0.00,0.00
2015.12.09 15:22:15.472,10.78918,10.79221,0.00,0.00
2015.12.09 15:22:15.523,10.78888,10.79181,0.00,0.00
2015.12.09 15:22:15.573,10.78869,10.79181,0.00,0.00
2015.12.09 15:22:15.765,10.78888,10.79181,0.00,0.00
2015.12.09 15:22:15.967,10.78831,10.79132,0.00,0.00
2015.12.09 15:22:16.068,10.78968,10.79171,0.00,0.00
2015.12.09 15:22:16.267,10.78968,10.7921,0.00,0.00
2015.12.09 15:22:16.318,10.78918,10.79211,0.00,0.00
2015.12.09 15:22:16.920,10.78918,10.7921,0.00,0.00
2015.12.09 15:22:17.303,10.78878,10.79182,0.00,0.00
2015.12.09 15:22:17.630,10.78928,10.79182,0.00,0.00
2015.12.09 15:22:17.681,10.78968,10.79239,0.00,0.00
2015.12.09 15:22:17.833,10.78929,10.79232,0.00,0.00
2015.12.09 15:22:17.934,10.78918,10.79201,0.00,0.00
2015.12.09 15:22:18.136,10.78922,10.79231,0.00,0.00
2015.12.09 15:22:18.288,10.78969,10.79241,0.00,0.00
2015.12.09 15:22:18.339,10.78969,10.79251,0.00,0.00
2015.12.09 15:22:19.227,10.78969,10.7923,0.00,0.00
2015.12.09 15:22:19.328,10.78969,10.79271,0.00,0.00
2015.12.09 15:22:19.832,10.78919,10.7922,0.00,0.00
2015.12.09 15:22:20.135,10.78871,10.79181,0.00,0.00
2015.12.09 15:22:20.236,10.78882,10.79181,0.00,0.00
2015.12.09 15:22:20.431,10.78869,10.79181,0.00,0.00
2015.12.09 15:22:20.532,10.78869,10.7915,0.00,0.00
2015.12.09 15:22:20.947,10.78869,10.79181,0.00,0.00
2015.12.09 15:22:20.998,10.78872,10.79181,0.00,0.00
2015.12.09 15:22:21.343,10.78969,10.79239,0.00,0.00
2015.12.09 15:22:21.393,10.78968,10.79251,0.00,0.00
2015.12.09 15:22:22.129,10.78968,10.7925,0.00,0.00
2015.12.09 15:22:22.414,10.78968,10.79241,0.00,0.00
2015.12.09 15:22:22.960,10.78968,10.79221,0.00,0.00
2015.12.09 15:22:23.643,10.78968,10.7926,0.00,0.00
2015.12.09 15:22:23.745,10.78968,10.79241,0.00,0.00
2015.12.09 15:22:24.248,10.78968,10.79251,0.00,0.00
2015.12.09 15:22:24.448,10.78968,10.7922,0.00,0.00
2015.12.09 15:22:25.103,10.78968,10.79241,0.00,0.00
2015.12.09 15:22:25.456,10.78968,10.79231,0.00,0.00
2015.12.09 15:22:25.957,10.78968,10.7923,0.00,0.00
2015.12.09 15:22:26.604,10.78968,10.7925,0.00,0.00
2015.12.09 15:22:27.105,10.78968,10.79251,0.00,0.00
2015.12.09 15:22:27.268,10.78968,10.79211,0.00,0.00
2015.12.09 15:22:27.319,10.78918,10.79211,0.00,0.00
2015.12.09 15:22:27.559,10.78968,10.79241,0.00,0.00
2015.12.09 15:22:27.610,10.78968,10.7927,0.00,0.00
2015.12.09 15:22:28.177,10.78968,10.79271,0.00,0.00
2015.12.09 15:22:28.377,10.78931,10.79232,0.00,0.00
2015.12.09 15:22:28.428,10.78929,10.79232,0.00,0.00
2015.12.09 15:22:28.478,10.78918,10.7921,0.00,0.00
2015.12.09 15:22:28.889,10.78898,10.79182,0.00,0.00
2015.12.09 15:22:28.955,10.78879,10.79182,0.00,0.00
2015.12.09 15:22:29.057,10.78872,10.79182,0.00,0.00
2015.12.09 15:22:29.158,10.78898,10.79182,0.00,0.00
2015.12.09 15:22:29.259,10.78879,10.79182,0.00,0.00
2015.12.09 15:22:29.360,10.78872,10.79182,0.00,0.00
2015.12.09 15:22:29.543,10.78868,10.79182,0.00,0.00
2015.12.09 15:22:29.593,10.78969,10.792,0.00,0.00
2015.12.09 15:22:29.745,10.78969,10.7925,0.00,0.00
2015.12.09 15:22:30.256,10.78969,10.79251,0.00,0.00
2015.12.09 15:22:31.169,10.78969,10.7925,0.00,0.00
2015.12.09 15:22:31.727,10.78969,10.79251,0.00,0.00
2015.12.09 15:22:32.564,10.78969,10.79231,0.00,0.00
2015.12.09 15:22:33.278,10.78969,10.79251,0.00,0.00
2015.12.09 15:22:34.251,10.78969,10.7925,0.00,0.00
2015.12.09 15:22:34.896,10.79032,10.79251,0.00,0.00
2015.12.09 15:22:34.997,10.79032,10.7933,0.00,0.00
2015.12.09 15:22:35.198,10.79069,10.79331,0.00,0.00
2015.12.09 15:22:35.349,10.79031,10.7933,0.00,0.00
2015.12.09 15:22:35.551,10.79069,10.79341,0.00,0.00
2015.12.09 15:22:36.001,10.79068,10.79361,0.00,0.00
2015.12.09 15:22:36.102,10.79068,10.79382,0.00,0.00
2015.12.09 15:22:37.374,10.79068,10.79351,0.00,0.00
2015.12.09 15:22:37.575,10.79068,10.79361,0.00,0.00
2015.12.09 15:22:38.090,10.79068,10.79382,0.00,0.00
2015.12.09 15:22:39.079,10.79118,10.794,0.00,0.00
2015.12.09 15:22:39.396,10.79168,10.79441,0.00,0.00
2015.12.09 15:22:39.497,10.79131,10.79431,0.00,0.00
2015.12.09 15:22:39.598,10.79122,10.79431,0.00,0.00
2015.12.09 15:22:39.799,10.79131,10.79431,0.00,0.00
2015.12.09 15:22:39.900,10.79171,10.79481,0.00,0.00
2015.12.09 15:22:40.632,10.79192,10.79481,0.00,0.00
2015.12.09 15:22:40.733,10.79169,10.79481,0.00,0.00
2015.12.09 15:22:41.685,10.79191,10.79481,0.00,0.00
2015.12.09 15:22:43.703,10.79191,10.7948,0.00,0.00
2015.12.09 15:22:44.300,10.79191,10.7946,0.00,0.00
2015.12.09 15:22:44.783,10.79191,10.7944,0.00,0.00
2015.12.09 15:22:44.891,10.7916,10.79432,0.00,0.00
2015.12.09 15:22:44.942,10.79122,10.7941,0.00,0.00
2015.12.09 15:22:44.992,10.79101,10.79382,0.00,0.00
2015.12.09 15:22:45.407,10.79131,10.79382,0.00,0.00
2015.12.09 15:22:45.458,10.79131,10.79421,0.00,0.00
2015.12.09 15:22:46.154,10.79131,10.7943,0.00,0.00
2015.12.09 15:22:46.370,10.79171,10.79472,0.00,0.00
2015.12.09 15:22:46.421,10.79168,10.7944,0.00,0.00
2015.12.09 15:22:46.572,10.79131,10.79432,0.00,0.00
2015.12.09 15:22:48.168,10.79171,10.79432,0.00,0.00
2015.12.09 15:22:48.219,10.79171,10.7948,0.00,0.00
2015.12.09 15:22:48.843,10.79171,10.79482,0.00,0.00
2015.12.09 15:22:49.833,10.79231,10.79482,0.00,0.00
2015.12.09 15:22:49.985,10.79231,10.79501,0.00,0.00
2015.12.09 15:22:50.324,10.79231,10.79532,0.00,0.00
2015.12.09 15:22:50.426,10.79231,10.79481,0.00,0.00
2015.12.09 15:22:50.530,10.79192,10.79481,0.00,0.00
2015.12.09 15:22:51.135,10.79272,10.79501,0.00,0.00
2015.12.09 15:22:51.186,10.79272,10.79538,0.00,0.00
2015.12.09 15:22:51.385,10.79272,10.79581,0.00,0.00
2015.12.09 15:22:51.486,10.79282,10.79581,0.00,0.00
2015.12.09 15:22:51.916,10.79282,10.79532,0.00,0.00
2015.12.09 15:22:52.068,10.79232,10.79501,0.00,0.00
2015.12.09 15:22:52.433,10.79232,10.79531,0.00,0.00
2015.12.09 15:22:52.484,10.79269,10.79538,0.00,0.00
2015.12.09 15:22:52.686,10.79232,10.79511,0.00,0.00
2015.12.09 15:22:53.187,10.79232,10.7951,0.00,0.00
2015.12.09 15:22:53.847,10.79269,10.7951,0.00,0.00
2015.12.09 15:22:53.898,10.79269,10.7956,0.00,0.00
2015.12.09 15:22:54.265,10.79231,10.79511,0.00,0.00
2015.12.09 15:22:54.475,10.79269,10.79551,0.00,0.00
2015.12.09 15:22:54.577,10.79269,10.79581,0.00,0.00
2015.12.09 15:22:54.678,10.79269,10.79571,0.00,0.00
2015.12.09 15:22:55.171,10.79269,10.79581,0.00,0.00
2015.12.09 15:22:55.221,10.79271,10.79531,0.00,0.00
2015.12.09 15:22:55.373,10.79219,10.7948,0.00,0.00
2015.12.09 15:22:55.476,10.79191,10.79481,0.00,0.00
2015.12.09 15:22:56.216,10.79221,10.79481,0.00,0.00
2015.12.09 15:22:56.267,10.79221,10.7951,0.00,0.00
2015.12.09 15:22:56.736,10.79239,10.79511,0.00,0.00
2015.12.09 15:22:56.988,10.79231,10.79511,0.00,0.00
2015.12.09 15:22:57.091,10.79268,10.79551,0.00,0.00
2015.12.09 15:22:57.167,10.79268,10.79581,0.00,0.00
2015.12.09 15:22:57.218,10.79271,10.79581,0.00,0.00
2015.12.09 15:22:57.720,10.79271,10.7958,0.00,0.00
2015.12.09 15:22:57.771,10.79271,10.79582,0.00,0.00
2015.12.09 15:22:57.872,10.79271,10.79551,0.00,0.00
2015.12.09 15:22:57.965,10.79268,10.79551,0.00,0.00
2015.12.09 15:22:58.372,10.79268,10.7958,0.00,0.00
2015.12.09 15:22:58.423,10.79272,10.7958,0.00,0.00
2015.12.09 15:22:58.733,10.79291,10.79581,0.00,0.00
2015.12.09 15:22:59.290,10.79291,10.79582,0.00,0.00
2015.12.09 15:22:59.622,10.79272,10.79561,0.00,0.00
2015.12.09 15:23:00.330,10.79272,10.7956,0.00,0.00
2015.12.09 15:23:00.683,10.79272,10.7957,0.00,0.00
2015.12.09 15:23:00.734,10.79282,10.7957,0.00,0.00
2015.12.09 15:23:00.784,10.79282,10.79581,0.00,0.00
2015.12.09 15:23:02.096,10.79282,10.79561,0.00,0.00
2015.12.09 15:23:02.750,10.79282,10.79581,0.00,0.00
2015.12.09 15:23:02.946,10.79292,10.7957,0.00,0.00
2015.12.09 15:23:03.051,10.79292,10.79582,0.00,0.00
2015.12.09 15:23:03.906,10.79291,10.79582,0.00,0.00
2015.12.09 15:23:06.317,10.79292,10.79582,0.00,0.00
2015.12.09 15:23:10.668,10.79319,10.79601,0.00,0.00
2015.12.09 15:23:10.720,10.79319,10.79611,0.00,0.00
2015.12.09 15:23:10.771,10.79331,10.7961,0.00,0.00
2015.12.09 15:23:11.073,10.79331,10.79631,0.00,0.00
2015.12.09 15:23:11.271,10.79331,10.796,0.00,0.00
2015.12.09 15:23:11.321,10.79291,10.79582,0.00,0.00
2015.12.09 15:23:12.059,10.79291,10.7958,0.00,0.00
2015.12.09 15:23:12.541,10.79291,10.79582,0.00,0.00
2015.12.09 15:23:12.767,10.79298,10.79582,0.00,0.00
2015.12.09 15:23:12.824,10.79291,10.79582,0.00,0.00
2015.12.09 15:23:15.331,10.79298,10.79582,0.00,0.00
2015.12.09 15:23:15.432,10.79291,10.79582,0.00,0.00
2015.12.09 15:23:16.384,10.79291,10.7957,0.00,0.00
2015.12.09 15:23:16.485,10.79291,10.7958,0.00,0.00
2015.12.09 15:23:17.052,10.79291,10.79581,0.00,0.00
2015.12.09 15:23:17.563,10.79291,10.79582,0.00,0.00
2015.12.09 15:23:18.090,10.79292,10.79582,0.00,0.00
2015.12.09 15:23:21.294,10.79331,10.79631,0.00,0.00
2015.12.09 15:23:21.800,10.79331,10.79611,0.00,0.00
2015.12.09 15:23:22.042,10.79291,10.79582,0.00,0.00
2015.12.09 15:23:22.517,10.79332,10.79611,0.00,0.00
2015.12.09 15:23:22.786,10.79332,10.79631,0.00,0.00
2015.12.09 15:23:22.974,10.79332,10.79582,0.00,0.00
2015.12.09 15:23:23.171,10.79301,10.79582,0.00,0.00
2015.12.09 15:23:23.222,10.79291,10.79582,0.00,0.00
2015.12.09 15:23:23.379,10.79318,10.79611,0.00,0.00
2015.12.09 15:23:23.430,10.79318,10.7962,0.00,0.00
2015.12.09 15:23:23.531,10.79331,10.79631,0.00,0.00
2015.12.09 15:23:24.189,10.79331,10.7963,0.00,0.00
2015.12.09 15:23:25.102,10.79331,10.79631,0.00,0.00
2015.12.09 15:23:25.404,10.79291,10.79581,0.00,0.00
2015.12.09 15:23:25.734,10.79298,10.79581,0.00,0.00
2015.12.09 15:23:25.785,10.79331,10.7962,0.00,0.00
2015.12.09 15:23:25.836,10.79331,10.7963,0.00,0.00
2015.12.09 15:23:25.937,10.79318,10.7961,0.00,0.00
2015.12.09 15:23:26.317,10.79292,10.79582,0.00,0.00
2015.12.09 15:23:27.004,10.79292,10.7958,0.00,0.00
2015.12.09 15:23:27.313,10.79292,10.79582,0.00,0.00
2015.12.09 15:23:28.193,10.79291,10.7958,0.00,0.00
2015.12.09 15:23:28.243,10.79291,10.79582,0.00,0.00
2015.12.09 15:23:28.436,10.79281,10.79582,0.00,0.00
2015.12.09 15:23:28.486,10.79281,10.79482,0.00,0.00
2015.12.09 15:23:28.587,10.79211,10.7947,0.00,0.00
2015.12.09 15:23:28.944,10.79191,10.7947,0.00,0.00
2015.12.09 15:23:29.225,10.79181,10.7947,0.00,0.00
2015.12.09 15:23:29.525,10.79181,10.7946,0.00,0.00
2015.12.09 15:23:30.026,10.79181,10.79461,0.00,0.00
2015.12.09 15:23:31.737,10.79181,10.79471,0.00,0.00
2015.12.09 15:23:32.282,10.79181,10.7947,0.00,0.00
2015.12.09 15:23:32.746,10.79181,10.79482,0.00,0.00
2015.12.09 15:23:33.440,10.79181,10.7948,0.00,0.00
2015.12.09 15:23:33.742,10.79191,10.79482,0.00,0.00
2015.12.09 15:23:34.144,10.79191,10.79391,0.00,0.00
2015.12.09 15:23:34.195,10.79118,10.79391,0.00,0.00
2015.12.09 15:23:34.296,10.79082,10.79381,0.00,0.00
2015.12.09 15:23:34.880,10.79082,10.7938,0.00,0.00
2015.12.09 15:23:35.425,10.79081,10.7938,0.00,0.00
2015.12.09 15:23:35.579,10.79081,10.79311,0.00,0.00
2015.12.09 15:23:35.879,10.79081,10.79361,0.00,0.00
2015.12.09 15:23:36.182,10.79081,10.79282,0.00,0.00
2015.12.09 15:23:36.283,10.78982,10.7927,0.00,0.00
2015.12.09 15:23:36.785,10.78982,10.79271,0.00,0.00
2015.12.09 15:23:37.317,10.78982,10.7927,0.00,0.00
2015.12.09 15:23:37.900,10.78982,10.79271,0.00,0.00
2015.12.09 15:23:38.059,10.78982,10.79281,0.00,0.00
2015.12.09 15:23:38.597,10.78982,10.7928,0.00,0.00
2015.12.09 15:23:38.963,10.78982,10.79241,0.00,0.00
2015.12.09 15:23:39.313,10.78982,10.79231,0.00,0.00
2015.12.09 15:23:39.565,10.78981,10.79281,0.00,0.00
2015.12.09 15:23:39.616,10.78988,10.79281,0.00,0.00
2015.12.09 15:23:40.210,10.78988,10.79282,0.00,0.00
2015.12.09 15:23:40.317,10.78981,10.79282,0.00,0.00
2015.12.09 15:23:40.770,10.78981,10.7927,0.00,0.00
2015.12.09 15:23:41.073,10.78981,10.7924,0.00,0.00
2015.12.09 15:23:41.604,10.78981,10.79241,0.00,0.00
2015.12.09 15:23:41.673,10.78981,10.79261,0.00,0.00
2015.12.09 15:23:42.375,10.78981,10.7926,0.00,0.00
2015.12.09 15:23:42.879,10.78981,10.79261,0.00,0.00
2015.12.09 15:23:43.715,10.79002,10.79282,0.00,0.00
2015.12.09 15:23:44.020,10.79032,10.79331,0.00,0.00
2015.12.09 15:23:45.738,10.79019,10.79331,0.00,0.00
2015.12.09 15:23:45.789,10.79029,10.79331,0.00,0.00
2015.12.09 15:23:46.041,10.79018,10.79332,0.00,0.00
2015.12.09 15:23:46.192,10.79018,10.793,0.00,0.00
2015.12.09 15:23:46.293,10.78968,10.79282,0.00,0.00
2015.12.09 15:23:46.343,10.79008,10.79282,0.00,0.00
2015.12.09 15:23:46.394,10.79018,10.79321,0.00,0.00
2015.12.09 15:23:46.545,10.79029,10.79321,0.00,0.00
2015.12.09 15:23:46.877,10.79009,10.79282,0.00,0.00
2015.12.09 15:23:47.043,10.78968,10.79282,0.00,0.00
2015.12.09 15:23:47.144,10.79019,10.79291,0.00,0.00
2015.12.09 15:23:47.195,10.79019,10.79311,0.00,0.00
2015.12.09 15:23:47.397,10.79019,10.79282,0.00,0.00
2015.12.09 15:23:47.448,10.78998,10.79282,0.00,0.00
2015.12.09 15:23:47.549,10.78968,10.79282,0.00,0.00
2015.12.09 15:23:47.712,10.79019,10.79331,0.00,0.00
2015.12.09 15:23:52.835,10.79041,10.79331,0.00,0.00
2015.12.09 15:23:52.885,10.79069,10.79371,0.00,0.00
2015.12.09 15:23:52.936,10.79069,10.79381,0.00,0.00
2015.12.09 15:23:53.087,10.79069,10.7933,0.00,0.00
2015.12.09 15:23:53.634,10.79069,10.7936,0.00,0.00
2015.12.09 15:23:53.875,10.79069,10.7935,0.00,0.00
2015.12.09 15:23:53.976,10.79018,10.79301,0.00,0.00
2015.12.09 15:23:54.078,10.79018,10.79281,0.00,0.00
2015.12.09 15:23:54.189,10.78968,10.79282,0.00,0.00
2015.12.09 15:23:54.290,10.79018,10.7931,0.00,0.00
2015.12.09 15:23:54.542,10.78989,10.79282,0.00,0.00
2015.12.09 15:23:54.643,10.79018,10.79321,0.00,0.00
2015.12.09 15:23:54.908,10.79018,10.79332,0.00,0.00
2015.12.09 15:23:55.393,10.78969,10.79281,0.00,0.00
2015.12.09 15:23:56.318,10.78969,10.7927,0.00,0.00
2015.12.09 15:23:56.852,10.78969,10.79271,0.00,0.00
2015.12.09 15:23:57.685,10.78991,10.79271,0.00,0.00
2015.12.09 15:23:57.736,10.79019,10.79301,0.00,0.00
2015.12.09 15:23:57.837,10.79019,10.79331,0.00,0.00
2015.12.09 15:24:00.376,10.79068,10.79341,0.00,0.00
2015.12.09 15:24:00.426,10.79069,10.79358,0.00,0.00
2015.12.09 15:24:00.477,10.79101,10.79381,0.00,0.00
2015.12.09 15:24:00.585,10.79078,10.79381,0.00,0.00
2015.12.09 15:24:00.686,10.79069,10.79381,0.00,0.00
2015.12.09 15:24:01.238,10.79069,10.7937,0.00,0.00
2015.12.09 15:24:01.608,10.79069,10.79361,0.00,0.00
2015.12.09 15:24:02.064,10.79069,10.79371,0.00,0.00
2015.12.09 15:24:02.568,10.79069,10.79331,0.00,0.00
2015.12.09 15:24:02.972,10.79069,10.79351,0.00,0.00
2015.12.09 15:24:03.074,10.79069,10.79381,0.00,0.00
2015.12.09 15:24:04.589,10.79069,10.7938,0.00,0.00
2015.12.09 15:24:04.690,10.79069,10.7937,0.00,0.00
2015.12.09 15:24:04.741,10.7903,10.79332,0.00,0.00
2015.12.09 15:24:04.791,10.79018,10.7928,0.00,0.00
2015.12.09 15:24:04.993,10.78968,10.79281,0.00,0.00
2015.12.09 15:24:05.099,10.78968,10.79271,0.00,0.00
2015.12.09 15:24:05.308,10.78968,10.79281,0.00,0.00
2015.12.09 15:24:05.876,10.78968,10.79282,0.00,0.00
2015.12.09 15:24:06.195,10.78951,10.79191,0.00,0.00
2015.12.09 15:24:06.296,10.78919,10.7919,0.00,0.00
2015.12.09 15:24:06.529,10.78919,10.7921,0.00,0.00
2015.12.09 15:24:06.580,10.78902,10.79181,0.00,0.00
2015.12.09 15:24:06.631,10.78888,10.79181,0.00,0.00
2015.12.09 15:24:06.732,10.78851,10.79131,0.00,0.00
2015.12.09 15:24:06.883,10.78819,10.79101,0.00,0.00
2015.12.09 15:24:06.984,10.78818,10.79121,0.00,0.00
2015.12.09 15:24:07.930,10.78802,10.79081,0.00,0.00
2015.12.09 15:24:08.183,10.78819,10.79111,0.00,0.00
2015.12.09 15:24:08.385,10.78819,10.79121,0.00,0.00
2015.12.09 15:24:09.130,10.78842,10.79121,0.00,0.00
2015.12.09 15:24:09.181,10.78868,10.79161,0.00,0.00
2015.12.09 15:24:09.282,10.78868,10.79151,0.00,0.00
2015.12.09 15:24:09.383,10.78819,10.7911,0.00,0.00
2015.12.09 15:24:09.584,10.78868,10.79151,0.00,0.00
2015.12.09 15:24:09.929,10.78869,10.79111,0.00,0.00
2015.12.09 15:24:09.980,10.78818,10.7911,0.00,0.00
2015.12.09 15:24:10.500,10.78818,10.79111,0.00,0.00
2015.12.09 15:24:10.778,10.78851,10.79111,0.00,0.00
2015.12.09 15:24:10.829,10.78869,10.79181,0.00,0.00
2015.12.09 15:24:10.930,10.78878,10.79181,0.00,0.00
2015.12.09 15:24:11.252,10.78669,10.78971,0.00,0.00
2015.12.09 15:24:11.302,10.78669,10.78981,0.00,0.00
2015.12.09 15:24:11.353,10.78769,10.7899,0.00,0.00
2015.12.09 15:24:11.404,10.78769,10.79,0.00,0.00
2015.12.09 15:24:11.556,10.78718,10.78982,0.00,0.00
2015.12.09 15:24:11.683,10.78698,10.78982,0.00,0.00
2015.12.09 15:24:11.734,10.78708,10.78982,0.00,0.00
2015.12.09 15:24:11.784,10.78719,10.79031,0.00,0.00
2015.12.09 15:24:11.885,10.78719,10.7898,0.00,0.00
2015.12.09 15:24:12.036,10.78671,10.78941,0.00,0.00
2015.12.09 15:24:12.087,10.78679,10.78982,0.00,0.00
2015.12.09 15:24:12.138,10.78701,10.78981,0.00,0.00
2015.12.09 15:24:12.339,10.78719,10.79,0.00,0.00
2015.12.09 15:24:12.591,10.78699,10.78981,0.00,0.00
2015.12.09 15:24:13.016,10.78708,10.78981,0.00,0.00
2015.12.09 15:24:13.124,10.78701,10.78981,0.00,0.00
2015.12.09 15:24:13.244,10.78708,10.78981,0.00,0.00
2015.12.09 15:24:13.510,10.78701,10.78981,0.00,0.00
2015.12.09 15:24:13.561,10.78698,10.78981,0.00,0.00
2015.12.09 15:24:13.951,10.78678,10.78981,0.00,0.00
2015.12.09 15:24:14.281,10.78698,10.78981,0.00,0.00
2015.12.09 15:24:14.617,10.78678,10.78981,0.00,0.00
2015.12.09 15:24:14.712,10.78698,10.78981,0.00,0.00
2015.12.09 15:24:14.813,10.78669,10.78981,0.00,0.00
2015.12.09 15:24:15.013,10.78698,10.78981,0.00,0.00
2015.12.09 15:24:15.317,10.78719,10.78981,0.00,0.00
2015.12.09 15:24:15.415,10.78698,10.78981,0.00,0.00
2015.12.09 15:24:15.516,10.78678,10.78981,0.00,0.00
2015.12.09 15:24:15.617,10.78698,10.78981,0.00,0.00
2015.12.09 15:24:15.921,10.78718,10.78981,0.00,0.00
2015.12.09 15:24:16.124,10.78699,10.78981,0.00,0.00
2015.12.09 15:24:17.106,10.78678,10.78981,0.00,0.00
2015.12.09 15:24:17.157,10.78702,10.78981,0.00,0.00
2015.12.09 15:24:17.208,10.78719,10.79031,0.00,0.00
2015.12.09 15:24:17.258,10.78729,10.79031,0.00,0.00
2015.12.09 15:24:17.524,10.78719,10.79031,0.00,0.00
2015.12.09 15:24:17.848,10.78718,10.78981,0.00,0.00
2015.12.09 15:24:17.949,10.78708,10.78981,0.00,0.00
2015.12.09 15:24:18.054,10.78669,10.78981,0.00,0.00
2015.12.09 15:24:18.155,10.78689,10.78981,0.00,0.00
2015.12.09 15:24:18.206,10.78719,10.79031,0.00,0.00
2015.12.09 15:24:18.256,10.78728,10.79031,0.00,0.00
2015.12.09 15:24:18.577,10.78769,10.79039,0.00,0.00
2015.12.09 15:24:18.774,10.78769,10.79081,0.00,0.00
2015.12.09 15:24:19.629,10.78788,10.79081,0.00,0.00
2015.12.09 15:24:19.883,10.78769,10.79081,0.00,0.00
2015.12.09 15:24:19.934,10.78788,10.79081,0.00,0.00
2015.12.09 15:24:20.261,10.78852,10.79132,0.00,0.00
2015.12.09 15:24:20.472,10.78868,10.79181,0.00,0.00
2015.12.09 15:24:21.012,10.78868,10.79182,0.00,0.00
2015.12.09 15:24:22.156,10.78878,10.79182,0.00,0.00
2015.12.09 15:24:22.414,10.78868,10.79182,0.00,0.00
2015.12.09 15:24:24.146,10.78879,10.79182,0.00,0.00
2015.12.09 15:24:24.247,10.78868,10.79182,0.00,0.00
2015.12.09 15:24:25.171,10.78868,10.79182,0.00,0.00
2015.12.09 15:24:25.474,10.78868,10.7914,0.00,0.00
2015.12.09 15:24:25.727,10.78868,10.79161,0.00,0.00
2015.12.09 15:24:26.280,10.78868,10.7917,0.00,0.00
2015.12.09 15:24:26.404,10.78868,10.7916,0.00,0.00
2015.12.09 15:24:26.737,10.78768,10.79082,0.00,0.00
2015.12.09 15:24:26.889,10.78774,10.79082,0.00,0.00
2015.12.09 15:24:26.956,10.78768,10.79082,0.00,0.00
2015.12.09 15:24:27.460,10.78773,10.79082,0.00,0.00
2015.12.09 15:24:27.510,10.78813,10.79132,0.00,0.00
2015.12.09 15:24:27.813,10.78814,10.78979,0.00,0.00
2015.12.09 15:24:28.037,10.78651,10.78881,0.00,0.00
2015.12.09 15:24:28.088,10.78664,10.7894,0.00,0.00
2015.12.09 15:24:28.189,10.78664,10.78931,0.00,0.00
2015.12.09 15:24:28.413,10.78664,10.78961,0.00,0.00
2015.12.09 15:24:29.501,10.78669,10.7896,0.00,0.00
2015.12.09 15:24:29.717,10.78669,10.78971,0.00,0.00
2015.12.09 15:24:29.768,10.78679,10.78971,0.00,0.00
2015.12.09 15:24:30.196,10.78669,10.7897,0.00,0.00
2015.12.09 15:24:30.480,10.78769,10.78971,0.00,0.00
2015.12.09 15:24:30.688,10.78769,10.79061,0.00,0.00
2015.12.09 15:24:31.123,10.78769,10.79071,0.00,0.00
2015.12.09 15:24:31.389,10.78748,10.79008,0.00,0.00
2015.12.09 15:24:31.490,10.78669,10.7895,0.00,0.00
2015.12.09 15:24:32.045,10.78688,10.78981,0.00,0.00
2015.12.09 15:24:32.096,10.78679,10.78981,0.00,0.00
2015.12.09 15:24:32.147,10.78679,10.78941,0.00,0.00
2015.12.09 15:24:32.204,10.78679,10.78971,0.00,0.00
2015.12.09 15:24:32.307,10.78669,10.78971,0.00,0.00
2015.12.09 15:24:32.729,10.78669,10.78981,0.00,0.00
2015.12.09 15:24:33.455,10.78669,10.7898,0.00,0.00
2015.12.09 15:24:33.811,10.78678,10.78981,0.00,0.00
2015.12.09 15:24:34.025,10.78669,10.78981,0.00,0.00
2015.12.09 15:24:34.126,10.78678,10.78981,0.00,0.00
2015.12.09 15:24:34.499,10.78669,10.78961,0.00,0.00
2015.12.09 15:24:35.036,10.78669,10.78981,0.00,0.00
2015.12.09 15:24:35.449,10.78669,10.78961,0.00,0.00
2015.12.09 15:24:36.650,10.78669,10.7896,0.00,0.00
2015.12.09 15:24:37.105,10.78629,10.78928,0.00,0.00
2015.12.09 15:24:37.155,10.78628,10.7881,0.00,0.00
2015.12.09 15:24:37.206,10.78619,10.7881,0.00,0.00
2015.12.09 15:24:37.257,10.78619,10.78848,0.00,0.00
2015.12.09 15:24:37.308,10.78569,10.78851,0.00,0.00
2015.12.09 15:24:37.513,10.78569,10.7887,0.00,0.00
2015.12.09 15:24:37.563,10.78568,10.78801,0.00,0.00
2015.12.09 15:24:37.614,10.78548,10.78801,0.00,0.00
2015.12.09 15:24:37.665,10.78568,10.7872,0.00,0.00
2015.12.09 15:24:37.917,10.78268,10.78521,0.00,0.00
2015.12.09 15:24:38.018,10.78268,10.78531,0.00,0.00
2015.12.09 15:24:38.119,10.78248,10.78531,0.00,0.00
2015.12.09 15:24:38.219,10.78318,10.78541,0.00,0.00
2015.12.09 15:24:38.270,10.78318,10.78581,0.00,0.00
2015.12.09 15:24:38.321,10.78298,10.78581,0.00,0.00
2015.12.09 15:24:38.371,10.78298,10.78571,0.00,0.00
2015.12.09 15:24:38.523,10.78208,10.78482,0.00,0.00
2015.12.09 15:24:38.624,10.78199,10.78482,0.00,0.00
2015.12.09 15:24:38.819,10.78229,10.78482,0.00,0.00
2015.12.09 15:24:39.122,10.78068,10.78241,0.00,0.00
2015.12.09 15:24:39.172,10.78029,10.78241,0.00,0.00
2015.12.09 15:24:39.223,10.77978,10.78241,0.00,0.00
2015.12.09 15:24:39.274,10.77978,10.78271,0.00,0.00
2015.12.09 15:24:39.324,10.77998,10.78271,0.00,0.00
2015.12.09 15:24:39.375,10.77998,10.78282,0.00,0.00
2015.12.09 15:24:39.476,10.78039,10.78301,0.00,0.00
2015.12.09 15:24:39.778,10.78078,10.78282,0.00,0.00
2015.12.09 15:24:39.829,10.78059,10.78282,0.00,0.00
2015.12.09 15:24:39.994,10.78029,10.78282,0.00,0.00
2015.12.09 15:24:40.114,10.77998,10.78282,0.00,0.00
2015.12.09 15:24:40.215,10.78028,10.78282,0.00,0.00
2015.12.09 15:24:40.316,10.77988,10.78282,0.00,0.00
2015.12.09 15:24:40.415,10.77979,10.78282,0.00,0.00
2015.12.09 15:24:40.516,10.77989,10.78282,0.00,0.00
2015.12.09 15:24:40.818,10.78008,10.78282,0.00,0.00
2015.12.09 15:24:40.871,10.77988,10.78282,0.00,0.00
2015.12.09 15:24:41.223,10.77999,10.78282,0.00,0.00
2015.12.09 15:24:41.573,10.78029,10.78282,0.00,0.00
2015.12.09 15:24:41.624,10.78039,10.78331,0.00,0.00
2015.12.09 15:24:41.725,10.78089,10.78331,0.00,0.00
2015.12.09 15:24:41.826,10.78019,10.78311,0.00,0.00
2015.12.09 15:24:41.926,10.77998,10.78281,0.00,0.00
2015.12.09 15:24:42.078,10.78068,10.78382,0.00,0.00
2015.12.09 15:24:42.129,10.78099,10.78382,0.00,0.00
2015.12.09 15:24:42.427,10.78079,10.78382,0.00,0.00
2015.12.09 15:24:42.528,10.78098,10.78382,0.00,0.00
2015.12.09 15:24:42.729,10.78088,10.78382,0.00,0.00
2015.12.09 15:24:42.830,10.78078,10.78382,0.00,0.00
2015.12.09 15:24:42.931,10.78118,10.78382,0.00,0.00
2015.12.09 15:24:43.468,10.78118,10.78381,0.00,0.00
2015.12.09 15:24:43.534,10.78069,10.78381,0.00,0.00
2015.12.09 15:24:43.934,10.78078,10.78381,0.00,0.00
2015.12.09 15:24:44.236,10.78068,10.78361,0.00,0.00
2015.12.09 15:24:44.736,10.78068,10.78382,0.00,0.00
2015.12.09 15:24:44.887,10.78078,10.78382,0.00,0.00
2015.12.09 15:24:45.456,10.78088,10.78382,0.00,0.00
2015.12.09 15:24:45.962,10.78068,10.78382,0.00,0.00
2015.12.09 15:24:46.338,10.78079,10.78382,0.00,0.00
2015.12.09 15:24:46.517,10.78118,10.78432,0.00,0.00
2015.12.09 15:24:46.567,10.78131,10.78432,0.00,0.00
2015.12.09 15:24:46.668,10.78168,10.78482,0.00,0.00
2015.12.09 15:24:46.719,10.78168,10.78441,0.00,0.00
2015.12.09 15:24:46.975,10.78168,10.7846,0.00,0.00
2015.12.09 15:24:47.277,10.78168,10.7848,0.00,0.00
2015.12.09 15:24:47.500,10.78169,10.78482,0.00,0.00
2015.12.09 15:24:47.726,10.78178,10.78482,0.00,0.00
2015.12.09 15:24:47.978,10.78168,10.78482,0.00,0.00
2015.12.09 15:24:48.505,10.78168,10.78471,0.00,0.00
2015.12.09 15:24:48.583,10.78168,10.78482,0.00,0.00
2015.12.09 15:24:48.787,10.78232,10.78492,0.00,0.00
2015.12.09 15:24:48.838,10.78232,10.7851,0.00,0.00
2015.12.09 15:24:48.889,10.78169,10.78481,0.00,0.00
2015.12.09 15:24:49.100,10.78218,10.78481,0.00,0.00
2015.12.09 15:24:49.310,10.78169,10.78471,0.00,0.00
2015.12.09 15:24:49.605,10.78169,10.78461,0.00,0.00
2015.12.09 15:24:49.995,10.78169,10.7845,0.00,0.00
2015.12.09 15:24:50.314,10.78069,10.78381,0.00,0.00
2015.12.09 15:24:50.415,10.78082,10.78382,0.00,0.00
2015.12.09 15:24:50.516,10.78068,10.78382,0.00,0.00
2015.12.09 15:24:50.821,10.78068,10.78371,0.00,0.00
2015.12.09 15:24:51.024,10.78068,10.78381,0.00,0.00
2015.12.09 15:24:51.226,10.78068,10.7837,0.00,0.00
2015.12.09 15:24:51.529,10.78031,10.78261,0.00,0.00
2015.12.09 15:24:51.630,10.78029,10.7829,0.00,0.00
2015.12.09 15:24:51.681,10.7802,10.7829,0.00,0.00
2015.12.09 15:24:51.732,10.78018,10.78291,0.00,0.00
2015.12.09 15:24:51.833,10.77968,10.78281,0.00,0.00
2015.12.09 15:24:52.297,10.77932,10.78232,0.00,0.00
2015.12.09 15:24:52.499,10.77969,10.7828,0.00,0.00
2015.12.09 15:24:52.903,10.78019,10.78281,0.00,0.00
2015.12.09 15:24:53.054,10.78018,10.78311,0.00,0.00
2015.12.09 15:24:53.381,10.77969,10.78281,0.00,0.00
2015.12.09 15:24:53.482,10.78019,10.78322,0.00,0.00
2015.12.09 15:24:53.650,10.78019,10.78331,0.00,0.00
2015.12.09 15:24:54.284,10.77981,10.78281,0.00,0.00
2015.12.09 15:24:54.385,10.77969,10.7828,0.00,0.00
2015.12.09 15:24:54.873,10.77979,10.78281,0.00,0.00
2015.12.09 15:24:55.187,10.77969,10.78281,0.00,0.00
2015.12.09 15:24:55.338,10.78018,10.78322,0.00,0.00
2015.12.09 15:24:55.388,10.78018,10.78332,0.00,0.00
2015.12.09 15:24:56.252,10.78031,10.78332,0.00,0.00
2015.12.09 15:24:56.310,10.78068,10.78382,0.00,0.00
2015.12.09 15:24:56.462,10.78079,10.78382,0.00,0.00
2015.12.09 15:24:56.764,10.78131,10.78382,0.00,0.00
2015.12.09 15:24:56.815,10.78139,10.78432,0.00,0.00
2015.12.09 15:24:56.916,10.78169,10.78451,0.00,0.00
2015.12.09 15:24:56.968,10.78169,10.78481,0.00,0.00
2015.12.09 15:24:57.018,10.78179,10.78481,0.00,0.00
2015.12.09 15:24:57.220,10.7817,10.78481,0.00,0.00
2015.12.09 15:24:57.715,10.78189,10.78481,0.00,0.00
2015.12.09 15:24:57.917,10.78169,10.78481,0.00,0.00
2015.12.09 15:24:57.968,10.78169,10.78471,0.00,0.00
2015.12.09 15:24:58.275,10.78169,10.78461,0.00,0.00
2015.12.09 15:24:58.678,10.78119,10.78411,0.00,0.00
2015.12.09 15:24:58.854,10.78119,10.7843,0.00,0.00
2015.12.09 15:24:58.904,10.78168,10.7843,0.00,0.00
2015.12.09 15:24:58.955,10.78168,10.78481,0.00,0.00
2015.12.09 15:24:59.056,10.78168,10.7846,0.00,0.00
2015.12.09 15:24:59.973,10.78151,10.78381,0.00,0.00
2015.12.09 15:25:00.074,10.78128,10.78381,0.00,0.00
2015.12.09 15:25:00.125,10.78102,10.78381,0.00,0.00
2015.12.09 15:25:00.176,10.78118,10.7843,0.00,0.00
2015.12.09 15:25:00.559,10.78119,10.78432,0.00,0.00
2015.12.09 15:25:00.873,10.78078,10.7838,0.00,0.00
2015.12.09 15:25:00.925,10.78068,10.7838,0.00,0.00
2015.12.09 15:25:01.129,10.78068,10.78361,0.00,0.00
2015.12.09 15:25:01.782,10.78068,10.7836,0.00,0.00
2015.12.09 15:25:02.563,10.78068,10.78361,0.00,0.00
2015.12.09 15:25:02.936,10.7803,10.78281,0.00,0.00
2015.12.09 15:25:02.987,10.77999,10.78281,0.00,0.00
2015.12.09 15:25:03.038,10.78018,10.78301,0.00,0.00
2015.12.09 15:25:03.089,10.78018,10.7831,0.00,0.00
2015.12.09 15:25:03.190,10.77978,10.78282,0.00,0.00
2015.12.09 15:25:03.241,10.77998,10.78282,0.00,0.00
2015.12.09 15:25:03.342,10.77968,10.78282,0.00,0.00
2015.12.09 15:25:03.443,10.77978,10.78282,0.00,0.00
2015.12.09 15:25:03.544,10.77968,10.78282,0.00,0.00
2015.12.09 15:25:03.758,10.77968,10.7828,0.00,0.00
2015.12.09 15:25:04.080,10.779,10.78,0.00,0.00
2015.12.09 15:25:04.181,10.77827,10.77982,0.00,0.00
2015.12.09 15:25:04.384,10.77852,10.78011,0.00,0.00
2015.12.09 15:25:04.847,10.77669,10.77982,0.00,0.00
2015.12.09 15:25:05.037,10.77689,10.77982,0.00,0.00
2015.12.09 15:25:05.239,10.77668,10.77982,0.00,0.00
2015.12.09 15:25:05.290,10.77668,10.7797,0.00,0.00
2015.12.09 15:25:05.491,10.77629,10.77932,0.00,0.00
2015.12.09 15:25:05.542,10.77658,10.77932,0.00,0.00
2015.12.09 15:25:05.643,10.77618,10.77911,0.00,0.00
2015.12.09 15:25:05.744,10.77568,10.77882,0.00,0.00
2015.12.09 15:25:05.930,10.7762,10.77882,0.00,0.00
2015.12.09 15:25:06.032,10.77678,10.77961,0.00,0.00
2015.12.09 15:25:06.083,10.77669,10.7798,0.00,0.00
2015.12.09 15:25:06.184,10.77679,10.7798,0.00,0.00
2015.12.09 15:25:06.492,10.77688,10.77981,0.00,0.00
2015.12.09 15:25:06.794,10.77729,10.7801,0.00,0.00
2015.12.09 15:25:06.845,10.77718,10.7801,0.00,0.00
2015.12.09 15:25:06.896,10.77769,10.7804,0.00,0.00
2015.12.09 15:25:07.166,10.77799,10.78081,0.00,0.00
2015.12.09 15:25:07.368,10.77788,10.78081,0.00,0.00
2015.12.09 15:25:07.469,10.77798,10.78081,0.00,0.00
2015.12.09 15:25:07.675,10.77769,10.78081,0.00,0.00
2015.12.09 15:25:07.748,10.77798,10.78081,0.00,0.00
2015.12.09 15:25:08.049,10.77779,10.78081,0.00,0.00
2015.12.09 15:25:08.237,10.77769,10.7808,0.00,0.00
2015.12.09 15:25:08.399,10.77778,10.78064,0.00,0.00
2015.12.09 15:25:08.452,10.77769,10.7805,0.00,0.00
2015.12.09 15:25:09.201,10.77769,10.78071,0.00,0.00
2015.12.09 15:25:09.712,10.77769,10.7807,0.00,0.00
2015.12.09 15:25:10.085,10.77769,10.78081,0.00,0.00
2015.12.09 15:25:10.705,10.77769,10.7808,0.00,0.00
2015.12.09 15:25:11.210,10.77769,10.78081,0.00,0.00
2015.12.09 15:25:12.206,10.77769,10.7808,0.00,0.00
2015.12.09 15:25:12.427,10.77769,10.78066,0.00,0.00
2015.12.09 15:25:12.918,10.77769,10.78051,0.00,0.00
2015.12.09 15:25:13.581,10.77769,10.7805,0.00,0.00
2015.12.09 15:25:13.632,10.77769,10.78071,0.00,0.00
2015.12.09 15:25:13.737,10.77769,10.78066,0.00,0.00
2015.12.09 15:25:14.040,10.77769,10.78051,0.00,0.00
2015.12.09 15:25:14.608,10.77769,10.7805,0.00,0.00
2015.12.09 15:25:14.869,10.77769,10.7808,0.00,0.00
2015.12.09 15:25:15.415,10.77811,10.78081,0.00,0.00
2015.12.09 15:25:15.516,10.77838,10.78132,0.00,0.00
2015.12.09 15:25:15.718,10.77868,10.78182,0.00,0.00
2015.12.09 15:25:15.820,10.77868,10.78151,0.00,0.00
2015.12.09 15:25:16.256,10.77868,10.78171,0.00,0.00
2015.12.09 15:25:16.356,10.77918,10.7821,0.00,0.00
2015.12.09 15:25:16.659,10.77929,10.78232,0.00,0.00
2015.12.09 15:25:16.810,10.77968,10.78282,0.00,0.00
2015.12.09 15:25:18.524,10.77968,10.78211,0.00,0.00
2015.12.09 15:25:18.575,10.77921,10.78182,0.00,0.00
2015.12.09 15:25:18.626,10.77868,10.7817,0.00,0.00
2015.12.09 15:25:18.736,10.77868,10.78181,0.00,0.00
2015.12.09 15:25:18.993,10.77868,10.7817,0.00,0.00
2015.12.09 15:25:19.328,10.77818,10.78111,0.00,0.00
2015.12.09 15:25:19.438,10.77768,10.78082,0.00,0.00
2015.12.09 15:25:19.690,10.77818,10.78111,0.00,0.00
2015.12.09 15:25:19.741,10.77818,10.78132,0.00,0.00
2015.12.09 15:25:19.792,10.77848,10.78132,0.00,0.00
2015.12.09 15:25:19.893,10.77868,10.78182,0.00,0.00
2015.12.09 15:25:21.946,10.77868,10.78181,0.00,0.00
2015.12.09 15:25:22.065,10.77953,10.78181,0.00,0.00
2015.12.09 15:25:22.166,10.77953,10.78191,0.00,0.00
2015.12.09 15:25:22.217,10.77953,10.78201,0.00,0.00
2015.12.09 15:25:22.318,10.77953,10.78192,0.00,0.00
2015.12.09 15:25:22.670,10.77953,10.78201,0.00,0.00
2015.12.09 15:25:22.771,10.77953,10.78161,0.00,0.00
2015.12.09 15:25:22.871,10.77858,10.7816,0.00,0.00
2015.12.09 15:25:22.972,10.77858,10.78091,0.00,0.00
2015.12.09 15:25:23.275,10.77858,10.7808,0.00,0.00
2015.12.09 15:25:23.553,10.77858,10.78101,0.00,0.00
2015.12.09 15:25:23.952,10.77858,10.78081,0.00,0.00
2015.12.09 15:25:24.356,10.77858,10.78066,0.00,0.00
2015.12.09 15:25:24.457,10.77858,10.7808,0.00,0.00
2015.12.09 15:25:25.360,10.77858,10.7811,0.00,0.00
2015.12.09 15:25:25.461,10.77858,10.78066,0.00,0.00
2015.12.09 15:25:26.599,10.77858,10.78101,0.00,0.00
2015.12.09 15:25:26.863,10.77858,10.78091,0.00,0.00
2015.12.09 15:25:27.166,10.77809,10.7805,0.00,0.00
2015.12.09 15:25:27.267,10.77758,10.77991,0.00,0.00
2015.12.09 15:25:27.363,10.77758,10.77961,0.00,0.00
2015.12.09 15:25:27.612,10.77758,10.7797,0.00,0.00
2015.12.09 15:25:27.713,10.77758,10.7798,0.00,0.00
2015.12.09 15:25:27.814,10.77758,10.7797,0.00,0.00
2015.12.09 15:25:27.915,10.77758,10.77991,0.00,0.00
2015.12.09 15:25:28.066,10.77758,10.78011,0.00,0.00
2015.12.09 15:25:28.996,10.77758,10.78,0.00,0.00
2015.12.09 15:25:29.321,10.77758,10.77981,0.00,0.00
2015.12.09 15:25:29.974,10.77758,10.7799,0.00,0.00
2015.12.09 15:25:30.074,10.77758,10.78001,0.00,0.00
2015.12.09 15:25:30.611,10.77758,10.78,0.00,0.00
2015.12.09 15:25:30.816,10.77758,10.7798,0.00,0.00
2015.12.09 15:25:31.174,10.77758,10.7797,0.00,0.00
2015.12.09 15:25:31.580,10.77758,10.77991,0.00,0.00
2015.12.09 15:25:31.681,10.77758,10.77961,0.00,0.00
2015.12.09 15:25:31.984,10.77709,10.77809,0.00,0.00
2015.12.09 15:25:32.251,10.77458,10.7769,0.00,0.00
2015.12.09 15:25:32.302,10.77458,10.77671,0.00,0.00
2015.12.09 15:25:32.454,10.7741,10.7767,0.00,0.00
2015.12.09 15:25:32.505,10.77359,10.7751,0.00,0.00
2015.12.09 15:25:32.656,10.77158,10.77431,0.00,0.00
2015.12.09 15:25:32.708,10.77158,10.77421,0.00,0.00
2015.12.09 15:25:33.011,10.77209,10.77401,0.00,0.00
2015.12.09 15:25:33.112,10.77158,10.77411,0.00,0.00
2015.12.09 15:25:33.382,10.77158,10.77361,0.00,0.00
2015.12.09 15:25:33.534,10.77208,10.77451,0.00,0.00
2015.12.09 15:25:33.635,10.77208,10.7747,0.00,0.00
2015.12.09 15:25:33.736,10.77208,10.77491,0.00,0.00
2015.12.09 15:25:33.790,10.77208,10.77511,0.00,0.00
2015.12.09 15:25:33.841,10.77219,10.77511,0.00,0.00
2015.12.09 15:25:34.144,10.77238,10.77422,0.00,0.00
2015.12.09 15:25:34.194,10.77258,10.7751,0.00,0.00
2015.12.09 15:25:34.372,10.77238,10.77511,0.00,0.00
2015.12.09 15:25:34.424,10.77228,10.7751,0.00,0.00
2015.12.09 15:25:34.475,10.77208,10.7751,0.00,0.00
2015.12.09 15:25:34.526,10.77259,10.77538,0.00,0.00
2015.12.09 15:25:34.577,10.77259,10.7754,0.00,0.00
2015.12.09 15:25:34.627,10.77258,10.77491,0.00,0.00
2015.12.09 15:25:34.678,10.77249,10.77491,0.00,0.00
2015.12.09 15:25:34.779,10.77208,10.77491,0.00,0.00
2015.12.09 15:25:34.880,10.77229,10.7749,0.00,0.00
2015.12.09 15:25:35.182,10.77208,10.7751,0.00,0.00
2015.12.09 15:25:35.233,10.77208,10.77471,0.00,0.00
2015.12.09 15:25:35.602,10.77258,10.77511,0.00,0.00
2015.12.09 15:25:35.653,10.77208,10.77511,0.00,0.00
2015.12.09 15:25:35.755,10.77258,10.77511,0.00,0.00
2015.12.09 15:25:36.274,10.77258,10.7751,0.00,0.00
2015.12.09 15:25:36.576,10.77258,10.77501,0.00,0.00
2015.12.09 15:25:36.818,10.77258,10.7751,0.00,0.00
2015.12.09 15:25:37.366,10.77308,10.77511,0.00,0.00
2015.12.09 15:25:37.416,10.77308,10.77581,0.00,0.00
2015.12.09 15:25:37.576,10.77358,10.77581,0.00,0.00
2015.12.09 15:25:37.627,10.77358,10.77591,0.00,0.00
2015.12.09 15:25:37.919,10.77358,10.7758,0.00,0.00
2015.12.09 15:25:38.250,10.77358,10.7757,0.00,0.00
2015.12.09 15:25:38.574,10.77358,10.77541,0.00,0.00
2015.12.09 15:25:38.625,10.77358,10.7759,0.00,0.00
2015.12.09 15:25:38.726,10.77358,10.77571,0.00,0.00
2015.12.09 15:25:39.027,10.77358,10.77561,0.00,0.00
2015.12.09 15:25:39.563,10.77358,10.7756,0.00,0.00
2015.12.09 15:25:39.936,10.77358,10.77571,0.00,0.00
2015.12.09 15:25:40.338,10.77358,10.77591,0.00,0.00
2015.12.09 15:25:40.539,10.77358,10.77611,0.00,0.00
2015.12.09 15:25:40.993,10.77408,10.77701,0.00,0.00
2015.12.09 15:25:41.043,10.77408,10.77678,0.00,0.00
2015.12.09 15:25:41.346,10.77408,10.77671,0.00,0.00
2015.12.09 15:25:41.649,10.77358,10.7756,0.00,0.00
2015.12.09 15:25:42.051,10.77358,10.77581,0.00,0.00
2015.12.09 15:25:42.491,10.77358,10.77601,0.00,0.00
2015.12.09 15:25:42.601,10.77358,10.77581,0.00,0.00
2015.12.09 15:25:43.362,10.77358,10.77521,0.00,0.00
2015.12.09 15:25:43.413,10.77308,10.77521,0.00,0.00
2015.12.09 15:25:43.463,10.77308,10.7751,0.00,0.00
2015.12.09 15:25:43.515,10.77259,10.7751,0.00,0.00
2015.12.09 15:25:44.215,10.77259,10.77511,0.00,0.00
2015.12.09 15:25:44.266,10.77259,10.7749,0.00,0.00
2015.12.09 15:25:44.367,10.77259,10.7751,0.00,0.00
2015.12.09 15:25:44.895,10.77259,10.77471,0.00,0.00
2015.12.09 15:25:45.745,10.77309,10.77471,0.00,0.00
2015.12.09 15:25:45.795,10.77309,10.77511,0.00,0.00
2015.12.09 15:25:45.948,10.77259,10.77511,0.00,0.00
2015.12.09 15:25:45.999,10.7726,10.7754,0.00,0.00
2015.12.09 15:25:46.050,10.77308,10.7754,0.00,0.00
2015.12.09 15:25:46.201,10.77259,10.7751,0.00,0.00
2015.12.09 15:25:46.405,10.77209,10.7744,0.00,0.00
2015.12.09 15:25:46.714,10.77259,10.77411,0.00,0.00
2015.12.09 15:25:46.816,10.77259,10.7748,0.00,0.00
2015.12.09 15:25:47.068,10.77308,10.77481,0.00,0.00
2015.12.09 15:25:47.118,10.77308,10.7751,0.00,0.00
2015.12.09 15:25:47.269,10.77259,10.7751,0.00,0.00
2015.12.09 15:25:47.320,10.77259,10.77481,0.00,0.00
2015.12.09 15:25:47.685,10.77259,10.77471,0.00,0.00
2015.12.09 15:25:47.736,10.77209,10.77471,0.00,0.00
2015.12.09 15:25:47.938,10.77258,10.7749,0.00,0.00
2015.12.09 15:25:48.089,10.77258,10.7751,0.00,0.00
2015.12.09 15:25:48.390,10.77258,10.7747,0.00,0.00
2015.12.09 15:25:48.782,10.77258,10.7746,0.00,0.00
2015.12.09 15:25:48.836,10.77259,10.77511,0.00,0.00
2015.12.09 15:25:48.937,10.77259,10.7748,0.00,0.00
2015.12.09 15:25:49.359,10.77259,10.77471,0.00,0.00
2015.12.09 15:25:49.510,10.77259,10.77501,0.00,0.00
2015.12.09 15:25:50.067,10.77259,10.775,0.00,0.00
2015.12.09 15:25:50.118,10.77309,10.77501,0.00,0.00
2015.12.09 15:25:50.219,10.77309,10.77511,0.00,0.00
2015.12.09 15:25:50.270,10.77259,10.77511,0.00,0.00
2015.12.09 15:25:50.695,10.77308,10.7751,0.00,0.00
2015.12.09 15:25:50.745,10.77308,10.77541,0.00,0.00
2015.12.09 15:25:51.336,10.77308,10.7754,0.00,0.00
2015.12.09 15:25:51.437,10.77358,10.7751,0.00,0.00
2015.12.09 15:25:51.656,10.77259,10.7751,0.00,0.00
2015.12.09 15:25:52.188,10.77259,10.77511,0.00,0.00
2015.12.09 15:25:52.865,10.77309,10.77511,0.00,0.00
2015.12.09 15:25:53.218,10.77259,10.77511,0.00,0.00
2015.12.09 15:25:53.780,10.77308,10.77511,0.00,0.00
2015.12.09 15:25:54.169,10.77258,10.7751,0.00,0.00
2015.12.09 15:25:54.425,10.77258,10.77461,0.00,0.00
2015.12.09 15:25:55.068,10.77309,10.77501,0.00,0.00
2015.12.09 15:25:55.169,10.77309,10.77532,0.00,0.00
2015.12.09 15:25:55.221,10.77309,10.7754,0.00,0.00
2015.12.09 15:25:55.422,10.77258,10.77531,0.00,0.00
2015.12.09 15:25:55.626,10.77258,10.77511,0.00,0.00
2015.12.09 15:25:55.928,10.77258,10.775,0.00,0.00
2015.12.09 15:25:56.246,10.77258,10.7748,0.00,0.00
2015.12.09 15:25:56.297,10.7721,10.7748,0.00,0.00
2015.12.09 15:25:56.347,10.77209,10.77401,0.00,0.00
2015.12.09 15:25:56.398,10.77158,10.77401,0.00,0.00
2015.12.09 15:25:56.549,10.77158,10.77411,0.00,0.00
2015.12.09 15:25:56.600,10.77158,10.77402,0.00,0.00
2015.12.09 15:25:56.701,10.77158,10.77411,0.00,0.00
2015.12.09 15:25:57.338,10.77158,10.7741,0.00,0.00
2015.12.09 15:25:57.939,10.77158,10.77411,0.00,0.00
2015.12.09 15:25:58.542,10.77158,10.7741,0.00,0.00
2015.12.09 15:25:59.144,10.77158,10.77411,0.00,0.00
2015.12.09 15:25:59.726,10.77158,10.7741,0.00,0.00
2015.12.09 15:25:59.949,10.77158,10.77311,0.00,0.00
2015.12.09 15:26:00.050,10.77109,10.7731,0.00,0.00
2015.12.09 15:26:00.151,10.77058,10.77311,0.00,0.00
2015.12.09 15:26:00.896,10.77009,10.77271,0.00,0.00
2015.12.09 15:26:00.948,10.76968,10.77221,0.00,0.00
2015.12.09 15:26:01.251,10.76859,10.77111,0.00,0.00
2015.12.09 15:26:01.302,10.76818,10.77132,0.00,0.00
2015.12.09 15:26:01.352,10.76822,10.77132,0.00,0.00
2015.12.09 15:26:01.454,10.76819,10.77131,0.00,0.00
2015.12.09 15:26:01.787,10.76768,10.77082,0.00,0.00
2015.12.09 15:26:02.197,10.76782,10.77082,0.00,0.00
2015.12.09 15:26:02.298,10.76818,10.77132,0.00,0.00
2015.12.09 15:26:02.449,10.76868,10.77131,0.00,0.00
2015.12.09 15:26:02.500,10.76868,10.7717,0.00,0.00
2015.12.09 15:26:02.903,10.76868,10.7716,0.00,0.00
2015.12.09 15:26:03.007,10.76818,10.7712,0.00,0.00
2015.12.09 15:26:03.116,10.76869,10.7712,0.00,0.00
2015.12.09 15:26:03.324,10.76869,10.77171,0.00,0.00
2015.12.09 15:26:03.376,10.76869,10.77121,0.00,0.00
2015.12.09 15:26:03.477,10.76869,10.7717,0.00,0.00
2015.12.09 15:26:03.881,10.76859,10.77132,0.00,0.00
2015.12.09 15:26:04.033,10.76768,10.77061,0.00,0.00
2015.12.09 15:26:04.084,10.7677,10.77082,0.00,0.00
2015.12.09 15:26:04.185,10.76768,10.77081,0.00,0.00
2015.12.09 15:26:04.712,10.76768,10.77082,0.00,0.00
2015.12.09 15:26:04.763,10.76779,10.77082,0.00,0.00
2015.12.09 15:26:04.980,10.76768,10.7708,0.00,0.00
2015.12.09 15:26:05.282,10.76768,10.77082,0.00,0.00
2015.12.09 15:26:05.332,10.76779,10.77082,0.00,0.00
2015.12.09 15:26:05.616,10.76768,10.77082,0.00,0.00
2015.12.09 15:26:06.003,10.7677,10.77082,0.00,0.00
2015.12.09 15:26:06.305,10.76829,10.77082,0.00,0.00
2015.12.09 15:26:06.356,10.76808,10.77082,0.00,0.00
2015.12.09 15:26:06.457,10.76768,10.77081,0.00,0.00
2015.12.09 15:26:06.507,10.76868,10.77152,0.00,0.00
2015.12.09 15:26:06.658,10.76868,10.77181,0.00,0.00
2015.12.09 15:26:07.191,10.76869,10.77181,0.00,0.00
2015.12.09 15:26:07.242,10.76868,10.77151,0.00,0.00
2015.12.09 15:26:07.503,10.76868,10.77171,0.00,0.00
2015.12.09 15:26:07.554,10.76898,10.77171,0.00,0.00
2015.12.09 15:26:07.806,10.76868,10.77151,0.00,0.00
2015.12.09 15:26:07.993,10.76868,10.77171,0.00,0.00
2015.12.09 15:26:08.044,10.76889,10.77171,0.00,0.00
2015.12.09 15:26:08.195,10.7692,10.77232,0.00,0.00
2015.12.09 15:26:08.246,10.76979,10.77232,0.00,0.00
2015.12.09 15:26:08.347,10.76969,10.77232,0.00,0.00
2015.12.09 15:26:08.547,10.76978,10.77282,0.00,0.00
2015.12.09 15:26:08.649,10.76968,10.77282,0.00,0.00
2015.12.09 15:26:08.897,10.76968,10.7728,0.00,0.00
2015.12.09 15:26:08.998,10.76968,10.77282,0.00,0.00
2015.12.09 15:26:09.049,10.76968,10.77232,0.00,0.00
2015.12.09 15:26:09.251,10.76929,10.77232,0.00,0.00
2015.12.09 15:26:09.302,10.76969,10.77271,0.00,0.00
2015.12.09 15:26:09.604,10.76978,10.77281,0.00,0.00
2015.12.09 15:26:09.998,10.76988,10.77281,0.00,0.00
2015.12.09 15:26:10.255,10.76969,10.77281,0.00,0.00
2015.12.09 15:26:10.306,10.76969,10.77251,0.00,0.00
2015.12.09 15:26:10.762,10.76988,10.7725,0.00,0.00
2015.12.09 15:26:10.864,10.76969,10.7725,0.00,0.00
2015.12.09 15:26:10.915,10.76969,10.7728,0.00,0.00
2015.12.09 15:26:11.339,10.76969,10.77271,0.00,0.00
2015.12.09 15:26:11.834,10.76969,10.77281,0.00,0.00
2015.12.09 15:26:13.240,10.77018,10.77311,0.00,0.00
2015.12.09 15:26:13.290,10.77029,10.77331,0.00,0.00
2015.12.09 15:26:13.341,10.77032,10.77332,0.00,0.00
2015.12.09 15:26:13.442,10.77068,10.77382,0.00,0.00
2015.12.09 15:26:13.957,10.77142,10.77382,0.00,0.00
2015.12.09 15:26:14.159,10.77219,10.77531,0.00,0.00
2015.12.09 15:26:14.310,10.77232,10.7753,0.00,0.00
2015.12.09 15:26:14.512,10.77268,10.7757,0.00,0.00
2015.12.09 15:26:14.613,10.77268,10.77582,0.00,0.00
2015.12.09 15:26:15.014,10.77268,10.7756,0.00,0.00
2015.12.09 15:26:15.216,10.77318,10.77631,0.00,0.00
2015.12.09 15:26:15.409,10.7733,10.77581,0.00,0.00
2015.12.09 15:26:15.460,10.77269,10.77581,0.00,0.00
2015.12.09 15:26:16.115,10.77241,10.77551,0.00,0.00
2015.12.09 15:26:16.216,10.77319,10.77628,0.00,0.00
2015.12.09 15:26:16.267,10.77319,10.77621,0.00,0.00
2015.12.09 15:26:16.418,10.77268,10.77582,0.00,0.00
2015.12.09 15:26:17.367,10.77351,10.77582,0.00,0.00
2015.12.09 15:26:17.418,10.77351,10.77611,0.00,0.00
2015.12.09 15:26:17.523,10.77351,10.77632,0.00,0.00
2015.12.09 15:26:17.773,10.77368,10.77682,0.00,0.00
2015.12.09 15:26:18.301,10.77368,10.77681,0.00,0.00
2015.12.09 15:26:18.477,10.77411,10.77681,0.00,0.00
2015.12.09 15:26:18.628,10.77368,10.77682,0.00,0.00
2015.12.09 15:26:19.374,10.77352,10.77631,0.00,0.00
2015.12.09 15:26:19.481,10.77319,10.7761,0.00,0.00
2015.12.09 15:26:19.704,10.77268,10.77582,0.00,0.00
2015.12.09 15:26:19.755,10.77279,10.77582,0.00,0.00
2015.12.09 15:26:19.856,10.77318,10.77632,0.00,0.00
2015.12.09 15:26:19.957,10.77339,10.77642,0.00,0.00
2015.12.09 15:26:20.159,10.77374,10.77691,0.00,0.00
2015.12.09 15:26:23.100,10.77412,10.77691,0.00,0.00
2015.12.09 15:26:23.252,10.77479,10.77791,0.00,0.00
2015.12.09 15:26:24.260,10.77461,10.77741,0.00,0.00
2015.12.09 15:26:24.361,10.77439,10.77739,0.00,0.00
2015.12.09 15:26:24.412,10.77462,10.77741,0.00,0.00
2015.12.09 15:26:24.462,10.77478,10.77761,0.00,0.00
2015.12.09 15:26:24.513,10.77478,10.77731,0.00,0.00
2015.12.09 15:26:24.614,10.77478,10.77792,0.00,0.00
2015.12.09 15:26:25.016,10.77478,10.77782,0.00,0.00
2015.12.09 15:26:25.214,10.77478,10.77792,0.00,0.00
2015.12.09 15:26:26.022,10.77478,10.77782,0.00,0.00
2015.12.09 15:26:26.218,10.77478,10.77792,0.00,0.00
2015.12.09 15:26:26.571,10.77478,10.77771,0.00,0.00
2015.12.09 15:26:26.773,10.77478,10.77781,0.00,0.00
2015.12.09 15:26:26.823,10.77478,10.77741,0.00,0.00
2015.12.09 15:26:26.924,10.77478,10.77792,0.00,0.00
2015.12.09 15:26:27.386,10.77478,10.77772,0.00,0.00
2015.12.09 15:26:27.735,10.77478,10.77781,0.00,0.00
2015.12.09 15:26:27.786,10.77478,10.77772,0.00,0.00
2015.12.09 15:26:28.094,10.77461,10.77611,0.00,0.00
2015.12.09 15:26:28.146,10.77429,10.77611,0.00,0.00
2015.12.09 15:26:28.254,10.77429,10.77622,0.00,0.00
2015.12.09 15:26:28.305,10.77439,10.77731,0.00,0.00
2015.12.09 15:26:28.366,10.77439,10.77709,0.00,0.00
2015.12.09 15:26:28.417,10.77389,10.77661,0.00,0.00
2015.12.09 15:26:28.478,10.77379,10.7765,0.00,0.00
2015.12.09 15:26:28.730,10.77351,10.77642,0.00,0.00
2015.12.09 15:26:28.831,10.77328,10.77642,0.00,0.00
2015.12.09 15:26:29.041,10.77378,10.77642,0.00,0.00
2015.12.09 15:26:29.092,10.77378,10.77651,0.00,0.00
2015.12.09 15:26:29.207,10.77378,10.77692,0.00,0.00
2015.12.09 15:26:29.790,10.77378,10.77681,0.00,0.00
2015.12.09 15:26:30.094,10.77378,10.77671,0.00,0.00
2015.12.09 15:26:30.743,10.77378,10.77681,0.00,0.00
2015.12.09 15:26:31.198,10.77378,10.7769,0.00,0.00
2015.12.09 15:26:31.311,10.77378,10.77671,0.00,0.00
2015.12.09 15:26:31.642,10.77378,10.7766,0.00,0.00
2015.12.09 15:26:32.009,10.77378,10.7768,0.00,0.00
2015.12.09 15:26:32.684,10.77448,10.77681,0.00,0.00
2015.12.09 15:26:32.734,10.77448,10.77709,0.00,0.00
2015.12.09 15:26:32.785,10.77452,10.77711,0.00,0.00
2015.12.09 15:26:32.836,10.77452,10.77742,0.00,0.00
2015.12.09 15:26:32.899,10.77452,10.77762,0.00,0.00
2015.12.09 15:26:32.949,10.77549,10.7777,0.00,0.00
2015.12.09 15:26:33.267,10.77549,10.77741,0.00,0.00
2015.12.09 15:26:33.318,10.77549,10.77781,0.00,0.00
2015.12.09 15:26:33.469,10.77498,10.77781,0.00,0.00
2015.12.09 15:26:33.519,10.77498,10.7774,0.00,0.00
2015.12.09 15:26:34.172,10.77498,10.77741,0.00,0.00
2015.12.09 15:26:34.554,10.77549,10.7774,0.00,0.00
2015.12.09 15:26:34.656,10.77549,10.77762,0.00,0.00
2015.12.09 15:26:34.757,10.77549,10.77791,0.00,0.00
2015.12.09 15:26:34.858,10.77549,10.77801,0.00,0.00
2015.12.09 15:26:35.013,10.77549,10.77772,0.00,0.00
2015.12.09 15:26:35.120,10.77498,10.7774,0.00,0.00
2015.12.09 15:26:35.332,10.77548,10.7776,0.00,0.00
2015.12.09 15:26:35.435,10.77499,10.77732,0.00,0.00
2015.12.09 15:26:35.507,10.77499,10.77741,0.00,0.00
2015.12.09 15:26:35.772,10.77549,10.77741,0.00,0.00
2015.12.09 15:26:35.923,10.77498,10.77741,0.00,0.00
2015.12.09 15:26:35.974,10.77498,10.77709,0.00,0.00
2015.12.09 15:26:36.025,10.77399,10.77651,0.00,0.00
2015.12.09 15:26:36.125,10.77399,10.7761,0.00,0.00
2015.12.09 15:26:36.448,10.77349,10.77571,0.00,0.00
2015.12.09 15:26:36.510,10.77349,10.77591,0.00,0.00
2015.12.09 15:26:36.838,10.77349,10.77572,0.00,0.00
2015.12.09 15:26:37.239,10.77349,10.77591,0.00,0.00
2015.12.09 15:26:37.358,10.77349,10.77581,0.00,0.00
2015.12.09 15:26:37.727,10.77349,10.77562,0.00,0.00
2015.12.09 15:26:38.045,10.77298,10.77492,0.00,0.00
2015.12.09 15:26:38.095,10.77249,10.77492,0.00,0.00
2015.12.09 15:26:38.146,10.77249,10.77511,0.00,0.00
2015.12.09 15:26:38.216,10.77249,10.77492,0.00,0.00
2015.12.09 15:26:38.524,10.77249,10.77461,0.00,0.00
2015.12.09 15:26:39.027,10.77249,10.77481,0.00,0.00
2015.12.09 15:26:39.534,10.77219,10.77462,0.00,0.00
2015.12.09 15:26:39.584,10.77151,10.77371,0.00,0.00
2015.12.09 15:26:39.635,10.77148,10.77371,0.00,0.00
2015.12.09 15:26:39.786,10.77148,10.77331,0.00,0.00
2015.12.09 15:26:39.887,10.77148,10.7734,0.00,0.00
2015.12.09 15:26:39.953,10.77148,10.77351,0.00,0.00
2015.12.09 15:26:40.799,10.77148,10.7735,0.00,0.00
2015.12.09 15:26:41.000,10.77148,10.774,0.00,0.00
2015.12.09 15:26:41.101,10.77148,10.77391,0.00,0.00
2015.12.09 15:26:41.202,10.77148,10.774,0.00,0.00
2015.12.09 15:26:41.303,10.77169,10.77421,0.00,0.00
2015.12.09 15:26:41.550,10.77198,10.77459,0.00,0.00
2015.12.09 15:26:41.701,10.77198,10.7744,0.00,0.00
2015.12.09 15:26:41.965,10.77149,10.774,0.00,0.00
2015.12.09 15:26:42.076,10.77149,10.77391,0.00,0.00
2015.12.09 15:26:42.496,10.77148,10.7741,0.00,0.00
2015.12.09 15:26:42.680,10.77148,10.7738,0.00,0.00
2015.12.09 15:26:43.299,10.77148,10.77381,0.00,0.00
2015.12.09 15:26:43.601,10.77198,10.77421,0.00,0.00
2015.12.09 15:26:43.669,10.77198,10.7744,0.00,0.00
2015.12.09 15:26:43.781,10.77219,10.77501,0.00,0.00
2015.12.09 15:26:43.831,10.77248,10.77501,0.00,0.00
2015.12.09 15:26:43.882,10.77248,10.7751,0.00,0.00
2015.12.09 15:26:44.382,10.77248,10.775,0.00,0.00
2015.12.09 15:26:44.583,10.77248,10.77509,0.00,0.00
2015.12.09 15:26:44.684,10.77248,10.77511,0.00,0.00
2015.12.09 15:26:44.936,10.77219,10.77461,0.00,0.00
2015.12.09 15:26:45.243,10.77148,10.77381,0.00,0.00
2015.12.09 15:26:45.779,10.77148,10.7739,0.00,0.00
2015.12.09 15:26:45.979,10.77148,10.77381,0.00,0.00
2015.12.09 15:26:46.386,10.77098,10.77311,0.00,0.00
2015.12.09 15:26:46.589,10.77049,10.77311,0.00,0.00
2015.12.09 15:26:46.683,10.77049,10.773,0.00,0.00
2015.12.09 15:26:46.991,10.76948,10.77211,0.00,0.00
2015.12.09 15:26:47.811,10.76948,10.7721,0.00,0.00
2015.12.09 15:26:47.912,10.76999,10.77241,0.00,0.00
2015.12.09 15:26:48.164,10.76968,10.77211,0.00,0.00
2015.12.09 15:26:48.265,10.76949,10.77211,0.00,0.00
2015.12.09 15:26:49.198,10.76999,10.77211,0.00,0.00
2015.12.09 15:26:49.299,10.77019,10.77292,0.00,0.00
2015.12.09 15:26:49.350,10.77019,10.77311,0.00,0.00
2015.12.09 15:26:49.451,10.77049,10.77311,0.00,0.00
2015.12.09 15:26:49.698,10.77069,10.77341,0.00,0.00
2015.12.09 15:26:49.749,10.77098,10.77341,0.00,0.00
2015.12.09 15:26:50.102,10.77098,10.77359,0.00,0.00
2015.12.09 15:26:50.312,10.77059,10.77281,0.00,0.00
2015.12.09 15:26:50.363,10.77048,10.77281,0.00,0.00
2015.12.09 15:26:50.413,10.77048,10.77261,0.00,0.00
2015.12.09 15:26:50.514,10.77049,10.77279,0.00,0.00
2015.12.09 15:26:50.716,10.77049,10.77281,0.00,0.00
2015.12.09 15:26:50.920,10.77049,10.77301,0.00,0.00
2015.12.09 15:26:51.454,10.77049,10.773,0.00,0.00
2015.12.09 15:26:52.107,10.77049,10.77301,0.00,0.00
2015.12.09 15:26:52.988,10.77049,10.7726,0.00,0.00
2015.12.09 15:26:53.291,10.77098,10.77381,0.00,0.00
2015.12.09 15:26:53.342,10.77098,10.77349,0.00,0.00
2015.12.09 15:26:53.659,10.77048,10.7728,0.00,0.00
2015.12.09 15:26:53.969,10.77048,10.77261,0.00,0.00
2015.12.09 15:26:54.019,10.77048,10.77292,0.00,0.00
2015.12.09 15:26:54.070,10.77048,10.773,0.00,0.00
2015.12.09 15:26:54.121,10.77048,10.77309,0.00,0.00
2015.12.09 15:26:54.305,10.77099,10.77322,0.00,0.00
2015.12.09 15:26:54.356,10.77099,10.7734,0.00,0.00
2015.12.09 15:26:54.473,10.7707,10.7734,0.00,0.00
2015.12.09 15:26:54.523,10.77048,10.7731,0.00,0.00
2015.12.09 15:26:54.826,10.76999,10.77211,0.00,0.00
2015.12.09 15:26:55.027,10.76999,10.7726,0.00,0.00
2015.12.09 15:26:55.442,10.77048,10.773,0.00,0.00
2015.12.09 15:26:55.744,10.76998,10.7723,0.00,0.00
2015.12.09 15:26:55.795,10.7697,10.7723,0.00,0.00
2015.12.09 15:26:55.846,10.77019,10.77241,0.00,0.00
2015.12.09 15:26:55.947,10.76978,10.77271,0.00,0.00
2015.12.09 15:26:56.048,10.76978,10.77231,0.00,0.00
2015.12.09 15:26:56.150,10.76939,10.77231,0.00,0.00
2015.12.09 15:26:56.251,10.76929,10.77241,0.00,0.00
2015.12.09 15:26:56.783,10.76978,10.77258,0.00,0.00
2015.12.09 15:26:56.885,10.76978,10.77292,0.00,0.00
2015.12.09 15:26:57.036,10.76959,10.77161,0.00,0.00
2015.12.09 15:26:57.087,10.76938,10.77161,0.00,0.00
2015.12.09 15:26:57.138,10.76938,10.77181,0.00,0.00
2015.12.09 15:26:57.189,10.76928,10.77181,0.00,0.00
2015.12.09 15:26:57.240,10.76889,10.77191,0.00,0.00
2015.12.09 15:26:57.341,10.7689,10.7716,0.00,0.00
2015.12.09 15:26:57.664,10.76809,10.7697,0.00,0.00
2015.12.09 15:26:57.715,10.76679,10.7697,0.00,0.00
2015.12.09 15:26:57.766,10.76679,10.76981,0.00,0.00
2015.12.09 15:26:57.917,10.76641,10.76942,0.00,0.00
2015.12.09 15:26:58.220,10.76578,10.7688,0.00,0.00
2015.12.09 15:26:58.371,10.76578,10.76871,0.00,0.00
2015.12.09 15:26:58.728,10.76578,10.7684,0.00,0.00
2015.12.09 15:26:59.358,10.76578,10.76861,0.00,0.00
2015.12.09 15:26:59.645,10.76578,10.7683,0.00,0.00
2015.12.09 15:26:59.846,10.76578,10.76881,0.00,0.00
2015.12.09 15:27:00.151,10.76578,10.76811,0.00,0.00
2015.12.09 15:27:00.202,10.76529,10.76811,0.00,0.00
2015.12.09 15:27:00.303,10.76478,10.76792,0.00,0.00
2015.12.09 15:27:00.510,10.76529,10.76792,0.00,0.00
2015.12.09 15:27:00.711,10.76579,10.76861,0.00,0.00
2015.12.09 15:27:00.973,10.76579,10.76871,0.00,0.00
2015.12.09 15:27:01.085,10.76579,10.76891,0.00,0.00
2015.12.09 15:27:01.316,10.76628,10.76911,0.00,0.00
2015.12.09 15:27:01.417,10.76628,10.76942,0.00,0.00
2015.12.09 15:27:01.468,10.76639,10.76942,0.00,0.00
2015.12.09 15:27:01.568,10.76674,10.7699,0.00,0.00
2015.12.09 15:27:01.921,10.76683,10.76991,0.00,0.00
2015.12.09 15:27:02.237,10.76679,10.76991,0.00,0.00
2015.12.09 15:27:02.288,10.76724,10.77029,0.00,0.00
2015.12.09 15:27:02.355,10.76724,10.77041,0.00,0.00
2015.12.09 15:27:02.873,10.76793,10.77051,0.00,0.00
2015.12.09 15:27:03.613,10.76749,10.77041,0.00,0.00
2015.12.09 15:27:03.676,10.76765,10.7704,0.00,0.00
2015.12.09 15:27:03.977,10.76793,10.77041,0.00,0.00
2015.12.09 15:27:04.079,10.76793,10.77061,0.00,0.00
2015.12.09 15:27:04.821,10.76793,10.77039,0.00,0.00
2015.12.09 15:27:04.872,10.76748,10.77011,0.00,0.00
2015.12.09 15:27:05.289,10.76699,10.76921,0.00,0.00
2015.12.09 15:27:05.719,10.7667,10.7696,0.00,0.00
2015.12.09 15:27:05.770,10.7667,10.76938,0.00,0.00
2015.12.09 15:27:06.092,10.76648,10.76911,0.00,0.00
2015.12.09 15:27:06.443,10.76648,10.769,0.00,0.00
2015.12.09 15:27:06.944,10.76648,10.76921,0.00,0.00
2015.12.09 15:27:07.198,10.76659,10.7692,0.00,0.00
2015.12.09 15:27:07.746,10.76659,10.76921,0.00,0.00
2015.12.09 15:27:08.146,10.76659,10.76911,0.00,0.00
2015.12.09 15:27:08.508,10.76709,10.76911,0.00,0.00
2015.12.09 15:27:08.559,10.76758,10.77001,0.00,0.00
2015.12.09 15:27:08.704,10.76758,10.77011,0.00,0.00
2015.12.09 15:27:09.148,10.76758,10.77001,0.00,0.00
2015.12.09 15:27:09.529,10.76758,10.7697,0.00,0.00
2015.12.09 15:27:09.833,10.76709,10.76921,0.00,0.00
2015.12.09 15:27:09.884,10.76659,10.76921,0.00,0.00
2015.12.09 15:27:09.985,10.76758,10.7692,0.00,0.00
2015.12.09 15:27:10.036,10.76758,10.76939,0.00,0.00
2015.12.09 15:27:10.087,10.76758,10.76961,0.00,0.00
2015.12.09 15:27:10.238,10.76758,10.7701,0.00,0.00
2015.12.09 15:27:10.340,10.76758,10.77031,0.00,0.00
2015.12.09 15:27:10.441,10.76808,10.77041,0.00,0.00
2015.12.09 15:27:10.753,10.76859,10.77091,0.00,0.00
2015.12.09 15:27:11.002,10.76859,10.77111,0.00,0.00
2015.12.09 15:27:11.053,10.76859,10.7706,0.00,0.00
2015.12.09 15:27:11.154,10.76859,10.77111,0.00,0.00
2015.12.09 15:27:11.205,10.76908,10.77111,0.00,0.00
2015.12.09 15:27:11.255,10.76908,10.77139,0.00,0.00
2015.12.09 15:27:11.306,10.76908,10.7719,0.00,0.00
2015.12.09 15:27:11.357,10.76908,10.7713,0.00,0.00
2015.12.09 15:27:11.944,10.77041,10.77162,0.00,0.00
2015.12.09 15:27:12.045,10.76969,10.77241,0.00,0.00
2015.12.09 15:27:12.230,10.77059,10.7726,0.00,0.00
2015.12.09 15:27:12.393,10.77019,10.77261,0.00,0.00
2015.12.09 15:27:12.896,10.77019,10.7726,0.00,0.00
2015.12.09 15:27:12.947,10.76969,10.7723,0.00,0.00
2015.12.09 15:27:13.185,10.76919,10.77231,0.00,0.00
2015.12.09 15:27:14.148,10.76919,10.77201,0.00,0.00
2015.12.09 15:27:14.523,10.76968,10.77201,0.00,0.00
2015.12.09 15:27:14.574,10.76968,10.77231,0.00,0.00
2015.12.09 15:27:14.675,10.76918,10.7723,0.00,0.00
2015.12.09 15:27:15.461,10.76918,10.77231,0.00,0.00
2015.12.09 15:27:15.862,10.76929,10.77232,0.00,0.00
2015.12.09 15:27:16.203,10.76918,10.77191,0.00,0.00
2015.12.09 15:27:16.547,10.76918,10.7715,0.00,0.00
2015.12.09 15:27:16.747,10.76918,10.7717,0.00,0.00
2015.12.09 15:27:16.855,10.76918,10.77191,0.00,0.00
2015.12.09 15:27:17.250,10.76918,10.77211,0.00,0.00
2015.12.09 15:27:17.476,10.76918,10.77201,0.00,0.00
2015.12.09 15:27:18.190,10.76918,10.772,0.00,0.00
2015.12.09 15:27:18.492,10.76918,10.7719,0.00,0.00
2015.12.09 15:27:18.659,10.76929,10.77232,0.00,0.00
2015.12.09 15:27:18.710,10.76968,10.77241,0.00,0.00
2015.12.09 15:27:19.217,10.76968,10.7724,0.00,0.00
2015.12.09 15:27:19.558,10.76968,10.7723,0.00,0.00
2015.12.09 15:27:19.662,10.76918,10.77231,0.00,0.00
2015.12.09 15:27:19.718,10.76918,10.77222,0.00,0.00
2015.12.09 15:27:19.819,10.76918,10.77231,0.00,0.00
2015.12.09 15:27:20.364,10.76918,10.77232,0.00,0.00
2015.12.09 15:27:20.415,10.76952,10.77232,0.00,0.00
2015.12.09 15:27:20.867,10.77019,10.77291,0.00,0.00
2015.12.09 15:27:21.021,10.76979,10.77281,0.00,0.00
2015.12.09 15:27:21.071,10.76969,10.77261,0.00,0.00
2015.12.09 15:27:21.466,10.77018,10.7729,0.00,0.00
2015.12.09 15:27:22.168,10.77018,10.77291,0.00,0.00
2015.12.09 15:27:22.669,10.77018,10.7729,0.00,0.00
2015.12.09 15:27:23.272,10.77018,10.77291,0.00,0.00
2015.12.09 15:27:23.475,10.77018,10.77301,0.00,0.00
2015.12.09 15:27:23.835,10.77018,10.77291,0.00,0.00
2015.12.09 15:27:24.087,10.76969,10.77252,0.00,0.00
2015.12.09 15:27:24.138,10.76969,10.77261,0.00,0.00
2015.12.09 15:27:24.189,10.77018,10.77272,0.00,0.00
2015.12.09 15:27:24.240,10.77018,10.77291,0.00,0.00
2015.12.09 15:27:24.477,10.77018,10.77309,0.00,0.00
2015.12.09 15:27:25.063,10.77018,10.7731,0.00,0.00
2015.12.09 15:27:25.215,10.77018,10.77312,0.00,0.00
2015.12.09 15:27:25.266,10.77018,10.77318,0.00,0.00
2015.12.09 15:27:25.685,10.77018,10.77261,0.00,0.00
2015.12.09 15:27:25.786,10.77018,10.7728,0.00,0.00
2015.12.09 15:27:26.133,10.77018,10.77261,0.00,0.00
2015.12.09 15:27:26.288,10.77018,10.77281,0.00,0.00
2015.12.09 15:27:26.490,10.77018,10.77301,0.00,0.00
2015.12.09 15:27:27.286,10.77018,10.77271,0.00,0.00
2015.12.09 15:27:27.732,10.77018,10.77251,0.00,0.00
2015.12.09 15:27:27.833,10.77018,10.77271,0.00,0.00
2015.12.09 15:27:28.035,10.77018,10.77291,0.00,0.00
2015.12.09 15:27:28.208,10.77018,10.77261,0.00,0.00
2015.12.09 15:27:28.588,10.77018,10.77301,0.00,0.00
2015.12.09 15:27:29.213,10.77018,10.77311,0.00,0.00
2015.12.09 15:27:29.665,10.77068,10.7731,0.00,0.00
2015.12.09 15:27:29.715,10.77068,10.77361,0.00,0.00
2015.12.09 15:27:30.143,10.77039,10.77331,0.00,0.00
2015.12.09 15:27:30.244,10.77019,10.77321,0.00,0.00
2015.12.09 15:27:30.350,10.77019,10.77301,0.00,0.00
2015.12.09 15:27:30.669,10.77019,10.77281,0.00,0.00
2015.12.09 15:27:30.720,10.77019,10.7729,0.00,0.00
2015.12.09 15:27:30.922,10.76952,10.772,0.00,0.00
2015.12.09 15:27:30.973,10.76938,10.772,0.00,0.00
2015.12.09 15:27:31.143,10.76918,10.772,0.00,0.00
2015.12.09 15:27:31.245,10.76918,10.77191,0.00,0.00
2015.12.09 15:27:31.346,10.76918,10.77201,0.00,0.00
2015.12.09 15:27:31.463,10.76918,10.77211,0.00,0.00
2015.12.09 15:27:31.522,10.76929,10.77232,0.00,0.00
2015.12.09 15:27:31.573,10.76968,10.77239,0.00,0.00
2015.12.09 15:27:31.624,10.76968,10.77241,0.00,0.00
2015.12.09 15:27:31.725,10.76919,10.7722,0.00,0.00
2015.12.09 15:27:31.775,10.76948,10.7722,0.00,0.00
2015.12.09 15:27:31.876,10.76919,10.77221,0.00,0.00
2015.12.09 15:27:32.128,10.76969,10.77241,0.00,0.00
2015.12.09 15:27:32.469,10.77018,10.77241,0.00,0.00
2015.12.09 15:27:32.628,10.77018,10.77261,0.00,0.00
2015.12.09 15:27:33.213,10.77018,10.7726,0.00,0.00
2015.12.09 15:27:33.832,10.7702,10.77269,0.00,0.00
2015.12.09 15:27:33.882,10.77068,10.77269,0.00,0.00
2015.12.09 15:27:33.933,10.77068,10.77281,0.00,0.00
2015.12.09 15:27:34.135,10.77068,10.77271,0.00,0.00
2015.12.09 15:27:34.437,10.77068,10.7726,0.00,0.00
2015.12.09 15:27:34.740,10.77018,10.77231,0.00,0.00
2015.12.09 15:27:34.841,10.77018,10.7722,0.00,0.00
2015.12.09 15:27:34.993,10.76969,10.77221,0.00,0.00
2015.12.09 15:27:35.389,10.77018,10.77221,0.00,0.00
2015.12.09 15:27:35.540,10.76968,10.7722,0.00,0.00
2015.12.09 15:27:36.565,10.76968,10.77221,0.00,0.00
2015.12.09 15:27:37.224,10.76968,10.77171,0.00,0.00
2015.12.09 15:27:37.494,10.76768,10.77011,0.00,0.00
2015.12.09 15:27:38.150,10.76768,10.77021,0.00,0.00
2015.12.09 15:27:38.854,10.76768,10.7702,0.00,0.00
2015.12.09 15:27:39.363,10.76768,10.77021,0.00,0.00
2015.12.09 15:27:39.456,10.76768,10.77011,0.00,0.00
2015.12.09 15:27:39.660,10.76768,10.7702,0.00,0.00
2015.12.09 15:27:39.758,10.7677,10.77048,0.00,0.00
2015.12.09 15:27:39.809,10.76819,10.77048,0.00,0.00
2015.12.09 15:27:39.910,10.76819,10.7706,0.00,0.00
2015.12.09 15:27:40.015,10.76808,10.7706,0.00,0.00
2015.12.09 15:27:40.066,10.76789,10.77031,0.00,0.00
2015.12.09 15:27:40.167,10.76768,10.7702,0.00,0.00
2015.12.09 15:27:40.260,10.76768,10.77011,0.00,0.00
2015.12.09 15:27:40.363,10.76768,10.7702,0.00,0.00
2015.12.09 15:27:40.685,10.76818,10.7707,0.00,0.00
2015.12.09 15:27:41.021,10.76868,10.77071,0.00,0.00
2015.12.09 15:27:41.185,10.76868,10.77091,0.00,0.00
2015.12.09 15:27:41.365,10.76818,10.7703,0.00,0.00
2015.12.09 15:27:41.668,10.76868,10.77031,0.00,0.00
2015.12.09 15:27:41.769,10.76868,10.7707,0.00,0.00
2015.12.09 15:27:41.920,10.76818,10.7707,0.00,0.00
2015.12.09 15:27:42.431,10.76818,10.77071,0.00,0.00
2015.12.09 15:27:42.644,10.76769,10.77042,0.00,0.00
2015.12.09 15:27:42.825,10.76728,10.77042,0.00,0.00
2015.12.09 15:27:43.340,10.76729,10.77042,0.00,0.00
2015.12.09 15:27:43.492,10.76749,10.77042,0.00,0.00
2015.12.09 15:27:43.717,10.76778,10.77081,0.00,0.00
2015.12.09 15:27:43.825,10.76778,10.7709,0.00,0.00
2015.12.09 15:27:44.084,10.76768,10.77041,0.00,0.00
2015.12.09 15:27:44.184,10.76749,10.77031,0.00,0.00
2015.12.09 15:27:44.301,10.76698,10.76991,0.00,0.00
2015.12.09 15:27:44.603,10.76679,10.76991,0.00,0.00
2015.12.09 15:27:44.680,10.76698,10.76991,0.00,0.00
2015.12.09 15:27:45.038,10.76709,10.76991,0.00,0.00
2015.12.09 15:27:45.088,10.76688,10.76991,0.00,0.00
2015.12.09 15:27:45.189,10.76709,10.76991,0.00,0.00
2015.12.09 15:27:45.312,10.76689,10.76991,0.00,0.00
2015.12.09 15:27:45.483,10.76698,10.76991,0.00,0.00
2015.12.09 15:27:45.806,10.76718,10.76991,0.00,0.00
2015.12.09 15:27:45.920,10.76679,10.76991,0.00,0.00
2015.12.09 15:27:46.228,10.76688,10.76991,0.00,0.00
2015.12.09 15:27:46.288,10.76679,10.76991,0.00,0.00
2015.12.09 15:27:46.736,10.76688,10.76991,0.00,0.00
2015.12.09 15:27:46.941,10.76778,10.77092,0.00,0.00
2015.12.09 15:27:47.384,10.76751,10.77041,0.00,0.00
2015.12.09 15:27:47.539,10.76779,10.77078,0.00,0.00
2015.12.09 15:27:47.590,10.76779,10.7703,0.00,0.00
2015.12.09 15:27:47.641,10.76779,10.77061,0.00,0.00
2015.12.09 15:27:47.743,10.76779,10.77031,0.00,0.00
2015.12.09 15:27:47.844,10.76731,10.76991,0.00,0.00
2015.12.09 15:27:47.895,10.76748,10.76991,0.00,0.00
2015.12.09 15:27:47.996,10.7674,10.76991,0.00,0.00
2015.12.09 15:27:48.047,10.76729,10.77031,0.00,0.00
2015.12.09 15:27:48.400,10.76739,10.7703,0.00,0.00
2015.12.09 15:27:49.043,10.76729,10.7703,0.00,0.00
2015.12.09 15:27:49.393,10.76779,10.7703,0.00,0.00
2015.12.09 15:27:49.544,10.76779,10.77081,0.00,0.00
2015.12.09 15:27:50.045,10.76779,10.7708,0.00,0.00
2015.12.09 15:27:50.230,10.76779,10.77091,0.00,0.00
2015.12.09 15:27:50.505,10.76789,10.77091,0.00,0.00
2015.12.09 15:27:50.830,10.76798,10.77091,0.00,0.00
2015.12.09 15:27:51.325,10.76788,10.77091,0.00,0.00
2015.12.09 15:27:52.110,10.76779,10.77091,0.00,0.00
2015.12.09 15:27:52.515,10.76799,10.77091,0.00,0.00
2015.12.09 15:27:52.711,10.76779,10.77091,0.00,0.00
2015.12.09 15:27:53.112,10.76788,10.77091,0.00,0.00
2015.12.09 15:27:53.213,10.76779,10.77091,0.00,0.00
2015.12.09 15:27:53.264,10.76779,10.77081,0.00,0.00
2015.12.09 15:27:53.606,10.76779,10.7703,0.00,0.00
2015.12.09 15:27:53.764,10.76728,10.77031,0.00,0.00
2015.12.09 15:27:53.966,10.76751,10.77042,0.00,0.00
2015.12.09 15:27:54.167,10.76691,10.76992,0.00,0.00
2015.12.09 15:27:54.218,10.76718,10.76992,0.00,0.00
2015.12.09 15:27:54.319,10.76729,10.77041,0.00,0.00
2015.12.09 15:27:54.565,10.76738,10.7704,0.00,0.00
2015.12.09 15:27:55.110,10.76738,10.77041,0.00,0.00
2015.12.09 15:27:55.161,10.76729,10.77041,0.00,0.00
2015.12.09 15:27:55.216,10.76748,10.77041,0.00,0.00
2015.12.09 15:27:55.517,10.76729,10.77041,0.00,0.00
2015.12.09 15:27:55.618,10.76751,10.77041,0.00,0.00
2015.12.09 15:27:55.668,10.76779,10.77091,0.00,0.00
2015.12.09 15:27:55.719,10.76789,10.77091,0.00,0.00
2015.12.09 15:27:56.084,10.76779,10.7705,0.00,0.00
2015.12.09 15:27:56.254,10.76779,10.77061,0.00,0.00
2015.12.09 15:27:56.363,10.76779,10.77091,0.00,0.00
2015.12.09 15:27:56.464,10.76789,10.77091,0.00,0.00
2015.12.09 15:27:56.622,10.76779,10.77091,0.00,0.00
2015.12.09 15:27:56.723,10.76789,10.77091,0.00,0.00
2015.12.09 15:27:57.229,10.76779,10.77091,0.00,0.00
2015.12.09 15:27:57.280,10.76828,10.77108,0.00,0.00
2015.12.09 15:27:57.381,10.76828,10.77122,0.00,0.00
2015.12.09 15:27:57.432,10.76828,10.77141,0.00,0.00
2015.12.09 15:27:58.067,10.76828,10.77142,0.00,0.00
2015.12.09 15:27:59.823,10.76802,10.77091,0.00,0.00
2015.12.09 15:28:00.053,10.76779,10.77091,0.00,0.00
2015.12.09 15:28:00.255,10.76788,10.77091,0.00,0.00
2015.12.09 15:28:00.406,10.7683,10.77141,0.00,0.00
2015.12.09 15:28:00.457,10.76878,10.77142,0.00,0.00
2015.12.09 15:28:00.507,10.76878,10.77192,0.00,0.00
2015.12.09 15:28:00.558,10.76898,10.77192,0.00,0.00
2015.12.09 15:28:00.875,10.76878,10.77192,0.00,0.00
2015.12.09 15:28:00.975,10.76893,10.77192,0.00,0.00
2015.12.09 15:28:01.469,10.76878,10.77192,0.00,0.00
2015.12.09 15:28:01.941,10.76893,10.77192,0.00,0.00
2015.12.09 15:28:02.193,10.76889,10.77192,0.00,0.00
2015.12.09 15:28:02.533,10.76862,10.77141,0.00,0.00
2015.12.09 15:28:02.585,10.76831,10.77141,0.00,0.00
2015.12.09 15:28:02.635,10.76846,10.77141,0.00,0.00
2015.12.09 15:28:02.737,10.76873,10.7719,0.00,0.00
2015.12.09 15:28:03.093,10.76873,10.77192,0.00,0.00
2015.12.09 15:28:04.123,10.76851,10.77142,0.00,0.00
2015.12.09 15:28:04.224,10.76828,10.77121,0.00,0.00
2015.12.09 15:28:04.325,10.76828,10.77101,0.00,0.00
2015.12.09 15:28:04.426,10.76778,10.77092,0.00,0.00
2015.12.09 15:28:04.729,10.76801,10.77092,0.00,0.00
2015.12.09 15:28:04.780,10.76829,10.77131,0.00,0.00
2015.12.09 15:28:04.999,10.76839,10.77141,0.00,0.00
2015.12.09 15:28:05.059,10.76879,10.77192,0.00,0.00
2015.12.09 15:28:05.160,10.76889,10.77192,0.00,0.00
2015.12.09 15:28:05.458,10.76878,10.77192,0.00,0.00
2015.12.09 15:28:06.563,10.76879,10.77192,0.00,0.00
2015.12.09 15:28:06.614,10.76899,10.77192,0.00,0.00
2015.12.09 15:28:06.915,10.76929,10.7712,0.00,0.00
2015.12.09 15:28:06.965,10.76888,10.7712,0.00,0.00
2015.12.09 15:28:07.016,10.76888,10.7711,0.00,0.00
2015.12.09 15:28:07.066,10.76879,10.7711,0.00,0.00
2015.12.09 15:28:07.117,10.76879,10.7712,0.00,0.00
2015.12.09 15:28:07.218,10.76828,10.77111,0.00,0.00
2015.12.09 15:28:07.857,10.76828,10.7711,0.00,0.00
2015.12.09 15:28:08.059,10.76828,10.77121,0.00,0.00
2015.12.09 15:28:08.123,10.76828,10.77131,0.00,0.00
2015.12.09 15:28:08.174,10.76878,10.77131,0.00,0.00
2015.12.09 15:28:08.224,10.76878,10.77159,0.00,0.00
2015.12.09 15:28:08.275,10.76878,10.7717,0.00,0.00
2015.12.09 15:28:08.781,10.76878,10.77171,0.00,0.00
2015.12.09 15:28:09.529,10.76878,10.7717,0.00,0.00
2015.12.09 15:28:09.630,10.76929,10.7717,0.00,0.00
2015.12.09 15:28:09.732,10.76878,10.77131,0.00,0.00
2015.12.09 15:28:09.933,10.76929,10.77191,0.00,0.00
2015.12.09 15:28:09.984,10.76929,10.772,0.00,0.00
2015.12.09 15:28:10.535,10.76929,10.77201,0.00,0.00
2015.12.09 15:28:10.851,10.76929,10.7721,0.00,0.00
2015.12.09 15:28:11.355,10.76929,10.77211,0.00,0.00
2015.12.09 15:28:11.657,10.76929,10.77221,0.00,0.00
2015.12.09 15:28:12.364,10.76929,10.7723,0.00,0.00
2015.12.09 15:28:12.954,10.76929,10.77231,0.00,0.00
2015.12.09 15:28:13.005,10.76899,10.77192,0.00,0.00
2015.12.09 15:28:13.307,10.76828,10.77121,0.00,0.00
2015.12.09 15:28:13.689,10.76828,10.77118,0.00,0.00
2015.12.09 15:28:13.904,10.76828,10.77121,0.00,0.00
2015.12.09 15:28:14.285,10.76828,10.77071,0.00,0.00
2015.12.09 15:28:14.894,10.76828,10.7709,0.00,0.00
2015.12.09 15:28:15.761,10.76828,10.77101,0.00,0.00
2015.12.09 15:28:15.862,10.76928,10.77101,0.00,0.00
2015.12.09 15:28:15.995,10.76928,10.7713,0.00,0.00
2015.12.09 15:28:16.103,10.76839,10.7713,0.00,0.00
2015.12.09 15:28:16.205,10.76828,10.7713,0.00,0.00
2015.12.09 15:28:16.566,10.76828,10.77091,0.00,0.00
2015.12.09 15:28:16.768,10.76828,10.77101,0.00,0.00
2015.12.09 15:28:16.869,10.76928,10.77129,0.00,0.00
2015.12.09 15:28:16.935,10.76928,10.77172,0.00,0.00
2015.12.09 15:28:16.985,10.76928,10.77131,0.00,0.00
2015.12.09 15:28:17.086,10.76879,10.7713,0.00,0.00
2015.12.09 15:28:17.618,10.76881,10.77131,0.00,0.00
2015.12.09 15:28:17.669,10.76929,10.77199,0.00,0.00
2015.12.09 15:28:17.720,10.76929,10.77182,0.00,0.00
2015.12.09 15:28:17.963,10.76898,10.77192,0.00,0.00
2015.12.09 15:28:18.013,10.76878,10.77131,0.00,0.00
2015.12.09 15:28:18.221,10.76828,10.77131,0.00,0.00
2015.12.09 15:28:18.789,10.76828,10.7713,0.00,0.00
2015.12.09 15:28:19.334,10.76828,10.77131,0.00,0.00
2015.12.09 15:28:19.536,10.76878,10.77131,0.00,0.00
2015.12.09 15:28:19.587,10.76878,10.77152,0.00,0.00
2015.12.09 15:28:19.638,10.76878,10.77161,0.00,0.00
2015.12.09 15:28:20.180,10.76878,10.7716,0.00,0.00
2015.12.09 15:28:20.828,10.76878,10.77161,0.00,0.00
2015.12.09 15:28:21.384,10.76878,10.7716,0.00,0.00
2015.12.09 15:28:21.627,10.76839,10.77142,0.00,0.00
2015.12.09 15:28:21.802,10.76879,10.7715,0.00,0.00
2015.12.09 15:28:22.152,10.76879,10.77131,0.00,0.00
2015.12.09 15:28:22.203,10.76829,10.7713,0.00,0.00
2015.12.09 15:28:22.473,10.76878,10.77131,0.00,0.00
2015.12.09 15:28:22.523,10.76878,10.77151,0.00,0.00
2015.12.09 15:28:22.639,10.76878,10.7717,0.00,0.00
2015.12.09 15:28:22.790,10.7689,10.77192,0.00,0.00
2015.12.09 15:28:22.892,10.76928,10.77191,0.00,0.00
2015.12.09 15:28:22.943,10.76928,10.77231,0.00,0.00
2015.12.09 15:28:23.581,10.76928,10.7719,0.00,0.00
2015.12.09 15:28:24.195,10.76928,10.77191,0.00,0.00
2015.12.09 15:28:24.332,10.76928,10.77201,0.00,0.00
2015.12.09 15:28:24.483,10.76979,10.77201,0.00,0.00
2015.12.09 15:28:24.534,10.76979,10.7723,0.00,0.00
2015.12.09 15:28:24.685,10.76928,10.77231,0.00,0.00
2015.12.09 15:28:25.124,10.76978,10.7723,0.00,0.00
2015.12.09 15:28:25.234,10.7699,10.77281,0.00,0.00
2015.12.09 15:28:25.335,10.77029,10.77331,0.00,0.00
2015.12.09 15:28:25.903,10.77029,10.7733,0.00,0.00
2015.12.09 15:28:26.645,10.77029,10.77341,0.00,0.00
2015.12.09 15:28:27.006,10.77078,10.7739,0.00,0.00
2015.12.09 15:28:27.308,10.77128,10.77409,0.00,0.00
2015.12.09 15:28:27.359,10.77128,10.77411,0.00,0.00
2015.12.09 15:28:27.460,10.77089,10.77379,0.00,0.00
2015.12.09 15:28:27.511,10.77079,10.7732,0.00,0.00
2015.12.09 15:28:27.662,10.77028,10.7731,0.00,0.00
2015.12.09 15:28:27.763,10.77039,10.77331,0.00,0.00
2015.12.09 15:28:27.864,10.77079,10.77331,0.00,0.00
2015.12.09 15:28:27.914,10.77079,10.77341,0.00,0.00
2015.12.09 15:28:28.098,10.77079,10.77371,0.00,0.00
2015.12.09 15:28:28.149,10.77129,10.77371,0.00,0.00
2015.12.09 15:28:28.211,10.77129,10.77391,0.00,0.00
2015.12.09 15:28:28.334,10.77129,10.7738,0.00,0.00
2015.12.09 15:28:28.637,10.77129,10.77371,0.00,0.00
2015.12.09 15:28:28.738,10.77129,10.7738,0.00,0.00
2015.12.09 15:28:28.839,10.77129,10.77391,0.00,0.00
2015.12.09 15:28:29.570,10.77079,10.77368,0.00,0.00
2015.12.09 15:28:29.621,10.77028,10.77331,0.00,0.00
2015.12.09 15:28:29.817,10.77028,10.7732,0.00,0.00
2015.12.09 15:28:30.254,10.77028,10.77331,0.00,0.00
2015.12.09 15:28:30.772,10.77028,10.7733,0.00,0.00
2015.12.09 15:28:30.822,10.77028,10.77321,0.00,0.00
2015.12.09 15:28:31.149,10.77028,10.77311,0.00,0.00
2015.12.09 15:28:31.469,10.77028,10.7732,0.00,0.00
2015.12.09 15:28:31.570,10.77028,10.77331,0.00,0.00
2015.12.09 15:28:31.620,10.77128,10.77331,0.00,0.00
2015.12.09 15:28:31.671,10.77128,10.77392,0.00,0.00
2015.12.09 15:28:31.772,10.77128,10.77408,0.00,0.00
2015.12.09 15:28:32.103,10.77128,10.7741,0.00,0.00
2015.12.09 15:28:32.631,10.77128,10.77411,0.00,0.00
2015.12.09 15:28:32.732,10.7709,10.7734,0.00,0.00
2015.12.09 15:28:32.842,10.77079,10.7734,0.00,0.00
2015.12.09 15:28:32.952,10.77089,10.77341,0.00,0.00
2015.12.09 15:28:33.283,10.77029,10.77331,0.00,0.00
2015.12.09 15:28:33.799,10.77079,10.77331,0.00,0.00
2015.12.09 15:28:33.850,10.77079,10.77361,0.00,0.00
2015.12.09 15:28:34.148,10.77048,10.77311,0.00,0.00
2015.12.09 15:28:34.258,10.77028,10.77311,0.00,0.00
2015.12.09 15:28:34.488,10.77028,10.7728,0.00,0.00
2015.12.09 15:28:34.790,10.76928,10.7722,0.00,0.00
2015.12.09 15:28:35.067,10.76928,10.7719,0.00,0.00
2015.12.09 15:28:35.291,10.76928,10.77231,0.00,0.00
2015.12.09 15:28:36.293,10.77028,10.77291,0.00,0.00
2015.12.09 15:28:36.496,10.77028,10.77309,0.00,0.00
2015.12.09 15:28:36.600,10.77028,10.77311,0.00,0.00
2015.12.09 15:28:37.266,10.77028,10.77281,0.00,0.00
2015.12.09 15:28:37.600,10.76979,10.77231,0.00,0.00
2015.12.09 15:28:37.701,10.77028,10.77281,0.00,0.00
2015.12.09 15:28:38.368,10.77028,10.7729,0.00,0.00
2015.12.09 15:28:38.419,10.7699,10.7729,0.00,0.00
2015.12.09 15:28:38.470,10.76978,10.7722,0.00,0.00
2015.12.09 15:28:38.557,10.76978,10.77231,0.00,0.00
2015.12.09 15:28:39.074,10.77028,10.77299,0.00,0.00
2015.12.09 15:28:39.125,10.77028,10.77301,0.00,0.00
2015.12.09 15:28:39.303,10.77028,10.77308,0.00,0.00
2015.12.09 15:28:39.404,10.77028,10.77321,0.00,0.00
2015.12.09 15:28:39.863,10.77028,10.77331,0.00,0.00
2015.12.09 15:28:40.412,10.77028,10.7733,0.00,0.00
2015.12.09 15:28:40.613,10.77028,10.77321,0.00,0.00
2015.12.09 15:28:40.915,10.77129,10.77361,0.00,0.00
2015.12.09 15:28:40.966,10.77078,10.77361,0.00,0.00
2015.12.09 15:28:41.017,10.77078,10.77331,0.00,0.00
2015.12.09 15:28:41.067,10.77039,10.77331,0.00,0.00
2015.12.09 15:28:41.118,10.77028,10.77331,0.00,0.00
2015.12.09 15:28:41.310,10.77129,10.77381,0.00,0.00
2015.12.09 15:28:41.972,10.77089,10.77369,0.00,0.00
2015.12.09 15:28:42.073,10.77079,10.7736,0.00,0.00
2015.12.09 15:28:42.594,10.77079,10.77361,0.00,0.00
2015.12.09 15:28:43.251,10.77079,10.7736,0.00,0.00
2015.12.09 15:28:43.920,10.77128,10.77369,0.00,0.00
2015.12.09 15:28:43.970,10.77128,10.7738,0.00,0.00
2015.12.09 15:28:44.021,10.77128,10.77401,0.00,0.00
2015.12.09 15:28:44.462,10.77089,10.77392,0.00,0.00
2015.12.09 15:28:44.513,10.77078,10.77361,0.00,0.00
2015.12.09 15:28:45.364,10.77128,10.77361,0.00,0.00
2015.12.09 15:28:45.415,10.77128,10.77409,0.00,0.00
2015.12.09 15:28:45.473,10.77171,10.77421,0.00,0.00
2015.12.09 15:28:45.524,10.77171,10.77431,0.00,0.00
2015.12.09 15:28:45.702,10.77128,10.77431,0.00,0.00
2015.12.09 15:28:45.753,10.77139,10.77441,0.00,0.00
2015.12.09 15:28:46.202,10.77178,10.7745,0.00,0.00
2015.12.09 15:28:46.920,10.77229,10.77521,0.00,0.00
2015.12.09 15:28:47.305,10.77278,10.7753,0.00,0.00
2015.12.09 15:28:47.458,10.77228,10.77531,0.00,0.00
2015.12.09 15:28:47.943,10.77231,10.7753,0.00,0.00
2015.12.09 15:28:48.709,10.77231,10.77531,0.00,0.00
2015.12.09 15:28:49.038,10.77228,10.77491,0.00,0.00
2015.12.09 15:28:49.201,10.77228,10.775,0.00,0.00
2015.12.09 15:28:49.536,10.77228,10.77511,0.00,0.00
2015.12.09 15:28:50.037,10.77228,10.7752,0.00,0.00
2015.12.09 15:28:50.909,10.77228,10.77521,0.00,0.00
2015.12.09 15:28:51.084,10.77241,10.77521,0.00,0.00
2015.12.09 15:28:51.134,10.77241,10.7753,0.00,0.00
2015.12.09 15:28:51.400,10.77278,10.77531,0.00,0.00
2015.12.09 15:28:51.451,10.77278,10.77541,0.00,0.00
2015.12.09 15:28:52.242,10.77278,10.7754,0.00,0.00
2015.12.09 15:28:52.492,10.7724,10.7754,0.00,0.00
2015.12.09 15:28:52.594,10.7724,10.77532,0.00,0.00
2015.12.09 15:28:52.745,10.77228,10.77521,0.00,0.00
2015.12.09 15:28:52.796,10.77228,10.77511,0.00,0.00
2015.12.09 15:28:52.846,10.77191,10.77481,0.00,0.00
2015.12.09 15:28:52.897,10.77189,10.77481,0.00,0.00
2015.12.09 15:28:52.948,10.7719,10.77492,0.00,0.00
2015.12.09 15:28:53.049,10.77228,10.775,0.00,0.00
2015.12.09 15:28:53.646,10.77228,10.77511,0.00,0.00
2015.12.09 15:28:53.848,10.77228,10.77531,0.00,0.00
2015.12.09 15:28:53.949,10.77231,10.7753,0.00,0.00
2015.12.09 15:28:54.284,10.77228,10.77531,0.00,0.00
2015.12.09 15:28:54.421,10.77228,10.7751,0.00,0.00
2015.12.09 15:28:54.649,10.77228,10.77521,0.00,0.00
2015.12.09 15:28:54.849,10.77228,10.77511,0.00,0.00
2015.12.09 15:28:56.148,10.77228,10.7749,0.00,0.00
2015.12.09 15:28:56.518,10.77178,10.7743,0.00,0.00
2015.12.09 15:28:57.159,10.77178,10.77431,0.00,0.00
2015.12.09 15:28:57.260,10.77178,10.77492,0.00,0.00
2015.12.09 15:28:57.361,10.77229,10.77521,0.00,0.00
2015.12.09 15:28:57.707,10.77179,10.77431,0.00,0.00
2015.12.09 15:28:58.978,10.77179,10.7743,0.00,0.00
2015.12.09 15:28:59.301,10.7719,10.77482,0.00,0.00
2015.12.09 15:28:59.352,10.77229,10.7749,0.00,0.00
2015.12.09 15:28:59.694,10.77179,10.77431,0.00,0.00
2015.12.09 15:28:59.795,10.77129,10.77421,0.00,0.00
2015.12.09 15:28:59.896,10.77129,10.77401,0.00,0.00
2015.12.09 15:29:00.198,10.77029,10.773,0.00,0.00
2015.12.09 15:29:00.703,10.77028,10.77301,0.00,0.00
2015.12.09 15:29:01.106,10.76989,10.77241,0.00,0.00
2015.12.09 15:29:01.207,10.76958,10.77241,0.00,0.00
2015.12.09 15:29:01.260,10.76951,10.77241,0.00,0.00
2015.12.09 15:29:01.310,10.76951,10.7722,0.00,0.00
2015.12.09 15:29:01.361,10.76928,10.7722,0.00,0.00
2015.12.09 15:29:01.913,10.76928,10.77221,0.00,0.00
2015.12.09 15:29:02.219,10.76928,10.77231,0.00,0.00
2015.12.09 15:29:02.270,10.76939,10.77231,0.00,0.00
2015.12.09 15:29:02.525,10.76931,10.7723,0.00,0.00
2015.12.09 15:29:02.923,10.76938,10.77231,0.00,0.00
2015.12.09 15:29:03.325,10.76941,10.77231,0.00,0.00
2015.12.09 15:29:03.528,10.76941,10.77242,0.00,0.00
2015.12.09 15:29:03.579,10.76978,10.77271,0.00,0.00
2015.12.09 15:29:03.881,10.77002,10.77231,0.00,0.00
2015.12.09 15:29:03.932,10.77002,10.77292,0.00,0.00
2015.12.09 15:29:04.086,10.77029,10.7732,0.00,0.00
2015.12.09 15:29:04.238,10.77029,10.773,0.00,0.00
2015.12.09 15:29:04.289,10.77029,10.77311,0.00,0.00
2015.12.09 15:29:04.490,10.77029,10.7729,0.00,0.00
2015.12.09 15:29:04.845,10.77079,10.7733,0.00,0.00
2015.12.09 15:29:05.331,10.77079,10.77371,0.00,0.00
2015.12.09 15:29:05.497,10.77079,10.7729,0.00,0.00
2015.12.09 15:29:05.598,10.77048,10.77281,0.00,0.00
2015.12.09 15:29:05.649,10.77029,10.77281,0.00,0.00
2015.12.09 15:29:05.700,10.76989,10.77231,0.00,0.00
2015.12.09 15:29:05.801,10.76978,10.77231,0.00,0.00
2015.12.09 15:29:06.208,10.76978,10.77261,0.00,0.00
2015.12.09 15:29:07.605,10.76951,10.77242,0.00,0.00
2015.12.09 15:29:07.656,10.76951,10.7723,0.00,0.00
2015.12.09 15:29:08.126,10.76968,10.77231,0.00,0.00
2015.12.09 15:29:08.482,10.76968,10.7714,0.00,0.00
2015.12.09 15:29:08.533,10.76968,10.77161,0.00,0.00
2015.12.09 15:29:08.634,10.76968,10.7723,0.00,0.00
2015.12.09 15:29:09.042,10.76919,10.7713,0.00,0.00
2015.12.09 15:29:09.102,10.76901,10.7713,0.00,0.00
2015.12.09 15:29:09.153,10.76868,10.77131,0.00,0.00
2015.12.09 15:29:09.720,10.76868,10.7713,0.00,0.00
2015.12.09 15:29:10.317,10.76868,10.77131,0.00,0.00
2015.12.09 15:29:10.781,10.76858,10.77131,0.00,0.00
2015.12.09 15:29:10.831,10.76898,10.77152,0.00,0.00
2015.12.09 15:29:10.882,10.76898,10.77171,0.00,0.00
2015.12.09 15:29:11.031,10.76889,10.77171,0.00,0.00
2015.12.09 15:29:11.722,10.76889,10.7717,0.00,0.00
2015.12.09 15:29:12.226,10.76938,10.7722,0.00,0.00
2015.12.09 15:29:12.327,10.76938,10.77141,0.00,0.00
2015.12.09 15:29:12.428,10.76939,10.77221,0.00,0.00
2015.12.09 15:29:13.227,10.76939,10.7722,0.00,0.00
2015.12.09 15:29:13.735,10.76939,10.77221,0.00,0.00
2015.12.09 15:29:14.315,10.76939,10.7722,0.00,0.00
2015.12.09 15:29:14.564,10.76949,10.77221,0.00,0.00
2015.12.09 15:29:14.673,10.76939,10.77221,0.00,0.00
2015.12.09 15:29:14.787,10.76939,10.7721,0.00,0.00
2015.12.09 15:29:15.432,10.76939,10.77211,0.00,0.00
2015.12.09 15:29:15.958,10.76989,10.77271,0.00,0.00
2015.12.09 15:29:16.059,10.77021,10.77301,0.00,0.00
2015.12.09 15:29:16.160,10.77088,10.7739,0.00,0.00
2015.12.09 15:29:16.261,10.77139,10.77411,0.00,0.00
2015.12.09 15:29:16.815,10.77139,10.7741,0.00,0.00
2015.12.09 15:29:17.214,10.77139,10.7736,0.00,0.00
2015.12.09 15:29:17.973,10.77139,10.7739,0.00,0.00
2015.12.09 15:29:18.363,10.7709,10.7733,0.00,0.00
2015.12.09 15:29:18.619,10.77089,10.7736,0.00,0.00
2015.12.09 15:29:18.990,10.77089,10.77391,0.00,0.00
2015.12.09 15:29:19.041,10.77138,10.77391,0.00,0.00
2015.12.09 15:29:19.092,10.77138,10.77411,0.00,0.00
2015.12.09 15:29:19.196,10.77138,10.7743,0.00,0.00
2015.12.09 15:29:19.702,10.77138,10.77431,0.00,0.00
2015.12.09 15:29:20.371,10.77138,10.7743,0.00,0.00
2015.12.09 15:29:20.898,10.77138,10.7741,0.00,0.00
2015.12.09 15:29:21.220,10.77138,10.774,0.00,0.00
2015.12.09 15:29:21.581,10.77138,10.77391,0.00,0.00
2015.12.09 15:29:22.609,10.77138,10.7739,0.00,0.00
2015.12.09 15:29:23.625,10.77138,10.77351,0.00,0.00
2015.12.09 15:29:24.004,10.77138,10.77421,0.00,0.00
2015.12.09 15:29:24.288,10.77138,10.77411,0.00,0.00
2015.12.09 15:29:24.754,10.77138,10.7739,0.00,0.00
2015.12.09 15:29:24.805,10.77138,10.77411,0.00,0.00
2015.12.09 15:29:24.906,10.77138,10.7736,0.00,0.00
2015.12.09 15:29:24.957,10.77088,10.7736,0.00,0.00
2015.12.09 15:29:25.008,10.77088,10.77321,0.00,0.00
2015.12.09 15:29:25.059,10.77051,10.77321,0.00,0.00
2015.12.09 15:29:25.160,10.77038,10.7732,0.00,0.00
2015.12.09 15:29:25.311,10.77138,10.774,0.00,0.00
2015.12.09 15:29:25.524,10.77138,10.77421,0.00,0.00
2015.12.09 15:29:26.030,10.77138,10.7742,0.00,0.00
2015.12.09 15:29:26.808,10.77138,10.7743,0.00,0.00
2015.12.09 15:29:27.528,10.77138,10.77431,0.00,0.00
2015.12.09 15:29:27.735,10.77138,10.774,0.00,0.00
2015.12.09 15:29:27.936,10.77089,10.77401,0.00,0.00
2015.12.09 15:29:28.037,10.77088,10.77321,0.00,0.00
2015.12.09 15:29:28.320,10.77038,10.77321,0.00,0.00
2015.12.09 15:29:28.751,10.77038,10.77331,0.00,0.00
2015.12.09 15:29:28.921,10.77038,10.7732,0.00,0.00
2015.12.09 15:29:29.223,10.77138,10.77371,0.00,0.00
2015.12.09 15:29:29.734,10.77138,10.77391,0.00,0.00
2015.12.09 15:29:29.835,10.77138,10.77411,0.00,0.00
2015.12.09 15:29:30.318,10.77138,10.7742,0.00,0.00
2015.12.09 15:29:30.469,10.77141,10.7742,0.00,0.00
2015.12.09 15:29:30.829,10.77141,10.7743,0.00,0.00
2015.12.09 15:29:31.155,10.77138,10.77421,0.00,0.00
2015.12.09 15:29:31.458,10.77138,10.7739,0.00,0.00
2015.12.09 15:29:32.081,10.77138,10.77391,0.00,0.00
2015.12.09 15:29:32.132,10.77138,10.7742,0.00,0.00
2015.12.09 15:29:32.644,10.77138,10.77421,0.00,0.00
2015.12.09 15:29:33.848,10.77138,10.7742,0.00,0.00
2015.12.09 15:29:34.133,10.77138,10.7743,0.00,0.00
2015.12.09 15:29:34.866,10.77138,10.77431,0.00,0.00
2015.12.09 15:29:34.974,10.77141,10.77431,0.00,0.00
2015.12.09 15:29:35.527,10.77141,10.7743,0.00,0.00
2015.12.09 15:29:36.031,10.77141,10.77431,0.00,0.00
2015.12.09 15:29:37.252,10.77141,10.7743,0.00,0.00
2015.12.09 15:29:37.798,10.77141,10.77431,0.00,0.00
2015.12.09 15:29:38.497,10.77141,10.7743,0.00,0.00
2015.12.09 15:29:40.066,10.77138,10.7743,0.00,0.00
2015.12.09 15:29:40.144,10.77141,10.7743,0.00,0.00
2015.12.09 15:29:40.669,10.77141,10.77431,0.00,0.00
2015.12.09 15:29:40.827,10.77138,10.77431,0.00,0.00
2015.12.09 15:29:40.878,10.77138,10.7737,0.00,0.00
2015.12.09 15:29:41.121,10.77102,10.7737,0.00,0.00
2015.12.09 15:29:41.299,10.7709,10.7737,0.00,0.00
2015.12.09 15:29:41.350,10.77039,10.77321,0.00,0.00
2015.12.09 15:29:41.572,10.77012,10.77302,0.00,0.00
2015.12.09 15:29:41.623,10.77028,10.77211,0.00,0.00
2015.12.09 15:29:41.724,10.76989,10.77191,0.00,0.00
2015.12.09 15:29:41.774,10.76989,10.7712,0.00,0.00
2015.12.09 15:29:41.825,10.76939,10.7712,0.00,0.00
2015.12.09 15:29:41.878,10.76939,10.7711,0.00,0.00
2015.12.09 15:29:41.929,10.76848,10.7711,0.00,0.00
2015.12.09 15:29:42.030,10.76838,10.7711,0.00,0.00
2015.12.09 15:29:42.284,10.76838,10.771,0.00,0.00
2015.12.09 15:29:42.777,10.76838,10.77091,0.00,0.00
2015.12.09 15:29:43.029,10.76739,10.77021,0.00,0.00
2015.12.09 15:29:43.231,10.7669,10.77002,0.00,0.00
2015.12.09 15:29:43.281,10.76688,10.76901,0.00,0.00
2015.12.09 15:29:43.432,10.76639,10.769,0.00,0.00
2015.12.09 15:29:43.484,10.76639,10.7683,0.00,0.00
2015.12.09 15:29:43.534,10.76551,10.76791,0.00,0.00
2015.12.09 15:29:43.585,10.76509,10.76791,0.00,0.00
2015.12.09 15:29:43.823,10.76489,10.76791,0.00,0.00
2015.12.09 15:29:44.221,10.76479,10.76791,0.00,0.00
2015.12.09 15:29:44.327,10.76429,10.7669,0.00,0.00
2015.12.09 15:29:44.478,10.76238,10.76541,0.00,0.00
2015.12.09 15:29:44.579,10.76321,10.76542,0.00,0.00
2015.12.09 15:29:44.921,10.76428,10.76692,0.00,0.00
2015.12.09 15:29:45.022,10.76388,10.76692,0.00,0.00
2015.12.09 15:29:45.140,10.76422,10.76692,0.00,0.00
2015.12.09 15:29:45.442,10.76379,10.7664,0.00,0.00
2015.12.09 15:29:45.792,10.76359,10.76592,0.00,0.00
2015.12.09 15:29:45.843,10.76348,10.76621,0.00,0.00
2015.12.09 15:29:45.893,10.76351,10.76621,0.00,0.00
2015.12.09 15:29:46.203,10.76369,10.76591,0.00,0.00
2015.12.09 15:29:46.404,10.76409,10.76642,0.00,0.00
2015.12.09 15:29:46.505,10.76468,10.76692,0.00,0.00
2015.12.09 15:29:46.757,10.76479,10.7673,0.00,0.00
2015.12.09 15:29:46.808,10.76498,10.76742,0.00,0.00
2015.12.09 15:29:46.931,10.76458,10.76731,0.00,0.00
2015.12.09 15:29:46.981,10.76458,10.76692,0.00,0.00
2015.12.09 15:29:47.032,10.76448,10.76692,0.00,0.00
2015.12.09 15:29:47.082,10.76451,10.76692,0.00,0.00
2015.12.09 15:29:47.561,10.76441,10.76692,0.00,0.00
2015.12.09 15:29:47.611,10.76478,10.76692,0.00,0.00
2015.12.09 15:29:47.811,10.76449,10.76692,0.00,0.00
2015.12.09 15:29:47.914,10.76489,10.76692,0.00,0.00
2015.12.09 15:29:48.454,10.76468,10.76692,0.00,0.00
2015.12.09 15:29:48.605,10.76442,10.76692,0.00,0.00
2015.12.09 15:29:48.771,10.76428,10.76692,0.00,0.00
2015.12.09 15:29:48.821,10.76479,10.76692,0.00,0.00
2015.12.09 15:29:49.080,10.76358,10.76592,0.00,0.00
2015.12.09 15:29:49.134,10.76368,10.76592,0.00,0.00
2015.12.09 15:29:49.185,10.76368,10.7663,0.00,0.00
2015.12.09 15:29:49.235,10.76428,10.76641,0.00,0.00
2015.12.09 15:29:49.340,10.76358,10.76631,0.00,0.00
2015.12.09 15:29:49.391,10.76358,10.76592,0.00,0.00
2015.12.09 15:29:49.441,10.76328,10.76592,0.00,0.00
2015.12.09 15:29:49.593,10.76329,10.7663,0.00,0.00
2015.12.09 15:29:49.644,10.76468,10.76641,0.00,0.00
2015.12.09 15:29:49.808,10.76488,10.76691,0.00,0.00
2015.12.09 15:29:49.917,10.76468,10.76691,0.00,0.00
2015.12.09 15:29:50.034,10.76478,10.76691,0.00,0.00
2015.12.09 15:29:50.287,10.76478,10.76731,0.00,0.00
2015.12.09 15:29:50.338,10.76488,10.76711,0.00,0.00
2015.12.09 15:29:50.710,10.76369,10.76631,0.00,0.00
2015.12.09 15:29:50.811,10.76379,10.76631,0.00,0.00
2015.12.09 15:29:51.146,10.7641,10.76692,0.00,0.00
2015.12.09 15:29:51.247,10.76469,10.76692,0.00,0.00
2015.12.09 15:29:51.311,10.76458,10.76692,0.00,0.00
2015.12.09 15:29:51.906,10.76449,10.76641,0.00,0.00
2015.12.09 15:29:51.961,10.76468,10.76692,0.00,0.00
2015.12.09 15:29:52.013,10.76399,10.76692,0.00,0.00
2015.12.09 15:29:52.063,10.76429,10.76692,0.00,0.00
2015.12.09 15:29:52.422,10.76469,10.76692,0.00,0.00
2015.12.09 15:29:52.561,10.76469,10.7672,0.00,0.00
2015.12.09 15:29:52.662,10.76478,10.76742,0.00,0.00
2015.12.09 15:29:52.763,10.76538,10.7673,0.00,0.00
2015.12.09 15:29:52.864,10.76528,10.7674,0.00,0.00
2015.12.09 15:29:52.915,10.76479,10.7674,0.00,0.00
2015.12.09 15:29:53.016,10.76548,10.76791,0.00,0.00
2015.12.09 15:29:53.413,10.76568,10.76791,0.00,0.00
2015.12.09 15:29:53.516,10.76538,10.76791,0.00,0.00
2015.12.09 15:29:53.617,10.76568,10.76791,0.00,0.00
2015.12.09 15:29:54.122,10.76579,10.76791,0.00,0.00
2015.12.09 15:29:54.223,10.76568,10.76791,0.00,0.00
2015.12.09 15:29:54.324,10.76538,10.76791,0.00,0.00
2015.12.09 15:29:54.832,10.76549,10.76791,0.00,0.00
2015.12.09 15:29:55.010,10.76581,10.76842,0.00,0.00
2015.12.09 15:29:55.061,10.76641,10.76842,0.00,0.00
2015.12.09 15:29:55.213,10.76708,10.7699,0.00,0.00
2015.12.09 15:29:55.321,10.76729,10.76991,0.00,0.00
2015.12.09 15:29:55.422,10.76689,10.76991,0.00,0.00
2015.12.09 15:29:55.523,10.76758,10.76991,0.00,0.00
2015.12.09 15:29:55.573,10.76758,10.7703,0.00,0.00
2015.12.09 15:29:55.675,10.76758,10.76942,0.00,0.00
2015.12.09 15:29:55.726,10.76748,10.76942,0.00,0.00
2015.12.09 15:29:55.777,10.76748,10.769,0.00,0.00
2015.12.09 15:29:55.827,10.76628,10.769,0.00,0.00
2015.12.09 15:29:55.878,10.76619,10.76891,0.00,0.00
2015.12.09 15:29:56.120,10.76599,10.7689,0.00,0.00
2015.12.09 15:29:56.171,10.76619,10.7689,0.00,0.00
2015.12.09 15:29:56.428,10.76649,10.76921,0.00,0.00
2015.12.09 15:29:56.529,10.76669,10.76941,0.00,0.00
2015.12.09 15:29:56.629,10.76718,10.76991,0.00,0.00
2015.12.09 15:29:56.680,10.76718,10.76981,0.00,0.00
2015.12.09 15:29:56.842,10.76688,10.76981,0.00,0.00
2015.12.09 15:29:56.924,10.76718,10.76981,0.00,0.00
2015.12.09 15:29:57.025,10.76708,10.7698,0.00,0.00
2015.12.09 15:29:57.126,10.76688,10.7698,0.00,0.00
2015.12.09 15:29:57.177,10.76688,10.76941,0.00,0.00
2015.12.09 15:29:57.491,10.76689,10.76891,0.00,0.00
2015.12.09 15:29:57.642,10.76729,10.76991,0.00,0.00
2015.12.09 15:29:57.846,10.76718,10.76991,0.00,0.00
2015.12.09 15:29:58.131,10.76698,10.76991,0.00,0.00
2015.12.09 15:29:58.232,10.76738,10.76991,0.00,0.00
2015.12.09 15:29:58.535,10.76699,10.76941,0.00,0.00
2015.12.09 15:29:58.636,10.76699,10.76971,0.00,0.00
2015.12.09 15:29:58.799,10.76699,10.76991,0.00,0.00
2015.12.09 15:29:58.852,10.76728,10.76991,0.00,0.00
2015.12.09 15:29:59.029,10.76708,10.76991,0.00,0.00
2015.12.09 15:29:59.079,10.76708,10.76941,0.00,0.00
2015.12.09 15:29:59.231,10.76658,10.76941,0.00,0.00
2015.12.09 15:29:59.558,10.76679,10.76941,0.00,0.00
2015.12.09 15:29:59.773,10.76659,10.76941,0.00,0.00
2015.12.09 15:29:59.924,10.76659,10.76891,0.00,0.00
2015.12.09 15:30:00.098,10.76648,10.76891,0.00,0.00
2015.12.09 15:30:00.149,10.76608,10.76891,0.00,0.00
2015.12.09 15:30:00.200,10.76652,10.76891,0.00,0.00
2015.12.09 15:30:00.301,10.76652,10.7693,0.00,0.00
2015.12.09 15:30:00.352,10.76688,10.7693,0.00,0.00
2015.12.09 15:30:00.554,10.76678,10.76931,0.00,0.00
2015.12.09 15:30:00.655,10.76679,10.76971,0.00,0.00
2015.12.09 15:30:00.705,10.76679,10.76941,0.00,0.00
2015.12.09 15:30:01.039,10.76688,10.76891,0.00,0.00
2015.12.09 15:30:01.141,10.76682,10.76891,0.00,0.00
2015.12.09 15:30:01.192,10.76648,10.76891,0.00,0.00
2015.12.09 15:30:01.364,10.76669,10.76891,0.00,0.00
2015.12.09 15:30:01.571,10.76681,10.76921,0.00,0.00
2015.12.09 15:30:01.622,10.76681,10.76942,0.00,0.00
2015.12.09 15:30:01.918,10.76708,10.76942,0.00,0.00
2015.12.09 15:30:01.969,10.76681,10.76942,0.00,0.00
2015.12.09 15:30:02.020,10.76681,10.76891,0.00,0.00
2015.12.09 15:30:02.726,10.76681,10.7689,0.00,0.00
2015.12.09 15:30:03.256,10.76681,10.76891,0.00,0.00
2015.12.09 15:30:03.357,10.76681,10.7692,0.00,0.00
2015.12.09 15:30:03.408,10.76681,10.76942,0.00,0.00
2015.12.09 15:30:03.509,10.76689,10.7699,0.00,0.00
2015.12.09 15:30:03.560,10.76698,10.7699,0.00,0.00
2015.12.09 15:30:03.887,10.76681,10.76891,0.00,0.00
2015.12.09 15:30:04.197,10.76681,10.76831,0.00,0.00
2015.12.09 15:30:04.298,10.76681,10.76842,0.00,0.00
2015.12.09 15:30:04.450,10.76681,10.76891,0.00,0.00
2015.12.09 15:30:04.877,10.76681,10.7693,0.00,0.00
2015.12.09 15:30:04.978,10.76681,10.76941,0.00,0.00
2015.12.09 15:30:05.101,10.76641,10.76941,0.00,0.00
2015.12.09 15:30:05.152,10.76629,10.76941,0.00,0.00
2015.12.09 15:30:05.203,10.766,10.76891,0.00,0.00
2015.12.09 15:30:05.304,10.76591,10.76891,0.00,0.00
2015.12.09 15:30:05.354,10.76632,10.76891,0.00,0.00
2015.12.09 15:30:05.658,10.76591,10.76891,0.00,0.00
2015.12.09 15:30:05.911,10.76679,10.76979,0.00,0.00
2015.12.09 15:30:06.289,10.76691,10.7698,0.00,0.00
2015.12.09 15:30:06.595,10.76692,10.76991,0.00,0.00
2015.12.09 15:30:06.646,10.76692,10.76942,0.00,0.00
2015.12.09 15:30:06.696,10.76649,10.76942,0.00,0.00
2015.12.09 15:30:06.747,10.76649,10.76931,0.00,0.00
2015.12.09 15:30:06.798,10.76642,10.76931,0.00,0.00
2015.12.09 15:30:06.899,10.76679,10.76981,0.00,0.00
2015.12.09 15:30:06.949,10.76679,10.76931,0.00,0.00
2015.12.09 15:30:07.050,10.76679,10.76961,0.00,0.00
2015.12.09 15:30:07.101,10.76681,10.76961,0.00,0.00
2015.12.09 15:30:07.253,10.76649,10.76961,0.00,0.00
2015.12.09 15:30:07.303,10.76699,10.76961,0.00,0.00
2015.12.09 15:30:07.611,10.76699,10.77011,0.00,0.00
2015.12.09 15:30:08.688,10.76699,10.76981,0.00,0.00
2015.12.09 15:30:08.739,10.76699,10.77011,0.00,0.00
2015.12.09 15:30:08.919,10.76699,10.77,0.00,0.00
2015.12.09 15:30:09.024,10.76699,10.77011,0.00,0.00
2015.12.09 15:30:09.376,10.76709,10.77011,0.00,0.00
2015.12.09 15:30:09.427,10.76749,10.77061,0.00,0.00
2015.12.09 15:30:09.612,10.76798,10.77081,0.00,0.00
2015.12.09 15:30:10.040,10.76798,10.77112,0.00,0.00
2015.12.09 15:30:10.191,10.76848,10.77131,0.00,0.00
2015.12.09 15:30:10.242,10.76848,10.77162,0.00,0.00
2015.12.09 15:30:10.292,10.76891,10.77162,0.00,0.00
2015.12.09 15:30:10.393,10.76899,10.77211,0.00,0.00
2015.12.09 15:30:10.901,10.76899,10.7721,0.00,0.00
2015.12.09 15:30:11.052,10.76899,10.77201,0.00,0.00
2015.12.09 15:30:11.572,10.76899,10.77211,0.00,0.00
2015.12.09 15:30:11.818,10.76949,10.77221,0.00,0.00
2015.12.09 15:30:11.869,10.76981,10.77261,0.00,0.00
2015.12.09 15:30:11.932,10.76992,10.77261,0.00,0.00
2015.12.09 15:30:12.033,10.76998,10.77281,0.00,0.00
2015.12.09 15:30:12.135,10.76998,10.77301,0.00,0.00
2015.12.09 15:30:12.436,10.76998,10.77291,0.00,0.00
2015.12.09 15:30:12.838,10.76998,10.77312,0.00,0.00
2015.12.09 15:30:13.730,10.76998,10.7731,0.00,0.00
2015.12.09 15:30:14.147,10.76998,10.77312,0.00,0.00
2015.12.09 15:30:15.244,10.77082,10.77331,0.00,0.00
2015.12.09 15:30:15.345,10.77048,10.7733,0.00,0.00
2015.12.09 15:30:15.446,10.77008,10.77312,0.00,0.00
2015.12.09 15:30:15.497,10.76998,10.77312,0.00,0.00
2015.12.09 15:30:16.255,10.76998,10.77311,0.00,0.00
2015.12.09 15:30:16.893,10.77092,10.77311,0.00,0.00
2015.12.09 15:30:16.943,10.77099,10.77411,0.00,0.00
2015.12.09 15:30:18.004,10.77099,10.77401,0.00,0.00
2015.12.09 15:30:18.507,10.77099,10.774,0.00,0.00
2015.12.09 15:30:18.566,10.77099,10.77411,0.00,0.00
2015.12.09 15:30:19.217,10.76998,10.77312,0.00,0.00
2015.12.09 15:30:19.269,10.77029,10.77312,0.00,0.00
2015.12.09 15:30:19.420,10.77098,10.77412,0.00,0.00
2015.12.09 15:30:20.026,10.77098,10.77401,0.00,0.00
2015.12.09 15:30:20.274,10.77098,10.77412,0.00,0.00
2015.12.09 15:30:21.178,10.77098,10.77391,0.00,0.00
2015.12.09 15:30:21.481,10.77091,10.77331,0.00,0.00
2015.12.09 15:30:21.582,10.77091,10.77341,0.00,0.00
2015.12.09 15:30:21.683,10.77091,10.77362,0.00,0.00
2015.12.09 15:30:21.734,10.77099,10.77411,0.00,0.00
2015.12.09 15:30:22.388,10.77049,10.77362,0.00,0.00
2015.12.09 15:30:22.438,10.77048,10.7733,0.00,0.00
2015.12.09 15:30:22.742,10.77041,10.77311,0.00,0.00
2015.12.09 15:30:22.843,10.77048,10.7733,0.00,0.00
2015.12.09 15:30:23.394,10.77048,10.77331,0.00,0.00
2015.12.09 15:30:23.681,10.77099,10.77331,0.00,0.00
2015.12.09 15:30:23.732,10.77099,10.77401,0.00,0.00
2015.12.09 15:30:23.833,10.77081,10.77391,0.00,0.00
2015.12.09 15:30:23.947,10.77091,10.77391,0.00,0.00
2015.12.09 15:30:24.692,10.77131,10.77391,0.00,0.00
2015.12.09 15:30:25.290,10.77132,10.77391,0.00,0.00
2015.12.09 15:30:25.342,10.77091,10.77391,0.00,0.00
2015.12.09 15:30:25.790,10.77092,10.77292,0.00,0.00
2015.12.09 15:30:25.840,10.77009,10.77292,0.00,0.00
2015.12.09 15:30:25.941,10.76991,10.7729,0.00,0.00
2015.12.09 15:30:26.206,10.77028,10.77301,0.00,0.00
2015.12.09 15:30:26.257,10.77042,10.7734,0.00,0.00
2015.12.09 15:30:26.359,10.77018,10.77292,0.00,0.00
2015.12.09 15:30:26.409,10.77008,10.77292,0.00,0.00
2015.12.09 15:30:26.510,10.76992,10.77292,0.00,0.00
2015.12.09 15:30:26.561,10.77029,10.77331,0.00,0.00
2015.12.09 15:30:26.612,10.77029,10.77341,0.00,0.00
2015.12.09 15:30:26.673,10.77041,10.77341,0.00,0.00
2015.12.09 15:30:27.031,10.76991,10.77292,0.00,0.00
2015.12.09 15:30:27.562,10.76992,10.77292,0.00,0.00
2015.12.09 15:30:27.713,10.76999,10.77292,0.00,0.00
2015.12.09 15:30:27.915,10.77029,10.77331,0.00,0.00
2015.12.09 15:30:28.081,10.77029,10.77341,0.00,0.00
2015.12.09 15:30:28.132,10.77042,10.77342,0.00,0.00
2015.12.09 15:30:28.463,10.76982,10.77281,0.00,0.00
2015.12.09 15:30:28.798,10.76989,10.77281,0.00,0.00
2015.12.09 15:30:29.196,10.76919,10.77191,0.00,0.00
2015.12.09 15:30:29.247,10.76909,10.77191,0.00,0.00
2015.12.09 15:30:29.358,10.76891,10.77191,0.00,0.00
2015.12.09 15:30:29.663,10.76841,10.77091,0.00,0.00
2015.12.09 15:30:29.764,10.76798,10.77091,0.00,0.00
2015.12.09 15:30:29.966,10.76838,10.77141,0.00,0.00
2015.12.09 15:30:30.017,10.76882,10.77141,0.00,0.00
2015.12.09 15:30:30.171,10.76888,10.77192,0.00,0.00
2015.12.09 15:30:30.385,10.76919,10.77192,0.00,0.00
2015.12.09 15:30:30.436,10.76892,10.77192,0.00,0.00
2015.12.09 15:30:30.637,10.76881,10.77191,0.00,0.00
2015.12.09 15:30:30.738,10.76898,10.77191,0.00,0.00
2015.12.09 15:30:30.940,10.76889,10.7719,0.00,0.00
2015.12.09 15:30:30.991,10.76889,10.77192,0.00,0.00
2015.12.09 15:30:31.042,10.76919,10.77192,0.00,0.00
2015.12.09 15:30:31.377,10.76929,10.77192,0.00,0.00
2015.12.09 15:30:31.427,10.76928,10.7723,0.00,0.00
2015.12.09 15:30:31.478,10.76928,10.77242,0.00,0.00
2015.12.09 15:30:31.529,10.76941,10.77242,0.00,0.00
2015.12.09 15:30:31.873,10.76982,10.7729,0.00,0.00
2015.12.09 15:30:31.974,10.76978,10.77241,0.00,0.00
2015.12.09 15:30:32.025,10.76948,10.77241,0.00,0.00
2015.12.09 15:30:32.076,10.76981,10.7725,0.00,0.00
2015.12.09 15:30:32.380,10.76929,10.77191,0.00,0.00
2015.12.09 15:30:32.430,10.76892,10.77191,0.00,0.00
2015.12.09 15:30:32.481,10.76892,10.77142,0.00,0.00
2015.12.09 15:30:32.532,10.76842,10.77142,0.00,0.00
2015.12.09 15:30:32.583,10.76842,10.7713,0.00,0.00
2015.12.09 15:30:32.684,10.76842,10.77141,0.00,0.00
2015.12.09 15:30:32.836,10.76892,10.77181,0.00,0.00
2015.12.09 15:30:32.887,10.76892,10.77192,0.00,0.00
2015.12.09 15:30:32.937,10.76899,10.77192,0.00,0.00
2015.12.09 15:30:33.132,10.76892,10.77192,0.00,0.00
2015.12.09 15:30:33.302,10.76898,10.77192,0.00,0.00
2015.12.09 15:30:33.403,10.76929,10.7724,0.00,0.00
2015.12.09 15:30:33.505,10.76941,10.7724,0.00,0.00
2015.12.09 15:30:33.819,10.76949,10.77241,0.00,0.00
2015.12.09 15:30:34.467,10.76942,10.77241,0.00,0.00
2015.12.09 15:30:34.568,10.76948,10.77241,0.00,0.00
2015.12.09 15:30:34.732,10.76942,10.77241,0.00,0.00
2015.12.09 15:30:34.914,10.76942,10.77192,0.00,0.00
2015.12.09 15:30:34.964,10.76899,10.77192,0.00,0.00
2015.12.09 15:30:35.065,10.76942,10.77192,0.00,0.00
2015.12.09 15:30:35.371,10.76981,10.77291,0.00,0.00
2015.12.09 15:30:35.522,10.76991,10.77291,0.00,0.00
2015.12.09 15:30:36.156,10.77029,10.7733,0.00,0.00
2015.12.09 15:30:36.339,10.77042,10.7733,0.00,0.00
2015.12.09 15:30:36.392,10.77042,10.77341,0.00,0.00
2015.12.09 15:30:36.989,10.77079,10.77381,0.00,0.00
2015.12.09 15:30:37.090,10.77079,10.77391,0.00,0.00
2015.12.09 15:30:37.141,10.77091,10.77391,0.00,0.00
2015.12.09 15:30:37.662,10.77099,10.77391,0.00,0.00
2015.12.09 15:30:37.862,10.77091,10.77391,0.00,0.00
2015.12.09 15:30:38.756,10.77099,10.77391,0.00,0.00
2015.12.09 15:30:38.867,10.77091,10.77391,0.00,0.00
2015.12.09 15:30:39.847,10.77092,10.77391,0.00,0.00
2015.12.09 15:30:39.999,10.77082,10.77391,0.00,0.00
2015.12.09 15:30:40.230,10.77082,10.77331,0.00,0.00
2015.12.09 15:30:40.331,10.77039,10.77331,0.00,0.00
2015.12.09 15:30:40.382,10.77028,10.77331,0.00,0.00
2015.12.09 15:30:40.433,10.76982,10.77292,0.00,0.00
2015.12.09 15:30:40.889,10.76982,10.7728,0.00,0.00
2015.12.09 15:30:41.235,10.76982,10.77271,0.00,0.00
2015.12.09 15:30:41.437,10.76891,10.77192,0.00,0.00
2015.12.09 15:30:41.697,10.76898,10.77192,0.00,0.00
2015.12.09 15:30:41.932,10.76891,10.77192,0.00,0.00
2015.12.09 15:30:42.090,10.76898,10.77192,0.00,0.00
2015.12.09 15:30:42.501,10.76928,10.7723,0.00,0.00
2015.12.09 15:30:42.602,10.76928,10.77241,0.00,0.00
2015.12.09 15:30:42.652,10.76931,10.77241,0.00,0.00
2015.12.09 15:30:43.111,10.76942,10.77242,0.00,0.00
2015.12.09 15:30:43.637,10.76941,10.77242,0.00,0.00
2015.12.09 15:30:44.080,10.77031,10.77292,0.00,0.00
2015.12.09 15:30:44.190,10.77031,10.77342,0.00,0.00
2015.12.09 15:30:44.510,10.77041,10.77342,0.00,0.00
2015.12.09 15:30:45.355,10.77079,10.77361,0.00,0.00
2015.12.09 15:30:45.456,10.7709,10.77391,0.00,0.00
2015.12.09 15:30:45.507,10.77129,10.774,0.00,0.00
2015.12.09 15:30:45.859,10.77129,10.77331,0.00,0.00
2015.12.09 15:30:45.910,10.77081,10.77331,0.00,0.00
2015.12.09 15:30:46.011,10.77078,10.77322,0.00,0.00
2015.12.09 15:30:46.061,10.77028,10.773,0.00,0.00
2015.12.09 15:30:46.388,10.77028,10.77291,0.00,0.00
2015.12.09 15:30:46.464,10.77028,10.77311,0.00,0.00
2015.12.09 15:30:46.566,10.77078,10.77331,0.00,0.00
2015.12.09 15:30:46.667,10.77078,10.7736,0.00,0.00
2015.12.09 15:30:46.818,10.77031,10.77342,0.00,0.00
2015.12.09 15:30:46.869,10.77031,10.77321,0.00,0.00
2015.12.09 15:30:46.919,10.77028,10.77321,0.00,0.00
2015.12.09 15:30:46.970,10.77028,10.77261,0.00,0.00
2015.12.09 15:30:47.221,10.76949,10.77221,0.00,0.00
2015.12.09 15:30:47.273,10.76928,10.77211,0.00,0.00
2015.12.09 15:30:47.464,10.76928,10.7719,0.00,0.00
2015.12.09 15:30:47.766,10.76928,10.77181,0.00,0.00
2015.12.09 15:30:47.817,10.76881,10.77181,0.00,0.00
2015.12.09 15:30:47.868,10.76889,10.77191,0.00,0.00
2015.12.09 15:30:47.919,10.76928,10.77191,0.00,0.00
2015.12.09 15:30:47.969,10.76928,10.77201,0.00,0.00
2015.12.09 15:30:48.376,10.76928,10.77191,0.00,0.00
2015.12.09 15:30:48.502,10.76928,10.7723,0.00,0.00
2015.12.09 15:30:49.072,10.76928,10.77231,0.00,0.00
2015.12.09 15:30:49.695,10.76928,10.7723,0.00,0.00
2015.12.09 15:30:49.750,10.76908,10.77191,0.00,0.00
2015.12.09 15:30:49.801,10.76892,10.77191,0.00,0.00
2015.12.09 15:30:49.860,10.76928,10.77211,0.00,0.00
2015.12.09 15:30:49.911,10.76928,10.7723,0.00,0.00
2015.12.09 15:30:50.400,10.76928,10.77221,0.00,0.00
2015.12.09 15:30:50.551,10.76889,10.77191,0.00,0.00
2015.12.09 15:30:50.602,10.76898,10.7716,0.00,0.00
2015.12.09 15:30:50.754,10.76841,10.7713,0.00,0.00
2015.12.09 15:30:50.805,10.76828,10.77131,0.00,0.00
2015.12.09 15:30:50.964,10.76828,10.7712,0.00,0.00
2015.12.09 15:30:51.396,10.76828,10.77102,0.00,0.00
2015.12.09 15:30:51.645,10.76828,10.77121,0.00,0.00
2015.12.09 15:30:51.697,10.76828,10.77131,0.00,0.00
2015.12.09 15:30:51.747,10.76879,10.77131,0.00,0.00
2015.12.09 15:30:51.982,10.76828,10.7713,0.00,0.00
2015.12.09 15:30:52.133,10.76828,10.77111,0.00,0.00
2015.12.09 15:30:52.184,10.76792,10.77091,0.00,0.00
2015.12.09 15:30:52.234,10.76779,10.77031,0.00,0.00
2015.12.09 15:30:52.548,10.76728,10.77031,0.00,0.00
2015.12.09 15:30:52.617,10.76691,10.76942,0.00,0.00
2015.12.09 15:30:52.870,10.76678,10.76981,0.00,0.00
2015.12.09 15:30:52.922,10.76678,10.7697,0.00,0.00
2015.12.09 15:30:53.023,10.76681,10.76991,0.00,0.00
2015.12.09 15:30:53.074,10.76728,10.76991,0.00,0.00
2015.12.09 15:30:53.335,10.76642,10.76931,0.00,0.00
2015.12.09 15:30:53.640,10.76679,10.76931,0.00,0.00
2015.12.09 15:30:53.741,10.76698,10.76991,0.00,0.00
2015.12.09 15:30:53.805,10.76698,10.76931,0.00,0.00
2015.12.09 15:30:53.906,10.76708,10.76942,0.00,0.00
2015.12.09 15:30:53.957,10.76708,10.76992,0.00,0.00
2015.12.09 15:30:54.178,10.76698,10.7696,0.00,0.00
2015.12.09 15:30:54.280,10.76689,10.76991,0.00,0.00
2015.12.09 15:30:54.393,10.76681,10.76991,0.00,0.00
2015.12.09 15:30:54.494,10.76698,10.76991,0.00,0.00
2015.12.09 15:30:54.595,10.76681,10.76991,0.00,0.00
2015.12.09 15:30:54.747,10.76681,10.76891,0.00,0.00
2015.12.09 15:30:55.061,10.76698,10.76891,0.00,0.00
2015.12.09 15:30:55.112,10.76698,10.76992,0.00,0.00
2015.12.09 15:30:55.163,10.76768,10.77031,0.00,0.00
2015.12.09 15:30:55.214,10.76768,10.7704,0.00,0.00
2015.12.09 15:30:55.323,10.76768,10.77082,0.00,0.00
2015.12.09 15:30:55.374,10.76869,10.77091,0.00,0.00
2015.12.09 15:30:55.475,10.76818,10.77091,0.00,0.00
2015.12.09 15:30:55.814,10.76818,10.77081,0.00,0.00
2015.12.09 15:30:56.139,10.76768,10.7702,0.00,0.00
2015.12.09 15:30:56.340,10.76769,10.77041,0.00,0.00
2015.12.09 15:30:56.391,10.76818,10.77041,0.00,0.00
2015.12.09 15:30:56.653,10.7682,10.771,0.00,0.00
2015.12.09 15:30:56.703,10.76869,10.771,0.00,0.00
2015.12.09 15:30:56.754,10.76869,10.77121,0.00,0.00
2015.12.09 15:30:57.255,10.76869,10.7713,0.00,0.00
2015.12.09 15:30:57.944,10.76869,10.7708,0.00,0.00
2015.12.09 15:30:58.478,10.76869,10.77081,0.00,0.00
2015.12.09 15:30:58.630,10.76869,10.77111,0.00,0.00
2015.12.09 15:30:59.130,10.76869,10.771,0.00,0.00
2015.12.09 15:30:59.210,10.7682,10.771,0.00,0.00
2015.12.09 15:30:59.261,10.76818,10.77061,0.00,0.00
2015.12.09 15:30:59.331,10.76818,10.7711,0.00,0.00
2015.12.09 15:30:59.432,10.76868,10.7711,0.00,0.00
2015.12.09 15:30:59.875,10.76768,10.7693,0.00,0.00
2015.12.09 15:30:59.926,10.76768,10.7699,0.00,0.00
2015.12.09 15:31:00.154,10.76768,10.77011,0.00,0.00
2015.12.09 15:31:00.255,10.76768,10.7703,0.00,0.00
2015.12.09 15:31:00.436,10.76768,10.77021,0.00,0.00
2015.12.09 15:31:00.878,10.76768,10.76961,0.00,0.00
2015.12.09 15:31:01.424,10.76768,10.7696,0.00,0.00
2015.12.09 15:31:01.570,10.76768,10.7699,0.00,0.00
2015.12.09 15:31:02.283,10.76768,10.76991,0.00,0.00
2015.12.09 15:31:02.473,10.76768,10.7702,0.00,0.00
2015.12.09 15:31:02.689,10.76768,10.76991,0.00,0.00
2015.12.09 15:31:03.276,10.76768,10.77,0.00,0.00
2015.12.09 15:31:03.694,10.76768,10.7696,0.00,0.00
2015.12.09 15:31:04.008,10.76668,10.76941,0.00,0.00
2015.12.09 15:31:04.066,10.76668,10.7693,0.00,0.00
2015.12.09 15:31:04.483,10.76668,10.7688,0.00,0.00
2015.12.09 15:31:05.000,10.76591,10.76882,0.00,0.00
2015.12.09 15:31:05.101,10.76589,10.7683,0.00,0.00
2015.12.09 15:31:05.151,10.76568,10.7683,0.00,0.00
2015.12.09 15:31:05.202,10.76568,10.76811,0.00,0.00
2015.12.09 15:31:05.930,10.76568,10.76831,0.00,0.00
2015.12.09 15:31:05.983,10.76568,10.76821,0.00,0.00
2015.12.09 15:31:06.190,10.76568,10.76831,0.00,0.00
2015.12.09 15:31:06.646,10.76618,10.76831,0.00,0.00
2015.12.09 15:31:06.696,10.76618,10.76878,0.00,0.00
2015.12.09 15:31:06.851,10.7662,10.76878,0.00,0.00
2015.12.09 15:31:06.953,10.76618,10.76891,0.00,0.00
2015.12.09 15:31:07.054,10.76569,10.76881,0.00,0.00
2015.12.09 15:31:07.156,10.76569,10.76849,0.00,0.00
2015.12.09 15:31:07.458,10.76468,10.76711,0.00,0.00
2015.12.09 15:31:07.621,10.76398,10.76691,0.00,0.00
2015.12.09 15:31:07.671,10.76408,10.76691,0.00,0.00
2015.12.09 15:31:07.886,10.76382,10.76691,0.00,0.00
2015.12.09 15:31:07.946,10.76409,10.76691,0.00,0.00
2015.12.09 15:31:08.148,10.76382,10.76691,0.00,0.00
2015.12.09 15:31:08.349,10.76418,10.76691,0.00,0.00
2015.12.09 15:31:08.575,10.76408,10.76691,0.00,0.00
2015.12.09 15:31:08.676,10.76389,10.76691,0.00,0.00
2015.12.09 15:31:08.750,10.76382,10.76691,0.00,0.00
2015.12.09 15:31:08.946,10.76382,10.76681,0.00,0.00
2015.12.09 15:31:09.285,10.76388,10.7668,0.00,0.00
2015.12.09 15:31:09.386,10.76388,10.76691,0.00,0.00
2015.12.09 15:31:09.488,10.76429,10.76741,0.00,0.00
2015.12.09 15:31:09.590,10.76482,10.76741,0.00,0.00
2015.12.09 15:31:09.691,10.76482,10.76792,0.00,0.00
2015.12.09 15:31:10.113,10.76509,10.76792,0.00,0.00
2015.12.09 15:31:10.164,10.76488,10.76792,0.00,0.00
2015.12.09 15:31:10.366,10.76509,10.76792,0.00,0.00
2015.12.09 15:31:10.668,10.76492,10.76792,0.00,0.00
2015.12.09 15:31:10.719,10.76492,10.76751,0.00,0.00
2015.12.09 15:31:10.820,10.76481,10.76761,0.00,0.00
2015.12.09 15:31:10.885,10.76481,10.76731,0.00,0.00
2015.12.09 15:31:11.091,10.76392,10.76691,0.00,0.00
2015.12.09 15:31:11.142,10.76388,10.76691,0.00,0.00
2015.12.09 15:31:11.243,10.76388,10.76641,0.00,0.00
2015.12.09 15:31:11.344,10.76358,10.76631,0.00,0.00
2015.12.09 15:31:11.395,10.76341,10.76641,0.00,0.00
2015.12.09 15:31:11.446,10.76413,10.7669,0.00,0.00
2015.12.09 15:31:11.764,10.76464,10.7669,0.00,0.00
2015.12.09 15:31:12.068,10.76381,10.76641,0.00,0.00
2015.12.09 15:31:12.119,10.76424,10.7663,0.00,0.00
2015.12.09 15:31:12.170,10.76369,10.7663,0.00,0.00
2015.12.09 15:31:12.393,10.76369,10.7661,0.00,0.00
2015.12.09 15:31:12.696,10.76369,10.76601,0.00,0.00
2015.12.09 15:31:13.082,10.76369,10.7662,0.00,0.00
2015.12.09 15:31:13.585,10.76369,10.76621,0.00,0.00
2015.12.09 15:31:14.246,10.76369,10.7662,0.00,0.00
2015.12.09 15:31:14.549,10.76369,10.7661,0.00,0.00
2015.12.09 15:31:14.851,10.76369,10.76601,0.00,0.00
2015.12.09 15:31:15.379,10.76369,10.76591,0.00,0.00
2015.12.09 15:31:16.532,10.76338,10.76579,0.00,0.00
2015.12.09 15:31:16.582,10.76299,10.7652,0.00,0.00
2015.12.09 15:31:16.687,10.76268,10.76521,0.00,0.00
2015.12.09 15:31:17.070,10.76319,10.76521,0.00,0.00
2015.12.09 15:31:17.171,10.7632,10.766,0.00,0.00
2015.12.09 15:31:17.272,10.76368,10.76608,0.00,0.00
2015.12.09 15:31:17.434,10.76368,10.76631,0.00,0.00
2015.12.09 15:31:17.945,10.76369,10.7663,0.00,0.00
2015.12.09 15:31:18.412,10.76369,10.76591,0.00,0.00
2015.12.09 15:31:18.849,10.76369,10.7663,0.00,0.00
2015.12.09 15:31:19.444,10.76369,10.766,0.00,0.00
2015.12.09 15:31:19.498,10.76369,10.7661,0.00,0.00
2015.12.09 15:31:20.078,10.76369,10.76611,0.00,0.00
2015.12.09 15:31:20.179,10.76369,10.76621,0.00,0.00
2015.12.09 15:31:20.586,10.76369,10.76631,0.00,0.00
2015.12.09 15:31:20.780,10.76369,10.7661,0.00,0.00
2015.12.09 15:31:20.981,10.76369,10.7662,0.00,0.00
2015.12.09 15:31:21.493,10.76369,10.76631,0.00,0.00
2015.12.09 15:31:21.883,10.76369,10.76681,0.00,0.00
2015.12.09 15:31:21.934,10.76418,10.76681,0.00,0.00
2015.12.09 15:31:21.985,10.76419,10.76711,0.00,0.00
2015.12.09 15:31:22.035,10.76468,10.76711,0.00,0.00
2015.12.09 15:31:22.187,10.76468,10.7673,0.00,0.00
2015.12.09 15:31:22.288,10.76468,10.7671,0.00,0.00
2015.12.09 15:31:22.732,10.76468,10.76701,0.00,0.00
2015.12.09 15:31:23.035,10.76468,10.7669,0.00,0.00
2015.12.09 15:31:23.136,10.76379,10.76631,0.00,0.00
2015.12.09 15:31:23.187,10.76379,10.7662,0.00,0.00
2015.12.09 15:31:23.238,10.76368,10.7662,0.00,0.00
2015.12.09 15:31:23.288,10.76368,10.76611,0.00,0.00
2015.12.09 15:31:23.792,10.76368,10.7662,0.00,0.00
2015.12.09 15:31:23.994,10.76368,10.7663,0.00,0.00
2015.12.09 15:31:24.544,10.76368,10.76631,0.00,0.00
2015.12.09 15:31:25.231,10.76368,10.7663,0.00,0.00
2015.12.09 15:31:25.701,10.76368,10.76621,0.00,0.00
2015.12.09 15:31:26.356,10.76368,10.76611,0.00,0.00
2015.12.09 15:31:26.667,10.76368,10.76581,0.00,0.00
2015.12.09 15:31:26.968,10.76368,10.766,0.00,0.00
2015.12.09 15:31:27.176,10.76368,10.76621,0.00,0.00
2015.12.09 15:31:27.474,10.76368,10.76611,0.00,0.00
2015.12.09 15:31:27.824,10.76368,10.76571,0.00,0.00
2015.12.09 15:31:28.082,10.76368,10.7658,0.00,0.00
2015.12.09 15:31:28.488,10.76368,10.76561,0.00,0.00
2015.12.09 15:31:28.639,10.7632,10.7656,0.00,0.00
2015.12.09 15:31:28.689,10.76318,10.76531,0.00,0.00
2015.12.09 15:31:28.841,10.76269,10.76511,0.00,0.00
2015.12.09 15:31:28.942,10.76318,10.76531,0.00,0.00
2015.12.09 15:31:28.992,10.76318,10.76561,0.00,0.00
2015.12.09 15:31:29.322,10.76368,10.76601,0.00,0.00
2015.12.09 15:31:29.373,10.76368,10.76609,0.00,0.00
2015.12.09 15:31:29.474,10.76368,10.76631,0.00,0.00
2015.12.09 15:31:29.680,10.7637,10.7663,0.00,0.00
2015.12.09 15:31:29.987,10.76368,10.7659,0.00,0.00
2015.12.09 15:31:30.288,10.76368,10.7664,0.00,0.00
2015.12.09 15:31:30.338,10.76368,10.7662,0.00,0.00
2015.12.09 15:31:30.641,10.76419,10.7661,0.00,0.00
2015.12.09 15:31:30.691,10.76419,10.76632,0.00,0.00
2015.12.09 15:31:30.843,10.76468,10.76691,0.00,0.00
2015.12.09 15:31:31.252,10.76468,10.76721,0.00,0.00
2015.12.09 15:31:31.303,10.76468,10.76731,0.00,0.00
2015.12.09 15:31:32.097,10.76468,10.7673,0.00,0.00
2015.12.09 15:31:32.446,10.76468,10.767,0.00,0.00
2015.12.09 15:31:32.547,10.76468,10.76721,0.00,0.00
2015.12.09 15:31:32.824,10.76568,10.7673,0.00,0.00
2015.12.09 15:31:32.924,10.76568,10.7674,0.00,0.00
2015.12.09 15:31:33.025,10.76568,10.7681,0.00,0.00
2015.12.09 15:31:33.437,10.76568,10.7677,0.00,0.00
2015.12.09 15:31:33.740,10.76618,10.76771,0.00,0.00
2015.12.09 15:31:33.790,10.76568,10.76771,0.00,0.00
2015.12.09 15:31:33.841,10.76568,10.76781,0.00,0.00
2015.12.09 15:31:33.892,10.76519,10.76781,0.00,0.00
2015.12.09 15:31:34.310,10.76519,10.76791,0.00,0.00
2015.12.09 15:31:34.537,10.76469,10.76781,0.00,0.00
2015.12.09 15:31:34.594,10.7647,10.7676,0.00,0.00
2015.12.09 15:31:34.896,10.76568,10.76821,0.00,0.00
2015.12.09 15:31:35.230,10.76519,10.7673,0.00,0.00
2015.12.09 15:31:35.432,10.76519,10.76781,0.00,0.00
2015.12.09 15:31:35.586,10.76568,10.76809,0.00,0.00
2015.12.09 15:31:35.883,10.7652,10.76809,0.00,0.00
2015.12.09 15:31:35.933,10.76518,10.76721,0.00,0.00
2015.12.09 15:31:35.984,10.76469,10.76721,0.00,0.00
2015.12.09 15:31:36.085,10.76469,10.76731,0.00,0.00
2015.12.09 15:31:36.135,10.76469,10.76721,0.00,0.00
2015.12.09 15:31:36.516,10.76418,10.7666,0.00,0.00
2015.12.09 15:31:36.824,10.76419,10.7664,0.00,0.00
2015.12.09 15:31:36.925,10.76418,10.76681,0.00,0.00
2015.12.09 15:31:37.213,10.76469,10.76681,0.00,0.00
2015.12.09 15:31:37.264,10.76469,10.76731,0.00,0.00
2015.12.09 15:31:37.728,10.76469,10.76752,0.00,0.00
2015.12.09 15:31:37.778,10.76519,10.76761,0.00,0.00
2015.12.09 15:31:37.879,10.76479,10.7674,0.00,0.00
2015.12.09 15:31:37.930,10.76479,10.76731,0.00,0.00
2015.12.09 15:31:37.981,10.76469,10.76731,0.00,0.00
2015.12.09 15:31:38.031,10.76469,10.767,0.00,0.00
2015.12.09 15:31:38.498,10.76468,10.76691,0.00,0.00
2015.12.09 15:31:38.850,10.76419,10.76691,0.00,0.00
2015.12.09 15:31:38.951,10.76468,10.76701,0.00,0.00
2015.12.09 15:31:39.254,10.76468,10.76731,0.00,0.00
2015.12.09 15:31:39.537,10.76468,10.76651,0.00,0.00
2015.12.09 15:31:39.638,10.76468,10.76681,0.00,0.00
2015.12.09 15:31:39.739,10.76419,10.76671,0.00,0.00
2015.12.09 15:31:40.258,10.76419,10.76722,0.00,0.00
2015.12.09 15:31:40.309,10.76468,10.76731,0.00,0.00
2015.12.09 15:31:40.652,10.76568,10.76801,0.00,0.00
2015.12.09 15:31:40.969,10.76518,10.76731,0.00,0.00
2015.12.09 15:31:41.170,10.76518,10.7678,0.00,0.00
2015.12.09 15:31:41.659,10.76518,10.7673,0.00,0.00
2015.12.09 15:31:41.710,10.76469,10.7673,0.00,0.00
2015.12.09 15:31:42.263,10.76469,10.76731,0.00,0.00
2015.12.09 15:31:42.765,10.76469,10.7673,0.00,0.00
2015.12.09 15:31:42.866,10.76469,10.76681,0.00,0.00
2015.12.09 15:31:43.197,10.76419,10.7663,0.00,0.00
2015.12.09 15:31:43.298,10.76468,10.76691,0.00,0.00
2015.12.09 15:31:43.976,10.76419,10.76691,0.00,0.00
2015.12.09 15:31:44.027,10.76419,10.7663,0.00,0.00
2015.12.09 15:31:44.128,10.76368,10.76631,0.00,0.00
2015.12.09 15:31:44.280,10.76368,10.7662,0.00,0.00
2015.12.09 15:31:44.780,10.76368,10.7659,0.00,0.00
2015.12.09 15:31:45.362,10.76418,10.7659,0.00,0.00
2015.12.09 15:31:45.412,10.76418,10.76639,0.00,0.00
2015.12.09 15:31:45.463,10.76418,10.76661,0.00,0.00
2015.12.09 15:31:45.984,10.76418,10.7666,0.00,0.00
2015.12.09 15:31:46.515,10.76418,10.76661,0.00,0.00
2015.12.09 15:31:46.616,10.76368,10.7663,0.00,0.00
2015.12.09 15:31:47.136,10.76368,10.76631,0.00,0.00
2015.12.09 15:31:48.099,10.76368,10.7663,0.00,0.00
2015.12.09 15:31:48.640,10.76418,10.7661,0.00,0.00
2015.12.09 15:31:48.864,10.76419,10.76638,0.00,0.00
2015.12.09 15:31:48.915,10.76418,10.7666,0.00,0.00
2015.12.09 15:31:49.468,10.76418,10.76661,0.00,0.00
2015.12.09 15:31:50.025,10.76418,10.7666,0.00,0.00
2015.12.09 15:31:50.565,10.76418,10.76661,0.00,0.00
2015.12.09 15:31:51.063,10.76418,10.76691,0.00,0.00
2015.12.09 15:31:51.167,10.76469,10.76691,0.00,0.00
2015.12.09 15:31:51.217,10.76469,10.76718,0.00,0.00
2015.12.09 15:31:51.271,10.76469,10.7672,0.00,0.00
2015.12.09 15:31:51.797,10.76469,10.76721,0.00,0.00
2015.12.09 15:31:52.096,10.76469,10.7673,0.00,0.00
2015.12.09 15:31:52.850,10.76469,10.76731,0.00,0.00
2015.12.09 15:31:54.200,10.76469,10.7671,0.00,0.00
2015.12.09 15:31:54.528,10.76469,10.76681,0.00,0.00
2015.12.09 15:31:54.755,10.76469,10.76711,0.00,0.00
2015.12.09 15:31:54.806,10.76469,10.7672,0.00,0.00
2015.12.09 15:31:55.335,10.76469,10.7669,0.00,0.00
2015.12.09 15:31:55.766,10.76469,10.7671,0.00,0.00
2015.12.09 15:31:55.816,10.76519,10.7671,0.00,0.00
2015.12.09 15:31:55.867,10.76519,10.7681,0.00,0.00
2015.12.09 15:31:55.918,10.76569,10.7681,0.00,0.00
2015.12.09 15:31:56.100,10.76519,10.76811,0.00,0.00
2015.12.09 15:31:56.303,10.76519,10.76731,0.00,0.00
2015.12.09 15:31:56.459,10.76569,10.768,0.00,0.00
2015.12.09 15:31:56.533,10.76569,10.76791,0.00,0.00
2015.12.09 15:31:56.584,10.76519,10.76791,0.00,0.00
2015.12.09 15:31:57.136,10.76519,10.7679,0.00,0.00
2015.12.09 15:31:57.372,10.76568,10.7679,0.00,0.00
2015.12.09 15:31:57.424,10.76568,10.76831,0.00,0.00
2015.12.09 15:31:57.780,10.76618,10.7685,0.00,0.00
2015.12.09 15:31:57.982,10.76568,10.7683,0.00,0.00
2015.12.09 15:31:58.285,10.76568,10.7682,0.00,0.00
2015.12.09 15:31:58.573,10.76568,10.7683,0.00,0.00
2015.12.09 15:31:58.675,10.76619,10.76882,0.00,0.00
2015.12.09 15:31:58.775,10.76669,10.7689,0.00,0.00
2015.12.09 15:31:58.977,10.76669,10.7691,0.00,0.00
2015.12.09 15:31:59.078,10.76669,10.7693,0.00,0.00
2015.12.09 15:31:59.735,10.76719,10.7693,0.00,0.00
2015.12.09 15:31:59.886,10.76669,10.7693,0.00,0.00
2015.12.09 15:31:59.987,10.76669,10.76921,0.00,0.00
2015.12.09 15:32:00.138,10.76669,10.7693,0.00,0.00
2015.12.09 15:32:00.189,10.76718,10.76931,0.00,0.00
2015.12.09 15:32:00.240,10.76718,10.76941,0.00,0.00
2015.12.09 15:32:00.559,10.76768,10.76991,0.00,0.00
2015.12.09 15:32:00.610,10.76718,10.7696,0.00,0.00
2015.12.09 15:32:01.122,10.76718,10.76961,0.00,0.00
2015.12.09 15:32:01.383,10.76768,10.76999,0.00,0.00
2015.12.09 15:32:01.434,10.76768,10.77011,0.00,0.00
2015.12.09 15:32:01.630,10.76768,10.7703,0.00,0.00
2015.12.09 15:32:02.194,10.76768,10.77031,0.00,0.00
2015.12.09 15:32:02.474,10.76769,10.77068,0.00,0.00
2015.12.09 15:32:02.525,10.76819,10.77071,0.00,0.00
2015.12.09 15:32:02.802,10.76869,10.77131,0.00,0.00
2015.12.09 15:32:03.843,10.76869,10.7713,0.00,0.00
2015.12.09 15:32:03.948,10.76919,10.7713,0.00,0.00
2015.12.09 15:32:04.050,10.76902,10.77131,0.00,0.00
2015.12.09 15:32:04.151,10.76968,10.77131,0.00,0.00
2015.12.09 15:32:04.201,10.76968,10.77191,0.00,0.00
2015.12.09 15:32:04.252,10.76968,10.77198,0.00,0.00
2015.12.09 15:32:04.302,10.76968,10.7713,0.00,0.00
2015.12.09 15:32:04.353,10.76871,10.7713,0.00,0.00
2015.12.09 15:32:04.875,10.76871,10.77131,0.00,0.00
2015.12.09 15:32:04.926,10.76871,10.7709,0.00,0.00
2015.12.09 15:32:05.085,10.76871,10.77131,0.00,0.00
2015.12.09 15:32:05.186,10.76868,10.77131,0.00,0.00
2015.12.09 15:32:05.514,10.76868,10.77121,0.00,0.00
2015.12.09 15:32:05.846,10.76868,10.7711,0.00,0.00
2015.12.09 15:32:05.897,10.76868,10.7712,0.00,0.00
2015.12.09 15:32:05.998,10.76868,10.7713,0.00,0.00
2015.12.09 15:32:06.149,10.76918,10.77131,0.00,0.00
2015.12.09 15:32:06.200,10.76918,10.77161,0.00,0.00
2015.12.09 15:32:06.401,10.76918,10.77222,0.00,0.00
2015.12.09 15:32:06.452,10.76918,10.77231,0.00,0.00
2015.12.09 15:32:06.755,10.76918,10.77201,0.00,0.00
2015.12.09 15:32:07.057,10.76968,10.77211,0.00,0.00
2015.12.09 15:32:07.107,10.76968,10.7722,0.00,0.00
2015.12.09 15:32:07.542,10.76968,10.77231,0.00,0.00
2015.12.09 15:32:07.934,10.76968,10.7722,0.00,0.00
2015.12.09 15:32:08.236,10.76919,10.77131,0.00,0.00
2015.12.09 15:32:08.438,10.76869,10.77141,0.00,0.00
2015.12.09 15:32:08.868,10.76869,10.77041,0.00,0.00
2015.12.09 15:32:08.919,10.76808,10.7704,0.00,0.00
2015.12.09 15:32:08.970,10.76768,10.7704,0.00,0.00
2015.12.09 15:32:09.526,10.76768,10.77041,0.00,0.00
2015.12.09 15:32:09.627,10.76768,10.77031,0.00,0.00
2015.12.09 15:32:09.712,10.76768,10.77041,0.00,0.00
2015.12.09 15:32:09.891,10.76768,10.77021,0.00,0.00
2015.12.09 15:32:09.942,10.76768,10.77031,0.00,0.00
2015.12.09 15:32:10.260,10.76768,10.7704,0.00,0.00
2015.12.09 15:32:10.415,10.76768,10.77031,0.00,0.00
2015.12.09 15:32:10.962,10.76768,10.77001,0.00,0.00
2015.12.09 15:32:11.063,10.76768,10.7701,0.00,0.00
2015.12.09 15:32:11.121,10.76768,10.77001,0.00,0.00
2015.12.09 15:32:11.425,10.76768,10.77032,0.00,0.00
2015.12.09 15:32:11.475,10.76768,10.77039,0.00,0.00
2015.12.09 15:32:11.576,10.76768,10.77041,0.00,0.00
2015.12.09 15:32:11.728,10.76768,10.7701,0.00,0.00
2015.12.09 15:32:12.038,10.76768,10.77001,0.00,0.00
2015.12.09 15:32:12.240,10.76768,10.77041,0.00,0.00
2015.12.09 15:32:12.642,10.76768,10.77031,0.00,0.00
2015.12.09 15:32:13.150,10.76768,10.7701,0.00,0.00
2015.12.09 15:32:13.369,10.76718,10.77011,0.00,0.00
2015.12.09 15:32:13.420,10.76718,10.77001,0.00,0.00
2015.12.09 15:32:13.741,10.76835,10.76988,0.00,0.00
2015.12.09 15:32:13.842,10.76768,10.7703,0.00,0.00
2015.12.09 15:32:14.636,10.76768,10.77031,0.00,0.00
2015.12.09 15:32:14.917,10.7672,10.7703,0.00,0.00
2015.12.09 15:32:14.968,10.7684,10.76988,0.00,0.00
2015.12.09 15:32:15.272,10.76768,10.76991,0.00,0.00
2015.12.09 15:32:15.520,10.76768,10.77031,0.00,0.00
2015.12.09 15:32:15.790,10.76768,10.77041,0.00,0.00
2015.12.09 15:32:16.069,10.76768,10.77021,0.00,0.00
2015.12.09 15:32:16.514,10.76768,10.77011,0.00,0.00
2015.12.09 15:32:16.780,10.76768,10.7704,0.00,0.00
2015.12.09 15:32:16.932,10.76818,10.77041,0.00,0.00
2015.12.09 15:32:16.982,10.76818,10.77099,0.00,0.00
2015.12.09 15:32:17.033,10.76868,10.77099,0.00,0.00
2015.12.09 15:32:17.142,10.76868,10.77139,0.00,0.00
2015.12.09 15:32:17.192,10.76868,10.77101,0.00,0.00
2015.12.09 15:32:17.553,10.76868,10.77139,0.00,0.00
2015.12.09 15:32:17.604,10.76868,10.77141,0.00,0.00
2015.12.09 15:32:18.035,10.76868,10.77138,0.00,0.00
2015.12.09 15:32:18.237,10.76868,10.77141,0.00,0.00
2015.12.09 15:32:18.790,10.76868,10.7714,0.00,0.00
2015.12.09 15:32:19.473,10.76868,10.77141,0.00,0.00
2015.12.09 15:32:19.719,10.76868,10.7712,0.00,0.00
2015.12.09 15:32:19.777,10.76868,10.7713,0.00,0.00
2015.12.09 15:32:20.080,10.76868,10.7712,0.00,0.00
2015.12.09 15:32:20.181,10.76868,10.77131,0.00,0.00
2015.12.09 15:32:20.783,10.76868,10.77121,0.00,0.00
2015.12.09 15:32:21.101,10.76879,10.77101,0.00,0.00
2015.12.09 15:32:21.589,10.76879,10.77112,0.00,0.00
2015.12.09 15:32:21.640,10.76879,10.77132,0.00,0.00
2015.12.09 15:32:21.791,10.76879,10.77111,0.00,0.00
2015.12.09 15:32:21.992,10.76879,10.77141,0.00,0.00
2015.12.09 15:32:22.043,10.76879,10.77121,0.00,0.00
2015.12.09 15:32:22.224,10.76879,10.77141,0.00,0.00
2015.12.09 15:32:22.697,10.76879,10.7712,0.00,0.00
2015.12.09 15:32:22.798,10.76879,10.7714,0.00,0.00
2015.12.09 15:32:23.000,10.76879,10.77131,0.00,0.00
2015.12.09 15:32:23.101,10.76879,10.7714,0.00,0.00
2015.12.09 15:32:23.307,10.76879,10.77091,0.00,0.00
2015.12.09 15:32:23.510,10.76929,10.77159,0.00,0.00
2015.12.09 15:32:23.561,10.76929,10.77202,0.00,0.00
2015.12.09 15:32:23.612,10.76979,10.7724,0.00,0.00
2015.12.09 15:32:23.957,10.76928,10.77151,0.00,0.00
2015.12.09 15:32:24.008,10.7693,10.77198,0.00,0.00
2015.12.09 15:32:24.060,10.7693,10.77192,0.00,0.00
2015.12.09 15:32:24.317,10.76978,10.77241,0.00,0.00
2015.12.09 15:32:25.213,10.76978,10.7724,0.00,0.00
2015.12.09 15:32:25.721,10.76978,10.77241,0.00,0.00
2015.12.09 15:32:26.052,10.76978,10.77239,0.00,0.00
2015.12.09 15:32:26.319,10.76929,10.77199,0.00,0.00
2015.12.09 15:32:26.772,10.76928,10.77182,0.00,0.00
2015.12.09 15:32:26.825,10.76928,10.77199,0.00,0.00
2015.12.09 15:32:27.119,10.76978,10.77199,0.00,0.00
2015.12.09 15:32:27.271,10.76978,10.77222,0.00,0.00
2015.12.09 15:32:27.375,10.76978,10.77238,0.00,0.00
2015.12.09 15:32:27.605,10.76978,10.77241,0.00,0.00
2015.12.09 15:32:27.999,10.76928,10.77241,0.00,0.00
2015.12.09 15:32:28.050,10.76928,10.77151,0.00,0.00
2015.12.09 15:32:28.380,10.76978,10.77191,0.00,0.00
2015.12.09 15:32:28.431,10.76978,10.77232,0.00,0.00
2015.12.09 15:32:28.481,10.76978,10.77221,0.00,0.00
2015.12.09 15:32:28.722,10.76978,10.77241,0.00,0.00
2015.12.09 15:32:29.381,10.76978,10.7724,0.00,0.00
2015.12.09 15:32:29.435,10.76978,10.77232,0.00,0.00
2015.12.09 15:32:29.536,10.76978,10.77241,0.00,0.00
2015.12.09 15:32:29.987,10.76978,10.7723,0.00,0.00
2015.12.09 15:32:30.335,10.76908,10.77072,0.00,0.00
2015.12.09 15:32:30.386,10.76891,10.77072,0.00,0.00
2015.12.09 15:32:30.489,10.76841,10.77072,0.00,0.00
2015.12.09 15:32:30.841,10.76841,10.77141,0.00,0.00
2015.12.09 15:32:30.943,10.76841,10.77152,0.00,0.00
2015.12.09 15:32:31.226,10.76889,10.77199,0.00,0.00
2015.12.09 15:32:31.481,10.76841,10.77152,0.00,0.00
2015.12.09 15:32:32.729,10.76841,10.77101,0.00,0.00
2015.12.09 15:32:32.779,10.76792,10.77101,0.00,0.00
2015.12.09 15:32:33.391,10.76792,10.77052,0.00,0.00
2015.12.09 15:32:33.442,10.76758,10.77052,0.00,0.00
2015.12.09 15:32:33.493,10.76741,10.77052,0.00,0.00
2015.12.09 15:32:33.644,10.76788,10.77071,0.00,0.00
2015.12.09 15:32:33.694,10.76788,10.77102,0.00,0.00
2015.12.09 15:32:33.912,10.768,10.77102,0.00,0.00
2015.12.09 15:32:34.013,10.76788,10.77102,0.00,0.00
2015.12.09 15:32:34.385,10.76788,10.7709,0.00,0.00
2015.12.09 15:32:34.824,10.76752,10.77052,0.00,0.00
2015.12.09 15:32:35.106,10.76692,10.77001,0.00,0.00
2015.12.09 15:32:35.393,10.76739,10.77011,0.00,0.00
2015.12.09 15:32:35.494,10.76739,10.77022,0.00,0.00
2015.12.09 15:32:35.544,10.76741,10.77022,0.00,0.00
2015.12.09 15:32:35.595,10.76788,10.77099,0.00,0.00
2015.12.09 15:32:35.696,10.76788,10.77102,0.00,0.00
2015.12.09 15:32:35.848,10.76779,10.77052,0.00,0.00
2015.12.09 15:32:35.899,10.76758,10.77052,0.00,0.00
2015.12.09 15:32:35.958,10.76741,10.77052,0.00,0.00
2015.12.09 15:32:36.487,10.76788,10.77091,0.00,0.00
2015.12.09 15:32:36.589,10.76788,10.771,0.00,0.00
2015.12.09 15:32:36.690,10.76741,10.77052,0.00,0.00
2015.12.09 15:32:37.764,10.76749,10.77052,0.00,0.00
2015.12.09 15:32:37.815,10.76788,10.77099,0.00,0.00
2015.12.09 15:32:37.916,10.76788,10.77102,0.00,0.00
2015.12.09 15:32:38.219,10.76791,10.77102,0.00,0.00
2015.12.09 15:32:38.320,10.76788,10.77102,0.00,0.00
2015.12.09 15:32:38.423,10.76788,10.7709,0.00,0.00
2015.12.09 15:32:38.742,10.76742,10.77002,0.00,0.00
2015.12.09 15:32:38.793,10.76691,10.77002,0.00,0.00
2015.12.09 15:32:38.971,10.76721,10.77002,0.00,0.00
2015.12.09 15:32:39.021,10.76738,10.77032,0.00,0.00
2015.12.09 15:32:39.072,10.76738,10.77052,0.00,0.00
2015.12.09 15:32:39.300,10.76741,10.77052,0.00,0.00
2015.12.09 15:32:42.756,10.76741,10.77001,0.00,0.00
2015.12.09 15:32:42.907,10.76689,10.76991,0.00,0.00
2015.12.09 15:32:42.958,10.76689,10.76969,0.00,0.00
2015.12.09 15:32:43.459,10.76738,10.77039,0.00,0.00
2015.12.09 15:32:43.728,10.76788,10.77039,0.00,0.00
2015.12.09 15:32:43.829,10.76788,10.77089,0.00,0.00
2015.12.09 15:32:43.989,10.76839,10.77089,0.00,0.00
2015.12.09 15:32:44.039,10.76839,10.77141,0.00,0.00
2015.12.09 15:32:44.140,10.76839,10.77131,0.00,0.00
2015.12.09 15:32:44.191,10.76788,10.77102,0.00,0.00
2015.12.09 15:32:44.741,10.76888,10.77141,0.00,0.00
2015.12.09 15:32:44.942,10.76789,10.77101,0.00,0.00
2015.12.09 15:32:45.306,10.76739,10.77052,0.00,0.00
2015.12.09 15:32:45.357,10.76738,10.77041,0.00,0.00
2015.12.09 15:32:45.508,10.76689,10.77001,0.00,0.00
2015.12.09 15:32:45.944,10.76678,10.76951,0.00,0.00
2015.12.09 15:32:45.994,10.76648,10.76951,0.00,0.00
2015.12.09 15:32:46.045,10.76648,10.76941,0.00,0.00
2015.12.09 15:32:46.096,10.76639,10.76941,0.00,0.00
2015.12.09 15:32:46.147,10.76639,10.76901,0.00,0.00
2015.12.09 15:32:46.198,10.76588,10.76901,0.00,0.00
2015.12.09 15:32:46.349,10.76588,10.7689,0.00,0.00
2015.12.09 15:32:46.873,10.76588,10.76902,0.00,0.00
2015.12.09 15:32:46.923,10.76638,10.76918,0.00,0.00
2015.12.09 15:32:47.025,10.76638,10.76921,0.00,0.00
2015.12.09 15:32:47.126,10.76638,10.76928,0.00,0.00
2015.12.09 15:32:47.176,10.76649,10.76901,0.00,0.00
2015.12.09 15:32:47.227,10.76619,10.76901,0.00,0.00
2015.12.09 15:32:47.328,10.76638,10.7694,0.00,0.00
2015.12.09 15:32:47.851,10.76638,10.76941,0.00,0.00
2015.12.09 15:32:48.484,10.76589,10.76901,0.00,0.00
2015.12.09 15:32:48.535,10.76599,10.76901,0.00,0.00
2015.12.09 15:32:48.861,10.76538,10.7684,0.00,0.00
2015.12.09 15:32:49.164,10.76488,10.76802,0.00,0.00
2015.12.09 15:32:49.459,10.76459,10.76752,0.00,0.00
2015.12.09 15:32:49.799,10.76412,10.76702,0.00,0.00
2015.12.09 15:32:49.900,10.76388,10.76702,0.00,0.00
2015.12.09 15:32:49.951,10.76399,10.76702,0.00,0.00
2015.12.09 15:32:50.130,10.76388,10.76702,0.00,0.00
2015.12.09 15:32:50.513,10.76408,10.76702,0.00,0.00
2015.12.09 15:32:50.671,10.76388,10.76702,0.00,0.00
2015.12.09 15:32:50.976,10.76388,10.7667,0.00,0.00
2015.12.09 15:32:51.450,10.76358,10.76651,0.00,0.00
2015.12.09 15:32:51.672,10.76339,10.76651,0.00,0.00
2015.12.09 15:32:51.773,10.76288,10.76602,0.00,0.00
2015.12.09 15:32:52.308,10.76338,10.76611,0.00,0.00
2015.12.09 15:32:52.359,10.76338,10.76629,0.00,0.00
2015.12.09 15:32:52.410,10.76338,10.76652,0.00,0.00
2015.12.09 15:32:52.653,10.76388,10.76681,0.00,0.00
2015.12.09 15:32:52.754,10.76388,10.76702,0.00,0.00
2015.12.09 15:32:53.648,10.7635,10.76622,0.00,0.00
2015.12.09 15:32:53.699,10.76308,10.76621,0.00,0.00
2015.12.09 15:32:53.872,10.76308,10.76571,0.00,0.00
2015.12.09 15:32:53.923,10.76229,10.76521,0.00,0.00
2015.12.09 15:32:54.024,10.76231,10.76521,0.00,0.00
2015.12.09 15:32:54.075,10.76279,10.76572,0.00,0.00
2015.12.09 15:32:54.583,10.7628,10.76572,0.00,0.00
2015.12.09 15:32:54.634,10.76311,10.7662,0.00,0.00
2015.12.09 15:32:54.785,10.76329,10.76621,0.00,0.00
2015.12.09 15:32:55.179,10.7633,10.76571,0.00,0.00
2015.12.09 15:32:55.330,10.76311,10.76571,0.00,0.00
2015.12.09 15:32:55.431,10.76252,10.76521,0.00,0.00
2015.12.09 15:32:55.491,10.76229,10.76521,0.00,0.00
2015.12.09 15:32:55.541,10.76229,10.76422,0.00,0.00
2015.12.09 15:32:55.642,10.76211,10.76422,0.00,0.00
2015.12.09 15:32:55.745,10.76211,10.76472,0.00,0.00
2015.12.09 15:32:55.847,10.76211,10.76422,0.00,0.00
2015.12.09 15:32:56.194,10.7614,10.76422,0.00,0.00
2015.12.09 15:32:56.245,10.76129,10.76422,0.00,0.00
2015.12.09 15:32:56.702,10.76142,10.76422,0.00,0.00
2015.12.09 15:32:57.020,10.76179,10.76422,0.00,0.00
2015.12.09 15:32:57.071,10.76129,10.76422,0.00,0.00
2015.12.09 15:32:57.426,10.7615,10.76422,0.00,0.00
2015.12.09 15:32:57.730,10.7621,10.76472,0.00,0.00
2015.12.09 15:32:58.155,10.76219,10.76472,0.00,0.00
2015.12.09 15:32:58.260,10.76209,10.76472,0.00,0.00
2015.12.09 15:32:58.487,10.76219,10.76522,0.00,0.00
2015.12.09 15:32:58.588,10.76238,10.76522,0.00,0.00
2015.12.09 15:32:58.639,10.76228,10.76522,0.00,0.00
2015.12.09 15:32:58.712,10.76259,10.76522,0.00,0.00
2015.12.09 15:32:58.963,10.76232,10.76522,0.00,0.00
2015.12.09 15:32:59.867,10.76238,10.76522,0.00,0.00
2015.12.09 15:32:59.968,10.76232,10.76522,0.00,0.00
2015.12.09 15:33:00.204,10.76241,10.76522,0.00,0.00
2015.12.09 15:33:00.509,10.76241,10.76471,0.00,0.00
2015.12.09 15:33:00.761,10.76182,10.76422,0.00,0.00
2015.12.09 15:33:00.965,10.7619,10.76422,0.00,0.00
2015.12.09 15:33:01.067,10.76182,10.76422,0.00,0.00
2015.12.09 15:33:01.243,10.76212,10.76422,0.00,0.00
2015.12.09 15:33:01.295,10.76212,10.7647,0.00,0.00
2015.12.09 15:33:01.348,10.76221,10.7652,0.00,0.00
2015.12.09 15:33:01.449,10.76238,10.76472,0.00,0.00
2015.12.09 15:33:01.651,10.76231,10.76472,0.00,0.00
2015.12.09 15:33:01.752,10.76282,10.76522,0.00,0.00
2015.12.09 15:33:02.378,10.76288,10.76522,0.00,0.00
2015.12.09 15:33:02.479,10.76282,10.76522,0.00,0.00
2015.12.09 15:33:02.651,10.76298,10.76522,0.00,0.00
2015.12.09 15:33:03.046,10.76298,10.76522,0.00,0.00
2015.12.09 15:33:03.449,10.76298,10.76571,0.00,0.00
2015.12.09 15:33:03.550,10.76316,10.76571,0.00,0.00
2015.12.09 15:33:03.853,10.76317,10.76522,0.00,0.00
2015.12.09 15:33:04.388,10.76317,10.76521,0.00,0.00
2015.12.09 15:33:04.540,10.76324,10.76572,0.00,0.00
2015.12.09 15:33:04.640,10.76357,10.76572,0.00,0.00
2015.12.09 15:33:04.741,10.76366,10.76622,0.00,0.00
2015.12.09 15:33:05.244,10.76366,10.76571,0.00,0.00
2015.12.09 15:33:05.395,10.76291,10.76521,0.00,0.00
2015.12.09 15:33:05.944,10.76291,10.76522,0.00,0.00
2015.12.09 15:33:06.181,10.76316,10.7657,0.00,0.00
2015.12.09 15:33:06.550,10.76367,10.76571,0.00,0.00
2015.12.09 15:33:06.651,10.76386,10.76621,0.00,0.00
2015.12.09 15:33:06.701,10.76406,10.76621,0.00,0.00
2015.12.09 15:33:07.529,10.76371,10.76621,0.00,0.00
2015.12.09 15:33:07.582,10.76371,10.76572,0.00,0.00
2015.12.09 15:33:07.905,10.76321,10.76522,0.00,0.00
2015.12.09 15:33:08.998,10.76321,10.76571,0.00,0.00
2015.12.09 15:33:09.049,10.76372,10.76572,0.00,0.00
2015.12.09 15:33:09.362,10.76372,10.76522,0.00,0.00
2015.12.09 15:33:09.463,10.76288,10.76522,0.00,0.00
2015.12.09 15:33:09.514,10.76282,10.76522,0.00,0.00
2015.12.09 15:33:10.237,10.76282,10.76571,0.00,0.00
2015.12.09 15:33:10.338,10.76371,10.7657,0.00,0.00
2015.12.09 15:33:10.389,10.76371,10.76572,0.00,0.00
2015.12.09 15:33:10.567,10.76371,10.76522,0.00,0.00
2015.12.09 15:33:10.668,10.76321,10.76522,0.00,0.00
2015.12.09 15:33:11.014,10.76351,10.76572,0.00,0.00
2015.12.09 15:33:11.115,10.76371,10.76572,0.00,0.00
2015.12.09 15:33:11.166,10.76371,10.76622,0.00,0.00
2015.12.09 15:33:11.267,10.76389,10.7667,0.00,0.00
2015.12.09 15:33:11.376,10.76389,10.76701,0.00,0.00
2015.12.09 15:33:11.427,10.76391,10.76701,0.00,0.00
2015.12.09 15:33:12.329,10.76401,10.76701,0.00,0.00
2015.12.09 15:33:12.631,10.76411,10.76701,0.00,0.00
2015.12.09 15:33:18.136,10.76401,10.76701,0.00,0.00
2015.12.09 15:33:18.289,10.76392,10.76701,0.00,0.00
2015.12.09 15:33:18.570,10.76389,10.76701,0.00,0.00
2015.12.09 15:33:18.621,10.76389,10.76691,0.00,0.00
2015.12.09 15:33:18.961,10.76389,10.76701,0.00,0.00
2015.12.09 15:33:19.062,10.76389,10.76691,0.00,0.00
2015.12.09 15:33:19.465,10.76412,10.76701,0.00,0.00
2015.12.09 15:33:19.797,10.76392,10.76701,0.00,0.00
2015.12.09 15:33:20.070,10.76389,10.76701,0.00,0.00
2015.12.09 15:33:20.248,10.76412,10.76701,0.00,0.00
2015.12.09 15:33:20.677,10.76389,10.76701,0.00,0.00
2015.12.09 15:33:21.197,10.76389,10.767,0.00,0.00
2015.12.09 15:33:21.731,10.76389,10.76701,0.00,0.00
2015.12.09 15:33:21.882,10.76412,10.76701,0.00,0.00
2015.12.09 15:33:22.284,10.76389,10.76701,0.00,0.00
2015.12.09 15:33:22.334,10.76389,10.76691,0.00,0.00
2015.12.09 15:33:22.665,10.76389,10.7668,0.00,0.00
2015.12.09 15:33:22.986,10.76371,10.76652,0.00,0.00
2015.12.09 15:33:24.802,10.76338,10.76601,0.00,0.00
2015.12.09 15:33:24.903,10.76372,10.76652,0.00,0.00
2015.12.09 15:33:25.206,10.76412,10.76701,0.00,0.00
2015.12.09 15:33:25.542,10.76392,10.76701,0.00,0.00
2015.12.09 15:33:25.777,10.76419,10.76701,0.00,0.00
2015.12.09 15:33:25.829,10.76449,10.76752,0.00,0.00
2015.12.09 15:33:25.880,10.76472,10.76752,0.00,0.00
2015.12.09 15:33:26.448,10.76488,10.76801,0.00,0.00
2015.12.09 15:33:26.737,10.76471,10.76752,0.00,0.00
2015.12.09 15:33:26.889,10.76511,10.76801,0.00,0.00
2015.12.09 15:33:27.961,10.76511,10.768,0.00,0.00
2015.12.09 15:33:28.162,10.76492,10.76801,0.00,0.00
2015.12.09 15:33:28.213,10.76492,10.76781,0.00,0.00
2015.12.09 15:33:28.415,10.76511,10.76801,0.00,0.00
2015.12.09 15:33:30.671,10.76511,10.76791,0.00,0.00
2015.12.09 15:33:31.254,10.76511,10.76801,0.00,0.00
2015.12.09 15:33:32.457,10.76511,10.76792,0.00,0.00
2015.12.09 15:33:33.013,10.76511,10.76801,0.00,0.00
2015.12.09 15:33:33.429,10.76511,10.76792,0.00,0.00
2015.12.09 15:33:33.731,10.76481,10.76721,0.00,0.00
2015.12.09 15:33:34.158,10.76511,10.76721,0.00,0.00
2015.12.09 15:33:34.210,10.76491,10.76721,0.00,0.00
2015.12.09 15:33:34.630,10.76511,10.76721,0.00,0.00
2015.12.09 15:33:35.223,10.76482,10.76721,0.00,0.00
2015.12.09 15:33:35.635,10.76491,10.76721,0.00,0.00
2015.12.09 15:33:36.000,10.76412,10.76672,0.00,0.00
2015.12.09 15:33:36.051,10.76412,10.76622,0.00,0.00
2015.12.09 15:33:36.893,10.76412,10.76571,0.00,0.00
2015.12.09 15:33:36.943,10.76372,10.76571,0.00,0.00
2015.12.09 15:33:37.218,10.76361,10.76571,0.00,0.00
2015.12.09 15:33:37.269,10.76361,10.76621,0.00,0.00
2015.12.09 15:33:37.320,10.76412,10.76621,0.00,0.00
2015.12.09 15:33:38.396,10.76391,10.76621,0.00,0.00
2015.12.09 15:33:39.264,10.76411,10.76621,0.00,0.00
2015.12.09 15:33:40.641,10.76411,10.76671,0.00,0.00
2015.12.09 15:33:40.691,10.76471,10.76672,0.00,0.00
2015.12.09 15:33:46.786,10.76471,10.76712,0.00,0.00
2015.12.09 15:33:47.011,10.76482,10.76712,0.00,0.00
2015.12.09 15:33:47.314,10.76511,10.76712,0.00,0.00
2015.12.09 15:33:48.111,10.76572,10.76712,0.00,0.00
2015.12.09 15:33:48.162,10.76511,10.7676,0.00,0.00
2015.12.09 15:33:48.213,10.76511,10.76712,0.00,0.00
2015.12.09 15:33:48.661,10.76511,10.76662,0.00,0.00
2015.12.09 15:33:48.712,10.76411,10.76662,0.00,0.00
2015.12.09 15:33:48.813,10.76429,10.76662,0.00,0.00
2015.12.09 15:33:49.144,10.76511,10.76711,0.00,0.00
2015.12.09 15:33:49.194,10.76511,10.76761,0.00,0.00
2015.12.09 15:33:49.245,10.7653,10.76761,0.00,0.00
2015.12.09 15:33:49.447,10.76572,10.76812,0.00,0.00
2015.12.09 15:33:50.180,10.76592,10.76812,0.00,0.00
2015.12.09 15:33:50.483,10.76612,10.76812,0.00,0.00
2015.12.09 15:33:51.144,10.76591,10.76812,0.00,0.00
2015.12.09 15:33:51.325,10.76629,10.76812,0.00,0.00
2015.12.09 15:33:51.376,10.76629,10.76862,0.00,0.00
2015.12.09 15:33:51.477,10.76672,10.76862,0.00,0.00
2015.12.09 15:33:51.527,10.76672,10.76912,0.00,0.00
2015.12.09 15:33:52.295,10.76692,10.76912,0.00,0.00
2015.12.09 15:33:52.646,10.76701,10.76912,0.00,0.00
2015.12.09 15:33:53.220,10.76711,10.76912,0.00,0.00
2015.12.09 15:33:53.586,10.76698,10.76912,0.00,0.00
2015.12.09 15:33:53.701,10.76671,10.76912,0.00,0.00
2015.12.09 15:33:54.105,10.76691,10.76912,0.00,0.00
2015.12.09 15:33:54.994,10.76712,10.76912,0.00,0.00
2015.12.09 15:33:57.316,10.76712,10.7696,0.00,0.00
2015.12.09 15:33:57.366,10.76729,10.76961,0.00,0.00
2015.12.09 15:33:57.748,10.76821,10.77012,0.00,0.00
2015.12.09 15:34:00.522,10.76821,10.77061,0.00,0.00
2015.12.09 15:34:00.623,10.76871,10.77062,0.00,0.00
2015.12.09 15:34:00.742,10.76871,10.77112,0.00,0.00
2015.12.09 15:34:00.974,10.76921,10.77112,0.00,0.00
2015.12.09 15:34:01.496,10.76921,10.77121,0.00,0.00
2015.12.09 15:34:02.392,10.76922,10.77121,0.00,0.00
2015.12.09 15:34:02.493,10.76922,10.77152,0.00,0.00
2015.12.09 15:34:03.049,10.76921,10.77152,0.00,0.00
2015.12.09 15:34:03.150,10.76938,10.7719,0.00,0.00
2015.12.09 15:34:03.299,10.77002,10.7719,0.00,0.00
2015.12.09 15:34:03.349,10.77002,10.77252,0.00,0.00
2015.12.09 15:34:04.452,10.77012,10.77252,0.00,0.00
2015.12.09 15:34:05.468,10.77011,10.77252,0.00,0.00
2015.12.09 15:34:05.770,10.76911,10.77191,0.00,0.00
2015.12.09 15:34:05.821,10.76911,10.77152,0.00,0.00
2015.12.09 15:34:06.758,10.76961,10.77152,0.00,0.00
2015.12.09 15:34:07.260,10.76961,10.77141,0.00,0.00
2015.12.09 15:34:07.311,10.76911,10.77141,0.00,0.00
2015.12.09 15:34:08.012,10.76911,10.77191,0.00,0.00
2015.12.09 15:34:08.113,10.77001,10.77241,0.00,0.00
2015.12.09 15:34:09.086,10.77011,10.77241,0.00,0.00
2015.12.09 15:34:09.187,10.77001,10.77241,0.00,0.00
2015.12.09 15:34:10.338,10.77001,10.77192,0.00,0.00
2015.12.09 15:34:10.389,10.76962,10.77192,0.00,0.00
2015.12.09 15:34:10.657,10.76952,10.77192,0.00,0.00
2015.12.09 15:34:10.708,10.76952,10.7723,0.00,0.00
2015.12.09 15:34:10.759,10.77001,10.77242,0.00,0.00
2015.12.09 15:34:11.653,10.77001,10.77192,0.00,0.00
2015.12.09 15:34:11.999,10.76991,10.77182,0.00,0.00
2015.12.09 15:34:12.302,10.76918,10.77221,0.00,0.00
2015.12.09 15:34:12.403,10.76952,10.77232,0.00,0.00
2015.12.09 15:34:13.266,10.76918,10.77232,0.00,0.00
2015.12.09 15:34:13.317,10.76912,10.77181,0.00,0.00
2015.12.09 15:34:14.236,10.76902,10.77181,0.00,0.00
2015.12.09 15:34:14.488,10.76911,10.77181,0.00,0.00
2015.12.09 15:34:15.280,10.76919,10.7722,0.00,0.00
2015.12.09 15:34:15.331,10.76962,10.77231,0.00,0.00
2015.12.09 15:34:16.922,10.76991,10.7728,0.00,0.00
2015.12.09 15:34:17.124,10.77002,10.77282,0.00,0.00
2015.12.09 15:34:18.757,10.77002,10.77271,0.00,0.00
2015.12.09 15:34:19.147,10.77002,10.77282,0.00,0.00
2015.12.09 15:34:20.196,10.77002,10.77182,0.00,0.00
2015.12.09 15:34:20.297,10.76991,10.77182,0.00,0.00
2015.12.09 15:34:20.566,10.76911,10.77182,0.00,0.00
2015.12.09 15:34:21.427,10.76901,10.77182,0.00,0.00
2015.12.09 15:34:21.629,10.76901,10.77131,0.00,0.00
2015.12.09 15:34:21.730,10.76871,10.77131,0.00,0.00
2015.12.09 15:34:22.181,10.76871,10.77171,0.00,0.00
2015.12.09 15:34:22.232,10.76871,10.77181,0.00,0.00
2015.12.09 15:34:22.282,10.76902,10.77181,0.00,0.00
2015.12.09 15:34:23.048,10.76912,10.77181,0.00,0.00
2015.12.09 15:34:25.377,10.76901,10.77181,0.00,0.00
2015.12.09 15:34:26.603,10.76922,10.77181,0.00,0.00
2015.12.09 15:34:26.704,10.76922,10.7722,0.00,0.00
2015.12.09 15:34:26.807,10.76971,10.77232,0.00,0.00
2015.12.09 15:34:27.144,10.76929,10.77182,0.00,0.00
2015.12.09 15:34:27.295,10.76902,10.77182,0.00,0.00
2015.12.09 15:34:27.751,10.76922,10.77182,0.00,0.00
2015.12.09 15:34:28.355,10.76921,10.77182,0.00,0.00
2015.12.09 15:34:29.174,10.76929,10.77182,0.00,0.00
2015.12.09 15:34:29.225,10.76929,10.77231,0.00,0.00
2015.12.09 15:34:29.275,10.76938,10.77231,0.00,0.00
2015.12.09 15:34:29.578,10.76972,10.77232,0.00,0.00
2015.12.09 15:34:31.455,10.76992,10.7727,0.00,0.00
2015.12.09 15:34:31.506,10.77011,10.77281,0.00,0.00
2015.12.09 15:34:33.543,10.77021,10.77281,0.00,0.00
2015.12.09 15:34:34.832,10.77011,10.77281,0.00,0.00
2015.12.09 15:34:35.037,10.77011,10.77271,0.00,0.00
2015.12.09 15:34:35.289,10.77011,10.77282,0.00,0.00
2015.12.09 15:34:35.390,10.77002,10.77282,0.00,0.00
2015.12.09 15:34:35.743,10.77002,10.7727,0.00,0.00
2015.12.09 15:34:35.945,10.77002,10.77282,0.00,0.00
2015.12.09 15:34:35.996,10.77012,10.77282,0.00,0.00
2015.12.09 15:34:36.342,10.77002,10.77282,0.00,0.00
2015.12.09 15:34:36.546,10.77002,10.77251,0.00,0.00
2015.12.09 15:34:36.698,10.76971,10.77246,0.00,0.00
2015.12.09 15:34:37.154,10.76921,10.77181,0.00,0.00
2015.12.09 15:34:37.256,10.76919,10.77181,0.00,0.00
2015.12.09 15:34:37.357,10.76901,10.77181,0.00,0.00
2015.12.09 15:34:39.095,10.76901,10.7718,0.00,0.00
2015.12.09 15:34:39.371,10.76901,10.7715,0.00,0.00
2015.12.09 15:34:39.423,10.76871,10.77131,0.00,0.00
2015.12.09 15:34:40.801,10.76912,10.77131,0.00,0.00
2015.12.09 15:34:40.852,10.76962,10.77182,0.00,0.00
2015.12.09 15:34:40.954,10.76992,10.77182,0.00,0.00
2015.12.09 15:34:42.983,10.76992,10.77212,0.00,0.00
2015.12.09 15:34:43.284,10.76992,10.772,0.00,0.00
2015.12.09 15:34:43.820,10.76992,10.77212,0.00,0.00
2015.12.09 15:34:44.823,10.76992,10.772,0.00,0.00
2015.12.09 15:34:45.410,10.76992,10.77201,0.00,0.00
2015.12.09 15:34:46.346,10.76992,10.77212,0.00,0.00
2015.12.09 15:34:46.851,10.76992,10.77181,0.00,0.00
2015.12.09 15:34:47.884,10.76972,10.77181,0.00,0.00
2015.12.09 15:34:55.299,10.76901,10.77131,0.00,0.00
2015.12.09 15:34:55.400,10.76841,10.77082,0.00,0.00
2015.12.09 15:34:57.235,10.76882,10.77082,0.00,0.00
2015.12.09 15:34:57.285,10.76882,10.77132,0.00,0.00
2015.12.09 15:34:57.696,10.76921,10.77132,0.00,0.00
2015.12.09 15:34:57.746,10.76921,10.7718,0.00,0.00
2015.12.09 15:34:57.797,10.76882,10.77182,0.00,0.00
2015.12.09 15:34:57.948,10.76882,10.77132,0.00,0.00
2015.12.09 15:34:58.084,10.76882,10.77181,0.00,0.00
2015.12.09 15:34:58.185,10.76882,10.7717,0.00,0.00
2015.12.09 15:34:58.488,10.76882,10.77131,0.00,0.00
2015.12.09 15:34:58.887,10.76871,10.77131,0.00,0.00
2015.12.09 15:34:58.937,10.76871,10.77082,0.00,0.00
2015.12.09 15:34:59.038,10.76842,10.77082,0.00,0.00
2015.12.09 15:35:00.893,10.76871,10.77082,0.00,0.00
2015.12.09 15:35:01.088,10.76911,10.77132,0.00,0.00
2015.12.09 15:35:01.139,10.76911,10.77181,0.00,0.00
2015.12.09 15:35:01.546,10.76922,10.77181,0.00,0.00
2015.12.09 15:35:01.999,10.76911,10.77181,0.00,0.00
2015.12.09 15:35:02.185,10.76911,10.77082,0.00,0.00
2015.12.09 15:35:02.337,10.76891,10.77082,0.00,0.00
2015.12.09 15:35:02.488,10.76822,10.77082,0.00,0.00
2015.12.09 15:35:03.219,10.76829,10.77082,0.00,0.00
2015.12.09 15:35:03.382,10.76822,10.77082,0.00,0.00
2015.12.09 15:35:03.536,10.76871,10.77082,0.00,0.00
2015.12.09 15:35:03.587,10.76871,10.77151,0.00,0.00
2015.12.09 15:35:03.638,10.76901,10.77182,0.00,0.00
2015.12.09 15:35:04.641,10.76901,10.77132,0.00,0.00
2015.12.09 15:35:04.793,10.76821,10.77081,0.00,0.00
2015.12.09 15:35:05.955,10.76822,10.77081,0.00,0.00
2015.12.09 15:35:06.952,10.76821,10.77081,0.00,0.00
2015.12.09 15:35:07.059,10.76839,10.77081,0.00,0.00
2015.12.09 15:35:07.210,10.76848,10.77132,0.00,0.00
2015.12.09 15:35:07.261,10.76829,10.77131,0.00,0.00
2015.12.09 15:35:07.404,10.76829,10.77082,0.00,0.00
2015.12.09 15:35:08.712,10.7683,10.77082,0.00,0.00
2015.12.09 15:35:09.213,10.76829,10.77082,0.00,0.00
2015.12.09 15:35:09.516,10.76769,10.77062,0.00,0.00
2015.12.09 15:35:09.566,10.76802,10.77081,0.00,0.00
2015.12.09 15:35:10.667,10.76822,10.77081,0.00,0.00
2015.12.09 15:35:11.901,10.76801,10.77081,0.00,0.00
2015.12.09 15:35:12.020,10.76821,10.77081,0.00,0.00
2015.12.09 15:35:16.346,10.7683,10.77131,0.00,0.00
2015.12.09 15:35:16.396,10.76861,10.77131,0.00,0.00
2015.12.09 15:35:16.850,10.76902,10.77181,0.00,0.00
2015.12.09 15:35:17.220,10.76902,10.77111,0.00,0.00
2015.12.09 15:35:17.271,10.76891,10.77111,0.00,0.00
2015.12.09 15:35:17.322,10.76891,10.77132,0.00,0.00
2015.12.09 15:35:17.423,10.76891,10.7713,0.00,0.00
2015.12.09 15:35:17.969,10.76891,10.77131,0.00,0.00
2015.12.09 15:35:18.065,10.76841,10.77131,0.00,0.00
2015.12.09 15:35:21.035,10.76841,10.77081,0.00,0.00
2015.12.09 15:35:21.201,10.76821,10.77081,0.00,0.00
2015.12.09 15:35:21.708,10.76858,10.7713,0.00,0.00
2015.12.09 15:35:21.851,10.76858,10.7715,0.00,0.00
2015.12.09 15:35:21.956,10.76859,10.77131,0.00,0.00
2015.12.09 15:35:22.324,10.76859,10.7712,0.00,0.00
2015.12.09 15:35:22.375,10.76859,10.7714,0.00,0.00
2015.12.09 15:35:22.542,10.76859,10.7713,0.00,0.00
2015.12.09 15:35:22.854,10.76859,10.77121,0.00,0.00
2015.12.09 15:35:23.179,10.76859,10.77111,0.00,0.00
2015.12.09 15:35:23.230,10.76809,10.77111,0.00,0.00
2015.12.09 15:35:23.281,10.76809,10.7705,0.00,0.00
2015.12.09 15:35:23.485,10.76758,10.7705,0.00,0.00
2015.12.09 15:35:24.049,10.76758,10.77051,0.00,0.00
2015.12.09 15:35:24.150,10.76809,10.7705,0.00,0.00
2015.12.09 15:35:24.510,10.76758,10.7705,0.00,0.00
2015.12.09 15:35:25.039,10.76758,10.77051,0.00,0.00
2015.12.09 15:35:25.568,10.76758,10.7705,0.00,0.00
2015.12.09 15:35:26.296,10.76758,10.77051,0.00,0.00
2015.12.09 15:35:26.826,10.76808,10.77061,0.00,0.00
2015.12.09 15:35:27.078,10.76811,10.77072,0.00,0.00
2015.12.09 15:35:27.229,10.76859,10.7715,0.00,0.00
2015.12.09 15:35:27.381,10.76859,10.7712,0.00,0.00
2015.12.09 15:35:27.683,10.76859,10.77142,0.00,0.00
2015.12.09 15:35:28.171,10.76859,10.7713,0.00,0.00
2015.12.09 15:35:28.373,10.76859,10.77141,0.00,0.00
2015.12.09 15:35:28.475,10.76859,10.7715,0.00,0.00
2015.12.09 15:35:28.576,10.76859,10.77141,0.00,0.00
2015.12.09 15:35:28.824,10.76859,10.7715,0.00,0.00
2015.12.09 15:35:28.874,10.76859,10.77141,0.00,0.00
2015.12.09 15:35:28.975,10.76859,10.77151,0.00,0.00
2015.12.09 15:35:29.231,10.76859,10.77141,0.00,0.00
2015.12.09 15:35:29.333,10.76859,10.7715,0.00,0.00
2015.12.09 15:35:29.751,10.76859,10.77142,0.00,0.00
2015.12.09 15:35:30.053,10.76859,10.77131,0.00,0.00
2015.12.09 15:35:30.343,10.76859,10.7714,0.00,0.00
2015.12.09 15:35:30.495,10.76859,10.77142,0.00,0.00
2015.12.09 15:35:30.596,10.76859,10.77151,0.00,0.00
2015.12.09 15:35:30.683,10.76859,10.77141,0.00,0.00
2015.12.09 15:35:31.009,10.76859,10.77122,0.00,0.00
2015.12.09 15:35:31.060,10.76859,10.7713,0.00,0.00
2015.12.09 15:35:31.111,10.76859,10.77141,0.00,0.00
2015.12.09 15:35:31.694,10.76859,10.7713,0.00,0.00
2015.12.09 15:35:31.902,10.76859,10.77142,0.00,0.00
2015.12.09 15:35:32.272,10.76859,10.77151,0.00,0.00
2015.12.09 15:35:32.894,10.76859,10.7715,0.00,0.00
2015.12.09 15:35:33.397,10.76859,10.77151,0.00,0.00
2015.12.09 15:35:33.605,10.76859,10.77141,0.00,0.00
2015.12.09 15:35:33.907,10.76808,10.77051,0.00,0.00
2015.12.09 15:35:34.008,10.76859,10.7713,0.00,0.00
2015.12.09 15:35:34.129,10.7681,10.77122,0.00,0.00
2015.12.09 15:35:34.230,10.76808,10.77121,0.00,0.00
2015.12.09 15:35:34.331,10.7681,10.7712,0.00,0.00
2015.12.09 15:35:34.648,10.76759,10.77051,0.00,0.00
2015.12.09 15:35:36.803,10.76759,10.77031,0.00,0.00
2015.12.09 15:35:36.854,10.76759,10.77041,0.00,0.00
2015.12.09 15:35:36.919,10.76759,10.77031,0.00,0.00
2015.12.09 15:35:37.220,10.76759,10.77021,0.00,0.00
2015.12.09 15:35:37.723,10.76759,10.77011,0.00,0.00
2015.12.09 15:35:37.938,10.76658,10.7694,0.00,0.00
2015.12.09 15:35:38.327,10.76708,10.7696,0.00,0.00
2015.12.09 15:35:38.728,10.76708,10.76951,0.00,0.00
2015.12.09 15:35:39.138,10.76709,10.77002,0.00,0.00
2015.12.09 15:35:39.188,10.76759,10.77011,0.00,0.00
2015.12.09 15:35:39.289,10.76759,10.7702,0.00,0.00
2015.12.09 15:35:39.797,10.76759,10.77021,0.00,0.00
2015.12.09 15:35:40.745,10.76759,10.7702,0.00,0.00
2015.12.09 15:35:41.246,10.76759,10.77021,0.00,0.00
2015.12.09 15:35:41.748,10.76759,10.7702,0.00,0.00
2015.12.09 15:35:41.953,10.76759,10.77051,0.00,0.00
2015.12.09 15:35:42.351,10.76759,10.77041,0.00,0.00
2015.12.09 15:35:42.451,10.76759,10.77051,0.00,0.00
2015.12.09 15:35:43.004,10.76759,10.7705,0.00,0.00
2015.12.09 15:35:43.055,10.76759,10.77031,0.00,0.00
2015.12.09 15:35:43.381,10.76759,10.77021,0.00,0.00
2015.12.09 15:35:43.744,10.76759,10.77001,0.00,0.00
2015.12.09 15:35:43.961,10.76759,10.7702,0.00,0.00
2015.12.09 15:35:44.099,10.76759,10.77031,0.00,0.00
2015.12.09 15:35:44.250,10.76809,10.77031,0.00,0.00
2015.12.09 15:35:44.401,10.76809,10.77061,0.00,0.00
2015.12.09 15:35:44.502,10.76712,10.77021,0.00,0.00
2015.12.09 15:35:44.553,10.76709,10.77021,0.00,0.00
2015.12.09 15:35:44.604,10.76709,10.76961,0.00,0.00
2015.12.09 15:35:44.705,10.76758,10.77032,0.00,0.00
2015.12.09 15:35:44.806,10.76758,10.7705,0.00,0.00
2015.12.09 15:35:45.062,10.76709,10.76961,0.00,0.00
2015.12.09 15:35:45.163,10.76709,10.77002,0.00,0.00
2015.12.09 15:35:45.214,10.76709,10.7701,0.00,0.00
2015.12.09 15:35:45.264,10.76671,10.76961,0.00,0.00
2015.12.09 15:35:45.315,10.76658,10.76961,0.00,0.00
2015.12.09 15:35:45.467,10.76658,10.76951,0.00,0.00
2015.12.09 15:35:45.684,10.76709,10.77021,0.00,0.00
2015.12.09 15:35:45.916,10.76758,10.77021,0.00,0.00
2015.12.09 15:35:46.289,10.76709,10.7696,0.00,0.00
2015.12.09 15:35:46.340,10.76709,10.77011,0.00,0.00
2015.12.09 15:35:46.567,10.76691,10.76971,0.00,0.00
2015.12.09 15:35:46.668,10.76659,10.76961,0.00,0.00
2015.12.09 15:35:47.172,10.76659,10.76951,0.00,0.00
2015.12.09 15:35:47.419,10.76659,10.76961,0.00,0.00
2015.12.09 15:35:48.096,10.76659,10.7695,0.00,0.00
2015.12.09 15:35:48.522,10.76659,10.76961,0.00,0.00
2015.12.09 15:35:49.210,10.76659,10.7696,0.00,0.00
2015.12.09 15:35:49.424,10.76659,10.76941,0.00,0.00
2015.12.09 15:35:49.718,10.76659,10.76951,0.00,0.00
2015.12.09 15:35:50.019,10.76659,10.76961,0.00,0.00
2015.12.09 15:35:50.084,10.76659,10.76951,0.00,0.00
2015.12.09 15:35:50.323,10.76659,10.76961,0.00,0.00
2015.12.09 15:35:50.524,10.76708,10.76961,0.00,0.00
2015.12.09 15:35:50.625,10.7666,10.7694,0.00,0.00
2015.12.09 15:35:50.727,10.76658,10.7693,0.00,0.00
2015.12.09 15:35:51.112,10.76709,10.76931,0.00,0.00
2015.12.09 15:35:51.162,10.76709,10.76981,0.00,0.00
2015.12.09 15:35:51.690,10.76708,10.76981,0.00,0.00
2015.12.09 15:35:52.030,10.7671,10.77019,0.00,0.00
2015.12.09 15:35:52.080,10.76758,10.77019,0.00,0.00
2015.12.09 15:35:52.399,10.76758,10.77021,0.00,0.00
2015.12.09 15:35:53.133,10.76758,10.77011,0.00,0.00
2015.12.09 15:35:54.207,10.76758,10.76961,0.00,0.00
2015.12.09 15:35:54.258,10.76708,10.76961,0.00,0.00
2015.12.09 15:35:54.308,10.7671,10.7696,0.00,0.00
2015.12.09 15:35:54.409,10.76709,10.77001,0.00,0.00
2015.12.09 15:35:54.651,10.76758,10.77001,0.00,0.00
2015.12.09 15:35:54.853,10.76758,10.77021,0.00,0.00
2015.12.09 15:35:55.392,10.76758,10.7702,0.00,0.00
2015.12.09 15:35:56.142,10.76758,10.7699,0.00,0.00
2015.12.09 15:35:56.250,10.76758,10.77001,0.00,0.00
2015.12.09 15:35:56.354,10.76758,10.76991,0.00,0.00
2015.12.09 15:35:56.896,10.76758,10.7699,0.00,0.00
2015.12.09 15:35:57.148,10.76758,10.7701,0.00,0.00
2015.12.09 15:35:57.768,10.76758,10.77011,0.00,0.00
2015.12.09 15:35:58.024,10.76708,10.7695,0.00,0.00
2015.12.09 15:35:58.075,10.76659,10.76951,0.00,0.00
2015.12.09 15:35:58.176,10.76659,10.7694,0.00,0.00
2015.12.09 15:35:58.498,10.76612,10.76861,0.00,0.00
2015.12.09 15:35:58.549,10.76608,10.7686,0.00,0.00
2015.12.09 15:35:59.546,10.76608,10.76861,0.00,0.00
2015.12.09 15:36:00.654,10.76558,10.7686,0.00,0.00
2015.12.09 15:36:00.956,10.76558,10.76851,0.00,0.00
2015.12.09 15:36:01.549,10.76558,10.7685,0.00,0.00
2015.12.09 15:36:01.599,10.76558,10.76861,0.00,0.00
2015.12.09 15:36:01.650,10.76609,10.76861,0.00,0.00
2015.12.09 15:36:01.701,10.76609,10.76891,0.00,0.00
2015.12.09 15:36:01.903,10.76609,10.76911,0.00,0.00
2015.12.09 15:36:02.004,10.76609,10.76861,0.00,0.00
2015.12.09 15:36:02.205,10.76571,10.76861,0.00,0.00
2015.12.09 15:36:02.256,10.76559,10.76861,0.00,0.00
2015.12.09 15:36:02.307,10.76558,10.7685,0.00,0.00
2015.12.09 15:36:02.712,10.76558,10.7684,0.00,0.00
2015.12.09 15:36:02.763,10.76558,10.7685,0.00,0.00
2015.12.09 15:36:02.814,10.76558,10.76841,0.00,0.00
2015.12.09 15:36:03.193,10.76558,10.7683,0.00,0.00
2015.12.09 15:36:03.295,10.76558,10.76841,0.00,0.00
2015.12.09 15:36:03.396,10.76558,10.76851,0.00,0.00
2015.12.09 15:36:04.000,10.76511,10.76772,0.00,0.00
2015.12.09 15:36:04.052,10.76479,10.76751,0.00,0.00
2015.12.09 15:36:04.155,10.76458,10.76751,0.00,0.00
2015.12.09 15:36:04.406,10.76458,10.7674,0.00,0.00
2015.12.09 15:36:05.025,10.76458,10.76761,0.00,0.00
2015.12.09 15:36:05.075,10.76458,10.76741,0.00,0.00
2015.12.09 15:36:05.126,10.76458,10.76751,0.00,0.00
2015.12.09 15:36:05.210,10.76458,10.76741,0.00,0.00
2015.12.09 15:36:05.311,10.76458,10.76761,0.00,0.00
2015.12.09 15:36:06.113,10.76458,10.76751,0.00,0.00
2015.12.09 15:36:06.306,10.76458,10.76761,0.00,0.00
2015.12.09 15:36:07.269,10.76429,10.76721,0.00,0.00
2015.12.09 15:36:07.419,10.76411,10.76721,0.00,0.00
2015.12.09 15:36:07.470,10.76458,10.7674,0.00,0.00
2015.12.09 15:36:07.674,10.76458,10.76761,0.00,0.00
2015.12.09 15:36:08.254,10.76408,10.76661,0.00,0.00
2015.12.09 15:36:08.355,10.76408,10.76681,0.00,0.00
2015.12.09 15:36:08.559,10.76459,10.76729,0.00,0.00
2015.12.09 15:36:08.609,10.76459,10.76751,0.00,0.00
2015.12.09 15:36:08.877,10.76459,10.7676,0.00,0.00
2015.12.09 15:36:09.028,10.76558,10.7676,0.00,0.00
2015.12.09 15:36:09.079,10.76558,10.76782,0.00,0.00
2015.12.09 15:36:09.130,10.76528,10.76821,0.00,0.00
2015.12.09 15:36:09.180,10.76528,10.76798,0.00,0.00
2015.12.09 15:36:09.231,10.76511,10.76798,0.00,0.00
2015.12.09 15:36:09.282,10.76511,10.76711,0.00,0.00
2015.12.09 15:36:09.333,10.76459,10.76711,0.00,0.00
2015.12.09 15:36:09.384,10.76459,10.7668,0.00,0.00
2015.12.09 15:36:09.604,10.76458,10.76701,0.00,0.00
2015.12.09 15:36:09.773,10.7636,10.76672,0.00,0.00
2015.12.09 15:36:09.878,10.76459,10.76702,0.00,0.00
2015.12.09 15:36:09.929,10.76459,10.7671,0.00,0.00
2015.12.09 15:36:09.980,10.76459,10.7672,0.00,0.00
2015.12.09 15:36:10.195,10.76409,10.76721,0.00,0.00
2015.12.09 15:36:10.246,10.76409,10.76711,0.00,0.00
2015.12.09 15:36:10.832,10.76409,10.76719,0.00,0.00
2015.12.09 15:36:11.401,10.76409,10.76721,0.00,0.00
2015.12.09 15:36:11.451,10.76458,10.7673,0.00,0.00
2015.12.09 15:36:11.752,10.76408,10.76711,0.00,0.00
2015.12.09 15:36:12.394,10.76459,10.76711,0.00,0.00
2015.12.09 15:36:12.502,10.76459,10.76721,0.00,0.00
2015.12.09 15:36:12.602,10.76459,10.7666,0.00,0.00
2015.12.09 15:36:12.653,10.76409,10.7666,0.00,0.00
2015.12.09 15:36:13.058,10.76409,10.76721,0.00,0.00
2015.12.09 15:36:13.786,10.76409,10.7672,0.00,0.00
2015.12.09 15:36:13.938,10.76459,10.76721,0.00,0.00
2015.12.09 15:36:14.089,10.76459,10.7675,0.00,0.00
2015.12.09 15:36:14.190,10.76459,10.76741,0.00,0.00
2015.12.09 15:36:14.539,10.76459,10.7673,0.00,0.00
2015.12.09 15:36:15.167,10.76459,10.76731,0.00,0.00
2015.12.09 15:36:15.354,10.76358,10.7666,0.00,0.00
2015.12.09 15:36:15.803,10.76358,10.7656,0.00,0.00
2015.12.09 15:36:15.853,10.76311,10.7656,0.00,0.00
2015.12.09 15:36:15.904,10.76292,10.7656,0.00,0.00
2015.12.09 15:36:16.055,10.76259,10.76561,0.00,0.00
2015.12.09 15:36:16.257,10.76309,10.76561,0.00,0.00
2015.12.09 15:36:16.308,10.76309,10.76579,0.00,0.00
2015.12.09 15:36:16.358,10.76358,10.7661,0.00,0.00
2015.12.09 15:36:16.409,10.76358,10.76618,0.00,0.00
2015.12.09 15:36:16.510,10.76458,10.76712,0.00,0.00
2015.12.09 15:36:16.560,10.76458,10.7675,0.00,0.00
2015.12.09 15:36:16.756,10.76409,10.76721,0.00,0.00
2015.12.09 15:36:16.807,10.76409,10.76681,0.00,0.00
2015.12.09 15:36:17.109,10.76458,10.76711,0.00,0.00
2015.12.09 15:36:17.210,10.76458,10.7673,0.00,0.00
2015.12.09 15:36:17.311,10.76458,10.7672,0.00,0.00
2015.12.09 15:36:17.769,10.76458,10.76741,0.00,0.00
2015.12.09 15:36:18.944,10.76458,10.7674,0.00,0.00
2015.12.09 15:36:19.335,10.76428,10.76721,0.00,0.00
2015.12.09 15:36:19.386,10.7641,10.76721,0.00,0.00
2015.12.09 15:36:19.437,10.76409,10.76641,0.00,0.00
2015.12.09 15:36:19.544,10.76358,10.76641,0.00,0.00
2015.12.09 15:36:20.157,10.76358,10.7664,0.00,0.00
2015.12.09 15:36:20.701,10.76358,10.76651,0.00,0.00
2015.12.09 15:36:21.003,10.76358,10.76631,0.00,0.00
2015.12.09 15:36:21.539,10.76309,10.76612,0.00,0.00
2015.12.09 15:36:21.590,10.76309,10.76619,0.00,0.00
2015.12.09 15:36:21.748,10.76271,10.76571,0.00,0.00
2015.12.09 15:36:21.849,10.76259,10.7656,0.00,0.00
2015.12.09 15:36:22.006,10.76259,10.7654,0.00,0.00
2015.12.09 15:36:22.568,10.76259,10.76541,0.00,0.00
2015.12.09 15:36:22.832,10.76259,10.76552,0.00,0.00
2015.12.09 15:36:22.883,10.76308,10.76561,0.00,0.00
2015.12.09 15:36:22.934,10.76308,10.76579,0.00,0.00
2015.12.09 15:36:23.035,10.76308,10.76591,0.00,0.00
2015.12.09 15:36:23.188,10.76271,10.76571,0.00,0.00
2015.12.09 15:36:23.238,10.76271,10.7656,0.00,0.00
2015.12.09 15:36:23.289,10.76259,10.7656,0.00,0.00
2015.12.09 15:36:23.340,10.76259,10.76551,0.00,0.00
2015.12.09 15:36:23.667,10.76259,10.7654,0.00,0.00
2015.12.09 15:36:23.718,10.76259,10.7656,0.00,0.00
2015.12.09 15:36:24.405,10.76358,10.7656,0.00,0.00
2015.12.09 15:36:24.456,10.76358,10.76578,0.00,0.00
2015.12.09 15:36:24.507,10.76358,10.7662,0.00,0.00
2015.12.09 15:36:24.658,10.76358,10.7663,0.00,0.00
2015.12.09 15:36:24.909,10.76358,10.766,0.00,0.00
2015.12.09 15:36:25.162,10.76358,10.76621,0.00,0.00
2015.12.09 15:36:25.464,10.76358,10.7665,0.00,0.00
2015.12.09 15:36:26.226,10.76358,10.76631,0.00,0.00
2015.12.09 15:36:26.577,10.76358,10.76611,0.00,0.00
2015.12.09 15:36:26.631,10.76358,10.7663,0.00,0.00
2015.12.09 15:36:26.834,10.76358,10.7662,0.00,0.00
2015.12.09 15:36:27.370,10.7631,10.7662,0.00,0.00
2015.12.09 15:36:27.421,10.76308,10.76591,0.00,0.00
2015.12.09 15:36:27.471,10.76308,10.766,0.00,0.00
2015.12.09 15:36:27.946,10.76271,10.76541,0.00,0.00
2015.12.09 15:36:28.098,10.76259,10.76541,0.00,0.00
2015.12.09 15:36:28.239,10.76259,10.7653,0.00,0.00
2015.12.09 15:36:28.646,10.76259,10.76511,0.00,0.00
2015.12.09 15:36:29.243,10.76259,10.76501,0.00,0.00
2015.12.09 15:36:29.345,10.76259,10.76521,0.00,0.00
2015.12.09 15:36:29.946,10.76259,10.7652,0.00,0.00
2015.12.09 15:36:30.465,10.76259,10.76521,0.00,0.00
2015.12.09 15:36:30.655,10.76259,10.7654,0.00,0.00
2015.12.09 15:36:31.230,10.76259,10.76541,0.00,0.00
2015.12.09 15:36:31.889,10.76259,10.76551,0.00,0.00
2015.12.09 15:36:31.973,10.76259,10.7653,0.00,0.00
2015.12.09 15:36:32.375,10.76259,10.7654,0.00,0.00
2015.12.09 15:36:32.877,10.76259,10.76531,0.00,0.00
2015.12.09 15:36:33.179,10.76259,10.76521,0.00,0.00
2015.12.09 15:36:33.380,10.76259,10.7653,0.00,0.00
2015.12.09 15:36:33.481,10.76259,10.76541,0.00,0.00
2015.12.09 15:36:33.988,10.76259,10.7654,0.00,0.00
2015.12.09 15:36:34.039,10.76208,10.76431,0.00,0.00
2015.12.09 15:36:34.213,10.76159,10.76431,0.00,0.00
2015.12.09 15:36:34.333,10.76092,10.76381,0.00,0.00
2015.12.09 15:36:34.514,10.76089,10.76219,0.00,0.00
2015.12.09 15:36:34.633,10.75979,10.76182,0.00,0.00
2015.12.09 15:36:34.734,10.75892,10.76181,0.00,0.00
2015.12.09 15:36:34.836,10.75869,10.76182,0.00,0.00
2015.12.09 15:36:34.887,10.75899,10.76182,0.00,0.00
2015.12.09 15:36:35.030,10.75879,10.76182,0.00,0.00
2015.12.09 15:36:35.084,10.75869,10.76182,0.00,0.00
2015.12.09 15:36:35.287,10.75892,10.76182,0.00,0.00
2015.12.09 15:36:37.926,10.75892,10.76132,0.00,0.00
2015.12.09 15:36:38.077,10.75818,10.76132,0.00,0.00
2015.12.09 15:36:38.244,10.75841,10.76132,0.00,0.00
2015.12.09 15:36:38.442,10.75869,10.76181,0.00,0.00
2015.12.09 15:36:38.903,10.75869,10.76161,0.00,0.00
2015.12.09 15:36:38.956,10.75819,10.76131,0.00,0.00
2015.12.09 15:36:39.374,10.75839,10.76081,0.00,0.00
2015.12.09 15:36:39.474,10.75829,10.76081,0.00,0.00
2015.12.09 15:36:39.575,10.75819,10.76131,0.00,0.00
2015.12.09 15:36:39.676,10.75802,10.76081,0.00,0.00
2015.12.09 15:36:40.398,10.75792,10.76081,0.00,0.00
2015.12.09 15:36:40.661,10.75782,10.76081,0.00,0.00
2015.12.09 15:36:40.913,10.75819,10.76131,0.00,0.00
2015.12.09 15:36:40.963,10.75839,10.76131,0.00,0.00
2015.12.09 15:36:41.266,10.75859,10.7614,0.00,0.00
2015.12.09 15:36:41.566,10.75859,10.7615,0.00,0.00
2015.12.09 15:36:41.783,10.75909,10.76199,0.00,0.00
2015.12.09 15:36:41.984,10.75909,10.76221,0.00,0.00
2015.12.09 15:36:42.375,10.75909,10.7613,0.00,0.00
2015.12.09 15:36:42.426,10.7586,10.7613,0.00,0.00
2015.12.09 15:36:42.740,10.75908,10.76211,0.00,0.00
2015.12.09 15:36:43.106,10.75958,10.76241,0.00,0.00
2015.12.09 15:36:43.423,10.75958,10.76231,0.00,0.00
2015.12.09 15:36:43.947,10.75958,10.7624,0.00,0.00
2015.12.09 15:36:44.099,10.75958,10.7626,0.00,0.00
2015.12.09 15:36:44.578,10.75958,10.76211,0.00,0.00
2015.12.09 15:36:44.679,10.75958,10.76231,0.00,0.00
2015.12.09 15:36:44.881,10.76009,10.76279,0.00,0.00
2015.12.09 15:36:45.148,10.76058,10.7633,0.00,0.00
2015.12.09 15:36:45.381,10.76058,10.76361,0.00,0.00
2015.12.09 15:36:45.482,10.76058,10.76351,0.00,0.00
2015.12.09 15:36:46.093,10.76059,10.76369,0.00,0.00
2015.12.09 15:36:46.144,10.76108,10.76378,0.00,0.00
2015.12.09 15:36:46.296,10.76108,10.76392,0.00,0.00
2015.12.09 15:36:46.397,10.76159,10.7645,0.00,0.00
2015.12.09 15:36:46.498,10.76159,10.7646,0.00,0.00
2015.12.09 15:36:46.548,10.76159,10.76441,0.00,0.00
2015.12.09 15:36:46.856,10.76159,10.76432,0.00,0.00
2015.12.09 15:36:46.963,10.76159,10.76442,0.00,0.00
2015.12.09 15:36:47.177,10.76109,10.76391,0.00,0.00
2015.12.09 15:36:47.384,10.76058,10.76361,0.00,0.00
2015.12.09 15:36:47.436,10.76058,10.7635,0.00,0.00
2015.12.09 15:36:47.794,10.76058,10.76331,0.00,0.00
2015.12.09 15:36:47.915,10.76058,10.76342,0.00,0.00
2015.12.09 15:36:48.045,10.76058,10.7636,0.00,0.00
2015.12.09 15:36:48.358,10.76058,10.76332,0.00,0.00
2015.12.09 15:36:48.610,10.76071,10.76361,0.00,0.00
2015.12.09 15:36:48.711,10.76059,10.76361,0.00,0.00
2015.12.09 15:36:48.863,10.76059,10.76351,0.00,0.00
2015.12.09 15:36:49.200,10.76059,10.76331,0.00,0.00
2015.12.09 15:36:50.104,10.76059,10.76351,0.00,0.00
2015.12.09 15:36:50.457,10.76059,10.76341,0.00,0.00
2015.12.09 15:36:50.558,10.76059,10.76351,0.00,0.00
2015.12.09 15:36:50.609,10.76059,10.7633,0.00,0.00
2015.12.09 15:36:50.961,10.76059,10.7631,0.00,0.00
2015.12.09 15:36:51.328,10.76059,10.7636,0.00,0.00
2015.12.09 15:36:51.411,10.76059,10.76351,0.00,0.00
2015.12.09 15:36:51.613,10.76059,10.76361,0.00,0.00
2015.12.09 15:36:52.141,10.76109,10.7636,0.00,0.00
2015.12.09 15:36:52.213,10.76079,10.7636,0.00,0.00
2015.12.09 15:36:52.314,10.76058,10.76361,0.00,0.00
2015.12.09 15:36:52.415,10.76058,10.7633,0.00,0.00
2015.12.09 15:36:52.718,10.76058,10.76301,0.00,0.00
2015.12.09 15:36:53.128,10.76058,10.7635,0.00,0.00
2015.12.09 15:36:53.430,10.76058,10.7634,0.00,0.00
2015.12.09 15:36:53.778,10.76058,10.76311,0.00,0.00
2015.12.09 15:36:54.129,10.76058,10.76321,0.00,0.00
2015.12.09 15:36:54.230,10.76058,10.763,0.00,0.00
2015.12.09 15:36:54.544,10.76058,10.76261,0.00,0.00
2015.12.09 15:36:54.669,10.76058,10.76311,0.00,0.00
2015.12.09 15:36:54.931,10.76058,10.7632,0.00,0.00
2015.12.09 15:36:55.341,10.76058,10.76341,0.00,0.00
2015.12.09 15:36:55.644,10.76058,10.7629,0.00,0.00
2015.12.09 15:36:56.151,10.76058,10.76311,0.00,0.00
2015.12.09 15:36:57.343,10.76058,10.7631,0.00,0.00
2015.12.09 15:36:57.922,10.76058,10.76311,0.00,0.00
2015.12.09 15:36:58.584,10.76058,10.7631,0.00,0.00
2015.12.09 15:36:59.139,10.76058,10.76311,0.00,0.00
2015.12.09 15:36:59.296,10.76008,10.7626,0.00,0.00
2015.12.09 15:36:59.601,10.76008,10.76291,0.00,0.00
2015.12.09 15:37:00.048,10.76058,10.76291,0.00,0.00
2015.12.09 15:37:00.099,10.76058,10.76329,0.00,0.00
2015.12.09 15:37:00.329,10.76009,10.76311,0.00,0.00
2015.12.09 15:37:00.603,10.75971,10.76272,0.00,0.00
2015.12.09 15:37:00.705,10.75958,10.76261,0.00,0.00
2015.12.09 15:37:01.107,10.75958,10.7625,0.00,0.00
2015.12.09 15:37:01.541,10.75958,10.7626,0.00,0.00
2015.12.09 15:37:01.591,10.75958,10.76241,0.00,0.00
2015.12.09 15:37:02.158,10.76009,10.76241,0.00,0.00
2015.12.09 15:37:02.208,10.76009,10.76278,0.00,0.00
2015.12.09 15:37:02.259,10.76009,10.76311,0.00,0.00
2015.12.09 15:37:02.309,10.76009,10.7626,0.00,0.00
2015.12.09 15:37:02.461,10.75958,10.7626,0.00,0.00
2015.12.09 15:37:02.976,10.75958,10.76261,0.00,0.00
2015.12.09 15:37:03.411,10.76009,10.76272,0.00,0.00
2015.12.09 15:37:03.512,10.76059,10.7633,0.00,0.00
2015.12.09 15:37:03.713,10.76059,10.76351,0.00,0.00
2015.12.09 15:37:04.300,10.76059,10.7635,0.00,0.00
2015.12.09 15:37:04.913,10.76059,10.7632,0.00,0.00
2015.12.09 15:37:05.563,10.76059,10.76321,0.00,0.00
2015.12.09 15:37:06.016,10.76059,10.76341,0.00,0.00
2015.12.09 15:37:06.117,10.76059,10.7632,0.00,0.00
2015.12.09 15:37:06.218,10.76059,10.7633,0.00,0.00
2015.12.09 15:37:06.516,10.76059,10.76321,0.00,0.00
2015.12.09 15:37:07.094,10.76059,10.7632,0.00,0.00
2015.12.09 15:37:07.719,10.76059,10.76301,0.00,0.00
2015.12.09 15:37:08.142,10.76059,10.76311,0.00,0.00
2015.12.09 15:37:08.645,10.7601,10.7629,0.00,0.00
2015.12.09 15:37:08.746,10.76008,10.76231,0.00,0.00
2015.12.09 15:37:08.948,10.75958,10.76221,0.00,0.00
2015.12.09 15:37:09.294,10.76008,10.76261,0.00,0.00
2015.12.09 15:37:10.186,10.75971,10.76261,0.00,0.00
2015.12.09 15:37:10.393,10.75958,10.76261,0.00,0.00
2015.12.09 15:37:10.695,10.76142,10.76261,0.00,0.00
2015.12.09 15:37:10.746,10.76158,10.76291,0.00,0.00
2015.12.09 15:37:10.847,10.76158,10.76332,0.00,0.00
2015.12.09 15:37:10.948,10.76158,10.76421,0.00,0.00
2015.12.09 15:37:11.631,10.76158,10.7642,0.00,0.00
2015.12.09 15:37:11.732,10.76158,10.76411,0.00,0.00
2015.12.09 15:37:12.360,10.76158,10.7642,0.00,0.00
2015.12.09 15:37:12.887,10.76158,10.76421,0.00,0.00
2015.12.09 15:37:13.339,10.76158,10.76411,0.00,0.00
2015.12.09 15:37:13.440,10.76158,10.76421,0.00,0.00
2015.12.09 15:37:13.876,10.76202,10.76431,0.00,0.00
2015.12.09 15:37:13.926,10.76208,10.765,0.00,0.00
2015.12.09 15:37:14.027,10.76258,10.76501,0.00,0.00
2015.12.09 15:37:14.474,10.76208,10.76466,0.00,0.00
2015.12.09 15:37:14.676,10.76159,10.76466,0.00,0.00
2015.12.09 15:37:14.878,10.76159,10.76456,0.00,0.00
2015.12.09 15:37:15.212,10.76159,10.76446,0.00,0.00
2015.12.09 15:37:15.537,10.76159,10.76461,0.00,0.00
2015.12.09 15:37:16.077,10.76159,10.76456,0.00,0.00
2015.12.09 15:37:16.177,10.76159,10.76461,0.00,0.00
2015.12.09 15:37:16.700,10.76159,10.7646,0.00,0.00
2015.12.09 15:37:17.339,10.76208,10.76501,0.00,0.00
2015.12.09 15:37:17.864,10.76159,10.7646,0.00,0.00
2015.12.09 15:37:18.087,10.76209,10.76461,0.00,0.00
2015.12.09 15:37:18.188,10.76209,10.76521,0.00,0.00
2015.12.09 15:37:18.288,10.76259,10.76551,0.00,0.00
2015.12.09 15:37:18.444,10.76259,10.76561,0.00,0.00
2015.12.09 15:37:18.967,10.76259,10.7656,0.00,0.00
2015.12.09 15:37:19.270,10.76259,10.76511,0.00,0.00
2015.12.09 15:37:19.371,10.76259,10.76561,0.00,0.00
2015.12.09 15:37:19.549,10.76259,10.76551,0.00,0.00
2015.12.09 15:37:19.850,10.76259,10.7653,0.00,0.00
2015.12.09 15:37:20.329,10.76259,10.76561,0.00,0.00
2015.12.09 15:37:20.380,10.76259,10.76551,0.00,0.00
2015.12.09 15:37:20.765,10.76259,10.76571,0.00,0.00
2015.12.09 15:37:20.816,10.76322,10.76591,0.00,0.00
2015.12.09 15:37:20.994,10.76322,10.76622,0.00,0.00
2015.12.09 15:37:21.044,10.76359,10.7663,0.00,0.00
2015.12.09 15:37:21.567,10.76359,10.76631,0.00,0.00
2015.12.09 15:37:21.893,10.76359,10.76661,0.00,0.00
2015.12.09 15:37:21.994,10.76359,10.76651,0.00,0.00
2015.12.09 15:37:22.196,10.76359,10.7666,0.00,0.00
2015.12.09 15:37:23.171,10.76359,10.76661,0.00,0.00
2015.12.09 15:37:23.272,10.76359,10.76631,0.00,0.00
2015.12.09 15:37:23.574,10.76359,10.7665,0.00,0.00
2015.12.09 15:37:23.945,10.76359,10.7663,0.00,0.00
2015.12.09 15:37:24.297,10.76359,10.76661,0.00,0.00
2015.12.09 15:37:25.063,10.76359,10.76651,0.00,0.00
2015.12.09 15:37:25.492,10.76359,10.7666,0.00,0.00
2015.12.09 15:37:26.127,10.76359,10.76661,0.00,0.00
2015.12.09 15:37:26.178,10.76359,10.76631,0.00,0.00
2015.12.09 15:37:26.229,10.76359,10.76661,0.00,0.00
2015.12.09 15:37:26.820,10.76359,10.76651,0.00,0.00
2015.12.09 15:37:27.358,10.76359,10.7665,0.00,0.00
2015.12.09 15:37:27.409,10.76359,10.7666,0.00,0.00
2015.12.09 15:37:27.987,10.76359,10.76661,0.00,0.00
2015.12.09 15:37:28.586,10.76359,10.7666,0.00,0.00
2015.12.09 15:37:29.394,10.76359,10.76661,0.00,0.00
2015.12.09 15:37:29.996,10.76359,10.76641,0.00,0.00
2015.12.09 15:37:30.799,10.76359,10.7665,0.00,0.00
2015.12.09 15:37:31.001,10.76359,10.7666,0.00,0.00
2015.12.09 15:37:31.543,10.76359,10.76661,0.00,0.00
2015.12.09 15:37:31.644,10.76359,10.7665,0.00,0.00
2015.12.09 15:37:32.005,10.76359,10.7666,0.00,0.00
2015.12.09 15:37:32.542,10.76359,10.7664,0.00,0.00
2015.12.09 15:37:32.935,10.76359,10.7666,0.00,0.00
2015.12.09 15:37:33.622,10.76359,10.76661,0.00,0.00
2015.12.09 15:37:34.238,10.76408,10.7669,0.00,0.00
2015.12.09 15:37:34.339,10.76408,10.767,0.00,0.00
2015.12.09 15:37:34.867,10.76408,10.76701,0.00,0.00
2015.12.09 15:37:35.082,10.76459,10.7671,0.00,0.00
2015.12.09 15:37:35.469,10.76409,10.7666,0.00,0.00
2015.12.09 15:37:35.722,10.76409,10.76701,0.00,0.00
2015.12.09 15:37:35.773,10.76458,10.76701,0.00,0.00
2015.12.09 15:37:36.025,10.76408,10.7667,0.00,0.00
2015.12.09 15:37:36.226,10.76408,10.76691,0.00,0.00
2015.12.09 15:37:36.982,10.76458,10.76691,0.00,0.00
2015.12.09 15:37:37.033,10.76458,10.76711,0.00,0.00
2015.12.09 15:37:37.835,10.76458,10.76721,0.00,0.00
2015.12.09 15:37:38.037,10.76458,10.767,0.00,0.00
2015.12.09 15:37:39.153,10.76458,10.76711,0.00,0.00
2015.12.09 15:37:39.687,10.76458,10.7671,0.00,0.00
2015.12.09 15:37:39.840,10.76458,10.76721,0.00,0.00
2015.12.09 15:37:39.890,10.76468,10.76721,0.00,0.00
2015.12.09 15:37:40.235,10.76468,10.7671,0.00,0.00
2015.12.09 15:37:40.286,10.76418,10.76661,0.00,0.00
2015.12.09 15:37:40.442,10.76368,10.7666,0.00,0.00
2015.12.09 15:37:40.543,10.76419,10.76689,0.00,0.00
2015.12.09 15:37:40.744,10.76419,10.76691,0.00,0.00
2015.12.09 15:37:40.945,10.76368,10.76661,0.00,0.00
2015.12.09 15:37:42.392,10.76418,10.767,0.00,0.00
2015.12.09 15:37:42.723,10.76399,10.7666,0.00,0.00
2015.12.09 15:37:42.774,10.76409,10.76681,0.00,0.00
2015.12.09 15:37:42.825,10.76419,10.76691,0.00,0.00
2015.12.09 15:37:43.158,10.76419,10.76701,0.00,0.00
2015.12.09 15:37:43.857,10.76419,10.767,0.00,0.00
2015.12.09 15:37:44.537,10.76419,10.76701,0.00,0.00
2015.12.09 15:37:45.344,10.76398,10.76682,0.00,0.00
2015.12.09 15:37:45.444,10.76369,10.76661,0.00,0.00
2015.12.09 15:37:45.495,10.76368,10.76671,0.00,0.00
2015.12.09 15:37:45.596,10.76419,10.76671,0.00,0.00
2015.12.09 15:37:45.970,10.76419,10.767,0.00,0.00
2015.12.09 15:37:46.674,10.76378,10.7666,0.00,0.00
2015.12.09 15:37:46.725,10.76368,10.7666,0.00,0.00
2015.12.09 15:37:47.277,10.76419,10.76689,0.00,0.00
2015.12.09 15:37:47.328,10.76419,10.76691,0.00,0.00
2015.12.09 15:37:47.779,10.76419,10.76681,0.00,0.00
2015.12.09 15:37:48.031,10.7647,10.7676,0.00,0.00
2015.12.09 15:37:48.082,10.76468,10.76761,0.00,0.00
2015.12.09 15:37:48.586,10.76468,10.76751,0.00,0.00
2015.12.09 15:37:48.935,10.76468,10.7672,0.00,0.00
2015.12.09 15:37:48.985,10.76468,10.76741,0.00,0.00
2015.12.09 15:37:49.386,10.76468,10.76761,0.00,0.00
2015.12.09 15:37:49.888,10.76468,10.7676,0.00,0.00
2015.12.09 15:37:50.402,10.76468,10.76761,0.00,0.00
2015.12.09 15:37:50.944,10.76468,10.7676,0.00,0.00
2015.12.09 15:37:51.463,10.76468,10.76761,0.00,0.00
2015.12.09 15:37:52.258,10.76468,10.7676,0.00,0.00
2015.12.09 15:37:52.902,10.7654,10.76779,0.00,0.00
2015.12.09 15:37:53.003,10.76569,10.76821,0.00,0.00
2015.12.09 15:37:53.154,10.76488,10.76781,0.00,0.00
2015.12.09 15:37:53.205,10.76482,10.7677,0.00,0.00
2015.12.09 15:37:53.539,10.76569,10.76821,0.00,0.00
2015.12.09 15:37:53.994,10.76569,10.76869,0.00,0.00
2015.12.09 15:37:54.044,10.76569,10.7682,0.00,0.00
2015.12.09 15:37:54.649,10.76569,10.76821,0.00,0.00
2015.12.09 15:37:55.193,10.76569,10.7682,0.00,0.00
2015.12.09 15:37:55.540,10.76569,10.76791,0.00,0.00
2015.12.09 15:37:55.691,10.76518,10.76791,0.00,0.00
2015.12.09 15:37:55.742,10.76518,10.76721,0.00,0.00
2015.12.09 15:37:55.793,10.76469,10.76721,0.00,0.00
2015.12.09 15:37:56.028,10.76469,10.7673,0.00,0.00
2015.12.09 15:37:56.316,10.76469,10.76721,0.00,0.00
2015.12.09 15:37:56.517,10.76469,10.76761,0.00,0.00
2015.12.09 15:37:56.706,10.76518,10.7676,0.00,0.00
2015.12.09 15:37:56.757,10.76518,10.76778,0.00,0.00
2015.12.09 15:37:56.808,10.76518,10.76801,0.00,0.00
2015.12.09 15:37:56.910,10.76569,10.76801,0.00,0.00
2015.12.09 15:37:56.961,10.76569,10.76819,0.00,0.00
2015.12.09 15:37:57.292,10.76569,10.76821,0.00,0.00
2015.12.09 15:37:57.343,10.76569,10.7681,0.00,0.00
2015.12.09 15:37:57.673,10.76569,10.76801,0.00,0.00
2015.12.09 15:37:58.232,10.76518,10.7675,0.00,0.00
2015.12.09 15:37:58.522,10.76468,10.76761,0.00,0.00
2015.12.09 15:37:58.852,10.7647,10.76778,0.00,0.00
2015.12.09 15:37:58.902,10.76518,10.76778,0.00,0.00
2015.12.09 15:37:59.104,10.7652,10.7682,0.00,0.00
2015.12.09 15:37:59.205,10.76518,10.76821,0.00,0.00
2015.12.09 15:38:00.070,10.7652,10.7683,0.00,0.00
2015.12.09 15:38:00.120,10.76568,10.7683,0.00,0.00
2015.12.09 15:38:00.367,10.76568,10.76851,0.00,0.00
2015.12.09 15:38:00.831,10.76568,10.76841,0.00,0.00
2015.12.09 15:38:01.124,10.76519,10.76832,0.00,0.00
2015.12.09 15:38:01.175,10.76518,10.7679,0.00,0.00
2015.12.09 15:38:01.670,10.76568,10.76829,0.00,0.00
2015.12.09 15:38:01.721,10.76568,10.76831,0.00,0.00
2015.12.09 15:38:01.961,10.76568,10.76861,0.00,0.00
2015.12.09 15:38:02.654,10.76568,10.7686,0.00,0.00
2015.12.09 15:38:03.183,10.76568,10.76861,0.00,0.00
2015.12.09 15:38:03.735,10.76568,10.7686,0.00,0.00
2015.12.09 15:38:03.987,10.76568,10.76841,0.00,0.00
2015.12.09 15:38:04.369,10.76568,10.7685,0.00,0.00
2015.12.09 15:38:04.678,10.76568,10.7686,0.00,0.00
2015.12.09 15:38:04.992,10.76568,10.76851,0.00,0.00
2015.12.09 15:38:05.294,10.76568,10.76841,0.00,0.00
2015.12.09 15:38:06.708,10.76618,10.76841,0.00,0.00
2015.12.09 15:38:06.759,10.76618,10.76861,0.00,0.00
2015.12.09 15:38:06.810,10.76618,10.769,0.00,0.00
2015.12.09 15:38:06.911,10.76618,10.76861,0.00,0.00
2015.12.09 15:38:06.962,10.76569,10.76861,0.00,0.00
2015.12.09 15:38:07.503,10.76568,10.76861,0.00,0.00
2015.12.09 15:38:07.554,10.76579,10.76861,0.00,0.00
2015.12.09 15:38:07.604,10.76619,10.76921,0.00,0.00
2015.12.09 15:38:07.932,10.76668,10.7694,0.00,0.00
2015.12.09 15:38:07.983,10.76668,10.76951,0.00,0.00
2015.12.09 15:38:08.104,10.76668,10.76941,0.00,0.00
2015.12.09 15:38:08.455,10.76668,10.7692,0.00,0.00
2015.12.09 15:38:08.807,10.76668,10.76961,0.00,0.00
2015.12.09 15:38:09.359,10.76668,10.7696,0.00,0.00
2015.12.09 15:38:09.409,10.76668,10.7695,0.00,0.00
2015.12.09 15:38:09.651,10.76668,10.76961,0.00,0.00
2015.12.09 15:38:09.846,10.76668,10.76931,0.00,0.00
2015.12.09 15:38:09.948,10.76668,10.76961,0.00,0.00
2015.12.09 15:38:10.613,10.76668,10.7696,0.00,0.00
2015.12.09 15:38:11.054,10.76668,10.76951,0.00,0.00
2015.12.09 15:38:11.309,10.76669,10.76978,0.00,0.00
2015.12.09 15:38:11.359,10.76718,10.76978,0.00,0.00
2015.12.09 15:38:11.577,10.76718,10.76981,0.00,0.00
2015.12.09 15:38:12.118,10.76768,10.77021,0.00,0.00
2015.12.09 15:38:12.698,10.76768,10.7702,0.00,0.00
2015.12.09 15:38:13.022,10.76768,10.7697,0.00,0.00
2015.12.09 15:38:13.123,10.76719,10.76971,0.00,0.00
2015.12.09 15:38:13.225,10.76719,10.76991,0.00,0.00
2015.12.09 15:38:14.052,10.76719,10.77019,0.00,0.00
2015.12.09 15:38:14.204,10.76768,10.7702,0.00,0.00
2015.12.09 15:38:14.780,10.76768,10.77021,0.00,0.00
2015.12.09 15:38:15.194,10.76819,10.7702,0.00,0.00
2015.12.09 15:38:15.245,10.7682,10.77069,0.00,0.00
2015.12.09 15:38:15.346,10.76821,10.77131,0.00,0.00
2015.12.09 15:38:15.396,10.76869,10.77131,0.00,0.00
2015.12.09 15:38:15.447,10.76869,10.77151,0.00,0.00
2015.12.09 15:38:15.548,10.76869,10.7716,0.00,0.00
2015.12.09 15:38:15.807,10.76869,10.77111,0.00,0.00
2015.12.09 15:38:15.959,10.76818,10.77061,0.00,0.00
2015.12.09 15:38:16.061,10.76768,10.77051,0.00,0.00
2015.12.09 15:38:16.162,10.76768,10.7704,0.00,0.00
2015.12.09 15:38:16.263,10.76771,10.77061,0.00,0.00
2015.12.09 15:38:16.314,10.76818,10.77061,0.00,0.00
2015.12.09 15:38:16.365,10.76818,10.77081,0.00,0.00
2015.12.09 15:38:16.416,10.76771,10.77081,0.00,0.00
2015.12.09 15:38:16.467,10.76771,10.77068,0.00,0.00
2015.12.09 15:38:16.877,10.76768,10.77001,0.00,0.00
2015.12.09 15:38:17.085,10.76768,10.77021,0.00,0.00
2015.12.09 15:38:17.592,10.76768,10.7702,0.00,0.00
2015.12.09 15:38:17.655,10.76768,10.7705,0.00,0.00
2015.12.09 15:38:18.358,10.76768,10.77051,0.00,0.00
2015.12.09 15:38:18.560,10.7677,10.77079,0.00,0.00
2015.12.09 15:38:18.610,10.76819,10.77079,0.00,0.00
2015.12.09 15:38:18.661,10.76819,10.77101,0.00,0.00
2015.12.09 15:38:19.194,10.76819,10.771,0.00,0.00
2015.12.09 15:38:19.578,10.76868,10.7712,0.00,0.00
2015.12.09 15:38:20.439,10.76868,10.77121,0.00,0.00
2015.12.09 15:38:21.186,10.76868,10.7712,0.00,0.00
2015.12.09 15:38:21.551,10.76868,10.7711,0.00,0.00
2015.12.09 15:38:21.603,10.76868,10.77121,0.00,0.00
2015.12.09 15:38:21.723,10.76868,10.77118,0.00,0.00
2015.12.09 15:38:21.774,10.76819,10.77118,0.00,0.00
2015.12.09 15:38:21.831,10.76819,10.77121,0.00,0.00
2015.12.09 15:38:21.882,10.76868,10.77121,0.00,0.00
2015.12.09 15:38:21.983,10.76868,10.77142,0.00,0.00
2015.12.09 15:38:22.084,10.76868,10.77151,0.00,0.00
2015.12.09 15:38:22.910,10.76918,10.77159,0.00,0.00
2015.12.09 15:38:23.011,10.76918,10.77192,0.00,0.00
2015.12.09 15:38:23.062,10.76921,10.7721,0.00,0.00
2015.12.09 15:38:23.113,10.76921,10.77218,0.00,0.00
2015.12.09 15:38:23.230,10.76968,10.77218,0.00,0.00
2015.12.09 15:38:23.331,10.76968,10.77241,0.00,0.00
2015.12.09 15:38:23.382,10.76968,10.77251,0.00,0.00
2015.12.09 15:38:23.965,10.76968,10.7725,0.00,0.00
2015.12.09 15:38:24.084,10.76968,10.77258,0.00,0.00
2015.12.09 15:38:24.224,10.76968,10.77251,0.00,0.00
2015.12.09 15:38:24.624,10.76968,10.7724,0.00,0.00
2015.12.09 15:38:25.162,10.76968,10.77241,0.00,0.00
2015.12.09 15:38:25.591,10.7702,10.77281,0.00,0.00
2015.12.09 15:38:25.893,10.77068,10.77311,0.00,0.00
2015.12.09 15:38:25.994,10.77068,10.7733,0.00,0.00
2015.12.09 15:38:26.911,10.77068,10.77349,0.00,0.00
2015.12.09 15:38:27.199,10.77068,10.7732,0.00,0.00
2015.12.09 15:38:27.801,10.77068,10.77321,0.00,0.00
2015.12.09 15:38:27.918,10.77068,10.77341,0.00,0.00
2015.12.09 15:38:28.304,10.77068,10.77349,0.00,0.00
2015.12.09 15:38:29.017,10.77068,10.77331,0.00,0.00
2015.12.09 15:38:29.208,10.77068,10.77341,0.00,0.00
2015.12.09 15:38:29.718,10.77068,10.77349,0.00,0.00
2015.12.09 15:38:32.026,10.77068,10.7732,0.00,0.00
2015.12.09 15:38:32.350,10.77068,10.77331,0.00,0.00
2015.12.09 15:38:33.028,10.77068,10.7733,0.00,0.00
2015.12.09 15:38:33.330,10.77068,10.77311,0.00,0.00
2015.12.09 15:38:33.982,10.77068,10.7733,0.00,0.00
2015.12.09 15:38:34.083,10.77068,10.77349,0.00,0.00
2015.12.09 15:38:34.394,10.77068,10.77279,0.00,0.00
2015.12.09 15:38:34.445,10.77008,10.7725,0.00,0.00
2015.12.09 15:38:34.549,10.76969,10.77241,0.00,0.00
2015.12.09 15:38:34.710,10.76969,10.77221,0.00,0.00
2015.12.09 15:38:34.881,10.76969,10.77241,0.00,0.00
2015.12.09 15:38:35.281,10.76969,10.77231,0.00,0.00
2015.12.09 15:38:36.086,10.76969,10.7722,0.00,0.00
2015.12.09 15:38:36.186,10.76969,10.77231,0.00,0.00
2015.12.09 15:38:36.287,10.76969,10.77221,0.00,0.00
2015.12.09 15:38:36.608,10.76969,10.77211,0.00,0.00
2015.12.09 15:38:37.110,10.76918,10.7721,0.00,0.00
2015.12.09 15:38:37.311,10.76968,10.77211,0.00,0.00
2015.12.09 15:38:37.362,10.76968,10.77222,0.00,0.00
2015.12.09 15:38:37.482,10.76968,10.77191,0.00,0.00
2015.12.09 15:38:37.788,10.76968,10.77259,0.00,0.00
2015.12.09 15:38:37.990,10.76968,10.7723,0.00,0.00
2015.12.09 15:38:38.351,10.76892,10.77141,0.00,0.00
2015.12.09 15:38:38.701,10.76868,10.7714,0.00,0.00
2015.12.09 15:38:38.802,10.76868,10.77151,0.00,0.00
2015.12.09 15:38:38.953,10.76919,10.7715,0.00,0.00
2015.12.09 15:38:39.004,10.76919,10.7717,0.00,0.00
2015.12.09 15:38:39.054,10.76938,10.7717,0.00,0.00
2015.12.09 15:38:39.105,10.76938,10.77219,0.00,0.00
2015.12.09 15:38:39.156,10.76969,10.77219,0.00,0.00
2015.12.09 15:38:39.367,10.76969,10.77251,0.00,0.00
2015.12.09 15:38:39.697,10.76969,10.7726,0.00,0.00
2015.12.09 15:38:40.243,10.76969,10.77261,0.00,0.00
2015.12.09 15:38:40.455,10.76969,10.7725,0.00,0.00
2015.12.09 15:38:40.506,10.76969,10.7726,0.00,0.00
2015.12.09 15:38:40.607,10.76969,10.77251,0.00,0.00
2015.12.09 15:38:41.115,10.76969,10.7725,0.00,0.00
2015.12.09 15:38:41.532,10.76969,10.77231,0.00,0.00
2015.12.09 15:38:41.862,10.76969,10.77229,0.00,0.00
2015.12.09 15:38:41.917,10.76919,10.77229,0.00,0.00
2015.12.09 15:38:42.018,10.76872,10.77182,0.00,0.00
2015.12.09 15:38:42.320,10.76919,10.77171,0.00,0.00
2015.12.09 15:38:42.609,10.76969,10.77229,0.00,0.00
2015.12.09 15:38:42.710,10.76969,10.77261,0.00,0.00
2015.12.09 15:38:43.255,10.76969,10.7726,0.00,0.00
2015.12.09 15:38:43.808,10.76969,10.77261,0.00,0.00
2015.12.09 15:38:44.642,10.77018,10.77261,0.00,0.00
2015.12.09 15:38:44.860,10.76969,10.7726,0.00,0.00
2015.12.09 15:38:45.012,10.76969,10.77278,0.00,0.00
2015.12.09 15:38:45.113,10.76971,10.77281,0.00,0.00
2015.12.09 15:38:45.215,10.77018,10.77319,0.00,0.00
2015.12.09 15:38:46.169,10.77018,10.77318,0.00,0.00
2015.12.09 15:38:47.711,10.7702,10.77318,0.00,0.00
2015.12.09 15:38:48.013,10.77068,10.77339,0.00,0.00
2015.12.09 15:38:50.952,10.77068,10.77331,0.00,0.00
2015.12.09 15:38:51.255,10.77169,10.77411,0.00,0.00
2015.12.09 15:38:51.639,10.77169,10.7742,0.00,0.00
2015.12.09 15:38:52.184,10.77169,10.77421,0.00,0.00
2015.12.09 15:38:52.285,10.77169,10.7744,0.00,0.00
2015.12.09 15:38:52.587,10.77169,10.7743,0.00,0.00
2015.12.09 15:38:53.102,10.77169,10.7746,0.00,0.00
2015.12.09 15:38:53.153,10.77169,10.77441,0.00,0.00
2015.12.09 15:38:53.649,10.77169,10.7745,0.00,0.00
2015.12.09 15:38:53.852,10.77169,10.77431,0.00,0.00
2015.12.09 15:38:54.176,10.77169,10.77411,0.00,0.00
2015.12.09 15:38:54.500,10.77169,10.77401,0.00,0.00
2015.12.09 15:38:54.801,10.77169,10.7743,0.00,0.00
2015.12.09 15:38:54.999,10.77169,10.77402,0.00,0.00
2015.12.09 15:38:55.401,10.77169,10.7741,0.00,0.00
2015.12.09 15:38:55.456,10.77169,10.77421,0.00,0.00
2015.12.09 15:38:55.607,10.77169,10.7744,0.00,0.00
2015.12.09 15:38:55.859,10.77169,10.77421,0.00,0.00
2015.12.09 15:38:56.473,10.77169,10.77451,0.00,0.00
2015.12.09 15:38:56.574,10.77169,10.7744,0.00,0.00
2015.12.09 15:38:56.914,10.77169,10.7745,0.00,0.00
2015.12.09 15:38:56.974,10.77169,10.77441,0.00,0.00
2015.12.09 15:38:57.281,10.77169,10.7743,0.00,0.00
2015.12.09 15:38:57.812,10.77169,10.7742,0.00,0.00
2015.12.09 15:38:57.913,10.77169,10.77441,0.00,0.00
2015.12.09 15:38:58.287,10.77169,10.77421,0.00,0.00
2015.12.09 15:38:58.582,10.77169,10.7745,0.00,0.00
2015.12.09 15:38:59.085,10.77169,10.77451,0.00,0.00
2015.12.09 15:38:59.188,10.77169,10.77461,0.00,0.00
2015.12.09 15:38:59.797,10.77169,10.7746,0.00,0.00
2015.12.09 15:39:00.015,10.77169,10.77452,0.00,0.00
2015.12.09 15:39:00.066,10.77169,10.77461,0.00,0.00
2015.12.09 15:39:00.613,10.77169,10.7746,0.00,0.00
2015.12.09 15:39:01.198,10.77169,10.77461,0.00,0.00
2015.12.09 15:39:01.716,10.77268,10.77508,0.00,0.00
2015.12.09 15:39:01.868,10.77268,10.7753,0.00,0.00
2015.12.09 15:39:02.124,10.77268,10.7754,0.00,0.00
2015.12.09 15:39:02.225,10.77268,10.7752,0.00,0.00
2015.12.09 15:39:02.882,10.77268,10.77541,0.00,0.00
2015.12.09 15:39:03.185,10.77268,10.77551,0.00,0.00
2015.12.09 15:39:04.577,10.77268,10.7755,0.00,0.00
2015.12.09 15:39:04.887,10.77268,10.77541,0.00,0.00
2015.12.09 15:39:05.088,10.77268,10.7755,0.00,0.00
2015.12.09 15:39:07.493,10.77268,10.77561,0.00,0.00
2015.12.09 15:39:07.694,10.77268,10.77541,0.00,0.00
2015.12.09 15:39:07.795,10.77268,10.7755,0.00,0.00
2015.12.09 15:39:08.705,10.77268,10.77551,0.00,0.00
2015.12.09 15:39:09.137,10.77268,10.77541,0.00,0.00
2015.12.09 15:39:09.493,10.77268,10.77531,0.00,0.00
2015.12.09 15:39:09.811,10.77218,10.77431,0.00,0.00
2015.12.09 15:39:09.962,10.77168,10.7743,0.00,0.00
2015.12.09 15:39:10.013,10.77168,10.77421,0.00,0.00
2015.12.09 15:39:10.114,10.77168,10.77431,0.00,0.00
2015.12.09 15:39:10.214,10.77168,10.77451,0.00,0.00
2015.12.09 15:39:10.764,10.77168,10.7745,0.00,0.00
2015.12.09 15:39:10.957,10.77168,10.7741,0.00,0.00
2015.12.09 15:39:11.159,10.77168,10.7743,0.00,0.00
2015.12.09 15:39:11.360,10.77168,10.77421,0.00,0.00
2015.12.09 15:39:11.538,10.77168,10.77431,0.00,0.00
2015.12.09 15:39:11.589,10.77122,10.77392,0.00,0.00
2015.12.09 15:39:12.566,10.77112,10.77392,0.00,0.00
2015.12.09 15:39:14.029,10.77121,10.77392,0.00,0.00
2015.12.09 15:39:16.229,10.77112,10.77392,0.00,0.00
2015.12.09 15:39:16.653,10.77121,10.77392,0.00,0.00
2015.12.09 15:39:17.865,10.77102,10.77392,0.00,0.00
2015.12.09 15:39:19.015,10.77059,10.77331,0.00,0.00
2015.12.09 15:39:19.116,10.77028,10.77331,0.00,0.00
2015.12.09 15:39:19.217,10.77001,10.77292,0.00,0.00
2015.12.09 15:39:19.926,10.77012,10.77292,0.00,0.00
2015.12.09 15:39:20.355,10.77012,10.7726,0.00,0.00
2015.12.09 15:39:20.406,10.77002,10.7726,0.00,0.00
2015.12.09 15:39:20.507,10.77002,10.7727,0.00,0.00
2015.12.09 15:39:20.558,10.77002,10.77261,0.00,0.00
2015.12.09 15:39:20.659,10.77002,10.77292,0.00,0.00
2015.12.09 15:39:20.709,10.77008,10.77292,0.00,0.00
2015.12.09 15:39:20.810,10.77002,10.7729,0.00,0.00
2015.12.09 15:39:20.861,10.77002,10.7727,0.00,0.00
2015.12.09 15:39:21.294,10.77002,10.77242,0.00,0.00
2015.12.09 15:39:21.445,10.76928,10.77231,0.00,0.00
2015.12.09 15:39:21.496,10.76928,10.77161,0.00,0.00
2015.12.09 15:39:21.547,10.76901,10.77141,0.00,0.00
2015.12.09 15:39:21.648,10.76829,10.77091,0.00,0.00
2015.12.09 15:39:21.749,10.76822,10.77091,0.00,0.00
2015.12.09 15:39:21.909,10.76849,10.77091,0.00,0.00
2015.12.09 15:39:22.112,10.76822,10.77091,0.00,0.00
2015.12.09 15:39:22.213,10.76858,10.77131,0.00,0.00
2015.12.09 15:39:22.263,10.76901,10.77142,0.00,0.00
2015.12.09 15:39:22.415,10.76901,10.77192,0.00,0.00
2015.12.09 15:39:23.070,10.76901,10.77181,0.00,0.00
2015.12.09 15:39:23.121,10.76892,10.77181,0.00,0.00
2015.12.09 15:39:23.171,10.76872,10.77142,0.00,0.00
2015.12.09 15:39:23.676,10.76871,10.77141,0.00,0.00
2015.12.09 15:39:23.727,10.76878,10.7718,0.00,0.00
2015.12.09 15:39:23.777,10.76901,10.77192,0.00,0.00
2015.12.09 15:39:24.170,10.76871,10.77142,0.00,0.00
2015.12.09 15:39:24.500,10.76891,10.77192,0.00,0.00
2015.12.09 15:39:24.550,10.76902,10.77192,0.00,0.00
2015.12.09 15:39:24.954,10.76902,10.77142,0.00,0.00
2015.12.09 15:39:25.004,10.76891,10.77142,0.00,0.00
2015.12.09 15:39:25.346,10.76871,10.77142,0.00,0.00
2015.12.09 15:39:26.128,10.76878,10.77192,0.00,0.00
2015.12.09 15:39:26.229,10.76901,10.77192,0.00,0.00
2015.12.09 15:39:27.889,10.76901,10.77141,0.00,0.00
2015.12.09 15:39:27.967,10.76891,10.77141,0.00,0.00
2015.12.09 15:39:28.068,10.76871,10.77141,0.00,0.00
2015.12.09 15:39:28.168,10.76901,10.77192,0.00,0.00
2015.12.09 15:39:28.538,10.76908,10.77192,0.00,0.00
2015.12.09 15:39:28.738,10.76901,10.77192,0.00,0.00
2015.12.09 15:39:29.080,10.76919,10.77192,0.00,0.00
2015.12.09 15:39:29.133,10.76901,10.77192,0.00,0.00
2015.12.09 15:39:29.241,10.76908,10.77192,0.00,0.00
2015.12.09 15:39:29.342,10.76901,10.77192,0.00,0.00
2015.12.09 15:39:29.644,10.76918,10.77192,0.00,0.00
2015.12.09 15:39:29.745,10.76901,10.77192,0.00,0.00
2015.12.09 15:39:29.846,10.76909,10.77192,0.00,0.00
2015.12.09 15:39:30.317,10.76901,10.77192,0.00,0.00
2015.12.09 15:39:30.544,10.76919,10.77192,0.00,0.00
2015.12.09 15:39:30.647,10.76912,10.77192,0.00,0.00
2015.12.09 15:39:30.748,10.76928,10.77192,0.00,0.00
2015.12.09 15:39:31.046,10.76979,10.7727,0.00,0.00
2015.12.09 15:39:31.147,10.76979,10.77231,0.00,0.00
2015.12.09 15:39:31.248,10.76929,10.77192,0.00,0.00
2015.12.09 15:39:31.502,10.76922,10.77192,0.00,0.00
2015.12.09 15:39:32.005,10.76921,10.77192,0.00,0.00
2015.12.09 15:39:32.056,10.76939,10.77192,0.00,0.00
2015.12.09 15:39:32.925,10.76948,10.77192,0.00,0.00
2015.12.09 15:39:32.976,10.76929,10.77192,0.00,0.00
2015.12.09 15:39:33.078,10.76949,10.77192,0.00,0.00
2015.12.09 15:39:33.381,10.76911,10.77192,0.00,0.00
2015.12.09 15:39:33.785,10.76919,10.77192,0.00,0.00
2015.12.09 15:39:34.037,10.76911,10.77192,0.00,0.00
2015.12.09 15:39:34.087,10.76919,10.77192,0.00,0.00
2015.12.09 15:39:34.599,10.76922,10.77192,0.00,0.00
2015.12.09 15:39:34.904,10.76928,10.77192,0.00,0.00
2015.12.09 15:39:34.955,10.76921,10.77192,0.00,0.00
2015.12.09 15:39:35.069,10.76939,10.77192,0.00,0.00
2015.12.09 15:39:35.340,10.76921,10.77192,0.00,0.00
2015.12.09 15:39:35.391,10.76938,10.77192,0.00,0.00
2015.12.09 15:39:35.546,10.76921,10.77192,0.00,0.00
2015.12.09 15:39:37.785,10.76911,10.77192,0.00,0.00
2015.12.09 15:39:38.865,10.76901,10.77192,0.00,0.00
2015.12.09 15:39:40.770,10.76901,10.77141,0.00,0.00
2015.12.09 15:39:41.029,10.76872,10.77142,0.00,0.00
2015.12.09 15:39:41.769,10.76878,10.7718,0.00,0.00
2015.12.09 15:39:41.820,10.76892,10.7718,0.00,0.00
2015.12.09 15:39:41.871,10.76902,10.77192,0.00,0.00
2015.12.09 15:39:42.367,10.76909,10.77192,0.00,0.00
2015.12.09 15:39:42.567,10.76902,10.77192,0.00,0.00
2015.12.09 15:39:43.656,10.76911,10.77192,0.00,0.00
2015.12.09 15:39:43.976,10.76922,10.77192,0.00,0.00
2015.12.09 15:39:44.532,10.76921,10.77192,0.00,0.00
2015.12.09 15:39:48.020,10.76928,10.77242,0.00,0.00
2015.12.09 15:39:48.121,10.76948,10.77242,0.00,0.00
2015.12.09 15:39:48.172,10.76978,10.77281,0.00,0.00
2015.12.09 15:39:48.223,10.77001,10.7728,0.00,0.00
2015.12.09 15:39:48.325,10.77001,10.77292,0.00,0.00
2015.12.09 15:39:49.774,10.77001,10.77242,0.00,0.00
2015.12.09 15:39:50.076,10.76971,10.77242,0.00,0.00
2015.12.09 15:39:50.127,10.76979,10.77242,0.00,0.00
2015.12.09 15:39:50.184,10.76971,10.77242,0.00,0.00
2015.12.09 15:39:50.335,10.76978,10.77292,0.00,0.00
2015.12.09 15:39:50.436,10.77001,10.77292,0.00,0.00
2015.12.09 15:39:50.898,10.77001,10.77242,0.00,0.00
2015.12.09 15:39:50.999,10.76992,10.77242,0.00,0.00
2015.12.09 15:39:51.581,10.76971,10.77242,0.00,0.00
2015.12.09 15:39:51.682,10.76978,10.7728,0.00,0.00
2015.12.09 15:39:51.732,10.77002,10.77292,0.00,0.00
2015.12.09 15:39:52.075,10.77012,10.77292,0.00,0.00
2015.12.09 15:39:52.377,10.76971,10.77242,0.00,0.00
2015.12.09 15:39:53.847,10.76921,10.77192,0.00,0.00
2015.12.09 15:39:54.048,10.76901,10.77192,0.00,0.00
2015.12.09 15:39:54.149,10.76922,10.77192,0.00,0.00
2015.12.09 15:39:54.802,10.76939,10.77192,0.00,0.00
2015.12.09 15:39:54.903,10.76922,10.77192,0.00,0.00
2015.12.09 15:39:56.508,10.76928,10.77192,0.00,0.00
2015.12.09 15:39:56.610,10.76922,10.77192,0.00,0.00
2015.12.09 15:39:56.710,10.76902,10.77192,0.00,0.00
2015.12.09 15:39:57.016,10.76922,10.77192,0.00,0.00
2015.12.09 15:39:57.117,10.76902,10.77192,0.00,0.00
2015.12.09 15:39:57.499,10.76902,10.77141,0.00,0.00
2015.12.09 15:39:57.701,10.76901,10.77192,0.00,0.00
2015.12.09 15:39:57.965,10.76901,10.77161,0.00,0.00
2015.12.09 15:39:58.176,10.76872,10.77142,0.00,0.00
2015.12.09 15:39:58.277,10.76879,10.77191,0.00,0.00
2015.12.09 15:39:58.328,10.76921,10.77191,0.00,0.00
2015.12.09 15:39:59.413,10.76911,10.77191,0.00,0.00
2015.12.09 15:40:00.222,10.76938,10.77191,0.00,0.00
2015.12.09 15:40:00.374,10.76972,10.77241,0.00,0.00
2015.12.09 15:40:00.582,10.76929,10.77241,0.00,0.00
2015.12.09 15:40:00.649,10.76921,10.77181,0.00,0.00
2015.12.09 15:40:00.776,10.76921,10.77191,0.00,0.00
2015.12.09 15:40:01.027,10.76928,10.77191,0.00,0.00
2015.12.09 15:40:01.509,10.76921,10.77191,0.00,0.00
2015.12.09 15:40:01.901,10.76921,10.7713,0.00,0.00
2015.12.09 15:40:01.953,10.76892,10.7713,0.00,0.00
2015.12.09 15:40:02.004,10.76922,10.77191,0.00,0.00
2015.12.09 15:40:02.105,10.76971,10.77242,0.00,0.00
2015.12.09 15:40:02.155,10.76978,10.77242,0.00,0.00
2015.12.09 15:40:02.458,10.76921,10.77192,0.00,0.00
2015.12.09 15:40:03.026,10.76949,10.77192,0.00,0.00
2015.12.09 15:40:03.165,10.76939,10.77192,0.00,0.00
2015.12.09 15:40:03.314,10.76921,10.77192,0.00,0.00
2015.12.09 15:40:03.547,10.76938,10.7723,0.00,0.00
2015.12.09 15:40:03.607,10.76971,10.7723,0.00,0.00
2015.12.09 15:40:03.658,10.76978,10.77242,0.00,0.00
2015.12.09 15:40:03.880,10.76978,10.77281,0.00,0.00
2015.12.09 15:40:03.931,10.76991,10.77292,0.00,0.00
2015.12.09 15:40:04.253,10.77001,10.77292,0.00,0.00
2015.12.09 15:40:04.621,10.77001,10.77241,0.00,0.00
2015.12.09 15:40:04.790,10.76972,10.7723,0.00,0.00
2015.12.09 15:40:04.891,10.76971,10.77241,0.00,0.00
2015.12.09 15:40:05.507,10.76971,10.77242,0.00,0.00
2015.12.09 15:40:05.565,10.76979,10.77242,0.00,0.00
2015.12.09 15:40:05.619,10.76971,10.77242,0.00,0.00
2015.12.09 15:40:05.907,10.76991,10.77242,0.00,0.00
2015.12.09 15:40:05.958,10.76991,10.77261,0.00,0.00
2015.12.09 15:40:06.070,10.76991,10.77191,0.00,0.00
2015.12.09 15:40:06.648,10.76901,10.77191,0.00,0.00
2015.12.09 15:40:07.023,10.76918,10.77191,0.00,0.00
2015.12.09 15:40:07.124,10.76908,10.77191,0.00,0.00
2015.12.09 15:40:07.237,10.76911,10.77191,0.00,0.00
2015.12.09 15:40:07.787,10.76908,10.77191,0.00,0.00
2015.12.09 15:40:07.838,10.76901,10.77191,0.00,0.00
2015.12.09 15:40:08.124,10.76909,10.77191,0.00,0.00
2015.12.09 15:40:08.437,10.76872,10.77141,0.00,0.00
2015.12.09 15:40:08.487,10.76879,10.77191,0.00,0.00
2015.12.09 15:40:08.538,10.76889,10.77191,0.00,0.00
2015.12.09 15:40:08.858,10.76902,10.77191,0.00,0.00
2015.12.09 15:40:09.185,10.76871,10.77141,0.00,0.00
2015.12.09 15:40:09.626,10.76888,10.77141,0.00,0.00
2015.12.09 15:40:09.848,10.76871,10.77141,0.00,0.00
2015.12.09 15:40:11.030,10.76888,10.77181,0.00,0.00
2015.12.09 15:40:11.081,10.76892,10.77191,0.00,0.00
2015.12.09 15:40:11.131,10.76919,10.77191,0.00,0.00
2015.12.09 15:40:11.486,10.76911,10.77191,0.00,0.00
2015.12.09 15:40:12.931,10.76928,10.77191,0.00,0.00
2015.12.09 15:40:13.032,10.76911,10.77191,0.00,0.00
2015.12.09 15:40:13.216,10.76928,10.77191,0.00,0.00
2015.12.09 15:40:13.563,10.76959,10.7723,0.00,0.00
2015.12.09 15:40:13.670,10.76948,10.77191,0.00,0.00
2015.12.09 15:40:13.984,10.76998,10.77241,0.00,0.00
2015.12.09 15:40:14.440,10.76998,10.77291,0.00,0.00
2015.12.09 15:40:14.592,10.76999,10.77281,0.00,0.00
2015.12.09 15:40:14.894,10.76991,10.77292,0.00,0.00
2015.12.09 15:40:14.945,10.77019,10.77292,0.00,0.00
2015.12.09 15:40:15.045,10.77008,10.77292,0.00,0.00
2015.12.09 15:40:15.096,10.77008,10.7729,0.00,0.00
2015.12.09 15:40:15.147,10.76991,10.7729,0.00,0.00
2015.12.09 15:40:15.197,10.76991,10.77242,0.00,0.00
2015.12.09 15:40:15.330,10.76971,10.77242,0.00,0.00
2015.12.09 15:40:15.380,10.76989,10.77242,0.00,0.00
2015.12.09 15:40:15.754,10.76971,10.77242,0.00,0.00
2015.12.09 15:40:15.855,10.76988,10.77291,0.00,0.00
2015.12.09 15:40:15.956,10.77009,10.77292,0.00,0.00
2015.12.09 15:40:16.289,10.77018,10.77292,0.00,0.00
2015.12.09 15:40:16.339,10.77009,10.77292,0.00,0.00
2015.12.09 15:40:16.662,10.77019,10.77292,0.00,0.00
2015.12.09 15:40:16.763,10.77041,10.77341,0.00,0.00
2015.12.09 15:40:16.814,10.77112,10.77341,0.00,0.00
2015.12.09 15:40:17.143,10.77129,10.77391,0.00,0.00
2015.12.09 15:40:17.440,10.77122,10.77391,0.00,0.00
2015.12.09 15:40:17.778,10.77129,10.77391,0.00,0.00
2015.12.09 15:40:18.186,10.77171,10.77442,0.00,0.00
2015.12.09 15:40:18.393,10.77158,10.77392,0.00,0.00
2015.12.09 15:40:18.443,10.77122,10.77392,0.00,0.00
2015.12.09 15:40:18.887,10.77128,10.77392,0.00,0.00
2015.12.09 15:40:19.045,10.77129,10.77441,0.00,0.00
2015.12.09 15:40:19.095,10.77139,10.77441,0.00,0.00
2015.12.09 15:40:19.479,10.77221,10.77491,0.00,0.00
2015.12.09 15:40:19.984,10.77222,10.77491,0.00,0.00
2015.12.09 15:40:20.505,10.77221,10.77491,0.00,0.00
2015.12.09 15:40:21.357,10.77211,10.77491,0.00,0.00
2015.12.09 15:40:21.589,10.77218,10.77491,0.00,0.00
2015.12.09 15:40:21.690,10.77211,10.77491,0.00,0.00
2015.12.09 15:40:21.892,10.77228,10.77491,0.00,0.00
2015.12.09 15:40:22.146,10.77211,10.77491,0.00,0.00
2015.12.09 15:40:22.247,10.77221,10.77441,0.00,0.00
2015.12.09 15:40:22.349,10.77198,10.77441,0.00,0.00
2015.12.09 15:40:22.400,10.77172,10.77441,0.00,0.00
2015.12.09 15:40:22.893,10.77171,10.77391,0.00,0.00
2015.12.09 15:40:23.074,10.77121,10.77391,0.00,0.00
2015.12.09 15:40:24.438,10.77111,10.77391,0.00,0.00
2015.12.09 15:40:26.731,10.77121,10.77391,0.00,0.00
2015.12.09 15:40:27.707,10.77122,10.77391,0.00,0.00
2015.12.09 15:40:27.959,10.77111,10.77391,0.00,0.00
2015.12.09 15:40:30.378,10.77111,10.77341,0.00,0.00
2015.12.09 15:40:30.429,10.77049,10.77341,0.00,0.00
2015.12.09 15:40:30.479,10.77049,10.77292,0.00,0.00
2015.12.09 15:40:30.607,10.77021,10.77292,0.00,0.00
2015.12.09 15:40:30.708,10.76979,10.77241,0.00,0.00
2015.12.09 15:40:30.809,10.76938,10.77241,0.00,0.00
2015.12.09 15:40:30.912,10.76922,10.77191,0.00,0.00
2015.12.09 15:40:31.072,10.76928,10.77242,0.00,0.00
2015.12.09 15:40:31.185,10.76958,10.77242,0.00,0.00
2015.12.09 15:40:31.522,10.76972,10.77242,0.00,0.00
2015.12.09 15:40:33.571,10.76972,10.77192,0.00,0.00
2015.12.09 15:40:33.740,10.76928,10.77241,0.00,0.00
2015.12.09 15:40:33.857,10.76971,10.77241,0.00,0.00
2015.12.09 15:40:33.907,10.76979,10.77291,0.00,0.00
2015.12.09 15:40:33.979,10.76999,10.77291,0.00,0.00
2015.12.09 15:40:34.331,10.76999,10.77242,0.00,0.00
2015.12.09 15:40:34.382,10.76971,10.77242,0.00,0.00
2015.12.09 15:40:34.483,10.76928,10.77242,0.00,0.00
2015.12.09 15:40:35.597,10.76949,10.77242,0.00,0.00
2015.12.09 15:40:35.682,10.76928,10.77242,0.00,0.00
2015.12.09 15:40:35.783,10.76948,10.77242,0.00,0.00
2015.12.09 15:40:35.884,10.76928,10.77242,0.00,0.00
2015.12.09 15:40:37.316,10.76938,10.77242,0.00,0.00
2015.12.09 15:40:37.386,10.76928,10.77242,0.00,0.00
2015.12.09 15:40:37.692,10.76928,10.77231,0.00,0.00
2015.12.09 15:40:38.124,10.76928,10.77241,0.00,0.00
2015.12.09 15:40:38.239,10.76928,10.77221,0.00,0.00
2015.12.09 15:40:38.454,10.76928,10.77231,0.00,0.00
2015.12.09 15:40:39.157,10.76928,10.77221,0.00,0.00
2015.12.09 15:40:39.546,10.76928,10.77242,0.00,0.00
2015.12.09 15:40:40.099,10.76929,10.77242,0.00,0.00
2015.12.09 15:40:40.615,10.76928,10.77242,0.00,0.00
2015.12.09 15:40:40.695,10.76939,10.77242,0.00,0.00
2015.12.09 15:40:41.150,10.76979,10.77261,0.00,0.00
2015.12.09 15:40:41.301,10.76929,10.77241,0.00,0.00
2015.12.09 15:40:41.498,10.76938,10.77241,0.00,0.00
2015.12.09 15:40:41.799,10.76929,10.77241,0.00,0.00
2015.12.09 15:40:42.255,10.76979,10.7726,0.00,0.00
2015.12.09 15:40:42.834,10.76979,10.77261,0.00,0.00
2015.12.09 15:40:43.728,10.76979,10.7726,0.00,0.00
2015.12.09 15:40:44.138,10.76971,10.77241,0.00,0.00
2015.12.09 15:40:44.239,10.76979,10.77291,0.00,0.00
2015.12.09 15:40:45.257,10.76972,10.77242,0.00,0.00
2015.12.09 15:40:45.307,10.7695,10.77242,0.00,0.00
2015.12.09 15:40:45.408,10.76928,10.77242,0.00,0.00
2015.12.09 15:40:46.711,10.76938,10.77242,0.00,0.00
2015.12.09 15:40:47.620,10.76928,10.77242,0.00,0.00
2015.12.09 15:40:48.546,10.76939,10.77242,0.00,0.00
2015.12.09 15:40:48.913,10.76928,10.77242,0.00,0.00
2015.12.09 15:40:49.257,10.76948,10.77242,0.00,0.00
2015.12.09 15:40:49.562,10.76978,10.7729,0.00,0.00
2015.12.09 15:40:50.116,10.76978,10.77291,0.00,0.00
2015.12.09 15:40:50.167,10.77028,10.77321,0.00,0.00
2015.12.09 15:40:50.419,10.76929,10.77241,0.00,0.00
2015.12.09 15:40:50.470,10.76949,10.77241,0.00,0.00
2015.12.09 15:40:50.520,10.76979,10.77291,0.00,0.00
2015.12.09 15:40:50.732,10.76971,10.77241,0.00,0.00
2015.12.09 15:40:50.833,10.76938,10.77241,0.00,0.00
2015.12.09 15:40:50.934,10.76929,10.77241,0.00,0.00
2015.12.09 15:40:51.786,10.76929,10.77231,0.00,0.00
2015.12.09 15:40:51.997,10.76929,10.77241,0.00,0.00
2015.12.09 15:40:52.048,10.76948,10.77241,0.00,0.00
2015.12.09 15:40:52.149,10.76939,10.77241,0.00,0.00
2015.12.09 15:40:52.221,10.76929,10.77241,0.00,0.00
2015.12.09 15:40:53.828,10.76939,10.77241,0.00,0.00
2015.12.09 15:40:54.431,10.76929,10.77241,0.00,0.00
2015.12.09 15:40:54.950,10.76938,10.77241,0.00,0.00
2015.12.09 15:40:55.051,10.76929,10.77241,0.00,0.00
2015.12.09 15:40:55.784,10.76978,10.77261,0.00,0.00
2015.12.09 15:40:55.935,10.77039,10.77342,0.00,0.00
2015.12.09 15:40:56.147,10.77028,10.77342,0.00,0.00
2015.12.09 15:40:57.353,10.77079,10.7736,0.00,0.00
2015.12.09 15:40:57.404,10.77079,10.77371,0.00,0.00
2015.12.09 15:40:57.605,10.77078,10.77392,0.00,0.00
2015.12.09 15:40:59.196,10.77128,10.77421,0.00,0.00
2015.12.09 15:40:59.407,10.77128,10.77442,0.00,0.00
2015.12.09 15:41:00.533,10.77129,10.77442,0.00,0.00
2015.12.09 15:41:01.571,10.77128,10.77442,0.00,0.00
2015.12.09 15:41:02.033,10.77128,10.7739,0.00,0.00
2015.12.09 15:41:02.084,10.77112,10.7739,0.00,0.00
2015.12.09 15:41:02.185,10.77101,10.77392,0.00,0.00
2015.12.09 15:41:02.286,10.77128,10.7742,0.00,0.00
2015.12.09 15:41:02.386,10.77128,10.77441,0.00,0.00
2015.12.09 15:41:03.045,10.77128,10.7744,0.00,0.00
2015.12.09 15:41:03.146,10.77128,10.77442,0.00,0.00
2015.12.09 15:41:04.995,10.77139,10.77442,0.00,0.00
2015.12.09 15:41:05.298,10.77191,10.77441,0.00,0.00
2015.12.09 15:41:05.820,10.77129,10.77441,0.00,0.00
2015.12.09 15:41:06.223,10.77138,10.7745,0.00,0.00
2015.12.09 15:41:06.274,10.77138,10.77452,0.00,0.00
2015.12.09 15:41:06.551,10.77138,10.77441,0.00,0.00
2015.12.09 15:41:07.240,10.77138,10.7744,0.00,0.00
2015.12.09 15:41:07.402,10.77138,10.77451,0.00,0.00
2015.12.09 15:41:07.994,10.77139,10.77441,0.00,0.00
2015.12.09 15:41:08.503,10.77138,10.77441,0.00,0.00
2015.12.09 15:41:09.306,10.77138,10.77452,0.00,0.00
2015.12.09 15:41:09.957,10.77139,10.77452,0.00,0.00
2015.12.09 15:41:10.489,10.77138,10.77452,0.00,0.00
2015.12.09 15:41:10.810,10.77138,10.7741,0.00,0.00
2015.12.09 15:41:11.032,10.77039,10.77351,0.00,0.00
2015.12.09 15:41:11.199,10.77039,10.77331,0.00,0.00
2015.12.09 15:41:11.611,10.77039,10.7734,0.00,0.00
2015.12.09 15:41:12.272,10.77039,10.77328,0.00,0.00
2015.12.09 15:41:12.424,10.7696,10.7725,0.00,0.00
2015.12.09 15:41:12.475,10.76938,10.7724,0.00,0.00
2015.12.09 15:41:12.764,10.76949,10.77241,0.00,0.00
2015.12.09 15:41:12.865,10.76938,10.7724,0.00,0.00
2015.12.09 15:41:12.966,10.76948,10.7724,0.00,0.00
2015.12.09 15:41:13.067,10.76938,10.77241,0.00,0.00
2015.12.09 15:41:13.364,10.76938,10.77251,0.00,0.00
2015.12.09 15:41:13.916,10.76938,10.7725,0.00,0.00
2015.12.09 15:41:14.218,10.76938,10.7724,0.00,0.00
2015.12.09 15:41:14.683,10.76938,10.77231,0.00,0.00
2015.12.09 15:41:15.296,10.76938,10.77221,0.00,0.00
2015.12.09 15:41:15.497,10.7691,10.77201,0.00,0.00
2015.12.09 15:41:15.598,10.76939,10.77181,0.00,0.00
2015.12.09 15:41:15.880,10.76888,10.77202,0.00,0.00
2015.12.09 15:41:16.341,10.76938,10.7721,0.00,0.00
2015.12.09 15:41:16.644,10.76992,10.77241,0.00,0.00
2015.12.09 15:41:17.092,10.76939,10.77241,0.00,0.00
2015.12.09 15:41:17.143,10.76948,10.77251,0.00,0.00
2015.12.09 15:41:17.505,10.76939,10.7725,0.00,0.00
2015.12.09 15:41:18.111,10.76948,10.7725,0.00,0.00
2015.12.09 15:41:18.175,10.76939,10.7725,0.00,0.00
2015.12.09 15:41:19.123,10.76939,10.77251,0.00,0.00
2015.12.09 15:41:19.425,10.76939,10.77241,0.00,0.00
2015.12.09 15:41:19.913,10.76939,10.77251,0.00,0.00
2015.12.09 15:41:20.079,10.76959,10.77251,0.00,0.00
2015.12.09 15:41:20.180,10.76948,10.77251,0.00,0.00
2015.12.09 15:41:20.281,10.76939,10.77251,0.00,0.00
2015.12.09 15:41:20.583,10.76959,10.77251,0.00,0.00
2015.12.09 15:41:20.790,10.76939,10.77251,0.00,0.00
2015.12.09 15:41:20.880,10.76949,10.77251,0.00,0.00
2015.12.09 15:41:21.180,10.76939,10.77251,0.00,0.00
2015.12.09 15:41:21.735,10.76939,10.77241,0.00,0.00
2015.12.09 15:41:22.266,10.76939,10.77251,0.00,0.00
2015.12.09 15:41:22.786,10.76939,10.7725,0.00,0.00
2015.12.09 15:41:23.332,10.76939,10.77251,0.00,0.00
2015.12.09 15:41:24.336,10.76939,10.77241,0.00,0.00
2015.12.09 15:41:24.945,10.76939,10.7724,0.00,0.00
2015.12.09 15:41:25.046,10.76939,10.7725,0.00,0.00
2015.12.09 15:41:25.596,10.76939,10.77251,0.00,0.00
2015.12.09 15:41:25.742,10.76939,10.7724,0.00,0.00
2015.12.09 15:41:26.548,10.76948,10.7725,0.00,0.00
2015.12.09 15:41:26.700,10.76958,10.77251,0.00,0.00
2015.12.09 15:41:26.909,10.76939,10.77251,0.00,0.00
2015.12.09 15:41:27.403,10.76958,10.77251,0.00,0.00
2015.12.09 15:41:27.677,10.76939,10.7724,0.00,0.00
2015.12.09 15:41:28.065,10.76939,10.7722,0.00,0.00
2015.12.09 15:41:28.667,10.76939,10.77231,0.00,0.00
2015.12.09 15:41:30.274,10.76939,10.7723,0.00,0.00
2015.12.09 15:41:30.477,10.76939,10.77241,0.00,0.00
2015.12.09 15:41:31.255,10.76939,10.7724,0.00,0.00
2015.12.09 15:41:31.785,10.76939,10.77241,0.00,0.00
2015.12.09 15:41:32.390,10.76939,10.7724,0.00,0.00
2015.12.09 15:41:32.591,10.76939,10.7723,0.00,0.00
2015.12.09 15:41:33.093,10.76939,10.77251,0.00,0.00
2015.12.09 15:41:33.601,10.76939,10.7725,0.00,0.00
2015.12.09 15:41:33.996,10.76939,10.77241,0.00,0.00
2015.12.09 15:41:34.119,10.76939,10.77251,0.00,0.00
2015.12.09 15:41:34.338,10.76919,10.77152,0.00,0.00
2015.12.09 15:41:34.440,10.76839,10.77152,0.00,0.00
2015.12.09 15:41:34.993,10.76838,10.77152,0.00,0.00
2015.12.09 15:41:35.535,10.76838,10.7713,0.00,0.00
2015.12.09 15:41:36.058,10.76838,10.77131,0.00,0.00
2015.12.09 15:41:36.862,10.76839,10.77131,0.00,0.00
2015.12.09 15:41:37.414,10.76838,10.77131,0.00,0.00
2015.12.09 15:41:37.716,10.76838,10.7714,0.00,0.00
2015.12.09 15:41:38.224,10.76838,10.77141,0.00,0.00
2015.12.09 15:41:38.537,10.76838,10.77131,0.00,0.00
2015.12.09 15:41:38.872,10.76839,10.76951,0.00,0.00
2015.12.09 15:41:38.973,10.76709,10.76951,0.00,0.00
2015.12.09 15:41:39.074,10.76639,10.76951,0.00,0.00
2015.12.09 15:41:39.413,10.76622,10.76902,0.00,0.00
2015.12.09 15:41:40.736,10.76621,10.76902,0.00,0.00
2015.12.09 15:41:41.266,10.76628,10.76902,0.00,0.00
2015.12.09 15:41:41.770,10.76622,10.76902,0.00,0.00
2015.12.09 15:41:42.257,10.76629,10.76902,0.00,0.00
2015.12.09 15:41:42.358,10.76621,10.76902,0.00,0.00
2015.12.09 15:41:43.183,10.76622,10.76902,0.00,0.00
2015.12.09 15:41:45.062,10.76621,10.76902,0.00,0.00
2015.12.09 15:41:45.596,10.76622,10.76902,0.00,0.00
2015.12.09 15:41:46.706,10.76621,10.76902,0.00,0.00
2015.12.09 15:41:49.788,10.76628,10.76902,0.00,0.00
2015.12.09 15:41:49.889,10.76639,10.7695,0.00,0.00
2015.12.09 15:41:49.990,10.76672,10.76951,0.00,0.00
2015.12.09 15:41:50.463,10.76672,10.76902,0.00,0.00
2015.12.09 15:41:50.570,10.76629,10.76902,0.00,0.00
2015.12.09 15:41:50.671,10.76622,10.76902,0.00,0.00
2015.12.09 15:41:51.278,10.76621,10.76902,0.00,0.00
2015.12.09 15:41:51.992,10.76629,10.76902,0.00,0.00
2015.12.09 15:41:52.286,10.76622,10.76902,0.00,0.00
2015.12.09 15:41:53.505,10.76621,10.76902,0.00,0.00
2015.12.09 15:41:53.605,10.76629,10.76902,0.00,0.00
2015.12.09 15:41:53.920,10.76639,10.76902,0.00,0.00
2015.12.09 15:41:54.260,10.76521,10.76802,0.00,0.00
2015.12.09 15:41:54.592,10.76528,10.76802,0.00,0.00
2015.12.09 15:41:54.665,10.76521,10.76802,0.00,0.00
2015.12.09 15:41:55.073,10.76511,10.76802,0.00,0.00
2015.12.09 15:41:55.516,10.76511,10.7677,0.00,0.00
2015.12.09 15:41:55.617,10.76511,10.76802,0.00,0.00
2015.12.09 15:41:55.970,10.76518,10.76802,0.00,0.00
2015.12.09 15:41:56.071,10.76511,10.76802,0.00,0.00
2015.12.09 15:41:56.545,10.76511,10.76761,0.00,0.00
2015.12.09 15:41:56.948,10.76502,10.76761,0.00,0.00
2015.12.09 15:41:57.049,10.76502,10.7677,0.00,0.00
2015.12.09 15:41:57.150,10.76502,10.76802,0.00,0.00
2015.12.09 15:41:57.731,10.76511,10.76802,0.00,0.00
2015.12.09 15:41:58.032,10.76518,10.76802,0.00,0.00
2015.12.09 15:41:58.082,10.76511,10.76802,0.00,0.00
2015.12.09 15:41:58.172,10.76528,10.76802,0.00,0.00
2015.12.09 15:41:58.282,10.76511,10.76802,0.00,0.00
2015.12.09 15:41:58.383,10.76518,10.76802,0.00,0.00
2015.12.09 15:41:58.705,10.76511,10.76802,0.00,0.00
2015.12.09 15:41:58.806,10.76528,10.76802,0.00,0.00
2015.12.09 15:41:59.034,10.76511,10.76802,0.00,0.00
2015.12.09 15:42:00.607,10.76502,10.76802,0.00,0.00
2015.12.09 15:42:00.781,10.76502,10.76702,0.00,0.00
2015.12.09 15:42:00.832,10.76469,10.76702,0.00,0.00
2015.12.09 15:42:00.933,10.76421,10.76702,0.00,0.00
2015.12.09 15:42:01.289,10.76429,10.76702,0.00,0.00
2015.12.09 15:42:01.692,10.76439,10.76702,0.00,0.00
2015.12.09 15:42:01.743,10.76421,10.76702,0.00,0.00
2015.12.09 15:42:01.794,10.76448,10.76702,0.00,0.00
2015.12.09 15:42:02.319,10.76428,10.76702,0.00,0.00
2015.12.09 15:42:02.420,10.76421,10.76702,0.00,0.00
2015.12.09 15:42:02.593,10.76428,10.76702,0.00,0.00
2015.12.09 15:42:03.696,10.76421,10.76702,0.00,0.00
2015.12.09 15:42:04.018,10.76429,10.76702,0.00,0.00
2015.12.09 15:42:04.128,10.76421,10.76702,0.00,0.00
2015.12.09 15:42:05.552,10.76422,10.76702,0.00,0.00
2015.12.09 15:42:05.603,10.76439,10.76702,0.00,0.00
2015.12.09 15:42:05.984,10.76492,10.76752,0.00,0.00
2015.12.09 15:42:06.085,10.76511,10.76802,0.00,0.00
2015.12.09 15:42:06.186,10.76492,10.76802,0.00,0.00
2015.12.09 15:42:06.287,10.76492,10.76752,0.00,0.00
2015.12.09 15:42:06.740,10.76472,10.76752,0.00,0.00
2015.12.09 15:42:09.762,10.76512,10.76802,0.00,0.00
2015.12.09 15:42:09.895,10.76519,10.76802,0.00,0.00
2015.12.09 15:42:10.047,10.76611,10.76901,0.00,0.00
2015.12.09 15:42:10.148,10.76522,10.76802,0.00,0.00
2015.12.09 15:42:10.873,10.76521,10.76802,0.00,0.00
2015.12.09 15:42:11.179,10.76471,10.76751,0.00,0.00
2015.12.09 15:42:11.802,10.76501,10.76801,0.00,0.00
2015.12.09 15:42:12.072,10.76518,10.76801,0.00,0.00
2015.12.09 15:42:12.549,10.76511,10.76801,0.00,0.00
2015.12.09 15:42:12.803,10.76518,10.76801,0.00,0.00
2015.12.09 15:42:13.110,10.76602,10.76851,0.00,0.00
2015.12.09 15:42:13.318,10.76602,10.76901,0.00,0.00
2015.12.09 15:42:14.381,10.76611,10.76901,0.00,0.00
2015.12.09 15:42:14.724,10.76621,10.76901,0.00,0.00
2015.12.09 15:42:15.559,10.76612,10.76901,0.00,0.00
2015.12.09 15:42:15.768,10.76612,10.76852,0.00,0.00
2015.12.09 15:42:15.872,10.7654,10.76801,0.00,0.00
2015.12.09 15:42:15.973,10.76512,10.76801,0.00,0.00
2015.12.09 15:42:16.182,10.76512,10.76751,0.00,0.00
2015.12.09 15:42:16.233,10.76471,10.76751,0.00,0.00
2015.12.09 15:42:16.662,10.76501,10.76802,0.00,0.00
2015.12.09 15:42:17.076,10.76521,10.76802,0.00,0.00
2015.12.09 15:42:17.562,10.76522,10.768,0.00,0.00
2015.12.09 15:42:17.865,10.76501,10.76752,0.00,0.00
2015.12.09 15:42:18.213,10.76501,10.76801,0.00,0.00
2015.12.09 15:42:18.515,10.76489,10.76801,0.00,0.00
2015.12.09 15:42:18.566,10.76499,10.76752,0.00,0.00
2015.12.09 15:42:18.617,10.76501,10.76801,0.00,0.00
2015.12.09 15:42:18.865,10.76521,10.76801,0.00,0.00
2015.12.09 15:42:19.606,10.76522,10.76801,0.00,0.00
2015.12.09 15:42:19.969,10.76522,10.76752,0.00,0.00
2015.12.09 15:42:20.070,10.76491,10.76752,0.00,0.00
2015.12.09 15:42:20.221,10.76471,10.76752,0.00,0.00
2015.12.09 15:42:20.912,10.76471,10.76702,0.00,0.00
2015.12.09 15:42:20.963,10.76438,10.76702,0.00,0.00
2015.12.09 15:42:21.020,10.76421,10.76702,0.00,0.00
2015.12.09 15:42:21.633,10.76422,10.76702,0.00,0.00
2015.12.09 15:42:21.734,10.76428,10.76702,0.00,0.00
2015.12.09 15:42:21.836,10.76422,10.76702,0.00,0.00
2015.12.09 15:42:22.168,10.76438,10.76752,0.00,0.00
2015.12.09 15:42:22.218,10.76449,10.76752,0.00,0.00
2015.12.09 15:42:22.521,10.76499,10.76802,0.00,0.00
2015.12.09 15:42:22.966,10.76502,10.76802,0.00,0.00
2015.12.09 15:42:23.580,10.76511,10.76802,0.00,0.00
2015.12.09 15:42:23.681,10.76508,10.76802,0.00,0.00
2015.12.09 15:42:23.732,10.76529,10.76802,0.00,0.00
2015.12.09 15:42:23.833,10.76501,10.76802,0.00,0.00
2015.12.09 15:42:24.361,10.76518,10.76802,0.00,0.00
2015.12.09 15:42:24.563,10.76512,10.76802,0.00,0.00
2015.12.09 15:42:26.238,10.76502,10.76802,0.00,0.00
2015.12.09 15:42:27.746,10.76501,10.76802,0.00,0.00
2015.12.09 15:42:28.174,10.76589,10.76821,0.00,0.00
2015.12.09 15:42:28.224,10.766,10.76869,0.00,0.00
2015.12.09 15:42:28.325,10.76591,10.76891,0.00,0.00
2015.12.09 15:42:28.376,10.76591,10.76901,0.00,0.00
2015.12.09 15:42:28.554,10.76602,10.76902,0.00,0.00
2015.12.09 15:42:29.537,10.76548,10.76851,0.00,0.00
2015.12.09 15:42:29.770,10.76548,10.76801,0.00,0.00
2015.12.09 15:42:29.821,10.76521,10.76801,0.00,0.00
2015.12.09 15:42:30.055,10.76528,10.76801,0.00,0.00
2015.12.09 15:42:30.307,10.76621,10.76902,0.00,0.00
2015.12.09 15:42:30.890,10.76622,10.76902,0.00,0.00
2015.12.09 15:42:32.291,10.76612,10.76902,0.00,0.00
2015.12.09 15:42:33.680,10.76612,10.76801,0.00,0.00
2015.12.09 15:42:33.831,10.76572,10.76801,0.00,0.00
2015.12.09 15:42:33.932,10.76572,10.76852,0.00,0.00
2015.12.09 15:42:34.714,10.76549,10.76802,0.00,0.00
2015.12.09 15:42:34.769,10.76521,10.76802,0.00,0.00
2015.12.09 15:42:34.820,10.76511,10.76802,0.00,0.00
2015.12.09 15:42:36.434,10.76517,10.76802,0.00,0.00
2015.12.09 15:42:36.951,10.76524,10.76802,0.00,0.00
2015.12.09 15:42:37.729,10.76521,10.76802,0.00,0.00
2015.12.09 15:42:38.187,10.76521,10.76812,0.00,0.00
2015.12.09 15:42:38.404,10.76512,10.76812,0.00,0.00
2015.12.09 15:42:39.188,10.76522,10.76812,0.00,0.00
2015.12.09 15:42:39.495,10.76529,10.76812,0.00,0.00
2015.12.09 15:42:40.186,10.76522,10.76812,0.00,0.00
2015.12.09 15:42:40.714,10.76521,10.76812,0.00,0.00
2015.12.09 15:42:40.999,10.76558,10.76851,0.00,0.00
2015.12.09 15:42:41.756,10.76558,10.7685,0.00,0.00
2015.12.09 15:42:41.988,10.76558,10.7686,0.00,0.00
2015.12.09 15:42:42.216,10.76612,10.7691,0.00,0.00
2015.12.09 15:42:42.820,10.76658,10.76951,0.00,0.00
2015.12.09 15:42:43.480,10.76658,10.7695,0.00,0.00
2015.12.09 15:42:43.864,10.76658,10.7696,0.00,0.00
2015.12.09 15:42:45.214,10.76658,10.76961,0.00,0.00
2015.12.09 15:42:45.417,10.76658,10.76951,0.00,0.00
2015.12.09 15:42:45.818,10.76658,10.76941,0.00,0.00
2015.12.09 15:42:46.122,10.76608,10.7687,0.00,0.00
2015.12.09 15:42:46.224,10.76558,10.7686,0.00,0.00
2015.12.09 15:42:46.648,10.76609,10.76861,0.00,0.00
2015.12.09 15:42:46.698,10.76609,10.76891,0.00,0.00
2015.12.09 15:42:47.089,10.76609,10.76921,0.00,0.00
2015.12.09 15:42:47.877,10.76658,10.76921,0.00,0.00
2015.12.09 15:42:47.928,10.76658,10.76951,0.00,0.00
2015.12.09 15:42:47.979,10.76658,10.76961,0.00,0.00
2015.12.09 15:42:48.616,10.76658,10.7696,0.00,0.00
2015.12.09 15:42:49.117,10.76658,10.76961,0.00,0.00
2015.12.09 15:42:49.419,10.76658,10.7695,0.00,0.00
2015.12.09 15:42:49.880,10.76658,10.76931,0.00,0.00
2015.12.09 15:42:50.222,10.76658,10.7691,0.00,0.00
2015.12.09 15:42:50.544,10.76658,10.76892,0.00,0.00
2015.12.09 15:42:50.595,10.76658,10.76921,0.00,0.00
2015.12.09 15:42:51.084,10.76658,10.76902,0.00,0.00
2015.12.09 15:42:51.393,10.76658,10.769,0.00,0.00
2015.12.09 15:42:51.443,10.76658,10.7691,0.00,0.00
2015.12.09 15:42:51.696,10.76658,10.76881,0.00,0.00
2015.12.09 15:42:51.746,10.7663,10.76881,0.00,0.00
2015.12.09 15:42:51.797,10.7663,10.76872,0.00,0.00
2015.12.09 15:42:51.849,10.76608,10.76872,0.00,0.00
2015.12.09 15:42:52.088,10.76609,10.76891,0.00,0.00
2015.12.09 15:42:52.389,10.76609,10.76902,0.00,0.00
2015.12.09 15:42:52.490,10.76609,10.76892,0.00,0.00
2015.12.09 15:42:52.740,10.76572,10.7686,0.00,0.00
2015.12.09 15:42:52.791,10.76559,10.7686,0.00,0.00
2015.12.09 15:42:53.065,10.76609,10.76861,0.00,0.00
2015.12.09 15:42:53.116,10.76609,10.76919,0.00,0.00
2015.12.09 15:42:53.166,10.76658,10.76919,0.00,0.00
2015.12.09 15:42:53.479,10.76658,10.76922,0.00,0.00
2015.12.09 15:42:53.630,10.76658,10.769,0.00,0.00
2015.12.09 15:42:53.845,10.76609,10.7689,0.00,0.00
2015.12.09 15:42:54.715,10.76609,10.76891,0.00,0.00
2015.12.09 15:42:55.416,10.76609,10.7689,0.00,0.00
2015.12.09 15:42:56.076,10.76609,10.76891,0.00,0.00
2015.12.09 15:42:56.127,10.76609,10.7686,0.00,0.00
2015.12.09 15:42:56.228,10.76558,10.7686,0.00,0.00
2015.12.09 15:42:56.329,10.76558,10.76852,0.00,0.00
2015.12.09 15:42:56.399,10.76558,10.76861,0.00,0.00
2015.12.09 15:42:57.022,10.76558,10.7686,0.00,0.00
2015.12.09 15:42:57.726,10.76558,10.76861,0.00,0.00
2015.12.09 15:42:58.252,10.76558,10.76841,0.00,0.00
2015.12.09 15:42:58.691,10.76458,10.76751,0.00,0.00
2015.12.09 15:42:58.792,10.76508,10.76751,0.00,0.00
2015.12.09 15:42:58.843,10.76508,10.76768,0.00,0.00
2015.12.09 15:42:58.944,10.76508,10.7681,0.00,0.00
2015.12.09 15:42:59.347,10.76558,10.76829,0.00,0.00
2015.12.09 15:42:59.398,10.76558,10.7685,0.00,0.00
2015.12.09 15:42:59.449,10.76558,10.76861,0.00,0.00
2015.12.09 15:43:00.037,10.76558,10.7685,0.00,0.00
2015.12.09 15:43:00.349,10.76558,10.7683,0.00,0.00
2015.12.09 15:43:00.557,10.76558,10.76841,0.00,0.00
2015.12.09 15:43:01.353,10.76558,10.76851,0.00,0.00
2015.12.09 15:43:01.659,10.76558,10.7686,0.00,0.00
2015.12.09 15:43:02.244,10.76558,10.76861,0.00,0.00
2015.12.09 15:43:02.819,10.76558,10.7686,0.00,0.00
2015.12.09 15:43:03.649,10.76558,10.76861,0.00,0.00
2015.12.09 15:43:04.604,10.76609,10.76861,0.00,0.00
2015.12.09 15:43:04.654,10.76609,10.7691,0.00,0.00
2015.12.09 15:43:04.765,10.76629,10.76921,0.00,0.00
2015.12.09 15:43:05.066,10.76658,10.7693,0.00,0.00
2015.12.09 15:43:05.167,10.7663,10.76922,0.00,0.00
2015.12.09 15:43:05.351,10.76608,10.7691,0.00,0.00
2015.12.09 15:43:05.402,10.76608,10.76902,0.00,0.00
2015.12.09 15:43:05.508,10.76571,10.76871,0.00,0.00
2015.12.09 15:43:05.559,10.76559,10.7686,0.00,0.00
2015.12.09 15:43:05.667,10.76559,10.7685,0.00,0.00
2015.12.09 15:43:05.819,10.76608,10.76919,0.00,0.00
2015.12.09 15:43:05.869,10.76629,10.76919,0.00,0.00
2015.12.09 15:43:06.171,10.76658,10.76932,0.00,0.00
2015.12.09 15:43:06.222,10.76658,10.76941,0.00,0.00
2015.12.09 15:43:07.471,10.76658,10.76951,0.00,0.00
2015.12.09 15:43:07.572,10.76658,10.76961,0.00,0.00
2015.12.09 15:43:07.673,10.76658,10.7695,0.00,0.00
2015.12.09 15:43:08.150,10.76658,10.76941,0.00,0.00
2015.12.09 15:43:08.251,10.76658,10.76951,0.00,0.00
2015.12.09 15:43:08.302,10.76658,10.76941,0.00,0.00
2015.12.09 15:43:08.480,10.76658,10.7696,0.00,0.00
2015.12.09 15:43:09.074,10.76658,10.76951,0.00,0.00
2015.12.09 15:43:09.400,10.76658,10.76931,0.00,0.00
2015.12.09 15:43:10.075,10.76658,10.7692,0.00,0.00
2015.12.09 15:43:10.277,10.76658,10.7693,0.00,0.00
2015.12.09 15:43:10.597,10.76658,10.76911,0.00,0.00
2015.12.09 15:43:10.937,10.76658,10.76902,0.00,0.00
2015.12.09 15:43:10.987,10.76609,10.76861,0.00,0.00
2015.12.09 15:43:11.211,10.76559,10.7686,0.00,0.00
2015.12.09 15:43:12.285,10.76559,10.76851,0.00,0.00
2015.12.09 15:43:12.786,10.76559,10.76831,0.00,0.00
2015.12.09 15:43:13.132,10.76559,10.76821,0.00,0.00
2015.12.09 15:43:13.465,10.76559,10.76801,0.00,0.00
2015.12.09 15:43:13.516,10.76512,10.7676,0.00,0.00
2015.12.09 15:43:13.567,10.7648,10.7676,0.00,0.00
2015.12.09 15:43:13.618,10.76458,10.7676,0.00,0.00
2015.12.09 15:43:13.668,10.76458,10.76742,0.00,0.00
2015.12.09 15:43:13.769,10.76458,10.76752,0.00,0.00
2015.12.09 15:43:13.820,10.76458,10.7674,0.00,0.00
2015.12.09 15:43:14.309,10.76458,10.7673,0.00,0.00
2015.12.09 15:43:14.895,10.76458,10.76731,0.00,0.00
2015.12.09 15:43:15.152,10.76458,10.76741,0.00,0.00
2015.12.09 15:43:15.253,10.76458,10.76731,0.00,0.00
2015.12.09 15:43:15.495,10.76458,10.76741,0.00,0.00
2015.12.09 15:43:15.649,10.76458,10.76722,0.00,0.00
2015.12.09 15:43:15.938,10.76458,10.76741,0.00,0.00
2015.12.09 15:43:16.605,10.76458,10.7673,0.00,0.00
2015.12.09 15:43:16.910,10.76458,10.76722,0.00,0.00
2015.12.09 15:43:17.040,10.76458,10.7673,0.00,0.00
2015.12.09 15:43:17.107,10.76458,10.7672,0.00,0.00
2015.12.09 15:43:17.207,10.76458,10.76742,0.00,0.00
2015.12.09 15:43:17.258,10.76458,10.76751,0.00,0.00
2015.12.09 15:43:17.810,10.76458,10.76751,0.00,0.00
2015.12.09 15:43:18.107,10.76559,10.76751,0.00,0.00
2015.12.09 15:43:18.158,10.76559,10.76779,0.00,0.00
2015.12.09 15:43:18.321,10.76559,10.768,0.00,0.00
2015.12.09 15:43:18.372,10.76559,10.7685,0.00,0.00
2015.12.09 15:43:18.542,10.76559,10.76837,0.00,0.00
2015.12.09 15:43:18.764,10.76559,10.76861,0.00,0.00
2015.12.09 15:43:18.943,10.76559,10.76847,0.00,0.00
2015.12.09 15:43:19.044,10.76559,10.7686,0.00,0.00
2015.12.09 15:43:19.358,10.76559,10.76857,0.00,0.00
2015.12.09 15:43:20.346,10.76559,10.76861,0.00,0.00
2015.12.09 15:43:20.470,10.76559,10.76842,0.00,0.00
2015.12.09 15:43:20.571,10.76559,10.76861,0.00,0.00
2015.12.09 15:43:20.722,10.76559,10.76871,0.00,0.00
2015.12.09 15:43:20.773,10.76658,10.76879,0.00,0.00
2015.12.09 15:43:20.824,10.76658,10.76891,0.00,0.00
2015.12.09 15:43:21.029,10.76658,10.7695,0.00,0.00
2015.12.09 15:43:21.545,10.76658,10.7696,0.00,0.00
2015.12.09 15:43:22.239,10.76658,10.76961,0.00,0.00
2015.12.09 15:43:22.390,10.76658,10.76952,0.00,0.00
2015.12.09 15:43:22.880,10.76658,10.76942,0.00,0.00
2015.12.09 15:43:23.290,10.76658,10.76952,0.00,0.00
2015.12.09 15:43:23.391,10.76658,10.76961,0.00,0.00
2015.12.09 15:43:23.597,10.76658,10.76932,0.00,0.00
2015.12.09 15:43:23.826,10.76658,10.76961,0.00,0.00
2015.12.09 15:43:24.053,10.76658,10.76951,0.00,0.00
2015.12.09 15:43:24.359,10.76658,10.76931,0.00,0.00
2015.12.09 15:43:24.454,10.76658,10.7694,0.00,0.00
2015.12.09 15:43:24.555,10.76658,10.76922,0.00,0.00
2015.12.09 15:43:24.662,10.76658,10.76931,0.00,0.00
2015.12.09 15:43:25.240,10.76658,10.76921,0.00,0.00
2015.12.09 15:43:25.592,10.76658,10.76911,0.00,0.00
2015.12.09 15:43:25.693,10.76658,10.7692,0.00,0.00
2015.12.09 15:43:26.289,10.76658,10.76921,0.00,0.00
2015.12.09 15:43:26.445,10.76658,10.7693,0.00,0.00
2015.12.09 15:43:26.949,10.76658,10.76931,0.00,0.00
2015.12.09 15:43:27.299,10.76658,10.76921,0.00,0.00
2015.12.09 15:43:27.608,10.76658,10.7693,0.00,0.00
2015.12.09 15:43:27.851,10.76658,10.7692,0.00,0.00
2015.12.09 15:43:28.354,10.76658,10.76941,0.00,0.00
2015.12.09 15:43:28.808,10.76658,10.76931,0.00,0.00
2015.12.09 15:43:28.864,10.76658,10.7694,0.00,0.00
2015.12.09 15:43:28.979,10.76658,10.76922,0.00,0.00
2015.12.09 15:43:29.108,10.76658,10.76941,0.00,0.00
2015.12.09 15:43:29.736,10.76658,10.76921,0.00,0.00
2015.12.09 15:43:30.163,10.76658,10.76941,0.00,0.00
2015.12.09 15:43:30.883,10.76658,10.76932,0.00,0.00
2015.12.09 15:43:30.969,10.76658,10.76941,0.00,0.00
2015.12.09 15:43:31.262,10.76658,10.76936,0.00,0.00
2015.12.09 15:43:31.520,10.76658,10.7694,0.00,0.00
2015.12.09 15:43:31.894,10.76658,10.76936,0.00,0.00
2015.12.09 15:43:32.501,10.76658,10.76936,0.00,0.00
2015.12.09 15:43:32.602,10.76658,10.7694,0.00,0.00
2015.12.09 15:43:33.023,10.76658,10.76936,0.00,0.00
2015.12.09 15:43:33.476,10.76658,10.76922,0.00,0.00
2015.12.09 15:43:33.529,10.76658,10.76931,0.00,0.00
2015.12.09 15:43:34.069,10.76658,10.7693,0.00,0.00
2015.12.09 15:43:35.031,10.76658,10.76931,0.00,0.00
2015.12.09 15:43:35.082,10.76658,10.76922,0.00,0.00
2015.12.09 15:43:35.386,10.76658,10.76931,0.00,0.00
2015.12.09 15:43:35.993,10.76658,10.76912,0.00,0.00
2015.12.09 15:43:36.079,10.76658,10.7693,0.00,0.00
2015.12.09 15:43:36.134,10.76658,10.76941,0.00,0.00
2015.12.09 15:43:36.185,10.76658,10.76922,0.00,0.00
2015.12.09 15:43:36.287,10.76658,10.7694,0.00,0.00
2015.12.09 15:43:36.853,10.76658,10.7695,0.00,0.00
2015.12.09 15:43:37.109,10.76658,10.76931,0.00,0.00
2015.12.09 15:43:37.210,10.76658,10.7695,0.00,0.00
2015.12.09 15:43:37.261,10.76658,10.76941,0.00,0.00
2015.12.09 15:43:37.768,10.76658,10.76922,0.00,0.00
2015.12.09 15:43:38.084,10.76658,10.76951,0.00,0.00
2015.12.09 15:43:38.987,10.76658,10.76921,0.00,0.00
2015.12.09 15:43:39.088,10.76658,10.76931,0.00,0.00
2015.12.09 15:43:39.495,10.76658,10.7695,0.00,0.00
2015.12.09 15:43:40.080,10.76658,10.76951,0.00,0.00
2015.12.09 15:43:40.908,10.76658,10.7696,0.00,0.00
2015.12.09 15:43:41.316,10.76658,10.76932,0.00,0.00
2015.12.09 15:43:41.594,10.76658,10.76952,0.00,0.00
2015.12.09 15:43:42.226,10.76658,10.76961,0.00,0.00
2015.12.09 15:43:43.098,10.76658,10.76952,0.00,0.00
2015.12.09 15:43:43.524,10.76711,10.76941,0.00,0.00
2015.12.09 15:43:43.575,10.76711,10.76971,0.00,0.00
2015.12.09 15:43:43.626,10.76711,10.77022,0.00,0.00
2015.12.09 15:43:43.677,10.76711,10.77012,0.00,0.00
2015.12.09 15:43:45.039,10.76721,10.77012,0.00,0.00
2015.12.09 15:43:45.241,10.76711,10.77012,0.00,0.00
2015.12.09 15:43:46.255,10.76712,10.77012,0.00,0.00
2015.12.09 15:43:46.848,10.76712,10.77001,0.00,0.00
2015.12.09 15:43:47.204,10.76701,10.77001,0.00,0.00
2015.12.09 15:43:47.255,10.76701,10.77011,0.00,0.00
2015.12.09 15:43:47.563,10.76711,10.77011,0.00,0.00
2015.12.09 15:43:48.242,10.76701,10.77011,0.00,0.00
2015.12.09 15:43:48.491,10.76701,10.76961,0.00,0.00
2015.12.09 15:43:48.542,10.76649,10.76961,0.00,0.00
2015.12.09 15:43:48.712,10.76621,10.76912,0.00,0.00
2015.12.09 15:43:50.195,10.76622,10.76912,0.00,0.00
2015.12.09 15:43:50.867,10.76601,10.76912,0.00,0.00
2015.12.09 15:43:51.156,10.76608,10.76912,0.00,0.00
2015.12.09 15:43:51.548,10.76612,10.76912,0.00,0.00
2015.12.09 15:43:54.794,10.76602,10.76912,0.00,0.00
2015.12.09 15:43:55.327,10.76602,10.76911,0.00,0.00
2015.12.09 15:43:56.157,10.76602,10.76912,0.00,0.00
2015.12.09 15:43:56.260,10.76612,10.76912,0.00,0.00
2015.12.09 15:43:56.714,10.76601,10.76912,0.00,0.00
2015.12.09 15:43:56.904,10.76591,10.7686,0.00,0.00
2015.12.09 15:43:56.960,10.76568,10.7686,0.00,0.00
2015.12.09 15:43:57.061,10.76521,10.76812,0.00,0.00
2015.12.09 15:43:58.372,10.76511,10.76812,0.00,0.00
2015.12.09 15:43:58.534,10.76521,10.76812,0.00,0.00
2015.12.09 15:43:59.194,10.76512,10.76812,0.00,0.00
2015.12.09 15:44:00.541,10.76521,10.76812,0.00,0.00
2015.12.09 15:44:01.163,10.76522,10.76812,0.00,0.00
2015.12.09 15:44:02.744,10.76521,10.76812,0.00,0.00
2015.12.09 15:44:04.605,10.76512,10.76812,0.00,0.00
2015.12.09 15:44:04.656,10.76512,10.76761,0.00,0.00
2015.12.09 15:44:04.706,10.76458,10.7676,0.00,0.00
2015.12.09 15:44:04.757,10.76488,10.7676,0.00,0.00
2015.12.09 15:44:04.858,10.76449,10.76761,0.00,0.00
2015.12.09 15:44:04.909,10.76421,10.76711,0.00,0.00
2015.12.09 15:44:05.101,10.76448,10.76752,0.00,0.00
2015.12.09 15:44:05.152,10.76472,10.76752,0.00,0.00
2015.12.09 15:44:05.202,10.76472,10.76762,0.00,0.00
2015.12.09 15:44:06.186,10.76538,10.76801,0.00,0.00
2015.12.09 15:44:06.258,10.76538,10.7681,0.00,0.00
2015.12.09 15:44:06.568,10.76538,10.76799,0.00,0.00
2015.12.09 15:44:06.619,10.76489,10.76761,0.00,0.00
2015.12.09 15:44:06.942,10.76489,10.76751,0.00,0.00
2015.12.09 15:44:07.824,10.76489,10.76741,0.00,0.00
2015.12.09 15:44:08.213,10.76489,10.7672,0.00,0.00
2015.12.09 15:44:08.602,10.76489,10.7671,0.00,0.00
2015.12.09 15:44:08.713,10.76489,10.76712,0.00,0.00
2015.12.09 15:44:08.764,10.76489,10.76721,0.00,0.00
2015.12.09 15:44:09.051,10.7644,10.7672,0.00,0.00
2015.12.09 15:44:09.241,10.76438,10.76651,0.00,0.00
2015.12.09 15:44:09.292,10.76388,10.7664,0.00,0.00
2015.12.09 15:44:09.343,10.76388,10.7663,0.00,0.00
2015.12.09 15:44:09.830,10.76388,10.7664,0.00,0.00
2015.12.09 15:44:10.237,10.76388,10.7666,0.00,0.00
2015.12.09 15:44:10.460,10.76388,10.76641,0.00,0.00
2015.12.09 15:44:10.762,10.76388,10.76621,0.00,0.00
2015.12.09 15:44:11.353,10.76388,10.76641,0.00,0.00
2015.12.09 15:44:11.862,10.76388,10.76651,0.00,0.00
2015.12.09 15:44:12.013,10.76388,10.7664,0.00,0.00
2015.12.09 15:44:12.168,10.76388,10.76651,0.00,0.00
2015.12.09 15:44:12.867,10.76388,10.76661,0.00,0.00
2015.12.09 15:44:13.409,10.76388,10.7666,0.00,0.00
2015.12.09 15:44:13.525,10.76388,10.7665,0.00,0.00
2015.12.09 15:44:13.962,10.76388,10.7656,0.00,0.00
2015.12.09 15:44:14.012,10.76288,10.7656,0.00,0.00
2015.12.09 15:44:14.156,10.76338,10.76561,0.00,0.00
2015.12.09 15:44:14.207,10.76338,10.76582,0.00,0.00
2015.12.09 15:44:14.278,10.76338,10.76611,0.00,0.00
2015.12.09 15:44:14.578,10.76338,10.76591,0.00,0.00
2015.12.09 15:44:14.780,10.7629,10.76582,0.00,0.00
2015.12.09 15:44:14.831,10.76288,10.7653,0.00,0.00
2015.12.09 15:44:15.631,10.76288,10.7655,0.00,0.00
2015.12.09 15:44:16.191,10.76288,10.76551,0.00,0.00
2015.12.09 15:44:16.242,10.76288,10.7654,0.00,0.00
2015.12.09 15:44:17.005,10.76288,10.76541,0.00,0.00
2015.12.09 15:44:17.934,10.76288,10.7655,0.00,0.00
2015.12.09 15:44:18.436,10.76288,10.76551,0.00,0.00
2015.12.09 15:44:18.638,10.76288,10.76561,0.00,0.00
2015.12.09 15:44:19.204,10.76288,10.7656,0.00,0.00
2015.12.09 15:44:19.640,10.76338,10.76588,0.00,0.00
2015.12.09 15:44:19.690,10.76338,10.76598,0.00,0.00
2015.12.09 15:44:19.741,10.7634,10.76598,0.00,0.00
2015.12.09 15:44:19.792,10.7634,10.7665,0.00,0.00
2015.12.09 15:44:19.999,10.76389,10.7664,0.00,0.00
2015.12.09 15:44:20.050,10.76389,10.76661,0.00,0.00
2015.12.09 15:44:20.411,10.76438,10.76691,0.00,0.00
2015.12.09 15:44:20.512,10.76438,10.7671,0.00,0.00
2015.12.09 15:44:22.036,10.76388,10.7666,0.00,0.00
2015.12.09 15:44:22.380,10.76292,10.7656,0.00,0.00
2015.12.09 15:44:22.672,10.76289,10.7656,0.00,0.00
2015.12.09 15:44:22.823,10.76289,10.76551,0.00,0.00
2015.12.09 15:44:23.243,10.76289,10.76561,0.00,0.00
2015.12.09 15:44:23.648,10.76289,10.7654,0.00,0.00
2015.12.09 15:44:23.749,10.76289,10.7655,0.00,0.00
2015.12.09 15:44:24.144,10.76289,10.76561,0.00,0.00
2015.12.09 15:44:24.379,10.76339,10.7656,0.00,0.00
2015.12.09 15:44:24.896,10.76388,10.7656,0.00,0.00
2015.12.09 15:44:24.947,10.76388,10.7661,0.00,0.00
2015.12.09 15:44:25.354,10.76388,10.76631,0.00,0.00
2015.12.09 15:44:25.824,10.76388,10.7665,0.00,0.00
2015.12.09 15:44:25.875,10.76388,10.76641,0.00,0.00
2015.12.09 15:44:26.164,10.76388,10.7665,0.00,0.00
2015.12.09 15:44:26.758,10.76388,10.76651,0.00,0.00
2015.12.09 15:44:27.105,10.76388,10.76631,0.00,0.00
2015.12.09 15:44:27.156,10.76388,10.7664,0.00,0.00
2015.12.09 15:44:28.510,10.76388,10.76632,0.00,0.00
2015.12.09 15:44:28.815,10.76388,10.7663,0.00,0.00
2015.12.09 15:44:29.098,10.76388,10.76651,0.00,0.00
2015.12.09 15:44:29.442,10.76388,10.76641,0.00,0.00
2015.12.09 15:44:30.111,10.76388,10.7664,0.00,0.00
2015.12.09 15:44:30.413,10.76388,10.7662,0.00,0.00
2015.12.09 15:44:30.728,10.76388,10.76601,0.00,0.00
2015.12.09 15:44:30.779,10.76388,10.76611,0.00,0.00
2015.12.09 15:44:31.284,10.76388,10.7661,0.00,0.00
2015.12.09 15:44:31.617,10.76301,10.76561,0.00,0.00
2015.12.09 15:44:31.668,10.76288,10.76561,0.00,0.00
2015.12.09 15:44:31.783,10.76288,10.7654,0.00,0.00
2015.12.09 15:44:32.107,10.76288,10.76551,0.00,0.00
2015.12.09 15:44:32.208,10.76288,10.76541,0.00,0.00
2015.12.09 15:44:32.789,10.76288,10.7654,0.00,0.00
2015.12.09 15:44:33.115,10.76288,10.76521,0.00,0.00
2015.12.09 15:44:33.800,10.76288,10.76541,0.00,0.00
2015.12.09 15:44:34.104,10.76288,10.76521,0.00,0.00
2015.12.09 15:44:34.514,10.76288,10.76491,0.00,0.00
2015.12.09 15:44:34.726,10.76288,10.76521,0.00,0.00
2015.12.09 15:44:35.105,10.76288,10.76461,0.00,0.00
2015.12.09 15:44:35.156,10.76239,10.76461,0.00,0.00
2015.12.09 15:44:35.257,10.76188,10.76461,0.00,0.00
2015.12.09 15:44:35.662,10.76188,10.7645,0.00,0.00
2015.12.09 15:44:36.010,10.76288,10.76479,0.00,0.00
2015.12.09 15:44:36.060,10.76288,10.76511,0.00,0.00
2015.12.09 15:44:36.111,10.76211,10.76502,0.00,0.00
2015.12.09 15:44:36.162,10.76188,10.76502,0.00,0.00
2015.12.09 15:44:36.213,10.76188,10.76461,0.00,0.00
2015.12.09 15:44:36.944,10.76188,10.76441,0.00,0.00
2015.12.09 15:44:37.116,10.76188,10.76451,0.00,0.00
2015.12.09 15:44:37.354,10.76288,10.76451,0.00,0.00
2015.12.09 15:44:37.456,10.76288,10.76511,0.00,0.00
2015.12.09 15:44:37.795,10.76288,10.76521,0.00,0.00
2015.12.09 15:44:37.956,10.76288,10.7655,0.00,0.00
2015.12.09 15:44:38.459,10.76288,10.76551,0.00,0.00
2015.12.09 15:44:38.521,10.76288,10.76561,0.00,0.00
2015.12.09 15:44:39.173,10.76288,10.76541,0.00,0.00
2015.12.09 15:44:39.225,10.76288,10.7656,0.00,0.00
2015.12.09 15:44:39.640,10.76288,10.7654,0.00,0.00
2015.12.09 15:44:40.142,10.76288,10.76541,0.00,0.00
2015.12.09 15:44:40.229,10.76288,10.76551,0.00,0.00
2015.12.09 15:44:41.074,10.76288,10.7655,0.00,0.00
2015.12.09 15:44:42.247,10.76288,10.76561,0.00,0.00
2015.12.09 15:44:42.791,10.76288,10.76541,0.00,0.00
2015.12.09 15:44:42.892,10.76288,10.76561,0.00,0.00
2015.12.09 15:44:43.194,10.76288,10.76551,0.00,0.00
2015.12.09 15:44:43.637,10.76288,10.7656,0.00,0.00
2015.12.09 15:44:44.264,10.76288,10.76541,0.00,0.00
2015.12.09 15:44:44.596,10.76288,10.76531,0.00,0.00
2015.12.09 15:44:44.647,10.76288,10.7655,0.00,0.00
2015.12.09 15:44:44.912,10.76288,10.76542,0.00,0.00
2015.12.09 15:44:45.247,10.76288,10.76501,0.00,0.00
2015.12.09 15:44:45.657,10.76288,10.7646,0.00,0.00
2015.12.09 15:44:45.708,10.76238,10.7646,0.00,0.00
2015.12.09 15:44:45.808,10.76189,10.76461,0.00,0.00
2015.12.09 15:44:46.284,10.76189,10.7645,0.00,0.00
2015.12.09 15:44:46.662,10.76189,10.76461,0.00,0.00
2015.12.09 15:44:47.765,10.76189,10.7646,0.00,0.00
2015.12.09 15:44:48.307,10.76189,10.76461,0.00,0.00
2015.12.09 15:44:48.408,10.76188,10.76451,0.00,0.00
2015.12.09 15:44:48.759,10.76188,10.76421,0.00,0.00
2015.12.09 15:44:48.946,10.76188,10.7643,0.00,0.00
2015.12.09 15:44:48.997,10.76188,10.76461,0.00,0.00
2015.12.09 15:44:49.110,10.76188,10.7644,0.00,0.00
2015.12.09 15:44:49.622,10.76188,10.76441,0.00,0.00
2015.12.09 15:44:49.928,10.76188,10.76431,0.00,0.00
2015.12.09 15:44:50.267,10.76138,10.7636,0.00,0.00
2015.12.09 15:44:50.418,10.76088,10.7636,0.00,0.00
2015.12.09 15:44:50.520,10.76139,10.76361,0.00,0.00
2015.12.09 15:44:50.623,10.76139,10.76401,0.00,0.00
2015.12.09 15:44:50.674,10.76139,10.76411,0.00,0.00
2015.12.09 15:44:50.775,10.76189,10.76441,0.00,0.00
2015.12.09 15:44:51.591,10.76189,10.7644,0.00,0.00
2015.12.09 15:44:51.893,10.76189,10.7646,0.00,0.00
2015.12.09 15:44:52.232,10.76189,10.76441,0.00,0.00
2015.12.09 15:44:52.486,10.7614,10.76438,0.00,0.00
2015.12.09 15:44:52.537,10.76138,10.76361,0.00,0.00
2015.12.09 15:44:52.739,10.76139,10.76422,0.00,0.00
2015.12.09 15:44:52.790,10.76139,10.76441,0.00,0.00
2015.12.09 15:44:52.840,10.76139,10.76361,0.00,0.00
2015.12.09 15:44:52.942,10.7614,10.7643,0.00,0.00
2015.12.09 15:44:53.093,10.76188,10.76431,0.00,0.00
2015.12.09 15:44:53.647,10.76188,10.7643,0.00,0.00
2015.12.09 15:44:53.698,10.76188,10.76441,0.00,0.00
2015.12.09 15:44:53.802,10.76188,10.7641,0.00,0.00
2015.12.09 15:44:53.852,10.7614,10.7641,0.00,0.00
2015.12.09 15:44:53.903,10.76139,10.76361,0.00,0.00
2015.12.09 15:44:54.823,10.76188,10.76421,0.00,0.00
2015.12.09 15:44:54.924,10.76188,10.76441,0.00,0.00
2015.12.09 15:44:55.737,10.76188,10.7641,0.00,0.00
2015.12.09 15:44:55.996,10.76138,10.76361,0.00,0.00
2015.12.09 15:44:56.047,10.76089,10.7636,0.00,0.00
2015.12.09 15:44:56.249,10.76188,10.7636,0.00,0.00
2015.12.09 15:44:56.350,10.76138,10.76361,0.00,0.00
2015.12.09 15:44:56.451,10.76138,10.7637,0.00,0.00
2015.12.09 15:44:56.614,10.76138,10.7641,0.00,0.00
2015.12.09 15:44:56.716,10.76188,10.76431,0.00,0.00
2015.12.09 15:44:57.456,10.76188,10.76451,0.00,0.00
2015.12.09 15:44:57.708,10.76188,10.76432,0.00,0.00
2015.12.09 15:44:58.094,10.76188,10.76451,0.00,0.00
2015.12.09 15:44:58.632,10.76188,10.7645,0.00,0.00
2015.12.09 15:44:58.846,10.76188,10.76441,0.00,0.00
2015.12.09 15:44:59.148,10.76188,10.764,0.00,0.00
2015.12.09 15:44:59.470,10.76139,10.7636,0.00,0.00
2015.12.09 15:44:59.665,10.76089,10.76361,0.00,0.00
2015.12.09 15:44:59.838,10.76088,10.76311,0.00,0.00
2015.12.09 15:44:59.948,10.76088,10.76361,0.00,0.00
2015.12.09 15:45:00.251,10.76088,10.76351,0.00,0.00
2015.12.09 15:45:00.549,10.76088,10.76361,0.00,0.00
2015.12.09 15:45:01.100,10.76088,10.7636,0.00,0.00
2015.12.09 15:45:01.352,10.76088,10.7635,0.00,0.00
2015.12.09 15:45:01.656,10.76088,10.76361,0.00,0.00
2015.12.09 15:45:02.214,10.76088,10.7635,0.00,0.00
2015.12.09 15:45:02.456,10.76088,10.76361,0.00,0.00
2015.12.09 15:45:02.669,10.76088,10.76341,0.00,0.00
2015.12.09 15:45:03.207,10.76088,10.7634,0.00,0.00
2015.12.09 15:45:03.409,10.76039,10.76298,0.00,0.00
2015.12.09 15:45:03.460,10.76021,10.7626,0.00,0.00
2015.12.09 15:45:03.561,10.76021,10.76298,0.00,0.00
2015.12.09 15:45:03.612,10.76038,10.76311,0.00,0.00
2015.12.09 15:45:03.662,10.76039,10.76331,0.00,0.00
2015.12.09 15:45:03.763,10.76088,10.76331,0.00,0.00
2015.12.09 15:45:04.066,10.76021,10.76231,0.00,0.00
2015.12.09 15:45:04.167,10.76029,10.76311,0.00,0.00
2015.12.09 15:45:04.268,10.76021,10.76311,0.00,0.00
2015.12.09 15:45:04.368,10.76021,10.7626,0.00,0.00
2015.12.09 15:45:04.469,10.76021,10.76262,0.00,0.00
2015.12.09 15:45:04.966,10.76021,10.76211,0.00,0.00
2015.12.09 15:45:05.167,10.76021,10.76262,0.00,0.00
2015.12.09 15:45:05.420,10.75972,10.76262,0.00,0.00
2015.12.09 15:45:05.705,10.75998,10.76312,0.00,0.00
2015.12.09 15:45:05.755,10.76012,10.76312,0.00,0.00
2015.12.09 15:45:06.100,10.76028,10.76312,0.00,0.00
2015.12.09 15:45:06.221,10.76022,10.76312,0.00,0.00
2015.12.09 15:45:06.373,10.76022,10.76261,0.00,0.00
2015.12.09 15:45:06.423,10.75991,10.76261,0.00,0.00
2015.12.09 15:45:06.584,10.75972,10.7626,0.00,0.00
2015.12.09 15:45:07.091,10.75971,10.7626,0.00,0.00
2015.12.09 15:45:07.457,10.75998,10.7626,0.00,0.00
2015.12.09 15:45:07.507,10.75998,10.76312,0.00,0.00
2015.12.09 15:45:07.759,10.76012,10.76312,0.00,0.00
2015.12.09 15:45:08.061,10.76012,10.76266,0.00,0.00
2015.12.09 15:45:08.212,10.75991,10.76266,0.00,0.00
2015.12.09 15:45:08.483,10.75971,10.76261,0.00,0.00
2015.12.09 15:45:08.706,10.75971,10.76217,0.00,0.00
2015.12.09 15:45:08.756,10.75921,10.76217,0.00,0.00
2015.12.09 15:45:10.019,10.75948,10.76261,0.00,0.00
2015.12.09 15:45:10.070,10.75971,10.76262,0.00,0.00
2015.12.09 15:45:10.271,10.75949,10.76255,0.00,0.00
2015.12.09 15:45:10.322,10.75929,10.76217,0.00,0.00
2015.12.09 15:45:10.373,10.75921,10.76217,0.00,0.00
2015.12.09 15:45:11.216,10.75949,10.7625,0.00,0.00
2015.12.09 15:45:11.267,10.75972,10.76261,0.00,0.00
2015.12.09 15:45:11.665,10.75978,10.76261,0.00,0.00
2015.12.09 15:45:11.766,10.76011,10.76312,0.00,0.00
2015.12.09 15:45:12.234,10.76021,10.76312,0.00,0.00
2015.12.09 15:45:13.043,10.76049,10.76342,0.00,0.00
2015.12.09 15:45:13.094,10.76091,10.76312,0.00,0.00
2015.12.09 15:45:13.446,10.76091,10.76362,0.00,0.00
2015.12.09 15:45:13.840,10.76072,10.76362,0.00,0.00
2015.12.09 15:45:13.992,10.76099,10.76411,0.00,0.00
2015.12.09 15:45:14.222,10.76111,10.76411,0.00,0.00
2015.12.09 15:45:14.532,10.76111,10.76366,0.00,0.00
2015.12.09 15:45:14.583,10.7606,10.76366,0.00,0.00
2015.12.09 15:45:14.684,10.76049,10.76361,0.00,0.00
2015.12.09 15:45:14.785,10.76021,10.76317,0.00,0.00
2015.12.09 15:45:16.415,10.76012,10.76312,0.00,0.00
2015.12.09 15:45:16.530,10.76012,10.7631,0.00,0.00
2015.12.09 15:45:17.082,10.76012,10.76311,0.00,0.00
2015.12.09 15:45:17.441,10.75972,10.7626,0.00,0.00
2015.12.09 15:45:17.943,10.75972,10.76261,0.00,0.00
2015.12.09 15:45:18.095,10.75921,10.76212,0.00,0.00
2015.12.09 15:45:18.453,10.75929,10.76212,0.00,0.00
2015.12.09 15:45:18.597,10.75921,10.76212,0.00,0.00
2015.12.09 15:45:18.952,10.75891,10.76161,0.00,0.00
2015.12.09 15:45:19.104,10.75871,10.76162,0.00,0.00
2015.12.09 15:45:19.702,10.75871,10.76112,0.00,0.00
2015.12.09 15:45:19.752,10.75859,10.76112,0.00,0.00
2015.12.09 15:45:19.803,10.75828,10.76112,0.00,0.00
2015.12.09 15:45:19.854,10.75892,10.76112,0.00,0.00
2015.12.09 15:45:19.955,10.75911,10.76202,0.00,0.00
2015.12.09 15:45:20.006,10.75911,10.76212,0.00,0.00
2015.12.09 15:45:20.056,10.75892,10.76162,0.00,0.00
2015.12.09 15:45:20.726,10.75871,10.76162,0.00,0.00
2015.12.09 15:45:21.969,10.75871,10.76117,0.00,0.00
2015.12.09 15:45:22.020,10.75871,10.76162,0.00,0.00
2015.12.09 15:45:22.172,10.75848,10.76162,0.00,0.00
2015.12.09 15:45:22.223,10.75849,10.76161,0.00,0.00
2015.12.09 15:45:22.525,10.75872,10.76161,0.00,0.00
2015.12.09 15:45:24.113,10.75872,10.76116,0.00,0.00
2015.12.09 15:45:24.163,10.75821,10.76116,0.00,0.00
2015.12.09 15:45:24.602,10.75838,10.76111,0.00,0.00
2015.12.09 15:45:24.703,10.75829,10.76111,0.00,0.00
2015.12.09 15:45:24.804,10.75821,10.76111,0.00,0.00
2015.12.09 15:45:25.216,10.75812,10.76111,0.00,0.00
2015.12.09 15:45:25.367,10.75821,10.76111,0.00,0.00
2015.12.09 15:45:25.685,10.75821,10.76101,0.00,0.00
2015.12.09 15:45:26.018,10.75821,10.76111,0.00,0.00
2015.12.09 15:45:26.119,10.75812,10.76111,0.00,0.00
2015.12.09 15:45:26.270,10.75828,10.76111,0.00,0.00
2015.12.09 15:45:26.469,10.75822,10.76111,0.00,0.00
2015.12.09 15:45:26.570,10.75828,10.76111,0.00,0.00
2015.12.09 15:45:26.770,10.75822,10.76111,0.00,0.00
2015.12.09 15:45:27.129,10.75829,10.76111,0.00,0.00
2015.12.09 15:45:27.433,10.75848,10.76112,0.00,0.00
2015.12.09 15:45:27.534,10.75898,10.76191,0.00,0.00
2015.12.09 15:45:27.635,10.75901,10.76212,0.00,0.00
2015.12.09 15:45:27.837,10.75901,10.76167,0.00,0.00
2015.12.09 15:45:27.887,10.75861,10.76167,0.00,0.00
2015.12.09 15:45:28.190,10.75822,10.76116,0.00,0.00
2015.12.09 15:45:28.778,10.75829,10.76116,0.00,0.00
2015.12.09 15:45:28.879,10.75821,10.76116,0.00,0.00
2015.12.09 15:45:29.838,10.75822,10.76111,0.00,0.00
2015.12.09 15:45:29.889,10.75858,10.76111,0.00,0.00
2015.12.09 15:45:29.940,10.75858,10.7616,0.00,0.00
2015.12.09 15:45:29.990,10.75869,10.7616,0.00,0.00
2015.12.09 15:45:30.041,10.75869,10.76162,0.00,0.00
2015.12.09 15:45:30.093,10.75848,10.76162,0.00,0.00
2015.12.09 15:45:30.143,10.75838,10.76112,0.00,0.00
2015.12.09 15:45:30.194,10.75821,10.76112,0.00,0.00
2015.12.09 15:45:30.382,10.75823,10.76112,0.00,0.00
2015.12.09 15:45:30.483,10.75821,10.76112,0.00,0.00
2015.12.09 15:45:31.068,10.75821,10.76112,0.00,0.00
2015.12.09 15:45:31.594,10.75812,10.76112,0.00,0.00
2015.12.09 15:45:32.533,10.75814,10.76112,0.00,0.00
2015.12.09 15:45:32.835,10.75812,10.76112,0.00,0.00
2015.12.09 15:45:33.401,10.75814,10.76112,0.00,0.00
2015.12.09 15:45:33.745,10.75819,10.76112,0.00,0.00
2015.12.09 15:45:33.895,10.75843,10.7616,0.00,0.00
2015.12.09 15:45:34.097,10.75843,10.76112,0.00,0.00
2015.12.09 15:45:34.198,10.75822,10.76112,0.00,0.00
2015.12.09 15:45:34.704,10.75821,10.76112,0.00,0.00
2015.12.09 15:45:35.782,10.75821,10.76061,0.00,0.00
2015.12.09 15:45:35.933,10.75771,10.76061,0.00,0.00
2015.12.09 15:45:36.763,10.75729,10.76011,0.00,0.00
2015.12.09 15:45:37.052,10.75749,10.76061,0.00,0.00
2015.12.09 15:45:37.216,10.75721,10.76012,0.00,0.00
2015.12.09 15:45:38.223,10.75711,10.76012,0.00,0.00
2015.12.09 15:45:39.330,10.75738,10.76012,0.00,0.00
2015.12.09 15:45:39.633,10.75778,10.76062,0.00,0.00
2015.12.09 15:45:40.104,10.75771,10.76062,0.00,0.00
2015.12.09 15:45:40.262,10.75771,10.76012,0.00,0.00
2015.12.09 15:45:40.413,10.75722,10.76012,0.00,0.00
2015.12.09 15:45:40.913,10.75723,10.76012,0.00,0.00
2015.12.09 15:45:41.124,10.75722,10.76012,0.00,0.00
2015.12.09 15:45:41.226,10.75734,10.76012,0.00,0.00
2015.12.09 15:45:41.427,10.75722,10.76012,0.00,0.00
2015.12.09 15:45:41.482,10.75711,10.76012,0.00,0.00
2015.12.09 15:45:41.533,10.75711,10.7599,0.00,0.00
2015.12.09 15:45:41.642,10.75701,10.75991,0.00,0.00
2015.12.09 15:45:41.742,10.75714,10.76012,0.00,0.00
2015.12.09 15:45:41.843,10.75723,10.76012,0.00,0.00
2015.12.09 15:45:42.034,10.75701,10.76012,0.00,0.00
2015.12.09 15:45:42.263,10.75707,10.76012,0.00,0.00
2015.12.09 15:45:43.924,10.75702,10.76012,0.00,0.00
2015.12.09 15:45:45.275,10.75649,10.75755,0.00,0.00
2015.12.09 15:45:45.376,10.7531,10.75582,0.00,0.00
2015.12.09 15:45:45.427,10.75301,10.75561,0.00,0.00
2015.12.09 15:45:45.614,10.75339,10.75612,0.00,0.00
2015.12.09 15:45:45.667,10.75341,10.75611,0.00,0.00
2015.12.09 15:45:45.868,10.75348,10.75662,0.00,0.00
2015.12.09 15:45:46.020,10.75302,10.75611,0.00,0.00
2015.12.09 15:45:46.322,10.75328,10.75612,0.00,0.00
2015.12.09 15:45:46.667,10.75348,10.75612,0.00,0.00
2015.12.09 15:45:46.717,10.75319,10.75612,0.00,0.00
2015.12.09 15:45:46.818,10.75349,10.75612,0.00,0.00
2015.12.09 15:45:47.035,10.75349,10.75628,0.00,0.00
2015.12.09 15:45:47.086,10.75391,10.75611,0.00,0.00
2015.12.09 15:45:47.137,10.75341,10.75611,0.00,0.00
2015.12.09 15:45:47.238,10.75308,10.75611,0.00,0.00
2015.12.09 15:45:47.532,10.75349,10.75628,0.00,0.00
2015.12.09 15:45:47.583,10.75349,10.75661,0.00,0.00
2015.12.09 15:45:47.633,10.75342,10.75617,0.00,0.00
2015.12.09 15:45:47.842,10.75318,10.75617,0.00,0.00
2015.12.09 15:45:47.918,10.75301,10.75617,0.00,0.00
2015.12.09 15:45:48.234,10.75318,10.75617,0.00,0.00
2015.12.09 15:45:48.319,10.75301,10.75617,0.00,0.00
2015.12.09 15:45:48.577,10.75341,10.75617,0.00,0.00
2015.12.09 15:45:48.829,10.75318,10.75617,0.00,0.00
2015.12.09 15:45:48.880,10.75349,10.75661,0.00,0.00
2015.12.09 15:45:49.082,10.75398,10.75712,0.00,0.00
2015.12.09 15:45:49.435,10.75429,10.75712,0.00,0.00
2015.12.09 15:45:49.751,10.75319,10.75616,0.00,0.00
2015.12.09 15:45:49.822,10.75302,10.75616,0.00,0.00
2015.12.09 15:45:50.074,10.75299,10.75567,0.00,0.00
2015.12.09 15:45:50.124,10.75289,10.75567,0.00,0.00
2015.12.09 15:45:50.225,10.75268,10.75567,0.00,0.00
2015.12.09 15:45:50.276,10.75268,10.75517,0.00,0.00
2015.12.09 15:45:50.327,10.75239,10.75517,0.00,0.00
2015.12.09 15:45:50.428,10.75218,10.75517,0.00,0.00
2015.12.09 15:45:50.529,10.75208,10.75517,0.00,0.00
2015.12.09 15:45:50.579,10.75208,10.75475,0.00,0.00
2015.12.09 15:45:50.731,10.75188,10.75466,0.00,0.00
2015.12.09 15:45:50.932,10.75208,10.75511,0.00,0.00
2015.12.09 15:45:51.097,10.75228,10.75511,0.00,0.00
2015.12.09 15:45:51.249,10.75199,10.75511,0.00,0.00
2015.12.09 15:45:51.300,10.75199,10.75461,0.00,0.00
2015.12.09 15:45:51.354,10.75189,10.75461,0.00,0.00
2015.12.09 15:45:51.455,10.75178,10.75462,0.00,0.00
2015.12.09 15:45:51.506,10.75178,10.75411,0.00,0.00
2015.12.09 15:45:51.726,10.75159,10.75411,0.00,0.00
2015.12.09 15:45:51.827,10.75138,10.75411,0.00,0.00
2015.12.09 15:45:51.928,10.75128,10.75411,0.00,0.00
2015.12.09 15:45:52.029,10.75099,10.75411,0.00,0.00
2015.12.09 15:45:52.080,10.7511,10.75411,0.00,0.00
2015.12.09 15:45:52.409,10.75108,10.75312,0.00,0.00
2015.12.09 15:45:52.460,10.75088,10.75312,0.00,0.00
2015.12.09 15:45:52.560,10.75093,10.75412,0.00,0.00
2015.12.09 15:45:52.611,10.75099,10.75412,0.00,0.00
2015.12.09 15:45:52.930,10.75163,10.75412,0.00,0.00
2015.12.09 15:45:53.132,10.75158,10.75412,0.00,0.00
2015.12.09 15:45:53.233,10.75108,10.75412,0.00,0.00
2015.12.09 15:45:53.547,10.75123,10.75412,0.00,0.00
2015.12.09 15:45:53.742,10.75109,10.75412,0.00,0.00
2015.12.09 15:45:53.793,10.75109,10.75361,0.00,0.00
2015.12.09 15:45:54.096,10.75078,10.75312,0.00,0.00
2015.12.09 15:45:54.147,10.75008,10.75261,0.00,0.00
2015.12.09 15:45:54.248,10.74959,10.75211,0.00,0.00
2015.12.09 15:45:54.349,10.74938,10.75212,0.00,0.00
2015.12.09 15:45:54.399,10.74938,10.75171,0.00,0.00
2015.12.09 15:45:54.450,10.74898,10.75171,0.00,0.00
2015.12.09 15:45:54.501,10.74898,10.75189,0.00,0.00
2015.12.09 15:45:54.602,10.74983,10.7526,0.00,0.00
2015.12.09 15:45:54.803,10.74983,10.75269,0.00,0.00
2015.12.09 15:45:54.904,10.74983,10.75241,0.00,0.00
2015.12.09 15:45:55.150,10.74983,10.75251,0.00,0.00
2015.12.09 15:45:55.514,10.74983,10.75231,0.00,0.00
2015.12.09 15:45:55.781,10.74988,10.75261,0.00,0.00
2015.12.09 15:45:55.882,10.74988,10.75241,0.00,0.00
2015.12.09 15:45:55.985,10.74988,10.75251,0.00,0.00
2015.12.09 15:45:56.076,10.74988,10.75241,0.00,0.00
2015.12.09 15:45:56.408,10.74988,10.75231,0.00,0.00
2015.12.09 15:45:56.514,10.74988,10.7525,0.00,0.00
2015.12.09 15:45:56.678,10.74988,10.7524,0.00,0.00
2015.12.09 15:45:56.988,10.74939,10.75171,0.00,0.00
2015.12.09 15:45:57.089,10.74889,10.75191,0.00,0.00
2015.12.09 15:45:57.190,10.7494,10.7519,0.00,0.00
2015.12.09 15:45:57.291,10.74939,10.75202,0.00,0.00
2015.12.09 15:45:57.341,10.74988,10.75251,0.00,0.00
2015.12.09 15:45:57.724,10.74988,10.75241,0.00,0.00
2015.12.09 15:45:58.043,10.74988,10.7521,0.00,0.00
2015.12.09 15:45:58.094,10.74939,10.75221,0.00,0.00
2015.12.09 15:45:58.144,10.74959,10.75218,0.00,0.00
2015.12.09 15:45:58.346,10.74891,10.75171,0.00,0.00
2015.12.09 15:45:58.397,10.74891,10.75191,0.00,0.00
2015.12.09 15:45:58.447,10.74939,10.75191,0.00,0.00
2015.12.09 15:45:58.599,10.74988,10.75251,0.00,0.00
2015.12.09 15:45:58.953,10.74988,10.75259,0.00,0.00
2015.12.09 15:45:59.199,10.74988,10.75221,0.00,0.00
2015.12.09 15:45:59.300,10.74988,10.75241,0.00,0.00
2015.12.09 15:45:59.494,10.74988,10.75231,0.00,0.00
2015.12.09 15:45:59.618,10.74988,10.75241,0.00,0.00
2015.12.09 15:45:59.720,10.74988,10.75231,0.00,0.00
2015.12.09 15:46:00.094,10.74988,10.75179,0.00,0.00
2015.12.09 15:46:00.145,10.74938,10.75171,0.00,0.00
2015.12.09 15:46:00.296,10.7489,10.7517,0.00,0.00
2015.12.09 15:46:00.448,10.74889,10.75178,0.00,0.00
2015.12.09 15:46:00.499,10.74889,10.7512,0.00,0.00
2015.12.09 15:46:00.603,10.74889,10.7514,0.00,0.00
2015.12.09 15:46:00.815,10.74889,10.7516,0.00,0.00
2015.12.09 15:46:00.985,10.74939,10.75161,0.00,0.00
2015.12.09 15:46:01.170,10.74939,10.75181,0.00,0.00
2015.12.09 15:46:01.324,10.74938,10.752,0.00,0.00
2015.12.09 15:46:01.425,10.74938,10.7517,0.00,0.00
2015.12.09 15:46:01.526,10.74888,10.7517,0.00,0.00
2015.12.09 15:46:01.627,10.74888,10.7515,0.00,0.00
2015.12.09 15:46:01.704,10.74888,10.75161,0.00,0.00
2015.12.09 15:46:01.907,10.74888,10.75131,0.00,0.00
2015.12.09 15:46:02.242,10.74839,10.75091,0.00,0.00
2015.12.09 15:46:02.293,10.74788,10.75021,0.00,0.00
2015.12.09 15:46:02.344,10.74788,10.75041,0.00,0.00
2015.12.09 15:46:02.608,10.74788,10.7503,0.00,0.00
2015.12.09 15:46:03.111,10.74788,10.75031,0.00,0.00
2015.12.09 15:46:03.555,10.74788,10.75001,0.00,0.00
2015.12.09 15:46:03.657,10.74788,10.7502,0.00,0.00
2015.12.09 15:46:03.758,10.74788,10.75031,0.00,0.00
2015.12.09 15:46:04.225,10.74788,10.7504,0.00,0.00
2015.12.09 15:46:04.422,10.74788,10.75031,0.00,0.00
2015.12.09 15:46:04.940,10.74788,10.75041,0.00,0.00
2015.12.09 15:46:05.041,10.74738,10.7503,0.00,0.00
2015.12.09 15:46:05.093,10.74738,10.74989,0.00,0.00
2015.12.09 15:46:05.244,10.74699,10.74999,0.00,0.00
2015.12.09 15:46:05.295,10.74699,10.74978,0.00,0.00
2015.12.09 15:46:05.597,10.74698,10.74971,0.00,0.00
2015.12.09 15:46:05.775,10.74698,10.75012,0.00,0.00
2015.12.09 15:46:05.826,10.74749,10.75051,0.00,0.00
2015.12.09 15:46:06.167,10.74648,10.74932,0.00,0.00
2015.12.09 15:46:06.387,10.74648,10.74941,0.00,0.00
2015.12.09 15:46:06.438,10.74648,10.74931,0.00,0.00
2015.12.09 15:46:06.780,10.74648,10.74911,0.00,0.00
2015.12.09 15:46:07.115,10.74581,10.74851,0.00,0.00
2015.12.09 15:46:07.216,10.74548,10.74841,0.00,0.00
2015.12.09 15:46:07.498,10.74548,10.7483,0.00,0.00
2015.12.09 15:46:07.549,10.74548,10.74861,0.00,0.00
2015.12.09 15:46:07.600,10.74548,10.74822,0.00,0.00
2015.12.09 15:46:07.701,10.74548,10.74841,0.00,0.00
2015.12.09 15:46:07.801,10.74548,10.74822,0.00,0.00
2015.12.09 15:46:08.104,10.74398,10.74671,0.00,0.00
2015.12.09 15:46:08.154,10.74398,10.7468,0.00,0.00
2015.12.09 15:46:08.205,10.74348,10.74662,0.00,0.00
2015.12.09 15:46:08.356,10.74348,10.74641,0.00,0.00
2015.12.09 15:46:08.707,10.74349,10.74581,0.00,0.00
2015.12.09 15:46:08.808,10.74349,10.74592,0.00,0.00
2015.12.09 15:46:08.908,10.74349,10.74611,0.00,0.00
2015.12.09 15:46:09.009,10.74349,10.7463,0.00,0.00
2015.12.09 15:46:09.161,10.74349,10.74601,0.00,0.00
2015.12.09 15:46:09.413,10.74349,10.74612,0.00,0.00
2015.12.09 15:46:09.514,10.74349,10.74631,0.00,0.00
2015.12.09 15:46:09.694,10.74349,10.74641,0.00,0.00
2015.12.09 15:46:09.897,10.74349,10.74661,0.00,0.00
2015.12.09 15:46:09.966,10.74349,10.74611,0.00,0.00
2015.12.09 15:46:10.274,10.74349,10.74601,0.00,0.00
2015.12.09 15:46:10.736,10.74298,10.74601,0.00,0.00
2015.12.09 15:46:10.787,10.74298,10.7457,0.00,0.00
2015.12.09 15:46:10.837,10.7427,10.74562,0.00,0.00
2015.12.09 15:46:10.888,10.7425,10.7454,0.00,0.00
2015.12.09 15:46:11.272,10.74248,10.7453,0.00,0.00
2015.12.09 15:46:11.373,10.74269,10.74562,0.00,0.00
2015.12.09 15:46:11.424,10.74298,10.74542,0.00,0.00
2015.12.09 15:46:11.525,10.74298,10.74581,0.00,0.00
2015.12.09 15:46:11.625,10.74349,10.74621,0.00,0.00
2015.12.09 15:46:11.726,10.74348,10.74642,0.00,0.00
2015.12.09 15:46:11.908,10.74392,10.74642,0.00,0.00
2015.12.09 15:46:11.959,10.7442,10.74692,0.00,0.00
2015.12.09 15:46:12.010,10.74398,10.7471,0.00,0.00
2015.12.09 15:46:12.180,10.74392,10.74661,0.00,0.00
2015.12.09 15:46:12.231,10.74349,10.74661,0.00,0.00
2015.12.09 15:46:12.282,10.74341,10.74612,0.00,0.00
2015.12.09 15:46:12.333,10.74298,10.74612,0.00,0.00
2015.12.09 15:46:12.433,10.74298,10.7461,0.00,0.00
2015.12.09 15:46:12.888,10.74298,10.74612,0.00,0.00
2015.12.09 15:46:13.240,10.74298,10.74602,0.00,0.00
2015.12.09 15:46:13.291,10.74298,10.7461,0.00,0.00
2015.12.09 15:46:13.398,10.74298,10.74601,0.00,0.00
2015.12.09 15:46:13.683,10.74298,10.7461,0.00,0.00
2015.12.09 15:46:14.222,10.74298,10.74611,0.00,0.00
2015.12.09 15:46:14.648,10.74251,10.74512,0.00,0.00
2015.12.09 15:46:14.749,10.74239,10.74512,0.00,0.00
2015.12.09 15:46:14.800,10.7425,10.74542,0.00,0.00
2015.12.09 15:46:14.900,10.7434,10.74521,0.00,0.00
2015.12.09 15:46:15.001,10.74328,10.74571,0.00,0.00
2015.12.09 15:46:15.052,10.74278,10.74571,0.00,0.00
2015.12.09 15:46:15.103,10.74278,10.74561,0.00,0.00
2015.12.09 15:46:15.405,10.74279,10.7455,0.00,0.00
2015.12.09 15:46:15.853,10.7424,10.74511,0.00,0.00
2015.12.09 15:46:15.903,10.74209,10.74511,0.00,0.00
2015.12.09 15:46:16.004,10.74229,10.74511,0.00,0.00
2015.12.09 15:46:16.106,10.74218,10.74511,0.00,0.00
2015.12.09 15:46:16.157,10.74248,10.74541,0.00,0.00
2015.12.09 15:46:16.208,10.74248,10.74561,0.00,0.00
2015.12.09 15:46:16.258,10.74201,10.74512,0.00,0.00
2015.12.09 15:46:16.808,10.74168,10.74412,0.00,0.00
2015.12.09 15:46:16.909,10.74159,10.74412,0.00,0.00
2015.12.09 15:46:16.959,10.74191,10.74412,0.00,0.00
2015.12.09 15:46:17.010,10.74198,10.74512,0.00,0.00
2015.12.09 15:46:17.249,10.74218,10.74512,0.00,0.00
2015.12.09 15:46:17.300,10.74198,10.74512,0.00,0.00
2015.12.09 15:46:17.350,10.74191,10.74462,0.00,0.00
2015.12.09 15:46:17.502,10.74148,10.74461,0.00,0.00
2015.12.09 15:46:17.552,10.74129,10.74412,0.00,0.00
2015.12.09 15:46:17.603,10.74118,10.74412,0.00,0.00
2015.12.09 15:46:17.654,10.74149,10.74412,0.00,0.00
2015.12.09 15:46:17.704,10.74199,10.74499,0.00,0.00
2015.12.09 15:46:17.755,10.74199,10.7446,0.00,0.00
2015.12.09 15:46:17.907,10.74101,10.74412,0.00,0.00
2015.12.09 15:46:18.007,10.74148,10.7445,0.00,0.00
2015.12.09 15:46:18.058,10.7415,10.74462,0.00,0.00
2015.12.09 15:46:18.109,10.74198,10.7448,0.00,0.00
2015.12.09 15:46:18.159,10.74198,10.74502,0.00,0.00
2015.12.09 15:46:18.210,10.74198,10.74512,0.00,0.00
2015.12.09 15:46:18.623,10.74219,10.74512,0.00,0.00
2015.12.09 15:46:18.909,10.74208,10.74512,0.00,0.00
2015.12.09 15:46:19.010,10.74228,10.74512,0.00,0.00
2015.12.09 15:46:19.094,10.74209,10.74512,0.00,0.00
2015.12.09 15:46:19.194,10.74201,10.74512,0.00,0.00
2015.12.09 15:46:19.646,10.74201,10.745,0.00,0.00
2015.12.09 15:46:19.896,10.74102,10.74412,0.00,0.00
2015.12.09 15:46:19.997,10.74201,10.7446,0.00,0.00
2015.12.09 15:46:20.048,10.74201,10.74462,0.00,0.00
2015.12.09 15:46:20.149,10.7422,10.74462,0.00,0.00
2015.12.09 15:46:20.200,10.7422,10.74522,0.00,0.00
2015.12.09 15:46:20.351,10.74218,10.74522,0.00,0.00
2015.12.09 15:46:20.402,10.74209,10.74522,0.00,0.00
2015.12.09 15:46:20.452,10.74209,10.74371,0.00,0.00
2015.12.09 15:46:20.503,10.74158,10.74371,0.00,0.00
2015.12.09 15:46:20.554,10.74111,10.74381,0.00,0.00
2015.12.09 15:46:20.654,10.74111,10.74421,0.00,0.00
2015.12.09 15:46:20.806,10.74119,10.74421,0.00,0.00
2015.12.09 15:46:20.907,10.74111,10.74421,0.00,0.00
2015.12.09 15:46:21.008,10.74128,10.74421,0.00,0.00
2015.12.09 15:46:21.336,10.74079,10.74372,0.00,0.00
2015.12.09 15:46:21.437,10.74059,10.74371,0.00,0.00
2015.12.09 15:46:22.000,10.74069,10.74371,0.00,0.00
2015.12.09 15:46:22.101,10.74108,10.74422,0.00,0.00
2015.12.09 15:46:22.202,10.74129,10.74422,0.00,0.00
2015.12.09 15:46:22.303,10.74119,10.74422,0.00,0.00
2015.12.09 15:46:22.651,10.74108,10.74422,0.00,0.00
2015.12.09 15:46:22.702,10.74119,10.74422,0.00,0.00
2015.12.09 15:46:22.954,10.74208,10.74522,0.00,0.00
2015.12.09 15:46:23.253,10.74249,10.74522,0.00,0.00
2015.12.09 15:46:23.405,10.74309,10.74621,0.00,0.00
2015.12.09 15:46:23.744,10.74309,10.7461,0.00,0.00
2015.12.09 15:46:23.854,10.74309,10.74621,0.00,0.00
2015.12.09 15:46:23.905,10.74309,10.74611,0.00,0.00
2015.12.09 15:46:24.357,10.74309,10.74601,0.00,0.00
2015.12.09 15:46:24.458,10.74309,10.74621,0.00,0.00
2015.12.09 15:46:24.509,10.74309,10.74592,0.00,0.00
2015.12.09 15:46:24.666,10.74309,10.74621,0.00,0.00
2015.12.09 15:46:24.818,10.74309,10.74592,0.00,0.00
2015.12.09 15:46:25.010,10.74309,10.74611,0.00,0.00
2015.12.09 15:46:25.112,10.74309,10.74592,0.00,0.00
2015.12.09 15:46:25.364,10.74208,10.74522,0.00,0.00
2015.12.09 15:46:25.415,10.74208,10.74511,0.00,0.00
2015.12.09 15:46:25.757,10.74208,10.74522,0.00,0.00
2015.12.09 15:46:26.121,10.74208,10.74512,0.00,0.00
2015.12.09 15:46:26.255,10.74208,10.74521,0.00,0.00
2015.12.09 15:46:26.456,10.74208,10.74502,0.00,0.00
2015.12.09 15:46:26.557,10.74208,10.74511,0.00,0.00
2015.12.09 15:46:26.610,10.74208,10.74502,0.00,0.00
2015.12.09 15:46:26.862,10.74158,10.74471,0.00,0.00
2015.12.09 15:46:26.913,10.74108,10.74422,0.00,0.00
2015.12.09 15:46:27.186,10.74069,10.74372,0.00,0.00
2015.12.09 15:46:27.488,10.74091,10.74371,0.00,0.00
2015.12.09 15:46:27.589,10.74109,10.74402,0.00,0.00
2015.12.09 15:46:27.640,10.74109,10.74392,0.00,0.00
2015.12.09 15:46:27.740,10.74109,10.74411,0.00,0.00
2015.12.09 15:46:27.892,10.74109,10.74421,0.00,0.00
2015.12.09 15:46:28.294,10.7412,10.74421,0.00,0.00
2015.12.09 15:46:28.792,10.74109,10.74421,0.00,0.00
2015.12.09 15:46:29.296,10.74109,10.7441,0.00,0.00
2015.12.09 15:46:29.441,10.74109,10.74421,0.00,0.00
2015.12.09 15:46:29.498,10.74109,10.744,0.00,0.00
2015.12.09 15:46:29.599,10.74109,10.74421,0.00,0.00
2015.12.09 15:46:29.855,10.74109,10.7441,0.00,0.00
2015.12.09 15:46:30.108,10.74059,10.74361,0.00,0.00
2015.12.09 15:46:30.209,10.7405,10.74322,0.00,0.00
2015.12.09 15:46:30.310,10.7407,10.74361,0.00,0.00
2015.12.09 15:46:30.411,10.74078,10.7437,0.00,0.00
2015.12.09 15:46:30.512,10.74069,10.74372,0.00,0.00
2015.12.09 15:46:30.613,10.74108,10.74391,0.00,0.00
2015.12.09 15:46:30.663,10.74059,10.74372,0.00,0.00
2015.12.09 15:46:30.714,10.7407,10.74372,0.00,0.00
2015.12.09 15:46:30.865,10.74108,10.74422,0.00,0.00
2015.12.09 15:46:31.223,10.74059,10.74371,0.00,0.00
2015.12.09 15:46:31.572,10.74049,10.74322,0.00,0.00
2015.12.09 15:46:31.625,10.74058,10.74371,0.00,0.00
2015.12.09 15:46:32.078,10.7405,10.74322,0.00,0.00
2015.12.09 15:46:32.330,10.74109,10.74421,0.00,0.00
2015.12.09 15:46:32.380,10.74109,10.74391,0.00,0.00
2015.12.09 15:46:32.431,10.74058,10.74372,0.00,0.00
2015.12.09 15:46:32.648,10.74069,10.74321,0.00,0.00
2015.12.09 15:46:32.749,10.74069,10.74371,0.00,0.00
2015.12.09 15:46:32.850,10.74059,10.74371,0.00,0.00
2015.12.09 15:46:33.175,10.74108,10.74422,0.00,0.00
2015.12.09 15:46:33.276,10.7407,10.74372,0.00,0.00
2015.12.09 15:46:33.478,10.74058,10.74371,0.00,0.00
2015.12.09 15:46:33.529,10.74019,10.74322,0.00,0.00
2015.12.09 15:46:33.630,10.74008,10.74322,0.00,0.00
2015.12.09 15:46:34.228,10.74018,10.74322,0.00,0.00
2015.12.09 15:46:34.530,10.73861,10.74172,0.00,0.00
2015.12.09 15:46:34.581,10.73869,10.74172,0.00,0.00
2015.12.09 15:46:34.732,10.73849,10.74162,0.00,0.00
2015.12.09 15:46:34.783,10.73849,10.7416,0.00,0.00
2015.12.09 15:46:35.227,10.73829,10.74112,0.00,0.00
2015.12.09 15:46:35.682,10.73869,10.74112,0.00,0.00
2015.12.09 15:46:35.733,10.73869,10.74162,0.00,0.00
2015.12.09 15:46:35.784,10.7386,10.74162,0.00,0.00
2015.12.09 15:46:35.834,10.73888,10.74162,0.00,0.00
2015.12.09 15:46:35.935,10.73898,10.74212,0.00,0.00
2015.12.09 15:46:36.439,10.73908,10.74212,0.00,0.00
2015.12.09 15:46:36.599,10.73898,10.74212,0.00,0.00
2015.12.09 15:46:37.238,10.73908,10.74212,0.00,0.00
2015.12.09 15:46:37.339,10.73898,10.74212,0.00,0.00
2015.12.09 15:46:37.637,10.73908,10.74212,0.00,0.00
2015.12.09 15:46:37.741,10.73898,10.74212,0.00,0.00
2015.12.09 15:46:38.144,10.73918,10.74212,0.00,0.00
2015.12.09 15:46:38.347,10.73898,10.74212,0.00,0.00
2015.12.09 15:46:38.599,10.73942,10.74212,0.00,0.00
2015.12.09 15:46:38.801,10.73998,10.74312,0.00,0.00
2015.12.09 15:46:39.654,10.74018,10.74312,0.00,0.00
2015.12.09 15:46:39.738,10.73998,10.74312,0.00,0.00
2015.12.09 15:46:39.853,10.74008,10.74312,0.00,0.00
2015.12.09 15:46:39.904,10.7405,10.74362,0.00,0.00
2015.12.09 15:46:39.954,10.74062,10.74362,0.00,0.00
2015.12.09 15:46:40.005,10.74099,10.74411,0.00,0.00
2015.12.09 15:46:40.224,10.74099,10.74399,0.00,0.00
2015.12.09 15:46:40.275,10.74099,10.74401,0.00,0.00
2015.12.09 15:46:40.326,10.74098,10.74412,0.00,0.00
2015.12.09 15:46:40.681,10.74198,10.74411,0.00,0.00
2015.12.09 15:46:40.732,10.74198,10.74512,0.00,0.00
2015.12.09 15:46:41.247,10.74148,10.74462,0.00,0.00
2015.12.09 15:46:41.551,10.74172,10.74462,0.00,0.00
2015.12.09 15:46:41.753,10.74198,10.74492,0.00,0.00
2015.12.09 15:46:41.855,10.74198,10.74472,0.00,0.00
2015.12.09 15:46:41.956,10.74198,10.74502,0.00,0.00
2015.12.09 15:46:42.007,10.74118,10.74411,0.00,0.00
2015.12.09 15:46:42.057,10.74101,10.74411,0.00,0.00
2015.12.09 15:46:42.566,10.74101,10.74412,0.00,0.00
2015.12.09 15:46:43.220,10.74181,10.74422,0.00,0.00
2015.12.09 15:46:43.420,10.74198,10.74512,0.00,0.00
2015.12.09 15:46:43.582,10.74198,10.74501,0.00,0.00
2015.12.09 15:46:43.733,10.74101,10.74412,0.00,0.00
2015.12.09 15:46:44.123,10.74101,10.7438,0.00,0.00
2015.12.09 15:46:44.225,10.74051,10.74361,0.00,0.00
2015.12.09 15:46:44.528,10.74102,10.74402,0.00,0.00
2015.12.09 15:46:44.578,10.74102,10.74412,0.00,0.00
2015.12.09 15:46:44.730,10.74149,10.74442,0.00,0.00
2015.12.09 15:46:44.982,10.74199,10.74511,0.00,0.00
2015.12.09 15:46:45.178,10.74248,10.74561,0.00,0.00
2015.12.09 15:46:45.229,10.74349,10.74562,0.00,0.00
2015.12.09 15:46:45.380,10.74398,10.74712,0.00,0.00
2015.12.09 15:46:45.431,10.74421,10.74712,0.00,0.00
2015.12.09 15:46:45.737,10.74498,10.74712,0.00,0.00
2015.12.09 15:46:45.787,10.74498,10.74791,0.00,0.00
2015.12.09 15:46:45.838,10.74498,10.74801,0.00,0.00
2015.12.09 15:46:45.889,10.74501,10.74801,0.00,0.00
2015.12.09 15:46:45.940,10.74501,10.74812,0.00,0.00
2015.12.09 15:46:45.990,10.74501,10.74791,0.00,0.00
2015.12.09 15:46:46.182,10.74521,10.74812,0.00,0.00
2015.12.09 15:46:46.485,10.74521,10.74801,0.00,0.00
2015.12.09 15:46:46.796,10.74521,10.74812,0.00,0.00
2015.12.09 15:46:47.299,10.74521,10.74811,0.00,0.00
2015.12.09 15:46:47.988,10.74522,10.74801,0.00,0.00
2015.12.09 15:46:48.191,10.74522,10.74812,0.00,0.00
2015.12.09 15:46:49.503,10.74529,10.74812,0.00,0.00
2015.12.09 15:46:49.806,10.74572,10.74861,0.00,0.00
2015.12.09 15:46:50.152,10.7455,10.74812,0.00,0.00
2015.12.09 15:46:50.202,10.74521,10.748,0.00,0.00
2015.12.09 15:46:50.303,10.74521,10.74791,0.00,0.00
2015.12.09 15:46:50.410,10.74521,10.74811,0.00,0.00
2015.12.09 15:46:50.612,10.74522,10.74801,0.00,0.00
2015.12.09 15:46:50.834,10.74522,10.74812,0.00,0.00
2015.12.09 15:46:51.104,10.74548,10.74831,0.00,0.00
2015.12.09 15:46:51.205,10.74549,10.74842,0.00,0.00
2015.12.09 15:46:51.256,10.74572,10.74842,0.00,0.00
2015.12.09 15:46:51.310,10.74572,10.74862,0.00,0.00
2015.12.09 15:46:51.866,10.74572,10.74812,0.00,0.00
2015.12.09 15:46:52.220,10.74571,10.74831,0.00,0.00
2015.12.09 15:46:52.271,10.7465,10.74862,0.00,0.00
2015.12.09 15:46:52.322,10.7465,10.74902,0.00,0.00
2015.12.09 15:46:52.372,10.74671,10.74911,0.00,0.00
2015.12.09 15:46:52.423,10.74671,10.74961,0.00,0.00
2015.12.09 15:46:52.744,10.74699,10.75001,0.00,0.00
2015.12.09 15:46:52.795,10.74712,10.75001,0.00,0.00
2015.12.09 15:46:52.896,10.74712,10.75011,0.00,0.00
2015.12.09 15:46:53.267,10.74712,10.74962,0.00,0.00
2015.12.09 15:46:53.368,10.74648,10.7496,0.00,0.00
2015.12.09 15:46:53.419,10.74621,10.74912,0.00,0.00
2015.12.09 15:46:53.570,10.74611,10.74912,0.00,0.00
2015.12.09 15:46:53.671,10.74571,10.74862,0.00,0.00
2015.12.09 15:46:54.022,10.74521,10.74812,0.00,0.00
2015.12.09 15:46:54.672,10.74571,10.74811,0.00,0.00
2015.12.09 15:46:54.723,10.74571,10.74862,0.00,0.00
2015.12.09 15:46:54.875,10.7455,10.74812,0.00,0.00
2015.12.09 15:46:54.926,10.74521,10.74812,0.00,0.00
2015.12.09 15:46:54.976,10.74512,10.74762,0.00,0.00
2015.12.09 15:46:55.128,10.74471,10.74762,0.00,0.00
2015.12.09 15:46:55.228,10.74511,10.74802,0.00,0.00
2015.12.09 15:46:55.279,10.74511,10.74811,0.00,0.00
2015.12.09 15:46:55.330,10.74571,10.74811,0.00,0.00
2015.12.09 15:46:55.431,10.74571,10.74861,0.00,0.00
2015.12.09 15:46:55.532,10.74611,10.74861,0.00,0.00
2015.12.09 15:46:55.798,10.74571,10.74832,0.00,0.00
2015.12.09 15:46:55.899,10.74571,10.74862,0.00,0.00
2015.12.09 15:46:55.980,10.74571,10.74842,0.00,0.00
2015.12.09 15:46:56.098,10.74571,10.74852,0.00,0.00
2015.12.09 15:46:56.181,10.74571,10.74842,0.00,0.00
2015.12.09 15:46:56.487,10.74571,10.74861,0.00,0.00
2015.12.09 15:46:56.754,10.74521,10.74812,0.00,0.00
2015.12.09 15:46:57.283,10.74521,10.74811,0.00,0.00
2015.12.09 15:46:57.592,10.74521,10.74801,0.00,0.00
2015.12.09 15:46:57.718,10.74521,10.74812,0.00,0.00
2015.12.09 15:46:57.921,10.74521,10.74791,0.00,0.00
2015.12.09 15:46:58.256,10.74522,10.74772,0.00,0.00
2015.12.09 15:46:58.307,10.74522,10.74812,0.00,0.00
2015.12.09 15:46:58.528,10.74522,10.74802,0.00,0.00
2015.12.09 15:46:58.882,10.74612,10.74831,0.00,0.00
2015.12.09 15:46:58.933,10.74612,10.74901,0.00,0.00
2015.12.09 15:46:58.988,10.74612,10.74891,0.00,0.00
2015.12.09 15:46:59.345,10.74612,10.74812,0.00,0.00
2015.12.09 15:46:59.578,10.74522,10.74792,0.00,0.00
2015.12.09 15:46:59.891,10.74522,10.74812,0.00,0.00
2015.12.09 15:46:59.992,10.74522,10.74792,0.00,0.00
2015.12.09 15:47:00.254,10.74472,10.74762,0.00,0.00
2015.12.09 15:47:00.410,10.74471,10.74732,0.00,0.00
2015.12.09 15:47:00.511,10.74471,10.74761,0.00,0.00
2015.12.09 15:47:01.016,10.74471,10.74762,0.00,0.00
2015.12.09 15:47:01.324,10.74471,10.74712,0.00,0.00
2015.12.09 15:47:01.375,10.74449,10.74712,0.00,0.00
2015.12.09 15:47:01.497,10.74421,10.74712,0.00,0.00
2015.12.09 15:47:01.962,10.74412,10.74712,0.00,0.00
2015.12.09 15:47:02.217,10.74448,10.7476,0.00,0.00
2015.12.09 15:47:02.268,10.74461,10.74761,0.00,0.00
2015.12.09 15:47:02.570,10.74421,10.74711,0.00,0.00
2015.12.09 15:47:03.210,10.74421,10.7469,0.00,0.00
2015.12.09 15:47:03.261,10.74372,10.74662,0.00,0.00
2015.12.09 15:47:03.627,10.74372,10.74631,0.00,0.00
2015.12.09 15:47:03.906,10.74331,10.74602,0.00,0.00
2015.12.09 15:47:04.007,10.74349,10.74631,0.00,0.00
2015.12.09 15:47:04.158,10.74349,10.74661,0.00,0.00
2015.12.09 15:47:05.521,10.74398,10.74711,0.00,0.00
2015.12.09 15:47:05.723,10.74349,10.74662,0.00,0.00
2015.12.09 15:47:06.046,10.74399,10.74681,0.00,0.00
2015.12.09 15:47:06.096,10.74358,10.74662,0.00,0.00
2015.12.09 15:47:06.307,10.74348,10.74662,0.00,0.00
2015.12.09 15:47:06.543,10.74348,10.7466,0.00,0.00
2015.12.09 15:47:06.644,10.74299,10.74612,0.00,0.00
2015.12.09 15:47:07.171,10.74298,10.74612,0.00,0.00
2015.12.09 15:47:07.549,10.7431,10.74612,0.00,0.00
2015.12.09 15:47:07.599,10.74348,10.74662,0.00,0.00
2015.12.09 15:47:07.843,10.74322,10.74611,0.00,0.00
2015.12.09 15:47:07.894,10.74299,10.74611,0.00,0.00
2015.12.09 15:47:10.459,10.7431,10.74611,0.00,0.00
2015.12.09 15:47:10.772,10.74318,10.74611,0.00,0.00
2015.12.09 15:47:10.873,10.74309,10.74611,0.00,0.00
2015.12.09 15:47:10.961,10.74319,10.74611,0.00,0.00
2015.12.09 15:47:11.011,10.74348,10.74661,0.00,0.00
2015.12.09 15:47:11.162,10.7435,10.74662,0.00,0.00
2015.12.09 15:47:11.484,10.74399,10.74711,0.00,0.00
2015.12.09 15:47:11.644,10.74348,10.74662,0.00,0.00
2015.12.09 15:47:11.835,10.74398,10.74712,0.00,0.00
2015.12.09 15:47:13.194,10.74398,10.74671,0.00,0.00
2015.12.09 15:47:13.244,10.74359,10.74662,0.00,0.00
2015.12.09 15:47:13.396,10.74348,10.74662,0.00,0.00
2015.12.09 15:47:13.765,10.74321,10.74611,0.00,0.00
2015.12.09 15:47:13.816,10.74301,10.74611,0.00,0.00
2015.12.09 15:47:13.867,10.74308,10.74611,0.00,0.00
2015.12.09 15:47:13.968,10.74299,10.74611,0.00,0.00
2015.12.09 15:47:14.119,10.74258,10.74561,0.00,0.00
2015.12.09 15:47:14.443,10.74301,10.74612,0.00,0.00
2015.12.09 15:47:14.545,10.74308,10.74612,0.00,0.00
2015.12.09 15:47:14.860,10.74301,10.74612,0.00,0.00
2015.12.09 15:47:14.961,10.74328,10.74612,0.00,0.00
2015.12.09 15:47:15.143,10.74301,10.74612,0.00,0.00
2015.12.09 15:47:15.377,10.74298,10.74612,0.00,0.00
2015.12.09 15:47:15.672,10.74308,10.74612,0.00,0.00
2015.12.09 15:47:15.872,10.74298,10.74612,0.00,0.00
2015.12.09 15:47:16.175,10.74318,10.74612,0.00,0.00
2015.12.09 15:47:16.405,10.74349,10.74661,0.00,0.00
2015.12.09 15:47:16.697,10.74298,10.74612,0.00,0.00
2015.12.09 15:47:16.748,10.74349,10.7466,0.00,0.00
2015.12.09 15:47:17.289,10.74349,10.74661,0.00,0.00
2015.12.09 15:47:17.970,10.74298,10.74612,0.00,0.00
2015.12.09 15:47:18.402,10.74349,10.74661,0.00,0.00
2015.12.09 15:47:18.503,10.74398,10.74712,0.00,0.00
2015.12.09 15:47:18.604,10.74478,10.7473,0.00,0.00
2015.12.09 15:47:19.253,10.74478,10.7475,0.00,0.00
2015.12.09 15:47:19.405,10.74429,10.7466,0.00,0.00
2015.12.09 15:47:19.506,10.74379,10.7466,0.00,0.00
2015.12.09 15:47:19.607,10.74379,10.74631,0.00,0.00
2015.12.09 15:47:20.101,10.74379,10.7466,0.00,0.00
2015.12.09 15:47:20.206,10.74379,10.74651,0.00,0.00
2015.12.09 15:47:21.064,10.74379,10.7465,0.00,0.00
2015.12.09 15:47:21.240,10.74379,10.7466,0.00,0.00
2015.12.09 15:47:21.719,10.74379,10.7464,0.00,0.00
2015.12.09 15:47:22.049,10.74379,10.74651,0.00,0.00
2015.12.09 15:47:22.224,10.74429,10.74651,0.00,0.00
2015.12.09 15:47:22.325,10.74429,10.74678,0.00,0.00
2015.12.09 15:47:22.376,10.74429,10.74711,0.00,0.00
2015.12.09 15:47:22.837,10.74429,10.7472,0.00,0.00
2015.12.09 15:47:23.246,10.74479,10.74741,0.00,0.00
2015.12.09 15:47:24.025,10.74479,10.7474,0.00,0.00
2015.12.09 15:47:24.361,10.74439,10.74711,0.00,0.00
2015.12.09 15:47:24.462,10.74429,10.747,0.00,0.00
2015.12.09 15:47:24.563,10.74429,10.7471,0.00,0.00
2015.12.09 15:47:24.793,10.74478,10.74711,0.00,0.00
2015.12.09 15:47:24.844,10.74478,10.74731,0.00,0.00
2015.12.09 15:47:24.895,10.74439,10.74731,0.00,0.00
2015.12.09 15:47:24.945,10.74429,10.74691,0.00,0.00
2015.12.09 15:47:25.482,10.74429,10.7469,0.00,0.00
2015.12.09 15:47:25.633,10.74379,10.74691,0.00,0.00
2015.12.09 15:47:25.734,10.74389,10.74691,0.00,0.00
2015.12.09 15:47:26.054,10.74428,10.74701,0.00,0.00
2015.12.09 15:47:26.306,10.74429,10.74721,0.00,0.00
2015.12.09 15:47:26.857,10.74429,10.74728,0.00,0.00
2015.12.09 15:47:26.958,10.74478,10.74728,0.00,0.00
2015.12.09 15:47:27.009,10.74478,10.74771,0.00,0.00
2015.12.09 15:47:27.763,10.74528,10.74771,0.00,0.00
2015.12.09 15:47:28.058,10.74529,10.74791,0.00,0.00
2015.12.09 15:47:28.163,10.74529,10.7477,0.00,0.00
2015.12.09 15:47:28.214,10.74478,10.7477,0.00,0.00
2015.12.09 15:47:28.315,10.74478,10.74761,0.00,0.00
2015.12.09 15:47:28.517,10.74478,10.7477,0.00,0.00
2015.12.09 15:47:29.131,10.74478,10.74771,0.00,0.00
2015.12.09 15:47:29.324,10.74478,10.74761,0.00,0.00
2015.12.09 15:47:29.628,10.74478,10.74742,0.00,0.00
2015.12.09 15:47:29.830,10.74478,10.74751,0.00,0.00
2015.12.09 15:47:29.931,10.74478,10.74742,0.00,0.00
2015.12.09 15:47:30.031,10.74478,10.7477,0.00,0.00
2015.12.09 15:47:30.590,10.74478,10.74771,0.00,0.00
2015.12.09 15:47:31.194,10.74478,10.7477,0.00,0.00
2015.12.09 15:47:31.710,10.74479,10.74771,0.00,0.00
2015.12.09 15:47:31.812,10.74479,10.74762,0.00,0.00
2015.12.09 15:47:32.114,10.74528,10.74771,0.00,0.00
2015.12.09 15:47:32.416,10.74478,10.74731,0.00,0.00
2015.12.09 15:47:32.467,10.74478,10.74751,0.00,0.00
2015.12.09 15:47:32.568,10.74429,10.74681,0.00,0.00
2015.12.09 15:47:32.941,10.74429,10.7467,0.00,0.00
2015.12.09 15:47:33.472,10.74429,10.74671,0.00,0.00
2015.12.09 15:47:34.171,10.74429,10.7467,0.00,0.00
2015.12.09 15:47:34.737,10.74429,10.74671,0.00,0.00
2015.12.09 15:47:35.141,10.74378,10.7467,0.00,0.00
2015.12.09 15:47:35.242,10.74378,10.74662,0.00,0.00
2015.12.09 15:47:35.631,10.74378,10.7467,0.00,0.00
2015.12.09 15:47:35.748,10.74378,10.74652,0.00,0.00
2015.12.09 15:47:35.951,10.74378,10.7467,0.00,0.00
2015.12.09 15:47:36.354,10.74378,10.74652,0.00,0.00
2015.12.09 15:47:36.673,10.74339,10.74578,0.00,0.00
2015.12.09 15:47:36.831,10.74339,10.74631,0.00,0.00
2015.12.09 15:47:36.882,10.74339,10.74622,0.00,0.00
2015.12.09 15:47:37.209,10.74378,10.7466,0.00,0.00
2015.12.09 15:47:37.511,10.74389,10.74679,0.00,0.00
2015.12.09 15:47:37.563,10.74429,10.74679,0.00,0.00
2015.12.09 15:47:37.715,10.74428,10.74719,0.00,0.00
2015.12.09 15:47:37.942,10.74428,10.74702,0.00,0.00
2015.12.09 15:47:38.043,10.74428,10.74712,0.00,0.00
2015.12.09 15:47:38.227,10.74428,10.74721,0.00,0.00
2015.12.09 15:47:38.329,10.74479,10.7472,0.00,0.00
2015.12.09 15:47:38.687,10.74479,10.74702,0.00,0.00
2015.12.09 15:47:38.738,10.74428,10.74691,0.00,0.00
2015.12.09 15:47:38.839,10.74428,10.74702,0.00,0.00
2015.12.09 15:47:39.313,10.74462,10.74702,0.00,0.00
2015.12.09 15:47:39.363,10.74462,10.74741,0.00,0.00
2015.12.09 15:47:39.414,10.74478,10.74741,0.00,0.00
2015.12.09 15:47:39.464,10.7449,10.74792,0.00,0.00
2015.12.09 15:47:39.515,10.74529,10.7481,0.00,0.00
2015.12.09 15:47:40.033,10.74529,10.7482,0.00,0.00
2015.12.09 15:47:40.142,10.74529,10.74771,0.00,0.00
2015.12.09 15:47:40.192,10.74478,10.74771,0.00,0.00
2015.12.09 15:47:40.620,10.74478,10.74761,0.00,0.00
2015.12.09 15:47:40.954,10.74478,10.74741,0.00,0.00
2015.12.09 15:47:41.257,10.74478,10.74761,0.00,0.00
2015.12.09 15:47:41.795,10.74478,10.7476,0.00,0.00
2015.12.09 15:47:41.846,10.74478,10.74771,0.00,0.00
2015.12.09 15:47:42.943,10.74579,10.74781,0.00,0.00
2015.12.09 15:47:43.044,10.74579,10.74871,0.00,0.00
2015.12.09 15:47:43.529,10.74579,10.74867,0.00,0.00
2015.12.09 15:47:43.832,10.74579,10.74871,0.00,0.00
2015.12.09 15:47:43.933,10.74579,10.74865,0.00,0.00
2015.12.09 15:47:44.318,10.74579,10.74861,0.00,0.00
2015.12.09 15:47:44.942,10.74579,10.74851,0.00,0.00
2015.12.09 15:47:45.346,10.74579,10.7487,0.00,0.00
2015.12.09 15:47:45.650,10.74579,10.74867,0.00,0.00
2015.12.09 15:47:46.205,10.74579,10.74862,0.00,0.00
2015.12.09 15:47:46.554,10.74528,10.74771,0.00,0.00
2015.12.09 15:47:47.194,10.74578,10.7477,0.00,0.00
2015.12.09 15:47:47.295,10.74578,10.74812,0.00,0.00
2015.12.09 15:47:47.346,10.74578,10.7484,0.00,0.00
2015.12.09 15:47:47.397,10.74578,10.74771,0.00,0.00
2015.12.09 15:47:47.447,10.74528,10.74732,0.00,0.00
2015.12.09 15:47:47.548,10.74478,10.74752,0.00,0.00
2015.12.09 15:47:47.649,10.74478,10.7477,0.00,0.00
2015.12.09 15:47:48.241,10.74478,10.74741,0.00,0.00
2015.12.09 15:47:48.342,10.74428,10.74701,0.00,0.00
2015.12.09 15:47:48.751,10.7439,10.74692,0.00,0.00
2015.12.09 15:47:48.802,10.74378,10.74671,0.00,0.00
2015.12.09 15:47:49.251,10.74378,10.74632,0.00,0.00
2015.12.09 15:47:49.553,10.74378,10.74612,0.00,0.00
2015.12.09 15:47:49.654,10.74378,10.74641,0.00,0.00
2015.12.09 15:47:49.755,10.74378,10.74661,0.00,0.00
2015.12.09 15:47:49.885,10.74378,10.7467,0.00,0.00
2015.12.09 15:47:50.100,10.74428,10.74671,0.00,0.00
2015.12.09 15:47:50.428,10.74478,10.7467,0.00,0.00
2015.12.09 15:47:50.529,10.74478,10.74731,0.00,0.00
2015.12.09 15:47:50.630,10.74478,10.74761,0.00,0.00
2015.12.09 15:47:50.753,10.74478,10.74752,0.00,0.00
2015.12.09 15:47:50.854,10.74478,10.74762,0.00,0.00
2015.12.09 15:47:50.955,10.74478,10.74741,0.00,0.00
2015.12.09 15:47:51.156,10.74478,10.74762,0.00,0.00
2015.12.09 15:47:51.254,10.74478,10.74751,0.00,0.00
2015.12.09 15:47:51.355,10.74478,10.74762,0.00,0.00
2015.12.09 15:47:51.594,10.74478,10.74742,0.00,0.00
2015.12.09 15:47:51.976,10.74478,10.74722,0.00,0.00
2015.12.09 15:47:52.077,10.74429,10.74701,0.00,0.00
2015.12.09 15:47:52.472,10.74429,10.7473,0.00,0.00
2015.12.09 15:47:52.624,10.74429,10.74738,0.00,0.00
2015.12.09 15:47:52.675,10.74429,10.74721,0.00,0.00
2015.12.09 15:47:52.776,10.74429,10.74738,0.00,0.00
2015.12.09 15:47:52.827,10.74478,10.74738,0.00,0.00
2015.12.09 15:47:53.003,10.74478,10.74741,0.00,0.00
2015.12.09 15:47:53.104,10.74478,10.7476,0.00,0.00
2015.12.09 15:47:53.212,10.74478,10.7475,0.00,0.00
2015.12.09 15:47:53.313,10.74478,10.74761,0.00,0.00
2015.12.09 15:47:53.564,10.74478,10.74722,0.00,0.00
2015.12.09 15:47:53.895,10.74478,10.74732,0.00,0.00
2015.12.09 15:47:54.437,10.74478,10.74771,0.00,0.00
2015.12.09 15:47:54.969,10.74478,10.74762,0.00,0.00
2015.12.09 15:47:55.771,10.74478,10.74771,0.00,0.00
2015.12.09 15:47:55.872,10.74478,10.74732,0.00,0.00
2015.12.09 15:47:55.971,10.74478,10.74771,0.00,0.00
2015.12.09 15:47:56.409,10.74478,10.74762,0.00,0.00
2015.12.09 15:47:57.177,10.74478,10.74742,0.00,0.00
2015.12.09 15:47:57.703,10.74529,10.748,0.00,0.00
2015.12.09 15:47:57.979,10.7449,10.74792,0.00,0.00
2015.12.09 15:47:58.030,10.74478,10.74732,0.00,0.00
2015.12.09 15:47:58.281,10.74478,10.74741,0.00,0.00
2015.12.09 15:47:58.382,10.74478,10.74731,0.00,0.00
2015.12.09 15:47:58.486,10.74478,10.7476,0.00,0.00
2015.12.09 15:47:58.537,10.74478,10.74762,0.00,0.00
2015.12.09 15:47:58.638,10.74478,10.74771,0.00,0.00
2015.12.09 15:47:59.059,10.74478,10.74751,0.00,0.00
2015.12.09 15:47:59.438,10.74478,10.74732,0.00,0.00
2015.12.09 15:47:59.489,10.74478,10.74751,0.00,0.00
2015.12.09 15:47:59.540,10.74478,10.74761,0.00,0.00
2015.12.09 15:47:59.641,10.74578,10.74761,0.00,0.00
2015.12.09 15:47:59.742,10.74478,10.74771,0.00,0.00
2015.12.09 15:47:59.893,10.74478,10.74761,0.00,0.00
2015.12.09 15:48:00.236,10.74478,10.74741,0.00,0.00
2015.12.09 15:48:00.710,10.74478,10.74762,0.00,0.00
2015.12.09 15:48:01.187,10.74478,10.7477,0.00,0.00
2015.12.09 15:48:01.587,10.74478,10.74762,0.00,0.00
2015.12.09 15:48:02.294,10.74529,10.74771,0.00,0.00
2015.12.09 15:48:02.395,10.7449,10.74791,0.00,0.00
2015.12.09 15:48:02.451,10.74479,10.7477,0.00,0.00
2015.12.09 15:48:02.940,10.74529,10.74771,0.00,0.00
2015.12.09 15:48:03.459,10.74528,10.74771,0.00,0.00
2015.12.09 15:48:03.560,10.74528,10.74829,0.00,0.00
2015.12.09 15:48:03.812,10.74528,10.74821,0.00,0.00
2015.12.09 15:48:04.293,10.74478,10.74762,0.00,0.00
2015.12.09 15:48:04.636,10.74478,10.74752,0.00,0.00
2015.12.09 15:48:04.693,10.74478,10.74761,0.00,0.00
2015.12.09 15:48:04.820,10.74478,10.74752,0.00,0.00
2015.12.09 15:48:05.005,10.74478,10.74771,0.00,0.00
2015.12.09 15:48:05.695,10.74578,10.7477,0.00,0.00
2015.12.09 15:48:05.796,10.74528,10.74771,0.00,0.00
2015.12.09 15:48:07.009,10.74578,10.74822,0.00,0.00
2015.12.09 15:48:07.135,10.74578,10.74831,0.00,0.00
2015.12.09 15:48:07.236,10.7454,10.7484,0.00,0.00
2015.12.09 15:48:07.449,10.74479,10.74771,0.00,0.00
2015.12.09 15:48:07.893,10.74529,10.74771,0.00,0.00
2015.12.09 15:48:09.052,10.74529,10.7477,0.00,0.00
2015.12.09 15:48:09.555,10.74578,10.7477,0.00,0.00
2015.12.09 15:48:09.605,10.74578,10.74782,0.00,0.00
2015.12.09 15:48:09.706,10.74578,10.74811,0.00,0.00
2015.12.09 15:48:09.807,10.74578,10.7484,0.00,0.00
2015.12.09 15:48:09.858,10.74528,10.7484,0.00,0.00
2015.12.09 15:48:09.908,10.74528,10.74771,0.00,0.00
2015.12.09 15:48:10.190,10.74479,10.7477,0.00,0.00
2015.12.09 15:48:10.240,10.74479,10.74762,0.00,0.00
2015.12.09 15:48:10.405,10.74479,10.7477,0.00,0.00
2015.12.09 15:48:11.015,10.74479,10.74771,0.00,0.00
2015.12.09 15:48:11.547,10.74479,10.74762,0.00,0.00
2015.12.09 15:48:11.608,10.74479,10.7477,0.00,0.00
2015.12.09 15:48:12.112,10.74479,10.74751,0.00,0.00
2015.12.09 15:48:12.213,10.74479,10.74761,0.00,0.00
2015.12.09 15:48:12.264,10.74479,10.74688,0.00,0.00
2015.12.09 15:48:12.314,10.74428,10.74688,0.00,0.00
2015.12.09 15:48:12.365,10.74428,10.74671,0.00,0.00
2015.12.09 15:48:12.617,10.74478,10.74731,0.00,0.00
2015.12.09 15:48:12.920,10.74478,10.7475,0.00,0.00
2015.12.09 15:48:13.822,10.74429,10.74741,0.00,0.00
2015.12.09 15:48:13.873,10.74429,10.74721,0.00,0.00
2015.12.09 15:48:13.974,10.74429,10.7473,0.00,0.00
2015.12.09 15:48:14.024,10.74429,10.74691,0.00,0.00
2015.12.09 15:48:14.329,10.74478,10.74751,0.00,0.00
2015.12.09 15:48:14.563,10.74478,10.74768,0.00,0.00
2015.12.09 15:48:14.813,10.74478,10.74751,0.00,0.00
2015.12.09 15:48:15.114,10.74478,10.74769,0.00,0.00
2015.12.09 15:48:15.215,10.74478,10.74742,0.00,0.00
2015.12.09 15:48:15.811,10.74478,10.74769,0.00,0.00
2015.12.09 15:48:16.016,10.74528,10.7477,0.00,0.00
2015.12.09 15:48:16.067,10.74528,10.74781,0.00,0.00
2015.12.09 15:48:16.118,10.74528,10.74841,0.00,0.00
2015.12.09 15:48:16.169,10.74579,10.74861,0.00,0.00
2015.12.09 15:48:16.741,10.74579,10.7486,0.00,0.00
2015.12.09 15:48:17.066,10.74579,10.74869,0.00,0.00
2015.12.09 15:48:17.730,10.74579,10.74852,0.00,0.00
2015.12.09 15:48:17.831,10.74579,10.74869,0.00,0.00
2015.12.09 15:48:18.670,10.74579,10.7486,0.00,0.00
2015.12.09 15:48:18.998,10.74579,10.74831,0.00,0.00
2015.12.09 15:48:19.172,10.74579,10.74841,0.00,0.00
2015.12.09 15:48:19.223,10.74579,10.74852,0.00,0.00
2015.12.09 15:48:19.324,10.74579,10.74861,0.00,0.00
2015.12.09 15:48:19.991,10.74579,10.7486,0.00,0.00
2015.12.09 15:48:20.041,10.74579,10.74841,0.00,0.00
2015.12.09 15:48:20.202,10.74579,10.7486,0.00,0.00
2015.12.09 15:48:20.253,10.74579,10.74822,0.00,0.00
2015.12.09 15:48:20.575,10.74579,10.74811,0.00,0.00
2015.12.09 15:48:20.989,10.74529,10.7475,0.00,0.00
2015.12.09 15:48:21.090,10.74529,10.7477,0.00,0.00
2015.12.09 15:48:21.191,10.74479,10.74771,0.00,0.00
2015.12.09 15:48:23.831,10.74479,10.74762,0.00,0.00
2015.12.09 15:48:24.267,10.74479,10.74751,0.00,0.00
2015.12.09 15:48:24.368,10.74479,10.7476,0.00,0.00
2015.12.09 15:48:24.431,10.74479,10.74742,0.00,0.00
2015.12.09 15:48:25.575,10.74479,10.74761,0.00,0.00
2015.12.09 15:48:25.699,10.74479,10.7475,0.00,0.00
2015.12.09 15:48:26.575,10.74479,10.74762,0.00,0.00
2015.12.09 15:48:26.759,10.74479,10.74771,0.00,0.00
2015.12.09 15:48:27.895,10.74479,10.7477,0.00,0.00
2015.12.09 15:48:28.266,10.74479,10.7475,0.00,0.00
2015.12.09 15:48:28.785,10.74479,10.74751,0.00,0.00
2015.12.09 15:48:29.090,10.74479,10.7476,0.00,0.00
2015.12.09 15:48:29.191,10.74479,10.74751,0.00,0.00
2015.12.09 15:48:29.990,10.74479,10.74761,0.00,0.00
2015.12.09 15:48:30.041,10.74479,10.74752,0.00,0.00
2015.12.09 15:48:30.142,10.74479,10.74761,0.00,0.00
2015.12.09 15:48:30.612,10.74479,10.74771,0.00,0.00
2015.12.09 15:48:31.044,10.74479,10.74762,0.00,0.00
2015.12.09 15:48:31.345,10.74479,10.7477,0.00,0.00
2015.12.09 15:48:31.644,10.74479,10.74761,0.00,0.00
2015.12.09 15:48:31.744,10.74479,10.74771,0.00,0.00
2015.12.09 15:48:32.048,10.74479,10.74762,0.00,0.00
2015.12.09 15:48:32.253,10.74479,10.7477,0.00,0.00
2015.12.09 15:48:32.355,10.74479,10.74761,0.00,0.00
2015.12.09 15:48:32.446,10.74479,10.74771,0.00,0.00
2015.12.09 15:48:33.102,10.74479,10.7477,0.00,0.00
2015.12.09 15:48:33.463,10.74479,10.7477,0.00,0.00
2015.12.09 15:48:33.616,10.74422,10.74711,0.00,0.00
2015.12.09 15:48:35.312,10.74391,10.74611,0.00,0.00
2015.12.09 15:48:35.363,10.74341,10.74611,0.00,0.00
2015.12.09 15:48:35.512,10.74349,10.74661,0.00,0.00
2015.12.09 15:48:35.613,10.74341,10.74612,0.00,0.00
2015.12.09 15:48:35.664,10.74321,10.74612,0.00,0.00
2015.12.09 15:48:36.410,10.74311,10.74612,0.00,0.00
2015.12.09 15:48:36.726,10.74322,10.74612,0.00,0.00
2015.12.09 15:48:37.063,10.74292,10.74561,0.00,0.00
2015.12.09 15:48:37.113,10.74278,10.74561,0.00,0.00
2015.12.09 15:48:37.164,10.74272,10.74561,0.00,0.00
2015.12.09 15:48:38.080,10.74261,10.74561,0.00,0.00
2015.12.09 15:48:38.931,10.74258,10.74512,0.00,0.00
2015.12.09 15:48:38.982,10.74222,10.74512,0.00,0.00
2015.12.09 15:48:39.184,10.74229,10.74512,0.00,0.00
2015.12.09 15:48:39.285,10.74222,10.74512,0.00,0.00
2015.12.09 15:48:39.339,10.74222,10.74462,0.00,0.00
2015.12.09 15:48:39.390,10.74201,10.74462,0.00,0.00
2015.12.09 15:48:39.491,10.74192,10.74462,0.00,0.00
2015.12.09 15:48:39.824,10.74171,10.74462,0.00,0.00
2015.12.09 15:48:40.472,10.74199,10.74511,0.00,0.00
2015.12.09 15:48:40.583,10.74188,10.74462,0.00,0.00
2015.12.09 15:48:40.684,10.74179,10.74462,0.00,0.00
2015.12.09 15:48:40.735,10.74192,10.74462,0.00,0.00
2015.12.09 15:48:41.627,10.74129,10.74412,0.00,0.00
2015.12.09 15:48:41.737,10.74122,10.74412,0.00,0.00
2015.12.09 15:48:41.939,10.74098,10.74412,0.00,0.00
2015.12.09 15:48:42.141,10.74098,10.7437,0.00,0.00
2015.12.09 15:48:42.393,10.74048,10.74362,0.00,0.00
2015.12.09 15:48:42.444,10.74021,10.74311,0.00,0.00
2015.12.09 15:48:43.209,10.74048,10.74361,0.00,0.00
2015.12.09 15:48:43.511,10.74048,10.74299,0.00,0.00
2015.12.09 15:48:43.714,10.73898,10.74198,0.00,0.00
2015.12.09 15:48:43.764,10.73891,10.74162,0.00,0.00
2015.12.09 15:48:44.016,10.73751,10.74031,0.00,0.00
2015.12.09 15:48:44.264,10.73752,10.73982,0.00,0.00
2015.12.09 15:48:44.466,10.73721,10.73981,0.00,0.00
2015.12.09 15:48:44.516,10.73721,10.73931,0.00,0.00
2015.12.09 15:48:44.567,10.73701,10.73931,0.00,0.00
2015.12.09 15:48:44.768,10.73672,10.73931,0.00,0.00
2015.12.09 15:48:44.885,10.73691,10.73931,0.00,0.00
2015.12.09 15:48:45.202,10.73691,10.73832,0.00,0.00
2015.12.09 15:48:45.304,10.73691,10.73881,0.00,0.00
2015.12.09 15:48:45.715,10.73691,10.73931,0.00,0.00
2015.12.09 15:48:45.766,10.73691,10.73881,0.00,0.00
2015.12.09 15:48:45.867,10.73691,10.73931,0.00,0.00
2015.12.09 15:48:45.967,10.73729,10.73932,0.00,0.00
2015.12.09 15:48:46.068,10.73719,10.73932,0.00,0.00
2015.12.09 15:48:46.119,10.73739,10.73932,0.00,0.00
2015.12.09 15:48:46.270,10.73739,10.7398,0.00,0.00
2015.12.09 15:48:46.321,10.7372,10.7398,0.00,0.00
2015.12.09 15:48:46.371,10.73749,10.73982,0.00,0.00
2015.12.09 15:48:46.523,10.73738,10.73982,0.00,0.00
2015.12.09 15:48:46.690,10.73732,10.73982,0.00,0.00
2015.12.09 15:48:46.842,10.73732,10.74031,0.00,0.00
2015.12.09 15:48:46.893,10.73749,10.74031,0.00,0.00
2015.12.09 15:48:47.003,10.73741,10.74031,0.00,0.00
2015.12.09 15:48:47.053,10.73741,10.73981,0.00,0.00
2015.12.09 15:48:47.362,10.73701,10.73931,0.00,0.00
2015.12.09 15:48:47.615,10.73698,10.73931,0.00,0.00
2015.12.09 15:48:47.716,10.73689,10.73931,0.00,0.00
2015.12.09 15:48:48.018,10.73729,10.73931,0.00,0.00
2015.12.09 15:48:48.321,10.73678,10.73831,0.00,0.00
2015.12.09 15:48:48.422,10.73669,10.73831,0.00,0.00
2015.12.09 15:48:48.473,10.73669,10.73842,0.00,0.00
2015.12.09 15:48:48.524,10.73649,10.73842,0.00,0.00
2015.12.09 15:48:48.683,10.73649,10.73912,0.00,0.00
2015.12.09 15:48:48.982,10.73659,10.73912,0.00,0.00
2015.12.09 15:48:49.307,10.73638,10.73912,0.00,0.00
2015.12.09 15:48:49.621,10.73658,10.73912,0.00,0.00
2015.12.09 15:48:49.922,10.73648,10.73912,0.00,0.00
2015.12.09 15:48:50.687,10.73658,10.73912,0.00,0.00
2015.12.09 15:48:51.077,10.73658,10.739,0.00,0.00
2015.12.09 15:48:51.229,10.73599,10.73911,0.00,0.00
2015.12.09 15:48:51.329,10.73628,10.73912,0.00,0.00
2015.12.09 15:48:51.632,10.73618,10.73912,0.00,0.00
2015.12.09 15:48:51.733,10.73648,10.73912,0.00,0.00
2015.12.09 15:48:52.069,10.73669,10.73912,0.00,0.00
2015.12.09 15:48:52.119,10.73619,10.73912,0.00,0.00
2015.12.09 15:48:52.223,10.7365,10.73912,0.00,0.00
2015.12.09 15:48:52.533,10.73638,10.73912,0.00,0.00
2015.12.09 15:48:52.634,10.73628,10.73912,0.00,0.00
2015.12.09 15:48:52.735,10.73648,10.73912,0.00,0.00
2015.12.09 15:48:52.889,10.73638,10.73912,0.00,0.00
2015.12.09 15:48:53.262,10.73659,10.73912,0.00,0.00
2015.12.09 15:48:53.586,10.73678,10.73912,0.00,0.00
2015.12.09 15:48:53.637,10.73648,10.73912,0.00,0.00
2015.12.09 15:48:53.738,10.73679,10.73912,0.00,0.00
2015.12.09 15:48:53.791,10.73648,10.73912,0.00,0.00
2015.12.09 15:48:54.040,10.73629,10.73912,0.00,0.00
2015.12.09 15:48:54.090,10.73629,10.73861,0.00,0.00
2015.12.09 15:48:54.141,10.73618,10.73861,0.00,0.00
2015.12.09 15:48:54.243,10.73571,10.73861,0.00,0.00
2015.12.09 15:48:54.344,10.73608,10.73911,0.00,0.00
2015.12.09 15:48:54.394,10.73648,10.73912,0.00,0.00
2015.12.09 15:48:54.601,10.73619,10.73912,0.00,0.00
2015.12.09 15:48:54.709,10.73608,10.73912,0.00,0.00
2015.12.09 15:48:54.829,10.73608,10.73839,0.00,0.00
2015.12.09 15:48:54.931,10.73499,10.73759,0.00,0.00
2015.12.09 15:48:55.032,10.73499,10.73729,0.00,0.00
2015.12.09 15:48:55.083,10.73458,10.73712,0.00,0.00
2015.12.09 15:48:55.134,10.73419,10.73712,0.00,0.00
2015.12.09 15:48:55.243,10.73439,10.73712,0.00,0.00
2015.12.09 15:48:55.546,10.73381,10.73612,0.00,0.00
2015.12.09 15:48:55.647,10.73409,10.73712,0.00,0.00
2015.12.09 15:48:55.854,10.7343,10.73712,0.00,0.00
2015.12.09 15:48:55.955,10.73398,10.73712,0.00,0.00
2015.12.09 15:48:56.056,10.73448,10.73751,0.00,0.00
2015.12.09 15:48:56.308,10.73348,10.73662,0.00,0.00
2015.12.09 15:48:56.359,10.73348,10.73638,0.00,0.00
2015.12.09 15:48:56.409,10.73302,10.73612,0.00,0.00
2015.12.09 15:48:56.598,10.73318,10.73612,0.00,0.00
2015.12.09 15:48:56.851,10.73308,10.73612,0.00,0.00
2015.12.09 15:48:56.902,10.73302,10.73612,0.00,0.00
2015.12.09 15:48:57.104,10.73319,10.73612,0.00,0.00
2015.12.09 15:48:57.205,10.73302,10.73612,0.00,0.00
2015.12.09 15:48:57.306,10.73309,10.73612,0.00,0.00
2015.12.09 15:48:57.638,10.73398,10.73712,0.00,0.00
2015.12.09 15:48:57.701,10.73419,10.73712,0.00,0.00
2015.12.09 15:48:58.005,10.73359,10.73661,0.00,0.00
2015.12.09 15:48:58.056,10.73398,10.73711,0.00,0.00
2015.12.09 15:48:58.157,10.73498,10.73781,0.00,0.00
2015.12.09 15:48:58.208,10.73498,10.73811,0.00,0.00
2015.12.09 15:48:58.443,10.73508,10.73812,0.00,0.00
2015.12.09 15:48:58.796,10.73529,10.73812,0.00,0.00
2015.12.09 15:48:58.949,10.73498,10.73812,0.00,0.00
2015.12.09 15:48:59.225,10.73498,10.73761,0.00,0.00
2015.12.09 15:48:59.377,10.73401,10.73679,0.00,0.00
2015.12.09 15:48:59.428,10.73401,10.73671,0.00,0.00
2015.12.09 15:48:59.629,10.73398,10.73669,0.00,0.00
2015.12.09 15:48:59.806,10.73409,10.73669,0.00,0.00
2015.12.09 15:49:00.208,10.73399,10.73669,0.00,0.00
2015.12.09 15:49:00.404,10.73439,10.73669,0.00,0.00
2015.12.09 15:49:00.455,10.73429,10.73669,0.00,0.00
2015.12.09 15:49:00.556,10.73402,10.73669,0.00,0.00
2015.12.09 15:49:00.608,10.73418,10.73669,0.00,0.00
2015.12.09 15:49:00.908,10.73402,10.73669,0.00,0.00
2015.12.09 15:49:01.410,10.73408,10.73669,0.00,0.00
2015.12.09 15:49:01.743,10.7346,10.73668,0.00,0.00
2015.12.09 15:49:01.894,10.7346,10.73762,0.00,0.00
2015.12.09 15:49:01.945,10.73508,10.73762,0.00,0.00
2015.12.09 15:49:01.995,10.73508,10.73768,0.00,0.00
2015.12.09 15:49:02.110,10.73498,10.73768,0.00,0.00
2015.12.09 15:49:02.211,10.73508,10.73768,0.00,0.00
2015.12.09 15:49:02.815,10.73498,10.73768,0.00,0.00
2015.12.09 15:49:03.209,10.73492,10.73761,0.00,0.00
2015.12.09 15:49:03.463,10.73518,10.73799,0.00,0.00
2015.12.09 15:49:03.514,10.73529,10.73799,0.00,0.00
2015.12.09 15:49:03.615,10.73508,10.73799,0.00,0.00
2015.12.09 15:49:03.716,10.73528,10.73799,0.00,0.00
2015.12.09 15:49:04.014,10.73518,10.73799,0.00,0.00
2015.12.09 15:49:04.257,10.7356,10.73799,0.00,0.00
2015.12.09 15:49:04.307,10.7356,10.73861,0.00,0.00
2015.12.09 15:49:04.358,10.73591,10.73861,0.00,0.00
2015.12.09 15:49:04.411,10.73598,10.7388,0.00,0.00
2015.12.09 15:49:04.614,10.73598,10.73888,0.00,0.00
2015.12.09 15:49:04.767,10.7364,10.73888,0.00,0.00
2015.12.09 15:49:04.867,10.73618,10.73888,0.00,0.00
2015.12.09 15:49:05.044,10.73618,10.73918,0.00,0.00
2015.12.09 15:49:05.405,10.7366,10.73918,0.00,0.00
2015.12.09 15:49:05.456,10.73628,10.73918,0.00,0.00
2015.12.09 15:49:05.666,10.73618,10.73918,0.00,0.00
2015.12.09 15:49:07.604,10.73619,10.73918,0.00,0.00
2015.12.09 15:49:07.705,10.7362,10.73932,0.00,0.00
2015.12.09 15:49:07.755,10.73719,10.7395,0.00,0.00
2015.12.09 15:49:07.806,10.73719,10.74001,0.00,0.00
2015.12.09 15:49:07.857,10.73719,10.74008,0.00,0.00
2015.12.09 15:49:08.369,10.73719,10.74031,0.00,0.00
2015.12.09 15:49:08.524,10.73719,10.74011,0.00,0.00
2015.12.09 15:49:08.759,10.73719,10.74031,0.00,0.00
2015.12.09 15:49:08.860,10.73719,10.74011,0.00,0.00
2015.12.09 15:49:09.340,10.73719,10.73992,0.00,0.00
2015.12.09 15:49:09.551,10.73668,10.73982,0.00,0.00
2015.12.09 15:49:09.652,10.73668,10.73972,0.00,0.00
2015.12.09 15:49:09.753,10.73619,10.73931,0.00,0.00
2015.12.09 15:49:09.804,10.73668,10.73962,0.00,0.00
2015.12.09 15:49:09.854,10.73668,10.73981,0.00,0.00
2015.12.09 15:49:10.376,10.73668,10.73982,0.00,0.00
2015.12.09 15:49:10.982,10.73689,10.73982,0.00,0.00
2015.12.09 15:49:11.033,10.73718,10.74031,0.00,0.00
2015.12.09 15:49:11.184,10.7372,10.74032,0.00,0.00
2015.12.09 15:49:11.487,10.73792,10.74082,0.00,0.00
2015.12.09 15:49:11.688,10.73818,10.74132,0.00,0.00
2015.12.09 15:49:12.301,10.73818,10.74089,0.00,0.00
2015.12.09 15:49:12.352,10.73801,10.74082,0.00,0.00
2015.12.09 15:49:12.403,10.73768,10.7408,0.00,0.00
2015.12.09 15:49:12.554,10.73719,10.74031,0.00,0.00
2015.12.09 15:49:12.806,10.73768,10.74082,0.00,0.00
2015.12.09 15:49:13.995,10.73818,10.74128,0.00,0.00
2015.12.09 15:49:14.105,10.73818,10.74132,0.00,0.00
2015.12.09 15:49:14.206,10.73868,10.74161,0.00,0.00
2015.12.09 15:49:14.256,10.73868,10.74181,0.00,0.00
2015.12.09 15:49:14.604,10.73821,10.74132,0.00,0.00
2015.12.09 15:49:15.009,10.73819,10.74132,0.00,0.00
2015.12.09 15:49:15.535,10.73818,10.74132,0.00,0.00
2015.12.09 15:49:15.686,10.73821,10.74132,0.00,0.00
2015.12.09 15:49:15.981,10.73818,10.74132,0.00,0.00
2015.12.09 15:49:16.236,10.73818,10.7413,0.00,0.00
2015.12.09 15:49:16.538,10.73822,10.741,0.00,0.00
2015.12.09 15:49:16.855,10.73822,10.74081,0.00,0.00
2015.12.09 15:49:17.055,10.73779,10.74081,0.00,0.00
2015.12.09 15:49:17.115,10.73789,10.74081,0.00,0.00
2015.12.09 15:49:17.216,10.73822,10.74131,0.00,0.00
2015.12.09 15:49:17.468,10.73839,10.74131,0.00,0.00
2015.12.09 15:49:17.819,10.73848,10.74131,0.00,0.00
2015.12.09 15:49:18.242,10.73859,10.74131,0.00,0.00
2015.12.09 15:49:18.393,10.73868,10.74182,0.00,0.00
2015.12.09 15:49:18.444,10.73878,10.74182,0.00,0.00
2015.12.09 15:49:18.747,10.73888,10.74181,0.00,0.00
2015.12.09 15:49:18.848,10.73918,10.74229,0.00,0.00
2015.12.09 15:49:18.899,10.73918,10.74232,0.00,0.00
2015.12.09 15:49:19.024,10.73918,10.74201,0.00,0.00
2015.12.09 15:49:19.125,10.73918,10.74211,0.00,0.00
2015.12.09 15:49:19.225,10.73918,10.74231,0.00,0.00
2015.12.09 15:49:19.676,10.73928,10.74232,0.00,0.00
2015.12.09 15:49:19.989,10.73918,10.74232,0.00,0.00
2015.12.09 15:49:20.290,10.73922,10.74232,0.00,0.00
2015.12.09 15:49:20.619,10.73929,10.74232,0.00,0.00
2015.12.09 15:49:20.949,10.73918,10.74232,0.00,0.00
2015.12.09 15:49:21.302,10.73949,10.74232,0.00,0.00
2015.12.09 15:49:21.503,10.73922,10.74232,0.00,0.00
2015.12.09 15:49:21.604,10.73928,10.74232,0.00,0.00
2015.12.09 15:49:21.911,10.73948,10.74232,0.00,0.00
2015.12.09 15:49:22.300,10.73928,10.74232,0.00,0.00
2015.12.09 15:49:22.401,10.73968,10.74232,0.00,0.00
2015.12.09 15:49:22.501,10.73948,10.74232,0.00,0.00
2015.12.09 15:49:22.602,10.73921,10.74232,0.00,0.00
2015.12.09 15:49:22.653,10.73921,10.74218,0.00,0.00
2015.12.09 15:49:22.905,10.73821,10.74119,0.00,0.00
2015.12.09 15:49:22.956,10.73819,10.74081,0.00,0.00
2015.12.09 15:49:23.107,10.73759,10.74031,0.00,0.00
2015.12.09 15:49:23.706,10.73768,10.74031,0.00,0.00
2015.12.09 15:49:24.071,10.73759,10.74031,0.00,0.00
2015.12.09 15:49:24.414,10.73778,10.74031,0.00,0.00
2015.12.09 15:49:24.464,10.7376,10.74031,0.00,0.00
2015.12.09 15:49:24.767,10.7376,10.7402,0.00,0.00
2015.12.09 15:49:24.870,10.73759,10.74031,0.00,0.00
2015.12.09 15:49:25.016,10.73788,10.74041,0.00,0.00
2015.12.09 15:49:25.117,10.73788,10.74089,0.00,0.00
2015.12.09 15:49:25.168,10.73829,10.74102,0.00,0.00
2015.12.09 15:49:25.219,10.73829,10.7411,0.00,0.00
2015.12.09 15:49:25.269,10.73849,10.7411,0.00,0.00
2015.12.09 15:49:25.370,10.73819,10.7411,0.00,0.00
2015.12.09 15:49:25.471,10.73828,10.74111,0.00,0.00
2015.12.09 15:49:25.522,10.73828,10.74121,0.00,0.00
2015.12.09 15:49:25.623,10.73818,10.74121,0.00,0.00
2015.12.09 15:49:25.673,10.73848,10.74121,0.00,0.00
2015.12.09 15:49:25.969,10.73829,10.74121,0.00,0.00
2015.12.09 15:49:26.155,10.73818,10.74121,0.00,0.00
2015.12.09 15:49:26.370,10.73828,10.74121,0.00,0.00
2015.12.09 15:49:26.611,10.73809,10.74121,0.00,0.00
2015.12.09 15:49:26.662,10.73858,10.74151,0.00,0.00
2015.12.09 15:49:26.712,10.73858,10.74171,0.00,0.00
2015.12.09 15:49:26.818,10.73888,10.74171,0.00,0.00
2015.12.09 15:49:26.919,10.73908,10.7421,0.00,0.00
2015.12.09 15:49:26.973,10.73938,10.7421,0.00,0.00
2015.12.09 15:49:27.023,10.73938,10.74222,0.00,0.00
2015.12.09 15:49:27.202,10.73908,10.74222,0.00,0.00
2015.12.09 15:49:27.468,10.73928,10.74222,0.00,0.00
2015.12.09 15:49:27.811,10.73959,10.74151,0.00,0.00
2015.12.09 15:49:27.862,10.73928,10.74151,0.00,0.00
2015.12.09 15:49:27.912,10.73958,10.74151,0.00,0.00
2015.12.09 15:49:27.975,10.73888,10.74151,0.00,0.00
2015.12.09 15:49:28.076,10.73858,10.74151,0.00,0.00
2015.12.09 15:49:28.179,10.73859,10.74122,0.00,0.00
2015.12.09 15:49:28.481,10.73721,10.73978,0.00,0.00
2015.12.09 15:49:28.679,10.73709,10.73972,0.00,0.00
2015.12.09 15:49:28.730,10.73708,10.74009,0.00,0.00
2015.12.09 15:49:28.831,10.7373,10.74022,0.00,0.00
2015.12.09 15:49:29.133,10.73788,10.74051,0.00,0.00
2015.12.09 15:49:29.184,10.73738,10.74042,0.00,0.00
2015.12.09 15:49:29.235,10.73738,10.7404,0.00,0.00
2015.12.09 15:49:29.285,10.73728,10.7404,0.00,0.00
2015.12.09 15:49:29.336,10.73728,10.7403,0.00,0.00
2015.12.09 15:49:29.714,10.73738,10.74031,0.00,0.00
2015.12.09 15:49:29.780,10.73728,10.74031,0.00,0.00
2015.12.09 15:49:30.416,10.73728,10.74041,0.00,0.00
2015.12.09 15:49:30.517,10.73748,10.74041,0.00,0.00
2015.12.09 15:49:30.583,10.73728,10.74041,0.00,0.00
2015.12.09 15:49:30.883,10.73738,10.74041,0.00,0.00
2015.12.09 15:49:31.198,10.73749,10.74041,0.00,0.00
2015.12.09 15:49:31.501,10.73648,10.73942,0.00,0.00
2015.12.09 15:49:31.602,10.73639,10.73942,0.00,0.00
2015.12.09 15:49:31.823,10.73669,10.73942,0.00,0.00
2015.12.09 15:49:31.886,10.73639,10.73942,0.00,0.00
2015.12.09 15:49:31.987,10.73669,10.73942,0.00,0.00
2015.12.09 15:49:32.088,10.73632,10.73942,0.00,0.00
2015.12.09 15:49:32.189,10.73638,10.73941,0.00,0.00
2015.12.09 15:49:32.415,10.73632,10.73942,0.00,0.00
2015.12.09 15:49:32.465,10.73628,10.73931,0.00,0.00
2015.12.09 15:49:32.667,10.73628,10.7394,0.00,0.00
2015.12.09 15:49:32.718,10.73658,10.7394,0.00,0.00
2015.12.09 15:49:32.769,10.73658,10.73942,0.00,0.00
2015.12.09 15:49:32.820,10.73678,10.73942,0.00,0.00
2015.12.09 15:49:33.292,10.73648,10.73942,0.00,0.00
2015.12.09 15:49:33.745,10.73648,10.73931,0.00,0.00
2015.12.09 15:49:33.795,10.73639,10.73931,0.00,0.00
2015.12.09 15:49:33.846,10.73639,10.73941,0.00,0.00
2015.12.09 15:49:33.947,10.73628,10.73942,0.00,0.00
2015.12.09 15:49:33.997,10.73638,10.73888,0.00,0.00
2015.12.09 15:49:34.149,10.73558,10.73842,0.00,0.00
2015.12.09 15:49:34.297,10.73548,10.73842,0.00,0.00
2015.12.09 15:49:34.403,10.73568,10.73842,0.00,0.00
2015.12.09 15:49:34.504,10.73549,10.73842,0.00,0.00
2015.12.09 15:49:34.893,10.73598,10.73842,0.00,0.00
2015.12.09 15:49:34.944,10.73569,10.73842,0.00,0.00
2015.12.09 15:49:35.108,10.73549,10.73842,0.00,0.00
2015.12.09 15:49:35.209,10.73538,10.73842,0.00,0.00
2015.12.09 15:49:35.311,10.73558,10.73842,0.00,0.00
2015.12.09 15:49:35.613,10.73619,10.73881,0.00,0.00
2015.12.09 15:49:36.040,10.73629,10.73861,0.00,0.00
2015.12.09 15:49:36.142,10.73599,10.73842,0.00,0.00
2015.12.09 15:49:36.198,10.73569,10.73842,0.00,0.00
2015.12.09 15:49:36.299,10.73559,10.73842,0.00,0.00
2015.12.09 15:49:36.400,10.73599,10.73842,0.00,0.00
2015.12.09 15:49:36.661,10.73609,10.73892,0.00,0.00
2015.12.09 15:49:36.711,10.73618,10.73892,0.00,0.00
2015.12.09 15:49:36.762,10.73629,10.73941,0.00,0.00
2015.12.09 15:49:36.813,10.73678,10.73941,0.00,0.00
2015.12.09 15:49:37.131,10.73689,10.73941,0.00,0.00
2015.12.09 15:49:37.232,10.73659,10.73941,0.00,0.00
2015.12.09 15:49:37.333,10.73699,10.73941,0.00,0.00
2015.12.09 15:49:37.434,10.73648,10.73941,0.00,0.00
2015.12.09 15:49:37.535,10.73659,10.73941,0.00,0.00
2015.12.09 15:49:37.812,10.73629,10.73941,0.00,0.00
2015.12.09 15:49:37.862,10.73629,10.73931,0.00,0.00
2015.12.09 15:49:38.368,10.73629,10.73941,0.00,0.00
2015.12.09 15:49:38.418,10.73679,10.73891,0.00,0.00
2015.12.09 15:49:38.620,10.73588,10.7388,0.00,0.00
2015.12.09 15:49:38.671,10.73588,10.73841,0.00,0.00
2015.12.09 15:49:38.908,10.73569,10.73841,0.00,0.00
2015.12.09 15:49:39.009,10.73559,10.73841,0.00,0.00
2015.12.09 15:49:39.110,10.73608,10.73841,0.00,0.00
2015.12.09 15:49:39.280,10.73578,10.73841,0.00,0.00
2015.12.09 15:49:39.331,10.73568,10.73841,0.00,0.00
2015.12.09 15:49:39.822,10.73579,10.73841,0.00,0.00
2015.12.09 15:49:40.158,10.73608,10.73841,0.00,0.00
2015.12.09 15:49:40.212,10.73559,10.73841,0.00,0.00
2015.12.09 15:49:40.469,10.73588,10.73881,0.00,0.00
2015.12.09 15:49:40.621,10.73599,10.7388,0.00,0.00
2015.12.09 15:49:40.924,10.73588,10.73851,0.00,0.00
2015.12.09 15:49:41.226,10.73538,10.7376,0.00,0.00
2015.12.09 15:49:41.277,10.73539,10.73781,0.00,0.00
2015.12.09 15:49:41.428,10.73548,10.73781,0.00,0.00
2015.12.09 15:49:41.704,10.73539,10.73819,0.00,0.00
2015.12.09 15:49:41.755,10.73539,10.73841,0.00,0.00
2015.12.09 15:49:41.805,10.73539,10.73786,0.00,0.00
2015.12.09 15:49:41.907,10.73539,10.73818,0.00,0.00
2015.12.09 15:49:42.008,10.73539,10.73806,0.00,0.00
2015.12.09 15:49:42.209,10.73538,10.73829,0.00,0.00
2015.12.09 15:49:42.538,10.73548,10.73829,0.00,0.00
2015.12.09 15:49:42.639,10.73539,10.73829,0.00,0.00
2015.12.09 15:49:42.752,10.73568,10.73829,0.00,0.00
2015.12.09 15:49:43.029,10.73549,10.73829,0.00,0.00
2015.12.09 15:49:43.130,10.73538,10.73794,0.00,0.00
2015.12.09 15:49:43.231,10.73488,10.73785,0.00,0.00
2015.12.09 15:49:43.581,10.73488,10.73765,0.00,0.00
2015.12.09 15:49:43.924,10.73469,10.73706,0.00,0.00
2015.12.09 15:49:44.126,10.73438,10.73696,0.00,0.00
2015.12.09 15:49:44.389,10.73459,10.73711,0.00,0.00
2015.12.09 15:49:44.439,10.73438,10.73711,0.00,0.00
2015.12.09 15:49:44.490,10.73489,10.73751,0.00,0.00
2015.12.09 15:49:44.792,10.73508,10.73758,0.00,0.00
2015.12.09 15:49:45.129,10.73489,10.73746,0.00,0.00
2015.12.09 15:49:45.497,10.73489,10.73758,0.00,0.00
2015.12.09 15:49:45.718,10.73509,10.73758,0.00,0.00
2015.12.09 15:49:45.769,10.73489,10.73758,0.00,0.00
2015.12.09 15:49:46.059,10.73508,10.73758,0.00,0.00
2015.12.09 15:49:46.160,10.73489,10.73758,0.00,0.00
2015.12.09 15:49:47.419,10.73489,10.7377,0.00,0.00
2015.12.09 15:49:47.470,10.73539,10.7379,0.00,0.00
2015.12.09 15:49:47.571,10.73539,10.73851,0.00,0.00
2015.12.09 15:49:47.672,10.73589,10.73851,0.00,0.00
2015.12.09 15:49:47.773,10.73589,10.73859,0.00,0.00
2015.12.09 15:49:48.001,10.73589,10.7377,0.00,0.00
2015.12.09 15:49:48.051,10.73538,10.73781,0.00,0.00
2015.12.09 15:49:48.228,10.73488,10.73761,0.00,0.00
2015.12.09 15:49:48.433,10.73488,10.73771,0.00,0.00
2015.12.09 15:49:48.535,10.73488,10.73781,0.00,0.00
2015.12.09 15:49:48.760,10.73438,10.73729,0.00,0.00
2015.12.09 15:49:49.338,10.73428,10.73702,0.00,0.00
2015.12.09 15:49:49.541,10.73489,10.73768,0.00,0.00
2015.12.09 15:49:51.162,10.73459,10.73768,0.00,0.00
2015.12.09 15:49:52.205,10.73459,10.7376,0.00,0.00
2015.12.09 15:49:52.555,10.73459,10.737,0.00,0.00
2015.12.09 15:49:52.606,10.73459,10.73721,0.00,0.00
2015.12.09 15:49:52.707,10.73459,10.73731,0.00,0.00
2015.12.09 15:49:52.757,10.73512,10.73731,0.00,0.00
2015.12.09 15:49:52.808,10.73512,10.73752,0.00,0.00
2015.12.09 15:49:52.859,10.73512,10.73761,0.00,0.00
2015.12.09 15:49:53.104,10.73502,10.73768,0.00,0.00
2015.12.09 15:49:53.724,10.73522,10.73768,0.00,0.00
2015.12.09 15:49:54.050,10.73511,10.73768,0.00,0.00
2015.12.09 15:49:54.554,10.73511,10.73801,0.00,0.00
2015.12.09 15:49:54.605,10.73551,10.73811,0.00,0.00
2015.12.09 15:49:54.655,10.73551,10.73852,0.00,0.00
2015.12.09 15:49:54.805,10.73589,10.7388,0.00,0.00
2015.12.09 15:49:55.112,10.73592,10.73881,0.00,0.00
2015.12.09 15:49:55.413,10.73541,10.738,0.00,0.00
2015.12.09 15:49:55.716,10.73502,10.73741,0.00,0.00
2015.12.09 15:49:55.817,10.73488,10.7374,0.00,0.00
2015.12.09 15:49:55.918,10.73538,10.73771,0.00,0.00
2015.12.09 15:49:55.968,10.73538,10.73781,0.00,0.00
2015.12.09 15:49:56.019,10.73538,10.73791,0.00,0.00
2015.12.09 15:49:56.070,10.73538,10.73811,0.00,0.00
2015.12.09 15:49:56.517,10.73538,10.73781,0.00,0.00
2015.12.09 15:49:56.567,10.73522,10.73781,0.00,0.00
2015.12.09 15:49:56.618,10.7349,10.7378,0.00,0.00
2015.12.09 15:49:56.668,10.73539,10.7378,0.00,0.00
2015.12.09 15:49:56.769,10.73539,10.73792,0.00,0.00
2015.12.09 15:49:56.870,10.73539,10.73831,0.00,0.00
2015.12.09 15:49:57.518,10.73539,10.7383,0.00,0.00
2015.12.09 15:49:57.569,10.73589,10.7383,0.00,0.00
2015.12.09 15:49:57.620,10.73589,10.73861,0.00,0.00
2015.12.09 15:49:57.835,10.73589,10.73878,0.00,0.00
2015.12.09 15:49:57.986,10.73638,10.73878,0.00,0.00
2015.12.09 15:49:58.087,10.73638,10.73911,0.00,0.00
2015.12.09 15:49:58.239,10.73598,10.73902,0.00,0.00
2015.12.09 15:49:58.289,10.73598,10.73899,0.00,0.00
2015.12.09 15:49:58.592,10.73588,10.73861,0.00,0.00
2015.12.09 15:49:58.871,10.73588,10.7387,0.00,0.00
2015.12.09 15:49:58.924,10.73588,10.73861,0.00,0.00
2015.12.09 15:49:59.326,10.73588,10.73851,0.00,0.00
2015.12.09 15:49:59.627,10.73588,10.73841,0.00,0.00
2015.12.09 15:50:00.272,10.73588,10.7387,0.00,0.00
2015.12.09 15:50:00.556,10.73588,10.7386,0.00,0.00
2015.12.09 15:50:00.750,10.73588,10.73871,0.00,0.00
2015.12.09 15:50:00.879,10.73588,10.73861,0.00,0.00
2015.12.09 15:50:01.184,10.73488,10.7378,0.00,0.00
2015.12.09 15:50:01.723,10.73439,10.73681,0.00,0.00
2015.12.09 15:50:02.076,10.73418,10.73701,0.00,0.00
2015.12.09 15:50:02.127,10.73411,10.73701,0.00,0.00
2015.12.09 15:50:02.178,10.73439,10.73701,0.00,0.00
2015.12.09 15:50:02.278,10.73489,10.73752,0.00,0.00
2015.12.09 15:50:02.329,10.73489,10.73761,0.00,0.00
2015.12.09 15:50:02.481,10.73489,10.73779,0.00,0.00
2015.12.09 15:50:02.632,10.73448,10.73752,0.00,0.00
2015.12.09 15:50:02.683,10.73439,10.73681,0.00,0.00
2015.12.09 15:50:02.784,10.73389,10.73681,0.00,0.00
2015.12.09 15:50:02.885,10.73389,10.73671,0.00,0.00
2015.12.09 15:50:03.223,10.7319,10.73462,0.00,0.00
2015.12.09 15:50:03.273,10.73179,10.73461,0.00,0.00
2015.12.09 15:50:03.324,10.73188,10.73461,0.00,0.00
2015.12.09 15:50:03.627,10.73212,10.73512,0.00,0.00
2015.12.09 15:50:03.678,10.73229,10.73512,0.00,0.00
2015.12.09 15:50:03.980,10.73339,10.73611,0.00,0.00
2015.12.09 15:50:04.031,10.73298,10.73611,0.00,0.00
2015.12.09 15:50:04.082,10.73288,10.73562,0.00,0.00
2015.12.09 15:50:04.133,10.73269,10.73562,0.00,0.00
2015.12.09 15:50:04.335,10.73238,10.73511,0.00,0.00
2015.12.09 15:50:04.497,10.73229,10.73511,0.00,0.00
2015.12.09 15:50:04.600,10.73218,10.73461,0.00,0.00
2015.12.09 15:50:04.801,10.73159,10.73461,0.00,0.00
2015.12.09 15:50:04.852,10.73199,10.73411,0.00,0.00
2015.12.09 15:50:04.953,10.73201,10.73512,0.00,0.00
2015.12.09 15:50:05.004,10.73228,10.73512,0.00,0.00
2015.12.09 15:50:05.410,10.73102,10.73362,0.00,0.00
2015.12.09 15:50:05.511,10.73101,10.7338,0.00,0.00
2015.12.09 15:50:05.613,10.73114,10.73381,0.00,0.00
2015.12.09 15:50:05.663,10.73114,10.73411,0.00,0.00
2015.12.09 15:50:05.715,10.73133,10.73362,0.00,0.00
2015.12.09 15:50:05.816,10.7306,10.73358,0.00,0.00
2015.12.09 15:50:05.867,10.73058,10.73358,0.00,0.00
2015.12.09 15:50:05.917,10.73063,10.73311,0.00,0.00
2015.12.09 15:50:06.350,10.73063,10.73212,0.00,0.00
2015.12.09 15:50:06.407,10.72948,10.73212,0.00,0.00
2015.12.09 15:50:06.508,10.72963,10.73212,0.00,0.00
2015.12.09 15:50:06.811,10.72509,10.72771,0.00,0.00
2015.12.09 15:50:06.912,10.72613,10.72901,0.00,0.00
2015.12.09 15:50:06.962,10.72613,10.72819,0.00,0.00
2015.12.09 15:50:07.165,10.7254,10.72862,0.00,0.00
2015.12.09 15:50:07.327,10.72564,10.72862,0.00,0.00
2015.12.09 15:50:07.630,10.72564,10.7283,0.00,0.00
2015.12.09 15:50:07.832,10.72508,10.7277,0.00,0.00
2015.12.09 15:50:07.882,10.72488,10.72732,0.00,0.00
2015.12.09 15:50:07.933,10.72478,10.72732,0.00,0.00
2015.12.09 15:50:08.034,10.72483,10.72732,0.00,0.00
2015.12.09 15:50:08.135,10.72479,10.72731,0.00,0.00
2015.12.09 15:50:08.236,10.72484,10.72732,0.00,0.00
2015.12.09 15:50:08.528,10.72468,10.72732,0.00,0.00
2015.12.09 15:50:08.579,10.72468,10.72681,0.00,0.00
2015.12.09 15:50:08.630,10.72458,10.72681,0.00,0.00
2015.12.09 15:50:08.681,10.72458,10.72641,0.00,0.00
2015.12.09 15:50:08.832,10.72389,10.72642,0.00,0.00
2015.12.09 15:50:08.883,10.72389,10.72581,0.00,0.00
2015.12.09 15:50:08.984,10.72388,10.72609,0.00,0.00
2015.12.09 15:50:09.035,10.72339,10.72611,0.00,0.00
2015.12.09 15:50:09.135,10.72369,10.72661,0.00,0.00
2015.12.09 15:50:09.186,10.72339,10.72611,0.00,0.00
2015.12.09 15:50:09.438,10.72388,10.72661,0.00,0.00
2015.12.09 15:50:09.539,10.72398,10.7266,0.00,0.00
2015.12.09 15:50:09.710,10.7234,10.7266,0.00,0.00
2015.12.09 15:50:09.761,10.72378,10.7264,0.00,0.00
2015.12.09 15:50:10.079,10.72368,10.7258,0.00,0.00
2015.12.09 15:50:10.129,10.72348,10.7258,0.00,0.00
2015.12.09 15:50:10.186,10.72348,10.7253,0.00,0.00
2015.12.09 15:50:10.236,10.72338,10.7253,0.00,0.00
2015.12.09 15:50:10.287,10.72338,10.72471,0.00,0.00
2015.12.09 15:50:10.338,10.72288,10.72471,0.00,0.00
2015.12.09 15:50:10.439,10.72228,10.7248,0.00,0.00
2015.12.09 15:50:10.540,10.7223,10.7254,0.00,0.00
2015.12.09 15:50:10.590,10.72239,10.72521,0.00,0.00
2015.12.09 15:50:10.912,10.72328,10.7254,0.00,0.00
2015.12.09 15:50:10.963,10.72278,10.72501,0.00,0.00
2015.12.09 15:50:11.014,10.72309,10.725,0.00,0.00
2015.12.09 15:50:11.121,10.72278,10.7248,0.00,0.00
2015.12.09 15:50:11.223,10.72258,10.7248,0.00,0.00
2015.12.09 15:50:11.324,10.72198,10.7246,0.00,0.00
2015.12.09 15:50:11.427,10.72229,10.72351,0.00,0.00
2015.12.09 15:50:11.528,10.72099,10.72331,0.00,0.00
2015.12.09 15:50:11.630,10.72058,10.7218,0.00,0.00
2015.12.09 15:50:11.731,10.71938,10.72181,0.00,0.00
2015.12.09 15:50:11.833,10.71898,10.72111,0.00,0.00
2015.12.09 15:50:12.094,10.71993,10.72251,0.00,0.00
2015.12.09 15:50:12.145,10.71989,10.72211,0.00,0.00
2015.12.09 15:50:12.246,10.71968,10.72211,0.00,0.00
2015.12.09 15:50:12.297,10.71968,10.72251,0.00,0.00
2015.12.09 15:50:12.348,10.71983,10.72251,0.00,0.00
2015.12.09 15:50:12.549,10.72068,10.72371,0.00,0.00
2015.12.09 15:50:12.600,10.72068,10.72392,0.00,0.00
2015.12.09 15:50:12.650,10.72184,10.72411,0.00,0.00
2015.12.09 15:50:12.751,10.72168,10.72411,0.00,0.00
2015.12.09 15:50:12.802,10.72185,10.72502,0.00,0.00
2015.12.09 15:50:12.853,10.72214,10.72509,0.00,0.00
2015.12.09 15:50:13.160,10.72243,10.7241,0.00,0.00
2015.12.09 15:50:13.211,10.72128,10.72401,0.00,0.00
2015.12.09 15:50:13.262,10.72108,10.72401,0.00,0.00
2015.12.09 15:50:13.312,10.72114,10.72401,0.00,0.00
2015.12.09 15:50:13.615,10.72174,10.72481,0.00,0.00
2015.12.09 15:50:13.665,10.72203,10.72481,0.00,0.00
2015.12.09 15:50:13.968,10.72274,10.72492,0.00,0.00
2015.12.09 15:50:14.069,10.72248,10.7248,0.00,0.00
2015.12.09 15:50:14.120,10.72248,10.72441,0.00,0.00
2015.12.09 15:50:14.170,10.72238,10.72441,0.00,0.00
2015.12.09 15:50:14.221,10.72238,10.72351,0.00,0.00
2015.12.09 15:50:14.427,10.72099,10.7233,0.00,0.00
2015.12.09 15:50:14.480,10.72108,10.7233,0.00,0.00
2015.12.09 15:50:14.531,10.72079,10.7232,0.00,0.00
2015.12.09 15:50:14.761,10.72089,10.72321,0.00,0.00
2015.12.09 15:50:14.963,10.72008,10.72241,0.00,0.00
2015.12.09 15:50:15.165,10.72019,10.7224,0.00,0.00
2015.12.09 15:50:15.266,10.71998,10.7223,0.00,0.00
2015.12.09 15:50:15.317,10.71998,10.72221,0.00,0.00
2015.12.09 15:50:15.468,10.71988,10.7222,0.00,0.00
2015.12.09 15:50:15.620,10.71988,10.72161,0.00,0.00
2015.12.09 15:50:15.797,10.71918,10.7216,0.00,0.00
2015.12.09 15:50:15.848,10.71899,10.7216,0.00,0.00
2015.12.09 15:50:15.915,10.71899,10.7213,0.00,0.00
2015.12.09 15:50:16.167,10.71878,10.72121,0.00,0.00
2015.12.09 15:50:16.319,10.71879,10.72091,0.00,0.00
2015.12.09 15:50:16.578,10.71829,10.7208,0.00,0.00
2015.12.09 15:50:16.679,10.7179,10.72109,0.00,0.00
2015.12.09 15:50:16.729,10.71829,10.72141,0.00,0.00
2015.12.09 15:50:17.037,10.7188,10.72141,0.00,0.00
2015.12.09 15:50:17.088,10.71918,10.72181,0.00,0.00
2015.12.09 15:50:17.189,10.71918,10.72199,0.00,0.00
2015.12.09 15:50:17.240,10.7192,10.72199,0.00,0.00
2015.12.09 15:50:17.290,10.7192,10.7221,0.00,0.00
2015.12.09 15:50:17.341,10.71939,10.72241,0.00,0.00
2015.12.09 15:50:17.392,10.71968,10.7225,0.00,0.00
2015.12.09 15:50:17.442,10.71968,10.72271,0.00,0.00
2015.12.09 15:50:17.543,10.71998,10.7228,0.00,0.00
2015.12.09 15:50:17.644,10.72068,10.7237,0.00,0.00
2015.12.09 15:50:17.773,10.72079,10.72371,0.00,0.00
2015.12.09 15:50:18.076,10.72119,10.72342,0.00,0.00
2015.12.09 15:50:18.229,10.72079,10.72342,0.00,0.00
2015.12.09 15:50:18.280,10.72098,10.72281,0.00,0.00
2015.12.09 15:50:18.331,10.72098,10.72291,0.00,0.00
2015.12.09 15:50:18.432,10.72069,10.72351,0.00,0.00
2015.12.09 15:50:18.482,10.72129,10.72351,0.00,0.00
2015.12.09 15:50:18.543,10.72108,10.72351,0.00,0.00
2015.12.09 15:50:18.593,10.72129,10.72351,0.00,0.00
2015.12.09 15:50:18.644,10.72149,10.72431,0.00,0.00
2015.12.09 15:50:18.777,10.72198,10.72431,0.00,0.00
2015.12.09 15:50:18.828,10.72239,10.72492,0.00,0.00
2015.12.09 15:50:18.929,10.72279,10.72571,0.00,0.00
2015.12.09 15:50:18.980,10.72338,10.72571,0.00,0.00
2015.12.09 15:50:19.030,10.72338,10.72581,0.00,0.00
2015.12.09 15:50:19.182,10.72349,10.7258,0.00,0.00
2015.12.09 15:50:19.448,10.72338,10.7258,0.00,0.00
2015.12.09 15:50:19.581,10.72329,10.72581,0.00,0.00
2015.12.09 15:50:19.682,10.72338,10.7258,0.00,0.00
2015.12.09 15:50:19.783,10.72309,10.7258,0.00,0.00
2015.12.09 15:50:19.884,10.72348,10.72581,0.00,0.00
2015.12.09 15:50:20.352,10.72389,10.72611,0.00,0.00
2015.12.09 15:50:20.421,10.72389,10.72681,0.00,0.00
2015.12.09 15:50:20.472,10.72428,10.72681,0.00,0.00
2015.12.09 15:50:20.790,10.72389,10.7265,0.00,0.00
2015.12.09 15:50:20.897,10.7239,10.7268,0.00,0.00
2015.12.09 15:50:20.948,10.72389,10.72671,0.00,0.00
2015.12.09 15:50:21.251,10.72399,10.72631,0.00,0.00
2015.12.09 15:50:21.302,10.72389,10.72631,0.00,0.00
2015.12.09 15:50:21.453,10.72389,10.7265,0.00,0.00
2015.12.09 15:50:21.554,10.72389,10.72641,0.00,0.00
2015.12.09 15:50:21.912,10.72399,10.72681,0.00,0.00
2015.12.09 15:50:21.963,10.72408,10.7268,0.00,0.00
2015.12.09 15:50:22.320,10.72419,10.72681,0.00,0.00
2015.12.09 15:50:22.666,10.72429,10.72681,0.00,0.00
2015.12.09 15:50:22.798,10.72408,10.7268,0.00,0.00
2015.12.09 15:50:22.899,10.72419,10.7268,0.00,0.00
2015.12.09 15:50:23.000,10.72408,10.7267,0.00,0.00
2015.12.09 15:50:23.256,10.72398,10.7266,0.00,0.00
2015.12.09 15:50:23.307,10.72389,10.7266,0.00,0.00
2015.12.09 15:50:23.474,10.72389,10.7265,0.00,0.00
2015.12.09 15:50:23.575,10.72438,10.72758,0.00,0.00
2015.12.09 15:50:23.626,10.7268,10.72802,0.00,0.00
2015.12.09 15:50:23.727,10.72889,10.73071,0.00,0.00
2015.12.09 15:50:23.778,10.72889,10.73131,0.00,0.00
2015.12.09 15:50:23.980,10.72859,10.73141,0.00,0.00
2015.12.09 15:50:24.081,10.72838,10.73131,0.00,0.00
2015.12.09 15:50:24.191,10.72788,10.7308,0.00,0.00
2015.12.09 15:50:24.493,10.72838,10.73081,0.00,0.00
2015.12.09 15:50:24.652,10.72829,10.73171,0.00,0.00
2015.12.09 15:50:24.703,10.72879,10.73141,0.00,0.00
2015.12.09 15:50:24.804,10.72838,10.73131,0.00,0.00
2015.12.09 15:50:24.905,10.72859,10.73151,0.00,0.00
2015.12.09 15:50:25.208,10.72889,10.73161,0.00,0.00
2015.12.09 15:50:25.363,10.72889,10.73181,0.00,0.00
2015.12.09 15:50:25.702,10.72889,10.73161,0.00,0.00
2015.12.09 15:50:25.866,10.72889,10.73181,0.00,0.00
2015.12.09 15:50:26.019,10.72889,10.73131,0.00,0.00
2015.12.09 15:50:26.069,10.72938,10.7321,0.00,0.00
2015.12.09 15:50:26.170,10.72959,10.73242,0.00,0.00
2015.12.09 15:50:26.221,10.72959,10.73261,0.00,0.00
2015.12.09 15:50:26.272,10.72989,10.7328,0.00,0.00
2015.12.09 15:50:26.712,10.73038,10.73271,0.00,0.00
2015.12.09 15:50:26.914,10.72988,10.7328,0.00,0.00
2015.12.09 15:50:27.329,10.72979,10.7324,0.00,0.00
2015.12.09 15:50:27.430,10.72938,10.73241,0.00,0.00
2015.12.09 15:50:27.481,10.72988,10.73281,0.00,0.00
2015.12.09 15:50:27.821,10.73038,10.73281,0.00,0.00
2015.12.09 15:50:27.922,10.73009,10.73311,0.00,0.00
2015.12.09 15:50:28.023,10.73018,10.7325,0.00,0.00
2015.12.09 15:50:28.124,10.72959,10.73262,0.00,0.00
2015.12.09 15:50:28.225,10.72938,10.73261,0.00,0.00
2015.12.09 15:50:28.276,10.72988,10.73261,0.00,0.00
2015.12.09 15:50:28.427,10.72988,10.73272,0.00,0.00
2015.12.09 15:50:28.528,10.72988,10.7328,0.00,0.00
2015.12.09 15:50:29.009,10.72948,10.7321,0.00,0.00
2015.12.09 15:50:29.212,10.72888,10.7318,0.00,0.00
2015.12.09 15:50:29.661,10.72948,10.73181,0.00,0.00
2015.12.09 15:50:29.711,10.72948,10.73211,0.00,0.00
2015.12.09 15:50:29.812,10.73021,10.73251,0.00,0.00
2015.12.09 15:50:30.070,10.73039,10.73311,0.00,0.00
2015.12.09 15:50:30.222,10.72988,10.73271,0.00,0.00
2015.12.09 15:50:30.323,10.73188,10.7334,0.00,0.00
2015.12.09 15:50:30.424,10.73188,10.7336,0.00,0.00
2015.12.09 15:50:30.525,10.73188,10.73301,0.00,0.00
2015.12.09 15:50:30.576,10.73069,10.73301,0.00,0.00
2015.12.09 15:50:30.627,10.73038,10.73301,0.00,0.00
2015.12.09 15:50:30.728,10.72998,10.73281,0.00,0.00
2015.12.09 15:50:30.829,10.73009,10.73291,0.00,0.00
2015.12.09 15:50:31.158,10.73031,10.73281,0.00,0.00
2015.12.09 15:50:31.209,10.73031,10.73302,0.00,0.00
2015.12.09 15:50:31.317,10.73088,10.73372,0.00,0.00
2015.12.09 15:50:31.418,10.73088,10.7332,0.00,0.00
2015.12.09 15:50:31.742,10.73088,10.73292,0.00,0.00
2015.12.09 15:50:31.848,10.73088,10.73361,0.00,0.00
2015.12.09 15:50:31.899,10.73138,10.73361,0.00,0.00
2015.12.09 15:50:31.950,10.73138,10.73372,0.00,0.00
2015.12.09 15:50:32.185,10.73138,10.7339,0.00,0.00
2015.12.09 15:50:32.236,10.7306,10.7334,0.00,0.00
2015.12.09 15:50:32.337,10.73038,10.73251,0.00,0.00
2015.12.09 15:50:32.551,10.73088,10.73321,0.00,0.00
2015.12.09 15:50:32.652,10.73088,10.73361,0.00,0.00
2015.12.09 15:50:32.754,10.73088,10.73352,0.00,0.00
2015.12.09 15:50:32.905,10.73039,10.73322,0.00,0.00
2015.12.09 15:50:32.956,10.73039,10.73282,0.00,0.00
2015.12.09 15:50:33.057,10.7306,10.73322,0.00,0.00
2015.12.09 15:50:33.108,10.73089,10.73322,0.00,0.00
2015.12.09 15:50:33.159,10.73089,10.73332,0.00,0.00
2015.12.09 15:50:33.260,10.73089,10.73322,0.00,0.00
2015.12.09 15:50:33.526,10.73039,10.73282,0.00,0.00
2015.12.09 15:50:33.577,10.73052,10.73282,0.00,0.00
2015.12.09 15:50:33.628,10.73089,10.73361,0.00,0.00
2015.12.09 15:50:33.758,10.73089,10.73371,0.00,0.00
2015.12.09 15:50:33.959,10.73089,10.73342,0.00,0.00
2015.12.09 15:50:34.060,10.73089,10.73352,0.00,0.00
2015.12.09 15:50:34.161,10.73089,10.7338,0.00,0.00
2015.12.09 15:50:34.368,10.73089,10.73341,0.00,0.00
2015.12.09 15:50:34.841,10.73089,10.73371,0.00,0.00
2015.12.09 15:50:34.964,10.73089,10.7338,0.00,0.00
2015.12.09 15:50:35.064,10.73089,10.73372,0.00,0.00
2015.12.09 15:50:35.371,10.73089,10.73332,0.00,0.00
2015.12.09 15:50:35.673,10.72988,10.73191,0.00,0.00
2015.12.09 15:50:35.928,10.72938,10.73172,0.00,0.00
2015.12.09 15:50:35.979,10.72938,10.73162,0.00,0.00
2015.12.09 15:50:36.080,10.72888,10.73181,0.00,0.00
2015.12.09 15:50:36.234,10.72888,10.73161,0.00,0.00
2015.12.09 15:50:36.570,10.72989,10.73211,0.00,0.00
2015.12.09 15:50:36.621,10.72989,10.73241,0.00,0.00
2015.12.09 15:50:36.722,10.72989,10.7321,0.00,0.00
2015.12.09 15:50:36.823,10.72989,10.73221,0.00,0.00
2015.12.09 15:50:36.874,10.72989,10.73192,0.00,0.00
2015.12.09 15:50:37.057,10.72989,10.73221,0.00,0.00
2015.12.09 15:50:37.108,10.72989,10.7321,0.00,0.00
2015.12.09 15:50:37.158,10.72989,10.73261,0.00,0.00
2015.12.09 15:50:37.335,10.72989,10.73278,0.00,0.00
2015.12.09 15:50:37.553,10.72989,10.7325,0.00,0.00
2015.12.09 15:50:38.053,10.72989,10.73261,0.00,0.00
2015.12.09 15:50:38.536,10.72989,10.7327,0.00,0.00
2015.12.09 15:50:38.638,10.72989,10.73278,0.00,0.00
2015.12.09 15:50:38.689,10.72989,10.73262,0.00,0.00
2015.12.09 15:50:38.740,10.72989,10.73278,0.00,0.00
2015.12.09 15:50:38.915,10.73039,10.73278,0.00,0.00
2015.12.09 15:50:39.016,10.73039,10.73281,0.00,0.00
2015.12.09 15:50:39.167,10.72988,10.73281,0.00,0.00
2015.12.09 15:50:39.751,10.72988,10.7328,0.00,0.00
2015.12.09 15:50:39.973,10.72988,10.73241,0.00,0.00
2015.12.09 15:50:40.488,10.72988,10.7324,0.00,0.00
2015.12.09 15:50:40.806,10.73088,10.73311,0.00,0.00
2015.12.09 15:50:41.090,10.73088,10.73351,0.00,0.00
2015.12.09 15:50:41.141,10.73088,10.73371,0.00,0.00
2015.12.09 15:50:41.443,10.73088,10.7338,0.00,0.00
2015.12.09 15:50:41.743,10.73088,10.73369,0.00,0.00
2015.12.09 15:50:41.952,10.7306,10.7335,0.00,0.00
2015.12.09 15:50:42.002,10.73088,10.7335,0.00,0.00
2015.12.09 15:50:42.103,10.73018,10.73281,0.00,0.00
2015.12.09 15:50:42.154,10.72989,10.73281,0.00,0.00
2015.12.09 15:50:42.284,10.72989,10.7324,0.00,0.00
2015.12.09 15:50:42.847,10.72989,10.7326,0.00,0.00
2015.12.09 15:50:43.349,10.72989,10.73281,0.00,0.00
2015.12.09 15:50:43.660,10.73038,10.73351,0.00,0.00
2015.12.09 15:50:43.761,10.73059,10.73351,0.00,0.00
2015.12.09 15:50:44.064,10.73089,10.733,0.00,0.00
2015.12.09 15:50:44.114,10.73039,10.733,0.00,0.00
2015.12.09 15:50:44.165,10.73039,10.73281,0.00,0.00
2015.12.09 15:50:44.515,10.73088,10.73361,0.00,0.00
2015.12.09 15:50:44.566,10.73088,10.7332,0.00,0.00
2015.12.09 15:50:44.621,10.7306,10.7332,0.00,0.00
2015.12.09 15:50:44.672,10.73039,10.73321,0.00,0.00
2015.12.09 15:50:45.106,10.73088,10.73341,0.00,0.00
2015.12.09 15:50:45.307,10.72989,10.73281,0.00,0.00
2015.12.09 15:50:45.358,10.73001,10.73281,0.00,0.00
2015.12.09 15:50:45.533,10.73009,10.73301,0.00,0.00
2015.12.09 15:50:45.584,10.73038,10.73331,0.00,0.00
2015.12.09 15:50:45.847,10.73009,10.73302,0.00,0.00
2015.12.09 15:50:46.158,10.72988,10.73261,0.00,0.00
2015.12.09 15:50:46.209,10.72988,10.73272,0.00,0.00
2015.12.09 15:50:46.260,10.72988,10.73281,0.00,0.00
2015.12.09 15:50:46.911,10.72988,10.7328,0.00,0.00
2015.12.09 15:50:47.311,10.72988,10.73271,0.00,0.00
2015.12.09 15:50:47.674,10.72988,10.73261,0.00,0.00
2015.12.09 15:50:47.725,10.72988,10.7328,0.00,0.00
2015.12.09 15:50:48.227,10.7301,10.733,0.00,0.00
2015.12.09 15:50:48.529,10.73049,10.73255,0.00,0.00
2015.12.09 15:50:48.579,10.73038,10.73255,0.00,0.00
2015.12.09 15:50:48.630,10.72988,10.73255,0.00,0.00
2015.12.09 15:50:48.781,10.72988,10.73246,0.00,0.00
2015.12.09 15:50:49.033,10.7291,10.73185,0.00,0.00
2015.12.09 15:50:49.164,10.72889,10.73185,0.00,0.00
2015.12.09 15:50:49.215,10.72889,10.73165,0.00,0.00
2015.12.09 15:50:49.523,10.72889,10.73156,0.00,0.00
2015.12.09 15:50:49.885,10.72889,10.73145,0.00,0.00
2015.12.09 15:50:50.527,10.72889,10.7317,0.00,0.00
2015.12.09 15:50:51.018,10.72938,10.73171,0.00,0.00
2015.12.09 15:50:51.382,10.7291,10.7317,0.00,0.00
2015.12.09 15:50:51.433,10.72889,10.73161,0.00,0.00
2015.12.09 15:50:51.685,10.7286,10.73151,0.00,0.00
2015.12.09 15:50:51.736,10.72851,10.73081,0.00,0.00
2015.12.09 15:50:51.888,10.72789,10.7306,0.00,0.00
2015.12.09 15:50:51.939,10.72789,10.7303,0.00,0.00
2015.12.09 15:50:52.476,10.72759,10.73031,0.00,0.00
2015.12.09 15:50:52.981,10.72758,10.73031,0.00,0.00
2015.12.09 15:50:53.323,10.72758,10.73051,0.00,0.00
2015.12.09 15:50:53.676,10.72769,10.73051,0.00,0.00
2015.12.09 15:50:53.726,10.72769,10.73071,0.00,0.00
2015.12.09 15:50:53.878,10.72759,10.7307,0.00,0.00
2015.12.09 15:50:54.061,10.72758,10.73041,0.00,0.00
2015.12.09 15:50:54.326,10.72758,10.7306,0.00,0.00
2015.12.09 15:50:54.591,10.72769,10.7306,0.00,0.00
2015.12.09 15:50:54.661,10.72769,10.73072,0.00,0.00
2015.12.09 15:50:54.762,10.72758,10.73071,0.00,0.00
2015.12.09 15:50:55.276,10.72758,10.7307,0.00,0.00
2015.12.09 15:50:55.493,10.72768,10.73071,0.00,0.00
2015.12.09 15:50:55.812,10.72758,10.73072,0.00,0.00
2015.12.09 15:50:55.913,10.72768,10.73072,0.00,0.00
2015.12.09 15:50:56.278,10.72759,10.73072,0.00,0.00
2015.12.09 15:50:57.224,10.72759,10.72941,0.00,0.00
2015.12.09 15:50:57.527,10.72558,10.7278,0.00,0.00
2015.12.09 15:50:57.631,10.72479,10.72782,0.00,0.00
2015.12.09 15:50:57.681,10.72532,10.72782,0.00,0.00
2015.12.09 15:50:57.917,10.72532,10.72832,0.00,0.00
2015.12.09 15:50:58.633,10.72531,10.72832,0.00,0.00
2015.12.09 15:50:58.684,10.72548,10.72832,0.00,0.00
2015.12.09 15:50:58.898,10.72531,10.72832,0.00,0.00
2015.12.09 15:50:58.949,10.72531,10.72732,0.00,0.00
2015.12.09 15:50:58.999,10.72498,10.72732,0.00,0.00
2015.12.09 15:50:59.100,10.72432,10.72732,0.00,0.00
2015.12.09 15:50:59.151,10.72508,10.72771,0.00,0.00
2015.12.09 15:50:59.394,10.72409,10.72711,0.00,0.00
2015.12.09 15:50:59.445,10.72409,10.72701,0.00,0.00
2015.12.09 15:50:59.747,10.72409,10.72681,0.00,0.00
2015.12.09 15:51:00.050,10.72458,10.727,0.00,0.00
2015.12.09 15:51:00.252,10.72509,10.72771,0.00,0.00
2015.12.09 15:51:00.733,10.72559,10.72791,0.00,0.00
2015.12.09 15:51:00.885,10.72558,10.72822,0.00,0.00
2015.12.09 15:51:00.936,10.72518,10.72822,0.00,0.00
2015.12.09 15:51:00.987,10.7256,10.72822,0.00,0.00
2015.12.09 15:51:01.139,10.72609,10.72911,0.00,0.00
2015.12.09 15:51:01.189,10.72609,10.7288,0.00,0.00
2015.12.09 15:51:01.459,10.72808,10.7311,0.00,0.00
2015.12.09 15:51:01.510,10.72821,10.7311,0.00,0.00
2015.12.09 15:51:01.812,10.72809,10.73071,0.00,0.00
2015.12.09 15:51:02.134,10.72809,10.73061,0.00,0.00
2015.12.09 15:51:02.185,10.72809,10.73081,0.00,0.00
2015.12.09 15:51:02.705,10.72809,10.7308,0.00,0.00
2015.12.09 15:51:03.459,10.72909,10.73141,0.00,0.00
2015.12.09 15:51:03.510,10.72909,10.7316,0.00,0.00
2015.12.09 15:51:03.611,10.72859,10.73171,0.00,0.00
2015.12.09 15:51:03.713,10.72858,10.73131,0.00,0.00
2015.12.09 15:51:04.200,10.72859,10.73171,0.00,0.00
2015.12.09 15:51:04.251,10.72908,10.73171,0.00,0.00
2015.12.09 15:51:04.763,10.72908,10.7317,0.00,0.00
2015.12.09 15:51:05.346,10.72832,10.73071,0.00,0.00
2015.12.09 15:51:05.397,10.72832,10.73081,0.00,0.00
2015.12.09 15:51:05.522,10.72808,10.73081,0.00,0.00
2015.12.09 15:51:06.312,10.72808,10.7308,0.00,0.00
2015.12.09 15:51:06.420,10.72908,10.7307,0.00,0.00
2015.12.09 15:51:06.521,10.72908,10.7315,0.00,0.00
2015.12.09 15:51:07.037,10.72908,10.73151,0.00,0.00
2015.12.09 15:51:07.138,10.72908,10.73171,0.00,0.00
2015.12.09 15:51:07.429,10.72959,10.73171,0.00,0.00
2015.12.09 15:51:07.480,10.72959,10.73271,0.00,0.00
2015.12.09 15:51:07.581,10.7296,10.7324,0.00,0.00
2015.12.09 15:51:07.883,10.73008,10.7328,0.00,0.00
2015.12.09 15:51:08.186,10.73058,10.73281,0.00,0.00
2015.12.09 15:51:08.287,10.73058,10.7334,0.00,0.00
2015.12.09 15:51:08.489,10.73058,10.73281,0.00,0.00
2015.12.09 15:51:08.658,10.73008,10.7328,0.00,0.00
2015.12.09 15:51:08.759,10.73059,10.73351,0.00,0.00
2015.12.09 15:51:08.810,10.73059,10.73311,0.00,0.00
2015.12.09 15:51:08.912,10.73059,10.73371,0.00,0.00
2015.12.09 15:51:08.962,10.7311,10.7338,0.00,0.00
2015.12.09 15:51:09.368,10.73108,10.73381,0.00,0.00
2015.12.09 15:51:09.964,10.73158,10.73382,0.00,0.00
2015.12.09 15:51:10.114,10.73158,10.73411,0.00,0.00
2015.12.09 15:51:10.165,10.73209,10.7338,0.00,0.00
2015.12.09 15:51:10.266,10.73108,10.7338,0.00,0.00
2015.12.09 15:51:10.361,10.73158,10.7338,0.00,0.00
2015.12.09 15:51:10.411,10.73158,10.73401,0.00,0.00
2015.12.09 15:51:10.513,10.73158,10.73411,0.00,0.00
2015.12.09 15:51:10.613,10.73109,10.7334,0.00,0.00
2015.12.09 15:51:10.666,10.73109,10.73361,0.00,0.00
2015.12.09 15:51:11.019,10.73109,10.73381,0.00,0.00
2015.12.09 15:51:11.120,10.73109,10.73362,0.00,0.00
2015.12.09 15:51:11.221,10.73109,10.73381,0.00,0.00
2015.12.09 15:51:11.373,10.73158,10.73381,0.00,0.00
2015.12.09 15:51:11.423,10.73158,10.73402,0.00,0.00
2015.12.09 15:51:11.525,10.73158,10.73411,0.00,0.00
2015.12.09 15:51:11.575,10.73208,10.73422,0.00,0.00
2015.12.09 15:51:11.626,10.73208,10.73441,0.00,0.00
2015.12.09 15:51:11.727,10.73208,10.7347,0.00,0.00
2015.12.09 15:51:12.044,10.73259,10.7347,0.00,0.00
2015.12.09 15:51:12.095,10.73259,10.73512,0.00,0.00
2015.12.09 15:51:12.146,10.73259,10.7356,0.00,0.00
2015.12.09 15:51:12.197,10.73322,10.7357,0.00,0.00
2015.12.09 15:51:12.500,10.73408,10.73611,0.00,0.00
2015.12.09 15:51:12.551,10.73408,10.73642,0.00,0.00
2015.12.09 15:51:12.652,10.73408,10.7365,0.00,0.00
2015.12.09 15:51:12.828,10.73408,10.73621,0.00,0.00
2015.12.09 15:51:12.929,10.73408,10.7365,0.00,0.00
2015.12.09 15:51:13.030,10.73408,10.73612,0.00,0.00
2015.12.09 15:51:13.292,10.73408,10.73651,0.00,0.00
2015.12.09 15:51:13.343,10.73408,10.73662,0.00,0.00
2015.12.09 15:51:13.444,10.73408,10.73671,0.00,0.00
2015.12.09 15:51:13.633,10.73408,10.73641,0.00,0.00
2015.12.09 15:51:13.936,10.73408,10.73661,0.00,0.00
2015.12.09 15:51:14.239,10.73408,10.73652,0.00,0.00
2015.12.09 15:51:14.480,10.73408,10.73681,0.00,0.00
2015.12.09 15:51:14.581,10.73458,10.73681,0.00,0.00
2015.12.09 15:51:14.632,10.73458,10.7371,0.00,0.00
2015.12.09 15:51:14.794,10.73508,10.73732,0.00,0.00
2015.12.09 15:51:14.845,10.73508,10.7374,0.00,0.00
2015.12.09 15:51:14.896,10.73458,10.737,0.00,0.00
2015.12.09 15:51:15.446,10.73458,10.73731,0.00,0.00
2015.12.09 15:51:15.530,10.73439,10.73731,0.00,0.00
2015.12.09 15:51:16.051,10.73439,10.7373,0.00,0.00
2015.12.09 15:51:16.401,10.73439,10.73681,0.00,0.00
2015.12.09 15:51:16.921,10.73439,10.7368,0.00,0.00
2015.12.09 15:51:17.510,10.7346,10.73751,0.00,0.00
2015.12.09 15:51:17.561,10.73488,10.7377,0.00,0.00
2015.12.09 15:51:17.998,10.73588,10.7377,0.00,0.00
2015.12.09 15:51:18.048,10.73588,10.73801,0.00,0.00
2015.12.09 15:51:18.150,10.73588,10.73771,0.00,0.00
2015.12.09 15:51:18.200,10.73551,10.73751,0.00,0.00
2015.12.09 15:51:18.251,10.73439,10.73681,0.00,0.00
2015.12.09 15:51:18.352,10.73389,10.73681,0.00,0.00
2015.12.09 15:51:18.453,10.73389,10.73652,0.00,0.00
2015.12.09 15:51:18.562,10.73389,10.73672,0.00,0.00
2015.12.09 15:51:18.713,10.73389,10.7367,0.00,0.00
2015.12.09 15:51:19.223,10.73389,10.73671,0.00,0.00
2015.12.09 15:51:19.526,10.73389,10.73641,0.00,0.00
2015.12.09 15:51:20.046,10.73389,10.73651,0.00,0.00
2015.12.09 15:51:20.530,10.73338,10.73581,0.00,0.00
2015.12.09 15:51:20.590,10.73318,10.73581,0.00,0.00
2015.12.09 15:51:20.641,10.73288,10.7358,0.00,0.00
2015.12.09 15:51:21.425,10.73288,10.73581,0.00,0.00
2015.12.09 15:51:22.183,10.73288,10.73571,0.00,0.00
2015.12.09 15:51:22.936,10.73259,10.73501,0.00,0.00
2015.12.09 15:51:23.172,10.73199,10.73451,0.00,0.00
2015.12.09 15:51:23.586,10.73158,10.73451,0.00,0.00
2015.12.09 15:51:23.687,10.7316,10.73472,0.00,0.00
2015.12.09 15:51:23.737,10.73202,10.73472,0.00,0.00
2015.12.09 15:51:23.788,10.73209,10.73481,0.00,0.00
2015.12.09 15:51:24.317,10.73209,10.7348,0.00,0.00
2015.12.09 15:51:24.481,10.73258,10.73481,0.00,0.00
2015.12.09 15:51:24.582,10.73159,10.73471,0.00,0.00
2015.12.09 15:51:24.788,10.73159,10.7344,0.00,0.00
2015.12.09 15:51:25.540,10.73208,10.7344,0.00,0.00
2015.12.09 15:51:25.692,10.73251,10.73522,0.00,0.00
2015.12.09 15:51:25.793,10.73309,10.73591,0.00,0.00
2015.12.09 15:51:26.095,10.73309,10.73621,0.00,0.00
2015.12.09 15:51:26.892,10.73358,10.73641,0.00,0.00
2015.12.09 15:51:27.195,10.73408,10.73681,0.00,0.00
2015.12.09 15:51:27.482,10.73459,10.73771,0.00,0.00
2015.12.09 15:51:27.533,10.73509,10.73771,0.00,0.00
2015.12.09 15:51:28.093,10.73509,10.7377,0.00,0.00
2015.12.09 15:51:28.423,10.73509,10.7375,0.00,0.00
2015.12.09 15:51:28.946,10.73509,10.73751,0.00,0.00
2015.12.09 15:51:29.249,10.73458,10.7366,0.00,0.00
2015.12.09 15:51:29.299,10.73409,10.73661,0.00,0.00
2015.12.09 15:51:29.849,10.73409,10.7366,0.00,0.00
2015.12.09 15:51:30.200,10.73409,10.73641,0.00,0.00
2015.12.09 15:51:30.502,10.73308,10.73531,0.00,0.00
2015.12.09 15:51:30.750,10.7326,10.7353,0.00,0.00
2015.12.09 15:51:30.947,10.73359,10.73601,0.00,0.00
2015.12.09 15:51:30.997,10.73359,10.7363,0.00,0.00
2015.12.09 15:51:31.530,10.73359,10.73631,0.00,0.00
2015.12.09 15:51:32.494,10.73359,10.7364,0.00,0.00
2015.12.09 15:51:33.044,10.73359,10.73641,0.00,0.00
2015.12.09 15:51:33.556,10.73358,10.73641,0.00,0.00
2015.12.09 15:51:33.876,10.73408,10.7367,0.00,0.00
2015.12.09 15:51:34.179,10.73409,10.73651,0.00,0.00
2015.12.09 15:51:34.229,10.73409,10.73681,0.00,0.00
2015.12.09 15:51:34.380,10.73459,10.73681,0.00,0.00
2015.12.09 15:51:34.431,10.73459,10.73741,0.00,0.00
2015.12.09 15:51:34.532,10.7346,10.7375,0.00,0.00
2015.12.09 15:51:34.583,10.73508,10.7375,0.00,0.00
2015.12.09 15:51:34.892,10.73508,10.73771,0.00,0.00
2015.12.09 15:51:35.483,10.73508,10.7376,0.00,0.00
2015.12.09 15:51:35.903,10.73508,10.73781,0.00,0.00
2015.12.09 15:51:36.244,10.73508,10.7376,0.00,0.00
2015.12.09 15:51:37.044,10.73508,10.7378,0.00,0.00
2015.12.09 15:51:38.012,10.73508,10.73781,0.00,0.00
2015.12.09 15:51:38.557,10.73508,10.7378,0.00,0.00
2015.12.09 15:51:39.059,10.73509,10.73821,0.00,0.00
2015.12.09 15:51:39.210,10.73558,10.73821,0.00,0.00
2015.12.09 15:51:39.474,10.73509,10.73781,0.00,0.00
2015.12.09 15:51:39.525,10.73509,10.73751,0.00,0.00
2015.12.09 15:51:39.727,10.73509,10.73781,0.00,0.00
2015.12.09 15:51:39.777,10.73559,10.73781,0.00,0.00
2015.12.09 15:51:39.878,10.73509,10.73771,0.00,0.00
2015.12.09 15:51:39.929,10.73509,10.73731,0.00,0.00
2015.12.09 15:51:40.632,10.73509,10.73761,0.00,0.00
2015.12.09 15:51:41.230,10.73509,10.73751,0.00,0.00
2015.12.09 15:51:41.532,10.73459,10.73731,0.00,0.00
2015.12.09 15:51:42.370,10.73509,10.7373,0.00,0.00
2015.12.09 15:51:42.471,10.73509,10.73751,0.00,0.00
2015.12.09 15:51:42.572,10.73509,10.73761,0.00,0.00
2015.12.09 15:51:42.933,10.73509,10.73731,0.00,0.00
2015.12.09 15:51:43.390,10.7346,10.7373,0.00,0.00
2015.12.09 15:51:43.440,10.73458,10.73701,0.00,0.00
2015.12.09 15:51:44.150,10.73509,10.73771,0.00,0.00
2015.12.09 15:51:44.691,10.73509,10.7377,0.00,0.00
2015.12.09 15:51:45.352,10.73509,10.7374,0.00,0.00
2015.12.09 15:51:45.862,10.73509,10.73751,0.00,0.00
2015.12.09 15:51:45.963,10.73509,10.7368,0.00,0.00
2015.12.09 15:51:46.014,10.73458,10.7368,0.00,0.00
2015.12.09 15:51:46.115,10.73408,10.73681,0.00,0.00
2015.12.09 15:51:46.165,10.73408,10.7366,0.00,0.00
2015.12.09 15:51:46.515,10.73408,10.73651,0.00,0.00
2015.12.09 15:51:46.566,10.73408,10.7366,0.00,0.00
2015.12.09 15:51:46.767,10.73408,10.73671,0.00,0.00
2015.12.09 15:51:47.031,10.73408,10.73681,0.00,0.00
2015.12.09 15:51:47.781,10.73408,10.7368,0.00,0.00
2015.12.09 15:51:48.377,10.73408,10.73681,0.00,0.00
2015.12.09 15:51:48.881,10.73408,10.7368,0.00,0.00
2015.12.09 15:51:49.880,10.73408,10.73681,0.00,0.00
2015.12.09 15:51:50.094,10.73458,10.73761,0.00,0.00
2015.12.09 15:51:50.195,10.73459,10.73772,0.00,0.00
2015.12.09 15:51:50.296,10.73509,10.73781,0.00,0.00
2015.12.09 15:51:51.285,10.73509,10.7378,0.00,0.00
2015.12.09 15:51:51.813,10.73509,10.73781,0.00,0.00
2015.12.09 15:51:52.992,10.73509,10.7378,0.00,0.00
2015.12.09 15:51:53.199,10.73558,10.73871,0.00,0.00
2015.12.09 15:51:53.300,10.7356,10.7386,0.00,0.00
2015.12.09 15:51:53.610,10.73608,10.73861,0.00,0.00
2015.12.09 15:51:53.795,10.73608,10.7387,0.00,0.00
2015.12.09 15:51:53.936,10.73608,10.7385,0.00,0.00
2015.12.09 15:51:53.996,10.73608,10.7386,0.00,0.00
2015.12.09 15:51:54.543,10.73608,10.7385,0.00,0.00
2015.12.09 15:51:54.857,10.7356,10.7386,0.00,0.00
2015.12.09 15:51:54.908,10.73558,10.7378,0.00,0.00
2015.12.09 15:51:55.059,10.73508,10.7378,0.00,0.00
2015.12.09 15:51:55.210,10.73508,10.7377,0.00,0.00
2015.12.09 15:51:55.551,10.73508,10.73741,0.00,0.00
2015.12.09 15:51:55.902,10.73508,10.7375,0.00,0.00
2015.12.09 15:51:55.953,10.73508,10.73761,0.00,0.00
2015.12.09 15:51:56.454,10.73508,10.73771,0.00,0.00
2015.12.09 15:51:56.555,10.73508,10.73781,0.00,0.00
2015.12.09 15:51:57.106,10.73508,10.7378,0.00,0.00
2015.12.09 15:51:57.813,10.73508,10.73781,0.00,0.00
2015.12.09 15:51:58.059,10.7351,10.7381,0.00,0.00
2015.12.09 15:51:58.110,10.73559,10.7381,0.00,0.00
2015.12.09 15:51:58.563,10.73559,10.7383,0.00,0.00
2015.12.09 15:51:59.009,10.73559,10.73821,0.00,0.00
2015.12.09 15:51:59.411,10.73559,10.73831,0.00,0.00
2015.12.09 15:52:00.115,10.73559,10.73811,0.00,0.00
2015.12.09 15:52:00.616,10.73559,10.7383,0.00,0.00
2015.12.09 15:52:00.849,10.7356,10.7385,0.00,0.00
2015.12.09 15:52:00.900,10.73608,10.7385,0.00,0.00
2015.12.09 15:52:01.243,10.73559,10.73811,0.00,0.00
2015.12.09 15:52:01.293,10.73609,10.73841,0.00,0.00
2015.12.09 15:52:01.777,10.73609,10.73871,0.00,0.00
2015.12.09 15:52:02.328,10.73609,10.7387,0.00,0.00
2015.12.09 15:52:02.665,10.73609,10.73881,0.00,0.00
2015.12.09 15:52:03.231,10.73609,10.7388,0.00,0.00
2015.12.09 15:52:04.065,10.73609,10.73831,0.00,0.00
2015.12.09 15:52:04.182,10.73609,10.73861,0.00,0.00
2015.12.09 15:52:04.232,10.73609,10.73841,0.00,0.00
2015.12.09 15:52:04.334,10.73609,10.73861,0.00,0.00
2015.12.09 15:52:04.384,10.73609,10.7383,0.00,0.00
2015.12.09 15:52:04.691,10.73609,10.7379,0.00,0.00
2015.12.09 15:52:04.741,10.73559,10.7379,0.00,0.00
2015.12.09 15:52:05.075,10.73608,10.7384,0.00,0.00
2015.12.09 15:52:05.338,10.73608,10.73822,0.00,0.00
2015.12.09 15:52:05.440,10.73608,10.73841,0.00,0.00
2015.12.09 15:52:05.569,10.73608,10.73822,0.00,0.00
2015.12.09 15:52:05.689,10.73608,10.7384,0.00,0.00
2015.12.09 15:52:06.239,10.73659,10.7384,0.00,0.00
2015.12.09 15:52:06.391,10.73659,10.73881,0.00,0.00
2015.12.09 15:52:06.569,10.73608,10.73881,0.00,0.00
2015.12.09 15:52:06.721,10.73608,10.73841,0.00,0.00
2015.12.09 15:52:07.117,10.73608,10.73832,0.00,0.00
2015.12.09 15:52:07.435,10.73658,10.73881,0.00,0.00
2015.12.09 15:52:07.486,10.73658,10.73941,0.00,0.00
2015.12.09 15:52:07.607,10.73709,10.73941,0.00,0.00
2015.12.09 15:52:07.657,10.73709,10.73961,0.00,0.00
2015.12.09 15:52:07.886,10.73709,10.73979,0.00,0.00
2015.12.09 15:52:07.987,10.73709,10.73971,0.00,0.00
2015.12.09 15:52:08.293,10.73659,10.73881,0.00,0.00
2015.12.09 15:52:08.553,10.73658,10.73901,0.00,0.00
2015.12.09 15:52:09.358,10.7366,10.73959,0.00,0.00
2015.12.09 15:52:09.409,10.73709,10.73959,0.00,0.00
2015.12.09 15:52:09.722,10.73758,10.73991,0.00,0.00
2015.12.09 15:52:09.924,10.73758,10.74019,0.00,0.00
2015.12.09 15:52:10.125,10.73709,10.74019,0.00,0.00
2015.12.09 15:52:10.176,10.73709,10.73978,0.00,0.00
2015.12.09 15:52:10.327,10.73659,10.7394,0.00,0.00
2015.12.09 15:52:10.378,10.73659,10.73932,0.00,0.00
2015.12.09 15:52:10.581,10.73659,10.73941,0.00,0.00
2015.12.09 15:52:10.637,10.73659,10.73878,0.00,0.00
2015.12.09 15:52:10.789,10.73608,10.73878,0.00,0.00
2015.12.09 15:52:10.840,10.73608,10.73871,0.00,0.00
2015.12.09 15:52:11.142,10.73558,10.73778,0.00,0.00
2015.12.09 15:52:11.343,10.73508,10.73778,0.00,0.00
2015.12.09 15:52:11.520,10.73558,10.73778,0.00,0.00
2015.12.09 15:52:11.709,10.73558,10.73818,0.00,0.00
2015.12.09 15:52:12.508,10.73558,10.7378,0.00,0.00
2015.12.09 15:52:12.559,10.73508,10.7378,0.00,0.00
2015.12.09 15:52:12.610,10.73508,10.73761,0.00,0.00
2015.12.09 15:52:13.120,10.73508,10.73778,0.00,0.00
2015.12.09 15:52:13.423,10.73508,10.73681,0.00,0.00
2015.12.09 15:52:13.524,10.73458,10.73681,0.00,0.00
2015.12.09 15:52:13.732,10.7341,10.7368,0.00,0.00
2015.12.09 15:52:13.984,10.73458,10.7368,0.00,0.00
2015.12.09 15:52:14.615,10.73458,10.73701,0.00,0.00
2015.12.09 15:52:14.716,10.73458,10.7368,0.00,0.00
2015.12.09 15:52:15.236,10.73458,10.737,0.00,0.00
2015.12.09 15:52:16.171,10.73459,10.73701,0.00,0.00
2015.12.09 15:52:16.271,10.73459,10.7368,0.00,0.00
2015.12.09 15:52:16.781,10.73459,10.73681,0.00,0.00
2015.12.09 15:52:17.161,10.73508,10.73681,0.00,0.00
2015.12.09 15:52:17.262,10.73508,10.73769,0.00,0.00
2015.12.09 15:52:17.313,10.73508,10.73779,0.00,0.00
2015.12.09 15:52:17.364,10.7351,10.7375,0.00,0.00
2015.12.09 15:52:17.728,10.73509,10.73779,0.00,0.00
2015.12.09 15:52:18.230,10.7351,10.73779,0.00,0.00
2015.12.09 15:52:18.281,10.73559,10.73779,0.00,0.00
2015.12.09 15:52:18.460,10.73609,10.73868,0.00,0.00
2015.12.09 15:52:19.548,10.7361,10.7391,0.00,0.00
2015.12.09 15:52:19.599,10.73659,10.7391,0.00,0.00
2015.12.09 15:52:19.926,10.73709,10.73911,0.00,0.00
2015.12.09 15:52:19.977,10.73709,10.73969,0.00,0.00
2015.12.09 15:52:21.045,10.73709,10.73961,0.00,0.00
2015.12.09 15:52:21.246,10.73709,10.73969,0.00,0.00
2015.12.09 15:52:21.708,10.73709,10.73981,0.00,0.00
2015.12.09 15:52:21.759,10.73758,10.74011,0.00,0.00
2015.12.09 15:52:22.062,10.73809,10.7406,0.00,0.00
2015.12.09 15:52:22.163,10.73809,10.7408,0.00,0.00
2015.12.09 15:52:22.751,10.73809,10.74081,0.00,0.00
2015.12.09 15:52:23.226,10.73908,10.7408,0.00,0.00
2015.12.09 15:52:23.428,10.73808,10.74061,0.00,0.00
2015.12.09 15:52:24.133,10.73808,10.7406,0.00,0.00
2015.12.09 15:52:24.638,10.73808,10.74061,0.00,0.00
2015.12.09 15:52:24.877,10.73808,10.74119,0.00,0.00
2015.12.09 15:52:24.978,10.73808,10.7406,0.00,0.00
2015.12.09 15:52:25.598,10.73808,10.74061,0.00,0.00
2015.12.09 15:52:26.103,10.73808,10.7406,0.00,0.00
2015.12.09 15:52:26.615,10.73808,10.74061,0.00,0.00
2015.12.09 15:52:26.995,10.73808,10.7407,0.00,0.00
2015.12.09 15:52:27.569,10.73808,10.74071,0.00,0.00
2015.12.09 15:52:28.298,10.73808,10.7407,0.00,0.00
2015.12.09 15:52:28.993,10.73808,10.74078,0.00,0.00
2015.12.09 15:52:30.298,10.73808,10.7396,0.00,0.00
2015.12.09 15:52:30.349,10.73758,10.7396,0.00,0.00
2015.12.09 15:52:30.551,10.73709,10.73961,0.00,0.00
2015.12.09 15:52:30.904,10.73709,10.73971,0.00,0.00
2015.12.09 15:52:31.340,10.73709,10.73981,0.00,0.00
2015.12.09 15:52:31.441,10.73758,10.7399,0.00,0.00
2015.12.09 15:52:31.904,10.73758,10.74028,0.00,0.00
2015.12.09 15:52:31.955,10.73758,10.74021,0.00,0.00
2015.12.09 15:52:32.184,10.73758,10.74028,0.00,0.00
2015.12.09 15:52:32.234,10.73758,10.74012,0.00,0.00
2015.12.09 15:52:32.335,10.73708,10.7397,0.00,0.00
2015.12.09 15:52:32.436,10.73708,10.73951,0.00,0.00
2015.12.09 15:52:32.925,10.73708,10.7398,0.00,0.00
2015.12.09 15:52:33.912,10.73708,10.73981,0.00,0.00
2015.12.09 15:52:33.963,10.73708,10.73971,0.00,0.00
2015.12.09 15:52:34.314,10.73809,10.73981,0.00,0.00
2015.12.09 15:52:34.576,10.73708,10.73981,0.00,0.00
2015.12.09 15:52:34.628,10.73708,10.73972,0.00,0.00
2015.12.09 15:52:34.766,10.73708,10.73981,0.00,0.00
2015.12.09 15:52:35.388,10.73808,10.73981,0.00,0.00
2015.12.09 15:52:35.439,10.73808,10.73989,0.00,0.00
2015.12.09 15:52:35.490,10.73808,10.74002,0.00,0.00
2015.12.09 15:52:35.541,10.73808,10.74051,0.00,0.00
2015.12.09 15:52:35.820,10.73808,10.74041,0.00,0.00
2015.12.09 15:52:35.961,10.73808,10.7405,0.00,0.00
2015.12.09 15:52:36.062,10.73808,10.74069,0.00,0.00
2015.12.09 15:52:37.325,10.73808,10.74061,0.00,0.00
2015.12.09 15:52:37.924,10.73808,10.74069,0.00,0.00
2015.12.09 15:52:40.241,10.73808,10.74062,0.00,0.00
2015.12.09 15:52:40.393,10.73808,10.74069,0.00,0.00
2015.12.09 15:52:42.381,10.73808,10.74061,0.00,0.00
2015.12.09 15:52:42.431,10.73759,10.74061,0.00,0.00
2015.12.09 15:52:42.606,10.73759,10.74051,0.00,0.00
2015.12.09 15:52:42.939,10.73758,10.73981,0.00,0.00
2015.12.09 15:52:43.185,10.73758,10.74031,0.00,0.00
2015.12.09 15:52:43.819,10.73758,10.7403,0.00,0.00
2015.12.09 15:52:43.987,10.73758,10.74032,0.00,0.00
2015.12.09 15:52:44.252,10.73758,10.74038,0.00,0.00
2015.12.09 15:52:44.863,10.73758,10.74021,0.00,0.00
2015.12.09 15:52:45.539,10.73758,10.74031,0.00,0.00
2015.12.09 15:52:45.854,10.73758,10.74012,0.00,0.00
2015.12.09 15:52:45.955,10.7371,10.73999,0.00,0.00
2015.12.09 15:52:46.005,10.73709,10.73981,0.00,0.00
2015.12.09 15:52:46.447,10.73709,10.73971,0.00,0.00
2015.12.09 15:52:46.548,10.73709,10.73981,0.00,0.00
2015.12.09 15:52:47.123,10.73709,10.7398,0.00,0.00
2015.12.09 15:52:47.224,10.73709,10.7397,0.00,0.00
2015.12.09 15:52:47.593,10.73709,10.73952,0.00,0.00
2015.12.09 15:52:47.644,10.73709,10.7398,0.00,0.00
2015.12.09 15:52:48.145,10.73709,10.73981,0.00,0.00
2015.12.09 15:52:48.301,10.73758,10.73981,0.00,0.00
2015.12.09 15:52:48.452,10.73758,10.74028,0.00,0.00
2015.12.09 15:52:48.556,10.73758,10.74021,0.00,0.00
2015.12.09 15:52:49.005,10.73758,10.74028,0.00,0.00
2015.12.09 15:52:49.995,10.73758,10.74022,0.00,0.00
2015.12.09 15:52:50.422,10.73758,10.74011,0.00,0.00
2015.12.09 15:52:52.351,10.73758,10.7401,0.00,0.00
2015.12.09 15:52:52.896,10.73758,10.74011,0.00,0.00
2015.12.09 15:52:53.538,10.73709,10.74011,0.00,0.00
2015.12.09 15:52:54.058,10.73708,10.74011,0.00,0.00
2015.12.09 15:52:54.460,10.73708,10.74001,0.00,0.00
2015.12.09 15:52:54.767,10.73659,10.7392,0.00,0.00
2015.12.09 15:52:55.096,10.73659,10.73958,0.00,0.00
2015.12.09 15:52:55.197,10.73659,10.73951,0.00,0.00
2015.12.09 15:52:55.811,10.73659,10.73958,0.00,0.00
2015.12.09 15:52:56.074,10.73659,10.73952,0.00,0.00
2015.12.09 15:52:56.160,10.73659,10.73958,0.00,0.00
2015.12.09 15:52:57.247,10.73659,10.73952,0.00,0.00
2015.12.09 15:52:57.298,10.73659,10.73958,0.00,0.00
2015.12.09 15:52:57.499,10.73659,10.73952,0.00,0.00
2015.12.09 15:52:57.600,10.73659,10.73958,0.00,0.00
2015.12.09 15:52:57.651,10.73621,10.73921,0.00,0.00
2015.12.09 15:52:57.703,10.73621,10.73869,0.00,0.00
2015.12.09 15:52:57.804,10.73609,10.73869,0.00,0.00
2015.12.09 15:52:57.955,10.73559,10.73869,0.00,0.00
2015.12.09 15:52:58.728,10.73609,10.73869,0.00,0.00
2015.12.09 15:52:58.929,10.73559,10.73861,0.00,0.00
2015.12.09 15:52:59.222,10.73559,10.73868,0.00,0.00
2015.12.09 15:52:59.808,10.73609,10.73868,0.00,0.00
2015.12.09 15:52:59.909,10.73609,10.7388,0.00,0.00
2015.12.09 15:52:59.959,10.73658,10.73892,0.00,0.00
2015.12.09 15:53:00.010,10.73658,10.73911,0.00,0.00
2015.12.09 15:53:00.061,10.73658,10.73921,0.00,0.00
2015.12.09 15:53:00.262,10.73609,10.73921,0.00,0.00
2015.12.09 15:53:00.363,10.73608,10.73881,0.00,0.00
2015.12.09 15:53:00.905,10.73658,10.73902,0.00,0.00
2015.12.09 15:53:00.956,10.73658,10.73911,0.00,0.00
2015.12.09 15:53:01.368,10.73658,10.7392,0.00,0.00
2015.12.09 15:53:01.908,10.73658,10.73921,0.00,0.00
2015.12.09 15:53:02.229,10.73709,10.7392,0.00,0.00
2015.12.09 15:53:02.742,10.73709,10.73921,0.00,0.00
2015.12.09 15:53:03.123,10.73758,10.7398,0.00,0.00
2015.12.09 15:53:03.224,10.73758,10.74011,0.00,0.00
2015.12.09 15:53:03.470,10.73758,10.7404,0.00,0.00
2015.12.09 15:53:03.659,10.73809,10.74041,0.00,0.00
2015.12.09 15:53:03.710,10.73809,10.74059,0.00,0.00
2015.12.09 15:53:03.811,10.73809,10.74081,0.00,0.00
2015.12.09 15:53:04.178,10.73809,10.74062,0.00,0.00
2015.12.09 15:53:04.903,10.73809,10.7408,0.00,0.00
2015.12.09 15:53:05.379,10.73809,10.74071,0.00,0.00
2015.12.09 15:53:05.480,10.73809,10.74081,0.00,0.00
2015.12.09 15:53:06.195,10.73809,10.74061,0.00,0.00
2015.12.09 15:53:06.296,10.73809,10.74081,0.00,0.00
2015.12.09 15:53:06.542,10.73809,10.74071,0.00,0.00
2015.12.09 15:53:06.900,10.73809,10.74081,0.00,0.00
2015.12.09 15:53:07.164,10.73809,10.74102,0.00,0.00
2015.12.09 15:53:07.215,10.73859,10.7411,0.00,0.00
2015.12.09 15:53:07.266,10.7386,10.74122,0.00,0.00
2015.12.09 15:53:07.367,10.7386,10.7415,0.00,0.00
2015.12.09 15:53:07.417,10.73909,10.7415,0.00,0.00
2015.12.09 15:53:07.795,10.73859,10.741,0.00,0.00
2015.12.09 15:53:07.946,10.73859,10.74112,0.00,0.00
2015.12.09 15:53:07.997,10.73908,10.74131,0.00,0.00
2015.12.09 15:53:08.047,10.73908,10.74142,0.00,0.00
2015.12.09 15:53:08.098,10.73908,10.7417,0.00,0.00
2015.12.09 15:53:08.620,10.73908,10.74171,0.00,0.00
2015.12.09 15:53:08.818,10.73909,10.74191,0.00,0.00
2015.12.09 15:53:09.023,10.73958,10.7419,0.00,0.00
2015.12.09 15:53:09.268,10.73958,10.7422,0.00,0.00
2015.12.09 15:53:09.319,10.73958,10.74201,0.00,0.00
2015.12.09 15:53:09.421,10.73908,10.7418,0.00,0.00
2015.12.09 15:53:09.522,10.73958,10.7418,0.00,0.00
2015.12.09 15:53:09.572,10.73958,10.7421,0.00,0.00
2015.12.09 15:53:10.074,10.73958,10.7423,0.00,0.00
2015.12.09 15:53:10.176,10.74059,10.74258,0.00,0.00
2015.12.09 15:53:10.381,10.74108,10.74371,0.00,0.00
2015.12.09 15:53:10.778,10.74108,10.7438,0.00,0.00
2015.12.09 15:53:11.282,10.74108,10.74381,0.00,0.00
2015.12.09 15:53:11.432,10.74108,10.74361,0.00,0.00
2015.12.09 15:53:11.642,10.74108,10.74381,0.00,0.00
2015.12.09 15:53:12.666,10.74108,10.74339,0.00,0.00
2015.12.09 15:53:12.767,10.74008,10.74271,0.00,0.00
2015.12.09 15:53:13.189,10.74008,10.7426,0.00,0.00
2015.12.09 15:53:13.403,10.74008,10.74271,0.00,0.00
2015.12.09 15:53:13.524,10.74008,10.74279,0.00,0.00
2015.12.09 15:53:15.613,10.74059,10.74291,0.00,0.00
2015.12.09 15:53:15.834,10.74108,10.74369,0.00,0.00
2015.12.09 15:53:16.402,10.74108,10.74361,0.00,0.00
2015.12.09 15:53:16.659,10.74059,10.74322,0.00,0.00
2015.12.09 15:53:16.709,10.74058,10.7431,0.00,0.00
2015.12.09 15:53:17.087,10.74058,10.74282,0.00,0.00
2015.12.09 15:53:17.302,10.74058,10.74301,0.00,0.00
2015.12.09 15:53:17.603,10.74058,10.74311,0.00,0.00
2015.12.09 15:53:17.654,10.74108,10.74311,0.00,0.00
2015.12.09 15:53:17.755,10.74108,10.74342,0.00,0.00
2015.12.09 15:53:18.068,10.74059,10.74342,0.00,0.00
2015.12.09 15:53:18.119,10.74058,10.7433,0.00,0.00
2015.12.09 15:53:18.453,10.74058,10.74312,0.00,0.00
2015.12.09 15:53:18.779,10.74109,10.74332,0.00,0.00
2015.12.09 15:53:19.108,10.74109,10.74292,0.00,0.00
2015.12.09 15:53:19.394,10.74109,10.74332,0.00,0.00
2015.12.09 15:53:19.818,10.74109,10.74281,0.00,0.00
2015.12.09 15:53:20.311,10.74109,10.74322,0.00,0.00
2015.12.09 15:53:20.532,10.74109,10.74332,0.00,0.00
2015.12.09 15:53:20.600,10.74058,10.74332,0.00,0.00
2015.12.09 15:53:20.651,10.74058,10.74171,0.00,0.00
2015.12.09 15:53:20.752,10.74058,10.74181,0.00,0.00
2015.12.09 15:53:20.861,10.73959,10.74181,0.00,0.00
2015.12.09 15:53:20.962,10.73908,10.74181,0.00,0.00
2015.12.09 15:53:21.013,10.73908,10.74141,0.00,0.00
2015.12.09 15:53:21.477,10.73908,10.74152,0.00,0.00
2015.12.09 15:53:21.528,10.73908,10.74111,0.00,0.00
2015.12.09 15:53:21.614,10.73908,10.74142,0.00,0.00
2015.12.09 15:53:21.715,10.73908,10.74132,0.00,0.00
2015.12.09 15:53:21.930,10.73908,10.74161,0.00,0.00
2015.12.09 15:53:22.080,10.73959,10.74161,0.00,0.00
2015.12.09 15:53:22.131,10.73959,10.74172,0.00,0.00
2015.12.09 15:53:22.232,10.73959,10.74181,0.00,0.00
2015.12.09 15:53:22.740,10.73959,10.74202,0.00,0.00
2015.12.09 15:53:22.841,10.74008,10.74211,0.00,0.00
2015.12.09 15:53:22.942,10.74008,10.74248,0.00,0.00
2015.12.09 15:53:23.218,10.74008,10.74218,0.00,0.00
2015.12.09 15:53:23.268,10.73958,10.74218,0.00,0.00
2015.12.09 15:53:23.319,10.73958,10.74192,0.00,0.00
2015.12.09 15:53:23.420,10.73958,10.74222,0.00,0.00
2015.12.09 15:53:23.471,10.74009,10.74222,0.00,0.00
2015.12.09 15:53:23.773,10.74009,10.74201,0.00,0.00
2015.12.09 15:53:24.219,10.74009,10.74182,0.00,0.00
2015.12.09 15:53:24.349,10.74009,10.74222,0.00,0.00
2015.12.09 15:53:24.420,10.74009,10.74182,0.00,0.00
2015.12.09 15:53:24.521,10.74009,10.74232,0.00,0.00
2015.12.09 15:53:24.723,10.74009,10.74182,0.00,0.00
2015.12.09 15:53:24.824,10.74009,10.74201,0.00,0.00
2015.12.09 15:53:24.925,10.74009,10.74212,0.00,0.00
2015.12.09 15:53:25.552,10.74009,10.74202,0.00,0.00
2015.12.09 15:53:25.723,10.74009,10.74222,0.00,0.00
2015.12.09 15:53:25.824,10.74009,10.74182,0.00,0.00
2015.12.09 15:53:25.925,10.74009,10.74222,0.00,0.00
2015.12.09 15:53:26.026,10.74009,10.74212,0.00,0.00
2015.12.09 15:53:26.488,10.74009,10.74182,0.00,0.00
2015.12.09 15:53:26.542,10.74009,10.74192,0.00,0.00
2015.12.09 15:53:26.643,10.74009,10.74109,0.00,0.00
2015.12.09 15:53:26.693,10.73911,10.74081,0.00,0.00
2015.12.09 15:53:26.744,10.73859,10.74029,0.00,0.00
2015.12.09 15:53:26.895,10.73808,10.74029,0.00,0.00
2015.12.09 15:53:26.946,10.73808,10.74022,0.00,0.00
2015.12.09 15:53:27.248,10.73808,10.74002,0.00,0.00
2015.12.09 15:53:27.349,10.73808,10.74021,0.00,0.00
2015.12.09 15:53:27.417,10.73759,10.74021,0.00,0.00
2015.12.09 15:53:27.468,10.73758,10.7396,0.00,0.00
2015.12.09 15:53:27.678,10.73708,10.73949,0.00,0.00
2015.12.09 15:53:32.957,10.73708,10.73931,0.00,0.00
2015.12.09 15:53:33.058,10.73708,10.73951,0.00,0.00
2015.12.09 15:53:33.177,10.73708,10.73931,0.00,0.00
2015.12.09 15:53:33.469,10.73708,10.7395,0.00,0.00
2015.12.09 15:53:33.570,10.73708,10.73971,0.00,0.00
2015.12.09 15:53:33.631,10.73708,10.73941,0.00,0.00
2015.12.09 15:53:33.731,10.73708,10.73971,0.00,0.00
2015.12.09 15:53:33.782,10.73708,10.73962,0.00,0.00
2015.12.09 15:53:33.883,10.73708,10.7398,0.00,0.00
2015.12.09 15:53:34.493,10.73708,10.73971,0.00,0.00
2015.12.09 15:53:34.594,10.73708,10.73981,0.00,0.00
2015.12.09 15:53:34.934,10.73758,10.73981,0.00,0.00
2015.12.09 15:53:34.985,10.73758,10.74002,0.00,0.00
2015.12.09 15:53:35.044,10.73758,10.7407,0.00,0.00
2015.12.09 15:53:35.095,10.7376,10.7407,0.00,0.00
2015.12.09 15:53:35.445,10.73809,10.7407,0.00,0.00
2015.12.09 15:53:35.496,10.73809,10.74078,0.00,0.00
2015.12.09 15:53:35.977,10.73809,10.74061,0.00,0.00
2015.12.09 15:53:36.588,10.73809,10.74078,0.00,0.00
2015.12.09 15:53:36.739,10.73809,10.7408,0.00,0.00
2015.12.09 15:53:36.790,10.73858,10.7408,0.00,0.00
2015.12.09 15:53:36.891,10.73808,10.74081,0.00,0.00
2015.12.09 15:53:36.992,10.73859,10.74111,0.00,0.00
2015.12.09 15:53:37.745,10.73859,10.7411,0.00,0.00
2015.12.09 15:53:38.249,10.73859,10.74111,0.00,0.00
2015.12.09 15:53:39.909,10.73859,10.7411,0.00,0.00
2015.12.09 15:53:40.410,10.73859,10.74111,0.00,0.00
2015.12.09 15:53:41.279,10.73859,10.74102,0.00,0.00
2015.12.09 15:53:41.380,10.73859,10.74139,0.00,0.00
2015.12.09 15:53:41.481,10.73859,10.74141,0.00,0.00
2015.12.09 15:53:41.532,10.73909,10.74152,0.00,0.00
2015.12.09 15:53:41.684,10.73909,10.74171,0.00,0.00
2015.12.09 15:53:41.868,10.73909,10.74152,0.00,0.00
2015.12.09 15:53:42.167,10.73859,10.74111,0.00,0.00
2015.12.09 15:53:42.699,10.73858,10.7411,0.00,0.00
2015.12.09 15:53:43.255,10.73858,10.74111,0.00,0.00
2015.12.09 15:53:43.306,10.73908,10.74111,0.00,0.00
2015.12.09 15:53:43.357,10.73908,10.74131,0.00,0.00
2015.12.09 15:53:43.458,10.73908,10.74091,0.00,0.00
2015.12.09 15:53:43.508,10.73858,10.74091,0.00,0.00
2015.12.09 15:53:44.125,10.73858,10.7409,0.00,0.00
2015.12.09 15:53:44.708,10.73858,10.74091,0.00,0.00
2015.12.09 15:53:44.871,10.73858,10.74081,0.00,0.00
2015.12.09 15:53:44.921,10.73808,10.74081,0.00,0.00
2015.12.09 15:53:44.972,10.7381,10.7405,0.00,0.00
2015.12.09 15:53:45.298,10.73808,10.74031,0.00,0.00
2015.12.09 15:53:45.685,10.73828,10.74051,0.00,0.00
2015.12.09 15:53:45.786,10.73828,10.74061,0.00,0.00
2015.12.09 15:53:46.384,10.73828,10.7406,0.00,0.00
2015.12.09 15:53:46.939,10.73828,10.74051,0.00,0.00
2015.12.09 15:53:47.241,10.73828,10.74032,0.00,0.00
2015.12.09 15:53:47.292,10.73828,10.74061,0.00,0.00
2015.12.09 15:53:47.454,10.73828,10.7405,0.00,0.00
2015.12.09 15:53:47.756,10.73778,10.73921,0.00,0.00
2015.12.09 15:53:47.807,10.73651,10.73921,0.00,0.00
2015.12.09 15:53:47.858,10.73629,10.73881,0.00,0.00
2015.12.09 15:53:47.959,10.7363,10.7391,0.00,0.00
2015.12.09 15:53:48.009,10.73678,10.7391,0.00,0.00
2015.12.09 15:53:48.312,10.73729,10.73941,0.00,0.00
2015.12.09 15:53:48.907,10.73679,10.73941,0.00,0.00
2015.12.09 15:53:48.958,10.73679,10.7388,0.00,0.00
2015.12.09 15:53:49.478,10.73678,10.73841,0.00,0.00
2015.12.09 15:53:49.528,10.73628,10.73841,0.00,0.00
2015.12.09 15:53:49.579,10.73628,10.73861,0.00,0.00
2015.12.09 15:53:50.231,10.73628,10.73852,0.00,0.00
2015.12.09 15:53:50.332,10.73628,10.73862,0.00,0.00
2015.12.09 15:53:50.383,10.73628,10.73871,0.00,0.00
2015.12.09 15:53:51.296,10.73628,10.73856,0.00,0.00
2015.12.09 15:53:51.636,10.73429,10.73666,0.00,0.00
2015.12.09 15:53:52.188,10.73429,10.7367,0.00,0.00
2015.12.09 15:53:52.535,10.73429,10.73656,0.00,0.00
2015.12.09 15:53:52.950,10.73429,10.73661,0.00,0.00
2015.12.09 15:53:53.640,10.73429,10.73661,0.00,0.00
2015.12.09 15:53:54.587,10.73428,10.73661,0.00,0.00
2015.12.09 15:53:54.743,10.73428,10.7367,0.00,0.00
2015.12.09 15:53:54.843,10.73428,10.73665,0.00,0.00
2015.12.09 15:53:54.944,10.73342,10.73656,0.00,0.00
2015.12.09 15:53:55.158,10.73389,10.73681,0.00,0.00
2015.12.09 15:53:55.359,10.73439,10.73751,0.00,0.00
2015.12.09 15:53:55.410,10.73441,10.73751,0.00,0.00
2015.12.09 15:53:55.798,10.73352,10.73657,0.00,0.00
2015.12.09 15:53:57.010,10.73352,10.73606,0.00,0.00
2015.12.09 15:53:57.060,10.73301,10.73606,0.00,0.00
2015.12.09 15:53:57.315,10.73289,10.73573,0.00,0.00
2015.12.09 15:53:57.466,10.73239,10.73556,0.00,0.00
2015.12.09 15:53:57.517,10.73239,10.73524,0.00,0.00
2015.12.09 15:53:57.618,10.73239,10.73551,0.00,0.00
2015.12.09 15:53:57.890,10.73339,10.73609,0.00,0.00
2015.12.09 15:53:57.941,10.73339,10.73628,0.00,0.00
2015.12.09 15:53:58.632,10.73339,10.73651,0.00,0.00
2015.12.09 15:53:59.547,10.73388,10.73659,0.00,0.00
2015.12.09 15:53:59.597,10.73388,10.73681,0.00,0.00
2015.12.09 15:53:59.648,10.73388,10.73702,0.00,0.00
2015.12.09 15:54:00.157,10.73389,10.73701,0.00,0.00
2015.12.09 15:54:00.348,10.73399,10.73701,0.00,0.00
2015.12.09 15:54:00.398,10.73438,10.73751,0.00,0.00
2015.12.09 15:54:00.949,10.73438,10.73752,0.00,0.00
2015.12.09 15:54:02.626,10.73439,10.73752,0.00,0.00
2015.12.09 15:54:03.315,10.73438,10.73752,0.00,0.00
2015.12.09 15:54:03.467,10.73438,10.7375,0.00,0.00
2015.12.09 15:54:03.769,10.73351,10.73652,0.00,0.00
2015.12.09 15:54:04.021,10.73289,10.73591,0.00,0.00
2015.12.09 15:54:04.071,10.73299,10.73601,0.00,0.00
2015.12.09 15:54:04.157,10.73338,10.73641,0.00,0.00
2015.12.09 15:54:04.380,10.73338,10.73631,0.00,0.00
2015.12.09 15:54:04.433,10.73338,10.73652,0.00,0.00
2015.12.09 15:54:04.585,10.73338,10.73641,0.00,0.00
2015.12.09 15:54:04.787,10.73341,10.73651,0.00,0.00
2015.12.09 15:54:05.240,10.73348,10.73652,0.00,0.00
2015.12.09 15:54:05.324,10.73341,10.73652,0.00,0.00
2015.12.09 15:54:05.843,10.73352,10.73652,0.00,0.00
2015.12.09 15:54:06.196,10.73352,10.7365,0.00,0.00
2015.12.09 15:54:06.777,10.73352,10.73651,0.00,0.00
2015.12.09 15:54:07.297,10.73352,10.73652,0.00,0.00
2015.12.09 15:54:08.293,10.73341,10.7364,0.00,0.00
2015.12.09 15:54:08.595,10.73341,10.73631,0.00,0.00
2015.12.09 15:54:08.795,10.73341,10.73641,0.00,0.00
2015.12.09 15:54:08.846,10.73341,10.73632,0.00,0.00
2015.12.09 15:54:08.947,10.73352,10.73652,0.00,0.00
2015.12.09 15:54:10.231,10.73352,10.7365,0.00,0.00
2015.12.09 15:54:10.282,10.73341,10.7365,0.00,0.00
2015.12.09 15:54:10.383,10.73341,10.73642,0.00,0.00
2015.12.09 15:54:10.699,10.73352,10.73642,0.00,0.00
2015.12.09 15:54:10.959,10.73352,10.7365,0.00,0.00
2015.12.09 15:54:11.060,10.73352,10.73652,0.00,0.00
2015.12.09 15:54:11.646,10.73352,10.73642,0.00,0.00
2015.12.09 15:54:12.158,10.73352,10.7365,0.00,0.00
2015.12.09 15:54:12.209,10.73352,10.73641,0.00,0.00
2015.12.09 15:54:12.310,10.73342,10.73632,0.00,0.00
2015.12.09 15:54:12.646,10.73351,10.73631,0.00,0.00
2015.12.09 15:54:12.696,10.73351,10.73652,0.00,0.00
2015.12.09 15:54:12.999,10.73388,10.7368,0.00,0.00
2015.12.09 15:54:13.049,10.73402,10.73701,0.00,0.00
2015.12.09 15:54:13.329,10.73352,10.73485,0.00,0.00
2015.12.09 15:54:13.380,10.73138,10.73292,0.00,0.00
2015.12.09 15:54:13.432,10.73138,10.73261,0.00,0.00
2015.12.09 15:54:13.533,10.73011,10.73252,0.00,0.00
2015.12.09 15:54:13.584,10.72951,10.73241,0.00,0.00
2015.12.09 15:54:13.685,10.72941,10.7321,0.00,0.00
2015.12.09 15:54:13.946,10.72941,10.73251,0.00,0.00
2015.12.09 15:54:14.077,10.72951,10.73251,0.00,0.00
2015.12.09 15:54:14.598,10.72952,10.73251,0.00,0.00
2015.12.09 15:54:15.476,10.73002,10.73261,0.00,0.00
2015.12.09 15:54:15.527,10.73002,10.7328,0.00,0.00
2015.12.09 15:54:15.578,10.72988,10.7328,0.00,0.00
2015.12.09 15:54:15.629,10.72951,10.73261,0.00,0.00
2015.12.09 15:54:16.266,10.72951,10.7326,0.00,0.00
2015.12.09 15:54:16.386,10.72951,10.73241,0.00,0.00
2015.12.09 15:54:16.557,10.72951,10.7326,0.00,0.00
2015.12.09 15:54:17.059,10.72952,10.7326,0.00,0.00
2015.12.09 15:54:17.561,10.72952,10.73261,0.00,0.00
2015.12.09 15:54:18.092,10.72952,10.7326,0.00,0.00
2015.12.09 15:54:18.142,10.72952,10.73251,0.00,0.00
2015.12.09 15:54:18.766,10.72952,10.7323,0.00,0.00
2015.12.09 15:54:18.867,10.72952,10.73251,0.00,0.00
2015.12.09 15:54:18.968,10.72952,10.7323,0.00,0.00
2015.12.09 15:54:19.019,10.72941,10.7323,0.00,0.00
2015.12.09 15:54:19.610,10.72941,10.73231,0.00,0.00
2015.12.09 15:54:20.073,10.72941,10.732,0.00,0.00
2015.12.09 15:54:20.216,10.72939,10.732,0.00,0.00
2015.12.09 15:54:20.472,10.72939,10.73221,0.00,0.00
2015.12.09 15:54:20.574,10.72931,10.73221,0.00,0.00
2015.12.09 15:54:20.675,10.72931,10.73232,0.00,0.00
2015.12.09 15:54:21.127,10.72931,10.73241,0.00,0.00
2015.12.09 15:54:21.290,10.72951,10.73242,0.00,0.00
2015.12.09 15:54:21.866,10.72968,10.7326,0.00,0.00
2015.12.09 15:54:21.917,10.72968,10.7328,0.00,0.00
2015.12.09 15:54:22.018,10.72968,10.73271,0.00,0.00
2015.12.09 15:54:22.388,10.72951,10.73241,0.00,0.00
2015.12.09 15:54:23.187,10.72951,10.73191,0.00,0.00
2015.12.09 15:54:23.288,10.72869,10.73171,0.00,0.00
2015.12.09 15:54:23.500,10.72901,10.73141,0.00,0.00
2015.12.09 15:54:23.654,10.72901,10.73182,0.00,0.00
2015.12.09 15:54:25.166,10.72918,10.7321,0.00,0.00
2015.12.09 15:54:25.217,10.72918,10.73232,0.00,0.00
2015.12.09 15:54:25.267,10.72951,10.73232,0.00,0.00
2015.12.09 15:54:28.356,10.72941,10.73232,0.00,0.00
2015.12.09 15:54:28.457,10.72932,10.73232,0.00,0.00
2015.12.09 15:54:29.114,10.72939,10.73232,0.00,0.00
2015.12.09 15:54:29.415,10.72952,10.73232,0.00,0.00
2015.12.09 15:54:30.533,10.72931,10.73232,0.00,0.00
2015.12.09 15:54:30.684,10.72921,10.73231,0.00,0.00
2015.12.09 15:54:31.244,10.72952,10.73232,0.00,0.00
2015.12.09 15:54:31.570,10.73031,10.73281,0.00,0.00
2015.12.09 15:54:31.672,10.73002,10.7328,0.00,0.00
2015.12.09 15:54:31.772,10.72968,10.73271,0.00,0.00
2015.12.09 15:54:31.823,10.72952,10.73232,0.00,0.00
2015.12.09 15:54:32.131,10.72952,10.73171,0.00,0.00
2015.12.09 15:54:32.622,10.72921,10.73171,0.00,0.00
2015.12.09 15:54:32.723,10.72921,10.73122,0.00,0.00
2015.12.09 15:54:32.774,10.72901,10.73122,0.00,0.00
2015.12.09 15:54:32.916,10.72901,10.73072,0.00,0.00
2015.12.09 15:54:33.068,10.72851,10.73072,0.00,0.00
2015.12.09 15:54:37.026,10.72901,10.73122,0.00,0.00
2015.12.09 15:54:37.359,10.72852,10.73072,0.00,0.00
2015.12.09 15:54:37.797,10.72751,10.73021,0.00,0.00
2015.12.09 15:54:38.019,10.72751,10.72972,0.00,0.00
2015.12.09 15:54:38.121,10.72732,10.72972,0.00,0.00
2015.12.09 15:54:38.419,10.72751,10.72972,0.00,0.00
2015.12.09 15:54:39.262,10.72732,10.72972,0.00,0.00
2015.12.09 15:54:39.890,10.72702,10.72972,0.00,0.00
2015.12.09 15:54:40.467,10.72711,10.72972,0.00,0.00
2015.12.09 15:54:41.131,10.72721,10.72972,0.00,0.00
2015.12.09 15:54:41.462,10.72692,10.72972,0.00,0.00
2015.12.09 15:54:41.621,10.72699,10.72972,0.00,0.00
2015.12.09 15:54:41.772,10.72692,10.72972,0.00,0.00
2015.12.09 15:54:42.133,10.72692,10.7297,0.00,0.00
2015.12.09 15:54:42.625,10.72681,10.72922,0.00,0.00
2015.12.09 15:54:42.928,10.72672,10.72872,0.00,0.00
2015.12.09 15:54:43.080,10.72682,10.72972,0.00,0.00
2015.12.09 15:54:43.874,10.72691,10.72972,0.00,0.00
2015.12.09 15:54:44.311,10.72711,10.72972,0.00,0.00
2015.12.09 15:54:45.456,10.72711,10.72872,0.00,0.00
2015.12.09 15:54:45.608,10.72619,10.72872,0.00,0.00
2015.12.09 15:54:45.658,10.72619,10.72821,0.00,0.00
2015.12.09 15:54:45.709,10.72511,10.72772,0.00,0.00
2015.12.09 15:54:45.760,10.72569,10.72772,0.00,0.00
2015.12.09 15:54:45.918,10.72601,10.72871,0.00,0.00
2015.12.09 15:54:47.445,10.72601,10.72821,0.00,0.00
2015.12.09 15:54:47.497,10.72561,10.72821,0.00,0.00
2015.12.09 15:54:47.947,10.72511,10.7282,0.00,0.00
2015.12.09 15:54:47.997,10.72518,10.72771,0.00,0.00
2015.12.09 15:54:48.176,10.72511,10.72771,0.00,0.00
2015.12.09 15:54:48.499,10.72519,10.72771,0.00,0.00
2015.12.09 15:54:48.600,10.72511,10.72771,0.00,0.00
2015.12.09 15:54:50.256,10.72501,10.72771,0.00,0.00
2015.12.09 15:54:51.253,10.72471,10.72721,0.00,0.00
2015.12.09 15:54:51.405,10.72502,10.72771,0.00,0.00
2015.12.09 15:54:51.506,10.72499,10.72771,0.00,0.00
2015.12.09 15:54:51.607,10.72478,10.7277,0.00,0.00
2015.12.09 15:54:51.661,10.72489,10.72771,0.00,0.00
2015.12.09 15:54:51.963,10.72508,10.72771,0.00,0.00
2015.12.09 15:54:52.014,10.72491,10.72771,0.00,0.00
2015.12.09 15:54:52.737,10.72489,10.72722,0.00,0.00
2015.12.09 15:54:52.888,10.72452,10.72722,0.00,0.00
2015.12.09 15:54:52.939,10.72452,10.72671,0.00,0.00
2015.12.09 15:54:53.046,10.72459,10.7272,0.00,0.00
2015.12.09 15:54:53.176,10.72518,10.72771,0.00,0.00
2015.12.09 15:54:53.587,10.72542,10.72771,0.00,0.00
2015.12.09 15:54:53.868,10.72559,10.72821,0.00,0.00
2015.12.09 15:54:53.918,10.72589,10.72821,0.00,0.00
2015.12.09 15:54:54.230,10.72562,10.72771,0.00,0.00
2015.12.09 15:54:54.553,10.72568,10.72771,0.00,0.00
2015.12.09 15:54:54.604,10.72562,10.72771,0.00,0.00
2015.12.09 15:54:54.833,10.72561,10.72821,0.00,0.00
2015.12.09 15:54:54.884,10.72568,10.72821,0.00,0.00
2015.12.09 15:54:54.985,10.72561,10.7282,0.00,0.00
2015.12.09 15:54:55.035,10.72561,10.72771,0.00,0.00
2015.12.09 15:54:56.389,10.72561,10.7282,0.00,0.00
2015.12.09 15:54:56.440,10.72561,10.72852,0.00,0.00
2015.12.09 15:54:56.491,10.72569,10.72852,0.00,0.00
2015.12.09 15:54:56.722,10.72561,10.72852,0.00,0.00
2015.12.09 15:54:57.732,10.72568,10.72852,0.00,0.00
2015.12.09 15:54:57.786,10.72561,10.72852,0.00,0.00
2015.12.09 15:54:58.035,10.72641,10.72841,0.00,0.00
2015.12.09 15:54:58.136,10.72641,10.72889,0.00,0.00
2015.12.09 15:54:58.187,10.72641,10.72941,0.00,0.00
2015.12.09 15:54:58.238,10.7265,10.7294,0.00,0.00
2015.12.09 15:54:58.547,10.72649,10.72931,0.00,0.00
2015.12.09 15:54:58.847,10.7265,10.7294,0.00,0.00
2015.12.09 15:54:58.898,10.7265,10.72892,0.00,0.00
2015.12.09 15:54:58.948,10.72638,10.72881,0.00,0.00
2015.12.09 15:54:58.999,10.72598,10.72842,0.00,0.00
2015.12.09 15:54:59.101,10.72571,10.72842,0.00,0.00
2015.12.09 15:54:59.200,10.72571,10.7284,0.00,0.00
2015.12.09 15:54:59.432,10.72571,10.72842,0.00,0.00
2015.12.09 15:55:00.355,10.72601,10.7288,0.00,0.00
2015.12.09 15:55:00.406,10.72601,10.72861,0.00,0.00
2015.12.09 15:55:00.456,10.72579,10.72861,0.00,0.00
2015.12.09 15:55:00.557,10.72562,10.72841,0.00,0.00
2015.12.09 15:55:00.973,10.72568,10.72841,0.00,0.00
2015.12.09 15:55:01.081,10.72578,10.72881,0.00,0.00
2015.12.09 15:55:01.132,10.72601,10.72892,0.00,0.00
2015.12.09 15:55:01.345,10.72642,10.72942,0.00,0.00
2015.12.09 15:55:02.348,10.72642,10.72892,0.00,0.00
2015.12.09 15:55:02.399,10.72582,10.72891,0.00,0.00
2015.12.09 15:55:03.201,10.72559,10.72842,0.00,0.00
2015.12.09 15:55:03.252,10.72548,10.72842,0.00,0.00
2015.12.09 15:55:03.353,10.72531,10.72842,0.00,0.00
2015.12.09 15:55:04.884,10.72609,10.72889,0.00,0.00
2015.12.09 15:55:05.055,10.72579,10.72891,0.00,0.00
2015.12.09 15:55:05.106,10.72581,10.72891,0.00,0.00
2015.12.09 15:55:05.408,10.72539,10.72841,0.00,0.00
2015.12.09 15:55:05.609,10.72582,10.72891,0.00,0.00
2015.12.09 15:55:05.761,10.72599,10.72891,0.00,0.00
2015.12.09 15:55:05.962,10.72628,10.72942,0.00,0.00
2015.12.09 15:55:06.013,10.72628,10.72921,0.00,0.00
2015.12.09 15:55:06.214,10.72628,10.7294,0.00,0.00
2015.12.09 15:55:06.265,10.72628,10.72942,0.00,0.00
2015.12.09 15:55:06.769,10.72632,10.72942,0.00,0.00
2015.12.09 15:55:07.222,10.72638,10.72942,0.00,0.00
2015.12.09 15:55:07.514,10.72632,10.72942,0.00,0.00
2015.12.09 15:55:08.448,10.72632,10.72941,0.00,0.00
2015.12.09 15:55:08.716,10.72599,10.72862,0.00,0.00
2015.12.09 15:55:08.868,10.72592,10.72862,0.00,0.00
2015.12.09 15:55:10.370,10.72661,10.72862,0.00,0.00
2015.12.09 15:55:10.471,10.72679,10.72912,0.00,0.00
2015.12.09 15:55:10.572,10.72679,10.72962,0.00,0.00
2015.12.09 15:55:10.785,10.72669,10.72962,0.00,0.00
2015.12.09 15:55:11.052,10.72699,10.72962,0.00,0.00
2015.12.09 15:55:11.103,10.7269,10.72962,0.00,0.00
2015.12.09 15:55:11.204,10.72699,10.72962,0.00,0.00
2015.12.09 15:55:11.463,10.72689,10.72962,0.00,0.00
2015.12.09 15:55:11.847,10.72679,10.72962,0.00,0.00
2015.12.09 15:55:11.897,10.72709,10.72962,0.00,0.00
2015.12.09 15:55:12.423,10.7271,10.72962,0.00,0.00
2015.12.09 15:55:12.730,10.72729,10.72972,0.00,0.00
2015.12.09 15:55:13.297,10.7273,10.72972,0.00,0.00
2015.12.09 15:55:13.398,10.72769,10.73061,0.00,0.00
2015.12.09 15:55:13.448,10.72771,10.73061,0.00,0.00
2015.12.09 15:55:13.499,10.72779,10.73072,0.00,0.00
2015.12.09 15:55:13.681,10.7279,10.73072,0.00,0.00
2015.12.09 15:55:13.872,10.72771,10.73072,0.00,0.00
2015.12.09 15:55:13.924,10.72779,10.73072,0.00,0.00
2015.12.09 15:55:14.227,10.72789,10.73072,0.00,0.00
2015.12.09 15:55:14.776,10.7279,10.73072,0.00,0.00
2015.12.09 15:55:14.827,10.72781,10.73072,0.00,0.00
2015.12.09 15:55:15.079,10.72781,10.72972,0.00,0.00
2015.12.09 15:55:15.129,10.72721,10.72972,0.00,0.00
2015.12.09 15:55:15.439,10.72732,10.72972,0.00,0.00
2015.12.09 15:55:16.091,10.72722,10.72972,0.00,0.00
2015.12.09 15:55:17.246,10.72722,10.72962,0.00,0.00
2015.12.09 15:55:17.499,10.72711,10.72962,0.00,0.00
2015.12.09 15:55:20.798,10.72711,10.72912,0.00,0.00
2015.12.09 15:55:20.949,10.72649,10.72912,0.00,0.00
2015.12.09 15:55:21.051,10.72631,10.72912,0.00,0.00
2015.12.09 15:55:21.417,10.72649,10.72912,0.00,0.00
2015.12.09 15:55:21.468,10.72651,10.72962,0.00,0.00
2015.12.09 15:55:21.618,10.7266,10.72962,0.00,0.00
2015.12.09 15:55:21.920,10.72652,10.72912,0.00,0.00
2015.12.09 15:55:22.109,10.72652,10.72962,0.00,0.00
2015.12.09 15:55:22.159,10.72669,10.72962,0.00,0.00
2015.12.09 15:55:22.473,10.72699,10.72962,0.00,0.00
2015.12.09 15:55:22.773,10.72691,10.72962,0.00,0.00
2015.12.09 15:55:23.125,10.72691,10.72861,0.00,0.00
2015.12.09 15:55:23.226,10.72689,10.72861,0.00,0.00
2015.12.09 15:55:23.277,10.72659,10.72861,0.00,0.00
2015.12.09 15:55:23.499,10.72582,10.72861,0.00,0.00
2015.12.09 15:55:23.552,10.72611,10.72861,0.00,0.00
2015.12.09 15:55:23.877,10.72609,10.72861,0.00,0.00
2015.12.09 15:55:23.946,10.72599,10.72861,0.00,0.00
2015.12.09 15:55:24.279,10.72592,10.72861,0.00,0.00
2015.12.09 15:55:24.330,10.72578,10.72861,0.00,0.00
2015.12.09 15:55:24.431,10.72572,10.72861,0.00,0.00
2015.12.09 15:55:24.681,10.72579,10.72861,0.00,0.00
2015.12.09 15:55:25.073,10.72591,10.72861,0.00,0.00
2015.12.09 15:55:26.560,10.72608,10.72861,0.00,0.00
2015.12.09 15:55:26.699,10.72598,10.72861,0.00,0.00
2015.12.09 15:55:26.800,10.72581,10.72861,0.00,0.00
2015.12.09 15:55:27.036,10.72591,10.72861,0.00,0.00
2015.12.09 15:55:27.355,10.72598,10.72861,0.00,0.00
2015.12.09 15:55:27.564,10.72591,10.72861,0.00,0.00
2015.12.09 15:55:28.030,10.72591,10.72872,0.00,0.00
2015.12.09 15:55:28.409,10.72628,10.72931,0.00,0.00
2015.12.09 15:55:28.510,10.72548,10.72842,0.00,0.00
2015.12.09 15:55:28.560,10.72528,10.72842,0.00,0.00
2015.12.09 15:55:28.712,10.72528,10.7284,0.00,0.00
2015.12.09 15:55:29.071,10.72532,10.72842,0.00,0.00
2015.12.09 15:55:29.273,10.72628,10.7294,0.00,0.00
2015.12.09 15:55:29.374,10.72591,10.72891,0.00,0.00
2015.12.09 15:55:29.836,10.72629,10.72939,0.00,0.00
2015.12.09 15:55:29.938,10.72629,10.72941,0.00,0.00
2015.12.09 15:55:33.653,10.72621,10.72902,0.00,0.00
2015.12.09 15:55:33.754,10.72678,10.72971,0.00,0.00
2015.12.09 15:55:33.958,10.72678,10.72992,0.00,0.00
2015.12.09 15:55:34.180,10.72679,10.72982,0.00,0.00
2015.12.09 15:55:34.394,10.72679,10.72991,0.00,0.00
2015.12.09 15:55:34.747,10.72728,10.73011,0.00,0.00
2015.12.09 15:55:34.848,10.72689,10.72992,0.00,0.00
2015.12.09 15:55:34.899,10.72678,10.72992,0.00,0.00
2015.12.09 15:55:35.130,10.72728,10.73021,0.00,0.00
2015.12.09 15:55:35.333,10.72692,10.72992,0.00,0.00
2015.12.09 15:55:35.953,10.72728,10.73002,0.00,0.00
2015.12.09 15:55:36.213,10.72679,10.72991,0.00,0.00
2015.12.09 15:55:36.873,10.72651,10.72911,0.00,0.00
2015.12.09 15:55:37.075,10.72651,10.72921,0.00,0.00
2015.12.09 15:55:38.395,10.72691,10.72961,0.00,0.00
2015.12.09 15:55:38.446,10.72691,10.72972,0.00,0.00
2015.12.09 15:55:38.897,10.72691,10.72961,0.00,0.00
2015.12.09 15:55:39.199,10.72599,10.72872,0.00,0.00
2015.12.09 15:55:39.250,10.72592,10.72861,0.00,0.00
2015.12.09 15:55:39.553,10.72592,10.72821,0.00,0.00
2015.12.09 15:55:39.870,10.72592,10.72872,0.00,0.00
2015.12.09 15:55:40.755,10.72611,10.72872,0.00,0.00
2015.12.09 15:55:41.505,10.72592,10.72872,0.00,0.00
2015.12.09 15:55:41.906,10.72599,10.72872,0.00,0.00
2015.12.09 15:55:42.331,10.72611,10.72872,0.00,0.00
2015.12.09 15:55:43.468,10.72691,10.72972,0.00,0.00
2015.12.09 15:55:43.760,10.72691,10.72962,0.00,0.00
2015.12.09 15:55:44.066,10.72691,10.729,0.00,0.00
2015.12.09 15:55:44.117,10.72602,10.72861,0.00,0.00
2015.12.09 15:55:44.667,10.7262,10.7291,0.00,0.00
2015.12.09 15:55:44.768,10.72602,10.72911,0.00,0.00
2015.12.09 15:55:44.819,10.72611,10.72911,0.00,0.00
2015.12.09 15:55:45.378,10.72611,10.729,0.00,0.00
2015.12.09 15:55:45.758,10.72611,10.72762,0.00,0.00
2015.12.09 15:55:45.909,10.72491,10.7271,0.00,0.00
2015.12.09 15:55:45.960,10.72448,10.72711,0.00,0.00
2015.12.09 15:55:46.111,10.7243,10.72662,0.00,0.00
2015.12.09 15:55:46.307,10.7239,10.72671,0.00,0.00
2015.12.09 15:55:46.459,10.72411,10.72671,0.00,0.00
2015.12.09 15:55:47.089,10.72421,10.72671,0.00,0.00
2015.12.09 15:55:47.794,10.72391,10.72671,0.00,0.00
2015.12.09 15:55:47.845,10.72382,10.72571,0.00,0.00
2015.12.09 15:55:47.895,10.72322,10.72571,0.00,0.00
2015.12.09 15:55:47.946,10.7233,10.72622,0.00,0.00
2015.12.09 15:55:48.407,10.72331,10.72572,0.00,0.00
2015.12.09 15:55:48.458,10.72322,10.72572,0.00,0.00
2015.12.09 15:55:48.980,10.72332,10.72572,0.00,0.00
2015.12.09 15:55:49.182,10.72302,10.72572,0.00,0.00
2015.12.09 15:55:50.105,10.72312,10.72572,0.00,0.00
2015.12.09 15:55:50.686,10.72301,10.72572,0.00,0.00
2015.12.09 15:55:50.795,10.72291,10.72572,0.00,0.00
2015.12.09 15:55:51.154,10.72282,10.72521,0.00,0.00
2015.12.09 15:55:51.205,10.72209,10.72521,0.00,0.00
2015.12.09 15:55:51.306,10.72209,10.72511,0.00,0.00
2015.12.09 15:55:51.608,10.7219,10.72472,0.00,0.00
2015.12.09 15:55:51.710,10.72172,10.72462,0.00,0.00
2015.12.09 15:55:51.760,10.72222,10.72462,0.00,0.00
2015.12.09 15:55:52.849,10.72232,10.72462,0.00,0.00
2015.12.09 15:55:53.153,10.72221,10.72462,0.00,0.00
2015.12.09 15:55:53.598,10.72221,10.72409,0.00,0.00
2015.12.09 15:55:53.648,10.72191,10.72409,0.00,0.00
2015.12.09 15:55:53.699,10.72149,10.7231,0.00,0.00
2015.12.09 15:55:53.850,10.71991,10.72261,0.00,0.00
2015.12.09 15:55:53.951,10.71949,10.72261,0.00,0.00
2015.12.09 15:55:54.002,10.71949,10.72212,0.00,0.00
2015.12.09 15:55:54.103,10.71991,10.72261,0.00,0.00
2015.12.09 15:55:54.986,10.72029,10.72312,0.00,0.00
2015.12.09 15:55:55.100,10.72038,10.72352,0.00,0.00
2015.12.09 15:55:55.207,10.72051,10.72352,0.00,0.00
2015.12.09 15:55:55.559,10.72089,10.72381,0.00,0.00
2015.12.09 15:55:55.784,10.72092,10.72401,0.00,0.00
2015.12.09 15:55:55.835,10.72089,10.72401,0.00,0.00
2015.12.09 15:55:55.886,10.72038,10.7233,0.00,0.00
2015.12.09 15:55:56.259,10.72012,10.72302,0.00,0.00
2015.12.09 15:55:59.266,10.72012,10.72262,0.00,0.00
2015.12.09 15:55:59.518,10.72029,10.72311,0.00,0.00
2015.12.09 15:55:59.618,10.72028,10.72342,0.00,0.00
2015.12.09 15:55:59.697,10.72028,10.7234,0.00,0.00
2015.12.09 15:56:00.820,10.72028,10.72342,0.00,0.00
2015.12.09 15:56:01.269,10.72078,10.7237,0.00,0.00
2015.12.09 15:56:01.471,10.72028,10.72342,0.00,0.00
2015.12.09 15:56:02.125,10.72049,10.72342,0.00,0.00
2015.12.09 15:56:02.175,10.72079,10.72391,0.00,0.00
2015.12.09 15:56:02.226,10.72079,10.7229,0.00,0.00
2015.12.09 15:56:02.399,10.72029,10.7233,0.00,0.00
2015.12.09 15:56:02.512,10.7205,10.72341,0.00,0.00
2015.12.09 15:56:02.616,10.72078,10.72381,0.00,0.00
2015.12.09 15:56:02.717,10.72128,10.72352,0.00,0.00
2015.12.09 15:56:02.818,10.72128,10.72421,0.00,0.00
2015.12.09 15:56:03.006,10.72089,10.72292,0.00,0.00
2015.12.09 15:56:03.107,10.72048,10.7228,0.00,0.00
2015.12.09 15:56:03.157,10.72048,10.7224,0.00,0.00
2015.12.09 15:56:03.309,10.71911,10.72162,0.00,0.00
2015.12.09 15:56:03.460,10.71911,10.72191,0.00,0.00
2015.12.09 15:56:03.511,10.71918,10.72191,0.00,0.00
2015.12.09 15:56:03.611,10.71911,10.72191,0.00,0.00
2015.12.09 15:56:03.924,10.71911,10.7208,0.00,0.00
2015.12.09 15:56:03.974,10.71868,10.7208,0.00,0.00
2015.12.09 15:56:04.025,10.71868,10.72092,0.00,0.00
2015.12.09 15:56:04.076,10.71858,10.72092,0.00,0.00
2015.12.09 15:56:04.177,10.71802,10.72092,0.00,0.00
2015.12.09 15:56:04.429,10.71802,10.7204,0.00,0.00
2015.12.09 15:56:04.530,10.71729,10.7204,0.00,0.00
2015.12.09 15:56:05.241,10.71728,10.7204,0.00,0.00
2015.12.09 15:56:05.784,10.71728,10.72041,0.00,0.00
2015.12.09 15:56:05.834,10.71728,10.71971,0.00,0.00
2015.12.09 15:56:05.885,10.71681,10.71971,0.00,0.00
2015.12.09 15:56:05.936,10.71681,10.7195,0.00,0.00
2015.12.09 15:56:05.986,10.71611,10.71892,0.00,0.00
2015.12.09 15:56:06.037,10.71611,10.71778,0.00,0.00
2015.12.09 15:56:06.087,10.71428,10.71742,0.00,0.00
2015.12.09 15:56:06.338,10.71428,10.7169,0.00,0.00
2015.12.09 15:56:06.439,10.71428,10.71701,0.00,0.00
2015.12.09 15:56:06.640,10.71412,10.71642,0.00,0.00
2015.12.09 15:56:06.691,10.71381,10.71642,0.00,0.00
2015.12.09 15:56:06.742,10.71328,10.71642,0.00,0.00
2015.12.09 15:56:06.793,10.71378,10.71681,0.00,0.00
2015.12.09 15:56:06.844,10.71378,10.71692,0.00,0.00
2015.12.09 15:56:07.197,10.71358,10.71641,0.00,0.00
2015.12.09 15:56:07.398,10.71429,10.71731,0.00,0.00
2015.12.09 15:56:07.449,10.71392,10.71692,0.00,0.00
2015.12.09 15:56:07.600,10.71378,10.71681,0.00,0.00
2015.12.09 15:56:07.751,10.71361,10.7162,0.00,0.00
2015.12.09 15:56:08.118,10.71279,10.7158,0.00,0.00
2015.12.09 15:56:08.168,10.7129,10.71591,0.00,0.00
2015.12.09 15:56:08.321,10.71328,10.71642,0.00,0.00
2015.12.09 15:56:08.371,10.71328,10.71621,0.00,0.00
2015.12.09 15:56:08.623,10.71282,10.71592,0.00,0.00
2015.12.09 15:56:08.674,10.71289,10.71592,0.00,0.00
2015.12.09 15:56:08.976,10.71259,10.71501,0.00,0.00
2015.12.09 15:56:09.027,10.71239,10.71501,0.00,0.00
2015.12.09 15:56:09.078,10.71239,10.71451,0.00,0.00
2015.12.09 15:56:09.128,10.71229,10.71451,0.00,0.00
2015.12.09 15:56:09.229,10.71199,10.71391,0.00,0.00
2015.12.09 15:56:09.330,10.71162,10.71402,0.00,0.00
2015.12.09 15:56:09.381,10.71192,10.71402,0.00,0.00
2015.12.09 15:56:09.432,10.712,10.71502,0.00,0.00
2015.12.09 15:56:09.483,10.71239,10.71491,0.00,0.00
2015.12.09 15:56:09.777,10.71118,10.714,0.00,0.00
2015.12.09 15:56:09.827,10.71128,10.714,0.00,0.00
2015.12.09 15:56:09.983,10.71109,10.71401,0.00,0.00
2015.12.09 15:56:10.084,10.71098,10.71352,0.00,0.00
2015.12.09 15:56:10.286,10.71119,10.71401,0.00,0.00
2015.12.09 15:56:10.404,10.71099,10.71401,0.00,0.00
2015.12.09 15:56:10.505,10.71128,10.71401,0.00,0.00
2015.12.09 15:56:10.784,10.71118,10.71401,0.00,0.00
2015.12.09 15:56:10.993,10.71139,10.71401,0.00,0.00
2015.12.09 15:56:11.285,10.71119,10.71401,0.00,0.00
2015.12.09 15:56:11.336,10.71129,10.71401,0.00,0.00
2015.12.09 15:56:11.386,10.71118,10.71401,0.00,0.00
2015.12.09 15:56:11.487,10.71159,10.71401,0.00,0.00
2015.12.09 15:56:11.588,10.71149,10.71401,0.00,0.00
2015.12.09 15:56:11.689,10.71119,10.71401,0.00,0.00
2015.12.09 15:56:11.817,10.71149,10.71401,0.00,0.00
2015.12.09 15:56:11.988,10.71129,10.71401,0.00,0.00
2015.12.09 15:56:12.089,10.71118,10.71401,0.00,0.00
2015.12.09 15:56:12.423,10.71139,10.71401,0.00,0.00
2015.12.09 15:56:12.487,10.71128,10.71401,0.00,0.00
2015.12.09 15:56:12.537,10.71128,10.7135,0.00,0.00
2015.12.09 15:56:12.588,10.71109,10.7135,0.00,0.00
2015.12.09 15:56:12.689,10.71059,10.71351,0.00,0.00
2015.12.09 15:56:12.740,10.71059,10.71341,0.00,0.00
2015.12.09 15:56:12.790,10.71038,10.71341,0.00,0.00
2015.12.09 15:56:12.961,10.71028,10.71302,0.00,0.00
2015.12.09 15:56:13.112,10.71008,10.71302,0.00,0.00
2015.12.09 15:56:13.163,10.71008,10.71252,0.00,0.00
2015.12.09 15:56:13.314,10.70949,10.71202,0.00,0.00
2015.12.09 15:56:13.435,10.70938,10.71202,0.00,0.00
2015.12.09 15:56:13.713,10.70929,10.712,0.00,0.00
2015.12.09 15:56:13.814,10.70929,10.7119,0.00,0.00
2015.12.09 15:56:14.016,10.70929,10.71221,0.00,0.00
2015.12.09 15:56:14.168,10.70938,10.71211,0.00,0.00
2015.12.09 15:56:14.219,10.70929,10.71211,0.00,0.00
2015.12.09 15:56:14.328,10.70929,10.7122,0.00,0.00
2015.12.09 15:56:14.391,10.70939,10.7122,0.00,0.00
2015.12.09 15:56:14.442,10.70939,10.7123,0.00,0.00
2015.12.09 15:56:14.543,10.70929,10.71231,0.00,0.00
2015.12.09 15:56:14.593,10.70948,10.71231,0.00,0.00
2015.12.09 15:56:14.896,10.70929,10.712,0.00,0.00
2015.12.09 15:56:14.947,10.70929,10.7121,0.00,0.00
2015.12.09 15:56:15.047,10.70929,10.7123,0.00,0.00
2015.12.09 15:56:15.098,10.70959,10.7123,0.00,0.00
2015.12.09 15:56:15.300,10.70949,10.71221,0.00,0.00
2015.12.09 15:56:15.400,10.70929,10.71221,0.00,0.00
2015.12.09 15:56:15.643,10.70919,10.71141,0.00,0.00
2015.12.09 15:56:15.699,10.70829,10.71131,0.00,0.00
2015.12.09 15:56:15.910,10.70878,10.71131,0.00,0.00
2015.12.09 15:56:16.062,10.70878,10.71141,0.00,0.00
2015.12.09 15:56:16.163,10.70838,10.71141,0.00,0.00
2015.12.09 15:56:16.295,10.70829,10.71141,0.00,0.00
2015.12.09 15:56:16.548,10.7085,10.71141,0.00,0.00
2015.12.09 15:56:16.907,10.70829,10.71141,0.00,0.00
2015.12.09 15:56:17.008,10.70812,10.71041,0.00,0.00
2015.12.09 15:56:17.059,10.70798,10.71041,0.00,0.00
2015.12.09 15:56:17.110,10.70758,10.71041,0.00,0.00
2015.12.09 15:56:17.211,10.70799,10.71042,0.00,0.00
2015.12.09 15:56:17.412,10.70758,10.71042,0.00,0.00
2015.12.09 15:56:17.513,10.70748,10.71042,0.00,0.00
2015.12.09 15:56:17.614,10.70728,10.71042,0.00,0.00
2015.12.09 15:56:17.715,10.70758,10.71042,0.00,0.00
2015.12.09 15:56:17.799,10.70749,10.71042,0.00,0.00
2015.12.09 15:56:17.992,10.70739,10.71041,0.00,0.00
2015.12.09 15:56:18.043,10.70729,10.71041,0.00,0.00
2015.12.09 15:56:18.100,10.70788,10.71041,0.00,0.00
2015.12.09 15:56:18.413,10.7073,10.7104,0.00,0.00
2015.12.09 15:56:18.514,10.70749,10.7104,0.00,0.00
2015.12.09 15:56:18.615,10.70739,10.7104,0.00,0.00
2015.12.09 15:56:18.716,10.70779,10.71041,0.00,0.00
2015.12.09 15:56:18.817,10.70738,10.71041,0.00,0.00
2015.12.09 15:56:19.101,10.70769,10.71041,0.00,0.00
2015.12.09 15:56:19.407,10.70728,10.70931,0.00,0.00
2015.12.09 15:56:19.458,10.70629,10.70921,0.00,0.00
2015.12.09 15:56:19.559,10.70629,10.7089,0.00,0.00
2015.12.09 15:56:19.666,10.70629,10.70901,0.00,0.00
2015.12.09 15:56:19.767,10.70629,10.70911,0.00,0.00
2015.12.09 15:56:19.839,10.70629,10.709,0.00,0.00
2015.12.09 15:56:20.067,10.70589,10.70892,0.00,0.00
2015.12.09 15:56:20.168,10.70578,10.7089,0.00,0.00
2015.12.09 15:56:20.320,10.70598,10.70841,0.00,0.00
2015.12.09 15:56:20.421,10.70619,10.70892,0.00,0.00
2015.12.09 15:56:20.471,10.70619,10.70881,0.00,0.00
2015.12.09 15:56:20.887,10.70609,10.70841,0.00,0.00
2015.12.09 15:56:20.938,10.70579,10.70841,0.00,0.00
2015.12.09 15:56:21.039,10.70599,10.70841,0.00,0.00
2015.12.09 15:56:21.347,10.70162,10.70278,0.00,0.00
2015.12.09 15:56:21.452,10.7026,10.70391,0.00,0.00
2015.12.09 15:56:21.503,10.70243,10.70391,0.00,0.00
2015.12.09 15:56:21.553,10.70282,10.70402,0.00,0.00
2015.12.09 15:56:21.856,10.70119,10.70349,0.00,0.00
2015.12.09 15:56:22.101,10.70059,10.70302,0.00,0.00
2015.12.09 15:56:22.152,10.70038,10.70302,0.00,0.00
2015.12.09 15:56:22.269,10.70038,10.70252,0.00,0.00
2015.12.09 15:56:22.320,10.70029,10.70252,0.00,0.00
2015.12.09 15:56:22.371,10.70049,10.70301,0.00,0.00
2015.12.09 15:56:22.421,10.70108,10.70301,0.00,0.00
2015.12.09 15:56:22.523,10.70078,10.70301,0.00,0.00
2015.12.09 15:56:22.624,10.70099,10.70321,0.00,0.00
2015.12.09 15:56:23.037,10.70149,10.70352,0.00,0.00
2015.12.09 15:56:23.340,10.70148,10.70371,0.00,0.00
2015.12.09 15:56:23.743,10.70169,10.70371,0.00,0.00
2015.12.09 15:56:23.844,10.70128,10.70371,0.00,0.00
2015.12.09 15:56:23.944,10.70118,10.70342,0.00,0.00
2015.12.09 15:56:24.255,10.70098,10.70342,0.00,0.00
2015.12.09 15:56:24.360,10.70098,10.7033,0.00,0.00
2015.12.09 15:56:24.665,10.70118,10.70342,0.00,0.00
2015.12.09 15:56:24.716,10.70098,10.70342,0.00,0.00
2015.12.09 15:56:24.817,10.70079,10.70342,0.00,0.00
2015.12.09 15:56:24.918,10.70118,10.70342,0.00,0.00
2015.12.09 15:56:25.019,10.70049,10.70342,0.00,0.00
2015.12.09 15:56:25.224,10.70028,10.7023,0.00,0.00
2015.12.09 15:56:25.275,10.70008,10.7023,0.00,0.00
2015.12.09 15:56:25.480,10.70008,10.70211,0.00,0.00
2015.12.09 15:56:25.783,10.70008,10.70201,0.00,0.00
2015.12.09 15:56:25.884,10.70008,10.70221,0.00,0.00
2015.12.09 15:56:25.985,10.70008,10.70231,0.00,0.00
2015.12.09 15:56:26.086,10.70008,10.70211,0.00,0.00
2015.12.09 15:56:26.548,10.70008,10.70231,0.00,0.00
2015.12.09 15:56:26.599,10.70008,10.70221,0.00,0.00
2015.12.09 15:56:26.901,10.70008,10.7018,0.00,0.00
2015.12.09 15:56:27.205,10.70008,10.70161,0.00,0.00
2015.12.09 15:56:27.306,10.70008,10.7018,0.00,0.00
2015.12.09 15:56:27.407,10.70008,10.70201,0.00,0.00
2015.12.09 15:56:27.608,10.70008,10.7024,0.00,0.00
2015.12.09 15:56:27.803,10.70008,10.702,0.00,0.00
2015.12.09 15:56:27.904,10.69999,10.70231,0.00,0.00
2015.12.09 15:56:28.489,10.69999,10.70201,0.00,0.00
2015.12.09 15:56:28.795,10.70008,10.70211,0.00,0.00
2015.12.09 15:56:28.896,10.70008,10.702,0.00,0.00
2015.12.09 15:56:28.998,10.70008,10.70231,0.00,0.00
2015.12.09 15:56:29.505,10.70008,10.7017,0.00,0.00
2015.12.09 15:56:29.606,10.70008,10.70211,0.00,0.00
2015.12.09 15:56:29.707,10.70008,10.70231,0.00,0.00
2015.12.09 15:56:29.758,10.70008,10.70241,0.00,0.00
2015.12.09 15:56:29.809,10.70008,10.70251,0.00,0.00
2015.12.09 15:56:29.910,10.70008,10.7024,0.00,0.00
2015.12.09 15:56:30.011,10.70008,10.70261,0.00,0.00
2015.12.09 15:56:30.397,10.70008,10.70271,0.00,0.00
2015.12.09 15:56:30.738,10.70008,10.70231,0.00,0.00
2015.12.09 15:56:31.128,10.70008,10.70221,0.00,0.00
2015.12.09 15:56:31.444,10.70008,10.702,0.00,0.00
2015.12.09 15:56:31.776,10.69888,10.69988,0.00,0.00
2015.12.09 15:56:31.827,10.69849,10.6997,0.00,0.00
2015.12.09 15:56:31.878,10.69759,10.6997,0.00,0.00
2015.12.09 15:56:31.929,10.69759,10.70031,0.00,0.00
2015.12.09 15:56:31.979,10.69859,10.70031,0.00,0.00
2015.12.09 15:56:32.030,10.69859,10.70111,0.00,0.00
2015.12.09 15:56:32.131,10.69859,10.70171,0.00,0.00
2015.12.09 15:56:32.182,10.69959,10.70171,0.00,0.00
2015.12.09 15:56:32.232,10.69959,10.70181,0.00,0.00
2015.12.09 15:56:32.333,10.69959,10.70201,0.00,0.00
2015.12.09 15:56:32.434,10.69958,10.70181,0.00,0.00
2015.12.09 15:56:32.535,10.6991,10.7017,0.00,0.00
2015.12.09 15:56:32.636,10.69908,10.7016,0.00,0.00
2015.12.09 15:56:32.804,10.69908,10.70181,0.00,0.00
2015.12.09 15:56:32.855,10.69958,10.70199,0.00,0.00
2015.12.09 15:56:33.101,10.69909,10.70171,0.00,0.00
2015.12.09 15:56:33.508,10.69959,10.70199,0.00,0.00
2015.12.09 15:56:33.559,10.69959,10.70231,0.00,0.00
2015.12.09 15:56:33.610,10.70008,10.70251,0.00,0.00
2015.12.09 15:56:34.060,10.69959,10.70251,0.00,0.00
2015.12.09 15:56:34.111,10.69958,10.70071,0.00,0.00
2015.12.09 15:56:34.262,10.69809,10.70071,0.00,0.00
2015.12.09 15:56:34.476,10.69759,10.70022,0.00,0.00
2015.12.09 15:56:34.527,10.69748,10.69971,0.00,0.00
2015.12.09 15:56:34.578,10.69708,10.69971,0.00,0.00
2015.12.09 15:56:34.864,10.69708,10.69961,0.00,0.00
2015.12.09 15:56:35.167,10.69659,10.69881,0.00,0.00
2015.12.09 15:56:35.217,10.69659,10.69909,0.00,0.00
2015.12.09 15:56:35.318,10.69661,10.69922,0.00,0.00
2015.12.09 15:56:35.507,10.69792,10.69972,0.00,0.00
2015.12.09 15:56:35.558,10.6986,10.70121,0.00,0.00
2015.12.09 15:56:35.609,10.69872,10.70121,0.00,0.00
2015.12.09 15:56:35.710,10.69909,10.70171,0.00,0.00
2015.12.09 15:56:35.811,10.69959,10.70171,0.00,0.00
2015.12.09 15:56:35.861,10.69959,10.7021,0.00,0.00
2015.12.09 15:56:35.912,10.69931,10.7021,0.00,0.00
2015.12.09 15:56:35.963,10.69931,10.70201,0.00,0.00
2015.12.09 15:56:36.271,10.69959,10.70232,0.00,0.00
2015.12.09 15:56:36.322,10.69919,10.7017,0.00,0.00
2015.12.09 15:56:36.373,10.69908,10.7017,0.00,0.00
2015.12.09 15:56:36.423,10.69908,10.7014,0.00,0.00
2015.12.09 15:56:36.632,10.70009,10.7026,0.00,0.00
2015.12.09 15:56:36.683,10.69958,10.7026,0.00,0.00
2015.12.09 15:56:36.734,10.69959,10.70201,0.00,0.00
2015.12.09 15:56:36.986,10.69908,10.70161,0.00,0.00
2015.12.09 15:56:37.037,10.69908,10.7009,0.00,0.00
2015.12.09 15:56:37.138,10.69838,10.70081,0.00,0.00
2015.12.09 15:56:37.239,10.69812,10.69971,0.00,0.00
2015.12.09 15:56:37.289,10.69798,10.69971,0.00,0.00
2015.12.09 15:56:37.340,10.69761,10.69861,0.00,0.00
2015.12.09 15:56:37.390,10.69708,10.69861,0.00,0.00
2015.12.09 15:56:37.441,10.69668,10.69851,0.00,0.00
2015.12.09 15:56:37.492,10.69691,10.69851,0.00,0.00
2015.12.09 15:56:37.543,10.69691,10.69982,0.00,0.00
2015.12.09 15:56:37.593,10.69772,10.69982,0.00,0.00
2015.12.09 15:56:37.905,10.69758,10.6997,0.00,0.00
2015.12.09 15:56:37.956,10.69758,10.69981,0.00,0.00
2015.12.09 15:56:38.057,10.69709,10.69981,0.00,0.00
2015.12.09 15:56:38.426,10.69759,10.6998,0.00,0.00
2015.12.09 15:56:38.577,10.69782,10.70071,0.00,0.00
2015.12.09 15:56:38.678,10.69809,10.7007,0.00,0.00
2015.12.09 15:56:38.883,10.69788,10.70051,0.00,0.00
2015.12.09 15:56:39.035,10.69788,10.70071,0.00,0.00
2015.12.09 15:56:39.536,10.69788,10.7007,0.00,0.00
2015.12.09 15:56:39.649,10.69849,10.70081,0.00,0.00
2015.12.09 15:56:39.750,10.69792,10.70081,0.00,0.00
2015.12.09 15:56:39.801,10.69801,10.70081,0.00,0.00
2015.12.09 15:56:40.105,10.69859,10.70081,0.00,0.00
2015.12.09 15:56:40.156,10.69892,10.7018,0.00,0.00
2015.12.09 15:56:40.239,10.69892,10.70161,0.00,0.00
2015.12.09 15:56:40.550,10.69909,10.70121,0.00,0.00
2015.12.09 15:56:41.001,10.69909,10.7018,0.00,0.00
2015.12.09 15:56:41.102,10.69958,10.7022,0.00,0.00
2015.12.09 15:56:41.405,10.70009,10.7023,0.00,0.00
2015.12.09 15:56:41.856,10.70009,10.70261,0.00,0.00
2015.12.09 15:56:41.973,10.70009,10.70211,0.00,0.00
2015.12.09 15:56:42.158,10.70009,10.7024,0.00,0.00
2015.12.09 15:56:42.706,10.70009,10.7025,0.00,0.00
2015.12.09 15:56:42.807,10.70009,10.7018,0.00,0.00
2015.12.09 15:56:43.020,10.69908,10.70181,0.00,0.00
2015.12.09 15:56:43.172,10.69908,10.70151,0.00,0.00
2015.12.09 15:56:43.506,10.69908,10.7014,0.00,0.00
2015.12.09 15:56:43.865,10.69908,10.7015,0.00,0.00
2015.12.09 15:56:44.295,10.69908,10.70141,0.00,0.00
2015.12.09 15:56:44.396,10.69908,10.7016,0.00,0.00
2015.12.09 15:56:44.607,10.69858,10.7008,0.00,0.00
2015.12.09 15:56:44.809,10.69808,10.7007,0.00,0.00
2015.12.09 15:56:45.349,10.69808,10.70071,0.00,0.00
2015.12.09 15:56:45.610,10.69808,10.70081,0.00,0.00
2015.12.09 15:56:45.711,10.69858,10.70081,0.00,0.00
2015.12.09 15:56:45.813,10.69858,10.70111,0.00,0.00
2015.12.09 15:56:45.914,10.69909,10.70111,0.00,0.00
2015.12.09 15:56:46.115,10.69909,10.70131,0.00,0.00
2015.12.09 15:56:46.572,10.69858,10.70151,0.00,0.00
2015.12.09 15:56:46.723,10.6986,10.7015,0.00,0.00
2015.12.09 15:56:47.026,10.69909,10.7015,0.00,0.00
2015.12.09 15:56:47.566,10.70008,10.7015,0.00,0.00
2015.12.09 15:56:47.752,10.70008,10.702,0.00,0.00
2015.12.09 15:56:47.803,10.70008,10.7023,0.00,0.00
2015.12.09 15:56:48.016,10.70008,10.7019,0.00,0.00
2015.12.09 15:56:48.218,10.70058,10.70281,0.00,0.00
2015.12.09 15:56:48.319,10.70058,10.70292,0.00,0.00
2015.12.09 15:56:48.420,10.70059,10.70351,0.00,0.00
2015.12.09 15:56:48.470,10.70108,10.70331,0.00,0.00
2015.12.09 15:56:48.668,10.70108,10.7035,0.00,0.00
2015.12.09 15:56:48.718,10.70108,10.7032,0.00,0.00
2015.12.09 15:56:48.819,10.70108,10.7035,0.00,0.00
2015.12.09 15:56:48.920,10.70108,10.70371,0.00,0.00
2015.12.09 15:56:49.180,10.70208,10.70381,0.00,0.00
2015.12.09 15:56:49.290,10.70208,10.7041,0.00,0.00
2015.12.09 15:56:49.341,10.70158,10.7041,0.00,0.00
2015.12.09 15:56:49.584,10.70121,10.7041,0.00,0.00
2015.12.09 15:56:49.634,10.7014,10.7041,0.00,0.00
2015.12.09 15:56:49.936,10.70168,10.70411,0.00,0.00
2015.12.09 15:56:50.121,10.70168,10.70431,0.00,0.00
2015.12.09 15:56:50.381,10.70139,10.70391,0.00,0.00
2015.12.09 15:56:50.432,10.7014,10.7041,0.00,0.00
2015.12.09 15:56:50.533,10.70169,10.70429,0.00,0.00
2015.12.09 15:56:50.707,10.70169,10.70431,0.00,0.00
2015.12.09 15:56:50.796,10.70169,10.7045,0.00,0.00
2015.12.09 15:56:51.147,10.70169,10.70471,0.00,0.00
2015.12.09 15:56:51.197,10.70219,10.70471,0.00,0.00
2015.12.09 15:56:51.248,10.70219,10.70499,0.00,0.00
2015.12.09 15:56:51.362,10.70219,10.70511,0.00,0.00
2015.12.09 15:56:51.792,10.70219,10.70531,0.00,0.00
2015.12.09 15:56:51.844,10.70221,10.70531,0.00,0.00
2015.12.09 15:56:52.152,10.70268,10.70449,0.00,0.00
2015.12.09 15:56:52.304,10.70168,10.70411,0.00,0.00
2015.12.09 15:56:52.706,10.70168,10.7042,0.00,0.00
2015.12.09 15:56:52.827,10.70168,10.70449,0.00,0.00
2015.12.09 15:56:52.928,10.70168,10.70451,0.00,0.00
2015.12.09 15:56:52.979,10.70222,10.70451,0.00,0.00
2015.12.09 15:56:53.173,10.70239,10.70532,0.00,0.00
2015.12.09 15:56:53.226,10.70268,10.70552,0.00,0.00
2015.12.09 15:56:53.327,10.70268,10.70561,0.00,0.00
2015.12.09 15:56:53.597,10.70331,10.70561,0.00,0.00
2015.12.09 15:56:53.698,10.70331,10.70581,0.00,0.00
2015.12.09 15:56:53.748,10.70368,10.70581,0.00,0.00
2015.12.09 15:56:53.799,10.70368,10.70631,0.00,0.00
2015.12.09 15:56:53.900,10.70368,10.70661,0.00,0.00
2015.12.09 15:56:53.950,10.7034,10.70582,0.00,0.00
2015.12.09 15:56:54.051,10.70289,10.70581,0.00,0.00
2015.12.09 15:56:54.102,10.70268,10.70552,0.00,0.00
2015.12.09 15:56:54.203,10.70268,10.70562,0.00,0.00
2015.12.09 15:56:54.304,10.70318,10.70562,0.00,0.00
2015.12.09 15:56:54.405,10.70318,10.70581,0.00,0.00
2015.12.09 15:56:54.582,10.70268,10.70541,0.00,0.00
2015.12.09 15:56:54.923,10.7034,10.70572,0.00,0.00
2015.12.09 15:56:55.175,10.70268,10.7058,0.00,0.00
2015.12.09 15:56:55.327,10.70268,10.70542,0.00,0.00
2015.12.09 15:56:55.429,10.70268,10.70581,0.00,0.00
2015.12.09 15:56:55.531,10.70268,10.70542,0.00,0.00
2015.12.09 15:56:55.893,10.70268,10.70531,0.00,0.00
2015.12.09 15:56:55.994,10.70268,10.7054,0.00,0.00
2015.12.09 15:56:56.095,10.70268,10.70531,0.00,0.00
2015.12.09 15:56:56.247,10.70168,10.70481,0.00,0.00
2015.12.09 15:56:56.297,10.70168,10.70451,0.00,0.00
2015.12.09 15:56:56.398,10.70168,10.70462,0.00,0.00
2015.12.09 15:56:56.797,10.70168,10.70481,0.00,0.00
2015.12.09 15:56:57.060,10.70139,10.70431,0.00,0.00
2015.12.09 15:56:57.312,10.70218,10.70532,0.00,0.00
2015.12.09 15:56:57.529,10.70229,10.70532,0.00,0.00
2015.12.09 15:56:57.730,10.70268,10.7058,0.00,0.00
2015.12.09 15:56:57.891,10.70269,10.70551,0.00,0.00
2015.12.09 15:56:58.092,10.70319,10.70631,0.00,0.00
2015.12.09 15:56:58.387,10.70369,10.70632,0.00,0.00
2015.12.09 15:56:58.438,10.70369,10.70661,0.00,0.00
2015.12.09 15:56:58.493,10.70369,10.70678,0.00,0.00
2015.12.09 15:56:58.796,10.70418,10.70661,0.00,0.00
2015.12.09 15:56:58.998,10.70469,10.70731,0.00,0.00
2015.12.09 15:56:59.099,10.70501,10.70781,0.00,0.00
2015.12.09 15:56:59.200,10.70518,10.70828,0.00,0.00
2015.12.09 15:56:59.383,10.70618,10.70822,0.00,0.00
2015.12.09 15:56:59.535,10.70862,10.71142,0.00,0.00
2015.12.09 15:56:59.636,10.70849,10.71142,0.00,0.00
2015.12.09 15:56:59.687,10.70812,10.71142,0.00,0.00
2015.12.09 15:56:59.889,10.70812,10.71042,0.00,0.00
2015.12.09 15:56:59.990,10.70768,10.71081,0.00,0.00
2015.12.09 15:57:00.041,10.70769,10.71092,0.00,0.00
2015.12.09 15:57:00.091,10.70792,10.71092,0.00,0.00
2015.12.09 15:57:00.142,10.70818,10.7114,0.00,0.00
2015.12.09 15:57:00.243,10.70818,10.7113,0.00,0.00
2015.12.09 15:57:00.574,10.70769,10.71069,0.00,0.00
2015.12.09 15:57:00.632,10.70719,10.71041,0.00,0.00
2015.12.09 15:57:00.783,10.7079,10.71091,0.00,0.00
2015.12.09 15:57:00.934,10.70818,10.71131,0.00,0.00
2015.12.09 15:57:00.985,10.70818,10.71142,0.00,0.00
2015.12.09 15:57:01.086,10.70868,10.71171,0.00,0.00
2015.12.09 15:57:01.288,10.70868,10.7118,0.00,0.00
2015.12.09 15:57:01.339,10.7082,10.71142,0.00,0.00
2015.12.09 15:57:01.440,10.70818,10.71142,0.00,0.00
2015.12.09 15:57:01.490,10.70818,10.7113,0.00,0.00
2015.12.09 15:57:01.641,10.70718,10.71042,0.00,0.00
2015.12.09 15:57:01.808,10.70718,10.71022,0.00,0.00
2015.12.09 15:57:02.111,10.70609,10.7094,0.00,0.00
2015.12.09 15:57:02.253,10.70609,10.70931,0.00,0.00
2015.12.09 15:57:02.355,10.70609,10.7094,0.00,0.00
2015.12.09 15:57:02.944,10.70609,10.70941,0.00,0.00
2015.12.09 15:57:03.189,10.70658,10.70952,0.00,0.00
2015.12.09 15:57:03.240,10.70658,10.70961,0.00,0.00
2015.12.09 15:57:03.291,10.70618,10.70942,0.00,0.00
2015.12.09 15:57:03.493,10.70618,10.70931,0.00,0.00
2015.12.09 15:57:03.594,10.70618,10.70941,0.00,0.00
2015.12.09 15:57:03.695,10.70618,10.7093,0.00,0.00
2015.12.09 15:57:03.959,10.70569,10.70892,0.00,0.00
2015.12.09 15:57:04.179,10.70581,10.70891,0.00,0.00
2015.12.09 15:57:04.230,10.70609,10.70941,0.00,0.00
2015.12.09 15:57:04.835,10.70631,10.70941,0.00,0.00
2015.12.09 15:57:04.936,10.70658,10.7098,0.00,0.00
2015.12.09 15:57:04.987,10.70658,10.70989,0.00,0.00
2015.12.09 15:57:05.362,10.70831,10.70992,0.00,0.00
2015.12.09 15:57:05.413,10.70831,10.71142,0.00,0.00
2015.12.09 15:57:05.516,10.70909,10.71111,0.00,0.00
2015.12.09 15:57:05.617,10.70909,10.71131,0.00,0.00
2015.12.09 15:57:06.119,10.70909,10.71152,0.00,0.00
2015.12.09 15:57:06.295,10.71009,10.71152,0.00,0.00
2015.12.09 15:57:06.345,10.71009,10.71171,0.00,0.00
2015.12.09 15:57:06.612,10.71009,10.71241,0.00,0.00
2015.12.09 15:57:07.074,10.71009,10.7127,0.00,0.00
2015.12.09 15:57:07.246,10.71058,10.71271,0.00,0.00
2015.12.09 15:57:07.397,10.71058,10.71351,0.00,0.00
2015.12.09 15:57:07.650,10.71109,10.71341,0.00,0.00
2015.12.09 15:57:07.906,10.71109,10.71381,0.00,0.00
2015.12.09 15:57:08.371,10.71158,10.7138,0.00,0.00
2015.12.09 15:57:08.421,10.71158,10.71411,0.00,0.00
2015.12.09 15:57:08.472,10.71121,10.71408,0.00,0.00
2015.12.09 15:57:08.523,10.71121,10.71381,0.00,0.00
2015.12.09 15:57:08.573,10.71108,10.71381,0.00,0.00
2015.12.09 15:57:09.210,10.71108,10.71341,0.00,0.00
2015.12.09 15:57:09.512,10.71108,10.7138,0.00,0.00
2015.12.09 15:57:10.087,10.71108,10.71381,0.00,0.00
2015.12.09 15:57:10.228,10.71108,10.71371,0.00,0.00
2015.12.09 15:57:10.739,10.71108,10.7137,0.00,0.00
2015.12.09 15:57:11.040,10.71108,10.7136,0.00,0.00
2015.12.09 15:57:11.091,10.71108,10.71371,0.00,0.00
2015.12.09 15:57:11.329,10.71109,10.71351,0.00,0.00
2015.12.09 15:57:11.430,10.71032,10.71342,0.00,0.00
2015.12.09 15:57:11.794,10.71032,10.7134,0.00,0.00
2015.12.09 15:57:11.994,10.71032,10.71342,0.00,0.00
2015.12.09 15:57:12.689,10.71031,10.71342,0.00,0.00
2015.12.09 15:57:13.271,10.71032,10.71342,0.00,0.00
2015.12.09 15:57:13.904,10.71031,10.71341,0.00,0.00
2015.12.09 15:57:13.955,10.71031,10.71319,0.00,0.00
2015.12.09 15:57:14.293,10.70911,10.71191,0.00,0.00
2015.12.09 15:57:14.394,10.70882,10.71191,0.00,0.00
2015.12.09 15:57:14.545,10.70882,10.71141,0.00,0.00
2015.12.09 15:57:14.596,10.70831,10.71141,0.00,0.00
2015.12.09 15:57:14.647,10.70831,10.7112,0.00,0.00
2015.12.09 15:57:14.697,10.70818,10.7112,0.00,0.00
2015.12.09 15:57:14.748,10.70782,10.71091,0.00,0.00
2015.12.09 15:57:14.859,10.70808,10.7111,0.00,0.00
2015.12.09 15:57:14.960,10.70821,10.71141,0.00,0.00
2015.12.09 15:57:15.625,10.70821,10.71142,0.00,0.00
2015.12.09 15:57:15.726,10.70821,10.71092,0.00,0.00
2015.12.09 15:57:15.928,10.70782,10.71092,0.00,0.00
2015.12.09 15:57:16.939,10.70782,10.71042,0.00,0.00
2015.12.09 15:57:17.040,10.70732,10.71042,0.00,0.00
2015.12.09 15:57:17.141,10.70718,10.71042,0.00,0.00
2015.12.09 15:57:17.242,10.70718,10.71039,0.00,0.00
2015.12.09 15:57:17.545,10.70632,10.70942,0.00,0.00
2015.12.09 15:57:18.103,10.70632,10.7093,0.00,0.00
2015.12.09 15:57:18.204,10.70668,10.70988,0.00,0.00
2015.12.09 15:57:18.254,10.70732,10.70992,0.00,0.00
2015.12.09 15:57:18.355,10.70732,10.71042,0.00,0.00
2015.12.09 15:57:18.593,10.70732,10.70952,0.00,0.00
2015.12.09 15:57:18.910,10.70752,10.70952,0.00,0.00
2015.12.09 15:57:18.961,10.70819,10.71088,0.00,0.00
2015.12.09 15:57:19.112,10.70831,10.7111,0.00,0.00
2015.12.09 15:57:19.213,10.70831,10.71141,0.00,0.00
2015.12.09 15:57:19.566,10.70868,10.7118,0.00,0.00
2015.12.09 15:57:19.617,10.70868,10.71192,0.00,0.00
2015.12.09 15:57:19.667,10.70921,10.71192,0.00,0.00
2015.12.09 15:57:19.819,10.70932,10.71242,0.00,0.00
2015.12.09 15:57:20.118,10.71008,10.71298,0.00,0.00
2015.12.09 15:57:20.219,10.71032,10.71342,0.00,0.00
2015.12.09 15:57:20.589,10.71108,10.71401,0.00,0.00
2015.12.09 15:57:20.791,10.71032,10.71342,0.00,0.00
2015.12.09 15:57:21.251,10.71059,10.7137,0.00,0.00
2015.12.09 15:57:21.302,10.71082,10.71391,0.00,0.00
2015.12.09 15:57:21.996,10.71108,10.71421,0.00,0.00
2015.12.09 15:57:22.238,10.71108,10.71442,0.00,0.00
2015.12.09 15:57:22.289,10.71132,10.71442,0.00,0.00
2015.12.09 15:57:22.592,10.71182,10.71481,0.00,0.00
2015.12.09 15:57:22.693,10.71231,10.71541,0.00,0.00
2015.12.09 15:57:22.743,10.71232,10.71521,0.00,0.00
2015.12.09 15:57:22.945,10.71232,10.71541,0.00,0.00
2015.12.09 15:57:23.096,10.71219,10.71541,0.00,0.00
2015.12.09 15:57:23.203,10.71209,10.71541,0.00,0.00
2015.12.09 15:57:23.982,10.71201,10.71492,0.00,0.00
2015.12.09 15:57:24.234,10.71108,10.71441,0.00,0.00
2015.12.09 15:57:24.547,10.71092,10.71281,0.00,0.00
2015.12.09 15:57:24.698,10.7091,10.71252,0.00,0.00
2015.12.09 15:57:24.749,10.70908,10.71252,0.00,0.00
2015.12.09 15:57:25.274,10.70908,10.71219,0.00,0.00
2015.12.09 15:57:25.375,10.70858,10.71202,0.00,0.00
2015.12.09 15:57:25.729,10.7089,10.71122,0.00,0.00
2015.12.09 15:57:25.981,10.70902,10.71212,0.00,0.00
2015.12.09 15:57:26.195,10.70928,10.71241,0.00,0.00
2015.12.09 15:57:26.246,10.71002,10.71272,0.00,0.00
2015.12.09 15:57:26.397,10.71001,10.71322,0.00,0.00
2015.12.09 15:57:26.548,10.7102,10.71322,0.00,0.00
2015.12.09 15:57:26.750,10.71092,10.71412,0.00,0.00
2015.12.09 15:57:27.142,10.71151,10.71449,0.00,0.00
2015.12.09 15:57:27.193,10.71151,10.71461,0.00,0.00
2015.12.09 15:57:27.596,10.71151,10.71411,0.00,0.00
2015.12.09 15:57:27.697,10.71101,10.71411,0.00,0.00
2015.12.09 15:57:27.898,10.71092,10.71411,0.00,0.00
2015.12.09 15:57:28.224,10.71098,10.7144,0.00,0.00
2015.12.09 15:57:28.595,10.71098,10.7143,0.00,0.00
2015.12.09 15:57:29.172,10.71098,10.71431,0.00,0.00
2015.12.09 15:57:29.438,10.71098,10.7144,0.00,0.00
2015.12.09 15:57:29.489,10.71102,10.71442,0.00,0.00
2015.12.09 15:57:30.054,10.71108,10.71452,0.00,0.00
2015.12.09 15:57:32.465,10.71108,10.71431,0.00,0.00
2015.12.09 15:57:32.739,10.71108,10.71449,0.00,0.00
2015.12.09 15:57:32.840,10.71108,10.71451,0.00,0.00
2015.12.09 15:57:33.353,10.71108,10.71452,0.00,0.00
2015.12.09 15:57:33.469,10.71108,10.71441,0.00,0.00
2015.12.09 15:57:33.815,10.71108,10.71431,0.00,0.00
2015.12.09 15:57:34.117,10.70971,10.71251,0.00,0.00
2015.12.09 15:57:34.222,10.70971,10.71272,0.00,0.00
2015.12.09 15:57:36.098,10.70991,10.71262,0.00,0.00
2015.12.09 15:57:36.441,10.71019,10.71301,0.00,0.00
2015.12.09 15:57:36.492,10.70991,10.713,0.00,0.00
2015.12.09 15:57:36.543,10.7099,10.71272,0.00,0.00
2015.12.09 15:57:36.593,10.70979,10.71272,0.00,0.00
2015.12.09 15:57:36.644,10.70961,10.71272,0.00,0.00
2015.12.09 15:57:36.884,10.7097,10.71272,0.00,0.00
2015.12.09 15:57:36.985,10.70961,10.71272,0.00,0.00
2015.12.09 15:57:37.227,10.70969,10.71272,0.00,0.00
2015.12.09 15:57:37.567,10.711,10.71321,0.00,0.00
2015.12.09 15:57:37.617,10.71099,10.71371,0.00,0.00
2015.12.09 15:57:37.989,10.71149,10.71371,0.00,0.00
2015.12.09 15:57:38.090,10.71162,10.71422,0.00,0.00
2015.12.09 15:57:38.141,10.71151,10.71422,0.00,0.00
2015.12.09 15:57:38.191,10.71151,10.71401,0.00,0.00
2015.12.09 15:57:38.242,10.71102,10.71401,0.00,0.00
2015.12.09 15:57:38.293,10.7115,10.71421,0.00,0.00
2015.12.09 15:57:38.463,10.71108,10.71401,0.00,0.00
2015.12.09 15:57:38.515,10.71101,10.71352,0.00,0.00
2015.12.09 15:57:38.565,10.71082,10.71352,0.00,0.00
2015.12.09 15:57:38.666,10.71062,10.71352,0.00,0.00
2015.12.09 15:57:39.044,10.71079,10.71352,0.00,0.00
2015.12.09 15:57:39.397,10.71098,10.71352,0.00,0.00
2015.12.09 15:57:39.506,10.71091,10.71352,0.00,0.00
2015.12.09 15:57:39.607,10.711,10.71352,0.00,0.00
2015.12.09 15:57:40.099,10.71061,10.71352,0.00,0.00
2015.12.09 15:57:40.250,10.71108,10.714,0.00,0.00
2015.12.09 15:57:40.301,10.71108,10.7141,0.00,0.00
2015.12.09 15:57:40.351,10.71108,10.71408,0.00,0.00
2015.12.09 15:57:40.843,10.71109,10.71401,0.00,0.00
2015.12.09 15:57:41.153,10.71092,10.71401,0.00,0.00
2015.12.09 15:57:41.254,10.71099,10.71401,0.00,0.00
2015.12.09 15:57:41.416,10.71092,10.71401,0.00,0.00
2015.12.09 15:57:41.552,10.71098,10.71401,0.00,0.00
2015.12.09 15:57:41.711,10.71092,10.71401,0.00,0.00
2015.12.09 15:57:42.009,10.71118,10.71401,0.00,0.00
2015.12.09 15:57:42.060,10.71071,10.71401,0.00,0.00
2015.12.09 15:57:42.111,10.71152,10.71401,0.00,0.00
2015.12.09 15:57:42.162,10.71152,10.7141,0.00,0.00
2015.12.09 15:57:42.212,10.71249,10.71452,0.00,0.00
2015.12.09 15:57:42.263,10.71249,10.71552,0.00,0.00
2015.12.09 15:57:42.314,10.71258,10.71552,0.00,0.00
2015.12.09 15:57:42.465,10.71239,10.71552,0.00,0.00
2015.12.09 15:57:42.516,10.71218,10.71552,0.00,0.00
2015.12.09 15:57:42.567,10.71208,10.71502,0.00,0.00
2015.12.09 15:57:42.617,10.71202,10.71502,0.00,0.00
2015.12.09 15:57:42.861,10.71229,10.71502,0.00,0.00
2015.12.09 15:57:43.178,10.71238,10.71502,0.00,0.00
2015.12.09 15:57:43.229,10.71269,10.71559,0.00,0.00
2015.12.09 15:57:43.287,10.71269,10.71581,0.00,0.00
2015.12.09 15:57:43.464,10.71251,10.71552,0.00,0.00
2015.12.09 15:57:43.566,10.71268,10.71581,0.00,0.00
2015.12.09 15:57:43.667,10.71292,10.71602,0.00,0.00
2015.12.09 15:57:43.768,10.71292,10.7161,0.00,0.00
2015.12.09 15:57:43.818,10.71292,10.71581,0.00,0.00
2015.12.09 15:57:43.869,10.71288,10.71581,0.00,0.00
2015.12.09 15:57:43.920,10.71268,10.71561,0.00,0.00
2015.12.09 15:57:44.024,10.71252,10.71561,0.00,0.00
2015.12.09 15:57:44.074,10.71291,10.71561,0.00,0.00
2015.12.09 15:57:44.338,10.71218,10.71549,0.00,0.00
2015.12.09 15:57:44.770,10.71228,10.71548,0.00,0.00
2015.12.09 15:57:44.822,10.71218,10.71548,0.00,0.00
2015.12.09 15:57:45.223,10.71269,10.71548,0.00,0.00
2015.12.09 15:57:45.470,10.71269,10.71609,0.00,0.00
2015.12.09 15:57:45.571,10.71319,10.71609,0.00,0.00
2015.12.09 15:57:45.622,10.71319,10.71612,0.00,0.00
2015.12.09 15:57:45.673,10.71319,10.71651,0.00,0.00
2015.12.09 15:57:46.228,10.71319,10.71631,0.00,0.00
2015.12.09 15:57:46.635,10.71268,10.71609,0.00,0.00
2015.12.09 15:57:46.736,10.71318,10.71609,0.00,0.00
2015.12.09 15:57:46.838,10.71318,10.71652,0.00,0.00
2015.12.09 15:57:46.941,10.71318,10.71658,0.00,0.00
2015.12.09 15:57:47.472,10.71318,10.7165,0.00,0.00
2015.12.09 15:57:47.912,10.71318,10.71659,0.00,0.00
2015.12.09 15:57:48.458,10.71318,10.71652,0.00,0.00
2015.12.09 15:57:48.636,10.71318,10.71659,0.00,0.00
2015.12.09 15:57:48.741,10.71358,10.71659,0.00,0.00
2015.12.09 15:57:48.791,10.71358,10.71661,0.00,0.00
2015.12.09 15:57:48.842,10.71358,10.71651,0.00,0.00
2015.12.09 15:57:49.191,10.71508,10.71652,0.00,0.00
2015.12.09 15:57:49.370,10.71508,10.71842,0.00,0.00
2015.12.09 15:57:49.539,10.71508,10.71832,0.00,0.00
2015.12.09 15:57:49.840,10.71501,10.71791,0.00,0.00
2015.12.09 15:57:51.262,10.71508,10.71822,0.00,0.00
2015.12.09 15:57:51.521,10.71508,10.71831,0.00,0.00
2015.12.09 15:57:51.572,10.71508,10.71842,0.00,0.00
2015.12.09 15:57:51.644,10.71508,10.71822,0.00,0.00
2015.12.09 15:57:51.745,10.71508,10.71842,0.00,0.00
2015.12.09 15:57:51.846,10.71508,10.71831,0.00,0.00
2015.12.09 15:57:51.947,10.71508,10.71842,0.00,0.00
2015.12.09 15:57:52.720,10.71508,10.71831,0.00,0.00
2015.12.09 15:57:53.266,10.71508,10.71812,0.00,0.00
2015.12.09 15:57:53.568,10.71608,10.71931,0.00,0.00
2015.12.09 15:57:53.861,10.71608,10.71858,0.00,0.00
2015.12.09 15:57:53.912,10.71559,10.7184,0.00,0.00
2015.12.09 15:57:53.963,10.71509,10.7184,0.00,0.00
2015.12.09 15:57:54.013,10.71558,10.71879,0.00,0.00
2015.12.09 15:57:54.070,10.71558,10.71881,0.00,0.00
2015.12.09 15:57:54.322,10.71558,10.71892,0.00,0.00
2015.12.09 15:57:54.372,10.71608,10.71908,0.00,0.00
2015.12.09 15:57:54.423,10.71608,10.71942,0.00,0.00
2015.12.09 15:57:57.190,10.71608,10.71941,0.00,0.00
2015.12.09 15:57:57.405,10.71658,10.71978,0.00,0.00
2015.12.09 15:57:57.678,10.71618,10.71942,0.00,0.00
2015.12.09 15:57:58.162,10.71618,10.71899,0.00,0.00
2015.12.09 15:57:58.213,10.71568,10.71892,0.00,0.00
2015.12.09 15:57:58.743,10.71552,10.71842,0.00,0.00
2015.12.09 15:57:58.965,10.71518,10.71842,0.00,0.00
2015.12.09 15:57:59.067,10.71519,10.71831,0.00,0.00
2015.12.09 15:57:59.366,10.71519,10.71841,0.00,0.00
2015.12.09 15:58:00.191,10.71519,10.7184,0.00,0.00
2015.12.09 15:58:00.242,10.71519,10.71831,0.00,0.00
2015.12.09 15:58:00.295,10.71519,10.71841,0.00,0.00
2015.12.09 15:58:00.471,10.71519,10.71811,0.00,0.00
2015.12.09 15:58:00.572,10.71568,10.71861,0.00,0.00
2015.12.09 15:58:00.673,10.71568,10.71881,0.00,0.00
2015.12.09 15:58:00.774,10.71568,10.71892,0.00,0.00
2015.12.09 15:58:01.292,10.71568,10.71859,0.00,0.00
2015.12.09 15:58:01.350,10.71518,10.71821,0.00,0.00
2015.12.09 15:58:01.402,10.71518,10.71841,0.00,0.00
2015.12.09 15:58:01.453,10.71518,10.71758,0.00,0.00
2015.12.09 15:58:01.504,10.71501,10.71758,0.00,0.00
2015.12.09 15:58:01.556,10.71468,10.71758,0.00,0.00
2015.12.09 15:58:01.708,10.71501,10.71791,0.00,0.00
2015.12.09 15:58:01.809,10.71519,10.71838,0.00,0.00
2015.12.09 15:58:01.910,10.71519,10.71822,0.00,0.00
2015.12.09 15:58:02.011,10.71518,10.71842,0.00,0.00
2015.12.09 15:58:02.315,10.71518,10.71831,0.00,0.00
2015.12.09 15:58:02.629,10.71619,10.71848,0.00,0.00
2015.12.09 15:58:02.730,10.71532,10.71842,0.00,0.00
2015.12.09 15:58:02.781,10.71551,10.71842,0.00,0.00
2015.12.09 15:58:02.883,10.71532,10.71842,0.00,0.00
2015.12.09 15:58:03.034,10.71532,10.71792,0.00,0.00
2015.12.09 15:58:03.085,10.71519,10.71792,0.00,0.00
2015.12.09 15:58:03.236,10.71491,10.71792,0.00,0.00
2015.12.09 15:58:03.288,10.71451,10.71741,0.00,0.00
2015.12.09 15:58:03.339,10.71419,10.71741,0.00,0.00
2015.12.09 15:58:03.641,10.71419,10.7173,0.00,0.00
2015.12.09 15:58:03.987,10.71419,10.71721,0.00,0.00
2015.12.09 15:58:04.511,10.71419,10.71731,0.00,0.00
2015.12.09 15:58:04.639,10.71419,10.71741,0.00,0.00
2015.12.09 15:58:04.856,10.71419,10.71729,0.00,0.00
2015.12.09 15:58:05.774,10.71468,10.71729,0.00,0.00
2015.12.09 15:58:05.875,10.71472,10.71782,0.00,0.00
2015.12.09 15:58:05.926,10.71472,10.71792,0.00,0.00
2015.12.09 15:58:06.027,10.71499,10.71791,0.00,0.00
2015.12.09 15:58:06.280,10.71438,10.71739,0.00,0.00
2015.12.09 15:58:06.331,10.71402,10.71638,0.00,0.00
2015.12.09 15:58:06.432,10.71369,10.71639,0.00,0.00
2015.12.09 15:58:06.604,10.71319,10.71639,0.00,0.00
2015.12.09 15:58:06.828,10.71351,10.71639,0.00,0.00
2015.12.09 15:58:06.879,10.71369,10.71668,0.00,0.00
2015.12.09 15:58:07.131,10.71419,10.71668,0.00,0.00
2015.12.09 15:58:07.181,10.71419,10.71719,0.00,0.00
2015.12.09 15:58:07.633,10.71438,10.71719,0.00,0.00
2015.12.09 15:58:07.734,10.71419,10.71719,0.00,0.00
2015.12.09 15:58:08.802,10.71429,10.71738,0.00,0.00
2015.12.09 15:58:08.853,10.71439,10.71738,0.00,0.00
2015.12.09 15:58:09.033,10.71439,10.71741,0.00,0.00
2015.12.09 15:58:09.337,10.71419,10.71741,0.00,0.00
2015.12.09 15:58:09.438,10.71429,10.71741,0.00,0.00
2015.12.09 15:58:09.543,10.71419,10.71741,0.00,0.00
2015.12.09 15:58:09.594,10.71419,10.7172,0.00,0.00
2015.12.09 15:58:09.981,10.71419,10.71711,0.00,0.00
2015.12.09 15:58:10.032,10.71368,10.71681,0.00,0.00
2015.12.09 15:58:10.461,10.71368,10.71692,0.00,0.00
2015.12.09 15:58:10.511,10.71352,10.71642,0.00,0.00
2015.12.09 15:58:10.612,10.71318,10.71642,0.00,0.00
2015.12.09 15:58:10.814,10.71328,10.71642,0.00,0.00
2015.12.09 15:58:11.213,10.71368,10.71692,0.00,0.00
2015.12.09 15:58:11.765,10.71369,10.71692,0.00,0.00
2015.12.09 15:58:11.866,10.71418,10.71708,0.00,0.00
2015.12.09 15:58:11.916,10.71418,10.71712,0.00,0.00
2015.12.09 15:58:12.018,10.71419,10.71742,0.00,0.00
2015.12.09 15:58:12.535,10.71418,10.71742,0.00,0.00
2015.12.09 15:58:12.737,10.71401,10.71692,0.00,0.00
2015.12.09 15:58:12.787,10.71399,10.71692,0.00,0.00
2015.12.09 15:58:12.838,10.71369,10.71692,0.00,0.00
2015.12.09 15:58:13.586,10.71368,10.71692,0.00,0.00
2015.12.09 15:58:14.818,10.71369,10.71691,0.00,0.00
2015.12.09 15:58:14.970,10.71371,10.71691,0.00,0.00
2015.12.09 15:58:15.020,10.71418,10.71742,0.00,0.00
2015.12.09 15:58:16.752,10.71419,10.71742,0.00,0.00
2015.12.09 15:58:17.298,10.71551,10.71741,0.00,0.00
2015.12.09 15:58:17.449,10.71568,10.71881,0.00,0.00
2015.12.09 15:58:17.500,10.71568,10.71831,0.00,0.00
2015.12.09 15:58:17.550,10.71519,10.71831,0.00,0.00
2015.12.09 15:58:17.601,10.71519,10.71841,0.00,0.00
2015.12.09 15:58:18.958,10.71498,10.71792,0.00,0.00
2015.12.09 15:58:19.008,10.71519,10.71841,0.00,0.00
2015.12.09 15:58:19.059,10.71551,10.71812,0.00,0.00
2015.12.09 15:58:19.160,10.71519,10.71841,0.00,0.00
2015.12.09 15:58:19.417,10.71569,10.71858,0.00,0.00
2015.12.09 15:58:19.518,10.71569,10.71862,0.00,0.00
2015.12.09 15:58:19.569,10.71569,10.71891,0.00,0.00
2015.12.09 15:58:19.621,10.71569,10.71858,0.00,0.00
2015.12.09 15:58:19.671,10.71518,10.71842,0.00,0.00
2015.12.09 15:58:20.032,10.71469,10.71791,0.00,0.00
2015.12.09 15:58:20.334,10.71518,10.7178,0.00,0.00
2015.12.09 15:58:20.435,10.71478,10.7178,0.00,0.00
2015.12.09 15:58:20.486,10.71468,10.7178,0.00,0.00
2015.12.09 15:58:21.096,10.71468,10.71781,0.00,0.00
2015.12.09 15:58:21.623,10.71518,10.7178,0.00,0.00
2015.12.09 15:58:21.673,10.71518,10.71809,0.00,0.00
2015.12.09 15:58:21.724,10.71518,10.71822,0.00,0.00
2015.12.09 15:58:21.775,10.71518,10.71842,0.00,0.00
2015.12.09 15:58:21.825,10.71518,10.71811,0.00,0.00
2015.12.09 15:58:22.280,10.71469,10.71651,0.00,0.00
2015.12.09 15:58:22.330,10.71318,10.71642,0.00,0.00
2015.12.09 15:58:22.830,10.71318,10.7164,0.00,0.00
2015.12.09 15:58:23.032,10.71318,10.71642,0.00,0.00
2015.12.09 15:58:23.533,10.71318,10.71641,0.00,0.00
2015.12.09 15:58:23.634,10.71318,10.71611,0.00,0.00
2015.12.09 15:58:23.735,10.71318,10.7162,0.00,0.00
2015.12.09 15:58:23.836,10.71318,10.71611,0.00,0.00
2015.12.09 15:58:24.136,10.71282,10.71581,0.00,0.00
2015.12.09 15:58:24.238,10.71269,10.71559,0.00,0.00
2015.12.09 15:58:24.339,10.71219,10.7154,0.00,0.00
2015.12.09 15:58:24.858,10.71219,10.71541,0.00,0.00
2015.12.09 15:58:25.190,10.71228,10.71541,0.00,0.00
2015.12.09 15:58:25.504,10.71318,10.71559,0.00,0.00
2015.12.09 15:58:25.554,10.71318,10.7161,0.00,0.00
2015.12.09 15:58:25.739,10.71318,10.71602,0.00,0.00
2015.12.09 15:58:25.793,10.71318,10.71642,0.00,0.00
2015.12.09 15:58:26.196,10.71328,10.71642,0.00,0.00
2015.12.09 15:58:26.397,10.71418,10.71742,0.00,0.00
2015.12.09 15:58:27.067,10.71419,10.71742,0.00,0.00
2015.12.09 15:58:27.465,10.71429,10.71742,0.00,0.00
2015.12.09 15:58:27.774,10.71468,10.71779,0.00,0.00
2015.12.09 15:58:27.836,10.71468,10.71792,0.00,0.00
2015.12.09 15:58:28.178,10.71519,10.71791,0.00,0.00
2015.12.09 15:58:28.355,10.71488,10.71781,0.00,0.00
2015.12.09 15:58:28.406,10.71468,10.71758,0.00,0.00
2015.12.09 15:58:28.457,10.71419,10.7173,0.00,0.00
2015.12.09 15:58:28.557,10.71419,10.71741,0.00,0.00
2015.12.09 15:58:28.658,10.71518,10.71742,0.00,0.00
2015.12.09 15:58:28.817,10.71518,10.71771,0.00,0.00
2015.12.09 15:58:28.918,10.71518,10.7184,0.00,0.00
2015.12.09 15:58:28.969,10.71518,10.71842,0.00,0.00
2015.12.09 15:58:30.507,10.71502,10.71751,0.00,0.00
2015.12.09 15:58:31.468,10.7152,10.71751,0.00,0.00
2015.12.09 15:58:31.776,10.71529,10.71751,0.00,0.00
2015.12.09 15:58:32.166,10.71529,10.718,0.00,0.00
2015.12.09 15:58:32.217,10.71559,10.71802,0.00,0.00
2015.12.09 15:58:32.423,10.71571,10.71852,0.00,0.00
2015.12.09 15:58:32.996,10.71592,10.71852,0.00,0.00
2015.12.09 15:58:33.328,10.71601,10.71801,0.00,0.00
2015.12.09 15:58:33.379,10.71551,10.71802,0.00,0.00
2015.12.09 15:58:34.410,10.71569,10.71861,0.00,0.00
2015.12.09 15:58:34.461,10.71601,10.71861,0.00,0.00
2015.12.09 15:58:34.612,10.71672,10.71962,0.00,0.00
2015.12.09 15:58:34.663,10.71649,10.71959,0.00,0.00
2015.12.09 15:58:34.713,10.71638,10.71941,0.00,0.00
2015.12.09 15:58:35.041,10.71601,10.71861,0.00,0.00
2015.12.09 15:58:35.680,10.71591,10.71861,0.00,0.00
2015.12.09 15:58:35.781,10.71602,10.71861,0.00,0.00
2015.12.09 15:58:35.832,10.71619,10.71941,0.00,0.00
2015.12.09 15:58:36.907,10.71668,10.71958,0.00,0.00
2015.12.09 15:58:37.014,10.71668,10.71961,0.00,0.00
2015.12.09 15:58:37.115,10.71668,10.71981,0.00,0.00
2015.12.09 15:58:37.496,10.71668,10.71992,0.00,0.00
2015.12.09 15:58:37.773,10.71719,10.72009,0.00,0.00
2015.12.09 15:58:37.924,10.71719,10.72031,0.00,0.00
2015.12.09 15:58:38.110,10.71719,10.72001,0.00,0.00
2015.12.09 15:58:38.211,10.71719,10.72031,0.00,0.00
2015.12.09 15:58:38.538,10.71719,10.72041,0.00,0.00
2015.12.09 15:58:38.785,10.71719,10.72032,0.00,0.00
2015.12.09 15:58:39.313,10.71719,10.72041,0.00,0.00
2015.12.09 15:58:39.828,10.71719,10.71959,0.00,0.00
2015.12.09 15:58:39.879,10.7168,10.7194,0.00,0.00
2015.12.09 15:58:40.044,10.7168,10.71882,0.00,0.00
2015.12.09 15:58:40.095,10.71568,10.71882,0.00,0.00
2015.12.09 15:58:40.537,10.71551,10.7184,0.00,0.00
2015.12.09 15:58:40.596,10.71519,10.7184,0.00,0.00
2015.12.09 15:58:40.817,10.71519,10.71831,0.00,0.00
2015.12.09 15:58:41.024,10.71519,10.71841,0.00,0.00
2015.12.09 15:58:41.262,10.71519,10.71822,0.00,0.00
2015.12.09 15:58:41.363,10.71519,10.71841,0.00,0.00
2015.12.09 15:58:41.618,10.71519,10.71832,0.00,0.00
2015.12.09 15:58:41.921,10.71562,10.71822,0.00,0.00
2015.12.09 15:58:42.022,10.71579,10.71892,0.00,0.00
2015.12.09 15:58:42.073,10.71602,10.71892,0.00,0.00
2015.12.09 15:58:42.190,10.71618,10.71942,0.00,0.00
2015.12.09 15:58:42.826,10.71618,10.71922,0.00,0.00
2015.12.09 15:58:42.927,10.71618,10.71942,0.00,0.00
2015.12.09 15:58:43.396,10.71668,10.71958,0.00,0.00
2015.12.09 15:58:43.496,10.71668,10.71962,0.00,0.00
2015.12.09 15:58:43.547,10.71668,10.71981,0.00,0.00
2015.12.09 15:58:43.749,10.71719,10.72012,0.00,0.00
2015.12.09 15:58:43.976,10.71719,10.72031,0.00,0.00
2015.12.09 15:58:44.027,10.71719,10.72022,0.00,0.00
2015.12.09 15:58:44.128,10.71719,10.72031,0.00,0.00
2015.12.09 15:58:44.178,10.7168,10.71992,0.00,0.00
2015.12.09 15:58:44.500,10.71668,10.71972,0.00,0.00
2015.12.09 15:58:44.550,10.71668,10.71981,0.00,0.00
2015.12.09 15:58:44.702,10.71668,10.71958,0.00,0.00
2015.12.09 15:58:44.752,10.71629,10.71942,0.00,0.00
2015.12.09 15:58:44.803,10.71618,10.71942,0.00,0.00
2015.12.09 15:58:45.112,10.71618,10.71932,0.00,0.00
2015.12.09 15:58:45.163,10.71618,10.71942,0.00,0.00
2015.12.09 15:58:46.730,10.71628,10.71942,0.00,0.00
2015.12.09 15:58:47.032,10.71719,10.72031,0.00,0.00
2015.12.09 15:58:47.770,10.71719,10.71991,0.00,0.00
2015.12.09 15:58:47.820,10.71702,10.71981,0.00,0.00
2015.12.09 15:58:47.871,10.71719,10.71981,0.00,0.00
2015.12.09 15:58:48.022,10.71769,10.72081,0.00,0.00
2015.12.09 15:58:48.735,10.71769,10.72072,0.00,0.00
2015.12.09 15:58:49.073,10.71719,10.72012,0.00,0.00
2015.12.09 15:58:49.279,10.71719,10.72021,0.00,0.00
2015.12.09 15:58:49.888,10.71719,10.7203,0.00,0.00
2015.12.09 15:58:50.389,10.71719,10.72031,0.00,0.00
2015.12.09 15:58:50.799,10.71768,10.72082,0.00,0.00
2015.12.09 15:58:51.028,10.71779,10.72082,0.00,0.00
2015.12.09 15:58:51.295,10.71818,10.72131,0.00,0.00
2015.12.09 15:58:51.832,10.71818,10.72132,0.00,0.00
2015.12.09 15:58:51.882,10.71782,10.72081,0.00,0.00
2015.12.09 15:58:52.892,10.71818,10.72132,0.00,0.00
2015.12.09 15:58:53.645,10.71782,10.72081,0.00,0.00
2015.12.09 15:58:53.954,10.71819,10.72108,0.00,0.00
2015.12.09 15:58:54.005,10.71819,10.72131,0.00,0.00
2015.12.09 15:58:56.301,10.71819,10.72132,0.00,0.00
2015.12.09 15:58:56.402,10.71829,10.72032,0.00,0.00
2015.12.09 15:58:56.503,10.71779,10.72032,0.00,0.00
2015.12.09 15:58:56.604,10.71718,10.72032,0.00,0.00
2015.12.09 15:58:56.872,10.71748,10.72032,0.00,0.00
2015.12.09 15:58:56.973,10.71729,10.72032,0.00,0.00
2015.12.09 15:58:57.074,10.71718,10.72032,0.00,0.00
2015.12.09 15:58:57.125,10.71769,10.72032,0.00,0.00
2015.12.09 15:58:57.331,10.71818,10.72132,0.00,0.00
2015.12.09 15:58:57.431,10.71819,10.72121,0.00,0.00
2015.12.09 15:58:57.633,10.71818,10.72131,0.00,0.00
2015.12.09 15:58:57.734,10.71781,10.72082,0.00,0.00
2015.12.09 15:58:58.193,10.71778,10.72082,0.00,0.00
2015.12.09 15:58:58.244,10.71778,10.72032,0.00,0.00
2015.12.09 15:58:58.454,10.71718,10.7203,0.00,0.00
2015.12.09 15:58:58.609,10.71769,10.7203,0.00,0.00
2015.12.09 15:58:58.660,10.71769,10.72052,0.00,0.00
2015.12.09 15:58:58.710,10.71912,10.72081,0.00,0.00
2015.12.09 15:58:58.812,10.71869,10.72131,0.00,0.00
2015.12.09 15:58:58.863,10.71869,10.72181,0.00,0.00
2015.12.09 15:58:59.136,10.71919,10.72231,0.00,0.00
2015.12.09 15:58:59.443,10.71901,10.7217,0.00,0.00
2015.12.09 15:58:59.679,10.72018,10.72299,0.00,0.00
2015.12.09 15:58:59.780,10.71988,10.72282,0.00,0.00
2015.12.09 15:58:59.881,10.71968,10.72282,0.00,0.00
2015.12.09 15:59:00.343,10.71951,10.72232,0.00,0.00
2015.12.09 15:59:00.548,10.71968,10.72282,0.00,0.00
2015.12.09 15:59:00.909,10.72018,10.72329,0.00,0.00
2015.12.09 15:59:01.212,10.72038,10.72332,0.00,0.00
2015.12.09 15:59:01.313,10.72018,10.72332,0.00,0.00
2015.12.09 15:59:02.013,10.72019,10.72332,0.00,0.00
2015.12.09 15:59:02.063,10.72019,10.7229,0.00,0.00
2015.12.09 15:59:02.114,10.72009,10.72281,0.00,0.00
2015.12.09 15:59:02.165,10.72009,10.72241,0.00,0.00
2015.12.09 15:59:02.467,10.71848,10.72052,0.00,0.00
2015.12.09 15:59:02.518,10.71791,10.72052,0.00,0.00
2015.12.09 15:59:02.916,10.71799,10.72052,0.00,0.00
2015.12.09 15:59:03.175,10.71791,10.72052,0.00,0.00
2015.12.09 15:59:03.318,10.71801,10.72052,0.00,0.00
2015.12.09 15:59:04.297,10.71802,10.72052,0.00,0.00
2015.12.09 15:59:04.875,10.71788,10.71952,0.00,0.00
2015.12.09 15:59:05.026,10.71701,10.71952,0.00,0.00
2015.12.09 15:59:05.077,10.71791,10.72002,0.00,0.00
2015.12.09 15:59:05.327,10.71791,10.72052,0.00,0.00
2015.12.09 15:59:05.507,10.71802,10.72052,0.00,0.00
2015.12.09 15:59:05.851,10.71892,10.72101,0.00,0.00
2015.12.09 15:59:06.202,10.71892,10.72151,0.00,0.00
2015.12.09 15:59:07.270,10.71852,10.72102,0.00,0.00
2015.12.09 15:59:07.587,10.71852,10.72151,0.00,0.00
2015.12.09 15:59:07.739,10.71891,10.72152,0.00,0.00
2015.12.09 15:59:08.416,10.71851,10.72102,0.00,0.00
2015.12.09 15:59:08.466,10.71851,10.7215,0.00,0.00
2015.12.09 15:59:08.517,10.71892,10.72152,0.00,0.00
2015.12.09 15:59:08.840,10.71909,10.72102,0.00,0.00
2015.12.09 15:59:08.941,10.71878,10.72102,0.00,0.00
2015.12.09 15:59:09.044,10.71852,10.72102,0.00,0.00
2015.12.09 15:59:09.145,10.71852,10.72151,0.00,0.00
2015.12.09 15:59:09.246,10.71859,10.72151,0.00,0.00
2015.12.09 15:59:09.562,10.71851,10.72102,0.00,0.00
2015.12.09 15:59:09.673,10.71851,10.7215,0.00,0.00
2015.12.09 15:59:09.723,10.71892,10.72152,0.00,0.00
2015.12.09 15:59:10.200,10.71892,10.72141,0.00,0.00
2015.12.09 15:59:10.452,10.71792,10.72051,0.00,0.00
2015.12.09 15:59:10.709,10.71819,10.72051,0.00,0.00
2015.12.09 15:59:11.305,10.7182,10.72051,0.00,0.00
2015.12.09 15:59:11.355,10.71851,10.72102,0.00,0.00
2015.12.09 15:59:12.008,10.71851,10.72051,0.00,0.00
2015.12.09 15:59:12.109,10.71819,10.72051,0.00,0.00
2015.12.09 15:59:12.210,10.71792,10.72002,0.00,0.00
2015.12.09 15:59:12.260,10.71788,10.72002,0.00,0.00
2015.12.09 15:59:12.311,10.71749,10.72001,0.00,0.00
2015.12.09 15:59:12.460,10.71732,10.71951,0.00,0.00
2015.12.09 15:59:12.761,10.71739,10.71951,0.00,0.00
2015.12.09 15:59:12.812,10.71701,10.71951,0.00,0.00
2015.12.09 15:59:13.066,10.71719,10.71951,0.00,0.00
2015.12.09 15:59:13.445,10.71739,10.71951,0.00,0.00
2015.12.09 15:59:13.838,10.71728,10.71951,0.00,0.00
2015.12.09 15:59:13.939,10.71708,10.71951,0.00,0.00
2015.12.09 15:59:14.014,10.71701,10.71951,0.00,0.00
2015.12.09 15:59:14.401,10.71708,10.71951,0.00,0.00
2015.12.09 15:59:14.452,10.71691,10.71951,0.00,0.00
2015.12.09 15:59:15.174,10.71691,10.71902,0.00,0.00
2015.12.09 15:59:15.326,10.71669,10.71902,0.00,0.00
2015.12.09 15:59:15.427,10.71652,10.71902,0.00,0.00
2015.12.09 15:59:15.619,10.71658,10.71902,0.00,0.00
2015.12.09 15:59:15.726,10.71652,10.71902,0.00,0.00
2015.12.09 15:59:16.527,10.71658,10.71951,0.00,0.00
2015.12.09 15:59:16.714,10.71668,10.7195,0.00,0.00
2015.12.09 15:59:17.024,10.71539,10.71801,0.00,0.00
2015.12.09 15:59:17.327,10.71501,10.71752,0.00,0.00
2015.12.09 15:59:17.629,10.71552,10.718,0.00,0.00
2015.12.09 15:59:17.794,10.71502,10.71801,0.00,0.00
2015.12.09 15:59:17.845,10.71502,10.71751,0.00,0.00
2015.12.09 15:59:18.978,10.71391,10.71652,0.00,0.00
2015.12.09 15:59:20.479,10.71441,10.71702,0.00,0.00
2015.12.09 15:59:21.002,10.71442,10.71702,0.00,0.00
2015.12.09 15:59:21.536,10.71491,10.71751,0.00,0.00
2015.12.09 15:59:21.587,10.71451,10.71751,0.00,0.00
2015.12.09 15:59:21.692,10.71451,10.71701,0.00,0.00
2015.12.09 15:59:21.995,10.71351,10.71601,0.00,0.00
2015.12.09 15:59:22.786,10.71352,10.71601,0.00,0.00
2015.12.09 15:59:23.110,10.71369,10.71681,0.00,0.00
2015.12.09 15:59:23.211,10.71379,10.71681,0.00,0.00
2015.12.09 15:59:23.313,10.71418,10.7173,0.00,0.00
2015.12.09 15:59:23.514,10.71449,10.71732,0.00,0.00
2015.12.09 15:59:23.566,10.71468,10.71778,0.00,0.00
2015.12.09 15:59:23.616,10.71468,10.7175,0.00,0.00
2015.12.09 15:59:23.667,10.71438,10.71731,0.00,0.00
2015.12.09 15:59:23.950,10.71419,10.71731,0.00,0.00
2015.12.09 15:59:24.155,10.71429,10.71731,0.00,0.00
2015.12.09 15:59:24.256,10.71419,10.71731,0.00,0.00
2015.12.09 15:59:24.558,10.71438,10.71731,0.00,0.00
2015.12.09 15:59:24.896,10.71408,10.71631,0.00,0.00
2015.12.09 15:59:24.997,10.71319,10.71621,0.00,0.00
2015.12.09 15:59:25.409,10.71319,10.7161,0.00,0.00
2015.12.09 15:59:25.610,10.71319,10.71621,0.00,0.00
2015.12.09 15:59:25.661,10.71328,10.71621,0.00,0.00
2015.12.09 15:59:25.862,10.71229,10.71531,0.00,0.00
2015.12.09 15:59:25.963,10.71219,10.71531,0.00,0.00
2015.12.09 15:59:26.065,10.71248,10.71531,0.00,0.00
2015.12.09 15:59:26.266,10.71239,10.71531,0.00,0.00
2015.12.09 15:59:26.599,10.71228,10.71531,0.00,0.00
2015.12.09 15:59:26.650,10.71268,10.71551,0.00,0.00
2015.12.09 15:59:26.852,10.71319,10.7161,0.00,0.00
2015.12.09 15:59:26.953,10.71292,10.71581,0.00,0.00
2015.12.09 15:59:27.105,10.71269,10.71581,0.00,0.00
2015.12.09 15:59:27.256,10.71269,10.7153,0.00,0.00
2015.12.09 15:59:27.307,10.71249,10.7153,0.00,0.00
2015.12.09 15:59:27.358,10.71249,10.71532,0.00,0.00
2015.12.09 15:59:27.409,10.71231,10.71532,0.00,0.00
2015.12.09 15:59:27.688,10.71268,10.71582,0.00,0.00
2015.12.09 15:59:27.741,10.71318,10.71632,0.00,0.00
2015.12.09 15:59:28.286,10.71369,10.7164,0.00,0.00
2015.12.09 15:59:28.337,10.71369,10.71681,0.00,0.00
2015.12.09 15:59:28.388,10.71418,10.7173,0.00,0.00
2015.12.09 15:59:28.825,10.71418,10.71681,0.00,0.00
2015.12.09 15:59:28.875,10.71408,10.7168,0.00,0.00
2015.12.09 15:59:28.926,10.71408,10.71632,0.00,0.00
2015.12.09 15:59:28.977,10.71338,10.71632,0.00,0.00
2015.12.09 15:59:29.097,10.71328,10.71632,0.00,0.00
2015.12.09 15:59:29.199,10.71318,10.71632,0.00,0.00
2015.12.09 15:59:29.301,10.71348,10.71632,0.00,0.00
2015.12.09 15:59:29.505,10.71369,10.7166,0.00,0.00
2015.12.09 15:59:29.556,10.71369,10.71651,0.00,0.00
2015.12.09 15:59:29.775,10.71338,10.71631,0.00,0.00
2015.12.09 15:59:29.826,10.71319,10.71631,0.00,0.00
2015.12.09 15:59:30.077,10.71328,10.71631,0.00,0.00
2015.12.09 15:59:30.209,10.71319,10.71631,0.00,0.00
2015.12.09 15:59:30.593,10.71368,10.71662,0.00,0.00
2015.12.09 15:59:30.712,10.71368,10.71682,0.00,0.00
2015.12.09 15:59:31.706,10.71419,10.7171,0.00,0.00
2015.12.09 15:59:31.807,10.71419,10.71731,0.00,0.00
2015.12.09 15:59:32.088,10.71419,10.71722,0.00,0.00
2015.12.09 15:59:32.218,10.71419,10.71731,0.00,0.00
2015.12.09 15:59:32.558,10.71392,10.71682,0.00,0.00
2015.12.09 15:59:32.609,10.71368,10.71681,0.00,0.00
2015.12.09 15:59:32.912,10.71319,10.71631,0.00,0.00
2015.12.09 15:59:33.591,10.71318,10.71551,0.00,0.00
2015.12.09 15:59:33.734,10.71308,10.71551,0.00,0.00
2015.12.09 15:59:33.835,10.71319,10.71551,0.00,0.00
2015.12.09 15:59:34.037,10.71301,10.71551,0.00,0.00
2015.12.09 15:59:34.139,10.71302,10.71502,0.00,0.00
2015.12.09 15:59:34.411,10.71301,10.71552,0.00,0.00
2015.12.09 15:59:34.744,10.71309,10.71552,0.00,0.00
2015.12.09 15:59:34.996,10.71301,10.71552,0.00,0.00
2015.12.09 15:59:35.509,10.71302,10.71552,0.00,0.00
2015.12.09 15:59:36.301,10.71318,10.71552,0.00,0.00
2015.12.09 15:59:36.402,10.71302,10.71552,0.00,0.00
2015.12.09 15:59:36.645,10.71301,10.71562,0.00,0.00
2015.12.09 15:59:36.702,10.71308,10.71562,0.00,0.00
2015.12.09 15:59:36.919,10.71301,10.71562,0.00,0.00
2015.12.09 15:59:37.071,10.71301,10.71601,0.00,0.00
2015.12.09 15:59:37.121,10.71349,10.716,0.00,0.00
2015.12.09 15:59:37.223,10.71302,10.71601,0.00,0.00
2015.12.09 15:59:37.324,10.71302,10.71562,0.00,0.00
2015.12.09 15:59:38.109,10.71318,10.71562,0.00,0.00
2015.12.09 15:59:38.210,10.71291,10.71562,0.00,0.00
2015.12.09 15:59:38.413,10.71292,10.71512,0.00,0.00
2015.12.09 15:59:38.514,10.71292,10.71562,0.00,0.00
2015.12.09 15:59:38.718,10.71298,10.71562,0.00,0.00
2015.12.09 15:59:39.013,10.71202,10.71501,0.00,0.00
2015.12.09 15:59:39.064,10.71202,10.71462,0.00,0.00
2015.12.09 15:59:39.653,10.71239,10.71462,0.00,0.00
2015.12.09 15:59:39.911,10.71229,10.71462,0.00,0.00
2015.12.09 15:59:39.962,10.71201,10.71462,0.00,0.00
2015.12.09 15:59:40.262,10.71208,10.71462,0.00,0.00
2015.12.09 15:59:40.364,10.71201,10.71462,0.00,0.00
2015.12.09 15:59:40.465,10.71191,10.71462,0.00,0.00
2015.12.09 15:59:40.733,10.71201,10.71412,0.00,0.00
2015.12.09 15:59:41.097,10.71218,10.71462,0.00,0.00
2015.12.09 15:59:41.149,10.71201,10.71462,0.00,0.00
2015.12.09 15:59:41.253,10.71219,10.71512,0.00,0.00
2015.12.09 15:59:41.354,10.71259,10.71511,0.00,0.00
2015.12.09 15:59:41.522,10.71241,10.71511,0.00,0.00
2015.12.09 15:59:41.723,10.71251,10.71511,0.00,0.00
2015.12.09 15:59:41.825,10.71291,10.71562,0.00,0.00
2015.12.09 15:59:41.926,10.71298,10.71562,0.00,0.00
2015.12.09 15:59:42.221,10.71291,10.71562,0.00,0.00
2015.12.09 15:59:42.725,10.71308,10.71562,0.00,0.00
2015.12.09 15:59:42.977,10.71219,10.715,0.00,0.00
2015.12.09 15:59:43.027,10.71201,10.71462,0.00,0.00
2015.12.09 15:59:43.691,10.71249,10.71501,0.00,0.00
2015.12.09 15:59:43.742,10.71281,10.71561,0.00,0.00
2015.12.09 15:59:43.793,10.71291,10.71561,0.00,0.00
2015.12.09 15:59:44.095,10.71281,10.71462,0.00,0.00
2015.12.09 15:59:44.324,10.71281,10.71511,0.00,0.00
2015.12.09 15:59:44.544,10.71252,10.71511,0.00,0.00
2015.12.09 15:59:44.597,10.71208,10.71461,0.00,0.00
2015.12.09 15:59:44.648,10.71201,10.71461,0.00,0.00
2015.12.09 15:59:44.749,10.71218,10.71461,0.00,0.00
2015.12.09 15:59:44.850,10.71201,10.71461,0.00,0.00
2015.12.09 15:59:44.901,10.71191,10.71461,0.00,0.00
2015.12.09 15:59:45.246,10.71182,10.71412,0.00,0.00
2015.12.09 15:59:45.608,10.71141,10.71412,0.00,0.00
2015.12.09 15:59:45.783,10.71141,10.71362,0.00,0.00
2015.12.09 15:59:45.884,10.71128,10.71362,0.00,0.00
2015.12.09 15:59:45.985,10.71149,10.71362,0.00,0.00
2015.12.09 15:59:46.086,10.71141,10.71362,0.00,0.00
2015.12.09 15:59:46.137,10.71101,10.71362,0.00,0.00
2015.12.09 15:59:47.017,10.71102,10.71362,0.00,0.00
2015.12.09 15:59:47.539,10.71101,10.71362,0.00,0.00
2015.12.09 15:59:48.010,10.71091,10.71362,0.00,0.00
2015.12.09 15:59:49.009,10.71081,10.71362,0.00,0.00
2015.12.09 15:59:49.128,10.71049,10.71362,0.00,0.00
2015.12.09 15:59:49.179,10.71079,10.71362,0.00,0.00
2015.12.09 15:59:49.448,10.71068,10.71362,0.00,0.00
2015.12.09 15:59:49.610,10.7109,10.71362,0.00,0.00
2015.12.09 15:59:50.254,10.71088,10.71311,0.00,0.00
2015.12.09 15:59:50.356,10.71058,10.71311,0.00,0.00
2015.12.09 15:59:50.459,10.71002,10.71311,0.00,0.00
2015.12.09 15:59:50.509,10.71069,10.71372,0.00,0.00
2015.12.09 15:59:50.560,10.71069,10.71381,0.00,0.00
2015.12.09 15:59:51.265,10.71069,10.7138,0.00,0.00
2015.12.09 15:59:51.618,10.71018,10.71337,0.00,0.00
2015.12.09 15:59:53.829,10.71063,10.71358,0.00,0.00
2015.12.09 15:59:53.930,10.71063,10.71371,0.00,0.00
2015.12.09 15:59:54.031,10.7104,10.71337,0.00,0.00
2015.12.09 15:59:54.125,10.71018,10.71337,0.00,0.00
2015.12.09 15:59:54.669,10.71018,10.71331,0.00,0.00
2015.12.09 15:59:54.855,10.71018,10.71311,0.00,0.00
2015.12.09 15:59:55.071,10.71018,10.7133,0.00,0.00
2015.12.09 15:59:55.156,10.71018,10.71321,0.00,0.00
2015.12.09 15:59:55.257,10.71018,10.71332,0.00,0.00
2015.12.09 15:59:56.273,10.71023,10.71332,0.00,0.00
2015.12.09 15:59:56.777,10.71018,10.71332,0.00,0.00
2015.12.09 15:59:57.277,10.71018,10.7133,0.00,0.00
2015.12.09 15:59:57.677,10.71018,10.71321,0.00,0.00
2015.12.09 15:59:57.940,10.71018,10.71332,0.00,0.00
2015.12.09 15:59:58.091,10.71008,10.71232,0.00,0.00
2015.12.09 15:59:58.211,10.7093,10.71232,0.00,0.00
2015.12.09 15:59:58.312,10.70964,10.71281,0.00,0.00
2015.12.09 15:59:58.822,10.70964,10.7128,0.00,0.00
2015.12.09 15:59:58.974,10.70942,10.71231,0.00,0.00
2015.12.09 15:59:59.879,10.70921,10.71231,0.00,0.00
2015.12.09 15:59:59.981,10.70976,10.71252,0.00,0.00
