2015.04.23 10:00:00.358,11.89386,11.89689,0.00,0.00
2015.04.23 10:00:00.622,11.89396,11.89726,0.00,0.00
2015.04.23 10:00:00.673,11.8941,11.89739,0.00,0.00
2015.04.23 10:00:01.018,11.89442,11.8977,0.00,0.00
2015.04.23 10:00:01.324,11.89452,11.89779,0.00,0.00
2015.04.23 10:00:01.425,11.89464,11.89792,0.00,0.00
2015.04.23 10:00:01.475,11.89498,11.89826,0.00,0.00
2015.04.23 10:00:02.920,11.89531,11.89826,0.00,0.00
2015.04.23 10:00:03.184,11.89531,11.89848,0.00,0.00
2015.04.23 10:00:03.485,11.89532,11.8986,0.00,0.00
2015.04.23 10:00:03.586,11.89541,11.89871,0.00,0.00
2015.04.23 10:00:03.772,11.89531,11.89861,0.00,0.00
2015.04.23 10:00:04.188,11.89541,11.89871,0.00,0.00
2015.04.23 10:00:13.698,11.89629,11.89889,0.00,0.00
2015.04.23 10:00:13.748,11.89629,11.89895,0.00,0.00
2015.04.23 10:00:13.799,11.89636,11.89929,0.00,0.00
2015.04.23 10:00:14.449,11.89636,11.89966,0.00,0.00
2015.04.23 10:00:14.874,11.89632,11.89956,0.00,0.00
2015.04.23 10:00:15.192,11.89632,11.89876,0.00,0.00
2015.04.23 10:00:15.388,11.89632,11.89886,0.00,0.00
2015.04.23 10:00:15.489,11.89561,11.89876,0.00,0.00
2015.04.23 10:00:15.769,11.89546,11.89876,0.00,0.00
2015.04.23 10:00:15.820,11.89556,11.89886,0.00,0.00
2015.04.23 10:00:16.383,11.89546,11.89876,0.00,0.00
2015.04.23 10:00:16.696,11.89586,11.89916,0.00,0.00
2015.04.23 10:00:17.095,11.89611,11.89928,0.00,0.00
2015.04.23 10:00:17.441,11.89632,11.89928,0.00,0.00
2015.04.23 10:00:17.748,11.89637,11.89929,0.00,0.00
2015.04.23 10:00:18.651,11.89637,11.89965,0.00,0.00
2015.04.23 10:00:19.654,11.89632,11.8994,0.00,0.00
2015.04.23 10:00:20.005,11.89632,11.8992,0.00,0.00
2015.04.23 10:00:21.550,11.89632,11.89956,0.00,0.00
2015.04.23 10:00:21.663,11.89636,11.89966,0.00,0.00
2015.04.23 10:00:22.717,11.89689,11.89966,0.00,0.00
2015.04.23 10:00:23.025,11.89721,11.89966,0.00,0.00
2015.04.23 10:00:32.405,11.89692,11.89966,0.00,0.00
2015.04.23 10:00:34.513,11.89692,11.89956,0.00,0.00
2015.04.23 10:00:34.714,11.89642,11.89916,0.00,0.00
2015.04.23 10:00:34.992,11.8966,11.89966,0.00,0.00
2015.04.23 10:00:35.043,11.89681,11.89966,0.00,0.00
2015.04.23 10:00:38.126,11.8966,11.89966,0.00,0.00
2015.04.23 10:00:38.780,11.89659,11.89966,0.00,0.00
2015.04.23 10:00:39.190,11.89678,11.89966,0.00,0.00
2015.04.23 10:00:41.083,11.89678,11.89955,0.00,0.00
2015.04.23 10:00:43.585,11.89678,11.8994,0.00,0.00
2015.04.23 10:00:45.300,11.89678,11.89889,0.00,0.00
2015.04.23 10:00:45.350,11.89579,11.89889,0.00,0.00
2015.04.23 10:00:45.401,11.89579,11.89871,0.00,0.00
2015.04.23 10:00:53.966,11.89578,11.89871,0.00,0.00
2015.04.23 10:00:58.232,11.89578,11.89889,0.00,0.00
2015.04.23 10:01:00.639,11.89578,11.89886,0.00,0.00
2015.04.23 10:01:01.039,11.89578,11.89876,0.00,0.00
2015.04.23 10:01:09.209,11.89632,11.89876,0.00,0.00
2015.04.23 10:01:09.360,11.89679,11.89966,0.00,0.00
2015.04.23 10:01:15.302,11.89636,11.89889,0.00,0.00
2015.04.23 10:01:15.403,11.89578,11.89889,0.00,0.00
2015.04.23 10:01:15.482,11.89578,11.89866,0.00,0.00
2015.04.23 10:01:16.090,11.89578,11.89856,0.00,0.00
2015.04.23 10:01:17.590,11.89531,11.89836,0.00,0.00
2015.04.23 10:01:17.691,11.89578,11.89868,0.00,0.00
2015.04.23 10:01:18.087,11.89578,11.89856,0.00,0.00
2015.04.23 10:01:19.924,11.89578,11.89872,0.00,0.00
2015.04.23 10:01:22.317,11.8963,11.89936,0.00,0.00
2015.04.23 10:01:22.396,11.8963,11.89956,0.00,0.00
2015.04.23 10:01:22.446,11.89678,11.89956,0.00,0.00
2015.04.23 10:01:23.299,11.89678,11.89966,0.00,0.00
2015.04.23 10:01:24.624,11.89678,11.8998,0.00,0.00
2015.04.23 10:01:25.225,11.89678,11.89966,0.00,0.00
2015.04.23 10:01:27.833,11.8973,11.89966,0.00,0.00
2015.04.23 10:01:27.959,11.89729,11.90019,0.00,0.00
2015.04.23 10:01:28.170,11.89778,11.90019,0.00,0.00
2015.04.23 10:01:28.395,11.89728,11.90019,0.00,0.00
2015.04.23 10:01:28.446,11.89728,11.90015,0.00,0.00
2015.04.23 10:01:28.496,11.89685,11.90015,0.00,0.00
2015.04.23 10:01:28.821,11.89685,11.89989,0.00,0.00
2015.04.23 10:01:29.153,11.89703,11.89989,0.00,0.00
2015.04.23 10:01:29.483,11.89728,11.89989,0.00,0.00
2015.04.23 10:01:29.801,11.89779,11.90029,0.00,0.00
2015.04.23 10:01:29.901,11.89779,11.90056,0.00,0.00
2015.04.23 10:01:30.546,11.89779,11.9008,0.00,0.00
2015.04.23 10:01:30.747,11.89779,11.90061,0.00,0.00
2015.04.23 10:01:30.848,11.89779,11.90074,0.00,0.00
2015.04.23 10:01:31.795,11.89779,11.90089,0.00,0.00
2015.04.23 10:01:39.113,11.89779,11.9008,0.00,0.00
2015.04.23 10:01:39.683,11.89779,11.90089,0.00,0.00
2015.04.23 10:01:40.986,11.89779,11.90073,0.00,0.00
2015.04.23 10:01:42.416,11.89779,11.90069,0.00,0.00
2015.04.23 10:01:42.796,11.89739,11.89989,0.00,0.00
2015.04.23 10:01:42.847,11.89701,11.89989,0.00,0.00
2015.04.23 10:01:43.023,11.89701,11.89985,0.00,0.00
2015.04.23 10:01:43.074,11.89678,11.89985,0.00,0.00
2015.04.23 10:01:43.217,11.89678,11.89989,0.00,0.00
2015.04.23 10:01:43.351,11.89678,11.89983,0.00,0.00
2015.04.23 10:01:43.852,11.89678,11.89989,0.00,0.00
2015.04.23 10:01:44.066,11.89682,11.89989,0.00,0.00
2015.04.23 10:01:44.455,11.89678,11.89982,0.00,0.00
2015.04.23 10:01:44.656,11.89578,11.89901,0.00,0.00
2015.04.23 10:01:45.239,11.89585,11.89912,0.00,0.00
2015.04.23 10:01:45.508,11.89585,11.89888,0.00,0.00
2015.04.23 10:01:49.073,11.89607,11.89888,0.00,0.00
2015.04.23 10:01:53.489,11.89595,11.89888,0.00,0.00
2015.04.23 10:01:57.409,11.89608,11.89888,0.00,0.00
2015.04.23 10:01:57.463,11.89581,11.89888,0.00,0.00
2015.04.23 10:01:58.525,11.89593,11.89888,0.00,0.00
2015.04.23 10:01:59.584,11.89578,11.89888,0.00,0.00
2015.04.23 10:02:00.268,11.89593,11.89888,0.00,0.00
2015.04.23 10:02:00.669,11.89578,11.89888,0.00,0.00
2015.04.23 10:02:00.769,11.89578,11.89878,0.00,0.00
2015.04.23 10:02:01.269,11.89578,11.89888,0.00,0.00
2015.04.23 10:02:02.772,11.89584,11.89888,0.00,0.00
2015.04.23 10:02:03.256,11.89599,11.89888,0.00,0.00
2015.04.23 10:02:08.008,11.89609,11.89888,0.00,0.00
2015.04.23 10:02:08.282,11.89599,11.89888,0.00,0.00
2015.04.23 10:02:08.382,11.89608,11.89888,0.00,0.00
2015.04.23 10:02:09.634,11.89599,11.89888,0.00,0.00
2015.04.23 10:02:10.015,11.89599,11.89878,0.00,0.00
2015.04.23 10:02:10.689,11.89599,11.89887,0.00,0.00
2015.04.23 10:02:11.245,11.89599,11.89888,0.00,0.00
2015.04.23 10:02:12.296,11.89599,11.89883,0.00,0.00
2015.04.23 10:02:15.302,11.89599,11.89888,0.00,0.00
2015.04.23 10:02:16.705,11.89599,11.89887,0.00,0.00
2015.04.23 10:02:16.806,11.89599,11.89878,0.00,0.00
2015.04.23 10:02:18.713,11.89599,11.89888,0.00,0.00
2015.04.23 10:02:20.016,11.89599,11.89872,0.00,0.00
2015.04.23 10:02:21.738,11.89599,11.89888,0.00,0.00
2015.04.23 10:02:21.939,11.89599,11.89878,0.00,0.00
2015.04.23 10:02:22.321,11.89599,11.89888,0.00,0.00
2015.04.23 10:02:22.421,11.89599,11.89877,0.00,0.00
2015.04.23 10:02:25.128,11.89599,11.89868,0.00,0.00
2015.04.23 10:02:25.628,11.89599,11.89878,0.00,0.00
2015.04.23 10:02:30.340,11.89599,11.89867,0.00,0.00
2015.04.23 10:02:31.051,11.89599,11.89868,0.00,0.00
2015.04.23 10:02:32.040,11.89599,11.89882,0.00,0.00
2015.04.23 10:02:32.141,11.89599,11.89888,0.00,0.00
2015.04.23 10:02:32.372,11.89599,11.89878,0.00,0.00
2015.04.23 10:02:33.463,11.89599,11.89888,0.00,0.00
2015.04.23 10:02:33.793,11.89599,11.89878,0.00,0.00
2015.04.23 10:02:34.481,11.89599,11.89873,0.00,0.00
2015.04.23 10:02:34.545,11.89599,11.89888,0.00,0.00
2015.04.23 10:02:34.759,11.89599,11.89878,0.00,0.00
2015.04.23 10:02:34.882,11.89599,11.89888,0.00,0.00
2015.04.23 10:02:35.998,11.89599,11.89879,0.00,0.00
2015.04.23 10:02:38.144,11.89579,11.89879,0.00,0.00
2015.04.23 10:02:38.725,11.89579,11.89888,0.00,0.00
2015.04.23 10:02:39.101,11.89579,11.89885,0.00,0.00
2015.04.23 10:02:39.476,11.89579,11.89873,0.00,0.00
2015.04.23 10:02:39.678,11.89628,11.89943,0.00,0.00
2015.04.23 10:02:39.955,11.89628,11.8993,0.00,0.00
2015.04.23 10:02:40.256,11.89628,11.89947,0.00,0.00
2015.04.23 10:02:41.057,11.89628,11.8993,0.00,0.00
2015.04.23 10:02:41.775,11.89654,11.89962,0.00,0.00
2015.04.23 10:02:41.826,11.89679,11.89984,0.00,0.00
2015.04.23 10:02:42.161,11.89679,11.89968,0.00,0.00
2015.04.23 10:02:42.482,11.89679,11.89986,0.00,0.00
2015.04.23 10:02:43.363,11.89679,11.8997,0.00,0.00
2015.04.23 10:02:43.564,11.89679,11.89989,0.00,0.00
2015.04.23 10:02:43.790,11.89679,11.89968,0.00,0.00
2015.04.23 10:02:43.865,11.89679,11.89989,0.00,0.00
2015.04.23 10:02:44.089,11.89679,11.8998,0.00,0.00
2015.04.23 10:02:44.165,11.89679,11.89989,0.00,0.00
2015.04.23 10:02:44.366,11.89679,11.89975,0.00,0.00
2015.04.23 10:02:45.969,11.89679,11.89989,0.00,0.00
2015.04.23 10:02:48.073,11.89679,11.8998,0.00,0.00
2015.04.23 10:02:50.278,11.89679,11.89968,0.00,0.00
2015.04.23 10:02:51.556,11.8964,11.89928,0.00,0.00
2015.04.23 10:02:51.606,11.89628,11.89928,0.00,0.00
2015.04.23 10:02:51.707,11.89628,11.89873,0.00,0.00
2015.04.23 10:02:53.183,11.89628,11.89889,0.00,0.00
2015.04.23 10:02:53.384,11.89628,11.89876,0.00,0.00
2015.04.23 10:02:53.841,11.89588,11.89876,0.00,0.00
2015.04.23 10:02:57.321,11.89588,11.89889,0.00,0.00
2015.04.23 10:02:57.670,11.89588,11.89897,0.00,0.00
2015.04.23 10:02:57.720,11.89639,11.89935,0.00,0.00
2015.04.23 10:02:58.203,11.89639,11.89917,0.00,0.00
2015.04.23 10:02:58.304,11.89639,11.89938,0.00,0.00
2015.04.23 10:02:58.593,11.89639,11.89907,0.00,0.00
2015.04.23 10:02:58.693,11.89588,11.89889,0.00,0.00
2015.04.23 10:02:59.697,11.89595,11.89889,0.00,0.00
2015.04.23 10:03:00.398,11.89588,11.89889,0.00,0.00
2015.04.23 10:03:04.754,11.89608,11.89889,0.00,0.00
2015.04.23 10:03:08.384,11.89531,11.89829,0.00,0.00
2015.04.23 10:03:08.435,11.89522,11.89789,0.00,0.00
2015.04.23 10:03:08.736,11.89508,11.89767,0.00,0.00
2015.04.23 10:03:09.743,11.89508,11.89789,0.00,0.00
2015.04.23 10:03:11.446,11.89508,11.89788,0.00,0.00
2015.04.23 10:03:12.351,11.89508,11.89771,0.00,0.00
2015.04.23 10:03:13.963,11.89508,11.89785,0.00,0.00
2015.04.23 10:03:14.868,11.89508,11.89789,0.00,0.00
2015.04.23 10:03:15.268,11.89508,11.89784,0.00,0.00
2015.04.23 10:03:15.469,11.89508,11.89789,0.00,0.00
2015.04.23 10:03:15.770,11.89508,11.89785,0.00,0.00
2015.04.23 10:03:16.772,11.89508,11.8977,0.00,0.00
2015.04.23 10:03:16.973,11.89508,11.89789,0.00,0.00
2015.04.23 10:03:19.278,11.89508,11.89782,0.00,0.00
2015.04.23 10:03:20.080,11.89508,11.89771,0.00,0.00
2015.04.23 10:03:27.316,11.89508,11.89789,0.00,0.00
2015.04.23 10:03:30.311,11.89508,11.89783,0.00,0.00
2015.04.23 10:03:32.515,11.89508,11.89769,0.00,0.00
2015.04.23 10:03:33.043,11.89508,11.89781,0.00,0.00
2015.04.23 10:03:33.317,11.89508,11.89768,0.00,0.00
2015.04.23 10:03:34.645,11.89508,11.89777,0.00,0.00
2015.04.23 10:03:34.921,11.89508,11.89789,0.00,0.00
2015.04.23 10:03:35.246,11.89508,11.8978,0.00,0.00
2015.04.23 10:03:43.174,11.89508,11.89768,0.00,0.00
2015.04.23 10:03:43.275,11.89508,11.89789,0.00,0.00
2015.04.23 10:03:44.227,11.89508,11.89771,0.00,0.00
2015.04.23 10:03:44.328,11.89409,11.89689,0.00,0.00
2015.04.23 10:03:44.379,11.89409,11.89687,0.00,0.00
2015.04.23 10:03:44.682,11.89409,11.89689,0.00,0.00
2015.04.23 10:03:48.794,11.89388,11.89689,0.00,0.00
2015.04.23 10:03:49.403,11.89388,11.89679,0.00,0.00
2015.04.23 10:03:49.583,11.89388,11.89689,0.00,0.00
2015.04.23 10:03:50.208,11.89344,11.89661,0.00,0.00
2015.04.23 10:03:50.309,11.89307,11.89611,0.00,0.00
2015.04.23 10:03:50.642,11.89389,11.89678,0.00,0.00
2015.04.23 10:03:51.220,11.89389,11.8968,0.00,0.00
2015.04.23 10:03:51.904,11.89389,11.89689,0.00,0.00
2015.04.23 10:03:56.328,11.89389,11.89683,0.00,0.00
2015.04.23 10:03:57.028,11.89389,11.89689,0.00,0.00
2015.04.23 10:03:57.994,11.89389,11.89686,0.00,0.00
2015.04.23 10:04:02.203,11.89389,11.89689,0.00,0.00
2015.04.23 10:04:02.807,11.89389,11.89672,0.00,0.00
2015.04.23 10:04:03.406,11.89389,11.89685,0.00,0.00
2015.04.23 10:04:05.009,11.89389,11.89689,0.00,0.00
2015.04.23 10:04:08.234,11.89389,11.89678,0.00,0.00
2015.04.23 10:04:23.157,11.89389,11.89687,0.00,0.00
2015.04.23 10:04:24.887,11.89389,11.89677,0.00,0.00
2015.04.23 10:04:25.160,11.89389,11.89689,0.00,0.00
2015.04.23 10:04:26.750,11.89362,11.89589,0.00,0.00
2015.04.23 10:04:26.800,11.89329,11.89589,0.00,0.00
2015.04.23 10:04:26.851,11.89322,11.89589,0.00,0.00
2015.04.23 10:04:26.951,11.89288,11.89584,0.00,0.00
2015.04.23 10:04:27.268,11.89288,11.89582,0.00,0.00
2015.04.23 10:04:27.791,11.89288,11.89589,0.00,0.00
2015.04.23 10:04:27.972,11.89288,11.89581,0.00,0.00
2015.04.23 10:04:28.477,11.89288,11.89589,0.00,0.00
2015.04.23 10:04:36.701,11.89288,11.89567,0.00,0.00
2015.04.23 10:04:40.805,11.89288,11.89589,0.00,0.00
2015.04.23 10:04:42.317,11.89288,11.89568,0.00,0.00
2015.04.23 10:04:46.138,11.89288,11.89589,0.00,0.00
2015.04.23 10:04:49.717,11.89288,11.89575,0.00,0.00
2015.04.23 10:04:53.024,11.89288,11.89589,0.00,0.00
2015.04.23 10:04:53.158,11.89288,11.89579,0.00,0.00
2015.04.23 10:04:53.949,11.89303,11.89612,0.00,0.00
2015.04.23 10:04:54.050,11.89308,11.89612,0.00,0.00
2015.04.23 10:04:54.352,11.89333,11.89617,0.00,0.00
2015.04.23 10:04:54.664,11.89333,11.89638,0.00,0.00
2015.04.23 10:04:55.653,11.89312,11.89578,0.00,0.00
2015.04.23 10:04:55.703,11.89288,11.89578,0.00,0.00
2015.04.23 10:04:56.034,11.89288,11.89589,0.00,0.00
2015.04.23 10:04:57.375,11.89288,11.8958,0.00,0.00
2015.04.23 10:04:58.777,11.89288,11.89589,0.00,0.00
2015.04.23 10:04:58.878,11.89307,11.89589,0.00,0.00
2015.04.23 10:04:59.075,11.89291,11.89589,0.00,0.00
2015.04.23 10:04:59.147,11.89288,11.89589,0.00,0.00
2015.04.23 10:05:01.983,11.89289,11.89589,0.00,0.00
2015.04.23 10:05:02.365,11.89362,11.89589,0.00,0.00
2015.04.23 10:05:02.416,11.89362,11.89629,0.00,0.00
2015.04.23 10:05:02.466,11.89389,11.89629,0.00,0.00
2015.04.23 10:05:02.517,11.89389,11.89678,0.00,0.00
2015.04.23 10:05:02.668,11.89389,11.89675,0.00,0.00
2015.04.23 10:05:03.065,11.89389,11.89678,0.00,0.00
2015.04.23 10:05:03.391,11.89389,11.89683,0.00,0.00
2015.04.23 10:05:04.085,11.89389,11.89668,0.00,0.00
2015.04.23 10:05:04.394,11.89389,11.89684,0.00,0.00
2015.04.23 10:05:04.855,11.89389,11.89689,0.00,0.00
2015.04.23 10:05:05.557,11.89389,11.89688,0.00,0.00
2015.04.23 10:05:06.358,11.89389,11.89689,0.00,0.00
2015.04.23 10:05:08.067,11.89439,11.89689,0.00,0.00
2015.04.23 10:05:08.118,11.89439,11.89708,0.00,0.00
2015.04.23 10:05:08.168,11.8948,11.89739,0.00,0.00
2015.04.23 10:05:08.219,11.8948,11.89748,0.00,0.00
2015.04.23 10:05:08.270,11.8948,11.89761,0.00,0.00
2015.04.23 10:05:08.321,11.89488,11.89779,0.00,0.00
2015.04.23 10:05:09.083,11.89488,11.89788,0.00,0.00
2015.04.23 10:05:09.184,11.89488,11.89784,0.00,0.00
2015.04.23 10:05:10.379,11.8949,11.89788,0.00,0.00
2015.04.23 10:05:11.167,11.89488,11.89788,0.00,0.00
2015.04.23 10:05:12.569,11.8949,11.89788,0.00,0.00
2015.04.23 10:05:13.020,11.89488,11.89788,0.00,0.00
2015.04.23 10:05:14.590,11.89488,11.89786,0.00,0.00
2015.04.23 10:05:16.979,11.89488,11.89788,0.00,0.00
2015.04.23 10:05:21.405,11.89488,11.89784,0.00,0.00
2015.04.23 10:05:21.889,11.89488,11.89788,0.00,0.00
2015.04.23 10:05:25.298,11.89488,11.89774,0.00,0.00
2015.04.23 10:05:25.596,11.89488,11.89788,0.00,0.00
2015.04.23 10:05:25.697,11.89488,11.89786,0.00,0.00
2015.04.23 10:05:29.504,11.89488,11.89785,0.00,0.00
2015.04.23 10:05:33.855,11.89488,11.89788,0.00,0.00
2015.04.23 10:05:34.835,11.8948,11.89688,0.00,0.00
2015.04.23 10:05:34.936,11.89392,11.89688,0.00,0.00
2015.04.23 10:05:35.036,11.89439,11.89688,0.00,0.00
2015.04.23 10:05:35.812,11.89439,11.89759,0.00,0.00
2015.04.23 10:05:36.662,11.89429,11.89712,0.00,0.00
2015.04.23 10:05:36.762,11.89388,11.89688,0.00,0.00
2015.04.23 10:05:40.986,11.89388,11.89678,0.00,0.00
2015.04.23 10:05:41.087,11.8934,11.89662,0.00,0.00
2015.04.23 10:05:41.137,11.89338,11.89645,0.00,0.00
2015.04.23 10:05:41.446,11.89338,11.89658,0.00,0.00
2015.04.23 10:05:41.547,11.89338,11.89643,0.00,0.00
2015.04.23 10:05:45.030,11.89338,11.89658,0.00,0.00
2015.04.23 10:05:50.574,11.89389,11.89658,0.00,0.00
2015.04.23 10:05:50.848,11.89389,11.89689,0.00,0.00
2015.04.23 10:05:53.495,11.89389,11.89682,0.00,0.00
2015.04.23 10:05:53.889,11.89389,11.89665,0.00,0.00
2015.04.23 10:05:57.482,11.89389,11.89689,0.00,0.00
2015.04.23 10:06:05.463,11.89389,11.89671,0.00,0.00
2015.04.23 10:06:06.994,11.89389,11.89689,0.00,0.00
2015.04.23 10:06:13.541,11.89389,11.89681,0.00,0.00
2015.04.23 10:06:16.390,11.89389,11.8967,0.00,0.00
2015.04.23 10:06:18.881,11.89389,11.89688,0.00,0.00
2015.04.23 10:06:19.719,11.89345,11.89629,0.00,0.00
2015.04.23 10:06:19.870,11.89289,11.89604,0.00,0.00
2015.04.23 10:06:19.985,11.89289,11.89593,0.00,0.00
2015.04.23 10:06:20.186,11.89289,11.89599,0.00,0.00
2015.04.23 10:06:20.581,11.89289,11.89589,0.00,0.00
2015.04.23 10:06:23.593,11.89289,11.8956,0.00,0.00
2015.04.23 10:06:23.694,11.89188,11.89508,0.00,0.00
2015.04.23 10:06:23.795,11.89171,11.89411,0.00,0.00
2015.04.23 10:06:23.896,11.89142,11.89462,0.00,0.00
2015.04.23 10:06:24.242,11.89144,11.89461,0.00,0.00
2015.04.23 10:06:24.454,11.89188,11.89508,0.00,0.00
2015.04.23 10:06:24.541,11.89188,11.89489,0.00,0.00
2015.04.23 10:06:25.406,11.89209,11.89489,0.00,0.00
2015.04.23 10:06:25.733,11.89189,11.89489,0.00,0.00
2015.04.23 10:06:26.023,11.89206,11.89489,0.00,0.00
2015.04.23 10:06:26.512,11.8923,11.89489,0.00,0.00
2015.04.23 10:06:26.563,11.89238,11.89529,0.00,0.00
2015.04.23 10:06:26.666,11.89238,11.89549,0.00,0.00
2015.04.23 10:06:26.999,11.89238,11.89539,0.00,0.00
2015.04.23 10:06:27.100,11.89238,11.89549,0.00,0.00
2015.04.23 10:06:27.501,11.89238,11.89538,0.00,0.00
2015.04.23 10:06:28.071,11.89238,11.89549,0.00,0.00
2015.04.23 10:06:29.504,11.89238,11.89544,0.00,0.00
2015.04.23 10:06:30.713,11.89238,11.89528,0.00,0.00
2015.04.23 10:06:31.682,11.89238,11.89518,0.00,0.00
2015.04.23 10:06:31.909,11.89238,11.89531,0.00,0.00
2015.04.23 10:06:32.310,11.89238,11.89521,0.00,0.00
2015.04.23 10:06:40.821,11.89238,11.89489,0.00,0.00
2015.04.23 10:06:40.871,11.89188,11.89489,0.00,0.00
2015.04.23 10:06:40.943,11.89239,11.89489,0.00,0.00
2015.04.23 10:06:41.810,11.89239,11.89527,0.00,0.00
2015.04.23 10:06:45.773,11.89239,11.89518,0.00,0.00
2015.04.23 10:06:55.185,11.89239,11.89536,0.00,0.00
2015.04.23 10:06:55.387,11.89239,11.89518,0.00,0.00
2015.04.23 10:06:55.496,11.89239,11.89537,0.00,0.00
2015.04.23 10:06:55.597,11.89239,11.8952,0.00,0.00
2015.04.23 10:06:57.023,11.89288,11.8952,0.00,0.00
2015.04.23 10:06:57.074,11.89288,11.89565,0.00,0.00
2015.04.23 10:07:00.305,11.89288,11.89581,0.00,0.00
2015.04.23 10:07:01.207,11.89288,11.89568,0.00,0.00
2015.04.23 10:07:05.168,11.89288,11.89529,0.00,0.00
2015.04.23 10:07:05.501,11.89171,11.8937,0.00,0.00
2015.04.23 10:07:05.552,11.89139,11.89349,0.00,0.00
2015.04.23 10:07:05.703,11.89138,11.89371,0.00,0.00
2015.04.23 10:07:05.754,11.89138,11.89348,0.00,0.00
2015.04.23 10:07:10.210,11.89089,11.89348,0.00,0.00
2015.04.23 10:07:10.261,11.89089,11.89288,0.00,0.00
2015.04.23 10:07:16.834,11.89038,11.89288,0.00,0.00
2015.04.23 10:07:16.934,11.89038,11.89189,0.00,0.00
2015.04.23 10:07:24.060,11.88949,11.89189,0.00,0.00
2015.04.23 10:07:32.091,11.8893,11.89189,0.00,0.00
2015.04.23 10:07:32.141,11.88899,11.8911,0.00,0.00
2015.04.23 10:07:32.242,11.88848,11.89111,0.00,0.00
2015.04.23 10:07:32.766,11.88848,11.8911,0.00,0.00
2015.04.23 10:07:33.335,11.88848,11.89111,0.00,0.00
2015.04.23 10:07:35.126,11.8888,11.89119,0.00,0.00
2015.04.23 10:07:35.227,11.88948,11.89199,0.00,0.00
2015.04.23 10:07:35.280,11.88899,11.89199,0.00,0.00
2015.04.23 10:07:35.330,11.88899,11.89194,0.00,0.00
2015.04.23 10:07:35.658,11.88949,11.89207,0.00,0.00
2015.04.23 10:07:36.400,11.88898,11.89207,0.00,0.00
2015.04.23 10:07:36.450,11.88898,11.89179,0.00,0.00
2015.04.23 10:07:37.909,11.88898,11.89169,0.00,0.00
2015.04.23 10:07:37.961,11.88849,11.89161,0.00,0.00
2015.04.23 10:07:38.061,11.88849,11.89145,0.00,0.00
2015.04.23 10:07:38.757,11.88849,11.8913,0.00,0.00
2015.04.23 10:07:39.827,11.88849,11.89152,0.00,0.00
2015.04.23 10:07:40.027,11.88849,11.89135,0.00,0.00
2015.04.23 10:07:48.016,11.88849,11.89152,0.00,0.00
2015.04.23 10:07:49.259,11.88849,11.89135,0.00,0.00
2015.04.23 10:07:50.800,11.88849,11.89153,0.00,0.00
2015.04.23 10:07:50.962,11.88849,11.89144,0.00,0.00
2015.04.23 10:07:51.563,11.88849,11.8913,0.00,0.00
2015.04.23 10:08:00.121,11.88849,11.89139,0.00,0.00
2015.04.23 10:08:00.172,11.88888,11.89139,0.00,0.00
2015.04.23 10:08:00.577,11.88888,11.89129,0.00,0.00
2015.04.23 10:08:05.023,11.88939,11.89129,0.00,0.00
2015.04.23 10:08:05.123,11.88939,11.89139,0.00,0.00
2015.04.23 10:08:05.191,11.88939,11.8923,0.00,0.00
2015.04.23 10:08:05.242,11.88989,11.8923,0.00,0.00
2015.04.23 10:08:05.979,11.89038,11.8923,0.00,0.00
2015.04.23 10:08:06.029,11.89038,11.89269,0.00,0.00
2015.04.23 10:08:06.746,11.89089,11.89344,0.00,0.00
2015.04.23 10:08:07.100,11.89089,11.89365,0.00,0.00
2015.04.23 10:08:07.201,11.89089,11.89369,0.00,0.00
2015.04.23 10:08:08.400,11.89089,11.8934,0.00,0.00
2015.04.23 10:08:08.864,11.89038,11.8934,0.00,0.00
2015.04.23 10:08:08.914,11.89038,11.89324,0.00,0.00
2015.04.23 10:08:09.407,11.89038,11.8929,0.00,0.00
2015.04.23 10:08:09.716,11.89038,11.89313,0.00,0.00
2015.04.23 10:08:09.802,11.89038,11.8929,0.00,0.00
2015.04.23 10:08:11.636,11.89038,11.89302,0.00,0.00
2015.04.23 10:08:11.737,11.89088,11.89328,0.00,0.00
2015.04.23 10:08:11.808,11.89088,11.89356,0.00,0.00
2015.04.23 10:08:12.710,11.89088,11.89324,0.00,0.00
2015.04.23 10:08:13.211,11.89088,11.89347,0.00,0.00
2015.04.23 10:08:13.947,11.89088,11.89356,0.00,0.00
2015.04.23 10:08:14.047,11.89138,11.89356,0.00,0.00
2015.04.23 10:08:14.312,11.89138,11.89379,0.00,0.00
2015.04.23 10:08:14.363,11.89138,11.89399,0.00,0.00
2015.04.23 10:08:14.798,11.89088,11.89399,0.00,0.00
2015.04.23 10:08:14.849,11.89088,11.89379,0.00,0.00
2015.04.23 10:08:15.162,11.89088,11.89355,0.00,0.00
2015.04.23 10:08:15.874,11.89138,11.89355,0.00,0.00
2015.04.23 10:08:15.925,11.89138,11.89368,0.00,0.00
2015.04.23 10:08:16.026,11.89188,11.89438,0.00,0.00
2015.04.23 10:08:16.076,11.89188,11.89429,0.00,0.00
2015.04.23 10:08:16.421,11.89239,11.89429,0.00,0.00
2015.04.23 10:08:16.606,11.89239,11.89459,0.00,0.00
2015.04.23 10:08:16.657,11.89239,11.89498,0.00,0.00
2015.04.23 10:08:16.722,11.89239,11.89483,0.00,0.00
2015.04.23 10:08:17.142,11.89239,11.8947,0.00,0.00
2015.04.23 10:08:17.243,11.89239,11.89482,0.00,0.00
2015.04.23 10:08:17.963,11.89239,11.89497,0.00,0.00
2015.04.23 10:08:19.637,11.89239,11.89507,0.00,0.00
2015.04.23 10:08:19.830,11.89239,11.89494,0.00,0.00
2015.04.23 10:08:20.432,11.89239,11.89478,0.00,0.00
2015.04.23 10:08:21.135,11.89239,11.89502,0.00,0.00
2015.04.23 10:08:21.667,11.89239,11.8947,0.00,0.00
2015.04.23 10:08:22.640,11.89239,11.8948,0.00,0.00
2015.04.23 10:08:22.741,11.89239,11.89496,0.00,0.00
2015.04.23 10:08:23.142,11.89239,11.8947,0.00,0.00
2015.04.23 10:08:25.441,11.89239,11.89468,0.00,0.00
2015.04.23 10:08:25.547,11.89189,11.89468,0.00,0.00
2015.04.23 10:08:25.662,11.89239,11.89468,0.00,0.00
2015.04.23 10:08:25.879,11.89188,11.89468,0.00,0.00
2015.04.23 10:08:25.980,11.89188,11.89449,0.00,0.00
2015.04.23 10:08:29.459,11.89188,11.89439,0.00,0.00
2015.04.23 10:08:33.360,11.89139,11.89439,0.00,0.00
2015.04.23 10:08:33.411,11.89139,11.89349,0.00,0.00
2015.04.23 10:08:33.512,11.89088,11.8932,0.00,0.00
2015.04.23 10:08:33.612,11.89088,11.89334,0.00,0.00
2015.04.23 10:08:33.774,11.89088,11.89344,0.00,0.00
2015.04.23 10:08:33.825,11.89038,11.89344,0.00,0.00
2015.04.23 10:08:33.875,11.89038,11.89334,0.00,0.00
2015.04.23 10:08:34.189,11.89088,11.89334,0.00,0.00
2015.04.23 10:08:34.296,11.89088,11.89348,0.00,0.00
2015.04.23 10:08:34.693,11.89088,11.89334,0.00,0.00
2015.04.23 10:08:34.910,11.89039,11.89334,0.00,0.00
2015.04.23 10:08:35.011,11.89039,11.8929,0.00,0.00
2015.04.23 10:08:35.381,11.89039,11.89305,0.00,0.00
2015.04.23 10:08:35.481,11.89039,11.89289,0.00,0.00
2015.04.23 10:08:35.678,11.89039,11.89319,0.00,0.00
2015.04.23 10:08:37.204,11.89039,11.8929,0.00,0.00
2015.04.23 10:08:37.982,11.89039,11.89304,0.00,0.00
2015.04.23 10:08:38.483,11.89039,11.89322,0.00,0.00
2015.04.23 10:08:38.534,11.89088,11.89322,0.00,0.00
2015.04.23 10:08:38.584,11.89088,11.89348,0.00,0.00
2015.04.23 10:08:39.388,11.89088,11.89359,0.00,0.00
2015.04.23 10:08:39.494,11.89088,11.89368,0.00,0.00
2015.04.23 10:08:40.497,11.89088,11.89369,0.00,0.00
2015.04.23 10:08:40.548,11.89138,11.89395,0.00,0.00
2015.04.23 10:08:42.305,11.89138,11.89404,0.00,0.00
2015.04.23 10:08:43.913,11.89138,11.89415,0.00,0.00
2015.04.23 10:08:44.302,11.89138,11.89425,0.00,0.00
2015.04.23 10:08:44.413,11.89188,11.89409,0.00,0.00
2015.04.23 10:08:44.513,11.89188,11.89459,0.00,0.00
2015.04.23 10:08:44.706,11.89188,11.89469,0.00,0.00
2015.04.23 10:08:44.905,11.89188,11.89454,0.00,0.00
2015.04.23 10:08:45.306,11.89188,11.89439,0.00,0.00
2015.04.23 10:08:45.619,11.89139,11.89439,0.00,0.00
2015.04.23 10:08:45.722,11.89138,11.89396,0.00,0.00
2015.04.23 10:08:46.535,11.89138,11.8941,0.00,0.00
2015.04.23 10:08:48.135,11.8908,11.89269,0.00,0.00
2015.04.23 10:08:48.236,11.89043,11.89269,0.00,0.00
2015.04.23 10:08:48.337,11.88989,11.89269,0.00,0.00
2015.04.23 10:09:06.138,11.88941,11.89212,0.00,0.00
2015.04.23 10:09:06.189,11.88888,11.89169,0.00,0.00
2015.04.23 10:09:06.296,11.88888,11.89146,0.00,0.00
2015.04.23 10:09:06.580,11.8883,11.89141,0.00,0.00
2015.04.23 10:09:08.052,11.88829,11.89141,0.00,0.00
2015.04.23 10:09:09.969,11.88829,11.89141,0.00,0.00
2015.04.23 10:09:10.863,11.88829,11.89141,0.00,0.00
2015.04.23 10:09:10.913,11.88844,11.89141,0.00,0.00
2015.04.23 10:09:11.665,11.88829,11.89141,0.00,0.00
2015.04.23 10:09:12.230,11.8883,11.89141,0.00,0.00
2015.04.23 10:09:16.225,11.88829,11.89141,0.00,0.00
2015.04.23 10:09:16.887,11.8883,11.89141,0.00,0.00
2015.04.23 10:09:17.629,11.88829,11.89141,0.00,0.00
2015.04.23 10:09:19.314,11.8883,11.89141,0.00,0.00
2015.04.23 10:09:20.316,11.88851,11.89141,0.00,0.00
2015.04.23 10:09:20.929,11.88835,11.89141,0.00,0.00
2015.04.23 10:09:26.084,11.88835,11.89041,0.00,0.00
2015.04.23 10:09:26.135,11.88811,11.89041,0.00,0.00
2015.04.23 10:09:26.236,11.88761,11.89041,0.00,0.00
2015.04.23 10:09:26.444,11.88736,11.89041,0.00,0.00
2015.04.23 10:09:26.565,11.88749,11.89041,0.00,0.00
2015.04.23 10:09:28.097,11.88771,11.89041,0.00,0.00
2015.04.23 10:09:29.700,11.88754,11.89041,0.00,0.00
2015.04.23 10:09:29.801,11.88729,11.89041,0.00,0.00
2015.04.23 10:09:29.902,11.88754,11.89041,0.00,0.00
2015.04.23 10:09:30.002,11.88729,11.89041,0.00,0.00
2015.04.23 10:09:30.103,11.88739,11.89041,0.00,0.00
2015.04.23 10:09:30.452,11.88758,11.89041,0.00,0.00
2015.04.23 10:09:30.904,11.88729,11.89041,0.00,0.00
2015.04.23 10:09:31.005,11.88741,11.89041,0.00,0.00
2015.04.23 10:09:31.336,11.8877,11.89041,0.00,0.00
2015.04.23 10:09:31.844,11.88756,11.89041,0.00,0.00
2015.04.23 10:09:32.941,11.88741,11.89041,0.00,0.00
2015.04.23 10:09:33.322,11.88767,11.89041,0.00,0.00
2015.04.23 10:09:33.545,11.88751,11.89041,0.00,0.00
2015.04.23 10:09:37.619,11.88729,11.89041,0.00,0.00
2015.04.23 10:09:37.832,11.88742,11.89041,0.00,0.00
2015.04.23 10:09:38.163,11.88755,11.89041,0.00,0.00
2015.04.23 10:09:38.471,11.88772,11.89041,0.00,0.00
2015.04.23 10:09:38.924,11.88755,11.89041,0.00,0.00
2015.04.23 10:09:39.866,11.88742,11.89041,0.00,0.00
2015.04.23 10:09:39.967,11.88729,11.89041,0.00,0.00
2015.04.23 10:09:40.124,11.88744,11.89041,0.00,0.00
2015.04.23 10:09:40.473,11.88772,11.89041,0.00,0.00
2015.04.23 10:09:40.525,11.88756,11.89041,0.00,0.00
2015.04.23 10:09:42.034,11.88738,11.89041,0.00,0.00
2015.04.23 10:09:42.135,11.88729,11.89041,0.00,0.00
2015.04.23 10:09:42.330,11.88755,11.89041,0.00,0.00
2015.04.23 10:09:42.431,11.8873,11.89041,0.00,0.00
2015.04.23 10:09:43.167,11.88757,11.89041,0.00,0.00
2015.04.23 10:09:43.442,11.88741,11.89041,0.00,0.00
2015.04.23 10:09:43.543,11.88757,11.89041,0.00,0.00
2015.04.23 10:09:43.734,11.88729,11.89041,0.00,0.00
2015.04.23 10:09:44.041,11.88741,11.89041,0.00,0.00
2015.04.23 10:09:46.570,11.88752,11.89041,0.00,0.00
2015.04.23 10:09:47.051,11.88734,11.89041,0.00,0.00
2015.04.23 10:09:49.447,11.88747,11.89041,0.00,0.00
2015.04.23 10:09:50.950,11.88729,11.89041,0.00,0.00
2015.04.23 10:09:51.470,11.8873,11.89041,0.00,0.00
2015.04.23 10:09:52.742,11.88729,11.89041,0.00,0.00
2015.04.23 10:09:53.154,11.88732,11.89041,0.00,0.00
2015.04.23 10:09:54.384,11.88729,11.89041,0.00,0.00
2015.04.23 10:09:55.959,11.88729,11.89011,0.00,0.00
2015.04.23 10:09:56.059,11.8873,11.8903,0.00,0.00
2015.04.23 10:09:56.402,11.88722,11.89021,0.00,0.00
2015.04.23 10:09:56.591,11.88724,11.89041,0.00,0.00
2015.04.23 10:09:56.663,11.88736,11.89041,0.00,0.00
2015.04.23 10:09:57.096,11.88729,11.89041,0.00,0.00
2015.04.23 10:09:57.251,11.88722,11.89041,0.00,0.00
2015.04.23 10:09:57.652,11.8873,11.89041,0.00,0.00
2015.04.23 10:09:57.982,11.88775,11.89041,0.00,0.00
2015.04.23 10:09:58.871,11.88818,11.89139,0.00,0.00
2015.04.23 10:09:58.972,11.88809,11.89092,0.00,0.00
2015.04.23 10:09:59.306,11.88809,11.89041,0.00,0.00
2015.04.23 10:09:59.407,11.88743,11.89041,0.00,0.00
2015.04.23 10:09:59.508,11.88718,11.89038,0.00,0.00
2015.04.23 10:09:59.659,11.88729,11.89038,0.00,0.00
2015.04.23 10:09:59.709,11.88729,11.89042,0.00,0.00
2015.04.23 10:09:59.810,11.88754,11.89042,0.00,0.00
2015.04.23 10:09:59.866,11.8873,11.89042,0.00,0.00
2015.04.23 10:10:00.412,11.88754,11.89042,0.00,0.00
2015.04.23 10:10:00.684,11.88749,11.89042,0.00,0.00
2015.04.23 10:10:00.868,11.8874,11.89042,0.00,0.00
2015.04.23 10:10:01.117,11.88754,11.89042,0.00,0.00
2015.04.23 10:10:06.973,11.88768,11.89084,0.00,0.00
2015.04.23 10:10:07.024,11.88802,11.89092,0.00,0.00
2015.04.23 10:10:07.479,11.88772,11.89092,0.00,0.00
2015.04.23 10:10:07.580,11.88787,11.89092,0.00,0.00
2015.04.23 10:10:07.938,11.88803,11.89092,0.00,0.00
2015.04.23 10:10:07.988,11.88783,11.89092,0.00,0.00
2015.04.23 10:10:09.325,11.88768,11.8908,0.00,0.00
2015.04.23 10:10:09.376,11.88768,11.89068,0.00,0.00
2015.04.23 10:10:09.783,11.88778,11.89042,0.00,0.00
2015.04.23 10:10:10.484,11.88763,11.89042,0.00,0.00
2015.04.23 10:10:10.786,11.8878,11.89042,0.00,0.00
2015.04.23 10:10:11.306,11.88765,11.89042,0.00,0.00
2015.04.23 10:10:11.837,11.88764,11.89042,0.00,0.00
2015.04.23 10:10:12.187,11.88734,11.89042,0.00,0.00
2015.04.23 10:10:13.311,11.88751,11.89042,0.00,0.00
2015.04.23 10:10:13.891,11.88754,11.89042,0.00,0.00
2015.04.23 10:10:14.921,11.88739,11.89042,0.00,0.00
2015.04.23 10:10:15.022,11.88754,11.89042,0.00,0.00
2015.04.23 10:10:15.394,11.88738,11.89042,0.00,0.00
2015.04.23 10:10:16.622,11.88761,11.89042,0.00,0.00
2015.04.23 10:10:17.343,11.8883,11.89089,0.00,0.00
2015.04.23 10:10:17.398,11.8883,11.89091,0.00,0.00
2015.04.23 10:10:17.449,11.8883,11.89141,0.00,0.00
2015.04.23 10:10:17.499,11.88838,11.89141,0.00,0.00
2015.04.23 10:10:18.200,11.88848,11.89141,0.00,0.00
2015.04.23 10:10:18.999,11.88869,11.89169,0.00,0.00
2015.04.23 10:10:19.050,11.8893,11.89191,0.00,0.00
2015.04.23 10:10:19.100,11.8893,11.89229,0.00,0.00
2015.04.23 10:10:19.151,11.8893,11.89239,0.00,0.00
2015.04.23 10:10:19.251,11.8893,11.89242,0.00,0.00
2015.04.23 10:10:19.503,11.8893,11.8924,0.00,0.00
2015.04.23 10:10:19.604,11.88929,11.89242,0.00,0.00
2015.04.23 10:10:20.045,11.88918,11.89239,0.00,0.00
2015.04.23 10:10:20.105,11.88918,11.89225,0.00,0.00
2015.04.23 10:10:22.810,11.88918,11.89195,0.00,0.00
2015.04.23 10:10:23.432,11.88918,11.89204,0.00,0.00
2015.04.23 10:10:24.113,11.88918,11.89195,0.00,0.00
2015.04.23 10:10:24.322,11.88929,11.89218,0.00,0.00
2015.04.23 10:10:24.614,11.88929,11.89228,0.00,0.00
2015.04.23 10:10:26.252,11.88929,11.89194,0.00,0.00
2015.04.23 10:10:26.302,11.88918,11.89194,0.00,0.00
2015.04.23 10:10:27.367,11.88918,11.89214,0.00,0.00
2015.04.23 10:10:28.370,11.88918,11.89199,0.00,0.00
2015.04.23 10:10:33.562,11.88902,11.89174,0.00,0.00
2015.04.23 10:10:33.613,11.88869,11.89174,0.00,0.00
2015.04.23 10:10:33.664,11.88862,11.89142,0.00,0.00
2015.04.23 10:10:33.823,11.88829,11.89142,0.00,0.00
2015.04.23 10:10:34.035,11.8883,11.89139,0.00,0.00
2015.04.23 10:10:35.403,11.88829,11.89139,0.00,0.00
2015.04.23 10:10:35.704,11.88834,11.89142,0.00,0.00
2015.04.23 10:10:35.937,11.88829,11.89142,0.00,0.00
2015.04.23 10:10:36.256,11.88836,11.89142,0.00,0.00
2015.04.23 10:10:37.457,11.88909,11.89142,0.00,0.00
2015.04.23 10:10:37.508,11.88918,11.89203,0.00,0.00
2015.04.23 10:10:38.159,11.88909,11.89175,0.00,0.00
2015.04.23 10:10:38.260,11.8887,11.8917,0.00,0.00
2015.04.23 10:10:38.361,11.88875,11.89169,0.00,0.00
2015.04.23 10:10:38.665,11.88868,11.89169,0.00,0.00
2015.04.23 10:10:41.347,11.88888,11.89169,0.00,0.00
2015.04.23 10:10:42.497,11.88888,11.89125,0.00,0.00
2015.04.23 10:10:42.598,11.88838,11.89115,0.00,0.00
2015.04.23 10:10:42.699,11.88788,11.89112,0.00,0.00
2015.04.23 10:10:43.395,11.88795,11.89112,0.00,0.00
2015.04.23 10:10:43.953,11.88788,11.89112,0.00,0.00
2015.04.23 10:10:52.519,11.88796,11.89112,0.00,0.00
2015.04.23 10:10:52.721,11.88788,11.89112,0.00,0.00
2015.04.23 10:10:56.637,11.88786,11.89061,0.00,0.00
2015.04.23 10:10:56.810,11.88739,11.89061,0.00,0.00
2015.04.23 10:10:56.912,11.88739,11.89055,0.00,0.00
2015.04.23 10:10:57.081,11.88739,11.89059,0.00,0.00
2015.04.23 10:10:57.182,11.88752,11.89061,0.00,0.00
2015.04.23 10:10:57.538,11.88788,11.89068,0.00,0.00
2015.04.23 10:10:57.850,11.88829,11.89112,0.00,0.00
2015.04.23 10:10:57.966,11.88839,11.8915,0.00,0.00
2015.04.23 10:10:58.317,11.88829,11.89062,0.00,0.00
2015.04.23 10:10:58.418,11.88775,11.89062,0.00,0.00
2015.04.23 10:10:58.519,11.88744,11.89062,0.00,0.00
2015.04.23 10:10:58.826,11.88756,11.89062,0.00,0.00
2015.04.23 10:10:58.987,11.88745,11.89062,0.00,0.00
2015.04.23 10:10:59.215,11.88738,11.89059,0.00,0.00
2015.04.23 10:10:59.319,11.88832,11.89012,0.00,0.00
2015.04.23 10:10:59.420,11.8887,11.89129,0.00,0.00
2015.04.23 10:10:59.471,11.8887,11.89162,0.00,0.00
2015.04.23 10:10:59.888,11.8887,11.89153,0.00,0.00
2015.04.23 10:11:02.517,11.88832,11.89111,0.00,0.00
2015.04.23 10:11:02.567,11.88825,11.89111,0.00,0.00
2015.04.23 10:11:02.618,11.88769,11.89062,0.00,0.00
2015.04.23 10:11:02.694,11.88769,11.89044,0.00,0.00
2015.04.23 10:11:02.995,11.8877,11.89058,0.00,0.00
2015.04.23 10:11:03.046,11.88742,11.89011,0.00,0.00
2015.04.23 10:11:03.147,11.88769,11.89043,0.00,0.00
2015.04.23 10:11:03.197,11.88769,11.89034,0.00,0.00
2015.04.23 10:11:03.644,11.8877,11.89062,0.00,0.00
2015.04.23 10:11:04.253,11.88769,11.89062,0.00,0.00
2015.04.23 10:11:04.354,11.88749,11.89059,0.00,0.00
2015.04.23 10:11:06.318,11.8875,11.89059,0.00,0.00
2015.04.23 10:11:07.623,11.88749,11.89059,0.00,0.00
2015.04.23 10:11:08.311,11.8875,11.89059,0.00,0.00
2015.04.23 10:11:08.830,11.88749,11.89059,0.00,0.00
2015.04.23 10:11:09.358,11.8875,11.89059,0.00,0.00
2015.04.23 10:11:10.518,11.88763,11.89062,0.00,0.00
2015.04.23 10:11:13.367,11.8879,11.89088,0.00,0.00
2015.04.23 10:11:13.417,11.8879,11.89111,0.00,0.00
2015.04.23 10:11:13.468,11.8883,11.89111,0.00,0.00
2015.04.23 10:11:13.725,11.88865,11.89161,0.00,0.00
2015.04.23 10:11:14.023,11.88939,11.89178,0.00,0.00
2015.04.23 10:11:14.073,11.88939,11.89239,0.00,0.00
2015.04.23 10:11:14.126,11.88939,11.89261,0.00,0.00
2015.04.23 10:11:14.971,11.8894,11.89261,0.00,0.00
2015.04.23 10:11:15.022,11.8894,11.89212,0.00,0.00
2015.04.23 10:11:15.072,11.88888,11.89204,0.00,0.00
2015.04.23 10:11:15.173,11.8891,11.89211,0.00,0.00
2015.04.23 10:11:15.329,11.88899,11.89211,0.00,0.00
2015.04.23 10:11:15.380,11.88899,11.89162,0.00,0.00
2015.04.23 10:11:15.430,11.88874,11.89162,0.00,0.00
2015.04.23 10:11:15.531,11.88852,11.89162,0.00,0.00
2015.04.23 10:11:16.774,11.88848,11.89162,0.00,0.00
2015.04.23 10:11:16.833,11.88839,11.89162,0.00,0.00
2015.04.23 10:11:16.984,11.8884,11.89154,0.00,0.00
2015.04.23 10:11:17.289,11.88788,11.89103,0.00,0.00
2015.04.23 10:11:17.756,11.88788,11.89089,0.00,0.00
2015.04.23 10:11:17.806,11.88759,11.89062,0.00,0.00
2015.04.23 10:11:17.857,11.88739,11.89062,0.00,0.00
2015.04.23 10:11:18.279,11.88764,11.89062,0.00,0.00
2015.04.23 10:11:18.380,11.88739,11.89062,0.00,0.00
2015.04.23 10:11:18.747,11.88748,11.89062,0.00,0.00
2015.04.23 10:11:19.628,11.88748,11.89012,0.00,0.00
2015.04.23 10:11:19.679,11.88716,11.89012,0.00,0.00
2015.04.23 10:11:19.781,11.88701,11.88974,0.00,0.00
2015.04.23 10:11:19.832,11.88688,11.88974,0.00,0.00
2015.04.23 10:11:19.965,11.88644,11.88962,0.00,0.00
2015.04.23 10:11:20.957,11.88665,11.88962,0.00,0.00
2015.04.23 10:11:21.459,11.88638,11.88962,0.00,0.00
2015.04.23 10:11:23.063,11.88638,11.8895,0.00,0.00
2015.04.23 10:11:23.392,11.88572,11.88861,0.00,0.00
2015.04.23 10:11:23.443,11.88554,11.88861,0.00,0.00
2015.04.23 10:11:23.564,11.88579,11.88861,0.00,0.00
2015.04.23 10:11:23.665,11.88552,11.88861,0.00,0.00
2015.04.23 10:11:23.765,11.88542,11.88861,0.00,0.00
2015.04.23 10:11:24.065,11.88566,11.88861,0.00,0.00
2015.04.23 10:11:24.165,11.88543,11.88861,0.00,0.00
2015.04.23 10:11:24.466,11.88557,11.88861,0.00,0.00
2015.04.23 10:11:25.962,11.88557,11.88859,0.00,0.00
2015.04.23 10:11:26.264,11.88436,11.88712,0.00,0.00
2015.04.23 10:11:27.700,11.88436,11.88662,0.00,0.00
2015.04.23 10:11:27.801,11.88368,11.88662,0.00,0.00
2015.04.23 10:11:39.878,11.88388,11.88696,0.00,0.00
2015.04.23 10:11:39.929,11.88389,11.88712,0.00,0.00
2015.04.23 10:11:40.029,11.88414,11.88712,0.00,0.00
2015.04.23 10:11:41.481,11.8843,11.88712,0.00,0.00
2015.04.23 10:11:41.531,11.88438,11.88762,0.00,0.00
2015.04.23 10:11:41.632,11.88465,11.88762,0.00,0.00
2015.04.23 10:11:42.035,11.88452,11.88762,0.00,0.00
2015.04.23 10:11:42.262,11.88469,11.88762,0.00,0.00
2015.04.23 10:11:42.903,11.88452,11.88762,0.00,0.00
2015.04.23 10:11:43.604,11.88469,11.88762,0.00,0.00
2015.04.23 10:11:43.805,11.88452,11.88762,0.00,0.00
2015.04.23 10:11:44.119,11.88469,11.88762,0.00,0.00
2015.04.23 10:11:47.819,11.88457,11.88762,0.00,0.00
2015.04.23 10:11:49.564,11.88474,11.88762,0.00,0.00
2015.04.23 10:11:50.826,11.88452,11.88762,0.00,0.00
2015.04.23 10:11:52.128,11.88456,11.88762,0.00,0.00
2015.04.23 10:11:52.376,11.88452,11.88762,0.00,0.00
2015.04.23 10:11:53.744,11.88457,11.88762,0.00,0.00
2015.04.23 10:11:57.497,11.88475,11.88762,0.00,0.00
2015.04.23 10:11:58.126,11.88488,11.88803,0.00,0.00
2015.04.23 10:11:58.177,11.8853,11.88812,0.00,0.00
2015.04.23 10:11:58.378,11.88567,11.88862,0.00,0.00
2015.04.23 10:11:59.480,11.88629,11.88897,0.00,0.00
2015.04.23 10:11:59.938,11.88654,11.88912,0.00,0.00
2015.04.23 10:12:00.560,11.88652,11.88912,0.00,0.00
2015.04.23 10:12:01.430,11.88652,11.88962,0.00,0.00
2015.04.23 10:12:03.341,11.88634,11.88912,0.00,0.00
2015.04.23 10:12:03.392,11.88589,11.88912,0.00,0.00
2015.04.23 10:12:03.442,11.88589,11.88862,0.00,0.00
2015.04.23 10:12:03.493,11.88579,11.88862,0.00,0.00
2015.04.23 10:12:03.797,11.88562,11.88862,0.00,0.00
2015.04.23 10:12:04.306,11.88552,11.88862,0.00,0.00
2015.04.23 10:12:04.495,11.88552,11.88811,0.00,0.00
2015.04.23 10:12:04.975,11.88559,11.88811,0.00,0.00
2015.04.23 10:12:05.778,11.88552,11.88811,0.00,0.00
2015.04.23 10:12:05.879,11.8852,11.88761,0.00,0.00
2015.04.23 10:12:05.979,11.88482,11.88761,0.00,0.00
2015.04.23 10:12:06.300,11.88472,11.88761,0.00,0.00
2015.04.23 10:12:06.616,11.88462,11.88761,0.00,0.00
2015.04.23 10:12:06.796,11.88452,11.88761,0.00,0.00
2015.04.23 10:12:07.276,11.88439,11.88761,0.00,0.00
2015.04.23 10:12:07.503,11.88432,11.88711,0.00,0.00
2015.04.23 10:12:07.885,11.88432,11.88705,0.00,0.00
2015.04.23 10:12:08.266,11.88389,11.88705,0.00,0.00
2015.04.23 10:12:08.587,11.88415,11.88711,0.00,0.00
2015.04.23 10:12:09.787,11.88415,11.88661,0.00,0.00
2015.04.23 10:12:09.911,11.88404,11.88661,0.00,0.00
2015.04.23 10:12:10.012,11.88372,11.88661,0.00,0.00
2015.04.23 10:12:10.133,11.88359,11.88661,0.00,0.00
2015.04.23 10:12:10.291,11.88373,11.88661,0.00,0.00
2015.04.23 10:12:10.392,11.88358,11.88661,0.00,0.00
2015.04.23 10:12:10.913,11.88388,11.88689,0.00,0.00
2015.04.23 10:12:11.252,11.88414,11.88712,0.00,0.00
2015.04.23 10:12:12.497,11.88415,11.88712,0.00,0.00
2015.04.23 10:12:12.862,11.88432,11.88712,0.00,0.00
2015.04.23 10:12:12.912,11.88438,11.88743,0.00,0.00
2015.04.23 10:12:13.013,11.88449,11.88762,0.00,0.00
2015.04.23 10:12:13.700,11.88438,11.88761,0.00,0.00
2015.04.23 10:12:13.750,11.88432,11.88711,0.00,0.00
2015.04.23 10:12:13.851,11.88427,11.88711,0.00,0.00
2015.04.23 10:12:13.952,11.88408,11.88711,0.00,0.00
2015.04.23 10:12:14.440,11.88408,11.88662,0.00,0.00
2015.04.23 10:12:14.541,11.88394,11.88662,0.00,0.00
2015.04.23 10:12:14.703,11.8838,11.88662,0.00,0.00
2015.04.23 10:12:14.803,11.88364,11.88662,0.00,0.00
2015.04.23 10:12:17.910,11.88379,11.88662,0.00,0.00
2015.04.23 10:12:19.422,11.8837,11.88662,0.00,0.00
2015.04.23 10:12:19.714,11.88379,11.88662,0.00,0.00
2015.04.23 10:12:22.721,11.88366,11.88662,0.00,0.00
2015.04.23 10:12:27.842,11.8835,11.88662,0.00,0.00
2015.04.23 10:12:28.343,11.8834,11.88662,0.00,0.00
2015.04.23 10:12:28.686,11.8834,11.88588,0.00,0.00
2015.04.23 10:12:28.909,11.88289,11.88583,0.00,0.00
2015.04.23 10:12:28.963,11.88289,11.88588,0.00,0.00
2015.04.23 10:12:29.746,11.88294,11.88588,0.00,0.00
2015.04.23 10:12:30.193,11.88329,11.88588,0.00,0.00
2015.04.23 10:12:30.243,11.88329,11.88611,0.00,0.00
2015.04.23 10:12:30.294,11.88358,11.88629,0.00,0.00
2015.04.23 10:12:30.450,11.88358,11.88662,0.00,0.00
2015.04.23 10:12:30.849,11.88395,11.88662,0.00,0.00
2015.04.23 10:12:31.150,11.88384,11.88662,0.00,0.00
2015.04.23 10:12:31.366,11.884,11.88662,0.00,0.00
2015.04.23 10:12:31.600,11.88383,11.88662,0.00,0.00
2015.04.23 10:12:31.653,11.884,11.88662,0.00,0.00
2015.04.23 10:12:32.301,11.88388,11.88662,0.00,0.00
2015.04.23 10:12:33.772,11.8837,11.88662,0.00,0.00
2015.04.23 10:12:35.163,11.88385,11.88662,0.00,0.00
2015.04.23 10:12:36.530,11.88388,11.88689,0.00,0.00
2015.04.23 10:12:36.580,11.88399,11.88689,0.00,0.00
2015.04.23 10:12:36.631,11.88399,11.88712,0.00,0.00
2015.04.23 10:12:36.681,11.88409,11.88712,0.00,0.00
2015.04.23 10:12:36.879,11.884,11.88712,0.00,0.00
2015.04.23 10:12:37.096,11.88409,11.88712,0.00,0.00
2015.04.23 10:12:37.927,11.88432,11.88712,0.00,0.00
2015.04.23 10:12:38.078,11.88439,11.88762,0.00,0.00
2015.04.23 10:12:38.179,11.88456,11.88762,0.00,0.00
2015.04.23 10:12:38.380,11.88438,11.88761,0.00,0.00
2015.04.23 10:12:38.531,11.8846,11.88762,0.00,0.00
2015.04.23 10:12:38.683,11.88449,11.88762,0.00,0.00
2015.04.23 10:12:38.985,11.88466,11.88762,0.00,0.00
2015.04.23 10:12:40.120,11.88438,11.88762,0.00,0.00
2015.04.23 10:12:40.597,11.88451,11.88762,0.00,0.00
2015.04.23 10:12:42.102,11.88466,11.88762,0.00,0.00
2015.04.23 10:12:42.772,11.88467,11.88762,0.00,0.00
2015.04.23 10:12:43.304,11.88451,11.88762,0.00,0.00
2015.04.23 10:12:45.146,11.88438,11.88762,0.00,0.00
2015.04.23 10:12:46.122,11.88466,11.88762,0.00,0.00
2015.04.23 10:12:46.612,11.88438,11.88762,0.00,0.00
2015.04.23 10:12:47.817,11.88449,11.88762,0.00,0.00
2015.04.23 10:12:48.956,11.88438,11.88748,0.00,0.00
2015.04.23 10:12:51.129,11.88438,11.88762,0.00,0.00
2015.04.23 10:12:51.633,11.88438,11.88739,0.00,0.00
2015.04.23 10:12:53.981,11.8844,11.88762,0.00,0.00
2015.04.23 10:12:57.359,11.88438,11.88739,0.00,0.00
2015.04.23 10:12:59.168,11.88438,11.88748,0.00,0.00
2015.04.23 10:13:00.225,11.88462,11.88748,0.00,0.00
2015.04.23 10:13:00.381,11.88462,11.88762,0.00,0.00
2015.04.23 10:13:01.418,11.88466,11.88762,0.00,0.00
2015.04.23 10:13:04.860,11.88462,11.88762,0.00,0.00
2015.04.23 10:13:12.429,11.88462,11.88754,0.00,0.00
2015.04.23 10:13:14.820,11.88462,11.88762,0.00,0.00
2015.04.23 10:13:21.206,11.88469,11.88762,0.00,0.00
2015.04.23 10:13:21.285,11.88469,11.88788,0.00,0.00
2015.04.23 10:13:21.548,11.88469,11.88768,0.00,0.00
2015.04.23 10:13:28.320,11.88469,11.88742,0.00,0.00
2015.04.23 10:13:28.892,11.88462,11.88741,0.00,0.00
2015.04.23 10:13:28.943,11.88419,11.8869,0.00,0.00
2015.04.23 10:13:28.994,11.88371,11.8869,0.00,0.00
2015.04.23 10:13:29.094,11.88369,11.8869,0.00,0.00
2015.04.23 10:13:29.845,11.88369,11.88689,0.00,0.00
2015.04.23 10:13:42.432,11.88388,11.88689,0.00,0.00
2015.04.23 10:13:55.728,11.88388,11.88688,0.00,0.00
2015.04.23 10:13:56.437,11.88388,11.88689,0.00,0.00
2015.04.23 10:14:04.909,11.88403,11.88689,0.00,0.00
2015.04.23 10:14:04.960,11.88438,11.88733,0.00,0.00
2015.04.23 10:14:05.061,11.88438,11.88748,0.00,0.00
2015.04.23 10:14:08.311,11.88438,11.88736,0.00,0.00
2015.04.23 10:14:08.752,11.88438,11.88717,0.00,0.00
2015.04.23 10:14:10.028,11.88489,11.88741,0.00,0.00
2015.04.23 10:14:10.129,11.88489,11.88765,0.00,0.00
2015.04.23 10:14:10.230,11.88489,11.88776,0.00,0.00
2015.04.23 10:14:10.331,11.88438,11.88724,0.00,0.00
2015.04.23 10:14:11.029,11.88438,11.88739,0.00,0.00
2015.04.23 10:14:11.732,11.88438,11.88755,0.00,0.00
2015.04.23 10:14:12.323,11.88488,11.88755,0.00,0.00
2015.04.23 10:14:12.434,11.88488,11.88778,0.00,0.00
2015.04.23 10:14:12.736,11.88488,11.88789,0.00,0.00
2015.04.23 10:14:13.940,11.88488,11.8877,0.00,0.00
2015.04.23 10:14:14.845,11.88488,11.88789,0.00,0.00
2015.04.23 10:14:15.434,11.88488,11.88764,0.00,0.00
2015.04.23 10:14:15.765,11.88488,11.8878,0.00,0.00
2015.04.23 10:14:15.865,11.88488,11.88764,0.00,0.00
2015.04.23 10:14:16.049,11.88488,11.8878,0.00,0.00
2015.04.23 10:14:21.668,11.88488,11.88789,0.00,0.00
2015.04.23 10:14:21.769,11.88488,11.8878,0.00,0.00
2015.04.23 10:14:22.119,11.88488,11.88763,0.00,0.00
2015.04.23 10:14:22.972,11.88488,11.88759,0.00,0.00
2015.04.23 10:14:23.023,11.88438,11.88759,0.00,0.00
2015.04.23 10:14:23.223,11.88438,11.88721,0.00,0.00
2015.04.23 10:14:23.575,11.88438,11.88742,0.00,0.00
2015.04.23 10:14:24.481,11.88389,11.88686,0.00,0.00
2015.04.23 10:14:24.980,11.88389,11.88688,0.00,0.00
2015.04.23 10:14:28.776,11.88408,11.88712,0.00,0.00
2015.04.23 10:14:29.397,11.88388,11.88712,0.00,0.00
2015.04.23 10:14:29.596,11.88395,11.88689,0.00,0.00
2015.04.23 10:14:29.797,11.88388,11.88689,0.00,0.00
2015.04.23 10:14:30.969,11.88398,11.88689,0.00,0.00
2015.04.23 10:14:31.965,11.88388,11.88689,0.00,0.00
2015.04.23 10:14:32.016,11.88363,11.88589,0.00,0.00
2015.04.23 10:14:32.067,11.88341,11.88589,0.00,0.00
2015.04.23 10:14:32.167,11.88289,11.88589,0.00,0.00
2015.04.23 10:15:02.950,11.88388,11.88619,0.00,0.00
2015.04.23 10:15:03.000,11.88388,11.88668,0.00,0.00
2015.04.23 10:15:03.051,11.88338,11.88648,0.00,0.00
2015.04.23 10:15:03.152,11.88388,11.88689,0.00,0.00
2015.04.23 10:15:03.701,11.88438,11.88689,0.00,0.00
2015.04.23 10:15:03.852,11.88398,11.88689,0.00,0.00
2015.04.23 10:15:03.949,11.88388,11.88689,0.00,0.00
2015.04.23 10:15:04.067,11.88398,11.88689,0.00,0.00
2015.04.23 10:15:04.850,11.88389,11.88689,0.00,0.00
2015.04.23 10:15:05.057,11.88398,11.88689,0.00,0.00
2015.04.23 10:15:06.443,11.88438,11.88689,0.00,0.00
2015.04.23 10:15:06.907,11.88438,11.88748,0.00,0.00
2015.04.23 10:15:07.089,11.88438,11.88724,0.00,0.00
2015.04.23 10:15:07.190,11.88438,11.88747,0.00,0.00
2015.04.23 10:15:08.663,11.88488,11.88788,0.00,0.00
2015.04.23 10:15:08.977,11.88488,11.88786,0.00,0.00
2015.04.23 10:15:09.078,11.88488,11.88789,0.00,0.00
2015.04.23 10:15:09.881,11.88488,11.88786,0.00,0.00
2015.04.23 10:15:09.982,11.88488,11.88789,0.00,0.00
2015.04.23 10:15:16.178,11.88497,11.88789,0.00,0.00
2015.04.23 10:15:16.609,11.88488,11.88789,0.00,0.00
2015.04.23 10:15:18.817,11.88488,11.88788,0.00,0.00
2015.04.23 10:15:19.588,11.88488,11.88789,0.00,0.00
2015.04.23 10:15:27.342,11.88488,11.88768,0.00,0.00
2015.04.23 10:15:28.251,11.88488,11.88789,0.00,0.00
2015.04.23 10:15:28.884,11.88488,11.88768,0.00,0.00
2015.04.23 10:15:29.455,11.88488,11.88789,0.00,0.00
2015.04.23 10:15:33.874,11.88488,11.88769,0.00,0.00
2015.04.23 10:15:34.185,11.88488,11.88789,0.00,0.00
2015.04.23 10:15:35.381,11.88488,11.88781,0.00,0.00
2015.04.23 10:15:35.682,11.88539,11.88789,0.00,0.00
2015.04.23 10:15:35.783,11.88539,11.88806,0.00,0.00
2015.04.23 10:15:35.884,11.88488,11.88806,0.00,0.00
2015.04.23 10:15:36.085,11.88488,11.88793,0.00,0.00
2015.04.23 10:15:36.286,11.88488,11.88797,0.00,0.00
2015.04.23 10:15:36.623,11.88488,11.88789,0.00,0.00
2015.04.23 10:15:37.147,11.88488,11.88768,0.00,0.00
2015.04.23 10:15:39.182,11.8849,11.88789,0.00,0.00
2015.04.23 10:15:39.504,11.88488,11.88787,0.00,0.00
2015.04.23 10:15:40.408,11.88488,11.88789,0.00,0.00
2015.04.23 10:15:40.818,11.88488,11.88781,0.00,0.00
2015.04.23 10:15:41.019,11.88488,11.88787,0.00,0.00
2015.04.23 10:15:41.085,11.88488,11.88789,0.00,0.00
2015.04.23 10:15:41.663,11.88489,11.88789,0.00,0.00
2015.04.23 10:15:41.713,11.88488,11.88787,0.00,0.00
2015.04.23 10:15:41.814,11.88488,11.88789,0.00,0.00
2015.04.23 10:15:44.122,11.88488,11.88812,0.00,0.00
2015.04.23 10:15:44.173,11.88539,11.88814,0.00,0.00
2015.04.23 10:15:44.274,11.88489,11.88783,0.00,0.00
2015.04.23 10:15:44.396,11.88489,11.888,0.00,0.00
2015.04.23 10:15:44.731,11.88489,11.88794,0.00,0.00
2015.04.23 10:15:45.075,11.88489,11.88782,0.00,0.00
2015.04.23 10:15:47.140,11.88489,11.88788,0.00,0.00
2015.04.23 10:15:53.672,11.88489,11.88779,0.00,0.00
2015.04.23 10:15:53.722,11.88469,11.88762,0.00,0.00
2015.04.23 10:15:53.847,11.88387,11.88612,0.00,0.00
2015.04.23 10:15:53.962,11.88341,11.88612,0.00,0.00
2015.04.23 10:15:54.122,11.88297,11.88588,0.00,0.00
2015.04.23 10:15:54.739,11.88339,11.88588,0.00,0.00
2015.04.23 10:15:54.992,11.88339,11.88648,0.00,0.00
2015.04.23 10:16:01.670,11.88388,11.88648,0.00,0.00
2015.04.23 10:16:01.770,11.88388,11.88688,0.00,0.00
2015.04.23 10:16:05.147,11.88399,11.88688,0.00,0.00
2015.04.23 10:16:05.548,11.88388,11.88688,0.00,0.00
2015.04.23 10:16:07.106,11.88388,11.88695,0.00,0.00
2015.04.23 10:16:07.245,11.88438,11.88695,0.00,0.00
2015.04.23 10:16:07.296,11.88438,11.88718,0.00,0.00
2015.04.23 10:16:07.397,11.88489,11.88739,0.00,0.00
2015.04.23 10:16:08.018,11.88489,11.88788,0.00,0.00
2015.04.23 10:16:08.255,11.88489,11.88734,0.00,0.00
2015.04.23 10:16:08.456,11.88489,11.88749,0.00,0.00
2015.04.23 10:16:08.757,11.88489,11.88735,0.00,0.00
2015.04.23 10:16:09.858,11.88489,11.88767,0.00,0.00
2015.04.23 10:16:10.061,11.88489,11.88772,0.00,0.00
2015.04.23 10:16:10.263,11.88489,11.88743,0.00,0.00
2015.04.23 10:16:10.378,11.88489,11.88773,0.00,0.00
2015.04.23 10:16:10.660,11.88489,11.88786,0.00,0.00
2015.04.23 10:16:10.860,11.88489,11.8877,0.00,0.00
2015.04.23 10:16:10.972,11.88489,11.88787,0.00,0.00
2015.04.23 10:16:11.369,11.88489,11.88771,0.00,0.00
2015.04.23 10:16:11.974,11.88489,11.88788,0.00,0.00
2015.04.23 10:16:12.376,11.88489,11.88777,0.00,0.00
2015.04.23 10:16:13.780,11.88489,11.88792,0.00,0.00
2015.04.23 10:16:14.268,11.88489,11.88771,0.00,0.00
2015.04.23 10:16:14.368,11.88489,11.88788,0.00,0.00
2015.04.23 10:16:15.269,11.88489,11.88768,0.00,0.00
2015.04.23 10:16:15.370,11.88489,11.88776,0.00,0.00
2015.04.23 10:16:15.943,11.88489,11.88766,0.00,0.00
2015.04.23 10:16:18.001,11.88489,11.88776,0.00,0.00
2015.04.23 10:16:23.234,11.88489,11.88792,0.00,0.00
2015.04.23 10:16:23.836,11.88489,11.88775,0.00,0.00
2015.04.23 10:16:24.137,11.88489,11.88761,0.00,0.00
2015.04.23 10:16:26.722,11.88438,11.88723,0.00,0.00
2015.04.23 10:16:26.923,11.88438,11.88726,0.00,0.00
2015.04.23 10:16:27.014,11.88438,11.88743,0.00,0.00
2015.04.23 10:16:28.353,11.88453,11.88762,0.00,0.00
2015.04.23 10:16:28.403,11.88488,11.88783,0.00,0.00
2015.04.23 10:16:28.754,11.88488,11.88753,0.00,0.00
2015.04.23 10:16:29.019,11.88488,11.88765,0.00,0.00
2015.04.23 10:16:29.357,11.88488,11.88739,0.00,0.00
2015.04.23 10:16:29.657,11.88488,11.88773,0.00,0.00
2015.04.23 10:16:29.721,11.88488,11.88783,0.00,0.00
2015.04.23 10:16:29.959,11.88488,11.88767,0.00,0.00
2015.04.23 10:16:34.977,11.88488,11.88783,0.00,0.00
2015.04.23 10:16:35.032,11.88488,11.88788,0.00,0.00
2015.04.23 10:16:36.235,11.88488,11.88777,0.00,0.00
2015.04.23 10:16:36.836,11.88488,11.88776,0.00,0.00
2015.04.23 10:16:37.740,11.88488,11.88788,0.00,0.00
2015.04.23 10:16:37.841,11.88538,11.88788,0.00,0.00
2015.04.23 10:16:37.942,11.88538,11.88839,0.00,0.00
2015.04.23 10:16:37.992,11.88589,11.88839,0.00,0.00
2015.04.23 10:16:38.198,11.88589,11.88878,0.00,0.00
2015.04.23 10:16:38.803,11.88589,11.88882,0.00,0.00
2015.04.23 10:16:38.931,11.88554,11.88862,0.00,0.00
2015.04.23 10:16:38.982,11.88538,11.88843,0.00,0.00
2015.04.23 10:16:39.432,11.88538,11.88817,0.00,0.00
2015.04.23 10:16:39.545,11.88538,11.88845,0.00,0.00
2015.04.23 10:16:39.862,11.88538,11.8883,0.00,0.00
2015.04.23 10:16:40.239,11.88588,11.88854,0.00,0.00
2015.04.23 10:16:40.546,11.88588,11.88843,0.00,0.00
2015.04.23 10:16:40.850,11.88588,11.88884,0.00,0.00
2015.04.23 10:16:41.048,11.88588,11.88869,0.00,0.00
2015.04.23 10:16:41.861,11.88588,11.88882,0.00,0.00
2015.04.23 10:16:42.350,11.88588,11.88867,0.00,0.00
2015.04.23 10:16:43.088,11.88588,11.88881,0.00,0.00
2015.04.23 10:16:49.162,11.88588,11.88857,0.00,0.00
2015.04.23 10:16:49.776,11.88588,11.88869,0.00,0.00
2015.04.23 10:16:51.968,11.88588,11.88879,0.00,0.00
2015.04.23 10:16:52.770,11.88588,11.88857,0.00,0.00
2015.04.23 10:16:53.072,11.88588,11.88869,0.00,0.00
2015.04.23 10:16:56.393,11.88588,11.88888,0.00,0.00
2015.04.23 10:16:59.899,11.88588,11.88872,0.00,0.00
2015.04.23 10:17:00.300,11.88588,11.88888,0.00,0.00
2015.04.23 10:17:02.313,11.88588,11.88875,0.00,0.00
2015.04.23 10:17:04.217,11.88588,11.88888,0.00,0.00
2015.04.23 10:17:12.481,11.88678,11.88888,0.00,0.00
2015.04.23 10:17:13.106,11.88729,11.88917,0.00,0.00
2015.04.23 10:17:13.267,11.88729,11.88961,0.00,0.00
2015.04.23 10:17:13.318,11.88778,11.88961,0.00,0.00
2015.04.23 10:17:13.715,11.88778,11.88934,0.00,0.00
2015.04.23 10:17:13.766,11.88778,11.88965,0.00,0.00
2015.04.23 10:17:14.756,11.88778,11.88952,0.00,0.00
2015.04.23 10:17:14.857,11.88778,11.88968,0.00,0.00
2015.04.23 10:17:16.149,11.88778,11.88953,0.00,0.00
2015.04.23 10:17:16.549,11.88778,11.88967,0.00,0.00
2015.04.23 10:17:17.551,11.88778,11.88938,0.00,0.00
2015.04.23 10:17:23.856,11.88779,11.88938,0.00,0.00
2015.04.23 10:17:24.665,11.88779,11.88948,0.00,0.00
2015.04.23 10:17:27.306,11.88779,11.88966,0.00,0.00
2015.04.23 10:17:29.586,11.88829,11.89015,0.00,0.00
2015.04.23 10:17:29.888,11.88928,11.89079,0.00,0.00
2015.04.23 10:17:30.218,11.88928,11.89119,0.00,0.00
2015.04.23 10:17:30.745,11.88928,11.89107,0.00,0.00
2015.04.23 10:17:31.598,11.88928,11.89118,0.00,0.00
2015.04.23 10:17:33.813,11.88928,11.89159,0.00,0.00
2015.04.23 10:17:33.863,11.88978,11.89159,0.00,0.00
2015.04.23 10:17:35.013,11.88978,11.89168,0.00,0.00
2015.04.23 10:17:35.118,11.88978,11.89158,0.00,0.00
2015.04.23 10:17:35.799,11.88978,11.89157,0.00,0.00
2015.04.23 10:17:40.324,11.88978,11.89168,0.00,0.00
2015.04.23 10:17:42.335,11.88978,11.89228,0.00,0.00
2015.04.23 10:17:42.436,11.89079,11.89228,0.00,0.00
2015.04.23 10:17:45.344,11.89079,11.8924,0.00,0.00
2015.04.23 10:17:45.448,11.89079,11.89265,0.00,0.00
2015.04.23 10:17:45.882,11.89079,11.89248,0.00,0.00
2015.04.23 10:17:46.947,11.89079,11.89267,0.00,0.00
2015.04.23 10:17:47.082,11.89079,11.8925,0.00,0.00
2015.04.23 10:17:57.367,11.89079,11.89268,0.00,0.00
2015.04.23 10:17:57.965,11.89079,11.89247,0.00,0.00
2015.04.23 10:18:10.348,11.89079,11.89281,0.00,0.00
2015.04.23 10:18:29.756,11.89079,11.89288,0.00,0.00
2015.04.23 10:18:35.452,11.89079,11.89283,0.00,0.00
2015.04.23 10:18:42.536,11.8893,11.89283,0.00,0.00
2015.04.23 10:18:44.835,11.88929,11.89283,0.00,0.00
2015.04.23 10:18:45.964,11.8893,11.89283,0.00,0.00
2015.04.23 10:18:46.685,11.88933,11.89303,0.00,0.00
2015.04.23 10:18:50.638,11.88929,11.89282,0.00,0.00
2015.04.23 10:18:50.738,11.88934,11.89302,0.00,0.00
2015.04.23 10:18:58.467,11.8893,11.89283,0.00,0.00
2015.04.23 10:18:59.186,11.88929,11.89283,0.00,0.00
2015.04.23 10:19:01.092,11.8893,11.89283,0.00,0.00
2015.04.23 10:19:02.617,11.88929,11.89283,0.00,0.00
2015.04.23 10:19:06.934,11.88913,11.8927,0.00,0.00
2015.04.23 10:19:06.985,11.88979,11.89239,0.00,0.00
2015.04.23 10:19:07.331,11.88979,11.89183,0.00,0.00
2015.04.23 10:19:07.894,11.88979,11.89163,0.00,0.00
2015.04.23 10:19:08.670,11.88928,11.89163,0.00,0.00
2015.04.23 10:19:08.771,11.88878,11.89039,0.00,0.00
2015.04.23 10:19:09.332,11.88829,11.89039,0.00,0.00
2015.04.23 10:19:09.383,11.88829,11.89004,0.00,0.00
2015.04.23 10:19:09.433,11.88778,11.89004,0.00,0.00
2015.04.23 10:19:09.484,11.88778,11.88964,0.00,0.00
2015.04.23 10:19:12.477,11.88778,11.88973,0.00,0.00
2015.04.23 10:19:12.528,11.88829,11.88973,0.00,0.00
2015.04.23 10:19:12.578,11.88829,11.89019,0.00,0.00
2015.04.23 10:19:12.629,11.88778,11.89019,0.00,0.00
2015.04.23 10:19:12.787,11.88778,11.88994,0.00,0.00
2015.04.23 10:19:13.089,11.88828,11.89022,0.00,0.00
2015.04.23 10:19:13.923,11.88878,11.89022,0.00,0.00
2015.04.23 10:19:14.023,11.88878,11.89047,0.00,0.00
2015.04.23 10:19:14.176,11.88878,11.89068,0.00,0.00
2015.04.23 10:19:14.897,11.88878,11.89079,0.00,0.00
2015.04.23 10:19:15.099,11.88878,11.89065,0.00,0.00
2015.04.23 10:19:36.144,11.88878,11.89059,0.00,0.00
2015.04.23 10:19:45.742,11.88878,11.89088,0.00,0.00
2015.04.23 10:19:49.109,11.88929,11.89088,0.00,0.00
2015.04.23 10:19:49.260,11.88929,11.89126,0.00,0.00
2015.04.23 10:19:49.361,11.88978,11.89126,0.00,0.00
2015.04.23 10:19:49.563,11.88978,11.89138,0.00,0.00
2015.04.23 10:19:49.718,11.88978,11.89157,0.00,0.00
2015.04.23 10:19:50.558,11.88978,11.89139,0.00,0.00
2015.04.23 10:19:55.067,11.88978,11.8916,0.00,0.00
2015.04.23 10:20:09.530,11.88978,11.89183,0.00,0.00
2015.04.23 10:20:23.967,11.88978,11.89188,0.00,0.00
2015.04.23 10:20:24.168,11.88978,11.89184,0.00,0.00
2015.04.23 10:20:33.349,11.89075,11.89184,0.00,0.00
2015.04.23 10:20:33.400,11.89079,11.89224,0.00,0.00
2015.04.23 10:20:33.501,11.89079,11.89258,0.00,0.00
2015.04.23 10:20:33.601,11.89079,11.89269,0.00,0.00
2015.04.23 10:20:33.751,11.89079,11.89253,0.00,0.00
2015.04.23 10:20:33.852,11.89079,11.89269,0.00,0.00
2015.04.23 10:20:33.953,11.89079,11.89279,0.00,0.00
2015.04.23 10:20:34.003,11.89129,11.89279,0.00,0.00
2015.04.23 10:20:34.104,11.89078,11.89279,0.00,0.00
2015.04.23 10:20:34.155,11.89078,11.89277,0.00,0.00
2015.04.23 10:20:36.076,11.89078,11.89263,0.00,0.00
2015.04.23 10:20:36.473,11.89078,11.89274,0.00,0.00
2015.04.23 10:20:36.657,11.89078,11.89264,0.00,0.00
2015.04.23 10:20:37.359,11.89078,11.89276,0.00,0.00
2015.04.23 10:20:38.963,11.89078,11.89288,0.00,0.00
2015.04.23 10:20:39.064,11.89128,11.89311,0.00,0.00
2015.04.23 10:20:39.264,11.89128,11.89329,0.00,0.00
2015.04.23 10:20:39.315,11.89179,11.89329,0.00,0.00
2015.04.23 10:20:39.365,11.89179,11.89354,0.00,0.00
2015.04.23 10:20:57.417,11.89229,11.89354,0.00,0.00
2015.04.23 10:20:57.518,11.89229,11.89464,0.00,0.00
2015.04.23 10:20:57.571,11.89328,11.89464,0.00,0.00
2015.04.23 10:20:57.722,11.89328,11.89479,0.00,0.00
2015.04.23 10:20:57.773,11.89378,11.89479,0.00,0.00
2015.04.23 10:20:57.874,11.89378,11.89589,0.00,0.00
2015.04.23 10:20:58.305,11.89328,11.89589,0.00,0.00
2015.04.23 10:20:58.356,11.89328,11.89561,0.00,0.00
2015.04.23 10:21:00.921,11.89328,11.89579,0.00,0.00
2015.04.23 10:21:00.971,11.89379,11.89579,0.00,0.00
2015.04.23 10:21:01.072,11.89379,11.89588,0.00,0.00
2015.04.23 10:21:24.778,11.89379,11.89601,0.00,0.00
2015.04.23 10:21:31.083,11.89379,11.89639,0.00,0.00
2015.04.23 10:21:33.087,11.89379,11.8962,0.00,0.00
2015.04.23 10:21:33.188,11.89379,11.89639,0.00,0.00
2015.04.23 10:21:36.995,11.89379,11.89622,0.00,0.00
2015.04.23 10:21:37.096,11.89379,11.89639,0.00,0.00
2015.04.23 10:21:37.257,11.89328,11.89571,0.00,0.00
2015.04.23 10:21:37.624,11.89279,11.89494,0.00,0.00
2015.04.23 10:21:37.696,11.89279,11.89508,0.00,0.00
2015.04.23 10:21:37.797,11.89279,11.89492,0.00,0.00
2015.04.23 10:21:38.247,11.89279,11.89507,0.00,0.00
2015.04.23 10:21:38.297,11.89279,11.89495,0.00,0.00
2015.04.23 10:21:38.498,11.89279,11.8951,0.00,0.00
2015.04.23 10:21:38.923,11.89328,11.89533,0.00,0.00
2015.04.23 10:21:39.024,11.89328,11.89548,0.00,0.00
2015.04.23 10:21:41.705,11.89328,11.89525,0.00,0.00
2015.04.23 10:21:41.988,11.89278,11.89525,0.00,0.00
2015.04.23 10:21:42.039,11.89278,11.89506,0.00,0.00
2015.04.23 10:21:42.536,11.89278,11.89528,0.00,0.00
2015.04.23 10:21:43.413,11.89278,11.89517,0.00,0.00
2015.04.23 10:21:44.813,11.89278,11.89501,0.00,0.00
2015.04.23 10:21:45.113,11.89278,11.89516,0.00,0.00
2015.04.23 10:21:45.723,11.89278,11.89485,0.00,0.00
2015.04.23 10:21:46.053,11.89278,11.89494,0.00,0.00
2015.04.23 10:21:46.317,11.89278,11.89479,0.00,0.00
2015.04.23 10:21:46.631,11.89278,11.89508,0.00,0.00
2015.04.23 10:21:46.772,11.89278,11.89537,0.00,0.00
2015.04.23 10:21:46.823,11.89278,11.89524,0.00,0.00
2015.04.23 10:21:47.136,11.89328,11.89548,0.00,0.00
2015.04.23 10:21:47.865,11.89328,11.89534,0.00,0.00
2015.04.23 10:21:47.966,11.89328,11.89547,0.00,0.00
2015.04.23 10:21:48.132,11.89328,11.89535,0.00,0.00
2015.04.23 10:21:49.133,11.89328,11.89515,0.00,0.00
2015.04.23 10:21:49.326,11.89328,11.89548,0.00,0.00
2015.04.23 10:21:49.844,11.89328,11.89518,0.00,0.00
2015.04.23 10:21:50.774,11.89328,11.89533,0.00,0.00
2015.04.23 10:21:51.836,11.89328,11.89548,0.00,0.00
2015.04.23 10:21:52.138,11.89328,11.89566,0.00,0.00
2015.04.23 10:21:52.740,11.89328,11.89557,0.00,0.00
2015.04.23 10:21:52.791,11.89278,11.89557,0.00,0.00
2015.04.23 10:21:52.891,11.89328,11.89567,0.00,0.00
2015.04.23 10:21:53.851,11.89278,11.89539,0.00,0.00
2015.04.23 10:21:54.143,11.89278,11.89528,0.00,0.00
2015.04.23 10:21:54.746,11.89278,11.89539,0.00,0.00
2015.04.23 10:21:54.854,11.89329,11.89539,0.00,0.00
2015.04.23 10:21:54.955,11.89329,11.89567,0.00,0.00
2015.04.23 10:21:55.145,11.89329,11.89555,0.00,0.00
2015.04.23 10:21:55.856,11.89329,11.89559,0.00,0.00
2015.04.23 10:21:58.475,11.89378,11.89576,0.00,0.00
2015.04.23 10:21:58.576,11.89378,11.89615,0.00,0.00
2015.04.23 10:21:58.983,11.89378,11.89584,0.00,0.00
2015.04.23 10:21:59.084,11.89378,11.89589,0.00,0.00
2015.04.23 10:22:00.116,11.89328,11.89589,0.00,0.00
2015.04.23 10:22:00.167,11.89328,11.89524,0.00,0.00
2015.04.23 10:22:00.268,11.89278,11.89524,0.00,0.00
2015.04.23 10:22:00.703,11.89278,11.89539,0.00,0.00
2015.04.23 10:22:01.116,11.89278,11.89489,0.00,0.00
2015.04.23 10:22:03.206,11.89278,11.89539,0.00,0.00
2015.04.23 10:22:05.405,11.89278,11.89487,0.00,0.00
2015.04.23 10:22:05.588,11.89278,11.89518,0.00,0.00
2015.04.23 10:22:05.788,11.89278,11.89504,0.00,0.00
2015.04.23 10:22:06.190,11.89278,11.89486,0.00,0.00
2015.04.23 10:22:07.193,11.89278,11.89502,0.00,0.00
2015.04.23 10:22:07.294,11.89328,11.89502,0.00,0.00
2015.04.23 10:22:07.394,11.89328,11.89567,0.00,0.00
2015.04.23 10:22:07.669,11.89328,11.89554,0.00,0.00
2015.04.23 10:22:07.997,11.89328,11.89538,0.00,0.00
2015.04.23 10:22:08.371,11.89328,11.89553,0.00,0.00
2015.04.23 10:22:08.799,11.89328,11.89566,0.00,0.00
2015.04.23 10:22:08.904,11.89328,11.89554,0.00,0.00
2015.04.23 10:22:10.877,11.89328,11.89567,0.00,0.00
2015.04.23 10:22:16.788,11.89328,11.89555,0.00,0.00
2015.04.23 10:22:21.588,11.89379,11.89555,0.00,0.00
2015.04.23 10:22:21.639,11.89379,11.89579,0.00,0.00
2015.04.23 10:22:21.739,11.89379,11.8961,0.00,0.00
2015.04.23 10:22:22.040,11.89379,11.89599,0.00,0.00
2015.04.23 10:22:27.421,11.89379,11.89584,0.00,0.00
2015.04.23 10:22:28.210,11.89379,11.89608,0.00,0.00
2015.04.23 10:22:34.321,11.89379,11.89597,0.00,0.00
2015.04.23 10:22:34.754,11.89379,11.89614,0.00,0.00
2015.04.23 10:22:43.683,11.89379,11.89586,0.00,0.00
2015.04.23 10:22:44.479,11.89328,11.89586,0.00,0.00
2015.04.23 10:22:44.583,11.89328,11.89566,0.00,0.00
2015.04.23 10:22:45.686,11.89379,11.89587,0.00,0.00
2015.04.23 10:22:45.792,11.89328,11.89567,0.00,0.00
2015.04.23 10:22:45.944,11.89328,11.89545,0.00,0.00
2015.04.23 10:22:47.648,11.89328,11.8956,0.00,0.00
2015.04.23 10:22:52.703,11.89378,11.8956,0.00,0.00
2015.04.23 10:22:52.804,11.89378,11.896,0.00,0.00
2015.04.23 10:22:53.311,11.89378,11.89576,0.00,0.00
2015.04.23 10:22:53.944,11.89379,11.89576,0.00,0.00
2015.04.23 10:22:54.095,11.89379,11.89616,0.00,0.00
2015.04.23 10:23:00.328,11.89328,11.8957,0.00,0.00
2015.04.23 10:23:00.381,11.89328,11.89541,0.00,0.00
2015.04.23 10:23:00.431,11.89278,11.89541,0.00,0.00
2015.04.23 10:23:00.482,11.89278,11.89519,0.00,0.00
2015.04.23 10:23:00.828,11.89329,11.89537,0.00,0.00
2015.04.23 10:23:00.929,11.89329,11.89567,0.00,0.00
2015.04.23 10:23:01.930,11.89329,11.89555,0.00,0.00
2015.04.23 10:23:02.182,11.89329,11.89601,0.00,0.00
2015.04.23 10:23:02.232,11.89329,11.89567,0.00,0.00
2015.04.23 10:23:02.623,11.89329,11.89553,0.00,0.00
2015.04.23 10:23:03.061,11.89329,11.89562,0.00,0.00
2015.04.23 10:23:05.788,11.89379,11.89562,0.00,0.00
2015.04.23 10:23:05.838,11.89379,11.89602,0.00,0.00
2015.04.23 10:23:06.412,11.89379,11.8958,0.00,0.00
2015.04.23 10:23:06.801,11.89329,11.89616,0.00,0.00
2015.04.23 10:23:06.902,11.89378,11.89616,0.00,0.00
2015.04.23 10:23:07.326,11.89378,11.89594,0.00,0.00
2015.04.23 10:23:07.501,11.89378,11.89617,0.00,0.00
2015.04.23 10:23:07.805,11.89378,11.89605,0.00,0.00
2015.04.23 10:23:08.431,11.89378,11.89617,0.00,0.00
2015.04.23 10:23:10.717,11.89378,11.89595,0.00,0.00
2015.04.23 10:23:11.017,11.89378,11.89611,0.00,0.00
2015.04.23 10:23:22.059,11.89378,11.89573,0.00,0.00
2015.04.23 10:23:22.109,11.89328,11.89573,0.00,0.00
2015.04.23 10:23:22.160,11.89328,11.89508,0.00,0.00
2015.04.23 10:23:22.311,11.89279,11.89508,0.00,0.00
2015.04.23 10:23:22.683,11.89279,11.89546,0.00,0.00
2015.04.23 10:23:23.300,11.89279,11.89522,0.00,0.00
2015.04.23 10:23:26.365,11.89279,11.89537,0.00,0.00
2015.04.23 10:23:27.266,11.89279,11.89521,0.00,0.00
2015.04.23 10:23:28.167,11.89279,11.89536,0.00,0.00
2015.04.23 10:23:28.268,11.89279,11.89521,0.00,0.00
2015.04.23 10:23:28.768,11.89279,11.89537,0.00,0.00
2015.04.23 10:23:29.169,11.89279,11.89508,0.00,0.00
2015.04.23 10:23:29.370,11.89279,11.8953,0.00,0.00
2015.04.23 10:23:29.471,11.89328,11.89514,0.00,0.00
2015.04.23 10:23:29.571,11.89278,11.89514,0.00,0.00
2015.04.23 10:23:32.779,11.89278,11.89496,0.00,0.00
2015.04.23 10:23:33.118,11.89278,11.89487,0.00,0.00
2015.04.23 10:23:33.380,11.89278,11.895,0.00,0.00
2015.04.23 10:23:34.581,11.89278,11.89487,0.00,0.00
2015.04.23 10:23:38.215,11.89278,11.89503,0.00,0.00
2015.04.23 10:23:39.190,11.89278,11.89486,0.00,0.00
2015.04.23 10:23:45.829,11.89329,11.89486,0.00,0.00
2015.04.23 10:23:45.930,11.89329,11.89499,0.00,0.00
2015.04.23 10:23:46.212,11.89329,11.89487,0.00,0.00
2015.04.23 10:23:47.621,11.89329,11.89477,0.00,0.00
2015.04.23 10:23:50.933,11.89329,11.89495,0.00,0.00
2015.04.23 10:24:04.552,11.89329,11.89505,0.00,0.00
2015.04.23 10:24:06.301,11.89329,11.89521,0.00,0.00
2015.04.23 10:24:07.505,11.89329,11.89498,0.00,0.00
2015.04.23 10:24:07.932,11.89329,11.89487,0.00,0.00
2015.04.23 10:24:08.107,11.89329,11.89512,0.00,0.00
2015.04.23 10:24:10.315,11.89329,11.89524,0.00,0.00
2015.04.23 10:24:10.868,11.89329,11.89508,0.00,0.00
2015.04.23 10:24:11.570,11.89329,11.89525,0.00,0.00
2015.04.23 10:24:13.274,11.89329,11.89507,0.00,0.00
2015.04.23 10:24:18.688,11.89329,11.89524,0.00,0.00
2015.04.23 10:24:24.625,11.89329,11.89497,0.00,0.00
2015.04.23 10:24:25.136,11.89329,11.89488,0.00,0.00
2015.04.23 10:24:26.659,11.89329,11.89528,0.00,0.00
2015.04.23 10:24:31.271,11.89329,11.89539,0.00,0.00
2015.04.23 10:24:31.391,11.89329,11.89507,0.00,0.00
2015.04.23 10:24:31.837,11.89329,11.89538,0.00,0.00
2015.04.23 10:24:32.144,11.89329,11.89508,0.00,0.00
2015.04.23 10:24:34.042,11.89329,11.89527,0.00,0.00
2015.04.23 10:24:35.159,11.89329,11.89544,0.00,0.00
2015.04.23 10:24:35.210,11.89378,11.89544,0.00,0.00
2015.04.23 10:24:35.284,11.89328,11.89544,0.00,0.00
2015.04.23 10:24:35.465,11.89328,11.89546,0.00,0.00
2015.04.23 10:24:35.565,11.89328,11.8953,0.00,0.00
2015.04.23 10:24:35.774,11.89328,11.89545,0.00,0.00
2015.04.23 10:24:35.875,11.89328,11.89533,0.00,0.00
2015.04.23 10:24:36.492,11.89328,11.89516,0.00,0.00
2015.04.23 10:24:37.862,11.89328,11.89538,0.00,0.00
2015.04.23 10:24:37.984,11.89328,11.89527,0.00,0.00
2015.04.23 10:24:38.288,11.89328,11.89511,0.00,0.00
2015.04.23 10:24:39.352,11.89328,11.89521,0.00,0.00
2015.04.23 10:24:41.807,11.89328,11.89537,0.00,0.00
2015.04.23 10:24:43.251,11.89328,11.89522,0.00,0.00
2015.04.23 10:24:43.699,11.89328,11.89489,0.00,0.00
2015.04.23 10:24:44.261,11.89328,11.89499,0.00,0.00
2015.04.23 10:24:44.510,11.89328,11.89486,0.00,0.00
2015.04.23 10:24:44.863,11.89328,11.89498,0.00,0.00
2015.04.23 10:24:47.168,11.89328,11.89483,0.00,0.00
2015.04.23 10:24:47.570,11.89328,11.89512,0.00,0.00
2015.04.23 10:24:47.669,11.89328,11.89528,0.00,0.00
2015.04.23 10:24:48.370,11.89328,11.89507,0.00,0.00
2015.04.23 10:24:52.107,11.89328,11.89522,0.00,0.00
2015.04.23 10:24:53.378,11.89328,11.89508,0.00,0.00
2015.04.23 10:24:54.894,11.89328,11.89529,0.00,0.00
2015.04.23 10:24:55.743,11.89379,11.89529,0.00,0.00
2015.04.23 10:24:55.793,11.89379,11.89549,0.00,0.00
2015.04.23 10:24:56.399,11.89379,11.89533,0.00,0.00
2015.04.23 10:24:56.723,11.89428,11.89562,0.00,0.00
2015.04.23 10:24:56.774,11.89378,11.89562,0.00,0.00
2015.04.23 10:24:57.102,11.89328,11.89562,0.00,0.00
2015.04.23 10:24:57.203,11.89328,11.89518,0.00,0.00
2015.04.23 10:24:57.586,11.89328,11.89537,0.00,0.00
2015.04.23 10:24:57.703,11.89328,11.89497,0.00,0.00
2015.04.23 10:24:58.205,11.89328,11.8952,0.00,0.00
2015.04.23 10:24:58.387,11.89328,11.89507,0.00,0.00
2015.04.23 10:25:00.794,11.89328,11.89521,0.00,0.00
2015.04.23 10:25:03.114,11.89379,11.89521,0.00,0.00
2015.04.23 10:25:03.216,11.89379,11.89554,0.00,0.00
2015.04.23 10:25:03.773,11.89428,11.89554,0.00,0.00
2015.04.23 10:25:03.823,11.89428,11.89566,0.00,0.00
2015.04.23 10:25:03.924,11.89378,11.8955,0.00,0.00
2015.04.23 10:25:04.025,11.89378,11.89528,0.00,0.00
2015.04.23 10:25:04.418,11.89378,11.89537,0.00,0.00
2015.04.23 10:25:04.468,11.89428,11.89537,0.00,0.00
2015.04.23 10:25:04.519,11.89428,11.89563,0.00,0.00
2015.04.23 10:25:04.799,11.89428,11.89549,0.00,0.00
2015.04.23 10:25:05.027,11.89428,11.89583,0.00,0.00
2015.04.23 10:25:07.634,11.89428,11.89593,0.00,0.00
2015.04.23 10:25:08.943,11.89428,11.89578,0.00,0.00
2015.04.23 10:25:10.909,11.89428,11.89588,0.00,0.00
2015.04.23 10:25:12.016,11.89428,11.89601,0.00,0.00
2015.04.23 10:25:12.346,11.89428,11.89605,0.00,0.00
2015.04.23 10:25:14.774,11.89392,11.89605,0.00,0.00
2015.04.23 10:25:14.824,11.89392,11.89567,0.00,0.00
2015.04.23 10:25:15.216,11.89328,11.895,0.00,0.00
2015.04.23 10:25:16.468,11.89328,11.89541,0.00,0.00
2015.04.23 10:25:16.519,11.89328,11.89539,0.00,0.00
2015.04.23 10:25:16.916,11.89328,11.89508,0.00,0.00
2015.04.23 10:25:16.967,11.89328,11.89525,0.00,0.00
2015.04.23 10:25:21.427,11.89328,11.89506,0.00,0.00
2015.04.23 10:25:21.928,11.89328,11.89528,0.00,0.00
2015.04.23 10:25:25.734,11.89328,11.89516,0.00,0.00
2015.04.23 10:25:29.239,11.89328,11.895,0.00,0.00
2015.04.23 10:25:29.340,11.89328,11.89516,0.00,0.00
2015.04.23 10:25:29.441,11.89328,11.89528,0.00,0.00
2015.04.23 10:25:29.640,11.89328,11.89515,0.00,0.00
2015.04.23 10:25:29.865,11.89328,11.89526,0.00,0.00
2015.04.23 10:25:31.158,11.89328,11.89515,0.00,0.00
2015.04.23 10:25:32.046,11.89328,11.89513,0.00,0.00
2015.04.23 10:25:32.247,11.89328,11.89527,0.00,0.00
2015.04.23 10:25:32.550,11.89328,11.89498,0.00,0.00
2015.04.23 10:25:33.248,11.89328,11.89528,0.00,0.00
2015.04.23 10:25:33.950,11.89328,11.89514,0.00,0.00
2015.04.23 10:25:34.350,11.89328,11.89528,0.00,0.00
2015.04.23 10:25:35.051,11.89328,11.89543,0.00,0.00
2015.04.23 10:25:37.162,11.89328,11.89531,0.00,0.00
2015.04.23 10:25:37.498,11.89328,11.89547,0.00,0.00
2015.04.23 10:25:38.159,11.89328,11.89533,0.00,0.00
2015.04.23 10:25:41.161,11.89328,11.89548,0.00,0.00
2015.04.23 10:25:41.362,11.89328,11.89533,0.00,0.00
2015.04.23 10:25:42.807,11.89328,11.89547,0.00,0.00
2015.04.23 10:25:43.064,11.89328,11.89521,0.00,0.00
2015.04.23 10:25:43.401,11.89319,11.89521,0.00,0.00
2015.04.23 10:25:43.786,11.89319,11.89544,0.00,0.00
2015.04.23 10:25:43.887,11.89319,11.89524,0.00,0.00
2015.04.23 10:25:43.987,11.89319,11.8954,0.00,0.00
2015.04.23 10:25:44.166,11.89369,11.8954,0.00,0.00
2015.04.23 10:25:44.216,11.89369,11.89568,0.00,0.00
2015.04.23 10:25:44.267,11.89319,11.89568,0.00,0.00
2015.04.23 10:25:44.317,11.89319,11.89504,0.00,0.00
2015.04.23 10:25:44.726,11.89319,11.89488,0.00,0.00
2015.04.23 10:26:04.413,11.89319,11.89522,0.00,0.00
2015.04.23 10:26:04.464,11.89319,11.89509,0.00,0.00
2015.04.23 10:26:04.565,11.89368,11.89578,0.00,0.00
2015.04.23 10:26:04.615,11.89418,11.89578,0.00,0.00
2015.04.23 10:26:04.923,11.89418,11.89573,0.00,0.00
2015.04.23 10:26:05.024,11.89418,11.89578,0.00,0.00
2015.04.23 10:26:05.175,11.89468,11.89578,0.00,0.00
2015.04.23 10:26:05.275,11.89418,11.89578,0.00,0.00
2015.04.23 10:26:05.427,11.89418,11.89589,0.00,0.00
2015.04.23 10:26:23.892,11.89408,11.89589,0.00,0.00
2015.04.23 10:26:27.115,11.89408,11.89678,0.00,0.00
2015.04.23 10:26:27.165,11.89458,11.89678,0.00,0.00
2015.04.23 10:26:27.482,11.89509,11.89678,0.00,0.00
2015.04.23 10:26:27.952,11.89509,11.89689,0.00,0.00
2015.04.23 10:26:37.074,11.89559,11.89689,0.00,0.00
2015.04.23 10:26:37.126,11.89559,11.89748,0.00,0.00
2015.04.23 10:26:37.177,11.89509,11.89748,0.00,0.00
2015.04.23 10:26:37.278,11.89509,11.89752,0.00,0.00
2015.04.23 10:26:37.328,11.89509,11.89732,0.00,0.00
2015.04.23 10:26:37.962,11.89509,11.89689,0.00,0.00
2015.04.23 10:26:41.568,11.89559,11.89689,0.00,0.00
2015.04.23 10:26:41.619,11.89559,11.89732,0.00,0.00
2015.04.23 10:26:41.719,11.89509,11.89721,0.00,0.00
2015.04.23 10:26:42.582,11.89509,11.89688,0.00,0.00
2015.04.23 10:26:46.981,11.89509,11.89732,0.00,0.00
2015.04.23 10:26:47.032,11.89509,11.89742,0.00,0.00
2015.04.23 10:26:47.082,11.89559,11.89742,0.00,0.00
2015.04.23 10:26:47.133,11.89559,11.89751,0.00,0.00
2015.04.23 10:26:48.162,11.89608,11.89751,0.00,0.00
2015.04.23 10:26:48.262,11.89608,11.89762,0.00,0.00
2015.04.23 10:26:48.363,11.89608,11.89788,0.00,0.00
2015.04.23 10:26:48.750,11.89608,11.89772,0.00,0.00
2015.04.23 10:26:48.832,11.89608,11.89787,0.00,0.00
2015.04.23 10:26:49.333,11.89608,11.89788,0.00,0.00
2015.04.23 10:26:49.652,11.89608,11.89773,0.00,0.00
2015.04.23 10:26:50.055,11.89608,11.89788,0.00,0.00
2015.04.23 10:26:52.242,11.89608,11.89772,0.00,0.00
2015.04.23 10:26:52.343,11.89608,11.89788,0.00,0.00
2015.04.23 10:26:52.845,11.89608,11.89773,0.00,0.00
2015.04.23 10:26:53.683,11.89608,11.89788,0.00,0.00
2015.04.23 10:27:01.911,11.89658,11.89788,0.00,0.00
2015.04.23 10:27:01.962,11.89658,11.89842,0.00,0.00
2015.04.23 10:27:02.063,11.89658,11.89853,0.00,0.00
2015.04.23 10:27:02.113,11.89658,11.8983,0.00,0.00
2015.04.23 10:27:02.164,11.89608,11.8983,0.00,0.00
2015.04.23 10:27:02.241,11.89549,11.8983,0.00,0.00
2015.04.23 10:27:02.465,11.89549,11.89814,0.00,0.00
2015.04.23 10:27:02.807,11.89549,11.89792,0.00,0.00
2015.04.23 10:27:03.241,11.89549,11.89789,0.00,0.00
2015.04.23 10:27:03.571,11.89649,11.89789,0.00,0.00
2015.04.23 10:27:03.622,11.89649,11.89886,0.00,0.00
2015.04.23 10:27:05.114,11.89649,11.89889,0.00,0.00
2015.04.23 10:27:05.271,11.89649,11.89881,0.00,0.00
2015.04.23 10:27:06.873,11.89649,11.89889,0.00,0.00
2015.04.23 10:27:07.424,11.89649,11.89888,0.00,0.00
2015.04.23 10:27:07.991,11.89649,11.89889,0.00,0.00
2015.04.23 10:27:08.702,11.89649,11.89882,0.00,0.00
2015.04.23 10:27:11.485,11.89649,11.89889,0.00,0.00
2015.04.23 10:27:12.282,11.89649,11.89882,0.00,0.00
2015.04.23 10:27:12.383,11.89649,11.89889,0.00,0.00
2015.04.23 10:27:12.890,11.89649,11.89882,0.00,0.00
2015.04.23 10:27:16.998,11.89649,11.89889,0.00,0.00
2015.04.23 10:27:17.199,11.89649,11.89881,0.00,0.00
2015.04.23 10:27:28.049,11.89649,11.89889,0.00,0.00
2015.04.23 10:27:30.656,11.89649,11.89886,0.00,0.00
2015.04.23 10:27:36.640,11.89649,11.89889,0.00,0.00
2015.04.23 10:27:36.978,11.89649,11.89882,0.00,0.00
2015.04.23 10:27:37.436,11.89649,11.89889,0.00,0.00
2015.04.23 10:27:41.695,11.89649,11.89882,0.00,0.00
2015.04.23 10:27:45.470,11.89649,11.89889,0.00,0.00
2015.04.23 10:27:46.252,11.89649,11.89881,0.00,0.00
2015.04.23 10:27:46.353,11.89649,11.89889,0.00,0.00
2015.04.23 10:27:50.640,11.89698,11.89889,0.00,0.00
2015.04.23 10:27:50.741,11.89698,11.89892,0.00,0.00
2015.04.23 10:27:50.844,11.89698,11.89944,0.00,0.00
2015.04.23 10:27:50.895,11.89749,11.89978,0.00,0.00
2015.04.23 10:27:51.563,11.89749,11.89977,0.00,0.00
2015.04.23 10:27:54.468,11.89749,11.89988,0.00,0.00
2015.04.23 10:27:54.969,11.89749,11.89982,0.00,0.00
2015.04.23 10:28:00.277,11.89749,11.89988,0.00,0.00
2015.04.23 10:28:06.011,11.89749,11.89984,0.00,0.00
2015.04.23 10:28:06.652,11.89749,11.89988,0.00,0.00
2015.04.23 10:28:11.399,11.89749,11.89984,0.00,0.00
2015.04.23 10:28:12.644,11.89749,11.89988,0.00,0.00
2015.04.23 10:28:13.406,11.89749,11.89986,0.00,0.00
2015.04.23 10:28:17.721,11.89749,11.89988,0.00,0.00
2015.04.23 10:28:19.026,11.89749,11.89977,0.00,0.00
2015.04.23 10:28:21.033,11.89749,11.89988,0.00,0.00
2015.04.23 10:28:22.437,11.89749,11.8998,0.00,0.00
2015.04.23 10:28:24.890,11.89749,11.89988,0.00,0.00
2015.04.23 10:28:27.762,11.89749,11.89977,0.00,0.00
2015.04.23 10:28:27.862,11.89749,11.89988,0.00,0.00
2015.04.23 10:28:31.173,11.89749,11.89976,0.00,0.00
2015.04.23 10:28:31.542,11.89749,11.89987,0.00,0.00
2015.04.23 10:28:32.152,11.89749,11.89988,0.00,0.00
2015.04.23 10:28:32.676,11.89749,11.89976,0.00,0.00
2015.04.23 10:28:33.934,11.89749,11.89988,0.00,0.00
2015.04.23 10:28:34.335,11.89749,11.89976,0.00,0.00
2015.04.23 10:28:34.984,11.89749,11.89988,0.00,0.00
2015.04.23 10:28:36.573,11.89749,11.89986,0.00,0.00
2015.04.23 10:28:37.942,11.89749,11.89976,0.00,0.00
2015.04.23 10:28:39.145,11.89749,11.89986,0.00,0.00
2015.04.23 10:28:41.774,11.89749,11.89988,0.00,0.00
2015.04.23 10:28:42.300,11.89749,11.89987,0.00,0.00
2015.04.23 10:28:55.069,11.89749,11.89977,0.00,0.00
2015.04.23 10:28:57.487,11.89749,11.89987,0.00,0.00
2015.04.23 10:28:57.588,11.89749,11.90003,0.00,0.00
2015.04.23 10:28:58.904,11.89749,11.89977,0.00,0.00
2015.04.23 10:28:59.375,11.89749,11.89987,0.00,0.00
2015.04.23 10:28:59.780,11.89749,11.90003,0.00,0.00
2015.04.23 10:29:01.377,11.89749,11.89989,0.00,0.00
2015.04.23 10:29:02.179,11.89749,11.89999,0.00,0.00
2015.04.23 10:29:06.186,11.89749,11.90017,0.00,0.00
2015.04.23 10:29:06.435,11.89749,11.90005,0.00,0.00
2015.04.23 10:29:06.819,11.89749,11.89888,0.00,0.00
2015.04.23 10:29:06.919,11.89648,11.89888,0.00,0.00
2015.04.23 10:29:07.286,11.89648,11.89903,0.00,0.00
2015.04.23 10:29:07.387,11.89648,11.89917,0.00,0.00
2015.04.23 10:29:07.487,11.89648,11.89928,0.00,0.00
2015.04.23 10:29:07.538,11.89648,11.89922,0.00,0.00
2015.04.23 10:29:08.539,11.89648,11.89898,0.00,0.00
2015.04.23 10:29:09.992,11.89648,11.89913,0.00,0.00
2015.04.23 10:29:10.796,11.89648,11.89927,0.00,0.00
2015.04.23 10:29:13.544,11.89648,11.89907,0.00,0.00
2015.04.23 10:29:14.809,11.89648,11.89923,0.00,0.00
2015.04.23 10:29:14.902,11.89648,11.89928,0.00,0.00
2015.04.23 10:29:15.814,11.89648,11.89906,0.00,0.00
2015.04.23 10:29:16.103,11.89648,11.89916,0.00,0.00
2015.04.23 10:29:16.817,11.89648,11.89926,0.00,0.00
2015.04.23 10:29:16.918,11.89648,11.89929,0.00,0.00
2015.04.23 10:29:17.923,11.89648,11.89912,0.00,0.00
2015.04.23 10:29:19.209,11.89648,11.89929,0.00,0.00
2015.04.23 10:29:22.628,11.89648,11.89918,0.00,0.00
2015.04.23 10:29:22.736,11.89648,11.89929,0.00,0.00
2015.04.23 10:29:23.634,11.89648,11.89919,0.00,0.00
2015.04.23 10:29:23.954,11.89648,11.89929,0.00,0.00
2015.04.23 10:29:29.127,11.89698,11.89929,0.00,0.00
2015.04.23 10:29:29.177,11.89698,11.89949,0.00,0.00
2015.04.23 10:29:29.228,11.89649,11.89941,0.00,0.00
2015.04.23 10:29:51.238,11.89649,11.89939,0.00,0.00
2015.04.23 10:29:51.339,11.89649,11.89941,0.00,0.00
2015.04.23 10:29:51.989,11.89698,11.89976,0.00,0.00
2015.04.23 10:29:53.840,11.89748,11.90012,0.00,0.00
2015.04.23 10:29:53.941,11.89748,11.90026,0.00,0.00
2015.04.23 10:29:54.355,11.89748,11.89998,0.00,0.00
2015.04.23 10:29:54.606,11.89748,11.90013,0.00,0.00
2015.04.23 10:29:55.108,11.89748,11.90026,0.00,0.00
2015.04.23 10:29:55.608,11.89748,11.90015,0.00,0.00
2015.04.23 10:29:55.709,11.89748,11.90027,0.00,0.00
2015.04.23 10:29:55.809,11.89748,11.90015,0.00,0.00
2015.04.23 10:29:57.313,11.89748,11.90027,0.00,0.00
2015.04.23 10:29:58.791,11.89738,11.90027,0.00,0.00
2015.04.23 10:30:00.017,11.89738,11.90002,0.00,0.00
2015.04.23 10:30:00.518,11.89738,11.90017,0.00,0.00
2015.04.23 10:30:01.821,11.89738,11.90026,0.00,0.00
2015.04.23 10:30:10.767,11.89789,11.90028,0.00,0.00
2015.04.23 10:30:10.867,11.89838,11.90102,0.00,0.00
2015.04.23 10:30:10.968,11.89838,11.90092,0.00,0.00
2015.04.23 10:30:11.270,11.89838,11.90113,0.00,0.00
2015.04.23 10:30:11.978,11.89838,11.90097,0.00,0.00
2015.04.23 10:30:12.645,11.89838,11.90099,0.00,0.00
2015.04.23 10:30:13.249,11.89838,11.90115,0.00,0.00
2015.04.23 10:30:13.349,11.89838,11.90093,0.00,0.00
2015.04.23 10:30:17.959,11.89838,11.90103,0.00,0.00
2015.04.23 10:30:18.039,11.89888,11.90103,0.00,0.00
2015.04.23 10:30:18.090,11.89888,11.90138,0.00,0.00
2015.04.23 10:30:18.191,11.89938,11.90221,0.00,0.00
2015.04.23 10:30:18.466,11.89938,11.90206,0.00,0.00
2015.04.23 10:30:18.567,11.89938,11.90223,0.00,0.00
2015.04.23 10:30:21.800,11.89938,11.90213,0.00,0.00
2015.04.23 10:30:22.206,11.89938,11.90223,0.00,0.00
2015.04.23 10:30:24.685,11.89938,11.90213,0.00,0.00
2015.04.23 10:30:25.675,11.89938,11.90199,0.00,0.00
2015.04.23 10:30:25.876,11.89938,11.90214,0.00,0.00
2015.04.23 10:30:27.326,11.89938,11.90183,0.00,0.00
2015.04.23 10:30:27.579,11.89938,11.90214,0.00,0.00
2015.04.23 10:30:28.180,11.89938,11.90199,0.00,0.00
2015.04.23 10:30:29.382,11.89938,11.90189,0.00,0.00
2015.04.23 10:30:29.683,11.89938,11.90214,0.00,0.00
2015.04.23 10:30:30.297,11.89938,11.90198,0.00,0.00
2015.04.23 10:30:35.630,11.89938,11.90216,0.00,0.00
2015.04.23 10:30:37.799,11.89938,11.90203,0.00,0.00
2015.04.23 10:30:38.801,11.89938,11.90183,0.00,0.00
2015.04.23 10:30:39.103,11.89938,11.90212,0.00,0.00
2015.04.23 10:30:41.240,11.89938,11.90186,0.00,0.00
2015.04.23 10:30:42.129,11.89928,11.90186,0.00,0.00
2015.04.23 10:30:44.562,11.89928,11.90195,0.00,0.00
2015.04.23 10:30:47.920,11.89928,11.90185,0.00,0.00
2015.04.23 10:30:48.333,11.89928,11.902,0.00,0.00
2015.04.23 10:30:48.434,11.89928,11.90184,0.00,0.00
2015.04.23 10:30:52.231,11.89928,11.90201,0.00,0.00
2015.04.23 10:30:52.633,11.89928,11.90185,0.00,0.00
2015.04.23 10:30:53.976,11.89928,11.90202,0.00,0.00
2015.04.23 10:30:54.367,11.89928,11.90185,0.00,0.00
2015.04.23 10:30:57.644,11.89928,11.90203,0.00,0.00
2015.04.23 10:30:58.044,11.89928,11.90186,0.00,0.00
2015.04.23 10:30:58.646,11.89928,11.90206,0.00,0.00
2015.04.23 10:30:58.750,11.89928,11.9022,0.00,0.00
2015.04.23 10:30:59.348,11.89928,11.9021,0.00,0.00
2015.04.23 10:31:00.548,11.89928,11.90201,0.00,0.00
2015.04.23 10:31:00.810,11.89928,11.90221,0.00,0.00
2015.04.23 10:31:02.257,11.89928,11.9021,0.00,0.00
2015.04.23 10:31:05.337,11.89978,11.9021,0.00,0.00
2015.04.23 10:31:05.589,11.89929,11.90191,0.00,0.00
2015.04.23 10:31:09.112,11.89979,11.90221,0.00,0.00
2015.04.23 10:31:09.454,11.90028,11.9028,0.00,0.00
2015.04.23 10:31:09.664,11.89978,11.9028,0.00,0.00
2015.04.23 10:31:09.714,11.89978,11.90256,0.00,0.00
2015.04.23 10:31:10.057,11.90028,11.90256,0.00,0.00
2015.04.23 10:31:10.107,11.89979,11.90256,0.00,0.00
2015.04.23 10:31:10.208,11.89979,11.9023,0.00,0.00
2015.04.23 10:31:19.197,11.89928,11.9023,0.00,0.00
2015.04.23 10:31:21.990,11.89889,11.90191,0.00,0.00
2015.04.23 10:31:22.937,11.89929,11.90219,0.00,0.00
2015.04.23 10:31:22.987,11.89929,11.90229,0.00,0.00
2015.04.23 10:31:23.501,11.89928,11.90229,0.00,0.00
2015.04.23 10:31:23.694,11.89928,11.90209,0.00,0.00
2015.04.23 10:31:23.744,11.89879,11.90192,0.00,0.00
2015.04.23 10:31:25.551,11.8989,11.90192,0.00,0.00
2015.04.23 10:31:25.602,11.89879,11.90192,0.00,0.00
2015.04.23 10:31:32.402,11.89878,11.90189,0.00,0.00
2015.04.23 10:31:50.489,11.89878,11.90171,0.00,0.00
2015.04.23 10:31:50.590,11.89829,11.90142,0.00,0.00
2015.04.23 10:31:50.691,11.89781,11.90092,0.00,0.00
2015.04.23 10:31:50.778,11.89778,11.90092,0.00,0.00
2015.04.23 10:31:50.879,11.89879,11.90094,0.00,0.00
2015.04.23 10:31:50.980,11.89879,11.90139,0.00,0.00
2015.04.23 10:31:51.093,11.89879,11.90169,0.00,0.00
2015.04.23 10:31:51.234,11.89879,11.90178,0.00,0.00
2015.04.23 10:31:54.527,11.8985,11.90142,0.00,0.00
2015.04.23 10:31:54.577,11.89828,11.90142,0.00,0.00
2015.04.23 10:31:54.678,11.89828,11.90128,0.00,0.00
2015.04.23 10:31:57.560,11.89828,11.90114,0.00,0.00
2015.04.23 10:31:57.611,11.89784,11.90092,0.00,0.00
2015.04.23 10:31:57.841,11.89778,11.90092,0.00,0.00
2015.04.23 10:31:58.555,11.8978,11.90092,0.00,0.00
2015.04.23 10:31:58.687,11.89778,11.90092,0.00,0.00
2015.04.23 10:31:59.476,11.89778,11.90079,0.00,0.00
2015.04.23 10:32:01.653,11.89778,11.90091,0.00,0.00
2015.04.23 10:32:02.461,11.89779,11.90092,0.00,0.00
2015.04.23 10:32:03.040,11.89778,11.90092,0.00,0.00
2015.04.23 10:32:05.069,11.89789,11.90092,0.00,0.00
2015.04.23 10:32:12.271,11.89778,11.90092,0.00,0.00
2015.04.23 10:32:14.308,11.8979,11.90092,0.00,0.00
2015.04.23 10:32:15.300,11.89778,11.90092,0.00,0.00
2015.04.23 10:32:15.778,11.8979,11.90092,0.00,0.00
2015.04.23 10:32:15.878,11.89778,11.90092,0.00,0.00
2015.04.23 10:32:16.278,11.89789,11.90092,0.00,0.00
2015.04.23 10:32:16.580,11.8989,11.90191,0.00,0.00
2015.04.23 10:32:16.980,11.89879,11.90191,0.00,0.00
2015.04.23 10:32:17.081,11.89889,11.90191,0.00,0.00
2015.04.23 10:32:17.502,11.89879,11.90191,0.00,0.00
2015.04.23 10:32:17.581,11.89888,11.90191,0.00,0.00
2015.04.23 10:32:17.682,11.89879,11.90191,0.00,0.00
2015.04.23 10:32:17.783,11.89889,11.90191,0.00,0.00
2015.04.23 10:32:21.287,11.89879,11.9019,0.00,0.00
2015.04.23 10:32:21.970,11.89879,11.90191,0.00,0.00
2015.04.23 10:32:22.689,11.89889,11.90191,0.00,0.00
2015.04.23 10:32:24.100,11.89879,11.90191,0.00,0.00
2015.04.23 10:32:25.319,11.89938,11.90203,0.00,0.00
2015.04.23 10:32:25.495,11.89938,11.90219,0.00,0.00
2015.04.23 10:32:26.228,11.89938,11.90203,0.00,0.00
2015.04.23 10:32:26.542,11.89938,11.90186,0.00,0.00
2015.04.23 10:32:26.912,11.89938,11.90217,0.00,0.00
2015.04.23 10:32:27.384,11.89938,11.90202,0.00,0.00
2015.04.23 10:32:30.309,11.89938,11.90218,0.00,0.00
2015.04.23 10:32:31.806,11.89938,11.90208,0.00,0.00
2015.04.23 10:32:32.108,11.89988,11.90233,0.00,0.00
2015.04.23 10:32:32.159,11.89938,11.90238,0.00,0.00
2015.04.23 10:32:32.259,11.89988,11.90268,0.00,0.00
2015.04.23 10:32:32.917,11.89988,11.90269,0.00,0.00
2015.04.23 10:32:33.331,11.89988,11.90257,0.00,0.00
2015.04.23 10:32:33.711,11.89939,11.90251,0.00,0.00
2015.04.23 10:32:33.762,11.89939,11.90242,0.00,0.00
2015.04.23 10:32:34.214,11.89939,11.90238,0.00,0.00
2015.04.23 10:32:34.544,11.89939,11.90212,0.00,0.00
2015.04.23 10:32:34.915,11.89939,11.90228,0.00,0.00
2015.04.23 10:32:35.462,11.89939,11.90206,0.00,0.00
2015.04.23 10:32:35.816,11.89939,11.90216,0.00,0.00
2015.04.23 10:32:35.917,11.89939,11.902,0.00,0.00
2015.04.23 10:32:36.018,11.89939,11.90223,0.00,0.00
2015.04.23 10:32:36.517,11.89939,11.90214,0.00,0.00
2015.04.23 10:32:36.829,11.89939,11.90202,0.00,0.00
2015.04.23 10:32:39.021,11.89939,11.90217,0.00,0.00
2015.04.23 10:32:42.343,11.89939,11.90199,0.00,0.00
2015.04.23 10:32:44.471,11.89951,11.90199,0.00,0.00
2015.04.23 10:32:44.622,11.90039,11.90318,0.00,0.00
2015.04.23 10:32:45.842,11.90039,11.90308,0.00,0.00
2015.04.23 10:32:46.146,11.90088,11.90317,0.00,0.00
2015.04.23 10:32:46.412,11.90138,11.90414,0.00,0.00
2015.04.23 10:32:47.246,11.90138,11.9036,0.00,0.00
2015.04.23 10:32:47.747,11.90138,11.90374,0.00,0.00
2015.04.23 10:32:52.092,11.90138,11.90364,0.00,0.00
2015.04.23 10:32:52.310,11.90138,11.90395,0.00,0.00
2015.04.23 10:32:53.158,11.90138,11.90379,0.00,0.00
2015.04.23 10:32:53.559,11.90138,11.90413,0.00,0.00
2015.04.23 10:32:53.795,11.90189,11.90413,0.00,0.00
2015.04.23 10:32:53.896,11.90189,11.90424,0.00,0.00
2015.04.23 10:32:53.997,11.90189,11.90417,0.00,0.00
2015.04.23 10:32:54.048,11.90139,11.90417,0.00,0.00
2015.04.23 10:32:54.125,11.90189,11.90417,0.00,0.00
2015.04.23 10:32:54.377,11.90188,11.90427,0.00,0.00
2015.04.23 10:32:54.478,11.90188,11.90393,0.00,0.00
2015.04.23 10:32:54.579,11.90139,11.90393,0.00,0.00
2015.04.23 10:32:54.680,11.90089,11.90382,0.00,0.00
2015.04.23 10:32:54.781,11.90089,11.90358,0.00,0.00
2015.04.23 10:32:55.083,11.90088,11.90327,0.00,0.00
2015.04.23 10:32:55.183,11.90088,11.90373,0.00,0.00
2015.04.23 10:32:55.234,11.90138,11.90373,0.00,0.00
2015.04.23 10:32:55.445,11.90088,11.90373,0.00,0.00
2015.04.23 10:32:55.496,11.90088,11.90357,0.00,0.00
2015.04.23 10:32:55.697,11.90038,11.90327,0.00,0.00
2015.04.23 10:32:55.764,11.90038,11.90293,0.00,0.00
2015.04.23 10:32:57.268,11.90038,11.90307,0.00,0.00
2015.04.23 10:33:00.374,11.90038,11.9033,0.00,0.00
2015.04.23 10:33:00.425,11.90138,11.9033,0.00,0.00
2015.04.23 10:33:00.526,11.90052,11.90307,0.00,0.00
2015.04.23 10:33:01.058,11.90039,11.90307,0.00,0.00
2015.04.23 10:33:01.477,11.90039,11.90293,0.00,0.00
2015.04.23 10:33:02.379,11.90039,11.90312,0.00,0.00
2015.04.23 10:33:02.881,11.90039,11.90278,0.00,0.00
2015.04.23 10:33:03.307,11.90039,11.90285,0.00,0.00
2015.04.23 10:33:08.293,11.90039,11.90296,0.00,0.00
2015.04.23 10:33:08.755,11.89989,11.90296,0.00,0.00
2015.04.23 10:33:08.805,11.89989,11.90208,0.00,0.00
2015.04.23 10:33:08.906,11.89939,11.90187,0.00,0.00
2015.04.23 10:33:09.213,11.89939,11.90204,0.00,0.00
2015.04.23 10:33:09.314,11.89939,11.90188,0.00,0.00
2015.04.23 10:33:10.116,11.89939,11.90187,0.00,0.00
2015.04.23 10:33:10.619,11.89939,11.90203,0.00,0.00
2015.04.23 10:33:11.699,11.89939,11.90186,0.00,0.00
2015.04.23 10:33:11.820,11.89939,11.90202,0.00,0.00
2015.04.23 10:33:15.432,11.89939,11.90188,0.00,0.00
2015.04.23 10:33:16.034,11.89939,11.90218,0.00,0.00
2015.04.23 10:33:16.643,11.89939,11.90193,0.00,0.00
2015.04.23 10:33:17.150,11.89939,11.90177,0.00,0.00
2015.04.23 10:33:19.346,11.89889,11.89989,0.00,0.00
2015.04.23 10:33:19.449,11.89788,11.89989,0.00,0.00
2015.04.23 10:33:20.354,11.89788,11.90028,0.00,0.00
2015.04.23 10:33:21.034,11.89788,11.90048,0.00,0.00
2015.04.23 10:33:21.262,11.89788,11.90033,0.00,0.00
2015.04.23 10:33:21.363,11.89788,11.90055,0.00,0.00
2015.04.23 10:33:22.223,11.89788,11.90036,0.00,0.00
2015.04.23 10:33:24.146,11.89788,11.90046,0.00,0.00
2015.04.23 10:33:24.728,11.89788,11.90056,0.00,0.00
2015.04.23 10:33:24.969,11.89839,11.90066,0.00,0.00
2015.04.23 10:33:25.076,11.89839,11.90083,0.00,0.00
2015.04.23 10:33:25.277,11.89839,11.90088,0.00,0.00
2015.04.23 10:33:25.980,11.89839,11.90089,0.00,0.00
2015.04.23 10:33:26.381,11.89839,11.90083,0.00,0.00
2015.04.23 10:33:26.780,11.89839,11.90063,0.00,0.00
2015.04.23 10:33:32.242,11.89839,11.9008,0.00,0.00
2015.04.23 10:33:34.145,11.89839,11.90089,0.00,0.00
2015.04.23 10:33:48.301,11.89839,11.90086,0.00,0.00
2015.04.23 10:33:49.285,11.89888,11.90086,0.00,0.00
2015.04.23 10:33:49.335,11.89888,11.90127,0.00,0.00
2015.04.23 10:33:49.386,11.89839,11.90127,0.00,0.00
2015.04.23 10:33:49.677,11.89839,11.90138,0.00,0.00
2015.04.23 10:33:49.830,11.89888,11.90118,0.00,0.00
2015.04.23 10:33:49.947,11.89888,11.90168,0.00,0.00
2015.04.23 10:33:51.117,11.89888,11.90089,0.00,0.00
2015.04.23 10:33:51.264,11.89838,11.90089,0.00,0.00
2015.04.23 10:33:53.524,11.89888,11.90089,0.00,0.00
2015.04.23 10:33:53.575,11.89888,11.90117,0.00,0.00
2015.04.23 10:33:53.726,11.89888,11.90139,0.00,0.00
2015.04.23 10:33:53.874,11.89839,11.90139,0.00,0.00
2015.04.23 10:33:54.213,11.89839,11.90118,0.00,0.00
2015.04.23 10:33:54.525,11.89839,11.90088,0.00,0.00
2015.04.23 10:34:02.654,11.89889,11.90088,0.00,0.00
2015.04.23 10:34:02.704,11.89889,11.90139,0.00,0.00
2015.04.23 10:34:03.097,11.89889,11.90168,0.00,0.00
2015.04.23 10:34:03.644,11.89939,11.90179,0.00,0.00
2015.04.23 10:34:03.695,11.89939,11.90189,0.00,0.00
2015.04.23 10:34:05.949,11.89939,11.90187,0.00,0.00
2015.04.23 10:34:12.161,11.89939,11.90189,0.00,0.00
2015.04.23 10:34:14.579,11.89888,11.90178,0.00,0.00
2015.04.23 10:34:14.680,11.89939,11.9017,0.00,0.00
2015.04.23 10:34:15.281,11.89939,11.90178,0.00,0.00
2015.04.23 10:34:15.425,11.89939,11.90189,0.00,0.00
2015.04.23 10:34:18.774,11.89939,11.90184,0.00,0.00
2015.04.23 10:34:19.477,11.89939,11.90189,0.00,0.00
2015.04.23 10:34:20.376,11.90038,11.90215,0.00,0.00
2015.04.23 10:34:20.427,11.90038,11.90288,0.00,0.00
2015.04.23 10:34:20.906,11.90038,11.90278,0.00,0.00
2015.04.23 10:34:21.006,11.90038,11.90288,0.00,0.00
2015.04.23 10:34:22.182,11.90038,11.90284,0.00,0.00
2015.04.23 10:34:22.407,11.90038,11.90288,0.00,0.00
2015.04.23 10:34:30.374,11.90139,11.90288,0.00,0.00
2015.04.23 10:34:30.425,11.90139,11.90318,0.00,0.00
2015.04.23 10:34:30.525,11.90139,11.90382,0.00,0.00
2015.04.23 10:34:30.626,11.90139,11.90389,0.00,0.00
2015.04.23 10:34:30.727,11.90088,11.90329,0.00,0.00
2015.04.23 10:34:30.828,11.90038,11.90329,0.00,0.00
2015.04.23 10:34:30.929,11.90038,11.90319,0.00,0.00
2015.04.23 10:34:31.271,11.90038,11.90288,0.00,0.00
2015.04.23 10:34:34.135,11.90088,11.90288,0.00,0.00
2015.04.23 10:34:34.237,11.90088,11.90338,0.00,0.00
2015.04.23 10:34:34.557,11.90088,11.90349,0.00,0.00
2015.04.23 10:34:34.906,11.90088,11.90347,0.00,0.00
2015.04.23 10:34:35.548,11.90138,11.90347,0.00,0.00
2015.04.23 10:34:35.649,11.90138,11.90377,0.00,0.00
2015.04.23 10:34:36.240,11.90138,11.90388,0.00,0.00
2015.04.23 10:34:40.793,11.90138,11.90339,0.00,0.00
2015.04.23 10:34:40.844,11.90138,11.90354,0.00,0.00
2015.04.23 10:34:41.157,11.90138,11.90338,0.00,0.00
2015.04.23 10:34:41.271,11.90138,11.90354,0.00,0.00
2015.04.23 10:34:41.373,11.90138,11.90378,0.00,0.00
2015.04.23 10:34:45.416,11.90038,11.90313,0.00,0.00
2015.04.23 10:34:45.467,11.90038,11.90293,0.00,0.00
2015.04.23 10:34:45.940,11.90038,11.90322,0.00,0.00
2015.04.23 10:34:46.141,11.90038,11.90299,0.00,0.00
2015.04.23 10:34:46.442,11.90038,11.90289,0.00,0.00
2015.04.23 10:34:46.774,11.90088,11.90289,0.00,0.00
2015.04.23 10:34:47.088,11.90139,11.90338,0.00,0.00
2015.04.23 10:34:47.139,11.90139,11.90379,0.00,0.00
2015.04.23 10:34:47.239,11.90139,11.90338,0.00,0.00
2015.04.23 10:34:48.101,11.90139,11.90339,0.00,0.00
2015.04.23 10:34:48.352,11.90139,11.90389,0.00,0.00
2015.04.23 10:34:48.853,11.90139,11.90386,0.00,0.00
2015.04.23 10:34:48.954,11.90139,11.90389,0.00,0.00
2015.04.23 10:34:50.560,11.90139,11.90387,0.00,0.00
2015.04.23 10:34:50.989,11.90088,11.90379,0.00,0.00
2015.04.23 10:34:51.090,11.90088,11.90375,0.00,0.00
2015.04.23 10:34:51.394,11.90038,11.90352,0.00,0.00
2015.04.23 10:34:51.495,11.90038,11.90336,0.00,0.00
2015.04.23 10:34:51.855,11.90038,11.90349,0.00,0.00
2015.04.23 10:34:51.965,11.90038,11.90288,0.00,0.00
2015.04.23 10:34:55.394,11.90038,11.90278,0.00,0.00
2015.04.23 10:34:55.495,11.89988,11.90269,0.00,0.00
2015.04.23 10:34:55.595,11.89938,11.90159,0.00,0.00
2015.04.23 10:34:56.897,11.89938,11.90174,0.00,0.00
2015.04.23 10:34:57.705,11.89938,11.9018,0.00,0.00
2015.04.23 10:34:58.403,11.89938,11.90146,0.00,0.00
2015.04.23 10:34:59.586,11.89938,11.90189,0.00,0.00
2015.04.23 10:34:59.687,11.89988,11.90238,0.00,0.00
2015.04.23 10:34:59.754,11.89939,11.90238,0.00,0.00
2015.04.23 10:34:59.910,11.89939,11.90209,0.00,0.00
2015.04.23 10:35:00.507,11.89939,11.90225,0.00,0.00
2015.04.23 10:35:00.558,11.89989,11.90189,0.00,0.00
2015.04.23 10:35:00.658,11.89939,11.90189,0.00,0.00
2015.04.23 10:35:04.127,11.89989,11.90189,0.00,0.00
2015.04.23 10:35:04.476,11.89989,11.90245,0.00,0.00
2015.04.23 10:35:05.076,11.90039,11.90245,0.00,0.00
2015.04.23 10:35:05.127,11.90039,11.90253,0.00,0.00
2015.04.23 10:35:05.228,11.90039,11.90276,0.00,0.00
2015.04.23 10:35:05.427,11.90039,11.90279,0.00,0.00
2015.04.23 10:35:05.528,11.90039,11.90285,0.00,0.00
2015.04.23 10:35:09.988,11.89968,11.90282,0.00,0.00
2015.04.23 10:35:26.079,11.89968,11.90277,0.00,0.00
2015.04.23 10:35:40.489,11.89968,11.90279,0.00,0.00
2015.04.23 10:35:42.098,11.89968,11.90282,0.00,0.00
2015.04.23 10:35:42.896,11.89968,11.90278,0.00,0.00
2015.04.23 10:35:53.891,11.89968,11.90282,0.00,0.00
2015.04.23 10:35:54.496,11.89968,11.90277,0.00,0.00
2015.04.23 10:35:58.800,11.89968,11.90281,0.00,0.00
2015.04.23 10:36:03.515,11.8997,11.90282,0.00,0.00
2015.04.23 10:36:03.817,11.89968,11.90282,0.00,0.00
2015.04.23 10:36:05.112,11.89968,11.90281,0.00,0.00
2015.04.23 10:36:10.246,11.89953,11.90281,0.00,0.00
2015.04.23 10:36:11.023,11.89974,11.90302,0.00,0.00
2015.04.23 10:36:11.728,11.89948,11.90281,0.00,0.00
2015.04.23 10:36:18.736,11.89965,11.90295,0.00,0.00
2015.04.23 10:36:18.837,11.89977,11.90307,0.00,0.00
2015.04.23 10:36:21.542,11.90001,11.90331,0.00,0.00
2015.04.23 10:36:21.896,11.90069,11.90381,0.00,0.00
2015.04.23 10:36:22.444,11.90069,11.90376,0.00,0.00
2015.04.23 10:36:27.367,11.90069,11.90381,0.00,0.00
2015.04.23 10:36:27.558,11.90069,11.90376,0.00,0.00
2015.04.23 10:36:27.668,11.90069,11.90381,0.00,0.00
2015.04.23 10:36:27.968,11.90069,11.90378,0.00,0.00
2015.04.23 10:36:29.056,11.90069,11.90381,0.00,0.00
2015.04.23 10:36:30.198,11.90069,11.90379,0.00,0.00
2015.04.23 10:36:33.386,11.90069,11.90381,0.00,0.00
2015.04.23 10:36:33.704,11.90069,11.90379,0.00,0.00
2015.04.23 10:36:36.769,11.90069,11.90381,0.00,0.00
2015.04.23 10:36:42.995,11.90069,11.90378,0.00,0.00
2015.04.23 10:36:43.183,11.90069,11.90381,0.00,0.00
2015.04.23 10:36:43.424,11.90069,11.90377,0.00,0.00
2015.04.23 10:36:43.584,11.90069,11.90381,0.00,0.00
2015.04.23 10:36:50.694,11.90075,11.90381,0.00,0.00
2015.04.23 10:36:51.395,11.90069,11.90381,0.00,0.00
2015.04.23 10:36:55.101,11.90076,11.90381,0.00,0.00
2015.04.23 10:36:55.401,11.90069,11.90381,0.00,0.00
2015.04.23 10:37:00.825,11.90069,11.90377,0.00,0.00
2015.04.23 10:37:01.842,11.90071,11.90377,0.00,0.00
2015.04.23 10:37:02.639,11.90071,11.90381,0.00,0.00
2015.04.23 10:37:03.115,11.90076,11.90381,0.00,0.00
2015.04.23 10:37:04.017,11.90071,11.90381,0.00,0.00
2015.04.23 10:37:13.770,11.90077,11.90381,0.00,0.00
2015.04.23 10:37:14.933,11.90071,11.90376,0.00,0.00
2015.04.23 10:37:15.183,11.90071,11.90381,0.00,0.00
2015.04.23 10:37:19.742,11.90071,11.90376,0.00,0.00
2015.04.23 10:37:20.343,11.90071,11.90381,0.00,0.00
2015.04.23 10:37:21.758,11.90071,11.9039,0.00,0.00
2015.04.23 10:37:23.863,11.90078,11.9039,0.00,0.00
2015.04.23 10:37:24.150,11.90078,11.90392,0.00,0.00
2015.04.23 10:37:32.163,11.90083,11.90392,0.00,0.00
2015.04.23 10:37:33.050,11.9013,11.90392,0.00,0.00
2015.04.23 10:37:33.251,11.90128,11.9044,0.00,0.00
2015.04.23 10:37:33.302,11.90128,11.90432,0.00,0.00
2015.04.23 10:37:33.652,11.90128,11.90406,0.00,0.00
2015.04.23 10:37:33.702,11.90128,11.90432,0.00,0.00
2015.04.23 10:37:34.009,11.90128,11.90416,0.00,0.00
2015.04.23 10:37:34.067,11.90128,11.90432,0.00,0.00
2015.04.23 10:37:34.218,11.90179,11.90432,0.00,0.00
2015.04.23 10:37:34.369,11.90179,11.90448,0.00,0.00
2015.04.23 10:37:34.568,11.90179,11.90432,0.00,0.00
2015.04.23 10:37:34.669,11.90172,11.90432,0.00,0.00
2015.04.23 10:37:34.949,11.90172,11.90392,0.00,0.00
2015.04.23 10:37:34.999,11.90078,11.90392,0.00,0.00
2015.04.23 10:37:35.112,11.90128,11.90429,0.00,0.00
2015.04.23 10:37:36.672,11.90128,11.9042,0.00,0.00
2015.04.23 10:37:37.042,11.90178,11.90436,0.00,0.00
2015.04.23 10:37:37.369,11.90178,11.90432,0.00,0.00
2015.04.23 10:37:37.420,11.90178,11.90448,0.00,0.00
2015.04.23 10:37:37.620,11.90178,11.90433,0.00,0.00
2015.04.23 10:37:37.675,11.90178,11.90469,0.00,0.00
2015.04.23 10:37:37.902,11.90178,11.90457,0.00,0.00
2015.04.23 10:37:38.223,11.90178,11.90467,0.00,0.00
2015.04.23 10:37:39.579,11.90178,11.90492,0.00,0.00
2015.04.23 10:37:43.111,11.90171,11.90482,0.00,0.00
2015.04.23 10:37:43.687,11.90171,11.90473,0.00,0.00
2015.04.23 10:37:43.971,11.90168,11.90473,0.00,0.00
2015.04.23 10:37:44.021,11.90143,11.90431,0.00,0.00
2015.04.23 10:37:44.223,11.90082,11.90382,0.00,0.00
2015.04.23 10:37:44.651,11.90082,11.90392,0.00,0.00
2015.04.23 10:37:44.962,11.90078,11.90392,0.00,0.00
2015.04.23 10:37:46.700,11.90087,11.90392,0.00,0.00
2015.04.23 10:37:47.323,11.90078,11.90392,0.00,0.00
2015.04.23 10:37:48.605,11.90087,11.90392,0.00,0.00
2015.04.23 10:37:49.116,11.90078,11.90392,0.00,0.00
2015.04.23 10:37:50.156,11.90088,11.90392,0.00,0.00
2015.04.23 10:37:52.574,11.90088,11.90382,0.00,0.00
2015.04.23 10:37:54.663,11.90088,11.90392,0.00,0.00
2015.04.23 10:37:56.750,11.90088,11.90382,0.00,0.00
2015.04.23 10:37:56.934,11.90078,11.90382,0.00,0.00
2015.04.23 10:37:57.325,11.90093,11.90382,0.00,0.00
2015.04.23 10:37:58.954,11.90078,11.90382,0.00,0.00
2015.04.23 10:37:59.962,11.90087,11.90382,0.00,0.00
2015.04.23 10:38:02.187,11.90078,11.90382,0.00,0.00
2015.04.23 10:38:02.351,11.90088,11.90382,0.00,0.00
2015.04.23 10:38:04.781,11.90088,11.90392,0.00,0.00
2015.04.23 10:38:06.909,11.90109,11.90392,0.00,0.00
2015.04.23 10:38:07.105,11.90089,11.90392,0.00,0.00
2015.04.23 10:38:07.383,11.90109,11.90392,0.00,0.00
2015.04.23 10:38:07.569,11.90082,11.90392,0.00,0.00
2015.04.23 10:38:07.887,11.90095,11.90392,0.00,0.00
2015.04.23 10:38:08.389,11.90078,11.90392,0.00,0.00
2015.04.23 10:38:08.916,11.9011,11.90392,0.00,0.00
2015.04.23 10:38:09.068,11.90099,11.90392,0.00,0.00
2015.04.23 10:38:09.393,11.90078,11.90392,0.00,0.00
2015.04.23 10:38:09.670,11.90078,11.90388,0.00,0.00
2015.04.23 10:38:09.881,11.90078,11.90392,0.00,0.00
2015.04.23 10:38:11.401,11.90084,11.90392,0.00,0.00
2015.04.23 10:38:11.974,11.901,11.90392,0.00,0.00
2015.04.23 10:38:12.321,11.90078,11.90392,0.00,0.00
2015.04.23 10:38:14.512,11.90085,11.90392,0.00,0.00
2015.04.23 10:38:15.595,11.901,11.90392,0.00,0.00
2015.04.23 10:38:17.083,11.90087,11.90392,0.00,0.00
2015.04.23 10:38:21.737,11.90105,11.90392,0.00,0.00
2015.04.23 10:38:22.039,11.90078,11.90392,0.00,0.00
2015.04.23 10:38:22.236,11.90109,11.90392,0.00,0.00
2015.04.23 10:38:22.541,11.90089,11.90392,0.00,0.00
2015.04.23 10:38:22.641,11.9011,11.90392,0.00,0.00
2015.04.23 10:38:25.504,11.90098,11.90392,0.00,0.00
2015.04.23 10:38:27.108,11.90107,11.90392,0.00,0.00
2015.04.23 10:38:31.331,11.90084,11.90392,0.00,0.00
2015.04.23 10:38:32.020,11.901,11.90392,0.00,0.00
2015.04.23 10:38:32.500,11.90128,11.90428,0.00,0.00
2015.04.23 10:38:32.658,11.90128,11.90439,0.00,0.00
2015.04.23 10:38:32.759,11.90178,11.90474,0.00,0.00
2015.04.23 10:38:33.073,11.90178,11.90449,0.00,0.00
2015.04.23 10:38:33.124,11.90178,11.90492,0.00,0.00
2015.04.23 10:38:33.424,11.90178,11.90488,0.00,0.00
2015.04.23 10:38:33.525,11.90178,11.90492,0.00,0.00
2015.04.23 10:38:34.086,11.90178,11.90486,0.00,0.00
2015.04.23 10:38:37.044,11.90178,11.90492,0.00,0.00
2015.04.23 10:38:38.263,11.90178,11.90483,0.00,0.00
2015.04.23 10:38:38.881,11.90178,11.90492,0.00,0.00
2015.04.23 10:38:39.660,11.90178,11.90483,0.00,0.00
2015.04.23 10:38:39.872,11.90178,11.90492,0.00,0.00
2015.04.23 10:38:40.150,11.90178,11.90484,0.00,0.00
2015.04.23 10:38:42.358,11.90178,11.90492,0.00,0.00
2015.04.23 10:38:43.956,11.90178,11.90483,0.00,0.00
2015.04.23 10:38:44.557,11.90178,11.90467,0.00,0.00
2015.04.23 10:38:44.758,11.90178,11.90483,0.00,0.00
2015.04.23 10:38:46.367,11.90178,11.90462,0.00,0.00
2015.04.23 10:38:46.563,11.90178,11.90488,0.00,0.00
2015.04.23 10:38:46.664,11.90178,11.90473,0.00,0.00
2015.04.23 10:38:47.363,11.90178,11.90459,0.00,0.00
2015.04.23 10:38:47.464,11.90178,11.90473,0.00,0.00
2015.04.23 10:38:49.066,11.90178,11.90463,0.00,0.00
2015.04.23 10:38:49.373,11.90128,11.90442,0.00,0.00
2015.04.23 10:38:49.474,11.90079,11.90388,0.00,0.00
2015.04.23 10:38:49.972,11.90079,11.90391,0.00,0.00
2015.04.23 10:38:50.073,11.9009,11.90391,0.00,0.00
2015.04.23 10:38:50.174,11.90079,11.90388,0.00,0.00
2015.04.23 10:38:50.274,11.90079,11.90391,0.00,0.00
2015.04.23 10:38:50.506,11.90079,11.90388,0.00,0.00
2015.04.23 10:38:59.112,11.90088,11.90388,0.00,0.00
2015.04.23 10:38:59.656,11.90178,11.90441,0.00,0.00
2015.04.23 10:38:59.907,11.90178,11.90466,0.00,0.00
2015.04.23 10:39:00.102,11.90178,11.9045,0.00,0.00
2015.04.23 10:39:00.208,11.90178,11.90475,0.00,0.00
2015.04.23 10:39:00.699,11.90178,11.90461,0.00,0.00
2015.04.23 10:39:01.211,11.90178,11.90476,0.00,0.00
2015.04.23 10:39:02.015,11.90178,11.90461,0.00,0.00
2015.04.23 10:39:02.537,11.90178,11.90477,0.00,0.00
2015.04.23 10:39:02.604,11.90178,11.90459,0.00,0.00
2015.04.23 10:39:05.957,11.90278,11.90459,0.00,0.00
2015.04.23 10:39:06.058,11.90278,11.90567,0.00,0.00
2015.04.23 10:39:07.111,11.90278,11.90578,0.00,0.00
2015.04.23 10:39:11.609,11.90278,11.90571,0.00,0.00
2015.04.23 10:39:11.760,11.90228,11.90533,0.00,0.00
2015.04.23 10:39:11.810,11.90278,11.90533,0.00,0.00
2015.04.23 10:39:12.255,11.90228,11.90512,0.00,0.00
2015.04.23 10:39:15.064,11.90228,11.90449,0.00,0.00
2015.04.23 10:39:15.115,11.90184,11.90449,0.00,0.00
2015.04.23 10:39:15.464,11.90178,11.90449,0.00,0.00
2015.04.23 10:39:15.667,11.90228,11.90449,0.00,0.00
2015.04.23 10:39:15.939,11.90228,11.90528,0.00,0.00
2015.04.23 10:39:19.585,11.90198,11.90448,0.00,0.00
2015.04.23 10:39:19.635,11.90188,11.90448,0.00,0.00
2015.04.23 10:39:20.999,11.90188,11.90491,0.00,0.00
2015.04.23 10:39:21.050,11.90228,11.90518,0.00,0.00
2015.04.23 10:39:21.151,11.90228,11.90527,0.00,0.00
2015.04.23 10:39:22.539,11.90228,11.90448,0.00,0.00
2015.04.23 10:39:22.590,11.90199,11.90448,0.00,0.00
2015.04.23 10:39:22.690,11.90188,11.90448,0.00,0.00
2015.04.23 10:39:22.791,11.90279,11.90448,0.00,0.00
2015.04.23 10:39:23.199,11.90279,11.90533,0.00,0.00
2015.04.23 10:39:24.042,11.90279,11.90549,0.00,0.00
2015.04.23 10:39:36.974,11.90228,11.90538,0.00,0.00
2015.04.23 10:39:37.074,11.90228,11.90513,0.00,0.00
2015.04.23 10:39:37.472,11.90228,11.90539,0.00,0.00
2015.04.23 10:39:37.523,11.90378,11.90541,0.00,0.00
2015.04.23 10:39:37.573,11.90378,11.90578,0.00,0.00
2015.04.23 10:39:38.075,11.90378,11.90678,0.00,0.00
2015.04.23 10:39:50.836,11.9035,11.90638,0.00,0.00
2015.04.23 10:39:51.202,11.90328,11.90589,0.00,0.00
2015.04.23 10:39:54.011,11.90279,11.90589,0.00,0.00
2015.04.23 10:39:55.404,11.90282,11.90589,0.00,0.00
2015.04.23 10:39:55.725,11.90329,11.90621,0.00,0.00
2015.04.23 10:39:55.905,11.90329,11.90632,0.00,0.00
2015.04.23 10:39:56.118,11.90302,11.90591,0.00,0.00
2015.04.23 10:39:56.219,11.90292,11.90591,0.00,0.00
2015.04.23 10:39:56.529,11.90292,11.90588,0.00,0.00
2015.04.23 10:39:57.438,11.90279,11.90588,0.00,0.00
2015.04.23 10:40:04.225,11.90279,11.90579,0.00,0.00
2015.04.23 10:40:04.326,11.90279,11.90588,0.00,0.00
2015.04.23 10:40:04.377,11.90331,11.90588,0.00,0.00
2015.04.23 10:40:04.427,11.90378,11.90639,0.00,0.00
2015.04.23 10:40:04.478,11.90378,11.90658,0.00,0.00
2015.04.23 10:40:04.578,11.90378,11.90679,0.00,0.00
2015.04.23 10:40:08.242,11.90378,11.90668,0.00,0.00
2015.04.23 10:40:09.538,11.90378,11.90654,0.00,0.00
2015.04.23 10:40:12.812,11.90378,11.90588,0.00,0.00
2015.04.23 10:40:13.024,11.90278,11.90588,0.00,0.00
2015.04.23 10:40:19.055,11.90278,11.90579,0.00,0.00
2015.04.23 10:40:21.961,11.90278,11.90588,0.00,0.00
2015.04.23 10:40:22.275,11.90278,11.90579,0.00,0.00
2015.04.23 10:40:22.562,11.90278,11.90588,0.00,0.00
2015.04.23 10:40:22.678,11.90278,11.90578,0.00,0.00
2015.04.23 10:40:30.101,11.90278,11.90588,0.00,0.00
2015.04.23 10:40:32.581,11.90278,11.90578,0.00,0.00
2015.04.23 10:40:38.234,11.90278,11.90588,0.00,0.00
2015.04.23 10:40:40.260,11.90268,11.90572,0.00,0.00
2015.04.23 10:40:40.658,11.90268,11.90568,0.00,0.00
2015.04.23 10:40:42.501,11.90268,11.90572,0.00,0.00
2015.04.23 10:40:43.202,11.90268,11.90568,0.00,0.00
2015.04.23 10:40:50.222,11.90268,11.90572,0.00,0.00
2015.04.23 10:40:51.346,11.90268,11.90569,0.00,0.00
2015.04.23 10:40:53.921,11.90269,11.90569,0.00,0.00
2015.04.23 10:40:55.525,11.90269,11.90568,0.00,0.00
2015.04.23 10:40:56.579,11.90269,11.90571,0.00,0.00
2015.04.23 10:40:59.339,11.90269,11.90569,0.00,0.00
2015.04.23 10:41:00.203,11.90269,11.9056,0.00,0.00
2015.04.23 10:41:01.379,11.90269,11.90561,0.00,0.00
2015.04.23 10:41:01.882,11.90269,11.9056,0.00,0.00
2015.04.23 10:41:02.486,11.90269,11.90561,0.00,0.00
2015.04.23 10:41:03.287,11.90269,11.9056,0.00,0.00
2015.04.23 10:41:03.805,11.90269,11.90561,0.00,0.00
2015.04.23 10:41:07.601,11.90269,11.90568,0.00,0.00
2015.04.23 10:41:08.256,11.90269,11.90571,0.00,0.00
2015.04.23 10:41:10.241,11.90269,11.90569,0.00,0.00
2015.04.23 10:41:30.236,11.90269,11.90571,0.00,0.00
2015.04.23 10:41:31.607,11.90272,11.90571,0.00,0.00
2015.04.23 10:41:34.657,11.90269,11.90571,0.00,0.00
2015.04.23 10:41:43.790,11.90269,11.9057,0.00,0.00
2015.04.23 10:41:43.959,11.90273,11.90571,0.00,0.00
2015.04.23 10:41:44.676,11.90269,11.90571,0.00,0.00
2015.04.23 10:41:47.976,11.90269,11.90569,0.00,0.00
2015.04.23 10:41:49.955,11.90269,11.90473,0.00,0.00
2015.04.23 10:41:50.056,11.90269,11.90559,0.00,0.00
2015.04.23 10:41:50.156,11.90269,11.90569,0.00,0.00
2015.04.23 10:41:53.849,11.90268,11.90569,0.00,0.00
2015.04.23 10:41:54.661,11.90268,11.90559,0.00,0.00
2015.04.23 10:41:58.166,11.90268,11.90572,0.00,0.00
2015.04.23 10:41:59.029,11.90329,11.90573,0.00,0.00
2015.04.23 10:41:59.080,11.90329,11.90622,0.00,0.00
2015.04.23 10:41:59.180,11.90318,11.90622,0.00,0.00
2015.04.23 10:41:59.281,11.90369,11.90629,0.00,0.00
2015.04.23 10:41:59.382,11.90369,11.90666,0.00,0.00
2015.04.23 10:41:59.507,11.90368,11.90615,0.00,0.00
2015.04.23 10:41:59.608,11.90368,11.90629,0.00,0.00
2015.04.23 10:41:59.669,11.90368,11.90665,0.00,0.00
2015.04.23 10:42:00.019,11.90337,11.90622,0.00,0.00
2015.04.23 10:42:00.070,11.90331,11.90622,0.00,0.00
2015.04.23 10:42:00.328,11.90368,11.90644,0.00,0.00
2015.04.23 10:42:00.379,11.90368,11.90668,0.00,0.00
2015.04.23 10:42:00.890,11.90369,11.90668,0.00,0.00
2015.04.23 10:42:21.037,11.90369,11.90659,0.00,0.00
2015.04.23 10:42:28.686,11.90369,11.90671,0.00,0.00
2015.04.23 10:42:29.352,11.90369,11.90659,0.00,0.00
2015.04.23 10:42:31.186,11.90369,11.90671,0.00,0.00
2015.04.23 10:42:32.657,11.90369,11.90658,0.00,0.00
2015.04.23 10:42:45.129,11.90369,11.90668,0.00,0.00
2015.04.23 10:42:45.381,11.90369,11.9067,0.00,0.00
2015.04.23 10:42:45.682,11.90369,11.90659,0.00,0.00
2015.04.23 10:42:50.904,11.90369,11.90643,0.00,0.00
2015.04.23 10:42:51.305,11.90369,11.90671,0.00,0.00
2015.04.23 10:42:53.635,11.90369,11.90662,0.00,0.00
2015.04.23 10:43:01.051,11.90334,11.90662,0.00,0.00
2015.04.23 10:43:14.055,11.9033,11.90658,0.00,0.00
2015.04.23 10:43:14.750,11.9028,11.90608,0.00,0.00
2015.04.23 10:43:15.105,11.90318,11.90564,0.00,0.00
2015.04.23 10:43:15.558,11.90318,11.90577,0.00,0.00
2015.04.23 10:43:15.960,11.90318,11.90563,0.00,0.00
2015.04.23 10:43:20.073,11.90318,11.90579,0.00,0.00
2015.04.23 10:43:20.881,11.90318,11.90569,0.00,0.00
2015.04.23 10:43:24.731,11.90268,11.90569,0.00,0.00
2015.04.23 10:43:30.814,11.90268,11.90572,0.00,0.00
2015.04.23 10:43:33.233,11.90268,11.90568,0.00,0.00
2015.04.23 10:43:43.980,11.90238,11.90522,0.00,0.00
2015.04.23 10:43:44.218,11.90168,11.90468,0.00,0.00
2015.04.23 10:43:45.167,11.90168,11.90461,0.00,0.00
2015.04.23 10:43:45.535,11.90068,11.90352,0.00,0.00
2015.04.23 10:43:46.070,11.90068,11.90347,0.00,0.00
2015.04.23 10:43:46.374,11.90032,11.90272,0.00,0.00
2015.04.23 10:43:46.627,11.90032,11.90305,0.00,0.00
2015.04.23 10:43:46.678,11.90032,11.90322,0.00,0.00
2015.04.23 10:43:46.979,11.90032,11.90316,0.00,0.00
2015.04.23 10:43:47.080,11.90032,11.90322,0.00,0.00
2015.04.23 10:43:47.131,11.90019,11.90322,0.00,0.00
2015.04.23 10:43:47.282,11.90018,11.90317,0.00,0.00
2015.04.23 10:43:47.566,11.90018,11.90322,0.00,0.00
2015.04.23 10:43:48.080,11.90018,11.90317,0.00,0.00
2015.04.23 10:43:49.083,11.89987,11.90272,0.00,0.00
2015.04.23 10:43:49.184,11.89977,11.90272,0.00,0.00
2015.04.23 10:43:49.588,11.90018,11.90289,0.00,0.00
2015.04.23 10:43:49.789,11.90068,11.90363,0.00,0.00
2015.04.23 10:43:50.187,11.90068,11.90372,0.00,0.00
2015.04.23 10:43:50.389,11.90068,11.90356,0.00,0.00
2015.04.23 10:43:50.592,11.90068,11.90371,0.00,0.00
2015.04.23 10:43:51.308,11.90068,11.90372,0.00,0.00
2015.04.23 10:43:51.809,11.90069,11.90371,0.00,0.00
2015.04.23 10:43:57.027,11.90069,11.90347,0.00,0.00
2015.04.23 10:43:57.911,11.90069,11.90358,0.00,0.00
2015.04.23 10:43:58.182,11.90069,11.90346,0.00,0.00
2015.04.23 10:43:58.683,11.90069,11.90356,0.00,0.00
2015.04.23 10:43:59.597,11.90069,11.90369,0.00,0.00
2015.04.23 10:43:59.657,11.90069,11.90289,0.00,0.00
2015.04.23 10:43:59.758,11.90003,11.90271,0.00,0.00
2015.04.23 10:43:59.858,11.89971,11.90271,0.00,0.00
2015.04.23 10:43:59.959,11.89969,11.90271,0.00,0.00
2015.04.23 10:44:00.287,11.89969,11.90269,0.00,0.00
2015.04.23 10:44:00.588,11.89971,11.90271,0.00,0.00
2015.04.23 10:44:00.688,11.90018,11.90322,0.00,0.00
2015.04.23 10:44:01.211,11.90018,11.90312,0.00,0.00
2015.04.23 10:44:01.591,11.90018,11.90322,0.00,0.00
2015.04.23 10:44:04.218,11.90068,11.90342,0.00,0.00
2015.04.23 10:44:04.327,11.90068,11.90356,0.00,0.00
2015.04.23 10:44:04.427,11.90068,11.9037,0.00,0.00
2015.04.23 10:44:04.695,11.90068,11.90342,0.00,0.00
2015.04.23 10:44:04.796,11.90068,11.9037,0.00,0.00
2015.04.23 10:44:05.222,11.9004,11.90321,0.00,0.00
2015.04.23 10:44:05.323,11.90019,11.90321,0.00,0.00
2015.04.23 10:44:05.798,11.90021,11.90321,0.00,0.00
2015.04.23 10:44:06.164,11.90032,11.90321,0.00,0.00
2015.04.23 10:44:06.214,11.90068,11.90361,0.00,0.00
2015.04.23 10:44:06.315,11.90068,11.90372,0.00,0.00
2015.04.23 10:44:07.315,11.90072,11.90372,0.00,0.00
2015.04.23 10:44:08.004,11.90068,11.90372,0.00,0.00
2015.04.23 10:44:10.908,11.90073,11.90372,0.00,0.00
2015.04.23 10:44:11.828,11.90068,11.90372,0.00,0.00
2015.04.23 10:44:12.346,11.90078,11.90372,0.00,0.00
2015.04.23 10:44:14.308,11.90078,11.90371,0.00,0.00
2015.04.23 10:44:14.664,11.90068,11.90289,0.00,0.00
2015.04.23 10:44:15.065,11.90068,11.90372,0.00,0.00
2015.04.23 10:44:20.134,11.90068,11.90371,0.00,0.00
2015.04.23 10:44:22.147,11.90041,11.90322,0.00,0.00
2015.04.23 10:44:22.251,11.90025,11.90322,0.00,0.00
2015.04.23 10:44:23.833,11.90069,11.90353,0.00,0.00
2015.04.23 10:44:23.934,11.90069,11.90371,0.00,0.00
2015.04.23 10:44:29.578,11.90069,11.90358,0.00,0.00
2015.04.23 10:44:30.443,11.9007,11.90371,0.00,0.00
2015.04.23 10:44:33.894,11.90069,11.90371,0.00,0.00
2015.04.23 10:44:40.258,11.90069,11.90359,0.00,0.00
2015.04.23 10:44:40.459,11.90069,11.90371,0.00,0.00
2015.04.23 10:44:42.606,11.90044,11.90272,0.00,0.00
2015.04.23 10:44:42.662,11.90032,11.90272,0.00,0.00
2015.04.23 10:44:42.823,11.89991,11.90272,0.00,0.00
2015.04.23 10:44:43.642,11.90019,11.90288,0.00,0.00
2015.04.23 10:44:43.692,11.9002,11.90321,0.00,0.00
2015.04.23 10:44:44.437,11.90019,11.90321,0.00,0.00
2015.04.23 10:44:45.115,11.9002,11.90321,0.00,0.00
2015.04.23 10:44:46.187,11.90019,11.90312,0.00,0.00
2015.04.23 10:44:49.787,11.90019,11.90321,0.00,0.00
2015.04.23 10:44:50.039,11.90032,11.90321,0.00,0.00
2015.04.23 10:44:51.026,11.90019,11.90321,0.00,0.00
2015.04.23 10:44:51.177,11.90026,11.90321,0.00,0.00
2015.04.23 10:44:51.278,11.90068,11.90372,0.00,0.00
2015.04.23 10:44:52.224,11.90068,11.9036,0.00,0.00
2015.04.23 10:44:52.580,11.90068,11.90364,0.00,0.00
2015.04.23 10:44:53.689,11.90068,11.90349,0.00,0.00
2015.04.23 10:44:54.128,11.90068,11.90372,0.00,0.00
2015.04.23 10:44:54.616,11.90068,11.9035,0.00,0.00
2015.04.23 10:44:54.834,11.90068,11.90369,0.00,0.00
2015.04.23 10:44:54.886,11.90068,11.90352,0.00,0.00
2015.04.23 10:44:54.936,11.90031,11.90322,0.00,0.00
2015.04.23 10:44:54.987,11.90036,11.90322,0.00,0.00
2015.04.23 10:44:55.088,11.90031,11.90322,0.00,0.00
2015.04.23 10:44:55.207,11.90018,11.90322,0.00,0.00
2015.04.23 10:44:55.518,11.90068,11.90327,0.00,0.00
2015.04.23 10:44:55.619,11.90068,11.90372,0.00,0.00
2015.04.23 10:44:56.289,11.90068,11.90365,0.00,0.00
2015.04.23 10:44:57.290,11.90068,11.90372,0.00,0.00
2015.04.23 10:44:59.494,11.90068,11.90368,0.00,0.00
2015.04.23 10:45:00.197,11.90068,11.90372,0.00,0.00
2015.04.23 10:45:00.407,11.90068,11.90352,0.00,0.00
2015.04.23 10:45:00.627,11.90068,11.9037,0.00,0.00
2015.04.23 10:45:00.677,11.9004,11.90321,0.00,0.00
2015.04.23 10:45:00.728,11.90025,11.90321,0.00,0.00
2015.04.23 10:45:00.778,11.90068,11.90353,0.00,0.00
2015.04.23 10:45:00.897,11.90068,11.90372,0.00,0.00
2015.04.23 10:45:01.297,11.90068,11.90354,0.00,0.00
2015.04.23 10:45:01.347,11.90032,11.90322,0.00,0.00
2015.04.23 10:45:01.398,11.90046,11.90322,0.00,0.00
2015.04.23 10:45:01.448,11.90069,11.90371,0.00,0.00
2015.04.23 10:45:01.646,11.90119,11.90389,0.00,0.00
2015.04.23 10:45:01.747,11.90091,11.90371,0.00,0.00
2015.04.23 10:45:02.148,11.90076,11.90371,0.00,0.00
2015.04.23 10:45:02.627,11.90118,11.90416,0.00,0.00
2015.04.23 10:45:02.728,11.90118,11.90422,0.00,0.00
2015.04.23 10:45:03.972,11.90116,11.90372,0.00,0.00
2015.04.23 10:45:04.023,11.90071,11.90372,0.00,0.00
2015.04.23 10:45:08.622,11.90106,11.90372,0.00,0.00
2015.04.23 10:45:09.245,11.90119,11.90388,0.00,0.00
2015.04.23 10:45:09.296,11.90119,11.90421,0.00,0.00
2015.04.23 10:45:11.588,11.90118,11.90422,0.00,0.00
2015.04.23 10:45:15.057,11.90117,11.90372,0.00,0.00
2015.04.23 10:45:15.158,11.90082,11.90372,0.00,0.00
2015.04.23 10:45:15.452,11.90094,11.90372,0.00,0.00
2015.04.23 10:45:21.746,11.90071,11.90372,0.00,0.00
2015.04.23 10:45:22.279,11.90068,11.90372,0.00,0.00
2015.04.23 10:45:24.889,11.90076,11.90372,0.00,0.00
2015.04.23 10:45:25.791,11.90068,11.90372,0.00,0.00
2015.04.23 10:45:30.112,11.90072,11.90372,0.00,0.00
2015.04.23 10:45:34.222,11.90068,11.90372,0.00,0.00
2015.04.23 10:45:39.404,11.90068,11.90356,0.00,0.00
2015.04.23 10:45:44.829,11.90032,11.90303,0.00,0.00
2015.04.23 10:45:44.930,11.90018,11.90303,0.00,0.00
2015.04.23 10:45:45.892,11.90001,11.90272,0.00,0.00
2015.04.23 10:45:45.943,11.89968,11.90272,0.00,0.00
2015.04.23 10:45:46.826,11.89977,11.90272,0.00,0.00
2015.04.23 10:45:47.145,11.90019,11.90305,0.00,0.00
2015.04.23 10:45:52.822,11.90068,11.90305,0.00,0.00
2015.04.23 10:45:52.873,11.90068,11.90338,0.00,0.00
2015.04.23 10:45:52.988,11.90068,11.90324,0.00,0.00
2015.04.23 10:45:53.225,11.90032,11.90322,0.00,0.00
2015.04.23 10:45:53.382,11.90032,11.90312,0.00,0.00
2015.04.23 10:45:53.834,11.90018,11.90312,0.00,0.00
2015.04.23 10:45:56.551,11.90029,11.90312,0.00,0.00
2015.04.23 10:45:56.601,11.90032,11.90322,0.00,0.00
2015.04.23 10:45:56.652,11.90068,11.90353,0.00,0.00
2015.04.23 10:46:07.776,11.90068,11.90323,0.00,0.00
2015.04.23 10:46:07.876,11.90068,11.90353,0.00,0.00
2015.04.23 10:46:28.016,11.90068,11.9035,0.00,0.00
2015.04.23 10:46:29.323,11.90068,11.90299,0.00,0.00
2015.04.23 10:46:29.524,11.89972,11.9026,0.00,0.00
2015.04.23 10:46:29.808,11.89968,11.9026,0.00,0.00
2015.04.23 10:46:30.827,11.89991,11.90272,0.00,0.00
2015.04.23 10:46:31.355,11.90018,11.90299,0.00,0.00
2015.04.23 10:46:37.645,11.89991,11.90272,0.00,0.00
2015.04.23 10:46:37.747,11.89968,11.90259,0.00,0.00
2015.04.23 10:46:38.647,11.90018,11.90259,0.00,0.00
2015.04.23 10:46:38.698,11.90018,11.9028,0.00,0.00
2015.04.23 10:46:38.806,11.90018,11.903,0.00,0.00
2015.04.23 10:46:41.094,11.90018,11.90289,0.00,0.00
2015.04.23 10:46:41.302,11.89968,11.90259,0.00,0.00
2015.04.23 10:46:42.156,11.90018,11.90289,0.00,0.00
2015.04.23 10:46:42.206,11.90018,11.903,0.00,0.00
2015.04.23 10:46:45.698,11.89969,11.90271,0.00,0.00
2015.04.23 10:46:45.799,11.89969,11.90265,0.00,0.00
2015.04.23 10:46:50.412,11.8997,11.90271,0.00,0.00
2015.04.23 10:46:53.513,11.89969,11.90271,0.00,0.00
2015.04.23 10:46:53.821,11.89969,11.90249,0.00,0.00
2015.04.23 10:46:53.922,11.89932,11.90221,0.00,0.00
2015.04.23 10:46:53.974,11.89932,11.90164,0.00,0.00
2015.04.23 10:46:54.231,11.89868,11.90164,0.00,0.00
2015.04.23 10:46:54.576,11.89868,11.90154,0.00,0.00
2015.04.23 10:46:55.884,11.89868,11.90165,0.00,0.00
2015.04.23 10:46:55.978,11.89868,11.90172,0.00,0.00
2015.04.23 10:46:56.378,11.8987,11.90172,0.00,0.00
2015.04.23 10:46:56.683,11.89918,11.902,0.00,0.00
2015.04.23 10:47:00.362,11.89932,11.902,0.00,0.00
2015.04.23 10:47:00.413,11.89968,11.9025,0.00,0.00
2015.04.23 10:47:02.289,11.89968,11.90235,0.00,0.00
2015.04.23 10:47:05.894,11.89932,11.90171,0.00,0.00
2015.04.23 10:47:05.995,11.89871,11.90171,0.00,0.00
2015.04.23 10:47:06.045,11.89871,11.9015,0.00,0.00
2015.04.23 10:47:06.096,11.89869,11.9015,0.00,0.00
2015.04.23 10:47:07.232,11.89869,11.90165,0.00,0.00
2015.04.23 10:47:09.205,11.89869,11.9015,0.00,0.00
2015.04.23 10:47:10.622,11.89868,11.9015,0.00,0.00
2015.04.23 10:47:11.810,11.89868,11.90172,0.00,0.00
2015.04.23 10:47:13.914,11.89868,11.90157,0.00,0.00
2015.04.23 10:47:29.659,11.89918,11.90157,0.00,0.00
2015.04.23 10:47:29.764,11.89968,11.90249,0.00,0.00
2015.04.23 10:47:30.167,11.89968,11.90234,0.00,0.00
2015.04.23 10:47:30.371,11.89968,11.90249,0.00,0.00
2015.04.23 10:47:31.178,11.89968,11.90235,0.00,0.00
2015.04.23 10:47:32.315,11.89918,11.90222,0.00,0.00
2015.04.23 10:47:32.466,11.89918,11.9021,0.00,0.00
2015.04.23 10:47:32.651,11.89918,11.90219,0.00,0.00
2015.04.23 10:47:32.868,11.89918,11.9021,0.00,0.00
2015.04.23 10:47:33.353,11.89918,11.90219,0.00,0.00
2015.04.23 10:47:34.269,11.89918,11.90189,0.00,0.00
2015.04.23 10:47:34.319,11.89891,11.90172,0.00,0.00
2015.04.23 10:47:34.370,11.89871,11.90172,0.00,0.00
2015.04.23 10:47:34.420,11.89918,11.90189,0.00,0.00
2015.04.23 10:47:35.222,11.89918,11.9022,0.00,0.00
2015.04.23 10:47:35.382,11.89918,11.90209,0.00,0.00
2015.04.23 10:47:38.476,11.89881,11.90172,0.00,0.00
2015.04.23 10:47:38.577,11.89868,11.90172,0.00,0.00
2015.04.23 10:47:39.092,11.8987,11.90172,0.00,0.00
2015.04.23 10:47:39.669,11.89868,11.90172,0.00,0.00
2015.04.23 10:47:40.195,11.89879,11.90172,0.00,0.00
2015.04.23 10:47:40.791,11.89872,11.90172,0.00,0.00
2015.04.23 10:47:40.997,11.89868,11.90172,0.00,0.00
2015.04.23 10:47:41.071,11.89868,11.9017,0.00,0.00
2015.04.23 10:47:44.392,11.89919,11.9017,0.00,0.00
2015.04.23 10:47:44.493,11.89919,11.90196,0.00,0.00
2015.04.23 10:47:44.593,11.8988,11.90171,0.00,0.00
2015.04.23 10:47:45.982,11.89869,11.90171,0.00,0.00
2015.04.23 10:47:49.682,11.89919,11.9019,0.00,0.00
2015.04.23 10:47:49.733,11.89919,11.9021,0.00,0.00
2015.04.23 10:47:49.783,11.89882,11.90171,0.00,0.00
2015.04.23 10:47:49.834,11.89869,11.90171,0.00,0.00
2015.04.23 10:47:50.113,11.89919,11.90187,0.00,0.00
2015.04.23 10:47:50.300,11.89919,11.90203,0.00,0.00
2015.04.23 10:47:53.661,11.89875,11.90171,0.00,0.00
2015.04.23 10:47:53.812,11.89869,11.90171,0.00,0.00
2015.04.23 10:47:54.204,11.89919,11.90179,0.00,0.00
2015.04.23 10:47:54.305,11.89919,11.90189,0.00,0.00
2015.04.23 10:47:54.692,11.89919,11.90204,0.00,0.00
2015.04.23 10:47:58.033,11.89874,11.90172,0.00,0.00
2015.04.23 10:47:58.134,11.89868,11.9017,0.00,0.00
2015.04.23 10:47:58.235,11.89868,11.90124,0.00,0.00
2015.04.23 10:47:58.285,11.89841,11.90122,0.00,0.00
2015.04.23 10:47:58.336,11.89818,11.90122,0.00,0.00
2015.04.23 10:48:03.555,11.89818,11.901,0.00,0.00
2015.04.23 10:48:03.656,11.89818,11.90122,0.00,0.00
2015.04.23 10:48:04.426,11.8978,11.90072,0.00,0.00
2015.04.23 10:48:04.527,11.89768,11.90064,0.00,0.00
2015.04.23 10:48:04.627,11.89768,11.90072,0.00,0.00
2015.04.23 10:48:04.678,11.89818,11.90089,0.00,0.00
2015.04.23 10:48:05.313,11.89819,11.90089,0.00,0.00
2015.04.23 10:48:05.368,11.89819,11.90103,0.00,0.00
2015.04.23 10:48:06.322,11.89769,11.90071,0.00,0.00
2015.04.23 10:48:07.432,11.89819,11.90105,0.00,0.00
2015.04.23 10:48:15.001,11.89819,11.90089,0.00,0.00
2015.04.23 10:48:15.052,11.89769,11.9005,0.00,0.00
2015.04.23 10:48:28.970,11.89769,11.90061,0.00,0.00
2015.04.23 10:48:29.654,11.89769,11.90049,0.00,0.00
2015.04.23 10:48:35.309,11.89769,11.89989,0.00,0.00
2015.04.23 10:48:35.360,11.89721,11.89972,0.00,0.00
2015.04.23 10:48:35.460,11.89668,11.89972,0.00,0.00
2015.04.23 10:48:35.511,11.89668,11.89949,0.00,0.00
2015.04.23 10:48:37.581,11.8967,11.89972,0.00,0.00
2015.04.23 10:48:39.585,11.89668,11.89972,0.00,0.00
2015.04.23 10:48:40.904,11.8967,11.89972,0.00,0.00
2015.04.23 10:48:42.177,11.89668,11.89961,0.00,0.00
2015.04.23 10:48:42.484,11.8957,11.89872,0.00,0.00
2015.04.23 10:48:42.635,11.89579,11.89881,0.00,0.00
2015.04.23 10:48:42.802,11.89638,11.89942,0.00,0.00
2015.04.23 10:48:42.852,11.89689,11.89942,0.00,0.00
2015.04.23 10:48:42.903,11.89689,11.89951,0.00,0.00
2015.04.23 10:48:43.501,11.89688,11.89951,0.00,0.00
2015.04.23 10:48:43.602,11.89638,11.89952,0.00,0.00
2015.04.23 10:48:43.703,11.89688,11.89952,0.00,0.00
2015.04.23 10:48:44.275,11.89638,11.89949,0.00,0.00
2015.04.23 10:48:44.342,11.89638,11.89942,0.00,0.00
2015.04.23 10:48:44.655,11.89638,11.89902,0.00,0.00
2015.04.23 10:48:46.353,11.89638,11.89871,0.00,0.00
2015.04.23 10:48:46.403,11.89588,11.89871,0.00,0.00
2015.04.23 10:48:46.454,11.89588,11.89869,0.00,0.00
2015.04.23 10:48:46.966,11.89538,11.89802,0.00,0.00
2015.04.23 10:48:47.732,11.89538,11.89812,0.00,0.00
2015.04.23 10:48:58.246,11.89588,11.89839,0.00,0.00
2015.04.23 10:48:58.296,11.89588,11.89851,0.00,0.00
2015.04.23 10:48:58.347,11.89638,11.89902,0.00,0.00
2015.04.23 10:49:05.227,11.89638,11.89887,0.00,0.00
2015.04.23 10:49:05.843,11.89638,11.89902,0.00,0.00
2015.04.23 10:49:15.607,11.89578,11.89892,0.00,0.00
2015.04.23 10:49:22.254,11.89578,11.8989,0.00,0.00
2015.04.23 10:49:23.800,11.89578,11.89892,0.00,0.00
2015.04.23 10:49:32.770,11.89578,11.89889,0.00,0.00
2015.04.23 10:49:36.511,11.89578,11.89892,0.00,0.00
2015.04.23 10:49:54.708,11.89578,11.89883,0.00,0.00
2015.04.23 10:49:56.559,11.89578,11.89892,0.00,0.00
2015.04.23 10:50:07.338,11.89629,11.89929,0.00,0.00
2015.04.23 10:50:07.388,11.89629,11.89941,0.00,0.00
2015.04.23 10:50:07.439,11.89612,11.89891,0.00,0.00
2015.04.23 10:50:07.843,11.89628,11.89942,0.00,0.00
2015.04.23 10:50:08.410,11.89678,11.89952,0.00,0.00
2015.04.23 10:50:08.627,11.89658,11.89942,0.00,0.00
2015.04.23 10:50:08.727,11.89658,11.89892,0.00,0.00
2015.04.23 10:50:08.778,11.89652,11.89892,0.00,0.00
2015.04.23 10:50:09.203,11.89652,11.89941,0.00,0.00
2015.04.23 10:50:09.405,11.89628,11.89942,0.00,0.00
2015.04.23 10:50:11.913,11.89623,11.89892,0.00,0.00
2015.04.23 10:50:11.963,11.89578,11.89892,0.00,0.00
2015.04.23 10:50:12.014,11.89578,11.89871,0.00,0.00
2015.04.23 10:50:12.364,11.89551,11.89842,0.00,0.00
2015.04.23 10:50:12.837,11.89528,11.89842,0.00,0.00
2015.04.23 10:50:34.098,11.89528,11.89838,0.00,0.00
2015.04.23 10:50:34.448,11.89528,11.89825,0.00,0.00
2015.04.23 10:50:34.499,11.89481,11.89791,0.00,0.00
2015.04.23 10:50:35.393,11.89528,11.89809,0.00,0.00
2015.04.23 10:50:35.446,11.89528,11.89832,0.00,0.00
2015.04.23 10:50:35.829,11.89528,11.89803,0.00,0.00
2015.04.23 10:50:35.929,11.89528,11.89822,0.00,0.00
2015.04.23 10:50:35.980,11.8953,11.89822,0.00,0.00
2015.04.23 10:50:36.302,11.89629,11.89867,0.00,0.00
2015.04.23 10:50:38.338,11.89629,11.89852,0.00,0.00
2015.04.23 10:50:38.608,11.89629,11.89883,0.00,0.00
2015.04.23 10:50:38.719,11.89629,11.89844,0.00,0.00
2015.04.23 10:50:38.913,11.89629,11.8986,0.00,0.00
2015.04.23 10:50:45.428,11.89629,11.89837,0.00,0.00
2015.04.23 10:50:45.529,11.89629,11.89879,0.00,0.00
2015.04.23 10:50:49.078,11.89629,11.89858,0.00,0.00
2015.04.23 10:50:53.252,11.89629,11.89847,0.00,0.00
2015.04.23 10:50:53.489,11.89629,11.8986,0.00,0.00
2015.04.23 10:50:55.390,11.89629,11.8984,0.00,0.00
2015.04.23 10:50:55.491,11.89578,11.89826,0.00,0.00
2015.04.23 10:50:56.459,11.89578,11.89856,0.00,0.00
2015.04.23 10:50:56.886,11.89578,11.89841,0.00,0.00
2015.04.23 10:50:57.935,11.89578,11.89825,0.00,0.00
2015.04.23 10:50:57.986,11.89578,11.89841,0.00,0.00
2015.04.23 10:51:01.366,11.89578,11.89859,0.00,0.00
2015.04.23 10:51:01.417,11.89628,11.89859,0.00,0.00
2015.04.23 10:51:01.467,11.89628,11.89887,0.00,0.00
2015.04.23 10:51:01.867,11.89628,11.89847,0.00,0.00
2015.04.23 10:51:02.414,11.89628,11.89878,0.00,0.00
2015.04.23 10:51:02.468,11.89628,11.8989,0.00,0.00
2015.04.23 10:51:02.768,11.89628,11.89875,0.00,0.00
2015.04.23 10:51:02.869,11.89628,11.89891,0.00,0.00
2015.04.23 10:51:02.969,11.89628,11.89861,0.00,0.00
2015.04.23 10:51:03.084,11.89628,11.89891,0.00,0.00
2015.04.23 10:51:03.781,11.89628,11.89867,0.00,0.00
2015.04.23 10:51:03.882,11.89628,11.89894,0.00,0.00
2015.04.23 10:51:05.099,11.89628,11.89877,0.00,0.00
2015.04.23 10:51:07.002,11.89628,11.89867,0.00,0.00
2015.04.23 10:51:08.309,11.89628,11.89877,0.00,0.00
2015.04.23 10:51:08.560,11.89618,11.89877,0.00,0.00
2015.04.23 10:51:08.784,11.89618,11.89867,0.00,0.00
2015.04.23 10:51:09.122,11.89618,11.89877,0.00,0.00
2015.04.23 10:51:10.487,11.89618,11.89866,0.00,0.00
2015.04.23 10:51:12.325,11.89618,11.89892,0.00,0.00
2015.04.23 10:51:12.692,11.89618,11.89876,0.00,0.00
2015.04.23 10:51:14.897,11.89618,11.8989,0.00,0.00
2015.04.23 10:51:16.948,11.89618,11.89932,0.00,0.00
2015.04.23 10:51:18.148,11.89669,11.8992,0.00,0.00
2015.04.23 10:51:18.249,11.89668,11.89949,0.00,0.00
2015.04.23 10:51:18.360,11.89668,11.89952,0.00,0.00
2015.04.23 10:51:18.718,11.89668,11.89927,0.00,0.00
2015.04.23 10:51:19.052,11.89668,11.89951,0.00,0.00
2015.04.23 10:51:19.454,11.89668,11.89942,0.00,0.00
2015.04.23 10:51:23.224,11.89668,11.89931,0.00,0.00
2015.04.23 10:51:23.770,11.89619,11.89931,0.00,0.00
2015.04.23 10:51:23.821,11.89619,11.89896,0.00,0.00
2015.04.23 10:51:24.150,11.89668,11.89889,0.00,0.00
2015.04.23 10:51:24.770,11.89668,11.89912,0.00,0.00
2015.04.23 10:51:27.154,11.89619,11.89912,0.00,0.00
2015.04.23 10:51:27.629,11.89618,11.89922,0.00,0.00
2015.04.23 10:51:40.705,11.89618,11.89921,0.00,0.00
2015.04.23 10:51:40.756,11.89618,11.89888,0.00,0.00
2015.04.23 10:51:40.806,11.89568,11.89872,0.00,0.00
2015.04.23 10:51:41.157,11.8958,11.89872,0.00,0.00
2015.04.23 10:51:42.162,11.89573,11.89872,0.00,0.00
2015.04.23 10:51:43.502,11.89568,11.89872,0.00,0.00
2015.04.23 10:51:43.870,11.89573,11.89872,0.00,0.00
2015.04.23 10:51:43.971,11.89568,11.89872,0.00,0.00
2015.04.23 10:51:44.607,11.89577,11.89872,0.00,0.00
2015.04.23 10:51:44.877,11.89572,11.89872,0.00,0.00
2015.04.23 10:51:45.218,11.89588,11.89872,0.00,0.00
2015.04.23 10:51:45.438,11.89618,11.89918,0.00,0.00
2015.04.23 10:51:45.489,11.89619,11.89922,0.00,0.00
2015.04.23 10:51:46.050,11.89618,11.89915,0.00,0.00
2015.04.23 10:51:46.101,11.89618,11.89922,0.00,0.00
2015.04.23 10:51:48.970,11.89669,11.89931,0.00,0.00
2015.04.23 10:51:49.021,11.89669,11.89971,0.00,0.00
2015.04.23 10:51:49.072,11.89651,11.89922,0.00,0.00
2015.04.23 10:51:49.186,11.89631,11.89922,0.00,0.00
2015.04.23 10:51:49.949,11.89618,11.89922,0.00,0.00
2015.04.23 10:51:50.369,11.89668,11.89942,0.00,0.00
2015.04.23 10:51:50.419,11.89668,11.89961,0.00,0.00
2015.04.23 10:51:51.325,11.89668,11.89972,0.00,0.00
2015.04.23 10:51:51.825,11.89668,11.89964,0.00,0.00
2015.04.23 10:51:51.895,11.89668,11.89972,0.00,0.00
2015.04.23 10:51:53.810,11.89668,11.89961,0.00,0.00
2015.04.23 10:51:54.109,11.89668,11.89972,0.00,0.00
2015.04.23 10:52:26.783,11.89718,11.89989,0.00,0.00
2015.04.23 10:52:27.103,11.89772,11.90028,0.00,0.00
2015.04.23 10:52:27.154,11.89772,11.90071,0.00,0.00
2015.04.23 10:52:27.482,11.89782,11.90071,0.00,0.00
2015.04.23 10:52:27.583,11.89769,11.90071,0.00,0.00
2015.04.23 10:52:30.794,11.89777,11.90071,0.00,0.00
2015.04.23 10:52:32.167,11.89818,11.90089,0.00,0.00
2015.04.23 10:52:32.218,11.89818,11.90112,0.00,0.00
2015.04.23 10:52:32.319,11.89822,11.90122,0.00,0.00
2015.04.23 10:52:32.726,11.89818,11.90122,0.00,0.00
2015.04.23 10:52:32.792,11.89823,11.90122,0.00,0.00
2015.04.23 10:52:33.594,11.89818,11.90122,0.00,0.00
2015.04.23 10:52:34.107,11.89822,11.90122,0.00,0.00
2015.04.23 10:52:35.070,11.89818,11.90122,0.00,0.00
2015.04.23 10:52:36.908,11.89822,11.90122,0.00,0.00
2015.04.23 10:52:37.500,11.89818,11.90122,0.00,0.00
2015.04.23 10:52:37.901,11.89822,11.90122,0.00,0.00
2015.04.23 10:52:39.603,11.89818,11.90122,0.00,0.00
2015.04.23 10:52:41.506,11.89823,11.90122,0.00,0.00
2015.04.23 10:52:43.827,11.89868,11.90151,0.00,0.00
2015.04.23 10:52:43.928,11.89868,11.90162,0.00,0.00
2015.04.23 10:52:43.979,11.89832,11.90122,0.00,0.00
2015.04.23 10:52:44.510,11.89831,11.90122,0.00,0.00
2015.04.23 10:52:44.837,11.89823,11.90122,0.00,0.00
2015.04.23 10:52:55.701,11.89873,11.90171,0.00,0.00
2015.04.23 10:52:55.934,11.89869,11.90171,0.00,0.00
2015.04.23 10:52:56.041,11.89872,11.90171,0.00,0.00
2015.04.23 10:53:04.617,11.89918,11.90189,0.00,0.00
2015.04.23 10:53:04.668,11.89923,11.90218,0.00,0.00
2015.04.23 10:53:04.773,11.89923,11.90222,0.00,0.00
2015.04.23 10:53:05.163,11.89919,11.90221,0.00,0.00
2015.04.23 10:53:05.275,11.89919,11.90217,0.00,0.00
2015.04.23 10:53:05.628,11.89889,11.90172,0.00,0.00
2015.04.23 10:53:06.777,11.89874,11.90172,0.00,0.00
2015.04.23 10:53:06.982,11.8989,11.90172,0.00,0.00
2015.04.23 10:53:09.891,11.89903,11.90172,0.00,0.00
2015.04.23 10:53:10.894,11.89893,11.90172,0.00,0.00
2015.04.23 10:53:15.215,11.89868,11.90172,0.00,0.00
2015.04.23 10:53:15.369,11.89872,11.90172,0.00,0.00
2015.04.23 10:53:15.696,11.89868,11.90172,0.00,0.00
2015.04.23 10:53:16.576,11.89872,11.90172,0.00,0.00
2015.04.23 10:53:19.582,11.89883,11.90172,0.00,0.00
2015.04.23 10:53:21.085,11.89902,11.90172,0.00,0.00
2015.04.23 10:53:23.489,11.89891,11.90172,0.00,0.00
2015.04.23 10:53:24.937,11.89902,11.90172,0.00,0.00
2015.04.23 10:53:25.189,11.89948,11.90221,0.00,0.00
2015.04.23 10:53:25.292,11.89922,11.90221,0.00,0.00
2015.04.23 10:53:26.550,11.89922,11.90171,0.00,0.00
2015.04.23 10:53:26.601,11.89902,11.90171,0.00,0.00
2015.04.23 10:53:26.996,11.89913,11.90171,0.00,0.00
2015.04.23 10:53:30.577,11.89919,11.90189,0.00,0.00
2015.04.23 10:53:30.628,11.89923,11.90221,0.00,0.00
2015.04.23 10:53:30.729,11.89932,11.90221,0.00,0.00
2015.04.23 10:53:30.829,11.89968,11.90262,0.00,0.00
2015.04.23 10:53:31.166,11.89932,11.90221,0.00,0.00
2015.04.23 10:53:31.758,11.89932,11.90222,0.00,0.00
2015.04.23 10:53:52.027,11.89932,11.90172,0.00,0.00
2015.04.23 10:53:52.077,11.89888,11.90172,0.00,0.00
2015.04.23 10:53:54.846,11.89868,11.90172,0.00,0.00
2015.04.23 10:53:55.046,11.8988,11.90172,0.00,0.00
2015.04.23 10:53:56.851,11.89868,11.90172,0.00,0.00
2015.04.23 10:53:56.952,11.89882,11.90172,0.00,0.00
2015.04.23 10:53:57.182,11.89868,11.90172,0.00,0.00
2015.04.23 10:54:00.078,11.89819,11.90122,0.00,0.00
2015.04.23 10:54:00.483,11.89822,11.90122,0.00,0.00
2015.04.23 10:54:00.584,11.89818,11.90122,0.00,0.00
2015.04.23 10:54:01.762,11.89822,11.90122,0.00,0.00
2015.04.23 10:54:05.178,11.89818,11.90122,0.00,0.00
2015.04.23 10:54:06.120,11.89818,11.90121,0.00,0.00
2015.04.23 10:54:06.708,11.89818,11.90122,0.00,0.00
2015.04.23 10:54:18.689,11.89818,11.90089,0.00,0.00
2015.04.23 10:54:18.790,11.89769,11.90071,0.00,0.00
2015.04.23 10:54:19.319,11.89777,11.90071,0.00,0.00
2015.04.23 10:54:20.522,11.89769,11.90067,0.00,0.00
2015.04.23 10:54:20.697,11.89769,11.90071,0.00,0.00
2015.04.23 10:54:23.231,11.89769,11.90057,0.00,0.00
2015.04.23 10:54:23.446,11.89769,11.90071,0.00,0.00
2015.04.23 10:54:23.502,11.89769,11.90056,0.00,0.00
2015.04.23 10:54:23.733,11.89769,11.90071,0.00,0.00
2015.04.23 10:54:27.243,11.89769,11.90062,0.00,0.00
2015.04.23 10:54:27.809,11.89769,11.90071,0.00,0.00
2015.04.23 10:54:31.649,11.89769,11.9006,0.00,0.00
2015.04.23 10:54:32.157,11.89769,11.90071,0.00,0.00
2015.04.23 10:54:33.479,11.89769,11.90054,0.00,0.00
2015.04.23 10:54:33.630,11.89674,11.89972,0.00,0.00
2015.04.23 10:54:33.967,11.89668,11.89972,0.00,0.00
2015.04.23 10:54:34.513,11.8965,11.89922,0.00,0.00
2015.04.23 10:54:34.564,11.89632,11.89922,0.00,0.00
2015.04.23 10:54:35.396,11.89623,11.89922,0.00,0.00
2015.04.23 10:54:54.860,11.89618,11.89922,0.00,0.00
2015.04.23 10:54:56.565,11.89621,11.89922,0.00,0.00
2015.04.23 10:54:57.870,11.89618,11.89922,0.00,0.00
2015.04.23 10:54:59.047,11.89631,11.89922,0.00,0.00
2015.04.23 10:54:59.212,11.89669,11.89971,0.00,0.00
2015.04.23 10:55:04.095,11.89669,11.89952,0.00,0.00
2015.04.23 10:55:04.327,11.89669,11.89962,0.00,0.00
2015.04.23 10:55:04.680,11.89669,11.89947,0.00,0.00
2015.04.23 10:55:05.481,11.89669,11.89961,0.00,0.00
2015.04.23 10:55:07.507,11.89669,11.89971,0.00,0.00
2015.04.23 10:55:08.611,11.89672,11.89971,0.00,0.00
2015.04.23 10:55:09.289,11.89669,11.89971,0.00,0.00
2015.04.23 10:55:09.390,11.89672,11.89971,0.00,0.00
2015.04.23 10:55:12.326,11.89683,11.89971,0.00,0.00
2015.04.23 10:55:12.711,11.89669,11.89971,0.00,0.00
2015.04.23 10:55:17.002,11.89687,11.89971,0.00,0.00
2015.04.23 10:55:18.408,11.89673,11.89971,0.00,0.00
2015.04.23 10:55:18.813,11.89697,11.89971,0.00,0.00
2015.04.23 10:55:22.222,11.89687,11.89971,0.00,0.00
2015.04.23 10:55:24.319,11.89719,11.90017,0.00,0.00
2015.04.23 10:55:24.370,11.89739,11.90021,0.00,0.00
2015.04.23 10:55:24.577,11.89769,11.90071,0.00,0.00
2015.04.23 10:55:24.627,11.89769,11.90062,0.00,0.00
2015.04.23 10:55:24.928,11.89769,11.90071,0.00,0.00
2015.04.23 10:55:25.328,11.89769,11.90056,0.00,0.00
2015.04.23 10:55:25.629,11.89769,11.90071,0.00,0.00
2015.04.23 10:55:25.913,11.89769,11.89889,0.00,0.00
2015.04.23 10:55:26.014,11.89743,11.89871,0.00,0.00
2015.04.23 10:55:26.065,11.89672,11.89871,0.00,0.00
2015.04.23 10:55:26.165,11.89672,11.89889,0.00,0.00
2015.04.23 10:55:26.674,11.89668,11.89972,0.00,0.00
2015.04.23 10:55:26.831,11.89676,11.89972,0.00,0.00
2015.04.23 10:55:27.031,11.89668,11.89972,0.00,0.00
2015.04.23 10:55:29.236,11.89675,11.89972,0.00,0.00
2015.04.23 10:55:35.445,11.89719,11.90005,0.00,0.00
2015.04.23 10:55:35.496,11.89719,11.90019,0.00,0.00
2015.04.23 10:55:35.597,11.89719,11.90021,0.00,0.00
2015.04.23 10:55:36.148,11.89719,11.90017,0.00,0.00
2015.04.23 10:55:36.486,11.89669,11.89971,0.00,0.00
2015.04.23 10:55:36.949,11.89697,11.89971,0.00,0.00
2015.04.23 10:55:37.403,11.89731,11.89971,0.00,0.00
2015.04.23 10:55:37.453,11.89769,11.90039,0.00,0.00
2015.04.23 10:55:37.504,11.89769,11.90051,0.00,0.00
2015.04.23 10:55:37.659,11.89769,11.90071,0.00,0.00
2015.04.23 10:55:38.493,11.89769,11.90068,0.00,0.00
2015.04.23 10:55:39.054,11.89769,11.90071,0.00,0.00
2015.04.23 10:55:39.105,11.89818,11.90086,0.00,0.00
2015.04.23 10:55:39.155,11.89818,11.90122,0.00,0.00
2015.04.23 10:55:39.488,11.89818,11.9012,0.00,0.00
2015.04.23 10:55:39.589,11.89818,11.90122,0.00,0.00
2015.04.23 10:55:39.857,11.89868,11.90124,0.00,0.00
2015.04.23 10:55:39.993,11.89868,11.90172,0.00,0.00
2015.04.23 10:55:46.687,11.89868,11.90162,0.00,0.00
2015.04.23 10:55:46.874,11.89868,11.90172,0.00,0.00
2015.04.23 10:55:47.017,11.89868,11.90162,0.00,0.00
2015.04.23 10:55:47.477,11.89868,11.90147,0.00,0.00
2015.04.23 10:55:48.572,11.89868,11.90159,0.00,0.00
2015.04.23 10:55:53.385,11.89868,11.90146,0.00,0.00
2015.04.23 10:55:53.686,11.89868,11.90112,0.00,0.00
2015.04.23 10:55:53.949,11.89868,11.90122,0.00,0.00
2015.04.23 10:55:54.727,11.89868,11.90137,0.00,0.00
2015.04.23 10:55:55.995,11.89809,11.90072,0.00,0.00
2015.04.23 10:55:56.127,11.89783,11.90072,0.00,0.00
2015.04.23 10:55:56.192,11.89768,11.90072,0.00,0.00
2015.04.23 10:55:59.127,11.89768,11.90071,0.00,0.00
2015.04.23 10:55:59.178,11.89768,11.89989,0.00,0.00
2015.04.23 10:55:59.228,11.89697,11.89972,0.00,0.00
2015.04.23 10:55:59.295,11.89719,11.89989,0.00,0.00
2015.04.23 10:56:00.145,11.89719,11.90021,0.00,0.00
2015.04.23 10:56:10.647,11.89768,11.9003,0.00,0.00
2015.04.23 10:56:10.748,11.89768,11.9005,0.00,0.00
2015.04.23 10:56:10.848,11.89768,11.90072,0.00,0.00
2015.04.23 10:56:11.425,11.89768,11.90061,0.00,0.00
2015.04.23 10:56:12.156,11.89768,11.90071,0.00,0.00
2015.04.23 10:56:12.640,11.89774,11.90072,0.00,0.00
2015.04.23 10:56:12.957,11.89768,11.90072,0.00,0.00
2015.04.23 10:56:19.283,11.89768,11.90057,0.00,0.00
2015.04.23 10:56:19.438,11.89768,11.9007,0.00,0.00
2015.04.23 10:56:19.538,11.89768,11.90056,0.00,0.00
2015.04.23 10:56:22.666,11.89768,11.90069,0.00,0.00
2015.04.23 10:56:23.172,11.89768,11.90057,0.00,0.00
2015.04.23 10:56:25.981,11.89768,11.90071,0.00,0.00
2015.04.23 10:56:27.190,11.89768,11.90056,0.00,0.00
2015.04.23 10:56:30.298,11.89768,11.90072,0.00,0.00
2015.04.23 10:56:31.209,11.89768,11.90047,0.00,0.00
2015.04.23 10:56:33.965,11.89768,11.90071,0.00,0.00
2015.04.23 10:56:34.365,11.89768,11.90047,0.00,0.00
2015.04.23 10:56:35.167,11.89768,11.90057,0.00,0.00
2015.04.23 10:56:37.875,11.89831,11.90057,0.00,0.00
2015.04.23 10:56:37.976,11.89868,11.90119,0.00,0.00
2015.04.23 10:56:38.077,11.89868,11.9013,0.00,0.00
2015.04.23 10:56:38.491,11.89868,11.90143,0.00,0.00
2015.04.23 10:56:39.810,11.89868,11.90161,0.00,0.00
2015.04.23 10:56:50.512,11.89868,11.90146,0.00,0.00
2015.04.23 10:56:55.829,11.89868,11.90161,0.00,0.00
2015.04.23 10:56:57.179,11.89833,11.90122,0.00,0.00
2015.04.23 10:56:57.529,11.89768,11.90066,0.00,0.00
2015.04.23 10:56:57.755,11.89768,11.90052,0.00,0.00
2015.04.23 10:56:58.115,11.89768,11.90032,0.00,0.00
2015.04.23 10:56:58.619,11.89768,11.90051,0.00,0.00
2015.04.23 10:56:59.835,11.89768,11.90026,0.00,0.00
2015.04.23 10:56:59.935,11.89768,11.90042,0.00,0.00
2015.04.23 10:57:00.932,11.89768,11.90032,0.00,0.00
2015.04.23 10:57:02.063,11.89768,11.90042,0.00,0.00
2015.04.23 10:57:03.324,11.89768,11.90032,0.00,0.00
2015.04.23 10:57:04.161,11.89768,11.90042,0.00,0.00
2015.04.23 10:57:05.169,11.89768,11.90032,0.00,0.00
2015.04.23 10:57:06.149,11.89768,11.89989,0.00,0.00
2015.04.23 10:57:06.200,11.8968,11.89971,0.00,0.00
2015.04.23 10:57:06.251,11.89669,11.89971,0.00,0.00
2015.04.23 10:57:12.898,11.89769,11.89976,0.00,0.00
2015.04.23 10:57:12.999,11.89769,11.90048,0.00,0.00
2015.04.23 10:57:13.099,11.89769,11.90068,0.00,0.00
2015.04.23 10:57:16.889,11.89769,11.90071,0.00,0.00
2015.04.23 10:57:19.942,11.89769,11.90064,0.00,0.00
2015.04.23 10:57:20.629,11.89769,11.90071,0.00,0.00
2015.04.23 10:57:20.730,11.89769,11.9005,0.00,0.00
2015.04.23 10:57:20.896,11.89769,11.90067,0.00,0.00
2015.04.23 10:57:25.644,11.89769,11.90071,0.00,0.00
2015.04.23 10:57:37.441,11.89769,11.90063,0.00,0.00
2015.04.23 10:57:51.578,11.89769,11.90071,0.00,0.00
2015.04.23 10:57:57.589,11.89769,11.90062,0.00,0.00
2015.04.23 10:58:00.898,11.89769,11.90071,0.00,0.00
2015.04.23 10:58:02.504,11.89772,11.90071,0.00,0.00
2015.04.23 10:58:06.105,11.89769,11.90071,0.00,0.00
2015.04.23 10:58:12.987,11.89758,11.90086,0.00,0.00
2015.04.23 10:58:13.087,11.89772,11.90102,0.00,0.00
2015.04.23 10:58:17.144,11.8976,11.90088,0.00,0.00
2015.04.23 10:58:20.250,11.89749,11.90077,0.00,0.00
2015.04.23 10:58:20.611,11.89738,11.90066,0.00,0.00
2015.04.23 10:58:25.158,11.89768,11.90096,0.00,0.00
2015.04.23 10:58:26.159,11.89752,11.9008,0.00,0.00
2015.04.23 10:58:30.592,11.89738,11.90066,0.00,0.00
2015.04.23 10:58:31.867,11.89768,11.90098,0.00,0.00
2015.04.23 10:58:32.297,11.89757,11.90085,0.00,0.00
2015.04.23 10:58:32.608,11.89743,11.90071,0.00,0.00
2015.04.23 10:58:33.300,11.89772,11.901,0.00,0.00
2015.04.23 10:58:36.767,11.89742,11.90066,0.00,0.00
2015.04.23 10:58:37.069,11.89671,11.89961,0.00,0.00
2015.04.23 10:58:37.398,11.89672,11.89972,0.00,0.00
2015.04.23 10:58:37.514,11.89672,11.89962,0.00,0.00
2015.04.23 10:58:37.564,11.89668,11.89962,0.00,0.00
2015.04.23 10:58:37.815,11.89668,11.89972,0.00,0.00
2015.04.23 10:58:40.591,11.89668,11.89962,0.00,0.00
2015.04.23 10:58:42.327,11.89668,11.89972,0.00,0.00
2015.04.23 10:58:47.105,11.89668,11.89961,0.00,0.00
2015.04.23 10:58:48.156,11.89668,11.89972,0.00,0.00
2015.04.23 10:58:52.321,11.89668,11.89961,0.00,0.00
2015.04.23 10:58:55.028,11.89668,11.89972,0.00,0.00
2015.04.23 10:58:57.834,11.89668,11.89962,0.00,0.00
2015.04.23 10:58:58.937,11.89668,11.89972,0.00,0.00
2015.04.23 10:59:00.040,11.89668,11.8997,0.00,0.00
2015.04.23 10:59:00.251,11.89668,11.89972,0.00,0.00
2015.04.23 10:59:00.351,11.89671,11.89972,0.00,0.00
2015.04.23 10:59:00.552,11.89668,11.89972,0.00,0.00
2015.04.23 10:59:00.852,11.89673,11.89972,0.00,0.00
2015.04.23 10:59:04.349,11.89668,11.89972,0.00,0.00
2015.04.23 10:59:09.764,11.89668,11.89961,0.00,0.00
2015.04.23 10:59:17.084,11.89668,11.89972,0.00,0.00
2015.04.23 10:59:19.500,11.89672,11.89972,0.00,0.00
2015.04.23 10:59:27.075,11.89668,11.89972,0.00,0.00
2015.04.23 10:59:28.139,11.89668,11.89967,0.00,0.00
2015.04.23 10:59:33.551,11.89668,11.89972,0.00,0.00
2015.04.23 10:59:35.257,11.89668,11.89964,0.00,0.00
2015.04.23 10:59:35.358,11.89668,11.89972,0.00,0.00
2015.04.23 10:59:37.236,11.89651,11.89981,0.00,0.00
2015.04.23 10:59:38.667,11.8964,11.89968,0.00,0.00
2015.04.23 10:59:41.378,11.89656,11.89986,0.00,0.00
2015.04.23 10:59:45.892,11.89644,11.89972,0.00,0.00
2015.04.23 10:59:47.498,11.89662,11.8999,0.00,0.00
2015.04.23 10:59:47.874,11.89642,11.8997,0.00,0.00
2015.04.23 10:59:48.405,11.89668,11.89998,0.00,0.00
2015.04.23 10:59:50.007,11.89658,11.89988,0.00,0.00
2015.04.23 10:59:50.376,11.89632,11.89962,0.00,0.00
2015.04.23 10:59:51.614,11.89655,11.89985,0.00,0.00
2015.04.23 10:59:52.216,11.89632,11.89962,0.00,0.00
2015.04.23 10:59:54.089,11.89719,11.89962,0.00,0.00
2015.04.23 10:59:54.140,11.89719,11.89985,0.00,0.00
2015.04.23 10:59:54.292,11.89668,11.89967,0.00,0.00
2015.04.23 10:59:54.709,11.89668,11.89972,0.00,0.00
2015.04.23 10:59:55.226,11.89668,11.89966,0.00,0.00
2015.04.23 10:59:57.034,11.89668,11.89972,0.00,0.00
2015.04.23 10:59:57.134,11.89668,11.89962,0.00,0.00
2015.04.23 10:59:57.499,11.8983,11.89979,0.00,0.00
2015.04.23 10:59:57.599,11.89821,11.90028,0.00,0.00
2015.04.23 10:59:57.714,11.89818,11.90029,0.00,0.00
2015.04.23 10:59:58.037,11.89869,11.90112,0.00,0.00
2015.04.23 10:59:58.147,11.89869,11.90161,0.00,0.00
2015.04.23 10:59:58.449,11.89833,11.90121,0.00,0.00
2015.04.23 10:59:58.651,11.89868,11.90162,0.00,0.00
2015.04.23 10:59:58.701,11.89832,11.90121,0.00,0.00
2015.04.23 10:59:59.042,11.89819,11.90112,0.00,0.00
